2017.12.20 19:00:00.161,1.51835,1.51851,3.38,1.31
2017.12.20 19:00:00.676,1.51835,1.51851,1.00,1.31
2017.12.20 19:00:02.075,1.51835,1.51851,1.77,1.31
2017.12.20 19:00:02.597,1.51835,1.51851,1.50,1.31
2017.12.20 19:00:05.318,1.51838,1.51851,1.00,1.25
2017.12.20 19:00:05.669,1.51844,1.51859,1.00,1.12
2017.12.20 19:00:05.824,1.51846,1.51859,1.00,1.00
2017.12.20 19:00:07.672,1.51845,1.51859,2.52,1.00
2017.12.20 19:00:09.152,1.51846,1.51859,1.25,1.00
2017.12.20 19:00:09.684,1.51845,1.51859,1.69,1.00
2017.12.20 19:00:10.210,1.51847,1.51859,1.00,1.00
2017.12.20 19:00:10.678,1.51845,1.51859,1.31,1.00
2017.12.20 19:00:11.496,1.51846,1.51859,1.25,1.00
2017.12.20 19:00:11.998,1.51845,1.51859,1.31,1.00
2017.12.20 19:00:12.050,1.51847,1.51859,1.00,1.00
2017.12.20 19:00:13.313,1.51846,1.51859,2.25,1.00
2017.12.20 19:00:14.049,1.51847,1.51859,1.00,1.00
2017.12.20 19:00:15.727,1.51846,1.51859,1.69,1.00
2017.12.20 19:00:17.026,1.51848,1.51861,1.13,1.12
2017.12.20 19:00:17.543,1.51845,1.51861,3.83,1.00
2017.12.20 19:00:18.992,1.51848,1.51861,1.25,1.12
2017.12.20 19:00:19.499,1.51849,1.51861,1.25,1.12
2017.12.20 19:00:19.708,1.51847,1.51861,1.00,1.25
2017.12.20 19:00:19.761,1.51846,1.51858,1.00,1.00
2017.12.20 19:00:19.814,1.51842,1.51858,1.31,1.12
2017.12.20 19:00:19.866,1.51842,1.51858,1.38,1.44
2017.12.20 19:00:20.357,1.51842,1.51858,2.25,1.25
2017.12.20 19:00:21.798,1.51844,1.51858,1.63,1.25
2017.12.20 19:00:22.056,1.51844,1.51858,1.31,1.25
2017.12.20 19:00:22.686,1.51844,1.51858,1.13,1.25
2017.12.20 19:00:22.738,1.51844,1.51858,1.38,1.25
2017.12.20 19:00:23.261,1.51845,1.51858,1.38,1.25
2017.12.20 19:00:24.131,1.51844,1.51858,1.00,1.25
2017.12.20 19:00:24.684,1.51843,1.51858,1.25,1.25
2017.12.20 19:00:25.380,1.51844,1.51858,1.00,2.06
2017.12.20 19:00:25.534,1.51842,1.51858,1.88,1.31
2017.12.20 19:00:26.156,1.51843,1.51858,1.00,1.50
2017.12.20 19:00:27.196,1.51842,1.51858,2.06,1.31
2017.12.20 19:00:27.797,1.51842,1.51858,2.06,2.25
2017.12.20 19:00:28.351,1.51842,1.51858,1.88,1.31
2017.12.20 19:00:28.919,1.51843,1.51858,1.13,2.25
2017.12.20 19:00:29.644,1.51843,1.51858,1.13,2.25
2017.12.20 19:00:31.382,1.51842,1.51858,2.06,2.25
2017.12.20 19:00:31.923,1.51842,1.51857,1.25,1.44
2017.12.20 19:00:32.259,1.51841,1.51857,1.88,1.19
2017.12.20 19:00:32.670,1.51844,1.5186,1.88,3.00
2017.12.20 19:00:32.722,1.51844,1.5186,1.13,2.06
2017.12.20 19:00:35.656,1.51845,1.5186,1.13,1.12
2017.12.20 19:00:35.760,1.51846,1.5186,1.44,1.12
2017.12.20 19:00:36.530,1.51845,1.5186,3.00,1.00
2017.12.20 19:00:37.191,1.51847,1.51863,1.00,2.63
2017.12.20 19:00:37.794,1.5185,1.51863,1.00,2.44
2017.12.20 19:00:38.313,1.5185,1.51863,1.00,2.25
2017.12.20 19:00:38.862,1.51849,1.51863,1.12,1.25
2017.12.20 19:00:39.532,1.51847,1.51863,1.25,2.63
2017.12.20 19:00:40.228,1.51847,1.51863,1.25,3.38
2017.12.20 19:00:40.773,1.51847,1.51863,1.00,3.38
2017.12.20 19:00:41.487,1.51847,1.51863,1.00,3.38
2017.12.20 19:00:42.304,1.51849,1.51863,1.25,1.62
2017.12.20 19:00:42.665,1.51849,1.51863,1.00,1.12
2017.12.20 19:00:42.822,1.51847,1.51863,1.13,1.50
2017.12.20 19:00:43.074,1.51849,1.51864,1.13,1.31
2017.12.20 19:00:43.384,1.51849,1.51864,1.38,1.12
2017.12.20 19:00:43.435,1.51849,1.51864,1.25,1.12
2017.12.20 19:00:43.956,1.51849,1.51865,1.88,2.06
2017.12.20 19:00:44.570,1.51849,1.51865,1.88,1.37
2017.12.20 19:00:45.045,1.51852,1.51867,1.25,1.37
2017.12.20 19:00:45.204,1.51852,1.51868,1.44,1.50
2017.12.20 19:00:45.712,1.51852,1.51866,2.06,1.00
2017.12.20 19:00:45.764,1.51852,1.51868,1.31,1.31
2017.12.20 19:00:49.362,1.51852,1.51868,2.63,1.25
2017.12.20 19:00:49.756,1.51855,1.5187,1.00,1.88
2017.12.20 19:00:50.268,1.51855,1.5187,1.00,1.69
2017.12.20 19:00:50.813,1.51855,1.51869,1.00,1.44
2017.12.20 19:00:52.388,1.51855,1.51869,1.00,1.31
2017.12.20 19:00:53.108,1.51855,1.51871,1.00,3.56
2017.12.20 19:00:53.780,1.51855,1.5187,1.13,1.31
2017.12.20 19:00:56.393,1.51855,1.5187,1.25,1.12
2017.12.20 19:00:56.963,1.51855,1.51869,1.00,1.25
2017.12.20 19:00:57.481,1.51855,1.51871,1.00,3.00
2017.12.20 19:00:58.166,1.51855,1.5187,1.00,3.38
2017.12.20 19:00:58.269,1.51853,1.51868,1.00,1.87
2017.12.20 19:00:58.374,1.51855,1.51869,1.00,1.00
2017.12.20 19:00:58.693,1.51852,1.51867,1.00,1.56
2017.12.20 19:00:58.746,1.51852,1.51866,1.00,1.63
2017.12.20 19:00:58.903,1.5185,1.51864,1.13,1.13
2017.12.20 19:00:59.893,1.5185,1.51864,1.44,1.25
2017.12.20 19:01:00.254,1.51854,1.51869,1.00,1.31
2017.12.20 19:01:00.717,1.51856,1.51872,1.00,3.38
2017.12.20 19:01:01.307,1.51855,1.51872,1.87,3.19
2017.12.20 19:01:02.220,1.51856,1.51872,1.00,1.44
2017.12.20 19:01:02.325,1.51856,1.51873,1.50,2.25
2017.12.20 19:01:02.377,1.51856,1.51872,1.87,1.38
2017.12.20 19:01:02.719,1.51857,1.51873,1.25,2.44
2017.12.20 19:01:03.371,1.51858,1.51873,1.00,1.69
2017.12.20 19:01:03.687,1.51854,1.51867,1.25,2.06
2017.12.20 19:01:04.202,1.51851,1.51866,1.19,1.31
2017.12.20 19:01:04.586,1.5185,1.51866,1.00,2.44
2017.12.20 19:01:05.619,1.5185,1.51864,1.00,1.69
2017.12.20 19:01:06.602,1.5185,1.51865,1.00,1.31
2017.12.20 19:01:07.290,1.51851,1.51865,1.00,1.12
2017.12.20 19:01:07.814,1.5185,1.51866,1.69,2.06
2017.12.20 19:01:08.631,1.5185,1.51866,1.69,1.69
2017.12.20 19:01:09.354,1.5185,1.51866,1.25,1.50
2017.12.20 19:01:09.613,1.5185,1.51866,1.00,1.50
2017.12.20 19:01:09.666,1.5185,1.51866,1.00,1.50
2017.12.20 19:01:09.820,1.5185,1.51864,1.00,3.75
2017.12.20 19:01:10.128,1.51845,1.51862,1.25,1.31
2017.12.20 19:01:10.720,1.51845,1.51862,1.44,2.06
2017.12.20 19:01:10.775,1.51846,1.51863,1.69,1.50
2017.12.20 19:01:11.218,1.51849,1.51863,1.00,1.50
2017.12.20 19:01:11.732,1.51849,1.51865,1.19,1.81
2017.12.20 19:01:12.609,1.5185,1.51865,1.25,1.00
2017.12.20 19:01:13.179,1.5185,1.51866,1.50,1.31
2017.12.20 19:01:13.934,1.5185,1.51866,2.81,1.62
2017.12.20 19:01:14.139,1.51852,1.51866,1.00,1.37
2017.12.20 19:01:14.657,1.51852,1.51866,1.00,1.31
2017.12.20 19:01:16.786,1.5185,1.51866,2.06,1.00
2017.12.20 19:01:17.360,1.5185,1.51867,1.13,1.87
2017.12.20 19:01:17.760,1.5185,1.51867,1.44,1.69
2017.12.20 19:01:18.074,1.51861,1.51878,3.56,1.44
2017.12.20 19:01:18.332,1.51861,1.51875,1.19,1.00
2017.12.20 19:01:18.487,1.51857,1.51873,2.06,1.38
2017.12.20 19:01:18.745,1.51854,1.51871,1.88,1.38
2017.12.20 19:01:19.311,1.51854,1.51871,1.50,1.88
2017.12.20 19:01:20.645,1.51854,1.51871,1.56,1.88
2017.12.20 19:01:21.144,1.51854,1.5187,1.25,1.50
2017.12.20 19:01:21.577,1.51854,1.51869,1.00,1.38
2017.12.20 19:01:22.100,1.51853,1.51869,1.00,3.38
2017.12.20 19:01:22.204,1.5185,1.51866,1.00,1.88
2017.12.20 19:01:23.205,1.5185,1.51866,1.63,1.69
2017.12.20 19:01:23.308,1.5185,1.51866,1.38,1.31
2017.12.20 19:01:24.983,1.51852,1.51867,1.00,1.31
2017.12.20 19:01:26.636,1.51852,1.51866,1.00,1.38
2017.12.20 19:01:26.739,1.51852,1.51866,1.00,1.25
2017.12.20 19:01:27.235,1.51852,1.51866,1.00,3.00
2017.12.20 19:01:27.750,1.51852,1.51866,1.00,3.00
2017.12.20 19:01:27.907,1.51852,1.51867,1.69,1.31
2017.12.20 19:01:28.443,1.51852,1.51868,1.69,3.00
2017.12.20 19:01:29.429,1.51852,1.51868,1.00,2.25
2017.12.20 19:01:30.699,1.51852,1.51868,1.00,3.00
2017.12.20 19:01:31.139,1.51852,1.51868,1.13,2.06
2017.12.20 19:01:31.743,1.51852,1.51868,1.44,2.44
2017.12.20 19:01:32.282,1.51852,1.51868,1.00,1.31
2017.12.20 19:01:32.853,1.51852,1.51868,1.00,1.50
2017.12.20 19:01:32.905,1.51852,1.51868,1.00,3.94
2017.12.20 19:01:33.312,1.51852,1.51868,1.00,3.38
2017.12.20 19:01:33.680,1.51851,1.51869,2.44,1.87
2017.12.20 19:01:33.886,1.51855,1.5187,1.00,1.50
2017.12.20 19:01:34.964,1.51855,1.5187,1.31,1.31
2017.12.20 19:01:35.601,1.51857,1.5187,1.00,1.12
2017.12.20 19:01:37.047,1.51856,1.5187,1.00,1.00
2017.12.20 19:01:37.637,1.51856,1.5187,1.44,1.00
2017.12.20 19:01:38.188,1.51854,1.5187,2.44,1.00
2017.12.20 19:01:38.694,1.51854,1.5187,1.88,1.00
2017.12.20 19:01:39.318,1.51855,1.5187,1.50,1.00
2017.12.20 19:01:39.514,1.51857,1.51873,1.00,1.69
2017.12.20 19:01:40.048,1.51857,1.51873,1.00,2.06
2017.12.20 19:01:41.170,1.51857,1.51873,1.38,2.25
2017.12.20 19:01:41.672,1.51857,1.51873,1.63,1.69
2017.12.20 19:01:42.202,1.51857,1.51873,1.13,1.50
2017.12.20 19:01:42.913,1.51857,1.51873,1.44,1.25
2017.12.20 19:01:43.335,1.51857,1.51873,1.25,1.88
2017.12.20 19:01:43.643,1.51857,1.51873,1.00,1.00
2017.12.20 19:01:44.068,1.51857,1.51872,1.00,1.69
2017.12.20 19:01:44.582,1.51857,1.51872,1.00,1.00
2017.12.20 19:01:45.636,1.51857,1.51872,1.00,1.69
2017.12.20 19:01:46.791,1.51857,1.5187,1.00,1.88
2017.12.20 19:01:47.473,1.51857,1.51872,1.00,2.06
2017.12.20 19:01:47.524,1.51857,1.51872,1.00,2.06
2017.12.20 19:01:48.322,1.51857,1.51872,1.00,1.69
2017.12.20 19:01:48.835,1.51857,1.51872,1.13,1.62
2017.12.20 19:01:49.503,1.51857,1.51872,1.00,1.12
2017.12.20 19:01:50.117,1.51857,1.51872,1.25,1.31
2017.12.20 19:01:50.630,1.51857,1.51873,1.13,3.38
2017.12.20 19:01:51.127,1.51854,1.5187,2.44,1.25
2017.12.20 19:01:51.452,1.51849,1.51865,1.25,1.69
2017.12.20 19:01:51.814,1.5185,1.51865,1.63,1.00
2017.12.20 19:01:51.866,1.51849,1.51865,2.81,1.00
2017.12.20 19:01:52.623,1.5185,1.51865,1.63,1.00
2017.12.20 19:01:52.829,1.51852,1.51867,1.31,1.00
2017.12.20 19:01:53.717,1.51854,1.5187,2.63,1.81
2017.12.20 19:01:54.027,1.51852,1.51868,1.31,1.88
2017.12.20 19:01:54.549,1.51852,1.51868,1.31,1.25
2017.12.20 19:01:55.833,1.51852,1.51868,1.69,1.38
2017.12.20 19:01:55.989,1.51852,1.51868,1.69,1.13
2017.12.20 19:01:56.194,1.51852,1.51868,1.50,1.44
2017.12.20 19:01:56.305,1.51852,1.51868,1.31,1.25
2017.12.20 19:01:57.018,1.51852,1.51868,1.13,1.25
2017.12.20 19:01:57.727,1.51852,1.51868,2.06,1.19
2017.12.20 19:01:58.712,1.51852,1.51868,2.06,1.25
2017.12.20 19:01:58.764,1.51852,1.51868,3.00,1.25
2017.12.20 19:01:58.971,1.51849,1.51865,2.44,1.25
2017.12.20 19:01:59.023,1.51849,1.51865,1.19,2.19
2017.12.20 19:01:59.537,1.51848,1.51863,1.19,1.19
2017.12.20 19:01:59.961,1.51842,1.51857,2.25,1.25
2017.12.20 19:02:00.013,1.51847,1.51862,1.19,1.12
2017.12.20 19:02:01.857,1.51848,1.51862,1.25,1.19
2017.12.20 19:02:02.401,1.51848,1.51862,1.25,1.00
2017.12.20 19:02:06.930,1.51848,1.51865,2.81,1.62
2017.12.20 19:02:07.810,1.51848,1.51865,2.06,1.69
2017.12.20 19:02:09.078,1.51848,1.51865,2.81,1.62
2017.12.20 19:02:09.269,1.5185,1.51865,1.00,1.50
2017.12.20 19:02:09.321,1.51848,1.51865,2.06,1.62
2017.12.20 19:02:09.372,1.51848,1.51865,2.06,1.37
2017.12.20 19:02:10.194,1.51848,1.51865,2.81,1.00
2017.12.20 19:02:11.302,1.51848,1.51865,2.06,1.37
2017.12.20 19:02:12.519,1.51848,1.51863,1.69,1.00
2017.12.20 19:02:12.571,1.51845,1.51861,2.81,2.63
2017.12.20 19:02:12.623,1.51845,1.51859,1.00,1.25
2017.12.20 19:02:12.727,1.51845,1.51861,1.00,4.12
2017.12.20 19:02:12.833,1.51847,1.51861,1.63,1.12
2017.12.20 19:02:12.885,1.51848,1.51863,1.44,1.00
2017.12.20 19:02:13.100,1.51848,1.51863,1.88,1.19
2017.12.20 19:02:13.247,1.51845,1.51861,1.44,2.25
2017.12.20 19:02:14.264,1.51845,1.51861,1.81,1.50
2017.12.20 19:02:14.827,1.51844,1.51862,2.25,1.19
2017.12.20 19:02:15.240,1.51844,1.5186,1.37,1.38
2017.12.20 19:02:15.781,1.51843,1.51859,1.50,1.50
2017.12.20 19:02:18.198,1.51844,1.51858,1.44,1.00
2017.12.20 19:02:18.720,1.51844,1.51859,1.19,2.62
2017.12.20 19:02:19.270,1.51844,1.51858,1.19,1.25
2017.12.20 19:02:19.896,1.51844,1.51859,1.19,1.69
2017.12.20 19:02:20.431,1.51846,1.51859,1.19,1.00
2017.12.20 19:02:20.949,1.51846,1.51859,1.19,1.00
2017.12.20 19:02:22.806,1.51847,1.51863,1.19,3.19
2017.12.20 19:02:22.911,1.5185,1.51863,1.00,1.50
2017.12.20 19:02:23.449,1.5185,1.51863,1.00,1.31
2017.12.20 19:02:23.756,1.51852,1.51863,1.00,1.31
2017.12.20 19:02:24.004,1.51846,1.51861,1.31,2.25
2017.12.20 19:02:24.057,1.51846,1.51862,1.13,1.12
2017.12.20 19:02:24.263,1.51848,1.51863,1.00,2.25
2017.12.20 19:02:26.444,1.51848,1.51863,1.00,1.31
2017.12.20 19:02:27.092,1.51849,1.51863,1.00,1.31
2017.12.20 19:02:27.442,1.51851,1.51865,1.25,2.25
2017.12.20 19:02:27.747,1.51851,1.51865,1.00,2.06
2017.12.20 19:02:28.136,1.51851,1.51865,1.25,2.44
2017.12.20 19:02:28.763,1.51849,1.51862,1.25,1.25
2017.12.20 19:02:28.816,1.51848,1.51862,1.44,1.44
2017.12.20 19:02:28.868,1.51848,1.51862,1.19,1.25
2017.12.20 19:02:29.391,1.51848,1.51862,1.19,1.19
2017.12.20 19:02:29.932,1.51848,1.51862,1.25,1.25
2017.12.20 19:02:30.184,1.51848,1.51862,1.44,1.25
2017.12.20 19:02:30.236,1.51848,1.51862,1.00,1.44
2017.12.20 19:02:30.759,1.51848,1.51862,1.00,1.25
2017.12.20 19:02:30.813,1.51848,1.51862,1.25,1.38
2017.12.20 19:02:30.866,1.51848,1.51862,1.00,1.25
2017.12.20 19:02:31.071,1.51848,1.51862,1.25,1.38
2017.12.20 19:02:31.641,1.51848,1.51862,1.00,1.44
2017.12.20 19:02:32.284,1.51848,1.51862,1.25,1.38
2017.12.20 19:02:32.757,1.51848,1.51862,1.00,1.69
2017.12.20 19:02:32.811,1.51851,1.51862,1.00,1.00
2017.12.20 19:02:33.174,1.51848,1.51862,1.31,1.38
2017.12.20 19:02:34.037,1.51848,1.51861,1.25,1.88
2017.12.20 19:02:34.475,1.51846,1.51862,1.69,3.56
2017.12.20 19:02:34.528,1.51844,1.51859,1.25,1.87
2017.12.20 19:02:35.058,1.51843,1.51859,2.06,1.50
2017.12.20 19:02:35.896,1.51843,1.5186,1.19,2.25
2017.12.20 19:02:36.475,1.51843,1.51859,1.31,1.44
2017.12.20 19:02:37.009,1.51843,1.5186,1.69,3.38
2017.12.20 19:02:37.574,1.51845,1.5186,1.00,2.63
2017.12.20 19:02:38.119,1.51843,1.51859,1.69,1.50
2017.12.20 19:02:38.640,1.51845,1.5186,1.00,2.44
2017.12.20 19:02:40.655,1.51845,1.51859,1.50,1.00
2017.12.20 19:02:40.962,1.51847,1.5186,1.00,2.00
2017.12.20 19:02:41.117,1.51843,1.51856,3.00,1.44
2017.12.20 19:02:41.750,1.51844,1.51856,1.00,1.00
2017.12.20 19:02:42.291,1.51845,1.51856,1.00,1.12
2017.12.20 19:02:42.345,1.51845,1.5186,1.25,2.63
2017.12.20 19:02:42.909,1.51845,1.51859,1.25,1.44
2017.12.20 19:02:43.463,1.51845,1.51859,1.25,1.38
2017.12.20 19:02:44.012,1.51845,1.51859,1.25,1.44
2017.12.20 19:02:44.519,1.51843,1.51857,1.25,1.50
2017.12.20 19:02:45.112,1.51842,1.51856,1.44,1.13
2017.12.20 19:02:45.643,1.51842,1.51856,1.19,1.50
2017.12.20 19:02:46.148,1.51842,1.51857,1.19,1.69
2017.12.20 19:02:47.639,1.51842,1.51856,1.19,1.69
2017.12.20 19:02:48.210,1.51842,1.51856,1.69,1.31
2017.12.20 19:02:48.843,1.51842,1.51856,1.19,2.25
2017.12.20 19:02:49.803,1.51841,1.51856,1.69,2.06
2017.12.20 19:02:51.292,1.51841,1.51856,2.06,1.50
2017.12.20 19:02:52.242,1.51841,1.51856,1.25,3.00
2017.12.20 19:02:52.397,1.51841,1.51856,1.00,1.31
2017.12.20 19:02:52.793,1.51844,1.51856,1.00,1.31
2017.12.20 19:02:53.206,1.51843,1.51856,1.00,1.50
2017.12.20 19:02:53.413,1.51844,1.51856,1.00,1.25
2017.12.20 19:02:53.917,1.51845,1.51856,1.00,1.00
2017.12.20 19:02:54.938,1.51846,1.51856,1.00,1.00
2017.12.20 19:02:55.579,1.51845,1.51856,1.00,1.00
2017.12.20 19:02:56.726,1.51846,1.51856,1.00,1.00
2017.12.20 19:03:00.134,1.51846,1.51858,1.00,1.31
2017.12.20 19:03:00.237,1.51844,1.51858,1.00,1.31
2017.12.20 19:03:00.777,1.51844,1.51858,1.00,1.50
2017.12.20 19:03:01.390,1.51845,1.51858,1.00,1.50
2017.12.20 19:03:01.903,1.51845,1.51858,1.00,1.69
2017.12.20 19:03:02.451,1.51845,1.51858,1.00,1.50
2017.12.20 19:03:02.702,1.51845,1.51858,1.00,3.38
2017.12.20 19:03:02.754,1.51843,1.51857,1.00,1.56
2017.12.20 19:03:02.859,1.51842,1.51858,1.00,4.69
2017.12.20 19:03:02.911,1.5184,1.51854,1.13,1.44
2017.12.20 19:03:03.198,1.5184,1.51854,1.13,1.25
2017.12.20 19:03:03.866,1.5184,1.51854,1.19,1.00
2017.12.20 19:03:04.124,1.51842,1.51854,1.69,1.00
2017.12.20 19:03:04.321,1.51843,1.51857,1.19,1.31
2017.12.20 19:03:04.856,1.51843,1.51857,1.19,1.69
2017.12.20 19:03:05.164,1.51843,1.51857,1.00,1.44
2017.12.20 19:03:05.714,1.51842,1.51857,1.69,1.63
2017.12.20 19:03:05.962,1.51842,1.51857,1.25,1.13
2017.12.20 19:03:06.067,1.51844,1.51856,1.00,1.38
2017.12.20 19:03:06.119,1.51842,1.51856,1.25,1.44
2017.12.20 19:03:06.646,1.51842,1.51857,1.25,2.06
2017.12.20 19:03:07.604,1.51842,1.51856,1.25,1.44
2017.12.20 19:03:08.182,1.51841,1.51856,2.25,1.44
2017.12.20 19:03:08.695,1.51842,1.51856,1.00,1.50
2017.12.20 19:03:09.206,1.51842,1.51857,1.00,2.44
2017.12.20 19:03:09.750,1.51842,1.51856,1.00,1.38
2017.12.20 19:03:10.195,1.5184,1.51854,1.00,1.38
2017.12.20 19:03:10.298,1.51838,1.51853,1.00,1.50
2017.12.20 19:03:10.819,1.51839,1.51853,1.00,2.44
2017.12.20 19:03:11.489,1.51839,1.51853,1.50,2.25
2017.12.20 19:03:12.003,1.51842,1.51855,1.00,1.37
2017.12.20 19:03:12.057,1.51842,1.51855,1.00,1.31
2017.12.20 19:03:12.615,1.51841,1.51855,1.00,1.50
2017.12.20 19:03:13.155,1.51842,1.51856,1.00,3.19
2017.12.20 19:03:13.877,1.51842,1.51856,1.00,1.50
2017.12.20 19:03:14.401,1.51841,1.51856,1.69,1.50
2017.12.20 19:03:15.102,1.51842,1.51856,1.19,2.25
2017.12.20 19:03:15.363,1.51845,1.51861,2.63,1.62
2017.12.20 19:03:15.889,1.51849,1.51863,1.25,2.63
2017.12.20 19:03:16.204,1.51849,1.51862,1.25,1.38
2017.12.20 19:03:16.358,1.51848,1.51862,2.06,1.44
2017.12.20 19:03:16.469,1.51849,1.51863,1.25,2.63
2017.12.20 19:03:16.572,1.51849,1.51863,1.69,1.88
2017.12.20 19:03:17.353,1.51849,1.51863,1.69,1.69
2017.12.20 19:03:17.894,1.51849,1.51863,1.25,2.44
2017.12.20 19:03:18.421,1.51849,1.51863,1.25,2.44
2017.12.20 19:03:19.056,1.5185,1.51863,1.87,1.25
2017.12.20 19:03:19.110,1.51853,1.51863,1.00,1.38
2017.12.20 19:03:19.213,1.51853,1.51865,1.25,1.50
2017.12.20 19:03:19.421,1.51852,1.51863,1.19,1.38
2017.12.20 19:03:19.525,1.51851,1.51861,1.00,1.00
2017.12.20 19:03:19.628,1.5185,1.51865,1.19,3.94
2017.12.20 19:03:20.646,1.51851,1.51865,1.19,2.44
2017.12.20 19:03:21.363,1.51851,1.51864,1.19,1.00
2017.12.20 19:03:21.913,1.5185,1.51864,1.31,1.44
2017.12.20 19:03:22.377,1.5185,1.51865,1.31,2.06
2017.12.20 19:03:23.083,1.5185,1.51865,1.56,3.56
2017.12.20 19:03:24.180,1.51851,1.51862,1.19,1.00
2017.12.20 19:03:24.234,1.51851,1.51865,1.25,2.25
2017.12.20 19:03:24.338,1.5185,1.51865,1.19,2.63
2017.12.20 19:03:24.391,1.51849,1.51862,1.00,1.44
2017.12.20 19:03:25.140,1.51849,1.51862,1.00,1.25
2017.12.20 19:03:25.500,1.51847,1.51862,1.69,1.31
2017.12.20 19:03:25.552,1.51847,1.51862,1.19,1.25
2017.12.20 19:03:26.548,1.51847,1.51862,1.69,1.31
2017.12.20 19:03:26.776,1.51849,1.51864,1.19,1.69
2017.12.20 19:03:26.829,1.51852,1.51865,1.00,1.50
2017.12.20 19:03:27.161,1.51855,1.51867,1.19,1.13
2017.12.20 19:03:27.626,1.51855,1.51864,1.00,1.00
2017.12.20 19:03:27.678,1.51848,1.51862,1.19,1.12
2017.12.20 19:03:28.952,1.51849,1.51866,1.69,1.87
2017.12.20 19:03:29.862,1.51849,1.51865,2.06,1.88
2017.12.20 19:03:29.914,1.51849,1.51861,1.31,1.00
2017.12.20 19:03:30.456,1.51846,1.51862,2.25,1.12
2017.12.20 19:03:30.991,1.51846,1.51862,1.81,2.25
2017.12.20 19:03:31.401,1.51846,1.51862,1.44,1.88
2017.12.20 19:03:31.453,1.51846,1.51862,1.19,1.25
2017.12.20 19:03:32.684,1.51846,1.51862,1.44,3.38
2017.12.20 19:03:35.045,1.51846,1.51862,1.19,2.06
2017.12.20 19:03:35.593,1.51846,1.51862,1.31,2.25
2017.12.20 19:03:36.105,1.51846,1.51862,1.31,1.69
2017.12.20 19:03:36.656,1.51846,1.51862,1.19,1.88
2017.12.20 19:03:37.163,1.51846,1.51862,1.19,1.69
2017.12.20 19:03:37.838,1.51846,1.51862,1.44,1.88
2017.12.20 19:03:39.778,1.51846,1.51862,1.19,1.31
2017.12.20 19:03:41.113,1.51846,1.51862,1.44,1.62
2017.12.20 19:03:42.418,1.51846,1.51861,1.19,1.88
2017.12.20 19:03:42.523,1.51846,1.51861,1.19,2.44
2017.12.20 19:03:43.839,1.51846,1.5186,1.19,1.13
2017.12.20 19:03:45.501,1.51846,1.51862,1.88,2.25
2017.12.20 19:03:46.297,1.51846,1.51862,1.88,2.25
2017.12.20 19:03:46.401,1.51846,1.51861,1.31,1.69
2017.12.20 19:03:47.023,1.51846,1.51861,1.88,1.12
2017.12.20 19:03:47.540,1.51846,1.51861,1.88,1.37
2017.12.20 19:03:48.704,1.51846,1.51862,3.75,1.25
2017.12.20 19:03:49.369,1.51846,1.51862,2.06,1.44
2017.12.20 19:03:51.365,1.51846,1.51862,1.88,2.25
2017.12.20 19:03:51.521,1.51848,1.51862,1.44,1.87
2017.12.20 19:03:52.012,1.51848,1.51862,1.69,1.00
2017.12.20 19:03:52.525,1.51848,1.51862,1.63,1.00
2017.12.20 19:03:52.680,1.51849,1.51862,1.44,1.00
2017.12.20 19:03:53.217,1.51848,1.51863,1.63,1.12
2017.12.20 19:03:53.742,1.51848,1.51862,2.06,1.00
2017.12.20 19:03:55.153,1.51851,1.51866,1.63,1.50
2017.12.20 19:03:55.410,1.51851,1.51867,2.06,2.81
2017.12.20 19:03:56.307,1.51851,1.51866,1.56,1.25
2017.12.20 19:03:56.822,1.51851,1.51866,1.56,1.25
2017.12.20 19:03:57.340,1.51852,1.51867,1.31,2.62
2017.12.20 19:03:58.052,1.51852,1.51866,1.31,1.00
2017.12.20 19:03:58.643,1.51851,1.51867,1.63,4.13
2017.12.20 19:03:59.738,1.51852,1.51867,1.63,1.50
2017.12.20 19:04:00.282,1.51851,1.51867,3.00,1.12
2017.12.20 19:04:00.451,1.51852,1.51867,1.50,1.31
2017.12.20 19:04:00.504,1.51851,1.51867,2.44,2.25
2017.12.20 19:04:00.555,1.51851,1.51865,1.88,1.00
2017.12.20 19:04:01.196,1.51851,1.51866,2.44,1.12
2017.12.20 19:04:01.761,1.51851,1.51867,1.31,1.00
2017.12.20 19:04:01.864,1.51853,1.5187,1.25,3.19
2017.12.20 19:04:01.916,1.51857,1.51872,1.50,1.12
2017.12.20 19:04:02.524,1.51856,1.51872,1.44,1.69
2017.12.20 19:04:03.053,1.51856,1.51872,1.13,2.06
2017.12.20 19:04:03.573,1.51856,1.51872,1.88,2.44
2017.12.20 19:04:04.756,1.51856,1.51872,1.69,2.81
2017.12.20 19:04:05.412,1.51856,1.51872,1.00,2.63
2017.12.20 19:04:06.090,1.51856,1.51872,1.13,2.81
2017.12.20 19:04:07.091,1.51856,1.51872,1.00,2.81
2017.12.20 19:04:08.402,1.51856,1.51872,1.25,3.56
2017.12.20 19:04:08.904,1.51856,1.51872,1.13,3.56
2017.12.20 19:04:09.431,1.51856,1.51871,1.00,1.00
2017.12.20 19:04:09.983,1.51856,1.51872,1.25,3.00
2017.12.20 19:04:10.293,1.51853,1.51868,1.19,1.50
2017.12.20 19:04:10.344,1.51853,1.51868,1.00,1.50
2017.12.20 19:04:10.894,1.51853,1.51869,1.00,1.75
2017.12.20 19:04:11.867,1.51853,1.51869,1.00,3.56
2017.12.20 19:04:12.396,1.51853,1.51868,1.44,1.31
2017.12.20 19:04:13.371,1.51853,1.51869,1.13,2.63
2017.12.20 19:04:13.898,1.51853,1.51869,1.44,2.06
2017.12.20 19:04:14.438,1.51853,1.51869,1.00,2.19
2017.12.20 19:04:15.017,1.51851,1.51867,1.00,1.31
2017.12.20 19:04:15.223,1.51851,1.51867,1.25,3.19
2017.12.20 19:04:15.772,1.51851,1.51867,1.00,2.63
2017.12.20 19:04:15.977,1.51851,1.51867,1.00,2.63
2017.12.20 19:04:16.290,1.51851,1.51867,1.00,2.63
2017.12.20 19:04:16.461,1.51851,1.51867,1.00,2.63
2017.12.20 19:04:16.692,1.51851,1.51867,1.00,2.63
2017.12.20 19:04:16.744,1.51851,1.51867,1.00,2.44
2017.12.20 19:04:17.245,1.51851,1.51867,1.63,1.69
2017.12.20 19:04:17.797,1.51851,1.51866,1.00,3.38
2017.12.20 19:04:18.882,1.51851,1.51865,1.00,1.00
2017.12.20 19:04:19.293,1.51851,1.51865,1.00,1.50
2017.12.20 19:04:19.409,1.51851,1.51866,1.00,1.88
2017.12.20 19:04:19.919,1.51851,1.51865,1.00,1.50
2017.12.20 19:04:19.971,1.51851,1.51866,1.00,1.88
2017.12.20 19:04:20.202,1.51851,1.51865,1.00,1.50
2017.12.20 19:04:20.642,1.51851,1.51865,1.00,1.00
2017.12.20 19:04:20.745,1.51851,1.51865,1.00,1.50
2017.12.20 19:04:20.801,1.51851,1.51866,1.00,2.63
2017.12.20 19:04:21.189,1.51851,1.51865,1.00,1.50
2017.12.20 19:04:21.344,1.51851,1.51865,1.00,1.00
2017.12.20 19:04:21.489,1.51851,1.51865,1.00,1.50
2017.12.20 19:04:21.939,1.51851,1.51865,1.00,1.12
2017.12.20 19:04:22.486,1.51851,1.51867,1.69,1.63
2017.12.20 19:04:23.265,1.51851,1.51867,1.69,1.69
2017.12.20 19:04:24.016,1.51851,1.51867,1.19,2.44
2017.12.20 19:04:24.814,1.51851,1.51867,1.69,2.44
2017.12.20 19:04:25.156,1.51851,1.51866,1.19,1.00
2017.12.20 19:04:25.765,1.51851,1.51867,2.06,2.44
2017.12.20 19:04:26.464,1.51851,1.51866,1.19,1.00
2017.12.20 19:04:27.421,1.51851,1.51867,1.88,2.44
2017.12.20 19:04:28.251,1.51851,1.51867,1.69,2.44
2017.12.20 19:04:28.801,1.51851,1.51867,1.19,2.25
2017.12.20 19:04:29.320,1.51851,1.51867,1.88,2.25
2017.12.20 19:04:29.870,1.51851,1.51867,1.19,2.25
2017.12.20 19:04:30.437,1.51851,1.51867,1.69,2.25
2017.12.20 19:04:30.954,1.51852,1.51867,1.25,2.25
2017.12.20 19:04:32.037,1.51851,1.51866,1.19,1.00
2017.12.20 19:04:32.665,1.51851,1.51867,1.69,1.50
2017.12.20 19:04:33.175,1.51851,1.51867,1.19,2.44
2017.12.20 19:04:33.740,1.51851,1.51867,1.19,1.94
2017.12.20 19:04:34.409,1.51851,1.51867,1.19,2.00
2017.12.20 19:04:34.963,1.51851,1.51867,1.19,1.69
2017.12.20 19:04:35.478,1.51851,1.51867,1.31,2.00
2017.12.20 19:04:36.010,1.51851,1.51867,1.44,2.25
2017.12.20 19:04:36.775,1.51851,1.51867,1.69,1.00
2017.12.20 19:04:38.019,1.51851,1.51867,2.81,1.25
2017.12.20 19:04:38.525,1.51854,1.51869,1.31,2.44
2017.12.20 19:04:39.030,1.51854,1.51869,1.31,1.69
2017.12.20 19:04:39.591,1.51854,1.51869,1.25,2.44
2017.12.20 19:04:40.092,1.51854,1.51869,1.31,3.19
2017.12.20 19:04:41.569,1.51854,1.51869,1.25,1.50
2017.12.20 19:04:41.875,1.51854,1.51868,1.25,1.69
2017.12.20 19:04:42.416,1.51854,1.51868,1.25,1.00
2017.12.20 19:04:43.411,1.51854,1.51868,1.25,1.50
2017.12.20 19:04:43.566,1.51852,1.51868,1.31,1.12
2017.12.20 19:04:44.220,1.51852,1.51868,2.81,1.50
2017.12.20 19:04:46.610,1.51852,1.51868,1.31,1.13
2017.12.20 19:04:47.149,1.51852,1.51868,2.81,1.38
2017.12.20 19:04:47.728,1.51852,1.51868,2.06,1.25
2017.12.20 19:04:48.247,1.51852,1.51868,1.63,1.38
2017.12.20 19:04:48.806,1.51852,1.51868,1.31,1.31
2017.12.20 19:04:49.372,1.51852,1.51868,1.69,1.44
2017.12.20 19:04:49.679,1.5185,1.51866,1.31,1.50
2017.12.20 19:04:49.731,1.5185,1.51866,1.12,1.12
2017.12.20 19:04:49.783,1.5185,1.51866,2.44,1.50
2017.12.20 19:04:50.295,1.5185,1.51866,2.44,1.31
2017.12.20 19:04:53.224,1.51851,1.51866,2.44,1.00
2017.12.20 19:04:53.732,1.51851,1.51866,1.69,1.13
2017.12.20 19:04:54.413,1.5185,1.51866,2.81,1.00
2017.12.20 19:04:56.446,1.51851,1.51866,1.69,1.44
2017.12.20 19:04:56.971,1.51851,1.51866,1.69,1.44
2017.12.20 19:04:57.279,1.51848,1.51863,1.19,1.69
2017.12.20 19:04:57.883,1.51848,1.51862,1.19,1.50
2017.12.20 19:04:58.442,1.51848,1.51862,1.00,1.50
2017.12.20 19:04:59.175,1.51848,1.51859,1.00,1.00
2017.12.20 19:04:59.686,1.51848,1.5186,1.00,1.00
2017.12.20 19:05:00.391,1.51848,1.51863,1.00,2.81
2017.12.20 19:05:01.029,1.51848,1.5186,1.00,1.31
2017.12.20 19:05:01.368,1.51848,1.51864,1.44,4.69
2017.12.20 19:05:02.318,1.51848,1.51863,1.19,1.25
2017.12.20 19:05:02.612,1.51848,1.51864,1.44,3.56
2017.12.20 19:05:03.129,1.51848,1.51862,1.19,1.50
2017.12.20 19:05:03.477,1.51848,1.51859,1.00,1.38
2017.12.20 19:05:03.847,1.51845,1.5186,1.19,1.38
2017.12.20 19:05:04.960,1.51845,1.5186,1.19,1.38
2017.12.20 19:05:06.046,1.51844,1.5186,1.50,1.25
2017.12.20 19:05:06.098,1.51845,1.51859,1.19,1.44
2017.12.20 19:05:06.610,1.51844,1.51859,2.44,1.00
2017.12.20 19:05:07.346,1.51844,1.5186,1.69,1.25
2017.12.20 19:05:07.847,1.51844,1.51859,2.44,1.00
2017.12.20 19:05:08.708,1.51844,1.5186,1.69,1.00
2017.12.20 19:05:09.283,1.51844,1.51859,2.44,1.00
2017.12.20 19:05:10.364,1.51844,1.5186,1.69,1.12
2017.12.20 19:05:13.164,1.51843,1.51859,1.81,1.63
2017.12.20 19:05:13.669,1.51844,1.51859,1.31,1.00
2017.12.20 19:05:14.170,1.51845,1.51859,1.13,1.00
2017.12.20 19:05:16.026,1.51844,1.51861,2.06,3.00
2017.12.20 19:05:17.498,1.51844,1.51861,2.81,3.00
2017.12.20 19:05:19.341,1.51845,1.51859,1.25,1.88
2017.12.20 19:05:19.393,1.51844,1.51859,1.69,1.00
2017.12.20 19:05:19.943,1.51845,1.5186,1.25,1.50
2017.12.20 19:05:23.381,1.51845,1.51859,1.25,1.50
2017.12.20 19:05:23.971,1.51844,1.51859,1.87,1.31
2017.12.20 19:05:24.525,1.51845,1.51859,1.13,1.50
2017.12.20 19:05:25.028,1.51844,1.51859,1.87,1.12
2017.12.20 19:05:25.449,1.51843,1.51858,2.06,1.44
2017.12.20 19:05:25.502,1.51843,1.51858,1.00,1.88
2017.12.20 19:05:25.554,1.51843,1.51859,1.56,1.50
2017.12.20 19:05:26.098,1.51844,1.5186,2.06,2.06
2017.12.20 19:05:26.654,1.51844,1.51859,1.44,1.00
2017.12.20 19:05:26.758,1.51844,1.5186,2.06,2.06
2017.12.20 19:05:27.118,1.51844,1.5186,2.06,3.00
2017.12.20 19:05:28.157,1.51844,1.51859,1.44,1.38
2017.12.20 19:05:28.708,1.51844,1.51859,1.19,1.13
2017.12.20 19:05:29.295,1.51844,1.51859,1.87,1.37
2017.12.20 19:05:30.175,1.51844,1.51859,1.19,1.50
2017.12.20 19:05:30.770,1.51844,1.51859,2.06,2.44
2017.12.20 19:05:31.181,1.51844,1.51859,1.00,1.63
2017.12.20 19:05:31.694,1.51844,1.51857,1.00,1.38
2017.12.20 19:05:32.087,1.51844,1.51859,1.25,2.25
2017.12.20 19:05:32.595,1.51844,1.51859,1.44,1.00
2017.12.20 19:05:33.109,1.51844,1.5186,1.38,1.69
2017.12.20 19:05:33.469,1.51844,1.51859,1.00,1.00
2017.12.20 19:05:33.572,1.51844,1.51857,1.25,1.25
2017.12.20 19:05:34.154,1.51844,1.51856,1.44,1.00
2017.12.20 19:05:34.683,1.51844,1.51857,1.12,1.00
2017.12.20 19:05:35.346,1.51844,1.51856,1.12,1.00
2017.12.20 19:05:36.051,1.51844,1.51857,1.00,1.00
2017.12.20 19:05:36.946,1.51844,1.51856,1.25,1.00
2017.12.20 19:05:37.202,1.51844,1.51859,1.00,1.25
2017.12.20 19:05:37.749,1.51844,1.5186,1.25,2.44
2017.12.20 19:05:37.953,1.51844,1.5186,1.25,3.00
2017.12.20 19:05:38.835,1.51844,1.5186,1.19,1.13
2017.12.20 19:05:39.386,1.51844,1.5186,1.24,1.25
2017.12.20 19:05:39.927,1.51844,1.5186,1.49,1.25
2017.12.20 19:05:40.853,1.51844,1.5186,1.43,2.44
2017.12.20 19:05:40.906,1.51844,1.51858,1.00,1.38
2017.12.20 19:05:41.215,1.51844,1.5186,1.62,1.44
2017.12.20 19:05:42.060,1.51844,1.5186,1.44,4.13
2017.12.20 19:05:42.113,1.51844,1.5186,1.19,3.38
2017.12.20 19:05:42.652,1.51844,1.5186,1.31,3.56
2017.12.20 19:05:42.806,1.51844,1.5186,1.50,1.25
2017.12.20 19:05:43.165,1.51844,1.5186,1.44,2.63
2017.12.20 19:05:43.670,1.51844,1.5186,1.44,2.63
2017.12.20 19:05:44.011,1.51844,1.51859,1.44,1.19
2017.12.20 19:05:44.063,1.51844,1.5186,1.19,2.44
2017.12.20 19:05:44.580,1.51844,1.51859,2.06,1.25
2017.12.20 19:05:44.739,1.51846,1.51862,1.19,3.94
2017.12.20 19:05:45.535,1.51846,1.51862,1.44,1.69
2017.12.20 19:05:45.587,1.51846,1.5186,1.44,1.00
2017.12.20 19:05:45.793,1.51846,1.51862,1.44,2.44
2017.12.20 19:05:45.950,1.51846,1.5186,1.44,1.25
2017.12.20 19:05:46.689,1.51846,1.51859,1.19,1.00
2017.12.20 19:05:47.343,1.51846,1.5186,1.44,2.06
2017.12.20 19:05:47.858,1.51846,1.5186,1.19,1.44
2017.12.20 19:05:47.963,1.51846,1.51858,1.00,1.00
2017.12.20 19:05:48.470,1.51846,1.51859,1.19,1.25
2017.12.20 19:05:49.391,1.51844,1.51859,1.44,1.88
2017.12.20 19:05:49.494,1.51844,1.51857,1.19,1.00
2017.12.20 19:05:49.648,1.51844,1.51857,1.00,1.00
2017.12.20 19:05:50.883,1.5184,1.51857,1.56,1.50
2017.12.20 19:05:51.038,1.51844,1.51858,1.00,3.75
2017.12.20 19:05:51.347,1.51844,1.5186,1.63,3.00
2017.12.20 19:05:52.130,1.51844,1.5186,2.81,2.06
2017.12.20 19:05:52.657,1.51844,1.5186,2.25,2.06
2017.12.20 19:05:53.303,1.51845,1.5186,1.56,2.44
2017.12.20 19:05:54.266,1.51844,1.5186,2.81,1.25
2017.12.20 19:05:54.424,1.51849,1.51864,1.50,1.12
2017.12.20 19:05:54.528,1.51853,1.51865,1.00,1.00
2017.12.20 19:05:55.097,1.5185,1.51864,1.87,1.25
2017.12.20 19:05:55.463,1.51849,1.51862,1.19,1.81
2017.12.20 19:05:55.516,1.51849,1.51864,1.00,1.50
2017.12.20 19:05:55.568,1.5185,1.51865,2.44,1.12
2017.12.20 19:05:56.083,1.51852,1.51867,1.25,3.00
2017.12.20 19:05:57.654,1.51852,1.51867,1.25,2.25
2017.12.20 19:05:58.925,1.51852,1.51867,1.25,3.00
2017.12.20 19:05:59.437,1.51848,1.51862,1.19,2.63
2017.12.20 19:05:59.490,1.51847,1.5186,1.25,1.31
2017.12.20 19:05:59.542,1.51844,1.51857,1.19,1.00
2017.12.20 19:06:00.281,1.51843,1.51858,1.69,1.12
2017.12.20 19:06:01.531,1.51843,1.51859,1.87,2.62
2017.12.20 19:06:02.532,1.51843,1.51859,1.87,2.62
2017.12.20 19:06:04.134,1.5184,1.51854,2.06,1.50
2017.12.20 19:06:04.187,1.51841,1.51857,1.56,1.00
2017.12.20 19:06:04.700,1.51842,1.51859,1.31,2.06
2017.12.20 19:06:06.498,1.51842,1.51859,2.06,1.87
2017.12.20 19:06:09.577,1.51842,1.51859,1.37,1.69
2017.12.20 19:06:10.088,1.51842,1.51859,1.50,1.12
2017.12.20 19:06:12.234,1.51845,1.5186,1.44,1.00
2017.12.20 19:06:13.962,1.51845,1.51858,1.25,1.50
2017.12.20 19:06:14.014,1.51845,1.5186,1.44,1.00
2017.12.20 19:06:14.573,1.51845,1.5186,1.19,1.00
2017.12.20 19:06:15.111,1.51845,1.5186,1.19,1.37
2017.12.20 19:06:17.179,1.51845,1.51861,1.44,3.75
2017.12.20 19:06:20.071,1.51847,1.51863,1.56,1.50
2017.12.20 19:06:20.125,1.51849,1.51865,1.19,1.87
2017.12.20 19:06:20.179,1.51851,1.51867,1.19,3.00
2017.12.20 19:06:20.335,1.51849,1.51865,1.19,1.31
2017.12.20 19:06:20.591,1.51849,1.51865,1.44,1.12
2017.12.20 19:06:20.908,1.51847,1.51863,1.19,2.63
2017.12.20 19:06:21.462,1.51847,1.51862,1.31,2.06
2017.12.20 19:06:23.437,1.51847,1.51862,1.63,2.06
2017.12.20 19:06:23.943,1.51846,1.51862,1.50,1.50
2017.12.20 19:06:24.748,1.51846,1.51862,1.44,1.75
2017.12.20 19:06:25.277,1.51846,1.51862,1.19,1.81
2017.12.20 19:06:30.833,1.51846,1.51861,1.44,1.37
2017.12.20 19:06:32.034,1.51845,1.5186,1.25,1.31
2017.12.20 19:06:32.953,1.51845,1.5186,1.25,1.38
2017.12.20 19:06:33.543,1.51842,1.51855,1.87,1.00
2017.12.20 19:06:33.595,1.51842,1.51858,1.44,1.38
2017.12.20 19:06:33.647,1.51842,1.51858,1.63,1.00
2017.12.20 19:06:33.955,1.51844,1.51861,1.37,1.13
2017.12.20 19:06:34.412,1.51844,1.51861,1.31,3.19
2017.12.20 19:06:35.048,1.51844,1.5186,1.63,1.88
2017.12.20 19:06:35.645,1.51844,1.5186,1.44,1.25
2017.12.20 19:06:36.673,1.51844,1.5186,1.63,1.88
2017.12.20 19:06:37.189,1.51844,1.5186,1.56,1.25
2017.12.20 19:06:37.726,1.51844,1.51861,1.56,1.00
2017.12.20 19:06:38.470,1.51844,1.51861,1.81,1.69
2017.12.20 19:06:39.622,1.51847,1.51863,1.19,1.87
2017.12.20 19:06:40.140,1.51847,1.51862,1.25,1.13
2017.12.20 19:06:40.452,1.51847,1.51862,1.25,1.63
2017.12.20 19:06:40.987,1.51847,1.51862,1.25,1.44
2017.12.20 19:06:41.822,1.51847,1.51862,1.25,1.13
2017.12.20 19:06:46.821,1.51845,1.51862,1.56,2.06
2017.12.20 19:06:47.156,1.51845,1.51862,1.63,2.06
2017.12.20 19:06:47.713,1.51844,1.51861,3.94,1.19
2017.12.20 19:06:48.545,1.51845,1.51862,1.63,2.81
2017.12.20 19:06:50.121,1.51844,1.51862,3.19,2.00
2017.12.20 19:06:50.700,1.51845,1.51862,1.63,1.94
2017.12.20 19:06:51.206,1.51844,1.51862,2.06,2.44
2017.12.20 19:06:51.746,1.51844,1.51862,2.81,1.94
2017.12.20 19:06:54.547,1.51844,1.51862,1.87,2.00
2017.12.20 19:06:55.061,1.51844,1.51862,2.81,2.44
2017.12.20 19:06:55.596,1.51844,1.51862,2.06,2.44
2017.12.20 19:06:56.409,1.51844,1.51862,2.81,1.94
2017.12.20 19:06:57.770,1.51845,1.51862,1.63,1.94
2017.12.20 19:06:58.295,1.51844,1.51862,2.81,2.44
2017.12.20 19:06:58.797,1.51844,1.51862,2.06,2.44
2017.12.20 19:06:59.642,1.51844,1.51862,2.06,2.44
2017.12.20 19:07:00.189,1.51844,1.51862,1.69,1.62
2017.12.20 19:07:01.219,1.51844,1.51862,2.81,2.25
2017.12.20 19:07:01.766,1.51844,1.51862,2.06,1.81
2017.12.20 19:07:02.281,1.51844,1.51862,2.06,1.81
2017.12.20 19:07:02.920,1.51844,1.51862,2.81,2.44
2017.12.20 19:07:03.919,1.51844,1.51862,2.06,1.50
2017.12.20 19:07:05.078,1.51844,1.51862,2.06,2.00
2017.12.20 19:07:05.377,1.51845,1.51862,1.44,2.00
2017.12.20 19:07:05.898,1.51848,1.51862,1.19,2.44
2017.12.20 19:07:07.959,1.51851,1.51862,1.19,1.12
2017.12.20 19:07:12.505,1.5185,1.51861,1.19,1.13
2017.12.20 19:07:13.063,1.5185,1.5186,1.19,1.87
2017.12.20 19:07:13.769,1.5185,1.51862,1.19,2.81
2017.12.20 19:07:14.329,1.5185,1.51861,1.19,1.00
2017.12.20 19:07:14.863,1.51848,1.51862,1.19,2.06
2017.12.20 19:07:16.999,1.51848,1.51862,1.19,1.69
2017.12.20 19:07:17.977,1.51848,1.51862,1.19,1.69
2017.12.20 19:07:19.165,1.51848,1.51862,1.19,1.69
2017.12.20 19:07:19.320,1.51845,1.51858,1.19,1.00
2017.12.20 19:07:20.538,1.51845,1.51856,1.31,1.00
2017.12.20 19:07:27.452,1.51848,1.51856,1.25,1.00
2017.12.20 19:07:30.926,1.51843,1.51856,1.88,1.00
2017.12.20 19:07:30.979,1.51845,1.51859,1.19,1.00
2017.12.20 19:07:34.398,1.51845,1.5186,1.31,1.12
2017.12.20 19:07:36.067,1.51845,1.5186,1.56,1.31
2017.12.20 19:07:36.591,1.51845,1.5186,1.31,2.25
2017.12.20 19:07:37.719,1.51845,1.51859,1.56,1.50
2017.12.20 19:07:38.299,1.51845,1.5186,1.31,2.63
2017.12.20 19:07:39.528,1.51843,1.51859,1.81,1.12
2017.12.20 19:07:41.473,1.51845,1.5186,1.63,3.00
2017.12.20 19:07:41.986,1.51843,1.51859,2.25,1.00
2017.12.20 19:07:42.091,1.51844,1.5186,1.19,2.25
2017.12.20 19:07:42.195,1.51843,1.51858,2.06,1.25
2017.12.20 19:07:42.549,1.51843,1.51859,1.25,2.06
2017.12.20 19:07:43.298,1.51843,1.51858,1.31,1.00
2017.12.20 19:07:43.681,1.51843,1.51858,1.63,1.00
2017.12.20 19:07:44.062,1.51842,1.51859,4.50,1.12
2017.12.20 19:07:44.800,1.51845,1.51859,1.00,1.87
2017.12.20 19:07:45.474,1.51844,1.51859,1.13,1.12
2017.12.20 19:07:46.015,1.51844,1.51858,1.38,1.00
2017.12.20 19:07:48.837,1.51843,1.51859,1.38,1.12
2017.12.20 19:07:48.889,1.51846,1.51858,1.38,1.00
2017.12.20 19:07:50.125,1.51844,1.51859,2.25,1.12
2017.12.20 19:07:50.747,1.51844,1.51858,2.48,1.00
2017.12.20 19:07:51.813,1.51844,1.51859,2.25,1.87
2017.12.20 19:07:52.275,1.51844,1.51858,1.73,1.00
2017.12.20 19:07:52.384,1.51842,1.51855,1.37,1.25
2017.12.20 19:07:52.440,1.5184,1.51852,1.00,1.00
2017.12.20 19:07:52.493,1.51837,1.51853,1.69,1.31
2017.12.20 19:07:52.545,1.51838,1.51853,2.44,1.00
2017.12.20 19:07:52.988,1.51842,1.51855,1.13,1.00
2017.12.20 19:07:53.828,1.51841,1.51856,1.31,3.00
2017.12.20 19:07:54.757,1.51842,1.51855,1.25,1.00
2017.12.20 19:07:56.808,1.51841,1.51856,1.19,2.62
2017.12.20 19:07:57.361,1.5184,1.51855,1.88,1.00
2017.12.20 19:07:57.938,1.51841,1.51856,1.44,2.62
2017.12.20 19:07:58.750,1.51843,1.51855,1.00,1.00
2017.12.20 19:07:59.255,1.51842,1.51855,1.31,1.00
2017.12.20 19:08:00.088,1.5184,1.51856,1.31,3.00
2017.12.20 19:08:00.140,1.51839,1.51855,1.50,1.19
2017.12.20 19:08:02.052,1.51838,1.51854,4.13,1.19
2017.12.20 19:08:02.367,1.51838,1.51855,2.25,1.50
2017.12.20 19:08:03.030,1.51839,1.51855,1.44,2.44
2017.12.20 19:08:03.677,1.51839,1.51855,2.06,2.44
2017.12.20 19:08:04.307,1.5184,1.51854,1.19,1.00
2017.12.20 19:08:04.893,1.51839,1.51855,1.69,1.69
2017.12.20 19:08:05.726,1.5184,1.51854,1.19,1.00
2017.12.20 19:08:06.389,1.51839,1.51855,1.19,1.12
2017.12.20 19:08:07.186,1.51839,1.51854,1.88,1.00
2017.12.20 19:08:09.292,1.51839,1.51855,1.44,2.44
2017.12.20 19:08:10.939,1.51839,1.51855,1.44,2.63
2017.12.20 19:08:11.667,1.51839,1.51855,1.44,2.44
2017.12.20 19:08:12.558,1.51839,1.51855,1.44,2.44
2017.12.20 19:08:15.371,1.51839,1.51855,1.44,1.69
2017.12.20 19:08:15.776,1.51838,1.51854,2.44,1.50
2017.12.20 19:08:18.399,1.51837,1.51852,1.19,1.12
2017.12.20 19:08:18.868,1.51839,1.51852,1.50,1.12
2017.12.20 19:08:19.402,1.51843,1.51852,1.19,1.12
2017.12.20 19:08:23.920,1.51843,1.51854,1.19,1.00
2017.12.20 19:08:24.434,1.51843,1.51855,1.19,1.12
2017.12.20 19:08:25.015,1.51843,1.51854,1.19,1.00
2017.12.20 19:08:25.726,1.51843,1.51855,1.19,1.12
2017.12.20 19:08:26.236,1.51843,1.51854,1.19,1.00
2017.12.20 19:08:26.947,1.51843,1.51855,1.19,1.00
2017.12.20 19:08:27.412,1.51847,1.51857,1.19,1.00
2017.12.20 19:08:27.516,1.51851,1.51863,1.69,1.00
2017.12.20 19:08:27.568,1.51854,1.51863,1.19,1.00
2017.12.20 19:08:27.621,1.51854,1.51866,1.19,1.31
2017.12.20 19:08:31.199,1.51856,1.51866,1.25,1.00
2017.12.20 19:08:32.705,1.51853,1.51866,1.19,1.00
2017.12.20 19:08:33.900,1.51856,1.51866,1.19,1.00
2017.12.20 19:08:37.656,1.51856,1.51869,1.19,1.00
2017.12.20 19:08:39.144,1.51856,1.51869,1.19,1.44
2017.12.20 19:08:39.659,1.51856,1.51869,1.19,1.00
2017.12.20 19:08:44.362,1.51856,1.5187,1.87,1.00
2017.12.20 19:08:44.866,1.51858,1.5187,1.13,1.00
2017.12.20 19:08:45.512,1.51857,1.51872,3.19,1.19
2017.12.20 19:08:46.058,1.51857,1.51872,2.06,1.00
2017.12.20 19:08:46.594,1.51857,1.51872,3.19,1.13
2017.12.20 19:08:46.855,1.51857,1.51872,2.06,2.06
2017.12.20 19:08:46.908,1.51856,1.51872,1.00,2.06
2017.12.20 19:08:47.012,1.51856,1.51871,1.25,1.00
2017.12.20 19:08:47.064,1.51857,1.51871,1.38,1.00
2017.12.20 19:08:47.167,1.51856,1.51872,1.31,1.50
2017.12.20 19:08:47.701,1.51856,1.51872,2.81,1.63
2017.12.20 19:08:48.214,1.51859,1.51872,1.25,1.00
2017.12.20 19:08:48.403,1.5186,1.51876,2.63,1.25
2017.12.20 19:08:48.456,1.51868,1.51879,1.87,1.00
2017.12.20 19:08:48.674,1.51887,1.51903,1.00,1.56
2017.12.20 19:08:48.779,1.51891,1.51904,1.12,1.19
2017.12.20 19:08:49.128,1.51886,1.51895,1.00,1.37
2017.12.20 19:08:49.183,1.51878,1.51893,1.12,1.24
2017.12.20 19:08:49.287,1.5188,1.51891,1.00,1.00
2017.12.20 19:08:49.804,1.51881,1.51892,1.00,1.00
2017.12.20 19:08:50.319,1.5188,1.51892,1.87,1.00
2017.12.20 19:08:50.869,1.51879,1.51893,1.00,1.24
2017.12.20 19:08:51.180,1.51879,1.51891,1.00,1.00
2017.12.20 19:08:52.106,1.51878,1.51891,1.87,1.00
2017.12.20 19:08:52.703,1.51877,1.51891,1.69,1.68
2017.12.20 19:08:53.087,1.51876,1.51887,1.00,1.18
2017.12.20 19:08:53.539,1.51873,1.51888,1.31,1.68
2017.12.20 19:08:54.062,1.51872,1.51888,2.81,1.24
2017.12.20 19:08:54.113,1.51872,1.51887,3.56,1.69
2017.12.20 19:08:54.378,1.51869,1.51883,1.00,1.00
2017.12.20 19:08:54.430,1.51867,1.51883,1.94,1.50
2017.12.20 19:08:54.483,1.51866,1.51882,1.94,1.00
2017.12.20 19:08:54.911,1.51871,1.51886,1.69,1.25
2017.12.20 19:08:55.015,1.51869,1.51882,1.50,1.25
2017.12.20 19:08:55.274,1.51856,1.5187,1.00,1.00
2017.12.20 19:08:55.378,1.51855,1.5187,1.88,1.00
2017.12.20 19:08:55.533,1.5185,1.51865,1.31,1.00
2017.12.20 19:08:55.588,1.51854,1.51868,1.88,1.50
2017.12.20 19:08:55.900,1.51857,1.51868,2.63,1.00
2017.12.20 19:08:56.363,1.51859,1.5187,2.44,1.00
2017.12.20 19:08:56.416,1.51852,1.51868,1.81,1.50
2017.12.20 19:08:57.137,1.51855,1.51868,1.38,1.50
2017.12.20 19:08:57.469,1.51853,1.51866,1.79,1.00
2017.12.20 19:08:57.522,1.51851,1.51866,1.98,1.50
2017.12.20 19:08:57.574,1.51854,1.51866,1.69,1.00
2017.12.20 19:08:57.677,1.51856,1.51868,1.25,1.50
2017.12.20 19:08:57.729,1.51852,1.51865,1.50,1.19
2017.12.20 19:08:58.038,1.51847,1.51861,1.75,1.00
2017.12.20 19:08:58.386,1.51849,1.51863,1.75,1.50
2017.12.20 19:08:58.902,1.51849,1.51863,1.81,1.50
2017.12.20 19:08:59.426,1.51849,1.51863,1.63,1.00
2017.12.20 19:08:59.529,1.51851,1.51863,1.66,1.00
2017.12.20 19:08:59.838,1.51852,1.51863,1.63,1.00
2017.12.20 19:09:00.394,1.5185,1.51863,1.79,1.00
2017.12.20 19:09:00.601,1.51848,1.51863,1.88,1.50
2017.12.20 19:09:00.961,1.51848,1.51863,2.44,1.50
2017.12.20 19:09:01.283,1.51848,1.51863,1.50,1.50
2017.12.20 19:09:01.621,1.51848,1.51863,2.63,1.00
2017.12.20 19:09:02.032,1.5185,1.51863,1.44,1.00
2017.12.20 19:09:02.085,1.51854,1.51865,1.44,1.00
2017.12.20 19:09:02.291,1.51853,1.51868,2.63,1.50
2017.12.20 19:09:02.548,1.51854,1.51868,1.56,1.50
2017.12.20 19:09:02.703,1.51854,1.51868,1.44,1.50
2017.12.20 19:09:02.756,1.51854,1.51868,1.56,1.50
2017.12.20 19:09:02.808,1.51853,1.51868,2.06,1.50
2017.12.20 19:09:03.042,1.5185,1.51865,1.13,1.00
2017.12.20 19:09:03.564,1.51849,1.51864,2.25,1.00
2017.12.20 19:09:04.107,1.51849,1.51865,2.44,1.50
2017.12.20 19:09:04.160,1.5185,1.51863,1.37,1.50
2017.12.20 19:09:04.213,1.51853,1.51865,1.19,1.00
2017.12.20 19:09:04.763,1.51853,1.51866,2.25,1.50
2017.12.20 19:09:05.443,1.51852,1.51865,2.06,1.00
2017.12.20 19:09:05.987,1.51851,1.51865,1.75,1.00
2017.12.20 19:09:06.691,1.5185,1.51865,2.25,1.00
2017.12.20 19:09:07.337,1.5185,1.51865,2.25,1.00
2017.12.20 19:09:07.842,1.5185,1.51865,2.25,1.00
2017.12.20 19:09:10.387,1.51851,1.51865,1.44,1.00
2017.12.20 19:09:10.441,1.51848,1.51862,4.31,1.00
2017.12.20 19:09:10.943,1.51848,1.51861,1.88,1.00
2017.12.20 19:09:12.277,1.51848,1.51862,2.06,1.50
2017.12.20 19:09:13.940,1.51848,1.51862,2.06,1.50
2017.12.20 19:09:14.146,1.5185,1.51864,1.31,1.00
2017.12.20 19:09:14.198,1.5185,1.51864,1.63,1.00
2017.12.20 19:09:15.425,1.5185,1.51864,1.50,1.00
2017.12.20 19:09:15.994,1.5185,1.51864,1.63,1.00
2017.12.20 19:09:16.774,1.5185,1.51864,1.63,1.00
2017.12.20 19:09:17.116,1.51856,1.51868,1.25,1.00
2017.12.20 19:09:17.619,1.51856,1.51869,1.25,1.00
2017.12.20 19:09:18.407,1.51856,1.51868,1.25,1.00
2017.12.20 19:09:20.658,1.51856,1.5187,2.06,1.00
2017.12.20 19:09:21.231,1.51856,1.5187,1.63,1.00
2017.12.20 19:09:21.839,1.51856,1.5187,2.06,1.00
2017.12.20 19:09:23.029,1.51856,1.5187,2.81,1.00
2017.12.20 19:09:23.491,1.51857,1.51869,1.19,1.00
2017.12.20 19:09:31.249,1.51856,1.51869,2.06,1.00
2017.12.20 19:09:34.252,1.51856,1.51868,1.25,1.00
2017.12.20 19:09:34.766,1.51857,1.51868,1.88,1.00
2017.12.20 19:09:35.289,1.51857,1.51869,1.88,1.00
2017.12.20 19:09:35.791,1.51857,1.51869,1.44,1.00
2017.12.20 19:09:38.993,1.51857,1.51869,1.88,1.00
2017.12.20 19:09:39.146,1.51859,1.51869,1.00,1.00
2017.12.20 19:09:39.886,1.51858,1.51869,1.12,1.00
2017.12.20 19:09:40.634,1.51859,1.51869,1.00,1.00
2017.12.20 19:09:41.828,1.51858,1.51869,1.12,1.00
2017.12.20 19:09:42.478,1.51859,1.51869,1.00,1.00
2017.12.20 19:09:43.177,1.51858,1.51869,3.37,1.00
2017.12.20 19:09:43.687,1.51859,1.51869,1.00,1.00
2017.12.20 19:09:44.360,1.51858,1.5187,1.87,1.00
2017.12.20 19:09:45.473,1.51859,1.5187,1.00,1.00
2017.12.20 19:09:49.294,1.51858,1.5187,2.62,1.00
2017.12.20 19:09:51.052,1.51859,1.5187,1.00,1.00
2017.12.20 19:09:51.823,1.51856,1.5187,2.63,1.00
2017.12.20 19:09:51.875,1.51856,1.51868,1.88,1.00
2017.12.20 19:09:52.082,1.51863,1.51875,1.00,1.00
2017.12.20 19:09:52.239,1.51862,1.51873,1.25,1.00
2017.12.20 19:09:52.781,1.5186,1.51873,2.06,1.00
2017.12.20 19:09:53.295,1.51861,1.51872,1.25,1.00
2017.12.20 19:09:55.695,1.51858,1.51872,5.63,1.00
2017.12.20 19:09:56.579,1.51859,1.51872,1.44,1.00
2017.12.20 19:09:58.328,1.5186,1.51874,1.00,1.50
2017.12.20 19:09:58.840,1.51861,1.51873,1.25,1.00
2017.12.20 19:09:59.385,1.5186,1.51873,1.50,1.00
2017.12.20 19:10:00.019,1.51861,1.51873,1.00,1.00
2017.12.20 19:10:00.690,1.5186,1.51873,1.50,1.00
2017.12.20 19:10:01.358,1.5186,1.51874,1.50,1.50
2017.12.20 19:10:01.886,1.51858,1.51874,4.13,1.50
2017.12.20 19:10:01.993,1.51858,1.51872,4.13,1.00
2017.12.20 19:10:02.508,1.51858,1.51872,5.25,1.00
2017.12.20 19:10:02.836,1.51854,1.51867,1.38,1.00
2017.12.20 19:10:03.382,1.51855,1.51868,2.81,1.00
2017.12.20 19:10:03.741,1.51857,1.51867,1.25,1.00
2017.12.20 19:10:03.946,1.51857,1.51869,1.25,1.00
2017.12.20 19:10:04.827,1.51856,1.51867,1.25,1.00
2017.12.20 19:10:05.369,1.51856,1.51869,1.19,1.00
2017.12.20 19:10:05.421,1.51858,1.5187,2.06,1.00
2017.12.20 19:10:05.628,1.51862,1.51873,1.12,1.00
2017.12.20 19:10:06.335,1.51862,1.51874,1.31,1.00
2017.12.20 19:10:07.120,1.5186,1.51873,1.19,1.00
2017.12.20 19:10:07.223,1.5186,1.51871,1.00,1.00
2017.12.20 19:10:07.736,1.51859,1.51872,1.31,1.00
2017.12.20 19:10:07.989,1.51857,1.51872,1.00,1.00
2017.12.20 19:10:08.042,1.51849,1.51863,4.31,1.00
2017.12.20 19:10:08.402,1.51852,1.51864,1.13,1.00
2017.12.20 19:10:08.711,1.51852,1.51866,1.81,1.00
2017.12.20 19:10:08.877,1.51852,1.51864,1.81,1.00
2017.12.20 19:10:09.528,1.51852,1.51864,1.00,1.00
2017.12.20 19:10:09.951,1.51853,1.51868,2.25,1.50
2017.12.20 19:10:10.004,1.51855,1.51867,1.63,1.00
2017.12.20 19:10:10.548,1.51853,1.51866,2.44,1.00
2017.12.20 19:10:11.064,1.51853,1.51867,2.44,1.00
2017.12.20 19:10:11.616,1.51853,1.51867,2.44,1.00
2017.12.20 19:10:12.161,1.51853,1.51868,2.44,1.50
2017.12.20 19:10:13.158,1.51853,1.51867,1.44,1.00
2017.12.20 19:10:14.172,1.51853,1.51868,2.06,1.50
2017.12.20 19:10:14.479,1.51859,1.51873,1.31,1.00
2017.12.20 19:10:15.379,1.51856,1.51871,2.44,1.00
2017.12.20 19:10:15.668,1.51859,1.51873,1.25,1.25
2017.12.20 19:10:15.931,1.51861,1.51873,1.87,1.00
2017.12.20 19:10:16.444,1.51862,1.51873,1.25,1.00
2017.12.20 19:10:17.961,1.51861,1.51871,1.19,1.00
2017.12.20 19:10:18.013,1.51855,1.51871,2.62,1.38
2017.12.20 19:10:18.117,1.51854,1.5187,3.56,1.50
2017.12.20 19:10:18.221,1.51855,1.51868,1.44,1.00
2017.12.20 19:10:20.312,1.51855,1.51866,1.19,1.00
2017.12.20 19:10:20.856,1.51854,1.51867,2.81,1.00
2017.12.20 19:10:21.637,1.51855,1.51867,1.00,1.25
2017.12.20 19:10:22.144,1.51854,1.51867,1.69,1.00
2017.12.20 19:10:23.244,1.51854,1.51866,1.25,1.00
2017.12.20 19:10:24.698,1.51854,1.51867,1.25,1.00
2017.12.20 19:10:24.956,1.5185,1.51865,1.12,1.44
2017.12.20 19:10:25.009,1.51848,1.51863,1.00,1.00
2017.12.20 19:10:25.112,1.5185,1.51863,1.87,1.00
2017.12.20 19:10:25.163,1.5185,1.51865,1.31,1.50
2017.12.20 19:10:26.045,1.5185,1.51865,1.12,1.00
2017.12.20 19:10:26.584,1.5185,1.51866,1.12,1.69
2017.12.20 19:10:27.112,1.5185,1.51863,1.00,1.00
2017.12.20 19:10:27.169,1.51848,1.51865,2.81,1.25
2017.12.20 19:10:27.682,1.51849,1.51866,1.31,1.25
2017.12.20 19:10:27.803,1.51849,1.51864,1.31,1.00
2017.12.20 19:10:30.401,1.51849,1.51864,1.19,1.44
2017.12.20 19:10:30.934,1.51849,1.51864,3.56,1.00
2017.12.20 19:10:31.979,1.51852,1.51865,1.44,1.00
2017.12.20 19:10:32.031,1.51851,1.51867,1.50,1.50
2017.12.20 19:10:32.755,1.51852,1.51867,4.13,1.44
2017.12.20 19:10:33.347,1.51852,1.51867,2.44,1.25
2017.12.20 19:10:33.451,1.51852,1.51864,2.63,1.00
2017.12.20 19:10:33.503,1.51855,1.51867,1.00,1.00
2017.12.20 19:10:33.660,1.51854,1.5187,3.00,1.25
2017.12.20 19:10:33.712,1.51855,1.5187,1.94,1.00
2017.12.20 19:10:34.229,1.51859,1.51871,1.00,1.00
2017.12.20 19:10:35.671,1.51858,1.51871,1.50,1.00
2017.12.20 19:10:37.462,1.51859,1.51871,1.00,1.13
2017.12.20 19:10:37.815,1.51857,1.51872,3.00,1.31
2017.12.20 19:10:38.028,1.51857,1.51871,1.50,1.38
2017.12.20 19:10:38.571,1.51856,1.51869,1.69,1.25
2017.12.20 19:10:43.708,1.51858,1.51871,1.00,1.44
2017.12.20 19:10:44.242,1.51858,1.5187,1.25,1.00
2017.12.20 19:10:44.782,1.51858,1.51872,1.00,1.19
2017.12.20 19:10:45.515,1.51857,1.51873,1.25,1.87
2017.12.20 19:10:46.076,1.51856,1.51873,2.81,2.06
2017.12.20 19:10:46.580,1.51856,1.51873,2.25,2.06
2017.12.20 19:10:47.285,1.51857,1.51871,1.63,1.25
2017.12.20 19:10:48.112,1.51857,1.51872,1.81,1.56
2017.12.20 19:10:48.662,1.51857,1.51872,1.81,1.63
2017.12.20 19:10:51.035,1.51856,1.51869,1.37,1.12
2017.12.20 19:10:51.087,1.51855,1.51869,2.44,1.25
2017.12.20 19:10:51.609,1.51854,1.51869,1.69,1.63
2017.12.20 19:10:52.174,1.51854,1.51869,1.31,1.31
2017.12.20 19:10:52.531,1.51854,1.51869,1.13,1.12
2017.12.20 19:10:52.732,1.51853,1.51869,2.25,2.06
2017.12.20 19:10:52.868,1.51853,1.51869,2.06,1.87
2017.12.20 19:10:54.517,1.51853,1.51869,2.25,2.06
2017.12.20 19:10:54.621,1.51853,1.51867,1.44,1.44
2017.12.20 19:10:54.882,1.51844,1.51859,1.69,1.69
2017.12.20 19:10:54.985,1.51843,1.51857,2.06,2.25
2017.12.20 19:10:55.248,1.51844,1.5186,3.19,1.12
2017.12.20 19:10:55.300,1.51845,1.51861,3.56,1.25
2017.12.20 19:10:56.021,1.51846,1.51859,1.63,1.50
2017.12.20 19:10:56.572,1.51848,1.51858,1.00,2.62
2017.12.20 19:10:57.194,1.51847,1.51858,1.13,1.87
2017.12.20 19:10:57.784,1.51847,1.51859,1.38,1.50
2017.12.20 19:10:58.093,1.51848,1.51859,1.38,1.50
2017.12.20 19:10:58.197,1.51848,1.51859,1.25,1.00
2017.12.20 19:10:58.250,1.51848,1.51862,1.63,2.25
2017.12.20 19:10:58.507,1.51848,1.51863,1.37,1.00
2017.12.20 19:10:58.559,1.5185,1.51864,1.69,1.00
2017.12.20 19:10:58.662,1.51851,1.51867,2.81,1.50
2017.12.20 19:11:00.067,1.51852,1.51867,1.38,1.50
2017.12.20 19:11:00.325,1.51851,1.51864,1.56,1.25
2017.12.20 19:11:00.634,1.51847,1.51857,1.31,1.00
2017.12.20 19:11:01.173,1.51847,1.51858,2.06,1.00
2017.12.20 19:11:01.650,1.51849,1.5186,1.25,1.00
2017.12.20 19:11:01.702,1.51848,1.51862,3.19,1.00
2017.12.20 19:11:01.754,1.51848,1.51864,2.44,2.25
2017.12.20 19:11:02.269,1.5185,1.51864,1.38,1.50
2017.12.20 19:11:02.426,1.51847,1.51861,2.25,1.25
2017.12.20 19:11:02.766,1.51849,1.51861,1.50,1.00
2017.12.20 19:11:02.871,1.5185,1.51864,1.50,1.50
2017.12.20 19:11:03.414,1.51851,1.51864,2.19,1.50
2017.12.20 19:11:03.833,1.51855,1.51867,1.56,1.00
2017.12.20 19:11:03.940,1.51855,1.5187,1.94,1.00
2017.12.20 19:11:03.998,1.51855,1.51867,1.62,1.87
2017.12.20 19:11:04.518,1.51855,1.51869,1.19,1.00
2017.12.20 19:11:05.469,1.51855,1.51868,1.44,1.50
2017.12.20 19:11:05.981,1.51853,1.51867,1.69,1.00
2017.12.20 19:11:06.342,1.51851,1.51866,2.25,1.25
2017.12.20 19:11:06.860,1.51851,1.51865,1.63,1.00
2017.12.20 19:11:07.436,1.51851,1.51866,1.44,2.62
2017.12.20 19:11:07.987,1.51851,1.51865,1.63,1.00
2017.12.20 19:11:08.460,1.51851,1.51864,1.25,1.00
2017.12.20 19:11:09.704,1.51851,1.51864,1.44,1.50
2017.12.20 19:11:13.086,1.51851,1.51864,1.00,1.50
2017.12.20 19:11:13.312,1.51851,1.51866,1.69,1.87
2017.12.20 19:11:13.903,1.51851,1.51865,1.81,1.00
2017.12.20 19:11:14.410,1.51852,1.51865,1.63,1.50
2017.12.20 19:11:16.648,1.51852,1.51865,1.69,1.50
2017.12.20 19:11:17.237,1.51852,1.51865,1.69,1.00
2017.12.20 19:11:17.783,1.51852,1.51866,1.50,1.12
2017.12.20 19:11:18.287,1.51853,1.51867,1.75,1.00
2017.12.20 19:11:19.896,1.51852,1.51867,3.04,1.00
2017.12.20 19:11:21.679,1.51853,1.51869,3.19,1.69
2017.12.20 19:11:22.222,1.51853,1.51867,4.31,1.00
2017.12.20 19:11:22.815,1.51853,1.51866,4.13,1.00
2017.12.20 19:11:23.935,1.51853,1.51866,4.13,1.00
2017.12.20 19:11:24.578,1.51853,1.51866,4.13,1.00
2017.12.20 19:11:25.116,1.51854,1.51867,1.88,1.00
2017.12.20 19:11:25.568,1.51851,1.51865,1.25,1.69
2017.12.20 19:11:26.070,1.51852,1.51864,1.31,1.00
2017.12.20 19:11:27.750,1.51852,1.51863,1.31,1.00
2017.12.20 19:11:28.320,1.5185,1.51864,2.25,1.12
2017.12.20 19:11:30.434,1.5185,1.51863,3.38,1.00
2017.12.20 19:11:31.103,1.5185,1.51862,2.06,1.50
2017.12.20 19:11:31.795,1.51851,1.51863,1.31,2.62
2017.12.20 19:11:32.328,1.51851,1.51862,2.25,1.00
2017.12.20 19:11:32.840,1.51851,1.51862,1.50,1.00
2017.12.20 19:11:33.655,1.51853,1.51865,1.00,3.00
2017.12.20 19:11:34.198,1.51851,1.51864,2.44,1.00
2017.12.20 19:11:34.801,1.5185,1.51865,4.50,3.00
2017.12.20 19:11:35.383,1.5185,1.51864,1.88,1.00
2017.12.20 19:11:36.097,1.5185,1.51865,1.88,2.25
2017.12.20 19:11:36.811,1.51852,1.51864,1.00,1.00
2017.12.20 19:11:37.347,1.51852,1.51865,2.44,2.25
2017.12.20 19:11:40.349,1.51851,1.51863,1.63,1.00
2017.12.20 19:11:40.852,1.51851,1.51863,1.00,1.00
2017.12.20 19:11:41.449,1.51851,1.51862,1.25,1.00
2017.12.20 19:11:42.118,1.51851,1.51863,1.00,2.25
2017.12.20 19:11:42.662,1.5185,1.51863,1.00,1.50
2017.12.20 19:11:43.197,1.5185,1.51862,1.31,1.00
2017.12.20 19:11:43.738,1.51849,1.51863,2.25,1.50
2017.12.20 19:11:44.280,1.51849,1.51862,2.63,1.00
2017.12.20 19:11:45.051,1.51852,1.51862,1.00,1.00
2017.12.20 19:11:45.594,1.51851,1.51863,1.00,1.00
2017.12.20 19:11:46.125,1.51852,1.51862,1.25,1.00
2017.12.20 19:11:46.398,1.51852,1.51864,1.13,1.00
2017.12.20 19:11:46.914,1.51852,1.51865,1.50,3.37
2017.12.20 19:11:47.654,1.51852,1.51864,1.38,1.00
2017.12.20 19:11:47.757,1.51852,1.51865,1.00,2.62
2017.12.20 19:11:47.913,1.51855,1.51866,1.00,1.12
2017.12.20 19:11:48.217,1.51852,1.51863,1.63,1.00
2017.12.20 19:11:48.269,1.51852,1.51865,1.37,2.62
2017.12.20 19:11:49.102,1.51852,1.51865,1.00,1.87
2017.12.20 19:11:49.710,1.51851,1.51864,2.81,1.00
2017.12.20 19:11:52.093,1.51851,1.51865,1.88,2.25
2017.12.20 19:11:52.146,1.51853,1.51865,1.00,2.25
2017.12.20 19:11:52.695,1.51853,1.51864,1.00,1.00
2017.12.20 19:11:53.209,1.51851,1.51865,1.81,1.50
2017.12.20 19:11:53.757,1.51852,1.51864,1.50,1.00
2017.12.20 19:11:54.293,1.51853,1.51865,1.00,1.50
2017.12.20 19:11:54.883,1.51852,1.51864,2.25,1.00
2017.12.20 19:11:55.880,1.51852,1.51865,2.06,2.25
2017.12.20 19:11:56.194,1.51852,1.51863,1.37,1.12
2017.12.20 19:11:57.092,1.51851,1.51862,1.50,1.00
2017.12.20 19:11:58.754,1.5185,1.51862,2.44,1.00
2017.12.20 19:11:59.181,1.51852,1.51862,1.00,1.00
2017.12.20 19:12:00.143,1.5185,1.51862,1.69,1.00
2017.12.20 19:12:00.503,1.51848,1.51862,1.62,1.00
2017.12.20 19:12:01.005,1.51848,1.51861,2.06,1.00
2017.12.20 19:12:01.526,1.51848,1.51862,3.19,1.50
2017.12.20 19:12:02.234,1.51848,1.51861,2.06,1.00
2017.12.20 19:12:02.762,1.51848,1.51862,1.50,1.50
2017.12.20 19:12:03.445,1.51848,1.51861,2.81,1.00
2017.12.20 19:12:04.498,1.51848,1.51861,2.06,1.00
2017.12.20 19:12:05.199,1.51848,1.51862,1.50,1.50
2017.12.20 19:12:05.797,1.5185,1.51863,1.13,1.00
2017.12.20 19:12:05.901,1.51848,1.51861,2.25,1.50
2017.12.20 19:12:07.012,1.51848,1.51861,1.00,2.25
2017.12.20 19:12:07.538,1.51849,1.5186,1.00,1.00
2017.12.20 19:12:08.050,1.51848,1.51861,1.12,2.25
2017.12.20 19:12:08.700,1.51847,1.5186,2.63,1.00
2017.12.20 19:12:10.246,1.51843,1.51856,1.94,1.75
2017.12.20 19:12:10.298,1.5184,1.51851,2.25,1.12
2017.12.20 19:12:10.401,1.51837,1.51852,2.06,2.62
2017.12.20 19:12:11.333,1.51837,1.51852,2.06,1.50
2017.12.20 19:12:12.329,1.51838,1.51852,2.19,2.25
2017.12.20 19:12:12.881,1.51838,1.51852,2.19,2.25
2017.12.20 19:12:13.602,1.51838,1.51852,1.81,1.50
2017.12.20 19:12:17.707,1.51838,1.51852,2.44,2.25
2017.12.20 19:12:18.985,1.51836,1.5185,3.00,1.00
2017.12.20 19:12:19.498,1.51836,1.51849,2.25,1.00
2017.12.20 19:12:21.844,1.51836,1.5185,1.19,1.00
2017.12.20 19:12:22.146,1.51835,1.51848,2.63,1.00
2017.12.20 19:12:22.250,1.51834,1.51851,3.00,1.00
2017.12.20 19:12:22.507,1.51835,1.51849,1.88,1.00
2017.12.20 19:12:22.746,1.51835,1.51851,2.63,1.50
2017.12.20 19:12:22.955,1.51835,1.51849,2.63,1.00
2017.12.20 19:12:23.160,1.51834,1.51851,3.75,1.25
2017.12.20 19:12:23.702,1.51835,1.51851,1.88,1.88
2017.12.20 19:12:24.223,1.51836,1.51851,1.31,1.25
2017.12.20 19:12:26.896,1.51836,1.51851,1.50,1.69
2017.12.20 19:12:27.424,1.51836,1.51851,1.56,1.00
2017.12.20 19:12:32.329,1.51836,1.51851,1.69,1.38
2017.12.20 19:12:32.382,1.51835,1.51851,1.00,1.63
2017.12.20 19:12:32.690,1.51834,1.51851,2.25,1.00
2017.12.20 19:12:33.100,1.51835,1.51851,1.31,1.88
2017.12.20 19:12:33.635,1.51834,1.51851,1.25,1.50
2017.12.20 19:12:34.151,1.51834,1.51851,1.44,1.50
2017.12.20 19:12:34.305,1.51834,1.51851,1.25,1.31
2017.12.20 19:12:34.357,1.51834,1.51851,1.44,1.38
2017.12.20 19:12:34.896,1.51834,1.51851,1.44,1.38
2017.12.20 19:12:35.425,1.51834,1.51851,2.25,1.38
2017.12.20 19:12:35.917,1.51834,1.51851,1.62,2.06
2017.12.20 19:12:36.636,1.51834,1.51851,1.12,2.06
2017.12.20 19:12:37.157,1.51835,1.51851,1.00,2.06
2017.12.20 19:12:38.949,1.51834,1.51851,2.25,3.19
2017.12.20 19:12:42.469,1.51835,1.51851,1.00,2.25
2017.12.20 19:12:42.982,1.51833,1.51851,3.00,2.63
2017.12.20 19:12:45.006,1.51833,1.51849,3.00,1.63
2017.12.20 19:12:48.193,1.51833,1.51849,1.12,1.19
2017.12.20 19:12:48.663,1.51835,1.51851,1.00,2.25
2017.12.20 19:12:48.715,1.51833,1.51851,1.50,2.06
2017.12.20 19:12:49.226,1.51833,1.51851,2.44,2.44
2017.12.20 19:12:50.208,1.51833,1.51851,2.63,2.06
2017.12.20 19:12:51.241,1.51836,1.51851,1.00,2.06
2017.12.20 19:12:52.170,1.51835,1.51851,1.87,2.06
2017.12.20 19:12:55.624,1.51836,1.51851,1.00,2.06
2017.12.20 19:12:56.146,1.51837,1.5185,1.00,1.63
2017.12.20 19:12:57.375,1.51836,1.51851,1.12,1.63
2017.12.20 19:12:57.903,1.51837,1.51851,1.00,1.56
2017.12.20 19:12:58.414,1.51836,1.51851,1.00,2.06
2017.12.20 19:12:59.098,1.51837,1.51851,1.00,2.06
2017.12.20 19:12:59.699,1.51836,1.51851,2.25,2.06
2017.12.20 19:13:00.324,1.51837,1.51851,1.00,1.69
2017.12.20 19:13:00.897,1.51836,1.5185,1.50,1.56
2017.12.20 19:13:01.464,1.51835,1.5185,3.00,1.44
2017.12.20 19:13:01.644,1.51837,1.5185,1.00,1.63
2017.12.20 19:13:01.856,1.51835,1.5185,1.69,1.63
2017.12.20 19:13:02.197,1.51837,1.5185,1.00,1.63
2017.12.20 19:13:02.743,1.51836,1.51851,1.87,2.44
2017.12.20 19:13:03.255,1.51835,1.51851,1.50,2.44
2017.12.20 19:13:03.851,1.51835,1.51851,2.62,2.44
2017.12.20 19:13:04.269,1.51838,1.5185,1.00,1.19
2017.12.20 19:13:06.364,1.51839,1.51853,2.06,2.25
2017.12.20 19:13:06.415,1.5184,1.51854,1.00,1.81
2017.12.20 19:13:06.673,1.5184,1.51852,1.00,1.50
2017.12.20 19:13:07.236,1.5184,1.51852,1.00,1.31
2017.12.20 19:13:09.144,1.5184,1.51853,1.00,1.50
2017.12.20 19:13:09.360,1.51838,1.51852,1.50,1.31
2017.12.20 19:13:09.871,1.51839,1.51852,1.50,1.50
2017.12.20 19:13:10.399,1.51839,1.51851,1.00,1.25
2017.12.20 19:13:10.918,1.51838,1.51852,1.50,1.69
2017.12.20 19:13:11.022,1.51839,1.51852,1.19,1.31
2017.12.20 19:13:11.567,1.5184,1.51852,1.00,1.31
2017.12.20 19:13:12.103,1.5184,1.51852,1.00,1.31
2017.12.20 19:13:12.827,1.5184,1.51851,1.44,1.25
2017.12.20 19:13:12.930,1.51841,1.51853,1.25,1.69
2017.12.20 19:13:13.649,1.51841,1.51852,1.25,1.00
2017.12.20 19:13:14.179,1.51842,1.51853,1.25,1.25
2017.12.20 19:13:14.700,1.51843,1.51854,1.00,1.19
2017.12.20 19:13:15.100,1.51842,1.51856,2.06,1.69
2017.12.20 19:13:15.153,1.51842,1.51853,1.00,1.00
2017.12.20 19:13:15.822,1.51841,1.51854,3.00,1.19
2017.12.20 19:13:16.348,1.51842,1.51853,1.50,1.25
2017.12.20 19:13:17.219,1.51841,1.51854,2.62,1.19
2017.12.20 19:13:17.743,1.51842,1.51855,1.50,1.63
2017.12.20 19:13:18.255,1.51841,1.51853,3.00,1.25
2017.12.20 19:13:18.800,1.51842,1.51853,1.69,1.25
2017.12.20 19:13:19.327,1.51842,1.51854,1.69,1.19
2017.12.20 19:13:19.857,1.51842,1.51853,1.25,1.25
2017.12.20 19:13:20.447,1.51842,1.51855,2.63,1.19
2017.12.20 19:13:20.980,1.51842,1.51854,1.25,1.19
2017.12.20 19:13:21.736,1.51842,1.51854,2.44,1.19
2017.12.20 19:13:22.252,1.51841,1.51854,1.50,1.69
2017.12.20 19:13:22.770,1.51842,1.51854,1.88,1.25
2017.12.20 19:13:25.114,1.51842,1.51855,1.88,1.19
2017.12.20 19:13:25.627,1.51842,1.51854,1.00,1.19
2017.12.20 19:13:26.552,1.51844,1.51857,1.00,1.19
2017.12.20 19:13:26.604,1.51844,1.51857,3.00,1.00
2017.12.20 19:13:26.657,1.51847,1.51859,1.00,1.00
2017.12.20 19:13:26.965,1.51848,1.51862,1.25,1.44
2017.12.20 19:13:27.570,1.51847,1.51862,1.69,1.19
2017.12.20 19:13:27.674,1.51849,1.51862,1.00,1.44
2017.12.20 19:13:28.216,1.51848,1.51862,1.87,1.19
2017.12.20 19:13:29.561,1.51849,1.51862,1.00,1.31
2017.12.20 19:13:29.768,1.51846,1.51861,1.50,1.12
2017.12.20 19:13:30.182,1.51846,1.5186,1.00,1.38
2017.12.20 19:13:30.234,1.51846,1.51859,1.00,1.25
2017.12.20 19:13:30.289,1.51841,1.51855,3.56,1.00
2017.12.20 19:13:30.831,1.51842,1.51856,3.38,1.00
2017.12.20 19:13:31.241,1.51844,1.51858,1.31,1.00
2017.12.20 19:13:31.498,1.51844,1.51856,1.31,1.00
2017.12.20 19:13:32.164,1.51844,1.51858,2.06,1.00
2017.12.20 19:13:32.700,1.51844,1.51857,1.44,1.00
2017.12.20 19:13:33.249,1.51844,1.51858,1.25,1.00
2017.12.20 19:13:33.454,1.51844,1.51856,1.31,1.00
2017.12.20 19:13:33.984,1.51844,1.51857,2.25,1.00
2017.12.20 19:13:34.565,1.51844,1.51857,2.44,1.00
2017.12.20 19:13:35.595,1.51844,1.51857,2.25,1.00
2017.12.20 19:13:36.108,1.51844,1.51857,2.44,1.00
2017.12.20 19:13:37.712,1.51844,1.51857,1.69,1.00
2017.12.20 19:13:38.945,1.51844,1.51857,2.44,1.00
2017.12.20 19:13:39.558,1.51848,1.5186,1.00,1.00
2017.12.20 19:13:39.801,1.51846,1.51862,1.75,1.00
2017.12.20 19:13:40.341,1.51849,1.51863,1.25,1.88
2017.12.20 19:13:41.055,1.51849,1.51862,1.13,1.00
2017.12.20 19:13:45.588,1.51849,1.51863,1.00,1.31
2017.12.20 19:13:46.178,1.51849,1.51861,1.00,1.00
2017.12.20 19:13:46.493,1.51849,1.51861,1.00,1.44
2017.12.20 19:13:46.649,1.51849,1.51861,1.00,1.25
2017.12.20 19:13:46.876,1.51849,1.51859,1.00,1.00
2017.12.20 19:13:48.794,1.51849,1.51858,1.00,1.00
2017.12.20 19:13:49.128,1.51849,1.5186,1.00,1.00
2017.12.20 19:13:52.814,1.51849,1.51861,1.69,1.00
2017.12.20 19:13:52.866,1.5185,1.51863,1.88,1.00
2017.12.20 19:13:54.115,1.51852,1.51864,1.00,1.00
2017.12.20 19:13:54.167,1.51849,1.51862,2.25,1.00
2017.12.20 19:13:54.680,1.51848,1.51861,2.25,1.00
2017.12.20 19:13:55.230,1.51848,1.51863,1.88,1.44
2017.12.20 19:13:55.595,1.5185,1.51861,1.00,1.00
2017.12.20 19:13:56.127,1.51849,1.51861,1.13,1.00
2017.12.20 19:13:56.337,1.51853,1.51866,1.00,1.25
2017.12.20 19:13:56.424,1.51853,1.51865,1.00,1.38
2017.12.20 19:13:56.478,1.51847,1.51863,2.00,2.63
2017.12.20 19:13:56.998,1.51846,1.5186,1.44,1.25
2017.12.20 19:13:57.101,1.51845,1.5186,2.06,1.25
2017.12.20 19:13:58.049,1.51846,1.5186,1.00,1.12
2017.12.20 19:13:58.203,1.51845,1.51858,1.87,1.00
2017.12.20 19:13:58.569,1.51847,1.5186,1.00,1.31
2017.12.20 19:13:58.621,1.51847,1.5186,1.69,1.31
2017.12.20 19:13:58.828,1.51847,1.51858,1.00,1.00
2017.12.20 19:13:59.372,1.51847,1.51857,1.00,1.00
2017.12.20 19:13:59.732,1.51845,1.51856,1.00,1.00
2017.12.20 19:14:01.196,1.51845,1.51857,1.00,1.00
2017.12.20 19:14:01.704,1.51845,1.51859,3.00,1.19
2017.12.20 19:14:02.718,1.51847,1.51858,1.00,1.25
2017.12.20 19:14:03.001,1.51845,1.51858,2.25,1.25
2017.12.20 19:14:03.156,1.51847,1.51857,1.00,1.00
2017.12.20 19:14:03.258,1.51845,1.51857,1.50,1.00
2017.12.20 19:14:03.515,1.51846,1.51858,1.69,1.25
2017.12.20 19:14:04.114,1.51845,1.51859,3.19,1.19
2017.12.20 19:14:05.029,1.51846,1.51859,1.69,1.19
2017.12.20 19:14:05.285,1.51847,1.51861,1.25,2.06
2017.12.20 19:14:06.293,1.51847,1.51859,1.00,1.00
2017.12.20 19:14:06.705,1.51847,1.51858,1.25,1.19
2017.12.20 19:14:07.201,1.51847,1.51858,1.00,1.69
2017.12.20 19:14:07.253,1.51845,1.51857,1.69,1.19
2017.12.20 19:14:08.184,1.51843,1.51857,1.44,1.19
2017.12.20 19:14:09.127,1.51843,1.51857,1.69,1.19
2017.12.20 19:14:09.700,1.51844,1.51857,1.25,1.19
2017.12.20 19:14:11.995,1.51843,1.51857,2.44,1.19
2017.12.20 19:14:12.440,1.5184,1.51854,1.50,1.19
2017.12.20 19:14:12.544,1.51841,1.51855,1.87,1.19
2017.12.20 19:14:12.598,1.51845,1.51856,1.00,1.19
2017.12.20 19:14:12.702,1.51845,1.51856,1.00,1.19
2017.12.20 19:14:13.246,1.51844,1.51857,1.50,1.19
2017.12.20 19:14:13.796,1.51845,1.51858,1.00,1.19
2017.12.20 19:14:15.039,1.51844,1.51855,1.00,1.25
2017.12.20 19:14:17.552,1.51842,1.51855,1.00,1.25
2017.12.20 19:14:18.063,1.51841,1.51855,3.56,1.25
2017.12.20 19:14:18.600,1.51842,1.51856,1.25,1.44
2017.12.20 19:14:20.156,1.51841,1.51856,3.94,1.19
2017.12.20 19:14:20.727,1.51842,1.51856,1.25,1.44
2017.12.20 19:14:21.260,1.51843,1.51857,2.62,1.87
2017.12.20 19:14:21.785,1.51842,1.51856,1.25,1.19
2017.12.20 19:14:22.313,1.51841,1.51856,4.69,1.19
2017.12.20 19:14:22.557,1.51841,1.51853,1.69,1.19
2017.12.20 19:14:22.866,1.51841,1.51851,1.00,1.19
2017.12.20 19:14:23.681,1.51841,1.51854,1.50,1.69
2017.12.20 19:14:23.784,1.51841,1.51852,1.00,1.19
2017.12.20 19:14:28.899,1.51841,1.51852,1.50,1.19
2017.12.20 19:14:28.951,1.51843,1.51855,1.00,1.69
2017.12.20 19:14:29.464,1.51842,1.51855,1.25,1.19
2017.12.20 19:14:29.918,1.51844,1.51856,1.50,1.69
2017.12.20 19:14:30.524,1.51845,1.51856,1.00,1.69
2017.12.20 19:14:30.743,1.51842,1.51856,2.44,1.69
2017.12.20 19:14:31.159,1.51843,1.51856,1.12,2.44
2017.12.20 19:14:31.999,1.51843,1.51856,1.87,1.19
2017.12.20 19:14:34.170,1.51845,1.51857,1.00,1.69
2017.12.20 19:14:35.043,1.51844,1.51857,1.00,1.69
2017.12.20 19:14:35.799,1.51843,1.51857,1.87,1.19
2017.12.20 19:14:36.106,1.51845,1.51857,1.00,1.19
2017.12.20 19:14:36.724,1.51844,1.51857,1.50,1.19
2017.12.20 19:14:36.776,1.51845,1.51859,1.00,1.19
2017.12.20 19:14:37.355,1.51844,1.51859,1.87,1.19
2017.12.20 19:14:37.896,1.51845,1.51858,1.00,1.19
2017.12.20 19:14:39.285,1.51844,1.51858,1.12,1.19
2017.12.20 19:14:39.439,1.51847,1.51858,1.88,1.19
2017.12.20 19:14:39.491,1.51847,1.5186,3.75,1.25
2017.12.20 19:14:39.543,1.51851,1.51865,2.63,1.19
2017.12.20 19:14:39.800,1.51854,1.51866,1.38,1.19
2017.12.20 19:14:40.737,1.51854,1.51866,1.25,1.19
2017.12.20 19:14:41.444,1.51854,1.51867,1.50,1.19
2017.12.20 19:14:42.207,1.51854,1.51867,2.25,1.19
2017.12.20 19:14:42.877,1.51856,1.51868,1.00,1.19
2017.12.20 19:14:44.922,1.51858,1.51869,1.25,1.19
2017.12.20 19:14:47.267,1.51857,1.51871,1.12,1.19
2017.12.20 19:14:47.529,1.5186,1.51871,1.00,1.00
2017.12.20 19:14:47.684,1.51861,1.51874,1.50,1.44
2017.12.20 19:14:48.059,1.51863,1.51874,1.00,1.19
2017.12.20 19:14:49.167,1.51863,1.51874,1.00,2.06
2017.12.20 19:14:49.685,1.51862,1.51874,1.12,1.19
2017.12.20 19:14:51.047,1.51862,1.51876,2.81,1.69
2017.12.20 19:14:51.102,1.51865,1.51876,2.25,1.19
2017.12.20 19:14:51.210,1.51867,1.51877,1.00,1.63
2017.12.20 19:14:51.726,1.51865,1.51877,2.62,1.19
2017.12.20 19:14:52.326,1.51866,1.51877,1.00,1.44
2017.12.20 19:14:53.197,1.51865,1.51877,1.00,1.63
2017.12.20 19:14:53.712,1.51864,1.51873,1.00,1.19
2017.12.20 19:14:53.767,1.5186,1.51872,1.50,1.56
2017.12.20 19:14:53.973,1.5186,1.51873,1.50,1.19
2017.12.20 19:14:55.237,1.5186,1.51874,2.81,1.19
2017.12.20 19:14:55.551,1.5186,1.5187,1.00,1.19
2017.12.20 19:14:56.179,1.5186,1.51872,1.00,1.19
2017.12.20 19:14:56.957,1.51862,1.51873,1.00,1.19
2017.12.20 19:14:57.469,1.51861,1.51874,1.87,1.69
2017.12.20 19:14:57.971,1.5186,1.51873,1.12,1.44
2017.12.20 19:14:58.282,1.51858,1.5187,1.69,1.19
2017.12.20 19:14:59.991,1.51858,1.51871,1.69,1.19
2017.12.20 19:15:00.043,1.5186,1.51871,1.50,1.19
2017.12.20 19:15:00.096,1.51861,1.51873,1.31,1.19
2017.12.20 19:15:00.199,1.5186,1.51873,1.50,1.69
2017.12.20 19:15:00.750,1.5186,1.51874,1.25,1.69
2017.12.20 19:15:01.368,1.5186,1.51873,2.06,1.19
2017.12.20 19:15:01.880,1.5186,1.51874,2.25,1.19
2017.12.20 19:15:02.423,1.5186,1.51874,2.25,1.19
2017.12.20 19:15:02.590,1.51861,1.51876,2.44,2.44
2017.12.20 19:15:02.746,1.51861,1.51875,2.44,1.25
2017.12.20 19:15:02.850,1.51862,1.51876,1.38,1.19
2017.12.20 19:15:03.104,1.51861,1.51876,2.25,1.19
2017.12.20 19:15:03.259,1.51861,1.51873,1.50,1.19
2017.12.20 19:15:05.342,1.51861,1.51872,1.00,1.25
2017.12.20 19:15:05.810,1.51864,1.51875,1.38,1.00
2017.12.20 19:15:06.062,1.5187,1.51882,1.00,1.87
2017.12.20 19:15:06.574,1.5187,1.51881,1.25,1.00
2017.12.20 19:15:06.818,1.51868,1.51881,2.81,1.00
2017.12.20 19:15:07.367,1.51869,1.51881,1.25,1.00
2017.12.20 19:15:07.880,1.51869,1.51882,1.25,1.87
2017.12.20 19:15:08.702,1.51869,1.51881,1.00,1.00
2017.12.20 19:15:10.157,1.51869,1.51882,1.00,1.69
2017.12.20 19:15:10.973,1.51869,1.51882,1.88,1.69
2017.12.20 19:15:13.029,1.51869,1.51882,1.25,1.69
2017.12.20 19:15:14.364,1.51869,1.5188,1.25,1.00
2017.12.20 19:15:15.070,1.51869,1.5188,1.44,1.00
2017.12.20 19:15:15.618,1.51869,1.5188,1.13,1.00
2017.12.20 19:15:18.052,1.51869,1.51881,1.13,1.00
2017.12.20 19:15:20.189,1.51869,1.51882,1.00,1.69
2017.12.20 19:15:22.808,1.51869,1.51885,2.06,2.06
2017.12.20 19:15:23.650,1.51869,1.51885,1.50,1.69
2017.12.20 19:15:24.691,1.51871,1.51885,1.00,1.87
2017.12.20 19:15:25.418,1.5187,1.51885,1.25,1.87
2017.12.20 19:15:26.026,1.5187,1.51885,1.44,2.06
2017.12.20 19:15:26.762,1.5187,1.51885,1.25,1.69
2017.12.20 19:15:27.266,1.51871,1.51885,1.25,2.06
2017.12.20 19:15:28.282,1.5187,1.51885,1.69,1.69
2017.12.20 19:15:30.248,1.5187,1.51885,1.31,1.87
2017.12.20 19:15:32.329,1.5187,1.51885,1.25,2.81
2017.12.20 19:15:32.636,1.5187,1.51885,1.56,1.69
2017.12.20 19:15:32.892,1.5187,1.51885,1.25,1.69
2017.12.20 19:15:33.354,1.51869,1.51885,2.63,1.87
2017.12.20 19:15:33.701,1.5187,1.51885,1.25,1.87
2017.12.20 19:15:35.412,1.5187,1.51882,1.00,1.63
2017.12.20 19:15:36.696,1.51867,1.51882,3.75,2.06
2017.12.20 19:15:38.606,1.51867,1.51882,1.88,1.69
2017.12.20 19:15:39.190,1.51867,1.51882,2.63,2.06
2017.12.20 19:15:40.434,1.51869,1.51882,2.06,1.69
2017.12.20 19:15:40.486,1.51869,1.51882,1.31,1.19
2017.12.20 19:15:40.902,1.51868,1.51883,2.63,1.63
2017.12.20 19:15:41.452,1.51869,1.51883,1.13,1.31
2017.12.20 19:15:41.996,1.51868,1.51883,3.00,1.56
2017.12.20 19:15:42.099,1.51868,1.51883,2.81,1.63
2017.12.20 19:15:42.673,1.51867,1.51882,1.69,1.44
2017.12.20 19:15:43.504,1.51867,1.51882,1.50,1.44
2017.12.20 19:15:44.169,1.51868,1.51882,1.13,1.87
2017.12.20 19:15:44.755,1.51866,1.51881,1.62,1.56
2017.12.20 19:15:44.807,1.51865,1.51881,3.19,1.63
2017.12.20 19:15:45.336,1.51865,1.51881,2.25,1.56
2017.12.20 19:15:46.143,1.51865,1.51881,1.13,1.44
2017.12.20 19:15:46.651,1.51866,1.51882,1.00,3.19
2017.12.20 19:15:48.444,1.51867,1.51879,1.25,1.87
2017.12.20 19:15:49.438,1.51864,1.51879,4.50,1.44
2017.12.20 19:15:50.438,1.51864,1.51879,1.12,1.44
2017.12.20 19:15:50.994,1.51864,1.51879,2.25,1.87
2017.12.20 19:15:51.640,1.51863,1.51879,4.13,1.37
2017.12.20 19:15:52.152,1.51864,1.51879,1.38,1.87
2017.12.20 19:15:52.441,1.51865,1.51879,1.12,1.12
2017.12.20 19:15:52.964,1.51866,1.51879,1.25,1.87
2017.12.20 19:15:53.506,1.51864,1.51879,2.63,1.12
2017.12.20 19:15:54.248,1.51864,1.51879,1.88,1.87
2017.12.20 19:15:54.759,1.51864,1.51879,1.12,1.12
2017.12.20 19:15:55.168,1.51867,1.5188,1.00,1.19
2017.12.20 19:15:55.374,1.51867,1.51883,2.44,1.19
2017.12.20 19:15:55.427,1.51869,1.51883,2.06,1.00
2017.12.20 19:15:55.735,1.51874,1.51885,3.00,1.00
2017.12.20 19:15:56.747,1.51873,1.51885,2.25,1.00
2017.12.20 19:15:58.036,1.51874,1.51885,1.00,1.00
2017.12.20 19:15:59.040,1.51873,1.51885,2.81,1.00
2017.12.20 19:15:59.348,1.51872,1.51885,1.00,1.88
2017.12.20 19:15:59.487,1.51869,1.51885,1.00,4.69
2017.12.20 19:15:59.540,1.51867,1.51884,2.25,2.25
2017.12.20 19:15:59.745,1.51868,1.51884,1.44,1.87
2017.12.20 19:16:00.247,1.51868,1.51881,1.25,1.00
2017.12.20 19:16:00.962,1.51867,1.51881,1.12,1.00
2017.12.20 19:16:01.502,1.51868,1.51882,1.25,1.13
2017.12.20 19:16:01.812,1.51867,1.5188,1.25,1.25
2017.12.20 19:16:03.548,1.51865,1.5188,1.62,1.00
2017.12.20 19:16:03.906,1.51865,1.5188,1.75,1.00
2017.12.20 19:16:06.664,1.51866,1.51882,1.19,1.13
2017.12.20 19:16:06.767,1.51866,1.51882,1.31,1.88
2017.12.20 19:16:10.254,1.51866,1.51877,1.00,1.00
2017.12.20 19:16:10.358,1.51863,1.51877,1.19,1.00
2017.12.20 19:16:10.871,1.51863,1.51877,1.25,1.00
2017.12.20 19:16:11.449,1.51862,1.51876,1.50,1.00
2017.12.20 19:16:13.183,1.51861,1.51876,1.63,1.00
2017.12.20 19:16:13.685,1.51861,1.51876,1.50,1.13
2017.12.20 19:16:14.222,1.51861,1.51876,1.31,1.25
2017.12.20 19:16:14.896,1.51862,1.51876,1.25,1.88
2017.12.20 19:16:15.524,1.51862,1.51876,1.00,1.25
2017.12.20 19:16:16.039,1.51862,1.51876,1.25,1.69
2017.12.20 19:16:16.293,1.51862,1.51873,1.00,1.00
2017.12.20 19:16:16.825,1.51862,1.51873,1.44,1.00
2017.12.20 19:16:17.341,1.51862,1.51873,1.00,1.00
2017.12.20 19:16:22.583,1.51861,1.51877,2.06,1.00
2017.12.20 19:16:22.637,1.51861,1.51877,2.06,1.00
2017.12.20 19:16:22.691,1.51866,1.51878,1.50,1.25
2017.12.20 19:16:22.818,1.51867,1.51881,1.25,1.19
2017.12.20 19:16:23.332,1.51866,1.51881,1.31,1.00
2017.12.20 19:16:23.537,1.51868,1.51881,1.00,1.00
2017.12.20 19:16:24.069,1.5187,1.51881,1.00,1.00
2017.12.20 19:16:24.587,1.51869,1.51881,1.00,1.00
2017.12.20 19:16:25.130,1.51868,1.51881,1.25,1.00
2017.12.20 19:16:25.831,1.51867,1.51881,1.25,1.00
2017.12.20 19:16:26.138,1.5187,1.51881,1.00,1.00
2017.12.20 19:16:26.694,1.51868,1.51881,1.25,1.00
2017.12.20 19:16:27.053,1.5187,1.51881,1.00,1.00
2017.12.20 19:16:27.198,1.51867,1.51881,2.63,1.00
2017.12.20 19:16:27.818,1.51869,1.51881,1.00,1.00
2017.12.20 19:16:28.064,1.51867,1.51881,1.69,1.00
2017.12.20 19:16:28.319,1.5187,1.51881,1.00,1.00
2017.12.20 19:16:28.485,1.51868,1.51881,1.25,1.00
2017.12.20 19:16:28.943,1.51871,1.51881,1.00,1.00
2017.12.20 19:16:29.201,1.5187,1.51883,2.44,1.00
2017.12.20 19:16:29.714,1.51871,1.51883,1.00,1.00
2017.12.20 19:16:30.603,1.5187,1.51883,4.50,1.00
2017.12.20 19:16:30.914,1.51873,1.51883,1.00,1.00
2017.12.20 19:16:31.450,1.51872,1.51886,1.50,1.25
2017.12.20 19:16:31.708,1.5187,1.51886,1.25,1.25
2017.12.20 19:16:32.221,1.51871,1.51886,1.25,1.12
2017.12.20 19:16:32.690,1.51873,1.51886,1.00,1.44
2017.12.20 19:16:32.741,1.5187,1.51886,1.69,1.25
2017.12.20 19:16:32.947,1.51872,1.51886,1.00,1.12
2017.12.20 19:16:33.462,1.51871,1.51886,1.25,1.25
2017.12.20 19:16:33.792,1.51873,1.51886,1.00,1.25
2017.12.20 19:16:34.304,1.51872,1.51886,1.69,1.25
2017.12.20 19:16:34.867,1.51873,1.51886,1.50,1.25
2017.12.20 19:16:35.383,1.51874,1.51886,1.25,1.25
2017.12.20 19:16:35.977,1.51872,1.51886,1.88,1.25
2017.12.20 19:16:36.527,1.51873,1.51886,1.44,1.25
2017.12.20 19:16:37.193,1.51873,1.51886,1.31,1.25
2017.12.20 19:16:38.111,1.51872,1.51886,1.69,1.25
2017.12.20 19:16:38.450,1.51874,1.51886,1.38,1.00
2017.12.20 19:16:38.808,1.51875,1.5189,1.38,1.56
2017.12.20 19:16:41.136,1.51878,1.51893,1.25,1.87
2017.12.20 19:16:41.496,1.51881,1.51893,1.88,1.19
2017.12.20 19:16:41.549,1.51881,1.51897,1.88,1.00
2017.12.20 19:16:41.601,1.51886,1.51897,1.63,1.25
2017.12.20 19:16:41.952,1.51885,1.51897,2.06,1.12
2017.12.20 19:16:43.869,1.51881,1.51893,1.50,1.00
2017.12.20 19:16:43.923,1.51878,1.51893,2.25,1.00
2017.12.20 19:16:44.234,1.5188,1.51893,2.81,1.00
2017.12.20 19:16:44.338,1.51883,1.51896,1.00,1.38
2017.12.20 19:16:44.444,1.51887,1.51896,1.00,1.25
2017.12.20 19:16:44.548,1.51886,1.51898,1.12,1.13
2017.12.20 19:16:44.908,1.51887,1.51898,1.00,1.88
2017.12.20 19:16:44.960,1.51883,1.51898,1.62,1.88
2017.12.20 19:16:45.141,1.51883,1.51898,1.37,2.25
2017.12.20 19:16:45.657,1.51881,1.51898,4.12,2.25
2017.12.20 19:16:45.796,1.51881,1.51894,1.12,1.13
2017.12.20 19:16:45.848,1.51881,1.51894,1.00,1.38
2017.12.20 19:16:46.053,1.51877,1.51891,2.62,1.25
2017.12.20 19:16:46.261,1.51879,1.51891,1.25,1.00
2017.12.20 19:16:46.829,1.5188,1.51891,1.00,1.00
2017.12.20 19:16:49.170,1.51879,1.51893,1.25,1.87
2017.12.20 19:16:50.366,1.5188,1.5189,1.00,1.00
2017.12.20 19:16:50.418,1.51881,1.51893,1.00,1.25
2017.12.20 19:16:51.347,1.51879,1.51893,1.69,1.25
2017.12.20 19:16:52.266,1.5188,1.51893,1.00,1.25
2017.12.20 19:16:52.726,1.51882,1.51893,1.00,1.00
2017.12.20 19:16:53.251,1.51881,1.51893,1.88,1.00
2017.12.20 19:16:54.815,1.5188,1.51893,1.69,1.00
2017.12.20 19:16:55.396,1.51881,1.51893,1.25,1.00
2017.12.20 19:16:58.069,1.5188,1.51893,1.87,1.00
2017.12.20 19:16:58.425,1.51882,1.51893,1.00,1.00
2017.12.20 19:16:59.127,1.51881,1.51893,1.87,1.00
2017.12.20 19:16:59.920,1.51882,1.51893,1.00,1.00
2017.12.20 19:17:00.426,1.51881,1.51893,1.00,1.00
2017.12.20 19:17:01.075,1.51882,1.51893,1.00,1.00
2017.12.20 19:17:01.921,1.5188,1.51893,1.50,1.00
2017.12.20 19:17:02.680,1.51881,1.51893,1.00,1.00
2017.12.20 19:17:09.368,1.51879,1.51893,1.12,1.00
2017.12.20 19:17:10.276,1.51879,1.51893,1.37,1.00
2017.12.20 19:17:11.327,1.51879,1.51893,2.25,1.00
2017.12.20 19:17:13.378,1.5188,1.51893,1.00,1.00
2017.12.20 19:17:14.318,1.51881,1.51893,1.00,1.00
2017.12.20 19:17:16.519,1.5188,1.51893,1.12,1.00
2017.12.20 19:17:18.583,1.51885,1.51896,1.50,1.25
2017.12.20 19:17:18.886,1.51889,1.51899,1.00,1.12
2017.12.20 19:17:19.094,1.51887,1.51899,1.00,1.25
2017.12.20 19:17:19.148,1.51884,1.51899,3.19,1.44
2017.12.20 19:17:19.408,1.51878,1.51894,2.25,1.00
2017.12.20 19:17:19.460,1.51878,1.51894,2.06,1.19
2017.12.20 19:17:20.039,1.51879,1.51894,1.31,1.56
2017.12.20 19:17:20.589,1.51877,1.51892,2.44,1.00
2017.12.20 19:17:20.898,1.5188,1.51892,1.00,1.00
2017.12.20 19:17:22.333,1.51877,1.51894,4.13,1.63
2017.12.20 19:17:22.646,1.51876,1.51892,1.00,1.56
2017.12.20 19:17:22.698,1.51877,1.51892,1.31,1.31
2017.12.20 19:17:23.232,1.51876,1.51892,1.50,1.56
2017.12.20 19:17:23.774,1.51877,1.51892,1.88,1.56
2017.12.20 19:17:24.305,1.51877,1.51892,1.00,1.63
2017.12.20 19:17:25.016,1.51877,1.51892,1.31,1.56
2017.12.20 19:17:25.068,1.51874,1.51892,1.50,3.19
2017.12.20 19:17:25.588,1.51873,1.51889,3.56,1.63
2017.12.20 19:17:26.075,1.51873,1.51889,1.50,1.12
2017.12.20 19:17:26.592,1.51873,1.51889,2.63,1.31
2017.12.20 19:17:27.473,1.51873,1.51889,2.63,1.31
2017.12.20 19:17:28.565,1.51873,1.51889,2.44,1.31
2017.12.20 19:17:29.405,1.51873,1.51889,3.56,1.12
2017.12.20 19:17:29.814,1.51874,1.51889,2.06,1.25
2017.12.20 19:17:30.497,1.51873,1.51889,4.31,1.31
2017.12.20 19:17:31.075,1.51873,1.51889,4.31,1.12
2017.12.20 19:17:31.636,1.51875,1.51889,1.25,1.31
2017.12.20 19:17:31.943,1.51879,1.51892,1.00,1.31
2017.12.20 19:17:33.077,1.51878,1.51892,1.69,1.00
2017.12.20 19:17:33.386,1.5188,1.51892,1.00,1.25
2017.12.20 19:17:35.022,1.51879,1.51892,1.87,1.00
2017.12.20 19:17:37.347,1.5188,1.51892,1.00,1.25
2017.12.20 19:17:37.870,1.51879,1.51892,1.12,1.00
2017.12.20 19:17:38.373,1.5188,1.51892,1.00,1.00
2017.12.20 19:17:38.735,1.5188,1.51894,1.00,1.25
2017.12.20 19:17:40.523,1.5188,1.51894,1.50,1.31
2017.12.20 19:17:41.798,1.5188,1.51894,1.13,1.31
2017.12.20 19:17:43.243,1.51879,1.51894,1.88,1.12
2017.12.20 19:17:44.127,1.5188,1.51894,1.13,1.63
2017.12.20 19:17:45.073,1.5188,1.51894,1.25,1.63
2017.12.20 19:17:45.528,1.51879,1.51894,1.69,1.12
2017.12.20 19:17:48.141,1.5188,1.51894,1.63,1.63
2017.12.20 19:17:48.657,1.5188,1.51894,2.25,1.31
2017.12.20 19:17:49.202,1.5188,1.51894,1.37,1.25
2017.12.20 19:17:50.213,1.5188,1.51894,1.12,1.25
2017.12.20 19:17:50.525,1.51875,1.51892,3.19,1.56
2017.12.20 19:17:51.172,1.51875,1.51892,3.19,1.56
2017.12.20 19:17:51.919,1.51876,1.51889,1.00,1.56
2017.12.20 19:17:52.458,1.51874,1.51889,2.06,1.44
2017.12.20 19:17:53.001,1.51875,1.51889,1.44,1.44
2017.12.20 19:17:53.053,1.51874,1.51889,3.19,1.44
2017.12.20 19:17:53.567,1.51875,1.51889,1.00,1.63
2017.12.20 19:17:53.991,1.51877,1.51889,1.87,1.00
2017.12.20 19:17:54.095,1.51879,1.51893,1.12,1.38
2017.12.20 19:17:54.609,1.51879,1.51893,1.50,1.25
2017.12.20 19:17:54.816,1.51882,1.51895,1.00,1.44
2017.12.20 19:17:55.338,1.51881,1.51895,1.87,1.19
2017.12.20 19:17:55.878,1.51882,1.51895,1.00,1.44
2017.12.20 19:17:56.408,1.51881,1.51895,2.63,1.00
2017.12.20 19:17:56.923,1.51882,1.51895,1.31,1.00
2017.12.20 19:17:57.276,1.51888,1.51899,1.00,1.38
2017.12.20 19:17:57.588,1.51888,1.51901,1.50,1.00
2017.12.20 19:17:58.143,1.51888,1.51901,2.06,1.00
2017.12.20 19:17:58.646,1.51888,1.51901,1.31,1.25
2017.12.20 19:17:58.906,1.51888,1.51901,1.31,1.38
2017.12.20 19:17:59.575,1.51883,1.51898,5.06,1.00
2017.12.20 19:18:00.160,1.51882,1.51898,1.69,1.56
2017.12.20 19:18:00.674,1.51883,1.51897,1.31,1.19
2017.12.20 19:18:01.342,1.51881,1.51895,1.12,1.88
2017.12.20 19:18:02.047,1.51879,1.51895,2.19,1.25
2017.12.20 19:18:02.560,1.5188,1.51894,1.19,1.13
2017.12.20 19:18:03.112,1.5188,1.51895,1.87,1.69
2017.12.20 19:18:05.742,1.51879,1.51895,3.56,1.25
2017.12.20 19:18:08.062,1.51884,1.51898,2.06,1.00
2017.12.20 19:18:08.527,1.51886,1.51901,1.25,1.50
2017.12.20 19:18:09.152,1.51886,1.519,1.25,1.00
2017.12.20 19:18:09.926,1.51886,1.51901,1.25,1.50
2017.12.20 19:18:10.152,1.51886,1.51901,1.38,1.00
2017.12.20 19:18:10.357,1.51886,1.51901,1.25,1.00
2017.12.20 19:18:10.880,1.51885,1.51901,2.63,1.19
2017.12.20 19:18:13.837,1.51884,1.51901,3.37,1.56
2017.12.20 19:18:13.995,1.51882,1.51897,1.00,1.31
2017.12.20 19:18:14.048,1.51878,1.51896,3.56,2.44
2017.12.20 19:18:14.251,1.51883,1.51897,1.69,1.00
2017.12.20 19:18:14.305,1.51883,1.51897,3.00,1.00
2017.12.20 19:18:14.716,1.51884,1.519,1.69,1.25
2017.12.20 19:18:15.344,1.51886,1.519,1.87,1.00
2017.12.20 19:18:15.432,1.51886,1.519,2.06,1.00
2017.12.20 19:18:15.487,1.51881,1.51897,1.19,1.12
2017.12.20 19:18:15.541,1.51881,1.51894,1.12,1.00
2017.12.20 19:18:15.698,1.51882,1.51898,1.81,1.87
2017.12.20 19:18:15.751,1.51884,1.519,1.12,1.25
2017.12.20 19:18:16.572,1.51885,1.51903,2.81,1.69
2017.12.20 19:18:16.625,1.51887,1.51903,2.81,1.25
2017.12.20 19:18:17.163,1.51889,1.51905,3.19,1.19
2017.12.20 19:18:17.682,1.5189,1.51905,1.46,1.19
2017.12.20 19:18:18.399,1.51889,1.51905,2.44,1.19
2017.12.20 19:18:19.006,1.5189,1.51905,1.31,1.19
2017.12.20 19:18:19.632,1.51889,1.51905,1.37,3.19
2017.12.20 19:18:20.169,1.51889,1.51905,1.12,1.69
2017.12.20 19:18:20.941,1.51888,1.51902,1.57,1.44
2017.12.20 19:18:21.471,1.51886,1.51902,2.44,1.88
2017.12.20 19:18:21.659,1.51884,1.51899,3.00,1.00
2017.12.20 19:18:21.712,1.51883,1.51898,1.00,1.00
2017.12.20 19:18:21.764,1.51883,1.51898,2.06,2.62
2017.12.20 19:18:21.893,1.51886,1.519,1.12,1.00
2017.12.20 19:18:21.946,1.51888,1.519,1.00,1.00
2017.12.20 19:18:22.203,1.51888,1.51902,1.00,1.12
2017.12.20 19:18:22.813,1.51887,1.51901,1.00,1.00
2017.12.20 19:18:22.865,1.51884,1.51901,2.44,1.44
2017.12.20 19:18:23.073,1.51884,1.51899,1.69,1.44
2017.12.20 19:18:23.612,1.51882,1.51898,1.63,1.25
2017.12.20 19:18:24.382,1.51882,1.51898,1.12,1.50
2017.12.20 19:18:24.538,1.5188,1.51897,2.81,1.31
2017.12.20 19:18:24.890,1.51889,1.519,1.00,1.00
2017.12.20 19:18:26.315,1.51888,1.519,2.06,1.00
2017.12.20 19:18:26.421,1.5189,1.51903,1.00,1.00
2017.12.20 19:18:26.955,1.51889,1.51903,1.25,1.00
2017.12.20 19:18:27.489,1.51888,1.51903,2.25,1.00
2017.12.20 19:18:28.146,1.51888,1.51903,1.69,1.50
2017.12.20 19:18:28.659,1.51887,1.51903,2.62,1.25
2017.12.20 19:18:29.171,1.51887,1.51903,1.50,1.25
2017.12.20 19:18:30.358,1.51887,1.51903,1.31,1.25
2017.12.20 19:18:30.889,1.51887,1.51903,1.12,1.25
2017.12.20 19:18:30.941,1.51886,1.51901,1.00,1.00
2017.12.20 19:18:31.457,1.51885,1.51901,1.50,1.69
2017.12.20 19:18:31.981,1.51886,1.51901,1.87,1.19
2017.12.20 19:18:32.566,1.51886,1.51901,1.12,1.19
2017.12.20 19:18:35.340,1.51886,1.51901,1.44,1.19
2017.12.20 19:18:35.841,1.51886,1.51901,1.25,1.19
2017.12.20 19:18:37.390,1.51881,1.51899,3.37,1.19
2017.12.20 19:18:37.698,1.51882,1.51897,1.37,1.19
2017.12.20 19:18:38.295,1.51882,1.51897,1.00,1.31
2017.12.20 19:18:39.449,1.51883,1.51897,1.12,1.00
2017.12.20 19:18:39.554,1.51883,1.51901,3.00,1.87
2017.12.20 19:18:39.862,1.51884,1.51901,1.37,1.69
2017.12.20 19:18:41.338,1.51884,1.51901,1.50,1.31
2017.12.20 19:18:42.343,1.51883,1.51899,1.50,1.56
2017.12.20 19:18:42.907,1.51882,1.51898,1.25,1.69
2017.12.20 19:18:43.425,1.51881,1.51898,2.25,1.56
2017.12.20 19:18:44.019,1.51882,1.51898,1.00,1.69
2017.12.20 19:18:47.182,1.51881,1.51895,1.87,1.25
2017.12.20 19:18:47.697,1.51879,1.51895,1.69,1.31
2017.12.20 19:18:48.190,1.51876,1.51893,2.06,1.69
2017.12.20 19:18:48.242,1.51874,1.5189,2.06,1.25
2017.12.20 19:18:48.756,1.51874,1.5189,1.31,2.62
2017.12.20 19:18:49.652,1.51874,1.5189,1.19,1.31
2017.12.20 19:18:50.197,1.51874,1.5189,2.81,1.00
2017.12.20 19:18:53.716,1.51875,1.5189,1.12,1.00
2017.12.20 19:18:54.295,1.51874,1.5189,2.19,1.00
2017.12.20 19:18:58.894,1.51874,1.5189,2.06,1.00
2017.12.20 19:18:59.826,1.51875,1.5189,1.12,1.00
2017.12.20 19:19:01.550,1.51874,1.5189,1.00,1.31
2017.12.20 19:19:01.602,1.51872,1.51887,1.50,1.00
2017.12.20 19:19:02.110,1.51872,1.51887,1.50,1.00
2017.12.20 19:19:02.618,1.51871,1.51887,2.81,1.19
2017.12.20 19:19:03.126,1.51871,1.51887,1.87,1.69
2017.12.20 19:19:04.089,1.51871,1.51887,1.12,1.19
2017.12.20 19:19:08.226,1.51878,1.5189,1.00,2.06
2017.12.20 19:19:08.329,1.51882,1.51894,1.00,1.00
2017.12.20 19:19:08.382,1.51882,1.51899,1.12,1.19
2017.12.20 19:19:08.749,1.51878,1.51894,1.00,1.69
2017.12.20 19:19:08.853,1.51878,1.51896,1.31,1.56
2017.12.20 19:19:08.957,1.51882,1.51897,1.00,1.37
2017.12.20 19:19:09.477,1.51881,1.51897,2.06,1.37
2017.12.20 19:19:09.988,1.51882,1.51897,1.00,1.19
2017.12.20 19:19:10.793,1.51881,1.51897,1.50,1.19
2017.12.20 19:19:11.132,1.51877,1.51892,2.25,1.87
2017.12.20 19:19:11.441,1.51876,1.51891,1.37,2.25
2017.12.20 19:19:12.080,1.51876,1.51891,1.00,3.56
2017.12.20 19:19:14.554,1.51876,1.51892,1.50,1.19
2017.12.20 19:19:14.660,1.51879,1.51894,1.00,1.69
2017.12.20 19:19:14.969,1.51877,1.51893,1.00,1.31
2017.12.20 19:19:15.138,1.51877,1.51893,1.25,1.69
2017.12.20 19:19:15.345,1.51877,1.51893,1.25,1.50
2017.12.20 19:19:15.397,1.51877,1.51892,1.12,1.25
2017.12.20 19:19:16.196,1.51877,1.51893,1.69,1.50
2017.12.20 19:19:23.692,1.51877,1.51892,1.44,1.19
2017.12.20 19:19:24.209,1.51877,1.51892,1.87,1.19
2017.12.20 19:19:24.748,1.51877,1.51892,1.44,1.19
2017.12.20 19:19:25.337,1.51877,1.51892,1.87,1.19
2017.12.20 19:19:25.891,1.51877,1.51893,1.44,1.19
2017.12.20 19:19:26.381,1.5188,1.51896,1.69,2.81
2017.12.20 19:19:26.932,1.5188,1.51895,1.00,1.69
2017.12.20 19:19:28.688,1.51878,1.51894,1.00,2.06
2017.12.20 19:19:28.948,1.51875,1.51891,1.81,1.00
2017.12.20 19:19:29.467,1.51875,1.51891,1.50,1.19
2017.12.20 19:19:30.869,1.51875,1.51891,1.25,1.19
2017.12.20 19:19:31.371,1.51875,1.51891,1.44,1.31
2017.12.20 19:19:31.881,1.51875,1.51891,1.00,1.31
2017.12.20 19:19:33.864,1.51875,1.51891,1.00,1.69
2017.12.20 19:19:34.388,1.51875,1.51891,1.00,1.87
2017.12.20 19:19:36.210,1.51878,1.51892,1.00,1.56
2017.12.20 19:19:36.266,1.51875,1.5189,2.06,1.00
2017.12.20 19:19:36.434,1.51875,1.51889,1.87,1.19
2017.12.20 19:19:36.847,1.51875,1.51886,1.00,1.00
2017.12.20 19:19:37.210,1.51871,1.51884,1.25,1.25
2017.12.20 19:19:37.792,1.51874,1.51885,1.00,1.00
2017.12.20 19:19:37.844,1.51872,1.51887,1.12,1.31
2017.12.20 19:19:37.896,1.51874,1.51887,1.00,1.63
2017.12.20 19:19:37.948,1.51873,1.51887,1.87,1.13
2017.12.20 19:19:38.154,1.51871,1.51885,2.62,1.00
2017.12.20 19:19:38.769,1.51873,1.51889,1.50,2.44
2017.12.20 19:19:39.101,1.51871,1.51887,1.87,1.19
2017.12.20 19:19:39.637,1.51871,1.51887,1.25,1.44
2017.12.20 19:19:41.048,1.51871,1.51887,1.38,1.44
2017.12.20 19:19:41.560,1.51871,1.51887,2.06,1.31
2017.12.20 19:19:42.079,1.51871,1.51889,1.44,2.44
2017.12.20 19:19:42.356,1.51872,1.51889,2.06,1.31
2017.12.20 19:19:42.561,1.51872,1.51889,1.25,1.69
2017.12.20 19:19:42.765,1.51875,1.51889,1.00,1.69
2017.12.20 19:19:43.304,1.51876,1.51889,1.00,1.63
2017.12.20 19:19:43.818,1.51876,1.51889,1.00,1.63
2017.12.20 19:19:45.381,1.51878,1.51892,1.00,1.44
2017.12.20 19:19:45.563,1.51876,1.51892,1.87,1.75
2017.12.20 19:19:45.667,1.51878,1.5189,1.00,1.00
2017.12.20 19:19:46.186,1.51878,1.51891,1.00,1.13
2017.12.20 19:19:46.689,1.51878,1.5189,1.00,1.25
2017.12.20 19:19:48.334,1.51878,1.5189,1.00,1.38
2017.12.20 19:19:48.706,1.51876,1.51888,1.00,1.25
2017.12.20 19:19:49.764,1.51876,1.51888,1.00,1.31
2017.12.20 19:19:50.411,1.51875,1.51888,1.00,2.06
2017.12.20 19:19:50.894,1.51877,1.51889,1.00,2.44
2017.12.20 19:19:51.607,1.51876,1.51889,1.00,2.44
2017.12.20 19:19:52.328,1.51876,1.51888,1.00,1.13
2017.12.20 19:19:53.046,1.51878,1.51891,1.00,1.69
2017.12.20 19:19:53.518,1.51876,1.51892,1.00,2.44
2017.12.20 19:19:53.639,1.51876,1.51892,1.00,2.06
2017.12.20 19:19:54.195,1.51877,1.51892,1.00,2.06
2017.12.20 19:19:54.698,1.51878,1.51892,1.00,1.62
2017.12.20 19:19:55.430,1.51879,1.51892,1.00,1.62
2017.12.20 19:19:58.837,1.51877,1.51892,1.00,1.62
2017.12.20 19:19:59.137,1.51879,1.51894,1.00,4.12
2017.12.20 19:19:59.653,1.51878,1.51893,1.50,1.81
2017.12.20 19:20:00.870,1.51879,1.51894,1.00,1.56
2017.12.20 19:20:00.923,1.51879,1.51894,1.00,1.12
2017.12.20 19:20:01.181,1.51881,1.51894,1.00,1.12
2017.12.20 19:20:01.712,1.51882,1.51894,1.00,1.12
2017.12.20 19:20:02.624,1.51881,1.51894,1.00,1.00
2017.12.20 19:20:03.144,1.51882,1.51894,1.00,1.00
2017.12.20 19:20:12.436,1.51882,1.51897,1.00,3.75
2017.12.20 19:20:14.192,1.51881,1.51897,1.00,3.75
2017.12.20 19:20:14.601,1.51882,1.51896,1.00,2.06
2017.12.20 19:20:18.808,1.51881,1.51895,1.00,1.19
2017.12.20 19:20:21.081,1.51885,1.51898,1.31,1.19
2017.12.20 19:20:21.392,1.5189,1.51904,1.00,1.69
2017.12.20 19:20:22.563,1.51891,1.51904,1.00,1.19
2017.12.20 19:20:25.215,1.51892,1.51906,1.00,2.06
2017.12.20 19:20:25.746,1.51891,1.51906,1.00,2.06
2017.12.20 19:20:25.798,1.51893,1.51906,1.00,2.06
2017.12.20 19:20:26.302,1.51892,1.51906,1.00,2.06
2017.12.20 19:20:27.018,1.51891,1.51906,1.00,2.06
2017.12.20 19:20:27.554,1.51892,1.51906,1.00,2.06
2017.12.20 19:20:28.230,1.51892,1.51906,1.00,2.06
2017.12.20 19:20:28.944,1.51892,1.51906,1.00,2.06
2017.12.20 19:20:30.560,1.51891,1.51906,1.00,1.19
2017.12.20 19:20:33.616,1.51892,1.51906,1.00,1.19
2017.12.20 19:20:34.608,1.51892,1.51906,1.00,1.19
2017.12.20 19:20:35.674,1.51891,1.51906,1.00,1.19
2017.12.20 19:20:47.120,1.51892,1.51906,1.00,1.31
2017.12.20 19:20:48.769,1.51891,1.51906,1.00,1.31
2017.12.20 19:20:49.546,1.5189,1.51906,1.00,1.81
2017.12.20 19:20:49.803,1.51887,1.51902,1.00,3.19
2017.12.20 19:20:49.855,1.51887,1.519,1.00,1.00
2017.12.20 19:20:50.189,1.5189,1.51905,2.44,1.00
2017.12.20 19:20:50.344,1.51893,1.51905,1.00,1.13
2017.12.20 19:20:50.448,1.5189,1.51905,1.50,1.25
2017.12.20 19:20:50.552,1.5189,1.51903,1.00,2.06
2017.12.20 19:20:50.707,1.51886,1.51899,1.50,1.00
2017.12.20 19:20:51.211,1.51887,1.519,1.13,1.00
2017.12.20 19:20:51.746,1.51887,1.51902,1.13,1.88
2017.12.20 19:20:52.276,1.51887,1.51903,1.44,1.88
2017.12.20 19:20:52.724,1.51887,1.51904,1.38,2.81
2017.12.20 19:20:53.428,1.51889,1.51904,1.25,3.56
2017.12.20 19:20:53.740,1.5189,1.51905,1.38,2.06
2017.12.20 19:20:54.332,1.5189,1.51905,1.38,1.19
2017.12.20 19:20:54.845,1.51891,1.51905,1.88,1.25
2017.12.20 19:20:57.704,1.51889,1.51903,1.00,1.50
2017.12.20 19:20:58.246,1.51888,1.51902,1.44,1.31
2017.12.20 19:20:58.991,1.51888,1.51902,1.44,2.06
2017.12.20 19:20:59.527,1.51888,1.51902,1.25,1.50
2017.12.20 19:21:00.068,1.51888,1.51902,1.25,2.06
2017.12.20 19:21:00.583,1.51888,1.51902,1.00,1.88
2017.12.20 19:21:01.107,1.51888,1.51902,1.44,2.06
2017.12.20 19:21:02.475,1.51888,1.51903,1.44,3.94
2017.12.20 19:21:04.896,1.51888,1.51902,1.13,1.44
2017.12.20 19:21:05.304,1.51888,1.51902,1.88,1.31
2017.12.20 19:21:06.171,1.51888,1.51902,1.88,1.19
2017.12.20 19:21:07.086,1.51888,1.51903,1.38,1.31
2017.12.20 19:21:07.265,1.51888,1.51903,1.00,1.81
2017.12.20 19:21:09.339,1.51886,1.519,1.88,1.31
2017.12.20 19:21:10.711,1.51886,1.51901,1.00,2.81
2017.12.20 19:21:11.020,1.51886,1.519,1.38,1.31
2017.12.20 19:21:11.649,1.51886,1.51901,1.38,2.06
2017.12.20 19:21:13.374,1.51886,1.519,1.38,1.25
2017.12.20 19:21:14.375,1.51886,1.51901,1.25,3.56
2017.12.20 19:21:14.477,1.51886,1.519,1.38,1.31
2017.12.20 19:21:15.314,1.51886,1.519,1.38,1.62
2017.12.20 19:21:15.569,1.51886,1.51901,1.25,2.81
2017.12.20 19:21:16.095,1.51886,1.519,1.38,1.62
2017.12.20 19:21:18.103,1.51886,1.51902,1.44,1.56
2017.12.20 19:21:18.155,1.51888,1.51904,1.38,1.87
2017.12.20 19:21:18.598,1.51889,1.51904,1.44,1.12
2017.12.20 19:21:19.247,1.51889,1.51905,1.38,1.50
2017.12.20 19:21:19.791,1.51892,1.51907,1.44,2.63
2017.12.20 19:21:20.059,1.51894,1.5191,1.00,2.25
2017.12.20 19:21:20.418,1.51896,1.5191,1.00,2.44
2017.12.20 19:21:20.944,1.51895,1.51908,1.00,1.25
2017.12.20 19:21:20.996,1.5189,1.51906,1.13,1.50
2017.12.20 19:21:21.512,1.51891,1.51906,1.00,2.44
2017.12.20 19:21:22.062,1.51892,1.51906,1.00,2.44
2017.12.20 19:21:22.658,1.5189,1.51906,1.50,2.44
2017.12.20 19:21:22.711,1.5189,1.51906,1.88,2.44
2017.12.20 19:21:22.864,1.5189,1.51906,1.69,2.25
2017.12.20 19:21:23.663,1.51891,1.51905,1.00,1.00
2017.12.20 19:21:24.242,1.51892,1.51906,1.00,3.00
2017.12.20 19:21:24.535,1.5189,1.51904,1.69,1.00
2017.12.20 19:21:25.375,1.5189,1.51905,1.00,1.87
2017.12.20 19:21:25.481,1.5189,1.51905,1.50,2.25
2017.12.20 19:21:26.002,1.5189,1.51905,1.00,2.06
2017.12.20 19:21:26.597,1.5189,1.51905,1.00,2.25
2017.12.20 19:21:27.126,1.5189,1.51905,1.00,2.25
2017.12.20 19:21:28.756,1.5189,1.51905,1.00,2.06
2017.12.20 19:21:29.239,1.51887,1.51904,1.19,1.62
2017.12.20 19:21:29.461,1.51883,1.51899,1.37,1.00
2017.12.20 19:21:30.133,1.51883,1.51899,1.00,1.81
2017.12.20 19:21:34.857,1.51883,1.519,1.44,2.25
2017.12.20 19:21:35.772,1.51883,1.519,1.25,2.44
2017.12.20 19:21:38.746,1.51881,1.51899,1.37,1.31
2017.12.20 19:21:39.059,1.51884,1.51902,1.00,3.19
2017.12.20 19:21:39.595,1.51884,1.51899,1.00,1.00
2017.12.20 19:21:41.692,1.51884,1.519,1.00,2.06
2017.12.20 19:21:42.242,1.51884,1.51899,1.00,1.00
2017.12.20 19:21:42.619,1.51884,1.51902,3.75,1.31
2017.12.20 19:21:42.671,1.51887,1.51903,1.25,2.06
2017.12.20 19:21:43.203,1.51887,1.51903,1.87,1.56
2017.12.20 19:21:45.141,1.51887,1.51903,1.31,1.19
2017.12.20 19:21:45.752,1.51887,1.51903,2.25,1.19
2017.12.20 19:21:46.247,1.51884,1.51899,1.81,1.25
2017.12.20 19:21:46.299,1.51884,1.51898,1.44,1.00
2017.12.20 19:21:46.828,1.51884,1.51898,1.00,1.19
2017.12.20 19:21:47.479,1.51884,1.51901,1.69,1.56
2017.12.20 19:21:47.686,1.51886,1.51902,1.50,1.19
2017.12.20 19:21:47.738,1.51886,1.51904,1.31,2.06
2017.12.20 19:21:48.301,1.51886,1.51904,3.19,1.19
2017.12.20 19:21:50.029,1.51886,1.51904,2.44,1.19
2017.12.20 19:21:51.160,1.51886,1.51904,3.37,1.25
2017.12.20 19:21:55.924,1.51886,1.51902,1.00,1.19
2017.12.20 19:21:56.472,1.51885,1.51899,1.00,1.25
2017.12.20 19:21:59.968,1.51885,1.519,1.00,1.69
2017.12.20 19:22:01.020,1.51885,1.519,1.00,1.69
2017.12.20 19:22:07.106,1.51885,1.51901,1.00,1.62
2017.12.20 19:22:07.414,1.51888,1.51901,1.12,1.25
2017.12.20 19:22:07.676,1.51889,1.51905,1.69,1.37
2017.12.20 19:22:07.728,1.51889,1.51905,1.69,1.12
2017.12.20 19:22:09.315,1.51889,1.51905,1.19,1.25
2017.12.20 19:22:09.893,1.51888,1.51905,2.62,1.25
2017.12.20 19:22:11.203,1.51889,1.51905,1.25,1.19
2017.12.20 19:22:11.914,1.51891,1.51907,1.00,3.37
2017.12.20 19:22:18.861,1.51889,1.51905,1.00,1.56
2017.12.20 19:22:23.800,1.51889,1.51905,2.25,1.94
2017.12.20 19:22:26.264,1.51886,1.51902,1.50,3.37
2017.12.20 19:22:26.317,1.51887,1.51902,1.00,2.00
2017.12.20 19:22:26.826,1.51886,1.51902,1.50,1.50
2017.12.20 19:22:26.997,1.51888,1.51902,1.00,1.50
2017.12.20 19:22:27.533,1.51888,1.51902,1.00,1.12
2017.12.20 19:22:29.044,1.51886,1.51902,2.25,1.12
2017.12.20 19:22:29.887,1.51892,1.51906,1.00,1.00
2017.12.20 19:22:29.993,1.51892,1.51908,1.00,1.00
2017.12.20 19:22:32.732,1.51892,1.51908,2.25,1.00
2017.12.20 19:22:33.263,1.51893,1.51908,1.37,1.00
2017.12.20 19:22:33.873,1.51893,1.51908,1.12,1.69
2017.12.20 19:22:33.925,1.5189,1.51906,1.69,1.25
2017.12.20 19:22:34.029,1.5189,1.51907,1.00,2.44
2017.12.20 19:22:34.544,1.51889,1.51906,1.12,2.06
2017.12.20 19:22:35.822,1.5189,1.51907,1.25,1.62
2017.12.20 19:22:35.875,1.51889,1.51906,2.44,1.19
2017.12.20 19:22:36.083,1.51892,1.5191,1.00,3.00
2017.12.20 19:22:36.187,1.51892,1.51909,1.00,2.44
2017.12.20 19:22:36.911,1.51891,1.51906,1.00,1.31
2017.12.20 19:22:38.385,1.51891,1.51906,1.00,2.25
2017.12.20 19:22:38.437,1.51888,1.51904,1.12,1.56
2017.12.20 19:22:40.079,1.51888,1.51904,1.44,1.69
2017.12.20 19:22:40.982,1.51888,1.51904,1.12,1.69
2017.12.20 19:22:42.583,1.51888,1.51904,1.87,1.56
2017.12.20 19:22:43.276,1.5189,1.51906,1.25,2.62
2017.12.20 19:22:43.647,1.51894,1.51911,1.50,2.81
2017.12.20 19:22:43.789,1.51894,1.51912,1.87,2.06
2017.12.20 19:22:44.338,1.51894,1.51912,2.25,2.06
2017.12.20 19:22:44.442,1.51894,1.5191,1.12,1.69
2017.12.20 19:22:44.750,1.51891,1.51908,1.00,3.00
2017.12.20 19:22:46.192,1.51889,1.51906,1.37,1.69
2017.12.20 19:22:46.917,1.51889,1.51906,1.25,3.00
2017.12.20 19:22:49.177,1.51891,1.51908,1.12,1.25
2017.12.20 19:22:49.229,1.51894,1.5191,1.00,2.81
2017.12.20 19:22:51.505,1.51894,1.5191,1.00,1.81
2017.12.20 19:22:52.291,1.51894,1.5191,1.44,1.12
2017.12.20 19:22:52.911,1.51894,1.5191,1.87,1.25
2017.12.20 19:22:53.452,1.51896,1.51913,1.49,1.50
2017.12.20 19:22:53.906,1.51903,1.51913,1.25,1.31
2017.12.20 19:22:54.067,1.51912,1.51926,1.12,1.50
2017.12.20 19:22:54.120,1.5191,1.51924,1.87,1.00
2017.12.20 19:22:54.440,1.51909,1.51922,1.56,1.00
2017.12.20 19:22:54.752,1.51907,1.51921,1.12,1.87
2017.12.20 19:22:55.061,1.51906,1.51917,1.37,1.00
2017.12.20 19:22:55.217,1.51906,1.51919,1.37,1.00
2017.12.20 19:22:55.733,1.51906,1.51921,1.37,1.87
2017.12.20 19:22:56.297,1.51906,1.51921,1.00,2.06
2017.12.20 19:22:56.811,1.51904,1.5192,1.62,1.50
2017.12.20 19:22:57.298,1.51902,1.51917,1.62,1.50
2017.12.20 19:22:57.830,1.51902,1.51918,1.94,1.25
2017.12.20 19:22:58.401,1.5191,1.51923,1.56,1.87
2017.12.20 19:22:58.453,1.51913,1.51924,1.00,1.00
2017.12.20 19:22:58.505,1.5191,1.51926,1.87,1.25
2017.12.20 19:22:58.663,1.51909,1.51925,2.00,1.38
2017.12.20 19:22:58.930,1.51905,1.51919,1.69,1.13
2017.12.20 19:22:58.985,1.51905,1.51916,1.50,1.00
2017.12.20 19:22:59.730,1.51905,1.51917,1.37,1.87
2017.12.20 19:23:00.083,1.51903,1.51916,1.38,1.00
2017.12.20 19:23:00.612,1.51903,1.51917,1.13,1.87
2017.12.20 19:23:01.769,1.51903,1.51919,1.63,1.69
2017.12.20 19:23:02.134,1.51906,1.5192,1.88,1.25
2017.12.20 19:23:02.793,1.51906,1.51919,1.13,1.25
2017.12.20 19:23:03.775,1.51902,1.51917,1.75,1.00
2017.12.20 19:23:04.320,1.51904,1.51917,1.00,1.00
2017.12.20 19:23:05.414,1.51903,1.51919,1.38,1.31
2017.12.20 19:23:06.014,1.51903,1.51919,1.91,1.31
2017.12.20 19:23:06.589,1.51902,1.5192,2.44,3.19
2017.12.20 19:23:06.641,1.51902,1.51919,2.44,1.31
2017.12.20 19:23:07.684,1.51902,1.5192,2.00,2.06
2017.12.20 19:23:08.193,1.51902,1.5192,2.44,2.81
2017.12.20 19:23:08.759,1.51904,1.5192,1.44,2.81
2017.12.20 19:23:09.084,1.51904,1.51919,1.38,1.12
2017.12.20 19:23:09.186,1.51904,1.5192,1.38,2.81
2017.12.20 19:23:09.238,1.51904,1.51919,1.38,1.12
2017.12.20 19:23:11.718,1.51903,1.51919,1.69,1.12
2017.12.20 19:23:12.273,1.51907,1.51919,1.00,1.12
2017.12.20 19:23:12.634,1.51906,1.51921,1.38,2.06
2017.12.20 19:23:13.243,1.51908,1.51921,1.50,1.00
2017.12.20 19:23:13.753,1.51908,1.51923,1.12,2.81
2017.12.20 19:23:14.540,1.51908,1.5192,1.00,1.00
2017.12.20 19:23:15.053,1.51908,1.51921,1.00,1.00
2017.12.20 19:23:15.586,1.51908,1.5192,1.00,1.00
2017.12.20 19:23:15.690,1.51905,1.51921,1.62,1.88
2017.12.20 19:23:16.164,1.51905,1.51918,1.37,1.00
2017.12.20 19:23:16.676,1.51905,1.51918,1.00,1.00
2017.12.20 19:23:17.548,1.51905,1.51919,1.00,1.12
2017.12.20 19:23:18.128,1.51905,1.51918,1.00,1.00
2017.12.20 19:23:18.647,1.51905,1.51919,1.00,1.12
2017.12.20 19:23:19.156,1.51905,1.51918,1.00,1.00
2017.12.20 19:23:20.138,1.51905,1.5192,1.00,3.00
2017.12.20 19:23:20.753,1.51905,1.51919,1.00,1.19
2017.12.20 19:23:22.736,1.51905,1.51918,1.00,1.63
2017.12.20 19:23:22.788,1.519,1.51915,1.44,1.25
2017.12.20 19:23:23.333,1.519,1.51915,1.25,1.31
2017.12.20 19:23:23.842,1.519,1.51915,1.44,1.25
2017.12.20 19:23:24.428,1.519,1.51916,1.25,1.31
2017.12.20 19:23:25.764,1.51899,1.51912,1.44,1.00
2017.12.20 19:23:25.867,1.51899,1.51913,1.13,1.50
2017.12.20 19:23:25.918,1.51899,1.51912,1.38,1.00
2017.12.20 19:23:27.155,1.51899,1.51915,1.38,1.69
2017.12.20 19:23:27.258,1.51899,1.51915,1.44,1.25
2017.12.20 19:23:27.361,1.51899,1.51912,1.38,1.00
2017.12.20 19:23:28.625,1.51899,1.51912,1.38,1.00
2017.12.20 19:23:29.134,1.51899,1.51912,1.38,1.00
2017.12.20 19:23:29.343,1.51899,1.51915,1.63,1.69
2017.12.20 19:23:30.237,1.51899,1.51915,2.44,1.25
2017.12.20 19:23:30.581,1.51901,1.51918,1.38,1.19
2017.12.20 19:23:30.788,1.51905,1.51921,1.63,1.56
2017.12.20 19:23:31.304,1.51905,1.51921,1.88,1.56
2017.12.20 19:23:31.612,1.51905,1.51921,1.00,1.56
2017.12.20 19:23:31.820,1.51905,1.51919,1.38,1.00
2017.12.20 19:23:32.353,1.51905,1.5192,1.44,1.19
2017.12.20 19:23:32.886,1.51905,1.5192,1.00,1.69
2017.12.20 19:23:33.398,1.51905,1.51919,1.38,1.19
2017.12.20 19:23:33.989,1.51905,1.5192,1.25,1.31
2017.12.20 19:23:36.076,1.51905,1.5192,1.38,1.19
2017.12.20 19:23:36.437,1.51905,1.51919,1.38,1.19
2017.12.20 19:23:36.939,1.51905,1.5192,1.44,1.69
2017.12.20 19:23:37.484,1.51905,1.51919,1.63,1.19
2017.12.20 19:23:38.793,1.51905,1.5192,1.88,1.69
2017.12.20 19:23:39.339,1.51905,1.5192,1.13,1.69
2017.12.20 19:23:39.734,1.51905,1.51919,1.38,1.19
2017.12.20 19:23:40.299,1.51905,1.51919,1.25,1.19
2017.12.20 19:23:42.155,1.51905,1.51919,1.38,2.06
2017.12.20 19:23:42.715,1.51905,1.51919,1.13,1.19
2017.12.20 19:23:43.227,1.51905,1.51919,1.38,2.06
2017.12.20 19:23:43.685,1.51905,1.5192,1.88,1.12
2017.12.20 19:23:43.737,1.51906,1.51921,1.38,1.69
2017.12.20 19:23:44.052,1.51908,1.51924,1.19,3.56
2017.12.20 19:23:44.947,1.51908,1.51923,1.38,1.25
2017.12.20 19:23:45.050,1.51908,1.51922,1.00,1.00
2017.12.20 19:23:45.102,1.51908,1.51924,1.50,1.69
2017.12.20 19:23:45.258,1.51908,1.51924,1.50,1.19
2017.12.20 19:23:45.795,1.51908,1.51924,1.31,1.19
2017.12.20 19:23:46.344,1.51908,1.51924,1.69,1.19
2017.12.20 19:23:46.774,1.51908,1.51924,1.69,1.19
2017.12.20 19:23:47.214,1.51909,1.51925,1.63,1.19
2017.12.20 19:23:47.418,1.51909,1.51925,1.25,1.19
2017.12.20 19:23:47.716,1.51908,1.51924,1.00,2.62
2017.12.20 19:23:48.789,1.51908,1.51924,1.63,1.87
2017.12.20 19:23:49.219,1.51908,1.51924,1.63,1.19
2017.12.20 19:23:49.770,1.51909,1.51926,1.44,1.56
2017.12.20 19:23:50.085,1.51909,1.51926,1.56,1.44
2017.12.20 19:23:50.137,1.51909,1.51926,1.31,1.19
2017.12.20 19:23:50.434,1.51909,1.51926,1.56,1.44
2017.12.20 19:23:50.851,1.51909,1.51924,1.12,1.81
2017.12.20 19:23:50.903,1.51909,1.51926,1.88,1.19
2017.12.20 19:23:51.471,1.51909,1.51927,1.69,3.19
2017.12.20 19:23:52.740,1.51909,1.51927,1.69,4.12
2017.12.20 19:23:53.255,1.51909,1.51927,1.69,2.81
2017.12.20 19:23:53.835,1.51909,1.51926,1.69,1.19
2017.12.20 19:23:53.887,1.51909,1.51927,1.69,4.69
2017.12.20 19:23:54.390,1.51909,1.51926,1.69,1.19
2017.12.20 19:23:55.109,1.51909,1.51925,1.69,1.19
2017.12.20 19:23:55.525,1.51907,1.51923,1.00,3.19
2017.12.20 19:23:56.037,1.51904,1.51919,1.31,1.56
2017.12.20 19:23:56.551,1.51904,1.51918,1.00,1.31
2017.12.20 19:23:56.933,1.51902,1.51916,1.00,1.31
2017.12.20 19:23:58.041,1.51899,1.51914,1.50,1.25
2017.12.20 19:23:58.285,1.51899,1.51914,1.25,1.19
2017.12.20 19:23:58.598,1.51901,1.51916,1.44,1.87
2017.12.20 19:23:58.857,1.51901,1.51916,1.13,1.44
2017.12.20 19:24:02.019,1.51901,1.51917,1.50,1.87
2017.12.20 19:24:03.168,1.51901,1.51917,1.88,1.19
2017.12.20 19:24:03.674,1.51901,1.51917,1.63,1.19
2017.12.20 19:24:04.192,1.51901,1.51917,1.44,1.19
2017.12.20 19:24:04.794,1.51901,1.51917,2.06,1.19
2017.12.20 19:24:05.101,1.51901,1.51917,1.00,1.19
2017.12.20 19:24:05.608,1.51901,1.51917,1.37,1.19
2017.12.20 19:24:06.187,1.51901,1.51916,1.69,1.19
2017.12.20 19:24:06.822,1.51901,1.51917,2.25,3.56
2017.12.20 19:24:07.411,1.51901,1.51917,1.13,2.81
2017.12.20 19:24:07.934,1.51901,1.51916,1.63,1.19
2017.12.20 19:24:08.418,1.51901,1.51916,1.63,1.19
2017.12.20 19:24:08.688,1.51901,1.51917,1.88,2.81
2017.12.20 19:24:09.198,1.51901,1.51915,1.63,1.25
2017.12.20 19:24:09.708,1.51901,1.51917,1.38,1.19
2017.12.20 19:24:10.434,1.51901,1.51917,1.63,1.69
2017.12.20 19:24:10.934,1.51901,1.51917,1.63,1.25
2017.12.20 19:24:11.438,1.51902,1.51917,1.38,1.25
2017.12.20 19:24:11.492,1.51904,1.51919,1.50,1.19
2017.12.20 19:24:11.648,1.51907,1.51923,1.50,1.25
2017.12.20 19:24:13.984,1.51909,1.51925,1.44,2.06
2017.12.20 19:24:14.536,1.51909,1.51925,1.63,3.00
2017.12.20 19:24:14.756,1.51909,1.51925,2.06,2.25
2017.12.20 19:24:15.279,1.51909,1.51925,1.44,2.25
2017.12.20 19:24:15.690,1.51909,1.51924,1.00,1.81
2017.12.20 19:24:15.999,1.51904,1.51914,1.00,1.25
2017.12.20 19:24:16.358,1.51901,1.51914,1.25,1.25
2017.12.20 19:24:18.376,1.51901,1.51913,1.00,1.00
2017.12.20 19:24:18.857,1.51901,1.51913,1.00,1.69
2017.12.20 19:24:18.910,1.51901,1.51914,1.00,1.69
2017.12.20 19:24:21.280,1.51901,1.51913,1.00,1.25
2017.12.20 19:24:22.156,1.51899,1.51914,1.38,1.19
2017.12.20 19:24:22.647,1.51903,1.51914,1.19,2.06
2017.12.20 19:24:22.702,1.51903,1.51915,1.44,1.25
2017.12.20 19:24:22.806,1.51902,1.51916,1.00,2.25
2017.12.20 19:24:23.343,1.51899,1.51913,1.00,1.31
2017.12.20 19:24:23.704,1.51899,1.51912,1.25,1.69
2017.12.20 19:24:29.511,1.51896,1.51909,1.63,1.25
2017.12.20 19:24:29.749,1.51896,1.5191,1.13,2.44
2017.12.20 19:24:30.261,1.51896,1.51909,1.13,2.44
2017.12.20 19:24:30.806,1.51896,1.51908,1.38,1.25
2017.12.20 19:24:30.960,1.51896,1.51909,1.25,1.69
2017.12.20 19:24:32.083,1.51896,1.51907,1.00,1.00
2017.12.20 19:24:32.586,1.51893,1.51908,1.44,1.25
2017.12.20 19:24:32.639,1.51893,1.51908,1.25,1.25
2017.12.20 19:24:32.794,1.51893,1.51909,1.00,3.19
2017.12.20 19:24:33.331,1.51893,1.51909,1.50,2.62
2017.12.20 19:24:33.852,1.51893,1.51907,1.31,1.69
2017.12.20 19:24:36.286,1.51893,1.51907,1.44,1.19
2017.12.20 19:24:36.825,1.51893,1.51908,1.13,2.44
2017.12.20 19:24:37.334,1.51893,1.51906,1.38,1.25
2017.12.20 19:24:37.796,1.51893,1.51907,1.38,1.31
2017.12.20 19:24:38.365,1.51896,1.51907,1.44,1.12
2017.12.20 19:24:38.674,1.51896,1.5191,1.63,1.56
2017.12.20 19:24:38.733,1.51896,1.51912,1.50,1.69
2017.12.20 19:24:38.786,1.51897,1.51915,1.56,2.25
2017.12.20 19:24:40.557,1.51898,1.51914,1.38,1.87
2017.12.20 19:24:41.071,1.51901,1.51914,1.25,1.12
2017.12.20 19:24:45.035,1.51901,1.51913,1.13,1.00
2017.12.20 19:24:45.552,1.51901,1.51914,1.25,1.12
2017.12.20 19:24:46.665,1.51901,1.51913,1.00,1.00
2017.12.20 19:24:47.232,1.51901,1.51914,1.00,3.00
2017.12.20 19:24:47.960,1.51901,1.51913,1.00,1.00
2017.12.20 19:24:48.064,1.51899,1.51913,1.00,1.00
2017.12.20 19:24:48.117,1.51904,1.51916,1.38,1.00
2017.12.20 19:24:48.170,1.51903,1.51917,2.25,1.19
2017.12.20 19:24:48.479,1.51903,1.51918,1.31,2.44
2017.12.20 19:24:49.222,1.51903,1.51916,1.25,1.00
2017.12.20 19:24:49.747,1.51903,1.51916,1.38,1.00
2017.12.20 19:24:50.252,1.51903,1.51916,1.13,1.00
2017.12.20 19:24:50.487,1.51903,1.51916,1.00,1.19
2017.12.20 19:24:51.043,1.519,1.51916,1.56,1.87
2017.12.20 19:24:51.641,1.51901,1.51916,1.25,1.69
2017.12.20 19:24:52.144,1.519,1.51916,2.06,2.06
2017.12.20 19:24:52.667,1.519,1.51916,1.88,1.87
2017.12.20 19:24:53.206,1.519,1.51916,2.06,2.44
2017.12.20 19:24:53.704,1.519,1.51916,1.25,2.06
2017.12.20 19:24:54.036,1.519,1.51916,1.37,1.31
2017.12.20 19:24:54.139,1.51903,1.51918,1.00,1.69
2017.12.20 19:24:54.371,1.51903,1.51919,1.69,1.31
2017.12.20 19:24:54.783,1.51903,1.51919,3.00,1.31
2017.12.20 19:24:55.153,1.51907,1.51919,1.00,1.31
2017.12.20 19:24:55.206,1.51907,1.51921,1.44,1.19
2017.12.20 19:24:55.310,1.51907,1.51922,1.38,1.25
2017.12.20 19:24:55.882,1.51907,1.51922,1.25,2.06
2017.12.20 19:24:56.825,1.51907,1.5192,1.00,1.50
2017.12.20 19:24:56.994,1.51903,1.51917,1.81,1.50
2017.12.20 19:24:57.101,1.51903,1.51916,1.94,1.00
2017.12.20 19:24:57.433,1.51903,1.51919,2.00,1.69
2017.12.20 19:24:57.991,1.51903,1.51919,1.94,2.63
2017.12.20 19:24:59.556,1.51903,1.51919,2.00,1.69
2017.12.20 19:24:59.871,1.51903,1.51919,2.00,2.63
2017.12.20 19:25:00.090,1.519,1.51918,2.06,2.81
2017.12.20 19:25:00.194,1.51901,1.51917,1.19,1.69
2017.12.20 19:25:00.733,1.519,1.51915,1.38,1.50
2017.12.20 19:25:01.677,1.519,1.51916,1.38,2.63
2017.12.20 19:25:02.285,1.519,1.51915,1.38,1.25
2017.12.20 19:25:02.766,1.519,1.51916,1.44,2.44
2017.12.20 19:25:03.287,1.519,1.51914,1.25,1.19
2017.12.20 19:25:03.845,1.519,1.51914,1.44,1.69
2017.12.20 19:25:05.243,1.519,1.51913,1.00,1.25
2017.12.20 19:25:07.010,1.51899,1.51913,1.00,1.31
2017.12.20 19:25:07.818,1.51899,1.51913,1.63,1.00
2017.12.20 19:25:08.335,1.51899,1.51914,1.38,1.88
2017.12.20 19:25:08.848,1.51899,1.51914,1.38,1.88
2017.12.20 19:25:09.398,1.51899,1.51913,1.38,1.00
2017.12.20 19:25:09.933,1.51899,1.51913,1.44,1.00
2017.12.20 19:25:11.616,1.51899,1.51913,1.63,1.50
2017.12.20 19:25:12.141,1.51899,1.51914,1.88,2.81
2017.12.20 19:25:12.693,1.51899,1.51913,1.63,1.00
2017.12.20 19:25:13.204,1.51899,1.51914,2.06,2.06
2017.12.20 19:25:13.891,1.519,1.51914,1.63,2.06
2017.12.20 19:25:14.737,1.519,1.51914,1.63,2.06
2017.12.20 19:25:15.799,1.519,1.51914,1.13,1.25
2017.12.20 19:25:16.327,1.51899,1.51914,2.63,1.25
2017.12.20 19:25:16.834,1.51899,1.51914,2.81,1.31
2017.12.20 19:25:17.629,1.51899,1.51914,2.81,1.31
2017.12.20 19:25:18.407,1.51899,1.51914,2.06,2.81
2017.12.20 19:25:18.921,1.519,1.51914,1.38,2.44
2017.12.20 19:25:19.286,1.51899,1.51912,1.38,1.12
2017.12.20 19:25:19.389,1.51899,1.51914,1.38,2.81
2017.12.20 19:25:19.544,1.519,1.51914,1.38,2.06
2017.12.20 19:25:20.305,1.519,1.51915,1.88,3.19
2017.12.20 19:25:21.063,1.51901,1.51916,1.88,1.87
2017.12.20 19:25:21.225,1.51901,1.51915,1.91,1.12
2017.12.20 19:25:22.069,1.51901,1.51915,1.88,1.31
2017.12.20 19:25:22.744,1.51903,1.51915,1.38,1.25
2017.12.20 19:25:23.735,1.51903,1.51916,1.38,1.19
2017.12.20 19:25:24.964,1.51902,1.51917,2.06,1.31
2017.12.20 19:25:25.504,1.51904,1.51916,1.13,1.19
2017.12.20 19:25:25.855,1.51912,1.51924,1.00,1.19
2017.12.20 19:25:26.369,1.51911,1.51925,1.25,1.31
2017.12.20 19:25:26.757,1.51909,1.51924,2.25,1.69
2017.12.20 19:25:26.914,1.51912,1.51925,1.25,1.19
2017.12.20 19:25:26.966,1.51912,1.51925,1.00,1.19
2017.12.20 19:25:27.484,1.51909,1.51925,2.44,1.19
2017.12.20 19:25:27.588,1.51912,1.51924,1.00,1.19
2017.12.20 19:25:28.123,1.51911,1.51925,1.00,1.69
2017.12.20 19:25:28.704,1.51912,1.51925,1.00,1.69
2017.12.20 19:25:29.268,1.5191,1.51924,1.13,2.81
2017.12.20 19:25:29.452,1.51912,1.51924,1.00,2.06
2017.12.20 19:25:30.043,1.51911,1.51924,1.00,1.31
2017.12.20 19:25:31.129,1.51912,1.51924,1.00,1.19
2017.12.20 19:25:31.635,1.51911,1.51924,1.00,1.19
2017.12.20 19:25:31.972,1.51909,1.51925,1.50,2.06
2017.12.20 19:25:32.684,1.51909,1.51923,2.06,1.19
2017.12.20 19:25:33.739,1.51909,1.51923,1.69,1.19
2017.12.20 19:25:40.252,1.5191,1.51924,1.00,1.31
2017.12.20 19:25:40.355,1.51908,1.51924,1.38,2.06
2017.12.20 19:25:40.407,1.51907,1.51924,1.63,2.25
2017.12.20 19:25:41.007,1.51909,1.51924,1.00,2.06
2017.12.20 19:25:42.185,1.51907,1.51924,2.06,2.44
2017.12.20 19:25:42.705,1.51907,1.5192,1.69,1.00
2017.12.20 19:25:43.016,1.51908,1.51924,1.38,2.06
2017.12.20 19:25:44.293,1.51908,1.51924,2.25,1.19
2017.12.20 19:25:44.807,1.51908,1.51924,2.44,2.44
2017.12.20 19:25:45.325,1.51909,1.51924,1.13,2.06
2017.12.20 19:25:45.855,1.51909,1.51924,1.31,2.25
2017.12.20 19:25:46.368,1.51908,1.51924,2.06,1.31
2017.12.20 19:25:46.833,1.51908,1.51924,2.06,2.81
2017.12.20 19:25:47.467,1.5191,1.51924,1.44,2.25
2017.12.20 19:25:48.178,1.5191,1.51924,1.69,1.50
2017.12.20 19:25:49.055,1.51908,1.5192,1.25,1.00
2017.12.20 19:25:49.579,1.51906,1.5192,1.31,1.69
2017.12.20 19:25:50.569,1.51905,1.5192,2.06,2.44
2017.12.20 19:25:50.705,1.51905,1.51918,1.50,1.00
2017.12.20 19:25:51.254,1.51905,1.51919,2.06,1.00
2017.12.20 19:25:52.735,1.51907,1.51919,1.00,1.00
2017.12.20 19:25:53.329,1.51905,1.5192,2.06,1.87
2017.12.20 19:25:53.638,1.51905,1.5192,1.88,2.06
2017.12.20 19:25:54.230,1.51905,1.5192,1.13,1.19
2017.12.20 19:25:54.774,1.51905,1.5192,1.88,1.69
2017.12.20 19:25:54.826,1.51905,1.51919,1.63,1.00
2017.12.20 19:25:55.731,1.51905,1.51919,1.63,1.00
2017.12.20 19:25:57.420,1.51906,1.51919,1.13,1.00
2017.12.20 19:25:57.577,1.51908,1.51922,1.38,1.19
2017.12.20 19:25:57.784,1.51908,1.51922,2.06,1.00
2017.12.20 19:25:58.145,1.51908,1.51923,2.44,1.25
2017.12.20 19:25:58.260,1.51908,1.51923,1.88,2.44
2017.12.20 19:25:58.619,1.51909,1.51923,1.00,1.50
2017.12.20 19:25:59.030,1.51909,1.51923,1.00,2.81
2017.12.20 19:25:59.562,1.51908,1.51923,1.50,1.12
2017.12.20 19:25:59.718,1.51908,1.51923,1.88,1.25
2017.12.20 19:26:00.296,1.51909,1.51924,1.25,1.50
2017.12.20 19:26:00.846,1.51909,1.51924,1.44,1.00
2017.12.20 19:26:01.480,1.51909,1.51924,2.06,1.13
2017.12.20 19:26:04.187,1.5191,1.51924,1.00,2.63
2017.12.20 19:26:04.239,1.5191,1.51924,1.00,1.50
2017.12.20 19:26:04.395,1.51908,1.51924,3.00,1.50
2017.12.20 19:26:04.973,1.51909,1.51924,1.00,1.50
2017.12.20 19:26:05.875,1.51909,1.51924,1.13,2.06
2017.12.20 19:26:06.432,1.51908,1.51924,3.00,1.69
2017.12.20 19:26:06.774,1.51906,1.51917,1.00,1.25
2017.12.20 19:26:06.829,1.51901,1.51916,1.50,1.31
2017.12.20 19:26:07.036,1.51901,1.51917,2.25,3.37
2017.12.20 19:26:07.089,1.51901,1.51917,1.50,2.44
2017.12.20 19:26:07.652,1.51903,1.51917,1.00,2.44
2017.12.20 19:26:08.063,1.51901,1.51916,2.63,1.00
2017.12.20 19:26:08.636,1.51901,1.51916,3.00,1.00
2017.12.20 19:26:10.807,1.51901,1.51916,2.81,1.25
2017.12.20 19:26:11.142,1.51902,1.51916,1.00,1.19
2017.12.20 19:26:11.690,1.51902,1.51916,1.00,1.69
2017.12.20 19:26:12.243,1.51903,1.51916,1.25,1.19
2017.12.20 19:26:12.606,1.51906,1.51917,1.44,2.81
2017.12.20 19:26:12.739,1.51905,1.51917,1.88,1.00
2017.12.20 19:26:12.792,1.51907,1.51921,1.50,2.06
2017.12.20 19:26:13.538,1.51906,1.51919,1.00,1.31
2017.12.20 19:26:14.233,1.51907,1.51919,1.00,1.19
2017.12.20 19:26:14.288,1.51905,1.51918,1.69,1.25
2017.12.20 19:26:14.341,1.51903,1.51917,1.38,1.31
2017.12.20 19:26:14.498,1.51902,1.51916,2.06,1.19
2017.12.20 19:26:15.038,1.51903,1.51916,1.44,1.69
2017.12.20 19:26:16.866,1.51904,1.51914,1.00,1.00
2017.12.20 19:26:18.090,1.51906,1.51915,1.25,2.06
2017.12.20 19:26:18.691,1.51901,1.51916,2.25,1.19
2017.12.20 19:26:19.239,1.51907,1.51916,1.13,1.19
2017.12.20 19:26:19.750,1.51906,1.51916,1.38,1.19
2017.12.20 19:26:20.254,1.51905,1.51916,1.38,1.19
2017.12.20 19:26:20.794,1.51906,1.51916,1.38,1.19
2017.12.20 19:26:22.553,1.51906,1.51916,1.44,1.19
2017.12.20 19:26:23.137,1.51905,1.51916,1.44,1.19
2017.12.20 19:26:23.712,1.51905,1.51916,1.38,1.19
2017.12.20 19:26:24.253,1.51904,1.51916,1.38,1.19
2017.12.20 19:26:24.583,1.51904,1.51916,1.50,1.19
2017.12.20 19:26:25.186,1.51904,1.51916,1.00,1.19
2017.12.20 19:26:25.238,1.51902,1.51913,2.06,1.19
2017.12.20 19:26:25.887,1.51902,1.51913,1.44,1.19
2017.12.20 19:26:26.043,1.51901,1.51913,1.25,1.19
2017.12.20 19:26:26.925,1.51899,1.51913,1.50,1.69
2017.12.20 19:26:27.440,1.51899,1.51913,1.12,1.19
2017.12.20 19:26:27.989,1.51899,1.51913,1.31,1.19
2017.12.20 19:26:28.617,1.51899,1.51913,1.25,1.19
2017.12.20 19:26:29.633,1.51899,1.51913,2.06,1.19
2017.12.20 19:26:30.146,1.51899,1.51913,1.25,1.19
2017.12.20 19:26:30.684,1.51899,1.51913,1.44,1.19
2017.12.20 19:26:31.288,1.51899,1.51912,2.06,1.25
2017.12.20 19:26:32.109,1.51899,1.51913,1.38,1.69
2017.12.20 19:26:32.774,1.51899,1.51913,1.50,1.69
2017.12.20 19:26:32.826,1.51899,1.5191,1.00,1.19
2017.12.20 19:26:32.879,1.51896,1.51908,1.25,1.19
2017.12.20 19:26:34.469,1.51893,1.51908,1.50,1.69
2017.12.20 19:26:34.572,1.51893,1.51905,1.69,1.19
2017.12.20 19:26:35.085,1.51893,1.51905,1.50,1.19
2017.12.20 19:26:35.800,1.51896,1.51909,1.12,1.19
2017.12.20 19:26:35.852,1.51896,1.5191,1.12,1.25
2017.12.20 19:26:36.380,1.51896,1.51909,2.06,1.00
2017.12.20 19:26:37.256,1.51896,1.51908,1.00,1.19
2017.12.20 19:26:38.323,1.51893,1.51907,1.31,1.19
2017.12.20 19:26:39.252,1.51892,1.51906,1.31,1.25
2017.12.20 19:26:40.736,1.5189,1.51904,1.75,1.19
2017.12.20 19:26:41.253,1.5189,1.51904,1.81,1.19
2017.12.20 19:26:41.612,1.5189,1.51904,2.44,1.19
2017.12.20 19:26:42.217,1.5189,1.51904,1.75,1.19
2017.12.20 19:26:43.253,1.5189,1.51904,2.44,1.19
2017.12.20 19:26:44.665,1.51892,1.51904,1.88,1.19
2017.12.20 19:26:44.718,1.51892,1.51904,1.69,1.19
2017.12.20 19:26:45.258,1.51892,1.51904,1.63,1.19
2017.12.20 19:26:45.872,1.51892,1.51904,1.13,1.19
2017.12.20 19:26:45.923,1.51892,1.51906,1.63,1.31
2017.12.20 19:26:46.455,1.51892,1.51906,1.13,1.31
2017.12.20 19:26:47.306,1.51892,1.51906,1.63,1.31
2017.12.20 19:26:48.152,1.51892,1.51906,2.06,1.31
2017.12.20 19:26:48.409,1.51892,1.51906,1.63,1.31
2017.12.20 19:26:49.017,1.51894,1.51906,1.44,1.31
2017.12.20 19:26:49.586,1.51892,1.51906,2.06,1.31
2017.12.20 19:26:50.571,1.51892,1.51906,1.56,1.31
2017.12.20 19:26:51.094,1.51894,1.51906,1.00,1.31
2017.12.20 19:26:52.121,1.51894,1.51906,1.88,1.31
2017.12.20 19:26:52.224,1.51894,1.51908,1.44,1.19
2017.12.20 19:26:52.361,1.51894,1.51905,1.44,1.19
2017.12.20 19:26:52.872,1.51894,1.51905,1.25,1.19
2017.12.20 19:26:53.335,1.51893,1.51905,2.06,1.19
2017.12.20 19:26:53.747,1.51894,1.5191,2.06,1.31
2017.12.20 19:26:54.391,1.51895,1.5191,1.13,1.31
2017.12.20 19:26:54.548,1.51897,1.5191,1.00,1.31
2017.12.20 19:26:54.705,1.51895,1.5191,1.13,3.19
2017.12.20 19:26:54.914,1.51894,1.51905,1.44,1.19
2017.12.20 19:26:55.464,1.51894,1.51905,1.25,1.19
2017.12.20 19:26:55.975,1.51893,1.51905,1.69,1.19
2017.12.20 19:26:56.517,1.51893,1.51905,2.06,1.19
2017.12.20 19:26:57.038,1.51893,1.51905,1.25,1.19
2017.12.20 19:26:57.621,1.51893,1.51905,1.63,1.19
2017.12.20 19:26:58.139,1.51893,1.51905,1.31,1.19
2017.12.20 19:26:58.655,1.51893,1.51905,2.06,1.19
2017.12.20 19:26:59.157,1.51893,1.51905,2.44,1.19
2017.12.20 19:26:59.685,1.51893,1.51905,1.44,1.19
2017.12.20 19:27:00.201,1.51893,1.51905,1.25,1.19
2017.12.20 19:27:00.669,1.51886,1.51898,1.25,1.31
2017.12.20 19:27:00.979,1.51884,1.51896,2.44,1.19
2017.12.20 19:27:01.500,1.51886,1.51896,2.06,1.19
2017.12.20 19:27:01.608,1.51886,1.51896,1.25,1.19
2017.12.20 19:27:01.817,1.51886,1.51896,1.38,1.19
2017.12.20 19:27:02.671,1.51884,1.51896,3.23,1.19
2017.12.20 19:27:03.215,1.51887,1.51897,1.38,1.31
2017.12.20 19:27:03.987,1.51887,1.51897,1.13,1.31
2017.12.20 19:27:07.450,1.51886,1.51897,1.88,1.31
2017.12.20 19:27:08.082,1.51886,1.51895,1.25,1.19
2017.12.20 19:27:08.605,1.51886,1.51895,1.44,1.19
2017.12.20 19:27:09.108,1.51885,1.51895,2.63,1.19
2017.12.20 19:27:09.805,1.51886,1.51895,1.44,1.19
2017.12.20 19:27:09.858,1.51887,1.51902,1.25,2.06
2017.12.20 19:27:09.912,1.51887,1.519,1.38,1.00
2017.12.20 19:27:10.087,1.51887,1.51899,1.50,1.00
2017.12.20 19:27:10.140,1.5189,1.51906,3.38,1.19
2017.12.20 19:27:10.246,1.5189,1.51906,4.88,1.19
2017.12.20 19:27:10.766,1.51891,1.51906,2.81,1.19
2017.12.20 19:27:12.098,1.51891,1.51908,1.88,1.69
2017.12.20 19:27:12.648,1.51891,1.51908,2.06,2.06
2017.12.20 19:27:13.182,1.5189,1.51907,3.75,1.56
2017.12.20 19:27:13.544,1.51888,1.51903,2.00,1.44
2017.12.20 19:27:13.596,1.51888,1.51903,1.31,1.31
2017.12.20 19:27:14.137,1.51888,1.51903,2.06,2.06
2017.12.20 19:27:14.700,1.51888,1.51903,1.25,1.56
2017.12.20 19:27:15.383,1.51888,1.51903,1.63,1.56
2017.12.20 19:27:16.383,1.51888,1.51903,1.00,2.44
2017.12.20 19:27:18.469,1.51883,1.519,5.06,1.25
2017.12.20 19:27:18.521,1.51893,1.519,1.00,1.00
2017.12.20 19:27:18.574,1.51889,1.51902,1.81,1.25
2017.12.20 19:27:18.781,1.51885,1.51897,3.00,1.00
2017.12.20 19:27:19.287,1.51885,1.51898,1.88,2.06
2017.12.20 19:27:19.494,1.51887,1.519,1.00,1.50
2017.12.20 19:27:19.653,1.51885,1.51897,1.88,1.00
2017.12.20 19:27:19.812,1.51884,1.51896,1.31,1.12
2017.12.20 19:27:19.864,1.51883,1.51894,1.38,1.12
2017.12.20 19:27:20.547,1.51884,1.51893,1.38,1.00
2017.12.20 19:27:20.599,1.51882,1.51893,1.38,1.00
2017.12.20 19:27:20.909,1.51882,1.51896,1.25,1.19
2017.12.20 19:27:20.961,1.51882,1.51896,2.63,1.19
2017.12.20 19:27:22.178,1.51882,1.51896,3.19,1.69
2017.12.20 19:27:22.703,1.51883,1.51896,1.38,1.69
2017.12.20 19:27:23.249,1.51882,1.51896,3.00,1.69
2017.12.20 19:27:23.948,1.51882,1.51893,1.12,1.87
2017.12.20 19:27:24.504,1.51878,1.51892,2.25,1.00
2017.12.20 19:27:24.916,1.51879,1.51895,1.69,1.50
2017.12.20 19:27:25.426,1.51879,1.51895,1.50,1.31
2017.12.20 19:27:25.786,1.51879,1.51896,1.69,2.81
2017.12.20 19:27:26.342,1.51878,1.51896,3.94,1.69
2017.12.20 19:27:26.880,1.51878,1.51896,2.44,1.25
2017.12.20 19:27:32.547,1.51878,1.51896,3.19,1.69
2017.12.20 19:27:32.701,1.51878,1.51896,2.44,2.44
2017.12.20 19:27:32.804,1.51878,1.51893,2.44,1.19
2017.12.20 19:27:33.323,1.51878,1.51893,2.44,1.19
2017.12.20 19:27:33.632,1.51878,1.51892,1.50,1.19
2017.12.20 19:27:34.423,1.51878,1.51892,1.25,1.19
2017.12.20 19:27:34.837,1.51878,1.51892,1.38,1.69
2017.12.20 19:27:34.889,1.51878,1.51894,1.38,1.19
2017.12.20 19:27:34.941,1.51876,1.5189,1.50,1.19
2017.12.20 19:27:35.304,1.51878,1.51891,1.38,1.31
2017.12.20 19:27:35.845,1.51878,1.51892,1.00,1.69
2017.12.20 19:27:36.499,1.51878,1.51891,1.38,1.25
2017.12.20 19:27:37.007,1.51878,1.5189,1.44,1.25
2017.12.20 19:27:37.550,1.51875,1.51889,2.44,1.69
2017.12.20 19:27:37.602,1.51875,1.51889,2.06,1.19
2017.12.20 19:27:38.145,1.51875,1.51889,2.44,1.69
2017.12.20 19:27:39.826,1.51871,1.51884,1.00,2.81
2017.12.20 19:27:40.390,1.51871,1.51882,1.38,1.25
2017.12.20 19:27:40.981,1.51871,1.51884,1.44,2.44
2017.12.20 19:27:41.087,1.51867,1.51884,2.44,2.44
2017.12.20 19:27:41.139,1.51869,1.51883,1.38,1.19
2017.12.20 19:27:41.192,1.51869,1.51883,1.00,1.19
2017.12.20 19:27:41.245,1.51868,1.51884,1.50,2.44
2017.12.20 19:27:41.657,1.51868,1.51883,2.44,1.19
2017.12.20 19:27:41.982,1.51869,1.51883,1.44,1.19
2017.12.20 19:27:42.034,1.5187,1.51884,1.38,1.69
2017.12.20 19:27:42.242,1.5187,1.51885,1.75,1.25
2017.12.20 19:27:42.398,1.51871,1.51886,1.62,2.44
2017.12.20 19:27:42.553,1.5187,1.51883,3.00,1.00
2017.12.20 19:27:42.656,1.5187,1.51884,2.25,1.87
2017.12.20 19:27:42.759,1.5187,1.51884,2.25,1.00
2017.12.20 19:27:43.021,1.5187,1.51883,1.00,1.19
2017.12.20 19:27:43.175,1.51869,1.51883,1.75,1.69
2017.12.20 19:27:43.278,1.51869,1.51883,1.81,1.69
2017.12.20 19:27:43.331,1.5187,1.51883,1.50,1.19
2017.12.20 19:27:45.544,1.5187,1.51884,2.25,1.19
2017.12.20 19:27:46.100,1.51871,1.51884,1.00,1.19
2017.12.20 19:27:46.498,1.5187,1.51884,1.75,1.69
2017.12.20 19:27:46.863,1.51867,1.51882,2.00,1.00
2017.12.20 19:27:46.967,1.51867,1.51881,1.38,1.00
2017.12.20 19:27:47.101,1.51867,1.51881,1.38,2.44
2017.12.20 19:27:47.410,1.51866,1.51881,3.19,1.19
2017.12.20 19:27:47.462,1.51871,1.51881,1.44,1.19
2017.12.20 19:27:47.996,1.51869,1.51881,1.63,1.19
2017.12.20 19:27:48.679,1.5187,1.51881,1.38,1.19
2017.12.20 19:27:48.781,1.51869,1.51881,1.19,1.19
2017.12.20 19:27:48.834,1.51869,1.51883,1.12,1.31
2017.12.20 19:27:48.887,1.51869,1.51883,1.63,1.31
2017.12.20 19:27:49.042,1.51873,1.51888,1.88,2.06
2017.12.20 19:27:49.095,1.51877,1.51888,1.44,1.19
2017.12.20 19:27:49.300,1.51876,1.51888,1.13,1.69
2017.12.20 19:27:49.352,1.51876,1.51888,1.38,1.19
2017.12.20 19:27:49.646,1.51876,1.5189,2.63,1.19
2017.12.20 19:27:50.196,1.51877,1.5189,1.38,1.19
2017.12.20 19:27:50.973,1.51876,1.5189,2.63,1.19
2017.12.20 19:27:51.522,1.51878,1.5189,1.38,1.19
2017.12.20 19:27:51.626,1.51876,1.5189,2.25,1.19
2017.12.20 19:27:52.074,1.51876,1.51888,1.00,1.19
2017.12.20 19:27:54.643,1.51873,1.51888,1.69,1.19
2017.12.20 19:27:55.156,1.51873,1.51888,1.13,3.19
2017.12.20 19:27:55.688,1.51873,1.51887,2.06,1.19
2017.12.20 19:27:56.338,1.51873,1.51884,1.00,2.06
2017.12.20 19:27:56.493,1.5187,1.51884,1.50,2.62
2017.12.20 19:27:56.648,1.51868,1.51884,2.81,4.50
2017.12.20 19:27:56.805,1.51868,1.51881,1.13,2.06
2017.12.20 19:27:57.232,1.51868,1.51881,1.38,2.81
2017.12.20 19:27:57.338,1.51868,1.51881,1.25,1.19
2017.12.20 19:27:59.218,1.51868,1.51881,1.44,1.56
2017.12.20 19:28:00.076,1.51868,1.51881,1.25,3.19
2017.12.20 19:28:00.627,1.51868,1.51881,1.38,2.44
2017.12.20 19:28:00.960,1.51868,1.51882,1.38,1.25
2017.12.20 19:28:01.431,1.51868,1.51882,1.38,1.25
2017.12.20 19:28:01.484,1.51868,1.51881,1.63,1.19
2017.12.20 19:28:02.756,1.51868,1.51884,2.06,2.63
2017.12.20 19:28:03.268,1.51866,1.51882,1.12,1.50
2017.12.20 19:28:03.373,1.51864,1.51879,1.38,2.06
2017.12.20 19:28:03.689,1.51868,1.51881,1.88,1.19
2017.12.20 19:28:04.295,1.51871,1.51881,1.25,1.19
2017.12.20 19:28:04.621,1.51868,1.51878,1.44,1.19
2017.12.20 19:28:04.845,1.5187,1.51882,1.38,1.19
2017.12.20 19:28:04.948,1.5187,1.51885,1.63,1.19
2017.12.20 19:28:05.553,1.51871,1.51885,1.63,1.19
2017.12.20 19:28:06.436,1.51871,1.51887,1.56,2.06
2017.12.20 19:28:06.592,1.51872,1.51887,1.38,1.69
2017.12.20 19:28:07.317,1.51874,1.51887,1.44,1.19
2017.12.20 19:28:07.421,1.51874,1.5189,3.94,2.06
2017.12.20 19:28:07.937,1.51874,1.51889,1.38,1.44
2017.12.20 19:28:08.433,1.51874,1.51887,1.63,1.19
2017.12.20 19:28:08.936,1.51873,1.51885,1.13,1.19
2017.12.20 19:28:10.438,1.51871,1.51885,1.69,1.19
2017.12.20 19:28:10.957,1.51873,1.51885,1.38,1.19
2017.12.20 19:28:11.255,1.51873,1.51885,1.25,1.19
2017.12.20 19:28:11.793,1.51873,1.51885,1.38,1.19
2017.12.20 19:28:12.533,1.51872,1.51885,1.88,1.19
2017.12.20 19:28:12.769,1.51875,1.51885,1.00,1.19
2017.12.20 19:28:12.820,1.51873,1.51885,1.25,1.19
2017.12.20 19:28:13.337,1.51873,1.51884,1.00,1.19
2017.12.20 19:28:13.846,1.51872,1.51884,1.88,1.19
2017.12.20 19:28:14.425,1.51872,1.51884,1.44,1.19
2017.12.20 19:28:15.253,1.51869,1.51884,1.94,1.19
2017.12.20 19:28:16.095,1.51872,1.51881,1.25,1.19
2017.12.20 19:28:16.253,1.5187,1.51888,2.44,2.44
2017.12.20 19:28:16.356,1.51874,1.51889,2.00,2.25
2017.12.20 19:28:16.896,1.51875,1.51888,1.00,1.25
2017.12.20 19:28:17.103,1.51875,1.51888,1.50,1.25
2017.12.20 19:28:18.205,1.51875,1.51889,2.63,1.19
2017.12.20 19:28:18.811,1.51876,1.51889,1.38,1.19
2017.12.20 19:28:19.005,1.51875,1.51889,3.94,1.19
2017.12.20 19:28:19.554,1.51876,1.51889,1.50,1.19
2017.12.20 19:28:20.062,1.51876,1.51889,1.19,1.19
2017.12.20 19:28:20.889,1.51875,1.51889,2.44,1.19
2017.12.20 19:28:21.438,1.51876,1.51889,1.63,1.19
2017.12.20 19:28:21.955,1.51875,1.51889,2.44,1.19
2017.12.20 19:28:22.495,1.51875,1.51889,2.44,1.19
2017.12.20 19:28:23.414,1.51875,1.51889,2.44,1.19
2017.12.20 19:28:23.827,1.51877,1.51889,1.38,1.19
2017.12.20 19:28:23.879,1.51876,1.51892,2.81,1.19
2017.12.20 19:28:23.931,1.51877,1.51892,1.35,1.19
2017.12.20 19:28:23.983,1.51878,1.51892,1.16,1.19
2017.12.20 19:28:24.189,1.51879,1.51892,1.50,1.19
2017.12.20 19:28:24.804,1.51876,1.51892,2.25,1.19
2017.12.20 19:28:25.325,1.51878,1.51892,1.31,1.19
2017.12.20 19:28:25.668,1.51876,1.5189,1.12,2.44
2017.12.20 19:28:25.720,1.51876,1.51888,1.00,1.31
2017.12.20 19:28:25.823,1.51871,1.51887,1.94,1.31
2017.12.20 19:28:25.977,1.51871,1.51885,1.44,1.19
2017.12.20 19:28:26.285,1.51872,1.51885,1.38,1.19
2017.12.20 19:28:26.539,1.51872,1.51888,1.69,1.19
2017.12.20 19:28:27.756,1.51876,1.51888,1.00,1.19
2017.12.20 19:28:27.859,1.51872,1.51887,1.50,1.44
2017.12.20 19:28:27.911,1.51872,1.51885,1.50,1.19
2017.12.20 19:28:28.119,1.51873,1.5189,1.50,2.06
2017.12.20 19:28:28.171,1.51875,1.5189,1.63,1.19
2017.12.20 19:28:28.328,1.51879,1.51893,1.38,1.69
2017.12.20 19:28:29.311,1.51879,1.51893,1.25,1.69
2017.12.20 19:28:29.618,1.51879,1.51893,1.38,1.69
2017.12.20 19:28:30.139,1.51878,1.51893,1.88,1.69
2017.12.20 19:28:30.830,1.51881,1.51893,1.44,1.25
2017.12.20 19:28:31.795,1.5188,1.51893,1.44,1.25
2017.12.20 19:28:31.847,1.51878,1.51893,1.19,1.25
2017.12.20 19:28:31.899,1.51877,1.51892,1.13,1.00
2017.12.20 19:28:32.436,1.51879,1.51892,1.44,1.00
2017.12.20 19:28:33.031,1.51878,1.51891,1.38,1.00
2017.12.20 19:28:33.943,1.51878,1.51892,1.38,1.87
2017.12.20 19:28:34.499,1.51878,1.51892,1.38,1.87
2017.12.20 19:28:35.160,1.51878,1.51891,1.38,1.00
2017.12.20 19:28:35.723,1.51877,1.51891,1.50,1.00
2017.12.20 19:28:36.410,1.51879,1.51893,1.25,1.25
2017.12.20 19:28:36.513,1.5188,1.51893,1.38,1.25
2017.12.20 19:28:38.327,1.51878,1.51893,1.91,1.69
2017.12.20 19:28:38.430,1.51877,1.51893,2.00,1.25
2017.12.20 19:28:38.533,1.51879,1.51893,1.38,1.69
2017.12.20 19:28:38.847,1.5188,1.51891,1.38,1.00
2017.12.20 19:28:39.068,1.51882,1.51893,1.25,2.81
2017.12.20 19:28:39.586,1.51879,1.51894,1.88,1.19
2017.12.20 19:28:40.007,1.51879,1.51894,1.56,1.19
2017.12.20 19:28:40.510,1.51882,1.51894,1.00,1.19
2017.12.20 19:28:40.666,1.51883,1.51895,1.00,1.12
2017.12.20 19:28:40.926,1.5188,1.51893,1.38,1.00
2017.12.20 19:28:40.977,1.5188,1.51894,1.00,2.44
2017.12.20 19:28:41.280,1.51882,1.51895,1.00,2.44
2017.12.20 19:28:41.744,1.5188,1.51895,1.13,1.69
2017.12.20 19:28:42.228,1.51883,1.51895,1.00,1.56
2017.12.20 19:28:42.740,1.51881,1.51896,1.13,1.69
2017.12.20 19:28:43.342,1.51882,1.51895,1.00,2.25
2017.12.20 19:28:43.855,1.5188,1.51895,1.44,1.81
2017.12.20 19:28:44.573,1.5188,1.51895,1.25,1.56
2017.12.20 19:28:44.856,1.51882,1.51895,1.00,1.56
2017.12.20 19:28:45.494,1.51881,1.51896,1.00,3.75
2017.12.20 19:28:45.867,1.51879,1.51895,2.25,1.44
2017.12.20 19:28:45.970,1.51879,1.51895,1.69,2.44
2017.12.20 19:28:46.277,1.51882,1.51895,1.38,2.06
2017.12.20 19:28:47.337,1.51882,1.51893,1.38,1.00
2017.12.20 19:28:47.962,1.51882,1.51894,1.25,1.69
2017.12.20 19:28:48.712,1.51881,1.51893,1.38,1.00
2017.12.20 19:28:50.185,1.51882,1.51896,1.38,1.50
2017.12.20 19:28:50.743,1.51881,1.51895,1.63,1.00
2017.12.20 19:28:52.107,1.51883,1.51896,1.38,1.00
2017.12.20 19:28:52.794,1.51882,1.51897,1.38,2.62
2017.12.20 19:28:53.362,1.51884,1.51898,1.00,1.31
2017.12.20 19:28:53.697,1.51883,1.51896,1.00,1.12
2017.12.20 19:28:54.221,1.51882,1.51895,1.44,1.00
2017.12.20 19:28:54.578,1.51882,1.51897,1.00,1.00
2017.12.20 19:28:54.747,1.51882,1.51895,1.25,1.00
2017.12.20 19:28:55.596,1.51882,1.51895,1.44,1.00
2017.12.20 19:28:55.653,1.51881,1.51895,1.50,2.25
2017.12.20 19:28:56.162,1.51882,1.51895,1.25,1.69
2017.12.20 19:28:56.736,1.5188,1.51895,1.13,1.50
2017.12.20 19:28:57.137,1.51879,1.51895,2.06,1.00
2017.12.20 19:28:57.189,1.5188,1.51895,1.31,1.00
2017.12.20 19:28:57.497,1.51885,1.51896,1.00,1.50
2017.12.20 19:28:57.604,1.51879,1.51892,1.13,1.12
2017.12.20 19:28:57.862,1.51879,1.51894,1.56,3.00
2017.12.20 19:28:58.570,1.51879,1.51894,2.25,1.00
2017.12.20 19:28:58.622,1.51879,1.51894,1.44,2.44
2017.12.20 19:28:58.726,1.51878,1.51892,1.38,1.00
2017.12.20 19:28:59.035,1.51882,1.51893,1.00,1.12
2017.12.20 19:28:59.671,1.51881,1.51893,1.13,1.12
2017.12.20 19:29:00.616,1.5188,1.51894,1.31,3.00
2017.12.20 19:29:01.593,1.5188,1.51893,1.38,1.12
2017.12.20 19:29:02.919,1.51882,1.51893,1.00,1.12
2017.12.20 19:29:02.975,1.51878,1.51891,1.19,1.00
2017.12.20 19:29:03.028,1.51877,1.51893,1.13,1.25
2017.12.20 19:29:03.081,1.51876,1.51889,1.81,1.88
2017.12.20 19:29:03.292,1.51874,1.51887,1.44,1.00
2017.12.20 19:29:03.481,1.51879,1.51891,1.31,1.00
2017.12.20 19:29:03.584,1.51877,1.51891,1.31,1.00
2017.12.20 19:29:03.841,1.51878,1.51891,2.44,1.00
2017.12.20 19:29:04.373,1.5188,1.51891,1.63,1.00
2017.12.20 19:29:04.691,1.5188,1.51895,1.50,1.25
2017.12.20 19:29:05.199,1.5188,1.51895,1.63,2.06
2017.12.20 19:29:05.716,1.5188,1.51894,1.31,1.00
2017.12.20 19:29:06.945,1.5188,1.51895,1.63,1.88
2017.12.20 19:29:07.481,1.5188,1.51895,1.19,2.06
2017.12.20 19:29:08.270,1.51881,1.51895,1.81,1.00
2017.12.20 19:29:08.685,1.5188,1.51895,1.50,1.00
2017.12.20 19:29:09.812,1.5188,1.51895,1.38,1.44
2017.12.20 19:29:10.368,1.5188,1.51895,1.88,1.25
2017.12.20 19:29:10.922,1.51881,1.51895,1.31,1.00
2017.12.20 19:29:12.258,1.51879,1.51895,3.38,1.00
2017.12.20 19:29:13.992,1.51883,1.51895,1.25,1.00
2017.12.20 19:29:14.300,1.51883,1.51895,2.06,1.00
2017.12.20 19:29:14.352,1.51882,1.51895,1.63,1.00
2017.12.20 19:29:14.968,1.51882,1.51898,1.63,2.06
2017.12.20 19:29:15.064,1.51881,1.51895,1.81,1.00
2017.12.20 19:29:15.219,1.51883,1.51899,2.06,1.87
2017.12.20 19:29:15.272,1.51885,1.519,1.63,1.69
2017.12.20 19:29:15.325,1.51885,1.51901,1.63,1.00
2017.12.20 19:29:15.377,1.51886,1.51901,1.56,1.13
2017.12.20 19:29:15.689,1.51885,1.51899,2.06,1.31
2017.12.20 19:29:16.414,1.51886,1.51899,1.13,1.12
2017.12.20 19:29:16.675,1.51874,1.51889,1.50,1.00
2017.12.20 19:29:17.047,1.51876,1.51892,1.63,2.25
2017.12.20 19:29:17.520,1.5188,1.51893,1.00,1.50
2017.12.20 19:29:17.925,1.51878,1.51893,1.00,1.87
2017.12.20 19:29:18.451,1.51879,1.51891,1.00,1.50
2017.12.20 19:29:18.995,1.51876,1.5189,1.13,1.50
2017.12.20 19:29:19.049,1.51877,1.51887,1.00,1.87
2017.12.20 19:29:19.101,1.51874,1.51887,1.69,1.12
2017.12.20 19:29:19.490,1.51876,1.51888,1.00,1.12
2017.12.20 19:29:19.917,1.51872,1.51887,2.06,1.00
2017.12.20 19:29:19.969,1.51872,1.51887,1.88,1.00
2017.12.20 19:29:20.485,1.51877,1.51889,1.00,1.62
2017.12.20 19:29:20.946,1.5188,1.5189,1.00,1.50
2017.12.20 19:29:21.475,1.51877,1.51893,2.25,1.25
2017.12.20 19:29:21.990,1.51879,1.51893,1.69,1.00
2017.12.20 19:29:22.510,1.51871,1.51885,1.63,1.00
2017.12.20 19:29:23.029,1.51871,1.51883,1.31,1.00
2017.12.20 19:29:23.081,1.51868,1.51884,2.44,2.62
2017.12.20 19:29:23.613,1.5187,1.51883,1.31,1.00
2017.12.20 19:29:24.116,1.5187,1.51884,1.25,2.62
2017.12.20 19:29:24.168,1.51868,1.51882,1.69,1.00
2017.12.20 19:29:24.682,1.51869,1.51882,1.63,1.00
2017.12.20 19:29:25.168,1.51869,1.51882,1.31,1.00
2017.12.20 19:29:25.673,1.51869,1.51882,1.31,1.00
2017.12.20 19:29:26.244,1.51868,1.51884,2.06,1.00
2017.12.20 19:29:26.502,1.5187,1.51886,1.56,1.87
2017.12.20 19:29:27.119,1.51871,1.51885,1.38,1.00
2017.12.20 19:29:27.891,1.51871,1.51885,1.44,1.25
2017.12.20 19:29:29.098,1.5187,1.51885,1.13,1.00
2017.12.20 19:29:29.614,1.51869,1.51885,1.50,1.81
2017.12.20 19:29:31.487,1.51872,1.51886,1.25,2.44
2017.12.20 19:29:31.642,1.51874,1.51887,1.00,2.81
2017.12.20 19:29:32.168,1.5187,1.51885,1.44,1.25
2017.12.20 19:29:32.458,1.51871,1.51885,1.38,1.50
2017.12.20 19:29:32.993,1.51871,1.51886,2.25,1.00
2017.12.20 19:29:33.302,1.51869,1.51884,1.56,1.00
2017.12.20 19:29:33.853,1.51873,1.51883,1.00,1.00
2017.12.20 19:29:34.644,1.51873,1.51884,1.00,1.69
2017.12.20 19:29:35.913,1.51872,1.51884,1.00,1.25
2017.12.20 19:29:36.454,1.51872,1.51883,1.00,1.00
2017.12.20 19:29:36.963,1.51871,1.51883,1.38,1.00
2017.12.20 19:29:39.778,1.51871,1.51883,1.19,1.00
2017.12.20 19:29:40.279,1.51871,1.51883,1.63,1.00
2017.12.20 19:29:40.800,1.51871,1.51884,1.44,1.00
2017.12.20 19:29:41.305,1.51872,1.51883,1.44,1.00
2017.12.20 19:29:43.068,1.51871,1.51883,1.44,1.00
2017.12.20 19:29:43.586,1.51872,1.51885,1.13,2.81
2017.12.20 19:29:44.117,1.5187,1.51885,1.44,1.31
2017.12.20 19:29:45.069,1.51871,1.51885,1.44,3.37
2017.12.20 19:29:45.223,1.5187,1.51885,1.25,2.44
2017.12.20 19:29:45.737,1.51869,1.51885,1.63,3.56
2017.12.20 19:29:46.250,1.51872,1.51885,1.00,2.44
2017.12.20 19:29:46.793,1.51871,1.51885,1.13,2.62
2017.12.20 19:29:47.312,1.51871,1.51885,1.44,2.62
2017.12.20 19:29:48.803,1.5187,1.51883,1.38,1.00
2017.12.20 19:29:50.482,1.51869,1.51881,2.06,1.00
2017.12.20 19:29:51.107,1.5187,1.51882,1.56,1.12
2017.12.20 19:29:51.610,1.51871,1.51883,1.31,1.50
2017.12.20 19:29:52.614,1.51869,1.51883,2.44,1.50
2017.12.20 19:29:52.718,1.51869,1.51885,1.69,3.94
2017.12.20 19:29:53.264,1.51871,1.51885,1.13,1.31
2017.12.20 19:29:53.773,1.5187,1.51883,1.50,1.00
2017.12.20 19:29:54.263,1.51866,1.51874,1.37,1.31
2017.12.20 19:29:54.318,1.51861,1.51872,1.00,1.00
2017.12.20 19:29:54.422,1.51861,1.51874,1.25,1.00
2017.12.20 19:29:54.630,1.51861,1.51875,1.50,1.00
2017.12.20 19:29:54.747,1.51861,1.51877,1.62,1.87
2017.12.20 19:29:54.902,1.51861,1.51879,2.00,3.00
2017.12.20 19:29:55.059,1.51861,1.51877,1.69,1.00
2017.12.20 19:29:55.111,1.51863,1.51878,1.13,1.00
2017.12.20 19:29:55.216,1.51866,1.5188,1.69,1.87
2017.12.20 19:29:55.716,1.51863,1.51878,1.88,1.00
2017.12.20 19:29:56.347,1.51865,1.51879,1.25,1.50
2017.12.20 19:29:56.400,1.51869,1.51882,1.81,1.87
2017.12.20 19:29:56.504,1.51869,1.51884,1.25,3.75
2017.12.20 19:29:56.751,1.51868,1.51881,1.69,1.00
2017.12.20 19:29:57.265,1.51868,1.51882,1.50,1.00
2017.12.20 19:29:57.855,1.51868,1.51882,1.00,1.00
2017.12.20 19:29:58.356,1.51866,1.51883,2.06,1.87
2017.12.20 19:29:58.904,1.51868,1.51882,1.25,1.00
2017.12.20 19:30:00.107,1.51868,1.51883,1.00,1.12
2017.12.20 19:30:00.426,1.51871,1.51884,2.63,1.00
2017.12.20 19:30:00.634,1.51872,1.51886,1.12,1.00
2017.12.20 19:30:01.162,1.51872,1.51887,1.94,1.00
2017.12.20 19:30:01.372,1.51869,1.51885,2.44,1.00
2017.12.20 19:30:01.470,1.51869,1.51883,1.50,1.50
2017.12.20 19:30:01.794,1.51866,1.51875,1.50,1.12
2017.12.20 19:30:01.847,1.51862,1.51874,3.38,1.87
2017.12.20 19:30:01.951,1.51866,1.51875,1.38,1.00
2017.12.20 19:30:02.059,1.51866,1.5188,2.06,1.50
2017.12.20 19:30:02.857,1.51866,1.51881,3.75,1.12
2017.12.20 19:30:03.013,1.51867,1.51881,2.81,1.00
2017.12.20 19:30:03.373,1.51866,1.5188,3.94,1.00
2017.12.20 19:30:03.482,1.51866,1.51881,1.94,1.00
2017.12.20 19:30:03.791,1.51867,1.51883,1.91,1.87
2017.12.20 19:30:04.050,1.51873,1.51886,1.44,1.25
2017.12.20 19:30:04.581,1.51871,1.51885,1.31,1.00
2017.12.20 19:30:05.095,1.5187,1.51886,2.25,1.87
2017.12.20 19:30:05.641,1.51871,1.51885,1.13,1.00
2017.12.20 19:30:06.352,1.51872,1.51885,1.19,1.00
2017.12.20 19:30:06.908,1.51872,1.51886,1.00,3.00
2017.12.20 19:30:07.240,1.51872,1.51886,1.69,1.50
2017.12.20 19:30:07.343,1.5187,1.51886,3.19,1.50
2017.12.20 19:30:08.118,1.51871,1.51885,1.13,1.12
2017.12.20 19:30:08.420,1.5187,1.51883,2.00,1.00
2017.12.20 19:30:09.161,1.51869,1.51884,1.94,1.50
2017.12.20 19:30:09.469,1.51868,1.51882,2.44,1.00
2017.12.20 19:30:09.573,1.51868,1.51884,2.44,1.12
2017.12.20 19:30:09.800,1.51872,1.51886,1.13,1.00
2017.12.20 19:30:09.852,1.51871,1.51886,1.94,3.00
2017.12.20 19:30:09.956,1.51872,1.51886,1.13,1.50
2017.12.20 19:30:10.409,1.51873,1.51885,1.69,1.50
2017.12.20 19:30:10.789,1.51873,1.51887,1.69,2.62
2017.12.20 19:30:11.305,1.51872,1.51886,1.94,1.00
2017.12.20 19:30:11.849,1.51872,1.51885,1.94,1.12
2017.12.20 19:30:11.901,1.51872,1.51883,1.94,1.12
2017.12.20 19:30:11.953,1.51872,1.51885,1.69,1.50
2017.12.20 19:30:12.366,1.5187,1.51882,1.56,1.50
2017.12.20 19:30:12.418,1.51867,1.51882,1.94,1.00
2017.12.20 19:30:12.470,1.51867,1.51879,1.94,1.00
2017.12.20 19:30:12.625,1.51869,1.51881,1.31,1.12
2017.12.20 19:30:12.881,1.51869,1.5188,1.63,1.00
2017.12.20 19:30:13.028,1.51869,1.51882,1.63,1.00
2017.12.20 19:30:13.560,1.5187,1.51884,1.13,1.87
2017.12.20 19:30:14.122,1.5187,1.51883,1.38,1.00
2017.12.20 19:30:14.872,1.51871,1.51884,1.00,1.12
2017.12.20 19:30:15.077,1.51872,1.51884,1.44,1.00
2017.12.20 19:30:15.755,1.51872,1.51885,1.25,2.81
2017.12.20 19:30:16.114,1.51874,1.51885,1.44,1.25
2017.12.20 19:30:16.784,1.51874,1.51884,1.44,1.00
2017.12.20 19:30:18.431,1.51874,1.51884,1.25,1.25
2017.12.20 19:30:19.387,1.51872,1.51884,1.81,1.31
2017.12.20 19:30:19.899,1.51873,1.51883,1.12,1.00
2017.12.20 19:30:20.603,1.51872,1.51883,1.13,1.00
2017.12.20 19:30:21.121,1.51866,1.51882,4.35,1.44
2017.12.20 19:30:21.174,1.51866,1.51877,3.00,1.31
2017.12.20 19:30:21.331,1.51857,1.51873,1.44,1.69
2017.12.20 19:30:21.384,1.51858,1.51873,1.00,1.44
2017.12.20 19:30:21.488,1.51858,1.51872,1.38,1.00
2017.12.20 19:30:21.800,1.51861,1.51878,1.13,1.50
2017.12.20 19:30:21.954,1.51861,1.51878,1.13,1.00
2017.12.20 19:30:22.110,1.51862,1.51875,1.31,1.31
2017.12.20 19:30:22.653,1.51862,1.51874,1.31,1.00
2017.12.20 19:30:22.811,1.51855,1.51871,1.31,1.00
2017.12.20 19:30:22.865,1.51854,1.51871,1.13,2.06
2017.12.20 19:30:22.918,1.51855,1.51867,1.50,1.00
2017.12.20 19:30:22.970,1.51853,1.51867,2.00,1.25
2017.12.20 19:30:23.767,1.51855,1.51868,1.50,1.19
2017.12.20 19:30:24.280,1.51856,1.51868,1.00,1.19
2017.12.20 19:30:24.617,1.51856,1.51864,1.00,1.00
2017.12.20 19:30:24.936,1.51845,1.51856,1.50,1.00
2017.12.20 19:30:24.992,1.51845,1.51858,1.38,1.12
2017.12.20 19:30:25.096,1.51847,1.51858,1.38,1.87
2017.12.20 19:30:25.354,1.5185,1.5186,1.00,1.69
2017.12.20 19:30:25.406,1.51845,1.5186,1.69,1.69
2017.12.20 19:30:25.458,1.51845,1.5186,2.25,1.69
2017.12.20 19:30:25.960,1.51849,1.5186,1.38,1.25
2017.12.20 19:30:26.558,1.51849,1.51861,1.13,1.31
2017.12.20 19:30:27.245,1.5185,1.51861,1.00,2.06
2017.12.20 19:30:27.558,1.51848,1.5186,1.12,1.25
2017.12.20 19:30:28.074,1.51849,1.5186,1.13,1.25
2017.12.20 19:30:28.126,1.51851,1.5186,1.00,1.25
2017.12.20 19:30:28.599,1.51849,1.51864,1.25,3.19
2017.12.20 19:30:28.651,1.51849,1.51863,1.63,1.19
2017.12.20 19:30:28.806,1.51849,1.51864,1.25,2.44
2017.12.20 19:30:28.858,1.51848,1.5186,1.50,1.00
2017.12.20 19:30:29.397,1.51851,1.51861,1.00,1.69
2017.12.20 19:30:29.764,1.5185,1.51861,1.56,1.25
2017.12.20 19:30:29.817,1.51855,1.51866,1.00,1.19
2017.12.20 19:30:29.921,1.51852,1.51866,1.12,1.25
2017.12.20 19:30:30.271,1.51852,1.51867,1.50,1.31
2017.12.20 19:30:30.580,1.51857,1.51869,1.00,1.19
2017.12.20 19:30:31.133,1.51856,1.5187,1.00,1.44
2017.12.20 19:30:32.048,1.51855,1.51868,1.25,1.25
2017.12.20 19:30:32.549,1.51855,1.51864,1.00,1.00
2017.12.20 19:30:32.601,1.51852,1.51865,1.50,1.12
2017.12.20 19:30:33.167,1.51852,1.51864,1.12,1.00
2017.12.20 19:30:33.825,1.51851,1.51866,1.00,2.06
2017.12.20 19:30:34.339,1.51851,1.51865,1.13,1.19
2017.12.20 19:30:35.012,1.51852,1.51865,1.00,1.69
2017.12.20 19:30:36.346,1.51851,1.51864,1.13,1.19
2017.12.20 19:30:36.956,1.51852,1.51864,1.00,1.19
2017.12.20 19:30:37.457,1.51851,1.51865,1.00,1.31
2017.12.20 19:30:37.509,1.51851,1.51865,1.00,1.31
2017.12.20 19:30:37.993,1.51848,1.51865,1.37,1.31
2017.12.20 19:30:38.517,1.51851,1.51865,1.00,1.31
2017.12.20 19:30:39.018,1.5185,1.51864,1.63,1.00
2017.12.20 19:30:39.533,1.5185,1.51865,1.63,2.06
2017.12.20 19:30:40.038,1.51849,1.51865,1.50,1.31
2017.12.20 19:30:41.967,1.5185,1.51864,1.13,1.00
2017.12.20 19:30:42.498,1.5185,1.51864,1.13,1.19
2017.12.20 19:30:42.804,1.51852,1.51864,1.00,1.19
2017.12.20 19:30:43.211,1.51847,1.51865,2.44,2.06
2017.12.20 19:30:44.334,1.51851,1.51865,1.00,2.06
2017.12.20 19:30:44.859,1.5185,1.51864,1.50,1.19
2017.12.20 19:30:45.089,1.51852,1.51867,1.50,1.25
2017.12.20 19:30:45.141,1.51852,1.51867,3.00,1.25
2017.12.20 19:30:46.479,1.51854,1.51867,1.00,1.00
2017.12.20 19:30:46.531,1.51852,1.51869,3.75,2.06
2017.12.20 19:30:47.024,1.51854,1.51869,1.69,1.25
2017.12.20 19:30:48.563,1.51854,1.51868,1.81,1.00
2017.12.20 19:30:48.771,1.51843,1.51858,1.88,1.00
2017.12.20 19:30:48.823,1.51843,1.51861,2.44,2.62
2017.12.20 19:30:49.029,1.51843,1.5186,2.63,1.12
2017.12.20 19:30:49.569,1.51843,1.51861,1.69,1.69
2017.12.20 19:30:50.133,1.51844,1.5186,1.75,1.25
2017.12.20 19:30:50.515,1.51844,1.51858,1.63,1.00
2017.12.20 19:30:50.825,1.51838,1.51853,1.88,1.19
2017.12.20 19:30:51.580,1.5184,1.51854,1.25,1.19
2017.12.20 19:30:52.290,1.5184,1.51853,1.38,1.19
2017.12.20 19:30:52.877,1.51838,1.51853,2.06,1.00
2017.12.20 19:30:52.934,1.51838,1.51852,1.88,1.00
2017.12.20 19:30:53.330,1.5184,1.51852,1.44,1.00
2017.12.20 19:30:53.928,1.51839,1.51852,1.50,1.00
2017.12.20 19:30:54.779,1.51839,1.51852,1.13,1.00
2017.12.20 19:30:55.327,1.5184,1.51852,1.00,1.00
2017.12.20 19:30:55.921,1.51838,1.51852,1.50,1.00
2017.12.20 19:30:56.826,1.51836,1.51851,3.00,1.00
2017.12.20 19:30:57.339,1.51838,1.51852,1.50,1.00
2017.12.20 19:30:57.877,1.51839,1.51852,1.13,1.50
2017.12.20 19:30:58.300,1.51838,1.51852,1.69,1.00
2017.12.20 19:30:58.826,1.51839,1.51852,1.44,1.00
2017.12.20 19:30:59.905,1.51839,1.51852,1.69,1.00
2017.12.20 19:31:00.469,1.51838,1.51852,1.50,1.00
2017.12.20 19:31:00.778,1.51838,1.51852,1.38,1.50
2017.12.20 19:31:01.251,1.51842,1.51857,2.00,1.00
2017.12.20 19:31:01.632,1.51843,1.51859,2.25,1.50
2017.12.20 19:31:01.842,1.51844,1.51859,1.62,1.00
2017.12.20 19:31:01.894,1.51841,1.51855,2.00,1.00
2017.12.20 19:31:02.411,1.51841,1.51855,1.81,2.25
2017.12.20 19:31:02.868,1.51838,1.51852,2.25,1.87
2017.12.20 19:31:03.385,1.51838,1.51851,2.25,1.00
2017.12.20 19:31:03.892,1.51838,1.51851,2.25,1.00
2017.12.20 19:31:04.413,1.5184,1.51852,1.44,1.87
2017.12.20 19:31:05.003,1.51839,1.51851,1.38,1.00
2017.12.20 19:31:05.626,1.51839,1.51852,1.38,1.87
2017.12.20 19:31:06.207,1.51838,1.51851,1.88,1.00
2017.12.20 19:31:06.259,1.51839,1.51853,1.38,1.00
2017.12.20 19:31:06.517,1.51838,1.51853,1.37,1.19
2017.12.20 19:31:06.673,1.51831,1.51846,2.81,1.00
2017.12.20 19:31:06.725,1.51831,1.51843,2.25,1.00
2017.12.20 19:31:07.234,1.51831,1.51844,1.69,1.00
2017.12.20 19:31:07.723,1.51831,1.51844,3.19,1.00
2017.12.20 19:31:08.262,1.51831,1.51844,3.19,1.00
2017.12.20 19:31:08.897,1.51831,1.51844,1.31,1.00
2017.12.20 19:31:09.055,1.51828,1.51844,3.19,1.50
2017.12.20 19:31:09.109,1.51828,1.51841,1.69,1.00
2017.12.20 19:31:09.214,1.51825,1.51839,1.69,1.12
2017.12.20 19:31:09.319,1.51825,1.51841,1.31,3.00
2017.12.20 19:31:09.517,1.51829,1.51842,1.38,1.69
2017.12.20 19:31:09.777,1.51829,1.51842,1.38,1.25
2017.12.20 19:31:09.984,1.51829,1.51844,1.38,1.50
2017.12.20 19:31:10.624,1.51829,1.51844,1.38,1.00
2017.12.20 19:31:11.309,1.51832,1.51843,1.38,1.00
2017.12.20 19:31:11.974,1.5183,1.51843,1.38,1.12
2017.12.20 19:31:12.370,1.51828,1.51843,1.63,1.12
2017.12.20 19:31:12.837,1.51833,1.51841,1.13,1.00
2017.12.20 19:31:13.700,1.51828,1.51842,1.69,1.50
2017.12.20 19:31:14.260,1.51832,1.51841,1.44,1.00
2017.12.20 19:31:14.465,1.51833,1.51843,1.00,1.50
2017.12.20 19:31:14.995,1.51833,1.51842,1.25,1.00
2017.12.20 19:31:15.768,1.51834,1.51842,1.00,1.00
2017.12.20 19:31:16.328,1.51833,1.51842,1.00,1.00
2017.12.20 19:31:16.875,1.51834,1.51842,1.00,1.00
2017.12.20 19:31:17.228,1.51832,1.51842,1.25,1.00
2017.12.20 19:31:17.768,1.51833,1.51842,1.00,1.00
2017.12.20 19:31:18.075,1.51833,1.51844,1.00,1.12
2017.12.20 19:31:18.129,1.5183,1.51845,1.31,1.31
2017.12.20 19:31:18.181,1.5183,1.51844,1.50,1.00
2017.12.20 19:31:18.695,1.5183,1.51845,1.50,1.12
2017.12.20 19:31:19.011,1.51833,1.51845,1.44,1.00
2017.12.20 19:31:19.471,1.51832,1.51847,2.44,1.00
2017.12.20 19:31:19.525,1.51839,1.5185,1.00,1.12
2017.12.20 19:31:19.835,1.51837,1.51848,1.38,1.00
2017.12.20 19:31:19.989,1.51838,1.5185,1.38,2.06
2017.12.20 19:31:20.195,1.51836,1.51849,1.41,1.00
2017.12.20 19:31:20.247,1.51835,1.51849,1.69,1.00
2017.12.20 19:31:20.748,1.51835,1.51848,1.69,1.00
2017.12.20 19:31:21.311,1.51835,1.51849,1.69,1.00
2017.12.20 19:31:21.826,1.51835,1.51848,1.69,1.00
2017.12.20 19:31:22.341,1.51835,1.51849,2.44,1.50
2017.12.20 19:31:22.813,1.51835,1.51849,1.69,1.00
2017.12.20 19:31:23.343,1.51835,1.51849,2.44,1.00
2017.12.20 19:31:23.858,1.51835,1.51847,1.50,1.25
2017.12.20 19:31:24.402,1.51834,1.51847,1.50,2.06
2017.12.20 19:31:24.945,1.51832,1.51846,2.48,1.12
2017.12.20 19:31:25.491,1.51833,1.51846,1.75,1.12
2017.12.20 19:31:25.543,1.51832,1.51844,2.63,1.00
2017.12.20 19:31:26.064,1.51829,1.51843,2.63,1.00
2017.12.20 19:31:26.588,1.51829,1.51844,2.00,1.12
2017.12.20 19:31:27.388,1.5183,1.51845,1.50,1.50
2017.12.20 19:31:29.249,1.5183,1.51844,1.63,1.00
2017.12.20 19:31:29.779,1.5183,1.51845,1.44,1.50
2017.12.20 19:31:30.317,1.51833,1.51844,1.25,1.00
2017.12.20 19:31:32.063,1.5183,1.51845,1.50,1.50
2017.12.20 19:31:32.671,1.51832,1.51844,1.25,1.00
2017.12.20 19:31:32.723,1.51831,1.51847,2.06,1.69
2017.12.20 19:31:34.300,1.51832,1.51846,1.88,1.00
2017.12.20 19:31:34.598,1.51834,1.51847,1.44,1.25
2017.12.20 19:31:34.650,1.51834,1.51849,2.25,1.00
2017.12.20 19:31:34.703,1.51834,1.5185,2.25,3.56
2017.12.20 19:31:34.754,1.51834,1.51847,1.69,1.00
2017.12.20 19:31:34.858,1.51834,1.5185,2.63,2.25
2017.12.20 19:31:35.165,1.51835,1.5185,2.63,1.25
2017.12.20 19:31:35.680,1.51835,1.5185,3.56,1.00
2017.12.20 19:31:37.992,1.51837,1.51852,1.69,1.25
2017.12.20 19:31:38.764,1.51839,1.51852,1.00,1.25
2017.12.20 19:31:39.022,1.51836,1.51851,1.87,1.69
2017.12.20 19:31:40.185,1.51837,1.51851,1.00,2.06
2017.12.20 19:31:40.340,1.51837,1.51848,1.00,1.00
2017.12.20 19:31:40.392,1.51835,1.51848,2.25,1.00
2017.12.20 19:31:41.053,1.51835,1.51849,1.25,1.12
2017.12.20 19:31:41.258,1.51836,1.51847,1.00,1.00
2017.12.20 19:31:41.361,1.51835,1.51851,1.25,4.31
2017.12.20 19:31:42.043,1.51835,1.51848,1.13,1.00
2017.12.20 19:31:44.362,1.51836,1.51851,1.00,4.12
2017.12.20 19:31:44.569,1.51836,1.51848,1.00,1.50
2017.12.20 19:31:45.072,1.51835,1.51848,2.06,1.00
2017.12.20 19:31:45.634,1.51835,1.51847,2.25,1.00
2017.12.20 19:31:46.178,1.51834,1.51848,1.25,2.25
2017.12.20 19:31:46.281,1.51831,1.51846,1.50,1.69
2017.12.20 19:31:46.605,1.51833,1.51845,1.44,1.00
2017.12.20 19:31:46.817,1.51832,1.51846,1.25,1.00
2017.12.20 19:31:47.240,1.51831,1.51846,1.50,1.50
2017.12.20 19:31:47.343,1.51831,1.51847,1.50,1.69
2017.12.20 19:31:47.396,1.51831,1.51846,3.94,1.00
2017.12.20 19:31:47.604,1.51835,1.5185,1.00,3.00
2017.12.20 19:31:47.912,1.51834,1.51847,2.44,1.12
2017.12.20 19:31:49.069,1.51835,1.51846,1.38,1.00
2017.12.20 19:31:49.224,1.51835,1.51849,1.44,1.37
2017.12.20 19:31:49.834,1.51836,1.51848,1.38,1.12
2017.12.20 19:31:50.493,1.51835,1.51848,1.38,1.12
2017.12.20 19:31:50.545,1.51834,1.51849,1.50,1.37
2017.12.20 19:31:51.080,1.51834,1.51848,1.50,1.00
2017.12.20 19:31:51.609,1.51834,1.51849,2.25,1.87
2017.12.20 19:31:52.143,1.51834,1.51848,2.25,1.00
2017.12.20 19:31:52.194,1.51833,1.51845,2.00,1.00
2017.12.20 19:31:52.675,1.51834,1.51845,1.00,1.12
2017.12.20 19:31:52.728,1.51836,1.51845,1.13,1.87
2017.12.20 19:31:52.781,1.51831,1.51845,1.91,1.12
2017.12.20 19:31:52.833,1.51833,1.51845,1.50,1.00
2017.12.20 19:31:52.935,1.51833,1.51846,1.31,1.87
2017.12.20 19:31:52.988,1.51836,1.51846,1.00,2.62
2017.12.20 19:31:53.297,1.51835,1.51848,2.06,1.69
2017.12.20 19:31:54.114,1.51838,1.51847,1.38,1.31
2017.12.20 19:31:55.333,1.51836,1.51848,1.50,1.69
2017.12.20 19:31:55.385,1.51836,1.51846,1.50,1.00
2017.12.20 19:31:55.439,1.51835,1.51847,1.91,1.00
2017.12.20 19:31:55.986,1.51837,1.51847,1.00,1.00
2017.12.20 19:31:56.401,1.51833,1.51848,1.97,1.87
2017.12.20 19:31:56.454,1.51834,1.51848,1.13,1.87
2017.12.20 19:31:57.008,1.51837,1.51848,1.38,1.87
2017.12.20 19:31:57.974,1.51839,1.51849,1.13,1.50
2017.12.20 19:31:58.300,1.51839,1.51849,1.38,1.00
2017.12.20 19:31:58.352,1.51841,1.51852,1.00,1.31
2017.12.20 19:31:58.457,1.51838,1.5185,1.87,1.00
2017.12.20 19:31:58.510,1.51837,1.5185,1.69,2.25
2017.12.20 19:31:59.061,1.51838,1.5185,1.50,1.50
2017.12.20 19:31:59.635,1.51837,1.5185,1.69,1.50
2017.12.20 19:32:00.816,1.5184,1.51851,1.25,1.00
2017.12.20 19:32:01.614,1.51842,1.51851,1.25,1.00
2017.12.20 19:32:02.458,1.51842,1.51852,1.00,1.50
2017.12.20 19:32:02.594,1.5184,1.51852,1.25,1.00
2017.12.20 19:32:02.982,1.5184,1.5185,1.88,1.00
2017.12.20 19:32:03.085,1.5184,1.51852,1.88,1.87
2017.12.20 19:32:03.691,1.5184,1.51851,2.25,1.00
2017.12.20 19:32:04.292,1.5184,1.5185,1.00,1.00
2017.12.20 19:32:06.096,1.5184,1.51849,1.00,1.00
2017.12.20 19:32:06.148,1.51842,1.51849,1.00,1.00
2017.12.20 19:32:06.737,1.51841,1.5185,1.00,1.12
2017.12.20 19:32:07.267,1.5184,1.5185,1.12,1.12
2017.12.20 19:32:07.790,1.51841,1.5185,1.00,1.87
2017.12.20 19:32:08.293,1.5184,1.51849,1.50,1.00
2017.12.20 19:32:08.740,1.5184,1.5185,1.50,1.12
2017.12.20 19:32:08.996,1.5184,1.51852,1.50,1.00
2017.12.20 19:32:09.446,1.5184,1.51849,1.12,1.00
2017.12.20 19:32:09.960,1.51837,1.51848,1.94,1.00
2017.12.20 19:32:10.497,1.51836,1.51849,1.31,1.87
2017.12.20 19:32:11.410,1.51839,1.51848,1.12,1.00
2017.12.20 19:32:12.118,1.51838,1.5185,1.69,1.00
2017.12.20 19:32:12.273,1.51842,1.51851,1.00,1.50
2017.12.20 19:32:12.324,1.51838,1.5185,2.00,1.00
2017.12.20 19:32:12.970,1.51837,1.51851,2.44,1.50
2017.12.20 19:32:13.639,1.5184,1.5185,1.00,1.00
2017.12.20 19:32:14.155,1.51838,1.51851,1.69,1.00
2017.12.20 19:32:14.658,1.51838,1.5185,2.00,1.00
2017.12.20 19:32:15.187,1.51837,1.51851,2.44,1.00
2017.12.20 19:32:16.147,1.51841,1.51853,2.44,1.00
2017.12.20 19:32:16.492,1.51845,1.51852,1.00,1.00
2017.12.20 19:32:17.030,1.51844,1.51852,1.31,1.00
2017.12.20 19:32:17.540,1.51844,1.51853,1.00,1.50
2017.12.20 19:32:18.134,1.51843,1.51853,1.25,1.00
2017.12.20 19:32:18.768,1.51844,1.51853,1.00,1.50
2017.12.20 19:32:20.184,1.51843,1.51853,1.25,1.00
2017.12.20 19:32:20.816,1.51843,1.51852,1.44,1.00
2017.12.20 19:32:22.800,1.51839,1.51852,2.00,1.00
2017.12.20 19:32:23.320,1.51843,1.51853,1.00,1.00
2017.12.20 19:32:23.849,1.51841,1.51853,1.00,1.00
2017.12.20 19:32:24.372,1.51841,1.51852,1.13,1.00
2017.12.20 19:32:24.742,1.51842,1.51852,1.44,1.00
2017.12.20 19:32:27.084,1.51844,1.51852,1.00,1.00
2017.12.20 19:32:27.595,1.51843,1.51852,1.25,1.00
2017.12.20 19:32:29.209,1.51843,1.51852,1.38,1.00
2017.12.20 19:32:29.743,1.51843,1.51853,1.44,1.50
2017.12.20 19:32:30.287,1.51843,1.51852,1.25,1.00
2017.12.20 19:32:30.596,1.51842,1.5185,1.00,1.00
2017.12.20 19:32:31.012,1.51839,1.51854,2.62,1.00
2017.12.20 19:32:31.064,1.51842,1.51855,2.44,1.19
2017.12.20 19:32:31.168,1.5184,1.51852,1.62,1.87
2017.12.20 19:32:31.669,1.51842,1.51853,1.00,2.25
2017.12.20 19:32:32.231,1.5184,1.51852,1.50,1.12
2017.12.20 19:32:32.734,1.5184,1.51852,1.00,1.12
2017.12.20 19:32:32.923,1.51841,1.51854,1.00,1.69
2017.12.20 19:32:33.260,1.51841,1.51853,1.00,1.87
2017.12.20 19:32:34.186,1.51839,1.51853,1.50,1.37
2017.12.20 19:32:37.402,1.5184,1.51853,1.44,1.87
2017.12.20 19:32:38.427,1.5184,1.51853,1.25,1.87
2017.12.20 19:32:39.526,1.51839,1.51852,1.69,1.12
2017.12.20 19:32:40.706,1.5184,1.51853,1.13,1.87
2017.12.20 19:32:41.016,1.51842,1.51852,1.44,1.12
2017.12.20 19:32:41.417,1.51845,1.51855,1.00,1.87
2017.12.20 19:32:42.079,1.51845,1.51854,1.00,1.00
2017.12.20 19:32:43.397,1.51844,1.51854,1.00,1.00
2017.12.20 19:32:43.916,1.51845,1.51855,1.00,1.87
2017.12.20 19:32:44.019,1.51843,1.51855,1.00,1.87
2017.12.20 19:32:44.225,1.51845,1.51856,1.00,1.00
2017.12.20 19:32:44.562,1.51847,1.51856,1.00,1.00
2017.12.20 19:32:45.229,1.51847,1.51857,1.00,2.25
2017.12.20 19:32:46.237,1.51846,1.51857,1.00,1.50
2017.12.20 19:32:46.670,1.51849,1.51857,1.00,2.25
2017.12.20 19:32:46.980,1.51844,1.51858,1.63,1.25
2017.12.20 19:32:47.493,1.51843,1.51858,1.88,1.69
2017.12.20 19:32:48.714,1.51847,1.51858,1.00,1.25
2017.12.20 19:32:49.262,1.51848,1.51858,1.00,1.25
2017.12.20 19:32:49.926,1.51847,1.51858,1.25,1.69
2017.12.20 19:32:50.717,1.51846,1.51858,1.25,1.25
2017.12.20 19:32:51.257,1.51847,1.51858,1.00,1.25
2017.12.20 19:32:51.452,1.51845,1.51858,1.00,2.81
2017.12.20 19:32:51.559,1.51843,1.51855,1.00,1.00
2017.12.20 19:32:51.612,1.51841,1.51855,1.12,1.25
2017.12.20 19:32:51.822,1.51838,1.51854,1.88,1.50
2017.12.20 19:32:51.978,1.51841,1.51854,1.00,1.00
2017.12.20 19:32:52.234,1.5184,1.51852,1.31,1.00
2017.12.20 19:32:52.286,1.51838,1.51852,1.25,1.25
2017.12.20 19:32:52.543,1.51842,1.51856,1.00,3.56
2017.12.20 19:32:52.883,1.51846,1.5186,1.38,1.00
2017.12.20 19:32:52.936,1.51845,1.5186,1.56,1.25
2017.12.20 19:32:53.452,1.51847,1.5186,1.00,1.25
2017.12.20 19:32:54.163,1.51846,1.5186,1.00,1.25
2017.12.20 19:32:55.024,1.51845,1.5186,1.88,1.25
2017.12.20 19:32:55.544,1.51846,1.5186,1.00,1.25
2017.12.20 19:32:55.597,1.51848,1.5186,1.00,1.87
2017.12.20 19:32:55.649,1.51845,1.5186,1.69,1.25
2017.12.20 19:32:56.158,1.51846,1.51862,1.50,4.50
2017.12.20 19:32:57.502,1.51847,1.51863,1.44,1.94
2017.12.20 19:32:57.762,1.51846,1.51862,1.00,2.06
2017.12.20 19:32:58.275,1.51845,1.51862,1.25,3.94
2017.12.20 19:32:59.368,1.51843,1.51861,3.00,1.87
2017.12.20 19:33:00.226,1.51843,1.51861,2.81,2.44
2017.12.20 19:33:00.635,1.51848,1.51863,1.56,1.56
2017.12.20 19:33:00.687,1.51849,1.51865,5.81,1.00
2017.12.20 19:33:00.740,1.51852,1.51868,1.69,1.25
2017.12.20 19:33:02.798,1.51854,1.51872,3.75,2.25
2017.12.20 19:33:03.823,1.51857,1.51872,1.00,2.06
2017.12.20 19:33:04.125,1.51855,1.51872,3.00,2.06
2017.12.20 19:33:04.665,1.51856,1.51872,1.50,1.31
2017.12.20 19:33:05.169,1.51856,1.51872,1.50,1.19
2017.12.20 19:33:05.929,1.51856,1.51872,1.13,1.19
2017.12.20 19:33:06.475,1.51856,1.51872,1.44,1.63
2017.12.20 19:33:06.529,1.51855,1.51872,2.81,1.44
2017.12.20 19:33:07.255,1.51857,1.51872,1.00,1.31
2017.12.20 19:33:09.686,1.51858,1.51873,1.00,1.50
2017.12.20 19:33:10.209,1.51857,1.51873,1.69,1.69
2017.12.20 19:33:10.586,1.51857,1.51873,2.25,1.44
2017.12.20 19:33:11.097,1.51858,1.51873,1.25,1.19
2017.12.20 19:33:11.701,1.51857,1.51873,1.69,1.44
2017.12.20 19:33:12.302,1.51857,1.51873,1.88,1.12
2017.12.20 19:33:12.822,1.51857,1.51873,3.00,1.31
2017.12.20 19:33:13.501,1.51857,1.51873,1.88,1.12
2017.12.20 19:33:13.805,1.5186,1.51876,1.25,1.63
2017.12.20 19:33:14.868,1.51861,1.51876,1.00,1.63
2017.12.20 19:33:15.401,1.5186,1.51876,1.69,1.56
2017.12.20 19:33:17.261,1.5186,1.51876,2.81,1.69
2017.12.20 19:33:18.210,1.5186,1.51876,2.44,1.31
2017.12.20 19:33:18.781,1.5186,1.51876,3.19,1.31
2017.12.20 19:33:19.298,1.51861,1.51876,1.13,1.56
2017.12.20 19:33:21.369,1.51861,1.51876,1.50,1.56
2017.12.20 19:33:21.886,1.51861,1.51876,1.88,1.56
2017.12.20 19:33:22.475,1.51861,1.51876,1.44,1.62
2017.12.20 19:33:23.145,1.51861,1.51876,1.00,2.06
2017.12.20 19:33:23.711,1.5186,1.51876,1.31,1.62
2017.12.20 19:33:24.054,1.51861,1.51876,1.00,1.44
2017.12.20 19:33:24.863,1.5186,1.51876,1.88,1.19
2017.12.20 19:33:25.379,1.51861,1.51876,1.00,1.19
2017.12.20 19:33:26.162,1.5186,1.51876,1.88,1.62
2017.12.20 19:33:26.723,1.51861,1.51876,1.00,1.44
2017.12.20 19:33:27.257,1.5186,1.51876,2.44,1.44
2017.12.20 19:33:29.691,1.51862,1.51876,1.00,1.31
2017.12.20 19:33:29.897,1.5186,1.51876,2.63,1.50
2017.12.20 19:33:30.358,1.5186,1.51876,2.44,1.69
2017.12.20 19:33:30.873,1.5186,1.51876,2.25,1.19
2017.12.20 19:33:31.738,1.51861,1.51876,1.00,1.19
2017.12.20 19:33:32.980,1.51861,1.51876,1.25,1.12
2017.12.20 19:33:34.254,1.51861,1.51876,1.25,1.44
2017.12.20 19:33:34.821,1.5186,1.51876,2.06,1.00
2017.12.20 19:33:39.230,1.51862,1.51876,1.88,1.00
2017.12.20 19:33:39.384,1.51861,1.51877,2.25,1.25
2017.12.20 19:33:39.890,1.51862,1.51877,2.25,1.25
2017.12.20 19:33:40.153,1.51864,1.51879,1.44,2.44
2017.12.20 19:33:40.666,1.51863,1.51879,1.38,2.25
2017.12.20 19:33:40.978,1.51863,1.51879,1.86,1.19
2017.12.20 19:33:41.124,1.51864,1.51882,2.63,2.06
2017.12.20 19:33:41.802,1.51865,1.51882,1.69,2.25
2017.12.20 19:33:42.320,1.51867,1.51884,1.50,1.56
2017.12.20 19:33:42.638,1.51868,1.51884,1.38,1.56
2017.12.20 19:33:43.167,1.51869,1.51884,1.44,1.87
2017.12.20 19:33:43.690,1.51868,1.51884,1.44,2.06
2017.12.20 19:33:44.390,1.51868,1.51884,1.25,1.25
2017.12.20 19:33:46.516,1.51866,1.51884,3.75,2.25
2017.12.20 19:33:46.623,1.51867,1.51884,2.00,1.12
2017.12.20 19:33:46.765,1.51869,1.51885,2.44,1.38
2017.12.20 19:33:46.822,1.51873,1.51887,1.00,1.31
2017.12.20 19:33:46.926,1.51873,1.51887,1.00,1.63
2017.12.20 19:33:47.184,1.51871,1.51887,2.06,1.12
2017.12.20 19:33:47.338,1.51871,1.51887,1.50,2.06
2017.12.20 19:33:47.897,1.51871,1.51887,1.31,1.63
2017.12.20 19:33:48.617,1.51871,1.51887,1.63,1.63
2017.12.20 19:33:49.776,1.51871,1.51887,1.31,1.63
2017.12.20 19:33:55.768,1.51871,1.51887,1.63,1.87
2017.12.20 19:33:58.164,1.51871,1.51887,1.25,1.87
2017.12.20 19:34:02.703,1.51869,1.51885,2.63,1.25
2017.12.20 19:34:03.113,1.51872,1.51885,1.00,1.25
2017.12.20 19:34:03.812,1.5187,1.51885,1.88,1.25
2017.12.20 19:34:07.044,1.51872,1.51887,2.25,1.00
2017.12.20 19:34:08.339,1.51872,1.51887,1.31,1.25
2017.12.20 19:34:09.028,1.51871,1.51887,3.19,1.25
2017.12.20 19:34:09.556,1.51872,1.51887,2.44,1.25
2017.12.20 19:34:10.318,1.51874,1.51887,1.00,1.25
2017.12.20 19:34:10.977,1.51873,1.51887,1.25,1.25
2017.12.20 19:34:11.967,1.51874,1.51887,1.00,1.25
2017.12.20 19:34:12.577,1.51873,1.51887,1.25,1.25
2017.12.20 19:34:15.127,1.51872,1.51887,1.25,1.00
2017.12.20 19:34:16.925,1.51871,1.51887,1.88,1.00
2017.12.20 19:34:18.067,1.51874,1.51887,1.00,1.25
2017.12.20 19:34:18.698,1.51873,1.51887,1.25,1.25
2017.12.20 19:34:19.229,1.51872,1.51887,1.31,1.44
2017.12.20 19:34:19.894,1.51874,1.51887,1.00,1.19
2017.12.20 19:34:20.644,1.51873,1.51887,1.00,1.19
2017.12.20 19:34:21.938,1.51874,1.51887,1.25,1.44
2017.12.20 19:34:22.497,1.51875,1.51887,1.00,1.44
2017.12.20 19:34:22.790,1.51874,1.51887,1.69,1.12
2017.12.20 19:34:23.454,1.51875,1.51887,1.00,1.12
2017.12.20 19:34:23.780,1.51873,1.51887,2.44,1.25
2017.12.20 19:34:23.985,1.51875,1.51887,1.00,1.12
2017.12.20 19:34:24.378,1.51873,1.51887,2.44,1.00
2017.12.20 19:34:24.635,1.51875,1.51887,1.00,1.25
2017.12.20 19:34:24.789,1.51873,1.51887,1.69,1.00
2017.12.20 19:34:25.081,1.51875,1.51887,1.00,1.25
2017.12.20 19:34:25.798,1.51874,1.51887,1.69,1.25
2017.12.20 19:34:26.663,1.51873,1.51887,2.44,1.00
2017.12.20 19:34:27.314,1.51874,1.51887,1.25,1.25
2017.12.20 19:34:28.075,1.51873,1.51887,3.19,1.00
2017.12.20 19:34:29.478,1.51874,1.51887,1.25,1.25
2017.12.20 19:34:30.010,1.51873,1.51887,1.87,1.00
2017.12.20 19:34:31.232,1.51874,1.51887,1.00,1.00
2017.12.20 19:34:31.791,1.51873,1.51887,1.50,1.00
2017.12.20 19:34:32.781,1.51874,1.51887,1.00,1.25
2017.12.20 19:34:33.940,1.51875,1.51887,1.50,1.00
2017.12.20 19:34:34.044,1.51877,1.5189,1.50,1.00
2017.12.20 19:34:34.096,1.51877,1.51894,2.81,1.25
2017.12.20 19:34:34.150,1.51879,1.51894,1.00,1.56
2017.12.20 19:34:34.254,1.51877,1.51894,2.06,1.44
2017.12.20 19:34:34.799,1.51877,1.5189,1.12,1.25
2017.12.20 19:34:34.853,1.51874,1.5189,2.06,1.00
2017.12.20 19:34:35.008,1.51876,1.5189,1.19,1.00
2017.12.20 19:34:35.112,1.51878,1.51892,1.50,1.00
2017.12.20 19:34:35.810,1.51879,1.51892,1.13,1.00
2017.12.20 19:34:36.391,1.51879,1.51892,1.25,1.19
2017.12.20 19:34:36.936,1.51877,1.51892,2.06,1.44
2017.12.20 19:34:36.988,1.51874,1.5189,5.06,1.00
2017.12.20 19:34:37.229,1.51872,1.51888,2.06,1.00
2017.12.20 19:34:37.743,1.51872,1.51888,1.50,1.25
2017.12.20 19:34:39.772,1.51872,1.51888,1.31,1.00
2017.12.20 19:34:40.321,1.51872,1.51888,2.25,1.25
2017.12.20 19:34:40.893,1.51872,1.51888,1.69,1.00
2017.12.20 19:34:43.631,1.51876,1.51888,1.13,1.00
2017.12.20 19:34:43.962,1.51877,1.51891,1.31,1.69
2017.12.20 19:34:44.015,1.51875,1.51891,2.25,2.44
2017.12.20 19:34:44.553,1.51875,1.51891,1.69,2.44
2017.12.20 19:34:45.255,1.51875,1.5189,1.00,1.19
2017.12.20 19:34:48.471,1.51875,1.5189,1.00,1.00
2017.12.20 19:34:49.844,1.51875,1.5189,1.00,1.19
2017.12.20 19:34:52.124,1.51875,1.51891,1.00,2.06
2017.12.20 19:34:52.847,1.51877,1.51891,1.12,1.50
2017.12.20 19:34:53.156,1.5188,1.51893,1.00,1.25
2017.12.20 19:34:53.260,1.51877,1.51893,1.12,2.25
2017.12.20 19:34:53.740,1.51874,1.51889,1.25,1.00
2017.12.20 19:34:56.156,1.51873,1.51889,1.31,1.25
2017.12.20 19:34:57.079,1.51873,1.51889,2.25,1.12
2017.12.20 19:34:57.605,1.51873,1.51889,1.31,1.25
2017.12.20 19:34:58.314,1.51873,1.51889,2.63,1.12
2017.12.20 19:35:00.701,1.51873,1.51889,1.88,1.44
2017.12.20 19:35:00.988,1.51877,1.51889,1.00,1.00
2017.12.20 19:35:01.500,1.51877,1.51889,1.69,1.00
2017.12.20 19:35:01.818,1.51879,1.51892,1.00,1.00
2017.12.20 19:35:02.339,1.51878,1.51892,2.06,1.00
2017.12.20 19:35:02.754,1.5188,1.51892,1.00,1.00
2017.12.20 19:35:02.806,1.51878,1.51892,1.25,1.00
2017.12.20 19:35:05.202,1.5188,1.51892,1.00,1.00
2017.12.20 19:35:06.105,1.51878,1.51892,1.69,1.00
2017.12.20 19:35:08.443,1.51878,1.51892,1.88,1.00
2017.12.20 19:35:08.987,1.51877,1.51892,2.81,1.00
2017.12.20 19:35:09.304,1.51874,1.5189,2.06,1.50
2017.12.20 19:35:09.357,1.51874,1.5189,1.00,2.25
2017.12.20 19:35:09.954,1.51874,1.5189,2.63,1.50
2017.12.20 19:35:11.381,1.51874,1.5189,1.00,1.69
2017.12.20 19:35:12.162,1.51874,1.5189,1.69,1.50
2017.12.20 19:35:12.745,1.51874,1.5189,2.44,2.44
2017.12.20 19:35:13.693,1.51875,1.5189,1.00,1.12
2017.12.20 19:35:14.197,1.51876,1.5189,1.25,1.12
2017.12.20 19:35:14.746,1.51875,1.5189,1.25,1.31
2017.12.20 19:35:15.262,1.51875,1.5189,1.00,1.12
2017.12.20 19:35:15.774,1.51875,1.5189,1.25,1.31
2017.12.20 19:35:16.696,1.51876,1.5189,1.00,1.31
2017.12.20 19:35:18.209,1.51876,1.5189,1.00,1.12
2017.12.20 19:35:18.464,1.51875,1.51889,1.00,1.38
2017.12.20 19:35:18.515,1.51874,1.5189,2.81,1.50
2017.12.20 19:35:19.073,1.51873,1.51888,1.50,1.00
2017.12.20 19:35:21.045,1.51873,1.51887,1.12,1.00
2017.12.20 19:35:23.011,1.51874,1.51887,1.00,1.13
2017.12.20 19:35:23.547,1.51873,1.51887,1.00,1.25
2017.12.20 19:35:24.890,1.51872,1.51887,1.87,1.00
2017.12.20 19:35:25.778,1.51873,1.51887,1.00,1.00
2017.12.20 19:35:26.316,1.51872,1.51887,2.62,1.00
2017.12.20 19:35:26.819,1.51871,1.51887,1.50,1.00
2017.12.20 19:35:27.779,1.51871,1.51887,2.81,1.25
2017.12.20 19:35:28.695,1.51871,1.51887,1.88,1.00
2017.12.20 19:35:29.409,1.51871,1.51887,3.19,1.25
2017.12.20 19:35:30.325,1.51871,1.51887,2.25,1.00
2017.12.20 19:35:30.810,1.51873,1.51887,1.00,1.25
2017.12.20 19:35:32.328,1.51872,1.51887,1.87,1.00
2017.12.20 19:35:32.736,1.51873,1.51885,1.12,1.12
2017.12.20 19:35:33.268,1.51874,1.51885,1.00,1.12
2017.12.20 19:35:33.460,1.51872,1.51885,1.00,1.12
2017.12.20 19:35:33.973,1.51873,1.51885,1.00,1.12
2017.12.20 19:35:34.484,1.51872,1.51885,2.62,1.25
2017.12.20 19:35:34.874,1.51877,1.51887,1.12,1.00
2017.12.20 19:35:35.185,1.51879,1.51885,1.00,1.00
2017.12.20 19:35:36.009,1.5188,1.51885,1.00,1.00
2017.12.20 19:35:36.874,1.51878,1.51885,1.50,1.00
2017.12.20 19:35:36.926,1.5188,1.51885,1.00,1.00
2017.12.20 19:35:37.030,1.51878,1.51885,1.31,1.00
2017.12.20 19:35:37.374,1.5188,1.51885,1.00,1.00
2017.12.20 19:35:37.888,1.51879,1.51885,1.00,1.00
2017.12.20 19:35:38.524,1.51882,1.5189,1.44,1.00
2017.12.20 19:35:38.678,1.51883,1.5189,1.00,1.00
2017.12.20 19:35:39.040,1.51885,1.5189,1.00,1.00
2017.12.20 19:35:39.093,1.51877,1.51889,3.19,1.00
2017.12.20 19:35:39.197,1.51877,1.51886,1.19,1.00
2017.12.20 19:35:39.300,1.51876,1.51886,2.25,1.00
2017.12.20 19:35:39.558,1.51878,1.51886,1.00,1.00
2017.12.20 19:35:40.063,1.51879,1.51886,1.00,1.00
2017.12.20 19:35:40.219,1.51876,1.51886,2.25,1.00
2017.12.20 19:35:40.271,1.51874,1.51884,1.25,1.00
2017.12.20 19:35:40.582,1.51875,1.51882,1.00,1.00
2017.12.20 19:35:41.190,1.51876,1.51882,1.00,1.00
2017.12.20 19:35:41.568,1.51874,1.51882,1.00,1.00
2017.12.20 19:35:42.096,1.51875,1.51882,1.00,1.00
2017.12.20 19:35:42.842,1.51874,1.51882,1.13,1.00
2017.12.20 19:35:43.636,1.51874,1.51884,1.00,1.00
2017.12.20 19:35:43.776,1.51871,1.5188,1.00,1.00
2017.12.20 19:35:44.087,1.51869,1.51878,1.38,1.00
2017.12.20 19:35:44.796,1.51872,1.51878,1.25,1.00
2017.12.20 19:35:45.310,1.51868,1.51878,3.00,1.00
2017.12.20 19:35:45.558,1.51872,1.51881,1.44,1.00
2017.12.20 19:35:45.613,1.51873,1.51881,1.50,1.00
2017.12.20 19:35:45.770,1.51874,1.51883,1.25,1.00
2017.12.20 19:35:46.361,1.51873,1.51883,1.31,1.00
2017.12.20 19:35:46.414,1.51871,1.5188,1.50,1.00
2017.12.20 19:35:46.934,1.51872,1.5188,1.00,1.00
2017.12.20 19:35:48.498,1.51872,1.5188,1.44,1.00
2017.12.20 19:35:49.049,1.51874,1.5188,1.00,1.00
2017.12.20 19:35:49.701,1.51872,1.5188,2.25,1.00
2017.12.20 19:35:50.454,1.51873,1.5188,1.00,1.00
2017.12.20 19:35:50.989,1.5187,1.5188,1.12,1.00
2017.12.20 19:35:54.140,1.51873,1.5188,1.00,1.00
2017.12.20 19:35:54.192,1.5187,1.5188,1.88,1.00
2017.12.20 19:35:54.347,1.51873,1.5188,1.00,1.00
2017.12.20 19:35:55.616,1.51875,1.5188,1.00,1.00
2017.12.20 19:35:55.872,1.51873,1.5188,1.00,1.00
2017.12.20 19:35:56.079,1.51871,1.5188,1.50,1.00
2017.12.20 19:35:56.489,1.51869,1.5188,1.69,1.00
2017.12.20 19:35:57.038,1.5187,1.5188,1.00,1.00
2017.12.20 19:35:57.978,1.51869,1.51876,1.00,1.00
2017.12.20 19:35:59.614,1.51868,1.51876,1.12,1.00
2017.12.20 19:36:00.188,1.51869,1.51876,1.00,1.00
2017.12.20 19:36:01.041,1.51868,1.51876,2.62,1.00
2017.12.20 19:36:02.951,1.51869,1.51876,1.00,1.00
2017.12.20 19:36:03.483,1.51868,1.51876,1.12,1.00
2017.12.20 19:36:04.004,1.51869,1.51876,1.00,1.00
2017.12.20 19:36:05.273,1.51868,1.51876,2.25,1.00
2017.12.20 19:36:06.408,1.51869,1.51876,1.00,1.00
2017.12.20 19:36:06.919,1.51868,1.51876,1.87,1.00
2017.12.20 19:36:07.451,1.51869,1.51876,1.00,1.00
2017.12.20 19:36:08.245,1.51871,1.51876,1.12,1.00
2017.12.20 19:36:08.297,1.51874,1.5188,1.00,1.00
2017.12.20 19:36:08.658,1.51875,1.51882,1.00,1.00
2017.12.20 19:36:08.710,1.5188,1.51885,1.00,1.00
2017.12.20 19:36:08.763,1.51881,1.51888,1.12,1.00
2017.12.20 19:36:08.816,1.51883,1.51889,1.50,1.00
2017.12.20 19:36:08.869,1.51885,1.51891,1.12,1.00
2017.12.20 19:36:09.091,1.51884,1.51894,1.12,1.00
2017.12.20 19:36:09.646,1.51885,1.51894,1.00,1.00
2017.12.20 19:36:10.355,1.51884,1.51894,1.87,1.00
2017.12.20 19:36:11.025,1.51885,1.51894,1.00,1.00
2017.12.20 19:36:12.637,1.51884,1.51894,1.87,1.00
2017.12.20 19:36:13.298,1.51883,1.51894,1.12,1.00
2017.12.20 19:36:13.666,1.5188,1.51894,2.25,1.00
2017.12.20 19:36:16.799,1.51881,1.5189,1.25,1.00
2017.12.20 19:36:17.325,1.51881,1.51889,1.00,1.00
2017.12.20 19:36:17.521,1.51879,1.51889,1.50,1.00
2017.12.20 19:36:19.444,1.5188,1.51889,1.00,1.00
2017.12.20 19:36:24.658,1.51879,1.51889,1.00,1.00
2017.12.20 19:36:24.867,1.51881,1.51891,1.50,1.00
2017.12.20 19:36:30.881,1.51882,1.51891,1.00,1.00
2017.12.20 19:36:31.509,1.51883,1.51891,1.00,1.00
2017.12.20 19:36:31.942,1.51881,1.51891,1.25,1.00
2017.12.20 19:36:32.294,1.51882,1.51896,1.56,1.69
2017.12.20 19:36:32.398,1.51888,1.519,1.50,1.00
2017.12.20 19:36:32.451,1.51894,1.51903,1.25,1.87
2017.12.20 19:36:32.503,1.51895,1.51905,1.00,1.00
2017.12.20 19:36:33.016,1.51896,1.51905,2.06,1.00
2017.12.20 19:36:35.147,1.51897,1.51908,1.12,1.00
2017.12.20 19:36:35.642,1.519,1.51908,1.00,1.00
2017.12.20 19:36:36.103,1.51895,1.51906,1.00,1.00
2017.12.20 19:36:36.155,1.51892,1.51902,1.12,1.25
2017.12.20 19:36:36.207,1.51885,1.519,2.81,1.00
2017.12.20 19:36:36.362,1.51889,1.519,1.00,1.00
2017.12.20 19:36:36.751,1.51889,1.51897,1.00,1.00
2017.12.20 19:36:37.264,1.51888,1.51897,1.00,1.00
2017.12.20 19:36:37.804,1.51889,1.51897,1.00,1.00
2017.12.20 19:36:38.385,1.51891,1.519,1.69,1.00
2017.12.20 19:36:38.901,1.51893,1.51904,1.25,1.00
2017.12.20 19:36:40.606,1.51893,1.51904,1.19,1.00
2017.12.20 19:36:41.119,1.51894,1.51904,1.38,1.00
2017.12.20 19:36:41.754,1.51894,1.51904,1.13,1.00
2017.12.20 19:36:42.335,1.51892,1.51905,2.06,1.00
2017.12.20 19:36:42.916,1.51893,1.51905,1.38,1.00
2017.12.20 19:36:44.044,1.51894,1.51905,1.13,1.00
2017.12.20 19:36:44.614,1.51893,1.51905,1.25,1.00
2017.12.20 19:36:45.117,1.51894,1.51905,1.00,1.00
2017.12.20 19:36:49.666,1.51893,1.51905,1.00,1.00
2017.12.20 19:36:50.189,1.51894,1.51905,1.00,1.00
2017.12.20 19:36:50.747,1.51893,1.51905,1.00,1.00
2017.12.20 19:36:51.744,1.51892,1.51905,1.13,1.00
2017.12.20 19:36:52.253,1.51893,1.51905,1.00,1.00
2017.12.20 19:36:52.888,1.51892,1.51905,1.25,1.00
2017.12.20 19:36:53.096,1.5189,1.51905,1.00,1.31
2017.12.20 19:36:53.719,1.51891,1.51906,1.00,1.81
2017.12.20 19:36:54.078,1.51888,1.51906,1.87,1.94
2017.12.20 19:36:54.932,1.51889,1.51904,1.00,1.00
2017.12.20 19:36:55.470,1.51884,1.51899,1.81,1.00
2017.12.20 19:37:00.068,1.51888,1.51899,1.44,1.00
2017.12.20 19:37:00.716,1.51885,1.51899,2.44,1.00
2017.12.20 19:37:03.777,1.51886,1.51899,3.00,1.00
2017.12.20 19:37:04.292,1.51887,1.51899,2.06,1.00
2017.12.20 19:37:07.611,1.51888,1.51899,2.06,1.00
2017.12.20 19:37:08.112,1.51887,1.51899,2.63,1.00
2017.12.20 19:37:08.624,1.51888,1.51899,1.38,1.00
2017.12.20 19:37:10.017,1.51887,1.51899,2.63,1.00
2017.12.20 19:37:10.535,1.51889,1.51899,1.38,1.00
2017.12.20 19:37:11.101,1.51888,1.51899,1.38,1.00
2017.12.20 19:37:11.998,1.51888,1.51899,1.88,1.00
2017.12.20 19:37:12.050,1.5189,1.51901,1.88,1.00
2017.12.20 19:37:12.845,1.51892,1.51901,1.38,1.00
2017.12.20 19:37:13.509,1.51891,1.51901,2.25,1.00
2017.12.20 19:37:13.612,1.51892,1.51906,1.25,1.25
2017.12.20 19:37:13.664,1.51892,1.51906,1.50,1.25
2017.12.20 19:37:14.763,1.51892,1.51906,1.50,1.25
2017.12.20 19:37:15.267,1.51892,1.51906,3.38,1.25
2017.12.20 19:37:15.946,1.51892,1.51906,1.50,1.25
2017.12.20 19:37:16.463,1.51895,1.51909,1.56,1.12
2017.12.20 19:37:16.567,1.51894,1.51909,1.13,1.13
2017.12.20 19:37:16.848,1.51896,1.51909,1.00,1.87
2017.12.20 19:37:17.392,1.51894,1.51909,2.06,1.69
2017.12.20 19:37:17.842,1.51894,1.51909,1.13,2.06
2017.12.20 19:37:18.898,1.51896,1.51909,1.00,1.87
2017.12.20 19:37:19.155,1.51893,1.51909,1.00,2.06
2017.12.20 19:37:19.494,1.51895,1.51909,1.00,2.06
2017.12.20 19:37:20.227,1.51894,1.51909,1.00,2.06
2017.12.20 19:37:20.793,1.51893,1.51909,1.13,2.44
2017.12.20 19:37:21.267,1.51894,1.5191,1.94,1.87
2017.12.20 19:37:21.479,1.51909,1.51925,1.37,1.56
2017.12.20 19:37:21.532,1.51908,1.51925,1.63,1.12
2017.12.20 19:37:21.585,1.51908,1.51925,1.13,1.25
2017.12.20 19:37:21.638,1.51908,1.51925,1.31,2.25
2017.12.20 19:37:22.155,1.51907,1.51925,1.69,3.19
2017.12.20 19:37:22.796,1.51909,1.51925,1.50,2.44
2017.12.20 19:37:23.371,1.5191,1.51924,1.00,1.38
2017.12.20 19:37:23.672,1.51908,1.51922,1.00,1.19
2017.12.20 19:37:23.778,1.51907,1.51922,1.00,1.50
2017.12.20 19:37:24.691,1.51906,1.51922,1.87,4.13
2017.12.20 19:37:25.002,1.51903,1.51917,1.50,1.56
2017.12.20 19:37:25.054,1.51903,1.51918,1.13,2.00
2017.12.20 19:37:25.158,1.51906,1.51919,1.50,1.87
2017.12.20 19:37:25.262,1.51907,1.51919,1.00,1.00
2017.12.20 19:37:25.795,1.51906,1.51919,1.12,1.00
2017.12.20 19:37:26.296,1.51906,1.51919,1.87,1.44
2017.12.20 19:37:28.332,1.51904,1.51919,1.25,1.19
2017.12.20 19:37:32.755,1.51904,1.51919,2.06,1.19
2017.12.20 19:37:33.521,1.51904,1.51919,2.62,1.19
2017.12.20 19:37:34.669,1.51905,1.51919,1.00,1.44
2017.12.20 19:37:34.723,1.51903,1.51919,2.81,1.19
2017.12.20 19:37:34.879,1.51905,1.51919,1.00,1.37
2017.12.20 19:37:35.429,1.51904,1.51919,1.25,1.19
2017.12.20 19:37:35.882,1.51907,1.51919,1.12,1.19
2017.12.20 19:37:35.934,1.51905,1.51919,1.00,1.00
2017.12.20 19:37:35.986,1.51907,1.51919,1.00,1.00
2017.12.20 19:37:36.526,1.51906,1.51919,1.69,1.00
2017.12.20 19:37:37.692,1.51905,1.51919,2.25,1.00
2017.12.20 19:37:38.228,1.51907,1.51919,1.31,1.00
2017.12.20 19:37:38.774,1.51906,1.51922,2.06,3.37
2017.12.20 19:37:39.725,1.51907,1.51922,1.50,1.50
2017.12.20 19:37:39.900,1.5191,1.51924,1.50,1.00
2017.12.20 19:37:40.439,1.5191,1.51925,2.44,1.00
2017.12.20 19:37:40.854,1.51912,1.51925,1.00,1.00
2017.12.20 19:37:41.387,1.51912,1.51927,1.50,2.25
2017.12.20 19:37:43.693,1.51913,1.51927,2.62,1.31
2017.12.20 19:37:44.668,1.51915,1.51929,1.50,1.19
2017.12.20 19:37:45.238,1.51916,1.51929,1.00,1.19
2017.12.20 19:37:45.538,1.51916,1.51929,1.13,1.25
2017.12.20 19:37:45.590,1.51918,1.51932,1.00,1.37
2017.12.20 19:37:46.603,1.51919,1.51933,1.00,1.63
2017.12.20 19:37:47.633,1.51918,1.51934,1.12,1.50
2017.12.20 19:37:48.156,1.51919,1.51934,1.00,1.88
2017.12.20 19:37:52.617,1.51919,1.51934,1.25,2.06
2017.12.20 19:37:52.878,1.51922,1.51935,1.13,1.25
2017.12.20 19:37:53.190,1.51921,1.51935,1.00,1.69
2017.12.20 19:37:53.500,1.51916,1.5193,1.87,1.44
2017.12.20 19:37:53.807,1.51914,1.5193,4.13,1.19
2017.12.20 19:37:54.364,1.51915,1.5193,1.25,1.63
2017.12.20 19:37:54.519,1.51913,1.51928,1.69,1.50
2017.12.20 19:37:54.571,1.51912,1.51925,1.12,1.19
2017.12.20 19:37:54.691,1.51914,1.51928,1.31,1.25
2017.12.20 19:37:56.877,1.51914,1.5193,1.88,2.06
2017.12.20 19:37:57.386,1.51914,1.5193,2.06,1.63
2017.12.20 19:37:57.902,1.51914,1.5193,1.88,1.50
2017.12.20 19:37:58.422,1.51914,1.51929,1.69,1.63
2017.12.20 19:38:00.107,1.51913,1.51927,2.81,1.44
2017.12.20 19:38:00.900,1.51917,1.51928,1.50,1.19
2017.12.20 19:38:01.431,1.51918,1.51928,1.00,1.19
2017.12.20 19:38:02.439,1.51914,1.51928,2.25,1.56
2017.12.20 19:38:02.492,1.51913,1.51927,1.25,1.56
2017.12.20 19:38:02.731,1.51911,1.51927,1.25,3.00
2017.12.20 19:38:02.782,1.51913,1.51927,1.00,1.31
2017.12.20 19:38:02.834,1.51913,1.51929,1.12,1.88
2017.12.20 19:38:02.887,1.51915,1.51929,1.00,1.19
2017.12.20 19:38:03.247,1.51914,1.51929,1.00,1.88
2017.12.20 19:38:03.709,1.51913,1.51927,2.25,1.19
2017.12.20 19:38:04.873,1.5191,1.51927,1.69,2.25
2017.12.20 19:38:06.755,1.51909,1.51923,1.00,2.06
2017.12.20 19:38:06.808,1.51907,1.51923,2.25,2.06
2017.12.20 19:38:06.860,1.51907,1.51922,2.25,1.31
2017.12.20 19:38:07.416,1.51905,1.51918,1.25,1.44
2017.12.20 19:38:07.946,1.51904,1.51918,2.25,1.87
2017.12.20 19:38:08.816,1.51904,1.51918,2.06,1.87
2017.12.20 19:38:12.237,1.51906,1.51922,1.19,2.25
2017.12.20 19:38:12.290,1.5191,1.51921,1.00,1.19
2017.12.20 19:38:12.459,1.51906,1.51922,1.31,2.62
2017.12.20 19:38:13.527,1.51904,1.51919,2.06,1.19
2017.12.20 19:38:15.600,1.51904,1.51919,1.31,1.19
2017.12.20 19:38:16.126,1.51906,1.51919,1.44,1.25
2017.12.20 19:38:17.245,1.51907,1.51919,2.06,1.25
2017.12.20 19:38:17.798,1.51908,1.51919,1.00,1.25
2017.12.20 19:38:18.407,1.51907,1.51919,1.00,1.25
2017.12.20 19:38:18.998,1.51906,1.51919,3.38,1.25
2017.12.20 19:38:19.732,1.51907,1.51919,1.50,1.25
2017.12.20 19:38:23.798,1.5191,1.51922,1.00,1.19
2017.12.20 19:38:23.850,1.51909,1.51922,1.00,1.00
2017.12.20 19:38:24.399,1.51908,1.51922,1.50,1.00
2017.12.20 19:38:25.231,1.51908,1.51922,3.19,1.00
2017.12.20 19:38:26.007,1.51909,1.51924,1.50,1.25
2017.12.20 19:38:26.540,1.5191,1.51924,1.00,1.25
2017.12.20 19:38:27.056,1.51909,1.51924,1.50,1.25
2017.12.20 19:38:28.177,1.51908,1.51924,2.62,1.19
2017.12.20 19:38:29.157,1.51909,1.51924,1.50,1.25
2017.12.20 19:38:29.704,1.5191,1.51924,1.00,1.25
2017.12.20 19:38:30.922,1.51909,1.51924,2.25,1.25
2017.12.20 19:38:31.426,1.5191,1.51924,1.00,1.25
2017.12.20 19:38:31.965,1.51909,1.51924,2.25,1.25
2017.12.20 19:38:32.517,1.5191,1.51924,1.00,1.25
2017.12.20 19:38:34.879,1.51913,1.51928,1.00,1.19
2017.12.20 19:38:40.852,1.51912,1.51928,1.69,1.31
2017.12.20 19:38:41.926,1.51912,1.51927,1.00,1.19
2017.12.20 19:38:42.495,1.51911,1.51925,4.31,1.19
2017.12.20 19:38:43.888,1.51912,1.51925,1.00,1.19
2017.12.20 19:38:44.629,1.51911,1.51925,4.12,1.19
2017.12.20 19:38:45.241,1.51912,1.51925,1.00,1.19
2017.12.20 19:38:45.765,1.51911,1.51925,4.31,1.19
2017.12.20 19:38:46.273,1.51912,1.51925,1.00,1.19
2017.12.20 19:38:48.069,1.51911,1.51925,1.87,1.19
2017.12.20 19:38:49.781,1.51912,1.51925,1.00,1.19
2017.12.20 19:38:51.377,1.51914,1.51925,1.25,1.25
2017.12.20 19:38:52.840,1.51915,1.51928,1.00,1.19
2017.12.20 19:38:53.384,1.51914,1.51928,1.25,1.69
2017.12.20 19:38:53.542,1.51916,1.5193,1.00,1.56
2017.12.20 19:38:54.104,1.51917,1.5193,1.00,1.00
2017.12.20 19:38:55.206,1.51919,1.5193,1.00,1.00
2017.12.20 19:38:58.271,1.51914,1.5193,1.50,1.56
2017.12.20 19:38:58.325,1.51914,1.51928,1.00,1.19
2017.12.20 19:38:59.843,1.51914,1.5193,1.00,1.56
2017.12.20 19:39:00.356,1.51913,1.51929,1.69,1.31
2017.12.20 19:39:00.936,1.51913,1.51927,2.25,1.19
2017.12.20 19:39:01.465,1.51914,1.51927,1.00,1.19
2017.12.20 19:39:02.570,1.51914,1.51926,1.00,1.19
2017.12.20 19:39:02.802,1.51915,1.51928,1.00,1.19
2017.12.20 19:39:03.358,1.51914,1.51927,2.62,1.19
2017.12.20 19:39:03.914,1.51915,1.51926,1.00,1.19
2017.12.20 19:39:04.387,1.51914,1.51928,2.81,1.19
2017.12.20 19:39:04.440,1.51915,1.5193,2.25,1.62
2017.12.20 19:39:04.762,1.51924,1.51938,2.06,1.69
2017.12.20 19:39:04.867,1.51923,1.51937,1.12,1.25
2017.12.20 19:39:04.919,1.51923,1.51935,1.00,1.19
2017.12.20 19:39:05.466,1.51922,1.51935,1.25,1.19
2017.12.20 19:39:07.479,1.51921,1.51935,1.00,1.19
2017.12.20 19:39:10.212,1.51922,1.51935,1.00,1.19
2017.12.20 19:39:10.714,1.51921,1.51935,1.50,1.19
2017.12.20 19:39:12.296,1.51922,1.51935,1.00,1.19
2017.12.20 19:39:13.226,1.51921,1.51935,1.25,1.69
2017.12.20 19:39:13.934,1.51926,1.51938,1.00,1.56
2017.12.20 19:39:13.986,1.51925,1.51938,2.25,1.25
2017.12.20 19:39:14.544,1.51926,1.51938,1.00,1.00
2017.12.20 19:39:14.699,1.51926,1.51941,1.00,1.25
2017.12.20 19:39:15.505,1.51924,1.5194,1.12,1.69
2017.12.20 19:39:15.815,1.51922,1.51935,1.00,1.19
2017.12.20 19:39:16.423,1.5192,1.51935,1.69,1.69
2017.12.20 19:39:21.798,1.51919,1.51935,3.00,1.87
2017.12.20 19:39:30.497,1.5192,1.51934,1.13,1.31
2017.12.20 19:39:31.056,1.5192,1.51935,1.13,2.06
2017.12.20 19:39:33.224,1.51921,1.51935,1.00,2.81
2017.12.20 19:39:34.169,1.5192,1.51935,2.44,2.06
2017.12.20 19:39:36.101,1.51921,1.51933,1.00,1.13
2017.12.20 19:39:36.204,1.51918,1.51931,2.44,1.00
2017.12.20 19:39:36.256,1.51915,1.51928,1.31,1.25
2017.12.20 19:39:36.309,1.51913,1.51929,2.25,1.69
2017.12.20 19:39:36.431,1.51912,1.51926,3.00,1.00
2017.12.20 19:39:36.688,1.51917,1.51929,1.00,1.00
2017.12.20 19:39:37.693,1.51916,1.51929,2.06,1.00
2017.12.20 19:39:38.306,1.51917,1.51929,1.00,1.00
2017.12.20 19:39:38.830,1.51916,1.51929,1.12,1.00
2017.12.20 19:39:39.199,1.51918,1.51931,1.87,1.44
2017.12.20 19:39:39.710,1.51919,1.51931,1.00,1.87
2017.12.20 19:39:43.693,1.51918,1.51931,2.25,1.19
2017.12.20 19:39:44.207,1.51919,1.51931,1.13,1.19
2017.12.20 19:39:47.394,1.51918,1.51931,1.13,1.19
2017.12.20 19:39:52.076,1.51916,1.51931,1.50,1.19
2017.12.20 19:39:52.737,1.51917,1.51931,1.00,1.44
2017.12.20 19:39:52.943,1.51918,1.51933,2.25,1.12
2017.12.20 19:39:53.100,1.51922,1.51933,1.00,1.19
2017.12.20 19:39:53.152,1.51919,1.51933,2.62,1.19
2017.12.20 19:39:53.204,1.51922,1.51934,1.37,1.25
2017.12.20 19:39:53.665,1.51923,1.51936,1.12,1.12
2017.12.20 19:39:54.288,1.51924,1.51936,1.00,1.31
2017.12.20 19:39:54.856,1.51923,1.51936,1.87,1.12
2017.12.20 19:39:55.374,1.51924,1.51936,1.00,1.12
2017.12.20 19:39:55.888,1.51924,1.51936,1.00,1.31
2017.12.20 19:39:57.274,1.51923,1.51936,1.87,1.12
2017.12.20 19:39:57.845,1.51924,1.51936,1.00,1.44
2017.12.20 19:39:58.364,1.51924,1.51936,1.00,1.12
2017.12.20 19:40:00.142,1.51924,1.51937,1.00,1.56
2017.12.20 19:40:00.690,1.51924,1.51937,1.00,1.56
2017.12.20 19:40:01.236,1.51923,1.51937,1.00,1.63
2017.12.20 19:40:02.023,1.51922,1.51937,1.12,1.63
2017.12.20 19:40:02.570,1.51921,1.51937,2.25,1.56
2017.12.20 19:40:03.063,1.5192,1.51934,1.63,1.19
2017.12.20 19:40:03.116,1.51917,1.51932,1.87,1.56
2017.12.20 19:40:03.655,1.51917,1.51931,1.00,1.12
2017.12.20 19:40:04.409,1.51916,1.51931,1.00,1.25
2017.12.20 19:40:05.689,1.5192,1.51932,1.00,1.44
2017.12.20 19:40:05.740,1.51919,1.51934,1.87,1.69
2017.12.20 19:40:05.946,1.51917,1.51932,3.00,2.06
2017.12.20 19:40:06.100,1.51916,1.51932,2.44,1.87
2017.12.20 19:40:06.618,1.51917,1.51932,1.00,2.62
2017.12.20 19:40:07.445,1.51916,1.51932,2.06,1.87
2017.12.20 19:40:11.114,1.51917,1.51932,1.00,2.06
2017.12.20 19:40:11.723,1.51916,1.51932,2.06,1.87
2017.12.20 19:40:12.253,1.51917,1.51932,1.00,1.87
2017.12.20 19:40:14.050,1.51917,1.51932,1.44,2.06
2017.12.20 19:40:15.086,1.51919,1.51932,1.00,1.25
2017.12.20 19:40:15.197,1.51918,1.51932,1.00,1.56
2017.12.20 19:40:15.753,1.51917,1.51932,2.62,1.44
2017.12.20 19:40:16.382,1.51918,1.51932,1.00,1.19
2017.12.20 19:40:16.531,1.5192,1.51934,2.25,1.12
2017.12.20 19:40:16.634,1.5192,1.51934,2.25,1.12
2017.12.20 19:40:16.943,1.51923,1.51937,2.25,1.19
2017.12.20 19:40:17.047,1.51926,1.51937,1.00,1.19
2017.12.20 19:40:17.098,1.51924,1.51937,1.12,1.19
2017.12.20 19:40:17.702,1.51925,1.51937,1.00,1.19
2017.12.20 19:40:18.219,1.51923,1.51937,2.44,1.19
2017.12.20 19:40:18.447,1.51923,1.51939,2.06,1.00
2017.12.20 19:40:18.655,1.51928,1.51939,1.00,1.00
2017.12.20 19:40:19.181,1.51927,1.51941,1.88,1.69
2017.12.20 19:40:21.471,1.51927,1.51941,1.31,1.69
2017.12.20 19:40:21.778,1.51928,1.51938,1.25,1.19
2017.12.20 19:40:22.452,1.51927,1.51938,2.06,1.19
2017.12.20 19:40:22.820,1.51927,1.51938,1.87,1.19
2017.12.20 19:40:22.873,1.51929,1.51941,1.12,1.19
2017.12.20 19:40:28.191,1.51928,1.51941,1.25,1.19
2017.12.20 19:40:28.991,1.51927,1.51941,2.44,1.19
2017.12.20 19:40:30.015,1.51926,1.51941,1.87,1.19
2017.12.20 19:40:30.615,1.51927,1.51941,1.00,1.19
2017.12.20 19:40:31.124,1.51926,1.51941,1.00,1.19
2017.12.20 19:40:32.834,1.51927,1.51941,1.00,1.19
2017.12.20 19:40:33.165,1.51928,1.51941,2.44,1.00
2017.12.20 19:40:33.559,1.51926,1.51941,1.69,1.00
2017.12.20 19:40:33.613,1.51927,1.51941,2.44,1.00
2017.12.20 19:40:33.921,1.51931,1.51941,1.25,1.00
2017.12.20 19:40:34.076,1.51932,1.51945,1.00,1.00
2017.12.20 19:40:34.282,1.5193,1.51945,1.69,1.25
2017.12.20 19:40:34.834,1.51931,1.51945,1.00,1.00
2017.12.20 19:40:34.893,1.51929,1.51944,1.00,1.44
2017.12.20 19:40:35.100,1.51926,1.51942,1.63,1.25
2017.12.20 19:40:35.659,1.51928,1.51942,1.00,1.00
2017.12.20 19:40:36.198,1.51929,1.51942,1.00,1.00
2017.12.20 19:40:36.858,1.51928,1.51942,1.00,1.00
2017.12.20 19:40:38.914,1.51927,1.51942,1.00,1.00
2017.12.20 19:40:39.843,1.51928,1.51942,1.00,1.00
2017.12.20 19:40:40.767,1.51927,1.51942,1.69,1.25
2017.12.20 19:40:41.650,1.51927,1.51942,1.37,1.00
2017.12.20 19:40:41.975,1.51926,1.51939,2.44,1.00
2017.12.20 19:40:42.883,1.51926,1.51939,3.19,1.00
2017.12.20 19:40:44.290,1.51926,1.51939,1.50,1.00
2017.12.20 19:40:50.091,1.51926,1.51939,1.31,1.00
2017.12.20 19:40:50.286,1.51928,1.51939,1.25,1.00
2017.12.20 19:40:50.817,1.51929,1.51939,1.00,1.00
2017.12.20 19:40:51.794,1.51928,1.51939,2.44,1.00
2017.12.20 19:40:52.315,1.51926,1.51939,1.63,1.00
2017.12.20 19:40:52.809,1.51922,1.51935,1.37,1.38
2017.12.20 19:40:52.864,1.51919,1.51932,1.50,1.00
2017.12.20 19:40:53.050,1.51916,1.51931,2.25,1.31
2017.12.20 19:40:53.406,1.51915,1.51928,3.00,1.00
2017.12.20 19:40:54.091,1.51914,1.51928,3.56,1.00
2017.12.20 19:40:54.401,1.51917,1.51928,1.00,1.00
2017.12.20 19:40:55.069,1.51915,1.51928,1.31,1.38
2017.12.20 19:40:55.121,1.51913,1.51928,1.88,1.00
2017.12.20 19:40:55.832,1.51914,1.51928,1.13,1.25
2017.12.20 19:40:57.311,1.51913,1.51925,1.31,1.00
2017.12.20 19:40:57.726,1.51909,1.51925,3.37,1.00
2017.12.20 19:40:58.236,1.5191,1.51925,1.81,1.00
2017.12.20 19:40:58.340,1.51907,1.51922,2.25,1.44
2017.12.20 19:40:58.392,1.51906,1.51921,1.31,1.88
2017.12.20 19:40:58.497,1.51904,1.51918,1.44,1.00
2017.12.20 19:40:58.805,1.51908,1.5192,1.00,1.00
2017.12.20 19:40:59.131,1.51911,1.5192,1.31,1.00
2017.12.20 19:40:59.542,1.51911,1.51924,1.63,1.00
2017.12.20 19:41:02.515,1.51913,1.51924,1.31,1.00
2017.12.20 19:41:03.034,1.51911,1.51924,3.56,1.00
2017.12.20 19:41:12.934,1.51913,1.51924,1.31,1.00
2017.12.20 19:41:14.744,1.51912,1.51927,3.00,1.00
2017.12.20 19:41:14.799,1.51913,1.51927,1.13,1.00
2017.12.20 19:41:15.113,1.5191,1.51923,2.25,1.19
2017.12.20 19:41:15.217,1.51912,1.51923,1.13,1.19
2017.12.20 19:41:15.274,1.51913,1.51927,1.13,1.19
2017.12.20 19:41:16.753,1.51916,1.51927,1.00,1.19
2017.12.20 19:41:17.754,1.51915,1.51927,1.12,1.19
2017.12.20 19:41:19.191,1.51913,1.51927,1.25,1.69
2017.12.20 19:41:19.245,1.51911,1.51923,1.12,1.00
2017.12.20 19:41:19.300,1.51911,1.51923,1.38,1.25
2017.12.20 19:41:19.924,1.5191,1.51923,3.38,1.00
2017.12.20 19:41:22.458,1.51911,1.51923,1.50,1.00
2017.12.20 19:41:23.034,1.51913,1.51923,1.00,1.00
2017.12.20 19:41:23.536,1.51912,1.51923,1.25,1.00
2017.12.20 19:41:23.743,1.51909,1.51921,1.00,1.00
2017.12.20 19:41:23.795,1.51905,1.51921,1.69,1.44
2017.12.20 19:41:23.847,1.51904,1.51918,1.69,1.00
2017.12.20 19:41:24.197,1.51905,1.51917,1.13,1.69
2017.12.20 19:41:24.816,1.51906,1.51917,1.00,1.69
2017.12.20 19:41:25.354,1.51905,1.51917,1.13,1.69
2017.12.20 19:41:26.215,1.51905,1.51917,1.44,1.69
2017.12.20 19:41:26.888,1.51906,1.51917,1.44,1.69
2017.12.20 19:41:27.972,1.51902,1.51917,2.06,1.69
2017.12.20 19:41:28.024,1.51902,1.51917,2.44,1.69
2017.12.20 19:41:28.270,1.51905,1.51917,1.00,1.69
2017.12.20 19:41:28.801,1.51904,1.51917,1.00,1.69
2017.12.20 19:41:29.305,1.51905,1.51917,1.00,1.69
2017.12.20 19:41:29.955,1.51905,1.51917,1.00,1.00
2017.12.20 19:41:30.548,1.51905,1.51917,1.44,1.00
2017.12.20 19:41:31.328,1.51905,1.51917,1.25,1.00
2017.12.20 19:41:33.811,1.51904,1.51917,1.25,1.00
2017.12.20 19:41:34.313,1.51905,1.51917,1.00,1.00
2017.12.20 19:41:34.908,1.51904,1.51917,1.25,1.00
2017.12.20 19:41:35.428,1.51905,1.51917,1.00,1.00
2017.12.20 19:41:36.027,1.51904,1.51917,1.00,1.00
2017.12.20 19:41:37.074,1.51905,1.51917,1.00,1.00
2017.12.20 19:41:37.866,1.51904,1.51917,1.00,1.00
2017.12.20 19:41:38.518,1.51905,1.51917,1.00,1.00
2017.12.20 19:41:41.045,1.51904,1.51917,1.00,1.00
2017.12.20 19:41:42.054,1.51903,1.51917,3.56,1.00
2017.12.20 19:41:42.578,1.51905,1.51917,1.38,1.00
2017.12.20 19:41:43.595,1.51904,1.51917,1.38,1.00
2017.12.20 19:41:44.256,1.51905,1.51917,1.50,1.69
2017.12.20 19:41:44.915,1.51905,1.51917,1.50,1.69
2017.12.20 19:41:45.331,1.51908,1.5192,1.00,2.06
2017.12.20 19:41:45.835,1.51907,1.5192,1.12,1.69
2017.12.20 19:41:46.497,1.51911,1.5192,1.00,1.00
2017.12.20 19:41:46.550,1.51908,1.51921,1.63,1.00
2017.12.20 19:41:47.064,1.51908,1.51921,1.69,1.00
2017.12.20 19:41:47.613,1.51907,1.51921,3.38,1.00
2017.12.20 19:41:48.216,1.51908,1.51921,1.69,1.00
2017.12.20 19:41:51.722,1.51906,1.51921,3.56,1.00
2017.12.20 19:41:51.825,1.51909,1.51923,1.38,1.19
2017.12.20 19:41:52.034,1.51915,1.51927,1.12,1.00
2017.12.20 19:41:52.576,1.51914,1.51927,3.56,1.00
2017.12.20 19:41:52.628,1.51917,1.51927,1.00,1.00
2017.12.20 19:41:52.680,1.51917,1.51929,1.31,1.00
2017.12.20 19:41:53.203,1.51916,1.51929,2.06,1.87
2017.12.20 19:41:54.288,1.51916,1.51929,1.00,2.06
2017.12.20 19:41:54.391,1.51912,1.51927,1.75,1.88
2017.12.20 19:41:54.443,1.51911,1.51927,4.31,1.87
2017.12.20 19:41:55.881,1.51915,1.51927,1.00,1.00
2017.12.20 19:41:56.572,1.51914,1.51927,1.00,1.25
2017.12.20 19:41:57.225,1.51915,1.51927,1.00,1.25
2017.12.20 19:41:57.906,1.51912,1.51927,3.75,1.25
2017.12.20 19:41:58.009,1.51912,1.51927,2.06,1.19
2017.12.20 19:41:58.163,1.51912,1.51927,1.12,1.25
2017.12.20 19:41:58.358,1.51914,1.51927,1.50,1.19
2017.12.20 19:41:58.880,1.51914,1.51927,1.00,1.00
2017.12.20 19:41:59.556,1.51914,1.51927,1.00,1.38
2017.12.20 19:42:00.129,1.51913,1.51927,1.12,1.25
2017.12.20 19:42:00.657,1.51914,1.51927,1.00,1.44
2017.12.20 19:42:02.024,1.51913,1.51927,2.25,1.25
2017.12.20 19:42:02.572,1.51914,1.51927,1.00,1.13
2017.12.20 19:42:03.092,1.51915,1.51927,1.00,1.13
2017.12.20 19:42:03.610,1.51914,1.51927,1.50,1.00
2017.12.20 19:42:04.128,1.51915,1.51927,1.00,1.25
2017.12.20 19:42:04.478,1.51914,1.51927,1.00,1.44
2017.12.20 19:42:04.530,1.51914,1.51927,1.00,1.25
2017.12.20 19:42:04.985,1.51916,1.51929,1.12,1.00
2017.12.20 19:42:05.542,1.51917,1.51929,1.00,1.87
2017.12.20 19:42:05.806,1.51914,1.51929,2.81,2.06
2017.12.20 19:42:06.321,1.51915,1.51929,1.50,1.87
2017.12.20 19:42:06.631,1.51919,1.51929,1.00,1.00
2017.12.20 19:42:07.219,1.51918,1.51929,1.00,1.00
2017.12.20 19:42:07.904,1.51919,1.51929,1.00,1.00
2017.12.20 19:42:09.412,1.51918,1.51929,1.69,1.00
2017.12.20 19:42:10.027,1.51919,1.51929,1.00,1.00
2017.12.20 19:42:10.283,1.5192,1.51932,1.00,1.00
2017.12.20 19:42:10.810,1.51919,1.51932,1.87,1.25
2017.12.20 19:42:11.354,1.51918,1.51932,2.44,1.25
2017.12.20 19:42:11.456,1.51919,1.51932,1.00,1.88
2017.12.20 19:42:11.566,1.51918,1.51932,2.44,1.69
2017.12.20 19:42:12.020,1.51919,1.51932,1.00,1.38
2017.12.20 19:42:12.164,1.51918,1.51932,2.44,1.25
2017.12.20 19:42:13.202,1.51918,1.51931,1.00,1.38
2017.12.20 19:42:13.255,1.51914,1.5193,3.37,3.00
2017.12.20 19:42:17.712,1.51916,1.51927,1.87,1.00
2017.12.20 19:42:18.249,1.51915,1.51927,1.87,1.00
2017.12.20 19:42:21.459,1.51916,1.51927,1.00,1.25
2017.12.20 19:42:22.798,1.51918,1.51927,1.00,1.25
2017.12.20 19:42:23.840,1.51917,1.51927,2.62,1.00
2017.12.20 19:42:24.376,1.51918,1.51927,1.00,1.00
2017.12.20 19:42:25.326,1.51917,1.51927,1.12,1.00
2017.12.20 19:42:27.272,1.51915,1.51927,1.12,1.00
2017.12.20 19:42:28.359,1.51916,1.51927,1.00,1.00
2017.12.20 19:42:30.449,1.51915,1.51927,1.12,1.00
2017.12.20 19:42:30.845,1.51913,1.51924,1.00,1.00
2017.12.20 19:42:31.235,1.51911,1.51924,2.81,1.25
2017.12.20 19:42:31.947,1.51912,1.51924,1.00,1.25
2017.12.20 19:42:32.632,1.51909,1.51922,1.25,1.25
2017.12.20 19:42:32.686,1.51906,1.51919,1.88,1.19
2017.12.20 19:42:33.837,1.51906,1.51919,2.25,1.19
2017.12.20 19:42:34.176,1.51908,1.51919,1.44,1.19
2017.12.20 19:42:34.448,1.51907,1.51919,2.44,1.19
2017.12.20 19:42:36.456,1.51908,1.51919,1.00,1.19
2017.12.20 19:42:36.576,1.51911,1.51923,1.44,1.69
2017.12.20 19:42:36.629,1.51913,1.51924,1.00,1.00
2017.12.20 19:42:37.203,1.51914,1.51924,1.25,1.00
2017.12.20 19:42:37.747,1.51913,1.51924,1.31,1.00
2017.12.20 19:42:38.312,1.51914,1.51924,1.25,1.00
2017.12.20 19:42:39.439,1.51912,1.51921,1.00,1.00
2017.12.20 19:42:39.491,1.51907,1.51921,1.88,1.25
2017.12.20 19:42:41.442,1.51907,1.51921,1.38,1.25
2017.12.20 19:42:41.997,1.51907,1.51921,1.38,1.25
2017.12.20 19:42:44.150,1.51906,1.51921,2.25,1.13
2017.12.20 19:42:45.679,1.51905,1.51921,4.50,1.25
2017.12.20 19:42:46.287,1.51906,1.51921,1.50,1.13
2017.12.20 19:42:52.877,1.51908,1.51921,2.25,1.00
2017.12.20 19:42:54.041,1.51905,1.51921,3.38,1.31
2017.12.20 19:42:54.635,1.51906,1.51921,1.13,1.25
2017.12.20 19:42:55.265,1.51906,1.51921,1.88,1.13
2017.12.20 19:42:57.485,1.51908,1.51921,1.00,1.31
2017.12.20 19:42:58.497,1.51907,1.51921,1.13,1.13
2017.12.20 19:42:59.925,1.51907,1.51921,1.38,1.25
2017.12.20 19:43:00.444,1.51907,1.51921,1.38,1.25
2017.12.20 19:43:00.954,1.51907,1.51921,1.38,1.25
2017.12.20 19:43:01.564,1.51907,1.51921,1.38,1.25
2017.12.20 19:43:02.120,1.51905,1.5192,1.31,1.00
2017.12.20 19:43:02.173,1.51907,1.51921,1.63,1.44
2017.12.20 19:43:02.680,1.51907,1.51921,3.00,1.00
2017.12.20 19:43:05.197,1.51907,1.51918,1.00,1.00
2017.12.20 19:43:05.718,1.51906,1.51918,1.87,1.00
2017.12.20 19:43:07.515,1.51907,1.51918,1.25,1.00
2017.12.20 19:43:08.337,1.51907,1.51918,1.38,1.00
2017.12.20 19:43:08.491,1.51906,1.51918,2.81,1.00
2017.12.20 19:43:09.010,1.51907,1.51918,1.13,1.00
2017.12.20 19:43:09.528,1.51906,1.51918,2.25,1.00
2017.12.20 19:43:09.580,1.51907,1.51918,1.38,1.00
2017.12.20 19:43:10.096,1.51906,1.51918,1.50,1.00
2017.12.20 19:43:10.402,1.51907,1.51918,1.38,1.00
2017.12.20 19:43:11.744,1.51906,1.51918,3.38,1.00
2017.12.20 19:43:13.562,1.5191,1.5192,1.00,1.25
2017.12.20 19:43:13.615,1.5191,1.51922,1.00,1.25
2017.12.20 19:43:13.713,1.51907,1.51922,1.31,1.38
2017.12.20 19:43:13.801,1.5191,1.51922,1.38,1.00
2017.12.20 19:43:13.856,1.51911,1.51925,1.31,1.00
2017.12.20 19:43:14.071,1.51913,1.51926,1.38,1.00
2017.12.20 19:43:14.604,1.51914,1.51926,1.38,1.00
2017.12.20 19:43:15.135,1.51913,1.51926,3.75,1.00
2017.12.20 19:43:15.705,1.51914,1.51926,1.38,1.00
2017.12.20 19:43:16.216,1.51913,1.51926,1.87,1.00
2017.12.20 19:43:16.959,1.51914,1.51926,1.13,1.00
2017.12.20 19:43:17.462,1.51913,1.51926,2.25,1.00
2017.12.20 19:43:20.116,1.51914,1.51926,1.13,1.00
2017.12.20 19:43:20.723,1.51913,1.51926,2.06,1.00
2017.12.20 19:43:21.017,1.51915,1.51926,1.25,1.00
2017.12.20 19:43:22.187,1.51914,1.51926,1.50,1.00
2017.12.20 19:43:22.780,1.51915,1.51926,1.13,1.00
2017.12.20 19:43:23.017,1.51915,1.51929,1.13,1.88
2017.12.20 19:43:23.590,1.51914,1.51929,1.31,1.69
2017.12.20 19:43:24.094,1.51915,1.51929,1.13,2.06
2017.12.20 19:43:28.850,1.51915,1.51928,1.13,1.19
2017.12.20 19:43:29.385,1.51913,1.51926,1.44,1.25
2017.12.20 19:43:30.809,1.51909,1.51923,3.75,1.38
2017.12.20 19:43:30.862,1.51907,1.5192,1.00,1.25
2017.12.20 19:43:30.914,1.51903,1.51916,4.69,1.25
2017.12.20 19:43:31.069,1.51902,1.51916,1.81,1.25
2017.12.20 19:43:31.658,1.51902,1.51916,1.69,1.25
2017.12.20 19:43:31.760,1.51902,1.51914,1.25,1.19
2017.12.20 19:43:32.374,1.51902,1.51914,1.44,1.19
2017.12.20 19:43:32.832,1.51904,1.51916,1.25,1.19
2017.12.20 19:43:33.918,1.51902,1.51916,1.44,1.44
2017.12.20 19:43:34.430,1.51902,1.51914,1.44,1.00
2017.12.20 19:43:35.137,1.51901,1.51914,2.25,1.00
2017.12.20 19:43:35.242,1.51904,1.51916,1.13,1.19
2017.12.20 19:43:35.786,1.51905,1.51917,1.00,1.69
2017.12.20 19:43:36.381,1.51904,1.51917,2.25,1.69
2017.12.20 19:43:36.914,1.51904,1.51917,2.25,1.69
2017.12.20 19:43:38.000,1.51912,1.51917,1.00,1.69
2017.12.20 19:43:38.322,1.51912,1.51917,1.00,1.69
2017.12.20 19:43:38.966,1.51912,1.51917,1.00,1.69
2017.12.20 19:43:39.599,1.51903,1.51917,2.44,1.69
2017.12.20 19:43:39.997,1.51912,1.51917,1.00,1.69
2017.12.20 19:43:40.973,1.51908,1.51914,1.00,1.00
2017.12.20 19:43:41.027,1.51909,1.51914,1.00,1.69
2017.12.20 19:43:41.166,1.51907,1.51914,1.00,1.69
2017.12.20 19:43:41.323,1.51908,1.51914,1.00,1.69
2017.12.20 19:43:43.373,1.5191,1.51914,1.00,1.50
2017.12.20 19:43:43.697,1.5191,1.51914,1.00,1.00
2017.12.20 19:43:44.084,1.5191,1.51914,1.00,1.00
2017.12.20 19:43:44.781,1.5191,1.51915,1.00,1.25
2017.12.20 19:43:49.984,1.5191,1.51914,1.00,1.00
2017.12.20 19:43:50.823,1.51912,1.51916,1.00,1.25
2017.12.20 19:43:50.926,1.51911,1.51916,1.00,1.19
2017.12.20 19:43:51.656,1.51912,1.51917,1.00,1.69
2017.12.20 19:43:56.891,1.51912,1.51917,1.00,1.69
2017.12.20 19:43:57.200,1.51908,1.51913,1.00,1.19
2017.12.20 19:43:58.366,1.51909,1.51915,1.00,1.19
2017.12.20 19:43:58.915,1.51909,1.51915,1.00,1.19
2017.12.20 19:44:00.640,1.51909,1.51915,1.00,1.19
2017.12.20 19:44:00.692,1.51907,1.51915,1.00,1.19
2017.12.20 19:44:00.797,1.51909,1.51915,1.00,1.19
2017.12.20 19:44:00.850,1.5191,1.51916,1.00,1.25
2017.12.20 19:44:01.315,1.51913,1.51918,1.00,1.69
2017.12.20 19:44:01.839,1.51914,1.51919,1.00,1.00
2017.12.20 19:44:02.171,1.51915,1.51921,1.00,1.19
2017.12.20 19:44:03.813,1.51913,1.51918,1.00,1.19
2017.12.20 19:44:03.867,1.51913,1.51918,1.00,1.19
2017.12.20 19:44:04.175,1.51911,1.51918,1.00,1.69
2017.12.20 19:44:04.228,1.519,1.51914,2.62,1.25
2017.12.20 19:44:04.633,1.51902,1.51914,1.87,1.00
2017.12.20 19:44:04.941,1.51901,1.51914,3.00,1.00
2017.12.20 19:44:05.253,1.5191,1.51914,1.00,1.00
2017.12.20 19:44:07.085,1.5191,1.51917,1.00,1.69
2017.12.20 19:44:07.987,1.51907,1.51912,1.00,1.19
2017.12.20 19:44:08.091,1.51908,1.51912,1.00,1.25
2017.12.20 19:44:09.545,1.51905,1.51911,1.00,1.19
2017.12.20 19:44:09.736,1.51904,1.51909,1.00,1.19
2017.12.20 19:44:10.689,1.51904,1.5191,1.00,1.00
2017.12.20 19:44:10.845,1.51901,1.51907,1.00,1.25
2017.12.20 19:44:11.180,1.519,1.51906,1.00,1.19
2017.12.20 19:44:12.396,1.51893,1.51906,2.06,1.19
2017.12.20 19:44:17.502,1.51894,1.51907,1.50,1.69
2017.12.20 19:44:18.100,1.51896,1.51907,1.00,1.69
2017.12.20 19:44:20.075,1.51895,1.51907,1.12,1.69
2017.12.20 19:44:21.136,1.51896,1.51907,1.00,1.69
2017.12.20 19:44:21.913,1.51895,1.51907,1.12,1.69
2017.12.20 19:44:23.586,1.51896,1.51907,1.31,1.69
2017.12.20 19:44:27.524,1.51894,1.51907,2.62,1.69
2017.12.20 19:44:28.626,1.51894,1.51907,1.50,1.69
2017.12.20 19:44:29.139,1.51894,1.51907,1.50,1.00
2017.12.20 19:44:32.410,1.51894,1.51907,1.50,1.00
2017.12.20 19:44:33.212,1.51893,1.51907,2.44,1.00
2017.12.20 19:44:33.801,1.51894,1.51907,1.50,1.00
2017.12.20 19:44:34.603,1.51894,1.51907,1.31,1.00
2017.12.20 19:44:34.858,1.51895,1.51907,1.19,1.00
2017.12.20 19:44:35.366,1.51895,1.51907,1.25,1.00
2017.12.20 19:44:36.247,1.51893,1.51906,1.50,1.19
2017.12.20 19:44:37.750,1.51889,1.51903,1.69,1.44
2017.12.20 19:44:37.802,1.51886,1.51901,3.00,1.19
2017.12.20 19:44:39.806,1.51884,1.51896,1.69,1.19
2017.12.20 19:44:39.858,1.51882,1.51896,1.69,1.69
2017.12.20 19:44:40.421,1.5188,1.51896,1.69,2.62
2017.12.20 19:44:40.913,1.51877,1.51893,3.38,1.00
2017.12.20 19:44:41.068,1.51877,1.51893,3.38,1.69
2017.12.20 19:44:41.376,1.51878,1.51893,1.13,1.00
2017.12.20 19:44:41.905,1.51877,1.51893,2.25,1.00
2017.12.20 19:44:45.355,1.51878,1.51893,2.63,1.00
2017.12.20 19:44:45.890,1.51878,1.51893,1.75,1.00
2017.12.20 19:44:46.498,1.51879,1.51893,1.44,1.00
2017.12.20 19:44:47.165,1.51879,1.51893,1.00,1.00
2017.12.20 19:44:47.489,1.51878,1.51893,2.25,1.00
2017.12.20 19:44:47.997,1.5188,1.51893,1.50,1.00
2017.12.20 19:44:49.221,1.51881,1.51893,1.25,1.00
2017.12.20 19:44:49.528,1.51879,1.51893,2.25,1.00
2017.12.20 19:44:50.987,1.5188,1.51893,1.69,1.00
2017.12.20 19:44:51.673,1.5188,1.51895,3.56,1.19
2017.12.20 19:44:51.871,1.51881,1.51895,1.44,1.19
2017.12.20 19:44:52.834,1.51881,1.51895,1.38,1.19
2017.12.20 19:44:53.887,1.5188,1.51895,3.38,1.19
2017.12.20 19:44:54.395,1.5188,1.51895,3.56,1.19
2017.12.20 19:44:55.183,1.5188,1.51895,3.00,1.19
2017.12.20 19:44:55.865,1.5188,1.51895,3.00,1.19
2017.12.20 19:44:57.285,1.5188,1.51895,2.63,1.19
2017.12.20 19:44:58.137,1.5188,1.51895,2.62,1.19
2017.12.20 19:44:58.189,1.51883,1.51896,1.00,1.00
2017.12.20 19:44:58.293,1.51883,1.51896,1.38,1.00
2017.12.20 19:44:58.449,1.51892,1.51905,1.00,1.69
2017.12.20 19:44:58.611,1.51893,1.51908,1.88,1.19
2017.12.20 19:44:58.768,1.51894,1.51908,1.50,1.19
2017.12.20 19:44:59.281,1.51893,1.51908,3.00,1.19
2017.12.20 19:44:59.805,1.51894,1.51908,1.50,1.19
2017.12.20 19:45:00.327,1.51894,1.51908,1.50,1.19
2017.12.20 19:45:00.945,1.51894,1.51908,1.50,1.19
2017.12.20 19:45:01.242,1.51894,1.51908,1.31,1.19
2017.12.20 19:45:01.294,1.51894,1.51909,2.44,1.25
2017.12.20 19:45:01.602,1.51894,1.51907,1.62,1.19
2017.12.20 19:45:01.654,1.51892,1.51907,2.44,1.19
2017.12.20 19:45:01.707,1.51891,1.51907,1.31,1.56
2017.12.20 19:45:01.759,1.51887,1.51903,1.50,1.00
2017.12.20 19:45:02.074,1.51893,1.51905,1.25,1.19
2017.12.20 19:45:02.853,1.51893,1.51905,1.38,1.19
2017.12.20 19:45:03.213,1.51893,1.51908,1.44,1.69
2017.12.20 19:45:03.760,1.51893,1.51908,1.25,1.69
2017.12.20 19:45:07.825,1.51893,1.51906,1.00,1.25
2017.12.20 19:45:09.758,1.51891,1.51906,1.25,1.87
2017.12.20 19:45:09.812,1.51888,1.51902,1.00,1.19
2017.12.20 19:45:09.864,1.51886,1.51902,1.00,2.06
2017.12.20 19:45:10.367,1.51886,1.51901,1.00,1.50
2017.12.20 19:45:11.065,1.51886,1.51901,1.00,2.00
2017.12.20 19:45:11.167,1.51886,1.51901,1.00,1.00
2017.12.20 19:45:14.517,1.51883,1.519,1.19,1.00
2017.12.20 19:45:15.107,1.51882,1.51899,2.63,1.00
2017.12.20 19:45:15.610,1.51882,1.519,2.63,2.62
2017.12.20 19:45:16.165,1.51883,1.51899,1.13,1.00
2017.12.20 19:45:16.680,1.51882,1.51898,2.63,1.25
2017.12.20 19:45:19.144,1.51882,1.51899,2.06,2.06
2017.12.20 19:45:20.179,1.51882,1.51894,1.37,1.25
2017.12.20 19:45:20.232,1.5188,1.51894,1.88,1.25
2017.12.20 19:45:20.335,1.51879,1.51894,1.69,1.69
2017.12.20 19:45:21.674,1.51884,1.51899,1.69,1.69
2017.12.20 19:45:21.727,1.51886,1.51902,3.56,1.00
2017.12.20 19:45:21.831,1.51886,1.51904,3.56,1.69
2017.12.20 19:45:21.919,1.51886,1.51904,4.69,1.69
2017.12.20 19:45:22.432,1.51887,1.51904,3.19,2.62
2017.12.20 19:45:22.945,1.51888,1.51904,1.87,1.87
2017.12.20 19:45:23.295,1.51886,1.51904,1.87,4.50
2017.12.20 19:45:23.465,1.51883,1.51898,1.62,1.19
2017.12.20 19:45:23.725,1.51881,1.51896,1.25,2.81
2017.12.20 19:45:25.939,1.51879,1.51896,2.81,2.06
2017.12.20 19:45:26.473,1.51879,1.51895,3.00,1.25
2017.12.20 19:45:27.270,1.51879,1.51896,2.81,2.06
2017.12.20 19:45:28.552,1.51879,1.51895,3.00,1.25
2017.12.20 19:45:30.051,1.51879,1.51895,2.85,1.25
2017.12.20 19:45:30.476,1.51883,1.51895,1.44,1.25
2017.12.20 19:45:30.629,1.5188,1.51896,1.54,2.81
2017.12.20 19:45:30.681,1.51881,1.51895,1.35,1.00
2017.12.20 19:45:30.836,1.51884,1.51897,1.38,1.69
2017.12.20 19:45:31.369,1.51884,1.51897,1.44,1.69
2017.12.20 19:45:31.890,1.51884,1.51897,1.25,1.69
2017.12.20 19:45:32.742,1.51883,1.51897,1.25,1.25
2017.12.20 19:45:33.059,1.51885,1.51897,1.00,1.69
2017.12.20 19:45:34.009,1.51883,1.51897,1.88,1.25
2017.12.20 19:45:35.441,1.51886,1.51897,1.00,1.25
2017.12.20 19:45:35.492,1.51884,1.51897,2.06,1.25
2017.12.20 19:45:36.325,1.51886,1.51897,1.00,1.25
2017.12.20 19:45:37.289,1.51884,1.51897,1.00,1.25
2017.12.20 19:45:37.827,1.51885,1.51898,1.25,1.19
2017.12.20 19:45:38.349,1.51884,1.51898,1.69,1.44
2017.12.20 19:45:40.258,1.51885,1.51898,1.13,1.19
2017.12.20 19:45:40.310,1.51885,1.519,2.25,1.25
2017.12.20 19:45:40.362,1.51885,1.519,1.13,1.25
2017.12.20 19:45:40.516,1.51887,1.519,1.00,1.25
2017.12.20 19:45:40.829,1.51884,1.51898,1.25,1.19
2017.12.20 19:45:41.519,1.51885,1.51898,1.00,1.87
2017.12.20 19:45:42.582,1.51884,1.51898,1.50,1.19
2017.12.20 19:45:46.762,1.51884,1.51898,1.44,1.56
2017.12.20 19:45:48.102,1.51884,1.51899,1.13,1.19
2017.12.20 19:45:48.410,1.51884,1.51899,2.06,1.19
2017.12.20 19:45:50.929,1.51884,1.51899,1.88,1.19
2017.12.20 19:45:51.033,1.51888,1.51903,1.13,1.87
2017.12.20 19:45:51.254,1.51887,1.51903,1.13,3.19
2017.12.20 19:45:52.208,1.51887,1.51903,1.25,3.56
2017.12.20 19:45:52.260,1.51885,1.519,2.06,1.31
2017.12.20 19:45:52.771,1.51884,1.51899,2.63,1.00
2017.12.20 19:45:53.875,1.51884,1.51899,1.25,1.25
2017.12.20 19:45:54.391,1.51884,1.519,1.00,2.81
2017.12.20 19:45:54.969,1.51885,1.519,2.81,1.25
2017.12.20 19:45:55.481,1.51885,1.51903,3.75,2.81
2017.12.20 19:45:56.030,1.51886,1.51903,2.06,1.87
2017.12.20 19:45:57.793,1.51886,1.51903,1.88,1.87
2017.12.20 19:45:58.318,1.51887,1.51903,1.25,2.81
2017.12.20 19:45:59.123,1.51886,1.51901,1.69,1.44
2017.12.20 19:45:59.458,1.51886,1.51901,1.50,1.81
2017.12.20 19:45:59.513,1.51884,1.51898,1.00,2.06
2017.12.20 19:46:00.056,1.51884,1.51898,1.25,1.69
2017.12.20 19:46:03.828,1.51885,1.51898,2.44,1.19
2017.12.20 19:46:03.880,1.51888,1.51901,1.63,1.25
2017.12.20 19:46:03.932,1.51888,1.51903,2.06,1.69
2017.12.20 19:46:04.308,1.51892,1.51907,1.13,1.19
2017.12.20 19:46:04.821,1.51894,1.51907,1.44,1.19
2017.12.20 19:46:05.537,1.51894,1.51907,2.06,1.19
2017.12.20 19:46:06.112,1.51894,1.51907,2.25,1.19
2017.12.20 19:46:06.681,1.51896,1.51907,1.00,1.19
2017.12.20 19:46:07.228,1.51894,1.51907,2.25,1.19
2017.12.20 19:46:08.321,1.51893,1.51907,3.00,1.19
2017.12.20 19:46:08.842,1.51894,1.51907,2.25,1.19
2017.12.20 19:46:09.722,1.51894,1.51907,2.06,1.19
2017.12.20 19:46:09.825,1.51896,1.51909,1.00,1.00
2017.12.20 19:46:10.529,1.51894,1.51909,2.25,1.50
2017.12.20 19:46:11.038,1.51894,1.51909,2.06,2.25
2017.12.20 19:46:11.604,1.51894,1.51909,1.88,2.25
2017.12.20 19:46:12.179,1.51893,1.51908,3.38,1.00
2017.12.20 19:46:12.787,1.51894,1.51909,1.88,2.25
2017.12.20 19:46:16.408,1.51892,1.51909,2.00,1.56
2017.12.20 19:46:16.460,1.51892,1.51909,1.81,2.81
2017.12.20 19:46:16.667,1.5189,1.51906,1.25,3.37
2017.12.20 19:46:17.039,1.51892,1.51905,1.00,1.12
2017.12.20 19:46:17.710,1.51891,1.51906,1.00,1.87
2017.12.20 19:46:20.174,1.5189,1.51906,1.31,2.62
2017.12.20 19:46:20.933,1.51891,1.51906,1.00,3.37
2017.12.20 19:46:21.893,1.5189,1.51906,1.13,2.62
2017.12.20 19:46:22.425,1.51891,1.51905,1.13,1.87
2017.12.20 19:46:23.084,1.51891,1.51905,1.25,1.87
2017.12.20 19:46:23.639,1.5189,1.51905,1.50,1.87
2017.12.20 19:46:24.191,1.51891,1.51905,1.25,1.87
2017.12.20 19:46:24.789,1.51891,1.51906,1.00,3.37
2017.12.20 19:46:26.050,1.5189,1.51906,1.13,2.62
2017.12.20 19:46:26.640,1.5189,1.51905,1.50,1.87
2017.12.20 19:46:27.162,1.5189,1.51905,1.50,1.87
2017.12.20 19:46:28.151,1.5189,1.51906,1.13,3.75
2017.12.20 19:46:29.022,1.51889,1.51906,1.88,3.19
2017.12.20 19:46:29.370,1.51883,1.51898,1.56,1.00
2017.12.20 19:46:30.123,1.51885,1.51898,1.44,1.00
2017.12.20 19:46:30.700,1.51885,1.51898,1.38,1.00
2017.12.20 19:46:31.367,1.51884,1.51898,1.63,1.00
2017.12.20 19:46:31.920,1.51887,1.51898,1.00,1.00
2017.12.20 19:46:33.069,1.51885,1.51898,1.44,1.00
2017.12.20 19:46:33.173,1.51886,1.519,1.31,1.00
2017.12.20 19:46:33.685,1.51885,1.519,1.81,1.00
2017.12.20 19:46:34.212,1.51887,1.519,1.25,1.00
2017.12.20 19:46:36.313,1.51889,1.519,1.00,1.00
2017.12.20 19:46:36.736,1.51889,1.51906,1.13,1.19
2017.12.20 19:46:36.839,1.51889,1.51906,2.81,1.19
2017.12.20 19:46:37.056,1.51892,1.51906,1.25,1.00
2017.12.20 19:46:37.591,1.51891,1.51906,2.63,1.00
2017.12.20 19:46:38.576,1.51894,1.51909,2.25,1.19
2017.12.20 19:46:38.628,1.51894,1.51909,2.25,1.25
2017.12.20 19:46:39.189,1.51896,1.51911,1.88,1.44
2017.12.20 19:46:39.851,1.51899,1.51911,1.00,1.87
2017.12.20 19:46:40.571,1.51898,1.51911,1.13,1.00
2017.12.20 19:46:41.146,1.51897,1.51911,1.56,3.19
2017.12.20 19:46:41.687,1.51897,1.51911,1.81,1.00
2017.12.20 19:46:43.078,1.51897,1.51911,1.94,1.00
2017.12.20 19:46:43.594,1.51896,1.51911,2.63,1.00
2017.12.20 19:46:43.839,1.51898,1.51914,2.44,2.81
2017.12.20 19:46:43.944,1.51896,1.51911,4.13,1.00
2017.12.20 19:46:48.455,1.519,1.51915,1.81,1.00
2017.12.20 19:46:48.616,1.51905,1.51915,1.00,1.00
2017.12.20 19:46:48.789,1.51904,1.51918,1.00,1.19
2017.12.20 19:46:49.408,1.51904,1.51918,1.31,1.00
2017.12.20 19:46:51.641,1.51904,1.51918,1.88,1.44
2017.12.20 19:46:51.895,1.51903,1.51914,1.37,1.00
2017.12.20 19:46:52.323,1.519,1.51915,2.25,1.00
2017.12.20 19:46:53.045,1.51901,1.51915,1.25,1.12
2017.12.20 19:46:53.685,1.51901,1.51913,1.00,1.12
2017.12.20 19:46:54.207,1.519,1.51913,1.31,2.25
2017.12.20 19:46:54.835,1.51902,1.51913,1.00,1.50
2017.12.20 19:46:55.382,1.51902,1.51912,1.00,1.00
2017.12.20 19:46:55.757,1.51898,1.51909,1.13,1.00
2017.12.20 19:46:55.810,1.51896,1.51908,1.62,1.00
2017.12.20 19:46:56.336,1.51898,1.5191,1.50,1.00
2017.12.20 19:46:57.056,1.51897,1.51911,1.69,1.69
2017.12.20 19:46:57.605,1.51898,1.5191,1.00,1.25
2017.12.20 19:46:58.116,1.51897,1.51911,1.00,2.44
2017.12.20 19:46:59.102,1.51896,1.51909,1.44,1.00
2017.12.20 19:46:59.863,1.51899,1.5191,1.00,2.06
2017.12.20 19:47:00.410,1.51898,1.5191,1.00,1.25
2017.12.20 19:47:01.051,1.51897,1.5191,1.25,1.25
2017.12.20 19:47:01.843,1.51898,1.5191,1.00,1.25
2017.12.20 19:47:02.252,1.51896,1.5191,1.50,1.25
2017.12.20 19:47:02.458,1.51897,1.51911,1.38,2.81
2017.12.20 19:47:02.890,1.51899,1.5191,1.38,1.00
2017.12.20 19:47:04.153,1.51898,1.51911,2.06,2.81
2017.12.20 19:47:04.647,1.51898,1.5191,1.50,1.00
2017.12.20 19:47:05.167,1.51898,1.51911,1.44,2.81
2017.12.20 19:47:05.700,1.51897,1.5191,2.06,1.50
2017.12.20 19:47:05.935,1.51896,1.51911,2.06,2.81
2017.12.20 19:47:06.468,1.51896,1.5191,2.44,1.50
2017.12.20 19:47:07.792,1.51897,1.51909,1.00,1.00
2017.12.20 19:47:08.688,1.51896,1.51908,1.50,1.00
2017.12.20 19:47:09.201,1.51896,1.51909,1.37,1.87
2017.12.20 19:47:09.769,1.51895,1.51908,2.44,1.00
2017.12.20 19:47:10.633,1.51895,1.51909,2.25,1.12
2017.12.20 19:47:12.410,1.51895,1.51908,2.06,1.00
2017.12.20 19:47:13.213,1.51896,1.51909,1.38,1.00
2017.12.20 19:47:13.879,1.51896,1.5191,1.00,1.50
2017.12.20 19:47:15.613,1.51896,1.51909,1.69,1.00
2017.12.20 19:47:17.821,1.51896,1.5191,1.38,1.50
2017.12.20 19:47:18.489,1.51896,1.51909,1.50,1.00
2017.12.20 19:47:20.557,1.51896,1.5191,1.50,1.50
2017.12.20 19:47:20.721,1.51896,1.51909,1.50,1.00
2017.12.20 19:47:21.927,1.51896,1.5191,1.50,1.50
2017.12.20 19:47:22.855,1.51896,1.51909,1.50,1.00
2017.12.20 19:47:23.905,1.51895,1.5191,1.69,1.25
2017.12.20 19:47:24.523,1.51897,1.51909,1.44,1.00
2017.12.20 19:47:25.071,1.51897,1.5191,1.44,1.25
2017.12.20 19:47:26.984,1.51896,1.51911,1.25,2.06
2017.12.20 19:47:27.492,1.51897,1.5191,1.25,1.25
2017.12.20 19:47:30.388,1.51896,1.5191,1.69,1.25
2017.12.20 19:47:32.757,1.51896,1.5191,1.63,1.25
2017.12.20 19:47:33.268,1.51896,1.5191,1.69,1.69
2017.12.20 19:47:33.996,1.51896,1.5191,1.69,1.69
2017.12.20 19:47:35.602,1.51899,1.5191,1.00,1.19
2017.12.20 19:47:36.112,1.51898,1.5191,1.00,1.19
2017.12.20 19:47:38.820,1.51897,1.5191,1.50,1.19
2017.12.20 19:47:39.841,1.51896,1.5191,1.69,1.69
2017.12.20 19:47:40.367,1.51899,1.5191,1.00,1.19
2017.12.20 19:47:41.489,1.51898,1.5191,1.00,1.19
2017.12.20 19:47:42.001,1.51897,1.5191,1.31,1.19
2017.12.20 19:47:42.469,1.519,1.5191,1.00,1.69
2017.12.20 19:47:43.000,1.51899,1.5191,1.25,1.69
2017.12.20 19:47:44.450,1.51897,1.51909,1.81,1.00
2017.12.20 19:47:44.682,1.51891,1.51904,2.25,1.25
2017.12.20 19:47:45.195,1.51893,1.51903,1.00,1.00
2017.12.20 19:47:45.697,1.51893,1.51904,1.00,2.06
2017.12.20 19:47:46.380,1.51892,1.51903,1.25,1.00
2017.12.20 19:47:47.257,1.51891,1.51904,1.00,2.06
2017.12.20 19:47:47.361,1.5189,1.51903,1.31,1.69
2017.12.20 19:47:48.030,1.5189,1.51904,1.00,3.75
2017.12.20 19:47:48.583,1.5189,1.51903,1.00,1.87
2017.12.20 19:47:49.169,1.51889,1.51903,1.31,1.87
2017.12.20 19:47:51.843,1.51889,1.51904,1.00,3.75
2017.12.20 19:47:52.500,1.51888,1.51904,1.31,3.75
2017.12.20 19:47:52.809,1.51886,1.51897,1.00,1.50
2017.12.20 19:47:52.912,1.51884,1.51897,1.00,1.00
2017.12.20 19:47:52.965,1.51885,1.51899,1.12,1.50
2017.12.20 19:47:53.098,1.51885,1.51898,1.31,1.00
2017.12.20 19:47:53.491,1.51886,1.51896,1.00,1.00
2017.12.20 19:47:53.645,1.51884,1.51896,1.00,1.00
2017.12.20 19:47:53.748,1.51886,1.51896,1.00,1.00
2017.12.20 19:47:53.954,1.51886,1.51898,1.00,1.50
2017.12.20 19:47:54.699,1.51884,1.51898,1.25,1.25
2017.12.20 19:47:55.234,1.51885,1.51897,1.00,1.00
2017.12.20 19:47:55.771,1.51885,1.51896,1.44,1.00
2017.12.20 19:47:56.295,1.51883,1.51898,2.06,1.31
2017.12.20 19:47:56.402,1.51887,1.51898,1.00,1.25
2017.12.20 19:47:56.964,1.51887,1.51899,1.25,1.00
2017.12.20 19:47:57.722,1.51886,1.51899,1.12,1.00
2017.12.20 19:47:58.457,1.51887,1.51899,1.00,1.00
2017.12.20 19:47:59.182,1.51886,1.51899,1.25,1.00
2017.12.20 19:47:59.731,1.51887,1.51899,1.25,1.00
2017.12.20 19:48:00.159,1.51882,1.51897,1.94,1.25
2017.12.20 19:48:00.971,1.51885,1.51897,1.00,1.00
2017.12.20 19:48:01.570,1.51885,1.51897,1.44,1.00
2017.12.20 19:48:02.165,1.51885,1.51898,1.44,2.44
2017.12.20 19:48:02.852,1.51884,1.51897,1.50,1.00
2017.12.20 19:48:03.598,1.51884,1.51897,1.31,1.00
2017.12.20 19:48:04.121,1.51884,1.51896,1.63,1.00
2017.12.20 19:48:06.216,1.51884,1.51897,1.13,1.50
2017.12.20 19:48:07.220,1.51886,1.51897,1.00,1.50
2017.12.20 19:48:08.017,1.51886,1.51896,1.00,1.00
2017.12.20 19:48:08.337,1.51888,1.51897,1.00,1.00
2017.12.20 19:48:08.390,1.51886,1.51899,1.50,1.00
2017.12.20 19:48:08.882,1.51888,1.51899,1.00,1.00
2017.12.20 19:48:09.001,1.51887,1.51901,1.56,1.12
2017.12.20 19:48:09.810,1.51884,1.51899,1.31,1.50
2017.12.20 19:48:10.334,1.51883,1.51899,1.81,1.00
2017.12.20 19:48:15.070,1.51883,1.51898,1.94,1.00
2017.12.20 19:48:15.382,1.51864,1.51877,1.19,1.25
2017.12.20 19:48:15.435,1.51861,1.51877,1.81,1.50
2017.12.20 19:48:15.982,1.51862,1.51877,1.13,1.00
2017.12.20 19:48:16.187,1.51863,1.51878,2.81,1.00
2017.12.20 19:48:16.740,1.51863,1.51879,2.06,1.50
2017.12.20 19:48:16.956,1.5187,1.51884,1.31,1.00
2017.12.20 19:48:17.008,1.51871,1.51886,1.31,1.25
2017.12.20 19:48:17.112,1.51871,1.51884,2.06,1.00
2017.12.20 19:48:17.634,1.51871,1.51885,1.31,1.00
2017.12.20 19:48:18.213,1.51873,1.51886,1.38,2.44
2017.12.20 19:48:18.749,1.51873,1.51885,1.38,1.00
2017.12.20 19:48:19.259,1.51872,1.51886,1.38,1.69
2017.12.20 19:48:20.281,1.51872,1.51885,1.38,1.00
2017.12.20 19:48:20.813,1.51871,1.51884,2.06,1.00
2017.12.20 19:48:21.622,1.51873,1.51886,1.19,1.25
2017.12.20 19:48:21.725,1.51873,1.51886,1.00,1.25
2017.12.20 19:48:22.305,1.51873,1.51886,1.38,1.25
2017.12.20 19:48:22.825,1.51873,1.51887,1.38,1.25
2017.12.20 19:48:23.865,1.51875,1.5189,1.69,2.44
2017.12.20 19:48:23.968,1.51875,1.51889,1.44,1.19
2017.12.20 19:48:24.070,1.51875,1.51889,1.19,1.19
2017.12.20 19:48:24.189,1.51875,1.5189,1.25,1.69
2017.12.20 19:48:24.241,1.51875,1.51889,1.19,1.00
2017.12.20 19:48:24.293,1.51875,1.51889,1.44,1.00
2017.12.20 19:48:24.367,1.51875,1.51889,1.38,1.00
2017.12.20 19:48:24.552,1.51875,1.51889,1.44,1.00
2017.12.20 19:48:24.846,1.51875,1.5189,1.69,2.44
2017.12.20 19:48:25.001,1.51876,1.5189,1.00,1.25
2017.12.20 19:48:25.053,1.51877,1.5189,1.38,2.44
2017.12.20 19:48:27.071,1.51874,1.5189,2.06,1.25
2017.12.20 19:48:27.586,1.51876,1.51889,1.38,1.00
2017.12.20 19:48:28.797,1.51875,1.5189,1.38,2.44
2017.12.20 19:48:30.450,1.51875,1.5189,1.88,1.69
2017.12.20 19:48:31.985,1.51875,1.5189,1.44,1.88
2017.12.20 19:48:32.540,1.51876,1.5189,1.38,1.25
2017.12.20 19:48:34.959,1.51876,1.51889,1.19,1.00
2017.12.20 19:48:35.470,1.51876,1.51889,1.38,1.19
2017.12.20 19:48:36.979,1.51875,1.5189,2.25,2.06
2017.12.20 19:48:37.480,1.51875,1.5189,2.06,2.06
2017.12.20 19:48:38.000,1.51875,1.5189,2.25,2.06
2017.12.20 19:48:38.861,1.51875,1.51889,2.63,1.19
2017.12.20 19:48:39.471,1.51875,1.5189,2.25,2.06
2017.12.20 19:48:40.510,1.51877,1.5189,1.38,1.88
2017.12.20 19:48:41.015,1.51876,1.5189,1.88,1.19
2017.12.20 19:48:41.606,1.51876,1.5189,1.88,2.63
2017.12.20 19:48:43.240,1.51876,1.5189,1.88,1.19
2017.12.20 19:48:45.258,1.51876,1.5189,1.88,2.63
2017.12.20 19:48:46.135,1.51876,1.5189,1.69,2.44
2017.12.20 19:48:46.237,1.51876,1.5189,1.69,1.19
2017.12.20 19:48:46.442,1.51876,1.5189,1.38,2.44
2017.12.20 19:48:46.652,1.51876,1.5189,1.25,1.19
2017.12.20 19:48:46.755,1.51876,1.5189,1.38,2.44
2017.12.20 19:48:47.257,1.51876,1.5189,1.88,1.19
2017.12.20 19:48:49.521,1.51874,1.51887,1.69,1.00
2017.12.20 19:48:50.165,1.51876,1.51887,1.00,1.50
2017.12.20 19:48:50.268,1.5187,1.51887,3.56,2.81
2017.12.20 19:48:50.320,1.51869,1.51884,3.00,1.19
2017.12.20 19:48:50.966,1.51872,1.51883,1.13,1.19
2017.12.20 19:48:51.495,1.51868,1.51883,1.63,1.19
2017.12.20 19:48:51.598,1.51867,1.51883,2.44,1.19
2017.12.20 19:48:52.099,1.51873,1.51884,1.00,1.19
2017.12.20 19:48:52.202,1.51872,1.51885,1.00,1.19
2017.12.20 19:48:52.375,1.51869,1.51885,1.81,1.19
2017.12.20 19:48:52.427,1.51869,1.51885,1.38,1.19
2017.12.20 19:48:53.227,1.51872,1.51884,1.19,1.19
2017.12.20 19:48:53.751,1.51872,1.51885,1.25,1.19
2017.12.20 19:48:53.932,1.51873,1.51889,3.37,1.00
2017.12.20 19:48:54.087,1.51878,1.51889,1.00,1.00
2017.12.20 19:48:54.190,1.51874,1.51889,1.44,1.44
2017.12.20 19:48:54.242,1.51874,1.51887,1.25,1.87
2017.12.20 19:48:54.294,1.51871,1.51887,2.06,1.44
2017.12.20 19:48:54.346,1.51872,1.51887,1.44,2.81
2017.12.20 19:48:55.011,1.51871,1.51887,1.88,1.19
2017.12.20 19:48:55.560,1.51873,1.51887,1.00,1.31
2017.12.20 19:48:56.224,1.51872,1.51886,1.25,1.19
2017.12.20 19:48:56.819,1.51872,1.51887,1.88,1.56
2017.12.20 19:48:57.333,1.51873,1.51887,1.44,2.62
2017.12.20 19:48:59.232,1.51873,1.51887,1.25,1.19
2017.12.20 19:48:59.757,1.51872,1.51886,1.69,1.50
2017.12.20 19:48:59.860,1.51872,1.51886,1.69,1.50
2017.12.20 19:49:00.414,1.51869,1.51885,3.00,1.00
2017.12.20 19:49:00.467,1.51871,1.51885,1.94,1.00
2017.12.20 19:49:00.520,1.51869,1.51885,2.06,1.88
2017.12.20 19:49:00.625,1.51866,1.51883,1.75,1.69
2017.12.20 19:49:00.833,1.51869,1.51883,1.38,1.00
2017.12.20 19:49:01.645,1.5187,1.51883,1.31,1.00
2017.12.20 19:49:01.954,1.51868,1.51883,1.56,1.00
2017.12.20 19:49:02.263,1.51869,1.51885,1.88,1.00
2017.12.20 19:49:02.624,1.51869,1.51885,1.44,1.00
2017.12.20 19:49:03.680,1.51869,1.51885,2.25,1.00
2017.12.20 19:49:04.200,1.51871,1.51885,2.06,1.00
2017.12.20 19:49:04.764,1.51871,1.51885,2.06,1.00
2017.12.20 19:49:05.288,1.51873,1.51885,2.06,1.00
2017.12.20 19:49:05.482,1.51872,1.51885,1.88,1.00
2017.12.20 19:49:05.536,1.51875,1.51885,1.00,1.00
2017.12.20 19:49:05.639,1.51873,1.51889,2.81,1.00
2017.12.20 19:49:06.155,1.51876,1.51889,1.38,1.00
2017.12.20 19:49:06.581,1.51876,1.51891,1.25,1.25
2017.12.20 19:49:06.634,1.51878,1.51891,1.44,1.25
2017.12.20 19:49:07.763,1.51878,1.51892,1.25,1.69
2017.12.20 19:49:11.672,1.51876,1.51892,2.06,1.88
2017.12.20 19:49:13.185,1.51876,1.51891,1.50,1.13
2017.12.20 19:49:15.060,1.51876,1.51892,2.06,1.87
2017.12.20 19:49:18.259,1.51876,1.51891,1.50,1.31
2017.12.20 19:49:19.004,1.51876,1.51892,1.63,2.25
2017.12.20 19:49:19.801,1.51876,1.51892,2.06,2.25
2017.12.20 19:49:20.149,1.51876,1.51889,2.06,1.00
2017.12.20 19:49:20.752,1.51876,1.51889,2.06,1.00
2017.12.20 19:49:21.820,1.51874,1.51889,1.81,1.00
2017.12.20 19:49:22.335,1.51874,1.51889,1.50,1.25
2017.12.20 19:49:22.641,1.51874,1.51889,1.69,1.25
2017.12.20 19:49:22.966,1.51874,1.51889,1.69,1.25
2017.12.20 19:49:23.528,1.51874,1.51889,1.69,2.06
2017.12.20 19:49:24.069,1.51874,1.51889,2.44,1.25
2017.12.20 19:49:25.561,1.51874,1.51889,2.06,1.25
2017.12.20 19:49:26.079,1.51874,1.51889,1.63,1.25
2017.12.20 19:49:27.350,1.51874,1.51889,1.50,1.25
2017.12.20 19:49:27.403,1.51873,1.51888,1.37,1.69
2017.12.20 19:49:27.463,1.51869,1.51885,2.44,1.25
2017.12.20 19:49:27.514,1.51869,1.51885,1.69,1.25
2017.12.20 19:49:27.566,1.51869,1.51886,1.88,2.81
2017.12.20 19:49:27.876,1.51871,1.51886,1.88,1.00
2017.12.20 19:49:28.804,1.51871,1.51886,1.56,1.00
2017.12.20 19:49:29.146,1.51869,1.51882,1.38,1.00
2017.12.20 19:49:29.657,1.51868,1.51882,1.69,1.25
2017.12.20 19:49:30.072,1.51868,1.51879,2.25,1.87
2017.12.20 19:49:30.745,1.51868,1.51878,1.38,1.00
2017.12.20 19:49:30.799,1.51867,1.51877,1.50,1.00
2017.12.20 19:49:31.309,1.51866,1.51878,2.25,1.12
2017.12.20 19:49:31.597,1.51866,1.51881,1.81,1.69
2017.12.20 19:49:31.649,1.51866,1.5188,1.75,1.00
2017.12.20 19:49:32.155,1.51869,1.51881,1.25,1.00
2017.12.20 19:49:32.551,1.51866,1.51881,1.50,3.38
2017.12.20 19:49:32.860,1.51864,1.51876,1.75,1.00
2017.12.20 19:49:33.465,1.51866,1.51877,1.00,2.25
2017.12.20 19:49:33.969,1.51864,1.51877,3.00,1.00
2017.12.20 19:49:34.959,1.51867,1.51878,1.00,1.87
2017.12.20 19:49:35.417,1.51869,1.51878,1.00,1.87
2017.12.20 19:49:35.609,1.51867,1.5188,1.31,2.62
2017.12.20 19:49:35.925,1.51866,1.5188,1.69,2.25
2017.12.20 19:49:36.518,1.51867,1.51877,1.25,1.00
2017.12.20 19:49:38.015,1.51867,1.51878,1.00,1.87
2017.12.20 19:49:38.357,1.51868,1.51877,1.44,1.00
2017.12.20 19:49:38.906,1.51869,1.51878,1.00,1.87
2017.12.20 19:49:39.215,1.51869,1.5188,1.50,2.62
2017.12.20 19:49:39.766,1.5187,1.51879,1.00,1.00
2017.12.20 19:49:40.311,1.51869,1.51879,1.00,1.00
2017.12.20 19:49:40.890,1.51869,1.5188,1.00,1.87
2017.12.20 19:49:41.410,1.5187,1.5188,1.00,2.62
2017.12.20 19:49:42.030,1.51868,1.5188,1.25,1.87
2017.12.20 19:49:42.575,1.51869,1.5188,1.00,2.62
2017.12.20 19:49:42.926,1.51871,1.51879,1.00,1.00
2017.12.20 19:49:43.432,1.5187,1.51879,1.00,1.00
2017.12.20 19:49:44.046,1.51868,1.5188,1.25,1.87
2017.12.20 19:49:44.573,1.51868,1.51879,1.25,1.00
2017.12.20 19:49:45.482,1.51868,1.51877,1.00,1.00
2017.12.20 19:49:45.894,1.5187,1.51877,1.00,1.00
2017.12.20 19:49:46.554,1.51869,1.51877,1.25,1.00
2017.12.20 19:49:47.091,1.5187,1.51878,1.00,1.87
2017.12.20 19:49:47.296,1.51869,1.5188,1.00,1.87
2017.12.20 19:49:47.606,1.51867,1.51878,1.00,1.00
2017.12.20 19:49:47.813,1.51857,1.51871,2.44,1.00
2017.12.20 19:49:48.477,1.5186,1.51871,1.25,1.00
2017.12.20 19:49:48.916,1.51858,1.51871,1.25,1.50
2017.12.20 19:49:49.461,1.51859,1.51871,1.25,1.00
2017.12.20 19:49:49.512,1.51859,1.51869,1.44,1.00
2017.12.20 19:49:52.191,1.51862,1.51869,1.00,1.00
2017.12.20 19:49:52.243,1.51862,1.51871,1.00,1.25
2017.12.20 19:49:52.347,1.51858,1.51871,1.25,1.25
2017.12.20 19:49:52.399,1.51857,1.51871,2.44,1.25
2017.12.20 19:49:52.723,1.51862,1.51872,1.25,1.69
2017.12.20 19:49:53.873,1.51861,1.51872,1.50,1.19
2017.12.20 19:49:54.412,1.51862,1.51872,1.00,1.19
2017.12.20 19:49:55.206,1.51861,1.51872,1.00,1.19
2017.12.20 19:49:55.745,1.5186,1.51872,1.00,1.50
2017.12.20 19:49:56.224,1.51857,1.5187,1.50,1.00
2017.12.20 19:49:56.534,1.51857,1.5187,2.06,1.00
2017.12.20 19:49:59.541,1.51857,1.5187,1.63,1.00
2017.12.20 19:50:02.325,1.51856,1.5187,1.37,1.00
2017.12.20 19:50:02.965,1.51856,1.5187,1.31,1.00
2017.12.20 19:50:03.770,1.51857,1.5187,1.63,1.00
2017.12.20 19:50:04.140,1.51859,1.5187,1.31,1.00
2017.12.20 19:50:06.237,1.51863,1.51872,1.00,1.00
2017.12.20 19:50:06.788,1.51862,1.51872,1.00,1.00
2017.12.20 19:50:08.293,1.51861,1.51872,1.00,1.00
2017.12.20 19:50:10.797,1.51862,1.51872,1.38,1.00
2017.12.20 19:50:10.951,1.51862,1.51875,2.06,1.00
2017.12.20 19:50:22.839,1.51864,1.51875,1.13,1.00
2017.12.20 19:50:23.878,1.51866,1.51875,1.00,1.00
2017.12.20 19:50:24.534,1.51865,1.51875,1.00,1.00
2017.12.20 19:50:25.122,1.51864,1.51875,2.25,1.00
2017.12.20 19:50:25.753,1.51865,1.51875,1.00,1.00
2017.12.20 19:50:27.140,1.51864,1.51875,1.69,1.00
2017.12.20 19:50:29.171,1.51866,1.51875,1.00,1.00
2017.12.20 19:50:29.425,1.51864,1.51875,1.88,1.00
2017.12.20 19:50:30.426,1.51866,1.51875,1.00,1.00
2017.12.20 19:50:31.338,1.51865,1.51875,1.00,1.00
2017.12.20 19:50:31.856,1.51864,1.51875,2.06,1.00
2017.12.20 19:50:32.479,1.51865,1.51875,1.00,1.00
2017.12.20 19:50:32.991,1.51864,1.51875,1.87,1.00
2017.12.20 19:50:35.200,1.51864,1.51875,2.06,1.00
2017.12.20 19:50:37.414,1.51864,1.51875,2.06,1.00
2017.12.20 19:50:37.797,1.51862,1.51874,1.00,1.13
2017.12.20 19:50:43.477,1.51863,1.51874,1.13,1.00
2017.12.20 19:50:43.530,1.51863,1.51875,2.25,1.25
2017.12.20 19:50:44.143,1.51865,1.51875,1.88,1.25
2017.12.20 19:50:44.925,1.51867,1.51875,1.00,1.25
2017.12.20 19:50:45.440,1.51866,1.51875,1.13,1.25
2017.12.20 19:50:45.946,1.51866,1.51877,1.50,1.19
2017.12.20 19:50:47.566,1.51865,1.51877,1.69,1.19
2017.12.20 19:50:48.113,1.51864,1.51877,1.69,1.19
2017.12.20 19:50:48.816,1.51864,1.51877,2.00,1.19
2017.12.20 19:50:49.666,1.51866,1.51877,1.69,1.19
2017.12.20 19:50:51.289,1.51865,1.51877,1.12,1.19
2017.12.20 19:50:53.016,1.51865,1.51877,1.88,1.19
2017.12.20 19:50:53.070,1.51866,1.51877,1.38,1.00
2017.12.20 19:50:53.584,1.51867,1.51877,1.25,1.00
2017.12.20 19:50:54.096,1.51868,1.51877,1.00,1.00
2017.12.20 19:50:54.665,1.51867,1.51877,1.00,1.00
2017.12.20 19:50:55.188,1.51865,1.51877,3.19,1.00
2017.12.20 19:50:55.858,1.51865,1.51877,1.31,1.00
2017.12.20 19:50:56.359,1.51865,1.51877,3.00,1.00
2017.12.20 19:50:57.336,1.51865,1.51877,1.12,1.00
2017.12.20 19:50:57.858,1.51865,1.51877,1.37,1.00
2017.12.20 19:50:59.457,1.51865,1.51877,1.00,1.00
2017.12.20 19:51:00.270,1.51864,1.51877,1.31,1.69
2017.12.20 19:51:00.376,1.51862,1.51875,1.31,1.00
2017.12.20 19:51:00.429,1.51863,1.51873,1.00,1.00
2017.12.20 19:51:00.741,1.51863,1.51874,1.75,1.00
2017.12.20 19:51:02.874,1.51863,1.51876,1.31,1.00
2017.12.20 19:51:05.776,1.51864,1.51876,1.94,1.00
2017.12.20 19:51:06.363,1.51864,1.51876,1.94,1.00
2017.12.20 19:51:09.214,1.51863,1.51873,1.19,1.00
2017.12.20 19:51:09.729,1.51863,1.51873,1.69,1.00
2017.12.20 19:51:11.398,1.51863,1.51873,1.31,1.00
2017.12.20 19:51:11.943,1.51863,1.51873,1.69,1.00
2017.12.20 19:51:12.383,1.51863,1.51873,1.00,1.00
2017.12.20 19:51:14.585,1.51863,1.51873,1.50,1.00
2017.12.20 19:51:15.934,1.51863,1.51873,1.69,1.00
2017.12.20 19:51:16.475,1.51863,1.51873,1.62,1.00
2017.12.20 19:51:17.327,1.51863,1.51873,1.00,1.00
2017.12.20 19:51:18.023,1.51863,1.51873,1.19,1.00
2017.12.20 19:51:18.555,1.51863,1.51873,1.31,1.00
2017.12.20 19:51:18.843,1.51865,1.51873,1.00,1.00
2017.12.20 19:51:19.156,1.51863,1.51874,1.12,1.00
2017.12.20 19:51:19.904,1.51863,1.51873,1.00,1.00
2017.12.20 19:51:20.659,1.51863,1.51874,1.00,1.69
2017.12.20 19:51:21.228,1.51863,1.51873,1.00,1.00
2017.12.20 19:51:22.171,1.51863,1.51874,1.00,2.44
2017.12.20 19:51:22.768,1.51863,1.51873,1.00,1.00
2017.12.20 19:51:24.136,1.51863,1.51874,1.00,2.44
2017.12.20 19:51:24.670,1.51864,1.51874,1.00,1.00
2017.12.20 19:51:25.106,1.51864,1.51877,1.38,1.00
2017.12.20 19:51:25.262,1.51862,1.51873,1.12,1.00
2017.12.20 19:51:25.609,1.51862,1.51871,1.00,1.00
2017.12.20 19:51:26.119,1.51862,1.5187,1.00,1.00
2017.12.20 19:51:27.023,1.51862,1.51871,1.00,1.50
2017.12.20 19:51:29.334,1.51862,1.5187,1.00,1.00
2017.12.20 19:51:29.857,1.51862,1.51871,1.00,1.50
2017.12.20 19:51:30.734,1.51862,1.5187,1.00,1.00
2017.12.20 19:51:30.976,1.51857,1.51868,1.19,1.00
2017.12.20 19:51:33.156,1.51859,1.51868,1.00,1.00
2017.12.20 19:51:33.715,1.51858,1.51868,1.13,1.00
2017.12.20 19:51:34.252,1.51859,1.51868,1.00,1.00
2017.12.20 19:51:34.783,1.51857,1.51868,1.88,1.00
2017.12.20 19:51:39.173,1.51858,1.51868,1.63,1.00
2017.12.20 19:51:39.277,1.51857,1.51873,1.81,1.00
2017.12.20 19:51:39.329,1.51858,1.51871,1.38,1.00
2017.12.20 19:51:39.834,1.51861,1.51871,1.44,1.00
2017.12.20 19:51:41.936,1.51859,1.51871,1.25,1.00
2017.12.20 19:51:41.987,1.51858,1.51871,1.69,1.00
2017.12.20 19:51:42.450,1.5186,1.51871,1.00,1.00
2017.12.20 19:51:42.503,1.5186,1.51871,1.19,1.00
2017.12.20 19:51:42.606,1.51858,1.51871,1.31,1.00
2017.12.20 19:51:43.120,1.51856,1.51871,1.19,1.25
2017.12.20 19:51:43.557,1.51858,1.51868,1.00,1.00
2017.12.20 19:51:44.423,1.51857,1.51868,1.00,1.00
2017.12.20 19:51:45.700,1.51858,1.51868,1.00,1.00
2017.12.20 19:51:46.248,1.51858,1.51868,1.44,1.00
2017.12.20 19:51:46.847,1.51858,1.5187,1.31,1.00
2017.12.20 19:51:47.542,1.51859,1.5187,1.50,1.00
2017.12.20 19:51:47.594,1.51861,1.51873,2.00,1.00
2017.12.20 19:51:48.108,1.51864,1.51873,1.00,1.00
2017.12.20 19:51:49.093,1.51863,1.51873,1.88,1.00
2017.12.20 19:51:49.667,1.51863,1.51873,1.50,1.00
2017.12.20 19:51:50.602,1.51864,1.51877,1.31,1.00
2017.12.20 19:51:51.261,1.51865,1.51877,1.00,1.00
2017.12.20 19:51:51.769,1.5186,1.51875,1.19,1.44
2017.12.20 19:51:51.821,1.51859,1.51871,1.50,1.00
2017.12.20 19:51:52.028,1.51857,1.51869,1.50,1.50
2017.12.20 19:51:52.080,1.51857,1.51869,1.00,1.50
2017.12.20 19:51:54.277,1.51858,1.51869,1.00,1.50
2017.12.20 19:51:54.839,1.51857,1.51869,1.25,1.50
2017.12.20 19:51:57.069,1.51859,1.51869,1.25,1.50
2017.12.20 19:51:57.583,1.51858,1.51869,1.25,1.00
2017.12.20 19:51:59.128,1.51857,1.51869,1.50,1.00
2017.12.20 19:51:59.600,1.51859,1.51869,1.00,1.00
2017.12.20 19:52:00.582,1.51858,1.51869,1.00,1.00
2017.12.20 19:52:03.336,1.51857,1.51869,1.25,1.00
2017.12.20 19:52:04.905,1.51858,1.51869,1.00,1.00
2017.12.20 19:52:05.187,1.51856,1.51869,1.31,1.00
2017.12.20 19:52:09.013,1.51854,1.51867,1.81,1.00
2017.12.20 19:52:14.921,1.51857,1.51867,1.00,1.00
2017.12.20 19:52:15.186,1.51856,1.5187,1.69,1.00
2017.12.20 19:52:15.880,1.51857,1.5187,1.69,1.00
2017.12.20 19:52:16.513,1.51857,1.5187,1.44,1.00
2017.12.20 19:52:17.350,1.51857,1.5187,1.88,1.00
2017.12.20 19:52:17.579,1.51859,1.5187,1.25,1.00
2017.12.20 19:52:18.112,1.51859,1.5187,1.88,1.00
2017.12.20 19:52:19.208,1.51859,1.5187,1.69,1.00
2017.12.20 19:52:19.724,1.51857,1.5187,1.81,1.44
2017.12.20 19:52:20.272,1.51857,1.51868,1.13,1.00
2017.12.20 19:52:24.579,1.51855,1.51866,1.50,1.00
2017.12.20 19:52:25.106,1.51856,1.51866,1.25,1.00
2017.12.20 19:52:25.647,1.51857,1.51866,1.00,1.00
2017.12.20 19:52:34.564,1.51856,1.51866,1.25,1.00
2017.12.20 19:52:34.719,1.51855,1.51868,2.06,1.00
2017.12.20 19:52:34.873,1.51859,1.51868,1.00,1.00
2017.12.20 19:52:35.568,1.51858,1.51868,1.50,1.00
2017.12.20 19:52:36.338,1.51859,1.51868,1.00,1.00
2017.12.20 19:52:36.841,1.51857,1.51868,2.25,1.00
2017.12.20 19:52:37.520,1.51858,1.51868,1.00,1.00
2017.12.20 19:52:37.571,1.51855,1.51866,2.63,1.00
2017.12.20 19:52:38.120,1.51856,1.51866,1.00,1.00
2017.12.20 19:52:39.359,1.51858,1.51866,1.00,1.00
2017.12.20 19:52:39.606,1.51856,1.51866,1.25,1.00
2017.12.20 19:52:40.551,1.51856,1.51866,1.44,1.00
2017.12.20 19:52:41.243,1.51856,1.51866,1.00,1.00
2017.12.20 19:52:41.779,1.51858,1.51868,1.13,1.00
2017.12.20 19:52:42.306,1.51859,1.51868,1.00,1.00
2017.12.20 19:52:42.416,1.51856,1.51868,1.88,1.00
2017.12.20 19:52:43.482,1.51856,1.51868,1.69,1.00
2017.12.20 19:52:45.230,1.51858,1.51868,1.00,1.00
2017.12.20 19:52:45.775,1.51857,1.51868,1.00,1.00
2017.12.20 19:52:46.425,1.51858,1.51868,1.00,1.00
2017.12.20 19:52:47.409,1.51857,1.51867,1.25,1.00
2017.12.20 19:52:48.043,1.51856,1.51867,1.69,1.00
2017.12.20 19:52:48.518,1.51859,1.51867,1.00,1.00
2017.12.20 19:52:49.057,1.51858,1.51867,1.00,1.00
2017.12.20 19:52:49.573,1.51856,1.51867,1.87,1.00
2017.12.20 19:52:50.193,1.51856,1.51867,1.69,1.00
2017.12.20 19:52:50.820,1.51856,1.51867,1.88,1.00
2017.12.20 19:52:51.558,1.51856,1.51867,1.69,1.00
2017.12.20 19:52:52.885,1.51857,1.51867,1.00,1.00
2017.12.20 19:52:53.386,1.51858,1.51868,1.00,1.00
2017.12.20 19:52:53.694,1.51856,1.51868,1.88,1.00
2017.12.20 19:52:54.199,1.51857,1.51868,1.25,1.00
2017.12.20 19:52:54.835,1.51856,1.51868,1.88,1.00
2017.12.20 19:52:56.446,1.51857,1.51868,1.13,1.00
2017.12.20 19:52:56.994,1.51859,1.51868,1.00,1.00
2017.12.20 19:52:57.301,1.51855,1.51868,1.63,1.00
2017.12.20 19:52:57.352,1.5186,1.51868,1.00,1.00
2017.12.20 19:52:57.455,1.51858,1.51868,1.25,1.00
2017.12.20 19:52:57.866,1.51859,1.51872,1.44,1.00
2017.12.20 19:52:58.020,1.51862,1.51872,1.00,1.00
2017.12.20 19:52:58.214,1.51862,1.51876,2.06,1.00
2017.12.20 19:52:58.266,1.51862,1.51872,1.63,1.00
2017.12.20 19:52:59.039,1.51862,1.51872,1.31,1.00
2017.12.20 19:53:00.479,1.51862,1.51872,2.06,1.00
2017.12.20 19:53:01.008,1.51862,1.51872,1.88,1.00
2017.12.20 19:53:01.885,1.51864,1.51872,1.25,1.00
2017.12.20 19:53:02.846,1.51863,1.51872,1.25,1.00
2017.12.20 19:53:03.368,1.51863,1.51872,1.38,1.00
2017.12.20 19:53:03.912,1.51863,1.51877,1.50,1.12
2017.12.20 19:53:04.067,1.51862,1.51877,1.13,1.63
2017.12.20 19:53:04.173,1.51859,1.51874,1.63,1.25
2017.12.20 19:53:04.226,1.51858,1.51874,2.25,1.31
2017.12.20 19:53:04.330,1.5186,1.51874,1.00,1.50
2017.12.20 19:53:04.936,1.51858,1.51873,2.06,1.44
2017.12.20 19:53:06.153,1.51855,1.51873,3.00,1.50
2017.12.20 19:53:06.387,1.51859,1.51873,1.00,1.69
2017.12.20 19:53:07.194,1.51858,1.51873,1.69,1.63
2017.12.20 19:53:07.735,1.51859,1.51873,1.00,1.63
2017.12.20 19:53:08.434,1.51858,1.51873,1.25,1.63
2017.12.20 19:53:09.727,1.51858,1.51873,1.00,1.50
2017.12.20 19:53:10.457,1.51858,1.51873,1.69,1.50
2017.12.20 19:53:11.118,1.51858,1.51873,1.88,2.63
2017.12.20 19:53:11.665,1.51856,1.51873,1.69,1.12
2017.12.20 19:53:12.214,1.5186,1.51873,1.00,1.69
2017.12.20 19:53:12.522,1.51867,1.51879,1.69,1.00
2017.12.20 19:53:12.626,1.5187,1.51885,1.69,1.12
2017.12.20 19:53:12.882,1.51872,1.51885,1.25,1.25
2017.12.20 19:53:14.285,1.51872,1.51885,1.25,1.19
2017.12.20 19:53:14.842,1.51872,1.51885,1.25,1.13
2017.12.20 19:53:15.354,1.51871,1.51885,1.44,1.19
2017.12.20 19:53:15.869,1.51871,1.51885,1.25,1.00
2017.12.20 19:53:17.227,1.51867,1.51885,1.62,1.88
2017.12.20 19:53:17.279,1.51866,1.51881,1.44,1.00
2017.12.20 19:53:17.535,1.51869,1.51881,1.00,1.13
2017.12.20 19:53:18.393,1.51867,1.51881,1.25,1.00
2017.12.20 19:53:18.749,1.51868,1.51881,1.00,1.38
2017.12.20 19:53:19.189,1.51866,1.51881,1.25,1.31
2017.12.20 19:53:19.242,1.51864,1.51878,1.31,1.38
2017.12.20 19:53:19.346,1.51863,1.51877,1.25,1.25
2017.12.20 19:53:20.184,1.51862,1.51878,1.69,1.12
2017.12.20 19:53:20.340,1.51864,1.51878,1.50,1.31
2017.12.20 19:53:20.853,1.51864,1.51878,1.13,1.13
2017.12.20 19:53:21.360,1.51863,1.51878,1.31,1.63
2017.12.20 19:53:21.722,1.51862,1.51878,3.19,1.87
2017.12.20 19:53:21.828,1.51868,1.51882,1.50,1.12
2017.12.20 19:53:21.985,1.51867,1.51883,3.94,1.00
2017.12.20 19:53:22.520,1.51871,1.51883,1.00,1.00
2017.12.20 19:53:23.137,1.5187,1.51883,1.88,1.00
2017.12.20 19:53:23.270,1.51873,1.51886,1.00,1.00
2017.12.20 19:53:23.857,1.51871,1.51886,2.06,1.13
2017.12.20 19:53:24.676,1.51871,1.51886,2.44,1.00
2017.12.20 19:53:25.581,1.51871,1.51886,2.44,1.00
2017.12.20 19:53:27.088,1.51873,1.51886,1.44,1.00
2017.12.20 19:53:27.550,1.51871,1.51886,2.25,1.87
2017.12.20 19:53:28.415,1.51871,1.51886,2.06,1.44
2017.12.20 19:53:28.943,1.51872,1.51886,1.25,1.87
2017.12.20 19:53:30.413,1.51873,1.51886,1.44,1.69
2017.12.20 19:53:31.517,1.51871,1.51886,2.06,1.00
2017.12.20 19:53:32.241,1.51874,1.51886,1.44,1.00
2017.12.20 19:53:32.746,1.51874,1.51886,1.38,1.00
2017.12.20 19:53:32.960,1.51874,1.51889,1.44,2.44
2017.12.20 19:53:33.473,1.51874,1.51889,1.88,1.31
2017.12.20 19:53:33.993,1.51875,1.51889,1.44,1.87
2017.12.20 19:53:34.585,1.51874,1.51889,1.88,2.06
2017.12.20 19:53:35.097,1.51874,1.51889,1.00,1.43
2017.12.20 19:53:35.862,1.51874,1.51889,1.25,2.06
2017.12.20 19:53:36.614,1.51874,1.51889,1.25,2.06
2017.12.20 19:53:37.046,1.51876,1.51889,1.00,1.25
2017.12.20 19:53:37.650,1.51875,1.51889,1.13,1.25
2017.12.20 19:53:38.369,1.51873,1.51888,2.63,1.31
2017.12.20 19:53:38.601,1.51873,1.51889,1.50,1.56
2017.12.20 19:53:38.705,1.51875,1.51889,1.25,1.56
2017.12.20 19:53:39.317,1.51875,1.51889,1.00,1.31
2017.12.20 19:53:39.894,1.51875,1.51889,1.25,1.56
2017.12.20 19:53:40.558,1.51873,1.51889,2.25,2.44
2017.12.20 19:53:41.263,1.51873,1.51889,1.88,2.06
2017.12.20 19:53:41.868,1.51874,1.51889,1.00,1.56
2017.12.20 19:53:42.618,1.51873,1.51889,1.25,2.81
2017.12.20 19:53:43.052,1.51869,1.51886,2.44,2.44
2017.12.20 19:53:43.510,1.5187,1.51883,1.44,1.00
2017.12.20 19:53:44.016,1.5187,1.51883,1.25,1.00
2017.12.20 19:53:44.532,1.51869,1.51882,1.25,1.00
2017.12.20 19:53:45.037,1.51869,1.51881,1.00,1.00
2017.12.20 19:53:45.816,1.51869,1.51883,1.38,1.25
2017.12.20 19:53:46.961,1.51873,1.51886,1.00,1.31
2017.12.20 19:53:47.474,1.51872,1.51886,1.69,1.25
2017.12.20 19:53:47.997,1.51872,1.51886,1.00,1.44
2017.12.20 19:53:48.486,1.51874,1.51886,1.00,1.00
2017.12.20 19:53:48.642,1.51872,1.51886,1.50,1.38
2017.12.20 19:53:49.157,1.51868,1.51885,2.06,1.00
2017.12.20 19:53:49.295,1.51866,1.51879,1.69,1.00
2017.12.20 19:53:49.350,1.51858,1.51876,3.00,4.31
2017.12.20 19:53:49.402,1.51862,1.51875,1.44,1.31
2017.12.20 19:53:50.167,1.5186,1.51876,1.88,2.44
2017.12.20 19:53:50.711,1.51861,1.51875,1.38,1.31
2017.12.20 19:53:51.272,1.51861,1.51876,1.44,2.44
2017.12.20 19:53:52.912,1.5186,1.51876,1.88,1.69
2017.12.20 19:53:53.455,1.5186,1.51876,1.88,3.38
2017.12.20 19:53:53.608,1.51858,1.51876,1.69,1.69
2017.12.20 19:53:54.181,1.51858,1.51876,1.50,2.06
2017.12.20 19:53:54.863,1.51859,1.51876,1.63,2.06
2017.12.20 19:53:55.404,1.51859,1.51876,1.50,1.31
2017.12.20 19:53:56.116,1.51859,1.51876,1.63,2.06
2017.12.20 19:53:56.882,1.51859,1.51876,1.50,2.06
2017.12.20 19:53:57.541,1.51859,1.51876,1.63,1.25
2017.12.20 19:53:58.072,1.51859,1.51876,1.88,2.81
2017.12.20 19:53:58.256,1.51859,1.51876,1.50,2.06
2017.12.20 19:53:58.308,1.51859,1.51876,1.69,2.06
2017.12.20 19:53:59.647,1.51859,1.51874,1.00,1.69
2017.12.20 19:53:59.700,1.51857,1.51872,1.50,1.69
2017.12.20 19:53:59.856,1.51852,1.51868,1.50,1.69
2017.12.20 19:54:00.203,1.51853,1.51869,1.31,1.37
2017.12.20 19:54:00.255,1.51854,1.51869,3.19,1.00
2017.12.20 19:54:00.308,1.51854,1.5187,3.56,1.25
2017.12.20 19:54:00.462,1.51856,1.5187,1.75,1.00
2017.12.20 19:54:00.976,1.51856,1.5187,3.00,1.00
2017.12.20 19:54:01.181,1.51858,1.51873,1.63,1.25
2017.12.20 19:54:02.214,1.51858,1.51873,3.19,1.25
2017.12.20 19:54:02.624,1.51859,1.51873,1.38,1.25
2017.12.20 19:54:03.154,1.5186,1.51873,1.88,1.25
2017.12.20 19:54:04.357,1.5186,1.51873,1.88,1.25
2017.12.20 19:54:04.859,1.5186,1.51873,1.00,1.25
2017.12.20 19:54:05.166,1.51855,1.5187,1.31,1.19
2017.12.20 19:54:05.678,1.51855,1.5187,1.13,1.19
2017.12.20 19:54:06.144,1.51859,1.51872,1.25,1.00
2017.12.20 19:54:06.196,1.51859,1.51872,1.63,1.00
2017.12.20 19:54:06.522,1.51861,1.51875,1.38,1.31
2017.12.20 19:54:08.636,1.51858,1.51875,4.31,1.19
2017.12.20 19:54:09.147,1.51859,1.51875,1.38,2.06
2017.12.20 19:54:10.373,1.51859,1.51875,1.44,1.19
2017.12.20 19:54:12.146,1.51858,1.51875,1.50,2.06
2017.12.20 19:54:13.203,1.51859,1.51874,1.44,2.44
2017.12.20 19:54:13.767,1.51857,1.51875,3.38,1.31
2017.12.20 19:54:14.366,1.51859,1.51875,1.88,1.31
2017.12.20 19:54:15.491,1.51859,1.51875,1.88,1.31
2017.12.20 19:54:16.041,1.51859,1.51875,2.06,1.31
2017.12.20 19:54:17.943,1.51859,1.51875,2.25,1.31
2017.12.20 19:54:18.456,1.51862,1.51875,1.44,1.31
2017.12.20 19:54:19.273,1.51861,1.51875,1.38,1.19
2017.12.20 19:54:20.050,1.51861,1.51875,1.38,1.19
2017.12.20 19:54:20.102,1.5186,1.51875,2.25,1.00
2017.12.20 19:54:20.257,1.5186,1.51875,1.13,1.00
2017.12.20 19:54:20.873,1.5186,1.51875,1.88,1.00
2017.12.20 19:54:21.086,1.5186,1.51875,1.38,1.00
2017.12.20 19:54:21.372,1.5186,1.51875,1.44,1.00
2017.12.20 19:54:22.066,1.5186,1.51875,1.38,1.00
2017.12.20 19:54:22.609,1.5186,1.51875,1.88,1.00
2017.12.20 19:54:24.124,1.5186,1.51875,1.00,2.25
2017.12.20 19:54:24.177,1.51857,1.51875,1.31,2.44
2017.12.20 19:54:24.319,1.51859,1.51875,1.88,1.63
2017.12.20 19:54:25.221,1.51859,1.51875,1.25,1.19
2017.12.20 19:54:25.273,1.51858,1.51875,1.88,1.19
2017.12.20 19:54:25.612,1.5186,1.51875,1.44,1.19
2017.12.20 19:54:25.665,1.5186,1.51875,1.63,1.25
2017.12.20 19:54:26.178,1.51862,1.51875,1.25,1.25
2017.12.20 19:54:27.792,1.51862,1.51875,1.88,1.25
2017.12.20 19:54:28.253,1.51862,1.51875,1.25,1.25
2017.12.20 19:54:28.763,1.51863,1.51875,1.00,1.25
2017.12.20 19:54:29.816,1.51863,1.51875,1.44,1.25
2017.12.20 19:54:31.088,1.51862,1.51875,1.69,1.25
2017.12.20 19:54:31.141,1.51861,1.51875,1.88,1.19
2017.12.20 19:54:32.259,1.5186,1.51875,1.44,1.19
2017.12.20 19:54:32.362,1.5186,1.51875,1.56,1.13
2017.12.20 19:54:35.705,1.51859,1.51874,1.25,2.81
2017.12.20 19:54:35.759,1.51856,1.51872,1.31,1.56
2017.12.20 19:54:35.811,1.51856,1.51871,1.63,1.31
2017.12.20 19:54:36.120,1.51856,1.5187,1.50,1.00
2017.12.20 19:54:36.635,1.51857,1.5187,1.44,1.00
2017.12.20 19:54:37.429,1.51859,1.51871,1.38,1.12
2017.12.20 19:54:37.636,1.51857,1.51871,2.44,1.00
2017.12.20 19:54:37.688,1.51858,1.51871,1.50,1.00
2017.12.20 19:54:37.842,1.51859,1.51873,1.69,1.00
2017.12.20 19:54:38.624,1.5186,1.51873,1.63,1.00
2017.12.20 19:54:39.341,1.5186,1.51873,1.63,1.00
2017.12.20 19:54:39.859,1.5186,1.51873,1.63,1.00
2017.12.20 19:54:40.450,1.5186,1.51873,1.31,1.00
2017.12.20 19:54:41.415,1.51858,1.51873,2.25,1.25
2017.12.20 19:54:41.982,1.5186,1.51872,1.38,1.00
2017.12.20 19:54:43.353,1.51858,1.51872,1.87,1.00
2017.12.20 19:54:43.859,1.51859,1.51872,1.38,1.00
2017.12.20 19:54:44.997,1.51859,1.51872,1.38,1.00
2017.12.20 19:54:45.725,1.51859,1.51872,1.38,1.00
2017.12.20 19:54:46.336,1.51858,1.51872,1.88,1.69
2017.12.20 19:54:47.047,1.51857,1.51872,2.29,1.69
2017.12.20 19:54:47.741,1.51857,1.51872,1.38,1.25
2017.12.20 19:54:47.906,1.51855,1.51871,1.44,2.06
2017.12.20 19:54:48.426,1.51855,1.5187,1.38,1.69
2017.12.20 19:54:49.407,1.51857,1.5187,1.38,1.31
2017.12.20 19:54:49.636,1.51857,1.51871,1.38,1.00
2017.12.20 19:54:49.844,1.51856,1.51871,1.50,1.00
2017.12.20 19:54:50.153,1.51861,1.51871,1.44,1.00
2017.12.20 19:54:50.881,1.51861,1.51871,1.00,1.00
2017.12.20 19:54:51.402,1.51857,1.51873,1.63,1.31
2017.12.20 19:54:51.939,1.5186,1.51873,1.25,1.31
2017.12.20 19:54:54.806,1.51858,1.51873,1.87,1.44
2017.12.20 19:54:54.857,1.51861,1.51873,1.00,1.19
2017.12.20 19:54:55.440,1.5186,1.51873,1.00,1.19
2017.12.20 19:54:55.902,1.51858,1.51873,1.69,1.19
2017.12.20 19:54:56.434,1.5186,1.51873,1.38,1.00
2017.12.20 19:54:57.934,1.5186,1.51873,1.44,1.00
2017.12.20 19:54:58.906,1.5186,1.51873,1.69,1.00
2017.12.20 19:54:59.525,1.51861,1.51873,1.00,1.00
2017.12.20 19:54:59.734,1.51864,1.51878,1.63,1.00
2017.12.20 19:55:00.269,1.51865,1.51881,2.25,1.19
2017.12.20 19:55:00.321,1.51865,1.51881,1.63,1.19
2017.12.20 19:55:00.834,1.51866,1.51881,1.63,1.19
2017.12.20 19:55:01.374,1.51866,1.51881,1.38,1.19
2017.12.20 19:55:01.894,1.51865,1.51881,2.25,1.19
2017.12.20 19:55:03.605,1.51867,1.51881,1.88,1.25
2017.12.20 19:55:04.830,1.51868,1.51881,1.00,1.25
2017.12.20 19:55:07.243,1.51868,1.51881,1.88,1.25
2017.12.20 19:55:08.433,1.51868,1.51881,1.25,1.25
2017.12.20 19:55:08.858,1.5187,1.51884,1.44,1.69
2017.12.20 19:55:08.910,1.51868,1.51884,1.56,1.50
2017.12.20 19:55:09.490,1.5187,1.51884,1.13,1.31
2017.12.20 19:55:10.382,1.51871,1.51884,1.00,1.19
2017.12.20 19:55:10.434,1.5187,1.51884,1.25,1.00
2017.12.20 19:55:12.079,1.51869,1.51884,2.44,1.25
2017.12.20 19:55:12.392,1.51869,1.51884,1.81,1.25
2017.12.20 19:55:12.921,1.51872,1.51884,1.31,1.25
2017.12.20 19:55:13.634,1.51872,1.51886,1.81,1.00
2017.12.20 19:55:14.172,1.51874,1.51886,1.25,1.25
2017.12.20 19:55:14.680,1.51871,1.51886,1.81,1.25
2017.12.20 19:55:14.916,1.51871,1.51886,1.31,2.06
2017.12.20 19:55:14.968,1.51871,1.51885,1.25,1.56
2017.12.20 19:55:15.483,1.5187,1.51883,1.63,1.19
2017.12.20 19:55:15.688,1.51867,1.51883,1.88,1.19
2017.12.20 19:55:16.298,1.51873,1.51883,1.44,1.19
2017.12.20 19:55:16.817,1.51872,1.51883,1.44,1.19
2017.12.20 19:55:17.230,1.51871,1.51884,1.88,1.00
2017.12.20 19:55:17.762,1.51873,1.51884,1.00,1.00
2017.12.20 19:55:21.104,1.51872,1.51884,1.50,1.00
2017.12.20 19:55:21.158,1.5187,1.51884,2.25,1.00
2017.12.20 19:55:21.367,1.5187,1.51884,1.00,2.06
2017.12.20 19:55:21.886,1.51869,1.51884,1.31,3.19
2017.12.20 19:55:22.518,1.51868,1.51884,2.63,2.25
2017.12.20 19:55:22.814,1.51867,1.51881,1.31,1.00
2017.12.20 19:55:23.328,1.51868,1.51881,1.25,1.00
2017.12.20 19:55:27.867,1.51869,1.51881,1.00,1.00
2017.12.20 19:55:28.660,1.51868,1.51881,1.88,1.00
2017.12.20 19:55:28.969,1.51872,1.51881,1.00,1.00
2017.12.20 19:55:29.071,1.51872,1.51885,1.00,1.50
2017.12.20 19:55:29.174,1.51872,1.51885,1.00,1.50
2017.12.20 19:55:29.716,1.51871,1.51885,1.69,1.31
2017.12.20 19:55:30.256,1.51871,1.51885,1.88,1.50
2017.12.20 19:55:31.153,1.51869,1.51882,1.00,1.44
2017.12.20 19:55:31.307,1.51871,1.51885,1.19,1.00
2017.12.20 19:55:32.572,1.51871,1.51885,1.44,1.44
2017.12.20 19:55:32.894,1.51871,1.51885,1.19,1.00
2017.12.20 19:55:33.288,1.51869,1.51885,1.50,1.50
2017.12.20 19:55:33.443,1.51867,1.51885,1.88,2.06
2017.12.20 19:55:33.957,1.51869,1.51881,1.00,1.00
2017.12.20 19:55:34.371,1.51871,1.51884,1.19,1.37
2017.12.20 19:55:34.744,1.51871,1.51885,1.81,1.25
2017.12.20 19:55:35.563,1.51874,1.51885,1.25,1.00
2017.12.20 19:55:36.077,1.51874,1.51885,1.38,1.00
2017.12.20 19:55:36.180,1.51874,1.51888,1.44,1.00
2017.12.20 19:55:36.335,1.51873,1.51888,3.38,1.00
2017.12.20 19:55:36.438,1.51874,1.5189,1.75,1.12
2017.12.20 19:55:36.490,1.51875,1.51891,1.50,1.37
2017.12.20 19:55:36.704,1.51875,1.51891,2.25,1.37
2017.12.20 19:55:37.316,1.51875,1.51891,2.44,1.12
2017.12.20 19:55:37.846,1.51877,1.5189,1.63,1.00
2017.12.20 19:55:38.255,1.51877,1.5189,1.00,1.00
2017.12.20 19:55:38.307,1.51875,1.5189,3.41,1.00
2017.12.20 19:55:38.992,1.51877,1.51891,1.56,1.00
2017.12.20 19:55:39.778,1.51877,1.5189,1.56,1.00
2017.12.20 19:55:39.881,1.51878,1.51892,1.31,1.00
2017.12.20 19:55:40.373,1.51877,1.51892,1.13,1.19
2017.12.20 19:55:41.000,1.51877,1.51892,1.38,1.19
2017.12.20 19:55:41.540,1.51877,1.51892,1.13,1.19
2017.12.20 19:55:42.045,1.51877,1.51892,1.38,1.19
2017.12.20 19:55:42.652,1.51877,1.51892,1.63,1.00
2017.12.20 19:55:43.397,1.51877,1.51892,1.56,1.00
2017.12.20 19:55:43.909,1.51878,1.51892,1.38,1.19
2017.12.20 19:55:45.005,1.51877,1.51892,1.81,1.12
2017.12.20 19:55:45.158,1.51877,1.51892,1.13,1.31
2017.12.20 19:55:46.198,1.51877,1.51892,1.63,1.31
2017.12.20 19:55:47.059,1.51878,1.51892,1.38,1.31
2017.12.20 19:55:47.571,1.5188,1.51893,1.56,1.00
2017.12.20 19:55:52.442,1.51878,1.51893,1.50,1.00
2017.12.20 19:55:53.089,1.51878,1.51893,2.06,1.19
2017.12.20 19:55:54.130,1.51878,1.51893,2.25,1.19
2017.12.20 19:55:54.942,1.51879,1.51893,1.63,1.19
2017.12.20 19:55:55.455,1.51879,1.51893,1.31,1.19
2017.12.20 19:55:56.242,1.51879,1.51893,1.63,1.19
2017.12.20 19:55:56.746,1.51878,1.51893,1.00,1.44
2017.12.20 19:55:56.849,1.5188,1.51893,1.13,1.19
2017.12.20 19:55:59.045,1.51878,1.51893,1.38,1.19
2017.12.20 19:55:59.584,1.51878,1.51893,2.06,1.19
2017.12.20 19:56:00.748,1.51878,1.51893,1.50,1.19
2017.12.20 19:56:01.503,1.51878,1.51893,1.44,1.31
2017.12.20 19:56:02.063,1.51877,1.51893,3.56,1.19
2017.12.20 19:56:02.736,1.51878,1.51893,1.38,1.44
2017.12.20 19:56:03.044,1.51877,1.51893,3.19,1.19
2017.12.20 19:56:03.556,1.51878,1.51893,1.13,1.56
2017.12.20 19:56:04.618,1.51878,1.51893,1.25,1.63
2017.12.20 19:56:04.773,1.51876,1.51892,1.50,1.69
2017.12.20 19:56:04.878,1.51874,1.51892,1.50,1.69
2017.12.20 19:56:05.391,1.51873,1.51888,2.25,1.25
2017.12.20 19:56:05.662,1.51873,1.51888,1.31,1.00
2017.12.20 19:56:06.256,1.51873,1.51888,1.88,1.13
2017.12.20 19:56:06.795,1.51873,1.51888,1.88,1.00
2017.12.20 19:56:07.311,1.51874,1.51888,2.63,1.00
2017.12.20 19:56:07.363,1.51875,1.51888,1.44,1.00
2017.12.20 19:56:07.962,1.51875,1.51888,1.13,1.00
2017.12.20 19:56:08.502,1.51875,1.51888,1.44,1.00
2017.12.20 19:56:09.079,1.51874,1.51888,1.88,1.00
2017.12.20 19:56:09.646,1.51875,1.51888,1.38,1.00
2017.12.20 19:56:10.318,1.51872,1.51888,4.69,1.00
2017.12.20 19:56:11.551,1.51873,1.51888,1.38,1.00
2017.12.20 19:56:12.950,1.51874,1.51888,2.44,1.00
2017.12.20 19:56:13.789,1.51875,1.51888,1.38,1.00
2017.12.20 19:56:14.469,1.51875,1.51888,1.44,1.00
2017.12.20 19:56:14.571,1.51874,1.51888,3.19,1.00
2017.12.20 19:56:14.623,1.51875,1.51888,1.38,1.00
2017.12.20 19:56:15.134,1.51876,1.51888,1.31,1.00
2017.12.20 19:56:15.288,1.51876,1.51891,1.44,1.25
2017.12.20 19:56:16.854,1.51876,1.51891,1.31,1.25
2017.12.20 19:56:16.907,1.51879,1.51892,1.38,1.00
2017.12.20 19:56:16.959,1.51883,1.51895,1.00,1.25
2017.12.20 19:56:17.063,1.5188,1.51895,1.69,1.31
2017.12.20 19:56:17.476,1.51881,1.51895,1.38,1.00
2017.12.20 19:56:17.528,1.5188,1.51895,2.44,1.00
2017.12.20 19:56:18.077,1.51881,1.51895,1.44,1.00
2017.12.20 19:56:18.646,1.5188,1.51895,2.63,1.00
2017.12.20 19:56:19.182,1.5188,1.51895,2.81,1.25
2017.12.20 19:56:20.344,1.51882,1.51895,1.50,1.00
2017.12.20 19:56:21.389,1.51881,1.51895,2.63,1.00
2017.12.20 19:56:22.927,1.51882,1.51895,1.31,1.00
2017.12.20 19:56:23.446,1.51882,1.51895,1.25,1.00
2017.12.20 19:56:24.130,1.51881,1.51895,1.88,1.00
2017.12.20 19:56:24.666,1.51882,1.51895,1.44,1.00
2017.12.20 19:56:25.348,1.51881,1.51895,1.88,1.00
2017.12.20 19:56:25.914,1.51882,1.51895,1.44,1.00
2017.12.20 19:56:26.384,1.51881,1.51895,1.69,1.00
2017.12.20 19:56:26.910,1.51882,1.51895,2.63,1.00
2017.12.20 19:56:27.440,1.51882,1.51895,2.63,1.00
2017.12.20 19:56:28.398,1.51882,1.51895,1.13,1.00
2017.12.20 19:56:29.583,1.51882,1.51895,2.06,1.00
2017.12.20 19:56:30.254,1.51882,1.51895,1.31,1.00
2017.12.20 19:56:30.517,1.51882,1.51895,2.06,1.00
2017.12.20 19:56:30.825,1.51885,1.51895,2.06,1.00
2017.12.20 19:56:30.979,1.51885,1.51898,2.06,1.00
2017.12.20 19:56:31.496,1.51885,1.51898,2.25,1.00
2017.12.20 19:56:32.828,1.51886,1.51898,1.44,1.00
2017.12.20 19:56:33.352,1.51885,1.51898,2.06,1.00
2017.12.20 19:56:34.078,1.51884,1.51898,3.19,1.00
2017.12.20 19:56:35.239,1.51885,1.51898,1.63,1.00
2017.12.20 19:56:37.046,1.51884,1.51898,3.94,1.00
2017.12.20 19:56:37.762,1.51884,1.51898,1.88,1.25
2017.12.20 19:56:38.317,1.51884,1.51898,1.38,1.25
2017.12.20 19:56:38.977,1.51883,1.51898,2.63,1.25
2017.12.20 19:56:41.133,1.51882,1.51898,2.06,1.31
2017.12.20 19:56:41.289,1.51877,1.51895,3.75,1.31
2017.12.20 19:56:41.342,1.51876,1.5189,1.69,1.44
2017.12.20 19:56:41.395,1.51874,1.5189,1.69,1.44
2017.12.20 19:56:41.549,1.51875,1.5189,1.88,1.44
2017.12.20 19:56:42.062,1.51874,1.5189,2.06,1.81
2017.12.20 19:56:42.641,1.51874,1.5189,2.06,1.56
2017.12.20 19:56:43.156,1.51874,1.5189,2.06,1.31
2017.12.20 19:56:43.511,1.51874,1.5189,2.06,1.50
2017.12.20 19:56:43.910,1.51874,1.5189,2.06,1.19
2017.12.20 19:56:44.425,1.51873,1.5189,3.19,1.88
2017.12.20 19:56:44.943,1.51872,1.5189,4.31,1.69
2017.12.20 19:56:45.251,1.51875,1.5189,1.38,1.50
2017.12.20 19:56:45.558,1.51875,1.5189,1.88,1.31
2017.12.20 19:56:46.060,1.51875,1.5189,1.88,1.31
2017.12.20 19:56:47.092,1.51875,1.5189,1.44,1.31
2017.12.20 19:56:47.630,1.51875,1.5189,1.38,1.31
2017.12.20 19:56:47.844,1.51877,1.51891,2.44,1.00
2017.12.20 19:56:48.361,1.5188,1.51894,1.31,1.00
2017.12.20 19:56:48.414,1.51881,1.51894,1.38,1.00
2017.12.20 19:56:48.723,1.51882,1.51894,1.68,1.00
2017.12.20 19:56:48.929,1.51882,1.51894,1.31,1.00
2017.12.20 19:56:49.537,1.51881,1.51894,1.63,1.25
2017.12.20 19:56:50.046,1.51881,1.51894,1.31,1.25
2017.12.20 19:56:50.099,1.51879,1.5189,1.00,1.00
2017.12.20 19:56:50.202,1.51874,1.51888,1.44,1.88
2017.12.20 19:56:51.538,1.51873,1.51888,1.88,1.19
2017.12.20 19:56:54.745,1.51874,1.51888,1.38,1.19
2017.12.20 19:56:54.799,1.51875,1.51889,1.44,1.25
2017.12.20 19:56:54.852,1.51875,1.51889,2.06,1.00
2017.12.20 19:56:55.007,1.5188,1.51894,1.13,1.19
2017.12.20 19:56:55.088,1.5188,1.51894,1.38,1.19
2017.12.20 19:56:55.747,1.5188,1.51894,1.13,1.19
2017.12.20 19:56:55.953,1.51879,1.51894,1.63,1.19
2017.12.20 19:56:56.160,1.51878,1.51894,1.88,1.19
2017.12.20 19:56:56.212,1.51878,1.51894,1.88,1.19
2017.12.20 19:56:56.714,1.51879,1.51894,1.88,1.19
2017.12.20 19:56:57.055,1.5188,1.51894,1.38,1.19
2017.12.20 19:56:57.167,1.5188,1.51894,1.38,1.19
2017.12.20 19:56:57.219,1.51883,1.51896,1.13,1.62
2017.12.20 19:56:57.732,1.5188,1.51896,1.38,2.00
2017.12.20 19:56:59.938,1.5188,1.51896,1.88,1.19
2017.12.20 19:57:00.793,1.5188,1.51896,1.91,1.31
2017.12.20 19:57:01.316,1.5188,1.51896,1.00,1.50
2017.12.20 19:57:01.367,1.5188,1.51896,1.38,1.31
2017.12.20 19:57:01.892,1.5188,1.51896,1.63,1.50
2017.12.20 19:57:02.442,1.5188,1.51896,1.63,1.88
2017.12.20 19:57:03.091,1.5188,1.51896,1.38,1.69
2017.12.20 19:57:03.848,1.5188,1.51896,1.38,2.25
2017.12.20 19:57:05.253,1.5188,1.51896,1.44,1.31
2017.12.20 19:57:05.884,1.5188,1.51896,1.38,1.50
2017.12.20 19:57:06.652,1.5188,1.51896,1.44,2.06
2017.12.20 19:57:07.162,1.5188,1.51895,1.38,1.19
2017.12.20 19:57:07.748,1.5188,1.51896,1.00,2.62
2017.12.20 19:57:07.800,1.5188,1.51896,1.38,1.69
2017.12.20 19:57:08.333,1.5188,1.51896,1.88,2.81
2017.12.20 19:57:08.864,1.5188,1.51896,1.38,1.69
2017.12.20 19:57:09.120,1.5188,1.51896,1.38,2.44
2017.12.20 19:57:09.751,1.5188,1.51896,1.88,1.31
2017.12.20 19:57:12.022,1.5188,1.51896,1.38,1.69
2017.12.20 19:57:12.553,1.5188,1.51896,1.38,2.63
2017.12.20 19:57:13.054,1.5188,1.51896,1.38,1.50
2017.12.20 19:57:14.205,1.5188,1.51896,1.38,2.81
2017.12.20 19:57:15.701,1.5188,1.51896,1.44,1.88
2017.12.20 19:57:16.260,1.5188,1.51896,1.13,2.06
2017.12.20 19:57:17.110,1.5188,1.51896,1.44,2.25
2017.12.20 19:57:17.621,1.5188,1.51896,1.25,2.25
2017.12.20 19:57:18.195,1.5188,1.51895,1.38,1.19
2017.12.20 19:57:18.349,1.5188,1.51896,1.25,2.25
2017.12.20 19:57:18.997,1.51877,1.51892,1.38,1.44
2017.12.20 19:57:19.101,1.51877,1.51892,1.38,1.00
2017.12.20 19:57:19.314,1.51877,1.51893,2.06,1.81
2017.12.20 19:57:20.304,1.51877,1.51893,1.69,1.69
2017.12.20 19:57:20.863,1.51877,1.51893,1.88,1.50
2017.12.20 19:57:21.665,1.51879,1.51893,1.00,1.50
2017.12.20 19:57:23.304,1.51878,1.51893,1.00,1.44
2017.12.20 19:57:23.829,1.51879,1.51893,1.00,1.44
2017.12.20 19:57:24.763,1.51878,1.51893,1.50,1.44
2017.12.20 19:57:25.026,1.51879,1.51893,1.00,1.25
2017.12.20 19:57:25.651,1.51878,1.51893,1.25,1.25
2017.12.20 19:57:26.194,1.51879,1.51893,1.00,1.25
2017.12.20 19:57:26.755,1.51878,1.51893,1.25,1.25
2017.12.20 19:57:27.402,1.51879,1.51893,1.00,1.25
2017.12.20 19:57:28.100,1.51878,1.51893,1.25,1.25
2017.12.20 19:57:29.072,1.51879,1.51893,1.00,1.25
2017.12.20 19:57:29.934,1.51878,1.51893,1.25,1.12
2017.12.20 19:57:30.087,1.51879,1.51893,1.44,1.25
2017.12.20 19:57:30.637,1.51881,1.51896,1.00,3.19
2017.12.20 19:57:32.286,1.5188,1.51896,1.25,4.31
2017.12.20 19:57:32.646,1.51876,1.51893,1.25,1.75
2017.12.20 19:57:32.698,1.51876,1.5189,1.00,1.31
2017.12.20 19:57:32.802,1.51873,1.5189,1.88,1.94
2017.12.20 19:57:33.212,1.51873,1.51889,1.56,1.31
2017.12.20 19:57:33.842,1.51875,1.51889,1.25,1.50
2017.12.20 19:57:34.392,1.51873,1.5189,2.06,2.81
2017.12.20 19:57:34.893,1.51873,1.51889,2.81,1.69
2017.12.20 19:57:35.431,1.51873,1.5189,2.63,2.81
2017.12.20 19:57:36.092,1.51873,1.51889,2.06,1.69
2017.12.20 19:57:36.195,1.51873,1.51889,1.69,3.19
2017.12.20 19:57:37.773,1.51871,1.51888,3.00,1.13
2017.12.20 19:57:38.413,1.51873,1.51888,1.00,1.94
2017.12.20 19:57:38.517,1.51871,1.51887,2.44,1.56
2017.12.20 19:57:38.827,1.51867,1.51881,1.88,1.31
2017.12.20 19:57:39.362,1.51868,1.51881,1.38,1.19
2017.12.20 19:57:39.875,1.51867,1.51881,2.25,1.19
2017.12.20 19:57:41.144,1.51868,1.51881,1.44,1.19
2017.12.20 19:57:41.694,1.51868,1.51881,1.38,1.19
2017.12.20 19:57:42.194,1.51868,1.51883,2.62,1.00
2017.12.20 19:57:42.246,1.51868,1.51881,1.13,1.19
2017.12.20 19:57:43.215,1.51868,1.51881,1.44,1.31
2017.12.20 19:57:44.552,1.51868,1.51881,1.63,1.31
2017.12.20 19:57:44.705,1.51868,1.51881,1.13,1.31
2017.12.20 19:57:44.757,1.51868,1.51881,1.63,1.31
2017.12.20 19:57:45.556,1.51868,1.51881,1.25,1.31
2017.12.20 19:57:45.714,1.51868,1.51884,3.00,1.25
2017.12.20 19:57:45.870,1.51868,1.51884,1.81,1.69
2017.12.20 19:57:46.387,1.51868,1.51884,2.25,1.69
2017.12.20 19:57:46.551,1.51868,1.51883,1.38,1.19
2017.12.20 19:57:46.603,1.51868,1.51883,1.25,1.19
2017.12.20 19:57:46.655,1.51868,1.51883,1.38,1.19
2017.12.20 19:57:47.222,1.51868,1.51883,1.25,1.19
2017.12.20 19:57:47.324,1.51868,1.51883,1.38,1.19
2017.12.20 19:57:47.933,1.51868,1.51883,1.38,1.19
2017.12.20 19:57:49.236,1.51869,1.51884,1.38,1.00
2017.12.20 19:57:49.443,1.5187,1.51887,2.44,1.19
2017.12.20 19:57:49.495,1.51873,1.51889,1.31,1.12
2017.12.20 19:57:49.824,1.51875,1.5189,1.38,1.19
2017.12.20 19:57:50.238,1.51876,1.51892,1.25,1.44
2017.12.20 19:57:50.650,1.51875,1.5189,1.37,1.31
2017.12.20 19:57:51.198,1.51875,1.5189,1.13,1.19
2017.12.20 19:57:51.713,1.51875,1.51891,1.19,1.19
2017.12.20 19:57:52.220,1.51875,1.51891,1.25,1.19
2017.12.20 19:57:52.546,1.51875,1.51893,2.44,3.00
2017.12.20 19:57:52.650,1.51875,1.51892,1.00,2.81
2017.12.20 19:57:52.702,1.51875,1.51891,1.00,2.06
2017.12.20 19:57:53.233,1.51875,1.51891,1.00,1.63
2017.12.20 19:57:59.955,1.51875,1.51888,1.00,1.19
2017.12.20 19:58:00.110,1.51875,1.51891,1.00,1.69
2017.12.20 19:58:00.920,1.51875,1.51888,1.13,1.00
2017.12.20 19:58:01.544,1.51875,1.51891,1.00,3.94
2017.12.20 19:58:04.785,1.51872,1.51888,1.25,1.69
2017.12.20 19:58:05.077,1.51872,1.51888,1.56,1.25
2017.12.20 19:58:05.587,1.51872,1.51888,2.06,1.25
2017.12.20 19:58:06.120,1.51872,1.51888,1.69,1.25
2017.12.20 19:58:06.769,1.51873,1.51888,1.81,1.25
2017.12.20 19:58:08.279,1.51875,1.51889,1.50,1.19
2017.12.20 19:58:08.331,1.51875,1.51889,1.88,1.19
2017.12.20 19:58:08.383,1.51875,1.51889,1.00,1.19
2017.12.20 19:58:08.538,1.51875,1.51888,1.38,1.19
2017.12.20 19:58:09.035,1.51875,1.51891,1.38,2.06
2017.12.20 19:58:09.557,1.51876,1.51891,1.38,2.06
2017.12.20 19:58:10.761,1.51876,1.51891,1.44,2.06
2017.12.20 19:58:11.300,1.51875,1.51891,2.81,2.06
2017.12.20 19:58:12.147,1.51876,1.51889,1.00,1.38
2017.12.20 19:58:12.202,1.51876,1.5189,1.00,1.31
2017.12.20 19:58:12.306,1.51873,1.5189,1.69,1.63
2017.12.20 19:58:12.852,1.51873,1.51889,2.06,1.13
2017.12.20 19:58:13.360,1.51873,1.51889,2.06,1.13
2017.12.20 19:58:13.930,1.51873,1.5189,1.31,1.31
2017.12.20 19:58:14.885,1.51873,1.51889,1.63,1.19
2017.12.20 19:58:15.421,1.51873,1.5189,1.31,1.87
2017.12.20 19:58:15.993,1.51873,1.51889,1.31,1.31
2017.12.20 19:58:16.044,1.51873,1.51888,1.44,1.19
2017.12.20 19:58:17.262,1.51873,1.51888,1.38,1.19
2017.12.20 19:58:17.784,1.51873,1.51888,1.88,1.19
2017.12.20 19:58:18.381,1.51873,1.51888,1.88,1.19
2017.12.20 19:58:18.906,1.51873,1.51888,1.88,1.19
2017.12.20 19:58:20.212,1.51874,1.51888,1.63,1.19
2017.12.20 19:58:21.246,1.51873,1.51888,1.50,1.19
2017.12.20 19:58:21.605,1.51874,1.51888,1.63,1.19
2017.12.20 19:58:22.317,1.51875,1.51888,1.13,1.19
2017.12.20 19:58:22.992,1.51874,1.51888,2.06,1.19
2017.12.20 19:58:23.199,1.51874,1.5189,1.25,1.56
2017.12.20 19:58:23.302,1.51873,1.51888,3.00,1.19
2017.12.20 19:58:23.823,1.51874,1.51888,1.38,1.19
2017.12.20 19:58:24.331,1.51875,1.51888,1.38,1.19
2017.12.20 19:58:26.214,1.51873,1.51888,1.25,1.19
2017.12.20 19:58:26.266,1.51871,1.51884,1.00,1.19
2017.12.20 19:58:26.775,1.5187,1.51882,1.13,1.19
2017.12.20 19:58:27.137,1.5187,1.51886,1.88,2.06
2017.12.20 19:58:27.190,1.51872,1.51888,1.38,1.31
2017.12.20 19:58:27.346,1.51872,1.51885,1.00,1.19
2017.12.20 19:58:30.344,1.51872,1.51885,1.88,1.19
2017.12.20 19:58:30.796,1.51872,1.51885,1.25,1.19
2017.12.20 19:58:31.367,1.51872,1.51885,1.38,1.19
2017.12.20 19:58:32.713,1.51872,1.51885,1.00,1.56
2017.12.20 19:58:33.222,1.51872,1.51885,1.00,1.19
2017.12.20 19:58:34.294,1.51872,1.51887,1.38,1.56
2017.12.20 19:58:34.400,1.51872,1.51887,1.25,1.56
2017.12.20 19:58:34.504,1.51872,1.51887,1.38,1.56
2017.12.20 19:58:35.076,1.51872,1.51887,1.44,1.31
2017.12.20 19:58:35.622,1.51872,1.51887,1.88,1.31
2017.12.20 19:58:35.673,1.51872,1.51887,1.50,1.31
2017.12.20 19:58:35.878,1.51872,1.51887,2.81,1.19
2017.12.20 19:58:36.395,1.51872,1.51887,1.88,1.19
2017.12.20 19:58:36.778,1.51872,1.51887,1.88,1.19
2017.12.20 19:58:37.395,1.51872,1.51887,1.88,1.19
2017.12.20 19:58:37.501,1.51872,1.51887,2.25,1.19
2017.12.20 19:58:37.603,1.51873,1.51887,1.44,1.19
2017.12.20 19:58:38.490,1.51872,1.51887,2.25,1.19
2017.12.20 19:58:38.804,1.51874,1.51887,1.88,1.19
2017.12.20 19:58:39.267,1.51873,1.51887,1.31,1.19
2017.12.20 19:58:39.319,1.51874,1.51887,1.44,1.19
2017.12.20 19:58:39.866,1.51874,1.51887,1.63,1.19
2017.12.20 19:58:40.105,1.51874,1.51891,1.88,1.88
2017.12.20 19:58:40.157,1.51875,1.51891,1.12,1.56
2017.12.20 19:58:40.209,1.51874,1.51889,1.38,1.19
2017.12.20 19:58:42.190,1.51875,1.51889,1.13,1.19
2017.12.20 19:58:42.242,1.51873,1.51887,1.13,1.44
2017.12.20 19:58:42.755,1.51874,1.51887,1.31,1.19
2017.12.20 19:58:43.731,1.51873,1.51887,1.88,1.19
2017.12.20 19:58:44.195,1.51873,1.51887,2.44,1.19
2017.12.20 19:58:44.696,1.51875,1.51887,1.44,1.19
2017.12.20 19:58:44.902,1.51874,1.5189,2.06,1.31
2017.12.20 19:58:45.882,1.51876,1.5189,1.38,1.19
2017.12.20 19:58:46.392,1.51875,1.5189,1.88,1.19
2017.12.20 19:58:46.928,1.51875,1.5189,3.04,1.19
2017.12.20 19:58:47.251,1.51875,1.5189,2.63,1.44
2017.12.20 19:58:48.291,1.51875,1.5189,1.88,1.19
2017.12.20 19:58:48.600,1.51875,1.5189,2.06,1.19
2017.12.20 19:58:49.291,1.51874,1.5189,2.44,1.31
2017.12.20 19:58:49.922,1.51876,1.5189,1.44,1.19
2017.12.20 19:58:50.345,1.51878,1.5189,1.44,1.19
2017.12.20 19:58:51.225,1.51877,1.5189,1.44,1.19
2017.12.20 19:58:52.220,1.51877,1.5189,1.38,1.19
2017.12.20 19:58:52.325,1.51874,1.51888,1.31,2.81
2017.12.20 19:58:52.379,1.51874,1.51885,1.00,1.19
2017.12.20 19:58:52.486,1.51876,1.51888,1.00,1.19
2017.12.20 19:58:52.696,1.51874,1.51885,1.00,1.19
2017.12.20 19:58:52.751,1.5187,1.51885,1.00,1.56
2017.12.20 19:58:52.859,1.51869,1.51881,1.00,1.87
2017.12.20 19:58:53.041,1.51866,1.51881,1.25,1.12
2017.12.20 19:58:53.105,1.51866,1.51878,1.00,1.19
2017.12.20 19:58:53.215,1.51863,1.51878,1.12,1.19
2017.12.20 19:58:59.832,1.51865,1.51879,1.25,1.00
2017.12.20 19:59:00.248,1.51861,1.51878,1.69,1.69
2017.12.20 19:59:00.300,1.51861,1.51878,2.44,1.25
2017.12.20 19:59:00.638,1.5186,1.51876,1.19,1.00
2017.12.20 19:59:00.845,1.51858,1.51874,1.31,1.25
2017.12.20 19:59:00.948,1.51858,1.51874,1.50,1.25
2017.12.20 19:59:01.053,1.51858,1.51874,1.31,1.25
2017.12.20 19:59:02.279,1.51857,1.51874,1.75,1.25
2017.12.20 19:59:02.382,1.51863,1.51876,2.06,1.12
2017.12.20 19:59:02.685,1.51866,1.51878,1.00,1.00
2017.12.20 19:59:02.839,1.51863,1.51878,1.31,1.00
2017.12.20 19:59:02.892,1.51862,1.51876,1.00,1.19
2017.12.20 19:59:03.046,1.51859,1.51875,1.69,1.25
2017.12.20 19:59:03.623,1.51859,1.51875,1.50,1.69
2017.12.20 19:59:04.054,1.51861,1.51875,1.00,1.25
2017.12.20 19:59:04.219,1.51859,1.51875,3.37,1.25
2017.12.20 19:59:04.271,1.51862,1.51875,1.00,1.00
2017.12.20 19:59:04.796,1.51861,1.51875,1.87,1.00
2017.12.20 19:59:05.305,1.51862,1.51875,1.00,1.00
2017.12.20 19:59:06.159,1.51861,1.51875,1.87,1.00
2017.12.20 19:59:06.730,1.51862,1.51875,1.00,1.00
2017.12.20 19:59:07.277,1.51861,1.51875,1.12,1.00
2017.12.20 19:59:07.940,1.51861,1.51875,1.44,1.25
2017.12.20 19:59:08.455,1.51862,1.51875,1.37,1.25
2017.12.20 19:59:08.979,1.51862,1.51875,1.31,1.00
2017.12.20 19:59:10.409,1.51865,1.51878,1.00,1.25
2017.12.20 19:59:10.461,1.51862,1.51878,3.37,1.25
2017.12.20 19:59:11.029,1.51864,1.51878,1.00,1.25
2017.12.20 19:59:11.133,1.51862,1.51878,1.50,1.50
2017.12.20 19:59:11.186,1.51862,1.51875,1.50,1.25
2017.12.20 19:59:11.496,1.51868,1.5188,1.00,1.69
2017.12.20 19:59:12.014,1.51867,1.5188,1.69,1.19
2017.12.20 19:59:12.132,1.51865,1.51878,1.00,1.25
2017.12.20 19:59:12.295,1.51862,1.51878,1.69,1.31
2017.12.20 19:59:12.833,1.51861,1.51877,1.87,1.00
2017.12.20 19:59:13.361,1.51861,1.51877,1.87,1.12
2017.12.20 19:59:13.778,1.51864,1.51877,1.00,1.12
2017.12.20 19:59:13.999,1.51862,1.51877,1.87,1.12
2017.12.20 19:59:14.375,1.51864,1.51877,1.00,1.00
2017.12.20 19:59:14.706,1.51868,1.5188,1.00,2.06
2017.12.20 19:59:15.226,1.51867,1.5188,1.50,2.06
2017.12.20 19:59:15.814,1.51868,1.5188,1.50,1.69
2017.12.20 19:59:16.329,1.51867,1.5188,1.12,1.69
2017.12.20 19:59:17.573,1.51868,1.5188,1.00,1.69
2017.12.20 19:59:17.679,1.51869,1.51883,1.00,1.62
2017.12.20 19:59:18.241,1.51868,1.51883,1.25,1.62
2017.12.20 19:59:18.585,1.51867,1.51881,1.87,1.19
2017.12.20 19:59:19.115,1.51868,1.51883,1.25,1.69
2017.12.20 19:59:19.984,1.51868,1.51881,1.25,1.19
2017.12.20 19:59:20.037,1.51866,1.51881,1.31,1.19
2017.12.20 19:59:20.583,1.51867,1.5188,1.00,1.19
2017.12.20 19:59:21.120,1.51866,1.5188,1.25,1.19
2017.12.20 19:59:21.924,1.51864,1.51878,1.87,1.19
2017.12.20 19:59:22.491,1.51864,1.51879,2.62,1.19
2017.12.20 19:59:23.012,1.51866,1.51879,1.25,1.19
2017.12.20 19:59:23.115,1.51863,1.51877,1.50,1.69
2017.12.20 19:59:23.528,1.51866,1.51877,1.87,1.00
2017.12.20 19:59:23.579,1.51867,1.51881,1.00,2.06
2017.12.20 19:59:24.158,1.51867,1.51881,1.44,1.37
2017.12.20 19:59:24.264,1.51869,1.51882,1.00,1.00
2017.12.20 19:59:24.316,1.51877,1.51886,1.00,1.37
2017.12.20 19:59:24.368,1.51879,1.51888,1.19,1.00
2017.12.20 19:59:24.421,1.51879,1.51891,2.06,1.00
2017.12.20 19:59:24.474,1.51882,1.51894,1.12,1.00
2017.12.20 19:59:24.526,1.5188,1.51894,2.06,1.00
2017.12.20 19:59:25.091,1.51881,1.51894,1.00,1.00
2017.12.20 19:59:25.724,1.5188,1.51894,1.31,1.00
2017.12.20 19:59:26.522,1.51881,1.51894,1.00,1.00
2017.12.20 19:59:27.087,1.5188,1.51894,2.06,1.00
2017.12.20 19:59:27.242,1.51882,1.51894,1.12,1.00
2017.12.20 19:59:27.754,1.51883,1.51894,1.00,1.00
2017.12.20 19:59:27.857,1.51879,1.51894,1.12,1.56
2017.12.20 19:59:27.910,1.51878,1.51891,1.00,2.62
2017.12.20 19:59:27.963,1.51874,1.51891,1.00,3.37
2017.12.20 19:59:28.157,1.51871,1.51887,1.31,1.25
2017.12.20 19:59:30.297,1.5187,1.51887,1.25,2.44
2017.12.20 19:59:32.206,1.51867,1.51882,1.00,1.31
2017.12.20 19:59:32.310,1.51863,1.51879,2.62,1.00
2017.12.20 19:59:32.517,1.51863,1.51879,3.37,1.00
2017.12.20 19:59:32.825,1.51868,1.51882,1.87,1.00
2017.12.20 19:59:33.363,1.51869,1.51882,1.12,1.00
2017.12.20 19:59:33.889,1.5187,1.51882,1.00,1.00
2017.12.20 19:59:34.107,1.51868,1.51882,1.12,1.00
2017.12.20 19:59:34.161,1.51866,1.51879,2.25,1.19
2017.12.20 19:59:34.216,1.51866,1.51882,1.00,2.44
2017.12.20 19:59:34.435,1.51867,1.51882,1.62,1.25
2017.12.20 19:59:34.540,1.51866,1.51882,1.00,1.31
2017.12.20 19:59:34.644,1.51863,1.5188,1.00,1.56
2017.12.20 19:59:35.163,1.51864,1.5188,1.25,1.81
2017.12.20 19:59:35.355,1.51862,1.5188,1.12,2.44
2017.12.20 19:59:35.922,1.51863,1.5188,1.25,1.44
2017.12.20 19:59:36.452,1.51862,1.5188,1.87,1.19
2017.12.20 19:59:36.504,1.51864,1.5188,1.00,1.19
2017.12.20 19:59:36.556,1.51862,1.5188,1.69,1.87
2017.12.20 19:59:36.608,1.5186,1.51876,2.44,1.00
2017.12.20 19:59:37.281,1.51861,1.51876,1.50,1.00
2017.12.20 19:59:37.873,1.5186,1.51876,3.19,1.00
2017.12.20 19:59:38.388,1.51857,1.51873,3.19,1.50
2017.12.20 19:59:38.936,1.51858,1.51873,3.94,1.00
2017.12.20 19:59:38.989,1.5186,1.51876,1.31,1.69
2017.12.20 19:59:39.092,1.5186,1.51876,2.44,1.50
2017.12.20 19:59:39.635,1.5186,1.51875,1.50,1.00
2017.12.20 19:59:40.204,1.5186,1.51876,2.44,1.50
2017.12.20 19:59:41.675,1.51861,1.51876,1.19,1.00
2017.12.20 19:59:41.830,1.51863,1.51879,2.81,1.12
2017.12.20 19:59:41.988,1.51863,1.51879,2.62,1.31
2017.12.20 19:59:42.143,1.5186,1.51878,2.06,1.25
2017.12.20 19:59:42.466,1.5186,1.51876,1.50,1.00
2017.12.20 19:59:43.831,1.5186,1.51876,2.06,1.00
2017.12.20 19:59:44.177,1.51862,1.51877,1.25,1.31
2017.12.20 19:59:44.793,1.51861,1.51878,1.56,1.69
2017.12.20 19:59:46.108,1.51862,1.51878,1.25,1.31
2017.12.20 19:59:46.615,1.51862,1.51878,1.31,1.31
2017.12.20 19:59:47.129,1.51862,1.51878,1.62,1.19
2017.12.20 19:59:47.705,1.51862,1.51878,1.56,1.12
2017.12.20 19:59:48.027,1.51865,1.5188,1.62,1.37
2017.12.20 19:59:48.080,1.51863,1.5188,1.19,1.87
2017.12.20 19:59:48.132,1.51863,1.5188,1.25,2.06
2017.12.20 19:59:48.637,1.51864,1.5188,1.12,2.06
2017.12.20 19:59:49.423,1.51864,1.5188,1.00,2.44
2017.12.20 19:59:49.475,1.51868,1.5188,1.12,1.00
2017.12.20 19:59:49.526,1.51868,1.51883,2.06,1.00
2017.12.20 19:59:50.073,1.51867,1.51883,1.31,2.44
2017.12.20 19:59:50.178,1.51865,1.51879,1.00,1.00
2017.12.20 19:59:50.282,1.51863,1.51878,1.00,1.69
2017.12.20 19:59:50.785,1.51862,1.51878,1.31,1.25
2017.12.20 19:59:51.473,1.51862,1.51878,1.44,2.06
2017.12.20 19:59:52.013,1.51862,1.51878,1.25,2.81
2017.12.20 19:59:52.224,1.5186,1.51878,2.06,2.25
2017.12.20 19:59:52.752,1.5186,1.51878,1.44,2.25
2017.12.20 19:59:53.303,1.51858,1.51875,1.69,1.25
2017.12.20 19:59:53.966,1.51858,1.51875,1.69,1.25
2017.12.20 19:59:54.070,1.51858,1.51875,1.25,1.87
2017.12.20 19:59:54.123,1.51857,1.51872,1.69,1.00
2017.12.20 19:59:54.229,1.51857,1.51875,2.44,1.31
2017.12.20 19:59:54.281,1.51857,1.51875,2.62,1.31
2017.12.20 19:59:54.817,1.51859,1.51875,2.06,1.31
2017.12.20 19:59:55.126,1.5186,1.51875,2.06,1.12
2017.12.20 19:59:55.512,1.51861,1.51876,1.62,1.00
2017.12.20 19:59:55.812,1.5186,1.51876,1.69,1.50
2017.12.20 19:59:56.174,1.51859,1.51875,1.19,1.12
2017.12.20 19:59:56.431,1.51857,1.51874,3.19,1.00
2017.12.20 19:59:56.616,1.51862,1.51874,1.19,1.00
2017.12.20 19:59:57.135,1.51861,1.51875,1.19,1.00
2017.12.20 19:59:57.583,1.51861,1.51878,1.69,1.37
2017.12.20 19:59:58.099,1.51861,1.51877,1.19,2.06
2017.12.20 19:59:58.451,1.51858,1.51871,1.19,1.00
2017.12.20 19:59:59.093,1.5186,1.51873,1.19,1.00
2017.12.20 19:59:59.697,1.51861,1.51873,1.19,1.00
2017.12.20 19:59:59.907,1.5186,1.51877,1.50,1.31
