2018.04.05 10:00:00.121,1.50539,1.5055,1.25,1.81
2018.04.05 10:00:00.325,1.50539,1.5055,1.25,1.00
2018.04.05 10:00:00.427,1.50542,1.50553,1.25,1.87
2018.04.05 10:00:00.479,1.50538,1.50552,1.87,1.00
2018.04.05 10:00:00.530,1.50535,1.5055,3.37,1.87
2018.04.05 10:00:00.582,1.50536,1.5055,1.12,2.99
2018.04.05 10:00:00.856,1.50538,1.5055,1.25,1.12
2018.04.05 10:00:01.369,1.50537,1.50552,2.06,2.62
2018.04.05 10:00:01.778,1.5054,1.50552,1.25,1.50
2018.04.05 10:00:02.086,1.50542,1.50554,1.44,1.81
2018.04.05 10:00:02.240,1.50544,1.50555,1.12,1.00
2018.04.05 10:00:02.291,1.50544,1.50555,2.44,1.00
2018.04.05 10:00:02.343,1.50545,1.50557,1.50,1.25
2018.04.05 10:00:02.446,1.5054,1.50554,2.62,2.25
2018.04.05 10:00:02.759,1.50539,1.50552,1.50,1.69
2018.04.05 10:00:03.474,1.50542,1.50553,1.19,1.31
2018.04.05 10:00:03.629,1.50542,1.50554,1.19,1.12
2018.04.05 10:00:03.733,1.50539,1.50553,1.50,1.50
2018.04.05 10:00:04.268,1.50541,1.50553,1.25,1.50
2018.04.05 10:00:04.722,1.50538,1.50552,1.25,1.44
2018.04.05 10:00:04.775,1.50538,1.50552,1.25,1.81
2018.04.05 10:00:05.300,1.50539,1.50551,1.25,1.81
2018.04.05 10:00:06.847,1.50539,1.50552,1.25,1.50
2018.04.05 10:00:07.844,1.50538,1.5055,1.12,1.00
2018.04.05 10:00:08.785,1.50536,1.50551,1.31,2.81
2018.04.05 10:00:08.837,1.50534,1.50548,2.25,1.31
2018.04.05 10:00:08.996,1.50533,1.50545,1.87,1.50
2018.04.05 10:00:09.048,1.50531,1.50544,1.50,3.37
2018.04.05 10:00:09.563,1.50533,1.50544,1.25,2.06
2018.04.05 10:00:10.073,1.50533,1.50544,1.25,1.31
2018.04.05 10:00:10.997,1.50529,1.50543,2.62,1.88
2018.04.05 10:00:11.153,1.50529,1.50544,2.25,2.44
2018.04.05 10:00:11.710,1.50532,1.50544,1.25,3.37
2018.04.05 10:00:12.254,1.50533,1.50544,1.25,3.19
2018.04.05 10:00:13.248,1.50532,1.50544,1.25,1.87
2018.04.05 10:00:14.468,1.50532,1.50545,1.25,1.31
2018.04.05 10:00:14.624,1.50534,1.50545,1.25,1.31
2018.04.05 10:00:15.013,1.50534,1.50546,1.25,1.44
2018.04.05 10:00:16.063,1.50536,1.50546,1.25,1.19
2018.04.05 10:00:16.171,1.50536,1.50547,1.25,1.69
2018.04.05 10:00:17.558,1.50537,1.50547,1.25,1.25
2018.04.05 10:00:17.994,1.50537,1.5055,1.25,1.44
2018.04.05 10:00:19.068,1.50535,1.5055,1.87,1.87
2018.04.05 10:00:19.173,1.50535,1.50549,1.19,1.88
2018.04.05 10:00:19.690,1.50534,1.50547,1.50,1.37
2018.04.05 10:00:20.426,1.50533,1.50547,1.69,1.50
2018.04.05 10:00:20.941,1.50534,1.50547,1.25,1.50
2018.04.05 10:00:21.680,1.50533,1.50546,1.31,1.69
2018.04.05 10:00:22.216,1.50534,1.50547,1.25,1.50
2018.04.05 10:00:23.452,1.50535,1.50547,1.25,1.50
2018.04.05 10:00:24.643,1.50534,1.50547,1.25,2.62
2018.04.05 10:00:25.303,1.50535,1.50545,1.00,1.00
2018.04.05 10:00:26.409,1.50535,1.50546,1.00,1.31
2018.04.05 10:00:27.249,1.50532,1.50546,1.50,1.50
2018.04.05 10:00:27.301,1.50532,1.50544,1.25,2.06
2018.04.05 10:00:27.811,1.50533,1.50544,1.00,2.44
2018.04.05 10:00:28.461,1.50533,1.50544,1.00,2.63
2018.04.05 10:00:30.280,1.5053,1.50544,1.31,3.00
2018.04.05 10:00:30.332,1.50532,1.50544,1.00,1.87
2018.04.05 10:00:30.840,1.50532,1.50544,1.00,3.19
2018.04.05 10:00:31.337,1.5053,1.50544,1.56,2.44
2018.04.05 10:00:32.769,1.50529,1.50544,1.62,4.50
2018.04.05 10:00:33.279,1.50529,1.50542,1.25,1.69
2018.04.05 10:00:33.807,1.50529,1.50543,1.25,2.44
2018.04.05 10:00:34.481,1.50531,1.50543,1.00,2.06
2018.04.05 10:00:34.998,1.50532,1.50544,1.00,2.81
2018.04.05 10:00:35.558,1.5053,1.50542,1.31,1.69
2018.04.05 10:00:35.681,1.5053,1.50542,1.00,1.87
2018.04.05 10:00:35.937,1.5053,1.50542,1.31,2.06
2018.04.05 10:00:36.742,1.5053,1.50541,1.19,1.37
2018.04.05 10:00:37.254,1.50529,1.50541,1.69,1.31
2018.04.05 10:00:38.788,1.5053,1.50542,1.25,1.31
2018.04.05 10:00:39.019,1.50535,1.50548,1.31,1.37
2018.04.05 10:00:39.930,1.50533,1.50548,3.56,1.37
2018.04.05 10:00:40.445,1.50534,1.50547,1.31,1.87
2018.04.05 10:00:40.654,1.50536,1.5055,3.00,1.63
2018.04.05 10:00:40.707,1.50536,1.50549,2.25,1.50
2018.04.05 10:00:40.812,1.50536,1.5055,1.87,1.00
2018.04.05 10:00:40.865,1.50538,1.5055,1.50,1.25
2018.04.05 10:00:41.604,1.50541,1.5055,1.00,1.00
2018.04.05 10:00:41.814,1.50535,1.50549,1.87,1.88
2018.04.05 10:00:42.069,1.50537,1.50549,1.19,3.00
2018.04.05 10:00:42.331,1.50531,1.50544,1.69,1.19
2018.04.05 10:00:42.437,1.50527,1.50541,1.87,1.19
2018.04.05 10:00:42.752,1.50526,1.50539,1.37,3.37
2018.04.05 10:00:43.063,1.50525,1.50537,1.25,1.50
2018.04.05 10:00:43.595,1.50526,1.50537,1.00,1.13
2018.04.05 10:00:43.962,1.50528,1.50539,1.25,1.12
2018.04.05 10:00:44.495,1.50528,1.5054,1.50,3.19
2018.04.05 10:00:44.803,1.50533,1.50543,1.00,1.25
2018.04.05 10:00:44.905,1.5053,1.50543,2.25,2.63
2018.04.05 10:00:45.109,1.50529,1.50542,1.19,1.56
2018.04.05 10:00:45.632,1.50529,1.50541,1.50,1.50
2018.04.05 10:00:46.847,1.50529,1.50543,1.19,3.37
2018.04.05 10:00:47.170,1.5053,1.50544,2.25,1.50
2018.04.05 10:00:47.378,1.50525,1.50539,1.00,3.00
2018.04.05 10:00:47.585,1.50527,1.50538,1.25,1.87
2018.04.05 10:00:47.896,1.50529,1.5054,1.25,1.12
2018.04.05 10:00:48.110,1.50532,1.50542,1.25,1.00
2018.04.05 10:00:48.271,1.50532,1.50544,1.25,1.87
2018.04.05 10:00:48.791,1.5053,1.50543,1.69,1.25
2018.04.05 10:00:49.152,1.50533,1.50545,1.25,3.00
2018.04.05 10:00:49.256,1.50535,1.50545,1.00,1.12
2018.04.05 10:00:50.108,1.50534,1.50544,1.12,1.00
2018.04.05 10:00:50.616,1.50535,1.50546,1.00,3.00
2018.04.05 10:00:51.147,1.50535,1.50546,1.00,1.69
2018.04.05 10:00:51.668,1.50535,1.50545,1.00,1.00
2018.04.05 10:00:51.978,1.50533,1.50543,1.12,1.00
2018.04.05 10:00:52.482,1.50533,1.50545,1.12,2.06
2018.04.05 10:00:54.118,1.50532,1.50545,1.31,2.06
2018.04.05 10:00:55.291,1.50533,1.50545,1.25,1.81
2018.04.05 10:00:55.770,1.50539,1.50548,1.19,1.31
2018.04.05 10:00:55.822,1.50541,1.50551,1.31,1.75
2018.04.05 10:00:55.875,1.50547,1.50557,1.25,3.19
2018.04.05 10:00:55.979,1.50547,1.50557,1.25,1.31
2018.04.05 10:00:56.136,1.50549,1.5056,1.25,1.12
2018.04.05 10:00:56.189,1.50543,1.50558,2.19,2.25
2018.04.05 10:00:56.242,1.50545,1.50558,1.50,2.25
2018.04.05 10:00:56.367,1.50544,1.50555,1.00,1.00
2018.04.05 10:00:56.904,1.50545,1.50557,1.25,1.56
2018.04.05 10:00:57.866,1.50545,1.50557,1.12,2.06
2018.04.05 10:00:58.598,1.50545,1.50558,1.50,2.06
2018.04.05 10:00:59.116,1.50546,1.50558,1.12,1.50
2018.04.05 10:00:59.783,1.50545,1.50558,1.50,1.12
2018.04.05 10:00:59.837,1.50544,1.50557,1.12,1.00
2018.04.05 10:00:59.894,1.50542,1.50556,2.25,1.87
2018.04.05 10:01:00.248,1.50545,1.50556,1.44,1.69
2018.04.05 10:01:01.024,1.50544,1.50558,1.81,2.81
2018.04.05 10:01:04.006,1.50546,1.50557,1.19,1.31
2018.04.05 10:01:04.356,1.50547,1.50559,3.56,1.25
2018.04.05 10:01:05.055,1.50547,1.50559,2.62,2.06
2018.04.05 10:01:05.109,1.50544,1.50555,1.81,1.94
2018.04.05 10:01:05.305,1.5054,1.50552,1.50,1.69
2018.04.05 10:01:05.575,1.50539,1.50551,1.12,1.19
2018.04.05 10:01:06.092,1.50536,1.5055,2.25,1.44
2018.04.05 10:01:06.400,1.50536,1.5055,2.25,1.44
2018.04.05 10:01:06.451,1.50536,1.5055,1.87,2.06
2018.04.05 10:01:06.604,1.50536,1.5055,1.31,2.06
2018.04.05 10:01:07.116,1.50536,1.5055,1.19,1.69
2018.04.05 10:01:07.473,1.50537,1.50549,1.25,1.19
2018.04.05 10:01:07.983,1.5054,1.50551,1.12,1.25
2018.04.05 10:01:08.289,1.50538,1.50551,1.31,1.56
2018.04.05 10:01:08.464,1.50538,1.5055,1.25,1.50
2018.04.05 10:01:08.879,1.50536,1.50549,1.19,1.44
2018.04.05 10:01:09.430,1.50536,1.50549,1.87,3.56
2018.04.05 10:01:09.794,1.50531,1.50544,1.69,1.19
2018.04.05 10:01:09.847,1.50532,1.50543,1.25,1.12
2018.04.05 10:01:10.107,1.50534,1.50545,1.25,3.56
2018.04.05 10:01:10.921,1.50533,1.50546,1.19,4.12
2018.04.05 10:01:11.231,1.50533,1.50546,1.56,1.69
2018.04.05 10:01:11.934,1.50533,1.50543,2.44,1.00
2018.04.05 10:01:12.292,1.50535,1.50547,1.31,1.87
2018.04.05 10:01:12.343,1.50535,1.50546,1.69,1.00
2018.04.05 10:01:12.700,1.50535,1.50548,1.69,3.00
2018.04.05 10:01:12.934,1.50535,1.50548,1.25,2.44
2018.04.05 10:01:13.036,1.50534,1.50548,2.44,2.62
2018.04.05 10:01:13.556,1.50534,1.50547,1.81,1.81
2018.04.05 10:01:13.609,1.50533,1.50546,2.06,1.25
2018.04.05 10:01:15.295,1.50537,1.50547,1.00,1.00
2018.04.05 10:01:15.601,1.50538,1.50549,1.44,1.00
2018.04.05 10:01:15.909,1.50536,1.50548,2.06,1.56
2018.04.05 10:01:16.085,1.50537,1.50549,1.19,2.06
2018.04.05 10:01:16.239,1.50536,1.50547,1.56,1.00
2018.04.05 10:01:16.861,1.50536,1.50547,1.31,1.00
2018.04.05 10:01:17.550,1.50536,1.50548,1.31,1.31
2018.04.05 10:01:18.097,1.50536,1.50547,2.25,1.00
2018.04.05 10:01:18.151,1.50539,1.5055,1.25,2.06
2018.04.05 10:01:18.667,1.50539,1.50549,1.25,1.00
2018.04.05 10:01:19.350,1.50539,1.50551,1.25,1.87
2018.04.05 10:01:19.901,1.50537,1.5055,1.50,1.31
2018.04.05 10:01:20.421,1.50537,1.50551,2.44,2.62
2018.04.05 10:01:21.567,1.50537,1.5055,2.25,1.69
2018.04.05 10:01:21.835,1.50536,1.50549,1.44,1.81
2018.04.05 10:01:24.045,1.50535,1.50547,2.00,1.25
2018.04.05 10:01:24.556,1.50535,1.50548,1.56,1.31
2018.04.05 10:01:25.094,1.50535,1.50547,1.56,1.00
2018.04.05 10:01:25.247,1.50535,1.50549,2.00,1.25
2018.04.05 10:01:25.553,1.50538,1.50549,2.00,1.00
2018.04.05 10:01:25.927,1.50538,1.50552,2.06,1.31
2018.04.05 10:01:27.097,1.50538,1.5055,2.81,1.00
2018.04.05 10:01:27.618,1.50538,1.50551,2.06,1.31
2018.04.05 10:01:27.831,1.50539,1.50549,1.37,1.00
2018.04.05 10:01:27.882,1.50539,1.50551,1.37,1.00
2018.04.05 10:01:28.054,1.50541,1.50553,1.00,1.12
2018.04.05 10:01:28.258,1.50538,1.50551,3.56,1.00
2018.04.05 10:01:29.728,1.50539,1.50552,1.12,1.69
2018.04.05 10:01:30.202,1.50538,1.50551,1.50,1.69
2018.04.05 10:01:30.470,1.50538,1.50551,1.50,1.00
2018.04.05 10:01:30.997,1.50538,1.50551,1.87,1.87
2018.04.05 10:01:32.435,1.50537,1.50551,1.50,2.06
2018.04.05 10:01:32.952,1.50537,1.50549,2.25,1.00
2018.04.05 10:01:34.926,1.50537,1.5055,1.81,1.31
2018.04.05 10:01:35.448,1.50537,1.50549,2.25,1.00
2018.04.05 10:01:35.995,1.50537,1.50551,1.50,1.37
2018.04.05 10:01:36.512,1.50538,1.50551,1.69,1.56
2018.04.05 10:01:37.600,1.50538,1.50552,1.69,2.44
2018.04.05 10:01:38.169,1.50536,1.50551,3.37,1.81
2018.04.05 10:01:38.221,1.50534,1.5054,1.50,1.19
2018.04.05 10:01:38.274,1.50531,1.50539,1.00,1.87
2018.04.05 10:01:38.394,1.50525,1.50535,1.00,1.00
2018.04.05 10:01:38.446,1.50521,1.50535,1.31,2.63
2018.04.05 10:01:38.603,1.50519,1.50532,1.50,1.81
2018.04.05 10:01:38.655,1.50519,1.50532,1.25,1.87
2018.04.05 10:01:39.169,1.50517,1.50532,1.81,3.75
2018.04.05 10:01:39.376,1.50515,1.50528,1.87,1.69
2018.04.05 10:01:39.897,1.50514,1.50528,1.31,1.12
2018.04.05 10:01:40.643,1.50513,1.50527,1.44,1.44
2018.04.05 10:01:41.693,1.50512,1.50526,1.87,1.62
2018.04.05 10:01:42.784,1.50512,1.50527,1.12,1.31
2018.04.05 10:01:42.838,1.50514,1.50527,1.37,1.31
2018.04.05 10:01:43.213,1.50511,1.50525,2.81,2.44
2018.04.05 10:01:43.282,1.5051,1.50524,1.12,1.50
2018.04.05 10:01:44.161,1.50509,1.50522,1.31,1.00
2018.04.05 10:01:44.667,1.50509,1.50522,1.37,1.25
2018.04.05 10:01:45.491,1.50509,1.50524,1.87,2.81
2018.04.05 10:01:45.595,1.50511,1.50525,1.19,3.19
2018.04.05 10:01:45.648,1.5051,1.50524,2.25,1.25
2018.04.05 10:01:46.166,1.5051,1.50525,1.87,1.19
2018.04.05 10:01:46.716,1.50511,1.50525,2.62,1.19
2018.04.05 10:01:48.107,1.50511,1.50526,1.37,1.69
2018.04.05 10:01:48.580,1.5051,1.50524,1.87,1.19
2018.04.05 10:01:48.889,1.50511,1.50524,1.19,1.50
2018.04.05 10:01:49.741,1.50511,1.50525,1.44,2.25
2018.04.05 10:01:50.419,1.50511,1.50524,1.50,1.00
2018.04.05 10:01:51.981,1.50511,1.50526,2.25,2.06
2018.04.05 10:01:52.239,1.50513,1.50526,1.37,1.69
2018.04.05 10:01:52.749,1.50513,1.50527,1.50,1.19
2018.04.05 10:01:53.345,1.50514,1.50528,1.00,1.87
2018.04.05 10:01:53.867,1.50513,1.50527,1.75,1.44
2018.04.05 10:01:54.401,1.50513,1.50527,1.81,1.44
2018.04.05 10:01:54.976,1.50513,1.50527,1.19,1.50
2018.04.05 10:01:55.842,1.50511,1.50526,1.19,2.25
2018.04.05 10:01:56.739,1.50514,1.50527,1.44,1.12
2018.04.05 10:01:57.049,1.50516,1.50526,1.12,1.00
2018.04.05 10:01:57.262,1.50516,1.50531,1.12,2.06
2018.04.05 10:01:57.776,1.50516,1.5053,2.81,1.25
2018.04.05 10:01:58.458,1.50517,1.50531,1.87,1.19
2018.04.05 10:01:59.341,1.50517,1.50532,1.81,1.69
2018.04.05 10:01:59.863,1.50518,1.50533,1.87,1.87
2018.04.05 10:02:00.176,1.50518,1.50533,1.19,2.25
2018.04.05 10:02:00.692,1.50518,1.50533,1.69,3.56
2018.04.05 10:02:00.901,1.50516,1.50531,2.81,1.44
2018.04.05 10:02:00.958,1.50516,1.50529,2.81,1.19
2018.04.05 10:02:02.707,1.50516,1.50529,2.06,1.19
2018.04.05 10:02:04.058,1.50516,1.50529,2.06,1.44
2018.04.05 10:02:07.189,1.50516,1.50528,1.19,1.12
2018.04.05 10:02:07.698,1.50515,1.50528,1.19,3.38
2018.04.05 10:02:09.541,1.50515,1.50527,1.19,1.19
2018.04.05 10:02:10.127,1.50515,1.50527,1.25,2.25
2018.04.05 10:02:10.487,1.50515,1.50526,1.25,1.19
2018.04.05 10:02:10.694,1.50513,1.50524,1.25,1.31
2018.04.05 10:02:10.832,1.50511,1.50523,1.25,2.19
2018.04.05 10:02:11.345,1.50511,1.50521,1.00,1.19
2018.04.05 10:02:11.881,1.5051,1.50521,1.25,1.19
2018.04.05 10:02:12.215,1.5051,1.50521,1.25,1.19
2018.04.05 10:02:12.524,1.5051,1.50521,1.87,1.19
2018.04.05 10:02:13.007,1.5051,1.50521,1.12,1.25
2018.04.05 10:02:13.059,1.5051,1.50523,1.12,1.12
2018.04.05 10:02:14.172,1.5051,1.50523,1.44,1.12
2018.04.05 10:02:15.088,1.50509,1.50523,2.06,1.81
2018.04.05 10:02:15.617,1.50509,1.50524,2.44,4.88
2018.04.05 10:02:16.160,1.50509,1.50523,2.44,1.81
2018.04.05 10:02:16.915,1.50509,1.50523,2.25,1.13
2018.04.05 10:02:18.061,1.50509,1.50522,1.25,1.19
2018.04.05 10:02:19.371,1.50507,1.50519,1.69,1.25
2018.04.05 10:02:20.315,1.50507,1.5052,1.31,1.19
2018.04.05 10:02:20.629,1.50509,1.5052,2.25,1.00
2018.04.05 10:02:21.139,1.50508,1.50523,1.31,2.25
2018.04.05 10:02:21.619,1.50509,1.50522,1.31,1.87
2018.04.05 10:02:23.373,1.50507,1.50522,1.31,1.50
2018.04.05 10:02:23.425,1.50507,1.50521,1.50,2.25
2018.04.05 10:02:24.162,1.50509,1.5052,2.00,1.00
2018.04.05 10:02:24.215,1.5051,1.50524,1.87,1.87
2018.04.05 10:02:24.267,1.5051,1.50524,1.87,1.87
2018.04.05 10:02:24.372,1.50507,1.50521,2.06,3.56
2018.04.05 10:02:24.476,1.50508,1.50521,1.12,2.81
2018.04.05 10:02:24.528,1.50508,1.50521,1.12,2.81
2018.04.05 10:02:25.071,1.50507,1.50521,2.44,1.25
2018.04.05 10:02:25.581,1.50508,1.50523,1.12,1.31
2018.04.05 10:02:25.735,1.50509,1.50523,1.69,1.31
2018.04.05 10:02:26.265,1.5051,1.50523,1.19,1.19
2018.04.05 10:02:26.814,1.5051,1.50523,1.44,1.31
2018.04.05 10:02:28.308,1.50512,1.50523,1.19,1.31
2018.04.05 10:02:28.633,1.50511,1.50523,1.56,1.31
2018.04.05 10:02:29.177,1.5051,1.50523,2.25,1.19
2018.04.05 10:02:29.516,1.50509,1.50523,1.81,1.31
2018.04.05 10:02:30.050,1.50508,1.50522,1.87,3.00
2018.04.05 10:02:30.548,1.50508,1.50522,1.87,1.50
2018.04.05 10:02:30.755,1.50508,1.50523,1.12,2.25
2018.04.05 10:02:31.013,1.50509,1.50522,1.50,1.12
2018.04.05 10:02:31.322,1.50513,1.50524,1.31,1.19
2018.04.05 10:02:33.256,1.50511,1.50525,1.87,1.69
2018.04.05 10:02:33.359,1.50512,1.50525,1.12,1.69
2018.04.05 10:02:33.870,1.50512,1.50522,1.87,1.00
2018.04.05 10:02:34.430,1.50513,1.50522,1.31,1.00
2018.04.05 10:02:34.483,1.50514,1.50526,1.19,1.31
2018.04.05 10:02:35.026,1.50516,1.50527,1.25,2.06
2018.04.05 10:02:35.916,1.50516,1.50527,1.25,2.06
2018.04.05 10:02:36.604,1.50515,1.50527,1.31,2.06
2018.04.05 10:02:37.119,1.50513,1.50526,1.81,1.69
2018.04.05 10:02:37.273,1.50513,1.50526,1.81,1.69
2018.04.05 10:02:37.780,1.50513,1.50526,2.25,2.81
2018.04.05 10:02:38.283,1.50513,1.50526,1.69,2.81
2018.04.05 10:02:38.798,1.50512,1.50524,2.25,1.00
2018.04.05 10:02:39.607,1.50512,1.50521,1.37,1.19
2018.04.05 10:02:39.659,1.50506,1.50519,1.44,2.06
2018.04.05 10:02:39.812,1.50505,1.50519,3.00,3.94
2018.04.05 10:02:40.484,1.50506,1.50518,1.31,1.94
2018.04.05 10:02:40.689,1.50505,1.50517,1.50,1.19
2018.04.05 10:02:40.741,1.50505,1.50517,1.31,1.31
2018.04.05 10:02:40.920,1.50503,1.50516,1.25,1.31
2018.04.05 10:02:41.437,1.50503,1.50514,1.31,1.00
2018.04.05 10:02:41.948,1.50503,1.50514,2.06,1.00
2018.04.05 10:02:42.474,1.50504,1.50517,1.12,1.56
2018.04.05 10:02:42.627,1.50504,1.50517,1.56,1.62
2018.04.05 10:02:43.035,1.50506,1.50516,1.56,1.00
2018.04.05 10:02:44.508,1.50505,1.50516,1.87,1.00
2018.04.05 10:02:44.561,1.50506,1.50519,1.31,1.25
2018.04.05 10:02:44.944,1.5051,1.50519,1.12,1.00
2018.04.05 10:02:44.997,1.5051,1.50521,1.12,1.31
2018.04.05 10:02:46.770,1.5051,1.50521,1.81,1.00
2018.04.05 10:02:47.298,1.50511,1.50521,1.56,1.19
2018.04.05 10:02:47.840,1.50511,1.50522,1.31,1.69
2018.04.05 10:02:50.377,1.50509,1.50522,1.12,1.56
2018.04.05 10:02:51.592,1.50509,1.50519,1.87,1.00
2018.04.05 10:02:51.696,1.50507,1.5052,1.50,2.62
2018.04.05 10:02:52.073,1.50508,1.5052,1.37,1.50
2018.04.05 10:02:52.582,1.50509,1.5052,1.50,1.00
2018.04.05 10:02:57.085,1.50507,1.5052,2.06,1.25
2018.04.05 10:03:00.203,1.50508,1.5052,1.31,2.06
2018.04.05 10:03:01.717,1.50506,1.50519,2.06,1.50
2018.04.05 10:03:02.038,1.5051,1.50521,1.50,1.00
2018.04.05 10:03:02.548,1.50509,1.50522,2.25,1.50
2018.04.05 10:03:05.912,1.50509,1.50522,1.44,1.12
2018.04.05 10:03:06.420,1.50509,1.50522,1.37,1.12
2018.04.05 10:03:07.515,1.50509,1.50521,1.37,1.00
2018.04.05 10:03:08.545,1.5051,1.50521,2.25,1.25
2018.04.05 10:03:08.862,1.50511,1.50525,1.50,2.44
2018.04.05 10:03:09.129,1.50501,1.50513,1.69,1.25
2018.04.05 10:03:09.261,1.50498,1.50513,2.25,3.56
2018.04.05 10:03:09.573,1.505,1.50515,2.81,3.00
2018.04.05 10:03:10.309,1.50504,1.50517,1.31,1.44
2018.04.05 10:03:10.622,1.50501,1.50514,1.44,2.25
2018.04.05 10:03:11.425,1.50503,1.50514,1.31,1.00
2018.04.05 10:03:11.476,1.50502,1.50516,2.44,1.69
2018.04.05 10:03:11.731,1.50503,1.50516,1.19,1.44
2018.04.05 10:03:13.891,1.50503,1.50516,1.25,1.50
2018.04.05 10:03:14.439,1.50502,1.50516,1.87,2.62
2018.04.05 10:03:14.492,1.50502,1.50516,1.00,2.06
2018.04.05 10:03:15.005,1.50501,1.50515,1.12,1.50
2018.04.05 10:03:15.680,1.50502,1.50514,1.00,1.00
2018.04.05 10:03:15.733,1.50501,1.50515,1.19,3.00
2018.04.05 10:03:16.251,1.50501,1.50515,1.25,3.37
2018.04.05 10:03:16.795,1.505,1.50515,2.25,3.75
2018.04.05 10:03:19.011,1.505,1.50514,1.81,1.37
2018.04.05 10:03:21.074,1.505,1.50515,1.69,3.75
2018.04.05 10:03:21.584,1.50499,1.50514,1.87,1.37
2018.04.05 10:03:22.684,1.50499,1.50514,3.00,1.37
2018.04.05 10:03:23.230,1.50499,1.50514,2.25,1.12
2018.04.05 10:03:24.331,1.50499,1.5051,1.44,1.00
2018.04.05 10:03:24.977,1.50497,1.50511,1.87,1.19
2018.04.05 10:03:25.551,1.50498,1.50512,1.12,1.50
2018.04.05 10:03:26.079,1.50498,1.50512,1.12,1.87
2018.04.05 10:03:27.044,1.50498,1.50512,1.12,1.31
2018.04.05 10:03:29.203,1.50499,1.50511,1.00,1.87
2018.04.05 10:03:29.611,1.50496,1.50509,1.12,1.31
2018.04.05 10:03:29.803,1.50492,1.50506,1.12,1.12
2018.04.05 10:03:30.166,1.50492,1.50506,1.44,1.25
2018.04.05 10:03:30.679,1.50492,1.50506,1.25,1.00
2018.04.05 10:03:30.783,1.50492,1.50506,2.06,1.37
2018.04.05 10:03:31.333,1.50493,1.50508,1.50,2.25
2018.04.05 10:03:33.366,1.50493,1.50508,2.25,2.06
2018.04.05 10:03:33.897,1.50494,1.50508,1.19,1.87
2018.04.05 10:03:34.208,1.50493,1.50508,1.87,2.25
2018.04.05 10:03:34.259,1.50494,1.50508,1.19,1.87
2018.04.05 10:03:36.061,1.50494,1.50508,1.12,2.25
2018.04.05 10:03:37.226,1.50493,1.50508,1.00,2.25
2018.04.05 10:03:37.768,1.50492,1.50506,1.50,1.37
2018.04.05 10:03:38.311,1.50492,1.50507,1.87,2.25
2018.04.05 10:03:38.868,1.50493,1.50507,1.50,1.50
2018.04.05 10:03:40.355,1.50494,1.50507,2.06,1.75
2018.04.05 10:03:40.872,1.50494,1.50507,1.12,1.12
2018.04.05 10:03:41.659,1.50494,1.50508,1.19,2.62
2018.04.05 10:03:41.711,1.50493,1.50507,2.19,1.00
2018.04.05 10:03:42.785,1.50494,1.50508,1.81,1.87
2018.04.05 10:03:43.335,1.50494,1.50508,1.50,2.25
2018.04.05 10:03:43.804,1.50494,1.50508,1.37,2.44
2018.04.05 10:03:44.279,1.50502,1.5051,1.19,1.25
2018.04.05 10:03:44.331,1.50502,1.50514,1.50,1.31
2018.04.05 10:03:44.879,1.50503,1.50514,1.81,1.00
2018.04.05 10:03:46.128,1.50505,1.50514,1.44,1.00
2018.04.05 10:03:46.181,1.50508,1.5052,1.50,1.44
2018.04.05 10:03:46.877,1.50507,1.5052,1.37,1.25
2018.04.05 10:03:47.533,1.50508,1.5052,1.37,1.25
2018.04.05 10:03:47.948,1.50509,1.5052,1.56,1.00
2018.04.05 10:03:49.099,1.5051,1.5052,1.12,1.00
2018.04.05 10:03:49.805,1.50511,1.5052,1.81,1.00
2018.04.05 10:03:50.236,1.50511,1.50524,1.87,1.19
2018.04.05 10:03:50.805,1.50515,1.50524,2.25,1.00
2018.04.05 10:03:51.369,1.50518,1.50526,1.25,1.19
2018.04.05 10:03:51.886,1.50517,1.50526,1.19,1.25
2018.04.05 10:03:52.424,1.50518,1.50526,1.31,1.25
2018.04.05 10:03:52.947,1.50518,1.50526,1.56,1.25
2018.04.05 10:03:53.652,1.50517,1.50526,2.25,1.19
2018.04.05 10:03:54.167,1.50515,1.50526,2.25,1.12
2018.04.05 10:03:54.322,1.50515,1.50526,2.25,1.31
2018.04.05 10:03:55.033,1.50515,1.50526,1.81,1.00
2018.04.05 10:03:56.750,1.50517,1.50526,1.56,1.00
2018.04.05 10:03:57.322,1.50517,1.50529,1.56,1.19
2018.04.05 10:04:04.091,1.50518,1.50531,1.31,3.00
2018.04.05 10:04:05.150,1.50518,1.5053,1.69,1.31
2018.04.05 10:04:05.675,1.50518,1.5053,1.81,1.44
2018.04.05 10:04:06.404,1.50518,1.5053,2.25,1.69
2018.04.05 10:04:06.915,1.50518,1.5053,2.25,1.19
2018.04.05 10:04:07.461,1.50516,1.50531,2.00,3.37
2018.04.05 10:04:09.049,1.50516,1.50531,2.44,5.06
2018.04.05 10:04:14.214,1.50516,1.5053,2.06,3.94
2018.04.05 10:04:15.739,1.50515,1.5053,2.44,4.88
2018.04.05 10:04:17.569,1.50516,1.50527,1.31,1.00
2018.04.05 10:04:18.848,1.50516,1.50528,2.06,1.25
2018.04.05 10:04:19.046,1.50516,1.50528,1.50,1.25
2018.04.05 10:04:19.898,1.50515,1.50529,2.25,1.31
2018.04.05 10:04:20.208,1.50518,1.50531,1.31,2.81
2018.04.05 10:04:20.728,1.50517,1.50531,1.87,2.44
2018.04.05 10:04:23.030,1.50516,1.50528,2.25,2.44
2018.04.05 10:04:23.238,1.50516,1.50527,1.31,1.25
2018.04.05 10:04:24.367,1.50515,1.50529,2.00,4.12
2018.04.05 10:04:24.885,1.50516,1.50529,1.50,3.00
2018.04.05 10:04:25.410,1.50516,1.50528,1.31,1.19
2018.04.05 10:04:25.512,1.50517,1.50528,1.12,1.19
2018.04.05 10:04:26.031,1.50517,1.50529,1.31,1.69
2018.04.05 10:04:27.209,1.50517,1.50529,1.56,2.81
2018.04.05 10:04:27.755,1.50515,1.50526,1.12,1.31
2018.04.05 10:04:28.272,1.50515,1.50524,1.87,2.06
2018.04.05 10:04:28.566,1.50515,1.50524,1.87,1.00
2018.04.05 10:04:29.084,1.50515,1.50527,1.31,2.25
2018.04.05 10:04:30.008,1.50514,1.50527,2.44,2.81
2018.04.05 10:04:30.061,1.50515,1.50524,1.31,1.56
2018.04.05 10:04:30.578,1.50513,1.50525,1.81,1.87
2018.04.05 10:04:31.433,1.50513,1.50523,1.81,1.56
2018.04.05 10:04:33.051,1.50512,1.50524,1.12,1.69
2018.04.05 10:04:33.948,1.5051,1.50524,1.19,4.69
2018.04.05 10:04:36.055,1.50508,1.50523,2.00,5.06
2018.04.05 10:04:36.210,1.50508,1.50519,1.12,1.56
2018.04.05 10:04:36.261,1.50506,1.50519,1.87,1.56
2018.04.05 10:04:37.220,1.50506,1.50519,2.06,1.25
2018.04.05 10:04:37.425,1.50505,1.50519,1.50,1.25
2018.04.05 10:04:38.390,1.50506,1.50519,2.06,1.25
2018.04.05 10:04:38.850,1.50506,1.50516,1.87,1.19
2018.04.05 10:04:38.938,1.50506,1.50516,1.19,1.19
2018.04.05 10:04:39.490,1.50506,1.50514,1.19,1.62
2018.04.05 10:04:39.696,1.50505,1.50516,1.50,1.19
2018.04.05 10:04:40.039,1.50502,1.50516,2.06,2.44
2018.04.05 10:04:43.921,1.50503,1.50516,1.31,2.06
2018.04.05 10:04:45.981,1.50503,1.50516,1.56,1.69
2018.04.05 10:04:47.279,1.50503,1.50516,1.31,1.19
2018.04.05 10:04:47.640,1.50502,1.50516,2.06,1.87
2018.04.05 10:04:47.692,1.50502,1.50516,2.06,1.87
2018.04.05 10:04:48.206,1.50502,1.50516,1.87,1.87
2018.04.05 10:04:54.837,1.50503,1.50517,1.37,1.12
2018.04.05 10:04:55.093,1.50506,1.5052,1.50,1.12
2018.04.05 10:05:00.128,1.50505,1.5052,2.81,1.31
2018.04.05 10:05:00.180,1.50506,1.5052,1.19,2.25
2018.04.05 10:05:00.387,1.50505,1.5052,2.06,1.50
2018.04.05 10:05:00.965,1.50507,1.50521,1.12,1.50
2018.04.05 10:05:01.432,1.5051,1.50522,1.00,1.25
2018.04.05 10:05:01.586,1.5051,1.50524,1.37,1.50
2018.04.05 10:05:01.792,1.50512,1.50524,1.50,1.25
2018.04.05 10:05:02.504,1.50513,1.50526,1.69,3.00
2018.04.05 10:05:03.035,1.50512,1.50525,3.19,1.19
2018.04.05 10:05:03.539,1.50513,1.50527,1.19,3.56
2018.04.05 10:05:04.728,1.50515,1.50525,1.12,1.19
2018.04.05 10:05:05.937,1.50511,1.50523,2.00,1.69
2018.04.05 10:05:06.041,1.50507,1.50518,2.06,1.00
2018.04.05 10:05:06.094,1.50507,1.5052,2.44,1.25
2018.04.05 10:05:07.238,1.50509,1.50521,1.12,1.69
2018.04.05 10:05:07.832,1.50508,1.50521,1.87,1.31
2018.04.05 10:05:09.461,1.50509,1.50521,2.00,1.31
2018.04.05 10:05:10.539,1.50508,1.5052,3.00,1.50
2018.04.05 10:05:11.573,1.50508,1.50518,1.81,1.19
2018.04.05 10:05:11.625,1.50507,1.50519,1.81,1.69
2018.04.05 10:05:11.729,1.50507,1.50518,1.12,1.69
2018.04.05 10:05:12.102,1.50507,1.50518,1.87,1.69
2018.04.05 10:05:12.779,1.50507,1.50518,1.87,1.69
2018.04.05 10:05:13.325,1.50507,1.50519,1.12,4.69
2018.04.05 10:05:14.627,1.50506,1.50518,1.69,2.81
2018.04.05 10:05:16.857,1.50503,1.50516,2.06,1.19
2018.04.05 10:05:18.631,1.50503,1.50516,2.81,2.44
2018.04.05 10:05:19.166,1.50503,1.50516,2.81,1.69
2018.04.05 10:05:21.708,1.50503,1.50516,2.81,3.19
2018.04.05 10:05:24.189,1.50503,1.50516,2.06,1.69
2018.04.05 10:05:25.000,1.50503,1.50516,2.06,1.69
2018.04.05 10:05:25.539,1.50503,1.50515,2.81,1.62
2018.04.05 10:05:27.267,1.50503,1.50517,2.06,2.81
2018.04.05 10:05:27.319,1.50506,1.5052,1.37,5.06
2018.04.05 10:05:27.424,1.50505,1.50519,2.25,1.69
2018.04.05 10:05:27.739,1.50509,1.50523,1.87,1.62
2018.04.05 10:05:27.793,1.50508,1.50519,2.62,1.19
2018.04.05 10:05:27.885,1.50508,1.50519,1.69,1.19
2018.04.05 10:05:28.098,1.50516,1.50522,1.31,1.00
2018.04.05 10:05:28.204,1.50515,1.50523,1.31,1.25
2018.04.05 10:05:28.256,1.50515,1.50523,1.81,1.25
2018.04.05 10:05:28.308,1.50515,1.50524,2.62,1.25
2018.04.05 10:05:28.359,1.50513,1.50521,1.19,1.25
2018.04.05 10:05:28.462,1.50513,1.50524,2.25,1.19
2018.04.05 10:05:28.616,1.50513,1.50522,1.31,1.25
2018.04.05 10:05:28.670,1.50516,1.50527,1.19,1.25
2018.04.05 10:05:28.791,1.50516,1.50527,1.87,1.25
2018.04.05 10:05:28.954,1.50512,1.50524,1.19,1.69
2018.04.05 10:05:29.007,1.50513,1.50522,1.56,1.25
2018.04.05 10:05:29.884,1.50511,1.50523,3.37,1.19
2018.04.05 10:05:30.173,1.50511,1.50525,3.56,1.19
2018.04.05 10:05:30.281,1.50516,1.50528,1.44,2.06
2018.04.05 10:05:30.335,1.50518,1.50529,1.12,1.25
2018.04.05 10:05:30.648,1.50521,1.50531,1.19,1.25
2018.04.05 10:05:31.174,1.5052,1.50531,2.25,1.25
2018.04.05 10:05:31.707,1.50525,1.50535,3.00,1.25
2018.04.05 10:05:31.759,1.50527,1.50537,1.56,1.25
2018.04.05 10:05:31.811,1.50528,1.50537,2.25,1.25
2018.04.05 10:05:32.066,1.50526,1.50535,1.19,1.25
2018.04.05 10:05:32.475,1.50527,1.50535,1.12,1.25
2018.04.05 10:05:32.717,1.50522,1.50533,1.69,1.19
2018.04.05 10:05:32.977,1.50522,1.50531,2.06,1.19
2018.04.05 10:05:33.082,1.50522,1.50531,1.25,1.19
2018.04.05 10:05:33.135,1.5052,1.50529,2.62,1.25
2018.04.05 10:05:34.065,1.50519,1.50529,2.44,1.25
2018.04.05 10:05:36.758,1.5052,1.50532,1.69,1.19
2018.04.05 10:05:37.119,1.50523,1.50531,1.12,1.25
2018.04.05 10:05:37.172,1.50525,1.50536,2.25,1.56
2018.04.05 10:05:37.276,1.5053,1.50537,1.56,1.19
2018.04.05 10:05:37.381,1.50524,1.50534,2.06,1.19
2018.04.05 10:05:37.433,1.50523,1.50534,1.19,1.19
2018.04.05 10:05:37.807,1.50523,1.50532,1.19,1.19
2018.04.05 10:05:38.330,1.50521,1.5053,2.44,1.25
2018.04.05 10:05:38.381,1.50521,1.50529,2.06,1.19
2018.04.05 10:05:38.433,1.50519,1.50527,1.69,1.25
2018.04.05 10:05:39.110,1.50518,1.50529,1.56,1.25
2018.04.05 10:05:39.689,1.50518,1.50533,1.56,3.00
2018.04.05 10:05:40.205,1.50518,1.50533,1.31,3.38
2018.04.05 10:05:42.415,1.50518,1.50532,1.31,1.37
2018.04.05 10:05:43.777,1.50516,1.50532,2.62,1.12
2018.04.05 10:05:44.493,1.50516,1.50532,2.25,3.19
2018.04.05 10:05:45.133,1.50517,1.50531,1.50,1.87
2018.04.05 10:05:45.237,1.50517,1.5053,1.69,1.56
2018.04.05 10:05:45.340,1.50517,1.5053,1.56,1.31
2018.04.05 10:05:48.932,1.50517,1.50531,1.56,1.12
2018.04.05 10:05:52.212,1.50517,1.5053,1.19,1.69
2018.04.05 10:05:52.368,1.50515,1.50528,1.31,1.19
2018.04.05 10:05:53.518,1.50514,1.50528,1.12,1.44
2018.04.05 10:05:54.183,1.50513,1.50528,3.19,2.06
2018.04.05 10:05:54.968,1.50513,1.50528,1.87,2.25
2018.04.05 10:05:56.252,1.50513,1.50528,2.62,2.62
2018.04.05 10:05:56.355,1.50513,1.50528,1.50,1.31
2018.04.05 10:05:56.512,1.50516,1.5053,1.31,1.50
2018.04.05 10:05:56.721,1.50513,1.50529,4.50,1.75
2018.04.05 10:05:57.186,1.50519,1.50529,2.25,1.00
2018.04.05 10:05:57.350,1.50515,1.50529,1.75,1.12
2018.04.05 10:05:58.556,1.50515,1.5053,1.37,4.50
2018.04.05 10:05:59.659,1.50514,1.50529,1.75,1.87
2018.04.05 10:05:59.926,1.50519,1.50532,1.25,1.87
2018.04.05 10:05:59.979,1.50519,1.50531,1.31,1.63
2018.04.05 10:06:00.032,1.50519,1.50532,1.19,1.50
2018.04.05 10:06:00.563,1.50517,1.50531,1.00,2.25
2018.04.05 10:06:04.080,1.50513,1.50527,3.56,1.69
2018.04.05 10:06:04.585,1.50516,1.50527,1.31,2.25
2018.04.05 10:06:05.223,1.50511,1.5052,1.12,1.12
2018.04.05 10:06:05.381,1.50509,1.5052,1.00,1.31
2018.04.05 10:06:06.696,1.50507,1.50521,1.00,2.81
2018.04.05 10:06:07.461,1.50506,1.5052,2.81,1.12
2018.04.05 10:06:08.294,1.50507,1.50519,1.12,1.00
2018.04.05 10:06:11.042,1.50506,1.50518,1.00,1.50
2018.04.05 10:06:11.198,1.50498,1.50511,1.19,1.19
2018.04.05 10:06:11.839,1.50496,1.50511,2.81,2.25
2018.04.05 10:06:12.340,1.50497,1.50511,1.69,3.94
2018.04.05 10:06:12.445,1.50498,1.50513,1.87,1.87
2018.04.05 10:06:12.955,1.50499,1.50514,1.75,1.37
2018.04.05 10:06:13.498,1.505,1.50514,1.00,1.12
2018.04.05 10:06:14.291,1.505,1.50515,1.44,2.62
2018.04.05 10:06:16.251,1.505,1.50514,1.50,1.31
2018.04.05 10:06:16.413,1.50498,1.5051,1.25,1.87
2018.04.05 10:06:21.303,1.50495,1.50509,1.69,1.56
2018.04.05 10:06:21.356,1.50496,1.5051,1.37,2.25
2018.04.05 10:06:21.409,1.50498,1.50512,1.37,1.50
2018.04.05 10:06:22.003,1.50499,1.50513,3.00,1.31
2018.04.05 10:06:22.054,1.50502,1.50517,1.75,1.12
2018.04.05 10:06:22.563,1.50505,1.50521,1.12,1.12
2018.04.05 10:06:22.869,1.50506,1.5052,1.69,1.19
2018.04.05 10:06:22.920,1.50506,1.50521,1.12,2.63
2018.04.05 10:06:22.971,1.50505,1.50517,2.06,1.44
2018.04.05 10:06:23.092,1.50501,1.50514,1.50,1.37
2018.04.05 10:06:23.659,1.505,1.50515,1.12,1.87
2018.04.05 10:06:26.410,1.50501,1.50515,1.25,2.25
2018.04.05 10:06:27.414,1.505,1.50515,3.37,1.87
2018.04.05 10:06:28.002,1.50501,1.50515,1.38,1.50
2018.04.05 10:06:28.504,1.50501,1.50516,1.63,1.87
2018.04.05 10:06:30.550,1.50503,1.50516,1.00,1.12
2018.04.05 10:06:30.645,1.50504,1.50518,1.25,1.12
2018.04.05 10:06:30.697,1.50505,1.50519,1.31,1.37
2018.04.05 10:06:30.908,1.505,1.50514,1.00,2.25
2018.04.05 10:06:31.062,1.50498,1.50511,1.19,1.69
2018.04.05 10:06:31.576,1.50495,1.50509,3.00,1.00
2018.04.05 10:06:31.891,1.50492,1.50507,1.56,1.31
2018.04.05 10:06:33.026,1.50494,1.50507,1.25,2.06
2018.04.05 10:06:36.839,1.50492,1.50507,3.37,1.19
2018.04.05 10:06:37.408,1.50492,1.50507,3.37,1.37
2018.04.05 10:06:41.437,1.50497,1.50509,1.19,1.00
2018.04.05 10:06:41.778,1.50498,1.50512,1.31,1.50
2018.04.05 10:06:42.244,1.50494,1.5051,6.00,1.50
2018.04.05 10:06:42.354,1.50491,1.50506,3.94,1.87
2018.04.05 10:06:42.406,1.5049,1.50505,1.31,2.25
2018.04.05 10:06:42.459,1.5049,1.50504,1.00,2.25
2018.04.05 10:06:42.511,1.5049,1.50504,1.00,2.25
2018.04.05 10:06:42.666,1.5049,1.50503,1.19,2.06
2018.04.05 10:06:43.347,1.5049,1.50503,1.50,1.31
2018.04.05 10:06:44.897,1.5049,1.50503,1.31,1.87
2018.04.05 10:06:44.948,1.50488,1.50502,1.31,1.50
2018.04.05 10:06:45.051,1.50486,1.50501,4.12,1.50
2018.04.05 10:06:45.307,1.50479,1.50491,1.00,1.44
2018.04.05 10:06:45.455,1.50475,1.50488,1.25,1.37
2018.04.05 10:06:45.868,1.50475,1.50488,1.25,1.37
2018.04.05 10:06:45.971,1.50476,1.50491,1.31,4.12
2018.04.05 10:06:46.226,1.50475,1.50491,1.75,1.37
2018.04.05 10:06:46.575,1.50478,1.50493,1.37,2.25
2018.04.05 10:06:46.888,1.50481,1.50495,1.44,1.50
2018.04.05 10:06:47.443,1.50481,1.50496,1.87,1.87
2018.04.05 10:06:48.919,1.50485,1.50498,2.62,1.25
2018.04.05 10:06:48.972,1.50486,1.505,1.56,1.12
2018.04.05 10:06:49.494,1.50486,1.50501,2.25,1.81
2018.04.05 10:06:50.093,1.50486,1.50499,1.87,1.19
2018.04.05 10:06:51.640,1.50486,1.50501,1.50,1.87
2018.04.05 10:06:51.897,1.50483,1.50497,1.50,1.12
2018.04.05 10:06:52.443,1.50483,1.50497,1.75,1.12
2018.04.05 10:06:53.065,1.50484,1.50498,1.50,1.12
2018.04.05 10:06:53.585,1.50484,1.50499,1.56,1.81
2018.04.05 10:06:53.637,1.50483,1.50499,1.12,2.25
2018.04.05 10:06:53.693,1.50483,1.50499,2.06,1.37
2018.04.05 10:06:53.780,1.50482,1.50496,3.75,1.19
2018.04.05 10:06:53.840,1.50481,1.50495,1.31,2.44
2018.04.05 10:06:54.656,1.50481,1.50495,1.69,1.12
2018.04.05 10:06:55.316,1.50479,1.50492,1.56,1.50
2018.04.05 10:06:55.492,1.5048,1.50495,1.87,1.44
2018.04.05 10:06:55.752,1.50481,1.50496,1.75,1.44
2018.04.05 10:06:56.269,1.50482,1.50498,2.00,3.37
2018.04.05 10:06:56.630,1.50481,1.50496,1.12,1.44
2018.04.05 10:06:57.138,1.50481,1.50497,1.87,1.75
2018.04.05 10:06:57.992,1.50482,1.50497,1.75,2.25
2018.04.05 10:06:58.045,1.50483,1.50498,1.37,1.87
2018.04.05 10:06:58.097,1.50482,1.50497,1.87,1.44
2018.04.05 10:06:58.464,1.50483,1.50497,2.06,1.00
2018.04.05 10:06:58.777,1.50485,1.50498,1.00,1.50
2018.04.05 10:06:58.983,1.50485,1.50497,1.37,1.00
2018.04.05 10:06:59.431,1.50484,1.50501,1.50,4.87
2018.04.05 10:06:59.483,1.50486,1.50501,1.37,3.37
2018.04.05 10:07:00.212,1.50488,1.50501,1.19,4.12
2018.04.05 10:07:00.682,1.50488,1.50502,1.87,1.31
2018.04.05 10:07:01.229,1.50489,1.50503,1.12,1.69
2018.04.05 10:07:01.643,1.50487,1.50502,1.94,2.25
2018.04.05 10:07:01.850,1.50485,1.50499,4.12,1.81
2018.04.05 10:07:02.366,1.50485,1.50499,1.12,1.50
2018.04.05 10:07:02.880,1.50485,1.50499,3.00,1.12
2018.04.05 10:07:02.932,1.50484,1.50497,2.06,1.19
2018.04.05 10:07:03.085,1.50483,1.50496,2.06,1.87
2018.04.05 10:07:03.600,1.50484,1.50499,1.56,2.62
2018.04.05 10:07:04.979,1.50484,1.50499,1.56,2.19
2018.04.05 10:07:05.603,1.50484,1.505,1.69,1.75
2018.04.05 10:07:06.119,1.50484,1.505,1.31,3.00
2018.04.05 10:07:06.701,1.50485,1.50499,1.19,1.69
2018.04.05 10:07:07.159,1.50485,1.505,2.06,1.19
2018.04.05 10:07:07.983,1.50487,1.50501,1.44,1.12
2018.04.05 10:07:08.384,1.50486,1.50501,1.56,1.44
2018.04.05 10:07:08.436,1.50485,1.505,1.31,2.44
2018.04.05 10:07:08.695,1.50484,1.50498,1.19,1.44
2018.04.05 10:07:08.800,1.50485,1.50499,1.12,1.00
2018.04.05 10:07:09.487,1.50486,1.50499,1.44,1.19
2018.04.05 10:07:16.301,1.50485,1.50501,3.00,1.50
2018.04.05 10:07:16.610,1.50487,1.50501,1.87,2.25
2018.04.05 10:07:16.662,1.50488,1.50503,1.19,2.62
2018.04.05 10:07:18.680,1.50488,1.505,1.12,1.37
2018.04.05 10:07:19.456,1.50489,1.505,1.00,1.19
2018.04.05 10:07:20.396,1.50488,1.50502,3.00,1.50
2018.04.05 10:07:21.291,1.50488,1.505,2.19,1.25
2018.04.05 10:07:21.601,1.50489,1.50499,1.25,1.25
2018.04.05 10:07:22.124,1.50488,1.50499,1.56,1.25
2018.04.05 10:07:22.833,1.50487,1.50495,1.25,1.25
2018.04.05 10:07:22.945,1.50487,1.505,1.31,1.25
2018.04.05 10:07:22.998,1.50491,1.50502,1.19,1.19
2018.04.05 10:07:23.051,1.50491,1.50503,1.56,1.25
2018.04.05 10:07:23.104,1.50494,1.50506,1.37,1.25
2018.04.05 10:07:23.417,1.50493,1.50501,1.25,1.25
2018.04.05 10:07:24.272,1.5049,1.50501,2.06,1.25
2018.04.05 10:07:24.596,1.5049,1.50499,1.37,1.25
2018.04.05 10:07:25.130,1.50489,1.50499,1.56,1.19
2018.04.05 10:07:25.233,1.50489,1.50501,1.56,1.19
2018.04.05 10:07:25.285,1.50489,1.50501,2.19,1.19
2018.04.05 10:07:25.787,1.50493,1.50504,1.12,1.25
2018.04.05 10:07:25.969,1.50494,1.50508,1.87,1.87
2018.04.05 10:07:26.229,1.50495,1.50505,2.06,1.19
2018.04.05 10:07:26.798,1.50495,1.50506,2.06,1.19
2018.04.05 10:07:27.733,1.50497,1.50506,1.12,1.19
2018.04.05 10:07:27.784,1.50497,1.5051,1.87,1.87
2018.04.05 10:07:27.835,1.50498,1.5051,1.37,1.50
2018.04.05 10:07:28.894,1.50499,1.50511,1.87,1.50
2018.04.05 10:07:29.257,1.505,1.50511,2.00,1.19
2018.04.05 10:07:29.786,1.50502,1.50512,1.87,1.44
2018.04.05 10:07:30.299,1.50503,1.50511,1.37,1.19
2018.04.05 10:07:30.804,1.50503,1.50513,1.00,1.19
2018.04.05 10:07:30.908,1.50502,1.50515,3.00,1.50
2018.04.05 10:07:31.012,1.50504,1.50513,1.69,1.19
2018.04.05 10:07:32.437,1.50503,1.50513,1.31,1.19
2018.04.05 10:07:33.559,1.50504,1.50515,1.12,1.19
2018.04.05 10:07:34.280,1.50504,1.50517,1.12,1.19
2018.04.05 10:07:34.385,1.50505,1.50514,1.00,1.25
2018.04.05 10:07:34.437,1.50505,1.50517,1.19,1.19
2018.04.05 10:07:34.694,1.50505,1.50513,1.00,1.25
2018.04.05 10:07:35.198,1.50504,1.50513,2.06,1.25
2018.04.05 10:07:38.177,1.50504,1.50518,1.62,1.37
2018.04.05 10:07:38.934,1.50503,1.50519,4.50,1.75
2018.04.05 10:07:39.458,1.50503,1.50516,1.19,1.50
2018.04.05 10:07:39.510,1.50503,1.50517,1.50,1.37
2018.04.05 10:07:39.563,1.50502,1.50519,3.37,2.44
2018.04.05 10:07:39.616,1.50505,1.50517,1.50,1.37
2018.04.05 10:07:39.670,1.50502,1.50518,2.62,1.50
2018.04.05 10:07:39.824,1.50502,1.50516,1.69,1.56
2018.04.05 10:07:40.138,1.50509,1.50523,1.19,1.81
2018.04.05 10:07:40.243,1.50509,1.50525,1.87,1.44
2018.04.05 10:07:41.144,1.50509,1.50523,1.87,1.25
2018.04.05 10:07:42.863,1.50509,1.50525,1.87,1.12
2018.04.05 10:07:42.915,1.50509,1.50526,2.81,2.25
2018.04.05 10:07:44.086,1.50509,1.50525,2.06,1.50
2018.04.05 10:07:44.648,1.50509,1.50526,2.44,2.62
2018.04.05 10:07:46.445,1.50516,1.50528,1.31,1.19
2018.04.05 10:07:46.498,1.50517,1.50531,2.19,1.31
2018.04.05 10:07:46.551,1.50519,1.50534,1.63,1.44
2018.04.05 10:07:47.064,1.50521,1.50536,1.12,1.87
2018.04.05 10:07:52.633,1.5052,1.50533,1.81,1.12
2018.04.05 10:07:52.944,1.50518,1.50532,1.37,1.50
2018.04.05 10:07:53.717,1.50517,1.50531,2.62,1.25
2018.04.05 10:07:54.260,1.50517,1.50529,2.25,1.00
2018.04.05 10:07:54.780,1.50517,1.50531,2.25,1.19
2018.04.05 10:07:55.210,1.50514,1.5053,2.25,1.87
2018.04.05 10:07:55.367,1.50514,1.50531,2.25,4.87
2018.04.05 10:07:55.888,1.50516,1.50531,1.12,1.44
2018.04.05 10:07:55.941,1.50517,1.50531,2.25,1.50
2018.04.05 10:07:56.097,1.5052,1.50535,1.56,1.50
2018.04.05 10:07:56.247,1.50519,1.50533,1.25,1.50
2018.04.05 10:07:56.299,1.5052,1.50533,1.00,1.12
2018.04.05 10:07:56.816,1.50518,1.50533,1.19,1.75
2018.04.05 10:07:57.644,1.50519,1.50533,1.31,1.50
2018.04.05 10:07:57.880,1.50519,1.50536,2.81,1.12
2018.04.05 10:07:58.139,1.5052,1.50536,3.00,1.44
2018.04.05 10:07:58.192,1.50522,1.50536,1.00,1.00
2018.04.05 10:07:58.348,1.50522,1.50537,1.12,1.69
2018.04.05 10:07:58.978,1.50521,1.50536,1.19,1.19
2018.04.05 10:07:59.491,1.50521,1.50536,1.44,1.31
2018.04.05 10:08:00.884,1.5052,1.50537,2.25,4.50
2018.04.05 10:08:02.342,1.50521,1.50536,1.50,2.06
2018.04.05 10:08:02.394,1.50521,1.50536,1.50,2.25
2018.04.05 10:08:02.497,1.50521,1.50535,1.31,2.25
2018.04.05 10:08:02.650,1.50519,1.50533,1.31,1.50
2018.04.05 10:08:02.803,1.50519,1.50533,1.00,1.87
2018.04.05 10:08:03.571,1.50518,1.50532,1.31,1.81
2018.04.05 10:08:03.934,1.5052,1.50532,1.31,1.69
2018.04.05 10:08:03.987,1.50522,1.50533,1.56,1.19
2018.04.05 10:08:04.040,1.50523,1.50535,1.12,1.00
2018.04.05 10:08:04.391,1.50513,1.50526,3.37,1.19
2018.04.05 10:08:04.914,1.50513,1.50527,2.25,2.44
2018.04.05 10:08:05.223,1.50513,1.50525,1.12,1.19
2018.04.05 10:08:05.528,1.50512,1.50527,1.56,1.31
2018.04.05 10:08:06.149,1.50512,1.50526,2.06,1.69
2018.04.05 10:08:06.594,1.50511,1.50524,2.25,1.19
2018.04.05 10:08:06.698,1.5051,1.50524,2.06,1.50
2018.04.05 10:08:06.956,1.50509,1.50522,1.56,2.06
2018.04.05 10:08:07.007,1.50508,1.50523,2.06,1.69
2018.04.05 10:08:07.516,1.5051,1.50524,1.19,1.19
2018.04.05 10:08:08.099,1.50512,1.50527,1.12,1.37
2018.04.05 10:08:08.411,1.50515,1.5053,2.19,1.87
2018.04.05 10:08:08.998,1.50515,1.50528,1.12,1.12
2018.04.05 10:08:09.051,1.50512,1.50527,3.00,1.75
2018.04.05 10:08:09.416,1.50511,1.50524,1.44,2.81
2018.04.05 10:08:09.742,1.50512,1.50525,1.56,1.69
2018.04.05 10:08:10.069,1.50511,1.50527,3.00,4.31
2018.04.05 10:08:10.539,1.50511,1.50526,1.56,2.06
2018.04.05 10:08:10.642,1.50511,1.50526,1.56,2.62
2018.04.05 10:08:11.454,1.50511,1.50526,1.19,3.56
2018.04.05 10:08:11.506,1.50511,1.50526,1.81,1.69
2018.04.05 10:08:12.024,1.50512,1.50527,1.56,2.06
2018.04.05 10:08:12.699,1.50513,1.50527,1.12,1.31
2018.04.05 10:08:13.318,1.50513,1.50527,2.25,1.56
2018.04.05 10:08:13.985,1.50512,1.50524,1.25,1.19
2018.04.05 10:08:14.130,1.50508,1.5052,3.56,1.19
2018.04.05 10:08:14.184,1.50504,1.50519,3.94,2.44
2018.04.05 10:08:14.237,1.50505,1.50517,1.19,1.44
2018.04.05 10:08:14.290,1.50502,1.50515,1.31,1.19
2018.04.05 10:08:14.397,1.50498,1.50512,1.12,1.31
2018.04.05 10:08:14.808,1.50497,1.5051,1.56,1.65
2018.04.05 10:08:14.946,1.50493,1.50507,1.31,1.50
2018.04.05 10:08:15.100,1.50493,1.50507,1.19,2.25
2018.04.05 10:08:15.510,1.50493,1.50507,1.19,5.06
2018.04.05 10:08:16.746,1.50492,1.50507,2.25,3.37
2018.04.05 10:08:17.187,1.50498,1.5051,1.12,1.31
2018.04.05 10:08:17.558,1.50499,1.50515,2.62,1.75
2018.04.05 10:08:18.082,1.50501,1.50517,1.12,4.31
2018.04.05 10:08:18.798,1.50502,1.50517,1.12,2.06
2018.04.05 10:08:19.306,1.50502,1.50517,1.50,2.06
2018.04.05 10:08:19.358,1.50504,1.50517,1.37,1.31
2018.04.05 10:08:19.513,1.50502,1.50515,1.19,2.44
2018.04.05 10:08:20.029,1.50501,1.50514,1.37,1.12
2018.04.05 10:08:20.573,1.505,1.50513,1.44,1.00
2018.04.05 10:08:20.883,1.505,1.50513,1.19,1.12
2018.04.05 10:08:21.143,1.50495,1.50508,1.19,1.56
2018.04.05 10:08:21.195,1.50492,1.50506,3.56,1.00
2018.04.05 10:08:21.246,1.50491,1.50505,1.69,1.12
2018.04.05 10:08:21.798,1.5049,1.50506,3.00,2.00
2018.04.05 10:08:22.454,1.5049,1.50506,2.44,3.19
2018.04.05 10:08:24.018,1.5049,1.50506,2.44,1.87
2018.04.05 10:08:24.533,1.50493,1.50507,1.12,2.81
2018.04.05 10:08:25.054,1.50495,1.50509,1.12,3.56
2018.04.05 10:08:25.310,1.50495,1.5051,1.37,4.12
2018.04.05 10:08:25.820,1.50496,1.50509,1.00,1.12
2018.04.05 10:08:26.336,1.50495,1.5051,2.19,1.50
2018.04.05 10:08:26.870,1.50497,1.5051,1.19,1.87
2018.04.05 10:08:28.721,1.50495,1.5051,1.50,2.62
2018.04.05 10:08:28.825,1.50496,1.5051,1.19,3.38
2018.04.05 10:08:30.093,1.50494,1.50509,2.44,1.56
2018.04.05 10:08:31.051,1.50493,1.5051,1.44,2.06
2018.04.05 10:08:31.620,1.50492,1.50507,3.31,1.25
2018.04.05 10:08:32.039,1.50493,1.50508,1.17,6.00
2018.04.05 10:08:32.092,1.5049,1.50505,1.25,1.12
2018.04.05 10:08:33.139,1.50487,1.50503,1.87,2.25
2018.04.05 10:08:33.656,1.50486,1.50501,1.69,1.81
2018.04.05 10:08:33.970,1.50498,1.50513,1.19,3.00
2018.04.05 10:08:34.924,1.50499,1.50513,1.19,1.12
2018.04.05 10:08:36.931,1.50499,1.50513,1.69,1.25
2018.04.05 10:08:37.460,1.50502,1.50516,1.19,1.12
2018.04.05 10:08:37.995,1.50502,1.50516,1.19,3.37
2018.04.05 10:08:38.510,1.50502,1.50515,1.19,1.19
2018.04.05 10:08:39.848,1.50502,1.50515,1.19,1.44
2018.04.05 10:08:40.387,1.505,1.50515,2.25,1.75
2018.04.05 10:08:40.718,1.50502,1.50516,1.87,2.81
2018.04.05 10:08:40.821,1.50502,1.50516,1.12,1.50
2018.04.05 10:08:41.400,1.50502,1.50516,1.87,1.00
2018.04.05 10:08:42.117,1.50502,1.50514,1.19,1.19
2018.04.05 10:08:42.310,1.50496,1.50511,1.75,1.19
2018.04.05 10:08:42.466,1.50495,1.5051,1.00,1.87
2018.04.05 10:08:42.673,1.50495,1.50509,1.44,1.12
2018.04.05 10:08:43.606,1.50495,1.5051,1.44,1.25
2018.04.05 10:08:44.793,1.50495,1.50511,1.19,1.88
2018.04.05 10:08:45.395,1.50495,1.5051,1.56,1.87
2018.04.05 10:08:45.498,1.50494,1.50509,1.00,1.12
2018.04.05 10:08:45.653,1.50489,1.50503,3.00,2.06
2018.04.05 10:08:45.807,1.50487,1.505,1.00,1.87
2018.04.05 10:08:46.030,1.50485,1.50498,1.31,1.44
2018.04.05 10:08:46.185,1.50485,1.50499,1.31,2.19
2018.04.05 10:08:46.953,1.50485,1.50497,1.25,1.00
2018.04.05 10:08:48.170,1.50483,1.50497,1.75,1.00
2018.04.05 10:08:48.941,1.50482,1.50498,3.00,1.50
2018.04.05 10:08:49.458,1.50482,1.50498,2.25,1.31
2018.04.05 10:08:49.769,1.50485,1.50498,1.19,1.56
2018.04.05 10:08:49.874,1.50486,1.505,1.19,1.19
2018.04.05 10:08:50.417,1.50486,1.50502,1.50,2.44
2018.04.05 10:08:50.931,1.50486,1.50502,1.44,2.44
2018.04.05 10:08:51.449,1.50485,1.50501,1.50,2.06
2018.04.05 10:08:51.554,1.50487,1.50501,1.44,1.87
2018.04.05 10:08:51.657,1.50487,1.505,1.25,1.12
2018.04.05 10:08:54.778,1.50488,1.50503,1.87,1.81
2018.04.05 10:08:54.831,1.50489,1.50503,1.44,1.50
2018.04.05 10:08:54.884,1.50489,1.50503,1.19,2.25
2018.04.05 10:08:54.989,1.50487,1.50503,1.75,2.25
2018.04.05 10:08:56.095,1.50486,1.50501,1.87,1.44
2018.04.05 10:08:56.613,1.50486,1.50502,1.75,2.25
2018.04.05 10:08:57.121,1.50486,1.50502,1.81,2.25
2018.04.05 10:08:58.404,1.50484,1.505,1.87,1.44
2018.04.05 10:08:58.955,1.50485,1.50499,1.00,1.56
2018.04.05 10:08:59.689,1.50484,1.50499,1.44,1.87
2018.04.05 10:08:59.999,1.50482,1.50497,2.44,1.19
2018.04.05 10:09:00.992,1.50482,1.50498,3.00,1.37
2018.04.05 10:09:01.510,1.50484,1.50499,1.19,1.12
2018.04.05 10:09:02.464,1.50484,1.50499,1.37,1.25
2018.04.05 10:09:02.617,1.50485,1.505,1.75,1.25
2018.04.05 10:09:02.771,1.50487,1.50504,1.87,3.00
2018.04.05 10:09:02.908,1.50487,1.50504,1.87,2.25
2018.04.05 10:09:03.224,1.50489,1.50504,1.12,1.87
2018.04.05 10:09:04.927,1.50489,1.50503,1.12,1.69
2018.04.05 10:09:05.031,1.50487,1.50502,1.81,1.19
2018.04.05 10:09:05.291,1.50485,1.50499,1.69,1.63
2018.04.05 10:09:05.342,1.50484,1.50496,1.56,1.19
2018.04.05 10:09:05.444,1.50481,1.50496,1.31,1.87
2018.04.05 10:09:05.851,1.50483,1.50499,1.31,3.37
2018.04.05 10:09:06.572,1.50486,1.505,1.19,1.12
2018.04.05 10:09:06.674,1.50486,1.50501,1.19,3.19
2018.04.05 10:09:06.725,1.50486,1.50501,1.69,3.19
2018.04.05 10:09:07.229,1.50486,1.50501,1.87,2.25
2018.04.05 10:09:07.436,1.50486,1.50501,1.37,1.37
2018.04.05 10:09:07.952,1.50486,1.505,1.50,1.50
2018.04.05 10:09:08.734,1.50486,1.50501,1.44,2.62
2018.04.05 10:09:09.203,1.50486,1.505,1.50,1.44
2018.04.05 10:09:09.511,1.50487,1.505,1.44,1.19
2018.04.05 10:09:10.043,1.50487,1.50502,2.62,3.00
2018.04.05 10:09:10.404,1.50489,1.50503,1.00,1.50
2018.04.05 10:09:11.801,1.50488,1.50503,1.12,2.06
2018.04.05 10:09:11.852,1.50489,1.50503,1.00,2.44
2018.04.05 10:09:11.903,1.50488,1.50503,1.87,2.25
2018.04.05 10:09:12.262,1.50488,1.50502,1.12,1.19
2018.04.05 10:09:12.367,1.50495,1.50505,1.31,1.00
2018.04.05 10:09:12.419,1.50495,1.50508,1.50,1.37
2018.04.05 10:09:12.475,1.50496,1.50508,1.31,1.19
2018.04.05 10:09:12.528,1.50496,1.5051,1.87,1.31
2018.04.05 10:09:12.654,1.50498,1.50512,1.12,1.44
2018.04.05 10:09:13.221,1.50499,1.50513,1.81,1.81
2018.04.05 10:09:13.789,1.50498,1.50513,1.87,1.75
2018.04.05 10:09:14.333,1.50498,1.50512,2.44,1.44
2018.04.05 10:09:14.980,1.50499,1.50513,1.69,1.69
2018.04.05 10:09:15.504,1.505,1.50513,1.12,1.31
2018.04.05 10:09:15.828,1.50502,1.50514,1.19,2.06
2018.04.05 10:09:16.363,1.50502,1.50512,1.19,1.25
2018.04.05 10:09:16.517,1.50502,1.50514,1.19,1.25
2018.04.05 10:09:16.919,1.50507,1.50516,1.12,1.00
2018.04.05 10:09:16.971,1.50507,1.50522,3.75,2.25
2018.04.05 10:09:17.075,1.50506,1.50522,1.37,4.50
2018.04.05 10:09:17.387,1.50508,1.50522,1.69,1.44
2018.04.05 10:09:18.144,1.50508,1.50522,2.62,1.00
2018.04.05 10:09:18.663,1.50508,1.50523,4.87,1.00
2018.04.05 10:09:19.169,1.5051,1.50525,1.31,1.37
2018.04.05 10:09:20.453,1.50513,1.50526,1.25,1.12
2018.04.05 10:09:21.386,1.50513,1.50527,1.19,1.12
2018.04.05 10:09:21.695,1.50514,1.50527,1.37,1.44
2018.04.05 10:09:22.238,1.50513,1.50528,2.25,1.87
2018.04.05 10:09:22.739,1.50512,1.50526,1.62,1.12
2018.04.05 10:09:23.253,1.50512,1.50525,1.12,1.12
2018.04.05 10:09:23.788,1.50511,1.50525,3.00,1.12
2018.04.05 10:09:24.536,1.5051,1.50526,3.56,1.87
2018.04.05 10:09:25.064,1.50511,1.50526,3.56,1.50
2018.04.05 10:09:25.591,1.50512,1.50526,1.19,1.37
2018.04.05 10:09:26.404,1.50511,1.50524,1.25,1.44
2018.04.05 10:09:26.936,1.50508,1.50523,3.37,1.37
2018.04.05 10:09:27.247,1.50506,1.5052,2.81,1.50
2018.04.05 10:09:27.574,1.50506,1.5052,1.25,1.50
2018.04.05 10:09:27.689,1.50505,1.50521,1.12,2.25
2018.04.05 10:09:27.740,1.50506,1.50522,1.12,2.25
2018.04.05 10:09:28.097,1.50508,1.50523,1.44,3.00
2018.04.05 10:09:28.303,1.50508,1.50523,1.37,1.87
2018.04.05 10:09:28.405,1.50512,1.50526,1.75,1.00
2018.04.05 10:09:28.713,1.50515,1.50529,1.56,1.50
2018.04.05 10:09:29.240,1.50515,1.50529,1.50,1.00
2018.04.05 10:09:31.922,1.50516,1.50531,1.12,1.31
2018.04.05 10:09:32.025,1.50518,1.50534,1.50,2.62
2018.04.05 10:09:32.346,1.50515,1.50528,2.62,1.44
2018.04.05 10:09:32.449,1.50513,1.50528,1.56,1.87
2018.04.05 10:09:32.713,1.50509,1.50525,3.00,3.56
2018.04.05 10:09:33.272,1.50507,1.50523,1.56,2.44
2018.04.05 10:09:33.676,1.50507,1.5052,1.31,1.19
2018.04.05 10:09:33.781,1.50504,1.50518,1.50,1.44
2018.04.05 10:09:34.429,1.50504,1.50518,1.12,1.87
2018.04.05 10:09:34.624,1.50509,1.50518,1.00,1.00
2018.04.05 10:09:34.676,1.50509,1.50523,1.00,2.44
2018.04.05 10:09:34.728,1.50509,1.50523,1.69,1.50
2018.04.05 10:09:34.780,1.50509,1.50525,1.00,4.88
2018.04.05 10:09:34.883,1.50511,1.50525,1.75,1.19
2018.04.05 10:09:35.138,1.50514,1.50528,1.00,2.62
2018.04.05 10:09:35.662,1.50514,1.50529,1.12,1.69
2018.04.05 10:09:37.846,1.50514,1.50529,1.12,1.56
2018.04.05 10:09:38.196,1.50513,1.5053,2.62,3.94
2018.04.05 10:09:38.248,1.50513,1.50527,2.06,1.19
2018.04.05 10:09:38.557,1.50517,1.50529,2.62,1.25
2018.04.05 10:09:39.089,1.50516,1.50531,3.75,1.56
2018.04.05 10:09:39.605,1.50517,1.5053,1.50,1.19
2018.04.05 10:09:39.814,1.50517,1.50528,1.00,1.25
2018.04.05 10:09:40.270,1.50516,1.50527,3.19,1.19
2018.04.05 10:09:40.375,1.50513,1.50526,4.50,1.19
2018.04.05 10:09:40.892,1.50513,1.50525,2.44,1.25
2018.04.05 10:09:40.996,1.50513,1.50528,2.00,1.56
2018.04.05 10:09:41.596,1.50513,1.50526,2.44,1.19
2018.04.05 10:09:41.953,1.50514,1.50524,1.00,1.25
2018.04.05 10:09:42.759,1.50512,1.50526,1.12,1.19
2018.04.05 10:09:42.967,1.50516,1.50527,1.00,1.25
2018.04.05 10:09:43.283,1.50519,1.50532,1.31,1.31
2018.04.05 10:09:43.440,1.50523,1.50537,4.13,1.31
2018.04.05 10:09:43.544,1.50524,1.50537,1.12,1.25
2018.04.05 10:09:44.243,1.50523,1.50536,1.87,1.19
2018.04.05 10:09:44.294,1.50522,1.50535,1.62,1.19
2018.04.05 10:09:44.348,1.50522,1.50532,1.25,1.25
2018.04.05 10:09:44.400,1.50521,1.50535,1.94,1.19
2018.04.05 10:09:44.918,1.50522,1.50534,1.00,1.19
2018.04.05 10:09:45.445,1.50518,1.50532,3.19,1.19
2018.04.05 10:09:45.752,1.50518,1.5053,1.00,1.19
2018.04.05 10:09:46.921,1.50518,1.50531,1.19,1.25
2018.04.05 10:09:47.024,1.50518,1.5053,1.00,1.19
2018.04.05 10:09:47.555,1.50515,1.5053,3.34,1.19
2018.04.05 10:09:47.771,1.50518,1.50534,1.31,2.44
2018.04.05 10:09:47.823,1.50518,1.50535,3.94,1.94
2018.04.05 10:09:48.237,1.50519,1.50531,1.69,1.19
2018.04.05 10:09:48.549,1.50517,1.50529,1.69,1.19
2018.04.05 10:09:49.970,1.50517,1.50531,1.69,1.19
2018.04.05 10:09:51.931,1.50518,1.50529,1.25,1.19
2018.04.05 10:09:52.079,1.50519,1.50532,1.25,1.19
2018.04.05 10:09:52.182,1.50519,1.50533,2.06,1.19
2018.04.05 10:09:53.668,1.50519,1.50531,1.69,1.19
2018.04.05 10:09:54.189,1.50519,1.5053,1.37,1.19
2018.04.05 10:09:54.398,1.5052,1.50532,1.00,1.19
2018.04.05 10:09:54.502,1.5052,1.50534,1.31,1.31
2018.04.05 10:09:54.812,1.5052,1.50531,1.87,1.19
2018.04.05 10:09:54.915,1.50521,1.50531,1.00,1.19
2018.04.05 10:09:56.107,1.50519,1.50532,1.12,1.19
2018.04.05 10:09:56.159,1.50519,1.50532,2.19,1.19
2018.04.05 10:09:56.263,1.50518,1.5053,4.69,1.19
2018.04.05 10:09:56.522,1.50518,1.50528,3.37,1.19
2018.04.05 10:09:56.690,1.50518,1.50531,3.37,1.19
2018.04.05 10:09:56.741,1.50518,1.50528,3.37,1.19
2018.04.05 10:09:57.198,1.50518,1.5053,3.56,1.19
2018.04.05 10:09:57.749,1.50519,1.50529,1.00,1.19
2018.04.05 10:09:58.286,1.50518,1.5053,2.00,1.19
2018.04.05 10:09:58.645,1.50517,1.50529,4.50,1.19
2018.04.05 10:09:58.698,1.50517,1.5053,4.12,1.19
2018.04.05 10:09:58.752,1.50516,1.50529,1.50,1.19
2018.04.05 10:09:58.857,1.50513,1.50526,4.84,1.25
2018.04.05 10:09:59.396,1.50513,1.50526,1.95,1.25
2018.04.05 10:10:00.081,1.50512,1.50526,2.03,1.25
2018.04.05 10:10:00.595,1.50512,1.50526,1.69,1.25
2018.04.05 10:10:01.354,1.50512,1.50527,1.69,1.31
2018.04.05 10:10:02.706,1.50512,1.50528,1.12,2.81
2018.04.05 10:10:02.760,1.50511,1.50525,1.56,1.69
2018.04.05 10:10:03.071,1.50507,1.50521,1.84,1.19
2018.04.05 10:10:05.149,1.50507,1.50523,2.59,1.25
2018.04.05 10:10:05.792,1.50508,1.50524,1.62,4.31
2018.04.05 10:10:06.228,1.50507,1.50521,1.31,1.19
2018.04.05 10:10:06.747,1.50507,1.50521,1.19,1.19
2018.04.05 10:10:08.646,1.50507,1.50524,1.81,3.19
2018.04.05 10:10:08.868,1.5051,1.50523,1.25,1.25
2018.04.05 10:10:08.974,1.5051,1.50526,1.56,2.06
2018.04.05 10:10:11.303,1.5051,1.50524,1.94,1.19
2018.04.05 10:10:11.610,1.50508,1.5052,1.25,1.19
2018.04.05 10:10:11.903,1.50506,1.5052,1.00,1.19
2018.04.05 10:10:11.956,1.50504,1.50517,2.44,1.19
2018.04.05 10:10:12.113,1.50504,1.50519,1.69,1.31
2018.04.05 10:10:13.413,1.50505,1.50519,1.81,1.31
2018.04.05 10:10:13.926,1.50504,1.50513,1.00,1.25
2018.04.05 10:10:14.138,1.50501,1.50513,1.50,1.19
2018.04.05 10:10:14.331,1.505,1.50513,1.00,1.19
2018.04.05 10:10:15.822,1.50499,1.50514,3.75,1.69
2018.04.05 10:10:15.873,1.50504,1.50518,1.56,4.31
2018.04.05 10:10:16.284,1.50507,1.50519,1.00,1.00
2018.04.05 10:10:16.336,1.50509,1.5052,1.00,1.19
2018.04.05 10:10:16.438,1.50509,1.50524,3.56,1.69
2018.04.05 10:10:16.620,1.50513,1.50522,1.00,1.19
2018.04.05 10:10:16.673,1.50511,1.50522,1.00,1.19
2018.04.05 10:10:17.032,1.50508,1.50519,3.94,1.19
2018.04.05 10:10:17.135,1.50507,1.5052,3.75,1.19
2018.04.05 10:10:17.700,1.50507,1.50518,3.00,1.25
2018.04.05 10:10:17.803,1.50507,1.50516,1.37,1.19
2018.04.05 10:10:18.313,1.50506,1.5052,5.25,1.31
2018.04.05 10:10:18.827,1.50506,1.50519,4.87,1.19
2018.04.05 10:10:19.330,1.50507,1.50519,2.62,1.19
2018.04.05 10:10:20.120,1.50508,1.50521,4.50,1.19
2018.04.05 10:10:20.379,1.5051,1.5052,1.00,1.19
2018.04.05 10:10:20.431,1.5051,1.50523,1.00,3.00
2018.04.05 10:10:20.534,1.5051,1.50521,1.00,1.19
2018.04.05 10:10:20.993,1.50507,1.5052,3.94,1.31
2018.04.05 10:10:21.555,1.5051,1.50518,1.00,1.25
2018.04.05 10:10:23.206,1.50506,1.50517,2.25,1.19
2018.04.05 10:10:23.361,1.50506,1.50517,1.50,1.19
2018.04.05 10:10:23.877,1.50505,1.50519,2.62,1.19
2018.04.05 10:10:24.139,1.50505,1.50517,2.62,1.19
2018.04.05 10:10:24.401,1.50507,1.50522,3.37,2.06
2018.04.05 10:10:24.504,1.50508,1.50524,4.69,3.56
2018.04.05 10:10:24.963,1.5051,1.50515,3.75,1.19
2018.04.05 10:10:25.014,1.50508,1.50515,1.50,1.19
2018.04.05 10:10:25.118,1.50503,1.50511,1.50,1.19
2018.04.05 10:10:25.222,1.50498,1.50507,1.50,1.19
2018.04.05 10:10:25.397,1.50496,1.50505,1.00,1.25
2018.04.05 10:10:25.555,1.50492,1.50505,3.00,1.25
2018.04.05 10:10:25.607,1.50492,1.50503,2.81,1.19
2018.04.05 10:10:25.817,1.50484,1.50496,1.50,1.19
2018.04.05 10:10:26.339,1.50482,1.50495,1.69,1.19
2018.04.05 10:10:26.903,1.50483,1.505,1.69,1.69
2018.04.05 10:10:27.414,1.50485,1.50501,1.62,1.69
2018.04.05 10:10:27.941,1.50486,1.50502,1.69,2.06
2018.04.05 10:10:28.576,1.50486,1.50502,1.69,2.06
2018.04.05 10:10:29.300,1.50486,1.50502,1.69,2.25
2018.04.05 10:10:29.479,1.50485,1.50498,1.50,1.25
2018.04.05 10:10:29.584,1.50485,1.505,1.50,2.06
2018.04.05 10:10:30.102,1.50484,1.505,2.00,1.56
2018.04.05 10:10:31.150,1.50484,1.50497,1.62,1.19
2018.04.05 10:10:32.133,1.50484,1.50499,1.62,1.19
2018.04.05 10:10:32.453,1.50484,1.50495,1.87,1.19
2018.04.05 10:10:32.620,1.50479,1.5049,1.37,1.19
2018.04.05 10:10:32.672,1.50479,1.50493,1.37,1.19
2018.04.05 10:10:33.173,1.50479,1.50493,1.25,1.19
2018.04.05 10:10:33.482,1.50479,1.50495,1.69,1.69
2018.04.05 10:10:33.535,1.50483,1.50495,2.40,1.12
2018.04.05 10:10:34.084,1.50483,1.50498,1.12,1.19
2018.04.05 10:10:34.699,1.50482,1.50497,2.19,1.19
2018.04.05 10:10:35.946,1.50484,1.50497,1.25,1.19
2018.04.05 10:10:36.596,1.50482,1.50497,2.19,1.19
2018.04.05 10:10:37.102,1.50484,1.50497,1.25,1.19
2018.04.05 10:10:37.414,1.50489,1.50503,1.31,1.12
2018.04.05 10:10:37.467,1.5049,1.50503,1.37,1.19
2018.04.05 10:10:37.727,1.5049,1.50505,1.62,1.19
2018.04.05 10:10:37.782,1.50492,1.50507,1.00,1.19
2018.04.05 10:10:38.324,1.50492,1.50508,1.69,1.81
2018.04.05 10:10:38.839,1.50491,1.50508,3.19,1.56
2018.04.05 10:10:39.361,1.50491,1.50508,2.25,1.81
2018.04.05 10:10:42.179,1.50492,1.50507,1.00,1.69
2018.04.05 10:10:42.694,1.50492,1.50507,1.50,2.25
2018.04.05 10:10:43.212,1.50492,1.50507,1.00,2.44
2018.04.05 10:10:43.739,1.50487,1.50503,4.87,1.69
2018.04.05 10:10:43.845,1.50489,1.50502,1.00,1.19
2018.04.05 10:10:44.157,1.50479,1.50495,3.75,1.69
2018.04.05 10:10:44.509,1.50479,1.50494,1.12,1.19
2018.04.05 10:10:44.716,1.50479,1.50495,3.56,1.19
2018.04.05 10:10:44.822,1.50483,1.50497,1.37,1.19
2018.04.05 10:10:45.149,1.50477,1.50492,4.12,1.44
2018.04.05 10:10:45.660,1.50477,1.50493,2.62,1.81
2018.04.05 10:10:46.172,1.50476,1.50491,2.44,1.44
2018.04.05 10:10:46.903,1.50476,1.50491,3.56,1.19
2018.04.05 10:10:48.270,1.50476,1.50489,3.19,1.19
2018.04.05 10:10:49.877,1.50476,1.50491,3.37,1.19
2018.04.05 10:10:50.987,1.50476,1.50493,3.37,1.56
2018.04.05 10:10:51.038,1.50476,1.50491,4.12,1.19
2018.04.05 10:10:52.353,1.50477,1.50491,1.25,1.19
2018.04.05 10:10:53.229,1.50477,1.50488,1.25,1.19
2018.04.05 10:10:53.938,1.50476,1.5049,1.00,1.19
2018.04.05 10:10:55.784,1.50476,1.5049,1.62,1.19
2018.04.05 10:10:55.837,1.50476,1.50491,1.31,1.19
2018.04.05 10:10:56.354,1.50478,1.50491,1.00,1.19
2018.04.05 10:10:56.612,1.50477,1.50492,2.81,1.19
2018.04.05 10:10:57.079,1.50476,1.5049,2.06,1.19
2018.04.05 10:10:57.777,1.50477,1.50491,1.12,1.19
2018.04.05 10:10:58.288,1.50479,1.50492,1.25,1.19
2018.04.05 10:10:58.339,1.5048,1.50495,2.81,2.06
2018.04.05 10:10:59.409,1.50481,1.50497,2.06,1.19
2018.04.05 10:10:59.943,1.50482,1.50496,1.00,1.19
2018.04.05 10:11:00.490,1.50481,1.50496,3.19,1.19
2018.04.05 10:11:01.531,1.50481,1.50493,1.31,1.19
2018.04.05 10:11:01.931,1.5048,1.50495,1.94,1.19
2018.04.05 10:11:02.189,1.50482,1.50494,1.00,1.19
2018.04.05 10:11:02.503,1.50479,1.50491,1.00,1.19
2018.04.05 10:11:02.964,1.50479,1.50491,1.00,1.19
2018.04.05 10:11:03.120,1.50479,1.50493,1.37,1.19
2018.04.05 10:11:03.534,1.50478,1.50492,1.62,1.19
2018.04.05 10:11:04.050,1.5048,1.50492,1.00,1.19
2018.04.05 10:11:04.562,1.50479,1.50492,1.37,1.19
2018.04.05 10:11:05.361,1.50479,1.50493,1.12,1.31
2018.04.05 10:11:05.671,1.50479,1.50491,1.12,1.19
2018.04.05 10:11:06.705,1.50478,1.50491,1.62,1.19
2018.04.05 10:11:06.861,1.50477,1.5049,1.09,1.19
2018.04.05 10:11:07.047,1.50477,1.5049,1.46,1.19
2018.04.05 10:11:07.311,1.50477,1.50493,1.46,2.44
2018.04.05 10:11:08.655,1.50477,1.50491,2.59,1.19
2018.04.05 10:11:08.761,1.50481,1.50497,2.06,1.19
2018.04.05 10:11:08.866,1.5048,1.50494,1.87,1.19
2018.04.05 10:11:09.384,1.50481,1.50494,2.25,1.19
2018.04.05 10:11:09.951,1.50481,1.50497,2.25,1.19
2018.04.05 10:11:10.108,1.50481,1.50495,2.25,1.19
2018.04.05 10:11:10.161,1.50481,1.50495,1.50,1.87
2018.04.05 10:11:10.677,1.50479,1.50492,3.37,1.19
2018.04.05 10:11:10.933,1.50479,1.50495,4.50,1.19
2018.04.05 10:11:11.706,1.50486,1.505,1.12,1.69
2018.04.05 10:11:12.016,1.50486,1.50498,1.75,1.19
2018.04.05 10:11:12.435,1.50486,1.505,1.75,1.44
2018.04.05 10:11:13.216,1.50487,1.505,1.62,1.19
2018.04.05 10:11:13.373,1.50485,1.50492,1.50,1.50
2018.04.05 10:11:13.479,1.50479,1.50489,1.00,2.06
2018.04.05 10:11:13.533,1.50471,1.50481,1.75,1.19
2018.04.05 10:11:13.586,1.50468,1.50481,1.31,1.19
2018.04.05 10:11:14.116,1.50468,1.50481,2.81,1.19
2018.04.05 10:11:14.979,1.50468,1.50482,2.81,1.69
2018.04.05 10:11:15.132,1.5047,1.50482,1.00,1.19
2018.04.05 10:11:15.594,1.50472,1.50482,1.00,1.19
2018.04.05 10:11:16.155,1.50469,1.50482,1.75,1.19
2018.04.05 10:11:17.356,1.50468,1.50483,3.56,1.31
2018.04.05 10:11:17.614,1.50468,1.50481,1.00,1.44
2018.04.05 10:11:17.770,1.50461,1.50477,2.00,1.56
2018.04.05 10:11:17.822,1.5046,1.50474,1.00,1.19
2018.04.05 10:11:18.400,1.50461,1.50475,1.31,1.19
2018.04.05 10:11:18.860,1.50465,1.5048,1.31,1.12
2018.04.05 10:11:19.013,1.50466,1.50482,1.94,1.31
2018.04.05 10:11:19.567,1.50468,1.50483,1.00,2.25
2018.04.05 10:11:20.500,1.50467,1.50484,1.69,3.56
2018.04.05 10:11:21.137,1.50467,1.50481,2.62,1.31
2018.04.05 10:11:21.189,1.50466,1.5048,1.50,1.19
2018.04.05 10:11:22.945,1.50464,1.50479,2.19,1.19
2018.04.05 10:11:23.483,1.50466,1.5048,1.25,1.19
2018.04.05 10:11:24.023,1.50465,1.50481,1.12,3.19
2018.04.05 10:11:24.817,1.50465,1.50482,2.19,3.56
2018.04.05 10:11:25.025,1.50466,1.50483,3.56,2.25
2018.04.05 10:11:25.197,1.50466,1.5048,1.31,1.19
2018.04.05 10:11:25.713,1.50466,1.50481,1.56,1.94
2018.04.05 10:11:27.215,1.50466,1.50481,1.37,1.31
2018.04.05 10:11:28.338,1.50466,1.50482,1.69,3.00
2018.04.05 10:11:28.493,1.50465,1.50481,3.56,1.25
2018.04.05 10:11:30.097,1.50465,1.50482,3.75,2.44
2018.04.05 10:11:30.628,1.50465,1.5048,1.69,1.19
2018.04.05 10:11:31.259,1.50465,1.50481,1.19,5.44
2018.04.05 10:11:31.570,1.50464,1.50479,1.25,1.94
2018.04.05 10:11:32.055,1.50465,1.50479,1.37,1.19
2018.04.05 10:11:32.157,1.50465,1.50478,1.25,1.00
2018.04.05 10:11:32.668,1.50464,1.50479,1.31,3.19
2018.04.05 10:11:33.213,1.50463,1.50479,1.31,3.19
2018.04.05 10:11:34.242,1.50463,1.50478,1.25,1.69
2018.04.05 10:11:35.313,1.50463,1.50478,1.25,1.69
2018.04.05 10:11:36.020,1.50462,1.50477,1.12,3.56
2018.04.05 10:11:36.073,1.50458,1.50473,1.87,2.06
2018.04.05 10:11:36.227,1.50456,1.50469,1.00,1.19
2018.04.05 10:11:36.766,1.50456,1.50469,1.00,1.00
2018.04.05 10:11:39.856,1.50456,1.50469,1.19,1.00
2018.04.05 10:11:41.593,1.50456,1.50469,1.00,1.19
2018.04.05 10:11:42.148,1.50455,1.50469,1.50,1.19
2018.04.05 10:11:42.854,1.50455,1.50471,1.00,2.44
2018.04.05 10:11:49.356,1.50455,1.50471,1.50,1.94
2018.04.05 10:11:49.881,1.50457,1.50472,1.00,3.94
2018.04.05 10:11:49.934,1.50457,1.50473,1.56,3.37
2018.04.05 10:11:50.466,1.50459,1.50474,1.31,3.56
2018.04.05 10:11:50.917,1.50459,1.50474,1.50,3.37
2018.04.05 10:11:51.121,1.50459,1.50474,1.50,1.31
2018.04.05 10:11:51.945,1.50452,1.50468,2.06,1.31
2018.04.05 10:11:52.151,1.50451,1.50464,1.69,1.00
2018.04.05 10:11:52.668,1.5045,1.50464,1.69,1.31
2018.04.05 10:11:53.180,1.50452,1.50464,1.25,1.12
2018.04.05 10:11:54.367,1.50456,1.50465,1.25,1.37
2018.04.05 10:11:54.524,1.50459,1.50468,1.25,1.12
2018.04.05 10:11:55.075,1.50458,1.50468,1.25,1.12
2018.04.05 10:11:55.912,1.50458,1.50468,1.25,1.50
2018.04.05 10:11:56.548,1.50459,1.50469,1.25,1.87
2018.04.05 10:11:59.675,1.50459,1.50469,1.25,1.37
2018.04.05 10:11:59.729,1.50461,1.5047,1.19,1.00
2018.04.05 10:12:00.043,1.50469,1.50478,1.19,1.12
2018.04.05 10:12:00.658,1.50467,1.5048,1.31,2.81
2018.04.05 10:12:00.761,1.50466,1.5048,1.56,3.56
2018.04.05 10:12:01.088,1.50467,1.50481,1.31,1.69
2018.04.05 10:12:01.712,1.50467,1.50479,1.31,1.00
2018.04.05 10:12:02.223,1.50467,1.5048,1.25,1.25
2018.04.05 10:12:05.003,1.50468,1.50482,1.25,1.31
2018.04.05 10:12:05.107,1.5047,1.50484,1.25,1.19
2018.04.05 10:12:06.216,1.50471,1.50485,1.25,2.25
2018.04.05 10:12:06.523,1.50474,1.50486,1.25,1.31
2018.04.05 10:12:07.033,1.50473,1.50485,1.25,1.31
2018.04.05 10:12:07.460,1.50472,1.50486,1.25,1.25
2018.04.05 10:12:07.670,1.50473,1.50486,1.25,2.39
2018.04.05 10:12:08.187,1.50473,1.50484,1.25,1.07
2018.04.05 10:12:08.703,1.50473,1.50486,1.25,2.81
2018.04.05 10:12:09.351,1.50471,1.50484,1.25,1.31
2018.04.05 10:12:09.404,1.50471,1.50484,1.25,1.31
2018.04.05 10:12:09.509,1.50471,1.50483,1.25,1.69
2018.04.05 10:12:10.107,1.50472,1.50483,1.25,1.69
2018.04.05 10:12:10.617,1.50471,1.50483,1.25,1.56
2018.04.05 10:12:11.597,1.5047,1.50484,1.25,2.06
2018.04.05 10:12:12.571,1.50469,1.50483,1.31,1.19
2018.04.05 10:12:14.795,1.50469,1.50484,1.19,2.25
2018.04.05 10:12:18.738,1.50469,1.50484,1.19,3.19
2018.04.05 10:12:19.282,1.50469,1.50483,1.19,1.87
2018.04.05 10:12:19.385,1.50468,1.50483,1.25,1.87
2018.04.05 10:12:19.986,1.50468,1.50482,1.25,1.87
2018.04.05 10:12:20.896,1.50468,1.50481,1.25,2.00
2018.04.05 10:12:21.704,1.50466,1.5048,2.25,1.56
2018.04.05 10:12:22.906,1.50465,1.50479,1.12,1.56
2018.04.05 10:12:23.259,1.50464,1.50477,1.25,1.31
2018.04.05 10:12:24.196,1.50465,1.50476,1.19,1.25
2018.04.05 10:12:24.548,1.50464,1.50478,1.25,1.94
2018.04.05 10:12:25.831,1.50465,1.50477,1.19,1.31
2018.04.05 10:12:25.987,1.50463,1.50478,1.19,2.06
2018.04.05 10:12:26.143,1.50466,1.50476,1.25,1.25
2018.04.05 10:12:26.609,1.50461,1.50471,4.12,1.56
2018.04.05 10:12:26.689,1.50462,1.50469,1.00,1.84
2018.04.05 10:12:26.740,1.50458,1.50467,1.19,1.00
2018.04.05 10:12:26.894,1.50454,1.50469,1.31,1.94
2018.04.05 10:12:27.784,1.50455,1.50469,1.19,1.12
2018.04.05 10:12:27.904,1.50453,1.50469,1.31,2.19
2018.04.05 10:12:28.519,1.50451,1.50464,2.06,1.31
2018.04.05 10:12:28.572,1.50452,1.50465,1.25,1.69
2018.04.05 10:12:28.623,1.50454,1.50466,1.19,2.06
2018.04.05 10:12:29.146,1.50454,1.50466,1.19,1.19
2018.04.05 10:12:29.975,1.50453,1.50466,1.31,1.69
2018.04.05 10:12:31.176,1.50449,1.50463,1.37,2.95
2018.04.05 10:12:31.585,1.50446,1.50461,5.06,3.33
2018.04.05 10:12:33.501,1.5045,1.50462,1.25,1.08
2018.04.05 10:12:33.808,1.50451,1.50463,1.19,2.19
2018.04.05 10:12:33.962,1.5045,1.50462,1.25,1.25
2018.04.05 10:12:34.481,1.50451,1.50465,1.31,1.50
2018.04.05 10:12:36.491,1.50449,1.50464,2.62,1.12
2018.04.05 10:12:39.301,1.5045,1.50463,1.00,1.44
2018.04.05 10:12:39.354,1.50448,1.50462,1.31,1.31
2018.04.05 10:12:39.860,1.50448,1.50463,1.75,1.56
2018.04.05 10:12:40.378,1.5045,1.50463,1.00,2.81
2018.04.05 10:12:40.705,1.5045,1.50463,1.25,1.44
2018.04.05 10:12:41.244,1.5045,1.50463,1.00,1.44
2018.04.05 10:12:42.477,1.50449,1.50464,1.12,5.25
2018.04.05 10:12:42.585,1.50449,1.50464,1.12,3.75
2018.04.05 10:12:42.638,1.50449,1.50464,1.12,4.50
2018.04.05 10:12:43.477,1.5045,1.50463,1.00,1.19
2018.04.05 10:12:44.032,1.50454,1.50464,1.00,1.19
2018.04.05 10:12:44.088,1.50454,1.50467,1.12,1.19
2018.04.05 10:12:44.195,1.50453,1.50468,3.00,1.81
2018.04.05 10:12:44.248,1.50453,1.50468,2.19,1.12
2018.04.05 10:12:44.506,1.50454,1.50467,1.25,1.44
2018.04.05 10:12:45.024,1.50453,1.50467,1.87,1.63
2018.04.05 10:12:47.231,1.50453,1.5047,2.62,2.19
2018.04.05 10:12:47.593,1.50454,1.50468,1.12,1.69
2018.04.05 10:12:47.646,1.50453,1.50468,2.00,1.88
2018.04.05 10:12:47.853,1.50453,1.50469,1.50,2.44
2018.04.05 10:12:49.310,1.50453,1.50469,1.81,3.00
2018.04.05 10:12:49.617,1.50457,1.50472,1.12,1.50
2018.04.05 10:12:50.216,1.50458,1.50473,1.31,1.13
2018.04.05 10:12:50.526,1.50459,1.50474,1.12,2.62
2018.04.05 10:12:51.146,1.50459,1.50474,1.87,1.31
2018.04.05 10:12:52.017,1.50459,1.50474,1.87,1.25
2018.04.05 10:12:52.567,1.50459,1.50474,1.87,1.87
2018.04.05 10:12:55.750,1.5046,1.50474,1.50,1.37
2018.04.05 10:12:56.008,1.50459,1.50472,1.31,1.19
2018.04.05 10:12:56.517,1.5046,1.50473,1.12,1.19
2018.04.05 10:12:57.102,1.50461,1.50472,1.00,1.25
2018.04.05 10:12:57.782,1.50459,1.50472,1.75,1.00
2018.04.05 10:12:58.502,1.50459,1.50474,1.75,1.50
2018.04.05 10:12:59.852,1.50462,1.50476,1.44,1.12
2018.04.05 10:13:00.058,1.50458,1.50474,2.44,2.06
2018.04.05 10:13:00.165,1.50457,1.50472,1.19,2.44
2018.04.05 10:13:00.686,1.50453,1.50467,3.56,1.50
2018.04.05 10:13:00.996,1.50449,1.50465,1.19,2.81
2018.04.05 10:13:01.098,1.50449,1.50465,1.81,2.44
2018.04.05 10:13:01.349,1.50454,1.50468,1.50,1.31
2018.04.05 10:13:01.401,1.50454,1.50471,3.00,2.62
2018.04.05 10:13:01.452,1.50457,1.50471,1.31,1.87
2018.04.05 10:13:01.760,1.50459,1.50474,1.44,1.38
2018.04.05 10:13:02.205,1.5046,1.50475,1.31,1.87
2018.04.05 10:13:02.258,1.5046,1.50477,1.87,1.87
2018.04.05 10:13:02.769,1.50462,1.50478,1.12,3.38
2018.04.05 10:13:03.369,1.50461,1.50476,1.31,2.06
2018.04.05 10:13:03.886,1.5046,1.50473,1.56,1.19
2018.04.05 10:13:04.434,1.5046,1.50475,1.69,1.50
2018.04.05 10:13:04.488,1.50461,1.50475,1.12,1.63
2018.04.05 10:13:04.901,1.50461,1.50476,1.56,2.25
2018.04.05 10:13:05.162,1.5046,1.50473,1.56,1.31
2018.04.05 10:13:05.628,1.5046,1.50474,3.19,2.25
2018.04.05 10:13:06.171,1.50461,1.50474,1.25,1.44
2018.04.05 10:13:06.479,1.5046,1.50474,3.19,1.44
2018.04.05 10:13:07.393,1.50461,1.50476,1.56,1.37
2018.04.05 10:13:07.447,1.50462,1.50477,1.50,1.81
2018.04.05 10:13:07.989,1.50463,1.50478,1.12,1.37
2018.04.05 10:13:08.709,1.50463,1.50478,1.50,1.19
2018.04.05 10:13:09.247,1.50465,1.50478,1.69,1.19
2018.04.05 10:13:09.556,1.50466,1.5048,1.19,1.19
2018.04.05 10:13:09.609,1.50468,1.50481,1.37,1.87
2018.04.05 10:13:09.714,1.5047,1.50484,1.00,1.81
2018.04.05 10:13:09.768,1.5047,1.50484,1.56,1.44
2018.04.05 10:13:09.821,1.50471,1.50486,1.19,3.38
2018.04.05 10:13:10.873,1.50472,1.50486,1.19,1.87
2018.04.05 10:13:12.015,1.50472,1.50486,1.87,1.31
2018.04.05 10:13:14.983,1.50473,1.50487,1.19,1.37
2018.04.05 10:13:16.298,1.50473,1.50488,1.19,2.63
2018.04.05 10:13:17.363,1.50473,1.50486,1.19,1.87
2018.04.05 10:13:17.415,1.50473,1.50487,1.19,1.62
2018.04.05 10:13:17.879,1.50473,1.50486,1.25,1.37
2018.04.05 10:13:18.628,1.50472,1.50485,2.06,1.19
2018.04.05 10:13:21.502,1.50472,1.50486,1.50,1.44
2018.04.05 10:13:22.003,1.50472,1.50486,1.31,1.50
2018.04.05 10:13:22.961,1.50472,1.50487,1.88,4.50
2018.04.05 10:13:23.015,1.50474,1.50487,1.19,2.81
2018.04.05 10:13:23.120,1.50476,1.50491,3.37,2.25
2018.04.05 10:13:23.276,1.50477,1.50492,2.44,1.12
2018.04.05 10:13:23.823,1.50478,1.50493,1.31,1.69
2018.04.05 10:13:24.235,1.5048,1.50492,1.25,1.31
2018.04.05 10:13:26.791,1.50478,1.50492,1.56,1.50
2018.04.05 10:13:28.346,1.50478,1.50493,1.75,1.69
2018.04.05 10:13:28.895,1.50479,1.50493,1.12,2.06
2018.04.05 10:13:29.777,1.50479,1.50493,1.44,1.56
2018.04.05 10:13:31.533,1.50479,1.50494,1.81,2.06
2018.04.05 10:13:31.740,1.50479,1.50494,1.50,1.19
2018.04.05 10:13:32.205,1.50479,1.50496,1.87,1.38
2018.04.05 10:13:32.360,1.50481,1.50496,2.25,1.31
2018.04.05 10:13:35.626,1.50481,1.50497,1.56,1.63
2018.04.05 10:13:35.946,1.50483,1.50497,1.19,1.44
2018.04.05 10:13:36.346,1.50488,1.505,1.00,1.50
2018.04.05 10:13:36.897,1.50489,1.50503,1.00,1.13
2018.04.05 10:13:37.313,1.50489,1.505,1.00,1.44
2018.04.05 10:13:37.519,1.50486,1.50499,1.19,1.87
2018.04.05 10:13:37.570,1.50486,1.50497,1.19,1.19
2018.04.05 10:13:38.234,1.50485,1.50498,3.19,1.19
2018.04.05 10:13:38.762,1.50485,1.50499,3.37,1.44
2018.04.05 10:13:39.294,1.50486,1.50501,2.81,1.87
2018.04.05 10:13:39.829,1.50486,1.50501,2.81,1.69
2018.04.05 10:13:40.346,1.50486,1.505,2.81,1.62
2018.04.05 10:13:46.009,1.50484,1.50499,4.12,1.19
2018.04.05 10:13:46.163,1.50486,1.50499,1.12,1.19
2018.04.05 10:13:46.740,1.50487,1.50504,1.12,3.94
2018.04.05 10:13:46.792,1.50486,1.505,1.31,1.50
2018.04.05 10:13:46.845,1.50486,1.50499,1.25,1.37
2018.04.05 10:13:47.354,1.50484,1.50498,1.56,1.44
2018.04.05 10:13:51.344,1.50484,1.50501,1.81,2.63
2018.04.05 10:13:52.080,1.50484,1.505,1.50,2.63
2018.04.05 10:13:53.059,1.50486,1.50498,1.25,1.44
2018.04.05 10:13:53.677,1.50486,1.50498,1.19,1.19
2018.04.05 10:13:57.942,1.50484,1.50498,2.81,1.50
2018.04.05 10:13:58.047,1.50486,1.50501,1.25,3.94
2018.04.05 10:13:58.564,1.50485,1.50498,1.00,1.44
2018.04.05 10:13:58.990,1.50486,1.50499,1.37,1.50
2018.04.05 10:13:59.296,1.50479,1.50494,1.87,1.50
2018.04.05 10:14:01.659,1.50478,1.50492,1.12,1.38
2018.04.05 10:14:01.813,1.50477,1.50491,1.00,2.25
2018.04.05 10:14:03.077,1.50476,1.5049,2.25,1.44
2018.04.05 10:14:04.238,1.50478,1.50492,1.37,2.25
2018.04.05 10:14:04.963,1.50477,1.50491,1.19,1.87
2018.04.05 10:14:05.516,1.50476,1.50491,1.87,1.50
2018.04.05 10:14:08.037,1.50477,1.50491,1.50,1.50
2018.04.05 10:14:08.585,1.50477,1.5049,1.31,1.19
2018.04.05 10:14:08.777,1.50477,1.50493,1.87,1.75
2018.04.05 10:14:09.300,1.50478,1.50493,2.19,1.69
2018.04.05 10:14:09.406,1.50482,1.50495,1.00,1.37
2018.04.05 10:14:09.460,1.50482,1.50496,1.12,1.44
2018.04.05 10:14:09.616,1.50485,1.50497,1.44,1.12
2018.04.05 10:14:09.980,1.50484,1.50498,3.37,1.50
2018.04.05 10:14:10.497,1.50484,1.50498,1.81,1.37
2018.04.05 10:14:11.025,1.50484,1.50498,3.37,1.37
2018.04.05 10:14:11.387,1.50485,1.50498,1.37,1.44
2018.04.05 10:14:11.508,1.50485,1.50498,1.37,1.37
2018.04.05 10:14:11.818,1.50485,1.505,1.50,2.63
2018.04.05 10:14:12.333,1.50487,1.505,1.00,2.25
2018.04.05 10:14:12.799,1.50484,1.50498,1.87,1.19
2018.04.05 10:14:13.068,1.50485,1.50499,1.37,1.37
2018.04.05 10:14:13.171,1.50486,1.505,1.56,2.62
2018.04.05 10:14:13.426,1.50486,1.505,1.62,2.25
2018.04.05 10:14:13.736,1.50484,1.50498,1.62,1.31
2018.04.05 10:14:16.338,1.50485,1.50498,1.00,1.38
2018.04.05 10:14:16.552,1.50485,1.50498,1.00,1.50
2018.04.05 10:14:18.006,1.50485,1.50498,1.00,1.13
2018.04.05 10:14:18.575,1.50484,1.50499,1.81,1.75
2018.04.05 10:14:18.628,1.50482,1.50494,4.50,1.37
2018.04.05 10:14:18.680,1.50481,1.50492,2.25,1.50
2018.04.05 10:14:18.733,1.50479,1.50491,1.25,1.37
2018.04.05 10:14:18.785,1.50478,1.50492,1.50,2.81
2018.04.05 10:14:19.322,1.50478,1.50492,1.25,3.00
2018.04.05 10:14:21.113,1.50479,1.50493,1.12,1.75
2018.04.05 10:14:21.478,1.50478,1.50492,1.87,1.37
2018.04.05 10:14:21.839,1.50476,1.50491,2.44,2.63
2018.04.05 10:14:23.984,1.50475,1.5049,1.12,1.31
2018.04.05 10:14:24.090,1.50473,1.50486,1.50,1.25
2018.04.05 10:14:24.248,1.50472,1.50487,2.81,1.31
2018.04.05 10:14:24.798,1.50472,1.50487,1.69,1.69
2018.04.05 10:14:24.902,1.50476,1.5049,1.44,1.37
2018.04.05 10:14:24.955,1.50476,1.5049,1.37,1.12
2018.04.05 10:14:25.371,1.50473,1.50489,2.81,1.12
2018.04.05 10:14:25.424,1.50473,1.5049,3.19,2.25
2018.04.05 10:14:26.057,1.50473,1.50488,2.06,1.12
2018.04.05 10:14:27.419,1.50476,1.50488,1.44,1.25
2018.04.05 10:14:28.024,1.50477,1.50489,1.25,2.19
2018.04.05 10:14:28.540,1.50477,1.50489,1.25,2.06
2018.04.05 10:14:29.057,1.50476,1.50489,1.12,2.06
2018.04.05 10:14:29.516,1.50478,1.50489,1.19,2.62
2018.04.05 10:14:29.670,1.50477,1.50489,1.25,2.62
2018.04.05 10:14:30.242,1.50477,1.50489,1.19,1.31
2018.04.05 10:14:30.451,1.50477,1.50489,1.25,1.31
2018.04.05 10:14:30.607,1.50477,1.5049,1.12,2.06
2018.04.05 10:14:30.865,1.50476,1.5049,3.19,1.87
2018.04.05 10:14:31.586,1.50476,1.5049,2.62,1.12
2018.04.05 10:14:31.638,1.50476,1.5049,3.37,1.44
2018.04.05 10:14:32.944,1.50476,1.5049,4.12,1.62
2018.04.05 10:14:35.549,1.50476,1.50488,2.25,1.31
2018.04.05 10:14:35.856,1.50475,1.50488,1.69,1.44
2018.04.05 10:14:35.907,1.50475,1.50488,2.25,1.25
2018.04.05 10:14:36.430,1.50475,1.50489,3.37,1.31
2018.04.05 10:14:36.737,1.50475,1.5049,2.62,1.37
2018.04.05 10:14:36.892,1.50476,1.5049,1.81,1.62
2018.04.05 10:14:37.211,1.50472,1.50488,2.25,3.56
2018.04.05 10:14:37.364,1.50472,1.50487,2.06,3.00
2018.04.05 10:14:37.520,1.50473,1.50488,2.19,1.19
2018.04.05 10:14:38.835,1.50475,1.5049,1.87,1.50
2018.04.05 10:14:38.887,1.50476,1.5049,1.44,1.50
2018.04.05 10:14:39.096,1.50475,1.5049,1.50,1.69
2018.04.05 10:14:39.252,1.50476,1.5049,1.87,2.63
2018.04.05 10:14:39.491,1.50478,1.50491,1.50,1.37
2018.04.05 10:14:40.019,1.50478,1.50492,1.50,1.50
2018.04.05 10:14:40.223,1.5048,1.50492,1.37,1.44
2018.04.05 10:14:40.325,1.50478,1.50492,3.00,1.44
2018.04.05 10:14:40.428,1.50477,1.50492,3.56,3.38
2018.04.05 10:14:40.530,1.50474,1.50487,2.25,1.37
2018.04.05 10:14:41.071,1.50475,1.50485,1.25,1.00
2018.04.05 10:14:41.604,1.50472,1.50485,1.87,1.00
2018.04.05 10:14:42.110,1.50476,1.50488,1.25,3.00
2018.04.05 10:14:42.163,1.50473,1.50486,1.44,1.12
2018.04.05 10:14:42.683,1.50473,1.50487,1.44,1.12
2018.04.05 10:14:43.262,1.50472,1.50486,1.50,2.25
2018.04.05 10:14:43.567,1.50474,1.50486,1.12,2.25
2018.04.05 10:14:43.670,1.50474,1.50486,1.12,2.25
2018.04.05 10:14:44.165,1.50473,1.50486,1.25,1.87
2018.04.05 10:14:44.270,1.50475,1.50487,1.19,1.19
2018.04.05 10:14:44.609,1.50472,1.50487,2.62,1.69
2018.04.05 10:14:45.138,1.50474,1.50486,1.25,1.00
2018.04.05 10:14:45.677,1.50474,1.50486,1.25,1.88
2018.04.05 10:14:46.452,1.50474,1.50486,1.25,1.00
2018.04.05 10:14:46.972,1.50475,1.50488,1.12,3.56
2018.04.05 10:14:47.336,1.50476,1.50488,1.19,1.44
2018.04.05 10:14:47.688,1.50473,1.50485,2.25,1.00
2018.04.05 10:14:48.097,1.50473,1.50485,1.87,1.19
2018.04.05 10:14:49.641,1.50473,1.50484,2.25,1.25
2018.04.05 10:14:50.985,1.50473,1.50486,1.31,1.69
2018.04.05 10:14:51.495,1.50473,1.50487,1.31,3.38
2018.04.05 10:14:53.421,1.5047,1.50484,2.81,1.31
2018.04.05 10:14:53.526,1.50469,1.50483,1.19,2.06
2018.04.05 10:14:55.328,1.50469,1.50484,1.87,1.50
2018.04.05 10:14:55.628,1.5047,1.50483,1.19,1.19
2018.04.05 10:14:55.988,1.50469,1.50485,2.25,3.19
2018.04.05 10:14:56.502,1.50469,1.50484,1.87,1.88
2018.04.05 10:14:57.147,1.50469,1.50481,1.87,1.00
2018.04.05 10:14:57.772,1.50469,1.50482,1.87,1.31
2018.04.05 10:14:58.589,1.50469,1.50481,1.81,1.00
2018.04.05 10:15:00.464,1.50469,1.50482,1.44,1.69
2018.04.05 10:15:00.978,1.50469,1.50481,1.25,1.12
2018.04.05 10:15:01.960,1.50469,1.50483,1.37,1.87
2018.04.05 10:15:02.470,1.5047,1.50483,1.19,1.87
2018.04.05 10:15:04.712,1.5047,1.50483,1.19,1.31
2018.04.05 10:15:05.857,1.50469,1.50483,1.81,1.62
2018.04.05 10:15:05.910,1.50473,1.50483,1.69,1.00
2018.04.05 10:15:06.014,1.50478,1.50488,1.00,1.00
2018.04.05 10:15:06.323,1.50477,1.50492,1.75,2.62
2018.04.05 10:15:06.776,1.50479,1.50492,1.12,1.00
2018.04.05 10:15:07.296,1.50479,1.50492,1.12,1.00
2018.04.05 10:15:07.828,1.50479,1.50494,1.50,1.50
2018.04.05 10:15:08.165,1.50481,1.50494,1.12,1.44
2018.04.05 10:15:08.787,1.50481,1.50494,1.56,1.44
2018.04.05 10:15:09.192,1.50479,1.50494,1.19,3.00
2018.04.05 10:15:09.244,1.50477,1.50492,5.06,2.25
2018.04.05 10:15:09.665,1.50479,1.50491,1.19,1.69
2018.04.05 10:15:18.184,1.50479,1.50492,1.19,2.06
2018.04.05 10:15:21.842,1.50478,1.50491,1.25,2.25
2018.04.05 10:15:24.198,1.50477,1.5049,1.12,2.25
2018.04.05 10:15:24.784,1.50477,1.5049,1.37,1.50
2018.04.05 10:15:25.527,1.5047,1.50484,1.31,1.87
2018.04.05 10:15:26.042,1.50469,1.50482,2.06,1.19
2018.04.05 10:15:26.672,1.50469,1.50483,1.56,1.88
2018.04.05 10:15:27.244,1.50469,1.50481,1.56,1.19
2018.04.05 10:15:27.511,1.50469,1.50482,1.50,1.19
2018.04.05 10:15:27.828,1.50469,1.50483,1.12,2.06
2018.04.05 10:15:27.932,1.50469,1.50482,1.25,1.44
2018.04.05 10:15:28.087,1.50459,1.50473,2.44,1.56
2018.04.05 10:15:28.139,1.50458,1.50471,1.69,2.62
2018.04.05 10:15:28.373,1.50456,1.5047,1.31,1.87
2018.04.05 10:15:28.527,1.50452,1.50467,1.75,1.37
2018.04.05 10:15:28.834,1.50445,1.50457,1.25,1.56
2018.04.05 10:15:28.886,1.5044,1.50455,1.50,2.25
2018.04.05 10:15:28.988,1.50438,1.50452,1.56,1.50
2018.04.05 10:15:29.198,1.50435,1.5045,1.12,1.37
2018.04.05 10:15:29.251,1.50432,1.50447,1.00,1.12
2018.04.05 10:15:29.303,1.50432,1.50445,1.44,1.37
2018.04.05 10:15:29.462,1.50434,1.50446,1.87,1.00
2018.04.05 10:15:29.567,1.50433,1.5044,1.00,3.19
2018.04.05 10:15:29.620,1.50429,1.5044,1.19,1.25
2018.04.05 10:15:29.947,1.50427,1.50442,1.56,3.00
2018.04.05 10:15:30.157,1.50424,1.50438,1.12,1.37
2018.04.05 10:15:30.313,1.50422,1.50436,1.44,1.37
2018.04.05 10:15:30.823,1.50422,1.50436,1.00,1.37
2018.04.05 10:15:31.745,1.50421,1.50434,1.19,1.12
2018.04.05 10:15:31.952,1.5042,1.50433,1.25,1.37
2018.04.05 10:15:33.012,1.5042,1.50434,1.44,1.12
2018.04.05 10:15:33.120,1.50424,1.50439,2.06,2.25
2018.04.05 10:15:33.172,1.50427,1.50442,1.69,2.25
2018.04.05 10:15:33.224,1.50428,1.50442,1.75,1.12
2018.04.05 10:15:33.428,1.50429,1.50445,1.12,2.25
2018.04.05 10:15:34.030,1.50428,1.50445,1.50,3.00
2018.04.05 10:15:34.548,1.50429,1.50446,1.12,2.25
2018.04.05 10:15:34.704,1.50431,1.50446,1.44,1.44
2018.04.05 10:15:35.014,1.50436,1.50452,1.19,2.25
2018.04.05 10:15:35.476,1.50439,1.50454,1.19,3.00
2018.04.05 10:15:36.225,1.50439,1.50454,1.19,1.37
2018.04.05 10:15:36.658,1.50442,1.50458,1.87,2.25
2018.04.05 10:15:36.965,1.50443,1.50458,1.25,1.37
2018.04.05 10:15:37.271,1.50443,1.50459,1.50,3.37
2018.04.05 10:15:37.684,1.50444,1.50458,1.25,1.37
2018.04.05 10:15:37.736,1.50443,1.50456,1.56,1.75
2018.04.05 10:15:37.891,1.5044,1.50454,1.62,1.75
2018.04.05 10:15:37.994,1.50437,1.50453,1.87,1.87
2018.04.05 10:15:38.559,1.50437,1.50453,1.12,1.12
2018.04.05 10:15:38.873,1.50433,1.50446,1.62,1.19
2018.04.05 10:15:38.926,1.50433,1.50447,1.56,1.44
2018.04.05 10:15:38.979,1.50432,1.50447,1.31,1.87
2018.04.05 10:15:39.031,1.50432,1.50447,1.87,1.37
2018.04.05 10:15:39.189,1.50433,1.50448,1.50,1.44
2018.04.05 10:15:39.768,1.50434,1.50451,1.87,1.12
2018.04.05 10:15:40.096,1.50437,1.50453,1.81,2.44
2018.04.05 10:15:40.402,1.50439,1.50453,1.31,1.87
2018.04.05 10:15:40.454,1.50442,1.50457,1.37,1.87
2018.04.05 10:15:40.506,1.50445,1.5046,1.19,3.37
2018.04.05 10:15:41.070,1.50448,1.50461,1.25,1.37
2018.04.05 10:15:41.123,1.50448,1.50464,1.81,1.50
2018.04.05 10:15:41.175,1.5045,1.50466,1.87,2.25
2018.04.05 10:15:41.487,1.50451,1.50465,3.00,1.19
2018.04.05 10:15:42.445,1.50451,1.50465,1.69,1.44
2018.04.05 10:15:43.826,1.50451,1.50466,2.44,1.50
2018.04.05 10:15:45.823,1.50451,1.50466,2.44,1.37
2018.04.05 10:15:45.925,1.50451,1.50467,2.62,1.50
2018.04.05 10:15:46.444,1.50451,1.50467,1.69,1.50
2018.04.05 10:15:47.329,1.50452,1.50468,1.37,2.44
2018.04.05 10:15:48.368,1.50453,1.50467,1.12,1.75
2018.04.05 10:15:48.895,1.50452,1.50468,2.25,1.75
2018.04.05 10:15:50.078,1.50452,1.50468,3.00,1.75
2018.04.05 10:15:50.410,1.50452,1.50467,2.44,2.62
2018.04.05 10:15:50.570,1.50452,1.50467,2.06,1.50
2018.04.05 10:15:50.678,1.50453,1.50466,1.25,1.37
2018.04.05 10:15:51.302,1.5045,1.50466,5.06,1.87
2018.04.05 10:15:52.233,1.50451,1.50466,1.62,2.62
2018.04.05 10:15:52.789,1.50451,1.50466,1.69,2.62
2018.04.05 10:15:53.305,1.50451,1.50466,1.69,2.62
2018.04.05 10:15:54.683,1.50451,1.50466,1.00,1.87
2018.04.05 10:15:56.738,1.50451,1.50466,1.19,2.62
2018.04.05 10:15:58.157,1.5045,1.50465,2.06,1.50
2018.04.05 10:15:58.539,1.5045,1.50465,1.69,2.06
2018.04.05 10:15:59.032,1.50445,1.5046,1.94,1.81
2018.04.05 10:15:59.379,1.50444,1.50459,2.25,1.87
2018.04.05 10:16:00.057,1.50447,1.5046,1.00,2.62
2018.04.05 10:16:00.161,1.50446,1.5046,1.69,1.75
2018.04.05 10:16:00.349,1.50447,1.5046,1.87,1.69
2018.04.05 10:16:00.404,1.50448,1.5046,1.81,1.25
2018.04.05 10:16:00.507,1.5045,1.50464,1.62,1.37
2018.04.05 10:16:00.559,1.50448,1.50463,3.94,2.63
2018.04.05 10:16:01.183,1.50448,1.50461,1.31,1.56
2018.04.05 10:16:01.738,1.50448,1.5046,1.19,1.31
2018.04.05 10:16:02.476,1.50448,1.50462,1.19,1.75
2018.04.05 10:16:03.011,1.50448,1.50463,1.31,2.25
2018.04.05 10:16:03.528,1.50448,1.50461,1.31,1.56
2018.04.05 10:16:04.044,1.50448,1.50461,1.31,1.31
2018.04.05 10:16:04.407,1.50447,1.5046,1.31,1.19
2018.04.05 10:16:04.926,1.50447,1.50461,1.62,1.81
2018.04.05 10:16:04.979,1.50446,1.50459,1.94,1.19
2018.04.05 10:16:05.547,1.50446,1.50461,1.94,1.12
2018.04.05 10:16:05.961,1.50447,1.50459,1.62,1.44
2018.04.05 10:16:06.114,1.50444,1.50458,1.50,1.87
2018.04.05 10:16:06.538,1.50444,1.50459,1.56,1.81
2018.04.05 10:16:06.793,1.50446,1.5046,1.00,1.69
2018.04.05 10:16:06.969,1.50446,1.5046,1.50,1.44
2018.04.05 10:16:07.022,1.50449,1.50463,1.00,1.50
2018.04.05 10:16:07.535,1.50449,1.50463,1.37,1.81
2018.04.05 10:16:09.426,1.50449,1.50463,1.81,1.81
2018.04.05 10:16:10.938,1.50449,1.50462,1.00,2.62
2018.04.05 10:16:11.464,1.50446,1.5046,2.62,1.37
2018.04.05 10:16:11.997,1.50446,1.5046,2.62,1.87
2018.04.05 10:16:12.050,1.50448,1.5046,1.25,1.50
2018.04.05 10:16:12.155,1.5045,1.50462,1.00,1.37
2018.04.05 10:16:12.555,1.50449,1.50462,1.31,1.81
2018.04.05 10:16:13.073,1.50447,1.50454,1.62,1.87
2018.04.05 10:16:13.177,1.50443,1.50449,2.25,1.12
2018.04.05 10:16:13.231,1.50435,1.50449,1.69,1.62
2018.04.05 10:16:13.440,1.50434,1.50447,1.00,3.00
2018.04.05 10:16:13.977,1.50432,1.50447,2.25,2.06
2018.04.05 10:16:14.245,1.50431,1.50441,1.00,1.12
2018.04.05 10:16:14.297,1.50426,1.5044,1.37,1.12
2018.04.05 10:16:14.349,1.50423,1.5044,1.81,1.87
2018.04.05 10:16:14.953,1.50422,1.50439,1.50,4.50
2018.04.05 10:16:15.872,1.5042,1.50434,1.12,1.37
2018.04.05 10:16:15.974,1.50418,1.50432,1.00,1.31
2018.04.05 10:16:16.162,1.50412,1.50427,1.31,3.56
2018.04.05 10:16:16.213,1.50411,1.50426,1.62,2.25
2018.04.05 10:16:16.724,1.5041,1.50424,1.81,1.87
2018.04.05 10:16:17.633,1.5041,1.50424,1.56,2.25
2018.04.05 10:16:18.302,1.5041,1.50425,2.06,2.44
2018.04.05 10:16:18.715,1.50411,1.50424,1.31,1.56
2018.04.05 10:16:18.829,1.50411,1.50424,1.31,1.19
2018.04.05 10:16:18.986,1.50411,1.50424,2.06,1.19
2018.04.05 10:16:19.089,1.50411,1.50424,1.31,1.19
2018.04.05 10:16:19.823,1.50411,1.50426,1.56,1.56
2018.04.05 10:16:19.926,1.50411,1.50426,1.56,1.75
2018.04.05 10:16:20.235,1.50412,1.50428,1.37,1.12
2018.04.05 10:16:20.446,1.50417,1.50433,3.00,2.62
2018.04.05 10:16:20.499,1.50417,1.50433,2.19,1.50
2018.04.05 10:16:20.864,1.5042,1.50436,4.12,1.87
2018.04.05 10:16:21.390,1.50424,1.50438,1.37,1.12
2018.04.05 10:16:21.869,1.50425,1.50439,1.12,1.50
2018.04.05 10:16:21.921,1.50425,1.50441,1.87,1.87
2018.04.05 10:16:22.026,1.50427,1.50443,2.06,1.12
2018.04.05 10:16:22.077,1.50434,1.50445,1.50,1.00
2018.04.05 10:16:22.132,1.50434,1.5045,2.25,3.56
2018.04.05 10:16:22.672,1.50435,1.5045,1.81,2.06
2018.04.05 10:16:23.608,1.50435,1.50451,1.87,2.00
2018.04.05 10:16:23.711,1.50437,1.50452,1.19,2.44
2018.04.05 10:16:23.765,1.50437,1.50453,2.25,1.75
2018.04.05 10:16:24.247,1.50439,1.50453,2.44,1.19
2018.04.05 10:16:24.763,1.50439,1.50454,1.56,1.44
2018.04.05 10:16:25.291,1.50439,1.50455,1.19,3.56
2018.04.05 10:16:25.626,1.50436,1.50452,3.00,1.37
2018.04.05 10:16:26.141,1.50437,1.50453,1.37,3.19
2018.04.05 10:16:26.530,1.50436,1.50451,1.12,1.50
2018.04.05 10:16:27.409,1.50436,1.50451,1.31,1.75
2018.04.05 10:16:28.051,1.50436,1.50451,1.31,1.50
2018.04.05 10:16:28.597,1.50436,1.50451,1.31,1.87
2018.04.05 10:16:31.234,1.50439,1.50451,1.50,1.00
2018.04.05 10:16:31.286,1.5044,1.50455,1.50,1.50
2018.04.05 10:16:31.809,1.50441,1.50457,1.50,4.12
2018.04.05 10:16:32.074,1.50442,1.50456,4.31,1.75
2018.04.05 10:16:32.772,1.50442,1.50457,5.44,2.06
2018.04.05 10:16:33.358,1.50442,1.50456,2.06,1.31
2018.04.05 10:16:33.895,1.50442,1.50456,1.69,1.31
2018.04.05 10:16:34.516,1.50442,1.50456,1.37,1.31
2018.04.05 10:16:34.620,1.5044,1.50453,1.12,1.75
2018.04.05 10:16:34.813,1.5044,1.50453,1.19,1.81
2018.04.05 10:16:34.866,1.50443,1.50457,1.31,1.87
2018.04.05 10:16:34.919,1.50444,1.50461,2.25,8.44
2018.04.05 10:16:35.232,1.50446,1.50459,1.87,1.19
2018.04.05 10:16:35.442,1.5045,1.50463,1.19,1.19
2018.04.05 10:16:35.804,1.50449,1.50464,1.56,1.50
2018.04.05 10:16:35.907,1.50449,1.50462,1.56,1.44
2018.04.05 10:16:36.081,1.50449,1.50464,1.81,2.25
2018.04.05 10:16:37.108,1.5045,1.5046,1.25,1.63
2018.04.05 10:16:37.212,1.50442,1.50455,1.50,1.12
2018.04.05 10:16:37.264,1.50441,1.50455,1.00,1.31
2018.04.05 10:16:37.352,1.50441,1.50454,1.00,1.12
2018.04.05 10:16:37.665,1.50434,1.50446,1.00,1.69
2018.04.05 10:16:37.869,1.50432,1.50446,1.25,2.06
2018.04.05 10:16:37.921,1.50431,1.50445,1.69,1.88
2018.04.05 10:16:38.023,1.50429,1.50443,1.25,1.19
2018.04.05 10:16:38.670,1.50428,1.50442,1.87,1.87
2018.04.05 10:16:39.175,1.50429,1.50442,1.00,1.87
2018.04.05 10:16:39.466,1.50428,1.50442,1.87,1.31
2018.04.05 10:16:39.568,1.50429,1.50444,1.37,1.50
2018.04.05 10:16:40.093,1.50431,1.50446,1.19,2.81
2018.04.05 10:16:41.457,1.50432,1.50446,1.69,2.81
2018.04.05 10:16:41.765,1.5043,1.50444,1.12,1.12
2018.04.05 10:16:41.868,1.50427,1.50443,3.37,1.87
2018.04.05 10:16:42.754,1.50428,1.50443,1.12,1.12
2018.04.05 10:16:44.018,1.50425,1.50435,2.81,1.37
2018.04.05 10:16:44.070,1.50423,1.50438,1.12,1.50
2018.04.05 10:16:44.122,1.5042,1.50434,1.19,2.44
2018.04.05 10:16:44.174,1.5042,1.50435,1.69,2.62
2018.04.05 10:16:44.388,1.50419,1.50436,1.12,3.56
2018.04.05 10:16:44.784,1.50418,1.50435,3.75,3.94
2018.04.05 10:16:45.314,1.50417,1.50434,4.12,2.44
2018.04.05 10:16:45.629,1.50415,1.5043,3.37,1.12
2018.04.05 10:16:46.174,1.50415,1.50431,4.12,1.12
2018.04.05 10:16:46.483,1.50417,1.50431,1.31,1.12
2018.04.05 10:16:46.587,1.50416,1.50431,1.56,1.12
2018.04.05 10:16:46.691,1.50418,1.50433,2.25,1.50
2018.04.05 10:16:46.743,1.50418,1.50433,1.81,1.87
2018.04.05 10:16:46.795,1.50417,1.50432,2.62,1.44
2018.04.05 10:16:46.847,1.50417,1.50432,1.12,1.50
2018.04.05 10:16:46.899,1.50417,1.50432,1.12,1.50
2018.04.05 10:16:47.348,1.50417,1.50433,1.19,2.06
2018.04.05 10:16:48.094,1.50417,1.50433,1.25,1.87
2018.04.05 10:16:49.553,1.50415,1.50432,5.25,1.37
2018.04.05 10:16:49.865,1.50415,1.50432,4.50,2.06
2018.04.05 10:16:53.039,1.50416,1.50432,2.06,1.25
2018.04.05 10:16:53.353,1.50418,1.50434,2.62,3.00
2018.04.05 10:16:53.408,1.50418,1.50434,2.62,1.50
2018.04.05 10:16:54.248,1.50418,1.50434,1.50,1.50
2018.04.05 10:16:55.246,1.50417,1.50434,1.50,1.87
2018.04.05 10:16:55.351,1.50415,1.50432,1.75,1.87
2018.04.05 10:16:55.685,1.50413,1.50428,1.81,1.31
2018.04.05 10:16:55.943,1.50413,1.50427,1.44,1.19
2018.04.05 10:16:55.995,1.50413,1.50427,1.37,1.00
2018.04.05 10:16:56.525,1.50412,1.50428,2.25,1.12
2018.04.05 10:16:57.095,1.50412,1.50428,1.87,1.87
2018.04.05 10:16:58.679,1.50412,1.50427,1.87,1.44
2018.04.05 10:16:59.184,1.50412,1.50427,1.87,1.44
2018.04.05 10:16:59.722,1.50412,1.50426,1.87,1.44
2018.04.05 10:17:00.238,1.50412,1.50426,1.87,1.25
2018.04.05 10:17:00.557,1.50412,1.50426,1.87,1.19
2018.04.05 10:17:01.073,1.50412,1.50428,3.75,1.37
2018.04.05 10:17:01.607,1.50412,1.50427,3.75,1.37
2018.04.05 10:17:06.630,1.50416,1.50431,1.00,1.87
2018.04.05 10:17:07.318,1.50415,1.50428,1.87,1.25
2018.04.05 10:17:08.198,1.50415,1.50429,1.87,1.50
2018.04.05 10:17:08.737,1.50415,1.5043,1.12,1.75
2018.04.05 10:17:09.124,1.50415,1.50431,1.12,1.50
2018.04.05 10:17:09.178,1.50417,1.50433,3.37,1.69
2018.04.05 10:17:10.642,1.50419,1.50434,1.12,2.81
2018.04.05 10:17:11.202,1.50418,1.50434,3.75,2.06
2018.04.05 10:17:16.955,1.50418,1.50433,3.37,1.44
2018.04.05 10:17:17.059,1.50416,1.50429,2.06,1.00
2018.04.05 10:17:18.773,1.50415,1.50429,1.12,1.44
2018.04.05 10:17:20.082,1.50416,1.50429,1.19,1.44
2018.04.05 10:17:21.610,1.50417,1.50431,1.31,1.44
2018.04.05 10:17:21.713,1.50417,1.5043,1.50,1.25
2018.04.05 10:17:23.079,1.50417,1.50431,1.31,1.19
2018.04.05 10:17:25.177,1.50415,1.50427,1.19,1.25
2018.04.05 10:17:25.491,1.50417,1.5043,1.37,1.12
2018.04.05 10:17:25.708,1.50417,1.5043,1.50,1.12
2018.04.05 10:17:26.525,1.50417,1.50432,1.87,2.25
2018.04.05 10:17:27.038,1.50419,1.50433,1.44,1.87
2018.04.05 10:17:27.433,1.50422,1.50435,1.31,1.87
2018.04.05 10:17:27.485,1.50423,1.50436,1.00,1.37
2018.04.05 10:17:27.793,1.50422,1.50433,1.31,1.56
2018.04.05 10:17:28.329,1.50422,1.50433,1.50,1.62
2018.04.05 10:17:28.835,1.50422,1.50433,1.50,1.31
2018.04.05 10:17:29.155,1.5042,1.50434,1.50,2.06
2018.04.05 10:17:30.845,1.5042,1.50433,1.44,1.69
2018.04.05 10:17:30.948,1.50419,1.50432,1.12,1.87
2018.04.05 10:17:31.621,1.50419,1.50433,1.50,1.50
2018.04.05 10:17:31.672,1.50419,1.50433,1.44,1.50
2018.04.05 10:17:31.825,1.50419,1.50433,1.44,1.31
2018.04.05 10:17:32.183,1.50419,1.50432,1.00,1.25
2018.04.05 10:17:32.723,1.50419,1.50431,1.00,1.25
2018.04.05 10:17:33.053,1.50417,1.50433,3.75,2.62
2018.04.05 10:17:33.359,1.50417,1.5043,3.56,1.19
2018.04.05 10:17:37.144,1.50417,1.50429,1.31,1.19
2018.04.05 10:17:37.890,1.50416,1.50429,2.06,1.19
2018.04.05 10:17:38.915,1.50414,1.50428,3.75,1.19
2018.04.05 10:17:38.966,1.50414,1.5043,3.75,1.69
2018.04.05 10:17:40.464,1.50414,1.50429,3.19,1.19
2018.04.05 10:17:41.497,1.50415,1.50427,1.69,1.19
2018.04.05 10:17:41.855,1.50413,1.50424,2.25,1.19
2018.04.05 10:17:42.990,1.50413,1.50424,1.19,1.19
2018.04.05 10:17:43.407,1.50413,1.50427,1.19,1.31
2018.04.05 10:17:43.939,1.50413,1.50428,1.87,1.44
2018.04.05 10:17:44.095,1.50413,1.50428,3.19,1.44
2018.04.05 10:17:44.580,1.50414,1.50429,1.87,1.87
2018.04.05 10:17:45.470,1.50415,1.50429,1.50,1.19
2018.04.05 10:17:45.521,1.50417,1.50429,1.56,1.00
2018.04.05 10:17:45.845,1.50418,1.50433,3.00,1.44
2018.04.05 10:17:45.999,1.5042,1.50431,1.37,1.19
2018.04.05 10:17:46.336,1.5042,1.5043,1.50,1.19
2018.04.05 10:17:46.846,1.50418,1.5043,1.94,1.19
2018.04.05 10:17:47.168,1.50418,1.50428,1.94,1.19
2018.04.05 10:17:48.715,1.50418,1.5043,2.44,1.19
2018.04.05 10:17:48.819,1.50418,1.50432,2.44,1.19
2018.04.05 10:17:48.974,1.50418,1.50431,2.44,1.19
2018.04.05 10:17:49.129,1.50418,1.50432,3.19,1.19
2018.04.05 10:17:49.659,1.50418,1.50433,3.56,1.44
2018.04.05 10:17:49.917,1.50418,1.50431,2.81,1.19
2018.04.05 10:17:50.070,1.50416,1.5043,3.19,1.19
2018.04.05 10:17:50.580,1.50416,1.50428,1.31,1.31
2018.04.05 10:17:51.089,1.50415,1.50428,3.56,2.06
2018.04.05 10:17:52.028,1.50417,1.50429,1.00,1.50
2018.04.05 10:17:52.390,1.50416,1.50427,1.37,1.44
2018.04.05 10:17:52.892,1.50415,1.50427,1.69,1.19
2018.04.05 10:17:54.990,1.50413,1.50427,3.94,1.50
2018.04.05 10:17:56.846,1.50413,1.50426,1.56,1.19
2018.04.05 10:17:57.465,1.50416,1.50429,2.81,1.69
2018.04.05 10:17:57.976,1.50416,1.50428,1.56,1.19
2018.04.05 10:17:58.770,1.50415,1.50428,2.81,1.19
2018.04.05 10:17:58.822,1.50415,1.50429,2.81,1.87
2018.04.05 10:17:59.113,1.50415,1.50427,2.81,1.19
2018.04.05 10:17:59.268,1.50416,1.50429,1.94,1.87
2018.04.05 10:17:59.983,1.50415,1.50427,2.06,1.19
2018.04.05 10:18:00.494,1.50415,1.50425,1.19,1.19
2018.04.05 10:18:01.020,1.50414,1.50425,3.94,1.19
2018.04.05 10:18:03.551,1.50412,1.50424,2.06,1.19
2018.04.05 10:18:03.672,1.50412,1.50421,2.06,1.19
2018.04.05 10:18:03.725,1.50411,1.50424,2.81,1.19
2018.04.05 10:18:04.037,1.50411,1.50425,3.56,1.19
2018.04.05 10:18:04.457,1.50412,1.50427,1.69,3.37
2018.04.05 10:18:04.560,1.50414,1.50427,1.69,1.69
2018.04.05 10:18:04.868,1.50415,1.50425,1.62,1.19
2018.04.05 10:18:05.303,1.50414,1.50425,1.50,1.44
2018.04.05 10:18:05.456,1.5041,1.50422,6.94,1.19
2018.04.05 10:18:05.508,1.50409,1.5042,3.56,1.19
2018.04.05 10:18:05.830,1.50409,1.50418,1.31,1.19
2018.04.05 10:18:06.238,1.50408,1.50418,2.25,1.19
2018.04.05 10:18:06.544,1.50408,1.50416,1.19,1.19
2018.04.05 10:18:06.596,1.50408,1.50418,1.19,1.19
2018.04.05 10:18:06.648,1.50406,1.50415,1.69,1.19
2018.04.05 10:18:06.762,1.50406,1.50418,2.06,1.19
2018.04.05 10:18:07.827,1.50406,1.50418,1.69,1.19
2018.04.05 10:18:08.354,1.50408,1.5042,1.25,1.19
2018.04.05 10:18:08.872,1.50407,1.5042,1.50,1.19
2018.04.05 10:18:09.382,1.50406,1.50419,5.81,1.19
2018.04.05 10:18:09.488,1.50408,1.50419,1.62,1.19
2018.04.05 10:18:09.695,1.50409,1.50421,1.00,1.19
2018.04.05 10:18:09.799,1.50409,1.50419,1.00,1.19
2018.04.05 10:18:10.111,1.50409,1.5042,1.69,1.19
2018.04.05 10:18:10.164,1.50411,1.50422,1.62,1.19
2018.04.05 10:18:10.216,1.50412,1.50424,1.12,1.19
2018.04.05 10:18:10.720,1.50412,1.50424,3.00,1.69
2018.04.05 10:18:11.250,1.50412,1.50423,3.94,1.19
2018.04.05 10:18:11.770,1.50412,1.50422,1.69,1.19
2018.04.05 10:18:12.304,1.50412,1.50423,1.69,1.19
2018.04.05 10:18:12.695,1.50411,1.50422,1.56,1.19
2018.04.05 10:18:12.800,1.50406,1.50421,4.12,1.81
2018.04.05 10:18:12.852,1.50406,1.50416,1.25,1.19
2018.04.05 10:18:12.904,1.50406,1.50421,1.12,3.00
2018.04.05 10:18:12.956,1.50407,1.50421,1.31,1.44
2018.04.05 10:18:13.008,1.50409,1.50422,1.12,1.19
2018.04.05 10:18:13.225,1.50408,1.50424,3.00,1.37
2018.04.05 10:18:13.429,1.50409,1.50424,1.87,1.44
2018.04.05 10:18:13.493,1.50409,1.50424,1.87,1.37
2018.04.05 10:18:14.008,1.5041,1.50425,1.44,3.00
2018.04.05 10:18:14.418,1.5041,1.50424,1.12,1.44
2018.04.05 10:18:14.756,1.5041,1.50423,1.44,1.19
2018.04.05 10:18:17.167,1.5041,1.50423,1.25,1.37
2018.04.05 10:18:17.324,1.50409,1.50423,1.56,1.44
2018.04.05 10:18:17.376,1.50411,1.50425,1.31,3.56
2018.04.05 10:18:18.118,1.5041,1.50425,3.37,1.87
2018.04.05 10:18:19.264,1.5041,1.50424,3.00,1.50
2018.04.05 10:18:19.877,1.5041,1.50424,3.37,1.50
2018.04.05 10:18:20.412,1.50411,1.50423,1.00,1.37
2018.04.05 10:18:20.952,1.50411,1.50422,1.00,1.44
2018.04.05 10:18:21.462,1.50409,1.50422,1.31,1.44
2018.04.05 10:18:21.516,1.50408,1.50422,2.81,1.87
2018.04.05 10:18:21.981,1.50407,1.5042,2.06,1.87
2018.04.05 10:18:22.033,1.50406,1.5042,4.69,1.44
2018.04.05 10:18:22.831,1.50406,1.5042,1.87,1.44
2018.04.05 10:18:23.368,1.50406,1.5042,3.75,1.44
2018.04.05 10:18:23.419,1.50406,1.50418,3.37,1.19
2018.04.05 10:18:23.522,1.50405,1.50416,1.00,1.50
2018.04.05 10:18:24.049,1.50403,1.50417,1.37,1.87
2018.04.05 10:18:26.318,1.50405,1.50417,1.19,1.31
2018.04.05 10:18:26.371,1.50405,1.50418,1.19,1.25
2018.04.05 10:18:26.466,1.50408,1.5042,1.12,1.25
2018.04.05 10:18:26.977,1.5041,1.50424,1.19,1.75
2018.04.05 10:18:27.284,1.50409,1.5042,1.69,1.19
2018.04.05 10:18:27.602,1.50412,1.50423,1.75,1.12
2018.04.05 10:18:27.705,1.50412,1.50423,1.12,1.44
2018.04.05 10:18:28.911,1.50411,1.50425,1.87,1.87
2018.04.05 10:18:28.963,1.50411,1.50423,2.63,1.19
2018.04.05 10:18:29.741,1.50412,1.50424,1.37,1.44
2018.04.05 10:18:30.261,1.50412,1.50422,1.37,1.19
2018.04.05 10:18:30.587,1.50412,1.50424,1.37,1.44
2018.04.05 10:18:32.106,1.50412,1.50427,1.62,1.87
2018.04.05 10:18:32.209,1.50412,1.50425,1.37,1.37
2018.04.05 10:18:36.953,1.50413,1.50422,1.00,1.19
2018.04.05 10:18:37.056,1.50413,1.50423,1.00,1.19
2018.04.05 10:18:38.677,1.50413,1.50424,1.00,1.44
2018.04.05 10:18:39.584,1.50412,1.50422,1.50,1.19
2018.04.05 10:18:39.638,1.50411,1.50423,2.06,1.50
2018.04.05 10:18:39.692,1.50414,1.50427,2.44,2.62
2018.04.05 10:18:39.797,1.50422,1.50435,1.19,1.44
2018.04.05 10:18:39.901,1.50423,1.50436,1.19,1.19
2018.04.05 10:18:40.006,1.50426,1.50438,1.19,1.19
2018.04.05 10:18:40.112,1.50427,1.5044,2.44,1.19
2018.04.05 10:18:40.165,1.50428,1.50443,2.44,1.75
2018.04.05 10:18:40.218,1.50432,1.50444,1.19,1.69
2018.04.05 10:18:40.533,1.50434,1.50444,1.69,1.69
2018.04.05 10:18:41.048,1.50434,1.50444,1.62,1.19
2018.04.05 10:18:41.590,1.50434,1.50444,1.31,1.19
2018.04.05 10:18:42.037,1.50432,1.50442,1.31,1.19
2018.04.05 10:18:42.346,1.50431,1.5044,1.56,1.19
2018.04.05 10:18:42.789,1.5043,1.50442,1.56,1.19
2018.04.05 10:18:43.101,1.50432,1.50444,1.31,1.44
2018.04.05 10:18:43.153,1.50436,1.50448,1.19,1.31
2018.04.05 10:18:43.207,1.50437,1.5045,1.94,1.19
2018.04.05 10:18:43.259,1.50439,1.5045,1.56,1.19
2018.04.05 10:18:43.892,1.50439,1.5045,1.31,1.19
2018.04.05 10:18:44.413,1.50441,1.50451,1.56,1.19
2018.04.05 10:18:45.356,1.50441,1.50454,1.56,1.19
2018.04.05 10:18:45.815,1.50443,1.50457,1.69,1.50
2018.04.05 10:18:46.394,1.50443,1.50457,1.69,1.19
2018.04.05 10:18:46.448,1.50442,1.50454,1.56,1.19
2018.04.05 10:18:47.010,1.50442,1.50455,1.56,2.06
2018.04.05 10:18:47.320,1.5044,1.50455,4.69,1.69
2018.04.05 10:18:47.922,1.5044,1.50453,4.69,1.19
2018.04.05 10:18:48.627,1.5044,1.50454,3.75,1.19
2018.04.05 10:18:49.162,1.50441,1.50454,1.69,1.19
2018.04.05 10:18:50.561,1.50443,1.50457,1.56,1.31
2018.04.05 10:18:50.613,1.50447,1.5046,1.00,1.50
2018.04.05 10:18:50.664,1.50447,1.50461,1.56,1.50
2018.04.05 10:18:50.919,1.50448,1.50462,1.56,1.50
2018.04.05 10:18:50.972,1.50455,1.50468,1.25,1.19
2018.04.05 10:18:51.281,1.50454,1.50466,1.31,1.19
2018.04.05 10:18:52.632,1.50453,1.50465,2.06,1.19
2018.04.05 10:18:53.144,1.50453,1.50461,1.19,1.19
2018.04.05 10:18:53.197,1.50448,1.5046,3.19,1.19
2018.04.05 10:18:53.967,1.50448,1.50461,4.69,1.19
2018.04.05 10:18:54.505,1.50449,1.5046,1.19,1.19
2018.04.05 10:18:55.597,1.50448,1.50462,3.00,1.31
2018.04.05 10:18:56.129,1.50452,1.50464,1.00,1.19
2018.04.05 10:18:56.785,1.50452,1.50465,2.06,1.19
2018.04.05 10:18:59.422,1.50452,1.50465,5.06,1.19
2018.04.05 10:19:00.048,1.50452,1.50465,2.44,1.19
2018.04.05 10:19:00.152,1.50454,1.50467,1.56,1.19
2018.04.05 10:19:00.257,1.50458,1.5047,1.12,1.19
2018.04.05 10:19:00.310,1.50457,1.5047,3.94,1.19
2018.04.05 10:19:00.467,1.50458,1.50473,5.44,1.75
2018.04.05 10:19:00.519,1.50458,1.50469,4.69,1.19
2018.04.05 10:19:00.624,1.50458,1.50472,5.44,1.50
2018.04.05 10:19:00.677,1.50458,1.50469,5.44,1.19
2018.04.05 10:19:01.197,1.50459,1.50472,1.19,1.44
2018.04.05 10:19:01.249,1.50459,1.50469,1.19,1.19
2018.04.05 10:19:01.768,1.50459,1.50469,1.19,1.19
2018.04.05 10:19:02.334,1.50459,1.50469,1.19,1.19
2018.04.05 10:19:02.489,1.50459,1.50473,2.44,1.87
2018.04.05 10:19:02.541,1.50459,1.5047,2.06,1.19
2018.04.05 10:19:04.103,1.50462,1.50475,1.31,3.56
2018.04.05 10:19:04.275,1.50459,1.50471,3.19,1.19
2018.04.05 10:19:05.048,1.50459,1.5047,1.56,1.19
2018.04.05 10:19:05.563,1.50458,1.50472,1.31,1.50
2018.04.05 10:19:05.810,1.50458,1.5047,2.06,1.19
2018.04.05 10:19:06.017,1.50459,1.50472,1.12,1.44
2018.04.05 10:19:06.070,1.50458,1.5047,2.06,1.19
2018.04.05 10:19:06.382,1.50456,1.50468,3.75,1.19
2018.04.05 10:19:06.888,1.50456,1.50468,2.06,1.19
2018.04.05 10:19:08.368,1.50457,1.50469,1.19,1.31
2018.04.05 10:19:08.869,1.50457,1.50468,1.19,1.19
2018.04.05 10:19:09.864,1.50456,1.50468,1.69,1.19
2018.04.05 10:19:10.594,1.50457,1.50467,1.19,1.19
2018.04.05 10:19:11.111,1.50454,1.50467,2.81,1.75
2018.04.05 10:19:11.165,1.50449,1.50463,1.62,4.12
2018.04.05 10:19:11.314,1.50448,1.50459,1.12,1.19
2018.04.05 10:19:11.727,1.50444,1.50458,4.50,1.50
2018.04.05 10:19:12.240,1.50446,1.50458,1.50,1.50
2018.04.05 10:19:12.775,1.50447,1.5046,1.19,1.87
2018.04.05 10:19:12.837,1.50449,1.50461,1.50,1.87
2018.04.05 10:19:12.889,1.50448,1.50461,1.69,1.75
2018.04.05 10:19:12.942,1.50448,1.50459,2.06,1.19
2018.04.05 10:19:13.445,1.50448,1.50459,1.25,1.19
2018.04.05 10:19:14.015,1.50448,1.50459,2.44,1.19
2018.04.05 10:19:14.531,1.50448,1.5046,2.25,1.50
2018.04.05 10:19:14.947,1.50449,1.50461,1.50,1.12
2018.04.05 10:19:15.005,1.50453,1.50463,1.00,1.37
2018.04.05 10:19:15.289,1.50454,1.50465,1.69,1.31
2018.04.05 10:19:15.805,1.50456,1.50468,1.31,1.31
2018.04.05 10:19:17.123,1.50456,1.50468,2.44,1.19
2018.04.05 10:19:18.440,1.50457,1.5047,1.19,1.31
2018.04.05 10:19:18.941,1.50457,1.50471,1.19,1.87
2018.04.05 10:19:19.603,1.50457,1.50471,1.31,1.87
2018.04.05 10:19:20.135,1.50457,1.50472,3.00,2.25
2018.04.05 10:19:20.655,1.50458,1.50473,2.81,4.12
2018.04.05 10:19:20.758,1.50458,1.50472,2.44,1.81
2018.04.05 10:19:20.864,1.50459,1.50473,1.81,4.69
2018.04.05 10:19:21.383,1.50458,1.50473,1.56,4.31
2018.04.05 10:19:23.143,1.50458,1.50472,1.69,1.31
2018.04.05 10:19:23.817,1.50458,1.50472,1.87,1.31
2018.04.05 10:19:23.972,1.50458,1.50471,1.69,1.19
2018.04.05 10:19:25.353,1.50458,1.50472,2.62,1.31
2018.04.05 10:19:25.889,1.50459,1.50472,1.69,1.69
2018.04.05 10:19:28.825,1.50458,1.50472,1.56,1.69
2018.04.05 10:19:29.228,1.50456,1.50469,2.25,1.00
2018.04.05 10:19:29.744,1.50456,1.5047,3.19,1.50
2018.04.05 10:19:30.410,1.50457,1.5047,1.12,1.87
2018.04.05 10:19:31.466,1.50456,1.5047,1.25,4.50
2018.04.05 10:19:31.983,1.50454,1.50467,1.87,1.00
2018.04.05 10:19:32.726,1.50453,1.50467,2.81,1.75
2018.04.05 10:19:32.783,1.50454,1.50467,1.50,1.69
2018.04.05 10:19:32.835,1.5045,1.5046,1.00,1.31
2018.04.05 10:19:33.350,1.50446,1.5046,3.19,1.50
2018.04.05 10:19:34.121,1.50447,1.5046,1.00,1.37
2018.04.05 10:19:34.652,1.50447,1.5046,1.38,2.25
2018.04.05 10:19:35.190,1.50446,1.50458,1.31,1.44
2018.04.05 10:19:36.519,1.50446,1.50458,1.00,1.87
2018.04.05 10:19:36.571,1.50443,1.50456,2.00,1.37
2018.04.05 10:19:37.126,1.50442,1.50456,3.00,1.50
2018.04.05 10:19:37.282,1.50442,1.50454,1.50,1.37
2018.04.05 10:19:37.791,1.50442,1.50454,1.12,1.50
2018.04.05 10:19:40.615,1.50443,1.50456,1.19,3.75
2018.04.05 10:19:40.771,1.50444,1.50457,2.44,1.31
2018.04.05 10:19:41.364,1.50445,1.50459,1.62,3.00
2018.04.05 10:19:42.814,1.50447,1.50462,2.06,2.25
2018.04.05 10:19:42.918,1.5045,1.50463,1.12,1.50
2018.04.05 10:19:43.353,1.50449,1.50461,1.00,1.87
2018.04.05 10:19:43.665,1.50448,1.5046,1.50,1.19
2018.04.05 10:19:43.880,1.50448,1.50461,1.31,1.44
2018.04.05 10:19:44.042,1.50447,1.50461,2.44,1.44
2018.04.05 10:19:44.776,1.50446,1.5046,3.37,1.19
2018.04.05 10:19:44.829,1.50446,1.50459,1.25,1.50
2018.04.05 10:19:44.882,1.50445,1.50455,1.50,1.19
2018.04.05 10:19:44.986,1.50445,1.50458,1.00,1.50
2018.04.05 10:19:45.092,1.50445,1.50457,1.00,1.75
2018.04.05 10:19:45.375,1.50443,1.50457,1.31,2.25
2018.04.05 10:19:45.884,1.50443,1.50456,1.69,1.50
2018.04.05 10:19:46.433,1.50443,1.50456,2.25,1.37
2018.04.05 10:19:47.122,1.50443,1.50457,2.25,1.50
2018.04.05 10:19:47.174,1.50443,1.50456,2.06,1.37
2018.04.05 10:19:47.819,1.50444,1.50456,1.00,1.37
2018.04.05 10:19:47.974,1.50444,1.50458,1.31,1.75
2018.04.05 10:19:48.511,1.50444,1.50456,1.12,1.37
2018.04.05 10:19:49.047,1.50445,1.50457,1.12,1.50
2018.04.05 10:19:49.649,1.50445,1.50459,2.62,2.81
2018.04.05 10:19:50.206,1.50445,1.50457,2.62,1.50
2018.04.05 10:19:54.190,1.50445,1.50458,2.44,1.37
2018.04.05 10:19:54.243,1.50445,1.50458,2.44,1.37
2018.04.05 10:19:55.157,1.50445,1.50458,1.75,1.37
2018.04.05 10:19:55.312,1.50445,1.50459,2.44,1.37
2018.04.05 10:19:55.825,1.50445,1.50459,1.75,1.37
2018.04.05 10:19:58.313,1.50447,1.5046,1.37,1.50
2018.04.05 10:19:58.423,1.50449,1.50461,1.56,1.19
2018.04.05 10:19:58.475,1.50449,1.50464,1.87,1.50
2018.04.05 10:19:58.994,1.50453,1.50465,1.62,1.75
2018.04.05 10:19:59.216,1.50455,1.50467,1.00,1.50
2018.04.05 10:20:00.311,1.50455,1.50464,1.00,1.19
2018.04.05 10:20:00.363,1.50455,1.50467,1.00,2.25
2018.04.05 10:20:01.453,1.50454,1.50467,1.37,2.06
2018.04.05 10:20:01.505,1.50454,1.50469,1.31,2.25
2018.04.05 10:20:01.556,1.50457,1.50471,1.12,1.19
2018.04.05 10:20:01.659,1.50459,1.50474,1.31,1.44
2018.04.05 10:20:01.711,1.50463,1.50476,1.19,1.69
2018.04.05 10:20:02.045,1.50466,1.5048,1.94,1.69
2018.04.05 10:20:02.357,1.50468,1.50481,1.62,1.19
2018.04.05 10:20:02.874,1.50468,1.50481,1.62,1.19
2018.04.05 10:20:03.423,1.50468,1.50483,1.56,1.50
2018.04.05 10:20:04.801,1.50468,1.50483,2.25,1.50
2018.04.05 10:20:05.347,1.50472,1.50483,1.00,1.50
2018.04.05 10:20:06.585,1.50468,1.50483,2.44,1.31
2018.04.05 10:20:06.639,1.50468,1.5048,1.69,1.19
2018.04.05 10:20:06.692,1.50467,1.50479,1.31,1.00
2018.04.05 10:20:06.762,1.50465,1.5048,2.06,2.62
2018.04.05 10:20:06.927,1.50462,1.50476,1.12,2.62
2018.04.05 10:20:07.137,1.50463,1.50476,1.69,2.06
2018.04.05 10:20:07.346,1.50466,1.50477,1.00,1.00
2018.04.05 10:20:07.398,1.50467,1.50477,1.19,1.00
2018.04.05 10:20:07.934,1.50467,1.5048,1.31,1.44
2018.04.05 10:20:08.449,1.50467,1.5048,1.56,2.25
2018.04.05 10:20:09.014,1.50467,1.50479,1.69,1.19
2018.04.05 10:20:09.548,1.50464,1.50479,5.96,1.19
2018.04.05 10:20:09.837,1.50466,1.50479,1.25,1.19
2018.04.05 10:20:09.940,1.50466,1.50479,1.19,1.19
2018.04.05 10:20:10.462,1.50466,1.50479,1.19,1.19
2018.04.05 10:20:10.566,1.50466,1.50481,7.09,1.19
2018.04.05 10:20:10.618,1.50475,1.50485,1.37,1.19
2018.04.05 10:20:10.671,1.50476,1.50488,1.69,1.19
2018.04.05 10:20:10.815,1.50478,1.50489,1.69,1.19
2018.04.05 10:20:11.123,1.50478,1.50491,1.19,1.69
2018.04.05 10:20:13.994,1.50478,1.50488,1.56,1.19
2018.04.05 10:20:14.337,1.50476,1.50487,2.06,1.19
2018.04.05 10:20:14.948,1.50476,1.5049,1.19,1.37
2018.04.05 10:20:15.934,1.50479,1.50491,1.12,1.19
2018.04.05 10:20:16.325,1.50476,1.50488,1.69,1.19
2018.04.05 10:20:16.481,1.50478,1.50491,1.00,1.37
2018.04.05 10:20:16.636,1.50478,1.5049,1.31,1.19
2018.04.05 10:20:16.791,1.50478,1.50491,1.31,1.31
2018.04.05 10:20:17.158,1.50478,1.50489,1.31,1.19
2018.04.05 10:20:17.739,1.50478,1.50489,1.31,1.19
2018.04.05 10:20:18.894,1.50478,1.50492,1.69,1.19
2018.04.05 10:20:19.411,1.50478,1.50491,3.00,1.19
2018.04.05 10:20:19.735,1.50478,1.50491,1.69,1.19
2018.04.05 10:20:19.787,1.50478,1.50489,1.69,1.19
2018.04.05 10:20:20.300,1.50477,1.50491,1.00,1.75
2018.04.05 10:20:20.610,1.50479,1.50491,1.25,1.44
2018.04.05 10:20:21.184,1.50477,1.50492,2.44,1.50
2018.04.05 10:20:22.108,1.50478,1.50492,1.56,1.44
2018.04.05 10:20:22.882,1.50479,1.50491,1.69,1.19
2018.04.05 10:20:22.933,1.50481,1.50493,1.00,1.37
2018.04.05 10:20:23.458,1.50481,1.5049,1.00,1.19
2018.04.05 10:20:23.510,1.50481,1.50492,1.00,1.44
2018.04.05 10:20:24.716,1.50481,1.50494,1.25,1.31
2018.04.05 10:20:24.820,1.5048,1.50492,1.56,1.19
2018.04.05 10:20:25.807,1.5048,1.50491,1.25,1.19
2018.04.05 10:20:26.146,1.50478,1.5049,1.00,1.37
2018.04.05 10:20:26.612,1.50477,1.50489,1.31,1.00
2018.04.05 10:20:26.665,1.50475,1.50487,1.31,1.19
2018.04.05 10:20:27.181,1.50474,1.50487,1.31,1.44
2018.04.05 10:20:27.885,1.50476,1.50487,1.00,1.50
2018.04.05 10:20:28.308,1.50479,1.50489,1.37,1.50
2018.04.05 10:20:28.360,1.50479,1.50493,2.25,1.37
2018.04.05 10:20:28.466,1.50483,1.50496,1.19,1.44
2018.04.05 10:20:31.690,1.50483,1.50495,1.56,1.25
2018.04.05 10:20:33.676,1.50483,1.50497,1.94,1.37
2018.04.05 10:20:34.003,1.50485,1.50498,2.44,1.44
2018.04.05 10:20:35.144,1.50485,1.50498,2.44,1.44
2018.04.05 10:20:35.653,1.50486,1.50499,1.62,1.37
2018.04.05 10:20:36.170,1.50486,1.50497,1.62,1.19
2018.04.05 10:20:36.222,1.50487,1.505,1.00,1.50
2018.04.05 10:20:36.275,1.50491,1.50503,1.37,1.50
2018.04.05 10:20:36.828,1.50491,1.50503,1.75,1.50
2018.04.05 10:20:37.535,1.50491,1.50505,1.31,1.19
2018.04.05 10:20:38.052,1.50492,1.50505,1.69,1.19
2018.04.05 10:20:38.492,1.50494,1.50507,1.00,1.50
2018.04.05 10:20:38.544,1.50494,1.50505,1.00,1.19
2018.04.05 10:20:39.418,1.50494,1.50506,1.62,1.19
2018.04.05 10:20:40.021,1.50494,1.50506,1.31,1.19
2018.04.05 10:20:40.666,1.50495,1.50506,1.25,1.19
2018.04.05 10:20:40.822,1.50498,1.50511,1.62,1.37
2018.04.05 10:20:41.254,1.50497,1.5051,2.06,1.50
2018.04.05 10:20:41.889,1.50498,1.5051,1.56,1.31
2018.04.05 10:20:42.525,1.50498,1.5051,1.19,1.19
2018.04.05 10:20:42.835,1.50498,1.50509,1.19,1.19
2018.04.05 10:20:43.197,1.50497,1.50509,1.56,1.19
2018.04.05 10:20:44.140,1.50497,1.50509,1.69,1.19
2018.04.05 10:20:46.651,1.50497,1.5051,2.06,1.00
2018.04.05 10:20:47.202,1.50499,1.50511,2.06,1.56
2018.04.05 10:20:49.265,1.505,1.50514,1.62,2.25
2018.04.05 10:20:49.781,1.50502,1.50514,1.25,2.25
2018.04.05 10:20:50.625,1.50502,1.50514,1.31,1.31
2018.04.05 10:20:51.136,1.50502,1.50514,1.94,1.31
2018.04.05 10:20:51.442,1.50503,1.50515,1.25,1.81
2018.04.05 10:20:52.574,1.50502,1.50515,2.06,1.81
2018.04.05 10:20:52.627,1.50502,1.50514,1.56,2.06
2018.04.05 10:20:53.145,1.505,1.50512,4.69,1.19
2018.04.05 10:20:53.405,1.50499,1.50512,1.19,2.06
2018.04.05 10:20:53.457,1.50498,1.50509,1.31,1.19
2018.04.05 10:20:53.509,1.50498,1.50509,1.25,1.19
2018.04.05 10:20:53.820,1.50495,1.50507,3.94,1.19
2018.04.05 10:20:54.026,1.50495,1.50508,1.62,2.06
2018.04.05 10:20:54.078,1.50495,1.50508,1.62,1.25
2018.04.05 10:20:54.730,1.50495,1.50509,1.62,1.87
2018.04.05 10:20:56.087,1.50495,1.5051,1.31,3.00
2018.04.05 10:20:56.140,1.50496,1.50511,1.87,1.50
2018.04.05 10:20:56.245,1.50497,1.50513,3.37,2.25
2018.04.05 10:20:56.297,1.50498,1.5051,1.19,1.19
2018.04.05 10:20:56.401,1.50496,1.5051,1.37,1.37
2018.04.05 10:20:56.919,1.50496,1.5051,1.50,1.37
2018.04.05 10:20:57.743,1.50496,1.50511,2.44,1.50
2018.04.05 10:20:57.950,1.50497,1.50514,1.87,1.87
2018.04.05 10:20:58.485,1.50499,1.50514,1.56,1.37
2018.04.05 10:20:59.184,1.505,1.50514,1.19,1.19
2018.04.05 10:21:00.284,1.505,1.50512,1.19,1.19
2018.04.05 10:21:00.856,1.50501,1.50512,1.25,1.19
2018.04.05 10:21:01.118,1.50494,1.50506,1.00,1.37
2018.04.05 10:21:01.274,1.50489,1.50502,2.62,1.44
2018.04.05 10:21:01.447,1.50489,1.50502,1.00,1.44
2018.04.05 10:21:01.995,1.50488,1.50502,1.81,1.19
2018.04.05 10:21:02.510,1.50488,1.50502,2.06,1.69
2018.04.05 10:21:03.001,1.50488,1.50499,1.31,1.19
2018.04.05 10:21:03.339,1.5049,1.505,1.19,1.19
2018.04.05 10:21:06.194,1.50486,1.50498,1.31,1.19
2018.04.05 10:21:06.351,1.50486,1.50497,1.69,1.19
2018.04.05 10:21:06.619,1.50484,1.50495,1.69,1.19
2018.04.05 10:21:07.464,1.50483,1.50497,3.19,1.19
2018.04.05 10:21:09.285,1.50483,1.50499,1.56,1.81
2018.04.05 10:21:10.249,1.50483,1.50499,2.19,1.75
2018.04.05 10:21:10.865,1.50484,1.505,1.25,3.00
2018.04.05 10:21:10.917,1.50484,1.505,1.25,3.19
2018.04.05 10:21:11.026,1.50481,1.50495,3.00,2.00
2018.04.05 10:21:11.289,1.50468,1.50481,1.25,1.37
2018.04.05 10:21:11.393,1.50464,1.50478,3.56,1.37
2018.04.05 10:21:11.496,1.50463,1.50476,1.00,1.50
2018.04.05 10:21:11.589,1.50461,1.50476,1.12,2.44
2018.04.05 10:21:12.098,1.5046,1.50476,1.50,3.75
2018.04.05 10:21:13.385,1.5046,1.50475,1.50,2.06
2018.04.05 10:21:14.275,1.5046,1.50475,1.87,2.06
2018.04.05 10:21:14.826,1.5046,1.50475,1.87,2.06
2018.04.05 10:21:15.890,1.50459,1.50475,1.87,1.31
2018.04.05 10:21:16.318,1.50463,1.50475,1.00,1.12
2018.04.05 10:21:16.830,1.50462,1.50476,1.25,2.06
2018.04.05 10:21:17.340,1.50462,1.50476,1.25,1.87
2018.04.05 10:21:18.383,1.50464,1.50476,1.00,1.37
2018.04.05 10:21:18.842,1.50462,1.50476,1.12,1.87
2018.04.05 10:21:19.356,1.50462,1.50476,1.44,1.37
2018.04.05 10:21:23.594,1.50461,1.50476,1.37,1.75
2018.04.05 10:21:24.084,1.5046,1.50476,1.56,1.12
2018.04.05 10:21:24.620,1.50461,1.50476,1.31,2.25
2018.04.05 10:21:24.886,1.50461,1.50475,1.12,1.50
2018.04.05 10:21:24.938,1.50461,1.50476,1.31,1.31
2018.04.05 10:21:24.991,1.50467,1.5048,3.00,1.19
2018.04.05 10:21:25.044,1.5047,1.50482,2.44,1.00
2018.04.05 10:21:25.148,1.50473,1.50487,1.50,1.19
2018.04.05 10:21:25.672,1.50474,1.50489,1.12,2.25
2018.04.05 10:21:26.290,1.50473,1.50488,2.25,1.81
2018.04.05 10:21:27.094,1.50475,1.50489,1.69,1.50
2018.04.05 10:21:31.167,1.50475,1.50489,1.69,2.25
2018.04.05 10:21:32.047,1.50475,1.50488,1.25,1.81
2018.04.05 10:21:32.591,1.50475,1.50489,1.12,2.25
2018.04.05 10:21:33.566,1.50473,1.50487,1.44,1.37
2018.04.05 10:21:33.982,1.50475,1.50489,1.00,2.25
2018.04.05 10:21:34.137,1.50474,1.50488,1.25,1.12
2018.04.05 10:21:34.650,1.50472,1.50486,1.31,1.81
2018.04.05 10:21:35.160,1.50471,1.50485,1.31,1.56
2018.04.05 10:21:35.474,1.50471,1.50485,1.56,1.81
2018.04.05 10:21:35.526,1.50472,1.50486,1.69,1.50
2018.04.05 10:21:35.631,1.50473,1.50488,1.19,2.62
2018.04.05 10:21:35.682,1.50473,1.50488,1.81,2.06
2018.04.05 10:21:36.021,1.50475,1.50489,1.44,1.50
2018.04.05 10:21:36.532,1.50475,1.50489,1.00,1.50
2018.04.05 10:21:37.217,1.50474,1.50488,1.50,1.00
2018.04.05 10:21:37.885,1.50474,1.50488,1.37,1.00
2018.04.05 10:21:38.247,1.50474,1.50488,1.37,1.81
2018.04.05 10:21:38.877,1.50474,1.50488,1.50,1.81
2018.04.05 10:21:39.411,1.50474,1.50488,1.50,1.81
2018.04.05 10:21:44.746,1.50474,1.50488,1.50,1.81
2018.04.05 10:21:45.634,1.50474,1.50488,2.19,1.25
2018.04.05 10:21:46.024,1.50478,1.50492,1.12,1.87
2018.04.05 10:21:46.539,1.5048,1.50493,1.25,1.37
2018.04.05 10:21:47.268,1.5048,1.50493,1.44,1.50
2018.04.05 10:21:47.801,1.5048,1.50493,1.19,1.50
2018.04.05 10:21:49.025,1.5048,1.50493,1.44,1.50
2018.04.05 10:21:49.728,1.5048,1.50493,1.19,1.50
2018.04.05 10:21:50.238,1.5048,1.50494,1.50,2.62
2018.04.05 10:21:50.774,1.5048,1.50493,1.31,1.50
2018.04.05 10:21:51.690,1.5048,1.50493,1.31,1.50
2018.04.05 10:21:52.024,1.50476,1.50487,1.56,1.19
2018.04.05 10:21:52.129,1.50476,1.50487,1.00,1.44
2018.04.05 10:21:52.650,1.50476,1.50487,1.25,1.25
2018.04.05 10:22:00.307,1.50474,1.50487,1.50,1.44
2018.04.05 10:22:00.668,1.50477,1.5049,1.62,1.37
2018.04.05 10:22:00.721,1.50479,1.50493,1.56,1.44
2018.04.05 10:22:00.825,1.50479,1.50494,1.31,3.00
2018.04.05 10:22:00.878,1.50483,1.50497,1.19,1.31
2018.04.05 10:22:01.050,1.50483,1.50497,2.06,1.31
2018.04.05 10:22:01.569,1.50483,1.50497,1.81,1.31
2018.04.05 10:22:01.841,1.50483,1.50497,1.12,1.87
2018.04.05 10:22:02.484,1.50484,1.50497,1.25,1.87
2018.04.05 10:22:02.952,1.50484,1.50498,1.25,2.25
2018.04.05 10:22:03.469,1.50482,1.50498,3.00,1.50
2018.04.05 10:22:03.771,1.50482,1.50498,3.00,1.50
2018.04.05 10:22:06.667,1.50484,1.50498,1.56,2.25
2018.04.05 10:22:08.610,1.50485,1.50498,1.19,1.25
2018.04.05 10:22:08.662,1.50486,1.50499,1.69,1.00
2018.04.05 10:22:08.972,1.50488,1.50501,1.31,2.06
2018.04.05 10:22:09.024,1.50487,1.50498,1.69,1.31
2018.04.05 10:22:10.229,1.50485,1.50498,1.31,1.31
2018.04.05 10:22:15.132,1.50484,1.50499,1.81,2.25
2018.04.05 10:22:15.234,1.50482,1.50491,1.00,1.31
2018.04.05 10:22:15.286,1.50478,1.50491,1.50,1.81
2018.04.05 10:22:15.337,1.50476,1.50492,1.87,2.62
2018.04.05 10:22:15.847,1.50476,1.5049,1.37,1.81
2018.04.05 10:22:19.977,1.50477,1.50489,1.50,1.31
2018.04.05 10:22:27.088,1.50476,1.50489,2.25,1.87
2018.04.05 10:22:27.193,1.50474,1.50488,2.25,1.50
2018.04.05 10:22:27.708,1.50474,1.50488,1.62,1.50
2018.04.05 10:22:27.762,1.50473,1.50487,1.56,1.56
2018.04.05 10:22:27.814,1.50473,1.50487,1.12,2.00
2018.04.05 10:22:28.113,1.50473,1.50487,1.69,1.81
2018.04.05 10:22:28.372,1.50473,1.50487,1.69,1.69
2018.04.05 10:22:29.156,1.50473,1.50487,1.69,1.50
2018.04.05 10:22:29.339,1.50473,1.50487,1.69,1.50
2018.04.05 10:22:29.391,1.50473,1.50487,1.69,1.69
2018.04.05 10:22:29.494,1.50473,1.50486,1.31,1.00
2018.04.05 10:22:29.599,1.50473,1.50486,1.31,1.19
2018.04.05 10:22:30.136,1.50473,1.50487,1.25,1.50
2018.04.05 10:22:30.689,1.50473,1.50487,1.62,1.69
2018.04.05 10:22:31.199,1.50473,1.50487,1.31,1.50
2018.04.05 10:22:31.901,1.50473,1.50487,1.62,1.50
2018.04.05 10:22:33.500,1.50472,1.50487,2.44,1.50
2018.04.05 10:22:35.039,1.50473,1.50487,2.44,1.00
2018.04.05 10:22:35.352,1.50479,1.50491,1.19,1.12
2018.04.05 10:22:35.818,1.5048,1.50493,1.12,2.06
2018.04.05 10:22:36.354,1.5048,1.50493,1.12,1.31
2018.04.05 10:22:36.856,1.50479,1.50493,2.25,2.06
2018.04.05 10:22:37.359,1.50479,1.50493,1.31,2.06
2018.04.05 10:22:37.900,1.5048,1.50493,1.25,2.06
2018.04.05 10:22:39.432,1.5048,1.50493,1.25,2.06
2018.04.05 10:22:40.858,1.5048,1.50493,1.31,2.06
2018.04.05 10:22:41.457,1.5048,1.50492,1.19,1.37
2018.04.05 10:22:43.274,1.50479,1.50491,1.69,1.31
2018.04.05 10:22:44.685,1.5048,1.50492,1.31,1.00
2018.04.05 10:22:45.210,1.50478,1.50488,1.00,1.81
2018.04.05 10:22:45.261,1.50472,1.50485,1.12,1.19
2018.04.05 10:22:45.416,1.5047,1.50483,1.12,1.37
2018.04.05 10:22:45.672,1.50468,1.50481,1.25,1.87
2018.04.05 10:22:46.190,1.50467,1.50481,1.25,2.81
2018.04.05 10:22:46.702,1.50466,1.5048,1.62,1.75
2018.04.05 10:22:47.879,1.50465,1.50478,2.19,1.50
2018.04.05 10:22:47.935,1.50464,1.50478,1.25,1.81
2018.04.05 10:22:48.042,1.5046,1.50473,1.69,1.12
2018.04.05 10:22:48.199,1.5046,1.50474,1.44,1.50
2018.04.05 10:22:48.454,1.5046,1.50473,1.00,1.50
2018.04.05 10:22:48.819,1.5046,1.50473,1.12,1.19
2018.04.05 10:22:48.950,1.50462,1.50475,1.87,1.00
2018.04.05 10:22:49.003,1.50466,1.5048,1.00,1.75
2018.04.05 10:22:49.055,1.50466,1.5048,1.62,1.87
2018.04.05 10:22:49.160,1.50466,1.5048,1.50,1.12
2018.04.05 10:22:49.212,1.50468,1.50482,1.12,1.69
2018.04.05 10:22:49.732,1.5047,1.50482,1.56,1.25
2018.04.05 10:22:49.784,1.50468,1.50481,2.25,1.00
2018.04.05 10:22:50.121,1.50468,1.50479,1.19,1.19
2018.04.05 10:22:50.174,1.50466,1.50477,1.81,1.00
2018.04.05 10:22:50.330,1.50466,1.50481,1.75,1.87
2018.04.05 10:22:50.382,1.50466,1.5048,1.81,1.81
2018.04.05 10:22:50.642,1.50464,1.50477,1.12,1.37
2018.04.05 10:22:51.171,1.50465,1.50478,1.12,1.37
2018.04.05 10:22:51.274,1.50466,1.5048,1.31,1.69
2018.04.05 10:22:51.325,1.50465,1.5048,1.31,1.87
2018.04.05 10:22:51.530,1.50464,1.50479,2.62,1.44
2018.04.05 10:22:51.872,1.50465,1.50479,1.44,1.87
2018.04.05 10:22:52.466,1.50465,1.50479,1.50,1.12
2018.04.05 10:22:53.056,1.50465,1.50477,1.12,1.50
2018.04.05 10:22:53.409,1.50462,1.50475,1.31,1.31
2018.04.05 10:22:53.936,1.50462,1.50476,1.12,1.62
2018.04.05 10:22:54.485,1.50464,1.50476,1.00,1.56
2018.04.05 10:22:54.864,1.50464,1.50477,1.25,1.31
2018.04.05 10:22:55.019,1.50464,1.50477,1.00,2.25
2018.04.05 10:22:55.447,1.50464,1.50477,1.31,1.19
2018.04.05 10:22:55.988,1.50464,1.50476,1.31,1.19
2018.04.05 10:22:56.501,1.50464,1.50476,1.56,1.19
2018.04.05 10:22:57.968,1.50463,1.50478,1.31,1.37
2018.04.05 10:22:58.072,1.50465,1.50479,3.56,1.50
2018.04.05 10:22:58.123,1.50465,1.50482,3.94,3.00
2018.04.05 10:22:58.329,1.50469,1.50482,1.50,1.25
2018.04.05 10:22:58.633,1.50474,1.50488,1.25,1.44
2018.04.05 10:22:58.791,1.50473,1.5049,4.31,1.50
2018.04.05 10:22:59.334,1.50476,1.5049,1.00,1.87
2018.04.05 10:22:59.730,1.50477,1.50492,1.62,1.50
2018.04.05 10:22:59.782,1.50477,1.50492,1.69,1.50
2018.04.05 10:23:00.316,1.50477,1.50493,1.87,1.75
2018.04.05 10:23:01.085,1.50478,1.50492,1.00,2.81
2018.04.05 10:23:01.615,1.50477,1.50492,1.31,1.12
2018.04.05 10:23:02.125,1.50477,1.50493,1.87,3.19
2018.04.05 10:23:02.857,1.50477,1.50493,2.25,1.87
2018.04.05 10:23:03.605,1.50478,1.50493,1.12,1.37
2018.04.05 10:23:04.119,1.50477,1.50493,1.50,1.37
2018.04.05 10:23:04.677,1.50477,1.50492,1.37,2.44
2018.04.05 10:23:05.213,1.50478,1.50492,1.00,3.19
2018.04.05 10:23:05.617,1.50477,1.50492,1.94,1.50
2018.04.05 10:23:06.123,1.50477,1.50491,2.00,1.50
2018.04.05 10:23:06.469,1.50476,1.50491,3.56,1.50
2018.04.05 10:23:07.881,1.50476,1.50491,2.00,2.25
2018.04.05 10:23:08.955,1.50476,1.50491,1.75,2.44
2018.04.05 10:23:09.492,1.50475,1.50491,4.12,2.81
2018.04.05 10:23:10.694,1.50476,1.50491,1.00,2.44
2018.04.05 10:23:12.757,1.50476,1.50488,1.00,1.19
2018.04.05 10:23:12.902,1.5047,1.50483,1.75,1.19
2018.04.05 10:23:13.636,1.50469,1.50483,1.75,1.19
2018.04.05 10:23:14.176,1.50469,1.50483,1.44,1.44
2018.04.05 10:23:17.572,1.50469,1.50483,1.87,1.44
2018.04.05 10:23:19.688,1.50473,1.50483,1.44,1.00
2018.04.05 10:23:20.000,1.50469,1.50484,1.56,1.37
2018.04.05 10:23:20.516,1.50469,1.50483,1.12,1.37
2018.04.05 10:23:21.535,1.5047,1.50483,1.62,1.50
2018.04.05 10:23:22.252,1.50472,1.50486,1.00,1.87
2018.04.05 10:23:22.765,1.50472,1.50487,1.75,3.19
2018.04.05 10:23:22.816,1.5047,1.50484,1.50,1.50
2018.04.05 10:23:22.987,1.50468,1.50484,2.62,2.25
2018.04.05 10:23:23.041,1.50467,1.50482,2.02,1.50
2018.04.05 10:23:25.449,1.50467,1.50482,1.46,1.50
2018.04.05 10:23:25.772,1.50468,1.50482,4.12,1.12
2018.04.05 10:23:26.287,1.50469,1.50484,3.56,1.75
2018.04.05 10:23:28.018,1.5047,1.50485,1.87,2.81
2018.04.05 10:23:29.183,1.5047,1.50485,1.69,2.81
2018.04.05 10:23:29.694,1.5047,1.50485,1.12,2.81
2018.04.05 10:23:30.306,1.5047,1.50485,2.81,2.81
2018.04.05 10:23:30.359,1.50472,1.50485,1.44,1.44
2018.04.05 10:23:30.465,1.5047,1.50485,2.25,1.31
2018.04.05 10:23:30.518,1.50469,1.50485,1.12,2.06
2018.04.05 10:23:30.622,1.50468,1.50483,1.56,1.50
2018.04.05 10:23:31.786,1.50467,1.50483,1.81,1.50
2018.04.05 10:23:32.358,1.50468,1.50483,1.81,2.25
2018.04.05 10:23:32.411,1.50468,1.50483,2.25,2.25
2018.04.05 10:23:32.722,1.50469,1.50483,2.06,2.06
2018.04.05 10:23:32.774,1.50469,1.50483,1.56,2.25
2018.04.05 10:23:33.340,1.5047,1.50483,1.31,2.25
2018.04.05 10:23:35.676,1.50469,1.50483,2.44,1.19
2018.04.05 10:23:36.192,1.50469,1.50483,1.37,1.19
2018.04.05 10:23:36.720,1.5047,1.50483,1.12,1.19
2018.04.05 10:23:41.176,1.5047,1.50483,1.12,1.37
2018.04.05 10:23:42.257,1.50469,1.50484,1.12,2.25
2018.04.05 10:23:42.311,1.50469,1.50482,1.00,1.37
2018.04.05 10:23:42.365,1.50467,1.50481,1.25,1.87
2018.04.05 10:23:42.470,1.50465,1.50479,1.00,1.44
2018.04.05 10:23:42.522,1.50464,1.50479,1.12,1.12
2018.04.05 10:23:42.628,1.50463,1.50479,5.25,1.50
2018.04.05 10:23:42.938,1.50462,1.50474,1.00,1.44
2018.04.05 10:23:43.320,1.50463,1.50476,1.37,1.25
2018.04.05 10:23:43.372,1.50462,1.50476,1.50,1.44
2018.04.05 10:23:43.891,1.50462,1.50476,1.87,1.50
2018.04.05 10:23:44.393,1.50462,1.50476,2.06,1.50
2018.04.05 10:23:44.593,1.50461,1.50476,1.12,2.81
2018.04.05 10:23:44.950,1.5046,1.50475,1.87,1.31
2018.04.05 10:23:45.358,1.5046,1.50474,2.62,1.44
2018.04.05 10:23:45.891,1.50461,1.50474,1.31,1.25
2018.04.05 10:23:46.205,1.50458,1.50474,3.00,1.50
2018.04.05 10:23:46.710,1.50459,1.50474,1.94,2.25
2018.04.05 10:23:47.897,1.5046,1.50474,1.75,1.00
2018.04.05 10:23:48.054,1.50464,1.50476,1.12,1.25
2018.04.05 10:23:48.886,1.50464,1.50476,1.25,1.44
2018.04.05 10:23:49.193,1.50465,1.50476,1.19,1.19
2018.04.05 10:23:49.550,1.50463,1.50476,2.06,1.19
2018.04.05 10:23:49.702,1.50463,1.50476,1.00,1.44
2018.04.05 10:23:50.719,1.50462,1.50476,1.31,1.44
2018.04.05 10:23:50.824,1.50463,1.50476,1.12,1.44
2018.04.05 10:23:51.449,1.50464,1.50476,1.31,1.44
2018.04.05 10:23:52.832,1.50465,1.50476,1.00,1.44
2018.04.05 10:23:53.804,1.50464,1.50476,1.69,1.44
2018.04.05 10:23:54.063,1.50464,1.50476,1.69,1.44
2018.04.05 10:23:57.180,1.50464,1.50476,1.69,1.50
2018.04.05 10:23:58.106,1.50461,1.50476,1.87,1.87
2018.04.05 10:23:58.868,1.5046,1.50475,1.46,1.12
2018.04.05 10:23:59.415,1.5046,1.50475,1.46,3.00
2018.04.05 10:24:00.100,1.50459,1.50475,2.44,2.62
2018.04.05 10:24:01.238,1.50458,1.50473,3.00,1.44
2018.04.05 10:24:01.553,1.50459,1.50473,1.75,1.12
2018.04.05 10:24:02.059,1.50459,1.50474,2.25,2.62
2018.04.05 10:24:02.621,1.50465,1.50475,1.19,2.06
2018.04.05 10:24:02.723,1.50466,1.50477,1.00,1.69
2018.04.05 10:24:02.877,1.50467,1.50479,1.19,1.31
2018.04.05 10:24:03.124,1.50467,1.5048,1.19,1.56
2018.04.05 10:24:03.661,1.50469,1.5048,1.25,1.00
2018.04.05 10:24:04.207,1.5047,1.50482,1.00,1.50
2018.04.05 10:24:05.741,1.50469,1.50482,1.12,1.56
2018.04.05 10:24:06.204,1.50472,1.50482,1.00,1.31
2018.04.05 10:24:07.083,1.50471,1.50484,1.00,1.12
2018.04.05 10:24:07.603,1.50468,1.50483,1.69,1.37
2018.04.05 10:24:07.936,1.5047,1.50483,1.37,1.81
2018.04.05 10:24:08.094,1.5047,1.50485,2.44,1.87
2018.04.05 10:24:08.405,1.50472,1.50485,2.44,1.12
2018.04.05 10:24:10.468,1.50472,1.50486,1.75,1.69
2018.04.05 10:24:11.030,1.50473,1.50488,1.87,1.12
2018.04.05 10:24:11.573,1.50473,1.50488,1.62,2.81
2018.04.05 10:24:11.900,1.50477,1.50488,1.19,2.62
2018.04.05 10:24:12.105,1.5048,1.50489,1.25,1.00
2018.04.05 10:24:12.619,1.5048,1.50491,1.25,1.94
2018.04.05 10:24:12.778,1.50482,1.50491,1.25,1.69
2018.04.05 10:24:13.317,1.50479,1.5049,1.50,1.00
2018.04.05 10:24:13.419,1.50479,1.5049,1.25,1.00
2018.04.05 10:24:13.991,1.50478,1.5049,1.69,1.37
2018.04.05 10:24:14.150,1.50475,1.50489,1.50,1.56
2018.04.05 10:24:14.568,1.50473,1.50487,2.25,3.75
2018.04.05 10:24:15.110,1.50473,1.50487,1.87,1.69
2018.04.05 10:24:15.697,1.50475,1.50487,1.12,3.75
2018.04.05 10:24:16.283,1.50475,1.50487,1.12,1.87
2018.04.05 10:24:16.796,1.50475,1.50487,1.12,3.75
2018.04.05 10:24:17.317,1.50475,1.50486,1.12,1.00
2018.04.05 10:24:17.630,1.50473,1.50482,1.25,1.00
2018.04.05 10:24:17.943,1.50474,1.50484,1.19,1.25
2018.04.05 10:24:18.485,1.50476,1.50487,1.25,2.06
2018.04.05 10:24:19.156,1.50476,1.50485,1.25,1.00
2018.04.05 10:24:19.487,1.50473,1.50485,1.50,1.00
2018.04.05 10:24:19.539,1.50473,1.50485,1.50,1.00
2018.04.05 10:24:20.083,1.50474,1.50485,1.12,1.12
2018.04.05 10:24:20.393,1.50474,1.50484,1.12,1.37
2018.04.05 10:24:22.928,1.50475,1.50486,1.19,1.31
2018.04.05 10:24:23.031,1.50474,1.50485,1.25,1.12
2018.04.05 10:24:23.837,1.50474,1.50486,1.25,1.75
2018.04.05 10:24:23.949,1.50474,1.50488,1.44,1.12
2018.04.05 10:24:24.489,1.50475,1.50488,1.25,1.12
2018.04.05 10:24:24.699,1.50472,1.50485,1.31,1.00
2018.04.05 10:24:25.129,1.50473,1.50484,1.19,1.12
2018.04.05 10:24:25.232,1.50472,1.50484,1.31,1.12
2018.04.05 10:24:25.541,1.50474,1.50484,1.25,1.12
2018.04.05 10:24:26.122,1.50472,1.50484,1.31,1.12
2018.04.05 10:24:26.173,1.50474,1.50484,1.19,1.12
2018.04.05 10:24:26.275,1.50472,1.50484,1.31,1.12
2018.04.05 10:24:26.377,1.50474,1.50484,1.19,1.12
2018.04.05 10:24:26.428,1.50473,1.50484,1.25,1.31
2018.04.05 10:24:26.935,1.50471,1.50484,1.12,1.31
2018.04.05 10:24:28.351,1.5047,1.50484,1.31,1.19
2018.04.05 10:24:28.668,1.50469,1.50479,1.00,1.00
2018.04.05 10:24:29.200,1.50468,1.50481,1.25,1.50
2018.04.05 10:24:29.741,1.5047,1.50482,1.25,2.25
2018.04.05 10:24:30.051,1.50471,1.50483,1.19,2.06
2018.04.05 10:24:30.882,1.5048,1.50484,1.00,1.00
2018.04.05 10:24:30.934,1.5048,1.50489,1.12,1.12
2018.04.05 10:24:31.038,1.5048,1.50492,1.31,1.12
2018.04.05 10:24:31.192,1.50483,1.50491,1.19,1.00
2018.04.05 10:24:31.476,1.50487,1.50497,1.31,1.62
2018.04.05 10:24:31.528,1.50488,1.50497,1.69,1.31
2018.04.05 10:24:31.733,1.50492,1.50504,1.31,1.94
2018.04.05 10:24:31.887,1.50492,1.50502,1.94,1.56
2018.04.05 10:24:31.990,1.50495,1.50505,1.69,2.06
2018.04.05 10:24:32.177,1.50497,1.50507,1.75,1.00
2018.04.05 10:24:32.228,1.50498,1.50509,1.37,1.00
2018.04.05 10:24:32.687,1.50496,1.50508,1.56,1.37
2018.04.05 10:24:32.968,1.50497,1.50509,1.12,1.87
2018.04.05 10:24:33.277,1.50496,1.5051,1.87,1.87
2018.04.05 10:24:33.689,1.50495,1.50509,1.19,2.19
2018.04.05 10:24:34.194,1.50494,1.50507,1.62,1.12
2018.04.05 10:24:35.903,1.50493,1.50507,1.75,1.44
2018.04.05 10:24:36.251,1.50493,1.50507,1.75,1.44
2018.04.05 10:24:36.507,1.50492,1.50507,1.25,2.62
2018.04.05 10:24:36.867,1.5049,1.50501,1.94,1.00
2018.04.05 10:24:36.919,1.50488,1.505,1.87,1.00
2018.04.05 10:24:37.004,1.50487,1.505,1.37,1.81
2018.04.05 10:24:38.190,1.50489,1.505,1.50,1.00
2018.04.05 10:24:39.302,1.50489,1.50504,1.12,4.87
2018.04.05 10:24:39.852,1.50489,1.50502,1.44,1.12
2018.04.05 10:24:40.431,1.50489,1.50502,1.19,1.87
2018.04.05 10:24:40.648,1.50485,1.50499,3.75,1.12
2018.04.05 10:24:40.802,1.50484,1.50497,1.00,1.87
2018.04.05 10:24:41.012,1.5048,1.50492,1.37,1.00
2018.04.05 10:24:41.064,1.50476,1.50489,1.50,1.56
2018.04.05 10:24:41.115,1.50475,1.50489,1.69,1.37
2018.04.05 10:24:41.231,1.50476,1.50491,1.87,2.25
2018.04.05 10:24:41.285,1.50476,1.50491,1.87,1.75
2018.04.05 10:24:41.754,1.50478,1.50492,1.44,3.00
2018.04.05 10:24:42.302,1.50477,1.50492,1.31,3.00
2018.04.05 10:24:43.205,1.50478,1.50492,2.19,3.00
2018.04.05 10:24:43.723,1.50478,1.50491,1.44,1.37
2018.04.05 10:24:44.608,1.50478,1.50492,1.12,3.00
2018.04.05 10:24:45.509,1.50479,1.50492,1.19,1.12
2018.04.05 10:24:45.714,1.50479,1.50492,1.00,1.12
2018.04.05 10:24:46.324,1.50478,1.50492,1.50,1.37
2018.04.05 10:24:46.707,1.50478,1.50492,1.56,3.00
2018.04.05 10:24:47.124,1.50477,1.50491,1.19,1.75
2018.04.05 10:24:47.278,1.5048,1.50491,1.31,1.00
2018.04.05 10:24:47.329,1.50482,1.50496,1.12,1.75
2018.04.05 10:24:47.451,1.50486,1.50497,1.00,1.00
2018.04.05 10:24:47.764,1.50486,1.50501,1.50,1.87
2018.04.05 10:24:48.699,1.50486,1.505,1.12,1.37
2018.04.05 10:24:49.223,1.50485,1.50501,2.44,1.44
2018.04.05 10:24:50.243,1.50487,1.50502,1.19,2.25
2018.04.05 10:24:50.764,1.50486,1.50501,1.81,1.12
2018.04.05 10:24:51.303,1.50486,1.50502,1.12,4.50
2018.04.05 10:24:51.959,1.50486,1.50501,2.25,2.25
2018.04.05 10:24:52.273,1.50478,1.50493,1.56,2.19
2018.04.05 10:24:52.405,1.50478,1.50492,1.19,2.25
2018.04.05 10:24:52.922,1.50477,1.50491,1.87,1.37
2018.04.05 10:24:53.461,1.50478,1.50491,1.31,1.12
2018.04.05 10:24:53.566,1.50474,1.50488,1.69,1.12
2018.04.05 10:24:53.907,1.5047,1.50483,1.50,2.81
2018.04.05 10:24:54.675,1.50471,1.50484,1.19,1.37
2018.04.05 10:24:55.184,1.50472,1.50486,1.37,1.75
2018.04.05 10:24:56.946,1.50472,1.50486,1.25,1.37
2018.04.05 10:24:57.050,1.5047,1.50483,1.31,1.12
2018.04.05 10:24:58.422,1.5047,1.50482,1.25,1.37
2018.04.05 10:25:01.578,1.50469,1.50483,1.81,1.69
2018.04.05 10:25:02.115,1.50469,1.50484,1.50,1.12
2018.04.05 10:25:02.631,1.50469,1.50484,1.81,2.19
2018.04.05 10:25:03.136,1.50469,1.50482,1.50,1.00
2018.04.05 10:25:03.688,1.5047,1.50483,1.00,1.37
2018.04.05 10:25:04.203,1.50469,1.50482,1.50,1.25
2018.04.05 10:25:04.718,1.50469,1.50482,1.81,1.37
2018.04.05 10:25:06.792,1.50468,1.50482,1.12,1.12
2018.04.05 10:25:06.843,1.50466,1.50482,2.19,3.00
2018.04.05 10:25:06.894,1.50468,1.50481,1.00,1.56
2018.04.05 10:25:07.942,1.50468,1.50481,1.00,4.12
2018.04.05 10:25:08.963,1.50465,1.50479,2.44,1.37
2018.04.05 10:25:09.165,1.5046,1.50474,1.94,1.12
2018.04.05 10:25:10.651,1.50461,1.50474,1.69,1.19
2018.04.05 10:25:12.351,1.50461,1.50474,3.00,1.25
2018.04.05 10:25:12.699,1.50462,1.50476,2.25,3.37
2018.04.05 10:25:12.753,1.50464,1.50478,1.19,1.81
2018.04.05 10:25:13.309,1.50464,1.50478,1.19,3.00
2018.04.05 10:25:13.661,1.50462,1.50476,2.25,1.12
2018.04.05 10:25:14.075,1.50463,1.50476,1.37,1.00
2018.04.05 10:25:14.275,1.50463,1.50478,1.44,1.12
2018.04.05 10:25:14.483,1.50453,1.50468,3.37,1.12
2018.04.05 10:25:14.534,1.50453,1.50468,3.94,1.12
2018.04.05 10:25:14.637,1.50453,1.50467,1.37,1.12
2018.04.05 10:25:17.336,1.50452,1.50467,1.12,1.12
2018.04.05 10:25:17.593,1.50453,1.50467,1.50,1.12
2018.04.05 10:25:18.273,1.50454,1.50468,1.87,1.31
2018.04.05 10:25:18.376,1.50454,1.50468,1.44,1.50
2018.04.05 10:25:19.898,1.50454,1.50468,1.44,1.50
2018.04.05 10:25:20.359,1.50454,1.50468,1.50,1.56
2018.04.05 10:25:20.867,1.50454,1.50469,1.87,1.50
2018.04.05 10:25:21.020,1.50454,1.50469,1.87,1.50
2018.04.05 10:25:21.770,1.50456,1.50469,1.19,1.31
2018.04.05 10:25:22.477,1.50455,1.50469,1.19,3.56
2018.04.05 10:25:22.988,1.50456,1.50469,1.19,3.19
2018.04.05 10:25:24.244,1.50459,1.50469,1.19,2.81
2018.04.05 10:25:24.860,1.50458,1.50469,1.19,2.81
2018.04.05 10:25:25.207,1.50456,1.50469,1.19,2.81
2018.04.05 10:25:26.799,1.50455,1.50469,1.19,2.44
2018.04.05 10:25:27.110,1.50459,1.50469,1.19,1.31
2018.04.05 10:25:27.163,1.50459,1.50469,1.19,1.56
2018.04.05 10:25:27.681,1.5046,1.5047,1.19,1.56
2018.04.05 10:25:28.220,1.50459,1.5047,1.19,1.31
2018.04.05 10:25:29.216,1.5046,1.50472,1.19,3.19
2018.04.05 10:25:29.320,1.50457,1.50471,1.31,1.12
2018.04.05 10:25:29.840,1.50456,1.50468,1.19,1.19
2018.04.05 10:25:29.996,1.50459,1.50468,1.19,1.19
2018.04.05 10:25:30.508,1.50459,1.5047,1.19,2.06
2018.04.05 10:25:30.743,1.50457,1.5047,1.19,1.56
2018.04.05 10:25:31.256,1.50457,1.50472,1.19,2.81
2018.04.05 10:25:32.339,1.50459,1.50471,1.19,1.94
2018.04.05 10:25:32.494,1.5046,1.50473,1.19,1.69
2018.04.05 10:25:34.292,1.50461,1.50473,1.19,1.00
2018.04.05 10:25:34.581,1.5046,1.50473,1.69,1.31
2018.04.05 10:25:34.887,1.5046,1.50471,1.19,1.31
2018.04.05 10:25:35.194,1.50466,1.50473,1.19,1.25
2018.04.05 10:25:35.246,1.50464,1.50475,1.19,1.56
2018.04.05 10:25:35.298,1.50466,1.50476,1.19,1.31
2018.04.05 10:25:35.408,1.50468,1.50477,1.19,1.00
2018.04.05 10:25:35.663,1.50468,1.5048,1.44,1.69
2018.04.05 10:25:36.121,1.50471,1.50481,1.19,2.44
2018.04.05 10:25:36.611,1.50473,1.5048,1.19,1.25
2018.04.05 10:25:36.764,1.50471,1.50482,1.19,1.31
2018.04.05 10:25:37.019,1.50473,1.50482,1.19,1.31
2018.04.05 10:25:37.283,1.50471,1.50482,1.19,1.31
2018.04.05 10:25:37.844,1.50471,1.50482,1.19,1.69
2018.04.05 10:25:38.883,1.50472,1.50483,1.19,3.19
2018.04.05 10:25:39.430,1.50473,1.50483,1.19,1.69
2018.04.05 10:25:40.777,1.50472,1.50483,1.19,1.69
2018.04.05 10:25:40.881,1.50469,1.50483,2.06,1.87
2018.04.05 10:25:40.985,1.50469,1.50483,1.19,1.87
2018.04.05 10:25:41.140,1.5047,1.50483,1.19,2.06
2018.04.05 10:25:42.010,1.5047,1.50481,1.19,1.25
2018.04.05 10:25:42.546,1.5047,1.50483,1.19,2.81
2018.04.05 10:25:44.684,1.50467,1.50481,1.12,1.56
2018.04.05 10:25:44.994,1.50465,1.50479,1.12,1.31
2018.04.05 10:25:45.501,1.50464,1.50477,1.87,1.25
2018.04.05 10:25:46.002,1.50466,1.5048,1.19,2.06
2018.04.05 10:25:47.101,1.50466,1.5048,1.37,1.50
2018.04.05 10:25:48.121,1.50468,1.5048,1.19,1.19
2018.04.05 10:25:48.226,1.50469,1.50481,1.19,1.12
2018.04.05 10:25:49.313,1.50473,1.50482,1.19,1.31
2018.04.05 10:25:49.435,1.50475,1.50484,1.87,1.00
2018.04.05 10:25:49.486,1.50476,1.5049,1.37,2.81
2018.04.05 10:25:49.538,1.50478,1.5049,1.19,2.06
2018.04.05 10:25:49.904,1.5048,1.50489,1.19,1.12
2018.04.05 10:25:50.008,1.50479,1.50491,1.37,1.25
2018.04.05 10:25:50.060,1.5048,1.50493,1.19,2.19
2018.04.05 10:25:50.597,1.50481,1.50492,1.19,1.69
2018.04.05 10:25:51.069,1.50479,1.50492,1.31,1.25
2018.04.05 10:25:51.683,1.50479,1.50492,1.87,1.88
2018.04.05 10:25:52.248,1.50479,1.50492,1.50,1.87
2018.04.05 10:25:52.764,1.5048,1.50492,1.50,1.00
2018.04.05 10:25:54.392,1.50482,1.50492,1.44,1.00
2018.04.05 10:25:54.981,1.50481,1.50492,1.50,1.00
2018.04.05 10:25:55.671,1.50482,1.50492,1.44,1.00
2018.04.05 10:25:56.728,1.50481,1.50492,1.37,1.00
2018.04.05 10:25:56.780,1.50481,1.50495,1.37,1.87
2018.04.05 10:25:57.485,1.50482,1.50495,1.19,1.87
2018.04.05 10:25:58.156,1.50481,1.50495,2.25,1.87
2018.04.05 10:25:58.260,1.50481,1.50493,1.12,1.44
2018.04.05 10:25:59.593,1.50478,1.50492,2.62,1.31
2018.04.05 10:26:01.962,1.50481,1.50491,1.19,1.12
2018.04.05 10:26:02.931,1.5048,1.50491,1.12,1.19
2018.04.05 10:26:05.806,1.50478,1.50491,1.87,1.12
2018.04.05 10:26:07.594,1.50479,1.50491,1.19,1.69
2018.04.05 10:26:08.348,1.50478,1.5049,2.25,1.00
2018.04.05 10:26:08.851,1.50478,1.50491,1.50,1.50
2018.04.05 10:26:09.403,1.50478,1.5049,2.25,1.19
2018.04.05 10:26:09.709,1.5048,1.50491,1.12,2.06
2018.04.05 10:26:11.172,1.50478,1.5049,2.25,1.00
2018.04.05 10:26:11.427,1.5048,1.50492,1.44,1.25
2018.04.05 10:26:11.654,1.50477,1.50492,2.25,1.19
2018.04.05 10:26:12.466,1.50478,1.50491,1.50,1.25
2018.04.05 10:26:12.819,1.50479,1.50493,1.81,1.69
2018.04.05 10:26:13.631,1.50481,1.50493,1.44,1.69
2018.04.05 10:26:14.869,1.50479,1.50491,1.12,1.00
2018.04.05 10:26:15.436,1.50479,1.5049,1.12,1.00
2018.04.05 10:26:16.164,1.50479,1.50491,1.44,1.25
2018.04.05 10:26:16.711,1.50479,1.50491,1.12,1.25
2018.04.05 10:26:17.343,1.50479,1.5049,1.12,1.00
2018.04.05 10:26:17.850,1.50479,1.50491,1.12,1.25
2018.04.05 10:26:18.424,1.50479,1.5049,1.12,1.00
2018.04.05 10:26:18.579,1.50478,1.50488,1.44,1.00
2018.04.05 10:26:23.998,1.50479,1.50492,1.12,1.12
2018.04.05 10:26:24.547,1.50479,1.50491,1.25,1.00
2018.04.05 10:26:25.586,1.5048,1.50491,1.25,1.00
2018.04.05 10:26:26.197,1.50479,1.5049,1.25,1.00
2018.04.05 10:26:27.006,1.50476,1.5049,2.25,1.00
2018.04.05 10:26:27.519,1.50476,1.50491,2.25,1.25
2018.04.05 10:26:28.059,1.50476,1.50489,2.25,1.00
2018.04.05 10:26:28.605,1.50476,1.5049,2.25,1.00
2018.04.05 10:26:29.184,1.50479,1.50492,3.00,1.12
2018.04.05 10:26:29.561,1.50486,1.50496,1.25,1.00
2018.04.05 10:26:30.164,1.50486,1.50497,1.25,1.25
2018.04.05 10:26:31.321,1.50487,1.50498,1.25,2.06
2018.04.05 10:26:31.664,1.50491,1.50502,1.25,1.37
2018.04.05 10:26:32.174,1.50491,1.50502,1.19,1.25
2018.04.05 10:26:34.554,1.50491,1.50502,1.25,1.44
2018.04.05 10:26:35.055,1.50491,1.50502,1.25,1.12
2018.04.05 10:26:36.151,1.50493,1.50505,1.19,1.87
2018.04.05 10:26:36.204,1.5049,1.50505,1.62,2.62
2018.04.05 10:26:36.258,1.50493,1.50506,1.19,2.06
2018.04.05 10:26:36.415,1.50492,1.50506,1.25,1.75
2018.04.05 10:26:36.468,1.50491,1.50504,1.31,1.12
2018.04.05 10:26:37.015,1.50491,1.50504,1.25,1.37
2018.04.05 10:26:38.100,1.50491,1.50506,1.25,2.25
2018.04.05 10:26:39.292,1.50493,1.50506,1.25,1.50
2018.04.05 10:26:39.596,1.50493,1.50506,1.25,3.56
2018.04.05 10:26:40.006,1.50495,1.50506,1.19,1.69
2018.04.05 10:26:40.059,1.50493,1.50506,1.19,1.12
2018.04.05 10:26:40.111,1.50495,1.50507,1.19,1.75
2018.04.05 10:26:40.655,1.50495,1.50507,1.25,1.75
2018.04.05 10:26:41.313,1.50495,1.50507,1.25,1.37
2018.04.05 10:26:43.090,1.50495,1.50507,1.69,1.37
2018.04.05 10:26:43.610,1.50495,1.50509,1.25,1.12
2018.04.05 10:26:45.699,1.50496,1.50509,1.19,1.75
2018.04.05 10:26:45.925,1.50496,1.5051,1.00,1.12
2018.04.05 10:26:46.080,1.50494,1.50508,1.31,1.12
2018.04.05 10:26:46.592,1.50495,1.50507,1.25,1.87
2018.04.05 10:26:47.224,1.50493,1.50507,1.50,1.50
2018.04.05 10:26:48.722,1.50493,1.50507,2.25,1.37
2018.04.05 10:26:48.776,1.5049,1.50504,1.69,1.31
2018.04.05 10:26:49.394,1.50491,1.50504,1.25,1.31
2018.04.05 10:26:49.637,1.50492,1.50504,1.19,1.56
2018.04.05 10:26:49.740,1.50491,1.50504,1.00,1.31
2018.04.05 10:26:49.981,1.50493,1.50504,1.25,2.06
2018.04.05 10:26:51.044,1.50492,1.50504,1.00,2.06
2018.04.05 10:26:51.490,1.50489,1.50503,2.06,1.87
2018.04.05 10:26:51.542,1.50489,1.50501,1.25,1.31
2018.04.05 10:26:54.138,1.5049,1.50501,1.19,2.25
2018.04.05 10:26:54.885,1.5049,1.50502,1.19,1.87
2018.04.05 10:26:55.456,1.50491,1.50502,1.25,1.19
2018.04.05 10:26:56.007,1.50489,1.50504,1.50,2.25
2018.04.05 10:26:56.111,1.5049,1.50504,1.19,2.62
2018.04.05 10:26:57.950,1.50488,1.50504,2.25,2.25
2018.04.05 10:26:58.399,1.50489,1.50501,1.81,1.25
2018.04.05 10:26:58.711,1.50487,1.50499,1.87,1.25
2018.04.05 10:26:59.334,1.50487,1.50498,2.25,1.00
2018.04.05 10:26:59.490,1.50488,1.505,1.50,1.00
2018.04.05 10:27:00.034,1.50488,1.50499,1.12,1.00
2018.04.05 10:27:00.088,1.5049,1.50501,1.37,1.00
2018.04.05 10:27:00.297,1.50493,1.50506,1.56,1.31
2018.04.05 10:27:01.476,1.50494,1.50507,1.50,1.37
2018.04.05 10:27:03.570,1.50495,1.50509,1.44,3.37
2018.04.05 10:27:04.225,1.50495,1.50506,1.44,1.00
2018.04.05 10:27:04.729,1.50495,1.50507,1.44,1.25
2018.04.05 10:27:05.261,1.50494,1.50508,1.56,1.50
2018.04.05 10:27:05.884,1.50493,1.50505,1.50,1.12
2018.04.05 10:27:06.528,1.50494,1.50507,1.25,1.50
2018.04.05 10:27:07.147,1.50494,1.50507,1.25,1.50
2018.04.05 10:27:07.656,1.50494,1.50505,1.25,1.00
2018.04.05 10:27:08.159,1.50495,1.50505,1.25,1.12
2018.04.05 10:27:08.474,1.50498,1.50509,1.19,1.19
2018.04.05 10:27:09.008,1.505,1.50512,1.25,2.25
2018.04.05 10:27:09.114,1.50496,1.50509,1.69,2.06
2018.04.05 10:27:09.218,1.50495,1.50509,1.31,1.31
2018.04.05 10:27:09.556,1.50496,1.50508,1.19,3.19
2018.04.05 10:27:09.608,1.50492,1.50507,3.56,1.87
2018.04.05 10:27:10.141,1.50493,1.50506,1.69,1.75
2018.04.05 10:27:10.736,1.50494,1.50507,1.25,4.12
2018.04.05 10:27:10.788,1.50494,1.50508,1.12,1.69
2018.04.05 10:27:10.840,1.50496,1.50508,1.12,1.31
2018.04.05 10:27:11.204,1.50498,1.50507,1.25,1.00
2018.04.05 10:27:11.682,1.50495,1.50507,1.25,1.00
2018.04.05 10:27:12.204,1.50495,1.50508,1.25,1.25
2018.04.05 10:27:12.798,1.50495,1.50507,1.25,1.00
2018.04.05 10:27:13.494,1.50496,1.50507,1.00,1.00
2018.04.05 10:27:14.044,1.50496,1.5051,1.25,3.00
2018.04.05 10:27:14.096,1.50497,1.5051,1.19,1.31
2018.04.05 10:27:14.621,1.50497,1.5051,1.44,1.69
2018.04.05 10:27:15.146,1.50497,1.5051,1.19,2.06
2018.04.05 10:27:15.647,1.50498,1.5051,1.19,2.06
2018.04.05 10:27:16.194,1.505,1.50511,1.19,1.56
2018.04.05 10:27:16.246,1.50502,1.50513,1.25,1.56
2018.04.05 10:27:16.298,1.50505,1.50516,1.25,2.81
2018.04.05 10:27:17.499,1.50503,1.50518,1.69,1.31
2018.04.05 10:27:17.809,1.50501,1.50514,1.00,1.87
2018.04.05 10:27:18.147,1.50498,1.50511,1.69,1.12
2018.04.05 10:27:19.801,1.50499,1.50512,1.25,1.69
2018.04.05 10:27:19.909,1.50498,1.50511,1.19,1.56
2018.04.05 10:27:20.382,1.50497,1.5051,1.69,1.44
2018.04.05 10:27:20.434,1.50499,1.50512,1.12,2.25
2018.04.05 10:27:20.756,1.50498,1.50511,1.69,2.00
2018.04.05 10:27:20.963,1.50498,1.50511,1.69,1.25
2018.04.05 10:27:21.487,1.50498,1.50511,1.69,1.44
2018.04.05 10:27:22.038,1.50499,1.50511,1.44,1.25
2018.04.05 10:27:22.090,1.50498,1.50511,1.69,1.12
2018.04.05 10:27:22.607,1.50499,1.5051,1.00,1.00
2018.04.05 10:27:23.118,1.50499,1.50511,1.00,1.31
2018.04.05 10:27:23.641,1.50498,1.50512,1.12,1.69
2018.04.05 10:27:24.266,1.50496,1.50509,1.87,1.44
2018.04.05 10:27:24.472,1.50497,1.50511,2.25,2.25
2018.04.05 10:27:25.433,1.50497,1.50511,1.69,2.25
2018.04.05 10:27:26.017,1.50495,1.50508,2.19,1.00
2018.04.05 10:27:26.308,1.50496,1.5051,1.87,1.25
2018.04.05 10:27:26.412,1.505,1.50511,1.25,2.44
2018.04.05 10:27:27.137,1.50501,1.50513,1.12,1.25
2018.04.05 10:27:27.654,1.50499,1.50512,2.25,1.00
2018.04.05 10:27:28.166,1.50499,1.50513,2.25,1.25
2018.04.05 10:27:28.668,1.50501,1.50513,1.44,1.00
2018.04.05 10:27:29.271,1.50501,1.50516,1.87,2.25
2018.04.05 10:27:29.428,1.50505,1.50518,1.25,1.69
2018.04.05 10:27:29.532,1.50507,1.50519,1.25,1.31
2018.04.05 10:27:29.852,1.50509,1.50521,1.25,2.06
2018.04.05 10:27:30.964,1.50509,1.50522,1.25,1.81
2018.04.05 10:27:31.237,1.50513,1.50525,1.25,1.19
2018.04.05 10:27:31.498,1.50509,1.50523,1.87,1.50
2018.04.05 10:27:32.242,1.50507,1.50522,1.62,1.87
2018.04.05 10:27:32.708,1.50506,1.50521,1.87,3.19
2018.04.05 10:27:33.247,1.50506,1.50521,1.50,2.81
2018.04.05 10:27:33.403,1.50506,1.50522,1.50,2.44
2018.04.05 10:27:34.473,1.50505,1.50518,2.25,1.25
2018.04.05 10:27:34.525,1.50505,1.50518,1.87,1.12
2018.04.05 10:27:35.056,1.50503,1.50519,1.31,1.87
2018.04.05 10:27:35.315,1.50502,1.50519,1.87,1.50
2018.04.05 10:27:35.728,1.50503,1.50518,1.19,1.50
2018.04.05 10:27:37.702,1.50503,1.50518,2.25,1.37
2018.04.05 10:27:37.910,1.50501,1.50518,2.19,2.62
2018.04.05 10:27:37.963,1.50498,1.50513,1.31,1.94
2018.04.05 10:27:38.469,1.50501,1.50512,1.25,1.31
2018.04.05 10:27:39.366,1.50499,1.50513,1.19,1.87
2018.04.05 10:27:39.892,1.505,1.50513,1.12,1.31
2018.04.05 10:27:40.424,1.505,1.50514,1.50,1.69
2018.04.05 10:27:42.503,1.50501,1.50515,1.31,1.81
2018.04.05 10:27:42.833,1.50503,1.50515,1.25,1.50
2018.04.05 10:27:42.885,1.50503,1.50516,1.25,1.69
2018.04.05 10:27:42.938,1.50506,1.50518,1.25,1.69
2018.04.05 10:27:43.461,1.50506,1.50519,1.25,4.87
2018.04.05 10:27:43.695,1.50509,1.50522,1.69,1.87
2018.04.05 10:27:43.953,1.50512,1.50522,1.25,1.62
2018.04.05 10:27:44.057,1.50513,1.50523,1.25,1.50
2018.04.05 10:27:44.601,1.50512,1.50525,1.31,1.87
2018.04.05 10:27:45.166,1.50513,1.50524,1.25,1.50
2018.04.05 10:27:45.686,1.50512,1.50525,1.31,1.50
2018.04.05 10:27:46.123,1.50508,1.5052,1.44,1.25
2018.04.05 10:27:46.433,1.50504,1.50516,1.25,1.12
2018.04.05 10:27:46.951,1.50503,1.50516,1.50,1.69
2018.04.05 10:27:47.263,1.50501,1.50515,1.19,1.87
2018.04.05 10:27:47.401,1.50501,1.50514,1.44,1.31
2018.04.05 10:27:47.608,1.50502,1.50514,1.25,1.44
2018.04.05 10:27:48.434,1.50502,1.50515,1.25,4.87
2018.04.05 10:27:48.948,1.50503,1.50515,1.12,3.75
2018.04.05 10:27:49.387,1.50506,1.50515,1.25,1.69
2018.04.05 10:27:49.440,1.50506,1.50515,1.25,1.31
2018.04.05 10:27:49.804,1.50504,1.50515,1.12,1.00
2018.04.05 10:27:50.093,1.50512,1.50519,1.25,1.75
2018.04.05 10:27:50.219,1.50514,1.50526,1.12,1.31
2018.04.05 10:27:50.272,1.50514,1.50526,1.25,3.56
2018.04.05 10:27:50.377,1.50515,1.50526,1.25,1.19
2018.04.05 10:27:50.532,1.50515,1.50527,1.25,1.00
2018.04.05 10:27:50.636,1.50516,1.50527,1.19,1.00
2018.04.05 10:27:50.947,1.50514,1.50526,1.25,1.69
2018.04.05 10:27:51.478,1.50514,1.50525,1.25,1.19
2018.04.05 10:27:51.911,1.50516,1.50526,1.25,1.31
2018.04.05 10:27:52.170,1.50514,1.50527,1.25,1.75
2018.04.05 10:27:52.907,1.50514,1.50525,1.25,1.25
2018.04.05 10:27:53.492,1.50514,1.50525,1.25,1.56
2018.04.05 10:27:53.599,1.50514,1.50527,1.25,1.56
2018.04.05 10:27:53.652,1.50511,1.5052,1.19,1.00
2018.04.05 10:27:53.808,1.50513,1.50525,1.25,1.50
2018.04.05 10:27:53.988,1.50512,1.50525,1.31,1.69
2018.04.05 10:27:54.746,1.50514,1.50525,1.25,1.56
2018.04.05 10:27:55.056,1.50512,1.50525,1.25,1.56
2018.04.05 10:27:55.108,1.50514,1.50525,1.25,1.56
2018.04.05 10:27:55.404,1.50514,1.50525,1.25,1.31
2018.04.05 10:27:55.457,1.50514,1.50527,1.50,1.19
2018.04.05 10:27:55.509,1.50516,1.50528,1.25,1.12
2018.04.05 10:27:56.056,1.50515,1.50528,1.25,1.87
2018.04.05 10:27:56.654,1.50514,1.50528,1.31,1.44
2018.04.05 10:27:57.057,1.50516,1.50528,1.25,1.44
2018.04.05 10:27:58.533,1.50516,1.50526,1.25,1.00
2018.04.05 10:27:59.044,1.50516,1.50529,1.25,2.06
2018.04.05 10:27:59.794,1.50515,1.50529,1.25,2.25
2018.04.05 10:28:00.136,1.50517,1.50526,1.25,1.00
2018.04.05 10:28:00.649,1.50516,1.50526,1.25,1.00
2018.04.05 10:28:01.302,1.50516,1.50528,1.25,1.00
2018.04.05 10:28:02.921,1.50516,1.50529,1.25,1.87
2018.04.05 10:28:03.029,1.50513,1.50524,1.25,1.19
2018.04.05 10:28:03.559,1.50514,1.50526,1.25,2.62
2018.04.05 10:28:04.429,1.50514,1.50525,1.25,1.25
2018.04.05 10:28:05.488,1.50517,1.50527,1.25,1.00
2018.04.05 10:28:05.798,1.50519,1.5053,1.25,4.31
2018.04.05 10:28:06.314,1.5052,1.5053,1.25,3.56
2018.04.05 10:28:06.825,1.5052,1.5053,1.25,1.69
2018.04.05 10:28:07.341,1.5052,1.5053,1.25,1.25
2018.04.05 10:28:07.856,1.5052,1.50531,1.25,2.81
2018.04.05 10:28:09.082,1.5052,1.50532,1.25,1.56
2018.04.05 10:28:09.996,1.5052,1.50532,1.19,1.56
2018.04.05 10:28:10.048,1.50521,1.50532,1.25,1.56
2018.04.05 10:28:10.152,1.50524,1.50534,1.25,1.00
2018.04.05 10:28:10.395,1.50521,1.50535,2.25,3.00
2018.04.05 10:28:10.550,1.50521,1.50531,1.19,1.00
2018.04.05 10:28:10.914,1.50519,1.50531,1.44,1.00
2018.04.05 10:28:11.070,1.50521,1.50532,1.19,3.00
2018.04.05 10:28:11.377,1.50511,1.50523,1.69,1.87
2018.04.05 10:28:11.689,1.50508,1.50518,1.19,1.31
2018.04.05 10:28:12.020,1.5051,1.50521,1.19,1.81
2018.04.05 10:28:12.316,1.50508,1.50518,1.25,1.44
2018.04.05 10:28:13.456,1.50508,1.5052,1.25,1.37
2018.04.05 10:28:14.387,1.50506,1.5052,1.31,1.87
2018.04.05 10:28:14.714,1.50507,1.50517,1.19,1.12
2018.04.05 10:28:14.972,1.50508,1.50518,1.25,1.19
2018.04.05 10:28:15.074,1.50505,1.50518,1.69,1.50
2018.04.05 10:28:15.432,1.5051,1.5052,1.25,1.25
2018.04.05 10:28:15.535,1.50511,1.50522,1.25,2.06
2018.04.05 10:28:15.969,1.50513,1.50523,1.19,1.87
2018.04.05 10:28:16.496,1.50514,1.50523,1.19,1.87
2018.04.05 10:28:16.952,1.50514,1.50526,1.19,1.69
2018.04.05 10:28:17.057,1.50519,1.50527,1.25,2.25
2018.04.05 10:28:17.109,1.50515,1.50527,1.19,1.87
2018.04.05 10:28:17.639,1.50514,1.50527,1.19,2.00
2018.04.05 10:28:18.155,1.50514,1.50526,1.25,2.25
2018.04.05 10:28:18.207,1.50516,1.50527,1.19,2.06
2018.04.05 10:28:18.934,1.50516,1.50527,1.19,1.31
2018.04.05 10:28:19.140,1.50514,1.50527,1.19,1.56
2018.04.05 10:28:19.193,1.50513,1.50527,2.25,1.37
2018.04.05 10:28:19.246,1.50515,1.50525,1.00,1.31
2018.04.05 10:28:19.298,1.50513,1.50525,1.25,1.25
2018.04.05 10:28:20.962,1.50516,1.50527,1.19,4.69
2018.04.05 10:28:21.166,1.50517,1.50527,1.25,2.44
2018.04.05 10:28:21.218,1.50519,1.50531,1.25,3.00
2018.04.05 10:28:21.371,1.50519,1.50532,1.25,1.69
2018.04.05 10:28:21.700,1.5052,1.50534,1.25,2.44
2018.04.05 10:28:22.382,1.50516,1.50531,3.00,1.44
2018.04.05 10:28:22.433,1.50517,1.50531,1.19,1.12
2018.04.05 10:28:22.739,1.5052,1.50534,1.31,1.56
2018.04.05 10:28:23.118,1.50522,1.50535,1.25,3.75
2018.04.05 10:28:24.510,1.50522,1.50534,1.25,1.81
2018.04.05 10:28:25.083,1.50522,1.50534,1.25,1.69
2018.04.05 10:28:26.429,1.50521,1.50534,1.31,1.87
2018.04.05 10:28:27.157,1.50521,1.50534,1.31,1.44
2018.04.05 10:28:27.834,1.5052,1.50534,1.12,1.37
2018.04.05 10:28:29.218,1.50517,1.50531,1.87,1.50
2018.04.05 10:28:29.564,1.50514,1.50528,1.12,2.25
2018.04.05 10:28:30.140,1.5051,1.50525,1.94,1.50
2018.04.05 10:28:30.192,1.50509,1.50524,1.87,1.50
2018.04.05 10:28:30.540,1.50512,1.50523,1.19,1.69
2018.04.05 10:28:31.455,1.50512,1.50523,1.19,1.69
2018.04.05 10:28:31.507,1.50514,1.50524,1.25,1.19
2018.04.05 10:28:31.660,1.50512,1.50524,1.25,1.44
2018.04.05 10:28:32.162,1.5051,1.50525,1.12,1.87
2018.04.05 10:28:32.632,1.50511,1.50525,1.19,1.81
2018.04.05 10:28:32.738,1.50509,1.50525,1.87,1.37
2018.04.05 10:28:33.156,1.50509,1.50522,1.25,1.75
2018.04.05 10:28:33.400,1.50502,1.50515,1.19,1.19
2018.04.05 10:28:34.213,1.505,1.50512,1.75,1.00
2018.04.05 10:28:34.425,1.505,1.50514,1.75,1.31
2018.04.05 10:28:34.529,1.505,1.50514,1.37,1.31
2018.04.05 10:28:34.791,1.50501,1.50513,1.12,1.31
2018.04.05 10:28:35.121,1.50504,1.50517,1.12,1.19
2018.04.05 10:28:35.888,1.50504,1.50517,1.12,1.25
2018.04.05 10:28:36.403,1.50503,1.50519,1.75,4.50
2018.04.05 10:28:37.391,1.50504,1.50516,1.12,1.00
2018.04.05 10:28:37.494,1.50504,1.50518,1.12,1.25
2018.04.05 10:28:37.803,1.50495,1.5051,2.25,1.75
2018.04.05 10:28:39.305,1.50496,1.50509,1.31,1.44
2018.04.05 10:28:39.819,1.50494,1.50509,2.25,1.37
2018.04.05 10:28:40.438,1.50494,1.50508,2.25,1.37
2018.04.05 10:28:41.892,1.50493,1.50508,1.75,1.37
2018.04.05 10:28:42.421,1.50493,1.50509,3.00,2.25
2018.04.05 10:28:43.580,1.50493,1.50509,3.56,1.37
2018.04.05 10:28:44.585,1.50497,1.50512,1.50,2.25
2018.04.05 10:28:44.640,1.50499,1.50511,1.25,1.00
2018.04.05 10:28:45.163,1.50498,1.50512,1.25,1.87
2018.04.05 10:28:45.678,1.50498,1.50512,1.00,2.81
2018.04.05 10:28:46.041,1.50496,1.50511,3.00,1.31
2018.04.05 10:28:46.094,1.50498,1.50512,2.06,1.25
2018.04.05 10:28:46.328,1.50498,1.50512,2.81,1.19
2018.04.05 10:28:46.431,1.50498,1.50512,2.81,1.00
2018.04.05 10:28:46.586,1.50498,1.50512,2.81,1.19
2018.04.05 10:28:46.639,1.50498,1.50512,2.81,1.00
2018.04.05 10:28:46.984,1.505,1.50515,2.00,1.00
2018.04.05 10:28:47.086,1.505,1.50516,2.44,2.25
2018.04.05 10:28:48.022,1.505,1.50515,2.44,1.00
2018.04.05 10:28:48.125,1.505,1.50516,2.44,2.25
2018.04.05 10:28:48.480,1.50501,1.50515,1.75,1.00
2018.04.05 10:28:49.273,1.50502,1.50518,1.75,1.87
2018.04.05 10:28:49.592,1.50503,1.50516,1.12,1.19
2018.04.05 10:28:49.646,1.50501,1.50516,1.12,1.37
2018.04.05 10:28:50.168,1.505,1.50513,1.19,1.62
2018.04.05 10:28:53.252,1.50499,1.50514,1.37,1.81
2018.04.05 10:28:53.800,1.505,1.50514,1.75,1.25
2018.04.05 10:28:54.315,1.50502,1.50516,1.19,1.81
2018.04.05 10:28:54.782,1.50502,1.50516,1.19,1.87
2018.04.05 10:28:54.887,1.50499,1.50515,1.81,2.25
2018.04.05 10:28:54.941,1.50497,1.50512,1.12,2.25
2018.04.05 10:28:55.249,1.50496,1.5051,1.94,1.37
2018.04.05 10:28:55.763,1.50496,1.5051,1.19,1.37
2018.04.05 10:28:55.815,1.50496,1.50511,1.19,3.75
2018.04.05 10:28:56.323,1.50497,1.50512,1.12,1.50
2018.04.05 10:28:56.632,1.50501,1.50511,1.44,1.00
2018.04.05 10:28:56.737,1.50497,1.50512,1.75,3.37
2018.04.05 10:28:56.790,1.505,1.50512,1.19,3.56
2018.04.05 10:28:56.842,1.50498,1.50512,1.50,3.00
2018.04.05 10:28:56.894,1.50499,1.50512,1.69,2.81
2018.04.05 10:28:56.997,1.50497,1.50512,2.25,3.00
2018.04.05 10:28:57.050,1.50499,1.50512,1.87,2.81
2018.04.05 10:28:57.283,1.50499,1.50513,1.37,1.37
2018.04.05 10:28:57.909,1.50497,1.50511,1.87,1.44
2018.04.05 10:28:58.217,1.50497,1.50513,1.12,1.50
2018.04.05 10:28:58.550,1.50501,1.50514,1.75,1.12
2018.04.05 10:28:59.109,1.505,1.50514,1.50,1.75
2018.04.05 10:28:59.161,1.50499,1.50513,1.50,1.31
2018.04.05 10:28:59.592,1.505,1.50514,1.44,1.69
2018.04.05 10:29:00.295,1.50503,1.50515,1.00,1.25
2018.04.05 10:29:00.397,1.50502,1.50517,1.12,2.44
2018.04.05 10:29:01.046,1.50501,1.50516,1.12,1.00
2018.04.05 10:29:01.615,1.50502,1.50518,2.25,1.87
2018.04.05 10:29:01.968,1.50502,1.50515,1.69,1.69
2018.04.05 10:29:02.492,1.50502,1.50517,3.37,1.56
2018.04.05 10:29:02.580,1.50503,1.50516,1.69,1.50
2018.04.05 10:29:03.096,1.50504,1.50516,1.31,1.00
2018.04.05 10:29:03.923,1.50502,1.50516,1.31,1.37
2018.04.05 10:29:04.468,1.50502,1.50515,1.81,1.25
2018.04.05 10:29:04.956,1.50502,1.50515,1.56,1.56
2018.04.05 10:29:05.008,1.50499,1.50513,1.50,1.19
2018.04.05 10:29:05.061,1.50498,1.50512,2.06,1.56
2018.04.05 10:29:05.113,1.50498,1.50511,1.31,1.19
2018.04.05 10:29:05.165,1.50496,1.50512,1.12,1.87
2018.04.05 10:29:05.717,1.50495,1.5051,3.75,1.81
2018.04.05 10:29:06.238,1.50496,1.5051,1.69,1.19
2018.04.05 10:29:06.693,1.505,1.50514,1.12,1.12
2018.04.05 10:29:06.745,1.50502,1.50516,1.37,1.50
2018.04.05 10:29:06.935,1.50504,1.50517,1.25,1.00
2018.04.05 10:29:07.488,1.50504,1.50518,1.81,1.37
2018.04.05 10:29:07.954,1.50505,1.50519,1.81,1.50
2018.04.05 10:29:08.531,1.50507,1.5052,1.37,1.81
2018.04.05 10:29:08.842,1.50508,1.50523,1.50,1.75
2018.04.05 10:29:09.403,1.50509,1.50524,1.87,1.87
2018.04.05 10:29:10.696,1.50511,1.50525,1.19,2.19
2018.04.05 10:29:11.596,1.50509,1.50522,2.62,1.31
2018.04.05 10:29:11.749,1.50507,1.50521,1.81,1.12
2018.04.05 10:29:12.157,1.50506,1.5052,1.25,1.89
2018.04.05 10:29:12.683,1.50506,1.50519,1.12,1.39
2018.04.05 10:29:13.070,1.50504,1.50516,1.00,3.19
2018.04.05 10:29:13.377,1.50501,1.50513,1.69,1.44
2018.04.05 10:29:13.717,1.50499,1.50513,1.69,1.50
2018.04.05 10:29:14.244,1.50498,1.50513,1.87,1.12
2018.04.05 10:29:14.760,1.50499,1.50513,1.81,1.62
2018.04.05 10:29:15.084,1.50498,1.50511,1.87,1.12
2018.04.05 10:29:15.137,1.50495,1.50506,1.00,1.87
2018.04.05 10:29:15.241,1.5049,1.50504,1.81,1.44
2018.04.05 10:29:15.550,1.50489,1.50504,1.87,1.00
2018.04.05 10:29:17.275,1.50489,1.50505,2.19,1.87
2018.04.05 10:29:17.868,1.5049,1.50504,1.00,1.00
2018.04.05 10:29:18.136,1.50489,1.50504,3.00,1.12
2018.04.05 10:29:18.664,1.5049,1.50504,1.81,1.44
2018.04.05 10:29:18.992,1.50493,1.50507,1.12,1.87
2018.04.05 10:29:20.071,1.50492,1.50507,2.25,1.00
2018.04.05 10:29:20.123,1.50494,1.50508,1.81,1.50
2018.04.05 10:29:20.437,1.50494,1.50506,1.56,1.56
2018.04.05 10:29:21.303,1.50494,1.50506,1.81,1.56
2018.04.05 10:29:21.855,1.50494,1.50506,1.12,1.56
2018.04.05 10:29:22.827,1.50495,1.50508,3.75,1.50
2018.04.05 10:29:22.932,1.50493,1.50506,1.50,1.00
2018.04.05 10:29:23.476,1.50493,1.50506,1.50,1.37
2018.04.05 10:29:23.684,1.50495,1.50508,1.31,1.31
2018.04.05 10:29:23.736,1.50496,1.50509,2.25,1.25
2018.04.05 10:29:24.047,1.50494,1.5051,2.44,1.87
2018.04.05 10:29:24.161,1.50494,1.50506,1.87,1.12
2018.04.05 10:29:24.214,1.50494,1.50507,1.69,1.19
2018.04.05 10:29:24.322,1.50495,1.50508,1.37,1.50
2018.04.05 10:29:24.630,1.50498,1.50511,2.19,1.37
2018.04.05 10:29:25.137,1.50499,1.50512,2.25,1.62
2018.04.05 10:29:25.439,1.50502,1.50514,1.19,1.31
2018.04.05 10:29:26.231,1.50501,1.50514,1.19,1.31
2018.04.05 10:29:28.319,1.505,1.50514,1.25,3.37
2018.04.05 10:29:28.822,1.505,1.50512,1.31,1.94
2018.04.05 10:29:29.239,1.50498,1.5051,1.00,1.25
2018.04.05 10:29:29.640,1.50495,1.50508,1.81,1.44
2018.04.05 10:29:29.951,1.50492,1.50505,1.81,1.00
2018.04.05 10:29:30.307,1.50495,1.50508,1.12,3.75
2018.04.05 10:29:30.963,1.50495,1.50508,1.12,1.50
2018.04.05 10:29:32.071,1.50492,1.50505,2.06,2.25
2018.04.05 10:29:32.178,1.50489,1.50501,1.12,1.12
2018.04.05 10:29:32.229,1.50486,1.50497,2.00,1.37
2018.04.05 10:29:32.386,1.50481,1.50494,4.69,1.25
2018.04.05 10:29:32.499,1.50481,1.50494,1.50,1.12
2018.04.05 10:29:32.551,1.50479,1.50492,1.69,1.50
2018.04.05 10:29:33.064,1.50479,1.50491,1.25,1.87
2018.04.05 10:29:33.442,1.50479,1.50492,1.31,1.69
2018.04.05 10:29:33.982,1.50479,1.50493,1.69,3.75
2018.04.05 10:29:35.243,1.50479,1.50492,1.00,1.50
2018.04.05 10:29:35.297,1.50477,1.50489,1.81,1.37
2018.04.05 10:29:35.429,1.50475,1.50489,1.81,1.62
2018.04.05 10:29:35.532,1.50475,1.50487,1.19,1.19
2018.04.05 10:29:35.689,1.50475,1.50488,1.44,1.12
2018.04.05 10:29:36.530,1.50474,1.50488,1.75,1.31
2018.04.05 10:29:37.795,1.50472,1.50487,1.87,1.44
2018.04.05 10:29:38.310,1.50472,1.50486,1.94,1.50
2018.04.05 10:29:38.838,1.50472,1.50486,2.44,1.37
2018.04.05 10:29:39.355,1.50472,1.50487,2.62,2.19
2018.04.05 10:29:39.504,1.50472,1.50486,2.62,1.12
2018.04.05 10:29:40.009,1.50472,1.50488,2.62,3.75
2018.04.05 10:29:40.112,1.50473,1.50487,2.44,1.56
2018.04.05 10:29:40.670,1.50472,1.50485,3.00,1.00
2018.04.05 10:29:40.878,1.50472,1.50485,1.69,1.87
2018.04.05 10:29:40.930,1.50471,1.50485,1.31,1.87
2018.04.05 10:29:41.245,1.50469,1.50477,3.75,1.00
2018.04.05 10:29:41.923,1.50469,1.50481,3.75,1.56
2018.04.05 10:29:42.656,1.50469,1.50481,1.81,1.56
2018.04.05 10:29:42.730,1.50469,1.50481,1.81,1.56
2018.04.05 10:29:43.190,1.50468,1.5048,1.56,1.56
2018.04.05 10:29:43.753,1.50466,1.50479,1.25,1.56
2018.04.05 10:29:44.305,1.50466,1.50479,1.25,1.87
2018.04.05 10:29:44.836,1.50465,1.50479,1.75,1.81
2018.04.05 10:29:45.761,1.50466,1.50479,1.00,1.87
2018.04.05 10:29:45.968,1.50465,1.50477,1.50,1.87
2018.04.05 10:29:46.077,1.5046,1.50473,2.81,1.00
2018.04.05 10:29:46.234,1.50459,1.50473,1.12,2.25
2018.04.05 10:29:46.749,1.50459,1.5047,1.25,1.19
2018.04.05 10:29:47.332,1.50458,1.50471,4.50,1.50
2018.04.05 10:29:47.984,1.50458,1.5047,2.81,2.44
2018.04.05 10:29:48.303,1.50454,1.50466,1.00,2.25
2018.04.05 10:29:48.819,1.50453,1.50466,3.37,2.25
2018.04.05 10:29:53.383,1.50453,1.50467,1.81,1.19
2018.04.05 10:29:53.434,1.50455,1.5047,1.87,3.75
2018.04.05 10:29:53.784,1.50457,1.50471,1.87,2.25
2018.04.05 10:29:54.406,1.50457,1.50471,1.87,1.81
2018.04.05 10:29:54.952,1.50457,1.5047,2.25,1.00
2018.04.05 10:29:55.548,1.50457,1.50472,1.87,2.19
2018.04.05 10:29:55.600,1.50458,1.50472,1.75,1.00
2018.04.05 10:29:57.300,1.50459,1.50473,1.75,1.12
2018.04.05 10:29:57.621,1.50454,1.50466,1.19,1.19
2018.04.05 10:29:57.724,1.50453,1.50464,1.12,1.00
2018.04.05 10:29:58.235,1.50453,1.50466,1.12,1.56
2018.04.05 10:29:58.540,1.50453,1.50466,1.00,1.56
2018.04.05 10:29:59.892,1.50451,1.50464,1.81,2.06
2018.04.05 10:30:00.189,1.50439,1.50452,1.44,1.19
2018.04.05 10:30:00.292,1.50434,1.5045,2.25,1.75
2018.04.05 10:30:00.601,1.50431,1.50444,1.44,1.44
2018.04.05 10:30:01.113,1.50429,1.50444,1.87,1.00
2018.04.05 10:30:01.266,1.5043,1.50444,1.25,1.12
2018.04.05 10:30:01.804,1.50431,1.50443,1.00,1.75
2018.04.05 10:30:02.566,1.5043,1.50443,1.00,1.75
2018.04.05 10:30:03.675,1.50431,1.50442,1.00,1.50
2018.04.05 10:30:04.188,1.5043,1.50443,1.00,1.75
2018.04.05 10:30:04.502,1.50424,1.50436,1.00,1.87
2018.04.05 10:30:05.004,1.50423,1.50435,1.31,1.25
2018.04.05 10:30:05.620,1.50422,1.50435,1.12,1.12
2018.04.05 10:30:06.307,1.50422,1.50435,2.44,1.00
2018.04.05 10:30:06.628,1.50428,1.50443,1.12,1.75
2018.04.05 10:30:07.139,1.50429,1.50442,1.44,1.37
2018.04.05 10:30:08.260,1.50429,1.50442,1.25,1.37
2018.04.05 10:30:09.332,1.50429,1.50442,1.44,1.87
2018.04.05 10:30:09.385,1.5043,1.5044,1.00,1.19
2018.04.05 10:30:09.811,1.50427,1.50438,2.06,1.19
2018.04.05 10:30:09.917,1.50427,1.50439,2.25,1.25
2018.04.05 10:30:10.279,1.50428,1.50439,1.31,1.19
2018.04.05 10:30:10.810,1.50428,1.5044,1.31,1.69
2018.04.05 10:30:11.327,1.50427,1.50439,2.44,1.31
2018.04.05 10:30:11.849,1.50429,1.50439,1.62,1.19
2018.04.05 10:30:12.198,1.5043,1.50442,1.00,1.69
2018.04.05 10:30:12.684,1.50428,1.50439,2.00,1.19
2018.04.05 10:30:12.788,1.50428,1.50439,1.25,1.19
2018.04.05 10:30:13.364,1.50429,1.50439,1.00,1.19
2018.04.05 10:30:13.875,1.50428,1.50439,1.31,1.19
2018.04.05 10:30:14.386,1.50426,1.50438,2.62,1.19
2018.04.05 10:30:14.968,1.50427,1.50438,1.00,1.19
2018.04.05 10:30:15.022,1.50426,1.5044,1.31,1.44
2018.04.05 10:30:15.075,1.50426,1.50441,2.44,2.25
2018.04.05 10:30:15.209,1.50427,1.50439,1.31,1.44
2018.04.05 10:30:15.515,1.50426,1.50441,2.25,1.87
2018.04.05 10:30:16.104,1.50427,1.50441,1.19,1.75
2018.04.05 10:30:16.208,1.50427,1.50439,1.25,1.37
2018.04.05 10:30:16.467,1.50427,1.50441,1.94,1.75
2018.04.05 10:30:17.171,1.50429,1.50443,1.44,1.87
2018.04.05 10:30:17.275,1.50431,1.50444,1.19,1.44
2018.04.05 10:30:17.786,1.50432,1.50446,1.87,1.50
2018.04.05 10:30:18.015,1.50432,1.50444,1.87,1.12
2018.04.05 10:30:18.567,1.50433,1.50444,1.00,1.25
2018.04.05 10:30:18.624,1.50434,1.50446,1.87,1.31
2018.04.05 10:30:18.936,1.50435,1.50446,2.06,1.19
2018.04.05 10:30:19.041,1.50436,1.50448,1.50,1.56
2018.04.05 10:30:19.196,1.50438,1.50451,1.87,1.87
2018.04.05 10:30:20.941,1.50439,1.50452,1.37,1.81
2018.04.05 10:30:22.113,1.50442,1.50453,1.25,1.12
2018.04.05 10:30:22.630,1.50437,1.50453,3.19,1.75
2018.04.05 10:30:24.093,1.50437,1.50453,2.81,1.62
2018.04.05 10:30:26.605,1.50438,1.50453,1.37,1.56
2018.04.05 10:30:26.656,1.50437,1.50453,2.25,1.37
2018.04.05 10:30:27.186,1.50438,1.50453,1.37,1.12
2018.04.05 10:30:27.394,1.50436,1.5045,1.69,1.50
2018.04.05 10:30:27.446,1.50436,1.5045,1.69,2.25
2018.04.05 10:30:27.987,1.50435,1.50446,1.00,1.50
2018.04.05 10:30:29.127,1.50433,1.50446,1.44,1.87
2018.04.05 10:30:29.656,1.50434,1.50446,1.00,2.25
2018.04.05 10:30:30.172,1.50433,1.50446,1.25,2.25
2018.04.05 10:30:31.102,1.50434,1.50445,1.19,1.12
2018.04.05 10:30:32.571,1.50433,1.50444,1.19,1.56
2018.04.05 10:30:32.623,1.50433,1.50444,1.25,1.69
2018.04.05 10:30:32.948,1.50432,1.50444,1.25,1.00
2018.04.05 10:30:33.206,1.50432,1.50445,1.19,1.19
2018.04.05 10:30:33.310,1.50432,1.50445,1.31,1.37
2018.04.05 10:30:33.468,1.50429,1.50444,1.12,1.81
2018.04.05 10:30:33.522,1.5043,1.50441,1.00,1.50
2018.04.05 10:30:33.575,1.50427,1.5044,1.00,1.44
2018.04.05 10:30:33.629,1.50425,1.50438,1.19,1.50
2018.04.05 10:30:33.889,1.50424,1.50438,2.06,1.12
2018.04.05 10:30:34.418,1.50423,1.50437,1.50,1.19
2018.04.05 10:30:35.108,1.50423,1.50438,1.87,3.37
2018.04.05 10:30:35.655,1.50423,1.50437,1.87,1.81
2018.04.05 10:30:36.206,1.50423,1.50437,1.44,1.50
2018.04.05 10:30:37.096,1.50426,1.50439,1.31,3.75
2018.04.05 10:30:37.631,1.50426,1.50438,1.12,1.50
2018.04.05 10:30:39.038,1.50425,1.50438,1.50,2.19
2018.04.05 10:30:39.939,1.50424,1.50437,1.25,1.19
2018.04.05 10:30:40.197,1.50423,1.50437,1.12,1.31
2018.04.05 10:30:40.404,1.50424,1.50438,1.50,1.44
2018.04.05 10:30:40.926,1.50423,1.50436,1.62,1.12
2018.04.05 10:30:41.403,1.50421,1.50435,1.69,1.37
2018.04.05 10:30:41.710,1.50417,1.50431,1.87,1.44
2018.04.05 10:30:42.021,1.50414,1.50427,1.25,1.50
2018.04.05 10:30:42.567,1.50413,1.50427,1.37,1.44
2018.04.05 10:30:42.929,1.50413,1.50426,1.37,1.31
2018.04.05 10:30:43.393,1.50414,1.50426,1.37,1.69
2018.04.05 10:30:43.894,1.50413,1.50425,1.25,1.12
2018.04.05 10:30:44.208,1.5041,1.50423,1.50,1.50
2018.04.05 10:30:44.879,1.50413,1.50425,1.00,1.50
2018.04.05 10:30:45.153,1.50413,1.50427,1.00,1.37
2018.04.05 10:30:45.670,1.50412,1.50427,3.94,1.12
2018.04.05 10:30:46.097,1.50413,1.50427,1.87,2.25
2018.04.05 10:30:47.045,1.50413,1.50427,1.31,1.50
2018.04.05 10:30:47.453,1.50417,1.5043,1.25,2.62
2018.04.05 10:30:47.506,1.50419,1.50431,1.37,1.12
2018.04.05 10:30:48.152,1.50419,1.50432,3.37,1.37
2018.04.05 10:30:48.515,1.50422,1.50434,1.69,1.44
2018.04.05 10:30:48.832,1.50424,1.50437,1.50,1.37
2018.04.05 10:30:50.005,1.50425,1.50438,1.50,3.00
2018.04.05 10:30:50.230,1.50424,1.50437,1.25,1.37
2018.04.05 10:30:50.514,1.50424,1.50437,1.12,1.37
2018.04.05 10:30:50.619,1.50426,1.50438,1.69,1.19
2018.04.05 10:30:50.671,1.50427,1.50438,1.25,1.00
2018.04.05 10:30:50.776,1.50427,1.50438,1.12,1.00
2018.04.05 10:30:51.381,1.50426,1.50438,2.25,1.00
2018.04.05 10:30:51.434,1.50427,1.50439,1.37,1.62
2018.04.05 10:30:51.538,1.50425,1.50438,1.87,1.44
2018.04.05 10:30:52.067,1.50425,1.50438,3.00,1.00
2018.04.05 10:30:52.171,1.50425,1.50439,1.56,1.75
2018.04.05 10:30:53.141,1.50425,1.50438,1.75,1.00
2018.04.05 10:30:53.464,1.50425,1.50438,1.56,1.87
2018.04.05 10:30:53.620,1.50425,1.50437,1.31,1.50
2018.04.05 10:30:53.672,1.50425,1.50438,1.00,1.31
2018.04.05 10:30:53.776,1.50423,1.50435,1.75,1.50
2018.04.05 10:30:53.931,1.50421,1.50433,1.81,1.25
2018.04.05 10:30:55.261,1.5042,1.50434,1.81,2.62
2018.04.05 10:30:56.048,1.50421,1.50433,1.31,1.50
2018.04.05 10:30:56.588,1.50421,1.50433,1.00,1.50
2018.04.05 10:30:57.245,1.50422,1.50434,1.56,2.06
2018.04.05 10:30:57.554,1.50423,1.50436,2.00,1.81
2018.04.05 10:30:57.658,1.50423,1.50436,1.31,1.81
2018.04.05 10:30:58.082,1.50421,1.50432,1.12,1.75
2018.04.05 10:30:58.620,1.50418,1.50431,1.69,2.25
2018.04.05 10:30:59.824,1.50419,1.50432,1.00,2.06
2018.04.05 10:31:00.404,1.50418,1.50431,1.12,1.19
2018.04.05 10:31:01.095,1.50418,1.50432,1.75,2.62
2018.04.05 10:31:01.304,1.5042,1.50434,2.25,1.50
2018.04.05 10:31:01.355,1.50421,1.50434,1.87,1.00
2018.04.05 10:31:01.866,1.50422,1.50435,1.00,2.25
2018.04.05 10:31:02.606,1.5042,1.50434,2.62,1.37
2018.04.05 10:31:04.000,1.50422,1.50433,1.50,1.37
2018.04.05 10:31:04.541,1.50421,1.50433,1.50,1.31
2018.04.05 10:31:08.190,1.5042,1.50434,1.87,4.31
2018.04.05 10:31:08.349,1.50417,1.50429,1.12,1.50
2018.04.05 10:31:08.766,1.50413,1.50427,1.37,1.00
2018.04.05 10:31:09.492,1.50412,1.50427,3.19,1.00
2018.04.05 10:31:10.037,1.50412,1.50428,2.81,1.87
2018.04.05 10:31:10.566,1.50412,1.50428,2.81,2.62
2018.04.05 10:31:12.595,1.50412,1.50428,1.50,2.62
2018.04.05 10:31:13.228,1.50412,1.50428,3.00,2.62
2018.04.05 10:31:18.144,1.50412,1.50427,2.44,2.62
2018.04.05 10:31:18.657,1.50413,1.50425,1.31,1.00
2018.04.05 10:31:19.316,1.50414,1.50425,1.00,1.00
2018.04.05 10:31:19.867,1.50411,1.50426,2.44,1.12
2018.04.05 10:31:20.649,1.50411,1.50427,2.62,2.19
2018.04.05 10:31:20.752,1.50414,1.50428,2.25,1.87
2018.04.05 10:31:20.855,1.50415,1.50428,2.44,1.50
2018.04.05 10:31:21.000,1.50416,1.50429,1.87,1.31
2018.04.05 10:31:21.051,1.50418,1.50431,1.94,1.00
2018.04.05 10:31:21.510,1.5042,1.50435,1.50,3.00
2018.04.05 10:31:22.154,1.5042,1.50435,1.44,2.62
2018.04.05 10:31:24.094,1.5042,1.50435,2.25,1.87
2018.04.05 10:31:24.590,1.5042,1.50435,2.25,1.87
2018.04.05 10:31:25.647,1.50422,1.50435,1.69,1.50
2018.04.05 10:31:26.692,1.50422,1.50436,2.44,1.69
2018.04.05 10:31:27.421,1.50423,1.50436,1.44,1.19
2018.04.05 10:31:27.960,1.50422,1.50436,3.00,1.31
2018.04.05 10:31:28.950,1.50423,1.50436,3.00,1.31
2018.04.05 10:31:29.208,1.50424,1.50437,1.69,1.75
2018.04.05 10:31:29.701,1.50424,1.50437,1.44,1.50
2018.04.05 10:31:31.085,1.50424,1.50437,1.44,1.50
2018.04.05 10:31:31.750,1.50422,1.50436,1.75,2.25
2018.04.05 10:31:31.805,1.50422,1.50435,1.69,1.19
2018.04.05 10:31:32.010,1.50422,1.50436,1.87,1.87
2018.04.05 10:31:32.538,1.50422,1.50436,1.12,1.31
2018.04.05 10:31:34.343,1.50423,1.50435,1.56,1.19
2018.04.05 10:31:34.395,1.50424,1.50437,1.50,1.12
2018.04.05 10:31:34.448,1.50422,1.50434,1.00,2.25
2018.04.05 10:31:34.501,1.50417,1.50432,2.62,1.12
2018.04.05 10:31:34.616,1.50416,1.50426,1.50,1.19
2018.04.05 10:31:34.673,1.50413,1.50424,1.31,1.00
2018.04.05 10:31:35.186,1.50413,1.50425,1.00,1.50
2018.04.05 10:31:35.825,1.50412,1.50425,1.31,1.75
2018.04.05 10:31:36.489,1.50413,1.50425,1.00,1.75
2018.04.05 10:31:39.290,1.5041,1.50422,1.50,1.31
2018.04.05 10:31:39.804,1.50408,1.50423,5.25,2.62
2018.04.05 10:31:40.751,1.50409,1.50421,1.50,1.31
2018.04.05 10:31:41.062,1.50407,1.5042,1.87,1.31
2018.04.05 10:31:42.069,1.50407,1.5042,1.31,2.25
2018.04.05 10:31:42.229,1.50401,1.50414,1.44,1.87
2018.04.05 10:31:42.334,1.504,1.50411,1.25,1.00
2018.04.05 10:31:42.439,1.50399,1.50411,1.25,1.75
2018.04.05 10:31:42.990,1.50396,1.50409,1.12,1.12
2018.04.05 10:31:43.313,1.50383,1.50396,1.31,1.75
2018.04.05 10:31:43.462,1.50381,1.50395,3.00,1.75
2018.04.05 10:31:43.568,1.50381,1.50394,1.69,1.27
2018.04.05 10:31:43.672,1.50373,1.50384,1.31,1.25
2018.04.05 10:31:43.723,1.50373,1.50384,1.25,1.69
2018.04.05 10:31:43.978,1.50371,1.50384,1.00,1.87
2018.04.05 10:31:44.631,1.50368,1.50382,1.50,1.50
2018.04.05 10:31:46.597,1.50367,1.50381,1.31,1.75
2018.04.05 10:31:46.762,1.50365,1.50379,1.25,1.50
2018.04.05 10:31:47.222,1.50365,1.50378,1.31,1.25
2018.04.05 10:31:48.037,1.50364,1.50378,1.50,1.12
2018.04.05 10:31:48.141,1.50364,1.50378,1.69,1.44
2018.04.05 10:31:48.451,1.50365,1.50378,1.00,1.50
2018.04.05 10:31:48.984,1.50365,1.5038,1.69,1.87
2018.04.05 10:31:49.244,1.50364,1.5038,3.00,1.44
2018.04.05 10:31:49.349,1.50372,1.50387,2.06,3.75
2018.04.05 10:31:49.455,1.50375,1.5039,1.31,2.25
2018.04.05 10:31:49.985,1.50376,1.5039,1.25,1.50
2018.04.05 10:31:50.295,1.50382,1.50397,1.69,2.81
2018.04.05 10:31:50.514,1.50389,1.50403,1.19,1.56
2018.04.05 10:31:50.618,1.5039,1.50404,1.87,1.37
2018.04.05 10:31:50.878,1.50389,1.50402,1.19,1.12
2018.04.05 10:31:50.932,1.50386,1.50399,1.31,1.12
2018.04.05 10:31:51.242,1.50384,1.50398,1.87,1.75
2018.04.05 10:31:51.774,1.50384,1.50399,1.12,1.87
2018.04.05 10:31:52.414,1.50384,1.504,2.25,1.87
2018.04.05 10:31:52.520,1.50388,1.50402,1.25,1.50
2018.04.05 10:31:52.850,1.50392,1.50406,1.25,2.25
2018.04.05 10:31:53.777,1.50392,1.50404,1.19,1.19
2018.04.05 10:31:53.984,1.50389,1.50402,1.69,1.50
2018.04.05 10:31:54.088,1.50388,1.50403,2.06,1.87
2018.04.05 10:31:57.086,1.50389,1.50404,2.06,1.75
2018.04.05 10:31:58.301,1.50389,1.50403,1.56,1.87
2018.04.05 10:31:58.353,1.50389,1.50402,1.19,1.19
2018.04.05 10:31:58.612,1.50388,1.50403,2.25,1.69
2018.04.05 10:31:58.717,1.50388,1.50403,2.25,1.19
2018.04.05 10:31:58.876,1.50391,1.50405,1.31,2.25
2018.04.05 10:31:59.202,1.50392,1.50406,1.19,1.31
2018.04.05 10:32:00.069,1.50391,1.50406,3.00,1.50
2018.04.05 10:32:00.609,1.50392,1.50405,1.31,1.12
2018.04.05 10:32:01.480,1.50391,1.50405,1.44,1.12
2018.04.05 10:32:02.337,1.50392,1.50407,1.37,2.44
2018.04.05 10:32:02.646,1.50408,1.50422,1.44,1.87
2018.04.05 10:32:02.749,1.5041,1.50422,1.19,1.19
2018.04.05 10:32:03.005,1.50412,1.50426,1.00,1.12
2018.04.05 10:32:03.084,1.50412,1.50427,2.44,1.31
2018.04.05 10:32:03.591,1.50414,1.50428,1.31,1.12
2018.04.05 10:32:04.101,1.50413,1.50428,1.12,1.12
2018.04.05 10:32:04.994,1.50412,1.50427,1.87,1.44
2018.04.05 10:32:05.152,1.50411,1.50426,1.31,1.50
2018.04.05 10:32:06.482,1.5041,1.50426,1.87,2.21
2018.04.05 10:32:07.258,1.50411,1.50426,1.56,1.50
2018.04.05 10:32:07.309,1.50412,1.50426,1.00,1.50
2018.04.05 10:32:07.614,1.50411,1.50426,1.69,1.37
2018.04.05 10:32:08.859,1.50412,1.50427,1.31,1.84
2018.04.05 10:32:10.214,1.50413,1.50428,1.31,1.75
2018.04.05 10:32:10.529,1.50415,1.50429,1.56,1.39
2018.04.05 10:32:10.581,1.50413,1.50429,1.44,2.21
2018.04.05 10:32:11.127,1.50414,1.50429,1.87,1.84
2018.04.05 10:32:11.229,1.50415,1.50429,1.44,1.09
2018.04.05 10:32:11.331,1.50415,1.50429,1.87,1.39
2018.04.05 10:32:11.382,1.50415,1.50429,1.87,1.09
2018.04.05 10:32:11.540,1.50415,1.50429,1.87,1.39
2018.04.05 10:32:11.885,1.50415,1.50429,1.19,1.84
2018.04.05 10:32:12.159,1.50413,1.50426,1.00,1.46
2018.04.05 10:32:12.315,1.50409,1.50424,1.44,1.87
2018.04.05 10:32:12.421,1.50409,1.50425,1.75,1.12
2018.04.05 10:32:13.881,1.50411,1.50424,1.25,1.44
2018.04.05 10:32:15.151,1.5041,1.50424,1.00,1.44
2018.04.05 10:32:15.205,1.50411,1.50424,1.19,1.31
2018.04.05 10:32:15.412,1.50411,1.50424,1.00,1.87
2018.04.05 10:32:15.623,1.50413,1.50425,1.50,1.27
2018.04.05 10:32:16.036,1.50413,1.50426,1.31,2.25
2018.04.05 10:32:16.264,1.50412,1.50426,1.87,2.25
2018.04.05 10:32:16.906,1.50412,1.50426,1.87,1.31
2018.04.05 10:32:17.064,1.50415,1.5043,1.87,1.00
2018.04.05 10:32:17.169,1.50414,1.50431,2.25,1.50
2018.04.05 10:32:18.128,1.50418,1.50433,1.00,2.25
2018.04.05 10:32:18.336,1.50419,1.50432,1.19,1.19
2018.04.05 10:32:22.123,1.50419,1.50433,1.19,2.25
2018.04.05 10:32:22.389,1.50416,1.5043,1.19,2.19
2018.04.05 10:32:22.442,1.50413,1.50428,1.50,1.19
2018.04.05 10:32:22.493,1.50413,1.50428,1.31,2.44
2018.04.05 10:32:23.021,1.50412,1.50428,2.06,3.94
2018.04.05 10:32:23.251,1.50414,1.50428,1.37,3.00
2018.04.05 10:32:23.356,1.50415,1.50429,1.75,1.69
2018.04.05 10:32:23.980,1.50416,1.50429,1.12,1.25
2018.04.05 10:32:24.033,1.50416,1.50429,1.12,1.19
2018.04.05 10:32:24.540,1.50415,1.50429,2.25,1.56
2018.04.05 10:32:24.668,1.50415,1.50429,1.81,1.56
2018.04.05 10:32:27.179,1.50417,1.50429,1.19,1.31
2018.04.05 10:32:30.150,1.50417,1.50431,1.19,1.44
2018.04.05 10:32:30.668,1.50417,1.5043,1.81,1.19
2018.04.05 10:32:31.961,1.50417,1.50431,1.75,1.19
2018.04.05 10:32:32.116,1.50417,1.50433,1.75,2.25
2018.04.05 10:32:32.641,1.50417,1.50433,1.12,2.25
2018.04.05 10:32:32.979,1.5041,1.50424,2.25,1.19
2018.04.05 10:32:33.527,1.50409,1.50424,1.75,2.25
2018.04.05 10:32:33.708,1.50411,1.50424,1.75,1.25
2018.04.05 10:32:33.760,1.50413,1.50428,1.81,2.06
2018.04.05 10:32:34.317,1.50414,1.50429,1.25,2.25
2018.04.05 10:32:34.834,1.50414,1.5043,1.12,3.00
2018.04.05 10:32:35.382,1.50414,1.50429,1.37,1.37
2018.04.05 10:32:35.981,1.50415,1.5043,1.37,2.25
2018.04.05 10:32:36.635,1.50415,1.5043,1.00,2.25
2018.04.05 10:32:37.270,1.50414,1.5043,1.69,3.00
2018.04.05 10:32:37.818,1.50411,1.50426,2.62,1.19
2018.04.05 10:32:38.127,1.50418,1.50426,1.25,1.19
2018.04.05 10:32:38.947,1.50417,1.50427,1.00,1.19
2018.04.05 10:32:39.448,1.50416,1.50428,1.25,2.44
2018.04.05 10:32:39.995,1.50417,1.50428,1.25,2.25
2018.04.05 10:32:40.657,1.50416,1.50427,1.25,1.19
2018.04.05 10:32:40.709,1.50413,1.50427,1.25,1.37
2018.04.05 10:32:40.813,1.50412,1.50426,1.31,2.44
2018.04.05 10:32:40.967,1.50411,1.50424,1.31,1.31
2018.04.05 10:32:41.071,1.50408,1.5042,1.37,1.00
2018.04.05 10:32:41.431,1.50411,1.5042,1.25,1.00
2018.04.05 10:32:41.980,1.5041,1.5042,1.25,1.00
2018.04.05 10:32:42.529,1.50411,1.5042,1.25,1.25
2018.04.05 10:32:42.581,1.50409,1.5042,1.25,1.25
2018.04.05 10:32:42.789,1.50412,1.50422,1.25,1.31
2018.04.05 10:32:42.841,1.50412,1.50422,1.25,1.00
2018.04.05 10:32:43.359,1.50412,1.50422,1.50,1.00
2018.04.05 10:32:44.446,1.50413,1.50426,1.25,1.50
2018.04.05 10:32:44.549,1.50414,1.50426,1.19,1.19
2018.04.05 10:32:44.987,1.50412,1.50426,1.81,1.12
2018.04.05 10:32:46.996,1.50414,1.50427,1.19,3.00
2018.04.05 10:32:47.248,1.50414,1.50428,1.87,2.25
2018.04.05 10:32:47.299,1.50415,1.50427,1.44,1.31
2018.04.05 10:32:47.759,1.50417,1.50431,1.25,1.87
2018.04.05 10:32:48.345,1.50417,1.5043,1.31,1.69
2018.04.05 10:32:48.897,1.50419,1.5043,1.25,1.69
2018.04.05 10:32:48.971,1.50417,1.5043,1.25,1.69
2018.04.05 10:32:49.378,1.50417,1.50429,1.25,1.50
2018.04.05 10:32:49.584,1.50414,1.50427,1.69,1.44
2018.04.05 10:32:50.129,1.50415,1.50427,1.19,1.50
2018.04.05 10:32:50.742,1.50413,1.50427,2.62,1.50
2018.04.05 10:32:51.260,1.50412,1.50426,1.87,1.12
2018.04.05 10:32:51.811,1.50413,1.50426,1.00,1.12
2018.04.05 10:32:52.347,1.50411,1.50426,1.87,2.25
2018.04.05 10:32:53.069,1.5041,1.50424,1.19,1.69
2018.04.05 10:32:53.586,1.50409,1.50424,1.87,1.12
2018.04.05 10:32:53.793,1.5041,1.50425,1.87,1.94
2018.04.05 10:32:54.773,1.50411,1.50425,1.50,3.00
2018.04.05 10:32:54.930,1.50411,1.50424,1.12,1.94
2018.04.05 10:32:55.785,1.5041,1.50424,1.50,2.00
2018.04.05 10:32:56.288,1.5041,1.50424,1.50,1.75
2018.04.05 10:32:57.039,1.5041,1.50424,1.87,1.12
2018.04.05 10:32:57.091,1.5041,1.50424,1.87,1.00
2018.04.05 10:32:57.626,1.5041,1.50424,1.87,1.00
2018.04.05 10:32:59.196,1.5041,1.50425,1.87,1.87
2018.04.05 10:32:59.725,1.50411,1.50425,1.25,1.87
2018.04.05 10:33:00.505,1.50411,1.50425,1.44,2.62
2018.04.05 10:33:01.949,1.50412,1.50425,1.50,1.56
2018.04.05 10:33:02.656,1.50412,1.50425,1.12,1.56
2018.04.05 10:33:03.213,1.50412,1.50426,1.50,1.50
2018.04.05 10:33:03.841,1.50412,1.50424,1.25,1.00
2018.04.05 10:33:03.894,1.50411,1.50424,1.19,1.37
2018.04.05 10:33:04.308,1.50411,1.50425,1.19,1.87
2018.04.05 10:33:04.865,1.5041,1.50425,1.50,2.25
2018.04.05 10:33:05.116,1.50411,1.50425,1.31,1.50
2018.04.05 10:33:05.656,1.50411,1.50425,1.50,1.87
2018.04.05 10:33:06.314,1.50409,1.50417,1.00,1.12
2018.04.05 10:33:06.366,1.50404,1.50419,2.62,1.37
2018.04.05 10:33:06.418,1.50405,1.50415,1.00,1.44
2018.04.05 10:33:06.535,1.50405,1.50418,1.37,1.12
2018.04.05 10:33:06.590,1.50405,1.50417,1.19,1.19
2018.04.05 10:33:07.664,1.50405,1.50418,1.19,1.50
2018.04.05 10:33:08.182,1.50405,1.50419,1.25,1.50
2018.04.05 10:33:08.698,1.50408,1.5042,1.19,1.31
2018.04.05 10:33:08.750,1.50408,1.50422,1.50,1.87
2018.04.05 10:33:08.907,1.5041,1.50423,1.12,1.19
2018.04.05 10:33:09.014,1.50412,1.50423,1.25,1.19
2018.04.05 10:33:09.534,1.50411,1.50423,1.25,1.50
2018.04.05 10:33:10.354,1.50411,1.50423,1.25,1.87
2018.04.05 10:33:11.437,1.50407,1.50419,1.00,1.37
2018.04.05 10:33:11.744,1.50403,1.50416,1.50,2.19
2018.04.05 10:33:11.846,1.50402,1.50413,1.25,1.19
2018.04.05 10:33:12.361,1.50401,1.50413,1.25,1.50
2018.04.05 10:33:13.053,1.50398,1.50409,1.00,1.94
2018.04.05 10:33:13.106,1.50395,1.50406,1.25,1.37
2018.04.05 10:33:13.285,1.50396,1.50408,1.19,1.69
2018.04.05 10:33:14.304,1.50397,1.50408,1.25,1.62
2018.04.05 10:33:14.459,1.50395,1.50409,1.25,2.19
2018.04.05 10:33:16.199,1.50395,1.50408,1.19,1.37
2018.04.05 10:33:16.919,1.50393,1.50406,1.19,1.56
2018.04.05 10:33:17.259,1.50392,1.50403,1.25,1.69
2018.04.05 10:33:17.363,1.5039,1.50403,1.25,2.62
2018.04.05 10:33:17.415,1.50392,1.50403,1.25,1.69
2018.04.05 10:33:17.916,1.50392,1.50404,1.25,2.25
2018.04.05 10:33:18.334,1.50392,1.50404,1.25,1.81
2018.04.05 10:33:19.223,1.50392,1.50403,1.25,1.19
2018.04.05 10:33:20.695,1.50392,1.50404,1.19,1.12
2018.04.05 10:33:21.233,1.50393,1.50405,1.25,1.87
2018.04.05 10:33:21.670,1.50394,1.50407,1.31,2.06
2018.04.05 10:33:22.188,1.50395,1.50407,1.19,2.06
2018.04.05 10:33:23.365,1.50395,1.50407,1.19,1.69
2018.04.05 10:33:24.364,1.50396,1.50406,1.19,1.25
2018.04.05 10:33:27.540,1.50395,1.50407,1.19,1.81
2018.04.05 10:33:28.091,1.50396,1.50407,1.19,1.56
2018.04.05 10:33:28.498,1.50394,1.50406,1.44,1.25
2018.04.05 10:33:28.986,1.50394,1.50406,1.19,1.56
2018.04.05 10:33:30.923,1.50394,1.50405,1.19,1.25
2018.04.05 10:33:31.801,1.50395,1.50405,1.19,1.25
2018.04.05 10:33:32.303,1.50395,1.50406,1.19,1.31
2018.04.05 10:33:33.733,1.50394,1.50406,1.19,1.31
2018.04.05 10:33:34.269,1.50394,1.50406,1.19,1.31
2018.04.05 10:33:35.297,1.50394,1.50406,1.19,1.00
2018.04.05 10:33:35.638,1.50393,1.50406,1.87,2.62
2018.04.05 10:33:35.743,1.50396,1.50408,1.44,1.12
2018.04.05 10:33:36.245,1.50396,1.50408,1.44,1.37
2018.04.05 10:33:36.754,1.50396,1.50408,1.19,1.00
2018.04.05 10:33:39.469,1.50397,1.50408,1.19,1.00
2018.04.05 10:33:39.522,1.50399,1.5041,1.19,1.69
2018.04.05 10:33:39.625,1.50401,1.50415,1.37,4.50
2018.04.05 10:33:40.135,1.50402,1.50414,1.44,3.38
2018.04.05 10:33:41.220,1.504,1.50413,1.37,1.12
2018.04.05 10:33:41.325,1.50398,1.50412,1.75,1.50
2018.04.05 10:33:41.377,1.50398,1.50411,1.44,1.13
2018.04.05 10:33:42.756,1.50398,1.50411,1.19,2.44
2018.04.05 10:33:44.420,1.504,1.50409,1.25,1.25
2018.04.05 10:33:44.473,1.50401,1.50412,1.19,2.06
2018.04.05 10:33:44.526,1.50398,1.50411,1.44,1.25
2018.04.05 10:33:45.042,1.50399,1.5041,1.19,1.00
2018.04.05 10:33:45.567,1.50399,1.50412,1.19,1.13
2018.04.05 10:33:46.086,1.50398,1.50411,1.44,2.44
2018.04.05 10:33:46.765,1.50397,1.5041,1.44,1.37
2018.04.05 10:33:47.065,1.50399,1.5041,1.19,1.62
2018.04.05 10:33:47.579,1.50397,1.5041,1.44,1.69
2018.04.05 10:33:48.093,1.50397,1.5041,1.12,1.50
2018.04.05 10:33:49.051,1.50397,1.5041,1.44,1.69
2018.04.05 10:33:49.296,1.504,1.50412,1.19,3.19
2018.04.05 10:33:49.402,1.504,1.50412,1.44,1.25
2018.04.05 10:33:51.304,1.50403,1.50413,1.19,1.25
2018.04.05 10:33:51.671,1.50405,1.50414,1.19,1.19
2018.04.05 10:33:52.343,1.50405,1.50414,1.19,1.00
2018.04.05 10:33:52.873,1.50405,1.50415,1.19,1.31
2018.04.05 10:33:53.428,1.50405,1.50416,1.19,1.94
2018.04.05 10:33:53.967,1.50405,1.50415,1.19,1.50
2018.04.05 10:33:54.485,1.50405,1.50414,1.19,1.00
2018.04.05 10:33:54.590,1.50402,1.50414,1.87,1.00
2018.04.05 10:33:55.123,1.50403,1.50415,1.44,1.31
2018.04.05 10:33:55.626,1.50403,1.50416,1.44,1.31
2018.04.05 10:33:56.119,1.50406,1.50417,1.25,2.62
2018.04.05 10:33:58.481,1.50403,1.50417,1.87,1.87
2018.04.05 10:33:58.791,1.50405,1.50417,1.19,4.12
2018.04.05 10:33:59.155,1.50404,1.50416,1.69,1.56
2018.04.05 10:33:59.206,1.50406,1.50416,1.25,1.56
2018.04.05 10:33:59.260,1.50406,1.50418,1.25,1.37
2018.04.05 10:33:59.447,1.50408,1.5042,1.19,1.37
2018.04.05 10:33:59.708,1.50409,1.50421,1.19,1.50
2018.04.05 10:34:01.452,1.50412,1.50422,1.25,1.00
2018.04.05 10:34:01.964,1.50412,1.50424,1.19,2.25
2018.04.05 10:34:02.747,1.50413,1.50424,1.19,1.44
2018.04.05 10:34:03.540,1.50411,1.50424,1.44,1.44
2018.04.05 10:34:04.056,1.50411,1.50423,1.44,1.12
2018.04.05 10:34:04.575,1.50412,1.50424,1.19,1.69
2018.04.05 10:34:05.146,1.50411,1.50424,1.19,1.12
2018.04.05 10:34:05.308,1.5041,1.50424,1.00,1.12
2018.04.05 10:34:05.638,1.50409,1.50421,1.44,1.62
2018.04.05 10:34:06.060,1.50412,1.50424,1.25,1.37
2018.04.05 10:34:09.273,1.50413,1.50424,1.44,1.62
2018.04.05 10:34:09.326,1.50411,1.50423,1.31,1.00
2018.04.05 10:34:09.378,1.50409,1.50419,1.00,1.19
2018.04.05 10:34:09.925,1.50407,1.50419,1.50,1.19
2018.04.05 10:34:10.717,1.50406,1.50419,1.12,1.19
2018.04.05 10:34:11.874,1.50406,1.50419,1.25,1.50
2018.04.05 10:34:13.728,1.50406,1.50417,1.25,1.62
2018.04.05 10:34:14.783,1.50406,1.50417,1.87,1.00
2018.04.05 10:34:17.639,1.50406,1.50418,1.12,1.50
2018.04.05 10:34:17.692,1.50409,1.5042,1.19,1.37
2018.04.05 10:34:17.797,1.5041,1.50422,1.44,1.37
2018.04.05 10:34:17.954,1.50412,1.50423,1.44,1.00
2018.04.05 10:34:19.023,1.50412,1.50424,1.44,1.25
2018.04.05 10:34:19.550,1.50412,1.50425,1.50,1.62
2018.04.05 10:34:20.221,1.50412,1.50425,1.37,1.69
2018.04.05 10:34:20.821,1.50412,1.50424,1.37,1.37
2018.04.05 10:34:21.333,1.50412,1.50424,1.50,1.37
2018.04.05 10:34:21.855,1.50412,1.50424,1.50,1.12
2018.04.05 10:34:24.201,1.50416,1.50427,1.69,1.69
2018.04.05 10:34:24.464,1.50419,1.5043,1.19,1.25
2018.04.05 10:34:24.726,1.50417,1.50432,2.25,1.50
2018.04.05 10:34:25.030,1.50421,1.5043,1.25,1.19
2018.04.05 10:34:25.755,1.50421,1.50432,1.25,1.94
2018.04.05 10:34:27.117,1.50424,1.50433,1.19,3.19
2018.04.05 10:34:27.169,1.50423,1.50433,1.25,1.31
2018.04.05 10:34:30.825,1.5042,1.50432,1.19,1.12
2018.04.05 10:34:30.877,1.50416,1.50428,1.69,1.19
2018.04.05 10:34:31.399,1.50416,1.50428,1.25,3.19
2018.04.05 10:34:31.603,1.50416,1.50428,1.25,2.25
2018.04.05 10:34:32.833,1.50416,1.50426,1.25,1.19
2018.04.05 10:34:36.999,1.50414,1.50426,1.19,1.31
2018.04.05 10:34:37.549,1.50415,1.50426,1.19,1.50
2018.04.05 10:34:38.079,1.50417,1.50427,1.25,1.50
2018.04.05 10:34:38.131,1.50414,1.50426,1.25,1.12
2018.04.05 10:34:41.677,1.50415,1.50427,1.19,3.94
2018.04.05 10:34:41.933,1.50414,1.50427,1.25,1.87
2018.04.05 10:34:42.653,1.5041,1.50422,2.00,1.00
2018.04.05 10:34:42.815,1.50409,1.50421,2.44,1.00
2018.04.05 10:34:44.144,1.50409,1.50421,1.19,1.19
2018.04.05 10:34:44.483,1.50412,1.50423,1.19,1.12
2018.04.05 10:34:44.846,1.50411,1.50424,1.25,2.25
2018.04.05 10:34:45.004,1.50413,1.50423,1.19,1.19
2018.04.05 10:34:45.287,1.50413,1.50425,1.19,1.69
2018.04.05 10:34:45.406,1.50412,1.50421,1.19,1.19
2018.04.05 10:34:45.919,1.50411,1.50421,1.19,1.56
2018.04.05 10:34:46.618,1.50409,1.50421,1.19,1.81
2018.04.05 10:34:46.670,1.50407,1.50421,2.62,1.81
2018.04.05 10:34:47.212,1.50409,1.50422,1.25,2.25
2018.04.05 10:34:47.748,1.50408,1.5042,1.31,1.37
2018.04.05 10:34:48.213,1.50409,1.5042,1.19,1.19
2018.04.05 10:34:49.034,1.50408,1.5042,1.31,1.44
2018.04.05 10:34:49.598,1.50408,1.50419,1.25,1.19
2018.04.05 10:34:50.141,1.50408,1.50419,1.25,1.50
2018.04.05 10:34:51.660,1.50408,1.5042,1.25,1.50
2018.04.05 10:34:53.912,1.50408,1.5042,1.25,1.19
2018.04.05 10:34:54.017,1.50409,1.50422,1.87,1.81
2018.04.05 10:34:54.624,1.50409,1.50423,1.87,3.00
2018.04.05 10:34:55.145,1.50409,1.50421,1.44,1.31
2018.04.05 10:34:55.612,1.50407,1.50421,1.12,2.44
2018.04.05 10:34:56.131,1.50407,1.50421,1.44,2.62
2018.04.05 10:34:56.726,1.50406,1.50421,2.25,1.87
2018.04.05 10:34:57.258,1.50407,1.50419,1.50,1.12
2018.04.05 10:34:57.568,1.50409,1.50418,1.19,1.00
2018.04.05 10:34:58.109,1.50408,1.50418,1.19,1.00
2018.04.05 10:34:58.612,1.50408,1.5042,1.19,1.88
2018.04.05 10:35:00.238,1.50409,1.50421,1.19,2.62
2018.04.05 10:35:01.815,1.50408,1.5042,1.31,1.31
2018.04.05 10:35:05.316,1.50407,1.50421,1.37,2.62
2018.04.05 10:35:05.671,1.50409,1.50421,1.19,1.87
2018.04.05 10:35:05.981,1.50407,1.50421,1.87,1.87
2018.04.05 10:35:08.458,1.50408,1.50421,1.00,1.87
2018.04.05 10:35:08.987,1.50408,1.50421,1.00,1.69
2018.04.05 10:35:09.979,1.50408,1.50421,1.50,1.69
2018.04.05 10:35:10.495,1.50406,1.50419,2.62,1.19
2018.04.05 10:35:13.626,1.50408,1.5042,1.25,2.25
2018.04.05 10:35:14.607,1.50408,1.5042,1.00,2.44
2018.04.05 10:35:15.231,1.50406,1.5042,1.37,1.62
2018.04.05 10:35:23.030,1.50406,1.50418,1.31,1.87
2018.04.05 10:35:23.082,1.50402,1.50416,2.25,1.81
2018.04.05 10:35:23.135,1.50402,1.50415,1.87,1.12
2018.04.05 10:35:23.188,1.50403,1.50416,1.19,1.50
2018.04.05 10:35:23.330,1.50405,1.50416,1.25,1.31
2018.04.05 10:35:23.869,1.50405,1.50418,1.50,1.87
2018.04.05 10:35:23.973,1.50408,1.50418,1.25,1.25
2018.04.05 10:35:24.026,1.50408,1.5042,1.50,1.31
2018.04.05 10:35:25.240,1.50406,1.5042,1.50,1.50
2018.04.05 10:35:25.900,1.50409,1.5042,1.25,1.50
2018.04.05 10:35:28.487,1.50409,1.50421,1.25,1.56
2018.04.05 10:35:31.014,1.50407,1.50422,1.44,2.25
2018.04.05 10:35:32.256,1.50409,1.50422,1.25,2.63
2018.04.05 10:35:32.773,1.50408,1.50419,1.12,1.00
2018.04.05 10:35:33.308,1.50408,1.5042,1.25,1.00
2018.04.05 10:35:33.855,1.50408,1.50419,1.25,1.00
2018.04.05 10:35:34.421,1.50407,1.50422,1.00,2.63
2018.04.05 10:35:34.760,1.50392,1.50402,1.19,1.69
2018.04.05 10:35:34.943,1.50387,1.50398,1.00,1.50
2018.04.05 10:35:35.100,1.50387,1.50398,1.50,1.00
2018.04.05 10:35:35.639,1.50387,1.50398,1.31,1.44
2018.04.05 10:35:36.419,1.50387,1.50398,1.31,1.12
2018.04.05 10:35:36.623,1.50388,1.50398,1.19,1.25
2018.04.05 10:35:40.553,1.50386,1.50398,1.87,1.25
2018.04.05 10:35:41.925,1.50387,1.50399,1.31,1.12
2018.04.05 10:35:42.936,1.50386,1.50398,1.81,1.00
2018.04.05 10:35:43.714,1.50387,1.504,1.31,1.75
2018.04.05 10:35:45.583,1.50386,1.50399,1.69,1.37
2018.04.05 10:35:47.372,1.50388,1.50401,1.19,2.62
2018.04.05 10:35:50.599,1.50388,1.50401,1.19,2.25
2018.04.05 10:35:53.247,1.50388,1.504,1.19,1.19
2018.04.05 10:35:53.756,1.50387,1.504,1.19,1.44
2018.04.05 10:35:54.068,1.50389,1.50401,1.19,1.81
2018.04.05 10:35:55.099,1.5039,1.50401,1.19,1.31
2018.04.05 10:35:55.323,1.50392,1.50402,1.19,1.31
2018.04.05 10:35:56.056,1.50392,1.50405,1.31,1.87
2018.04.05 10:35:56.584,1.50393,1.50405,1.50,1.87
2018.04.05 10:35:57.147,1.50393,1.50405,1.37,1.25
2018.04.05 10:35:57.669,1.50394,1.50406,1.44,2.44
2018.04.05 10:35:58.207,1.50395,1.50407,1.44,1.75
2018.04.05 10:35:58.610,1.50397,1.50406,1.19,1.00
2018.04.05 10:35:59.415,1.50396,1.50408,1.25,1.37
2018.04.05 10:35:59.878,1.50396,1.50408,1.25,2.00
2018.04.05 10:36:00.407,1.50396,1.50408,1.25,1.75
2018.04.05 10:36:00.634,1.50391,1.50403,1.31,1.12
2018.04.05 10:36:01.145,1.50392,1.50404,1.19,2.63
2018.04.05 10:36:05.910,1.50391,1.50403,1.31,1.81
2018.04.05 10:36:06.940,1.5039,1.50401,1.00,1.37
2018.04.05 10:36:06.992,1.50387,1.50399,1.00,1.87
2018.04.05 10:36:08.349,1.50386,1.50399,1.69,1.37
2018.04.05 10:36:10.019,1.50386,1.50399,1.31,1.88
2018.04.05 10:36:10.542,1.50384,1.50398,1.69,2.44
2018.04.05 10:36:11.057,1.50384,1.50397,1.69,1.25
2018.04.05 10:36:11.289,1.50387,1.50398,1.25,2.25
2018.04.05 10:36:11.535,1.50384,1.50398,1.81,1.81
2018.04.05 10:36:12.383,1.50387,1.50398,1.25,1.69
2018.04.05 10:36:12.933,1.50385,1.50397,1.31,1.69
2018.04.05 10:36:13.244,1.50388,1.50399,1.25,1.56
2018.04.05 10:36:13.785,1.50389,1.50399,1.25,1.19
2018.04.05 10:36:13.939,1.50386,1.50399,1.50,1.19
2018.04.05 10:36:15.687,1.50388,1.50399,1.25,1.19
2018.04.05 10:36:18.177,1.50388,1.504,1.25,1.87
2018.04.05 10:36:18.727,1.50388,1.504,1.25,1.87
2018.04.05 10:36:18.967,1.50386,1.504,1.50,2.19
2018.04.05 10:36:19.019,1.50388,1.504,1.19,1.87
2018.04.05 10:36:19.598,1.50387,1.50398,1.25,1.00
2018.04.05 10:36:20.124,1.50387,1.50399,1.19,1.69
2018.04.05 10:36:20.176,1.50384,1.50397,2.25,1.31
2018.04.05 10:36:20.229,1.50384,1.50397,1.31,1.87
2018.04.05 10:36:20.542,1.5038,1.50392,1.19,1.69
2018.04.05 10:36:21.517,1.5038,1.50392,1.31,1.69
2018.04.05 10:36:22.032,1.50379,1.50392,1.56,1.87
2018.04.05 10:36:22.473,1.50381,1.50388,1.25,1.56
2018.04.05 10:36:22.525,1.50377,1.50388,1.62,1.19
2018.04.05 10:36:22.576,1.50379,1.5039,1.00,1.87
2018.04.05 10:36:23.713,1.5038,1.50391,1.25,1.31
2018.04.05 10:36:23.766,1.50382,1.50392,1.19,1.69
2018.04.05 10:36:24.371,1.50381,1.50392,1.19,1.81
2018.04.05 10:36:24.889,1.50381,1.50392,1.19,1.50
2018.04.05 10:36:25.904,1.50379,1.50393,1.81,4.12
2018.04.05 10:36:26.413,1.50379,1.50391,1.50,1.44
2018.04.05 10:36:26.947,1.50379,1.50392,1.87,1.69
2018.04.05 10:36:28.551,1.50381,1.50392,1.19,1.31
2018.04.05 10:36:29.189,1.50382,1.50393,1.19,1.69
2018.04.05 10:36:29.243,1.50382,1.50394,1.19,2.44
2018.04.05 10:36:29.678,1.50384,1.50395,1.19,1.56
2018.04.05 10:36:30.215,1.50383,1.50396,1.31,3.19
2018.04.05 10:36:30.563,1.50418,1.50423,4.50,1.00
2018.04.05 10:36:30.666,1.50421,1.50434,1.56,2.25
2018.04.05 10:36:30.770,1.50424,1.50437,1.50,2.06
2018.04.05 10:36:30.823,1.5043,1.50438,1.19,1.25
2018.04.05 10:36:30.876,1.5043,1.50442,1.00,2.62
2018.04.05 10:36:30.929,1.50431,1.50442,1.56,1.00
2018.04.05 10:36:30.982,1.50432,1.50446,1.81,1.69
2018.04.05 10:36:31.152,1.50433,1.50448,1.56,1.87
2018.04.05 10:36:31.204,1.50438,1.50453,1.50,1.31
2018.04.05 10:36:31.308,1.50439,1.50454,1.12,2.44
2018.04.05 10:36:31.360,1.50435,1.50449,2.25,1.00
2018.04.05 10:36:31.514,1.50435,1.50448,1.25,1.19
2018.04.05 10:36:31.821,1.50433,1.50448,2.44,1.69
2018.04.05 10:36:32.452,1.50432,1.50446,1.50,1.19
2018.04.05 10:36:33.421,1.50432,1.50446,1.50,1.37
2018.04.05 10:36:33.943,1.50432,1.50446,1.50,1.50
2018.04.05 10:36:35.008,1.50432,1.50446,1.50,2.06
2018.04.05 10:36:35.600,1.5043,1.50445,1.50,1.19
2018.04.05 10:36:36.102,1.50431,1.50443,1.25,1.25
2018.04.05 10:36:36.904,1.50429,1.50444,1.37,1.87
2018.04.05 10:36:37.415,1.5043,1.50443,1.44,1.31
2018.04.05 10:36:38.265,1.50429,1.50443,1.12,1.12
2018.04.05 10:36:38.318,1.5043,1.50442,1.25,1.19
2018.04.05 10:36:38.370,1.50426,1.50439,1.19,1.44
2018.04.05 10:36:38.885,1.50424,1.50437,1.69,1.12
2018.04.05 10:36:38.939,1.50422,1.50437,1.44,1.50
2018.04.05 10:36:39.469,1.50422,1.50436,1.25,1.81
2018.04.05 10:36:39.955,1.50424,1.50436,1.25,1.81
2018.04.05 10:36:40.476,1.50422,1.50436,1.19,1.75
2018.04.05 10:36:41.037,1.50424,1.50436,1.19,1.31
2018.04.05 10:36:41.245,1.50431,1.50445,1.19,2.25
2018.04.05 10:36:41.297,1.50435,1.50446,1.25,1.31
2018.04.05 10:36:41.401,1.50436,1.5045,1.19,2.25
2018.04.05 10:36:41.506,1.50435,1.50449,1.00,1.56
2018.04.05 10:36:41.683,1.50437,1.50449,1.25,1.56
2018.04.05 10:36:42.654,1.50439,1.50448,1.19,1.25
2018.04.05 10:36:42.810,1.5044,1.50452,1.19,1.31
2018.04.05 10:36:43.017,1.50437,1.50449,1.69,1.19
2018.04.05 10:36:43.070,1.50435,1.50448,1.25,2.25
2018.04.05 10:36:43.439,1.50437,1.50448,1.19,3.19
2018.04.05 10:36:43.490,1.50437,1.50448,1.19,1.19
2018.04.05 10:36:45.711,1.50444,1.50452,1.25,1.12
2018.04.05 10:36:45.763,1.50446,1.50455,1.19,1.37
2018.04.05 10:36:46.165,1.50446,1.50457,1.44,1.00
2018.04.05 10:36:46.269,1.50449,1.5046,1.19,1.31
2018.04.05 10:36:46.424,1.50451,1.50462,1.19,1.19
2018.04.05 10:36:46.632,1.50448,1.50462,1.44,1.87
2018.04.05 10:36:47.173,1.50449,1.50461,1.19,1.12
2018.04.05 10:36:47.277,1.50451,1.50462,1.19,1.56
2018.04.05 10:36:47.380,1.50452,1.50463,1.25,1.56
2018.04.05 10:36:48.213,1.50447,1.5046,1.19,1.87
2018.04.05 10:36:48.521,1.50446,1.50458,1.25,1.19
2018.04.05 10:36:51.342,1.50446,1.50458,1.25,1.25
2018.04.05 10:36:51.614,1.50448,1.50458,1.25,1.69
2018.04.05 10:36:52.127,1.50448,1.50461,1.19,2.06
2018.04.05 10:36:53.466,1.50448,1.50461,1.19,1.56
2018.04.05 10:36:55.320,1.50448,1.50461,1.19,1.69
2018.04.05 10:36:55.956,1.50448,1.50462,1.19,3.00
2018.04.05 10:36:56.613,1.50448,1.5046,1.19,1.37
2018.04.05 10:36:57.146,1.50448,1.50459,1.25,1.12
2018.04.05 10:36:57.889,1.50451,1.50463,1.19,3.00
2018.04.05 10:36:58.412,1.5045,1.50462,1.19,1.56
2018.04.05 10:36:59.092,1.5045,1.50463,1.69,1.69
2018.04.05 10:36:59.402,1.50452,1.50462,1.19,1.19
2018.04.05 10:36:59.584,1.50451,1.50462,1.25,1.44
2018.04.05 10:37:00.021,1.50452,1.50462,1.19,1.19
2018.04.05 10:37:00.125,1.50451,1.50462,1.25,1.44
2018.04.05 10:37:00.178,1.50453,1.50462,1.25,1.19
2018.04.05 10:37:00.231,1.50453,1.50463,1.25,1.69
2018.04.05 10:37:00.286,1.50451,1.50463,1.12,1.44
2018.04.05 10:37:00.497,1.50446,1.50457,1.19,1.50
2018.04.05 10:37:00.801,1.50442,1.50454,1.19,1.87
2018.04.05 10:37:01.165,1.50441,1.5045,1.19,1.00
2018.04.05 10:37:01.580,1.50439,1.5045,1.12,1.31
2018.04.05 10:37:01.899,1.50436,1.50451,1.87,2.19
2018.04.05 10:37:02.365,1.50436,1.50448,1.44,1.37
2018.04.05 10:37:02.621,1.50432,1.50444,1.44,1.25
2018.04.05 10:37:02.672,1.5043,1.50442,1.81,1.25
2018.04.05 10:37:03.221,1.50432,1.50444,1.44,2.00
2018.04.05 10:37:03.526,1.50434,1.50444,1.19,1.12
2018.04.05 10:37:05.302,1.50434,1.50445,1.19,1.75
2018.04.05 10:37:05.916,1.50431,1.50444,1.19,1.81
2018.04.05 10:37:06.447,1.5043,1.50443,1.19,1.62
2018.04.05 10:37:06.499,1.50432,1.50443,1.19,1.62
2018.04.05 10:37:07.794,1.50431,1.50443,1.19,1.62
2018.04.05 10:37:08.730,1.50429,1.50442,1.44,1.00
2018.04.05 10:37:10.188,1.50429,1.50442,1.44,1.19
2018.04.05 10:37:10.563,1.50429,1.50441,1.25,1.81
2018.04.05 10:37:10.667,1.50427,1.50439,1.12,1.37
2018.04.05 10:37:10.773,1.50428,1.50439,1.19,2.06
2018.04.05 10:37:10.930,1.50431,1.50441,1.25,1.00
2018.04.05 10:37:11.089,1.50433,1.50445,1.25,2.06
2018.04.05 10:37:11.346,1.5043,1.50445,1.50,1.75
2018.04.05 10:37:12.007,1.50433,1.50444,1.19,1.19
2018.04.05 10:37:13.509,1.50431,1.50444,1.44,1.19
2018.04.05 10:37:14.066,1.50431,1.50444,1.19,2.25
2018.04.05 10:37:16.336,1.5043,1.50442,1.25,1.12
2018.04.05 10:37:16.388,1.50428,1.5044,2.06,1.19
2018.04.05 10:37:18.372,1.50428,1.50439,1.19,1.19
2018.04.05 10:37:18.424,1.50425,1.50437,1.19,1.19
2018.04.05 10:37:18.719,1.50424,1.50437,1.25,2.06
2018.04.05 10:37:19.237,1.50424,1.50437,1.69,1.31
2018.04.05 10:37:22.021,1.50424,1.50435,1.19,1.19
2018.04.05 10:37:24.109,1.50424,1.50432,1.25,1.19
2018.04.05 10:37:24.459,1.50422,1.5043,1.00,1.19
2018.04.05 10:37:25.850,1.50422,1.50432,1.00,1.44
2018.04.05 10:37:27.622,1.50422,1.50431,1.00,1.19
2018.04.05 10:37:27.841,1.50419,1.50431,1.25,1.44
2018.04.05 10:37:28.730,1.50419,1.50431,2.06,1.19
2018.04.05 10:37:29.342,1.50419,1.5043,1.31,1.19
2018.04.05 10:37:29.869,1.50418,1.50429,2.44,1.19
2018.04.05 10:37:30.388,1.50419,1.50431,1.56,1.19
2018.04.05 10:37:35.845,1.50419,1.50431,3.37,1.19
2018.04.05 10:37:43.979,1.5042,1.50433,1.56,1.19
2018.04.05 10:37:44.493,1.50421,1.50434,1.19,1.50
2018.04.05 10:37:45.067,1.5042,1.50434,1.87,1.31
2018.04.05 10:37:45.276,1.50422,1.50435,1.12,1.69
2018.04.05 10:37:45.803,1.50422,1.50436,1.12,1.69
2018.04.05 10:37:46.131,1.50421,1.50429,1.00,1.19
2018.04.05 10:37:46.183,1.50417,1.50428,1.31,1.31
2018.04.05 10:37:46.818,1.50417,1.50428,1.19,1.31
2018.04.05 10:37:48.799,1.50416,1.50428,1.31,1.19
2018.04.05 10:37:48.852,1.50417,1.50429,1.12,1.31
2018.04.05 10:37:48.905,1.50417,1.50428,1.19,1.19
2018.04.05 10:37:49.458,1.50416,1.50427,1.12,1.19
2018.04.05 10:37:50.267,1.50418,1.50427,1.56,1.19
2018.04.05 10:37:50.369,1.50417,1.5043,2.25,1.31
2018.04.05 10:37:51.125,1.50417,1.50429,2.62,1.19
2018.04.05 10:37:51.735,1.50417,1.50428,2.62,1.19
2018.04.05 10:37:52.551,1.50417,1.50426,1.56,1.19
2018.04.05 10:37:52.887,1.50415,1.50425,1.69,1.19
2018.04.05 10:37:53.255,1.50414,1.50421,1.00,1.19
2018.04.05 10:37:53.309,1.50409,1.5042,1.00,1.19
2018.04.05 10:37:53.570,1.50408,1.50419,1.25,1.19
2018.04.05 10:37:54.120,1.50405,1.50418,2.62,1.19
2018.04.05 10:37:54.459,1.50406,1.5042,1.56,1.19
2018.04.05 10:37:54.792,1.50406,1.50416,1.56,1.19
2018.04.05 10:37:54.845,1.50405,1.50416,1.69,1.31
2018.04.05 10:37:54.951,1.50404,1.50415,1.56,1.19
2018.04.05 10:37:55.109,1.50405,1.50417,1.19,1.19
2018.04.05 10:37:55.650,1.50404,1.50417,1.62,1.19
2018.04.05 10:37:56.168,1.50402,1.50414,2.44,1.19
2018.04.05 10:37:56.219,1.50402,1.50415,2.44,1.19
2018.04.05 10:37:56.769,1.50403,1.50415,1.25,1.19
2018.04.05 10:37:56.820,1.50403,1.50417,1.25,1.44
2018.04.05 10:37:56.923,1.50403,1.50414,1.25,1.19
2018.04.05 10:37:56.974,1.50402,1.50416,2.06,1.19
2018.04.05 10:37:57.385,1.50403,1.50414,1.25,1.19
2018.04.05 10:37:57.436,1.50403,1.50416,1.25,1.19
2018.04.05 10:37:57.775,1.50402,1.50417,4.31,1.19
2018.04.05 10:37:58.414,1.50403,1.50416,1.56,1.19
2018.04.05 10:37:58.944,1.50403,1.50416,2.06,1.19
2018.04.05 10:37:59.554,1.50405,1.50412,1.00,1.19
2018.04.05 10:37:59.610,1.50401,1.50412,1.00,1.19
2018.04.05 10:37:59.714,1.504,1.50414,1.25,1.87
2018.04.05 10:37:59.766,1.50403,1.50413,1.00,1.19
2018.04.05 10:37:59.970,1.50399,1.50413,1.31,1.69
2018.04.05 10:38:00.495,1.50398,1.50412,1.56,1.19
2018.04.05 10:38:00.649,1.50401,1.50413,1.56,1.19
2018.04.05 10:38:00.752,1.50403,1.50415,1.31,1.19
2018.04.05 10:38:00.804,1.50404,1.50416,1.69,1.19
2018.04.05 10:38:01.144,1.50405,1.50417,3.00,1.19
2018.04.05 10:38:01.736,1.50406,1.50418,1.69,1.19
2018.04.05 10:38:02.175,1.50408,1.50422,1.31,2.25
2018.04.05 10:38:02.678,1.50409,1.50421,1.31,1.31
2018.04.05 10:38:02.730,1.50409,1.50419,1.31,1.19
2018.04.05 10:38:03.086,1.50409,1.50419,2.25,1.19
2018.04.05 10:38:04.174,1.50408,1.50419,1.87,1.19
2018.04.05 10:38:04.685,1.50407,1.50418,1.87,1.19
2018.04.05 10:38:04.737,1.50405,1.50417,2.06,1.19
2018.04.05 10:38:04.945,1.50406,1.50417,3.00,1.19
2018.04.05 10:38:05.487,1.50406,1.50418,3.37,1.19
2018.04.05 10:38:06.307,1.50406,1.50422,2.19,1.50
2018.04.05 10:38:06.360,1.5041,1.50424,1.56,1.44
2018.04.05 10:38:06.674,1.50415,1.50426,1.56,1.19
2018.04.05 10:38:07.140,1.50413,1.50423,1.87,1.19
2018.04.05 10:38:07.672,1.50412,1.50423,1.87,1.19
2018.04.05 10:38:08.143,1.50413,1.50422,1.00,1.19
2018.04.05 10:38:08.687,1.5041,1.50422,1.31,1.19
2018.04.05 10:38:09.311,1.5041,1.5042,1.31,1.19
2018.04.05 10:38:09.718,1.50408,1.50415,1.19,1.19
2018.04.05 10:38:09.828,1.50405,1.50417,1.87,1.19
2018.04.05 10:38:09.881,1.50405,1.50415,1.87,1.19
2018.04.05 10:38:10.241,1.50403,1.50415,2.81,1.19
2018.04.05 10:38:10.293,1.50403,1.50413,1.87,1.19
2018.04.05 10:38:10.800,1.50403,1.50411,1.12,1.19
2018.04.05 10:38:11.158,1.504,1.50409,1.19,1.19
2018.04.05 10:38:11.312,1.50399,1.50408,1.19,1.19
2018.04.05 10:38:11.363,1.50397,1.50406,1.56,1.19
2018.04.05 10:38:11.494,1.50395,1.50406,1.69,1.19
2018.04.05 10:38:12.048,1.50398,1.50407,1.19,1.19
2018.04.05 10:38:13.243,1.50396,1.50407,2.62,1.25
2018.04.05 10:38:14.801,1.50395,1.50405,2.92,1.25
2018.04.05 10:38:15.075,1.50395,1.50407,2.92,1.25
2018.04.05 10:38:15.406,1.50395,1.50407,1.99,1.25
2018.04.05 10:38:15.515,1.50395,1.50405,1.24,1.25
2018.04.05 10:38:15.990,1.50393,1.504,1.24,1.25
2018.04.05 10:38:16.044,1.50388,1.50395,1.00,1.25
2018.04.05 10:38:16.099,1.50383,1.50391,1.00,1.19
2018.04.05 10:38:16.487,1.50381,1.50386,1.00,1.19
2018.04.05 10:38:16.589,1.50381,1.50387,1.00,1.25
2018.04.05 10:38:17.068,1.50381,1.50391,1.00,1.25
2018.04.05 10:38:17.122,1.5038,1.50391,1.49,1.00
2018.04.05 10:38:17.433,1.50385,1.50391,1.00,1.25
2018.04.05 10:38:17.979,1.50385,1.50393,1.00,1.31
2018.04.05 10:38:18.082,1.50383,1.50391,1.15,1.25
2018.04.05 10:38:18.186,1.50386,1.50393,1.00,1.31
2018.04.05 10:38:18.695,1.50385,1.50392,1.00,1.25
2018.04.05 10:38:18.825,1.5038,1.5039,1.31,1.25
2018.04.05 10:38:19.335,1.5038,1.50395,1.19,1.31
2018.04.05 10:38:20.604,1.5038,1.50395,1.50,1.69
2018.04.05 10:38:21.144,1.5038,1.50395,1.75,1.87
2018.04.05 10:38:21.603,1.50379,1.50395,1.37,1.87
2018.04.05 10:38:21.864,1.50379,1.50395,1.87,1.87
2018.04.05 10:38:22.494,1.5038,1.50396,1.75,2.62
2018.04.05 10:38:22.843,1.50379,1.50395,3.00,1.75
2018.04.05 10:38:23.355,1.50381,1.50395,1.50,1.12
2018.04.05 10:38:23.885,1.50381,1.50395,1.31,1.81
2018.04.05 10:38:24.613,1.5038,1.50395,1.50,1.75
2018.04.05 10:38:25.129,1.50379,1.50394,1.87,1.37
2018.04.05 10:38:25.182,1.50382,1.50397,1.12,1.50
2018.04.05 10:38:25.235,1.50382,1.50397,1.75,1.75
2018.04.05 10:38:26.725,1.50383,1.50398,1.44,2.25
2018.04.05 10:38:27.247,1.50381,1.50395,2.44,1.19
2018.04.05 10:38:27.763,1.50381,1.50396,1.44,1.87
2018.04.05 10:38:27.923,1.50381,1.50397,1.87,1.75
2018.04.05 10:38:28.425,1.50382,1.50397,1.37,1.37
2018.04.05 10:38:28.477,1.50381,1.50396,1.75,1.75
2018.04.05 10:38:28.684,1.50373,1.50389,2.25,1.19
2018.04.05 10:38:28.944,1.50375,1.50391,1.31,4.50
2018.04.05 10:38:28.996,1.50375,1.50391,2.06,1.44
2018.04.05 10:38:29.216,1.50375,1.50391,1.87,1.81
2018.04.05 10:38:29.747,1.50377,1.5039,1.00,1.75
2018.04.05 10:38:30.286,1.50377,1.5039,1.00,2.25
2018.04.05 10:38:30.565,1.50377,1.5039,1.00,1.75
2018.04.05 10:38:30.802,1.50375,1.5039,1.50,1.00
2018.04.05 10:38:30.854,1.50374,1.50391,1.50,1.87
2018.04.05 10:38:30.956,1.50373,1.5039,3.56,1.44
2018.04.05 10:38:31.160,1.50373,1.5039,4.31,1.50
2018.04.05 10:38:31.673,1.50374,1.50391,1.50,2.62
2018.04.05 10:38:32.225,1.50374,1.5039,1.50,1.50
2018.04.05 10:38:34.003,1.50375,1.5039,1.50,1.50
2018.04.05 10:38:34.361,1.50375,1.50391,2.44,2.44
2018.04.05 10:38:35.085,1.50375,1.50391,1.75,2.81
2018.04.05 10:38:35.395,1.50378,1.50393,2.81,2.19
2018.04.05 10:38:35.553,1.5038,1.50395,1.50,1.50
2018.04.05 10:38:35.606,1.50381,1.50396,2.00,1.19
2018.04.05 10:38:36.157,1.50384,1.50398,1.25,1.50
2018.04.05 10:38:36.936,1.50384,1.50398,1.31,1.44
2018.04.05 10:38:39.268,1.50383,1.50399,1.81,2.25
2018.04.05 10:38:39.605,1.50383,1.50397,1.81,1.19
2018.04.05 10:38:41.051,1.50385,1.50399,1.31,1.87
2018.04.05 10:38:41.104,1.50387,1.504,1.75,1.62
2018.04.05 10:38:41.156,1.50386,1.50402,3.19,1.12
2018.04.05 10:38:41.209,1.50388,1.50403,2.44,1.31
2018.04.05 10:38:41.416,1.50386,1.50401,3.19,1.50
2018.04.05 10:38:42.297,1.50385,1.50401,1.81,3.00
2018.04.05 10:38:42.453,1.50386,1.50399,1.31,1.56
2018.04.05 10:38:44.072,1.50385,1.504,1.50,2.44
2018.04.05 10:38:44.228,1.50386,1.50402,3.00,2.44
2018.04.05 10:38:44.824,1.50389,1.50402,1.12,2.44
2018.04.05 10:38:46.434,1.50387,1.50399,1.81,1.31
2018.04.05 10:38:47.160,1.50386,1.50399,1.81,1.31
2018.04.05 10:38:48.139,1.50385,1.50398,1.25,1.12
2018.04.05 10:38:48.813,1.50384,1.50397,1.50,1.12
2018.04.05 10:38:48.865,1.50384,1.50397,1.31,1.12
2018.04.05 10:38:49.125,1.50386,1.50397,1.50,1.12
2018.04.05 10:38:49.263,1.50385,1.50397,1.75,1.50
2018.04.05 10:38:49.525,1.50387,1.50398,1.31,1.50
2018.04.05 10:38:50.392,1.50386,1.50399,2.06,1.31
2018.04.05 10:38:50.950,1.50386,1.50399,2.06,1.12
2018.04.05 10:38:51.510,1.50386,1.50396,2.06,1.00
2018.04.05 10:38:51.616,1.50384,1.50397,2.25,1.31
2018.04.05 10:38:51.667,1.50382,1.50393,1.31,1.62
2018.04.05 10:38:51.978,1.50378,1.50391,1.31,1.31
2018.04.05 10:38:53.122,1.50378,1.50392,1.31,2.44
2018.04.05 10:38:53.694,1.50378,1.50391,1.31,1.62
2018.04.05 10:38:54.199,1.50379,1.50391,1.56,1.62
2018.04.05 10:38:54.828,1.5038,1.50394,1.75,1.12
2018.04.05 10:38:55.169,1.50383,1.50394,1.31,1.00
2018.04.05 10:38:57.017,1.50382,1.50394,1.31,1.00
2018.04.05 10:38:59.938,1.50381,1.50394,2.25,1.00
2018.04.05 10:39:00.749,1.50383,1.50395,1.12,1.31
2018.04.05 10:39:01.054,1.50383,1.50394,1.00,1.94
2018.04.05 10:39:02.299,1.50383,1.50393,1.00,1.31
2018.04.05 10:39:02.402,1.50379,1.50393,1.37,1.31
2018.04.05 10:39:04.065,1.50378,1.50393,3.00,1.31
2018.04.05 10:39:04.377,1.5038,1.50393,1.56,1.31
2018.04.05 10:39:04.497,1.50379,1.50392,1.50,1.62
2018.04.05 10:39:05.133,1.50379,1.50392,1.50,1.56
2018.04.05 10:39:05.185,1.50379,1.50389,1.12,1.25
2018.04.05 10:39:05.715,1.50378,1.50388,1.00,1.25
2018.04.05 10:39:06.242,1.50377,1.50388,1.25,1.25
2018.04.05 10:39:07.180,1.50378,1.50388,1.00,1.25
2018.04.05 10:39:07.873,1.50376,1.50388,1.44,1.25
2018.04.05 10:39:09.271,1.50376,1.50386,1.00,1.37
2018.04.05 10:39:09.590,1.50368,1.5038,2.06,1.81
2018.04.05 10:39:09.879,1.50368,1.50379,1.69,1.31
2018.04.05 10:39:10.036,1.50367,1.50379,1.12,1.31
2018.04.05 10:39:11.017,1.50367,1.50379,1.31,1.31
2018.04.05 10:39:11.368,1.50362,1.50374,1.25,1.12
2018.04.05 10:39:11.422,1.50359,1.50372,1.25,2.19
2018.04.05 10:39:11.474,1.50358,1.50372,2.25,1.94
2018.04.05 10:39:11.631,1.50358,1.50373,1.81,3.00
2018.04.05 10:39:11.740,1.50358,1.50374,2.81,1.12
2018.04.05 10:39:12.252,1.50358,1.50372,2.00,1.56
2018.04.05 10:39:12.355,1.50356,1.50369,1.56,1.25
2018.04.05 10:39:12.512,1.50356,1.5037,1.12,2.06
2018.04.05 10:39:13.047,1.50356,1.5037,1.12,1.94
2018.04.05 10:39:14.207,1.50354,1.50369,1.75,1.12
2018.04.05 10:39:14.262,1.50353,1.50367,2.00,1.12
2018.04.05 10:39:15.039,1.50351,1.50367,2.25,1.50
2018.04.05 10:39:15.224,1.50348,1.50362,2.44,1.12
2018.04.05 10:39:15.377,1.50347,1.5036,1.50,1.25
2018.04.05 10:39:15.684,1.50347,1.50361,1.50,2.06
2018.04.05 10:39:16.253,1.50344,1.5036,1.81,1.50
2018.04.05 10:39:16.444,1.50344,1.50359,1.50,3.37
2018.04.05 10:39:17.188,1.50343,1.50357,1.75,1.25
2018.04.05 10:39:17.727,1.50343,1.50357,2.06,1.00
2018.04.05 10:39:18.014,1.50341,1.50355,2.06,1.12
2018.04.05 10:39:18.325,1.5034,1.50355,2.62,2.19
2018.04.05 10:39:19.014,1.5034,1.50354,3.00,1.25
2018.04.05 10:39:20.190,1.50339,1.50355,1.75,1.12
2018.04.05 10:39:20.601,1.50338,1.50354,3.38,2.44
2018.04.05 10:39:21.428,1.50339,1.50354,1.31,2.44
2018.04.05 10:39:21.753,1.50336,1.50352,3.19,1.56
2018.04.05 10:39:22.065,1.50339,1.50352,1.81,1.62
2018.04.05 10:39:22.274,1.50338,1.50349,1.31,1.00
2018.04.05 10:39:22.481,1.50336,1.50348,1.44,1.25
2018.04.05 10:39:22.534,1.50335,1.50346,1.25,1.31
2018.04.05 10:39:22.847,1.50325,1.50339,1.50,1.50
2018.04.05 10:39:23.393,1.50327,1.5034,1.87,2.25
2018.04.05 10:39:23.970,1.50324,1.50335,1.87,1.12
2018.04.05 10:39:24.023,1.50322,1.50334,1.31,1.75
2018.04.05 10:39:24.126,1.50323,1.50334,2.00,1.12
2018.04.05 10:39:24.177,1.50326,1.50337,1.87,1.31
2018.04.05 10:39:24.295,1.50327,1.50338,2.44,1.00
2018.04.05 10:39:24.449,1.50329,1.50342,1.44,1.31
2018.04.05 10:39:24.501,1.5033,1.50342,1.81,1.12
2018.04.05 10:39:24.553,1.50331,1.50342,1.87,1.00
2018.04.05 10:39:25.062,1.50331,1.50343,1.12,1.12
2018.04.05 10:39:25.203,1.50329,1.50341,1.87,1.12
2018.04.05 10:39:25.408,1.50327,1.50337,1.19,1.31
2018.04.05 10:39:25.459,1.50324,1.50336,1.25,1.00
2018.04.05 10:39:25.567,1.50321,1.50334,1.87,1.12
2018.04.05 10:39:25.827,1.50323,1.50336,2.25,1.00
2018.04.05 10:39:26.334,1.50323,1.50339,1.50,2.25
2018.04.05 10:39:26.439,1.50322,1.50335,1.81,1.31
2018.04.05 10:39:26.491,1.5032,1.50333,1.81,1.19
2018.04.05 10:39:26.958,1.50322,1.50335,1.50,1.12
2018.04.05 10:39:27.597,1.50322,1.50336,1.69,1.31
2018.04.05 10:39:27.705,1.50325,1.50339,2.00,1.62
2018.04.05 10:39:27.810,1.50327,1.5034,1.81,1.56
2018.04.05 10:39:28.070,1.50327,1.50341,1.56,2.81
2018.04.05 10:39:28.935,1.50327,1.50336,1.12,1.25
2018.04.05 10:39:28.988,1.50325,1.50337,1.31,1.19
2018.04.05 10:39:29.353,1.50323,1.50336,3.19,1.00
2018.04.05 10:39:29.405,1.50325,1.50339,3.19,2.06
2018.04.05 10:39:30.478,1.50326,1.5034,1.12,1.50
2018.04.05 10:39:31.091,1.50328,1.5034,1.44,1.75
2018.04.05 10:39:31.355,1.5033,1.50341,1.25,2.25
2018.04.05 10:39:31.867,1.50329,1.50341,1.25,1.75
2018.04.05 10:39:32.416,1.5033,1.50341,1.25,1.87
2018.04.05 10:39:32.947,1.5033,1.5034,1.44,1.37
2018.04.05 10:39:33.451,1.50329,1.5034,1.19,1.37
2018.04.05 10:39:33.556,1.50331,1.5034,1.19,1.37
2018.04.05 10:39:34.105,1.50331,1.5034,1.19,1.00
2018.04.05 10:39:35.577,1.50331,1.50343,1.44,1.69
2018.04.05 10:39:36.510,1.5033,1.50343,1.44,1.87
2018.04.05 10:39:37.043,1.50332,1.50343,1.25,1.00
2018.04.05 10:39:37.869,1.50332,1.50344,1.25,1.87
2018.04.05 10:39:38.262,1.50332,1.50345,1.44,1.19
2018.04.05 10:39:40.612,1.50331,1.50343,1.37,1.25
2018.04.05 10:39:41.128,1.50332,1.50344,1.44,1.62
2018.04.05 10:39:41.669,1.50333,1.50344,1.19,1.31
2018.04.05 10:39:42.191,1.50333,1.50344,1.19,1.69
2018.04.05 10:39:42.786,1.50331,1.50344,1.25,2.25
2018.04.05 10:39:45.602,1.50329,1.50343,1.19,1.87
2018.04.05 10:39:46.038,1.50327,1.5034,1.00,1.00
2018.04.05 10:39:46.090,1.50326,1.50341,1.87,1.81
2018.04.05 10:39:46.193,1.50327,1.5034,1.00,1.87
2018.04.05 10:39:46.244,1.50325,1.50339,2.81,1.12
2018.04.05 10:39:46.554,1.5033,1.50345,3.75,1.69
2018.04.05 10:39:46.875,1.50332,1.50346,1.19,2.62
2018.04.05 10:39:46.978,1.50329,1.50344,1.94,3.75
2018.04.05 10:39:47.029,1.50326,1.5034,2.19,1.81
2018.04.05 10:39:47.187,1.50322,1.50337,4.12,1.25
2018.04.05 10:39:47.645,1.50325,1.5034,1.37,3.38
2018.04.05 10:39:48.156,1.50325,1.50339,1.50,1.37
2018.04.05 10:39:48.707,1.50325,1.50339,1.37,1.44
2018.04.05 10:39:49.037,1.50324,1.50339,1.50,1.75
2018.04.05 10:39:49.194,1.5032,1.50333,1.44,1.25
2018.04.05 10:39:49.300,1.50317,1.50329,1.12,1.50
2018.04.05 10:39:49.612,1.50312,1.50327,1.12,3.00
2018.04.05 10:39:49.766,1.50316,1.5033,1.75,2.62
2018.04.05 10:39:49.971,1.50317,1.50332,3.37,1.19
2018.04.05 10:39:50.074,1.50319,1.50333,2.25,1.25
2018.04.05 10:39:51.878,1.5032,1.50333,2.44,1.25
2018.04.05 10:39:51.983,1.50326,1.5034,1.19,1.69
2018.04.05 10:39:52.359,1.50327,1.50342,1.75,1.12
2018.04.05 10:39:52.462,1.50331,1.50345,3.00,1.12
2018.04.05 10:39:52.977,1.5033,1.50344,1.56,1.19
2018.04.05 10:39:53.774,1.5033,1.50344,1.44,1.50
2018.04.05 10:39:54.287,1.50329,1.50344,1.12,1.44
2018.04.05 10:39:54.923,1.50329,1.50344,1.12,1.31
2018.04.05 10:39:55.343,1.50328,1.50342,2.44,1.87
2018.04.05 10:39:55.855,1.50328,1.50341,2.44,2.06
2018.04.05 10:39:56.384,1.50328,1.50343,1.69,3.56
2018.04.05 10:39:57.812,1.50328,1.50341,2.44,1.50
2018.04.05 10:39:57.865,1.50329,1.50342,1.81,1.00
2018.04.05 10:39:58.767,1.5033,1.50343,1.56,1.00
2018.04.05 10:39:59.309,1.5033,1.50344,1.31,1.25
2018.04.05 10:40:00.546,1.5033,1.50344,1.12,1.31
2018.04.05 10:40:01.018,1.5033,1.50344,1.50,3.00
2018.04.05 10:40:01.070,1.50328,1.50343,2.25,1.31
2018.04.05 10:40:01.122,1.50328,1.50343,3.00,2.44
2018.04.05 10:40:01.226,1.5033,1.50343,1.19,1.44
2018.04.05 10:40:01.536,1.50328,1.50342,1.94,2.06
2018.04.05 10:40:01.738,1.50329,1.50344,2.25,1.87
2018.04.05 10:40:01.789,1.50329,1.50344,2.06,1.50
2018.04.05 10:40:02.353,1.50329,1.50344,3.94,1.44
2018.04.05 10:40:02.619,1.50329,1.50343,1.31,1.50
2018.04.05 10:40:03.374,1.50327,1.50341,2.62,2.06
2018.04.05 10:40:03.891,1.50327,1.50341,1.87,1.31
2018.04.05 10:40:04.092,1.50327,1.50342,2.62,3.37
2018.04.05 10:40:04.608,1.50327,1.50342,2.06,3.00
2018.04.05 10:40:04.661,1.50325,1.5034,1.87,1.50
2018.04.05 10:40:04.817,1.50327,1.50341,1.50,1.44
2018.04.05 10:40:05.347,1.50329,1.50345,3.56,2.44
2018.04.05 10:40:06.883,1.5033,1.50345,1.19,2.62
2018.04.05 10:40:07.507,1.5033,1.50343,1.37,1.00
2018.04.05 10:40:07.988,1.50333,1.50347,1.44,2.62
2018.04.05 10:40:08.504,1.50333,1.50346,1.37,1.00
2018.04.05 10:40:09.001,1.50333,1.50347,1.50,2.25
2018.04.05 10:40:09.570,1.50333,1.50347,1.75,2.62
2018.04.05 10:40:09.917,1.50338,1.50351,1.31,1.69
2018.04.05 10:40:11.050,1.50339,1.50351,1.56,1.31
2018.04.05 10:40:11.103,1.5034,1.50351,1.75,1.25
2018.04.05 10:40:11.155,1.50341,1.50351,1.56,1.25
2018.04.05 10:40:11.500,1.50342,1.50355,1.12,1.31
2018.04.05 10:40:11.657,1.50342,1.50356,1.12,1.12
2018.04.05 10:40:12.022,1.50341,1.50355,1.87,2.06
2018.04.05 10:40:12.127,1.50341,1.50355,1.12,1.50
2018.04.05 10:40:12.540,1.5034,1.50355,2.06,1.12
2018.04.05 10:40:13.377,1.50341,1.50355,3.56,1.25
2018.04.05 10:40:13.914,1.50341,1.50355,2.44,1.69
2018.04.05 10:40:16.879,1.50341,1.50356,2.06,4.12
2018.04.05 10:40:17.410,1.50342,1.50354,1.19,1.31
2018.04.05 10:40:17.749,1.5034,1.50352,1.12,1.19
2018.04.05 10:40:17.955,1.50339,1.50352,1.69,2.06
2018.04.05 10:40:22.667,1.50338,1.50353,1.81,2.06
2018.04.05 10:40:22.924,1.50342,1.50354,1.37,2.25
2018.04.05 10:40:22.976,1.50342,1.50355,1.19,1.19
2018.04.05 10:40:23.539,1.5034,1.50355,2.06,2.81
2018.04.05 10:40:23.784,1.50338,1.50353,2.06,2.06
2018.04.05 10:40:24.162,1.50338,1.50353,1.81,2.06
2018.04.05 10:40:24.763,1.50336,1.50351,3.19,1.50
2018.04.05 10:40:26.879,1.50337,1.50351,1.44,1.50
2018.04.05 10:40:27.480,1.50339,1.50352,1.44,1.12
2018.04.05 10:40:27.845,1.5034,1.50355,3.56,2.81
2018.04.05 10:40:27.947,1.50343,1.50356,1.56,1.50
2018.04.05 10:40:28.271,1.50343,1.50356,1.87,1.69
2018.04.05 10:40:29.147,1.50344,1.50357,1.56,1.19
2018.04.05 10:40:29.921,1.50343,1.50358,2.44,1.81
2018.04.05 10:40:31.883,1.50344,1.50358,1.12,1.87
2018.04.05 10:40:32.402,1.50345,1.50358,1.81,1.19
2018.04.05 10:40:34.617,1.50345,1.50358,1.56,1.19
2018.04.05 10:40:34.669,1.50345,1.50358,1.75,1.25
2018.04.05 10:40:35.196,1.50345,1.50358,1.56,1.19
2018.04.05 10:40:35.727,1.50345,1.50358,1.75,1.25
2018.04.05 10:40:36.245,1.50345,1.50359,1.50,1.50
2018.04.05 10:40:37.344,1.50345,1.5036,1.37,1.56
2018.04.05 10:40:37.623,1.50346,1.5036,1.37,1.00
2018.04.05 10:40:38.135,1.50346,1.50361,3.56,1.25
2018.04.05 10:40:38.449,1.50359,1.5037,1.25,3.94
2018.04.05 10:40:38.553,1.50363,1.50375,1.31,1.19
2018.04.05 10:40:38.605,1.50362,1.50376,2.25,1.19
2018.04.05 10:40:38.942,1.50364,1.50377,1.56,2.44
2018.04.05 10:40:38.994,1.50365,1.50377,1.37,1.69
2018.04.05 10:40:39.200,1.50363,1.50378,2.62,4.50
2018.04.05 10:40:39.251,1.50364,1.50378,1.12,3.75
2018.04.05 10:40:39.407,1.50364,1.50377,1.25,3.56
2018.04.05 10:40:39.665,1.50362,1.50376,1.50,1.50
2018.04.05 10:40:39.802,1.50362,1.50376,1.50,2.25
2018.04.05 10:40:40.303,1.50362,1.50376,1.25,4.50
2018.04.05 10:40:40.613,1.50361,1.50375,2.06,1.44
2018.04.05 10:40:41.123,1.50361,1.50375,1.12,1.12
2018.04.05 10:40:41.330,1.5036,1.50372,1.37,1.00
2018.04.05 10:40:41.846,1.5036,1.50373,1.12,1.69
2018.04.05 10:40:44.140,1.50361,1.50376,1.50,2.62
2018.04.05 10:40:44.192,1.50363,1.50376,1.50,1.50
2018.04.05 10:40:44.648,1.50362,1.50377,2.62,1.12
2018.04.05 10:40:44.753,1.50363,1.50377,2.06,1.62
2018.04.05 10:40:45.661,1.50364,1.50378,1.75,1.25
2018.04.05 10:40:46.213,1.50365,1.5038,2.81,1.12
2018.04.05 10:40:46.742,1.50366,1.5038,1.50,1.12
2018.04.05 10:40:47.281,1.50368,1.5038,1.25,1.56
2018.04.05 10:40:48.457,1.50368,1.50381,1.19,1.37
2018.04.05 10:40:48.510,1.50366,1.50381,3.56,1.37
2018.04.05 10:40:48.563,1.50366,1.50381,3.37,1.37
2018.04.05 10:40:48.720,1.50367,1.50381,2.62,1.50
2018.04.05 10:40:48.772,1.50364,1.50378,1.69,1.31
2018.04.05 10:40:48.825,1.50363,1.50377,1.12,1.31
2018.04.05 10:40:49.284,1.50365,1.50377,1.19,1.31
2018.04.05 10:40:49.489,1.50363,1.50377,2.25,1.44
2018.04.05 10:40:49.897,1.50363,1.50377,1.81,1.50
2018.04.05 10:40:50.217,1.50362,1.50377,1.69,2.44
2018.04.05 10:40:50.733,1.50362,1.50376,1.25,2.63
2018.04.05 10:40:53.578,1.50359,1.50373,1.12,1.50
2018.04.05 10:40:55.140,1.5036,1.50374,1.12,1.50
2018.04.05 10:40:55.244,1.5036,1.50374,1.56,1.81
2018.04.05 10:40:56.199,1.50359,1.50373,1.12,2.06
2018.04.05 10:40:56.735,1.50358,1.50372,1.37,1.19
2018.04.05 10:40:57.249,1.50357,1.50372,3.94,1.69
2018.04.05 10:40:57.398,1.50358,1.50372,1.50,1.50
2018.04.05 10:40:57.764,1.50358,1.50372,1.50,1.50
2018.04.05 10:40:57.969,1.50348,1.50361,3.75,1.81
2018.04.05 10:40:58.174,1.50345,1.50358,1.75,1.19
2018.04.05 10:40:58.948,1.50345,1.50358,1.75,1.00
2018.04.05 10:40:59.292,1.50347,1.50361,1.12,2.06
2018.04.05 10:40:59.607,1.50347,1.5036,2.25,1.19
2018.04.05 10:40:59.976,1.50345,1.5036,1.50,1.69
2018.04.05 10:41:00.199,1.50345,1.5036,2.44,1.31
2018.04.05 10:41:00.252,1.50346,1.50361,1.87,2.06
2018.04.05 10:41:00.566,1.50357,1.50371,1.12,1.56
2018.04.05 10:41:01.257,1.50358,1.50373,1.12,1.00
2018.04.05 10:41:01.360,1.50363,1.50376,1.56,1.87
2018.04.05 10:41:01.412,1.50362,1.50376,3.94,1.19
2018.04.05 10:41:02.430,1.50362,1.50377,1.88,1.37
2018.04.05 10:41:02.953,1.50362,1.50377,4.31,1.50
2018.04.05 10:41:03.502,1.50362,1.50377,2.25,2.06
2018.04.05 10:41:04.026,1.50361,1.50376,1.87,1.87
2018.04.05 10:41:04.547,1.50361,1.50373,1.69,1.19
2018.04.05 10:41:05.171,1.50359,1.50373,2.81,1.19
2018.04.05 10:41:05.521,1.50361,1.50375,1.12,2.44
2018.04.05 10:41:06.291,1.50363,1.50375,1.31,2.44
2018.04.05 10:41:06.600,1.50364,1.50377,1.12,1.69
2018.04.05 10:41:06.890,1.50364,1.50377,1.69,2.06
2018.04.05 10:41:07.257,1.50364,1.50378,1.19,1.69
2018.04.05 10:41:07.785,1.50363,1.50378,2.06,1.19
2018.04.05 10:41:08.319,1.50364,1.50376,1.19,1.19
2018.04.05 10:41:10.119,1.50365,1.50378,1.12,1.31
2018.04.05 10:41:10.208,1.50365,1.50379,1.87,1.25
2018.04.05 10:41:10.261,1.50366,1.5038,1.12,1.44
2018.04.05 10:41:10.779,1.50366,1.50381,1.75,2.62
2018.04.05 10:41:11.576,1.50366,1.50381,3.00,3.19
2018.04.05 10:41:11.835,1.50368,1.50381,1.44,1.87
2018.04.05 10:41:11.941,1.50367,1.50381,1.31,1.12
2018.04.05 10:41:12.459,1.50366,1.5038,1.87,1.69
2018.04.05 10:41:13.211,1.50367,1.50381,1.19,1.87
2018.04.05 10:41:14.632,1.50365,1.50381,2.62,1.12
2018.04.05 10:41:14.738,1.50365,1.5038,2.62,3.19
2018.04.05 10:41:15.182,1.50365,1.50378,1.12,1.31
2018.04.05 10:41:15.714,1.50364,1.50374,1.56,1.25
2018.04.05 10:41:15.816,1.50361,1.50374,3.19,1.25
2018.04.05 10:41:16.641,1.50361,1.50372,1.50,1.00
2018.04.05 10:41:17.145,1.5036,1.50372,1.56,1.50
2018.04.05 10:41:17.754,1.50361,1.5037,1.31,1.00
2018.04.05 10:41:18.454,1.5036,1.50371,1.69,1.12
2018.04.05 10:41:18.958,1.50358,1.50371,1.12,1.31
2018.04.05 10:41:19.474,1.50357,1.50372,2.06,1.87
2018.04.05 10:41:20.638,1.50357,1.50372,2.06,1.81
2018.04.05 10:41:21.193,1.50357,1.50372,2.62,2.25
2018.04.05 10:41:22.144,1.50358,1.50371,1.56,1.56
2018.04.05 10:41:22.675,1.50358,1.50371,1.31,1.81
2018.04.05 10:41:23.193,1.50357,1.50371,2.25,2.81
2018.04.05 10:41:23.724,1.50357,1.50371,1.81,1.12
2018.04.05 10:41:24.238,1.50356,1.50371,1.31,1.81
2018.04.05 10:41:24.793,1.50358,1.50371,1.69,1.56
2018.04.05 10:41:25.190,1.50361,1.50372,1.69,1.31
2018.04.05 10:41:25.708,1.5036,1.50371,2.06,1.31
2018.04.05 10:41:26.166,1.50358,1.50371,2.06,1.31
2018.04.05 10:41:26.698,1.50358,1.50371,1.31,3.37
2018.04.05 10:41:27.282,1.50357,1.5037,1.69,1.69
2018.04.05 10:41:27.643,1.50354,1.50366,1.37,1.12
2018.04.05 10:41:27.759,1.50351,1.50363,1.44,1.87
2018.04.05 10:41:28.287,1.50351,1.50362,1.25,1.31
2018.04.05 10:41:29.235,1.50351,1.50362,1.25,1.69
2018.04.05 10:41:29.751,1.50349,1.50361,2.62,1.19
2018.04.05 10:41:30.267,1.5035,1.50361,1.12,1.19
2018.04.05 10:41:30.854,1.5035,1.50361,1.56,1.00
2018.04.05 10:41:31.059,1.50351,1.50365,2.06,1.56
2018.04.05 10:41:31.110,1.50351,1.50365,1.87,1.56
2018.04.05 10:41:31.212,1.50351,1.50365,2.06,1.62
2018.04.05 10:41:31.724,1.50353,1.50366,1.12,1.69
2018.04.05 10:41:31.981,1.50355,1.50368,1.00,1.37
2018.04.05 10:41:32.084,1.50355,1.5037,2.25,3.19
2018.04.05 10:41:32.187,1.50356,1.5037,1.69,1.56
2018.04.05 10:41:32.239,1.50356,1.50372,1.69,3.00
2018.04.05 10:41:32.291,1.50359,1.50372,1.81,2.06
2018.04.05 10:41:32.495,1.5036,1.50372,1.19,1.69
2018.04.05 10:41:33.036,1.50359,1.50372,1.81,1.69
2018.04.05 10:41:33.763,1.50359,1.50372,1.81,1.69
2018.04.05 10:41:33.869,1.50359,1.50372,1.19,2.62
2018.04.05 10:41:34.776,1.50357,1.50372,2.62,3.75
2018.04.05 10:41:37.179,1.50357,1.50372,2.62,3.00
2018.04.05 10:41:37.701,1.50358,1.50372,2.06,2.44
2018.04.05 10:41:38.460,1.50358,1.50372,2.06,2.44
2018.04.05 10:41:39.105,1.50359,1.50372,1.19,1.94
2018.04.05 10:41:39.350,1.50359,1.50372,1.19,2.44
2018.04.05 10:41:39.848,1.50361,1.50372,1.69,1.56
2018.04.05 10:41:39.901,1.50361,1.50376,3.00,4.12
2018.04.05 10:41:39.953,1.50362,1.50376,1.19,1.12
2018.04.05 10:41:40.005,1.50361,1.50375,1.56,1.37
2018.04.05 10:41:40.317,1.50361,1.50375,1.56,2.25
2018.04.05 10:41:41.044,1.5036,1.50375,2.06,1.75
2018.04.05 10:41:41.564,1.50362,1.50375,1.19,1.81
2018.04.05 10:41:42.459,1.50362,1.50376,1.19,2.25
2018.04.05 10:41:42.918,1.5036,1.50374,2.00,1.19
2018.04.05 10:41:43.558,1.5036,1.50374,1.69,1.19
2018.04.05 10:41:43.718,1.50359,1.50375,3.75,2.25
2018.04.05 10:41:44.292,1.5036,1.50375,1.50,1.50
2018.04.05 10:41:44.711,1.50359,1.50376,3.37,1.87
2018.04.05 10:41:45.050,1.5036,1.50375,1.50,1.50
2018.04.05 10:41:45.356,1.5036,1.50375,1.87,1.50
2018.04.05 10:41:46.236,1.50361,1.50374,1.56,1.31
2018.04.05 10:41:46.535,1.50361,1.50375,1.37,3.75
2018.04.05 10:41:48.435,1.5036,1.50375,1.12,3.00
2018.04.05 10:41:48.644,1.50357,1.50372,1.12,1.44
2018.04.05 10:41:48.978,1.50355,1.50368,1.44,1.12
2018.04.05 10:41:49.425,1.50355,1.50368,1.37,1.12
2018.04.05 10:41:49.529,1.50352,1.50366,1.50,1.44
2018.04.05 10:41:49.989,1.50352,1.50367,1.31,2.81
2018.04.05 10:41:50.041,1.50352,1.50366,1.50,1.37
2018.04.05 10:41:50.550,1.50351,1.50366,1.69,1.12
2018.04.05 10:41:51.563,1.50351,1.50366,1.88,2.62
2018.04.05 10:41:52.099,1.50352,1.50366,1.44,2.19
2018.04.05 10:41:54.334,1.50352,1.50366,1.44,2.06
2018.04.05 10:41:54.480,1.5035,1.50364,2.44,1.44
2018.04.05 10:41:54.536,1.50351,1.50365,2.25,3.56
2018.04.05 10:41:54.848,1.50355,1.50369,1.31,1.56
2018.04.05 10:41:54.952,1.50356,1.50371,1.75,1.50
2018.04.05 10:41:55.004,1.50357,1.50371,2.25,1.50
2018.04.05 10:41:55.211,1.50359,1.50372,1.31,1.12
2018.04.05 10:41:55.374,1.50362,1.50373,1.50,1.37
2018.04.05 10:41:55.839,1.50361,1.50374,1.12,1.12
2018.04.05 10:41:56.149,1.50361,1.50373,1.12,1.31
2018.04.05 10:41:56.578,1.50359,1.50371,1.25,1.31
2018.04.05 10:41:57.135,1.50358,1.50371,1.50,1.37
2018.04.05 10:41:58.147,1.50362,1.50372,1.25,1.62
2018.04.05 10:41:58.322,1.50364,1.50375,1.44,1.00
2018.04.05 10:41:58.833,1.50364,1.50376,1.12,1.12
2018.04.05 10:42:00.311,1.50364,1.50375,1.12,1.00
2018.04.05 10:42:01.202,1.50363,1.50374,1.44,1.50
2018.04.05 10:42:02.052,1.50362,1.50374,1.44,1.31
2018.04.05 10:42:02.729,1.50361,1.50375,1.87,2.25
2018.04.05 10:42:08.160,1.50362,1.50375,1.37,1.44
2018.04.05 10:42:09.654,1.50363,1.50375,1.44,1.37
2018.04.05 10:42:09.858,1.50364,1.50377,1.19,2.06
2018.04.05 10:42:10.218,1.50368,1.50379,1.19,1.31
2018.04.05 10:42:10.722,1.50367,1.50379,1.19,1.87
2018.04.05 10:42:10.775,1.50365,1.50379,1.87,1.87
2018.04.05 10:42:10.827,1.50368,1.50379,1.19,1.87
2018.04.05 10:42:10.930,1.50362,1.50375,1.87,1.37
2018.04.05 10:42:10.982,1.50362,1.50374,1.25,1.87
2018.04.05 10:42:11.520,1.50361,1.50372,1.25,1.00
2018.04.05 10:42:11.829,1.50352,1.50364,1.19,3.19
2018.04.05 10:42:12.147,1.50355,1.50367,1.19,1.50
2018.04.05 10:42:12.200,1.50358,1.50367,1.19,1.00
2018.04.05 10:42:12.628,1.50359,1.50369,1.19,1.00
2018.04.05 10:42:13.138,1.50359,1.50371,1.19,1.50
2018.04.05 10:42:13.480,1.50358,1.50371,1.25,1.12
2018.04.05 10:42:13.554,1.5036,1.50371,1.19,1.69
2018.04.05 10:42:13.762,1.50358,1.50371,1.25,1.87
2018.04.05 10:42:13.971,1.50359,1.50372,1.19,2.62
2018.04.05 10:42:14.508,1.50359,1.50371,1.25,1.31
2018.04.05 10:42:15.022,1.50358,1.50372,1.44,3.19
2018.04.05 10:42:15.542,1.50359,1.50371,1.19,1.00
2018.04.05 10:42:16.095,1.5036,1.50371,1.19,1.00
2018.04.05 10:42:17.558,1.50359,1.50371,1.19,1.00
2018.04.05 10:42:17.663,1.50358,1.50371,1.12,1.25
2018.04.05 10:42:17.818,1.5036,1.50371,1.19,1.00
2018.04.05 10:42:18.229,1.50358,1.50371,1.12,1.25
2018.04.05 10:42:18.395,1.50359,1.50371,1.19,1.00
2018.04.05 10:42:18.447,1.50358,1.50371,1.12,1.31
2018.04.05 10:42:18.566,1.50358,1.50371,1.12,1.69
2018.04.05 10:42:18.621,1.50358,1.5037,1.12,1.50
2018.04.05 10:42:19.145,1.50358,1.5037,1.25,2.06
2018.04.05 10:42:20.152,1.50359,1.5037,1.25,1.50
2018.04.05 10:42:20.653,1.50357,1.5037,1.44,1.69
2018.04.05 10:42:21.894,1.5036,1.50369,1.00,1.25
2018.04.05 10:42:21.946,1.50357,1.50369,1.44,1.12
2018.04.05 10:42:22.114,1.50357,1.50365,1.25,1.37
2018.04.05 10:42:22.165,1.50351,1.50362,1.25,1.31
2018.04.05 10:42:22.573,1.50353,1.50364,1.19,3.00
2018.04.05 10:42:22.932,1.50354,1.50365,1.37,1.00
2018.04.05 10:42:23.036,1.50354,1.50368,2.06,1.19
2018.04.05 10:42:23.563,1.50357,1.50369,1.12,2.25
2018.04.05 10:42:24.372,1.50358,1.50369,1.12,2.06
2018.04.05 10:42:24.712,1.50365,1.50377,1.44,1.62
2018.04.05 10:42:24.765,1.50364,1.50377,1.37,1.87
2018.04.05 10:42:25.127,1.50365,1.50376,1.44,1.12
2018.04.05 10:42:25.179,1.50364,1.50376,1.37,1.00
2018.04.05 10:42:25.385,1.50365,1.50377,1.44,4.12
2018.04.05 10:42:25.651,1.50364,1.50376,1.37,1.12
2018.04.05 10:42:25.736,1.50365,1.50377,1.50,3.00
2018.04.05 10:42:26.252,1.50365,1.50375,1.44,1.00
2018.04.05 10:42:27.546,1.50363,1.50375,1.50,1.62
2018.04.05 10:42:27.648,1.50362,1.50374,1.44,1.31
2018.04.05 10:42:27.802,1.50357,1.50369,1.75,1.00
2018.04.05 10:42:28.312,1.50357,1.50369,1.44,1.12
2018.04.05 10:42:29.107,1.50357,1.50369,1.19,1.69
2018.04.05 10:42:29.500,1.50357,1.50368,1.19,1.37
2018.04.05 10:42:30.319,1.50351,1.50364,1.37,2.00
2018.04.05 10:42:30.373,1.50349,1.5036,1.19,1.25
2018.04.05 10:42:30.893,1.50349,1.50359,1.19,1.00
2018.04.05 10:42:30.998,1.50351,1.50361,1.19,1.31
2018.04.05 10:42:31.103,1.50351,1.50361,1.19,1.31
2018.04.05 10:42:33.054,1.50349,1.50361,1.19,1.31
2018.04.05 10:42:34.047,1.50351,1.50363,1.19,1.94
2018.04.05 10:42:34.511,1.50352,1.50365,1.19,4.31
2018.04.05 10:42:35.014,1.50353,1.50364,1.19,1.69
2018.04.05 10:42:35.763,1.50353,1.50365,1.19,2.81
2018.04.05 10:42:35.817,1.50357,1.50365,1.19,1.25
2018.04.05 10:42:35.870,1.50355,1.50367,1.31,1.69
2018.04.05 10:42:35.976,1.50353,1.50367,1.87,1.62
2018.04.05 10:42:36.700,1.50354,1.50366,1.19,1.19
2018.04.05 10:42:37.214,1.50354,1.50367,1.19,1.69
2018.04.05 10:42:38.138,1.50355,1.50367,1.19,1.69
2018.04.05 10:42:38.190,1.50353,1.50366,1.69,1.87
2018.04.05 10:42:38.517,1.50355,1.50364,1.19,1.19
2018.04.05 10:42:39.138,1.50352,1.50364,1.19,1.19
2018.04.05 10:42:39.706,1.50352,1.50364,1.19,1.31
2018.04.05 10:42:39.816,1.50345,1.50351,1.37,1.37
2018.04.05 10:42:39.868,1.50337,1.50344,1.25,2.81
2018.04.05 10:42:39.921,1.50338,1.50344,1.19,1.87
2018.04.05 10:42:39.973,1.50335,1.50344,1.19,1.25
2018.04.05 10:42:40.077,1.5033,1.50344,2.06,1.25
2018.04.05 10:42:40.130,1.50334,1.50345,1.19,1.69
2018.04.05 10:42:40.549,1.50338,1.50344,1.19,1.00
2018.04.05 10:42:40.704,1.5034,1.5035,1.19,1.00
2018.04.05 10:42:41.125,1.50344,1.50352,1.19,1.00
2018.04.05 10:42:41.230,1.50341,1.50353,1.87,1.37
2018.04.05 10:42:41.282,1.50341,1.50355,1.75,1.50
2018.04.05 10:42:41.491,1.50339,1.50354,2.06,1.81
2018.04.05 10:42:41.543,1.50341,1.50354,1.19,1.56
2018.04.05 10:42:41.904,1.50344,1.50355,1.19,1.69
2018.04.05 10:42:41.956,1.50342,1.50356,1.50,1.62
2018.04.05 10:42:42.008,1.50347,1.50355,1.19,1.25
2018.04.05 10:42:42.061,1.50345,1.50356,1.19,1.31
2018.04.05 10:42:43.216,1.50345,1.50356,1.19,1.00
2018.04.05 10:42:43.528,1.50343,1.50356,1.00,1.87
2018.04.05 10:42:43.580,1.50341,1.50351,1.19,1.31
2018.04.05 10:42:43.632,1.50338,1.50351,1.87,1.50
2018.04.05 10:42:44.151,1.50338,1.5035,1.37,1.12
2018.04.05 10:42:44.723,1.50339,1.5035,1.44,1.12
2018.04.05 10:42:45.249,1.50341,1.50352,1.19,1.12
2018.04.05 10:42:45.751,1.50339,1.50351,1.00,1.37
2018.04.05 10:42:46.162,1.5034,1.50351,1.19,1.37
2018.04.05 10:42:46.635,1.50342,1.50352,1.19,1.75
2018.04.05 10:42:46.686,1.50341,1.50353,1.37,1.00
2018.04.05 10:42:47.197,1.50341,1.50354,1.19,1.87
2018.04.05 10:42:47.785,1.50343,1.50352,1.19,1.00
2018.04.05 10:42:48.789,1.5034,1.50354,2.06,2.00
2018.04.05 10:42:49.317,1.5034,1.50353,1.19,1.00
2018.04.05 10:42:49.520,1.50343,1.50354,1.19,1.31
2018.04.05 10:42:49.572,1.50341,1.50354,1.19,1.50
2018.04.05 10:42:50.318,1.50341,1.50355,1.19,1.69
2018.04.05 10:42:50.371,1.50345,1.50356,1.19,1.31
2018.04.05 10:42:50.638,1.50343,1.50356,1.19,1.31
2018.04.05 10:42:51.712,1.50342,1.50354,1.19,1.25
2018.04.05 10:42:51.764,1.50341,1.50353,1.19,1.62
2018.04.05 10:42:52.023,1.50338,1.5035,1.19,1.50
2018.04.05 10:42:52.413,1.50333,1.50346,1.19,1.69
2018.04.05 10:42:52.670,1.5033,1.50341,1.69,1.00
2018.04.05 10:42:52.721,1.5033,1.50341,1.19,1.31
2018.04.05 10:42:52.773,1.50329,1.50341,1.25,1.81
2018.04.05 10:42:53.396,1.5033,1.5034,1.69,1.31
2018.04.05 10:42:53.448,1.50331,1.50341,1.19,1.25
2018.04.05 10:42:53.912,1.50334,1.50345,1.19,1.31
2018.04.05 10:42:53.965,1.50333,1.50345,1.25,2.81
2018.04.05 10:42:54.017,1.50335,1.50347,1.19,3.19
2018.04.05 10:42:54.343,1.50337,1.50347,1.19,1.25
2018.04.05 10:42:54.881,1.50337,1.50349,1.19,2.44
2018.04.05 10:42:55.212,1.50337,1.50349,1.87,1.25
2018.04.05 10:42:55.317,1.50339,1.50351,1.19,3.56
2018.04.05 10:42:55.833,1.50338,1.50351,1.19,3.75
2018.04.05 10:42:58.240,1.50333,1.50341,1.00,1.00
2018.04.05 10:42:58.346,1.50331,1.50343,1.19,1.31
2018.04.05 10:42:58.400,1.50332,1.50339,1.19,1.19
2018.04.05 10:42:58.505,1.50331,1.5034,1.19,1.37
2018.04.05 10:42:58.559,1.50325,1.50339,1.31,1.00
2018.04.05 10:42:58.662,1.50328,1.50339,1.19,1.00
2018.04.05 10:42:58.983,1.50325,1.50339,2.25,1.25
2018.04.05 10:43:00.187,1.50325,1.50339,1.19,2.25
2018.04.05 10:43:00.340,1.50328,1.50339,1.19,2.06
2018.04.05 10:43:00.442,1.50326,1.50339,1.19,1.50
2018.04.05 10:43:00.650,1.50326,1.50338,1.19,1.69
2018.04.05 10:43:01.204,1.50325,1.50338,1.31,1.87
2018.04.05 10:43:04.144,1.50327,1.50338,1.69,1.56
2018.04.05 10:43:04.494,1.50327,1.50338,1.25,1.75
2018.04.05 10:43:04.704,1.50327,1.50338,1.19,1.56
2018.04.05 10:43:05.179,1.50326,1.50339,2.62,1.69
2018.04.05 10:43:05.231,1.50331,1.50339,1.19,1.31
2018.04.05 10:43:05.385,1.50328,1.50341,1.31,2.00
2018.04.05 10:43:05.809,1.50325,1.5034,1.12,1.87
2018.04.05 10:43:05.862,1.50326,1.5034,2.06,1.69
2018.04.05 10:43:06.461,1.50326,1.50339,1.31,1.19
2018.04.05 10:43:06.992,1.50327,1.50339,1.31,3.37
2018.04.05 10:43:07.675,1.50327,1.50339,1.31,3.75
2018.04.05 10:43:08.578,1.50325,1.50339,1.19,3.00
2018.04.05 10:43:09.371,1.50323,1.50338,1.87,1.12
2018.04.05 10:43:11.614,1.50324,1.50338,1.50,1.19
2018.04.05 10:43:11.718,1.50324,1.50338,1.50,1.37
2018.04.05 10:43:12.126,1.50328,1.50338,1.00,1.37
2018.04.05 10:43:12.800,1.50327,1.50338,1.19,1.19
2018.04.05 10:43:13.007,1.50329,1.5034,1.19,1.50
2018.04.05 10:43:13.761,1.50329,1.50342,1.19,2.25
2018.04.05 10:43:14.069,1.50331,1.50342,1.19,1.94
2018.04.05 10:43:14.276,1.50328,1.50341,1.31,1.37
2018.04.05 10:43:14.705,1.5033,1.50342,1.31,1.19
2018.04.05 10:43:14.858,1.5033,1.50342,1.56,1.44
2018.04.05 10:43:15.244,1.50334,1.50343,1.19,1.12
2018.04.05 10:43:15.402,1.5033,1.50343,2.81,1.12
2018.04.05 10:43:15.454,1.5033,1.50344,2.62,1.50
2018.04.05 10:43:15.920,1.50334,1.50345,1.19,2.44
2018.04.05 10:43:16.153,1.50333,1.50344,1.19,1.25
2018.04.05 10:43:16.205,1.50334,1.50344,1.19,1.25
2018.04.05 10:43:16.630,1.50336,1.50347,1.31,1.31
2018.04.05 10:43:16.682,1.50339,1.50349,1.19,1.31
2018.04.05 10:43:16.734,1.50337,1.50349,1.56,1.69
2018.04.05 10:43:16.787,1.50338,1.5035,1.19,1.69
2018.04.05 10:43:17.283,1.50339,1.50352,1.69,1.31
2018.04.05 10:43:17.385,1.50341,1.50352,1.19,1.19
2018.04.05 10:43:18.433,1.50341,1.50353,1.19,1.31
2018.04.05 10:43:18.766,1.50343,1.50354,1.19,3.56
2018.04.05 10:43:19.075,1.5034,1.50354,1.81,3.75
2018.04.05 10:43:19.643,1.50342,1.50353,1.19,1.25
2018.04.05 10:43:19.964,1.50348,1.50361,1.31,1.31
2018.04.05 10:43:20.018,1.50349,1.50362,1.12,1.00
2018.04.05 10:43:20.074,1.50351,1.50363,1.19,1.25
2018.04.05 10:43:20.586,1.50352,1.50365,1.87,1.69
2018.04.05 10:43:21.332,1.50352,1.50366,1.87,1.94
2018.04.05 10:43:21.848,1.50352,1.50366,1.87,2.44
2018.04.05 10:43:22.482,1.50355,1.50364,3.00,1.00
2018.04.05 10:43:22.534,1.50358,1.50369,1.69,1.00
2018.04.05 10:43:22.586,1.50356,1.50369,1.37,1.00
2018.04.05 10:43:22.637,1.50353,1.50367,2.25,1.87
2018.04.05 10:43:22.944,1.50352,1.50366,4.12,1.31
2018.04.05 10:43:23.289,1.50353,1.50367,1.75,1.50
2018.04.05 10:43:23.750,1.50352,1.50367,1.87,2.62
2018.04.05 10:43:24.364,1.50353,1.50367,1.50,1.69
2018.04.05 10:43:24.694,1.5036,1.50372,1.19,2.62
2018.04.05 10:43:24.751,1.50361,1.50372,1.44,1.00
2018.04.05 10:43:24.804,1.50357,1.5037,2.25,1.00
2018.04.05 10:43:24.857,1.50356,1.50368,1.19,1.31
2018.04.05 10:43:25.426,1.5036,1.50372,1.44,2.44
2018.04.05 10:43:25.533,1.5036,1.50374,1.37,2.25
2018.04.05 10:43:25.963,1.50364,1.50376,1.19,1.50
2018.04.05 10:43:26.066,1.50364,1.50379,1.87,2.44
2018.04.05 10:43:26.796,1.50366,1.50379,1.37,1.50
2018.04.05 10:43:26.901,1.50365,1.50377,1.44,1.13
2018.04.05 10:43:27.133,1.50365,1.50377,1.12,1.69
2018.04.05 10:43:27.737,1.50364,1.50377,1.44,3.37
2018.04.05 10:43:28.350,1.50361,1.50373,1.50,1.25
2018.04.05 10:43:28.666,1.50365,1.50378,1.31,2.19
2018.04.05 10:43:28.718,1.50365,1.50377,1.19,1.00
2018.04.05 10:43:28.874,1.50367,1.50379,1.50,1.12
2018.04.05 10:43:28.979,1.50366,1.50381,1.12,1.62
2018.04.05 10:43:29.500,1.50366,1.5038,2.25,1.00
2018.04.05 10:43:29.773,1.50366,1.50381,1.37,2.44
2018.04.05 10:43:30.283,1.50366,1.5038,1.37,1.13
2018.04.05 10:43:30.335,1.50366,1.5038,1.87,1.19
2018.04.05 10:43:30.642,1.50369,1.50382,1.44,1.12
2018.04.05 10:43:31.146,1.50369,1.50381,1.25,1.12
2018.04.05 10:43:31.455,1.50368,1.50384,2.25,1.81
2018.04.05 10:43:31.661,1.50372,1.50384,1.25,1.37
2018.04.05 10:43:31.968,1.50373,1.50386,1.25,1.69
2018.04.05 10:43:32.020,1.50373,1.50386,1.50,1.00
2018.04.05 10:43:32.544,1.50373,1.50387,1.87,1.00
2018.04.05 10:43:32.854,1.50373,1.50387,1.12,1.50
2018.04.05 10:43:33.368,1.50372,1.50385,1.50,2.25
2018.04.05 10:43:34.040,1.50372,1.50385,1.87,1.37
2018.04.05 10:43:34.346,1.50372,1.50386,1.50,1.50
2018.04.05 10:43:35.983,1.50372,1.50386,1.50,1.50
2018.04.05 10:43:38.920,1.5037,1.50383,1.81,1.00
2018.04.05 10:43:38.973,1.50369,1.50382,1.50,1.12
2018.04.05 10:43:39.180,1.50369,1.50379,1.00,1.00
2018.04.05 10:43:39.649,1.5037,1.50382,1.25,1.69
2018.04.05 10:43:40.172,1.5037,1.50382,1.12,1.25
2018.04.05 10:43:40.376,1.50372,1.50385,1.25,2.06
2018.04.05 10:43:40.530,1.50369,1.50384,1.50,1.69
2018.04.05 10:43:40.785,1.50372,1.50384,1.25,1.31
2018.04.05 10:43:41.228,1.50374,1.50386,1.00,1.56
2018.04.05 10:43:41.534,1.50375,1.50388,1.25,1.37
2018.04.05 10:43:41.691,1.50372,1.50386,1.44,1.69
2018.04.05 10:43:42.265,1.5037,1.50385,1.87,1.12
2018.04.05 10:43:44.666,1.50374,1.50385,1.25,1.19
2018.04.05 10:43:45.216,1.50373,1.50385,1.25,1.31
2018.04.05 10:43:46.175,1.50373,1.50385,1.00,1.31
2018.04.05 10:43:47.466,1.50371,1.50383,1.12,1.25
2018.04.05 10:43:47.581,1.5037,1.50382,1.00,1.12
2018.04.05 10:43:48.036,1.50366,1.50379,1.25,1.19
2018.04.05 10:43:48.089,1.50365,1.50378,1.25,1.56
2018.04.05 10:43:48.245,1.50369,1.50382,1.12,1.12
2018.04.05 10:43:48.299,1.50374,1.50385,1.19,2.81
2018.04.05 10:43:48.351,1.50373,1.50384,1.19,1.19
2018.04.05 10:43:48.403,1.50371,1.50385,2.62,1.69
2018.04.05 10:43:48.787,1.50371,1.50385,1.50,3.19
2018.04.05 10:43:49.308,1.50372,1.50384,1.25,1.75
2018.04.05 10:43:49.465,1.50369,1.50382,1.81,1.19
2018.04.05 10:43:49.677,1.50371,1.50383,1.19,1.56
2018.04.05 10:43:49.988,1.50378,1.50385,1.25,1.00
2018.04.05 10:43:50.040,1.50375,1.50385,1.25,1.62
2018.04.05 10:43:50.560,1.50374,1.50385,1.19,1.31
2018.04.05 10:43:53.274,1.50374,1.50384,1.19,1.00
2018.04.05 10:43:53.585,1.50372,1.50384,1.19,1.37
2018.04.05 10:43:53.930,1.50374,1.50384,1.19,3.00
2018.04.05 10:43:54.516,1.50373,1.50382,1.19,1.00
2018.04.05 10:43:55.655,1.50376,1.50385,1.19,1.00
2018.04.05 10:43:55.768,1.50374,1.50386,1.44,1.69
2018.04.05 10:43:55.879,1.50378,1.50386,1.25,1.31
2018.04.05 10:43:55.986,1.50379,1.50389,1.25,1.50
2018.04.05 10:43:56.504,1.5038,1.5039,1.25,1.12
2018.04.05 10:43:57.173,1.50381,1.50391,1.25,1.00
2018.04.05 10:43:57.566,1.50381,1.50394,1.25,1.50
2018.04.05 10:43:58.214,1.50381,1.50394,1.50,1.12
2018.04.05 10:43:58.266,1.50379,1.50393,3.00,1.12
2018.04.05 10:43:58.472,1.50379,1.50391,1.50,1.12
2018.04.05 10:43:58.900,1.50382,1.50393,1.25,1.62
2018.04.05 10:43:58.953,1.5038,1.50391,1.50,1.25
2018.04.05 10:43:59.061,1.50384,1.50395,1.25,1.69
2018.04.05 10:43:59.380,1.50383,1.50393,1.25,1.50
2018.04.05 10:43:59.918,1.50381,1.50394,1.44,2.00
2018.04.05 10:44:00.431,1.50381,1.50393,1.12,1.37
2018.04.05 10:44:00.737,1.50388,1.50399,1.25,1.00
2018.04.05 10:44:02.949,1.50388,1.504,1.25,1.37
2018.04.05 10:44:04.177,1.50388,1.504,1.19,1.37
2018.04.05 10:44:04.681,1.50388,1.504,1.12,1.37
2018.04.05 10:44:05.634,1.50385,1.50398,1.12,1.00
2018.04.05 10:44:05.687,1.50383,1.50395,1.25,3.37
2018.04.05 10:44:05.741,1.50379,1.50393,1.37,2.19
2018.04.05 10:44:05.846,1.50379,1.50389,1.25,1.31
2018.04.05 10:44:05.898,1.50374,1.50389,1.44,1.44
2018.04.05 10:44:06.053,1.50374,1.50388,1.44,2.81
2018.04.05 10:44:06.626,1.50374,1.50388,1.25,4.87
2018.04.05 10:44:09.384,1.50376,1.50388,1.25,3.75
2018.04.05 10:44:09.935,1.50377,1.50388,1.25,2.62
2018.04.05 10:44:10.968,1.50373,1.50388,1.37,3.00
2018.04.05 10:44:11.422,1.50373,1.50388,1.87,3.00
2018.04.05 10:44:12.503,1.50372,1.50388,1.37,3.00
2018.04.05 10:44:13.035,1.50373,1.50388,1.44,3.00
2018.04.05 10:44:13.418,1.50372,1.50388,1.37,3.00
2018.04.05 10:44:13.934,1.50373,1.50389,1.44,5.25
2018.04.05 10:44:14.244,1.50371,1.50386,1.25,2.62
2018.04.05 10:44:15.021,1.5037,1.50383,1.00,2.19
2018.04.05 10:44:15.547,1.50367,1.50381,1.44,1.12
2018.04.05 10:44:16.048,1.50366,1.50381,1.50,1.81
2018.04.05 10:44:21.008,1.50364,1.50381,1.87,1.87
2018.04.05 10:44:21.162,1.50365,1.50381,2.25,1.69
2018.04.05 10:44:21.700,1.50365,1.5038,1.87,1.19
2018.04.05 10:44:22.919,1.50365,1.50379,1.19,1.31
2018.04.05 10:44:22.972,1.50364,1.50376,1.25,1.12
2018.04.05 10:44:23.024,1.5036,1.50373,1.87,1.00
2018.04.05 10:44:23.077,1.5036,1.50373,1.25,1.87
2018.04.05 10:44:23.605,1.50358,1.50372,1.37,1.12
2018.04.05 10:44:24.940,1.50357,1.50371,1.50,1.12
2018.04.05 10:44:26.721,1.50356,1.50369,1.19,1.12
2018.04.05 10:44:27.248,1.50356,1.50369,1.19,1.81
2018.04.05 10:44:27.749,1.50354,1.50368,2.06,1.56
2018.04.05 10:44:27.866,1.50351,1.50366,2.06,1.12
2018.04.05 10:44:27.969,1.5035,1.50363,1.69,1.50
2018.04.05 10:44:28.281,1.5035,1.50364,1.87,1.81
2018.04.05 10:44:28.333,1.50352,1.50364,1.19,1.19
2018.04.05 10:44:28.436,1.50351,1.50364,1.44,1.75
2018.04.05 10:44:28.959,1.50349,1.50363,1.44,1.75
2018.04.05 10:44:29.710,1.50347,1.50363,2.25,1.50
2018.04.05 10:44:30.893,1.50346,1.50361,2.25,1.19
2018.04.05 10:44:32.193,1.50346,1.50361,1.75,1.12
2018.04.05 10:44:32.453,1.50347,1.5036,1.12,1.19
2018.04.05 10:44:32.744,1.50348,1.50362,1.75,1.87
2018.04.05 10:44:32.797,1.50348,1.50362,1.87,1.87
2018.04.05 10:44:34.052,1.50348,1.5036,1.44,1.31
2018.04.05 10:44:34.578,1.50346,1.50361,2.25,1.44
2018.04.05 10:44:35.783,1.50346,1.50361,2.25,1.37
2018.04.05 10:44:40.930,1.50348,1.50361,1.12,1.19
2018.04.05 10:44:43.847,1.50348,1.50363,1.37,2.00
2018.04.05 10:44:44.936,1.50348,1.50363,1.69,2.81
2018.04.05 10:44:46.414,1.50348,1.50363,1.44,1.37
2018.04.05 10:44:47.294,1.50348,1.50363,1.44,1.37
2018.04.05 10:44:48.136,1.50348,1.50363,1.44,1.37
2018.04.05 10:44:48.376,1.50356,1.50368,1.00,1.44
2018.04.05 10:44:48.428,1.50355,1.5037,2.59,2.06
2018.04.05 10:44:48.481,1.50355,1.5037,1.12,1.31
2018.04.05 10:44:49.554,1.50353,1.50368,2.25,1.50
2018.04.05 10:44:49.709,1.50356,1.5037,1.00,2.06
2018.04.05 10:44:49.950,1.50355,1.50369,3.00,1.31
2018.04.05 10:44:50.003,1.50355,1.50369,1.87,1.31
2018.04.05 10:44:50.525,1.50356,1.50369,1.00,1.19
2018.04.05 10:44:50.815,1.50355,1.50369,1.00,2.62
2018.04.05 10:44:51.024,1.50351,1.50366,1.00,2.44
2018.04.05 10:44:51.564,1.5035,1.50366,1.12,2.44
2018.04.05 10:44:52.079,1.50351,1.50365,1.44,1.31
2018.04.05 10:44:52.589,1.50352,1.50366,1.69,2.06
2018.04.05 10:44:53.126,1.50353,1.50366,1.19,2.25
2018.04.05 10:44:53.643,1.50353,1.50365,1.19,1.50
2018.04.05 10:44:54.536,1.50352,1.50366,1.31,1.12
2018.04.05 10:44:55.121,1.50353,1.50366,1.25,2.25
2018.04.05 10:44:55.690,1.50351,1.50365,1.19,2.06
2018.04.05 10:44:56.283,1.50351,1.50364,1.19,2.00
2018.04.05 10:44:57.118,1.50349,1.50364,2.06,2.81
2018.04.05 10:44:57.171,1.50353,1.50365,1.19,1.69
2018.04.05 10:44:57.692,1.50351,1.50365,1.44,2.06
2018.04.05 10:44:58.078,1.50351,1.50365,1.44,2.44
2018.04.05 10:44:58.692,1.50349,1.50364,1.12,1.37
2018.04.05 10:44:58.744,1.50349,1.50364,1.12,1.87
2018.04.05 10:44:59.124,1.50349,1.50365,1.12,1.12
2018.04.05 10:44:59.908,1.50349,1.50364,2.19,1.37
2018.04.05 10:45:00.433,1.50349,1.50364,1.12,1.37
2018.04.05 10:45:00.955,1.50349,1.50364,1.12,1.37
2018.04.05 10:45:02.592,1.5035,1.50364,1.87,1.31
2018.04.05 10:45:02.694,1.50352,1.50365,1.56,1.50
2018.04.05 10:45:02.796,1.50353,1.50365,2.06,1.31
2018.04.05 10:45:02.848,1.50356,1.50367,1.44,1.00
2018.04.05 10:45:02.899,1.50356,1.5037,1.50,1.50
2018.04.05 10:45:03.007,1.50359,1.50373,1.69,2.06
2018.04.05 10:45:03.289,1.5036,1.50373,2.25,1.00
2018.04.05 10:45:03.445,1.50358,1.50373,1.87,1.81
2018.04.05 10:45:03.754,1.50358,1.50371,1.69,1.81
2018.04.05 10:45:04.270,1.50357,1.5037,1.94,1.19
2018.04.05 10:45:04.807,1.50357,1.50371,1.44,1.56
2018.04.05 10:45:05.527,1.50358,1.50371,1.69,1.31
2018.04.05 10:45:05.632,1.50356,1.50371,1.50,1.56
2018.04.05 10:45:08.428,1.50355,1.5037,2.25,1.50
2018.04.05 10:45:13.225,1.50355,1.50371,2.44,1.87
2018.04.05 10:45:13.562,1.50349,1.50363,1.50,1.31
2018.04.05 10:45:14.079,1.50349,1.50364,1.44,2.19
2018.04.05 10:45:15.423,1.50349,1.50364,1.87,1.12
2018.04.05 10:45:15.745,1.50349,1.50364,1.37,2.62
2018.04.05 10:45:16.859,1.5035,1.50362,1.44,1.00
2018.04.05 10:45:18.215,1.5035,1.50364,1.44,1.69
2018.04.05 10:45:18.766,1.50349,1.50364,2.25,3.37
2018.04.05 10:45:19.647,1.50348,1.50363,2.25,1.37
2018.04.05 10:45:19.804,1.50348,1.5036,1.31,1.44
2018.04.05 10:45:20.105,1.50348,1.50363,2.62,2.25
2018.04.05 10:45:20.260,1.50349,1.50363,3.00,1.25
2018.04.05 10:45:20.677,1.5035,1.50365,2.63,1.75
2018.04.05 10:45:20.779,1.5035,1.50365,2.63,1.81
2018.04.05 10:45:21.590,1.50349,1.50365,2.44,1.75
2018.04.05 10:45:22.101,1.50349,1.50364,1.37,3.00
2018.04.05 10:45:22.614,1.50349,1.50364,3.00,3.37
2018.04.05 10:45:24.112,1.50349,1.50364,3.38,1.81
2018.04.05 10:45:24.278,1.50349,1.50364,1.88,1.81
2018.04.05 10:45:25.074,1.5035,1.50364,1.81,1.50
2018.04.05 10:45:25.230,1.5035,1.50366,2.25,1.69
2018.04.05 10:45:25.747,1.50352,1.50366,1.37,1.37
2018.04.05 10:45:26.424,1.50352,1.50367,1.62,1.12
2018.04.05 10:45:27.455,1.50352,1.50366,1.13,1.25
2018.04.05 10:45:28.281,1.50353,1.50367,2.25,1.25
2018.04.05 10:45:28.387,1.50356,1.5037,2.00,4.69
2018.04.05 10:45:28.596,1.50356,1.50371,2.81,2.19
2018.04.05 10:45:29.148,1.50356,1.50371,2.81,2.19
2018.04.05 10:45:29.660,1.50355,1.50371,2.19,3.19
2018.04.05 10:45:30.496,1.50355,1.5037,1.50,1.12
2018.04.05 10:45:30.549,1.50355,1.50369,1.19,1.00
2018.04.05 10:45:30.602,1.50354,1.50369,2.63,1.12
2018.04.05 10:45:30.861,1.50354,1.50369,2.25,1.25
2018.04.05 10:45:31.068,1.50356,1.50369,1.44,1.25
2018.04.05 10:45:31.614,1.50356,1.5037,1.88,1.56
2018.04.05 10:45:31.871,1.50356,1.5037,1.19,1.56
2018.04.05 10:45:32.386,1.50354,1.50369,1.37,1.37
2018.04.05 10:45:32.438,1.50355,1.50369,1.37,1.69
2018.04.05 10:45:32.851,1.50354,1.50369,1.37,1.87
2018.04.05 10:45:33.596,1.50353,1.50369,3.94,1.31
2018.04.05 10:45:33.808,1.50353,1.50368,1.87,1.37
2018.04.05 10:45:33.967,1.5035,1.50366,1.50,2.25
2018.04.05 10:45:34.150,1.50348,1.50363,1.50,1.56
2018.04.05 10:45:35.129,1.50349,1.50363,1.19,1.81
2018.04.05 10:45:36.251,1.50348,1.50363,1.44,1.56
2018.04.05 10:45:39.006,1.50349,1.50363,1.19,1.56
2018.04.05 10:45:39.365,1.50352,1.50363,1.56,1.25
2018.04.05 10:45:39.468,1.50351,1.50367,2.25,2.62
2018.04.05 10:45:39.570,1.50351,1.50366,1.13,1.12
2018.04.05 10:45:39.723,1.50351,1.50366,1.88,1.25
2018.04.05 10:45:40.273,1.50354,1.50367,1.19,2.81
2018.04.05 10:45:40.792,1.50354,1.50368,1.12,1.87
2018.04.05 10:45:40.845,1.50355,1.50368,1.19,3.19
2018.04.05 10:45:40.897,1.50354,1.50368,1.50,3.37
2018.04.05 10:45:41.104,1.50351,1.50365,2.44,3.00
2018.04.05 10:45:41.156,1.50348,1.5036,1.25,1.12
2018.04.05 10:45:41.364,1.50347,1.50361,1.31,2.00
2018.04.05 10:45:41.416,1.50347,1.50363,3.19,1.31
2018.04.05 10:45:41.937,1.50347,1.50362,1.50,1.12
2018.04.05 10:45:42.074,1.50347,1.5036,1.19,1.12
2018.04.05 10:45:42.227,1.50348,1.50363,1.44,1.50
2018.04.05 10:45:42.736,1.50349,1.50363,1.44,1.12
2018.04.05 10:45:43.257,1.50348,1.50363,1.50,3.00
2018.04.05 10:45:44.340,1.50348,1.50364,1.37,3.00
2018.04.05 10:45:44.669,1.50351,1.50363,1.19,1.31
2018.04.05 10:45:44.725,1.50351,1.50365,1.44,1.81
2018.04.05 10:45:45.282,1.5035,1.50365,1.50,1.31
2018.04.05 10:45:45.826,1.50349,1.50365,2.44,2.25
2018.04.05 10:45:47.951,1.5035,1.50365,1.50,2.06
2018.04.05 10:45:48.053,1.50353,1.50367,1.25,1.81
2018.04.05 10:45:48.208,1.50352,1.50368,2.25,2.06
2018.04.05 10:45:48.712,1.50353,1.50368,1.44,1.37
2018.04.05 10:45:48.919,1.50352,1.50368,1.12,1.37
2018.04.05 10:45:49.231,1.50354,1.50369,1.69,1.50
2018.04.05 10:45:49.335,1.50353,1.50368,2.06,1.25
2018.04.05 10:45:49.580,1.50353,1.50368,1.69,1.81
2018.04.05 10:45:49.787,1.50352,1.50368,1.69,2.19
2018.04.05 10:45:50.301,1.50352,1.50367,2.63,1.50
2018.04.05 10:45:50.855,1.50353,1.50367,1.69,1.31
2018.04.05 10:45:51.373,1.50352,1.50366,1.87,1.25
2018.04.05 10:45:51.683,1.50354,1.50368,1.31,1.19
2018.04.05 10:45:51.735,1.50353,1.50368,2.06,1.81
2018.04.05 10:45:52.553,1.50354,1.50369,1.69,1.56
2018.04.05 10:45:53.018,1.50353,1.50368,1.25,1.12
2018.04.05 10:45:54.839,1.50352,1.50368,1.38,3.00
2018.04.05 10:45:54.943,1.5035,1.50364,1.75,1.31
2018.04.05 10:45:54.997,1.5035,1.50362,1.00,1.50
2018.04.05 10:45:55.123,1.50342,1.50359,2.81,1.37
2018.04.05 10:45:55.952,1.50346,1.50362,1.81,1.87
2018.04.05 10:45:56.262,1.50351,1.50365,1.31,1.12
2018.04.05 10:45:56.638,1.50353,1.50367,2.06,1.25
2018.04.05 10:45:57.152,1.50358,1.5037,1.00,1.87
2018.04.05 10:45:57.667,1.50357,1.50369,1.25,1.19
2018.04.05 10:45:58.201,1.50358,1.50369,1.00,1.19
2018.04.05 10:45:58.717,1.50356,1.50369,1.62,1.12
2018.04.05 10:45:58.873,1.50356,1.50371,2.62,1.00
2018.04.05 10:45:58.925,1.50357,1.50372,1.81,1.12
2018.04.05 10:45:59.132,1.50356,1.50371,2.25,1.00
2018.04.05 10:45:59.945,1.50356,1.50371,3.37,1.00
2018.04.05 10:46:00.205,1.50356,1.50372,2.25,1.87
2018.04.05 10:46:00.257,1.50356,1.50372,1.75,1.37
2018.04.05 10:46:00.646,1.50357,1.50372,1.50,1.37
2018.04.05 10:46:01.803,1.50358,1.50371,1.69,1.19
2018.04.05 10:46:01.854,1.50358,1.50373,2.62,3.00
2018.04.05 10:46:02.367,1.5036,1.50375,1.87,3.75
2018.04.05 10:46:02.781,1.50361,1.50374,1.00,1.12
2018.04.05 10:46:03.519,1.50358,1.50372,1.25,1.12
2018.04.05 10:46:04.057,1.50355,1.50371,2.25,1.87
2018.04.05 10:46:04.261,1.50356,1.50371,1.37,1.87
2018.04.05 10:46:04.363,1.50356,1.50371,1.37,1.12
2018.04.05 10:46:04.876,1.50355,1.50371,2.25,1.81
2018.04.05 10:46:05.886,1.50355,1.50371,1.50,1.75
2018.04.05 10:46:06.402,1.50353,1.50368,2.19,1.00
2018.04.05 10:46:07.747,1.50354,1.50369,1.12,1.12
2018.04.05 10:46:08.749,1.50354,1.50369,1.50,1.50
2018.04.05 10:46:09.634,1.50352,1.50368,1.87,1.75
2018.04.05 10:46:10.263,1.50353,1.50369,2.62,2.81
2018.04.05 10:46:10.316,1.50356,1.5037,1.37,1.00
2018.04.05 10:46:10.853,1.50356,1.5037,3.37,1.00
2018.04.05 10:46:11.370,1.50358,1.50372,1.31,1.56
2018.04.05 10:46:15.140,1.5036,1.50374,1.00,2.25
2018.04.05 10:46:15.645,1.50358,1.50373,3.56,1.19
2018.04.05 10:46:15.851,1.50358,1.50373,3.56,1.00
2018.04.05 10:46:16.446,1.5036,1.50377,1.87,2.81
2018.04.05 10:46:17.106,1.5036,1.50377,3.00,1.50
2018.04.05 10:46:17.366,1.50364,1.50378,1.50,1.25
2018.04.05 10:46:17.678,1.50368,1.50382,1.44,1.44
2018.04.05 10:46:18.199,1.50366,1.50381,2.62,1.50
2018.04.05 10:46:19.231,1.50367,1.50382,1.75,1.31
2018.04.05 10:46:19.282,1.50368,1.50382,1.37,1.25
2018.04.05 10:46:19.334,1.5037,1.50384,1.50,1.25
2018.04.05 10:46:19.855,1.5037,1.50386,1.12,2.25
2018.04.05 10:46:20.364,1.5037,1.50386,1.12,2.25
2018.04.05 10:46:20.868,1.5037,1.50385,2.62,1.50
2018.04.05 10:46:23.891,1.50371,1.50386,1.87,1.87
2018.04.05 10:46:24.860,1.50368,1.50383,1.87,1.75
2018.04.05 10:46:25.403,1.50369,1.50383,1.37,1.37
2018.04.05 10:46:25.800,1.50367,1.50382,1.31,3.94
2018.04.05 10:46:25.903,1.50366,1.50381,1.87,1.62
2018.04.05 10:46:26.006,1.50369,1.50384,1.50,1.69
2018.04.05 10:46:26.408,1.50369,1.50381,1.00,1.81
2018.04.05 10:46:26.867,1.50368,1.50383,1.75,1.87
2018.04.05 10:46:27.548,1.50372,1.50385,1.19,1.31
2018.04.05 10:46:27.654,1.50371,1.50387,1.12,3.37
2018.04.05 10:46:30.033,1.50374,1.50387,1.37,1.12
2018.04.05 10:46:30.196,1.50373,1.50387,1.12,1.75
2018.04.05 10:46:30.248,1.50374,1.50386,1.12,1.00
2018.04.05 10:46:30.767,1.50373,1.50387,1.12,1.44
2018.04.05 10:46:31.232,1.50375,1.50388,1.12,1.12
2018.04.05 10:46:31.609,1.50377,1.50391,2.06,2.81
2018.04.05 10:46:31.918,1.50379,1.50392,1.00,1.81
2018.04.05 10:46:32.122,1.50378,1.50392,1.50,1.31
2018.04.05 10:46:32.277,1.50382,1.50395,1.12,1.25
2018.04.05 10:46:32.611,1.50389,1.50405,1.12,2.25
2018.04.05 10:46:32.764,1.50389,1.50403,1.12,1.37
2018.04.05 10:46:33.275,1.50387,1.50402,1.12,1.50
2018.04.05 10:46:33.424,1.50388,1.50401,1.56,1.56
2018.04.05 10:46:33.477,1.50387,1.50402,1.87,1.81
2018.04.05 10:46:34.767,1.50387,1.50403,1.12,1.37
2018.04.05 10:46:36.308,1.50387,1.50402,1.50,1.62
2018.04.05 10:46:36.412,1.50387,1.50401,1.00,1.12
2018.04.05 10:46:36.932,1.50387,1.50401,1.00,1.12
2018.04.05 10:46:37.738,1.50386,1.50402,1.12,3.75
2018.04.05 10:46:37.956,1.50388,1.50402,1.44,1.31
2018.04.05 10:46:38.214,1.50389,1.50404,1.37,1.25
2018.04.05 10:46:38.578,1.50388,1.50402,1.87,1.12
2018.04.05 10:46:38.971,1.50388,1.50401,1.44,1.94
2018.04.05 10:46:39.693,1.50388,1.50401,1.00,1.12
2018.04.05 10:46:40.109,1.50395,1.50409,1.12,1.37
2018.04.05 10:46:40.618,1.50395,1.50409,1.87,1.25
2018.04.05 10:46:41.089,1.50395,1.50409,1.37,1.25
2018.04.05 10:46:41.183,1.50397,1.50411,1.44,2.25
2018.04.05 10:46:41.285,1.50398,1.50412,1.37,1.69
2018.04.05 10:46:41.828,1.50399,1.50414,1.00,2.06
2018.04.05 10:46:42.292,1.50399,1.50414,1.12,2.19
2018.04.05 10:46:42.826,1.50399,1.50414,1.12,3.00
2018.04.05 10:46:43.343,1.50398,1.50414,2.25,4.12
2018.04.05 10:46:43.860,1.504,1.50413,1.00,1.56
2018.04.05 10:46:44.364,1.50401,1.50415,1.69,1.87
2018.04.05 10:46:44.529,1.50397,1.50411,1.75,1.00
2018.04.05 10:46:44.684,1.50395,1.5041,1.12,2.44
2018.04.05 10:46:44.984,1.50392,1.50407,1.25,1.87
2018.04.05 10:46:45.157,1.5039,1.50405,2.25,2.25
2018.04.05 10:46:45.365,1.50384,1.50399,1.25,1.75
2018.04.05 10:46:45.906,1.50381,1.50397,1.12,1.37
2018.04.05 10:46:47.083,1.50379,1.50395,1.75,1.50
2018.04.05 10:46:47.135,1.50379,1.50395,1.75,1.38
2018.04.05 10:46:47.187,1.5038,1.50394,1.19,1.19
2018.04.05 10:46:47.700,1.50381,1.50397,1.50,1.31
2018.04.05 10:46:48.441,1.50382,1.50397,1.69,1.31
2018.04.05 10:46:48.545,1.50384,1.50398,1.19,1.19
2018.04.05 10:46:48.597,1.50384,1.504,2.81,1.87
2018.04.05 10:46:49.089,1.50385,1.504,1.50,1.75
2018.04.05 10:46:49.605,1.50386,1.50401,1.31,2.44
2018.04.05 10:46:49.946,1.50385,1.50401,1.69,1.37
2018.04.05 10:46:50.153,1.50386,1.50402,1.56,1.56
2018.04.05 10:46:50.702,1.50387,1.50403,1.12,2.25
2018.04.05 10:46:50.962,1.5039,1.50403,1.50,1.00
2018.04.05 10:46:51.271,1.50392,1.50407,1.56,2.25
2018.04.05 10:46:51.793,1.50393,1.50407,1.19,1.50
2018.04.05 10:46:52.004,1.50392,1.50405,1.50,1.50
2018.04.05 10:46:52.107,1.50388,1.50405,1.75,2.25
2018.04.05 10:46:52.159,1.50387,1.50401,1.12,1.19
2018.04.05 10:46:52.568,1.50388,1.50402,1.50,1.00
2018.04.05 10:46:53.073,1.50388,1.50403,1.87,1.25
2018.04.05 10:46:54.043,1.50388,1.50404,2.25,1.31
2018.04.05 10:46:54.632,1.50389,1.50404,2.44,1.31
2018.04.05 10:46:54.889,1.5039,1.50405,1.00,1.87
2018.04.05 10:46:54.943,1.50387,1.50401,1.81,1.00
2018.04.05 10:46:58.766,1.50388,1.504,1.19,1.25
2018.04.05 10:46:59.181,1.50388,1.50403,1.81,1.50
2018.04.05 10:46:59.284,1.50388,1.504,1.81,1.25
2018.04.05 10:46:59.442,1.50389,1.50402,1.87,1.25
2018.04.05 10:46:59.494,1.50391,1.50403,1.12,1.25
2018.04.05 10:46:59.600,1.50393,1.50406,1.19,1.25
2018.04.05 10:46:59.930,1.50397,1.50409,1.62,1.12
2018.04.05 10:47:00.239,1.50399,1.50412,1.87,1.25
2018.04.05 10:47:00.764,1.50402,1.50414,1.31,1.37
2018.04.05 10:47:01.120,1.50399,1.50412,2.19,1.19
2018.04.05 10:47:01.957,1.50398,1.5041,2.06,1.25
2018.04.05 10:47:02.106,1.50397,1.50408,1.31,1.19
2018.04.05 10:47:02.260,1.50397,1.5041,1.25,1.25
2018.04.05 10:47:02.311,1.50395,1.50409,1.31,1.19
2018.04.05 10:47:02.618,1.50392,1.50405,2.44,1.25
2018.04.05 10:47:02.978,1.50392,1.50404,1.81,1.19
2018.04.05 10:47:03.029,1.50392,1.50404,1.31,1.19
2018.04.05 10:47:03.765,1.5039,1.50403,1.50,1.31
2018.04.05 10:47:04.372,1.5039,1.50403,1.87,1.50
2018.04.05 10:47:05.131,1.5039,1.50403,1.50,1.19
2018.04.05 10:47:05.637,1.5039,1.50404,1.50,3.00
2018.04.05 10:47:06.935,1.5039,1.50401,1.00,2.25
2018.04.05 10:47:07.196,1.50385,1.504,1.87,2.25
2018.04.05 10:47:07.621,1.50386,1.504,1.25,2.25
2018.04.05 10:47:07.828,1.50383,1.50397,3.00,1.19
2018.04.05 10:47:08.524,1.50384,1.50397,1.37,1.25
2018.04.05 10:47:09.757,1.50382,1.50395,1.31,1.87
2018.04.05 10:47:10.094,1.50383,1.50395,1.31,1.19
2018.04.05 10:47:10.145,1.50381,1.50396,2.62,2.06
2018.04.05 10:47:10.672,1.50383,1.50396,1.37,1.69
2018.04.05 10:47:11.320,1.50383,1.50396,1.12,1.69
2018.04.05 10:47:11.708,1.50381,1.50395,1.50,1.12
2018.04.05 10:47:11.761,1.50381,1.50394,1.00,2.44
2018.04.05 10:47:12.122,1.5038,1.50391,1.25,1.19
2018.04.05 10:47:12.173,1.50379,1.50392,1.37,1.12
2018.04.05 10:47:12.361,1.50378,1.50389,1.69,1.25
2018.04.05 10:47:12.887,1.50378,1.5039,1.12,1.31
2018.04.05 10:47:13.436,1.50377,1.50387,1.25,1.25
2018.04.05 10:47:13.970,1.50378,1.50387,1.00,1.25
2018.04.05 10:47:14.898,1.50377,1.50387,1.25,1.25
2018.04.05 10:47:15.430,1.50375,1.50388,1.87,1.31
2018.04.05 10:47:16.059,1.50376,1.50388,1.44,1.31
2018.04.05 10:47:16.401,1.50378,1.50392,1.50,2.25
2018.04.05 10:47:16.730,1.50377,1.50391,1.19,2.19
2018.04.05 10:47:16.939,1.50376,1.50388,1.25,1.19
2018.04.05 10:47:18.150,1.50374,1.50386,3.75,1.25
2018.04.05 10:47:19.849,1.50371,1.50383,2.62,1.25
2018.04.05 10:47:20.625,1.5037,1.50382,2.25,1.25
2018.04.05 10:47:21.038,1.5037,1.50381,2.25,1.25
2018.04.05 10:47:21.245,1.50372,1.50385,1.50,2.06
2018.04.05 10:47:21.550,1.5037,1.50383,1.50,1.31
2018.04.05 10:47:22.682,1.50367,1.5038,1.87,1.25
2018.04.05 10:47:23.188,1.50367,1.50381,1.37,1.12
2018.04.05 10:47:23.646,1.50365,1.50381,1.87,1.31
2018.04.05 10:47:23.699,1.50364,1.50377,1.69,1.25
2018.04.05 10:47:24.632,1.50364,1.50379,2.25,1.81
2018.04.05 10:47:25.218,1.50365,1.50379,1.87,2.62
2018.04.05 10:47:25.327,1.50365,1.50379,1.44,1.87
2018.04.05 10:47:26.027,1.50365,1.50379,1.44,1.25
2018.04.05 10:47:27.579,1.50364,1.50379,2.25,1.19
2018.04.05 10:47:28.084,1.50364,1.50379,2.25,1.25
2018.04.05 10:47:28.808,1.50364,1.5038,3.00,2.25
2018.04.05 10:47:30.235,1.50366,1.5038,1.31,1.87
2018.04.05 10:47:30.767,1.50366,1.5038,1.31,1.50
2018.04.05 10:47:30.818,1.50366,1.5038,1.31,1.50
2018.04.05 10:47:31.172,1.5037,1.50384,1.37,2.06
2018.04.05 10:47:31.223,1.50368,1.50384,3.37,1.56
2018.04.05 10:47:31.274,1.50369,1.5038,1.31,1.12
2018.04.05 10:47:31.328,1.50368,1.5038,1.19,1.69
2018.04.05 10:47:31.379,1.50364,1.50377,1.19,1.25
2018.04.05 10:47:31.431,1.50364,1.50377,1.31,2.62
2018.04.05 10:47:31.639,1.50361,1.50375,1.75,1.56
2018.04.05 10:47:32.172,1.50361,1.50374,1.19,1.87
2018.04.05 10:47:32.381,1.50358,1.50372,1.44,1.75
2018.04.05 10:47:32.433,1.50356,1.50368,1.19,1.19
2018.04.05 10:47:32.983,1.50356,1.50368,1.25,1.44
2018.04.05 10:47:33.490,1.50356,1.50368,1.19,1.19
2018.04.05 10:47:33.796,1.50361,1.50372,1.19,1.87
2018.04.05 10:47:34.994,1.50358,1.50372,2.25,1.00
2018.04.05 10:47:35.150,1.50358,1.50372,1.75,1.00
2018.04.05 10:47:35.202,1.50358,1.50372,2.25,1.00
2018.04.05 10:47:35.797,1.50358,1.50372,2.62,1.44
2018.04.05 10:47:36.048,1.50357,1.50371,1.12,1.12
2018.04.05 10:47:36.101,1.50355,1.5037,1.87,1.75
2018.04.05 10:47:36.553,1.50353,1.50368,2.25,1.31
2018.04.05 10:47:36.915,1.50353,1.50366,1.31,1.81
2018.04.05 10:47:37.018,1.50352,1.50365,1.44,1.19
2018.04.05 10:47:37.120,1.50353,1.50366,2.81,1.87
2018.04.05 10:47:37.171,1.50352,1.50365,1.12,1.19
2018.04.05 10:47:37.701,1.50351,1.50365,1.50,1.56
2018.04.05 10:47:37.859,1.50349,1.50362,1.25,1.25
2018.04.05 10:47:37.936,1.50349,1.50362,1.25,1.69
2018.04.05 10:47:38.246,1.50348,1.50361,1.44,1.56
2018.04.05 10:47:38.572,1.50348,1.5036,1.31,1.12
2018.04.05 10:47:38.728,1.50348,1.5036,1.19,1.12
2018.04.05 10:47:39.246,1.50349,1.5036,1.19,1.12
2018.04.05 10:47:39.475,1.50349,1.50361,1.19,2.62
2018.04.05 10:47:39.993,1.50347,1.50359,1.19,1.19
2018.04.05 10:47:40.303,1.50346,1.50359,2.62,1.19
2018.04.05 10:47:41.016,1.50346,1.50359,1.44,1.19
2018.04.05 10:47:41.184,1.50345,1.50356,1.31,1.81
2018.04.05 10:47:41.695,1.50343,1.50356,1.19,3.00
2018.04.05 10:47:42.208,1.50342,1.50355,1.44,1.19
2018.04.05 10:47:42.725,1.50341,1.50354,2.62,1.19
2018.04.05 10:47:43.279,1.5034,1.50355,2.25,1.87
2018.04.05 10:47:43.809,1.5034,1.50354,1.50,2.62
2018.04.05 10:47:44.362,1.50341,1.50354,1.19,2.62
2018.04.05 10:47:44.703,1.50342,1.50354,1.19,1.56
2018.04.05 10:47:45.186,1.5034,1.50354,1.31,1.56
2018.04.05 10:47:45.726,1.5034,1.50354,2.44,1.31
2018.04.05 10:47:45.883,1.50343,1.50353,1.19,1.69
2018.04.05 10:47:46.039,1.50343,1.50355,1.81,1.31
2018.04.05 10:47:46.350,1.50345,1.50355,1.31,1.00
2018.04.05 10:47:46.659,1.50348,1.50357,1.19,1.69
2018.04.05 10:47:46.762,1.50348,1.50361,3.19,1.56
2018.04.05 10:47:46.814,1.5035,1.5036,1.31,2.25
2018.04.05 10:47:46.865,1.50349,1.50361,2.81,1.69
2018.04.05 10:47:46.968,1.50353,1.50365,2.06,1.19
2018.04.05 10:47:47.132,1.50354,1.50368,1.81,3.19
2018.04.05 10:47:48.618,1.50356,1.50368,1.50,1.25
2018.04.05 10:47:48.879,1.50357,1.50371,2.25,1.19
2018.04.05 10:47:49.894,1.50357,1.50371,1.87,1.12
2018.04.05 10:47:50.737,1.50356,1.5037,1.00,2.19
2018.04.05 10:47:51.418,1.50355,1.50369,1.37,1.69
2018.04.05 10:47:52.093,1.50355,1.50369,2.25,1.31
2018.04.05 10:47:52.620,1.50358,1.5037,1.44,1.37
2018.04.05 10:47:53.132,1.50359,1.50372,1.25,1.12
2018.04.05 10:47:53.695,1.50357,1.5037,1.50,1.56
2018.04.05 10:47:54.113,1.50356,1.5037,1.87,1.31
2018.04.05 10:47:54.165,1.50361,1.50373,1.37,1.87
2018.04.05 10:47:54.531,1.50365,1.50377,1.19,2.06
2018.04.05 10:47:54.583,1.50365,1.5038,1.19,2.25
2018.04.05 10:47:54.635,1.50367,1.5038,1.31,1.25
2018.04.05 10:47:56.830,1.50367,1.5038,1.19,1.31
2018.04.05 10:47:57.418,1.50369,1.50382,1.19,1.31
2018.04.05 10:47:57.470,1.50367,1.50382,1.50,1.31
2018.04.05 10:47:57.523,1.50367,1.5038,1.19,1.31
2018.04.05 10:47:59.456,1.50365,1.50381,2.25,2.25
2018.04.05 10:47:59.962,1.50365,1.50381,2.62,1.50
2018.04.05 10:48:00.490,1.50365,1.50381,1.50,1.25
2018.04.05 10:48:01.000,1.50365,1.50381,1.37,1.19
2018.04.05 10:48:03.357,1.50365,1.5038,1.12,1.44
2018.04.05 10:48:06.835,1.50365,1.50381,1.37,2.25
2018.04.05 10:48:08.199,1.50367,1.50382,1.12,3.00
2018.04.05 10:48:08.252,1.50368,1.50382,1.37,1.00
2018.04.05 10:48:08.304,1.50371,1.50382,1.69,1.00
2018.04.05 10:48:08.419,1.50371,1.50385,2.25,2.06
2018.04.05 10:48:08.928,1.50372,1.50385,1.44,1.12
2018.04.05 10:48:09.290,1.5037,1.50385,2.62,3.00
2018.04.05 10:48:09.446,1.5037,1.50385,1.87,2.25
2018.04.05 10:48:09.956,1.50369,1.50384,4.12,1.12
2018.04.05 10:48:10.959,1.50369,1.50383,3.37,1.19
2018.04.05 10:48:11.509,1.50376,1.50385,1.19,1.00
2018.04.05 10:48:11.561,1.50376,1.50389,1.19,1.87
2018.04.05 10:48:12.408,1.50375,1.5039,1.69,1.81
2018.04.05 10:48:14.053,1.50375,1.5039,1.50,1.50
2018.04.05 10:48:14.157,1.50373,1.50388,2.25,2.25
2018.04.05 10:48:14.677,1.50373,1.50388,1.87,2.06
2018.04.05 10:48:15.024,1.50376,1.50388,1.00,1.31
2018.04.05 10:48:15.636,1.50376,1.50388,1.44,1.12
2018.04.05 10:48:16.703,1.50377,1.5039,1.44,1.69
2018.04.05 10:48:17.790,1.50377,1.5039,1.81,1.69
2018.04.05 10:48:18.724,1.50377,1.5039,1.44,1.87
2018.04.05 10:48:19.921,1.50376,1.5039,1.75,1.50
2018.04.05 10:48:20.489,1.50378,1.5039,1.19,1.37
2018.04.05 10:48:20.541,1.50383,1.50392,1.50,1.00
2018.04.05 10:48:20.595,1.50385,1.50398,1.87,1.50
2018.04.05 10:48:20.649,1.50389,1.50398,1.37,1.00
2018.04.05 10:48:20.793,1.50389,1.50401,1.50,1.12
2018.04.05 10:48:21.054,1.50392,1.50407,2.19,4.12
2018.04.05 10:48:21.119,1.50396,1.50407,1.87,1.00
2018.04.05 10:48:21.178,1.50397,1.50412,1.81,4.50
2018.04.05 10:48:21.231,1.50399,1.50413,2.81,2.44
2018.04.05 10:48:21.336,1.50399,1.50413,2.06,1.19
2018.04.05 10:48:21.574,1.50399,1.50414,2.81,1.00
2018.04.05 10:48:21.780,1.50401,1.50415,1.19,1.87
2018.04.05 10:48:22.691,1.50401,1.50416,1.44,3.19
2018.04.05 10:48:22.848,1.50402,1.50416,1.12,1.00
2018.04.05 10:48:23.357,1.50405,1.5042,1.12,1.50
2018.04.05 10:48:23.772,1.50405,1.50416,1.69,1.19
2018.04.05 10:48:24.302,1.50405,1.50416,1.94,1.19
2018.04.05 10:48:24.682,1.50405,1.50414,1.94,1.19
2018.04.05 10:48:25.146,1.50405,1.50414,1.25,1.19
2018.04.05 10:48:25.539,1.50404,1.50414,2.44,1.19
2018.04.05 10:48:26.023,1.50404,1.50416,1.94,1.19
2018.04.05 10:48:26.552,1.50405,1.50418,1.81,1.19
2018.04.05 10:48:27.156,1.50405,1.50418,1.37,1.19
2018.04.05 10:48:27.955,1.50405,1.50418,1.12,1.50
2018.04.05 10:48:30.540,1.50403,1.50418,1.50,3.75
2018.04.05 10:48:30.644,1.50404,1.50417,1.25,2.25
2018.04.05 10:48:30.801,1.504,1.50416,1.87,1.87
2018.04.05 10:48:30.903,1.50402,1.50415,1.12,1.00
2018.04.05 10:48:31.238,1.50401,1.50413,4.31,1.19
2018.04.05 10:48:31.289,1.50394,1.50408,2.06,3.56
2018.04.05 10:48:31.341,1.50394,1.50407,1.62,2.62
2018.04.05 10:48:31.842,1.50394,1.50407,1.25,2.25
2018.04.05 10:48:31.895,1.50394,1.50406,1.00,1.37
2018.04.05 10:48:31.997,1.50394,1.50407,1.19,1.50
2018.04.05 10:48:32.597,1.50393,1.50406,1.69,2.25
2018.04.05 10:48:32.649,1.50391,1.50403,1.19,1.12
2018.04.05 10:48:32.701,1.50391,1.50402,1.25,2.62
2018.04.05 10:48:32.753,1.50389,1.50402,1.12,1.75
2018.04.05 10:48:33.265,1.50386,1.504,3.75,1.12
2018.04.05 10:48:33.818,1.50386,1.504,4.87,1.37
2018.04.05 10:48:36.749,1.50386,1.504,2.06,1.50
2018.04.05 10:48:38.033,1.50386,1.504,2.25,1.87
2018.04.05 10:48:38.918,1.50386,1.504,3.37,1.19
2018.04.05 10:48:39.436,1.50386,1.504,2.62,1.87
2018.04.05 10:48:39.949,1.50386,1.50401,1.75,1.50
2018.04.05 10:48:40.103,1.50386,1.50402,3.00,2.44
2018.04.05 10:48:40.398,1.50389,1.50401,1.25,1.37
2018.04.05 10:48:40.552,1.50386,1.504,1.50,1.81
2018.04.05 10:48:40.604,1.50386,1.50398,1.31,1.50
2018.04.05 10:48:47.182,1.50385,1.50397,1.00,1.19
2018.04.05 10:48:47.702,1.50382,1.50397,2.62,1.31
2018.04.05 10:48:48.249,1.50382,1.50398,1.50,1.75
2018.04.05 10:48:48.813,1.50383,1.50397,2.25,1.19
2018.04.05 10:48:49.022,1.50384,1.504,1.87,4.87
2018.04.05 10:48:50.262,1.50388,1.504,1.00,2.25
2018.04.05 10:48:50.766,1.50387,1.504,1.00,2.25
2018.04.05 10:48:51.311,1.50388,1.504,1.00,3.00
2018.04.05 10:48:51.975,1.50387,1.504,1.00,2.25
2018.04.05 10:48:52.525,1.50388,1.504,1.25,3.00
2018.04.05 10:48:54.611,1.50386,1.504,1.00,2.25
2018.04.05 10:48:56.597,1.50387,1.504,1.00,1.87
2018.04.05 10:48:56.765,1.50384,1.504,1.50,1.87
2018.04.05 10:48:56.971,1.50386,1.50399,1.00,1.12
2018.04.05 10:48:57.210,1.50387,1.504,1.19,1.50
2018.04.05 10:48:58.342,1.50385,1.504,1.31,1.87
2018.04.05 10:48:58.871,1.50387,1.504,1.25,1.56
2018.04.05 10:48:59.203,1.50386,1.50401,1.87,1.44
2018.04.05 10:48:59.621,1.50387,1.50401,1.87,1.00
2018.04.05 10:49:00.213,1.50389,1.50402,1.25,1.87
2018.04.05 10:49:00.371,1.50397,1.50411,1.44,1.50
2018.04.05 10:49:00.921,1.50396,1.50411,1.50,1.87
2018.04.05 10:49:01.432,1.50396,1.50411,1.87,1.31
2018.04.05 10:49:02.549,1.50396,1.50411,1.50,1.25
2018.04.05 10:49:04.669,1.50395,1.50409,2.25,1.19
2018.04.05 10:49:05.011,1.50394,1.50407,2.62,1.19
2018.04.05 10:49:05.581,1.50394,1.5041,2.62,2.06
2018.04.05 10:49:05.687,1.50393,1.50406,1.31,1.69
2018.04.05 10:49:06.001,1.5039,1.50402,1.56,1.19
2018.04.05 10:49:06.432,1.50388,1.50401,1.87,1.19
2018.04.05 10:49:06.485,1.50382,1.50395,2.81,1.69
2018.04.05 10:49:06.645,1.50371,1.50385,2.25,1.50
2018.04.05 10:49:06.854,1.50369,1.50383,1.19,2.62
2018.04.05 10:49:07.369,1.50367,1.50381,1.31,1.12
2018.04.05 10:49:07.680,1.50364,1.50379,1.37,1.87
2018.04.05 10:49:08.031,1.50362,1.50378,1.50,1.37
2018.04.05 10:49:08.351,1.50355,1.50371,3.56,1.19
2018.04.05 10:49:08.866,1.50357,1.50373,1.31,5.25
2018.04.05 10:49:09.784,1.50357,1.50372,1.25,1.12
2018.04.05 10:49:10.042,1.50359,1.50374,1.87,1.00
2018.04.05 10:49:10.560,1.50361,1.50375,1.87,1.19
2018.04.05 10:49:11.080,1.50361,1.50376,1.50,1.12
2018.04.05 10:49:11.600,1.50361,1.50375,1.50,1.44
2018.04.05 10:49:12.413,1.50363,1.50375,1.00,1.00
2018.04.05 10:49:12.946,1.50363,1.50375,1.00,1.50
2018.04.05 10:49:13.495,1.50361,1.50376,1.31,1.50
2018.04.05 10:49:15.100,1.5036,1.50376,1.12,1.50
2018.04.05 10:49:15.153,1.50362,1.50377,1.19,3.00
2018.04.05 10:49:15.604,1.50363,1.50376,1.37,1.00
2018.04.05 10:49:15.913,1.50365,1.50379,2.25,1.25
2018.04.05 10:49:16.224,1.50365,1.5038,2.44,1.19
2018.04.05 10:49:16.555,1.50365,1.50376,1.19,1.19
2018.04.05 10:49:16.828,1.50363,1.50376,1.69,1.31
2018.04.05 10:49:17.377,1.50363,1.50375,1.00,1.44
2018.04.05 10:49:17.881,1.50362,1.50375,1.25,1.44
2018.04.05 10:49:19.235,1.50359,1.50373,1.87,1.87
2018.04.05 10:49:19.394,1.50356,1.5037,2.62,1.31
2018.04.05 10:49:19.446,1.50356,1.50371,2.81,1.56
2018.04.05 10:49:19.784,1.50356,1.50368,2.62,1.19
2018.04.05 10:49:20.147,1.50356,1.5037,2.62,1.31
2018.04.05 10:49:20.251,1.50356,1.50372,2.81,1.81
2018.04.05 10:49:20.867,1.50355,1.50372,2.25,1.81
2018.04.05 10:49:21.413,1.50355,1.50372,2.25,2.25
2018.04.05 10:49:23.351,1.50354,1.50371,4.31,1.31
2018.04.05 10:49:26.141,1.50354,1.5037,1.87,1.69
2018.04.05 10:49:26.841,1.50355,1.50368,1.12,1.19
2018.04.05 10:49:27.037,1.5035,1.50366,1.87,2.25
2018.04.05 10:49:27.610,1.5035,1.50365,1.50,1.37
2018.04.05 10:49:29.936,1.5035,1.50366,1.50,1.87
2018.04.05 10:49:30.458,1.5035,1.50366,2.25,2.62
2018.04.05 10:49:30.764,1.50352,1.50366,1.19,1.87
2018.04.05 10:49:31.275,1.50352,1.50366,1.37,1.19
2018.04.05 10:49:31.961,1.50353,1.50366,1.31,1.31
2018.04.05 10:49:32.065,1.50352,1.50367,1.31,2.06
2018.04.05 10:49:32.279,1.50351,1.50366,2.06,1.19
2018.04.05 10:49:32.805,1.50352,1.50366,1.12,1.31
2018.04.05 10:49:33.106,1.50353,1.50366,1.69,1.31
2018.04.05 10:49:33.421,1.50354,1.50368,1.19,1.00
2018.04.05 10:49:33.473,1.50357,1.50371,1.56,1.31
2018.04.05 10:49:33.789,1.50358,1.50373,2.25,1.31
2018.04.05 10:49:34.305,1.50358,1.50373,1.87,1.56
2018.04.05 10:49:34.615,1.50359,1.50371,1.25,1.19
2018.04.05 10:49:35.070,1.50358,1.50368,1.19,1.19
2018.04.05 10:49:35.604,1.50355,1.50369,1.12,1.19
2018.04.05 10:49:35.708,1.50355,1.50371,1.87,2.25
2018.04.05 10:49:36.963,1.50357,1.50371,1.19,1.87
2018.04.05 10:49:37.476,1.50358,1.50371,1.00,1.50
2018.04.05 10:49:38.707,1.50356,1.50368,1.00,1.37
2018.04.05 10:49:39.021,1.50349,1.50363,1.25,1.87
2018.04.05 10:49:39.125,1.50349,1.50363,1.12,1.37
2018.04.05 10:49:39.541,1.50352,1.50363,1.00,1.37
2018.04.05 10:49:39.593,1.50349,1.50363,1.12,1.37
2018.04.05 10:49:40.187,1.5035,1.50363,1.00,1.37
2018.04.05 10:49:40.721,1.50349,1.50362,1.25,1.37
2018.04.05 10:49:41.304,1.50348,1.50363,1.19,2.25
2018.04.05 10:49:41.565,1.50352,1.50364,1.00,3.00
2018.04.05 10:49:41.891,1.5035,1.50364,1.25,1.50
2018.04.05 10:49:42.395,1.50351,1.50364,1.00,2.25
2018.04.05 10:49:43.186,1.5035,1.50364,1.25,1.87
2018.04.05 10:49:44.196,1.50351,1.50364,1.00,1.87
2018.04.05 10:49:44.302,1.50348,1.50363,1.50,1.37
2018.04.05 10:49:44.901,1.50349,1.50363,1.25,1.75
2018.04.05 10:49:45.315,1.50351,1.50363,1.00,1.50
2018.04.05 10:49:45.849,1.5035,1.50363,1.00,1.37
2018.04.05 10:49:46.161,1.50354,1.50366,1.00,1.87
2018.04.05 10:49:46.674,1.50353,1.50366,1.00,3.37
2018.04.05 10:49:47.107,1.50353,1.50364,1.00,1.44
2018.04.05 10:49:47.365,1.5035,1.50364,1.19,1.31
2018.04.05 10:49:47.822,1.50348,1.50362,1.31,1.87
2018.04.05 10:49:48.363,1.50348,1.50362,1.50,1.37
2018.04.05 10:49:49.100,1.50347,1.50363,1.56,2.25
2018.04.05 10:49:49.648,1.50349,1.50363,1.19,2.25
2018.04.05 10:49:49.965,1.50348,1.50362,1.31,1.81
2018.04.05 10:49:50.120,1.50348,1.50363,1.31,1.75
2018.04.05 10:49:50.225,1.50347,1.50362,1.56,2.25
2018.04.05 10:49:50.366,1.50347,1.50362,1.56,1.44
2018.04.05 10:49:50.418,1.50346,1.50361,2.25,2.19
2018.04.05 10:49:51.035,1.50346,1.5036,1.19,1.69
2018.04.05 10:49:51.449,1.50345,1.50359,1.19,2.44
2018.04.05 10:49:51.954,1.50344,1.50359,1.56,1.69
2018.04.05 10:49:52.160,1.50344,1.50359,1.44,1.19
2018.04.05 10:49:52.489,1.50347,1.50362,1.44,3.00
2018.04.05 10:49:52.543,1.50349,1.50362,1.87,1.00
2018.04.05 10:49:53.645,1.5035,1.50363,2.25,1.44
2018.04.05 10:49:54.050,1.5035,1.50366,2.81,2.25
2018.04.05 10:49:54.589,1.50351,1.50366,1.31,2.25
2018.04.05 10:49:57.013,1.50351,1.50366,1.69,1.87
2018.04.05 10:49:57.532,1.50353,1.50366,1.19,1.37
2018.04.05 10:49:57.842,1.50353,1.50365,1.31,1.44
2018.04.05 10:49:58.104,1.50353,1.50367,1.31,1.87
2018.04.05 10:49:59.133,1.50353,1.50365,1.31,1.44
2018.04.05 10:49:59.668,1.50353,1.50366,1.31,1.50
2018.04.05 10:49:59.720,1.50353,1.50367,1.50,1.37
2018.04.05 10:50:00.234,1.50355,1.50368,1.00,2.81
2018.04.05 10:50:01.064,1.50354,1.50368,1.12,3.19
2018.04.05 10:50:02.246,1.50355,1.50368,1.00,3.19
2018.04.05 10:50:02.585,1.50352,1.50366,1.87,2.00
2018.04.05 10:50:02.809,1.50352,1.5036,1.00,1.31
2018.04.05 10:50:02.863,1.50347,1.50359,1.25,1.12
2018.04.05 10:50:02.916,1.50344,1.50359,1.31,2.25
2018.04.05 10:50:03.431,1.50344,1.50357,1.00,1.50
2018.04.05 10:50:04.147,1.50345,1.50357,1.00,2.81
2018.04.05 10:50:04.200,1.50343,1.50357,1.31,2.81
2018.04.05 10:50:06.512,1.50341,1.50352,1.50,1.44
2018.04.05 10:50:06.824,1.50337,1.50348,1.56,1.19
2018.04.05 10:50:06.928,1.50337,1.50351,1.44,1.44
2018.04.05 10:50:07.036,1.50338,1.50353,1.87,2.25
2018.04.05 10:50:07.838,1.50338,1.50352,1.87,1.19
2018.04.05 10:50:08.536,1.50342,1.50352,1.19,1.19
2018.04.05 10:50:11.898,1.50344,1.50354,1.19,3.37
2018.04.05 10:50:11.949,1.50344,1.50354,1.19,2.44
2018.04.05 10:50:13.114,1.50341,1.50354,1.31,1.56
2018.04.05 10:50:13.165,1.5034,1.50352,1.69,1.56
2018.04.05 10:50:13.654,1.50341,1.50353,1.19,2.44
2018.04.05 10:50:14.547,1.50341,1.50353,1.31,2.25
2018.04.05 10:50:14.651,1.50342,1.50354,1.19,2.62
2018.04.05 10:50:15.641,1.50342,1.50354,1.19,1.19
2018.04.05 10:50:15.746,1.5034,1.50353,1.69,2.06
2018.04.05 10:50:15.798,1.5034,1.50353,1.69,3.37
2018.04.05 10:50:15.976,1.50343,1.50353,1.19,1.69
2018.04.05 10:50:16.285,1.50343,1.50356,1.44,1.69
2018.04.05 10:50:16.597,1.50344,1.50356,1.19,1.87
2018.04.05 10:50:17.480,1.50343,1.50354,1.31,1.31
2018.04.05 10:50:19.593,1.50343,1.50355,1.19,1.25
2018.04.05 10:50:20.091,1.50343,1.50357,1.19,1.31
2018.04.05 10:50:20.644,1.50344,1.50357,1.19,1.31
2018.04.05 10:50:21.626,1.50343,1.50357,1.44,2.44
2018.04.05 10:50:22.164,1.50345,1.50356,1.19,1.62
2018.04.05 10:50:22.323,1.50346,1.50359,1.87,1.00
2018.04.05 10:50:22.529,1.50344,1.50357,1.75,1.00
2018.04.05 10:50:23.345,1.50344,1.50357,1.37,2.25
2018.04.05 10:50:23.500,1.50342,1.50357,2.25,3.00
2018.04.05 10:50:23.707,1.50342,1.50356,1.44,1.00
2018.04.05 10:50:24.149,1.50343,1.50357,1.50,1.50
2018.04.05 10:50:24.454,1.50344,1.50357,1.44,1.31
2018.04.05 10:50:24.611,1.50342,1.50357,2.25,1.31
2018.04.05 10:50:25.020,1.50344,1.50357,1.44,2.06
2018.04.05 10:50:25.396,1.50345,1.50357,1.19,1.31
2018.04.05 10:50:26.478,1.50344,1.50357,1.50,1.19
2018.04.05 10:50:27.406,1.50344,1.50357,1.00,1.19
2018.04.05 10:50:28.061,1.50342,1.50354,1.69,1.00
2018.04.05 10:50:28.394,1.50342,1.50356,1.69,1.25
2018.04.05 10:50:28.703,1.50349,1.50362,1.50,3.00
2018.04.05 10:50:29.779,1.50349,1.50362,1.87,1.12
2018.04.05 10:50:29.933,1.50348,1.50362,1.44,1.12
2018.04.05 10:50:30.057,1.50348,1.50361,1.12,1.37
2018.04.05 10:50:30.363,1.50344,1.50359,2.25,1.87
2018.04.05 10:50:30.466,1.50344,1.50358,1.12,1.19
2018.04.05 10:50:31.030,1.50342,1.50356,1.87,1.50
2018.04.05 10:50:31.371,1.50343,1.50356,1.37,1.87
2018.04.05 10:50:32.320,1.50343,1.50356,1.37,1.00
2018.04.05 10:50:32.863,1.50343,1.50355,1.50,1.00
2018.04.05 10:50:34.218,1.50343,1.50356,1.37,1.50
2018.04.05 10:50:35.080,1.50344,1.50359,1.19,3.75
2018.04.05 10:50:36.818,1.50344,1.50357,1.31,1.00
2018.04.05 10:50:37.347,1.50343,1.50356,1.87,1.12
2018.04.05 10:50:37.890,1.50343,1.50356,2.62,1.12
2018.04.05 10:50:39.233,1.50344,1.50356,2.44,1.19
2018.04.05 10:50:41.730,1.50344,1.50356,1.69,1.19
2018.04.05 10:50:42.381,1.50345,1.50356,1.31,1.19
2018.04.05 10:50:42.911,1.50345,1.50356,1.31,1.25
2018.04.05 10:50:43.230,1.50346,1.50356,1.25,1.25
2018.04.05 10:50:43.536,1.50345,1.50356,1.31,1.25
2018.04.05 10:50:43.677,1.50344,1.50356,1.69,1.25
2018.04.05 10:50:44.719,1.50342,1.50356,1.50,1.25
2018.04.05 10:50:44.925,1.50344,1.50355,1.19,1.31
2018.04.05 10:50:44.978,1.50341,1.50354,2.81,2.06
2018.04.05 10:50:45.030,1.5034,1.50352,1.31,1.31
2018.04.05 10:50:45.897,1.5034,1.50351,1.19,1.50
2018.04.05 10:50:47.108,1.5034,1.50351,1.31,1.87
2018.04.05 10:50:47.656,1.50338,1.50352,2.19,3.00
2018.04.05 10:50:48.517,1.50341,1.50352,1.31,1.69
2018.04.05 10:50:49.386,1.50341,1.5035,1.19,1.12
2018.04.05 10:50:51.006,1.50339,1.5035,1.31,1.87
2018.04.05 10:50:55.070,1.50337,1.50349,1.69,1.12
2018.04.05 10:50:55.583,1.50338,1.50349,1.69,1.87
2018.04.05 10:50:58.892,1.50339,1.5035,1.19,1.12
2018.04.05 10:50:58.944,1.50339,1.5035,1.25,1.87
2018.04.05 10:50:59.098,1.50339,1.5035,1.69,1.87
2018.04.05 10:50:59.151,1.50339,1.5035,1.19,2.44
2018.04.05 10:50:59.411,1.50338,1.50351,1.19,1.87
2018.04.05 10:50:59.918,1.50338,1.50348,1.19,1.00
2018.04.05 10:51:00.198,1.50338,1.50348,1.69,1.00
2018.04.05 10:51:00.464,1.50351,1.50361,1.37,1.00
2018.04.05 10:51:00.517,1.50355,1.50361,1.19,1.00
2018.04.05 10:51:00.569,1.50356,1.50366,1.87,1.00
2018.04.05 10:51:00.621,1.50359,1.50369,2.25,1.00
2018.04.05 10:51:00.674,1.50362,1.50372,1.75,1.00
2018.04.05 10:51:00.867,1.50368,1.50381,1.31,1.69
2018.04.05 10:51:00.938,1.50371,1.50383,1.87,1.00
2018.04.05 10:51:01.096,1.50374,1.50385,1.19,1.37
2018.04.05 10:51:01.148,1.50376,1.50388,1.00,2.19
2018.04.05 10:51:01.717,1.50374,1.50387,1.50,1.62
2018.04.05 10:51:03.244,1.50374,1.50387,1.37,1.00
2018.04.05 10:51:03.347,1.50376,1.50389,1.81,1.25
2018.04.05 10:51:03.662,1.50376,1.50389,1.50,2.06
2018.04.05 10:51:03.846,1.50374,1.50388,1.50,1.25
2018.04.05 10:51:04.375,1.50374,1.50388,1.50,1.62
2018.04.05 10:51:04.926,1.50374,1.50389,1.50,2.62
2018.04.05 10:51:05.036,1.50377,1.50389,1.19,1.56
2018.04.05 10:51:05.399,1.50375,1.5039,1.12,3.19
2018.04.05 10:51:05.451,1.50372,1.50386,1.12,1.75
2018.04.05 10:51:05.504,1.50372,1.50386,1.12,1.12
2018.04.05 10:51:06.031,1.50372,1.50385,1.75,1.00
2018.04.05 10:51:06.549,1.50375,1.50386,1.12,1.50
2018.04.05 10:51:08.070,1.50375,1.50387,1.69,1.12
2018.04.05 10:51:08.223,1.50377,1.50389,1.37,1.50
2018.04.05 10:51:08.326,1.50378,1.5039,2.25,1.12
2018.04.05 10:51:08.684,1.50379,1.50392,2.06,1.87
2018.04.05 10:51:10.352,1.5038,1.50393,1.87,1.50
2018.04.05 10:51:10.890,1.5038,1.50394,2.25,2.06
2018.04.05 10:51:11.158,1.50383,1.50395,1.50,1.87
2018.04.05 10:51:11.368,1.50385,1.50397,1.44,1.87
2018.04.05 10:51:11.576,1.5039,1.504,1.44,1.87
2018.04.05 10:51:11.725,1.50389,1.504,1.50,1.00
2018.04.05 10:51:12.241,1.5039,1.50401,2.06,1.12
2018.04.05 10:51:12.346,1.50393,1.50404,1.75,1.00
2018.04.05 10:51:12.399,1.50394,1.50407,1.87,1.00
2018.04.05 10:51:12.452,1.50398,1.5041,2.00,1.00
2018.04.05 10:51:12.847,1.50401,1.50412,1.75,1.00
2018.04.05 10:51:13.318,1.504,1.50411,1.19,1.00
2018.04.05 10:51:13.847,1.50396,1.50407,1.37,1.00
2018.04.05 10:51:14.358,1.50395,1.50406,1.44,1.50
2018.04.05 10:51:14.929,1.50393,1.50407,1.87,1.69
2018.04.05 10:51:15.033,1.50394,1.50406,1.37,1.50
2018.04.05 10:51:16.280,1.50394,1.50406,1.44,1.50
2018.04.05 10:51:16.588,1.50396,1.50408,1.19,1.50
2018.04.05 10:51:17.130,1.50397,1.50411,2.25,2.44
2018.04.05 10:51:17.233,1.50397,1.5041,2.81,1.00
2018.04.05 10:51:18.461,1.50398,1.5041,1.50,1.00
2018.04.05 10:51:19.288,1.50398,1.5041,1.50,1.00
2018.04.05 10:51:19.808,1.50398,1.50412,1.37,2.62
2018.04.05 10:51:20.169,1.50394,1.50408,1.75,1.87
2018.04.05 10:51:20.272,1.50393,1.50406,1.37,1.00
2018.04.05 10:51:20.790,1.50393,1.50407,1.87,2.62
2018.04.05 10:51:21.004,1.50395,1.50408,1.19,2.81
2018.04.05 10:51:21.255,1.50397,1.5041,1.44,5.06
2018.04.05 10:51:21.771,1.50395,1.5041,2.62,1.69
2018.04.05 10:51:22.466,1.50395,1.5041,2.62,1.69
2018.04.05 10:51:23.550,1.50398,1.50411,1.19,2.81
2018.04.05 10:51:23.603,1.50399,1.50411,1.44,1.12
2018.04.05 10:51:23.656,1.50405,1.50416,1.44,1.12
2018.04.05 10:51:23.709,1.50406,1.50419,1.75,1.00
2018.04.05 10:51:23.761,1.50406,1.50422,2.25,1.69
2018.04.05 10:51:24.517,1.50407,1.50422,1.50,2.25
2018.04.05 10:51:24.828,1.50408,1.50422,1.87,1.87
2018.04.05 10:51:25.363,1.5041,1.50421,1.19,1.00
2018.04.05 10:51:25.500,1.50413,1.50426,1.37,1.69
2018.04.05 10:51:25.812,1.50411,1.50423,1.44,1.00
2018.04.05 10:51:26.122,1.5041,1.50423,1.50,1.12
2018.04.05 10:51:26.433,1.50411,1.50423,1.44,1.37
2018.04.05 10:51:26.640,1.5041,1.50423,1.50,1.37
2018.04.05 10:51:26.815,1.50411,1.50423,1.12,1.12
2018.04.05 10:51:26.868,1.50412,1.50425,1.19,2.00
2018.04.05 10:51:26.922,1.50411,1.50425,1.50,1.50
2018.04.05 10:51:27.027,1.5041,1.50424,1.50,2.06
2018.04.05 10:51:29.885,1.50408,1.50423,2.81,2.25
2018.04.05 10:51:30.194,1.50404,1.50419,1.37,2.63
2018.04.05 10:51:30.446,1.50401,1.50416,2.25,1.25
2018.04.05 10:51:30.908,1.50403,1.50416,1.19,1.25
2018.04.05 10:51:31.275,1.50401,1.50416,2.62,1.19
2018.04.05 10:51:31.717,1.50399,1.50415,1.37,1.75
2018.04.05 10:51:32.026,1.504,1.50411,1.44,1.00
2018.04.05 10:51:32.507,1.50399,1.50413,1.37,1.69
2018.04.05 10:51:33.052,1.50401,1.50413,1.50,1.00
2018.04.05 10:51:33.104,1.50402,1.50416,1.44,1.31
2018.04.05 10:51:33.208,1.50404,1.50416,1.44,1.25
2018.04.05 10:51:33.312,1.50405,1.50418,1.37,2.00
2018.04.05 10:51:33.415,1.50405,1.5042,2.06,1.87
2018.04.05 10:51:34.544,1.50407,1.5042,1.37,1.62
2018.04.05 10:51:35.463,1.50407,1.50419,1.50,1.00
2018.04.05 10:51:36.007,1.50407,1.5042,1.50,1.12
2018.04.05 10:51:36.223,1.50406,1.5042,2.06,1.00
2018.04.05 10:51:36.741,1.50406,1.50421,2.06,2.81
2018.04.05 10:51:38.531,1.50405,1.50419,1.75,1.62
2018.04.05 10:51:39.952,1.50405,1.50419,1.56,1.94
2018.04.05 10:51:40.056,1.50403,1.50418,1.87,2.25
2018.04.05 10:51:42.209,1.50402,1.50418,1.87,5.63
2018.04.05 10:51:42.786,1.50403,1.50417,1.56,1.69
2018.04.05 10:51:43.559,1.50404,1.50417,1.44,1.31
2018.04.05 10:51:45.359,1.50404,1.50417,1.50,1.37
2018.04.05 10:51:45.898,1.50403,1.50417,1.87,1.87
2018.04.05 10:51:46.443,1.50404,1.50417,1.44,1.12
2018.04.05 10:51:46.951,1.50404,1.50418,1.50,3.19
2018.04.05 10:51:47.985,1.50405,1.50419,2.06,2.06
2018.04.05 10:51:48.507,1.50405,1.5042,1.56,2.19
2018.04.05 10:51:51.554,1.50406,1.5042,1.00,1.94
2018.04.05 10:51:52.071,1.50405,1.50419,1.81,2.06
2018.04.05 10:51:52.589,1.50404,1.50419,3.75,2.06
2018.04.05 10:51:54.238,1.50405,1.50419,1.37,1.69
2018.04.05 10:51:54.754,1.50404,1.50418,1.44,1.31
2018.04.05 10:51:55.331,1.50404,1.50418,1.25,1.50
2018.04.05 10:51:55.383,1.50402,1.50417,3.00,1.38
2018.04.05 10:51:55.759,1.50403,1.50419,1.12,6.19
2018.04.05 10:51:55.811,1.50404,1.50418,1.31,1.12
2018.04.05 10:51:56.224,1.50406,1.50419,1.81,1.37
2018.04.05 10:51:56.806,1.50405,1.50418,1.37,1.31
2018.04.05 10:51:57.358,1.50404,1.50417,1.75,1.00
2018.04.05 10:51:58.108,1.50406,1.50419,1.19,1.56
2018.04.05 10:51:58.619,1.50407,1.50418,1.44,1.25
2018.04.05 10:51:59.137,1.50406,1.50418,1.37,1.25
2018.04.05 10:52:01.934,1.50407,1.50421,1.44,3.94
2018.04.05 10:52:03.140,1.50409,1.50421,1.19,1.56
2018.04.05 10:52:03.385,1.50409,1.50421,1.19,1.37
2018.04.05 10:52:03.903,1.50409,1.50424,1.37,1.69
2018.04.05 10:52:03.955,1.50415,1.50426,1.19,2.81
2018.04.05 10:52:04.008,1.50412,1.50427,2.25,1.44
2018.04.05 10:52:04.165,1.50411,1.50425,3.00,2.25
2018.04.05 10:52:04.710,1.5041,1.50424,1.37,1.75
2018.04.05 10:52:05.305,1.5041,1.50423,1.37,1.31
2018.04.05 10:52:05.753,1.50409,1.50423,1.50,3.00
2018.04.05 10:52:07.210,1.5041,1.50423,1.44,1.00
2018.04.05 10:52:07.777,1.50411,1.50425,1.19,1.56
2018.04.05 10:52:08.327,1.50412,1.50425,1.44,1.25
2018.04.05 10:52:09.176,1.50412,1.50426,1.44,1.19
2018.04.05 10:52:11.335,1.5041,1.50424,1.69,1.62
2018.04.05 10:52:11.885,1.5041,1.50423,1.69,1.00
2018.04.05 10:52:12.879,1.50411,1.50423,1.44,1.00
2018.04.05 10:52:13.443,1.50411,1.50424,1.44,1.00
2018.04.05 10:52:14.100,1.50411,1.50424,1.50,1.00
2018.04.05 10:52:14.605,1.50411,1.50424,1.31,1.31
2018.04.05 10:52:14.913,1.50409,1.50424,2.81,4.31
2018.04.05 10:52:15.230,1.50409,1.50422,1.44,1.12
2018.04.05 10:52:15.745,1.50409,1.50423,1.87,1.37
2018.04.05 10:52:16.137,1.5041,1.50425,1.31,1.87
2018.04.05 10:52:16.444,1.50413,1.50427,1.87,1.37
2018.04.05 10:52:16.953,1.50417,1.50429,1.25,1.19
2018.04.05 10:52:17.069,1.50417,1.50429,1.25,1.25
2018.04.05 10:52:17.120,1.50417,1.5043,1.12,1.81
2018.04.05 10:52:17.223,1.50416,1.50431,3.37,1.50
2018.04.05 10:52:17.275,1.50416,1.50431,4.31,1.19
2018.04.05 10:52:17.327,1.50416,1.50431,2.25,1.37
2018.04.05 10:52:17.481,1.50415,1.5043,1.12,1.81
2018.04.05 10:52:17.992,1.50415,1.50431,2.62,1.75
2018.04.05 10:52:18.550,1.50417,1.50431,1.19,1.75
2018.04.05 10:52:18.603,1.50418,1.50432,1.19,1.44
2018.04.05 10:52:19.119,1.5042,1.50432,1.25,1.44
2018.04.05 10:52:19.655,1.50421,1.50434,1.00,3.37
2018.04.05 10:52:19.707,1.50421,1.50435,1.00,1.50
2018.04.05 10:52:19.759,1.50424,1.50436,1.00,1.50
2018.04.05 10:52:19.897,1.50423,1.50437,1.31,1.81
2018.04.05 10:52:21.047,1.50423,1.50437,1.87,1.12
2018.04.05 10:52:22.857,1.50424,1.50437,1.31,1.44
2018.04.05 10:52:24.316,1.50423,1.50437,1.75,1.44
2018.04.05 10:52:24.624,1.50425,1.50439,1.75,1.75
2018.04.05 10:52:24.937,1.50427,1.5044,1.50,1.94
2018.04.05 10:52:25.448,1.50426,1.50438,3.00,1.00
2018.04.05 10:52:26.381,1.50427,1.50439,1.19,1.12
2018.04.05 10:52:27.096,1.50427,1.50439,1.31,1.19
2018.04.05 10:52:27.611,1.50426,1.50439,2.25,1.25
2018.04.05 10:52:27.922,1.50429,1.50444,1.50,3.75
2018.04.05 10:52:28.078,1.50429,1.50444,1.87,1.88
2018.04.05 10:52:28.748,1.50429,1.50444,2.25,2.06
2018.04.05 10:52:28.800,1.50429,1.50444,2.62,1.31
2018.04.05 10:52:29.226,1.5043,1.50445,2.62,1.94
2018.04.05 10:52:29.743,1.5043,1.50445,1.87,1.63
2018.04.05 10:52:30.464,1.50432,1.50446,2.25,1.94
2018.04.05 10:52:31.533,1.50431,1.50446,3.00,2.25
2018.04.05 10:52:31.799,1.5043,1.50444,1.50,4.69
2018.04.05 10:52:32.160,1.50431,1.50443,1.31,1.00
2018.04.05 10:52:32.781,1.50431,1.50444,2.06,2.62
2018.04.05 10:52:32.987,1.5043,1.50444,1.12,2.06
2018.04.05 10:52:34.534,1.50428,1.50444,4.69,2.63
2018.04.05 10:52:34.798,1.50428,1.50443,3.19,1.19
2018.04.05 10:52:35.106,1.5043,1.50443,1.37,1.62
2018.04.05 10:52:35.631,1.5043,1.50443,2.62,1.25
2018.04.05 10:52:36.035,1.5043,1.50443,1.19,1.12
2018.04.05 10:52:36.569,1.50428,1.50442,3.19,1.00
2018.04.05 10:52:36.623,1.50428,1.50441,3.19,1.38
2018.04.05 10:52:37.142,1.50429,1.50441,1.12,1.56
2018.04.05 10:52:37.664,1.50427,1.50441,1.50,3.19
2018.04.05 10:52:38.845,1.50427,1.50441,1.00,3.37
2018.04.05 10:52:39.540,1.50425,1.5044,3.75,1.12
2018.04.05 10:52:39.592,1.50426,1.50441,1.50,2.19
2018.04.05 10:52:42.453,1.50426,1.50438,1.50,1.00
2018.04.05 10:52:42.882,1.50425,1.50438,2.25,1.00
2018.04.05 10:52:44.462,1.50425,1.5044,2.25,2.62
2018.04.05 10:52:44.894,1.50424,1.50438,1.12,1.19
2018.04.05 10:52:45.395,1.50423,1.50438,2.62,4.31
2018.04.05 10:52:45.899,1.50423,1.50437,1.87,1.62
2018.04.05 10:52:47.135,1.50423,1.50437,1.50,1.31
2018.04.05 10:52:47.669,1.50423,1.50437,1.44,1.31
2018.04.05 10:52:48.704,1.50423,1.50437,1.50,1.62
2018.04.05 10:52:52.275,1.50422,1.50435,1.44,1.56
2018.04.05 10:52:52.621,1.50423,1.50436,1.44,1.56
2018.04.05 10:52:53.239,1.50422,1.50436,2.25,1.56
2018.04.05 10:52:53.550,1.50416,1.50428,1.19,2.06
2018.04.05 10:52:55.978,1.50415,1.50428,1.44,1.31
2018.04.05 10:52:56.491,1.50415,1.50428,1.44,1.62
2018.04.05 10:52:57.269,1.50412,1.50423,1.19,1.69
2018.04.05 10:52:57.598,1.50395,1.50409,2.25,2.25
2018.04.05 10:52:58.124,1.50395,1.50407,1.12,1.12
2018.04.05 10:52:58.653,1.50393,1.50405,1.19,1.25
2018.04.05 10:53:00.093,1.50393,1.50407,1.69,1.75
2018.04.05 10:53:00.595,1.50394,1.50408,1.69,1.12
2018.04.05 10:53:00.647,1.50398,1.50412,1.37,1.31
2018.04.05 10:53:01.826,1.50399,1.50414,1.87,1.12
2018.04.05 10:53:02.238,1.50399,1.50415,1.87,3.38
2018.04.05 10:53:02.768,1.50398,1.50413,1.87,1.81
2018.04.05 10:53:03.109,1.50398,1.50413,1.87,1.12
2018.04.05 10:53:03.162,1.50401,1.50414,1.19,3.56
2018.04.05 10:53:03.358,1.50404,1.50417,1.00,4.31
2018.04.05 10:53:03.515,1.50401,1.50413,1.00,2.44
2018.04.05 10:53:04.025,1.50399,1.50411,2.25,1.00
2018.04.05 10:53:04.878,1.50399,1.50411,1.75,1.00
2018.04.05 10:53:05.470,1.50399,1.50411,2.25,1.00
2018.04.05 10:53:06.012,1.50399,1.50411,1.75,1.00
2018.04.05 10:53:06.906,1.50399,1.50411,3.00,1.00
2018.04.05 10:53:07.441,1.504,1.50411,1.44,1.00
2018.04.05 10:53:07.869,1.50401,1.50415,1.12,2.25
2018.04.05 10:53:08.391,1.504,1.50414,3.37,1.81
2018.04.05 10:53:08.807,1.504,1.50414,2.25,1.87
2018.04.05 10:53:08.859,1.50401,1.50414,1.44,1.87
2018.04.05 10:53:09.090,1.504,1.50414,2.25,1.81
2018.04.05 10:53:09.551,1.50402,1.50414,1.69,1.56
2018.04.05 10:53:10.112,1.50401,1.50413,1.50,1.25
2018.04.05 10:53:10.628,1.504,1.50414,1.50,1.56
2018.04.05 10:53:11.399,1.504,1.50414,1.87,2.25
2018.04.05 10:53:11.909,1.50399,1.50414,1.87,2.25
2018.04.05 10:53:12.521,1.50401,1.50414,1.00,2.06
2018.04.05 10:53:12.753,1.50397,1.50411,2.62,1.31
2018.04.05 10:53:13.267,1.50396,1.50411,1.50,1.69
2018.04.05 10:53:13.522,1.50395,1.5041,1.75,2.81
2018.04.05 10:53:13.830,1.50394,1.50409,1.37,2.00
2018.04.05 10:53:14.626,1.50392,1.50405,1.69,1.56
2018.04.05 10:53:14.885,1.50392,1.50406,3.37,1.12
2018.04.05 10:53:15.872,1.50394,1.50408,1.44,1.87
2018.04.05 10:53:19.256,1.50392,1.50406,1.87,1.69
2018.04.05 10:53:19.362,1.50392,1.50404,1.00,1.12
2018.04.05 10:53:19.621,1.5039,1.50405,1.50,1.75
2018.04.05 10:53:20.137,1.5039,1.50405,1.50,1.75
2018.04.05 10:53:20.446,1.50389,1.50403,1.19,1.87
2018.04.05 10:53:20.602,1.50386,1.50399,1.12,1.50
2018.04.05 10:53:20.654,1.50385,1.50399,2.44,1.50
2018.04.05 10:53:21.892,1.50384,1.50399,3.00,1.87
2018.04.05 10:53:22.204,1.50385,1.504,1.50,2.25
2018.04.05 10:53:22.585,1.50387,1.50399,1.12,1.00
2018.04.05 10:53:23.097,1.50387,1.50401,1.12,1.56
2018.04.05 10:53:23.590,1.50387,1.504,1.12,1.25
2018.04.05 10:53:23.916,1.50387,1.504,1.12,1.19
2018.04.05 10:53:24.021,1.50387,1.50401,1.12,1.12
2018.04.05 10:53:24.586,1.50387,1.50402,1.12,1.37
2018.04.05 10:53:25.132,1.50388,1.50403,1.56,1.50
2018.04.05 10:53:25.696,1.50389,1.50403,1.44,1.56
2018.04.05 10:53:26.205,1.50389,1.50403,1.87,1.62
2018.04.05 10:53:26.725,1.50389,1.50403,1.50,1.87
2018.04.05 10:53:27.240,1.5039,1.50404,1.50,1.12
2018.04.05 10:53:27.791,1.50391,1.50404,1.37,1.62
2018.04.05 10:53:27.843,1.50391,1.50405,3.56,1.12
2018.04.05 10:53:29.011,1.50392,1.50406,2.81,1.50
2018.04.05 10:53:29.550,1.50394,1.50408,1.37,2.25
2018.04.05 10:53:31.674,1.50394,1.50407,2.25,1.00
2018.04.05 10:53:32.597,1.50394,1.50408,1.50,2.00
2018.04.05 10:53:32.854,1.50393,1.50407,1.75,1.00
2018.04.05 10:53:33.671,1.50393,1.50408,1.75,1.75
2018.04.05 10:53:34.193,1.50393,1.50408,1.50,2.00
2018.04.05 10:53:35.476,1.50393,1.50407,1.50,3.37
2018.04.05 10:53:38.157,1.50393,1.50407,2.25,1.81
2018.04.05 10:53:38.658,1.50398,1.50407,1.00,1.00
2018.04.05 10:53:38.709,1.50396,1.50407,1.00,1.00
2018.04.05 10:53:38.760,1.50398,1.50408,1.00,1.50
2018.04.05 10:53:39.294,1.50397,1.50408,1.00,1.50
2018.04.05 10:53:39.826,1.50394,1.50408,2.62,1.44
2018.04.05 10:53:40.145,1.50395,1.50408,1.50,2.25
2018.04.05 10:53:40.514,1.50396,1.50409,1.12,1.81
2018.04.05 10:53:40.567,1.50399,1.50408,1.00,1.19
2018.04.05 10:53:40.776,1.50395,1.50409,1.25,2.25
2018.04.05 10:53:40.880,1.50394,1.50405,1.31,1.19
2018.04.05 10:53:41.382,1.50394,1.50405,1.25,1.69
2018.04.05 10:53:41.486,1.50394,1.50406,1.25,3.00
2018.04.05 10:53:41.539,1.50394,1.50405,1.25,1.69
2018.04.05 10:53:42.055,1.50394,1.50406,1.25,1.69
2018.04.05 10:53:43.536,1.50394,1.50408,1.25,2.62
2018.04.05 10:53:43.590,1.50394,1.50408,1.87,1.31
2018.04.05 10:53:44.018,1.50395,1.50409,1.00,3.37
2018.04.05 10:53:44.587,1.50394,1.50408,1.87,1.50
2018.04.05 10:53:44.796,1.50394,1.50408,2.62,1.87
2018.04.05 10:53:46.210,1.50394,1.50405,1.00,1.69
2018.04.05 10:53:47.766,1.50392,1.50403,1.25,1.31
2018.04.05 10:53:50.372,1.50392,1.50404,1.50,1.87
2018.04.05 10:53:50.529,1.50392,1.50404,1.00,1.87
2018.04.05 10:53:50.686,1.50386,1.50396,1.00,1.37
2018.04.05 10:53:50.738,1.50384,1.50397,1.25,1.56
2018.04.05 10:53:51.255,1.50384,1.50394,1.00,1.87
2018.04.05 10:53:51.453,1.50384,1.50398,1.44,1.56
2018.04.05 10:53:51.506,1.50386,1.50397,1.69,1.19
2018.04.05 10:53:51.558,1.50386,1.50402,1.50,4.12
2018.04.05 10:53:51.816,1.50386,1.50399,2.44,1.19
2018.04.05 10:53:51.868,1.50388,1.50402,1.25,3.00
2018.04.05 10:53:52.023,1.5039,1.50402,1.25,1.37
2018.04.05 10:53:52.130,1.5039,1.50405,2.25,2.25
2018.04.05 10:53:52.334,1.50393,1.50408,1.87,1.62
2018.04.05 10:53:53.110,1.50393,1.50408,1.50,1.31
2018.04.05 10:53:53.420,1.50396,1.50411,1.87,2.62
2018.04.05 10:53:54.068,1.50397,1.50412,1.50,2.25
2018.04.05 10:53:54.175,1.50399,1.50414,1.75,1.87
2018.04.05 10:53:54.723,1.50402,1.50415,1.25,1.81
2018.04.05 10:53:55.658,1.50402,1.50415,1.31,1.00
2018.04.05 10:53:56.320,1.50401,1.50415,1.81,1.37
2018.04.05 10:53:56.634,1.50406,1.50416,1.00,1.12
2018.04.05 10:53:56.687,1.50406,1.50421,2.62,2.25
2018.04.05 10:53:56.738,1.50413,1.50424,1.50,2.81
2018.04.05 10:53:56.841,1.50412,1.50424,1.50,1.25
2018.04.05 10:53:57.353,1.50409,1.50424,1.50,1.25
2018.04.05 10:53:57.889,1.5041,1.50425,1.75,3.37
2018.04.05 10:53:57.994,1.50411,1.50426,1.87,1.12
2018.04.05 10:53:58.253,1.50413,1.50426,1.50,1.37
2018.04.05 10:53:58.306,1.50415,1.5043,1.50,1.12
2018.04.05 10:53:58.410,1.50416,1.50431,1.12,2.25
2018.04.05 10:53:59.053,1.50416,1.50431,1.50,1.44
2018.04.05 10:53:59.104,1.50417,1.50432,1.31,1.50
2018.04.05 10:53:59.310,1.5042,1.50436,4.31,2.44
2018.04.05 10:53:59.412,1.50423,1.50436,1.12,2.06
2018.04.05 10:53:59.464,1.50427,1.50439,1.25,1.12
2018.04.05 10:53:59.516,1.50427,1.5044,1.87,1.25
2018.04.05 10:53:59.568,1.50428,1.50443,2.06,1.12
2018.04.05 10:53:59.620,1.5043,1.50445,1.12,1.12
2018.04.05 10:53:59.940,1.50432,1.50448,1.12,2.62
2018.04.05 10:54:00.301,1.50434,1.50448,2.06,1.25
2018.04.05 10:54:00.825,1.50438,1.5045,1.25,1.87
2018.04.05 10:54:01.182,1.50437,1.50452,2.44,1.56
2018.04.05 10:54:01.234,1.50436,1.50451,3.56,1.19
2018.04.05 10:54:02.287,1.50436,1.50453,3.19,3.37
2018.04.05 10:54:02.829,1.50437,1.50453,1.50,4.31
2018.04.05 10:54:03.364,1.50437,1.50452,1.50,1.12
2018.04.05 10:54:04.590,1.50437,1.50452,2.06,1.69
2018.04.05 10:54:05.508,1.50437,1.50452,1.81,1.50
2018.04.05 10:54:07.099,1.50436,1.50451,2.44,1.75
2018.04.05 10:54:08.766,1.50437,1.50451,1.44,3.00
2018.04.05 10:54:09.080,1.50433,1.50446,1.56,1.12
2018.04.05 10:54:09.393,1.50433,1.50445,1.12,1.19
2018.04.05 10:54:10.054,1.50431,1.50446,1.87,2.44
2018.04.05 10:54:11.235,1.50433,1.50446,1.87,1.69
2018.04.05 10:54:12.439,1.50433,1.50446,1.87,1.19
2018.04.05 10:54:13.520,1.50434,1.50447,1.12,1.56
2018.04.05 10:54:14.739,1.50433,1.50447,1.12,2.44
2018.04.05 10:54:15.358,1.50431,1.50446,2.25,1.88
2018.04.05 10:54:15.617,1.5043,1.50445,1.31,2.62
2018.04.05 10:54:16.133,1.50429,1.50441,1.56,1.25
2018.04.05 10:54:16.663,1.50426,1.50441,2.00,1.31
2018.04.05 10:54:17.177,1.50426,1.5044,1.87,1.12
2018.04.05 10:54:17.279,1.50428,1.50439,2.00,1.00
2018.04.05 10:54:17.330,1.50428,1.50441,2.00,1.00
2018.04.05 10:54:17.382,1.50428,1.50438,2.00,1.00
2018.04.05 10:54:17.590,1.50428,1.50441,2.00,1.00
2018.04.05 10:54:17.747,1.50429,1.50444,1.12,1.00
2018.04.05 10:54:17.798,1.5043,1.50444,1.50,1.44
2018.04.05 10:54:18.114,1.50431,1.50444,1.12,1.19
2018.04.05 10:54:19.203,1.5043,1.50444,2.25,1.31
2018.04.05 10:54:22.168,1.5043,1.50445,1.50,2.06
2018.04.05 10:54:23.238,1.5043,1.50445,3.56,2.06
2018.04.05 10:54:23.783,1.50432,1.50447,1.31,2.44
2018.04.05 10:54:24.563,1.50431,1.50447,2.81,2.63
2018.04.05 10:54:25.078,1.50432,1.50448,1.69,2.63
2018.04.05 10:54:25.666,1.50433,1.50448,1.12,1.12
2018.04.05 10:54:26.284,1.50434,1.50449,1.56,4.13
2018.04.05 10:54:26.705,1.50436,1.5045,1.56,2.25
2018.04.05 10:54:27.236,1.50435,1.5045,1.31,3.00
2018.04.05 10:54:28.243,1.50436,1.50449,2.06,1.50
2018.04.05 10:54:28.877,1.50437,1.50451,1.50,1.81
2018.04.05 10:54:29.411,1.50437,1.50451,1.87,1.00
2018.04.05 10:54:30.933,1.50438,1.50452,1.50,1.00
2018.04.05 10:54:31.818,1.50439,1.50453,1.37,2.06
2018.04.05 10:54:32.349,1.50439,1.50453,1.87,1.88
2018.04.05 10:54:32.401,1.50439,1.50453,1.87,1.88
2018.04.05 10:54:33.229,1.50438,1.50453,1.50,2.19
2018.04.05 10:54:33.745,1.50438,1.50453,3.00,1.87
2018.04.05 10:54:34.276,1.50439,1.50453,2.25,2.63
2018.04.05 10:54:34.786,1.50439,1.50453,2.25,2.63
2018.04.05 10:54:35.096,1.50439,1.50451,1.00,1.31
2018.04.05 10:54:35.611,1.50438,1.50451,1.00,1.12
2018.04.05 10:54:36.143,1.50435,1.50449,2.62,1.62
2018.04.05 10:54:36.659,1.50435,1.50449,2.06,1.31
2018.04.05 10:54:38.402,1.50434,1.50449,2.25,1.50
2018.04.05 10:54:38.713,1.50433,1.50447,1.87,1.69
2018.04.05 10:54:39.231,1.50432,1.50445,1.50,1.12
2018.04.05 10:54:39.747,1.50432,1.50445,1.50,1.63
2018.04.05 10:54:41.165,1.50431,1.50444,2.00,1.00
2018.04.05 10:54:41.680,1.5043,1.50445,3.00,1.12
2018.04.05 10:54:42.183,1.5043,1.50445,2.62,1.37
2018.04.05 10:54:42.709,1.50431,1.50446,2.06,1.69
2018.04.05 10:54:44.150,1.50433,1.50445,1.37,1.00
2018.04.05 10:54:44.675,1.50433,1.50446,1.44,1.00
2018.04.05 10:54:44.832,1.50432,1.50446,1.50,1.00
2018.04.05 10:54:44.884,1.50432,1.50446,1.50,1.00
2018.04.05 10:54:45.423,1.50432,1.50446,1.44,1.87
2018.04.05 10:54:45.734,1.5043,1.50445,4.31,1.44
2018.04.05 10:54:47.052,1.50432,1.50445,1.50,1.00
2018.04.05 10:54:47.468,1.50433,1.50447,1.87,1.69
2018.04.05 10:54:51.587,1.50433,1.50447,1.75,1.31
2018.04.05 10:54:51.794,1.50432,1.50446,2.25,1.62
2018.04.05 10:54:52.336,1.50432,1.50446,2.25,1.69
2018.04.05 10:54:52.655,1.50434,1.50447,1.19,1.31
2018.04.05 10:54:52.707,1.50433,1.50447,1.75,1.87
2018.04.05 10:54:53.211,1.50432,1.50447,1.75,1.56
2018.04.05 10:54:53.315,1.50432,1.50443,1.00,1.69
2018.04.05 10:54:53.627,1.50428,1.50442,1.50,2.00
2018.04.05 10:54:54.089,1.50429,1.50442,1.37,2.25
2018.04.05 10:54:54.398,1.50427,1.5044,2.06,1.00
2018.04.05 10:54:54.451,1.50429,1.50441,1.37,1.37
2018.04.05 10:54:54.556,1.5043,1.50444,1.50,1.69
2018.04.05 10:54:54.760,1.50431,1.50445,1.31,1.87
2018.04.05 10:54:54.813,1.50431,1.50445,1.31,1.50
2018.04.05 10:54:55.332,1.50431,1.50445,1.87,1.50
2018.04.05 10:54:56.132,1.50432,1.50447,1.69,2.81
2018.04.05 10:54:56.494,1.50434,1.50447,1.31,1.31
2018.04.05 10:54:56.547,1.50433,1.50446,1.19,1.31
2018.04.05 10:54:57.071,1.50432,1.50446,1.44,1.50
2018.04.05 10:54:58.330,1.50431,1.50446,2.25,1.69
2018.04.05 10:54:59.608,1.50431,1.50445,1.37,1.69
2018.04.05 10:54:59.660,1.5043,1.50444,1.50,1.31
2018.04.05 10:55:00.191,1.5043,1.50443,1.44,1.19
2018.04.05 10:55:00.926,1.5043,1.50441,1.00,1.31
2018.04.05 10:55:01.199,1.50428,1.50441,1.25,1.50
2018.04.05 10:55:01.509,1.50428,1.50442,1.50,1.50
2018.04.05 10:55:02.116,1.50428,1.50443,1.50,4.31
2018.04.05 10:55:02.432,1.50429,1.50443,1.44,2.06
2018.04.05 10:55:02.971,1.50429,1.50443,1.19,1.69
2018.04.05 10:55:03.767,1.50428,1.50442,1.87,1.00
2018.04.05 10:55:04.341,1.5043,1.50443,1.19,2.44
2018.04.05 10:55:04.495,1.50428,1.50443,1.87,2.44
2018.04.05 10:55:05.338,1.50428,1.50442,1.44,1.62
2018.04.05 10:55:05.494,1.50428,1.5044,1.19,1.56
2018.04.05 10:55:06.009,1.50426,1.5044,1.19,1.12
2018.04.05 10:55:08.451,1.50425,1.50438,2.25,1.00
2018.04.05 10:55:09.201,1.50426,1.50438,1.87,1.00
2018.04.05 10:55:09.721,1.50429,1.5044,1.44,1.37
2018.04.05 10:55:10.250,1.50427,1.5044,2.25,1.00
2018.04.05 10:55:10.765,1.50429,1.50441,1.50,1.00
2018.04.05 10:55:11.278,1.5043,1.50442,1.50,1.00
2018.04.05 10:55:11.382,1.50429,1.50442,1.75,1.00
2018.04.05 10:55:11.486,1.5043,1.50442,2.25,1.50
2018.04.05 10:55:12.157,1.5043,1.50443,2.25,1.12
2018.04.05 10:55:12.466,1.50433,1.50438,1.25,1.00
2018.04.05 10:55:12.776,1.50433,1.50439,1.19,1.00
2018.04.05 10:55:13.298,1.50433,1.5044,1.19,1.00
2018.04.05 10:55:13.657,1.50433,1.50438,1.19,1.00
2018.04.05 10:55:14.434,1.50433,1.50439,1.31,1.00
2018.04.05 10:55:14.946,1.50432,1.5044,2.81,1.00
2018.04.05 10:55:15.153,1.50434,1.50443,2.06,1.00
2018.04.05 10:55:15.308,1.50436,1.50443,1.50,1.00
2018.04.05 10:55:15.359,1.50434,1.50442,2.81,1.00
2018.04.05 10:55:16.409,1.50433,1.50442,2.44,1.00
2018.04.05 10:55:16.926,1.50433,1.50443,2.00,1.00
2018.04.05 10:55:17.706,1.50433,1.50442,2.00,1.00
2018.04.05 10:55:18.230,1.50433,1.50442,2.81,1.00
2018.04.05 10:55:18.439,1.50439,1.50449,1.19,2.25
2018.04.05 10:55:18.544,1.50446,1.50451,1.00,1.00
2018.04.05 10:55:18.597,1.5045,1.50459,1.75,2.25
2018.04.05 10:55:18.650,1.50452,1.50462,1.81,1.00
2018.04.05 10:55:18.811,1.50454,1.50461,1.31,1.00
2018.04.05 10:55:18.863,1.50454,1.50463,2.06,1.00
2018.04.05 10:55:19.020,1.50451,1.5046,1.31,1.75
2018.04.05 10:55:19.073,1.50445,1.50457,1.50,1.37
2018.04.05 10:55:19.591,1.50444,1.50455,1.75,2.25
2018.04.05 10:55:20.142,1.50442,1.50455,2.81,2.25
2018.04.05 10:55:20.296,1.50443,1.50454,1.12,1.12
2018.04.05 10:55:20.400,1.50439,1.50451,1.25,2.81
2018.04.05 10:55:20.711,1.50437,1.50447,1.25,1.50
2018.04.05 10:55:21.069,1.50434,1.50447,1.12,1.69
2018.04.05 10:55:21.259,1.50433,1.50443,1.44,1.50
2018.04.05 10:55:21.779,1.50433,1.50444,1.12,3.00
2018.04.05 10:55:22.089,1.50435,1.50445,1.25,4.12
2018.04.05 10:55:22.631,1.50436,1.50445,1.25,2.62
2018.04.05 10:55:23.052,1.50434,1.50445,1.12,1.69
2018.04.05 10:55:23.104,1.50434,1.50445,1.25,3.94
2018.04.05 10:55:23.415,1.50439,1.50448,1.25,1.25
2018.04.05 10:55:23.945,1.50438,1.50449,1.25,1.25
2018.04.05 10:55:24.473,1.50437,1.50449,1.50,1.69
2018.04.05 10:55:24.576,1.50437,1.50449,1.12,1.69
2018.04.05 10:55:25.126,1.50436,1.50449,1.44,2.44
2018.04.05 10:55:25.673,1.50438,1.50449,1.25,2.44
2018.04.05 10:55:26.984,1.50441,1.50451,1.81,1.00
2018.04.05 10:55:27.192,1.50457,1.50467,1.25,1.12
2018.04.05 10:55:27.349,1.50452,1.50463,1.87,1.12
2018.04.05 10:55:27.664,1.50456,1.50467,1.25,1.50
2018.04.05 10:55:28.001,1.5046,1.5047,1.12,1.00
2018.04.05 10:55:28.259,1.5046,1.50472,1.12,2.62
2018.04.05 10:55:29.098,1.5046,1.50472,1.12,2.62
2018.04.05 10:55:29.463,1.50462,1.50474,1.25,2.44
2018.04.05 10:55:29.519,1.50463,1.50474,1.25,1.50
2018.04.05 10:55:29.571,1.50465,1.50475,1.12,1.87
2018.04.05 10:55:30.090,1.50466,1.50476,1.25,1.50
2018.04.05 10:55:30.623,1.50466,1.50477,1.12,1.09
2018.04.05 10:55:31.132,1.50466,1.50477,1.12,1.46
2018.04.05 10:55:31.692,1.50463,1.50477,2.00,1.62
2018.04.05 10:55:32.569,1.50463,1.50477,2.81,2.06
2018.04.05 10:55:33.086,1.50464,1.50478,1.56,1.50
2018.04.05 10:55:33.725,1.50463,1.50478,1.56,3.19
2018.04.05 10:55:34.036,1.50456,1.50471,1.69,2.06
2018.04.05 10:55:34.974,1.50455,1.50471,1.87,1.75
2018.04.05 10:55:35.525,1.50456,1.5047,1.31,2.81
2018.04.05 10:55:35.737,1.50454,1.50468,2.25,1.00
2018.04.05 10:55:35.971,1.50454,1.50468,1.12,1.37
2018.04.05 10:55:36.488,1.50454,1.50467,1.12,1.00
2018.04.05 10:55:36.800,1.50451,1.50466,3.00,1.12
2018.04.05 10:55:37.345,1.50451,1.50466,2.06,1.12
2018.04.05 10:55:37.601,1.50453,1.50467,2.44,1.12
2018.04.05 10:55:38.550,1.50454,1.50468,1.81,1.00
2018.04.05 10:55:39.061,1.50454,1.50469,2.25,1.12
2018.04.05 10:55:40.534,1.50454,1.50469,1.50,1.12
2018.04.05 10:55:41.045,1.50454,1.50468,1.37,1.81
2018.04.05 10:55:41.552,1.50454,1.50468,1.37,1.87
2018.04.05 10:55:42.346,1.50452,1.50468,2.25,1.12
2018.04.05 10:55:42.883,1.50452,1.50468,2.25,2.25
2018.04.05 10:55:43.408,1.50452,1.50467,1.87,1.25
2018.04.05 10:55:43.813,1.50452,1.50467,2.62,1.44
2018.04.05 10:55:47.538,1.50451,1.50466,3.00,1.50
2018.04.05 10:55:48.045,1.50452,1.50465,1.50,1.44
2018.04.05 10:55:48.610,1.50451,1.50465,1.87,1.12
2018.04.05 10:55:48.662,1.50451,1.50465,1.50,1.50
2018.04.05 10:55:50.784,1.50449,1.50464,1.50,1.87
2018.04.05 10:55:51.123,1.50448,1.50464,3.37,2.25
2018.04.05 10:55:59.010,1.5045,1.50463,1.44,1.12
2018.04.05 10:55:59.080,1.5045,1.50463,1.44,1.25
2018.04.05 10:55:59.696,1.5045,1.50463,1.44,1.25
2018.04.05 10:56:00.759,1.5045,1.50463,1.12,1.37
2018.04.05 10:56:02.138,1.5045,1.50463,1.12,1.69
2018.04.05 10:56:02.190,1.50449,1.50461,1.37,1.50
2018.04.05 10:56:02.242,1.50447,1.50461,1.87,1.69
2018.04.05 10:56:02.346,1.50446,1.5046,1.19,3.00
2018.04.05 10:56:02.399,1.50446,1.5046,1.12,1.31
2018.04.05 10:56:02.451,1.50447,1.5046,1.50,1.31
2018.04.05 10:56:02.771,1.50452,1.50463,1.69,1.00
2018.04.05 10:56:02.927,1.50452,1.50463,1.69,1.00
2018.04.05 10:56:02.979,1.5045,1.50463,1.12,2.06
2018.04.05 10:56:03.084,1.50444,1.50455,3.00,1.00
2018.04.05 10:56:03.188,1.50443,1.50454,1.25,1.31
2018.04.05 10:56:03.240,1.5044,1.50454,1.31,2.62
2018.04.05 10:56:03.292,1.50439,1.50451,1.19,1.56
2018.04.05 10:56:03.446,1.50437,1.5045,1.12,1.56
2018.04.05 10:56:03.965,1.50437,1.5045,1.19,1.12
2018.04.05 10:56:04.070,1.50437,1.5045,1.00,2.25
2018.04.05 10:56:04.577,1.50435,1.50448,1.50,1.19
2018.04.05 10:56:05.847,1.50437,1.50449,1.19,2.62
2018.04.05 10:56:06.001,1.50435,1.50447,1.56,1.31
2018.04.05 10:56:06.255,1.50435,1.50449,2.06,2.25
2018.04.05 10:56:06.307,1.50435,1.50449,2.25,1.19
2018.04.05 10:56:06.358,1.50437,1.50449,1.87,1.19
2018.04.05 10:56:06.504,1.50439,1.50453,2.81,1.31
2018.04.05 10:56:07.118,1.5044,1.50453,1.69,1.50
2018.04.05 10:56:07.486,1.50441,1.50454,1.19,2.62
2018.04.05 10:56:07.538,1.50443,1.50455,2.06,1.31
2018.04.05 10:56:07.589,1.50445,1.50457,1.19,1.31
2018.04.05 10:56:08.139,1.50448,1.5046,1.25,3.19
2018.04.05 10:56:08.501,1.50444,1.50456,1.69,2.00
2018.04.05 10:56:08.837,1.50446,1.50455,1.25,1.31
2018.04.05 10:56:09.152,1.50451,1.50458,1.19,1.25
2018.04.05 10:56:09.676,1.50452,1.50461,1.19,1.12
2018.04.05 10:56:09.729,1.50452,1.50462,1.19,1.31
2018.04.05 10:56:10.297,1.50451,1.50463,1.19,3.00
2018.04.05 10:56:10.814,1.50452,1.50463,1.19,1.12
2018.04.05 10:56:10.867,1.50452,1.50464,1.19,1.19
2018.04.05 10:56:11.655,1.50452,1.50462,1.19,1.00
2018.04.05 10:56:11.707,1.50452,1.50462,1.19,1.56
2018.04.05 10:56:12.227,1.50452,1.50463,1.19,1.87
2018.04.05 10:56:13.178,1.50452,1.50462,1.19,1.87
2018.04.05 10:56:13.692,1.50452,1.50464,1.19,2.25
2018.04.05 10:56:14.340,1.50452,1.50464,1.19,1.69
2018.04.05 10:56:14.725,1.50452,1.50464,1.19,1.31
2018.04.05 10:56:15.550,1.50452,1.50465,1.19,2.81
2018.04.05 10:56:17.509,1.50455,1.50465,1.19,2.62
2018.04.05 10:56:18.318,1.50455,1.50465,1.25,2.81
2018.04.05 10:56:18.830,1.50455,1.50464,1.19,1.19
2018.04.05 10:56:19.111,1.50453,1.50464,1.31,1.19
2018.04.05 10:56:20.325,1.50455,1.50466,1.19,2.06
2018.04.05 10:56:20.907,1.50454,1.50466,1.19,2.81
2018.04.05 10:56:21.063,1.50457,1.50468,1.19,1.19
2018.04.05 10:56:21.167,1.50457,1.50471,1.31,1.87
2018.04.05 10:56:21.677,1.50457,1.50471,1.87,2.25
2018.04.05 10:56:22.094,1.50459,1.50471,1.31,1.69
2018.04.05 10:56:22.146,1.5046,1.50471,1.25,1.87
2018.04.05 10:56:22.656,1.50458,1.50471,2.25,1.87
2018.04.05 10:56:23.457,1.50458,1.5047,1.31,1.19
2018.04.05 10:56:23.509,1.50457,1.50469,1.00,1.62
2018.04.05 10:56:23.761,1.50458,1.50468,1.19,1.25
2018.04.05 10:56:23.865,1.50457,1.50468,1.12,1.00
2018.04.05 10:56:24.381,1.50456,1.50467,1.50,1.00
2018.04.05 10:56:24.897,1.50456,1.50468,1.31,1.50
2018.04.05 10:56:25.380,1.50456,1.50467,1.25,1.44
2018.04.05 10:56:26.041,1.50457,1.50468,1.25,1.31
2018.04.05 10:56:26.555,1.50458,1.50468,1.25,1.19
2018.04.05 10:56:26.606,1.50456,1.50468,1.25,1.69
2018.04.05 10:56:26.709,1.50458,1.50468,1.25,1.69
2018.04.05 10:56:27.066,1.50455,1.50466,1.25,1.25
2018.04.05 10:56:27.622,1.50453,1.50466,1.37,1.31
2018.04.05 10:56:28.173,1.50453,1.50466,1.50,2.06
2018.04.05 10:56:29.198,1.50456,1.50466,1.25,1.25
2018.04.05 10:56:29.509,1.50459,1.50467,1.25,1.56
2018.04.05 10:56:29.613,1.50456,1.50467,1.19,1.19
2018.04.05 10:56:29.766,1.50455,1.50466,1.25,1.00
2018.04.05 10:56:30.333,1.50453,1.50466,1.87,1.25
2018.04.05 10:56:30.844,1.50454,1.50467,1.00,1.81
2018.04.05 10:56:30.896,1.50457,1.50467,1.25,1.56
2018.04.05 10:56:34.659,1.50454,1.50466,1.19,1.00
2018.04.05 10:56:35.201,1.50454,1.50466,1.19,2.25
2018.04.05 10:56:35.737,1.50452,1.50465,1.37,1.25
2018.04.05 10:56:36.305,1.50451,1.50464,1.87,1.25
2018.04.05 10:56:36.821,1.5045,1.50465,2.25,2.25
2018.04.05 10:56:36.959,1.5045,1.50464,2.25,1.12
2018.04.05 10:56:38.861,1.50457,1.50468,1.12,1.00
2018.04.05 10:56:39.176,1.50459,1.50474,2.25,4.12
2018.04.05 10:56:39.697,1.50459,1.50474,4.50,1.75
2018.04.05 10:56:40.679,1.50461,1.50474,1.50,1.12
2018.04.05 10:56:41.661,1.5046,1.50475,1.87,2.62
2018.04.05 10:56:42.293,1.5046,1.50475,1.12,2.62
2018.04.05 10:56:42.817,1.5046,1.50474,1.37,1.12
2018.04.05 10:56:43.332,1.50459,1.50474,2.25,1.12
2018.04.05 10:56:43.435,1.50459,1.50473,2.25,1.00
2018.04.05 10:56:43.950,1.5046,1.50474,2.62,1.12
2018.04.05 10:56:45.361,1.50461,1.50474,1.87,1.37
2018.04.05 10:56:45.953,1.50461,1.50474,1.19,1.12
2018.04.05 10:56:48.034,1.5046,1.50474,1.12,1.12
2018.04.05 10:56:48.244,1.50459,1.50474,2.62,2.25
2018.04.05 10:56:48.760,1.50459,1.50473,2.44,1.50
2018.04.05 10:56:48.890,1.50459,1.50473,2.62,1.50
2018.04.05 10:56:49.399,1.50459,1.50474,2.25,1.87
2018.04.05 10:56:50.308,1.50459,1.50472,1.31,1.56
2018.04.05 10:56:50.824,1.5046,1.50471,1.00,1.31
2018.04.05 10:56:51.337,1.50456,1.50471,1.75,1.56
2018.04.05 10:56:52.218,1.50457,1.50471,1.62,1.50
2018.04.05 10:56:52.270,1.50458,1.50471,1.50,1.50
2018.04.05 10:56:52.798,1.50458,1.50472,1.50,2.81
2018.04.05 10:56:55.420,1.50458,1.50469,1.19,1.69
2018.04.05 10:56:55.576,1.50449,1.50463,1.12,1.25
2018.04.05 10:56:55.629,1.50448,1.50464,3.19,1.12
2018.04.05 10:56:56.014,1.50447,1.50462,1.69,2.19
2018.04.05 10:56:56.543,1.50447,1.5046,1.88,1.19
2018.04.05 10:56:56.852,1.50452,1.5046,1.00,1.19
2018.04.05 10:56:57.680,1.50448,1.50462,1.88,1.12
2018.04.05 10:56:58.623,1.50449,1.50463,1.87,3.37
2018.04.05 10:56:59.358,1.50448,1.50462,2.06,1.12
2018.04.05 10:57:00.031,1.50449,1.50462,1.25,1.12
2018.04.05 10:57:00.657,1.50448,1.50462,1.37,1.37
2018.04.05 10:57:00.708,1.50452,1.50462,1.00,1.12
2018.04.05 10:57:01.150,1.5045,1.50462,1.25,1.12
2018.04.05 10:57:01.658,1.5045,1.50462,1.25,1.12
2018.04.05 10:57:01.862,1.50451,1.50462,1.19,1.12
2018.04.05 10:57:01.965,1.5045,1.50462,2.06,1.37
2018.04.05 10:57:02.365,1.50451,1.50459,1.00,1.19
2018.04.05 10:57:02.925,1.50449,1.50459,1.25,1.19
2018.04.05 10:57:03.440,1.50448,1.50459,1.00,1.19
2018.04.05 10:57:04.128,1.50447,1.50459,1.00,1.44
2018.04.05 10:57:05.031,1.50447,1.50458,1.31,1.19
2018.04.05 10:57:05.523,1.50448,1.50456,1.00,1.19
2018.04.05 10:57:05.829,1.50447,1.50458,1.00,1.44
2018.04.05 10:57:06.403,1.50448,1.50458,1.00,1.44
2018.04.05 10:57:06.932,1.50448,1.50459,1.25,1.31
2018.04.05 10:57:07.512,1.50449,1.50459,1.00,1.31
2018.04.05 10:57:07.953,1.50447,1.50459,1.00,1.50
2018.04.05 10:57:08.495,1.50446,1.50459,1.31,1.50
2018.04.05 10:57:09.017,1.50447,1.50459,1.00,1.50
2018.04.05 10:57:09.524,1.50445,1.50459,2.25,1.50
2018.04.05 10:57:10.178,1.50447,1.50457,1.00,1.19
2018.04.05 10:57:10.992,1.50446,1.50457,1.31,1.19
2018.04.05 10:57:11.532,1.50447,1.50457,1.00,1.19
2018.04.05 10:57:12.118,1.50446,1.50458,1.50,1.44
2018.04.05 10:57:13.292,1.50447,1.50458,1.00,1.44
2018.04.05 10:57:13.814,1.50446,1.5046,1.50,3.00
2018.04.05 10:57:14.146,1.50448,1.5046,1.25,3.37
2018.04.05 10:57:15.580,1.50449,1.5046,1.00,1.00
2018.04.05 10:57:16.099,1.50449,1.5046,1.31,1.19
2018.04.05 10:57:16.665,1.50448,1.50461,2.25,1.31
2018.04.05 10:57:20.160,1.50449,1.5046,1.12,1.19
2018.04.05 10:57:20.313,1.50443,1.50456,3.00,1.25
2018.04.05 10:57:20.365,1.50445,1.5046,2.44,2.62
2018.04.05 10:57:20.417,1.50447,1.50461,1.50,1.87
2018.04.05 10:57:20.927,1.50448,1.5046,1.19,1.19
2018.04.05 10:57:20.979,1.50445,1.50454,1.56,1.19
2018.04.05 10:57:21.031,1.50444,1.50454,1.31,1.19
2018.04.05 10:57:21.083,1.50441,1.50453,1.56,1.19
2018.04.05 10:57:21.135,1.50441,1.50454,1.81,1.25
2018.04.05 10:57:21.671,1.50444,1.50456,1.50,1.19
2018.04.05 10:57:22.258,1.50444,1.50457,1.31,1.69
2018.04.05 10:57:22.804,1.50443,1.50457,1.69,2.62
2018.04.05 10:57:23.353,1.50443,1.50457,1.12,2.62
2018.04.05 10:57:23.933,1.50442,1.50457,2.63,2.25
2018.04.05 10:57:24.318,1.50442,1.50454,1.00,1.44
2018.04.05 10:57:27.527,1.50441,1.50454,1.87,1.37
2018.04.05 10:57:27.757,1.50438,1.50452,4.50,1.44
2018.04.05 10:57:29.117,1.5044,1.50453,1.44,1.37
2018.04.05 10:57:29.627,1.50442,1.50453,1.37,1.19
2018.04.05 10:57:30.146,1.5044,1.5045,1.00,1.19
2018.04.05 10:57:30.472,1.50441,1.50452,2.81,1.19
2018.04.05 10:57:30.526,1.5044,1.50451,1.19,1.19
2018.04.05 10:57:31.053,1.50438,1.50451,1.87,1.19
2018.04.05 10:57:31.561,1.50438,1.50451,1.44,1.44
2018.04.05 10:57:32.073,1.50439,1.50451,3.94,1.44
2018.04.05 10:57:32.608,1.5044,1.50452,1.50,2.25
2018.04.05 10:57:33.121,1.50439,1.5045,1.62,1.25
2018.04.05 10:57:33.638,1.5044,1.50452,1.50,1.69
2018.04.05 10:57:35.151,1.5044,1.50452,1.00,1.69
2018.04.05 10:57:36.358,1.50439,1.50451,1.12,1.19
2018.04.05 10:57:36.878,1.50439,1.50451,1.37,1.19
2018.04.05 10:57:37.345,1.50441,1.50452,1.25,1.25
2018.04.05 10:57:37.628,1.50443,1.50454,1.00,1.69
2018.04.05 10:57:38.142,1.50442,1.50454,1.69,1.69
2018.04.05 10:57:38.451,1.50442,1.50452,1.69,1.19
2018.04.05 10:57:39.020,1.50443,1.50453,1.31,1.19
2018.04.05 10:57:39.177,1.50443,1.50454,1.50,1.69
2018.04.05 10:57:39.229,1.50443,1.50453,1.31,1.19
2018.04.05 10:57:40.642,1.50442,1.50451,1.56,1.25
2018.04.05 10:57:41.159,1.50441,1.50453,2.25,1.19
2018.04.05 10:57:41.686,1.50441,1.5045,1.56,1.25
2018.04.05 10:57:41.834,1.50439,1.5045,1.56,1.19
2018.04.05 10:57:42.554,1.50439,1.50451,1.19,1.25
2018.04.05 10:57:43.020,1.50438,1.50451,1.37,1.25
2018.04.05 10:57:46.206,1.50438,1.50451,1.31,1.25
2018.04.05 10:57:46.308,1.50438,1.50449,1.25,1.19
2018.04.05 10:57:48.036,1.50437,1.5045,1.37,1.25
2018.04.05 10:57:48.564,1.50437,1.5045,1.44,1.44
2018.04.05 10:57:49.686,1.50438,1.5045,1.12,1.87
2018.04.05 10:57:50.205,1.50439,1.5045,1.00,2.25
2018.04.05 10:57:50.952,1.5044,1.5045,1.00,1.19
2018.04.05 10:57:51.494,1.50441,1.50452,1.00,3.00
2018.04.05 10:57:52.012,1.50441,1.50448,1.00,1.00
2018.04.05 10:57:52.065,1.50437,1.50447,2.00,1.25
2018.04.05 10:57:52.221,1.50437,1.50449,2.06,1.69
2018.04.05 10:57:52.274,1.50439,1.50449,1.50,1.00
2018.04.05 10:57:52.824,1.50439,1.5045,1.69,1.25
2018.04.05 10:57:53.130,1.50439,1.5045,1.69,1.25
2018.04.05 10:57:53.823,1.50439,1.5045,2.06,1.25
2018.04.05 10:57:53.981,1.50439,1.50452,2.06,1.25
2018.04.05 10:57:54.034,1.50442,1.50455,2.81,1.12
2018.04.05 10:57:54.344,1.50446,1.50457,1.56,1.19
2018.04.05 10:57:54.877,1.50446,1.50456,2.06,1.19
2018.04.05 10:57:55.361,1.50446,1.50458,2.06,1.19
2018.04.05 10:57:55.463,1.50449,1.50459,1.31,1.19
2018.04.05 10:57:55.515,1.5045,1.50462,1.44,1.19
2018.04.05 10:57:55.568,1.50452,1.50466,1.12,1.19
2018.04.05 10:57:56.571,1.50452,1.50464,1.19,1.25
2018.04.05 10:57:56.724,1.50452,1.50463,1.19,1.19
2018.04.05 10:57:57.251,1.5045,1.50463,3.94,1.19
2018.04.05 10:57:57.787,1.50451,1.50463,1.19,1.19
2018.04.05 10:57:59.040,1.50451,1.50463,1.31,1.19
2018.04.05 10:58:00.167,1.5045,1.50463,2.81,1.19
2018.04.05 10:58:00.220,1.5045,1.50465,3.00,1.87
2018.04.05 10:58:00.994,1.50451,1.50465,1.87,1.50
2018.04.05 10:58:01.755,1.50453,1.50464,1.25,1.19
2018.04.05 10:58:02.269,1.50452,1.50465,1.50,1.87
2018.04.05 10:58:02.738,1.50453,1.50462,1.25,1.19
2018.04.05 10:58:03.388,1.50452,1.50462,1.31,1.19
2018.04.05 10:58:03.440,1.50452,1.50465,1.00,1.69
2018.04.05 10:58:03.544,1.50453,1.50463,1.00,1.19
2018.04.05 10:58:04.474,1.50453,1.50464,1.25,1.19
2018.04.05 10:58:05.015,1.50453,1.50464,1.44,1.19
2018.04.05 10:58:05.478,1.50453,1.50465,1.69,1.25
2018.04.05 10:58:06.370,1.50454,1.50467,1.19,1.69
2018.04.05 10:58:06.678,1.50457,1.50467,1.31,1.19
2018.04.05 10:58:06.831,1.50457,1.50469,1.31,1.25
2018.04.05 10:58:07.606,1.50457,1.50469,1.31,1.25
2018.04.05 10:58:07.963,1.50457,1.5047,2.19,1.44
2018.04.05 10:58:08.476,1.50457,1.50471,1.56,1.50
2018.04.05 10:58:09.102,1.50457,1.50471,2.25,1.31
2018.04.05 10:58:09.644,1.50457,1.50471,2.06,1.31
2018.04.05 10:58:10.195,1.50459,1.50471,2.25,1.19
2018.04.05 10:58:10.322,1.5046,1.50471,1.31,1.25
2018.04.05 10:58:10.832,1.5046,1.50471,1.69,1.37
2018.04.05 10:58:14.164,1.50461,1.50471,1.31,1.12
2018.04.05 10:58:15.014,1.50462,1.50472,1.87,1.37
2018.04.05 10:58:15.118,1.50462,1.50474,1.69,1.00
2018.04.05 10:58:15.278,1.50464,1.50477,1.69,1.25
2018.04.05 10:58:15.382,1.50467,1.50477,1.31,1.25
2018.04.05 10:58:15.743,1.50468,1.50479,1.12,1.69
2018.04.05 10:58:16.288,1.50468,1.50479,1.81,1.31
2018.04.05 10:58:16.888,1.50469,1.5048,1.81,1.31
2018.04.05 10:58:17.392,1.5047,1.5048,1.56,1.12
2018.04.05 10:58:20.143,1.5047,1.50482,1.81,2.06
2018.04.05 10:58:20.652,1.5047,1.50481,2.25,1.37
2018.04.05 10:58:23.507,1.5047,1.50481,2.25,1.12
2018.04.05 10:58:25.202,1.5047,1.50482,1.44,2.06
2018.04.05 10:58:25.512,1.5047,1.5048,1.44,1.37
2018.04.05 10:58:26.018,1.5047,1.5048,2.44,1.12
2018.04.05 10:58:26.547,1.5047,1.50479,1.19,1.31
2018.04.05 10:58:27.162,1.50472,1.50481,1.19,2.06
2018.04.05 10:58:27.674,1.50471,1.50485,2.81,1.69
2018.04.05 10:58:28.431,1.50471,1.50486,2.62,1.69
2018.04.05 10:58:28.982,1.50472,1.50486,2.62,1.31
2018.04.05 10:58:29.390,1.50473,1.50486,1.19,2.06
2018.04.05 10:58:29.441,1.50473,1.50485,1.44,1.31
2018.04.05 10:58:29.493,1.50473,1.50485,1.19,2.06
2018.04.05 10:58:30.137,1.50473,1.50486,1.25,1.75
2018.04.05 10:58:31.282,1.50472,1.50484,1.37,1.31
2018.04.05 10:58:31.597,1.50473,1.50486,2.44,1.69
2018.04.05 10:58:32.006,1.50475,1.50489,2.44,1.87
2018.04.05 10:58:32.109,1.50478,1.50491,1.56,1.44
2018.04.05 10:58:32.161,1.5048,1.50493,1.37,1.50
2018.04.05 10:58:32.499,1.5048,1.50493,1.37,1.00
2018.04.05 10:58:32.551,1.5048,1.50494,1.69,1.87
2018.04.05 10:58:33.267,1.50481,1.50494,1.87,1.19
2018.04.05 10:58:33.726,1.50482,1.50495,1.37,1.81
2018.04.05 10:58:33.778,1.50482,1.50495,1.69,2.25
2018.04.05 10:58:33.830,1.50482,1.50496,1.87,1.87
2018.04.05 10:58:33.882,1.50483,1.50496,1.44,1.44
2018.04.05 10:58:34.192,1.50493,1.50505,1.19,3.19
2018.04.05 10:58:34.244,1.50495,1.50506,1.56,1.19
2018.04.05 10:58:34.296,1.50497,1.50508,1.19,1.31
2018.04.05 10:58:34.608,1.505,1.5051,1.19,1.19
2018.04.05 10:58:34.979,1.50501,1.50514,1.12,1.19
2018.04.05 10:58:35.081,1.50502,1.50516,1.12,1.81
2018.04.05 10:58:35.865,1.50502,1.50517,2.06,2.25
2018.04.05 10:58:36.494,1.50504,1.50517,1.19,2.62
2018.04.05 10:58:44.203,1.50502,1.50513,1.87,1.31
2018.04.05 10:58:44.513,1.50501,1.50512,1.12,1.94
2018.04.05 10:58:44.774,1.50503,1.50514,1.19,1.62
2018.04.05 10:58:44.826,1.50503,1.50515,1.19,1.19
2018.04.05 10:58:45.107,1.50503,1.50515,1.31,1.19
2018.04.05 10:58:45.159,1.50503,1.50515,1.31,1.69
2018.04.05 10:58:45.661,1.50502,1.50515,1.19,1.69
2018.04.05 10:58:46.341,1.50501,1.50514,1.87,3.19
2018.04.05 10:58:46.862,1.50501,1.50512,1.87,2.06
2018.04.05 10:58:47.816,1.50499,1.50511,2.25,1.31
2018.04.05 10:58:48.365,1.50501,1.50511,1.25,2.06
2018.04.05 10:58:53.125,1.50501,1.5051,1.31,1.31
2018.04.05 10:58:54.921,1.505,1.5051,1.87,2.06
2018.04.05 10:58:55.232,1.50496,1.50507,1.87,2.44
2018.04.05 10:58:56.146,1.50495,1.50507,2.25,5.44
2018.04.05 10:58:57.418,1.50496,1.50507,1.87,3.19
2018.04.05 10:58:57.967,1.50496,1.50507,1.87,3.19
2018.04.05 10:58:58.357,1.50496,1.50504,1.25,1.19
2018.04.05 10:58:58.869,1.50493,1.50502,1.87,1.19
2018.04.05 10:58:59.324,1.50493,1.50504,1.87,2.81
2018.04.05 10:59:01.933,1.50491,1.50505,1.87,1.19
2018.04.05 10:59:04.908,1.50492,1.50505,2.06,1.31
2018.04.05 10:59:06.439,1.50491,1.50505,1.50,1.69
2018.04.05 10:59:08.150,1.50493,1.50506,2.25,2.81
2018.04.05 10:59:09.248,1.50493,1.50504,2.44,1.31
2018.04.05 10:59:12.808,1.50493,1.50504,2.44,1.31
2018.04.05 10:59:14.138,1.50492,1.50504,1.19,1.69
2018.04.05 10:59:17.212,1.50492,1.50504,1.19,1.25
2018.04.05 10:59:17.728,1.50492,1.50504,2.62,1.25
2018.04.05 10:59:18.637,1.50493,1.50504,1.56,1.62
2018.04.05 10:59:19.171,1.50492,1.50505,3.00,1.31
2018.04.05 10:59:22.446,1.50494,1.50505,2.25,2.44
2018.04.05 10:59:24.064,1.50496,1.50506,1.81,1.19
2018.04.05 10:59:24.117,1.50498,1.50509,1.81,1.25
2018.04.05 10:59:24.702,1.505,1.5051,1.19,1.12
2018.04.05 10:59:25.247,1.505,1.50512,1.12,2.44
2018.04.05 10:59:25.507,1.50504,1.50515,1.25,2.44
2018.04.05 10:59:25.610,1.50505,1.50515,1.00,2.44
2018.04.05 10:59:26.439,1.50503,1.50515,1.12,1.94
2018.04.05 10:59:26.780,1.50504,1.50515,1.12,2.06
2018.04.05 10:59:27.587,1.50503,1.50514,1.87,1.31
2018.04.05 10:59:28.182,1.50503,1.50515,1.12,2.06
2018.04.05 10:59:28.438,1.50503,1.50513,1.87,2.44
2018.04.05 10:59:28.489,1.505,1.5051,1.00,1.19
2018.04.05 10:59:28.592,1.50498,1.5051,1.50,1.87
2018.04.05 10:59:29.161,1.50498,1.50507,1.00,1.12
2018.04.05 10:59:29.700,1.50498,1.50508,1.00,1.31
2018.04.05 10:59:30.223,1.50495,1.50508,2.44,1.69
2018.04.05 10:59:30.864,1.50495,1.50506,1.12,2.06
2018.04.05 10:59:31.121,1.50495,1.50505,1.12,1.25
2018.04.05 10:59:31.655,1.50495,1.50506,1.12,1.94
2018.04.05 10:59:32.073,1.50494,1.50506,1.50,2.00
2018.04.05 10:59:32.608,1.50494,1.50505,1.31,1.56
2018.04.05 10:59:33.178,1.50495,1.50505,1.31,1.56
2018.04.05 10:59:34.011,1.50494,1.50503,1.00,1.19
2018.04.05 10:59:34.350,1.50492,1.50504,1.25,2.81
2018.04.05 10:59:35.139,1.50492,1.50504,2.25,2.06
2018.04.05 10:59:36.991,1.50492,1.50501,1.81,1.12
2018.04.05 10:59:37.639,1.50492,1.50503,1.81,1.19
2018.04.05 10:59:41.052,1.50491,1.50505,1.81,3.94
2018.04.05 10:59:45.206,1.50492,1.50503,1.81,1.69
2018.04.05 10:59:47.872,1.50492,1.50502,1.81,1.19
2018.04.05 10:59:47.924,1.50492,1.50502,1.81,1.25
2018.04.05 10:59:48.486,1.50492,1.50502,1.81,1.69
2018.04.05 10:59:49.169,1.50492,1.50504,1.81,2.06
2018.04.05 10:59:50.687,1.50491,1.50502,1.81,1.19
2018.04.05 10:59:50.740,1.5049,1.50502,1.81,1.19
2018.04.05 10:59:52.001,1.50488,1.50501,3.75,2.06
2018.04.05 10:59:52.257,1.50483,1.50493,1.12,2.44
2018.04.05 10:59:52.308,1.5048,1.50492,3.00,1.31
2018.04.05 10:59:52.360,1.50478,1.5049,1.56,1.56
2018.04.05 10:59:52.617,1.50477,1.50489,1.37,1.94
2018.04.05 10:59:52.925,1.50478,1.50488,1.56,1.25
2018.04.05 10:59:53.125,1.50477,1.50488,1.31,1.25
2018.04.05 10:59:53.708,1.50477,1.50489,1.31,2.06
2018.04.05 10:59:55.443,1.50476,1.50487,1.50,1.19
2018.04.05 10:59:58.175,1.50475,1.50487,2.81,1.00
2018.04.05 10:59:58.692,1.50475,1.50487,2.81,1.00
2018.04.05 10:59:59.369,1.50476,1.50489,1.50,1.69
2018.04.05 10:59:59.475,1.50477,1.50489,1.50,1.37
2018.04.05 10:59:59.528,1.5048,1.50491,1.56,1.00
