2018.04.18 21:00:00.037,1.52279,1.52322,0.19,0.19
2018.04.18 21:00:00.088,1.52277,1.52322,0.19,0.19
2018.04.18 21:00:00.190,1.52279,1.52323,0.19,0.19
2018.04.18 21:00:00.681,1.52248,1.52367,0.75,1.12
2018.04.18 21:00:00.732,1.52249,1.52344,0.75,0.75
2018.04.18 21:00:00.895,1.52248,1.52367,0.75,1.12
2018.04.18 21:00:01.613,1.52248,1.52364,0.75,0.37
2018.04.18 21:00:02.032,1.5225,1.52364,0.75,0.37
2018.04.18 21:00:03.781,1.52271,1.52338,0.75,0.75
2018.04.18 21:00:05.765,1.52271,1.52337,0.75,0.75
2018.04.18 21:00:08.304,1.52246,1.52361,0.75,3.75
2018.04.18 21:00:08.355,1.52231,1.52349,0.75,0.75
2018.04.18 21:00:09.344,1.52233,1.52352,0.75,0.75
2018.04.18 21:00:09.395,1.52229,1.52348,0.75,0.75
2018.04.18 21:00:09.901,1.5223,1.52347,0.75,0.75
2018.04.18 21:00:10.235,1.52234,1.52351,0.75,0.75
2018.04.18 21:00:10.401,1.52229,1.52348,0.75,0.75
2018.04.18 21:00:10.798,1.52234,1.52351,0.75,0.75
2018.04.18 21:00:10.944,1.52229,1.52348,0.75,0.75
2018.04.18 21:00:11.000,1.52233,1.52352,0.75,0.75
2018.04.18 21:00:11.501,1.52234,1.52351,0.75,0.75
2018.04.18 21:00:11.885,1.52226,1.52342,0.75,0.75
2018.04.18 21:00:11.935,1.52234,1.52351,0.75,0.75
2018.04.18 21:00:12.193,1.52229,1.52348,0.75,0.75
2018.04.18 21:00:12.451,1.52233,1.52352,0.75,0.75
2018.04.18 21:00:13.201,1.52234,1.52351,0.75,0.75
2018.04.18 21:00:13.737,1.52229,1.52345,0.75,0.75
2018.04.18 21:00:13.915,1.52234,1.52351,0.75,0.75
2018.04.18 21:00:14.252,1.52256,1.52322,0.45,0.45
2018.04.18 21:00:15.203,1.52259,1.52325,0.60,0.60
2018.04.18 21:00:35.064,1.52257,1.52326,0.45,0.45
2018.04.18 21:00:55.071,1.52258,1.52326,0.60,0.60
2018.04.18 21:01:00.200,1.52259,1.52326,0.52,0.52
2018.04.18 21:01:03.836,1.52264,1.52332,0.67,0.67
2018.04.18 21:01:05.983,1.52264,1.52313,0.67,0.75
2018.04.18 21:01:06.135,1.52258,1.52313,0.45,0.75
2018.04.18 21:01:06.433,1.5225,1.52313,0.45,0.75
2018.04.18 21:01:06.957,1.5225,1.52312,0.45,0.75
2018.04.18 21:01:07.585,1.5225,1.52313,0.45,0.75
2018.04.18 21:01:08.134,1.5225,1.52312,0.45,0.75
2018.04.18 21:01:09.184,1.5225,1.52311,0.45,0.75
2018.04.18 21:01:16.789,1.52253,1.52311,0.45,0.75
2018.04.18 21:01:18.611,1.52253,1.52316,0.45,0.75
2018.04.18 21:01:18.743,1.52255,1.52316,0.60,0.75
2018.04.18 21:01:20.656,1.52251,1.52316,0.45,0.75
2018.04.18 21:01:21.210,1.52251,1.52313,0.45,0.75
2018.04.18 21:01:24.467,1.52257,1.52321,0.75,0.75
2018.04.18 21:01:25.175,1.52257,1.52322,0.75,0.75
2018.04.18 21:01:25.688,1.52258,1.52322,0.75,0.75
2018.04.18 21:01:26.241,1.5226,1.52322,0.60,0.75
2018.04.18 21:01:28.857,1.5226,1.52324,0.60,0.75
2018.04.18 21:01:29.592,1.52267,1.52332,0.75,0.75
2018.04.18 21:01:29.972,1.5227,1.52333,0.37,0.75
2018.04.18 21:01:33.035,1.5227,1.52329,0.37,0.75
2018.04.18 21:01:33.635,1.5227,1.52328,0.37,0.75
2018.04.18 21:01:34.873,1.5227,1.52327,0.37,0.75
2018.04.18 21:01:35.736,1.52274,1.52338,0.75,0.75
2018.04.18 21:01:41.743,1.52278,1.52343,0.75,0.75
2018.04.18 21:01:44.354,1.52279,1.52343,0.67,0.75
2018.04.18 21:01:55.112,1.52278,1.52343,0.45,0.75
2018.04.18 21:01:56.588,1.52278,1.52327,0.45,0.75
2018.04.18 21:01:56.639,1.52273,1.52327,0.37,0.75
2018.04.18 21:01:59.559,1.52273,1.52349,0.37,0.37
2018.04.18 21:02:04.091,1.52266,1.52343,0.75,0.75
2018.04.18 21:02:11.645,1.52266,1.52341,0.75,0.75
2018.04.18 21:02:11.912,1.5227,1.52347,0.37,0.37
2018.04.18 21:02:50.139,1.52273,1.52348,0.75,0.75
2018.04.18 21:03:30.370,1.52276,1.52351,0.60,0.60
2018.04.18 21:03:34.197,1.52278,1.52354,0.75,0.75
2018.04.18 21:04:06.409,1.52281,1.52358,1.19,1.86
2018.04.18 21:04:17.065,1.52291,1.52354,1.19,1.00
2018.04.18 21:04:24.173,1.52305,1.52354,1.19,1.00
2018.04.18 21:04:24.224,1.52305,1.52368,1.19,1.94
2018.04.18 21:04:30.001,1.52312,1.52362,1.19,1.37
2018.04.18 21:04:30.053,1.52312,1.52362,1.19,1.00
2018.04.18 21:04:30.139,1.52312,1.52358,1.19,1.00
2018.04.18 21:04:30.391,1.52312,1.52362,1.19,1.00
2018.04.18 21:04:30.646,1.52309,1.52362,1.19,1.19
2018.04.18 21:04:32.101,1.52309,1.52357,1.19,1.00
2018.04.18 21:04:32.244,1.52277,1.52345,1.86,1.00
2018.04.18 21:04:32.592,1.52296,1.52345,1.00,1.00
2018.04.18 21:04:32.644,1.52277,1.52345,1.86,1.00
2018.04.18 21:04:32.747,1.52277,1.5234,1.86,1.00
2018.04.18 21:04:33.298,1.52277,1.52341,1.86,1.00
2018.04.18 21:04:34.275,1.52277,1.5234,1.86,1.00
2018.04.18 21:04:35.105,1.52297,1.5234,1.00,1.00
2018.04.18 21:04:35.157,1.52291,1.5234,1.00,1.00
2018.04.18 21:04:35.208,1.5228,1.5234,1.19,1.00
2018.04.18 21:04:36.583,1.52277,1.52341,1.86,1.00
2018.04.18 21:04:37.084,1.52293,1.5234,1.00,1.00
2018.04.18 21:04:37.438,1.52277,1.5234,1.86,1.00
2018.04.18 21:04:38.032,1.52277,1.52341,1.86,1.00
2018.04.18 21:04:38.287,1.52278,1.52347,1.86,1.00
2018.04.18 21:04:38.339,1.52278,1.52352,1.86,1.00
2018.04.18 21:04:39.614,1.52278,1.52351,1.56,1.00
2018.04.18 21:04:49.311,1.52278,1.52353,1.56,1.00
2018.04.18 21:04:49.839,1.52278,1.52354,1.56,1.00
2018.04.18 21:04:50.342,1.52278,1.52353,1.86,1.00
2018.04.18 21:04:50.854,1.52278,1.52354,1.19,1.00
2018.04.18 21:04:55.936,1.52277,1.52354,1.19,1.00
2018.04.18 21:04:56.442,1.52278,1.52354,1.19,1.00
2018.04.18 21:04:58.484,1.52278,1.52353,1.69,1.00
2018.04.18 21:05:01.965,1.52278,1.52354,1.19,1.00
2018.04.18 21:05:02.221,1.52278,1.52366,1.64,2.14
2018.04.18 21:05:02.527,1.52278,1.52369,1.19,1.71
2018.04.18 21:05:02.816,1.52278,1.52361,1.56,1.37
2018.04.18 21:05:03.423,1.52278,1.52359,1.19,1.37
2018.04.18 21:05:04.139,1.52278,1.52359,1.71,1.00
2018.04.18 21:05:04.352,1.52278,1.52359,1.31,1.37
2018.04.18 21:05:04.853,1.52278,1.52359,1.19,1.27
2018.04.18 21:05:06.537,1.52278,1.52356,1.19,1.00
2018.04.18 21:05:06.837,1.52278,1.52359,1.19,1.00
2018.04.18 21:05:07.036,1.52278,1.52359,1.19,1.37
2018.04.18 21:05:07.390,1.52278,1.52359,1.86,1.00
2018.04.18 21:05:07.544,1.52278,1.52363,1.19,1.62
2018.04.18 21:05:07.837,1.52278,1.52359,1.56,1.00
2018.04.18 21:05:08.085,1.52278,1.52356,1.19,1.00
2018.04.18 21:05:08.240,1.52278,1.52359,1.71,1.00
2018.04.18 21:05:08.343,1.52278,1.52359,1.19,1.45
2018.04.18 21:05:08.946,1.52277,1.52359,1.19,1.60
2018.04.18 21:05:09.752,1.52277,1.52353,1.19,1.00
2018.04.18 21:05:10.285,1.52277,1.5236,1.46,1.52
2018.04.18 21:05:14.486,1.52285,1.52332,1.28,1.35
2018.04.18 21:05:15.038,1.52286,1.52331,1.35,1.35
2018.04.18 21:05:17.640,1.52285,1.52332,1.53,1.10
2018.04.18 21:05:19.627,1.52286,1.52331,1.53,1.10
2018.04.18 21:05:19.994,1.52285,1.52332,1.53,1.10
2018.04.18 21:05:44.789,1.52286,1.52331,1.10,1.35
2018.04.18 21:05:47.293,1.52285,1.52332,1.10,1.28
2018.04.18 21:05:47.446,1.52285,1.52332,1.10,1.35
2018.04.18 21:05:49.173,1.52286,1.52331,1.10,1.35
2018.04.18 21:05:55.292,1.52285,1.52332,1.35,1.10
2018.04.18 21:05:56.872,1.52286,1.52331,1.10,1.28
2018.04.18 21:05:58.387,1.52285,1.52332,1.28,1.10
2018.04.18 21:05:59.437,1.52286,1.52331,1.10,1.10
2018.04.18 21:06:03.745,1.52285,1.52332,1.10,1.10
2018.04.18 21:06:05.969,1.52286,1.52331,1.10,1.28
2018.04.18 21:06:06.071,1.52281,1.52329,1.35,1.10
2018.04.18 21:06:07.851,1.52281,1.52329,1.28,1.10
2018.04.18 21:06:08.155,1.52282,1.52327,1.35,1.10
2018.04.18 21:06:10.042,1.52281,1.52328,1.35,1.10
2018.04.18 21:06:10.348,1.52282,1.52327,1.72,1.10
2018.04.18 21:06:10.655,1.52282,1.52327,1.28,1.10
2018.04.18 21:06:10.809,1.52281,1.52328,1.10,1.10
2018.04.18 21:06:11.389,1.52282,1.52327,1.28,1.10
2018.04.18 21:06:13.536,1.52273,1.52345,1.47,1.47
2018.04.18 21:06:13.588,1.52273,1.52345,1.19,1.19
2018.04.18 21:06:17.218,1.52274,1.52347,1.19,1.00
2018.04.18 21:06:18.516,1.52274,1.52345,1.19,1.00
2018.04.18 21:06:18.567,1.52274,1.52348,1.19,1.25
2018.04.18 21:06:19.143,1.52274,1.52346,1.19,1.00
2018.04.18 21:06:19.701,1.52274,1.52347,1.19,1.00
2018.04.18 21:06:22.115,1.52274,1.52346,1.19,1.00
2018.04.18 21:06:22.536,1.52274,1.5235,1.19,1.19
2018.04.18 21:06:24.087,1.52274,1.52346,1.19,1.00
2018.04.18 21:06:26.166,1.52274,1.52345,1.19,1.00
2018.04.18 21:06:27.545,1.52275,1.52345,1.25,1.19
2018.04.18 21:06:27.597,1.52267,1.52345,1.19,1.00
2018.04.18 21:06:27.853,1.52267,1.52345,1.31,1.19
2018.04.18 21:06:28.144,1.52272,1.52346,1.19,1.25
2018.04.18 21:06:28.486,1.52269,1.52346,1.19,1.19
2018.04.18 21:06:28.937,1.52272,1.52346,1.19,1.25
2018.04.18 21:06:29.092,1.52269,1.52346,1.19,1.19
2018.04.18 21:06:29.431,1.52273,1.52346,1.19,1.19
2018.04.18 21:06:29.593,1.52269,1.52346,1.19,1.19
2018.04.18 21:06:29.836,1.52273,1.52346,1.19,1.19
2018.04.18 21:06:30.761,1.5227,1.52336,1.19,1.19
2018.04.18 21:06:35.745,1.52293,1.52334,1.00,1.19
2018.04.18 21:06:35.848,1.5227,1.52334,1.19,1.19
2018.04.18 21:06:36.121,1.52293,1.52334,1.00,1.19
2018.04.18 21:06:36.172,1.5227,1.52334,1.19,1.19
2018.04.18 21:06:48.264,1.5227,1.52333,1.19,1.56
2018.04.18 21:06:48.948,1.52269,1.52333,1.19,1.62
2018.04.18 21:06:49.454,1.52269,1.52334,1.19,2.06
2018.04.18 21:06:50.266,1.52269,1.52333,1.19,1.62
2018.04.18 21:06:51.554,1.52269,1.52334,1.19,1.19
2018.04.18 21:06:53.990,1.5227,1.52334,1.19,2.06
2018.04.18 21:07:09.002,1.52269,1.52334,1.19,2.06
2018.04.18 21:07:09.637,1.52269,1.52334,1.19,1.56
2018.04.18 21:07:10.827,1.52272,1.52334,1.19,1.87
2018.04.18 21:07:12.584,1.52272,1.52334,1.19,1.87
2018.04.18 21:07:13.614,1.52272,1.52334,1.19,1.87
2018.04.18 21:07:15.640,1.52272,1.52333,1.19,1.37
2018.04.18 21:07:17.618,1.52272,1.52334,1.19,1.37
2018.04.18 21:07:18.601,1.52272,1.52334,1.19,1.37
2018.04.18 21:07:19.636,1.52272,1.52334,1.19,1.87
2018.04.18 21:07:20.612,1.52272,1.52334,1.19,1.87
2018.04.18 21:07:22.793,1.52283,1.52333,1.19,1.00
2018.04.18 21:07:24.838,1.52278,1.52333,1.19,1.00
2018.04.18 21:07:24.890,1.52284,1.5235,1.19,1.12
2018.04.18 21:07:25.439,1.52284,1.52363,1.19,1.12
2018.04.18 21:07:26.542,1.52284,1.52366,1.19,1.00
2018.04.18 21:07:26.644,1.52284,1.52364,1.19,1.00
2018.04.18 21:07:26.903,1.52284,1.52366,1.19,1.00
2018.04.18 21:07:27.085,1.52284,1.52364,1.19,1.00
2018.04.18 21:07:27.330,1.52284,1.52366,1.19,1.00
2018.04.18 21:07:27.486,1.52284,1.52363,1.19,1.00
2018.04.18 21:07:28.085,1.52284,1.52364,1.19,1.00
2018.04.18 21:07:28.599,1.52284,1.52363,1.19,1.00
2018.04.18 21:07:29.316,1.52284,1.52364,1.19,1.00
2018.04.18 21:07:30.487,1.52284,1.52363,1.19,1.00
2018.04.18 21:07:30.992,1.52284,1.52364,1.19,1.12
2018.04.18 21:07:32.353,1.52284,1.52363,1.19,1.00
2018.04.18 21:07:33.637,1.52284,1.52366,1.19,1.12
2018.04.18 21:07:34.184,1.52284,1.52367,1.19,1.37
2018.04.18 21:07:34.772,1.52284,1.52366,1.19,1.37
2018.04.18 21:07:35.802,1.52284,1.52366,1.19,1.37
2018.04.18 21:07:35.984,1.52284,1.52363,1.19,1.00
2018.04.18 21:07:36.591,1.52284,1.52364,1.19,1.00
2018.04.18 21:07:37.138,1.52284,1.52363,1.19,1.00
2018.04.18 21:07:37.735,1.52284,1.52364,1.19,1.00
2018.04.18 21:07:39.151,1.52284,1.52366,1.19,1.37
2018.04.18 21:07:40.136,1.52284,1.52367,1.19,1.37
2018.04.18 21:07:42.138,1.52284,1.52367,1.19,1.37
2018.04.18 21:07:42.955,1.52285,1.52367,1.19,1.37
2018.04.18 21:07:45.188,1.52285,1.52364,1.19,1.37
2018.04.18 21:07:48.215,1.52285,1.52366,1.19,1.37
2018.04.18 21:07:49.243,1.52285,1.52363,1.19,1.12
2018.04.18 21:07:50.266,1.52285,1.52364,1.19,1.37
2018.04.18 21:07:52.109,1.52285,1.52363,1.19,1.12
2018.04.18 21:07:53.140,1.52285,1.52364,1.19,1.00
2018.04.18 21:07:53.903,1.52285,1.52366,1.19,1.00
2018.04.18 21:07:55.053,1.52285,1.52366,1.19,1.37
2018.04.18 21:07:56.035,1.52285,1.52366,1.19,1.37
2018.04.18 21:07:57.057,1.52285,1.52366,1.19,1.37
2018.04.18 21:08:00.088,1.52285,1.52366,1.19,1.37
2018.04.18 21:08:02.096,1.52285,1.52364,1.19,1.37
2018.04.18 21:08:04.109,1.52285,1.52366,1.19,1.37
2018.04.18 21:08:05.134,1.52285,1.52364,1.19,1.37
2018.04.18 21:08:06.038,1.52282,1.52344,1.19,1.00
2018.04.18 21:08:08.143,1.52282,1.52346,1.19,1.00
2018.04.18 21:08:08.671,1.52282,1.52347,1.19,1.25
2018.04.18 21:08:09.207,1.52282,1.52346,1.19,1.00
2018.04.18 21:08:10.088,1.52282,1.52347,1.19,1.25
2018.04.18 21:08:10.632,1.52282,1.52346,1.19,1.00
2018.04.18 21:08:12.142,1.52282,1.52347,1.19,1.62
2018.04.18 21:08:12.347,1.52282,1.52343,1.19,1.00
2018.04.18 21:08:16.743,1.52282,1.52346,1.19,1.00
2018.04.18 21:08:21.186,1.52282,1.52347,1.19,1.25
2018.04.18 21:08:23.572,1.52282,1.52344,1.19,1.00
2018.04.18 21:08:24.105,1.52283,1.52343,1.19,1.00
2018.04.18 21:08:27.685,1.52283,1.52344,1.19,1.00
2018.04.18 21:08:28.187,1.52283,1.52346,1.19,1.62
2018.04.18 21:08:29.952,1.52283,1.52343,1.19,1.00
2018.04.18 21:08:32.185,1.52283,1.52344,1.19,1.00
2018.04.18 21:08:32.990,1.52283,1.52343,1.19,1.00
2018.04.18 21:08:34.239,1.52283,1.52346,1.19,1.31
2018.04.18 21:08:36.586,1.52283,1.52344,1.19,1.00
2018.04.18 21:08:38.639,1.52283,1.52346,1.19,1.31
2018.04.18 21:08:39.170,1.52282,1.52346,1.19,1.00
2018.04.18 21:08:42.890,1.52282,1.52343,1.19,1.00
2018.04.18 21:08:43.684,1.52282,1.52344,1.19,1.00
2018.04.18 21:08:44.220,1.52282,1.52343,1.19,1.00
2018.04.18 21:08:45.097,1.52282,1.52346,1.19,1.37
2018.04.18 21:08:45.617,1.52282,1.52346,1.19,1.37
2018.04.18 21:08:46.119,1.52282,1.52346,1.19,1.37
2018.04.18 21:08:47.126,1.52282,1.52346,1.19,1.37
2018.04.18 21:08:48.662,1.52282,1.52343,1.19,1.00
2018.04.18 21:08:51.652,1.52282,1.52345,1.19,1.12
2018.04.18 21:08:53.790,1.52282,1.52343,1.19,1.00
2018.04.18 21:08:55.801,1.52282,1.52347,1.19,1.62
2018.04.18 21:08:58.151,1.52282,1.52346,1.19,1.12
2018.04.18 21:09:00.193,1.52282,1.52347,1.19,1.62
2018.04.18 21:09:01.242,1.52282,1.52346,1.19,1.12
2018.04.18 21:09:04.103,1.52282,1.52345,1.19,1.00
2018.04.18 21:09:04.526,1.52282,1.52343,1.19,1.00
2018.04.18 21:09:05.049,1.52282,1.52344,1.19,1.00
2018.04.18 21:09:06.137,1.52282,1.52343,1.19,1.00
2018.04.18 21:09:06.993,1.52282,1.52344,1.19,1.00
2018.04.18 21:09:08.327,1.52282,1.52341,1.19,1.00
2018.04.18 21:09:09.932,1.52282,1.52342,1.69,1.00
2018.04.18 21:09:10.594,1.52282,1.52344,1.69,1.00
2018.04.18 21:09:11.653,1.52292,1.52344,1.19,1.00
2018.04.18 21:09:13.140,1.52292,1.52345,1.19,1.00
2018.04.18 21:09:13.652,1.52292,1.52344,1.19,1.00
2018.04.18 21:09:14.175,1.52292,1.52343,1.19,1.00
2018.04.18 21:09:15.999,1.52292,1.52344,1.19,1.00
2018.04.18 21:09:16.311,1.52299,1.52345,1.19,1.00
2018.04.18 21:09:17.351,1.523,1.52346,1.19,1.00
2018.04.18 21:09:18.295,1.523,1.52344,1.19,1.00
2018.04.18 21:09:19.243,1.523,1.52343,1.19,1.00
2018.04.18 21:09:19.788,1.523,1.52342,1.19,1.00
2018.04.18 21:09:19.894,1.523,1.52344,1.19,1.00
2018.04.18 21:09:20.505,1.523,1.52345,1.19,1.00
2018.04.18 21:09:20.943,1.523,1.52342,1.19,1.00
2018.04.18 21:09:21.234,1.523,1.52344,1.19,1.00
2018.04.18 21:09:21.843,1.523,1.52345,1.19,1.00
2018.04.18 21:09:22.428,1.523,1.52344,1.19,1.00
2018.04.18 21:09:22.950,1.523,1.52345,1.19,1.00
2018.04.18 21:09:23.474,1.523,1.52344,1.19,1.00
2018.04.18 21:09:24.232,1.523,1.52345,1.19,1.00
2018.04.18 21:09:24.823,1.523,1.52344,1.19,1.00
2018.04.18 21:09:25.374,1.523,1.52345,1.19,1.00
2018.04.18 21:09:25.476,1.523,1.52342,1.19,1.00
2018.04.18 21:09:25.699,1.523,1.52346,1.19,1.00
2018.04.18 21:09:26.394,1.523,1.52344,1.19,1.00
2018.04.18 21:09:26.622,1.523,1.52346,1.19,1.00
2018.04.18 21:09:27.183,1.523,1.52345,1.19,1.00
2018.04.18 21:09:27.493,1.523,1.52347,1.19,1.00
2018.04.18 21:09:27.997,1.523,1.52348,1.19,1.25
2018.04.18 21:09:28.946,1.52304,1.52344,1.19,1.00
2018.04.18 21:09:29.200,1.52304,1.52349,1.19,1.19
2018.04.18 21:09:29.374,1.52304,1.52345,1.19,1.00
2018.04.18 21:09:29.636,1.52304,1.5235,1.19,1.19
2018.04.18 21:09:29.891,1.52304,1.52346,1.19,1.00
2018.04.18 21:09:30.304,1.52304,1.52344,1.19,1.00
2018.04.18 21:09:30.538,1.52299,1.52348,1.19,1.25
2018.04.18 21:09:30.691,1.52299,1.52345,1.19,1.00
2018.04.18 21:09:30.904,1.52299,1.52348,1.19,1.25
2018.04.18 21:09:31.213,1.52299,1.52345,1.19,1.00
2018.04.18 21:09:31.419,1.52299,1.52348,1.19,1.25
2018.04.18 21:09:31.689,1.52299,1.52345,1.19,1.00
2018.04.18 21:09:31.943,1.52299,1.52348,1.19,1.25
2018.04.18 21:09:32.045,1.52299,1.52346,1.19,1.00
2018.04.18 21:09:32.301,1.52299,1.52349,1.19,1.19
2018.04.18 21:09:32.589,1.52299,1.52345,1.19,1.00
2018.04.18 21:09:32.836,1.52299,1.52348,1.19,1.25
2018.04.18 21:09:33.348,1.52299,1.52344,1.69,1.00
2018.04.18 21:09:33.642,1.52299,1.52347,1.19,1.00
2018.04.18 21:09:33.745,1.52299,1.52345,1.19,1.00
2018.04.18 21:09:34.008,1.52299,1.52348,1.19,1.25
2018.04.18 21:09:34.162,1.52299,1.52344,1.19,1.00
2018.04.18 21:09:34.442,1.52299,1.52346,1.19,1.00
2018.04.18 21:09:34.945,1.52299,1.52347,1.19,1.00
2018.04.18 21:09:35.048,1.52299,1.52345,1.19,1.00
2018.04.18 21:09:35.491,1.523,1.52343,1.19,1.00
2018.04.18 21:09:35.697,1.523,1.52346,1.19,1.00
2018.04.18 21:09:35.985,1.523,1.52344,1.19,1.00
2018.04.18 21:09:36.237,1.523,1.52347,1.19,1.00
2018.04.18 21:09:36.392,1.523,1.52345,1.19,1.00
2018.04.18 21:09:36.928,1.523,1.52346,1.19,1.00
2018.04.18 21:09:37.485,1.523,1.52345,1.19,1.00
2018.04.18 21:09:37.537,1.52299,1.52348,1.19,1.25
2018.04.18 21:09:37.752,1.52299,1.52345,1.19,1.00
2018.04.18 21:09:38.016,1.52299,1.52348,1.19,1.25
2018.04.18 21:09:38.285,1.523,1.52345,1.19,1.00
2018.04.18 21:09:38.537,1.523,1.52347,1.19,1.00
2018.04.18 21:09:38.785,1.523,1.52344,1.19,1.00
2018.04.18 21:09:39.004,1.523,1.52347,1.19,1.50
2018.04.18 21:09:39.184,1.523,1.52345,1.19,1.00
2018.04.18 21:09:39.437,1.523,1.52347,1.19,1.00
2018.04.18 21:09:39.591,1.523,1.52345,1.19,1.00
2018.04.18 21:09:39.836,1.52298,1.52347,2.44,1.00
2018.04.18 21:09:40.053,1.52298,1.52345,1.69,1.00
2018.04.18 21:09:40.376,1.52298,1.52348,1.69,1.50
2018.04.18 21:09:40.479,1.52298,1.52345,1.69,1.00
2018.04.18 21:09:40.696,1.52298,1.52348,1.69,1.50
2018.04.18 21:09:40.748,1.52301,1.52346,1.19,1.00
2018.04.18 21:09:41.049,1.52301,1.52342,1.19,1.00
2018.04.18 21:09:41.239,1.52302,1.52345,1.19,1.00
2018.04.18 21:09:41.743,1.52302,1.52344,1.19,1.00
2018.04.18 21:09:42.043,1.52302,1.52346,1.19,1.00
2018.04.18 21:09:42.145,1.52302,1.52343,1.19,1.00
2018.04.18 21:09:42.409,1.52298,1.52346,1.19,1.00
2018.04.18 21:09:42.651,1.52302,1.52344,1.19,1.00
2018.04.18 21:09:43.293,1.52302,1.52345,1.19,1.00
2018.04.18 21:09:43.844,1.52302,1.52344,1.19,1.00
2018.04.18 21:09:44.413,1.52302,1.52345,1.19,1.50
2018.04.18 21:09:44.955,1.52301,1.52346,1.19,1.00
2018.04.18 21:09:45.443,1.52301,1.52344,1.19,1.00
2018.04.18 21:09:45.703,1.52298,1.52348,1.69,1.50
2018.04.18 21:09:45.844,1.52298,1.52345,1.69,1.00
2018.04.18 21:09:46.097,1.52298,1.52348,1.69,1.50
2018.04.18 21:09:46.352,1.52298,1.52345,1.69,1.00
2018.04.18 21:09:46.644,1.52298,1.52347,1.69,1.00
2018.04.18 21:09:46.849,1.52303,1.52345,1.19,1.00
2018.04.18 21:09:47.381,1.52303,1.52344,1.19,1.00
2018.04.18 21:09:47.601,1.52299,1.52348,1.19,1.50
2018.04.18 21:09:47.653,1.52302,1.52344,1.19,1.00
2018.04.18 21:09:48.180,1.52302,1.52343,1.19,1.00
2018.04.18 21:09:48.793,1.52302,1.52344,1.19,1.00
2018.04.18 21:09:49.460,1.52302,1.52342,1.19,1.00
2018.04.18 21:09:49.726,1.52302,1.52344,1.19,1.00
2018.04.18 21:09:49.976,1.52302,1.52342,1.19,1.00
2018.04.18 21:09:50.300,1.52302,1.52344,1.19,1.50
2018.04.18 21:09:50.875,1.52302,1.52342,1.19,1.00
2018.04.18 21:09:51.115,1.52299,1.52345,1.19,1.00
2018.04.18 21:09:51.267,1.52299,1.52342,1.19,1.00
2018.04.18 21:09:51.536,1.52299,1.52345,1.19,1.00
2018.04.18 21:09:51.674,1.52298,1.52343,1.19,1.00
2018.04.18 21:09:51.937,1.52301,1.52345,1.19,1.50
2018.04.18 21:09:52.091,1.52301,1.52342,1.19,1.00
2018.04.18 21:09:52.315,1.52301,1.52345,1.19,1.00
2018.04.18 21:09:52.543,1.52301,1.52343,1.19,1.00
2018.04.18 21:09:52.799,1.52301,1.52345,1.19,1.00
2018.04.18 21:09:52.953,1.52298,1.52343,1.19,1.00
2018.04.18 21:09:53.300,1.52301,1.52345,1.19,1.00
2018.04.18 21:09:53.352,1.52298,1.52342,1.19,1.00
2018.04.18 21:09:53.609,1.52301,1.52346,1.19,1.00
2018.04.18 21:09:53.865,1.52301,1.52343,1.19,1.00
2018.04.18 21:09:54.115,1.52301,1.52345,1.19,1.00
2018.04.18 21:09:54.269,1.52301,1.52342,1.19,1.00
2018.04.18 21:09:54.522,1.52301,1.52345,1.19,1.00
2018.04.18 21:09:54.677,1.52301,1.52342,1.19,1.00
2018.04.18 21:09:54.934,1.52301,1.52345,1.19,1.00
2018.04.18 21:09:55.089,1.52301,1.52342,1.19,1.00
2018.04.18 21:09:55.308,1.52301,1.52345,1.19,1.00
2018.04.18 21:09:55.546,1.52301,1.52342,1.19,1.00
2018.04.18 21:09:55.802,1.52301,1.52344,1.19,1.00
2018.04.18 21:09:56.202,1.523,1.52342,1.19,1.00
2018.04.18 21:09:56.726,1.52302,1.52343,1.19,1.00
2018.04.18 21:09:57.393,1.52302,1.52342,1.19,1.00
2018.04.18 21:09:57.620,1.52302,1.52345,1.19,1.00
2018.04.18 21:09:57.876,1.52302,1.52343,1.19,1.00
2018.04.18 21:09:58.137,1.52302,1.52345,1.19,1.00
2018.04.18 21:09:58.292,1.52302,1.52342,1.19,1.00
2018.04.18 21:09:58.497,1.52302,1.52345,1.19,1.00
2018.04.18 21:09:58.652,1.52302,1.52343,1.19,1.00
2018.04.18 21:09:59.379,1.52302,1.52345,1.19,1.00
2018.04.18 21:09:59.431,1.52302,1.52347,1.19,1.00
2018.04.18 21:09:59.585,1.52303,1.52345,1.19,1.00
2018.04.18 21:09:59.842,1.52303,1.52347,1.19,1.00
2018.04.18 21:10:00.038,1.52303,1.52345,1.19,1.00
2018.04.18 21:10:00.297,1.52303,1.52347,1.19,1.00
2018.04.18 21:10:00.812,1.52301,1.52346,1.19,1.00
2018.04.18 21:10:01.366,1.52301,1.52344,1.19,1.00
2018.04.18 21:10:01.691,1.523,1.52342,1.19,1.00
2018.04.18 21:10:02.472,1.52299,1.52346,1.19,1.00
2018.04.18 21:10:03.004,1.523,1.52347,1.19,1.00
2018.04.18 21:10:03.159,1.52302,1.5235,1.19,1.12
2018.04.18 21:10:03.466,1.52302,1.52351,1.19,1.37
2018.04.18 21:10:03.913,1.52305,1.52354,1.19,1.00
2018.04.18 21:10:04.074,1.52301,1.52352,1.19,1.00
2018.04.18 21:10:04.330,1.52305,1.52354,1.19,1.00
2018.04.18 21:10:04.488,1.52303,1.52352,1.19,1.00
2018.04.18 21:10:04.695,1.52305,1.52354,1.19,1.00
2018.04.18 21:10:04.849,1.52303,1.52352,1.19,1.00
2018.04.18 21:10:05.106,1.52304,1.52355,1.19,1.00
2018.04.18 21:10:05.364,1.52305,1.52352,1.19,1.00
2018.04.18 21:10:05.622,1.52305,1.52354,1.19,1.00
2018.04.18 21:10:05.777,1.52303,1.52352,1.69,1.00
2018.04.18 21:10:06.033,1.52305,1.52354,1.19,1.00
2018.04.18 21:10:06.238,1.52303,1.52352,1.19,1.00
2018.04.18 21:10:06.549,1.52305,1.52354,1.19,1.00
2018.04.18 21:10:06.856,1.52303,1.52352,1.19,1.00
2018.04.18 21:10:06.908,1.52304,1.52355,1.19,1.00
2018.04.18 21:10:07.164,1.52303,1.52352,1.19,1.00
2018.04.18 21:10:07.678,1.52302,1.52353,1.69,1.00
2018.04.18 21:10:08.609,1.52302,1.52353,1.19,1.00
2018.04.18 21:10:09.214,1.52301,1.52352,1.19,1.00
2018.04.18 21:10:09.267,1.52302,1.52352,1.19,1.00
2018.04.18 21:10:09.473,1.52302,1.52351,1.19,1.00
2018.04.18 21:10:10.138,1.52304,1.52355,1.19,1.00
2018.04.18 21:10:10.292,1.52304,1.52355,1.69,1.00
2018.04.18 21:10:10.600,1.52304,1.52352,1.19,1.00
2018.04.18 21:10:11.240,1.52302,1.52353,1.19,1.00
2018.04.18 21:10:12.301,1.523,1.52351,1.69,1.00
2018.04.18 21:10:12.816,1.52301,1.5235,1.19,1.00
2018.04.18 21:10:13.326,1.523,1.52351,1.69,1.00
2018.04.18 21:10:13.379,1.52301,1.5235,1.19,1.00
2018.04.18 21:10:13.899,1.523,1.52351,1.19,1.00
2018.04.18 21:10:14.398,1.52302,1.52353,1.19,1.00
2018.04.18 21:10:15.305,1.523,1.52349,1.19,1.00
2018.04.18 21:10:16.483,1.52302,1.52351,1.19,1.00
2018.04.18 21:10:16.995,1.52301,1.5235,1.19,1.00
2018.04.18 21:10:17.292,1.52303,1.5235,1.19,1.00
2018.04.18 21:10:17.344,1.52301,1.52352,1.19,1.50
2018.04.18 21:10:17.879,1.52302,1.52351,1.19,1.00
2018.04.18 21:10:18.657,1.52301,1.5235,1.19,1.00
2018.04.18 21:10:18.913,1.52302,1.52352,1.19,1.00
2018.04.18 21:10:19.176,1.52301,1.5235,1.19,1.00
2018.04.18 21:10:19.485,1.52301,1.5235,2.44,1.50
2018.04.18 21:10:19.794,1.52301,1.5235,1.69,1.50
2018.04.18 21:10:20.296,1.52301,1.52351,1.19,1.00
2018.04.18 21:10:21.403,1.52301,1.52352,1.69,1.00
2018.04.18 21:10:21.876,1.52305,1.52353,2.44,1.00
2018.04.18 21:10:22.133,1.52312,1.52358,1.19,1.87
2018.04.18 21:10:23.058,1.52312,1.52353,1.69,1.00
2018.04.18 21:10:23.109,1.52314,1.52356,1.19,1.00
2018.04.18 21:10:24.415,1.52312,1.52353,1.19,1.00
2018.04.18 21:10:24.548,1.52313,1.52356,1.19,1.00
2018.04.18 21:10:25.571,1.52325,1.52356,1.00,1.00
2018.04.18 21:10:25.879,1.52332,1.52371,1.19,1.87
2018.04.18 21:10:26.398,1.52332,1.52373,1.19,1.37
2018.04.18 21:10:28.397,1.52332,1.52373,1.19,1.37
2018.04.18 21:10:29.300,1.52327,1.52373,1.19,1.37
2018.04.18 21:10:29.403,1.52327,1.52373,1.19,1.37
2018.04.18 21:10:30.408,1.52331,1.52372,1.19,1.37
2018.04.18 21:10:30.617,1.52327,1.52373,1.19,1.37
2018.04.18 21:10:31.408,1.52327,1.52372,1.19,1.37
2018.04.18 21:10:33.338,1.52334,1.52376,1.19,1.12
2018.04.18 21:10:34.357,1.52334,1.52377,1.19,1.37
2018.04.18 21:10:35.501,1.5233,1.5237,1.19,1.00
2018.04.18 21:10:35.553,1.52325,1.5237,1.19,1.00
2018.04.18 21:10:35.915,1.52325,1.52371,1.19,1.37
2018.04.18 21:10:36.427,1.52326,1.5237,1.19,1.37
2018.04.18 21:10:36.582,1.52325,1.52371,1.19,1.62
2018.04.18 21:10:36.839,1.52328,1.52371,1.19,1.50
2018.04.18 21:10:37.462,1.52326,1.52371,1.19,1.00
2018.04.18 21:10:37.514,1.52328,1.52371,1.19,1.00
2018.04.18 21:10:37.740,1.52328,1.5237,1.19,1.00
2018.04.18 21:10:37.792,1.52327,1.5237,1.19,1.37
2018.04.18 21:10:37.957,1.52323,1.52372,1.19,1.56
2018.04.18 21:10:38.009,1.52327,1.52371,1.19,1.37
2018.04.18 21:10:38.347,1.52322,1.52369,1.19,1.62
2018.04.18 21:10:38.501,1.52322,1.5237,1.19,1.19
2018.04.18 21:10:38.554,1.52311,1.52363,1.19,1.00
2018.04.18 21:10:38.607,1.52306,1.52358,1.19,1.00
2018.04.18 21:10:38.660,1.52296,1.52352,1.19,1.00
2018.04.18 21:10:38.764,1.52295,1.52353,1.19,1.00
2018.04.18 21:10:39.159,1.52292,1.52351,1.24,1.00
2018.04.18 21:10:39.436,1.5229,1.52355,2.06,1.31
2018.04.18 21:10:39.590,1.5229,1.5235,1.56,1.00
2018.04.18 21:10:39.947,1.5229,1.52354,1.56,1.87
2018.04.18 21:10:41.670,1.5229,1.5235,1.56,1.00
2018.04.18 21:10:42.210,1.52296,1.52349,1.19,1.00
2018.04.18 21:10:42.437,1.52296,1.52352,1.19,1.00
2018.04.18 21:10:42.691,1.52296,1.52348,1.19,1.00
2018.04.18 21:10:43.207,1.52296,1.52349,1.19,1.00
2018.04.18 21:10:43.730,1.52296,1.52348,1.19,1.00
2018.04.18 21:10:43.833,1.52296,1.52352,1.19,1.00
2018.04.18 21:10:43.987,1.52296,1.52349,1.19,1.00
2018.04.18 21:10:44.237,1.52296,1.52352,1.19,1.00
2018.04.18 21:10:44.749,1.52296,1.52351,1.69,1.00
2018.04.18 21:10:45.263,1.52296,1.52352,1.19,1.00
2018.04.18 21:10:45.889,1.52297,1.52348,1.19,1.00
2018.04.18 21:10:47.917,1.52301,1.52352,1.19,1.00
2018.04.18 21:10:47.968,1.52301,1.52352,1.19,1.00
2018.04.18 21:10:48.274,1.52299,1.52347,1.19,1.00
2018.04.18 21:10:48.326,1.52302,1.52351,1.19,1.00
2018.04.18 21:10:48.480,1.52299,1.52347,1.19,1.00
2018.04.18 21:10:48.741,1.52302,1.52351,1.19,1.00
2018.04.18 21:10:48.946,1.52299,1.52348,1.69,1.00
2018.04.18 21:10:49.205,1.52301,1.52352,1.19,1.00
2018.04.18 21:10:49.470,1.52299,1.52348,1.19,1.00
2018.04.18 21:10:49.726,1.52302,1.52351,1.19,1.00
2018.04.18 21:10:49.880,1.52299,1.52347,1.19,1.00
2018.04.18 21:10:50.119,1.52302,1.52351,1.19,1.00
2018.04.18 21:10:50.389,1.52299,1.52347,1.19,1.00
2018.04.18 21:10:50.619,1.52304,1.52354,1.19,1.00
2018.04.18 21:10:50.670,1.52304,1.52354,1.69,1.00
2018.04.18 21:10:50.993,1.52304,1.52352,1.19,1.00
2018.04.18 21:10:51.321,1.52304,1.52349,1.19,1.00
2018.04.18 21:10:51.548,1.52304,1.52352,1.19,1.00
2018.04.18 21:10:51.752,1.52304,1.52349,1.19,1.00
2018.04.18 21:10:51.994,1.52304,1.52361,1.19,1.12
2018.04.18 21:10:52.147,1.52304,1.52348,1.19,1.00
2018.04.18 21:10:52.422,1.52304,1.52362,1.19,1.37
2018.04.18 21:10:52.576,1.52304,1.5235,1.19,1.00
2018.04.18 21:10:52.817,1.52304,1.52361,1.19,1.37
2018.04.18 21:10:53.073,1.52304,1.52351,1.19,1.00
2018.04.18 21:10:53.330,1.52304,1.52355,1.69,1.00
2018.04.18 21:10:53.586,1.52304,1.52351,1.19,1.00
2018.04.18 21:10:53.793,1.52305,1.52354,1.19,1.00
2018.04.18 21:10:54.093,1.52304,1.52351,1.19,1.00
2018.04.18 21:10:54.342,1.52316,1.52359,1.19,1.00
2018.04.18 21:10:54.549,1.52312,1.52361,1.69,1.00
2018.04.18 21:10:54.601,1.52312,1.52358,1.69,1.00
2018.04.18 21:10:55.974,1.52313,1.52359,1.19,1.00
2018.04.18 21:10:56.512,1.52313,1.52358,1.19,1.00
2018.04.18 21:10:57.278,1.52315,1.52363,1.19,1.37
2018.04.18 21:10:57.433,1.5232,1.52363,1.19,1.37
2018.04.18 21:10:57.690,1.5232,1.52367,1.19,1.37
2018.04.18 21:10:58.246,1.5232,1.52365,1.19,1.00
2018.04.18 21:10:59.729,1.52313,1.52362,1.56,1.00
2018.04.18 21:11:00.190,1.52312,1.52356,1.19,1.00
2018.04.18 21:11:00.427,1.52308,1.52356,1.00,1.00
2018.04.18 21:11:00.877,1.52306,1.52352,1.19,1.00
2018.04.18 21:11:01.904,1.52302,1.52351,1.19,1.00
2018.04.18 21:11:02.394,1.52301,1.52348,1.19,1.00
2018.04.18 21:11:04.400,1.523,1.52349,1.19,1.50
2018.04.18 21:11:05.671,1.52299,1.52348,1.19,1.00
2018.04.18 21:11:05.877,1.52298,1.52348,1.19,1.00
2018.04.18 21:11:05.929,1.52299,1.52348,1.19,1.00
2018.04.18 21:11:07.442,1.52298,1.52349,1.19,1.00
2018.04.18 21:11:07.822,1.52307,1.52355,1.19,1.00
2018.04.18 21:11:08.127,1.52306,1.52352,1.19,1.00
2018.04.18 21:11:08.902,1.52308,1.52352,1.19,1.00
2018.04.18 21:11:11.324,1.52308,1.52353,1.19,1.00
2018.04.18 21:11:24.934,1.52309,1.5235,1.19,1.00
2018.04.18 21:11:26.954,1.52309,1.5235,1.19,1.00
2018.04.18 21:11:29.096,1.52309,1.52353,1.19,1.00
2018.04.18 21:11:30.737,1.52308,1.52353,1.19,1.00
2018.04.18 21:11:30.913,1.52317,1.52357,1.19,1.00
2018.04.18 21:11:31.219,1.52321,1.52357,1.19,1.00
2018.04.18 21:11:31.755,1.52322,1.52358,1.19,1.00
2018.04.18 21:11:33.702,1.52321,1.5236,1.19,1.00
2018.04.18 21:11:33.805,1.52315,1.52363,1.19,1.12
2018.04.18 21:11:33.856,1.52311,1.5236,1.56,1.00
2018.04.18 21:11:33.908,1.52312,1.5236,1.19,1.00
2018.04.18 21:11:34.011,1.52309,1.52352,1.19,1.00
2018.04.18 21:11:43.421,1.52308,1.52349,1.19,1.00
2018.04.18 21:11:44.356,1.52307,1.52349,1.19,1.00
2018.04.18 21:11:45.107,1.52307,1.52349,1.19,1.00
2018.04.18 21:11:50.494,1.52308,1.52349,1.69,1.00
2018.04.18 21:11:55.187,1.52308,1.52349,1.19,1.00
2018.04.18 21:11:55.494,1.5231,1.52349,1.19,1.00
2018.04.18 21:11:56.525,1.52309,1.52349,1.19,1.00
2018.04.18 21:11:57.640,1.52309,1.52351,1.19,1.00
2018.04.18 21:11:59.443,1.52309,1.52351,1.69,1.00
2018.04.18 21:12:08.487,1.52307,1.52351,1.19,1.00
2018.04.18 21:12:08.538,1.52308,1.52351,1.19,1.00
2018.04.18 21:12:09.557,1.52309,1.52351,1.69,1.00
2018.04.18 21:12:09.712,1.52309,1.52351,1.19,1.00
2018.04.18 21:12:10.247,1.52311,1.52351,1.19,1.00
2018.04.18 21:12:10.644,1.5231,1.52351,1.19,1.00
2018.04.18 21:12:11.260,1.52308,1.5235,1.69,1.00
2018.04.18 21:12:13.255,1.52309,1.52351,1.69,1.00
2018.04.18 21:12:22.582,1.52307,1.52351,1.19,1.00
2018.04.18 21:12:22.634,1.52305,1.52351,1.12,1.00
2018.04.18 21:12:22.738,1.52303,1.5235,1.00,1.00
2018.04.18 21:12:23.191,1.52301,1.52347,1.00,1.00
2018.04.18 21:12:23.683,1.52301,1.52345,1.00,1.00
2018.04.18 21:12:24.582,1.523,1.52345,1.00,1.00
2018.04.18 21:12:24.917,1.52301,1.52345,1.19,1.00
2018.04.18 21:12:29.653,1.523,1.52345,1.00,1.00
2018.04.18 21:12:29.705,1.52298,1.52345,1.12,1.00
2018.04.18 21:12:30.660,1.52298,1.52345,1.19,1.50
2018.04.18 21:12:30.867,1.52298,1.52344,1.00,1.00
2018.04.18 21:12:31.968,1.52303,1.52345,1.19,1.00
2018.04.18 21:12:32.071,1.52302,1.52348,1.69,1.00
2018.04.18 21:12:33.317,1.52303,1.52348,1.69,1.00
2018.04.18 21:12:35.036,1.52309,1.52348,1.19,1.00
2018.04.18 21:12:37.051,1.52307,1.52353,1.19,1.00
2018.04.18 21:12:38.887,1.52305,1.52353,1.19,1.00
2018.04.18 21:12:39.786,1.52305,1.52348,1.19,1.00
2018.04.18 21:12:42.348,1.52304,1.5235,1.19,1.00
2018.04.18 21:12:43.657,1.52303,1.52352,1.19,1.50
2018.04.18 21:12:45.471,1.52303,1.52348,1.19,1.00
2018.04.18 21:12:46.777,1.52303,1.52351,1.69,1.00
2018.04.18 21:12:47.909,1.52306,1.52352,1.19,1.00
2018.04.18 21:12:48.325,1.52309,1.52352,1.19,1.00
2018.04.18 21:12:57.565,1.52305,1.5235,1.19,1.00
2018.04.18 21:12:57.822,1.52305,1.52352,1.69,1.00
2018.04.18 21:12:58.359,1.52306,1.52347,1.19,1.00
2018.04.18 21:12:59.760,1.52306,1.52347,1.69,1.00
2018.04.18 21:13:01.338,1.52305,1.52351,1.19,1.50
2018.04.18 21:13:06.195,1.52305,1.52351,1.19,1.00
2018.04.18 21:13:07.143,1.52305,1.52351,1.19,1.00
2018.04.18 21:13:08.245,1.52305,1.52351,1.19,1.00
2018.04.18 21:13:08.772,1.52305,1.52351,1.69,1.00
2018.04.18 21:13:21.532,1.52308,1.52351,1.19,1.00
2018.04.18 21:13:28.090,1.52306,1.52351,1.19,1.00
2018.04.18 21:13:34.086,1.52307,1.52351,1.69,1.00
2018.04.18 21:13:40.818,1.52308,1.52354,1.19,1.00
2018.04.18 21:13:41.036,1.52308,1.52351,1.19,1.00
2018.04.18 21:13:52.874,1.52308,1.52353,1.19,1.00
2018.04.18 21:14:07.825,1.5231,1.52353,1.19,1.00
2018.04.18 21:14:09.378,1.52306,1.52351,1.32,1.00
2018.04.18 21:14:09.594,1.52306,1.52353,1.32,1.00
2018.04.18 21:14:10.158,1.52306,1.52352,1.32,1.00
2018.04.18 21:14:10.417,1.52306,1.52354,1.32,1.50
2018.04.18 21:14:10.469,1.52306,1.52349,1.19,1.00
2018.04.18 21:14:13.897,1.52305,1.52347,1.53,1.00
2018.04.18 21:14:13.950,1.52305,1.52347,1.53,1.00
2018.04.18 21:14:14.212,1.52304,1.52351,1.97,1.00
2018.04.18 21:14:14.264,1.52305,1.52347,1.32,1.00
2018.04.18 21:14:14.794,1.52306,1.52352,1.19,1.00
2018.04.18 21:14:14.898,1.52305,1.52347,1.19,1.00
2018.04.18 21:14:15.001,1.52305,1.52352,1.19,1.50
2018.04.18 21:14:15.053,1.52305,1.52349,1.19,1.00
2018.04.18 21:14:15.518,1.52305,1.52352,1.19,1.00
2018.04.18 21:14:15.880,1.52308,1.52346,1.19,1.00
2018.04.18 21:14:15.931,1.52304,1.52352,1.22,1.50
2018.04.18 21:14:16.089,1.52305,1.52347,1.19,1.00
2018.04.18 21:14:16.192,1.52307,1.5235,1.25,1.00
2018.04.18 21:14:16.296,1.52305,1.5235,1.19,1.00
2018.04.18 21:14:16.691,1.52306,1.5235,1.19,1.00
2018.04.18 21:14:17.325,1.52312,1.5235,1.19,1.00
2018.04.18 21:14:17.587,1.52315,1.52353,1.19,1.00
2018.04.18 21:14:18.050,1.52316,1.52353,1.25,1.50
2018.04.18 21:14:18.153,1.52314,1.52348,1.19,1.00
2018.04.18 21:14:19.034,1.52313,1.52347,1.19,1.00
2018.04.18 21:14:19.915,1.52314,1.52351,1.19,1.00
2018.04.18 21:14:20.069,1.52313,1.52349,1.19,1.00
2018.04.18 21:14:20.121,1.52315,1.52353,1.19,1.00
2018.04.18 21:14:20.173,1.52322,1.52351,1.00,1.00
2018.04.18 21:14:20.225,1.52321,1.52354,1.25,1.00
2018.04.18 21:14:20.533,1.52321,1.52352,1.25,1.00
2018.04.18 21:14:21.060,1.52322,1.52352,1.19,1.00
2018.04.18 21:14:21.216,1.52321,1.52351,1.19,1.00
2018.04.18 21:14:21.560,1.52321,1.52355,1.19,1.00
2018.04.18 21:14:21.612,1.52321,1.52352,1.19,1.00
2018.04.18 21:14:22.350,1.52321,1.52352,1.19,1.00
2018.04.18 21:14:32.523,1.52322,1.52353,1.19,1.00
2018.04.18 21:14:33.811,1.52318,1.52349,1.22,1.00
2018.04.18 21:14:34.077,1.52318,1.52351,1.22,1.00
2018.04.18 21:14:34.181,1.52318,1.52353,1.22,1.00
2018.04.18 21:14:34.285,1.52318,1.52351,1.22,1.00
2018.04.18 21:14:35.099,1.52318,1.52351,1.22,1.00
2018.04.18 21:14:35.952,1.52318,1.52349,1.22,1.00
2018.04.18 21:14:36.055,1.52317,1.52356,1.22,1.00
2018.04.18 21:14:36.161,1.52317,1.52349,1.53,1.00
2018.04.18 21:14:36.742,1.52318,1.5235,1.22,1.00
2018.04.18 21:14:37.051,1.52317,1.52348,1.47,1.00
2018.04.18 21:14:37.103,1.52317,1.52353,1.47,1.00
2018.04.18 21:14:37.155,1.52318,1.52351,1.22,1.00
2018.04.18 21:14:38.140,1.52316,1.52348,1.53,1.00
2018.04.18 21:14:38.192,1.52316,1.52351,1.47,1.00
2018.04.18 21:14:39.935,1.52318,1.5235,1.00,1.00
2018.04.18 21:14:40.039,1.52318,1.52348,1.00,1.00
2018.04.18 21:14:40.605,1.52317,1.52348,1.25,1.00
2018.04.18 21:14:41.045,1.52317,1.52346,1.25,1.00
2018.04.18 21:14:41.251,1.52313,1.52346,1.19,1.00
2018.04.18 21:14:42.538,1.52313,1.52348,1.19,1.00
2018.04.18 21:14:42.589,1.52313,1.52345,1.19,1.00
2018.04.18 21:14:44.281,1.52313,1.52341,1.19,1.00
2018.04.18 21:14:44.385,1.52313,1.5235,1.19,1.37
2018.04.18 21:14:44.952,1.52313,1.52347,1.19,1.00
2018.04.18 21:14:45.415,1.52313,1.5234,1.19,1.00
2018.04.18 21:14:46.393,1.52312,1.52347,1.19,1.00
2018.04.18 21:14:46.445,1.52313,1.52343,1.19,1.00
2018.04.18 21:14:46.753,1.52312,1.52342,2.06,1.00
2018.04.18 21:14:46.908,1.52317,1.52349,1.47,1.00
2018.04.18 21:14:48.349,1.52319,1.5235,1.19,1.00
2018.04.18 21:14:48.401,1.52319,1.52348,1.19,1.00
2018.04.18 21:14:48.921,1.52319,1.52349,1.19,1.00
2018.04.18 21:14:49.436,1.52319,1.5235,1.19,1.00
2018.04.18 21:14:50.423,1.52319,1.52349,1.19,1.00
2018.04.18 21:14:51.290,1.52319,1.52349,1.19,1.00
2018.04.18 21:14:55.267,1.52317,1.5235,1.32,1.00
2018.04.18 21:14:55.576,1.52316,1.52348,1.47,1.00
2018.04.18 21:14:55.782,1.52316,1.52349,1.47,1.00
2018.04.18 21:14:55.834,1.52316,1.52349,1.47,1.00
2018.04.18 21:14:55.887,1.52316,1.52349,1.53,1.00
2018.04.18 21:14:55.990,1.52316,1.52349,1.47,1.00
2018.04.18 21:14:58.431,1.52317,1.52348,1.53,1.00
2018.04.18 21:15:00.027,1.52314,1.52348,1.47,1.00
2018.04.18 21:15:00.340,1.52311,1.52349,1.32,1.00
2018.04.18 21:15:00.392,1.52305,1.52348,2.35,1.00
2018.04.18 21:15:00.444,1.52304,1.52345,2.35,1.00
2018.04.18 21:15:01.058,1.52301,1.52346,1.60,1.00
2018.04.18 21:15:01.425,1.52305,1.52351,1.25,1.00
2018.04.18 21:15:01.477,1.52305,1.52349,1.25,1.00
2018.04.18 21:15:02.246,1.52301,1.52347,1.19,1.00
2018.04.18 21:15:02.501,1.52303,1.52349,1.19,1.00
2018.04.18 21:15:02.603,1.52298,1.52346,1.19,1.00
2018.04.18 21:15:02.706,1.52304,1.5235,1.19,1.00
2018.04.18 21:15:03.031,1.52302,1.52348,1.19,1.00
2018.04.18 21:15:03.540,1.52302,1.52349,1.19,1.00
2018.04.18 21:15:05.645,1.52303,1.52351,1.19,1.00
2018.04.18 21:15:06.485,1.52303,1.52348,1.19,1.00
2018.04.18 21:15:07.419,1.52302,1.52348,1.19,1.00
2018.04.18 21:15:07.474,1.52302,1.5235,1.19,1.00
2018.04.18 21:15:07.526,1.52297,1.52345,1.19,1.00
2018.04.18 21:15:07.886,1.52296,1.52342,1.19,1.00
2018.04.18 21:15:10.556,1.52296,1.52342,1.25,1.00
2018.04.18 21:15:10.659,1.52293,1.52339,1.19,1.00
2018.04.18 21:15:13.321,1.52293,1.52339,1.00,1.00
2018.04.18 21:15:15.786,1.52293,1.5234,1.00,1.00
2018.04.18 21:15:16.203,1.52289,1.52336,1.00,1.00
2018.04.18 21:15:16.255,1.52289,1.52338,1.00,1.00
2018.04.18 21:15:16.359,1.52294,1.5234,1.00,1.00
2018.04.18 21:15:16.411,1.52288,1.52336,1.25,1.00
2018.04.18 21:15:16.617,1.52292,1.52339,1.00,1.00
2018.04.18 21:15:16.875,1.52292,1.52341,1.00,1.00
2018.04.18 21:15:16.926,1.52289,1.52336,1.00,1.00
2018.04.18 21:15:16.978,1.52289,1.52338,1.00,1.00
2018.04.18 21:15:17.086,1.52291,1.5234,1.00,1.00
2018.04.18 21:15:17.396,1.52288,1.52335,1.31,1.00
2018.04.18 21:15:17.448,1.52288,1.52337,1.31,1.00
2018.04.18 21:15:17.870,1.52293,1.52341,1.00,1.00
2018.04.18 21:15:18.244,1.52289,1.52336,1.00,1.00
2018.04.18 21:15:18.297,1.52289,1.52339,1.00,1.00
2018.04.18 21:15:18.964,1.52289,1.52338,1.00,1.00
2018.04.18 21:15:19.395,1.52293,1.52343,1.00,1.37
2018.04.18 21:15:20.632,1.52293,1.52343,1.00,1.37
2018.04.18 21:15:20.995,1.52293,1.52343,1.00,1.37
2018.04.18 21:15:21.159,1.52293,1.52343,1.00,1.37
2018.04.18 21:15:21.469,1.52291,1.5234,1.00,1.12
2018.04.18 21:15:23.842,1.5229,1.52338,1.00,1.00
2018.04.18 21:15:24.943,1.52288,1.52338,1.00,1.00
2018.04.18 21:15:31.976,1.52289,1.52339,1.00,1.12
2018.04.18 21:15:32.033,1.52287,1.52336,1.00,1.00
2018.04.18 21:15:32.239,1.5229,1.52341,1.00,1.12
2018.04.18 21:15:32.291,1.52286,1.52335,1.00,1.00
2018.04.18 21:15:32.840,1.52287,1.52335,1.00,1.00
2018.04.18 21:15:34.897,1.52287,1.52336,1.00,1.00
2018.04.18 21:15:35.103,1.5229,1.5234,1.00,1.00
2018.04.18 21:15:35.207,1.52285,1.52336,1.87,1.00
2018.04.18 21:15:35.363,1.52291,1.52339,1.00,1.00
2018.04.18 21:15:35.466,1.52284,1.52335,1.25,1.00
2018.04.18 21:15:35.518,1.52286,1.52334,1.00,1.00
2018.04.18 21:15:35.570,1.5229,1.5234,1.00,1.12
2018.04.18 21:15:36.316,1.52289,1.52339,1.00,1.00
2018.04.18 21:15:36.816,1.52287,1.52338,1.00,1.00
2018.04.18 21:15:37.180,1.52292,1.52341,1.00,1.00
2018.04.18 21:15:37.489,1.52283,1.52334,1.56,1.00
2018.04.18 21:15:37.725,1.52289,1.52338,1.00,1.00
2018.04.18 21:15:37.779,1.52285,1.52334,1.56,1.00
2018.04.18 21:15:37.883,1.52287,1.52338,1.00,1.00
2018.04.18 21:15:37.935,1.52284,1.52333,1.56,1.00
2018.04.18 21:15:38.038,1.52284,1.52335,1.56,1.00
2018.04.18 21:15:38.140,1.52288,1.5234,1.00,1.00
2018.04.18 21:15:38.192,1.52285,1.52335,1.37,1.00
2018.04.18 21:15:38.296,1.52287,1.52338,1.00,1.00
2018.04.18 21:15:38.501,1.52285,1.52334,1.37,1.00
2018.04.18 21:15:38.553,1.52288,1.52338,1.00,1.00
2018.04.18 21:15:38.656,1.52284,1.52334,1.37,1.00
2018.04.18 21:15:38.810,1.52288,1.5234,1.00,1.00
2018.04.18 21:15:38.862,1.52288,1.52338,1.12,1.00
2018.04.18 21:15:39.170,1.52283,1.52335,1.37,1.00
2018.04.18 21:15:39.222,1.52289,1.52339,1.00,1.00
2018.04.18 21:15:39.376,1.52285,1.52334,1.37,1.00
2018.04.18 21:15:39.479,1.52288,1.52338,1.12,1.00
2018.04.18 21:15:39.582,1.5229,1.52339,1.00,1.00
2018.04.18 21:15:39.809,1.52288,1.5234,1.00,1.00
2018.04.18 21:15:39.861,1.52284,1.52334,1.37,1.00
2018.04.18 21:15:40.419,1.52283,1.52333,1.37,1.00
2018.04.18 21:15:40.522,1.52283,1.52335,1.37,1.00
2018.04.18 21:15:40.574,1.52289,1.52338,1.00,1.00
2018.04.18 21:15:44.495,1.52285,1.52337,1.37,1.00
2018.04.18 21:15:44.601,1.52286,1.52335,1.37,1.00
2018.04.18 21:15:45.196,1.52286,1.52336,1.12,1.00
2018.04.18 21:15:45.654,1.52283,1.52333,1.37,1.00
2018.04.18 21:15:45.977,1.52287,1.52336,1.00,1.00
2018.04.18 21:15:46.584,1.52283,1.52333,1.37,1.00
2018.04.18 21:15:46.738,1.52286,1.52336,1.00,1.00
2018.04.18 21:15:46.944,1.52283,1.52334,1.37,1.00
2018.04.18 21:15:47.202,1.52285,1.52336,1.37,1.00
2018.04.18 21:15:47.901,1.52287,1.52336,1.00,1.12
2018.04.18 21:15:48.676,1.52283,1.52332,1.00,1.00
2018.04.18 21:15:54.588,1.52282,1.52332,1.00,1.00
2018.04.18 21:15:54.691,1.52283,1.52334,1.00,1.00
2018.04.18 21:15:54.743,1.52279,1.52331,1.69,1.00
2018.04.18 21:15:55.757,1.52279,1.52331,1.12,1.00
2018.04.18 21:15:59.745,1.52282,1.52331,1.00,1.00
2018.04.18 21:15:59.797,1.52282,1.52333,1.00,1.00
2018.04.18 21:15:59.849,1.52287,1.52334,1.00,1.00
2018.04.18 21:16:04.986,1.52289,1.52334,1.00,1.00
2018.04.18 21:16:05.806,1.52289,1.52337,1.00,1.00
2018.04.18 21:16:06.814,1.52289,1.52335,1.00,1.00
2018.04.18 21:16:07.641,1.52285,1.52335,1.00,1.00
2018.04.18 21:16:08.096,1.52287,1.52335,1.00,1.00
2018.04.18 21:16:08.814,1.52289,1.52335,1.00,1.12
2018.04.18 21:16:09.640,1.52289,1.52333,1.00,1.00
2018.04.18 21:16:09.845,1.52293,1.52341,1.00,1.00
2018.04.18 21:16:09.949,1.52293,1.52335,1.00,1.00
2018.04.18 21:16:10.169,1.5229,1.52335,1.00,1.00
2018.04.18 21:16:13.209,1.52288,1.52335,1.00,1.00
2018.04.18 21:16:14.746,1.52288,1.52332,1.00,1.00
2018.04.18 21:16:17.862,1.52287,1.52332,1.00,1.00
2018.04.18 21:16:18.383,1.52288,1.52332,1.00,1.00
2018.04.18 21:16:18.657,1.52288,1.52335,1.00,1.00
2018.04.18 21:16:19.192,1.52288,1.52334,1.00,1.00
2018.04.18 21:16:21.682,1.52291,1.52334,1.00,1.00
2018.04.18 21:16:23.433,1.52291,1.52335,1.00,1.00
2018.04.18 21:16:23.813,1.52294,1.52335,1.00,1.00
2018.04.18 21:16:23.968,1.52291,1.52335,1.00,1.00
2018.04.18 21:16:24.020,1.52291,1.52333,1.00,1.00
2018.04.18 21:16:27.250,1.5229,1.52333,1.00,1.00
2018.04.18 21:16:30.800,1.52289,1.5233,1.00,1.00
2018.04.18 21:16:31.204,1.52289,1.52327,1.00,1.00
2018.04.18 21:16:31.825,1.52287,1.52332,1.00,1.00
2018.04.18 21:16:31.877,1.52287,1.52326,1.00,1.00
2018.04.18 21:16:33.568,1.52287,1.52327,1.00,1.00
2018.04.18 21:16:33.723,1.52287,1.52334,1.00,1.12
2018.04.18 21:16:33.774,1.52287,1.52326,1.00,1.00
2018.04.18 21:16:33.929,1.52287,1.52334,1.00,1.12
2018.04.18 21:16:33.982,1.52287,1.52327,1.00,1.00
2018.04.18 21:16:34.504,1.52287,1.52328,1.00,1.00
2018.04.18 21:16:46.111,1.52286,1.52328,1.00,1.00
2018.04.18 21:16:59.943,1.52286,1.52326,1.00,1.00
2018.04.18 21:17:02.880,1.5229,1.52326,1.00,1.00
2018.04.18 21:17:03.002,1.52287,1.52326,1.00,1.00
2018.04.18 21:17:03.671,1.52287,1.52327,1.00,1.00
2018.04.18 21:17:03.877,1.52291,1.52327,1.00,1.25
2018.04.18 21:17:04.392,1.52292,1.52327,1.00,1.00
2018.04.18 21:17:04.444,1.52289,1.52327,1.00,1.00
2018.04.18 21:17:04.496,1.52289,1.52329,1.00,1.00
2018.04.18 21:17:04.704,1.52292,1.5233,1.00,1.25
2018.04.18 21:17:04.859,1.52289,1.5233,1.00,1.25
2018.04.18 21:17:05.099,1.52292,1.5233,1.00,1.25
2018.04.18 21:17:05.742,1.5229,1.5233,1.00,1.00
2018.04.18 21:17:07.913,1.52292,1.5233,1.00,1.00
2018.04.18 21:17:08.945,1.5229,1.5233,1.00,1.00
2018.04.18 21:17:09.099,1.52292,1.5233,1.00,1.00
2018.04.18 21:17:09.742,1.52289,1.5233,1.00,1.00
2018.04.18 21:17:10.926,1.52292,1.5233,1.00,1.00
2018.04.18 21:17:11.345,1.5229,1.52331,1.00,1.00
2018.04.18 21:17:11.591,1.52293,1.52331,1.00,1.00
2018.04.18 21:17:11.935,1.52291,1.52331,1.00,1.00
2018.04.18 21:17:13.906,1.52291,1.52333,1.00,1.25
2018.04.18 21:17:13.958,1.52293,1.52333,1.00,1.25
2018.04.18 21:17:14.183,1.5229,1.52333,1.00,1.25
2018.04.18 21:17:14.337,1.52293,1.52333,1.00,1.25
2018.04.18 21:17:15.338,1.52292,1.52333,1.00,1.12
2018.04.18 21:17:15.874,1.52291,1.52333,1.00,1.00
2018.04.18 21:17:16.194,1.52293,1.52333,1.00,1.00
2018.04.18 21:17:18.369,1.52293,1.52339,1.00,2.06
2018.04.18 21:17:18.959,1.52293,1.52339,1.00,2.06
2018.04.18 21:17:20.012,1.52293,1.52338,1.00,1.56
2018.04.18 21:17:20.694,1.52289,1.52338,1.00,1.56
2018.04.18 21:17:21.004,1.52288,1.52332,1.00,1.00
2018.04.18 21:17:21.367,1.52286,1.52332,1.00,1.00
2018.04.18 21:17:22.360,1.52284,1.52332,1.00,1.00
2018.04.18 21:17:22.474,1.52284,1.52332,1.00,1.19
2018.04.18 21:17:22.989,1.52284,1.52328,1.00,1.00
2018.04.18 21:17:24.745,1.52284,1.52332,1.00,1.56
2018.04.18 21:17:24.977,1.52284,1.52328,1.00,1.00
2018.04.18 21:17:27.297,1.52284,1.52328,1.00,1.62
2018.04.18 21:17:29.680,1.52284,1.52328,1.00,1.62
2018.04.18 21:17:31.649,1.52284,1.52328,1.00,1.37
2018.04.18 21:17:32.337,1.52284,1.52323,1.00,1.00
2018.04.18 21:17:32.542,1.52284,1.52329,1.00,1.56
2018.04.18 21:17:32.594,1.52284,1.52324,1.00,1.00
2018.04.18 21:17:33.056,1.52284,1.52328,1.00,1.62
2018.04.18 21:17:33.672,1.52284,1.5233,1.00,1.56
2018.04.18 21:17:34.669,1.52284,1.5233,1.00,1.56
2018.04.18 21:17:35.691,1.52284,1.52326,1.00,1.37
2018.04.18 21:17:40.697,1.52284,1.52326,1.00,1.37
2018.04.18 21:17:41.713,1.52284,1.52326,1.00,1.00
2018.04.18 21:18:05.176,1.52283,1.52326,1.00,1.12
2018.04.18 21:18:14.160,1.52283,1.52324,1.00,1.00
2018.04.18 21:18:21.638,1.52284,1.52324,1.00,1.00
2018.04.18 21:18:21.947,1.52291,1.52334,1.00,1.56
2018.04.18 21:18:21.999,1.52291,1.52329,1.00,1.00
2018.04.18 21:18:22.051,1.52291,1.52333,1.00,1.31
2018.04.18 21:18:22.103,1.52291,1.52327,1.00,1.00
2018.04.18 21:18:22.471,1.52293,1.52327,1.00,1.00
2018.04.18 21:18:22.637,1.52291,1.52327,1.00,1.00
2018.04.18 21:18:22.689,1.52294,1.52327,1.00,1.00
2018.04.18 21:18:22.895,1.52291,1.52329,1.00,1.00
2018.04.18 21:18:23.393,1.52293,1.52329,1.00,1.00
2018.04.18 21:18:23.894,1.52294,1.52329,1.00,1.00
2018.04.18 21:18:24.451,1.52293,1.52332,1.00,1.00
2018.04.18 21:18:24.697,1.52294,1.52329,1.00,1.00
2018.04.18 21:18:25.214,1.52295,1.52329,1.00,1.00
2018.04.18 21:18:25.420,1.52293,1.52329,1.00,1.00
2018.04.18 21:18:25.677,1.52296,1.52329,1.00,1.00
2018.04.18 21:18:25.831,1.5229,1.52329,1.00,1.00
2018.04.18 21:18:26.140,1.52288,1.52329,1.00,1.00
2018.04.18 21:18:26.591,1.52286,1.52329,1.00,1.00
2018.04.18 21:18:27.403,1.52287,1.52328,1.00,1.00
2018.04.18 21:18:27.711,1.52283,1.52332,1.00,1.25
2018.04.18 21:18:27.763,1.52283,1.52328,1.00,1.00
2018.04.18 21:18:28.716,1.52282,1.52331,1.00,1.19
2018.04.18 21:18:28.768,1.52282,1.52325,1.00,1.00
2018.04.18 21:18:47.664,1.52282,1.52326,1.00,1.00
2018.04.18 21:18:53.447,1.52282,1.52329,1.00,1.56
2018.04.18 21:18:54.061,1.52282,1.52329,1.00,1.56
2018.04.18 21:18:55.171,1.52283,1.52326,1.00,1.00
2018.04.18 21:18:58.460,1.52283,1.5233,1.00,2.06
2018.04.18 21:18:59.090,1.52285,1.5233,1.00,1.37
2018.04.18 21:19:00.054,1.52285,1.5233,1.00,1.00
2018.04.18 21:19:10.065,1.52285,1.52328,1.00,1.00
2018.04.18 21:19:16.240,1.52284,1.52328,1.00,1.00
2018.04.18 21:19:16.550,1.52279,1.52316,1.00,1.00
2018.04.18 21:19:18.850,1.52276,1.52316,1.00,1.00
2018.04.18 21:19:20.716,1.52277,1.52318,1.00,1.00
2018.04.18 21:19:20.768,1.52277,1.5232,1.00,1.25
2018.04.18 21:19:21.940,1.52278,1.5232,1.00,1.00
2018.04.18 21:19:21.992,1.52281,1.5232,1.00,1.00
2018.04.18 21:19:22.044,1.52279,1.5232,1.00,1.00
2018.04.18 21:19:22.625,1.52278,1.5232,1.00,1.00
2018.04.18 21:19:22.677,1.52276,1.5232,1.00,1.00
2018.04.18 21:19:22.832,1.52279,1.5232,1.00,1.00
2018.04.18 21:19:22.986,1.52276,1.5232,1.00,1.00
2018.04.18 21:19:23.900,1.52275,1.5232,1.00,1.00
2018.04.18 21:19:24.054,1.52273,1.5232,1.00,1.00
2018.04.18 21:19:24.644,1.52275,1.5232,1.00,1.00
2018.04.18 21:19:25.261,1.52276,1.5232,1.00,1.00
2018.04.18 21:19:26.165,1.52275,1.5232,1.00,1.12
2018.04.18 21:19:29.802,1.52276,1.5232,1.00,1.00
2018.04.18 21:19:30.709,1.52278,1.5232,1.00,1.12
2018.04.18 21:19:35.883,1.52278,1.52319,1.00,1.00
2018.04.18 21:19:44.689,1.52278,1.52319,1.00,1.37
2018.04.18 21:19:45.722,1.52278,1.52319,1.00,1.00
2018.04.18 21:19:56.759,1.52278,1.52318,1.25,1.00
2018.04.18 21:19:57.713,1.52277,1.52318,1.19,1.37
2018.04.18 21:19:58.767,1.52277,1.52318,1.19,1.00
2018.04.18 21:20:02.372,1.52277,1.52318,1.00,1.00
2018.04.18 21:20:10.801,1.52277,1.52319,1.00,1.00
2018.04.18 21:20:12.287,1.52276,1.52319,1.00,1.00
2018.04.18 21:20:30.569,1.52278,1.52319,1.00,1.00
2018.04.18 21:21:07.654,1.52277,1.52319,1.00,1.00
2018.04.18 21:21:09.667,1.52277,1.52319,1.00,1.37
2018.04.18 21:21:10.735,1.52277,1.52319,1.00,1.00
2018.04.18 21:21:11.053,1.52277,1.52323,1.00,1.62
2018.04.18 21:21:11.693,1.52277,1.52323,1.00,1.62
2018.04.18 21:21:12.699,1.52277,1.52323,1.00,1.62
2018.04.18 21:21:13.747,1.52277,1.52323,1.00,1.62
2018.04.18 21:21:15.726,1.52277,1.52324,1.00,1.56
2018.04.18 21:21:16.717,1.52277,1.52323,1.00,1.62
2018.04.18 21:21:20.729,1.52277,1.52323,1.00,1.62
2018.04.18 21:21:22.218,1.52277,1.52319,1.00,1.00
2018.04.18 21:21:27.653,1.52278,1.52319,1.00,1.00
2018.04.18 21:21:28.874,1.52278,1.52319,1.00,1.37
2018.04.18 21:21:29.928,1.52278,1.52319,1.00,1.12
2018.04.18 21:21:43.329,1.52278,1.52324,1.00,1.25
2018.04.18 21:21:43.380,1.52278,1.52319,1.00,1.00
2018.04.18 21:21:50.621,1.52278,1.52323,1.00,1.00
2018.04.18 21:21:50.673,1.52278,1.52321,1.00,1.00
2018.04.18 21:21:51.243,1.52278,1.52322,1.00,1.00
2018.04.18 21:21:52.985,1.52277,1.52322,1.00,1.00
2018.04.18 21:22:01.684,1.52277,1.52322,1.19,1.00
2018.04.18 21:22:03.868,1.52277,1.52322,1.00,1.50
2018.04.18 21:22:03.920,1.52279,1.52322,1.00,1.50
2018.04.18 21:22:07.135,1.52279,1.52319,1.00,1.00
2018.04.18 21:22:07.186,1.52279,1.52324,1.00,1.00
2018.04.18 21:22:07.238,1.52279,1.52321,1.00,1.00
2018.04.18 21:22:07.747,1.52281,1.52321,1.00,1.00
2018.04.18 21:22:14.577,1.52281,1.52323,1.00,1.25
2018.04.18 21:22:14.629,1.52285,1.5233,1.00,1.56
2018.04.18 21:22:14.681,1.52285,1.5233,1.00,1.37
2018.04.18 21:22:15.624,1.52285,1.5233,1.00,1.00
2018.04.18 21:22:16.615,1.52289,1.5233,1.00,1.00
2018.04.18 21:22:18.172,1.52289,1.52334,1.00,1.00
2018.04.18 21:22:18.226,1.52295,1.52334,1.00,1.00
2018.04.18 21:22:18.382,1.52295,1.52343,1.00,3.00
2018.04.18 21:22:18.485,1.52295,1.52343,1.00,3.00
2018.04.18 21:22:19.122,1.52296,1.52342,1.00,1.12
2018.04.18 21:22:19.343,1.52296,1.52342,1.00,1.50
2018.04.18 21:22:19.765,1.52299,1.52342,1.00,1.50
2018.04.18 21:22:20.541,1.52299,1.52342,1.00,1.50
2018.04.18 21:22:20.644,1.52303,1.52342,1.00,1.50
2018.04.18 21:22:21.110,1.52301,1.52343,1.00,1.37
2018.04.18 21:22:21.705,1.52301,1.52343,1.00,1.00
2018.04.18 21:22:22.004,1.52304,1.52343,1.00,1.00
2018.04.18 21:22:22.160,1.52301,1.52343,1.00,1.00
2018.04.18 21:22:22.263,1.52303,1.52343,1.00,1.00
2018.04.18 21:22:22.799,1.52303,1.52342,1.00,1.00
2018.04.18 21:22:23.437,1.52304,1.52342,1.00,1.00
2018.04.18 21:22:23.593,1.52301,1.52343,1.00,1.00
2018.04.18 21:22:24.141,1.523,1.52342,1.00,1.00
2018.04.18 21:22:24.337,1.52305,1.52342,1.00,1.00
2018.04.18 21:22:24.389,1.52303,1.52342,1.00,1.00
2018.04.18 21:22:24.543,1.523,1.52342,1.00,1.00
2018.04.18 21:22:24.647,1.52303,1.52342,1.00,1.00
2018.04.18 21:22:25.185,1.52305,1.52342,1.00,1.00
2018.04.18 21:22:25.237,1.523,1.52343,1.00,1.00
2018.04.18 21:22:25.417,1.52304,1.52342,1.00,1.00
2018.04.18 21:22:25.469,1.52299,1.52342,1.00,1.00
2018.04.18 21:22:25.521,1.52299,1.52346,1.00,2.25
2018.04.18 21:22:25.624,1.52305,1.52346,1.00,1.31
2018.04.18 21:22:25.727,1.523,1.52346,1.00,1.31
2018.04.18 21:22:25.985,1.52303,1.52346,1.00,1.69
2018.04.18 21:22:26.089,1.523,1.52346,1.00,1.12
2018.04.18 21:22:26.244,1.52305,1.52346,1.00,1.50
2018.04.18 21:22:26.348,1.523,1.52346,1.00,1.50
2018.04.18 21:22:26.505,1.523,1.52346,1.00,1.69
2018.04.18 21:22:27.574,1.523,1.52345,1.00,1.00
2018.04.18 21:22:28.090,1.523,1.52346,1.00,1.12
2018.04.18 21:22:28.345,1.52302,1.52347,1.00,1.37
2018.04.18 21:22:28.653,1.523,1.52347,1.00,1.87
2018.04.18 21:22:29.186,1.523,1.52347,1.00,1.87
2018.04.18 21:22:29.703,1.523,1.52347,1.00,1.69
2018.04.18 21:22:30.205,1.523,1.52347,1.00,1.87
2018.04.18 21:22:30.514,1.52304,1.52347,1.00,1.56
2018.04.18 21:22:30.566,1.52302,1.52347,1.00,1.56
2018.04.18 21:22:30.957,1.52302,1.52352,1.00,1.75
2018.04.18 21:22:31.009,1.52299,1.52348,1.00,1.75
2018.04.18 21:22:31.061,1.52301,1.52348,1.00,1.75
2018.04.18 21:22:31.377,1.52305,1.52354,1.00,1.87
2018.04.18 21:22:31.659,1.52305,1.52354,1.00,1.75
2018.04.18 21:22:33.243,1.52305,1.52354,1.00,1.75
2018.04.18 21:22:33.428,1.52305,1.52354,1.00,1.75
2018.04.18 21:22:34.030,1.52305,1.52354,1.00,1.75
2018.04.18 21:22:34.479,1.52305,1.52354,1.00,1.50
2018.04.18 21:22:34.831,1.52305,1.52354,1.00,1.50
2018.04.18 21:22:35.071,1.52305,1.52354,1.00,1.50
2018.04.18 21:22:35.635,1.52305,1.52354,1.00,1.75
2018.04.18 21:22:36.741,1.52305,1.52354,1.00,1.75
2018.04.18 21:22:37.194,1.52305,1.52354,1.00,1.75
2018.04.18 21:22:38.750,1.52304,1.52353,1.00,1.75
2018.04.18 21:22:41.796,1.52304,1.52353,1.00,1.37
2018.04.18 21:22:42.141,1.52306,1.52354,1.00,1.37
2018.04.18 21:22:43.900,1.52305,1.52354,1.00,1.37
2018.04.18 21:22:44.408,1.52305,1.52354,1.00,1.37
2018.04.18 21:22:44.668,1.52307,1.52354,1.00,1.37
2018.04.18 21:22:45.288,1.52307,1.52354,1.00,1.37
2018.04.18 21:22:46.894,1.52307,1.52353,1.00,1.37
2018.04.18 21:22:47.485,1.52307,1.52353,1.00,1.37
2018.04.18 21:22:48.590,1.52309,1.52357,1.00,1.75
2018.04.18 21:22:49.332,1.52309,1.52356,1.00,1.50
2018.04.18 21:22:52.351,1.52307,1.52357,1.00,2.25
2018.04.18 21:22:52.915,1.52306,1.52356,1.00,2.25
2018.04.18 21:22:53.633,1.52306,1.52353,1.00,1.37
2018.04.18 21:22:55.838,1.52306,1.52356,1.00,1.50
2018.04.18 21:22:56.344,1.52306,1.52356,1.00,1.50
2018.04.18 21:22:56.551,1.52306,1.52356,1.00,1.50
2018.04.18 21:22:56.691,1.52311,1.52357,1.00,1.37
2018.04.18 21:22:57.110,1.52309,1.52356,1.00,1.87
2018.04.18 21:22:57.265,1.52309,1.52356,1.00,1.87
2018.04.18 21:22:57.369,1.52309,1.52356,1.00,1.37
2018.04.18 21:22:57.576,1.52309,1.52356,1.00,1.37
2018.04.18 21:22:57.731,1.52311,1.52357,1.00,1.37
2018.04.18 21:22:57.835,1.52308,1.52355,1.00,1.37
2018.04.18 21:22:59.505,1.52308,1.52355,1.00,1.37
2018.04.18 21:23:00.037,1.52308,1.52355,1.00,1.37
2018.04.18 21:23:02.016,1.52308,1.52355,1.00,1.37
2018.04.18 21:23:02.068,1.52308,1.52355,1.00,1.37
2018.04.18 21:23:04.003,1.52308,1.52355,1.00,1.37
2018.04.18 21:23:04.483,1.52308,1.52355,1.00,1.37
2018.04.18 21:23:04.729,1.52308,1.52355,1.00,1.37
2018.04.18 21:23:08.100,1.52308,1.52355,1.00,1.37
2018.04.18 21:23:08.697,1.52308,1.52355,1.00,1.37
2018.04.18 21:23:12.416,1.52308,1.52355,1.00,1.37
2018.04.18 21:23:12.650,1.5231,1.52357,1.00,1.75
2018.04.18 21:23:12.753,1.52308,1.52355,1.00,1.37
2018.04.18 21:23:13.502,1.52308,1.52355,1.00,1.37
2018.04.18 21:23:16.333,1.52308,1.52355,1.00,1.37
2018.04.18 21:23:16.858,1.52308,1.52355,1.00,1.37
2018.04.18 21:23:17.390,1.52308,1.52355,1.00,1.37
2018.04.18 21:23:17.545,1.52308,1.52355,1.00,1.37
2018.04.18 21:23:18.264,1.52308,1.52355,1.00,1.50
2018.04.18 21:23:20.352,1.52308,1.52355,1.00,1.75
2018.04.18 21:23:20.483,1.52308,1.52355,1.00,1.75
2018.04.18 21:23:21.093,1.52308,1.52355,1.00,1.75
2018.04.18 21:23:21.959,1.52308,1.52355,1.00,1.75
2018.04.18 21:23:22.318,1.52308,1.52355,1.00,1.75
2018.04.18 21:23:22.369,1.52308,1.52355,1.00,1.75
2018.04.18 21:23:22.919,1.52308,1.52355,1.00,1.87
2018.04.18 21:23:22.982,1.52305,1.52353,1.00,1.37
2018.04.18 21:23:23.188,1.52305,1.52353,1.00,1.37
2018.04.18 21:23:23.792,1.52303,1.52349,1.00,1.75
2018.04.18 21:23:24.370,1.52303,1.52349,1.00,1.75
2018.04.18 21:23:24.736,1.52301,1.52348,1.00,1.75
2018.04.18 21:23:25.385,1.52301,1.52348,1.00,1.75
2018.04.18 21:23:26.614,1.52302,1.52348,1.00,1.75
2018.04.18 21:23:26.666,1.52304,1.52351,1.00,1.87
2018.04.18 21:23:26.986,1.52313,1.52349,1.00,1.37
2018.04.18 21:23:27.590,1.52314,1.52349,1.00,1.37
2018.04.18 21:23:27.688,1.52314,1.52349,1.00,1.12
2018.04.18 21:23:28.204,1.52314,1.52349,1.00,1.37
2018.04.18 21:23:28.900,1.52314,1.52349,1.00,1.37
2018.04.18 21:23:29.448,1.52314,1.52347,1.00,1.37
2018.04.18 21:23:29.699,1.52314,1.52347,1.00,1.37
2018.04.18 21:23:32.638,1.52318,1.52356,1.00,1.37
2018.04.18 21:23:32.690,1.52316,1.5235,1.00,1.37
2018.04.18 21:23:33.152,1.52314,1.5235,1.00,1.37
2018.04.18 21:23:33.600,1.52316,1.5235,1.00,1.37
2018.04.18 21:23:33.909,1.52315,1.5235,1.00,1.37
2018.04.18 21:23:34.168,1.52315,1.5235,1.00,1.37
2018.04.18 21:23:34.219,1.52317,1.5235,1.00,1.37
2018.04.18 21:23:34.639,1.52319,1.5235,1.00,1.37
2018.04.18 21:23:34.948,1.5232,1.52353,1.00,1.37
2018.04.18 21:23:35.110,1.52318,1.52353,1.00,1.37
2018.04.18 21:23:35.650,1.52318,1.52353,1.00,1.37
2018.04.18 21:23:36.155,1.52318,1.52353,1.00,1.37
2018.04.18 21:23:36.259,1.52318,1.52353,1.00,1.37
2018.04.18 21:23:36.634,1.52316,1.52348,1.00,1.00
2018.04.18 21:23:37.207,1.52316,1.5235,1.00,1.12
2018.04.18 21:23:37.466,1.52315,1.5235,1.00,1.37
2018.04.18 21:23:39.595,1.52315,1.52351,1.00,1.37
2018.04.18 21:23:40.137,1.52319,1.52351,1.00,1.37
2018.04.18 21:23:40.397,1.52317,1.52351,1.00,1.37
2018.04.18 21:23:40.686,1.52319,1.52351,1.00,1.37
2018.04.18 21:23:41.293,1.52319,1.52351,1.00,1.37
2018.04.18 21:23:41.572,1.52317,1.52351,1.00,1.37
2018.04.18 21:23:41.878,1.52319,1.52351,1.00,1.37
2018.04.18 21:23:42.237,1.52317,1.52359,1.00,1.37
2018.04.18 21:23:42.289,1.52312,1.52353,1.00,1.37
2018.04.18 21:23:42.341,1.52316,1.52359,1.00,1.37
2018.04.18 21:23:42.445,1.52311,1.52351,1.00,1.37
2018.04.18 21:23:42.942,1.52309,1.52351,1.00,1.37
2018.04.18 21:23:42.995,1.52307,1.52351,1.00,1.87
2018.04.18 21:23:43.202,1.52312,1.5235,1.00,1.37
2018.04.18 21:23:43.305,1.52309,1.5235,1.00,1.37
2018.04.18 21:23:43.407,1.52308,1.5235,1.00,1.37
2018.04.18 21:23:43.459,1.52306,1.5235,1.00,1.37
2018.04.18 21:23:43.510,1.52306,1.5235,1.00,1.37
2018.04.18 21:23:43.996,1.52305,1.52345,1.00,1.37
2018.04.18 21:23:44.204,1.52304,1.52345,1.00,1.37
2018.04.18 21:23:44.307,1.52304,1.52345,1.00,1.37
2018.04.18 21:23:44.462,1.52302,1.52345,1.00,1.37
2018.04.18 21:23:44.977,1.52302,1.52347,1.00,1.37
2018.04.18 21:23:45.587,1.52304,1.52347,1.00,1.37
2018.04.18 21:23:46.002,1.52306,1.52349,1.00,1.37
2018.04.18 21:23:46.106,1.52306,1.5235,1.00,1.37
2018.04.18 21:23:46.638,1.52305,1.52348,1.00,1.37
2018.04.18 21:23:46.791,1.52302,1.52347,1.00,1.37
2018.04.18 21:23:46.893,1.52302,1.52347,1.00,1.37
2018.04.18 21:23:47.475,1.52301,1.52347,1.00,1.37
2018.04.18 21:23:48.345,1.52302,1.52348,1.00,1.37
2018.04.18 21:23:48.851,1.52302,1.52348,1.00,1.87
2018.04.18 21:23:48.904,1.523,1.52344,1.00,1.37
2018.04.18 21:23:48.956,1.52298,1.52341,1.00,1.75
2018.04.18 21:23:49.008,1.52297,1.52342,1.00,1.75
2018.04.18 21:23:49.317,1.52299,1.52342,1.00,1.75
2018.04.18 21:23:50.094,1.523,1.52346,1.00,1.60
2018.04.18 21:23:50.305,1.523,1.52343,1.00,1.37
2018.04.18 21:23:50.407,1.523,1.52343,1.00,1.37
2018.04.18 21:23:50.459,1.52298,1.52343,1.00,1.37
2018.04.18 21:23:50.995,1.52297,1.5234,1.00,1.37
2018.04.18 21:23:51.098,1.52299,1.52343,1.00,1.37
2018.04.18 21:23:51.696,1.523,1.52343,1.00,1.37
2018.04.18 21:23:52.221,1.523,1.52343,1.00,1.50
2018.04.18 21:23:53.841,1.52298,1.52344,1.00,1.41
2018.04.18 21:23:54.122,1.52297,1.52343,1.00,1.41
2018.04.18 21:23:54.342,1.52297,1.52343,1.00,1.50
2018.04.18 21:23:54.446,1.52297,1.52343,1.00,1.50
2018.04.18 21:23:54.550,1.52297,1.52343,1.00,1.50
2018.04.18 21:23:54.940,1.523,1.52345,1.00,1.78
2018.04.18 21:23:55.458,1.523,1.52345,1.00,1.78
2018.04.18 21:23:56.041,1.523,1.52345,1.00,2.10
2018.04.18 21:23:56.453,1.52301,1.52344,1.00,1.03
2018.04.18 21:23:56.768,1.52299,1.52344,1.00,1.03
2018.04.18 21:23:56.991,1.52297,1.52343,1.00,1.37
2018.04.18 21:23:57.443,1.523,1.52344,1.00,1.78
2018.04.18 21:23:57.742,1.52298,1.52342,1.00,1.37
2018.04.18 21:23:58.620,1.52299,1.52342,1.00,1.37
2018.04.18 21:23:58.723,1.52297,1.52343,1.00,1.50
2018.04.18 21:23:58.775,1.523,1.52343,1.00,1.50
2018.04.18 21:23:59.085,1.52298,1.52344,1.00,1.50
2018.04.18 21:23:59.138,1.523,1.52344,1.00,1.50
2018.04.18 21:23:59.606,1.52298,1.52342,1.00,1.37
2018.04.18 21:24:00.141,1.523,1.52343,1.00,1.37
2018.04.18 21:24:00.246,1.52298,1.52342,1.00,1.37
2018.04.18 21:24:00.455,1.52297,1.52342,1.00,1.37
2018.04.18 21:24:00.586,1.52297,1.52342,1.00,1.37
2018.04.18 21:24:01.378,1.52298,1.52344,1.00,1.50
2018.04.18 21:24:01.691,1.52298,1.52343,1.00,1.37
2018.04.18 21:24:01.880,1.52296,1.52342,1.00,1.37
2018.04.18 21:24:02.576,1.52296,1.52342,1.00,1.37
2018.04.18 21:24:02.894,1.52294,1.52338,1.00,1.37
2018.04.18 21:24:03.518,1.52294,1.52338,1.00,1.37
2018.04.18 21:24:03.673,1.52294,1.52338,1.00,1.37
2018.04.18 21:24:04.220,1.52295,1.52339,1.00,1.37
2018.04.18 21:24:04.698,1.52295,1.52339,1.00,1.37
2018.04.18 21:24:05.633,1.52293,1.52338,1.00,1.37
2018.04.18 21:24:06.178,1.52293,1.52337,1.00,1.37
2018.04.18 21:24:06.692,1.52294,1.52338,1.00,1.37
2018.04.18 21:24:06.795,1.52294,1.52338,1.00,1.37
2018.04.18 21:24:07.908,1.52294,1.52338,1.00,1.37
2018.04.18 21:24:08.483,1.52294,1.52338,1.00,1.37
2018.04.18 21:24:09.005,1.52294,1.52338,1.00,1.37
2018.04.18 21:24:09.700,1.52293,1.52337,1.00,1.37
2018.04.18 21:24:10.241,1.52293,1.52337,1.00,1.37
2018.04.18 21:24:10.750,1.52294,1.52339,1.00,1.37
2018.04.18 21:24:11.540,1.52295,1.52339,1.00,1.37
2018.04.18 21:24:12.099,1.52295,1.52339,1.00,1.37
2018.04.18 21:24:12.317,1.52295,1.52339,1.00,1.37
2018.04.18 21:24:12.957,1.52296,1.52338,1.00,1.37
2018.04.18 21:24:13.059,1.52295,1.52338,1.00,1.37
2018.04.18 21:24:13.570,1.52295,1.52337,1.00,1.37
2018.04.18 21:24:14.152,1.52295,1.5234,1.00,1.37
2018.04.18 21:24:14.255,1.52295,1.5234,1.00,1.37
2018.04.18 21:24:14.858,1.52295,1.5234,1.00,1.37
2018.04.18 21:24:15.373,1.52295,1.52337,1.00,1.37
2018.04.18 21:24:16.441,1.52295,1.52339,1.00,1.37
2018.04.18 21:24:18.758,1.52295,1.52336,1.00,1.37
2018.04.18 21:24:19.334,1.52295,1.52336,1.00,1.37
2018.04.18 21:24:20.655,1.52298,1.52336,1.00,1.37
2018.04.18 21:24:20.913,1.52295,1.52336,1.00,1.37
2018.04.18 21:24:20.965,1.52297,1.52337,1.00,1.37
2018.04.18 21:24:21.017,1.52295,1.52337,1.00,1.37
2018.04.18 21:24:21.070,1.52297,1.52337,1.00,1.37
2018.04.18 21:24:21.379,1.52299,1.52337,1.00,1.37
2018.04.18 21:24:22.107,1.52299,1.52337,1.00,1.37
2018.04.18 21:24:22.261,1.52299,1.52339,1.00,1.37
2018.04.18 21:24:22.706,1.52299,1.52339,1.00,1.37
2018.04.18 21:24:22.912,1.52299,1.52339,1.00,1.37
2018.04.18 21:24:23.274,1.52298,1.52339,1.00,1.37
2018.04.18 21:24:23.584,1.52302,1.52339,1.00,1.37
2018.04.18 21:24:23.982,1.52303,1.52342,1.00,1.37
2018.04.18 21:24:24.603,1.52304,1.52346,1.00,1.66
2018.04.18 21:24:25.105,1.52303,1.52343,1.00,1.37
2018.04.18 21:24:25.643,1.52303,1.52343,1.00,1.37
2018.04.18 21:24:26.182,1.52303,1.52343,1.00,1.37
2018.04.18 21:24:32.980,1.52305,1.52343,1.00,1.37
2018.04.18 21:24:33.510,1.52306,1.52344,1.00,1.37
2018.04.18 21:24:35.330,1.52306,1.52342,1.00,1.37
2018.04.18 21:24:35.433,1.52306,1.52342,1.00,1.37
2018.04.18 21:24:36.777,1.52306,1.52342,1.00,1.37
2018.04.18 21:24:37.476,1.52305,1.52342,1.00,1.37
2018.04.18 21:24:38.183,1.52305,1.52342,1.00,1.37
2018.04.18 21:24:38.696,1.52306,1.52349,1.00,1.66
2018.04.18 21:24:38.749,1.52306,1.52344,1.00,1.37
2018.04.18 21:24:38.852,1.52306,1.52344,1.00,1.37
2018.04.18 21:24:40.534,1.52308,1.52346,1.00,1.37
2018.04.18 21:24:40.586,1.52308,1.52346,1.00,1.37
2018.04.18 21:24:41.055,1.52307,1.52346,1.00,1.56
2018.04.18 21:24:41.508,1.5231,1.52346,1.00,1.56
2018.04.18 21:24:41.849,1.5231,1.52348,1.00,1.41
2018.04.18 21:24:41.902,1.52307,1.52348,1.00,1.41
2018.04.18 21:24:42.080,1.52309,1.52348,1.00,1.41
2018.04.18 21:24:42.781,1.52309,1.52348,1.00,1.50
2018.04.18 21:24:43.103,1.52309,1.52348,1.00,1.50
2018.04.18 21:24:44.170,1.52309,1.52348,1.00,1.37
2018.04.18 21:24:45.030,1.52312,1.52349,1.00,1.72
2018.04.18 21:24:45.188,1.52316,1.52351,1.00,1.03
2018.04.18 21:24:45.241,1.52318,1.52351,1.00,1.03
2018.04.18 21:24:45.484,1.52321,1.52362,1.00,2.53
2018.04.18 21:24:45.640,1.52318,1.52363,1.00,1.66
2018.04.18 21:24:45.745,1.52326,1.52362,1.00,1.50
2018.04.18 21:24:45.798,1.52324,1.52363,1.00,1.66
2018.04.18 21:24:46.108,1.52323,1.52362,1.00,1.50
2018.04.18 21:24:46.367,1.52325,1.52362,1.00,1.37
2018.04.18 21:24:46.522,1.52324,1.52363,1.00,1.37
2018.04.18 21:24:46.575,1.52328,1.52362,1.00,1.37
2018.04.18 21:24:46.884,1.52331,1.52363,1.00,1.37
2018.04.18 21:24:47.142,1.52328,1.52362,1.00,1.37
2018.04.18 21:24:47.194,1.52329,1.52362,1.00,1.37
2018.04.18 21:24:47.408,1.5233,1.52363,1.00,1.37
2018.04.18 21:24:47.511,1.5233,1.52363,1.00,1.37
2018.04.18 21:24:47.613,1.52328,1.52362,1.00,1.37
2018.04.18 21:24:47.664,1.52333,1.52363,1.00,1.37
2018.04.18 21:24:48.195,1.52334,1.52362,1.00,1.37
2018.04.18 21:24:48.741,1.52334,1.52362,1.00,1.12
2018.04.18 21:24:48.844,1.52332,1.52362,1.00,1.12
2018.04.18 21:24:48.947,1.52328,1.52363,1.00,1.37
2018.04.18 21:24:48.999,1.52331,1.52362,1.00,1.37
2018.04.18 21:24:49.154,1.52329,1.52362,1.00,1.37
2018.04.18 21:24:49.309,1.52331,1.52362,1.00,1.37
2018.04.18 21:24:49.944,1.52328,1.52362,1.00,1.37
2018.04.18 21:24:50.047,1.52326,1.52362,1.00,1.12
2018.04.18 21:24:50.150,1.52326,1.52363,1.00,1.37
2018.04.18 21:24:50.253,1.52324,1.52363,1.00,1.37
2018.04.18 21:24:50.357,1.52328,1.52362,1.00,1.37
2018.04.18 21:24:50.409,1.52325,1.52362,1.00,1.37
2018.04.18 21:24:50.462,1.52323,1.52362,1.00,1.37
2018.04.18 21:24:50.620,1.52321,1.52362,1.00,1.37
2018.04.18 21:24:50.926,1.5232,1.52362,1.00,1.50
2018.04.18 21:24:51.097,1.52318,1.52362,1.00,1.50
2018.04.18 21:24:51.304,1.52316,1.52361,1.00,1.37
2018.04.18 21:24:51.356,1.52316,1.52359,1.00,1.37
2018.04.18 21:24:51.512,1.52314,1.52359,1.00,1.37
2018.04.18 21:24:51.615,1.52316,1.52359,1.00,1.37
2018.04.18 21:24:51.966,1.52313,1.52358,1.00,1.75
2018.04.18 21:24:52.090,1.52315,1.52358,1.00,1.75
2018.04.18 21:24:52.244,1.52313,1.52358,1.00,1.75
2018.04.18 21:24:52.449,1.52313,1.52358,1.00,1.75
2018.04.18 21:24:53.261,1.52314,1.52358,1.00,1.03
2018.04.18 21:24:53.366,1.52315,1.52358,1.00,2.16
2018.04.18 21:24:53.418,1.52314,1.52357,1.00,1.88
2018.04.18 21:24:53.522,1.52314,1.52357,1.00,1.75
2018.04.18 21:24:53.626,1.52313,1.52355,1.00,1.75
2018.04.18 21:24:54.657,1.52314,1.52357,1.00,1.66
2018.04.18 21:24:55.192,1.52313,1.52356,1.00,1.66
2018.04.18 21:24:56.760,1.52313,1.52355,1.00,1.72
2018.04.18 21:24:58.393,1.52311,1.52356,1.00,1.72
2018.04.18 21:24:59.150,1.52311,1.52356,1.00,1.66
2018.04.18 21:24:59.813,1.52311,1.52356,1.00,1.66
2018.04.18 21:25:00.363,1.52312,1.52354,1.00,1.37
2018.04.18 21:25:00.569,1.52311,1.52354,1.00,1.56
2018.04.18 21:25:02.440,1.52312,1.52355,1.00,1.85
2018.04.18 21:25:03.073,1.52311,1.52354,1.00,1.91
2018.04.18 21:25:03.578,1.52312,1.52354,1.00,1.91
2018.04.18 21:25:04.124,1.52311,1.52353,1.00,1.47
2018.04.18 21:25:04.942,1.5231,1.52353,1.00,1.47
2018.04.18 21:25:05.911,1.52312,1.52353,1.00,1.47
2018.04.18 21:25:09.441,1.52312,1.52355,1.00,2.35
2018.04.18 21:25:09.545,1.52312,1.52355,1.00,2.35
2018.04.18 21:25:10.209,1.52312,1.52355,1.00,1.97
2018.04.18 21:25:12.570,1.52311,1.52354,1.00,2.07
2018.04.18 21:25:13.450,1.52312,1.52352,1.00,1.94
2018.04.18 21:25:14.016,1.52311,1.52352,1.00,1.94
2018.04.18 21:25:14.327,1.52313,1.52352,1.00,1.94
2018.04.18 21:25:14.662,1.52315,1.52352,1.00,1.56
2018.04.18 21:25:15.672,1.52316,1.52358,1.00,1.69
2018.04.18 21:25:15.724,1.52314,1.52359,1.00,1.91
2018.04.18 21:25:17.895,1.52315,1.52358,1.00,1.78
2018.04.18 21:25:18.908,1.52315,1.52356,1.00,1.94
2018.04.18 21:25:19.453,1.52314,1.52356,1.00,1.94
2018.04.18 21:25:20.827,1.52315,1.52356,1.00,1.94
2018.04.18 21:25:20.879,1.52318,1.52356,1.00,1.94
2018.04.18 21:25:21.033,1.52316,1.52356,1.00,1.94
2018.04.18 21:25:22.117,1.52317,1.52357,1.00,1.94
2018.04.18 21:25:22.283,1.52315,1.52357,1.00,1.94
2018.04.18 21:25:23.963,1.52317,1.52357,1.00,1.94
2018.04.18 21:25:24.477,1.52318,1.52357,1.00,1.94
2018.04.18 21:25:24.683,1.52316,1.52357,1.00,1.94
2018.04.18 21:25:25.659,1.52316,1.52361,1.00,2.44
2018.04.18 21:25:26.218,1.52316,1.52361,1.00,2.44
2018.04.18 21:25:26.397,1.52317,1.52359,1.00,1.94
2018.04.18 21:25:26.501,1.52317,1.52359,1.00,1.94
2018.04.18 21:25:26.810,1.52319,1.52361,1.00,2.44
2018.04.18 21:25:26.913,1.52319,1.52361,1.00,2.44
2018.04.18 21:25:27.226,1.52319,1.52361,1.00,2.44
2018.04.18 21:25:27.329,1.5232,1.52361,1.00,1.94
2018.04.18 21:25:27.519,1.52318,1.52361,1.00,1.94
2018.04.18 21:25:27.932,1.5232,1.52361,1.00,1.94
2018.04.18 21:25:28.080,1.52318,1.5236,1.00,1.94
2018.04.18 21:25:28.132,1.52316,1.52361,1.00,2.44
2018.04.18 21:25:28.184,1.52319,1.52361,1.00,2.07
2018.04.18 21:25:28.693,1.52318,1.52361,1.00,1.94
2018.04.18 21:25:29.239,1.52318,1.52361,1.00,1.94
2018.04.18 21:25:30.065,1.52317,1.52361,1.00,1.94
2018.04.18 21:25:30.581,1.52319,1.52361,1.00,1.91
2018.04.18 21:25:31.108,1.52318,1.5236,1.00,1.69
2018.04.18 21:25:31.626,1.52318,1.5236,1.00,1.69
2018.04.18 21:25:33.640,1.52316,1.52358,1.00,1.62
2018.04.18 21:25:34.145,1.52316,1.52358,1.00,2.00
2018.04.18 21:25:34.705,1.52316,1.52358,1.00,2.00
2018.04.18 21:25:35.295,1.52316,1.52358,1.00,2.00
2018.04.18 21:25:37.961,1.52316,1.52358,1.00,2.07
2018.04.18 21:25:39.021,1.52318,1.52359,1.00,2.07
2018.04.18 21:25:39.125,1.52316,1.52358,1.00,1.03
2018.04.18 21:25:39.844,1.52315,1.52359,1.00,1.22
2018.04.18 21:25:40.001,1.52317,1.52358,1.00,1.22
2018.04.18 21:25:40.768,1.52317,1.52358,1.00,1.03
2018.04.18 21:25:41.079,1.52317,1.52358,1.00,1.03
2018.04.18 21:25:41.652,1.52317,1.52358,1.00,1.03
2018.04.18 21:25:42.166,1.52316,1.52358,1.00,1.03
2018.04.18 21:25:42.321,1.52314,1.52358,1.00,1.03
2018.04.18 21:25:42.579,1.52315,1.52357,1.00,1.94
2018.04.18 21:25:42.632,1.52312,1.52357,1.00,1.94
2018.04.18 21:25:42.993,1.52314,1.52356,1.00,1.69
2018.04.18 21:25:45.012,1.52313,1.52357,1.00,1.97
2018.04.18 21:25:45.582,1.52314,1.52357,1.00,1.50
2018.04.18 21:25:47.297,1.52315,1.52358,1.00,1.22
2018.04.18 21:25:47.610,1.52315,1.52358,1.00,1.22
2018.04.18 21:25:47.923,1.52315,1.52358,1.00,1.22
2018.04.18 21:25:48.028,1.52317,1.52358,1.00,1.22
2018.04.18 21:25:48.081,1.52315,1.52358,1.00,1.03
2018.04.18 21:25:48.185,1.52311,1.52353,1.00,2.06
2018.04.18 21:25:48.238,1.52309,1.52353,1.00,1.94
2018.04.18 21:25:48.547,1.52309,1.52351,1.00,1.94
2018.04.18 21:25:48.599,1.52309,1.52351,1.00,1.94
2018.04.18 21:25:48.650,1.52307,1.52351,1.00,1.94
2018.04.18 21:25:50.055,1.52308,1.52351,1.00,1.75
2018.04.18 21:25:50.413,1.52308,1.52352,1.00,1.50
2018.04.18 21:25:50.618,1.52307,1.52351,1.00,1.37
2018.04.18 21:25:50.875,1.52311,1.52356,1.00,1.69
2018.04.18 21:25:50.979,1.52308,1.52351,1.00,1.37
2018.04.18 21:25:51.032,1.52306,1.52351,1.00,1.37
2018.04.18 21:25:51.188,1.52303,1.52348,1.00,1.37
2018.04.18 21:25:51.342,1.52306,1.52351,1.00,1.56
2018.04.18 21:25:51.733,1.52306,1.52349,1.00,1.62
2018.04.18 21:25:51.785,1.52304,1.52349,1.00,1.62
2018.04.18 21:25:51.837,1.5231,1.52353,1.00,1.56
2018.04.18 21:25:51.888,1.52308,1.52353,1.00,1.56
2018.04.18 21:25:51.940,1.52304,1.52349,1.00,1.62
2018.04.18 21:25:52.463,1.52303,1.52347,1.00,1.37
2018.04.18 21:25:52.515,1.52306,1.52349,1.00,1.62
2018.04.18 21:25:53.049,1.52305,1.52348,1.00,1.37
2018.04.18 21:25:53.152,1.52303,1.52347,1.00,1.37
2018.04.18 21:25:53.255,1.52305,1.5235,1.00,1.62
2018.04.18 21:25:53.585,1.52303,1.52348,1.00,1.37
2018.04.18 21:25:54.122,1.52301,1.52345,1.00,1.37
2018.04.18 21:25:54.711,1.523,1.52345,1.00,1.37
2018.04.18 21:25:54.763,1.52302,1.52348,1.00,1.37
2018.04.18 21:25:54.867,1.52303,1.52349,1.00,1.50
2018.04.18 21:25:55.383,1.52304,1.52348,1.00,1.37
2018.04.18 21:25:55.589,1.52302,1.52348,1.00,1.37
2018.04.18 21:25:55.641,1.52302,1.52348,1.00,1.37
2018.04.18 21:25:55.694,1.52305,1.5235,1.00,1.69
2018.04.18 21:25:56.211,1.52304,1.5235,1.00,1.62
2018.04.18 21:25:56.787,1.52303,1.5235,1.00,1.62
2018.04.18 21:25:57.338,1.52303,1.5235,1.00,1.69
2018.04.18 21:25:57.843,1.52304,1.52348,1.00,1.37
2018.04.18 21:25:58.245,1.52307,1.52351,1.00,1.94
2018.04.18 21:25:58.759,1.52305,1.52351,1.00,1.94
2018.04.18 21:25:59.071,1.52305,1.52351,1.00,1.94
2018.04.18 21:25:59.174,1.52305,1.52351,1.00,1.94
2018.04.18 21:25:59.486,1.52305,1.5235,1.00,2.44
2018.04.18 21:25:59.590,1.52302,1.52349,1.00,1.94
2018.04.18 21:25:59.745,1.52308,1.52351,1.00,1.94
2018.04.18 21:26:00.287,1.52308,1.52352,1.00,1.94
2018.04.18 21:26:00.795,1.52308,1.52352,1.00,1.69
2018.04.18 21:26:01.337,1.52309,1.52353,1.00,2.44
2018.04.18 21:26:01.843,1.52309,1.52353,1.00,2.44
2018.04.18 21:26:02.512,1.52309,1.52353,1.00,1.94
2018.04.18 21:26:03.044,1.52308,1.52353,1.00,1.94
2018.04.18 21:26:03.559,1.52308,1.52353,1.00,2.44
2018.04.18 21:26:04.201,1.52308,1.52353,1.00,2.44
2018.04.18 21:26:04.408,1.52308,1.52353,1.00,1.94
2018.04.18 21:26:04.582,1.52309,1.52353,1.00,2.44
2018.04.18 21:26:06.502,1.52309,1.52353,1.00,2.44
2018.04.18 21:26:06.802,1.52309,1.52353,1.00,3.19
2018.04.18 21:26:07.895,1.52307,1.52353,1.00,1.94
2018.04.18 21:26:08.435,1.52306,1.52353,1.00,3.19
2018.04.18 21:26:09.323,1.52306,1.52353,1.00,2.44
2018.04.18 21:26:09.846,1.52306,1.52353,1.00,3.19
2018.04.18 21:26:10.957,1.52306,1.52353,1.00,2.44
2018.04.18 21:26:12.234,1.52306,1.52351,1.00,1.94
2018.04.18 21:26:12.594,1.52304,1.52351,1.00,2.44
2018.04.18 21:26:13.139,1.52305,1.52351,1.00,1.94
2018.04.18 21:26:13.939,1.52307,1.52351,1.00,1.94
2018.04.18 21:26:14.241,1.52307,1.52351,1.00,1.94
2018.04.18 21:26:15.962,1.52307,1.52351,1.00,1.94
2018.04.18 21:26:16.536,1.52307,1.52351,1.00,1.94
2018.04.18 21:26:16.691,1.52305,1.52351,1.00,1.94
2018.04.18 21:26:17.391,1.52305,1.52351,1.00,1.94
2018.04.18 21:26:18.231,1.52309,1.52352,1.00,2.44
2018.04.18 21:26:18.559,1.52305,1.5235,1.00,1.56
2018.04.18 21:26:18.662,1.52307,1.52349,1.00,1.56
2018.04.18 21:26:18.869,1.52303,1.52348,1.00,1.56
2018.04.18 21:26:18.972,1.52303,1.52347,1.00,2.06
2018.04.18 21:26:19.255,1.52303,1.52348,1.00,1.56
2018.04.18 21:26:19.552,1.52303,1.52347,1.00,1.69
2018.04.18 21:26:20.099,1.52302,1.52347,1.00,2.44
2018.04.18 21:26:20.646,1.52302,1.52346,1.00,1.56
2018.04.18 21:26:20.918,1.52298,1.52343,1.00,1.56
2018.04.18 21:26:21.075,1.52298,1.52343,1.00,1.56
2018.04.18 21:26:21.127,1.52293,1.5234,1.00,1.56
2018.04.18 21:26:21.385,1.52294,1.52341,1.00,1.62
2018.04.18 21:26:21.694,1.52293,1.52339,1.00,1.37
2018.04.18 21:26:22.284,1.52292,1.52339,1.00,1.37
2018.04.18 21:26:22.834,1.52294,1.52339,1.00,1.37
2018.04.18 21:26:22.886,1.5229,1.52336,1.00,1.37
2018.04.18 21:26:23.390,1.52289,1.52336,1.00,1.37
2018.04.18 21:26:23.908,1.5229,1.52337,1.00,1.69
2018.04.18 21:26:23.961,1.52293,1.52338,1.00,1.94
2018.04.18 21:26:24.507,1.52292,1.52337,1.00,1.69
2018.04.18 21:26:24.559,1.5229,1.52337,1.00,1.69
2018.04.18 21:26:24.611,1.52292,1.52337,1.00,1.69
2018.04.18 21:26:24.919,1.52296,1.52342,1.00,1.94
2018.04.18 21:26:25.228,1.52293,1.52336,1.00,1.37
2018.04.18 21:26:25.281,1.52286,1.5233,1.00,1.00
2018.04.18 21:26:25.333,1.52286,1.5233,1.00,1.37
2018.04.18 21:26:25.643,1.52282,1.52328,1.00,1.87
2018.04.18 21:26:25.901,1.5228,1.52325,1.00,1.37
2018.04.18 21:26:26.004,1.5228,1.52324,1.00,1.37
2018.04.18 21:26:26.497,1.52276,1.52323,1.00,2.06
2018.04.18 21:26:26.910,1.52275,1.52321,1.00,1.56
2018.04.18 21:26:27.066,1.52273,1.52318,1.00,1.37
2018.04.18 21:26:27.222,1.52272,1.52318,1.00,1.56
2018.04.18 21:26:27.685,1.52274,1.52317,1.00,1.62
2018.04.18 21:26:27.737,1.52274,1.52317,1.00,1.44
2018.04.18 21:26:28.255,1.52275,1.52318,1.00,1.37
2018.04.18 21:26:28.459,1.52273,1.52317,1.00,1.44
2018.04.18 21:26:28.976,1.52277,1.52323,1.00,1.50
2018.04.18 21:26:29.028,1.52277,1.52323,1.00,1.31
2018.04.18 21:26:29.404,1.52286,1.52331,1.00,1.69
2018.04.18 21:26:29.558,1.52284,1.5233,1.00,1.56
2018.04.18 21:26:29.987,1.52279,1.52327,1.00,1.41
2018.04.18 21:26:30.153,1.5228,1.52328,1.00,1.75
2018.04.18 21:26:30.465,1.52284,1.5233,1.00,1.88
2018.04.18 21:26:30.517,1.52281,1.52329,1.00,1.94
2018.04.18 21:26:30.569,1.52281,1.52329,1.00,1.94
2018.04.18 21:26:31.286,1.52281,1.52329,1.00,1.94
2018.04.18 21:26:31.800,1.52282,1.5233,1.00,1.94
2018.04.18 21:26:32.424,1.52283,1.52331,1.00,1.94
2018.04.18 21:26:32.749,1.52286,1.52332,1.00,1.94
2018.04.18 21:26:32.801,1.52285,1.52331,1.00,1.62
2018.04.18 21:26:33.312,1.52286,1.52332,1.00,1.56
2018.04.18 21:26:33.844,1.52287,1.52333,1.00,1.69
2018.04.18 21:26:34.003,1.52285,1.52333,1.00,1.69
2018.04.18 21:26:34.608,1.52286,1.52334,1.00,1.94
2018.04.18 21:26:35.159,1.52287,1.52333,1.00,1.94
2018.04.18 21:26:35.694,1.52288,1.52334,1.00,1.94
2018.04.18 21:26:36.259,1.52288,1.52334,1.00,1.69
2018.04.18 21:26:36.844,1.52288,1.52334,1.00,1.94
2018.04.18 21:26:37.784,1.52288,1.52327,1.00,1.00
2018.04.18 21:26:38.102,1.5229,1.52327,1.00,1.37
2018.04.18 21:26:38.504,1.52287,1.52329,1.00,1.37
2018.04.18 21:26:38.555,1.52288,1.52328,1.00,1.37
2018.04.18 21:26:38.659,1.52295,1.52329,1.00,1.37
2018.04.18 21:26:38.711,1.52291,1.52329,1.00,1.37
2018.04.18 21:26:38.762,1.52291,1.52331,1.00,1.37
2018.04.18 21:26:38.865,1.52296,1.52331,1.00,1.37
2018.04.18 21:26:39.174,1.52294,1.52331,1.00,1.37
2018.04.18 21:26:39.226,1.52292,1.52331,1.00,1.37
2018.04.18 21:26:39.380,1.52296,1.52332,1.00,1.37
2018.04.18 21:26:39.688,1.52298,1.52332,1.00,1.37
2018.04.18 21:26:40.223,1.52298,1.52331,1.00,1.37
2018.04.18 21:26:40.738,1.52298,1.52332,1.00,1.37
2018.04.18 21:26:41.260,1.52299,1.52333,1.00,1.37
2018.04.18 21:26:41.767,1.52298,1.52333,1.00,1.37
2018.04.18 21:26:41.990,1.52298,1.52333,1.00,1.37
2018.04.18 21:26:42.298,1.52302,1.52333,1.00,1.37
2018.04.18 21:26:43.676,1.52302,1.52334,1.00,1.37
2018.04.18 21:26:43.967,1.52297,1.52334,1.00,1.37
2018.04.18 21:26:44.317,1.52295,1.52333,1.00,1.37
2018.04.18 21:26:44.369,1.52299,1.52334,1.00,1.37
2018.04.18 21:26:45.355,1.523,1.52333,1.00,1.37
2018.04.18 21:26:45.898,1.523,1.52335,1.00,1.37
2018.04.18 21:26:46.416,1.52301,1.52334,1.00,1.37
2018.04.18 21:26:46.674,1.52299,1.52333,1.00,1.37
2018.04.18 21:26:47.205,1.523,1.52334,1.00,1.37
2018.04.18 21:26:47.864,1.52302,1.52334,1.00,1.37
2018.04.18 21:26:48.454,1.52303,1.52336,1.00,1.37
2018.04.18 21:26:49.729,1.52303,1.52336,1.00,1.75
2018.04.18 21:26:49.832,1.52301,1.52335,1.00,1.50
2018.04.18 21:26:50.038,1.52303,1.52339,1.00,1.75
2018.04.18 21:26:50.141,1.523,1.5234,1.00,1.75
2018.04.18 21:26:50.397,1.52302,1.52337,1.00,1.50
2018.04.18 21:26:50.603,1.52298,1.52339,1.00,1.75
2018.04.18 21:26:51.014,1.52302,1.52338,1.00,1.75
2018.04.18 21:26:51.232,1.52299,1.52339,1.00,1.75
2018.04.18 21:26:51.537,1.52298,1.52338,1.00,1.37
2018.04.18 21:26:52.043,1.52299,1.52337,1.00,1.37
2018.04.18 21:26:52.250,1.52299,1.52337,1.00,1.37
2018.04.18 21:26:52.530,1.52299,1.52337,1.00,1.37
2018.04.18 21:26:53.048,1.52301,1.52338,1.00,1.50
2018.04.18 21:26:53.100,1.52299,1.52337,1.00,1.37
2018.04.18 21:26:53.203,1.52301,1.52338,1.00,1.50
2018.04.18 21:26:53.357,1.52299,1.52339,1.00,1.75
2018.04.18 21:26:53.717,1.52296,1.52339,1.00,1.75
2018.04.18 21:26:54.227,1.52297,1.52339,1.00,1.75
2018.04.18 21:26:56.156,1.52297,1.52338,1.00,1.75
2018.04.18 21:26:56.210,1.52302,1.5234,1.00,2.25
2018.04.18 21:26:56.262,1.52299,1.5234,1.00,2.25
2018.04.18 21:26:57.952,1.52299,1.5234,1.00,1.75
2018.04.18 21:26:59.098,1.52299,1.52339,1.00,1.50
2018.04.18 21:26:59.499,1.52299,1.52339,1.00,1.50
2018.04.18 21:26:59.602,1.52302,1.5234,1.00,1.75
2018.04.18 21:26:59.705,1.52301,1.5234,1.00,1.75
2018.04.18 21:27:00.138,1.52303,1.52338,1.00,1.50
2018.04.18 21:27:00.684,1.52302,1.52337,1.00,1.37
2018.04.18 21:27:00.787,1.52302,1.52337,1.00,1.37
2018.04.18 21:27:01.001,1.52302,1.52338,1.00,1.50
2018.04.18 21:27:01.513,1.52301,1.52336,1.00,1.37
2018.04.18 21:27:01.785,1.52301,1.52336,1.00,1.37
2018.04.18 21:27:02.334,1.52302,1.52336,1.00,1.50
2018.04.18 21:27:02.981,1.52302,1.52336,1.00,1.50
2018.04.18 21:27:03.184,1.52302,1.52336,1.00,1.37
2018.04.18 21:27:04.524,1.52301,1.52336,1.00,1.37
2018.04.18 21:27:04.580,1.52301,1.52336,1.00,1.37
2018.04.18 21:27:04.632,1.52298,1.52336,1.00,1.37
2018.04.18 21:27:04.684,1.52298,1.52336,1.00,1.37
2018.04.18 21:27:04.992,1.52299,1.52335,1.00,1.37
2018.04.18 21:27:05.201,1.52299,1.52336,1.00,1.37
2018.04.18 21:27:05.308,1.52299,1.52335,1.00,1.37
2018.04.18 21:27:05.822,1.52297,1.52336,1.00,1.87
2018.04.18 21:27:05.979,1.52299,1.52335,1.00,1.37
2018.04.18 21:27:06.030,1.52299,1.52335,1.00,1.37
2018.04.18 21:27:06.133,1.52299,1.52335,1.00,1.37
2018.04.18 21:27:06.396,1.52297,1.52335,1.00,1.37
2018.04.18 21:27:06.707,1.52297,1.52336,1.00,1.37
2018.04.18 21:27:06.759,1.523,1.52336,1.00,1.37
2018.04.18 21:27:06.811,1.52297,1.52336,1.00,1.50
2018.04.18 21:27:06.915,1.52298,1.52335,1.00,1.37
2018.04.18 21:27:07.600,1.523,1.52339,1.00,1.75
2018.04.18 21:27:07.705,1.52299,1.52337,1.00,1.37
2018.04.18 21:27:07.822,1.52301,1.52339,1.00,1.37
2018.04.18 21:27:07.874,1.52297,1.52337,1.00,1.37
2018.04.18 21:27:07.978,1.52299,1.52339,1.00,1.37
2018.04.18 21:27:08.081,1.52296,1.52338,1.00,1.37
2018.04.18 21:27:08.287,1.52298,1.52338,1.00,1.37
2018.04.18 21:27:08.803,1.52298,1.52336,1.00,1.37
2018.04.18 21:27:09.417,1.523,1.52336,1.00,1.37
2018.04.18 21:27:10.008,1.523,1.52338,1.00,1.37
2018.04.18 21:27:10.539,1.52301,1.52337,1.00,1.37
2018.04.18 21:27:11.065,1.523,1.52338,1.00,1.37
2018.04.18 21:27:11.548,1.52298,1.52338,1.00,1.00
2018.04.18 21:27:11.600,1.52296,1.52337,1.00,1.00
2018.04.18 21:27:11.652,1.52296,1.52336,1.00,1.37
2018.04.18 21:27:11.963,1.52298,1.52337,1.00,1.37
2018.04.18 21:27:13.000,1.52299,1.52337,1.00,1.37
2018.04.18 21:27:13.155,1.52296,1.52338,1.00,1.37
2018.04.18 21:27:13.719,1.52294,1.52337,1.00,1.37
2018.04.18 21:27:13.771,1.52296,1.52335,1.00,1.37
2018.04.18 21:27:14.156,1.52299,1.52335,1.00,1.37
2018.04.18 21:27:14.666,1.52299,1.52336,1.00,1.37
2018.04.18 21:27:15.224,1.52299,1.52337,1.00,1.37
2018.04.18 21:27:15.878,1.52299,1.52337,1.00,1.37
2018.04.18 21:27:16.420,1.523,1.52337,1.00,1.37
2018.04.18 21:27:16.472,1.52296,1.52337,1.00,1.37
2018.04.18 21:27:16.953,1.52298,1.52336,1.00,1.37
2018.04.18 21:27:17.239,1.52295,1.52337,1.00,1.37
2018.04.18 21:27:17.422,1.52297,1.52336,1.00,1.50
2018.04.18 21:27:17.946,1.52296,1.52336,1.00,1.50
2018.04.18 21:27:18.609,1.52298,1.52337,1.00,1.37
2018.04.18 21:27:20.609,1.52298,1.52339,1.00,1.37
2018.04.18 21:27:20.863,1.52298,1.52338,1.00,1.37
2018.04.18 21:27:21.389,1.52298,1.52338,1.00,1.37
2018.04.18 21:27:21.857,1.523,1.5234,1.00,1.37
2018.04.18 21:27:22.042,1.52298,1.52337,1.00,1.37
2018.04.18 21:27:22.560,1.52298,1.52337,1.00,1.37
2018.04.18 21:27:23.095,1.52298,1.52339,1.00,1.37
2018.04.18 21:27:23.301,1.52298,1.52337,1.00,1.37
2018.04.18 21:27:23.881,1.52299,1.52337,1.00,1.37
2018.04.18 21:27:24.036,1.52297,1.52339,1.00,1.37
2018.04.18 21:27:24.558,1.52298,1.52338,1.00,1.37
2018.04.18 21:27:25.093,1.52298,1.52336,1.00,1.37
2018.04.18 21:27:25.298,1.52298,1.52337,1.00,1.37
2018.04.18 21:27:25.512,1.52298,1.52336,1.00,1.37
2018.04.18 21:27:26.023,1.52299,1.52336,1.00,1.37
2018.04.18 21:27:26.126,1.52299,1.52337,1.00,1.37
2018.04.18 21:27:26.281,1.52297,1.52337,1.00,1.37
2018.04.18 21:27:26.436,1.52296,1.52337,1.00,1.37
2018.04.18 21:27:26.539,1.52296,1.52335,1.00,1.37
2018.04.18 21:27:26.591,1.52298,1.52335,1.00,1.37
2018.04.18 21:27:28.598,1.52296,1.52337,1.00,1.50
2018.04.18 21:27:29.008,1.52296,1.52335,1.00,1.37
2018.04.18 21:27:29.420,1.52296,1.52335,1.00,1.37
2018.04.18 21:27:29.472,1.52298,1.52335,1.00,1.37
2018.04.18 21:27:29.801,1.52298,1.52335,1.00,1.37
2018.04.18 21:27:30.443,1.52298,1.52336,1.00,1.37
2018.04.18 21:27:30.545,1.52297,1.52335,1.00,1.37
2018.04.18 21:27:31.161,1.52297,1.52335,1.00,1.37
2018.04.18 21:27:31.830,1.52297,1.52334,1.00,1.37
2018.04.18 21:27:32.038,1.52297,1.52336,1.00,1.37
2018.04.18 21:27:32.220,1.52297,1.52335,1.00,1.37
2018.04.18 21:27:32.964,1.52297,1.52336,1.00,1.37
2018.04.18 21:27:34.018,1.52299,1.52337,1.00,1.37
2018.04.18 21:27:34.173,1.52299,1.52337,1.00,1.37
2018.04.18 21:27:34.378,1.52299,1.52336,1.00,1.37
2018.04.18 21:27:34.430,1.52295,1.52336,1.00,1.37
2018.04.18 21:27:34.636,1.52297,1.52337,1.00,1.37
2018.04.18 21:27:35.237,1.52297,1.52336,1.00,1.37
2018.04.18 21:27:35.289,1.52297,1.52335,1.00,1.37
2018.04.18 21:27:35.638,1.52298,1.52336,1.00,1.37
2018.04.18 21:27:35.838,1.52298,1.52337,1.00,1.37
2018.04.18 21:27:36.440,1.52296,1.52336,1.00,1.50
2018.04.18 21:27:36.543,1.52299,1.52337,1.00,1.75
2018.04.18 21:27:37.132,1.52296,1.52337,1.00,1.75
2018.04.18 21:27:37.287,1.52298,1.52337,1.00,1.37
2018.04.18 21:27:37.927,1.52297,1.52337,1.00,1.37
2018.04.18 21:27:38.516,1.52298,1.52337,1.00,1.37
2018.04.18 21:27:38.568,1.52296,1.52335,1.00,1.37
2018.04.18 21:27:39.080,1.52297,1.52337,1.00,1.37
2018.04.18 21:27:39.985,1.523,1.52338,1.00,2.25
2018.04.18 21:27:40.536,1.52297,1.52338,1.00,1.50
2018.04.18 21:27:40.974,1.52299,1.52337,1.00,1.37
2018.04.18 21:27:41.256,1.52297,1.52338,1.00,1.37
2018.04.18 21:27:41.466,1.52298,1.52338,1.00,1.37
2018.04.18 21:27:41.569,1.52296,1.52337,1.00,1.37
2018.04.18 21:27:41.908,1.52298,1.52338,1.00,1.37
2018.04.18 21:27:42.292,1.52296,1.52338,1.00,1.50
2018.04.18 21:27:42.344,1.52298,1.52336,1.00,1.37
2018.04.18 21:27:42.652,1.52298,1.52337,1.00,1.37
2018.04.18 21:27:43.005,1.52295,1.52338,1.00,1.50
2018.04.18 21:27:43.056,1.52299,1.52338,1.00,1.50
2018.04.18 21:27:43.108,1.52299,1.52337,1.00,1.37
2018.04.18 21:27:43.211,1.52299,1.52338,1.00,1.50
2018.04.18 21:27:43.733,1.52298,1.52339,1.00,1.75
2018.04.18 21:27:44.084,1.523,1.52338,1.00,1.50
2018.04.18 21:27:44.186,1.52298,1.52339,1.00,1.75
2018.04.18 21:27:44.238,1.523,1.52338,1.00,1.50
2018.04.18 21:27:44.528,1.52298,1.52338,1.00,1.50
2018.04.18 21:27:44.996,1.523,1.5234,1.00,1.75
2018.04.18 21:27:45.099,1.523,1.52339,1.00,1.75
2018.04.18 21:27:45.520,1.523,1.52339,1.00,1.37
2018.04.18 21:27:46.056,1.523,1.52339,1.00,1.37
2018.04.18 21:27:46.571,1.52301,1.52339,1.00,1.75
2018.04.18 21:27:46.845,1.52299,1.52338,1.00,1.50
2018.04.18 21:27:46.998,1.52301,1.52339,1.00,1.75
2018.04.18 21:27:47.306,1.52303,1.52341,1.00,1.75
2018.04.18 21:27:47.656,1.52303,1.52339,1.00,1.37
2018.04.18 21:27:48.193,1.52303,1.52339,1.00,1.37
2018.04.18 21:27:48.606,1.52303,1.52341,1.00,1.75
2018.04.18 21:27:48.658,1.52301,1.52341,1.00,1.75
2018.04.18 21:27:48.761,1.52304,1.52342,1.00,1.75
2018.04.18 21:27:49.273,1.52304,1.52344,1.00,1.37
2018.04.18 21:27:49.426,1.52302,1.52342,1.00,1.37
2018.04.18 21:27:49.579,1.52305,1.52342,1.00,1.37
2018.04.18 21:27:49.885,1.52303,1.52344,1.00,1.37
2018.04.18 21:27:49.937,1.52304,1.52343,1.00,1.37
2018.04.18 21:27:50.140,1.52305,1.52342,1.00,1.37
2018.04.18 21:27:50.664,1.52305,1.52342,1.00,1.37
2018.04.18 21:27:50.974,1.52303,1.52342,1.00,1.37
2018.04.18 21:27:51.231,1.52302,1.52342,1.00,1.37
2018.04.18 21:27:51.386,1.52304,1.52344,1.00,1.37
2018.04.18 21:27:51.895,1.52305,1.52343,1.00,1.37
2018.04.18 21:27:52.423,1.52307,1.52343,1.00,1.37
2018.04.18 21:27:52.629,1.52307,1.52342,1.00,1.37
2018.04.18 21:27:52.722,1.52307,1.52342,1.00,1.37
2018.04.18 21:27:53.060,1.52306,1.52344,1.00,1.37
2018.04.18 21:27:53.162,1.52303,1.52342,1.00,1.37
2018.04.18 21:27:53.580,1.52306,1.52343,1.00,1.37
2018.04.18 21:27:53.838,1.52306,1.52345,1.00,1.37
2018.04.18 21:27:54.380,1.52307,1.52344,1.00,1.37
2018.04.18 21:27:54.893,1.52308,1.52344,1.00,1.37
2018.04.18 21:27:54.996,1.52303,1.52345,1.00,1.37
2018.04.18 21:27:55.048,1.52306,1.52345,1.00,1.87
2018.04.18 21:27:55.588,1.52305,1.52344,1.00,1.37
2018.04.18 21:27:56.096,1.52307,1.52345,1.00,1.37
2018.04.18 21:27:56.249,1.52305,1.52345,1.00,1.37
2018.04.18 21:27:56.793,1.52303,1.52345,1.00,1.37
2018.04.18 21:27:57.011,1.52305,1.52345,1.00,1.37
2018.04.18 21:27:57.552,1.52305,1.52345,1.00,1.75
2018.04.18 21:27:58.755,1.52306,1.52345,1.00,1.75
2018.04.18 21:27:59.817,1.52304,1.52344,1.00,1.50
2018.04.18 21:27:59.869,1.52304,1.52343,1.00,1.37
2018.04.18 21:28:00.192,1.52306,1.52345,1.00,1.75
2018.04.18 21:28:00.730,1.52305,1.52345,1.00,1.50
2018.04.18 21:28:01.000,1.52302,1.52345,1.00,1.50
2018.04.18 21:28:01.052,1.52304,1.52343,1.00,1.37
2018.04.18 21:28:01.209,1.52301,1.52343,1.00,1.37
2018.04.18 21:28:01.466,1.523,1.52343,1.00,1.37
2018.04.18 21:28:01.877,1.523,1.52341,1.00,1.37
2018.04.18 21:28:02.056,1.52303,1.52341,1.00,1.37
2018.04.18 21:28:02.575,1.52303,1.52342,1.00,1.37
2018.04.18 21:28:03.070,1.52301,1.52342,1.00,1.37
2018.04.18 21:28:03.225,1.52304,1.52343,1.00,1.37
2018.04.18 21:28:03.328,1.523,1.52343,1.00,1.50
2018.04.18 21:28:03.790,1.52302,1.52344,1.00,1.75
2018.04.18 21:28:03.893,1.523,1.52342,1.00,1.37
2018.04.18 21:28:03.996,1.52302,1.52341,1.00,1.37
2018.04.18 21:28:04.099,1.523,1.52343,1.00,1.50
2018.04.18 21:28:04.565,1.52303,1.52342,1.00,1.50
2018.04.18 21:28:04.669,1.52301,1.52341,1.00,1.37
2018.04.18 21:28:04.721,1.52299,1.5234,1.00,1.37
2018.04.18 21:28:04.824,1.52303,1.52342,1.00,1.50
2018.04.18 21:28:05.029,1.52303,1.52341,1.00,1.37
2018.04.18 21:28:05.132,1.52301,1.52341,1.00,1.37
2018.04.18 21:28:05.603,1.52303,1.5234,1.00,1.37
2018.04.18 21:28:05.986,1.523,1.5234,1.00,1.37
2018.04.18 21:28:06.191,1.52302,1.52341,1.00,1.50
2018.04.18 21:28:06.294,1.52302,1.52341,1.00,1.50
2018.04.18 21:28:07.196,1.52299,1.52342,1.00,1.75
2018.04.18 21:28:07.911,1.52299,1.52342,1.00,1.37
2018.04.18 21:28:08.346,1.52301,1.52342,1.00,1.75
2018.04.18 21:28:08.499,1.52298,1.52342,1.00,1.75
2018.04.18 21:28:08.602,1.523,1.5234,1.00,1.37
2018.04.18 21:28:08.705,1.523,1.52341,1.00,1.50
2018.04.18 21:28:09.448,1.52299,1.52341,1.00,1.50
2018.04.18 21:28:09.910,1.52301,1.52342,1.00,1.50
2018.04.18 21:28:10.131,1.52299,1.5234,1.00,1.37
2018.04.18 21:28:10.284,1.52301,1.5234,1.00,1.37
2018.04.18 21:28:10.467,1.52301,1.5234,1.00,1.37
2018.04.18 21:28:10.520,1.52299,1.5234,1.00,1.37
2018.04.18 21:28:10.572,1.52301,1.52341,1.00,1.37
2018.04.18 21:28:10.831,1.52299,1.52343,1.00,1.75
2018.04.18 21:28:10.985,1.52301,1.52342,1.00,1.50
2018.04.18 21:28:11.498,1.523,1.52342,1.00,1.50
2018.04.18 21:28:12.062,1.523,1.52343,1.00,1.75
2018.04.18 21:28:12.370,1.52302,1.52341,1.00,1.37
2018.04.18 21:28:12.422,1.52299,1.52341,1.00,1.37
2018.04.18 21:28:12.794,1.52299,1.52341,1.00,1.37
2018.04.18 21:28:13.116,1.52302,1.5234,1.00,1.37
2018.04.18 21:28:13.168,1.523,1.52341,1.00,1.37
2018.04.18 21:28:13.273,1.523,1.52341,1.00,1.37
2018.04.18 21:28:13.583,1.52298,1.52341,1.00,1.37
2018.04.18 21:28:13.740,1.52298,1.52343,1.00,1.75
2018.04.18 21:28:13.946,1.52299,1.52341,1.00,1.50
2018.04.18 21:28:14.049,1.52299,1.5234,1.00,1.37
2018.04.18 21:28:14.666,1.52298,1.5234,1.00,1.37
2018.04.18 21:28:15.193,1.52297,1.52341,1.00,1.50
2018.04.18 21:28:15.835,1.52297,1.52341,1.00,1.75
2018.04.18 21:28:16.169,1.523,1.52339,1.00,1.37
2018.04.18 21:28:16.222,1.52296,1.5234,1.00,1.37
2018.04.18 21:28:16.274,1.52297,1.5234,1.00,1.37
2018.04.18 21:28:16.326,1.52295,1.52339,1.00,1.37
2018.04.18 21:28:16.379,1.52295,1.52338,1.00,1.37
2018.04.18 21:28:16.482,1.52295,1.5234,1.00,1.37
2018.04.18 21:28:16.789,1.52299,1.52338,1.00,1.37
2018.04.18 21:28:16.841,1.52298,1.52341,1.00,1.37
2018.04.18 21:28:16.893,1.52296,1.52341,1.00,1.87
2018.04.18 21:28:17.098,1.52298,1.52339,1.00,1.37
2018.04.18 21:28:17.611,1.523,1.52339,1.00,1.37
2018.04.18 21:28:18.087,1.523,1.52339,1.00,1.37
2018.04.18 21:28:18.550,1.523,1.52339,1.00,1.37
2018.04.18 21:28:18.890,1.523,1.5234,1.00,1.37
2018.04.18 21:28:19.407,1.523,1.5234,1.00,1.37
2018.04.18 21:28:19.989,1.523,1.52338,1.00,1.37
2018.04.18 21:28:20.295,1.523,1.52339,1.00,1.37
2018.04.18 21:28:20.505,1.523,1.52339,1.00,1.37
2018.04.18 21:28:21.145,1.52296,1.52339,1.00,1.37
2018.04.18 21:28:21.196,1.52296,1.52339,1.00,1.37
2018.04.18 21:28:21.606,1.52299,1.52338,1.00,1.37
2018.04.18 21:28:21.913,1.52298,1.52337,1.00,1.37
2018.04.18 21:28:22.502,1.52299,1.52337,1.00,1.37
2018.04.18 21:28:23.868,1.52295,1.52338,1.00,1.37
2018.04.18 21:28:23.920,1.52295,1.52336,1.00,1.37
2018.04.18 21:28:24.023,1.52294,1.52336,1.00,1.37
2018.04.18 21:28:24.332,1.52295,1.52337,1.00,1.37
2018.04.18 21:28:24.384,1.52298,1.52337,1.00,1.37
2018.04.18 21:28:24.693,1.523,1.52337,1.00,1.37
2018.04.18 21:28:25.625,1.523,1.52336,1.00,1.37
2018.04.18 21:28:25.781,1.52297,1.52338,1.00,1.37
2018.04.18 21:28:26.194,1.52299,1.52338,1.00,1.37
2018.04.18 21:28:26.825,1.523,1.52338,1.00,1.37
2018.04.18 21:28:26.877,1.52295,1.52339,1.00,1.50
2018.04.18 21:28:27.125,1.52297,1.52339,1.00,1.50
2018.04.18 21:28:27.941,1.52299,1.52337,1.00,1.37
2018.04.18 21:28:29.883,1.52296,1.52338,1.00,1.37
2018.04.18 21:28:33.435,1.52296,1.52338,1.00,1.37
2018.04.18 21:28:33.813,1.52298,1.52337,1.00,1.37
2018.04.18 21:28:33.865,1.52296,1.52337,1.00,1.37
2018.04.18 21:28:34.377,1.52296,1.52338,1.00,1.37
2018.04.18 21:28:34.429,1.52294,1.52338,1.00,1.37
2018.04.18 21:28:34.941,1.52295,1.52337,1.00,1.37
2018.04.18 21:28:35.560,1.52295,1.52337,1.00,1.37
2018.04.18 21:28:36.081,1.52295,1.52337,1.00,1.37
2018.04.18 21:28:36.629,1.52296,1.52337,1.00,1.37
2018.04.18 21:28:36.885,1.52296,1.52338,1.00,1.37
2018.04.18 21:28:37.387,1.52297,1.52337,1.00,1.37
2018.04.18 21:28:38.470,1.52297,1.52338,1.00,1.37
2018.04.18 21:28:39.201,1.52293,1.52338,1.00,1.87
2018.04.18 21:28:39.713,1.52292,1.52331,1.00,1.37
2018.04.18 21:28:40.195,1.5229,1.52331,1.00,1.37
2018.04.18 21:28:40.378,1.52293,1.52331,1.00,1.37
2018.04.18 21:28:40.891,1.52292,1.52331,1.00,1.37
2018.04.18 21:28:41.208,1.52295,1.52331,1.00,1.37
2018.04.18 21:28:41.718,1.52296,1.52331,1.00,1.37
2018.04.18 21:28:42.223,1.52293,1.52331,1.00,1.37
2018.04.18 21:28:42.274,1.52293,1.52331,1.00,1.37
2018.04.18 21:28:42.377,1.52293,1.52331,1.00,1.37
2018.04.18 21:28:42.480,1.52294,1.52331,1.00,1.37
2018.04.18 21:28:42.634,1.52297,1.52331,1.00,1.37
2018.04.18 21:28:42.736,1.52293,1.52331,1.00,1.37
2018.04.18 21:28:43.216,1.52297,1.52335,1.00,1.50
2018.04.18 21:28:43.719,1.52297,1.52335,1.00,1.50
2018.04.18 21:28:44.277,1.52292,1.52335,1.00,1.50
2018.04.18 21:28:44.380,1.52296,1.52335,1.00,1.50
2018.04.18 21:28:44.534,1.52293,1.52335,1.00,1.50
2018.04.18 21:28:44.636,1.52297,1.52335,1.00,1.50
2018.04.18 21:28:44.842,1.52293,1.52335,1.00,1.75
2018.04.18 21:28:45.098,1.52296,1.52335,1.00,1.75
2018.04.18 21:28:45.201,1.52293,1.52335,1.00,1.75
2018.04.18 21:28:45.355,1.52295,1.52335,1.00,1.75
2018.04.18 21:28:45.898,1.52295,1.52335,1.00,1.75
2018.04.18 21:28:49.225,1.52293,1.52335,1.00,1.50
2018.04.18 21:28:49.379,1.52295,1.52335,1.00,1.50
2018.04.18 21:28:49.892,1.52296,1.52337,1.00,1.75
2018.04.18 21:28:50.225,1.52292,1.52337,1.00,2.25
2018.04.18 21:28:50.328,1.52293,1.52337,1.00,1.00
2018.04.18 21:28:50.431,1.52291,1.52336,1.00,1.37
2018.04.18 21:28:50.688,1.52287,1.52334,1.00,1.37
2018.04.18 21:28:50.945,1.52287,1.52334,1.00,1.37
2018.04.18 21:28:51.203,1.52284,1.52329,1.00,1.37
2018.04.18 21:28:51.255,1.52287,1.52334,1.00,1.37
2018.04.18 21:28:51.771,1.52288,1.52335,1.00,1.37
2018.04.18 21:28:52.297,1.52287,1.52333,1.00,1.37
2018.04.18 21:28:52.349,1.52287,1.52333,1.00,1.37
2018.04.18 21:28:53.194,1.52287,1.52333,1.00,1.50
2018.04.18 21:28:53.527,1.52286,1.52331,1.00,1.37
2018.04.18 21:28:54.123,1.52284,1.52329,1.00,1.37
2018.04.18 21:28:54.228,1.52282,1.52329,1.69,1.75
2018.04.18 21:28:54.733,1.52282,1.52329,1.69,1.75
2018.04.18 21:28:54.784,1.52282,1.52329,1.69,1.75
2018.04.18 21:28:54.938,1.52282,1.52329,1.69,1.75
2018.04.18 21:28:56.152,1.52282,1.52329,1.69,1.75
2018.04.18 21:28:56.460,1.52286,1.52331,1.00,1.75
2018.04.18 21:28:57.196,1.52288,1.52332,1.00,1.12
2018.04.18 21:28:57.860,1.52288,1.52333,1.00,1.75
2018.04.18 21:28:58.186,1.52288,1.52333,1.00,1.75
2018.04.18 21:28:58.391,1.52289,1.52334,1.00,1.75
2018.04.18 21:28:58.496,1.5228,1.52325,1.00,1.75
2018.04.18 21:28:58.572,1.52277,1.52324,1.00,1.75
2018.04.18 21:28:59.187,1.52277,1.52322,1.00,1.75
2018.04.18 21:28:59.406,1.52275,1.5232,1.25,1.50
2018.04.18 21:28:59.662,1.52274,1.52316,1.25,1.00
2018.04.18 21:29:00.173,1.52276,1.52321,1.00,1.12
2018.04.18 21:29:00.690,1.52276,1.52323,1.00,1.75
2018.04.18 21:29:01.224,1.52276,1.52323,1.00,1.75
2018.04.18 21:29:01.686,1.52278,1.52323,1.00,1.75
2018.04.18 21:29:01.841,1.52275,1.52323,1.00,1.75
2018.04.18 21:29:02.206,1.52277,1.52323,1.00,1.75
2018.04.18 21:29:02.258,1.52275,1.52322,1.00,1.50
2018.04.18 21:29:02.686,1.52277,1.52323,1.00,1.37
2018.04.18 21:29:02.788,1.52274,1.52322,1.69,1.37
2018.04.18 21:29:02.891,1.52276,1.52322,1.00,1.37
2018.04.18 21:29:03.222,1.52274,1.52322,1.69,1.37
2018.04.18 21:29:03.325,1.52276,1.52324,1.00,1.50
2018.04.18 21:29:03.377,1.52276,1.52324,1.00,1.50
2018.04.18 21:29:03.737,1.52278,1.52323,1.00,1.37
2018.04.18 21:29:03.839,1.52275,1.52321,1.00,1.00
2018.04.18 21:29:04.197,1.52277,1.52325,1.00,1.75
2018.04.18 21:29:04.694,1.52277,1.52325,1.00,1.75
2018.04.18 21:29:04.899,1.52274,1.5232,1.69,1.12
2018.04.18 21:29:05.002,1.52276,1.52322,1.00,1.37
2018.04.18 21:29:05.399,1.52274,1.5232,1.69,1.12
2018.04.18 21:29:05.687,1.52274,1.52317,1.25,1.00
2018.04.18 21:29:06.201,1.52274,1.52317,1.19,1.00
2018.04.18 21:29:06.686,1.52274,1.52313,1.19,1.00
2018.04.18 21:29:06.738,1.52274,1.5232,1.19,1.12
2018.04.18 21:29:07.252,1.52274,1.52322,1.69,1.75
2018.04.18 21:29:07.458,1.52279,1.5232,1.00,1.00
2018.04.18 21:29:07.767,1.52278,1.52322,1.00,1.00
2018.04.18 21:29:07.870,1.52282,1.52329,1.00,1.12
2018.04.18 21:29:08.207,1.52284,1.52329,1.00,1.12
2018.04.18 21:29:08.738,1.52284,1.52333,1.00,1.50
2018.04.18 21:29:09.506,1.52284,1.52333,1.00,1.37
2018.04.18 21:29:09.689,1.52278,1.52327,1.00,1.37
2018.04.18 21:29:09.828,1.52284,1.52331,1.00,1.37
2018.04.18 21:29:10.188,1.52282,1.52329,1.00,1.37
2018.04.18 21:29:10.598,1.52275,1.52324,1.00,1.12
2018.04.18 21:29:10.649,1.52276,1.52323,1.00,1.37
2018.04.18 21:29:10.957,1.52282,1.52329,1.00,1.37
2018.04.18 21:29:11.496,1.52283,1.52331,1.00,1.50
2018.04.18 21:29:11.803,1.52276,1.52325,1.00,1.37
2018.04.18 21:29:12.059,1.5228,1.5233,1.00,1.37
2018.04.18 21:29:12.285,1.52275,1.52323,1.00,1.00
2018.04.18 21:29:12.337,1.52279,1.52327,1.00,1.37
2018.04.18 21:29:12.710,1.52274,1.52321,1.25,1.00
2018.04.18 21:29:13.237,1.52274,1.5232,1.25,1.00
2018.04.18 21:29:13.727,1.52274,1.52318,1.25,1.00
2018.04.18 21:29:14.061,1.52274,1.52316,1.25,1.00
2018.04.18 21:29:14.565,1.52274,1.52317,1.25,1.00
2018.04.18 21:29:14.880,1.52274,1.52314,1.25,1.00
2018.04.18 21:29:15.712,1.52275,1.52313,1.25,1.00
2018.04.18 21:29:15.765,1.52275,1.52322,1.25,1.75
2018.04.18 21:29:17.081,1.52275,1.52322,1.25,1.50
2018.04.18 21:29:17.779,1.52275,1.52319,1.25,1.00
2018.04.18 21:29:18.092,1.52275,1.52322,1.25,1.00
2018.04.18 21:29:18.195,1.52275,1.52324,1.25,1.75
2018.04.18 21:29:18.298,1.52275,1.52322,1.69,1.00
2018.04.18 21:29:19.036,1.52275,1.52319,1.25,1.00
2018.04.18 21:29:19.541,1.52275,1.5232,1.69,1.00
2018.04.18 21:29:20.208,1.52275,1.52319,1.25,1.00
2018.04.18 21:29:20.742,1.52275,1.52313,1.25,1.00
2018.04.18 21:29:21.697,1.52275,1.52312,1.25,1.00
2018.04.18 21:29:21.953,1.52275,1.52314,1.25,1.00
2018.04.18 21:29:22.262,1.52275,1.52317,1.25,1.12
2018.04.18 21:29:23.018,1.52275,1.5232,1.25,1.00
2018.04.18 21:29:23.535,1.52275,1.52325,1.69,1.75
2018.04.18 21:29:23.793,1.52282,1.52326,1.00,1.12
2018.04.18 21:29:24.049,1.52282,1.52331,1.00,1.37
2018.04.18 21:29:24.101,1.52277,1.52326,1.00,1.37
2018.04.18 21:29:24.255,1.52284,1.52333,1.00,1.75
2018.04.18 21:29:24.306,1.52282,1.52333,1.00,1.75
2018.04.18 21:29:24.410,1.52284,1.52333,1.00,1.75
2018.04.18 21:29:24.718,1.52286,1.52335,1.00,1.75
2018.04.18 21:29:25.987,1.52286,1.52337,1.00,1.75
2018.04.18 21:29:26.244,1.52278,1.52329,1.50,1.37
2018.04.18 21:29:26.398,1.52286,1.52335,1.00,1.75
2018.04.18 21:29:26.811,1.52278,1.52327,1.00,1.12
2018.04.18 21:29:26.914,1.52286,1.52335,1.00,1.75
2018.04.18 21:29:27.017,1.52278,1.52327,1.50,1.12
2018.04.18 21:29:27.069,1.52285,1.52334,1.00,1.75
2018.04.18 21:29:27.223,1.52278,1.5233,1.50,1.37
2018.04.18 21:29:27.276,1.52285,1.52335,1.00,1.75
2018.04.18 21:29:27.481,1.52278,1.52328,1.50,1.37
2018.04.18 21:29:27.533,1.52284,1.52333,1.00,1.75
2018.04.18 21:29:27.636,1.52279,1.52329,1.00,1.37
2018.04.18 21:29:27.688,1.52285,1.52333,1.00,1.75
2018.04.18 21:29:27.900,1.52278,1.52329,1.00,1.37
2018.04.18 21:29:28.002,1.5228,1.52329,1.00,1.37
2018.04.18 21:29:28.334,1.52284,1.52333,1.00,1.75
2018.04.18 21:29:29.070,1.52285,1.52333,1.00,1.75
2018.04.18 21:29:29.122,1.52278,1.52328,1.50,1.50
2018.04.18 21:29:29.173,1.52282,1.52333,1.00,1.75
2018.04.18 21:29:29.481,1.52286,1.52333,1.00,1.75
2018.04.18 21:29:30.135,1.52285,1.52333,1.00,1.75
2018.04.18 21:29:30.443,1.52288,1.52333,1.00,1.75
2018.04.18 21:29:30.596,1.52284,1.52333,1.00,1.75
2018.04.18 21:29:30.811,1.52286,1.5233,1.00,1.37
2018.04.18 21:29:31.137,1.52289,1.5233,1.00,1.37
2018.04.18 21:29:31.548,1.52283,1.5233,1.00,1.37
2018.04.18 21:29:31.599,1.5229,1.5233,1.00,1.37
2018.04.18 21:29:32.111,1.52291,1.5233,1.00,1.37
2018.04.18 21:29:32.739,1.52292,1.5233,1.00,1.37
2018.04.18 21:29:33.274,1.52293,1.5233,1.00,1.12
2018.04.18 21:29:33.583,1.52299,1.52346,1.00,1.75
2018.04.18 21:29:33.635,1.52299,1.52344,1.00,1.75
2018.04.18 21:29:34.148,1.52297,1.52345,1.00,2.25
2018.04.18 21:29:34.677,1.52296,1.52344,1.00,1.75
2018.04.18 21:29:35.200,1.52297,1.52344,1.00,1.75
2018.04.18 21:29:35.757,1.52297,1.52344,1.00,1.75
2018.04.18 21:29:36.417,1.52296,1.52344,1.00,1.75
2018.04.18 21:29:36.521,1.52293,1.52343,1.00,1.50
2018.04.18 21:29:36.792,1.5229,1.5234,1.00,1.37
2018.04.18 21:29:36.844,1.52288,1.52341,1.00,1.37
2018.04.18 21:29:37.152,1.52288,1.52341,1.00,2.25
2018.04.18 21:29:37.563,1.52288,1.52341,1.00,1.75
2018.04.18 21:29:37.666,1.52284,1.52336,1.00,1.37
2018.04.18 21:29:37.769,1.52287,1.52338,1.00,1.50
2018.04.18 21:29:37.821,1.52281,1.52334,1.00,1.37
2018.04.18 21:29:38.332,1.5228,1.52331,1.00,1.37
2018.04.18 21:29:39.050,1.5228,1.52331,1.00,1.37
2018.04.18 21:29:39.762,1.5228,1.52331,1.00,1.37
2018.04.18 21:29:39.968,1.5228,1.52331,1.00,1.87
2018.04.18 21:29:40.664,1.52279,1.52331,1.00,2.25
2018.04.18 21:29:41.426,1.52279,1.52331,1.00,2.25
2018.04.18 21:29:41.965,1.52279,1.52331,1.00,2.25
2018.04.18 21:29:43.897,1.52277,1.52331,1.50,2.25
2018.04.18 21:29:44.462,1.52278,1.52331,1.00,2.25
2018.04.18 21:29:44.921,1.52283,1.52331,1.00,1.75
2018.04.18 21:29:45.721,1.52283,1.52331,1.00,1.75
2018.04.18 21:29:47.878,1.52278,1.52326,1.50,1.50
2018.04.18 21:29:48.940,1.52282,1.52326,1.00,1.37
2018.04.18 21:29:53.556,1.52282,1.52326,1.00,1.37
2018.04.18 21:29:53.761,1.5228,1.52332,1.00,1.75
2018.04.18 21:29:53.813,1.52287,1.52334,1.00,1.37
2018.04.18 21:29:53.967,1.52282,1.52333,1.00,1.37
2018.04.18 21:29:54.019,1.52288,1.52334,1.00,1.37
2018.04.18 21:29:54.071,1.52288,1.52334,1.00,1.37
2018.04.18 21:29:54.174,1.52283,1.52334,1.00,1.37
2018.04.18 21:29:54.226,1.52287,1.52334,1.00,1.37
2018.04.18 21:29:54.380,1.52283,1.52331,1.00,1.37
2018.04.18 21:29:54.483,1.52287,1.52334,1.00,1.37
2018.04.18 21:29:54.534,1.52287,1.52334,1.00,1.37
2018.04.18 21:29:54.637,1.52287,1.52334,1.00,1.37
2018.04.18 21:29:55.193,1.52287,1.5234,1.00,2.25
2018.04.18 21:29:56.139,1.52289,1.5234,1.00,2.25
2018.04.18 21:29:56.190,1.52284,1.52337,1.00,1.37
2018.04.18 21:29:56.494,1.5229,1.5234,1.00,2.25
2018.04.18 21:29:57.093,1.5229,1.5234,1.00,2.25
2018.04.18 21:29:58.656,1.5229,1.5234,1.00,1.75
2018.04.18 21:29:59.194,1.5229,1.5234,1.00,2.25
2018.04.18 21:29:59.853,1.52289,1.5234,1.00,2.25
2018.04.18 21:30:00.132,1.52287,1.52333,1.00,1.37
2018.04.18 21:30:00.390,1.52287,1.52333,1.00,1.37
2018.04.18 21:30:00.904,1.52287,1.52335,1.00,1.50
2018.04.18 21:30:01.127,1.52284,1.52333,1.00,1.75
2018.04.18 21:30:01.230,1.52283,1.52324,1.00,1.00
2018.04.18 21:30:01.539,1.52277,1.52322,1.00,1.37
2018.04.18 21:30:01.694,1.52277,1.52321,1.00,1.37
2018.04.18 21:30:01.902,1.52276,1.52318,1.00,1.37
2018.04.18 21:30:01.955,1.52271,1.52316,1.00,1.37
2018.04.18 21:30:02.007,1.52271,1.52317,1.00,1.37
2018.04.18 21:30:02.265,1.52268,1.52315,1.00,1.37
2018.04.18 21:30:02.419,1.52268,1.52316,1.00,1.37
2018.04.18 21:30:02.790,1.52271,1.52316,1.00,1.37
2018.04.18 21:30:03.201,1.52271,1.52314,1.00,1.37
2018.04.18 21:30:03.407,1.52271,1.52317,1.00,1.37
2018.04.18 21:30:03.665,1.52267,1.52317,1.00,1.50
2018.04.18 21:30:03.873,1.52264,1.52314,1.00,1.37
2018.04.18 21:30:03.925,1.52268,1.52316,1.00,1.37
2018.04.18 21:30:04.133,1.52268,1.52321,1.00,1.75
2018.04.18 21:30:04.185,1.52264,1.52316,1.00,1.00
2018.04.18 21:30:04.339,1.52262,1.52316,1.00,1.00
2018.04.18 21:30:04.855,1.52263,1.52316,1.00,1.12
2018.04.18 21:30:05.232,1.52261,1.52315,1.00,1.00
2018.04.18 21:30:05.799,1.52261,1.52315,1.00,1.37
2018.04.18 21:30:06.304,1.52262,1.52315,1.00,1.72
2018.04.18 21:30:07.044,1.52262,1.52315,1.00,1.72
2018.04.18 21:30:08.369,1.52262,1.52315,1.00,2.10
2018.04.18 21:30:08.688,1.52266,1.52314,1.00,1.12
2018.04.18 21:30:08.998,1.52264,1.52314,1.00,1.12
2018.04.18 21:30:09.419,1.52264,1.52317,1.00,1.03
2018.04.18 21:30:10.013,1.52265,1.52317,1.00,1.50
2018.04.18 21:30:10.626,1.52265,1.52317,1.00,1.37
2018.04.18 21:30:10.780,1.52272,1.52313,1.00,1.12
2018.04.18 21:30:10.832,1.52265,1.52313,1.00,1.12
2018.04.18 21:30:10.935,1.5227,1.52313,1.00,1.50
2018.04.18 21:30:11.197,1.52265,1.52313,1.00,1.00
2018.04.18 21:30:11.669,1.52269,1.52316,1.00,1.37
2018.04.18 21:30:12.546,1.52274,1.52311,1.00,1.00
2018.04.18 21:30:15.696,1.52274,1.52311,1.00,1.37
2018.04.18 21:30:16.699,1.52274,1.52311,1.00,1.37
2018.04.18 21:30:17.689,1.52274,1.52311,1.00,1.87
2018.04.18 21:30:18.689,1.52274,1.52311,1.00,1.87
2018.04.18 21:30:19.009,1.52269,1.52307,1.00,1.12
2018.04.18 21:30:23.431,1.52266,1.52307,1.50,1.00
2018.04.18 21:30:24.509,1.52267,1.52307,1.00,1.00
2018.04.18 21:30:25.119,1.52266,1.52307,1.50,1.00
2018.04.18 21:30:28.801,1.52267,1.52307,1.00,1.00
2018.04.18 21:30:29.402,1.52268,1.52311,1.00,1.00
2018.04.18 21:30:34.697,1.5227,1.52311,1.00,1.00
2018.04.18 21:30:34.999,1.52275,1.52309,1.00,1.00
2018.04.18 21:30:35.051,1.52271,1.52312,1.00,1.12
2018.04.18 21:30:35.678,1.52272,1.52311,1.00,1.00
2018.04.18 21:30:36.054,1.52276,1.5231,1.00,1.00
2018.04.18 21:30:36.386,1.52273,1.52307,1.50,1.00
2018.04.18 21:30:36.723,1.52281,1.52308,1.00,1.00
2018.04.18 21:30:52.541,1.52277,1.52319,1.00,1.50
2018.04.18 21:30:53.247,1.52277,1.52319,1.00,1.50
2018.04.18 21:30:53.835,1.52279,1.52308,1.00,1.00
2018.04.18 21:31:04.155,1.52279,1.52311,1.00,1.00
2018.04.18 21:31:08.934,1.5228,1.52311,1.00,1.00
2018.04.18 21:31:09.494,1.52279,1.52311,1.00,1.00
2018.04.18 21:31:11.629,1.52282,1.52311,1.00,1.00
2018.04.18 21:31:29.027,1.52283,1.52311,1.00,1.00
2018.04.18 21:31:29.472,1.52284,1.52314,1.00,1.00
2018.04.18 21:31:37.585,1.52284,1.52311,1.00,1.00
2018.04.18 21:31:39.446,1.52288,1.52315,1.00,1.00
2018.04.18 21:31:39.788,1.52291,1.52318,1.00,1.00
2018.04.18 21:31:42.067,1.52287,1.52316,1.00,1.00
2018.04.18 21:31:47.358,1.52289,1.52319,1.00,1.00
2018.04.18 21:31:54.540,1.52288,1.52317,1.00,1.00
2018.04.18 21:32:09.608,1.52286,1.52315,1.50,1.00
2018.04.18 21:32:09.953,1.52289,1.52316,1.00,1.00
2018.04.18 21:32:13.566,1.5229,1.52318,1.00,1.00
2018.04.18 21:32:14.506,1.52288,1.52317,1.00,1.00
2018.04.18 21:32:18.093,1.52289,1.52317,1.00,1.00
2018.04.18 21:32:18.146,1.52292,1.52319,1.00,1.00
2018.04.18 21:32:30.528,1.52294,1.52321,1.00,1.00
2018.04.18 21:32:30.842,1.5229,1.52319,1.00,1.00
2018.04.18 21:32:31.769,1.5229,1.5232,1.00,1.00
2018.04.18 21:32:31.900,1.52292,1.52323,1.00,1.00
2018.04.18 21:32:32.006,1.52298,1.52325,1.00,1.00
2018.04.18 21:32:33.686,1.52294,1.52325,1.00,1.00
2018.04.18 21:32:33.738,1.52296,1.52325,1.00,1.00
2018.04.18 21:32:40.178,1.523,1.52329,1.00,1.00
2018.04.18 21:33:10.734,1.52305,1.52332,1.00,1.00
2018.04.18 21:33:11.043,1.52301,1.52328,1.00,1.00
2018.04.18 21:33:15.551,1.523,1.52326,1.00,1.00
2018.04.18 21:33:18.997,1.52301,1.52329,1.00,1.00
2018.04.18 21:33:19.049,1.52306,1.52335,1.00,1.12
2018.04.18 21:33:21.693,1.52308,1.52335,1.00,1.00
2018.04.18 21:33:22.680,1.52306,1.52338,1.00,1.00
2018.04.18 21:33:23.196,1.52306,1.52339,1.00,1.50
2018.04.18 21:33:32.207,1.52308,1.52339,1.00,1.00
2018.04.18 21:33:33.117,1.52308,1.52342,1.00,1.00
2018.04.18 21:33:34.223,1.52304,1.52338,1.00,1.50
2018.04.18 21:33:34.531,1.523,1.52332,1.00,1.00
2018.04.18 21:33:35.263,1.52298,1.52332,1.50,1.00
2018.04.18 21:33:36.208,1.523,1.52332,1.00,1.00
2018.04.18 21:33:36.362,1.52298,1.52332,1.50,1.00
2018.04.18 21:33:37.074,1.523,1.52332,1.00,1.00
2018.04.18 21:33:37.488,1.52298,1.52329,1.00,1.00
2018.04.18 21:33:38.021,1.52299,1.5233,1.00,1.00
2018.04.18 21:33:41.510,1.52301,1.52329,1.00,1.00
2018.04.18 21:33:41.818,1.52303,1.52329,1.00,1.00
2018.04.18 21:33:42.400,1.52302,1.52329,1.00,1.00
2018.04.18 21:33:42.932,1.52303,1.52329,1.00,1.00
2018.04.18 21:33:43.486,1.52304,1.52331,1.50,1.00
2018.04.18 21:33:43.538,1.52306,1.52333,1.00,1.37
2018.04.18 21:33:44.154,1.52306,1.52333,1.00,1.00
2018.04.18 21:33:47.578,1.52304,1.52335,1.00,1.00
2018.04.18 21:33:48.113,1.52304,1.52335,1.00,1.37
2018.04.18 21:33:51.199,1.52304,1.52335,1.50,1.00
2018.04.18 21:33:51.354,1.52307,1.52334,1.00,1.00
2018.04.18 21:33:51.664,1.52305,1.52332,1.00,1.00
2018.04.18 21:33:53.865,1.52308,1.52335,1.00,1.00
2018.04.18 21:33:56.843,1.52304,1.52333,1.00,1.00
2018.04.18 21:34:03.906,1.52303,1.52331,1.00,1.00
2018.04.18 21:34:04.373,1.52306,1.52333,1.00,1.00
2018.04.18 21:34:08.963,1.52303,1.52331,1.00,1.00
2018.04.18 21:34:09.016,1.52305,1.52334,1.00,1.00
2018.04.18 21:34:11.695,1.52307,1.52336,1.00,1.37
2018.04.18 21:34:12.296,1.52307,1.52336,1.00,1.00
2018.04.18 21:34:12.954,1.52308,1.52335,1.00,1.00
2018.04.18 21:34:13.819,1.52306,1.52333,1.00,1.00
2018.04.18 21:34:15.912,1.52304,1.52333,1.50,1.00
2018.04.18 21:34:15.963,1.52306,1.52335,1.00,1.12
2018.04.18 21:34:18.349,1.52306,1.52335,1.00,1.37
2018.04.18 21:34:21.771,1.52306,1.52335,1.00,1.00
2018.04.18 21:34:36.034,1.52307,1.52334,1.00,1.00
2018.04.18 21:34:40.892,1.52303,1.52332,1.00,1.00
2018.04.18 21:34:48.217,1.52302,1.52329,1.00,1.00
2018.04.18 21:34:51.979,1.52303,1.52332,1.00,1.00
2018.04.18 21:35:16.622,1.52297,1.52324,1.00,1.00
2018.04.18 21:35:16.781,1.52288,1.52316,1.00,1.00
2018.04.18 21:35:16.885,1.52289,1.52321,1.00,1.00
2018.04.18 21:35:17.544,1.52287,1.5232,1.00,1.12
2018.04.18 21:35:17.595,1.52283,1.5232,1.00,1.00
2018.04.18 21:35:17.698,1.52283,1.52321,1.00,1.75
2018.04.18 21:35:17.802,1.52283,1.5232,1.00,1.00
2018.04.18 21:35:17.946,1.52278,1.5232,1.00,1.50
2018.04.18 21:35:17.998,1.52279,1.52317,1.00,1.00
2018.04.18 21:35:18.326,1.52283,1.5232,1.00,1.50
2018.04.18 21:35:18.914,1.52282,1.5232,1.00,1.50
2018.04.18 21:35:18.968,1.52277,1.52315,1.00,1.00
2018.04.18 21:35:19.648,1.52277,1.52316,1.00,1.00
2018.04.18 21:35:20.299,1.52279,1.52318,1.00,1.50
2018.04.18 21:35:20.607,1.52278,1.52315,1.00,1.00
2018.04.18 21:35:22.532,1.52279,1.52315,1.00,1.12
2018.04.18 21:35:22.584,1.52277,1.52315,1.00,1.12
2018.04.18 21:35:22.636,1.52273,1.52315,1.00,1.12
2018.04.18 21:35:22.688,1.52272,1.52311,1.69,1.00
2018.04.18 21:35:22.996,1.52276,1.52315,1.00,1.37
2018.04.18 21:35:23.371,1.52276,1.52315,1.00,1.75
2018.04.18 21:35:24.359,1.52276,1.52315,1.00,1.75
2018.04.18 21:35:25.677,1.5227,1.52315,1.69,1.88
2018.04.18 21:35:25.730,1.5227,1.52309,1.19,1.00
2018.04.18 21:35:25.937,1.52273,1.52312,1.00,1.12
2018.04.18 21:35:26.041,1.52268,1.5231,1.19,1.00
2018.04.18 21:35:26.148,1.52268,1.52311,1.25,1.87
2018.04.18 21:35:26.252,1.52269,1.52307,1.00,1.00
2018.04.18 21:35:26.304,1.52269,1.52311,1.00,1.12
2018.04.18 21:35:26.810,1.52269,1.52313,1.00,1.37
2018.04.18 21:35:28.167,1.52272,1.52313,1.00,1.37
2018.04.18 21:35:28.473,1.5227,1.5231,1.00,1.00
2018.04.18 21:35:28.525,1.5227,1.52313,1.00,1.00
2018.04.18 21:35:28.576,1.52276,1.52313,1.00,1.00
2018.04.18 21:35:28.680,1.52274,1.52314,1.00,1.37
2018.04.18 21:35:28.732,1.52272,1.52314,1.00,1.37
2018.04.18 21:35:29.128,1.52277,1.52315,1.00,1.37
2018.04.18 21:35:29.232,1.52274,1.52315,1.00,1.37
2018.04.18 21:35:29.283,1.52282,1.52317,1.00,1.37
2018.04.18 21:35:29.387,1.5228,1.52319,1.00,1.37
2018.04.18 21:35:29.580,1.52276,1.52314,1.00,1.00
2018.04.18 21:35:29.971,1.52273,1.52314,1.00,1.12
2018.04.18 21:35:30.024,1.52272,1.52311,1.00,1.00
2018.04.18 21:35:30.331,1.52274,1.52312,1.00,1.12
2018.04.18 21:35:30.639,1.52271,1.52313,1.00,1.12
2018.04.18 21:35:30.743,1.52274,1.52312,1.00,1.12
2018.04.18 21:35:30.898,1.52272,1.52316,1.00,1.37
2018.04.18 21:35:31.052,1.52268,1.5231,1.19,1.00
2018.04.18 21:35:31.104,1.52273,1.5231,1.00,1.00
2018.04.18 21:35:31.413,1.52271,1.52317,1.00,1.37
2018.04.18 21:35:31.517,1.52269,1.52314,1.00,1.00
2018.04.18 21:35:31.637,1.52267,1.52309,1.19,1.00
2018.04.18 21:35:31.947,1.52278,1.52317,1.00,1.00
2018.04.18 21:35:32.256,1.52285,1.52323,1.00,1.12
2018.04.18 21:35:32.565,1.52282,1.52324,1.00,1.37
2018.04.18 21:35:32.669,1.52281,1.52324,1.00,1.37
2018.04.18 21:35:32.720,1.52279,1.52323,1.00,1.37
2018.04.18 21:35:32.772,1.5228,1.52319,1.00,1.00
2018.04.18 21:35:33.081,1.52284,1.52327,1.00,1.37
2018.04.18 21:35:33.133,1.52282,1.52324,1.00,1.37
2018.04.18 21:35:33.185,1.52282,1.52321,1.00,1.00
2018.04.18 21:35:33.546,1.5228,1.52323,1.00,1.37
2018.04.18 21:35:33.599,1.52282,1.5232,1.00,1.00
2018.04.18 21:35:33.911,1.52287,1.52327,1.00,1.37
2018.04.18 21:35:33.964,1.52285,1.52326,1.00,1.87
2018.04.18 21:35:34.069,1.52285,1.52324,1.00,1.50
2018.04.18 21:35:34.426,1.52284,1.52319,1.00,1.00
2018.04.18 21:35:34.579,1.52282,1.52319,1.00,1.00
2018.04.18 21:35:34.630,1.52285,1.52319,1.00,1.00
2018.04.18 21:35:34.937,1.52286,1.52317,1.50,1.00
2018.04.18 21:35:35.142,1.52288,1.5232,1.50,1.00
2018.04.18 21:35:35.541,1.5229,1.5232,1.00,1.00
2018.04.18 21:35:35.643,1.52288,1.5232,1.50,1.00
2018.04.18 21:35:36.560,1.52285,1.52319,1.50,1.00
2018.04.18 21:35:36.713,1.52287,1.52319,1.00,1.00
2018.04.18 21:35:37.120,1.52288,1.52322,1.00,1.12
2018.04.18 21:35:37.171,1.52288,1.52319,1.00,1.00
2018.04.18 21:35:37.702,1.52291,1.52322,1.00,1.00
2018.04.18 21:35:37.755,1.52289,1.52322,1.00,1.00
2018.04.18 21:35:38.064,1.5229,1.5232,1.00,1.00
2018.04.18 21:35:38.373,1.52288,1.5232,1.50,1.00
2018.04.18 21:35:38.425,1.52289,1.52324,1.00,1.12
2018.04.18 21:35:38.477,1.52291,1.52321,1.00,1.00
2018.04.18 21:35:38.738,1.52287,1.52318,1.00,1.00
2018.04.18 21:35:38.790,1.52289,1.52319,1.00,1.00
2018.04.18 21:35:38.841,1.5229,1.52321,1.00,1.00
2018.04.18 21:35:38.893,1.52291,1.52323,1.00,1.00
2018.04.18 21:35:38.945,1.52292,1.52321,1.00,1.00
2018.04.18 21:35:39.048,1.5229,1.52321,1.00,1.00
2018.04.18 21:35:39.152,1.52288,1.5232,1.00,1.00
2018.04.18 21:35:39.307,1.52292,1.5232,1.00,1.00
2018.04.18 21:35:39.650,1.52289,1.5232,1.00,1.00
2018.04.18 21:35:39.804,1.52292,1.5232,1.00,1.00
2018.04.18 21:35:40.063,1.5229,1.5232,1.00,1.00
2018.04.18 21:35:40.216,1.52292,1.5232,1.00,1.00
2018.04.18 21:35:40.370,1.5229,1.5232,1.00,1.00
2018.04.18 21:35:40.726,1.52292,1.52324,1.00,1.00
2018.04.18 21:35:40.778,1.52289,1.52323,1.50,1.00
2018.04.18 21:35:41.032,1.52292,1.52323,1.00,1.00
2018.04.18 21:35:41.083,1.5229,1.52323,1.00,1.00
2018.04.18 21:35:41.287,1.5229,1.52325,1.00,1.00
2018.04.18 21:35:41.338,1.5229,1.52321,1.00,1.00
2018.04.18 21:35:41.474,1.5229,1.52326,1.00,1.37
2018.04.18 21:35:41.525,1.5229,1.52322,1.00,1.00
2018.04.18 21:35:41.680,1.52291,1.52326,1.00,1.00
2018.04.18 21:35:41.732,1.52291,1.52323,1.00,1.00
2018.04.18 21:35:42.146,1.5229,1.5232,1.00,1.00
2018.04.18 21:35:42.249,1.52292,1.52325,1.00,1.00
2018.04.18 21:35:42.353,1.52292,1.52321,1.00,1.00
2018.04.18 21:35:42.764,1.52293,1.52327,1.00,1.37
2018.04.18 21:35:42.868,1.52291,1.52325,1.50,1.00
2018.04.18 21:35:43.094,1.52293,1.52325,1.00,1.12
2018.04.18 21:35:43.643,1.52293,1.52324,1.50,1.00
2018.04.18 21:35:43.902,1.52294,1.52329,1.00,1.87
2018.04.18 21:35:43.954,1.52294,1.52324,1.00,1.00
2018.04.18 21:35:44.140,1.52295,1.52327,1.00,1.00
2018.04.18 21:35:44.192,1.52294,1.52325,1.00,1.00
2018.04.18 21:35:44.734,1.52293,1.52325,1.00,1.00
2018.04.18 21:35:45.043,1.52291,1.52322,1.50,1.00
2018.04.18 21:35:45.505,1.52293,1.52327,1.00,1.12
2018.04.18 21:35:45.602,1.52293,1.52323,1.00,1.00
2018.04.18 21:35:45.787,1.52292,1.52327,1.00,1.12
2018.04.18 21:35:45.839,1.52292,1.52325,1.00,1.00
2018.04.18 21:35:46.200,1.52292,1.52323,1.00,1.00
2018.04.18 21:35:46.742,1.52291,1.52322,1.00,1.00
2018.04.18 21:35:46.947,1.52292,1.52327,1.00,1.37
2018.04.18 21:35:47.102,1.52295,1.52324,1.00,1.00
2018.04.18 21:35:47.154,1.52293,1.52324,1.00,1.00
2018.04.18 21:35:47.205,1.52293,1.52322,1.00,1.00
2018.04.18 21:35:47.542,1.52296,1.52328,1.00,1.12
2018.04.18 21:35:47.593,1.52294,1.52323,1.00,1.00
2018.04.18 21:35:47.872,1.52294,1.52326,1.00,1.00
2018.04.18 21:35:48.066,1.52294,1.52328,1.00,1.00
2018.04.18 21:35:48.117,1.52294,1.52325,1.50,1.00
2018.04.18 21:35:48.168,1.52291,1.52323,1.50,1.00
2018.04.18 21:35:48.321,1.52293,1.52327,1.00,1.37
2018.04.18 21:35:48.373,1.52293,1.52322,1.00,1.00
2018.04.18 21:35:48.424,1.52293,1.52324,1.00,1.00
2018.04.18 21:35:48.586,1.52291,1.52321,1.50,1.00
2018.04.18 21:35:48.689,1.52291,1.52324,1.00,1.00
2018.04.18 21:35:48.741,1.52289,1.52321,1.00,1.00
2018.04.18 21:35:48.896,1.52288,1.52325,1.00,1.87
2018.04.18 21:35:48.948,1.5229,1.52321,1.00,1.00
2018.04.18 21:35:48.999,1.52287,1.52319,1.00,1.00
2018.04.18 21:35:49.307,1.52285,1.52319,1.50,1.00
2018.04.18 21:35:49.564,1.52284,1.52315,2.25,1.00
2018.04.18 21:35:50.070,1.52285,1.52316,1.00,1.00
2018.04.18 21:35:50.278,1.52283,1.52316,1.00,1.00
2018.04.18 21:35:50.381,1.5228,1.52318,1.00,1.87
2018.04.18 21:35:50.433,1.5228,1.52313,1.00,1.00
2018.04.18 21:35:50.741,1.52282,1.52313,1.00,1.00
2018.04.18 21:35:50.793,1.5228,1.52313,1.00,1.00
2018.04.18 21:35:50.947,1.52281,1.52316,1.00,1.87
2018.04.18 21:35:50.999,1.52279,1.52311,1.50,1.00
2018.04.18 21:35:51.052,1.5228,1.52313,1.00,1.00
2018.04.18 21:35:51.260,1.52277,1.5231,1.50,1.00
2018.04.18 21:35:51.312,1.52277,1.52314,1.50,1.00
2018.04.18 21:35:51.416,1.52274,1.52315,1.00,1.37
2018.04.18 21:35:51.468,1.52278,1.52312,1.00,1.00
2018.04.18 21:35:51.571,1.52276,1.52319,1.00,1.37
2018.04.18 21:35:51.674,1.52276,1.52318,1.00,1.87
2018.04.18 21:35:51.726,1.52279,1.52317,1.00,1.37
2018.04.18 21:35:51.778,1.52274,1.52317,1.00,1.37
2018.04.18 21:35:51.882,1.52271,1.52315,1.00,1.37
2018.04.18 21:35:52.247,1.5228,1.52318,1.00,1.00
2018.04.18 21:35:52.562,1.52283,1.52322,1.00,1.87
2018.04.18 21:35:52.665,1.52283,1.5232,1.00,1.12
2018.04.18 21:35:52.973,1.52288,1.52325,1.00,1.37
2018.04.18 21:35:53.025,1.52286,1.52324,1.50,1.37
2018.04.18 21:35:53.076,1.52287,1.52319,1.00,1.00
2018.04.18 21:35:53.637,1.52288,1.52319,1.00,1.00
2018.04.18 21:35:53.846,1.52288,1.52325,1.00,1.12
2018.04.18 21:35:53.898,1.52289,1.5232,1.00,1.00
2018.04.18 21:35:54.001,1.52288,1.52324,1.00,1.37
2018.04.18 21:35:54.053,1.52287,1.5232,1.50,1.00
2018.04.18 21:35:54.603,1.52287,1.52319,1.00,1.00
2018.04.18 21:35:54.908,1.52285,1.52322,1.00,1.87
2018.04.18 21:35:54.959,1.52287,1.52317,1.00,1.00
2018.04.18 21:35:55.061,1.52289,1.5232,1.00,1.00
2018.04.18 21:35:55.165,1.52285,1.52319,1.50,1.00
2018.04.18 21:35:55.421,1.52287,1.52319,1.00,1.00
2018.04.18 21:35:55.730,1.52289,1.52319,1.00,1.00
2018.04.18 21:35:55.833,1.52287,1.5232,1.00,1.00
2018.04.18 21:35:55.885,1.52287,1.52318,1.00,1.00
2018.04.18 21:35:55.988,1.52287,1.5232,1.50,1.00
2018.04.18 21:35:56.177,1.52285,1.52318,1.50,1.00
2018.04.18 21:35:56.486,1.52288,1.52319,1.00,1.00
2018.04.18 21:35:56.946,1.52289,1.52321,1.00,1.00
2018.04.18 21:35:57.100,1.52287,1.52322,1.00,1.12
2018.04.18 21:35:57.151,1.52287,1.5232,1.00,1.00
2018.04.18 21:35:57.456,1.52284,1.52316,1.00,1.00
2018.04.18 21:35:57.785,1.52283,1.52313,1.00,1.00
2018.04.18 21:35:57.837,1.52282,1.52316,1.00,1.00
2018.04.18 21:35:57.890,1.5228,1.52313,1.00,1.00
2018.04.18 21:35:58.199,1.52282,1.52311,1.00,1.41
2018.04.18 21:35:58.302,1.52278,1.52307,1.50,1.00
2018.04.18 21:35:58.608,1.52278,1.52311,1.00,1.00
2018.04.18 21:35:58.765,1.52276,1.5231,1.00,1.12
2018.04.18 21:35:58.869,1.52279,1.52315,1.00,1.75
2018.04.18 21:35:58.922,1.52274,1.52312,1.00,1.12
2018.04.18 21:35:58.973,1.52278,1.52318,1.00,1.37
2018.04.18 21:35:59.077,1.52278,1.52322,1.00,1.87
2018.04.18 21:35:59.180,1.52279,1.52317,1.00,1.37
2018.04.18 21:35:59.232,1.52274,1.52317,1.00,1.37
2018.04.18 21:35:59.336,1.52278,1.52318,1.00,1.37
2018.04.18 21:35:59.638,1.52287,1.52324,1.00,1.37
2018.04.18 21:35:59.945,1.52288,1.52325,1.00,1.12
2018.04.18 21:36:00.202,1.52289,1.52325,1.00,1.37
2018.04.18 21:36:00.511,1.52287,1.5232,1.00,1.00
2018.04.18 21:36:01.021,1.52288,1.52319,1.00,1.00
2018.04.18 21:36:01.408,1.52288,1.52321,1.00,1.00
2018.04.18 21:36:01.459,1.52288,1.52319,1.00,1.00
2018.04.18 21:36:01.976,1.52289,1.52322,1.00,1.00
2018.04.18 21:36:02.028,1.52287,1.52319,1.00,1.00
2018.04.18 21:36:02.338,1.52292,1.52322,1.00,1.12
2018.04.18 21:36:02.546,1.5229,1.52321,1.00,1.00
2018.04.18 21:36:02.650,1.52288,1.52321,1.50,1.00
2018.04.18 21:36:02.703,1.52291,1.52321,1.00,1.00
2018.04.18 21:36:03.063,1.52288,1.52321,1.50,1.00
2018.04.18 21:36:03.116,1.5229,1.52321,1.00,1.00
2018.04.18 21:36:03.436,1.52289,1.52319,1.00,1.00
2018.04.18 21:36:03.488,1.52289,1.52321,1.00,1.00
2018.04.18 21:36:04.002,1.52292,1.52321,1.00,1.00
2018.04.18 21:36:04.105,1.52293,1.52325,1.00,1.12
2018.04.18 21:36:04.260,1.52291,1.52325,1.00,1.00
2018.04.18 21:36:04.312,1.52291,1.52321,1.00,1.00
2018.04.18 21:36:04.620,1.52294,1.52324,1.00,1.00
2018.04.18 21:36:04.672,1.52292,1.52324,1.50,1.00
2018.04.18 21:36:04.724,1.52292,1.52321,1.00,1.00
2018.04.18 21:36:04.989,1.52293,1.52324,1.00,1.00
2018.04.18 21:36:05.437,1.52294,1.52327,1.00,1.00
2018.04.18 21:36:05.489,1.52295,1.52324,1.00,1.00
2018.04.18 21:36:06.091,1.52294,1.52324,1.00,1.00
2018.04.18 21:36:06.608,1.52293,1.52324,1.00,1.00
2018.04.18 21:36:06.990,1.52292,1.52322,1.00,1.00
2018.04.18 21:36:07.300,1.52293,1.5232,1.00,1.00
2018.04.18 21:36:07.446,1.5229,1.52318,1.00,1.00
2018.04.18 21:36:07.550,1.5229,1.52322,1.00,1.00
2018.04.18 21:36:07.707,1.5229,1.52317,1.00,1.00
2018.04.18 21:36:07.811,1.52292,1.52321,1.00,1.00
2018.04.18 21:36:08.121,1.52291,1.52319,1.00,1.00
2018.04.18 21:36:08.330,1.52293,1.52322,1.00,1.00
2018.04.18 21:36:08.383,1.5229,1.52321,2.25,1.00
2018.04.18 21:36:08.435,1.52292,1.52323,1.00,1.00
2018.04.18 21:36:08.645,1.52288,1.5232,1.50,1.00
2018.04.18 21:36:08.697,1.52287,1.52317,1.00,1.00
2018.04.18 21:36:09.231,1.52284,1.52315,1.00,1.00
2018.04.18 21:36:09.285,1.52284,1.52318,1.50,1.00
2018.04.18 21:36:09.542,1.52283,1.52313,1.00,1.00
2018.04.18 21:36:09.593,1.52283,1.52315,1.00,1.00
2018.04.18 21:36:09.746,1.52279,1.52313,1.00,1.00
2018.04.18 21:36:09.797,1.52278,1.5231,1.50,1.00
2018.04.18 21:36:09.849,1.52276,1.5231,1.00,1.00
2018.04.18 21:36:10.157,1.52275,1.52313,1.00,1.50
2018.04.18 21:36:10.415,1.52273,1.52312,1.00,1.00
2018.04.18 21:36:10.673,1.52274,1.5231,1.00,1.00
2018.04.18 21:36:10.827,1.5227,1.5231,1.00,1.00
2018.04.18 21:36:10.879,1.5227,1.52308,1.00,1.00
2018.04.18 21:36:11.058,1.52268,1.52308,1.25,1.00
2018.04.18 21:36:11.161,1.52268,1.52306,1.25,1.00
2018.04.18 21:36:11.434,1.52266,1.52305,1.00,1.00
2018.04.18 21:36:11.590,1.52267,1.52305,1.19,1.00
2018.04.18 21:36:11.849,1.52276,1.52314,1.00,1.12
2018.04.18 21:36:11.901,1.52278,1.52314,1.00,1.12
2018.04.18 21:36:11.953,1.52278,1.52317,1.00,1.12
2018.04.18 21:36:12.005,1.52274,1.52315,1.00,1.00
2018.04.18 21:36:12.057,1.52272,1.52312,1.00,1.00
2018.04.18 21:36:12.161,1.52269,1.5231,1.00,1.00
2018.04.18 21:36:12.213,1.52272,1.5231,1.00,1.00
2018.04.18 21:36:12.470,1.52277,1.52316,1.00,1.00
2018.04.18 21:36:12.576,1.52274,1.52315,1.00,1.50
2018.04.18 21:36:12.716,1.52275,1.52312,1.00,1.00
2018.04.18 21:36:12.925,1.52276,1.52318,1.00,1.37
2018.04.18 21:36:13.052,1.52274,1.52314,1.00,1.00
2018.04.18 21:36:13.105,1.52278,1.52314,1.00,1.00
2018.04.18 21:36:13.366,1.52282,1.52322,1.00,1.00
2018.04.18 21:36:13.471,1.52281,1.5232,1.00,1.00
2018.04.18 21:36:13.524,1.52279,1.5232,1.00,1.00
2018.04.18 21:36:13.628,1.52281,1.52322,1.00,1.37
2018.04.18 21:36:13.942,1.5228,1.52318,1.00,1.00
2018.04.18 21:36:14.253,1.52283,1.52319,1.00,1.00
2018.04.18 21:36:14.636,1.52289,1.52316,1.00,1.00
2018.04.18 21:36:14.689,1.52288,1.52318,1.00,1.00
2018.04.18 21:36:15.051,1.5229,1.52318,1.00,1.00
2018.04.18 21:36:15.154,1.52289,1.52321,1.50,1.00
2018.04.18 21:36:15.849,1.5229,1.52321,1.00,1.00
2018.04.18 21:36:15.901,1.5229,1.52318,1.00,1.00
2018.04.18 21:36:16.209,1.52289,1.52316,1.00,1.00
2018.04.18 21:36:16.719,1.5229,1.52316,1.00,1.00
2018.04.18 21:36:17.490,1.52291,1.52316,1.00,1.00
2018.04.18 21:36:17.698,1.52291,1.5232,1.00,1.00
2018.04.18 21:36:17.750,1.52291,1.52322,1.00,1.00
2018.04.18 21:36:18.062,1.52293,1.52322,1.00,1.00
2018.04.18 21:36:18.165,1.52291,1.52322,1.50,1.00
2018.04.18 21:36:18.527,1.52293,1.52322,1.00,1.00
2018.04.18 21:36:18.681,1.52291,1.52322,1.50,1.00
2018.04.18 21:36:20.495,1.5229,1.52319,1.00,1.00
2018.04.18 21:36:20.546,1.5229,1.52321,1.00,1.00
2018.04.18 21:36:20.701,1.52292,1.52318,1.00,1.00
2018.04.18 21:36:20.907,1.52289,1.52319,1.00,1.00
2018.04.18 21:36:21.096,1.52288,1.52314,1.00,1.00
2018.04.18 21:36:21.148,1.52288,1.52321,1.00,1.00
2018.04.18 21:36:21.303,1.52287,1.52317,1.50,1.00
2018.04.18 21:36:21.355,1.52288,1.52321,1.00,1.00
2018.04.18 21:36:21.511,1.52288,1.52318,1.00,1.00
2018.04.18 21:36:21.614,1.52281,1.52313,1.00,1.00
2018.04.18 21:36:21.666,1.52283,1.52312,1.50,1.00
2018.04.18 21:36:21.976,1.52285,1.52313,1.00,1.37
2018.04.18 21:36:22.210,1.52281,1.52314,1.50,1.37
2018.04.18 21:36:22.262,1.52279,1.52311,1.50,1.00
2018.04.18 21:36:22.365,1.52278,1.52306,1.00,1.00
2018.04.18 21:36:22.417,1.52278,1.52313,1.00,1.37
2018.04.18 21:36:22.521,1.52275,1.52317,1.00,1.87
2018.04.18 21:36:23.036,1.52275,1.52316,1.00,2.35
2018.04.18 21:36:23.293,1.52271,1.52313,1.00,1.00
2018.04.18 21:36:23.397,1.52272,1.52313,1.00,2.25
2018.04.18 21:36:23.603,1.52272,1.52313,1.00,1.50
2018.04.18 21:36:23.655,1.52269,1.52312,1.00,1.00
2018.04.18 21:36:23.842,1.52272,1.52307,1.00,1.00
2018.04.18 21:36:23.894,1.52269,1.52307,1.00,1.00
2018.04.18 21:36:23.998,1.5227,1.52309,1.00,1.00
2018.04.18 21:36:24.205,1.5227,1.52307,1.00,1.00
2018.04.18 21:36:24.308,1.52271,1.5231,1.00,1.00
2018.04.18 21:36:24.413,1.52269,1.52308,1.00,1.00
2018.04.18 21:36:24.722,1.52272,1.52313,1.00,1.75
2018.04.18 21:36:24.986,1.52269,1.52313,1.69,1.37
2018.04.18 21:36:25.145,1.52269,1.52309,1.00,1.13
2018.04.18 21:36:25.457,1.52268,1.52307,1.19,1.00
2018.04.18 21:36:25.509,1.52272,1.5231,1.00,1.00
2018.04.18 21:36:25.561,1.52272,1.5231,1.00,1.28
2018.04.18 21:36:25.781,1.52267,1.52308,1.00,1.37
2018.04.18 21:36:25.841,1.52271,1.52306,1.00,1.00
2018.04.18 21:36:25.943,1.52272,1.52312,1.00,1.37
2018.04.18 21:36:26.047,1.52272,1.52311,1.00,1.22
2018.04.18 21:36:26.353,1.52271,1.52308,1.00,1.00
2018.04.18 21:36:26.455,1.52272,1.52314,1.00,1.37
2018.04.18 21:36:26.557,1.5227,1.52312,1.25,1.50
2018.04.18 21:36:26.839,1.52269,1.52312,1.19,1.37
2018.04.18 21:36:26.943,1.52268,1.52307,1.19,1.00
2018.04.18 21:36:27.046,1.52271,1.52309,1.25,1.00
2018.04.18 21:36:27.355,1.52271,1.52314,1.25,1.87
2018.04.18 21:36:27.567,1.5227,1.5231,1.50,1.37
2018.04.18 21:36:27.966,1.52271,1.52312,1.00,1.12
2018.04.18 21:36:28.068,1.52271,1.52312,1.00,1.50
2018.04.18 21:36:28.374,1.52271,1.52307,1.00,1.00
2018.04.18 21:36:28.425,1.52271,1.5231,1.50,1.00
2018.04.18 21:36:28.834,1.52273,1.52311,1.00,1.12
2018.04.18 21:36:28.936,1.52272,1.52315,1.00,1.37
2018.04.18 21:36:29.140,1.5227,1.52311,1.69,1.00
2018.04.18 21:36:29.447,1.5227,1.52307,1.19,1.00
2018.04.18 21:36:29.550,1.5227,1.52312,1.19,1.50
2018.04.18 21:36:29.652,1.52271,1.52308,1.00,1.00
2018.04.18 21:36:29.754,1.52271,1.5231,1.00,1.00
2018.04.18 21:36:29.957,1.52271,1.52308,1.00,1.00
2018.04.18 21:36:30.179,1.5227,1.52311,1.69,1.00
2018.04.18 21:36:30.283,1.52274,1.52312,1.00,1.00
2018.04.18 21:36:30.386,1.52271,1.52314,1.00,1.37
2018.04.18 21:36:30.438,1.5227,1.5231,1.00,1.00
2018.04.18 21:36:30.645,1.5227,1.52312,1.50,1.00
2018.04.18 21:36:30.851,1.52271,1.5231,1.25,1.00
2018.04.18 21:36:31.055,1.5227,1.52312,1.00,1.00
2018.04.18 21:36:31.304,1.5227,1.5231,1.19,1.00
2018.04.18 21:36:31.609,1.52269,1.52311,1.25,1.37
2018.04.18 21:36:31.660,1.52269,1.52308,1.69,1.00
2018.04.18 21:36:31.947,1.52271,1.52311,1.00,1.00
2018.04.18 21:36:31.999,1.52269,1.52311,1.25,1.37
2018.04.18 21:36:32.102,1.5227,1.5231,1.19,1.12
2018.04.18 21:36:32.565,1.52267,1.52312,1.00,1.87
2018.04.18 21:36:32.668,1.52269,1.52312,1.00,1.37
2018.04.18 21:36:33.167,1.52271,1.52315,1.00,1.37
2018.04.18 21:36:33.219,1.52273,1.52315,1.00,1.37
2018.04.18 21:36:33.323,1.52268,1.52312,1.19,1.00
2018.04.18 21:36:33.374,1.52268,1.52309,1.19,1.00
2018.04.18 21:36:33.880,1.52269,1.52309,1.19,1.00
2018.04.18 21:36:34.087,1.52271,1.52314,1.25,1.37
2018.04.18 21:36:34.293,1.52269,1.52309,1.19,1.00
2018.04.18 21:36:34.499,1.52269,1.52308,1.00,1.00
2018.04.18 21:36:34.550,1.5227,1.52308,1.19,1.00
2018.04.18 21:36:34.602,1.5227,1.5231,1.19,1.00
2018.04.18 21:36:34.996,1.52271,1.52314,1.00,1.37
2018.04.18 21:36:35.137,1.52274,1.52312,1.00,1.00
2018.04.18 21:36:35.189,1.52271,1.52313,1.00,1.50
2018.04.18 21:36:35.705,1.52272,1.52311,1.00,1.12
2018.04.18 21:36:35.961,1.52269,1.52309,1.69,1.00
2018.04.18 21:36:36.116,1.52272,1.52311,1.00,1.00
2018.04.18 21:36:36.322,1.52274,1.52312,1.00,1.12
2018.04.18 21:36:36.476,1.52269,1.5231,1.19,1.12
2018.04.18 21:36:36.682,1.52274,1.52311,1.00,1.00
2018.04.18 21:36:36.888,1.52272,1.52313,1.00,1.50
2018.04.18 21:36:37.042,1.5227,1.52313,1.25,1.37
2018.04.18 21:36:37.338,1.52274,1.52311,1.00,1.00
2018.04.18 21:36:37.389,1.52272,1.52316,1.00,1.41
2018.04.18 21:36:37.593,1.52273,1.52316,1.00,1.37
2018.04.18 21:36:37.645,1.5227,1.52314,1.00,1.12
2018.04.18 21:36:37.697,1.52274,1.52311,1.00,1.00
2018.04.18 21:36:37.748,1.52272,1.52311,1.00,1.37
2018.04.18 21:36:37.800,1.5227,1.52312,1.25,1.37
2018.04.18 21:36:38.107,1.52271,1.52312,1.00,1.12
2018.04.18 21:36:38.416,1.5227,1.5231,1.19,1.00
2018.04.18 21:36:38.621,1.5227,1.52312,1.19,1.00
2018.04.18 21:36:38.675,1.52271,1.52312,1.25,1.37
2018.04.18 21:36:38.985,1.52271,1.52312,1.25,1.12
2018.04.18 21:36:39.089,1.52271,1.5231,1.25,1.37
2018.04.18 21:36:39.398,1.5227,1.52313,1.19,1.12
2018.04.18 21:36:39.511,1.5227,1.52311,1.19,1.00
2018.04.18 21:36:39.922,1.52272,1.52313,1.00,1.12
2018.04.18 21:36:39.973,1.52273,1.52312,1.00,1.03
2018.04.18 21:36:40.180,1.52271,1.52309,1.69,1.37
2018.04.18 21:36:40.284,1.52272,1.52309,1.00,1.00
2018.04.18 21:36:40.387,1.52271,1.52309,1.69,1.37
2018.04.18 21:36:40.593,1.52273,1.52309,1.00,1.12
2018.04.18 21:36:40.646,1.52272,1.52307,1.00,1.00
2018.04.18 21:36:40.954,1.52272,1.52304,1.00,1.00
2018.04.18 21:36:41.107,1.52276,1.5231,1.00,1.00
2018.04.18 21:36:41.311,1.52274,1.5231,1.50,1.00
2018.04.18 21:36:42.170,1.52275,1.52308,1.00,1.37
2018.04.18 21:36:42.440,1.52275,1.52308,1.00,1.00
2018.04.18 21:36:42.698,1.52275,1.52308,1.50,1.37
2018.04.18 21:36:42.958,1.52273,1.52308,1.50,1.00
2018.04.18 21:36:43.225,1.52277,1.52308,1.00,1.00
2018.04.18 21:36:43.694,1.52277,1.5231,1.00,1.00
2018.04.18 21:36:45.365,1.52278,1.52313,1.00,1.00
2018.04.18 21:36:45.623,1.5228,1.52317,1.00,1.37
2018.04.18 21:36:45.726,1.52279,1.5231,1.00,1.00
2018.04.18 21:36:45.830,1.5228,1.52313,1.00,1.00
2018.04.18 21:36:46.036,1.52282,1.52313,1.00,1.00
2018.04.18 21:36:46.960,1.52281,1.52313,1.00,1.00
2018.04.18 21:36:47.114,1.52281,1.52317,1.50,1.37
2018.04.18 21:36:47.218,1.52281,1.52313,1.00,1.00
2018.04.18 21:36:47.736,1.52282,1.52313,1.00,1.00
2018.04.18 21:36:48.091,1.52282,1.52315,1.00,1.00
2018.04.18 21:36:48.247,1.52284,1.5232,1.00,1.37
2018.04.18 21:36:48.300,1.52282,1.52317,1.00,1.00
2018.04.18 21:36:48.785,1.52278,1.52312,1.00,1.00
2018.04.18 21:36:49.096,1.52277,1.5231,1.00,1.00
2018.04.18 21:36:49.405,1.52279,1.5231,1.50,1.00
2018.04.18 21:36:50.036,1.52281,1.52314,1.00,1.00
2018.04.18 21:36:50.087,1.52279,1.52312,1.50,1.00
2018.04.18 21:36:50.396,1.52279,1.5231,1.00,1.00
2018.04.18 21:36:50.823,1.52279,1.52313,1.00,1.00
2018.04.18 21:36:51.234,1.52278,1.52311,1.00,1.00
2018.04.18 21:36:51.697,1.52279,1.52309,1.00,1.00
2018.04.18 21:36:51.800,1.52277,1.52309,1.00,1.00
2018.04.18 21:36:52.315,1.52278,1.52308,1.00,1.00
2018.04.18 21:36:52.857,1.52279,1.52308,1.00,1.00
2018.04.18 21:36:53.216,1.5228,1.52312,1.00,1.00
2018.04.18 21:36:53.734,1.52279,1.52312,1.50,1.00
2018.04.18 21:36:53.786,1.52278,1.52314,1.00,1.00
2018.04.18 21:36:53.838,1.52278,1.52312,1.50,1.00
2018.04.18 21:36:54.379,1.52279,1.52312,1.00,1.00
2018.04.18 21:36:55.195,1.52278,1.52311,1.00,1.00
2018.04.18 21:36:55.555,1.52278,1.52308,1.00,1.00
2018.04.18 21:36:55.607,1.52278,1.52311,1.50,1.00
2018.04.18 21:36:56.018,1.52278,1.52309,1.00,1.00
2018.04.18 21:36:56.070,1.52279,1.52312,1.50,1.00
2018.04.18 21:36:56.328,1.52281,1.52309,1.00,1.00
2018.04.18 21:36:56.380,1.52281,1.52312,1.00,1.00
2018.04.18 21:36:56.893,1.52282,1.52312,1.00,1.00
2018.04.18 21:36:57.121,1.52282,1.52315,1.00,1.00
2018.04.18 21:36:57.245,1.5228,1.52313,1.00,1.00
2018.04.18 21:36:57.550,1.52278,1.52313,1.00,1.00
2018.04.18 21:36:58.136,1.5228,1.52313,1.00,1.00
2018.04.18 21:37:00.696,1.52281,1.52313,1.00,1.00
2018.04.18 21:37:01.346,1.5228,1.52313,1.00,1.00
2018.04.18 21:37:03.089,1.52281,1.52316,1.00,1.00
2018.04.18 21:37:03.192,1.52279,1.52315,1.50,1.00
2018.04.18 21:37:03.347,1.52281,1.52315,1.00,1.00
2018.04.18 21:37:03.863,1.52285,1.52318,1.00,1.00
2018.04.18 21:37:03.998,1.52281,1.52316,1.50,1.00
2018.04.18 21:37:04.145,1.52285,1.52317,1.00,1.00
2018.04.18 21:37:04.402,1.52281,1.52316,1.50,1.00
2018.04.18 21:37:04.638,1.52284,1.52318,1.00,1.00
2018.04.18 21:37:04.895,1.5228,1.52315,1.50,1.00
2018.04.18 21:37:05.000,1.52282,1.52315,1.00,1.00
2018.04.18 21:37:05.543,1.52284,1.52317,1.00,1.00
2018.04.18 21:37:05.886,1.52282,1.52314,1.50,1.00
2018.04.18 21:37:05.939,1.52285,1.52319,1.00,1.00
2018.04.18 21:37:06.186,1.52283,1.52315,1.00,1.00
2018.04.18 21:37:06.443,1.52284,1.5232,1.00,1.00
2018.04.18 21:37:06.494,1.52286,1.52321,1.00,1.87
2018.04.18 21:37:06.546,1.52283,1.52319,1.00,1.00
2018.04.18 21:37:06.992,1.52281,1.52317,1.50,1.00
2018.04.18 21:37:07.237,1.52283,1.5232,1.00,1.00
2018.04.18 21:37:07.392,1.52281,1.52317,1.50,1.00
2018.04.18 21:37:07.650,1.52282,1.52321,1.00,1.00
2018.04.18 21:37:07.931,1.52281,1.52314,1.00,1.00
2018.04.18 21:37:08.239,1.52284,1.52317,1.00,1.00
2018.04.18 21:37:08.290,1.52281,1.52316,1.50,1.00
2018.04.18 21:37:08.537,1.52285,1.52316,1.00,1.00
2018.04.18 21:37:09.294,1.52283,1.52314,1.00,1.00
2018.04.18 21:37:10.507,1.52283,1.52315,1.00,1.00
2018.04.18 21:37:12.500,1.52283,1.52314,1.00,1.00
2018.04.18 21:37:13.039,1.52282,1.52314,1.00,1.00
2018.04.18 21:37:13.884,1.52283,1.52316,1.00,1.00
2018.04.18 21:37:13.936,1.52286,1.52318,1.00,1.00
2018.04.18 21:37:13.987,1.52283,1.52316,1.50,1.00
2018.04.18 21:37:14.451,1.52281,1.52313,1.50,1.00
2018.04.18 21:37:14.760,1.52283,1.52317,1.00,1.00
2018.04.18 21:37:15.487,1.52281,1.52313,1.00,1.00
2018.04.18 21:37:16.022,1.52282,1.52313,1.00,1.00
2018.04.18 21:37:16.292,1.5228,1.52313,1.00,1.00
2018.04.18 21:37:16.835,1.52281,1.52313,1.00,1.00
2018.04.18 21:37:17.605,1.5228,1.52313,1.50,1.00
2018.04.18 21:37:17.657,1.52279,1.52311,1.00,1.00
2018.04.18 21:37:18.195,1.5228,1.52311,1.00,1.00
2018.04.18 21:37:18.247,1.52278,1.52311,1.50,1.00
2018.04.18 21:37:18.520,1.5228,1.52311,1.00,1.00
2018.04.18 21:37:18.675,1.52278,1.52311,1.50,1.00
2018.04.18 21:37:18.727,1.5228,1.52314,1.00,1.00
2018.04.18 21:37:18.779,1.5228,1.52311,1.00,1.00
2018.04.18 21:37:19.356,1.5228,1.52314,1.50,1.00
2018.04.18 21:37:20.726,1.5228,1.52311,1.00,1.00
2018.04.18 21:37:21.745,1.5228,1.52308,1.00,1.00
2018.04.18 21:37:21.861,1.5228,1.52312,1.50,1.00
2018.04.18 21:37:33.055,1.52282,1.52314,1.00,1.00
2018.04.18 21:37:34.166,1.52281,1.52309,1.00,1.00
2018.04.18 21:37:35.317,1.52279,1.52313,1.50,1.37
2018.04.18 21:37:35.368,1.5228,1.5231,1.00,1.00
2018.04.18 21:37:41.857,1.52278,1.52313,1.00,1.00
2018.04.18 21:37:41.909,1.5228,1.5231,1.00,1.00
2018.04.18 21:37:43.446,1.5228,1.52307,1.00,1.00
2018.04.18 21:37:45.604,1.52278,1.52312,1.00,1.00
2018.04.18 21:37:45.656,1.52282,1.52309,1.00,1.00
2018.04.18 21:37:46.170,1.5228,1.52307,1.00,1.00
2018.04.18 21:38:18.499,1.52282,1.52311,1.00,1.00
2018.04.18 21:38:18.552,1.52284,1.52313,1.00,1.00
2018.04.18 21:38:18.860,1.52287,1.52314,1.00,1.00
2018.04.18 21:38:25.838,1.52289,1.52316,1.00,1.00
2018.04.18 21:38:32.382,1.52288,1.52315,1.00,1.00
2018.04.18 21:38:33.375,1.52284,1.52312,1.00,1.00
2018.04.18 21:38:33.427,1.52288,1.52315,1.00,1.00
2018.04.18 21:38:33.769,1.52285,1.52312,1.00,1.00
2018.04.18 21:38:34.366,1.52288,1.52315,1.00,1.00
2018.04.18 21:38:41.344,1.52285,1.52314,1.00,1.00
2018.04.18 21:38:48.993,1.52287,1.52316,1.00,1.00
2018.04.18 21:39:01.596,1.52285,1.52314,1.00,1.00
2018.04.18 21:39:41.162,1.52288,1.52315,1.00,1.00
2018.04.18 21:40:15.095,1.52291,1.5232,1.00,1.00
2018.04.18 21:40:15.606,1.5229,1.52319,1.00,1.00
2018.04.18 21:40:16.837,1.52296,1.52323,1.00,1.00
2018.04.18 21:40:17.144,1.52293,1.5232,1.00,1.00
2018.04.18 21:40:56.418,1.52296,1.52323,1.00,1.00
2018.04.18 21:40:56.728,1.523,1.52327,1.00,1.00
2018.04.18 21:40:56.985,1.52296,1.52325,1.00,1.00
2018.04.18 21:41:01.811,1.523,1.52327,1.00,1.00
2018.04.18 21:41:02.646,1.52301,1.52327,1.00,1.00
2018.04.18 21:41:02.884,1.52304,1.52331,1.00,1.00
2018.04.18 21:41:29.825,1.52306,1.52335,1.00,1.00
2018.04.18 21:42:29.814,1.52301,1.5234,1.00,1.50
2018.04.18 21:42:32.503,1.52301,1.52339,1.00,1.00
2018.04.18 21:42:33.093,1.52301,1.5234,1.00,1.50
2018.04.18 21:42:33.663,1.52301,1.52339,1.00,1.00
2018.04.18 21:42:34.436,1.52312,1.52339,1.00,1.00
2018.04.18 21:42:40.172,1.52309,1.52334,1.00,1.00
2018.04.18 21:42:41.423,1.52309,1.52335,1.00,1.00
2018.04.18 21:42:42.140,1.52309,1.52336,1.00,1.00
2018.04.18 21:42:42.904,1.52309,1.52335,1.00,1.00
2018.04.18 21:42:42.957,1.52305,1.52334,1.00,1.50
2018.04.18 21:42:50.385,1.52308,1.52334,1.00,1.00
2018.04.18 21:42:50.653,1.52308,1.52336,1.00,1.00
2018.04.18 21:42:51.173,1.52308,1.52335,1.00,1.00
2018.04.18 21:42:51.830,1.52308,1.52336,1.00,1.00
2018.04.18 21:42:52.334,1.52308,1.52335,1.00,1.00
2018.04.18 21:42:52.994,1.52308,1.52337,1.00,1.00
2018.04.18 21:42:55.893,1.52308,1.52335,1.00,1.00
2018.04.18 21:42:56.437,1.52308,1.52334,1.00,1.00
2018.04.18 21:42:58.293,1.52308,1.52335,1.00,1.00
2018.04.18 21:42:59.293,1.52308,1.52334,1.00,1.00
2018.04.18 21:43:00.604,1.52308,1.52335,1.00,1.00
2018.04.18 21:43:01.943,1.52308,1.52334,1.00,1.00
2018.04.18 21:43:02.473,1.52308,1.52335,1.00,1.00
2018.04.18 21:43:03.298,1.52308,1.52334,1.00,1.00
2018.04.18 21:43:04.243,1.52308,1.52337,1.00,1.00
2018.04.18 21:43:34.746,1.52305,1.52338,1.00,1.00
2018.04.18 21:43:38.624,1.52306,1.52338,1.00,1.00
2018.04.18 21:43:42.840,1.52305,1.52338,1.50,1.00
2018.04.18 21:43:45.648,1.52307,1.52338,1.00,1.00
2018.04.18 21:43:46.942,1.52309,1.52338,1.00,1.00
2018.04.18 21:44:11.516,1.52306,1.52334,1.00,1.00
2018.04.18 21:44:11.950,1.52309,1.52336,1.00,1.00
2018.04.18 21:44:18.757,1.52307,1.52333,1.00,1.00
2018.04.18 21:44:18.810,1.52309,1.52336,1.00,1.00
2018.04.18 21:44:18.863,1.52309,1.52333,1.00,1.00
2018.04.18 21:44:19.089,1.52309,1.52336,1.00,1.00
2018.04.18 21:44:46.447,1.52305,1.52334,1.00,1.00
2018.04.18 21:44:52.866,1.52306,1.52334,1.00,1.00
2018.04.18 21:44:53.407,1.52305,1.52334,1.00,1.00
2018.04.18 21:44:53.925,1.52306,1.52334,1.00,1.00
2018.04.18 21:44:55.785,1.52305,1.52334,1.50,1.00
2018.04.18 21:44:56.791,1.52306,1.52334,1.00,1.00
2018.04.18 21:45:01.856,1.52309,1.52336,1.00,1.00
2018.04.18 21:45:33.317,1.52307,1.52334,1.00,1.00
2018.04.18 21:45:33.369,1.52308,1.52337,1.00,1.00
2018.04.18 21:46:33.354,1.52301,1.52339,1.00,1.00
2018.04.18 21:46:40.665,1.52306,1.52333,1.00,1.00
2018.04.18 21:46:41.313,1.52307,1.52333,1.00,1.00
2018.04.18 21:46:44.737,1.5231,1.52337,1.00,1.00
2018.04.18 21:47:28.802,1.52308,1.52335,1.00,1.00
2018.04.18 21:47:29.156,1.52305,1.52332,1.00,1.00
2018.04.18 21:47:32.120,1.52307,1.52336,1.00,1.00
2018.04.18 21:47:32.224,1.52312,1.52341,1.00,1.12
2018.04.18 21:47:32.548,1.52308,1.52335,1.00,1.00
2018.04.18 21:48:32.303,1.52305,1.52343,1.00,1.00
2018.04.18 21:48:32.459,1.52304,1.52335,1.00,1.00
2018.04.18 21:48:33.008,1.52305,1.52334,1.00,1.00
2018.04.18 21:48:33.318,1.52311,1.52338,1.00,1.00
2018.04.18 21:48:33.638,1.52308,1.52351,1.00,1.37
2018.04.18 21:48:33.795,1.52314,1.52356,1.00,1.00
2018.04.18 21:48:33.847,1.52316,1.52358,1.00,1.00
2018.04.18 21:48:34.067,1.52317,1.5236,1.00,1.00
2018.04.18 21:48:34.695,1.52317,1.52359,1.00,1.00
2018.04.18 21:48:35.814,1.52316,1.52359,1.00,1.00
2018.04.18 21:48:35.917,1.52319,1.52361,1.00,1.00
2018.04.18 21:48:36.529,1.52319,1.52362,1.00,1.00
2018.04.18 21:48:37.050,1.5232,1.52362,1.00,1.00
2018.04.18 21:48:37.799,1.5232,1.52363,1.00,1.00
2018.04.18 21:48:39.557,1.52319,1.52363,1.00,1.00
2018.04.18 21:48:40.030,1.52318,1.52361,1.00,1.00
2018.04.18 21:48:40.531,1.52313,1.52356,1.00,1.00
2018.04.18 21:48:44.604,1.52307,1.52351,1.00,1.00
2018.04.18 21:48:49.536,1.52313,1.52358,1.19,1.00
2018.04.18 21:48:49.588,1.52316,1.52362,1.19,1.00
2018.04.18 21:48:49.640,1.52324,1.52371,1.00,1.00
2018.04.18 21:48:49.794,1.52331,1.52376,1.00,1.37
2018.04.18 21:48:49.847,1.52332,1.52377,1.00,1.00
2018.04.18 21:48:50.002,1.52329,1.52376,1.00,1.00
2018.04.18 21:48:50.054,1.52328,1.52373,1.00,1.00
2018.04.18 21:48:50.596,1.52327,1.52375,1.00,1.00
2018.04.18 21:48:52.022,1.52329,1.52374,1.00,1.00
2018.04.18 21:48:52.126,1.52323,1.52369,1.00,1.00
2018.04.18 21:48:52.635,1.52323,1.52368,1.00,1.00
2018.04.18 21:48:54.435,1.52321,1.52367,1.00,1.00
2018.04.18 21:48:55.870,1.52331,1.52377,1.00,1.47
2018.04.18 21:48:55.983,1.52331,1.52377,1.19,1.37
2018.04.18 21:48:56.035,1.52333,1.52379,1.19,1.00
2018.04.18 21:48:56.087,1.52333,1.52379,1.19,1.00
2018.04.18 21:48:56.190,1.52335,1.52381,1.19,1.00
2018.04.18 21:48:57.005,1.52335,1.52381,1.00,1.00
2018.04.18 21:48:57.360,1.52335,1.52384,1.00,1.00
2018.04.18 21:48:57.663,1.52337,1.52384,1.00,1.00
2018.04.18 21:48:58.572,1.52337,1.52383,1.00,1.00
2018.04.18 21:48:58.831,1.52335,1.52383,1.00,1.00
2018.04.18 21:48:59.690,1.52335,1.52381,1.00,1.00
2018.04.18 21:49:00.000,1.52331,1.52377,1.00,1.00
2018.04.18 21:49:00.380,1.52328,1.52375,1.00,1.00
2018.04.18 21:49:02.147,1.52326,1.52375,1.00,1.00
2018.04.18 21:49:02.509,1.52326,1.52373,1.00,1.00
2018.04.18 21:49:03.846,1.52323,1.52373,1.00,1.00
2018.04.18 21:49:03.898,1.52322,1.52371,1.00,1.00
2018.04.18 21:49:04.385,1.52322,1.52371,1.00,1.37
2018.04.18 21:49:05.394,1.52322,1.52371,1.00,1.41
2018.04.18 21:49:05.899,1.52321,1.52371,1.00,1.66
2018.04.18 21:49:06.399,1.52321,1.5237,1.00,1.03
2018.04.18 21:49:06.936,1.5232,1.5237,1.00,1.78
2018.04.18 21:49:07.394,1.5232,1.52368,1.00,1.03
2018.04.18 21:49:09.246,1.52318,1.52366,1.00,1.03
2018.04.18 21:49:09.426,1.52317,1.52364,1.00,1.00
2018.04.18 21:49:09.479,1.52314,1.52363,1.00,1.00
2018.04.18 21:49:09.531,1.52314,1.52354,1.00,1.00
2018.04.18 21:49:09.883,1.52314,1.52348,1.00,1.00
2018.04.18 21:49:09.936,1.52299,1.52348,1.50,1.00
2018.04.18 21:49:10.040,1.52294,1.52342,1.00,1.00
2018.04.18 21:49:10.091,1.52291,1.52342,1.00,1.00
2018.04.18 21:49:10.143,1.52289,1.52338,1.00,1.00
2018.04.18 21:49:10.194,1.52281,1.52332,1.00,1.00
2018.04.18 21:49:10.245,1.52277,1.52326,1.00,1.00
2018.04.18 21:49:10.296,1.52275,1.52326,1.00,1.00
2018.04.18 21:49:10.501,1.52275,1.52324,1.00,1.00
2018.04.18 21:49:10.656,1.52291,1.52343,1.00,1.00
2018.04.18 21:49:10.760,1.52284,1.52334,1.00,1.00
2018.04.18 21:49:11.353,1.52283,1.52333,1.00,1.00
2018.04.18 21:49:14.128,1.52279,1.52331,1.00,1.00
2018.04.18 21:49:17.031,1.52281,1.52331,1.00,1.12
2018.04.18 21:49:17.664,1.52283,1.52336,1.00,1.00
2018.04.18 21:49:18.194,1.52284,1.52336,1.00,1.00
2018.04.18 21:49:18.895,1.52284,1.52335,1.00,1.00
2018.04.18 21:49:19.679,1.52282,1.52335,1.00,1.00
2018.04.18 21:49:20.325,1.52286,1.52337,1.00,1.00
2018.04.18 21:49:24.968,1.52283,1.52336,1.00,1.00
2018.04.18 21:49:25.472,1.52283,1.52336,1.00,1.22
2018.04.18 21:49:25.787,1.52281,1.52334,1.00,1.37
2018.04.18 21:49:26.338,1.5228,1.52334,1.00,1.69
2018.04.18 21:49:26.861,1.5228,1.52331,1.00,1.37
2018.04.18 21:49:27.374,1.52281,1.52332,1.00,1.69
2018.04.18 21:49:27.684,1.52295,1.52339,1.00,1.62
2018.04.18 21:49:27.789,1.52304,1.52347,1.00,1.00
2018.04.18 21:49:27.841,1.52305,1.52357,1.00,1.50
2018.04.18 21:49:27.893,1.52307,1.52358,1.00,1.00
2018.04.18 21:49:27.946,1.52309,1.52361,1.00,1.37
2018.04.18 21:49:28.255,1.52318,1.52367,1.00,1.12
2018.04.18 21:49:28.358,1.52322,1.52375,1.00,2.62
2018.04.18 21:49:28.743,1.52324,1.52379,1.00,1.56
2018.04.18 21:49:29.128,1.52325,1.52379,1.00,1.00
2018.04.18 21:49:30.149,1.52324,1.52373,1.00,1.00
2018.04.18 21:49:30.823,1.52325,1.52372,1.00,1.00
2018.04.18 21:49:31.039,1.52321,1.52373,1.00,1.00
2018.04.18 21:49:32.994,1.5232,1.52372,1.00,1.00
2018.04.18 21:49:33.047,1.52317,1.5237,1.00,1.00
2018.04.18 21:49:33.559,1.52316,1.5237,1.00,1.00
2018.04.18 21:49:34.099,1.52317,1.5237,1.00,1.00
2018.04.18 21:49:35.387,1.52315,1.5237,1.00,1.00
2018.04.18 21:49:36.065,1.52314,1.52369,1.00,1.00
2018.04.18 21:49:36.632,1.52314,1.52367,1.00,1.00
2018.04.18 21:49:38.240,1.52313,1.52366,1.00,1.00
2018.04.18 21:49:39.028,1.52312,1.52365,1.00,1.00
2018.04.18 21:49:40.192,1.52311,1.52365,1.00,1.00
2018.04.18 21:49:43.251,1.52309,1.52365,1.00,1.12
2018.04.18 21:49:44.147,1.52309,1.52365,1.00,1.37
2018.04.18 21:49:45.110,1.52309,1.52365,1.00,1.37
2018.04.18 21:49:46.150,1.52309,1.52365,1.00,1.37
2018.04.18 21:49:46.576,1.52319,1.52369,1.00,1.75
2018.04.18 21:49:46.628,1.52319,1.52375,1.00,1.50
2018.04.18 21:49:47.285,1.52318,1.52374,1.00,1.00
2018.04.18 21:49:47.833,1.52319,1.52375,1.00,1.00
2018.04.18 21:49:48.742,1.52319,1.52375,1.00,1.37
2018.04.18 21:49:49.960,1.52319,1.52375,1.00,1.37
2018.04.18 21:49:50.557,1.52318,1.52373,1.00,1.00
2018.04.18 21:49:50.988,1.52318,1.52373,1.00,1.37
2018.04.18 21:49:51.296,1.52319,1.52371,1.00,1.31
2018.04.18 21:49:51.753,1.52317,1.52371,1.00,1.12
2018.04.18 21:49:52.090,1.52317,1.52373,1.00,1.50
2018.04.18 21:49:52.142,1.52317,1.52373,1.00,2.06
2018.04.18 21:49:52.491,1.5232,1.52372,1.00,1.56
2018.04.18 21:49:54.296,1.5232,1.52372,1.00,1.87
2018.04.18 21:49:55.295,1.5232,1.52372,1.00,2.19
2018.04.18 21:49:56.291,1.5232,1.52368,1.00,1.69
2018.04.18 21:49:57.300,1.5232,1.52368,1.00,1.50
2018.04.18 21:49:57.454,1.52318,1.52368,1.00,1.50
2018.04.18 21:49:57.607,1.52318,1.52368,1.37,1.69
2018.04.18 21:49:58.243,1.52318,1.52365,1.37,1.56
2018.04.18 21:49:58.645,1.52318,1.52365,1.37,1.94
2018.04.18 21:49:58.976,1.52318,1.5237,1.12,2.25
2018.04.18 21:49:59.080,1.52318,1.5237,1.37,2.19
2018.04.18 21:49:59.278,1.52318,1.52369,1.37,1.94
2018.04.18 21:49:59.506,1.52319,1.52371,1.37,1.37
2018.04.18 21:50:00.019,1.52319,1.52369,1.37,1.19
2018.04.18 21:50:00.123,1.52319,1.5237,1.12,1.69
2018.04.18 21:50:00.291,1.52317,1.5237,1.37,1.50
2018.04.18 21:50:00.395,1.52317,1.52368,1.00,1.94
2018.04.18 21:50:00.602,1.52317,1.52362,1.00,1.00
2018.04.18 21:50:01.441,1.52318,1.52362,1.00,1.00
2018.04.18 21:50:01.493,1.52317,1.52359,1.50,1.00
2018.04.18 21:50:01.545,1.52317,1.52362,1.50,1.00
2018.04.18 21:50:01.597,1.52317,1.52362,1.87,1.00
2018.04.18 21:50:02.113,1.52317,1.52362,1.87,1.37
2018.04.18 21:50:02.438,1.52317,1.52358,1.00,1.00
2018.04.18 21:50:03.167,1.52317,1.52363,1.00,1.56
2018.04.18 21:50:03.543,1.5232,1.52359,1.00,1.12
2018.04.18 21:50:03.861,1.52325,1.52357,1.00,1.37
2018.04.18 21:50:04.897,1.52325,1.52357,1.00,1.12
2018.04.18 21:50:05.905,1.52318,1.52358,1.00,1.37
2018.04.18 21:50:06.016,1.52324,1.52358,1.00,1.37
2018.04.18 21:50:06.891,1.52324,1.52358,1.00,1.37
2018.04.18 21:50:07.892,1.52317,1.52359,1.50,1.37
2018.04.18 21:50:07.945,1.52323,1.52356,1.00,1.12
2018.04.18 21:50:08.252,1.52327,1.52356,1.00,1.12
2018.04.18 21:50:09.623,1.52318,1.52358,1.50,1.62
2018.04.18 21:50:09.675,1.52322,1.52357,1.00,1.37
2018.04.18 21:50:10.025,1.52326,1.52355,1.00,1.00
2018.04.18 21:50:10.158,1.52319,1.52359,1.00,1.56
2018.04.18 21:50:10.210,1.52325,1.52353,1.00,1.00
2018.04.18 21:50:10.905,1.52325,1.52353,1.00,1.37
2018.04.18 21:50:11.907,1.52325,1.52353,1.00,1.00
2018.04.18 21:50:15.570,1.52327,1.52354,1.00,1.00
2018.04.18 21:50:15.893,1.52325,1.52352,1.00,1.00
2018.04.18 21:50:15.945,1.52324,1.52356,1.00,1.00
2018.04.18 21:50:15.997,1.52326,1.52353,1.00,1.00
2018.04.18 21:50:16.336,1.52323,1.5235,1.00,1.00
2018.04.18 21:50:16.648,1.52322,1.52352,1.00,1.00
2018.04.18 21:50:16.701,1.52317,1.52348,1.00,1.00
2018.04.18 21:50:16.753,1.52316,1.52345,1.00,1.00
2018.04.18 21:50:17.734,1.52317,1.52347,1.00,1.12
2018.04.18 21:50:18.118,1.52308,1.52345,1.00,1.00
2018.04.18 21:50:18.169,1.52308,1.52348,1.00,1.37
2018.04.18 21:50:18.486,1.52307,1.52352,1.50,2.19
2018.04.18 21:50:18.787,1.52309,1.52351,1.00,1.12
2018.04.18 21:50:18.891,1.52307,1.52351,1.00,1.94
2018.04.18 21:50:19.148,1.52307,1.52355,1.00,1.87
2018.04.18 21:50:19.200,1.52307,1.5235,1.00,1.12
2018.04.18 21:50:19.749,1.52306,1.52348,1.00,1.12
2018.04.18 21:50:20.259,1.52305,1.52351,1.00,1.12
2018.04.18 21:50:20.568,1.52303,1.52351,1.00,2.19
2018.04.18 21:50:20.736,1.52305,1.52351,1.00,2.19
2018.04.18 21:50:21.045,1.52304,1.52349,1.00,1.12
2018.04.18 21:50:21.557,1.52303,1.52349,1.00,2.19
2018.04.18 21:50:21.907,1.52304,1.52348,1.00,1.94
2018.04.18 21:50:22.014,1.52306,1.52353,1.00,1.12
2018.04.18 21:50:22.530,1.52305,1.52354,1.00,1.12
2018.04.18 21:50:23.068,1.52304,1.52354,1.00,1.50
2018.04.18 21:50:23.120,1.52304,1.52354,1.00,1.50
2018.04.18 21:50:23.897,1.52305,1.52351,1.00,1.12
2018.04.18 21:50:24.331,1.52303,1.52353,1.00,1.94
2018.04.18 21:50:24.848,1.52304,1.52353,1.00,1.94
2018.04.18 21:50:25.105,1.52305,1.52353,1.00,1.12
2018.04.18 21:50:25.574,1.52297,1.52349,1.37,1.94
2018.04.18 21:50:25.626,1.52295,1.52349,1.37,2.62
2018.04.18 21:50:25.730,1.52295,1.52348,1.37,1.31
2018.04.18 21:50:26.073,1.52293,1.52345,1.37,1.69
2018.04.18 21:50:26.333,1.52295,1.52347,1.12,1.94
2018.04.18 21:50:26.662,1.52293,1.52345,1.00,1.69
2018.04.18 21:50:26.717,1.52292,1.52345,1.37,1.69
2018.04.18 21:50:26.821,1.52291,1.52344,1.37,1.56
2018.04.18 21:50:27.078,1.52288,1.52338,1.37,1.12
2018.04.18 21:50:27.130,1.52286,1.52338,1.00,2.19
2018.04.18 21:50:27.316,1.52289,1.52339,1.37,1.94
2018.04.18 21:50:27.418,1.52284,1.52338,1.12,1.12
2018.04.18 21:50:27.853,1.52286,1.52338,1.00,2.44
2018.04.18 21:50:28.360,1.52286,1.52338,1.00,1.94
2018.04.18 21:50:29.153,1.52286,1.52339,1.00,1.94
2018.04.18 21:50:29.706,1.52287,1.5234,1.00,1.94
2018.04.18 21:50:30.088,1.52294,1.52342,1.00,1.75
2018.04.18 21:50:30.140,1.52297,1.5235,1.00,1.12
2018.04.18 21:50:30.193,1.52295,1.52346,1.00,1.37
2018.04.18 21:50:30.245,1.52293,1.52346,1.00,1.37
2018.04.18 21:50:30.400,1.523,1.52349,1.00,1.00
2018.04.18 21:50:30.453,1.52303,1.52356,1.00,1.00
2018.04.18 21:50:30.504,1.52304,1.52354,1.00,1.00
2018.04.18 21:50:30.970,1.52306,1.52357,1.00,1.37
2018.04.18 21:50:31.516,1.52307,1.52357,1.00,1.37
2018.04.18 21:50:32.018,1.52307,1.52356,1.00,1.00
2018.04.18 21:50:32.330,1.52314,1.52343,1.00,1.00
2018.04.18 21:50:34.661,1.5231,1.52348,1.00,1.00
2018.04.18 21:50:41.060,1.52314,1.52345,1.00,1.00
2018.04.18 21:50:51.653,1.52317,1.52344,1.00,1.00
2018.04.18 21:50:51.764,1.52314,1.52344,1.00,1.00
2018.04.18 21:50:53.982,1.52309,1.52337,1.00,1.00
2018.04.18 21:50:54.086,1.52303,1.52335,1.00,1.00
2018.04.18 21:50:54.138,1.52298,1.52339,1.00,1.00
2018.04.18 21:50:54.192,1.52296,1.52341,1.00,1.37
2018.04.18 21:50:54.295,1.52295,1.52337,1.00,1.00
2018.04.18 21:50:54.398,1.52293,1.52336,1.00,1.00
2018.04.18 21:50:54.541,1.5229,1.52336,1.00,1.00
2018.04.18 21:50:54.594,1.52287,1.52328,1.00,1.00
2018.04.18 21:50:54.710,1.52281,1.52334,1.37,1.00
2018.04.18 21:50:54.764,1.52274,1.52326,1.00,1.19
2018.04.18 21:50:55.143,1.52274,1.52321,1.00,1.00
2018.04.18 21:50:55.454,1.52273,1.5232,1.00,1.37
2018.04.18 21:50:55.763,1.52278,1.52321,1.00,1.00
2018.04.18 21:50:55.816,1.52274,1.52329,1.00,1.19
2018.04.18 21:50:55.869,1.52278,1.52331,1.00,1.75
2018.04.18 21:50:55.922,1.52275,1.52328,1.00,1.50
2018.04.18 21:50:55.974,1.52275,1.52328,1.00,1.31
2018.04.18 21:50:56.232,1.52277,1.52329,1.00,1.56
2018.04.18 21:50:56.552,1.52276,1.52323,1.00,1.00
2018.04.18 21:50:57.136,1.52271,1.52323,1.00,1.00
2018.04.18 21:50:57.189,1.52272,1.52319,1.00,1.00
2018.04.18 21:50:57.495,1.52277,1.52321,1.00,1.00
2018.04.18 21:50:57.769,1.52277,1.52323,1.00,1.25
2018.04.18 21:50:58.284,1.52277,1.52324,1.00,1.25
2018.04.18 21:50:59.195,1.52277,1.52325,1.00,1.25
2018.04.18 21:51:01.000,1.52277,1.52324,1.00,1.25
2018.04.18 21:51:05.948,1.52277,1.5233,1.00,1.19
2018.04.18 21:51:06.989,1.52276,1.52332,1.00,1.19
2018.04.18 21:51:07.447,1.52277,1.5233,1.00,1.19
2018.04.18 21:51:08.632,1.52277,1.5233,1.00,1.19
2018.04.18 21:51:09.938,1.52276,1.52332,1.00,1.19
2018.04.18 21:51:10.455,1.52276,1.52325,1.00,1.25
2018.04.18 21:51:10.956,1.52277,1.52334,1.00,1.19
2018.04.18 21:51:11.396,1.5228,1.52325,1.00,1.25
2018.04.18 21:51:11.738,1.5228,1.52324,1.00,1.37
2018.04.18 21:51:12.449,1.5228,1.52324,1.00,1.12
2018.04.18 21:51:14.657,1.5228,1.52334,1.00,1.19
2018.04.18 21:51:14.760,1.52281,1.52337,1.00,1.19
2018.04.18 21:51:17.787,1.52279,1.52329,1.00,1.75
2018.04.18 21:51:18.187,1.52281,1.52327,1.00,1.37
2018.04.18 21:51:18.689,1.52282,1.52327,1.00,1.37
2018.04.18 21:51:19.289,1.52282,1.52327,1.00,1.37
2018.04.18 21:51:19.598,1.52285,1.52327,1.00,1.12
2018.04.18 21:51:20.111,1.52284,1.52327,1.00,1.12
2018.04.18 21:51:20.640,1.52284,1.52327,1.00,1.37
2018.04.18 21:51:21.021,1.52287,1.52327,1.00,1.12
2018.04.18 21:51:21.643,1.52286,1.52328,1.00,1.37
2018.04.18 21:51:21.834,1.52284,1.52328,1.00,1.37
2018.04.18 21:51:21.989,1.52287,1.52328,1.00,1.50
2018.04.18 21:51:22.513,1.52288,1.52329,1.00,1.12
2018.04.18 21:51:23.096,1.52285,1.52328,1.00,1.12
2018.04.18 21:51:23.302,1.52287,1.52328,1.00,1.12
2018.04.18 21:51:23.731,1.5229,1.5233,1.00,1.37
2018.04.18 21:51:24.288,1.5229,1.52328,1.00,1.00
2018.04.18 21:51:24.391,1.52287,1.52329,1.00,1.12
2018.04.18 21:51:24.443,1.52289,1.5233,1.00,1.37
2018.04.18 21:51:24.987,1.52288,1.52328,1.00,1.00
2018.04.18 21:51:25.466,1.52291,1.52328,1.00,1.12
2018.04.18 21:51:25.971,1.5229,1.52328,1.00,1.00
2018.04.18 21:51:26.086,1.52288,1.52329,1.00,1.12
2018.04.18 21:51:26.138,1.52288,1.5233,1.00,1.37
2018.04.18 21:51:26.447,1.52288,1.5233,1.00,1.37
2018.04.18 21:51:26.990,1.52287,1.5233,1.00,1.37
2018.04.18 21:51:27.624,1.52288,1.5233,1.00,1.12
2018.04.18 21:51:28.018,1.5229,1.52341,1.00,1.50
2018.04.18 21:51:28.070,1.52287,1.52334,1.00,1.00
2018.04.18 21:51:28.407,1.52289,1.52334,1.00,1.00
2018.04.18 21:51:28.459,1.52289,1.52336,1.00,1.00
2018.04.18 21:51:28.987,1.52289,1.52344,1.00,2.06
2018.04.18 21:51:29.394,1.52289,1.52331,1.00,1.00
2018.04.18 21:51:29.941,1.5229,1.52331,1.00,1.37
2018.04.18 21:51:30.292,1.5229,1.52325,1.00,1.00
2018.04.18 21:51:30.909,1.5229,1.52326,1.00,1.00
2018.04.18 21:51:31.582,1.5229,1.52325,1.00,1.00
2018.04.18 21:51:32.213,1.5229,1.5232,1.00,1.00
2018.04.18 21:51:34.298,1.52292,1.52324,1.00,1.00
2018.04.18 21:51:34.350,1.52291,1.5233,1.00,1.00
2018.04.18 21:51:34.453,1.5229,1.52339,1.00,1.19
2018.04.18 21:51:34.556,1.5229,1.52339,1.00,1.69
2018.04.18 21:51:35.289,1.52293,1.52347,1.00,1.69
2018.04.18 21:51:35.598,1.52293,1.52332,1.00,1.00
2018.04.18 21:51:35.907,1.52294,1.52347,1.00,1.19
2018.04.18 21:51:36.327,1.52292,1.52347,1.00,2.06
2018.04.18 21:51:37.966,1.52292,1.52347,1.00,1.56
2018.04.18 21:51:38.517,1.52291,1.52345,1.00,1.56
2018.04.18 21:51:41.885,1.52291,1.52345,1.00,2.25
2018.04.18 21:51:49.071,1.52291,1.52342,1.00,1.37
2018.04.18 21:51:49.973,1.52291,1.5233,1.00,1.00
2018.04.18 21:51:50.399,1.52289,1.52324,1.00,1.00
2018.04.18 21:51:50.623,1.52287,1.52324,1.00,1.00
2018.04.18 21:51:50.938,1.52289,1.52323,1.00,1.00
2018.04.18 21:51:52.661,1.52291,1.52325,1.00,1.00
2018.04.18 21:51:52.991,1.52295,1.52329,1.00,1.00
2018.04.18 21:52:00.106,1.52294,1.52323,1.00,1.00
2018.04.18 21:52:00.488,1.52298,1.52325,1.00,1.00
2018.04.18 21:52:05.194,1.52295,1.52323,1.00,1.00
2018.04.18 21:52:10.663,1.52301,1.5233,1.00,1.00
2018.04.18 21:52:10.768,1.52294,1.52323,1.00,1.00
2018.04.18 21:52:12.593,1.52297,1.52327,1.00,1.00
2018.04.18 21:52:12.696,1.52294,1.5232,1.00,1.00
2018.04.18 21:52:21.319,1.52295,1.52324,1.00,1.00
2018.04.18 21:52:21.423,1.52291,1.5232,1.00,1.00
2018.04.18 21:52:21.774,1.52294,1.52321,1.00,1.00
2018.04.18 21:52:24.194,1.52297,1.52324,1.00,1.00
2018.04.18 21:52:27.353,1.52294,1.52321,1.00,1.00
2018.04.18 21:52:27.666,1.52291,1.52318,1.00,1.00
2018.04.18 21:52:32.092,1.52294,1.52321,1.00,1.00
2018.04.18 21:52:32.665,1.52297,1.52324,1.00,1.00
2018.04.18 21:52:35.502,1.52293,1.52322,1.00,1.00
2018.04.18 21:52:35.553,1.52291,1.52318,1.00,1.00
2018.04.18 21:52:39.336,1.52293,1.52322,1.00,1.00
2018.04.18 21:52:39.490,1.52291,1.52318,1.00,1.00
2018.04.18 21:52:41.496,1.52295,1.52322,1.00,1.00
2018.04.18 21:52:41.601,1.52302,1.52331,1.00,1.00
2018.04.18 21:52:42.575,1.52298,1.52327,1.00,1.00
2018.04.18 21:52:42.918,1.52294,1.52321,1.00,1.00
2018.04.18 21:52:43.222,1.52297,1.52324,1.00,1.00
2018.04.18 21:52:46.042,1.52297,1.52324,1.00,1.19
2018.04.18 21:52:46.095,1.52293,1.5232,1.00,1.25
2018.04.18 21:52:46.147,1.52281,1.52331,1.50,1.19
2018.04.18 21:52:46.306,1.52279,1.52315,1.00,1.00
2018.04.18 21:52:46.459,1.52284,1.52324,1.00,1.37
2018.04.18 21:52:46.511,1.5228,1.52326,1.00,1.37
2018.04.18 21:52:46.563,1.52284,1.52326,1.00,1.12
2018.04.18 21:52:46.839,1.52278,1.52323,1.00,1.00
2018.04.18 21:52:46.891,1.52275,1.52318,1.00,1.00
2018.04.18 21:52:47.016,1.52273,1.52317,1.00,1.00
2018.04.18 21:52:47.783,1.52274,1.52324,1.00,1.37
2018.04.18 21:52:47.835,1.52276,1.52321,1.00,1.37
2018.04.18 21:52:47.939,1.52276,1.52321,1.00,1.37
2018.04.18 21:52:48.530,1.52277,1.5232,1.00,1.12
2018.04.18 21:52:49.061,1.52276,1.5232,1.00,1.12
2018.04.18 21:52:50.120,1.52279,1.52331,1.00,2.10
2018.04.18 21:52:50.172,1.52279,1.52331,1.00,2.10
2018.04.18 21:52:50.326,1.52281,1.52333,1.00,1.37
2018.04.18 21:52:50.378,1.52282,1.52336,1.00,1.75
2018.04.18 21:52:50.495,1.52287,1.52341,1.00,1.75
2018.04.18 21:52:50.547,1.52287,1.52341,1.00,1.75
2018.04.18 21:52:50.651,1.5229,1.52343,1.00,1.75
2018.04.18 21:52:50.965,1.52293,1.52345,1.00,1.75
2018.04.18 21:52:51.289,1.52288,1.52341,1.00,1.37
2018.04.18 21:52:51.340,1.52281,1.52333,1.00,1.00
2018.04.18 21:52:51.392,1.52282,1.52333,1.00,1.66
2018.04.18 21:52:51.717,1.52291,1.52323,1.00,1.00
2018.04.18 21:52:52.750,1.52296,1.52325,1.00,2.10
2018.04.18 21:52:53.266,1.52295,1.52322,1.00,1.37
2018.04.18 21:52:53.861,1.52295,1.52322,1.00,1.00
2018.04.18 21:52:54.708,1.5229,1.52323,1.00,1.00
2018.04.18 21:52:54.763,1.52298,1.52323,1.00,1.00
2018.04.18 21:52:54.868,1.52298,1.52325,1.00,1.00
2018.04.18 21:53:01.468,1.523,1.52327,1.00,1.00
2018.04.18 21:53:02.875,1.52297,1.52329,1.00,1.00
2018.04.18 21:53:03.056,1.52299,1.52333,1.00,1.37
2018.04.18 21:53:03.254,1.52296,1.52336,1.50,1.75
2018.04.18 21:53:03.617,1.52296,1.52336,1.50,1.37
2018.04.18 21:53:04.286,1.52293,1.52334,1.00,1.60
2018.04.18 21:53:04.441,1.52293,1.52334,1.00,1.37
2018.04.18 21:53:04.842,1.52294,1.52334,1.00,1.37
2018.04.18 21:53:06.037,1.52293,1.52327,1.00,1.00
2018.04.18 21:53:06.088,1.52294,1.52329,1.00,1.00
2018.04.18 21:53:06.140,1.52298,1.52328,1.00,1.00
2018.04.18 21:53:06.445,1.52301,1.52328,1.00,1.00
2018.04.18 21:53:07.353,1.52294,1.52327,1.00,1.00
2018.04.18 21:53:07.405,1.523,1.52327,1.00,1.00
2018.04.18 21:53:08.508,1.52299,1.52333,1.00,1.37
2018.04.18 21:53:08.560,1.52302,1.52337,1.00,1.37
2018.04.18 21:53:08.612,1.52298,1.52341,1.00,1.75
2018.04.18 21:53:08.664,1.52298,1.52341,1.00,1.75
2018.04.18 21:53:08.818,1.52296,1.52338,1.00,1.00
2018.04.18 21:53:08.870,1.523,1.5234,1.00,1.37
2018.04.18 21:53:09.145,1.52296,1.52347,1.00,3.47
2018.04.18 21:53:09.248,1.52298,1.52341,1.00,1.12
2018.04.18 21:53:09.860,1.52297,1.52347,1.00,1.22
2018.04.18 21:53:10.635,1.52298,1.52348,1.00,1.88
2018.04.18 21:53:12.356,1.52297,1.52348,1.00,1.97
2018.04.18 21:53:13.005,1.52297,1.52347,1.00,1.37
2018.04.18 21:53:13.254,1.52297,1.52342,1.00,1.12
2018.04.18 21:53:15.086,1.52295,1.52339,1.00,1.13
2018.04.18 21:53:15.646,1.52299,1.52338,1.00,1.37
2018.04.18 21:53:16.162,1.52299,1.52338,1.00,1.75
2018.04.18 21:53:18.007,1.52299,1.52338,1.00,1.75
2018.04.18 21:53:18.060,1.52297,1.52338,1.00,1.75
2018.04.18 21:53:19.056,1.52297,1.52338,1.00,1.50
2018.04.18 21:53:22.223,1.52297,1.52338,1.00,1.50
2018.04.18 21:53:23.806,1.52299,1.52337,1.00,1.00
2018.04.18 21:53:24.754,1.52297,1.52335,1.00,1.00
2018.04.18 21:53:25.269,1.52301,1.52335,1.00,1.00
2018.04.18 21:53:25.576,1.52304,1.52343,1.00,1.37
2018.04.18 21:53:25.627,1.52304,1.52343,1.00,1.00
2018.04.18 21:53:25.730,1.52299,1.52346,1.00,1.97
2018.04.18 21:53:26.641,1.52294,1.52345,1.00,1.22
2018.04.18 21:53:31.604,1.52294,1.52345,1.00,1.88
2018.04.18 21:53:32.643,1.52297,1.52342,1.00,1.03
2018.04.18 21:53:33.606,1.52297,1.52342,1.00,1.03
2018.04.18 21:53:34.676,1.52297,1.52343,1.00,1.41
2018.04.18 21:53:35.697,1.52297,1.52341,1.00,1.03
2018.04.18 21:53:36.704,1.52297,1.5234,1.00,1.78
2018.04.18 21:53:37.713,1.52297,1.5234,1.00,1.66
2018.04.18 21:53:38.710,1.52297,1.5234,1.00,1.66
2018.04.18 21:53:41.680,1.52297,1.5234,1.00,1.00
2018.04.18 21:53:42.185,1.52298,1.5234,1.00,1.00
2018.04.18 21:53:44.257,1.52299,1.5234,1.00,1.00
2018.04.18 21:53:47.141,1.52299,1.5234,1.00,1.37
2018.04.18 21:53:48.144,1.52299,1.5234,1.00,1.72
2018.04.18 21:53:49.495,1.52302,1.52341,1.00,1.50
2018.04.18 21:53:50.337,1.52302,1.52341,1.00,1.37
2018.04.18 21:53:50.765,1.523,1.5234,1.00,1.66
2018.04.18 21:53:50.816,1.523,1.5234,1.00,1.66
2018.04.18 21:53:51.298,1.523,1.5234,1.00,1.66
2018.04.18 21:53:51.826,1.52299,1.5234,1.00,1.66
2018.04.18 21:53:52.773,1.523,1.5234,1.00,1.66
2018.04.18 21:53:53.312,1.523,1.5234,1.00,1.66
2018.04.18 21:53:54.344,1.523,1.5234,1.00,1.66
2018.04.18 21:53:55.102,1.52299,1.5234,1.00,1.66
2018.04.18 21:53:55.753,1.52299,1.5234,1.00,1.66
2018.04.18 21:53:56.416,1.52299,1.5234,1.00,1.66
2018.04.18 21:53:56.721,1.52302,1.52345,1.00,2.16
2018.04.18 21:53:56.827,1.52304,1.52351,1.00,1.37
2018.04.18 21:53:56.975,1.52306,1.52351,1.00,1.37
2018.04.18 21:53:57.289,1.52308,1.52349,1.00,1.37
2018.04.18 21:53:57.445,1.52305,1.52347,1.00,1.41
2018.04.18 21:53:57.497,1.52301,1.52344,1.00,1.28
2018.04.18 21:53:57.808,1.52276,1.52325,1.00,1.41
2018.04.18 21:53:57.860,1.52274,1.52325,1.00,1.41
2018.04.18 21:53:57.912,1.52274,1.52324,1.00,1.13
2018.04.18 21:53:58.118,1.52276,1.52329,1.00,1.37
2018.04.18 21:53:58.488,1.52275,1.52325,1.00,1.66
2018.04.18 21:53:59.065,1.52275,1.52325,1.00,1.66
2018.04.18 21:53:59.220,1.52275,1.52325,1.00,1.00
2018.04.18 21:53:59.325,1.52279,1.52332,1.00,1.66
2018.04.18 21:53:59.636,1.52283,1.52336,1.00,1.60
2018.04.18 21:53:59.792,1.52283,1.52336,1.00,1.00
2018.04.18 21:54:00.291,1.52282,1.52335,1.00,1.35
2018.04.18 21:54:00.717,1.52281,1.52332,1.00,1.13
2018.04.18 21:54:01.045,1.52281,1.52332,1.00,1.72
2018.04.18 21:54:01.793,1.52281,1.52332,1.00,1.37
2018.04.18 21:54:02.786,1.52281,1.52332,1.00,1.66
2018.04.18 21:54:03.789,1.52281,1.52332,1.00,1.66
2018.04.18 21:54:04.792,1.52281,1.52332,1.00,1.66
2018.04.18 21:54:05.799,1.52281,1.52332,1.00,1.66
2018.04.18 21:54:06.069,1.52278,1.52332,1.00,1.66
2018.04.18 21:54:09.153,1.52278,1.52332,1.00,1.37
2018.04.18 21:54:10.623,1.52278,1.52332,1.00,1.66
2018.04.18 21:54:12.110,1.52278,1.52332,1.00,1.66
2018.04.18 21:54:13.112,1.52278,1.52332,1.00,1.66
2018.04.18 21:54:15.114,1.52278,1.52332,1.00,1.66
2018.04.18 21:54:16.114,1.52278,1.52332,1.00,1.66
2018.04.18 21:54:17.114,1.52278,1.52332,1.00,1.66
2018.04.18 21:54:17.866,1.5228,1.52332,1.00,1.72
2018.04.18 21:54:18.604,1.5228,1.52332,1.00,1.72
2018.04.18 21:54:20.738,1.52279,1.52333,1.00,1.50
2018.04.18 21:54:21.958,1.52279,1.52333,1.00,1.66
2018.04.18 21:54:22.512,1.52279,1.52332,1.00,1.66
2018.04.18 21:54:22.960,1.52279,1.52332,1.00,1.66
2018.04.18 21:54:23.509,1.5228,1.52333,1.00,1.03
2018.04.18 21:54:23.963,1.5228,1.52336,1.00,1.66
2018.04.18 21:54:24.965,1.5228,1.52336,1.00,1.66
2018.04.18 21:54:26.008,1.5228,1.52336,1.00,1.78
2018.04.18 21:54:27.011,1.5228,1.52336,1.00,1.66
2018.04.18 21:54:27.983,1.5228,1.52336,1.00,1.66
2018.04.18 21:54:28.989,1.5228,1.52336,1.00,1.66
2018.04.18 21:54:29.089,1.5228,1.52336,1.00,1.00
2018.04.18 21:54:29.739,1.5228,1.52337,1.00,1.00
2018.04.18 21:54:30.264,1.5228,1.52336,1.00,1.00
2018.04.18 21:54:35.532,1.52281,1.52333,1.00,1.00
2018.04.18 21:54:36.082,1.52285,1.52332,1.00,1.12
2018.04.18 21:54:37.781,1.52285,1.52332,1.00,1.37
2018.04.18 21:54:38.768,1.52285,1.52332,1.00,1.12
2018.04.18 21:54:39.759,1.52285,1.52332,1.00,1.37
2018.04.18 21:54:40.750,1.52285,1.52332,1.00,1.37
2018.04.18 21:54:43.210,1.52285,1.52332,1.00,1.00
2018.04.18 21:54:48.777,1.52287,1.52335,1.00,1.00
2018.04.18 21:54:49.315,1.52286,1.52336,1.50,1.00
2018.04.18 21:54:51.805,1.52286,1.52336,1.50,1.37
2018.04.18 21:54:52.816,1.52286,1.52336,1.50,1.37
2018.04.18 21:54:53.201,1.5229,1.52338,1.00,1.66
2018.04.18 21:54:53.503,1.52299,1.52341,1.00,1.66
2018.04.18 21:54:53.816,1.52299,1.5234,1.00,1.03
2018.04.18 21:54:54.587,1.52298,1.5234,1.00,1.03
2018.04.18 21:54:55.290,1.52298,1.52342,1.00,1.66
2018.04.18 21:54:57.283,1.52296,1.52341,1.00,2.91
2018.04.18 21:54:57.870,1.52291,1.52341,1.00,2.91
2018.04.18 21:54:57.922,1.52288,1.52341,1.00,2.91
2018.04.18 21:54:58.271,1.52288,1.5234,1.00,1.03
2018.04.18 21:54:59.337,1.52288,1.52338,1.00,1.03
2018.04.18 21:55:00.827,1.52288,1.5234,1.00,1.03
2018.04.18 21:55:01.827,1.52288,1.52341,1.00,3.28
2018.04.18 21:55:02.827,1.52288,1.52338,1.00,1.03
2018.04.18 21:55:04.834,1.52288,1.5234,1.00,1.03
2018.04.18 21:55:05.834,1.52292,1.52337,1.00,1.66
2018.04.18 21:55:06.625,1.52294,1.52339,1.00,1.00
2018.04.18 21:55:07.140,1.52294,1.52341,1.00,2.25
2018.04.18 21:55:08.637,1.52297,1.52341,1.00,2.25
2018.04.18 21:55:08.688,1.52297,1.52344,1.00,1.00
2018.04.18 21:55:08.944,1.52297,1.52344,1.00,1.37
2018.04.18 21:55:10.493,1.52297,1.52344,1.00,1.12
2018.04.18 21:55:10.653,1.52288,1.52341,1.00,2.62
2018.04.18 21:55:11.173,1.52288,1.52343,1.00,1.75
2018.04.18 21:55:11.754,1.52287,1.52343,1.50,1.88
2018.04.18 21:55:11.857,1.52292,1.52344,1.00,2.53
2018.04.18 21:55:11.908,1.5229,1.52344,1.00,1.03
2018.04.18 21:55:12.569,1.5229,1.52344,1.00,1.72
2018.04.18 21:55:13.574,1.52295,1.52342,1.00,1.66
2018.04.18 21:55:14.628,1.52295,1.52342,1.00,1.66
2018.04.18 21:55:15.764,1.52292,1.5234,1.00,1.66
2018.04.18 21:55:15.816,1.52296,1.52338,1.00,1.37
2018.04.18 21:55:17.234,1.52296,1.52338,1.00,1.41
2018.04.18 21:55:18.623,1.52296,1.52338,1.00,1.66
2018.04.18 21:55:19.147,1.52298,1.52333,1.00,1.00
2018.04.18 21:55:22.696,1.52302,1.52336,1.00,1.00
2018.04.18 21:55:24.745,1.52299,1.52338,1.00,1.00
2018.04.18 21:55:25.455,1.52299,1.52338,1.00,1.37
2018.04.18 21:55:26.167,1.52299,1.52338,1.00,1.50
2018.04.18 21:55:26.663,1.52299,1.52338,1.00,1.13
2018.04.18 21:55:31.734,1.52299,1.52338,1.00,1.37
2018.04.18 21:55:33.064,1.52298,1.5234,1.00,1.72
2018.04.18 21:55:33.556,1.52298,1.5234,1.00,1.00
2018.04.18 21:55:38.743,1.52298,1.5234,1.00,1.50
2018.04.18 21:55:39.673,1.52298,1.5234,1.00,1.00
2018.04.18 21:55:40.929,1.52298,1.52338,1.00,1.00
2018.04.18 21:55:40.981,1.52298,1.5234,1.00,1.00
2018.04.18 21:55:44.596,1.52298,1.52339,1.00,1.28
2018.04.18 21:55:44.699,1.52296,1.52337,1.00,1.00
2018.04.18 21:55:44.977,1.52299,1.52339,1.00,1.13
2018.04.18 21:55:45.554,1.52299,1.52339,1.00,1.28
2018.04.18 21:55:45.982,1.52299,1.52339,1.00,1.66
2018.04.18 21:55:46.664,1.52296,1.52336,1.00,1.66
2018.04.18 21:55:46.715,1.52296,1.52336,1.00,1.66
2018.04.18 21:55:47.685,1.52294,1.52334,1.00,1.66
2018.04.18 21:55:48.691,1.52294,1.52334,1.00,1.66
2018.04.18 21:55:49.719,1.52294,1.52334,1.00,1.66
2018.04.18 21:55:50.725,1.52294,1.52334,1.00,1.66
2018.04.18 21:55:51.717,1.52294,1.52334,1.00,1.66
2018.04.18 21:55:52.743,1.52294,1.52334,1.00,1.66
2018.04.18 21:55:54.089,1.52294,1.52334,1.00,1.66
2018.04.18 21:55:55.093,1.52294,1.52334,1.00,1.66
2018.04.18 21:55:58.504,1.52294,1.52334,1.00,1.72
2018.04.18 21:55:59.681,1.52295,1.52335,1.00,1.00
2018.04.18 21:55:59.732,1.52295,1.52337,1.00,1.00
2018.04.18 21:56:00.235,1.52295,1.52338,1.00,1.50
2018.04.18 21:56:04.737,1.52295,1.52338,1.00,1.87
2018.04.18 21:56:05.744,1.52295,1.52338,1.00,2.16
2018.04.18 21:56:06.745,1.52295,1.52338,1.00,2.16
2018.04.18 21:56:07.744,1.52295,1.52338,1.00,2.16
2018.04.18 21:56:08.149,1.5229,1.52336,1.00,1.66
2018.04.18 21:56:08.811,1.5229,1.52336,1.00,1.66
2018.04.18 21:56:11.217,1.5229,1.52334,1.00,1.03
2018.04.18 21:56:11.745,1.52286,1.52334,1.00,1.03
2018.04.18 21:56:11.975,1.52281,1.52334,1.00,1.03
2018.04.18 21:56:12.507,1.52281,1.52335,1.00,1.66
2018.04.18 21:56:12.820,1.52279,1.52333,1.00,1.66
2018.04.18 21:56:13.769,1.52279,1.52335,1.00,1.66
2018.04.18 21:56:14.347,1.52278,1.52335,1.00,1.66
2018.04.18 21:56:15.003,1.52278,1.52335,1.00,1.72
2018.04.18 21:56:15.494,1.52276,1.52332,1.00,1.66
2018.04.18 21:56:16.486,1.52276,1.52332,1.00,1.66
2018.04.18 21:56:16.701,1.52274,1.5233,1.00,1.72
2018.04.18 21:56:17.645,1.52274,1.52329,1.00,1.37
2018.04.18 21:56:18.633,1.52274,1.52329,1.00,1.37
2018.04.18 21:56:19.089,1.52271,1.52328,1.00,1.66
2018.04.18 21:56:19.674,1.52271,1.52328,1.00,1.66
2018.04.18 21:56:21.789,1.52271,1.52328,1.00,1.66
2018.04.18 21:56:22.790,1.52271,1.52328,1.00,1.66
2018.04.18 21:56:24.136,1.52271,1.52329,1.00,1.72
2018.04.18 21:56:25.470,1.52271,1.52329,1.00,1.37
2018.04.18 21:56:26.667,1.52271,1.52329,1.00,1.66
2018.04.18 21:56:27.747,1.52271,1.52327,1.00,1.37
2018.04.18 21:56:28.749,1.52271,1.52327,1.00,1.37
2018.04.18 21:56:29.756,1.52271,1.52327,1.00,1.66
2018.04.18 21:56:30.860,1.52271,1.52327,1.00,1.72
2018.04.18 21:56:31.891,1.5227,1.52327,1.00,1.72
2018.04.18 21:56:32.396,1.5227,1.52327,1.00,1.50
2018.04.18 21:56:33.348,1.5227,1.52327,1.00,1.66
2018.04.18 21:56:33.888,1.52269,1.52326,1.00,1.50
2018.04.18 21:56:34.212,1.52271,1.52327,1.00,1.66
2018.04.18 21:56:35.149,1.52273,1.52329,1.00,1.72
2018.04.18 21:56:35.457,1.52273,1.52329,1.00,1.72
2018.04.18 21:56:35.612,1.5227,1.52329,1.00,1.66
2018.04.18 21:56:36.665,1.5227,1.52329,1.00,1.66
2018.04.18 21:56:37.024,1.52272,1.52328,1.00,1.37
2018.04.18 21:56:37.713,1.52271,1.5233,1.00,1.37
2018.04.18 21:56:38.020,1.52273,1.52332,1.00,1.78
2018.04.18 21:56:38.875,1.52273,1.52332,1.00,1.66
2018.04.18 21:56:39.895,1.52273,1.52332,1.00,1.66
2018.04.18 21:56:41.946,1.52273,1.52332,1.00,1.66
2018.04.18 21:56:42.947,1.52273,1.52331,1.00,1.03
2018.04.18 21:56:43.926,1.52273,1.52332,1.00,1.66
2018.04.18 21:56:44.966,1.52273,1.52331,1.00,1.66
2018.04.18 21:56:46.189,1.52273,1.52331,1.00,1.66
2018.04.18 21:56:47.291,1.52273,1.52331,1.00,1.66
2018.04.18 21:56:48.292,1.52273,1.52331,1.00,1.66
2018.04.18 21:56:49.293,1.52273,1.52331,1.00,1.72
2018.04.18 21:56:50.292,1.52273,1.52331,1.00,1.66
2018.04.18 21:56:50.900,1.52272,1.5233,1.00,1.72
2018.04.18 21:56:50.953,1.5227,1.5233,1.00,1.66
2018.04.18 21:56:51.704,1.52269,1.52327,1.00,1.50
2018.04.18 21:56:52.027,1.52267,1.52327,1.00,1.66
2018.04.18 21:56:52.305,1.52266,1.52325,1.00,1.72
2018.04.18 21:56:52.897,1.52264,1.52322,1.00,1.72
2018.04.18 21:56:52.949,1.52262,1.52323,1.00,1.66
2018.04.18 21:56:53.313,1.52262,1.52323,1.00,1.66
2018.04.18 21:56:53.623,1.52261,1.52319,1.00,1.66
2018.04.18 21:56:54.182,1.52257,1.52318,1.19,1.66
2018.04.18 21:56:54.593,1.52257,1.52318,1.19,1.78
2018.04.18 21:56:55.039,1.52256,1.52315,1.00,1.66
2018.04.18 21:56:55.570,1.52255,1.52314,1.00,1.66
2018.04.18 21:56:55.951,1.52255,1.52314,1.00,1.66
2018.04.18 21:56:57.093,1.52255,1.52314,1.00,1.78
2018.04.18 21:56:58.105,1.52255,1.52314,1.00,1.66
2018.04.18 21:56:59.106,1.52255,1.52314,1.00,1.66
2018.04.18 21:57:00.181,1.52255,1.52315,1.00,1.66
2018.04.18 21:57:00.447,1.52255,1.52315,1.00,1.00
2018.04.18 21:57:03.661,1.52257,1.52315,1.00,1.00
2018.04.18 21:57:06.582,1.52257,1.52316,1.00,1.50
2018.04.18 21:57:08.857,1.52257,1.52316,1.00,1.87
2018.04.18 21:57:09.441,1.52257,1.52316,1.00,1.50
2018.04.18 21:57:11.073,1.52256,1.52315,1.00,1.00
2018.04.18 21:57:13.877,1.52256,1.52315,1.00,1.37
2018.04.18 21:57:14.908,1.52256,1.52315,1.00,1.37
2018.04.18 21:57:15.899,1.52256,1.52315,1.00,1.72
2018.04.18 21:57:16.511,1.52259,1.52316,1.19,1.37
2018.04.18 21:57:17.202,1.5226,1.52319,1.19,1.37
2018.04.18 21:57:17.357,1.52259,1.52318,1.00,1.66
2018.04.18 21:57:17.563,1.52259,1.52318,1.19,1.66
2018.04.18 21:57:18.342,1.52257,1.52318,1.19,1.66
2018.04.18 21:57:19.359,1.52257,1.52318,1.19,1.66
2018.04.18 21:57:20.354,1.52257,1.52318,1.19,1.66
2018.04.18 21:57:21.356,1.52257,1.52318,1.19,1.66
2018.04.18 21:57:22.356,1.52257,1.52318,1.19,1.66
2018.04.18 21:57:24.529,1.52258,1.52318,1.19,1.72
2018.04.18 21:57:24.633,1.52259,1.52321,1.19,1.66
2018.04.18 21:57:25.525,1.52261,1.5232,1.19,1.66
2018.04.18 21:57:26.582,1.52261,1.5232,1.19,1.66
2018.04.18 21:57:27.326,1.52261,1.5232,1.19,1.66
2018.04.18 21:57:27.691,1.5226,1.5232,1.19,1.66
2018.04.18 21:57:28.105,1.5226,1.52321,1.19,1.66
2018.04.18 21:57:28.341,1.52259,1.52321,1.25,1.66
2018.04.18 21:57:28.394,1.52257,1.52317,1.19,1.66
2018.04.18 21:57:28.447,1.52256,1.52316,1.25,1.66
2018.04.18 21:57:29.429,1.52256,1.52315,1.25,1.03
2018.04.18 21:57:29.917,1.52255,1.52314,1.19,1.66
2018.04.18 21:57:30.644,1.52256,1.52316,1.19,1.66
2018.04.18 21:57:30.908,1.52256,1.52316,1.19,1.66
2018.04.18 21:57:30.960,1.52256,1.52316,1.19,1.66
2018.04.18 21:57:31.511,1.52254,1.52313,1.19,2.16
2018.04.18 21:57:31.655,1.52254,1.52313,1.19,2.53
2018.04.18 21:57:32.692,1.52254,1.52313,1.19,2.16
2018.04.18 21:57:34.098,1.52252,1.52313,1.19,1.03
2018.04.18 21:57:36.072,1.52252,1.52313,1.19,1.66
2018.04.18 21:57:37.078,1.52252,1.52312,1.19,2.16
2018.04.18 21:57:38.076,1.52253,1.52312,1.19,1.66
2018.04.18 21:57:40.243,1.52252,1.52312,1.19,1.72
2018.04.18 21:57:41.419,1.52262,1.52312,1.00,1.72
2018.04.18 21:57:41.746,1.52269,1.5232,1.00,2.10
2018.04.18 21:57:41.954,1.52271,1.52329,1.00,1.78
2018.04.18 21:57:42.204,1.52273,1.52329,1.00,1.66
2018.04.18 21:57:42.706,1.52274,1.52326,1.00,1.66
2018.04.18 21:57:43.196,1.52273,1.52326,1.00,1.66
2018.04.18 21:57:43.865,1.52275,1.52326,1.00,1.66
2018.04.18 21:57:44.176,1.5228,1.52327,1.00,1.03
2018.04.18 21:57:45.041,1.5228,1.52329,1.00,1.03
2018.04.18 21:57:46.060,1.52279,1.52329,1.00,1.03
2018.04.18 21:57:46.563,1.5228,1.52329,1.00,1.03
2018.04.18 21:57:47.097,1.52279,1.52329,1.00,1.03
2018.04.18 21:57:48.062,1.5228,1.52329,1.00,1.03
2018.04.18 21:57:48.573,1.52279,1.52329,1.00,1.03
2018.04.18 21:57:48.676,1.52275,1.52329,2.25,1.03
2018.04.18 21:57:48.728,1.52279,1.52329,1.00,1.03
2018.04.18 21:57:49.286,1.5228,1.52329,1.00,1.03
2018.04.18 21:57:49.726,1.52276,1.52329,3.00,1.03
2018.04.18 21:57:50.093,1.52276,1.52331,1.00,1.03
2018.04.18 21:57:51.091,1.52275,1.52331,1.00,1.03
2018.04.18 21:57:51.143,1.52275,1.52329,1.00,1.03
2018.04.18 21:57:51.913,1.52276,1.52329,1.00,1.03
2018.04.18 21:57:52.340,1.52276,1.52333,1.00,1.66
2018.04.18 21:57:52.743,1.52279,1.52333,1.00,1.66
2018.04.18 21:57:53.389,1.52279,1.52332,1.00,1.03
2018.04.18 21:57:54.492,1.52279,1.52331,1.00,1.03
2018.04.18 21:57:55.253,1.5228,1.52331,1.00,1.03
2018.04.18 21:57:55.635,1.5228,1.52333,1.00,1.66
2018.04.18 21:57:55.739,1.52274,1.52333,2.25,1.66
2018.04.18 21:57:55.792,1.5228,1.52333,1.00,1.66
2018.04.18 21:57:55.895,1.52278,1.52334,1.00,1.03
2018.04.18 21:57:56.791,1.52278,1.52337,1.50,1.66
2018.04.18 21:57:57.444,1.52278,1.52337,1.00,1.66
2018.04.18 21:57:57.497,1.52275,1.52335,1.00,1.66
2018.04.18 21:57:57.814,1.52278,1.52333,1.00,1.66
2018.04.18 21:57:58.143,1.52278,1.52333,1.00,1.66
2018.04.18 21:57:58.565,1.52276,1.52332,1.00,1.66
2018.04.18 21:57:59.097,1.52275,1.52332,1.00,1.66
2018.04.18 21:57:59.616,1.52276,1.52333,1.00,2.16
2018.04.18 21:58:00.257,1.52275,1.52331,1.00,1.66
2018.04.18 21:58:00.309,1.52275,1.52331,1.00,1.66
2018.04.18 21:58:00.864,1.52276,1.52331,1.00,1.66
2018.04.18 21:58:01.371,1.52276,1.52332,1.00,1.97
2018.04.18 21:58:01.705,1.5228,1.52335,1.00,1.78
2018.04.18 21:58:02.343,1.5228,1.52336,1.00,2.16
2018.04.18 21:58:02.797,1.52282,1.52335,1.00,1.66
2018.04.18 21:58:03.445,1.52281,1.52335,1.00,1.66
2018.04.18 21:58:03.773,1.52281,1.52334,1.00,1.03
2018.04.18 21:58:04.604,1.52281,1.52335,1.00,1.78
2018.04.18 21:58:04.952,1.52277,1.52335,3.00,1.78
2018.04.18 21:58:05.721,1.52276,1.52334,1.00,1.03
2018.04.18 21:58:06.722,1.52277,1.52333,1.00,1.03
2018.04.18 21:58:07.724,1.52277,1.52335,1.00,1.78
2018.04.18 21:58:08.461,1.52276,1.52335,1.00,1.78
2018.04.18 21:58:08.724,1.52277,1.52335,1.00,1.66
2018.04.18 21:58:09.193,1.5228,1.52335,1.00,1.66
2018.04.18 21:58:09.725,1.5228,1.52334,1.00,1.03
2018.04.18 21:58:10.725,1.52279,1.52334,1.00,1.03
2018.04.18 21:58:11.224,1.52276,1.52334,3.00,1.03
2018.04.18 21:58:11.751,1.52276,1.52334,1.00,1.03
2018.04.18 21:58:12.744,1.52276,1.52334,1.00,1.03
2018.04.18 21:58:13.739,1.52276,1.52335,3.00,1.78
2018.04.18 21:58:14.188,1.52279,1.52335,1.00,1.78
2018.04.18 21:58:14.742,1.52279,1.52335,1.00,1.66
2018.04.18 21:58:15.745,1.5228,1.52333,1.00,1.03
2018.04.18 21:58:16.521,1.52279,1.52333,1.00,1.03
2018.04.18 21:58:17.042,1.5228,1.52333,1.00,1.03
2018.04.18 21:58:18.213,1.52277,1.52333,1.00,1.03
2018.04.18 21:58:19.021,1.52277,1.52333,1.00,1.03
2018.04.18 21:58:19.505,1.52277,1.52331,1.00,1.03
2018.04.18 21:58:20.013,1.5228,1.52331,1.00,1.03
2018.04.18 21:58:20.538,1.52281,1.52332,1.00,1.03
2018.04.18 21:58:21.206,1.5228,1.52332,1.00,1.03
2018.04.18 21:58:21.991,1.5228,1.52334,1.00,1.03
2018.04.18 21:58:22.538,1.5228,1.52332,1.00,1.03
2018.04.18 21:58:24.493,1.52279,1.52332,1.00,1.03
2018.04.18 21:58:24.544,1.52279,1.52334,1.00,1.03
2018.04.18 21:58:24.953,1.52277,1.52334,1.00,1.03
2018.04.18 21:58:25.543,1.52277,1.52332,1.00,1.03
2018.04.18 21:58:27.493,1.52276,1.52332,1.00,1.03
2018.04.18 21:58:28.144,1.52276,1.52333,1.00,1.03
2018.04.18 21:58:28.659,1.52277,1.52332,1.00,1.03
2018.04.18 21:58:29.504,1.52276,1.52332,1.00,1.03
2018.04.18 21:58:29.929,1.52276,1.52331,1.00,1.03
2018.04.18 21:58:30.497,1.52277,1.52331,1.00,1.03
2018.04.18 21:58:30.549,1.52277,1.52333,1.00,1.03
2018.04.18 21:58:30.969,1.52279,1.52333,1.00,1.03
2018.04.18 21:58:31.536,1.5228,1.52333,1.00,1.03
2018.04.18 21:58:31.909,1.5228,1.52331,1.00,1.03
2018.04.18 21:58:32.526,1.52279,1.52331,1.00,1.03
2018.04.18 21:58:33.551,1.5228,1.52331,1.00,1.03
2018.04.18 21:58:34.554,1.52279,1.52332,1.00,1.03
2018.04.18 21:58:34.744,1.52276,1.52332,3.00,1.03
2018.04.18 21:58:35.610,1.52277,1.52332,1.00,1.03
2018.04.18 21:58:36.198,1.52277,1.52333,1.00,1.03
2018.04.18 21:58:36.707,1.52277,1.52332,1.00,1.03
2018.04.18 21:58:37.504,1.52276,1.52332,3.00,1.03
2018.04.18 21:58:38.181,1.52276,1.52333,3.00,1.03
2018.04.18 21:58:38.841,1.52277,1.52333,1.00,1.03
2018.04.18 21:58:39.002,1.52279,1.52333,1.00,1.03
2018.04.18 21:58:39.513,1.5228,1.52333,1.00,1.03
2018.04.18 21:58:40.206,1.5228,1.52334,1.00,1.03
2018.04.18 21:58:40.380,1.52277,1.52334,1.00,1.03
2018.04.18 21:58:40.924,1.52277,1.52333,1.00,1.03
2018.04.18 21:58:41.132,1.52268,1.52326,1.00,1.03
2018.04.18 21:58:41.184,1.52267,1.52323,1.00,1.03
2018.04.18 21:58:41.465,1.5227,1.52323,1.00,1.13
2018.04.18 21:58:41.517,1.52279,1.52335,1.00,1.03
2018.04.18 21:58:41.859,1.52282,1.52335,1.00,1.03
2018.04.18 21:58:42.393,1.52283,1.52333,1.00,1.66
2018.04.18 21:58:42.652,1.52276,1.52331,1.00,1.03
2018.04.18 21:58:42.704,1.52278,1.52331,1.00,1.03
2018.04.18 21:58:43.254,1.5228,1.52331,1.00,1.03
2018.04.18 21:58:43.641,1.52278,1.5233,1.00,1.66
2018.04.18 21:58:43.692,1.52278,1.5233,1.00,1.78
2018.04.18 21:58:43.744,1.52269,1.52326,1.00,1.03
2018.04.18 21:58:44.761,1.52268,1.52326,1.00,1.96
2018.04.18 21:58:45.553,1.52269,1.52325,1.00,1.96
2018.04.18 21:58:46.553,1.52268,1.52325,1.00,1.96
2018.04.18 21:58:46.904,1.52268,1.52325,1.00,2.46
2018.04.18 21:58:47.742,1.52269,1.52324,1.00,1.96
2018.04.18 21:58:48.746,1.52269,1.52324,1.00,1.96
2018.04.18 21:58:49.685,1.52267,1.52324,1.50,1.96
2018.04.18 21:58:50.198,1.52266,1.52323,1.00,1.15
2018.04.18 21:58:51.152,1.52266,1.52322,1.00,2.08
2018.04.18 21:58:51.773,1.52269,1.52322,1.00,2.08
2018.04.18 21:58:52.145,1.52273,1.52327,1.00,1.96
2018.04.18 21:58:52.365,1.52272,1.52327,1.00,1.96
2018.04.18 21:58:53.006,1.52276,1.52327,1.00,2.25
2018.04.18 21:58:53.058,1.52271,1.52327,2.25,1.50
2018.04.18 21:58:53.161,1.5227,1.52326,1.00,1.77
2018.04.18 21:58:53.567,1.52271,1.52326,1.00,1.77
2018.04.18 21:58:53.672,1.52274,1.52327,1.00,1.00
2018.04.18 21:58:54.263,1.52271,1.52326,1.00,1.00
2018.04.18 21:58:54.315,1.52271,1.52324,1.00,1.00
2018.04.18 21:58:54.750,1.52269,1.52324,1.00,2.27
2018.04.18 21:58:55.114,1.52271,1.52324,1.00,2.27
2018.04.18 21:58:55.767,1.52272,1.52322,1.00,1.02
2018.04.18 21:58:56.127,1.52269,1.52322,1.00,1.02
2018.04.18 21:58:56.468,1.52272,1.5232,1.00,1.00
2018.04.18 21:58:56.572,1.52274,1.52324,1.00,1.12
2018.04.18 21:58:57.371,1.52274,1.52326,1.00,1.40
2018.04.18 21:58:57.424,1.5227,1.52325,2.25,1.58
2018.04.18 21:58:57.476,1.52271,1.52322,1.00,1.21
2018.04.18 21:58:57.533,1.52263,1.5232,1.00,1.58
2018.04.18 21:58:57.585,1.52262,1.52317,1.00,1.58
2018.04.18 21:58:57.740,1.5226,1.52317,1.00,2.08
2018.04.18 21:58:58.367,1.52261,1.5231,1.00,1.37
2018.04.18 21:58:58.474,1.52261,1.5231,1.00,1.58
2018.04.18 21:58:59.527,1.52261,1.5231,1.00,1.71
2018.04.18 21:58:59.838,1.52272,1.52308,1.00,1.00
2018.04.18 21:58:59.890,1.52272,1.52323,1.00,1.96
2018.04.18 21:58:59.942,1.52274,1.52323,1.00,1.75
2018.04.18 21:59:00.097,1.52277,1.52331,1.00,1.71
2018.04.18 21:59:00.149,1.5228,1.52332,1.00,1.96
2018.04.18 21:59:00.647,1.52276,1.52325,1.00,1.83
2018.04.18 21:59:00.957,1.52272,1.52322,1.00,1.96
2018.04.18 21:59:01.508,1.52273,1.52323,1.00,1.96
2018.04.18 21:59:01.871,1.5227,1.52311,0.75,0.37
2018.04.18 21:59:02.378,1.52271,1.52311,0.75,0.37
2018.04.18 21:59:02.517,1.52267,1.52307,2.25,0.21
2018.04.18 21:59:02.828,1.52261,1.52298,0.75,0.37
2018.04.18 21:59:03.090,1.5227,1.52309,0.75,0.37
2018.04.18 21:59:03.703,1.52274,1.52309,0.75,0.37
2018.04.18 21:59:04.021,1.52276,1.52309,0.75,0.37
2018.04.18 21:59:04.125,1.52278,1.52314,0.75,0.37
2018.04.18 21:59:04.778,1.52277,1.52314,0.75,0.37
2018.04.18 21:59:06.127,1.52278,1.52314,0.75,0.37
2018.04.18 21:59:06.665,1.52275,1.52314,0.75,0.37
2018.04.18 21:59:06.717,1.52279,1.52314,1.50,0.37
2018.04.18 21:59:07.032,1.52278,1.52319,0.75,0.37
2018.04.18 21:59:08.083,1.52277,1.52319,1.50,0.37
2018.04.18 21:59:08.343,1.52279,1.52319,0.75,0.37
2018.04.18 21:59:08.395,1.52276,1.52319,0.75,0.37
2018.04.18 21:59:08.987,1.52275,1.52319,0.75,0.37
2018.04.18 21:59:09.114,1.52275,1.52316,0.75,0.19
2018.04.18 21:59:09.457,1.52275,1.52312,0.75,0.37
2018.04.18 21:59:10.294,1.52274,1.52319,1.50,0.37
2018.04.18 21:59:10.346,1.52281,1.52319,0.75,0.37
2018.04.18 21:59:10.655,1.52286,1.52319,0.75,0.37
2018.04.18 21:59:10.706,1.52282,1.52319,0.75,0.37
2018.04.18 21:59:10.808,1.5228,1.52319,2.25,0.37
2018.04.18 21:59:11.267,1.52282,1.52319,0.75,0.37
2018.04.18 21:59:11.372,1.5228,1.5232,0.75,0.37
2018.04.18 21:59:11.478,1.52282,1.5232,0.75,0.37
2018.04.18 21:59:11.994,1.52283,1.5232,0.75,0.37
2018.04.18 21:59:12.389,1.52286,1.5232,0.75,0.37
2018.04.18 21:59:12.483,1.52286,1.52323,0.75,0.37
2018.04.18 21:59:13.079,1.52287,1.52323,0.75,0.37
2018.04.18 21:59:13.377,1.52285,1.52323,0.75,0.37
2018.04.18 21:59:14.381,1.52283,1.52323,0.75,0.37
2018.04.18 21:59:15.041,1.52283,1.52325,0.75,0.37
2018.04.18 21:59:15.634,1.52285,1.52325,0.75,0.37
2018.04.18 21:59:15.965,1.52287,1.52325,0.75,0.37
2018.04.18 21:59:16.238,1.52287,1.52327,0.75,0.37
2018.04.18 21:59:17.239,1.52287,1.52326,0.75,0.37
2018.04.18 21:59:17.364,1.52292,1.52326,0.75,0.37
2018.04.18 21:59:17.417,1.52285,1.52326,0.75,0.37
2018.04.18 21:59:17.469,1.5229,1.52326,2.25,0.37
2018.04.18 21:59:17.574,1.52294,1.52343,0.75,0.37
2018.04.18 21:59:17.627,1.52299,1.52343,0.75,0.37
2018.04.18 21:59:18.745,1.52299,1.52342,1.50,0.37
2018.04.18 21:59:19.777,1.52299,1.52341,0.75,0.37
2018.04.18 21:59:20.244,1.52301,1.52341,0.75,0.37
2018.04.18 21:59:20.784,1.523,1.52341,1.50,0.37
2018.04.18 21:59:20.838,1.523,1.52347,1.50,0.37
2018.04.18 21:59:21.635,1.52301,1.52347,0.75,0.37
2018.04.18 21:59:22.190,1.52301,1.52348,0.75,0.37
2018.04.18 21:59:22.483,1.52303,1.52348,0.75,0.37
2018.04.18 21:59:23.141,1.52307,1.52348,0.75,0.37
2018.04.18 21:59:23.192,1.52307,1.52356,0.75,0.37
2018.04.18 21:59:24.088,1.52309,1.52356,0.75,0.37
2018.04.18 21:59:24.295,1.52311,1.52359,0.75,0.37
2018.04.18 21:59:24.811,1.52312,1.52359,0.75,0.37
2018.04.18 21:59:25.138,1.5231,1.52359,0.75,0.37
2018.04.18 21:59:25.953,1.52312,1.52359,0.75,0.37
2018.04.18 21:59:26.109,1.52312,1.52371,0.75,0.75
2018.04.18 21:59:29.205,1.52311,1.52371,0.75,0.75
2018.04.18 21:59:30.622,1.52314,1.52374,0.75,0.75
2018.04.18 21:59:30.954,1.52314,1.52368,0.75,0.37
2018.04.18 21:59:31.673,1.52314,1.52374,0.75,0.75
2018.04.18 21:59:34.663,1.52313,1.52374,0.75,0.75
2018.04.18 21:59:35.739,1.52314,1.52374,0.75,0.94
2018.04.18 21:59:35.975,1.52313,1.5237,0.75,0.37
2018.04.18 21:59:37.022,1.52313,1.52369,0.75,0.37
2018.04.18 21:59:37.978,1.52313,1.52366,0.75,0.37
2018.04.18 21:59:39.041,1.52313,1.52365,0.75,0.37
2018.04.18 21:59:40.041,1.52313,1.52367,0.75,0.37
2018.04.18 21:59:41.088,1.52313,1.52366,0.75,0.37
2018.04.18 21:59:41.242,1.52313,1.52373,0.75,0.75
2018.04.18 21:59:41.799,1.52312,1.52373,0.75,0.75
2018.04.18 21:59:44.612,1.52318,1.52374,0.75,0.40
2018.04.18 21:59:44.666,1.52316,1.52374,0.75,0.37
2018.04.18 21:59:44.822,1.52314,1.52374,0.75,1.12
2018.04.18 21:59:45.224,1.52312,1.52374,0.75,0.37
2018.04.18 21:59:45.815,1.52312,1.52373,0.75,0.37
2018.04.18 21:59:46.487,1.52311,1.52372,0.75,0.75
2018.04.18 21:59:46.589,1.52311,1.5237,0.75,0.37
2018.04.18 21:59:47.590,1.52311,1.52368,0.75,0.37
2018.04.18 21:59:48.645,1.52311,1.52367,0.75,0.37
2018.04.18 21:59:49.645,1.52311,1.52365,0.75,0.37
2018.04.18 21:59:51.368,1.52305,1.52365,0.75,0.37
2018.04.18 21:59:51.869,1.52304,1.52366,0.75,0.37
2018.04.18 21:59:52.651,1.52304,1.52367,0.75,0.37
2018.04.18 21:59:53.423,1.52305,1.52367,0.75,0.58
2018.04.18 21:59:54.046,1.52305,1.52362,0.75,0.37
2018.04.18 21:59:56.345,1.52303,1.52362,0.75,0.37
2018.04.18 21:59:57.334,1.52302,1.52362,0.75,0.37
2018.04.18 21:59:57.956,1.52302,1.52364,0.75,0.37
2018.04.18 21:59:58.486,1.52303,1.52364,0.75,0.37
2018.04.18 21:59:58.958,1.52302,1.52361,0.75,0.37
2018.04.18 21:59:59.785,1.52305,1.52361,0.75,0.37
2018.04.18 21:59:59.837,1.52299,1.52361,1.50,0.37
2018.04.18 21:59:59.941,1.52299,1.52364,1.50,0.37
