2012.12.24 19:00:02.739,1.36767,1.36815,1.50,1.13
2012.12.24 19:00:03.442,1.36767,1.36816,1.50,1.13
2012.12.24 19:00:11.350,1.36767,1.36816,1.50,1.13
2012.12.24 19:00:13.968,1.36766,1.36816,1.50,1.13
2012.12.24 19:00:14.276,1.36766,1.36818,1.50,1.13
2012.12.24 19:00:14.337,1.36772,1.36818,1.50,1.13
2012.12.24 19:00:14.517,1.36774,1.36824,1.13,2.25
2012.12.24 19:00:15.107,1.36775,1.36824,1.13,2.25
2012.12.24 19:00:15.228,1.36776,1.36824,1.50,1.50
2012.12.24 19:00:19.279,1.36778,1.36828,1.13,1.50
2012.12.24 19:00:19.347,1.36778,1.36828,1.13,1.50
2012.12.24 19:00:19.526,1.36779,1.36828,1.13,1.50
2012.12.24 19:00:31.068,1.36776,1.36824,1.50,1.13
2012.12.24 19:00:34.874,1.36779,1.36828,1.13,1.50
2012.12.24 19:00:35.888,1.36776,1.36823,1.50,1.13
2012.12.24 19:00:47.106,1.36776,1.36826,1.50,1.50
2012.12.24 19:00:47.747,1.36776,1.36823,1.50,1.13
2012.12.24 19:00:47.866,1.36776,1.36822,1.50,1.50
2012.12.24 19:00:47.989,1.36774,1.36819,1.13,1.13
2012.12.24 19:00:48.257,1.36772,1.36818,1.50,1.50
2012.12.24 19:00:48.322,1.36771,1.36818,1.88,1.50
2012.12.24 19:00:48.993,1.36771,1.36818,1.13,1.50
2012.12.24 19:00:51.577,1.36771,1.36821,1.50,1.13
2012.12.24 19:00:52.107,1.3677,1.36825,2.25,1.50
2012.12.24 19:00:55.067,1.36773,1.36825,1.13,1.50
2012.12.24 19:01:21.786,1.36773,1.36824,1.13,2.25
2012.12.24 19:01:22.384,1.36773,1.36821,1.13,1.13
2012.12.24 19:01:23.390,1.36773,1.36824,1.13,1.50
2012.12.24 19:01:35.361,1.36773,1.36824,1.13,1.50
2012.12.24 19:01:35.876,1.36773,1.36821,1.13,1.13
2012.12.24 19:01:45.587,1.36769,1.36821,1.50,1.13
2012.12.24 19:02:08.397,1.36773,1.36825,1.13,1.50
2012.12.24 19:02:08.538,1.36773,1.36826,1.13,1.50
2012.12.24 19:02:11.368,1.36773,1.36821,1.13,1.13
2012.12.24 19:02:11.728,1.36765,1.36808,2.25,1.50
2012.12.24 19:02:12.038,1.3677,1.36808,1.50,1.50
2012.12.24 19:02:28.129,1.3677,1.36808,1.50,1.50
2012.12.24 19:02:31.316,1.3677,1.36808,1.50,1.50
2012.12.24 19:02:31.430,1.3677,1.36808,1.50,1.50
2012.12.24 19:02:31.743,1.3677,1.36808,1.50,1.50
2012.12.24 19:02:33.080,1.3677,1.36808,1.50,1.50
2012.12.24 19:02:33.416,1.3677,1.36808,1.50,1.50
2012.12.24 19:02:34.622,1.36772,1.36808,1.50,1.50
2012.12.24 19:03:08.372,1.36768,1.36808,1.50,1.50
2012.12.24 19:03:21.388,1.36772,1.36808,1.50,1.50
2012.12.24 19:03:21.678,1.36772,1.36808,1.50,1.50
2012.12.24 19:03:21.818,1.36772,1.36808,1.50,1.50
2012.12.24 19:03:22.243,1.36772,1.36808,1.50,1.50
2012.12.24 19:03:37.068,1.36772,1.36811,1.50,1.13
2012.12.24 19:03:41.301,1.36772,1.3681,1.50,1.13
2012.12.24 19:03:41.433,1.36772,1.3681,1.50,1.13
2012.12.24 19:03:49.348,1.36772,1.3681,1.50,1.13
2012.12.24 19:03:51.907,1.36772,1.3681,1.50,1.13
2012.12.24 19:03:52.409,1.36772,1.3681,1.50,1.13
2012.12.24 19:03:52.748,1.36772,1.3681,1.50,1.13
2012.12.24 19:03:52.834,1.36772,1.3681,1.50,1.13
2012.12.24 19:03:55.239,1.36772,1.36811,1.50,1.13
2012.12.24 19:03:55.452,1.36772,1.36811,1.50,1.13
2012.12.24 19:04:01.228,1.36772,1.36811,1.50,1.13
2012.12.24 19:04:05.398,1.36768,1.36811,1.35,1.13
2012.12.24 19:04:07.448,1.36771,1.36811,1.50,1.13
2012.12.24 19:04:08.021,1.36771,1.36811,1.50,1.13
2012.12.24 19:04:16.196,1.36771,1.36811,1.50,1.13
2012.12.24 19:04:29.528,1.36771,1.3681,1.50,1.13
2012.12.24 19:04:33.669,1.36769,1.3681,1.50,1.13
2012.12.24 19:04:34.707,1.36768,1.3681,1.50,1.88
2012.12.24 19:04:35.359,1.36768,1.3681,1.50,1.13
2012.12.24 19:04:35.888,1.36768,1.3681,1.50,1.13
2012.12.24 19:04:43.967,1.36768,1.36809,1.50,1.50
2012.12.24 19:04:50.561,1.36768,1.36809,1.50,1.50
2012.12.24 19:04:51.079,1.36767,1.36809,1.50,1.50
2012.12.24 19:04:51.645,1.36768,1.36809,1.50,1.50
2012.12.24 19:05:04.467,1.36768,1.36809,1.50,1.50
2012.12.24 19:05:33.007,1.36768,1.36809,1.50,1.50
2012.12.24 19:05:38.217,1.36768,1.36808,1.50,1.50
2012.12.24 19:05:38.734,1.36773,1.36808,1.50,1.50
2012.12.24 19:05:39.048,1.36773,1.36808,1.20,1.50
2012.12.24 19:05:39.419,1.3677,1.36808,1.50,1.50
2012.12.24 19:06:00.279,1.36772,1.36808,1.20,1.50
2012.12.24 19:06:00.547,1.36772,1.36808,1.20,1.50
2012.12.24 19:06:01.268,1.36772,1.36808,1.20,1.50
2012.12.24 19:06:15.580,1.36774,1.36809,1.28,2.25
2012.12.24 19:06:15.918,1.36775,1.36809,1.28,2.25
2012.12.24 19:06:20.508,1.36772,1.36809,1.28,1.50
2012.12.24 19:06:20.807,1.36772,1.36809,1.28,1.50
2012.12.24 19:06:21.360,1.36768,1.36809,1.50,2.25
2012.12.24 19:06:21.900,1.36768,1.36809,1.50,1.50
2012.12.24 19:06:21.967,1.36768,1.36809,1.50,1.50
2012.12.24 19:06:31.368,1.36768,1.36809,1.50,1.50
2012.12.24 19:06:31.972,1.36768,1.36809,1.50,1.50
2012.12.24 19:06:32.097,1.36767,1.36809,1.50,1.50
2012.12.24 19:06:35.637,1.36768,1.36809,1.50,2.25
2012.12.24 19:06:35.939,1.36763,1.36807,1.50,1.13
2012.12.24 19:06:36.128,1.36763,1.36809,1.50,1.50
2012.12.24 19:06:36.378,1.36763,1.36809,1.50,1.50
2012.12.24 19:06:40.598,1.36765,1.36809,1.50,1.50
2012.12.24 19:06:41.010,1.36763,1.36809,1.95,1.50
2012.12.24 19:06:41.347,1.36763,1.36809,2.25,1.50
2012.12.24 19:06:46.734,1.36763,1.36809,1.50,1.50
2012.12.24 19:06:54.588,1.36763,1.36809,1.50,1.50
2012.12.24 19:06:55.138,1.36767,1.36809,1.50,1.50
2012.12.24 19:07:04.131,1.36767,1.36809,1.50,1.50
2012.12.24 19:07:04.731,1.36767,1.36809,1.50,1.50
2012.12.24 19:07:09.528,1.36769,1.36809,1.50,1.50
2012.12.24 19:07:22.647,1.36769,1.36809,1.50,1.50
2012.12.24 19:07:50.499,1.36764,1.36809,1.50,1.50
2012.12.24 19:07:52.229,1.36764,1.36809,2.03,1.50
2012.12.24 19:08:19.717,1.36768,1.36809,1.50,1.50
2012.12.24 19:08:35.897,1.36768,1.36811,1.50,1.13
2012.12.24 19:08:36.337,1.3677,1.36811,1.20,1.13
2012.12.24 19:09:09.818,1.3677,1.36809,1.20,1.50
2012.12.24 19:09:10.343,1.3677,1.36809,1.20,1.50
2012.12.24 19:09:11.227,1.3677,1.36809,1.20,1.50
2012.12.24 19:09:11.469,1.36769,1.36809,2.10,1.50
2012.12.24 19:09:11.685,1.36769,1.36809,1.50,1.50
2012.12.24 19:09:12.008,1.36769,1.36809,1.50,1.50
2012.12.24 19:09:12.679,1.36769,1.36809,1.50,1.50
2012.12.24 19:09:41.408,1.36769,1.36809,1.50,1.50
2012.12.24 19:09:41.719,1.36769,1.36809,2.85,1.50
2012.12.24 19:09:41.998,1.36769,1.36809,1.50,1.50
2012.12.24 19:09:42.518,1.36769,1.36809,1.50,1.50
2012.12.24 19:09:45.100,1.36769,1.36809,1.50,1.50
2012.12.24 19:09:51.299,1.36769,1.36809,1.50,1.50
2012.12.24 19:09:51.539,1.36769,1.36809,1.50,1.50
2012.12.24 19:09:57.110,1.36769,1.36806,1.50,1.13
2012.12.24 19:09:57.239,1.36769,1.36804,1.50,1.13
2012.12.24 19:09:57.480,1.36769,1.36808,1.50,1.50
2012.12.24 19:09:57.919,1.36768,1.36808,1.28,1.50
2012.12.24 19:10:12.968,1.36775,1.36808,1.50,1.50
2012.12.24 19:10:13.298,1.36777,1.36808,1.20,1.50
2012.12.24 19:10:13.519,1.36775,1.36808,1.50,1.50
2012.12.24 19:10:13.728,1.36775,1.36808,1.50,1.50
2012.12.24 19:10:13.978,1.36775,1.36808,1.50,1.50
2012.12.24 19:10:14.498,1.36776,1.36808,1.35,1.50
2012.12.24 19:10:14.588,1.36776,1.36808,1.35,1.50
2012.12.24 19:10:14.858,1.36775,1.36808,1.50,1.50
2012.12.24 19:10:21.349,1.36775,1.36808,1.35,1.50
2012.12.24 19:10:25.668,1.36775,1.36808,1.35,1.50
2012.12.24 19:10:35.040,1.36773,1.36808,1.28,1.50
2012.12.24 19:10:35.228,1.36773,1.36808,1.28,1.50
2012.12.24 19:10:36.259,1.36774,1.36808,1.35,1.50
2012.12.24 19:10:41.489,1.3677,1.36808,1.28,1.50
2012.12.24 19:10:41.658,1.3677,1.36808,1.28,1.50
2012.12.24 19:10:41.878,1.3677,1.36808,2.25,1.50
2012.12.24 19:10:42.209,1.36775,1.36808,1.28,1.50
2012.12.24 19:10:42.448,1.36774,1.36808,1.20,1.50
2012.12.24 19:10:42.958,1.36771,1.36808,1.28,1.50
2012.12.24 19:10:43.018,1.36771,1.36808,1.28,1.50
2012.12.24 19:10:43.258,1.36775,1.36808,1.28,1.50
2012.12.24 19:10:43.418,1.36774,1.36808,1.28,1.50
2012.12.24 19:10:43.962,1.36774,1.36808,1.20,1.50
2012.12.24 19:10:44.029,1.36774,1.36808,1.20,1.50
2012.12.24 19:10:44.538,1.36775,1.36808,1.28,1.50
2012.12.24 19:10:45.188,1.36768,1.36808,1.20,1.50
2012.12.24 19:10:51.148,1.36765,1.36808,1.20,1.50
2012.12.24 19:10:51.890,1.36765,1.36808,1.28,1.50
2012.12.24 19:10:58.484,1.36765,1.36809,1.28,1.50
2012.12.24 19:11:01.839,1.36765,1.36809,1.28,1.50
2012.12.24 19:11:12.788,1.36768,1.36809,2.55,1.50
2012.12.24 19:11:13.208,1.36768,1.36809,1.28,1.50
2012.12.24 19:11:13.389,1.36783,1.36809,1.50,1.50
2012.12.24 19:11:13.461,1.36791,1.36812,1.13,1.50
2012.12.24 19:11:13.529,1.36791,1.36816,1.35,1.35
2012.12.24 19:11:13.948,1.36789,1.36814,1.73,1.50
2012.12.24 19:11:14.070,1.36791,1.36827,2.78,1.13
2012.12.24 19:11:14.428,1.36798,1.36827,1.20,1.13
2012.12.24 19:11:15.797,1.36798,1.36827,1.20,1.13
2012.12.24 19:11:16.118,1.36798,1.36829,1.35,1.50
2012.12.24 19:11:16.238,1.36798,1.36833,1.35,1.50
2012.12.24 19:11:16.358,1.36802,1.36833,1.50,1.50
2012.12.24 19:11:21.358,1.36796,1.36833,1.20,1.50
2012.12.24 19:11:21.879,1.36796,1.36834,1.20,1.88
2012.12.24 19:11:21.939,1.36796,1.36833,1.20,1.50
2012.12.24 19:11:22.585,1.36796,1.36833,1.20,1.50
2012.12.24 19:11:26.780,1.36796,1.36831,1.20,1.50
2012.12.24 19:11:27.098,1.36794,1.3683,1.28,1.50
2012.12.24 19:11:27.378,1.36791,1.36828,1.13,1.50
2012.12.24 19:11:27.979,1.36791,1.36825,1.13,1.50
2012.12.24 19:11:29.202,1.36791,1.36825,1.13,1.50
2012.12.24 19:11:29.458,1.36789,1.36824,1.13,1.50
2012.12.24 19:11:29.759,1.36789,1.36827,1.88,1.88
2012.12.24 19:11:30.308,1.36792,1.36827,1.50,1.50
2012.12.24 19:11:30.760,1.3679,1.36826,1.13,1.50
2012.12.24 19:11:31.069,1.36789,1.36826,1.58,1.50
2012.12.24 19:11:31.307,1.36788,1.36824,1.88,1.50
2012.12.24 19:11:32.918,1.36789,1.36825,1.13,1.50
2012.12.24 19:11:36.503,1.36789,1.36824,1.13,1.50
2012.12.24 19:11:36.627,1.36789,1.36822,1.13,1.50
2012.12.24 19:11:38.400,1.36789,1.36825,1.13,1.50
2012.12.24 19:11:38.471,1.36789,1.36825,1.13,1.50
2012.12.24 19:11:38.658,1.36784,1.36819,1.35,1.13
2012.12.24 19:11:38.718,1.36788,1.3682,1.13,1.50
2012.12.24 19:11:38.958,1.36789,1.36823,1.13,1.50
2012.12.24 19:11:39.208,1.36788,1.36822,1.13,1.50
2012.12.24 19:11:52.603,1.36787,1.36808,1.35,1.13
2012.12.24 19:11:52.676,1.36768,1.36808,1.50,1.13
2012.12.24 19:12:05.706,1.36765,1.36808,1.13,1.13
2012.12.24 19:12:05.842,1.36763,1.36805,1.50,1.13
2012.12.24 19:12:07.188,1.36764,1.36805,1.50,1.88
2012.12.24 19:12:11.851,1.36764,1.36805,1.50,1.88
2012.12.24 19:12:11.920,1.36756,1.36794,1.28,1.50
2012.12.24 19:12:11.988,1.36755,1.36794,1.28,1.50
2012.12.24 19:12:12.228,1.36756,1.36793,1.28,1.50
2012.12.24 19:12:12.349,1.36754,1.3679,1.95,1.50
2012.12.24 19:12:14.257,1.36754,1.36792,1.50,1.50
2012.12.24 19:12:14.999,1.36754,1.36795,1.50,1.50
2012.12.24 19:12:15.070,1.36759,1.36798,1.13,1.50
2012.12.24 19:12:21.358,1.36761,1.36798,1.13,1.50
2012.12.24 19:12:21.426,1.36761,1.36801,1.13,1.50
2012.12.24 19:12:36.189,1.36761,1.36804,1.13,1.88
2012.12.24 19:12:36.249,1.36761,1.36804,1.13,1.88
2012.12.24 19:12:36.758,1.36764,1.36804,1.13,1.50
2012.12.24 19:12:46.638,1.36764,1.36804,1.13,1.50
2012.12.24 19:12:48.368,1.36764,1.36804,1.13,1.50
2012.12.24 19:12:48.547,1.36764,1.36804,1.13,1.50
2012.12.24 19:12:51.348,1.36764,1.36804,1.73,1.50
2012.12.24 19:12:51.430,1.36764,1.36804,1.73,1.50
2012.12.24 19:12:51.708,1.36767,1.36804,1.20,1.50
2012.12.24 19:12:58.858,1.36764,1.36804,1.13,1.50
2012.12.24 19:13:01.418,1.36764,1.36804,1.13,1.50
2012.12.24 19:13:01.718,1.36763,1.36805,1.13,1.50
2012.12.24 19:13:04.712,1.36763,1.36805,1.13,1.50
2012.12.24 19:13:14.288,1.36763,1.36804,1.13,1.50
2012.12.24 19:13:33.169,1.36763,1.36804,1.13,1.50
2012.12.24 19:13:59.709,1.36764,1.36807,1.13,1.88
2012.12.24 19:14:00.219,1.36763,1.36807,1.13,1.88
2012.12.24 19:14:01.693,1.36763,1.36808,1.13,1.13
2012.12.24 19:14:14.308,1.36757,1.36804,1.50,1.50
2012.12.24 19:14:30.138,1.3676,1.36804,1.50,2.25
2012.12.24 19:14:41.488,1.36762,1.36803,1.50,1.50
2012.12.24 19:14:42.069,1.36763,1.36804,1.13,1.50
2012.12.24 19:14:48.668,1.36759,1.36803,1.50,2.25
2012.12.24 19:14:48.998,1.36759,1.368,1.50,1.50
2012.12.24 19:14:49.058,1.36757,1.368,2.25,1.50
2012.12.24 19:14:51.266,1.36757,1.36803,2.25,2.25
2012.12.24 19:14:51.708,1.36759,1.36802,1.50,1.50
2012.12.24 19:14:52.270,1.36762,1.36802,1.50,1.50
2012.12.24 19:14:53.349,1.36762,1.368,1.50,1.50
2012.12.24 19:14:53.659,1.36753,1.36789,1.35,1.50
2012.12.24 19:14:53.900,1.36744,1.36787,1.50,1.50
2012.12.24 19:14:54.425,1.36744,1.36786,1.50,1.50
2012.12.24 19:14:56.206,1.36744,1.36785,1.50,1.50
2012.12.24 19:14:56.389,1.36744,1.36791,2.25,1.50
2012.12.24 19:14:56.690,1.36749,1.36791,1.50,1.50
2012.12.24 19:15:03.280,1.36754,1.36794,1.13,1.50
2012.12.24 19:15:03.349,1.36754,1.36799,1.13,1.50
2012.12.24 19:15:03.945,1.36757,1.36799,1.50,1.50
2012.12.24 19:15:13.841,1.36757,1.36795,1.50,1.50
2012.12.24 19:15:14.090,1.36753,1.36795,1.13,2.25
2012.12.24 19:15:14.219,1.36753,1.36793,1.13,1.50
2012.12.24 19:15:21.787,1.36753,1.36795,1.13,2.25
2012.12.24 19:15:23.309,1.36753,1.36794,1.13,1.50
2012.12.24 19:15:27.220,1.36753,1.36795,1.13,2.25
2012.12.24 19:15:31.329,1.3675,1.36794,1.50,1.50
2012.12.24 19:15:36.038,1.36751,1.36795,1.50,2.25
2012.12.24 19:15:39.069,1.36751,1.36794,1.50,1.50
2012.12.24 19:15:39.628,1.36742,1.36793,1.50,2.25
2012.12.24 19:15:39.959,1.36742,1.36793,1.50,2.25
2012.12.24 19:15:44.069,1.36746,1.36792,1.50,1.50
2012.12.24 19:15:50.289,1.36752,1.36794,1.50,2.25
2012.12.24 19:15:50.490,1.36752,1.368,3.00,1.50
2012.12.24 19:15:50.559,1.36754,1.368,1.50,1.50
2012.12.24 19:15:51.139,1.36754,1.368,1.50,2.25
2012.12.24 19:15:51.319,1.36754,1.368,1.50,1.50
2012.12.24 19:15:51.499,1.36753,1.368,1.50,1.50
2012.12.24 19:15:54.740,1.36753,1.36795,1.50,1.50
2012.12.24 19:15:54.808,1.3675,1.36795,2.25,2.25
2012.12.24 19:15:55.058,1.3675,1.36794,1.50,1.50
2012.12.24 19:15:57.050,1.36752,1.36792,1.50,1.50
2012.12.24 19:16:20.789,1.3675,1.36794,1.50,2.25
2012.12.24 19:16:29.249,1.3675,1.36793,1.50,1.13
2012.12.24 19:16:29.779,1.3675,1.3679,1.13,1.50
2012.12.24 19:16:30.295,1.36748,1.36791,1.13,1.50
2012.12.24 19:16:31.029,1.36748,1.36788,1.13,1.50
2012.12.24 19:16:31.270,1.36748,1.36789,1.13,1.50
2012.12.24 19:16:31.340,1.36747,1.36789,1.13,1.50
2012.12.24 19:16:31.529,1.36748,1.36788,1.13,1.50
2012.12.24 19:16:31.830,1.36748,1.36792,1.13,1.50
2012.12.24 19:16:32.139,1.36745,1.36788,1.13,2.25
2012.12.24 19:16:32.681,1.36745,1.36786,1.13,1.50
2012.12.24 19:16:35.178,1.36747,1.36786,1.13,1.50
2012.12.24 19:16:35.529,1.36747,1.36786,1.50,1.50
2012.12.24 19:16:36.099,1.3675,1.36793,1.50,1.50
2012.12.24 19:17:02.910,1.3675,1.36786,1.50,1.50
2012.12.24 19:17:04.290,1.3675,1.36786,1.50,1.50
2012.12.24 19:17:58.259,1.36742,1.36793,1.20,2.85
2012.12.24 19:18:04.309,1.36742,1.36794,1.58,1.50
2012.12.24 19:18:29.258,1.36741,1.36794,1.13,1.50
2012.12.24 19:18:36.689,1.36742,1.36794,1.50,1.50
2012.12.24 19:18:54.490,1.3675,1.36795,1.99,1.50
2012.12.24 19:18:54.719,1.3675,1.36795,1.99,1.50
2012.12.24 19:19:01.898,1.36748,1.36793,1.13,1.50
2012.12.24 19:19:03.729,1.36748,1.36793,1.13,2.25
2012.12.24 19:19:03.919,1.36748,1.36793,1.13,1.50
2012.12.24 19:19:04.293,1.3675,1.36793,1.54,2.25
2012.12.24 19:19:04.480,1.36747,1.36793,1.88,2.63
2012.12.24 19:19:04.669,1.3675,1.36793,1.88,1.13
2012.12.24 19:19:04.979,1.3675,1.36797,1.88,1.50
2012.12.24 19:19:05.130,1.3675,1.36798,1.88,1.50
2012.12.24 19:19:21.571,1.36754,1.36797,1.24,1.50
2012.12.24 19:19:22.119,1.36756,1.36805,2.25,1.50
2012.12.24 19:19:25.748,1.36766,1.36803,2.31,1.50
2012.12.24 19:19:26.049,1.36793,1.3682,1.13,1.28
2012.12.24 19:19:26.410,1.36793,1.36818,1.88,1.35
2012.12.24 19:19:26.719,1.36793,1.36822,1.88,1.35
2012.12.24 19:19:26.944,1.36793,1.36827,1.88,1.20
2012.12.24 19:19:27.190,1.36793,1.36828,1.88,1.50
2012.12.24 19:19:27.411,1.36793,1.36829,1.13,1.50
2012.12.24 19:19:27.780,1.36793,1.36829,1.13,1.50
2012.12.24 19:19:28.319,1.36793,1.36828,1.13,2.03
2012.12.24 19:19:29.992,1.36787,1.36813,1.73,1.13
2012.12.24 19:19:30.260,1.3677,1.36811,2.93,1.50
2012.12.24 19:19:30.331,1.3677,1.36806,1.13,1.50
2012.12.24 19:19:30.690,1.36765,1.36806,1.50,1.50
2012.12.24 19:19:31.025,1.36762,1.36806,1.50,1.50
2012.12.24 19:19:31.291,1.36762,1.36805,1.50,1.50
2012.12.24 19:19:39.891,1.36762,1.36804,1.50,1.50
2012.12.24 19:19:46.290,1.36762,1.36798,1.50,1.50
2012.12.24 19:19:46.420,1.36752,1.36796,2.63,1.50
2012.12.24 19:19:46.490,1.3675,1.36795,1.13,1.13
2012.12.24 19:19:46.800,1.3675,1.36793,1.13,1.13
2012.12.24 19:19:47.429,1.3675,1.36793,1.13,1.13
2012.12.24 19:19:49.709,1.36751,1.36795,1.88,1.50
2012.12.24 19:19:49.948,1.36751,1.36795,2.25,1.50
2012.12.24 19:19:50.008,1.36753,1.36795,1.13,1.50
2012.12.24 19:19:50.463,1.36753,1.36798,1.13,1.88
2012.12.24 19:19:50.530,1.36753,1.36798,1.13,1.88
2012.12.24 19:19:50.780,1.36753,1.36798,1.13,1.13
2012.12.24 19:19:50.971,1.36753,1.36798,1.13,1.13
2012.12.24 19:19:51.322,1.36753,1.36798,1.13,1.88
2012.12.24 19:19:51.841,1.36759,1.36798,1.32,1.13
2012.12.24 19:19:52.090,1.36759,1.36804,1.69,1.35
2012.12.24 19:19:52.280,1.36759,1.36804,1.69,1.35
2012.12.24 19:19:52.692,1.36759,1.36805,1.69,1.50
2012.12.24 19:19:53.949,1.36759,1.36804,1.69,1.50
2012.12.24 19:20:04.341,1.36771,1.36804,1.88,1.50
2012.12.24 19:20:04.680,1.36783,1.36814,1.50,1.35
2012.12.24 19:20:04.749,1.36783,1.36814,1.50,1.35
2012.12.24 19:20:05.264,1.36783,1.36824,1.50,1.50
2012.12.24 19:20:12.989,1.36783,1.36824,1.50,1.50
2012.12.24 19:20:32.839,1.36783,1.36824,1.50,1.50
2012.12.24 19:20:33.239,1.36783,1.36824,1.50,1.50
2012.12.24 19:20:33.479,1.36783,1.36824,1.50,1.50
2012.12.24 19:20:51.791,1.36783,1.36818,1.50,1.50
2012.12.24 19:20:57.252,1.36783,1.36823,1.50,2.25
2012.12.24 19:20:58.960,1.36783,1.36823,2.25,1.50
2012.12.24 19:21:00.820,1.36784,1.36823,1.50,1.50
2012.12.24 19:21:01.368,1.36784,1.36826,1.50,2.25
2012.12.24 19:21:04.158,1.36784,1.36826,1.13,2.25
2012.12.24 19:21:04.971,1.36784,1.36826,1.13,2.25
2012.12.24 19:21:05.132,1.36786,1.36826,1.13,2.25
2012.12.24 19:21:11.140,1.36786,1.36824,1.65,1.50
2012.12.24 19:21:11.849,1.36786,1.36826,1.65,2.25
2012.12.24 19:21:12.209,1.36788,1.36827,1.35,2.25
2012.12.24 19:21:17.350,1.36788,1.36827,1.35,1.50
2012.12.24 19:21:17.959,1.36786,1.36829,1.88,1.13
2012.12.24 19:21:18.279,1.36786,1.36829,1.88,1.13
2012.12.24 19:21:18.464,1.36786,1.36829,1.88,1.13
2012.12.24 19:21:18.552,1.36786,1.36829,1.88,1.13
2012.12.24 19:21:18.804,1.36786,1.36829,1.88,1.13
2012.12.24 19:21:19.131,1.36786,1.36829,1.88,1.13
2012.12.24 19:21:19.338,1.36786,1.36829,1.88,1.13
2012.12.24 19:21:19.579,1.36786,1.36829,1.88,1.13
2012.12.24 19:21:21.347,1.36786,1.36829,1.88,1.13
2012.12.24 19:21:21.899,1.36786,1.36829,1.88,1.13
2012.12.24 19:21:22.429,1.36791,1.36829,1.13,1.13
2012.12.24 19:21:22.492,1.36791,1.36829,1.13,1.13
2012.12.24 19:21:22.739,1.36794,1.36837,1.13,2.41
2012.12.24 19:21:23.038,1.36794,1.36837,1.13,2.41
2012.12.24 19:21:23.340,1.36793,1.36837,1.50,2.41
2012.12.24 19:21:24.179,1.36794,1.36837,1.13,2.41
2012.12.24 19:21:24.749,1.36796,1.36834,1.50,1.50
2012.12.24 19:21:25.140,1.36799,1.36834,1.50,1.50
2012.12.24 19:21:47.830,1.36799,1.36834,1.50,1.50
2012.12.24 19:21:48.678,1.36799,1.36834,1.50,1.50
2012.12.24 19:21:55.920,1.36799,1.36834,1.50,1.50
2012.12.24 19:21:56.240,1.368,1.36834,1.28,1.50
2012.12.24 19:21:58.819,1.368,1.36834,1.28,1.50
2012.12.24 19:22:03.980,1.36802,1.36834,1.50,1.50
2012.12.24 19:22:04.279,1.36804,1.36834,1.20,1.50
2012.12.24 19:22:04.632,1.36802,1.36837,1.20,2.04
2012.12.24 19:22:05.149,1.36802,1.36834,1.50,1.50
2012.12.24 19:22:12.550,1.36801,1.36834,1.50,1.50
2012.12.24 19:22:13.209,1.368,1.36834,1.28,1.50
2012.12.24 19:22:13.528,1.36802,1.36834,1.20,1.73
2012.12.24 19:22:13.907,1.36806,1.36834,1.28,1.73
2012.12.24 19:22:13.972,1.36805,1.36834,1.28,1.73
2012.12.24 19:22:14.141,1.36801,1.36834,1.28,1.73
2012.12.24 19:22:14.449,1.36802,1.36834,2.18,1.73
2012.12.24 19:22:14.582,1.36804,1.36834,1.20,1.73
2012.12.24 19:22:14.789,1.36799,1.36834,1.50,1.73
2012.12.24 19:22:15.719,1.36799,1.36834,1.50,1.73
2012.12.24 19:22:18.470,1.36799,1.36834,1.50,1.73
2012.12.24 19:22:19.198,1.36799,1.36834,1.95,1.73
2012.12.24 19:22:19.971,1.36801,1.36833,2.63,1.73
2012.12.24 19:22:22.299,1.36805,1.36833,1.20,1.73
2012.12.24 19:22:22.676,1.36806,1.36833,1.20,1.73
2012.12.24 19:22:22.739,1.368,1.36833,1.50,1.73
2012.12.24 19:22:25.089,1.368,1.36833,1.50,1.73
2012.12.24 19:22:25.631,1.368,1.36833,1.50,1.73
2012.12.24 19:22:25.759,1.368,1.36833,1.50,1.73
2012.12.24 19:22:26.036,1.368,1.36833,1.50,1.73
2012.12.24 19:22:26.159,1.368,1.36833,1.50,1.73
2012.12.24 19:22:38.159,1.368,1.36833,1.50,1.73
2012.12.24 19:22:38.408,1.368,1.36833,1.50,1.73
2012.12.24 19:22:40.688,1.368,1.36833,1.50,1.73
2012.12.24 19:22:41.008,1.368,1.36833,1.50,1.73
2012.12.24 19:22:41.669,1.368,1.36833,1.50,1.73
2012.12.24 19:22:41.989,1.36801,1.36833,2.25,1.73
2012.12.24 19:22:43.348,1.36807,1.36833,1.35,1.73
2012.12.24 19:22:43.548,1.36803,1.36833,1.20,1.73
2012.12.24 19:22:48.748,1.36803,1.36833,1.20,1.73
2012.12.24 19:22:49.148,1.368,1.36833,4.20,1.73
2012.12.24 19:22:49.419,1.36802,1.36833,1.35,1.73
2012.12.24 19:22:49.658,1.368,1.36833,1.50,1.73
2012.12.24 19:22:49.929,1.36803,1.36833,1.20,1.73
2012.12.24 19:22:50.571,1.368,1.36833,1.50,1.73
2012.12.24 19:22:58.428,1.36804,1.36839,2.03,2.10
2012.12.24 19:22:58.599,1.36804,1.36839,2.03,2.10
2012.12.24 19:22:58.858,1.36804,1.36839,1.50,2.10
2012.12.24 19:22:59.140,1.36804,1.36839,2.10,2.10
2012.12.24 19:23:00.258,1.36809,1.36839,1.35,2.10
2012.12.24 19:23:00.578,1.36804,1.36839,1.50,2.10
2012.12.24 19:23:00.817,1.36804,1.36839,1.50,2.10
2012.12.24 19:23:01.157,1.36804,1.36839,1.95,2.10
2012.12.24 19:23:12.258,1.36804,1.36839,1.50,2.10
2012.12.24 19:23:12.461,1.36804,1.36839,2.10,2.10
2012.12.24 19:23:13.072,1.36804,1.36839,1.50,2.10
2012.12.24 19:23:13.338,1.36804,1.36839,1.50,2.10
2012.12.24 19:23:18.718,1.36804,1.36839,1.95,2.10
2012.12.24 19:23:18.839,1.36804,1.36839,1.95,2.85
2012.12.24 19:23:19.081,1.36805,1.36839,1.20,2.10
2012.12.24 19:23:19.412,1.36805,1.36839,1.20,2.10
2012.12.24 19:23:19.620,1.36807,1.36839,1.50,2.10
2012.12.24 19:23:19.800,1.36807,1.36839,1.50,1.50
2012.12.24 19:23:20.133,1.36812,1.36839,1.20,1.50
2012.12.24 19:23:20.318,1.3681,1.36839,1.20,1.50
2012.12.24 19:23:24.051,1.36807,1.36839,1.50,1.50
2012.12.24 19:23:24.248,1.36808,1.36839,1.20,1.50
2012.12.24 19:23:29.969,1.36807,1.36839,2.03,1.50
2012.12.24 19:23:30.388,1.36808,1.36839,1.20,1.50
2012.12.24 19:23:30.638,1.36808,1.36839,1.20,1.50
2012.12.24 19:23:30.998,1.36804,1.36839,1.50,1.50
2012.12.24 19:23:31.180,1.36804,1.36839,1.50,2.48
2012.12.24 19:23:31.250,1.36804,1.36839,1.50,2.48
2012.12.24 19:23:31.429,1.36802,1.36833,1.50,1.50
2012.12.24 19:23:31.489,1.368,1.36828,1.13,1.50
2012.12.24 19:23:33.889,1.36801,1.36833,1.50,2.25
2012.12.24 19:23:34.400,1.36802,1.36833,1.50,1.50
2012.12.24 19:23:37.321,1.36804,1.36838,1.50,2.25
2012.12.24 19:23:37.712,1.36803,1.3683,1.35,1.50
2012.12.24 19:23:39.640,1.36807,1.36838,1.50,1.50
2012.12.24 19:23:39.818,1.36806,1.36838,1.50,1.50
2012.12.24 19:23:40.060,1.36807,1.36838,1.50,1.50
2012.12.24 19:23:51.009,1.36807,1.36834,1.50,1.13
2012.12.24 19:23:58.729,1.36801,1.36834,1.50,1.13
2012.12.24 19:24:00.039,1.36802,1.36834,1.50,1.13
2012.12.24 19:24:00.160,1.36802,1.36836,1.50,1.13
2012.12.24 19:24:00.230,1.36802,1.36833,1.50,1.50
2012.12.24 19:24:00.350,1.36796,1.36831,1.50,1.50
2012.12.24 19:24:00.816,1.36796,1.36831,1.50,1.50
2012.12.24 19:24:01.166,1.36796,1.36829,2.10,1.50
2012.12.24 19:24:01.229,1.36796,1.36829,2.10,1.50
2012.12.24 19:24:01.410,1.36796,1.36829,2.10,1.50
2012.12.24 19:24:01.925,1.36796,1.36829,1.50,1.50
2012.12.24 19:24:02.110,1.36798,1.36834,1.50,1.50
2012.12.24 19:24:02.229,1.36801,1.36834,1.50,1.50
2012.12.24 19:24:02.859,1.36801,1.36834,1.50,1.50
2012.12.24 19:24:03.434,1.36796,1.36834,2.10,1.50
2012.12.24 19:24:03.829,1.36801,1.36834,1.50,1.50
2012.12.24 19:24:05.289,1.36799,1.36834,1.50,1.50
2012.12.24 19:24:05.529,1.36799,1.36834,1.50,1.50
2012.12.24 19:24:06.048,1.36801,1.36834,1.50,1.50
2012.12.24 19:24:06.671,1.36801,1.36834,1.50,1.50
2012.12.24 19:24:07.018,1.36801,1.36834,1.50,1.50
2012.12.24 19:24:07.568,1.36802,1.36834,1.35,1.50
2012.12.24 19:24:07.688,1.36802,1.36834,1.35,1.50
2012.12.24 19:24:08.028,1.36798,1.36834,1.50,1.50
2012.12.24 19:24:08.579,1.36801,1.36834,2.03,1.50
2012.12.24 19:24:08.990,1.36801,1.36834,1.50,1.50
2012.12.24 19:24:09.048,1.36801,1.36834,1.50,1.50
2012.12.24 19:24:09.578,1.36799,1.36834,1.50,1.50
2012.12.24 19:24:09.809,1.36801,1.36834,1.50,1.50
2012.12.24 19:24:10.119,1.36801,1.36834,1.50,1.50
2012.12.24 19:24:10.586,1.36799,1.36834,1.50,1.50
2012.12.24 19:24:10.808,1.36801,1.36834,1.50,1.50
2012.12.24 19:24:37.720,1.36803,1.36834,1.28,1.50
2012.12.24 19:24:44.799,1.36803,1.36834,1.28,1.50
2012.12.24 19:24:44.981,1.36801,1.36834,1.50,1.50
2012.12.24 19:24:45.050,1.36801,1.36834,1.50,1.50
2012.12.24 19:24:56.132,1.36801,1.36834,1.50,1.50
2012.12.24 19:24:56.439,1.36801,1.36834,1.50,1.50
2012.12.24 19:24:56.498,1.36801,1.36834,2.25,1.50
2012.12.24 19:24:56.709,1.36801,1.36834,2.25,1.50
2012.12.24 19:24:56.898,1.36801,1.36834,1.50,1.50
2012.12.24 19:24:57.019,1.36798,1.36834,1.50,1.50
2012.12.24 19:24:57.395,1.36802,1.36836,1.50,1.13
2012.12.24 19:24:57.470,1.36807,1.36836,1.50,1.13
2012.12.24 19:24:57.539,1.36807,1.36838,1.50,2.25
2012.12.24 19:24:57.719,1.36802,1.36836,2.10,1.13
2012.12.24 19:24:58.050,1.36795,1.36833,1.50,1.50
2012.12.24 19:25:03.172,1.36795,1.36835,1.50,1.50
2012.12.24 19:25:03.511,1.36798,1.36836,1.50,3.00
2012.12.24 19:25:10.115,1.36796,1.36834,1.50,1.50
2012.12.24 19:25:10.186,1.36796,1.36836,1.50,1.13
2012.12.24 19:25:10.253,1.368,1.36836,1.50,1.13
2012.12.24 19:25:10.322,1.368,1.36836,1.50,1.13
2012.12.24 19:25:10.700,1.36802,1.36835,1.50,1.50
2012.12.24 19:25:10.899,1.36802,1.36833,1.50,1.50
2012.12.24 19:25:10.974,1.36801,1.36833,1.50,1.50
2012.12.24 19:25:12.252,1.36801,1.36835,1.50,3.00
2012.12.24 19:25:12.623,1.36801,1.36833,1.50,1.50
2012.12.24 19:25:15.330,1.36802,1.36835,1.50,1.50
2012.12.24 19:25:15.388,1.36802,1.36836,1.50,1.13
2012.12.24 19:25:15.829,1.36802,1.36835,1.50,1.50
2012.12.24 19:25:16.763,1.36804,1.36836,1.50,1.13
2012.12.24 19:25:18.069,1.36802,1.36835,1.50,1.50
2012.12.24 19:25:18.128,1.36802,1.36833,1.50,1.50
2012.12.24 19:25:18.338,1.368,1.36835,1.50,1.50
2012.12.24 19:25:18.721,1.36804,1.36835,1.50,1.95
2012.12.24 19:25:18.849,1.36804,1.36836,1.50,1.13
2012.12.24 19:25:27.591,1.36804,1.36836,1.50,1.13
2012.12.24 19:25:41.199,1.36806,1.36836,1.50,3.08
2012.12.24 19:25:42.578,1.36803,1.36836,1.50,1.13
2012.12.24 19:25:43.308,1.36807,1.36836,1.50,1.13
2012.12.24 19:25:45.599,1.36807,1.36836,1.50,1.13
2012.12.24 19:25:45.718,1.36807,1.36836,1.50,3.15
2012.12.24 19:25:46.439,1.36796,1.36836,1.50,3.90
2012.12.24 19:25:52.140,1.36794,1.36833,1.50,1.50
2012.12.24 19:25:52.270,1.36798,1.36836,1.50,3.90
2012.12.24 19:25:52.568,1.36802,1.36834,1.50,1.50
2012.12.24 19:25:52.688,1.36802,1.36834,1.50,1.50
2012.12.24 19:25:52.869,1.36797,1.36834,1.50,1.50
2012.12.24 19:25:57.559,1.36801,1.36834,1.50,2.25
2012.12.24 19:25:57.619,1.36801,1.36834,2.25,2.25
2012.12.24 19:25:57.879,1.36802,1.36834,1.35,1.50
2012.12.24 19:25:58.195,1.36808,1.36834,1.20,1.50
2012.12.24 19:25:58.259,1.36804,1.36834,1.28,1.50
2012.12.24 19:25:58.649,1.36803,1.36834,2.48,1.50
2012.12.24 19:25:59.179,1.36804,1.36834,1.35,1.50
2012.12.24 19:25:59.239,1.36804,1.36834,1.35,1.50
2012.12.24 19:25:59.299,1.36804,1.36834,1.35,1.50
2012.12.24 19:25:59.809,1.36801,1.36834,1.50,1.50
2012.12.24 19:25:59.989,1.36804,1.36834,1.28,1.50
2012.12.24 19:26:00.249,1.36801,1.36834,1.50,1.50
2012.12.24 19:26:00.549,1.36801,1.36834,1.20,1.50
2012.12.24 19:26:01.131,1.36795,1.36834,1.50,1.50
2012.12.24 19:26:04.573,1.36795,1.36835,1.50,1.50
2012.12.24 19:26:04.880,1.36807,1.36836,1.50,3.00
2012.12.24 19:26:04.999,1.36806,1.36838,1.50,1.50
2012.12.24 19:26:05.309,1.36806,1.36839,1.50,3.00
2012.12.24 19:26:05.879,1.36802,1.36836,1.88,2.40
2012.12.24 19:26:13.700,1.36801,1.36834,1.50,1.50
2012.12.24 19:26:35.709,1.36801,1.36833,1.50,1.50
2012.12.24 19:26:35.768,1.36801,1.36834,1.50,1.50
2012.12.24 19:26:35.950,1.368,1.36834,1.50,2.25
2012.12.24 19:26:36.486,1.36801,1.36834,1.50,1.50
2012.12.24 19:26:36.549,1.36799,1.36833,1.50,1.50
2012.12.24 19:26:37.280,1.36793,1.36833,1.73,2.70
2012.12.24 19:26:38.139,1.36797,1.36833,1.50,1.50
2012.12.24 19:26:46.153,1.36806,1.36836,1.50,2.33
2012.12.24 19:26:46.402,1.36806,1.36839,1.88,1.50
2012.12.24 19:26:46.529,1.36814,1.36844,1.13,1.50
2012.12.24 19:26:47.080,1.36814,1.36845,1.13,1.50
2012.12.24 19:26:47.239,1.36814,1.36845,1.13,1.50
2012.12.24 19:26:47.741,1.36814,1.36845,1.58,1.50
2012.12.24 19:26:48.180,1.36814,1.36845,1.73,1.50
2012.12.24 19:26:48.568,1.36815,1.36845,1.28,1.50
2012.12.24 19:26:48.989,1.36814,1.36845,1.13,1.50
2012.12.24 19:26:51.430,1.36816,1.36845,1.28,1.50
2012.12.24 19:26:51.779,1.36819,1.36845,1.20,1.50
2012.12.24 19:26:52.378,1.36823,1.36845,1.28,1.50
2012.12.24 19:27:09.779,1.36823,1.36845,1.28,1.50
2012.12.24 19:27:10.060,1.36814,1.36845,1.13,1.50
2012.12.24 19:27:10.239,1.36814,1.36845,1.13,1.50
2012.12.24 19:27:10.549,1.36817,1.36845,1.20,1.50
2012.12.24 19:27:10.889,1.36818,1.36845,1.28,1.50
2012.12.24 19:27:10.949,1.36814,1.36845,1.58,1.50
2012.12.24 19:27:15.209,1.36814,1.36845,1.20,1.50
2012.12.24 19:27:15.722,1.36814,1.36845,1.20,1.50
2012.12.24 19:27:18.200,1.36814,1.36845,1.20,1.50
2012.12.24 19:27:18.333,1.36814,1.36845,1.20,1.50
2012.12.24 19:27:18.660,1.36814,1.36845,1.20,1.50
2012.12.24 19:27:18.879,1.36814,1.36845,1.20,1.50
2012.12.24 19:27:20.020,1.36814,1.36845,1.20,1.50
2012.12.24 19:27:22.249,1.36813,1.36845,1.65,1.50
2012.12.24 19:27:26.330,1.36817,1.36845,1.28,1.50
2012.12.24 19:27:35.010,1.36817,1.36845,1.28,1.50
2012.12.24 19:27:35.489,1.36811,1.36838,1.35,1.50
2012.12.24 19:27:35.549,1.36805,1.36838,1.28,2.25
2012.12.24 19:27:35.610,1.36805,1.36836,1.28,2.10
2012.12.24 19:27:35.873,1.36802,1.36836,1.20,2.10
2012.12.24 19:27:36.000,1.36797,1.36836,1.88,2.85
2012.12.24 19:27:36.319,1.368,1.36836,1.35,2.10
2012.12.24 19:27:37.235,1.36803,1.36838,1.50,2.25
2012.12.24 19:27:37.361,1.36803,1.36839,1.73,1.50
2012.12.24 19:27:37.670,1.36813,1.3684,1.50,1.13
2012.12.24 19:27:38.119,1.36813,1.3684,1.50,1.13
2012.12.24 19:27:38.370,1.36813,1.3684,2.03,1.13
2012.12.24 19:27:38.500,1.36813,1.3684,1.28,1.13
2012.12.24 19:27:38.561,1.36813,1.3684,1.28,1.13
2012.12.24 19:27:38.630,1.36813,1.3684,1.35,1.13
2012.12.24 19:27:38.785,1.36813,1.3684,1.35,1.13
2012.12.24 19:27:39.389,1.36809,1.36838,1.35,1.50
2012.12.24 19:27:40.332,1.36809,1.36836,1.35,1.13
2012.12.24 19:27:40.580,1.3681,1.36832,1.35,1.50
2012.12.24 19:27:40.868,1.36805,1.36832,1.28,1.50
2012.12.24 19:27:41.180,1.36797,1.36829,1.28,1.50
2012.12.24 19:27:41.300,1.36801,1.36834,1.50,1.88
2012.12.24 19:27:41.359,1.36801,1.36834,1.50,1.88
2012.12.24 19:27:41.669,1.36801,1.36833,1.20,1.50
2012.12.24 19:27:41.970,1.36805,1.36833,1.20,1.50
2012.12.24 19:27:45.249,1.36804,1.36833,1.28,1.50
2012.12.24 19:27:45.398,1.36803,1.36833,1.28,1.50
2012.12.24 19:27:45.584,1.36798,1.36828,1.35,1.50
2012.12.24 19:27:45.969,1.36795,1.36828,1.20,1.50
2012.12.24 19:27:47.561,1.36797,1.36832,1.50,1.50
2012.12.24 19:27:49.145,1.36797,1.36834,1.50,1.13
2012.12.24 19:27:49.210,1.36797,1.36834,1.50,1.13
2012.12.24 19:27:49.749,1.36802,1.36834,1.50,1.13
2012.12.24 19:27:50.310,1.36802,1.36834,1.50,1.13
2012.12.24 19:27:50.874,1.36802,1.36834,1.50,1.13
2012.12.24 19:27:51.379,1.36801,1.36834,1.50,1.13
2012.12.24 19:27:54.689,1.36802,1.36834,1.50,1.13
2012.12.24 19:27:54.990,1.36796,1.36834,1.50,1.13
2012.12.24 19:27:57.010,1.36796,1.36834,1.50,1.13
2012.12.24 19:27:57.319,1.36797,1.36834,1.50,1.13
2012.12.24 19:27:57.379,1.36797,1.36834,1.50,1.13
2012.12.24 19:27:57.709,1.36797,1.36834,1.50,1.13
2012.12.24 19:27:58.010,1.36801,1.36834,1.50,1.13
2012.12.24 19:27:58.129,1.36803,1.36834,2.40,1.13
2012.12.24 19:27:58.369,1.36801,1.36834,1.50,1.13
2012.12.24 19:27:58.490,1.36796,1.36834,1.50,1.13
2012.12.24 19:27:58.609,1.36795,1.36834,1.50,1.13
2012.12.24 19:27:58.879,1.36796,1.36834,1.50,1.13
2012.12.24 19:27:59.219,1.36796,1.36834,3.15,1.13
2012.12.24 19:27:59.520,1.368,1.36834,2.55,1.13
2012.12.24 19:27:59.579,1.368,1.36834,1.28,1.13
2012.12.24 19:27:59.759,1.36797,1.36834,1.28,1.13
2012.12.24 19:27:59.879,1.36797,1.36834,1.20,1.13
2012.12.24 19:28:00.748,1.36796,1.36834,1.50,1.13
2012.12.24 19:28:04.960,1.36796,1.36834,1.50,1.13
2012.12.24 19:28:05.419,1.36799,1.36834,2.33,1.13
2012.12.24 19:28:05.639,1.36796,1.36834,1.50,1.13
2012.12.24 19:28:05.859,1.36796,1.36834,1.50,1.13
2012.12.24 19:28:06.198,1.36802,1.36834,1.28,1.13
2012.12.24 19:28:06.362,1.36799,1.36834,1.28,1.13
2012.12.24 19:28:06.489,1.36796,1.36834,1.50,1.13
2012.12.24 19:28:06.689,1.36796,1.36834,1.50,1.13
2012.12.24 19:28:07.053,1.36804,1.36834,1.35,1.13
2012.12.24 19:28:07.128,1.36803,1.36834,1.35,1.13
2012.12.24 19:28:07.490,1.36796,1.36834,1.50,1.13
2012.12.24 19:28:07.739,1.36796,1.36834,1.50,1.13
2012.12.24 19:28:07.919,1.36796,1.36834,2.03,1.13
2012.12.24 19:28:11.909,1.36792,1.36834,1.50,1.13
2012.12.24 19:28:12.299,1.36792,1.36834,1.50,1.13
2012.12.24 19:28:13.620,1.36792,1.36834,1.50,1.13
2012.12.24 19:28:13.899,1.36792,1.36834,1.50,1.13
2012.12.24 19:28:20.280,1.36792,1.36834,1.50,1.13
2012.12.24 19:28:25.309,1.36792,1.36834,1.50,1.13
2012.12.24 19:28:25.440,1.36795,1.36836,1.50,1.13
2012.12.24 19:28:25.749,1.36796,1.36836,1.50,1.13
2012.12.24 19:28:26.069,1.36796,1.36836,3.60,1.13
2012.12.24 19:28:26.308,1.36798,1.36836,1.35,1.13
2012.12.24 19:28:31.929,1.36796,1.36829,1.50,1.50
2012.12.24 19:28:32.069,1.36793,1.36829,1.50,1.50
2012.12.24 19:28:32.809,1.36796,1.36829,1.50,1.50
2012.12.24 19:28:33.349,1.36791,1.36829,1.13,1.50
2012.12.24 19:28:33.483,1.36791,1.36836,1.88,1.13
2012.12.24 19:28:34.007,1.36791,1.36836,1.88,1.13
2012.12.24 19:28:34.380,1.36792,1.36836,1.28,1.13
2012.12.24 19:28:36.129,1.36792,1.36836,1.28,1.13
2012.12.24 19:28:36.369,1.36792,1.36836,1.28,1.13
2012.12.24 19:28:36.928,1.36792,1.36836,1.28,1.13
2012.12.24 19:28:40.379,1.36792,1.36836,1.28,1.13
2012.12.24 19:28:52.100,1.36792,1.36836,1.28,1.13
2012.12.24 19:28:52.599,1.36796,1.36836,1.50,1.13
2012.12.24 19:28:52.930,1.368,1.36836,1.35,1.13
2012.12.24 19:28:53.270,1.36804,1.36836,2.10,1.13
2012.12.24 19:28:53.661,1.36803,1.36836,1.35,1.13
2012.12.24 19:28:53.780,1.36796,1.36836,1.50,1.13
2012.12.24 19:28:53.840,1.36796,1.36836,1.50,1.13
2012.12.24 19:28:54.369,1.36796,1.36836,1.50,1.13
2012.12.24 19:28:54.701,1.36796,1.36836,1.50,1.13
2012.12.24 19:28:55.779,1.36797,1.36838,2.03,1.50
2012.12.24 19:28:55.899,1.36801,1.3684,1.20,1.50
2012.12.24 19:28:56.259,1.36801,1.36838,2.55,1.88
2012.12.24 19:29:07.409,1.36805,1.36838,1.20,1.88
2012.12.24 19:29:12.539,1.36805,1.36838,1.20,1.88
2012.12.24 19:29:12.628,1.36805,1.36838,1.20,1.88
2012.12.24 19:29:14.743,1.36805,1.36838,1.20,1.50
2012.12.24 19:29:14.930,1.36801,1.36835,1.50,1.50
2012.12.24 19:29:15.159,1.36801,1.36833,1.50,1.50
2012.12.24 19:29:21.053,1.36801,1.36833,1.50,1.50
2012.12.24 19:29:21.453,1.36801,1.36838,1.50,1.50
2012.12.24 19:29:21.811,1.368,1.36834,1.50,1.50
2012.12.24 19:29:22.580,1.36801,1.36832,1.50,1.50
2012.12.24 19:29:23.340,1.36801,1.36836,1.50,1.50
2012.12.24 19:29:30.961,1.36801,1.36836,1.50,1.50
2012.12.24 19:29:31.055,1.36801,1.36836,1.50,1.50
2012.12.24 19:29:31.219,1.36801,1.36833,1.50,1.50
2012.12.24 19:29:32.561,1.36801,1.36832,1.50,1.50
2012.12.24 19:29:33.310,1.36801,1.36835,1.50,1.50
2012.12.24 19:29:41.050,1.36801,1.36835,1.50,1.50
2012.12.24 19:29:41.229,1.36801,1.36837,1.50,1.50
2012.12.24 19:29:41.851,1.36801,1.36835,1.50,1.50
2012.12.24 19:29:51.047,1.36801,1.36835,1.50,1.50
2012.12.24 19:29:51.461,1.36801,1.36836,1.50,1.50
2012.12.24 19:29:51.901,1.36801,1.36837,1.50,1.50
2012.12.24 19:29:53.012,1.36801,1.36837,1.50,1.50
2012.12.24 19:29:53.270,1.368,1.36839,2.03,1.50
2012.12.24 19:30:01.154,1.368,1.36839,1.50,1.50
2012.12.24 19:30:11.058,1.368,1.36839,1.50,1.50
2012.12.24 19:30:11.258,1.36801,1.36836,1.50,1.50
2012.12.24 19:30:12.230,1.36801,1.36839,1.50,2.25
2012.12.24 19:30:18.361,1.36797,1.3684,1.13,1.50
2012.12.24 19:30:18.520,1.36799,1.3684,1.28,1.50
2012.12.24 19:30:18.831,1.36798,1.36838,1.28,1.50
2012.12.24 19:30:19.311,1.36798,1.36836,1.35,1.50
2012.12.24 19:30:19.515,1.36798,1.3684,1.35,2.25
2012.12.24 19:30:20.124,1.36801,1.36837,1.28,1.50
2012.12.24 19:30:20.593,1.36801,1.36838,1.28,1.50
2012.12.24 19:30:20.992,1.36801,1.36838,1.28,1.50
2012.12.24 19:30:21.301,1.36802,1.3684,1.28,1.50
2012.12.24 19:30:21.495,1.36802,1.3684,1.28,2.25
2012.12.24 19:30:21.710,1.36803,1.3684,1.28,1.50
2012.12.24 19:30:26.182,1.36803,1.36835,1.28,1.50
2012.12.24 19:30:26.312,1.36803,1.36835,1.50,1.50
2012.12.24 19:30:27.410,1.36799,1.36837,1.50,1.50
2012.12.24 19:30:29.261,1.36801,1.36838,1.50,1.50
2012.12.24 19:30:29.510,1.36801,1.36836,1.50,1.50
2012.12.24 19:30:30.380,1.36801,1.36839,1.50,2.25
2012.12.24 19:30:30.997,1.36799,1.36839,1.50,2.85
2012.12.24 19:30:32.041,1.36801,1.36834,1.50,1.50
2012.12.24 19:30:32.778,1.36799,1.36833,1.50,1.50
2012.12.24 19:30:32.900,1.36801,1.36833,1.50,1.50
2012.12.24 19:30:33.211,1.36801,1.36831,1.50,1.50
2012.12.24 19:30:41.091,1.36801,1.36833,1.50,1.50
2012.12.24 19:30:51.102,1.36801,1.36831,1.50,1.50
2012.12.24 19:31:01.032,1.36801,1.36833,1.50,1.50
2012.12.24 19:31:02.746,1.36801,1.36833,1.50,1.50
2012.12.24 19:31:03.144,1.36801,1.36833,1.50,1.50
2012.12.24 19:31:05.551,1.36801,1.36834,1.50,1.50
2012.12.24 19:31:06.162,1.368,1.36833,1.50,1.50
2012.12.24 19:31:06.437,1.36801,1.36833,1.50,1.50
2012.12.24 19:31:06.661,1.368,1.36833,1.50,1.50
2012.12.24 19:31:11.090,1.368,1.36832,1.50,1.50
2012.12.24 19:31:21.110,1.368,1.36832,1.50,1.50
2012.12.24 19:31:21.431,1.36801,1.36833,1.50,1.50
2012.12.24 19:31:21.971,1.36801,1.36836,1.50,1.50
2012.12.24 19:31:28.555,1.36801,1.36839,1.50,3.23
2012.12.24 19:31:31.310,1.36801,1.36833,1.20,1.50
2012.12.24 19:31:33.319,1.36798,1.36835,1.35,1.50
2012.12.24 19:31:35.831,1.368,1.36839,1.20,3.68
2012.12.24 19:31:37.678,1.368,1.36837,1.20,1.50
2012.12.24 19:31:38.539,1.368,1.36839,1.20,3.68
2012.12.24 19:31:38.941,1.368,1.36837,1.20,1.50
2012.12.24 19:31:39.001,1.368,1.36839,1.20,3.68
2012.12.24 19:31:40.427,1.368,1.36834,1.20,1.50
2012.12.24 19:31:41.090,1.36798,1.36834,1.13,1.50
2012.12.24 19:31:50.992,1.36798,1.36834,1.13,1.50
2012.12.24 19:32:11.040,1.36798,1.36834,1.13,1.50
2012.12.24 19:32:11.228,1.36798,1.36832,1.13,1.50
2012.12.24 19:32:12.521,1.36798,1.36833,1.13,1.50
2012.12.24 19:32:13.420,1.36798,1.36832,1.13,1.50
2012.12.24 19:32:13.540,1.36798,1.36834,1.13,1.50
2012.12.24 19:32:13.882,1.36798,1.36832,1.13,1.50
2012.12.24 19:32:14.031,1.36798,1.36833,1.13,1.50
2012.12.24 19:32:21.032,1.36798,1.36833,1.13,1.50
2012.12.24 19:32:21.360,1.36798,1.36834,1.13,1.50
2012.12.24 19:32:29.818,1.36798,1.36836,1.73,1.50
2012.12.24 19:32:30.038,1.36798,1.36835,1.73,1.50
2012.12.24 19:32:31.039,1.36798,1.36835,1.73,1.50
2012.12.24 19:32:41.042,1.36798,1.36835,1.73,1.50
2012.12.24 19:32:51.045,1.36798,1.36835,1.73,1.50
2012.12.24 19:32:51.350,1.36799,1.36836,1.28,2.93
2012.12.24 19:32:55.336,1.36799,1.36833,1.28,1.50
2012.12.24 19:32:59.297,1.36798,1.36833,1.13,1.50
2012.12.24 19:32:59.660,1.36798,1.36835,1.73,1.50
2012.12.24 19:32:59.890,1.36798,1.36833,1.13,1.50
2012.12.24 19:33:00.068,1.36798,1.36835,1.13,1.50
2012.12.24 19:33:00.431,1.36799,1.36836,1.35,2.93
2012.12.24 19:33:00.620,1.36802,1.36833,1.28,1.50
2012.12.24 19:33:01.122,1.36798,1.36834,1.13,1.50
2012.12.24 19:33:01.190,1.36798,1.36836,1.13,1.50
2012.12.24 19:33:01.390,1.36798,1.36833,1.13,1.50
2012.12.24 19:33:17.841,1.36798,1.36834,1.58,1.50
2012.12.24 19:33:21.182,1.36804,1.36834,1.50,1.50
2012.12.24 19:33:21.491,1.36804,1.36834,1.50,1.50
2012.12.24 19:33:21.613,1.36806,1.36836,1.50,1.50
2012.12.24 19:33:22.120,1.36799,1.36838,1.50,2.10
2012.12.24 19:33:22.736,1.36806,1.36838,1.50,2.10
2012.12.24 19:33:23.050,1.36806,1.36838,1.50,2.10
2012.12.24 19:33:23.340,1.36806,1.36838,1.50,2.10
2012.12.24 19:33:23.851,1.36806,1.36838,1.50,2.10
2012.12.24 19:33:24.270,1.36804,1.36838,2.10,1.50
2012.12.24 19:33:24.391,1.36806,1.36839,1.50,1.50
2012.12.24 19:33:24.661,1.36806,1.36839,1.50,1.50
2012.12.24 19:33:30.000,1.368,1.36836,1.28,1.50
2012.12.24 19:33:30.542,1.368,1.36836,1.28,1.50
2012.12.24 19:33:32.641,1.36802,1.36838,1.50,1.50
2012.12.24 19:33:34.682,1.368,1.36836,1.28,1.50
2012.12.24 19:33:35.410,1.36802,1.36836,1.50,1.50
2012.12.24 19:33:36.152,1.36802,1.36836,1.50,1.50
2012.12.24 19:33:36.461,1.36799,1.36836,2.18,1.50
2012.12.24 19:33:36.820,1.36803,1.36836,2.85,1.50
2012.12.24 19:33:36.940,1.36806,1.36836,1.20,1.50
2012.12.24 19:33:37.191,1.36802,1.36836,1.20,1.50
2012.12.24 19:33:37.750,1.36801,1.36836,1.35,1.50
2012.12.24 19:33:37.930,1.36798,1.36836,1.13,1.50
2012.12.24 19:33:41.200,1.36798,1.36834,1.13,1.50
2012.12.24 19:33:41.778,1.36798,1.36834,1.13,1.50
2012.12.24 19:33:42.080,1.36804,1.36834,1.20,1.50
2012.12.24 19:33:42.411,1.36801,1.36834,1.28,1.50
2012.12.24 19:33:42.759,1.36798,1.36834,1.13,1.50
2012.12.24 19:33:42.956,1.36798,1.36834,1.13,1.50
2012.12.24 19:33:47.292,1.36799,1.36834,1.28,1.50
2012.12.24 19:33:47.360,1.36799,1.36834,1.28,1.50
2012.12.24 19:33:47.671,1.36803,1.36834,1.20,1.50
2012.12.24 19:33:47.852,1.368,1.36834,1.28,1.50
2012.12.24 19:33:48.070,1.36798,1.36834,1.13,1.50
2012.12.24 19:33:48.250,1.36798,1.36834,1.13,1.50
2012.12.24 19:33:59.600,1.36801,1.36834,1.73,1.50
2012.12.24 19:34:01.122,1.36807,1.36834,1.28,1.50
2012.12.24 19:34:01.584,1.36797,1.36834,2.48,1.50
2012.12.24 19:34:01.766,1.36797,1.36834,1.88,1.50
2012.12.24 19:34:02.317,1.36797,1.36834,1.88,1.50
2012.12.24 19:34:04.660,1.36797,1.36834,1.88,1.50
2012.12.24 19:34:05.175,1.36797,1.36834,1.88,1.50
2012.12.24 19:34:05.649,1.36802,1.36834,1.20,1.50
2012.12.24 19:34:05.725,1.36802,1.36834,1.20,1.50
2012.12.24 19:34:11.020,1.36797,1.36834,2.33,1.50
2012.12.24 19:34:20.988,1.36797,1.36834,2.33,1.50
2012.12.24 19:34:22.401,1.36797,1.36834,1.88,1.50
2012.12.24 19:34:26.070,1.36797,1.36834,2.33,1.50
2012.12.24 19:34:26.130,1.36797,1.36834,2.33,1.50
2012.12.24 19:34:26.430,1.368,1.36834,2.03,1.50
2012.12.24 19:34:27.660,1.36801,1.36834,2.63,1.50
2012.12.24 19:34:28.572,1.36801,1.36834,1.35,1.50
2012.12.24 19:34:29.770,1.36801,1.36834,3.15,1.50
2012.12.24 19:34:30.310,1.36802,1.36834,1.20,1.50
2012.12.24 19:34:30.640,1.3681,1.36834,1.35,1.50
2012.12.24 19:34:31.021,1.36808,1.36834,1.20,1.50
2012.12.24 19:34:31.200,1.368,1.36834,1.35,1.50
2012.12.24 19:34:31.382,1.368,1.36834,1.35,1.50
2012.12.24 19:34:32.501,1.36801,1.36834,1.35,1.50
2012.12.24 19:34:32.621,1.36801,1.36839,2.10,1.50
2012.12.24 19:34:32.939,1.36805,1.36839,1.35,1.50
2012.12.24 19:34:33.361,1.36801,1.36839,1.50,1.50
2012.12.24 19:34:33.786,1.36806,1.36839,1.35,1.50
2012.12.24 19:34:34.161,1.36801,1.36839,1.50,1.50
2012.12.24 19:34:34.341,1.36801,1.36839,1.50,1.50
2012.12.24 19:34:34.640,1.36801,1.36839,1.50,1.50
2012.12.24 19:34:34.961,1.36804,1.36839,1.35,1.50
2012.12.24 19:34:35.326,1.36801,1.36839,1.50,1.50
2012.12.24 19:34:37.911,1.36799,1.36839,1.50,1.50
2012.12.24 19:34:43.207,1.36799,1.36838,1.50,1.50
2012.12.24 19:34:51.031,1.36799,1.3684,1.50,1.77
2012.12.24 19:35:02.986,1.36798,1.36839,1.13,1.50
2012.12.24 19:35:03.459,1.36797,1.36833,2.25,1.50
2012.12.24 19:35:04.002,1.36802,1.36833,1.50,1.50
2012.12.24 19:35:04.280,1.36797,1.36833,1.50,1.50
2012.12.24 19:35:04.840,1.36802,1.36833,1.50,1.50
2012.12.24 19:35:05.410,1.36802,1.36833,1.50,1.50
2012.12.24 19:35:06.602,1.36802,1.36833,1.50,1.50
2012.12.24 19:35:06.960,1.36799,1.36833,1.20,1.50
2012.12.24 19:35:09.361,1.36802,1.36833,1.50,1.50
2012.12.24 19:35:11.050,1.36802,1.36833,1.50,1.50
2012.12.24 19:35:11.360,1.368,1.36833,1.50,1.50
2012.12.24 19:35:18.750,1.36802,1.36833,1.50,1.50
2012.12.24 19:35:19.080,1.36802,1.36832,1.50,1.50
2012.12.24 19:35:30.959,1.36797,1.36833,1.50,1.50
2012.12.24 19:35:31.660,1.36797,1.36833,1.50,1.50
2012.12.24 19:35:40.998,1.36798,1.36832,1.50,3.33
2012.12.24 19:35:43.314,1.36797,1.36827,2.25,1.50
2012.12.24 19:35:51.062,1.36797,1.36827,2.25,1.50
2012.12.24 19:35:52.380,1.36797,1.36827,2.25,1.50
2012.12.24 19:36:01.143,1.36797,1.36827,1.50,1.50
2012.12.24 19:36:02.947,1.36796,1.36827,1.50,1.50
2012.12.24 19:36:03.711,1.36796,1.36827,1.50,1.50
2012.12.24 19:36:12.156,1.36796,1.36833,1.50,1.13
2012.12.24 19:36:14.380,1.36796,1.36834,1.50,2.00
2012.12.24 19:36:14.741,1.36796,1.36834,1.50,1.62
2012.12.24 19:36:20.621,1.36796,1.36834,2.25,2.37
2012.12.24 19:36:21.111,1.36798,1.36834,1.20,2.75
2012.12.24 19:36:21.754,1.36796,1.36834,3.53,2.75
2012.12.24 19:36:21.960,1.36796,1.36834,2.25,2.75
2012.12.24 19:36:22.391,1.36796,1.36834,2.25,2.75
2012.12.24 19:36:32.451,1.36796,1.36834,2.25,2.75
2012.12.24 19:36:32.511,1.36801,1.36834,1.50,2.37
2012.12.24 19:36:33.422,1.36801,1.36834,1.50,2.37
2012.12.24 19:36:34.095,1.36801,1.36834,1.50,2.37
2012.12.24 19:36:36.430,1.36801,1.36834,1.50,2.37
2012.12.24 19:36:36.791,1.36801,1.36834,1.50,2.37
2012.12.24 19:36:39.470,1.36801,1.36834,1.50,2.37
2012.12.24 19:36:40.031,1.36797,1.36834,1.50,2.37
2012.12.24 19:36:40.393,1.36794,1.36834,1.13,3.87
2012.12.24 19:36:41.051,1.36794,1.36834,1.13,3.87
2012.12.24 19:36:50.191,1.36787,1.36829,1.35,1.50
2012.12.24 19:36:50.262,1.36789,1.36825,1.35,1.50
2012.12.24 19:36:50.662,1.36786,1.36821,1.88,1.50
2012.12.24 19:36:54.561,1.36786,1.36821,1.88,1.50
2012.12.24 19:36:56.981,1.36786,1.36825,1.88,1.50
2012.12.24 19:36:57.100,1.36786,1.36825,1.88,1.50
2012.12.24 19:36:57.401,1.36786,1.36823,1.88,1.50
2012.12.24 19:36:58.941,1.36786,1.36824,1.88,1.50
2012.12.24 19:37:00.383,1.36786,1.36823,1.88,1.50
2012.12.24 19:37:00.641,1.36786,1.36824,1.13,1.50
2012.12.24 19:37:03.180,1.36786,1.36821,1.88,1.50
2012.12.24 19:37:03.540,1.36786,1.36822,1.13,1.50
2012.12.24 19:37:04.151,1.36784,1.36822,1.13,1.50
2012.12.24 19:37:06.911,1.36782,1.36822,1.50,1.50
2012.12.24 19:37:07.221,1.36786,1.3682,1.50,1.50
2012.12.24 19:37:07.414,1.36781,1.36823,1.88,1.50
2012.12.24 19:37:08.021,1.36786,1.36828,1.13,1.50
2012.12.24 19:37:11.621,1.36786,1.36818,1.13,1.50
2012.12.24 19:37:11.961,1.36786,1.36818,1.88,1.50
2012.12.24 19:37:12.321,1.36789,1.36821,1.50,1.50
2012.12.24 19:37:21.071,1.36792,1.36822,1.50,1.50
2012.12.24 19:37:31.193,1.36792,1.36822,1.50,1.50
2012.12.24 19:37:41.854,1.36792,1.36826,1.50,1.50
2012.12.24 19:37:41.921,1.36795,1.36826,1.50,1.50
2012.12.24 19:37:42.101,1.36795,1.36826,1.50,1.50
2012.12.24 19:37:42.521,1.36795,1.36831,2.25,1.50
2012.12.24 19:37:42.852,1.36798,1.36828,1.50,1.50
2012.12.24 19:37:50.997,1.36798,1.36829,1.50,1.50
2012.12.24 19:37:53.671,1.36794,1.36828,1.50,1.50
2012.12.24 19:37:53.872,1.36794,1.36827,1.50,1.50
2012.12.24 19:37:54.374,1.36793,1.36823,1.50,1.50
2012.12.24 19:37:54.970,1.3679,1.36821,1.50,1.50
2012.12.24 19:37:56.490,1.36791,1.36823,1.50,1.50
2012.12.24 19:38:00.998,1.36792,1.36822,1.50,1.50
2012.12.24 19:38:01.363,1.36794,1.36822,1.50,1.50
2012.12.24 19:38:01.491,1.36807,1.3683,1.13,2.70
2012.12.24 19:38:01.671,1.36807,1.3683,1.13,1.28
2012.12.24 19:38:01.915,1.36807,1.36834,1.13,1.50
2012.12.24 19:38:02.130,1.36807,1.36834,1.13,1.50
2012.12.24 19:38:02.542,1.36807,1.36834,1.13,1.50
2012.12.24 19:38:02.762,1.36807,1.36835,1.13,1.50
2012.12.24 19:38:03.622,1.36807,1.36834,1.13,1.50
2012.12.24 19:38:04.851,1.36807,1.36835,1.13,1.50
2012.12.24 19:38:05.046,1.36807,1.36834,1.13,1.50
2012.12.24 19:38:11.791,1.36807,1.36836,1.13,1.50
2012.12.24 19:38:14.181,1.36807,1.36834,1.13,1.50
2012.12.24 19:38:14.944,1.36807,1.36835,1.13,1.50
2012.12.24 19:38:15.462,1.36807,1.36834,1.13,1.50
2012.12.24 19:38:16.595,1.36807,1.36836,1.13,1.50
2012.12.24 19:38:21.045,1.36807,1.36835,1.13,1.50
2012.12.24 19:38:31.081,1.36806,1.36835,1.35,1.50
2012.12.24 19:38:41.227,1.36806,1.36835,1.35,1.50
2012.12.24 19:39:00.970,1.36807,1.36835,1.13,1.50
2012.12.24 19:39:01.416,1.36803,1.36835,1.73,1.50
2012.12.24 19:39:11.101,1.36803,1.36837,1.73,1.50
2012.12.24 19:39:21.131,1.36803,1.36835,1.73,1.50
2012.12.24 19:39:24.171,1.36803,1.36835,1.73,1.50
2012.12.24 19:39:26.931,1.368,1.3684,1.73,1.50
2012.12.24 19:39:37.733,1.36805,1.36837,1.35,1.50
2012.12.24 19:39:38.051,1.36806,1.36837,1.35,1.50
2012.12.24 19:39:40.997,1.36806,1.36837,1.35,1.50
2012.12.24 19:39:44.979,1.36806,1.36837,1.35,1.50
2012.12.24 19:39:54.552,1.36806,1.36837,1.35,1.50
2012.12.24 19:39:55.062,1.36806,1.36835,1.35,1.50
2012.12.24 19:39:56.862,1.36807,1.36837,1.13,1.50
2012.12.24 19:40:11.060,1.36808,1.36838,1.50,1.50
2012.12.24 19:40:21.029,1.36808,1.36838,1.50,1.50
2012.12.24 19:40:31.038,1.36808,1.36838,1.50,1.50
2012.12.24 19:40:51.042,1.36808,1.36838,1.50,1.50
2012.12.24 19:40:54.640,1.36806,1.36838,1.35,1.50
2012.12.24 19:41:01.162,1.36806,1.36838,1.35,1.50
2012.12.24 19:41:06.410,1.36806,1.36839,1.35,1.50
2012.12.24 19:41:08.401,1.36806,1.36835,1.35,1.50
2012.12.24 19:41:27.281,1.36805,1.36834,1.13,2.25
2012.12.24 19:41:29.112,1.36806,1.36833,1.13,1.50
2012.12.24 19:41:29.233,1.36801,1.36833,1.73,1.50
2012.12.24 19:41:29.781,1.368,1.3683,1.13,1.50
2012.12.24 19:41:30.994,1.368,1.3683,1.13,1.50
2012.12.24 19:41:32.202,1.368,1.36834,1.35,1.50
2012.12.24 19:41:32.262,1.36806,1.36834,1.35,1.50
2012.12.24 19:41:32.592,1.36806,1.36834,1.35,1.50
2012.12.24 19:41:38.676,1.36806,1.36835,1.35,1.50
2012.12.24 19:41:39.401,1.36806,1.36835,1.35,1.50
2012.12.24 19:41:41.063,1.36806,1.36834,1.35,1.50
2012.12.24 19:41:41.262,1.36806,1.36834,1.35,1.50
2012.12.24 19:42:09.412,1.36806,1.36835,1.35,1.50
2012.12.24 19:42:22.712,1.36806,1.36835,1.35,1.50
2012.12.24 19:42:23.072,1.36822,1.36842,1.13,2.10
2012.12.24 19:42:23.132,1.36822,1.36842,1.13,2.10
2012.12.24 19:42:26.862,1.36809,1.36841,1.50,1.50
2012.12.24 19:42:26.923,1.36807,1.36837,2.71,1.50
2012.12.24 19:42:26.992,1.36807,1.36837,1.88,1.50
2012.12.24 19:42:51.003,1.36807,1.36833,1.13,1.50
2012.12.24 19:43:01.002,1.36806,1.36834,1.35,1.50
2012.12.24 19:43:01.511,1.36806,1.36833,1.35,1.50
2012.12.24 19:43:02.022,1.36806,1.36833,1.35,1.50
2012.12.24 19:43:02.142,1.36805,1.36832,1.13,1.50
2012.12.24 19:43:05.502,1.36805,1.36832,1.13,1.50
2012.12.24 19:43:06.022,1.36806,1.36834,1.35,1.50
2012.12.24 19:43:16.442,1.36801,1.36834,2.48,2.25
2012.12.24 19:43:16.915,1.36801,1.3683,2.48,1.50
2012.12.24 19:43:17.872,1.36801,1.36832,2.48,1.50
2012.12.24 19:43:21.002,1.36801,1.36832,2.48,1.50
2012.12.24 19:43:29.042,1.36802,1.36832,1.73,1.50
2012.12.24 19:43:32.383,1.36802,1.36832,1.73,2.25
2012.12.24 19:43:32.572,1.36791,1.36823,1.65,1.50
2012.12.24 19:43:32.691,1.36791,1.36822,1.28,1.50
2012.12.24 19:43:40.561,1.3679,1.36819,1.50,1.50
2012.12.24 19:43:40.683,1.36789,1.36819,1.50,1.50
2012.12.24 19:43:41.041,1.36788,1.36818,1.13,1.50
2012.12.24 19:43:51.041,1.36788,1.36818,1.88,1.50
2012.12.24 19:43:54.443,1.36788,1.36813,1.50,1.88
2012.12.24 19:43:54.592,1.36782,1.36813,1.50,1.50
2012.12.24 19:43:54.721,1.36782,1.36813,1.50,1.50
2012.12.24 19:44:09.271,1.36782,1.36813,1.50,1.50
2012.12.24 19:44:09.571,1.36782,1.36813,1.50,1.50
2012.12.24 19:44:10.111,1.3678,1.36812,2.25,1.50
2012.12.24 19:44:10.402,1.36782,1.36813,1.50,1.50
2012.12.24 19:44:10.581,1.3678,1.36812,2.25,1.50
2012.12.24 19:44:10.761,1.36782,1.36813,1.50,1.50
2012.12.24 19:44:11.221,1.36781,1.36813,1.50,1.50
2012.12.24 19:44:14.581,1.36781,1.36816,1.50,1.13
2012.12.24 19:44:14.641,1.36782,1.36817,1.50,1.50
2012.12.24 19:44:14.962,1.36782,1.36821,1.50,1.50
2012.12.24 19:44:16.092,1.36783,1.36823,1.50,2.25
2012.12.24 19:44:21.062,1.36783,1.36823,1.50,2.25
2012.12.24 19:44:21.372,1.36782,1.36818,2.25,1.50
2012.12.24 19:44:21.682,1.36788,1.36818,1.50,1.50
2012.12.24 19:44:28.872,1.36783,1.36818,1.50,1.50
2012.12.24 19:44:29.187,1.36784,1.36818,1.50,1.50
2012.12.24 19:44:31.342,1.36786,1.3682,1.50,1.50
2012.12.24 19:44:41.103,1.36783,1.36823,1.50,2.25
2012.12.24 19:44:43.282,1.3679,1.36822,1.50,1.50
2012.12.24 19:44:51.083,1.36793,1.36823,1.13,1.50
2012.12.24 19:45:00.985,1.36785,1.36823,1.50,2.25
2012.12.24 19:45:01.141,1.36785,1.36819,1.50,1.50
2012.12.24 19:45:05.482,1.36787,1.36819,1.50,1.50
2012.12.24 19:45:06.060,1.36784,1.36819,1.50,1.50
2012.12.24 19:45:11.151,1.36786,1.36818,2.48,1.50
2012.12.24 19:45:11.391,1.3679,1.36821,1.50,1.50
2012.12.24 19:45:21.131,1.36793,1.36823,1.50,1.50
2012.12.24 19:45:31.062,1.36797,1.36827,1.13,1.50
2012.12.24 19:45:39.642,1.36797,1.36827,1.13,1.50
2012.12.24 19:45:40.722,1.36797,1.36827,1.13,1.50
2012.12.24 19:45:42.081,1.36797,1.36827,1.13,1.50
2012.12.24 19:45:42.141,1.36797,1.36829,1.13,2.25
2012.12.24 19:45:42.272,1.36797,1.36827,1.13,1.50
2012.12.24 19:46:08.212,1.36797,1.36827,1.13,1.50
2012.12.24 19:46:21.151,1.36797,1.36827,1.13,1.50
2012.12.24 19:46:36.692,1.3679,1.36829,1.50,1.50
2012.12.24 19:46:41.030,1.3679,1.36828,2.25,1.50
2012.12.24 19:46:57.872,1.36797,1.36829,1.13,1.50
2012.12.24 19:47:00.949,1.36797,1.36829,1.13,2.25
2012.12.24 19:47:11.192,1.36797,1.36829,1.13,2.25
2012.12.24 19:47:20.994,1.36795,1.36827,1.50,1.50
2012.12.24 19:47:27.702,1.36795,1.36827,1.50,1.50
2012.12.24 19:47:55.247,1.36797,1.36828,1.13,1.50
2012.12.24 19:47:55.789,1.36795,1.36827,1.50,1.50
2012.12.24 19:47:59.423,1.36796,1.36828,1.13,1.50
2012.12.24 19:47:59.483,1.36797,1.36829,1.13,1.50
2012.12.24 19:47:59.782,1.36796,1.36826,1.13,1.50
2012.12.24 19:48:09.165,1.36796,1.36826,1.13,1.50
2012.12.24 19:48:19.252,1.36797,1.36828,1.13,1.50
2012.12.24 19:48:25.323,1.36797,1.36831,1.13,2.93
2012.12.24 19:48:25.511,1.36797,1.36829,1.13,1.50
2012.12.24 19:48:25.852,1.36794,1.36826,1.50,1.50
2012.12.24 19:48:26.038,1.36797,1.36829,1.13,1.50
2012.12.24 19:48:32.002,1.36796,1.36826,1.13,1.50
2012.12.24 19:49:08.225,1.3679,1.36821,1.50,1.50
2012.12.24 19:49:08.486,1.36788,1.36825,1.13,1.50
2012.12.24 19:49:08.553,1.36792,1.36828,1.13,2.25
2012.12.24 19:49:08.732,1.36792,1.3682,1.50,1.50
2012.12.24 19:49:08.912,1.36796,1.36828,1.13,2.25
2012.12.24 19:49:09.550,1.36797,1.36828,1.13,1.50
2012.12.24 19:49:10.173,1.36797,1.36828,1.13,1.50
2012.12.24 19:49:30.442,1.36793,1.36828,1.50,1.50
2012.12.24 19:49:30.748,1.36793,1.36828,1.50,1.50
2012.12.24 19:49:31.225,1.36797,1.36828,1.13,1.50
2012.12.24 19:49:31.847,1.36797,1.36828,1.13,2.25
2012.12.24 19:49:35.942,1.36796,1.36826,1.50,1.50
2012.12.24 19:49:37.378,1.36796,1.36826,1.50,1.50
2012.12.24 19:49:38.123,1.36796,1.36826,1.50,1.50
2012.12.24 19:49:43.488,1.36797,1.36828,1.13,1.50
2012.12.24 19:50:02.754,1.36797,1.36828,1.13,1.50
2012.12.24 19:50:04.443,1.36797,1.36828,1.13,1.50
2012.12.24 19:50:04.982,1.36795,1.36831,1.50,1.50
2012.12.24 19:50:05.933,1.36795,1.36831,1.50,1.50
2012.12.24 19:50:06.706,1.36795,1.36831,1.50,1.50
2012.12.24 19:50:14.810,1.36797,1.3683,1.13,1.50
2012.12.24 19:50:14.992,1.36797,1.3683,1.13,1.50
2012.12.24 19:50:15.224,1.36793,1.36829,1.50,1.50
2012.12.24 19:50:20.874,1.36792,1.36822,1.50,1.50
2012.12.24 19:50:21.063,1.36792,1.36826,1.50,1.50
2012.12.24 19:50:21.252,1.36794,1.36822,1.50,1.50
2012.12.24 19:50:24.074,1.36794,1.36826,1.50,1.50
2012.12.24 19:50:25.014,1.36794,1.36826,1.50,1.50
2012.12.24 19:50:25.342,1.36797,1.36829,1.13,1.50
2012.12.24 19:50:33.642,1.36797,1.36829,1.13,1.50
2012.12.24 19:50:33.702,1.36795,1.36829,1.50,1.50
2012.12.24 19:50:34.361,1.36795,1.36829,1.50,1.50
2012.12.24 19:50:41.091,1.36795,1.36829,1.50,1.50
2012.12.24 19:50:41.397,1.36798,1.36829,1.13,1.50
2012.12.24 19:50:42.432,1.36797,1.36829,1.13,2.25
2012.12.24 19:50:42.622,1.36798,1.36829,1.13,1.50
2012.12.24 19:50:42.827,1.36798,1.36828,1.13,1.50
2012.12.24 19:50:43.369,1.36798,1.36829,1.13,1.50
2012.12.24 19:50:43.432,1.36798,1.36829,1.13,1.50
2012.12.24 19:50:43.613,1.36798,1.36828,1.13,1.50
2012.12.24 19:50:43.817,1.36798,1.36829,1.13,1.50
2012.12.24 19:50:44.208,1.3679,1.36822,2.48,1.50
2012.12.24 19:50:44.334,1.3679,1.36822,1.50,1.50
2012.12.24 19:50:44.753,1.3679,1.36825,1.50,1.50
2012.12.24 19:50:44.978,1.3679,1.36828,1.50,1.50
2012.12.24 19:50:45.732,1.36793,1.36829,1.20,1.50
2012.12.24 19:50:49.994,1.36792,1.36829,1.20,1.50
2012.12.24 19:50:51.252,1.36792,1.36829,1.35,2.25
2012.12.24 19:50:51.431,1.36792,1.36828,1.35,1.50
2012.12.24 19:51:01.043,1.3679,1.36828,1.50,1.50
2012.12.24 19:51:06.712,1.3679,1.36826,1.50,1.50
2012.12.24 19:51:07.064,1.36792,1.36829,1.35,2.25
2012.12.24 19:51:07.522,1.36792,1.36827,1.35,1.50
2012.12.24 19:51:11.062,1.36791,1.36827,1.20,1.50
2012.12.24 19:51:20.492,1.36791,1.36827,1.20,1.50
2012.12.24 19:51:20.612,1.36792,1.36829,1.28,2.25
2012.12.24 19:51:20.752,1.36792,1.36829,1.28,1.50
2012.12.24 19:51:20.932,1.36793,1.36829,2.25,1.50
2012.12.24 19:51:21.272,1.36797,1.36829,1.28,1.50
2012.12.24 19:51:21.504,1.36792,1.36829,1.20,1.50
2012.12.24 19:51:21.667,1.36792,1.36829,1.20,1.50
2012.12.24 19:51:21.792,1.36793,1.36829,1.35,1.50
2012.12.24 19:51:21.912,1.3679,1.36829,1.50,1.50
2012.12.24 19:51:31.322,1.3679,1.36831,1.50,1.13
2012.12.24 19:51:31.457,1.3679,1.36831,1.50,1.88
2012.12.24 19:51:31.762,1.3679,1.36831,1.50,1.13
2012.12.24 19:51:43.126,1.3679,1.3683,1.50,1.13
2012.12.24 19:51:43.652,1.3679,1.3683,1.50,1.13
2012.12.24 19:51:47.112,1.3679,1.3683,1.50,1.13
2012.12.24 19:51:47.172,1.3679,1.36834,1.50,1.50
2012.12.24 19:51:47.231,1.3679,1.36834,1.50,1.50
2012.12.24 19:51:47.562,1.3679,1.36834,1.50,1.50
2012.12.24 19:51:51.082,1.3679,1.36834,1.50,1.50
2012.12.24 19:51:54.152,1.3679,1.36831,1.50,1.88
2012.12.24 19:51:54.335,1.36786,1.36826,1.50,1.13
2012.12.24 19:51:54.404,1.36786,1.36823,1.50,1.50
2012.12.24 19:51:54.713,1.36786,1.36818,1.35,1.71
2012.12.24 19:51:54.773,1.36785,1.3682,1.20,1.13
2012.12.24 19:51:55.262,1.36789,1.3682,1.28,1.13
2012.12.24 19:51:55.603,1.36792,1.36823,1.20,1.50
2012.12.24 19:51:55.722,1.36784,1.36823,1.58,1.50
2012.12.24 19:51:55.782,1.36784,1.36823,1.13,1.50
2012.12.24 19:51:56.606,1.36784,1.36823,1.13,1.50
2012.12.24 19:51:56.793,1.36782,1.36823,1.88,1.50
2012.12.24 19:52:06.273,1.36784,1.36823,1.13,1.50
2012.12.24 19:52:06.876,1.36783,1.36823,1.13,1.50
2012.12.24 19:52:08.554,1.36784,1.36823,1.13,1.50
2012.12.24 19:52:09.012,1.36784,1.36823,1.13,1.50
2012.12.24 19:52:21.473,1.36784,1.36823,1.13,1.50
2012.12.24 19:52:21.593,1.36784,1.36823,1.13,1.50
2012.12.24 19:52:25.193,1.36784,1.36824,1.13,1.50
2012.12.24 19:52:25.442,1.36784,1.36824,1.13,1.50
2012.12.24 19:52:25.622,1.36787,1.36824,1.20,1.50
2012.12.24 19:52:25.983,1.36783,1.36824,1.13,1.50
2012.12.24 19:52:26.256,1.36784,1.36824,1.13,1.50
2012.12.24 19:52:26.595,1.36786,1.36824,1.65,1.50
2012.12.24 19:52:26.973,1.36787,1.36824,1.20,1.50
2012.12.24 19:52:27.282,1.36783,1.36824,1.13,1.50
2012.12.24 19:52:50.402,1.36781,1.36824,1.50,1.50
2012.12.24 19:52:50.613,1.36784,1.36824,1.13,1.50
2012.12.24 19:52:50.952,1.36784,1.36824,1.65,1.50
2012.12.24 19:53:50.903,1.36781,1.36827,1.28,1.13
2012.12.24 19:53:53.613,1.36772,1.36821,1.73,1.50
2012.12.24 19:53:54.323,1.36784,1.36821,1.13,1.50
2012.12.24 19:53:54.683,1.36784,1.36821,2.63,1.50
2012.12.24 19:53:55.073,1.36789,1.36821,1.28,1.50
2012.12.24 19:53:55.322,1.36784,1.36821,1.13,1.50
2012.12.24 19:53:56.178,1.36784,1.36823,1.13,1.50
2012.12.24 19:53:57.265,1.36784,1.36827,1.88,1.13
2012.12.24 19:53:57.584,1.36784,1.36827,1.13,1.13
2012.12.24 19:53:57.644,1.36784,1.36827,1.13,1.13
2012.12.24 19:53:58.215,1.36787,1.36827,1.50,1.13
2012.12.24 19:53:58.283,1.36784,1.36827,1.88,1.13
2012.12.24 19:54:00.257,1.36784,1.36827,1.13,1.13
2012.12.24 19:54:05.693,1.36781,1.36822,1.50,1.13
2012.12.24 19:54:05.983,1.36782,1.36822,1.50,1.13
2012.12.24 19:54:08.214,1.36783,1.36822,1.35,1.13
2012.12.24 19:54:08.545,1.36782,1.36823,1.50,1.50
2012.12.24 19:54:08.813,1.36782,1.36823,1.50,1.50
2012.12.24 19:54:09.332,1.36782,1.36823,1.50,1.50
2012.12.24 19:54:10.686,1.36782,1.36823,1.50,1.50
2012.12.24 19:54:11.243,1.36782,1.36823,1.50,1.50
2012.12.24 19:54:11.433,1.36782,1.36823,1.50,1.50
2012.12.24 19:55:14.194,1.36787,1.3683,1.13,1.50
2012.12.24 19:55:14.723,1.36784,1.3683,1.50,1.50
2012.12.24 19:55:16.764,1.36787,1.36829,1.13,1.50
2012.12.24 19:55:18.440,1.36787,1.36831,1.13,3.60
2012.12.24 19:55:18.883,1.36787,1.36829,1.13,1.50
2012.12.24 19:55:28.862,1.36787,1.36824,1.13,1.50
2012.12.24 19:55:28.923,1.36787,1.36824,1.13,1.50
2012.12.24 19:55:30.852,1.36787,1.36824,1.13,1.50
2012.12.24 19:55:31.023,1.36787,1.36824,1.13,1.50
2012.12.24 19:55:35.593,1.36787,1.36824,1.13,1.50
2012.12.24 19:55:54.504,1.36787,1.3682,1.13,1.50
2012.12.24 19:55:54.574,1.36787,1.3682,1.13,1.50
2012.12.24 19:55:54.883,1.36787,1.36823,1.13,1.50
2012.12.24 19:55:58.714,1.36787,1.36823,1.13,1.50
2012.12.24 19:55:58.844,1.36787,1.36823,1.13,1.50
2012.12.24 19:55:59.204,1.36789,1.36823,1.20,1.50
2012.12.24 19:55:59.454,1.36793,1.36823,1.20,1.50
2012.12.24 19:55:59.644,1.36789,1.36823,1.28,1.50
2012.12.24 19:55:59.833,1.36783,1.36823,1.50,1.50
2012.12.24 19:56:00.073,1.36787,1.36823,1.13,1.50
2012.12.24 19:56:00.275,1.36784,1.36823,1.50,1.50
2012.12.24 19:56:00.613,1.36787,1.36823,1.13,1.50
2012.12.24 19:56:00.999,1.36787,1.36823,1.13,1.50
2012.12.24 19:56:08.593,1.36785,1.36823,1.95,1.50
2012.12.24 19:56:08.653,1.36785,1.36823,1.50,1.50
2012.12.24 19:56:10.365,1.36787,1.36823,1.13,1.50
2012.12.24 19:56:47.543,1.36783,1.3682,1.35,1.50
2012.12.24 19:56:47.664,1.36787,1.36823,1.13,1.50
2012.12.24 19:56:47.723,1.36783,1.36817,1.35,1.13
2012.12.24 19:56:48.083,1.36784,1.36817,1.28,1.13
2012.12.24 19:56:48.272,1.36772,1.36817,2.10,1.13
2012.12.24 19:56:48.413,1.36776,1.3682,1.50,1.50
2012.12.24 19:56:48.532,1.36781,1.3682,1.13,1.13
2012.12.24 19:56:48.593,1.36781,1.36824,1.50,1.50
2012.12.24 19:57:01.114,1.36782,1.3682,1.50,1.50
2012.12.24 19:57:01.474,1.36779,1.36813,1.50,1.13
2012.12.24 19:57:03.205,1.36777,1.36811,1.50,1.13
2012.12.24 19:57:03.523,1.36777,1.36808,1.50,1.50
2012.12.24 19:57:03.643,1.36776,1.36808,1.50,1.50
2012.12.24 19:57:05.014,1.36777,1.36808,1.50,1.50
2012.12.24 19:57:05.512,1.36773,1.36808,1.95,1.50
2012.12.24 19:57:08.613,1.36776,1.36808,1.50,1.13
2012.12.24 19:57:08.733,1.36776,1.36816,1.50,1.50
2012.12.24 19:57:08.852,1.36777,1.36816,1.50,1.50
2012.12.24 19:57:09.163,1.36783,1.3682,1.13,1.73
2012.12.24 19:57:09.223,1.36783,1.36823,1.13,2.48
2012.12.24 19:57:09.403,1.36784,1.36825,1.13,1.50
2012.12.24 19:57:09.463,1.36784,1.36825,1.13,1.50
2012.12.24 19:57:09.635,1.36782,1.36825,2.25,1.50
2012.12.24 19:57:09.965,1.36784,1.36825,1.13,1.50
2012.12.24 19:57:11.234,1.36784,1.36825,1.13,1.50
2012.12.24 19:57:16.956,1.36786,1.36827,1.50,1.13
2012.12.24 19:57:17.025,1.36786,1.36827,1.50,1.13
2012.12.24 19:57:18.105,1.36784,1.36825,1.13,1.50
2012.12.24 19:57:18.234,1.36784,1.36825,1.13,1.50
2012.12.24 19:57:18.878,1.36786,1.36827,1.50,1.13
2012.12.24 19:57:22.404,1.36786,1.36827,1.50,1.13
2012.12.24 19:57:26.591,1.36786,1.36827,1.50,1.13
2012.12.24 19:57:27.464,1.36786,1.36827,1.50,1.13
2012.12.24 19:57:27.983,1.36786,1.36827,1.50,1.13
2012.12.24 19:57:28.784,1.36786,1.36827,1.50,1.13
2012.12.24 19:57:29.493,1.36784,1.36827,1.35,1.13
2012.12.24 19:57:30.115,1.36784,1.36825,1.35,1.50
2012.12.24 19:57:30.444,1.36771,1.36814,1.28,1.13
2012.12.24 19:57:30.703,1.36769,1.36814,1.13,1.13
2012.12.24 19:57:31.174,1.3677,1.36814,1.20,1.13
2012.12.24 19:57:31.713,1.36769,1.36814,1.13,1.13
2012.12.24 19:57:36.013,1.36769,1.36814,1.65,1.13
2012.12.24 19:57:36.133,1.36769,1.36814,1.65,1.13
2012.12.24 19:57:36.463,1.36771,1.36814,1.35,1.13
2012.12.24 19:57:36.706,1.36769,1.36814,1.13,1.13
2012.12.24 19:57:36.892,1.36769,1.36814,1.13,1.13
2012.12.24 19:57:37.242,1.36775,1.36814,1.20,1.13
2012.12.24 19:57:37.606,1.36778,1.36814,1.28,1.13
2012.12.24 19:57:37.673,1.36776,1.36814,1.28,1.13
2012.12.24 19:57:37.733,1.36769,1.36814,1.13,1.13
2012.12.24 19:57:37.864,1.36769,1.36814,1.13,1.13
2012.12.24 19:57:38.199,1.36769,1.36814,1.13,1.13
2012.12.24 19:58:07.234,1.36771,1.36814,1.28,1.88
2012.12.24 19:58:07.555,1.36771,1.36814,1.28,1.88
2012.12.24 19:58:10.313,1.36771,1.36814,1.28,1.88
2012.12.24 19:58:12.203,1.36769,1.36814,1.13,1.88
2012.12.24 19:58:12.384,1.36769,1.36814,1.13,1.88
2012.12.24 19:58:12.713,1.36769,1.36814,1.65,1.88
2012.12.24 19:58:12.966,1.36769,1.36814,1.13,1.88
2012.12.24 19:58:24.332,1.3677,1.36814,1.20,1.88
2012.12.24 19:58:28.049,1.3677,1.36814,1.20,1.88
2012.12.24 19:58:28.607,1.3677,1.36814,1.20,1.13
2012.12.24 19:58:51.245,1.36778,1.36814,1.50,1.13
2012.12.24 19:58:53.534,1.36772,1.36814,1.73,1.13
2012.12.24 19:58:54.053,1.36779,1.36814,1.20,1.13
2012.12.24 19:58:54.403,1.36772,1.36814,1.73,1.13
2012.12.24 19:58:54.643,1.36777,1.36814,1.28,1.13
2012.12.24 19:58:54.915,1.36774,1.36814,1.58,1.13
2012.12.24 19:58:55.053,1.36777,1.36814,1.35,1.13
2012.12.24 19:58:55.715,1.36777,1.36814,1.35,1.13
2012.12.24 19:58:55.914,1.36772,1.36814,1.73,1.13
2012.12.24 19:58:56.415,1.3677,1.36814,1.73,1.13
2012.12.24 19:58:56.603,1.36772,1.36814,1.73,1.13
2012.12.24 19:59:01.625,1.36773,1.36814,1.35,1.13
2012.12.24 19:59:13.826,1.3678,1.36814,1.35,1.50
2012.12.24 19:59:19.894,1.36778,1.36814,1.58,1.50
2012.12.24 19:59:28.223,1.36778,1.36812,1.73,1.13
2012.12.24 19:59:31.176,1.36777,1.36813,1.73,1.13
2012.12.24 19:59:31.303,1.36775,1.36811,1.50,1.13
2012.12.24 19:59:31.424,1.36777,1.36811,1.50,1.13
2012.12.24 19:59:31.763,1.36774,1.36812,1.50,1.88
2012.12.24 19:59:31.823,1.36771,1.36812,1.50,1.88
2012.12.24 19:59:32.284,1.36773,1.36812,1.28,1.13
2012.12.24 19:59:32.793,1.36772,1.36813,1.28,1.88
2012.12.24 19:59:32.943,1.36772,1.36813,1.28,1.13
2012.12.24 19:59:34.793,1.36773,1.36812,1.20,1.13
2012.12.24 19:59:35.079,1.36772,1.36813,2.03,1.13
2012.12.24 19:59:35.584,1.36772,1.36812,2.03,1.13
2012.12.24 19:59:36.885,1.36772,1.36811,1.50,1.13
2012.12.24 19:59:37.195,1.3677,1.36798,1.35,1.13
2012.12.24 19:59:37.759,1.36765,1.36801,1.28,1.13
2012.12.24 19:59:38.555,1.36761,1.36801,1.20,1.13
2012.12.24 19:59:39.034,1.36761,1.36801,1.35,1.13
2012.12.24 19:59:39.534,1.3676,1.36804,1.13,1.13
2012.12.24 19:59:39.733,1.36761,1.36804,1.88,1.13
2012.12.24 19:59:40.034,1.36766,1.36808,1.13,1.13
2012.12.24 19:59:40.294,1.36767,1.3681,1.50,1.50
2012.12.24 19:59:41.524,1.36769,1.3681,1.13,2.25
2012.12.24 19:59:41.855,1.36773,1.3681,1.28,1.50
2012.12.24 19:59:42.043,1.36768,1.3681,1.13,2.25
2012.12.24 19:59:42.865,1.36769,1.3681,1.13,1.50
2012.12.24 19:59:43.175,1.36774,1.36819,1.50,1.50
2012.12.24 19:59:43.424,1.36778,1.36819,1.13,1.50
2012.12.24 19:59:44.154,1.36779,1.36819,1.50,2.25
2012.12.24 19:59:44.469,1.36781,1.36819,1.50,1.50
2012.12.24 19:59:45.066,1.36792,1.36819,1.73,1.50
2012.12.24 19:59:45.138,1.3679,1.36828,1.35,1.28
2012.12.24 19:59:45.384,1.36797,1.3683,1.35,1.50
2012.12.24 19:59:45.565,1.36797,1.36835,1.73,1.50
2012.12.24 19:59:45.874,1.36799,1.36837,1.20,1.50
2012.12.24 19:59:46.114,1.36802,1.36839,1.50,1.50
2012.12.24 19:59:47.574,1.36806,1.36841,1.13,3.00
2012.12.24 19:59:48.179,1.36806,1.3684,1.13,1.50
2012.12.24 19:59:48.363,1.36806,1.36841,1.88,2.25
2012.12.24 19:59:49.693,1.36806,1.3684,1.13,1.50
2012.12.24 19:59:50.153,1.36806,1.36841,1.88,2.25
2012.12.24 19:59:50.333,1.36806,1.36841,1.13,2.25
2012.12.24 19:59:53.164,1.36806,1.3684,1.13,1.50
2012.12.24 19:59:53.707,1.36802,1.3684,1.50,1.50
