2008.05.28 10:00:01.052,2.0691,2.06935,4.80,2.00
2008.05.28 10:00:01.230,2.0689,2.06935,6.20,2.00
2008.05.28 10:00:01.401,2.0689,2.06935,5.70,2.00
2008.05.28 10:00:01.570,2.0689,2.06935,4.80,2.00
2008.05.28 10:00:01.785,2.0689,2.0693,4.80,1.00
2008.05.28 10:00:02.019,2.0689,2.0692,4.80,1.00
2008.05.28 10:00:02.235,2.0689,2.0691,4.80,1.00
2008.05.28 10:00:02.450,2.0688,2.0691,4.80,1.00
2008.05.28 10:00:02.566,2.0689,2.0691,4.80,1.00
2008.05.28 10:00:02.682,2.0688,2.06915,0.60,0.90
2008.05.28 10:00:02.799,2.0688,2.0692,0.60,4.80
2008.05.28 10:00:02.934,2.0687,2.0692,4.80,5.80
2008.05.28 10:00:03.166,2.0687,2.06915,4.80,0.90
2008.05.28 10:00:04.002,2.0686,2.0691,4.80,5.80
2008.05.28 10:00:06.223,2.0686,2.0691,4.90,4.80
2008.05.28 10:00:06.403,2.0686,2.0691,0.20,4.80
2008.05.28 10:00:06.516,2.0687,2.06915,4.80,5.80
2008.05.28 10:00:06.707,2.0687,2.0691,4.80,1.00
2008.05.28 10:00:07.106,2.0686,2.0691,5.40,5.80
2008.05.28 10:00:07.296,2.0687,2.0691,4.80,5.80
2008.05.28 10:00:08.130,2.0687,2.0691,4.80,4.80
2008.05.28 10:00:08.220,2.0687,2.0691,4.90,4.80
2008.05.28 10:00:08.313,2.0687,2.0692,4.90,4.80
2008.05.28 10:00:08.492,2.0688,2.0692,0.20,4.80
2008.05.28 10:00:08.725,2.0688,2.0693,4.90,4.80
2008.05.28 10:00:08.870,2.0689,2.06935,4.80,2.00
2008.05.28 10:00:09.016,2.069,2.06935,0.20,0.90
2008.05.28 10:00:09.161,2.069,2.0694,4.90,1.90
2008.05.28 10:00:09.307,2.069,2.0695,5.40,4.80
2008.05.28 10:00:09.462,2.06905,2.0695,2.00,4.80
2008.05.28 10:00:09.608,2.0691,2.0696,4.80,8.70
2008.05.28 10:00:09.747,2.0691,2.0696,4.80,5.80
2008.05.28 10:00:09.889,2.0691,2.0696,4.90,4.80
2008.05.28 10:00:10.726,2.0692,2.0696,0.20,4.80
2008.05.28 10:00:10.791,2.0692,2.0697,4.90,4.80
2008.05.28 10:00:11.193,2.0692,2.0697,4.80,5.80
2008.05.28 10:00:11.472,2.0692,2.0696,4.80,1.00
2008.05.28 10:00:11.538,2.0691,2.06955,5.20,0.90
2008.05.28 10:00:11.916,2.06905,2.0695,0.90,4.80
2008.05.28 10:00:12.146,2.069,2.0695,5.40,4.80
2008.05.28 10:00:12.834,2.06905,2.0695,0.20,4.80
2008.05.28 10:00:12.876,2.0691,2.06955,4.80,0.90
2008.05.28 10:00:14.496,2.069,2.0694,4.80,1.00
2008.05.28 10:00:14.786,2.0689,2.0694,4.80,5.80
2008.05.28 10:00:15.451,2.0689,2.0694,5.20,5.80
2008.05.28 10:00:19.713,2.06895,2.0694,0.20,4.80
2008.05.28 10:00:21.703,2.069,2.0694,0.20,4.80
2008.05.28 10:00:22.104,2.069,2.06945,4.90,0.90
2008.05.28 10:00:22.285,2.06905,2.06945,0.20,0.90
2008.05.28 10:00:22.466,2.06915,2.06945,0.20,0.90
2008.05.28 10:00:22.646,2.06915,2.06955,0.20,0.90
2008.05.28 10:00:22.961,2.06925,2.06955,0.20,0.90
2008.05.28 10:00:23.097,2.06925,2.0696,0.20,4.80
2008.05.28 10:00:23.367,2.0692,2.0697,4.90,5.80
2008.05.28 10:00:23.521,2.0692,2.0696,5.20,1.00
2008.05.28 10:00:23.815,2.0692,2.0697,4.90,5.80
2008.05.28 10:00:24.016,2.0693,2.0696,0.20,4.80
2008.05.28 10:00:24.415,2.0692,2.0697,4.90,5.80
2008.05.28 10:00:24.640,2.0692,2.0697,4.90,4.80
2008.05.28 10:00:24.842,2.0692,2.06965,4.80,1.00
2008.05.28 10:00:25.057,2.0692,2.06955,4.80,1.00
2008.05.28 10:00:25.273,2.0692,2.0696,4.80,1.00
2008.05.28 10:00:25.488,2.0691,2.0696,4.90,5.80
2008.05.28 10:00:26.253,2.0691,2.06955,4.80,1.00
2008.05.28 10:00:27.015,2.0691,2.0696,4.90,4.80
2008.05.28 10:00:27.175,2.0692,2.06965,4.80,1.00
2008.05.28 10:00:27.661,2.06925,2.0697,0.20,4.80
2008.05.28 10:00:27.983,2.0692,2.06965,4.80,2.00
2008.05.28 10:00:28.152,2.06915,2.0696,0.20,4.80
2008.05.28 10:00:28.265,2.0693,2.06965,4.80,0.90
2008.05.28 10:00:28.376,2.06925,2.0697,0.60,4.80
2008.05.28 10:00:28.488,2.0692,2.0697,4.80,5.80
2008.05.28 10:00:28.946,2.06915,2.0696,0.20,4.80
2008.05.28 10:00:30.301,2.06905,2.0695,0.20,4.80
2008.05.28 10:00:31.615,2.0691,2.06955,4.80,0.90
2008.05.28 10:00:32.487,2.06925,2.06955,0.20,0.90
2008.05.28 10:00:32.577,2.0693,2.0697,4.80,4.80
2008.05.28 10:00:32.905,2.0693,2.0696,4.80,1.00
2008.05.28 10:00:33.016,2.0692,2.0696,0.60,5.80
2008.05.28 10:00:33.104,2.06915,2.0696,1.90,5.80
2008.05.28 10:00:33.151,2.0691,2.0696,5.20,5.80
2008.05.28 10:00:33.326,2.0691,2.0696,4.80,5.80
2008.05.28 10:00:33.371,2.0691,2.06955,4.80,0.90
2008.05.28 10:00:33.828,2.06925,2.0696,0.60,4.80
2008.05.28 10:00:34.014,2.0693,2.0696,0.20,4.80
2008.05.28 10:00:34.211,2.0693,2.0698,4.90,7.40
2008.05.28 10:00:34.397,2.0693,2.0698,4.90,4.80
2008.05.28 10:00:34.583,2.0693,2.06975,4.80,0.90
2008.05.28 10:00:34.727,2.06925,2.0697,0.20,4.80
2008.05.28 10:00:35.183,2.06925,2.0697,0.60,4.80
2008.05.28 10:00:35.330,2.0693,2.0697,0.20,4.80
2008.05.28 10:00:35.476,2.0693,2.0698,4.90,4.80
2008.05.28 10:00:35.724,2.0693,2.06975,4.80,0.90
2008.05.28 10:00:35.851,2.0693,2.0698,4.80,5.80
2008.05.28 10:00:36.370,2.06925,2.0697,2.00,4.80
2008.05.28 10:00:38.299,2.06925,2.0697,1.90,4.80
2008.05.28 10:00:39.325,2.0693,2.06975,4.80,1.00
2008.05.28 10:00:41.221,2.0693,2.06965,4.80,1.00
2008.05.28 10:00:41.295,2.0692,2.06965,5.20,1.00
2008.05.28 10:00:41.446,2.0692,2.0697,4.90,4.80
2008.05.28 10:00:43.446,2.0693,2.06975,4.80,1.00
2008.05.28 10:00:45.784,2.0692,2.0697,5.40,4.80
2008.05.28 10:00:45.982,2.0692,2.0696,0.60,4.80
2008.05.28 10:00:46.032,2.06915,2.0696,0.60,4.80
2008.05.28 10:00:46.177,2.0692,2.0696,0.20,4.80
2008.05.28 10:00:46.341,2.0692,2.0696,0.60,4.80
2008.05.28 10:00:46.687,2.0692,2.0696,0.60,4.80
2008.05.28 10:00:47.108,2.0692,2.06965,4.80,1.00
2008.05.28 10:00:50.963,2.0692,2.0697,4.90,4.80
2008.05.28 10:00:51.027,2.0693,2.06975,4.80,2.00
2008.05.28 10:00:52.941,2.0693,2.06975,4.80,1.00
2008.05.28 10:00:57.796,2.0693,2.06975,4.80,2.00
2008.05.28 10:01:01.709,2.0693,2.06975,4.80,1.00
2008.05.28 10:01:02.783,2.0693,2.06975,4.80,2.00
2008.05.28 10:01:06.362,2.0693,2.0697,4.80,1.00
2008.05.28 10:01:06.479,2.0693,2.0697,4.80,5.80
2008.05.28 10:01:06.788,2.0692,2.0697,4.80,5.80
2008.05.28 10:01:06.944,2.0692,2.06965,4.80,1.00
2008.05.28 10:01:11.214,2.06915,2.06965,1.90,1.00
2008.05.28 10:01:11.535,2.0692,2.06965,4.80,1.00
2008.05.28 10:01:12.921,2.0692,2.0697,4.80,5.80
2008.05.28 10:01:13.768,2.0692,2.06965,4.80,1.00
2008.05.28 10:01:18.958,2.0691,2.06965,4.90,1.00
2008.05.28 10:01:19.131,2.0691,2.06965,5.40,1.00
2008.05.28 10:01:19.322,2.0692,2.06965,4.80,1.00
2008.05.28 10:01:28.849,2.0692,2.0697,4.80,5.80
2008.05.28 10:01:29.508,2.0692,2.0695,4.80,1.00
2008.05.28 10:01:29.566,2.0692,2.0695,5.20,1.00
2008.05.28 10:01:29.650,2.0692,2.06955,5.20,0.90
2008.05.28 10:01:29.870,2.0692,2.06965,4.80,0.90
2008.05.28 10:01:30.091,2.0693,2.0696,4.80,1.00
2008.05.28 10:01:30.311,2.0692,2.0696,4.80,1.00
2008.05.28 10:01:31.091,2.0691,2.0696,4.80,5.80
2008.05.28 10:01:31.714,2.0692,2.0696,4.80,1.00
2008.05.28 10:01:31.940,2.0692,2.0695,4.80,1.00
2008.05.28 10:01:32.109,2.0691,2.0695,4.80,1.00
2008.05.28 10:01:35.049,2.0691,2.0696,4.80,5.80
2008.05.28 10:01:35.307,2.0691,2.0696,4.80,7.80
2008.05.28 10:01:35.489,2.0691,2.0696,4.80,5.80
2008.05.28 10:01:36.029,2.0692,2.06965,4.80,2.00
2008.05.28 10:01:36.935,2.0691,2.0696,4.80,5.80
2008.05.28 10:01:37.883,2.0692,2.0696,4.80,1.00
2008.05.28 10:01:39.297,2.0692,2.0695,4.80,1.00
2008.05.28 10:01:39.626,2.069,2.0695,5.20,5.80
2008.05.28 10:01:39.983,2.069,2.0695,4.80,5.80
2008.05.28 10:01:40.366,2.069,2.0695,4.90,4.80
2008.05.28 10:01:40.710,2.0691,2.06955,4.80,1.00
2008.05.28 10:01:44.773,2.069,2.0695,4.90,4.80
2008.05.28 10:01:45.089,2.0691,2.06955,4.80,1.00
2008.05.28 10:01:48.847,2.0691,2.0695,4.80,1.00
2008.05.28 10:01:49.366,2.069,2.0695,4.80,5.80
2008.05.28 10:01:49.861,2.069,2.0695,4.90,4.80
2008.05.28 10:01:50.242,2.0691,2.06955,4.80,2.00
2008.05.28 10:01:50.583,2.0691,2.06945,4.80,1.00
2008.05.28 10:01:50.744,2.06905,2.0695,1.90,4.80
2008.05.28 10:01:51.064,2.0691,2.06955,4.80,1.00
2008.05.28 10:01:51.370,2.0691,2.0695,4.80,1.00
2008.05.28 10:01:51.764,2.069,2.0695,4.80,5.80
2008.05.28 10:01:53.977,2.0691,2.0695,4.80,1.00
2008.05.28 10:01:54.395,2.069,2.0695,4.80,5.80
2008.05.28 10:01:54.992,2.06905,2.0695,2.00,4.80
2008.05.28 10:01:55.030,2.0691,2.06955,4.80,0.90
2008.05.28 10:01:55.110,2.0691,2.06955,5.20,0.90
2008.05.28 10:01:57.445,2.0691,2.06955,5.40,0.90
2008.05.28 10:01:57.809,2.0692,2.06955,4.80,0.90
2008.05.28 10:02:00.212,2.0692,2.06955,5.20,0.90
2008.05.28 10:02:00.454,2.0692,2.06955,4.80,0.90
2008.05.28 10:02:02.017,2.0692,2.06955,5.20,0.90
2008.05.28 10:02:02.464,2.0692,2.06955,4.80,0.90
2008.05.28 10:02:03.332,2.0691,2.06955,5.40,0.90
2008.05.28 10:02:03.746,2.0692,2.06955,4.80,0.90
2008.05.28 10:02:04.019,2.0692,2.06955,5.20,0.90
2008.05.28 10:02:07.682,2.0692,2.0697,5.20,5.80
2008.05.28 10:02:08.040,2.0693,2.06975,4.80,2.00
2008.05.28 10:02:08.767,2.0693,2.06975,4.80,3.00
2008.05.28 10:02:09.570,2.0693,2.06965,4.80,1.00
2008.05.28 10:02:09.819,2.06915,2.0696,1.90,4.80
2008.05.28 10:02:09.957,2.06915,2.0696,1.90,5.80
2008.05.28 10:02:10.188,2.0691,2.0696,4.80,5.80
2008.05.28 10:02:12.376,2.0691,2.0696,5.20,5.80
2008.05.28 10:02:21.072,2.0691,2.0696,4.80,5.80
2008.05.28 10:02:22.759,2.0691,2.0696,5.20,5.80
2008.05.28 10:02:27.153,2.0691,2.0696,4.80,5.80
2008.05.28 10:02:29.479,2.06915,2.0696,0.20,4.80
2008.05.28 10:02:29.667,2.06915,2.0695,0.20,4.80
2008.05.28 10:02:29.966,2.0692,2.0697,4.80,5.80
2008.05.28 10:02:30.151,2.0692,2.0697,4.80,7.80
2008.05.28 10:02:30.336,2.0692,2.0697,4.80,5.80
2008.05.28 10:02:34.001,2.0692,2.0696,4.80,1.00
2008.05.28 10:02:34.555,2.0691,2.0696,5.20,5.80
2008.05.28 10:02:34.908,2.06915,2.0696,0.20,4.80
2008.05.28 10:02:35.019,2.0692,2.0697,4.80,5.80
2008.05.28 10:02:38.169,2.0692,2.06965,4.80,1.00
2008.05.28 10:02:38.927,2.0692,2.0696,4.80,1.00
2008.05.28 10:02:39.017,2.0691,2.0696,4.80,5.80
2008.05.28 10:02:43.445,2.0691,2.06955,4.80,1.00
2008.05.28 10:02:43.939,2.0691,2.0695,4.80,1.00
2008.05.28 10:02:43.994,2.06905,2.0695,1.90,5.80
2008.05.28 10:02:44.122,2.069,2.0695,4.80,5.80
2008.05.28 10:02:44.425,2.069,2.06945,4.80,1.00
2008.05.28 10:02:44.921,2.0689,2.0694,4.90,4.80
2008.05.28 10:02:45.513,2.0689,2.0694,4.80,5.80
2008.05.28 10:02:46.459,2.0689,2.0693,4.80,1.00
2008.05.28 10:02:46.645,2.0688,2.0693,4.80,5.80
2008.05.28 10:02:46.982,2.0688,2.06925,4.80,1.00
2008.05.28 10:02:47.573,2.0688,2.0693,4.80,5.80
2008.05.28 10:02:48.051,2.0687,2.0692,4.80,5.80
2008.05.28 10:02:48.606,2.0687,2.0692,4.90,4.80
2008.05.28 10:02:49.697,2.0688,2.06925,4.80,1.00
2008.05.28 10:02:50.114,2.0687,2.0692,4.90,4.80
2008.05.28 10:02:52.662,2.0688,2.0692,0.20,4.80
2008.05.28 10:02:52.725,2.0688,2.0693,4.90,4.80
2008.05.28 10:02:53.407,2.0689,2.06935,4.80,2.00
2008.05.28 10:02:53.659,2.0688,2.0693,4.90,4.80
2008.05.28 10:02:54.822,2.0688,2.0693,5.40,4.80
2008.05.28 10:03:00.448,2.069,2.0694,4.80,1.00
2008.05.28 10:03:19.552,2.069,2.06935,4.80,1.00
2008.05.28 10:03:19.652,2.0689,2.06935,4.80,1.00
2008.05.28 10:03:27.177,2.06895,2.0694,0.20,4.80
2008.05.28 10:03:27.263,2.06895,2.0694,2.00,4.80
2008.05.28 10:03:27.724,2.069,2.06945,4.80,1.00
2008.05.28 10:03:28.002,2.069,2.06945,5.20,1.00
2008.05.28 10:03:29.585,2.069,2.0695,5.40,5.80
2008.05.28 10:03:29.685,2.0691,2.0695,4.80,1.00
2008.05.28 10:03:30.789,2.069,2.0695,4.90,5.80
2008.05.28 10:03:30.875,2.069,2.0695,5.40,5.80
2008.05.28 10:03:30.984,2.069,2.0694,5.20,1.00
2008.05.28 10:03:31.198,2.069,2.0694,4.80,1.00
2008.05.28 10:03:31.366,2.069,2.0695,4.90,5.80
2008.05.28 10:03:31.600,2.0691,2.0695,4.80,1.00
2008.05.28 10:03:36.639,2.0691,2.0694,4.80,1.00
2008.05.28 10:03:37.039,2.069,2.0694,4.80,1.00
2008.05.28 10:03:37.057,2.06905,2.0695,0.20,4.80
2008.05.28 10:03:37.137,2.0691,2.06955,4.80,2.80
2008.05.28 10:03:37.272,2.0691,2.0696,4.80,5.80
2008.05.28 10:03:37.656,2.0691,2.0696,4.90,4.80
2008.05.28 10:03:37.787,2.0692,2.06965,4.80,3.90
2008.05.28 10:03:38.046,2.0692,2.0695,4.80,1.00
2008.05.28 10:03:38.176,2.0692,2.06955,4.80,5.80
2008.05.28 10:03:38.305,2.0691,2.06955,4.80,5.80
2008.05.28 10:03:38.683,2.0691,2.06955,4.80,1.00
2008.05.28 10:03:39.062,2.0691,2.0696,4.80,5.80
2008.05.28 10:03:39.275,2.0691,2.0696,4.80,1.00
2008.05.28 10:03:45.056,2.0691,2.0696,4.80,5.80
2008.05.28 10:03:45.120,2.0691,2.0696,4.80,8.70
2008.05.28 10:03:45.187,2.0691,2.0695,4.80,1.00
2008.05.28 10:03:45.732,2.069,2.0694,4.80,4.80
2008.05.28 10:03:45.984,2.069,2.0693,4.80,1.00
2008.05.28 10:03:46.073,2.0689,2.0693,4.80,1.00
2008.05.28 10:03:46.159,2.06885,2.0693,0.20,4.80
2008.05.28 10:03:46.245,2.06885,2.0694,0.20,8.70
2008.05.28 10:03:46.968,2.0688,2.0693,4.80,1.00
2008.05.28 10:03:47.151,2.0688,2.0693,4.80,5.80
2008.05.28 10:03:52.637,2.0688,2.06925,4.80,1.00
2008.05.28 10:03:52.886,2.0687,2.0692,4.90,4.80
2008.05.28 10:03:55.125,2.0687,2.06915,4.80,1.00
2008.05.28 10:03:55.154,2.0687,2.06915,4.80,2.00
2008.05.28 10:03:56.359,2.0687,2.06905,4.80,1.00
2008.05.28 10:03:56.522,2.0686,2.06905,5.20,1.00
2008.05.28 10:03:56.563,2.0686,2.06905,4.80,1.00
2008.05.28 10:03:56.771,2.0687,2.06905,4.80,1.00
2008.05.28 10:03:56.889,2.0686,2.06895,4.80,1.00
2008.05.28 10:03:57.066,2.0685,2.06895,4.80,1.00
2008.05.28 10:03:57.107,2.0685,2.06895,4.80,2.00
2008.05.28 10:03:57.286,2.0684,2.06895,4.90,2.00
2008.05.28 10:03:57.817,2.0685,2.06895,4.80,1.00
2008.05.28 10:03:57.953,2.0685,2.069,4.90,4.80
2008.05.28 10:03:58.088,2.0686,2.06895,4.80,0.90
2008.05.28 10:03:58.223,2.0686,2.06895,4.80,2.00
2008.05.28 10:03:58.374,2.0684,2.06895,5.40,2.00
2008.05.28 10:03:58.909,2.0685,2.06895,4.80,2.00
2008.05.28 10:03:59.987,2.0686,2.06905,4.80,4.90
2008.05.28 10:04:00.007,2.0686,2.06905,4.80,3.90
2008.05.28 10:04:00.026,2.0686,2.06905,4.80,1.00
2008.05.28 10:04:00.332,2.0685,2.06905,4.90,1.00
2008.05.28 10:04:01.121,2.0685,2.069,4.90,4.80
2008.05.28 10:04:01.330,2.0685,2.06905,4.90,1.00
2008.05.28 10:04:01.907,2.0686,2.0691,0.20,4.80
2008.05.28 10:04:01.973,2.0687,2.0691,4.80,4.80
2008.05.28 10:04:02.920,2.0687,2.0691,4.90,4.80
2008.05.28 10:04:03.037,2.0687,2.06915,4.90,0.90
2008.05.28 10:04:03.237,2.0687,2.06915,4.80,2.00
2008.05.28 10:04:03.578,2.0687,2.0692,4.90,4.80
2008.05.28 10:04:03.900,2.0687,2.06895,4.80,1.00
2008.05.28 10:04:04.060,2.0686,2.06895,0.60,1.00
2008.05.28 10:04:04.167,2.0687,2.06895,0.20,0.90
2008.05.28 10:04:04.286,2.0687,2.06895,4.90,0.90
2008.05.28 10:04:04.391,2.0687,2.06905,4.90,0.90
2008.05.28 10:04:04.521,2.0687,2.0691,4.80,4.80
2008.05.28 10:04:09.095,2.0687,2.06915,4.80,2.00
2008.05.28 10:04:09.667,2.0687,2.06915,4.90,0.90
2008.05.28 10:04:09.797,2.0688,2.06925,4.80,2.00
2008.05.28 10:04:09.861,2.0688,2.06925,4.80,1.00
2008.05.28 10:04:09.928,2.0688,2.0693,4.90,5.70
2008.05.28 10:04:09.992,2.0688,2.0693,4.90,4.80
2008.05.28 10:04:10.123,2.0689,2.06925,4.80,1.00
2008.05.28 10:04:10.258,2.0688,2.06925,5.20,1.00
2008.05.28 10:04:10.526,2.0688,2.06925,4.80,1.00
2008.05.28 10:04:10.684,2.0688,2.0693,4.90,4.80
2008.05.28 10:04:10.953,2.0688,2.06925,4.80,1.00
2008.05.28 10:04:11.222,2.0688,2.0693,4.90,4.80
2008.05.28 10:04:11.481,2.0688,2.06925,4.80,1.00
2008.05.28 10:04:14.236,2.0688,2.06915,4.80,1.00
2008.05.28 10:04:14.327,2.0687,2.06915,4.80,1.00
2008.05.28 10:04:14.531,2.0688,2.06925,4.80,2.00
2008.05.28 10:04:14.620,2.0688,2.06925,4.80,1.00
2008.05.28 10:04:15.793,2.0688,2.06915,4.80,0.90
2008.05.28 10:04:15.971,2.0687,2.06915,4.90,0.90
2008.05.28 10:04:16.061,2.0687,2.0692,4.90,4.80
2008.05.28 10:04:16.318,2.0688,2.06925,4.80,1.00
2008.05.28 10:04:18.639,2.0688,2.0693,4.80,5.80
2008.05.28 10:04:19.133,2.0688,2.0693,4.90,4.80
2008.05.28 10:04:19.232,2.0689,2.06935,4.80,2.00
2008.05.28 10:04:19.451,2.0689,2.06925,4.80,2.00
2008.05.28 10:04:19.553,2.0688,2.06925,4.80,2.00
2008.05.28 10:04:19.753,2.0688,2.0693,4.80,5.80
2008.05.28 10:04:20.021,2.0688,2.0693,4.80,1.00
2008.05.28 10:04:20.156,2.0689,2.0693,4.80,1.00
2008.05.28 10:04:20.559,2.0688,2.0692,4.80,1.00
2008.05.28 10:04:20.694,2.0688,2.0693,4.80,8.70
2008.05.28 10:04:20.853,2.0688,2.0693,4.80,3.90
2008.05.28 10:04:20.948,2.0688,2.0693,4.80,1.00
2008.05.28 10:04:21.041,2.0688,2.0693,4.80,5.80
2008.05.28 10:04:21.417,2.0688,2.0693,4.80,1.00
2008.05.28 10:04:21.699,2.0689,2.0693,4.80,1.00
2008.05.28 10:04:22.186,2.0689,2.0692,4.80,1.00
2008.05.28 10:04:22.288,2.0688,2.0692,4.80,1.00
2008.05.28 10:04:28.794,2.0687,2.0692,4.80,5.80
2008.05.28 10:04:29.858,2.0687,2.0692,5.20,5.80
2008.05.28 10:04:32.858,2.0687,2.069,4.80,1.00
2008.05.28 10:04:33.093,2.0685,2.069,7.20,5.80
2008.05.28 10:04:33.362,2.0685,2.069,5.20,5.80
2008.05.28 10:04:34.125,2.06855,2.069,0.20,4.80
2008.05.28 10:04:34.461,2.0686,2.069,0.60,5.80
2008.05.28 10:04:34.668,2.0685,2.069,5.20,5.80
2008.05.28 10:04:34.924,2.0686,2.06905,4.80,0.90
2008.05.28 10:04:35.053,2.0686,2.0691,4.80,5.80
2008.05.28 10:04:37.177,2.0686,2.0691,4.90,4.80
2008.05.28 10:04:37.253,2.0687,2.06915,4.80,1.00
2008.05.28 10:04:39.136,2.0687,2.0692,4.80,5.80
2008.05.28 10:04:40.215,2.0687,2.06915,4.80,1.00
2008.05.28 10:04:40.422,2.0687,2.0692,4.90,4.80
2008.05.28 10:04:40.634,2.0687,2.06915,4.80,1.00
2008.05.28 10:04:40.793,2.0688,2.06915,4.80,1.00
2008.05.28 10:04:41.047,2.0687,2.06915,4.80,1.00
2008.05.28 10:04:41.665,2.0687,2.0691,4.80,1.00
2008.05.28 10:04:42.644,2.0687,2.06915,4.80,1.00
2008.05.28 10:04:43.893,2.0686,2.0691,5.40,4.80
2008.05.28 10:04:44.042,2.0686,2.0691,4.90,4.80
2008.05.28 10:04:44.193,2.0687,2.0691,4.80,1.00
2008.05.28 10:04:46.225,2.0687,2.06915,4.80,1.00
2008.05.28 10:04:46.871,2.0687,2.06905,4.80,1.00
2008.05.28 10:04:47.063,2.0686,2.06905,4.80,1.00
2008.05.28 10:04:47.135,2.0686,2.06905,4.80,2.00
2008.05.28 10:04:47.946,2.0686,2.06905,4.80,0.90
2008.05.28 10:04:48.164,2.0686,2.06905,4.80,2.00
2008.05.28 10:04:53.337,2.0685,2.069,5.40,4.80
2008.05.28 10:04:53.441,2.0685,2.069,4.90,4.80
2008.05.28 10:04:54.616,2.0686,2.06905,4.80,2.00
2008.05.28 10:04:54.816,2.0686,2.06905,4.80,0.90
2008.05.28 10:04:56.284,2.0686,2.06905,4.80,2.00
2008.05.28 10:04:58.239,2.0686,2.06905,4.80,0.90
2008.05.28 10:04:59.276,2.0686,2.06905,4.80,2.00
2008.05.28 10:04:59.798,2.0686,2.06905,4.80,3.00
2008.05.28 10:04:59.937,2.0685,2.069,5.40,4.80
2008.05.28 10:05:00.039,2.0685,2.069,4.90,4.80
2008.05.28 10:05:00.505,2.0686,2.0691,4.80,5.80
2008.05.28 10:05:00.730,2.0686,2.0691,4.90,4.80
2008.05.28 10:05:01.643,2.0686,2.0691,4.80,5.80
2008.05.28 10:05:01.889,2.0686,2.06905,4.80,0.90
2008.05.28 10:05:01.949,2.0686,2.06905,4.80,2.00
2008.05.28 10:05:02.186,2.0685,2.069,4.90,4.80
2008.05.28 10:05:03.330,2.0686,2.069,0.20,4.80
2008.05.28 10:05:03.663,2.0685,2.069,5.40,4.80
2008.05.28 10:05:03.869,2.0686,2.06905,4.80,2.00
2008.05.28 10:05:04.075,2.0685,2.069,4.90,4.80
2008.05.28 10:05:04.607,2.0685,2.069,5.40,4.80
2008.05.28 10:05:05.251,2.0685,2.069,5.20,5.80
2008.05.28 10:05:05.477,2.0685,2.069,4.80,5.80
2008.05.28 10:05:06.195,2.0685,2.06895,4.80,1.00
2008.05.28 10:05:06.432,2.0684,2.0689,5.40,4.80
2008.05.28 10:05:06.681,2.0684,2.0689,4.90,4.80
2008.05.28 10:05:06.835,2.06845,2.0689,0.20,4.80
2008.05.28 10:05:06.941,2.0685,2.06895,4.80,0.90
2008.05.28 10:05:08.285,2.0685,2.06895,4.80,2.00
2008.05.28 10:05:08.566,2.0684,2.0689,5.40,4.80
2008.05.28 10:05:08.660,2.0684,2.0689,5.40,5.80
2008.05.28 10:05:08.756,2.0685,2.06895,4.90,0.90
2008.05.28 10:05:09.472,2.0685,2.06895,4.80,0.90
2008.05.28 10:05:18.562,2.06845,2.0689,0.20,4.80
2008.05.28 10:05:19.310,2.0685,2.06895,4.80,0.90
2008.05.28 10:05:19.590,2.0686,2.06895,4.80,0.90
2008.05.28 10:05:19.873,2.0686,2.069,4.80,1.00
2008.05.28 10:05:20.236,2.0686,2.06895,4.80,0.90
2008.05.28 10:05:20.618,2.0685,2.06895,4.80,0.90
2008.05.28 10:05:25.875,2.0685,2.069,4.80,5.80
2008.05.28 10:05:26.167,2.0686,2.069,4.80,1.00
2008.05.28 10:05:26.763,2.0686,2.06905,4.80,1.00
2008.05.28 10:05:27.100,2.06855,2.069,0.20,4.80
2008.05.28 10:05:27.207,2.0685,2.06895,4.80,0.90
2008.05.28 10:05:31.411,2.0685,2.069,4.80,5.80
2008.05.28 10:05:31.757,2.06855,2.069,0.20,4.80
2008.05.28 10:05:31.835,2.0686,2.06905,4.80,1.00
2008.05.28 10:05:31.916,2.0686,2.069,4.80,1.00
2008.05.28 10:05:32.759,2.0686,2.06895,4.80,0.90
2008.05.28 10:05:32.929,2.0686,2.06895,4.80,2.00
2008.05.28 10:05:33.266,2.0685,2.06895,4.80,2.00
2008.05.28 10:05:36.803,2.0685,2.06895,4.90,0.90
2008.05.28 10:05:37.818,2.06855,2.06895,0.20,0.90
2008.05.28 10:05:37.994,2.06855,2.069,0.20,4.80
2008.05.28 10:05:38.370,2.06855,2.0691,0.20,5.80
2008.05.28 10:05:39.152,2.06855,2.069,0.20,4.80
2008.05.28 10:05:39.454,2.0685,2.06895,4.80,2.00
2008.05.28 10:05:39.756,2.06845,2.0689,2.00,4.80
2008.05.28 10:05:40.056,2.0685,2.06895,4.80,2.00
2008.05.28 10:05:46.315,2.0685,2.06885,4.80,1.00
2008.05.28 10:05:46.349,2.06845,2.06885,1.90,1.00
2008.05.28 10:05:46.377,2.0684,2.06885,5.20,1.00
2008.05.28 10:05:46.497,2.0684,2.06885,4.80,1.00
2008.05.28 10:05:46.861,2.0684,2.06885,4.80,2.00
2008.05.28 10:05:47.284,2.06835,2.0688,0.20,4.80
2008.05.28 10:05:47.648,2.06835,2.0687,0.20,4.80
2008.05.28 10:05:47.779,2.0683,2.06875,4.80,1.00
2008.05.28 10:05:48.038,2.06825,2.06865,0.20,0.90
2008.05.28 10:05:48.194,2.0682,2.06865,5.20,0.90
2008.05.28 10:05:49.359,2.0682,2.06865,5.20,2.00
2008.05.28 10:05:49.494,2.0682,2.0686,0.60,4.80
2008.05.28 10:05:50.168,2.0682,2.0686,0.60,4.80
2008.05.28 10:05:50.304,2.06825,2.0686,1.90,4.80
2008.05.28 10:05:50.671,2.06825,2.0687,1.90,5.80
2008.05.28 10:05:51.316,2.06825,2.06865,1.90,1.00
2008.05.28 10:05:51.396,2.0682,2.06865,5.20,1.00
2008.05.28 10:05:51.515,2.0682,2.06865,4.80,1.00
2008.05.28 10:05:55.911,2.06825,2.0687,0.20,4.80
2008.05.28 10:05:56.312,2.0682,2.0687,4.90,5.80
2008.05.28 10:05:56.420,2.0682,2.0687,4.90,4.80
2008.05.28 10:05:57.619,2.0682,2.0687,5.40,4.80
2008.05.28 10:05:57.676,2.0682,2.06865,5.20,1.00
2008.05.28 10:05:57.729,2.0682,2.06865,5.20,2.00
2008.05.28 10:05:57.802,2.0682,2.0686,0.60,4.80
2008.05.28 10:06:00.190,2.0681,2.0686,5.40,4.80
2008.05.28 10:06:00.850,2.0682,2.0686,4.80,1.00
2008.05.28 10:06:00.952,2.0682,2.06865,4.80,1.00
2008.05.28 10:06:01.176,2.0682,2.0687,4.90,5.80
2008.05.28 10:06:01.743,2.0682,2.0687,5.40,5.80
2008.05.28 10:06:02.421,2.06825,2.0687,1.90,5.80
2008.05.28 10:06:03.360,2.06825,2.06865,1.90,1.00
2008.05.28 10:06:04.154,2.0682,2.06865,5.20,1.00
2008.05.28 10:06:04.403,2.0682,2.06865,4.80,1.00
2008.05.28 10:06:04.863,2.06825,2.0687,0.20,4.80
2008.05.28 10:06:05.093,2.06825,2.06875,0.20,2.00
2008.05.28 10:06:05.742,2.06825,2.0687,0.20,4.80
2008.05.28 10:06:06.871,2.0682,2.0687,4.90,5.80
2008.05.28 10:06:08.249,2.0681,2.06855,4.80,2.00
2008.05.28 10:06:08.634,2.06815,2.06855,0.20,0.90
2008.05.28 10:06:08.754,2.06815,2.06865,0.20,1.00
2008.05.28 10:06:09.009,2.0682,2.06865,4.80,1.00
2008.05.28 10:06:09.792,2.0683,2.06875,4.80,2.00
2008.05.28 10:06:10.319,2.0684,2.06875,4.80,0.90
2008.05.28 10:06:10.481,2.0684,2.06875,4.80,2.00
2008.05.28 10:06:10.575,2.0683,2.06875,4.80,2.00
2008.05.28 10:06:11.402,2.0683,2.06875,4.90,0.90
2008.05.28 10:06:11.960,2.0683,2.06875,4.80,2.00
2008.05.28 10:06:14.829,2.0683,2.06875,4.90,0.90
2008.05.28 10:06:15.411,2.0684,2.06875,4.80,0.90
2008.05.28 10:06:15.493,2.0684,2.06875,4.90,0.90
2008.05.28 10:06:15.849,2.0684,2.06885,4.80,1.00
2008.05.28 10:06:16.809,2.0684,2.06875,4.80,2.00
2008.05.28 10:06:17.129,2.06825,2.0687,0.20,4.80
2008.05.28 10:06:17.426,2.0683,2.06875,4.80,2.00
2008.05.28 10:06:17.844,2.0683,2.0687,4.80,1.00
2008.05.28 10:06:18.002,2.0682,2.0687,4.80,5.80
2008.05.28 10:06:18.481,2.0682,2.0687,4.90,4.80
2008.05.28 10:06:19.550,2.0684,2.06875,4.80,2.00
2008.05.28 10:06:21.058,2.0683,2.06875,4.80,2.00
2008.05.28 10:06:21.830,2.0683,2.0687,4.80,1.00
2008.05.28 10:06:21.960,2.0682,2.0687,5.20,5.80
2008.05.28 10:06:22.036,2.0682,2.0687,4.80,5.80
2008.05.28 10:06:22.184,2.06825,2.0687,0.20,4.80
2008.05.28 10:06:22.333,2.0683,2.0687,0.20,4.80
2008.05.28 10:06:22.555,2.0683,2.0688,4.90,4.80
2008.05.28 10:06:23.034,2.0684,2.0688,4.80,1.00
2008.05.28 10:06:23.469,2.0684,2.06885,4.80,2.00
2008.05.28 10:06:24.787,2.0685,2.0688,4.80,1.00
2008.05.28 10:06:25.172,2.0684,2.0688,4.80,1.00
2008.05.28 10:06:25.665,2.0684,2.06875,4.80,1.00
2008.05.28 10:06:25.863,2.0684,2.06875,4.80,2.00
2008.05.28 10:06:25.964,2.0683,2.06875,4.80,2.00
2008.05.28 10:06:27.856,2.0683,2.0687,4.80,1.00
2008.05.28 10:06:27.935,2.0682,2.0687,5.20,5.80
2008.05.28 10:06:28.150,2.0682,2.0687,4.80,5.80
2008.05.28 10:06:28.873,2.0683,2.0687,4.80,1.00
2008.05.28 10:06:29.338,2.0683,2.06875,4.80,2.00
2008.05.28 10:06:29.545,2.0684,2.06875,4.80,2.00
2008.05.28 10:06:29.952,2.0683,2.06875,4.80,2.00
2008.05.28 10:06:32.924,2.0683,2.0687,4.80,1.00
2008.05.28 10:06:32.990,2.0682,2.0687,5.20,5.80
2008.05.28 10:06:33.119,2.0682,2.0687,4.80,5.80
2008.05.28 10:06:33.426,2.0682,2.0687,4.90,4.80
2008.05.28 10:06:33.498,2.0683,2.06875,4.80,2.00
2008.05.28 10:06:33.907,2.0684,2.06875,4.80,2.00
2008.05.28 10:06:35.401,2.0684,2.06875,4.80,0.90
2008.05.28 10:06:41.306,2.0684,2.06875,4.80,2.00
2008.05.28 10:06:41.976,2.0683,2.06875,4.80,2.00
2008.05.28 10:06:47.432,2.0683,2.0687,4.80,1.00
2008.05.28 10:06:51.966,2.0683,2.06875,4.80,2.00
2008.05.28 10:06:52.411,2.0683,2.0687,4.80,1.00
2008.05.28 10:06:52.551,2.0683,2.06875,4.80,6.80
2008.05.28 10:06:53.114,2.0683,2.06875,4.80,2.00
2008.05.28 10:06:53.365,2.0682,2.06875,4.90,2.00
2008.05.28 10:06:53.491,2.0683,2.06875,4.80,2.00
2008.05.28 10:06:54.255,2.0682,2.0687,4.90,4.80
2008.05.28 10:06:54.499,2.06825,2.0687,0.20,4.80
2008.05.28 10:06:58.429,2.0682,2.0687,5.40,4.80
2008.05.28 10:07:04.498,2.0682,2.0687,7.30,4.80
2008.05.28 10:07:04.668,2.0683,2.06875,4.80,2.00
2008.05.28 10:07:05.409,2.0683,2.0687,4.80,1.00
2008.05.28 10:07:06.062,2.0683,2.06875,4.80,0.90
2008.05.28 10:07:07.269,2.0683,2.06875,5.20,0.90
2008.05.28 10:07:11.017,2.0683,2.06875,5.20,2.00
2008.05.28 10:07:11.296,2.0683,2.06875,4.80,2.00
2008.05.28 10:07:11.389,2.0683,2.0687,4.80,1.00
2008.05.28 10:07:11.563,2.0682,2.0687,6.70,5.80
2008.05.28 10:07:11.625,2.0682,2.0687,5.70,5.80
2008.05.28 10:07:11.685,2.0682,2.0687,4.80,5.80
2008.05.28 10:07:11.818,2.0682,2.0687,5.20,5.80
2008.05.28 10:07:12.326,2.0682,2.0687,4.80,5.80
2008.05.28 10:07:13.283,2.0682,2.0687,5.20,5.80
2008.05.28 10:07:14.485,2.0682,2.06865,5.20,1.00
2008.05.28 10:07:14.512,2.0682,2.06865,5.20,2.00
2008.05.28 10:07:14.581,2.0682,2.06865,4.80,2.00
2008.05.28 10:07:15.344,2.0681,2.06865,5.40,2.00
2008.05.28 10:07:17.902,2.0681,2.0686,5.20,1.00
2008.05.28 10:07:18.084,2.0681,2.0686,5.20,5.80
2008.05.28 10:07:18.132,2.0681,2.0686,4.80,5.80
2008.05.28 10:07:18.457,2.0681,2.0686,4.90,4.80
2008.05.28 10:07:18.516,2.0682,2.06865,4.80,2.00
2008.05.28 10:07:22.076,2.0681,2.06865,5.40,2.00
2008.05.28 10:07:23.105,2.0682,2.06865,0.20,0.90
2008.05.28 10:07:23.189,2.0682,2.0687,0.20,4.80
2008.05.28 10:07:23.502,2.0682,2.0687,4.90,4.80
2008.05.28 10:07:23.617,2.0682,2.06875,4.90,2.00
2008.05.28 10:07:23.984,2.0682,2.0687,4.80,1.00
2008.05.28 10:07:24.085,2.0682,2.0687,4.80,5.80
2008.05.28 10:07:24.429,2.0682,2.0686,4.80,1.00
2008.05.28 10:07:24.509,2.0681,2.0686,4.90,4.80
2008.05.28 10:07:24.746,2.0682,2.0687,4.90,7.60
2008.05.28 10:07:24.996,2.0682,2.0687,4.90,4.80
2008.05.28 10:07:25.245,2.0682,2.06875,4.90,2.00
2008.05.28 10:07:26.267,2.0681,2.06865,5.40,2.00
2008.05.28 10:07:26.477,2.0682,2.06865,0.20,0.90
2008.05.28 10:07:26.542,2.0682,2.0687,4.90,4.80
2008.05.28 10:07:26.670,2.0682,2.06875,4.90,3.00
2008.05.28 10:07:27.264,2.0682,2.06875,4.90,2.00
2008.05.28 10:07:28.199,2.0682,2.06865,4.80,2.00
2008.05.28 10:07:28.268,2.06815,2.06865,1.90,2.00
2008.05.28 10:07:28.302,2.0681,2.06865,5.40,2.00
2008.05.28 10:07:31.051,2.06815,2.06865,0.20,0.90
2008.05.28 10:07:31.107,2.0682,2.06865,4.80,0.90
2008.05.28 10:07:32.042,2.0682,2.06865,4.80,2.00
2008.05.28 10:07:32.168,2.0681,2.06865,5.40,2.00
2008.05.28 10:07:36.067,2.0681,2.0686,5.40,4.80
2008.05.28 10:07:36.401,2.0681,2.06865,5.40,2.00
2008.05.28 10:07:37.125,2.0682,2.06865,0.20,0.90
2008.05.28 10:07:37.464,2.0682,2.0687,0.20,4.80
2008.05.28 10:07:37.539,2.0682,2.0687,4.90,4.80
2008.05.28 10:07:37.614,2.0682,2.06875,4.90,4.90
2008.05.28 10:07:37.690,2.0682,2.06875,4.90,2.00
2008.05.28 10:07:38.975,2.0683,2.06875,0.20,0.90
2008.05.28 10:07:39.137,2.0684,2.06875,4.80,0.90
2008.05.28 10:07:39.425,2.0684,2.06875,4.80,2.00
2008.05.28 10:07:39.479,2.0683,2.06875,4.80,2.00
2008.05.28 10:07:39.534,2.0682,2.06875,5.40,2.00
2008.05.28 10:07:39.718,2.0682,2.0687,5.40,4.80
2008.05.28 10:07:39.926,2.0682,2.0687,4.90,4.80
2008.05.28 10:07:40.782,2.0682,2.06875,4.90,2.00
2008.05.28 10:07:44.884,2.0683,2.0688,0.20,4.80
2008.05.28 10:07:45.067,2.0683,2.0687,0.20,4.80
2008.05.28 10:07:46.568,2.0682,2.0687,5.40,4.80
2008.05.28 10:07:46.614,2.0682,2.0687,4.90,4.80
2008.05.28 10:07:47.264,2.0683,2.06875,4.80,1.00
2008.05.28 10:07:48.082,2.0683,2.0686,4.80,1.00
2008.05.28 10:07:48.288,2.0682,2.0686,4.80,1.00
2008.05.28 10:07:48.680,2.0682,2.06855,4.80,1.00
2008.05.28 10:07:48.836,2.0681,2.06855,4.80,1.00
2008.05.28 10:07:49.604,2.0681,2.0686,4.80,1.00
2008.05.28 10:07:49.773,2.0682,2.0686,4.80,1.00
2008.05.28 10:07:50.062,2.0682,2.06835,4.80,1.00
2008.05.28 10:07:50.208,2.068,2.06835,5.20,1.00
2008.05.28 10:07:50.498,2.068,2.06835,4.80,1.00
2008.05.28 10:07:50.644,2.0679,2.06835,4.80,1.00
2008.05.28 10:07:51.032,2.0679,2.06825,4.80,1.00
2008.05.28 10:07:51.419,2.0678,2.06825,4.80,1.00
2008.05.28 10:07:51.549,2.0678,2.0683,4.90,5.80
2008.05.28 10:07:51.789,2.0679,2.0683,4.80,1.00
2008.05.28 10:07:52.241,2.0678,2.0683,4.90,5.80
2008.05.28 10:07:52.460,2.0678,2.06825,4.80,1.00
2008.05.28 10:07:52.570,2.068,2.06825,4.80,1.00
2008.05.28 10:07:52.788,2.068,2.0683,4.80,1.00
2008.05.28 10:07:53.100,2.0678,2.0683,5.40,4.80
2008.05.28 10:07:53.205,2.0679,2.0683,0.20,4.80
2008.05.28 10:07:53.416,2.0679,2.06825,4.80,1.00
2008.05.28 10:07:53.625,2.0679,2.0683,4.80,1.00
2008.05.28 10:07:53.730,2.0679,2.06825,4.80,0.90
2008.05.28 10:07:53.967,2.06785,2.0683,0.20,4.80
2008.05.28 10:07:54.204,2.0679,2.06825,4.80,2.00
2008.05.28 10:07:54.461,2.0678,2.06825,4.80,2.00
2008.05.28 10:07:54.919,2.0678,2.0682,4.80,1.00
2008.05.28 10:07:55.930,2.0678,2.0682,4.80,5.80
2008.05.28 10:07:57.018,2.0678,2.0682,4.80,4.80
2008.05.28 10:07:57.047,2.0678,2.06825,4.80,0.90
2008.05.28 10:07:57.163,2.0679,2.06825,4.80,0.90
2008.05.28 10:07:57.245,2.06795,2.06825,0.20,0.90
2008.05.28 10:07:57.275,2.068,2.06825,4.80,0.90
2008.05.28 10:07:57.385,2.068,2.06845,4.80,3.00
2008.05.28 10:07:57.417,2.068,2.06845,4.80,2.00
2008.05.28 10:07:57.904,2.06805,2.06845,0.20,0.90
2008.05.28 10:07:58.104,2.068,2.0684,4.80,1.00
2008.05.28 10:07:58.306,2.068,2.0685,4.90,5.80
2008.05.28 10:07:58.706,2.06805,2.0685,0.20,4.80
2008.05.28 10:07:58.937,2.0681,2.06855,4.80,1.00
2008.05.28 10:07:59.753,2.0681,2.06845,4.80,1.00
2008.05.28 10:07:59.979,2.068,2.06845,4.80,2.00
2008.05.28 10:08:00.205,2.068,2.06845,4.80,0.90
2008.05.28 10:08:00.430,2.068,2.0685,5.20,5.80
2008.05.28 10:08:00.655,2.068,2.06845,5.20,0.90
2008.05.28 10:08:01.593,2.068,2.06845,6.20,0.90
2008.05.28 10:08:01.772,2.068,2.06845,7.20,0.90
2008.05.28 10:08:05.106,2.06805,2.06845,0.20,0.90
2008.05.28 10:08:05.242,2.0681,2.06855,4.80,0.90
2008.05.28 10:08:06.312,2.0682,2.06855,4.80,0.90
2008.05.28 10:08:06.773,2.0681,2.06855,4.80,0.90
2008.05.28 10:08:07.210,2.0681,2.06855,5.20,0.90
2008.05.28 10:08:07.556,2.0681,2.06855,5.20,2.00
2008.05.28 10:08:07.694,2.0681,2.06855,4.80,2.00
2008.05.28 10:08:08.045,2.0681,2.0685,4.80,1.00
2008.05.28 10:08:08.163,2.0681,2.06845,4.80,0.90
2008.05.28 10:08:10.051,2.06815,2.06845,0.90,0.90
2008.05.28 10:08:11.117,2.0682,2.06845,4.80,0.90
2008.05.28 10:08:11.200,2.0682,2.06855,4.80,0.90
2008.05.28 10:08:12.725,2.0682,2.06865,4.80,0.90
2008.05.28 10:08:14.742,2.0682,2.06865,5.80,0.90
2008.05.28 10:08:14.846,2.0683,2.06865,4.80,0.90
2008.05.28 10:08:15.080,2.0683,2.06855,4.80,1.00
2008.05.28 10:08:15.185,2.0683,2.06855,4.80,2.00
2008.05.28 10:08:15.413,2.06825,2.06855,0.90,2.00
2008.05.28 10:08:15.518,2.06815,2.06855,0.90,2.00
2008.05.28 10:08:15.623,2.06815,2.06855,0.90,0.90
2008.05.28 10:08:15.727,2.06815,2.0686,0.90,4.80
2008.05.28 10:08:15.842,2.0682,2.06865,4.80,2.00
2008.05.28 10:08:16.637,2.0682,2.0686,4.80,1.00
2008.05.28 10:08:16.884,2.0681,2.0686,4.80,5.80
2008.05.28 10:08:17.234,2.06815,2.0686,0.20,4.80
2008.05.28 10:08:17.350,2.0682,2.06865,4.80,1.00
2008.05.28 10:08:17.485,2.06825,2.0687,0.20,4.80
2008.05.28 10:08:17.601,2.06825,2.0687,1.90,5.80
2008.05.28 10:08:17.724,2.06825,2.06865,1.90,0.90
2008.05.28 10:08:17.889,2.0683,2.06875,4.80,1.00
2008.05.28 10:08:18.544,2.0685,2.0687,4.80,1.00
2008.05.28 10:08:18.728,2.0685,2.0688,4.80,1.00
2008.05.28 10:08:19.287,2.0683,2.06855,5.20,1.00
2008.05.28 10:08:19.428,2.0683,2.06865,4.80,0.90
2008.05.28 10:08:19.592,2.0682,2.06865,4.90,0.90
2008.05.28 10:08:19.710,2.06825,2.0687,0.20,4.80
2008.05.28 10:08:20.185,2.0682,2.0686,0.20,4.80
2008.05.28 10:08:20.521,2.0682,2.0687,4.90,4.80
2008.05.28 10:08:20.857,2.0682,2.06875,4.90,3.90
2008.05.28 10:08:20.988,2.0682,2.06875,4.90,1.00
2008.05.28 10:08:21.118,2.0683,2.0688,4.80,5.80
2008.05.28 10:08:21.377,2.0684,2.0688,4.80,1.00
2008.05.28 10:08:21.507,2.0684,2.06885,4.80,1.00
2008.05.28 10:08:21.640,2.0684,2.0688,4.80,1.00
2008.05.28 10:08:21.770,2.0684,2.06875,4.80,0.90
2008.05.28 10:08:21.898,2.0683,2.06875,4.80,0.90
2008.05.28 10:08:22.039,2.0684,2.06875,4.80,0.90
2008.05.28 10:08:22.319,2.0683,2.06875,4.80,0.90
2008.05.28 10:08:22.460,2.0683,2.06875,4.90,0.90
2008.05.28 10:08:22.600,2.0684,2.06885,4.80,1.00
2008.05.28 10:08:22.878,2.0684,2.0688,4.80,1.00
2008.05.28 10:08:23.019,2.0683,2.06875,4.80,0.90
2008.05.28 10:08:23.297,2.0684,2.06875,4.80,0.90
2008.05.28 10:08:23.713,2.0683,2.0688,4.80,5.80
2008.05.28 10:08:24.074,2.0683,2.06875,4.80,1.00
2008.05.28 10:08:24.184,2.0682,2.0687,4.90,4.80
2008.05.28 10:08:24.622,2.0683,2.06875,4.80,0.90
2008.05.28 10:08:24.841,2.0684,2.06875,4.80,0.90
2008.05.28 10:08:25.145,2.0683,2.0688,4.90,4.80
2008.05.28 10:08:25.730,2.0683,2.0688,4.80,5.80
2008.05.28 10:08:26.699,2.0683,2.06875,4.80,0.90
2008.05.28 10:08:27.482,2.0683,2.06875,5.20,0.90
2008.05.28 10:08:28.346,2.0683,2.06875,4.80,0.90
2008.05.28 10:08:28.564,2.0683,2.06875,4.80,2.00
2008.05.28 10:08:32.073,2.0683,2.06875,4.80,0.90
2008.05.28 10:08:33.774,2.0683,2.06875,5.20,0.90
2008.05.28 10:08:34.111,2.0684,2.06875,4.80,0.90
2008.05.28 10:08:34.619,2.0684,2.06875,4.80,2.00
2008.05.28 10:08:34.789,2.0684,2.06875,4.80,0.90
2008.05.28 10:08:34.979,2.0683,2.06875,4.80,2.00
2008.05.28 10:08:35.318,2.0683,2.0688,4.80,5.80
2008.05.28 10:08:35.488,2.0684,2.06885,4.80,3.00
2008.05.28 10:08:35.658,2.0684,2.06885,4.80,1.00
2008.05.28 10:08:35.783,2.0684,2.06875,4.80,0.90
2008.05.28 10:08:36.033,2.0684,2.0688,4.80,1.00
2008.05.28 10:08:37.218,2.0684,2.06885,4.80,1.00
2008.05.28 10:08:38.103,2.0684,2.0688,4.80,1.00
2008.05.28 10:08:38.178,2.0684,2.0689,4.80,5.80
2008.05.28 10:08:38.323,2.0684,2.06885,4.80,0.90
2008.05.28 10:08:38.573,2.0683,2.0688,5.20,5.80
2008.05.28 10:08:38.697,2.0683,2.0688,4.80,5.80
2008.05.28 10:08:38.823,2.0684,2.0688,4.80,1.00
2008.05.28 10:08:38.950,2.0684,2.0689,4.80,1.00
2008.05.28 10:08:39.076,2.0685,2.0689,4.80,1.00
2008.05.28 10:08:39.371,2.0685,2.06895,4.80,1.00
2008.05.28 10:08:39.732,2.0685,2.069,4.80,1.00
2008.05.28 10:08:40.070,2.0686,2.069,4.80,1.00
2008.05.28 10:08:40.241,2.0686,2.0691,4.80,5.80
2008.05.28 10:08:40.609,2.0686,2.0691,4.90,4.80
2008.05.28 10:08:40.797,2.0687,2.0691,4.80,1.00
2008.05.28 10:08:40.983,2.06875,2.0692,0.20,4.80
2008.05.28 10:08:41.168,2.0688,2.06925,4.80,1.00
2008.05.28 10:08:41.650,2.0688,2.0692,4.80,1.00
2008.05.28 10:08:42.097,2.0688,2.06915,4.80,1.00
2008.05.28 10:08:42.241,2.0688,2.06915,4.80,0.90
2008.05.28 10:08:42.525,2.0687,2.06915,4.80,0.90
2008.05.28 10:08:43.222,2.0687,2.06915,4.80,0.50
2008.05.28 10:08:43.381,2.0687,2.0691,4.80,0.80
2008.05.28 10:08:43.457,2.0687,2.06915,4.80,1.30
2008.05.28 10:08:43.645,2.0687,2.06915,5.20,0.90
2008.05.28 10:08:44.694,2.0688,2.06915,0.60,0.90
2008.05.28 10:08:44.835,2.0688,2.06915,5.20,0.90
2008.05.28 10:08:45.257,2.06885,2.06915,0.60,0.90
2008.05.28 10:08:45.397,2.06885,2.06925,0.60,0.90
2008.05.28 10:08:45.699,2.0688,2.06925,5.20,0.90
2008.05.28 10:08:52.018,2.0688,2.06925,5.20,0.70
2008.05.28 10:08:52.401,2.06885,2.0693,0.90,0.50
2008.05.28 10:08:53.264,2.0688,2.0693,5.20,0.50
2008.05.28 10:08:53.344,2.0688,2.0693,5.20,0.70
2008.05.28 10:08:54.265,2.0688,2.0693,5.20,0.80
2008.05.28 10:08:54.458,2.0688,2.0693,5.20,0.60
2008.05.28 10:08:54.699,2.0688,2.0693,5.20,1.10
2008.05.28 10:08:54.816,2.0688,2.0693,5.70,0.50
2008.05.28 10:08:54.905,2.0688,2.0693,5.70,1.60
2008.05.28 10:08:56.147,2.0688,2.06925,4.80,0.60
2008.05.28 10:08:56.305,2.06875,2.0692,0.90,0.60
2008.05.28 10:08:56.445,2.06875,2.0692,0.90,1.10
2008.05.28 10:08:57.499,2.06875,2.0692,0.90,1.80
2008.05.28 10:08:58.300,2.06875,2.06925,0.90,4.90
2008.05.28 10:08:58.414,2.06875,2.06925,0.90,2.20
2008.05.28 10:08:58.539,2.06875,2.06925,0.90,1.90
2008.05.28 10:08:58.795,2.06875,2.0693,0.80,4.20
2008.05.28 10:08:58.807,2.06875,2.0693,1.40,5.10
2008.05.28 10:08:58.968,2.06875,2.0693,1.40,4.20
2008.05.28 10:08:59.015,2.06875,2.06925,1.40,0.90
2008.05.28 10:08:59.224,2.06875,2.0693,1.40,4.20
2008.05.28 10:08:59.705,2.06875,2.06925,0.90,0.40
2008.05.28 10:08:59.904,2.06875,2.0692,0.90,0.40
2008.05.28 10:09:00.454,2.06875,2.0691,0.90,3.60
2008.05.28 10:09:00.646,2.06875,2.0691,0.80,3.60
2008.05.28 10:09:00.777,2.06875,2.0691,0.90,3.60
2008.05.28 10:09:00.845,2.06875,2.0692,0.90,3.60
2008.05.28 10:09:01.355,2.06875,2.0691,0.90,3.60
2008.05.28 10:09:02.622,2.06875,2.0692,1.30,3.60
2008.05.28 10:09:02.785,2.06875,2.0692,0.90,3.60
2008.05.28 10:09:03.095,2.0686,2.06905,3.20,0.90
2008.05.28 10:09:03.273,2.0686,2.06905,1.60,5.70
2008.05.28 10:09:03.430,2.0686,2.069,0.50,2.80
2008.05.28 10:09:03.585,2.0685,2.069,2.90,6.80
2008.05.28 10:09:03.767,2.0685,2.069,2.50,3.90
2008.05.28 10:09:04.009,2.06855,2.069,0.60,3.90
2008.05.28 10:09:04.248,2.0685,2.069,2.00,3.90
2008.05.28 10:09:04.490,2.0685,2.0689,0.90,3.90
2008.05.28 10:09:04.970,2.06855,2.0689,0.90,3.90
2008.05.28 10:09:05.189,2.0686,2.0689,0.90,3.90
2008.05.28 10:09:05.410,2.06855,2.0689,0.90,3.90
2008.05.28 10:09:05.957,2.06855,2.069,0.90,4.50
2008.05.28 10:09:06.612,2.06855,2.0689,0.90,4.30
2008.05.28 10:09:07.457,2.06855,2.0689,0.60,4.30
2008.05.28 10:09:07.758,2.06865,2.0689,0.90,4.30
2008.05.28 10:09:07.859,2.06855,2.06895,1.00,0.90
2008.05.28 10:09:07.988,2.06855,2.06895,1.60,0.90
2008.05.28 10:09:08.119,2.06855,2.069,1.00,4.30
2008.05.28 10:09:08.250,2.06865,2.0691,0.90,4.30
2008.05.28 10:09:08.637,2.06865,2.069,0.90,4.30
2008.05.28 10:09:09.664,2.06865,2.069,0.90,4.80
2008.05.28 10:09:10.171,2.06865,2.0691,0.90,4.80
2008.05.28 10:09:11.247,2.0687,2.0691,0.70,4.80
2008.05.28 10:09:12.038,2.0687,2.0692,0.80,4.80
2008.05.28 10:09:17.484,2.0687,2.06905,3.00,6.70
2008.05.28 10:09:17.506,2.0687,2.069,1.90,1.00
2008.05.28 10:09:17.578,2.0687,2.069,1.80,2.00
2008.05.28 10:09:17.598,2.0687,2.06895,2.40,0.90
2008.05.28 10:09:17.715,2.0687,2.0689,2.30,1.00
2008.05.28 10:09:17.842,2.0685,2.0688,1.00,4.80
2008.05.28 10:09:18.087,2.0684,2.0688,2.80,4.80
2008.05.28 10:09:18.184,2.06835,2.0687,0.90,4.80
2008.05.28 10:09:18.514,2.06835,2.0688,1.10,4.80
2008.05.28 10:09:18.827,2.0683,2.0688,1.50,5.80
2008.05.28 10:09:19.151,2.0682,2.0687,0.90,5.80
2008.05.28 10:09:19.485,2.0682,2.0687,2.70,5.80
2008.05.28 10:09:19.714,2.06815,2.0686,0.70,4.80
2008.05.28 10:09:20.310,2.0682,2.0687,2.60,5.80
2008.05.28 10:09:20.740,2.06825,2.0687,0.50,4.80
2008.05.28 10:09:21.557,2.06815,2.0686,1.70,4.80
2008.05.28 10:09:21.776,2.06815,2.0685,0.90,4.80
2008.05.28 10:09:23.219,2.06815,2.0685,1.40,4.80
2008.05.28 10:09:23.443,2.06815,2.0686,1.40,4.80
2008.05.28 10:09:24.956,2.0683,2.06875,3.10,7.60
2008.05.28 10:09:25.031,2.0683,2.06875,2.60,3.80
2008.05.28 10:09:25.067,2.06835,2.06875,0.90,2.80
2008.05.28 10:09:25.102,2.06835,2.0688,0.90,5.70
2008.05.28 10:09:25.463,2.06835,2.0688,0.90,4.80
2008.05.28 10:09:25.725,2.06835,2.0688,1.30,4.80
2008.05.28 10:09:25.850,2.0684,2.0688,0.60,4.80
2008.05.28 10:09:25.979,2.06835,2.0688,1.20,4.80
2008.05.28 10:09:26.276,2.0684,2.0688,1.50,4.80
2008.05.28 10:09:27.475,2.0684,2.0688,1.10,5.80
2008.05.28 10:09:27.510,2.06835,2.0688,0.90,5.80
2008.05.28 10:09:27.726,2.06835,2.0688,0.90,4.80
2008.05.28 10:09:27.762,2.0684,2.0688,2.20,4.80
2008.05.28 10:09:27.832,2.0684,2.06885,2.30,3.00
2008.05.28 10:09:27.925,2.06845,2.06875,0.90,1.00
2008.05.28 10:09:28.046,2.0682,2.06865,0.80,0.90
2008.05.28 10:09:28.236,2.0682,2.06865,1.90,0.90
2008.05.28 10:09:28.285,2.06825,2.06865,0.90,0.90
2008.05.28 10:09:28.388,2.0683,2.06865,0.50,0.90
2008.05.28 10:09:28.632,2.0683,2.0688,0.60,4.80
2008.05.28 10:09:29.417,2.0684,2.06885,2.30,2.00
2008.05.28 10:09:29.696,2.0683,2.06865,2.50,0.90
2008.05.28 10:09:30.700,2.0683,2.06865,0.70,0.90
2008.05.28 10:09:30.906,2.0683,2.06865,1.20,0.90
2008.05.28 10:09:31.316,2.0683,2.06865,2.00,0.90
2008.05.28 10:09:31.864,2.06825,2.06865,0.90,0.90
2008.05.28 10:09:34.858,2.0683,2.06865,1.00,0.90
2008.05.28 10:09:35.243,2.06825,2.06865,0.90,0.90
2008.05.28 10:09:40.378,2.06835,2.0687,0.90,4.80
2008.05.28 10:09:40.512,2.06835,2.06875,0.90,1.00
2008.05.28 10:09:40.932,2.06835,2.06865,0.90,0.90
2008.05.28 10:09:50.708,2.06845,2.06865,1.00,0.90
2008.05.28 10:09:50.980,2.06845,2.0688,2.00,5.70
2008.05.28 10:09:51.144,2.06845,2.06885,2.00,1.90
2008.05.28 10:09:51.473,2.06845,2.0689,2.00,4.80
2008.05.28 10:09:52.781,2.0685,2.0689,1.00,4.80
2008.05.28 10:09:53.153,2.0685,2.06895,5.80,0.90
2008.05.28 10:09:53.373,2.0685,2.0689,4.80,1.00
2008.05.28 10:09:53.468,2.06865,2.0689,0.90,1.00
2008.05.28 10:09:53.752,2.06865,2.06895,0.90,3.90
2008.05.28 10:09:53.848,2.0684,2.0689,7.80,4.80
2008.05.28 10:09:53.945,2.0684,2.0689,5.80,4.80
2008.05.28 10:09:54.682,2.0684,2.0688,1.00,4.80
2008.05.28 10:09:54.814,2.0683,2.0688,5.80,4.80
2008.05.28 10:09:55.324,2.06835,2.0688,1.00,4.80
2008.05.28 10:09:55.722,2.0683,2.0688,5.80,4.80
2008.05.28 10:09:55.975,2.0683,2.0688,1.00,4.80
2008.05.28 10:09:56.410,2.0683,2.0687,1.00,4.80
2008.05.28 10:09:56.809,2.06825,2.0687,2.00,4.80
2008.05.28 10:09:57.010,2.06825,2.0687,1.00,4.80
2008.05.28 10:09:57.325,2.06825,2.06865,1.00,0.90
2008.05.28 10:09:57.871,2.0683,2.06865,4.80,0.90
2008.05.28 10:09:57.913,2.06835,2.06865,1.00,0.90
2008.05.28 10:09:58.246,2.06845,2.0688,1.00,5.70
2008.05.28 10:09:58.326,2.06845,2.06885,1.00,0.90
2008.05.28 10:09:58.821,2.0686,2.06885,1.00,0.90
2008.05.28 10:09:58.902,2.0686,2.069,1.00,4.80
2008.05.28 10:09:59.217,2.06855,2.06905,0.90,3.90
2008.05.28 10:09:59.375,2.06855,2.069,0.90,1.00
2008.05.28 10:09:59.511,2.06845,2.069,1.00,5.80
2008.05.28 10:09:59.646,2.06845,2.0689,1.00,4.80
2008.05.28 10:10:02.207,2.0686,2.0689,1.00,4.80
2008.05.28 10:10:02.387,2.0686,2.069,1.00,4.80
2008.05.28 10:10:02.933,2.0686,2.06905,1.00,2.80
2008.05.28 10:10:04.830,2.0687,2.0691,1.00,5.70
2008.05.28 10:10:04.931,2.0686,2.0691,1.00,5.70
2008.05.28 10:10:04.981,2.0686,2.0691,5.80,5.70
2008.05.28 10:10:05.031,2.0686,2.0691,5.80,4.80
2008.05.28 10:10:05.288,2.0687,2.0691,4.80,4.80
2008.05.28 10:10:05.436,2.06855,2.0691,2.00,5.80
2008.05.28 10:10:05.487,2.06855,2.06905,2.00,0.90
2008.05.28 10:10:06.496,2.06855,2.06905,2.00,2.80
2008.05.28 10:10:10.438,2.06865,2.06905,1.00,1.90
2008.05.28 10:10:10.563,2.06865,2.0691,1.00,5.70
2008.05.28 10:10:10.712,2.06865,2.0691,1.00,4.80
2008.05.28 10:10:10.839,2.06865,2.069,1.00,4.80
2008.05.28 10:10:10.963,2.06865,2.0691,1.00,4.80
2008.05.28 10:10:11.213,2.0687,2.06915,4.80,0.90
2008.05.28 10:10:11.338,2.0687,2.0691,4.80,4.80
2008.05.28 10:10:13.857,2.06875,2.0691,1.00,4.80
2008.05.28 10:10:13.937,2.06875,2.06915,1.00,0.90
2008.05.28 10:10:14.170,2.0687,2.06915,4.80,0.90
2008.05.28 10:10:14.248,2.06865,2.0691,2.00,4.80
2008.05.28 10:10:14.288,2.06865,2.0691,0.90,5.80
2008.05.28 10:10:14.599,2.06865,2.069,0.90,4.80
2008.05.28 10:10:14.810,2.06865,2.0691,2.00,4.80
2008.05.28 10:10:15.353,2.06865,2.0691,0.90,4.80
2008.05.28 10:10:15.511,2.0687,2.0691,5.80,4.80
2008.05.28 10:10:15.924,2.06865,2.0691,2.00,4.80
2008.05.28 10:10:16.134,2.0687,2.06915,4.80,0.90
2008.05.28 10:10:16.974,2.0687,2.06915,5.80,0.90
2008.05.28 10:10:17.866,2.06875,2.0692,2.00,4.80
2008.05.28 10:10:18.333,2.06875,2.0692,0.90,5.80
2008.05.28 10:10:18.471,2.0687,2.06915,4.80,0.90
2008.05.28 10:10:18.540,2.0687,2.0691,4.80,4.80
2008.05.28 10:10:20.004,2.0687,2.0691,4.80,5.80
2008.05.28 10:10:20.171,2.0687,2.06905,4.80,0.90
2008.05.28 10:10:20.352,2.0687,2.06905,4.80,0.90
2008.05.28 10:10:20.512,2.06855,2.06905,2.00,0.90
2008.05.28 10:10:20.831,2.0686,2.06905,1.00,0.90
2008.05.28 10:10:20.992,2.0686,2.06905,5.80,0.90
2008.05.28 10:10:23.467,2.0686,2.06905,5.80,2.40
2008.05.28 10:10:23.741,2.06865,2.0691,0.90,2.20
2008.05.28 10:10:24.524,2.06865,2.0691,0.90,1.00
2008.05.28 10:10:24.845,2.0687,2.0691,0.70,1.60
2008.05.28 10:10:24.916,2.06875,2.0691,0.90,1.30
2008.05.28 10:10:24.944,2.06875,2.06915,0.90,1.10
2008.05.28 10:10:25.018,2.06875,2.0692,0.90,2.90
2008.05.28 10:10:25.347,2.06875,2.0692,0.90,8.70
2008.05.28 10:10:25.674,2.06875,2.0691,0.90,4.80
2008.05.28 10:10:33.455,2.06875,2.0692,0.90,7.80
2008.05.28 10:10:33.917,2.06875,2.0692,0.90,6.70
2008.05.28 10:10:33.984,2.06875,2.06915,0.90,1.00
2008.05.28 10:10:34.301,2.06875,2.0691,0.90,4.80
2008.05.28 10:10:34.883,2.06875,2.0691,0.90,5.80
2008.05.28 10:10:35.111,2.06875,2.069,0.90,4.80
2008.05.28 10:10:35.227,2.06875,2.069,0.90,5.80
2008.05.28 10:10:35.702,2.06875,2.069,0.90,4.80
2008.05.28 10:10:36.812,2.06875,2.069,0.90,5.80
2008.05.28 10:10:37.112,2.06855,2.069,0.90,4.80
2008.05.28 10:10:37.293,2.06855,2.069,0.90,5.80
2008.05.28 10:10:37.494,2.06855,2.0689,0.90,4.80
2008.05.28 10:10:42.267,2.06855,2.06895,0.90,0.90
2008.05.28 10:10:42.479,2.06855,2.0689,0.90,4.80
2008.05.28 10:10:46.368,2.0686,2.06895,0.50,0.90
2008.05.28 10:10:46.514,2.06865,2.06895,0.90,0.90
2008.05.28 10:10:46.802,2.06865,2.06905,0.90,1.90
2008.05.28 10:10:47.101,2.06865,2.0691,0.90,7.80
2008.05.28 10:10:48.077,2.06865,2.0691,0.90,6.80
2008.05.28 10:10:48.459,2.06865,2.0691,0.90,7.80
2008.05.28 10:10:48.874,2.06865,2.06895,0.90,1.90
2008.05.28 10:10:59.977,2.06865,2.0689,0.90,4.80
2008.05.28 10:11:00.472,2.06865,2.06885,0.90,1.90
2008.05.28 10:11:00.496,2.06845,2.0688,5.70,4.80
2008.05.28 10:11:00.683,2.06845,2.0688,2.00,4.80
2008.05.28 10:11:01.179,2.06845,2.06885,2.00,1.90
2008.05.28 10:11:03.417,2.06845,2.06885,0.90,3.00
2008.05.28 10:11:03.660,2.06845,2.0688,0.90,4.80
2008.05.28 10:11:05.544,2.06845,2.06885,0.90,1.90
2008.05.28 10:11:06.909,2.0685,2.06885,1.00,1.90
2008.05.28 10:11:07.151,2.06855,2.06885,0.90,1.90
2008.05.28 10:11:08.062,2.06865,2.06885,0.90,1.90
2008.05.28 10:11:08.663,2.06865,2.069,0.90,5.70
2008.05.28 10:11:08.763,2.06865,2.069,0.90,0.90
2008.05.28 10:11:08.865,2.06865,2.06905,0.90,3.00
2008.05.28 10:11:08.981,2.0686,2.06905,4.80,3.00
2008.05.28 10:11:09.305,2.0685,2.069,5.80,4.80
2008.05.28 10:11:09.504,2.06855,2.069,1.00,4.80
2008.05.28 10:11:09.632,2.06855,2.069,0.70,4.80
2008.05.28 10:11:10.104,2.06865,2.06905,0.90,1.90
2008.05.28 10:11:10.854,2.06865,2.06895,0.90,1.90
2008.05.28 10:11:11.963,2.0686,2.06895,4.80,1.90
2008.05.28 10:11:12.131,2.0685,2.06895,5.80,1.90
2008.05.28 10:11:12.391,2.0685,2.06895,1.00,1.90
2008.05.28 10:11:12.625,2.0685,2.06885,2.80,1.90
2008.05.28 10:11:13.116,2.0685,2.06885,0.60,1.90
2008.05.28 10:11:13.374,2.0685,2.06885,2.70,1.90
2008.05.28 10:11:13.505,2.06865,2.06885,0.70,1.90
2008.05.28 10:11:13.640,2.06865,2.069,0.90,4.80
2008.05.28 10:11:13.770,2.06865,2.06905,0.50,1.90
2008.05.28 10:11:13.901,2.0687,2.06905,0.80,1.90
2008.05.28 10:11:14.074,2.0687,2.0691,0.50,5.70
2008.05.28 10:11:14.281,2.0688,2.0692,0.80,5.70
2008.05.28 10:11:14.481,2.06885,2.0691,0.90,4.80
2008.05.28 10:11:14.903,2.0689,2.0692,0.80,0.90
2008.05.28 10:11:15.105,2.06895,2.0693,0.80,0.90
2008.05.28 10:11:15.307,2.06905,2.0693,0.80,5.70
2008.05.28 10:11:15.510,2.06895,2.0693,0.90,5.80
2008.05.28 10:11:15.711,2.0688,2.0692,1.80,1.00
2008.05.28 10:11:15.913,2.0688,2.06915,1.00,1.00
2008.05.28 10:11:15.971,2.0688,2.06915,0.50,0.50
2008.05.28 10:11:16.473,2.06875,2.06905,0.90,0.50
2008.05.28 10:11:16.809,2.0686,2.06905,1.80,0.70
2008.05.28 10:11:17.146,2.06855,2.06895,1.60,0.90
2008.05.28 10:11:17.211,2.06855,2.06895,0.90,0.90
2008.05.28 10:11:17.426,2.06865,2.06895,1.00,0.90
2008.05.28 10:11:17.493,2.06865,2.069,2.00,2.10
2008.05.28 10:11:17.504,2.06865,2.069,0.70,1.10
2008.05.28 10:11:17.621,2.0687,2.06905,0.50,0.90
2008.05.28 10:11:17.904,2.0687,2.06905,2.30,1.30
2008.05.28 10:11:18.037,2.06855,2.06895,0.80,0.90
2008.05.28 10:11:18.314,2.0685,2.06895,0.70,0.90
2008.05.28 10:11:18.519,2.06855,2.069,0.50,4.80
2008.05.28 10:11:18.839,2.06855,2.06905,0.60,0.90
2008.05.28 10:11:19.014,2.0685,2.06905,1.30,2.00
2008.05.28 10:11:19.190,2.06855,2.06905,0.90,2.00
2008.05.28 10:11:19.301,2.0686,2.06905,1.00,2.00
2008.05.28 10:11:19.510,2.0686,2.06905,2.50,0.90
2008.05.28 10:11:20.132,2.06855,2.06905,1.10,0.90
2008.05.28 10:11:20.350,2.06855,2.069,0.90,4.80
2008.05.28 10:11:20.465,2.0686,2.069,0.60,4.80
2008.05.28 10:11:20.582,2.06865,2.069,0.90,4.80
2008.05.28 10:11:20.926,2.06865,2.06905,0.90,0.90
2008.05.28 10:11:21.937,2.06875,2.06915,1.20,0.90
2008.05.28 10:11:22.273,2.06875,2.06915,0.90,1.90
2008.05.28 10:11:22.394,2.06875,2.06915,0.90,0.90
2008.05.28 10:11:22.515,2.06875,2.0691,0.90,4.80
2008.05.28 10:11:22.772,2.06875,2.06915,0.90,0.90
2008.05.28 10:11:23.132,2.06875,2.06905,0.90,0.90
2008.05.28 10:11:25.193,2.06875,2.06905,0.90,2.00
2008.05.28 10:11:25.305,2.06875,2.069,0.90,4.80
2008.05.28 10:11:25.415,2.0685,2.06885,3.00,0.90
2008.05.28 10:11:25.572,2.0686,2.06905,3.00,0.90
2008.05.28 10:11:25.729,2.0686,2.069,0.80,4.80
2008.05.28 10:11:26.063,2.0687,2.069,0.80,4.80
2008.05.28 10:11:26.219,2.0687,2.0691,0.50,4.80
2008.05.28 10:11:26.533,2.0687,2.06905,0.60,0.90
2008.05.28 10:11:26.868,2.06885,2.0691,0.90,4.80
2008.05.28 10:11:27.205,2.0687,2.06905,3.00,0.90
2008.05.28 10:11:27.544,2.0687,2.0692,2.30,4.80
2008.05.28 10:11:27.801,2.0688,2.06925,2.00,2.00
2008.05.28 10:11:28.209,2.0688,2.0692,1.60,2.80
2008.05.28 10:11:28.470,2.0688,2.06925,0.70,2.00
2008.05.28 10:11:28.600,2.0688,2.06915,1.00,0.90
2008.05.28 10:11:28.799,2.0688,2.0692,0.80,4.80
2008.05.28 10:11:29.137,2.06875,2.0692,0.90,4.80
2008.05.28 10:11:29.308,2.0688,2.0693,2.60,6.30
2008.05.28 10:11:29.480,2.0688,2.0693,1.40,5.20
2008.05.28 10:11:29.884,2.0688,2.0693,1.20,4.80
2008.05.28 10:11:30.101,2.0688,2.06915,1.00,0.90
2008.05.28 10:11:30.315,2.06875,2.06915,0.90,0.90
2008.05.28 10:11:31.072,2.0688,2.06915,1.10,0.90
2008.05.28 10:11:31.196,2.06875,2.06915,0.90,0.90
2008.05.28 10:11:31.310,2.06875,2.06915,0.90,2.60
2008.05.28 10:11:31.421,2.06875,2.06915,0.90,4.50
2008.05.28 10:11:31.548,2.06875,2.06905,0.90,0.60
2008.05.28 10:11:31.886,2.06885,2.06905,0.90,0.60
2008.05.28 10:11:32.223,2.06865,2.06905,0.90,0.90
2008.05.28 10:11:32.560,2.06865,2.0691,0.90,4.80
2008.05.28 10:11:32.895,2.0687,2.0691,1.20,5.20
2008.05.28 10:11:33.090,2.06865,2.06905,0.90,0.90
2008.05.28 10:11:33.286,2.0687,2.06905,1.90,0.90
2008.05.28 10:11:33.701,2.0687,2.06915,1.90,0.90
2008.05.28 10:11:33.903,2.0687,2.0691,1.00,4.80
2008.05.28 10:11:34.128,2.06875,2.06915,0.90,2.80
2008.05.28 10:11:34.550,2.0688,2.06915,1.10,2.80
2008.05.28 10:11:34.941,2.06875,2.06915,0.90,2.80
2008.05.28 10:11:35.337,2.0688,2.06915,2.70,2.80
2008.05.28 10:11:35.988,2.0688,2.06915,0.90,2.80
2008.05.28 10:11:36.224,2.0688,2.06925,1.70,2.80
2008.05.28 10:11:37.647,2.06885,2.06925,0.90,1.90
2008.05.28 10:11:37.839,2.06875,2.06895,0.90,1.90
2008.05.28 10:11:37.910,2.06875,2.06895,0.70,1.90
2008.05.28 10:11:37.982,2.06875,2.0691,0.70,0.90
2008.05.28 10:11:38.051,2.06875,2.0692,0.70,4.80
2008.05.28 10:11:38.877,2.0688,2.06925,1.40,7.60
2008.05.28 10:11:39.054,2.0688,2.06895,1.90,1.90
2008.05.28 10:11:39.171,2.0688,2.06905,2.00,1.90
2008.05.28 10:11:39.883,2.0687,2.06905,1.60,1.90
2008.05.28 10:11:40.103,2.0687,2.06905,2.50,1.90
2008.05.28 10:11:40.491,2.06865,2.06905,1.30,1.90
2008.05.28 10:11:41.149,2.06865,2.0691,0.50,4.80
2008.05.28 10:11:41.403,2.0687,2.0692,1.00,5.80
2008.05.28 10:11:42.191,2.0688,2.06905,2.20,1.90
2008.05.28 10:11:42.468,2.06865,2.06905,0.60,1.90
2008.05.28 10:11:42.749,2.06865,2.0691,0.70,4.80
2008.05.28 10:11:42.915,2.06865,2.069,0.70,4.80
2008.05.28 10:11:43.002,2.06855,2.069,2.60,4.80
2008.05.28 10:11:43.089,2.06855,2.069,2.20,4.80
2008.05.28 10:11:43.175,2.06855,2.06895,0.90,1.90
2008.05.28 10:11:43.396,2.06865,2.069,0.90,4.80
2008.05.28 10:11:43.561,2.0686,2.0691,2.10,4.80
2008.05.28 10:11:44.777,2.0685,2.06895,0.90,1.90
2008.05.28 10:11:44.908,2.0685,2.06895,3.00,1.90
2008.05.28 10:11:47.455,2.0685,2.06885,0.90,3.00
2008.05.28 10:11:47.722,2.06845,2.06865,0.90,1.90
2008.05.28 10:11:47.952,2.06835,2.06865,0.70,1.90
2008.05.28 10:11:48.159,2.06835,2.0688,0.70,4.80
2008.05.28 10:11:49.009,2.0683,2.0688,3.30,5.80
2008.05.28 10:11:49.446,2.0684,2.0687,0.50,4.80
2008.05.28 10:11:49.566,2.0684,2.0688,0.70,4.80
2008.05.28 10:11:50.035,2.06835,2.0688,0.50,4.80
2008.05.28 10:11:50.469,2.0684,2.0689,0.50,5.80
2008.05.28 10:11:50.614,2.06835,2.0688,0.80,4.80
2008.05.28 10:11:53.165,2.06845,2.0689,0.90,4.80
2008.05.28 10:11:53.903,2.0684,2.0688,4.80,1.00
2008.05.28 10:11:53.933,2.06835,2.0687,2.70,4.80
2008.05.28 10:11:54.007,2.06835,2.0687,1.80,4.80
2008.05.28 10:11:54.126,2.06825,2.0687,1.00,4.80
2008.05.28 10:11:54.603,2.06825,2.06875,1.00,1.90
2008.05.28 10:11:54.841,2.06825,2.0687,1.00,4.80
2008.05.28 10:11:55.240,2.06825,2.06875,1.00,1.90
2008.05.28 10:11:55.520,2.06825,2.0687,1.00,4.80
2008.05.28 10:11:56.147,2.0682,2.0687,5.80,5.80
2008.05.28 10:11:56.406,2.0683,2.0687,1.00,4.80
2008.05.28 10:11:56.539,2.0684,2.0686,1.00,4.80
2008.05.28 10:11:56.799,2.0684,2.06875,1.00,0.90
2008.05.28 10:11:56.929,2.0683,2.06875,5.80,0.90
2008.05.28 10:11:57.601,2.06835,2.0688,2.00,4.80
2008.05.28 10:11:57.910,2.0684,2.06885,4.80,3.00
2008.05.28 10:11:58.374,2.06835,2.06875,0.90,2.80
2008.05.28 10:11:59.071,2.06835,2.0687,0.90,1.00
2008.05.28 10:11:59.164,2.0682,2.06865,4.80,1.90
2008.05.28 10:11:59.358,2.0682,2.0686,4.80,1.00
2008.05.28 10:11:59.443,2.0682,2.06855,4.80,0.90
2008.05.28 10:11:59.666,2.0682,2.06865,4.80,1.90
2008.05.28 10:11:59.886,2.0682,2.0686,4.80,1.00
2008.05.28 10:12:00.107,2.06815,2.0686,2.00,4.80
2008.05.28 10:12:00.546,2.0682,2.0687,4.80,6.80
2008.05.28 10:12:00.686,2.0682,2.0687,4.80,5.80
2008.05.28 10:12:02.075,2.06825,2.0687,1.00,4.80
2008.05.28 10:12:04.383,2.0682,2.0686,4.80,1.00
2008.05.28 10:12:04.445,2.0682,2.06855,4.80,0.90
2008.05.28 10:12:04.506,2.06815,2.06855,0.90,0.90
2008.05.28 10:12:04.879,2.0682,2.06855,1.00,0.90
2008.05.28 10:12:05.018,2.0682,2.0687,5.80,4.80
2008.05.28 10:12:05.266,2.0683,2.0687,1.00,4.80
2008.05.28 10:12:05.579,2.06835,2.06875,0.90,0.90
2008.05.28 10:12:06.604,2.06835,2.0686,0.90,4.80
2008.05.28 10:12:06.770,2.06815,2.0686,0.90,4.80
2008.05.28 10:12:07.503,2.06815,2.0686,2.00,4.80
2008.05.28 10:12:12.084,2.06825,2.0686,0.90,4.80
2008.05.28 10:12:12.685,2.06825,2.06865,0.90,0.90
2008.05.28 10:12:12.964,2.06825,2.06865,0.90,2.00
2008.05.28 10:12:13.049,2.0682,2.06865,4.80,2.00
2008.05.28 10:12:13.152,2.0682,2.06865,4.80,0.90
2008.05.28 10:12:13.238,2.06815,2.0686,2.00,4.80
2008.05.28 10:12:13.513,2.06815,2.0686,0.90,4.80
2008.05.28 10:12:14.067,2.0682,2.0686,0.90,4.80
2008.05.28 10:12:15.629,2.06815,2.0686,0.90,4.80
2008.05.28 10:12:16.331,2.06815,2.0685,0.90,4.80
2008.05.28 10:12:20.456,2.06815,2.0686,0.90,4.80
2008.05.28 10:12:20.556,2.06825,2.0686,0.90,4.80
2008.05.28 10:12:20.692,2.0683,2.0686,1.00,4.80
2008.05.28 10:12:20.803,2.0683,2.0687,1.00,4.80
2008.05.28 10:12:21.021,2.0683,2.0688,5.80,4.80
2008.05.28 10:12:21.243,2.0684,2.0688,1.00,4.80
2008.05.28 10:12:21.591,2.06835,2.06875,1.00,0.90
2008.05.28 10:12:21.839,2.06835,2.0687,1.00,4.80
2008.05.28 10:12:23.055,2.0685,2.0687,1.00,4.80
2008.05.28 10:12:23.167,2.0684,2.0687,1.00,4.80
2008.05.28 10:12:23.330,2.0684,2.0689,5.80,6.70
2008.05.28 10:12:23.590,2.0684,2.0689,5.80,4.80
2008.05.28 10:12:23.699,2.06845,2.0689,0.90,4.80
2008.05.28 10:12:23.946,2.0685,2.06885,4.80,1.90
2008.05.28 10:12:24.192,2.06845,2.06885,0.90,2.80
2008.05.28 10:12:25.098,2.0684,2.06885,4.80,2.00
2008.05.28 10:12:25.604,2.06835,2.0688,0.90,4.80
2008.05.28 10:12:26.082,2.06835,2.0688,2.00,4.80
2008.05.28 10:12:26.618,2.06835,2.0688,0.90,4.80
2008.05.28 10:12:27.107,2.06835,2.0687,0.90,5.80
2008.05.28 10:12:27.288,2.06825,2.06865,0.90,0.90
2008.05.28 10:12:27.669,2.06825,2.0687,1.00,4.80
2008.05.28 10:12:28.154,2.0682,2.0687,1.00,4.80
2008.05.28 10:12:29.528,2.0683,2.0687,1.00,4.80
2008.05.28 10:12:29.709,2.0684,2.0687,1.00,4.80
2008.05.28 10:12:29.769,2.0684,2.0688,1.00,6.70
2008.05.28 10:12:30.141,2.06835,2.0688,2.00,4.80
2008.05.28 10:12:30.559,2.0684,2.0688,1.00,4.80
2008.05.28 10:12:30.684,2.06845,2.0688,0.90,4.80
2008.05.28 10:12:30.963,2.0685,2.06895,4.80,1.00
2008.05.28 10:12:31.580,2.0685,2.0689,4.80,1.00
2008.05.28 10:12:31.735,2.0684,2.0689,4.80,5.80
2008.05.28 10:12:32.144,2.06845,2.0688,1.00,4.80
2008.05.28 10:12:32.400,2.06855,2.0689,0.90,4.80
2008.05.28 10:12:32.909,2.06855,2.06895,0.90,2.80
2008.05.28 10:12:33.129,2.0685,2.06895,1.00,2.80
2008.05.28 10:12:33.238,2.0685,2.06895,1.00,0.90
2008.05.28 10:12:33.348,2.0685,2.0689,1.00,4.80
2008.05.28 10:12:33.474,2.0684,2.0689,5.80,4.80
2008.05.28 10:12:33.586,2.06845,2.0689,1.00,4.80
2008.05.28 10:12:34.632,2.0684,2.0689,5.80,4.80
2008.05.28 10:12:36.758,2.0684,2.06885,4.80,1.00
2008.05.28 10:12:36.990,2.06835,2.0688,0.90,4.80
2008.05.28 10:12:39.188,2.06835,2.0688,2.00,4.80
2008.05.28 10:12:40.164,2.06855,2.0688,1.00,4.80
2008.05.28 10:12:40.299,2.06855,2.06895,2.00,1.90
2008.05.28 10:12:40.365,2.06855,2.069,2.00,6.70
2008.05.28 10:12:40.516,2.06855,2.069,0.90,7.80
2008.05.28 10:12:40.557,2.06855,2.069,0.90,5.80
2008.05.28 10:12:40.848,2.06855,2.069,2.00,4.80
2008.05.28 10:12:41.662,2.0685,2.06895,4.80,0.90
2008.05.28 10:12:42.101,2.06845,2.0689,1.00,4.80
2008.05.28 10:12:45.660,2.0684,2.0689,5.80,4.80
2008.05.28 10:12:46.079,2.06855,2.0689,2.00,4.80
2008.05.28 10:12:46.219,2.06855,2.0689,0.90,4.80
2008.05.28 10:12:46.362,2.06845,2.0689,1.00,4.80
2008.05.28 10:12:47.252,2.0684,2.0689,5.80,4.80
2008.05.28 10:12:47.588,2.06845,2.0689,1.00,4.80
2008.05.28 10:12:48.082,2.0684,2.0689,5.80,4.80
2008.05.28 10:12:53.903,2.0684,2.06885,5.80,0.90
2008.05.28 10:12:53.952,2.0684,2.06885,4.80,2.00
2008.05.28 10:12:54.017,2.06835,2.0688,0.90,4.80
2008.05.28 10:12:59.649,2.06835,2.0688,0.90,5.80
2008.05.28 10:13:00.096,2.06835,2.06875,0.90,1.00
2008.05.28 10:13:00.205,2.0683,2.06875,4.80,1.00
2008.05.28 10:13:00.262,2.06825,2.0687,0.90,4.80
2008.05.28 10:13:05.146,2.06825,2.0687,0.90,5.80
2008.05.28 10:13:05.273,2.0682,2.0687,4.80,5.80
2008.05.28 10:13:05.689,2.06815,2.0687,2.00,5.80
2008.05.28 10:13:05.999,2.06815,2.0686,2.00,4.80
2008.05.28 10:13:06.310,2.06815,2.0686,0.90,4.80
2008.05.28 10:13:06.621,2.06815,2.0686,2.00,4.80
2008.05.28 10:13:07.777,2.0682,2.0686,1.00,4.80
2008.05.28 10:13:08.203,2.06815,2.0686,3.90,4.80
2008.05.28 10:13:08.319,2.06815,2.0686,2.00,4.80
2008.05.28 10:13:08.692,2.06815,2.0686,0.90,4.80
2008.05.28 10:13:09.205,2.06815,2.0686,2.00,4.80
2008.05.28 10:13:09.922,2.06825,2.0686,0.90,4.80
2008.05.28 10:13:10.162,2.06825,2.0686,2.00,4.80
2008.05.28 10:13:10.482,2.06825,2.0687,2.00,4.80
2008.05.28 10:13:11.255,2.06825,2.0687,0.90,4.80
2008.05.28 10:13:11.887,2.06825,2.06865,0.90,1.00
2008.05.28 10:13:12.171,2.06815,2.0686,0.90,5.80
2008.05.28 10:13:12.731,2.06815,2.0686,0.90,4.80
2008.05.28 10:13:17.696,2.06815,2.0686,0.90,5.80
2008.05.28 10:13:22.359,2.06815,2.0686,0.90,4.80
2008.05.28 10:13:22.889,2.06815,2.0686,2.00,4.80
2008.05.28 10:13:23.127,2.0682,2.06865,4.80,0.90
2008.05.28 10:13:27.765,2.06825,2.06865,1.00,0.90
2008.05.28 10:13:27.779,2.06825,2.0687,1.00,4.80
2008.05.28 10:13:29.002,2.0682,2.06865,4.80,0.90
2008.05.28 10:13:29.628,2.0682,2.06865,5.80,0.90
2008.05.28 10:13:29.742,2.0682,2.0687,5.80,4.80
2008.05.28 10:13:30.193,2.06825,2.0687,1.00,4.80
2008.05.28 10:13:30.343,2.06825,2.0687,2.00,4.80
2008.05.28 10:13:30.641,2.0683,2.0688,4.80,5.80
2008.05.28 10:13:30.792,2.0683,2.0688,5.80,4.80
2008.05.28 10:13:32.808,2.06835,2.0688,0.90,4.80
2008.05.28 10:13:33.653,2.06835,2.0688,0.90,5.80
2008.05.28 10:13:34.072,2.06835,2.0687,0.90,4.80
2008.05.28 10:13:34.326,2.06825,2.0687,0.90,4.80
2008.05.28 10:13:48.725,2.06825,2.0687,2.00,4.80
2008.05.28 10:13:48.787,2.06835,2.0687,0.90,4.80
2008.05.28 10:13:49.171,2.06835,2.0688,0.90,5.80
2008.05.28 10:13:49.854,2.06835,2.0688,0.90,4.80
2008.05.28 10:13:50.422,2.06835,2.0688,2.00,4.80
2008.05.28 10:13:55.243,2.06845,2.0688,0.90,4.80
2008.05.28 10:13:55.322,2.06845,2.06885,0.90,0.90
2008.05.28 10:13:58.352,2.06855,2.06885,0.90,0.90
2008.05.28 10:14:08.396,2.06845,2.06885,0.90,0.90
2008.05.28 10:14:09.819,2.06855,2.06885,0.90,0.90
2008.05.28 10:14:10.359,2.06845,2.06885,0.90,0.90
2008.05.28 10:14:19.755,2.06845,2.06885,0.90,2.00
2008.05.28 10:14:19.856,2.06845,2.0688,0.90,4.80
2008.05.28 10:14:20.383,2.06855,2.06885,0.90,0.90
2008.05.28 10:14:21.998,2.06845,2.06885,0.90,0.90
2008.05.28 10:14:22.360,2.06855,2.06885,0.90,0.90
2008.05.28 10:14:23.359,2.06865,2.069,0.90,4.80
2008.05.28 10:14:24.360,2.06875,2.069,0.90,4.80
2008.05.28 10:14:24.540,2.06875,2.06905,0.90,0.90
2008.05.28 10:14:26.962,2.06875,2.06915,0.90,1.00
2008.05.28 10:14:28.786,2.06875,2.0692,0.90,5.80
2008.05.28 10:14:29.304,2.06875,2.06915,0.90,1.00
2008.05.28 10:14:29.903,2.06875,2.06915,0.90,2.00
2008.05.28 10:14:31.792,2.06875,2.0691,0.90,1.00
2008.05.28 10:14:34.298,2.06875,2.06915,0.90,2.00
2008.05.28 10:14:34.391,2.06885,2.06915,0.90,0.90
2008.05.28 10:14:34.874,2.0688,2.06915,4.80,0.90
2008.05.28 10:14:35.300,2.0688,2.06915,5.80,0.90
2008.05.28 10:14:35.519,2.06895,2.0693,0.90,4.80
2008.05.28 10:14:35.960,2.06895,2.06935,0.90,0.90
2008.05.28 10:14:36.617,2.06905,2.0694,0.90,1.00
2008.05.28 10:14:36.936,2.06905,2.06945,0.90,0.90
2008.05.28 10:14:37.890,2.06915,2.0695,0.90,5.80
2008.05.28 10:14:38.233,2.06915,2.0695,0.90,1.00
2008.05.28 10:14:38.370,2.0691,2.06945,4.80,1.00
2008.05.28 10:14:38.485,2.069,2.06945,4.80,1.00
2008.05.28 10:14:39.769,2.069,2.0695,5.80,5.80
2008.05.28 10:14:39.829,2.06905,2.0695,0.90,5.80
2008.05.28 10:14:40.355,2.06905,2.0694,0.90,1.00
2008.05.28 10:14:40.385,2.06895,2.06935,0.90,0.90
2008.05.28 10:14:40.769,2.06895,2.06935,2.00,0.90
2008.05.28 10:14:40.981,2.06905,2.0694,0.90,4.80
2008.05.28 10:14:43.912,2.06905,2.06945,0.90,2.00
2008.05.28 10:14:44.344,2.06905,2.0694,0.90,1.00
2008.05.28 10:14:44.362,2.069,2.06935,4.80,0.90
2008.05.28 10:14:44.980,2.06895,2.06935,0.90,0.90
2008.05.28 10:14:45.239,2.06895,2.06935,0.90,2.00
2008.05.28 10:14:45.355,2.06895,2.06935,0.90,0.90
2008.05.28 10:14:45.443,2.06885,2.06935,2.00,0.90
2008.05.28 10:14:45.548,2.06885,2.0692,0.90,5.80
2008.05.28 10:14:45.614,2.06875,2.06915,2.70,0.90
2008.05.28 10:14:45.701,2.0687,2.06915,5.80,0.90
2008.05.28 10:14:45.802,2.0687,2.0691,4.80,4.80
2008.05.28 10:14:46.416,2.0687,2.0691,5.80,4.80
2008.05.28 10:14:47.160,2.0687,2.0691,1.00,4.80
2008.05.28 10:14:47.659,2.0687,2.0692,5.80,5.80
2008.05.28 10:14:49.043,2.0687,2.0689,1.00,4.80
2008.05.28 10:14:49.095,2.06865,2.0689,2.00,4.80
2008.05.28 10:14:49.282,2.06865,2.0689,0.90,4.80
2008.05.28 10:14:49.301,2.06865,2.0688,0.90,4.80
2008.05.28 10:14:49.412,2.0686,2.0688,1.80,4.80
2008.05.28 10:14:49.577,2.0685,2.0688,1.00,4.80
2008.05.28 10:14:49.805,2.06845,2.0688,0.90,4.80
2008.05.28 10:14:50.165,2.06845,2.06885,0.90,0.90
2008.05.28 10:14:51.020,2.06845,2.06885,2.00,0.90
2008.05.28 10:14:51.116,2.06845,2.0689,3.90,4.80
2008.05.28 10:14:51.416,2.0685,2.069,4.80,5.80
2008.05.28 10:14:51.699,2.06855,2.069,1.00,4.80
2008.05.28 10:14:51.812,2.0686,2.06905,4.80,0.90
2008.05.28 10:14:51.908,2.06865,2.06905,0.90,0.90
2008.05.28 10:14:52.536,2.0686,2.06895,4.80,2.00
2008.05.28 10:14:52.860,2.0686,2.06895,1.00,0.90
2008.05.28 10:14:53.181,2.0687,2.0691,4.80,5.80
2008.05.28 10:14:53.471,2.06865,2.0691,0.90,5.80
2008.05.28 10:14:54.814,2.06865,2.06905,0.90,0.90
2008.05.28 10:14:54.915,2.0688,2.0692,4.80,3.80
2008.05.28 10:14:54.990,2.0688,2.06925,4.80,2.00
2008.05.28 10:14:55.141,2.06875,2.0692,1.00,4.80
2008.05.28 10:14:56.053,2.06865,2.06905,2.70,1.00
2008.05.28 10:14:56.230,2.0687,2.06905,4.80,2.00
2008.05.28 10:14:56.424,2.06865,2.06905,0.90,0.90
2008.05.28 10:14:56.973,2.06865,2.06905,0.90,2.00
2008.05.28 10:14:57.498,2.06865,2.06895,0.90,1.00
2008.05.28 10:14:57.750,2.0685,2.06895,4.80,1.00
2008.05.28 10:14:58.236,2.06845,2.06885,0.90,1.00
2008.05.28 10:14:58.472,2.06845,2.06885,0.90,2.00
2008.05.28 10:14:59.446,2.06845,2.06885,0.90,1.00
2008.05.28 10:15:00.209,2.0685,2.06895,4.80,1.00
2008.05.28 10:15:00.974,2.0685,2.06885,4.80,1.00
2008.05.28 10:15:01.077,2.06845,2.06885,0.90,2.00
2008.05.28 10:15:01.966,2.06845,2.06885,2.00,0.90
2008.05.28 10:15:02.092,2.0685,2.06895,4.80,1.00
2008.05.28 10:15:02.602,2.06855,2.069,1.00,4.80
2008.05.28 10:15:03.135,2.06865,2.069,0.90,4.80
2008.05.28 10:15:03.472,2.06865,2.06905,0.90,2.00
2008.05.28 10:15:03.990,2.06865,2.06905,0.90,0.90
2008.05.28 10:15:04.336,2.06865,2.06905,2.00,0.90
2008.05.28 10:15:04.481,2.06865,2.06905,0.90,2.00
2008.05.28 10:15:04.602,2.06865,2.069,0.90,4.80
2008.05.28 10:15:05.376,2.06865,2.0691,0.90,4.80
2008.05.28 10:15:07.442,2.06865,2.0691,2.00,4.80
2008.05.28 10:15:08.027,2.06865,2.069,0.90,4.80
2008.05.28 10:15:11.362,2.06865,2.0691,0.90,4.80
2008.05.28 10:15:11.528,2.06875,2.0691,0.90,4.80
2008.05.28 10:15:12.090,2.06885,2.0691,0.90,4.80
2008.05.28 10:15:12.569,2.06885,2.06915,0.90,2.00
2008.05.28 10:15:12.811,2.0687,2.06915,4.80,1.00
2008.05.28 10:15:13.044,2.06875,2.0691,0.90,4.80
2008.05.28 10:15:13.476,2.0687,2.0691,1.00,4.80
2008.05.28 10:15:13.691,2.06875,2.0692,1.90,4.80
2008.05.28 10:15:15.337,2.06875,2.06915,1.90,1.00
2008.05.28 10:15:15.535,2.06875,2.0691,1.90,4.80
2008.05.28 10:15:16.770,2.06875,2.06915,1.90,2.00
2008.05.28 10:15:17.030,2.06875,2.0691,1.90,4.80
2008.05.28 10:15:18.118,2.06875,2.06915,1.90,2.00
2008.05.28 10:15:18.461,2.06875,2.0691,1.90,4.80
2008.05.28 10:15:18.933,2.0687,2.0691,0.90,4.80
2008.05.28 10:15:19.188,2.0687,2.06915,5.70,2.00
2008.05.28 10:15:19.477,2.0687,2.06915,6.80,0.90
2008.05.28 10:15:19.623,2.06875,2.06915,0.90,0.90
2008.05.28 10:15:19.913,2.06875,2.06915,3.90,0.90
2008.05.28 10:15:20.059,2.0688,2.0693,4.80,5.80
2008.05.28 10:15:20.492,2.0688,2.0693,5.80,4.80
2008.05.28 10:15:22.903,2.0688,2.0693,4.80,5.80
2008.05.28 10:15:23.440,2.0688,2.06925,4.80,1.00
2008.05.28 10:15:24.089,2.0688,2.0693,4.80,5.80
2008.05.28 10:15:24.508,2.0688,2.06925,4.80,1.00
2008.05.28 10:15:24.664,2.0688,2.0693,4.80,5.80
2008.05.28 10:15:25.917,2.0688,2.06925,4.80,1.00
2008.05.28 10:15:26.420,2.0688,2.0693,4.80,5.80
2008.05.28 10:15:28.491,2.0688,2.06925,4.80,1.00
2008.05.28 10:15:29.409,2.0688,2.0691,4.80,1.00
2008.05.28 10:15:29.524,2.06865,2.0691,1.40,5.80
2008.05.28 10:15:29.575,2.0686,2.0691,7.00,5.80
2008.05.28 10:15:29.691,2.0686,2.0691,5.20,5.80
2008.05.28 10:15:29.789,2.0686,2.0691,4.80,5.80
2008.05.28 10:15:30.202,2.06865,2.0691,1.00,4.80
2008.05.28 10:15:30.377,2.0687,2.0691,4.80,4.80
2008.05.28 10:15:30.573,2.0687,2.06915,4.80,0.90
2008.05.28 10:15:30.931,2.0687,2.06915,4.80,2.00
2008.05.28 10:15:31.661,2.0687,2.06915,5.80,0.90
2008.05.28 10:15:32.110,2.0687,2.06915,4.80,2.00
2008.05.28 10:15:33.127,2.0687,2.0691,5.80,4.80
2008.05.28 10:15:34.198,2.0687,2.06905,4.80,1.00
2008.05.28 10:15:34.284,2.06855,2.069,2.80,4.80
2008.05.28 10:15:34.371,2.06855,2.069,0.90,4.80
2008.05.28 10:15:34.629,2.0687,2.069,1.00,4.80
2008.05.28 10:15:34.714,2.0687,2.0691,1.00,4.80
2008.05.28 10:15:34.824,2.0687,2.06915,5.80,1.90
2008.05.28 10:15:34.971,2.06875,2.0692,0.90,5.80
2008.05.28 10:15:35.404,2.06875,2.0691,0.90,4.80
2008.05.28 10:15:35.862,2.06875,2.069,0.90,4.80
2008.05.28 10:15:36.098,2.0686,2.069,0.60,4.80
2008.05.28 10:15:36.202,2.06865,2.0691,1.00,4.80
2008.05.28 10:15:36.292,2.06865,2.0691,1.50,4.80
2008.05.28 10:15:36.383,2.06865,2.0691,1.00,4.80
2008.05.28 10:15:36.825,2.0687,2.0692,4.80,5.80
2008.05.28 10:15:36.915,2.0687,2.0692,5.80,4.80
2008.05.28 10:15:37.146,2.0687,2.0691,1.00,4.80
2008.05.28 10:15:39.913,2.06865,2.0691,1.00,4.80
2008.05.28 10:15:40.202,2.06865,2.0691,5.80,4.80
2008.05.28 10:15:40.238,2.0687,2.0691,4.80,4.80
2008.05.28 10:15:40.247,2.06875,2.0691,0.90,4.80
2008.05.28 10:15:56.501,2.06865,2.0691,1.00,4.80
2008.05.28 10:15:59.260,2.06855,2.0691,3.80,5.80
2008.05.28 10:15:59.379,2.0686,2.0691,4.80,5.80
2008.05.28 10:15:59.503,2.0686,2.069,4.80,1.00
2008.05.28 10:15:59.703,2.06855,2.069,0.90,5.80
2008.05.28 10:16:00.628,2.0686,2.069,4.80,1.00
2008.05.28 10:16:01.031,2.06855,2.069,0.90,4.80
2008.05.28 10:16:01.434,2.06855,2.069,0.90,5.80
2008.05.28 10:16:02.673,2.06855,2.0689,0.90,4.80
2008.05.28 10:16:03.087,2.06855,2.069,0.90,5.80
2008.05.28 10:16:04.042,2.06855,2.06895,0.90,1.00
2008.05.28 10:16:04.146,2.06855,2.0689,0.90,4.80
2008.05.28 10:16:04.458,2.06855,2.0688,0.90,4.80
2008.05.28 10:16:14.028,2.06845,2.0688,0.90,4.80
2008.05.28 10:16:14.401,2.06845,2.0689,0.90,4.80
2008.05.28 10:16:15.470,2.0686,2.0689,1.00,4.80
2008.05.28 10:16:15.556,2.06865,2.0689,0.90,4.80
2008.05.28 10:16:15.588,2.06865,2.069,0.90,0.90
2008.05.28 10:16:15.698,2.06865,2.0691,0.90,6.70
2008.05.28 10:16:15.784,2.0687,2.0691,4.80,6.70
2008.05.28 10:16:15.895,2.0687,2.0691,4.80,4.80
2008.05.28 10:16:16.530,2.06875,2.0691,1.00,4.80
2008.05.28 10:16:16.605,2.0688,2.06925,4.80,2.80
2008.05.28 10:16:16.682,2.0688,2.0693,4.80,7.80
2008.05.28 10:16:16.902,2.0688,2.0693,4.80,5.80
2008.05.28 10:16:17.121,2.06875,2.0692,2.00,4.80
2008.05.28 10:16:17.405,2.0688,2.0693,4.80,5.80
2008.05.28 10:16:18.182,2.06875,2.0692,2.00,4.80
2008.05.28 10:16:18.515,2.06875,2.0692,0.90,4.80
2008.05.28 10:16:19.071,2.06875,2.0692,2.00,4.80
2008.05.28 10:16:19.526,2.06875,2.06915,0.90,1.00
2008.05.28 10:16:19.567,2.0688,2.06915,4.80,1.00
2008.05.28 10:16:19.684,2.0687,2.0691,4.80,4.80
2008.05.28 10:16:20.061,2.06865,2.0691,0.90,5.80
2008.05.28 10:16:23.152,2.0687,2.0691,4.80,1.00
2008.05.28 10:16:26.734,2.0687,2.0691,4.80,5.80
2008.05.28 10:16:27.086,2.0687,2.0691,4.80,1.00
2008.05.28 10:16:34.450,2.0687,2.0692,4.80,5.80
2008.05.28 10:16:34.620,2.06875,2.0692,0.90,5.80
2008.05.28 10:16:37.456,2.06875,2.0692,0.90,4.80
2008.05.28 10:16:39.218,2.0688,2.06925,4.80,3.00
2008.05.28 10:16:39.713,2.06875,2.0692,0.90,4.80
2008.05.28 10:16:40.010,2.06875,2.0692,0.90,5.80
2008.05.28 10:16:40.378,2.0687,2.0691,4.80,1.00
2008.05.28 10:16:40.546,2.06875,2.0691,0.90,5.80
2008.05.28 10:16:40.717,2.06875,2.0691,0.90,4.80
2008.05.28 10:16:40.802,2.06875,2.0692,0.90,5.80
2008.05.28 10:16:41.445,2.0688,2.0692,4.80,1.00
2008.05.28 10:16:42.283,2.06875,2.0692,0.90,5.80
2008.05.28 10:16:43.221,2.06875,2.0691,0.90,1.00
2008.05.28 10:16:43.726,2.06875,2.0692,0.90,8.70
2008.05.28 10:16:43.891,2.06875,2.0692,0.90,5.80
2008.05.28 10:16:46.001,2.06875,2.06915,0.90,1.00
2008.05.28 10:16:47.433,2.06875,2.0692,0.90,5.80
2008.05.28 10:16:49.611,2.0687,2.06915,4.80,2.00
2008.05.28 10:16:49.702,2.0687,2.069,4.80,1.00
2008.05.28 10:16:49.792,2.06855,2.069,1.90,5.80
2008.05.28 10:16:50.816,2.06855,2.069,4.80,5.80
2008.05.28 10:16:50.868,2.06885,2.069,0.90,1.00
2008.05.28 10:16:50.990,2.06895,2.06915,0.90,3.00
2008.05.28 10:16:51.041,2.06895,2.06915,0.90,1.00
2008.05.28 10:16:51.190,2.06895,2.0692,0.90,4.80
2008.05.28 10:16:51.355,2.06895,2.06925,0.90,1.00
2008.05.28 10:16:51.408,2.06895,2.06915,0.90,1.00
2008.05.28 10:16:51.896,2.06895,2.06925,0.90,1.00
2008.05.28 10:16:52.387,2.06875,2.0692,0.90,5.80
2008.05.28 10:16:54.514,2.0688,2.0692,1.00,4.80
2008.05.28 10:16:54.599,2.06895,2.0692,0.90,4.80
2008.05.28 10:16:54.697,2.06895,2.0693,0.90,4.80
2008.05.28 10:16:54.802,2.06895,2.06935,0.90,1.00
2008.05.28 10:16:57.521,2.06895,2.0693,0.90,4.80
2008.05.28 10:16:57.904,2.06895,2.06935,0.90,1.00
2008.05.28 10:16:57.955,2.06895,2.06935,0.90,3.00
2008.05.28 10:16:58.008,2.06895,2.0692,0.90,1.00
2008.05.28 10:16:58.133,2.06875,2.0692,0.90,5.80
2008.05.28 10:16:58.723,2.06875,2.06915,0.90,1.00
2008.05.28 10:16:59.233,2.06875,2.0691,0.90,1.00
2008.05.28 10:16:59.489,2.06875,2.0692,0.90,8.70
2008.05.28 10:16:59.720,2.06875,2.06915,0.90,1.00
2008.05.28 10:17:04.418,2.06875,2.0691,0.90,4.80
2008.05.28 10:17:09.056,2.06875,2.0691,2.00,4.80
2008.05.28 10:17:09.188,2.06885,2.0691,0.90,4.80
2008.05.28 10:17:09.342,2.06885,2.0692,0.90,4.80
2008.05.28 10:17:09.448,2.06885,2.0693,0.90,4.80
2008.05.28 10:17:18.614,2.06885,2.0693,0.90,5.80
2008.05.28 10:17:19.573,2.06885,2.06915,0.90,1.00
2008.05.28 10:17:19.742,2.0687,2.06915,5.70,1.00
2008.05.28 10:17:19.910,2.0687,2.06915,4.80,1.00
2008.05.28 10:17:29.492,2.06865,2.0691,2.80,4.80
2008.05.28 10:17:29.651,2.06865,2.0691,3.90,4.80
2008.05.28 10:17:29.886,2.0687,2.06915,4.80,1.00
2008.05.28 10:17:30.279,2.0687,2.0691,4.80,4.80
2008.05.28 10:17:30.927,2.0687,2.06915,4.80,1.00
2008.05.28 10:17:32.661,2.0687,2.0691,4.80,1.00
2008.05.28 10:17:35.725,2.06865,2.0691,0.90,5.80
2008.05.28 10:17:41.681,2.06875,2.0692,1.00,7.60
2008.05.28 10:17:41.884,2.0687,2.0692,4.80,8.70
2008.05.28 10:17:41.999,2.0687,2.0692,4.80,5.80
2008.05.28 10:17:42.098,2.06885,2.0692,0.90,5.80
2008.05.28 10:17:42.207,2.06885,2.0692,0.90,4.80
2008.05.28 10:17:42.322,2.06885,2.0693,0.90,8.70
2008.05.28 10:17:42.498,2.06885,2.0693,0.90,5.80
2008.05.28 10:17:43.233,2.06885,2.0692,0.90,1.00
2008.05.28 10:17:44.712,2.06885,2.0693,0.90,8.70
2008.05.28 10:17:45.025,2.06885,2.0693,0.90,5.80
2008.05.28 10:17:50.196,2.06885,2.06925,0.90,1.00
2008.05.28 10:17:50.339,2.0688,2.06925,4.80,1.00
2008.05.28 10:17:50.574,2.06875,2.0692,0.90,4.80
2008.05.28 10:17:50.645,2.06885,2.0692,0.90,4.80
2008.05.28 10:17:51.509,2.06885,2.0693,0.90,5.80
2008.05.28 10:18:05.703,2.06905,2.0693,0.90,5.80
2008.05.28 10:18:05.762,2.06885,2.0693,0.90,5.80
2008.05.28 10:18:08.092,2.06895,2.0693,0.90,5.80
2008.05.28 10:18:08.208,2.06895,2.0693,0.90,1.00
2008.05.28 10:18:09.772,2.06895,2.0694,2.00,7.60
2008.05.28 10:18:09.968,2.06905,2.0694,0.90,5.80
2008.05.28 10:18:10.716,2.06905,2.0694,0.90,4.80
2008.05.28 10:18:10.953,2.06905,2.0695,0.90,5.80
2008.05.28 10:18:11.214,2.06925,2.0695,0.90,5.80
2008.05.28 10:18:11.530,2.06925,2.0695,0.90,1.00
2008.05.28 10:18:11.727,2.0691,2.0695,4.80,1.00
2008.05.28 10:18:11.925,2.0691,2.0696,4.80,9.70
2008.05.28 10:18:12.121,2.06925,2.0695,0.90,4.80
2008.05.28 10:18:12.540,2.06925,2.0696,0.90,5.80
2008.05.28 10:18:12.989,2.06925,2.0695,0.90,4.80
2008.05.28 10:18:13.215,2.06925,2.0695,0.90,5.80
2008.05.28 10:18:13.441,2.06915,2.0694,0.90,4.80
2008.05.28 10:18:14.263,2.06915,2.06935,0.90,1.00
2008.05.28 10:18:14.413,2.06895,2.0693,0.90,4.80
2008.05.28 10:18:16.650,2.06895,2.0692,0.90,1.00
2008.05.28 10:18:16.797,2.06895,2.0692,0.90,5.80
2008.05.28 10:18:16.875,2.0687,2.0692,4.80,5.80
2008.05.28 10:18:17.042,2.06865,2.0691,2.00,4.80
2008.05.28 10:18:18.783,2.06875,2.0692,0.90,5.80
2008.05.28 10:18:19.267,2.06885,2.0692,1.00,4.80
2008.05.28 10:18:19.379,2.06885,2.0693,2.00,5.70
2008.05.28 10:18:19.489,2.06885,2.0693,0.90,5.70
2008.05.28 10:18:19.600,2.06885,2.0693,0.90,4.80
2008.05.28 10:18:19.710,2.06885,2.06935,0.90,1.00
2008.05.28 10:18:20.254,2.06885,2.06925,0.90,1.00
2008.05.28 10:18:20.650,2.06885,2.0692,0.90,4.80
2008.05.28 10:18:21.218,2.06885,2.0692,0.90,5.80
2008.05.28 10:18:30.214,2.06885,2.0692,0.90,4.80
2008.05.28 10:18:30.753,2.06885,2.0692,0.90,5.80
2008.05.28 10:18:31.284,2.06885,2.0692,0.90,4.80
2008.05.28 10:18:31.675,2.06885,2.0692,2.00,4.80
2008.05.28 10:18:31.822,2.06885,2.0693,2.00,4.80
2008.05.28 10:18:32.208,2.06885,2.0693,0.90,5.80
2008.05.28 10:18:33.050,2.06885,2.0691,0.90,1.00
2008.05.28 10:18:33.276,2.0687,2.0692,6.70,8.70
2008.05.28 10:18:33.501,2.06885,2.0692,0.90,3.90
2008.05.28 10:18:33.736,2.06885,2.0692,0.90,1.00
2008.05.28 10:18:35.193,2.06885,2.0691,0.90,1.00
2008.05.28 10:18:35.427,2.0687,2.0691,6.70,1.00
2008.05.28 10:18:35.636,2.0687,2.0691,5.70,1.00
2008.05.28 10:18:35.723,2.0687,2.0691,4.80,1.00
2008.05.28 10:18:36.163,2.06865,2.0691,0.90,5.80
2008.05.28 10:18:36.233,2.06865,2.06905,0.90,1.00
2008.05.28 10:18:36.685,2.06875,2.069,0.90,5.80
2008.05.28 10:18:36.911,2.06855,2.06895,0.90,1.00
2008.05.28 10:18:37.361,2.06855,2.069,0.90,4.80
2008.05.28 10:18:37.804,2.06855,2.069,2.00,4.80
2008.05.28 10:18:38.243,2.06855,2.0689,0.90,1.00
2008.05.28 10:18:38.464,2.06855,2.0689,0.90,5.80
2008.05.28 10:18:38.825,2.06855,2.0689,0.90,4.80
2008.05.28 10:18:39.027,2.06855,2.069,0.90,5.80
2008.05.28 10:18:40.787,2.06855,2.069,0.90,4.80
2008.05.28 10:18:45.505,2.06855,2.06895,0.90,1.00
2008.05.28 10:18:45.696,2.06855,2.06885,0.90,1.00
2008.05.28 10:18:46.180,2.06835,2.0688,2.00,4.80
2008.05.28 10:18:46.399,2.0684,2.0688,1.00,4.80
2008.05.28 10:18:46.512,2.0684,2.0689,5.80,4.80
2008.05.28 10:18:46.621,2.06855,2.0689,0.90,4.80
2008.05.28 10:18:47.459,2.06855,2.069,0.90,4.80
2008.05.28 10:18:47.660,2.06855,2.06895,0.90,1.00
2008.05.28 10:18:47.846,2.06855,2.06885,0.90,1.00
2008.05.28 10:18:48.220,2.0684,2.0689,5.80,4.80
2008.05.28 10:18:48.405,2.06855,2.0689,0.90,4.80
2008.05.28 10:18:50.683,2.06855,2.06885,0.90,1.00
2008.05.28 10:18:50.826,2.06855,2.0688,0.90,4.80
2008.05.28 10:18:50.917,2.06835,2.0688,2.00,4.80
2008.05.28 10:18:51.033,2.0684,2.0688,4.80,4.80
2008.05.28 10:18:51.845,2.06835,2.0688,2.00,4.80
2008.05.28 10:18:53.688,2.0684,2.0688,1.00,4.80
2008.05.28 10:18:53.807,2.0684,2.0689,5.80,4.80
2008.05.28 10:18:55.257,2.0684,2.0688,1.00,4.80
2008.05.28 10:18:55.473,2.0684,2.0689,5.80,4.80
2008.05.28 10:18:59.444,2.0685,2.0689,1.00,4.80
2008.05.28 10:18:59.559,2.06855,2.069,0.90,4.80
2008.05.28 10:18:59.902,2.06855,2.0689,0.90,4.80
2008.05.28 10:19:00.040,2.0684,2.0689,7.60,4.80
2008.05.28 10:19:00.155,2.0684,2.0689,5.80,4.80
2008.05.28 10:19:01.154,2.0685,2.0689,1.00,4.80
2008.05.28 10:19:01.302,2.0685,2.069,5.80,4.80
2008.05.28 10:19:01.372,2.06855,2.069,0.90,4.80
2008.05.28 10:19:02.417,2.06865,2.06905,0.90,1.00
2008.05.28 10:19:04.299,2.06865,2.0691,0.90,5.80
2008.05.28 10:19:06.288,2.06865,2.069,0.90,4.80
2008.05.28 10:19:06.523,2.06865,2.0691,0.90,5.80
2008.05.28 10:19:07.507,2.06865,2.069,0.90,5.80
2008.05.28 10:19:07.618,2.0685,2.069,4.80,5.80
2008.05.28 10:19:07.919,2.06845,2.069,2.00,5.80
2008.05.28 10:19:12.463,2.06845,2.0689,0.90,5.80
2008.05.28 10:19:12.795,2.06865,2.069,0.90,2.80
2008.05.28 10:19:12.977,2.06865,2.069,0.90,1.00
2008.05.28 10:19:13.152,2.0685,2.069,4.80,5.80
2008.05.28 10:19:13.348,2.06845,2.069,2.00,5.80
2008.05.28 10:19:13.917,2.06845,2.0689,0.90,1.00
2008.05.28 10:19:14.307,2.06845,2.0689,0.90,4.80
2008.05.28 10:19:14.501,2.0684,2.06885,4.80,1.00
2008.05.28 10:19:14.786,2.06835,2.0688,3.90,4.80
2008.05.28 10:19:15.761,2.06835,2.0688,2.80,4.80
2008.05.28 10:19:15.961,2.06835,2.0688,3.90,4.80
2008.05.28 10:19:19.083,2.06835,2.0688,2.00,4.80
2008.05.28 10:19:26.123,2.06835,2.0688,0.90,4.80
2008.05.28 10:19:26.436,2.06835,2.0688,2.00,4.80
2008.05.28 10:19:26.859,2.06835,2.0688,0.90,5.80
2008.05.28 10:19:27.292,2.06835,2.0688,0.90,6.80
2008.05.28 10:19:27.719,2.06835,2.0688,0.90,7.80
2008.05.28 10:19:28.056,2.06835,2.0688,0.90,5.80
2008.05.28 10:19:28.385,2.06835,2.0687,0.90,4.80
2008.05.28 10:19:28.511,2.06835,2.0687,0.90,5.80
2008.05.28 10:19:28.786,2.0682,2.0687,4.80,5.80
2008.05.28 10:19:29.035,2.06835,2.0687,0.90,4.80
2008.05.28 10:19:29.161,2.06835,2.0688,0.90,5.80
2008.05.28 10:19:30.218,2.06835,2.0687,0.90,5.80
2008.05.28 10:19:30.452,2.0682,2.0687,4.80,5.80
2008.05.28 10:19:30.674,2.06825,2.0687,1.90,5.80
2008.05.28 10:19:30.895,2.0683,2.0688,5.70,8.70
2008.05.28 10:19:31.135,2.06835,2.0688,0.90,5.80
2008.05.28 10:19:32.367,2.06835,2.0688,0.90,4.80
2008.05.28 10:19:32.819,2.06835,2.0688,0.90,5.80
2008.05.28 10:19:33.117,2.06835,2.0687,0.90,4.80
2008.05.28 10:19:33.784,2.06835,2.0688,0.90,5.80
2008.05.28 10:19:35.677,2.06835,2.0685,0.90,2.80
2008.05.28 10:19:35.813,2.06835,2.0685,0.90,3.80
2008.05.28 10:19:35.932,2.0683,2.0685,0.90,8.60
2008.05.28 10:19:35.960,2.0683,2.0684,0.90,1.00
2008.05.28 10:19:35.984,2.0681,2.0684,0.60,1.00
2008.05.28 10:19:36.017,2.06805,2.0684,1.90,1.00
2008.05.28 10:19:36.139,2.068,2.0684,4.80,1.00
2008.05.28 10:19:36.184,2.068,2.0683,4.80,1.00
2008.05.28 10:19:36.337,2.06795,2.0683,0.90,1.00
2008.05.28 10:19:36.387,2.06795,2.06835,0.90,1.00
2008.05.28 10:19:36.479,2.0679,2.06835,5.70,1.00
2008.05.28 10:19:36.741,2.0679,2.06835,0.90,1.00
2008.05.28 10:19:36.986,2.0679,2.0683,0.90,4.80
2008.05.28 10:19:37.228,2.06785,2.06825,1.90,1.00
2008.05.28 10:19:37.469,2.0678,2.0682,0.90,4.80
2008.05.28 10:19:37.701,2.06775,2.0682,2.00,4.80
2008.05.28 10:19:38.387,2.0679,2.0682,1.00,4.80
2008.05.28 10:19:38.645,2.0679,2.0683,1.00,4.80
2008.05.28 10:19:39.728,2.06795,2.0683,0.90,4.80
2008.05.28 10:19:39.868,2.06795,2.0684,0.90,4.80
2008.05.28 10:19:40.011,2.068,2.0685,5.80,8.60
2008.05.28 10:19:40.153,2.068,2.0685,5.80,6.70
2008.05.28 10:19:40.432,2.068,2.06845,4.80,1.00
2008.05.28 10:19:40.734,2.068,2.0684,1.00,4.80
2008.05.28 10:19:41.789,2.068,2.0685,5.80,6.70
2008.05.28 10:19:42.208,2.068,2.06845,4.80,1.00
2008.05.28 10:19:42.650,2.06795,2.0684,2.00,4.80
2008.05.28 10:19:43.094,2.06795,2.0684,0.90,4.80
2008.05.28 10:19:43.488,2.06795,2.0684,2.00,4.80
2008.05.28 10:19:43.891,2.068,2.0685,5.80,6.70
2008.05.28 10:19:44.848,2.06815,2.0683,0.90,4.80
2008.05.28 10:19:45.064,2.06815,2.06845,0.90,1.00
2008.05.28 10:19:45.130,2.06795,2.0683,1.80,4.80
2008.05.28 10:19:45.196,2.0679,2.0683,1.00,4.80
2008.05.28 10:19:45.285,2.0678,2.0683,6.60,5.80
2008.05.28 10:19:45.391,2.06775,2.0682,2.00,4.80
2008.05.28 10:19:45.478,2.0679,2.0682,1.00,4.80
2008.05.28 10:19:45.606,2.0679,2.0683,1.00,4.80
2008.05.28 10:19:45.800,2.0679,2.0684,5.80,4.80
2008.05.28 10:19:46.016,2.0679,2.0683,1.00,4.80
2008.05.28 10:19:46.203,2.06795,2.0684,0.90,4.80
2008.05.28 10:19:46.833,2.0679,2.0683,2.00,4.80
2008.05.28 10:19:47.044,2.0679,2.0683,1.00,4.80
2008.05.28 10:19:47.281,2.06795,2.0683,0.90,4.80
2008.05.28 10:19:47.516,2.06795,2.0684,0.90,4.80
2008.05.28 10:19:48.282,2.06795,2.0683,0.90,4.80
2008.05.28 10:19:48.337,2.0679,2.0683,2.00,4.80
2008.05.28 10:19:48.458,2.0679,2.0683,1.00,4.80
2008.05.28 10:19:48.697,2.0678,2.0683,6.60,5.80
2008.05.28 10:19:48.987,2.0678,2.0683,4.80,5.80
2008.05.28 10:19:49.357,2.06775,2.0682,2.00,4.80
2008.05.28 10:19:49.774,2.06775,2.0682,0.90,4.80
2008.05.28 10:19:50.194,2.06775,2.0682,2.00,4.80
2008.05.28 10:19:50.723,2.06775,2.0682,0.90,4.80
2008.05.28 10:19:54.729,2.0677,2.06815,6.80,0.90
2008.05.28 10:19:54.824,2.0677,2.06815,6.80,3.80
2008.05.28 10:19:54.919,2.0677,2.068,2.00,4.80
2008.05.28 10:19:55.016,2.0677,2.068,0.90,4.80
2008.05.28 10:19:55.110,2.06755,2.068,3.00,4.80
2008.05.28 10:19:55.765,2.06755,2.06795,3.00,0.90
2008.05.28 10:19:56.652,2.0676,2.06795,1.00,0.90
2008.05.28 10:19:57.042,2.06755,2.06795,3.00,0.90
2008.05.28 10:19:57.233,2.0676,2.068,1.00,4.80
2008.05.28 10:19:57.424,2.06755,2.068,4.90,4.80
2008.05.28 10:19:57.615,2.06755,2.068,3.00,4.80
2008.05.28 10:19:57.805,2.0676,2.0681,4.80,5.80
2008.05.28 10:19:58.202,2.06765,2.0681,1.00,4.80
2008.05.28 10:19:58.277,2.06775,2.06815,0.90,0.90
2008.05.28 10:19:58.428,2.06775,2.06815,0.90,2.80
2008.05.28 10:19:58.506,2.06775,2.06805,0.90,1.00
2008.05.28 10:19:58.582,2.0676,2.06795,5.70,0.90
2008.05.28 10:19:58.679,2.0676,2.06795,4.80,0.90
2008.05.28 10:19:58.755,2.06775,2.068,0.90,4.80
2008.05.28 10:19:58.831,2.06775,2.06815,0.90,0.90
2008.05.28 10:19:58.906,2.06775,2.0681,0.90,1.00
2008.05.28 10:19:58.980,2.0677,2.0681,5.70,1.00
2008.05.28 10:19:59.137,2.0676,2.0681,4.80,5.80
2008.05.28 10:19:59.547,2.06775,2.0681,0.90,4.80
2008.05.28 10:20:00.262,2.06775,2.06815,0.90,0.90
2008.05.28 10:20:01.216,2.06775,2.0681,0.90,4.80
2008.05.28 10:20:01.533,2.0677,2.068,0.90,4.80
2008.05.28 10:20:01.603,2.06765,2.068,3.90,4.80
2008.05.28 10:20:01.741,2.06765,2.068,2.00,4.80
2008.05.28 10:20:01.880,2.0677,2.068,1.00,4.80
2008.05.28 10:20:01.951,2.06785,2.0681,0.90,4.80
2008.05.28 10:20:02.294,2.06785,2.06815,0.90,0.90
2008.05.28 10:20:02.550,2.06775,2.06815,0.90,0.90
2008.05.28 10:20:03.998,2.0677,2.06815,4.80,0.90
2008.05.28 10:20:04.142,2.06765,2.0681,2.00,4.80
2008.05.28 10:20:04.989,2.06765,2.0681,0.90,4.80
2008.05.28 10:20:05.467,2.06765,2.0681,2.00,4.80
2008.05.28 10:20:07.454,2.0677,2.0681,1.00,4.80
2008.05.28 10:20:07.530,2.0677,2.06815,5.80,0.90
2008.05.28 10:20:07.627,2.06785,2.06815,0.90,0.90
2008.05.28 10:20:07.902,2.06785,2.06815,0.90,2.00
2008.05.28 10:20:07.977,2.06785,2.0681,0.90,4.80
2008.05.28 10:20:08.053,2.06765,2.0681,2.00,4.80
2008.05.28 10:20:09.040,2.06775,2.0681,0.90,4.80
2008.05.28 10:20:09.366,2.06765,2.0681,1.00,4.80
2008.05.28 10:20:09.477,2.06775,2.06815,0.90,0.90
2008.05.28 10:20:10.478,2.06775,2.0681,0.90,4.80
2008.05.28 10:20:10.824,2.06775,2.06815,0.90,0.90
2008.05.28 10:20:10.948,2.0679,2.06815,1.00,0.90
2008.05.28 10:20:11.045,2.0679,2.0682,1.00,5.70
2008.05.28 10:20:11.096,2.0679,2.0682,5.80,0.90
2008.05.28 10:20:11.221,2.0679,2.0682,4.80,0.90
2008.05.28 10:20:11.272,2.0679,2.06835,4.80,1.00
2008.05.28 10:20:11.323,2.06795,2.06835,0.90,1.00
2008.05.28 10:20:11.396,2.06795,2.0683,0.90,1.00
2008.05.28 10:20:11.493,2.06795,2.0684,0.90,5.80
2008.05.28 10:20:11.715,2.06795,2.0684,1.00,4.80
2008.05.28 10:20:12.416,2.06805,2.06845,0.90,0.90
2008.05.28 10:20:12.636,2.06795,2.0684,1.00,4.80
2008.05.28 10:20:13.066,2.06795,2.0684,0.90,4.80
2008.05.28 10:20:13.305,2.06795,2.06835,0.90,2.00
2008.05.28 10:20:13.832,2.06795,2.0683,0.90,4.80
2008.05.28 10:20:14.349,2.0678,2.0683,6.80,4.80
2008.05.28 10:20:14.430,2.0678,2.0683,5.80,4.80
2008.05.28 10:20:14.533,2.0678,2.06825,4.80,1.00
2008.05.28 10:20:14.863,2.06775,2.0682,0.90,4.80
2008.05.28 10:20:15.194,2.06795,2.0683,0.90,4.80
2008.05.28 10:20:17.920,2.06795,2.0683,2.00,4.80
2008.05.28 10:20:18.040,2.06805,2.06835,0.90,0.90
2008.05.28 10:20:18.634,2.06815,2.0684,0.90,4.80
2008.05.28 10:20:18.763,2.06815,2.0685,0.90,4.80
2008.05.28 10:20:21.050,2.06805,2.0685,0.90,4.80
2008.05.28 10:20:22.021,2.06815,2.0685,2.00,4.80
2008.05.28 10:20:22.355,2.06825,2.0686,0.90,4.80
2008.05.28 10:20:22.510,2.06825,2.0687,0.90,5.80
2008.05.28 10:20:24.034,2.06835,2.0687,0.90,1.00
2008.05.28 10:20:24.466,2.06835,2.0687,0.90,5.80
2008.05.28 10:20:24.581,2.06825,2.0687,0.90,5.80
2008.05.28 10:20:25.519,2.06835,2.0687,0.90,4.80
2008.05.28 10:20:25.946,2.06825,2.0687,0.90,4.80
2008.05.28 10:20:26.172,2.06825,2.0687,0.90,5.80
2008.05.28 10:20:26.874,2.06825,2.0687,0.90,4.80
2008.05.28 10:20:27.123,2.06835,2.0687,0.90,4.80
2008.05.28 10:20:27.529,2.06825,2.0687,0.90,5.80
2008.05.28 10:20:31.533,2.06825,2.0686,0.90,4.80
2008.05.28 10:20:32.494,2.06835,2.0686,1.00,4.80
2008.05.28 10:20:32.762,2.06845,2.0686,0.90,4.80
2008.05.28 10:20:33.007,2.06845,2.0687,0.90,1.00
2008.05.28 10:20:33.254,2.06825,2.0687,0.90,4.80
2008.05.28 10:20:33.499,2.06825,2.0687,2.00,4.80
2008.05.28 10:20:33.737,2.0683,2.06875,5.80,0.90
2008.05.28 10:20:34.096,2.06835,2.0688,0.90,4.80
2008.05.28 10:20:34.927,2.06835,2.06875,0.90,1.00
2008.05.28 10:20:35.837,2.06825,2.0687,0.90,4.80
2008.05.28 10:20:38.328,2.0682,2.0687,6.80,4.80
2008.05.28 10:20:38.918,2.0682,2.06865,5.70,1.00
2008.05.28 10:20:39.022,2.0682,2.0687,0.90,5.80
2008.05.28 10:20:39.390,2.06815,2.0687,2.00,5.80
2008.05.28 10:20:39.647,2.0682,2.0687,1.00,5.80
2008.05.28 10:20:40.037,2.06815,2.0687,2.00,5.80
2008.05.28 10:20:40.224,2.0682,2.0687,4.80,5.80
2008.05.28 10:20:41.967,2.0682,2.0687,5.80,4.80
2008.05.28 10:20:42.447,2.0682,2.0687,4.80,5.80
2008.05.28 10:20:47.735,2.0682,2.06865,4.80,1.00
2008.05.28 10:20:47.771,2.0682,2.0687,4.80,5.80
2008.05.28 10:20:48.346,2.06815,2.0686,1.00,4.80
2008.05.28 10:20:48.640,2.0681,2.0686,4.80,5.80
2008.05.28 10:20:48.958,2.0681,2.06855,4.80,1.00
2008.05.28 10:20:49.273,2.068,2.0685,5.80,4.80
2008.05.28 10:20:50.108,2.068,2.0685,4.80,5.80
2008.05.28 10:20:50.721,2.0681,2.0685,4.80,5.80
2008.05.28 10:20:50.761,2.068,2.0685,4.80,5.80
2008.05.28 10:20:51.070,2.068,2.0685,5.80,4.80
2008.05.28 10:20:52.001,2.0681,2.0685,1.00,4.80
2008.05.28 10:20:52.191,2.0682,2.0686,4.80,2.80
2008.05.28 10:20:52.402,2.0682,2.06865,4.80,1.00
2008.05.28 10:20:53.418,2.06815,2.0686,0.90,4.80
2008.05.28 10:20:54.537,2.06815,2.0686,0.90,5.80
2008.05.28 10:20:54.948,2.06815,2.0684,0.90,1.00
2008.05.28 10:20:55.183,2.068,2.0684,4.80,1.00
2008.05.28 10:20:55.337,2.06795,2.0684,0.90,5.80
2008.05.28 10:21:04.656,2.06805,2.0684,1.00,4.80
2008.05.28 10:21:04.885,2.06815,2.0684,0.90,4.80
2008.05.28 10:21:05.427,2.06815,2.0686,0.90,5.80
2008.05.28 10:21:22.578,2.06815,2.0685,0.90,1.00
2008.05.28 10:21:22.688,2.06815,2.0685,0.90,5.80
2008.05.28 10:21:24.732,2.06815,2.0683,0.90,1.00
2008.05.28 10:21:24.760,2.06815,2.0683,0.90,5.80
2008.05.28 10:21:24.809,2.0681,2.0683,0.90,5.80
2008.05.28 10:21:24.973,2.06795,2.0683,0.90,5.80
2008.05.28 10:21:29.120,2.06795,2.0683,0.90,4.80
2008.05.28 10:21:29.314,2.06795,2.0684,0.90,5.80
2008.05.28 10:21:29.860,2.068,2.0684,4.80,1.00
2008.05.28 10:21:30.189,2.06795,2.0684,0.90,5.80
2008.05.28 10:21:31.192,2.06795,2.0683,0.90,1.00
2008.05.28 10:21:31.341,2.06795,2.0683,0.90,5.80
2008.05.28 10:21:31.667,2.06795,2.0683,0.90,4.80
2008.05.28 10:21:31.755,2.06795,2.0684,0.90,5.80
2008.05.28 10:21:35.916,2.06795,2.06835,0.90,0.90
2008.05.28 10:21:36.174,2.06795,2.0683,0.90,1.00
2008.05.28 10:21:36.502,2.06795,2.0683,0.90,5.80
2008.05.28 10:21:37.071,2.06795,2.0683,0.90,1.00
2008.05.28 10:21:37.488,2.06795,2.0683,0.90,5.80
2008.05.28 10:21:38.597,2.06795,2.0682,0.90,1.00
2008.05.28 10:21:38.647,2.06795,2.0682,0.90,5.80
2008.05.28 10:21:38.858,2.06785,2.0682,0.90,5.80
2008.05.28 10:21:47.149,2.06785,2.0682,2.00,4.80
2008.05.28 10:21:47.260,2.0679,2.0682,0.90,4.80
2008.05.28 10:21:47.322,2.0679,2.06825,5.70,0.90
2008.05.28 10:21:47.637,2.06805,2.06835,0.90,0.90
2008.05.28 10:21:47.720,2.06805,2.0684,0.90,5.80
2008.05.28 10:21:48.092,2.0679,2.0684,5.70,5.80
2008.05.28 10:21:48.388,2.0679,2.0683,4.80,1.00
2008.05.28 10:21:48.712,2.0679,2.0684,4.80,5.80
2008.05.28 10:21:49.035,2.06785,2.0683,0.90,5.80
2008.05.28 10:21:49.172,2.06785,2.06825,0.90,0.90
2008.05.28 10:21:50.406,2.06785,2.06825,2.00,0.90
2008.05.28 10:21:50.640,2.0679,2.0684,4.80,5.80
2008.05.28 10:21:52.347,2.06785,2.0683,0.90,5.80
2008.05.28 10:21:52.483,2.06785,2.06825,0.90,0.90
2008.05.28 10:21:57.582,2.06805,2.0684,0.90,0.90
2008.05.28 10:21:57.728,2.06805,2.06845,0.90,0.90
2008.05.28 10:21:57.873,2.068,2.06845,4.80,0.90
2008.05.28 10:21:58.163,2.068,2.0684,4.80,1.00
2008.05.28 10:21:58.308,2.0679,2.0684,5.70,5.80
2008.05.28 10:21:58.466,2.0679,2.0684,4.80,5.80
2008.05.28 10:22:04.427,2.0679,2.0681,4.80,1.00
2008.05.28 10:22:04.582,2.06785,2.0681,0.90,1.00
2008.05.28 10:22:04.712,2.06785,2.06825,0.90,1.90
2008.05.28 10:22:04.792,2.06785,2.0683,0.90,1.00
2008.05.28 10:22:04.851,2.0678,2.0683,4.80,1.00
2008.05.28 10:22:05.139,2.0678,2.0683,4.80,5.80
2008.05.28 10:22:06.641,2.0678,2.06825,4.80,0.90
2008.05.28 10:22:07.148,2.0677,2.0682,4.80,5.80
2008.05.28 10:22:08.421,2.06775,2.0682,1.00,4.80
2008.05.28 10:22:08.727,2.0678,2.0681,4.80,1.00
2008.05.28 10:22:08.802,2.0677,2.06805,0.90,0.90
2008.05.28 10:22:08.901,2.0676,2.06805,4.80,0.90
2008.05.28 10:22:09.048,2.0676,2.0681,4.80,5.80
2008.05.28 10:22:09.701,2.06765,2.0681,0.90,4.80
2008.05.28 10:22:09.918,2.0677,2.0681,4.80,1.00
2008.05.28 10:22:10.134,2.06765,2.06805,0.90,0.90
2008.05.28 10:22:12.799,2.06775,2.06805,0.90,0.90
2008.05.28 10:22:13.271,2.06765,2.06805,0.90,0.90
2008.05.28 10:22:14.231,2.06765,2.068,0.90,1.00
2008.05.28 10:22:14.279,2.0676,2.068,4.80,1.00
2008.05.28 10:22:14.476,2.06755,2.068,2.80,5.80
2008.05.28 10:22:16.972,2.06765,2.068,0.90,5.80
2008.05.28 10:22:17.144,2.06765,2.068,0.90,4.80
2008.05.28 10:22:17.242,2.06765,2.06805,0.90,0.90
2008.05.28 10:22:17.258,2.06775,2.06805,0.90,0.90
2008.05.28 10:22:17.581,2.06775,2.06805,0.90,2.00
2008.05.28 10:22:17.669,2.06775,2.06805,0.90,0.90
2008.05.28 10:22:17.708,2.06765,2.06805,0.90,0.90
2008.05.28 10:22:24.292,2.06775,2.06805,0.90,0.90
2008.05.28 10:22:24.699,2.06785,2.06805,2.80,0.90
2008.05.28 10:22:26.673,2.06785,2.0679,2.80,1.00
2008.05.28 10:22:26.998,2.06785,2.068,2.80,1.00
2008.05.28 10:22:27.055,2.06785,2.0679,2.80,4.80
2008.05.28 10:22:27.269,2.06785,2.068,2.80,1.00
2008.05.28 10:22:29.659,2.06785,2.06805,2.80,0.90
2008.05.28 10:22:33.946,2.06785,2.068,2.80,1.00
2008.05.28 10:22:34.170,2.06785,2.068,2.80,5.80
2008.05.28 10:22:35.946,2.06785,2.0679,2.80,1.00
2008.05.28 10:22:36.090,2.06785,2.0679,2.80,5.80
2008.05.28 10:22:36.899,2.06785,2.0679,2.80,1.00
2008.05.28 10:22:37.218,2.06785,2.0679,2.80,5.80
2008.05.28 10:22:37.444,2.06785,2.06795,2.80,0.90
2008.05.28 10:22:37.687,2.06785,2.0679,2.80,4.80
2008.05.28 10:22:37.763,2.06785,2.06795,2.80,0.90
2008.05.28 10:22:37.838,2.06785,2.0681,2.80,5.80
2008.05.28 10:22:40.420,2.06785,2.06805,2.80,0.90
2008.05.28 10:22:41.635,2.06785,2.068,2.80,1.00
2008.05.28 10:22:41.839,2.06785,2.068,1.80,1.00
2008.05.28 10:22:41.897,2.06785,2.068,1.80,5.80
2008.05.28 10:22:42.213,2.06785,2.0679,1.80,4.80
2008.05.28 10:22:43.120,2.06785,2.068,1.80,1.00
2008.05.28 10:22:43.315,2.06785,2.06805,1.80,0.90
2008.05.28 10:22:43.384,2.06785,2.068,1.80,4.80
2008.05.28 10:22:43.486,2.06785,2.06805,1.80,0.90
2008.05.28 10:22:43.682,2.06785,2.06805,1.80,5.70
2008.05.28 10:22:43.816,2.06785,2.068,1.80,4.80
2008.05.28 10:22:43.923,2.06785,2.06805,1.80,5.70
2008.05.28 10:22:43.991,2.06785,2.06805,1.80,0.90
2008.05.28 10:22:46.711,2.06785,2.068,1.80,1.00
2008.05.28 10:22:46.780,2.06785,2.068,1.80,5.80
2008.05.28 10:22:47.084,2.06785,2.0679,1.80,4.80
2008.05.28 10:22:47.224,2.06785,2.0679,1.80,5.80
2008.05.28 10:22:48.158,2.06745,2.06785,0.80,1.00
2008.05.28 10:22:48.511,2.06745,2.06785,0.90,1.00
2008.05.28 10:22:48.687,2.06745,2.0679,0.90,4.80
2008.05.28 10:22:48.883,2.06755,2.06795,0.90,2.00
2008.05.28 10:22:51.973,2.06755,2.0679,0.90,4.80
2008.05.28 10:22:52.035,2.06745,2.0679,0.90,4.80
2008.05.28 10:22:52.232,2.06745,2.06785,0.90,1.00
2008.05.28 10:22:56.123,2.06745,2.0679,0.90,4.80
2008.05.28 10:22:56.290,2.0675,2.0679,4.80,4.80
2008.05.28 10:22:56.427,2.06755,2.0679,0.90,4.80
2008.05.28 10:22:56.497,2.06755,2.06795,0.90,2.00
2008.05.28 10:22:59.468,2.06755,2.06795,0.90,1.00
2008.05.28 10:23:10.546,2.06755,2.0679,0.90,4.80
2008.05.28 10:23:10.711,2.06755,2.06795,0.90,1.00
2008.05.28 10:23:16.851,2.06755,2.068,0.90,5.80
2008.05.28 10:23:16.884,2.06765,2.068,0.90,5.80
2008.05.28 10:23:32.844,2.06765,2.068,0.90,4.80
2008.05.28 10:23:32.912,2.0676,2.068,0.90,4.80
2008.05.28 10:23:33.149,2.06775,2.06805,0.90,1.00
2008.05.28 10:23:34.412,2.06775,2.0681,0.90,4.80
2008.05.28 10:23:38.945,2.0677,2.0681,0.90,4.80
2008.05.28 10:23:38.976,2.06765,2.06795,1.90,1.00
2008.05.28 10:23:39.037,2.06755,2.06795,0.90,1.00
2008.05.28 10:23:39.067,2.0676,2.06795,4.80,1.00
2008.05.28 10:23:39.472,2.06755,2.06795,0.90,1.00
2008.05.28 10:23:40.170,2.06755,2.0679,0.90,4.80
2008.05.28 10:23:40.569,2.06765,2.06795,0.90,1.00
2008.05.28 10:23:40.766,2.06775,2.068,0.90,4.80
2008.05.28 10:23:40.963,2.06775,2.06805,0.90,1.00
2008.05.28 10:23:41.739,2.06775,2.0681,0.90,4.80
2008.05.28 10:23:41.810,2.06785,2.0681,0.90,4.80
2008.05.28 10:23:45.417,2.06785,2.06815,0.90,1.00
2008.05.28 10:24:00.918,2.06785,2.0682,0.90,5.80
2008.05.28 10:24:03.502,2.06785,2.06825,0.90,1.00
2008.05.28 10:24:03.665,2.06785,2.0683,0.90,5.80
2008.05.28 10:24:03.682,2.06795,2.0683,0.90,5.80
2008.05.28 10:24:03.931,2.06795,2.0683,0.90,1.00
2008.05.28 10:24:06.149,2.06795,2.0683,0.90,5.80
2008.05.28 10:24:06.783,2.0679,2.0682,4.80,1.00
2008.05.28 10:24:07.182,2.06785,2.0682,0.90,5.80
2008.05.28 10:24:07.374,2.06805,2.06835,0.90,2.80
2008.05.28 10:24:07.595,2.06805,2.0684,0.90,5.80
2008.05.28 10:24:07.816,2.06795,2.0683,0.90,1.00
2008.05.28 10:24:08.036,2.06795,2.0683,0.90,5.80
2008.05.28 10:24:08.475,2.06805,2.0683,0.90,1.00
2008.05.28 10:24:08.758,2.06805,2.0682,0.90,1.00
2008.05.28 10:24:08.854,2.06795,2.0682,0.90,1.00
2008.05.28 10:24:08.950,2.06795,2.06825,0.90,1.00
2008.05.28 10:24:09.159,2.06795,2.0682,0.90,4.80
2008.05.28 10:24:13.027,2.06785,2.0682,0.90,4.80
2008.05.28 10:24:18.525,2.06785,2.0683,0.90,5.80
2008.05.28 10:24:21.398,2.06785,2.0682,0.90,4.80
2008.05.28 10:24:24.510,2.06795,2.0682,0.90,4.80
2008.05.28 10:24:24.957,2.06795,2.0683,0.90,5.80
2008.05.28 10:24:25.626,2.06795,2.0682,0.90,4.80
2008.05.28 10:24:26.535,2.06805,2.0683,0.90,4.80
2008.05.28 10:24:26.825,2.06805,2.06835,0.90,1.00
2008.05.28 10:24:26.953,2.06805,2.0684,0.90,4.80
2008.05.28 10:24:28.727,2.06805,2.0682,0.90,4.80
2008.05.28 10:24:28.950,2.06795,2.0682,0.90,4.80
2008.05.28 10:24:32.978,2.06795,2.06815,0.90,1.00
2008.05.28 10:24:33.066,2.06785,2.06815,0.90,1.00
2008.05.28 10:24:33.328,2.06785,2.0681,0.90,4.80
2008.05.28 10:24:33.387,2.06775,2.0681,0.90,4.80
2008.05.28 10:24:34.018,2.06765,2.0681,0.90,4.80
2008.05.28 10:24:34.113,2.06765,2.068,0.90,4.80
2008.05.28 10:24:34.581,2.06765,2.0679,0.90,4.80
2008.05.28 10:24:37.074,2.06755,2.0679,0.90,4.80
2008.05.28 10:24:38.237,2.06765,2.0679,0.90,4.80
2008.05.28 10:24:38.393,2.06765,2.068,0.90,4.80
2008.05.28 10:24:38.549,2.06765,2.0679,0.90,4.80
2008.05.28 10:24:38.857,2.06765,2.068,0.90,4.80
2008.05.28 10:24:39.756,2.06775,2.068,0.90,4.80
2008.05.28 10:24:40.014,2.06775,2.0681,0.90,4.80
2008.05.28 10:24:41.336,2.06775,2.06815,0.90,1.00
2008.05.28 10:24:41.606,2.06775,2.0681,0.90,4.80
2008.05.28 10:24:46.879,2.06785,2.0681,0.90,4.80
2008.05.28 10:24:48.076,2.06785,2.06815,0.90,1.00
2008.05.28 10:24:50.589,2.06775,2.06815,0.90,1.00
2008.05.28 10:24:51.191,2.0677,2.06815,4.80,1.00
2008.05.28 10:24:51.409,2.06775,2.06815,0.90,1.00
2008.05.28 10:24:51.628,2.06785,2.0682,0.90,0.90
2008.05.28 10:24:52.058,2.06775,2.0682,0.90,5.70
2008.05.28 10:24:52.507,2.06775,2.0682,0.90,4.80
2008.05.28 10:24:53.165,2.06785,2.0682,0.90,4.80
2008.05.28 10:24:54.948,2.06785,2.06815,0.90,1.00
2008.05.28 10:24:56.783,2.06785,2.0682,0.90,4.80
2008.05.28 10:24:58.224,2.06785,2.0683,0.90,4.80
2008.05.28 10:24:58.529,2.06795,2.0683,0.90,4.80
2008.05.28 10:24:58.808,2.06795,2.06835,0.90,1.00
2008.05.28 10:24:59.050,2.06795,2.0683,0.90,4.80
2008.05.28 10:25:00.304,2.06795,2.06835,0.90,1.00
2008.05.28 10:25:00.499,2.06805,2.06835,0.90,1.00
2008.05.28 10:25:00.757,2.06805,2.0683,0.90,4.80
2008.05.28 10:25:00.863,2.06795,2.0683,0.90,4.80
2008.05.28 10:25:03.343,2.06795,2.0682,0.90,4.80
2008.05.28 10:25:03.551,2.06795,2.0683,0.90,4.80
2008.05.28 10:25:03.622,2.06805,2.0683,0.90,4.80
2008.05.28 10:25:03.899,2.06795,2.0683,0.90,4.80
2008.05.28 10:25:04.038,2.06795,2.06835,0.90,1.00
2008.05.28 10:25:04.406,2.06795,2.0683,0.90,4.80
2008.05.28 10:25:05.340,2.06795,2.06835,0.90,1.00
2008.05.28 10:25:05.423,2.06805,2.06835,0.90,1.00
2008.05.28 10:25:05.492,2.06795,2.06835,0.90,1.00
2008.05.28 10:25:05.556,2.06795,2.0683,0.90,4.80
2008.05.28 10:25:07.526,2.06805,2.06835,0.90,1.00
2008.05.28 10:25:08.416,2.06805,2.0683,0.90,4.80
2008.05.28 10:25:08.506,2.06805,2.0682,0.90,4.80
2008.05.28 10:25:08.639,2.06785,2.0682,0.90,4.80
2008.05.28 10:25:18.136,2.06785,2.06815,0.90,1.00
2008.05.28 10:25:18.207,2.06775,2.06815,0.90,1.00
2008.05.28 10:25:18.383,2.06775,2.0681,0.90,4.80
2008.05.28 10:25:18.691,2.06785,2.06815,0.90,1.00
2008.05.28 10:25:19.001,2.06785,2.0681,0.90,4.80
2008.05.28 10:25:19.175,2.06775,2.0681,0.90,4.80
2008.05.28 10:25:22.449,2.06775,2.06815,0.90,1.00
2008.05.28 10:25:22.571,2.06785,2.06815,0.90,1.00
2008.05.28 10:25:22.986,2.06775,2.0681,0.90,4.80
2008.05.28 10:25:24.634,2.06775,2.0681,0.90,4.80
2008.05.28 10:25:24.876,2.0678,2.0681,0.50,4.80
2008.05.28 10:25:24.980,2.0678,2.0682,1.90,2.80
2008.05.28 10:25:25.147,2.06795,2.0682,0.90,2.80
2008.05.28 10:25:25.180,2.06795,2.0682,0.90,0.90
2008.05.28 10:25:25.214,2.06795,2.06825,0.90,1.00
2008.05.28 10:25:25.245,2.06785,2.06825,0.90,1.00
2008.05.28 10:25:25.433,2.06785,2.0682,0.90,4.80
2008.05.28 10:25:27.594,2.06785,2.0681,0.90,4.80
2008.05.28 10:25:29.636,2.06775,2.0681,0.90,4.80
2008.05.28 10:25:31.147,2.06785,2.0681,0.90,4.80
2008.05.28 10:25:31.593,2.06775,2.0681,0.90,4.80
2008.05.28 10:25:34.559,2.06785,2.0681,0.90,4.80
2008.05.28 10:25:35.788,2.06785,2.0682,0.90,4.80
2008.05.28 10:25:39.254,2.06785,2.06815,0.90,1.00
2008.05.28 10:25:39.779,2.06785,2.0682,0.90,4.80
2008.05.28 10:25:40.197,2.06785,2.0682,0.90,5.70
2008.05.28 10:25:40.354,2.06785,2.0681,0.90,4.80
2008.05.28 10:25:40.956,2.06785,2.0682,0.90,6.70
2008.05.28 10:25:42.421,2.06785,2.06815,0.90,1.00
2008.05.28 10:25:42.561,2.06785,2.0681,0.90,4.80
2008.05.28 10:25:42.981,2.06775,2.0681,0.90,4.80
2008.05.28 10:25:43.586,2.06775,2.06815,0.90,1.00
2008.05.28 10:25:43.750,2.06775,2.0681,0.90,4.80
2008.05.28 10:25:44.792,2.06775,2.06815,0.90,1.00
2008.05.28 10:25:45.004,2.06775,2.0681,0.90,4.80
2008.05.28 10:25:48.659,2.06785,2.0681,0.90,4.80
2008.05.28 10:25:49.000,2.06785,2.0682,0.90,5.80
2008.05.28 10:25:49.066,2.06785,2.0682,0.90,4.80
2008.05.28 10:25:51.084,2.06785,2.0682,0.90,5.80
2008.05.28 10:25:53.319,2.06775,2.0682,0.90,5.80
2008.05.28 10:26:02.599,2.0678,2.0682,4.80,1.00
2008.05.28 10:26:02.927,2.06785,2.0683,0.90,6.80
2008.05.28 10:26:03.059,2.06785,2.0683,0.90,5.80
2008.05.28 10:26:05.384,2.06785,2.0683,2.00,4.80
2008.05.28 10:26:05.576,2.0679,2.0684,4.80,8.70
2008.05.28 10:26:05.603,2.06795,2.0684,0.90,5.80
2008.05.28 10:26:07.506,2.06795,2.0683,0.90,1.00
2008.05.28 10:26:07.597,2.0679,2.06825,4.80,1.00
2008.05.28 10:26:07.687,2.06785,2.06825,0.90,1.00
2008.05.28 10:26:09.100,2.06785,2.06825,0.90,2.00
2008.05.28 10:26:12.849,2.06785,2.0682,0.90,4.80
2008.05.28 10:26:13.044,2.06785,2.06825,0.90,2.00
2008.05.28 10:26:13.668,2.06785,2.0682,0.90,4.80
2008.05.28 10:26:19.363,2.06785,2.0681,0.90,4.80
2008.05.28 10:26:19.617,2.06775,2.0681,0.90,4.80
2008.05.28 10:26:23.050,2.06775,2.06815,0.90,1.00
2008.05.28 10:26:25.140,2.06775,2.0681,0.90,4.80
2008.05.28 10:26:25.353,2.06775,2.06815,0.90,1.00
2008.05.28 10:26:46.116,2.06775,2.0682,0.90,5.80
2008.05.28 10:26:56.259,2.06785,2.0682,0.90,5.80
2008.05.28 10:26:56.871,2.06775,2.0682,0.90,5.80
2008.05.28 10:26:59.163,2.06775,2.06815,0.90,1.00
2008.05.28 10:27:07.784,2.06775,2.06805,0.90,1.00
2008.05.28 10:27:07.921,2.06775,2.0681,0.90,4.80
2008.05.28 10:27:08.102,2.06775,2.06815,0.90,1.00
2008.05.28 10:27:08.421,2.06775,2.06805,0.90,1.00
2008.05.28 10:27:08.741,2.06765,2.0681,0.90,4.80
2008.05.28 10:27:08.905,2.06775,2.06815,0.90,1.00
2008.05.28 10:27:09.234,2.0677,2.06815,4.80,1.00
2008.05.28 10:27:09.405,2.06775,2.0681,0.90,4.80
2008.05.28 10:27:09.936,2.06785,2.0682,0.90,5.80
2008.05.28 10:27:10.082,2.06785,2.0681,0.90,4.80
2008.05.28 10:27:10.152,2.06775,2.0681,0.90,4.80
2008.05.28 10:27:11.777,2.06775,2.0682,0.90,5.80
2008.05.28 10:27:11.891,2.06775,2.0681,0.90,4.80
2008.05.28 10:27:12.494,2.06785,2.0682,0.90,5.80
2008.05.28 10:27:13.235,2.06785,2.0682,0.90,4.80
2008.05.28 10:27:13.733,2.06785,2.0682,0.90,5.80
2008.05.28 10:27:22.222,2.06785,2.0682,0.90,4.80
2008.05.28 10:27:23.370,2.06785,2.0682,0.90,5.80
2008.05.28 10:27:25.325,2.06785,2.0682,0.90,4.80
2008.05.28 10:27:25.718,2.06785,2.0682,0.90,5.80
2008.05.28 10:27:26.271,2.06785,2.0682,0.90,4.80
2008.05.28 10:27:29.283,2.06775,2.0681,0.90,4.80
2008.05.28 10:27:29.810,2.06785,2.06815,0.90,0.90
2008.05.28 10:27:50.078,2.06785,2.06815,2.00,0.90
2008.05.28 10:27:50.203,2.06805,2.0682,0.90,4.80
2008.05.28 10:27:50.437,2.06805,2.0684,0.90,7.80
2008.05.28 10:27:50.769,2.06805,2.0684,0.90,4.80
2008.05.28 10:27:50.913,2.06805,2.0683,0.90,4.80
2008.05.28 10:27:51.223,2.06805,2.06825,0.90,1.00
2008.05.28 10:27:51.372,2.06785,2.0682,0.90,4.80
2008.05.28 10:27:55.769,2.06785,2.0682,0.90,5.80
2008.05.28 10:27:56.272,2.06785,2.0681,0.90,1.00
2008.05.28 10:27:56.492,2.06785,2.0681,0.90,5.80
2008.05.28 10:27:56.713,2.06785,2.0681,0.90,4.80
2008.05.28 10:27:56.824,2.06785,2.0682,0.90,5.80
2008.05.28 10:27:57.044,2.06795,2.0682,0.90,1.00
2008.05.28 10:28:00.185,2.06785,2.0682,0.90,1.00
2008.05.28 10:28:00.227,2.06785,2.0682,0.90,5.80
2008.05.28 10:28:02.424,2.06785,2.0682,0.90,4.80
2008.05.28 10:28:02.863,2.06785,2.0682,0.90,5.80
2008.05.28 10:28:08.449,2.06785,2.0682,0.90,4.80
2008.05.28 10:28:13.380,2.06785,2.0682,0.90,5.80
2008.05.28 10:28:15.692,2.06785,2.06795,0.90,1.90
2008.05.28 10:28:15.756,2.06775,2.0678,0.90,5.80
2008.05.28 10:28:16.148,2.06755,2.0678,2.80,5.80
2008.05.28 10:28:16.245,2.06755,2.0678,2.80,4.80
2008.05.28 10:28:17.345,2.06755,2.0677,2.80,4.80
2008.05.28 10:28:18.481,2.06755,2.06775,2.80,1.90
2008.05.28 10:28:18.795,2.06755,2.06775,2.80,0.90
2008.05.28 10:28:18.931,2.06755,2.0678,3.80,4.80
2008.05.28 10:28:19.488,2.06755,2.0678,2.80,4.80
2008.05.28 10:28:20.030,2.06755,2.06775,2.80,1.00
2008.05.28 10:28:20.699,2.06755,2.0678,2.80,4.80
2008.05.28 10:28:21.525,2.06755,2.06775,2.80,1.00
2008.05.28 10:28:21.662,2.06755,2.0678,2.80,4.80
2008.05.28 10:28:22.340,2.06755,2.0676,0.90,1.00
2008.05.28 10:28:22.546,2.06745,2.0675,1.90,4.80
2008.05.28 10:28:22.751,2.06755,2.0678,0.90,4.80
2008.05.28 10:28:24.878,2.06755,2.0679,0.90,4.80
2008.05.28 10:28:24.959,2.06755,2.0678,0.90,1.00
2008.05.28 10:28:25.040,2.06755,2.06775,0.90,0.90
2008.05.28 10:28:25.459,2.06755,2.0678,1.90,1.00
2008.05.28 10:28:25.683,2.06755,2.0677,0.90,4.80
2008.05.28 10:28:26.319,2.06755,2.0678,0.90,4.80
2008.05.28 10:28:26.659,2.06755,2.0679,1.90,4.80
2008.05.28 10:28:29.643,2.06755,2.0677,1.90,4.80
2008.05.28 10:28:29.820,2.06755,2.0677,0.90,4.80
2008.05.28 10:28:31.057,2.06755,2.0678,0.90,4.80
2008.05.28 10:28:32.934,2.06755,2.0677,0.90,4.80
2008.05.28 10:28:33.172,2.06755,2.0679,1.90,6.70
2008.05.28 10:28:33.392,2.06755,2.0679,1.90,4.80
2008.05.28 10:28:36.910,2.06765,2.0679,0.90,4.80
2008.05.28 10:28:37.237,2.06765,2.06795,0.90,0.90
2008.05.28 10:28:37.452,2.06755,2.06795,1.90,0.90
2008.05.28 10:28:38.095,2.06755,2.0678,0.90,4.80
2008.05.28 10:28:38.247,2.06755,2.0678,0.90,5.80
2008.05.28 10:28:38.398,2.06755,2.06775,0.90,0.90
2008.05.28 10:28:38.849,2.06755,2.0678,0.90,5.80
2008.05.28 10:28:40.229,2.06755,2.0678,0.90,4.80
2008.05.28 10:28:41.040,2.06755,2.06785,0.90,0.90
2008.05.28 10:28:41.105,2.06755,2.0679,0.90,6.80
2008.05.28 10:28:41.235,2.06755,2.0679,0.90,5.80
2008.05.28 10:28:41.894,2.06755,2.0679,0.90,1.00
2008.05.28 10:28:42.093,2.06755,2.06795,0.90,0.90
2008.05.28 10:28:42.336,2.06755,2.06795,1.90,0.90
2008.05.28 10:28:42.564,2.06755,2.06795,0.90,0.90
2008.05.28 10:28:43.090,2.06755,2.0679,0.90,4.80
2008.05.28 10:28:43.426,2.06755,2.0679,0.90,5.80
2008.05.28 10:28:45.249,2.06755,2.0678,0.90,1.00
2008.05.28 10:28:45.531,2.06755,2.0678,0.90,5.80
2008.05.28 10:28:45.813,2.06755,2.0678,0.90,4.80
2008.05.28 10:28:47.845,2.06755,2.0679,0.90,4.80
2008.05.28 10:28:48.552,2.06755,2.06785,0.90,0.90
2008.05.28 10:28:48.769,2.06755,2.0678,0.90,4.80
2008.05.28 10:28:48.965,2.06755,2.06785,0.90,0.90
2008.05.28 10:28:49.108,2.06765,2.0679,0.90,4.80
2008.05.28 10:28:49.167,2.06765,2.06795,0.90,1.00
2008.05.28 10:28:49.372,2.06755,2.0679,0.90,4.80
2008.05.28 10:28:49.783,2.06755,2.06795,0.90,1.00
2008.05.28 10:28:50.195,2.06755,2.068,0.90,4.80
2008.05.28 10:28:50.315,2.06765,2.068,0.90,4.80
2008.05.28 10:28:55.623,2.06755,2.068,0.90,4.80
2008.05.28 10:28:58.378,2.06755,2.068,2.00,4.80
2008.05.28 10:29:00.112,2.0676,2.06805,4.80,1.40
2008.05.28 10:29:00.534,2.06755,2.068,2.00,4.80
2008.05.28 10:29:01.416,2.06755,2.068,0.90,4.80
2008.05.28 10:29:01.886,2.0676,2.068,1.00,4.80
2008.05.28 10:29:02.260,2.0676,2.0681,5.80,5.80
2008.05.28 10:29:02.590,2.0676,2.06805,4.80,1.00
2008.05.28 10:29:03.099,2.0676,2.06795,4.80,1.00
2008.05.28 10:29:03.355,2.06755,2.06795,1.90,1.00
2008.05.28 10:29:03.611,2.06755,2.0679,0.90,4.80
2008.05.28 10:29:05.427,2.06755,2.0679,0.90,5.80
2008.05.28 10:29:08.517,2.06755,2.0679,0.90,4.80
2008.05.28 10:29:14.057,2.06755,2.06785,0.90,0.90
2008.05.28 10:29:14.406,2.06755,2.0678,0.90,4.80
2008.05.28 10:29:15.168,2.06755,2.0679,0.90,4.80
2008.05.28 10:29:15.240,2.06755,2.0679,3.00,4.80
2008.05.28 10:29:15.499,2.06765,2.0679,0.90,4.80
2008.05.28 10:29:15.693,2.06765,2.068,0.90,4.80
2008.05.28 10:29:15.888,2.06765,2.0681,0.90,6.80
2008.05.28 10:29:16.417,2.06765,2.0681,0.90,5.80
2008.05.28 10:29:18.415,2.06765,2.0681,0.90,4.80
2008.05.28 10:29:18.563,2.06765,2.0681,0.90,5.80
2008.05.28 10:29:19.069,2.0677,2.0681,0.90,5.80
2008.05.28 10:29:20.681,2.06765,2.0681,2.80,5.80
2008.05.28 10:29:21.057,2.06765,2.0681,0.90,5.80
2008.05.28 10:29:21.551,2.06765,2.0681,2.80,5.80
2008.05.28 10:29:22.323,2.0677,2.0681,0.90,5.80
2008.05.28 10:29:24.644,2.06765,2.0681,2.80,5.80
2008.05.28 10:29:25.388,2.06765,2.0681,0.90,5.80
2008.05.28 10:29:26.947,2.06765,2.0681,0.90,4.80
2008.05.28 10:29:27.131,2.06765,2.0681,0.90,5.80
2008.05.28 10:29:31.503,2.06765,2.06795,0.90,1.00
2008.05.28 10:29:31.637,2.0676,2.06795,4.80,1.00
2008.05.28 10:29:31.710,2.06755,2.0679,3.80,4.80
2008.05.28 10:29:31.955,2.06755,2.0679,2.80,4.80
2008.05.28 10:29:35.509,2.06755,2.0679,3.90,4.80
2008.05.28 10:29:35.534,2.06755,2.06795,3.90,0.90
2008.05.28 10:29:35.607,2.06765,2.06795,0.90,0.90
2008.05.28 10:29:35.642,2.06765,2.068,0.90,5.70
2008.05.28 10:29:35.898,2.06765,2.068,0.90,4.80
2008.05.28 10:29:36.016,2.06765,2.068,0.90,5.80
2008.05.28 10:29:36.132,2.06755,2.0679,2.80,4.80
2008.05.28 10:29:36.362,2.06755,2.06785,2.80,0.90
2008.05.28 10:29:36.478,2.06755,2.06785,2.80,2.00
2008.05.28 10:29:37.027,2.06755,2.06785,2.80,6.80
2008.05.28 10:29:37.117,2.06755,2.06775,2.80,0.90
2008.05.28 10:29:37.284,2.06755,2.06775,2.00,0.90
2008.05.28 10:29:37.536,2.06755,2.0678,2.00,4.80
2008.05.28 10:29:38.809,2.06755,2.06775,2.00,0.90
2008.05.28 10:29:41.056,2.06755,2.06765,2.00,0.90
2008.05.28 10:29:45.477,2.06755,2.06765,1.90,0.90
2008.05.28 10:29:47.528,2.06755,2.0678,1.90,4.80
2008.05.28 10:29:52.799,2.06755,2.0678,1.90,5.80
2008.05.28 10:29:53.856,2.06755,2.06775,1.90,0.90
2008.05.28 10:29:54.051,2.06755,2.0677,1.90,1.00
2008.05.28 10:29:55.010,2.06755,2.0677,1.90,5.80
2008.05.28 10:29:55.101,2.06755,2.06765,1.90,0.90
2008.05.28 10:29:55.547,2.06755,2.06765,1.90,2.00
2008.05.28 10:29:55.651,2.06745,2.06755,1.60,0.90
2008.05.28 10:29:56.584,2.06755,2.0677,1.90,2.80
2008.05.28 10:29:56.753,2.06755,2.06775,1.90,0.90
2008.05.28 10:29:57.044,2.06755,2.0678,1.90,5.80
2008.05.28 10:29:57.966,2.06755,2.0678,1.90,4.80
2008.05.28 10:29:58.136,2.06755,2.0678,2.80,4.80
2008.05.28 10:29:58.448,2.06755,2.0679,1.90,1.00
2008.05.28 10:29:58.760,2.06755,2.06775,1.90,1.00
2008.05.28 10:29:59.085,2.06755,2.0678,1.90,5.80
2008.05.28 10:29:59.264,2.06755,2.0677,1.90,1.00
2008.05.28 10:29:59.905,2.06755,2.06775,1.90,2.00
2008.05.28 10:30:00.064,2.06755,2.06765,1.90,1.00
2008.05.28 10:30:00.486,2.06755,2.06775,1.90,2.00
2008.05.28 10:30:00.647,2.06755,2.06775,1.90,1.00
2008.05.28 10:30:03.807,2.06755,2.0677,1.90,1.00
2008.05.28 10:30:06.934,2.06755,2.06775,1.90,2.00
2008.05.28 10:30:07.073,2.06755,2.06775,1.90,1.00
2008.05.28 10:30:08.452,2.06755,2.0677,1.90,1.00
2008.05.28 10:30:08.962,2.06755,2.06775,1.90,2.00
2008.05.28 10:30:09.219,2.06755,2.06785,1.90,1.00
2008.05.28 10:30:11.198,2.06755,2.0677,1.90,1.00
2008.05.28 10:30:12.094,2.06755,2.06775,1.90,2.00
2008.05.28 10:30:12.259,2.06755,2.06775,1.90,1.00
2008.05.28 10:30:12.438,2.06755,2.06785,1.90,2.00
2008.05.28 10:30:12.525,2.06755,2.06785,1.90,1.00
2008.05.28 10:30:15.972,2.06755,2.0678,1.90,1.00
2008.05.28 10:30:16.085,2.06755,2.06785,1.90,1.00
2008.05.28 10:30:16.158,2.06755,2.06785,1.90,2.00
2008.05.28 10:30:16.873,2.06755,2.0678,1.90,1.00
2008.05.28 10:30:17.170,2.06755,2.06785,1.90,2.00
2008.05.28 10:30:17.466,2.06755,2.0677,1.90,1.00
2008.05.28 10:30:17.699,2.06755,2.06765,1.90,0.90
2008.05.28 10:30:18.901,2.06755,2.06775,1.90,1.00
2008.05.28 10:30:20.155,2.06755,2.06765,1.90,1.00
2008.05.28 10:30:20.324,2.06755,2.06765,1.90,2.00
2008.05.28 10:30:21.908,2.06755,2.06765,1.90,0.90
2008.05.28 10:30:25.207,2.06755,2.06765,1.90,2.00
2008.05.28 10:30:26.107,2.06755,2.06765,1.90,0.90
2008.05.28 10:30:27.805,2.06755,2.0676,1.90,1.00
2008.05.28 10:30:28.007,2.06755,2.06765,1.90,1.00
2008.05.28 10:30:28.260,2.06755,2.06775,1.90,1.00
2008.05.28 10:30:28.530,2.06755,2.0677,1.90,1.00
2008.05.28 10:30:29.155,2.06755,2.06765,1.90,2.00
2008.05.28 10:30:29.848,2.06755,2.06765,1.90,0.90
2008.05.28 10:30:30.712,2.06755,2.06775,1.90,0.90
2008.05.28 10:30:31.532,2.06755,2.0677,1.90,1.00
2008.05.28 10:30:31.612,2.06755,2.06775,1.90,2.00
2008.05.28 10:30:31.692,2.06755,2.0677,1.90,4.80
2008.05.28 10:30:32.600,2.06755,2.06765,1.90,0.90
2008.05.28 10:30:40.070,2.06755,2.06765,1.90,2.00
2008.05.28 10:30:40.163,2.06755,2.0676,1.90,4.80
2008.05.28 10:30:41.211,2.06755,2.06765,1.90,0.90
2008.05.28 10:30:41.558,2.06755,2.06765,1.90,2.00
2008.05.28 10:30:41.792,2.06755,2.0676,1.90,4.80
2008.05.28 10:30:42.104,2.06755,2.0676,1.90,5.80
2008.05.28 10:30:42.656,2.06755,2.0676,1.90,4.80
2008.05.28 10:30:43.952,2.06745,2.0675,1.90,4.80
2008.05.28 10:30:44.702,2.06755,2.0677,1.90,1.00
2008.05.28 10:30:44.913,2.06755,2.06765,1.90,1.00
2008.05.28 10:30:45.127,2.06755,2.06765,1.90,2.00
2008.05.28 10:30:45.383,2.06745,2.0675,1.90,4.80
2008.05.28 10:30:46.023,2.06755,2.0676,1.90,4.80
2008.05.28 10:30:46.900,2.06755,2.0677,1.90,5.80
2008.05.28 10:30:47.355,2.06755,2.0678,1.90,8.70
2008.05.28 10:30:47.441,2.06755,2.0678,1.90,5.80
2008.05.28 10:30:50.636,2.06755,2.06775,1.90,1.00
2008.05.28 10:30:50.671,2.06755,2.06765,1.90,0.90
2008.05.28 10:30:56.310,2.06755,2.06775,1.90,0.90
2008.05.28 10:30:56.523,2.06755,2.0678,1.90,4.80
2008.05.28 10:30:57.351,2.06755,2.06775,1.90,0.90
2008.05.28 10:30:57.568,2.06755,2.06775,1.90,2.00
2008.05.28 10:31:00.266,2.06755,2.06775,1.90,0.90
2008.05.28 10:31:01.815,2.06755,2.0678,1.90,4.80
2008.05.28 10:31:01.904,2.06755,2.06775,1.90,0.90
2008.05.28 10:31:04.069,2.06755,2.0677,1.90,4.80
2008.05.28 10:31:05.958,2.06755,2.06765,1.90,2.00
2008.05.28 10:31:06.163,2.06745,2.0675,1.90,4.80
2008.05.28 10:31:06.352,2.06745,2.0675,1.90,4.80
2008.05.28 10:31:06.567,2.06755,2.0676,0.06,5.70
2008.05.28 10:31:06.607,2.06755,2.0676,0.06,4.80
2008.05.28 10:31:06.777,2.06755,2.06765,0.06,0.90
2008.05.28 10:31:07.927,2.06755,2.0676,0.06,4.80
2008.05.28 10:31:08.505,2.06755,2.06765,0.06,0.90
2008.05.28 10:31:08.785,2.06755,2.0677,0.06,4.80
2008.05.28 10:31:09.064,2.06755,2.0676,0.06,4.80
2008.05.28 10:31:11.780,2.06755,2.0677,0.06,5.80
2008.05.28 10:31:11.979,2.06755,2.06775,0.06,0.90
2008.05.28 10:31:12.145,2.06755,2.0678,0.06,5.80
2008.05.28 10:31:12.176,2.06755,2.0678,0.06,4.80
2008.05.28 10:31:12.625,2.06755,2.06785,0.06,2.00
2008.05.28 10:31:12.685,2.06755,2.06785,0.06,0.90
2008.05.28 10:31:12.942,2.06755,2.0678,0.06,4.80
2008.05.28 10:31:14.418,2.06755,2.06775,0.06,0.90
2008.05.28 10:31:15.264,2.06755,2.0678,0.06,4.80
2008.05.28 10:31:16.058,2.06755,2.06785,0.06,1.00
2008.05.28 10:31:16.742,2.06755,2.0679,0.06,5.80
2008.05.28 10:31:16.863,2.06755,2.0677,0.06,1.00
2008.05.28 10:31:16.983,2.06755,2.0677,0.06,5.80
2008.05.28 10:31:17.890,2.06755,2.0677,0.06,1.00
2008.05.28 10:31:18.052,2.06755,2.06775,0.06,0.90
2008.05.28 10:31:18.123,2.06755,2.06785,0.06,2.80
2008.05.28 10:31:18.331,2.06755,2.0678,0.06,4.80
2008.05.28 10:31:18.538,2.06755,2.0679,0.06,5.80
2008.05.28 10:31:18.765,2.06755,2.0678,0.06,4.80
2008.05.28 10:31:20.141,2.06755,2.06775,0.06,0.90
2008.05.28 10:31:21.732,2.06755,2.06775,0.06,2.00
2008.05.28 10:31:21.824,2.06755,2.0677,0.06,4.80
2008.05.28 10:31:21.868,2.06755,2.06765,0.06,0.90
2008.05.28 10:31:26.764,2.06755,2.0677,0.06,4.80
2008.05.28 10:31:27.119,2.06755,2.06775,0.06,0.90
2008.05.28 10:31:27.476,2.06755,2.06775,0.06,2.00
2008.05.28 10:31:27.732,2.06755,2.0676,0.06,0.90
2008.05.28 10:31:27.876,2.06745,2.06755,1.40,1.00
2008.05.28 10:31:28.038,2.06745,2.06755,1.40,2.00
2008.05.28 10:31:29.433,2.06745,2.06755,1.40,0.90
2008.05.28 10:31:29.768,2.06745,2.06765,1.40,2.00
2008.05.28 10:31:30.589,2.06745,2.0676,1.40,4.80
2008.05.28 10:31:31.321,2.06745,2.06765,1.40,0.90
2008.05.28 10:31:33.258,2.06745,2.0677,1.40,4.80
2008.05.28 10:31:33.488,2.06745,2.06775,1.40,0.90
2008.05.28 10:31:33.718,2.06745,2.06765,1.40,0.90
2008.05.28 10:31:34.174,2.06745,2.06765,1.40,2.00
2008.05.28 10:31:34.538,2.06745,2.0676,1.40,4.80
2008.05.28 10:31:35.037,2.06745,2.06765,1.40,0.90
2008.05.28 10:31:35.288,2.06745,2.06775,1.40,2.00
2008.05.28 10:31:35.408,2.06745,2.0677,1.40,4.80
2008.05.28 10:31:36.003,2.06745,2.06775,1.40,0.90
2008.05.28 10:31:36.260,2.06745,2.0679,2.40,4.80
2008.05.28 10:31:41.735,2.0675,2.0679,1.00,4.80
2008.05.28 10:31:41.816,2.06755,2.06795,0.90,0.90
2008.05.28 10:31:45.170,2.06755,2.0679,0.90,1.00
2008.05.28 10:31:45.290,2.06755,2.0678,0.90,4.80
2008.05.28 10:31:45.430,2.06745,2.0678,2.40,4.80
2008.05.28 10:31:45.886,2.06745,2.06785,2.40,0.90
2008.05.28 10:31:52.228,2.06745,2.06775,2.40,1.00
2008.05.28 10:31:52.333,2.06745,2.06765,1.40,0.90
2008.05.28 10:31:53.391,2.06745,2.06785,1.40,2.00
2008.05.28 10:31:53.740,2.06745,2.0678,1.40,1.00
2008.05.28 10:31:54.037,2.06745,2.0678,1.40,5.80
2008.05.28 10:31:55.533,2.06745,2.06765,1.40,0.90
2008.05.28 10:31:56.007,2.06745,2.0678,1.40,9.70
2008.05.28 10:31:56.048,2.06745,2.0678,1.40,5.80
2008.05.28 10:32:03.634,2.06745,2.0677,1.40,1.00
2008.05.28 10:32:03.690,2.06745,2.06765,1.40,0.90
2008.05.28 10:32:07.770,2.06745,2.06765,6.20,0.90
2008.05.28 10:32:10.113,2.06745,2.0678,7.20,4.80
2008.05.28 10:32:10.760,2.06745,2.0678,6.20,5.80
2008.05.28 10:32:11.058,2.06745,2.06765,6.20,0.90
2008.05.28 10:32:11.257,2.06745,2.0678,6.20,7.60
2008.05.28 10:32:11.360,2.06745,2.0678,6.20,4.80
2008.05.28 10:32:11.487,2.06745,2.06785,6.20,4.90
2008.05.28 10:32:11.586,2.06745,2.06785,6.20,2.00
2008.05.28 10:32:12.802,2.06745,2.06775,6.20,1.00
2008.05.28 10:32:13.045,2.06745,2.06775,6.20,2.00
2008.05.28 10:32:22.873,2.06745,2.06765,6.20,0.90
2008.05.28 10:32:31.829,2.06745,2.0678,6.20,5.80
2008.05.28 10:32:31.960,2.06745,2.0678,6.20,1.00
2008.05.28 10:32:32.180,2.06745,2.06785,6.20,0.90
2008.05.28 10:32:33.406,2.06745,2.0678,6.20,1.00
2008.05.28 10:32:33.540,2.06745,2.06765,6.20,0.90
2008.05.28 10:32:33.760,2.06745,2.0678,6.20,4.80
2008.05.28 10:32:34.086,2.06745,2.06785,6.20,0.90
2008.05.28 10:32:35.308,2.0675,2.06785,4.80,0.90
2008.05.28 10:32:35.490,2.0675,2.06785,5.80,0.90
2008.05.28 10:32:35.604,2.0675,2.0679,1.00,4.80
2008.05.28 10:32:35.746,2.0675,2.0679,4.80,1.00
2008.05.28 10:32:35.968,2.0675,2.06785,4.80,0.90
2008.05.28 10:32:36.084,2.06745,2.06785,6.20,0.90
2008.05.28 10:32:36.943,2.06745,2.06785,7.40,0.90
2008.05.28 10:32:37.365,2.06745,2.06785,8.40,0.90
2008.05.28 10:32:37.566,2.06745,2.06785,7.40,0.90
2008.05.28 10:32:38.087,2.06745,2.06785,8.40,0.90
2008.05.28 10:32:38.296,2.06755,2.06785,1.00,0.90
2008.05.28 10:32:38.852,2.06745,2.06775,6.20,0.90
2008.05.28 10:32:39.094,2.0676,2.068,1.00,4.80
2008.05.28 10:32:39.559,2.0675,2.068,5.80,4.80
2008.05.28 10:32:40.393,2.06755,2.068,1.00,4.80
2008.05.28 10:32:40.692,2.0675,2.068,4.80,5.80
2008.05.28 10:32:40.794,2.0675,2.068,5.70,5.80
2008.05.28 10:32:41.237,2.06755,2.068,1.00,4.80
2008.05.28 10:32:41.329,2.06765,2.068,0.90,4.80
2008.05.28 10:32:42.484,2.06765,2.068,0.90,5.80
2008.05.28 10:32:42.584,2.0675,2.068,5.70,5.80
2008.05.28 10:32:42.823,2.0675,2.068,4.80,5.80
2008.05.28 10:32:45.377,2.0675,2.068,5.80,4.80
2008.05.28 10:32:45.873,2.0675,2.0679,4.80,1.00
2008.05.28 10:32:47.485,2.0675,2.06785,4.80,0.90
2008.05.28 10:32:50.826,2.06755,2.06785,1.00,0.90
2008.05.28 10:32:50.936,2.0676,2.06785,4.80,0.90
2008.05.28 10:32:51.067,2.0676,2.06795,4.80,0.90
2008.05.28 10:32:51.374,2.0676,2.06795,4.80,2.00
2008.05.28 10:32:51.809,2.0675,2.06795,4.80,2.00
2008.05.28 10:32:51.919,2.0675,2.06795,5.80,0.90
2008.05.28 10:32:52.413,2.0676,2.068,4.80,1.00
2008.05.28 10:32:57.932,2.0676,2.06805,4.80,0.90
2008.05.28 10:32:58.223,2.0676,2.068,4.80,1.00
2008.05.28 10:32:58.413,2.0676,2.06805,5.80,0.90
2008.05.28 10:33:00.909,2.0677,2.06805,1.00,0.90
2008.05.28 10:33:05.930,2.0676,2.06805,5.80,0.90
2008.05.28 10:33:06.811,2.06765,2.06805,1.00,0.90
2008.05.28 10:33:06.920,2.0677,2.06805,4.80,0.90
2008.05.28 10:33:12.405,2.06775,2.06805,1.00,0.90
2008.05.28 10:33:12.540,2.0678,2.06805,4.80,0.90
2008.05.28 10:33:12.630,2.0678,2.06815,4.80,0.90
2008.05.28 10:33:26.606,2.06785,2.06815,1.00,0.90
2008.05.28 10:33:28.393,2.06795,2.06815,1.00,0.90
2008.05.28 10:33:28.496,2.06795,2.0683,1.00,4.80
2008.05.28 10:33:28.893,2.06785,2.0683,3.80,4.80
2008.05.28 10:33:28.994,2.06785,2.0682,2.00,4.80
2008.05.28 10:33:29.245,2.06785,2.06815,1.00,0.90
2008.05.28 10:33:29.993,2.06795,2.06815,1.00,0.90
2008.05.28 10:33:30.244,2.06795,2.0683,1.00,4.80
2008.05.28 10:33:30.400,2.06785,2.0683,3.80,4.80
2008.05.28 10:33:30.554,2.06785,2.06815,1.00,0.90
2008.05.28 10:33:33.354,2.0679,2.06815,1.00,0.90
2008.05.28 10:33:33.492,2.0679,2.0682,1.00,4.80
2008.05.28 10:33:33.901,2.06785,2.06825,2.00,0.90
2008.05.28 10:33:34.201,2.06785,2.06815,1.00,0.90
2008.05.28 10:33:38.002,2.0679,2.06825,1.00,0.90
2008.05.28 10:33:39.067,2.06795,2.06825,1.00,0.90
2008.05.28 10:33:43.966,2.0679,2.06825,5.80,0.90
2008.05.28 10:33:44.146,2.0679,2.06825,1.00,0.90
2008.05.28 10:33:44.801,2.068,2.06825,1.00,0.90
2008.05.28 10:33:45.176,2.0681,2.0684,1.00,4.80
2008.05.28 10:33:45.252,2.0681,2.06845,1.00,0.90
2008.05.28 10:33:49.181,2.0683,2.06845,1.00,0.90
2008.05.28 10:33:49.451,2.06825,2.0687,0.90,6.70
2008.05.28 10:33:49.606,2.06825,2.0686,0.90,4.80
2008.05.28 10:33:49.713,2.0683,2.0686,1.00,4.80
2008.05.28 10:33:49.857,2.0683,2.06865,1.00,0.90
2008.05.28 10:33:50.236,2.0683,2.06865,1.00,0.90
2008.05.28 10:33:50.737,2.0682,2.06865,5.80,0.90
2008.05.28 10:33:51.025,2.0683,2.0686,1.00,0.80
2008.05.28 10:33:51.234,2.0683,2.06865,1.00,0.90
2008.05.28 10:33:51.339,2.06825,2.06865,0.90,0.90
2008.05.28 10:33:51.452,2.0682,2.06865,4.80,0.70
2008.05.28 10:33:51.559,2.0682,2.0686,4.80,0.60
2008.05.28 10:33:51.770,2.06825,2.06865,1.00,0.90
2008.05.28 10:33:51.979,2.06825,2.0686,1.00,0.60
2008.05.28 10:33:52.237,2.06825,2.0686,2.00,0.80
2008.05.28 10:33:52.517,2.06825,2.0687,2.00,0.70
2008.05.28 10:33:53.698,2.06825,2.0686,0.90,0.50
2008.05.28 10:33:53.922,2.0682,2.06865,4.80,0.90
2008.05.28 10:33:54.025,2.0682,2.06865,0.90,0.90
2008.05.28 10:33:54.125,2.06815,2.06855,1.00,0.90
2008.05.28 10:33:54.246,2.06825,2.06855,1.00,0.90
2008.05.28 10:33:54.495,2.0682,2.06865,0.90,0.90
2008.05.28 10:33:54.740,2.06815,2.0686,2.00,0.60
2008.05.28 10:33:57.925,2.06825,2.0686,0.90,0.60
2008.05.28 10:33:58.021,2.06815,2.0686,1.00,0.70
2008.05.28 10:33:59.414,2.06825,2.06865,1.00,0.90
2008.05.28 10:33:59.639,2.06825,2.06865,2.00,0.90
2008.05.28 10:34:01.316,2.06825,2.0686,2.00,0.50
2008.05.28 10:34:01.643,2.06825,2.06865,2.00,0.90
2008.05.28 10:34:05.032,2.06825,2.0686,0.90,0.90
2008.05.28 10:34:05.375,2.0682,2.06845,4.80,0.90
2008.05.28 10:34:05.559,2.06805,2.06845,0.90,0.90
2008.05.28 10:34:05.721,2.06805,2.06845,0.90,0.80
2008.05.28 10:34:05.838,2.068,2.06845,4.80,0.90
2008.05.28 10:34:05.953,2.06795,2.0684,1.00,0.90
2008.05.28 10:34:06.068,2.068,2.06845,4.80,0.90
2008.05.28 10:34:06.197,2.068,2.06845,4.80,0.70
2008.05.28 10:34:06.313,2.068,2.06845,4.80,0.80
2008.05.28 10:34:06.429,2.0679,2.0684,5.80,0.50
2008.05.28 10:34:06.909,2.0679,2.06835,4.80,0.60
2008.05.28 10:34:07.048,2.0679,2.06825,4.80,0.90
2008.05.28 10:34:07.465,2.06785,2.06825,0.90,0.90
2008.05.28 10:34:08.255,2.0679,2.06825,1.00,0.90
2008.05.28 10:34:08.347,2.0679,2.0683,1.00,0.60
2008.05.28 10:34:08.560,2.0679,2.0684,5.80,0.70
2008.05.28 10:34:08.977,2.0679,2.0684,4.80,0.80
2008.05.28 10:34:09.605,2.0679,2.06835,4.80,0.70
2008.05.28 10:34:10.618,2.06795,2.0684,0.90,0.60
2008.05.28 10:34:11.213,2.06785,2.06825,0.90,0.90
2008.05.28 10:34:11.452,2.06785,2.06825,2.00,0.90
2008.05.28 10:34:11.532,2.06785,2.0683,2.00,0.50
2008.05.28 10:34:12.002,2.06785,2.0683,0.90,0.50
2008.05.28 10:34:17.988,2.06785,2.0683,2.00,4.80
2008.05.28 10:34:19.642,2.06795,2.0683,1.00,4.80
2008.05.28 10:34:19.697,2.06795,2.0683,2.00,4.80
2008.05.28 10:34:19.723,2.06795,2.0684,2.00,4.80
2008.05.28 10:34:19.946,2.06805,2.0684,1.00,4.80
2008.05.28 10:34:20.690,2.06795,2.0684,3.80,4.80
2008.05.28 10:34:20.873,2.06795,2.0684,2.00,4.80
2008.05.28 10:34:21.998,2.06795,2.0684,0.90,5.80
2008.05.28 10:34:22.565,2.06795,2.0684,0.90,4.80
2008.05.28 10:34:24.242,2.06795,2.06835,0.90,1.00
2008.05.28 10:34:24.373,2.06785,2.0683,0.90,4.80
2008.05.28 10:34:26.635,2.06785,2.06825,0.90,0.90
2008.05.28 10:34:47.584,2.06785,2.0683,0.90,4.80
2008.05.28 10:34:47.680,2.06785,2.0683,0.90,5.80
2008.05.28 10:34:47.962,2.06785,2.0683,0.90,4.80
2008.05.28 10:34:48.578,2.06785,2.0683,0.90,5.80
2008.05.28 10:34:48.638,2.06785,2.06825,0.90,0.90
2008.05.28 10:34:49.313,2.06785,2.0682,0.90,4.80
2008.05.28 10:34:51.569,2.06785,2.0681,0.90,1.00
2008.05.28 10:34:51.660,2.0677,2.0681,5.70,1.00
2008.05.28 10:34:51.793,2.0677,2.0681,4.80,1.00
2008.05.28 10:34:53.569,2.0677,2.06805,4.80,1.00
2008.05.28 10:34:53.858,2.0676,2.06805,5.70,1.00
2008.05.28 10:34:57.298,2.0677,2.06805,4.80,1.00
2008.05.28 10:34:57.314,2.0676,2.06805,5.70,1.00
2008.05.28 10:34:57.898,2.0676,2.068,5.70,1.00
2008.05.28 10:34:58.936,2.0676,2.0679,4.80,1.00
2008.05.28 10:34:59.042,2.0676,2.06795,4.80,1.00
2008.05.28 10:34:59.252,2.0676,2.06795,4.80,2.00
2008.05.28 10:34:59.563,2.0676,2.0679,4.80,1.00
2008.05.28 10:35:00.104,2.0676,2.06785,4.80,1.00
2008.05.28 10:35:01.605,2.0676,2.0678,4.80,1.00
2008.05.28 10:35:01.767,2.06745,2.0678,6.20,1.00
2008.05.28 10:35:02.036,2.06745,2.0678,6.20,5.80
2008.05.28 10:35:15.006,2.06745,2.0678,7.40,4.80
2008.05.28 10:35:15.155,2.0675,2.06785,4.80,0.90
2008.05.28 10:35:15.526,2.0675,2.06785,4.80,2.00
2008.05.28 10:35:15.687,2.0674,2.0678,4.80,5.80
2008.05.28 10:35:18.111,2.0674,2.0678,4.80,4.80
2008.05.28 10:35:19.058,2.0674,2.0678,4.80,5.80
2008.05.28 10:35:19.197,2.0673,2.0678,5.80,5.80
2008.05.28 10:35:20.188,2.0674,2.06785,4.80,2.00
2008.05.28 10:35:20.620,2.0674,2.06775,4.80,1.00
2008.05.28 10:35:20.766,2.0673,2.06775,4.80,1.00
2008.05.28 10:35:21.673,2.0673,2.0677,4.80,1.00
2008.05.28 10:35:21.757,2.06725,2.0677,1.90,1.00
2008.05.28 10:35:21.865,2.06725,2.0677,0.90,1.00
2008.05.28 10:35:25.822,2.0672,2.0677,4.80,1.00
2008.05.28 10:35:25.868,2.0672,2.0677,4.80,2.00
2008.05.28 10:35:26.006,2.06715,2.0676,2.00,4.80
2008.05.28 10:35:26.201,2.06715,2.06745,0.90,1.00
2008.05.28 10:35:26.326,2.0671,2.06745,0.90,1.00
2008.05.28 10:35:26.575,2.067,2.06745,4.80,1.00
2008.05.28 10:35:26.823,2.06695,2.06745,0.90,1.00
2008.05.28 10:35:27.441,2.06695,2.0674,0.90,4.80
2008.05.28 10:35:27.566,2.06695,2.06735,0.90,1.00
2008.05.28 10:35:27.626,2.06695,2.0673,0.90,4.80
2008.05.28 10:35:27.711,2.06685,2.0673,1.90,5.80
2008.05.28 10:35:27.771,2.0668,2.0673,4.80,5.80
2008.05.28 10:35:28.687,2.0668,2.0673,5.80,4.80
2008.05.28 10:35:28.884,2.0668,2.0673,4.80,5.80
2008.05.28 10:35:29.079,2.0669,2.0673,5.70,1.00
2008.05.28 10:35:29.274,2.067,2.06735,4.80,0.90
2008.05.28 10:35:29.789,2.0671,2.06735,4.80,0.90
2008.05.28 10:35:30.109,2.0669,2.06735,7.50,0.90
2008.05.28 10:35:30.190,2.06695,2.06735,1.00,0.90
2008.05.28 10:35:30.256,2.06695,2.0674,2.00,4.80
2008.05.28 10:35:30.322,2.067,2.0675,4.80,5.80
2008.05.28 10:35:30.997,2.0671,2.0675,4.80,1.00
2008.05.28 10:35:32.155,2.067,2.0675,5.80,4.80
2008.05.28 10:35:32.634,2.067,2.0675,4.80,5.80
2008.05.28 10:35:35.137,2.067,2.06745,4.80,1.00
2008.05.28 10:35:35.607,2.0669,2.0674,5.80,4.80
2008.05.28 10:35:36.202,2.067,2.0675,5.80,4.80
2008.05.28 10:35:37.232,2.067,2.06745,4.80,1.00
2008.05.28 10:35:37.649,2.067,2.0675,4.80,5.80
2008.05.28 10:35:38.141,2.067,2.06745,4.80,1.00
2008.05.28 10:35:40.150,2.067,2.06735,4.80,1.00
2008.05.28 10:35:40.538,2.0669,2.06735,4.80,1.00
2008.05.28 10:35:42.606,2.0669,2.0674,4.80,5.80
2008.05.28 10:35:42.722,2.0669,2.06735,4.80,0.90
2008.05.28 10:35:45.105,2.06695,2.06735,1.00,0.90
2008.05.28 10:35:45.157,2.067,2.06735,4.80,0.90
2008.05.28 10:35:46.116,2.06695,2.06735,2.00,0.90
2008.05.28 10:35:46.687,2.067,2.06735,4.80,0.90
2008.05.28 10:35:47.873,2.0671,2.06735,4.80,0.90
2008.05.28 10:35:48.010,2.06715,2.06735,1.00,0.90
2008.05.28 10:35:48.043,2.06715,2.0676,2.00,11.50
2008.05.28 10:35:48.072,2.06715,2.0676,2.00,8.60
2008.05.28 10:35:48.159,2.0673,2.0676,4.80,3.80
2008.05.28 10:35:48.301,2.0673,2.06765,4.80,2.00
2008.05.28 10:35:49.020,2.0672,2.06765,4.80,2.80
2008.05.28 10:35:49.345,2.0672,2.06755,4.80,0.90
2008.05.28 10:35:49.812,2.06715,2.06755,1.00,0.90
2008.05.28 10:35:50.281,2.0672,2.06755,4.80,0.90
2008.05.28 10:35:50.895,2.0673,2.06755,4.80,0.90
2008.05.28 10:35:51.308,2.06725,2.06755,0.90,0.90
2008.05.28 10:35:51.673,2.0673,2.06755,4.80,0.90
2008.05.28 10:35:54.853,2.0672,2.06755,4.80,0.90
2008.05.28 10:35:58.289,2.0673,2.06755,4.80,0.90
2008.05.28 10:35:58.392,2.0672,2.06755,4.80,0.90
2008.05.28 10:35:58.713,2.0671,2.06755,4.80,0.90
2008.05.28 10:36:01.274,2.06705,2.06745,2.00,0.90
2008.05.28 10:36:01.499,2.06705,2.06745,0.90,0.90
2008.05.28 10:36:06.080,2.0671,2.06745,4.80,0.90
2008.05.28 10:36:06.379,2.06705,2.06745,0.90,0.90
2008.05.28 10:36:06.548,2.0671,2.06745,4.80,0.90
2008.05.28 10:36:08.074,2.0671,2.0676,4.80,8.70
2008.05.28 10:36:08.204,2.0671,2.0676,4.80,5.80
2008.05.28 10:36:08.269,2.0672,2.06765,4.80,2.00
2008.05.28 10:36:08.674,2.0672,2.0676,4.80,1.00
2008.05.28 10:36:08.885,2.0671,2.0676,4.80,5.80
2008.05.28 10:36:09.642,2.0672,2.0676,4.80,1.00
2008.05.28 10:36:09.833,2.0672,2.06765,4.80,3.90
2008.05.28 10:36:10.024,2.0672,2.06765,4.80,6.80
2008.05.28 10:36:10.351,2.0671,2.0676,4.80,5.80
2008.05.28 10:36:10.472,2.0672,2.06755,4.80,0.90
2008.05.28 10:36:11.875,2.06715,2.06755,0.90,0.90
2008.05.28 10:36:12.223,2.06725,2.0677,1.00,7.60
2008.05.28 10:36:12.304,2.0673,2.0677,4.80,2.80
2008.05.28 10:36:12.464,2.0673,2.0676,4.80,1.00
2008.05.28 10:36:12.780,2.0672,2.0676,4.80,1.00
2008.05.28 10:36:13.177,2.06715,2.06755,0.90,0.90
2008.05.28 10:36:13.343,2.0672,2.0676,4.80,1.00
2008.05.28 10:36:14.033,2.06715,2.0676,1.00,4.80
2008.05.28 10:36:14.424,2.0672,2.0677,4.80,5.80
2008.05.28 10:36:14.611,2.06705,2.0675,1.00,4.80
2008.05.28 10:36:14.796,2.06715,2.0675,0.90,4.80
2008.05.28 10:36:14.982,2.06715,2.06755,0.90,0.90
2008.05.28 10:36:15.167,2.0671,2.06755,4.80,0.90
2008.05.28 10:36:15.436,2.06705,2.0675,1.00,4.80
2008.05.28 10:36:16.836,2.067,2.0675,5.80,4.80
2008.05.28 10:36:17.083,2.067,2.0674,1.00,4.80
2008.05.28 10:36:17.826,2.06695,2.0674,1.00,4.80
2008.05.28 10:36:18.192,2.06695,2.0673,1.00,4.80
2008.05.28 10:36:18.590,2.06685,2.0673,2.80,4.80
2008.05.28 10:36:18.715,2.0668,2.0673,4.80,5.80
2008.05.28 10:36:19.088,2.0669,2.0673,4.80,1.00
2008.05.28 10:36:19.547,2.0668,2.0673,4.80,5.80
2008.05.28 10:36:19.903,2.0669,2.06735,4.80,2.00
2008.05.28 10:36:20.239,2.0668,2.0673,5.80,4.80
2008.05.28 10:36:20.476,2.0669,2.06735,4.80,2.00
2008.05.28 10:36:21.196,2.0669,2.06735,4.80,0.90
2008.05.28 10:36:21.277,2.06695,2.0674,0.90,5.80
2008.05.28 10:36:21.482,2.06695,2.0674,0.90,1.00
2008.05.28 10:36:22.238,2.06695,2.06735,0.90,1.00
2008.05.28 10:36:22.429,2.0669,2.06735,4.80,1.00
2008.05.28 10:36:22.651,2.0669,2.0673,4.80,1.00
2008.05.28 10:36:22.800,2.0669,2.06725,4.80,0.90
2008.05.28 10:36:25.114,2.067,2.06725,4.80,0.90
2008.05.28 10:36:25.268,2.067,2.0673,4.80,1.00
2008.05.28 10:36:26.074,2.0669,2.0673,4.80,1.00
2008.05.28 10:36:36.637,2.0669,2.06735,4.80,2.00
2008.05.28 10:36:36.945,2.0669,2.06735,4.80,0.90
2008.05.28 10:36:37.460,2.067,2.06735,4.80,0.90
2008.05.28 10:36:38.150,2.067,2.0674,4.80,1.00
2008.05.28 10:36:38.237,2.067,2.0675,4.80,8.70
2008.05.28 10:36:38.433,2.067,2.0674,4.80,1.00
2008.05.28 10:36:38.510,2.06695,2.0674,0.90,5.80
2008.05.28 10:36:38.814,2.067,2.0674,4.80,1.00
2008.05.28 10:36:39.131,2.06695,2.0674,0.90,5.80
2008.05.28 10:36:39.280,2.06695,2.06735,0.90,0.90
2008.05.28 10:36:42.106,2.067,2.0674,4.80,2.00
2008.05.28 10:36:42.252,2.067,2.0674,4.80,1.00
2008.05.28 10:36:42.437,2.067,2.06725,4.80,0.90
2008.05.28 10:36:42.462,2.0669,2.06725,4.80,0.90
2008.05.28 10:36:42.660,2.06685,2.06725,1.00,0.90
2008.05.28 10:36:42.733,2.06685,2.0673,1.00,4.80
2008.05.28 10:36:42.896,2.0669,2.0674,4.80,5.80
2008.05.28 10:36:44.449,2.0669,2.0673,4.80,1.00
2008.05.28 10:36:44.559,2.0669,2.06725,4.80,0.90
2008.05.28 10:36:44.780,2.0669,2.0672,4.80,1.00
2008.05.28 10:36:45.217,2.06695,2.0672,0.90,1.00
2008.05.28 10:36:45.328,2.06695,2.06725,0.90,1.00
2008.05.28 10:36:47.418,2.0669,2.06715,0.90,0.90
2008.05.28 10:36:47.555,2.0668,2.06715,4.80,0.90
2008.05.28 10:36:47.710,2.0667,2.06715,5.80,0.90
2008.05.28 10:36:47.835,2.0667,2.06715,4.80,0.90
2008.05.28 10:36:48.134,2.06665,2.06715,2.00,0.90
2008.05.28 10:36:48.234,2.06665,2.06715,3.90,0.90
2008.05.28 10:36:48.336,2.0668,2.06715,4.80,0.90
2008.05.28 10:36:48.645,2.0667,2.06715,4.80,0.90
2008.05.28 10:36:49.310,2.06675,2.06715,1.00,0.90
2008.05.28 10:36:50.429,2.0667,2.06715,4.80,2.00
2008.05.28 10:36:53.726,2.06675,2.06715,1.00,0.90
2008.05.28 10:36:53.901,2.0667,2.06715,5.80,0.90
2008.05.28 10:36:55.216,2.0667,2.0671,4.80,1.00
2008.05.28 10:36:55.853,2.0667,2.06715,4.80,2.00
2008.05.28 10:36:57.138,2.06665,2.067,1.00,4.80
2008.05.28 10:36:57.176,2.06665,2.06715,1.00,6.50
2008.05.28 10:36:57.281,2.0667,2.06705,4.80,1.90
2008.05.28 10:36:57.441,2.0666,2.06705,4.80,1.90
2008.05.28 10:36:57.875,2.06665,2.0671,1.00,8.10
2008.05.28 10:36:57.966,2.0669,2.06715,1.00,9.20
2008.05.28 10:36:58.076,2.0669,2.06725,1.00,5.60
2008.05.28 10:36:58.168,2.0669,2.06735,1.00,11.60
2008.05.28 10:36:58.283,2.0668,2.0672,6.60,1.90
2008.05.28 10:36:58.484,2.0668,2.06725,6.60,8.10
2008.05.28 10:36:58.575,2.0668,2.0673,4.80,10.10
2008.05.28 10:37:03.293,2.0669,2.0673,4.80,3.70
2008.05.28 10:37:03.347,2.0669,2.0673,4.80,1.90
2008.05.28 10:37:03.415,2.0669,2.0673,4.80,3.90
2008.05.28 10:37:03.479,2.0669,2.0673,4.80,5.60
2008.05.28 10:37:03.671,2.0669,2.0673,4.80,3.90
2008.05.28 10:37:03.942,2.0669,2.0673,4.80,1.90
2008.05.28 10:37:04.403,2.0668,2.0673,4.80,5.90
2008.05.28 10:37:05.247,2.0669,2.0673,4.80,1.90
2008.05.28 10:37:05.440,2.0668,2.0673,4.80,5.90
2008.05.28 10:37:07.480,2.0669,2.0673,4.80,1.90
2008.05.28 10:37:08.785,2.0669,2.0674,4.80,9.00
2008.05.28 10:37:08.908,2.067,2.06745,4.80,6.70
2008.05.28 10:37:09.044,2.067,2.0674,4.80,2.60
2008.05.28 10:37:09.264,2.067,2.06745,4.80,5.10
2008.05.28 10:37:09.699,2.067,2.0675,4.80,10.30
2008.05.28 10:37:11.942,2.067,2.06745,4.80,5.10
2008.05.28 10:37:12.007,2.067,2.0674,4.80,2.60
2008.05.28 10:37:12.199,2.067,2.06745,4.80,6.10
2008.05.28 10:37:12.266,2.067,2.06745,5.80,2.50
2008.05.28 10:37:12.473,2.067,2.0675,5.80,6.70
2008.05.28 10:37:12.602,2.067,2.0675,5.80,5.70
2008.05.28 10:37:12.859,2.0671,2.0675,4.80,1.70
2008.05.28 10:37:13.011,2.0671,2.06765,5.80,7.60
2008.05.28 10:37:13.147,2.0671,2.06765,4.80,8.70
2008.05.28 10:37:13.418,2.0671,2.06765,5.80,9.50
2008.05.28 10:37:13.553,2.0671,2.06765,5.80,8.50
2008.05.28 10:37:13.823,2.0671,2.06765,4.80,7.50
2008.05.28 10:37:14.142,2.0672,2.06765,4.80,3.50
2008.05.28 10:37:14.879,2.0672,2.0677,4.80,11.90
2008.05.28 10:37:15.085,2.0672,2.0676,4.80,1.90
2008.05.28 10:37:15.302,2.0671,2.06755,4.80,1.90
2008.05.28 10:37:16.232,2.067,2.06755,4.80,7.50
2008.05.28 10:37:18.643,2.06705,2.06755,1.00,5.60
2008.05.28 10:37:18.739,2.0671,2.0676,4.80,9.00
2008.05.28 10:37:24.367,2.0671,2.0676,5.80,5.70
2008.05.28 10:37:24.468,2.0671,2.06765,5.80,8.10
2008.05.28 10:37:24.568,2.0672,2.0677,4.80,9.30
2008.05.28 10:37:24.768,2.0672,2.0675,4.80,1.00
2008.05.28 10:37:25.287,2.067,2.0675,6.60,5.80
2008.05.28 10:37:25.484,2.067,2.0675,4.80,5.80
2008.05.28 10:37:27.225,2.0671,2.0675,4.80,1.00
2008.05.28 10:37:27.394,2.06705,2.0675,1.00,4.80
2008.05.28 10:37:27.547,2.0671,2.06755,4.80,0.90
2008.05.28 10:37:30.094,2.0672,2.06755,4.80,0.90
2008.05.28 10:37:30.473,2.0672,2.06765,4.80,2.00
2008.05.28 10:37:31.565,2.0672,2.06765,4.80,0.90
2008.05.28 10:37:32.210,2.06725,2.06765,1.00,0.90
2008.05.28 10:37:32.552,2.0673,2.06765,4.80,0.90
2008.05.28 10:37:33.885,2.0673,2.06775,4.80,1.00
2008.05.28 10:37:33.972,2.0673,2.0677,4.80,1.00
2008.05.28 10:37:34.531,2.0673,2.06765,4.80,0.90
2008.05.28 10:37:34.756,2.0672,2.06765,4.80,0.90
2008.05.28 10:37:35.383,2.0672,2.0676,4.80,1.00
2008.05.28 10:37:35.544,2.06715,2.06755,0.90,0.90
2008.05.28 10:37:35.706,2.06715,2.0676,2.00,4.80
2008.05.28 10:37:36.025,2.0672,2.06755,4.80,0.90
2008.05.28 10:37:36.186,2.06715,2.06755,0.90,0.90
2008.05.28 10:37:37.064,2.0672,2.0677,4.80,9.70
2008.05.28 10:37:37.306,2.0672,2.06755,4.80,0.90
2008.05.28 10:37:37.552,2.06715,2.06755,2.00,0.90
2008.05.28 10:37:37.628,2.06715,2.0676,2.00,4.80
2008.05.28 10:37:38.116,2.0672,2.0677,4.80,5.80
2008.05.28 10:37:39.872,2.0672,2.0677,4.80,8.70
2008.05.28 10:37:39.931,2.0672,2.0677,4.80,5.80
2008.05.28 10:37:42.919,2.06725,2.0677,1.00,4.80
2008.05.28 10:37:42.970,2.06735,2.0677,0.90,4.80
2008.05.28 10:37:43.070,2.06735,2.06775,0.90,2.00
2008.05.28 10:37:43.473,2.06735,2.06775,0.90,0.90
2008.05.28 10:37:43.830,2.06725,2.0677,1.00,4.80
2008.05.28 10:37:44.003,2.0672,2.0677,4.80,5.80
2008.05.28 10:37:44.495,2.06725,2.0677,1.00,4.80
2008.05.28 10:37:44.994,2.0675,2.0679,4.80,9.70
2008.05.28 10:37:45.245,2.0676,2.0679,4.80,1.00
2008.05.28 10:37:45.497,2.0676,2.06795,4.80,1.00
2008.05.28 10:37:45.892,2.0675,2.06795,4.80,1.00
2008.05.28 10:37:47.112,2.0676,2.06795,4.80,1.00
2008.05.28 10:37:47.364,2.0677,2.0681,4.80,1.00
2008.05.28 10:37:47.616,2.0677,2.06815,4.80,1.00
2008.05.28 10:37:47.732,2.0677,2.068,4.80,1.00
2008.05.28 10:37:47.849,2.0676,2.068,4.80,1.00
2008.05.28 10:37:47.965,2.0676,2.06805,4.80,1.00
2008.05.28 10:37:48.426,2.06755,2.06785,0.90,1.00
2008.05.28 10:37:48.542,2.0675,2.06785,6.60,1.00
2008.05.28 10:37:48.913,2.0675,2.0678,1.00,4.80
2008.05.28 10:37:49.169,2.0676,2.06795,4.80,0.90
2008.05.28 10:37:49.426,2.06755,2.06795,0.90,1.00
2008.05.28 10:37:49.683,2.0676,2.06795,4.80,1.00
2008.05.28 10:37:49.799,2.0675,2.06795,4.80,1.00
2008.05.28 10:37:49.915,2.0675,2.068,5.80,4.80
2008.05.28 10:37:50.030,2.0676,2.06805,4.80,2.00
2008.05.28 10:37:50.146,2.06765,2.06805,0.90,1.00
2008.05.28 10:37:50.261,2.0677,2.06805,4.80,1.00
2008.05.28 10:37:50.377,2.0676,2.06805,4.80,1.00
2008.05.28 10:37:50.493,2.0676,2.068,4.80,1.00
2008.05.28 10:37:50.609,2.0677,2.068,4.80,1.00
2008.05.28 10:37:51.493,2.0676,2.06805,4.80,1.00
2008.05.28 10:37:52.942,2.0676,2.06785,4.80,0.90
2008.05.28 10:37:53.058,2.0675,2.06785,4.80,0.90
2008.05.28 10:37:53.279,2.06745,2.06785,0.90,0.90
2008.05.28 10:37:54.509,2.0675,2.06785,4.80,0.90
2008.05.28 10:37:54.636,2.0675,2.068,4.80,5.80
2008.05.28 10:37:55.402,2.0676,2.068,1.00,4.80
2008.05.28 10:37:55.539,2.0676,2.0681,5.80,7.60
2008.05.28 10:37:55.675,2.0676,2.0681,5.80,4.80
2008.05.28 10:37:55.812,2.0677,2.06805,4.80,1.00
2008.05.28 10:37:56.349,2.0678,2.06815,4.80,2.00
2008.05.28 10:37:56.807,2.0677,2.06815,4.80,2.00
2008.05.28 10:37:57.134,2.0677,2.06815,4.80,0.90
2008.05.28 10:37:57.632,2.0677,2.06815,5.80,0.90
2008.05.28 10:37:57.781,2.0678,2.06805,4.80,1.00
2008.05.28 10:37:57.927,2.0678,2.06805,4.80,2.00
2008.05.28 10:37:58.072,2.0676,2.06805,6.60,2.00
2008.05.28 10:37:58.218,2.0676,2.06805,4.80,2.00
2008.05.28 10:37:58.546,2.0676,2.06805,5.80,0.90
2008.05.28 10:37:58.795,2.06765,2.06805,0.90,0.90
2008.05.28 10:37:59.047,2.0676,2.068,4.80,1.00
2008.05.28 10:37:59.298,2.0675,2.068,4.80,5.80
2008.05.28 10:37:59.550,2.0675,2.06795,4.80,3.00
2008.05.28 10:37:59.840,2.0675,2.06785,5.70,0.90
2008.05.28 10:38:00.156,2.0675,2.06785,0.90,0.90
2008.05.28 10:38:00.966,2.06745,2.06785,0.90,0.90
2008.05.28 10:38:03.520,2.06755,2.06785,1.00,0.90
2008.05.28 10:38:03.845,2.06765,2.068,0.90,4.80
2008.05.28 10:38:04.335,2.0677,2.0681,4.80,1.00
2008.05.28 10:38:05.330,2.0677,2.06805,4.80,0.90
2008.05.28 10:38:05.927,2.06765,2.06805,0.90,2.00
2008.05.28 10:38:06.921,2.06765,2.068,0.90,1.00
2008.05.28 10:38:07.206,2.0676,2.06795,4.80,0.90
2008.05.28 10:38:07.400,2.06755,2.06795,0.90,0.90
2008.05.28 10:38:08.726,2.06755,2.06795,2.80,0.90
2008.05.28 10:38:08.805,2.06755,2.068,2.80,5.80
2008.05.28 10:38:09.011,2.0676,2.068,4.80,1.00
2008.05.28 10:38:10.014,2.0676,2.0681,4.80,5.80
2008.05.28 10:38:10.676,2.0676,2.068,4.80,1.00
2008.05.28 10:38:10.743,2.06755,2.068,2.80,5.80
2008.05.28 10:38:10.789,2.06755,2.06795,0.90,0.90
2008.05.28 10:38:12.459,2.06755,2.06795,2.00,0.90
2008.05.28 10:38:12.798,2.0676,2.0681,4.80,8.70
2008.05.28 10:38:12.871,2.0676,2.0681,4.80,5.80
2008.05.28 10:38:13.444,2.0676,2.068,4.80,1.00
2008.05.28 10:38:13.653,2.0676,2.0681,4.80,5.80
2008.05.28 10:38:14.587,2.06755,2.06795,0.90,0.90
2008.05.28 10:38:31.514,2.0676,2.06795,0.90,0.90
2008.05.28 10:38:31.977,2.06755,2.06795,0.90,0.90
2008.05.28 10:38:39.731,2.06765,2.06795,1.00,0.90
2008.05.28 10:38:39.862,2.06775,2.06815,0.90,0.90
2008.05.28 10:38:39.994,2.0677,2.0681,0.90,5.80
2008.05.28 10:38:40.125,2.06765,2.0681,1.00,4.80
2008.05.28 10:38:43.862,2.0676,2.0681,4.80,5.80
2008.05.28 10:38:45.428,2.0676,2.068,4.80,1.00
2008.05.28 10:38:45.978,2.0676,2.0681,4.80,5.80
2008.05.28 10:38:46.453,2.0676,2.0681,5.80,4.80
2008.05.28 10:38:49.536,2.0676,2.068,1.00,4.80
2008.05.28 10:38:49.588,2.06755,2.068,8.70,4.80
2008.05.28 10:38:49.884,2.06765,2.068,2.80,4.80
2008.05.28 10:38:50.174,2.06765,2.06805,0.90,0.90
2008.05.28 10:38:50.442,2.0676,2.0679,4.80,1.00
2008.05.28 10:38:51.157,2.0675,2.06785,4.80,0.90
2008.05.28 10:38:51.331,2.0674,2.06785,5.80,0.90
2008.05.28 10:38:52.402,2.0674,2.0678,4.80,1.00
2008.05.28 10:38:52.941,2.0674,2.0678,5.70,1.00
2008.05.28 10:38:53.122,2.0674,2.06775,4.80,1.00
2008.05.28 10:38:53.302,2.06735,2.06775,1.90,1.00
2008.05.28 10:38:53.473,2.06735,2.0678,1.90,5.80
2008.05.28 10:38:53.645,2.0673,2.06775,5.70,2.00
2008.05.28 10:38:53.814,2.0674,2.06775,4.80,2.00
2008.05.28 10:38:53.997,2.0674,2.06775,4.80,0.90
2008.05.28 10:38:54.334,2.0674,2.06775,5.70,0.90
2008.05.28 10:38:54.745,2.0674,2.06775,4.80,0.90
2008.05.28 10:39:00.382,2.06745,2.06775,0.90,0.90
2008.05.28 10:39:00.458,2.0674,2.06775,5.70,0.90
2008.05.28 10:39:00.637,2.0674,2.06775,4.80,0.90
2008.05.28 10:39:07.346,2.06745,2.06775,0.90,0.90
2008.05.28 10:39:07.536,2.0674,2.06775,4.80,0.90
2008.05.28 10:39:07.632,2.0674,2.06775,5.80,0.90
2008.05.28 10:39:18.079,2.0675,2.06775,1.00,0.90
2008.05.28 10:39:18.163,2.0675,2.06795,5.80,1.90
2008.05.28 10:39:18.283,2.0675,2.068,5.80,6.80
2008.05.28 10:39:18.342,2.0675,2.068,5.80,5.80
2008.05.28 10:39:18.421,2.0675,2.0679,4.80,1.00
2008.05.28 10:39:18.540,2.0675,2.06785,4.80,1.00
2008.05.28 10:39:18.719,2.06755,2.06795,0.90,3.90
2008.05.28 10:39:18.895,2.06755,2.06795,0.90,2.00
2008.05.28 10:39:18.956,2.0675,2.06775,5.70,0.90
2008.05.28 10:39:19.017,2.0675,2.06775,0.90,0.90
2008.05.28 10:39:19.454,2.06755,2.06795,1.00,0.90
2008.05.28 10:39:19.776,2.0675,2.06795,5.80,0.90
2008.05.28 10:39:20.642,2.06755,2.06795,2.00,0.90
2008.05.28 10:39:22.042,2.0676,2.06795,1.00,0.90
2008.05.28 10:39:28.577,2.06755,2.06795,0.90,2.00
2008.05.28 10:39:29.095,2.0676,2.06795,1.00,0.90
2008.05.28 10:39:29.658,2.06755,2.06795,2.00,0.90
2008.05.28 10:39:32.541,2.06755,2.06795,0.90,0.90
2008.05.28 10:39:32.653,2.0675,2.06795,5.80,0.90
2008.05.28 10:39:33.112,2.0675,2.06795,4.80,0.90
2008.05.28 10:39:33.659,2.0675,2.06795,4.80,2.00
2008.05.28 10:39:33.935,2.0674,2.0679,5.80,4.80
2008.05.28 10:39:34.073,2.0674,2.0679,4.80,5.80
2008.05.28 10:39:36.070,2.0674,2.0678,4.80,1.00
2008.05.28 10:39:36.137,2.0674,2.06775,4.80,0.90
2008.05.28 10:39:36.457,2.06735,2.06775,0.90,0.90
2008.05.28 10:39:38.615,2.0673,2.06775,4.80,0.90
2008.05.28 10:39:38.727,2.06735,2.06775,0.90,0.90
2008.05.28 10:39:41.561,2.06735,2.0677,0.90,1.00
2008.05.28 10:39:42.229,2.06725,2.06765,0.90,0.90
2008.05.28 10:39:50.476,2.0672,2.06765,4.80,0.90
2008.05.28 10:39:50.567,2.0672,2.0676,4.80,4.80
2008.05.28 10:39:50.985,2.0672,2.0676,4.80,5.80
2008.05.28 10:39:53.447,2.0674,2.0676,1.90,5.80
2008.05.28 10:40:02.086,2.0674,2.0676,1.90,4.80
2008.05.28 10:40:02.190,2.0674,2.06765,1.90,2.00
2008.05.28 10:40:02.401,2.0674,2.06765,1.90,0.90
2008.05.28 10:40:17.820,2.0676,2.06765,2.80,0.90
2008.05.28 10:40:18.038,2.0676,2.06765,1.90,0.90
2008.05.28 10:40:18.950,2.0676,2.06765,0.90,0.90
2008.05.28 10:40:19.413,2.0676,2.0678,0.90,4.80
2008.05.28 10:40:19.548,2.0676,2.06785,0.90,0.90
2008.05.28 10:40:19.988,2.0676,2.0679,0.90,4.80
2008.05.28 10:40:20.236,2.0678,2.068,9.60,4.80
2008.05.28 10:40:23.541,2.0678,2.0679,9.60,4.80
2008.05.28 10:40:24.981,2.0676,2.0679,0.90,4.80
2008.05.28 10:40:26.145,2.0675,2.0679,1.00,4.80
2008.05.28 10:40:28.779,2.06745,2.0679,1.00,4.80
2008.05.28 10:40:29.702,2.0674,2.0679,5.80,4.80
2008.05.28 10:40:34.661,2.0674,2.0679,4.80,5.80
2008.05.28 10:40:35.702,2.0674,2.0679,5.80,4.80
2008.05.28 10:40:36.716,2.06745,2.0679,1.00,4.80
2008.05.28 10:40:36.954,2.06745,2.0678,1.00,4.80
2008.05.28 10:40:38.413,2.06735,2.0678,2.80,4.80
2008.05.28 10:40:38.727,2.06735,2.0678,1.00,4.80
2008.05.28 10:40:40.335,2.0674,2.0678,1.00,4.80
2008.05.28 10:40:40.782,2.0674,2.0679,4.80,5.80
2008.05.28 10:40:41.792,2.06735,2.0678,6.80,4.80
2008.05.28 10:40:42.783,2.06735,2.0678,2.00,4.80
2008.05.28 10:40:43.363,2.06735,2.0678,6.80,4.80
2008.05.28 10:40:43.901,2.06745,2.0678,2.70,4.80
2008.05.28 10:40:44.114,2.0675,2.068,5.80,6.70
2008.05.28 10:40:44.320,2.0675,2.068,5.80,4.80
2008.05.28 10:40:44.526,2.0675,2.06785,4.80,1.00
2008.05.28 10:40:44.732,2.0674,2.06785,4.80,1.00
2008.05.28 10:40:44.938,2.06735,2.0678,0.90,4.80
2008.05.28 10:40:47.042,2.06735,2.0678,5.70,4.80
2008.05.28 10:40:47.319,2.06735,2.0678,2.00,4.80
2008.05.28 10:40:49.324,2.06735,2.0678,6.80,4.80
2008.05.28 10:40:49.847,2.06735,2.0678,1.00,4.80
2008.05.28 10:40:50.191,2.0674,2.0677,4.80,1.00
2008.05.28 10:40:50.380,2.06725,2.0677,2.00,4.80
2008.05.28 10:40:50.488,2.06725,2.0677,3.00,4.80
2008.05.28 10:40:50.657,2.06725,2.0677,2.00,4.80
2008.05.28 10:40:50.758,2.0673,2.0677,4.80,1.00
2008.05.28 10:40:50.842,2.06725,2.0677,0.90,5.80
2008.05.28 10:40:51.112,2.0672,2.0677,6.60,5.80
2008.05.28 10:40:51.197,2.0672,2.0677,4.80,5.80
2008.05.28 10:40:53.346,2.0672,2.06765,4.80,1.00
2008.05.28 10:40:53.475,2.0671,2.0676,5.80,4.80
2008.05.28 10:40:55.265,2.0672,2.0677,6.80,4.80
2008.05.28 10:40:55.371,2.0673,2.0677,1.00,4.80
2008.05.28 10:40:56.320,2.06735,2.06775,1.00,0.90
2008.05.28 10:40:57.843,2.0674,2.06775,1.00,0.90
2008.05.28 10:40:58.351,2.06735,2.0678,1.00,4.80
2008.05.28 10:40:58.522,2.0673,2.0678,4.80,5.80
2008.05.28 10:40:58.577,2.0674,2.0678,4.80,1.00
2008.05.28 10:40:58.977,2.0673,2.0678,4.80,5.80
2008.05.28 10:40:59.248,2.06735,2.0678,1.00,4.80
2008.05.28 10:40:59.303,2.0674,2.0678,4.80,4.80
2008.05.28 10:40:59.412,2.06735,2.0678,1.00,4.80
2008.05.28 10:41:00.014,2.0674,2.0678,1.00,4.80
2008.05.28 10:41:00.249,2.06735,2.0678,1.00,4.80
2008.05.28 10:41:02.725,2.0674,2.0678,4.80,4.80
2008.05.28 10:41:02.994,2.0674,2.0679,4.80,5.80
2008.05.28 10:41:04.973,2.0676,2.0679,1.90,5.80
2008.05.28 10:41:05.516,2.0676,2.0678,1.90,1.00
2008.05.28 10:41:05.610,2.0676,2.0678,1.90,5.80
2008.05.28 10:41:05.916,2.0676,2.0677,1.90,1.00
2008.05.28 10:41:06.012,2.0676,2.0677,1.90,5.80
2008.05.28 10:41:06.113,2.0676,2.0677,0.80,1.00
2008.05.28 10:41:06.238,2.0676,2.0678,0.80,5.80
2008.05.28 10:41:06.439,2.0676,2.0678,0.80,4.80
2008.05.28 10:41:06.540,2.0676,2.06785,0.80,0.90
2008.05.28 10:41:06.641,2.0676,2.0679,0.80,5.80
2008.05.28 10:41:08.596,2.0676,2.0678,0.80,4.80
2008.05.28 10:41:08.820,2.0676,2.0679,0.80,5.80
2008.05.28 10:41:08.961,2.0676,2.0678,0.80,1.00
2008.05.28 10:41:09.162,2.0676,2.0677,0.80,1.00
2008.05.28 10:41:09.249,2.0676,2.0677,0.80,5.80
2008.05.28 10:41:09.568,2.0676,2.0678,0.80,5.80
2008.05.28 10:41:10.274,2.0676,2.0677,0.80,4.80
2008.05.28 10:41:10.583,2.0676,2.0678,0.80,4.80
2008.05.28 10:41:10.961,2.0676,2.06775,0.80,1.00
2008.05.28 10:41:11.108,2.0676,2.0677,0.80,4.80
2008.05.28 10:41:11.257,2.0676,2.0678,0.80,4.80
2008.05.28 10:41:11.717,2.0676,2.06775,0.80,1.00
2008.05.28 10:41:11.807,2.0676,2.0677,0.80,4.80
2008.05.28 10:41:14.017,2.0676,2.0678,0.80,4.80
2008.05.28 10:41:14.430,2.0676,2.06775,0.80,1.00
2008.05.28 10:41:14.771,2.0676,2.0677,0.80,4.80
2008.05.28 10:41:14.911,2.0676,2.06775,0.80,1.00
2008.05.28 10:41:15.115,2.0676,2.0678,0.80,4.80
2008.05.28 10:41:16.709,2.0676,2.0677,0.80,4.80
2008.05.28 10:41:16.842,2.0676,2.06775,0.80,1.00
2008.05.28 10:41:16.917,2.0676,2.0678,0.80,4.80
2008.05.28 10:41:17.104,2.0676,2.06775,0.80,1.00
2008.05.28 10:41:17.283,2.0676,2.0677,0.80,4.80
2008.05.28 10:41:17.407,2.0676,2.06775,0.80,1.00
2008.05.28 10:41:17.433,2.0676,2.0678,0.80,4.80
2008.05.28 10:41:22.966,2.0676,2.06775,0.80,1.00
2008.05.28 10:41:23.155,2.0676,2.0678,0.80,4.80
2008.05.28 10:41:23.448,2.0676,2.0678,0.80,5.80
2008.05.28 10:41:24.316,2.0676,2.0678,0.80,4.80
2008.05.28 10:41:24.438,2.0676,2.06785,0.80,2.00
2008.05.28 10:41:24.540,2.0676,2.06785,0.80,1.00
2008.05.28 10:41:24.837,2.0676,2.0679,0.80,4.80
2008.05.28 10:41:27.215,2.0676,2.0679,2.00,4.80
2008.05.28 10:41:27.437,2.0676,2.06805,6.80,0.90
2008.05.28 10:41:27.680,2.0676,2.068,2.00,4.80
2008.05.28 10:41:28.121,2.0677,2.0681,1.00,4.80
2008.05.28 10:41:28.342,2.0678,2.068,1.00,4.80
2008.05.28 10:41:28.418,2.0678,2.0681,2.80,4.80
2008.05.28 10:41:28.493,2.0679,2.0682,1.00,1.90
2008.05.28 10:41:28.721,2.0679,2.06825,1.00,0.90
2008.05.28 10:41:28.795,2.0679,2.06825,4.80,0.90
2008.05.28 10:41:28.969,2.0678,2.06825,5.80,0.90
2008.05.28 10:41:29.509,2.0678,2.0682,1.00,4.80
2008.05.28 10:41:30.381,2.06795,2.06825,1.00,0.90
2008.05.28 10:41:30.774,2.0679,2.0684,5.80,4.80
2008.05.28 10:41:31.324,2.06795,2.0684,1.00,4.80
2008.05.28 10:41:31.518,2.06795,2.06835,2.00,0.90
2008.05.28 10:41:32.988,2.06805,2.06835,0.90,0.90
2008.05.28 10:41:33.564,2.0679,2.06835,4.80,0.90
2008.05.28 10:41:33.709,2.06785,2.0683,1.00,4.80
2008.05.28 10:41:33.856,2.0678,2.0683,5.80,4.80
2008.05.28 10:41:34.160,2.0678,2.0683,6.80,4.80
2008.05.28 10:41:34.210,2.06785,2.0683,0.90,4.80
2008.05.28 10:41:34.261,2.06795,2.0683,1.00,4.80
2008.05.28 10:41:34.380,2.06795,2.0684,1.00,4.80
2008.05.28 10:41:34.431,2.06805,2.0684,0.90,4.80
2008.05.28 10:41:34.738,2.06805,2.06845,0.90,0.90
2008.05.28 10:41:34.925,2.06805,2.0684,0.90,4.80
2008.05.28 10:41:35.110,2.0679,2.0684,5.80,4.80
2008.05.28 10:41:35.295,2.0679,2.0683,1.00,4.80
2008.05.28 10:41:35.855,2.06805,2.0683,1.00,4.80
2008.05.28 10:41:35.905,2.06815,2.0683,0.90,4.80
2008.05.28 10:41:36.209,2.06815,2.0685,0.90,6.70
2008.05.28 10:41:36.310,2.06815,2.0686,0.90,5.80
2008.05.28 10:41:36.435,2.068,2.06845,6.60,1.00
2008.05.28 10:41:36.630,2.0681,2.06845,4.80,1.00
2008.05.28 10:41:36.912,2.0681,2.0685,4.80,5.80
2008.05.28 10:41:37.391,2.0679,2.0684,5.80,4.80
2008.05.28 10:41:37.871,2.06815,2.0684,0.90,4.80
2008.05.28 10:41:38.060,2.06815,2.06855,0.90,5.70
2008.05.28 10:41:38.250,2.06815,2.06855,0.90,2.80
2008.05.28 10:41:40.262,2.06815,2.06855,0.90,0.90
2008.05.28 10:41:40.711,2.06815,2.06855,0.90,4.80
2008.05.28 10:41:41.341,2.06815,2.06855,0.90,5.80
2008.05.28 10:41:41.415,2.06805,2.06845,0.90,0.90
2008.05.28 10:41:46.968,2.068,2.06845,5.70,0.90
2008.05.28 10:41:47.018,2.068,2.06845,4.80,0.90
2008.05.28 10:41:47.117,2.06795,2.0684,2.00,4.80
2008.05.28 10:41:48.410,2.06805,2.0684,0.90,4.80
2008.05.28 10:41:48.617,2.06805,2.06845,0.90,0.90
2008.05.28 10:41:48.823,2.06805,2.06845,0.90,2.00
2008.05.28 10:41:48.885,2.06805,2.0684,0.90,4.80
2008.05.28 10:41:48.917,2.06795,2.0684,0.90,4.80
2008.05.28 10:41:49.777,2.068,2.0684,1.00,4.80
2008.05.28 10:41:49.972,2.06805,2.06845,0.90,0.90
2008.05.28 10:41:50.989,2.068,2.06845,4.80,0.90
2008.05.28 10:41:51.150,2.06795,2.0684,2.00,4.80
2008.05.28 10:41:53.341,2.06805,2.0684,0.90,4.80
2008.05.28 10:41:53.381,2.06805,2.06845,0.90,0.90
2008.05.28 10:41:56.915,2.06805,2.0684,0.90,4.80
2008.05.28 10:41:56.954,2.06795,2.0684,2.00,4.80
2008.05.28 10:41:58.898,2.06805,2.0684,0.90,4.80
2008.05.28 10:41:58.969,2.06805,2.06845,0.90,0.90
2008.05.28 10:41:59.882,2.06805,2.06845,0.90,2.00
2008.05.28 10:42:00.019,2.068,2.06835,4.80,0.90
2008.05.28 10:42:00.153,2.06795,2.06835,0.90,0.90
2008.05.28 10:42:01.459,2.06785,2.0683,2.00,4.80
2008.05.28 10:42:02.872,2.0679,2.0683,1.00,4.80
2008.05.28 10:42:02.907,2.06795,2.0683,0.90,4.80
2008.05.28 10:42:02.943,2.06795,2.06835,0.90,0.90
2008.05.28 10:42:03.508,2.06785,2.0683,2.00,4.80
2008.05.28 10:42:04.433,2.06785,2.0683,0.90,4.80
2008.05.28 10:42:08.847,2.06795,2.06835,0.90,2.00
2008.05.28 10:42:10.514,2.06795,2.06835,0.90,0.90
2008.05.28 10:42:18.970,2.06795,2.06835,2.00,0.90
2008.05.28 10:42:19.009,2.06805,2.06835,0.90,0.90
2008.05.28 10:42:20.747,2.0681,2.06835,4.80,0.90
2008.05.28 10:42:20.953,2.0681,2.0685,4.80,1.00
2008.05.28 10:42:22.184,2.0681,2.0686,4.80,5.80
2008.05.28 10:42:22.935,2.06815,2.0686,1.00,4.80
2008.05.28 10:42:23.086,2.0682,2.06865,4.80,0.90
2008.05.28 10:42:26.427,2.06835,2.06865,1.00,0.90
2008.05.28 10:42:26.562,2.06835,2.0688,1.00,7.60
2008.05.28 10:42:26.599,2.06835,2.0688,1.00,4.80
2008.05.28 10:42:26.810,2.0684,2.0688,4.80,4.80
2008.05.28 10:42:26.844,2.0684,2.0688,5.80,4.80
2008.05.28 10:42:26.969,2.0685,2.0688,1.00,4.80
2008.05.28 10:42:27.005,2.0685,2.06885,5.80,2.80
2008.05.28 10:42:27.109,2.0685,2.06885,5.80,0.90
2008.05.28 10:42:27.144,2.06855,2.06895,0.90,0.90
2008.05.28 10:42:27.235,2.06855,2.0689,0.90,4.80
2008.05.28 10:42:27.372,2.06855,2.0689,2.00,4.80
2008.05.28 10:42:27.661,2.06855,2.069,0.90,5.80
2008.05.28 10:42:27.900,2.06855,2.069,2.00,4.80
2008.05.28 10:42:28.605,2.06855,2.0689,0.90,5.80
2008.05.28 10:42:28.841,2.06855,2.06885,1.00,0.90
2008.05.28 10:42:28.956,2.06855,2.069,2.00,4.80
2008.05.28 10:42:29.524,2.06855,2.06895,0.90,0.90
2008.05.28 10:42:31.954,2.0686,2.069,1.00,4.80
2008.05.28 10:42:32.072,2.0686,2.06905,5.80,0.90
2008.05.28 10:42:32.524,2.0686,2.0691,5.80,5.80
2008.05.28 10:42:32.726,2.0687,2.0691,4.80,1.00
2008.05.28 10:42:32.956,2.0687,2.06915,4.80,2.00
2008.05.28 10:42:33.435,2.0687,2.06915,4.80,0.90
2008.05.28 10:42:33.676,2.0687,2.0692,4.80,5.80
2008.05.28 10:42:33.941,2.0687,2.0692,5.80,4.80
2008.05.28 10:42:34.667,2.0688,2.06925,4.80,2.00
2008.05.28 10:42:35.367,2.0688,2.06925,4.80,0.90
2008.05.28 10:42:35.468,2.0688,2.06925,4.80,2.00
2008.05.28 10:42:35.568,2.0688,2.06925,4.80,1.00
2008.05.28 10:42:36.455,2.0688,2.0693,4.80,5.80
2008.05.28 10:42:38.844,2.0688,2.0691,4.80,1.00
2008.05.28 10:42:39.067,2.0687,2.06905,4.80,0.90
2008.05.28 10:42:39.377,2.06865,2.06905,2.80,0.90
2008.05.28 10:42:39.481,2.06865,2.06905,2.80,2.00
2008.05.28 10:42:39.579,2.06865,2.069,1.90,4.80
2008.05.28 10:42:39.703,2.0687,2.06905,4.80,3.00
2008.05.28 10:42:39.947,2.06865,2.06905,1.90,0.90
2008.05.28 10:42:40.236,2.0686,2.06905,4.80,0.90
2008.05.28 10:42:41.004,2.0686,2.06905,4.80,2.00
2008.05.28 10:42:41.060,2.0686,2.06905,4.80,1.00
2008.05.28 10:42:41.390,2.0686,2.0691,4.80,5.80
2008.05.28 10:42:45.212,2.06865,2.0691,1.00,4.80
2008.05.28 10:42:45.307,2.0687,2.06915,4.80,0.90
2008.05.28 10:42:45.403,2.0687,2.06905,4.80,1.00
2008.05.28 10:42:45.594,2.0686,2.06905,4.80,2.00
2008.05.28 10:42:46.973,2.0686,2.06905,5.80,0.90
2008.05.28 10:42:47.063,2.0686,2.0691,5.80,4.80
2008.05.28 10:42:47.354,2.0687,2.06915,4.80,2.00
2008.05.28 10:42:47.509,2.0687,2.06915,4.80,0.90
2008.05.28 10:42:47.701,2.0687,2.06915,5.80,0.90
2008.05.28 10:42:47.784,2.0688,2.06925,4.80,4.90
2008.05.28 10:42:47.914,2.0688,2.06925,4.80,2.00
2008.05.28 10:42:47.978,2.0688,2.06925,4.80,1.00
2008.05.28 10:42:48.658,2.0687,2.06915,5.80,0.90
2008.05.28 10:42:57.474,2.0687,2.0691,4.80,1.00
2008.05.28 10:42:57.539,2.06865,2.06905,2.80,0.90
2008.05.28 10:42:57.604,2.06865,2.06905,0.90,0.90
2008.05.28 10:42:58.558,2.0686,2.06905,6.80,0.90
2008.05.28 10:42:58.689,2.0686,2.06905,5.80,0.90
2008.05.28 10:43:11.430,2.0687,2.06905,1.00,0.90
2008.05.28 10:43:11.530,2.0687,2.0691,1.00,4.80
2008.05.28 10:43:11.841,2.0687,2.0691,5.80,4.80
2008.05.28 10:43:12.562,2.0687,2.06915,5.80,0.90
2008.05.28 10:43:13.351,2.0687,2.0691,5.80,4.80
2008.05.28 10:43:13.454,2.0687,2.0691,4.80,5.80
2008.05.28 10:43:13.624,2.0686,2.06905,5.80,0.90
2008.05.28 10:43:15.560,2.0686,2.06895,4.80,0.90
2008.05.28 10:43:15.636,2.06855,2.06895,0.90,0.90
2008.05.28 10:43:17.484,2.06855,2.06895,0.90,2.00
2008.05.28 10:43:17.552,2.0685,2.06895,4.80,2.00
2008.05.28 10:43:17.955,2.06845,2.06895,2.00,2.00
2008.05.28 10:43:19.434,2.06845,2.0689,0.90,1.00
2008.05.28 10:43:20.817,2.0685,2.0689,4.80,1.00
2008.05.28 10:43:22.145,2.06845,2.0689,0.90,1.00
2008.05.28 10:43:22.192,2.06845,2.06885,0.90,0.90
2008.05.28 10:43:22.668,2.06845,2.0688,0.90,4.80
2008.05.28 10:43:23.038,2.0685,2.06885,5.80,0.90
2008.05.28 10:43:23.335,2.06845,2.0689,0.90,5.80
2008.05.28 10:43:23.658,2.06845,2.0689,0.90,4.80
2008.05.28 10:43:23.959,2.0684,2.0689,6.80,4.80
2008.05.28 10:43:24.210,2.0684,2.06885,5.70,1.00
2008.05.28 10:43:24.713,2.06855,2.0689,0.90,4.80
2008.05.28 10:43:24.962,2.06855,2.06895,0.90,0.90
2008.05.28 10:43:25.542,2.06855,2.06895,0.90,2.00
2008.05.28 10:43:25.833,2.0685,2.06885,4.80,0.90
2008.05.28 10:43:26.122,2.06845,2.06885,0.90,0.90
2008.05.28 10:43:27.599,2.0684,2.06875,7.60,0.90
2008.05.28 10:43:27.725,2.0684,2.06875,6.70,0.90
2008.05.28 10:43:27.834,2.0684,2.06875,5.70,0.90
2008.05.28 10:43:27.946,2.0684,2.06875,0.90,0.90
2008.05.28 10:43:28.318,2.0684,2.06875,5.70,0.90
2008.05.28 10:43:28.596,2.0684,2.06875,4.80,0.90
2008.05.28 10:43:29.121,2.0684,2.06875,4.80,2.00
2008.05.28 10:43:29.238,2.0684,2.06865,4.80,1.00
2008.05.28 10:43:29.335,2.0684,2.06865,4.80,2.00
2008.05.28 10:43:29.431,2.0683,2.06865,4.80,0.90
2008.05.28 10:43:29.528,2.06825,2.0687,1.00,4.80
2008.05.28 10:43:29.624,2.0683,2.06875,4.80,0.90
2008.05.28 10:43:29.719,2.0683,2.0687,4.80,1.00
2008.05.28 10:43:29.816,2.06825,2.06865,0.90,0.90
2008.05.28 10:43:34.160,2.0682,2.06855,4.80,0.90
2008.05.28 10:43:34.370,2.06815,2.06855,0.90,0.90
2008.05.28 10:43:34.897,2.06815,2.0685,0.90,5.80
2008.05.28 10:43:35.002,2.0681,2.06835,0.90,0.90
2008.05.28 10:43:36.914,2.068,2.06835,4.80,0.90
2008.05.28 10:43:37.185,2.06785,2.0683,0.90,5.80
2008.05.28 10:43:37.201,2.06785,2.06825,0.90,0.90
2008.05.28 10:43:38.287,2.06785,2.06825,0.90,2.00
2008.05.28 10:43:43.539,2.06785,2.06825,0.90,0.90
2008.05.28 10:43:44.390,2.0678,2.06825,5.80,0.90
2008.05.28 10:43:44.607,2.0678,2.06795,4.80,0.90
2008.05.28 10:43:44.827,2.0678,2.06815,4.80,3.90
2008.05.28 10:43:45.066,2.0677,2.06815,4.80,2.00
2008.05.28 10:43:53.882,2.0677,2.06815,5.80,0.90
2008.05.28 10:43:54.199,2.0677,2.06815,4.80,2.00
2008.05.28 10:43:55.238,2.0677,2.0681,4.80,1.00
2008.05.28 10:43:55.468,2.0676,2.0681,6.70,5.80
2008.05.28 10:43:56.474,2.0676,2.0681,4.80,5.80
2008.05.28 10:43:58.097,2.0676,2.06805,4.80,1.00
2008.05.28 10:43:58.308,2.0676,2.06805,4.80,2.00
2008.05.28 10:43:59.064,2.0676,2.06805,4.80,0.90
2008.05.28 10:44:04.713,2.0676,2.06805,4.80,2.00
2008.05.28 10:44:05.640,2.0676,2.06805,4.80,0.90
2008.05.28 10:44:06.530,2.0676,2.06805,4.80,2.00
2008.05.28 10:44:08.613,2.0676,2.068,4.80,1.00
2008.05.28 10:44:08.823,2.0675,2.068,4.80,5.80
2008.05.28 10:44:09.805,2.06765,2.068,0.90,4.80
2008.05.28 10:44:09.966,2.06765,2.06805,0.90,0.90
2008.05.28 10:44:14.223,2.06765,2.06805,0.90,2.00
2008.05.28 10:44:14.741,2.0676,2.068,4.80,1.00
2008.05.28 10:44:14.893,2.06755,2.068,1.00,4.80
2008.05.28 10:44:15.192,2.0675,2.068,5.80,4.80
2008.05.28 10:44:15.344,2.0675,2.06795,4.80,0.90
2008.05.28 10:44:15.679,2.0675,2.06795,4.80,2.00
2008.05.28 10:44:16.580,2.0675,2.0679,4.80,1.00
2008.05.28 10:44:16.716,2.0675,2.06785,4.80,0.90
2008.05.28 10:44:16.780,2.0674,2.06785,4.80,0.90
2008.05.28 10:44:17.111,2.06735,2.0678,1.00,4.80
2008.05.28 10:44:18.606,2.0673,2.0678,5.80,4.80
2008.05.28 10:44:18.720,2.0673,2.0677,4.80,1.00
2008.05.28 10:44:21.565,2.0673,2.06775,4.80,0.90
2008.05.28 10:44:24.163,2.0673,2.06775,4.80,2.00
2008.05.28 10:44:25.124,2.0673,2.0677,4.80,1.00
2008.05.28 10:44:25.205,2.0673,2.06775,4.80,0.90
2008.05.28 10:44:25.629,2.0674,2.06775,4.80,0.90
2008.05.28 10:44:26.447,2.06725,2.0677,1.00,4.80
2008.05.28 10:44:28.260,2.0672,2.06765,5.80,0.90
2008.05.28 10:44:29.471,2.0672,2.06765,4.80,2.00
2008.05.28 10:44:31.671,2.0672,2.06765,4.80,0.90
2008.05.28 10:44:36.606,2.0672,2.06745,4.80,1.00
2008.05.28 10:44:36.783,2.0671,2.06745,6.70,2.00
2008.05.28 10:44:36.843,2.0671,2.06745,5.70,2.00
2008.05.28 10:44:36.960,2.0671,2.06745,4.80,2.00
2008.05.28 10:44:37.195,2.067,2.06745,4.80,2.00
2008.05.28 10:44:38.184,2.067,2.06735,4.80,1.00
2008.05.28 10:44:38.249,2.0669,2.06735,4.80,1.00
2008.05.28 10:44:38.379,2.067,2.06735,4.80,1.00
2008.05.28 10:44:38.572,2.0669,2.06735,4.80,1.00
2008.05.28 10:44:38.702,2.0669,2.0674,5.80,5.80
2008.05.28 10:44:39.269,2.0669,2.0672,4.80,1.00
2008.05.28 10:44:39.455,2.0667,2.0672,5.80,5.80
2008.05.28 10:44:39.846,2.0667,2.06715,4.80,1.00
2008.05.28 10:44:40.033,2.0666,2.06705,4.80,1.00
2008.05.28 10:44:40.419,2.0665,2.067,5.80,4.80
2008.05.28 10:44:40.449,2.0665,2.06705,5.80,5.70
2008.05.28 10:44:40.818,2.0665,2.06705,4.80,6.70
2008.05.28 10:44:45.176,2.06655,2.06705,1.00,5.60
2008.05.28 10:44:45.256,2.06665,2.06705,0.90,5.60
2008.05.28 10:44:45.573,2.06665,2.0671,0.90,6.60
2008.05.28 10:44:45.735,2.06665,2.06705,0.90,2.70
2008.05.28 10:44:45.895,2.0666,2.0671,4.80,7.70
2008.05.28 10:44:46.058,2.0665,2.06705,5.80,6.50
2008.05.28 10:44:46.694,2.0665,2.06705,4.80,7.50
2008.05.28 10:44:46.782,2.06645,2.067,2.00,5.70
2008.05.28 10:44:46.870,2.06645,2.06695,0.90,5.70
2008.05.28 10:44:47.180,2.06645,2.0669,0.90,5.90
2008.05.28 10:44:47.273,2.0664,2.0669,4.80,7.70
2008.05.28 10:44:47.362,2.06635,2.0669,1.90,7.70
2008.05.28 10:44:47.428,2.0664,2.0669,1.00,5.70
2008.05.28 10:44:47.517,2.0664,2.06695,1.00,8.90
2008.05.28 10:44:47.759,2.0664,2.06695,5.80,6.50
2008.05.28 10:44:49.007,2.06635,2.06685,1.90,6.50
2008.05.28 10:44:49.173,2.06635,2.06685,3.00,5.60
2008.05.28 10:44:49.339,2.06645,2.06695,2.00,5.60
2008.05.28 10:44:49.520,2.06645,2.0669,0.90,6.60
2008.05.28 10:44:50.494,2.06645,2.0669,2.00,5.70
2008.05.28 10:44:50.725,2.0665,2.067,5.80,6.70
2008.05.28 10:44:50.957,2.0665,2.0669,4.80,1.70
2008.05.28 10:44:51.214,2.0665,2.0669,5.80,1.70
2008.05.28 10:44:51.408,2.0665,2.06705,5.80,6.50
2008.05.28 10:44:51.685,2.0665,2.06705,4.80,7.50
2008.05.28 10:44:53.227,2.0665,2.0669,4.80,2.60
2008.05.28 10:44:53.444,2.06645,2.0669,0.90,6.60
2008.05.28 10:44:56.260,2.06645,2.0669,2.00,5.70
2008.05.28 10:44:56.405,2.06665,2.067,0.90,8.90
2008.05.28 10:44:56.480,2.06645,2.067,3.80,5.70
2008.05.28 10:44:56.630,2.0665,2.06705,1.00,6.50
2008.05.28 10:44:56.706,2.06665,2.06705,0.90,6.50
2008.05.28 10:44:56.807,2.06665,2.06705,0.90,7.50
2008.05.28 10:44:56.858,2.0665,2.067,4.80,6.60
2008.05.28 10:44:58.075,2.0665,2.067,5.70,6.60
2008.05.28 10:44:58.154,2.0666,2.067,1.00,5.70
2008.05.28 10:44:58.311,2.0666,2.067,5.80,1.70
2008.05.28 10:44:58.351,2.0666,2.06715,5.80,6.50
2008.05.28 10:45:00.208,2.0666,2.06695,4.80,1.90
2008.05.28 10:45:00.370,2.0666,2.0669,4.80,2.60
2008.05.28 10:45:00.604,2.0664,2.0669,6.70,6.60
2008.05.28 10:45:01.248,2.06655,2.0669,1.00,5.70
2008.05.28 10:45:01.463,2.06655,2.06695,1.00,5.60
2008.05.28 10:45:01.564,2.06655,2.067,1.00,5.70
2008.05.28 10:45:01.668,2.06655,2.067,2.00,5.70
2008.05.28 10:45:01.770,2.06655,2.067,0.90,7.70
2008.05.28 10:45:01.894,2.0665,2.067,5.70,7.70
2008.05.28 10:45:01.995,2.06655,2.067,1.00,5.70
2008.05.28 10:45:02.121,2.06655,2.067,2.00,5.70
2008.05.28 10:45:02.562,2.06655,2.06695,0.90,5.30
2008.05.28 10:45:02.733,2.06645,2.06685,1.00,5.60
2008.05.28 10:45:02.904,2.06655,2.06685,0.90,5.60
2008.05.28 10:45:03.243,2.06655,2.0669,0.90,1.70
2008.05.28 10:45:06.226,2.06655,2.0669,2.00,5.70
2008.05.28 10:45:06.349,2.06655,2.06705,2.00,8.10
2008.05.28 10:45:06.379,2.06655,2.06705,2.00,5.70
2008.05.28 10:45:07.653,2.0666,2.0671,1.00,5.70
2008.05.28 10:45:07.782,2.0666,2.06715,5.80,13.10
2008.05.28 10:45:08.693,2.06665,2.06715,1.00,8.10
2008.05.28 10:45:09.626,2.0667,2.0672,4.80,5.90
2008.05.28 10:45:09.821,2.0666,2.0671,4.80,7.70
2008.05.28 10:45:16.025,2.0666,2.0671,4.80,10.40
2008.05.28 10:45:16.208,2.06655,2.067,1.00,5.70
2008.05.28 10:45:16.562,2.0665,2.067,4.80,7.70
2008.05.28 10:45:19.688,2.0665,2.06695,4.80,6.50
2008.05.28 10:45:19.901,2.0665,2.0669,4.80,5.90
2008.05.28 10:45:20.108,2.06645,2.0669,0.90,7.70
2008.05.28 10:45:20.676,2.06645,2.06685,0.90,6.50
2008.05.28 10:45:22.763,2.06645,2.06685,0.90,7.50
2008.05.28 10:45:22.882,2.0663,2.06685,5.80,9.10
2008.05.28 10:45:23.163,2.0663,2.0668,4.80,5.90
2008.05.28 10:45:24.207,2.06635,2.0668,0.90,5.90
2008.05.28 10:45:24.366,2.0664,2.0668,4.80,1.90
2008.05.28 10:45:25.030,2.06635,2.0668,0.90,5.90
2008.05.28 10:45:25.655,2.06635,2.06685,0.90,7.50
2008.05.28 10:45:25.981,2.0664,2.06685,4.80,2.70
2008.05.28 10:45:27.059,2.06635,2.06685,0.90,9.10
2008.05.28 10:45:28.088,2.06645,2.06685,0.90,6.70
2008.05.28 10:45:28.274,2.06645,2.0669,0.90,5.70
2008.05.28 10:45:28.301,2.0664,2.0669,1.00,5.70
2008.05.28 10:45:28.349,2.0664,2.06695,5.80,9.10
2008.05.28 10:45:29.178,2.0664,2.0669,4.80,5.90
2008.05.28 10:45:29.404,2.0664,2.06685,1.00,6.40
2008.05.28 10:45:29.827,2.0664,2.0669,5.80,6.60
2008.05.28 10:45:30.007,2.06635,2.06685,0.90,8.10
2008.05.28 10:45:30.232,2.0664,2.06685,1.00,7.20
2008.05.28 10:45:30.434,2.0664,2.0669,5.80,6.60
2008.05.28 10:45:32.938,2.0664,2.0669,4.80,9.60
2008.05.28 10:45:33.052,2.06635,2.06685,0.90,8.10
2008.05.28 10:45:33.150,2.0664,2.06685,1.00,7.20
2008.05.28 10:45:33.497,2.0664,2.0669,5.80,6.60
2008.05.28 10:45:36.127,2.0664,2.06685,4.80,2.70
2008.05.28 10:45:36.696,2.0664,2.0669,5.80,6.60
2008.05.28 10:45:38.212,2.0664,2.0669,4.80,7.70
2008.05.28 10:45:41.726,2.06645,2.0669,0.90,5.90
2008.05.28 10:45:41.874,2.0665,2.0669,4.80,1.90
2008.05.28 10:45:41.943,2.0665,2.067,4.80,10.30
2008.05.28 10:45:41.991,2.0665,2.067,4.80,8.30
2008.05.28 10:45:42.035,2.0665,2.067,4.80,10.10
2008.05.28 10:45:42.138,2.0665,2.0669,4.80,1.90
2008.05.28 10:45:42.300,2.0664,2.0669,4.80,5.90
2008.05.28 10:45:43.007,2.06635,2.06685,2.00,5.70
2008.05.28 10:45:43.393,2.06635,2.06685,2.00,5.70
2008.05.28 10:45:43.667,2.0664,2.0669,4.80,5.90
2008.05.28 10:45:51.369,2.0664,2.06695,5.80,9.10
2008.05.28 10:45:59.479,2.0664,2.0669,4.80,9.60
2008.05.28 10:45:59.717,2.0664,2.06685,4.80,4.30
2008.05.28 10:45:59.838,2.06635,2.06685,0.90,9.10
2008.05.28 10:46:00.431,2.06635,2.06685,0.90,8.10
2008.05.28 10:46:00.695,2.0664,2.06685,1.00,7.20
2008.05.28 10:46:01.414,2.0664,2.0669,5.80,6.60
2008.05.28 10:46:02.276,2.0665,2.0669,4.80,2.60
2008.05.28 10:46:02.418,2.0665,2.0669,5.80,1.70
2008.05.28 10:46:02.780,2.0665,2.067,5.80,6.80
2008.05.28 10:46:02.899,2.0665,2.067,4.80,6.80
2008.05.28 10:46:03.020,2.0665,2.06705,4.80,9.10
2008.05.28 10:46:03.800,2.0665,2.06705,5.80,8.10
2008.05.28 10:46:04.099,2.06655,2.06705,0.90,8.10
2008.05.28 10:46:04.201,2.0666,2.06705,1.00,7.20
2008.05.28 10:46:04.303,2.0666,2.0671,5.80,6.50
2008.05.28 10:46:04.683,2.0667,2.0671,1.00,5.70
2008.05.28 10:46:04.874,2.06675,2.06715,1.00,5.60
2008.05.28 10:46:05.064,2.06665,2.0672,2.80,7.70
2008.05.28 10:46:06.789,2.06665,2.0672,1.00,7.70
2008.05.28 10:46:07.584,2.06675,2.0672,0.90,7.70
2008.05.28 10:46:07.684,2.06675,2.0672,0.90,5.70
2008.05.28 10:46:08.001,2.0667,2.0672,6.80,5.70
2008.05.28 10:46:08.239,2.0667,2.0672,5.70,7.70
2008.05.28 10:46:08.341,2.0667,2.0672,4.80,7.70
2008.05.28 10:46:08.557,2.0666,2.06715,5.80,6.50
2008.05.28 10:46:08.834,2.0666,2.0671,4.80,5.90
2008.05.28 10:46:08.954,2.0666,2.0671,4.80,7.70
2008.05.28 10:46:10.362,2.0666,2.0671,5.80,5.70
2008.05.28 10:46:13.573,2.0666,2.06715,5.80,5.70
2008.05.28 10:46:13.671,2.0666,2.0671,4.80,5.90
2008.05.28 10:46:13.698,2.0666,2.0671,4.80,7.70
2008.05.28 10:46:14.211,2.0666,2.0671,4.80,9.60
2008.05.28 10:46:14.220,2.0666,2.067,4.80,1.90
2008.05.28 10:46:14.262,2.06655,2.067,0.90,5.90
2008.05.28 10:46:14.348,2.06655,2.0669,0.90,1.70
2008.05.28 10:46:15.055,2.06655,2.0669,1.00,5.70
2008.05.28 10:46:16.293,2.0665,2.0669,4.80,6.60
2008.05.28 10:46:16.423,2.0665,2.0668,4.80,1.70
2008.05.28 10:46:16.489,2.0664,2.0668,1.90,1.70
2008.05.28 10:46:16.841,2.0665,2.0668,1.00,1.70
2008.05.28 10:46:16.960,2.0665,2.06695,1.00,7.20
2008.05.28 10:46:17.016,2.0665,2.06695,5.80,7.20
2008.05.28 10:46:17.382,2.06655,2.06695,1.00,7.20
2008.05.28 10:46:17.775,2.0665,2.067,5.80,7.60
2008.05.28 10:46:17.895,2.0665,2.067,5.80,5.70
2008.05.28 10:46:21.429,2.0666,2.0671,4.80,6.70
2008.05.28 10:46:21.604,2.0666,2.06705,4.80,2.80
2008.05.28 10:46:21.698,2.0665,2.067,5.80,5.90
2008.05.28 10:46:21.885,2.06655,2.067,1.00,5.90
2008.05.28 10:46:22.013,2.06655,2.06705,1.00,5.70
2008.05.28 10:46:23.463,2.0666,2.0671,4.80,5.90
2008.05.28 10:46:25.870,2.06655,2.06705,2.80,6.70
2008.05.28 10:46:25.912,2.06655,2.06705,2.80,5.70
2008.05.28 10:46:26.247,2.0666,2.0671,4.80,8.50
2008.05.28 10:46:27.430,2.0666,2.06705,4.80,2.70
2008.05.28 10:46:28.348,2.0666,2.0671,4.80,7.70
2008.05.28 10:46:28.923,2.0666,2.0671,4.80,5.90
2008.05.28 10:46:29.346,2.0666,2.0671,4.80,9.60
2008.05.28 10:46:29.577,2.06655,2.06705,2.00,8.10
2008.05.28 10:46:30.040,2.0666,2.0671,5.80,7.40
2008.05.28 10:46:31.313,2.0667,2.0671,1.00,5.70
2008.05.28 10:46:31.524,2.0667,2.0671,5.80,1.70
2008.05.28 10:46:31.867,2.0668,2.0671,1.00,1.70
2008.05.28 10:46:32.007,2.06685,2.0673,0.90,7.20
2008.05.28 10:46:32.236,2.06685,2.06735,0.90,8.10
2008.05.28 10:46:33.317,2.06685,2.06735,2.00,7.20
2008.05.28 10:46:33.637,2.06685,2.06735,1.00,7.20
2008.05.28 10:46:34.200,2.0668,2.06735,4.80,7.50
2008.05.28 10:46:34.470,2.06685,2.06735,1.00,5.60
2008.05.28 10:46:35.205,2.0669,2.0674,4.80,6.60
2008.05.28 10:46:35.535,2.0669,2.06745,4.80,6.70
2008.05.28 10:46:36.421,2.0669,2.0674,4.80,5.90
2008.05.28 10:46:36.473,2.0669,2.0674,4.80,7.70
2008.05.28 10:46:36.946,2.0669,2.0674,4.80,6.60
2008.05.28 10:46:37.605,2.06685,2.06735,1.00,5.60
2008.05.28 10:46:41.129,2.0669,2.0674,4.80,6.60
2008.05.28 10:46:41.164,2.0669,2.0674,4.80,8.50
2008.05.28 10:46:41.200,2.0669,2.06735,4.80,4.30
2008.05.28 10:46:41.281,2.0669,2.0673,4.80,2.60
2008.05.28 10:46:41.316,2.0668,2.0673,4.80,6.60
2008.05.28 10:46:41.752,2.06675,2.06725,2.00,5.60
2008.05.28 10:46:49.394,2.0668,2.06725,1.00,5.60
2008.05.28 10:46:49.457,2.0668,2.06735,5.80,11.30
2008.05.28 10:46:50.454,2.06685,2.0673,0.90,4.80
2008.05.28 10:46:51.008,2.06685,2.0673,2.00,4.80
2008.05.28 10:46:51.040,2.0669,2.06735,4.80,0.90
2008.05.28 10:46:52.528,2.06685,2.0673,2.00,4.80
2008.05.28 10:46:53.086,2.0669,2.06735,4.80,0.90
2008.05.28 10:46:53.444,2.0669,2.0673,4.80,1.00
2008.05.28 10:46:53.512,2.06685,2.0673,0.90,5.80
2008.05.28 10:46:53.573,2.06685,2.06725,0.90,0.90
2008.05.28 10:46:53.822,2.06685,2.0672,0.90,4.80
2008.05.28 10:46:55.812,2.06675,2.0672,1.00,4.80
2008.05.28 10:46:56.285,2.06665,2.0672,4.80,5.80
2008.05.28 10:46:56.380,2.06665,2.0672,3.00,5.80
2008.05.28 10:46:57.665,2.0667,2.0672,4.80,5.80
2008.05.28 10:47:05.454,2.06675,2.0672,1.00,4.80
2008.05.28 10:47:05.797,2.0668,2.06725,4.80,0.90
2008.05.28 10:47:06.394,2.0668,2.06725,4.80,2.00
2008.05.28 10:47:06.937,2.0668,2.06725,4.80,0.90
2008.05.28 10:47:25.651,2.0667,2.0672,7.80,4.80
2008.05.28 10:47:26.121,2.06675,2.0672,2.00,4.80
2008.05.28 10:47:26.151,2.0668,2.06725,4.80,0.90
2008.05.28 10:47:28.678,2.06685,2.06725,1.00,0.90
2008.05.28 10:47:28.822,2.06685,2.0673,1.00,4.80
2008.05.28 10:47:29.259,2.0669,2.0674,4.80,5.80
2008.05.28 10:47:32.139,2.0668,2.0672,4.80,4.80
2008.05.28 10:47:32.542,2.06685,2.0672,1.00,4.80
2008.05.28 10:47:32.934,2.0668,2.06725,4.80,0.90
2008.05.28 10:47:33.089,2.0668,2.06725,4.80,2.00
2008.05.28 10:47:33.267,2.0667,2.0672,5.80,4.80
2008.05.28 10:47:33.591,2.0667,2.0672,4.80,5.80
2008.05.28 10:47:34.038,2.0667,2.0672,5.80,4.80
2008.05.28 10:47:35.012,2.0667,2.06705,4.80,1.00
2008.05.28 10:47:35.347,2.0667,2.06705,4.80,2.00
2008.05.28 10:47:35.684,2.06665,2.067,2.00,4.80
2008.05.28 10:47:35.746,2.06665,2.06715,2.00,8.80
2008.05.28 10:47:36.019,2.0667,2.0672,4.80,7.90
2008.05.28 10:47:36.356,2.06665,2.06715,0.90,6.50
2008.05.28 10:47:36.524,2.06665,2.06715,0.90,7.50
2008.05.28 10:47:37.597,2.0666,2.06715,4.80,7.50
2008.05.28 10:47:40.002,2.0666,2.06705,4.80,1.90
2008.05.28 10:47:40.082,2.0665,2.06705,4.80,9.10
2008.05.28 10:47:40.271,2.06645,2.067,2.00,5.70
2008.05.28 10:47:40.565,2.06645,2.06695,0.90,5.70
2008.05.28 10:47:41.640,2.06645,2.067,2.00,5.70
2008.05.28 10:47:41.966,2.06645,2.06695,0.90,5.70
2008.05.28 10:47:42.485,2.06645,2.067,2.00,5.70
2008.05.28 10:47:42.999,2.06645,2.06695,0.90,5.70
2008.05.28 10:47:45.608,2.0666,2.067,4.80,1.90
2008.05.28 10:47:45.809,2.0665,2.06705,5.80,8.90
2008.05.28 10:47:46.010,2.0665,2.06705,5.80,6.50
2008.05.28 10:47:46.343,2.0665,2.06705,1.00,6.50
2008.05.28 10:47:48.187,2.06645,2.0669,0.90,5.90
2008.05.28 10:47:48.260,2.0664,2.0669,4.80,5.90
2008.05.28 10:47:48.274,2.06635,2.06685,2.70,5.70
2008.05.28 10:47:48.467,2.06635,2.06685,0.90,5.70
2008.05.28 10:47:49.017,2.06635,2.06685,0.90,6.70
2008.05.28 10:47:49.032,2.06635,2.0668,0.90,5.70
2008.05.28 10:47:52.257,2.06635,2.0668,0.90,6.60
2008.05.28 10:47:52.501,2.06635,2.06675,0.90,5.60
2008.05.28 10:47:52.947,2.06635,2.0667,0.90,5.90
2008.05.28 10:47:53.100,2.06635,2.06665,0.90,5.70
2008.05.28 10:47:53.128,2.06625,2.0666,1.90,5.70
2008.05.28 10:47:53.153,2.0662,2.0666,2.80,5.70
2008.05.28 10:47:53.248,2.0662,2.0666,1.90,6.60
2008.05.28 10:47:53.405,2.0662,2.0666,0.90,6.60
2008.05.28 10:47:53.736,2.0661,2.0666,6.80,6.60
2008.05.28 10:47:53.857,2.0661,2.06665,5.80,7.50
2008.05.28 10:47:54.335,2.0662,2.06665,4.80,2.70
2008.05.28 10:47:55.358,2.0661,2.0665,5.80,1.70
2008.05.28 10:47:55.579,2.0661,2.0665,5.70,1.70
2008.05.28 10:47:56.839,2.0661,2.0665,4.80,1.70
2008.05.28 10:47:56.939,2.06605,2.0665,2.00,5.70
2008.05.28 10:47:57.059,2.06605,2.06645,0.90,2.70
2008.05.28 10:47:57.160,2.066,2.0663,4.80,1.70
2008.05.28 10:47:57.499,2.06595,2.0663,1.90,1.70
2008.05.28 10:47:57.578,2.066,2.0663,1.00,1.70
2008.05.28 10:47:57.678,2.066,2.0665,1.00,8.10
2008.05.28 10:47:58.208,2.066,2.06655,5.80,9.10
2008.05.28 10:47:59.008,2.066,2.0665,4.80,5.90
2008.05.28 10:47:59.586,2.06605,2.06655,1.00,8.10
2008.05.28 10:48:00.077,2.066,2.0665,5.80,6.60
2008.05.28 10:48:00.716,2.066,2.06645,1.00,5.60
2008.05.28 10:48:01.046,2.0659,2.06645,5.80,7.50
2008.05.28 10:48:01.520,2.06595,2.06645,1.00,6.50
2008.05.28 10:48:01.994,2.066,2.0665,4.80,7.70
2008.05.28 10:48:02.103,2.0659,2.06645,5.80,7.50
2008.05.28 10:48:02.189,2.066,2.06645,1.00,5.60
2008.05.28 10:48:02.526,2.06605,2.0665,1.00,5.70
2008.05.28 10:48:04.472,2.066,2.0665,4.80,7.70
2008.05.28 10:48:04.577,2.066,2.0664,4.80,1.70
2008.05.28 10:48:05.404,2.066,2.0664,4.80,3.70
2008.05.28 10:48:05.730,2.0659,2.0664,5.80,6.60
2008.05.28 10:48:06.420,2.0659,2.0662,1.00,1.70
2008.05.28 10:48:06.522,2.0658,2.0662,9.60,1.70
2008.05.28 10:48:06.623,2.0658,2.0662,5.70,1.70
2008.05.28 10:48:06.743,2.0658,2.0662,4.80,1.70
2008.05.28 10:48:07.709,2.06585,2.0662,1.90,1.70
2008.05.28 10:48:07.810,2.0659,2.0662,0.90,1.70
2008.05.28 10:48:08.050,2.0659,2.0662,0.90,3.70
2008.05.28 10:48:10.137,2.0659,2.0661,0.90,1.70
2008.05.28 10:48:11.277,2.06575,2.06585,1.60,0.90
2008.05.28 10:48:11.502,2.0658,2.0659,0.90,9.60
2008.05.28 10:48:11.728,2.0658,2.0661,0.90,8.80
2008.05.28 10:48:11.890,2.06575,2.06615,1.90,6.50
2008.05.28 10:48:13.027,2.06575,2.06615,1.90,6.50
2008.05.28 10:48:13.154,2.06575,2.0661,1.90,5.70
2008.05.28 10:48:13.705,2.0657,2.0661,0.90,5.70
2008.05.28 10:48:14.638,2.0658,2.0661,1.00,5.70
2008.05.28 10:48:14.726,2.06595,2.0661,1.90,5.70
2008.05.28 10:48:14.894,2.06595,2.06625,1.90,8.00
2008.05.28 10:48:14.980,2.066,2.0661,0.90,0.90
2008.05.28 10:48:15.173,2.066,2.0663,0.90,5.70
2008.05.28 10:48:15.510,2.06585,2.0663,0.90,5.70
2008.05.28 10:48:16.870,2.06585,2.06625,0.90,5.60
2008.05.28 10:48:16.957,2.0657,2.0661,0.90,6.60
2008.05.28 10:48:17.232,2.0657,2.06605,0.90,5.60
2008.05.28 10:48:18.681,2.06565,2.06605,1.90,5.60
2008.05.28 10:48:18.934,2.0657,2.06605,0.90,5.60
2008.05.28 10:48:19.019,2.0657,2.0661,0.90,5.70
2008.05.28 10:48:19.712,2.0657,2.0661,0.90,7.70
2008.05.28 10:48:19.851,2.06565,2.0661,1.90,7.70
2008.05.28 10:48:19.992,2.06565,2.06605,1.90,6.50
2008.05.28 10:48:23.915,2.0656,2.06605,0.90,6.50
2008.05.28 10:48:24.066,2.0656,2.06605,0.90,7.50
2008.05.28 10:48:24.117,2.0656,2.066,0.90,6.60
2008.05.28 10:48:24.502,2.0656,2.066,0.90,7.70
2008.05.28 10:48:25.056,2.06555,2.066,1.90,7.70
2008.05.28 10:48:25.392,2.06555,2.066,3.90,5.70
2008.05.28 10:48:26.338,2.0656,2.066,0.90,5.70
2008.05.28 10:48:28.023,2.0656,2.066,2.00,5.70
2008.05.28 10:48:28.130,2.0656,2.066,0.90,5.70
2008.05.28 10:48:28.162,2.0656,2.06605,3.80,5.60
2008.05.28 10:48:28.219,2.06565,2.06605,1.90,5.60
2008.05.28 10:48:28.356,2.06565,2.0661,1.90,6.60
2008.05.28 10:48:29.399,2.0657,2.0661,0.90,6.60
2008.05.28 10:48:30.095,2.0657,2.0661,0.90,7.70
2008.05.28 10:48:30.801,2.0659,2.0661,0.90,1.70
2008.05.28 10:48:31.279,2.0659,2.06625,0.90,6.50
2008.05.28 10:48:31.761,2.0659,2.06625,0.90,7.50
2008.05.28 10:48:31.858,2.06585,2.06625,1.90,7.50
2008.05.28 10:48:32.363,2.06585,2.06615,1.90,1.90
2008.05.28 10:48:32.462,2.0658,2.06615,3.80,6.70
2008.05.28 10:48:32.512,2.0658,2.06615,0.90,6.70
2008.05.28 10:48:32.659,2.06575,2.06615,0.90,6.70
2008.05.28 10:48:32.709,2.06565,2.06615,1.90,7.50
2008.05.28 10:48:33.624,2.06565,2.06615,1.90,6.50
2008.05.28 10:48:33.725,2.0657,2.0662,4.80,7.70
2008.05.28 10:48:33.805,2.06575,2.0662,0.90,5.90
2008.05.28 10:48:34.005,2.06585,2.0662,1.90,5.90
2008.05.28 10:48:34.469,2.06585,2.06625,1.90,6.50
2008.05.28 10:48:34.804,2.06595,2.06625,1.90,6.50
2008.05.28 10:48:35.262,2.06595,2.0663,1.90,5.90
2008.05.28 10:48:35.843,2.0659,2.0663,5.70,5.90
2008.05.28 10:48:36.062,2.0659,2.0663,4.80,5.90
2008.05.28 10:48:36.410,2.06585,2.0663,2.80,5.90
2008.05.28 10:48:36.661,2.0659,2.06635,1.00,5.60
2008.05.28 10:48:36.688,2.06605,2.06635,1.90,5.60
2008.05.28 10:48:36.714,2.06605,2.0664,1.90,8.10
2008.05.28 10:48:36.804,2.06605,2.06645,1.90,6.50
2008.05.28 10:48:36.950,2.06605,2.0664,1.90,5.70
2008.05.28 10:48:36.976,2.06605,2.06635,1.90,6.50
2008.05.28 10:48:37.003,2.066,2.06635,3.80,6.50
2008.05.28 10:48:37.052,2.066,2.06635,3.80,7.50
2008.05.28 10:48:37.166,2.066,2.06635,0.90,7.50
2008.05.28 10:48:37.314,2.06585,2.06635,2.80,7.50
2008.05.28 10:48:38.068,2.06585,2.0663,2.80,5.70
2008.05.28 10:48:38.339,2.06585,2.06635,2.80,9.50
2008.05.28 10:48:38.482,2.06585,2.06635,2.80,7.50
2008.05.28 10:48:38.624,2.0659,2.06635,1.00,5.60
2008.05.28 10:48:38.649,2.0659,2.06645,5.80,10.50
2008.05.28 10:48:38.929,2.066,2.06645,1.00,5.60
2008.05.28 10:48:38.958,2.06605,2.06645,2.80,5.60
2008.05.28 10:48:38.983,2.06605,2.0665,2.80,7.30
2008.05.28 10:48:39.735,2.06605,2.0665,1.90,5.70
2008.05.28 10:48:39.830,2.066,2.0665,8.70,5.70
2008.05.28 10:48:40.042,2.06595,2.06645,1.90,6.50
2008.05.28 10:48:40.513,2.06605,2.0664,1.90,4.80
2008.05.28 10:48:40.609,2.0661,2.0664,0.90,4.80
2008.05.28 10:48:40.722,2.0661,2.06645,0.90,0.90
2008.05.28 10:48:40.973,2.0661,2.0664,0.90,4.80
2008.05.28 10:48:41.472,2.0661,2.06645,0.90,0.90
2008.05.28 10:48:41.985,2.0662,2.06645,0.90,0.90
2008.05.28 10:48:42.501,2.0662,2.0664,0.90,4.80
2008.05.28 10:48:42.630,2.06605,2.0664,1.90,4.80
2008.05.28 10:48:42.889,2.0662,2.0664,0.90,4.80
2008.05.28 10:48:42.961,2.0662,2.06645,0.90,0.90
2008.05.28 10:48:51.013,2.0662,2.0665,0.90,4.80
2008.05.28 10:48:52.427,2.0662,2.06645,0.90,1.00
2008.05.28 10:48:52.606,2.0662,2.0664,0.90,4.80
2008.05.28 10:48:52.785,2.0661,2.0663,0.90,4.80
2008.05.28 10:48:52.988,2.066,2.0663,0.90,4.80
2008.05.28 10:48:53.614,2.06605,2.0663,0.90,4.80
2008.05.28 10:48:53.804,2.06605,2.0663,2.80,4.80
2008.05.28 10:48:54.100,2.06605,2.0664,2.80,4.80
2008.05.28 10:48:54.221,2.06615,2.0664,1.90,4.80
2008.05.28 10:48:54.503,2.0662,2.0664,0.90,4.80
2008.05.28 10:48:54.883,2.06605,2.0664,2.80,4.80
2008.05.28 10:48:57.697,2.06605,2.06635,2.80,1.00
2008.05.28 10:48:57.708,2.06605,2.06635,0.90,1.00
2008.05.28 10:48:57.815,2.06605,2.0664,0.90,4.80
2008.05.28 10:48:57.897,2.06605,2.0663,0.90,4.80
2008.05.28 10:48:58.113,2.06605,2.0664,0.90,4.80
2008.05.28 10:48:58.129,2.06605,2.0664,2.80,4.80
2008.05.28 10:48:58.219,2.06605,2.0664,2.80,5.80
2008.05.28 10:48:59.911,2.06605,2.0664,2.80,4.80
2008.05.28 10:49:00.131,2.06605,2.0665,2.80,5.80
2008.05.28 10:49:00.197,2.06615,2.0665,0.90,5.80
2008.05.28 10:49:00.738,2.06615,2.0665,0.90,4.80
2008.05.28 10:49:01.358,2.06615,2.0665,0.90,5.80
2008.05.28 10:49:02.619,2.06615,2.0665,0.90,4.80
2008.05.28 10:49:02.737,2.06625,2.0665,1.90,4.80
2008.05.28 10:49:02.825,2.06625,2.0666,1.90,5.80
2008.05.28 10:49:03.238,2.06625,2.0665,1.90,4.80
2008.05.28 10:49:03.591,2.06625,2.0666,1.90,5.80
2008.05.28 10:49:06.287,2.06625,2.0666,1.90,4.80
2008.05.28 10:49:06.621,2.06625,2.0666,1.90,5.80
2008.05.28 10:49:07.953,2.06625,2.0666,3.00,4.80
2008.05.28 10:49:08.062,2.06645,2.0666,1.90,4.80
2008.05.28 10:49:08.298,2.0664,2.0666,0.90,4.80
2008.05.28 10:49:08.353,2.0664,2.0667,0.90,5.80
2008.05.28 10:49:08.519,2.06635,2.0667,0.90,5.80
2008.05.28 10:49:09.321,2.06635,2.0667,2.80,4.80
2008.05.28 10:49:09.476,2.06635,2.0668,2.80,5.80
2008.05.28 10:49:09.654,2.0664,2.0668,0.90,4.80
2008.05.28 10:49:09.812,2.06645,2.0668,0.90,4.80
2008.05.28 10:49:09.968,2.06645,2.06685,0.90,1.00
2008.05.28 10:49:10.345,2.06645,2.0669,0.90,5.80
2008.05.28 10:49:10.547,2.06645,2.0669,3.90,4.80
2008.05.28 10:49:10.748,2.06665,2.0669,0.90,4.80
2008.05.28 10:49:10.949,2.06675,2.067,0.90,4.80
2008.05.28 10:49:11.349,2.06665,2.0669,0.90,4.80
2008.05.28 10:49:11.526,2.06665,2.067,0.90,4.80
2008.05.28 10:49:11.727,2.06675,2.067,0.90,4.80
2008.05.28 10:49:11.904,2.06665,2.067,0.90,4.80
2008.05.28 10:49:12.254,2.06675,2.067,0.90,4.80
2008.05.28 10:49:12.396,2.06665,2.0669,0.90,4.80
2008.05.28 10:49:13.629,2.06665,2.067,0.90,4.80
2008.05.28 10:49:14.001,2.06665,2.067,0.90,5.80
2008.05.28 10:49:14.380,2.06665,2.0669,0.90,4.80
2008.05.28 10:49:16.204,2.06665,2.0669,0.90,5.80
2008.05.28 10:49:16.421,2.0665,2.0669,0.90,5.80
2008.05.28 10:49:16.639,2.06665,2.0669,0.90,1.00
2008.05.28 10:49:17.823,2.0665,2.0669,4.80,1.00
2008.05.28 10:49:17.923,2.0665,2.067,4.80,5.80
2008.05.28 10:49:17.972,2.06655,2.067,1.90,8.70
2008.05.28 10:49:18.090,2.06665,2.067,0.90,5.80
2008.05.28 10:49:18.884,2.06665,2.0669,0.90,4.80
2008.05.28 10:49:19.453,2.06665,2.0671,0.90,10.60
2008.05.28 10:49:19.611,2.0667,2.0671,0.90,5.80
2008.05.28 10:49:20.219,2.0667,2.067,0.90,1.00
2008.05.28 10:49:20.417,2.06665,2.0669,0.90,1.00
2008.05.28 10:49:20.589,2.0665,2.0669,5.70,1.00
2008.05.28 10:49:20.760,2.06655,2.0669,1.90,4.80
2008.05.28 10:49:20.964,2.06665,2.067,0.90,5.80
2008.05.28 10:49:22.173,2.06665,2.067,0.90,4.80
2008.05.28 10:49:22.332,2.06665,2.0671,0.90,8.70
2008.05.28 10:49:22.517,2.06665,2.0671,0.90,5.80
2008.05.28 10:49:23.224,2.0667,2.0671,0.90,5.80
2008.05.28 10:49:29.206,2.0667,2.0671,0.90,4.80
2008.05.28 10:49:29.301,2.06665,2.0671,0.90,4.80
2008.05.28 10:49:29.836,2.0667,2.0671,0.90,4.80
2008.05.28 10:49:30.991,2.06665,2.0671,2.80,4.80
2008.05.28 10:49:31.349,2.06665,2.0671,0.90,4.80
2008.05.28 10:49:32.699,2.06665,2.0671,2.80,4.80
2008.05.28 10:49:32.840,2.06685,2.0671,0.90,4.80
2008.05.28 10:49:32.957,2.06685,2.06715,0.90,1.00
2008.05.28 10:49:34.135,2.0667,2.06715,4.80,1.00
2008.05.28 10:49:34.196,2.0667,2.0672,5.80,4.80
2008.05.28 10:49:34.314,2.0667,2.0672,1.00,4.80
2008.05.28 10:49:34.461,2.06685,2.0672,0.90,4.80
2008.05.28 10:49:34.758,2.06685,2.06715,0.90,1.00
2008.05.28 10:49:35.093,2.06665,2.0671,0.90,4.80
2008.05.28 10:49:35.431,2.06685,2.0672,0.90,4.80
2008.05.28 10:49:35.767,2.06685,2.06715,0.90,1.00
2008.05.28 10:49:36.260,2.06665,2.0671,0.90,4.80
2008.05.28 10:49:37.746,2.06665,2.0671,0.90,5.80
2008.05.28 10:49:38.152,2.06675,2.0671,1.00,4.80
2008.05.28 10:49:38.322,2.06685,2.0671,0.90,4.80
2008.05.28 10:49:38.483,2.06685,2.0673,0.90,6.70
2008.05.28 10:49:38.691,2.06685,2.0673,0.90,7.60
2008.05.28 10:49:38.922,2.06685,2.0673,0.90,4.80
2008.05.28 10:49:41.162,2.06685,2.06725,0.90,1.00
2008.05.28 10:49:41.353,2.06685,2.0673,1.00,4.80
2008.05.28 10:49:41.524,2.0669,2.0673,4.80,1.00
2008.05.28 10:49:41.884,2.06685,2.0672,0.90,4.80
2008.05.28 10:49:42.035,2.06685,2.0673,0.90,4.80
2008.05.28 10:49:42.827,2.06695,2.0673,2.00,4.80
2008.05.28 10:49:42.983,2.06695,2.0674,2.00,4.80
2008.05.28 10:49:43.291,2.06695,2.0674,0.90,4.80
2008.05.28 10:49:43.773,2.06695,2.0674,2.00,4.80
2008.05.28 10:49:44.597,2.06715,2.0675,0.90,5.80
2008.05.28 10:49:44.729,2.06715,2.0675,0.90,4.80
2008.05.28 10:49:44.859,2.06715,2.0676,0.90,4.80
2008.05.28 10:49:45.420,2.06715,2.06745,0.90,1.00
2008.05.28 10:49:45.720,2.06715,2.0674,0.90,1.00
2008.05.28 10:49:46.350,2.0669,2.0674,4.80,5.80
2008.05.28 10:49:46.910,2.06685,2.0673,2.00,4.80
2008.05.28 10:49:47.361,2.06685,2.0673,0.90,4.80
2008.05.28 10:49:47.461,2.067,2.0673,1.00,4.80
2008.05.28 10:49:47.588,2.06705,2.06745,0.90,4.80
2008.05.28 10:49:47.688,2.06705,2.0675,0.90,6.70
2008.05.28 10:49:47.789,2.06705,2.0675,0.90,4.80
2008.05.28 10:49:47.889,2.06705,2.06735,0.90,1.00
2008.05.28 10:49:48.090,2.06705,2.06735,0.90,3.00
2008.05.28 10:49:48.191,2.0669,2.06735,4.80,3.00
2008.05.28 10:49:48.291,2.0669,2.06735,4.80,1.00
2008.05.28 10:49:48.722,2.0669,2.0674,4.80,5.80
2008.05.28 10:49:48.961,2.0669,2.06735,4.80,1.00
2008.05.28 10:49:51.195,2.0668,2.0673,5.80,4.80
2008.05.28 10:49:52.781,2.0668,2.0673,4.80,5.80
2008.05.28 10:49:53.733,2.0668,2.0672,4.80,1.00
2008.05.28 10:49:53.793,2.0668,2.06725,4.80,1.00
2008.05.28 10:49:53.833,2.0668,2.06715,4.80,0.90
2008.05.28 10:49:53.980,2.06675,2.06715,0.90,0.90
2008.05.28 10:49:54.281,2.06675,2.0672,0.90,4.80
2008.05.28 10:49:55.820,2.06685,2.0672,0.90,4.80
2008.05.28 10:49:56.092,2.0669,2.06735,4.80,2.00
2008.05.28 10:49:56.389,2.0668,2.0672,4.80,1.00
2008.05.28 10:49:56.678,2.0668,2.06715,4.80,0.90
2008.05.28 10:49:56.987,2.06675,2.0672,0.90,5.80
2008.05.28 10:50:05.369,2.06675,2.06715,0.90,2.00
2008.05.28 10:50:06.435,2.06675,2.0672,0.90,5.80
2008.05.28 10:50:07.364,2.06675,2.06715,0.90,0.90
2008.05.28 10:50:08.415,2.06675,2.0672,0.90,5.80
2008.05.28 10:50:09.323,2.06675,2.06715,0.90,1.00
2008.05.28 10:50:09.409,2.06675,2.06715,0.90,2.00
2008.05.28 10:50:09.521,2.0668,2.06715,1.00,0.90
2008.05.28 10:50:09.605,2.06685,2.0672,0.90,4.80
2008.05.28 10:50:09.705,2.0669,2.06725,4.80,1.00
2008.05.28 10:50:09.987,2.0669,2.06735,4.80,2.00
2008.05.28 10:50:10.047,2.0668,2.0673,5.80,4.80
2008.05.28 10:50:10.604,2.0668,2.0673,4.80,5.80
2008.05.28 10:50:11.542,2.0668,2.0672,4.80,1.00
2008.05.28 10:50:11.643,2.06675,2.0672,0.90,5.80
2008.05.28 10:50:11.744,2.06685,2.0672,2.00,4.80
2008.05.28 10:50:12.041,2.0669,2.0674,4.80,7.80
2008.05.28 10:50:12.240,2.0669,2.0674,4.80,5.80
2008.05.28 10:50:12.478,2.06685,2.0673,2.00,4.80
2008.05.28 10:50:12.759,2.06685,2.0673,0.90,5.80
2008.05.28 10:50:16.378,2.0668,2.0672,4.80,1.00
2008.05.28 10:50:16.615,2.0667,2.0672,4.80,5.80
2008.05.28 10:50:17.803,2.06685,2.0672,1.00,4.80
2008.05.28 10:50:17.963,2.06685,2.0672,2.00,4.80
2008.05.28 10:50:18.121,2.06685,2.0673,2.00,4.80
2008.05.28 10:50:20.771,2.0669,2.06735,4.80,3.90
2008.05.28 10:50:21.560,2.06685,2.0673,1.00,4.80
2008.05.28 10:50:22.888,2.0668,2.0673,5.80,5.80
2008.05.28 10:50:25.934,2.0668,2.06725,4.80,1.00
2008.05.28 10:50:26.079,2.0669,2.06725,4.80,1.00
2008.05.28 10:50:26.390,2.0668,2.06725,4.80,1.00
2008.05.28 10:50:26.853,2.0668,2.0672,4.80,1.00
2008.05.28 10:50:27.370,2.06685,2.0673,1.00,4.80
2008.05.28 10:50:27.476,2.06695,2.0673,0.90,4.80
2008.05.28 10:50:27.788,2.06695,2.06735,0.90,1.00
2008.05.28 10:50:28.667,2.067,2.06735,4.80,1.00
2008.05.28 10:50:29.957,2.067,2.06745,4.80,2.00
2008.05.28 10:50:39.447,2.06695,2.06745,2.00,2.00
2008.05.28 10:50:39.991,2.06695,2.0673,2.00,4.80
2008.05.28 10:50:40.199,2.06695,2.0673,0.90,4.80
2008.05.28 10:50:40.325,2.06695,2.06735,0.90,1.00
2008.05.28 10:50:43.011,2.06695,2.06745,2.00,2.00
2008.05.28 10:50:43.819,2.06705,2.0674,1.00,4.80
2008.05.28 10:50:44.034,2.06705,2.06745,2.00,0.90
2008.05.28 10:50:44.235,2.06705,2.0675,1.00,4.80
2008.05.28 10:50:45.618,2.06705,2.0675,2.00,4.80
2008.05.28 10:50:45.784,2.06705,2.0675,1.00,4.80
2008.05.28 10:50:46.056,2.067,2.0674,4.80,1.00
2008.05.28 10:50:46.325,2.0669,2.0674,4.80,5.80
2008.05.28 10:50:47.252,2.0669,2.0674,4.80,1.00
2008.05.28 10:50:47.970,2.0669,2.0674,4.80,5.80
2008.05.28 10:50:48.858,2.0669,2.06735,4.80,1.00
2008.05.28 10:50:49.834,2.0669,2.0674,4.80,5.80
2008.05.28 10:50:54.649,2.06685,2.0673,1.00,4.80
2008.05.28 10:50:54.734,2.0669,2.06735,4.80,0.90
2008.05.28 10:50:58.332,2.0669,2.06735,4.80,2.00
2008.05.28 10:50:59.363,2.0669,2.06735,5.80,0.90
2008.05.28 10:50:59.453,2.06695,2.06735,0.90,0.90
2008.05.28 10:51:01.901,2.06695,2.06735,0.90,2.00
2008.05.28 10:51:03.859,2.06695,2.0674,0.90,4.80
2008.05.28 10:51:03.987,2.0671,2.0675,1.00,7.60
2008.05.28 10:51:04.006,2.0671,2.0675,1.00,4.80
2008.05.28 10:51:04.057,2.0671,2.06755,5.80,4.80
2008.05.28 10:51:04.068,2.0671,2.06755,5.80,0.90
2008.05.28 10:51:04.130,2.06715,2.06755,0.90,0.90
2008.05.28 10:51:04.177,2.06715,2.0675,0.90,4.80
2008.05.28 10:51:04.384,2.06715,2.06755,0.90,0.90
2008.05.28 10:51:05.953,2.06715,2.06755,0.90,2.00
2008.05.28 10:51:22.029,2.06715,2.06745,0.90,0.90
2008.05.28 10:51:22.522,2.06715,2.06755,0.90,2.00
2008.05.28 10:51:23.876,2.06715,2.06755,0.90,0.90
2008.05.28 10:51:23.981,2.06715,2.0676,0.90,5.80
2008.05.28 10:51:28.419,2.06715,2.0676,0.90,4.80
2008.05.28 10:51:28.785,2.0672,2.06765,4.80,2.00
2008.05.28 10:51:29.004,2.0672,2.06765,4.80,0.90
2008.05.28 10:51:29.383,2.0672,2.0676,4.80,1.00
2008.05.28 10:51:31.513,2.0672,2.06765,4.80,0.90
2008.05.28 10:51:34.832,2.0674,2.06765,4.80,0.90
2008.05.28 10:51:35.232,2.0674,2.0677,4.80,1.00
2008.05.28 10:51:35.372,2.0674,2.06765,4.80,0.90
2008.05.28 10:51:35.665,2.0672,2.06765,6.60,0.90
2008.05.28 10:51:35.902,2.0672,2.06765,5.80,0.90
2008.05.28 10:51:36.443,2.06735,2.0677,1.00,4.80
2008.05.28 10:51:36.901,2.0673,2.0677,1.00,4.80
2008.05.28 10:51:37.131,2.06735,2.06775,1.00,0.90
2008.05.28 10:51:38.353,2.0674,2.06775,4.80,0.90
2008.05.28 10:51:38.420,2.0674,2.06775,5.80,0.90
2008.05.28 10:51:38.486,2.0674,2.06785,5.80,0.90
2008.05.28 10:51:38.945,2.06745,2.06785,1.00,0.90
2008.05.28 10:51:39.092,2.06745,2.0679,2.00,4.80
2008.05.28 10:51:39.483,2.06775,2.0679,1.00,4.80
2008.05.28 10:51:39.591,2.06775,2.0679,2.00,4.80
2008.05.28 10:51:39.802,2.06775,2.0681,2.00,1.90
2008.05.28 10:51:40.032,2.06775,2.06815,0.90,1.00
2008.05.28 10:51:40.241,2.0677,2.06815,4.80,1.00
2008.05.28 10:51:40.691,2.0677,2.06815,4.80,2.80
2008.05.28 10:51:41.036,2.0678,2.0682,1.00,4.80
2008.05.28 10:51:41.358,2.0678,2.0683,5.80,9.70
2008.05.28 10:51:41.573,2.0678,2.0683,5.80,8.70
2008.05.28 10:51:41.789,2.0678,2.0683,5.80,5.80
2008.05.28 10:51:42.218,2.0679,2.0683,4.80,1.00
2008.05.28 10:51:42.928,2.0679,2.06835,4.80,2.00
2008.05.28 10:51:43.684,2.0679,2.0683,4.80,1.00
2008.05.28 10:51:44.031,2.0679,2.06835,4.80,6.80
2008.05.28 10:51:44.108,2.0679,2.06835,4.80,4.90
2008.05.28 10:51:44.171,2.0679,2.06835,4.80,2.00
2008.05.28 10:51:45.314,2.06785,2.0683,1.00,4.80
2008.05.28 10:51:45.405,2.0679,2.06835,4.80,2.00
2008.05.28 10:51:45.961,2.0679,2.0683,4.80,1.00
2008.05.28 10:51:46.596,2.068,2.06845,4.80,3.90
2008.05.28 10:51:46.908,2.0679,2.06835,4.80,1.00
2008.05.28 10:51:47.218,2.06795,2.0684,1.00,4.80
2008.05.28 10:51:47.309,2.068,2.06845,4.80,4.90
2008.05.28 10:51:47.400,2.068,2.06835,4.80,1.00
2008.05.28 10:51:47.579,2.0679,2.06835,4.80,1.00
2008.05.28 10:51:47.961,2.068,2.06845,4.80,6.80
2008.05.28 10:51:48.119,2.068,2.06845,4.80,4.90
2008.05.28 10:51:48.215,2.068,2.06835,4.80,1.00
2008.05.28 10:51:48.310,2.0679,2.06835,4.80,1.00
2008.05.28 10:51:48.509,2.06795,2.0684,1.00,4.80
2008.05.28 10:51:48.697,2.068,2.06835,4.80,1.00
2008.05.28 10:51:48.888,2.06795,2.0684,1.00,4.80
2008.05.28 10:51:50.045,2.0679,2.0684,5.80,5.80
2008.05.28 10:51:50.565,2.068,2.0684,4.80,1.00
2008.05.28 10:51:51.507,2.0679,2.0684,5.80,5.80
2008.05.28 10:51:54.260,2.0679,2.0684,4.80,5.80
2008.05.28 10:51:54.327,2.0679,2.0684,5.80,5.80
2008.05.28 10:51:54.445,2.0679,2.0683,1.00,4.80
2008.05.28 10:51:55.036,2.06785,2.0683,1.00,4.80
2008.05.28 10:51:55.897,2.0679,2.0683,1.00,4.80
2008.05.28 10:51:55.995,2.0679,2.06835,5.80,0.90
2008.05.28 10:51:56.089,2.0679,2.06835,5.80,2.80
2008.05.28 10:51:56.340,2.0679,2.06835,4.80,2.80
2008.05.28 10:51:56.591,2.0679,2.06835,4.80,0.90
2008.05.28 10:51:57.179,2.0679,2.06835,5.80,0.90
2008.05.28 10:51:57.535,2.0679,2.06835,4.80,2.00
2008.05.28 10:51:57.715,2.0681,2.06835,4.80,0.90
2008.05.28 10:51:57.895,2.0681,2.0685,4.80,2.80
2008.05.28 10:51:58.084,2.0681,2.06855,4.80,2.00
2008.05.28 10:51:59.894,2.0681,2.06845,4.80,1.00
2008.05.28 10:52:00.034,2.068,2.06845,4.80,1.00
2008.05.28 10:52:01.615,2.068,2.0685,5.80,4.80
2008.05.28 10:52:01.732,2.0681,2.06855,4.80,2.00
2008.05.28 10:52:01.961,2.068,2.0685,5.80,4.80
2008.05.28 10:52:02.192,2.068,2.0684,4.80,1.00
2008.05.28 10:52:02.308,2.0679,2.0684,4.80,5.80
2008.05.28 10:52:02.424,2.06795,2.0684,1.00,4.80
2008.05.28 10:52:02.542,2.068,2.0684,1.00,4.80
2008.05.28 10:52:02.676,2.0681,2.06855,4.80,3.00
2008.05.28 10:52:02.842,2.0681,2.06855,4.80,3.90
2008.05.28 10:52:03.006,2.06805,2.0685,1.00,4.80
2008.05.28 10:52:03.894,2.068,2.06845,4.80,1.00
2008.05.28 10:52:04.238,2.06805,2.0685,1.00,4.80
2008.05.28 10:52:04.308,2.0681,2.06855,4.80,2.00
2008.05.28 10:52:04.448,2.0681,2.06845,4.80,1.00
2008.05.28 10:52:04.591,2.068,2.06845,4.80,1.00
2008.05.28 10:52:05.239,2.06805,2.0685,1.00,4.80
2008.05.28 10:52:05.373,2.0681,2.06855,4.80,2.00
2008.05.28 10:52:05.850,2.068,2.0685,5.80,4.80
2008.05.28 10:52:05.972,2.068,2.0684,4.80,1.00
2008.05.28 10:52:06.288,2.0679,2.0684,4.80,5.80
2008.05.28 10:52:07.181,2.068,2.06845,4.80,2.00
2008.05.28 10:52:07.531,2.068,2.06845,5.80,0.90
2008.05.28 10:52:07.942,2.068,2.06845,4.80,2.00
2008.05.28 10:52:08.075,2.068,2.06845,4.80,1.00
2008.05.28 10:52:09.183,2.06795,2.0684,2.00,4.80
2008.05.28 10:52:10.091,2.0681,2.06855,4.80,3.90
2008.05.28 10:52:11.048,2.06805,2.0685,0.90,5.80
2008.05.28 10:52:11.516,2.06805,2.06845,0.90,1.00
2008.05.28 10:52:11.695,2.06805,2.0684,0.90,4.80
2008.05.28 10:52:12.898,2.06805,2.06845,0.90,1.00
2008.05.28 10:52:12.986,2.06805,2.0685,0.90,5.80
2008.05.28 10:52:13.242,2.06805,2.0684,0.90,4.80
2008.05.28 10:52:13.457,2.06805,2.0684,0.90,5.80
2008.05.28 10:52:13.525,2.06805,2.0684,0.90,4.80
2008.05.28 10:52:13.657,2.06795,2.0684,2.00,4.80
2008.05.28 10:52:15.530,2.06795,2.0684,0.90,5.80
2008.05.28 10:52:15.708,2.0679,2.06835,5.80,0.90
2008.05.28 10:52:15.785,2.0679,2.06835,1.00,0.90
2008.05.28 10:52:15.944,2.068,2.06835,1.00,0.90
2008.05.28 10:52:18.925,2.06795,2.06835,1.00,0.90
2008.05.28 10:52:19.004,2.06795,2.06835,2.00,0.90
2008.05.28 10:52:19.127,2.068,2.06835,1.00,0.90
2008.05.28 10:52:19.700,2.06805,2.06835,1.00,0.90
2008.05.28 10:52:19.840,2.06805,2.0685,1.00,4.80
2008.05.28 10:52:19.926,2.06805,2.0685,3.00,4.80
2008.05.28 10:52:20.001,2.06825,2.06855,1.90,0.90
2008.05.28 10:52:20.137,2.06825,2.0687,1.90,10.60
2008.05.28 10:52:20.343,2.06825,2.0687,1.90,5.80
2008.05.28 10:52:20.976,2.06825,2.0687,3.00,4.80
2008.05.28 10:52:21.183,2.0683,2.0687,1.00,4.80
2008.05.28 10:52:21.411,2.0683,2.06875,5.80,0.90
2008.05.28 10:52:21.819,2.0683,2.06875,4.80,2.00
2008.05.28 10:52:22.227,2.0684,2.06875,4.80,0.90
2008.05.28 10:52:22.551,2.0684,2.0687,4.80,1.00
2008.05.28 10:52:22.729,2.0684,2.06875,4.80,0.90
2008.05.28 10:52:22.805,2.0684,2.06855,4.80,0.90
2008.05.28 10:52:22.954,2.0683,2.06855,5.80,0.90
2008.05.28 10:52:23.044,2.0683,2.06875,5.80,0.90
2008.05.28 10:52:23.267,2.0683,2.06855,1.00,0.90
2008.05.28 10:52:23.465,2.0683,2.0687,1.00,4.80
2008.05.28 10:52:23.590,2.0683,2.06875,5.80,0.90
2008.05.28 10:52:23.840,2.0683,2.0687,1.00,4.80
2008.05.28 10:52:23.965,2.0683,2.06875,5.80,0.90
2008.05.28 10:52:24.362,2.0683,2.06855,5.80,0.90
2008.05.28 10:52:24.602,2.06835,2.06855,1.00,0.90
2008.05.28 10:52:24.724,2.0685,2.06855,1.00,0.90
2008.05.28 10:52:24.845,2.0685,2.0687,1.00,4.80
2008.05.28 10:52:24.966,2.0685,2.06875,4.80,0.90
2008.05.28 10:52:25.204,2.0684,2.06875,4.80,0.90
2008.05.28 10:52:25.352,2.06835,2.06855,1.00,0.90
2008.05.28 10:52:25.979,2.0684,2.06855,4.80,0.90
2008.05.28 10:52:26.280,2.0683,2.06875,4.80,2.00
2008.05.28 10:52:26.582,2.0683,2.06855,4.80,0.90
2008.05.28 10:52:26.773,2.06825,2.06855,1.00,0.90
2008.05.28 10:52:27.356,2.0682,2.06855,4.80,0.90
2008.05.28 10:52:27.984,2.0682,2.0685,4.80,1.00
2008.05.28 10:52:28.054,2.0682,2.06855,4.80,0.90
2008.05.28 10:52:28.150,2.06815,2.06855,1.90,0.90
2008.05.28 10:52:28.195,2.0681,2.06855,5.80,0.90
2008.05.28 10:52:28.430,2.0683,2.06855,1.00,0.90
2008.05.28 10:52:29.659,2.06825,2.06855,1.00,0.90
2008.05.28 10:52:30.385,2.0683,2.06855,1.00,0.90
2008.05.28 10:52:30.579,2.06835,2.06855,1.00,0.90
2008.05.28 10:52:31.114,2.0683,2.06855,1.00,0.90
2008.05.28 10:52:31.255,2.06825,2.06855,1.00,0.90
2008.05.28 10:52:33.103,2.0683,2.06855,1.00,0.90
2008.05.28 10:52:33.563,2.06825,2.06855,2.80,0.90
2008.05.28 10:52:33.824,2.06825,2.06855,1.00,0.90
2008.05.28 10:52:36.051,2.0682,2.06855,6.60,0.90
2008.05.28 10:52:36.381,2.0682,2.06855,5.70,0.90
2008.05.28 10:52:36.670,2.0683,2.06855,1.00,0.90
2008.05.28 10:52:39.879,2.06835,2.06855,1.00,0.90
2008.05.28 10:52:40.104,2.0683,2.06855,1.00,0.90
2008.05.28 10:52:41.234,2.06825,2.06855,2.80,0.90
2008.05.28 10:52:41.474,2.06825,2.06855,1.00,0.90
2008.05.28 10:52:41.714,2.06825,2.06855,2.80,0.90
2008.05.28 10:52:41.953,2.06825,2.06855,1.00,0.90
2008.05.28 10:52:43.188,2.06825,2.0687,2.00,4.80
2008.05.28 10:52:43.459,2.06825,2.06875,2.00,2.00
2008.05.28 10:52:45.945,2.06835,2.06875,1.00,0.90
2008.05.28 10:52:46.539,2.0684,2.06875,4.80,0.90
2008.05.28 10:52:46.754,2.0684,2.06875,5.70,0.90
2008.05.28 10:52:48.521,2.0685,2.06875,1.00,0.90
2008.05.28 10:52:48.651,2.0685,2.0688,1.00,4.80
2008.05.28 10:52:49.029,2.06845,2.0688,1.90,4.80
2008.05.28 10:52:49.195,2.06845,2.0688,0.90,4.80
2008.05.28 10:52:49.447,2.06845,2.0689,0.90,5.80
2008.05.28 10:52:49.543,2.06845,2.0689,0.90,4.80
2008.05.28 10:52:50.503,2.06845,2.0689,0.90,5.80
2008.05.28 10:52:52.112,2.06845,2.06885,0.90,2.00
2008.05.28 10:52:52.303,2.06845,2.0688,0.90,4.80
2008.05.28 10:52:52.424,2.06845,2.06885,0.90,1.00
2008.05.28 10:52:52.545,2.06855,2.06895,0.90,0.90
2008.05.28 10:52:52.807,2.0686,2.06895,0.90,0.90
2008.05.28 10:52:59.631,2.06855,2.06895,2.00,0.90
2008.05.28 10:53:04.909,2.06855,2.06895,0.90,0.90
2008.05.28 10:53:08.018,2.06855,2.0689,0.90,1.00
2008.05.28 10:53:08.142,2.0685,2.06885,4.80,0.90
2008.05.28 10:53:08.203,2.0685,2.06885,4.80,2.00
2008.05.28 10:53:08.446,2.0684,2.06885,6.60,2.00
2008.05.28 10:53:08.728,2.0684,2.06885,4.80,2.00
2008.05.28 10:53:08.947,2.0684,2.0688,4.80,4.80
2008.05.28 10:53:09.137,2.06835,2.0688,2.00,4.80
2008.05.28 10:53:09.328,2.0684,2.0688,4.80,4.80
2008.05.28 10:53:10.088,2.0684,2.0688,4.80,5.80
2008.05.28 10:53:10.128,2.0684,2.06865,4.80,0.90
2008.05.28 10:53:10.265,2.06835,2.06865,0.90,0.90
2008.05.28 10:53:17.242,2.0683,2.06855,4.80,0.90
2008.05.28 10:53:17.421,2.0682,2.06855,5.80,0.90
2008.05.28 10:53:19.275,2.0682,2.06855,6.80,0.90
2008.05.28 10:53:21.342,2.0683,2.06855,4.80,0.90
2008.05.28 10:53:21.388,2.0683,2.06875,4.80,0.90
2008.05.28 10:53:21.902,2.0683,2.06875,4.80,2.00
2008.05.28 10:53:22.071,2.0682,2.0687,7.80,4.80
2008.05.28 10:53:22.084,2.0682,2.06855,7.80,0.90
2008.05.28 10:53:22.098,2.06825,2.06855,1.00,0.90
2008.05.28 10:53:22.207,2.06825,2.06865,2.00,0.90
2008.05.28 10:53:22.401,2.0683,2.06865,4.80,0.90
2008.05.28 10:53:22.739,2.06825,2.06865,2.00,0.90
2008.05.28 10:53:23.407,2.0683,2.06865,4.80,0.90
2008.05.28 10:53:24.182,2.06825,2.06865,0.90,0.90
2008.05.28 10:53:24.262,2.06825,2.06855,0.90,0.90
2008.05.28 10:53:24.635,2.06825,2.06855,2.00,0.90
2008.05.28 10:53:24.704,2.06825,2.06865,2.00,0.90
2008.05.28 10:53:24.759,2.0683,2.06865,4.80,0.90
2008.05.28 10:53:41.858,2.0684,2.06875,4.80,1.00
2008.05.28 10:53:41.981,2.0684,2.06865,4.80,0.90
2008.05.28 10:53:42.120,2.0683,2.06865,4.80,0.90
2008.05.28 10:53:42.387,2.0683,2.06875,4.80,1.00
2008.05.28 10:53:42.509,2.0683,2.06865,4.80,0.90
2008.05.28 10:53:43.628,2.0683,2.0688,5.80,4.80
2008.05.28 10:53:43.707,2.0684,2.0688,4.80,4.80
2008.05.28 10:53:45.174,2.0684,2.06875,4.80,1.00
2008.05.28 10:53:45.269,2.0683,2.06865,4.80,0.90
2008.05.28 10:53:54.709,2.0684,2.06865,5.80,0.90
2008.05.28 10:53:54.847,2.06845,2.06885,0.90,0.90
2008.05.28 10:53:56.610,2.0685,2.06885,4.80,0.90
2008.05.28 10:53:57.118,2.06845,2.06885,0.90,0.90
2008.05.28 10:53:57.278,2.06845,2.06885,2.80,0.90
2008.05.28 10:53:57.359,2.0685,2.06895,4.80,1.00
2008.05.28 10:53:57.439,2.0685,2.06885,4.80,0.90
2008.05.28 10:53:57.677,2.0685,2.06885,5.80,0.90
2008.05.28 10:53:58.000,2.0685,2.069,5.80,4.80
2008.05.28 10:53:58.448,2.0686,2.06905,4.80,2.00
2008.05.28 10:53:59.119,2.0686,2.06905,4.80,0.90
2008.05.28 10:53:59.669,2.0686,2.06905,5.80,0.90
2008.05.28 10:54:01.728,2.06865,2.06905,1.00,0.90
2008.05.28 10:54:01.863,2.06865,2.0691,1.00,4.80
2008.05.28 10:54:02.156,2.0687,2.06915,4.80,2.00
2008.05.28 10:54:03.818,2.0686,2.06905,4.80,0.90
2008.05.28 10:54:08.684,2.0686,2.069,4.80,1.00
2008.05.28 10:54:10.225,2.0686,2.06885,4.80,0.90
2008.05.28 10:54:10.336,2.06855,2.06885,0.90,0.90
2008.05.28 10:54:14.311,2.0685,2.06885,4.80,0.90
2008.05.28 10:54:14.392,2.0685,2.0688,4.80,1.00
2008.05.28 10:54:14.762,2.0685,2.06865,4.80,0.90
2008.05.28 10:54:15.358,2.0683,2.06865,5.80,0.90
2008.05.28 10:54:17.452,2.0683,2.0688,5.80,4.80
2008.05.28 10:54:17.583,2.0683,2.0688,7.60,4.80
2008.05.28 10:54:17.700,2.0684,2.0688,1.00,4.80
2008.05.28 10:54:17.800,2.0684,2.06885,5.80,0.90
2008.05.28 10:54:17.926,2.0685,2.06885,4.80,0.90
2008.05.28 10:54:18.339,2.0684,2.06885,6.80,0.90
2008.05.28 10:54:18.782,2.0684,2.0688,4.80,1.00
2008.05.28 10:54:19.015,2.0684,2.0687,4.80,1.00
2008.05.28 10:54:19.234,2.0683,2.0687,4.80,1.00
2008.05.28 10:54:19.456,2.0684,2.06875,4.80,1.00
2008.05.28 10:54:19.817,2.0683,2.06865,4.80,0.90
2008.05.28 10:54:20.083,2.0683,2.06875,4.80,1.00
2008.05.28 10:54:20.559,2.0684,2.06875,4.80,1.00
2008.05.28 10:54:20.679,2.0683,2.06875,4.80,1.00
2008.05.28 10:54:20.799,2.0683,2.0688,5.80,5.80
2008.05.28 10:54:21.015,2.0684,2.0688,4.80,1.00
2008.05.28 10:54:22.719,2.0684,2.06865,4.80,0.90
2008.05.28 10:54:22.796,2.0683,2.06865,5.80,0.90
2008.05.28 10:54:37.451,2.06845,2.06865,1.00,0.90
2008.05.28 10:54:37.615,2.06845,2.0688,2.00,4.80
2008.05.28 10:54:37.806,2.0685,2.06885,4.80,0.90
2008.05.28 10:54:44.273,2.0685,2.0688,4.80,1.00
2008.05.28 10:54:44.314,2.0684,2.06865,0.90,0.90
2008.05.28 10:54:44.452,2.0683,2.06865,7.80,0.90
2008.05.28 10:54:44.629,2.0684,2.06865,1.00,0.90
2008.05.28 10:54:44.751,2.0684,2.0688,1.00,4.80
2008.05.28 10:54:44.831,2.0683,2.0688,9.60,5.80
2008.05.28 10:54:44.870,2.0684,2.0688,4.80,1.00
2008.05.28 10:54:45.481,2.0684,2.06865,4.80,0.90
2008.05.28 10:54:45.672,2.0683,2.06865,7.80,0.90
2008.05.28 10:54:46.453,2.0684,2.06865,1.00,0.90
2008.05.28 10:54:46.578,2.0684,2.06885,5.80,0.90
2008.05.28 10:54:48.220,2.0684,2.0688,4.80,1.00
2008.05.28 10:54:48.777,2.0684,2.06875,4.80,1.00
2008.05.28 10:54:49.721,2.0684,2.0688,4.80,4.80
2008.05.28 10:54:59.447,2.0683,2.06875,4.80,1.00
2008.05.28 10:54:59.554,2.0683,2.06865,4.80,0.90
2008.05.28 10:55:02.716,2.0683,2.06875,4.80,1.00
2008.05.28 10:55:02.996,2.0684,2.06875,4.80,1.00
2008.05.28 10:55:03.209,2.0683,2.06875,4.80,1.00
2008.05.28 10:55:03.330,2.0683,2.06865,4.80,1.00
2008.05.28 10:55:03.389,2.0683,2.06865,4.80,2.00
2008.05.28 10:55:03.472,2.0683,2.06855,4.80,1.00
2008.05.28 10:55:03.531,2.0682,2.06855,4.80,1.00
2008.05.28 10:55:03.637,2.0681,2.0686,9.60,4.80
2008.05.28 10:55:04.024,2.06815,2.0686,0.90,5.80
2008.05.28 10:55:04.295,2.0682,2.0686,4.80,1.00
2008.05.28 10:55:04.594,2.0681,2.0686,6.70,5.80
2008.05.28 10:55:04.865,2.0682,2.0686,4.80,1.00
2008.05.28 10:55:05.677,2.0682,2.06865,4.80,0.90
2008.05.28 10:55:05.777,2.0682,2.06865,4.80,2.00
2008.05.28 10:55:06.137,2.0681,2.06865,6.80,2.00
2008.05.28 10:55:06.409,2.0681,2.06865,5.80,2.00
2008.05.28 10:55:06.698,2.0682,2.0687,5.80,4.80
2008.05.28 10:55:07.744,2.0682,2.06865,4.80,1.00
2008.05.28 10:55:07.965,2.0682,2.0687,5.80,4.80
2008.05.28 10:55:10.841,2.06825,2.0687,1.00,4.80
2008.05.28 10:55:10.961,2.06825,2.0687,2.00,4.80
2008.05.28 10:55:11.021,2.0683,2.06875,4.80,0.90
2008.05.28 10:55:17.773,2.06825,2.06865,0.90,0.90
2008.05.28 10:55:20.035,2.06825,2.0685,0.90,1.00
2008.05.28 10:55:20.402,2.0681,2.0685,0.90,5.80
2008.05.28 10:55:20.545,2.068,2.0685,4.80,5.80
2008.05.28 10:55:20.743,2.068,2.0684,4.80,1.00
2008.05.28 10:55:21.249,2.068,2.0683,4.80,1.00
2008.05.28 10:55:21.580,2.0678,2.0683,5.80,1.00
2008.05.28 10:55:22.764,2.06785,2.0683,0.90,1.00
2008.05.28 10:55:23.170,2.0679,2.0683,4.80,1.00
2008.05.28 10:55:24.006,2.0679,2.06835,5.80,0.90
2008.05.28 10:55:26.267,2.068,2.06835,4.80,0.90
2008.05.28 10:55:27.208,2.0679,2.06835,5.80,0.90
2008.05.28 10:55:28.014,2.068,2.06835,4.80,0.90
2008.05.28 10:55:30.019,2.068,2.06835,5.70,0.90
2008.05.28 10:55:30.215,2.068,2.06835,4.80,0.90
2008.05.28 10:55:30.564,2.068,2.0685,4.80,5.80
2008.05.28 10:55:32.266,2.068,2.0684,4.80,1.00
2008.05.28 10:55:32.559,2.0679,2.0684,5.80,5.80
2008.05.28 10:55:32.972,2.0679,2.0683,4.80,1.00
2008.05.28 10:55:33.116,2.06785,2.0683,0.90,5.80
2008.05.28 10:55:33.357,2.0679,2.0683,1.00,4.80
2008.05.28 10:55:33.531,2.0679,2.06835,1.00,0.90
2008.05.28 10:55:33.681,2.0679,2.06835,5.80,0.90
2008.05.28 10:55:35.043,2.0679,2.0683,4.80,1.00
2008.05.28 10:55:35.340,2.06785,2.0683,0.90,5.80
2008.05.28 10:55:53.408,2.06785,2.06825,0.90,1.00
2008.05.28 10:55:53.957,2.06785,2.0683,0.90,5.80
2008.05.28 10:55:54.100,2.06785,2.0683,0.90,6.80
2008.05.28 10:56:03.403,2.06785,2.06825,0.90,1.00
2008.05.28 10:56:05.268,2.0679,2.06825,4.80,1.00
2008.05.28 10:56:05.359,2.0679,2.0683,5.80,0.90
2008.05.28 10:56:05.445,2.068,2.06835,4.80,0.90
2008.05.28 10:56:05.549,2.068,2.06845,4.80,1.00
2008.05.28 10:56:06.094,2.0679,2.06835,4.80,1.00
2008.05.28 10:56:06.279,2.068,2.06835,4.80,1.00
2008.05.28 10:56:07.404,2.068,2.06845,4.80,3.90
2008.05.28 10:56:07.589,2.068,2.06845,4.80,2.00
2008.05.28 10:56:08.155,2.068,2.06835,4.80,1.00
2008.05.28 10:56:08.257,2.0679,2.06835,4.80,1.00
2008.05.28 10:56:08.892,2.0679,2.06825,4.80,1.00
2008.05.28 10:56:09.094,2.06785,2.06825,0.90,1.00
2008.05.28 10:56:09.899,2.06785,2.0682,0.90,4.80
2008.05.28 10:56:12.189,2.06785,2.06825,0.90,1.00
2008.05.28 10:56:13.653,2.06785,2.0682,0.90,4.80
2008.05.28 10:56:13.838,2.06785,2.06825,0.90,1.00
2008.05.28 10:56:14.990,2.0679,2.0683,1.00,5.70
2008.05.28 10:56:15.170,2.068,2.06845,4.80,1.00
2008.05.28 10:56:15.349,2.06795,2.0684,0.90,4.80
2008.05.28 10:56:15.532,2.06795,2.0684,1.00,4.80
2008.05.28 10:56:15.623,2.068,2.06845,4.80,3.90
2008.05.28 10:56:15.803,2.068,2.06845,4.80,2.00
2008.05.28 10:56:16.423,2.06795,2.0684,0.90,4.80
2008.05.28 10:56:16.976,2.068,2.06845,4.80,2.00
2008.05.28 10:56:20.518,2.068,2.06835,4.80,0.90
2008.05.28 10:56:20.775,2.06795,2.06835,0.90,0.90
2008.05.28 10:56:32.535,2.068,2.06835,4.80,0.90
2008.05.28 10:56:33.390,2.06795,2.06835,0.90,0.90
2008.05.28 10:56:35.446,2.06795,2.06835,2.00,0.90
2008.05.28 10:56:35.570,2.068,2.06835,4.80,0.90
2008.05.28 10:56:43.306,2.06795,2.06835,0.90,0.90
2008.05.28 10:56:43.737,2.068,2.06835,4.80,0.90
2008.05.28 10:56:44.724,2.06795,2.06835,0.90,0.90
2008.05.28 10:56:46.254,2.068,2.06835,4.80,0.90
2008.05.28 10:56:47.516,2.06795,2.06835,0.90,0.90
2008.05.28 10:56:48.180,2.06795,2.06835,0.90,2.00
2008.05.28 10:56:48.395,2.0679,2.06835,4.80,2.00
2008.05.28 10:56:52.355,2.0679,2.06835,5.80,0.90
2008.05.28 10:56:52.436,2.06795,2.06835,0.90,0.90
2008.05.28 10:56:55.119,2.06795,2.06835,0.90,2.00
2008.05.28 10:56:55.250,2.0679,2.06815,4.80,0.90
2008.05.28 10:56:55.508,2.0678,2.06815,5.70,0.90
2008.05.28 10:56:55.787,2.0678,2.06815,4.80,0.90
2008.05.28 10:56:57.049,2.06785,2.06825,0.90,0.90
2008.05.28 10:56:58.566,2.06785,2.06835,0.90,2.00
2008.05.28 10:56:58.617,2.06785,2.06835,2.00,0.90
2008.05.28 10:56:58.645,2.0679,2.06835,4.80,0.90
2008.05.28 10:56:58.850,2.06785,2.0683,2.00,4.80
2008.05.28 10:57:05.629,2.06785,2.06825,0.90,0.90
2008.05.28 10:57:17.299,2.0678,2.06825,4.80,2.00
2008.05.28 10:57:17.402,2.06775,2.0682,0.90,4.80
2008.05.28 10:57:17.500,2.0677,2.0682,5.80,4.80
2008.05.28 10:57:17.699,2.0677,2.06815,4.80,1.00
2008.05.28 10:57:19.359,2.0677,2.0682,5.80,4.80
2008.05.28 10:57:19.509,2.0677,2.0682,4.80,5.80
2008.05.28 10:57:19.834,2.0677,2.06815,4.80,0.90
2008.05.28 10:57:20.685,2.0677,2.0681,4.80,1.00
2008.05.28 10:57:23.103,2.0677,2.06815,4.80,1.00
2008.05.28 10:57:24.711,2.0677,2.0682,5.80,4.80
2008.05.28 10:57:44.193,2.0677,2.06815,4.80,1.00
2008.05.28 10:57:54.896,2.0677,2.0682,5.80,4.80
2008.05.28 10:58:19.489,2.0678,2.0682,4.80,4.80
2008.05.28 10:58:25.201,2.0678,2.06815,4.80,1.00
2008.05.28 10:58:25.391,2.0678,2.0682,4.80,4.80
2008.05.28 10:58:27.902,2.0678,2.06815,4.80,1.00
2008.05.28 10:58:28.098,2.06765,2.06805,0.90,0.90
2008.05.28 10:58:34.469,2.06765,2.06805,2.00,0.90
2008.05.28 10:58:36.280,2.06765,2.06805,0.90,0.90
2008.05.28 10:58:37.728,2.06765,2.06805,2.00,0.90
2008.05.28 10:58:37.833,2.0677,2.06815,4.80,0.90
2008.05.28 10:58:38.249,2.0677,2.06815,5.80,0.90
2008.05.28 10:58:39.702,2.0677,2.06815,4.80,0.90
2008.05.28 10:58:39.966,2.0677,2.06815,5.80,0.90
2008.05.28 10:58:40.162,2.0677,2.06815,4.80,0.90
2008.05.28 10:58:41.510,2.0677,2.06815,5.80,0.90
2008.05.28 10:58:46.981,2.0677,2.06815,7.80,0.90
2008.05.28 10:58:47.413,2.0678,2.06815,4.80,0.90
2008.05.28 10:58:48.299,2.0678,2.06805,4.80,0.90
2008.05.28 10:58:48.395,2.0678,2.06805,5.80,0.90
2008.05.28 10:58:48.639,2.06785,2.0682,0.90,4.80
2008.05.28 10:58:48.776,2.06785,2.06825,0.90,0.90
2008.05.28 10:58:48.908,2.06785,2.06825,0.90,2.00
2008.05.28 10:58:49.191,2.0678,2.06825,4.80,2.00
2008.05.28 10:58:50.846,2.0678,2.0682,4.80,4.80
2008.05.28 10:58:52.427,2.0677,2.0682,8.70,4.80
2008.05.28 10:58:52.721,2.0677,2.0682,5.80,4.80
2008.05.28 10:58:52.806,2.06775,2.0682,1.00,4.80
2008.05.28 10:58:52.841,2.06775,2.0682,2.00,4.80
2008.05.28 10:58:53.083,2.0678,2.06825,4.80,0.90
2008.05.28 10:58:55.679,2.06785,2.0683,0.90,5.80
2008.05.28 10:58:55.718,2.06785,2.0683,2.00,4.80
2008.05.28 10:58:55.811,2.06785,2.0682,2.00,4.80
2008.05.28 10:58:55.904,2.06785,2.0683,2.00,4.80
2008.05.28 10:58:56.972,2.06785,2.0682,2.00,4.80
2008.05.28 10:58:57.286,2.06805,2.0683,2.00,4.80
2008.05.28 10:58:57.782,2.06805,2.0683,0.90,4.80
2008.05.28 10:58:58.033,2.06805,2.06845,0.90,0.90
2008.05.28 10:58:59.673,2.0681,2.06845,4.80,0.90
2008.05.28 10:59:04.631,2.06805,2.06845,0.90,0.90
2008.05.28 10:59:04.731,2.0681,2.06845,1.00,0.90
2008.05.28 10:59:04.767,2.0681,2.06845,5.80,0.90
2008.05.28 10:59:05.066,2.0682,2.06865,5.80,3.80
2008.05.28 10:59:05.275,2.06825,2.06865,0.90,3.80
2008.05.28 10:59:05.889,2.0683,2.06865,4.80,3.80
2008.05.28 10:59:07.331,2.0683,2.06865,4.80,2.80
2008.05.28 10:59:07.526,2.06825,2.06865,0.90,2.80
2008.05.28 10:59:07.638,2.06825,2.06865,0.90,0.90
2008.05.28 10:59:07.731,2.0684,2.06865,1.00,0.90
2008.05.28 10:59:07.843,2.06845,2.0688,0.90,4.80
2008.05.28 10:59:07.933,2.06845,2.06875,0.90,1.00
2008.05.28 10:59:08.129,2.0684,2.06875,4.80,1.00
2008.05.28 10:59:08.348,2.0683,2.06875,4.80,1.00
2008.05.28 10:59:08.918,2.0684,2.06875,4.80,1.00
2008.05.28 10:59:09.515,2.0683,2.06865,4.80,0.90
2008.05.28 10:59:09.816,2.06825,2.06865,0.90,0.90
2008.05.28 10:59:10.204,2.06825,2.06865,0.90,2.00
2008.05.28 10:59:10.347,2.0681,2.06865,7.60,2.00
2008.05.28 10:59:10.467,2.0681,2.06865,5.80,2.00
2008.05.28 10:59:10.826,2.0681,2.0686,5.80,4.80
2008.05.28 10:59:11.281,2.0681,2.06865,5.80,2.00
2008.05.28 10:59:11.640,2.0681,2.0685,5.80,4.80
2008.05.28 10:59:11.978,2.0681,2.06855,4.80,1.00
2008.05.28 10:59:12.498,2.0681,2.06845,4.80,0.90
2008.05.28 10:59:12.696,2.068,2.0684,1.00,4.80
2008.05.28 10:59:12.795,2.06805,2.0684,0.90,4.80
2008.05.28 10:59:12.894,2.0681,2.06845,4.80,0.90
2008.05.28 10:59:13.493,2.0681,2.06845,4.80,2.00
2008.05.28 10:59:13.661,2.068,2.06845,5.70,2.00
2008.05.28 10:59:13.747,2.068,2.06845,4.80,2.00
2008.05.28 10:59:13.915,2.0679,2.0684,5.80,4.80
2008.05.28 10:59:15.391,2.0679,2.06835,4.80,1.00
2008.05.28 10:59:16.038,2.0678,2.0683,5.80,4.80
2008.05.28 10:59:19.274,2.0679,2.06835,4.80,1.00
2008.05.28 10:59:23.790,2.0679,2.0684,4.80,4.80
2008.05.28 10:59:24.543,2.0679,2.06825,4.80,0.90
2008.05.28 10:59:24.596,2.06785,2.06825,0.90,0.90
2008.05.28 10:59:29.191,2.06785,2.0684,0.90,4.80
2008.05.28 10:59:29.434,2.0679,2.0684,4.80,4.80
2008.05.28 10:59:29.715,2.0679,2.0684,5.70,4.80
2008.05.28 10:59:29.775,2.068,2.06845,4.80,0.90
2008.05.28 10:59:30.039,2.06805,2.0685,0.90,4.80
2008.05.28 10:59:30.219,2.0681,2.0686,4.80,4.80
2008.05.28 10:59:33.482,2.06805,2.0685,0.90,4.80
2008.05.28 10:59:33.754,2.06815,2.0685,0.90,4.80
2008.05.28 10:59:34.018,2.06815,2.0686,0.90,4.80
2008.05.28 10:59:35.019,2.06815,2.06865,0.90,0.90
2008.05.28 10:59:36.115,2.0681,2.06865,4.80,0.90
2008.05.28 10:59:36.452,2.0681,2.0686,4.80,4.80
2008.05.28 10:59:37.122,2.0681,2.0685,4.80,4.80
2008.05.28 10:59:37.876,2.06805,2.0685,0.90,4.80
2008.05.28 10:59:38.321,2.0681,2.0685,4.80,4.80
2008.05.28 10:59:39.577,2.068,2.06845,4.80,1.90
2008.05.28 10:59:39.789,2.068,2.06845,4.80,2.80
2008.05.28 10:59:40.068,2.068,2.06845,4.80,0.90
2008.05.28 10:59:40.301,2.0679,2.0684,4.80,4.80
2008.05.28 10:59:40.372,2.06785,2.0683,5.70,4.80
2008.05.28 10:59:40.443,2.0678,2.0683,7.50,4.80
2008.05.28 10:59:40.614,2.0678,2.0683,4.80,4.80
2008.05.28 10:59:41.338,2.0678,2.06825,4.80,0.90
2008.05.28 10:59:41.487,2.0677,2.0682,4.80,4.80
2008.05.28 10:59:42.159,2.06765,2.0681,0.90,4.80
2008.05.28 10:59:42.901,2.0676,2.0681,4.80,4.80
2008.05.28 10:59:44.065,2.0677,2.0682,4.80,4.80
2008.05.28 10:59:44.701,2.0676,2.0681,4.80,4.80
2008.05.28 10:59:46.318,2.06755,2.068,5.70,4.80
2008.05.28 10:59:46.913,2.0676,2.0681,4.80,4.80
2008.05.28 10:59:47.573,2.0676,2.06795,4.80,0.90
2008.05.28 10:59:47.866,2.0676,2.0681,4.80,4.80
2008.05.28 10:59:47.955,2.0675,2.0679,0.90,4.80
2008.05.28 10:59:48.346,2.06745,2.0679,0.90,4.80
2008.05.28 10:59:48.409,2.0675,2.068,4.80,4.80
2008.05.28 10:59:48.904,2.06745,2.0679,0.90,4.80
2008.05.28 10:59:49.501,2.06745,2.0678,0.90,4.80
2008.05.28 10:59:49.653,2.0673,2.0678,5.70,4.80
2008.05.28 10:59:49.980,2.0673,2.0678,4.80,4.80
2008.05.28 10:59:52.931,2.06725,2.0677,0.90,4.80
2008.05.28 10:59:53.001,2.06725,2.06765,0.90,0.90
2008.05.28 10:59:54.048,2.06725,2.0676,0.90,4.80
2008.05.28 10:59:54.129,2.06725,2.06765,0.90,2.80
2008.05.28 10:59:54.465,2.0672,2.06745,4.80,0.90
2008.05.28 10:59:54.650,2.06705,2.06745,0.90,0.90
2008.05.28 10:59:57.479,2.067,2.06745,4.80,0.90
2008.05.28 10:59:57.565,2.067,2.06725,4.80,0.90
2008.05.28 10:59:57.773,2.067,2.06745,4.80,0.90
2008.05.28 10:59:58.070,2.0671,2.06745,4.80,0.90
2008.05.28 10:59:58.974,2.06705,2.06745,0.90,0.90
2008.05.28 10:59:59.089,2.067,2.06745,4.80,0.90
2008.05.28 10:59:59.434,2.0671,2.06745,4.80,0.90
2008.05.28 10:59:59.719,2.067,2.06745,4.80,0.90
2008.05.28 10:59:59.850,2.067,2.0675,4.80,4.80
