2008.08.19 11:00:00.620,2.04365,2.04415,2.10,5.90
2008.08.19 11:00:00.842,2.04365,2.0441,2.10,2.70
2008.08.19 11:00:01.289,2.0436,2.044,3.20,1.00
2008.08.19 11:00:02.022,2.0436,2.044,5.40,1.00
2008.08.19 11:00:02.294,2.0436,2.044,4.30,1.00
2008.08.19 11:00:02.555,2.0436,2.044,3.90,1.00
2008.08.19 11:00:03.806,2.04375,2.04415,1.00,5.90
2008.08.19 11:00:04.046,2.04375,2.0441,1.00,2.70
2008.08.19 11:00:04.286,2.0436,2.0441,5.40,2.70
2008.08.19 11:00:05.858,2.0436,2.0441,2.10,2.70
2008.08.19 11:00:06.258,2.0436,2.0441,3.90,2.70
2008.08.19 11:00:06.526,2.04365,2.0441,2.10,2.70
2008.08.19 11:00:06.662,2.04365,2.0441,3.20,2.70
2008.08.19 11:00:07.177,2.04365,2.04415,4.90,2.70
2008.08.19 11:00:07.926,2.0438,2.04425,3.10,2.10
2008.08.19 11:00:08.394,2.04395,2.04425,3.20,2.10
2008.08.19 11:00:08.629,2.04395,2.0443,3.20,2.10
2008.08.19 11:00:09.125,2.04395,2.04435,3.20,3.70
2008.08.19 11:00:09.390,2.0438,2.04435,2.10,3.70
2008.08.19 11:00:09.654,2.04385,2.0442,2.10,1.00
2008.08.19 11:00:09.918,2.0438,2.04425,3.90,1.70
2008.08.19 11:00:10.033,2.0438,2.04415,2.10,2.70
2008.08.19 11:00:10.261,2.0438,2.0439,2.10,1.00
2008.08.19 11:00:10.610,2.0437,2.0439,2.10,1.00
2008.08.19 11:00:10.898,2.04385,2.04425,1.00,2.70
2008.08.19 11:00:11.074,2.0437,2.04425,2.10,2.70
2008.08.19 11:00:11.272,2.0437,2.0443,3.90,2.70
2008.08.19 11:00:11.706,2.0437,2.0443,3.90,4.80
2008.08.19 11:00:11.881,2.0437,2.04425,2.10,2.70
2008.08.19 11:00:12.494,2.0438,2.04415,1.00,2.70
2008.08.19 11:00:12.802,2.0438,2.0442,2.10,4.80
2008.08.19 11:00:13.082,2.04375,2.0442,3.20,2.70
2008.08.19 11:00:14.474,2.04375,2.0442,2.10,2.70
2008.08.19 11:00:14.618,2.04375,2.04415,2.10,2.70
2008.08.19 11:00:14.901,2.04375,2.04415,3.20,2.70
2008.08.19 11:00:15.058,2.0438,2.0442,4.30,4.80
2008.08.19 11:00:15.366,2.0437,2.0442,2.10,4.80
2008.08.19 11:00:15.522,2.0438,2.0442,1.30,4.80
2008.08.19 11:00:15.678,2.0438,2.0442,1.30,2.10
2008.08.19 11:00:15.834,2.04385,2.04425,1.30,2.10
2008.08.19 11:00:16.054,2.0439,2.04435,1.70,2.10
2008.08.19 11:00:16.490,2.0439,2.0443,1.70,2.10
2008.08.19 11:00:16.709,2.0439,2.0443,1.00,2.10
2008.08.19 11:00:16.930,2.04395,2.0443,2.40,2.10
2008.08.19 11:00:17.219,2.04395,2.0443,1.60,2.10
2008.08.19 11:00:17.506,2.0439,2.04425,1.70,2.10
2008.08.19 11:00:18.078,2.0438,2.0442,6.40,2.10
2008.08.19 11:00:18.585,2.0438,2.0442,6.40,4.80
2008.08.19 11:00:18.841,2.0438,2.0442,1.00,4.80
2008.08.19 11:00:19.347,2.0438,2.0442,1.00,2.70
2008.08.19 11:00:20.062,2.0438,2.0443,6.80,2.70
2008.08.19 11:00:20.252,2.0438,2.04435,10.20,3.20
2008.08.19 11:00:20.451,2.0439,2.04435,1.30,3.20
2008.08.19 11:00:20.638,2.0439,2.0443,3.10,1.00
2008.08.19 11:00:20.847,2.0439,2.0444,3.20,2.10
2008.08.19 11:00:21.034,2.044,2.04445,1.30,3.70
2008.08.19 11:00:21.271,2.04395,2.04445,2.10,3.70
2008.08.19 11:00:21.494,2.044,2.04445,3.50,3.70
2008.08.19 11:00:21.718,2.044,2.04445,2.10,3.70
2008.08.19 11:00:21.941,2.044,2.0444,2.10,1.00
2008.08.19 11:00:22.222,2.04395,2.0444,3.90,1.00
2008.08.19 11:00:24.709,2.04395,2.04425,3.90,1.60
2008.08.19 11:00:24.752,2.04395,2.04425,1.70,1.60
2008.08.19 11:00:24.795,2.0439,2.04425,1.70,1.60
2008.08.19 11:00:24.840,2.0439,2.04435,1.70,5.90
2008.08.19 11:00:24.933,2.0439,2.0443,1.70,2.10
2008.08.19 11:00:24.959,2.0439,2.0443,1.70,4.30
2008.08.19 11:00:25.022,2.0439,2.0443,5.40,4.90
2008.08.19 11:00:25.250,2.0439,2.04425,2.10,2.20
2008.08.19 11:00:25.478,2.0438,2.044,1.70,1.00
2008.08.19 11:00:25.707,2.0438,2.04405,1.70,3.90
2008.08.19 11:00:25.934,2.0438,2.044,1.70,1.70
2008.08.19 11:00:26.162,2.0438,2.04395,1.70,2.10
2008.08.19 11:00:26.342,2.04355,2.04395,1.70,2.10
2008.08.19 11:00:26.522,2.04345,2.0438,5.40,2.10
2008.08.19 11:00:26.701,2.04345,2.0438,1.00,2.10
2008.08.19 11:00:26.882,2.04335,2.0438,1.70,2.10
2008.08.19 11:00:27.062,2.04335,2.04375,1.70,2.10
2008.08.19 11:00:27.577,2.0433,2.04375,7.10,2.10
2008.08.19 11:00:27.919,2.0432,2.04375,3.90,4.80
2008.08.19 11:00:28.257,2.04325,2.04375,1.70,2.10
2008.08.19 11:00:28.598,2.0432,2.04375,3.90,4.80
2008.08.19 11:00:28.814,2.04335,2.04375,1.60,4.80
2008.08.19 11:00:29.029,2.04335,2.04375,1.30,2.70
2008.08.19 11:00:29.246,2.04335,2.04375,2.40,2.70
2008.08.19 11:00:29.463,2.0434,2.04375,2.10,2.70
2008.08.19 11:00:29.678,2.0434,2.044,3.90,5.90
2008.08.19 11:00:29.882,2.0434,2.044,3.90,6.60
2008.08.19 11:00:29.986,2.0435,2.044,1.30,3.20
2008.08.19 11:00:30.090,2.04345,2.044,5.20,3.20
2008.08.19 11:00:30.194,2.04345,2.04395,5.20,1.00
2008.08.19 11:00:30.298,2.04345,2.04405,6.30,4.80
2008.08.19 11:00:30.502,2.04345,2.04405,8.10,4.80
2008.08.19 11:00:30.730,2.0435,2.04385,1.30,2.70
2008.08.19 11:00:30.958,2.04345,2.04385,3.20,2.70
2008.08.19 11:00:31.186,2.04345,2.04395,3.20,2.70
2008.08.19 11:00:31.413,2.04345,2.04385,3.20,2.70
2008.08.19 11:00:31.935,2.04345,2.04385,4.50,2.70
2008.08.19 11:00:32.230,2.04345,2.04395,4.50,2.70
2008.08.19 11:00:33.138,2.0435,2.04395,1.30,2.70
2008.08.19 11:00:33.550,2.0435,2.044,3.50,2.70
2008.08.19 11:00:33.986,2.0436,2.044,1.00,2.70
2008.08.19 11:00:34.094,2.0436,2.04405,1.00,4.80
2008.08.19 11:00:34.201,2.0436,2.04405,2.10,4.80
2008.08.19 11:00:34.309,2.0436,2.04405,3.20,4.80
2008.08.19 11:00:34.417,2.04355,2.04405,3.20,2.70
2008.08.19 11:00:35.023,2.0436,2.04405,3.70,4.80
2008.08.19 11:00:35.235,2.04355,2.04405,2.80,2.10
2008.08.19 11:00:35.629,2.0436,2.0441,2.10,4.80
2008.08.19 11:00:36.605,2.04365,2.0441,2.10,2.70
2008.08.19 11:00:36.942,2.0438,2.0441,1.00,2.70
2008.08.19 11:00:37.330,2.0437,2.0442,1.70,2.10
2008.08.19 11:00:37.526,2.0438,2.0442,1.00,2.10
2008.08.19 11:00:37.722,2.0437,2.0442,3.10,2.10
2008.08.19 11:00:37.950,2.0437,2.0442,1.70,2.10
2008.08.19 11:00:38.402,2.0437,2.0442,1.30,4.80
2008.08.19 11:00:38.630,2.04365,2.0442,9.30,4.80
2008.08.19 11:00:39.118,2.04365,2.04415,7.50,2.70
2008.08.19 11:00:40.670,2.04365,2.04415,3.20,2.70
2008.08.19 11:00:40.798,2.0437,2.04415,1.00,4.80
2008.08.19 11:00:42.585,2.04365,2.04415,2.80,2.10
2008.08.19 11:00:44.368,2.0437,2.04415,1.30,2.10
2008.08.19 11:00:44.643,2.0437,2.0442,1.30,4.80
2008.08.19 11:00:45.073,2.0438,2.0442,1.00,4.80
2008.08.19 11:00:45.449,2.04375,2.0442,2.80,2.10
2008.08.19 11:00:46.214,2.04375,2.0442,1.70,2.10
2008.08.19 11:00:46.538,2.0437,2.0442,3.90,2.10
2008.08.19 11:00:46.915,2.0437,2.04405,1.70,1.00
2008.08.19 11:00:47.130,2.04355,2.044,4.00,1.00
2008.08.19 11:00:47.357,2.04355,2.0441,4.90,5.50
2008.08.19 11:00:47.570,2.04355,2.04405,4.50,2.70
2008.08.19 11:00:47.787,2.0436,2.0441,1.70,2.10
2008.08.19 11:00:48.686,2.0437,2.0441,1.00,2.10
2008.08.19 11:00:48.904,2.04365,2.04415,4.50,2.70
2008.08.19 11:00:49.119,2.0437,2.0442,1.70,2.10
2008.08.19 11:00:49.545,2.0437,2.04425,3.90,5.90
2008.08.19 11:00:51.012,2.0437,2.04425,5.20,5.90
2008.08.19 11:00:51.105,2.04375,2.0442,1.70,2.10
2008.08.19 11:00:52.358,2.0437,2.04425,3.90,6.60
2008.08.19 11:00:52.620,2.0438,2.04425,1.70,3.20
2008.08.19 11:00:53.168,2.0438,2.04425,3.10,2.10
2008.08.19 11:00:53.997,2.04385,2.04425,1.30,2.10
2008.08.19 11:00:54.181,2.0438,2.04425,1.70,2.10
2008.08.19 11:00:54.545,2.04375,2.04385,3.20,4.80
2008.08.19 11:00:54.729,2.0437,2.04385,1.30,1.60
2008.08.19 11:00:55.106,2.04365,2.04385,6.80,1.60
2008.08.19 11:00:55.890,2.0436,2.0437,24.10,1.60
2008.08.19 11:00:57.136,2.0437,2.04425,2.10,4.90
2008.08.19 11:00:57.299,2.0437,2.04425,3.90,6.50
2008.08.19 11:00:57.784,2.0437,2.0444,3.90,5.90
2008.08.19 11:00:57.948,2.0437,2.0442,1.70,1.00
2008.08.19 11:00:58.286,2.04355,2.0442,3.20,2.20
2008.08.19 11:00:58.626,2.0436,2.04415,1.00,2.10
2008.08.19 11:00:59.293,2.0436,2.044,1.00,4.80
2008.08.19 11:01:01.037,2.0436,2.044,1.00,2.10
2008.08.19 11:01:02.453,2.0436,2.044,1.00,4.80
2008.08.19 11:01:02.757,2.0436,2.044,1.00,2.10
2008.08.19 11:01:03.598,2.0435,2.044,1.70,2.10
2008.08.19 11:01:04.090,2.04355,2.04405,1.70,3.20
2008.08.19 11:01:04.338,2.04355,2.04405,2.80,2.10
2008.08.19 11:01:04.833,2.0436,2.0441,1.70,2.10
2008.08.19 11:01:05.003,2.04365,2.0441,2.40,2.10
2008.08.19 11:01:05.413,2.0437,2.0441,1.70,2.10
2008.08.19 11:01:05.674,2.0437,2.0441,1.70,2.80
2008.08.19 11:01:05.921,2.04355,2.0441,5.10,5.50
2008.08.19 11:01:06.169,2.04355,2.04405,2.80,2.10
2008.08.19 11:01:06.358,2.04365,2.04405,2.40,2.10
2008.08.19 11:01:06.546,2.04365,2.04405,2.80,2.10
2008.08.19 11:01:06.734,2.04365,2.04405,2.80,2.80
2008.08.19 11:01:06.931,2.04365,2.04405,1.70,2.80
2008.08.19 11:01:07.118,2.0436,2.04405,1.00,5.50
2008.08.19 11:01:07.442,2.0436,2.044,1.00,2.10
2008.08.19 11:01:09.760,2.0435,2.0439,1.70,1.00
2008.08.19 11:01:09.869,2.0435,2.04395,1.70,3.20
2008.08.19 11:01:09.887,2.0434,2.04395,3.90,5.90
2008.08.19 11:01:11.718,2.04345,2.04395,1.30,5.90
2008.08.19 11:01:11.889,2.04345,2.04395,4.50,2.70
2008.08.19 11:01:11.965,2.04345,2.04395,3.20,2.70
2008.08.19 11:01:12.333,2.04345,2.044,4.90,4.80
2008.08.19 11:01:12.778,2.04345,2.044,4.90,5.50
2008.08.19 11:01:13.001,2.0434,2.04395,3.90,5.90
2008.08.19 11:01:14.327,2.04355,2.04395,1.00,5.90
2008.08.19 11:01:14.421,2.04355,2.04395,1.00,4.80
2008.08.19 11:01:14.478,2.04345,2.04395,2.80,2.10
2008.08.19 11:01:14.523,2.0435,2.04395,1.30,2.10
2008.08.19 11:01:14.616,2.0435,2.044,6.70,2.10
2008.08.19 11:01:14.749,2.04365,2.044,3.20,2.10
2008.08.19 11:01:14.885,2.0435,2.044,4.50,2.10
2008.08.19 11:01:14.933,2.0435,2.04405,4.50,2.70
2008.08.19 11:01:14.982,2.0435,2.04405,3.20,2.70
2008.08.19 11:01:15.162,2.04355,2.0441,1.70,2.10
2008.08.19 11:01:15.699,2.04355,2.0441,4.90,2.10
2008.08.19 11:01:16.516,2.0436,2.04405,1.30,2.10
2008.08.19 11:01:18.017,2.0436,2.0441,3.10,2.10
2008.08.19 11:01:18.542,2.04355,2.0441,3.20,4.80
2008.08.19 11:01:18.802,2.0436,2.04405,1.00,2.10
2008.08.19 11:01:19.061,2.0435,2.0439,3.90,1.00
2008.08.19 11:01:19.314,2.0435,2.04395,2.10,3.70
2008.08.19 11:01:19.591,2.04345,2.04395,2.10,3.70
2008.08.19 11:01:20.041,2.04345,2.04395,2.10,4.40
2008.08.19 11:01:20.157,2.0434,2.04395,3.90,6.60
2008.08.19 11:01:21.495,2.0434,2.0439,3.90,2.10
2008.08.19 11:01:21.593,2.0434,2.04375,3.90,1.00
2008.08.19 11:01:21.693,2.0434,2.0437,3.90,3.20
2008.08.19 11:01:21.793,2.0434,2.04375,3.90,1.70
2008.08.19 11:01:22.017,2.0434,2.0437,1.70,4.30
2008.08.19 11:01:22.462,2.0434,2.04375,1.00,3.70
2008.08.19 11:01:22.685,2.0433,2.04375,2.10,3.70
2008.08.19 11:01:23.165,2.0433,2.04375,2.10,2.70
2008.08.19 11:01:23.362,2.0433,2.0438,3.90,1.70
2008.08.19 11:01:23.572,2.0433,2.04385,3.90,5.90
2008.08.19 11:01:23.965,2.04335,2.04385,3.50,4.80
2008.08.19 11:01:24.185,2.04335,2.04385,2.10,3.70
2008.08.19 11:01:24.621,2.04335,2.04385,3.50,3.70
2008.08.19 11:01:24.841,2.04335,2.04385,2.10,3.70
2008.08.19 11:01:25.278,2.04335,2.0438,2.10,2.70
2008.08.19 11:01:25.426,2.04335,2.0438,2.40,2.70
2008.08.19 11:01:25.574,2.04335,2.04385,4.10,2.10
2008.08.19 11:01:25.722,2.04335,2.04385,5.20,2.10
2008.08.19 11:01:25.869,2.04335,2.04385,2.80,2.10
2008.08.19 11:01:26.457,2.04335,2.04385,1.70,3.20
2008.08.19 11:01:27.022,2.0433,2.04385,2.10,5.90
2008.08.19 11:01:27.897,2.0433,2.04385,2.10,6.60
2008.08.19 11:01:28.162,2.0434,2.0437,3.20,1.00
2008.08.19 11:01:28.501,2.0433,2.0437,2.10,2.20
2008.08.19 11:01:28.841,2.0433,2.0437,2.10,2.70
2008.08.19 11:01:29.349,2.0433,2.0437,2.10,4.30
2008.08.19 11:01:30.823,2.0433,2.0437,2.10,3.90
2008.08.19 11:01:31.001,2.04325,2.0436,2.10,1.00
2008.08.19 11:01:31.181,2.0432,2.0436,3.90,1.00
2008.08.19 11:01:31.599,2.04315,2.04365,2.10,3.70
2008.08.19 11:01:31.782,2.04315,2.04365,2.10,3.70
2008.08.19 11:01:31.966,2.04315,2.04365,2.10,4.40
2008.08.19 11:01:32.150,2.0431,2.0436,4.30,2.70
2008.08.19 11:01:32.657,2.0431,2.0436,2.10,2.70
2008.08.19 11:01:33.309,2.0431,2.0436,3.20,2.70
2008.08.19 11:01:35.673,2.0431,2.0436,2.10,2.70
2008.08.19 11:01:35.949,2.04305,2.0436,7.40,4.80
2008.08.19 11:01:36.090,2.04305,2.04355,6.00,1.00
2008.08.19 11:01:36.229,2.04305,2.04355,2.80,3.90
2008.08.19 11:01:36.369,2.04305,2.04355,1.70,3.90
2008.08.19 11:01:36.805,2.043,2.04355,4.90,6.60
2008.08.19 11:01:37.211,2.043,2.0435,3.20,2.70
2008.08.19 11:01:37.371,2.043,2.04345,3.20,1.00
2008.08.19 11:01:37.598,2.043,2.04345,2.10,3.30
2008.08.19 11:01:38.497,2.043,2.04345,2.10,2.20
2008.08.19 11:01:39.188,2.043,2.04345,2.10,2.70
2008.08.19 11:01:39.525,2.043,2.04345,2.10,4.40
2008.08.19 11:01:40.245,2.043,2.04345,2.10,3.30
2008.08.19 11:01:40.321,2.043,2.0434,2.10,2.20
2008.08.19 11:01:40.397,2.043,2.0433,2.10,2.70
2008.08.19 11:01:41.218,2.04295,2.0433,2.10,2.70
2008.08.19 11:01:41.997,2.043,2.0433,2.10,2.70
2008.08.19 11:01:42.189,2.043,2.0434,2.10,3.30
2008.08.19 11:01:42.381,2.043,2.0434,2.10,2.70
2008.08.19 11:01:42.914,2.043,2.04345,2.10,2.70
2008.08.19 11:01:43.253,2.043,2.0434,3.90,3.20
2008.08.19 11:01:43.593,2.043,2.0435,2.10,2.70
2008.08.19 11:01:44.717,2.0431,2.04355,2.10,4.80
2008.08.19 11:01:45.368,2.04305,2.04355,3.20,2.70
2008.08.19 11:01:45.733,2.0432,2.04355,2.70,2.70
2008.08.19 11:01:46.065,2.0432,2.04355,1.30,2.70
2008.08.19 11:01:46.397,2.0432,2.04365,1.30,4.80
2008.08.19 11:01:46.565,2.0432,2.04365,1.30,2.10
2008.08.19 11:01:46.721,2.0432,2.04365,2.10,2.80
2008.08.19 11:01:46.878,2.0432,2.0434,1.00,2.70
2008.08.19 11:01:47.036,2.0431,2.0434,2.10,2.70
2008.08.19 11:01:47.342,2.04305,2.0434,3.20,2.70
2008.08.19 11:01:48.053,2.04305,2.04355,3.20,2.70
2008.08.19 11:01:49.890,2.04305,2.0434,3.20,2.70
2008.08.19 11:01:49.963,2.04305,2.0434,2.10,2.70
2008.08.19 11:01:50.112,2.043,2.0434,2.10,2.70
2008.08.19 11:01:50.260,2.0431,2.0434,1.00,2.70
2008.08.19 11:01:50.630,2.0431,2.0435,1.00,4.80
2008.08.19 11:01:50.877,2.04305,2.0435,3.20,2.70
2008.08.19 11:01:52.467,2.04305,2.04345,3.20,2.70
2008.08.19 11:01:52.936,2.043,2.0434,2.10,2.70
2008.08.19 11:01:53.241,2.043,2.04335,2.10,2.70
2008.08.19 11:01:53.858,2.043,2.0433,2.10,2.70
2008.08.19 11:01:54.473,2.043,2.0433,1.00,2.70
2008.08.19 11:01:54.881,2.04295,2.0433,2.40,2.70
2008.08.19 11:01:55.085,2.0431,2.0434,1.00,2.70
2008.08.19 11:01:55.321,2.04295,2.0434,1.30,2.70
2008.08.19 11:01:55.557,2.0429,2.0434,2.10,2.70
2008.08.19 11:01:55.793,2.04285,2.0434,3.20,4.80
2008.08.19 11:01:56.029,2.04285,2.04335,3.20,2.70
2008.08.19 11:01:56.189,2.04285,2.0433,3.20,2.70
2008.08.19 11:01:57.189,2.04285,2.0433,4.50,2.70
2008.08.19 11:01:57.421,2.043,2.0433,1.00,2.70
2008.08.19 11:01:57.889,2.043,2.0434,1.00,2.70
2008.08.19 11:02:05.367,2.0429,2.0434,2.10,2.70
2008.08.19 11:02:05.589,2.0429,2.04335,3.90,1.00
2008.08.19 11:02:05.797,2.0429,2.04335,3.90,2.20
2008.08.19 11:02:06.109,2.0429,2.04335,2.10,3.30
2008.08.19 11:02:06.310,2.0429,2.04335,2.10,4.40
2008.08.19 11:02:06.409,2.0429,2.04335,2.10,3.70
2008.08.19 11:02:06.698,2.0429,2.0433,2.10,2.70
2008.08.19 11:02:07.085,2.04285,2.0433,2.10,2.70
2008.08.19 11:02:07.634,2.0429,2.04335,2.10,1.70
2008.08.19 11:02:07.862,2.0429,2.0433,2.10,1.00
2008.08.19 11:02:08.090,2.0429,2.0434,2.10,4.80
2008.08.19 11:02:08.570,2.04305,2.0434,1.60,2.70
2008.08.19 11:02:08.826,2.04315,2.0434,1.00,2.70
2008.08.19 11:02:09.084,2.0431,2.0435,2.40,2.70
2008.08.19 11:02:09.337,2.04315,2.0435,1.70,2.10
2008.08.19 11:02:09.613,2.0432,2.04365,1.70,2.10
2008.08.19 11:02:10.434,2.04315,2.04365,2.80,2.10
2008.08.19 11:02:11.612,2.0432,2.04365,1.70,2.10
2008.08.19 11:02:11.792,2.0432,2.0437,1.70,2.80
2008.08.19 11:02:12.158,2.0432,2.0437,4.10,2.10
2008.08.19 11:02:12.337,2.04335,2.04375,3.20,5.90
2008.08.19 11:02:12.517,2.04335,2.04375,1.30,3.20
2008.08.19 11:02:12.761,2.04345,2.0438,1.00,2.70
2008.08.19 11:02:13.007,2.04345,2.0438,1.70,2.10
2008.08.19 11:02:13.250,2.04355,2.0438,1.70,2.10
2008.08.19 11:02:13.489,2.0436,2.04405,1.70,2.10
2008.08.19 11:02:13.801,2.0436,2.0441,1.70,2.10
2008.08.19 11:02:14.115,2.04355,2.0441,1.70,2.10
2008.08.19 11:02:14.425,2.04345,2.04405,3.90,5.50
2008.08.19 11:02:15.158,2.04345,2.04395,3.90,2.10
2008.08.19 11:02:15.409,2.04345,2.0439,2.10,2.70
2008.08.19 11:02:15.692,2.04345,2.04395,2.10,2.80
2008.08.19 11:02:15.808,2.0434,2.04385,1.70,1.00
2008.08.19 11:02:15.921,2.04335,2.04385,5.10,1.00
2008.08.19 11:02:16.037,2.04335,2.04385,4.90,2.20
2008.08.19 11:02:16.153,2.04335,2.0437,2.10,4.30
2008.08.19 11:02:16.269,2.0433,2.04375,3.90,1.70
2008.08.19 11:02:16.385,2.0433,2.0437,3.90,3.20
2008.08.19 11:02:16.505,2.0433,2.04375,2.10,2.70
2008.08.19 11:02:16.837,2.0433,2.0438,3.90,2.20
2008.08.19 11:02:17.058,2.0433,2.0437,3.90,3.20
2008.08.19 11:02:17.281,2.0433,2.0438,3.90,2.20
2008.08.19 11:02:17.501,2.0433,2.0438,2.10,3.30
2008.08.19 11:02:17.722,2.04325,2.0438,3.20,5.50
2008.08.19 11:02:17.882,2.04325,2.0438,4.90,5.50
2008.08.19 11:02:18.042,2.04325,2.04375,3.90,1.70
2008.08.19 11:02:18.201,2.04325,2.0437,2.10,4.30
2008.08.19 11:02:18.357,2.04325,2.0437,2.10,1.00
2008.08.19 11:02:19.149,2.04325,2.04365,2.10,1.00
2008.08.19 11:02:19.478,2.04325,2.0437,3.20,2.70
2008.08.19 11:02:19.806,2.04325,2.0437,2.10,2.70
2008.08.19 11:02:20.209,2.04325,2.0437,3.20,2.70
2008.08.19 11:02:20.613,2.04325,2.04375,3.20,4.80
2008.08.19 11:02:20.713,2.04325,2.04375,3.20,5.50
2008.08.19 11:02:20.813,2.0433,2.04375,2.10,5.50
2008.08.19 11:02:20.913,2.0432,2.04375,3.90,6.60
2008.08.19 11:02:21.073,2.0432,2.0437,2.10,2.70
2008.08.19 11:02:22.230,2.0432,2.0437,2.10,3.30
2008.08.19 11:02:22.649,2.0432,2.04365,2.10,2.70
2008.08.19 11:02:23.402,2.0433,2.0437,1.00,2.70
2008.08.19 11:02:23.582,2.0433,2.0437,1.00,4.80
2008.08.19 11:02:23.949,2.0433,2.0437,1.00,2.10
2008.08.19 11:02:24.269,2.0433,2.04375,1.00,4.80
2008.08.19 11:02:24.909,2.0433,2.0437,1.00,1.00
2008.08.19 11:02:24.972,2.0433,2.0437,1.00,3.90
2008.08.19 11:02:25.041,2.0433,2.04365,1.00,2.70
2008.08.19 11:02:25.102,2.04315,2.04365,3.20,5.50
2008.08.19 11:02:25.165,2.04315,2.0436,3.20,2.70
2008.08.19 11:02:25.645,2.04315,2.04355,3.20,2.70
2008.08.19 11:02:25.769,2.04315,2.0436,3.20,2.70
2008.08.19 11:02:26.409,2.04315,2.04365,3.20,2.10
2008.08.19 11:02:26.543,2.0433,2.04365,1.00,2.10
2008.08.19 11:02:26.810,2.04325,2.04365,2.40,2.10
2008.08.19 11:02:26.945,2.0434,2.04365,1.00,2.10
2008.08.19 11:02:27.081,2.04325,2.04365,4.10,2.10
2008.08.19 11:02:27.349,2.04325,2.04365,2.80,2.10
2008.08.19 11:02:27.593,2.0433,2.04365,1.00,2.10
2008.08.19 11:02:27.838,2.04315,2.04365,2.10,3.90
2008.08.19 11:02:28.085,2.04315,2.04365,3.50,3.20
2008.08.19 11:02:28.334,2.04325,2.0436,1.30,2.70
2008.08.19 11:02:28.581,2.0434,2.0437,3.20,2.70
2008.08.19 11:02:28.921,2.0434,2.0438,1.00,2.70
2008.08.19 11:02:29.264,2.0433,2.0438,6.70,2.70
2008.08.19 11:02:29.601,2.04335,2.0438,2.10,2.70
2008.08.19 11:02:29.698,2.04335,2.0438,2.10,5.90
2008.08.19 11:02:29.985,2.04335,2.04375,3.20,2.70
2008.08.19 11:02:30.589,2.04335,2.04385,3.20,4.80
2008.08.19 11:02:30.901,2.04335,2.04385,2.10,5.90
2008.08.19 11:02:31.426,2.04335,2.0438,2.10,2.70
2008.08.19 11:02:31.781,2.0433,2.0438,5.40,2.70
2008.08.19 11:02:31.907,2.0433,2.0438,2.10,5.90
2008.08.19 11:02:32.033,2.0433,2.04365,2.10,1.00
2008.08.19 11:02:32.161,2.04325,2.04375,5.20,5.90
2008.08.19 11:02:32.285,2.04325,2.04375,5.20,1.00
2008.08.19 11:02:32.409,2.04325,2.0438,2.10,3.70
2008.08.19 11:02:32.533,2.0432,2.0438,4.90,5.90
2008.08.19 11:02:32.789,2.0432,2.0438,3.90,5.90
2008.08.19 11:02:33.294,2.04315,2.0437,6.30,2.10
2008.08.19 11:02:34.227,2.0433,2.0437,1.00,2.10
2008.08.19 11:02:34.638,2.0434,2.0437,3.20,2.10
2008.08.19 11:02:35.487,2.0434,2.04365,3.20,2.10
2008.08.19 11:02:35.725,2.04325,2.04365,1.70,2.10
2008.08.19 11:02:35.978,2.04325,2.04365,1.70,3.20
2008.08.19 11:02:36.217,2.04325,2.04365,1.70,2.10
2008.08.19 11:02:36.453,2.04315,2.04355,2.10,2.70
2008.08.19 11:02:36.693,2.04315,2.04355,2.10,2.70
2008.08.19 11:02:37.165,2.04315,2.04355,3.50,2.70
2008.08.19 11:02:37.321,2.04315,2.04355,5.60,2.70
2008.08.19 11:02:37.929,2.0432,2.04365,1.00,7.00
2008.08.19 11:02:38.229,2.0432,2.04365,1.00,4.80
2008.08.19 11:02:38.521,2.0431,2.0436,2.10,3.30
2008.08.19 11:02:38.817,2.0432,2.0436,1.00,2.70
2008.08.19 11:02:39.129,2.0432,2.0436,1.00,3.30
2008.08.19 11:02:39.441,2.0432,2.0435,1.00,2.70
2008.08.19 11:02:39.758,2.04305,2.0435,3.20,2.70
2008.08.19 11:02:40.857,2.0431,2.0435,1.00,2.70
2008.08.19 11:02:42.234,2.043,2.0435,5.40,2.70
2008.08.19 11:02:42.709,2.043,2.0435,2.10,2.70
2008.08.19 11:02:42.761,2.0431,2.0435,1.00,2.70
2008.08.19 11:02:43.825,2.0432,2.0435,1.00,2.70
2008.08.19 11:02:44.697,2.0432,2.04355,1.00,2.10
2008.08.19 11:02:45.478,2.0432,2.0436,1.00,2.10
2008.08.19 11:02:47.231,2.0431,2.0436,1.70,2.10
2008.08.19 11:02:47.676,2.0431,2.0436,3.10,2.10
2008.08.19 11:02:47.745,2.0432,2.0436,1.00,2.10
2008.08.19 11:02:47.812,2.0432,2.0436,1.00,4.80
2008.08.19 11:02:47.877,2.0432,2.0436,4.30,4.80
2008.08.19 11:02:48.629,2.0432,2.0436,4.30,2.10
2008.08.19 11:02:50.598,2.0432,2.0436,3.20,4.80
2008.08.19 11:02:50.654,2.0431,2.0436,4.50,4.80
2008.08.19 11:02:50.714,2.0432,2.0436,4.30,4.80
2008.08.19 11:02:51.134,2.0432,2.0436,4.30,2.10
2008.08.19 11:02:51.344,2.0432,2.0436,4.80,2.10
2008.08.19 11:02:51.402,2.0432,2.04365,4.80,2.10
2008.08.19 11:02:53.151,2.0432,2.04365,4.30,2.10
2008.08.19 11:02:53.237,2.0431,2.04365,7.10,3.20
2008.08.19 11:02:53.321,2.0431,2.0436,5.40,2.70
2008.08.19 11:02:53.915,2.04305,2.04355,4.50,2.70
2008.08.19 11:02:54.243,2.04305,2.04355,3.20,2.70
2008.08.19 11:02:54.582,2.0431,2.04355,1.00,4.80
2008.08.19 11:02:57.669,2.0431,2.04355,2.10,4.80
2008.08.19 11:02:57.689,2.04305,2.04355,2.40,4.80
2008.08.19 11:02:57.781,2.0432,2.04355,3.20,4.80
2008.08.19 11:02:57.881,2.0432,2.04355,3.20,2.10
2008.08.19 11:02:59.514,2.0431,2.0436,5.40,4.80
2008.08.19 11:03:01.081,2.0431,2.04355,5.40,2.70
2008.08.19 11:03:01.371,2.0432,2.04355,4.30,2.70
2008.08.19 11:03:01.518,2.04315,2.0436,2.80,2.10
2008.08.19 11:03:01.641,2.04315,2.04365,4.90,2.80
2008.08.19 11:03:01.761,2.04315,2.0436,3.90,1.00
2008.08.19 11:03:01.881,2.04315,2.0436,5.20,1.00
2008.08.19 11:03:02.001,2.04315,2.0437,6.30,4.80
2008.08.19 11:03:10.019,2.04315,2.0437,7.40,4.80
2008.08.19 11:03:10.222,2.0433,2.0437,1.00,2.10
2008.08.19 11:03:12.341,2.0433,2.04365,1.00,2.70
2008.08.19 11:03:12.697,2.04315,2.04365,4.50,2.70
2008.08.19 11:03:12.809,2.04315,2.04365,3.20,2.70
2008.08.19 11:03:12.921,2.0433,2.04365,1.00,2.70
2008.08.19 11:03:13.033,2.0433,2.04365,1.00,4.80
2008.08.19 11:03:13.145,2.0433,2.04365,1.00,2.10
2008.08.19 11:03:15.216,2.0432,2.04365,1.70,2.10
2008.08.19 11:03:15.430,2.0432,2.04365,10.20,2.10
2008.08.19 11:03:15.532,2.0432,2.04365,4.80,2.10
2008.08.19 11:03:15.920,2.0432,2.04365,4.30,2.10
2008.08.19 11:03:16.249,2.04315,2.0436,1.30,2.70
2008.08.19 11:03:16.353,2.04315,2.0436,2.40,2.70
2008.08.19 11:03:16.470,2.0432,2.0436,1.00,4.80
2008.08.19 11:03:16.681,2.0432,2.0436,1.00,2.10
2008.08.19 11:03:16.889,2.0432,2.0436,1.00,4.80
2008.08.19 11:03:18.940,2.0432,2.0436,1.00,5.50
2008.08.19 11:03:19.065,2.04305,2.0436,4.90,5.50
2008.08.19 11:03:19.327,2.04305,2.04355,2.80,2.10
2008.08.19 11:03:19.586,2.04305,2.04355,2.80,2.80
2008.08.19 11:03:19.842,2.0431,2.04355,1.00,5.50
2008.08.19 11:03:21.014,2.0432,2.04355,1.00,5.50
2008.08.19 11:03:21.155,2.0432,2.04355,1.00,2.80
2008.08.19 11:03:21.221,2.0432,2.04355,1.00,2.10
2008.08.19 11:03:21.287,2.0431,2.04355,1.70,2.80
2008.08.19 11:03:21.545,2.0431,2.04355,1.00,5.50
2008.08.19 11:03:21.753,2.0431,2.04355,2.10,5.50
2008.08.19 11:03:21.881,2.0431,2.04355,1.00,5.50
2008.08.19 11:03:22.328,2.043,2.0435,3.90,2.10
2008.08.19 11:03:22.571,2.0431,2.0435,1.00,2.80
2008.08.19 11:03:22.814,2.0431,2.0435,1.00,2.10
2008.08.19 11:03:23.521,2.043,2.0434,2.10,3.20
2008.08.19 11:03:23.747,2.043,2.0434,1.00,2.70
2008.08.19 11:03:24.197,2.04295,2.0434,4.90,3.20
2008.08.19 11:03:24.525,2.04295,2.04345,3.20,3.30
2008.08.19 11:03:25.174,2.04295,2.04345,2.10,3.70
2008.08.19 11:03:25.865,2.0429,2.04345,2.10,5.90
2008.08.19 11:03:28.941,2.0429,2.04345,3.90,5.90
2008.08.19 11:03:29.952,2.0429,2.04345,5.20,5.90
2008.08.19 11:03:29.998,2.04295,2.04345,1.70,3.20
2008.08.19 11:03:30.042,2.04295,2.04345,2.80,2.10
2008.08.19 11:03:30.173,2.04295,2.04345,4.10,2.10
2008.08.19 11:03:30.437,2.04295,2.0435,6.30,7.00
2008.08.19 11:03:30.924,2.043,2.0435,1.70,7.00
2008.08.19 11:03:31.532,2.043,2.0435,1.70,4.30
2008.08.19 11:03:32.849,2.043,2.0435,1.70,2.10
2008.08.19 11:03:33.081,2.043,2.04345,1.70,1.00
2008.08.19 11:03:33.110,2.04295,2.04345,4.90,1.00
2008.08.19 11:03:33.225,2.04295,2.04345,4.90,2.20
2008.08.19 11:03:33.425,2.04295,2.0435,4.90,4.80
2008.08.19 11:03:33.563,2.043,2.0435,1.70,4.80
2008.08.19 11:03:33.903,2.043,2.04335,1.00,2.10
2008.08.19 11:03:34.241,2.0429,2.04335,1.70,2.10
2008.08.19 11:03:34.582,2.0429,2.04335,1.00,4.80
2008.08.19 11:03:34.651,2.043,2.04335,1.00,2.10
2008.08.19 11:03:34.848,2.043,2.0434,1.00,4.80
2008.08.19 11:03:34.913,2.043,2.04335,1.00,2.70
2008.08.19 11:03:34.977,2.043,2.0434,1.00,2.10
2008.08.19 11:03:35.366,2.043,2.0434,1.00,2.80
2008.08.19 11:03:35.561,2.04295,2.0434,2.80,2.80
2008.08.19 11:03:35.625,2.04295,2.0434,1.70,2.80
2008.08.19 11:03:35.969,2.04295,2.0434,2.80,2.10
2008.08.19 11:03:36.251,2.043,2.0434,1.00,4.80
2008.08.19 11:03:36.532,2.04295,2.0434,2.80,2.10
2008.08.19 11:03:36.762,2.04285,2.0434,5.10,2.80
2008.08.19 11:03:36.836,2.04285,2.0434,4.90,2.80
2008.08.19 11:03:37.020,2.04285,2.04335,4.90,1.00
2008.08.19 11:03:37.172,2.04285,2.04335,4.90,2.20
2008.08.19 11:03:37.249,2.0429,2.04335,2.10,2.20
2008.08.19 11:03:37.401,2.0429,2.0434,2.10,2.70
2008.08.19 11:03:39.229,2.0429,2.04335,2.10,1.00
2008.08.19 11:03:39.482,2.0429,2.04335,2.10,2.20
2008.08.19 11:03:40.004,2.0429,2.04335,2.10,1.00
2008.08.19 11:03:40.258,2.0429,2.04345,3.90,3.90
2008.08.19 11:03:41.182,2.0429,2.04345,3.90,6.60
2008.08.19 11:03:41.552,2.0429,2.04345,3.90,3.90
2008.08.19 11:03:42.940,2.0429,2.0434,1.70,2.10
2008.08.19 11:03:43.757,2.0429,2.04335,1.70,2.20
2008.08.19 11:03:44.537,2.04285,2.04335,3.20,2.20
2008.08.19 11:03:45.013,2.04285,2.0434,3.20,4.80
2008.08.19 11:03:45.446,2.0429,2.0434,1.70,2.10
2008.08.19 11:03:45.661,2.0429,2.04345,3.90,3.90
2008.08.19 11:03:45.878,2.043,2.04345,1.00,2.80
2008.08.19 11:03:46.002,2.0431,2.04345,1.00,2.80
2008.08.19 11:03:46.125,2.043,2.04345,1.00,2.80
2008.08.19 11:03:46.249,2.043,2.0434,1.00,2.70
2008.08.19 11:03:46.629,2.043,2.04345,1.00,2.80
2008.08.19 11:03:47.978,2.04295,2.04345,3.20,2.20
2008.08.19 11:03:49.630,2.043,2.04345,1.00,2.80
2008.08.19 11:03:51.517,2.0429,2.04345,3.90,3.90
2008.08.19 11:03:51.808,2.0429,2.04345,2.10,6.60
2008.08.19 11:03:52.040,2.04285,2.0434,4.90,2.10
2008.08.19 11:03:52.356,2.0429,2.0434,1.70,2.10
2008.08.19 11:03:54.309,2.04295,2.0434,2.40,2.10
2008.08.19 11:03:54.841,2.043,2.0434,1.70,2.10
2008.08.19 11:03:55.297,2.043,2.0434,1.00,2.10
2008.08.19 11:03:56.940,2.0431,2.0434,1.00,2.10
2008.08.19 11:03:57.746,2.0431,2.04335,1.00,2.10
2008.08.19 11:03:59.798,2.04275,2.04335,2.80,2.10
2008.08.19 11:03:59.936,2.0428,2.04335,4.30,2.10
2008.08.19 11:04:00.693,2.0429,2.04335,1.00,2.10
2008.08.19 11:04:02.603,2.04295,2.04335,2.40,2.10
2008.08.19 11:04:02.644,2.04295,2.0434,2.40,2.10
2008.08.19 11:04:02.762,2.0431,2.0434,1.00,2.10
2008.08.19 11:04:02.969,2.0431,2.0434,4.30,2.10
2008.08.19 11:04:03.509,2.0431,2.04345,1.00,2.10
2008.08.19 11:04:06.505,2.0431,2.04345,4.30,2.10
2008.08.19 11:04:06.600,2.0431,2.04345,1.00,2.10
2008.08.19 11:04:06.709,2.0431,2.04345,4.30,2.10
2008.08.19 11:04:07.373,2.0431,2.0435,4.30,2.10
2008.08.19 11:04:07.914,2.0431,2.0435,1.00,2.10
2008.08.19 11:04:09.072,2.0431,2.0435,1.00,4.80
2008.08.19 11:04:10.076,2.0431,2.04345,1.00,2.70
2008.08.19 11:04:13.262,2.04295,2.04345,4.50,2.70
2008.08.19 11:04:13.376,2.0431,2.04345,1.00,2.70
2008.08.19 11:04:14.233,2.0431,2.04335,1.00,2.70
2008.08.19 11:04:14.570,2.043,2.04335,1.00,2.70
2008.08.19 11:04:14.912,2.043,2.0433,1.00,2.70
2008.08.19 11:04:15.395,2.04295,2.0433,2.40,2.70
2008.08.19 11:04:15.492,2.043,2.04335,1.00,2.10
2008.08.19 11:04:15.781,2.0429,2.0433,1.70,1.70
2008.08.19 11:04:15.877,2.0429,2.0433,1.70,3.90
2008.08.19 11:04:15.973,2.0429,2.04325,1.70,1.00
2008.08.19 11:04:16.237,2.0429,2.0432,1.70,2.10
2008.08.19 11:04:16.489,2.04265,2.0432,1.70,2.10
2008.08.19 11:04:16.741,2.04265,2.0432,3.90,2.70
2008.08.19 11:04:16.995,2.0426,2.04315,3.20,2.70
2008.08.19 11:04:17.757,2.0427,2.04315,2.10,4.80
2008.08.19 11:04:18.061,2.0427,2.04305,2.10,2.70
2008.08.19 11:04:18.361,2.0427,2.0431,2.40,2.10
2008.08.19 11:04:18.657,2.0428,2.0431,1.00,2.10
2008.08.19 11:04:18.953,2.0428,2.0431,3.20,2.70
2008.08.19 11:04:19.922,2.04265,2.04315,2.80,2.10
2008.08.19 11:04:20.257,2.0427,2.04315,2.10,4.80
2008.08.19 11:04:20.695,2.04265,2.04315,2.80,2.10
2008.08.19 11:04:22.154,2.04265,2.0431,2.80,2.10
2008.08.19 11:04:22.980,2.04265,2.0431,3.90,2.10
2008.08.19 11:04:24.977,2.04265,2.04315,3.90,2.80
2008.08.19 11:04:25.029,2.0427,2.04315,1.00,5.50
2008.08.19 11:04:25.134,2.0427,2.0431,1.00,2.10
2008.08.19 11:04:25.264,2.04255,2.0431,6.00,2.10
2008.08.19 11:04:26.553,2.04255,2.0431,4.90,2.10
2008.08.19 11:04:26.870,2.04255,2.0431,2.80,2.10
2008.08.19 11:04:26.983,2.04255,2.04305,2.80,2.10
2008.08.19 11:04:27.037,2.04255,2.043,2.80,1.00
2008.08.19 11:04:27.093,2.04255,2.043,1.70,1.70
2008.08.19 11:04:27.205,2.0425,2.043,8.20,2.20
2008.08.19 11:04:27.461,2.0425,2.043,6.00,2.80
2008.08.19 11:04:27.560,2.0426,2.043,4.30,5.50
2008.08.19 11:04:28.160,2.0426,2.04295,4.30,2.70
2008.08.19 11:04:29.564,2.04245,2.04295,3.20,2.70
2008.08.19 11:04:30.174,2.0425,2.04295,12.90,4.80
2008.08.19 11:04:30.413,2.0425,2.04295,11.80,5.50
2008.08.19 11:04:30.541,2.0424,2.04295,12.50,6.60
2008.08.19 11:04:30.741,2.0424,2.04295,16.80,6.60
2008.08.19 11:04:30.869,2.0424,2.0429,15.70,2.10
2008.08.19 11:04:30.945,2.0424,2.0429,15.70,2.80
2008.08.19 11:04:31.013,2.0424,2.0429,10.30,2.80
2008.08.19 11:04:31.076,2.0424,2.0429,9.30,2.80
2008.08.19 11:04:31.205,2.0424,2.0429,7.10,2.80
2008.08.19 11:04:31.269,2.0424,2.0429,6.00,2.20
2008.08.19 11:04:31.333,2.0425,2.0429,3.20,3.30
2008.08.19 11:04:31.573,2.04245,2.0429,2.40,2.70
2008.08.19 11:04:31.820,2.0426,2.0429,4.30,2.70
2008.08.19 11:04:32.064,2.0425,2.04295,4.90,3.90
2008.08.19 11:04:32.305,2.0424,2.0429,9.30,1.70
2008.08.19 11:04:32.465,2.0424,2.0429,8.20,2.20
2008.08.19 11:04:32.625,2.04245,2.0429,2.10,2.20
2008.08.19 11:04:33.057,2.04245,2.04295,2.10,4.40
2008.08.19 11:04:35.007,2.0424,2.04295,8.20,6.60
2008.08.19 11:04:37.934,2.0424,2.04295,8.20,5.90
2008.08.19 11:04:38.033,2.04245,2.04295,2.10,3.70
2008.08.19 11:04:38.233,2.04245,2.04295,2.10,4.40
2008.08.19 11:04:38.333,2.04245,2.04295,3.90,1.70
2008.08.19 11:04:38.433,2.04245,2.0429,3.90,1.00
2008.08.19 11:04:39.843,2.04245,2.04295,3.90,1.70
2008.08.19 11:04:40.183,2.04245,2.0428,3.90,4.30
2008.08.19 11:04:40.341,2.04245,2.0428,2.10,4.30
2008.08.19 11:04:40.709,2.0424,2.0428,4.30,4.30
2008.08.19 11:04:41.712,2.0425,2.0428,2.10,4.30
2008.08.19 11:04:42.699,2.0424,2.0429,4.30,2.70
2008.08.19 11:04:43.029,2.0424,2.0429,6.40,2.70
2008.08.19 11:04:43.125,2.04255,2.043,1.00,2.80
2008.08.19 11:04:43.221,2.0425,2.043,2.40,2.10
2008.08.19 11:04:43.432,2.04265,2.0431,1.70,5.40
2008.08.19 11:04:43.529,2.04265,2.0431,1.70,2.10
2008.08.19 11:04:43.626,2.04255,2.0431,1.70,2.10
2008.08.19 11:04:44.349,2.0426,2.04315,3.90,5.90
2008.08.19 11:04:44.686,2.04265,2.04315,1.30,5.90
2008.08.19 11:04:45.024,2.0427,2.0432,2.10,2.70
2008.08.19 11:04:45.129,2.04275,2.0432,2.10,2.70
2008.08.19 11:04:45.285,2.04275,2.0432,3.90,1.00
2008.08.19 11:04:45.608,2.04275,2.0431,3.90,1.00
2008.08.19 11:04:45.661,2.0428,2.0431,2.10,2.20
2008.08.19 11:04:45.764,2.04275,2.0431,2.10,2.20
2008.08.19 11:04:45.817,2.04275,2.04315,2.10,3.70
2008.08.19 11:04:45.869,2.04275,2.04315,2.10,2.70
2008.08.19 11:04:46.467,2.0428,2.0432,2.10,2.70
2008.08.19 11:04:46.909,2.04275,2.04315,2.10,3.70
2008.08.19 11:04:47.993,2.04275,2.0432,3.20,3.30
2008.08.19 11:04:48.325,2.0428,2.0432,2.10,2.70
2008.08.19 11:04:48.560,2.0428,2.0433,2.10,4.80
2008.08.19 11:04:48.797,2.0428,2.04325,2.10,1.70
2008.08.19 11:04:49.033,2.04285,2.04325,4.50,2.70
2008.08.19 11:04:49.270,2.04285,2.0433,4.50,2.70
2008.08.19 11:04:49.622,2.0429,2.0434,3.90,2.10
2008.08.19 11:04:51.644,2.0429,2.0434,5.20,2.10
2008.08.19 11:04:51.724,2.0429,2.0434,3.10,2.10
2008.08.19 11:04:51.964,2.0429,2.0434,1.30,2.10
2008.08.19 11:04:52.286,2.0429,2.0434,2.10,2.10
2008.08.19 11:04:52.369,2.04295,2.0434,1.70,2.10
2008.08.19 11:04:52.668,2.04295,2.0434,1.70,2.80
2008.08.19 11:04:53.261,2.043,2.0434,1.00,2.10
2008.08.19 11:04:53.561,2.043,2.04345,1.00,5.50
2008.08.19 11:04:53.897,2.043,2.04345,1.70,2.10
2008.08.19 11:04:57.651,2.043,2.0434,1.70,1.00
2008.08.19 11:04:57.765,2.043,2.0434,1.70,2.20
2008.08.19 11:04:57.850,2.0429,2.0434,2.10,2.20
2008.08.19 11:04:58.455,2.04285,2.0433,3.90,1.00
2008.08.19 11:04:58.540,2.04285,2.04335,3.90,1.70
2008.08.19 11:04:59.056,2.04285,2.0434,4.90,5.50
2008.08.19 11:05:00.068,2.04285,2.04335,3.90,1.70
2008.08.19 11:05:00.148,2.04285,2.04335,2.10,4.40
2008.08.19 11:05:01.201,2.04285,2.04335,3.20,3.30
2008.08.19 11:05:01.265,2.04285,2.04335,3.20,5.50
2008.08.19 11:05:01.345,2.0428,2.0433,2.10,2.70
2008.08.19 11:05:01.473,2.0428,2.04325,2.10,2.20
2008.08.19 11:05:01.536,2.0428,2.0433,2.10,2.70
2008.08.19 11:05:01.664,2.0428,2.0433,2.10,3.30
2008.08.19 11:05:01.868,2.0428,2.0433,3.90,2.20
2008.08.19 11:05:02.062,2.0428,2.0433,3.90,1.70
2008.08.19 11:05:02.199,2.0428,2.04335,3.90,6.60
2008.08.19 11:05:02.771,2.04285,2.04335,2.10,4.40
2008.08.19 11:05:02.936,2.04285,2.04335,3.90,1.70
2008.08.19 11:05:04.697,2.04285,2.04335,2.10,4.40
2008.08.19 11:05:04.924,2.0428,2.04335,3.90,5.90
2008.08.19 11:05:05.092,2.0429,2.04335,1.00,4.80
2008.08.19 11:05:05.258,2.04285,2.0434,4.90,5.50
2008.08.19 11:05:05.424,2.0429,2.0434,1.70,2.80
2008.08.19 11:05:05.833,2.0429,2.0434,1.70,2.10
2008.08.19 11:05:06.219,2.0429,2.04335,1.70,1.00
2008.08.19 11:05:06.301,2.0429,2.04335,1.70,2.20
2008.08.19 11:05:06.542,2.0429,2.04335,1.70,2.80
2008.08.19 11:05:06.704,2.04285,2.04335,4.90,2.80
2008.08.19 11:05:06.916,2.04285,2.04335,3.20,5.50
2008.08.19 11:05:07.048,2.0429,2.04335,1.00,5.50
2008.08.19 11:05:12.135,2.0429,2.0432,1.00,1.00
2008.08.19 11:05:12.330,2.0429,2.0432,1.00,2.20
2008.08.19 11:05:12.379,2.04275,2.0432,2.10,2.20
2008.08.19 11:05:12.470,2.04275,2.0432,2.10,1.60
2008.08.19 11:05:12.557,2.04275,2.0432,3.20,1.60
2008.08.19 11:05:12.600,2.04275,2.04325,3.20,2.20
2008.08.19 11:05:12.776,2.0428,2.04325,1.00,2.20
2008.08.19 11:05:12.835,2.0428,2.04325,1.00,1.00
2008.08.19 11:05:13.019,2.0428,2.04325,1.00,2.20
2008.08.19 11:05:13.207,2.04275,2.0432,3.20,2.20
2008.08.19 11:05:13.633,2.04275,2.04325,4.90,2.20
2008.08.19 11:05:13.969,2.04275,2.04325,3.90,1.70
2008.08.19 11:05:14.938,2.04275,2.0432,3.90,1.70
2008.08.19 11:05:15.238,2.0428,2.0432,2.10,2.20
2008.08.19 11:05:15.534,2.0428,2.0433,2.10,3.30
2008.08.19 11:05:15.829,2.0428,2.04325,2.10,2.20
2008.08.19 11:05:15.937,2.0428,2.04325,3.90,2.20
2008.08.19 11:05:16.980,2.0428,2.04335,3.90,10.30
2008.08.19 11:05:17.036,2.0428,2.04335,3.90,8.70
2008.08.19 11:05:17.089,2.0428,2.04335,3.90,6.60
2008.08.19 11:05:18.685,2.0428,2.0432,3.90,1.60
2008.08.19 11:05:18.825,2.0428,2.0432,1.70,2.20
2008.08.19 11:05:19.102,2.04275,2.0432,2.10,3.30
2008.08.19 11:05:19.437,2.0427,2.0432,2.10,3.30
2008.08.19 11:05:20.110,2.0427,2.0431,2.10,2.70
2008.08.19 11:05:20.362,2.0427,2.04315,2.10,3.70
2008.08.19 11:05:20.864,2.0427,2.0431,2.10,2.70
2008.08.19 11:05:21.033,2.0427,2.04315,2.10,3.70
2008.08.19 11:05:21.763,2.0427,2.04305,2.10,1.00
2008.08.19 11:05:21.924,2.0427,2.04305,2.10,1.70
2008.08.19 11:05:22.086,2.04265,2.043,2.10,2.70
2008.08.19 11:05:22.212,2.04265,2.04315,2.10,7.90
2008.08.19 11:05:22.336,2.04265,2.04305,3.20,2.10
2008.08.19 11:05:22.461,2.0427,2.04305,2.10,2.10
2008.08.19 11:05:22.588,2.0427,2.0432,2.10,2.70
2008.08.19 11:05:25.557,2.04275,2.0432,3.20,2.70
2008.08.19 11:05:25.675,2.04275,2.0433,4.90,5.50
2008.08.19 11:05:30.505,2.04275,2.04325,3.20,2.70
2008.08.19 11:05:30.993,2.04275,2.04325,2.10,3.70
2008.08.19 11:05:32.925,2.0429,2.04325,1.00,2.70
2008.08.19 11:05:33.225,2.04285,2.0433,1.70,2.80
2008.08.19 11:05:33.325,2.04285,2.0433,3.10,2.10
2008.08.19 11:05:33.526,2.04285,2.0433,1.70,2.80
2008.08.19 11:05:33.628,2.04285,2.04325,1.70,2.20
2008.08.19 11:05:33.965,2.0428,2.0433,1.70,2.80
2008.08.19 11:05:34.300,2.04275,2.04325,4.90,2.70
2008.08.19 11:05:34.637,2.04275,2.04325,4.90,3.30
2008.08.19 11:05:35.062,2.04275,2.04325,4.90,2.70
2008.08.19 11:05:35.272,2.04275,2.04325,4.90,3.30
2008.08.19 11:05:35.485,2.04275,2.04325,4.90,2.20
2008.08.19 11:05:36.089,2.04275,2.04315,4.90,1.00
2008.08.19 11:05:36.210,2.04275,2.04315,4.90,2.20
2008.08.19 11:05:36.273,2.04275,2.04325,3.90,5.50
2008.08.19 11:05:36.333,2.04275,2.04315,2.10,2.70
2008.08.19 11:05:36.452,2.04275,2.0432,2.10,2.70
2008.08.19 11:05:36.572,2.0427,2.0432,2.10,4.80
2008.08.19 11:05:36.693,2.0427,2.0432,3.90,2.10
2008.08.19 11:05:37.179,2.04275,2.0432,1.70,2.10
2008.08.19 11:05:37.462,2.04275,2.0433,4.90,4.80
2008.08.19 11:05:37.745,2.0428,2.0433,1.70,2.10
2008.08.19 11:05:37.884,2.0428,2.04335,3.90,6.60
2008.08.19 11:05:38.225,2.04285,2.04335,2.40,4.80
2008.08.19 11:05:38.364,2.0429,2.04335,1.70,2.10
2008.08.19 11:05:39.598,2.0429,2.0433,1.70,1.00
2008.08.19 11:05:39.933,2.0428,2.0433,2.10,3.30
2008.08.19 11:05:40.263,2.04275,2.04325,2.80,2.10
2008.08.19 11:05:45.257,2.0429,2.04325,3.20,2.10
2008.08.19 11:05:45.696,2.0429,2.0433,3.20,5.50
2008.08.19 11:05:45.960,2.04275,2.0432,3.90,4.30
2008.08.19 11:05:46.218,2.04275,2.04325,2.10,3.70
2008.08.19 11:05:47.457,2.04275,2.04325,3.20,2.70
2008.08.19 11:05:47.785,2.0428,2.0433,1.70,2.10
2008.08.19 11:05:47.984,2.0428,2.04335,3.90,5.90
2008.08.19 11:05:48.904,2.04285,2.04335,2.10,3.70
2008.08.19 11:05:49.241,2.04285,2.04335,4.50,2.70
2008.08.19 11:05:49.576,2.0429,2.04345,3.90,5.90
2008.08.19 11:05:49.812,2.04295,2.04345,2.10,3.70
2008.08.19 11:05:50.537,2.043,2.04345,2.10,3.70
2008.08.19 11:05:51.080,2.043,2.04345,3.50,3.70
2008.08.19 11:05:51.234,2.0431,2.04345,2.10,2.70
2008.08.19 11:05:51.324,2.0431,2.0435,1.30,2.70
2008.08.19 11:05:51.476,2.0431,2.04355,3.10,2.10
2008.08.19 11:05:51.832,2.0432,2.04365,2.10,3.70
2008.08.19 11:05:52.252,2.0432,2.0436,2.10,1.00
2008.08.19 11:05:52.781,2.04325,2.0436,2.10,1.00
2008.08.19 11:05:53.501,2.04325,2.04375,2.10,5.50
2008.08.19 11:05:53.980,2.04325,2.04375,2.10,2.80
2008.08.19 11:05:55.076,2.04325,2.0437,2.10,2.80
2008.08.19 11:05:55.288,2.0433,2.04375,1.70,2.80
2008.08.19 11:05:55.502,2.0433,2.0437,3.90,1.00
2008.08.19 11:05:55.713,2.0433,2.0437,3.90,2.20
2008.08.19 11:05:55.813,2.0433,2.0437,2.10,2.20
2008.08.19 11:05:56.012,2.04325,2.0437,2.10,2.20
2008.08.19 11:05:56.926,2.04325,2.0437,2.10,1.00
2008.08.19 11:05:57.045,2.04325,2.04375,2.10,2.20
2008.08.19 11:05:57.393,2.0433,2.04375,2.10,2.20
2008.08.19 11:05:57.509,2.0433,2.04375,3.90,2.20
2008.08.19 11:05:57.624,2.0433,2.0437,3.90,2.20
2008.08.19 11:05:57.741,2.0433,2.0437,2.10,2.20
2008.08.19 11:05:57.964,2.04325,2.0437,3.20,2.20
2008.08.19 11:05:58.412,2.04325,2.0437,3.20,1.60
2008.08.19 11:05:58.748,2.0433,2.0437,1.70,2.20
2008.08.19 11:05:59.085,2.0433,2.0437,3.90,2.20
2008.08.19 11:05:59.759,2.0433,2.04375,3.90,2.20
2008.08.19 11:06:00.065,2.0433,2.0438,2.10,7.10
2008.08.19 11:06:00.217,2.0433,2.0438,2.10,4.80
2008.08.19 11:06:00.369,2.0433,2.0438,1.70,2.10
2008.08.19 11:06:00.520,2.0434,2.0438,1.70,2.10
2008.08.19 11:06:01.101,2.04345,2.0438,1.70,2.10
2008.08.19 11:06:01.451,2.04345,2.04385,1.70,3.20
2008.08.19 11:06:02.013,2.04345,2.04385,1.70,2.10
2008.08.19 11:06:02.112,2.0434,2.0439,1.70,2.80
2008.08.19 11:06:02.213,2.0434,2.0439,1.70,2.10
2008.08.19 11:06:02.414,2.0434,2.04385,1.70,1.00
2008.08.19 11:06:02.524,2.0434,2.0438,1.70,2.10
2008.08.19 11:06:02.824,2.04335,2.0438,4.90,2.10
2008.08.19 11:06:03.242,2.04335,2.04385,4.90,2.20
2008.08.19 11:06:04.084,2.04335,2.0439,6.30,4.80
2008.08.19 11:06:04.538,2.0434,2.0439,1.70,2.10
2008.08.19 11:06:04.876,2.0435,2.0439,1.00,2.10
2008.08.19 11:06:05.212,2.04345,2.0439,1.80,2.80
2008.08.19 11:06:05.420,2.04345,2.0439,1.80,2.10
2008.08.19 11:06:05.524,2.04345,2.0439,1.70,2.10
2008.08.19 11:06:05.940,2.0435,2.0439,1.70,2.10
2008.08.19 11:06:06.389,2.04345,2.0439,1.80,2.10
2008.08.19 11:06:06.525,2.04345,2.0439,1.70,2.10
2008.08.19 11:06:07.069,2.04345,2.04395,1.70,2.10
2008.08.19 11:06:07.678,2.04345,2.04395,1.70,3.20
2008.08.19 11:06:07.788,2.04345,2.0439,1.70,2.10
2008.08.19 11:06:07.900,2.0435,2.0439,1.00,2.10
2008.08.19 11:06:08.425,2.0435,2.04395,1.00,4.80
2008.08.19 11:06:08.562,2.04345,2.04395,2.80,2.10
2008.08.19 11:06:10.129,2.0434,2.0438,1.00,3.90
2008.08.19 11:06:10.464,2.0433,2.0438,3.90,3.90
2008.08.19 11:06:10.676,2.0433,2.0438,1.70,2.80
2008.08.19 11:06:11.256,2.0433,2.0438,1.70,2.10
2008.08.19 11:06:11.795,2.04325,2.04375,2.80,2.80
2008.08.19 11:06:12.225,2.0433,2.04375,1.00,2.80
2008.08.19 11:06:12.657,2.0433,2.0437,1.00,2.80
2008.08.19 11:06:12.717,2.0432,2.0436,3.90,1.00
2008.08.19 11:06:12.777,2.0432,2.0436,2.10,1.00
2008.08.19 11:06:13.880,2.04315,2.0436,2.10,1.00
2008.08.19 11:06:14.460,2.0431,2.04365,6.30,3.20
2008.08.19 11:06:14.770,2.04315,2.04365,3.90,2.10
2008.08.19 11:06:15.114,2.04315,2.04365,6.00,2.10
2008.08.19 11:06:15.457,2.0433,2.04365,1.00,2.10
2008.08.19 11:06:15.641,2.0432,2.04365,2.80,2.10
2008.08.19 11:06:18.748,2.0433,2.04365,1.00,2.10
2008.08.19 11:06:18.995,2.04315,2.04365,3.90,2.10
2008.08.19 11:06:20.084,2.04315,2.04365,2.80,2.10
2008.08.19 11:06:20.762,2.0432,2.04365,1.70,2.10
2008.08.19 11:06:20.993,2.0432,2.04365,1.70,2.80
2008.08.19 11:06:21.441,2.0432,2.0436,1.00,2.10
2008.08.19 11:06:22.953,2.0431,2.0436,3.90,2.10
2008.08.19 11:06:23.208,2.0431,2.0436,3.90,2.80
2008.08.19 11:06:23.636,2.0431,2.0436,3.90,2.20
2008.08.19 11:06:25.959,2.0431,2.04355,3.90,1.60
2008.08.19 11:06:26.285,2.0431,2.04355,3.90,2.20
2008.08.19 11:06:28.056,2.0431,2.04355,4.90,2.20
2008.08.19 11:06:28.598,2.0431,2.04355,2.80,2.20
2008.08.19 11:06:28.952,2.0431,2.0436,2.80,2.10
2008.08.19 11:06:29.313,2.0432,2.0436,1.00,4.80
2008.08.19 11:06:29.912,2.0432,2.0436,1.00,5.50
2008.08.19 11:06:33.526,2.04305,2.0436,6.00,5.50
2008.08.19 11:06:33.540,2.04305,2.0436,3.90,5.50
2008.08.19 11:06:33.618,2.04305,2.0435,2.80,1.00
2008.08.19 11:06:33.647,2.04305,2.04355,2.80,3.20
2008.08.19 11:06:33.887,2.04305,2.04355,2.80,3.90
2008.08.19 11:06:34.832,2.04305,2.04355,1.70,3.90
2008.08.19 11:06:35.169,2.04305,2.04355,1.70,3.20
2008.08.19 11:06:36.027,2.04305,2.04355,1.70,3.90
2008.08.19 11:06:36.686,2.04305,2.0435,1.70,1.70
2008.08.19 11:06:36.885,2.04305,2.0435,1.70,2.80
2008.08.19 11:06:37.085,2.043,2.0435,2.80,2.80
2008.08.19 11:06:39.552,2.04315,2.0435,1.00,2.80
2008.08.19 11:06:39.756,2.04315,2.0435,1.00,2.10
2008.08.19 11:06:40.759,2.04305,2.0435,3.90,2.10
2008.08.19 11:06:45.856,2.0432,2.04355,1.00,2.10
2008.08.19 11:06:46.505,2.0431,2.04355,2.80,2.10
2008.08.19 11:06:48.353,2.0431,2.04355,1.70,2.10
2008.08.19 11:06:48.432,2.04305,2.04355,3.90,2.10
2008.08.19 11:06:48.466,2.04305,2.0435,3.90,2.10
2008.08.19 11:06:49.342,2.04305,2.04355,3.90,2.10
2008.08.19 11:06:50.192,2.04305,2.04355,3.90,2.80
2008.08.19 11:06:50.645,2.04305,2.04355,5.20,2.10
2008.08.19 11:06:50.797,2.04305,2.0436,7.50,4.80
2008.08.19 11:06:50.949,2.0431,2.0436,1.70,2.10
2008.08.19 11:06:51.323,2.0431,2.0436,3.90,2.10
2008.08.19 11:06:51.477,2.04325,2.04365,1.00,3.20
2008.08.19 11:06:52.365,2.0433,2.04365,1.00,3.20
2008.08.19 11:06:52.572,2.0432,2.04365,2.80,3.20
2008.08.19 11:06:53.122,2.0432,2.04365,1.70,3.20
2008.08.19 11:06:53.197,2.0432,2.04365,1.70,2.10
2008.08.19 11:06:53.388,2.04315,2.04365,3.90,2.10
2008.08.19 11:06:54.976,2.04315,2.04365,2.80,2.10
2008.08.19 11:06:55.856,2.04315,2.04355,2.80,2.10
2008.08.19 11:06:56.032,2.04315,2.04355,1.70,2.10
2008.08.19 11:06:56.413,2.0431,2.0436,5.20,2.10
2008.08.19 11:06:57.609,2.0431,2.0436,6.30,2.10
2008.08.19 11:06:58.900,2.0431,2.0436,4.90,2.10
2008.08.19 11:06:59.517,2.0431,2.0436,6.30,2.10
2008.08.19 11:07:04.370,2.0431,2.04365,6.30,3.20
2008.08.19 11:07:09.806,2.0431,2.0436,4.50,2.70
2008.08.19 11:07:10.013,2.0431,2.0436,2.10,2.70
2008.08.19 11:07:10.217,2.04315,2.04365,1.70,3.20
2008.08.19 11:07:13.439,2.04315,2.04365,1.70,3.90
2008.08.19 11:07:13.481,2.04315,2.0435,1.70,1.00
2008.08.19 11:07:13.600,2.0431,2.0435,5.40,1.00
2008.08.19 11:07:14.687,2.0431,2.0435,7.00,1.00
2008.08.19 11:07:14.984,2.0432,2.0436,1.30,2.70
2008.08.19 11:07:15.281,2.0432,2.04365,3.10,2.10
2008.08.19 11:07:17.629,2.0432,2.0437,3.10,2.10
2008.08.19 11:07:27.540,2.0432,2.0437,4.10,2.10
2008.08.19 11:07:28.342,2.0432,2.04375,6.30,3.20
2008.08.19 11:07:30.096,2.04325,2.04375,2.10,3.20
2008.08.19 11:07:30.364,2.0434,2.0438,1.30,2.10
2008.08.19 11:07:32.201,2.0434,2.04385,1.30,5.90
2008.08.19 11:07:32.242,2.0434,2.04385,1.30,4.80
2008.08.19 11:07:32.443,2.0434,2.04385,1.30,5.90
2008.08.19 11:07:33.873,2.0434,2.04385,1.30,4.80
2008.08.19 11:07:34.028,2.0434,2.04385,3.10,2.10
2008.08.19 11:07:34.228,2.0434,2.04385,3.10,3.20
2008.08.19 11:07:34.628,2.0434,2.04385,1.30,5.90
2008.08.19 11:07:37.572,2.0433,2.04385,7.00,5.90
2008.08.19 11:07:37.721,2.0433,2.04385,5.20,5.90
2008.08.19 11:07:42.916,2.0433,2.0438,3.10,2.10
2008.08.19 11:07:43.115,2.0433,2.0438,1.30,4.80
2008.08.19 11:07:43.142,2.04325,2.0438,4.70,4.80
2008.08.19 11:07:43.208,2.04325,2.0438,4.50,4.80
2008.08.19 11:07:43.341,2.0433,2.0438,1.70,2.10
2008.08.19 11:07:43.584,2.0433,2.0438,3.10,2.10
2008.08.19 11:07:43.876,2.0433,2.04375,1.30,3.70
2008.08.19 11:07:44.137,2.04325,2.04375,2.10,3.70
2008.08.19 11:07:44.396,2.04325,2.0437,2.10,1.00
2008.08.19 11:07:44.670,2.04325,2.0438,3.20,4.80
2008.08.19 11:07:44.962,2.04325,2.0438,3.20,4.80
2008.08.19 11:07:45.252,2.0433,2.0438,1.30,4.80
2008.08.19 11:07:45.541,2.0434,2.0438,1.30,2.10
2008.08.19 11:07:45.918,2.0434,2.0438,3.10,2.10
2008.08.19 11:07:46.257,2.0434,2.04385,3.10,2.10
2008.08.19 11:07:47.726,2.0434,2.04385,1.70,2.10
2008.08.19 11:07:48.210,2.04335,2.04385,2.80,2.10
2008.08.19 11:07:50.132,2.04335,2.04385,3.90,2.10
2008.08.19 11:07:50.315,2.04335,2.04385,1.70,3.20
2008.08.19 11:07:50.525,2.0433,2.04385,5.20,5.90
2008.08.19 11:07:50.732,2.0434,2.04385,2.10,3.70
2008.08.19 11:07:50.953,2.0434,2.0438,2.10,2.70
2008.08.19 11:07:51.368,2.04345,2.04385,1.30,3.70
2008.08.19 11:07:51.556,2.04345,2.04395,1.30,8.10
2008.08.19 11:07:51.744,2.04345,2.04395,1.30,5.90
2008.08.19 11:07:54.116,2.04345,2.0439,2.10,3.30
2008.08.19 11:07:54.364,2.04345,2.0439,3.20,3.30
2008.08.19 11:07:54.489,2.04345,2.0439,4.90,1.00
2008.08.19 11:07:54.830,2.0435,2.0439,2.10,3.30
2008.08.19 11:07:55.172,2.0435,2.0439,3.90,3.90
2008.08.19 11:07:55.512,2.0435,2.044,3.90,5.40
2008.08.19 11:07:55.776,2.0435,2.044,3.90,6.00
2008.08.19 11:07:56.041,2.04355,2.044,2.40,5.40
2008.08.19 11:07:56.305,2.04355,2.0439,2.40,3.20
2008.08.19 11:07:56.765,2.0436,2.0439,1.70,3.20
2008.08.19 11:07:56.961,2.0436,2.04415,1.70,2.10
2008.08.19 11:07:57.744,2.0436,2.0442,7.10,5.90
2008.08.19 11:07:58.136,2.0436,2.04415,5.40,5.90
2008.08.19 11:07:58.332,2.0436,2.04415,5.40,6.60
2008.08.19 11:07:58.528,2.0437,2.0441,3.20,2.10
2008.08.19 11:07:59.092,2.0436,2.0441,4.90,2.10
2008.08.19 11:07:59.301,2.0436,2.04405,4.90,1.00
2008.08.19 11:07:59.486,2.0436,2.04405,1.00,6.60
2008.08.19 11:07:59.668,2.0437,2.04405,3.20,4.80
2008.08.19 11:07:59.992,2.0436,2.04405,1.00,4.80
2008.08.19 11:08:00.325,2.04355,2.04405,2.80,2.10
2008.08.19 11:08:00.652,2.0437,2.0439,3.20,1.00
2008.08.19 11:08:00.756,2.0436,2.0439,4.90,1.00
2008.08.19 11:08:00.860,2.0436,2.0439,1.70,4.30
2008.08.19 11:08:01.276,2.0436,2.044,1.00,6.00
2008.08.19 11:08:01.380,2.0436,2.044,1.00,5.40
2008.08.19 11:08:01.484,2.0435,2.044,3.90,5.40
2008.08.19 11:08:01.692,2.0435,2.0439,3.90,1.00
2008.08.19 11:08:01.937,2.04355,2.0439,1.30,1.00
2008.08.19 11:08:02.180,2.04355,2.044,1.30,2.10
2008.08.19 11:08:02.425,2.04355,2.0439,2.40,3.20
2008.08.19 11:08:02.868,2.04355,2.0439,1.30,4.30
2008.08.19 11:08:03.069,2.0435,2.04395,1.70,1.70
2008.08.19 11:08:03.469,2.0436,2.044,1.70,2.10
2008.08.19 11:08:03.672,2.0437,2.04395,3.20,1.70
2008.08.19 11:08:04.007,2.0437,2.044,3.20,2.10
2008.08.19 11:08:04.339,2.04335,2.0439,5.20,1.00
2008.08.19 11:08:04.669,2.0434,2.04395,2.10,1.70
2008.08.19 11:08:04.916,2.04335,2.04395,1.70,1.70
2008.08.19 11:08:05.164,2.04335,2.04395,1.70,3.90
2008.08.19 11:08:05.413,2.04345,2.0438,1.70,1.00
2008.08.19 11:08:06.839,2.0434,2.0438,2.10,1.00
2008.08.19 11:08:07.000,2.0434,2.0438,3.90,1.00
2008.08.19 11:08:11.788,2.0434,2.0438,2.10,1.00
2008.08.19 11:08:12.789,2.04335,2.0438,3.90,1.00
2008.08.19 11:08:13.161,2.04335,2.0438,3.90,6.40
2008.08.19 11:08:13.518,2.04335,2.04385,3.90,1.70
2008.08.19 11:08:13.768,2.04335,2.0437,1.70,1.00
2008.08.19 11:08:14.008,2.0434,2.0438,2.10,6.40
2008.08.19 11:08:14.248,2.0433,2.0437,2.10,1.00
2008.08.19 11:08:14.728,2.0433,2.0438,2.10,2.70
2008.08.19 11:08:14.972,2.04335,2.04385,1.70,3.20
2008.08.19 11:08:15.215,2.04335,2.0438,3.90,6.40
2008.08.19 11:08:15.705,2.04335,2.0438,3.90,6.00
2008.08.19 11:08:15.949,2.04335,2.04375,2.10,1.70
2008.08.19 11:08:16.181,2.04335,2.04375,2.10,2.20
2008.08.19 11:08:16.257,2.0434,2.04375,2.10,1.00
2008.08.19 11:08:16.712,2.0434,2.0438,2.10,2.20
2008.08.19 11:08:17.676,2.0434,2.04375,2.10,1.00
2008.08.19 11:08:17.772,2.04335,2.04375,2.10,1.70
2008.08.19 11:08:17.945,2.0435,2.04385,1.00,8.60
2008.08.19 11:08:18.096,2.0435,2.04385,1.00,7.00
2008.08.19 11:08:18.172,2.0435,2.0438,1.00,2.70
2008.08.19 11:08:18.248,2.04335,2.0438,3.20,2.70
2008.08.19 11:08:18.478,2.04335,2.0437,2.10,1.00
2008.08.19 11:08:18.628,2.04335,2.04375,2.10,1.70
2008.08.19 11:08:18.932,2.04335,2.0437,2.10,1.00
2008.08.19 11:08:19.612,2.04335,2.04385,2.10,6.60
2008.08.19 11:08:19.965,2.04335,2.0437,2.10,1.00
2008.08.19 11:08:23.188,2.04335,2.0438,2.10,2.20
2008.08.19 11:08:23.728,2.04335,2.0438,2.10,3.90
2008.08.19 11:08:24.364,2.04335,2.04385,2.10,6.60
2008.08.19 11:08:24.584,2.0434,2.0438,1.70,3.90
2008.08.19 11:08:25.244,2.04335,2.0438,2.10,3.90
2008.08.19 11:08:25.480,2.04335,2.04385,2.10,6.60
2008.08.19 11:08:26.189,2.04335,2.04385,3.90,3.90
2008.08.19 11:08:26.430,2.04335,2.04385,3.90,1.70
2008.08.19 11:08:27.517,2.0434,2.0439,1.70,2.10
2008.08.19 11:08:28.289,2.0434,2.0439,3.90,2.10
2008.08.19 11:08:30.114,2.04335,2.04385,3.90,1.70
2008.08.19 11:08:33.040,2.04335,2.04385,2.10,4.40
2008.08.19 11:08:33.501,2.04335,2.04385,3.50,3.70
2008.08.19 11:08:33.588,2.04335,2.04385,2.10,3.70
2008.08.19 11:08:33.645,2.04335,2.04385,3.20,2.70
2008.08.19 11:08:33.705,2.0435,2.04385,2.10,2.70
2008.08.19 11:08:33.915,2.0435,2.0439,2.10,4.80
2008.08.19 11:08:34.121,2.0434,2.0439,3.90,2.10
2008.08.19 11:08:35.283,2.0434,2.04385,3.90,1.00
2008.08.19 11:08:35.452,2.04335,2.04385,3.90,1.70
2008.08.19 11:08:36.061,2.0434,2.0439,1.70,2.10
2008.08.19 11:08:37.457,2.0434,2.0439,3.10,2.10
2008.08.19 11:08:37.520,2.0435,2.04395,1.00,4.80
2008.08.19 11:08:37.612,2.0435,2.04395,6.40,4.80
2008.08.19 11:08:38.038,2.04345,2.04395,2.80,2.10
2008.08.19 11:08:38.455,2.04345,2.04395,4.10,2.10
2008.08.19 11:08:38.486,2.04345,2.04395,6.30,2.10
2008.08.19 11:08:38.600,2.0435,2.044,1.70,2.80
2008.08.19 11:08:38.678,2.0435,2.04395,1.70,1.00
2008.08.19 11:08:38.904,2.0435,2.04395,1.70,2.20
2008.08.19 11:08:39.132,2.04345,2.04395,4.90,2.20
2008.08.19 11:08:39.244,2.04345,2.04395,2.80,2.80
2008.08.19 11:08:42.315,2.04345,2.04395,2.80,2.10
2008.08.19 11:08:42.452,2.0436,2.04395,5.40,2.10
2008.08.19 11:08:42.521,2.04355,2.04395,7.10,2.10
2008.08.19 11:08:42.976,2.04355,2.044,7.10,2.10
2008.08.19 11:08:43.100,2.04365,2.044,1.70,2.10
2008.08.19 11:08:43.481,2.04365,2.04405,1.70,2.10
2008.08.19 11:08:44.528,2.0436,2.04405,1.70,2.10
2008.08.19 11:08:49.776,2.0436,2.04405,1.70,3.20
2008.08.19 11:08:49.960,2.04355,2.04405,3.90,3.20
2008.08.19 11:08:50.144,2.04355,2.044,1.70,2.10
2008.08.19 11:08:51.044,2.0435,2.044,4.90,2.10
2008.08.19 11:08:51.201,2.0435,2.044,7.10,2.10
2008.08.19 11:08:51.357,2.04355,2.044,1.70,2.10
2008.08.19 11:08:52.321,2.0436,2.044,1.70,2.10
2008.08.19 11:08:54.186,2.0436,2.04405,1.70,2.10
2008.08.19 11:08:54.630,2.0436,2.044,1.70,2.10
2008.08.19 11:08:55.104,2.04355,2.044,1.70,2.10
2008.08.19 11:08:55.785,2.04355,2.04405,4.10,2.10
2008.08.19 11:08:55.963,2.04355,2.04405,6.30,2.10
2008.08.19 11:08:56.084,2.0437,2.04405,2.10,2.10
2008.08.19 11:08:56.342,2.04365,2.04405,1.70,2.10
2008.08.19 11:08:57.492,2.04365,2.0441,2.80,2.10
2008.08.19 11:08:57.875,2.04365,2.0442,4.90,4.80
2008.08.19 11:08:58.785,2.0437,2.0442,1.70,2.10
2008.08.19 11:09:00.044,2.0437,2.04425,3.90,5.90
2008.08.19 11:09:03.218,2.04375,2.04425,1.30,5.90
2008.08.19 11:09:03.460,2.04375,2.0442,3.90,1.00
2008.08.19 11:09:03.700,2.04375,2.0442,3.90,4.30
2008.08.19 11:09:03.820,2.04375,2.0442,5.20,4.30
2008.08.19 11:09:05.729,2.04375,2.0442,3.90,4.30
2008.08.19 11:09:07.287,2.04375,2.0442,3.90,1.00
2008.08.19 11:09:07.848,2.0438,2.0442,2.10,1.00
2008.08.19 11:09:07.934,2.0438,2.0443,2.10,4.80
2008.08.19 11:09:08.104,2.0438,2.0443,2.10,2.70
2008.08.19 11:09:09.380,2.0438,2.04435,3.90,5.90
2008.08.19 11:09:09.621,2.0438,2.04435,5.20,5.90
2008.08.19 11:09:09.979,2.04385,2.04435,1.70,3.20
2008.08.19 11:09:10.765,2.04385,2.04435,2.80,2.10
2008.08.19 11:09:11.689,2.0439,2.0443,1.00,2.70
2008.08.19 11:09:15.163,2.04375,2.0442,1.80,2.10
2008.08.19 11:09:15.421,2.04365,2.04415,3.20,2.70
2008.08.19 11:09:15.680,2.0437,2.0441,1.00,2.80
2008.08.19 11:09:15.888,2.0437,2.0441,1.00,5.50
2008.08.19 11:09:16.304,2.0437,2.04405,1.00,2.70
2008.08.19 11:09:17.612,2.0437,2.04405,1.00,4.80
2008.08.19 11:09:17.707,2.0436,2.04405,5.40,4.80
2008.08.19 11:09:17.880,2.0436,2.04405,1.30,4.80
2008.08.19 11:09:17.956,2.0437,2.04405,1.00,4.80
2008.08.19 11:09:18.049,2.0437,2.04405,1.00,2.10
2008.08.19 11:09:18.123,2.0436,2.04405,3.10,2.10
2008.08.19 11:09:18.200,2.0436,2.04405,1.70,2.10
2008.08.19 11:09:18.276,2.0436,2.044,1.70,2.10
2008.08.19 11:09:18.657,2.0436,2.04405,1.70,2.10
2008.08.19 11:09:19.012,2.0436,2.044,1.00,2.70
2008.08.19 11:09:19.624,2.0435,2.044,2.10,2.70
2008.08.19 11:09:21.165,2.04355,2.044,1.30,2.70
2008.08.19 11:09:21.260,2.0437,2.044,3.20,2.70
2008.08.19 11:09:21.403,2.0437,2.04405,3.20,3.20
2008.08.19 11:09:21.441,2.0437,2.04405,3.20,2.10
2008.08.19 11:09:21.646,2.0437,2.04405,3.20,2.80
2008.08.19 11:09:21.720,2.0436,2.04405,1.70,2.80
2008.08.19 11:09:21.828,2.0436,2.04405,1.00,4.80
2008.08.19 11:09:21.935,2.0436,2.04405,1.00,4.80
2008.08.19 11:09:22.049,2.04355,2.04405,2.80,2.10
2008.08.19 11:09:22.685,2.0436,2.04405,1.00,5.50
2008.08.19 11:09:22.919,2.0436,2.04405,1.00,2.80
2008.08.19 11:09:23.156,2.04355,2.04405,2.40,2.10
2008.08.19 11:09:23.392,2.0437,2.04405,3.20,2.10
2008.08.19 11:09:23.776,2.0436,2.0439,1.70,4.30
2008.08.19 11:09:23.968,2.04355,2.0439,1.30,4.30
2008.08.19 11:09:24.160,2.04355,2.044,1.30,8.10
2008.08.19 11:09:24.256,2.04355,2.04395,1.30,2.10
2008.08.19 11:09:24.524,2.04355,2.04395,1.30,5.90
2008.08.19 11:09:25.060,2.0434,2.0439,1.70,2.10
2008.08.19 11:09:25.760,2.04345,2.0439,1.70,2.10
2008.08.19 11:09:26.594,2.0435,2.0439,1.30,2.10
2008.08.19 11:09:26.901,2.0435,2.0439,3.10,2.10
2008.08.19 11:09:26.976,2.0435,2.0439,1.70,2.10
2008.08.19 11:09:28.740,2.0434,2.0439,1.70,2.10
2008.08.19 11:09:31.774,2.0435,2.0439,1.00,2.10
2008.08.19 11:09:31.981,2.04345,2.0439,2.80,2.10
2008.08.19 11:09:33.885,2.0435,2.0439,1.30,2.10
2008.08.19 11:09:33.923,2.0436,2.0439,1.00,2.10
2008.08.19 11:09:34.163,2.0435,2.0439,3.10,2.10
2008.08.19 11:09:34.640,2.0435,2.0439,1.70,2.10
2008.08.19 11:09:34.884,2.04345,2.0439,2.80,2.10
2008.08.19 11:09:35.371,2.04345,2.04385,2.80,2.10
2008.08.19 11:09:41.809,2.04345,2.0439,2.80,2.10
2008.08.19 11:09:42.202,2.0435,2.0439,1.30,2.10
2008.08.19 11:09:42.350,2.0435,2.0439,2.40,2.10
2008.08.19 11:09:42.434,2.0435,2.0439,4.00,2.10
2008.08.19 11:09:42.483,2.0435,2.044,6.20,2.70
2008.08.19 11:09:42.531,2.0436,2.04405,8.10,4.80
2008.08.19 11:09:42.627,2.04365,2.04405,1.70,2.10
2008.08.19 11:09:42.771,2.04365,2.04415,1.70,3.90
2008.08.19 11:09:42.867,2.04365,2.04415,7.10,2.10
2008.08.19 11:09:42.990,2.0438,2.04415,5.40,2.10
2008.08.19 11:09:43.039,2.0438,2.0442,5.40,4.80
2008.08.19 11:09:43.087,2.0438,2.0442,1.30,4.80
2008.08.19 11:09:43.736,2.04385,2.04425,1.70,2.10
2008.08.19 11:09:44.991,2.04385,2.04425,1.70,3.20
2008.08.19 11:09:45.728,2.04375,2.04425,3.90,3.20
2008.08.19 11:09:46.758,2.04375,2.04425,9.30,2.10
2008.08.19 11:09:47.016,2.04375,2.04425,9.40,2.10
2008.08.19 11:09:47.143,2.0438,2.04425,1.70,2.10
2008.08.19 11:09:47.272,2.04385,2.04425,1.70,2.10
2008.08.19 11:09:47.610,2.0439,2.04425,1.30,2.10
2008.08.19 11:09:47.979,2.0439,2.0443,3.10,2.10
2008.08.19 11:09:48.166,2.044,2.0443,1.00,2.10
2008.08.19 11:09:48.352,2.044,2.0443,2.10,2.10
2008.08.19 11:09:48.720,2.044,2.04435,2.10,2.10
2008.08.19 11:09:48.924,2.044,2.04435,1.70,2.10
2008.08.19 11:09:50.719,2.044,2.04435,2.80,2.10
2008.08.19 11:09:51.524,2.044,2.04435,1.70,2.80
2008.08.19 11:09:51.740,2.0439,2.04435,1.70,2.80
2008.08.19 11:09:51.868,2.0439,2.0443,1.70,2.10
2008.08.19 11:09:52.252,2.0439,2.04425,1.70,2.10
2008.08.19 11:09:52.380,2.0438,2.04425,1.70,3.20
2008.08.19 11:09:53.091,2.04375,2.04425,3.90,3.20
2008.08.19 11:09:54.864,2.0438,2.04425,1.70,2.10
2008.08.19 11:09:55.324,2.04385,2.04425,1.70,2.10
2008.08.19 11:09:57.074,2.0439,2.04425,1.00,3.20
2008.08.19 11:09:58.357,2.04375,2.04425,2.10,5.90
2008.08.19 11:09:59.019,2.0437,2.04425,6.30,5.90
2008.08.19 11:09:59.383,2.04385,2.04425,1.00,5.90
2008.08.19 11:09:59.647,2.04385,2.04425,1.00,3.20
2008.08.19 11:09:59.911,2.04385,2.0443,1.00,5.40
2008.08.19 11:10:00.176,2.04375,2.0443,2.80,2.10
2008.08.19 11:10:00.826,2.04385,2.0443,1.70,2.10
2008.08.19 11:10:02.545,2.0438,2.0443,2.80,2.10
2008.08.19 11:10:03.939,2.04385,2.0443,1.70,2.10
2008.08.19 11:10:04.912,2.0438,2.0443,2.80,2.10
2008.08.19 11:10:05.331,2.0438,2.0443,1.70,2.10
2008.08.19 11:10:05.532,2.0438,2.0442,1.70,2.80
2008.08.19 11:10:05.731,2.0438,2.0442,3.20,5.50
2008.08.19 11:10:05.931,2.0438,2.0441,1.00,2.10
2008.08.19 11:10:06.132,2.04355,2.0441,4.90,2.10
2008.08.19 11:10:06.332,2.04365,2.04405,3.20,2.10
2008.08.19 11:10:06.500,2.0435,2.04405,4.50,2.10
2008.08.19 11:10:06.668,2.0435,2.04405,3.20,2.80
2008.08.19 11:10:06.843,2.0435,2.04405,5.10,2.80
2008.08.19 11:10:07.013,2.0435,2.04405,2.80,2.80
2008.08.19 11:10:07.525,2.04355,2.044,2.80,2.10
2008.08.19 11:10:07.667,2.0437,2.044,3.20,2.10
2008.08.19 11:10:07.958,2.04365,2.04405,1.70,2.10
2008.08.19 11:10:12.672,2.0436,2.04405,4.90,2.10
2008.08.19 11:10:14.583,2.04365,2.04405,1.70,2.10
2008.08.19 11:10:15.075,2.0436,2.04405,4.90,2.10
2008.08.19 11:10:18.064,2.0437,2.04405,3.20,2.10
2008.08.19 11:10:18.560,2.04355,2.0439,2.80,3.20
2008.08.19 11:10:18.804,2.04355,2.04395,1.70,1.70
2008.08.19 11:10:19.028,2.04355,2.04395,1.70,2.10
2008.08.19 11:10:20.159,2.04355,2.044,1.70,2.80
2008.08.19 11:10:21.056,2.0437,2.04405,3.20,2.10
2008.08.19 11:10:21.379,2.0437,2.0441,3.20,2.10
2008.08.19 11:10:21.703,2.04355,2.0441,6.30,2.10
2008.08.19 11:10:21.812,2.04365,2.04415,2.10,6.60
2008.08.19 11:10:22.120,2.04365,2.04415,4.90,2.10
2008.08.19 11:10:22.520,2.0437,2.04415,1.70,2.10
2008.08.19 11:10:24.651,2.04375,2.0442,1.70,2.10
2008.08.19 11:10:24.931,2.0437,2.0442,3.90,2.10
2008.08.19 11:10:26.399,2.0437,2.0442,1.70,2.10
2008.08.19 11:10:26.500,2.0437,2.0441,1.70,1.00
2008.08.19 11:10:26.778,2.04365,2.0441,3.90,1.00
2008.08.19 11:10:27.857,2.04365,2.04415,3.90,1.70
2008.08.19 11:10:30.152,2.0437,2.04415,2.10,1.70
2008.08.19 11:10:31.178,2.0437,2.0441,2.10,1.00
2008.08.19 11:10:31.396,2.0437,2.0441,3.50,1.00
2008.08.19 11:10:31.614,2.0437,2.0441,6.70,1.00
2008.08.19 11:10:31.756,2.0437,2.0441,2.10,1.00
2008.08.19 11:10:31.895,2.0437,2.04415,2.10,1.70
2008.08.19 11:10:32.041,2.04375,2.04415,1.70,1.70
2008.08.19 11:10:32.180,2.0437,2.04415,2.10,1.70
2008.08.19 11:10:33.400,2.04365,2.04415,3.90,1.70
2008.08.19 11:10:34.086,2.04365,2.04415,2.10,4.40
2008.08.19 11:10:34.501,2.04365,2.044,2.10,3.20
2008.08.19 11:10:34.708,2.0436,2.044,3.90,3.20
2008.08.19 11:10:34.812,2.0436,2.044,2.10,3.20
2008.08.19 11:10:35.267,2.04355,2.0441,4.90,5.40
2008.08.19 11:10:35.607,2.0437,2.0441,3.20,2.10
2008.08.19 11:10:40.259,2.04355,2.0441,4.90,5.40
2008.08.19 11:10:47.936,2.0435,2.04395,2.10,4.40
2008.08.19 11:10:48.399,2.04345,2.04395,2.10,6.60
2008.08.19 11:10:48.736,2.04345,2.04395,3.20,4.80
2008.08.19 11:10:48.839,2.04345,2.04395,4.90,2.10
2008.08.19 11:10:48.943,2.04345,2.04395,4.90,2.80
2008.08.19 11:10:49.151,2.04345,2.04395,3.90,3.90
2008.08.19 11:10:49.919,2.04345,2.04395,3.90,3.20
2008.08.19 11:10:50.175,2.04345,2.04395,3.20,4.80
2008.08.19 11:10:50.483,2.04345,2.044,4.90,2.80
2008.08.19 11:10:52.751,2.04345,2.044,5.10,2.80
2008.08.19 11:10:52.964,2.0435,2.044,1.70,2.80
2008.08.19 11:10:53.281,2.0435,2.044,3.90,2.80
2008.08.19 11:10:53.387,2.0436,2.044,1.00,2.10
2008.08.19 11:10:53.471,2.0436,2.04405,1.00,2.10
2008.08.19 11:10:53.555,2.0436,2.04405,1.70,2.10
2008.08.19 11:10:55.371,2.0437,2.0441,1.70,2.10
2008.08.19 11:10:56.197,2.0437,2.044,1.70,3.90
2008.08.19 11:10:56.486,2.0436,2.0439,1.00,4.30
2008.08.19 11:10:56.592,2.0436,2.04395,1.00,3.20
2008.08.19 11:10:56.763,2.0435,2.04395,1.70,3.20
2008.08.19 11:10:56.871,2.0435,2.04395,1.70,2.10
2008.08.19 11:10:57.031,2.04355,2.04395,1.70,2.10
2008.08.19 11:10:57.384,2.04355,2.044,1.70,2.10
2008.08.19 11:10:57.631,2.0436,2.044,1.70,2.10
2008.08.19 11:10:57.908,2.0436,2.04405,1.70,3.90
2008.08.19 11:10:58.188,2.0436,2.0439,1.70,1.00
2008.08.19 11:10:58.327,2.0436,2.0439,1.70,4.30
2008.08.19 11:10:58.468,2.0435,2.044,1.70,2.10
2008.08.19 11:10:59.055,2.0435,2.044,3.90,2.10
2008.08.19 11:10:59.175,2.0435,2.04405,3.90,3.90
2008.08.19 11:10:59.522,2.0436,2.04405,1.70,3.90
2008.08.19 11:11:00.073,2.0435,2.0439,3.90,4.30
2008.08.19 11:11:01.351,2.0435,2.0439,1.70,4.30
2008.08.19 11:11:14.167,2.0435,2.04395,1.70,3.20
2008.08.19 11:11:14.379,2.04345,2.04395,1.70,3.20
2008.08.19 11:11:15.583,2.04345,2.0439,3.90,1.00
2008.08.19 11:11:16.143,2.04345,2.04395,1.70,3.20
2008.08.19 11:11:16.854,2.0435,2.04395,1.30,3.20
2008.08.19 11:11:17.175,2.0435,2.044,1.30,5.40
2008.08.19 11:11:17.495,2.0436,2.0439,3.10,3.20
2008.08.19 11:11:18.324,2.0436,2.044,1.70,3.90
2008.08.19 11:11:18.491,2.0436,2.044,4.90,2.80
2008.08.19 11:11:18.656,2.0435,2.044,1.70,2.80
2008.08.19 11:11:18.820,2.0435,2.04385,1.70,1.00
2008.08.19 11:11:18.983,2.0435,2.04395,4.30,2.10
2008.08.19 11:11:19.147,2.0435,2.04395,1.00,2.10
2008.08.19 11:11:19.471,2.0434,2.04395,1.70,2.10
2008.08.19 11:11:19.636,2.04345,2.04395,1.70,2.10
2008.08.19 11:11:20.309,2.04335,2.0439,4.90,4.80
2008.08.19 11:11:20.911,2.0434,2.0439,2.10,2.70
2008.08.19 11:11:21.179,2.04345,2.04395,1.70,3.90
2008.08.19 11:11:21.447,2.04345,2.04395,2.10,3.70
2008.08.19 11:11:21.715,2.04345,2.0439,3.90,1.00
2008.08.19 11:11:21.923,2.0435,2.0439,1.30,1.00
2008.08.19 11:11:22.140,2.04355,2.04405,1.70,3.20
2008.08.19 11:11:22.555,2.0435,2.044,2.10,2.70
2008.08.19 11:11:23.259,2.0435,2.044,3.50,2.70
2008.08.19 11:11:23.760,2.04355,2.04405,1.70,3.20
2008.08.19 11:11:25.967,2.04355,2.0439,1.70,3.20
2008.08.19 11:11:26.183,2.0435,2.04405,5.20,5.90
2008.08.19 11:11:26.399,2.04355,2.04405,2.10,3.70
2008.08.19 11:11:26.615,2.04355,2.044,3.90,4.30
2008.08.19 11:11:26.831,2.0436,2.044,2.10,4.30
2008.08.19 11:11:27.374,2.0436,2.04385,2.10,1.00
2008.08.19 11:11:27.563,2.04355,2.04385,3.90,1.00
2008.08.19 11:11:27.751,2.04355,2.04385,1.70,1.00
2008.08.19 11:11:28.127,2.04345,2.04385,2.10,1.00
2008.08.19 11:11:28.323,2.0434,2.04385,2.10,1.00
2008.08.19 11:11:28.711,2.0434,2.04385,2.10,1.70
2008.08.19 11:11:28.907,2.0434,2.04385,2.10,4.40
2008.08.19 11:11:29.955,2.0434,2.04385,2.10,3.70
2008.08.19 11:11:30.171,2.0434,2.04385,2.10,2.70
2008.08.19 11:11:30.434,2.04345,2.0439,3.50,2.70
2008.08.19 11:11:30.691,2.04345,2.0439,4.50,2.70
2008.08.19 11:11:30.947,2.0436,2.0439,3.20,2.70
2008.08.19 11:11:31.644,2.04345,2.0439,4.50,2.70
2008.08.19 11:11:31.884,2.0435,2.04395,1.70,2.10
2008.08.19 11:11:32.607,2.04345,2.04395,5.10,2.10
2008.08.19 11:11:32.695,2.04345,2.04395,4.90,2.10
2008.08.19 11:11:39.133,2.0435,2.04395,1.70,2.10
2008.08.19 11:11:41.076,2.0435,2.04385,1.70,1.70
2008.08.19 11:11:41.301,2.04335,2.04385,3.90,4.40
2008.08.19 11:11:41.509,2.04335,2.04375,3.90,1.70
2008.08.19 11:11:42.139,2.04335,2.04375,1.70,1.70
2008.08.19 11:11:42.360,2.04335,2.04385,1.70,8.70
2008.08.19 11:11:42.467,2.04335,2.04385,1.70,8.10
2008.08.19 11:11:42.575,2.0434,2.04385,2.10,3.70
2008.08.19 11:11:42.995,2.0434,2.0438,3.90,1.00
2008.08.19 11:11:45.147,2.04345,2.0438,2.10,1.00
2008.08.19 11:11:45.688,2.04345,2.04395,3.20,2.70
2008.08.19 11:11:45.819,2.04345,2.044,4.90,3.20
2008.08.19 11:11:45.871,2.04345,2.0439,4.90,1.00
2008.08.19 11:11:45.906,2.04345,2.04395,3.90,1.70
2008.08.19 11:11:46.031,2.0435,2.04395,1.70,1.70
2008.08.19 11:11:46.894,2.04345,2.04395,2.10,4.40
2008.08.19 11:11:48.036,2.04345,2.04395,2.10,3.70
2008.08.19 11:11:48.325,2.0435,2.04395,1.70,1.70
2008.08.19 11:11:48.629,2.0435,2.0439,1.70,1.70
2008.08.19 11:11:48.847,2.0435,2.0438,1.70,1.00
2008.08.19 11:11:49.051,2.0435,2.04395,1.70,3.90
2008.08.19 11:11:49.299,2.0434,2.04395,3.90,6.60
2008.08.19 11:11:49.991,2.0434,2.04395,5.20,5.90
2008.08.19 11:11:50.235,2.0434,2.04395,3.90,6.60
2008.08.19 11:11:50.403,2.04345,2.04395,1.70,3.90
2008.08.19 11:11:50.739,2.0434,2.04395,3.90,6.60
2008.08.19 11:11:50.907,2.04345,2.04395,2.10,4.40
2008.08.19 11:11:51.239,2.04345,2.04395,2.10,3.70
2008.08.19 11:11:51.475,2.04345,2.04395,3.50,3.70
2008.08.19 11:11:51.943,2.0435,2.04395,2.10,3.70
2008.08.19 11:11:52.179,2.0435,2.0439,3.90,1.70
2008.08.19 11:11:52.415,2.0435,2.0438,2.10,1.00
2008.08.19 11:11:52.559,2.0435,2.04395,2.10,3.70
2008.08.19 11:11:52.983,2.0435,2.0439,3.90,1.00
2008.08.19 11:11:58.616,2.0435,2.0439,5.20,1.00
2008.08.19 11:11:58.738,2.0435,2.044,5.20,2.10
2008.08.19 11:11:58.925,2.0435,2.04405,5.20,3.20
2008.08.19 11:11:59.137,2.04355,2.04405,1.70,3.20
2008.08.19 11:12:01.099,2.04355,2.04405,1.70,3.90
2008.08.19 11:12:01.708,2.0435,2.04405,3.90,3.90
2008.08.19 11:12:08.668,2.0435,2.044,3.90,2.10
2008.08.19 11:12:15.611,2.0435,2.0439,3.90,1.00
2008.08.19 11:12:15.952,2.0435,2.044,2.10,4.80
2008.08.19 11:12:16.462,2.0435,2.044,3.90,2.10
2008.08.19 11:12:19.569,2.0435,2.04405,3.90,3.90
2008.08.19 11:12:31.625,2.0435,2.044,1.70,2.10
2008.08.19 11:12:35.555,2.0435,2.04405,3.90,3.90
2008.08.19 11:12:36.544,2.04355,2.04405,1.70,3.90
2008.08.19 11:12:37.816,2.0435,2.04405,3.90,3.90
2008.08.19 11:12:38.299,2.04355,2.04405,1.70,3.90
2008.08.19 11:12:38.779,2.0435,2.04405,3.90,3.90
2008.08.19 11:12:41.602,2.0435,2.04405,5.20,3.20
2008.08.19 11:12:41.794,2.04355,2.04405,1.70,3.20
2008.08.19 11:12:42.045,2.04355,2.0441,4.90,4.80
2008.08.19 11:12:42.171,2.0436,2.0441,1.30,4.80
2008.08.19 11:12:42.299,2.0436,2.044,1.30,1.00
2008.08.19 11:12:42.428,2.0436,2.0441,3.10,2.10
2008.08.19 11:12:42.555,2.0436,2.04415,8.50,5.90
2008.08.19 11:12:42.995,2.04365,2.04415,1.70,3.20
2008.08.19 11:12:44.679,2.0436,2.04415,7.10,5.90
2008.08.19 11:12:44.835,2.0436,2.044,3.90,3.20
2008.08.19 11:12:47.427,2.0436,2.0441,3.90,3.90
2008.08.19 11:12:47.503,2.0436,2.044,3.90,4.30
2008.08.19 11:12:47.651,2.0436,2.04405,3.90,1.70
2008.08.19 11:12:47.727,2.0436,2.044,1.70,3.90
2008.08.19 11:12:47.904,2.0436,2.044,1.70,2.20
2008.08.19 11:12:48.079,2.0436,2.04405,1.70,1.70
2008.08.19 11:12:48.255,2.0436,2.0439,1.70,1.00
2008.08.19 11:12:48.431,2.04355,2.0439,1.70,1.00
2008.08.19 11:12:48.607,2.0435,2.0439,3.90,4.30
2008.08.19 11:12:48.783,2.04345,2.0439,3.90,4.30
2008.08.19 11:12:49.635,2.0435,2.0439,2.10,4.30
2008.08.19 11:12:49.851,2.0435,2.0439,2.10,1.00
2008.08.19 11:12:50.035,2.04345,2.04395,3.90,3.20
2008.08.19 11:12:50.399,2.04345,2.04395,2.10,5.90
2008.08.19 11:12:51.371,2.04345,2.04395,2.10,6.60
2008.08.19 11:12:52.889,2.04345,2.04395,2.10,5.90
2008.08.19 11:12:53.285,2.04345,2.04395,3.90,3.20
2008.08.19 11:12:53.724,2.04345,2.04395,2.10,5.90
2008.08.19 11:12:54.611,2.04345,2.04395,2.10,3.70
2008.08.19 11:12:54.823,2.04345,2.0439,3.90,1.00
2008.08.19 11:12:58.111,2.04345,2.0439,4.00,1.00
2008.08.19 11:12:58.214,2.04355,2.0439,1.70,1.00
2008.08.19 11:12:59.507,2.0435,2.0439,3.90,1.00
2008.08.19 11:12:59.787,2.0435,2.0439,1.70,1.00
2008.08.19 11:13:00.047,2.0435,2.044,1.70,2.80
2008.08.19 11:13:00.247,2.0435,2.04405,5.20,5.90
2008.08.19 11:13:00.447,2.0435,2.04405,3.90,6.60
2008.08.19 11:13:00.843,2.04355,2.04405,1.30,5.90
2008.08.19 11:13:01.111,2.04355,2.04405,3.50,3.70
2008.08.19 11:13:01.643,2.04365,2.044,1.70,1.00
2008.08.19 11:13:02.175,2.0436,2.044,3.90,1.00
2008.08.19 11:13:03.395,2.04365,2.044,2.10,1.00
2008.08.19 11:13:03.503,2.04365,2.04405,2.10,2.70
2008.08.19 11:13:04.541,2.04365,2.04415,2.10,6.60
2008.08.19 11:13:04.686,2.0436,2.04415,5.40,4.40
2008.08.19 11:13:04.834,2.0436,2.04415,5.40,6.60
2008.08.19 11:13:05.271,2.0436,2.044,2.10,1.00
2008.08.19 11:13:05.859,2.0436,2.04405,2.10,3.70
2008.08.19 11:13:07.783,2.0436,2.044,2.10,1.00
2008.08.19 11:13:08.238,2.04365,2.044,2.10,1.00
2008.08.19 11:13:08.279,2.04365,2.04415,2.10,5.90
2008.08.19 11:13:08.892,2.0437,2.04415,2.10,3.70
2008.08.19 11:13:09.051,2.0437,2.04415,2.10,2.70
2008.08.19 11:13:09.367,2.0437,2.04415,2.10,3.70
2008.08.19 11:13:09.930,2.0437,2.0441,3.90,1.00
2008.08.19 11:13:10.423,2.0437,2.04415,2.10,3.70
2008.08.19 11:13:12.796,2.04365,2.0441,2.10,2.70
2008.08.19 11:13:13.219,2.04365,2.04405,2.10,1.00
2008.08.19 11:13:13.295,2.04365,2.04405,2.10,1.70
2008.08.19 11:13:13.858,2.04365,2.04405,2.10,4.40
2008.08.19 11:13:15.816,2.0436,2.04405,2.10,4.40
2008.08.19 11:13:15.979,2.0436,2.044,2.10,2.20
2008.08.19 11:13:16.315,2.0436,2.04405,2.10,3.70
2008.08.19 11:13:16.463,2.0436,2.04405,5.40,2.10
2008.08.19 11:13:16.611,2.0436,2.04415,7.10,6.60
2008.08.19 11:13:16.759,2.0436,2.044,3.90,1.00
2008.08.19 11:13:16.907,2.0436,2.044,3.90,2.70
2008.08.19 11:13:17.055,2.0436,2.044,3.90,2.20
2008.08.19 11:13:17.348,2.0436,2.04405,3.90,1.70
2008.08.19 11:13:27.160,2.04355,2.044,2.10,2.20
2008.08.19 11:13:29.182,2.0435,2.044,2.10,2.20
2008.08.19 11:13:33.639,2.0435,2.044,2.10,3.90
2008.08.19 11:13:33.699,2.04345,2.044,4.90,2.80
2008.08.19 11:13:34.266,2.0435,2.044,2.10,2.80
2008.08.19 11:13:37.115,2.0435,2.04385,2.10,1.00
2008.08.19 11:13:37.198,2.0435,2.04385,3.20,1.00
2008.08.19 11:13:37.427,2.04335,2.04385,2.10,1.70
2008.08.19 11:13:37.655,2.0433,2.04385,1.70,1.70
2008.08.19 11:13:37.883,2.04325,2.0438,3.90,1.70
2008.08.19 11:13:38.111,2.04325,2.0438,3.90,2.20
2008.08.19 11:13:38.339,2.04325,2.0437,2.10,2.20
2008.08.19 11:13:38.833,2.04325,2.04375,2.10,3.70
2008.08.19 11:13:39.543,2.0433,2.04375,2.10,3.70
2008.08.19 11:13:39.607,2.0433,2.04375,2.10,4.40
2008.08.19 11:13:39.671,2.0433,2.0436,2.10,1.00
2008.08.19 11:13:39.975,2.0433,2.04375,2.10,3.70
2008.08.19 11:13:40.099,2.0433,2.0437,2.10,2.70
2008.08.19 11:13:40.162,2.0433,2.04375,2.10,3.70
2008.08.19 11:13:41.823,2.04335,2.04375,2.10,3.70
2008.08.19 11:13:41.983,2.04335,2.0437,3.90,1.00
2008.08.19 11:13:42.515,2.0434,2.0437,3.50,1.00
2008.08.19 11:13:42.783,2.0434,2.04395,3.50,2.70
2008.08.19 11:13:43.051,2.04345,2.044,1.70,3.20
2008.08.19 11:13:46.369,2.0434,2.04395,5.20,5.90
2008.08.19 11:13:47.439,2.0434,2.04395,7.40,5.90
2008.08.19 11:13:51.183,2.0434,2.04395,8.50,5.90
2008.08.19 11:13:51.211,2.04345,2.04395,2.10,3.70
2008.08.19 11:13:51.286,2.04345,2.0439,3.90,1.00
2008.08.19 11:13:51.550,2.0435,2.0439,1.70,1.00
2008.08.19 11:13:52.329,2.04365,2.04395,3.20,2.70
2008.08.19 11:13:52.665,2.04345,2.04395,2.10,2.70
2008.08.19 11:13:53.013,2.0434,2.04395,3.20,2.70
2008.08.19 11:13:53.107,2.0434,2.0439,3.20,2.70
2008.08.19 11:13:53.481,2.0434,2.0439,2.10,2.70
2008.08.19 11:13:53.850,2.04345,2.0439,3.50,2.70
2008.08.19 11:13:54.055,2.04345,2.0439,4.50,2.70
2008.08.19 11:13:54.150,2.04345,2.044,6.30,4.80
2008.08.19 11:13:56.367,2.04345,2.044,6.30,2.10
2008.08.19 11:13:56.455,2.04345,2.044,4.90,2.80
2008.08.19 11:13:57.459,2.0434,2.04385,2.10,1.70
2008.08.19 11:13:57.800,2.04335,2.0439,2.10,2.20
2008.08.19 11:13:58.778,2.04335,2.0438,2.10,3.30
2008.08.19 11:13:59.754,2.04335,2.0438,2.10,2.20
2008.08.19 11:14:00.704,2.04335,2.04385,2.10,6.60
2008.08.19 11:14:00.904,2.0434,2.0438,2.10,1.00
2008.08.19 11:14:01.103,2.04335,2.0438,1.70,2.20
2008.08.19 11:14:01.522,2.0433,2.0438,6.00,2.20
2008.08.19 11:14:01.966,2.04335,2.0438,1.70,2.20
2008.08.19 11:14:03.447,2.04335,2.04385,1.70,3.90
2008.08.19 11:14:03.531,2.04335,2.04385,2.80,2.80
2008.08.19 11:14:03.616,2.0434,2.04385,1.70,1.70
2008.08.19 11:14:03.704,2.0434,2.0439,1.70,2.10
2008.08.19 11:14:05.367,2.0435,2.0439,1.70,2.10
2008.08.19 11:14:05.573,2.0435,2.04395,1.70,2.10
2008.08.19 11:14:05.777,2.0435,2.044,3.90,1.70
2008.08.19 11:14:05.980,2.04355,2.0439,1.70,1.00
2008.08.19 11:14:06.806,2.04345,2.0439,3.90,1.00
2008.08.19 11:14:07.235,2.04345,2.0439,3.90,1.70
2008.08.19 11:14:07.451,2.04345,2.0439,3.90,2.20
2008.08.19 11:14:08.215,2.04345,2.0439,1.70,2.20
2008.08.19 11:14:08.762,2.04345,2.0439,2.80,2.20
2008.08.19 11:14:11.364,2.0435,2.0439,1.00,2.20
2008.08.19 11:14:12.010,2.0435,2.0439,1.00,2.80
2008.08.19 11:14:12.280,2.04335,2.0439,6.40,4.80
2008.08.19 11:14:12.547,2.0435,2.0439,4.30,2.10
2008.08.19 11:14:12.817,2.04345,2.0439,2.80,2.10
2008.08.19 11:14:13.995,2.04345,2.04395,2.80,2.10
2008.08.19 11:14:14.198,2.04345,2.04395,2.80,2.80
2008.08.19 11:14:14.354,2.0435,2.04395,1.00,7.10
2008.08.19 11:14:14.431,2.0434,2.04385,1.70,2.20
2008.08.19 11:14:14.506,2.0434,2.0439,1.70,2.10
2008.08.19 11:14:14.655,2.0434,2.0438,1.70,1.00
2008.08.19 11:14:14.803,2.04335,2.0438,1.80,2.10
2008.08.19 11:14:14.950,2.04335,2.0438,2.90,2.10
2008.08.19 11:14:15.027,2.04335,2.0438,2.80,2.10
2008.08.19 11:14:15.530,2.0434,2.04385,1.70,2.10
2008.08.19 11:14:15.819,2.04335,2.04385,2.80,2.80
2008.08.19 11:14:16.390,2.04335,2.0438,2.80,2.10
2008.08.19 11:14:16.570,2.0434,2.0438,4.30,2.10
2008.08.19 11:14:16.751,2.04335,2.0438,2.40,2.10
2008.08.19 11:14:16.931,2.04335,2.04385,6.30,2.10
2008.08.19 11:14:17.111,2.0434,2.04385,1.70,2.80
2008.08.19 11:14:17.466,2.04335,2.04385,4.90,2.80
2008.08.19 11:14:18.260,2.0434,2.0438,1.70,2.10
2008.08.19 11:14:18.495,2.04335,2.04375,2.80,1.00
2008.08.19 11:14:18.671,2.04335,2.04375,1.70,2.20
2008.08.19 11:14:19.095,2.04325,2.0437,4.90,1.00
2008.08.19 11:14:19.182,2.04325,2.0437,3.20,1.00
2008.08.19 11:14:19.270,2.04325,2.0437,3.20,2.20
2008.08.19 11:14:22.708,2.04325,2.0438,3.20,5.50
2008.08.19 11:14:22.927,2.04325,2.0438,4.90,2.80
2008.08.19 11:14:25.919,2.04325,2.04375,4.90,1.00
2008.08.19 11:14:26.214,2.04325,2.04375,3.20,2.20
2008.08.19 11:14:26.282,2.04325,2.0438,3.20,5.50
2008.08.19 11:14:26.934,2.0433,2.0438,1.70,2.80
2008.08.19 11:14:27.985,2.0433,2.0438,1.70,2.10
2008.08.19 11:14:28.099,2.0434,2.0438,1.00,2.10
2008.08.19 11:14:28.123,2.0434,2.04385,1.00,5.50
2008.08.19 11:14:28.250,2.04335,2.04385,2.80,2.80
2008.08.19 11:14:28.526,2.04335,2.0438,2.80,1.00
2008.08.19 11:14:28.650,2.04335,2.0438,1.70,1.70
2008.08.19 11:14:28.795,2.0433,2.0438,3.90,2.20
2008.08.19 11:14:29.277,2.0433,2.04385,3.90,6.60
2008.08.19 11:14:29.471,2.0434,2.04385,1.00,5.50
2008.08.19 11:14:30.014,2.04335,2.04385,2.80,2.80
2008.08.19 11:14:31.119,2.04335,2.04385,1.70,3.90
2008.08.19 11:14:31.622,2.0433,2.04385,5.40,6.60
2008.08.19 11:14:36.628,2.0433,2.04385,6.40,6.60
2008.08.19 11:14:36.755,2.0434,2.04385,4.50,4.80
2008.08.19 11:14:37.019,2.0434,2.04385,1.70,2.80
2008.08.19 11:14:37.544,2.04335,2.04385,5.10,2.80
2008.08.19 11:14:38.014,2.04335,2.04385,4.90,2.80
2008.08.19 11:14:44.383,2.04335,2.04385,3.90,3.90
2008.08.19 11:14:44.666,2.04335,2.04385,2.10,6.60
2008.08.19 11:14:46.731,2.0433,2.04375,3.90,2.10
2008.08.19 11:14:46.915,2.0433,2.0436,1.70,1.00
2008.08.19 11:14:47.099,2.04325,2.04375,2.40,4.80
2008.08.19 11:14:47.282,2.0433,2.04375,1.00,4.80
2008.08.19 11:14:47.510,2.0433,2.0438,1.70,2.10
2008.08.19 11:14:49.133,2.0433,2.04365,1.70,1.00
2008.08.19 11:14:49.366,2.04325,2.04375,3.20,2.20
2008.08.19 11:14:49.491,2.04325,2.0438,3.20,2.70
2008.08.19 11:14:49.654,2.0433,2.0438,1.00,4.80
2008.08.19 11:14:49.742,2.04325,2.0438,2.40,4.80
2008.08.19 11:14:49.946,2.0433,2.0438,1.30,4.80
2008.08.19 11:14:50.246,2.0433,2.04375,3.10,2.10
2008.08.19 11:14:50.292,2.0433,2.0438,3.10,2.10
2008.08.19 11:14:50.615,2.04325,2.0438,6.30,4.80
2008.08.19 11:14:50.938,2.0433,2.0437,2.10,1.00
2008.08.19 11:14:51.282,2.0433,2.0437,1.70,3.90
2008.08.19 11:14:51.526,2.0433,2.0436,1.70,1.00
2008.08.19 11:14:51.770,2.0432,2.0436,3.90,1.00
2008.08.19 11:14:53.067,2.0432,2.0436,3.10,1.00
2008.08.19 11:14:53.191,2.0433,2.0437,1.00,4.80
2008.08.19 11:14:53.329,2.04315,2.0437,9.30,2.10
2008.08.19 11:14:53.541,2.04315,2.04365,2.80,2.80
2008.08.19 11:14:53.746,2.0432,2.04365,1.00,2.10
2008.08.19 11:14:53.958,2.04315,2.0437,3.20,4.80
2008.08.19 11:14:54.163,2.04325,2.0437,1.70,2.10
2008.08.19 11:14:54.591,2.0432,2.0437,1.70,2.10
2008.08.19 11:14:55.036,2.0432,2.0437,1.70,2.80
2008.08.19 11:14:55.483,2.0432,2.0437,1.70,2.10
2008.08.19 11:14:55.747,2.0432,2.0436,1.70,1.00
2008.08.19 11:14:56.011,2.04325,2.0436,1.70,4.30
2008.08.19 11:14:56.276,2.04315,2.04355,1.80,3.30
2008.08.19 11:14:56.539,2.0431,2.04365,3.90,6.60
2008.08.19 11:14:56.844,2.04325,2.04355,1.00,2.20
2008.08.19 11:14:57.150,2.0432,2.0437,1.70,4.90
2008.08.19 11:14:57.453,2.04325,2.04365,1.70,2.10
2008.08.19 11:14:57.751,2.04305,2.04355,7.10,2.20
2008.08.19 11:14:58.040,2.0432,2.0436,1.70,3.90
2008.08.19 11:14:58.327,2.0432,2.04355,1.70,1.00
2008.08.19 11:14:58.615,2.0432,2.0435,1.70,2.10
2008.08.19 11:14:58.839,2.0429,2.04335,12.50,1.70
2008.08.19 11:14:59.064,2.043,2.04335,9.70,3.70
2008.08.19 11:14:59.290,2.043,2.0433,4.30,1.00
2008.08.19 11:14:59.514,2.043,2.0434,4.30,2.80
2008.08.19 11:14:59.738,2.043,2.0434,4.30,5.50
2008.08.19 11:14:59.976,2.04285,2.0434,7.50,2.70
2008.08.19 11:15:00.198,2.04285,2.04335,2.10,2.70
2008.08.19 11:15:00.422,2.0429,2.04345,2.10,2.70
2008.08.19 11:15:02.135,2.04295,2.04345,2.10,4.40
2008.08.19 11:15:02.422,2.04295,2.0434,2.10,3.90
2008.08.19 11:15:02.710,2.0429,2.0433,2.10,2.20
2008.08.19 11:15:03.027,2.0429,2.0433,2.10,3.90
2008.08.19 11:15:03.186,2.0429,2.0433,2.10,3.30
2008.08.19 11:15:03.508,2.0429,2.0433,2.10,3.90
2008.08.19 11:15:03.824,2.04285,2.0434,2.10,8.70
2008.08.19 11:15:04.010,2.04285,2.0434,2.10,5.50
2008.08.19 11:15:04.934,2.04285,2.0433,2.10,1.00
2008.08.19 11:15:05.198,2.04285,2.0433,2.10,2.20
2008.08.19 11:15:05.462,2.04285,2.0433,2.10,2.70
2008.08.19 11:15:05.987,2.04285,2.0432,2.10,1.00
2008.08.19 11:15:07.263,2.0429,2.04335,2.10,3.70
2008.08.19 11:15:07.603,2.0429,2.04335,3.50,2.70
2008.08.19 11:15:07.943,2.04295,2.04345,1.70,3.20
2008.08.19 11:15:08.050,2.04295,2.0433,1.70,1.00
2008.08.19 11:15:08.374,2.04295,2.0433,3.90,1.00
2008.08.19 11:15:08.483,2.04295,2.0434,2.10,2.70
2008.08.19 11:15:09.095,2.04295,2.0434,3.90,4.30
2008.08.19 11:15:09.290,2.04295,2.0433,3.90,1.00
2008.08.19 11:15:09.486,2.043,2.0433,2.10,1.00
2008.08.19 11:15:10.183,2.04295,2.0433,3.90,1.00
2008.08.19 11:15:10.482,2.04295,2.0433,2.10,1.00
2008.08.19 11:15:11.078,2.043,2.0433,2.10,1.00
2008.08.19 11:15:11.610,2.04305,2.0433,2.10,1.00
2008.08.19 11:15:11.790,2.04305,2.0434,2.10,1.00
2008.08.19 11:15:12.275,2.04305,2.0434,3.90,1.00
2008.08.19 11:15:12.583,2.0431,2.04355,2.10,1.70
2008.08.19 11:15:12.892,2.04315,2.04355,1.70,1.70
2008.08.19 11:15:13.199,2.0431,2.04355,3.90,1.70
2008.08.19 11:15:13.346,2.0431,2.04355,1.70,3.90
2008.08.19 11:15:13.495,2.0431,2.0434,1.70,1.00
2008.08.19 11:15:13.786,2.0431,2.0434,3.90,1.00
2008.08.19 11:15:13.934,2.0431,2.0434,2.10,1.00
2008.08.19 11:15:14.847,2.04315,2.0434,1.70,1.00
2008.08.19 11:15:15.004,2.04315,2.0433,1.70,1.00
2008.08.19 11:15:15.331,2.0433,2.0434,1.70,4.30
2008.08.19 11:15:15.659,2.0432,2.0433,1.00,1.70
2008.08.19 11:15:15.987,2.0431,2.04315,1.70,1.00
2008.08.19 11:15:16.315,2.043,2.04345,2.10,3.70
2008.08.19 11:15:16.630,2.043,2.04345,2.10,2.70
2008.08.19 11:15:16.790,2.043,2.0436,2.10,5.90
2008.08.19 11:15:16.950,2.04305,2.0436,2.10,2.70
2008.08.19 11:15:17.110,2.04305,2.0435,1.70,1.00
2008.08.19 11:15:17.407,2.04305,2.0434,2.10,1.00
2008.08.19 11:15:17.703,2.04305,2.04345,3.90,1.70
2008.08.19 11:15:17.998,2.04305,2.04345,2.10,1.70
2008.08.19 11:15:18.294,2.043,2.04345,3.90,1.70
2008.08.19 11:15:18.570,2.043,2.04345,2.10,1.70
2008.08.19 11:15:18.916,2.043,2.04345,2.10,2.20
2008.08.19 11:15:19.054,2.0431,2.0435,2.10,4.80
2008.08.19 11:15:19.195,2.0431,2.04335,2.10,1.00
2008.08.19 11:15:19.334,2.043,2.04335,2.10,2.20
2008.08.19 11:15:19.627,2.043,2.04335,2.10,1.00
2008.08.19 11:15:19.726,2.043,2.0434,2.10,2.10
2008.08.19 11:15:19.827,2.043,2.0435,3.90,1.70
2008.08.19 11:15:21.059,2.043,2.0434,3.90,1.00
2008.08.19 11:15:21.770,2.043,2.04345,2.10,1.70
2008.08.19 11:15:21.938,2.04295,2.04345,3.90,1.70
2008.08.19 11:15:22.651,2.04295,2.04345,2.10,4.40
2008.08.19 11:15:22.822,2.043,2.04345,2.10,3.70
2008.08.19 11:15:23.307,2.043,2.0434,2.10,1.00
2008.08.19 11:15:23.471,2.04305,2.0434,2.10,1.00
2008.08.19 11:15:25.271,2.0431,2.0434,2.10,1.00
2008.08.19 11:15:26.921,2.04315,2.0434,2.10,1.00
2008.08.19 11:15:27.098,2.04315,2.04355,2.10,3.70
2008.08.19 11:15:27.247,2.04315,2.0435,2.10,1.00
2008.08.19 11:15:27.683,2.0432,2.0435,2.10,1.00
2008.08.19 11:15:28.119,2.04315,2.0435,2.10,1.00
2008.08.19 11:15:28.594,2.0431,2.0435,2.10,1.00
2008.08.19 11:15:28.782,2.0431,2.0435,3.90,1.00
2008.08.19 11:15:29.267,2.04315,2.04365,3.90,1.70
2008.08.19 11:15:29.680,2.0432,2.0436,1.70,1.00
2008.08.19 11:15:29.888,2.0432,2.0436,3.90,1.00
2008.08.19 11:15:30.097,2.0433,2.0436,1.70,1.00
2008.08.19 11:15:31.000,2.04325,2.0436,1.70,1.00
2008.08.19 11:15:31.303,2.04325,2.04375,1.70,3.90
2008.08.19 11:15:31.606,2.0433,2.04375,1.70,3.90
2008.08.19 11:15:31.694,2.0433,2.04375,1.70,1.70
2008.08.19 11:15:32.304,2.04325,2.04375,3.90,1.70
2008.08.19 11:15:32.403,2.04325,2.0437,3.90,3.20
2008.08.19 11:15:32.723,2.04325,2.04375,1.70,3.20
2008.08.19 11:15:33.351,2.0432,2.0437,3.50,2.70
2008.08.19 11:15:34.215,2.04325,2.0437,1.30,2.70
2008.08.19 11:15:34.351,2.04325,2.0437,3.50,2.70
2008.08.19 11:15:34.575,2.04325,2.04375,3.50,3.70
2008.08.19 11:15:34.866,2.0433,2.04375,2.10,3.70
2008.08.19 11:15:34.949,2.0433,2.0437,2.10,1.00
2008.08.19 11:15:35.190,2.0433,2.0437,3.90,1.00
2008.08.19 11:15:35.746,2.04325,2.0437,5.20,1.00
2008.08.19 11:15:36.086,2.04335,2.0437,2.10,1.00
2008.08.19 11:15:36.440,2.04325,2.0437,5.20,1.00
2008.08.19 11:15:36.910,2.0433,2.0437,2.10,1.00
2008.08.19 11:15:37.632,2.0434,2.04385,1.70,3.90
2008.08.19 11:15:38.098,2.04335,2.04385,1.70,3.90
2008.08.19 11:15:38.335,2.04335,2.0438,3.90,1.00
2008.08.19 11:15:38.570,2.04345,2.0438,2.10,1.00
2008.08.19 11:15:38.714,2.04345,2.0438,3.90,1.00
2008.08.19 11:15:40.008,2.04345,2.0438,2.10,1.00
2008.08.19 11:15:40.643,2.04345,2.0439,3.90,1.00
2008.08.19 11:15:41.015,2.04345,2.04395,3.90,1.70
2008.08.19 11:15:41.202,2.04345,2.0439,2.10,3.30
2008.08.19 11:15:41.758,2.04345,2.0439,2.10,2.70
2008.08.19 11:15:42.110,2.04345,2.04375,2.10,1.00
2008.08.19 11:15:42.279,2.0434,2.0439,2.10,1.70
2008.08.19 11:15:42.446,2.0434,2.04375,2.10,1.00
2008.08.19 11:15:42.779,2.0434,2.0438,2.10,3.70
2008.08.19 11:15:44.202,2.0434,2.04375,2.10,2.70
2008.08.19 11:15:44.430,2.0434,2.04385,2.10,6.60
2008.08.19 11:15:44.491,2.0434,2.04385,2.10,4.40
2008.08.19 11:15:44.618,2.0434,2.0437,2.10,1.00
2008.08.19 11:15:45.470,2.04335,2.0437,2.10,1.00
2008.08.19 11:15:45.962,2.04335,2.0437,2.10,2.20
2008.08.19 11:15:46.966,2.04335,2.0436,2.10,1.00
2008.08.19 11:15:47.835,2.04335,2.0437,2.10,3.30
2008.08.19 11:15:48.055,2.0434,2.04365,2.10,2.70
2008.08.19 11:15:48.770,2.0434,2.0437,2.10,1.00
2008.08.19 11:15:49.558,2.0434,2.04385,2.10,4.40
2008.08.19 11:15:49.778,2.0434,2.0437,2.10,1.00
2008.08.19 11:15:50.214,2.0434,2.04375,2.10,3.70
2008.08.19 11:15:51.845,2.04335,2.04375,2.10,3.70
2008.08.19 11:15:51.918,2.04335,2.04375,2.10,2.70
2008.08.19 11:15:52.298,2.04335,2.0438,2.10,2.70
2008.08.19 11:15:52.767,2.04335,2.04385,2.10,4.40
2008.08.19 11:15:54.875,2.04335,2.0437,2.10,1.00
2008.08.19 11:15:56.203,2.0433,2.0436,2.10,1.00
2008.08.19 11:16:00.963,2.0433,2.0437,2.10,2.70
2008.08.19 11:16:01.240,2.0433,2.0437,2.10,1.00
2008.08.19 11:16:01.422,2.0433,2.0436,2.10,1.00
2008.08.19 11:16:04.086,2.0433,2.04375,2.10,4.40
2008.08.19 11:16:09.214,2.04335,2.04375,2.10,3.30
2008.08.19 11:16:09.279,2.04335,2.04375,3.90,1.00
2008.08.19 11:16:09.430,2.04335,2.04385,3.90,3.90
2008.08.19 11:16:09.447,2.04335,2.04385,3.90,1.70
2008.08.19 11:16:10.459,2.04335,2.04385,2.10,4.40
2008.08.19 11:16:11.721,2.0433,2.04385,3.90,6.60
2008.08.19 11:16:17.048,2.04335,2.04385,1.70,3.90
2008.08.19 11:16:20.823,2.0434,2.04385,1.70,3.90
2008.08.19 11:16:21.049,2.04335,2.04385,1.70,3.90
2008.08.19 11:16:21.872,2.0434,2.04385,1.70,3.90
2008.08.19 11:16:26.316,2.04345,2.04385,1.70,3.90
2008.08.19 11:16:26.799,2.0434,2.04385,1.70,3.90
2008.08.19 11:16:26.873,2.04335,2.04385,1.70,3.90
2008.08.19 11:16:29.382,2.04335,2.04375,1.70,1.00
2008.08.19 11:16:29.445,2.04335,2.04375,1.70,1.70
2008.08.19 11:16:29.617,2.0433,2.04375,2.10,1.70
2008.08.19 11:16:32.922,2.0433,2.0437,2.10,2.20
2008.08.19 11:16:33.334,2.0433,2.0438,2.10,4.80
2008.08.19 11:16:34.325,2.04335,2.0438,1.70,2.10
2008.08.19 11:16:35.056,2.04335,2.04375,1.70,1.00
2008.08.19 11:16:35.159,2.04335,2.04375,1.70,2.20
2008.08.19 11:16:35.394,2.0433,2.0437,2.10,1.70
2008.08.19 11:16:35.517,2.0433,2.0437,2.10,2.20
2008.08.19 11:16:35.634,2.0433,2.04365,2.10,1.00
2008.08.19 11:16:35.754,2.0433,2.04365,2.10,1.70
2008.08.19 11:16:35.875,2.04325,2.04365,2.10,1.70
2008.08.19 11:16:35.994,2.04325,2.0436,2.10,1.00
2008.08.19 11:16:36.114,2.04325,2.0437,2.10,3.30
2008.08.19 11:16:36.698,2.04325,2.0437,3.90,2.20
2008.08.19 11:16:36.992,2.04325,2.04365,3.90,1.70
2008.08.19 11:16:37.381,2.04325,2.0436,2.10,1.00
2008.08.19 11:16:37.592,2.04325,2.0436,3.90,1.00
2008.08.19 11:16:37.820,2.04325,2.0437,3.90,2.20
2008.08.19 11:16:38.752,2.0433,2.0437,2.10,2.20
2008.08.19 11:16:38.994,2.0433,2.0437,2.10,1.00
2008.08.19 11:16:39.238,2.04335,2.0437,2.10,1.00
2008.08.19 11:16:39.488,2.04335,2.0438,2.10,2.70
2008.08.19 11:16:39.582,2.04335,2.04385,2.10,5.90
2008.08.19 11:16:39.678,2.04335,2.04385,3.90,3.20
2008.08.19 11:16:39.866,2.04335,2.0438,3.90,1.00
2008.08.19 11:16:40.071,2.0434,2.0438,1.70,1.00
2008.08.19 11:16:40.162,2.0434,2.0439,1.70,2.80
2008.08.19 11:16:40.258,2.0434,2.0439,1.70,2.10
2008.08.19 11:16:40.586,2.0434,2.0439,1.70,2.80
2008.08.19 11:16:40.824,2.04345,2.0439,3.90,2.20
2008.08.19 11:16:41.290,2.04345,2.0439,1.70,2.20
2008.08.19 11:16:41.370,2.0435,2.04395,1.70,3.20
2008.08.19 11:16:44.230,2.04345,2.04395,4.00,3.20
2008.08.19 11:16:47.208,2.04345,2.0439,4.00,1.00
2008.08.19 11:16:47.530,2.04345,2.0439,2.10,2.70
2008.08.19 11:16:48.334,2.04345,2.04385,2.10,2.70
2008.08.19 11:16:51.960,2.04345,2.0439,2.10,2.70
2008.08.19 11:16:52.266,2.0435,2.0439,2.10,2.70
2008.08.19 11:16:52.682,2.04345,2.04395,2.10,4.40
2008.08.19 11:16:52.914,2.04345,2.0439,2.10,1.70
2008.08.19 11:16:52.994,2.04345,2.0439,2.10,2.20
2008.08.19 11:16:53.295,2.0434,2.0439,3.90,3.90
2008.08.19 11:16:54.190,2.0434,2.0438,1.70,1.00
2008.08.19 11:16:54.551,2.04335,2.04385,2.10,3.70
2008.08.19 11:16:54.626,2.0434,2.0438,2.10,1.70
2008.08.19 11:16:54.774,2.0434,2.0438,2.10,2.20
2008.08.19 11:16:55.912,2.0434,2.0437,2.10,1.00
2008.08.19 11:16:56.055,2.0434,2.0437,2.10,2.20
2008.08.19 11:16:56.349,2.0434,2.0438,2.10,2.80
2008.08.19 11:16:56.675,2.0434,2.04375,2.10,2.10
2008.08.19 11:16:56.783,2.0434,2.04385,2.10,2.70
2008.08.19 11:16:57.338,2.0434,2.0439,3.90,2.20
2008.08.19 11:16:57.862,2.0434,2.0438,3.90,1.00
2008.08.19 11:16:58.191,2.0434,2.0438,2.10,2.20
2008.08.19 11:16:58.520,2.04345,2.04385,2.10,3.70
2008.08.19 11:16:58.643,2.04345,2.04385,2.10,4.40
2008.08.19 11:16:59.074,2.0434,2.04385,2.10,4.40
2008.08.19 11:16:59.621,2.0434,2.04375,2.10,1.00
2008.08.19 11:16:59.807,2.0434,2.04375,2.10,1.70
2008.08.19 11:16:59.990,2.04335,2.04375,2.10,1.70
2008.08.19 11:17:00.234,2.04335,2.0437,2.10,1.00
2008.08.19 11:17:00.538,2.0434,2.0437,2.10,1.00
2008.08.19 11:17:00.602,2.0434,2.04385,2.10,1.70
2008.08.19 11:17:04.607,2.0434,2.0438,2.10,1.00
2008.08.19 11:17:04.862,2.04335,2.04385,3.90,1.70
2008.08.19 11:17:07.356,2.04335,2.0438,3.90,1.70
2008.08.19 11:17:07.382,2.04335,2.0438,3.90,3.90
2008.08.19 11:17:07.430,2.04335,2.0437,3.90,1.00
2008.08.19 11:17:07.719,2.04335,2.0437,2.10,1.00
2008.08.19 11:17:08.382,2.0433,2.0437,2.10,1.00
2008.08.19 11:17:11.786,2.0433,2.0437,3.90,1.00
2008.08.19 11:17:13.162,2.0433,2.0438,2.10,2.70
2008.08.19 11:17:13.750,2.04335,2.04385,1.70,3.90
2008.08.19 11:17:14.046,2.0434,2.0437,1.70,1.00
2008.08.19 11:17:14.151,2.0434,2.04385,1.70,3.90
2008.08.19 11:17:15.157,2.0434,2.04385,1.70,3.20
2008.08.19 11:17:15.626,2.0434,2.04385,1.70,3.90
2008.08.19 11:17:15.814,2.0434,2.0437,1.70,1.00
2008.08.19 11:17:16.370,2.0433,2.0437,3.90,1.00
2008.08.19 11:17:18.106,2.04335,2.0438,1.70,2.10
2008.08.19 11:17:18.710,2.0434,2.0438,1.70,2.10
2008.08.19 11:17:19.848,2.0433,2.0438,3.90,2.10
2008.08.19 11:17:19.894,2.0433,2.0437,3.90,1.00
2008.08.19 11:17:19.944,2.0433,2.0437,5.20,1.00
2008.08.19 11:17:20.046,2.0433,2.0437,3.90,1.00
2008.08.19 11:17:20.184,2.0434,2.0437,1.70,1.00
2008.08.19 11:17:20.425,2.0433,2.0437,3.90,1.00
2008.08.19 11:17:39.842,2.0433,2.0438,3.90,2.10
2008.08.19 11:17:40.118,2.0433,2.0437,3.90,1.00
2008.08.19 11:18:06.023,2.0433,2.0437,3.90,1.70
2008.08.19 11:18:06.183,2.0433,2.0437,3.90,1.00
2008.08.19 11:18:06.265,2.0433,2.0436,1.70,1.00
2008.08.19 11:18:06.441,2.0433,2.0436,1.70,4.30
2008.08.19 11:18:06.517,2.0432,2.04345,2.10,1.00
2008.08.19 11:18:06.687,2.0431,2.04345,2.10,1.00
2008.08.19 11:18:09.722,2.043,2.0434,2.10,1.00
2008.08.19 11:18:10.264,2.043,2.04345,2.10,3.70
2008.08.19 11:18:13.389,2.04305,2.04345,2.10,3.70
2008.08.19 11:18:13.966,2.043,2.04345,2.10,3.70
2008.08.19 11:18:14.861,2.043,2.0434,2.10,1.00
2008.08.19 11:18:15.026,2.043,2.04345,2.10,3.70
2008.08.19 11:18:15.190,2.04295,2.04345,2.10,3.70
2008.08.19 11:18:15.274,2.04295,2.04345,2.10,4.80
2008.08.19 11:18:15.437,2.04295,2.04345,2.10,5.50
2008.08.19 11:18:15.781,2.04295,2.0434,2.10,2.70
2008.08.19 11:18:16.121,2.04295,2.04345,2.10,5.50
2008.08.19 11:18:16.639,2.0429,2.04335,3.90,1.70
2008.08.19 11:18:16.898,2.0429,2.0433,3.90,2.10
2008.08.19 11:18:17.006,2.0429,2.04335,3.90,1.70
2008.08.19 11:18:17.883,2.04295,2.0433,1.30,2.10
2008.08.19 11:18:18.331,2.043,2.0433,1.70,1.00
2008.08.19 11:18:18.670,2.04285,2.04335,2.10,4.40
2008.08.19 11:18:20.081,2.0428,2.04335,3.90,6.60
2008.08.19 11:18:20.246,2.0428,2.04335,3.90,8.20
2008.08.19 11:18:20.411,2.0428,2.04325,3.90,2.20
2008.08.19 11:18:20.574,2.04275,2.04325,4.90,2.20
2008.08.19 11:18:21.058,2.04275,2.04325,2.10,4.40
2008.08.19 11:18:21.390,2.0427,2.04315,3.90,1.00
2008.08.19 11:18:21.558,2.0427,2.04315,3.90,1.70
2008.08.19 11:18:22.053,2.0427,2.04315,2.10,1.70
2008.08.19 11:18:23.149,2.0427,2.0431,2.10,1.00
2008.08.19 11:18:23.490,2.0427,2.0431,3.90,1.00
2008.08.19 11:18:24.409,2.0427,2.04315,3.90,1.70
2008.08.19 11:18:25.325,2.0427,2.04315,2.10,1.70
2008.08.19 11:18:27.649,2.0427,2.04305,2.10,1.00
2008.08.19 11:18:27.777,2.0427,2.04305,2.10,1.70
2008.08.19 11:18:27.805,2.04265,2.04305,2.10,1.70
2008.08.19 11:18:28.745,2.04265,2.043,2.10,2.70
2008.08.19 11:18:29.769,2.0426,2.043,2.10,2.70
2008.08.19 11:18:31.338,2.0426,2.043,2.10,1.00
2008.08.19 11:18:31.470,2.04255,2.043,2.10,2.70
2008.08.19 11:18:31.730,2.04255,2.0429,2.10,1.00
2008.08.19 11:18:31.862,2.0425,2.0429,2.10,1.00
2008.08.19 11:18:32.140,2.0425,2.04295,2.10,4.40
2008.08.19 11:18:33.213,2.0425,2.0429,2.10,2.70
2008.08.19 11:18:36.148,2.04245,2.0429,2.10,2.70
2008.08.19 11:18:37.148,2.0424,2.0428,4.30,1.00
2008.08.19 11:18:37.471,2.0424,2.0429,4.30,3.30
2008.08.19 11:18:37.554,2.0424,2.04285,4.30,2.20
2008.08.19 11:18:37.638,2.0424,2.0428,4.30,1.00
2008.08.19 11:18:37.962,2.0424,2.04285,4.30,3.70
2008.08.19 11:18:38.125,2.0424,2.0428,4.30,2.70
2008.08.19 11:18:38.546,2.0424,2.04285,4.30,3.70
2008.08.19 11:18:39.222,2.0425,2.04285,2.10,3.70
2008.08.19 11:18:39.322,2.0425,2.0428,2.10,1.00
2008.08.19 11:18:39.418,2.0425,2.0429,2.10,5.50
2008.08.19 11:18:39.520,2.0425,2.04285,2.10,1.00
2008.08.19 11:18:39.617,2.0425,2.04285,2.10,2.20
2008.08.19 11:18:39.715,2.0425,2.0428,2.10,1.00
2008.08.19 11:18:40.625,2.0425,2.0429,3.20,5.50
2008.08.19 11:18:40.962,2.04245,2.0429,3.20,2.70
2008.08.19 11:18:41.298,2.0425,2.043,3.90,2.20
2008.08.19 11:18:41.649,2.0425,2.043,3.90,3.90
2008.08.19 11:18:42.386,2.0425,2.043,3.90,2.20
2008.08.19 11:18:42.861,2.0425,2.04285,1.70,1.60
2008.08.19 11:18:43.101,2.0425,2.04285,1.70,2.20
2008.08.19 11:18:43.341,2.0424,2.0428,4.30,2.70
2008.08.19 11:18:44.113,2.0425,2.0427,2.10,1.00
2008.08.19 11:18:44.374,2.04245,2.0427,2.10,1.00
2008.08.19 11:18:44.493,2.0425,2.0427,2.10,1.00
2008.08.19 11:18:47.980,2.0425,2.04275,2.10,3.20
2008.08.19 11:18:48.353,2.0425,2.0427,2.10,2.70
2008.08.19 11:18:48.602,2.0425,2.0426,2.10,1.00
2008.08.19 11:18:49.021,2.0425,2.04265,2.10,1.70
2008.08.19 11:18:49.307,2.0425,2.04265,2.10,3.70
2008.08.19 11:18:49.590,2.0425,2.04255,2.10,2.70
2008.08.19 11:18:49.873,2.0425,2.04265,2.10,8.70
2008.08.19 11:18:49.973,2.0425,2.0426,2.10,2.10
2008.08.19 11:18:50.169,2.04205,2.0426,1.70,2.10
2008.08.19 11:18:50.462,2.04205,2.04265,3.90,3.20
2008.08.19 11:18:50.657,2.0422,2.04265,1.00,2.10
2008.08.19 11:18:51.242,2.04215,2.04265,4.10,2.10
2008.08.19 11:18:51.538,2.04215,2.04265,2.80,2.10
2008.08.19 11:18:52.126,2.0422,2.04265,4.30,4.80
2008.08.19 11:18:52.282,2.0422,2.04265,1.00,5.90
2008.08.19 11:18:52.438,2.0421,2.04255,3.90,1.70
2008.08.19 11:18:52.594,2.04205,2.04245,3.20,2.70
2008.08.19 11:18:52.902,2.04205,2.04245,4.50,2.70
2008.08.19 11:18:53.212,2.04205,2.04245,3.20,2.70
2008.08.19 11:18:53.562,2.042,2.0425,3.90,4.90
2008.08.19 11:18:53.904,2.042,2.0424,2.10,5.40
2008.08.19 11:18:54.397,2.04195,2.0424,2.10,5.40
2008.08.19 11:18:54.726,2.04195,2.0425,2.10,8.20
2008.08.19 11:18:55.557,2.0419,2.0425,5.20,8.20
2008.08.19 11:18:55.790,2.0419,2.0425,5.20,6.60
2008.08.19 11:18:56.258,2.0419,2.0425,3.90,9.30
2008.08.19 11:18:56.637,2.0419,2.0425,2.10,12.00
2008.08.19 11:18:57.525,2.0419,2.0425,3.90,12.00
2008.08.19 11:18:57.766,2.042,2.0425,1.00,7.50
2008.08.19 11:18:57.992,2.042,2.04255,1.70,6.60
2008.08.19 11:18:58.433,2.042,2.0425,3.90,2.10
2008.08.19 11:18:58.895,2.042,2.04245,1.70,3.90
2008.08.19 11:18:59.605,2.042,2.04245,3.90,1.00
2008.08.19 11:18:59.946,2.042,2.04245,2.10,1.00
2008.08.19 11:19:00.395,2.042,2.04245,2.10,1.70
2008.08.19 11:19:00.484,2.042,2.04235,2.10,1.00
2008.08.19 11:19:00.794,2.04195,2.04245,2.10,8.20
2008.08.19 11:19:02.085,2.04195,2.0424,2.10,2.70
2008.08.19 11:19:02.181,2.04195,2.0423,2.10,1.00
2008.08.19 11:19:02.958,2.042,2.0424,2.10,2.70
2008.08.19 11:19:03.546,2.04205,2.04255,2.10,3.70
2008.08.19 11:19:05.744,2.04205,2.04255,1.70,3.20
2008.08.19 11:19:06.063,2.04205,2.0424,1.70,1.00
2008.08.19 11:19:06.298,2.04195,2.0425,3.20,4.80
2008.08.19 11:19:06.534,2.04195,2.04255,4.90,11.40
2008.08.19 11:19:06.770,2.0421,2.04255,4.50,7.50
2008.08.19 11:19:07.005,2.0421,2.04255,4.50,7.50
2008.08.19 11:19:07.166,2.04215,2.0426,1.70,2.10
2008.08.19 11:19:07.950,2.04215,2.0426,1.70,3.20
2008.08.19 11:19:08.286,2.0421,2.04255,1.70,3.20
2008.08.19 11:19:09.449,2.042,2.0425,6.30,2.10
2008.08.19 11:19:10.175,2.042,2.0425,4.50,2.10
2008.08.19 11:19:10.869,2.04205,2.0425,1.70,2.10
2008.08.19 11:19:12.018,2.04205,2.0425,3.10,2.10
2008.08.19 11:19:12.213,2.04205,2.0425,4.10,2.10
2008.08.19 11:19:12.658,2.0421,2.0425,1.70,2.10
2008.08.19 11:19:13.513,2.04205,2.0425,1.70,2.10
2008.08.19 11:19:13.850,2.0421,2.04255,1.30,2.10
2008.08.19 11:19:14.192,2.0422,2.0426,1.30,2.70
2008.08.19 11:19:14.315,2.04225,2.0427,1.70,2.10
2008.08.19 11:19:14.968,2.0422,2.04275,5.20,3.20
2008.08.19 11:19:15.212,2.0422,2.0427,2.10,2.70
2008.08.19 11:19:16.480,2.04225,2.0427,2.10,2.70
2008.08.19 11:19:16.702,2.0423,2.0427,2.10,2.70
2008.08.19 11:19:17.545,2.0423,2.0427,2.10,1.00
2008.08.19 11:19:18.481,2.0423,2.04275,2.10,1.70
2008.08.19 11:19:18.835,2.0423,2.0427,2.10,2.70
2008.08.19 11:19:19.726,2.0423,2.04275,2.10,4.40
2008.08.19 11:19:21.226,2.0423,2.04275,2.10,1.70
2008.08.19 11:19:22.525,2.04225,2.04275,2.10,1.70
2008.08.19 11:19:23.583,2.04225,2.04275,2.10,3.90
2008.08.19 11:19:23.837,2.04225,2.04275,2.10,6.60
2008.08.19 11:19:24.688,2.04225,2.04275,2.10,5.90
2008.08.19 11:19:25.145,2.0423,2.04275,2.10,5.90
2008.08.19 11:19:25.261,2.0423,2.04275,2.10,3.70
2008.08.19 11:19:25.845,2.0423,2.0427,2.10,4.30
2008.08.19 11:19:26.697,2.04235,2.0427,1.70,4.30
2008.08.19 11:19:27.551,2.04235,2.0427,3.90,4.30
2008.08.19 11:19:28.039,2.04235,2.0427,3.90,1.00
2008.08.19 11:19:29.249,2.04235,2.04285,3.90,3.90
2008.08.19 11:19:29.409,2.0424,2.04285,1.70,3.90
2008.08.19 11:19:29.476,2.0424,2.0429,1.70,2.10
2008.08.19 11:19:29.686,2.0424,2.0428,1.70,1.00
2008.08.19 11:19:29.851,2.0424,2.0428,1.70,4.30
2008.08.19 11:19:29.957,2.0425,2.0428,1.70,4.30
2008.08.19 11:19:30.509,2.0425,2.04285,1.70,1.70
2008.08.19 11:19:30.821,2.0424,2.04285,1.70,3.90
2008.08.19 11:19:31.430,2.04245,2.04285,1.70,1.70
2008.08.19 11:19:31.827,2.0424,2.04285,3.90,1.70
2008.08.19 11:19:32.519,2.0424,2.04285,1.70,3.90
2008.08.19 11:19:32.833,2.04245,2.04285,2.10,1.70
2008.08.19 11:19:33.489,2.0424,2.04285,3.90,1.70
2008.08.19 11:19:34.592,2.0424,2.04285,1.70,1.70
2008.08.19 11:19:34.620,2.0424,2.0427,1.70,1.00
2008.08.19 11:19:34.952,2.0424,2.0428,1.70,5.40
2008.08.19 11:19:34.982,2.0424,2.0428,1.70,2.10
2008.08.19 11:19:35.139,2.0424,2.0428,3.90,2.10
2008.08.19 11:19:35.165,2.0424,2.04295,3.90,1.70
2008.08.19 11:19:35.321,2.0424,2.04295,2.10,4.40
2008.08.19 11:19:35.535,2.0424,2.04295,3.90,1.70
2008.08.19 11:19:37.160,2.0424,2.04285,2.10,1.70
2008.08.19 11:19:38.962,2.0424,2.0428,2.10,1.00
2008.08.19 11:19:39.110,2.0424,2.0428,2.10,4.30
2008.08.19 11:19:39.398,2.0424,2.04285,2.10,1.70
2008.08.19 11:19:39.541,2.0424,2.0428,2.10,1.00
2008.08.19 11:19:39.846,2.0424,2.0428,2.10,4.30
2008.08.19 11:19:41.270,2.0424,2.0428,2.10,1.00
2008.08.19 11:19:41.397,2.04235,2.0428,3.90,1.00
2008.08.19 11:19:41.522,2.04235,2.04285,2.10,3.70
2008.08.19 11:19:41.890,2.04235,2.0428,2.10,2.70
2008.08.19 11:19:42.016,2.04235,2.0427,2.10,1.00
2008.08.19 11:19:42.311,2.0424,2.0427,2.10,1.00
2008.08.19 11:19:45.692,2.04235,2.04275,2.10,1.70
2008.08.19 11:19:45.949,2.04235,2.0427,2.10,1.00
2008.08.19 11:19:46.210,2.04235,2.0426,2.10,1.00
2008.08.19 11:19:46.483,2.0424,2.0427,2.10,1.00
2008.08.19 11:19:46.630,2.0425,2.04285,2.10,3.70
2008.08.19 11:19:46.778,2.0425,2.0428,2.10,1.00
2008.08.19 11:19:47.213,2.04255,2.0428,2.10,1.00
2008.08.19 11:19:49.106,2.0426,2.0428,2.10,1.00
2008.08.19 11:19:49.334,2.0426,2.04305,2.10,2.70
2008.08.19 11:19:49.841,2.0426,2.04305,2.10,3.20
2008.08.19 11:19:50.065,2.0426,2.04315,2.10,4.80
2008.08.19 11:19:50.513,2.0426,2.0431,2.10,2.70
2008.08.19 11:19:51.378,2.0426,2.04305,2.10,1.00
2008.08.19 11:19:51.550,2.0426,2.043,2.10,3.20
2008.08.19 11:19:51.722,2.0426,2.04305,2.10,1.70
2008.08.19 11:19:52.065,2.0426,2.04305,2.10,4.40
2008.08.19 11:19:52.225,2.0426,2.043,2.10,2.70
2008.08.19 11:19:52.944,2.0426,2.043,2.10,3.30
2008.08.19 11:19:53.281,2.0426,2.04295,2.10,3.70
2008.08.19 11:19:53.621,2.04255,2.04295,2.10,3.70
2008.08.19 11:19:54.533,2.04255,2.04305,2.10,5.90
2008.08.19 11:19:54.717,2.04255,2.04305,2.10,3.70
2008.08.19 11:19:54.837,2.04265,2.04305,2.10,3.70
2008.08.19 11:19:55.018,2.04265,2.04305,3.50,3.70
2008.08.19 11:19:55.257,2.0427,2.043,1.30,1.00
2008.08.19 11:19:55.590,2.0427,2.0431,2.10,1.00
2008.08.19 11:19:55.944,2.0428,2.0431,2.10,1.00
2008.08.19 11:19:57.773,2.0428,2.04325,2.10,3.70
2008.08.19 11:19:57.933,2.0428,2.0432,2.10,3.20
2008.08.19 11:19:58.089,2.0428,2.0432,2.10,1.00
2008.08.19 11:19:58.401,2.04285,2.0432,1.70,1.00
2008.08.19 11:19:59.666,2.0428,2.04325,2.10,3.70
2008.08.19 11:20:00.190,2.04285,2.04325,2.10,3.70
2008.08.19 11:20:00.249,2.04285,2.04325,2.10,2.70
2008.08.19 11:20:00.661,2.04285,2.0433,2.10,2.70
2008.08.19 11:20:01.982,2.04285,2.04335,2.10,1.00
2008.08.19 11:20:02.073,2.04285,2.04335,2.10,1.70
2008.08.19 11:20:02.533,2.04285,2.0433,2.10,2.70
2008.08.19 11:20:04.382,2.0428,2.0433,2.10,2.70
2008.08.19 11:20:06.593,2.0428,2.0432,2.10,1.00
2008.08.19 11:20:06.690,2.04275,2.0432,3.90,1.00
2008.08.19 11:20:06.786,2.04275,2.0432,3.90,4.30
2008.08.19 11:20:07.074,2.04275,2.0432,3.90,1.00
2008.08.19 11:20:07.177,2.04275,2.0432,2.10,2.70
2008.08.19 11:20:07.725,2.04275,2.0432,3.90,1.00
2008.08.19 11:20:08.726,2.04275,2.04325,3.90,1.70
2008.08.19 11:20:09.057,2.04275,2.0432,5.20,1.00
2008.08.19 11:20:10.036,2.04275,2.04325,3.90,1.70
2008.08.19 11:20:10.777,2.04275,2.0431,1.70,1.00
2008.08.19 11:20:11.329,2.04275,2.04325,1.70,3.20
2008.08.19 11:20:11.697,2.04275,2.0432,3.90,3.20
2008.08.19 11:20:11.821,2.04275,2.0432,3.90,1.00
2008.08.19 11:20:12.318,2.0428,2.04325,1.70,1.70
2008.08.19 11:20:12.569,2.0428,2.04315,1.70,1.00
2008.08.19 11:20:12.686,2.0427,2.04315,3.90,1.70
2008.08.19 11:20:13.154,2.0427,2.0431,3.90,4.30
2008.08.19 11:20:13.274,2.0427,2.0431,3.90,1.00
2008.08.19 11:20:13.394,2.0427,2.04315,2.10,4.40
2008.08.19 11:20:13.513,2.04265,2.04315,2.10,4.40
2008.08.19 11:20:19.278,2.0427,2.04315,1.30,3.70
2008.08.19 11:20:19.471,2.0428,2.0431,1.70,1.00
2008.08.19 11:20:20.529,2.0427,2.0431,1.70,1.00
2008.08.19 11:20:21.438,2.0427,2.0432,1.70,2.10
2008.08.19 11:20:23.480,2.0427,2.04325,3.90,7.00
2008.08.19 11:20:23.694,2.0427,2.04325,3.90,5.90
2008.08.19 11:20:31.671,2.0427,2.04325,5.20,5.90
2008.08.19 11:20:31.738,2.04275,2.04325,1.70,3.20
2008.08.19 11:20:33.895,2.0428,2.04325,1.30,3.20
2008.08.19 11:20:34.225,2.0428,2.0433,2.10,2.70
2008.08.19 11:20:34.389,2.0428,2.04335,3.90,5.90
2008.08.19 11:20:34.717,2.04285,2.04335,2.10,5.90
2008.08.19 11:20:35.517,2.04285,2.0433,2.10,2.80
2008.08.19 11:20:35.729,2.0428,2.0433,3.90,6.00
2008.08.19 11:20:36.198,2.0428,2.0432,1.70,1.00
2008.08.19 11:20:36.450,2.04275,2.0432,3.90,1.70
2008.08.19 11:20:36.706,2.04275,2.0432,2.10,2.20
2008.08.19 11:20:36.962,2.04275,2.0432,2.10,3.30
2008.08.19 11:20:37.153,2.04275,2.0432,2.10,2.70
2008.08.19 11:20:37.377,2.0427,2.0432,2.10,2.70
2008.08.19 11:20:37.441,2.0427,2.04325,3.90,6.60
2008.08.19 11:20:38.604,2.0427,2.0432,2.10,2.70
2008.08.19 11:20:38.821,2.0427,2.0432,2.10,3.30
2008.08.19 11:20:39.040,2.04265,2.04315,2.10,3.70
2008.08.19 11:20:39.437,2.04265,2.0431,2.10,2.70
2008.08.19 11:20:40.281,2.04265,2.0431,2.10,3.30
2008.08.19 11:20:40.570,2.04265,2.0431,2.10,2.70
2008.08.19 11:20:41.030,2.04265,2.0431,2.10,3.30
2008.08.19 11:20:41.429,2.04265,2.043,2.10,1.00
2008.08.19 11:20:41.734,2.0426,2.043,3.90,1.00
2008.08.19 11:20:42.345,2.0426,2.04305,2.10,3.70
2008.08.19 11:20:44.030,2.04255,2.04305,3.50,3.70
2008.08.19 11:20:44.541,2.0426,2.04305,2.10,3.70
2008.08.19 11:20:44.817,2.0426,2.0429,2.10,1.00
2008.08.19 11:20:47.609,2.04255,2.0429,2.10,1.00
2008.08.19 11:20:48.583,2.04255,2.04295,2.10,3.70
2008.08.19 11:20:49.515,2.0425,2.0428,2.10,4.30
2008.08.19 11:20:50.020,2.04245,2.0428,2.10,4.30
2008.08.19 11:20:50.693,2.0424,2.0428,2.10,4.30
2008.08.19 11:20:52.332,2.0424,2.04285,2.10,3.70
2008.08.19 11:20:54.613,2.04245,2.04285,2.10,3.70
2008.08.19 11:20:54.915,2.04245,2.0428,2.10,4.30
2008.08.19 11:20:55.310,2.04245,2.04275,2.10,1.00
2008.08.19 11:20:55.393,2.0424,2.0426,2.10,1.00
2008.08.19 11:20:55.633,2.0424,2.0427,2.10,1.00
2008.08.19 11:20:56.113,2.0424,2.04275,2.10,3.70
2008.08.19 11:20:56.626,2.0424,2.0427,2.10,1.00
2008.08.19 11:20:56.886,2.04235,2.0427,2.10,1.00
2008.08.19 11:20:57.141,2.04235,2.0428,2.10,2.20
2008.08.19 11:20:57.397,2.04235,2.04285,2.10,5.90
2008.08.19 11:20:57.961,2.04235,2.04285,3.90,3.20
2008.08.19 11:20:58.909,2.04235,2.0428,3.50,2.70
2008.08.19 11:20:59.509,2.04235,2.0428,3.90,1.00
2008.08.19 11:20:59.905,2.04235,2.0428,2.10,1.00
2008.08.19 11:21:00.169,2.0423,2.04285,5.20,3.20
2008.08.19 11:21:00.645,2.0423,2.04285,6.30,3.20
2008.08.19 11:21:01.161,2.04235,2.0428,2.10,1.00
2008.08.19 11:21:01.509,2.04235,2.04285,2.10,3.70
2008.08.19 11:21:01.689,2.04235,2.04285,3.50,3.70
2008.08.19 11:21:01.865,2.0424,2.04285,2.10,3.70
2008.08.19 11:21:03.203,2.0425,2.04285,7.00,2.70
2008.08.19 11:21:03.408,2.0424,2.04285,7.00,2.70
2008.08.19 11:21:03.505,2.0425,2.04285,4.80,2.70
2008.08.19 11:21:03.601,2.0425,2.04285,3.20,2.70
2008.08.19 11:21:03.937,2.0424,2.04285,2.10,2.70
2008.08.19 11:21:04.273,2.04245,2.04295,1.70,3.90
2008.08.19 11:21:05.209,2.04245,2.0428,1.70,1.00
2008.08.19 11:21:05.870,2.0424,2.0428,3.90,1.00
2008.08.19 11:21:06.474,2.04245,2.04295,1.80,3.20
2008.08.19 11:21:06.777,2.04245,2.04295,1.70,3.20
2008.08.19 11:21:08.428,2.04245,2.0428,1.70,1.00
2008.08.19 11:21:09.714,2.0425,2.04295,1.70,3.20
2008.08.19 11:21:10.029,2.0425,2.04295,1.70,3.90
2008.08.19 11:21:10.341,2.04245,2.04295,1.70,3.90
2008.08.19 11:21:13.133,2.0425,2.04295,1.70,3.90
2008.08.19 11:21:13.685,2.04245,2.04295,1.70,3.90
2008.08.19 11:21:13.961,2.04245,2.0428,1.70,2.20
2008.08.19 11:21:14.250,2.04235,2.0427,3.90,1.00
2008.08.19 11:21:14.557,2.04235,2.0427,2.10,1.00
2008.08.19 11:21:14.873,2.0423,2.0427,3.90,1.00
2008.08.19 11:21:16.073,2.0423,2.0427,1.70,1.00
2008.08.19 11:21:16.165,2.0423,2.0426,1.70,1.00
2008.08.19 11:21:16.509,2.04225,2.0426,2.10,4.80
2008.08.19 11:21:16.681,2.04215,2.0426,2.10,2.70
2008.08.19 11:21:17.584,2.04215,2.0426,3.50,2.70
2008.08.19 11:21:17.798,2.0422,2.0426,3.20,2.70
2008.08.19 11:21:18.030,2.0422,2.0426,2.10,2.70
2008.08.19 11:21:18.241,2.0422,2.04265,3.50,2.70
2008.08.19 11:21:18.453,2.0422,2.0427,3.50,5.90
2008.08.19 11:21:19.061,2.04225,2.04275,1.70,3.20
2008.08.19 11:21:19.486,2.04225,2.0426,1.70,1.00
2008.08.19 11:21:19.605,2.0422,2.0426,2.10,1.00
2008.08.19 11:21:19.977,2.0422,2.0427,2.10,2.70
2008.08.19 11:21:20.217,2.0423,2.0427,2.70,2.70
2008.08.19 11:21:20.337,2.0423,2.0427,5.90,4.80
2008.08.19 11:21:20.489,2.04225,2.0427,1.00,4.80
2008.08.19 11:21:20.793,2.04215,2.0427,4.90,4.80
2008.08.19 11:21:22.474,2.04215,2.0426,3.90,1.00
2008.08.19 11:21:22.568,2.04215,2.04265,2.10,3.70
2008.08.19 11:21:23.193,2.0421,2.04265,7.10,5.90
2008.08.19 11:21:23.238,2.04215,2.04265,1.70,3.20
2008.08.19 11:21:23.775,2.0421,2.04265,3.90,5.90
2008.08.19 11:21:25.873,2.04215,2.04265,1.70,5.90
2008.08.19 11:21:27.693,2.04215,2.0426,1.70,2.10
2008.08.19 11:21:28.061,2.04215,2.0425,1.70,1.00
2008.08.19 11:21:28.133,2.04215,2.04255,1.70,3.20
2008.08.19 11:21:28.386,2.0421,2.04255,1.70,3.20
2008.08.19 11:21:28.425,2.0421,2.04255,1.70,3.90
2008.08.19 11:21:28.685,2.042,2.04255,3.90,6.60
2008.08.19 11:21:30.648,2.042,2.0426,3.90,11.40
2008.08.19 11:21:30.793,2.042,2.04255,2.10,8.60
2008.08.19 11:21:30.936,2.0421,2.0426,1.00,10.30
2008.08.19 11:21:31.131,2.0421,2.0426,1.70,4.30
2008.08.19 11:21:31.909,2.0422,2.0426,1.70,4.30
2008.08.19 11:21:32.025,2.0422,2.0426,1.70,4.30
2008.08.19 11:21:32.373,2.0422,2.0426,1.70,2.10
2008.08.19 11:21:32.605,2.0421,2.0426,1.70,2.10
2008.08.19 11:21:32.721,2.0421,2.04265,3.90,6.60
2008.08.19 11:21:36.058,2.0421,2.04265,1.70,6.60
2008.08.19 11:21:36.169,2.0421,2.0426,1.70,2.10
2008.08.19 11:21:36.793,2.04205,2.0426,4.90,4.80
2008.08.19 11:21:37.309,2.04205,2.04255,3.20,2.70
2008.08.19 11:21:37.817,2.04205,2.04255,3.20,4.80
2008.08.19 11:21:38.733,2.042,2.04255,3.90,5.90
2008.08.19 11:21:38.974,2.042,2.0426,3.90,12.90
2008.08.19 11:21:39.221,2.042,2.0425,2.10,6.00
2008.08.19 11:21:40.853,2.04205,2.0425,2.10,5.40
2008.08.19 11:21:41.065,2.04205,2.0426,2.10,9.30
2008.08.19 11:21:43.205,2.04205,2.04255,2.10,4.40
2008.08.19 11:21:44.603,2.0421,2.04255,2.10,3.30
2008.08.19 11:21:45.037,2.0421,2.04255,3.90,2.20
2008.08.19 11:21:45.237,2.04215,2.0426,2.10,2.20
2008.08.19 11:21:45.437,2.04215,2.0425,3.50,1.00
2008.08.19 11:21:45.637,2.04225,2.04265,2.10,4.40
2008.08.19 11:21:46.037,2.04225,2.04265,2.10,3.70
2008.08.19 11:21:46.309,2.0422,2.0425,2.10,1.00
2008.08.19 11:21:46.581,2.0422,2.0426,2.10,2.70
2008.08.19 11:21:46.853,2.04225,2.0426,2.10,1.00
2008.08.19 11:21:47.126,2.0423,2.0427,1.70,1.00
2008.08.19 11:21:47.549,2.04225,2.0427,3.90,1.00
2008.08.19 11:21:47.829,2.04225,2.0428,4.90,2.80
2008.08.19 11:21:48.168,2.04225,2.0427,3.90,1.00
2008.08.19 11:21:48.569,2.04225,2.0428,4.90,2.80
2008.08.19 11:21:48.969,2.04225,2.0428,4.90,5.50
2008.08.19 11:21:49.433,2.04225,2.0428,4.90,2.80
2008.08.19 11:21:49.960,2.04225,2.0427,3.90,1.00
2008.08.19 11:21:50.225,2.04225,2.04275,2.10,3.70
2008.08.19 11:21:50.289,2.04225,2.04275,3.20,2.70
2008.08.19 11:21:50.557,2.04225,2.04275,4.50,2.70
2008.08.19 11:21:50.621,2.0423,2.04275,2.10,2.70
2008.08.19 11:21:51.005,2.0423,2.04285,2.10,8.10
2008.08.19 11:21:51.340,2.04235,2.04285,2.10,3.70
2008.08.19 11:21:55.289,2.04235,2.0428,2.10,2.70
2008.08.19 11:21:55.998,2.0423,2.0428,2.10,2.70
2008.08.19 11:21:56.270,2.0424,2.0428,1.00,2.70
2008.08.19 11:21:56.471,2.0424,2.04285,1.00,4.80
2008.08.19 11:21:56.674,2.04235,2.0429,4.90,4.80
2008.08.19 11:21:57.077,2.04235,2.0428,3.90,1.00
2008.08.19 11:21:57.277,2.04235,2.04285,2.10,3.70
2008.08.19 11:21:57.437,2.04235,2.04285,3.20,2.70
2008.08.19 11:21:57.760,2.04235,2.0429,4.90,4.80
2008.08.19 11:21:59.461,2.04235,2.0428,3.90,1.00
2008.08.19 11:21:59.709,2.04235,2.0427,3.90,1.00
2008.08.19 11:22:00.155,2.04235,2.0427,2.10,1.00
2008.08.19 11:22:00.549,2.0423,2.04275,2.10,3.70
2008.08.19 11:22:02.429,2.0423,2.0427,2.10,1.00
2008.08.19 11:22:02.662,2.04225,2.0427,3.90,1.00
2008.08.19 11:22:03.380,2.04225,2.04275,2.10,3.70
2008.08.19 11:22:05.356,2.04225,2.0427,3.90,1.00
2008.08.19 11:22:05.804,2.04225,2.0427,2.10,1.00
2008.08.19 11:22:06.121,2.0423,2.0427,1.30,1.00
2008.08.19 11:22:06.387,2.0424,2.0428,1.70,2.10
2008.08.19 11:22:06.633,2.0424,2.0429,1.70,2.10
2008.08.19 11:22:06.894,2.0424,2.0428,1.70,1.00
2008.08.19 11:22:07.490,2.04235,2.0428,3.90,1.00
2008.08.19 11:22:07.590,2.04235,2.0428,2.10,1.00
2008.08.19 11:22:07.915,2.0424,2.0428,2.10,1.00
2008.08.19 11:22:08.521,2.0424,2.0429,2.10,2.70
2008.08.19 11:22:08.725,2.04245,2.04295,2.10,6.60
2008.08.19 11:22:08.929,2.04245,2.04295,3.20,2.70
2008.08.19 11:22:09.133,2.04245,2.04295,2.10,4.40
2008.08.19 11:22:09.541,2.04245,2.0429,3.90,4.30
2008.08.19 11:22:09.845,2.0425,2.04305,3.90,3.90
2008.08.19 11:22:10.149,2.0425,2.04305,3.90,3.20
2008.08.19 11:22:11.029,2.0425,2.04305,3.90,3.90
2008.08.19 11:22:11.613,2.0425,2.04305,3.90,6.60
2008.08.19 11:22:11.770,2.0425,2.04305,3.90,3.90
2008.08.19 11:22:12.399,2.04255,2.04305,2.80,2.10
2008.08.19 11:22:12.481,2.04265,2.04305,1.70,2.10
2008.08.19 11:22:12.573,2.0428,2.0431,1.00,4.90
2008.08.19 11:22:12.648,2.04265,2.0431,1.70,4.30
2008.08.19 11:22:12.877,2.04265,2.0431,1.70,2.10
2008.08.19 11:22:13.029,2.0426,2.0431,1.70,2.80
2008.08.19 11:22:13.333,2.04255,2.043,2.10,1.00
2008.08.19 11:22:13.789,2.04255,2.0431,3.20,5.50
2008.08.19 11:22:14.088,2.04255,2.0431,4.90,5.50
2008.08.19 11:22:14.389,2.0426,2.0431,1.70,2.80
2008.08.19 11:22:15.468,2.0426,2.04305,1.70,2.10
2008.08.19 11:22:21.217,2.0426,2.04305,1.70,3.20
2008.08.19 11:22:21.895,2.0425,2.04305,3.90,3.20
2008.08.19 11:22:24.627,2.0426,2.04305,1.00,2.10
2008.08.19 11:22:24.794,2.04255,2.04305,2.80,2.10
2008.08.19 11:22:25.516,2.0426,2.04305,1.70,2.10
2008.08.19 11:22:28.825,2.0426,2.0431,1.70,2.80
2008.08.19 11:22:35.846,2.0426,2.04295,1.70,1.00
2008.08.19 11:22:36.049,2.0426,2.04295,1.70,2.20
2008.08.19 11:22:36.250,2.0426,2.04305,1.00,5.50
2008.08.19 11:22:36.368,2.0426,2.04305,1.00,4.80
2008.08.19 11:22:36.729,2.0426,2.04305,1.00,2.10
2008.08.19 11:22:36.969,2.04255,2.04305,2.40,2.10
2008.08.19 11:22:37.569,2.04255,2.04305,4.10,2.10
2008.08.19 11:22:38.037,2.04255,2.04305,4.30,2.10
2008.08.19 11:22:38.228,2.0426,2.04305,1.70,2.10
2008.08.19 11:22:38.325,2.0426,2.0431,1.70,2.10
2008.08.19 11:22:44.081,2.04265,2.0431,1.30,2.10
2008.08.19 11:22:44.368,2.0427,2.0431,1.70,2.10
2008.08.19 11:22:45.713,2.04265,2.0431,2.80,2.10
2008.08.19 11:22:45.886,2.0427,2.0431,1.00,2.10
2008.08.19 11:22:51.772,2.0426,2.0431,1.70,2.10
2008.08.19 11:22:52.237,2.0426,2.04305,1.70,2.10
2008.08.19 11:22:52.468,2.04255,2.04305,4.90,2.10
2008.08.19 11:22:52.701,2.04255,2.04305,4.90,2.80
2008.08.19 11:22:52.949,2.04255,2.04305,3.20,2.80
2008.08.19 11:22:53.837,2.04255,2.04305,3.20,5.50
2008.08.19 11:22:55.557,2.0426,2.04305,1.00,5.50
2008.08.19 11:22:55.676,2.0426,2.04305,1.00,4.80
2008.08.19 11:22:55.796,2.0426,2.043,1.00,2.70
2008.08.19 11:22:56.276,2.0426,2.04305,1.00,2.10
2008.08.19 11:22:57.522,2.04255,2.04305,2.80,2.10
2008.08.19 11:22:57.798,2.04255,2.04305,1.70,3.20
2008.08.19 11:22:59.257,2.04255,2.04305,3.90,3.20
2008.08.19 11:22:59.879,2.04255,2.04305,4.90,2.10
2008.08.19 11:23:01.128,2.0426,2.04305,1.70,2.10
2008.08.19 11:23:01.915,2.04255,2.04305,6.40,2.10
2008.08.19 11:23:02.069,2.04255,2.04305,6.30,2.10
2008.08.19 11:23:03.437,2.04255,2.04305,4.90,2.10
2008.08.19 11:23:03.508,2.04255,2.04305,3.90,3.20
2008.08.19 11:23:03.885,2.04255,2.04305,6.30,2.10
2008.08.19 11:23:05.336,2.0426,2.04305,1.70,2.10
2008.08.19 11:23:10.813,2.0426,2.0431,1.70,2.10
2008.08.19 11:23:12.552,2.0427,2.0431,1.70,2.10
2008.08.19 11:23:20.848,2.04275,2.0431,2.80,2.10
2008.08.19 11:23:21.617,2.04275,2.04315,2.80,2.10
2008.08.19 11:23:21.919,2.0428,2.04315,1.00,2.10
2008.08.19 11:23:22.384,2.0428,2.04315,1.30,2.10
2008.08.19 11:23:22.457,2.0429,2.04315,1.00,2.10
2008.08.19 11:23:22.600,2.0429,2.0432,1.00,2.10
2008.08.19 11:23:23.190,2.04295,2.0432,1.70,2.10
2008.08.19 11:23:23.365,2.04295,2.04325,1.70,2.80
2008.08.19 11:23:23.817,2.04295,2.04325,1.70,2.10
2008.08.19 11:23:23.921,2.0429,2.0433,1.00,5.50
2008.08.19 11:23:24.140,2.0429,2.0433,1.00,5.50
2008.08.19 11:23:24.245,2.04275,2.0433,6.30,4.80
2008.08.19 11:23:24.348,2.0428,2.04325,1.70,2.10
2008.08.19 11:23:24.452,2.0429,2.04325,1.00,2.10
2008.08.19 11:23:24.779,2.0429,2.04325,1.00,4.80
2008.08.19 11:23:25.025,2.0429,2.04325,1.00,2.10
2008.08.19 11:23:26.317,2.0428,2.0432,1.70,2.10
2008.08.19 11:23:26.458,2.04275,2.0432,4.10,2.10
2008.08.19 11:23:27.209,2.04275,2.04325,2.40,4.80
2008.08.19 11:23:27.783,2.04275,2.0432,4.10,2.10
2008.08.19 11:23:27.909,2.0428,2.0432,1.00,2.10
2008.08.19 11:23:28.221,2.0428,2.0431,1.00,2.10
2008.08.19 11:23:28.726,2.0428,2.04305,1.00,2.10
2008.08.19 11:23:28.978,2.0428,2.0431,1.00,4.80
2008.08.19 11:23:29.220,2.04265,2.0431,2.80,2.10
2008.08.19 11:23:29.492,2.0427,2.0431,1.00,2.10
2008.08.19 11:23:30.315,2.04265,2.0431,2.80,2.10
2008.08.19 11:23:31.108,2.0427,2.0431,1.30,2.10
2008.08.19 11:23:31.169,2.0428,2.0431,1.00,2.10
2008.08.19 11:23:31.228,2.0428,2.0431,4.30,2.10
2008.08.19 11:23:31.288,2.04275,2.0431,2.80,2.10
2008.08.19 11:23:31.689,2.04275,2.04315,2.80,2.10
2008.08.19 11:23:31.888,2.0428,2.04315,1.70,2.10
2008.08.19 11:23:39.346,2.0428,2.0432,1.70,2.10
2008.08.19 11:23:41.068,2.0428,2.0432,2.80,2.10
2008.08.19 11:23:41.704,2.0428,2.0432,1.70,2.10
2008.08.19 11:23:43.408,2.0428,2.04315,1.70,2.10
2008.08.19 11:23:43.660,2.04275,2.04315,2.80,2.10
2008.08.19 11:23:44.175,2.0429,2.0431,1.70,2.10
2008.08.19 11:23:44.337,2.04285,2.0432,1.70,2.10
2008.08.19 11:23:44.503,2.04285,2.04325,1.70,2.10
2008.08.19 11:23:44.987,2.04285,2.0433,1.70,2.10
2008.08.19 11:23:45.254,2.0431,2.0433,1.00,2.10
2008.08.19 11:23:45.521,2.043,2.0433,1.00,2.10
2008.08.19 11:23:45.784,2.043,2.04335,1.00,2.10
2008.08.19 11:23:47.250,2.043,2.04335,2.10,2.10
2008.08.19 11:23:47.680,2.043,2.04335,1.00,2.10
2008.08.19 11:23:49.381,2.043,2.04335,1.00,2.80
2008.08.19 11:23:49.412,2.043,2.0433,1.00,2.10
2008.08.19 11:23:49.444,2.04285,2.0433,2.80,2.10
2008.08.19 11:23:49.541,2.0429,2.0433,1.00,2.10
2008.08.19 11:23:50.508,2.04285,2.0433,2.80,2.10
2008.08.19 11:23:50.744,2.043,2.04335,1.00,2.10
2008.08.19 11:23:51.216,2.0429,2.04325,1.70,2.10
2008.08.19 11:23:51.661,2.04285,2.04325,2.80,2.10
2008.08.19 11:23:52.093,2.0429,2.04325,1.00,2.10
2008.08.19 11:23:52.235,2.0429,2.04325,1.00,2.80
2008.08.19 11:23:52.516,2.0428,2.0432,1.70,2.10
2008.08.19 11:23:52.671,2.0428,2.0432,5.40,2.10
2008.08.19 11:23:52.815,2.0428,2.0432,5.40,2.80
2008.08.19 11:23:52.956,2.0428,2.0432,5.40,4.80
2008.08.19 11:23:53.408,2.0428,2.04315,5.40,2.10
2008.08.19 11:23:53.924,2.04275,2.04315,2.80,2.10
2008.08.19 11:23:54.491,2.04275,2.0432,2.80,2.10
2008.08.19 11:23:54.934,2.0429,2.0432,1.00,2.10
2008.08.19 11:23:55.375,2.0429,2.0432,1.70,2.10
2008.08.19 11:23:55.592,2.0429,2.04325,1.70,2.10
2008.08.19 11:23:56.024,2.04285,2.04325,2.80,2.10
2008.08.19 11:23:56.243,2.04285,2.0433,2.80,2.10
2008.08.19 11:23:57.121,2.0429,2.0433,1.70,2.10
2008.08.19 11:23:59.077,2.04285,2.0433,2.80,2.10
2008.08.19 11:24:00.290,2.043,2.0433,1.70,2.10
2008.08.19 11:24:00.514,2.0431,2.04335,1.00,2.10
2008.08.19 11:24:00.736,2.043,2.04335,1.70,2.10
2008.08.19 11:24:01.190,2.043,2.04335,1.00,2.10
2008.08.19 11:24:04.816,2.043,2.0434,1.00,2.10
2008.08.19 11:24:05.673,2.043,2.0434,1.70,2.10
2008.08.19 11:24:05.975,2.043,2.04345,1.70,2.80
2008.08.19 11:24:06.136,2.043,2.04345,1.00,5.50
2008.08.19 11:24:07.620,2.043,2.04335,1.00,2.10
2008.08.19 11:24:08.692,2.043,2.04335,1.00,2.80
2008.08.19 11:24:09.024,2.043,2.04335,1.00,2.10
2008.08.19 11:24:10.528,2.04285,2.04335,4.90,2.10
2008.08.19 11:24:11.320,2.04285,2.04335,4.90,2.80
2008.08.19 11:24:11.924,2.04285,2.04335,1.70,3.90
2008.08.19 11:24:12.276,2.0428,2.0433,3.90,3.90
2008.08.19 11:24:12.452,2.04275,2.04325,4.90,2.10
2008.08.19 11:24:12.804,2.0428,2.04325,1.70,2.10
2008.08.19 11:24:13.955,2.0428,2.0431,1.70,2.20
2008.08.19 11:24:14.048,2.0427,2.0431,2.10,3.30
2008.08.19 11:24:14.432,2.04255,2.0431,4.90,5.50
2008.08.19 11:24:14.624,2.04255,2.04305,3.20,2.70
2008.08.19 11:24:14.912,2.0426,2.04305,1.00,4.80
2008.08.19 11:24:15.472,2.0426,2.043,1.00,2.10
2008.08.19 11:24:15.752,2.0426,2.043,1.00,4.80
2008.08.19 11:24:16.034,2.0426,2.04295,1.00,2.70
2008.08.19 11:24:16.565,2.0426,2.043,1.00,2.10
2008.08.19 11:24:16.916,2.0425,2.043,1.70,2.10
2008.08.19 11:24:17.092,2.04245,2.04295,4.50,2.70
2008.08.19 11:24:17.524,2.0426,2.04295,1.00,2.70
2008.08.19 11:24:17.812,2.0426,2.04305,1.00,4.80
2008.08.19 11:24:18.463,2.0426,2.04305,1.00,5.50
2008.08.19 11:24:18.706,2.0426,2.043,1.00,2.10
2008.08.19 11:24:19.184,2.04255,2.043,2.80,2.10
2008.08.19 11:24:19.680,2.0426,2.043,1.00,2.10
2008.08.19 11:24:20.229,2.0426,2.04295,1.00,2.70
2008.08.19 11:24:21.781,2.0426,2.043,1.00,2.10
2008.08.19 11:24:22.645,2.0426,2.043,1.00,4.80
2008.08.19 11:24:26.624,2.0426,2.043,1.00,2.10
2008.08.19 11:24:29.037,2.0425,2.04265,3.90,2.10
2008.08.19 11:24:29.204,2.0425,2.04315,3.90,2.10
2008.08.19 11:24:29.372,2.04255,2.04315,1.70,2.10
2008.08.19 11:24:29.876,2.04255,2.04315,2.80,2.10
2008.08.19 11:24:30.056,2.0426,2.04315,1.00,2.10
2008.08.19 11:24:30.584,2.0425,2.043,1.70,2.10
2008.08.19 11:24:31.646,2.0425,2.0429,1.70,2.10
2008.08.19 11:24:31.993,2.0424,2.04285,1.70,2.10
2008.08.19 11:24:38.173,2.0424,2.0428,1.70,2.10
2008.08.19 11:24:39.279,2.0424,2.04285,1.70,2.10
2008.08.19 11:24:43.323,2.04245,2.04285,1.70,2.10
2008.08.19 11:24:44.884,2.0424,2.04285,1.70,2.10
2008.08.19 11:24:45.369,2.04235,2.04285,2.80,2.10
2008.08.19 11:24:45.709,2.04235,2.0428,2.80,2.10
2008.08.19 11:24:46.728,2.04235,2.0428,1.70,2.10
2008.08.19 11:24:58.879,2.04235,2.0428,2.80,2.10
2008.08.19 11:24:58.909,2.0424,2.0428,1.30,2.10
2008.08.19 11:24:59.281,2.04245,2.0428,1.70,2.10
2008.08.19 11:25:00.108,2.0424,2.0428,1.70,2.10
2008.08.19 11:25:00.824,2.04255,2.0429,4.30,2.10
2008.08.19 11:25:01.124,2.04255,2.04295,4.30,2.10
2008.08.19 11:25:01.424,2.04245,2.0428,1.70,3.20
2008.08.19 11:25:01.977,2.0424,2.0429,3.90,5.90
2008.08.19 11:25:02.160,2.0424,2.0429,1.70,8.10
2008.08.19 11:25:03.868,2.0424,2.0429,1.70,6.00
2008.08.19 11:25:03.992,2.0424,2.0429,4.90,2.10
2008.08.19 11:25:04.240,2.0425,2.0429,1.70,2.10
2008.08.19 11:25:04.808,2.04245,2.0428,1.70,3.20
2008.08.19 11:25:05.769,2.04245,2.0427,1.70,3.20
2008.08.19 11:25:05.940,2.04245,2.0428,1.70,3.90
2008.08.19 11:25:06.276,2.04245,2.0428,1.70,2.80
2008.08.19 11:25:06.612,2.0423,2.0428,3.90,2.80
2008.08.19 11:25:06.828,2.0423,2.0428,2.10,8.70
2008.08.19 11:25:07.693,2.0423,2.0428,2.10,6.00
2008.08.19 11:25:09.276,2.0423,2.0428,2.10,8.70
2008.08.19 11:25:14.101,2.0423,2.0428,2.10,8.10
2008.08.19 11:25:32.844,2.0423,2.0428,2.10,8.70
2008.08.19 11:25:33.900,2.0423,2.0428,2.10,5.50
2008.08.19 11:25:34.124,2.0423,2.0428,2.10,3.30
2008.08.19 11:25:34.358,2.0423,2.0428,4.30,6.60
2008.08.19 11:25:34.512,2.0423,2.0428,6.00,3.90
2008.08.19 11:25:34.852,2.0423,2.0428,6.00,2.20
2008.08.19 11:25:35.504,2.04235,2.0428,1.70,2.20
2008.08.19 11:25:36.080,2.04235,2.0428,1.70,3.90
2008.08.19 11:25:36.688,2.04235,2.0428,1.70,2.20
2008.08.19 11:25:38.000,2.04235,2.0428,1.70,3.90
2008.08.19 11:25:38.236,2.04235,2.0428,3.90,3.90
2008.08.19 11:25:40.435,2.04235,2.0428,1.70,3.90
2008.08.19 11:25:40.956,2.04235,2.0428,1.70,4.40
2008.08.19 11:25:41.216,2.04225,2.04265,5.10,1.60
2008.08.19 11:25:41.376,2.04225,2.0427,4.90,2.20
2008.08.19 11:25:46.492,2.04225,2.0428,4.90,12.50
2008.08.19 11:25:46.696,2.04225,2.0427,3.20,3.90
2008.08.19 11:25:46.902,2.0423,2.0427,1.70,3.90
2008.08.19 11:25:47.465,2.04225,2.0427,3.20,3.90
2008.08.19 11:25:48.456,2.04225,2.04275,3.20,2.70
2008.08.19 11:25:48.572,2.0423,2.0428,1.70,6.00
2008.08.19 11:25:48.688,2.0423,2.0428,3.90,3.90
2008.08.19 11:25:49.723,2.04235,2.0428,2.10,3.90
2008.08.19 11:25:49.884,2.04235,2.0427,2.10,3.20
2008.08.19 11:25:49.964,2.04235,2.0427,2.10,4.80
2008.08.19 11:25:50.056,2.04235,2.04275,2.10,2.20
2008.08.19 11:25:50.136,2.04235,2.04265,2.10,2.20
2008.08.19 11:25:50.434,2.04235,2.04275,2.10,2.20
2008.08.19 11:25:50.732,2.04235,2.0427,2.10,3.20
2008.08.19 11:25:52.531,2.0424,2.0427,2.10,3.20
2008.08.19 11:25:52.659,2.0424,2.0428,2.10,3.90
2008.08.19 11:25:52.955,2.0424,2.0427,2.10,3.90
2008.08.19 11:25:58.304,2.0424,2.04275,2.10,3.30
2008.08.19 11:25:58.665,2.0424,2.04275,2.10,2.70
2008.08.19 11:25:58.769,2.0424,2.04275,2.10,3.30
2008.08.19 11:25:58.889,2.0424,2.04275,2.10,2.70
2008.08.19 11:25:58.908,2.0424,2.0428,2.10,2.70
2008.08.19 11:25:58.932,2.04245,2.0428,2.10,2.70
2008.08.19 11:25:59.031,2.04245,2.04285,2.10,7.50
2008.08.19 11:25:59.122,2.04245,2.04285,2.10,5.90
2008.08.19 11:25:59.250,2.04245,2.04285,2.10,3.70
2008.08.19 11:25:59.594,2.04245,2.0428,2.10,1.00
2008.08.19 11:26:03.838,2.04245,2.0429,2.10,3.30
2008.08.19 11:26:06.480,2.0425,2.0429,2.10,3.30
2008.08.19 11:26:06.983,2.04245,2.0429,2.10,3.30
2008.08.19 11:26:07.320,2.04245,2.0428,2.10,1.00
2008.08.19 11:26:07.488,2.04245,2.0428,2.10,2.20
2008.08.19 11:26:07.843,2.04245,2.0428,2.10,3.30
2008.08.19 11:26:11.408,2.04245,2.0428,2.10,2.70
2008.08.19 11:26:11.568,2.04245,2.0429,2.10,6.60
2008.08.19 11:26:21.648,2.0424,2.04285,2.10,2.70
2008.08.19 11:26:21.711,2.0424,2.0429,2.10,3.30
2008.08.19 11:26:23.254,2.04245,2.0429,2.10,3.30
2008.08.19 11:26:23.703,2.04245,2.0429,2.10,6.60
2008.08.19 11:26:23.923,2.0424,2.0429,2.10,6.60
2008.08.19 11:26:24.276,2.0424,2.0429,2.10,8.20
2008.08.19 11:26:24.404,2.0424,2.0428,2.10,2.20
2008.08.19 11:26:25.200,2.04235,2.0427,2.10,1.70
2008.08.19 11:26:25.380,2.04235,2.0427,2.10,3.30
2008.08.19 11:26:25.739,2.0423,2.0427,2.10,3.30
2008.08.19 11:26:28.869,2.0423,2.0427,2.10,2.20
2008.08.19 11:26:28.883,2.0423,2.0427,2.10,1.00
2008.08.19 11:26:28.926,2.04235,2.0427,2.10,1.00
2008.08.19 11:26:28.944,2.04235,2.04275,2.10,2.20
2008.08.19 11:26:29.264,2.04235,2.0428,2.10,2.70
2008.08.19 11:26:29.479,2.0424,2.0428,2.10,2.70
2008.08.19 11:26:30.008,2.04245,2.0428,2.10,2.70
2008.08.19 11:26:30.136,2.04255,2.0428,2.10,2.10
2008.08.19 11:26:30.264,2.04255,2.04305,2.10,2.70
2008.08.19 11:26:30.804,2.04255,2.0431,2.10,5.50
2008.08.19 11:26:31.716,2.04255,2.04305,3.90,2.80
2008.08.19 11:26:32.020,2.04255,2.04295,4.90,1.00
2008.08.19 11:26:32.217,2.04255,2.04295,1.70,1.70
2008.08.19 11:26:32.413,2.0425,2.043,2.10,6.60
2008.08.19 11:26:32.608,2.0425,2.043,2.10,3.30
2008.08.19 11:26:32.805,2.0425,2.043,2.10,2.70
2008.08.19 11:26:32.899,2.0425,2.04305,3.90,6.60
2008.08.19 11:26:32.996,2.0425,2.04305,3.90,7.60
2008.08.19 11:26:33.091,2.0425,2.04305,3.90,6.60
2008.08.19 11:26:33.283,2.0425,2.04305,5.20,5.90
2008.08.19 11:26:33.380,2.04265,2.04305,1.00,4.80
2008.08.19 11:26:33.475,2.04265,2.04305,1.00,2.10
2008.08.19 11:26:33.571,2.04265,2.04305,1.00,2.80
2008.08.19 11:26:33.668,2.04255,2.043,1.70,2.10
2008.08.19 11:26:34.000,2.0425,2.043,2.80,2.10
2008.08.19 11:26:34.472,2.04255,2.0429,2.80,1.00
2008.08.19 11:26:34.708,2.0425,2.04285,3.90,2.20
2008.08.19 11:26:35.448,2.0425,2.04285,2.10,2.20
2008.08.19 11:26:35.696,2.04245,2.04285,2.10,2.20
2008.08.19 11:26:35.944,2.04245,2.0429,3.20,3.30
2008.08.19 11:26:36.464,2.04235,2.04285,3.20,2.20
2008.08.19 11:26:36.723,2.04235,2.0428,4.90,1.00
2008.08.19 11:26:36.985,2.04235,2.0428,3.20,2.20
2008.08.19 11:26:37.358,2.04235,2.04285,3.20,3.30
2008.08.19 11:26:37.492,2.04235,2.04285,3.20,5.50
2008.08.19 11:26:38.326,2.04235,2.04275,3.20,1.00
2008.08.19 11:26:38.403,2.04235,2.04275,2.10,1.70
2008.08.19 11:26:38.555,2.04235,2.04275,2.10,4.40
2008.08.19 11:26:38.632,2.04235,2.04275,2.10,3.30
2008.08.19 11:26:38.709,2.04235,2.0428,2.10,2.70
2008.08.19 11:26:38.785,2.04235,2.0428,2.10,3.30
2008.08.19 11:26:39.790,2.04225,2.0428,4.90,5.50
2008.08.19 11:26:40.288,2.0423,2.0428,3.10,2.10
2008.08.19 11:26:40.428,2.04245,2.0428,1.00,2.10
2008.08.19 11:26:40.574,2.04245,2.0429,1.00,4.80
2008.08.19 11:26:40.711,2.0424,2.0429,2.80,2.10
2008.08.19 11:26:49.229,2.04245,2.04285,2.80,1.00
2008.08.19 11:26:49.376,2.04245,2.04285,2.80,2.20
2008.08.19 11:26:49.420,2.04235,2.04285,5.10,2.20
2008.08.19 11:26:49.556,2.04235,2.04285,4.90,2.20
2008.08.19 11:26:49.963,2.04235,2.04285,2.80,2.80
2008.08.19 11:26:54.055,2.04235,2.0427,2.80,1.00
2008.08.19 11:26:54.128,2.04235,2.0427,1.70,1.70
2008.08.19 11:26:54.260,2.04235,2.0427,1.70,2.20
2008.08.19 11:26:54.392,2.04235,2.04275,1.70,3.90
2008.08.19 11:26:54.480,2.04235,2.04275,1.70,2.80
2008.08.19 11:26:54.523,2.0423,2.04275,1.00,5.50
2008.08.19 11:26:54.655,2.0423,2.0427,1.00,1.00
2008.08.19 11:26:54.706,2.0423,2.0427,1.00,2.20
2008.08.19 11:26:54.963,2.0423,2.0427,1.00,3.30
2008.08.19 11:26:58.378,2.0423,2.0427,1.00,2.70
2008.08.19 11:26:58.551,2.04225,2.04275,2.80,2.10
2008.08.19 11:26:58.868,2.04225,2.0427,2.80,2.20
2008.08.19 11:26:59.159,2.0423,2.0427,1.00,3.30
2008.08.19 11:26:59.640,2.0423,2.0427,1.00,2.20
2008.08.19 11:27:00.240,2.0423,2.0427,1.00,3.30
2008.08.19 11:27:00.407,2.0423,2.0427,1.00,2.70
2008.08.19 11:27:00.576,2.04225,2.04275,2.80,2.10
2008.08.19 11:27:01.256,2.0424,2.0428,1.00,4.80
2008.08.19 11:27:01.511,2.0424,2.0428,1.00,2.10
2008.08.19 11:27:05.557,2.0425,2.0428,1.00,2.10
2008.08.19 11:27:05.682,2.0425,2.04285,1.00,2.70
2008.08.19 11:27:05.808,2.0425,2.04285,4.30,2.70
2008.08.19 11:27:06.179,2.0425,2.0429,4.30,2.10
2008.08.19 11:27:10.967,2.04265,2.04295,1.00,4.80
2008.08.19 11:27:11.199,2.04265,2.04295,1.00,2.70
2008.08.19 11:27:11.895,2.04265,2.043,1.00,2.10
2008.08.19 11:27:12.236,2.0427,2.04315,1.00,2.10
2008.08.19 11:27:13.357,2.0427,2.04315,1.00,2.80
2008.08.19 11:27:13.885,2.0427,2.04315,1.00,5.50
2008.08.19 11:27:14.683,2.0427,2.04305,1.00,1.00
2008.08.19 11:27:14.831,2.0426,2.04305,1.70,1.00
2008.08.19 11:27:14.907,2.0426,2.04305,1.70,2.20
2008.08.19 11:27:15.207,2.04255,2.04305,4.90,2.20
2008.08.19 11:27:15.432,2.04255,2.04305,2.80,2.80
2008.08.19 11:27:15.947,2.0426,2.043,1.00,2.10
2008.08.19 11:27:17.177,2.0427,2.043,1.00,2.10
2008.08.19 11:27:17.290,2.0427,2.04305,1.00,2.10
2008.08.19 11:27:17.455,2.04255,2.04305,2.80,2.10
2008.08.19 11:27:17.624,2.0426,2.04305,1.00,5.50
2008.08.19 11:27:17.792,2.0426,2.043,1.00,2.10
2008.08.19 11:27:17.959,2.0425,2.043,1.70,2.10
2008.08.19 11:27:18.262,2.04265,2.043,1.00,2.80
2008.08.19 11:27:18.507,2.04265,2.043,1.00,2.10
2008.08.19 11:27:18.988,2.04265,2.04305,1.00,2.10
2008.08.19 11:27:20.270,2.04255,2.04305,4.90,2.10
2008.08.19 11:27:20.476,2.04255,2.04305,3.20,4.80
2008.08.19 11:27:22.712,2.04255,2.04305,4.90,2.10
2008.08.19 11:27:23.047,2.04255,2.04305,3.20,4.80
2008.08.19 11:27:23.935,2.0427,2.04305,1.00,4.80
2008.08.19 11:27:24.052,2.0427,2.04305,1.00,2.10
2008.08.19 11:27:24.956,2.0427,2.04305,1.00,2.80
2008.08.19 11:27:25.011,2.04255,2.04305,4.90,2.80
2008.08.19 11:27:25.067,2.04255,2.04305,3.20,2.80
2008.08.19 11:27:25.179,2.04255,2.04305,3.20,2.10
2008.08.19 11:27:25.291,2.0426,2.04305,2.10,2.10
2008.08.19 11:27:25.403,2.0426,2.0431,2.10,3.30
2008.08.19 11:27:25.897,2.04265,2.0431,1.30,2.70
2008.08.19 11:27:26.287,2.0428,2.04315,1.00,2.10
2008.08.19 11:27:26.679,2.0427,2.04315,1.70,2.80
2008.08.19 11:27:27.072,2.0427,2.0431,1.70,2.20
2008.08.19 11:27:27.315,2.04265,2.0431,3.20,2.20
2008.08.19 11:27:27.559,2.04265,2.04305,3.20,1.00
2008.08.19 11:27:27.817,2.04265,2.0431,3.20,2.20
2008.08.19 11:27:28.065,2.0427,2.0431,1.00,2.20
2008.08.19 11:27:29.031,2.0426,2.04305,3.90,2.20
2008.08.19 11:27:29.244,2.0426,2.04305,2.10,2.20
2008.08.19 11:27:29.931,2.04255,2.04305,3.20,2.80
2008.08.19 11:27:31.135,2.04255,2.043,3.20,2.70
2008.08.19 11:27:38.327,2.04255,2.04305,3.20,2.80
2008.08.19 11:27:38.465,2.04255,2.043,3.20,2.70
2008.08.19 11:27:38.663,2.0426,2.043,1.00,2.70
2008.08.19 11:27:41.840,2.0426,2.043,1.30,2.70
2008.08.19 11:27:42.173,2.04265,2.0431,2.80,2.10
2008.08.19 11:27:42.415,2.04265,2.0432,4.90,7.00
2008.08.19 11:27:42.659,2.0427,2.0432,1.70,2.10
2008.08.19 11:27:43.147,2.04265,2.0432,3.20,4.80
2008.08.19 11:27:43.636,2.0428,2.0432,1.00,4.80
2008.08.19 11:27:43.764,2.04275,2.0432,3.20,2.70
2008.08.19 11:27:44.512,2.04275,2.04325,3.20,3.30
2008.08.19 11:27:44.711,2.0428,2.04325,2.10,3.30
2008.08.19 11:27:44.811,2.0428,2.04325,3.90,2.20
2008.08.19 11:27:44.911,2.0428,2.0433,3.90,2.80
2008.08.19 11:27:45.295,2.0428,2.0433,3.90,2.20
2008.08.19 11:27:45.862,2.04295,2.0434,1.00,4.90
2008.08.19 11:27:46.150,2.04285,2.04335,1.70,2.10
2008.08.19 11:27:46.312,2.04295,2.04335,1.00,2.10
2008.08.19 11:27:46.472,2.04285,2.04335,1.70,2.10
2008.08.19 11:27:46.631,2.04295,2.0434,1.00,2.80
2008.08.19 11:27:46.950,2.043,2.0434,1.00,5.50
2008.08.19 11:27:47.271,2.04285,2.04335,4.90,1.00
2008.08.19 11:27:47.439,2.0429,2.0434,2.10,3.30
2008.08.19 11:27:47.607,2.04285,2.04335,4.90,1.00
2008.08.19 11:27:47.775,2.04285,2.04335,4.90,2.20
2008.08.19 11:27:48.277,2.0429,2.04335,2.10,1.00
2008.08.19 11:27:48.517,2.0429,2.04335,2.10,2.20
2008.08.19 11:27:48.586,2.04295,2.04335,2.10,2.20
2008.08.19 11:27:48.731,2.04295,2.04335,2.10,1.70
2008.08.19 11:27:48.928,2.04295,2.04335,3.90,1.70
2008.08.19 11:27:49.130,2.0429,2.04335,2.10,1.70
2008.08.19 11:27:49.569,2.04295,2.04325,1.30,1.60
2008.08.19 11:27:49.699,2.043,2.04325,1.70,1.60
2008.08.19 11:27:49.818,2.043,2.04335,1.70,1.00
2008.08.19 11:27:49.933,2.04295,2.04335,1.70,1.00
2008.08.19 11:27:50.047,2.04295,2.04335,1.70,2.20
2008.08.19 11:27:50.163,2.0429,2.04335,2.10,2.20
2008.08.19 11:27:50.847,2.04285,2.04335,4.90,2.20
2008.08.19 11:27:51.147,2.04285,2.04335,3.20,2.20
2008.08.19 11:27:52.321,2.04285,2.0434,3.20,4.80
2008.08.19 11:27:52.680,2.04285,2.04335,3.20,1.00
2008.08.19 11:27:52.801,2.0429,2.04335,1.70,2.20
2008.08.19 11:27:52.860,2.04285,2.04335,3.20,3.30
2008.08.19 11:27:52.919,2.0429,2.04335,1.00,5.50
2008.08.19 11:27:53.407,2.0428,2.04335,3.90,6.60
2008.08.19 11:27:53.467,2.0428,2.0433,3.90,2.10
2008.08.19 11:27:54.085,2.0428,2.0433,5.20,2.10
2008.08.19 11:27:54.268,2.0429,2.04335,1.70,2.10
2008.08.19 11:27:54.587,2.0429,2.04345,3.90,6.60
2008.08.19 11:27:55.923,2.04295,2.04345,1.30,5.90
2008.08.19 11:27:56.091,2.0431,2.04345,4.30,2.70
2008.08.19 11:27:56.427,2.0431,2.04345,3.20,3.70
2008.08.19 11:27:56.595,2.04295,2.04345,4.50,3.70
2008.08.19 11:27:56.763,2.04305,2.04345,1.70,1.70
2008.08.19 11:27:57.713,2.0431,2.04345,4.30,2.70
2008.08.19 11:27:58.232,2.0431,2.04355,1.70,2.10
2008.08.19 11:27:58.956,2.0431,2.0435,1.70,2.20
2008.08.19 11:27:59.044,2.043,2.0435,3.90,2.20
2008.08.19 11:28:00.459,2.0431,2.04355,1.00,4.80
2008.08.19 11:28:00.596,2.04305,2.04355,3.20,2.70
2008.08.19 11:28:00.867,2.04305,2.04355,4.50,2.70
2008.08.19 11:28:01.003,2.04305,2.04355,3.20,2.70
2008.08.19 11:28:01.139,2.0431,2.04355,5.40,2.70
2008.08.19 11:28:01.275,2.0431,2.04355,2.10,2.70
2008.08.19 11:28:01.411,2.0431,2.04365,3.90,8.70
2008.08.19 11:28:01.547,2.0431,2.04365,3.90,6.60
2008.08.19 11:28:01.813,2.0431,2.04365,7.10,6.60
2008.08.19 11:28:02.075,2.0431,2.04365,7.10,3.20
2008.08.19 11:28:02.339,2.04315,2.04365,3.20,2.20
2008.08.19 11:28:02.604,2.04315,2.0437,4.90,5.50
2008.08.19 11:28:03.024,2.0432,2.0437,2.10,3.30
2008.08.19 11:28:03.553,2.0432,2.0437,2.10,2.70
2008.08.19 11:28:03.937,2.0432,2.0437,2.10,6.00
2008.08.19 11:28:06.096,2.0432,2.04375,2.10,6.60
2008.08.19 11:28:06.239,2.0432,2.04375,3.90,3.90
2008.08.19 11:28:07.160,2.0433,2.04375,1.00,2.80
2008.08.19 11:28:07.340,2.04325,2.0438,4.50,10.20
2008.08.19 11:28:07.521,2.04325,2.0438,6.30,7.50
2008.08.19 11:28:07.879,2.0433,2.04385,2.10,6.60
2008.08.19 11:28:08.412,2.0433,2.0438,2.10,6.00
2008.08.19 11:28:08.645,2.0433,2.04385,3.90,6.60
2008.08.19 11:28:09.115,2.04335,2.04385,2.10,4.40
2008.08.19 11:28:09.747,2.04335,2.04385,3.90,1.70
2008.08.19 11:28:11.640,2.04335,2.0438,3.90,1.00
2008.08.19 11:28:11.923,2.0434,2.0438,2.10,1.00
2008.08.19 11:28:12.303,2.0434,2.0439,3.90,8.20
2008.08.19 11:28:12.655,2.0434,2.0439,3.90,6.00
2008.08.19 11:28:12.979,2.0434,2.04395,3.90,6.60
2008.08.19 11:28:13.658,2.0434,2.0439,3.90,6.00
2008.08.19 11:28:13.851,2.0434,2.0439,2.10,3.30
2008.08.19 11:28:14.425,2.0434,2.04385,2.10,1.00
2008.08.19 11:28:14.788,2.0434,2.04385,2.10,2.20
2008.08.19 11:28:16.211,2.04335,2.04385,4.90,2.20
2008.08.19 11:28:16.867,2.0434,2.04385,2.10,2.20
2008.08.19 11:28:19.184,2.0434,2.04385,2.10,1.00
2008.08.19 11:28:19.279,2.0435,2.04385,1.00,1.00
2008.08.19 11:28:19.479,2.0436,2.044,1.00,7.50
2008.08.19 11:28:19.671,2.0435,2.04395,1.70,1.00
2008.08.19 11:28:19.767,2.0435,2.04395,1.70,2.20
2008.08.19 11:28:19.973,2.04355,2.04395,1.70,2.20
2008.08.19 11:28:20.586,2.04355,2.044,1.70,2.10
2008.08.19 11:28:21.043,2.04355,2.044,2.80,2.10
2008.08.19 11:28:21.325,2.04355,2.044,1.70,2.10
2008.08.19 11:28:21.579,2.04355,2.044,2.80,2.10
2008.08.19 11:28:21.835,2.04355,2.04395,1.70,2.20
2008.08.19 11:28:22.035,2.04355,2.0439,1.70,1.60
2008.08.19 11:28:22.238,2.04345,2.0439,5.10,1.60
2008.08.19 11:28:22.444,2.04345,2.0439,4.90,1.00
2008.08.19 11:28:22.644,2.04345,2.0439,4.90,2.20
2008.08.19 11:28:24.945,2.04345,2.0439,4.90,1.60
2008.08.19 11:28:25.052,2.04345,2.04395,4.90,2.20
2008.08.19 11:28:25.167,2.04345,2.0439,4.90,1.60
2008.08.19 11:28:25.216,2.04345,2.0439,4.90,2.20
2008.08.19 11:28:25.613,2.0435,2.0439,2.10,2.20
2008.08.19 11:28:25.660,2.0435,2.0439,2.10,1.60
2008.08.19 11:28:25.827,2.0435,2.04395,2.10,2.20
2008.08.19 11:28:31.559,2.0435,2.044,2.10,2.80
2008.08.19 11:28:31.683,2.0435,2.044,2.10,2.20
2008.08.19 11:28:31.927,2.0435,2.04405,3.50,5.90
2008.08.19 11:28:32.052,2.0436,2.04405,1.00,4.80
2008.08.19 11:28:32.363,2.0436,2.044,1.70,2.80
2008.08.19 11:28:32.740,2.04355,2.04395,2.10,1.00
2008.08.19 11:28:32.928,2.0435,2.04395,1.70,1.00
2008.08.19 11:28:33.115,2.0435,2.044,1.70,2.10
2008.08.19 11:28:33.305,2.0435,2.04405,3.90,3.90
2008.08.19 11:28:33.474,2.0435,2.04405,2.10,6.60
2008.08.19 11:28:33.788,2.0435,2.04405,3.90,3.90
2008.08.19 11:28:34.107,2.04355,2.04405,2.10,1.70
2008.08.19 11:28:34.331,2.04355,2.044,2.10,1.00
2008.08.19 11:28:34.911,2.0436,2.044,2.10,1.00
2008.08.19 11:28:35.519,2.04365,2.044,1.70,1.00
2008.08.19 11:28:38.863,2.04365,2.04415,1.70,3.90
2008.08.19 11:28:43.519,2.04365,2.04415,3.10,3.20
2008.08.19 11:28:43.675,2.04375,2.04415,1.70,3.20
2008.08.19 11:28:43.756,2.04375,2.0442,2.80,2.10
2008.08.19 11:28:43.835,2.04375,2.04425,2.80,2.10
2008.08.19 11:28:43.915,2.0438,2.04425,1.70,2.10
2008.08.19 11:28:44.291,2.0438,2.04425,1.70,2.80
2008.08.19 11:28:44.451,2.04375,2.04425,2.80,2.80
2008.08.19 11:28:44.919,2.0438,2.04425,1.70,2.80
2008.08.19 11:28:44.999,2.0438,2.04425,1.70,2.10
2008.08.19 11:28:45.463,2.0438,2.0443,1.70,2.80
2008.08.19 11:28:47.545,2.04385,2.0443,1.70,2.80
2008.08.19 11:28:48.528,2.04385,2.0443,1.70,2.10
2008.08.19 11:28:49.360,2.04385,2.04435,1.70,3.90
2008.08.19 11:28:49.597,2.04385,2.04435,1.70,3.20
2008.08.19 11:28:49.673,2.04385,2.04435,1.70,3.90
2008.08.19 11:28:49.824,2.0439,2.04435,1.70,2.80
2008.08.19 11:28:50.119,2.0439,2.0443,1.70,1.00
2008.08.19 11:28:50.383,2.0439,2.04435,1.70,2.20
2008.08.19 11:28:50.647,2.0439,2.0443,1.70,2.10
2008.08.19 11:28:50.912,2.0439,2.0443,1.70,1.00
2008.08.19 11:28:51.175,2.0439,2.04435,1.70,2.20
2008.08.19 11:28:51.407,2.0439,2.0443,1.70,1.00
2008.08.19 11:28:51.715,2.0439,2.0444,1.70,2.10
2008.08.19 11:28:51.795,2.0439,2.04435,1.70,2.10
2008.08.19 11:28:52.103,2.04395,2.04435,1.70,2.10
2008.08.19 11:28:53.636,2.04395,2.04435,2.80,2.10
2008.08.19 11:28:53.865,2.04395,2.04435,1.80,2.10
2008.08.19 11:28:53.956,2.044,2.0444,1.70,2.20
2008.08.19 11:28:54.047,2.044,2.0444,1.70,2.70
2008.08.19 11:28:54.104,2.044,2.0445,1.70,6.60
2008.08.19 11:28:54.151,2.044,2.0445,3.90,4.40
2008.08.19 11:28:54.199,2.044,2.0445,3.90,6.00
2008.08.19 11:28:54.705,2.044,2.0445,3.90,3.30
2008.08.19 11:28:55.039,2.04405,2.0445,1.30,2.70
2008.08.19 11:28:55.207,2.0442,2.0445,1.00,2.70
2008.08.19 11:28:55.375,2.0441,2.0446,2.10,2.70
2008.08.19 11:28:55.543,2.04415,2.04465,1.70,2.10
2008.08.19 11:28:55.955,2.04415,2.0446,1.70,2.10
2008.08.19 11:28:56.367,2.0441,2.0446,1.70,2.10
2008.08.19 11:28:56.575,2.0441,2.04455,1.70,2.10
2008.08.19 11:28:57.560,2.04405,2.04455,1.80,2.10
2008.08.19 11:28:57.886,2.04405,2.0446,4.00,5.50
2008.08.19 11:28:57.981,2.04405,2.0446,4.00,4.80
2008.08.19 11:29:00.179,2.0442,2.0446,1.00,2.70
2008.08.19 11:29:00.359,2.0441,2.0446,2.10,3.30
2008.08.19 11:29:00.908,2.04405,2.04455,5.10,2.10
2008.08.19 11:29:01.384,2.04405,2.0445,3.20,2.70
2008.08.19 11:29:01.580,2.0441,2.04445,1.00,2.70
2008.08.19 11:29:02.370,2.0441,2.0444,1.00,1.00
2008.08.19 11:29:02.570,2.04395,2.0444,2.80,2.20
2008.08.19 11:29:03.049,2.04395,2.0444,1.70,2.20
2008.08.19 11:29:03.247,2.0439,2.0444,3.90,3.30
2008.08.19 11:29:03.315,2.0439,2.0444,3.90,2.70
2008.08.19 11:29:03.472,2.044,2.0444,1.00,2.70
2008.08.19 11:29:03.803,2.04395,2.04445,2.80,4.80
2008.08.19 11:29:03.935,2.044,2.0444,1.00,2.70
2008.08.19 11:29:04.355,2.04415,2.04455,1.70,7.60
2008.08.19 11:29:04.503,2.04415,2.04445,1.70,2.20
2008.08.19 11:29:04.651,2.0442,2.0445,2.10,1.00
2008.08.19 11:29:04.799,2.0442,2.04465,2.10,1.70
2008.08.19 11:29:05.091,2.0442,2.04465,3.90,1.70
2008.08.19 11:29:05.239,2.0442,2.04455,3.90,1.70
2008.08.19 11:29:05.515,2.04425,2.0446,2.10,2.70
2008.08.19 11:29:05.791,2.04425,2.04465,2.10,1.70
2008.08.19 11:29:06.519,2.04425,2.0446,2.10,1.70
2008.08.19 11:29:06.684,2.0442,2.0446,3.90,1.70
2008.08.19 11:29:06.839,2.0442,2.0446,3.90,2.20
2008.08.19 11:29:07.071,2.0442,2.0446,1.70,2.20
2008.08.19 11:29:07.254,2.0442,2.04455,1.70,2.10
2008.08.19 11:29:07.691,2.0441,2.04455,1.70,2.10
2008.08.19 11:29:08.116,2.0442,2.04455,1.00,2.10
2008.08.19 11:29:09.499,2.0443,2.04455,1.00,2.10
2008.08.19 11:29:09.587,2.0443,2.0446,1.00,2.10
2008.08.19 11:29:09.676,2.0442,2.0446,1.70,2.10
2008.08.19 11:29:10.023,2.04415,2.0446,2.80,2.10
2008.08.19 11:29:11.531,2.0442,2.0446,1.70,2.10
2008.08.19 11:29:12.593,2.0442,2.04465,1.70,2.80
2008.08.19 11:29:12.836,2.0442,2.0446,1.70,2.20
2008.08.19 11:29:13.319,2.0442,2.0446,1.00,2.20
2008.08.19 11:29:13.912,2.0442,2.0446,1.00,2.80
2008.08.19 11:29:15.367,2.0441,2.0446,1.70,2.80
2008.08.19 11:29:15.861,2.04405,2.04445,2.80,2.20
2008.08.19 11:29:16.779,2.04405,2.0445,2.80,1.00
2008.08.19 11:29:17.028,2.04405,2.0445,2.80,2.20
2008.08.19 11:29:17.276,2.04405,2.0445,2.80,2.80
2008.08.19 11:29:17.523,2.04405,2.04445,2.80,1.00
2008.08.19 11:29:17.771,2.0441,2.04445,1.00,1.60
2008.08.19 11:29:17.856,2.0441,2.04445,1.00,1.00
2008.08.19 11:29:18.196,2.044,2.04445,3.90,1.60
2008.08.19 11:29:18.279,2.044,2.0445,3.90,2.20
2008.08.19 11:29:18.443,2.044,2.04445,3.90,1.00
2008.08.19 11:29:18.607,2.04405,2.04445,2.10,1.60
2008.08.19 11:29:18.924,2.044,2.0444,3.90,1.00
2008.08.19 11:29:19.136,2.044,2.0444,3.90,2.20
2008.08.19 11:29:19.568,2.044,2.0445,3.90,2.80
2008.08.19 11:29:19.676,2.044,2.0445,1.70,4.90
2008.08.19 11:29:19.787,2.044,2.0445,1.70,2.80
2008.08.19 11:29:19.951,2.044,2.0445,3.90,2.80
2008.08.19 11:29:20.035,2.044,2.0445,3.90,2.20
2008.08.19 11:29:20.411,2.044,2.0444,3.90,1.00
2008.08.19 11:29:20.495,2.044,2.0444,1.70,1.00
2008.08.19 11:29:20.579,2.044,2.0444,1.70,2.20
2008.08.19 11:29:21.167,2.044,2.04435,1.70,1.00
2008.08.19 11:29:21.383,2.044,2.04435,1.70,2.20
2008.08.19 11:29:21.899,2.044,2.04435,1.70,1.00
2008.08.19 11:29:22.191,2.044,2.04435,1.70,2.20
2008.08.19 11:29:22.488,2.044,2.04435,1.00,2.20
2008.08.19 11:29:22.635,2.044,2.0443,1.00,1.00
2008.08.19 11:29:22.928,2.0439,2.0443,3.90,2.20
2008.08.19 11:29:23.631,2.0439,2.0443,3.90,1.60
2008.08.19 11:29:23.919,2.0439,2.04435,6.00,2.20
2008.08.19 11:29:24.151,2.04395,2.04435,2.10,2.20
2008.08.19 11:29:24.231,2.04395,2.04435,3.20,2.20
2008.08.19 11:29:24.311,2.04395,2.04435,3.20,1.00
2008.08.19 11:29:24.391,2.04395,2.04435,4.90,1.00
2008.08.19 11:29:24.471,2.04395,2.0444,4.90,2.20
2008.08.19 11:29:26.235,2.044,2.0444,1.70,2.20
2008.08.19 11:29:26.574,2.044,2.0444,3.90,2.20
2008.08.19 11:29:27.875,2.044,2.04445,6.00,1.70
2008.08.19 11:29:28.115,2.044,2.04445,4.30,2.20
2008.08.19 11:29:28.355,2.04405,2.04445,1.70,2.20
2008.08.19 11:29:31.947,2.044,2.04445,3.90,2.20
2008.08.19 11:29:33.659,2.04405,2.04455,3.20,3.30
2008.08.19 11:29:33.740,2.04405,2.04455,4.90,2.20
2008.08.19 11:29:34.131,2.04405,2.04455,2.80,2.80
2008.08.19 11:29:34.398,2.04405,2.0444,2.80,1.00
2008.08.19 11:29:34.563,2.04405,2.0444,1.70,1.00
2008.08.19 11:29:34.632,2.04405,2.0444,1.70,2.20
2008.08.19 11:29:34.751,2.044,2.0444,2.10,2.20
2008.08.19 11:29:35.827,2.04395,2.0443,3.90,2.20
2008.08.19 11:29:36.175,2.04395,2.0443,2.10,2.20
2008.08.19 11:29:37.292,2.04395,2.0444,3.20,4.90
2008.08.19 11:29:37.479,2.04395,2.0444,3.20,2.70
2008.08.19 11:29:38.403,2.04395,2.04445,3.20,3.30
2008.08.19 11:29:38.463,2.04395,2.04445,4.90,2.20
2008.08.19 11:29:38.524,2.04395,2.0444,4.90,2.20
2008.08.19 11:29:38.923,2.04395,2.0444,3.20,2.20
2008.08.19 11:29:39.705,2.044,2.0444,3.20,4.40
2008.08.19 11:29:40.098,2.044,2.0444,3.20,2.80
2008.08.19 11:29:40.199,2.044,2.0444,1.00,2.80
2008.08.19 11:29:40.395,2.044,2.0444,1.00,5.50
2008.08.19 11:29:40.495,2.044,2.0443,1.00,1.00
2008.08.19 11:29:40.820,2.04385,2.0443,3.20,2.20
2008.08.19 11:29:41.143,2.04385,2.04425,3.20,1.60
2008.08.19 11:29:41.467,2.04385,2.04425,3.20,2.20
2008.08.19 11:29:41.791,2.0439,2.04425,3.20,2.20
2008.08.19 11:29:42.039,2.0439,2.04425,3.20,3.30
2008.08.19 11:29:43.837,2.0438,2.04425,4.30,3.30
2008.08.19 11:29:44.363,2.0438,2.04425,2.10,3.30
2008.08.19 11:29:44.409,2.0438,2.04425,2.10,4.40
2008.08.19 11:29:44.451,2.0438,2.0442,2.10,1.70
2008.08.19 11:29:44.495,2.0438,2.0442,2.10,2.20
2008.08.19 11:29:44.837,2.0438,2.04415,4.30,1.00
2008.08.19 11:29:45.059,2.0438,2.04415,4.30,2.20
2008.08.19 11:29:45.279,2.04375,2.04415,2.10,2.20
2008.08.19 11:29:45.499,2.0437,2.04405,3.90,2.20
2008.08.19 11:29:45.732,2.04365,2.04405,3.20,2.20
2008.08.19 11:29:45.991,2.0437,2.04405,3.20,2.20
2008.08.19 11:29:47.783,2.0437,2.0441,3.20,4.80
2008.08.19 11:29:47.947,2.0438,2.0441,1.00,2.70
2008.08.19 11:29:48.113,2.0438,2.04415,1.00,2.10
2008.08.19 11:29:48.155,2.0438,2.0442,1.00,3.30
2008.08.19 11:29:48.429,2.0438,2.0442,1.00,2.20
2008.08.19 11:29:49.220,2.04375,2.04425,2.40,4.80
2008.08.19 11:29:49.391,2.0439,2.04425,1.00,2.70
2008.08.19 11:29:49.731,2.0439,2.04425,4.30,2.70
2008.08.19 11:29:49.903,2.04385,2.0443,2.80,2.10
2008.08.19 11:29:50.075,2.04385,2.0443,4.90,2.10
2008.08.19 11:29:50.215,2.04385,2.04435,4.90,2.10
2008.08.19 11:29:50.627,2.0439,2.04435,1.70,2.10
2008.08.19 11:29:50.903,2.0439,2.04435,1.70,2.80
2008.08.19 11:29:51.043,2.04385,2.0443,3.20,2.70
2008.08.19 11:29:51.291,2.0439,2.0443,1.00,3.30
2008.08.19 11:29:51.787,2.0439,2.0443,1.00,2.20
2008.08.19 11:29:52.035,2.0439,2.0443,1.00,2.80
2008.08.19 11:29:52.295,2.04375,2.0442,3.20,2.20
2008.08.19 11:29:53.115,2.0438,2.0442,1.00,2.20
2008.08.19 11:29:53.467,2.04375,2.0442,2.80,2.20
2008.08.19 11:29:53.651,2.04375,2.0442,2.80,2.80
2008.08.19 11:29:53.894,2.0438,2.0442,2.10,2.20
2008.08.19 11:29:54.350,2.04375,2.0442,2.80,2.80
2008.08.19 11:29:54.469,2.0438,2.0442,1.00,2.80
2008.08.19 11:29:55.031,2.0438,2.0442,1.00,2.20
2008.08.19 11:29:55.613,2.0438,2.04425,1.00,4.80
2008.08.19 11:29:56.087,2.04375,2.04425,3.20,2.70
2008.08.19 11:29:56.401,2.04375,2.0442,4.90,2.20
2008.08.19 11:29:56.648,2.04375,2.0442,2.80,2.20
2008.08.19 11:29:56.889,2.04375,2.0441,1.70,2.20
2008.08.19 11:29:57.131,2.0437,2.0441,2.10,2.20
2008.08.19 11:29:57.386,2.04365,2.0441,4.90,2.20
2008.08.19 11:29:57.727,2.0437,2.044,1.00,2.20
2008.08.19 11:29:58.068,2.0437,2.044,1.00,1.60
2008.08.19 11:29:58.407,2.0436,2.04405,2.10,2.20
2008.08.19 11:29:58.548,2.0437,2.0441,3.20,2.70
2008.08.19 11:29:58.689,2.04365,2.04405,3.90,1.00
2008.08.19 11:29:58.827,2.04365,2.04405,3.90,2.20
2008.08.19 11:29:59.652,2.04365,2.04405,2.10,2.20
2008.08.19 11:30:00.235,2.04365,2.0441,3.20,2.70
2008.08.19 11:30:00.558,2.04365,2.04405,3.90,2.20
2008.08.19 11:30:01.151,2.04365,2.04405,2.10,3.30
2008.08.19 11:30:01.351,2.04365,2.04405,2.10,2.70
2008.08.19 11:30:02.235,2.04365,2.04405,2.10,2.20
2008.08.19 11:30:02.672,2.04365,2.04405,2.10,3.30
2008.08.19 11:30:04.400,2.04365,2.04405,2.10,2.20
2008.08.19 11:30:05.104,2.04365,2.04405,2.10,3.30
2008.08.19 11:30:07.634,2.04365,2.04405,2.10,2.70
2008.08.19 11:30:10.340,2.0436,2.04405,2.10,2.70
2008.08.19 11:30:13.204,2.0436,2.04405,2.10,3.30
2008.08.19 11:30:13.404,2.0436,2.04405,2.10,2.70
2008.08.19 11:30:14.684,2.0436,2.04405,2.10,3.30
2008.08.19 11:30:15.385,2.04355,2.04405,3.20,3.30
2008.08.19 11:30:15.908,2.0437,2.04405,1.00,3.30
2008.08.19 11:30:16.104,2.04365,2.04405,3.20,3.30
2008.08.19 11:30:16.483,2.04365,2.04415,3.20,2.70
2008.08.19 11:30:16.671,2.0437,2.04415,2.10,2.70
2008.08.19 11:30:16.860,2.04365,2.0441,1.70,2.20
2008.08.19 11:30:17.047,2.04365,2.04415,1.70,3.90
2008.08.19 11:30:17.419,2.0436,2.0441,2.10,2.70
2008.08.19 11:30:18.798,2.04355,2.0441,4.90,2.70
2008.08.19 11:30:19.138,2.04355,2.0441,4.90,4.80
2008.08.19 11:30:20.081,2.04355,2.04405,4.90,1.00
2008.08.19 11:30:20.284,2.04355,2.04405,4.90,2.80
2008.08.19 11:30:20.487,2.04355,2.04405,4.90,2.10
2008.08.19 11:30:21.158,2.04355,2.04405,3.20,4.80
2008.08.19 11:30:21.425,2.0437,2.04405,3.20,4.80
2008.08.19 11:30:21.693,2.0437,2.04405,3.20,2.10
2008.08.19 11:30:25.974,2.0437,2.04405,4.30,2.10
2008.08.19 11:30:26.042,2.0437,2.04405,1.00,2.10
2008.08.19 11:30:26.244,2.0437,2.04415,1.00,4.80
2008.08.19 11:30:27.127,2.04365,2.04415,2.80,2.10
2008.08.19 11:30:27.423,2.04365,2.04415,4.90,2.10
2008.08.19 11:30:27.719,2.04365,2.0441,2.80,2.10
2008.08.19 11:30:28.307,2.04365,2.04415,4.90,2.10
2008.08.19 11:30:30.624,2.0437,2.04415,1.30,2.10
2008.08.19 11:30:30.852,2.0438,2.04415,1.00,2.10
2008.08.19 11:30:30.983,2.0438,2.04415,4.30,2.10
2008.08.19 11:30:31.181,2.04375,2.04415,2.80,2.10
2008.08.19 11:30:31.391,2.04375,2.04415,4.10,2.10
2008.08.19 11:30:31.757,2.0438,2.04425,1.70,2.10
2008.08.19 11:30:31.940,2.04375,2.0443,4.90,5.50
2008.08.19 11:30:32.484,2.04375,2.0442,3.20,1.00
2008.08.19 11:30:32.770,2.04375,2.0442,2.10,6.00
2008.08.19 11:30:33.330,2.04375,2.04415,2.10,1.00
2008.08.19 11:30:33.618,2.04365,2.0442,4.90,5.50
2008.08.19 11:30:33.770,2.04375,2.04415,2.10,1.00
2008.08.19 11:30:33.850,2.04375,2.04415,2.10,2.20
2008.08.19 11:30:34.183,2.04375,2.0442,2.10,3.30
2008.08.19 11:30:34.265,2.04365,2.0442,4.90,3.30
2008.08.19 11:30:34.342,2.04365,2.0442,4.90,5.50
2008.08.19 11:30:34.422,2.04365,2.04415,4.90,1.00
2008.08.19 11:30:34.579,2.04375,2.04415,2.10,2.20
2008.08.19 11:30:34.783,2.04375,2.04415,2.10,3.30
2008.08.19 11:30:34.911,2.04375,2.04415,2.10,2.20
2008.08.19 11:30:35.039,2.04365,2.04415,4.90,2.20
2008.08.19 11:30:35.167,2.04365,2.04415,4.90,1.00
2008.08.19 11:30:35.294,2.04375,2.04415,2.10,1.00
2008.08.19 11:30:35.422,2.04375,2.0442,2.10,3.30
2008.08.19 11:30:35.551,2.04365,2.0442,4.90,5.50
2008.08.19 11:30:36.071,2.04375,2.0442,2.10,3.30
2008.08.19 11:30:36.271,2.04375,2.04415,2.10,2.20
2008.08.19 11:30:36.471,2.04365,2.04415,3.20,2.70
2008.08.19 11:30:36.891,2.0437,2.04415,2.10,2.70
2008.08.19 11:30:37.335,2.04375,2.04415,1.30,2.70
2008.08.19 11:30:37.559,2.04375,2.0441,4.10,5.40
2008.08.19 11:30:37.783,2.04375,2.04425,4.10,2.10
2008.08.19 11:30:38.026,2.04375,2.0443,6.30,2.10
2008.08.19 11:30:38.270,2.04375,2.0443,4.90,2.80
2008.08.19 11:30:38.515,2.04375,2.04425,3.20,2.70
2008.08.19 11:30:39.175,2.04375,2.04425,4.50,2.70
2008.08.19 11:30:39.283,2.0438,2.0443,1.70,2.10
2008.08.19 11:30:40.185,2.0438,2.0443,1.70,2.80
2008.08.19 11:30:40.334,2.0439,2.0443,1.00,1.70
2008.08.19 11:30:40.441,2.0438,2.04425,3.90,2.20
2008.08.19 11:30:40.770,2.0438,2.04425,1.70,2.20
2008.08.19 11:30:40.818,2.04375,2.04425,4.90,2.20
2008.08.19 11:30:41.392,2.0439,2.0443,1.00,4.80
2008.08.19 11:30:41.866,2.0439,2.0443,1.00,2.10
2008.08.19 11:30:42.583,2.0438,2.0443,2.10,4.80
2008.08.19 11:30:42.789,2.0438,2.04425,2.10,2.20
2008.08.19 11:30:43.396,2.0438,2.04425,2.10,1.70
2008.08.19 11:30:43.599,2.04375,2.04415,3.90,2.20
2008.08.19 11:30:43.726,2.04375,2.04415,3.20,3.30
2008.08.19 11:30:43.851,2.04375,2.04415,3.20,2.70
2008.08.19 11:30:44.095,2.04375,2.04425,4.90,2.80
2008.08.19 11:30:44.218,2.04375,2.0442,4.90,5.40
2008.08.19 11:30:44.463,2.0439,2.0442,1.00,5.40
2008.08.19 11:30:44.588,2.0439,2.0443,1.00,10.20
2008.08.19 11:30:44.711,2.04375,2.0442,3.20,2.70
2008.08.19 11:30:44.987,2.0438,2.0442,1.00,2.70
2008.08.19 11:30:45.534,2.04375,2.0442,3.20,2.70
2008.08.19 11:30:45.810,2.04375,2.0442,4.90,5.40
2008.08.19 11:30:46.054,2.04375,2.04425,4.90,2.20
2008.08.19 11:30:47.444,2.04375,2.04425,2.80,2.80
2008.08.19 11:30:47.739,2.04375,2.04415,1.70,2.20
2008.08.19 11:30:48.035,2.04365,2.04415,4.90,2.80
2008.08.19 11:30:48.151,2.04365,2.0441,3.90,2.20
2008.08.19 11:30:48.270,2.0437,2.04415,1.70,3.90
2008.08.19 11:30:48.386,2.0437,2.04415,1.70,3.20
2008.08.19 11:30:48.503,2.04365,2.04415,2.10,5.90
2008.08.19 11:30:48.734,2.04365,2.04415,2.10,6.60
2008.08.19 11:30:48.963,2.04365,2.04415,2.10,5.90
2008.08.19 11:30:49.359,2.04365,2.04415,2.10,6.60
2008.08.19 11:30:49.755,2.04365,2.04415,2.10,5.90
2008.08.19 11:30:49.958,2.04365,2.04415,2.10,6.60
2008.08.19 11:30:50.431,2.04365,2.04415,3.20,4.80
2008.08.19 11:30:50.710,2.04365,2.04415,2.10,6.60
2008.08.19 11:30:50.806,2.0437,2.04415,1.70,3.90
2008.08.19 11:30:51.231,2.04365,2.04415,2.10,6.60
2008.08.19 11:30:51.942,2.04365,2.0441,2.10,1.70
2008.08.19 11:30:52.182,2.04365,2.0441,2.10,2.20
2008.08.19 11:30:54.806,2.0436,2.0441,3.90,2.20
2008.08.19 11:30:55.722,2.0436,2.04405,3.90,2.20
2008.08.19 11:30:55.922,2.0436,2.044,2.10,2.20
2008.08.19 11:30:56.124,2.04355,2.044,3.20,2.20
2008.08.19 11:30:56.612,2.0436,2.044,1.00,2.20
2008.08.19 11:30:57.106,2.0435,2.044,3.90,2.20
2008.08.19 11:30:57.202,2.0435,2.044,2.10,2.20
2008.08.19 11:30:57.391,2.04345,2.0439,7.50,3.30
2008.08.19 11:30:57.823,2.04345,2.0439,2.10,3.30
2008.08.19 11:30:58.162,2.0434,2.0439,4.30,3.30
2008.08.19 11:30:58.502,2.0434,2.0439,2.10,2.70
2008.08.19 11:30:58.786,2.0434,2.0439,4.30,2.70
2008.08.19 11:30:59.070,2.04355,2.0439,1.30,2.70
2008.08.19 11:30:59.215,2.0437,2.0439,3.20,2.70
2008.08.19 11:30:59.654,2.0437,2.0439,1.30,2.70
2008.08.19 11:30:59.815,2.0438,2.044,1.00,2.10
2008.08.19 11:30:59.975,2.0437,2.044,5.40,2.10
2008.08.19 11:31:00.134,2.0437,2.04405,3.20,2.70
2008.08.19 11:31:00.294,2.04355,2.04405,4.50,2.70
2008.08.19 11:31:00.610,2.04355,2.0441,6.30,8.10
2008.08.19 11:31:02.801,2.04355,2.044,4.90,3.90
2008.08.19 11:31:02.942,2.04355,2.044,2.10,3.30
2008.08.19 11:31:03.011,2.04355,2.04395,2.10,2.70
2008.08.19 11:31:03.191,2.0435,2.04395,4.30,2.70
2008.08.19 11:31:03.750,2.0435,2.0439,2.10,2.70
2008.08.19 11:31:03.839,2.04345,2.0439,3.20,2.70
2008.08.19 11:31:05.812,2.0435,2.0439,1.00,2.70
2008.08.19 11:31:07.315,2.0435,2.0439,4.30,2.70
2008.08.19 11:31:07.655,2.0435,2.04395,4.30,4.80
2008.08.19 11:31:08.495,2.04345,2.04395,2.40,4.80
2008.08.19 11:31:08.699,2.04345,2.04395,4.10,2.10
2008.08.19 11:31:08.815,2.04355,2.04395,1.30,2.10
2008.08.19 11:31:09.007,2.04355,2.044,2.40,2.70
2008.08.19 11:31:09.195,2.04355,2.04405,4.10,2.10
2008.08.19 11:31:14.189,2.04355,2.044,4.10,2.10
2008.08.19 11:31:15.515,2.04355,2.04405,4.10,2.10
2008.08.19 11:31:15.783,2.04355,2.04405,2.80,2.10
2008.08.19 11:31:16.303,2.0436,2.04405,1.00,4.80
2008.08.19 11:31:16.938,2.0436,2.0439,1.00,3.20
2008.08.19 11:31:17.259,2.04335,2.04395,5.20,5.90
2008.08.19 11:31:17.581,2.04335,2.04385,2.10,2.70
2008.08.19 11:31:19.179,2.0434,2.0439,2.10,2.70
2008.08.19 11:31:22.209,2.0435,2.0439,1.00,2.70
2008.08.19 11:31:22.538,2.0435,2.04395,1.00,4.80
2008.08.19 11:31:22.594,2.0434,2.04395,3.90,5.90
2008.08.19 11:31:22.895,2.0435,2.04395,2.10,2.70
2008.08.19 11:31:28.675,2.0435,2.04395,2.10,3.70
2008.08.19 11:31:30.176,2.04355,2.04395,2.10,3.70
2008.08.19 11:31:44.536,2.04355,2.04395,2.10,2.70
2008.08.19 11:31:45.005,2.0436,2.04395,2.10,2.70
2008.08.19 11:31:46.910,2.04365,2.04395,1.30,2.70
2008.08.19 11:31:47.066,2.04365,2.04395,2.40,2.70
2008.08.19 11:31:47.131,2.0437,2.04395,5.40,2.70
2008.08.19 11:31:47.219,2.04365,2.04395,3.20,2.70
2008.08.19 11:31:47.283,2.04365,2.04395,2.10,2.70
2008.08.19 11:31:47.578,2.04365,2.044,2.10,2.10
2008.08.19 11:31:47.594,2.04365,2.04415,2.10,4.40
2008.08.19 11:31:47.914,2.04365,2.0441,2.10,3.30
2008.08.19 11:31:50.777,2.04365,2.0441,3.50,2.70
2008.08.19 11:31:51.021,2.04365,2.0441,4.50,2.70
2008.08.19 11:31:51.223,2.0437,2.0441,1.30,2.70
2008.08.19 11:31:51.266,2.0437,2.04415,1.30,2.70
2008.08.19 11:31:54.458,2.04375,2.04415,1.30,2.70
2008.08.19 11:31:54.898,2.04375,2.0442,1.30,2.70
2008.08.19 11:31:56.874,2.0437,2.0442,3.50,2.70
2008.08.19 11:31:57.534,2.0437,2.04415,3.50,2.70
2008.08.19 11:32:04.199,2.0437,2.04415,2.10,2.70
2008.08.19 11:32:04.331,2.0437,2.04415,2.10,3.70
2008.08.19 11:32:04.439,2.0437,2.044,2.10,3.20
2008.08.19 11:32:04.755,2.0437,2.0441,2.10,5.90
2008.08.19 11:32:05.617,2.04365,2.0441,3.50,5.90
2008.08.19 11:32:09.479,2.04375,2.0441,1.30,5.90
2008.08.19 11:32:09.643,2.04375,2.044,1.30,3.20
2008.08.19 11:32:09.727,2.04375,2.04415,1.30,2.70
2008.08.19 11:32:09.812,2.0437,2.04415,1.30,2.70
2008.08.19 11:32:11.977,2.04365,2.04415,4.50,2.70
2008.08.19 11:32:12.234,2.04365,2.0441,3.50,5.90
2008.08.19 11:32:15.002,2.04375,2.0441,1.30,5.90
2008.08.19 11:32:15.199,2.04375,2.0441,1.30,2.70
2008.08.19 11:32:15.363,2.04375,2.04415,1.30,2.70
2008.08.19 11:32:15.486,2.0437,2.04415,3.50,2.70
2008.08.19 11:32:19.101,2.0437,2.0442,3.50,2.70
2008.08.19 11:32:25.642,2.0438,2.04425,1.30,5.90
2008.08.19 11:32:26.611,2.0438,2.04425,1.30,3.70
2008.08.19 11:32:27.858,2.04375,2.04425,3.50,3.70
2008.08.19 11:32:28.038,2.04375,2.0442,3.50,2.70
2008.08.19 11:32:28.410,2.04375,2.0442,1.30,2.70
2008.08.19 11:32:28.978,2.04375,2.0442,1.30,4.80
2008.08.19 11:32:29.231,2.04375,2.0442,3.50,2.70
2008.08.19 11:32:30.551,2.0438,2.0442,2.10,2.70
2008.08.19 11:32:31.734,2.0438,2.04425,2.10,3.70
2008.08.19 11:32:32.434,2.0438,2.0442,2.10,2.70
2008.08.19 11:32:33.286,2.04385,2.0442,1.30,2.70
2008.08.19 11:32:33.503,2.044,2.0442,1.30,2.70
2008.08.19 11:32:33.749,2.04395,2.0442,3.50,2.70
2008.08.19 11:32:33.991,2.04405,2.0442,1.30,5.40
2008.08.19 11:32:34.238,2.0441,2.0446,1.30,2.70
2008.08.19 11:32:34.487,2.04415,2.0446,1.30,6.40
2008.08.19 11:32:34.685,2.0443,2.0446,1.30,5.40
2008.08.19 11:32:34.882,2.0443,2.0447,1.30,10.80
2008.08.19 11:32:35.084,2.0443,2.04485,1.30,2.70
2008.08.19 11:32:35.284,2.04435,2.04475,1.30,2.70
2008.08.19 11:32:35.746,2.04435,2.04475,1.30,4.80
2008.08.19 11:32:36.279,2.0444,2.04475,1.30,4.80
2008.08.19 11:32:36.547,2.0444,2.0448,1.30,2.10
2008.08.19 11:32:36.662,2.0443,2.0448,4.80,2.10
2008.08.19 11:32:36.778,2.0443,2.0448,4.70,2.10
2008.08.19 11:32:36.894,2.0443,2.0448,3.10,7.50
2008.08.19 11:32:37.234,2.04435,2.0448,1.30,7.50
2008.08.19 11:32:37.574,2.04435,2.0448,1.30,2.10
2008.08.19 11:32:37.814,2.04435,2.04475,1.30,2.70
2008.08.19 11:32:38.290,2.04425,2.0448,7.00,4.80
2008.08.19 11:32:38.537,2.04425,2.0447,3.90,5.40
2008.08.19 11:32:38.774,2.0442,2.0447,2.10,2.70
2008.08.19 11:32:40.003,2.0442,2.0447,3.50,2.70
2008.08.19 11:32:40.260,2.04425,2.0447,2.10,2.70
2008.08.19 11:32:40.556,2.04425,2.0448,3.90,4.80
2008.08.19 11:32:41.418,2.0443,2.0448,2.10,2.70
2008.08.19 11:32:41.733,2.0443,2.04485,3.90,4.80
2008.08.19 11:32:42.046,2.0443,2.0448,3.90,3.90
2008.08.19 11:32:42.614,2.0443,2.0448,1.70,2.80
2008.08.19 11:32:43.107,2.04425,2.04475,2.10,2.70
2008.08.19 11:32:43.343,2.04425,2.0448,3.90,5.50
2008.08.19 11:32:43.821,2.04435,2.0448,2.10,2.70
2008.08.19 11:32:44.555,2.0443,2.0448,2.10,2.70
2008.08.19 11:32:49.211,2.0443,2.0447,2.10,1.00
2008.08.19 11:32:49.329,2.04425,2.04475,2.10,5.90
2008.08.19 11:32:51.030,2.0443,2.04475,2.10,3.70
2008.08.19 11:32:51.070,2.0443,2.0447,2.10,2.70
2008.08.19 11:32:51.371,2.0443,2.04475,2.10,2.70
2008.08.19 11:32:51.778,2.0443,2.0448,3.90,2.10
2008.08.19 11:32:52.654,2.0443,2.04465,3.90,1.00
2008.08.19 11:32:52.858,2.04425,2.0446,2.10,2.70
2008.08.19 11:32:53.062,2.04415,2.0446,3.20,2.70
2008.08.19 11:32:53.266,2.04415,2.0446,2.10,2.70
2008.08.19 11:32:53.786,2.0441,2.0445,3.50,2.70
2008.08.19 11:32:54.430,2.0442,2.04455,1.00,2.70
2008.08.19 11:32:54.706,2.0442,2.0446,1.00,2.10
2008.08.19 11:32:54.851,2.04415,2.0446,2.80,2.10
2008.08.19 11:32:54.990,2.0442,2.0446,1.00,2.10
2008.08.19 11:32:55.551,2.0442,2.0446,1.00,5.40
2008.08.19 11:32:55.755,2.0441,2.0446,1.70,5.40
2008.08.19 11:32:55.958,2.04405,2.0446,10.60,8.10
2008.08.19 11:32:56.162,2.0442,2.0446,4.30,2.10
2008.08.19 11:32:56.810,2.0441,2.0446,3.90,5.40
2008.08.19 11:32:57.546,2.0441,2.04455,2.10,2.70
2008.08.19 11:32:57.782,2.0441,2.0445,2.10,2.70
2008.08.19 11:32:58.018,2.0441,2.0445,3.50,2.70
2008.08.19 11:32:58.254,2.0441,2.0445,2.10,2.70
2008.08.19 11:32:58.493,2.0441,2.0446,3.90,2.10
2008.08.19 11:32:59.807,2.0441,2.04455,2.10,2.70
2008.08.19 11:33:01.122,2.0442,2.04455,1.00,2.70
2008.08.19 11:33:01.311,2.0442,2.04445,1.00,2.70
2008.08.19 11:33:01.501,2.0442,2.04455,1.00,2.70
2008.08.19 11:33:01.701,2.0441,2.04455,2.10,2.70
2008.08.19 11:33:04.190,2.04415,2.0445,2.10,2.70
2008.08.19 11:33:04.618,2.0441,2.0445,2.10,2.70
2008.08.19 11:33:04.811,2.0441,2.0446,3.50,2.70
2008.08.19 11:33:05.115,2.0441,2.0446,2.10,2.70
2008.08.19 11:33:05.522,2.0441,2.0446,3.50,2.70
2008.08.19 11:33:05.730,2.04415,2.0446,2.10,2.70
2008.08.19 11:33:05.831,2.04415,2.0445,2.10,1.00
2008.08.19 11:33:06.223,2.0441,2.0445,2.10,4.30
2008.08.19 11:33:06.518,2.0441,2.04455,2.10,3.70
2008.08.19 11:33:07.106,2.04425,2.0445,2.10,3.20
2008.08.19 11:33:07.622,2.0443,2.04475,3.90,8.60
2008.08.19 11:33:07.882,2.04435,2.04485,2.10,8.10
2008.08.19 11:33:08.142,2.04435,2.04475,2.10,6.40
2008.08.19 11:33:08.278,2.04435,2.04475,2.10,1.00
2008.08.19 11:33:09.151,2.04435,2.04485,4.50,2.70
2008.08.19 11:33:09.318,2.0444,2.04485,2.10,3.30
2008.08.19 11:33:09.486,2.0444,2.04485,2.10,4.40
2008.08.19 11:33:09.654,2.0444,2.04485,2.10,3.70
2008.08.19 11:33:09.986,2.0444,2.0448,2.10,1.00
2008.08.19 11:33:10.426,2.04435,2.0448,3.90,1.00
2008.08.19 11:33:11.110,2.0445,2.0449,1.30,4.80
2008.08.19 11:33:11.266,2.04445,2.04495,7.50,2.70
2008.08.19 11:33:11.422,2.04445,2.04495,2.10,3.70
2008.08.19 11:33:11.730,2.04445,2.0449,3.90,1.00
2008.08.19 11:33:11.887,2.04445,2.0449,5.20,1.00
2008.08.19 11:33:12.042,2.04445,2.0449,3.50,1.00
2008.08.19 11:33:12.198,2.04445,2.045,4.50,4.80
2008.08.19 11:33:12.771,2.04445,2.04485,1.70,1.00
2008.08.19 11:33:13.058,2.04445,2.045,1.70,3.20
2008.08.19 11:33:13.346,2.0444,2.045,2.10,6.60
2008.08.19 11:33:14.038,2.0444,2.0449,2.10,2.70
2008.08.19 11:33:14.970,2.04455,2.04495,1.30,2.10
2008.08.19 11:33:15.226,2.04445,2.0449,2.90,2.10
2008.08.19 11:33:15.382,2.04445,2.04495,5.10,1.00
2008.08.19 11:33:15.690,2.0445,2.045,1.30,4.80
2008.08.19 11:33:15.999,2.0446,2.045,1.30,2.70
2008.08.19 11:33:16.156,2.0446,2.04495,2.70,2.70
2008.08.19 11:33:16.494,2.0447,2.04505,2.10,2.70
2008.08.19 11:33:16.834,2.04485,2.0453,1.70,2.10
2008.08.19 11:33:17.174,2.04485,2.04535,3.10,4.30
2008.08.19 11:33:17.730,2.04485,2.04535,1.70,4.90
2008.08.19 11:33:18.010,2.04485,2.0453,2.10,2.70
2008.08.19 11:33:18.866,2.04485,2.04535,3.90,5.50
2008.08.19 11:33:19.782,2.04485,2.04535,3.90,3.30
2008.08.19 11:33:19.943,2.04495,2.04535,1.70,2.20
2008.08.19 11:33:20.102,2.04495,2.04535,1.70,2.80
2008.08.19 11:33:20.262,2.04495,2.0454,1.70,2.10
2008.08.19 11:33:20.422,2.04495,2.04545,1.70,2.10
2008.08.19 11:33:20.698,2.04495,2.04545,1.70,2.80
2008.08.19 11:33:20.838,2.04495,2.04545,1.70,4.80
2008.08.19 11:33:20.978,2.0449,2.04545,3.90,4.80
2008.08.19 11:33:21.118,2.0449,2.04545,3.90,5.50
2008.08.19 11:33:21.259,2.0449,2.0454,3.90,4.80
2008.08.19 11:33:21.702,2.0449,2.04535,1.70,2.10
2008.08.19 11:33:22.314,2.04485,2.0453,1.70,2.10
2008.08.19 11:33:23.733,2.0449,2.0453,1.70,2.10
2008.08.19 11:33:24.267,2.0449,2.04535,1.70,2.10
2008.08.19 11:33:24.403,2.0449,2.04535,1.70,3.20
2008.08.19 11:33:27.146,2.0449,2.0452,1.70,3.20
2008.08.19 11:33:28.904,2.0448,2.04525,1.70,3.20
2008.08.19 11:33:30.854,2.0448,2.0452,1.70,3.90
2008.08.19 11:33:31.070,2.0447,2.0451,2.10,1.00
2008.08.19 11:33:31.402,2.0447,2.045,2.10,1.00
2008.08.19 11:33:31.570,2.04465,2.045,1.70,1.00
2008.08.19 11:33:31.902,2.04455,2.04505,1.80,3.20
2008.08.19 11:33:32.158,2.04455,2.04505,1.70,3.20
2008.08.19 11:33:33.334,2.04455,2.04495,1.70,1.00
2008.08.19 11:33:33.445,2.04455,2.0449,1.70,4.30
2008.08.19 11:33:33.493,2.04455,2.04495,1.70,1.70
2008.08.19 11:33:33.714,2.0445,2.04495,1.70,1.70
2008.08.19 11:33:33.762,2.0445,2.04495,1.70,3.90
2008.08.19 11:33:34.014,2.04445,2.0449,2.10,2.70
2008.08.19 11:33:34.499,2.0444,2.0449,2.10,2.70
2008.08.19 11:33:34.745,2.0444,2.0448,2.10,4.30
2008.08.19 11:33:34.987,2.0444,2.04485,1.00,4.80
2008.08.19 11:33:35.063,2.0443,2.04485,3.90,5.90
2008.08.19 11:33:35.139,2.04445,2.04485,1.70,3.20
2008.08.19 11:33:35.215,2.0444,2.04485,3.90,3.20
2008.08.19 11:33:35.291,2.0444,2.04495,7.10,8.10
2008.08.19 11:33:35.366,2.0444,2.04495,3.90,8.10
2008.08.19 11:33:35.456,2.0444,2.04495,5.20,5.90
2008.08.19 11:33:35.674,2.0444,2.04495,5.20,3.20
2008.08.19 11:33:35.894,2.04445,2.04495,1.70,3.20
2008.08.19 11:33:36.360,2.04445,2.04495,2.10,3.70
2008.08.19 11:33:36.701,2.0444,2.0448,2.10,1.00
2008.08.19 11:33:38.658,2.04435,2.0448,3.90,1.00
2008.08.19 11:33:39.132,2.04435,2.04475,2.10,2.70
2008.08.19 11:33:39.178,2.04435,2.04475,2.10,3.70
2008.08.19 11:33:39.216,2.04425,2.04475,3.50,3.70
2008.08.19 11:33:39.242,2.04425,2.04475,2.10,3.70
2008.08.19 11:33:39.758,2.04425,2.0447,2.10,2.70
2008.08.19 11:33:40.099,2.0442,2.0447,4.30,2.70
2008.08.19 11:33:40.438,2.0442,2.0446,4.30,1.00
2008.08.19 11:33:40.940,2.0442,2.0447,4.30,3.30
2008.08.19 11:33:41.171,2.0442,2.0447,2.10,3.30
2008.08.19 11:33:41.218,2.04415,2.0447,3.90,5.50
2008.08.19 11:33:41.947,2.04415,2.04465,1.70,2.80
2008.08.19 11:33:42.349,2.0441,2.04465,3.90,5.50
2008.08.19 11:33:42.554,2.04415,2.0446,2.40,2.10
2008.08.19 11:33:42.998,2.04415,2.04465,4.50,4.80
2008.08.19 11:33:43.482,2.04415,2.04465,6.30,2.10
2008.08.19 11:33:44.326,2.0443,2.04465,1.30,2.10
2008.08.19 11:33:51.827,2.0443,2.0447,1.30,2.10
2008.08.19 11:33:52.057,2.0443,2.0447,1.30,4.80
2008.08.19 11:33:53.315,2.04435,2.0447,1.30,4.80
2008.08.19 11:33:53.702,2.04435,2.04475,1.30,3.20
2008.08.19 11:33:53.950,2.04445,2.04475,1.30,3.20
2008.08.19 11:33:54.442,2.04445,2.0447,1.30,1.00
2008.08.19 11:33:54.690,2.04435,2.04475,1.40,3.20
2008.08.19 11:33:54.810,2.04435,2.04475,1.30,3.20
2008.08.19 11:33:55.162,2.04435,2.0447,1.30,2.70
2008.08.19 11:33:55.631,2.04435,2.0447,1.30,4.80
2008.08.19 11:33:55.769,2.0445,2.0447,1.30,4.80
2008.08.19 11:33:55.902,2.0445,2.0448,1.30,2.10
2008.08.19 11:33:56.434,2.0445,2.0448,1.60,2.10
2008.08.19 11:33:56.570,2.04445,2.04475,1.00,2.10
2008.08.19 11:33:56.706,2.04435,2.04475,1.70,2.10
2008.08.19 11:33:57.030,2.04435,2.04475,1.30,2.10
2008.08.19 11:33:57.354,2.0444,2.04475,1.30,2.10
2008.08.19 11:33:58.618,2.0444,2.04475,1.30,4.80
2008.08.19 11:33:59.268,2.0444,2.0446,1.30,1.00
2008.08.19 11:33:59.431,2.0444,2.04465,1.30,3.70
2008.08.19 11:33:59.595,2.04435,2.04465,1.30,2.70
2008.08.19 11:33:59.917,2.04435,2.0447,1.30,2.70
2008.08.19 11:34:02.508,2.04435,2.04475,1.30,3.70
2008.08.19 11:34:03.396,2.04435,2.0447,1.30,2.70
2008.08.19 11:34:03.686,2.04425,2.0447,3.60,2.70
2008.08.19 11:34:03.723,2.04425,2.0447,3.50,2.70
2008.08.19 11:34:04.632,2.04425,2.0447,2.10,2.70
2008.08.19 11:34:04.778,2.0442,2.0447,3.50,2.70
2008.08.19 11:34:07.942,2.04425,2.0447,1.30,2.70
2008.08.19 11:34:10.266,2.04425,2.0447,1.30,4.80
2008.08.19 11:34:15.982,2.04415,2.0447,4.90,4.80
2008.08.19 11:34:17.425,2.04415,2.0446,3.90,4.30
2008.08.19 11:34:18.546,2.04415,2.04465,2.10,3.70
2008.08.19 11:34:19.970,2.04415,2.0446,3.90,1.00
2008.08.19 11:34:20.600,2.04415,2.04465,2.10,3.70
2008.08.19 11:34:21.458,2.0441,2.04465,5.20,3.70
2008.08.19 11:34:21.538,2.0441,2.04465,3.90,6.60
2008.08.19 11:34:21.619,2.0441,2.04465,3.90,3.90
2008.08.19 11:34:21.697,2.0441,2.0445,3.90,1.00
2008.08.19 11:34:21.918,2.0441,2.0445,1.70,1.00
2008.08.19 11:34:22.138,2.04405,2.0445,2.10,2.70
2008.08.19 11:34:22.573,2.04405,2.0445,2.10,2.70
2008.08.19 11:34:22.793,2.044,2.0445,3.50,2.70
2008.08.19 11:34:23.492,2.044,2.0445,3.50,4.80
2008.08.19 11:34:23.718,2.044,2.04445,2.10,1.70
2008.08.19 11:34:23.946,2.0439,2.0444,2.10,2.70
2008.08.19 11:34:24.302,2.04385,2.04435,2.80,2.10
2008.08.19 11:34:24.657,2.04385,2.04425,1.70,1.00
2008.08.19 11:34:24.838,2.04385,2.0442,1.70,2.10
2008.08.19 11:34:25.185,2.04385,2.04415,1.70,2.10
2008.08.19 11:34:25.361,2.0438,2.04415,1.00,2.10
2008.08.19 11:34:25.537,2.04365,2.04415,1.70,2.10
2008.08.19 11:34:26.293,2.04365,2.0441,1.70,1.00
2008.08.19 11:34:26.504,2.04365,2.0441,1.70,2.80
2008.08.19 11:34:26.710,2.0436,2.0441,1.70,2.80
2008.08.19 11:34:26.917,2.0436,2.044,1.70,2.10
2008.08.19 11:34:27.466,2.0436,2.044,1.70,2.80
2008.08.19 11:34:27.742,2.04345,2.04395,5.20,2.10
2008.08.19 11:34:28.018,2.0436,2.04395,2.10,2.10
2008.08.19 11:34:28.542,2.04345,2.04395,3.10,2.10
2008.08.19 11:34:30.167,2.04345,2.0439,3.10,2.10
2008.08.19 11:34:30.469,2.04345,2.0439,1.70,2.10
2008.08.19 11:34:31.561,2.04335,2.0439,5.20,4.80
2008.08.19 11:34:32.153,2.04335,2.0439,3.90,5.50
2008.08.19 11:34:32.382,2.04335,2.0438,1.70,2.10
2008.08.19 11:34:32.834,2.0433,2.04385,5.20,4.80
2008.08.19 11:34:33.061,2.0433,2.04385,3.50,4.80
2008.08.19 11:34:33.914,2.0433,2.04385,5.20,4.80
2008.08.19 11:34:34.818,2.0433,2.0438,7.50,2.70
2008.08.19 11:34:35.758,2.0433,2.0438,7.50,3.30
2008.08.19 11:34:37.434,2.0434,2.0438,5.40,5.50
2008.08.19 11:34:38.148,2.0434,2.0438,3.20,5.50
2008.08.19 11:34:38.434,2.04325,2.0438,3.90,5.50
2008.08.19 11:34:38.715,2.0434,2.04385,1.70,2.10
2008.08.19 11:34:38.898,2.0434,2.04385,1.70,3.20
2008.08.19 11:34:39.083,2.0434,2.0438,1.70,2.10
2008.08.19 11:34:39.447,2.04335,2.0438,1.70,2.10
2008.08.19 11:34:39.631,2.04325,2.0438,5.10,4.80
2008.08.19 11:34:39.815,2.04325,2.0438,4.90,4.80
2008.08.19 11:34:40.079,2.04325,2.04375,4.90,2.10
2008.08.19 11:34:41.182,2.04325,2.04375,4.90,2.80
2008.08.19 11:34:41.318,2.04325,2.04375,2.10,5.50
2008.08.19 11:34:41.718,2.0432,2.04375,6.00,5.50
2008.08.19 11:34:42.129,2.0432,2.04375,5.20,4.80
2008.08.19 11:34:42.410,2.04325,2.04375,1.70,3.20
2008.08.19 11:34:43.141,2.0432,2.04375,5.20,5.90
2008.08.19 11:34:43.322,2.0432,2.04375,3.90,6.60
2008.08.19 11:34:43.854,2.0432,2.0437,3.90,3.90
2008.08.19 11:34:44.298,2.04325,2.04375,2.10,4.40
2008.08.19 11:34:45.071,2.04325,2.04375,3.90,1.70
2008.08.19 11:34:45.478,2.04325,2.0437,3.90,3.90
2008.08.19 11:34:45.558,2.0432,2.0437,3.90,3.90
2008.08.19 11:34:46.234,2.0432,2.04375,3.90,6.60
2008.08.19 11:34:46.398,2.0432,2.0437,3.90,1.70
2008.08.19 11:34:46.562,2.0432,2.0437,3.90,2.20
2008.08.19 11:34:46.726,2.0432,2.0436,3.90,1.70
2008.08.19 11:34:46.898,2.04325,2.0436,1.70,2.20
2008.08.19 11:34:47.062,2.04325,2.04375,1.70,6.00
2008.08.19 11:34:47.402,2.04325,2.0437,1.70,1.70
2008.08.19 11:34:47.742,2.04325,2.0437,1.70,3.90
2008.08.19 11:34:48.082,2.0432,2.0437,6.00,3.90
2008.08.19 11:34:49.020,2.0433,2.04375,2.10,4.40
2008.08.19 11:34:49.166,2.0433,2.04375,2.10,1.70
2008.08.19 11:34:50.195,2.0433,2.0437,2.10,3.90
2008.08.19 11:34:50.282,2.04325,2.0437,1.70,3.90
2008.08.19 11:34:50.454,2.0432,2.0437,3.90,3.90
2008.08.19 11:34:50.725,2.0432,2.04375,3.90,6.60
2008.08.19 11:34:50.809,2.04325,2.04375,1.70,3.90
2008.08.19 11:34:51.899,2.0432,2.0437,3.90,3.90
2008.08.19 11:34:52.766,2.04325,2.0437,2.10,3.90
2008.08.19 11:34:53.758,2.0433,2.0437,2.10,3.90
2008.08.19 11:34:55.156,2.0433,2.04375,2.10,4.40
2008.08.19 11:34:55.435,2.0433,2.04375,2.10,1.70
2008.08.19 11:34:55.972,2.0433,2.04375,3.90,1.70
2008.08.19 11:34:56.105,2.0433,2.04375,3.90,2.20
2008.08.19 11:34:56.470,2.0433,2.0437,3.90,1.70
2008.08.19 11:34:56.510,2.0433,2.0437,3.90,2.20
2008.08.19 11:34:56.670,2.0433,2.0437,1.70,3.90
2008.08.19 11:34:56.831,2.0433,2.04375,1.70,1.70
2008.08.19 11:34:56.992,2.04325,2.04375,2.10,1.70
2008.08.19 11:34:57.153,2.0433,2.04375,2.10,1.70
2008.08.19 11:34:57.312,2.0433,2.0437,2.10,2.20
2008.08.19 11:34:57.481,2.0433,2.0437,3.90,3.90
2008.08.19 11:34:57.821,2.0433,2.04375,3.90,1.70
2008.08.19 11:34:58.158,2.04335,2.04385,3.20,5.50
2008.08.19 11:34:58.499,2.0434,2.04385,1.70,2.80
2008.08.19 11:34:58.785,2.0434,2.04385,1.70,2.20
2008.08.19 11:35:00.475,2.04335,2.04385,3.90,1.70
2008.08.19 11:35:00.727,2.04335,2.04385,4.90,2.20
2008.08.19 11:35:00.795,2.0434,2.04385,1.70,2.20
2008.08.19 11:35:00.952,2.0434,2.04385,1.70,1.00
2008.08.19 11:35:01.182,2.0434,2.04385,3.90,1.00
2008.08.19 11:35:01.338,2.0434,2.04385,3.90,2.20
2008.08.19 11:35:01.418,2.0434,2.04395,3.90,6.60
2008.08.19 11:35:01.497,2.0434,2.04395,3.90,8.70
2008.08.19 11:35:01.578,2.04345,2.04395,1.70,6.00
2008.08.19 11:35:01.734,2.04345,2.04395,1.70,3.90
2008.08.19 11:35:03.582,2.04345,2.04395,1.70,7.60
2008.08.19 11:35:03.825,2.04345,2.0438,1.70,1.00
2008.08.19 11:35:04.070,2.0434,2.0438,3.90,2.20
2008.08.19 11:35:04.441,2.0434,2.0438,2.10,2.20
2008.08.19 11:35:05.470,2.04335,2.0438,3.90,2.20
2008.08.19 11:35:10.870,2.04335,2.0437,3.90,1.00
2008.08.19 11:35:12.124,2.04335,2.0437,2.10,1.00
2008.08.19 11:35:19.422,2.0434,2.0438,2.10,2.70
2008.08.19 11:35:20.221,2.0434,2.04385,2.10,4.40
2008.08.19 11:35:23.430,2.0434,2.04385,3.90,1.70
2008.08.19 11:35:24.558,2.0434,2.04385,3.90,2.20
2008.08.19 11:35:25.647,2.0434,2.04385,3.90,1.70
2008.08.19 11:35:25.938,2.0434,2.04385,2.10,4.40
2008.08.19 11:35:28.117,2.0434,2.04385,2.10,3.30
2008.08.19 11:35:28.414,2.04335,2.04385,2.10,4.40
2008.08.19 11:35:29.398,2.04335,2.04385,3.90,1.70
2008.08.19 11:35:30.010,2.04335,2.04385,2.10,4.40
2008.08.19 11:35:30.193,2.04335,2.04385,3.20,3.30
2008.08.19 11:35:30.378,2.04335,2.04385,2.10,4.40
2008.08.19 11:35:30.562,2.0434,2.04385,1.70,1.70
2008.08.19 11:35:30.625,2.04335,2.04385,2.10,4.40
2008.08.19 11:35:31.237,2.04335,2.04385,3.90,1.70
2008.08.19 11:35:32.209,2.04335,2.04375,3.90,1.00
2008.08.19 11:35:32.538,2.04335,2.04375,2.10,2.20
2008.08.19 11:35:33.190,2.0433,2.04375,3.90,2.20
2008.08.19 11:35:35.081,2.0433,2.04375,1.70,2.20
2008.08.19 11:35:35.258,2.0433,2.0437,1.70,2.20
2008.08.19 11:35:35.573,2.0433,2.0437,1.00,2.20
2008.08.19 11:35:35.961,2.04325,2.04375,3.20,2.70
2008.08.19 11:35:36.326,2.04335,2.0438,1.70,2.80
2008.08.19 11:35:37.272,2.04335,2.04375,1.70,1.00
2008.08.19 11:35:37.586,2.0433,2.04375,1.70,2.20
2008.08.19 11:35:37.903,2.0433,2.04375,1.70,2.80
2008.08.19 11:35:38.218,2.0433,2.04365,1.70,1.00
2008.08.19 11:35:38.534,2.04325,2.04365,1.70,1.00
2008.08.19 11:35:38.629,2.0432,2.0436,2.10,1.00
2008.08.19 11:35:38.726,2.04315,2.0436,5.10,1.00
2008.08.19 11:35:38.821,2.04315,2.0436,4.90,2.20
2008.08.19 11:35:39.009,2.0432,2.0436,1.70,2.20
2008.08.19 11:35:39.107,2.04315,2.04355,4.90,1.00
2008.08.19 11:35:39.311,2.04315,2.04355,4.90,2.20
2008.08.19 11:35:39.802,2.04315,2.0435,3.20,1.00
2008.08.19 11:35:40.049,2.04315,2.0435,3.20,2.20
2008.08.19 11:35:40.298,2.0432,2.0435,1.00,2.20
2008.08.19 11:35:41.167,2.0431,2.0435,3.90,2.20
2008.08.19 11:35:41.277,2.04315,2.0435,1.70,1.00
2008.08.19 11:35:41.402,2.0431,2.04355,3.90,2.20
2008.08.19 11:35:41.896,2.0431,2.0435,3.90,1.00
2008.08.19 11:35:42.017,2.0431,2.0435,3.90,2.20
2008.08.19 11:35:45.755,2.0431,2.0435,1.70,2.20
2008.08.19 11:35:48.894,2.0431,2.0434,1.70,2.20
2008.08.19 11:35:48.941,2.04305,2.0434,4.90,2.20
2008.08.19 11:35:49.406,2.04305,2.0434,3.20,2.20
2008.08.19 11:35:49.682,2.0431,2.0434,1.00,2.20
2008.08.19 11:35:51.143,2.043,2.0434,3.90,2.20
2008.08.19 11:35:51.341,2.043,2.0434,1.70,2.20
2008.08.19 11:35:51.559,2.04295,2.0434,4.90,2.20
2008.08.19 11:35:54.396,2.04295,2.0434,4.90,1.00
2008.08.19 11:35:54.638,2.04295,2.0435,4.90,5.50
2008.08.19 11:35:54.882,2.04295,2.0435,4.90,7.10
2008.08.19 11:35:55.127,2.043,2.0435,3.90,2.20
2008.08.19 11:35:55.266,2.043,2.0434,3.90,1.00
2008.08.19 11:35:55.542,2.043,2.0434,3.90,3.90
2008.08.19 11:35:55.681,2.043,2.0434,3.90,1.00
2008.08.19 11:35:55.822,2.043,2.0434,3.90,2.20
2008.08.19 11:35:55.963,2.043,2.0435,3.90,3.90
2008.08.19 11:35:56.102,2.043,2.0434,3.90,1.00
2008.08.19 11:35:56.421,2.043,2.0435,3.90,3.90
2008.08.19 11:35:56.605,2.043,2.0435,3.90,2.20
2008.08.19 11:35:56.789,2.043,2.0434,3.90,2.20
2008.08.19 11:35:56.974,2.043,2.0435,3.90,3.90
2008.08.19 11:35:57.157,2.043,2.0435,3.90,2.20
2008.08.19 11:35:57.341,2.043,2.0434,3.90,2.20
2008.08.19 11:35:58.017,2.043,2.0435,2.10,6.60
2008.08.19 11:35:58.358,2.043,2.0435,3.90,2.20
2008.08.19 11:35:58.453,2.04305,2.0435,2.10,2.20
2008.08.19 11:35:58.545,2.04305,2.0435,3.90,2.20
2008.08.19 11:35:58.777,2.04305,2.0435,4.90,2.20
2008.08.19 11:35:58.869,2.04305,2.04355,4.90,2.10
2008.08.19 11:35:58.961,2.0432,2.04355,1.00,2.10
2008.08.19 11:35:59.057,2.0432,2.04355,4.30,2.10
2008.08.19 11:35:59.246,2.0431,2.0435,1.70,2.20
2008.08.19 11:35:59.506,2.0431,2.04355,1.70,2.10
2008.08.19 11:35:59.768,2.0432,2.04355,4.30,2.10
2008.08.19 11:36:00.641,2.0432,2.0436,4.30,2.10
2008.08.19 11:36:06.239,2.0431,2.0436,4.90,2.10
2008.08.19 11:36:07.294,2.0431,2.0436,1.70,2.10
2008.08.19 11:36:08.877,2.0431,2.0436,4.90,2.10
2008.08.19 11:36:09.193,2.0432,2.0436,3.20,4.80
2008.08.19 11:36:09.506,2.0432,2.04355,3.20,2.70
2008.08.19 11:36:10.250,2.0432,2.0436,3.20,4.80
2008.08.19 11:36:10.413,2.04305,2.0436,4.90,4.80
2008.08.19 11:36:10.742,2.04305,2.0435,3.90,1.00
2008.08.19 11:36:10.865,2.04305,2.04355,3.90,1.70
2008.08.19 11:36:11.229,2.04305,2.0435,2.10,2.70
2008.08.19 11:36:11.946,2.04305,2.0435,3.20,2.70
2008.08.19 11:36:12.285,2.04305,2.0436,4.90,4.80
2008.08.19 11:36:12.733,2.04305,2.0435,3.90,1.00
2008.08.19 11:36:13.146,2.04305,2.0435,2.10,2.70
2008.08.19 11:36:13.473,2.04305,2.0436,4.90,4.80
2008.08.19 11:36:14.125,2.0431,2.0436,1.70,2.10
2008.08.19 11:36:18.437,2.0431,2.0436,4.90,2.10
2008.08.19 11:36:20.520,2.04315,2.0436,1.70,2.10
2008.08.19 11:36:20.594,2.04315,2.0436,2.80,2.10
2008.08.19 11:36:20.649,2.04315,2.04365,2.80,2.10
2008.08.19 11:36:21.746,2.04315,2.0437,4.90,2.10
2008.08.19 11:36:22.505,2.0433,2.0437,1.00,2.10
2008.08.19 11:36:22.861,2.04325,2.04375,4.10,2.10
2008.08.19 11:36:23.199,2.04325,2.0438,4.90,5.50
2008.08.19 11:36:23.537,2.04335,2.0438,1.70,2.80
2008.08.19 11:36:23.693,2.04335,2.04375,1.70,1.00
2008.08.19 11:36:23.851,2.04325,2.04375,4.00,1.70
2008.08.19 11:36:24.006,2.04325,2.04375,3.90,1.70
2008.08.19 11:36:24.175,2.04325,2.0437,2.10,1.00
2008.08.19 11:36:24.330,2.04325,2.04375,3.20,2.20
2008.08.19 11:36:24.485,2.04325,2.0437,3.20,1.00
2008.08.19 11:36:24.641,2.04325,2.0437,2.10,1.70
2008.08.19 11:36:24.981,2.04315,2.0437,4.90,2.80
2008.08.19 11:36:25.811,2.0432,2.0437,1.70,2.80
2008.08.19 11:36:26.490,2.04315,2.0437,4.90,2.80
2008.08.19 11:36:27.180,2.04315,2.0437,6.30,2.10
2008.08.19 11:36:27.458,2.0433,2.0437,3.20,2.10
2008.08.19 11:36:27.642,2.0433,2.04375,3.20,4.80
2008.08.19 11:36:27.825,2.0433,2.04375,3.20,2.10
2008.08.19 11:36:28.989,2.0434,2.0438,3.20,5.50
2008.08.19 11:36:29.881,2.04325,2.0438,4.90,8.70
2008.08.19 11:36:30.790,2.04325,2.0438,4.90,8.10
2008.08.19 11:36:30.893,2.0434,2.0438,3.20,4.80
2008.08.19 11:36:30.977,2.0433,2.0438,4.90,2.10
2008.08.19 11:36:31.606,2.0433,2.04385,7.10,6.60
2008.08.19 11:36:35.673,2.0433,2.04385,4.90,6.60
2008.08.19 11:36:35.781,2.0433,2.0438,4.90,2.10
2008.08.19 11:36:35.825,2.0434,2.0438,3.20,4.80
2008.08.19 11:36:35.865,2.0434,2.04375,3.20,1.00
2008.08.19 11:36:35.957,2.04325,2.04375,4.90,1.00
2008.08.19 11:36:36.257,2.04325,2.04375,3.20,1.00
2008.08.19 11:36:36.394,2.04325,2.0438,3.20,4.80
2008.08.19 11:36:36.947,2.04325,2.04375,3.20,1.00
2008.08.19 11:36:37.049,2.04325,2.04375,3.20,3.30
2008.08.19 11:36:37.149,2.04325,2.04375,3.20,2.20
2008.08.19 11:36:37.444,2.0433,2.04375,1.00,2.80
2008.08.19 11:36:39.399,2.0432,2.04375,3.90,3.90
2008.08.19 11:36:39.753,2.04325,2.04375,2.10,1.70
2008.08.19 11:36:41.780,2.0433,2.04375,2.10,1.70
2008.08.19 11:36:41.934,2.0433,2.04375,2.10,1.00
2008.08.19 11:36:41.992,2.0433,2.0438,3.50,2.70
2008.08.19 11:36:42.133,2.0434,2.04385,2.10,5.90
2008.08.19 11:36:42.219,2.0434,2.04385,2.10,3.70
2008.08.19 11:36:43.007,2.0434,2.04385,2.10,4.40
2008.08.19 11:36:43.361,2.04335,2.04375,2.10,1.00
2008.08.19 11:36:43.702,2.04335,2.04375,2.10,3.30
2008.08.19 11:36:44.349,2.0433,2.04375,2.10,3.30
2008.08.19 11:36:44.629,2.0433,2.04375,2.10,2.20
2008.08.19 11:36:45.298,2.0433,2.04385,2.10,10.30
2008.08.19 11:36:45.494,2.0433,2.04385,2.10,8.70
2008.08.19 11:36:45.685,2.0433,2.04385,2.10,6.60
2008.08.19 11:36:46.115,2.0433,2.0438,2.10,2.70
2008.08.19 11:36:46.569,2.0433,2.0438,3.50,2.70
2008.08.19 11:36:46.729,2.0433,2.04385,5.20,5.90
2008.08.19 11:36:47.632,2.0433,2.0437,5.20,3.20
2008.08.19 11:36:47.722,2.0433,2.0437,5.20,4.30
2008.08.19 11:36:48.048,2.0433,2.04375,2.10,4.40
2008.08.19 11:36:48.372,2.0433,2.0438,2.10,3.30
2008.08.19 11:36:48.693,2.0433,2.0438,2.10,2.70
2008.08.19 11:36:49.013,2.0433,2.0438,1.70,2.10
2008.08.19 11:36:49.698,2.0433,2.04385,5.20,5.90
2008.08.19 11:36:53.586,2.0433,2.0437,2.10,1.00
2008.08.19 11:36:54.245,2.0433,2.04375,2.10,1.70
2008.08.19 11:36:54.849,2.04325,2.04375,2.10,1.70
2008.08.19 11:36:55.041,2.04325,2.0437,2.10,1.00
2008.08.19 11:36:55.239,2.04325,2.04375,3.90,1.70
2008.08.19 11:36:57.477,2.04325,2.0437,3.90,1.00
2008.08.19 11:36:58.213,2.0433,2.0437,2.10,1.00
2008.08.19 11:37:03.321,2.0433,2.04375,2.10,3.70
2008.08.19 11:37:03.774,2.04325,2.04375,2.10,3.70
2008.08.19 11:37:04.926,2.04325,2.04375,2.10,4.40
2008.08.19 11:37:09.754,2.0432,2.04375,2.10,6.60
2008.08.19 11:37:16.002,2.0432,2.04375,3.50,5.90
2008.08.19 11:37:16.413,2.0433,2.04375,1.00,4.80
2008.08.19 11:37:21.192,2.0433,2.04375,1.00,5.50
2008.08.19 11:37:21.443,2.0433,2.04375,1.00,4.80
2008.08.19 11:37:23.130,2.0433,2.04375,1.00,5.50
2008.08.19 11:37:25.633,2.0433,2.04375,1.00,4.80
2008.08.19 11:37:25.903,2.0433,2.04375,1.00,5.50
2008.08.19 11:37:26.615,2.0433,2.04375,1.00,4.80
2008.08.19 11:37:26.837,2.0433,2.04375,1.00,5.50
2008.08.19 11:37:27.181,2.0433,2.04375,1.00,4.80
2008.08.19 11:37:27.213,2.0434,2.04375,3.20,4.80
2008.08.19 11:37:27.245,2.0434,2.04375,4.30,4.80
2008.08.19 11:37:27.669,2.0434,2.04375,4.30,2.70
2008.08.19 11:37:28.007,2.0434,2.04375,1.00,2.70
2008.08.19 11:37:28.349,2.0434,2.0438,4.30,4.80
2008.08.19 11:37:31.669,2.0434,2.0438,4.30,2.70
2008.08.19 11:37:38.064,2.04335,2.0438,3.20,2.70
2008.08.19 11:37:38.654,2.04335,2.04385,3.20,4.80
2008.08.19 11:37:40.006,2.04335,2.04385,3.20,2.70
2008.08.19 11:37:40.337,2.04335,2.0439,4.90,5.50
2008.08.19 11:37:45.464,2.0434,2.0439,1.70,5.50
2008.08.19 11:37:46.900,2.0434,2.0439,3.90,3.30
2008.08.19 11:37:48.101,2.0434,2.0439,1.70,5.50
2008.08.19 11:37:50.401,2.0434,2.0438,1.70,1.00
2008.08.19 11:37:50.563,2.0434,2.0438,1.70,2.70
2008.08.19 11:37:50.730,2.04335,2.04385,2.10,3.70
2008.08.19 11:37:51.214,2.04335,2.0438,2.10,3.30
2008.08.19 11:37:52.167,2.04335,2.0438,2.10,2.70
2008.08.19 11:37:56.931,2.04335,2.0438,2.10,3.30
2008.08.19 11:37:58.340,2.04335,2.0438,2.10,2.70
2008.08.19 11:37:58.620,2.04335,2.04385,3.20,2.70
2008.08.19 11:38:00.294,2.04335,2.04385,4.50,2.70
2008.08.19 11:38:00.602,2.0434,2.0439,2.10,2.70
2008.08.19 11:38:01.633,2.0434,2.0439,3.50,2.70
2008.08.19 11:38:01.853,2.04345,2.0439,2.10,2.70
2008.08.19 11:38:01.933,2.04345,2.0439,3.50,2.70
2008.08.19 11:38:01.975,2.04345,2.0439,5.20,1.00
2008.08.19 11:38:02.377,2.0435,2.0439,2.10,1.00
2008.08.19 11:38:02.422,2.0435,2.04395,2.10,3.70
2008.08.19 11:38:02.688,2.0436,2.04395,1.00,2.70
2008.08.19 11:38:03.030,2.04355,2.04395,3.20,2.70
2008.08.19 11:38:03.703,2.0436,2.0441,2.10,6.60
2008.08.19 11:38:04.041,2.0436,2.044,2.10,2.70
2008.08.19 11:38:04.501,2.0436,2.04395,2.10,2.70
2008.08.19 11:38:05.206,2.04355,2.04395,2.10,2.70
2008.08.19 11:38:09.721,2.04355,2.0439,2.10,2.70
2008.08.19 11:38:10.425,2.04355,2.0439,3.20,2.70
2008.08.19 11:38:10.666,2.04355,2.04395,3.20,2.70
2008.08.19 11:38:14.693,2.04355,2.044,3.20,2.70
2008.08.19 11:38:14.884,2.04355,2.044,2.10,2.70
2008.08.19 11:38:15.034,2.04355,2.04395,2.10,2.70
2008.08.19 11:38:15.589,2.04355,2.0439,2.10,2.70
2008.08.19 11:38:17.729,2.0435,2.0439,2.10,2.70
2008.08.19 11:38:19.590,2.0435,2.04395,2.10,2.70
2008.08.19 11:38:21.121,2.0435,2.0438,2.10,2.70
2008.08.19 11:38:21.461,2.04345,2.0438,2.10,2.70
2008.08.19 11:38:21.785,2.0434,2.0438,2.10,2.70
2008.08.19 11:38:22.273,2.0434,2.04375,2.10,4.80
2008.08.19 11:38:22.395,2.0433,2.04375,2.10,4.80
2008.08.19 11:38:22.498,2.0433,2.0437,2.10,2.70
2008.08.19 11:38:23.762,2.04325,2.0437,4.50,2.70
2008.08.19 11:38:24.033,2.0432,2.0437,3.50,2.70
2008.08.19 11:38:24.305,2.0432,2.0436,2.10,3.90
2008.08.19 11:38:24.577,2.04315,2.0435,3.20,2.70
2008.08.19 11:38:25.333,2.04315,2.0435,4.50,2.70
2008.08.19 11:38:25.585,2.0432,2.0435,2.10,2.70
2008.08.19 11:38:26.086,2.0432,2.0436,2.10,1.00
2008.08.19 11:38:26.214,2.0432,2.0437,2.10,2.70
2008.08.19 11:38:28.434,2.0432,2.0436,3.90,1.00
2008.08.19 11:38:28.597,2.0432,2.04365,2.10,3.70
2008.08.19 11:38:29.034,2.0432,2.04365,2.10,2.70
2008.08.19 11:38:29.629,2.0432,2.04375,3.90,5.90
2008.08.19 11:38:29.945,2.04325,2.04375,1.30,5.90
2008.08.19 11:38:31.589,2.04325,2.04375,3.50,3.70
2008.08.19 11:38:31.872,2.04325,2.0437,5.20,1.00
2008.08.19 11:38:37.375,2.04325,2.0437,3.90,1.00
2008.08.19 11:38:38.587,2.04325,2.04375,2.10,3.70
2008.08.19 11:38:39.405,2.0432,2.04375,5.20,5.90
2008.08.19 11:38:39.775,2.0432,2.0437,3.50,2.70
2008.08.19 11:38:42.429,2.04325,2.0437,1.30,2.70
2008.08.19 11:38:42.635,2.04325,2.04375,1.30,5.90
2008.08.19 11:38:44.482,2.04325,2.04375,3.50,3.70
2008.08.19 11:38:47.496,2.04325,2.04375,2.10,3.70
2008.08.19 11:38:47.825,2.04325,2.04375,2.10,4.40
2008.08.19 11:38:47.904,2.04325,2.0437,2.10,2.70
2008.08.19 11:38:49.621,2.04325,2.0437,4.50,2.70
2008.08.19 11:38:50.665,2.04325,2.0438,6.30,4.80
2008.08.19 11:38:54.633,2.04325,2.0438,4.90,5.50
2008.08.19 11:38:54.744,2.04325,2.0438,4.90,8.70
2008.08.19 11:38:54.837,2.04325,2.0437,3.90,4.30
2008.08.19 11:38:55.272,2.04325,2.0437,2.10,2.70
2008.08.19 11:38:56.594,2.04325,2.04375,3.20,2.70
2008.08.19 11:38:57.305,2.0433,2.04375,1.00,4.80
2008.08.19 11:38:57.385,2.0432,2.04375,5.20,5.90
2008.08.19 11:38:57.465,2.0432,2.04375,3.90,6.60
2008.08.19 11:38:57.672,2.0432,2.0437,2.10,2.70
2008.08.19 11:38:57.844,2.04315,2.0437,3.20,2.70
2008.08.19 11:38:58.225,2.04315,2.0437,3.20,4.80
2008.08.19 11:38:59.918,2.04315,2.0437,4.50,4.80
2008.08.19 11:39:00.238,2.04315,2.0437,3.20,4.80
2008.08.19 11:39:00.961,2.04315,2.0437,4.50,4.80
2008.08.19 11:39:01.253,2.0433,2.0437,1.00,4.80
2008.08.19 11:39:01.398,2.0433,2.0437,1.00,2.10
2008.08.19 11:39:21.336,2.0432,2.04355,1.70,3.70
2008.08.19 11:39:21.515,2.0431,2.04355,1.70,1.70
2008.08.19 11:39:21.871,2.0431,2.04355,1.70,3.90
2008.08.19 11:39:22.049,2.04285,2.04345,2.10,2.70
2008.08.19 11:39:22.496,2.0428,2.04335,4.50,2.70
2008.08.19 11:39:29.238,2.0429,2.04335,1.30,2.70
2008.08.19 11:39:29.381,2.0429,2.0434,1.30,4.80
2008.08.19 11:39:30.100,2.0429,2.0434,1.30,2.10
2008.08.19 11:39:30.356,2.0429,2.0434,3.10,2.10
2008.08.19 11:39:32.235,2.0429,2.0434,5.20,2.10
2008.08.19 11:39:32.408,2.0429,2.0434,3.90,2.10
2008.08.19 11:39:33.362,2.0429,2.0434,2.10,2.10
2008.08.19 11:39:34.037,2.0429,2.0434,2.10,4.80
2008.08.19 11:39:36.626,2.0429,2.0434,2.10,5.50
2008.08.19 11:39:36.884,2.0429,2.0433,2.10,1.00
2008.08.19 11:39:36.961,2.04285,2.04335,3.90,3.20
2008.08.19 11:39:37.433,2.04285,2.0433,3.90,1.70
2008.08.19 11:39:37.555,2.04275,2.0432,4.90,1.00
2008.08.19 11:39:37.796,2.04275,2.0432,3.90,1.00
2008.08.19 11:39:37.918,2.0428,2.04325,1.70,2.10
2008.08.19 11:39:38.041,2.0428,2.04325,4.90,2.10
2008.08.19 11:39:39.645,2.04275,2.0431,3.10,3.20
2008.08.19 11:39:39.677,2.04275,2.0431,1.70,3.20
2008.08.19 11:39:39.845,2.04275,2.0431,2.80,3.20
2008.08.19 11:39:39.910,2.0429,2.04325,3.20,4.80
2008.08.19 11:39:40.195,2.0429,2.04325,3.20,5.90
2008.08.19 11:39:40.230,2.04275,2.0431,1.70,3.20
2008.08.19 11:39:40.541,2.04275,2.0431,3.10,3.20
2008.08.19 11:39:40.796,2.0429,2.04325,3.20,5.90
2008.08.19 11:39:41.050,2.0428,2.04325,4.90,3.20
2008.08.19 11:39:42.157,2.0429,2.04325,4.30,2.10
2008.08.19 11:39:42.220,2.04285,2.0433,2.40,2.10
2008.08.19 11:39:42.350,2.0429,2.0433,1.70,2.10
2008.08.19 11:39:43.413,2.04285,2.0433,1.70,2.10
2008.08.19 11:39:43.549,2.04285,2.0433,3.10,2.10
2008.08.19 11:39:43.684,2.04285,2.0433,4.10,2.10
2008.08.19 11:39:43.820,2.04285,2.04335,4.10,2.10
2008.08.19 11:39:43.958,2.0429,2.04335,1.70,2.10
2008.08.19 11:39:44.533,2.0429,2.0434,1.70,2.10
2008.08.19 11:39:45.084,2.0429,2.04345,3.90,5.90
2008.08.19 11:39:45.251,2.04295,2.04345,1.30,5.90
2008.08.19 11:39:45.417,2.04305,2.04345,1.30,5.90
2008.08.19 11:39:45.579,2.04305,2.04345,2.40,2.70
2008.08.19 11:39:45.741,2.04305,2.04345,4.00,2.70
2008.08.19 11:39:45.905,2.04305,2.04345,6.20,2.70
2008.08.19 11:39:46.065,2.04315,2.04345,1.30,2.70
2008.08.19 11:39:46.385,2.04315,2.0435,3.10,2.10
2008.08.19 11:39:46.545,2.04325,2.04365,2.40,2.10
2008.08.19 11:39:46.865,2.04325,2.0437,2.40,4.80
2008.08.19 11:39:47.024,2.04325,2.0437,4.10,2.10
2008.08.19 11:39:48.295,2.04325,2.04375,4.10,2.10
2008.08.19 11:39:50.033,2.04325,2.04375,2.40,4.80
2008.08.19 11:39:52.400,2.04325,2.04375,4.50,2.70
2008.08.19 11:39:53.374,2.04325,2.0438,6.30,8.10
2008.08.19 11:39:55.156,2.04325,2.04375,4.50,2.70
2008.08.19 11:39:55.858,2.04325,2.04375,2.40,4.80
2008.08.19 11:39:56.148,2.0433,2.0437,1.00,3.90
2008.08.19 11:39:56.186,2.0432,2.0436,3.90,4.30
2008.08.19 11:39:56.408,2.0432,2.0436,1.70,4.30
2008.08.19 11:39:56.876,2.04315,2.04355,2.10,2.70
2008.08.19 11:39:56.949,2.04305,2.04355,4.50,2.70
2008.08.19 11:39:57.457,2.04305,2.0436,6.30,4.80
2008.08.19 11:39:57.616,2.04305,2.0435,5.20,1.00
2008.08.19 11:39:57.777,2.04305,2.0435,3.90,1.00
2008.08.19 11:39:57.936,2.04305,2.04355,3.90,3.20
2008.08.19 11:39:58.418,2.043,2.0434,2.10,2.70
2008.08.19 11:39:59.506,2.04295,2.0434,4.50,2.70
2008.08.19 11:39:59.705,2.04295,2.04345,4.50,2.70
2008.08.19 11:39:59.906,2.043,2.04345,1.30,2.70
2008.08.19 11:40:00.304,2.043,2.0435,3.10,4.80
2008.08.19 11:40:01.644,2.043,2.0435,5.20,2.70
2008.08.19 11:40:01.909,2.043,2.0435,6.80,2.70
2008.08.19 11:40:01.941,2.0431,2.0435,1.30,2.70
2008.08.19 11:40:02.447,2.0431,2.0435,2.90,2.70
2008.08.19 11:40:02.619,2.0431,2.0435,5.10,2.70
2008.08.19 11:40:02.917,2.04325,2.04365,1.30,2.10
2008.08.19 11:40:03.213,2.04325,2.0437,1.30,2.10
2008.08.19 11:40:04.368,2.0433,2.0437,2.70,2.10
2008.08.19 11:40:04.573,2.0433,2.0437,1.00,2.10
2008.08.19 11:40:04.896,2.0433,2.04375,1.00,4.80
2008.08.19 11:40:05.887,2.0433,2.0437,1.00,2.10
2008.08.19 11:40:08.133,2.04325,2.0437,2.80,2.10
2008.08.19 11:40:25.652,2.04325,2.04365,2.80,2.10
2008.08.19 11:40:25.846,2.0433,2.04365,1.00,2.10
2008.08.19 11:40:25.941,2.04325,2.04365,2.80,2.10
2008.08.19 11:40:26.252,2.0433,2.04365,1.00,2.10
2008.08.19 11:40:26.564,2.04315,2.04365,4.90,2.10
2008.08.19 11:40:26.721,2.04315,2.04365,3.20,2.10
2008.08.19 11:40:27.723,2.0432,2.04365,1.00,2.10
2008.08.19 11:40:31.475,2.0433,2.04365,1.00,2.10
2008.08.19 11:40:31.725,2.0433,2.0437,1.00,2.10
2008.08.19 11:40:39.118,2.0432,2.0437,3.10,2.10
2008.08.19 11:40:39.651,2.04325,2.0437,1.30,2.10
2008.08.19 11:40:39.781,2.04325,2.0437,2.40,2.10
2008.08.19 11:40:39.904,2.04325,2.0437,4.10,2.10
2008.08.19 11:40:40.736,2.04325,2.0437,2.80,2.10
2008.08.19 11:40:40.925,2.04325,2.0437,1.70,2.10
2008.08.19 11:40:41.686,2.0432,2.0437,5.20,2.10
2008.08.19 11:40:41.867,2.0432,2.04375,5.20,5.90
2008.08.19 11:40:42.116,2.04335,2.04375,1.00,5.90
2008.08.19 11:40:42.166,2.04335,2.04375,1.00,3.70
2008.08.19 11:40:42.216,2.04335,2.04375,2.10,2.70
2008.08.19 11:40:42.261,2.04335,2.0438,1.70,2.10
2008.08.19 11:40:42.483,2.04335,2.0438,3.10,2.10
2008.08.19 11:40:42.820,2.04335,2.0438,1.30,2.10
2008.08.19 11:40:43.121,2.04335,2.04385,3.20,4.80
2008.08.19 11:40:43.721,2.0434,2.04385,2.40,4.80
2008.08.19 11:40:44.020,2.0434,2.04385,4.10,2.10
2008.08.19 11:40:44.544,2.0434,2.0439,4.10,2.10
2008.08.19 11:40:51.815,2.0434,2.04395,6.30,5.90
2008.08.19 11:40:54.717,2.0434,2.04395,5.20,5.90
2008.08.19 11:41:00.101,2.0434,2.04395,3.90,5.90
2008.08.19 11:41:00.204,2.0434,2.0439,2.10,2.70
2008.08.19 11:41:00.308,2.0434,2.0439,3.50,2.70
2008.08.19 11:41:00.412,2.0434,2.0439,1.30,4.80
2008.08.19 11:41:00.516,2.0434,2.0439,3.10,2.10
2008.08.19 11:41:01.372,2.04345,2.0439,2.40,2.10
2008.08.19 11:41:01.593,2.04335,2.04385,2.90,2.80
2008.08.19 11:41:01.812,2.04335,2.04375,1.80,2.20
2008.08.19 11:41:02.032,2.04335,2.0436,1.70,1.00
2008.08.19 11:41:02.112,2.04335,2.0436,1.70,4.30
2008.08.19 11:41:02.274,2.0433,2.0436,1.00,4.30
2008.08.19 11:41:02.432,2.0432,2.04365,1.70,3.90
2008.08.19 11:41:02.512,2.0432,2.0436,1.70,2.10
2008.08.19 11:41:02.912,2.04305,2.04355,3.20,2.70
2008.08.19 11:41:02.993,2.04305,2.04345,2.10,3.70
2008.08.19 11:41:03.248,2.04305,2.04345,2.10,2.70
2008.08.19 11:41:03.505,2.04295,2.04345,2.10,2.70
2008.08.19 11:41:03.761,2.04295,2.0434,2.10,2.70
2008.08.19 11:41:04.016,2.04295,2.04335,2.10,3.30
2008.08.19 11:41:04.256,2.0429,2.04325,2.10,2.70
2008.08.19 11:41:04.476,2.0429,2.04325,4.50,2.70
2008.08.19 11:41:04.696,2.0429,2.0435,6.30,4.80
2008.08.19 11:41:05.572,2.04295,2.0435,2.10,2.70
2008.08.19 11:41:06.641,2.0431,2.04345,1.00,2.70
2008.08.19 11:41:06.760,2.043,2.04345,2.40,2.70
2008.08.19 11:41:06.878,2.043,2.04345,4.50,2.70
2008.08.19 11:41:06.993,2.04305,2.04345,2.10,2.70
2008.08.19 11:41:07.224,2.04305,2.04355,2.10,2.70
2008.08.19 11:41:08.402,2.04305,2.0434,2.10,1.00
2008.08.19 11:41:09.268,2.0432,2.04355,3.20,2.70
2008.08.19 11:41:09.406,2.0431,2.0436,6.30,2.10
2008.08.19 11:41:09.544,2.0431,2.04365,8.50,5.90
2008.08.19 11:41:10.172,2.04315,2.04365,2.10,5.90
2008.08.19 11:41:12.009,2.0431,2.0436,6.30,2.10
2008.08.19 11:41:12.577,2.04315,2.04365,2.10,5.90
2008.08.19 11:41:14.893,2.04315,2.04365,3.50,5.90
2008.08.19 11:41:14.998,2.04315,2.04365,5.20,3.20
2008.08.19 11:41:15.206,2.0432,2.04365,2.10,2.10
2008.08.19 11:41:15.313,2.0432,2.0437,2.10,2.70
2008.08.19 11:41:15.520,2.0432,2.0436,2.10,1.00
2008.08.19 11:41:15.729,2.0432,2.0437,2.10,2.70
2008.08.19 11:41:16.470,2.04325,2.0437,1.30,2.10
2008.08.19 11:41:16.680,2.04325,2.0437,3.50,1.00
2008.08.19 11:41:17.285,2.04325,2.0437,5.20,1.00
2008.08.19 11:41:19.716,2.04325,2.0438,7.90,4.80
2008.08.19 11:41:19.788,2.04335,2.0438,1.30,4.80
2008.08.19 11:41:20.148,2.04335,2.0438,3.10,2.10
2008.08.19 11:41:21.775,2.04335,2.04385,3.10,3.20
2008.08.19 11:41:23.517,2.04335,2.04385,4.10,2.10
2008.08.19 11:41:24.604,2.04335,2.0439,6.30,4.80
2008.08.19 11:41:25.250,2.0434,2.0439,2.10,2.70
2008.08.19 11:41:25.448,2.0434,2.0439,3.50,2.70
2008.08.19 11:41:25.848,2.0434,2.04395,5.20,5.90
2008.08.19 11:41:26.726,2.04345,2.04395,1.70,3.20
2008.08.19 11:41:27.577,2.04345,2.0439,3.90,1.00
2008.08.19 11:41:30.746,2.04345,2.044,4.90,4.80
2008.08.19 11:41:30.941,2.0435,2.044,2.10,2.70
2008.08.19 11:41:31.324,2.0435,2.04405,3.90,6.60
2008.08.19 11:41:32.955,2.0435,2.04405,3.90,5.90
2008.08.19 11:41:34.588,2.0435,2.04405,3.90,6.60
2008.08.19 11:41:35.012,2.0435,2.044,2.10,2.70
2008.08.19 11:41:35.437,2.04345,2.044,4.90,4.80
2008.08.19 11:41:37.730,2.04345,2.04395,2.80,2.10
2008.08.19 11:41:37.960,2.04345,2.04395,4.10,2.10
2008.08.19 11:41:38.272,2.04345,2.0438,1.70,1.00
2008.08.19 11:41:38.468,2.0434,2.04385,3.20,2.70
2008.08.19 11:41:38.664,2.0434,2.04385,4.50,2.70
2008.08.19 11:41:38.860,2.04345,2.0439,2.10,2.70
2008.08.19 11:41:39.056,2.04355,2.0439,2.10,1.00
2008.08.19 11:41:40.508,2.04355,2.044,3.20,2.70
2008.08.19 11:41:40.705,2.04355,2.04405,4.90,2.10
2008.08.19 11:41:41.757,2.04355,2.0441,4.90,8.10
2008.08.19 11:41:43.482,2.04355,2.04405,4.90,2.10
2008.08.19 11:41:45.284,2.0436,2.04405,1.00,4.80
2008.08.19 11:41:45.506,2.04355,2.04405,2.40,4.80
2008.08.19 11:41:45.729,2.04355,2.04405,4.50,2.70
2008.08.19 11:41:46.436,2.0436,2.0441,1.70,5.40
2008.08.19 11:41:46.548,2.0436,2.0441,3.10,5.40
2008.08.19 11:41:46.844,2.0436,2.044,5.20,3.20
2008.08.19 11:41:47.028,2.0436,2.04415,5.20,5.90
2008.08.19 11:41:47.212,2.0437,2.04415,4.30,4.80
2008.08.19 11:41:47.582,2.0436,2.04415,7.10,5.90
2008.08.19 11:41:47.764,2.0436,2.04415,3.90,5.90
2008.08.19 11:41:47.972,2.0436,2.04405,2.10,1.00
2008.08.19 11:41:48.180,2.04355,2.04405,4.90,1.00
2008.08.19 11:41:48.284,2.0436,2.04405,1.70,1.00
2008.08.19 11:41:48.388,2.0436,2.04405,1.70,1.70
2008.08.19 11:41:48.932,2.04355,2.04405,3.90,1.70
2008.08.19 11:41:49.606,2.04355,2.044,3.90,1.00
2008.08.19 11:41:49.944,2.0437,2.04415,1.00,4.80
2008.08.19 11:41:50.128,2.04365,2.04415,2.80,2.10
2008.08.19 11:41:50.496,2.04365,2.0442,4.90,4.80
2008.08.19 11:41:51.128,2.0437,2.04425,3.90,6.70
2008.08.19 11:41:51.484,2.0437,2.0442,2.10,2.70
2008.08.19 11:41:55.505,2.04365,2.0441,3.90,1.00
2008.08.19 11:41:55.748,2.04365,2.04415,2.10,3.70
2008.08.19 11:41:55.992,2.04365,2.04415,4.30,2.70
2008.08.19 11:41:56.236,2.04365,2.04415,5.60,2.70
2008.08.19 11:41:56.425,2.0437,2.0442,1.70,2.10
2008.08.19 11:41:56.801,2.0437,2.04425,3.90,5.90
2008.08.19 11:41:57.365,2.0437,2.04425,4.90,6.70
2008.08.19 11:41:57.653,2.04375,2.04425,2.10,4.50
2008.08.19 11:41:57.941,2.04375,2.0442,2.10,3.70
2008.08.19 11:41:58.231,2.0437,2.0441,3.90,1.00
2008.08.19 11:41:58.520,2.04375,2.0441,1.30,1.00
2008.08.19 11:41:58.796,2.04375,2.04425,3.10,3.20
2008.08.19 11:41:59.072,2.04375,2.04425,1.70,3.20
2008.08.19 11:42:00.497,2.04375,2.0442,3.90,1.00
2008.08.19 11:42:00.545,2.0439,2.0442,1.00,1.00
2008.08.19 11:42:02.092,2.04375,2.0442,4.90,1.00
2008.08.19 11:42:02.381,2.0439,2.0443,1.00,4.80
2008.08.19 11:42:02.525,2.0439,2.0443,1.00,2.70
2008.08.19 11:42:03.212,2.04375,2.0443,2.10,2.70
2008.08.19 11:42:05.017,2.04385,2.0443,2.40,2.70
2008.08.19 11:42:05.505,2.044,2.0444,2.40,5.40
2008.08.19 11:42:05.751,2.04395,2.0444,1.00,5.40
2008.08.19 11:42:05.997,2.0439,2.0444,1.70,5.40
2008.08.19 11:42:06.288,2.044,2.0444,1.70,1.00
2008.08.19 11:42:06.434,2.044,2.0445,1.70,2.10
2008.08.19 11:42:06.572,2.044,2.0445,1.30,4.80
2008.08.19 11:42:06.852,2.04405,2.0445,1.70,2.10
2008.08.19 11:42:06.992,2.0441,2.0445,1.70,2.10
2008.08.19 11:42:07.332,2.0441,2.04455,1.70,2.10
2008.08.19 11:42:08.438,2.0441,2.0446,1.70,2.10
2008.08.19 11:42:08.628,2.0441,2.0446,1.70,7.50
2008.08.19 11:42:10.164,2.0441,2.0446,3.10,7.50
2008.08.19 11:42:10.304,2.0441,2.0446,1.70,7.50
2008.08.19 11:42:10.600,2.0441,2.0446,1.70,2.10
2008.08.19 11:42:11.576,2.04405,2.04455,2.80,2.10
2008.08.19 11:42:12.128,2.04405,2.04455,1.70,3.20
2008.08.19 11:42:12.601,2.044,2.04455,5.20,5.90
2008.08.19 11:42:17.620,2.044,2.0445,1.70,2.10
2008.08.19 11:42:19.275,2.044,2.0445,3.50,4.80
2008.08.19 11:42:19.615,2.044,2.0445,3.90,2.10
2008.08.19 11:42:19.728,2.044,2.04445,1.70,2.10
2008.08.19 11:42:20.032,2.04395,2.04445,4.90,2.10
2008.08.19 11:42:20.365,2.04395,2.0445,4.90,4.80
2008.08.19 11:42:20.780,2.04395,2.0445,4.90,10.20
2008.08.19 11:42:29.744,2.04395,2.0445,6.30,10.20
2008.08.19 11:42:29.960,2.04395,2.0445,6.30,4.80
2008.08.19 11:42:30.425,2.04395,2.0444,3.90,1.00
2008.08.19 11:42:30.573,2.04395,2.04445,2.10,3.70
2008.08.19 11:42:30.868,2.04395,2.0444,2.10,6.00
2008.08.19 11:42:31.033,2.04395,2.04425,2.10,3.20
2008.08.19 11:42:31.324,2.04385,2.0444,3.20,2.70
2008.08.19 11:42:31.472,2.04385,2.04445,3.20,10.90
2008.08.19 11:42:31.765,2.04385,2.04435,2.10,6.40
2008.08.19 11:42:32.056,2.04385,2.0444,3.20,5.50
2008.08.19 11:42:32.200,2.04385,2.0443,3.20,5.40
2008.08.19 11:42:32.345,2.04385,2.0444,4.90,10.20
2008.08.19 11:42:33.098,2.04385,2.0443,4.90,5.40
2008.08.19 11:42:33.276,2.04385,2.04435,1.70,3.90
2008.08.19 11:42:33.986,2.0438,2.04435,3.90,3.90
2008.08.19 11:42:36.719,2.0438,2.0443,1.70,2.10
2008.08.19 11:42:36.784,2.04375,2.0443,5.10,2.10
2008.08.19 11:42:36.990,2.04375,2.0443,4.90,2.80
2008.08.19 11:42:37.249,2.04375,2.04425,4.90,2.10
2008.08.19 11:42:37.681,2.04375,2.04415,2.10,2.20
2008.08.19 11:42:37.984,2.0438,2.0442,1.00,5.50
2008.08.19 11:42:38.288,2.04365,2.04415,4.90,1.00
2008.08.19 11:42:38.606,2.04365,2.04415,3.20,4.80
2008.08.19 11:42:39.056,2.04365,2.04415,3.20,5.50
2008.08.19 11:42:39.282,2.04365,2.04415,4.90,2.80
2008.08.19 11:42:39.516,2.04365,2.04415,3.20,5.50
2008.08.19 11:42:39.916,2.04365,2.04415,3.20,4.80
2008.08.19 11:42:42.936,2.0438,2.0442,2.40,2.10
2008.08.19 11:42:43.156,2.0437,2.0442,3.50,2.10
2008.08.19 11:42:43.376,2.0438,2.0442,1.70,2.10
2008.08.19 11:42:43.598,2.04375,2.04425,1.00,4.80
2008.08.19 11:42:43.820,2.0437,2.04425,2.80,2.10
2008.08.19 11:42:45.018,2.04385,2.0443,1.70,2.10
2008.08.19 11:42:45.641,2.0438,2.04435,3.50,5.90
2008.08.19 11:42:47.474,2.0438,2.04435,4.50,5.90
2008.08.19 11:42:47.624,2.0439,2.04435,2.10,4.80
2008.08.19 11:42:47.668,2.04385,2.04435,2.40,4.80
2008.08.19 11:42:48.304,2.04385,2.04435,4.10,2.10
2008.08.19 11:42:48.646,2.04385,2.04435,2.80,2.10
2008.08.19 11:42:48.984,2.0439,2.04435,1.00,4.80
2008.08.19 11:42:49.327,2.0439,2.04435,1.70,2.10
2008.08.19 11:42:49.579,2.04385,2.04435,2.40,4.80
2008.08.19 11:42:49.701,2.0439,2.04435,1.00,4.80
2008.08.19 11:42:49.880,2.0439,2.0443,1.00,1.00
2008.08.19 11:42:50.120,2.0439,2.0443,1.00,2.20
2008.08.19 11:42:50.420,2.0438,2.0443,2.10,2.20
2008.08.19 11:42:51.745,2.04375,2.0443,4.90,2.80
2008.08.19 11:42:51.777,2.0439,2.0443,1.00,2.80
2008.08.19 11:42:51.851,2.0439,2.0443,1.00,2.10
2008.08.19 11:42:52.080,2.0439,2.04425,1.00,2.20
2008.08.19 11:42:52.115,2.04375,2.04425,4.90,2.20
2008.08.19 11:42:52.295,2.04375,2.04425,2.80,2.80
2008.08.19 11:42:54.117,2.04375,2.04425,4.10,2.10
2008.08.19 11:42:55.192,2.0438,2.04425,1.30,2.10
2008.08.19 11:42:55.341,2.0438,2.0443,1.30,4.80
2008.08.19 11:42:55.932,2.0438,2.0443,3.50,4.80
2008.08.19 11:42:56.032,2.0438,2.0443,3.50,2.10
2008.08.19 11:42:56.332,2.0438,2.0443,5.20,2.10
2008.08.19 11:42:57.153,2.0438,2.0443,3.50,2.10
2008.08.19 11:42:57.912,2.04395,2.0443,1.00,2.10
2008.08.19 11:43:01.211,2.04395,2.0443,2.80,2.10
2008.08.19 11:43:01.693,2.04395,2.0443,1.70,2.10
2008.08.19 11:43:01.918,2.04385,2.0443,2.90,2.10
2008.08.19 11:43:01.965,2.04385,2.0443,2.80,2.10
2008.08.19 11:43:02.037,2.0439,2.0443,1.00,2.10
2008.08.19 11:43:03.228,2.0439,2.04435,1.00,2.10
2008.08.19 11:43:03.464,2.0439,2.04435,1.00,4.80
2008.08.19 11:43:03.929,2.04385,2.04435,2.40,4.80
2008.08.19 11:43:04.110,2.044,2.04435,1.00,4.80
2008.08.19 11:43:04.680,2.044,2.04435,1.00,2.10
2008.08.19 11:43:06.121,2.04385,2.04435,4.10,2.10
2008.08.19 11:43:06.165,2.04385,2.04435,2.80,2.10
2008.08.19 11:43:06.602,2.0439,2.04435,4.30,2.10
2008.08.19 11:43:06.856,2.0439,2.04435,1.00,2.10
2008.08.19 11:43:06.964,2.0439,2.04435,4.30,2.10
2008.08.19 11:43:07.776,2.0439,2.04435,1.00,2.10
2008.08.19 11:43:08.744,2.0439,2.04435,4.30,2.10
2008.08.19 11:43:10.904,2.0439,2.04435,1.00,2.70
2008.08.19 11:43:11.000,2.0438,2.0443,2.10,2.10
2008.08.19 11:43:11.096,2.0439,2.0443,1.00,2.10
2008.08.19 11:43:11.193,2.0439,2.0443,4.30,2.10
2008.08.19 11:43:11.481,2.0438,2.0443,5.20,2.10
2008.08.19 11:43:11.672,2.0438,2.0443,2.10,4.80
2008.08.19 11:43:12.376,2.0438,2.0443,5.40,5.50
2008.08.19 11:43:12.504,2.0438,2.0443,5.40,4.80
2008.08.19 11:43:12.632,2.0439,2.0443,1.00,4.80
2008.08.19 11:43:12.760,2.0439,2.0443,1.00,10.20
2008.08.19 11:43:12.889,2.0439,2.0442,1.00,2.70
2008.08.19 11:43:13.132,2.0438,2.0442,2.10,2.70
2008.08.19 11:43:13.377,2.0438,2.0443,2.10,2.10
2008.08.19 11:43:13.864,2.0438,2.0443,2.10,4.80
2008.08.19 11:43:14.762,2.0439,2.0443,1.00,4.80
2008.08.19 11:43:15.240,2.0438,2.0443,2.10,4.80
2008.08.19 11:43:15.476,2.0438,2.0443,2.10,2.10
2008.08.19 11:43:24.596,2.0438,2.0443,2.10,2.80
2008.08.19 11:43:24.796,2.0438,2.04425,2.10,2.70
2008.08.19 11:43:24.996,2.04375,2.04425,3.20,2.70
2008.08.19 11:43:25.096,2.04375,2.04425,3.20,3.30
2008.08.19 11:43:25.296,2.04375,2.04425,2.10,4.40
2008.08.19 11:43:25.397,2.0437,2.04425,3.90,6.60
2008.08.19 11:43:25.817,2.0437,2.0442,2.10,2.70
2008.08.19 11:43:35.468,2.0437,2.0442,1.70,2.80
2008.08.19 11:43:35.700,2.04365,2.0442,4.90,5.50
2008.08.19 11:43:36.012,2.04365,2.0442,4.90,10.90
2008.08.19 11:43:36.208,2.04365,2.0441,4.90,5.40
2008.08.19 11:43:36.600,2.04365,2.04415,4.90,2.20
2008.08.19 11:43:36.992,2.04365,2.0442,4.90,5.50
2008.08.19 11:43:37.152,2.0437,2.0442,1.70,2.80
2008.08.19 11:43:39.400,2.0437,2.0442,1.70,2.10
2008.08.19 11:43:39.656,2.0437,2.04425,3.90,5.90
2008.08.19 11:43:39.913,2.04375,2.04425,2.40,4.80
2008.08.19 11:43:40.296,2.0438,2.0443,1.70,2.10
2008.08.19 11:43:46.458,2.0439,2.0443,1.00,2.10
2008.08.19 11:43:46.598,2.0439,2.0443,3.20,2.10
2008.08.19 11:43:46.722,2.0439,2.0443,1.00,2.10
2008.08.19 11:43:46.965,2.04385,2.0443,2.80,2.10
2008.08.19 11:43:47.063,2.0439,2.0443,1.00,2.10
2008.08.19 11:43:50.328,2.04385,2.04435,3.20,4.80
2008.08.19 11:43:50.352,2.04385,2.04435,4.90,2.10
2008.08.19 11:43:50.572,2.04385,2.04435,3.20,4.80
2008.08.19 11:43:51.375,2.04385,2.04435,4.90,2.10
2008.08.19 11:43:52.598,2.04385,2.04435,3.90,3.20
2008.08.19 11:43:53.148,2.04385,2.0442,2.10,3.20
2008.08.19 11:43:53.347,2.04385,2.04435,2.10,5.90
2008.08.19 11:43:53.723,2.04385,2.04435,2.10,3.70
2008.08.19 11:43:53.911,2.04385,2.0443,3.90,6.40
2008.08.19 11:43:54.249,2.04385,2.04435,2.10,3.70
2008.08.19 11:43:58.095,2.04385,2.0443,3.90,4.30
2008.08.19 11:44:02.839,2.04395,2.0443,2.10,4.30
2008.08.19 11:44:03.148,2.04395,2.0443,2.10,3.20
2008.08.19 11:44:03.203,2.04395,2.0443,3.90,3.20
2008.08.19 11:44:03.628,2.044,2.0444,2.10,1.00
2008.08.19 11:44:03.916,2.04395,2.0443,1.70,4.30
2008.08.19 11:44:04.216,2.0439,2.0443,2.10,4.30
2008.08.19 11:44:05.085,2.04385,2.0443,3.90,4.30
2008.08.19 11:44:18.852,2.04385,2.0443,2.10,2.70
2008.08.19 11:44:19.222,2.04385,2.04425,2.10,2.70
2008.08.19 11:44:19.588,2.0438,2.04425,2.10,2.70
2008.08.19 11:44:19.692,2.0438,2.04425,3.50,2.70
2008.08.19 11:44:20.016,2.04375,2.04425,2.80,5.50
2008.08.19 11:44:20.120,2.0438,2.04425,4.30,5.50
2008.08.19 11:44:20.224,2.0437,2.04425,7.10,6.60
2008.08.19 11:44:20.328,2.0437,2.04425,3.90,6.60
2008.08.19 11:44:20.432,2.0437,2.0442,3.90,2.10
2008.08.19 11:44:21.024,2.0436,2.04415,5.20,5.90
2008.08.19 11:44:21.304,2.0436,2.04405,2.10,2.70
2008.08.19 11:44:23.915,2.0436,2.0441,2.10,2.70
2008.08.19 11:44:28.756,2.0436,2.04415,3.90,6.60
2008.08.19 11:44:33.157,2.0436,2.04405,3.90,1.00
2008.08.19 11:44:33.189,2.0436,2.04405,3.90,1.70
2008.08.19 11:44:33.600,2.0435,2.044,3.90,2.10
2008.08.19 11:44:33.887,2.0435,2.04395,3.90,1.70
2008.08.19 11:44:34.164,2.04345,2.04395,1.70,3.90
2008.08.19 11:44:34.441,2.0434,2.04395,3.90,6.60
2008.08.19 11:44:35.307,2.0434,2.0438,1.70,1.00
2008.08.19 11:44:35.524,2.0434,2.0438,1.70,2.10
2008.08.19 11:44:35.820,2.0434,2.0438,1.70,2.80
2008.08.19 11:44:36.115,2.0434,2.04375,1.70,2.10
2008.08.19 11:44:36.424,2.0433,2.0437,8.60,2.20
2008.08.19 11:44:36.721,2.0432,2.0437,9.30,2.80
2008.08.19 11:44:36.920,2.0432,2.0437,6.00,2.80
2008.08.19 11:44:37.120,2.0432,2.0437,6.00,2.10
2008.08.19 11:44:37.521,2.0433,2.0437,4.30,4.80
2008.08.19 11:44:37.860,2.0433,2.04365,2.10,2.10
2008.08.19 11:44:38.202,2.04315,2.04365,3.90,2.10
2008.08.19 11:44:38.808,2.04315,2.04365,3.90,2.80
2008.08.19 11:44:39.072,2.04315,2.0436,2.10,2.70
2008.08.19 11:44:39.340,2.0431,2.0436,2.10,2.70
2008.08.19 11:44:39.609,2.04305,2.0435,2.10,2.70
2008.08.19 11:44:39.808,2.043,2.0435,5.60,2.70
2008.08.19 11:44:40.175,2.04315,2.0435,3.20,2.70
2008.08.19 11:44:40.361,2.04295,2.0435,3.50,2.70
2008.08.19 11:44:41.009,2.043,2.0435,2.10,2.70
2008.08.19 11:44:41.288,2.043,2.0436,3.90,8.10
2008.08.19 11:44:43.653,2.04305,2.0436,5.20,8.10
2008.08.19 11:44:43.819,2.0432,2.0435,3.20,1.00
2008.08.19 11:44:43.989,2.0431,2.0436,5.40,2.70
2008.08.19 11:44:44.156,2.0431,2.0436,2.10,2.70
2008.08.19 11:44:44.325,2.0431,2.04365,3.90,5.90
2008.08.19 11:44:44.971,2.04315,2.04365,1.70,3.20
2008.08.19 11:44:45.362,2.04315,2.04365,1.70,3.90
2008.08.19 11:44:45.516,2.0431,2.0435,2.10,4.30
2008.08.19 11:44:46.651,2.0431,2.0435,3.50,4.30
2008.08.19 11:44:46.801,2.0431,2.0436,5.40,2.70
2008.08.19 11:44:46.948,2.0431,2.04365,3.90,5.90
2008.08.19 11:44:47.599,2.04315,2.04365,1.70,3.20
2008.08.19 11:44:53.411,2.04315,2.0436,3.90,1.00
2008.08.19 11:44:57.166,2.04315,2.0436,3.90,6.40
2008.08.19 11:44:58.735,2.04315,2.0436,3.90,1.00
2008.08.19 11:45:00.035,2.04315,2.04365,2.10,3.70
2008.08.19 11:45:00.695,2.0431,2.04365,3.90,5.90
2008.08.19 11:45:02.380,2.0431,2.0436,1.70,2.10
2008.08.19 11:45:09.037,2.04315,2.0436,1.70,2.10
2008.08.19 11:45:09.983,2.04315,2.04345,1.70,1.00
2008.08.19 11:45:10.171,2.0432,2.04345,3.20,1.70
2008.08.19 11:45:10.211,2.0432,2.04335,3.20,1.00
2008.08.19 11:45:10.287,2.04295,2.04335,2.10,1.00
2008.08.19 11:45:10.329,2.04295,2.0435,2.10,3.70
2008.08.19 11:45:10.523,2.0429,2.0435,3.50,3.70
2008.08.19 11:45:11.078,2.0429,2.0434,3.50,1.00
2008.08.19 11:45:12.178,2.04295,2.0434,2.10,1.00
2008.08.19 11:45:15.515,2.043,2.0434,1.70,1.00
2008.08.19 11:45:15.839,2.043,2.0435,1.70,2.10
2008.08.19 11:45:15.977,2.043,2.0435,3.90,2.10
2008.08.19 11:45:16.116,2.04305,2.0435,1.70,2.10
2008.08.19 11:45:17.137,2.0431,2.0435,1.70,2.10
2008.08.19 11:45:17.263,2.0431,2.04355,1.70,3.90
2008.08.19 11:45:21.903,2.0431,2.04355,1.70,1.70
2008.08.19 11:45:22.063,2.0431,2.0435,1.70,3.20
2008.08.19 11:45:22.603,2.04305,2.0435,3.90,3.20
2008.08.19 11:45:26.667,2.04305,2.04355,1.70,3.20
2008.08.19 11:45:29.488,2.04305,2.0434,1.70,1.00
2008.08.19 11:45:29.957,2.04305,2.04355,1.70,3.20
2008.08.19 11:45:30.421,2.04305,2.0434,1.70,1.00
2008.08.19 11:45:30.854,2.04305,2.0435,1.70,2.10
2008.08.19 11:45:31.070,2.04305,2.0434,1.70,1.00
2008.08.19 11:45:32.150,2.04305,2.0434,3.90,1.00
2008.08.19 11:45:34.354,2.04305,2.0435,3.90,3.20
2008.08.19 11:45:34.497,2.0431,2.0435,3.90,1.00
2008.08.19 11:45:35.043,2.0431,2.0435,2.10,1.00
2008.08.19 11:45:35.183,2.0431,2.0435,3.50,1.00
2008.08.19 11:45:35.324,2.0431,2.0435,5.20,1.00
2008.08.19 11:45:35.671,2.0431,2.0435,3.90,1.00
2008.08.19 11:45:35.879,2.04315,2.0435,1.70,1.00
2008.08.19 11:45:36.295,2.04315,2.0435,3.90,1.00
2008.08.19 11:45:36.875,2.04315,2.0435,3.10,1.00
2008.08.19 11:45:36.999,2.04315,2.04365,1.70,3.20
2008.08.19 11:45:37.683,2.0431,2.04365,5.20,3.20
2008.08.19 11:45:38.896,2.04315,2.04365,1.30,3.20
2008.08.19 11:45:39.287,2.0432,2.04365,1.70,3.20
2008.08.19 11:45:41.843,2.04325,2.04365,1.30,3.20
2008.08.19 11:45:42.352,2.04325,2.0436,1.30,1.00
2008.08.19 11:45:42.511,2.0432,2.0436,3.90,1.00
2008.08.19 11:45:42.671,2.0432,2.0436,2.10,1.00
2008.08.19 11:45:43.299,2.0432,2.0436,3.90,1.00
2008.08.19 11:45:44.677,2.0432,2.0436,5.20,1.00
2008.08.19 11:45:44.890,2.0432,2.0437,5.20,2.10
2008.08.19 11:45:45.611,2.0433,2.0437,1.70,2.10
2008.08.19 11:45:47.620,2.04325,2.0437,1.70,2.10
2008.08.19 11:45:48.027,2.04325,2.0437,3.10,2.10
2008.08.19 11:45:48.172,2.04325,2.0437,1.70,2.10
2008.08.19 11:45:48.739,2.0432,2.0437,5.20,2.10
2008.08.19 11:45:49.008,2.0432,2.0437,3.90,2.10
2008.08.19 11:45:49.965,2.04325,2.0437,1.30,2.10
2008.08.19 11:45:50.140,2.04325,2.0437,1.70,2.10
2008.08.19 11:45:51.601,2.04325,2.0437,3.10,2.10
2008.08.19 11:45:51.674,2.04325,2.0437,1.70,2.10
2008.08.19 11:45:51.736,2.0432,2.0437,3.90,2.10
2008.08.19 11:45:52.039,2.0432,2.0437,3.90,4.30
2008.08.19 11:45:52.103,2.0432,2.0437,2.10,4.30
2008.08.19 11:45:52.982,2.0432,2.0437,2.10,2.10
2008.08.19 11:45:56.069,2.0432,2.0437,2.10,4.90
2008.08.19 11:45:56.388,2.04325,2.0437,1.70,4.90
2008.08.19 11:45:56.548,2.04325,2.0437,1.70,2.10
2008.08.19 11:45:56.707,2.0432,2.0437,3.90,2.10
2008.08.19 11:45:57.208,2.0432,2.0436,3.90,1.00
2008.08.19 11:45:57.879,2.0432,2.0436,2.10,1.00
2008.08.19 11:46:00.456,2.0432,2.0436,3.90,1.00
2008.08.19 11:46:06.488,2.0432,2.0437,3.90,2.10
2008.08.19 11:46:06.996,2.0432,2.0437,2.10,2.10
2008.08.19 11:46:10.873,2.0432,2.0436,2.10,1.00
2008.08.19 11:46:14.867,2.0432,2.0436,3.90,1.00
2008.08.19 11:46:18.311,2.0432,2.04365,3.90,1.70
2008.08.19 11:46:18.487,2.0432,2.04365,2.10,1.70
2008.08.19 11:46:18.835,2.0432,2.0436,2.10,1.00
2008.08.19 11:46:19.639,2.04315,2.04365,1.70,3.20
2008.08.19 11:46:19.824,2.0431,2.04365,3.90,3.20
2008.08.19 11:46:20.187,2.0431,2.0435,3.90,1.00
2008.08.19 11:46:20.679,2.0431,2.0435,2.10,1.00
2008.08.19 11:46:21.291,2.0431,2.0435,3.50,1.00
2008.08.19 11:46:21.355,2.0431,2.0436,3.50,2.70
2008.08.19 11:46:21.419,2.04315,2.0436,2.10,2.70
2008.08.19 11:46:21.615,2.04315,2.0435,2.10,1.00
2008.08.19 11:46:21.799,2.04315,2.0435,3.90,1.00
2008.08.19 11:46:21.927,2.04315,2.0435,1.70,1.00
2008.08.19 11:46:21.991,2.0431,2.0435,2.10,1.00
2008.08.19 11:46:23.570,2.04305,2.0435,3.90,1.00
2008.08.19 11:46:24.529,2.04305,2.0435,3.90,1.70
2008.08.19 11:46:24.676,2.04305,2.0435,3.90,2.20
2008.08.19 11:46:24.813,2.04305,2.0435,1.70,2.20
2008.08.19 11:46:25.587,2.043,2.0435,3.90,2.20
2008.08.19 11:46:25.791,2.043,2.04355,7.10,5.90
2008.08.19 11:46:26.207,2.0431,2.04355,1.70,3.20
2008.08.19 11:46:32.479,2.0431,2.0435,1.70,1.00
2008.08.19 11:46:35.446,2.0431,2.04355,1.70,3.20
2008.08.19 11:46:41.127,2.0431,2.04345,1.70,1.00
2008.08.19 11:46:41.236,2.0431,2.0433,1.70,1.00
2008.08.19 11:46:41.344,2.04305,2.0433,1.70,1.00
2008.08.19 11:46:41.763,2.0428,2.04335,1.70,3.20
2008.08.19 11:46:42.343,2.0428,2.0433,1.70,2.10
2008.08.19 11:46:42.827,2.04285,2.04325,1.70,2.10
2008.08.19 11:46:42.991,2.0428,2.04325,1.70,2.10
2008.08.19 11:46:43.155,2.0428,2.04325,1.70,2.80
2008.08.19 11:46:43.319,2.0428,2.0431,1.70,1.00
2008.08.19 11:46:43.559,2.0427,2.0431,1.70,1.00
2008.08.19 11:46:43.799,2.04265,2.0431,3.90,1.00
2008.08.19 11:46:48.035,2.0427,2.0431,1.70,1.00
2008.08.19 11:46:50.495,2.0427,2.0432,1.70,2.10
2008.08.19 11:46:50.631,2.04275,2.0432,1.70,2.10
2008.08.19 11:46:51.203,2.0428,2.0432,1.70,2.10
2008.08.19 11:46:51.338,2.0428,2.04325,1.70,3.20
2008.08.19 11:46:53.683,2.0428,2.04325,1.70,2.10
2008.08.19 11:46:54.083,2.04285,2.0433,1.70,2.10
2008.08.19 11:46:54.968,2.04285,2.04335,1.70,3.20
2008.08.19 11:46:59.772,2.0429,2.04335,1.70,3.20
2008.08.19 11:47:00.147,2.0428,2.04335,3.90,3.20
2008.08.19 11:47:00.400,2.0428,2.0433,3.10,2.10
2008.08.19 11:47:01.253,2.04285,2.0432,2.10,1.00
2008.08.19 11:47:01.939,2.04285,2.04335,3.20,2.70
2008.08.19 11:47:02.047,2.04285,2.04335,2.10,3.70
2008.08.19 11:47:02.166,2.043,2.0433,1.70,1.00
2008.08.19 11:47:03.375,2.043,2.0433,1.70,2.80
2008.08.19 11:47:03.574,2.043,2.04335,1.70,1.70
2008.08.19 11:47:03.771,2.04295,2.0433,1.70,2.10
2008.08.19 11:47:04.305,2.04285,2.0432,1.70,1.00
2008.08.19 11:47:05.007,2.04275,2.04325,1.30,5.90
2008.08.19 11:47:05.219,2.0427,2.04325,4.90,5.90
2008.08.19 11:47:05.431,2.0427,2.04325,3.90,5.90
2008.08.19 11:47:05.539,2.04275,2.04325,2.10,3.70
2008.08.19 11:47:05.855,2.0428,2.0432,1.70,1.00
2008.08.19 11:47:06.116,2.04275,2.04325,2.10,3.70
2008.08.19 11:47:06.631,2.0427,2.04325,3.90,5.90
2008.08.19 11:47:07.148,2.0427,2.0431,3.90,1.00
2008.08.19 11:47:10.368,2.0427,2.0431,2.10,1.00
2008.08.19 11:47:11.303,2.0427,2.0431,3.90,1.00
2008.08.19 11:47:11.535,2.0427,2.0431,4.90,1.00
2008.08.19 11:47:12.729,2.0427,2.0431,3.90,1.00
2008.08.19 11:47:17.528,2.0427,2.04315,3.90,1.70
2008.08.19 11:47:17.627,2.0427,2.04315,1.70,1.70
2008.08.19 11:47:17.677,2.04265,2.04315,3.20,4.40
2008.08.19 11:47:17.723,2.04265,2.04315,2.10,4.40
2008.08.19 11:47:17.995,2.04265,2.043,2.10,1.00
2008.08.19 11:47:18.352,2.0427,2.043,2.10,1.00
2008.08.19 11:47:18.571,2.0427,2.0431,3.90,1.00
2008.08.19 11:47:19.007,2.04275,2.0431,2.10,1.00
2008.08.19 11:47:23.834,2.0427,2.0431,2.10,1.00
2008.08.19 11:47:24.786,2.0427,2.0432,2.10,2.70
2008.08.19 11:47:25.415,2.04275,2.0432,2.10,2.70
2008.08.19 11:47:25.564,2.0428,2.04325,2.10,3.70
2008.08.19 11:47:26.011,2.0428,2.0432,3.90,1.00
2008.08.19 11:47:27.865,2.0428,2.04325,1.70,3.20
2008.08.19 11:47:27.912,2.04275,2.0431,2.10,1.00
2008.08.19 11:47:28.553,2.04275,2.0431,3.90,1.00
2008.08.19 11:47:29.323,2.0428,2.0432,5.20,1.00
2008.08.19 11:47:29.663,2.0428,2.0433,3.50,2.70
2008.08.19 11:47:30.004,2.0429,2.0432,2.10,1.00
2008.08.19 11:47:30.099,2.0429,2.0433,2.10,2.70
2008.08.19 11:47:30.287,2.0429,2.04325,2.10,2.70
2008.08.19 11:47:30.843,2.0429,2.04325,3.50,2.70
2008.08.19 11:47:31.171,2.04295,2.0434,2.10,1.00
2008.08.19 11:47:31.871,2.043,2.0434,2.10,1.00
2008.08.19 11:47:32.107,2.0431,2.0434,2.10,1.00
2008.08.19 11:47:34.205,2.04305,2.0434,3.90,1.00
2008.08.19 11:47:34.715,2.04305,2.0434,5.20,1.00
2008.08.19 11:47:34.925,2.0431,2.0434,1.30,1.00
2008.08.19 11:47:35.133,2.0431,2.0435,1.30,1.00
2008.08.19 11:47:35.339,2.0431,2.0435,3.10,1.00
2008.08.19 11:47:35.547,2.04305,2.0435,5.20,1.00
2008.08.19 11:47:35.763,2.0431,2.0435,3.50,1.00
2008.08.19 11:47:36.191,2.04315,2.0435,2.10,1.00
2008.08.19 11:47:36.619,2.04315,2.0435,3.90,1.00
2008.08.19 11:47:36.746,2.0432,2.0436,1.30,1.00
2008.08.19 11:47:36.877,2.0432,2.0436,3.10,1.00
2008.08.19 11:47:36.999,2.0432,2.0436,5.20,1.00
2008.08.19 11:47:37.242,2.0432,2.04375,5.20,2.10
2008.08.19 11:47:38.234,2.0432,2.0438,5.20,7.00
2008.08.19 11:47:38.351,2.0432,2.0437,5.20,2.10
2008.08.19 11:47:38.579,2.04325,2.0437,1.30,2.10
2008.08.19 11:47:38.933,2.04325,2.0438,3.50,7.00
2008.08.19 11:47:39.271,2.04325,2.0438,3.50,4.80
2008.08.19 11:47:39.611,2.0432,2.04365,3.90,2.10
2008.08.19 11:47:39.953,2.04325,2.0438,2.10,2.70
2008.08.19 11:47:40.079,2.04325,2.04385,2.10,7.00
2008.08.19 11:47:40.455,2.04325,2.04375,2.10,2.70
2008.08.19 11:47:41.943,2.04325,2.0438,2.10,7.00
2008.08.19 11:47:42.563,2.0433,2.0438,2.10,4.80
2008.08.19 11:47:42.876,2.0433,2.04375,2.10,1.70
2008.08.19 11:47:43.035,2.0433,2.0436,2.10,1.00
2008.08.19 11:47:43.195,2.04325,2.0436,3.90,1.00
2008.08.19 11:47:43.355,2.04325,2.0436,2.10,1.00
2008.08.19 11:47:43.516,2.04325,2.04365,2.10,3.70
2008.08.19 11:47:43.836,2.0432,2.04365,2.10,3.70
2008.08.19 11:47:45.799,2.04325,2.04365,2.10,3.70
2008.08.19 11:47:45.932,2.04325,2.04365,2.10,2.70
2008.08.19 11:47:46.394,2.04335,2.0437,2.10,1.00
2008.08.19 11:47:46.796,2.04335,2.0438,2.10,2.70
2008.08.19 11:47:46.996,2.0434,2.0438,2.10,2.70
2008.08.19 11:47:47.347,2.0434,2.0438,2.10,4.30
2008.08.19 11:47:47.876,2.0434,2.0438,2.10,2.10
2008.08.19 11:47:48.051,2.0434,2.0438,3.90,2.10
2008.08.19 11:47:49.035,2.0434,2.0438,2.10,2.10
2008.08.19 11:47:49.492,2.0434,2.0438,2.10,5.40
2008.08.19 11:47:49.809,2.0434,2.0438,2.10,2.10
2008.08.19 11:47:50.751,2.0434,2.0438,2.10,5.40
2008.08.19 11:47:55.847,2.0434,2.0438,3.90,5.40
2008.08.19 11:47:56.519,2.0434,2.0438,2.10,5.40
2008.08.19 11:47:58.783,2.04335,2.0438,3.90,5.40
2008.08.19 11:48:02.376,2.04335,2.04385,2.10,3.70
2008.08.19 11:48:02.601,2.04335,2.0438,3.90,5.40
2008.08.19 11:48:03.635,2.04335,2.0438,3.90,7.50
2008.08.19 11:48:07.765,2.04335,2.04385,3.90,3.70
2008.08.19 11:48:07.983,2.04335,2.0438,3.90,4.30
2008.08.19 11:48:08.205,2.04335,2.0438,3.90,7.50
2008.08.19 11:48:08.546,2.0434,2.0438,1.70,7.50
2008.08.19 11:48:09.156,2.04335,2.0438,3.90,7.50
2008.08.19 11:48:14.562,2.0434,2.0438,2.10,7.50
2008.08.19 11:48:15.295,2.0434,2.0438,2.10,3.20
2008.08.19 11:48:16.297,2.0434,2.0438,2.10,6.40
2008.08.19 11:48:17.171,2.0434,2.0438,3.90,6.40
2008.08.19 11:48:17.652,2.0434,2.0438,2.10,6.40
2008.08.19 11:48:18.844,2.04345,2.0438,2.10,6.40
2008.08.19 11:48:19.047,2.04345,2.0439,4.50,4.80
2008.08.19 11:48:19.251,2.04355,2.044,1.70,4.30
2008.08.19 11:48:19.455,2.04355,2.04405,1.70,3.20
2008.08.19 11:48:19.859,2.04355,2.044,3.90,3.20
2008.08.19 11:48:20.063,2.04355,2.044,5.60,3.20
2008.08.19 11:48:20.191,2.0436,2.044,1.30,3.20
2008.08.19 11:48:20.320,2.0436,2.044,1.30,1.00
2008.08.19 11:48:20.447,2.04365,2.044,1.30,1.00
2008.08.19 11:48:20.699,2.04365,2.04415,2.40,5.90
2008.08.19 11:48:20.827,2.04365,2.04415,4.10,2.10
2008.08.19 11:48:21.079,2.04365,2.04415,3.10,3.20
2008.08.19 11:48:21.363,2.04375,2.04415,1.70,3.20
2008.08.19 11:48:23.903,2.04375,2.0441,1.70,3.20
2008.08.19 11:48:24.099,2.04375,2.0442,1.70,2.10
2008.08.19 11:48:24.297,2.04375,2.0442,1.70,4.30
2008.08.19 11:48:24.684,2.0438,2.0442,1.70,4.30
2008.08.19 11:48:25.188,2.0438,2.0442,1.70,2.10
2008.08.19 11:48:25.271,2.0438,2.04425,1.70,3.20
2008.08.19 11:48:25.595,2.0438,2.0442,3.90,1.00
2008.08.19 11:48:25.679,2.0439,2.0443,1.00,6.00
2008.08.19 11:48:25.773,2.04385,2.04435,2.40,4.80
2008.08.19 11:48:25.937,2.0438,2.04435,5.20,4.80
2008.08.19 11:48:26.275,2.0439,2.04435,1.70,2.10
2008.08.19 11:48:26.952,2.044,2.04435,1.70,2.10
2008.08.19 11:48:27.762,2.04395,2.04435,1.70,2.10
2008.08.19 11:48:28.358,2.04395,2.0444,1.70,2.10
2008.08.19 11:48:30.311,2.04395,2.0444,1.70,7.50
2008.08.19 11:48:30.690,2.04395,2.0444,1.70,4.30
2008.08.19 11:48:30.835,2.04395,2.0444,1.70,2.10
2008.08.19 11:48:30.971,2.04405,2.0444,1.70,5.40
2008.08.19 11:48:31.239,2.044,2.0444,1.70,7.50
2008.08.19 11:48:31.699,2.04405,2.0444,1.70,7.50
2008.08.19 11:48:31.896,2.04395,2.0444,1.70,7.50
2008.08.19 11:48:32.952,2.04405,2.0444,1.70,4.30
2008.08.19 11:48:33.530,2.04405,2.0444,1.70,2.10
2008.08.19 11:48:33.787,2.044,2.0444,1.70,2.10
2008.08.19 11:48:33.960,2.044,2.0444,1.70,4.30
2008.08.19 11:48:34.215,2.044,2.0444,1.70,7.50
2008.08.19 11:48:35.207,2.044,2.0444,1.70,5.40
2008.08.19 11:48:35.631,2.044,2.0444,1.70,7.50
2008.08.19 11:48:36.052,2.04395,2.0444,1.70,7.50
2008.08.19 11:48:37.486,2.044,2.0444,1.70,7.50
2008.08.19 11:48:39.458,2.04395,2.04435,1.70,2.10
2008.08.19 11:48:39.680,2.0439,2.04435,1.70,2.10
2008.08.19 11:48:40.123,2.0439,2.04435,1.70,3.20
2008.08.19 11:48:40.611,2.04385,2.04425,3.90,1.00
2008.08.19 11:48:40.747,2.04385,2.04425,1.70,1.70
2008.08.19 11:48:40.894,2.04385,2.0442,1.70,3.20
2008.08.19 11:48:41.295,2.0438,2.0442,1.70,3.20
2008.08.19 11:48:41.500,2.0438,2.0442,1.70,1.00
2008.08.19 11:48:41.714,2.04385,2.0442,1.70,1.00
2008.08.19 11:48:41.922,2.04385,2.0442,1.70,3.20
2008.08.19 11:48:42.125,2.04385,2.0442,1.70,1.00
2008.08.19 11:48:42.328,2.0439,2.0442,1.70,1.00
2008.08.19 11:48:44.484,2.04395,2.04435,1.70,3.20
2008.08.19 11:48:45.547,2.0439,2.04435,1.70,3.20
2008.08.19 11:48:46.059,2.0438,2.04435,3.90,3.20
2008.08.19 11:48:46.166,2.0438,2.0442,3.90,1.00
2008.08.19 11:48:47.499,2.04385,2.0442,1.70,1.00
2008.08.19 11:48:48.863,2.04385,2.0442,3.90,1.00
2008.08.19 11:48:53.773,2.0439,2.0442,1.70,1.00
2008.08.19 11:49:00.260,2.0439,2.04435,1.70,3.20
2008.08.19 11:49:00.543,2.04385,2.04435,3.90,3.20
2008.08.19 11:49:04.372,2.0439,2.04435,1.70,3.20
2008.08.19 11:49:06.151,2.0439,2.04435,1.70,3.90
2008.08.19 11:49:06.269,2.0439,2.0442,1.70,1.00
2008.08.19 11:49:06.555,2.04385,2.0442,3.90,1.00
2008.08.19 11:49:08.109,2.04385,2.0442,1.70,1.00
2008.08.19 11:49:09.115,2.04385,2.0441,1.70,1.00
2008.08.19 11:49:09.455,2.04375,2.0441,1.70,1.00
2008.08.19 11:49:10.132,2.04365,2.04395,2.10,1.00
2008.08.19 11:49:10.454,2.0436,2.04395,2.10,1.00
2008.08.19 11:49:11.099,2.0436,2.0441,2.10,1.70
2008.08.19 11:49:11.282,2.0436,2.044,3.50,4.30
2008.08.19 11:49:11.467,2.04365,2.044,2.10,1.00
2008.08.19 11:49:11.651,2.0437,2.04415,1.30,4.80
2008.08.19 11:49:11.835,2.0438,2.04425,1.70,3.20
2008.08.19 11:49:12.198,2.0438,2.0442,1.70,3.20
2008.08.19 11:49:12.448,2.04385,2.0442,1.70,3.20
2008.08.19 11:49:12.798,2.0442,2.0443,1.30,3.40
2008.08.19 11:49:12.918,2.0442,2.04435,3.10,2.10
2008.08.19 11:49:13.051,2.0442,2.04435,1.30,1.60
2008.08.19 11:49:13.170,2.04405,2.0444,3.50,10.80
2008.08.19 11:49:13.292,2.04405,2.0444,3.50,8.60
2008.08.19 11:49:13.598,2.04405,2.0444,4.70,7.50
2008.08.19 11:49:13.754,2.0441,2.0444,2.10,7.50
2008.08.19 11:49:13.910,2.0444,2.04455,1.00,4.10
2008.08.19 11:49:14.066,2.04425,2.0444,2.10,2.10
2008.08.19 11:49:14.222,2.04435,2.0444,1.70,2.10
2008.08.19 11:49:14.564,2.04435,2.0448,1.70,2.10
2008.08.19 11:49:15.239,2.0442,2.04475,1.70,1.00
2008.08.19 11:49:15.580,2.04425,2.0447,2.10,2.70
2008.08.19 11:49:15.746,2.04425,2.0447,2.10,3.30
2008.08.19 11:49:15.914,2.0442,2.0447,3.90,5.50
2008.08.19 11:49:16.082,2.0442,2.04455,2.10,2.70
2008.08.19 11:49:16.254,2.0441,2.04455,2.10,3.30
2008.08.19 11:49:16.591,2.04405,2.0444,1.70,1.00
2008.08.19 11:49:16.931,2.044,2.0445,9.70,2.20
2008.08.19 11:49:17.270,2.0441,2.04445,7.50,2.70
2008.08.19 11:49:17.610,2.0441,2.04445,7.50,5.90
2008.08.19 11:49:17.770,2.0441,2.04445,5.40,3.70
2008.08.19 11:49:17.931,2.0441,2.04445,4.30,3.70
2008.08.19 11:49:18.091,2.0441,2.04445,6.40,3.70
2008.08.19 11:49:18.252,2.0441,2.0443,6.40,1.00
2008.08.19 11:49:18.411,2.044,2.0443,8.60,1.00
2008.08.19 11:49:18.695,2.044,2.04445,3.20,3.70
2008.08.19 11:49:18.979,2.044,2.0444,3.20,1.00
2008.08.19 11:49:19.275,2.04415,2.0443,1.00,1.00
2008.08.19 11:49:19.895,2.04415,2.0443,4.30,1.00
2008.08.19 11:49:20.235,2.0438,2.0443,11.80,1.00
2008.08.19 11:49:20.575,2.0438,2.0443,13.20,1.00
2008.08.19 11:49:20.732,2.0438,2.0443,3.50,1.00
2008.08.19 11:49:20.886,2.0438,2.0443,2.10,1.00
2008.08.19 11:49:21.043,2.04385,2.0443,1.70,1.00
2008.08.19 11:49:22.358,2.04395,2.0443,3.90,1.00
2008.08.19 11:49:24.027,2.04395,2.0443,1.70,1.00
2008.08.19 11:49:24.391,2.0439,2.0443,2.10,2.20
2008.08.19 11:49:24.518,2.04385,2.0443,3.90,2.20
2008.08.19 11:49:24.851,2.04385,2.0442,3.90,4.30
2008.08.19 11:49:25.067,2.0438,2.0442,2.10,1.00
2008.08.19 11:49:25.495,2.0438,2.0442,2.10,4.30
2008.08.19 11:49:26.146,2.04375,2.0442,3.90,4.30
2008.08.19 11:49:26.826,2.04375,2.04425,1.70,3.20
2008.08.19 11:49:28.957,2.04375,2.04425,1.70,3.90
2008.08.19 11:49:29.138,2.04375,2.0441,1.70,1.00
2008.08.19 11:49:30.376,2.04375,2.0442,1.70,2.10
2008.08.19 11:49:32.538,2.0437,2.0442,2.10,4.80
2008.08.19 11:49:32.775,2.04375,2.0442,1.70,2.10
2008.08.19 11:49:39.627,2.04375,2.04425,1.70,3.90
2008.08.19 11:49:40.974,2.04375,2.0441,1.70,1.00
2008.08.19 11:49:41.195,2.04375,2.04415,1.70,1.70
2008.08.19 11:49:41.419,2.04375,2.0442,1.70,2.10
2008.08.19 11:49:46.179,2.0437,2.0442,1.70,2.10
2008.08.19 11:49:46.847,2.04365,2.0441,4.90,1.00
2008.08.19 11:49:47.067,2.04365,2.0442,6.00,4.80
2008.08.19 11:49:47.379,2.0437,2.0442,1.70,2.10
2008.08.19 11:49:47.474,2.0437,2.0442,3.90,2.10
2008.08.19 11:49:48.127,2.0437,2.0442,3.90,2.80
2008.08.19 11:49:48.224,2.0437,2.0441,2.10,1.00
2008.08.19 11:49:48.321,2.04365,2.04415,1.70,3.20
2008.08.19 11:49:48.627,2.04365,2.04415,1.70,3.90
2008.08.19 11:49:50.422,2.04365,2.04415,4.90,3.90
2008.08.19 11:49:50.540,2.04365,2.04415,4.90,1.70
2008.08.19 11:49:50.654,2.04365,2.0441,4.90,1.00
2008.08.19 11:49:51.024,2.0437,2.0441,1.30,1.00
2008.08.19 11:49:51.138,2.0437,2.0442,2.40,4.80
2008.08.19 11:49:51.387,2.04375,2.04425,1.70,3.20
2008.08.19 11:49:51.879,2.0438,2.04425,1.70,1.70
2008.08.19 11:49:52.127,2.0438,2.0441,1.70,1.00
2008.08.19 11:49:52.514,2.0437,2.0441,2.10,1.00
2008.08.19 11:49:53.907,2.04365,2.0441,3.90,1.00
2008.08.19 11:49:55.047,2.04365,2.0441,4.90,1.00
2008.08.19 11:49:55.374,2.0437,2.0441,1.70,1.00
2008.08.19 11:50:02.019,2.0437,2.0441,3.10,1.00
2008.08.19 11:50:02.252,2.0438,2.0442,1.70,2.10
2008.08.19 11:50:02.422,2.0438,2.04425,1.70,3.20
2008.08.19 11:50:05.539,2.04375,2.04425,1.70,3.20
2008.08.19 11:50:09.292,2.04375,2.0442,1.70,2.10
2008.08.19 11:50:09.520,2.04365,2.04405,2.10,1.00
2008.08.19 11:50:09.956,2.0436,2.04405,2.10,1.00
2008.08.19 11:50:11.950,2.0436,2.0441,3.90,2.80
2008.08.19 11:50:12.727,2.04365,2.0441,1.70,2.80
2008.08.19 11:50:13.647,2.04365,2.0441,1.70,2.10
2008.08.19 11:50:13.671,2.04365,2.0441,1.70,5.40
2008.08.19 11:50:13.711,2.0437,2.0441,1.70,5.40
2008.08.19 11:50:13.807,2.04375,2.0441,1.70,5.40
2008.08.19 11:50:13.866,2.04375,2.04415,1.70,3.90
2008.08.19 11:50:14.621,2.04375,2.04415,1.70,3.20
2008.08.19 11:50:14.807,2.0438,2.0441,1.70,1.00
2008.08.19 11:50:15.690,2.04385,2.0441,1.70,1.00
2008.08.19 11:50:15.870,2.04385,2.04425,1.70,3.20
2008.08.19 11:50:16.078,2.0437,2.04425,3.90,5.90
2008.08.19 11:50:16.491,2.0437,2.04425,3.90,6.60
2008.08.19 11:50:16.698,2.04375,2.04425,2.10,6.60
2008.08.19 11:50:16.906,2.04375,2.04425,2.10,4.40
2008.08.19 11:50:17.115,2.04375,2.04425,3.90,1.70
2008.08.19 11:50:17.898,2.0438,2.0443,3.10,2.10
2008.08.19 11:50:18.058,2.04385,2.0443,1.70,2.10
2008.08.19 11:50:18.138,2.04385,2.04435,1.70,3.20
2008.08.19 11:50:18.370,2.04385,2.04435,1.70,3.90
2008.08.19 11:50:18.450,2.0438,2.04435,3.90,3.90
2008.08.19 11:50:18.682,2.0438,2.04425,3.90,2.20
2008.08.19 11:50:19.975,2.0438,2.04425,1.70,2.20
2008.08.19 11:50:20.374,2.0438,2.0443,1.70,2.80
2008.08.19 11:50:20.539,2.0438,2.0442,1.70,2.10
2008.08.19 11:50:20.852,2.04375,2.0442,2.80,2.10
2008.08.19 11:50:20.958,2.0438,2.0442,1.00,2.10
2008.08.19 11:50:26.510,2.0437,2.0442,3.90,2.10
2008.08.19 11:50:29.293,2.04375,2.0442,1.70,2.10
2008.08.19 11:50:33.267,2.04375,2.04425,1.70,3.20
2008.08.19 11:50:33.338,2.0437,2.04425,3.90,5.90
2008.08.19 11:50:33.881,2.04375,2.04425,1.70,3.20
2008.08.19 11:50:37.211,2.04375,2.0442,3.90,1.00
2008.08.19 11:50:37.550,2.04375,2.04425,2.10,3.70
2008.08.19 11:50:38.188,2.04375,2.04425,2.10,4.40
2008.08.19 11:50:38.272,2.04375,2.04425,3.90,1.70
2008.08.19 11:50:38.834,2.04375,2.04425,4.90,1.70
2008.08.19 11:50:39.544,2.04375,2.0442,6.30,1.00
2008.08.19 11:50:39.706,2.0438,2.0442,3.20,1.00
2008.08.19 11:50:39.997,2.04385,2.04435,1.70,3.20
2008.08.19 11:50:40.566,2.04385,2.04435,1.70,3.90
2008.08.19 11:50:40.854,2.0438,2.04435,3.90,6.60
2008.08.19 11:50:41.094,2.0438,2.0443,3.90,2.80
2008.08.19 11:50:41.334,2.0438,2.04425,3.90,2.20
2008.08.19 11:50:41.574,2.0438,2.04425,2.10,2.20
2008.08.19 11:50:42.069,2.04385,2.0443,6.30,1.00
2008.08.19 11:50:46.239,2.044,2.04435,3.20,3.20
2008.08.19 11:50:48.995,2.04385,2.04435,2.80,3.20
2008.08.19 11:50:49.342,2.04385,2.04435,1.70,3.20
2008.08.19 11:50:49.865,2.04375,2.0443,7.40,2.10
2008.08.19 11:50:50.038,2.04375,2.0443,7.40,4.80
2008.08.19 11:50:50.622,2.0439,2.0443,1.00,4.80
2008.08.19 11:50:51.825,2.0439,2.0443,1.00,4.80
2008.08.19 11:50:51.871,2.0439,2.0443,1.00,5.50
2008.08.19 11:50:52.584,2.0439,2.0442,1.00,1.00
2008.08.19 11:50:52.723,2.0439,2.0442,1.00,2.20
2008.08.19 11:50:52.863,2.04375,2.0442,6.00,2.20
2008.08.19 11:50:53.002,2.04375,2.04425,4.90,1.70
2008.08.19 11:50:53.142,2.04375,2.0442,4.90,3.90
2008.08.19 11:50:53.282,2.04375,2.0442,4.90,2.20
2008.08.19 11:50:55.221,2.0439,2.0442,1.00,2.20
2008.08.19 11:50:55.534,2.0438,2.0442,2.80,1.00
2008.08.19 11:50:55.694,2.0438,2.0442,1.70,1.00
2008.08.19 11:50:56.010,2.04375,2.0442,4.90,1.00
2008.08.19 11:50:56.640,2.04375,2.0442,4.90,2.20
2008.08.19 11:50:57.050,2.04375,2.0442,4.90,2.70
2008.08.19 11:50:57.366,2.04375,2.0442,4.90,1.00
2008.08.19 11:51:02.698,2.04375,2.0442,3.90,1.00
2008.08.19 11:51:13.658,2.04375,2.0442,4.90,1.00
2008.08.19 11:51:13.912,2.04375,2.04425,4.90,1.70
2008.08.19 11:51:14.028,2.04375,2.04425,3.20,4.40
2008.08.19 11:51:14.110,2.04375,2.04425,2.10,4.40
2008.08.19 11:51:14.366,2.04375,2.0442,2.10,1.70
2008.08.19 11:51:14.570,2.04375,2.0442,3.20,2.20
2008.08.19 11:51:15.094,2.04375,2.0442,4.90,2.20
2008.08.19 11:51:19.417,2.04375,2.0442,4.90,2.70
2008.08.19 11:51:19.486,2.04375,2.0442,4.90,1.00
2008.08.19 11:51:20.190,2.04375,2.0442,3.90,1.00
2008.08.19 11:51:26.336,2.04375,2.0442,3.90,1.70
2008.08.19 11:51:26.541,2.04375,2.0442,1.70,1.70
2008.08.19 11:51:26.726,2.04375,2.04425,1.70,3.90
2008.08.19 11:51:26.822,2.0437,2.04425,4.90,6.60
2008.08.19 11:51:27.525,2.04375,2.04425,2.10,6.60
2008.08.19 11:51:27.634,2.04375,2.04425,2.10,4.40
2008.08.19 11:51:28.418,2.04375,2.04425,2.10,3.70
2008.08.19 11:51:28.764,2.04375,2.0442,3.90,1.00
2008.08.19 11:51:29.634,2.04375,2.04425,3.90,1.70
2008.08.19 11:51:31.685,2.04375,2.0442,3.90,1.00
2008.08.19 11:51:32.142,2.04375,2.04425,3.90,1.70
2008.08.19 11:51:32.531,2.04375,2.0442,5.20,1.00
2008.08.19 11:51:39.524,2.04375,2.0443,6.30,2.10
2008.08.19 11:51:43.581,2.0438,2.0443,1.30,2.10
2008.08.19 11:51:43.630,2.0438,2.04435,3.50,5.90
2008.08.19 11:51:44.358,2.04385,2.04435,1.30,5.90
2008.08.19 11:51:44.490,2.04385,2.04435,3.50,5.90
2008.08.19 11:51:46.542,2.04385,2.04435,2.10,5.90
2008.08.19 11:51:46.710,2.04385,2.04435,3.50,8.10
2008.08.19 11:51:46.878,2.04385,2.04435,2.10,8.10
2008.08.19 11:51:47.211,2.04385,2.0443,2.10,2.70
2008.08.19 11:51:47.985,2.04385,2.04435,3.90,3.20
2008.08.19 11:51:48.610,2.0439,2.04435,1.70,3.20
2008.08.19 11:51:49.582,2.04385,2.04435,1.70,3.20
2008.08.19 11:51:49.818,2.0438,2.04435,3.90,5.90
2008.08.19 11:51:50.055,2.0438,2.0441,2.10,3.20
2008.08.19 11:51:50.303,2.0438,2.0441,3.90,3.20
2008.08.19 11:51:50.506,2.0438,2.0443,2.10,2.70
2008.08.19 11:51:51.758,2.0438,2.04435,3.90,3.90
2008.08.19 11:51:51.887,2.0438,2.04435,3.90,6.60
2008.08.19 11:51:52.014,2.0438,2.04435,3.90,5.90
2008.08.19 11:51:52.278,2.04385,2.04435,1.70,3.20
2008.08.19 11:51:52.406,2.0439,2.04435,1.70,3.20
2008.08.19 11:51:53.290,2.0439,2.0443,3.90,1.00
2008.08.19 11:51:55.015,2.0439,2.04415,2.10,1.00
2008.08.19 11:51:55.175,2.0439,2.0443,2.10,3.70
2008.08.19 11:51:55.490,2.04385,2.0443,2.10,3.70
2008.08.19 11:51:55.874,2.04385,2.04425,3.90,1.00
2008.08.19 11:51:56.102,2.04385,2.04435,3.90,3.20
2008.08.19 11:51:56.331,2.04385,2.04435,2.10,3.90
2008.08.19 11:51:56.558,2.04395,2.04435,1.70,3.90
2008.08.19 11:51:56.786,2.0439,2.04435,1.70,3.90
2008.08.19 11:51:57.127,2.04385,2.04435,2.10,3.20
2008.08.19 11:51:57.454,2.04385,2.04435,3.90,3.20
2008.08.19 11:51:58.658,2.04395,2.04435,1.70,3.20
2008.08.19 11:51:59.096,2.0439,2.04435,1.70,3.20
2008.08.19 11:52:00.250,2.044,2.04435,1.70,3.20
2008.08.19 11:52:00.795,2.04385,2.04435,2.10,5.90
2008.08.19 11:52:03.360,2.04385,2.04425,2.10,2.70
2008.08.19 11:52:03.582,2.04385,2.04425,3.50,2.70
2008.08.19 11:52:03.730,2.04385,2.04425,3.50,3.70
2008.08.19 11:52:03.806,2.0439,2.04425,1.30,3.70
2008.08.19 11:52:03.954,2.0439,2.04425,3.50,3.70
2008.08.19 11:52:04.230,2.0439,2.0442,3.50,1.00
2008.08.19 11:52:05.654,2.0439,2.04435,3.50,3.70
2008.08.19 11:52:05.870,2.0439,2.04435,2.10,3.70
2008.08.19 11:52:06.087,2.0439,2.04435,3.20,3.70
2008.08.19 11:52:06.286,2.04405,2.0443,1.00,1.00
2008.08.19 11:52:06.682,2.04405,2.0444,1.00,2.70
2008.08.19 11:52:07.977,2.0439,2.0444,4.50,2.70
2008.08.19 11:52:08.222,2.0439,2.0444,3.50,2.70
2008.08.19 11:52:08.710,2.0439,2.04445,5.20,5.90
2008.08.19 11:52:09.018,2.04395,2.04445,1.70,3.20
2008.08.19 11:52:10.154,2.04395,2.0443,1.30,1.00
2008.08.19 11:52:10.462,2.04395,2.0444,1.30,2.10
2008.08.19 11:52:10.775,2.044,2.04445,1.70,3.20
2008.08.19 11:52:10.923,2.044,2.0444,3.90,1.00
2008.08.19 11:52:13.697,2.044,2.0444,4.90,1.00
2008.08.19 11:52:15.118,2.044,2.0444,3.90,1.00
2008.08.19 11:52:15.878,2.04405,2.0444,2.10,1.00
2008.08.19 11:52:20.698,2.04405,2.04445,2.10,3.70
2008.08.19 11:52:23.744,2.04405,2.04445,2.10,2.70
2008.08.19 11:52:23.779,2.04405,2.0445,2.10,2.70
2008.08.19 11:52:25.122,2.04405,2.04455,2.10,5.90
2008.08.19 11:52:27.786,2.04405,2.0444,2.10,1.00
2008.08.19 11:52:32.085,2.04405,2.0443,2.10,3.20
2008.08.19 11:52:32.296,2.04405,2.04445,2.10,3.70
2008.08.19 11:52:32.889,2.04405,2.0444,2.10,1.00
2008.08.19 11:52:37.282,2.04405,2.0444,3.90,1.00
2008.08.19 11:52:40.071,2.04405,2.0444,2.10,1.00
2008.08.19 11:52:46.979,2.04405,2.04455,2.10,5.90
2008.08.19 11:52:47.422,2.044,2.04455,8.50,5.90
2008.08.19 11:52:47.814,2.04405,2.04455,1.70,3.20
2008.08.19 11:52:48.141,2.04405,2.0445,1.70,2.10
2008.08.19 11:52:48.881,2.044,2.0445,1.70,2.10
2008.08.19 11:52:52.262,2.044,2.0444,1.70,1.00
2008.08.19 11:52:53.627,2.044,2.0444,3.10,1.00
2008.08.19 11:52:54.230,2.044,2.0444,4.10,1.00
2008.08.19 11:52:55.198,2.04405,2.0444,1.70,1.00
2008.08.19 11:52:55.478,2.04405,2.0444,2.80,1.00
2008.08.19 11:52:55.758,2.04405,2.04455,2.80,3.20
2008.08.19 11:52:56.038,2.04405,2.04455,1.70,3.20
2008.08.19 11:52:56.402,2.04405,2.04455,2.80,3.20
2008.08.19 11:52:56.587,2.04405,2.04445,1.70,2.10
2008.08.19 11:52:56.770,2.044,2.04445,4.90,3.20
2008.08.19 11:52:56.955,2.044,2.04445,1.70,3.20
2008.08.19 11:52:57.542,2.04395,2.04445,4.90,3.20
2008.08.19 11:52:58.272,2.04395,2.04445,3.90,3.20
2008.08.19 11:52:58.500,2.04395,2.04445,4.90,3.20
2008.08.19 11:53:00.602,2.04395,2.04445,3.90,3.20
2008.08.19 11:53:00.842,2.04395,2.04445,2.10,5.90
2008.08.19 11:53:06.091,2.0439,2.0444,4.90,2.10
2008.08.19 11:53:06.297,2.0439,2.0444,3.90,2.10
2008.08.19 11:53:06.458,2.04395,2.0444,1.70,2.10
2008.08.19 11:53:06.796,2.0439,2.0444,3.90,2.10
2008.08.19 11:53:07.277,2.04395,2.04445,2.10,3.70
2008.08.19 11:53:07.942,2.044,2.0444,1.70,1.00
2008.08.19 11:53:08.190,2.04395,2.0444,3.90,1.00
2008.08.19 11:53:08.685,2.044,2.0444,1.70,1.00
2008.08.19 11:53:08.950,2.04395,2.0444,5.20,1.00
2008.08.19 11:53:09.078,2.04405,2.0444,1.70,1.00
2008.08.19 11:53:09.453,2.04405,2.04455,1.70,3.20
2008.08.19 11:53:10.064,2.04405,2.0445,1.70,1.70
2008.08.19 11:53:10.371,2.04405,2.0445,1.70,2.80
2008.08.19 11:53:10.982,2.044,2.0445,1.70,2.80
2008.08.19 11:53:11.314,2.044,2.04445,1.70,1.00
2008.08.19 11:53:11.470,2.044,2.04445,1.70,3.90
2008.08.19 11:53:11.698,2.04395,2.04445,1.70,3.90
2008.08.19 11:53:12.130,2.04395,2.04445,2.10,4.40
2008.08.19 11:53:12.569,2.04395,2.04445,3.90,1.70
2008.08.19 11:53:12.774,2.044,2.04445,2.10,1.70
2008.08.19 11:53:12.980,2.04395,2.04435,3.90,1.00
2008.08.19 11:53:13.182,2.04395,2.04435,3.90,2.20
2008.08.19 11:53:13.385,2.04395,2.0443,3.90,1.00
2008.08.19 11:53:13.591,2.0439,2.0443,2.10,2.20
2008.08.19 11:53:13.954,2.04385,2.0443,2.80,2.20
2008.08.19 11:53:14.318,2.0439,2.0443,1.70,2.20
2008.08.19 11:53:14.993,2.04385,2.0443,2.80,2.20
2008.08.19 11:53:15.430,2.04385,2.0443,3.90,2.20
2008.08.19 11:53:16.530,2.04385,2.0442,3.90,1.00
2008.08.19 11:53:16.654,2.04385,2.0442,2.80,1.00
2008.08.19 11:53:16.778,2.04375,2.0442,3.90,2.20
2008.08.19 11:53:16.901,2.04375,2.04425,4.90,3.20
2008.08.19 11:53:17.382,2.0439,2.04425,1.00,3.90
2008.08.19 11:53:17.842,2.0438,2.04425,2.80,3.90
2008.08.19 11:53:18.062,2.04375,2.04425,2.10,6.60
2008.08.19 11:53:20.258,2.0437,2.04425,3.90,6.60
2008.08.19 11:53:20.657,2.0437,2.04425,4.90,6.60
2008.08.19 11:53:20.969,2.04375,2.04425,1.70,3.90
2008.08.19 11:53:21.677,2.04375,2.04425,2.80,3.90
2008.08.19 11:53:22.245,2.04375,2.04425,4.90,3.90
2008.08.19 11:53:23.026,2.04375,2.04425,4.90,3.20
2008.08.19 11:53:23.971,2.04375,2.04425,4.90,3.90
2008.08.19 11:53:25.643,2.04375,2.0442,2.10,2.70
2008.08.19 11:53:26.206,2.04375,2.04425,4.90,3.90
2008.08.19 11:53:26.406,2.04375,2.04425,3.90,3.90
2008.08.19 11:53:27.011,2.04375,2.0442,1.70,2.10
2008.08.19 11:53:27.210,2.0438,2.04425,2.10,1.70
2008.08.19 11:53:27.438,2.0438,2.0442,2.10,1.00
2008.08.19 11:53:27.666,2.0438,2.04425,2.10,3.70
2008.08.19 11:53:27.894,2.0438,2.0442,1.30,2.10
2008.08.19 11:53:28.122,2.0438,2.0442,1.30,4.80
2008.08.19 11:53:28.350,2.0438,2.0442,1.30,2.70
2008.08.19 11:53:29.206,2.0439,2.0442,1.30,2.70
2008.08.19 11:53:29.395,2.04385,2.04435,1.30,8.10
2008.08.19 11:53:29.619,2.0438,2.04435,5.40,5.90
2008.08.19 11:53:29.841,2.0438,2.04435,3.50,5.90
2008.08.19 11:53:30.065,2.04385,2.04435,2.10,3.70
2008.08.19 11:53:32.017,2.04385,2.0443,3.90,1.00
2008.08.19 11:53:32.389,2.0439,2.0443,2.10,1.00
2008.08.19 11:53:32.514,2.0439,2.0443,3.90,1.00
2008.08.19 11:53:33.630,2.0439,2.0444,2.10,2.70
2008.08.19 11:53:33.850,2.0439,2.04425,2.10,1.00
2008.08.19 11:53:34.181,2.0439,2.0443,2.10,3.70
2008.08.19 11:53:34.238,2.04385,2.0443,2.10,2.70
2008.08.19 11:53:34.772,2.04385,2.0444,2.10,3.70
2008.08.19 11:53:34.876,2.04385,2.04435,2.10,4.40
2008.08.19 11:53:35.206,2.0438,2.0442,2.10,1.00
2008.08.19 11:53:35.485,2.0438,2.04425,2.10,3.70
2008.08.19 11:53:35.758,2.04375,2.04425,2.10,3.70
2008.08.19 11:53:36.033,2.04375,2.0442,2.10,2.70
2008.08.19 11:53:37.361,2.04375,2.0441,2.10,1.00
2008.08.19 11:53:37.553,2.04375,2.0441,2.10,2.20
2008.08.19 11:53:37.653,2.04365,2.0441,3.20,3.30
2008.08.19 11:53:38.138,2.0437,2.0441,1.00,3.30
2008.08.19 11:53:38.238,2.0436,2.04405,2.10,1.70
2008.08.19 11:53:38.337,2.0436,2.0439,2.10,4.30
2008.08.19 11:53:40.288,2.04355,2.04395,2.10,3.70
2008.08.19 11:53:40.462,2.04355,2.04395,2.10,4.40
2008.08.19 11:53:42.986,2.0435,2.0439,2.10,2.70
2008.08.19 11:53:44.493,2.04345,2.0439,3.20,2.70
2008.08.19 11:53:44.657,2.04345,2.0439,2.10,2.70
2008.08.19 11:53:45.085,2.0434,2.0439,2.10,4.80
2008.08.19 11:53:47.059,2.0434,2.0439,3.90,2.10
2008.08.19 11:53:47.941,2.0435,2.0439,1.30,2.70
2008.08.19 11:53:48.146,2.0435,2.04395,1.70,3.90
2008.08.19 11:53:48.549,2.04345,2.04395,3.20,6.60
2008.08.19 11:53:48.754,2.04345,2.04395,2.10,6.60
2008.08.19 11:53:48.857,2.0435,2.04395,2.10,4.40
2008.08.19 11:53:49.156,2.0435,2.0439,2.10,2.70
2008.08.19 11:53:49.541,2.04345,2.04395,3.20,3.90
2008.08.19 11:53:50.125,2.04345,2.04395,2.10,3.90
2008.08.19 11:53:50.284,2.0434,2.04395,3.90,3.90
2008.08.19 11:53:50.621,2.0434,2.0439,3.20,2.70
2008.08.19 11:53:50.786,2.0435,2.0439,11.30,2.70
2008.08.19 11:53:50.949,2.0435,2.044,1.30,4.80
2008.08.19 11:53:51.409,2.0435,2.044,2.10,4.80
2008.08.19 11:53:51.703,2.0435,2.044,3.90,2.10
2008.08.19 11:53:52.009,2.04345,2.04395,3.20,2.10
2008.08.19 11:53:52.304,2.04345,2.04395,4.30,2.10
2008.08.19 11:53:52.517,2.04345,2.04395,6.00,2.10
2008.08.19 11:53:52.733,2.04345,2.04395,4.90,2.10
2008.08.19 11:53:52.954,2.04345,2.04395,2.10,3.90
2008.08.19 11:53:53.170,2.0435,2.0439,2.10,1.00
2008.08.19 11:53:53.589,2.0434,2.04395,3.90,5.90
2008.08.19 11:53:53.798,2.0435,2.0439,2.10,2.70
2008.08.19 11:53:54.006,2.0434,2.0439,4.50,2.70
2008.08.19 11:53:54.213,2.04345,2.04395,1.30,3.20
2008.08.19 11:53:54.421,2.0434,2.04395,6.30,3.20
2008.08.19 11:53:54.697,2.04345,2.0439,2.10,1.00
2008.08.19 11:53:56.205,2.04345,2.04395,2.10,3.70
2008.08.19 11:53:56.397,2.04345,2.0438,2.10,1.00
2008.08.19 11:53:56.810,2.0434,2.04385,2.10,2.70
2008.08.19 11:53:57.033,2.0434,2.04385,2.10,3.70
2008.08.19 11:53:57.254,2.0434,2.0438,3.90,1.00
2008.08.19 11:53:57.694,2.0434,2.0438,2.10,1.00
2008.08.19 11:53:57.953,2.04335,2.0438,6.30,1.00
2008.08.19 11:53:59.285,2.04335,2.0438,5.20,1.00
2008.08.19 11:53:59.875,2.0434,2.0438,1.70,1.00
2008.08.19 11:54:00.190,2.0434,2.04385,1.70,3.20
2008.08.19 11:54:00.494,2.04335,2.04385,2.10,5.90
2008.08.19 11:54:00.646,2.04335,2.04385,2.10,6.60
2008.08.19 11:54:00.797,2.04335,2.0437,2.10,1.00
2008.08.19 11:54:00.949,2.04335,2.04385,2.10,6.60
2008.08.19 11:54:01.102,2.04335,2.04385,3.90,3.20
2008.08.19 11:54:01.337,2.04335,2.0437,3.90,1.00
2008.08.19 11:54:01.573,2.0433,2.0437,2.10,1.00
2008.08.19 11:54:01.805,2.0433,2.0437,4.50,1.00
2008.08.19 11:54:02.039,2.0433,2.0437,3.20,1.00
2008.08.19 11:54:02.269,2.0433,2.0437,2.10,1.00
2008.08.19 11:54:04.737,2.0433,2.0437,3.20,1.00
2008.08.19 11:54:04.786,2.04335,2.0437,1.70,1.00
2008.08.19 11:54:05.242,2.0433,2.0437,3.20,1.00
2008.08.19 11:54:05.423,2.0433,2.04375,2.10,3.70
2008.08.19 11:54:05.589,2.0433,2.04375,2.10,1.70
2008.08.19 11:54:06.249,2.0433,2.04375,3.20,1.70
2008.08.19 11:54:06.417,2.0433,2.0437,3.20,1.00
2008.08.19 11:54:07.130,2.0433,2.0437,6.40,1.00
2008.08.19 11:54:07.337,2.04335,2.0437,2.10,1.00
2008.08.19 11:54:09.138,2.04335,2.0437,3.20,1.00
2008.08.19 11:54:09.242,2.04335,2.04385,3.20,3.70
2008.08.19 11:54:09.363,2.0434,2.04385,1.30,3.70
2008.08.19 11:54:09.544,2.04345,2.04385,4.50,2.70
2008.08.19 11:54:09.724,2.0436,2.04385,3.20,2.70
2008.08.19 11:54:09.902,2.04355,2.04385,1.00,2.70
2008.08.19 11:54:10.082,2.04345,2.0439,2.40,2.10
2008.08.19 11:54:10.262,2.0435,2.04405,3.50,3.70
2008.08.19 11:54:10.444,2.04365,2.04405,1.00,2.70
2008.08.19 11:54:10.612,2.04355,2.04415,3.20,8.10
2008.08.19 11:54:10.778,2.04365,2.04415,3.20,3.70
2008.08.19 11:54:10.950,2.04365,2.044,4.90,1.00
2008.08.19 11:54:11.117,2.04365,2.044,3.90,1.00
2008.08.19 11:54:11.446,2.04365,2.044,5.20,1.00
2008.08.19 11:54:11.609,2.04375,2.044,1.70,1.00
2008.08.19 11:54:11.848,2.0437,2.0441,3.90,1.00
2008.08.19 11:54:12.085,2.04375,2.0441,1.70,1.00
2008.08.19 11:54:12.326,2.04375,2.0441,3.90,1.00
2008.08.19 11:54:12.567,2.04375,2.0441,2.10,1.00
2008.08.19 11:54:12.782,2.0438,2.0441,1.70,1.00
2008.08.19 11:54:13.424,2.04375,2.0441,1.70,1.00
2008.08.19 11:54:13.801,2.04375,2.0441,3.90,1.00
2008.08.19 11:54:15.873,2.04375,2.0441,1.70,1.00
2008.08.19 11:54:18.016,2.0438,2.0442,1.70,1.00
2008.08.19 11:54:18.829,2.0438,2.04425,1.70,3.20
2008.08.19 11:54:19.739,2.0438,2.0442,1.70,1.00
2008.08.19 11:54:21.237,2.0438,2.0442,3.90,1.00
2008.08.19 11:54:21.537,2.04385,2.0442,2.10,1.00
2008.08.19 11:54:21.674,2.04385,2.04435,2.10,3.70
2008.08.19 11:54:22.855,2.04385,2.0443,2.10,2.70
2008.08.19 11:54:23.053,2.04385,2.0442,2.10,1.00
2008.08.19 11:54:23.446,2.04385,2.0442,2.10,2.70
2008.08.19 11:54:24.022,2.04385,2.04425,2.10,3.70
2008.08.19 11:54:25.285,2.0438,2.04425,2.10,3.70
2008.08.19 11:54:26.130,2.0438,2.0442,2.10,1.70
2008.08.19 11:54:26.205,2.0438,2.0441,2.10,1.00
2008.08.19 11:54:26.277,2.0438,2.04415,2.10,3.70
2008.08.19 11:54:26.425,2.0438,2.0441,2.10,1.00
2008.08.19 11:54:26.945,2.0438,2.04415,2.10,3.70
2008.08.19 11:54:27.666,2.04375,2.04415,2.10,3.70
2008.08.19 11:54:28.055,2.0437,2.04415,2.10,3.70
2008.08.19 11:54:28.425,2.0437,2.044,2.10,1.00
2008.08.19 11:54:28.979,2.0437,2.0439,2.10,1.00
2008.08.19 11:54:29.298,2.0437,2.044,2.10,2.70
2008.08.19 11:54:29.585,2.0437,2.044,2.10,1.00
2008.08.19 11:54:29.733,2.0437,2.04405,2.10,1.70
2008.08.19 11:54:30.025,2.04365,2.04405,2.10,1.70
2008.08.19 11:54:30.865,2.04365,2.044,2.10,1.70
2008.08.19 11:54:31.146,2.04365,2.0439,2.10,1.00
2008.08.19 11:54:32.249,2.0436,2.0439,2.10,1.00
2008.08.19 11:54:33.445,2.0436,2.044,2.10,2.70
2008.08.19 11:54:33.569,2.0436,2.0441,3.90,2.10
2008.08.19 11:54:33.945,2.0436,2.04415,3.90,5.90
2008.08.19 11:54:35.202,2.0436,2.04415,4.90,5.90
2008.08.19 11:54:37.097,2.0436,2.0441,4.90,1.70
2008.08.19 11:54:37.366,2.0436,2.044,4.90,1.00
2008.08.19 11:54:37.485,2.0436,2.044,3.90,1.00
2008.08.19 11:54:37.601,2.0436,2.044,2.10,1.00
2008.08.19 11:54:38.286,2.0436,2.04405,2.10,1.70
2008.08.19 11:54:39.057,2.0436,2.044,2.10,1.00
2008.08.19 11:54:39.763,2.0436,2.044,3.20,1.00
2008.08.19 11:54:40.094,2.0436,2.044,2.10,1.00
2008.08.19 11:54:40.373,2.0436,2.0441,2.10,2.70
2008.08.19 11:54:40.671,2.0436,2.04405,2.10,1.70
2008.08.19 11:54:40.944,2.0436,2.0439,2.10,1.00
2008.08.19 11:54:42.106,2.0436,2.04405,2.10,4.40
2008.08.19 11:54:42.637,2.0436,2.04405,2.10,1.70
2008.08.19 11:54:43.314,2.0436,2.044,2.10,1.70
2008.08.19 11:54:43.438,2.0436,2.0439,2.10,1.00
2008.08.19 11:54:46.309,2.0436,2.044,2.10,2.70
2008.08.19 11:54:46.413,2.0436,2.04405,2.10,3.70
2008.08.19 11:54:48.753,2.04355,2.04405,2.10,3.70
2008.08.19 11:54:49.486,2.04355,2.04405,2.10,4.40
2008.08.19 11:54:49.653,2.04355,2.0439,2.10,1.00
2008.08.19 11:54:50.325,2.0436,2.0439,2.10,1.00
2008.08.19 11:54:50.833,2.0436,2.044,3.90,1.00
2008.08.19 11:54:51.529,2.0436,2.044,2.10,1.00
2008.08.19 11:54:53.701,2.0436,2.04405,2.10,3.70
2008.08.19 11:54:54.278,2.04355,2.0439,2.10,1.00
2008.08.19 11:54:54.530,2.04355,2.0439,2.10,4.30
2008.08.19 11:54:55.309,2.04355,2.0439,2.10,1.00
2008.08.19 11:54:58.274,2.0436,2.0439,1.70,1.00
2008.08.19 11:54:59.861,2.04355,2.0439,2.10,1.00
2008.08.19 11:55:04.306,2.0435,2.0439,3.90,1.00
2008.08.19 11:55:04.418,2.0435,2.04385,3.90,2.10
2008.08.19 11:55:04.433,2.0435,2.0438,3.90,1.00
2008.08.19 11:55:04.449,2.0435,2.0438,3.90,1.70
2008.08.19 11:55:04.482,2.0435,2.0438,3.90,2.20
2008.08.19 11:55:04.555,2.0435,2.0438,2.10,2.20
2008.08.19 11:55:04.650,2.0435,2.0438,2.10,2.70
2008.08.19 11:55:04.996,2.0435,2.04385,2.10,3.70
2008.08.19 11:55:05.374,2.04355,2.0438,2.10,1.00
2008.08.19 11:55:05.671,2.0435,2.0438,2.10,1.70
2008.08.19 11:55:05.966,2.0435,2.04385,2.10,3.70
2008.08.19 11:55:06.264,2.0435,2.0438,2.10,1.00
2008.08.19 11:55:06.458,2.0435,2.0439,2.10,2.70
2008.08.19 11:55:06.849,2.0435,2.0438,2.10,1.00
2008.08.19 11:55:07.043,2.04345,2.0438,2.10,3.30
2008.08.19 11:55:07.517,2.0434,2.0438,2.10,3.30
2008.08.19 11:55:07.797,2.0434,2.04375,2.10,2.70
2008.08.19 11:55:09.909,2.04335,2.04375,2.10,2.70
2008.08.19 11:55:09.968,2.04335,2.04375,2.10,3.70
2008.08.19 11:55:10.217,2.04335,2.0437,2.10,2.70
2008.08.19 11:55:14.109,2.04335,2.04375,2.10,3.70
2008.08.19 11:55:15.451,2.04335,2.0437,2.10,1.00
2008.08.19 11:55:15.657,2.0433,2.0437,3.90,1.00
2008.08.19 11:55:16.213,2.0433,2.0437,2.10,1.00
2008.08.19 11:55:16.645,2.0433,2.04375,2.10,3.70
2008.08.19 11:55:17.221,2.0433,2.04365,2.10,1.70
2008.08.19 11:55:17.541,2.0432,2.04365,3.90,2.20
2008.08.19 11:55:17.862,2.0433,2.0437,2.10,3.20
2008.08.19 11:55:18.193,2.0433,2.0437,2.10,1.00
2008.08.19 11:55:18.337,2.0433,2.04375,2.10,3.70
2008.08.19 11:55:19.929,2.0433,2.0438,2.10,4.80
2008.08.19 11:55:20.045,2.0433,2.0438,2.10,2.70
2008.08.19 11:55:20.269,2.04335,2.0437,1.70,3.20
2008.08.19 11:55:20.658,2.04335,2.04385,1.70,3.90
2008.08.19 11:55:21.689,2.04335,2.04385,1.70,3.20
2008.08.19 11:55:22.716,2.04335,2.0438,3.90,2.10
2008.08.19 11:55:23.594,2.04335,2.04365,3.90,1.00
2008.08.19 11:55:23.897,2.0433,2.04365,2.10,1.00
2008.08.19 11:55:30.464,2.0433,2.0436,3.50,1.00
2008.08.19 11:55:30.692,2.04335,2.04375,2.10,3.70
2008.08.19 11:55:30.906,2.04335,2.0437,2.10,1.00
2008.08.19 11:55:31.134,2.04335,2.0438,2.10,2.70
2008.08.19 11:55:31.605,2.04335,2.04385,2.10,3.70
2008.08.19 11:55:31.761,2.04335,2.0438,3.90,2.10
2008.08.19 11:55:32.381,2.0434,2.0438,2.10,2.10
2008.08.19 11:55:34.206,2.0434,2.04385,2.10,3.70
2008.08.19 11:55:52.601,2.0434,2.0437,2.10,1.00
2008.08.19 11:55:57.057,2.0434,2.04385,2.10,3.70
2008.08.19 11:55:59.557,2.04345,2.04385,2.10,3.70
2008.08.19 11:56:00.326,2.04345,2.04385,2.10,4.40
2008.08.19 11:56:00.693,2.0434,2.04385,2.10,4.40
2008.08.19 11:56:00.889,2.0434,2.0437,2.10,1.00
2008.08.19 11:56:01.085,2.04335,2.0437,2.10,1.00
2008.08.19 11:56:01.477,2.04335,2.04375,2.10,3.70
2008.08.19 11:56:01.933,2.04335,2.0437,2.10,2.20
2008.08.19 11:56:02.193,2.04335,2.0436,2.10,1.00
2008.08.19 11:56:02.453,2.04335,2.0437,2.10,1.70
2008.08.19 11:56:02.713,2.04335,2.04375,2.10,3.70
2008.08.19 11:56:05.574,2.04345,2.04375,1.30,3.70
2008.08.19 11:56:05.818,2.04345,2.0438,3.10,2.10
2008.08.19 11:56:05.913,2.04345,2.0438,1.70,2.10
2008.08.19 11:56:05.933,2.04345,2.04395,1.70,3.20
2008.08.19 11:56:06.273,2.0434,2.0439,2.10,2.70
2008.08.19 11:56:06.517,2.0434,2.0439,7.50,2.70
2008.08.19 11:56:06.619,2.0434,2.0439,2.10,2.70
2008.08.19 11:56:07.049,2.0434,2.04395,5.20,5.90
2008.08.19 11:56:09.123,2.0434,2.04395,3.90,5.90
2008.08.19 11:56:09.546,2.0434,2.0439,2.10,2.70
2008.08.19 11:56:11.441,2.04345,2.0439,2.10,3.30
2008.08.19 11:56:11.984,2.0434,2.0438,2.10,1.00
2008.08.19 11:56:12.586,2.0434,2.04385,2.10,3.70
2008.08.19 11:56:15.911,2.0434,2.0437,2.10,1.00
2008.08.19 11:56:16.227,2.04335,2.04375,2.10,3.70
2008.08.19 11:56:18.297,2.04335,2.0437,2.10,1.00
2008.08.19 11:56:18.887,2.0433,2.0437,5.40,1.00
2008.08.19 11:56:19.314,2.0433,2.04375,5.40,3.70
2008.08.19 11:56:19.609,2.04345,2.04375,3.20,3.70
2008.08.19 11:56:19.769,2.04345,2.04375,4.30,2.70
2008.08.19 11:56:20.089,2.04345,2.04375,9.70,2.70
2008.08.19 11:56:20.410,2.0434,2.044,6.30,2.10
2008.08.19 11:56:21.205,2.04345,2.044,2.10,3.70
2008.08.19 11:56:21.418,2.0436,2.04395,1.00,2.70
2008.08.19 11:56:21.629,2.0435,2.04405,3.90,5.40
2008.08.19 11:56:21.813,2.0435,2.04405,3.90,3.20
2008.08.19 11:56:21.997,2.0435,2.044,2.10,2.70
2008.08.19 11:56:23.173,2.0435,2.0439,2.10,1.00
2008.08.19 11:56:23.433,2.0435,2.0438,2.10,1.00
2008.08.19 11:56:23.707,2.0435,2.0439,2.10,2.10
2008.08.19 11:56:23.782,2.0435,2.04385,2.10,2.70
2008.08.19 11:56:23.925,2.0436,2.04385,1.00,2.70
2008.08.19 11:56:24.069,2.0436,2.04385,2.10,2.70
2008.08.19 11:56:24.141,2.0435,2.04385,3.20,2.70
2008.08.19 11:56:24.429,2.0435,2.04385,2.10,2.70
2008.08.19 11:56:24.852,2.0435,2.044,2.10,8.10
2008.08.19 11:56:25.648,2.0435,2.0439,2.10,4.30
2008.08.19 11:56:27.623,2.0435,2.0439,2.10,1.00
2008.08.19 11:56:27.729,2.0435,2.04405,3.90,6.60
2008.08.19 11:56:28.294,2.0435,2.0439,3.90,1.00
2008.08.19 11:56:28.439,2.0435,2.0439,1.70,1.70
2008.08.19 11:56:28.873,2.04345,2.0439,2.10,1.70
2008.08.19 11:56:29.390,2.04345,2.04385,2.10,4.40
2008.08.19 11:56:32.629,2.04345,2.04385,2.10,3.70
2008.08.19 11:56:34.169,2.04345,2.04385,2.10,2.70
2008.08.19 11:56:34.225,2.04345,2.04385,3.50,2.70
2008.08.19 11:56:34.449,2.04345,2.0439,3.50,2.70
2008.08.19 11:56:34.505,2.04345,2.0439,4.50,2.70
2008.08.19 11:56:34.673,2.0435,2.0439,2.10,2.70
2008.08.19 11:56:35.782,2.0435,2.04405,3.90,6.60
2008.08.19 11:56:37.146,2.0435,2.044,2.10,2.70
2008.08.19 11:56:37.654,2.0435,2.0439,2.10,1.00
2008.08.19 11:56:38.162,2.0435,2.04395,2.10,1.70
2008.08.19 11:56:45.137,2.0435,2.044,2.10,2.70
2008.08.19 11:56:45.309,2.0435,2.04405,3.90,6.60
2008.08.19 11:56:46.932,2.0435,2.0439,3.90,1.00
2008.08.19 11:56:46.953,2.0435,2.0439,3.90,1.70
2008.08.19 11:56:47.080,2.0435,2.0439,2.10,1.70
2008.08.19 11:56:47.121,2.0435,2.0439,2.10,2.20
2008.08.19 11:56:47.166,2.0435,2.0439,2.10,1.00
2008.08.19 11:56:47.189,2.0435,2.04395,2.10,2.70
2008.08.19 11:56:47.393,2.0435,2.044,2.10,3.90
2008.08.19 11:56:47.415,2.0435,2.0439,2.10,1.00
2008.08.19 11:56:47.437,2.0435,2.0439,2.10,1.70
2008.08.19 11:56:47.977,2.04345,2.04385,2.10,1.70
2008.08.19 11:56:48.314,2.04345,2.04395,2.10,4.40
2008.08.19 11:56:48.650,2.04345,2.04385,2.10,1.60
2008.08.19 11:56:48.724,2.04345,2.0439,2.10,2.20
2008.08.19 11:56:50.906,2.04345,2.0439,2.10,3.90
2008.08.19 11:56:50.935,2.04345,2.0438,2.10,1.00
2008.08.19 11:56:50.979,2.04345,2.04385,2.10,3.70
2008.08.19 11:56:51.031,2.0434,2.04385,2.10,3.70
2008.08.19 11:56:51.488,2.0434,2.0437,2.10,3.20
2008.08.19 11:56:52.306,2.0434,2.04385,2.10,2.70
2008.08.19 11:56:52.635,2.0434,2.0439,2.10,3.30
2008.08.19 11:56:52.957,2.0434,2.04375,2.10,3.20
2008.08.19 11:56:53.132,2.0434,2.04395,2.10,2.70
2008.08.19 11:56:53.649,2.04345,2.04395,2.10,2.70
2008.08.19 11:56:55.479,2.04345,2.04385,2.10,3.70
2008.08.19 11:56:56.834,2.04345,2.0439,2.10,2.70
2008.08.19 11:56:57.255,2.04345,2.0439,4.50,2.70
2008.08.19 11:56:57.473,2.04345,2.0439,3.50,2.70
2008.08.19 11:56:57.689,2.04345,2.0439,2.10,2.70
2008.08.19 11:57:00.344,2.04345,2.0439,3.50,2.70
2008.08.19 11:57:00.593,2.04345,2.044,6.30,5.10
2008.08.19 11:57:01.513,2.04345,2.04395,2.10,3.70
2008.08.19 11:57:02.104,2.04345,2.0439,2.10,2.70
2008.08.19 11:57:02.308,2.04345,2.0439,3.50,2.70
2008.08.19 11:57:02.741,2.04345,2.044,6.30,5.10
2008.08.19 11:57:04.655,2.0436,2.044,1.60,5.10
2008.08.19 11:57:04.669,2.0436,2.044,1.30,5.10
2008.08.19 11:57:04.729,2.0436,2.044,1.30,2.90
2008.08.19 11:57:04.801,2.0436,2.044,4.50,2.90
2008.08.19 11:57:04.825,2.04365,2.0439,1.70,1.00
2008.08.19 11:57:06.565,2.04355,2.0439,3.90,1.00
2008.08.19 11:57:07.178,2.04355,2.0439,1.70,1.00
2008.08.19 11:57:07.360,2.0435,2.044,2.10,2.90
2008.08.19 11:57:10.791,2.0435,2.0439,3.90,1.00
2008.08.19 11:57:17.455,2.0435,2.0439,3.90,1.00
2008.08.19 11:57:18.625,2.0435,2.044,2.10,3.20
2008.08.19 11:57:18.849,2.0435,2.044,2.10,6.40
2008.08.19 11:57:22.887,2.0435,2.044,3.70,6.40
2008.08.19 11:57:23.150,2.04365,2.0439,1.70,3.70
2008.08.19 11:57:23.413,2.04365,2.0439,1.70,1.00
2008.08.19 11:57:25.064,2.04355,2.0439,5.40,1.00
2008.08.19 11:57:25.416,2.0436,2.0439,2.10,1.00
2008.08.19 11:57:27.516,2.0436,2.0439,3.50,1.00
2008.08.19 11:57:27.809,2.0436,2.0439,5.20,1.00
2008.08.19 11:57:28.113,2.04365,2.0439,1.70,1.00
2008.08.19 11:57:28.405,2.0436,2.0439,2.10,1.00
2008.08.19 11:57:29.453,2.0436,2.0439,3.50,1.00
2008.08.19 11:57:29.638,2.04365,2.0439,1.70,1.00
2008.08.19 11:57:30.196,2.0436,2.0439,2.10,1.00
2008.08.19 11:57:31.920,2.0436,2.0439,3.50,1.00
2008.08.19 11:57:32.065,2.04365,2.0439,1.70,1.00
2008.08.19 11:57:32.495,2.0436,2.0439,2.10,1.00
2008.08.19 11:57:33.871,2.04355,2.0439,1.70,1.00
2008.08.19 11:57:33.896,2.0435,2.0439,4.30,1.60
2008.08.19 11:57:36.394,2.04355,2.0439,2.10,1.60
2008.08.19 11:57:36.583,2.04355,2.0439,2.10,4.80
2008.08.19 11:57:37.841,2.04355,2.0439,7.50,3.70
2008.08.19 11:57:37.953,2.0436,2.0439,3.50,3.70
2008.08.19 11:57:38.066,2.04365,2.0439,1.70,1.00
2008.08.19 11:57:40.005,2.0436,2.0439,2.10,1.00
2008.08.19 11:57:48.210,2.0436,2.04385,2.10,3.30
2008.08.19 11:57:48.417,2.04355,2.04385,1.00,3.30
2008.08.19 11:57:48.617,2.0434,2.0438,6.30,1.60
2008.08.19 11:57:48.835,2.04345,2.0438,2.10,1.00
2008.08.19 11:57:49.176,2.04345,2.04385,2.10,2.70
2008.08.19 11:57:51.551,2.04345,2.0438,2.10,1.00
2008.08.19 11:57:54.616,2.04345,2.0438,2.10,1.60
2008.08.19 11:57:54.784,2.04345,2.0438,2.10,2.70
2008.08.19 11:57:55.868,2.04345,2.0439,2.10,3.20
2008.08.19 11:57:56.388,2.04345,2.0438,2.10,1.00
2008.08.19 11:58:00.019,2.04345,2.0438,3.90,1.00
2008.08.19 11:58:00.500,2.04345,2.0438,4.90,1.00
2008.08.19 11:58:11.253,2.04345,2.0438,6.00,1.00
2008.08.19 11:58:11.469,2.04345,2.0438,4.90,1.00
2008.08.19 11:58:14.088,2.0436,2.0438,1.00,1.00
2008.08.19 11:58:14.160,2.0436,2.0438,1.30,1.00
2008.08.19 11:58:14.376,2.04365,2.0438,1.00,1.00
2008.08.19 11:58:14.540,2.04355,2.0438,1.00,1.00
2008.08.19 11:58:14.704,2.04345,2.0438,10.30,1.00
2008.08.19 11:58:14.868,2.0436,2.0438,1.70,1.00
2008.08.19 11:58:15.222,2.04345,2.0438,1.70,1.00
2008.08.19 11:58:15.689,2.04345,2.0438,3.90,1.00
2008.08.19 11:58:16.431,2.0435,2.0438,1.70,1.00
2008.08.19 11:58:20.498,2.0435,2.0438,3.90,1.00
2008.08.19 11:58:34.162,2.0435,2.0438,1.70,1.00
2008.08.19 11:58:34.325,2.04345,2.0438,3.90,1.00
2008.08.19 11:58:34.681,2.0435,2.0438,2.10,1.00
2008.08.19 11:58:38.845,2.04345,2.0438,3.90,1.00
2008.08.19 11:58:39.679,2.04345,2.0438,2.10,1.00
2008.08.19 11:58:40.052,2.0434,2.0438,5.20,1.00
2008.08.19 11:58:40.064,2.0434,2.0438,3.90,1.00
2008.08.19 11:58:40.232,2.04345,2.0438,1.70,1.00
2008.08.19 11:58:40.339,2.0434,2.0438,5.20,1.00
2008.08.19 11:58:40.557,2.04345,2.0438,1.70,1.00
2008.08.19 11:58:40.841,2.04345,2.0438,1.70,1.60
2008.08.19 11:58:41.125,2.0434,2.0438,1.70,1.60
2008.08.19 11:58:41.401,2.0434,2.04385,1.70,3.20
2008.08.19 11:58:41.996,2.0434,2.0438,1.70,1.60
2008.08.19 11:58:42.075,2.04335,2.0438,3.90,1.60
2008.08.19 11:58:42.325,2.0434,2.0438,1.30,1.60
2008.08.19 11:58:42.488,2.0434,2.0439,1.30,5.40
2008.08.19 11:58:42.564,2.04345,2.0439,1.70,2.70
2008.08.19 11:58:42.716,2.04345,2.0438,1.70,1.60
2008.08.19 11:58:43.020,2.04345,2.0439,1.70,2.70
2008.08.19 11:58:45.441,2.04345,2.0438,1.70,1.00
2008.08.19 11:58:47.156,2.04345,2.0438,1.70,1.60
2008.08.19 11:58:47.494,2.0434,2.0438,2.10,1.60
2008.08.19 11:58:48.844,2.04335,2.0438,3.90,1.60
2008.08.19 11:58:53.461,2.04335,2.04385,2.10,3.70
2008.08.19 11:58:57.488,2.04335,2.04385,2.10,5.90
2008.08.19 11:58:59.161,2.04335,2.04385,2.10,3.70
2008.08.19 11:59:00.388,2.04335,2.0437,2.10,1.00
2008.08.19 11:59:00.651,2.0433,2.0437,2.10,3.30
2008.08.19 11:59:01.096,2.0433,2.04365,2.10,2.70
2008.08.19 11:59:01.629,2.0433,2.04365,5.40,2.70
2008.08.19 11:59:01.728,2.0433,2.0437,5.40,2.10
2008.08.19 11:59:01.828,2.0433,2.0438,5.40,4.80
2008.08.19 11:59:02.028,2.0433,2.0438,7.10,2.10
2008.08.19 11:59:02.640,2.0433,2.0438,7.10,2.80
2008.08.19 11:59:02.956,2.0433,2.0438,2.10,5.50
2008.08.19 11:59:03.273,2.0433,2.0438,2.10,4.80
2008.08.19 11:59:03.588,2.0433,2.04375,2.10,2.70
2008.08.19 11:59:03.968,2.0433,2.04375,5.40,2.70
2008.08.19 11:59:04.382,2.0433,2.04385,7.10,5.90
2008.08.19 11:59:04.849,2.0433,2.04385,3.90,5.90
2008.08.19 11:59:05.286,2.0433,2.0438,3.90,2.10
2008.08.19 11:59:07.044,2.0433,2.0438,2.10,4.80
2008.08.19 11:59:07.244,2.0433,2.0437,2.10,1.00
2008.08.19 11:59:07.466,2.0433,2.04375,2.10,3.70
2008.08.19 11:59:07.588,2.04325,2.04375,2.10,3.70
2008.08.19 11:59:07.688,2.04325,2.04375,3.20,2.70
2008.08.19 11:59:08.124,2.04325,2.04375,2.10,3.70
2008.08.19 11:59:08.797,2.04325,2.0437,2.10,2.70
2008.08.19 11:59:09.941,2.04325,2.04375,2.10,4.40
2008.08.19 11:59:10.044,2.0432,2.04375,2.10,4.40
2008.08.19 11:59:10.148,2.0432,2.04375,2.10,6.60
2008.08.19 11:59:10.357,2.0432,2.0437,2.10,2.70
2008.08.19 11:59:11.116,2.0432,2.0437,1.30,2.10
2008.08.19 11:59:11.356,2.04325,2.04375,2.10,3.70
2008.08.19 11:59:11.608,2.04325,2.0437,2.10,2.70
2008.08.19 11:59:11.972,2.04325,2.0437,3.90,1.00
2008.08.19 11:59:12.676,2.04325,2.04375,3.90,1.70
2008.08.19 11:59:12.949,2.04325,2.04365,1.70,2.20
2008.08.19 11:59:13.291,2.0432,2.04365,2.10,2.20
2008.08.19 11:59:13.634,2.04315,2.04365,3.20,3.30
2008.08.19 11:59:14.248,2.04315,2.0436,3.20,2.70
2008.08.19 11:59:15.449,2.0432,2.0436,1.30,2.70
2008.08.19 11:59:15.652,2.0432,2.0436,5.40,2.70
2008.08.19 11:59:15.857,2.0432,2.04365,1.00,5.50
2008.08.19 11:59:16.061,2.0431,2.04365,3.90,6.60
2008.08.19 11:59:16.364,2.0431,2.0436,2.10,2.70
2008.08.19 11:59:27.684,2.0432,2.0436,1.00,2.70
2008.08.19 11:59:27.741,2.0432,2.0436,3.70,2.70
2008.08.19 11:59:27.796,2.0432,2.0436,7.00,2.70
2008.08.19 11:59:27.852,2.0432,2.0436,5.90,2.70
2008.08.19 11:59:27.924,2.0432,2.04365,1.70,2.80
2008.08.19 11:59:28.068,2.0432,2.04365,3.10,2.10
2008.08.19 11:59:28.184,2.0432,2.04365,1.70,2.80
2008.08.19 11:59:28.526,2.0432,2.04365,1.00,5.50
2008.08.19 11:59:29.904,2.0432,2.0436,1.00,2.10
2008.08.19 11:59:30.500,2.04315,2.0436,2.80,2.10
2008.08.19 11:59:31.425,2.0432,2.0436,1.00,2.10
2008.08.19 11:59:32.880,2.0432,2.04355,1.00,2.10
2008.08.19 11:59:33.312,2.0432,2.0436,1.00,2.10
2008.08.19 11:59:35.649,2.0432,2.0436,4.30,2.10
2008.08.19 11:59:35.805,2.04315,2.0436,2.80,2.10
2008.08.19 11:59:35.960,2.04315,2.0437,2.80,5.50
2008.08.19 11:59:37.257,2.0432,2.04365,1.00,4.80
2008.08.19 11:59:39.893,2.0432,2.04365,1.00,2.10
2008.08.19 11:59:40.296,2.0432,2.04365,1.00,4.80
2008.08.19 11:59:44.859,2.0432,2.04365,1.00,4.40
2008.08.19 11:59:47.804,2.0432,2.04365,1.00,4.70
2008.08.19 11:59:48.905,2.04315,2.04365,3.60,2.10
2008.08.19 11:59:51.360,2.0432,2.04365,1.00,4.80
2008.08.19 11:59:51.963,2.04325,2.04365,1.30,2.10
2008.08.19 11:59:52.301,2.04315,2.04365,3.60,2.10
2008.08.19 11:59:53.484,2.04315,2.0436,3.60,2.10
2008.08.19 11:59:54.908,2.04315,2.0436,4.90,2.10
2008.08.19 11:59:57.037,2.0432,2.0436,2.50,2.10
2008.08.19 11:59:57.440,2.0432,2.04365,2.50,2.10
2008.08.19 11:59:57.687,2.04315,2.04365,7.90,2.10
2008.08.19 11:59:58.000,2.04315,2.0436,3.60,2.10
2008.08.19 11:59:58.284,2.0432,2.0436,4.30,2.10
