2015.01.12 06:00:00.146,1.79154,1.79171,1.87,1.00
2015.01.12 06:00:00.703,1.79154,1.79169,1.87,1.00
2015.01.12 06:00:00.805,1.79154,1.79169,1.10,1.15
2015.01.12 06:00:00.965,1.79149,1.79164,1.12,1.00
2015.01.12 06:00:01.016,1.79147,1.79164,1.12,1.10
2015.01.12 06:00:01.117,1.79147,1.79164,1.00,1.87
2015.01.12 06:00:02.416,1.79144,1.79161,1.87,1.00
2015.01.12 06:00:03.928,1.79144,1.79158,1.12,1.00
2015.01.12 06:00:06.601,1.79144,1.79158,1.12,1.52
2015.01.12 06:00:06.754,1.79137,1.79156,1.00,2.25
2015.01.12 06:00:06.805,1.79137,1.79156,1.00,1.10
2015.01.12 06:00:06.856,1.7914,1.79156,1.12,1.10
2015.01.12 06:00:07.163,1.7914,1.79151,1.12,1.00
2015.01.12 06:00:12.454,1.79138,1.79151,1.75,1.00
2015.01.12 06:00:15.586,1.79138,1.79154,1.75,1.00
2015.01.12 06:00:17.876,1.79136,1.79154,1.75,1.00
2015.01.12 06:00:24.914,1.79138,1.79154,1.75,1.00
2015.01.12 06:00:25.221,1.79141,1.79154,1.12,1.00
2015.01.12 06:00:30.239,1.79141,1.79159,1.12,1.09
2015.01.12 06:00:33.583,1.7914,1.79159,1.20,1.69
2015.01.12 06:00:38.442,1.79142,1.79159,1.12,1.00
2015.01.12 06:00:41.810,1.79147,1.79164,1.00,2.21
2015.01.12 06:00:41.962,1.79147,1.79164,1.10,1.54
2015.01.12 06:00:43.347,1.79147,1.79164,1.10,2.02
2015.01.12 06:00:44.033,1.79147,1.79164,1.10,1.35
2015.01.12 06:00:44.235,1.79147,1.79164,1.87,1.17
2015.01.12 06:00:44.364,1.79147,1.79164,1.00,1.27
2015.01.12 06:00:44.566,1.79147,1.79164,1.87,1.17
2015.01.12 06:00:45.331,1.79147,1.79164,1.87,1.15
2015.01.12 06:00:45.978,1.79147,1.79164,1.87,1.20
2015.01.12 06:00:46.537,1.79148,1.79164,1.75,1.00
2015.01.12 06:00:47.260,1.79148,1.79164,1.75,1.07
2015.01.12 06:00:47.766,1.79147,1.79164,1.87,1.07
2015.01.12 06:00:48.562,1.79147,1.79164,1.87,1.00
2015.01.12 06:00:48.765,1.79149,1.79164,1.12,1.00
2015.01.12 06:00:49.983,1.79149,1.79164,1.12,2.25
2015.01.12 06:00:50.085,1.79144,1.79161,1.20,1.27
2015.01.12 06:00:50.187,1.79144,1.79161,1.87,1.57
2015.01.12 06:00:50.491,1.79141,1.79155,1.12,1.00
2015.01.12 06:00:50.723,1.79141,1.7916,1.87,1.57
2015.01.12 06:00:50.774,1.79141,1.7916,1.87,1.00
2015.01.12 06:00:50.876,1.79145,1.7916,1.75,1.00
2015.01.12 06:00:51.281,1.79145,1.79163,1.75,1.00
2015.01.12 06:00:51.383,1.79147,1.79163,1.12,1.00
2015.01.12 06:01:07.377,1.79144,1.79163,2.02,1.00
2015.01.12 06:01:10.655,1.79144,1.79163,2.70,1.00
2015.01.12 06:01:14.463,1.79144,1.79163,2.02,1.00
2015.01.12 06:01:16.276,1.79146,1.79163,1.20,1.00
2015.01.12 06:01:17.892,1.79148,1.79163,1.52,1.00
2015.01.12 06:01:18.247,1.79147,1.79163,2.25,1.00
2015.01.12 06:01:18.450,1.79153,1.79168,1.17,1.12
2015.01.12 06:01:18.957,1.79153,1.79168,1.10,1.12
2015.01.12 06:01:19.464,1.79153,1.79172,1.17,2.06
2015.01.12 06:01:20.770,1.79153,1.79172,1.95,1.87
2015.01.12 06:01:24.904,1.79153,1.79172,1.17,1.87
2015.01.12 06:01:26.838,1.79153,1.79172,1.27,1.87
2015.01.12 06:01:27.048,1.79153,1.79172,1.65,1.87
2015.01.12 06:01:27.251,1.79162,1.79179,1.20,1.20
2015.01.12 06:01:27.302,1.79162,1.79179,1.65,1.20
2015.01.12 06:01:27.455,1.79164,1.79181,2.02,1.10
2015.01.12 06:01:27.506,1.79166,1.79181,1.20,1.00
2015.01.12 06:01:27.557,1.79174,1.79187,1.00,1.12
2015.01.12 06:01:27.608,1.79174,1.79189,1.20,1.12
2015.01.12 06:01:27.709,1.79174,1.79191,1.20,1.00
2015.01.12 06:01:27.912,1.79174,1.79192,1.27,1.00
2015.01.12 06:01:28.118,1.79173,1.79192,1.35,1.10
2015.01.12 06:01:28.371,1.79173,1.79192,2.02,1.10
2015.01.12 06:01:29.027,1.79174,1.79192,1.15,1.10
2015.01.12 06:01:29.330,1.79177,1.79197,1.65,1.87
2015.01.12 06:01:29.989,1.79177,1.79197,1.17,1.87
2015.01.12 06:01:30.040,1.79177,1.79197,1.65,1.87
2015.01.12 06:01:30.547,1.79177,1.79197,2.32,1.87
2015.01.12 06:01:31.459,1.79179,1.79199,1.35,1.20
2015.01.12 06:01:31.913,1.79184,1.792,1.00,1.12
2015.01.12 06:01:32.015,1.79184,1.79202,1.00,1.09
2015.01.12 06:01:34.842,1.79184,1.79199,1.00,1.12
2015.01.12 06:01:35.964,1.79184,1.792,1.00,1.12
2015.01.12 06:01:36.325,1.7918,1.792,1.95,1.87
2015.01.12 06:01:36.377,1.7918,1.79198,1.10,1.12
2015.01.12 06:01:36.480,1.7918,1.79195,1.00,1.12
2015.01.12 06:01:36.685,1.79173,1.79194,1.65,1.20
2015.01.12 06:01:36.837,1.79173,1.79192,1.00,1.75
2015.01.12 06:01:37.705,1.79173,1.79191,1.00,1.82
2015.01.12 06:01:38.249,1.79173,1.79193,1.00,3.07
2015.01.12 06:01:38.888,1.79173,1.79188,1.00,1.00
2015.01.12 06:01:39.107,1.79173,1.79193,1.00,3.07
2015.01.12 06:01:39.630,1.79173,1.79193,1.00,2.25
2015.01.12 06:01:40.035,1.79175,1.79192,1.12,1.00
2015.01.12 06:01:40.348,1.79173,1.79192,1.17,1.20
2015.01.12 06:01:40.692,1.79179,1.79193,1.00,1.12
2015.01.12 06:01:41.220,1.79181,1.79195,1.00,1.75
2015.01.12 06:01:41.473,1.79186,1.79205,1.27,1.10
2015.01.12 06:01:41.524,1.79188,1.79207,1.57,1.12
2015.01.12 06:01:41.575,1.79188,1.79209,2.02,1.12
2015.01.12 06:01:41.677,1.79188,1.79211,2.70,1.87
2015.01.12 06:01:42.188,1.79188,1.79211,2.70,1.12
2015.01.12 06:01:46.128,1.7919,1.79211,1.52,1.12
2015.01.12 06:01:46.432,1.79193,1.79211,1.65,1.10
2015.01.12 06:01:46.534,1.79195,1.79215,2.02,1.12
2015.01.12 06:01:50.887,1.79195,1.79214,1.17,1.75
2015.01.12 06:01:53.439,1.79195,1.79211,1.17,1.12
2015.01.12 06:01:53.541,1.79195,1.79214,1.17,1.75
2015.01.12 06:01:53.898,1.79195,1.7921,1.17,1.12
2015.01.12 06:01:54.236,1.79195,1.79212,1.17,1.12
2015.01.12 06:01:56.782,1.79195,1.79212,2.25,1.12
2015.01.12 06:01:57.086,1.79199,1.79218,1.15,1.94
2015.01.12 06:01:57.187,1.79199,1.79218,1.10,1.94
2015.01.12 06:01:57.713,1.79198,1.79219,2.40,1.20
2015.01.12 06:01:58.068,1.79201,1.79221,1.12,1.71
2015.01.12 06:01:58.379,1.79198,1.7922,3.37,1.31
2015.01.12 06:01:58.943,1.79199,1.7922,1.27,1.60
2015.01.12 06:01:59.510,1.79198,1.7922,3.45,1.60
2015.01.12 06:02:00.018,1.79198,1.7922,2.02,1.60
2015.01.12 06:02:00.272,1.79198,1.79216,1.10,1.12
2015.01.12 06:02:00.607,1.79198,1.79211,1.00,1.12
2015.01.12 06:02:00.809,1.79193,1.79211,1.50,1.12
2015.01.12 06:02:00.911,1.79188,1.79205,1.10,1.12
2015.01.12 06:02:01.012,1.79185,1.79204,1.20,1.25
2015.01.12 06:02:01.164,1.79185,1.792,1.00,1.75
2015.01.12 06:02:01.468,1.79187,1.79194,1.00,1.12
2015.01.12 06:02:04.612,1.7918,1.79194,1.10,1.12
2015.01.12 06:02:06.071,1.7918,1.79194,1.47,1.12
2015.01.12 06:02:06.673,1.7918,1.79194,1.10,1.12
2015.01.12 06:02:07.847,1.7918,1.79196,1.10,1.12
2015.01.12 06:02:08.051,1.7918,1.79198,1.20,1.12
2015.01.12 06:02:08.555,1.7918,1.79198,1.27,1.12
2015.01.12 06:02:12.766,1.7918,1.79198,1.25,1.12
2015.01.12 06:02:14.866,1.7918,1.79198,2.32,1.12
2015.01.12 06:02:14.967,1.79186,1.79198,1.00,1.12
2015.01.12 06:02:15.018,1.79186,1.792,1.00,1.12
2015.01.12 06:02:21.499,1.79186,1.79198,1.00,1.12
2015.01.12 06:02:21.956,1.79183,1.79198,1.17,1.12
2015.01.12 06:02:22.463,1.79183,1.79198,1.20,1.12
2015.01.12 06:02:26.991,1.79183,1.79201,1.20,1.12
2015.01.12 06:02:27.295,1.79188,1.79201,1.00,1.12
2015.01.12 06:02:27.800,1.79188,1.79201,1.00,1.12
2015.01.12 06:02:28.306,1.79188,1.79201,1.00,1.12
2015.01.12 06:02:29.059,1.79188,1.79199,1.00,1.12
2015.01.12 06:02:29.605,1.79188,1.79199,1.00,1.12
2015.01.12 06:02:30.179,1.79188,1.79198,1.00,1.75
2015.01.12 06:02:34.796,1.79188,1.79201,1.00,1.75
2015.01.12 06:02:37.446,1.79188,1.79203,1.00,1.75
2015.01.12 06:02:38.324,1.79188,1.792,1.00,1.12
2015.01.12 06:02:38.630,1.79188,1.79202,1.00,1.87
2015.01.12 06:02:47.425,1.79188,1.79202,1.00,1.12
2015.01.12 06:03:06.940,1.79188,1.79198,1.00,1.12
2015.01.12 06:03:08.556,1.79188,1.792,1.00,1.12
2015.01.12 06:03:08.860,1.79192,1.792,1.00,1.12
2015.01.12 06:03:08.912,1.79192,1.79206,2.25,1.12
2015.01.12 06:03:08.963,1.79192,1.79206,2.25,1.12
2015.01.12 06:03:09.014,1.79195,1.79209,1.50,1.12
2015.01.12 06:03:09.115,1.79195,1.79213,1.95,1.00
2015.01.12 06:03:09.166,1.79197,1.79213,1.17,1.00
2015.01.12 06:03:09.217,1.79199,1.79217,1.07,1.12
2015.01.12 06:03:09.764,1.79199,1.79219,1.20,1.87
2015.01.12 06:03:10.094,1.792,1.79217,1.45,1.00
2015.01.12 06:03:12.309,1.792,1.7922,1.45,2.89
2015.01.12 06:03:14.189,1.79199,1.79218,1.27,1.12
2015.01.12 06:03:15.206,1.792,1.79218,1.15,1.12
2015.01.12 06:03:15.510,1.79214,1.79229,1.82,1.00
2015.01.12 06:03:15.612,1.79215,1.79232,1.92,1.00
2015.01.12 06:03:15.713,1.79217,1.79234,1.25,1.00
2015.01.12 06:03:15.815,1.79217,1.79238,2.32,1.20
2015.01.12 06:03:15.917,1.79221,1.79241,1.55,1.12
2015.01.12 06:03:16.069,1.79221,1.79242,1.27,1.76
2015.01.12 06:03:16.373,1.7922,1.79241,1.27,1.12
2015.01.12 06:03:16.881,1.79221,1.79241,1.15,1.12
2015.01.12 06:03:17.197,1.79222,1.79237,1.12,1.00
2015.01.12 06:03:17.381,1.7922,1.79237,1.27,1.00
2015.01.12 06:03:18.142,1.7922,1.79239,1.27,1.01
2015.01.12 06:03:18.244,1.79217,1.79237,1.20,1.50
2015.01.12 06:03:18.346,1.79215,1.79232,1.15,1.12
2015.01.12 06:03:20.130,1.79213,1.79231,1.50,1.75
2015.01.12 06:03:20.334,1.7921,1.7923,1.15,1.12
2015.01.12 06:03:20.435,1.79209,1.79228,2.70,1.12
2015.01.12 06:03:21.324,1.79213,1.79228,1.50,1.12
2015.01.12 06:03:21.628,1.79208,1.79228,2.62,1.87
2015.01.12 06:03:22.706,1.79208,1.79228,1.20,1.31
2015.01.12 06:03:23.112,1.79204,1.79225,2.40,1.12
2015.01.12 06:03:23.623,1.79204,1.79223,1.57,1.75
2015.01.12 06:03:24.079,1.79204,1.79221,1.57,1.12
2015.01.12 06:03:24.838,1.79202,1.79218,1.20,1.12
2015.01.12 06:03:25.091,1.79202,1.79221,1.20,1.75
2015.01.12 06:03:26.399,1.79203,1.79223,1.27,1.12
2015.01.12 06:03:27.720,1.79202,1.79221,1.15,1.12
2015.01.12 06:03:28.272,1.79202,1.79223,1.57,1.75
2015.01.12 06:03:28.838,1.79203,1.79223,1.25,1.75
2015.01.12 06:03:29.349,1.79204,1.79225,1.90,1.20
2015.01.12 06:03:30.083,1.79204,1.79223,1.90,1.00
2015.01.12 06:03:30.134,1.79204,1.7922,1.75,2.25
2015.01.12 06:03:30.236,1.79198,1.7922,1.65,1.00
2015.01.12 06:03:30.338,1.79203,1.79219,1.12,1.00
2015.01.12 06:03:30.456,1.79203,1.79222,1.12,2.32
2015.01.12 06:03:30.509,1.792,1.79222,1.27,3.37
2015.01.12 06:03:30.813,1.79199,1.79218,1.15,1.12
2015.01.12 06:03:31.117,1.79199,1.79216,1.15,1.12
2015.01.12 06:03:32.507,1.79197,1.79216,1.27,1.12
2015.01.12 06:03:32.558,1.79194,1.79214,3.00,1.12
2015.01.12 06:03:32.861,1.79192,1.79213,2.89,1.75
2015.01.12 06:03:37.490,1.79192,1.79207,1.65,1.00
2015.01.12 06:03:37.795,1.79187,1.79203,1.12,1.71
2015.01.12 06:03:37.847,1.79182,1.79201,1.12,1.46
2015.01.12 06:03:37.948,1.79178,1.79197,1.20,1.20
2015.01.12 06:03:38.151,1.79176,1.79197,2.77,1.87
2015.01.12 06:03:38.475,1.79176,1.79197,2.77,1.12
2015.01.12 06:03:38.938,1.79178,1.79198,1.90,1.12
2015.01.12 06:03:41.038,1.79178,1.79198,2.32,1.12
2015.01.12 06:03:43.527,1.79179,1.79198,1.35,1.12
2015.01.12 06:03:43.831,1.79192,1.79209,1.20,1.12
2015.01.12 06:03:43.883,1.79192,1.79212,1.52,1.12
2015.01.12 06:03:44.396,1.79195,1.79213,1.15,1.87
2015.01.12 06:03:46.897,1.79194,1.79212,1.35,1.07
2015.01.12 06:03:46.948,1.79191,1.79208,1.87,1.00
2015.01.12 06:03:46.999,1.79189,1.79208,2.14,1.00
2015.01.12 06:03:47.202,1.7919,1.79208,1.27,1.00
2015.01.12 06:03:47.253,1.79192,1.79213,1.07,1.65
2015.01.12 06:03:48.077,1.79192,1.79213,1.72,1.20
2015.01.12 06:03:51.041,1.79192,1.79213,1.72,1.20
2015.01.12 06:03:55.539,1.79192,1.7921,1.20,1.12
2015.01.12 06:03:57.186,1.79192,1.79213,1.95,1.95
2015.01.12 06:03:57.844,1.79192,1.79211,1.25,1.12
2015.01.12 06:03:58.377,1.79192,1.79211,1.17,1.12
2015.01.12 06:03:59.595,1.79192,1.79211,1.10,1.50
2015.01.12 06:04:00.363,1.79192,1.79208,1.20,1.12
2015.01.12 06:04:00.465,1.79192,1.79211,1.15,1.75
2015.01.12 06:04:00.618,1.79194,1.79211,1.07,1.75
2015.01.12 06:04:00.821,1.79196,1.79214,1.27,1.12
2015.01.12 06:04:01.525,1.79196,1.79214,1.30,1.12
2015.01.12 06:04:02.934,1.79196,1.79214,1.17,1.12
2015.01.12 06:04:03.136,1.79198,1.79216,1.17,1.20
2015.01.12 06:04:03.238,1.79199,1.79218,2.62,1.57
2015.01.12 06:04:03.340,1.79201,1.79221,1.27,1.87
2015.01.12 06:04:03.442,1.79202,1.79221,1.55,1.20
2015.01.12 06:04:07.322,1.79204,1.79225,1.87,2.02
2015.01.12 06:04:10.835,1.79207,1.79225,1.12,1.10
2015.01.12 06:04:11.597,1.7921,1.79227,1.00,1.12
2015.01.12 06:04:12.714,1.7921,1.79229,1.20,1.45
2015.01.12 06:04:14.384,1.7921,1.79229,2.02,1.12
2015.01.12 06:04:14.688,1.79216,1.79233,1.82,1.12
2015.01.12 06:04:14.790,1.79216,1.79235,1.82,1.12
2015.01.12 06:04:15.193,1.79216,1.79235,1.15,1.12
2015.01.12 06:04:18.219,1.79215,1.79234,1.27,1.57
2015.01.12 06:04:18.422,1.79215,1.79229,1.17,1.12
2015.01.12 06:04:18.523,1.79212,1.79231,1.52,1.20
2015.01.12 06:04:19.035,1.79211,1.79231,1.35,2.25
2015.01.12 06:04:19.783,1.79211,1.79231,1.27,2.25
2015.01.12 06:04:19.952,1.79211,1.79228,1.07,1.12
2015.01.12 06:04:20.677,1.79211,1.79228,1.10,1.12
2015.01.12 06:04:22.593,1.79211,1.79226,1.00,1.12
2015.01.12 06:04:25.544,1.79211,1.79227,1.10,1.12
2015.01.12 06:04:26.052,1.79211,1.79228,1.10,1.87
2015.01.12 06:04:32.167,1.79211,1.79229,1.20,1.12
2015.01.12 06:04:32.420,1.79211,1.79229,2.32,1.12
2015.01.12 06:04:32.725,1.79217,1.79234,1.50,1.12
2015.01.12 06:04:32.826,1.79219,1.79238,1.27,2.25
2015.01.12 06:04:33.337,1.7922,1.79239,1.35,1.12
2015.01.12 06:04:34.841,1.79221,1.79239,1.82,1.12
2015.01.12 06:04:35.451,1.79225,1.79239,1.15,1.12
2015.01.12 06:04:35.958,1.79225,1.79239,2.25,1.12
2015.01.12 06:04:36.262,1.79229,1.79244,2.25,1.12
2015.01.12 06:04:36.464,1.79229,1.79246,2.25,1.75
2015.01.12 06:04:36.768,1.79229,1.79248,2.25,1.75
2015.01.12 06:04:37.022,1.79232,1.79252,1.27,1.50
2015.01.12 06:04:37.225,1.79234,1.79255,1.52,1.75
2015.01.12 06:04:37.327,1.79234,1.79255,1.27,1.75
2015.01.12 06:04:38.033,1.79234,1.79255,2.32,1.75
2015.01.12 06:04:38.338,1.79239,1.7926,1.27,1.75
2015.01.12 06:04:38.642,1.79241,1.79262,1.67,1.31
2015.01.12 06:04:38.946,1.79242,1.79262,1.52,1.31
2015.01.12 06:04:39.250,1.79241,1.79262,1.65,1.31
2015.01.12 06:04:39.554,1.79243,1.79263,1.27,1.12
2015.01.12 06:04:43.363,1.79243,1.79262,1.12,1.27
2015.01.12 06:04:43.716,1.79241,1.79262,1.39,2.27
2015.01.12 06:04:44.434,1.79241,1.79261,1.47,2.40
2015.01.12 06:04:44.640,1.7924,1.79258,1.12,1.57
2015.01.12 06:04:44.691,1.79238,1.79258,1.12,1.95
2015.01.12 06:04:44.945,1.79237,1.79258,1.47,2.70
2015.01.12 06:04:46.981,1.79237,1.79251,1.47,1.00
2015.01.12 06:04:47.235,1.79233,1.79251,1.12,1.57
2015.01.12 06:04:47.286,1.79233,1.79248,1.12,1.00
2015.01.12 06:04:47.337,1.79228,1.79248,1.12,1.27
2015.01.12 06:04:47.388,1.79228,1.79241,1.12,1.00
2015.01.12 06:04:47.439,1.79219,1.79241,1.12,1.10
2015.01.12 06:04:47.591,1.7922,1.79241,1.12,1.76
2015.01.12 06:04:47.915,1.79218,1.79237,1.12,1.10
2015.01.12 06:04:48.582,1.79219,1.7924,1.20,1.20
2015.01.12 06:04:48.683,1.79218,1.79235,1.50,1.00
2015.01.12 06:04:48.785,1.79222,1.79235,1.12,1.00
2015.01.12 06:04:48.887,1.79216,1.79235,1.12,1.57
2015.01.12 06:04:48.988,1.79211,1.79231,1.12,1.12
2015.01.12 06:04:50.423,1.79209,1.7923,1.20,1.75
2015.01.12 06:04:50.986,1.79209,1.7923,1.20,1.75
2015.01.12 06:04:51.290,1.79217,1.79237,1.85,1.39
2015.01.12 06:04:51.442,1.79219,1.79237,1.75,1.25
2015.01.12 06:04:51.849,1.79221,1.79237,1.12,1.25
2015.01.12 06:04:52.356,1.79222,1.79237,1.75,1.00
2015.01.12 06:04:52.407,1.79222,1.79244,1.87,1.75
2015.01.12 06:04:52.509,1.79224,1.79246,2.77,1.87
2015.01.12 06:04:52.610,1.79227,1.79248,1.07,1.12
2015.01.12 06:04:52.713,1.79233,1.7925,1.12,1.00
2015.01.12 06:04:52.865,1.79231,1.7925,1.12,1.20
2015.01.12 06:04:56.368,1.79228,1.7925,1.31,1.87
2015.01.12 06:04:56.575,1.79227,1.79248,1.01,1.75
2015.01.12 06:04:57.677,1.79225,1.79245,1.70,1.12
2015.01.12 06:04:58.658,1.79224,1.79238,1.07,1.12
2015.01.12 06:04:59.318,1.79224,1.79241,1.17,1.12
2015.01.12 06:04:59.572,1.79224,1.79244,1.27,1.12
2015.01.12 06:04:59.623,1.79224,1.79244,1.10,1.12
2015.01.12 06:04:59.775,1.79225,1.79245,1.12,1.12
2015.01.12 06:05:00.332,1.79222,1.79241,1.91,1.12
2015.01.12 06:05:00.839,1.79222,1.79241,1.20,1.12
2015.01.12 06:05:01.142,1.79222,1.7924,1.00,1.12
2015.01.12 06:05:01.295,1.79216,1.79236,1.20,1.12
2015.01.12 06:05:01.447,1.79216,1.79233,1.00,1.12
2015.01.12 06:05:01.751,1.79216,1.79231,1.00,1.12
2015.01.12 06:05:01.855,1.79213,1.79231,1.17,1.12
2015.01.12 06:05:02.416,1.79213,1.79231,1.00,1.12
2015.01.12 06:05:08.024,1.79213,1.79233,1.12,1.12
2015.01.12 06:05:08.682,1.79213,1.79231,1.00,1.12
2015.01.12 06:05:08.783,1.79209,1.7923,1.52,1.20
2015.01.12 06:05:12.343,1.79208,1.79229,1.95,1.12
2015.01.12 06:05:15.394,1.7921,1.7923,1.12,1.87
2015.01.12 06:05:16.163,1.79212,1.7923,1.12,1.10
2015.01.12 06:05:16.468,1.79215,1.7923,1.12,1.00
2015.01.12 06:05:16.518,1.79211,1.7923,1.75,1.00
2015.01.12 06:05:18.596,1.79214,1.7923,1.12,1.00
2015.01.12 06:05:20.438,1.79214,1.79233,1.12,1.27
2015.01.12 06:05:20.692,1.79217,1.79236,1.75,1.10
2015.01.12 06:05:20.894,1.7922,1.79239,1.75,1.00
2015.01.12 06:05:22.329,1.79219,1.79239,1.20,1.20
2015.01.12 06:05:22.431,1.79219,1.79238,1.10,1.20
2015.01.12 06:05:22.533,1.79215,1.79236,1.20,1.20
2015.01.12 06:05:22.635,1.79213,1.79232,1.00,1.12
2015.01.12 06:05:22.838,1.7921,1.7923,1.20,2.25
2015.01.12 06:05:22.906,1.7921,1.79226,1.00,1.12
2015.01.12 06:05:22.957,1.79206,1.79226,1.10,2.06
2015.01.12 06:05:23.009,1.79206,1.79224,1.00,1.60
2015.01.12 06:05:23.313,1.79206,1.7922,1.00,1.12
2015.01.12 06:05:23.416,1.79198,1.79219,1.95,1.95
2015.01.12 06:05:26.287,1.79199,1.79219,1.87,1.20
2015.01.12 06:05:27.122,1.79202,1.79221,1.00,1.75
2015.01.12 06:05:28.609,1.79202,1.79223,2.25,1.50
2015.01.12 06:05:30.136,1.79202,1.79222,1.20,1.12
2015.01.12 06:05:35.539,1.79202,1.79223,1.87,1.20
2015.01.12 06:05:35.640,1.79202,1.7922,1.10,1.12
2015.01.12 06:05:40.468,1.79202,1.79223,1.57,2.06
2015.01.12 06:05:44.425,1.79202,1.7922,1.10,1.12
2015.01.12 06:05:44.987,1.792,1.7922,1.95,2.25
2015.01.12 06:05:45.190,1.792,1.79216,1.00,1.07
2015.01.12 06:05:46.000,1.79197,1.79214,1.12,1.00
2015.01.12 06:05:46.203,1.79195,1.79214,1.12,1.20
2015.01.12 06:05:47.466,1.79195,1.79214,1.50,1.20
2015.01.12 06:05:47.618,1.79199,1.79219,2.25,1.66
2015.01.12 06:05:49.145,1.79202,1.79219,1.12,1.37
2015.01.12 06:05:49.297,1.79199,1.79219,2.25,1.47
2015.01.12 06:05:50.686,1.79199,1.79218,1.20,1.12
2015.01.12 06:05:51.590,1.792,1.79219,1.50,1.57
2015.01.12 06:05:51.896,1.79199,1.79219,1.47,2.25
2015.01.12 06:05:52.664,1.792,1.79219,1.45,1.57
2015.01.12 06:05:54.458,1.79199,1.79216,1.10,1.07
2015.01.12 06:05:56.872,1.79199,1.79216,1.00,1.50
2015.01.12 06:05:57.509,1.79199,1.79216,1.10,1.07
2015.01.12 06:05:59.190,1.79199,1.79219,1.87,1.87
2015.01.12 06:06:00.809,1.792,1.79219,1.12,1.10
2015.01.12 06:06:01.123,1.79203,1.79223,1.87,2.06
2015.01.12 06:06:01.814,1.79203,1.79221,1.10,1.12
2015.01.12 06:06:02.356,1.79203,1.7922,1.00,1.75
2015.01.12 06:06:09.141,1.79203,1.79221,1.10,1.12
2015.01.12 06:06:14.998,1.79203,1.79223,1.87,1.95
2015.01.12 06:06:19.309,1.79203,1.79222,1.57,1.12
2015.01.12 06:06:20.914,1.79206,1.79222,1.00,1.12
2015.01.12 06:06:21.066,1.79206,1.79224,1.00,1.12
2015.01.12 06:06:24.909,1.79205,1.79224,1.12,1.20
2015.01.12 06:06:25.365,1.79207,1.79225,1.47,1.12
2015.01.12 06:06:25.570,1.79214,1.79233,1.87,1.00
2015.01.12 06:06:25.672,1.79219,1.79236,1.12,1.00
2015.01.12 06:06:25.926,1.79221,1.79239,1.50,1.10
2015.01.12 06:06:26.027,1.79223,1.79242,1.57,1.00
2015.01.12 06:06:26.129,1.79226,1.79242,1.75,1.00
2015.01.12 06:06:26.643,1.79229,1.79246,1.00,1.12
2015.01.12 06:06:27.200,1.79224,1.79244,2.25,1.12
2015.01.12 06:06:27.251,1.79224,1.79241,1.12,1.75
2015.01.12 06:06:27.555,1.79224,1.79244,1.87,1.87
2015.01.12 06:06:28.209,1.79225,1.79244,1.75,1.00
2015.01.12 06:06:29.183,1.79224,1.79244,1.20,1.20
2015.01.12 06:06:30.185,1.79225,1.79244,1.12,1.10
2015.01.12 06:06:30.844,1.79225,1.79244,1.12,1.20
2015.01.12 06:06:31.307,1.79224,1.79243,1.10,1.12
2015.01.12 06:06:32.263,1.79221,1.7924,1.75,1.85
2015.01.12 06:06:32.314,1.79221,1.79238,1.00,1.12
2015.01.12 06:06:33.171,1.79221,1.79238,1.37,1.12
2015.01.12 06:06:33.374,1.79229,1.79247,1.12,1.00
2015.01.12 06:06:33.425,1.79229,1.79249,1.12,1.00
2015.01.12 06:06:33.476,1.79228,1.79244,1.00,1.12
2015.01.12 06:06:33.680,1.79225,1.79243,1.00,1.12
2015.01.12 06:06:33.731,1.79225,1.79244,1.20,1.50
2015.01.12 06:06:33.934,1.79225,1.79243,1.00,1.75
2015.01.12 06:06:34.258,1.79225,1.79244,1.87,1.20
2015.01.12 06:06:35.127,1.79225,1.79241,1.12,1.00
2015.01.12 06:06:35.380,1.79222,1.79241,1.12,1.00
2015.01.12 06:06:35.432,1.79222,1.79241,1.12,1.07
2015.01.12 06:06:35.584,1.79219,1.79239,1.87,1.45
2015.01.12 06:06:36.106,1.79219,1.79236,1.12,1.00
2015.01.12 06:06:36.157,1.79216,1.79236,1.75,1.20
2015.01.12 06:06:37.225,1.79214,1.79236,2.25,2.25
2015.01.12 06:06:37.537,1.79212,1.79232,1.31,1.12
2015.01.12 06:06:38.752,1.79212,1.79232,1.12,1.00
2015.01.12 06:06:39.243,1.79212,1.79232,1.12,1.87
2015.01.12 06:06:39.656,1.79213,1.79232,1.75,1.00
2015.01.12 06:06:42.306,1.79216,1.79232,1.75,1.00
2015.01.12 06:06:42.762,1.79213,1.79232,1.12,1.00
2015.01.12 06:06:44.687,1.79215,1.79235,1.10,2.02
2015.01.12 06:06:45.255,1.79213,1.79232,1.12,1.00
2015.01.12 06:06:45.357,1.7921,1.79232,2.06,1.87
2015.01.12 06:06:45.661,1.79212,1.79232,1.12,1.12
2015.01.12 06:06:46.015,1.7921,1.79231,1.50,1.75
2015.01.12 06:06:48.669,1.7921,1.79231,1.69,1.75
2015.01.12 06:06:51.186,1.7921,1.79231,1.69,1.75
2015.01.12 06:06:52.201,1.7921,1.79231,1.69,1.75
2015.01.12 06:06:54.194,1.7921,1.7923,1.69,1.45
2015.01.12 06:06:54.396,1.79208,1.79228,1.31,2.25
2015.01.12 06:06:54.750,1.79207,1.79227,1.31,1.12
2015.01.12 06:06:55.054,1.79205,1.79222,1.87,1.00
2015.01.12 06:06:55.156,1.79198,1.79219,1.57,1.87
2015.01.12 06:06:55.258,1.79198,1.79215,1.00,1.85
2015.01.12 06:06:55.360,1.79195,1.79215,1.20,1.85
2015.01.12 06:06:55.411,1.79195,1.79212,1.00,1.12
2015.01.12 06:06:55.716,1.79188,1.79207,1.54,1.12
2015.01.12 06:06:56.249,1.79188,1.79207,1.27,1.12
2015.01.12 06:06:56.402,1.79188,1.79208,2.32,1.20
2015.01.12 06:06:56.504,1.7919,1.79208,1.75,1.00
2015.01.12 06:06:56.911,1.79196,1.79212,1.10,1.75
2015.01.12 06:06:57.013,1.79196,1.79216,1.37,1.75
2015.01.12 06:06:57.165,1.79199,1.79217,1.12,1.10
2015.01.12 06:06:57.671,1.792,1.79217,1.12,1.00
2015.01.12 06:06:57.823,1.79198,1.79217,1.12,1.20
2015.01.12 06:06:58.026,1.792,1.79217,1.12,1.00
2015.01.12 06:06:58.532,1.79201,1.79217,1.20,1.00
2015.01.12 06:06:58.685,1.79206,1.79225,1.20,1.10
2015.01.12 06:06:58.786,1.79208,1.79225,1.12,1.00
2015.01.12 06:06:59.141,1.79209,1.79229,1.75,1.20
2015.01.12 06:06:59.344,1.79213,1.79229,1.12,1.00
2015.01.12 06:06:59.446,1.7921,1.79229,1.75,1.00
2015.01.12 06:07:00.318,1.79212,1.79229,1.75,1.00
2015.01.12 06:07:02.003,1.79209,1.79229,1.75,1.20
2015.01.12 06:07:02.306,1.79212,1.79231,1.95,1.20
2015.01.12 06:07:02.560,1.79209,1.79228,1.00,1.12
2015.01.12 06:07:02.733,1.79209,1.79226,1.00,1.75
2015.01.12 06:07:03.416,1.79203,1.79223,1.65,1.00
2015.01.12 06:07:03.518,1.79203,1.79219,1.00,1.12
2015.01.12 06:07:03.620,1.79201,1.79219,1.00,1.12
2015.01.12 06:07:04.155,1.79196,1.79217,1.00,1.12
2015.01.12 06:07:04.410,1.79196,1.79213,1.00,1.12
2015.01.12 06:07:04.663,1.79193,1.79213,1.76,1.12
2015.01.12 06:07:04.917,1.7919,1.79211,1.10,1.12
2015.01.12 06:07:05.070,1.79188,1.79208,1.50,1.12
2015.01.12 06:07:05.379,1.79187,1.79205,1.47,1.12
2015.01.12 06:07:05.481,1.79187,1.79205,1.10,1.12
2015.01.12 06:07:05.837,1.79187,1.79207,2.06,1.12
2015.01.12 06:07:06.141,1.79193,1.79213,1.87,1.12
2015.01.12 06:07:06.451,1.79195,1.79215,1.12,1.12
2015.01.12 06:07:10.943,1.79195,1.79211,1.12,1.12
2015.01.12 06:07:11.095,1.79189,1.79207,2.00,1.00
2015.01.12 06:07:11.402,1.79192,1.79211,1.00,1.87
2015.01.12 06:07:11.454,1.79192,1.79211,1.50,1.20
2015.01.12 06:07:12.222,1.79192,1.79211,1.95,1.20
2015.01.12 06:07:12.830,1.79197,1.79213,1.00,1.75
2015.01.12 06:07:14.716,1.79192,1.79213,1.57,1.75
2015.01.12 06:07:14.969,1.79192,1.7921,1.20,1.12
2015.01.12 06:07:15.273,1.79192,1.79208,1.10,1.12
2015.01.12 06:07:15.425,1.79192,1.7921,1.20,1.12
2015.01.12 06:07:15.858,1.79189,1.79208,1.27,1.12
2015.01.12 06:07:18.681,1.79189,1.79207,1.10,1.75
2015.01.12 06:07:19.137,1.79189,1.79205,1.00,1.12
2015.01.12 06:07:23.191,1.79189,1.79206,1.00,1.69
2015.01.12 06:07:23.704,1.79189,1.79206,1.00,1.31
2015.01.12 06:07:29.064,1.79189,1.79205,1.00,1.75
2015.01.12 06:07:30.228,1.79183,1.79201,1.75,1.00
2015.01.12 06:07:30.381,1.79181,1.79201,2.32,1.20
2015.01.12 06:07:30.482,1.79181,1.792,1.27,1.12
2015.01.12 06:07:30.791,1.79182,1.79201,1.12,1.20
2015.01.12 06:07:31.994,1.79181,1.79201,1.30,2.25
2015.01.12 06:07:32.552,1.79181,1.79198,1.10,1.75
2015.01.12 06:07:34.312,1.79181,1.79201,1.20,1.87
2015.01.12 06:07:35.340,1.79181,1.79198,1.00,1.12
2015.01.12 06:07:35.543,1.79181,1.79201,1.12,1.87
2015.01.12 06:07:35.646,1.79177,1.79198,1.46,1.57
2015.01.12 06:07:36.064,1.79176,1.79197,1.84,1.75
2015.01.12 06:07:37.282,1.79178,1.79198,1.45,1.87
2015.01.12 06:07:37.384,1.79176,1.79197,1.35,1.12
2015.01.12 06:07:38.275,1.79176,1.79193,1.15,1.12
2015.01.12 06:07:39.300,1.79176,1.79196,1.25,1.12
2015.01.12 06:07:39.806,1.79181,1.79196,1.10,1.12
2015.01.12 06:07:40.059,1.79181,1.79198,1.10,1.75
2015.01.12 06:07:41.588,1.79181,1.792,1.27,1.87
2015.01.12 06:07:41.791,1.79183,1.79203,1.87,1.87
2015.01.12 06:07:44.896,1.79183,1.79202,1.10,1.12
2015.01.12 06:07:47.612,1.79183,1.79203,1.20,1.87
2015.01.12 06:07:47.663,1.79183,1.79203,1.87,1.87
2015.01.12 06:07:53.220,1.79183,1.79202,1.10,1.87
2015.01.12 06:07:55.432,1.79183,1.79199,1.00,1.12
2015.01.12 06:07:56.301,1.79183,1.79197,1.00,1.12
2015.01.12 06:08:02.639,1.79179,1.79197,1.00,1.12
2015.01.12 06:08:08.629,1.79179,1.79199,1.10,1.87
2015.01.12 06:08:09.956,1.79179,1.79199,1.29,1.87
2015.01.12 06:08:11.686,1.79179,1.79199,1.29,1.87
2015.01.12 06:08:12.780,1.79179,1.79199,1.29,1.87
2015.01.12 06:08:13.763,1.79179,1.79199,1.29,1.87
2015.01.12 06:08:16.792,1.79179,1.79199,1.29,1.87
2015.01.12 06:08:17.757,1.79179,1.79199,1.29,1.87
2015.01.12 06:08:19.060,1.79179,1.79199,1.29,1.87
2015.01.12 06:08:19.792,1.79179,1.79199,1.29,2.25
2015.01.12 06:08:21.765,1.79179,1.79199,1.29,2.25
2015.01.12 06:08:22.781,1.79179,1.79199,1.29,2.25
2015.01.12 06:08:30.827,1.79179,1.79199,1.29,2.25
2015.01.12 06:08:31.422,1.7918,1.79199,1.31,1.00
2015.01.12 06:08:31.725,1.79179,1.79199,2.06,1.87
2015.01.12 06:08:31.877,1.7918,1.79199,2.04,1.00
2015.01.12 06:08:32.029,1.7918,1.79199,2.04,1.00
2015.01.12 06:08:32.333,1.79182,1.79199,1.26,1.75
2015.01.12 06:08:32.384,1.79183,1.79203,1.09,1.20
2015.01.12 06:08:32.788,1.79185,1.79204,1.01,1.50
2015.01.12 06:08:35.839,1.79185,1.79204,1.01,1.50
2015.01.12 06:08:36.385,1.79185,1.79204,1.01,1.50
2015.01.12 06:08:37.293,1.79183,1.79203,1.09,1.20
2015.01.12 06:08:38.312,1.79183,1.79203,1.09,1.20
2015.01.12 06:08:43.491,1.79182,1.79201,1.46,1.50
2015.01.12 06:08:44.155,1.79182,1.79201,1.46,1.50
2015.01.12 06:08:44.909,1.79182,1.79201,1.46,1.50
2015.01.12 06:08:53.922,1.79182,1.79199,1.19,1.50
2015.01.12 06:08:54.693,1.79182,1.79199,1.19,1.12
2015.01.12 06:08:58.330,1.79182,1.79199,1.19,1.12
2015.01.12 06:08:58.587,1.79182,1.79203,1.39,1.90
2015.01.12 06:08:59.474,1.79182,1.79203,1.39,1.90
2015.01.12 06:09:00.433,1.79182,1.79203,1.39,1.90
2015.01.12 06:09:01.473,1.79182,1.79203,1.39,1.90
2015.01.12 06:09:05.474,1.79182,1.79203,1.39,1.90
2015.01.12 06:09:08.100,1.79182,1.79203,1.39,1.45
2015.01.12 06:09:08.363,1.79182,1.79203,1.39,1.82
2015.01.12 06:09:09.501,1.79185,1.79202,1.19,1.57
2015.01.12 06:09:15.484,1.79185,1.79202,1.29,1.50
2015.01.12 06:09:15.586,1.79185,1.79202,1.29,1.50
2015.01.12 06:09:15.739,1.79185,1.79202,2.06,1.37
2015.01.12 06:09:16.355,1.79187,1.79204,1.19,2.25
2015.01.12 06:09:16.406,1.79187,1.79204,1.39,1.10
2015.01.12 06:09:16.508,1.79187,1.79204,2.89,1.00
2015.01.12 06:09:16.559,1.79191,1.79208,1.19,1.20
2015.01.12 06:09:16.711,1.79194,1.79211,1.39,1.10
2015.01.12 06:09:16.864,1.79199,1.79213,1.00,1.12
2015.01.12 06:09:16.965,1.79199,1.79216,1.00,1.87
2015.01.12 06:09:17.067,1.79199,1.79216,1.00,1.20
2015.01.12 06:09:17.376,1.79196,1.79215,1.39,1.12
2015.01.12 06:09:17.710,1.79196,1.79215,1.39,1.12
2015.01.12 06:09:18.471,1.79196,1.79215,1.39,1.12
2015.01.12 06:09:19.521,1.79196,1.79215,1.39,1.12
2015.01.12 06:09:20.138,1.79198,1.79218,1.56,2.25
2015.01.12 06:09:20.241,1.79201,1.79221,1.31,1.10
2015.01.12 06:09:20.495,1.79201,1.79221,1.31,1.10
2015.01.12 06:09:20.799,1.79199,1.79219,1.39,1.75
2015.01.12 06:09:21.014,1.79199,1.79221,2.44,2.32
2015.01.12 06:09:21.692,1.79199,1.79221,2.44,2.32
2015.01.12 06:09:23.696,1.79199,1.79221,2.44,2.32
2015.01.12 06:09:27.435,1.79199,1.7922,2.44,1.45
2015.01.12 06:09:28.390,1.79199,1.7922,2.44,1.45
2015.01.12 06:09:29.428,1.79199,1.7922,2.44,1.45
2015.01.12 06:09:29.483,1.79199,1.79218,1.39,1.12
2015.01.12 06:09:31.933,1.792,1.7922,1.31,1.50
2015.01.12 06:09:33.611,1.79201,1.7922,2.14,1.50
2015.01.12 06:09:33.764,1.79209,1.79224,1.60,1.00
2015.01.12 06:09:33.815,1.7921,1.79229,1.17,1.87
2015.01.12 06:09:33.917,1.79214,1.79232,1.24,1.20
2015.01.12 06:09:34.018,1.79216,1.79235,1.12,1.00
2015.01.12 06:09:34.323,1.79219,1.79238,1.75,1.00
2015.01.12 06:09:34.642,1.79219,1.79238,1.94,1.00
2015.01.12 06:09:35.782,1.79217,1.79238,1.31,1.20
2015.01.12 06:09:36.188,1.79216,1.79236,1.29,1.12
2015.01.12 06:09:36.340,1.79216,1.79236,1.29,1.12
2015.01.12 06:09:36.848,1.79217,1.79237,1.31,1.12
2015.01.12 06:09:37.850,1.79217,1.79237,1.31,1.50
2015.01.12 06:09:37.954,1.79213,1.79231,1.00,1.90
2015.01.12 06:09:38.005,1.79209,1.79229,1.57,1.27
2015.01.12 06:09:38.056,1.79213,1.79229,1.20,1.00
2015.01.12 06:09:38.360,1.79216,1.79232,1.75,1.00
2015.01.12 06:09:39.957,1.79216,1.79232,1.94,1.00
2015.01.12 06:09:40.464,1.79216,1.79232,1.94,1.37
2015.01.12 06:09:40.968,1.79216,1.79232,1.94,1.37
2015.01.12 06:09:43.021,1.79213,1.79231,1.46,1.07
2015.01.12 06:09:43.325,1.79213,1.79231,1.29,1.50
2015.01.12 06:09:44.229,1.79213,1.79231,1.29,1.12
2015.01.12 06:09:45.226,1.79216,1.79231,1.19,1.12
2015.01.12 06:09:46.228,1.79216,1.79231,1.19,1.12
2015.01.12 06:09:47.578,1.79216,1.79231,1.19,1.12
2015.01.12 06:09:49.195,1.79216,1.79233,1.19,1.87
2015.01.12 06:09:49.571,1.79216,1.79233,1.19,1.87
2015.01.12 06:09:50.684,1.79216,1.79233,1.19,1.87
2015.01.12 06:09:52.639,1.79216,1.79233,1.19,1.87
2015.01.12 06:09:57.230,1.79216,1.79235,1.29,1.12
2015.01.12 06:09:57.686,1.79216,1.79235,1.29,1.12
2015.01.12 06:09:57.987,1.79216,1.79235,1.29,1.12
2015.01.12 06:09:58.951,1.79216,1.79235,1.29,1.12
2015.01.12 06:10:00.280,1.79216,1.79236,1.69,1.50
2015.01.12 06:10:00.993,1.79219,1.79237,1.19,1.75
2015.01.12 06:10:02.699,1.79219,1.79239,1.39,2.62
2015.01.12 06:10:03.221,1.79219,1.79239,1.39,2.62
2015.01.12 06:10:03.971,1.79219,1.79239,1.39,2.62
2015.01.12 06:10:05.061,1.79219,1.79239,1.39,2.62
2015.01.12 06:10:06.586,1.79228,1.79239,1.00,2.62
2015.01.12 06:10:06.688,1.79219,1.79238,1.39,1.12
2015.01.12 06:10:06.992,1.79223,1.79234,1.00,1.12
2015.01.12 06:10:07.147,1.79218,1.79234,1.19,1.12
2015.01.12 06:10:07.553,1.79223,1.79234,1.00,1.12
2015.01.12 06:10:07.718,1.79218,1.79234,1.19,1.12
2015.01.12 06:10:08.251,1.79216,1.79233,1.19,1.75
2015.01.12 06:10:09.986,1.79216,1.79233,1.19,1.75
2015.01.12 06:10:10.415,1.79216,1.79236,2.06,1.10
2015.01.12 06:10:10.973,1.79216,1.79236,2.06,1.10
2015.01.12 06:10:13.770,1.79216,1.79236,2.06,1.47
2015.01.12 06:10:14.973,1.79216,1.79236,2.06,1.47
2015.01.12 06:10:19.171,1.79216,1.79236,2.06,1.47
2015.01.12 06:10:20.077,1.79219,1.79241,1.19,2.32
2015.01.12 06:10:20.187,1.7922,1.79239,1.31,1.07
2015.01.12 06:10:20.593,1.79223,1.79242,1.39,1.37
2015.01.12 06:10:20.797,1.79223,1.79242,1.39,1.37
2015.01.12 06:10:21.219,1.79223,1.79242,1.39,1.37
2015.01.12 06:10:21.474,1.79229,1.79248,1.19,2.25
2015.01.12 06:10:21.525,1.79229,1.79248,1.39,1.20
2015.01.12 06:10:21.728,1.79229,1.79247,1.19,1.12
2015.01.12 06:10:21.829,1.79229,1.79248,1.31,1.12
2015.01.12 06:10:22.187,1.79229,1.79248,1.31,1.50
2015.01.12 06:10:22.592,1.79229,1.79248,1.31,1.50
2015.01.12 06:10:23.562,1.79229,1.79248,1.31,1.50
2015.01.12 06:10:24.067,1.79229,1.79246,1.19,1.50
2015.01.12 06:10:24.371,1.79229,1.79244,1.19,1.50
2015.01.12 06:10:25.987,1.79229,1.79244,1.19,1.50
2015.01.12 06:10:26.988,1.79229,1.79244,1.19,1.50
2015.01.12 06:10:28.732,1.79225,1.79244,1.39,1.50
2015.01.12 06:10:29.702,1.79225,1.79244,1.39,1.50
2015.01.12 06:10:31.075,1.79225,1.7924,1.39,1.00
2015.01.12 06:10:31.126,1.79224,1.7924,1.12,1.10
2015.01.12 06:10:31.177,1.79224,1.79242,1.12,1.62
2015.01.12 06:10:31.228,1.79219,1.79239,2.44,1.57
2015.01.12 06:10:31.643,1.7922,1.79239,1.31,1.10
2015.01.12 06:10:32.048,1.79222,1.79243,1.76,2.25
2015.01.12 06:10:32.989,1.79224,1.79243,1.31,1.57
2015.01.12 06:10:34.002,1.79224,1.79243,1.31,1.20
2015.01.12 06:10:35.052,1.79224,1.79243,1.31,1.20
2015.01.12 06:10:35.351,1.79229,1.79244,1.66,1.12
2015.01.12 06:10:35.402,1.79233,1.79251,1.20,2.62
2015.01.12 06:10:35.453,1.79233,1.79251,1.46,1.87
2015.01.12 06:10:35.554,1.79237,1.79259,2.06,3.52
2015.01.12 06:10:35.656,1.79237,1.79256,1.39,1.50
2015.01.12 06:10:35.808,1.79233,1.79254,1.12,1.57
2015.01.12 06:10:35.910,1.79232,1.79253,2.51,1.20
2015.01.12 06:10:36.213,1.7923,1.79249,1.31,1.57
2015.01.12 06:10:36.430,1.7923,1.79249,1.12,1.65
2015.01.12 06:10:36.532,1.7923,1.79248,1.19,1.12
2015.01.12 06:10:37.910,1.7923,1.79247,1.19,1.12
2015.01.12 06:10:38.214,1.79225,1.79244,1.76,1.12
2015.01.12 06:10:39.052,1.79225,1.79244,1.76,1.12
2015.01.12 06:10:39.383,1.79225,1.79243,1.29,1.12
2015.01.12 06:10:40.040,1.79225,1.79243,1.29,1.12
2015.01.12 06:10:40.482,1.79225,1.79241,1.19,1.12
2015.01.12 06:10:40.956,1.79225,1.79244,1.19,2.25
2015.01.12 06:10:41.425,1.79225,1.79244,1.19,2.25
2015.01.12 06:10:43.443,1.79225,1.79244,1.19,2.25
2015.01.12 06:10:44.425,1.79225,1.79244,1.19,2.25
2015.01.12 06:10:45.676,1.79231,1.79244,1.25,1.12
2015.01.12 06:10:45.980,1.79231,1.7925,1.19,1.50
2015.01.12 06:10:46.133,1.79231,1.7925,1.29,1.12
2015.01.12 06:10:46.184,1.79231,1.79248,1.29,1.12
2015.01.12 06:10:46.337,1.79234,1.7925,1.19,1.12
2015.01.12 06:10:46.439,1.79234,1.79253,1.29,1.12
2015.01.12 06:10:46.540,1.79234,1.79251,1.19,1.12
2015.01.12 06:10:47.058,1.79229,1.7925,2.06,1.20
2015.01.12 06:10:47.582,1.79229,1.7925,2.06,1.20
2015.01.12 06:10:48.476,1.79229,1.7925,2.06,1.20
2015.01.12 06:10:48.528,1.79229,1.79245,1.31,1.00
2015.01.12 06:10:48.630,1.79223,1.79243,1.31,1.20
2015.01.12 06:10:48.681,1.79221,1.79242,1.94,1.27
2015.01.12 06:10:48.834,1.79221,1.79242,1.69,2.40
2015.01.12 06:10:48.935,1.79221,1.79238,1.19,1.75
2015.01.12 06:10:49.450,1.79221,1.79238,1.19,1.85
2015.01.12 06:10:49.753,1.79219,1.79235,1.19,1.12
2015.01.12 06:10:51.076,1.79216,1.79235,1.39,1.12
2015.01.12 06:10:51.179,1.79216,1.79233,1.19,1.12
2015.01.12 06:10:51.745,1.79216,1.79233,1.19,1.12
2015.01.12 06:10:52.751,1.79216,1.79233,1.25,1.12
2015.01.12 06:10:53.768,1.79216,1.79233,1.19,1.12
2015.01.12 06:10:56.633,1.79212,1.79231,1.19,1.12
2015.01.12 06:10:57.792,1.79212,1.79231,1.19,1.12
2015.01.12 06:11:01.460,1.79212,1.79231,1.19,1.12
2015.01.12 06:11:07.980,1.79212,1.79231,1.19,1.12
2015.01.12 06:11:08.487,1.79212,1.79232,1.76,1.57
2015.01.12 06:11:08.992,1.79212,1.79232,1.76,1.57
2015.01.12 06:11:10.004,1.79212,1.79232,1.76,1.57
2015.01.12 06:11:10.980,1.79212,1.79232,1.76,1.57
2015.01.12 06:11:12.013,1.79212,1.79232,1.76,1.57
2015.01.12 06:11:12.165,1.79215,1.79232,1.01,1.00
2015.01.12 06:11:12.986,1.79215,1.79232,1.01,1.00
2015.01.12 06:11:14.020,1.79215,1.79232,1.01,1.00
2015.01.12 06:11:15.985,1.79215,1.79232,1.01,1.00
2015.01.12 06:11:16.531,1.79219,1.79237,1.29,1.12
2015.01.12 06:11:16.583,1.79219,1.79237,1.39,1.12
2015.01.12 06:11:16.684,1.79221,1.79242,1.01,2.25
2015.01.12 06:11:16.837,1.79223,1.79242,1.31,1.20
2015.01.12 06:11:17.707,1.79225,1.79243,1.01,1.12
2015.01.12 06:11:18.793,1.79225,1.79243,1.29,1.12
2015.01.12 06:11:25.569,1.79225,1.79242,1.19,1.12
2015.01.12 06:11:26.732,1.79225,1.79242,1.19,1.12
2015.01.12 06:11:27.644,1.79225,1.79242,1.19,1.12
2015.01.12 06:11:30.774,1.79225,1.79245,1.31,1.50
2015.01.12 06:11:32.854,1.79225,1.79244,1.31,1.57
2015.01.12 06:11:35.834,1.79224,1.79243,1.01,1.12
2015.01.12 06:11:36.845,1.79224,1.79243,1.01,1.12
2015.01.12 06:11:38.768,1.79223,1.79243,1.29,1.87
2015.01.12 06:11:41.726,1.79223,1.79243,1.29,1.87
2015.01.12 06:11:42.373,1.79223,1.79243,1.29,1.87
2015.01.12 06:11:45.333,1.79223,1.79243,1.29,1.87
2015.01.12 06:11:46.349,1.79223,1.79243,1.29,1.87
2015.01.12 06:11:47.136,1.79224,1.79243,1.31,1.20
2015.01.12 06:11:47.489,1.79224,1.79243,1.31,1.20
2015.01.12 06:11:48.373,1.79226,1.79243,1.01,1.00
2015.01.12 06:11:50.377,1.79223,1.79243,2.51,1.20
2015.01.12 06:11:51.343,1.79223,1.79243,2.51,1.20
2015.01.12 06:11:51.689,1.79223,1.79242,1.46,1.50
2015.01.12 06:11:51.892,1.7922,1.7924,1.10,1.87
2015.01.12 06:11:52.145,1.7922,1.79238,1.19,1.20
2015.01.12 06:11:52.661,1.7922,1.79236,1.19,1.12
2015.01.12 06:11:53.370,1.7922,1.79236,1.25,1.12
2015.01.12 06:11:54.295,1.7922,1.79238,1.00,1.45
2015.01.12 06:12:01.439,1.79216,1.79237,1.45,1.20
2015.01.12 06:12:01.895,1.7922,1.7924,1.12,1.87
2015.01.12 06:12:02.402,1.79218,1.79237,2.32,1.12
2015.01.12 06:12:03.060,1.79218,1.79237,1.50,2.02
2015.01.12 06:12:03.111,1.79218,1.79237,1.00,2.40
2015.01.12 06:12:03.213,1.79218,1.79236,1.00,1.57
2015.01.12 06:12:03.518,1.79213,1.79229,1.12,1.10
2015.01.12 06:12:03.771,1.79209,1.79226,1.25,1.20
2015.01.12 06:12:03.953,1.79211,1.79228,2.20,1.00
2015.01.12 06:12:04.107,1.79219,1.79239,2.02,1.20
2015.01.12 06:12:04.261,1.79219,1.79239,2.70,1.12
2015.01.12 06:12:04.516,1.79226,1.79243,1.12,1.00
2015.01.12 06:12:04.669,1.79228,1.79243,1.20,1.00
2015.01.12 06:12:04.720,1.79229,1.79249,1.35,1.12
2015.01.12 06:12:04.873,1.7923,1.79249,1.15,1.12
2015.01.12 06:12:05.025,1.79229,1.79249,1.35,1.12
2015.01.12 06:12:05.177,1.79229,1.79251,1.25,1.20
2015.01.12 06:12:05.339,1.79229,1.79251,2.00,1.20
2015.01.12 06:12:05.849,1.79232,1.79251,1.12,1.20
2015.01.12 06:12:06.361,1.7923,1.7925,1.52,1.12
2015.01.12 06:12:06.877,1.79229,1.79247,1.92,1.12
2015.01.12 06:12:08.036,1.7923,1.7925,1.15,1.12
2015.01.12 06:12:09.285,1.79229,1.7925,1.35,1.12
2015.01.12 06:12:09.791,1.79229,1.7925,1.27,1.57
2015.01.12 06:12:09.894,1.79229,1.79249,1.20,1.20
2015.01.12 06:12:10.198,1.79225,1.79243,1.12,1.07
2015.01.12 06:12:10.249,1.79224,1.79243,2.25,1.07
2015.01.12 06:12:10.350,1.79224,1.79238,1.75,1.00
2015.01.12 06:12:10.705,1.79225,1.79242,1.10,1.20
2015.01.12 06:12:10.807,1.79226,1.79242,1.12,1.20
2015.01.12 06:12:10.909,1.7923,1.79248,1.17,1.12
2015.01.12 06:12:11.010,1.7923,1.79249,3.45,1.20
2015.01.12 06:12:12.457,1.7923,1.79249,2.02,1.20
2015.01.12 06:12:12.967,1.7923,1.79249,1.15,2.25
2015.01.12 06:12:13.120,1.7923,1.79249,1.65,1.20
2015.01.12 06:12:15.609,1.7923,1.79249,1.84,1.20
2015.01.12 06:12:16.077,1.7923,1.79249,1.27,1.85
2015.01.12 06:12:16.607,1.7923,1.79247,1.10,1.75
2015.01.12 06:12:16.966,1.7923,1.79247,1.85,1.75
2015.01.12 06:12:17.119,1.79242,1.79256,1.00,1.75
2015.01.12 06:12:17.221,1.79242,1.79259,1.17,1.20
2015.01.12 06:12:17.272,1.79241,1.7926,2.47,1.12
2015.01.12 06:12:17.789,1.79244,1.7926,1.12,1.00
2015.01.12 06:12:18.406,1.79242,1.7926,1.12,1.20
2015.01.12 06:12:18.457,1.79241,1.7926,1.87,1.35
2015.01.12 06:12:18.559,1.79241,1.7926,1.10,1.27
2015.01.12 06:12:18.610,1.79241,1.7926,1.00,1.90
2015.01.12 06:12:18.711,1.79236,1.79256,1.12,1.20
2015.01.12 06:12:18.813,1.79234,1.79256,2.02,1.92
2015.01.12 06:12:19.119,1.79234,1.79252,1.10,1.12
2015.01.12 06:12:20.471,1.79234,1.79253,1.20,1.75
2015.01.12 06:12:21.033,1.79234,1.79254,1.27,1.12
2015.01.12 06:12:25.286,1.79234,1.79255,1.65,1.12
2015.01.12 06:12:25.932,1.79234,1.79256,2.40,2.51
2015.01.12 06:12:28.054,1.79234,1.79255,2.02,1.12
2015.01.12 06:12:28.257,1.79235,1.79255,1.52,1.12
2015.01.12 06:12:33.096,1.79234,1.79254,1.57,1.09
2015.01.12 06:12:33.212,1.79234,1.79254,1.10,1.70
2015.01.12 06:12:33.567,1.79234,1.79255,1.75,1.92
2015.01.12 06:12:33.871,1.79234,1.79256,1.50,2.02
2015.01.12 06:12:35.717,1.79234,1.79253,1.12,1.65
2015.01.12 06:12:35.820,1.7923,1.7925,1.64,1.95
2015.01.12 06:12:37.084,1.7923,1.7925,2.14,1.87
2015.01.12 06:12:37.650,1.7923,1.7925,1.77,1.87
2015.01.12 06:12:37.752,1.79229,1.7925,1.64,1.95
2015.01.12 06:12:38.055,1.79228,1.79248,1.46,1.12
2015.01.12 06:12:38.107,1.79228,1.79248,2.14,1.12
2015.01.12 06:12:38.157,1.79229,1.79249,1.16,1.75
2015.01.12 06:12:38.764,1.7923,1.79249,1.57,1.12
2015.01.12 06:12:39.308,1.7923,1.7925,1.84,1.57
2015.01.12 06:12:39.605,1.79231,1.7925,1.70,1.57
2015.01.12 06:12:39.912,1.79243,1.79259,1.07,1.75
2015.01.12 06:12:40.014,1.79243,1.79262,1.65,1.87
2015.01.12 06:12:40.066,1.79249,1.79262,1.00,1.12
2015.01.12 06:12:40.168,1.79248,1.79263,1.00,1.12
2015.01.12 06:12:40.371,1.79248,1.79265,1.34,1.75
2015.01.12 06:12:40.573,1.79248,1.79266,1.76,1.12
2015.01.12 06:12:40.826,1.79251,1.79267,1.17,1.12
2015.01.12 06:12:41.181,1.79251,1.79268,1.57,1.12
2015.01.12 06:12:41.940,1.79251,1.79268,1.57,1.12
2015.01.12 06:12:42.093,1.79251,1.79267,1.10,1.75
2015.01.12 06:12:42.194,1.79251,1.7927,1.10,2.25
2015.01.12 06:12:42.704,1.79251,1.7927,1.10,1.20
2015.01.12 06:12:43.218,1.79251,1.7927,1.29,1.20
2015.01.12 06:12:43.370,1.79251,1.7927,1.25,1.92
2015.01.12 06:12:43.674,1.79245,1.79265,2.06,1.87
2015.01.12 06:12:43.775,1.79245,1.79264,1.20,1.35
2015.01.12 06:12:44.079,1.79236,1.79253,1.12,1.10
2015.01.12 06:12:44.181,1.79232,1.79252,1.87,1.12
2015.01.12 06:12:44.659,1.79232,1.79252,1.12,1.12
2015.01.12 06:12:44.761,1.79229,1.79249,1.16,1.12
2015.01.12 06:12:45.378,1.79229,1.79249,1.01,1.20
2015.01.12 06:12:45.887,1.79227,1.79249,1.84,1.20
2015.01.12 06:12:46.496,1.79227,1.79249,1.91,1.00
2015.01.12 06:12:47.520,1.79228,1.79249,1.09,1.00
2015.01.12 06:12:48.515,1.79228,1.79249,1.34,1.00
2015.01.12 06:12:50.521,1.79228,1.79249,1.34,1.00
2015.01.12 06:12:51.499,1.79228,1.79249,1.34,1.00
2015.01.12 06:12:52.523,1.79227,1.79249,2.29,1.20
2015.01.12 06:12:53.489,1.79228,1.79249,1.01,1.00
2015.01.12 06:12:55.536,1.7923,1.79249,1.12,1.00
2015.01.12 06:12:55.638,1.7923,1.79249,1.31,1.00
2015.01.12 06:12:57.514,1.7923,1.79249,1.69,1.00
2015.01.12 06:13:02.694,1.79231,1.7925,1.39,1.10
2015.01.12 06:13:03.508,1.79231,1.7925,1.46,1.00
2015.01.12 06:13:04.512,1.79231,1.7925,1.46,1.00
2015.01.12 06:13:08.694,1.79235,1.79255,1.31,1.95
2015.01.12 06:13:08.746,1.79235,1.79256,1.71,1.65
2015.01.12 06:13:08.848,1.79236,1.79256,1.01,1.30
2015.01.12 06:13:09.608,1.79236,1.79256,1.01,1.30
2015.01.12 06:13:09.659,1.79236,1.79256,1.01,1.30
2015.01.12 06:13:12.660,1.79236,1.79256,1.01,1.30
2015.01.12 06:13:13.629,1.79236,1.79256,1.01,1.30
2015.01.12 06:13:24.672,1.79236,1.79256,1.34,1.20
2015.01.12 06:13:25.708,1.79237,1.79256,1.46,1.20
2015.01.12 06:13:25.860,1.79247,1.79263,1.87,1.75
2015.01.12 06:13:25.912,1.79248,1.79265,1.95,1.75
2015.01.12 06:13:26.013,1.7925,1.79265,1.52,1.00
2015.01.12 06:13:26.115,1.79254,1.7927,1.00,1.12
2015.01.12 06:13:26.217,1.79254,1.79272,1.20,1.12
2015.01.12 06:13:26.420,1.79255,1.79273,1.27,1.20
2015.01.12 06:13:26.572,1.79258,1.79276,1.19,1.17
2015.01.12 06:13:28.058,1.79258,1.79277,1.19,1.95
2015.01.12 06:13:29.085,1.79258,1.79277,1.19,1.95
2015.01.12 06:13:30.030,1.79258,1.79277,1.19,2.70
2015.01.12 06:13:31.093,1.79258,1.79277,2.06,1.57
2015.01.12 06:13:31.397,1.79258,1.79277,2.06,3.00
2015.01.12 06:13:31.903,1.79257,1.79272,1.31,1.00
2015.01.12 06:13:32.409,1.79257,1.79272,1.31,1.00
2015.01.12 06:13:32.611,1.79254,1.79272,1.94,1.17
2015.01.12 06:13:32.816,1.79252,1.7927,1.76,1.15
2015.01.12 06:13:33.819,1.7925,1.7927,1.01,2.40
2015.01.12 06:13:37.819,1.79253,1.7927,1.31,1.65
2015.01.12 06:13:37.971,1.79253,1.7927,1.31,1.20
2015.01.12 06:13:38.123,1.79253,1.79272,2.81,1.72
2015.01.12 06:13:38.224,1.79253,1.79272,1.31,1.72
2015.01.12 06:13:38.326,1.79253,1.7927,1.31,1.15
2015.01.12 06:13:39.035,1.79253,1.79272,1.31,1.72
2015.01.12 06:13:39.187,1.79253,1.79272,1.69,1.07
2015.01.12 06:13:39.945,1.79253,1.79272,2.44,1.00
2015.01.12 06:13:41.185,1.79253,1.79272,2.44,1.00
2015.01.12 06:13:46.193,1.79253,1.79272,2.44,1.00
2015.01.12 06:13:48.196,1.79253,1.79272,2.44,1.00
2015.01.12 06:13:54.237,1.79255,1.79272,1.19,1.00
2015.01.12 06:13:54.288,1.79257,1.79275,1.01,1.17
2015.01.12 06:13:54.389,1.79261,1.79278,1.69,1.00
2015.01.12 06:13:54.642,1.79262,1.7928,1.01,1.10
2015.01.12 06:13:55.238,1.79263,1.7928,1.31,1.00
2015.01.12 06:13:56.258,1.79263,1.7928,1.31,1.00
2015.01.12 06:13:59.237,1.79263,1.7928,1.31,1.10
2015.01.12 06:14:00.257,1.79263,1.7928,1.31,1.57
2015.01.12 06:14:01.220,1.79263,1.7928,1.31,1.57
2015.01.12 06:14:04.663,1.79263,1.7928,1.31,1.10
2015.01.12 06:14:05.071,1.79262,1.79279,1.01,1.50
2015.01.12 06:14:05.173,1.7926,1.79278,1.01,2.32
2015.01.12 06:14:05.275,1.79258,1.79276,1.31,1.15
2015.01.12 06:14:05.782,1.79257,1.79277,1.31,1.87
2015.01.12 06:14:06.295,1.79258,1.79275,1.69,1.00
2015.01.12 06:14:06.497,1.79259,1.79278,2.06,1.30
2015.01.12 06:14:06.649,1.79259,1.79278,2.06,1.30
2015.01.12 06:14:07.333,1.7926,1.79278,1.94,1.10
2015.01.12 06:14:10.439,1.79263,1.79278,1.31,1.10
2015.01.12 06:14:11.178,1.79263,1.79278,1.31,1.10
2015.01.12 06:14:11.586,1.79263,1.79278,1.31,1.15
2015.01.12 06:14:12.145,1.79263,1.79278,1.31,1.15
2015.01.12 06:14:12.706,1.7926,1.79278,1.01,1.65
2015.01.12 06:14:14.261,1.79259,1.79278,1.39,1.65
2015.01.12 06:14:15.294,1.7926,1.79278,1.94,1.57
2015.01.12 06:14:16.250,1.7926,1.79278,1.94,1.57
2015.01.12 06:14:17.260,1.7926,1.79278,1.94,1.57
2015.01.12 06:14:19.255,1.7926,1.79278,1.94,1.57
2015.01.12 06:14:19.518,1.7926,1.79277,1.94,1.20
2015.01.12 06:14:20.470,1.79259,1.79277,1.01,2.40
2015.01.12 06:14:21.477,1.79259,1.79277,1.01,2.40
2015.01.12 06:14:27.469,1.79257,1.79276,1.31,1.27
2015.01.12 06:14:29.473,1.79257,1.79276,1.31,1.27
2015.01.12 06:14:30.078,1.79257,1.79276,1.31,1.27
2015.01.12 06:14:32.477,1.79257,1.79276,1.31,1.27
2015.01.12 06:14:35.583,1.79257,1.79276,1.31,1.27
2015.01.12 06:14:36.584,1.79257,1.79276,1.31,1.27
2015.01.12 06:14:37.586,1.79257,1.79276,1.31,1.27
2015.01.12 06:14:39.468,1.79257,1.79275,1.31,1.17
2015.01.12 06:14:40.095,1.79257,1.79275,1.31,1.15
2015.01.12 06:14:42.595,1.79257,1.79275,1.31,1.15
2015.01.12 06:14:46.705,1.79255,1.79271,1.87,2.25
2015.01.12 06:14:47.002,1.79244,1.79264,1.76,2.77
2015.01.12 06:14:47.308,1.79244,1.79262,1.25,3.00
2015.01.12 06:14:47.662,1.79244,1.79261,1.25,1.27
2015.01.12 06:14:48.118,1.79244,1.7926,1.19,1.27
2015.01.12 06:14:49.429,1.79244,1.79261,1.19,1.27
2015.01.12 06:14:50.110,1.79244,1.79262,1.19,2.62
2015.01.12 06:14:50.650,1.79244,1.79262,1.19,1.57
2015.01.12 06:14:51.299,1.79244,1.79263,1.31,2.02
2015.01.12 06:14:53.130,1.79244,1.79264,1.31,2.70
2015.01.12 06:14:53.283,1.79244,1.79264,1.69,1.35
2015.01.12 06:14:53.789,1.79244,1.79264,1.29,2.02
2015.01.12 06:14:54.233,1.79247,1.79264,1.31,1.00
2015.01.12 06:14:54.588,1.79248,1.79264,1.01,1.00
2015.01.12 06:14:54.690,1.79249,1.79268,2.04,1.17
2015.01.12 06:14:54.792,1.7925,1.79269,1.39,1.00
2015.01.12 06:14:54.893,1.79252,1.79269,1.01,1.00
2015.01.12 06:14:55.147,1.79253,1.79269,1.01,1.00
2015.01.12 06:14:55.653,1.79254,1.79272,2.06,1.00
2015.01.12 06:14:55.805,1.79256,1.79272,1.01,1.00
2015.01.12 06:14:57.139,1.79256,1.79272,1.31,1.00
2015.01.12 06:14:58.125,1.79256,1.79272,1.31,1.00
2015.01.12 06:14:59.161,1.79254,1.79272,1.57,1.10
2015.01.12 06:15:03.282,1.79257,1.79276,1.10,1.95
2015.01.12 06:15:03.333,1.79257,1.79276,1.20,1.57
2015.01.12 06:15:03.839,1.79257,1.79276,1.56,1.50
2015.01.12 06:15:03.941,1.79258,1.79276,1.09,1.20
2015.01.12 06:15:04.246,1.79264,1.79278,1.00,1.12
2015.01.12 06:15:04.559,1.79267,1.79283,1.27,1.00
2015.01.12 06:15:04.661,1.79267,1.79283,1.46,1.00
2015.01.12 06:15:04.712,1.79269,1.79286,1.31,1.00
2015.01.12 06:15:05.673,1.79271,1.79292,1.81,1.87
2015.01.12 06:15:06.129,1.79274,1.79292,1.00,1.27
2015.01.12 06:15:06.231,1.79269,1.7929,1.84,1.95
2015.01.12 06:15:07.654,1.79269,1.7929,1.39,2.02
2015.01.12 06:15:08.307,1.79269,1.79289,1.31,1.12
2015.01.12 06:15:08.409,1.79269,1.7929,1.39,2.02
2015.01.12 06:15:09.191,1.79269,1.7929,1.46,1.87
2015.01.12 06:15:11.953,1.79269,1.7929,1.27,1.87
2015.01.12 06:15:14.947,1.79269,1.7929,1.20,2.02
2015.01.12 06:15:16.094,1.79267,1.79286,1.12,1.46
2015.01.12 06:15:16.297,1.79265,1.79285,1.50,2.44
2015.01.12 06:15:16.803,1.79265,1.79283,1.00,1.46
2015.01.12 06:15:17.561,1.79265,1.79282,1.00,1.16
2015.01.12 06:15:18.318,1.79261,1.7928,1.57,1.24
2015.01.12 06:15:18.527,1.79261,1.7928,1.57,2.29
2015.01.12 06:15:18.831,1.79253,1.79269,1.00,1.27
2015.01.12 06:15:18.983,1.7925,1.79267,1.00,1.35
2015.01.12 06:15:19.135,1.79249,1.79267,1.00,2.40
2015.01.12 06:15:19.440,1.7924,1.79259,1.12,1.46
2015.01.12 06:15:19.491,1.79239,1.79259,1.87,1.84
2015.01.12 06:15:19.643,1.79239,1.79256,1.00,1.01
2015.01.12 06:15:21.429,1.79239,1.79256,1.10,1.01
2015.01.12 06:15:21.531,1.79239,1.79258,1.75,1.16
2015.01.12 06:15:21.582,1.7924,1.79259,1.12,2.21
2015.01.12 06:15:24.586,1.7924,1.79259,1.12,2.21
2015.01.12 06:15:24.810,1.79241,1.79259,1.17,1.27
2015.01.12 06:15:24.911,1.79248,1.7926,1.12,1.12
2015.01.12 06:15:25.013,1.79247,1.79265,1.50,1.50
2015.01.12 06:15:25.116,1.7925,1.79271,1.35,1.64
2015.01.12 06:15:25.167,1.7925,1.7927,1.35,1.01
2015.01.12 06:15:26.688,1.7925,1.79269,1.20,1.31
2015.01.12 06:15:29.698,1.7925,1.79269,1.20,1.31
2015.01.12 06:15:30.695,1.7925,1.79269,1.20,1.31
2015.01.12 06:15:33.701,1.7925,1.79269,1.20,1.31
2015.01.12 06:15:35.704,1.7925,1.79269,1.20,1.31
2015.01.12 06:15:36.810,1.7925,1.79269,1.20,1.39
2015.01.12 06:15:37.727,1.7925,1.79269,1.20,1.39
2015.01.12 06:15:40.817,1.7925,1.79269,1.20,1.39
2015.01.12 06:15:43.638,1.7925,1.79269,1.20,1.64
2015.01.12 06:15:43.943,1.79243,1.79263,1.10,2.21
2015.01.12 06:15:44.315,1.79243,1.79259,1.00,1.01
2015.01.12 06:15:45.268,1.79243,1.79259,1.00,1.01
2015.01.12 06:15:47.264,1.79243,1.79259,1.00,1.01
2015.01.12 06:15:48.177,1.79243,1.79259,1.00,1.01
2015.01.12 06:15:48.830,1.79243,1.7926,1.00,1.20
2015.01.12 06:15:54.978,1.79243,1.79261,1.00,1.20
2015.01.12 06:15:55.484,1.79243,1.79262,1.00,1.92
2015.01.12 06:16:24.683,1.79247,1.79262,1.00,1.75
2015.01.12 06:16:43.867,1.79247,1.79264,1.00,1.12
2015.01.12 06:16:48.023,1.79249,1.79264,1.50,1.12
2015.01.12 06:16:48.277,1.79258,1.79271,1.00,1.12
2015.01.12 06:16:48.379,1.79258,1.79274,1.00,1.75
2015.01.12 06:16:48.886,1.79258,1.79275,1.07,1.12
2015.01.12 06:16:48.937,1.79258,1.79276,1.07,1.12
2015.01.12 06:16:52.289,1.79258,1.79276,1.10,1.12
2015.01.12 06:16:55.925,1.79258,1.79277,1.57,1.87
2015.01.12 06:16:56.484,1.79258,1.79277,1.95,1.20
2015.01.12 06:17:01.743,1.79258,1.79277,1.12,2.00
2015.01.12 06:17:02.355,1.79258,1.79276,1.00,1.95
2015.01.12 06:17:03.005,1.79263,1.79276,1.00,1.75
2015.01.12 06:17:03.259,1.79279,1.79297,1.27,1.00
2015.01.12 06:17:03.361,1.79283,1.79303,1.50,1.12
2015.01.12 06:17:03.412,1.79285,1.79306,1.57,1.12
2015.01.12 06:17:03.463,1.79286,1.79308,1.16,1.12
2015.01.12 06:17:03.514,1.79286,1.79312,4.16,1.20
2015.01.12 06:17:03.565,1.79292,1.79314,1.12,1.50
2015.01.12 06:17:03.717,1.79292,1.79313,1.12,1.57
2015.01.12 06:17:03.921,1.79292,1.79311,1.12,1.65
2015.01.12 06:17:04.073,1.79292,1.79311,1.12,2.32
2015.01.12 06:17:04.580,1.79292,1.7931,1.00,1.82
2015.01.12 06:17:06.056,1.79292,1.79309,1.00,1.39
2015.01.12 06:17:06.261,1.79287,1.79305,1.12,1.95
2015.01.12 06:17:06.363,1.79284,1.79303,1.12,1.82
2015.01.12 06:17:06.515,1.79279,1.79299,1.20,1.95
2015.01.12 06:17:06.768,1.79275,1.79295,1.12,1.87
2015.01.12 06:17:06.819,1.79274,1.79294,1.50,1.31
2015.01.12 06:17:06.870,1.79274,1.79292,1.00,1.30
2015.01.12 06:17:07.224,1.79271,1.79291,1.12,1.35
2015.01.12 06:17:07.750,1.79269,1.79291,1.87,1.90
2015.01.12 06:17:09.888,1.79269,1.7929,1.20,1.09
2015.01.12 06:17:10.400,1.79269,1.79289,1.20,2.00
2015.01.12 06:17:10.623,1.79269,1.79289,1.20,1.94
2015.01.12 06:17:11.113,1.79269,1.79289,1.20,1.94
2015.01.12 06:17:12.084,1.79269,1.79289,1.20,1.94
2015.01.12 06:17:14.088,1.79269,1.79289,1.20,1.94
2015.01.12 06:17:15.090,1.79269,1.79289,1.20,1.94
2015.01.12 06:17:16.107,1.79269,1.79289,1.20,1.94
2015.01.12 06:17:16.564,1.79269,1.7929,1.92,1.12
2015.01.12 06:17:16.666,1.79273,1.79291,1.10,1.12
2015.01.12 06:17:16.767,1.79273,1.79294,1.50,1.94
2015.01.12 06:17:16.818,1.79273,1.79294,1.87,1.01
2015.01.12 06:17:17.130,1.79275,1.79297,1.12,2.02
2015.01.12 06:17:18.573,1.79277,1.79298,2.40,2.62
2015.01.12 06:17:18.877,1.7928,1.793,1.12,1.50
2015.01.12 06:17:19.989,1.7928,1.79301,1.12,1.12
2015.01.12 06:17:20.494,1.79282,1.79302,1.12,1.47
2015.01.12 06:17:20.595,1.79282,1.79302,1.12,1.20
2015.01.12 06:17:21.204,1.79282,1.79305,1.12,1.70
2015.01.12 06:17:21.507,1.79287,1.79307,1.12,1.12
2015.01.12 06:17:24.156,1.79285,1.79307,1.12,2.77
2015.01.12 06:17:24.259,1.79284,1.79306,1.75,1.85
2015.01.12 06:17:25.708,1.79284,1.79305,1.75,1.57
2015.01.12 06:17:25.911,1.79274,1.79296,1.75,1.87
2015.01.12 06:17:26.063,1.79274,1.79294,1.12,1.01
2015.01.12 06:17:26.317,1.7927,1.79292,1.12,1.50
2015.01.12 06:17:26.368,1.79269,1.79292,1.50,1.82
2015.01.12 06:17:26.469,1.79269,1.79288,1.00,1.12
2015.01.12 06:17:26.723,1.79273,1.79288,1.00,1.12
2015.01.12 06:17:26.926,1.79271,1.79288,1.00,1.12
2015.01.12 06:17:27.584,1.79271,1.79289,1.00,1.12
2015.01.12 06:17:28.090,1.79271,1.79288,1.00,1.12
2015.01.12 06:17:29.572,1.79271,1.79289,1.00,1.12
2015.01.12 06:17:30.087,1.79271,1.7929,1.00,1.85
2015.01.12 06:17:31.451,1.79271,1.7929,1.50,1.12
2015.01.12 06:17:31.957,1.79271,1.79292,1.57,1.12
2015.01.12 06:17:33.685,1.79272,1.79292,1.82,1.12
2015.01.12 06:17:33.850,1.79278,1.79299,1.47,1.87
2015.01.12 06:17:33.902,1.79278,1.793,1.95,1.12
2015.01.12 06:17:33.953,1.7928,1.79303,1.01,2.02
2015.01.12 06:17:34.054,1.79284,1.79303,1.12,1.35
2015.01.12 06:17:35.307,1.79284,1.79303,1.12,1.10
2015.01.12 06:17:35.510,1.79285,1.79307,1.87,1.77
2015.01.12 06:17:46.364,1.79286,1.79307,1.91,1.12
2015.01.12 06:17:46.567,1.79293,1.79311,1.00,1.75
2015.01.12 06:17:46.617,1.79293,1.7931,1.00,1.12
2015.01.12 06:17:46.820,1.79289,1.79309,1.12,1.12
2015.01.12 06:17:55.622,1.79289,1.79309,1.00,1.20
2015.01.12 06:17:58.035,1.79289,1.79307,1.12,1.12
2015.01.12 06:17:58.612,1.79289,1.79309,1.12,1.20
2015.01.12 06:18:00.245,1.79289,1.79309,1.00,1.39
2015.01.12 06:18:00.784,1.79285,1.79307,1.87,1.12
2015.01.12 06:18:04.211,1.79285,1.79307,1.20,1.65
2015.01.12 06:18:04.723,1.79285,1.79305,1.20,1.85
2015.01.12 06:18:07.394,1.79283,1.79304,1.75,2.02
2015.01.12 06:18:07.596,1.79281,1.79303,2.00,2.02
2015.01.12 06:18:10.668,1.79281,1.79301,1.75,1.72
2015.01.12 06:18:10.972,1.79276,1.79292,1.00,1.45
2015.01.12 06:18:11.276,1.79273,1.79292,1.10,1.27
2015.01.12 06:18:11.378,1.7927,1.7929,1.50,1.65
2015.01.12 06:18:12.249,1.7927,1.7929,1.20,3.15
2015.01.12 06:18:12.871,1.7927,1.79288,1.10,1.12
2015.01.12 06:18:13.771,1.7927,1.79288,1.00,1.50
2015.01.12 06:18:14.996,1.79266,1.79284,1.12,1.10
2015.01.12 06:18:20.175,1.79269,1.79286,1.00,1.12
2015.01.12 06:18:20.327,1.79269,1.79289,1.12,1.12
2015.01.12 06:18:20.378,1.79272,1.79289,1.00,1.12
2015.01.12 06:18:20.583,1.79272,1.79291,1.10,1.12
2015.01.12 06:18:20.685,1.79272,1.79292,1.10,2.06
2015.01.12 06:18:20.837,1.79272,1.79292,1.75,1.69
2015.01.12 06:18:23.141,1.79272,1.79292,1.57,1.57
2015.01.12 06:18:23.192,1.79272,1.79292,1.10,1.87
2015.01.12 06:18:26.204,1.79272,1.79292,1.75,1.50
2015.01.12 06:18:26.507,1.79272,1.79291,1.20,1.12
2015.01.12 06:18:26.679,1.79272,1.79292,1.87,1.10
2015.01.12 06:18:28.534,1.79272,1.79292,1.50,1.75
2015.01.12 06:18:30.175,1.79272,1.79292,1.00,1.87
2015.01.12 06:18:30.276,1.79272,1.7929,1.00,1.12
2015.01.12 06:18:30.792,1.79272,1.79291,1.00,1.75
2015.01.12 06:18:31.721,1.79272,1.7929,1.00,1.12
2015.01.12 06:18:35.535,1.79275,1.79288,1.00,1.12
2015.01.12 06:18:37.536,1.79275,1.79289,1.00,1.12
2015.01.12 06:18:37.981,1.79275,1.79291,1.50,1.12
2015.01.12 06:18:38.082,1.79281,1.79296,1.00,1.85
2015.01.12 06:18:38.133,1.79281,1.79297,1.00,1.12
2015.01.12 06:18:38.184,1.79281,1.793,1.50,1.87
2015.01.12 06:18:38.345,1.79281,1.793,1.75,1.00
2015.01.12 06:18:38.446,1.79283,1.79304,1.75,1.20
2015.01.12 06:18:38.852,1.79286,1.79308,1.50,1.57
2015.01.12 06:18:39.165,1.79286,1.79308,1.75,1.12
2015.01.12 06:18:39.628,1.79286,1.79308,4.50,1.00
2015.01.12 06:18:40.539,1.79287,1.79308,4.01,1.00
2015.01.12 06:18:41.157,1.79288,1.79308,1.12,1.00
2015.01.12 06:18:44.672,1.79291,1.79311,1.12,1.45
2015.01.12 06:18:57.145,1.7929,1.79311,1.87,1.20
2015.01.12 06:18:57.669,1.7929,1.79309,1.20,1.12
2015.01.12 06:19:07.110,1.7929,1.79311,1.85,1.27
2015.01.12 06:19:07.212,1.79292,1.79312,1.12,2.02
2015.01.12 06:19:17.676,1.79292,1.79312,1.12,1.20
2015.01.12 06:19:18.542,1.79292,1.79312,1.75,1.20
2015.01.12 06:19:19.784,1.79292,1.79312,1.12,1.20
2015.01.12 06:19:20.395,1.79291,1.79312,1.75,1.50
2015.01.12 06:19:23.749,1.79291,1.79312,1.75,1.65
2015.01.12 06:19:26.191,1.7929,1.79312,1.87,2.02
2015.01.12 06:19:26.293,1.7929,1.79311,1.20,1.20
2015.01.12 06:19:29.348,1.7929,1.79312,1.85,2.02
2015.01.12 06:19:29.905,1.79295,1.79313,1.00,1.12
2015.01.12 06:19:30.426,1.79295,1.79314,1.20,1.87
2015.01.12 06:19:30.731,1.79296,1.79314,1.12,1.10
2015.01.12 06:19:33.068,1.79299,1.79316,1.00,1.12
2015.01.12 06:19:33.372,1.79299,1.79318,1.12,1.57
2015.01.12 06:19:33.577,1.79299,1.79318,1.87,1.57
2015.01.12 06:19:33.831,1.79301,1.79321,1.72,1.75
2015.01.12 06:19:33.882,1.79305,1.79325,1.75,1.12
2015.01.12 06:19:33.933,1.79306,1.79326,1.12,1.12
2015.01.12 06:19:33.984,1.79311,1.79326,1.00,1.12
2015.01.12 06:19:34.278,1.79311,1.79329,1.00,1.75
2015.01.12 06:19:34.582,1.79311,1.79331,1.20,2.25
2015.01.12 06:19:34.734,1.79311,1.7933,1.10,1.12
2015.01.12 06:19:37.433,1.79311,1.79328,1.00,1.57
2015.01.12 06:19:37.485,1.79309,1.79328,1.10,2.27
2015.01.12 06:19:37.991,1.79309,1.79325,1.00,1.85
2015.01.12 06:19:38.043,1.79307,1.79324,1.00,1.12
2015.01.12 06:19:38.347,1.79304,1.7932,1.00,1.12
2015.01.12 06:19:38.499,1.79304,1.79321,1.00,1.75
2015.01.12 06:19:38.854,1.79304,1.79321,1.37,1.12
2015.01.12 06:19:39.159,1.79318,1.79331,1.00,1.12
2015.01.12 06:19:39.362,1.79315,1.79332,1.00,1.87
2015.01.12 06:19:39.565,1.79315,1.79334,1.00,1.12
2015.01.12 06:19:40.586,1.79315,1.79335,1.50,1.75
2015.01.12 06:19:41.144,1.79315,1.79335,1.20,1.95
2015.01.12 06:19:41.296,1.79311,1.79331,1.00,1.12
2015.01.12 06:19:41.347,1.79309,1.79331,1.10,1.12
2015.01.12 06:19:41.804,1.79309,1.79327,1.00,1.12
2015.01.12 06:19:42.058,1.79309,1.79327,1.00,1.75
2015.01.12 06:19:42.566,1.79309,1.79328,1.20,1.12
2015.01.12 06:19:42.668,1.79309,1.79329,1.92,1.12
2015.01.12 06:19:43.283,1.7931,1.7933,1.52,1.12
2015.01.12 06:19:43.785,1.79314,1.7933,1.00,1.12
2015.01.12 06:19:44.253,1.79314,1.79332,1.10,1.12
2015.01.12 06:19:45.318,1.79314,1.79332,1.17,1.12
2015.01.12 06:19:45.622,1.79319,1.79335,1.00,1.60
2015.01.12 06:19:45.926,1.79323,1.79337,1.00,1.12
2015.01.12 06:19:52.665,1.79323,1.79337,1.00,1.12
2015.01.12 06:19:53.540,1.79323,1.79336,1.00,1.75
2015.01.12 06:19:57.094,1.79323,1.79337,1.00,1.12
2015.01.12 06:19:57.246,1.79323,1.79337,1.00,1.12
2015.01.12 06:19:58.707,1.79323,1.79338,1.00,1.12
2015.01.12 06:19:59.167,1.79323,1.79343,1.75,1.12
2015.01.12 06:19:59.218,1.79323,1.79345,2.02,1.97
2015.01.12 06:19:59.269,1.79323,1.79345,2.02,1.31
2015.01.12 06:20:00.346,1.79327,1.79345,1.00,1.07
2015.01.12 06:20:00.498,1.79332,1.79345,1.00,1.07
2015.01.12 06:20:00.701,1.79329,1.79346,1.17,1.50
2015.01.12 06:20:01.005,1.79329,1.79348,2.02,1.07
2015.01.12 06:20:01.220,1.7933,1.79348,1.27,1.07
2015.01.12 06:20:01.728,1.79329,1.79348,1.82,1.75
2015.01.12 06:20:03.401,1.7933,1.7935,1.52,1.12
2015.01.12 06:20:03.927,1.79331,1.7935,1.57,1.12
2015.01.12 06:20:08.968,1.79334,1.7935,1.00,1.12
2015.01.12 06:20:12.444,1.79327,1.79348,2.66,1.12
2015.01.12 06:20:12.696,1.79328,1.79349,1.85,1.12
2015.01.12 06:20:13.009,1.79326,1.79346,2.25,1.20
2015.01.12 06:20:13.111,1.79326,1.79346,1.10,1.16
2015.01.12 06:20:13.364,1.79322,1.79341,1.10,1.20
2015.01.12 06:20:13.466,1.79322,1.79341,1.00,1.20
2015.01.12 06:20:14.999,1.79322,1.79338,1.00,1.12
2015.01.12 06:20:15.101,1.79317,1.79337,1.50,1.12
2015.01.12 06:20:15.202,1.79317,1.79339,1.85,1.75
2015.01.12 06:20:15.506,1.79323,1.79339,1.00,1.12
2015.01.12 06:20:16.012,1.79323,1.79337,1.00,1.12
2015.01.12 06:20:16.669,1.79323,1.7934,1.00,1.12
2015.01.12 06:20:16.974,1.79323,1.79342,1.10,1.12
2015.01.12 06:20:17.626,1.79323,1.7934,1.00,1.75
2015.01.12 06:20:17.879,1.79328,1.79342,1.00,1.12
2015.01.12 06:20:18.283,1.79328,1.79338,1.00,1.12
2015.01.12 06:20:18.436,1.79328,1.79341,1.00,1.12
2015.01.12 06:20:18.590,1.79328,1.7934,1.00,1.12
2015.01.12 06:20:19.095,1.79328,1.79338,1.00,1.12
2015.01.12 06:20:19.197,1.79328,1.79342,1.00,1.12
2015.01.12 06:20:19.853,1.79328,1.79344,1.00,1.12
2015.01.12 06:20:22.542,1.79328,1.79343,1.00,1.50
2015.01.12 06:20:23.048,1.79328,1.79342,1.00,1.12
2015.01.12 06:20:23.644,1.79328,1.79341,1.00,1.12
2015.01.12 06:20:24.168,1.79328,1.79339,1.00,1.12
2015.01.12 06:20:25.670,1.79323,1.79339,1.00,1.12
2015.01.12 06:20:25.772,1.79323,1.79337,1.00,1.12
2015.01.12 06:20:25.873,1.79319,1.79337,1.10,1.12
2015.01.12 06:20:26.837,1.79319,1.79337,1.17,1.12
2015.01.12 06:20:26.939,1.79321,1.79337,1.12,1.12
2015.01.12 06:20:27.091,1.79325,1.79347,1.12,3.56
2015.01.12 06:20:27.193,1.79326,1.79346,1.12,1.12
2015.01.12 06:20:27.497,1.79332,1.79349,1.10,1.20
2015.01.12 06:20:27.549,1.79332,1.79351,1.20,2.21
2015.01.12 06:20:28.762,1.79336,1.79351,1.00,1.12
2015.01.12 06:20:29.620,1.79336,1.79353,1.00,1.60
2015.01.12 06:20:33.252,1.79336,1.79355,1.00,1.75
2015.01.12 06:20:34.480,1.79336,1.79355,1.20,1.75
2015.01.12 06:20:34.531,1.79339,1.79356,1.37,1.75
2015.01.12 06:20:34.582,1.79344,1.7936,1.00,1.12
2015.01.12 06:20:34.683,1.79344,1.79363,1.00,1.75
2015.01.12 06:20:34.786,1.79346,1.79365,1.10,1.57
2015.01.12 06:20:35.250,1.79346,1.79368,1.87,2.89
2015.01.12 06:20:36.939,1.79346,1.79366,1.57,1.16
2015.01.12 06:20:36.990,1.79346,1.79366,1.20,1.84
2015.01.12 06:20:37.193,1.79346,1.79365,1.10,1.20
2015.01.12 06:20:37.497,1.79346,1.79362,1.00,1.75
2015.01.12 06:20:39.179,1.79345,1.79362,1.00,1.75
2015.01.12 06:20:39.331,1.79342,1.79361,1.20,1.12
2015.01.12 06:20:39.382,1.79342,1.7936,1.10,1.20
2015.01.12 06:20:39.955,1.79338,1.79358,2.25,1.87
2015.01.12 06:20:41.019,1.79339,1.79358,1.52,1.87
2015.01.12 06:20:41.323,1.79344,1.79362,1.47,1.12
2015.01.12 06:20:41.832,1.79344,1.79362,1.47,1.12
2015.01.12 06:20:42.112,1.79344,1.79362,1.20,1.12
2015.01.12 06:20:42.443,1.79344,1.7936,1.10,1.20
2015.01.12 06:20:42.495,1.79339,1.79358,1.50,1.20
2015.01.12 06:20:42.597,1.79338,1.79357,1.00,1.75
2015.01.12 06:20:42.750,1.79338,1.79355,1.00,1.12
2015.01.12 06:20:43.054,1.79338,1.79352,1.00,1.12
2015.01.12 06:20:46.560,1.79338,1.79355,1.00,1.12
2015.01.12 06:20:49.693,1.79338,1.79355,1.37,1.12
2015.01.12 06:20:49.897,1.79338,1.79357,1.37,1.12
2015.01.12 06:20:50.049,1.79338,1.79357,1.37,1.12
2015.01.12 06:20:50.201,1.79338,1.79358,1.95,1.57
2015.01.12 06:20:50.404,1.79338,1.79358,2.25,1.00
2015.01.12 06:20:52.021,1.79338,1.79358,2.44,1.00
2015.01.12 06:20:54.621,1.79343,1.79363,2.02,2.40
2015.01.12 06:20:57.944,1.79343,1.79363,2.02,2.25
2015.01.12 06:21:02.259,1.79344,1.79363,1.37,2.25
2015.01.12 06:21:02.411,1.79347,1.79365,1.37,1.75
2015.01.12 06:21:02.614,1.79347,1.79367,2.25,1.12
2015.01.12 06:21:02.767,1.79349,1.79369,1.87,1.50
2015.01.12 06:21:03.274,1.79351,1.79369,1.45,1.00
2015.01.12 06:21:03.783,1.79348,1.79369,1.82,1.20
2015.01.12 06:21:04.363,1.79352,1.7937,1.00,1.12
2015.01.12 06:21:06.274,1.79352,1.79372,1.12,1.87
2015.01.12 06:21:09.069,1.79352,1.7937,1.12,1.12
2015.01.12 06:21:09.577,1.79352,1.7937,1.00,1.75
2015.01.12 06:21:11.290,1.79352,1.79369,1.00,1.12
2015.01.12 06:21:11.670,1.79352,1.79366,1.00,1.12
2015.01.12 06:21:12.973,1.79348,1.79366,1.00,1.12
2015.01.12 06:21:16.264,1.79348,1.79368,1.20,2.32
2015.01.12 06:21:18.785,1.79346,1.79365,1.75,1.00
2015.01.12 06:21:18.889,1.79347,1.79365,1.20,1.12
2015.01.12 06:21:20.004,1.79347,1.79368,2.32,1.12
2015.01.12 06:21:20.105,1.79347,1.79366,1.12,1.75
2015.01.12 06:21:20.631,1.79347,1.79366,1.10,1.20
2015.01.12 06:21:22.651,1.79345,1.79364,1.87,1.17
2015.01.12 06:21:23.592,1.79345,1.79364,2.32,1.00
2015.01.12 06:21:24.603,1.79348,1.79367,1.10,1.72
2015.01.12 06:21:31.287,1.79348,1.79367,1.27,1.50
2015.01.12 06:21:31.338,1.79348,1.79367,1.95,1.00
2015.01.12 06:21:31.439,1.79348,1.79367,1.30,1.50
2015.01.12 06:21:34.695,1.79348,1.79367,1.20,2.32
2015.01.12 06:21:34.999,1.79342,1.79361,1.50,1.27
2015.01.12 06:21:35.202,1.7934,1.79361,1.57,2.02
2015.01.12 06:21:35.404,1.7934,1.79358,1.20,1.50
2015.01.12 06:21:35.658,1.79332,1.7935,1.12,1.65
2015.01.12 06:21:35.709,1.79331,1.79344,1.75,1.50
2015.01.12 06:21:35.760,1.79331,1.79344,1.10,1.50
2015.01.12 06:21:35.811,1.79331,1.79342,1.10,1.50
2015.01.12 06:21:35.862,1.79325,1.79342,1.20,1.50
2015.01.12 06:21:35.964,1.79321,1.79339,1.57,1.82
2015.01.12 06:21:36.065,1.79321,1.79337,1.00,2.32
2015.01.12 06:21:36.167,1.79321,1.79335,1.00,1.95
2015.01.12 06:21:36.319,1.79317,1.79334,1.00,1.95
2015.01.12 06:21:36.421,1.79312,1.7933,1.00,1.27
2015.01.12 06:21:36.574,1.79311,1.79328,1.10,1.27
2015.01.12 06:21:36.625,1.79306,1.79327,1.45,1.92
2015.01.12 06:21:36.718,1.79307,1.79325,1.20,1.25
2015.01.12 06:21:37.135,1.79305,1.79327,1.50,2.02
2015.01.12 06:21:37.898,1.79307,1.79327,1.07,1.65
2015.01.12 06:21:38.415,1.79307,1.79328,1.50,1.27
2015.01.12 06:21:38.617,1.79307,1.79329,1.57,1.27
2015.01.12 06:21:38.668,1.7931,1.7933,1.37,1.92
2015.01.12 06:21:38.719,1.79311,1.79331,1.12,1.27
2015.01.12 06:21:38.821,1.79312,1.79331,1.57,1.12
2015.01.12 06:21:39.023,1.7932,1.79341,1.20,2.02
2015.01.12 06:21:39.125,1.79322,1.79341,1.82,1.37
2015.01.12 06:21:39.176,1.79323,1.79343,1.15,1.50
2015.01.12 06:21:39.277,1.79326,1.79347,1.45,1.27
2015.01.12 06:21:39.430,1.79326,1.79348,1.12,1.27
2015.01.12 06:21:39.683,1.79328,1.7935,1.85,2.40
2015.01.12 06:21:39.986,1.79332,1.7935,1.12,1.25
2015.01.12 06:21:40.897,1.79334,1.79352,1.12,2.51
2015.01.12 06:21:42.316,1.79334,1.79351,1.12,1.50
2015.01.12 06:21:42.857,1.79334,1.7935,1.12,1.50
2015.01.12 06:21:43.668,1.79334,1.79349,1.12,1.50
2015.01.12 06:21:43.770,1.79328,1.79349,1.75,1.50
2015.01.12 06:21:51.223,1.79328,1.79346,1.12,1.15
2015.01.12 06:21:51.274,1.79328,1.79346,1.12,1.82
2015.01.12 06:21:51.375,1.79325,1.79344,1.12,1.15
2015.01.12 06:21:57.206,1.79325,1.79346,1.12,1.84
2015.01.12 06:21:57.714,1.79327,1.79347,1.75,1.92
2015.01.12 06:21:57.866,1.79325,1.79346,1.75,1.57
2015.01.12 06:21:58.069,1.79327,1.79346,1.50,1.15
2015.01.12 06:21:58.744,1.79328,1.79347,1.12,1.50
2015.01.12 06:21:58.897,1.79328,1.79348,1.12,1.57
2015.01.12 06:21:58.999,1.79329,1.79348,1.12,1.57
2015.01.12 06:22:03.110,1.7933,1.7935,1.75,1.52
2015.01.12 06:22:03.211,1.7933,1.79348,1.75,1.20
2015.01.12 06:22:06.824,1.7933,1.79349,1.75,1.27
2015.01.12 06:22:06.926,1.7933,1.79347,1.75,1.87
2015.01.12 06:22:07.433,1.79327,1.79345,1.12,1.35
2015.01.12 06:22:07.484,1.79327,1.79343,1.12,1.37
2015.01.12 06:22:07.789,1.79316,1.79334,1.12,1.01
2015.01.12 06:22:07.840,1.79313,1.79332,1.50,2.07
2015.01.12 06:22:07.941,1.79312,1.79332,1.12,3.56
2015.01.12 06:22:07.993,1.79311,1.7933,1.87,1.82
2015.01.12 06:22:08.500,1.79311,1.79329,1.07,1.95
2015.01.12 06:22:12.364,1.7931,1.79329,1.12,1.65
2015.01.12 06:22:12.668,1.7931,1.79325,1.12,1.07
2015.01.12 06:22:12.820,1.79307,1.79325,1.20,1.15
2015.01.12 06:22:13.330,1.79304,1.79325,1.50,1.27
2015.01.12 06:22:14.048,1.79308,1.79325,1.07,1.15
2015.01.12 06:22:14.638,1.79308,1.79326,1.07,1.27
2015.01.12 06:22:14.740,1.79308,1.79329,1.50,2.27
2015.01.12 06:22:14.842,1.79308,1.7933,1.87,3.26
2015.01.12 06:22:20.272,1.79308,1.79326,1.75,1.07
2015.01.12 06:22:20.576,1.79308,1.79325,1.75,2.25
2015.01.12 06:22:20.728,1.79305,1.79319,1.50,1.15
2015.01.12 06:22:20.830,1.79303,1.79319,1.50,1.52
2015.01.12 06:22:20.881,1.79303,1.79317,1.12,1.20
2015.01.12 06:22:20.932,1.79301,1.79315,1.75,1.50
2015.01.12 06:22:21.085,1.79296,1.79314,1.12,1.82
2015.01.12 06:22:21.240,1.79291,1.79314,1.20,2.70
2015.01.12 06:22:21.291,1.79291,1.79313,1.20,1.27
2015.01.12 06:22:21.342,1.79293,1.79314,1.20,1.92
2015.01.12 06:22:21.393,1.79295,1.79314,1.12,1.27
2015.01.12 06:22:21.495,1.79293,1.79313,1.45,1.45
2015.01.12 06:22:25.777,1.79293,1.79313,1.87,1.12
2015.01.12 06:22:26.081,1.79295,1.79313,1.15,1.12
2015.01.12 06:22:26.233,1.79295,1.79316,1.65,1.12
2015.01.12 06:22:26.338,1.79296,1.79318,1.27,1.82
2015.01.12 06:22:27.102,1.79299,1.79318,1.07,1.12
2015.01.12 06:22:27.612,1.79298,1.79316,1.50,1.12
2015.01.12 06:22:27.916,1.79301,1.79316,1.50,1.12
2015.01.12 06:22:28.221,1.79307,1.79317,1.12,1.12
2015.01.12 06:22:28.323,1.79307,1.79329,1.50,1.75
2015.01.12 06:22:28.425,1.79313,1.79332,1.20,1.87
2015.01.12 06:22:28.679,1.79318,1.79337,1.50,1.87
2015.01.12 06:22:29.103,1.79321,1.79339,1.07,1.12
2015.01.12 06:22:29.617,1.7932,1.79341,2.32,1.12
2015.01.12 06:22:29.780,1.79322,1.79343,1.27,2.06
2015.01.12 06:22:35.558,1.7932,1.7934,1.95,1.12
2015.01.12 06:22:36.519,1.7932,1.7934,1.52,1.12
2015.01.12 06:23:05.490,1.79321,1.79338,1.10,1.12
2015.01.12 06:23:06.495,1.79321,1.79339,1.10,1.45
2015.01.12 06:23:08.352,1.79321,1.7934,1.12,1.34
2015.01.12 06:23:08.454,1.79319,1.7934,1.27,1.76
2015.01.12 06:23:08.910,1.79319,1.79338,1.00,1.27
2015.01.12 06:23:09.243,1.79319,1.79339,1.57,1.16
2015.01.12 06:23:20.854,1.7932,1.7934,1.52,1.01
2015.01.12 06:23:20.905,1.79321,1.79341,1.45,1.76
2015.01.12 06:23:23.273,1.79319,1.79339,1.12,1.20
2015.01.12 06:23:23.324,1.79319,1.79339,1.12,1.87
2015.01.12 06:23:24.045,1.79317,1.79338,1.27,1.12
2015.01.12 06:23:24.096,1.79317,1.79337,1.27,1.12
2015.01.12 06:23:44.936,1.79315,1.79336,1.27,1.12
2015.01.12 06:23:44.987,1.79314,1.79336,1.90,1.75
2015.01.12 06:23:46.620,1.79316,1.79337,1.55,1.20
2015.01.12 06:23:47.513,1.79314,1.79336,1.27,1.12
2015.01.12 06:23:55.852,1.79315,1.79337,1.27,1.87
2015.01.12 06:23:56.505,1.79317,1.79337,1.12,2.06
2015.01.12 06:24:06.630,1.79315,1.79336,1.27,1.12
2015.01.12 06:24:06.681,1.79314,1.79336,1.90,1.75
2015.01.12 06:24:06.984,1.79314,1.79332,1.75,1.00
2015.01.12 06:24:07.288,1.79312,1.79332,1.91,1.57
2015.01.12 06:24:07.960,1.79312,1.79331,1.00,1.82
2015.01.12 06:24:09.154,1.79312,1.79331,1.27,1.75
2015.01.12 06:24:09.660,1.79312,1.79332,2.40,1.87
2015.01.12 06:24:13.560,1.79313,1.79332,1.20,1.50
2015.01.12 06:24:13.611,1.79314,1.79332,1.75,1.00
2015.01.12 06:24:17.227,1.79312,1.79332,2.77,1.20
2015.01.12 06:24:18.272,1.79312,1.79332,2.10,1.57
2015.01.12 06:24:18.877,1.79312,1.79331,1.72,1.12
2015.01.12 06:24:20.413,1.79312,1.79332,1.27,1.95
2015.01.12 06:24:26.336,1.79312,1.7933,1.20,1.75
2015.01.12 06:24:26.718,1.79312,1.79327,1.00,1.12
2015.01.12 06:24:29.021,1.79312,1.79327,1.00,1.50
2015.01.12 06:24:29.327,1.793,1.79312,1.12,1.12
2015.01.12 06:24:29.428,1.79293,1.79313,1.37,2.02
2015.01.12 06:24:29.789,1.79293,1.79309,1.37,1.12
2015.01.12 06:24:32.846,1.79293,1.79309,1.37,1.12
2015.01.12 06:24:32.897,1.79293,1.7931,1.37,1.75
2015.01.12 06:24:33.619,1.79293,1.7931,1.00,1.75
2015.01.12 06:24:33.822,1.79293,1.79312,1.47,1.12
2015.01.12 06:24:36.269,1.79293,1.79313,1.95,2.32
2015.01.12 06:24:37.900,1.79293,1.79313,1.65,1.95
2015.01.12 06:24:38.667,1.79293,1.79313,1.20,1.95
2015.01.12 06:24:40.996,1.79293,1.79313,1.17,1.87
2015.01.12 06:24:41.622,1.79293,1.79313,2.02,1.87
2015.01.12 06:24:41.872,1.79296,1.79316,1.87,1.12
2015.01.12 06:24:41.923,1.79296,1.79317,2.70,1.12
2015.01.12 06:24:41.974,1.79296,1.79318,3.07,1.57
2015.01.12 06:24:42.076,1.793,1.79318,1.12,1.00
2015.01.12 06:24:42.178,1.79302,1.79322,1.87,1.31
2015.01.12 06:24:43.043,1.79302,1.79322,2.25,1.00
2015.01.12 06:24:47.809,1.79302,1.79322,3.07,1.00
2015.01.12 06:24:49.785,1.79302,1.79322,2.70,1.75
2015.01.12 06:24:49.837,1.79302,1.79321,1.35,1.12
2015.01.12 06:24:49.990,1.79301,1.79317,1.52,1.00
2015.01.12 06:24:50.968,1.79299,1.79317,1.27,1.12
2015.01.12 06:24:51.069,1.79298,1.79317,2.02,1.20
2015.01.12 06:24:51.222,1.79298,1.79317,1.35,1.85
2015.01.12 06:24:54.668,1.79298,1.79315,1.27,1.20
2015.01.12 06:24:54.720,1.79295,1.79314,1.65,1.75
2015.01.12 06:24:54.822,1.79295,1.7931,1.00,2.62
2015.01.12 06:24:54.923,1.79292,1.79309,1.00,1.27
2015.01.12 06:24:54.974,1.79292,1.79309,1.00,1.35
2015.01.12 06:24:55.177,1.79286,1.79304,1.65,1.10
2015.01.12 06:25:01.538,1.79285,1.79304,2.10,1.50
2015.01.12 06:25:02.054,1.79285,1.79304,1.62,1.87
2015.01.12 06:25:04.432,1.79285,1.79304,2.32,1.87
2015.01.12 06:25:04.939,1.79288,1.79304,1.10,1.12
2015.01.12 06:25:05.755,1.79288,1.79305,1.27,1.12
2015.01.12 06:25:06.276,1.79288,1.79306,1.35,1.12
2015.01.12 06:25:07.688,1.79288,1.79309,2.02,1.87
2015.01.12 06:25:07.790,1.79288,1.79309,2.77,1.50
2015.01.12 06:25:08.299,1.79288,1.79309,3.45,1.50
2015.01.12 06:25:10.466,1.79293,1.7931,1.37,1.75
2015.01.12 06:25:10.770,1.79307,1.79325,1.10,1.12
2015.01.12 06:25:11.074,1.79307,1.79327,1.35,1.75
2015.01.12 06:25:11.429,1.79307,1.79328,2.40,1.50
2015.01.12 06:25:11.783,1.7931,1.79329,2.25,1.75
2015.01.12 06:25:12.087,1.79314,1.79329,1.15,1.75
2015.01.12 06:25:12.543,1.79314,1.79332,1.25,2.00
2015.01.12 06:25:12.796,1.79314,1.79332,1.10,1.01
2015.01.12 06:25:13.343,1.79314,1.79332,1.17,1.01
2015.01.12 06:25:14.420,1.79314,1.79333,1.07,1.12
2015.01.12 06:25:15.083,1.79314,1.7933,1.10,1.12
2015.01.12 06:25:17.263,1.79314,1.79332,1.10,1.31
2015.01.12 06:25:17.365,1.79314,1.79332,1.10,1.20
2015.01.12 06:25:18.188,1.79314,1.79332,1.10,1.12
2015.01.12 06:25:18.290,1.79314,1.79331,1.00,1.75
2015.01.12 06:25:18.803,1.79312,1.79331,1.27,1.12
2015.01.12 06:25:18.956,1.79312,1.79331,1.20,1.12
2015.01.12 06:25:21.004,1.79313,1.79329,2.17,1.45
2015.01.12 06:25:21.208,1.79334,1.79348,1.12,2.23
2015.01.12 06:25:21.259,1.79336,1.79347,1.92,1.00
2015.01.12 06:25:21.310,1.7934,1.79352,1.20,1.00
2015.01.12 06:25:21.361,1.79342,1.79362,1.20,1.85
2015.01.12 06:25:21.412,1.79343,1.79362,1.39,1.00
2015.01.12 06:25:21.564,1.79348,1.79362,1.12,1.00
2015.01.12 06:25:21.615,1.79348,1.79367,1.12,2.02
2015.01.12 06:25:21.818,1.79346,1.79366,1.97,1.45
2015.01.12 06:25:21.971,1.79346,1.79368,1.46,1.65
2015.01.12 06:25:22.022,1.79351,1.79368,1.20,1.10
2015.01.12 06:25:22.073,1.79352,1.79372,1.20,1.57
2015.01.12 06:25:22.124,1.79355,1.79372,1.12,1.20
2015.01.12 06:25:22.429,1.79356,1.79374,1.31,1.37
2015.01.12 06:25:22.531,1.79356,1.79381,1.39,1.27
2015.01.12 06:25:22.582,1.79364,1.79382,1.12,1.57
2015.01.12 06:25:22.633,1.79364,1.79383,1.50,1.27
2015.01.12 06:25:22.684,1.79364,1.79383,1.50,1.30
2015.01.12 06:25:22.887,1.79364,1.79386,1.12,1.20
2015.01.12 06:25:23.393,1.79364,1.79388,1.12,1.57
2015.01.12 06:25:23.444,1.79364,1.79384,1.12,1.19
2015.01.12 06:25:23.748,1.79356,1.79376,1.50,1.12
2015.01.12 06:25:24.205,1.79355,1.79376,1.20,1.12
2015.01.12 06:25:24.308,1.79353,1.79374,1.50,1.12
2015.01.12 06:25:24.409,1.79353,1.79374,1.07,1.12
2015.01.12 06:25:24.764,1.79351,1.7937,1.50,1.65
2015.01.12 06:25:24.968,1.79346,1.79367,1.50,1.20
2015.01.12 06:25:25.069,1.79346,1.79367,1.07,1.50
2015.01.12 06:25:25.120,1.79345,1.79367,1.50,1.82
2015.01.12 06:25:25.324,1.79342,1.79366,1.20,2.25
2015.01.12 06:25:25.425,1.79341,1.79362,1.50,1.12
2015.01.12 06:25:25.648,1.79341,1.79362,1.47,1.50
2015.01.12 06:25:25.861,1.79339,1.79362,1.97,1.50
2015.01.12 06:25:27.406,1.7934,1.7936,1.20,1.75
2015.01.12 06:25:27.952,1.79339,1.79361,1.20,1.12
2015.01.12 06:25:28.366,1.79337,1.79358,2.02,1.12
2015.01.12 06:25:34.105,1.79336,1.79356,1.97,1.12
2015.01.12 06:25:34.663,1.79334,1.79355,1.12,1.20
2015.01.12 06:25:34.917,1.79331,1.79351,1.84,1.12
2015.01.12 06:25:35.170,1.79328,1.7935,3.07,1.95
2015.01.12 06:25:35.221,1.79328,1.7935,1.50,1.52
2015.01.12 06:25:35.323,1.79322,1.79349,1.15,2.05
2015.01.12 06:25:35.374,1.79319,1.79345,2.40,1.12
2015.01.12 06:25:35.425,1.79317,1.79343,1.20,1.57
2015.01.12 06:25:35.476,1.79315,1.79342,1.20,3.37
2015.01.12 06:25:35.527,1.79313,1.79337,1.20,1.52
2015.01.12 06:25:36.056,1.79311,1.79338,1.30,1.95
2015.01.12 06:25:36.364,1.79311,1.79338,1.01,1.39
2015.01.12 06:25:36.891,1.79315,1.79337,1.27,1.60
2015.01.12 06:25:37.196,1.79315,1.79337,1.25,1.31
2015.01.12 06:25:37.298,1.79313,1.79334,2.51,1.12
2015.01.12 06:25:40.291,1.79315,1.79334,1.15,1.12
2015.01.12 06:25:43.005,1.79314,1.79334,1.52,1.12
2015.01.12 06:25:44.648,1.79314,1.79335,1.52,1.12
2015.01.12 06:25:45.164,1.79314,1.79336,1.27,1.12
2015.01.12 06:25:46.288,1.79316,1.79336,1.07,1.12
2015.01.12 06:25:46.829,1.79315,1.79336,1.82,1.12
2015.01.12 06:25:47.195,1.79318,1.7934,2.27,1.20
2015.01.12 06:25:48.106,1.79322,1.79342,1.57,1.12
2015.01.12 06:25:48.612,1.7932,1.79342,1.95,1.12
2015.01.12 06:25:49.175,1.7932,1.7934,1.90,1.12
2015.01.12 06:25:49.691,1.79321,1.79341,1.52,1.12
2015.01.12 06:25:51.073,1.7932,1.79341,1.95,1.12
2015.01.12 06:25:52.992,1.79319,1.7934,1.65,1.12
2015.01.12 06:25:55.715,1.79318,1.79339,2.27,1.47
2015.01.12 06:25:56.019,1.79316,1.79335,1.25,1.12
2015.01.12 06:25:56.221,1.79314,1.79332,1.25,1.12
2015.01.12 06:25:59.072,1.79314,1.79332,1.15,1.12
2015.01.12 06:25:59.729,1.79314,1.79332,1.25,1.12
2015.01.12 06:26:00.288,1.79314,1.79332,1.15,1.12
2015.01.12 06:26:00.935,1.79311,1.79328,1.00,1.75
2015.01.12 06:26:01.036,1.79311,1.79327,1.00,1.12
2015.01.12 06:26:01.391,1.79309,1.79326,1.00,1.75
2015.01.12 06:26:03.173,1.79307,1.79325,1.55,1.12
2015.01.12 06:26:03.376,1.79307,1.79324,1.00,1.12
2015.01.12 06:26:12.285,1.79307,1.79325,1.20,1.75
2015.01.12 06:26:12.387,1.79307,1.79325,1.47,1.12
2015.01.12 06:26:12.893,1.7931,1.79325,1.00,1.12
2015.01.12 06:26:13.045,1.7931,1.79328,1.00,1.12
2015.01.12 06:26:19.875,1.7931,1.79329,1.50,1.12
2015.01.12 06:26:20.404,1.7931,1.79331,1.57,1.12
2015.01.12 06:26:26.247,1.79316,1.79331,1.00,1.12
2015.01.12 06:26:27.553,1.79316,1.79332,1.00,1.12
2015.01.12 06:26:28.062,1.79317,1.79333,1.00,1.75
2015.01.12 06:26:28.214,1.79323,1.7934,1.10,1.12
2015.01.12 06:26:28.315,1.79326,1.79346,1.50,1.85
2015.01.12 06:26:28.417,1.79326,1.79346,2.25,1.20
2015.01.12 06:26:28.468,1.7933,1.79349,1.10,1.12
2015.01.12 06:26:28.519,1.7933,1.7935,1.20,1.75
2015.01.12 06:26:28.571,1.79331,1.79351,1.12,1.50
2015.01.12 06:26:28.622,1.79331,1.79351,1.50,1.45
2015.01.12 06:26:28.673,1.79331,1.79352,2.70,1.12
2015.01.12 06:26:29.194,1.79334,1.79355,1.75,1.75
2015.01.12 06:26:31.553,1.79333,1.79355,1.12,1.12
2015.01.12 06:26:31.604,1.79333,1.79354,1.12,1.75
2015.01.12 06:26:32.037,1.79335,1.79354,1.85,1.75
2015.01.12 06:26:32.291,1.79346,1.79364,1.10,1.12
2015.01.12 06:26:32.494,1.79346,1.79367,1.50,2.25
2015.01.12 06:26:32.544,1.79346,1.79366,1.12,1.12
2015.01.12 06:26:32.949,1.7934,1.79364,1.31,1.12
2015.01.12 06:26:33.051,1.79339,1.79361,1.84,1.12
2015.01.12 06:26:33.354,1.79339,1.79355,1.39,1.12
2015.01.12 06:26:34.155,1.79339,1.79357,1.56,1.12
2015.01.12 06:26:34.257,1.79339,1.79358,1.37,1.12
2015.01.12 06:26:36.587,1.7934,1.79359,1.07,1.75
2015.01.12 06:26:36.789,1.79342,1.79362,1.27,1.75
2015.01.12 06:26:37.143,1.79343,1.79364,1.87,1.12
2015.01.12 06:26:37.245,1.79344,1.79365,1.27,1.75
2015.01.12 06:26:37.953,1.79344,1.79365,2.02,1.75
2015.01.12 06:26:38.458,1.79344,1.79365,2.02,1.75
2015.01.12 06:26:44.164,1.79347,1.79365,1.37,1.75
2015.01.12 06:26:44.468,1.79347,1.79365,1.37,1.75
2015.01.12 06:26:44.569,1.79347,1.79367,1.57,1.75
2015.01.12 06:26:44.925,1.7935,1.79368,1.47,1.12
2015.01.12 06:26:45.128,1.79351,1.79371,1.65,1.12
2015.01.12 06:26:45.282,1.79352,1.79372,1.12,1.12
2015.01.12 06:26:45.865,1.79353,1.79373,1.12,1.12
2015.01.12 06:26:46.446,1.79354,1.79373,1.82,1.12
2015.01.12 06:26:46.548,1.79357,1.79379,2.62,1.75
2015.01.12 06:26:46.599,1.79357,1.79378,1.12,1.12
2015.01.12 06:26:46.700,1.79359,1.79376,1.47,1.12
2015.01.12 06:26:46.751,1.79359,1.79376,1.57,1.12
2015.01.12 06:26:46.802,1.79359,1.79379,2.32,3.82
2015.01.12 06:26:46.853,1.79359,1.79379,1.57,3.82
2015.01.12 06:26:46.905,1.79359,1.7938,1.10,1.12
2015.01.12 06:26:47.058,1.79363,1.7938,1.12,1.12
2015.01.12 06:26:47.159,1.79359,1.7938,1.10,1.12
2015.01.12 06:26:47.362,1.79356,1.79378,1.09,1.12
2015.01.12 06:26:47.465,1.79355,1.79378,1.74,1.12
2015.01.12 06:26:48.140,1.79356,1.79378,1.46,1.12
2015.01.12 06:26:48.748,1.79356,1.79378,1.55,1.12
2015.01.12 06:26:49.001,1.79356,1.79381,1.65,1.12
2015.01.12 06:26:50.269,1.79356,1.79381,1.84,1.12
2015.01.12 06:26:50.675,1.79356,1.79378,1.84,1.12
2015.01.12 06:26:51.133,1.79356,1.79376,1.76,1.12
2015.01.12 06:26:51.676,1.79357,1.79377,1.12,1.12
2015.01.12 06:26:51.998,1.79356,1.79377,1.69,1.12
2015.01.12 06:26:52.048,1.79356,1.79375,1.25,1.75
2015.01.12 06:26:54.834,1.79356,1.79375,1.17,1.75
2015.01.12 06:26:55.830,1.79354,1.79374,1.27,1.12
2015.01.12 06:26:56.914,1.79354,1.79374,1.52,1.12
2015.01.12 06:26:57.017,1.79354,1.79375,1.57,1.75
2015.01.12 06:26:57.325,1.79354,1.79375,3.00,1.75
2015.01.12 06:26:57.832,1.79356,1.79376,3.45,1.12
2015.01.12 06:26:58.942,1.79358,1.79376,1.15,1.12
2015.01.12 06:26:59.913,1.79357,1.79376,1.82,1.12
2015.01.12 06:27:01.454,1.79355,1.79375,1.09,1.12
2015.01.12 06:27:02.427,1.79357,1.79375,1.07,1.12
2015.01.12 06:27:04.960,1.79358,1.79375,1.20,1.12
2015.01.12 06:27:05.062,1.79358,1.79376,1.27,1.75
2015.01.12 06:27:06.072,1.79358,1.79378,1.46,1.75
2015.01.12 06:27:07.065,1.79357,1.79378,1.46,1.12
2015.01.12 06:27:07.166,1.79357,1.79378,1.40,1.12
2015.01.12 06:27:07.268,1.79357,1.79376,1.40,1.12
2015.01.12 06:27:07.943,1.79356,1.79375,2.06,1.12
2015.01.12 06:27:09.168,1.79358,1.79375,1.50,1.12
2015.01.12 06:27:09.270,1.79358,1.79375,1.50,1.12
2015.01.12 06:27:09.776,1.79358,1.79373,2.62,1.12
2015.01.12 06:27:09.878,1.79358,1.79376,2.62,1.75
2015.01.12 06:27:10.759,1.79358,1.79378,2.96,1.75
2015.01.12 06:27:11.360,1.79357,1.79378,1.35,1.75
2015.01.12 06:27:11.462,1.79356,1.79377,1.76,1.12
2015.01.12 06:27:12.163,1.79355,1.79375,2.29,1.75
2015.01.12 06:27:13.979,1.79355,1.79375,2.32,1.12
2015.01.12 06:27:20.926,1.79355,1.79376,2.89,1.12
2015.01.12 06:27:20.978,1.79356,1.79377,1.35,1.75
2015.01.12 06:27:21.483,1.79356,1.79376,1.37,1.12
2015.01.12 06:27:24.216,1.79355,1.79374,2.21,1.12
2015.01.12 06:27:24.419,1.79356,1.79376,1.09,1.12
2015.01.12 06:27:24.926,1.79355,1.79376,2.21,1.12
2015.01.12 06:27:25.605,1.79355,1.79376,2.89,1.75
2015.01.12 06:27:30.214,1.79357,1.79376,1.60,1.75
2015.01.12 06:27:32.912,1.79356,1.79376,1.44,1.75
2015.01.12 06:27:33.115,1.79355,1.79375,1.24,1.75
2015.01.12 06:27:36.092,1.79356,1.79375,1.07,1.75
2015.01.12 06:27:38.192,1.79356,1.79377,1.65,1.12
2015.01.12 06:27:39.827,1.79356,1.79375,1.30,1.12
2015.01.12 06:27:40.371,1.79356,1.79376,2.14,1.12
2015.01.12 06:27:45.608,1.79358,1.79376,1.15,1.12
2015.01.12 06:27:51.365,1.79359,1.79378,1.25,1.12
2015.01.12 06:27:51.618,1.79359,1.7938,1.25,1.12
2015.01.12 06:27:51.669,1.79359,1.79379,1.15,1.12
2015.01.12 06:27:52.035,1.79358,1.79377,1.27,1.12
2015.01.12 06:27:53.743,1.79357,1.79377,1.09,1.12
2015.01.12 06:27:53.946,1.79358,1.79376,1.39,1.12
2015.01.12 06:27:54.249,1.79356,1.79376,2.44,1.12
2015.01.12 06:27:54.756,1.79355,1.79376,2.21,1.12
2015.01.12 06:27:55.237,1.79358,1.79376,1.50,1.12
2015.01.12 06:27:55.338,1.79358,1.79378,1.92,1.75
2015.01.12 06:27:55.884,1.79359,1.79375,1.20,1.12
2015.01.12 06:28:00.062,1.79361,1.79378,1.17,1.12
2015.01.12 06:28:00.164,1.79359,1.79375,1.67,1.12
2015.01.12 06:28:00.316,1.79359,1.79377,1.77,1.12
2015.01.12 06:28:00.823,1.79359,1.79378,1.39,1.75
2015.01.12 06:28:03.400,1.7936,1.79381,1.35,1.75
2015.01.12 06:28:03.655,1.79359,1.7938,2.21,1.12
2015.01.12 06:28:04.273,1.79359,1.79378,1.84,1.12
2015.01.12 06:28:08.513,1.79361,1.79377,1.17,1.12
2015.01.12 06:28:09.111,1.79361,1.79378,1.27,1.12
2015.01.12 06:28:09.656,1.7936,1.7938,2.12,1.12
2015.01.12 06:28:11.696,1.79361,1.79379,1.27,1.12
2015.01.12 06:28:12.214,1.79361,1.79378,1.20,1.12
2015.01.12 06:28:12.265,1.79361,1.7938,1.65,1.12
2015.01.12 06:28:12.417,1.79361,1.79378,1.20,1.12
2015.01.12 06:28:12.519,1.79361,1.7938,2.40,1.12
2015.01.12 06:28:12.621,1.79362,1.79383,1.65,1.12
2015.01.12 06:28:12.824,1.79363,1.79384,2.51,1.10
2015.01.12 06:28:12.925,1.79364,1.79384,2.10,1.10
2015.01.12 06:28:13.229,1.7937,1.79389,1.52,1.01
2015.01.12 06:28:14.901,1.79369,1.7939,2.02,1.12
2015.01.12 06:28:15.418,1.79368,1.79388,2.10,1.75
2015.01.12 06:28:17.107,1.79368,1.79388,1.72,1.75
2015.01.12 06:28:17.616,1.79368,1.79388,1.75,1.75
2015.01.12 06:28:18.135,1.79368,1.79388,1.20,1.92
2015.01.12 06:28:18.439,1.79366,1.79386,1.22,1.12
2015.01.12 06:28:18.946,1.79367,1.79387,1.07,1.20
2015.01.12 06:28:18.997,1.79367,1.79388,1.45,2.40
2015.01.12 06:28:19.502,1.79366,1.79386,1.75,1.27
2015.01.12 06:28:19.753,1.79361,1.79381,1.87,1.25
2015.01.12 06:28:20.007,1.79361,1.79379,1.75,1.07
2015.01.12 06:28:20.108,1.79359,1.79379,2.25,1.25
2015.01.12 06:28:20.210,1.79359,1.79377,1.10,1.20
2015.01.12 06:28:20.666,1.79355,1.79376,1.32,2.02
2015.01.12 06:28:20.717,1.79354,1.79372,1.20,1.07
2015.01.12 06:28:20.970,1.79351,1.79371,2.07,1.20
2015.01.12 06:28:21.478,1.79354,1.79373,1.37,1.27
2015.01.12 06:28:23.587,1.79355,1.79374,1.50,1.27
2015.01.12 06:28:23.739,1.79356,1.79374,1.75,1.00
2015.01.12 06:28:24.177,1.79358,1.79374,1.12,1.00
2015.01.12 06:28:24.330,1.79359,1.79379,1.20,2.21
2015.01.12 06:28:24.381,1.79361,1.79379,1.12,1.16
2015.01.12 06:28:25.093,1.79361,1.79379,1.12,1.27
2015.01.12 06:28:25.246,1.79359,1.79379,1.57,1.35
2015.01.12 06:28:25.348,1.79359,1.79379,2.25,1.27
2015.01.12 06:28:26.276,1.79359,1.79379,1.57,1.35
2015.01.12 06:28:26.786,1.79359,1.79379,1.95,1.27
2015.01.12 06:28:27.241,1.79359,1.79379,2.70,1.20
2015.01.12 06:28:27.547,1.79364,1.79384,1.95,1.57
2015.01.12 06:28:28.053,1.79365,1.79384,1.12,1.20
2015.01.12 06:28:29.469,1.79365,1.79384,1.27,1.00
2015.01.12 06:28:29.775,1.79364,1.79382,1.00,1.75
2015.01.12 06:28:30.284,1.79364,1.79381,1.00,1.27
2015.01.12 06:28:33.356,1.79364,1.79379,1.00,1.12
2015.01.12 06:28:33.457,1.79359,1.79376,1.10,1.12
2015.01.12 06:28:41.216,1.79359,1.79376,1.17,1.12
2015.01.12 06:28:41.317,1.79363,1.79379,1.00,1.12
2015.01.12 06:28:41.634,1.79363,1.79377,1.00,1.12
2015.01.12 06:28:41.735,1.7936,1.79377,1.00,1.12
2015.01.12 06:28:45.359,1.7936,1.79376,1.00,1.12
2015.01.12 06:28:45.916,1.7936,1.79374,1.00,1.12
2015.01.12 06:28:48.330,1.7936,1.79376,1.07,1.12
2015.01.12 06:28:48.381,1.7936,1.79377,1.57,1.75
2015.01.12 06:28:48.483,1.7936,1.79379,1.72,1.50
2015.01.12 06:28:48.787,1.79364,1.79381,1.07,1.12
2015.01.12 06:28:49.091,1.79364,1.7938,1.00,1.12
2015.01.12 06:28:49.814,1.79364,1.79381,1.00,1.12
2015.01.12 06:28:50.118,1.79364,1.79381,1.27,1.12
2015.01.12 06:28:51.774,1.79364,1.79381,1.20,1.12
2015.01.12 06:28:52.280,1.79364,1.79379,1.20,1.75
2015.01.12 06:28:52.533,1.79364,1.79375,1.20,1.12
2015.01.12 06:28:52.954,1.79358,1.79375,2.14,1.12
2015.01.12 06:28:53.221,1.79361,1.79375,1.07,1.12
2015.01.12 06:28:53.424,1.79363,1.79378,1.15,1.12
2015.01.12 06:28:53.629,1.79363,1.7938,1.15,1.12
2015.01.12 06:28:53.781,1.79363,1.7938,1.82,1.12
2015.01.12 06:28:58.618,1.79363,1.79382,2.02,1.50
2015.01.12 06:28:59.252,1.79363,1.79382,1.92,1.87
2015.01.12 06:29:00.283,1.79363,1.79382,1.16,1.87
2015.01.12 06:29:00.334,1.79363,1.79379,1.32,1.12
2015.01.12 06:29:00.846,1.79363,1.79379,1.01,1.12
2015.01.12 06:29:01.353,1.79363,1.79378,1.10,1.75
2015.01.12 06:29:02.333,1.79363,1.79378,1.17,1.75
2015.01.12 06:29:02.637,1.79358,1.79378,1.99,1.75
2015.01.12 06:29:04.806,1.79358,1.79378,1.37,1.75
2015.01.12 06:29:10.010,1.79358,1.79378,1.20,1.82
2015.01.12 06:29:10.922,1.79356,1.79374,1.75,1.10
2015.01.12 06:29:11.126,1.79353,1.79373,1.45,1.20
2015.01.12 06:29:14.242,1.79353,1.79373,1.12,1.85
2015.01.12 06:29:14.446,1.79351,1.7937,1.00,1.95
2015.01.12 06:29:14.497,1.79347,1.79367,1.32,1.17
2015.01.12 06:29:14.872,1.79348,1.79367,1.12,1.35
2015.01.12 06:29:17.306,1.79345,1.79367,4.69,1.87
2015.01.12 06:29:17.461,1.7935,1.79367,1.00,1.12
2015.01.12 06:29:18.273,1.7935,1.79367,1.17,1.12
2015.01.12 06:29:20.363,1.7935,1.79368,1.27,1.12
2015.01.12 06:29:22.574,1.7935,1.79369,2.02,1.10
2015.01.12 06:29:24.071,1.79354,1.79372,1.12,1.75
2015.01.12 06:29:24.122,1.79355,1.79372,1.75,1.00
2015.01.12 06:29:24.223,1.79353,1.79372,1.20,1.12
2015.01.12 06:29:25.535,1.79355,1.79372,1.12,1.00
2015.01.12 06:29:26.202,1.79356,1.79372,1.12,1.00
2015.01.12 06:29:28.457,1.79356,1.79377,2.25,1.65
2015.01.12 06:29:28.711,1.79358,1.79377,1.50,1.57
2015.01.12 06:29:28.762,1.7936,1.79377,1.12,1.10
2015.01.12 06:29:36.246,1.7936,1.79377,1.50,1.00
2015.01.12 06:29:36.348,1.79361,1.7938,1.65,1.12
2015.01.12 06:29:36.450,1.79363,1.79384,1.55,1.10
2015.01.12 06:29:36.552,1.79367,1.79384,1.57,1.00
2015.01.12 06:29:36.603,1.79367,1.79387,2.02,1.47
2015.01.12 06:29:36.958,1.79368,1.79387,1.50,1.10
2015.01.12 06:29:37.464,1.7937,1.79387,1.12,1.10
2015.01.12 06:29:38.926,1.7937,1.79387,1.12,1.15
2015.01.12 06:29:39.079,1.79368,1.79387,2.25,1.15
2015.01.12 06:29:41.413,1.79368,1.79387,1.75,2.25
2015.01.12 06:29:42.466,1.79366,1.79385,1.87,1.15
2015.01.12 06:29:43.425,1.79366,1.79387,1.87,2.40
2015.01.12 06:29:44.032,1.79366,1.79385,1.20,1.52
2015.01.12 06:29:50.075,1.79367,1.79387,1.12,1.20
2015.01.12 06:29:54.586,1.79369,1.79387,1.31,1.00
2015.01.12 06:29:57.666,1.79368,1.79387,1.20,1.20
2015.01.12 06:29:58.978,1.7937,1.79387,1.45,1.00
2015.01.12 06:29:59.769,1.7937,1.79387,2.62,1.00
2015.01.12 06:29:59.821,1.79375,1.7939,1.10,1.45
2015.01.12 06:30:00.277,1.79375,1.7939,1.15,1.50
2015.01.12 06:30:00.683,1.79373,1.79388,1.10,1.75
2015.01.12 06:30:01.756,1.79373,1.79388,1.00,2.32
2015.01.12 06:30:01.807,1.79368,1.79388,1.57,3.07
2015.01.12 06:30:01.972,1.79368,1.79385,1.37,1.45
2015.01.12 06:30:02.449,1.79367,1.79385,1.84,1.45
2015.01.12 06:30:02.602,1.79368,1.79388,1.12,2.32
2015.01.12 06:30:02.755,1.79368,1.79388,1.12,2.32
2015.01.12 06:30:03.216,1.79368,1.79388,1.50,2.32
2015.01.12 06:30:03.267,1.7937,1.79388,2.25,1.50
2015.01.12 06:30:03.318,1.79371,1.79389,1.52,1.75
2015.01.12 06:30:03.421,1.79377,1.79389,1.12,2.32
2015.01.12 06:30:03.523,1.79377,1.79393,1.52,1.12
2015.01.12 06:30:04.069,1.79377,1.79393,1.15,1.12
2015.01.12 06:30:04.170,1.79377,1.79393,1.00,1.12
2015.01.12 06:30:06.925,1.79377,1.79392,1.00,1.20
2015.01.12 06:30:06.976,1.79371,1.79387,1.12,4.35
2015.01.12 06:30:07.027,1.7937,1.79385,1.00,1.27
2015.01.12 06:30:07.078,1.79368,1.79385,1.00,3.37
2015.01.12 06:30:07.180,1.79366,1.79384,1.00,1.52
2015.01.12 06:30:07.332,1.79364,1.79382,1.27,1.12
2015.01.12 06:30:07.636,1.79364,1.7938,1.00,1.12
2015.01.12 06:30:07.688,1.79364,1.79382,1.10,1.52
2015.01.12 06:30:07.789,1.79364,1.7938,1.00,1.12
2015.01.12 06:30:09.230,1.79364,1.79383,1.10,2.70
2015.01.12 06:30:10.200,1.79364,1.7938,1.00,1.12
2015.01.12 06:30:10.769,1.79364,1.79383,1.00,3.75
2015.01.12 06:30:11.275,1.79364,1.79382,1.00,1.27
2015.01.12 06:30:17.974,1.79368,1.79381,2.25,1.75
2015.01.12 06:30:18.482,1.7937,1.79381,2.25,1.75
2015.01.12 06:30:18.686,1.79376,1.79388,4.35,1.12
2015.01.12 06:30:18.788,1.79376,1.79391,4.35,1.12
2015.01.12 06:30:18.889,1.79376,1.79393,4.35,1.12
2015.01.12 06:30:19.192,1.79373,1.79393,1.77,2.02
2015.01.12 06:30:19.396,1.79373,1.7939,1.46,1.07
2015.01.12 06:30:19.549,1.79371,1.7939,3.07,1.27
2015.01.12 06:30:19.600,1.7937,1.79387,3.37,1.10
2015.01.12 06:30:19.802,1.79369,1.79387,3.37,1.10
2015.01.12 06:30:20.005,1.79368,1.79387,3.19,2.92
2015.01.12 06:30:20.509,1.79368,1.79387,1.09,3.00
2015.01.12 06:30:24.423,1.79368,1.79387,3.00,1.07
2015.01.12 06:30:24.726,1.79373,1.79387,2.17,1.00
2015.01.12 06:30:24.777,1.79373,1.7939,2.25,1.20
2015.01.12 06:30:26.412,1.79372,1.7939,4.35,1.27
2015.01.12 06:30:28.588,1.79372,1.79388,2.25,1.75
2015.01.12 06:30:32.142,1.79371,1.79388,3.00,1.75
2015.01.12 06:30:32.193,1.79371,1.79388,1.10,1.75
2015.01.12 06:30:32.603,1.79372,1.79388,2.17,1.75
2015.01.12 06:30:47.064,1.79371,1.79388,1.17,1.85
2015.01.12 06:30:47.266,1.79371,1.79386,1.00,1.85
2015.01.12 06:30:48.025,1.79371,1.79388,1.00,3.75
2015.01.12 06:30:48.452,1.79371,1.79388,3.00,1.75
2015.01.12 06:30:50.474,1.79371,1.79388,1.00,3.75
2015.01.12 06:30:50.677,1.79371,1.79386,1.00,1.20
2015.01.12 06:30:54.264,1.79367,1.79386,1.00,6.22
2015.01.12 06:30:54.881,1.79364,1.79383,5.10,1.20
2015.01.12 06:30:56.923,1.79364,1.79383,3.00,1.27
2015.01.12 06:30:57.430,1.79365,1.79383,2.70,1.17
2015.01.12 06:30:58.512,1.79366,1.79383,2.32,1.00
2015.01.12 06:31:01.009,1.79364,1.79383,2.02,1.20
2015.01.12 06:31:01.161,1.79364,1.79383,1.35,2.02
2015.01.12 06:31:11.546,1.79369,1.79383,1.00,1.55
2015.01.12 06:31:16.629,1.79369,1.79386,1.00,1.15
2015.01.12 06:31:17.156,1.79371,1.79387,2.25,1.75
2015.01.12 06:31:17.308,1.79371,1.79388,2.25,1.09
2015.01.12 06:31:19.764,1.79369,1.79388,4.12,1.37
2015.01.12 06:31:39.782,1.79369,1.79388,1.57,3.15
2015.01.12 06:31:40.770,1.79369,1.79386,1.10,2.70
2015.01.12 06:31:52.293,1.79367,1.79384,1.17,1.20
2015.01.12 06:31:54.139,1.79373,1.79384,1.12,1.10
2015.01.12 06:31:54.544,1.79375,1.79391,1.27,1.00
2015.01.12 06:31:54.645,1.79377,1.79395,3.19,1.20
2015.01.12 06:31:54.696,1.79382,1.79396,1.75,3.00
2015.01.12 06:31:54.797,1.79379,1.79394,1.75,1.20
2015.01.12 06:31:54.949,1.79379,1.79393,1.75,2.25
2015.01.12 06:31:55.254,1.79377,1.7939,1.12,2.25
2015.01.12 06:31:56.110,1.79375,1.7939,1.75,2.25
2015.01.12 06:31:57.455,1.79373,1.7939,1.75,2.25
2015.01.12 06:31:58.155,1.79373,1.79391,1.85,4.35
2015.01.12 06:32:00.446,1.79373,1.7939,2.32,1.00
2015.01.12 06:32:01.161,1.79372,1.79387,1.12,1.00
2015.01.12 06:32:01.473,1.79369,1.79384,1.12,1.10
2015.01.12 06:32:01.625,1.79366,1.79384,1.85,3.00
2015.01.12 06:32:02.185,1.79365,1.79384,1.95,3.45
2015.01.12 06:32:02.540,1.79365,1.7938,1.12,2.25
2015.01.12 06:32:02.643,1.79364,1.7938,1.12,2.25
2015.01.12 06:32:03.272,1.79364,1.79379,1.87,2.25
2015.01.12 06:32:03.329,1.79369,1.79381,2.25,1.10
2015.01.12 06:32:03.431,1.79371,1.79388,1.20,1.27
2015.01.12 06:32:03.482,1.79372,1.79388,2.00,1.07
2015.01.12 06:32:03.685,1.79376,1.79393,1.45,1.07
2015.01.12 06:32:04.150,1.79378,1.79393,1.12,1.07
2015.01.12 06:32:06.675,1.79381,1.79396,1.12,2.25
2015.01.12 06:32:06.979,1.79384,1.79396,1.12,2.25
2015.01.12 06:32:07.806,1.79382,1.79396,1.12,2.25
2015.01.12 06:32:10.448,1.79382,1.79397,1.12,1.10
2015.01.12 06:32:10.965,1.79383,1.79398,1.12,1.17
2015.01.12 06:32:11.579,1.79382,1.79398,1.12,1.17
2015.01.12 06:32:12.479,1.79382,1.79398,1.52,1.00
2015.01.12 06:32:13.549,1.79384,1.79401,1.10,3.45
2015.01.12 06:32:14.079,1.79384,1.79401,1.65,1.00
2015.01.12 06:32:18.124,1.79384,1.79401,1.30,1.20
2015.01.12 06:32:23.189,1.79384,1.79401,1.10,3.45
2015.01.12 06:32:25.692,1.79382,1.79396,1.52,1.00
2015.01.12 06:32:26.975,1.79383,1.79401,1.17,3.45
2015.01.12 06:32:27.077,1.79384,1.79401,2.25,1.27
2015.01.12 06:32:30.320,1.79382,1.79401,4.50,1.27
2015.01.12 06:32:31.236,1.79384,1.79401,1.45,1.07
2015.01.12 06:32:31.639,1.79382,1.79401,4.20,1.20
2015.01.12 06:32:31.690,1.79382,1.794,1.65,2.25
2015.01.12 06:32:31.995,1.79381,1.79398,1.12,2.25
2015.01.12 06:32:32.529,1.79381,1.79395,1.12,1.00
2015.01.12 06:32:32.782,1.79379,1.79395,1.12,1.00
2015.01.12 06:32:36.892,1.79381,1.79395,2.55,1.00
2015.01.12 06:32:36.993,1.79381,1.79398,3.37,1.10
2015.01.12 06:32:42.841,1.79381,1.79396,2.62,1.00
2015.01.12 06:32:45.454,1.79381,1.79398,3.37,1.10
2015.01.12 06:32:46.958,1.79383,1.79398,2.25,1.10
2015.01.12 06:32:47.475,1.79384,1.79401,2.25,1.12
2015.01.12 06:32:52.263,1.79383,1.79401,3.00,1.20
2015.01.12 06:32:55.256,1.79381,1.79399,2.62,1.27
2015.01.12 06:32:55.357,1.79381,1.79395,2.62,1.00
2015.01.12 06:32:55.964,1.79378,1.79395,1.37,1.00
2015.01.12 06:32:59.486,1.7938,1.79395,1.12,1.00
2015.01.12 06:33:15.002,1.79379,1.79395,2.62,1.00
2015.01.12 06:33:18.869,1.79379,1.79395,3.37,1.00
2015.01.12 06:33:48.238,1.79378,1.79395,6.22,1.00
2015.01.12 06:33:48.802,1.79381,1.79398,1.00,2.02
2015.01.12 06:34:00.515,1.79381,1.79398,1.12,1.65
2015.01.12 06:34:00.567,1.79381,1.79398,1.50,1.20
2015.01.12 06:34:01.275,1.79381,1.79398,1.50,1.17
2015.01.12 06:34:01.377,1.79381,1.79397,1.50,2.25
2015.01.12 06:34:01.884,1.79381,1.79396,1.10,4.35
2015.01.12 06:34:08.293,1.79381,1.79398,1.10,3.37
2015.01.12 06:34:08.344,1.79381,1.79398,1.57,3.00
2015.01.12 06:34:09.306,1.7938,1.79395,1.12,2.25
2015.01.12 06:34:09.559,1.79372,1.79388,1.27,1.00
2015.01.12 06:34:09.661,1.7937,1.79388,5.85,1.00
2015.01.12 06:34:10.397,1.79373,1.79388,2.25,1.00
2015.01.12 06:34:10.499,1.79371,1.79388,3.00,1.00
2015.01.12 06:34:10.550,1.79373,1.79388,1.45,1.00
2015.01.12 06:34:10.652,1.79371,1.79388,3.37,1.00
2015.01.12 06:34:10.905,1.79371,1.79385,1.12,1.10
2015.01.12 06:34:11.006,1.79368,1.79385,1.95,1.10
2015.01.12 06:34:11.108,1.79368,1.79385,1.87,3.00
2015.01.12 06:34:11.411,1.79366,1.7938,1.20,1.00
2015.01.12 06:34:12.070,1.79365,1.7938,3.37,1.00
2015.01.12 06:34:13.758,1.79363,1.7938,2.02,1.00
2015.01.12 06:34:19.131,1.79364,1.7938,2.70,1.00
2015.01.12 06:34:20.300,1.79371,1.7938,2.62,1.00
2015.01.12 06:34:20.453,1.79373,1.79384,2.25,1.00
2015.01.12 06:34:20.504,1.79375,1.79387,2.25,1.00
2015.01.12 06:34:20.605,1.79376,1.79391,1.82,1.00
2015.01.12 06:34:20.808,1.79378,1.79391,1.12,1.00
2015.01.12 06:34:20.909,1.79378,1.79393,3.37,1.00
2015.01.12 06:34:21.213,1.7938,1.79393,1.20,1.00
2015.01.12 06:34:23.081,1.79378,1.79393,3.37,1.00
2015.01.12 06:34:37.952,1.79376,1.79393,1.65,1.00
2015.01.12 06:34:53.198,1.79376,1.79393,2.40,1.00
2015.01.12 06:34:53.712,1.79378,1.79393,1.12,1.00
2015.01.12 06:34:59.216,1.79378,1.79393,1.50,1.00
2015.01.12 06:34:59.736,1.79381,1.79393,1.07,1.00
2015.01.12 06:35:00.545,1.79381,1.79396,1.07,1.10
2015.01.12 06:35:01.234,1.79381,1.79396,1.12,1.10
2015.01.12 06:35:01.541,1.79383,1.79396,1.12,1.10
2015.01.12 06:35:02.272,1.79383,1.794,5.47,1.00
2015.01.12 06:35:02.641,1.79385,1.79402,1.27,1.57
2015.01.12 06:35:04.081,1.79385,1.79402,1.20,1.65
2015.01.12 06:35:04.590,1.79383,1.794,2.02,1.10
2015.01.12 06:35:06.892,1.79383,1.794,1.37,1.10
2015.01.12 06:35:24.449,1.79383,1.794,3.15,1.10
2015.01.12 06:35:28.386,1.79383,1.794,2.40,1.07
2015.01.12 06:35:33.958,1.79383,1.794,2.32,1.10
2015.01.12 06:35:34.501,1.79383,1.794,1.25,1.00
2015.01.12 06:35:36.175,1.79382,1.79397,2.62,1.07
2015.01.12 06:35:36.378,1.79376,1.79393,1.00,6.30
2015.01.12 06:35:36.479,1.79373,1.79386,2.25,1.00
2015.01.12 06:35:36.733,1.79374,1.7939,1.07,1.20
2015.01.12 06:35:37.254,1.79374,1.79391,1.17,1.27
2015.01.12 06:35:37.612,1.79376,1.79391,2.17,1.20
2015.01.12 06:35:40.629,1.79375,1.79391,2.25,1.20
2015.01.12 06:35:40.680,1.79374,1.79391,1.25,1.20
2015.01.12 06:35:43.813,1.79374,1.7939,1.15,1.12
2015.01.12 06:35:46.940,1.79374,1.79391,1.25,1.12
2015.01.12 06:35:56.359,1.79374,1.79391,1.20,1.27
2015.01.12 06:35:56.460,1.79374,1.79391,1.10,2.02
2015.01.12 06:35:59.766,1.79374,1.79391,1.15,1.87
2015.01.12 06:36:02.508,1.79374,1.79391,1.15,1.20
2015.01.12 06:36:03.261,1.79374,1.79391,1.00,1.05
2015.01.12 06:36:06.849,1.79371,1.79387,5.85,1.00
2015.01.12 06:36:07.356,1.79371,1.79387,1.75,1.65
2015.01.12 06:36:07.963,1.79371,1.79384,1.75,1.00
2015.01.12 06:36:10.028,1.79371,1.79388,1.85,1.00
2015.01.12 06:36:11.654,1.7937,1.79388,1.52,1.10
2015.01.12 06:36:19.905,1.79373,1.79388,2.25,1.10
2015.01.12 06:36:23.897,1.79373,1.7939,3.45,1.10
2015.01.12 06:36:24.151,1.79376,1.79392,4.35,1.12
2015.01.12 06:36:24.202,1.79376,1.79394,4.35,1.50
2015.01.12 06:36:24.556,1.79379,1.79393,2.25,1.20
2015.01.12 06:36:24.860,1.79387,1.79401,2.25,1.50
2015.01.12 06:36:25.013,1.79387,1.79402,2.25,1.00
2015.01.12 06:36:25.368,1.7939,1.79406,1.55,1.12
2015.01.12 06:36:25.419,1.7939,1.79407,3.45,1.87
2015.01.12 06:36:25.471,1.79392,1.79407,2.62,1.12
2015.01.12 06:36:25.988,1.79393,1.79407,1.20,1.50
2015.01.12 06:36:26.342,1.79392,1.79402,2.40,1.00
2015.01.12 06:36:26.677,1.79392,1.79407,2.40,1.00
2015.01.12 06:36:27.197,1.79392,1.79408,3.15,1.00
2015.01.12 06:36:29.167,1.79392,1.79407,3.15,1.00
2015.01.12 06:36:29.269,1.79392,1.79407,1.20,1.10
2015.01.12 06:36:29.522,1.79392,1.79402,1.20,1.00
2015.01.12 06:36:29.624,1.79392,1.79407,1.00,1.20
2015.01.12 06:36:30.011,1.79389,1.79407,2.32,1.95
2015.01.12 06:36:30.322,1.79389,1.79402,2.32,1.00
2015.01.12 06:36:30.423,1.79389,1.79407,3.00,1.10
2015.01.12 06:36:31.048,1.7939,1.79407,2.40,1.10
2015.01.12 06:36:31.150,1.79392,1.79403,2.70,1.00
2015.01.12 06:36:31.613,1.79392,1.79407,4.80,1.00
2015.01.12 06:36:32.123,1.79391,1.79407,1.52,1.50
2015.01.12 06:36:33.330,1.7939,1.79407,2.70,1.00
2015.01.12 06:36:33.381,1.79392,1.79407,2.25,1.00
2015.01.12 06:36:38.290,1.79394,1.79407,2.25,1.00
2015.01.12 06:36:40.200,1.79396,1.7941,2.25,1.00
2015.01.12 06:36:43.111,1.79392,1.7941,5.17,1.10
2015.01.12 06:36:43.162,1.79392,1.79407,5.17,1.00
2015.01.12 06:36:43.559,1.79394,1.79407,2.32,1.00
2015.01.12 06:36:43.610,1.79394,1.7941,4.42,1.10
2015.01.12 06:36:43.814,1.79394,1.79407,4.42,1.00
2015.01.12 06:36:44.119,1.79397,1.79412,2.32,1.00
2015.01.12 06:36:44.730,1.79397,1.79413,1.00,1.57
2015.01.12 06:36:44.933,1.79394,1.7941,2.70,1.00
2015.01.12 06:36:45.036,1.79394,1.79412,2.70,1.10
2015.01.12 06:36:45.087,1.79396,1.79412,3.37,1.00
2015.01.12 06:36:45.391,1.79399,1.79415,2.17,1.00
2015.01.12 06:36:45.796,1.79406,1.79418,2.17,1.12
2015.01.12 06:36:45.949,1.79404,1.79422,2.25,1.87
2015.01.12 06:36:46.001,1.79404,1.79422,2.32,1.87
2015.01.12 06:36:46.102,1.79403,1.7942,3.00,1.45
2015.01.12 06:36:46.609,1.79403,1.79421,1.07,1.20
2015.01.12 06:36:47.215,1.79403,1.79422,1.95,3.45
2015.01.12 06:36:49.643,1.79403,1.79412,1.95,1.00
2015.01.12 06:36:49.896,1.79403,1.79418,1.12,1.10
2015.01.12 06:36:49.948,1.794,1.79418,3.07,1.20
2015.01.12 06:36:50.150,1.794,1.79417,2.70,1.20
2015.01.12 06:36:50.606,1.79402,1.7942,1.27,1.12
2015.01.12 06:36:51.696,1.79403,1.79422,1.45,1.35
2015.01.12 06:36:53.742,1.79403,1.79418,1.45,1.00
2015.01.12 06:36:54.046,1.79403,1.79421,1.12,1.27
2015.01.12 06:36:54.256,1.79403,1.7942,1.00,3.00
2015.01.12 06:36:54.408,1.794,1.79419,1.27,1.35
2015.01.12 06:36:54.920,1.794,1.79419,2.02,1.15
2015.01.12 06:36:57.479,1.794,1.79417,2.02,1.00
2015.01.12 06:36:57.934,1.79401,1.79419,3.00,1.10
2015.01.12 06:36:58.036,1.79403,1.79422,2.25,5.25
2015.01.12 06:36:59.937,1.79405,1.79423,1.17,1.20
2015.01.12 06:37:00.443,1.79405,1.79424,1.95,3.45
2015.01.12 06:37:01.402,1.79405,1.79417,1.95,1.00
2015.01.12 06:37:01.554,1.79405,1.79421,1.12,2.25
2015.01.12 06:37:01.655,1.79405,1.79419,1.12,2.25
2015.01.12 06:37:01.706,1.79402,1.79419,1.76,2.25
2015.01.12 06:37:01.807,1.79401,1.79419,1.39,3.45
2015.01.12 06:37:02.262,1.79402,1.79422,3.56,3.82
2015.01.12 06:37:02.771,1.79402,1.79421,1.12,4.72
2015.01.12 06:37:03.140,1.79402,1.79419,1.00,1.27
2015.01.12 06:37:05.996,1.79402,1.79416,1.00,1.12
2015.01.12 06:37:06.774,1.794,1.79415,1.00,5.17
2015.01.12 06:37:07.079,1.794,1.79419,1.00,3.15
2015.01.12 06:37:07.231,1.794,1.79421,1.15,6.60
2015.01.12 06:37:07.456,1.794,1.79417,1.52,1.00
2015.01.12 06:37:07.558,1.794,1.79421,1.52,6.60
2015.01.12 06:37:07.609,1.794,1.79421,1.52,6.60
2015.01.12 06:37:10.618,1.794,1.79417,1.52,1.12
2015.01.12 06:37:11.635,1.79399,1.79414,2.55,2.25
2015.01.12 06:37:11.685,1.79398,1.79414,1.57,4.42
2015.01.12 06:37:12.191,1.79397,1.79415,1.07,3.00
2015.01.12 06:37:12.292,1.79397,1.79417,2.70,3.26
2015.01.12 06:37:12.343,1.79399,1.79417,4.72,1.01
2015.01.12 06:37:12.649,1.79399,1.79415,4.72,1.12
2015.01.12 06:37:13.207,1.79399,1.79415,5.47,1.12
2015.01.12 06:37:13.258,1.79402,1.7942,1.05,1.20
2015.01.12 06:37:13.360,1.79405,1.79422,3.75,1.75
2015.01.12 06:37:13.672,1.79408,1.79425,1.12,3.94
2015.01.12 06:37:15.353,1.79409,1.79425,1.45,1.10
2015.01.12 06:37:16.920,1.79413,1.79428,1.00,1.10
2015.01.12 06:37:16.971,1.79413,1.79428,3.00,1.00
2015.01.12 06:37:17.275,1.79426,1.79438,2.25,1.20
2015.01.12 06:37:17.381,1.79427,1.79447,1.90,1.87
2015.01.12 06:37:17.432,1.79429,1.79447,1.50,1.00
2015.01.12 06:37:17.837,1.79433,1.79448,2.62,1.10
2015.01.12 06:37:17.939,1.79434,1.79456,1.20,4.50
2015.01.12 06:37:18.128,1.7944,1.79456,1.12,1.00
2015.01.12 06:37:18.229,1.79437,1.79456,1.50,1.10
2015.01.12 06:37:19.877,1.79439,1.79456,3.00,1.10
2015.01.12 06:37:20.130,1.79445,1.79462,1.45,1.00
2015.01.12 06:37:20.181,1.79451,1.79462,1.12,1.00
2015.01.12 06:37:20.233,1.79451,1.79464,1.12,1.00
2015.01.12 06:37:20.284,1.79453,1.79464,1.12,1.00
2015.01.12 06:37:20.335,1.79453,1.79473,1.12,1.84
2015.01.12 06:37:20.847,1.7945,1.79472,1.20,1.20
2015.01.12 06:37:21.970,1.79452,1.79471,1.12,4.35
2015.01.12 06:37:26.410,1.79452,1.79471,1.12,4.72
2015.01.12 06:37:27.123,1.79451,1.79471,1.12,5.85
2015.01.12 06:37:27.644,1.79451,1.79466,1.12,1.75
2015.01.12 06:37:27.899,1.79434,1.79451,1.12,1.17
2015.01.12 06:37:28.001,1.79431,1.79448,1.12,2.25
2015.01.12 06:37:28.177,1.79428,1.79446,1.12,2.32
2015.01.12 06:37:28.379,1.79428,1.79446,1.12,1.10
2015.01.12 06:37:28.430,1.79426,1.79446,1.52,1.87
2015.01.12 06:37:30.099,1.79427,1.79448,1.75,5.10
2015.01.12 06:37:31.392,1.79427,1.79449,1.95,1.95
2015.01.12 06:37:31.960,1.7943,1.79449,1.12,2.25
2015.01.12 06:37:32.912,1.7943,1.79451,1.12,4.80
2015.01.12 06:37:35.182,1.79438,1.79452,2.25,1.12
2015.01.12 06:37:35.384,1.79439,1.7946,4.80,1.12
2015.01.12 06:37:35.486,1.79437,1.79455,2.25,1.12
2015.01.12 06:37:35.790,1.79435,1.79453,1.75,2.62
2015.01.12 06:37:36.043,1.7943,1.7945,1.75,2.40
2015.01.12 06:37:38.936,1.7943,1.79448,1.75,4.35
2015.01.12 06:37:39.089,1.79428,1.79448,1.75,4.50
2015.01.12 06:37:39.342,1.79426,1.79448,1.75,5.85
2015.01.12 06:37:39.545,1.79425,1.79445,1.60,1.12
2015.01.12 06:37:41.988,1.79424,1.79444,2.32,1.12
2015.01.12 06:37:42.336,1.79422,1.79444,1.64,1.52
2015.01.12 06:37:43.302,1.79422,1.79442,1.12,3.07
2015.01.12 06:37:43.817,1.79422,1.79441,1.12,2.25
2015.01.12 06:37:44.133,1.79422,1.79439,1.12,2.25
2015.01.12 06:37:44.437,1.7942,1.79437,1.12,2.25
2015.01.12 06:37:44.741,1.7942,1.79435,1.12,2.25
2015.01.12 06:37:45.309,1.79422,1.79442,1.87,2.02
2015.01.12 06:37:45.411,1.7943,1.79442,2.25,1.12
2015.01.12 06:37:45.525,1.7943,1.79451,3.07,1.10
2015.01.12 06:37:45.576,1.79436,1.79451,1.75,1.10
2015.01.12 06:37:46.135,1.79442,1.79451,1.00,1.10
2015.01.12 06:37:46.239,1.79441,1.7946,1.10,1.75
2015.01.12 06:37:46.341,1.79442,1.79463,1.01,4.57
2015.01.12 06:37:46.392,1.79444,1.79462,1.09,1.07
2015.01.12 06:37:46.494,1.79445,1.79462,1.12,1.12
2015.01.12 06:37:46.749,1.79442,1.79462,4.12,1.12
2015.01.12 06:37:46.850,1.79446,1.79466,1.20,4.50
2015.01.12 06:37:47.365,1.79448,1.79466,1.12,2.32
2015.01.12 06:37:47.669,1.79445,1.79462,1.20,1.00
2015.01.12 06:37:47.721,1.79445,1.79466,1.20,3.07
2015.01.12 06:37:47.823,1.79448,1.79462,1.12,1.00
2015.01.12 06:37:47.925,1.79445,1.79462,1.85,1.00
2015.01.12 06:37:47.977,1.79445,1.79466,1.85,3.00
2015.01.12 06:37:48.129,1.79447,1.79467,1.75,2.10
2015.01.12 06:37:48.446,1.79447,1.79462,1.75,1.00
2015.01.12 06:37:48.599,1.79447,1.79466,1.75,1.10
2015.01.12 06:37:49.140,1.7945,1.79469,5.47,2.25
2015.01.12 06:37:49.445,1.79458,1.79472,1.12,1.20
2015.01.12 06:37:49.547,1.79457,1.79472,1.12,1.20
2015.01.12 06:37:49.648,1.79451,1.79472,1.55,1.35
2015.01.12 06:37:49.801,1.79453,1.79474,1.12,5.55
2015.01.12 06:37:50.104,1.79452,1.79472,1.12,1.55
2015.01.12 06:37:50.762,1.7945,1.7947,1.12,1.65
2015.01.12 06:37:51.303,1.7945,1.79469,1.12,2.70
2015.01.12 06:37:51.556,1.79448,1.79469,1.46,3.75
2015.01.12 06:37:51.860,1.79447,1.79467,1.12,2.70
2015.01.12 06:37:52.113,1.79443,1.79462,1.12,1.25
2015.01.12 06:37:52.215,1.7944,1.79462,1.27,1.27
2015.01.12 06:37:52.721,1.79439,1.79461,3.26,1.35
2015.01.12 06:37:53.076,1.79442,1.79462,1.12,3.37
2015.01.12 06:37:53.757,1.79442,1.79462,1.87,3.37
2015.01.12 06:37:53.960,1.79451,1.79472,1.12,5.55
2015.01.12 06:37:54.061,1.7945,1.79471,1.20,1.27
2015.01.12 06:37:54.163,1.79453,1.79473,1.50,1.65
2015.01.12 06:37:54.467,1.79452,1.79473,3.45,1.50
2015.01.12 06:37:54.778,1.79455,1.79475,1.50,2.32
2015.01.12 06:37:55.081,1.79457,1.79478,3.07,1.12
2015.01.12 06:37:55.401,1.79457,1.79479,2.32,1.45
2015.01.12 06:37:56.374,1.79455,1.79479,3.37,3.37
2015.01.12 06:37:56.629,1.79457,1.79479,2.32,1.20
2015.01.12 06:37:56.963,1.79466,1.79482,2.25,1.75
2015.01.12 06:37:57.267,1.79466,1.79485,2.32,1.26
2015.01.12 06:37:59.177,1.79464,1.79485,1.52,1.32
2015.01.12 06:37:59.430,1.79463,1.79485,3.37,1.31
2015.01.12 06:37:59.948,1.79463,1.79483,3.37,1.12
2015.01.12 06:38:00.352,1.7946,1.79482,1.92,1.92
2015.01.12 06:38:00.760,1.7946,1.7948,1.75,2.40
2015.01.12 06:38:00.963,1.79457,1.79478,1.85,3.00
2015.01.12 06:38:01.115,1.79461,1.79478,1.75,2.25
2015.01.12 06:38:01.318,1.79459,1.79478,1.12,2.25
2015.01.12 06:38:02.188,1.79457,1.79477,1.75,1.35
2015.01.12 06:38:02.748,1.79455,1.79477,1.12,2.02
2015.01.12 06:38:03.396,1.79458,1.79477,1.12,1.20
2015.01.12 06:38:05.857,1.79458,1.79477,1.12,2.32
2015.01.12 06:38:06.379,1.79458,1.79478,1.12,3.00
2015.01.12 06:38:06.785,1.79458,1.79476,1.12,2.25
2015.01.12 06:38:07.251,1.79457,1.79476,1.12,3.07
2015.01.12 06:38:08.366,1.79457,1.79472,1.12,1.00
2015.01.12 06:38:08.587,1.79457,1.79476,1.12,3.07
2015.01.12 06:38:09.251,1.79458,1.79476,1.75,2.62
2015.01.12 06:38:09.613,1.79458,1.79478,1.75,1.61
2015.01.12 06:38:13.070,1.79459,1.7948,1.27,1.46
2015.01.12 06:38:13.475,1.79463,1.79481,2.17,1.31
2015.01.12 06:38:13.578,1.79462,1.79482,4.50,1.75
2015.01.12 06:38:13.881,1.79463,1.79485,3.75,1.76
2015.01.12 06:38:13.983,1.79466,1.79486,3.30,1.31
2015.01.12 06:38:14.288,1.79468,1.79486,2.32,1.20
2015.01.12 06:38:14.491,1.79465,1.79487,3.37,1.12
2015.01.12 06:38:14.542,1.79467,1.79489,1.85,1.76
2015.01.12 06:38:16.705,1.79467,1.79485,1.75,2.25
2015.01.12 06:38:16.857,1.79462,1.79484,2.44,1.92
2015.01.12 06:38:17.466,1.79461,1.79484,2.59,1.92
2015.01.12 06:38:17.719,1.7946,1.79483,1.84,1.15
2015.01.12 06:38:18.077,1.7946,1.79483,1.84,1.52
2015.01.12 06:38:18.381,1.7946,1.7948,1.46,1.50
2015.01.12 06:38:18.687,1.79459,1.79477,4.61,1.12
2015.01.12 06:38:19.900,1.79459,1.7948,3.00,1.95
2015.01.12 06:38:20.254,1.7946,1.79482,1.20,3.75
2015.01.12 06:38:21.538,1.79459,1.7948,4.31,1.57
2015.01.12 06:38:21.589,1.79459,1.79479,1.46,1.20
2015.01.12 06:38:22.246,1.7946,1.7948,1.12,2.70
2015.01.12 06:38:24.295,1.7946,1.79481,1.12,3.07
2015.01.12 06:38:24.801,1.7946,1.79482,3.37,1.90
2015.01.12 06:38:25.842,1.79463,1.79485,1.12,1.65
2015.01.12 06:38:27.840,1.79469,1.79484,1.00,2.62
2015.01.12 06:38:28.043,1.79463,1.79481,1.57,2.70
2015.01.12 06:38:28.196,1.7946,1.79477,1.31,2.55
2015.01.12 06:38:28.297,1.79459,1.79477,1.50,2.62
2015.01.12 06:38:28.349,1.79459,1.79477,1.50,2.62
2015.01.12 06:38:28.450,1.79457,1.79476,1.52,1.07
2015.01.12 06:38:28.501,1.7946,1.79481,1.75,1.27
2015.01.12 06:38:28.552,1.7946,1.79481,1.75,1.20
2015.01.12 06:38:28.604,1.79458,1.79478,1.45,2.62
2015.01.12 06:38:28.908,1.79453,1.79473,1.85,3.37
2015.01.12 06:38:28.959,1.79452,1.79472,1.12,1.90
2015.01.12 06:38:29.061,1.79454,1.79473,1.12,2.62
2015.01.12 06:38:29.531,1.79454,1.79473,1.12,2.62
2015.01.12 06:38:30.094,1.79454,1.79475,1.45,1.16
2015.01.12 06:38:30.916,1.79452,1.79473,4.50,1.12
2015.01.12 06:38:31.478,1.79458,1.79473,1.00,1.12
2015.01.12 06:38:31.580,1.79458,1.79476,1.27,1.50
2015.01.12 06:38:31.783,1.7946,1.7948,1.12,1.84
2015.01.12 06:38:33.365,1.7946,1.7948,1.45,1.57
2015.01.12 06:38:33.885,1.79463,1.7948,1.00,1.57
2015.01.12 06:38:34.897,1.7946,1.79479,1.12,1.57
2015.01.12 06:38:34.999,1.79458,1.79477,1.39,1.57
2015.01.12 06:38:36.549,1.79458,1.79479,1.20,3.45
2015.01.12 06:38:36.865,1.79458,1.79479,1.95,3.45
2015.01.12 06:38:39.871,1.79458,1.79479,1.39,3.45
2015.01.12 06:38:39.923,1.79462,1.79479,1.12,2.62
2015.01.12 06:38:40.228,1.79454,1.79471,1.75,5.47
2015.01.12 06:38:40.280,1.79451,1.79468,1.75,1.15
2015.01.12 06:38:41.243,1.79453,1.79468,1.12,1.17
2015.01.12 06:38:41.548,1.79455,1.79468,1.12,3.00
2015.01.12 06:38:41.853,1.79455,1.79465,1.12,4.35
2015.01.12 06:38:43.109,1.79453,1.79465,1.12,4.35
2015.01.12 06:38:43.210,1.79453,1.79462,1.12,2.17
2015.01.12 06:38:43.567,1.79453,1.79465,1.12,4.35
2015.01.12 06:38:43.669,1.7945,1.79465,1.12,4.35
2015.01.12 06:38:44.207,1.79449,1.79465,1.01,4.42
2015.01.12 06:38:46.586,1.79447,1.79464,1.12,1.10
2015.01.12 06:38:47.282,1.79447,1.79463,1.12,2.25
2015.01.12 06:38:48.294,1.79447,1.7946,1.12,2.17
2015.01.12 06:38:48.750,1.79444,1.79459,1.12,4.35
2015.01.12 06:38:52.690,1.79446,1.79459,1.12,4.35
2015.01.12 06:38:54.941,1.79446,1.79461,1.12,3.00
2015.01.12 06:38:55.922,1.79446,1.79461,1.12,1.17
2015.01.12 06:38:55.973,1.79447,1.79461,1.12,1.17
2015.01.12 06:38:56.125,1.79446,1.79462,1.12,2.25
2015.01.12 06:38:56.530,1.79444,1.79463,1.57,3.37
2015.01.12 06:38:56.884,1.79446,1.79463,1.12,1.17
2015.01.12 06:38:57.440,1.79446,1.79463,1.12,1.10
2015.01.12 06:38:58.768,1.79444,1.79463,1.65,1.27
2015.01.12 06:38:59.175,1.79446,1.79463,1.12,1.10
2015.01.12 06:39:04.129,1.79446,1.79463,1.12,1.17
2015.01.12 06:39:05.555,1.79447,1.79463,1.12,1.17
2015.01.12 06:39:06.453,1.79445,1.79463,1.12,1.27
2015.01.12 06:39:06.555,1.79447,1.79463,1.12,1.17
2015.01.12 06:39:11.382,1.79447,1.79462,1.12,2.25
2015.01.12 06:39:11.838,1.79444,1.79462,1.20,4.80
2015.01.12 06:39:12.354,1.79444,1.79462,1.87,4.72
2015.01.12 06:39:12.890,1.79445,1.79461,1.12,1.15
2015.01.12 06:39:13.396,1.79445,1.79461,1.12,1.10
2015.01.12 06:39:13.902,1.79446,1.79461,1.12,1.10
2015.01.12 06:39:15.487,1.79446,1.79464,1.12,1.10
2015.01.12 06:39:15.690,1.79448,1.79464,1.75,1.10
2015.01.12 06:39:16.694,1.79448,1.79464,1.75,1.17
2015.01.12 06:39:18.386,1.79448,1.79463,1.75,2.25
2015.01.12 06:39:19.008,1.79447,1.79463,1.12,2.25
2015.01.12 06:39:22.502,1.79447,1.79464,1.12,1.10
2015.01.12 06:39:26.375,1.79448,1.79466,1.12,3.00
2015.01.12 06:39:27.234,1.7945,1.79466,1.57,1.00
2015.01.12 06:39:27.285,1.79452,1.79472,1.12,3.37
2015.01.12 06:39:27.437,1.79453,1.79472,1.12,2.70
2015.01.12 06:39:28.627,1.79453,1.79469,1.12,2.25
2015.01.12 06:39:28.678,1.79451,1.79469,1.12,2.32
2015.01.12 06:39:28.729,1.79451,1.79467,1.12,2.25
2015.01.12 06:39:28.881,1.79448,1.79465,1.12,1.10
2015.01.12 06:39:29.395,1.79448,1.79465,1.12,1.15
2015.01.12 06:39:29.649,1.79452,1.79465,1.00,1.15
2015.01.12 06:39:29.904,1.79466,1.79481,2.55,1.00
2015.01.12 06:39:29.955,1.79467,1.79483,2.62,1.00
2015.01.12 06:39:30.006,1.79467,1.79485,2.62,1.00
2015.01.12 06:39:30.108,1.79471,1.7949,1.27,1.95
2015.01.12 06:39:30.209,1.79471,1.7949,4.24,1.00
2015.01.12 06:39:30.361,1.79471,1.7949,2.06,3.00
2015.01.12 06:39:30.867,1.79471,1.79489,1.39,4.80
2015.01.12 06:39:31.171,1.79471,1.79485,1.12,2.25
2015.01.12 06:39:31.222,1.79467,1.79485,1.12,3.00
2015.01.12 06:39:33.188,1.79465,1.79485,2.44,3.00
2015.01.12 06:39:35.399,1.79467,1.79488,1.30,4.50
2015.01.12 06:39:35.501,1.79469,1.79488,1.75,3.00
2015.01.12 06:39:35.907,1.79469,1.79488,1.75,1.10
2015.01.12 06:39:37.077,1.79469,1.79487,1.75,1.07
2015.01.12 06:39:37.128,1.79468,1.79487,1.20,1.27
2015.01.12 06:39:37.584,1.79469,1.79487,1.12,1.07
2015.01.12 06:39:39.915,1.79469,1.79486,1.12,2.25
2015.01.12 06:39:40.017,1.79467,1.79486,1.57,1.07
2015.01.12 06:39:40.119,1.79465,1.79485,1.60,1.95
2015.01.12 06:39:40.525,1.79466,1.79485,1.12,1.00
2015.01.12 06:39:41.283,1.79467,1.79485,3.00,1.50
2015.01.12 06:39:41.435,1.79468,1.79487,1.52,1.57
2015.01.12 06:39:42.072,1.79467,1.79486,2.40,1.45
2015.01.12 06:39:44.115,1.79466,1.79486,1.57,1.45
2015.01.12 06:39:44.166,1.79466,1.79484,1.10,1.87
2015.01.12 06:39:45.272,1.79466,1.79485,1.27,1.12
2015.01.12 06:39:47.227,1.79466,1.79487,1.95,1.12
2015.01.12 06:39:47.277,1.79467,1.79487,1.12,1.12
2015.01.12 06:39:49.244,1.79467,1.79486,1.12,2.70
2015.01.12 06:39:51.035,1.79467,1.79487,1.12,3.37
2015.01.12 06:39:53.090,1.79466,1.79486,1.10,1.55
2015.01.12 06:39:53.712,1.79466,1.79482,1.10,1.00
2015.01.12 06:39:54.117,1.79466,1.79486,1.10,1.55
2015.01.12 06:39:55.436,1.79466,1.79482,1.10,1.00
2015.01.12 06:39:55.942,1.79465,1.79483,1.20,3.37
2015.01.12 06:39:57.523,1.79468,1.79482,1.00,1.35
2015.01.12 06:39:57.777,1.79476,1.79493,1.09,3.00
2015.01.12 06:39:57.829,1.79482,1.79493,1.12,2.25
2015.01.12 06:39:57.880,1.79482,1.79498,1.12,1.12
2015.01.12 06:39:57.931,1.79482,1.79501,2.25,5.10
2015.01.12 06:39:58.235,1.79487,1.79503,1.07,2.25
2015.01.12 06:40:00.472,1.79486,1.79501,1.12,4.35
2015.01.12 06:40:00.726,1.79467,1.79482,1.10,1.00
2015.01.12 06:40:00.777,1.79467,1.79473,1.00,4.35
2015.01.12 06:40:00.828,1.79457,1.79473,1.05,4.54
2015.01.12 06:40:00.981,1.7946,1.79476,1.05,3.00
2015.01.12 06:40:01.336,1.7946,1.79476,1.00,2.62
2015.01.12 06:40:01.792,1.79456,1.79473,1.20,1.27
2015.01.12 06:40:01.894,1.79456,1.79471,1.10,1.75
2015.01.12 06:40:02.200,1.79454,1.79467,1.27,1.00
2015.01.12 06:40:02.251,1.79454,1.79472,1.27,2.77
2015.01.12 06:40:02.364,1.79453,1.79467,2.70,1.00
2015.01.12 06:40:02.466,1.79453,1.79471,2.25,1.45
2015.01.12 06:40:02.683,1.79455,1.79471,2.25,1.12
2015.01.12 06:40:02.886,1.79457,1.79475,2.25,1.95
2015.01.12 06:40:03.097,1.79456,1.79475,1.07,4.12
2015.01.12 06:40:03.198,1.79457,1.79473,1.20,1.10
2015.01.12 06:40:03.763,1.7946,1.79475,1.75,3.00
2015.01.12 06:40:03.966,1.7946,1.79477,1.85,3.00
2015.01.12 06:40:04.170,1.7946,1.79477,1.82,1.00
2015.01.12 06:40:04.322,1.79463,1.79478,1.12,1.00
2015.01.12 06:40:05.184,1.79467,1.79478,2.25,1.00
2015.01.12 06:40:05.236,1.79467,1.79482,2.25,2.70
2015.01.12 06:40:05.337,1.79469,1.79487,1.10,1.27
2015.01.12 06:40:05.842,1.79469,1.79488,2.32,1.17
2015.01.12 06:40:06.398,1.7947,1.79488,3.00,1.10
2015.01.12 06:40:09.497,1.79469,1.79488,2.25,5.47
2015.01.12 06:40:10.677,1.79469,1.79484,1.75,2.17
2015.01.12 06:40:11.133,1.79465,1.79483,1.01,1.07
2015.01.12 06:40:11.285,1.79464,1.7948,1.75,2.17
2015.01.12 06:40:11.798,1.79463,1.79478,1.12,1.10
2015.01.12 06:40:13.018,1.79463,1.79478,1.12,5.47
2015.01.12 06:40:13.119,1.79456,1.79475,2.07,3.00
2015.01.12 06:40:13.271,1.79456,1.79471,1.75,1.00
2015.01.12 06:40:13.794,1.79455,1.79471,1.12,1.00
2015.01.12 06:40:19.078,1.79455,1.79474,1.87,2.70
2015.01.12 06:40:19.585,1.79455,1.79472,2.25,1.50
2015.01.12 06:40:20.718,1.79452,1.79472,3.82,1.20
2015.01.12 06:40:21.128,1.79455,1.79472,2.25,1.12
2015.01.12 06:40:24.673,1.79454,1.79472,2.32,1.27
2015.01.12 06:40:25.134,1.79456,1.79472,2.25,1.12
2015.01.12 06:40:31.267,1.79456,1.79475,3.45,1.95
2015.01.12 06:40:34.757,1.79456,1.79474,3.00,1.45
2015.01.12 06:40:35.064,1.7946,1.79475,2.17,1.87
2015.01.12 06:40:37.694,1.79458,1.79475,4.35,1.87
2015.01.12 06:40:42.007,1.79456,1.79475,3.45,1.95
2015.01.12 06:40:42.628,1.79456,1.79475,1.35,2.02
2015.01.12 06:40:45.594,1.79456,1.79473,1.27,2.25
2015.01.12 06:40:46.104,1.79453,1.79472,3.75,1.37
2015.01.12 06:40:48.133,1.79453,1.79472,1.57,3.15
2015.01.12 06:40:49.829,1.79453,1.79468,1.50,2.17
2015.01.12 06:40:49.982,1.79447,1.79467,1.54,1.15
2015.01.12 06:40:50.489,1.79447,1.79467,1.16,2.02
2015.01.12 06:40:55.473,1.79447,1.79467,2.21,1.27
2015.01.12 06:40:59.439,1.79447,1.79467,2.21,3.37
2015.01.12 06:40:59.744,1.79441,1.79453,1.00,1.45
2015.01.12 06:40:59.795,1.79438,1.79453,1.00,1.45
2015.01.12 06:40:59.947,1.79435,1.79449,2.44,1.12
2015.01.12 06:41:00.303,1.79435,1.79451,2.25,1.12
2015.01.12 06:41:00.557,1.79441,1.79451,2.17,1.12
2015.01.12 06:41:00.761,1.79441,1.79456,2.25,1.12
2015.01.12 06:41:00.862,1.79441,1.7946,2.70,2.02
2015.01.12 06:41:01.265,1.79441,1.79457,2.25,1.12
2015.01.12 06:41:01.518,1.79441,1.7946,2.25,2.02
2015.01.12 06:41:01.621,1.79441,1.79458,2.25,1.12
2015.01.12 06:41:01.723,1.79442,1.7946,2.25,1.50
2015.01.12 06:41:02.027,1.79442,1.7946,1.20,1.07
2015.01.12 06:41:02.568,1.79443,1.7946,1.45,1.07
2015.01.12 06:41:02.926,1.79441,1.7946,3.37,1.27
2015.01.12 06:41:07.782,1.79443,1.7946,2.25,1.20
2015.01.12 06:41:07.934,1.79445,1.79464,2.25,2.14
2015.01.12 06:41:08.086,1.79446,1.79464,1.20,1.07
2015.01.12 06:41:08.188,1.79447,1.79467,4.42,5.85
2015.01.12 06:41:08.239,1.79448,1.79467,1.27,3.07
2015.01.12 06:41:08.340,1.7945,1.79469,1.30,1.15
2015.01.12 06:41:08.392,1.79451,1.79469,2.17,1.07
2015.01.12 06:41:08.595,1.79452,1.79472,1.15,1.27
2015.01.12 06:41:08.646,1.79453,1.79473,1.55,6.22
2015.01.12 06:41:09.203,1.79453,1.79471,1.12,4.42
2015.01.12 06:41:11.201,1.79452,1.79471,1.12,5.17
2015.01.12 06:41:11.558,1.7945,1.79467,2.02,1.00
2015.01.12 06:41:11.609,1.7945,1.79467,1.35,1.10
2015.01.12 06:41:11.913,1.7945,1.79467,1.20,2.32
2015.01.12 06:41:12.116,1.79444,1.79461,1.20,1.10
2015.01.12 06:41:12.218,1.79443,1.7946,1.75,2.25
2015.01.12 06:41:12.852,1.79442,1.7946,1.27,2.25
2015.01.12 06:41:13.460,1.79442,1.79457,1.27,1.00
2015.01.12 06:41:15.331,1.79442,1.7946,1.27,2.25
2015.01.12 06:41:15.938,1.79442,1.79461,3.45,1.17
2015.01.12 06:41:18.022,1.79442,1.79461,1.27,3.07
2015.01.12 06:41:18.124,1.79442,1.79459,1.20,2.25
2015.01.12 06:41:18.630,1.79442,1.79459,1.10,2.62
2015.01.12 06:41:20.216,1.79442,1.79459,1.57,2.17
2015.01.12 06:41:20.267,1.79442,1.79461,1.65,1.30
2015.01.12 06:41:25.035,1.79443,1.79461,1.45,1.10
2015.01.12 06:41:25.340,1.79445,1.79464,3.07,1.52
2015.01.12 06:41:28.633,1.79444,1.79463,2.70,1.27
2015.01.12 06:41:29.135,1.79443,1.79463,1.27,1.35
2015.01.12 06:41:30.731,1.79442,1.79463,5.92,2.02
2015.01.12 06:41:31.215,1.79442,1.79459,5.10,1.12
2015.01.12 06:41:31.423,1.79442,1.79461,5.10,1.75
2015.01.12 06:41:31.525,1.79442,1.79459,5.10,1.75
2015.01.12 06:41:31.982,1.79442,1.79457,1.17,1.12
2015.01.12 06:41:32.238,1.79442,1.7946,1.17,1.92
2015.01.12 06:41:39.559,1.79442,1.79459,1.00,3.00
2015.01.12 06:41:44.007,1.79439,1.79458,3.00,1.37
2015.01.12 06:41:44.566,1.7944,1.79458,4.50,1.20
2015.01.12 06:41:45.162,1.79443,1.79458,2.17,1.20
2015.01.12 06:41:45.569,1.7944,1.79458,2.40,1.30
2015.01.12 06:41:56.389,1.79442,1.79458,2.25,1.20
2015.01.12 06:42:02.923,1.79439,1.79458,3.00,1.37
2015.01.12 06:42:03.025,1.79439,1.79455,3.00,1.00
2015.01.12 06:42:06.627,1.79438,1.79455,1.92,1.10
2015.01.12 06:42:10.497,1.79436,1.79455,3.00,3.07
2015.01.12 06:42:11.003,1.79435,1.79455,4.50,3.15
2015.01.12 06:42:12.588,1.79435,1.79454,3.45,1.20
2015.01.12 06:42:13.092,1.79434,1.79451,1.20,1.10
2015.01.12 06:42:14.405,1.79434,1.79451,1.12,1.17
2015.01.12 06:42:17.999,1.79431,1.79451,1.37,1.17
2015.01.12 06:42:20.218,1.79431,1.7945,1.20,4.35
2015.01.12 06:42:20.522,1.79431,1.79445,1.20,2.25
2015.01.12 06:42:21.230,1.7943,1.79447,1.75,2.25
2015.01.12 06:42:23.233,1.7943,1.79442,1.75,2.25
2015.01.12 06:42:23.385,1.79428,1.79442,1.75,3.00
2015.01.12 06:42:23.841,1.79424,1.79442,1.45,2.25
2015.01.12 06:42:24.608,1.79422,1.79442,3.37,2.62
2015.01.12 06:42:25.114,1.79422,1.79442,3.75,2.40
2015.01.12 06:42:31.730,1.79422,1.79442,2.81,3.37
2015.01.12 06:42:35.350,1.79423,1.79442,1.09,2.62
2015.01.12 06:42:38.761,1.79422,1.79441,2.32,1.15
2015.01.12 06:42:39.065,1.79421,1.79438,1.39,2.62
2015.01.12 06:42:39.218,1.79415,1.79433,1.17,1.27
2015.01.12 06:42:39.320,1.79415,1.7943,1.17,1.12
2015.01.12 06:42:39.434,1.79411,1.79429,1.00,5.85
2015.01.12 06:42:39.485,1.79411,1.79427,1.00,4.80
2015.01.12 06:42:39.536,1.79407,1.79427,1.30,5.47
2015.01.12 06:42:39.638,1.79407,1.79425,1.20,1.55
2015.01.12 06:42:41.520,1.79407,1.79426,1.20,1.27
2015.01.12 06:42:42.512,1.79407,1.79427,1.35,4.42
2015.01.12 06:42:45.460,1.79407,1.79427,3.64,2.32
2015.01.12 06:42:45.966,1.79408,1.79428,2.25,3.82
2015.01.12 06:42:48.392,1.79411,1.79428,4.35,1.50
2015.01.12 06:42:48.443,1.79411,1.79431,4.35,2.02
2015.01.12 06:42:48.494,1.7941,1.79427,1.10,2.25
2015.01.12 06:42:48.596,1.79409,1.79428,5.85,1.00
2015.01.12 06:42:48.647,1.7941,1.79428,1.27,1.00
2015.01.12 06:42:48.952,1.7941,1.79428,1.25,1.12
2015.01.12 06:42:50.086,1.7941,1.79427,1.15,1.12
2015.01.12 06:42:51.998,1.7941,1.79427,1.00,1.27
2015.01.12 06:42:53.527,1.7941,1.79427,3.00,1.12
2015.01.12 06:42:55.730,1.7941,1.79426,1.00,1.27
2015.01.12 06:42:55.781,1.7941,1.79423,1.00,1.37
2015.01.12 06:42:55.832,1.79406,1.79422,1.00,1.45
2015.01.12 06:42:55.984,1.79406,1.79421,1.00,3.00
2015.01.12 06:42:56.136,1.79395,1.79414,1.65,1.27
2015.01.12 06:42:56.188,1.79395,1.79412,1.15,1.12
2015.01.12 06:42:56.495,1.79395,1.79414,1.35,1.15
2015.01.12 06:42:56.596,1.79396,1.79416,1.55,5.66
2015.01.12 06:42:56.900,1.79398,1.79416,1.12,4.35
2015.01.12 06:42:57.923,1.79401,1.79417,2.25,1.20
2015.01.12 06:42:58.126,1.79403,1.79421,2.25,1.52
2015.01.12 06:42:58.795,1.79405,1.79423,1.20,3.26
2015.01.12 06:42:59.050,1.79405,1.79423,3.00,1.16
2015.01.12 06:42:59.811,1.79405,1.79422,2.32,1.00
2015.01.12 06:43:01.970,1.79405,1.79425,3.07,4.01
2015.01.12 06:43:02.021,1.79405,1.79425,1.20,4.01
2015.01.12 06:43:02.072,1.79403,1.79423,3.00,1.95
2015.01.12 06:43:02.377,1.79406,1.79418,1.10,1.12
2015.01.12 06:43:02.428,1.79402,1.79418,1.17,1.12
2015.01.12 06:43:02.632,1.794,1.79416,2.25,1.12
2015.01.12 06:43:02.741,1.794,1.79418,2.25,1.20
2015.01.12 06:43:02.843,1.79402,1.79418,4.35,1.12
2015.01.12 06:43:02.995,1.7941,1.79427,1.20,1.20
2015.01.12 06:43:03.046,1.7941,1.79427,1.20,1.87
2015.01.12 06:43:03.299,1.79412,1.79431,3.00,1.52
2015.01.12 06:43:03.830,1.79412,1.79432,4.12,3.37
2015.01.12 06:43:04.723,1.79412,1.7943,1.95,2.32
2015.01.12 06:43:06.464,1.79413,1.79432,2.70,1.52
2015.01.12 06:43:08.848,1.79412,1.79431,1.87,5.17
2015.01.12 06:43:10.055,1.79412,1.79429,1.87,2.25
2015.01.12 06:43:10.460,1.79409,1.79428,2.14,1.17
2015.01.12 06:43:11.346,1.79409,1.79425,1.12,3.00
2015.01.12 06:43:12.437,1.79409,1.79425,1.12,1.00
2015.01.12 06:43:18.543,1.79409,1.79425,1.12,1.07
2015.01.12 06:43:18.948,1.79408,1.79425,1.15,1.00
2015.01.12 06:43:19.999,1.79408,1.79425,1.55,1.00
2015.01.12 06:43:20.505,1.79409,1.79425,1.12,1.00
2015.01.12 06:43:24.271,1.7941,1.79425,1.12,1.00
2015.01.12 06:43:24.575,1.79411,1.79425,1.75,3.00
2015.01.12 06:43:25.742,1.79409,1.79425,1.12,3.00
2015.01.12 06:43:33.011,1.79409,1.79427,1.52,1.27
2015.01.12 06:43:33.569,1.79409,1.79427,5.47,1.10
2015.01.12 06:43:36.555,1.79411,1.79427,2.32,1.10
2015.01.12 06:43:37.100,1.79412,1.79427,2.25,1.10
2015.01.12 06:43:39.532,1.79409,1.79427,1.27,1.10
2015.01.12 06:43:40.252,1.7941,1.79427,1.55,1.00
2015.01.12 06:43:42.889,1.79409,1.79427,1.27,1.10
2015.01.12 06:43:45.459,1.79409,1.79425,3.37,1.00
2015.01.12 06:43:45.764,1.79405,1.79424,3.00,1.17
2015.01.12 06:43:45.866,1.79408,1.79425,1.12,2.25
2015.01.12 06:43:46.221,1.79407,1.79422,2.92,1.12
2015.01.12 06:43:46.272,1.79407,1.79422,1.10,1.12
2015.01.12 06:43:46.323,1.79405,1.79424,2.32,2.02
2015.01.12 06:43:46.780,1.79403,1.79421,1.12,1.17
2015.01.12 06:43:46.882,1.794,1.79421,3.00,2.40
2015.01.12 06:43:46.983,1.79398,1.79418,3.07,3.82
2015.01.12 06:43:47.316,1.794,1.79418,2.32,1.65
2015.01.12 06:43:48.686,1.79398,1.79418,3.07,3.82
2015.01.12 06:43:49.344,1.794,1.79418,2.32,3.75
2015.01.12 06:43:49.647,1.79406,1.7942,1.00,1.50
2015.01.12 06:43:49.749,1.79402,1.7942,2.32,1.50
2015.01.12 06:43:49.901,1.79405,1.7942,2.17,1.12
2015.01.12 06:43:50.104,1.79403,1.7942,4.35,1.12
2015.01.12 06:43:50.611,1.79402,1.79419,2.25,1.12
2015.01.12 06:43:50.662,1.79401,1.79419,1.15,1.12
2015.01.12 06:43:57.120,1.79401,1.7942,1.35,1.55
2015.01.12 06:43:57.757,1.79401,1.79422,2.02,5.17
2015.01.12 06:44:01.578,1.79401,1.79421,2.00,1.27
2015.01.12 06:44:01.629,1.79401,1.7942,1.35,1.15
2015.01.12 06:44:02.770,1.79402,1.79421,2.25,1.85
2015.01.12 06:44:03.544,1.79401,1.79421,5.25,3.67
2015.01.12 06:44:04.040,1.79401,1.79419,3.00,1.45
2015.01.12 06:44:04.653,1.79403,1.79419,2.25,1.12
2015.01.12 06:44:05.115,1.79403,1.79421,2.25,1.45
2015.01.12 06:44:05.369,1.79401,1.7942,1.17,3.07
2015.01.12 06:44:06.771,1.79399,1.79418,1.52,2.25
2015.01.12 06:44:08.225,1.79399,1.79418,1.52,2.62
2015.01.12 06:44:08.549,1.79398,1.79414,3.00,1.75
2015.01.12 06:44:08.853,1.79398,1.79413,3.00,1.82
2015.01.12 06:44:08.904,1.79398,1.79412,1.00,2.77
2015.01.12 06:44:09.005,1.79398,1.79407,1.00,4.35
2015.01.12 06:44:09.108,1.7939,1.79402,1.17,1.12
2015.01.12 06:44:09.218,1.79388,1.794,2.25,1.12
2015.01.12 06:44:09.565,1.79393,1.79404,1.17,1.75
2015.01.12 06:44:09.768,1.79393,1.79406,1.17,1.12
2015.01.12 06:44:10.275,1.79393,1.79408,1.17,1.12
2015.01.12 06:44:10.832,1.79393,1.7941,1.17,1.12
2015.01.12 06:44:11.345,1.79393,1.79412,1.27,1.95
2015.01.12 06:44:12.267,1.79393,1.79412,1.65,1.30
2015.01.12 06:44:13.489,1.79395,1.79412,2.25,1.20
2015.01.12 06:44:14.210,1.79397,1.79412,2.32,1.00
2015.01.12 06:44:14.463,1.79397,1.79415,2.70,1.00
2015.01.12 06:44:14.921,1.79399,1.79415,2.25,1.00
2015.01.12 06:44:15.429,1.794,1.79415,4.35,1.00
2015.01.12 06:44:16.463,1.79401,1.79418,1.15,1.12
2015.01.12 06:44:16.771,1.79404,1.7942,2.25,1.12
2015.01.12 06:44:21.411,1.79404,1.79417,2.25,1.12
2015.01.12 06:44:23.215,1.7941,1.79417,2.17,1.05
2015.01.12 06:44:23.267,1.7941,1.7942,2.25,1.12
2015.01.12 06:44:23.419,1.7941,1.79427,2.25,1.87
2015.01.12 06:44:23.520,1.79414,1.79427,2.17,1.12
2015.01.12 06:44:23.622,1.79414,1.79429,4.35,1.75
2015.01.12 06:44:24.408,1.79414,1.79431,4.35,1.12
2015.01.12 06:44:24.827,1.79414,1.79429,4.35,1.12
2015.01.12 06:44:30.476,1.79417,1.79429,2.17,1.12
2015.01.12 06:44:30.527,1.79417,1.7943,2.17,1.12
2015.01.12 06:44:30.578,1.79419,1.7943,2.17,1.12
2015.01.12 06:44:30.629,1.79419,1.79432,2.17,1.20
2015.01.12 06:44:31.136,1.7942,1.79434,3.00,1.12
2015.01.12 06:44:31.187,1.7942,1.79437,3.00,1.60
2015.01.12 06:44:31.412,1.7942,1.79435,3.00,1.12
2015.01.12 06:44:34.167,1.79422,1.79435,4.35,1.12
2015.01.12 06:44:34.269,1.79422,1.79437,4.35,1.12
2015.01.12 06:44:38.796,1.79421,1.79437,2.25,1.12
2015.01.12 06:44:39.100,1.79421,1.79433,2.25,1.12
2015.01.12 06:44:39.404,1.7942,1.79433,1.17,1.12
2015.01.12 06:44:42.596,1.79421,1.79433,2.25,1.12
2015.01.12 06:44:42.750,1.79421,1.79435,2.25,1.75
2015.01.12 06:44:43.520,1.79421,1.79436,2.25,1.12
2015.01.12 06:44:47.526,1.7942,1.79436,1.10,1.45
2015.01.12 06:44:47.679,1.79418,1.7943,2.25,1.12
2015.01.12 06:44:47.832,1.79417,1.7943,1.00,1.12
2015.01.12 06:44:47.934,1.79414,1.79429,1.00,1.45
2015.01.12 06:44:48.238,1.79411,1.79425,3.00,1.12
2015.01.12 06:44:48.339,1.79411,1.7943,3.00,1.92
2015.01.12 06:44:48.492,1.79414,1.79429,2.25,1.75
2015.01.12 06:44:48.821,1.79416,1.79429,2.25,1.12
2015.01.12 06:44:49.359,1.79411,1.79429,4.42,1.12
2015.01.12 06:44:49.461,1.7941,1.79426,1.07,1.12
2015.01.12 06:44:49.978,1.79409,1.79425,2.25,1.12
2015.01.12 06:44:50.303,1.79409,1.79423,2.25,1.12
2015.01.12 06:44:52.974,1.79411,1.79423,2.25,1.12
2015.01.12 06:44:53.782,1.79412,1.79423,3.00,1.12
2015.01.12 06:44:53.885,1.79419,1.79433,1.07,1.12
2015.01.12 06:44:53.936,1.79421,1.79433,2.25,1.12
2015.01.12 06:44:53.987,1.79421,1.79435,2.25,2.25
2015.01.12 06:44:54.089,1.79421,1.79437,2.25,1.12
2015.01.12 06:44:54.241,1.79424,1.79437,2.25,1.12
2015.01.12 06:44:54.776,1.79424,1.79438,2.25,1.12
2015.01.12 06:45:02.169,1.79422,1.79438,2.25,1.12
2015.01.12 06:45:03.210,1.79424,1.79438,2.25,1.12
2015.01.12 06:45:05.284,1.79424,1.79441,2.25,1.12
2015.01.12 06:45:06.420,1.79426,1.79441,2.25,1.12
2015.01.12 06:45:06.734,1.79429,1.79443,2.25,1.12
2015.01.12 06:45:09.470,1.7943,1.79444,2.25,1.12
2015.01.12 06:45:14.552,1.79432,1.79444,1.55,1.12
2015.01.12 06:45:14.654,1.7944,1.79453,2.17,2.17
2015.01.12 06:45:14.705,1.79441,1.79455,2.25,1.50
2015.01.12 06:45:14.756,1.79442,1.79458,1.17,1.57
2015.01.12 06:45:14.857,1.79445,1.79459,1.10,1.20
2015.01.12 06:45:15.162,1.79449,1.79461,2.25,1.12
2015.01.12 06:45:15.213,1.79449,1.79463,2.25,1.75
2015.01.12 06:45:15.670,1.79445,1.79463,5.10,1.75
2015.01.12 06:45:16.245,1.79448,1.79463,2.25,1.75
2015.01.12 06:45:19.152,1.79445,1.79463,3.00,1.75
2015.01.12 06:45:37.497,1.79448,1.79463,2.25,1.75
2015.01.12 06:45:37.737,1.79446,1.79463,1.07,1.85
2015.01.12 06:45:40.840,1.79446,1.79465,1.07,3.75
2015.01.12 06:45:43.358,1.79446,1.79462,1.07,1.12
2015.01.12 06:45:45.464,1.79445,1.7946,2.25,1.12
2015.01.12 06:45:47.781,1.79442,1.7946,5.55,1.12
2015.01.12 06:45:47.884,1.79441,1.79459,1.27,2.70
2015.01.12 06:45:48.290,1.79441,1.79457,1.00,2.62
2015.01.12 06:45:48.806,1.79441,1.79454,1.00,2.62
2015.01.12 06:45:48.857,1.79437,1.79454,1.10,3.07
2015.01.12 06:45:48.907,1.79437,1.7945,1.10,2.25
2015.01.12 06:45:48.958,1.79434,1.7945,1.20,2.25
2015.01.12 06:45:49.009,1.79434,1.79446,1.20,2.25
2015.01.12 06:45:49.111,1.7943,1.79446,1.12,2.25
2015.01.12 06:45:49.212,1.79429,1.79446,1.20,2.25
2015.01.12 06:45:51.378,1.79429,1.79444,1.00,1.85
2015.01.12 06:45:51.479,1.79423,1.79442,1.65,2.40
2015.01.12 06:45:51.591,1.79425,1.79442,1.12,2.25
2015.01.12 06:45:54.126,1.79427,1.79444,1.10,2.32
2015.01.12 06:45:54.380,1.79428,1.79444,1.12,2.25
2015.01.12 06:45:54.431,1.79428,1.79446,1.12,3.07
2015.01.12 06:45:54.583,1.79427,1.79446,1.20,4.12
2015.01.12 06:45:56.433,1.79427,1.79444,1.20,4.42
2015.01.12 06:45:57.555,1.79427,1.79446,2.10,1.87
2015.01.12 06:45:57.657,1.79433,1.7945,1.00,1.12
2015.01.12 06:45:57.759,1.79433,1.79451,1.10,1.65
2015.01.12 06:45:57.860,1.79433,1.79449,1.00,1.12
2015.01.12 06:45:58.215,1.79433,1.79447,1.00,1.12
2015.01.12 06:46:01.703,1.79433,1.79447,1.00,1.74
2015.01.12 06:46:01.754,1.7943,1.79446,1.00,1.09
2015.01.12 06:46:01.805,1.7943,1.79443,1.00,2.17
2015.01.12 06:46:01.856,1.79427,1.79443,1.00,4.35
2015.01.12 06:46:01.957,1.79423,1.79443,1.20,5.55
2015.01.12 06:46:02.312,1.79423,1.79443,1.20,5.74
2015.01.12 06:46:02.717,1.79419,1.79439,2.25,2.59
2015.01.12 06:46:03.704,1.79419,1.79438,1.10,1.20
2015.01.12 06:46:04.210,1.79417,1.79435,1.95,1.27
2015.01.12 06:46:06.864,1.79417,1.79435,1.20,1.10
2015.01.12 06:46:07.903,1.7942,1.79438,1.75,1.29
2015.01.12 06:46:08.987,1.79418,1.79438,1.65,1.46
2015.01.12 06:46:09.808,1.79418,1.79438,1.65,1.46
2015.01.12 06:46:10.602,1.79418,1.79438,1.65,1.46
2015.01.12 06:46:10.915,1.79418,1.79434,1.57,5.10
2015.01.12 06:46:11.017,1.79413,1.79423,1.00,2.25
2015.01.12 06:46:11.068,1.794,1.79418,1.10,1.12
2015.01.12 06:46:11.170,1.794,1.79418,1.10,1.75
2015.01.12 06:46:11.221,1.79397,1.79417,4.12,1.12
2015.01.12 06:46:11.322,1.79398,1.79419,1.52,1.45
2015.01.12 06:46:11.424,1.79397,1.79416,3.75,1.19
2015.01.12 06:46:11.728,1.79396,1.79416,1.47,3.26
2015.01.12 06:46:12.187,1.79396,1.79416,1.20,1.16
2015.01.12 06:46:12.339,1.79396,1.79416,1.20,1.16
2015.01.12 06:46:13.360,1.79396,1.79416,2.02,1.09
2015.01.12 06:46:13.461,1.79396,1.79412,1.27,2.55
2015.01.12 06:46:13.968,1.79395,1.79415,1.50,1.74
2015.01.12 06:46:14.186,1.79395,1.79415,1.50,1.74
2015.01.12 06:46:14.541,1.79395,1.79415,1.57,1.45
2015.01.12 06:46:14.895,1.79396,1.79415,1.27,1.70
2015.01.12 06:46:14.946,1.79397,1.79417,1.87,3.56
2015.01.12 06:46:15.452,1.79397,1.79416,1.90,1.45
2015.01.12 06:46:15.604,1.79399,1.79418,1.20,6.04
2015.01.12 06:46:15.907,1.79396,1.79418,1.65,1.97
2015.01.12 06:46:16.132,1.79397,1.79418,1.65,1.97
2015.01.12 06:46:16.638,1.79399,1.79419,1.20,1.16
2015.01.12 06:46:23.087,1.79401,1.7942,1.50,1.22
2015.01.12 06:46:24.613,1.79401,1.7942,2.70,1.12
2015.01.12 06:46:25.473,1.79404,1.7942,3.30,1.12
2015.01.12 06:46:25.979,1.79413,1.7942,2.10,1.12
2015.01.12 06:46:26.030,1.79413,1.79425,4.35,1.20
2015.01.12 06:46:26.132,1.79415,1.7943,2.62,1.12
2015.01.12 06:46:26.183,1.79417,1.7943,2.25,1.12
2015.01.12 06:46:26.285,1.79418,1.79435,2.25,1.12
2015.01.12 06:46:26.591,1.79418,1.79438,2.70,1.12
2015.01.12 06:46:26.693,1.7942,1.79439,1.57,1.20
2015.01.12 06:46:28.232,1.79418,1.79437,3.07,1.12
2015.01.12 06:46:28.537,1.79416,1.79435,3.07,1.12
2015.01.12 06:46:30.436,1.79416,1.79435,3.07,1.12
2015.01.12 06:46:31.390,1.79416,1.79435,3.07,1.12
2015.01.12 06:46:51.350,1.79423,1.79435,1.00,1.12
2015.01.12 06:46:51.452,1.79418,1.79435,1.57,1.12
2015.01.12 06:46:52.108,1.79418,1.79438,1.42,1.75
2015.01.12 06:46:52.464,1.79419,1.79438,2.62,1.75
2015.01.12 06:46:53.788,1.79417,1.79438,2.21,1.75
2015.01.12 06:46:58.539,1.79417,1.79438,2.02,1.75
2015.01.12 06:47:00.107,1.79417,1.79437,2.02,1.12
2015.01.12 06:47:00.412,1.79412,1.79428,1.00,2.70
2015.01.12 06:47:00.463,1.79404,1.79423,3.00,1.12
2015.01.12 06:47:00.817,1.79403,1.79422,1.17,1.57
2015.01.12 06:47:01.221,1.79403,1.79424,1.50,1.72
2015.01.12 06:47:24.752,1.79407,1.79425,1.00,1.65
2015.01.12 06:47:29.613,1.79412,1.79425,2.92,1.45
2015.01.12 06:47:29.715,1.79413,1.79429,2.92,1.87
2015.01.12 06:47:29.766,1.79413,1.79429,1.00,1.20
2015.01.12 06:47:29.817,1.7941,1.7943,1.30,2.02
2015.01.12 06:47:29.868,1.7941,1.7943,1.30,1.37
2015.01.12 06:47:30.505,1.79412,1.7943,1.00,1.42
2015.01.12 06:47:30.607,1.7941,1.7943,1.30,2.17
2015.01.12 06:47:30.912,1.7941,1.79427,1.30,1.00
2015.01.12 06:47:31.221,1.7941,1.79427,1.10,1.57
2015.01.12 06:47:33.014,1.79412,1.79428,1.00,1.20
2015.01.12 06:47:34.019,1.79412,1.79425,1.00,1.12
2015.01.12 06:47:35.134,1.7941,1.79425,1.00,1.12
2015.01.12 06:47:35.553,1.7941,1.79427,1.00,1.52
2015.01.12 06:47:36.090,1.7941,1.79427,1.00,1.27
2015.01.12 06:47:38.296,1.7941,1.79425,1.00,1.12
2015.01.12 06:47:40.833,1.79406,1.79425,1.20,1.87
2015.01.12 06:47:46.465,1.79409,1.79425,1.00,3.37
2015.01.12 06:47:47.219,1.79409,1.79426,1.00,1.52
2015.01.12 06:47:47.733,1.79406,1.79425,2.25,3.45
2015.01.12 06:47:47.993,1.79406,1.79424,1.20,1.20
2015.01.12 06:47:53.686,1.79409,1.79426,1.00,1.20
2015.01.12 06:47:53.737,1.79409,1.79427,1.00,1.84
2015.01.12 06:48:03.510,1.79409,1.79428,1.10,5.32
2015.01.12 06:48:04.220,1.79409,1.79427,1.10,2.62
2015.01.12 06:48:06.218,1.79409,1.79427,1.10,3.37
2015.01.12 06:48:12.727,1.79409,1.79423,1.00,2.25
2015.01.12 06:48:13.628,1.79404,1.79422,1.75,1.17
2015.01.12 06:48:13.730,1.79404,1.79421,1.75,2.25
2015.01.12 06:48:17.226,1.79404,1.79422,1.75,3.00
2015.01.12 06:48:17.583,1.79402,1.79422,2.62,4.12
2015.01.12 06:48:18.511,1.79402,1.79421,1.87,2.62
2015.01.12 06:48:19.462,1.79405,1.79421,1.00,2.70
2015.01.12 06:48:23.559,1.79405,1.79422,1.00,3.37
2015.01.12 06:48:27.024,1.79405,1.79421,1.00,1.92
2015.01.12 06:48:31.006,1.79406,1.79421,1.00,1.92
2015.01.12 06:48:35.610,1.79401,1.7942,1.30,1.57
2015.01.12 06:48:35.964,1.79406,1.79423,1.00,1.95
2015.01.12 06:48:36.631,1.79409,1.79423,1.50,1.20
2015.01.12 06:48:36.733,1.79415,1.79432,1.37,1.50
2015.01.12 06:48:36.936,1.79421,1.79436,1.00,1.50
2015.01.12 06:48:37.038,1.79412,1.7943,1.00,1.75
2015.01.12 06:48:37.398,1.79412,1.79428,1.12,1.00
2015.01.12 06:48:37.602,1.79411,1.79428,1.12,1.10
2015.01.12 06:48:37.704,1.79412,1.79428,1.12,1.00
2015.01.12 06:48:37.907,1.79413,1.79433,1.87,2.32
2015.01.12 06:48:38.059,1.79413,1.79432,1.10,1.27
2015.01.12 06:48:38.363,1.79413,1.79432,1.87,1.35
2015.01.12 06:48:38.902,1.79413,1.79431,1.00,1.12
2015.01.12 06:48:39.418,1.79413,1.79433,1.12,2.02
2015.01.12 06:48:43.727,1.79413,1.79431,1.12,1.12
2015.01.12 06:48:44.253,1.79413,1.79431,1.00,1.75
2015.01.12 06:48:47.085,1.79414,1.79431,1.00,1.75
2015.01.12 06:48:47.295,1.79415,1.79434,1.52,1.20
2015.01.12 06:48:47.801,1.79418,1.79435,1.00,1.12
2015.01.12 06:48:52.453,1.79418,1.79437,1.95,1.27
2015.01.12 06:49:01.598,1.79418,1.79437,1.10,2.02
2015.01.12 06:49:02.374,1.79418,1.79435,1.00,1.12
2015.01.12 06:49:18.950,1.79415,1.79435,1.10,1.87
2015.01.12 06:49:20.714,1.79415,1.79435,1.27,1.87
2015.01.12 06:49:27.506,1.79416,1.79433,1.10,1.85
2015.01.12 06:49:27.846,1.79418,1.79434,1.00,1.75
2015.01.12 06:49:31.362,1.79415,1.79434,1.00,2.25
2015.01.12 06:49:33.389,1.79413,1.7943,1.65,1.00
2015.01.12 06:49:33.917,1.79413,1.7943,1.20,1.20
2015.01.12 06:49:34.554,1.79415,1.79434,1.10,1.87
2015.01.12 06:49:34.606,1.79415,1.79434,1.20,1.87
2015.01.12 06:49:38.851,1.79415,1.79432,1.20,2.32
2015.01.12 06:49:39.356,1.79415,1.79432,1.00,3.37
2015.01.12 06:49:41.294,1.79413,1.7943,1.20,1.20
2015.01.12 06:49:41.814,1.79413,1.7943,1.12,1.65
2015.01.12 06:49:42.359,1.79413,1.79429,1.00,1.12
2015.01.12 06:49:44.386,1.79409,1.79428,1.87,1.35
2015.01.12 06:49:46.134,1.79409,1.79428,1.12,1.72
2015.01.12 06:49:59.088,1.79409,1.79428,2.25,1.10
2015.01.12 06:50:00.595,1.79409,1.79428,2.25,1.85
2015.01.12 06:50:00.747,1.79401,1.7942,1.95,1.20
2015.01.12 06:50:00.849,1.79403,1.79417,1.00,3.19
2015.01.12 06:50:01.002,1.79398,1.79413,1.00,1.00
2015.01.12 06:50:01.053,1.79398,1.79413,1.00,2.92
2015.01.12 06:50:01.205,1.79393,1.7941,1.00,4.50
2015.01.12 06:50:01.306,1.7939,1.79407,1.37,1.20
2015.01.12 06:50:01.509,1.79393,1.7941,1.00,1.10
2015.01.12 06:50:01.765,1.79392,1.7941,1.00,2.62
2015.01.12 06:50:02.125,1.79392,1.79411,1.37,3.82
2015.01.12 06:50:02.741,1.79395,1.79411,1.00,2.25
2015.01.12 06:50:02.791,1.79395,1.79414,1.00,3.45
2015.01.12 06:50:03.249,1.79395,1.79412,1.00,2.17
2015.01.12 06:50:04.691,1.79391,1.7941,1.37,1.27
2015.01.12 06:50:09.946,1.79391,1.7941,1.37,1.27
2015.01.12 06:50:10.508,1.79391,1.7941,1.37,1.27
2015.01.12 06:50:12.389,1.79391,1.7941,1.37,1.55
2015.01.12 06:50:14.673,1.79391,1.7941,1.37,3.45
2015.01.12 06:50:25.812,1.79391,1.7941,1.37,1.35
2015.01.12 06:50:25.914,1.79391,1.79409,1.37,2.25
2015.01.12 06:50:26.429,1.79391,1.7941,1.37,3.07
2015.01.12 06:50:33.070,1.79391,1.7941,1.37,5.55
2015.01.12 06:50:33.678,1.79391,1.79409,1.37,1.52
2015.01.12 06:50:33.730,1.79387,1.79407,1.12,2.55
2015.01.12 06:50:33.781,1.79386,1.79407,1.27,3.00
2015.01.12 06:50:34.102,1.79384,1.794,1.00,1.27
2015.01.12 06:50:34.617,1.79378,1.79398,1.20,5.85
2015.01.12 06:50:34.719,1.79378,1.79397,1.12,2.77
2015.01.12 06:50:34.821,1.79376,1.79393,1.12,1.20
2015.01.12 06:50:34.871,1.79374,1.79393,2.25,1.35
2015.01.12 06:50:35.176,1.79374,1.79393,1.20,2.62
2015.01.12 06:50:35.492,1.79374,1.7939,1.12,1.12
2015.01.12 06:50:36.744,1.79374,1.79389,1.12,1.12
2015.01.12 06:50:38.839,1.79374,1.79388,1.00,1.45
2015.01.12 06:50:44.356,1.79374,1.79387,1.00,1.95
2015.01.12 06:50:44.406,1.79368,1.79387,2.25,1.95
2015.01.12 06:50:44.457,1.79366,1.7938,1.10,4.35
2015.01.12 06:50:44.559,1.79361,1.79378,1.12,1.20
2015.01.12 06:50:44.660,1.79359,1.79378,1.00,2.40
2015.01.12 06:50:44.804,1.79359,1.79378,1.57,1.12
2015.01.12 06:50:45.109,1.79361,1.79381,1.85,1.20
2015.01.12 06:50:46.070,1.79362,1.79383,1.87,1.92
2015.01.12 06:50:46.323,1.79367,1.79388,1.87,3.75
2015.01.12 06:50:46.728,1.79367,1.79385,1.50,2.17
2015.01.12 06:50:48.154,1.79366,1.79384,1.75,2.17
2015.01.12 06:50:48.459,1.79361,1.79376,1.12,1.07
2015.01.12 06:50:48.764,1.79355,1.79364,1.00,1.16
2015.01.12 06:50:48.916,1.7934,1.79359,1.45,1.20
2015.01.12 06:50:49.073,1.79337,1.79359,2.02,4.12
2015.01.12 06:50:49.125,1.79336,1.79358,3.00,1.27
2015.01.12 06:50:49.651,1.79337,1.79355,1.12,2.25
2015.01.12 06:50:50.462,1.79334,1.79354,1.12,2.25
2015.01.12 06:50:50.512,1.79334,1.79354,1.12,3.07
2015.01.12 06:50:50.614,1.79332,1.79353,1.45,1.25
2015.01.12 06:50:50.716,1.7933,1.79352,3.56,1.45
2015.01.12 06:50:51.120,1.79331,1.79354,6.41,1.12
2015.01.12 06:50:51.171,1.79333,1.79355,1.95,1.95
2015.01.12 06:50:51.273,1.79335,1.79355,2.40,1.75
2015.01.12 06:50:51.578,1.79337,1.79357,1.12,1.27
2015.01.12 06:50:53.003,1.79339,1.79361,1.85,4.12
2015.01.12 06:50:54.432,1.79342,1.79362,1.12,3.37
2015.01.12 06:50:54.837,1.79342,1.79362,2.06,3.37
2015.01.12 06:50:54.989,1.79346,1.79369,2.62,1.84
2015.01.12 06:50:55.040,1.79348,1.79369,2.55,1.85
2015.01.12 06:50:55.345,1.79354,1.79368,1.12,2.17
2015.01.12 06:50:55.396,1.79352,1.79371,1.12,2.25
2015.01.12 06:50:55.447,1.79351,1.79371,1.75,2.25
2015.01.12 06:50:55.820,1.79351,1.79373,1.85,3.75
2015.01.12 06:50:56.073,1.79354,1.79374,1.12,1.52
2015.01.12 06:50:57.195,1.79352,1.79372,1.12,3.75
2015.01.12 06:50:57.504,1.79349,1.79371,1.31,5.47
2015.01.12 06:50:57.810,1.79347,1.79368,1.12,3.07
2015.01.12 06:50:58.118,1.79345,1.79367,1.39,1.27
2015.01.12 06:50:58.728,1.79348,1.79368,1.12,3.37
2015.01.12 06:51:13.617,1.79348,1.79366,1.12,2.32
2015.01.12 06:51:13.718,1.79346,1.79366,1.12,3.37
2015.01.12 06:51:19.386,1.79346,1.79364,1.12,2.25
2015.01.12 06:51:20.192,1.79343,1.79364,1.70,2.32
2015.01.12 06:51:22.427,1.79343,1.79363,1.12,2.25
2015.01.12 06:51:38.231,1.79343,1.79364,1.45,4.42
2015.01.12 06:51:53.444,1.79343,1.79365,1.20,2.70
2015.01.12 06:51:54.064,1.79343,1.79366,1.20,3.37
2015.01.12 06:51:59.769,1.79342,1.79363,3.19,1.75
2015.01.12 06:52:00.225,1.79344,1.79365,1.46,1.20
2015.01.12 06:52:00.529,1.79348,1.79365,2.25,1.12
2015.01.12 06:52:01.298,1.79349,1.79369,2.62,1.12
2015.01.12 06:52:01.349,1.79349,1.79369,5.10,1.12
2015.01.12 06:52:01.859,1.79349,1.79369,4.72,1.12
2015.01.12 06:52:13.608,1.79349,1.79372,6.22,1.27
2015.01.12 06:52:13.659,1.79351,1.79372,1.35,1.27
2015.01.12 06:52:14.197,1.79352,1.79372,3.75,1.12
2015.01.12 06:52:18.386,1.79353,1.79374,3.00,2.00
2015.01.12 06:52:18.893,1.79353,1.79373,4.12,1.60
2015.01.12 06:52:19.147,1.79353,1.79375,4.50,1.01
2015.01.12 06:52:19.602,1.79351,1.79373,1.27,1.27
2015.01.12 06:52:24.968,1.79353,1.79373,1.12,1.27
2015.01.12 06:52:25.222,1.79363,1.7938,2.36,1.12
2015.01.12 06:52:25.324,1.79363,1.79382,2.89,1.12
2015.01.12 06:52:25.425,1.79364,1.79385,1.46,1.20
2015.01.12 06:52:25.629,1.79366,1.79387,1.27,1.92
2015.01.12 06:52:25.940,1.79366,1.79389,5.85,1.16
2015.01.12 06:52:26.244,1.79368,1.7939,1.27,1.46
2015.01.12 06:52:26.551,1.79367,1.79387,1.27,1.12
2015.01.12 06:52:27.836,1.79363,1.79385,3.94,1.45
2015.01.12 06:52:28.431,1.79363,1.79383,1.31,2.32
2015.01.12 06:52:28.735,1.79361,1.79378,1.12,1.00
2015.01.12 06:52:29.042,1.79351,1.79369,1.12,4.35
2015.01.12 06:52:29.245,1.79346,1.79365,1.75,2.25
2015.01.12 06:52:29.498,1.79344,1.79364,1.45,1.20
2015.01.12 06:52:34.059,1.79347,1.79364,1.00,1.12
2015.01.12 06:52:35.381,1.79344,1.79364,1.27,1.12
2015.01.12 06:52:38.271,1.79345,1.79366,1.45,2.70
2015.01.12 06:52:45.867,1.79345,1.79367,1.20,3.37
2015.01.12 06:52:51.785,1.79348,1.79367,2.17,1.45
2015.01.12 06:52:52.089,1.79357,1.7937,1.10,1.75
2015.01.12 06:52:52.140,1.79359,1.79375,1.12,1.10
2015.01.12 06:52:52.242,1.79356,1.79375,1.12,1.20
2015.01.12 06:52:52.697,1.79361,1.79378,2.17,1.12
2015.01.12 06:52:52.799,1.79363,1.79383,3.30,1.12
2015.01.12 06:52:52.900,1.79365,1.79387,1.85,3.07
2015.01.12 06:52:53.002,1.79368,1.79389,1.12,3.07
2015.01.12 06:52:53.508,1.7937,1.79389,3.30,2.70
2015.01.12 06:52:53.812,1.79372,1.7939,1.20,2.25
2015.01.12 06:52:56.194,1.7937,1.7939,3.37,2.32
2015.01.12 06:52:56.956,1.79371,1.7939,1.27,2.32
2015.01.12 06:52:57.310,1.7937,1.7939,3.07,3.07
2015.01.12 06:52:59.496,1.79369,1.79388,4.05,2.25
2015.01.12 06:52:59.649,1.79369,1.79388,1.12,5.17
2015.01.12 06:52:59.982,1.79367,1.79385,1.95,2.17
2015.01.12 06:53:01.048,1.79365,1.79385,1.85,2.40
2015.01.12 06:53:03.862,1.79365,1.79382,1.85,2.17
2015.01.12 06:53:06.488,1.79365,1.79384,1.75,2.25
2015.01.12 06:53:08.961,1.79365,1.79381,1.75,2.17
2015.01.12 06:53:09.266,1.7936,1.79379,1.20,2.25
2015.01.12 06:53:09.318,1.7936,1.79379,1.20,2.32
2015.01.12 06:53:14.880,1.7936,1.79378,1.20,2.25
2015.01.12 06:53:15.381,1.7936,1.79377,1.12,2.25
2015.01.12 06:53:31.051,1.79361,1.79379,1.47,4.42
2015.01.12 06:53:35.610,1.79361,1.79381,1.57,3.07
2015.01.12 06:53:42.175,1.79362,1.79381,1.12,2.32
2015.01.12 06:53:45.052,1.79361,1.79381,1.57,3.07
2015.01.12 06:53:49.240,1.79362,1.79381,1.12,2.32
2015.01.12 06:53:49.664,1.79361,1.79381,1.57,3.07
2015.01.12 06:53:53.518,1.79363,1.79381,1.75,2.25
2015.01.12 06:53:56.494,1.79363,1.79382,1.75,5.10
2015.01.12 06:53:57.440,1.79363,1.7938,1.75,2.62
2015.01.12 06:53:57.695,1.79354,1.79372,1.45,3.00
2015.01.12 06:53:57.848,1.79351,1.79371,2.32,2.40
2015.01.12 06:53:57.899,1.79351,1.79369,1.65,2.32
2015.01.12 06:53:58.051,1.79349,1.79369,2.77,3.75
2015.01.12 06:53:59.037,1.79351,1.79369,2.25,1.85
2015.01.12 06:54:02.309,1.79351,1.7937,2.70,1.20
2015.01.12 06:54:07.234,1.79351,1.79369,2.62,1.45
2015.01.12 06:54:07.772,1.79351,1.79368,2.25,1.12
2015.01.12 06:54:08.170,1.79351,1.79369,2.32,1.45
2015.01.12 06:54:08.922,1.79351,1.79367,2.25,1.12
2015.01.12 06:54:09.233,1.79351,1.7937,2.25,1.82
2015.01.12 06:54:17.942,1.79352,1.7937,2.17,1.75
2015.01.12 06:54:19.382,1.79352,1.79371,5.17,1.12
2015.01.12 06:54:27.435,1.79353,1.79371,1.20,1.52
2015.01.12 06:54:27.486,1.79353,1.79371,3.37,1.45
2015.01.12 06:54:28.045,1.79353,1.7937,5.47,1.12
2015.01.12 06:54:30.530,1.79353,1.7937,5.47,1.12
2015.01.12 06:54:30.834,1.7937,1.79382,4.35,1.12
2015.01.12 06:54:30.935,1.79372,1.79384,1.20,1.12
2015.01.12 06:54:31.037,1.79372,1.79386,1.20,1.12
2015.01.12 06:54:31.088,1.79375,1.79386,1.00,1.12
2015.01.12 06:54:31.240,1.79372,1.79386,1.20,1.12
2015.01.12 06:54:31.493,1.79373,1.79389,2.17,1.12
2015.01.12 06:54:32.262,1.79373,1.7939,3.00,1.12
2015.01.12 06:54:33.284,1.79371,1.7939,4.80,1.20
2015.01.12 06:54:49.613,1.79373,1.7939,2.25,1.45
2015.01.12 06:54:49.729,1.79373,1.79392,2.62,3.82
2015.01.12 06:54:50.376,1.79374,1.79392,2.70,3.75
2015.01.12 06:54:50.478,1.79375,1.79392,3.00,1.57
2015.01.12 06:54:50.783,1.79394,1.794,2.10,1.12
2015.01.12 06:54:50.834,1.79394,1.79404,4.35,1.12
2015.01.12 06:54:50.936,1.79394,1.79409,4.35,1.75
2015.01.12 06:54:51.038,1.79394,1.79411,4.35,1.75
2015.01.12 06:54:51.551,1.79393,1.79411,2.25,1.85
2015.01.12 06:54:52.363,1.79393,1.79413,2.62,4.12
2015.01.12 06:54:55.102,1.79393,1.7941,2.55,2.25
2015.01.12 06:54:55.651,1.79391,1.7941,1.12,4.42
2015.01.12 06:54:55.955,1.79389,1.79402,1.85,1.00
2015.01.12 06:54:56.464,1.79385,1.79402,1.85,1.07
2015.01.12 06:54:56.566,1.79384,1.79403,1.15,3.07
2015.01.12 06:54:56.730,1.79385,1.79403,1.27,3.07
2015.01.12 06:54:58.461,1.79387,1.79403,1.12,1.10
2015.01.12 06:54:58.613,1.79388,1.79402,1.47,1.00
2015.01.12 06:54:59.336,1.79388,1.79406,1.75,2.25
2015.01.12 06:54:59.846,1.79386,1.79406,1.82,2.62
2015.01.12 06:55:01.634,1.79386,1.79402,1.82,1.00
2015.01.12 06:55:03.401,1.79387,1.79406,1.20,2.62
2015.01.12 06:55:03.452,1.79387,1.79403,1.47,2.17
2015.01.12 06:55:03.765,1.79389,1.79402,1.12,1.00
2015.01.12 06:55:05.483,1.79389,1.79403,1.12,1.10
2015.01.12 06:55:09.481,1.79389,1.79403,1.12,2.92
2015.01.12 06:55:09.786,1.79389,1.79398,1.12,1.00
2015.01.12 06:55:11.527,1.79387,1.79398,1.50,1.00
2015.01.12 06:55:11.960,1.79387,1.79402,1.50,1.00
2015.01.12 06:55:12.441,1.79387,1.79406,1.50,4.80
2015.01.12 06:55:19.010,1.79387,1.79402,1.50,1.00
2015.01.12 06:55:19.794,1.79387,1.79406,1.50,4.80
2015.01.12 06:55:20.097,1.79387,1.79406,3.67,2.70
2015.01.12 06:55:20.603,1.79389,1.79407,1.20,2.25
2015.01.12 06:55:20.963,1.79389,1.79407,1.20,2.25
2015.01.12 06:55:21.477,1.79389,1.79407,1.20,2.25
2015.01.12 06:55:21.984,1.79389,1.79407,1.20,2.25
2015.01.12 06:55:22.440,1.79389,1.79407,3.37,1.10
2015.01.12 06:55:23.190,1.79389,1.79407,3.37,1.10
2015.01.12 06:55:30.296,1.79389,1.79408,3.37,1.37
2015.01.12 06:55:44.039,1.7939,1.79409,1.65,2.62
2015.01.12 06:55:44.557,1.79391,1.79409,1.45,2.32
2015.01.12 06:56:00.631,1.79391,1.79407,1.12,2.17
2015.01.12 06:56:13.878,1.79391,1.79409,1.12,4.42
2015.01.12 06:56:14.888,1.79391,1.79405,1.12,2.17
2015.01.12 06:56:15.091,1.79386,1.79405,1.20,4.42
2015.01.12 06:56:15.193,1.79385,1.79403,1.87,4.35
2015.01.12 06:56:16.923,1.79384,1.79403,1.12,4.72
2015.01.12 06:56:18.801,1.79383,1.79403,2.47,4.72
2015.01.12 06:56:19.609,1.79383,1.79402,1.67,1.27
2015.01.12 06:56:30.138,1.79383,1.79402,1.67,2.02
2015.01.12 06:56:48.345,1.79384,1.79402,2.62,1.20
2015.01.12 06:56:48.548,1.79384,1.79404,3.00,3.37
2015.01.12 06:56:50.436,1.79383,1.79402,1.72,2.55
2015.01.12 06:56:53.775,1.79382,1.79399,1.12,2.25
2015.01.12 06:56:54.028,1.79381,1.79399,1.95,2.25
2015.01.12 06:56:57.890,1.79382,1.79397,1.20,2.25
2015.01.12 06:56:58.254,1.7938,1.79392,2.25,2.25
2015.01.12 06:56:58.659,1.79376,1.79391,1.12,4.35
2015.01.12 06:56:59.185,1.79377,1.79391,1.12,4.35
2015.01.12 06:57:00.686,1.79377,1.79387,1.12,4.35
2015.01.12 06:57:00.788,1.79376,1.79389,1.12,4.35
2015.01.12 06:57:01.093,1.79377,1.79392,1.75,2.25
2015.01.12 06:57:01.296,1.79377,1.79394,1.75,2.25
2015.01.12 06:57:01.819,1.79376,1.79394,1.45,2.32
2015.01.12 06:57:21.531,1.79376,1.79393,1.12,2.25
2015.01.12 06:57:26.486,1.79373,1.79393,4.12,2.62
2015.01.12 06:57:31.545,1.79373,1.79391,1.95,2.25
2015.01.12 06:57:34.681,1.79374,1.79393,1.55,2.62
2015.01.12 06:57:39.736,1.79373,1.7939,4.05,2.17
2015.01.12 06:57:41.725,1.79373,1.79387,1.12,1.00
2015.01.12 06:57:41.877,1.79372,1.79387,1.07,1.17
2015.01.12 06:57:44.970,1.79371,1.79384,1.12,2.17
2015.01.12 06:57:45.174,1.79367,1.79382,1.12,2.25
2015.01.12 06:57:45.275,1.79371,1.79383,1.12,2.25
2015.01.12 06:57:45.428,1.79367,1.79384,1.50,5.10
2015.01.12 06:57:45.633,1.79369,1.79384,1.12,5.10
2015.01.12 06:57:46.283,1.79368,1.79384,1.12,5.10
2015.01.12 06:57:46.486,1.79368,1.79382,1.12,2.25
2015.01.12 06:57:47.992,1.79368,1.79378,1.12,2.17
2015.01.12 06:57:48.144,1.79363,1.79377,1.12,4.35
2015.01.12 06:57:48.195,1.79363,1.79371,1.12,2.17
2015.01.12 06:57:48.246,1.79359,1.7937,1.12,1.15
2015.01.12 06:57:48.348,1.79356,1.7937,1.12,1.15
2015.01.12 06:57:48.500,1.79353,1.79368,1.12,2.17
2015.01.12 06:57:48.640,1.79351,1.79368,1.87,2.25
2015.01.12 06:58:02.253,1.79351,1.7937,1.12,2.70
2015.01.12 06:58:02.355,1.79351,1.79368,1.12,4.35
2015.01.12 06:58:05.870,1.79351,1.79369,1.45,2.32
2015.01.12 06:58:12.357,1.79349,1.79368,3.07,1.15
2015.01.12 06:58:15.779,1.79348,1.79366,1.20,2.25
2015.01.12 06:58:16.667,1.79348,1.79364,1.12,2.25
2015.01.12 06:58:17.192,1.79346,1.79364,1.39,2.25
2015.01.12 06:58:25.279,1.79346,1.79366,3.37,3.37
2015.01.12 06:58:25.432,1.79349,1.79366,1.12,3.00
2015.01.12 06:58:25.941,1.79351,1.79366,1.75,3.00
2015.01.12 06:58:25.992,1.79349,1.79366,1.12,3.00
2015.01.12 06:58:26.204,1.79349,1.79369,3.37,2.32
2015.01.12 06:58:28.998,1.7935,1.79367,2.70,1.00
2015.01.12 06:58:29.099,1.79351,1.7937,1.27,1.27
2015.01.12 06:58:32.506,1.79355,1.7937,2.17,1.20
2015.01.12 06:58:32.810,1.79361,1.79376,3.00,1.12
2015.01.12 06:58:33.013,1.79361,1.79379,3.00,1.76
2015.01.12 06:58:33.114,1.79364,1.79379,2.17,1.75
2015.01.12 06:58:33.368,1.79364,1.79381,2.25,1.10
2015.01.12 06:58:35.296,1.79364,1.79381,2.25,1.47
2015.01.12 06:58:53.598,1.79364,1.79382,3.07,1.27
2015.01.12 06:58:54.300,1.79366,1.79382,2.25,1.20
2015.01.12 06:58:55.250,1.79366,1.79383,3.07,1.37
2015.01.12 06:58:56.196,1.79366,1.79383,3.07,1.37
2015.01.12 06:58:56.322,1.79366,1.79383,3.07,1.37
2015.01.12 06:58:57.186,1.79366,1.79383,3.07,1.00
2015.01.12 06:58:58.183,1.79366,1.79383,3.07,1.37
2015.01.12 06:58:58.693,1.79365,1.79383,2.25,1.45
2015.01.12 06:59:13.708,1.79364,1.79382,1.25,1.07
2015.01.12 06:59:14.289,1.79363,1.79381,2.25,1.27
2015.01.12 06:59:15.540,1.79365,1.79381,2.17,1.20
2015.01.12 06:59:16.818,1.79363,1.79381,4.35,1.27
2015.01.12 06:59:16.921,1.79361,1.79379,2.70,2.55
2015.01.12 06:59:17.023,1.7936,1.79379,1.27,3.00
2015.01.12 06:59:17.326,1.79359,1.79377,2.62,1.95
2015.01.12 06:59:17.478,1.79357,1.79376,2.40,1.27
2015.01.12 06:59:17.680,1.79357,1.79374,2.25,1.12
2015.01.12 06:59:17.782,1.79356,1.79374,1.07,1.20
2015.01.12 06:59:22.579,1.79356,1.79373,1.00,3.07
2015.01.12 06:59:22.631,1.79356,1.79371,1.00,2.25
2015.01.12 06:59:22.937,1.79352,1.7937,1.77,1.20
2015.01.12 06:59:23.444,1.79353,1.7937,1.12,1.20
2015.01.12 06:59:23.856,1.7935,1.7937,6.22,1.27
2015.01.12 06:59:34.504,1.7935,1.79369,2.40,2.32
2015.01.12 06:59:34.808,1.79345,1.79355,3.75,2.62
2015.01.12 06:59:34.859,1.79337,1.79355,1.95,2.62
2015.01.12 06:59:34.910,1.7934,1.79354,1.00,2.62
2015.01.12 06:59:35.061,1.79334,1.79351,1.07,1.27
2015.01.12 06:59:35.163,1.79332,1.79351,1.47,2.02
2015.01.12 06:59:35.218,1.79332,1.79349,1.00,2.62
2015.01.12 06:59:35.573,1.79329,1.79346,1.07,2.17
2015.01.12 06:59:35.674,1.79329,1.79348,2.92,3.07
2015.01.12 06:59:35.826,1.7933,1.79348,4.72,1.12
2015.01.12 06:59:35.928,1.79333,1.79352,1.37,6.22
2015.01.12 06:59:35.979,1.79344,1.79352,2.17,4.05
2015.01.12 06:59:36.182,1.79344,1.79356,2.92,1.12
2015.01.12 06:59:36.233,1.79343,1.79356,1.00,1.12
2015.01.12 06:59:36.285,1.79345,1.79359,1.75,2.25
2015.01.12 06:59:36.386,1.79339,1.79359,3.64,2.25
2015.01.12 06:59:36.690,1.79338,1.79357,2.62,2.17
2015.01.12 06:59:37.002,1.79336,1.79354,1.20,2.62
2015.01.12 06:59:38.100,1.79334,1.79354,2.96,3.75
2015.01.12 06:59:41.607,1.79335,1.79353,2.62,1.15
2015.01.12 06:59:48.419,1.79338,1.79353,2.25,1.07
2015.01.12 06:59:50.216,1.79339,1.79354,2.25,1.12
2015.01.12 06:59:50.551,1.79344,1.79362,2.62,1.50
2015.01.12 06:59:51.246,1.79345,1.79362,1.00,1.55
2015.01.12 06:59:52.012,1.79345,1.79362,1.07,1.45
2015.01.12 06:59:52.063,1.79345,1.79362,1.55,1.12
2015.01.12 06:59:52.165,1.79346,1.79362,1.87,1.45
2015.01.12 06:59:52.216,1.79354,1.79364,2.17,1.20
2015.01.12 06:59:52.317,1.79357,1.79374,1.00,4.12
2015.01.12 06:59:52.570,1.79357,1.79377,1.05,6.60
2015.01.12 06:59:52.621,1.79359,1.79377,2.17,4.50
2015.01.12 06:59:52.926,1.79362,1.79378,2.25,1.12
2015.01.12 06:59:53.027,1.79362,1.7938,2.32,1.45
2015.01.12 06:59:53.230,1.79362,1.79381,3.07,1.27
2015.01.12 06:59:54.495,1.79362,1.79381,3.00,2.02
2015.01.12 06:59:55.875,1.79362,1.79381,3.37,1.35
2015.01.12 06:59:58.667,1.79362,1.79379,1.12,2.25
2015.01.12 06:59:58.718,1.79361,1.79379,1.10,3.07
