2014.02.24 17:00:00.345,1.7047,1.70481,1.95,1.00
2014.02.24 17:00:01.110,1.7047,1.70485,1.85,1.13
2014.02.24 17:00:01.998,1.70474,1.70485,1.00,1.00
2014.02.24 17:00:02.657,1.7047,1.70485,1.95,1.00
2014.02.24 17:00:02.867,1.70479,1.70485,1.00,1.00
2014.02.24 17:00:02.985,1.70479,1.70487,1.00,1.13
2014.02.24 17:00:03.087,1.70474,1.70487,1.00,1.13
2014.02.24 17:00:03.193,1.70474,1.70485,1.08,1.00
2014.02.24 17:00:03.296,1.70474,1.70488,1.65,1.88
2014.02.24 17:00:03.904,1.70474,1.70489,1.65,1.00
2014.02.24 17:00:03.955,1.70477,1.7049,1.00,2.25
2014.02.24 17:00:04.789,1.70477,1.70491,1.10,2.63
2014.02.24 17:00:05.107,1.70479,1.70491,1.00,1.88
2014.02.24 17:00:05.628,1.70479,1.70491,1.00,2.03
2014.02.24 17:00:07.437,1.70479,1.70492,1.50,1.15
2014.02.24 17:00:07.690,1.70483,1.70496,1.38,1.00
2014.02.24 17:00:07.943,1.70484,1.70498,1.38,1.13
2014.02.24 17:00:07.994,1.70486,1.70501,1.13,4.28
2014.02.24 17:00:08.600,1.70486,1.70501,1.20,2.25
2014.02.24 17:00:09.601,1.70486,1.70501,1.28,3.38
2014.02.24 17:00:13.491,1.70486,1.705,1.28,1.88
2014.02.24 17:00:14.001,1.70486,1.70501,1.28,3.38
2014.02.24 17:00:14.508,1.70486,1.70501,1.20,3.38
2014.02.24 17:00:15.016,1.70486,1.70501,1.13,3.38
2014.02.24 17:00:15.914,1.70486,1.705,1.13,1.88
2014.02.24 17:00:16.295,1.70489,1.705,1.13,1.88
2014.02.24 17:00:16.598,1.70489,1.70501,1.53,1.00
2014.02.24 17:00:19.344,1.70492,1.70506,1.10,3.00
2014.02.24 17:00:21.300,1.70489,1.70504,1.58,1.50
2014.02.24 17:00:21.528,1.70489,1.70504,1.58,1.50
2014.02.24 17:00:22.949,1.70484,1.70499,2.03,1.00
2014.02.24 17:00:23.202,1.70487,1.70502,1.10,1.50
2014.02.24 17:00:23.787,1.70487,1.70502,1.10,1.13
2014.02.24 17:00:24.043,1.70487,1.70502,1.48,1.00
2014.02.24 17:00:24.594,1.70488,1.70501,1.58,1.00
2014.02.24 17:00:27.790,1.70489,1.70501,1.88,1.00
2014.02.24 17:00:30.689,1.70491,1.70501,1.50,1.00
2014.02.24 17:00:30.790,1.70491,1.70504,1.50,1.00
2014.02.24 17:00:32.650,1.7049,1.70504,1.50,1.00
2014.02.24 17:00:33.274,1.70489,1.70504,2.63,1.00
2014.02.24 17:00:35.020,1.70493,1.70505,1.18,1.88
2014.02.24 17:00:35.555,1.70489,1.70502,1.88,1.13
2014.02.24 17:00:36.666,1.70489,1.70501,1.88,1.00
2014.02.24 17:00:37.171,1.70493,1.70501,1.00,2.63
2014.02.24 17:00:38.704,1.70493,1.705,1.00,1.88
2014.02.24 17:00:38.806,1.70488,1.70495,1.58,1.88
2014.02.24 17:00:38.907,1.70485,1.70497,1.65,1.88
2014.02.24 17:00:39.009,1.70488,1.70496,1.00,1.00
2014.02.24 17:00:39.363,1.70488,1.70496,1.15,1.00
2014.02.24 17:00:39.413,1.70488,1.70501,1.15,1.13
2014.02.24 17:00:39.565,1.7049,1.70501,1.15,1.00
2014.02.24 17:00:41.376,1.7049,1.70504,1.65,1.88
2014.02.24 17:00:41.427,1.70492,1.70506,1.28,2.63
2014.02.24 17:00:42.335,1.70492,1.70506,1.18,3.00
2014.02.24 17:00:42.588,1.7049,1.70504,1.20,2.25
2014.02.24 17:00:43.113,1.7049,1.70505,1.20,3.38
2014.02.24 17:00:47.629,1.70493,1.70506,1.00,1.38
2014.02.24 17:00:48.213,1.70493,1.70506,1.18,1.38
2014.02.24 17:00:48.791,1.70493,1.70506,1.18,1.00
2014.02.24 17:00:48.943,1.70494,1.70506,1.20,1.00
2014.02.24 17:00:48.994,1.70495,1.70508,3.15,1.13
2014.02.24 17:00:49.146,1.70498,1.70511,1.08,1.75
2014.02.24 17:00:49.247,1.70498,1.70511,1.15,1.50
2014.02.24 17:00:49.601,1.705,1.70511,2.03,1.00
2014.02.24 17:00:49.652,1.70504,1.70515,1.00,1.00
2014.02.24 17:00:49.703,1.70508,1.7052,1.00,1.95
2014.02.24 17:00:50.108,1.70509,1.70521,1.00,1.38
2014.02.24 17:00:50.727,1.70509,1.70521,1.00,1.13
2014.02.24 17:00:57.007,1.70509,1.70521,2.78,1.00
2014.02.24 17:00:57.696,1.70509,1.70521,1.15,1.00
2014.02.24 17:00:58.077,1.70513,1.70521,1.09,1.00
2014.02.24 17:00:58.128,1.7052,1.70527,1.88,1.00
2014.02.24 17:00:58.229,1.70522,1.70531,2.25,1.15
2014.02.24 17:00:58.381,1.70525,1.70536,1.72,1.00
2014.02.24 17:00:58.432,1.70529,1.7054,1.75,1.10
2014.02.24 17:00:58.482,1.7053,1.70544,1.50,2.03
2014.02.24 17:00:58.634,1.70533,1.70547,1.00,1.88
2014.02.24 17:00:58.685,1.70534,1.70548,1.00,1.13
2014.02.24 17:00:58.836,1.70534,1.70548,1.00,1.28
2014.02.24 17:00:59.139,1.70534,1.70547,1.88,1.88
2014.02.24 17:00:59.452,1.70538,1.70548,1.38,1.13
2014.02.24 17:00:59.503,1.70538,1.70548,1.00,1.00
2014.02.24 17:00:59.604,1.70534,1.70544,1.55,1.00
2014.02.24 17:00:59.913,1.70538,1.70547,1.38,1.00
2014.02.24 17:01:00.146,1.70538,1.7055,1.38,1.00
2014.02.24 17:01:00.298,1.70538,1.7055,1.13,1.00
2014.02.24 17:01:00.727,1.70538,1.70548,1.00,3.00
2014.02.24 17:01:01.031,1.70541,1.7055,1.00,1.08
2014.02.24 17:01:01.133,1.70541,1.70552,1.00,3.15
2014.02.24 17:01:01.335,1.70541,1.70552,1.00,2.70
2014.02.24 17:01:01.727,1.70536,1.70548,1.75,1.88
2014.02.24 17:01:02.790,1.70536,1.70549,1.75,1.88
2014.02.24 17:01:03.827,1.70539,1.70549,1.38,1.88
2014.02.24 17:01:04.130,1.70541,1.70551,1.38,1.88
2014.02.24 17:01:04.848,1.70539,1.70548,1.88,1.88
2014.02.24 17:01:04.949,1.70541,1.7055,1.13,1.88
2014.02.24 17:01:05.453,1.70541,1.70551,1.38,1.88
2014.02.24 17:01:06.095,1.70541,1.70551,1.13,1.88
2014.02.24 17:01:09.346,1.70541,1.7055,1.00,1.88
2014.02.24 17:01:09.452,1.70534,1.70546,1.58,1.00
2014.02.24 17:01:09.553,1.70535,1.70551,1.28,1.00
2014.02.24 17:01:09.604,1.70535,1.70551,1.20,1.00
2014.02.24 17:01:09.655,1.70535,1.70552,1.48,1.58
2014.02.24 17:01:09.971,1.70537,1.70547,1.13,1.88
2014.02.24 17:01:11.735,1.70537,1.70548,1.13,1.88
2014.02.24 17:01:11.989,1.70535,1.70547,1.10,1.88
2014.02.24 17:01:12.508,1.70535,1.70546,1.10,1.88
2014.02.24 17:01:12.723,1.70535,1.70547,1.48,1.88
2014.02.24 17:01:15.710,1.70535,1.70548,1.48,1.88
2014.02.24 17:01:15.912,1.70536,1.7055,1.38,1.88
2014.02.24 17:01:16.126,1.70535,1.7055,1.20,1.88
2014.02.24 17:01:16.678,1.70535,1.70549,1.20,1.88
2014.02.24 17:01:17.744,1.70535,1.70548,1.20,1.88
2014.02.24 17:01:18.359,1.70535,1.70547,1.10,1.88
2014.02.24 17:01:20.195,1.70535,1.70546,1.00,1.88
2014.02.24 17:01:20.709,1.7053,1.70546,1.90,1.00
2014.02.24 17:01:21.222,1.7053,1.70545,1.90,1.88
2014.02.24 17:01:22.230,1.70532,1.70546,1.28,1.00
2014.02.24 17:01:22.331,1.70535,1.70551,1.20,1.58
2014.02.24 17:01:22.382,1.70537,1.70551,1.13,1.08
2014.02.24 17:01:22.534,1.70543,1.70558,1.45,2.33
2014.02.24 17:01:22.636,1.70549,1.7056,1.00,2.25
2014.02.24 17:01:22.990,1.70548,1.70561,1.13,4.13
2014.02.24 17:01:23.141,1.70548,1.70561,1.00,3.00
2014.02.24 17:01:24.677,1.70551,1.70561,1.00,1.50
2014.02.24 17:01:24.985,1.70551,1.70561,1.38,1.50
2014.02.24 17:01:25.942,1.70551,1.70561,1.38,1.00
2014.02.24 17:01:26.245,1.70551,1.70561,3.15,1.00
2014.02.24 17:01:27.600,1.70548,1.70561,1.58,1.00
2014.02.24 17:01:27.960,1.70547,1.70556,2.33,1.00
2014.02.24 17:01:28.061,1.70547,1.70556,3.53,1.00
2014.02.24 17:01:29.097,1.70549,1.70556,2.03,1.00
2014.02.24 17:01:29.343,1.70549,1.70561,2.40,1.00
2014.02.24 17:01:30.684,1.70549,1.70566,2.40,1.38
2014.02.24 17:01:30.734,1.70549,1.70566,2.78,1.38
2014.02.24 17:01:31.236,1.70553,1.70566,1.18,1.00
2014.02.24 17:01:31.854,1.70551,1.70566,3.53,1.00
2014.02.24 17:01:36.784,1.70553,1.70566,1.65,1.00
2014.02.24 17:01:37.738,1.70552,1.70566,1.18,1.00
2014.02.24 17:01:43.880,1.70551,1.70569,2.78,2.40
2014.02.24 17:01:43.982,1.70554,1.70569,3.08,1.00
2014.02.24 17:01:44.033,1.70556,1.70571,1.00,1.50
2014.02.24 17:01:44.134,1.70559,1.70571,1.00,1.00
2014.02.24 17:01:44.437,1.70565,1.70576,1.00,1.10
2014.02.24 17:01:45.683,1.70569,1.70575,1.00,1.00
2014.02.24 17:01:45.935,1.70569,1.70581,1.00,1.15
2014.02.24 17:01:46.087,1.70569,1.70579,1.75,1.00
2014.02.24 17:01:46.188,1.7057,1.70584,1.38,1.18
2014.02.24 17:01:46.289,1.70569,1.70584,2.33,1.00
2014.02.24 17:01:46.391,1.70569,1.70584,3.08,1.58
2014.02.24 17:01:46.492,1.70573,1.70584,1.00,1.58
2014.02.24 17:01:46.593,1.70574,1.70586,1.00,1.10
2014.02.24 17:01:46.694,1.70574,1.70587,1.88,1.10
2014.02.24 17:01:47.566,1.7058,1.70589,1.00,1.00
2014.02.24 17:01:49.655,1.7058,1.70589,1.38,1.00
2014.02.24 17:01:49.705,1.70584,1.70589,1.00,1.00
2014.02.24 17:01:49.756,1.70584,1.70592,1.00,1.00
2014.02.24 17:01:50.008,1.7058,1.70591,1.38,1.00
2014.02.24 17:01:50.110,1.7058,1.70591,1.38,1.00
2014.02.24 17:01:54.725,1.7058,1.70591,1.38,1.00
2014.02.24 17:01:55.250,1.7058,1.70591,1.38,1.00
2014.02.24 17:01:55.300,1.7058,1.70591,1.38,1.00
2014.02.24 17:01:56.265,1.7058,1.70591,1.13,1.00
2014.02.24 17:01:57.144,1.7058,1.70591,1.38,2.63
2014.02.24 17:01:58.355,1.7058,1.70591,1.13,2.63
2014.02.24 17:01:58.406,1.7058,1.70591,1.13,3.00
2014.02.24 17:01:58.507,1.70576,1.70587,1.13,1.88
2014.02.24 17:01:58.558,1.70576,1.70581,1.13,1.00
2014.02.24 17:01:58.659,1.70574,1.70581,1.00,1.00
2014.02.24 17:01:58.912,1.70567,1.70579,2.33,1.00
2014.02.24 17:01:59.428,1.70568,1.70579,2.25,1.00
2014.02.24 17:01:59.530,1.70568,1.70576,2.25,1.00
2014.02.24 17:01:59.833,1.70574,1.70579,1.00,1.00
2014.02.24 17:01:59.990,1.7057,1.70582,1.00,1.00
2014.02.24 17:02:00.091,1.70574,1.70582,1.00,1.00
2014.02.24 17:02:00.294,1.7057,1.70582,2.63,1.00
2014.02.24 17:02:02.437,1.70569,1.70582,1.00,1.00
2014.02.24 17:02:03.255,1.7057,1.70582,1.88,1.00
2014.02.24 17:02:05.600,1.70569,1.70582,3.00,1.00
2014.02.24 17:02:07.745,1.70569,1.70582,1.00,1.38
2014.02.24 17:02:07.847,1.70565,1.70582,2.40,1.38
2014.02.24 17:02:08.257,1.70565,1.70582,1.10,1.48
2014.02.24 17:02:08.766,1.70565,1.7058,1.10,1.00
2014.02.24 17:02:09.636,1.70564,1.7058,3.53,1.00
2014.02.24 17:02:10.160,1.70565,1.70582,1.95,1.48
2014.02.24 17:02:11.078,1.70565,1.70581,1.95,1.13
2014.02.24 17:02:11.179,1.70562,1.70576,3.53,1.00
2014.02.24 17:02:11.331,1.7056,1.70575,2.70,1.00
2014.02.24 17:02:11.432,1.70563,1.70573,1.88,1.10
2014.02.24 17:02:11.980,1.70562,1.70573,1.88,1.10
2014.02.24 17:02:12.590,1.70561,1.70573,1.88,1.00
2014.02.24 17:02:13.107,1.70562,1.70573,1.88,1.00
2014.02.24 17:02:14.176,1.70564,1.70575,1.00,1.18
2014.02.24 17:02:14.277,1.70564,1.70576,1.00,1.00
2014.02.24 17:02:14.531,1.70562,1.70573,1.38,1.00
2014.02.24 17:02:14.632,1.70561,1.70573,2.63,1.00
2014.02.24 17:02:15.236,1.7056,1.70573,2.70,1.00
2014.02.24 17:02:17.398,1.7056,1.70573,3.08,1.00
2014.02.24 17:02:17.498,1.7056,1.70573,3.08,1.00
2014.02.24 17:02:17.654,1.7056,1.70573,3.08,1.00
2014.02.24 17:02:17.709,1.70569,1.70578,1.00,1.65
2014.02.24 17:02:17.812,1.70574,1.70578,2.25,1.00
2014.02.24 17:02:18.117,1.70577,1.70586,1.00,1.00
2014.02.24 17:02:18.218,1.70575,1.70586,1.00,1.00
2014.02.24 17:02:19.466,1.70578,1.70586,1.84,1.10
2014.02.24 17:02:19.517,1.7058,1.70586,1.09,1.10
2014.02.24 17:02:19.568,1.70583,1.70593,1.38,1.95
2014.02.24 17:02:19.669,1.70582,1.70596,1.15,1.00
2014.02.24 17:02:19.771,1.70582,1.70593,1.10,1.00
2014.02.24 17:02:20.089,1.70581,1.7059,1.00,1.00
2014.02.24 17:02:20.345,1.70582,1.70595,1.00,1.00
2014.02.24 17:02:20.396,1.70582,1.70595,1.38,1.00
2014.02.24 17:02:20.699,1.70592,1.706,1.00,1.00
2014.02.24 17:02:21.474,1.70585,1.706,1.90,1.38
2014.02.24 17:02:21.576,1.70582,1.70594,1.49,2.25
2014.02.24 17:02:21.728,1.70579,1.70592,1.10,2.63
2014.02.24 17:02:21.879,1.70579,1.7059,1.00,1.00
2014.02.24 17:02:22.768,1.70579,1.7059,1.00,1.38
2014.02.24 17:02:23.283,1.70579,1.7059,1.00,1.00
2014.02.24 17:02:23.637,1.70579,1.70592,1.13,1.00
2014.02.24 17:02:23.687,1.70584,1.70592,1.13,1.00
2014.02.24 17:02:26.605,1.70584,1.70595,1.88,2.63
2014.02.24 17:02:26.658,1.7059,1.70595,1.00,1.00
2014.02.24 17:02:26.708,1.7059,1.706,1.00,1.15
2014.02.24 17:02:26.810,1.70591,1.70601,1.00,1.00
2014.02.24 17:02:27.354,1.70591,1.706,1.00,1.00
2014.02.24 17:02:28.046,1.70591,1.70598,1.00,1.00
2014.02.24 17:02:29.025,1.70583,1.70598,2.37,1.00
2014.02.24 17:02:30.077,1.70583,1.70598,2.74,1.00
2014.02.24 17:02:30.178,1.70583,1.70598,1.65,1.38
2014.02.24 17:02:30.279,1.7058,1.70594,1.20,1.00
2014.02.24 17:02:30.330,1.7058,1.7059,1.20,1.00
2014.02.24 17:02:30.844,1.70577,1.7059,1.85,1.00
2014.02.24 17:02:33.373,1.70581,1.7059,2.63,1.00
2014.02.24 17:02:33.423,1.70581,1.70593,2.63,1.00
2014.02.24 17:02:33.474,1.7058,1.70593,1.88,1.00
2014.02.24 17:02:34.006,1.7058,1.70593,1.50,1.00
2014.02.24 17:02:35.321,1.70582,1.70593,1.09,1.00
2014.02.24 17:02:35.423,1.70584,1.70598,4.09,1.10
2014.02.24 17:02:35.474,1.70585,1.70598,1.13,1.10
2014.02.24 17:02:35.779,1.70585,1.70594,1.10,1.00
2014.02.24 17:02:36.082,1.70582,1.70591,1.38,1.00
2014.02.24 17:02:36.133,1.70578,1.70591,2.78,1.00
2014.02.24 17:02:37.078,1.70578,1.70591,2.40,1.00
2014.02.24 17:02:37.230,1.70576,1.70591,1.53,3.38
2014.02.24 17:02:37.381,1.70571,1.70586,4.58,1.00
2014.02.24 17:02:38.053,1.70571,1.70586,3.90,1.00
2014.02.24 17:02:38.599,1.70574,1.70586,2.25,1.00
2014.02.24 17:02:39.723,1.70574,1.70586,2.25,1.00
2014.02.24 17:02:40.690,1.70577,1.70586,1.88,1.00
2014.02.24 17:02:41.043,1.70574,1.70589,1.18,3.00
2014.02.24 17:02:41.144,1.70572,1.70586,2.63,1.18
2014.02.24 17:02:41.447,1.70568,1.7058,1.95,1.00
2014.02.24 17:02:41.750,1.70564,1.70576,1.20,1.00
2014.02.24 17:02:42.631,1.70562,1.70576,1.58,1.00
2014.02.24 17:02:42.732,1.70561,1.70576,1.65,1.75
2014.02.24 17:02:43.059,1.70551,1.70564,2.25,1.00
2014.02.24 17:02:44.695,1.70552,1.70566,1.00,1.55
2014.02.24 17:02:44.999,1.70551,1.7056,1.88,1.00
2014.02.24 17:02:46.683,1.70551,1.7056,2.25,1.00
2014.02.24 17:02:47.397,1.70554,1.7056,1.88,1.00
2014.02.24 17:02:47.602,1.70554,1.70565,1.88,1.10
2014.02.24 17:02:48.165,1.70555,1.70565,1.88,1.00
2014.02.24 17:02:48.994,1.70554,1.70565,1.88,1.00
2014.02.24 17:02:49.715,1.70551,1.70562,1.95,1.00
2014.02.24 17:02:50.017,1.70551,1.7056,2.25,1.00
2014.02.24 17:02:52.385,1.70547,1.7056,1.88,1.13
2014.02.24 17:02:52.539,1.70545,1.7056,1.38,1.45
2014.02.24 17:02:53.044,1.70546,1.70559,1.00,1.00
2014.02.24 17:02:54.454,1.70546,1.70559,2.63,1.00
2014.02.24 17:02:54.564,1.70546,1.70559,2.63,1.00
2014.02.24 17:02:54.716,1.70547,1.70559,2.25,1.00
2014.02.24 17:02:54.868,1.70547,1.70561,3.00,1.00
2014.02.24 17:02:55.120,1.70547,1.70561,3.00,1.00
2014.02.24 17:02:55.434,1.7055,1.70562,1.88,1.00
2014.02.24 17:02:55.636,1.70552,1.70566,1.00,1.10
2014.02.24 17:02:56.136,1.70552,1.70567,3.38,1.18
2014.02.24 17:02:56.439,1.70556,1.70566,1.88,1.00
2014.02.24 17:02:56.490,1.70554,1.70566,2.25,1.00
2014.02.24 17:02:57.011,1.70555,1.70566,1.88,1.00
2014.02.24 17:02:57.607,1.70556,1.70566,1.88,1.00
2014.02.24 17:02:58.296,1.70556,1.70566,2.03,1.00
2014.02.24 17:03:01.795,1.70552,1.70563,1.50,1.00
2014.02.24 17:03:01.896,1.70549,1.70561,2.40,1.00
2014.02.24 17:03:01.998,1.70549,1.70561,2.25,1.00
2014.02.24 17:03:02.301,1.70551,1.70561,1.88,1.00
2014.02.24 17:03:02.604,1.70549,1.70561,1.88,1.00
2014.02.24 17:03:03.912,1.70551,1.70561,1.88,1.00
2014.02.24 17:03:06.540,1.70553,1.70561,1.88,1.00
2014.02.24 17:03:07.057,1.70552,1.70561,1.88,1.00
2014.02.24 17:03:07.199,1.70552,1.70563,1.88,1.00
2014.02.24 17:03:07.251,1.70554,1.70563,1.88,1.00
2014.02.24 17:03:07.302,1.70554,1.70565,1.88,1.10
2014.02.24 17:03:07.353,1.70556,1.70565,1.88,1.10
2014.02.24 17:03:07.872,1.70557,1.70565,1.88,1.00
2014.02.24 17:03:08.447,1.70558,1.70565,1.88,1.00
2014.02.24 17:03:09.602,1.70561,1.70566,1.88,1.00
2014.02.24 17:03:09.653,1.70561,1.70568,1.88,1.00
2014.02.24 17:03:09.755,1.70559,1.70571,1.95,1.00
2014.02.24 17:03:10.373,1.70559,1.70574,1.15,1.38
2014.02.24 17:03:10.901,1.7056,1.70571,1.88,1.00
2014.02.24 17:03:11.468,1.70559,1.70571,1.88,1.00
2014.02.24 17:03:11.822,1.70558,1.70569,1.95,1.00
2014.02.24 17:03:12.420,1.7056,1.70569,1.88,1.00
2014.02.24 17:03:12.950,1.70559,1.70569,1.88,1.00
2014.02.24 17:03:13.462,1.70559,1.70569,2.03,1.00
2014.02.24 17:03:17.239,1.70556,1.70569,2.03,1.00
2014.02.24 17:03:17.341,1.70554,1.70567,2.63,1.00
2014.02.24 17:03:17.972,1.70555,1.70567,1.88,1.00
2014.02.24 17:03:18.767,1.70554,1.70567,2.63,1.00
2014.02.24 17:03:19.327,1.70555,1.70567,1.88,1.00
2014.02.24 17:03:19.867,1.70554,1.70567,3.00,1.00
2014.02.24 17:03:20.381,1.70555,1.70567,1.88,1.00
2014.02.24 17:03:21.126,1.70554,1.70567,3.00,1.00
2014.02.24 17:03:21.328,1.70556,1.70567,1.88,1.00
2014.02.24 17:03:21.631,1.7056,1.70571,1.88,2.03
2014.02.24 17:03:21.934,1.7056,1.70566,1.88,1.00
2014.02.24 17:03:22.186,1.70558,1.70566,1.88,1.00
2014.02.24 17:03:23.247,1.70559,1.70566,1.88,1.00
2014.02.24 17:03:23.520,1.70556,1.70569,2.40,1.00
2014.02.24 17:03:23.571,1.70557,1.70571,1.28,1.00
2014.02.24 17:03:23.722,1.70555,1.70566,2.70,1.00
2014.02.24 17:03:23.924,1.70555,1.70568,2.63,1.00
2014.02.24 17:03:23.975,1.70555,1.70568,2.63,1.75
2014.02.24 17:03:24.228,1.7055,1.70561,1.13,1.00
2014.02.24 17:03:24.835,1.70551,1.70561,1.88,1.00
2014.02.24 17:03:27.259,1.70551,1.70561,2.25,1.00
2014.02.24 17:03:27.830,1.70551,1.70561,1.88,1.00
2014.02.24 17:03:28.032,1.70551,1.70561,2.25,1.00
2014.02.24 17:03:28.617,1.70553,1.70565,2.25,1.13
2014.02.24 17:03:28.668,1.70553,1.70565,2.25,1.00
2014.02.24 17:03:29.174,1.70554,1.70565,2.25,1.00
2014.02.24 17:03:31.204,1.70553,1.70565,2.25,1.00
2014.02.24 17:03:31.409,1.70553,1.70568,3.00,1.18
2014.02.24 17:03:31.459,1.70553,1.70568,3.00,1.18
2014.02.24 17:03:31.786,1.70552,1.70564,2.63,1.00
2014.02.24 17:03:35.635,1.70552,1.70564,1.38,1.00
2014.02.24 17:03:35.845,1.70552,1.70564,3.00,1.00
2014.02.24 17:03:35.922,1.70552,1.70564,3.00,1.00
2014.02.24 17:03:38.995,1.70554,1.70569,1.58,1.10
2014.02.24 17:03:39.046,1.70554,1.70569,1.65,1.00
2014.02.24 17:03:39.995,1.70556,1.70566,1.38,1.00
2014.02.24 17:03:40.096,1.70558,1.7057,1.00,1.00
2014.02.24 17:03:40.197,1.70558,1.70565,1.00,1.00
2014.02.24 17:03:40.451,1.7055,1.70561,1.88,1.00
2014.02.24 17:03:40.552,1.70548,1.70559,1.55,1.00
2014.02.24 17:03:40.856,1.70554,1.70561,1.38,1.00
2014.02.24 17:03:40.957,1.70554,1.70569,2.33,1.08
2014.02.24 17:03:41.210,1.70557,1.70571,3.00,1.00
2014.02.24 17:03:41.513,1.70558,1.70569,1.00,1.00
2014.02.24 17:03:41.816,1.70558,1.70571,1.13,1.45
2014.02.24 17:03:42.173,1.70555,1.70563,1.38,1.00
2014.02.24 17:03:42.224,1.7055,1.70563,2.74,1.00
2014.02.24 17:03:42.376,1.70552,1.70566,1.38,1.00
2014.02.24 17:03:42.750,1.7055,1.70564,2.74,1.00
2014.02.24 17:03:42.964,1.70549,1.70564,3.87,1.00
2014.02.24 17:03:43.482,1.70549,1.70564,3.83,1.00
2014.02.24 17:03:43.634,1.70551,1.70566,1.38,1.58
2014.02.24 17:03:43.735,1.70549,1.70562,2.70,1.00
2014.02.24 17:03:43.842,1.70552,1.70566,1.38,1.10
2014.02.24 17:03:43.943,1.70549,1.70564,1.58,1.00
2014.02.24 17:03:44.249,1.70552,1.70566,1.38,1.10
2014.02.24 17:03:44.608,1.70549,1.70562,3.08,1.00
2014.02.24 17:03:44.912,1.70552,1.70566,1.50,1.10
2014.02.24 17:03:45.577,1.70551,1.70565,1.75,1.00
2014.02.24 17:03:47.355,1.70551,1.70562,1.13,1.00
2014.02.24 17:03:47.456,1.70551,1.70566,1.88,1.58
2014.02.24 17:03:47.809,1.70548,1.70563,3.90,1.00
2014.02.24 17:03:48.162,1.70548,1.70563,3.90,1.00
2014.02.24 17:03:48.414,1.70548,1.70561,3.90,1.00
2014.02.24 17:03:49.380,1.70548,1.70556,1.50,1.00
2014.02.24 17:03:50.049,1.70548,1.70556,1.00,1.00
2014.02.24 17:03:51.163,1.70549,1.70561,1.88,1.13
2014.02.24 17:03:53.006,1.70548,1.70561,3.00,1.00
2014.02.24 17:03:53.511,1.70549,1.70561,1.88,1.00
2014.02.24 17:03:54.032,1.70548,1.70561,1.13,1.00
2014.02.24 17:03:55.092,1.70548,1.70561,1.50,1.00
2014.02.24 17:03:55.647,1.70548,1.70563,1.88,1.10
2014.02.24 17:03:55.899,1.70554,1.70566,1.00,1.00
2014.02.24 17:03:55.950,1.70554,1.70566,1.38,1.00
2014.02.24 17:03:56.304,1.70556,1.70567,1.18,1.13
2014.02.24 17:03:56.456,1.70554,1.70561,1.53,1.00
2014.02.24 17:03:56.608,1.70551,1.70561,3.90,1.00
2014.02.24 17:03:56.762,1.70551,1.70561,1.88,1.00
2014.02.24 17:03:56.965,1.70552,1.70561,1.88,1.00
2014.02.24 17:03:57.066,1.70551,1.70561,1.38,1.00
2014.02.24 17:03:57.319,1.70551,1.70566,3.45,1.50
2014.02.24 17:03:57.420,1.70555,1.70566,1.88,1.50
2014.02.24 17:03:57.926,1.70555,1.70566,2.25,1.00
2014.02.24 17:03:59.591,1.70554,1.70566,3.00,1.38
2014.02.24 17:03:59.642,1.70554,1.70561,2.25,1.00
2014.02.24 17:03:59.693,1.70551,1.70561,3.15,1.00
2014.02.24 17:04:00.205,1.70552,1.70561,2.33,1.00
2014.02.24 17:04:00.358,1.70554,1.70561,1.00,1.00
2014.02.24 17:04:00.409,1.70557,1.7057,1.88,1.20
2014.02.24 17:04:00.460,1.70558,1.7057,2.22,1.00
2014.02.24 17:04:00.510,1.70564,1.70574,1.00,1.20
2014.02.24 17:04:00.612,1.70568,1.70576,2.25,1.00
2014.02.24 17:04:00.763,1.70566,1.70581,1.53,1.50
2014.02.24 17:04:02.552,1.7057,1.70581,1.38,1.00
2014.02.24 17:04:02.905,1.7057,1.70581,1.53,1.00
2014.02.24 17:04:03.158,1.7057,1.70585,1.65,1.00
2014.02.24 17:04:03.208,1.7057,1.70585,1.65,1.00
2014.02.24 17:04:03.713,1.70576,1.70586,1.55,1.00
2014.02.24 17:04:04.654,1.70576,1.70586,1.55,1.00
2014.02.24 17:04:04.704,1.70576,1.70589,1.55,1.88
2014.02.24 17:04:04.856,1.70576,1.70591,1.55,3.38
2014.02.24 17:04:05.150,1.70576,1.70586,1.55,1.00
2014.02.24 17:04:06.171,1.70576,1.70586,1.13,1.00
2014.02.24 17:04:06.543,1.70576,1.70586,1.38,1.00
2014.02.24 17:04:06.755,1.70576,1.70586,1.38,1.00
2014.02.24 17:04:07.264,1.70574,1.70586,1.38,1.00
2014.02.24 17:04:07.942,1.70574,1.70586,1.28,1.00
2014.02.24 17:04:08.298,1.70574,1.70581,1.18,1.00
2014.02.24 17:04:08.500,1.70568,1.70581,2.03,1.00
2014.02.24 17:04:09.039,1.70572,1.70581,1.00,1.00
2014.02.24 17:04:10.535,1.70567,1.70581,3.45,1.50
2014.02.24 17:04:16.123,1.70567,1.70579,1.20,1.00
2014.02.24 17:04:16.427,1.70558,1.70571,1.90,1.00
2014.02.24 17:04:16.478,1.70558,1.7057,1.90,2.63
2014.02.24 17:04:16.680,1.70553,1.70561,1.20,1.00
2014.02.24 17:04:16.781,1.70551,1.70561,3.53,1.00
2014.02.24 17:04:18.396,1.70555,1.70561,1.88,1.00
2014.02.24 17:04:18.447,1.70557,1.70572,1.00,1.55
2014.02.24 17:04:18.498,1.70558,1.70572,1.88,1.55
2014.02.24 17:04:18.801,1.70557,1.70568,1.88,1.00
2014.02.24 17:04:19.104,1.70553,1.70561,1.55,1.00
2014.02.24 17:04:20.243,1.70551,1.70561,1.10,1.00
2014.02.24 17:04:20.755,1.7055,1.70561,1.95,1.00
2014.02.24 17:04:21.634,1.70548,1.70559,2.03,1.00
2014.02.24 17:04:21.735,1.70552,1.70562,1.88,1.00
2014.02.24 17:04:21.937,1.70549,1.70562,1.50,1.00
2014.02.24 17:04:22.292,1.7055,1.70559,1.88,1.00
2014.02.24 17:04:22.603,1.70549,1.70559,3.12,1.00
2014.02.24 17:04:22.957,1.70553,1.70566,3.15,1.00
2014.02.24 17:04:23.159,1.70557,1.70571,1.38,1.00
2014.02.24 17:04:23.693,1.70557,1.70571,3.15,1.00
2014.02.24 17:04:23.744,1.70557,1.70568,2.40,1.00
2014.02.24 17:04:24.912,1.70559,1.70568,1.48,1.00
2014.02.24 17:04:24.963,1.70561,1.70572,2.25,1.00
2014.02.24 17:04:25.065,1.70561,1.70574,2.25,1.00
2014.02.24 17:04:25.166,1.70561,1.70574,2.40,1.00
2014.02.24 17:04:25.267,1.70565,1.70577,1.95,1.00
2014.02.24 17:04:25.368,1.70566,1.70581,1.10,1.88
2014.02.24 17:04:25.470,1.70565,1.70578,2.03,1.00
2014.02.24 17:04:25.723,1.70569,1.70584,1.00,2.70
2014.02.24 17:04:26.358,1.70571,1.70581,1.00,1.00
2014.02.24 17:04:26.810,1.70566,1.70578,1.65,1.00
2014.02.24 17:04:27.230,1.70575,1.7059,1.00,1.65
2014.02.24 17:04:27.331,1.70575,1.7059,1.00,1.50
2014.02.24 17:04:27.597,1.70578,1.70591,1.00,1.13
2014.02.24 17:04:28.395,1.70578,1.70591,1.10,1.38
2014.02.24 17:04:28.702,1.70573,1.70587,3.38,1.00
2014.02.24 17:04:29.249,1.70575,1.7059,1.15,1.13
2014.02.24 17:04:30.281,1.70575,1.70588,1.15,2.25
2014.02.24 17:04:30.382,1.70572,1.70586,1.15,1.38
2014.02.24 17:04:30.483,1.70569,1.70584,2.03,1.38
2014.02.24 17:04:30.534,1.70574,1.70586,1.00,1.50
2014.02.24 17:04:30.640,1.7057,1.70585,1.20,1.38
2014.02.24 17:04:30.742,1.7057,1.70585,1.65,1.00
2014.02.24 17:04:31.046,1.70579,1.70586,1.00,1.13
2014.02.24 17:04:31.854,1.70573,1.70586,2.03,1.00
2014.02.24 17:04:31.955,1.70574,1.70588,1.65,1.00
2014.02.24 17:04:32.057,1.70574,1.70588,1.65,1.00
2014.02.24 17:04:32.226,1.70576,1.70591,1.18,1.50
2014.02.24 17:04:34.405,1.7058,1.70593,1.88,1.00
2014.02.24 17:04:34.708,1.70582,1.70596,1.88,1.28
2014.02.24 17:04:34.809,1.70582,1.70596,1.88,1.20
2014.02.24 17:04:34.960,1.70584,1.70597,1.00,1.18
2014.02.24 17:04:35.278,1.70582,1.70596,1.88,1.10
2014.02.24 17:04:35.814,1.70581,1.70596,2.63,1.10
2014.02.24 17:04:36.529,1.70581,1.70596,1.00,1.28
2014.02.24 17:04:37.743,1.70581,1.70594,1.00,2.33
2014.02.24 17:04:38.047,1.70575,1.70586,1.00,1.58
2014.02.24 17:04:38.148,1.70569,1.70581,1.00,1.00
2014.02.24 17:04:38.250,1.70567,1.70581,1.00,1.00
2014.02.24 17:04:40.060,1.70567,1.70581,1.50,1.00
2014.02.24 17:04:40.263,1.70576,1.70589,1.00,1.10
2014.02.24 17:04:40.364,1.70579,1.70592,1.00,2.78
2014.02.24 17:04:40.575,1.70577,1.70591,1.00,1.88
2014.02.24 17:04:41.287,1.70577,1.70592,1.00,3.00
2014.02.24 17:04:42.964,1.7058,1.70593,1.00,2.25
2014.02.24 17:04:45.077,1.7058,1.70595,1.00,1.48
2014.02.24 17:04:45.381,1.70588,1.70599,1.00,1.20
2014.02.24 17:04:45.482,1.70589,1.70603,1.38,1.95
2014.02.24 17:04:45.584,1.70592,1.70607,1.00,2.70
2014.02.24 17:04:45.636,1.70589,1.70604,1.88,1.55
2014.02.24 17:04:45.687,1.70589,1.70604,1.88,1.18
2014.02.24 17:04:45.788,1.70589,1.70604,2.03,1.00
2014.02.24 17:04:46.092,1.70594,1.70608,1.00,1.48
2014.02.24 17:04:46.598,1.70594,1.70608,1.18,1.38
2014.02.24 17:04:47.103,1.70594,1.70608,1.18,1.00
2014.02.24 17:04:47.681,1.70593,1.70608,1.15,1.38
2014.02.24 17:04:48.225,1.70594,1.70608,1.50,2.33
2014.02.24 17:04:48.276,1.70594,1.70608,1.50,2.33
2014.02.24 17:04:48.614,1.70597,1.70612,1.13,3.83
2014.02.24 17:04:48.715,1.706,1.70613,1.00,2.33
2014.02.24 17:04:49.219,1.706,1.70615,1.00,3.00
2014.02.24 17:04:51.158,1.706,1.70615,1.38,1.13
2014.02.24 17:04:51.676,1.70603,1.70616,1.00,1.88
2014.02.24 17:04:52.183,1.70603,1.70617,1.00,1.88
2014.02.24 17:04:52.695,1.70603,1.70616,1.00,2.25
2014.02.24 17:04:53.462,1.70603,1.70617,1.00,1.88
2014.02.24 17:04:54.640,1.706,1.70615,1.28,1.00
2014.02.24 17:04:55.161,1.706,1.70611,1.15,1.00
2014.02.24 17:04:55.211,1.706,1.70611,1.10,1.00
2014.02.24 17:04:56.600,1.706,1.70611,1.10,1.38
2014.02.24 17:04:57.118,1.706,1.70611,1.28,1.00
2014.02.24 17:04:57.219,1.706,1.70615,1.28,1.38
2014.02.24 17:04:57.922,1.70602,1.70617,1.20,1.13
2014.02.24 17:04:58.074,1.70605,1.7062,1.00,1.65
2014.02.24 17:04:58.377,1.70602,1.70616,1.00,3.38
2014.02.24 17:04:58.680,1.70602,1.70611,1.00,1.00
2014.02.24 17:04:59.460,1.70598,1.70611,1.18,1.00
2014.02.24 17:04:59.721,1.70601,1.70613,1.00,2.25
2014.02.24 17:05:00.053,1.70603,1.70612,1.00,1.88
2014.02.24 17:05:00.232,1.70601,1.70612,1.10,1.88
2014.02.24 17:05:00.689,1.70603,1.70613,1.00,2.25
2014.02.24 17:05:00.791,1.70604,1.70618,1.00,3.08
2014.02.24 17:05:00.892,1.70608,1.70619,1.00,2.25
2014.02.24 17:05:01.758,1.70608,1.70619,1.00,1.88
2014.02.24 17:05:01.859,1.70608,1.70621,1.00,3.00
2014.02.24 17:05:01.910,1.70605,1.7062,1.58,1.00
2014.02.24 17:05:01.960,1.70605,1.7062,1.90,1.00
2014.02.24 17:05:02.263,1.70611,1.70621,1.00,1.13
2014.02.24 17:05:02.783,1.70606,1.70621,1.28,4.13
2014.02.24 17:05:03.396,1.70606,1.70621,1.20,1.50
2014.02.24 17:05:04.265,1.70606,1.70621,3.45,1.50
2014.02.24 17:05:08.142,1.7061,1.70616,1.00,1.00
2014.02.24 17:05:08.294,1.70608,1.70616,1.88,1.00
2014.02.24 17:05:08.808,1.70607,1.70616,1.95,1.00
2014.02.24 17:05:09.359,1.70608,1.70616,1.88,1.00
2014.02.24 17:05:10.346,1.70607,1.70616,1.95,1.00
2014.02.24 17:05:10.649,1.70606,1.70616,1.18,1.75
2014.02.24 17:05:10.902,1.70605,1.70616,1.00,1.38
2014.02.24 17:05:11.307,1.70605,1.70616,1.00,1.00
2014.02.24 17:05:12.403,1.70603,1.70616,1.00,1.00
2014.02.24 17:05:12.931,1.70603,1.70616,1.00,1.18
2014.02.24 17:05:13.512,1.70604,1.70616,1.88,1.00
2014.02.24 17:05:14.232,1.70603,1.70616,1.88,1.00
2014.02.24 17:05:15.749,1.70604,1.70616,1.88,1.00
2014.02.24 17:05:16.259,1.70605,1.70616,1.00,1.00
2014.02.24 17:05:17.023,1.70608,1.70616,1.00,1.00
2014.02.24 17:05:17.249,1.70604,1.70616,1.00,1.00
2014.02.24 17:05:17.502,1.70607,1.70616,1.00,1.00
2014.02.24 17:05:20.804,1.70604,1.70616,1.00,1.00
2014.02.24 17:05:25.908,1.70601,1.70616,1.13,3.45
2014.02.24 17:05:25.959,1.70601,1.70611,1.00,1.00
2014.02.24 17:05:26.263,1.70596,1.70606,1.13,1.00
2014.02.24 17:05:27.033,1.706,1.70606,1.00,1.00
2014.02.24 17:05:27.287,1.70597,1.70606,1.00,1.00
2014.02.24 17:05:27.388,1.70593,1.70606,3.00,1.00
2014.02.24 17:05:31.480,1.70593,1.70601,1.13,1.00
2014.02.24 17:05:33.529,1.70596,1.70601,1.00,1.00
2014.02.24 17:05:36.280,1.70596,1.70606,1.00,1.50
2014.02.24 17:05:36.771,1.70596,1.70601,1.00,1.00
2014.02.24 17:05:36.974,1.70596,1.70606,1.00,1.13
2014.02.24 17:05:39.501,1.70596,1.70606,1.00,1.38
2014.02.24 17:05:41.030,1.70596,1.70601,1.00,1.00
2014.02.24 17:05:58.813,1.70592,1.70601,1.00,1.00
2014.02.24 17:05:59.614,1.70595,1.70601,1.00,1.00
2014.02.24 17:06:01.267,1.70595,1.70606,1.00,1.00
2014.02.24 17:06:01.368,1.70599,1.70606,1.00,1.00
2014.02.24 17:06:02.808,1.70603,1.70612,1.00,1.38
2014.02.24 17:06:03.462,1.70605,1.70616,2.25,1.38
2014.02.24 17:06:03.564,1.70608,1.70616,1.13,1.00
2014.02.24 17:06:03.665,1.70614,1.70621,1.00,2.18
2014.02.24 17:06:03.717,1.70614,1.70621,1.00,1.50
2014.02.24 17:06:03.818,1.70611,1.70621,1.58,1.00
2014.02.24 17:06:04.222,1.70615,1.70621,1.00,1.00
2014.02.24 17:06:04.542,1.70618,1.70627,1.00,1.88
2014.02.24 17:06:04.643,1.70618,1.70626,1.00,1.00
2014.02.24 17:06:05.105,1.70621,1.70626,1.00,1.00
2014.02.24 17:06:07.874,1.70618,1.70626,1.00,2.63
2014.02.24 17:06:08.482,1.70618,1.70625,1.00,1.88
2014.02.24 17:06:10.144,1.70613,1.70625,1.28,1.88
2014.02.24 17:06:10.612,1.70618,1.70626,1.00,2.63
2014.02.24 17:06:11.604,1.7062,1.70626,1.00,1.00
2014.02.24 17:06:15.880,1.70617,1.70626,1.38,1.13
2014.02.24 17:06:17.262,1.70615,1.70626,1.00,1.00
2014.02.24 17:06:19.301,1.70616,1.70626,1.00,1.00
2014.02.24 17:06:21.824,1.70619,1.70626,1.00,1.00
2014.02.24 17:06:22.450,1.70619,1.70633,1.00,1.88
2014.02.24 17:06:22.602,1.70622,1.70636,1.00,1.55
2014.02.24 17:06:22.905,1.70625,1.70636,1.50,1.95
2014.02.24 17:06:23.208,1.70633,1.70642,1.00,2.25
2014.02.24 17:06:23.259,1.7063,1.70641,1.00,1.00
2014.02.24 17:06:23.893,1.70627,1.70641,1.10,3.38
2014.02.24 17:06:24.044,1.70627,1.70641,2.33,1.50
2014.02.24 17:06:24.145,1.7063,1.70645,1.50,2.78
2014.02.24 17:06:24.248,1.70632,1.70645,1.00,1.18
2014.02.24 17:06:24.351,1.70632,1.70647,1.50,1.38
2014.02.24 17:06:24.700,1.70632,1.70647,2.03,1.00
2014.02.24 17:06:25.210,1.70632,1.70646,1.95,3.00
2014.02.24 17:06:25.524,1.70632,1.70644,1.38,1.00
2014.02.24 17:06:26.136,1.70636,1.70649,1.38,1.10
2014.02.24 17:06:26.338,1.70637,1.70651,1.18,2.63
2014.02.24 17:06:26.490,1.70639,1.70652,2.03,1.88
2014.02.24 17:06:26.642,1.70639,1.70654,2.40,1.13
2014.02.24 17:06:29.178,1.70642,1.70654,1.00,1.88
2014.02.24 17:06:29.683,1.70642,1.70653,1.10,1.88
2014.02.24 17:06:29.885,1.70639,1.70652,1.58,1.88
2014.02.24 17:06:30.376,1.70639,1.70651,1.88,1.00
2014.02.24 17:06:30.428,1.7064,1.70653,1.50,1.88
2014.02.24 17:06:32.073,1.70639,1.70653,1.50,1.00
2014.02.24 17:06:32.275,1.70639,1.70651,1.00,1.00
2014.02.24 17:06:33.583,1.70639,1.70653,1.50,1.00
2014.02.24 17:06:34.143,1.70639,1.70653,1.88,1.00
2014.02.24 17:06:35.122,1.70642,1.70653,1.13,1.00
2014.02.24 17:06:35.426,1.70652,1.70663,1.50,3.00
2014.02.24 17:06:35.528,1.70654,1.70663,1.00,1.00
2014.02.24 17:06:35.924,1.70653,1.70665,1.13,1.00
2014.02.24 17:06:36.141,1.70653,1.70668,1.13,1.13
2014.02.24 17:06:36.460,1.70653,1.70666,1.13,1.00
2014.02.24 17:06:37.875,1.7065,1.70666,1.28,3.38
2014.02.24 17:06:38.412,1.7065,1.70666,1.55,3.38
2014.02.24 17:06:40.854,1.7065,1.70666,1.13,1.10
2014.02.24 17:06:42.477,1.70649,1.70666,1.20,1.95
2014.02.24 17:06:42.679,1.70645,1.70659,1.00,3.08
2014.02.24 17:06:42.780,1.70645,1.70661,2.63,3.08
2014.02.24 17:06:42.834,1.70645,1.70661,3.38,1.95
2014.02.24 17:06:42.986,1.70646,1.70664,2.63,2.40
2014.02.24 17:06:43.854,1.70648,1.70665,1.75,2.40
2014.02.24 17:06:46.500,1.70646,1.70665,3.38,2.74
2014.02.24 17:06:46.551,1.70646,1.70657,1.13,2.25
2014.02.24 17:06:46.855,1.70644,1.70651,1.13,1.00
2014.02.24 17:06:47.267,1.70638,1.70651,2.25,1.00
2014.02.24 17:06:47.767,1.70638,1.70656,2.25,1.53
2014.02.24 17:06:48.111,1.70639,1.70657,2.70,1.55
2014.02.24 17:06:50.039,1.7064,1.70655,1.50,1.13
2014.02.24 17:06:50.385,1.70645,1.7066,1.00,1.28
2014.02.24 17:06:53.240,1.70645,1.7066,1.00,1.53
2014.02.24 17:06:53.544,1.70637,1.70645,1.00,1.00
2014.02.24 17:06:53.595,1.70633,1.70641,1.53,1.00
2014.02.24 17:06:53.647,1.70633,1.70646,1.38,3.00
2014.02.24 17:06:53.849,1.70631,1.70646,1.00,1.88
2014.02.24 17:06:54.354,1.70631,1.70646,1.38,1.50
2014.02.24 17:06:54.761,1.70632,1.70646,2.40,1.00
2014.02.24 17:06:54.812,1.70635,1.7065,1.00,1.48
2014.02.24 17:06:55.552,1.70635,1.7065,1.00,1.48
2014.02.24 17:06:55.603,1.7063,1.70645,2.78,1.00
2014.02.24 17:06:55.653,1.7063,1.70645,2.78,1.38
2014.02.24 17:06:55.704,1.70629,1.70642,1.00,1.38
2014.02.24 17:06:55.856,1.70625,1.7064,1.58,1.38
2014.02.24 17:06:55.973,1.70622,1.70637,1.00,1.93
2014.02.24 17:06:56.024,1.70619,1.70632,1.58,1.88
2014.02.24 17:06:56.125,1.70619,1.70632,1.58,1.50
2014.02.24 17:06:56.277,1.70614,1.70629,1.00,1.90
2014.02.24 17:06:56.379,1.7061,1.70625,1.13,1.28
2014.02.24 17:06:56.480,1.70607,1.7062,1.20,1.00
2014.02.24 17:06:57.366,1.70605,1.7062,1.88,1.00
2014.02.24 17:06:57.467,1.70608,1.70623,1.00,1.65
2014.02.24 17:06:57.781,1.70608,1.70623,1.00,1.20
2014.02.24 17:06:57.888,1.7061,1.70625,1.00,3.15
2014.02.24 17:06:58.191,1.70618,1.70628,1.13,1.00
2014.02.24 17:06:58.444,1.70613,1.70628,3.08,1.00
2014.02.24 17:06:58.994,1.70613,1.70628,1.38,1.18
2014.02.24 17:06:59.907,1.70613,1.70628,1.00,1.18
2014.02.24 17:07:00.109,1.70611,1.70626,1.00,1.00
2014.02.24 17:07:00.311,1.70611,1.70626,1.00,1.18
2014.02.24 17:07:00.816,1.70609,1.70623,2.25,1.18
2014.02.24 17:07:01.119,1.70613,1.70627,1.00,1.20
2014.02.24 17:07:01.221,1.70613,1.70628,1.00,1.65
2014.02.24 17:07:02.837,1.70613,1.70628,1.38,1.53
2014.02.24 17:07:03.091,1.70612,1.70625,2.63,1.38
2014.02.24 17:07:03.546,1.70612,1.70626,2.25,1.90
2014.02.24 17:07:04.051,1.70611,1.70626,1.00,1.53
2014.02.24 17:07:04.152,1.70609,1.70628,1.00,2.70
2014.02.24 17:07:04.304,1.70614,1.70628,1.00,2.33
2014.02.24 17:07:04.507,1.70614,1.7063,1.00,1.18
2014.02.24 17:07:04.710,1.70616,1.70631,1.88,1.18
2014.02.24 17:07:04.862,1.70617,1.70632,1.13,1.10
2014.02.24 17:07:04.963,1.70617,1.70632,1.50,1.10
2014.02.24 17:07:05.176,1.70617,1.70632,1.13,1.10
2014.02.24 17:07:05.277,1.70617,1.70632,1.75,1.10
2014.02.24 17:07:05.580,1.70622,1.70636,1.88,1.00
2014.02.24 17:07:06.101,1.70621,1.70636,1.15,1.88
2014.02.24 17:07:06.152,1.70621,1.70636,1.15,2.25
2014.02.24 17:07:06.253,1.70621,1.70636,1.13,1.88
2014.02.24 17:07:06.304,1.70624,1.70636,1.00,1.38
2014.02.24 17:07:06.356,1.70624,1.70636,1.00,1.38
2014.02.24 17:07:06.862,1.70624,1.70639,2.25,1.38
2014.02.24 17:07:07.131,1.70626,1.70641,1.00,3.90
2014.02.24 17:07:07.283,1.70633,1.70644,1.00,2.70
2014.02.24 17:07:07.334,1.70633,1.70644,1.00,1.88
2014.02.24 17:07:07.691,1.7063,1.70645,1.13,3.00
2014.02.24 17:07:08.237,1.7063,1.70645,1.50,3.00
2014.02.24 17:07:08.752,1.7063,1.70645,1.75,3.00
2014.02.24 17:07:08.982,1.7063,1.70645,1.38,3.38
2014.02.24 17:07:09.286,1.70629,1.70636,1.50,1.00
2014.02.24 17:07:09.437,1.70622,1.70637,1.90,1.38
2014.02.24 17:07:09.640,1.70622,1.70635,1.00,1.13
2014.02.24 17:07:09.842,1.70619,1.70634,1.00,1.93
2014.02.24 17:07:09.893,1.70616,1.70631,1.20,1.13
2014.02.24 17:07:10.424,1.70616,1.70631,2.70,1.38
2014.02.24 17:07:10.940,1.70617,1.70631,1.88,1.13
2014.02.24 17:07:11.305,1.70619,1.70634,1.00,1.65
2014.02.24 17:07:12.144,1.70619,1.70634,3.08,1.38
2014.02.24 17:07:12.482,1.70622,1.70636,1.00,1.48
2014.02.24 17:07:12.791,1.70625,1.70637,1.00,1.38
2014.02.24 17:07:12.952,1.70622,1.70637,2.63,1.88
2014.02.24 17:07:13.480,1.70623,1.70637,1.88,1.50
2014.02.24 17:07:13.866,1.70624,1.70635,1.88,1.13
2014.02.24 17:07:15.194,1.70625,1.70635,1.00,1.00
2014.02.24 17:07:16.215,1.70625,1.7064,1.10,1.38
2014.02.24 17:07:16.719,1.70625,1.7064,1.48,1.38
2014.02.24 17:07:16.820,1.70629,1.70644,2.63,1.50
2014.02.24 17:07:16.921,1.70632,1.70646,1.00,2.03
2014.02.24 17:07:17.587,1.70629,1.70642,1.88,1.88
2014.02.24 17:07:17.638,1.70627,1.70636,1.00,1.00
2014.02.24 17:07:17.739,1.70622,1.70636,1.00,1.38
2014.02.24 17:07:17.840,1.70624,1.70637,1.00,1.50
2014.02.24 17:07:18.042,1.70626,1.70639,1.00,1.18
2014.02.24 17:07:18.633,1.70626,1.70639,1.00,1.00
2014.02.24 17:07:19.176,1.70627,1.70639,1.88,1.00
2014.02.24 17:07:20.782,1.70626,1.70641,1.52,1.50
2014.02.24 17:07:21.085,1.70623,1.70637,1.58,2.63
2014.02.24 17:07:21.187,1.70624,1.70636,1.00,2.25
2014.02.24 17:07:21.238,1.70624,1.70636,1.00,2.25
2014.02.24 17:07:21.340,1.70623,1.70631,1.10,1.00
2014.02.24 17:07:21.593,1.70616,1.70631,1.28,1.88
2014.02.24 17:07:22.124,1.70616,1.70631,1.00,1.88
2014.02.24 17:07:22.326,1.70614,1.70628,1.24,1.00
2014.02.24 17:07:22.832,1.70614,1.70628,1.17,1.00
2014.02.24 17:07:23.149,1.70613,1.70626,1.99,1.00
2014.02.24 17:07:23.453,1.70617,1.70631,1.00,1.65
2014.02.24 17:07:24.507,1.70617,1.70631,1.00,1.53
2014.02.24 17:07:25.629,1.70617,1.70631,1.00,1.18
2014.02.24 17:07:27.839,1.7062,1.70632,1.00,1.15
2014.02.24 17:07:28.143,1.7063,1.70643,3.38,1.50
2014.02.24 17:07:28.194,1.70634,1.70645,2.63,1.13
2014.02.24 17:07:28.396,1.70636,1.70651,1.00,2.03
2014.02.24 17:07:28.861,1.70636,1.7065,1.00,1.58
2014.02.24 17:07:29.170,1.70632,1.70647,2.59,1.18
2014.02.24 17:07:29.737,1.70632,1.70646,1.00,1.58
2014.02.24 17:07:29.940,1.70626,1.70641,3.34,1.10
2014.02.24 17:07:30.042,1.70627,1.70641,2.25,1.95
2014.02.24 17:07:30.245,1.70627,1.70641,2.59,1.10
2014.02.24 17:07:30.787,1.70628,1.70641,2.63,1.10
2014.02.24 17:07:31.348,1.7063,1.70641,1.88,1.10
2014.02.24 17:07:32.092,1.70629,1.70644,1.88,1.55
2014.02.24 17:07:32.460,1.70629,1.70644,3.75,1.55
2014.02.24 17:07:32.773,1.7063,1.70644,1.09,1.18
2014.02.24 17:07:33.285,1.70629,1.70644,4.09,1.00
2014.02.24 17:07:33.894,1.70629,1.70644,3.00,1.00
2014.02.24 17:07:33.945,1.70629,1.70643,1.38,1.13
2014.02.24 17:07:33.997,1.70627,1.70641,1.62,1.75
2014.02.24 17:07:34.149,1.70624,1.70637,1.38,1.10
2014.02.24 17:07:34.775,1.70621,1.70634,1.09,1.00
2014.02.24 17:07:35.414,1.7062,1.70634,3.04,1.38
2014.02.24 17:07:35.969,1.70618,1.70632,2.67,1.00
2014.02.24 17:07:36.308,1.7062,1.70632,1.09,1.00
2014.02.24 17:07:36.618,1.70621,1.70636,1.47,1.28
2014.02.24 17:07:38.265,1.7062,1.70632,1.09,1.00
2014.02.24 17:07:38.366,1.70619,1.70632,1.09,1.00
2014.02.24 17:07:38.872,1.70618,1.70632,3.04,1.00
2014.02.24 17:07:39.579,1.70619,1.70632,1.84,1.00
2014.02.24 17:07:40.470,1.70619,1.70632,1.84,1.00
2014.02.24 17:07:40.671,1.70619,1.70632,1.72,1.00
2014.02.24 17:07:40.934,1.70617,1.70632,1.38,1.00
2014.02.24 17:07:41.343,1.70615,1.70629,3.49,1.00
2014.02.24 17:07:44.602,1.70617,1.70632,1.38,1.18
2014.02.24 17:07:45.522,1.70619,1.7063,1.00,1.00
2014.02.24 17:07:48.779,1.70619,1.7063,1.00,1.38
2014.02.24 17:07:50.648,1.70619,1.70629,1.00,1.00
2014.02.24 17:07:51.155,1.70619,1.7063,1.00,1.00
2014.02.24 17:07:51.585,1.70617,1.70628,1.00,1.00
2014.02.24 17:07:51.788,1.70614,1.70628,1.95,1.00
2014.02.24 17:07:52.090,1.70619,1.70628,1.00,1.00
2014.02.24 17:07:52.241,1.70619,1.70632,1.00,1.13
2014.02.24 17:07:52.443,1.70617,1.70631,2.70,1.50
2014.02.24 17:07:52.861,1.70617,1.70626,1.10,1.00
2014.02.24 17:07:53.079,1.70617,1.70628,1.00,1.00
2014.02.24 17:07:53.433,1.70615,1.70628,2.33,1.00
2014.02.24 17:07:53.534,1.70617,1.70628,1.88,1.00
2014.02.24 17:07:54.614,1.70619,1.70628,1.00,1.00
2014.02.24 17:07:55.155,1.70617,1.70628,2.03,1.00
2014.02.24 17:07:55.680,1.70618,1.70628,1.95,1.38
2014.02.24 17:07:57.479,1.70619,1.70627,1.00,1.00
2014.02.24 17:07:57.631,1.70624,1.70634,1.00,1.38
2014.02.24 17:07:57.682,1.70624,1.70634,1.38,1.00
2014.02.24 17:07:57.885,1.70624,1.70636,1.38,1.20
2014.02.24 17:07:58.239,1.70624,1.70636,1.38,1.13
2014.02.24 17:08:01.921,1.70624,1.70638,1.88,1.00
2014.02.24 17:08:01.971,1.70624,1.70638,1.88,1.00
2014.02.24 17:08:02.073,1.70624,1.70638,1.88,1.00
2014.02.24 17:08:02.932,1.70624,1.70638,1.88,1.00
2014.02.24 17:08:05.189,1.70624,1.70636,2.63,1.38
2014.02.24 17:08:05.240,1.70624,1.70636,1.88,1.75
2014.02.24 17:08:05.291,1.70622,1.7063,1.10,1.13
2014.02.24 17:08:05.392,1.7062,1.7063,1.00,1.13
2014.02.24 17:08:05.595,1.70618,1.7063,2.97,1.13
2014.02.24 17:08:08.411,1.70618,1.7063,1.09,1.00
2014.02.24 17:08:12.218,1.70617,1.7063,1.72,3.00
2014.02.24 17:08:12.765,1.70616,1.7063,1.34,2.03
2014.02.24 17:08:13.288,1.70619,1.7063,1.00,1.65
2014.02.24 17:08:13.389,1.70619,1.70631,1.00,1.00
2014.02.24 17:08:13.980,1.70619,1.7063,1.00,1.00
2014.02.24 17:08:14.494,1.70619,1.70631,1.00,1.00
2014.02.24 17:08:14.699,1.70619,1.70631,1.75,1.00
2014.02.24 17:08:15.003,1.70637,1.70644,1.13,1.00
2014.02.24 17:08:15.206,1.70644,1.70652,1.00,1.00
2014.02.24 17:08:15.509,1.70639,1.7065,1.00,1.00
2014.02.24 17:08:15.673,1.70639,1.7065,1.00,1.58
2014.02.24 17:08:16.159,1.70639,1.70646,1.00,1.00
2014.02.24 17:08:16.413,1.70637,1.70646,1.13,1.00
2014.02.24 17:08:18.250,1.70637,1.70644,1.00,1.00
2014.02.24 17:08:18.452,1.70629,1.70644,3.15,1.38
2014.02.24 17:08:18.554,1.70635,1.70642,1.13,1.00
2014.02.24 17:08:18.655,1.70635,1.70644,1.13,1.50
2014.02.24 17:08:18.858,1.70634,1.70647,1.45,1.45
2014.02.24 17:08:19.162,1.70638,1.70644,1.00,1.00
2014.02.24 17:08:19.263,1.70635,1.70647,1.38,1.00
2014.02.24 17:08:19.364,1.70635,1.7065,1.88,1.88
2014.02.24 17:08:20.337,1.70637,1.7065,2.25,1.88
2014.02.24 17:08:21.967,1.70639,1.7065,2.67,1.13
2014.02.24 17:08:22.018,1.70641,1.70652,2.25,1.13
2014.02.24 17:08:22.270,1.70642,1.70652,2.33,1.13
2014.02.24 17:08:22.991,1.70644,1.70652,2.33,1.00
2014.02.24 17:08:23.526,1.70644,1.70653,2.67,1.00
2014.02.24 17:08:23.752,1.70642,1.70653,2.37,1.00
2014.02.24 17:08:23.854,1.70642,1.70656,2.29,1.50
2014.02.24 17:08:24.056,1.70642,1.70656,1.92,4.50
2014.02.24 17:08:24.157,1.70641,1.70651,1.13,1.00
2014.02.24 17:08:24.208,1.70638,1.70651,1.10,1.08
2014.02.24 17:08:24.615,1.70635,1.70646,1.09,1.00
2014.02.24 17:08:26.289,1.70635,1.70646,1.09,1.00
2014.02.24 17:08:27.897,1.70635,1.70646,1.09,1.00
2014.02.24 17:08:28.200,1.7064,1.70648,1.88,1.00
2014.02.24 17:08:28.352,1.70637,1.70648,3.38,1.00
2014.02.24 17:08:29.440,1.70637,1.70648,3.75,1.00
2014.02.24 17:08:29.898,1.70637,1.70646,1.88,1.00
2014.02.24 17:08:30.425,1.70637,1.70646,2.25,1.00
2014.02.24 17:08:31.718,1.70636,1.70651,1.38,1.95
2014.02.24 17:08:34.917,1.70638,1.70651,1.13,1.55
2014.02.24 17:08:35.025,1.7064,1.70651,1.88,1.55
2014.02.24 17:08:36.830,1.70643,1.70651,1.88,1.38
2014.02.24 17:08:37.133,1.70641,1.70652,1.88,1.75
2014.02.24 17:08:37.234,1.70638,1.70651,1.50,1.38
2014.02.24 17:08:37.336,1.70638,1.70646,1.13,1.00
2014.02.24 17:08:37.387,1.70638,1.70646,1.38,1.00
2014.02.24 17:08:37.939,1.70641,1.70646,1.00,1.00
2014.02.24 17:08:38.847,1.70641,1.70651,1.00,1.38
2014.02.24 17:08:40.885,1.70644,1.70651,1.88,1.38
2014.02.24 17:08:41.829,1.70643,1.70651,1.88,1.38
2014.02.24 17:08:42.458,1.70643,1.70651,2.63,1.13
2014.02.24 17:08:43.079,1.70642,1.70651,1.88,1.13
2014.02.24 17:08:46.467,1.70641,1.70651,2.63,1.00
2014.02.24 17:08:48.912,1.70642,1.70651,1.88,1.13
2014.02.24 17:08:49.833,1.70641,1.70651,1.88,1.00
2014.02.24 17:08:51.043,1.70641,1.70651,1.00,1.38
2014.02.24 17:08:51.568,1.7064,1.70651,1.88,1.13
2014.02.24 17:08:52.129,1.70641,1.70651,1.88,1.28
2014.02.24 17:08:52.896,1.7064,1.70651,1.88,1.55
2014.02.24 17:08:53.436,1.70641,1.70651,1.88,1.55
2014.02.24 17:08:55.746,1.7064,1.70651,1.88,1.55
2014.02.24 17:08:58.579,1.70639,1.70646,1.00,1.00
2014.02.24 17:08:58.731,1.70637,1.70646,1.88,1.00
2014.02.24 17:09:00.013,1.70637,1.7065,1.88,1.58
2014.02.24 17:09:00.525,1.70638,1.7065,1.00,1.00
2014.02.24 17:09:00.576,1.70638,1.7065,1.00,1.38
2014.02.24 17:09:00.879,1.7063,1.70641,2.03,1.75
2014.02.24 17:09:00.930,1.70633,1.70641,1.00,1.75
2014.02.24 17:09:01.183,1.70633,1.70638,1.18,1.00
2014.02.24 17:09:01.687,1.70633,1.70639,1.00,1.50
2014.02.24 17:09:01.894,1.70626,1.70639,1.15,1.75
2014.02.24 17:09:02.217,1.7063,1.70639,1.88,1.75
2014.02.24 17:09:02.482,1.7063,1.70639,1.88,1.75
2014.02.24 17:09:02.688,1.7063,1.70639,1.88,1.75
2014.02.24 17:09:03.010,1.70633,1.70639,1.00,1.13
2014.02.24 17:09:05.761,1.70631,1.7064,1.88,1.38
2014.02.24 17:09:06.114,1.70633,1.7064,1.00,1.50
2014.02.24 17:09:07.110,1.7063,1.7064,1.00,1.50
2014.02.24 17:09:07.231,1.7063,1.7064,1.00,1.50
2014.02.24 17:09:07.942,1.70628,1.7064,1.88,1.50
2014.02.24 17:09:08.094,1.7063,1.7064,1.00,1.50
2014.02.24 17:09:08.202,1.70627,1.7064,1.88,1.50
2014.02.24 17:09:09.722,1.70627,1.7064,1.88,1.50
2014.02.24 17:09:11.615,1.70627,1.7064,1.88,2.40
2014.02.24 17:09:11.716,1.70627,1.7064,1.88,2.25
2014.02.24 17:09:12.378,1.70628,1.7064,1.88,2.25
2014.02.24 17:09:16.121,1.70627,1.7064,1.88,1.50
2014.02.24 17:09:16.642,1.70627,1.7064,1.88,1.50
2014.02.24 17:09:17.257,1.70626,1.7064,2.63,1.38
2014.02.24 17:09:17.409,1.7063,1.70641,1.00,3.00
2014.02.24 17:09:17.719,1.7063,1.70641,1.00,2.25
2014.02.24 17:09:18.628,1.7063,1.70641,1.00,2.40
2014.02.24 17:09:19.511,1.70626,1.70641,2.63,2.40
2014.02.24 17:09:20.014,1.70626,1.70641,2.63,2.40
2014.02.24 17:09:21.597,1.70626,1.70641,1.00,2.40
2014.02.24 17:09:22.711,1.70624,1.70637,3.00,1.00
2014.02.24 17:09:24.129,1.70624,1.70637,1.13,1.38
2014.02.24 17:09:25.083,1.70622,1.70636,3.00,1.13
2014.02.24 17:09:25.589,1.70624,1.70637,3.00,1.13
2014.02.24 17:09:28.475,1.70629,1.70637,1.00,1.00
2014.02.24 17:09:28.577,1.70625,1.70637,2.25,1.00
2014.02.24 17:09:29.082,1.70625,1.70637,1.88,1.00
2014.02.24 17:09:29.785,1.70624,1.70637,3.00,1.13
2014.02.24 17:09:32.076,1.70624,1.70637,1.00,1.18
2014.02.24 17:09:32.279,1.70624,1.70632,1.00,1.00
2014.02.24 17:09:32.330,1.7062,1.70631,1.50,1.00
2014.02.24 17:09:32.633,1.70616,1.7063,2.25,1.00
2014.02.24 17:09:32.936,1.70616,1.70628,2.25,1.00
2014.02.24 17:09:35.098,1.70615,1.70628,1.88,1.00
2014.02.24 17:09:35.609,1.70619,1.70628,1.50,1.13
2014.02.24 17:09:35.813,1.70621,1.70631,2.63,1.00
2014.02.24 17:09:35.965,1.70618,1.70631,2.78,1.00
2014.02.24 17:09:36.066,1.70618,1.70631,1.88,1.50
2014.02.24 17:09:36.118,1.70618,1.70628,1.88,1.13
2014.02.24 17:09:36.480,1.70616,1.70626,2.25,1.00
2014.02.24 17:09:36.742,1.70614,1.70626,3.00,1.00
2014.02.24 17:09:39.774,1.70614,1.70626,2.63,1.00
2014.02.24 17:09:39.875,1.70614,1.70624,2.63,1.00
2014.02.24 17:09:41.079,1.70614,1.70624,1.34,1.00
2014.02.24 17:09:41.855,1.70614,1.70624,3.34,1.00
2014.02.24 17:09:41.956,1.70615,1.70624,2.59,1.00
2014.02.24 17:09:42.057,1.70616,1.70627,1.88,1.00
2014.02.24 17:09:42.820,1.70616,1.70629,1.88,1.00
2014.02.24 17:09:43.259,1.70617,1.70631,2.97,1.13
2014.02.24 17:09:43.563,1.70624,1.70638,1.13,1.08
2014.02.24 17:09:43.715,1.70624,1.70638,1.10,1.50
2014.02.24 17:09:44.017,1.70623,1.70638,1.28,1.00
2014.02.24 17:09:44.321,1.70629,1.70638,1.00,1.00
2014.02.24 17:09:44.371,1.70629,1.70642,1.13,1.50
2014.02.24 17:09:46.497,1.70629,1.70642,1.58,1.50
2014.02.24 17:09:46.700,1.7063,1.70645,1.47,1.50
2014.02.24 17:09:47.217,1.7063,1.70645,1.62,1.50
2014.02.24 17:09:48.850,1.7063,1.70645,1.99,1.50
2014.02.24 17:09:54.385,1.7063,1.70641,3.49,1.00
2014.02.24 17:09:56.318,1.7063,1.70641,1.54,1.00
2014.02.24 17:09:56.739,1.7063,1.70641,3.49,1.00
2014.02.24 17:09:56.845,1.7063,1.70645,1.62,1.00
2014.02.24 17:09:56.896,1.70628,1.70643,2.70,1.00
2014.02.24 17:09:57.048,1.70628,1.70643,1.65,1.00
2014.02.24 17:09:57.150,1.70634,1.70643,1.00,1.00
2014.02.24 17:09:57.710,1.70634,1.70643,1.38,1.00
2014.02.24 17:09:57.862,1.70629,1.70643,3.53,1.00
2014.02.24 17:09:57.913,1.7063,1.70645,1.28,1.00
2014.02.24 17:09:58.336,1.70633,1.70645,1.09,1.00
2014.02.24 17:09:58.640,1.70636,1.70646,1.65,1.00
2014.02.24 17:09:58.691,1.70636,1.70646,1.28,1.00
2014.02.24 17:09:59.197,1.70634,1.70646,1.84,1.00
2014.02.24 17:10:00.096,1.70634,1.70649,2.59,1.00
2014.02.24 17:10:00.631,1.70634,1.70649,2.22,1.00
2014.02.24 17:10:00.682,1.70634,1.70646,1.47,1.00
2014.02.24 17:10:00.985,1.70634,1.70649,2.22,1.00
2014.02.24 17:10:01.290,1.70634,1.70649,2.22,1.00
2014.02.24 17:10:01.543,1.70639,1.70651,1.13,1.00
2014.02.24 17:10:01.846,1.70639,1.70654,1.88,1.10
2014.02.24 17:10:02.446,1.70639,1.70654,2.03,1.00
2014.02.24 17:10:02.751,1.70641,1.70656,1.20,1.50
2014.02.24 17:10:03.271,1.70641,1.70656,1.28,1.50
2014.02.24 17:10:07.146,1.70644,1.70656,1.00,1.00
2014.02.24 17:10:08.035,1.70641,1.70656,1.08,1.50
2014.02.24 17:10:08.588,1.70641,1.70656,1.00,1.58
2014.02.24 17:10:09.357,1.70638,1.70653,1.65,1.00
2014.02.24 17:10:09.663,1.7063,1.70641,1.95,1.00
2014.02.24 17:10:09.816,1.70632,1.70646,1.75,1.50
2014.02.24 17:10:09.918,1.70637,1.70646,1.00,1.00
2014.02.24 17:10:14.242,1.70637,1.70644,1.00,1.88
2014.02.24 17:10:14.292,1.70632,1.70644,1.20,1.88
2014.02.24 17:10:14.797,1.7063,1.70645,2.40,1.00
2014.02.24 17:10:15.000,1.7063,1.70641,2.40,1.00
2014.02.24 17:10:15.051,1.7063,1.70641,1.65,1.00
2014.02.24 17:10:15.202,1.7063,1.70642,1.55,1.38
2014.02.24 17:10:15.405,1.70628,1.70636,1.20,1.00
2014.02.24 17:10:15.910,1.70625,1.70636,1.53,1.00
2014.02.24 17:10:16.162,1.70625,1.70636,1.00,1.00
2014.02.24 17:10:16.468,1.70628,1.70636,1.88,1.00
2014.02.24 17:10:16.721,1.70629,1.7064,1.15,1.00
2014.02.24 17:10:17.268,1.70628,1.70641,1.65,1.00
2014.02.24 17:10:17.371,1.70629,1.70643,1.65,1.00
2014.02.24 17:10:17.624,1.70632,1.70646,1.65,1.50
2014.02.24 17:10:18.046,1.70636,1.70646,1.00,1.00
2014.02.24 17:10:18.398,1.70634,1.70646,1.88,1.00
2014.02.24 17:10:20.617,1.70634,1.70646,1.38,1.00
2014.02.24 17:10:20.668,1.70634,1.70648,1.88,2.25
2014.02.24 17:10:20.769,1.70634,1.70646,1.58,1.00
2014.02.24 17:10:20.972,1.70635,1.70648,1.38,1.95
2014.02.24 17:10:21.124,1.70635,1.7065,1.38,1.10
2014.02.24 17:10:22.788,1.70633,1.70647,2.33,1.00
2014.02.24 17:10:24.408,1.70632,1.70647,3.53,1.00
2014.02.24 17:10:26.705,1.70632,1.70644,1.15,1.00
2014.02.24 17:10:26.885,1.70632,1.70644,1.10,1.00
2014.02.24 17:10:29.959,1.70629,1.70644,2.29,1.13
2014.02.24 17:10:31.160,1.70629,1.70644,2.67,1.00
2014.02.24 17:10:32.437,1.70629,1.70644,2.33,1.00
2014.02.24 17:10:32.869,1.70629,1.70641,1.58,1.00
2014.02.24 17:10:37.901,1.70626,1.70641,1.65,1.50
2014.02.24 17:10:37.952,1.70626,1.70636,1.65,1.00
2014.02.24 17:10:38.160,1.70624,1.70636,1.28,1.00
2014.02.24 17:10:38.589,1.70624,1.70638,2.03,1.00
2014.02.24 17:10:42.549,1.70624,1.70638,3.53,1.00
2014.02.24 17:10:42.701,1.70629,1.70641,1.13,1.00
2014.02.24 17:10:43.210,1.70627,1.7064,1.15,1.00
2014.02.24 17:10:43.468,1.70627,1.70637,1.00,1.00
2014.02.24 17:10:44.006,1.70625,1.70636,2.70,1.00
2014.02.24 17:10:44.467,1.70622,1.70636,1.55,1.13
2014.02.24 17:10:45.229,1.70622,1.70636,2.40,1.00
2014.02.24 17:10:45.778,1.70625,1.70636,1.10,1.00
2014.02.24 17:10:45.830,1.70625,1.70631,1.00,1.00
2014.02.24 17:10:46.132,1.70616,1.70625,2.78,1.38
2014.02.24 17:10:46.183,1.70616,1.70622,1.20,1.00
2014.02.24 17:10:46.234,1.70616,1.70621,1.10,1.00
2014.02.24 17:10:46.335,1.70613,1.70621,1.50,1.00
2014.02.24 17:10:46.436,1.70612,1.70621,1.38,1.00
2014.02.24 17:10:46.638,1.7062,1.70631,1.00,2.03
2014.02.24 17:10:46.740,1.70622,1.70631,1.00,1.15
2014.02.24 17:10:47.118,1.70622,1.70627,1.00,1.00
2014.02.24 17:10:47.423,1.7062,1.70626,1.00,1.00
2014.02.24 17:10:47.524,1.70622,1.70629,1.00,1.00
2014.02.24 17:10:47.625,1.70622,1.70631,1.00,1.50
2014.02.24 17:10:47.726,1.70624,1.70631,1.00,1.50
2014.02.24 17:10:48.082,1.70622,1.70631,1.88,1.00
2014.02.24 17:10:48.183,1.70624,1.70631,1.00,1.00
2014.02.24 17:10:48.234,1.70624,1.70633,1.00,1.00
2014.02.24 17:10:48.335,1.70622,1.70633,3.00,1.00
2014.02.24 17:10:49.179,1.70624,1.70633,1.00,1.00
2014.02.24 17:10:49.628,1.70621,1.70633,1.13,1.00
2014.02.24 17:10:50.033,1.70623,1.70633,1.00,1.00
2014.02.24 17:10:50.339,1.70626,1.70631,1.00,1.00
2014.02.24 17:10:50.491,1.70623,1.70631,1.00,1.00
2014.02.24 17:10:51.012,1.70618,1.70631,1.13,1.50
2014.02.24 17:10:51.113,1.70618,1.70629,1.13,1.00
2014.02.24 17:10:51.417,1.70615,1.70626,1.58,1.00
2014.02.24 17:10:51.568,1.70619,1.70629,1.00,1.00
2014.02.24 17:10:51.720,1.70621,1.70631,1.00,1.10
2014.02.24 17:10:52.023,1.70618,1.70626,2.25,1.00
2014.02.24 17:10:52.468,1.70621,1.70626,1.00,1.00
2014.02.24 17:10:52.593,1.70621,1.70631,1.00,1.00
2014.02.24 17:10:52.695,1.70624,1.70631,1.00,1.00
2014.02.24 17:10:56.437,1.70625,1.70634,1.88,1.00
2014.02.24 17:10:56.791,1.70626,1.70639,1.88,1.00
2014.02.24 17:10:56.842,1.70629,1.70639,1.00,1.00
2014.02.24 17:10:57.195,1.70626,1.70639,2.25,1.00
2014.02.24 17:10:58.071,1.70626,1.70636,1.88,1.00
2014.02.24 17:10:58.617,1.70625,1.70636,1.00,1.00
2014.02.24 17:11:00.501,1.70628,1.70636,1.00,1.00
2014.02.24 17:11:00.602,1.70628,1.70637,1.00,1.00
2014.02.24 17:11:00.653,1.70628,1.70641,1.00,1.93
2014.02.24 17:11:00.765,1.70631,1.70641,1.00,1.28
2014.02.24 17:11:00.816,1.70631,1.70641,1.00,1.28
2014.02.24 17:11:00.917,1.70634,1.70641,1.00,1.20
2014.02.24 17:11:01.221,1.70636,1.70641,1.00,1.00
2014.02.24 17:11:01.474,1.70633,1.70646,1.00,1.58
2014.02.24 17:11:01.979,1.70633,1.70641,1.00,1.13
2014.02.24 17:11:06.866,1.70635,1.70641,1.00,1.00
2014.02.24 17:11:08.186,1.70635,1.70641,1.00,1.38
2014.02.24 17:11:08.287,1.70633,1.70641,1.00,1.38
2014.02.24 17:11:08.439,1.70627,1.70641,3.00,1.38
2014.02.24 17:11:08.644,1.70632,1.70641,1.00,1.38
2014.02.24 17:11:09.240,1.70632,1.70641,1.00,1.38
2014.02.24 17:11:09.722,1.70628,1.70641,1.00,1.50
2014.02.24 17:11:10.182,1.70626,1.70636,1.00,1.38
2014.02.24 17:11:10.384,1.7062,1.70631,1.10,1.50
2014.02.24 17:11:11.816,1.7062,1.70631,1.00,1.50
2014.02.24 17:11:12.522,1.7062,1.70631,1.00,1.13
2014.02.24 17:11:12.573,1.70622,1.70631,1.00,1.13
2014.02.24 17:11:12.826,1.70619,1.70629,1.50,1.00
2014.02.24 17:11:13.129,1.70617,1.70631,1.00,1.75
2014.02.24 17:11:13.180,1.70617,1.70631,1.00,1.75
2014.02.24 17:11:13.483,1.70619,1.70631,1.00,3.38
2014.02.24 17:11:15.095,1.70616,1.70631,1.00,4.28
2014.02.24 17:11:16.197,1.70616,1.70626,1.00,1.00
2014.02.24 17:11:16.249,1.70616,1.70624,1.00,1.00
2014.02.24 17:11:16.351,1.70614,1.70624,1.00,1.00
2014.02.24 17:11:16.553,1.70613,1.70623,1.00,1.38
2014.02.24 17:11:16.877,1.70613,1.70618,1.00,1.00
2014.02.24 17:11:17.852,1.70611,1.70618,1.00,1.00
2014.02.24 17:11:19.434,1.70611,1.7062,1.00,1.00
2014.02.24 17:11:21.073,1.70611,1.70621,1.00,1.50
2014.02.24 17:11:23.872,1.70611,1.70622,1.00,1.00
2014.02.24 17:11:23.923,1.70613,1.70624,1.00,1.50
2014.02.24 17:11:24.819,1.70611,1.70622,1.88,1.13
2014.02.24 17:11:24.920,1.70614,1.70624,1.00,1.10
2014.02.24 17:11:25.469,1.70614,1.70626,1.00,1.85
2014.02.24 17:11:26.339,1.70612,1.70626,2.63,1.85
2014.02.24 17:11:26.695,1.70612,1.70624,2.63,1.00
2014.02.24 17:11:26.797,1.70615,1.70626,1.00,1.48
2014.02.24 17:11:28.870,1.70615,1.70626,2.63,1.00
2014.02.24 17:11:29.388,1.70616,1.70626,1.88,1.00
2014.02.24 17:11:29.552,1.70616,1.70626,1.88,1.38
2014.02.24 17:11:29.637,1.70616,1.70626,1.88,1.38
2014.02.24 17:11:30.420,1.70616,1.70626,1.88,1.00
2014.02.24 17:11:34.388,1.70617,1.70626,1.88,1.00
2014.02.24 17:11:34.929,1.70616,1.70626,1.88,1.00
2014.02.24 17:11:37.978,1.70617,1.70626,1.88,1.00
2014.02.24 17:11:39.661,1.70616,1.70626,1.88,1.00
2014.02.24 17:11:40.082,1.70618,1.70626,1.00,1.00
2014.02.24 17:11:40.234,1.70621,1.70631,1.00,1.58
2014.02.24 17:11:40.521,1.70617,1.70631,1.00,1.58
2014.02.24 17:11:40.572,1.70617,1.70626,1.00,1.00
2014.02.24 17:11:44.092,1.70617,1.70631,1.00,1.85
2014.02.24 17:11:44.294,1.70619,1.70632,1.00,2.33
2014.02.24 17:11:44.346,1.70619,1.70632,1.00,1.90
2014.02.24 17:11:44.549,1.7062,1.70632,1.88,1.00
2014.02.24 17:11:44.599,1.70624,1.70634,1.00,1.55
2014.02.24 17:11:44.902,1.70624,1.70636,1.00,1.28
2014.02.24 17:11:48.009,1.70626,1.70636,1.00,1.18
2014.02.24 17:11:49.464,1.70626,1.70636,1.00,1.13
2014.02.24 17:11:49.973,1.70626,1.70636,1.00,1.38
2014.02.24 17:11:50.332,1.70626,1.70631,1.00,1.00
2014.02.24 17:11:51.757,1.70624,1.70631,1.00,1.00
2014.02.24 17:11:54.107,1.70624,1.70636,1.00,1.48
2014.02.24 17:11:54.309,1.70624,1.70636,1.00,1.48
2014.02.24 17:11:54.410,1.70628,1.70636,1.00,1.10
2014.02.24 17:11:56.002,1.70628,1.70641,1.00,1.75
2014.02.24 17:11:56.256,1.70628,1.70641,2.63,1.75
2014.02.24 17:11:56.916,1.70628,1.70641,1.00,1.75
2014.02.24 17:11:57.219,1.70632,1.70641,2.63,1.13
2014.02.24 17:11:57.523,1.70635,1.70646,1.00,1.85
2014.02.24 17:11:58.565,1.70635,1.70646,1.00,1.75
2014.02.24 17:12:00.337,1.70635,1.70646,1.00,1.38
2014.02.24 17:12:00.490,1.70639,1.7065,1.88,1.55
2014.02.24 17:12:00.591,1.70639,1.70651,1.88,1.13
2014.02.24 17:12:00.642,1.70642,1.70651,1.00,1.13
2014.02.24 17:12:00.962,1.70642,1.70646,1.00,1.00
2014.02.24 17:12:03.957,1.70639,1.70646,1.00,1.00
2014.02.24 17:12:04.109,1.70636,1.70641,1.08,1.00
2014.02.24 17:12:04.210,1.70634,1.70641,1.00,1.38
2014.02.24 17:12:04.261,1.70631,1.70636,1.00,1.00
2014.02.24 17:12:04.312,1.70632,1.70636,1.00,1.00
2014.02.24 17:12:04.413,1.7063,1.70636,1.00,1.00
2014.02.24 17:12:04.464,1.7063,1.70641,1.00,1.38
2014.02.24 17:12:04.969,1.7063,1.70641,1.00,1.45
2014.02.24 17:12:05.070,1.70626,1.70639,1.88,1.38
2014.02.24 17:12:05.172,1.7063,1.70641,1.00,1.55
2014.02.24 17:12:05.684,1.7063,1.70641,1.00,1.55
2014.02.24 17:12:08.499,1.7063,1.70641,1.00,1.38
2014.02.24 17:12:09.447,1.70626,1.70641,1.00,1.88
2014.02.24 17:12:09.696,1.70624,1.70639,2.03,1.38
2014.02.24 17:12:10.201,1.70626,1.70636,1.00,1.38
2014.02.24 17:12:10.455,1.70626,1.70641,1.00,4.28
2014.02.24 17:12:11.783,1.70626,1.7064,2.63,1.20
2014.02.24 17:12:12.304,1.70626,1.70641,2.63,2.03
2014.02.24 17:12:13.199,1.70627,1.70641,1.88,2.03
2014.02.24 17:12:16.988,1.70626,1.70641,2.63,2.03
2014.02.24 17:12:17.554,1.70627,1.70641,1.88,2.03
2014.02.24 17:12:18.230,1.70626,1.70641,2.63,2.03
2014.02.24 17:12:20.295,1.70626,1.70636,2.63,1.00
2014.02.24 17:12:20.346,1.70626,1.70636,2.63,1.38
2014.02.24 17:12:20.497,1.70622,1.70636,1.00,1.75
2014.02.24 17:12:20.851,1.7062,1.70633,1.88,1.38
2014.02.24 17:12:21.414,1.70619,1.70633,2.63,1.38
2014.02.24 17:12:22.901,1.70619,1.70632,2.63,1.13
2014.02.24 17:12:23.026,1.70619,1.70628,1.00,2.25
2014.02.24 17:12:23.077,1.70615,1.7063,2.78,1.50
2014.02.24 17:12:23.582,1.70614,1.70628,2.63,1.20
2014.02.24 17:12:23.734,1.70614,1.70628,3.08,1.13
2014.02.24 17:12:24.042,1.70614,1.70628,1.10,1.13
2014.02.24 17:12:24.195,1.70614,1.70628,1.00,1.15
2014.02.24 17:12:24.721,1.70611,1.70626,1.65,1.00
2014.02.24 17:12:26.166,1.70611,1.70626,2.70,1.50
2014.02.24 17:12:26.582,1.70611,1.70621,1.10,1.00
2014.02.24 17:12:26.835,1.70611,1.70626,1.10,1.50
2014.02.24 17:12:27.142,1.70614,1.70626,1.00,1.38
2014.02.24 17:12:27.371,1.7061,1.70623,1.10,1.08
2014.02.24 17:12:27.472,1.70614,1.70624,1.00,1.15
2014.02.24 17:12:27.523,1.70614,1.70624,1.00,1.00
2014.02.24 17:12:27.675,1.70614,1.70627,1.13,1.10
2014.02.24 17:12:28.294,1.70612,1.70627,1.28,1.00
2014.02.24 17:12:29.763,1.70619,1.70627,1.00,1.00
2014.02.24 17:12:29.865,1.7062,1.70631,1.09,2.03
2014.02.24 17:12:30.016,1.70622,1.70634,1.88,1.10
2014.02.24 17:12:30.118,1.70622,1.70637,2.63,1.55
2014.02.24 17:12:31.240,1.70623,1.70637,1.88,1.38
2014.02.24 17:12:31.817,1.70623,1.70637,1.88,1.38
2014.02.24 17:12:32.585,1.70622,1.70637,1.20,1.38
2014.02.24 17:12:32.787,1.70622,1.70636,1.10,1.13
2014.02.24 17:12:33.043,1.70617,1.70631,3.15,1.00
2014.02.24 17:12:36.896,1.70616,1.70631,3.15,1.88
2014.02.24 17:12:37.098,1.70616,1.70631,2.78,1.88
2014.02.24 17:12:38.480,1.70619,1.70631,1.00,1.38
2014.02.24 17:12:38.782,1.70616,1.70631,3.15,1.88
2014.02.24 17:12:39.035,1.70616,1.70626,3.15,1.00
2014.02.24 17:12:39.136,1.70619,1.70631,1.00,1.13
2014.02.24 17:12:39.238,1.70616,1.70631,3.15,1.88
2014.02.24 17:12:39.439,1.70624,1.70631,1.00,1.13
2014.02.24 17:12:39.591,1.70617,1.70631,2.03,1.88
2014.02.24 17:12:39.894,1.70617,1.70626,2.03,1.00
2014.02.24 17:12:39.995,1.70617,1.70631,1.18,1.88
2014.02.24 17:12:40.534,1.70619,1.70631,1.00,1.13
2014.02.24 17:12:40.988,1.7062,1.70634,1.13,1.00
2014.02.24 17:12:41.090,1.70622,1.70634,1.10,1.00
2014.02.24 17:12:43.480,1.70622,1.70637,1.00,1.48
2014.02.24 17:12:44.635,1.70624,1.70637,1.00,1.38
2014.02.24 17:12:45.220,1.70624,1.70637,2.70,1.00
2014.02.24 17:12:47.397,1.70622,1.70636,1.53,1.00
2014.02.24 17:12:47.448,1.70621,1.70635,2.03,1.00
2014.02.24 17:12:47.600,1.7062,1.70631,1.65,1.00
2014.02.24 17:12:47.802,1.70617,1.70631,2.03,1.00
2014.02.24 17:12:47.853,1.70617,1.70631,1.58,1.38
2014.02.24 17:12:47.903,1.70616,1.7063,2.78,1.38
2014.02.24 17:12:48.747,1.70615,1.7063,2.70,1.13
2014.02.24 17:12:48.848,1.70615,1.7063,1.58,1.13
2014.02.24 17:12:53.598,1.70615,1.7063,1.10,1.50
2014.02.24 17:12:54.149,1.70614,1.70627,1.13,1.00
2014.02.24 17:12:56.644,1.70614,1.70627,1.00,1.38
2014.02.24 17:12:56.947,1.7061,1.70621,1.15,1.13
2014.02.24 17:12:57.048,1.7061,1.70621,1.18,1.50
2014.02.24 17:12:57.150,1.70608,1.70621,1.38,1.13
2014.02.24 17:12:57.735,1.70613,1.70621,1.88,1.00
2014.02.24 17:12:58.141,1.70618,1.70631,1.00,1.75
2014.02.24 17:12:58.246,1.70615,1.7063,1.58,1.50
2014.02.24 17:12:58.347,1.70619,1.70631,1.00,1.75
2014.02.24 17:12:58.878,1.70619,1.70631,1.00,1.75
2014.02.24 17:12:59.235,1.70617,1.70631,1.00,1.75
2014.02.24 17:12:59.763,1.70617,1.70631,1.00,1.38
2014.02.24 17:13:00.066,1.70618,1.70632,1.88,1.13
2014.02.24 17:13:00.116,1.7062,1.70635,1.00,1.53
2014.02.24 17:13:00.167,1.7062,1.70635,1.00,1.45
2014.02.24 17:13:00.218,1.70623,1.70636,1.00,1.95
2014.02.24 17:13:00.853,1.70623,1.70636,1.00,1.88
2014.02.24 17:13:01.159,1.70623,1.70636,1.00,1.88
2014.02.24 17:13:01.471,1.70623,1.70631,1.00,1.00
2014.02.24 17:13:01.622,1.70623,1.70636,1.00,1.50
2014.02.24 17:13:02.150,1.70621,1.70636,1.18,1.00
2014.02.24 17:13:02.734,1.70619,1.70633,3.15,1.00
2014.02.24 17:13:03.448,1.70619,1.70633,2.78,1.00
2014.02.24 17:13:03.650,1.70629,1.70641,1.95,1.20
2014.02.24 17:13:03.953,1.70626,1.70641,1.10,1.00
2014.02.24 17:13:04.945,1.70624,1.70638,2.78,1.00
2014.02.24 17:13:05.157,1.70626,1.70641,1.10,1.00
2014.02.24 17:13:05.596,1.70626,1.70641,1.08,1.00
2014.02.24 17:13:05.899,1.70624,1.70639,3.45,1.00
2014.02.24 17:13:06.000,1.70624,1.70639,2.78,1.00
2014.02.24 17:13:07.376,1.70627,1.70642,1.00,1.00
2014.02.24 17:13:07.776,1.70629,1.70642,1.00,1.00
2014.02.24 17:13:08.079,1.70629,1.70641,1.15,1.00
2014.02.24 17:13:08.231,1.70629,1.70641,1.18,1.00
2014.02.24 17:13:09.020,1.70625,1.7064,2.63,1.00
2014.02.24 17:13:09.121,1.70625,1.7064,1.28,1.00
2014.02.24 17:13:10.858,1.70625,1.7064,3.45,1.00
2014.02.24 17:13:11.010,1.7063,1.70642,1.88,1.00
2014.02.24 17:13:11.465,1.7063,1.70645,1.00,1.13
2014.02.24 17:13:11.970,1.70631,1.70645,1.95,1.00
2014.02.24 17:13:12.323,1.70634,1.70646,1.00,1.13
2014.02.24 17:13:14.968,1.70629,1.70642,2.33,1.00
2014.02.24 17:13:15.662,1.70629,1.70642,2.33,1.00
2014.02.24 17:13:18.365,1.7063,1.70645,1.50,1.00
2014.02.24 17:13:18.519,1.70631,1.70645,2.03,1.00
2014.02.24 17:13:19.601,1.70631,1.70645,1.28,1.00
2014.02.24 17:13:19.905,1.70637,1.70651,1.58,1.00
2014.02.24 17:13:20.056,1.70636,1.70651,2.03,1.00
2014.02.24 17:13:20.665,1.70637,1.70651,1.93,1.00
2014.02.24 17:13:20.968,1.70645,1.70653,1.13,1.00
2014.02.24 17:13:21.019,1.70645,1.70657,1.13,1.00
2014.02.24 17:13:21.813,1.70645,1.70657,2.70,1.00
2014.02.24 17:13:22.016,1.70643,1.70653,1.38,1.00
2014.02.24 17:13:22.420,1.70643,1.70653,1.00,1.00
2014.02.24 17:13:22.521,1.7064,1.7065,1.10,1.00
2014.02.24 17:13:24.077,1.70638,1.70653,1.28,1.38
2014.02.24 17:13:24.178,1.70635,1.7065,5.29,1.00
2014.02.24 17:13:26.787,1.70638,1.7065,1.20,1.00
2014.02.24 17:13:27.317,1.70637,1.7065,1.20,1.00
2014.02.24 17:13:27.468,1.70635,1.7065,1.58,1.13
2014.02.24 17:13:27.519,1.70634,1.70646,2.63,1.13
2014.02.24 17:13:27.822,1.70628,1.70641,2.63,1.13
2014.02.24 17:13:27.873,1.70626,1.70641,1.48,1.13
2014.02.24 17:13:27.923,1.70627,1.70641,1.13,1.13
2014.02.24 17:13:28.201,1.70626,1.70641,1.53,1.13
2014.02.24 17:13:29.805,1.70625,1.70638,1.53,1.00
2014.02.24 17:13:30.692,1.7063,1.70638,1.00,1.00
2014.02.24 17:13:31.115,1.70634,1.70638,1.00,1.00
2014.02.24 17:13:31.318,1.70634,1.70641,1.00,1.00
2014.02.24 17:13:32.657,1.70634,1.70644,1.13,1.10
2014.02.24 17:13:36.607,1.70634,1.70646,1.13,1.10
2014.02.24 17:13:38.056,1.70634,1.70644,1.00,1.00
2014.02.24 17:13:38.465,1.70632,1.70644,1.13,1.00
2014.02.24 17:13:38.718,1.70628,1.70643,2.78,1.00
2014.02.24 17:13:38.820,1.70629,1.7064,1.88,1.00
2014.02.24 17:13:39.022,1.70625,1.7064,2.78,1.38
2014.02.24 17:13:39.123,1.70625,1.7064,2.78,1.38
2014.02.24 17:13:39.325,1.70629,1.7064,1.00,1.00
2014.02.24 17:13:39.477,1.70623,1.70638,1.53,1.00
2014.02.24 17:13:40.030,1.70624,1.70638,3.15,1.00
2014.02.24 17:13:46.212,1.70624,1.70634,1.15,1.00
2014.02.24 17:13:46.364,1.70619,1.70631,1.00,1.13
2014.02.24 17:13:46.515,1.70619,1.70629,1.00,1.00
2014.02.24 17:13:47.572,1.70615,1.70629,3.53,1.00
2014.02.24 17:13:49.156,1.70615,1.70629,3.53,1.00
2014.02.24 17:13:49.308,1.70622,1.70631,1.88,1.00
2014.02.24 17:13:49.409,1.70621,1.70634,1.88,1.13
2014.02.24 17:13:49.460,1.70621,1.70634,2.63,1.13
2014.02.24 17:13:52.318,1.70622,1.70634,2.03,1.00
2014.02.24 17:13:52.369,1.70622,1.70634,2.03,1.00
2014.02.24 17:13:53.982,1.70624,1.70634,1.88,1.00
2014.02.24 17:13:54.033,1.70624,1.70636,1.88,1.50
2014.02.24 17:13:54.134,1.70625,1.7064,1.00,1.58
2014.02.24 17:13:54.185,1.70625,1.7064,1.00,1.58
2014.02.24 17:13:55.668,1.70624,1.70635,1.00,1.00
2014.02.24 17:14:00.264,1.70619,1.70632,1.58,1.00
2014.02.24 17:14:00.366,1.70619,1.70632,1.10,1.00
2014.02.24 17:14:00.621,1.70619,1.70632,1.48,1.00
2014.02.24 17:14:00.975,1.70625,1.70632,1.00,1.00
2014.02.24 17:14:01.177,1.70619,1.70632,1.53,1.00
2014.02.24 17:14:02.280,1.70619,1.70632,1.48,1.00
2014.02.24 17:14:05.112,1.70619,1.7063,1.10,1.00
2014.02.24 17:14:05.213,1.70619,1.70627,1.00,1.00
2014.02.24 17:14:05.265,1.70615,1.70627,1.15,1.00
2014.02.24 17:14:05.316,1.70615,1.70627,1.13,1.00
2014.02.24 17:14:05.468,1.70612,1.70627,2.40,1.00
2014.02.24 17:14:05.884,1.70611,1.70624,2.78,1.00
2014.02.24 17:14:06.405,1.7061,1.70624,2.63,1.00
2014.02.24 17:14:06.809,1.70619,1.70624,1.00,1.00
2014.02.24 17:14:07.011,1.70615,1.70624,1.00,1.00
2014.02.24 17:14:08.897,1.70609,1.70624,5.29,1.00
2014.02.24 17:14:09.408,1.7061,1.70624,1.55,1.00
2014.02.24 17:14:09.609,1.70612,1.70624,1.09,1.00
2014.02.24 17:14:09.913,1.70624,1.70637,1.38,1.00
2014.02.24 17:14:09.964,1.70625,1.70635,1.38,1.00
2014.02.24 17:14:10.065,1.70625,1.70638,1.48,1.00
2014.02.24 17:14:10.522,1.70625,1.70636,1.48,1.00
2014.02.24 17:14:13.424,1.70624,1.70636,1.65,1.38
2014.02.24 17:14:21.170,1.70624,1.70636,1.38,1.38
2014.02.24 17:14:21.272,1.70621,1.70636,1.55,1.88
2014.02.24 17:14:22.024,1.70619,1.70632,3.45,1.38
2014.02.24 17:14:22.125,1.70619,1.70632,3.45,1.38
2014.02.24 17:14:22.932,1.70619,1.70632,3.45,1.00
2014.02.24 17:14:24.816,1.70617,1.70631,1.90,1.00
2014.02.24 17:14:24.866,1.70617,1.70631,1.08,1.38
2014.02.24 17:14:24.917,1.70614,1.70626,1.80,3.00
2014.02.24 17:14:25.019,1.70614,1.70626,1.28,1.38
2014.02.24 17:14:25.120,1.70614,1.70626,1.28,1.38
2014.02.24 17:14:25.171,1.70611,1.70626,1.08,2.33
2014.02.24 17:14:25.984,1.70611,1.70626,1.00,4.28
2014.02.24 17:14:26.636,1.70611,1.70626,1.00,2.40
2014.02.24 17:14:26.737,1.70614,1.70626,1.00,1.65
2014.02.24 17:14:27.041,1.70611,1.70626,1.00,2.25
2014.02.24 17:14:27.588,1.70611,1.70626,1.00,2.25
2014.02.24 17:14:28.102,1.70612,1.70626,1.88,1.88
2014.02.24 17:14:28.394,1.70614,1.70626,2.25,1.50
2014.02.24 17:14:30.839,1.70615,1.7063,1.00,1.10
2014.02.24 17:14:32.186,1.70613,1.70626,1.65,1.00
2014.02.24 17:14:32.489,1.70619,1.70632,1.38,1.10
2014.02.24 17:14:32.540,1.70622,1.70632,1.00,1.00
2014.02.24 17:14:32.591,1.70622,1.70635,1.00,1.18
2014.02.24 17:14:32.692,1.70622,1.70636,1.00,1.00
2014.02.24 17:14:32.859,1.70625,1.70636,1.00,1.13
2014.02.24 17:14:33.374,1.70625,1.70639,1.00,2.63
2014.02.24 17:14:33.879,1.70625,1.70639,1.00,2.63
2014.02.24 17:14:34.246,1.70621,1.70639,2.40,3.00
2014.02.24 17:14:34.448,1.70621,1.70633,1.00,3.00
2014.02.24 17:14:34.499,1.70619,1.70632,1.00,1.13
2014.02.24 17:14:34.600,1.7062,1.70633,1.38,2.25
2014.02.24 17:14:34.651,1.7062,1.70634,1.38,2.25
2014.02.24 17:14:34.956,1.70623,1.70636,1.00,2.25
2014.02.24 17:14:36.124,1.7062,1.70635,1.15,1.13
2014.02.24 17:14:37.803,1.70624,1.70639,1.00,1.95
2014.02.24 17:14:38.489,1.70624,1.70638,1.00,1.88
2014.02.24 17:14:41.607,1.70624,1.70637,1.00,1.88
2014.02.24 17:14:42.159,1.70624,1.70639,1.00,1.95
2014.02.24 17:14:42.639,1.7062,1.70635,1.95,1.38
2014.02.24 17:14:45.585,1.70624,1.70636,1.00,1.88
2014.02.24 17:14:48.002,1.70624,1.70631,1.13,1.00
2014.02.24 17:14:48.204,1.70624,1.70639,1.13,1.38
2014.02.24 17:14:50.219,1.7062,1.70635,1.53,1.00
2014.02.24 17:14:52.600,1.7062,1.70635,1.53,1.38
2014.02.24 17:14:53.385,1.7062,1.70635,1.55,1.13
2014.02.24 17:14:56.059,1.7062,1.70635,1.55,2.63
2014.02.24 17:14:56.322,1.70621,1.70636,1.20,1.00
2014.02.24 17:14:56.589,1.70624,1.70638,1.00,1.88
2014.02.24 17:14:57.051,1.70619,1.70634,2.03,1.00
2014.02.24 17:14:59.571,1.70619,1.70634,2.40,1.00
2014.02.24 17:14:59.773,1.70624,1.70639,1.88,1.00
2014.02.24 17:14:59.824,1.70624,1.70639,1.88,1.13
2014.02.24 17:14:59.938,1.70627,1.70641,1.38,1.58
2014.02.24 17:15:00.626,1.70627,1.70642,1.38,1.20
2014.02.24 17:15:01.165,1.70627,1.70642,1.38,2.70
2014.02.24 17:15:01.216,1.70624,1.70639,2.03,1.00
2014.02.24 17:15:01.673,1.70624,1.70637,1.65,1.88
2014.02.24 17:15:01.825,1.70621,1.70636,1.88,1.50
2014.02.24 17:15:01.979,1.70626,1.70636,1.00,1.00
2014.02.24 17:15:04.983,1.70623,1.70636,1.00,1.00
2014.02.24 17:15:05.518,1.70625,1.70636,1.00,1.10
2014.02.24 17:15:06.143,1.70625,1.70634,1.00,1.88
2014.02.24 17:15:06.396,1.70615,1.70626,1.20,1.00
2014.02.24 17:15:06.901,1.70615,1.70626,1.00,1.18
2014.02.24 17:15:09.608,1.70616,1.70626,1.88,1.18
2014.02.24 17:15:10.113,1.70617,1.7063,2.25,1.95
2014.02.24 17:15:10.233,1.70615,1.70626,3.00,1.10
2014.02.24 17:15:10.637,1.70615,1.70628,2.25,1.10
2014.02.24 17:15:10.688,1.70618,1.70631,1.00,1.65
2014.02.24 17:15:11.189,1.70618,1.70631,1.00,1.65
2014.02.24 17:15:11.608,1.70618,1.70631,1.00,1.13
2014.02.24 17:15:13.796,1.70623,1.70631,1.88,1.00
2014.02.24 17:15:13.948,1.70627,1.70636,1.00,1.10
2014.02.24 17:15:14.049,1.70624,1.70639,4.13,1.45
2014.02.24 17:15:14.630,1.70624,1.70639,2.25,1.18
2014.02.24 17:15:15.039,1.70624,1.70638,1.75,1.20
2014.02.24 17:15:15.090,1.70624,1.70635,1.75,1.00
2014.02.24 17:15:15.141,1.70624,1.70635,1.00,1.00
2014.02.24 17:15:15.242,1.7062,1.70635,1.75,1.18
2014.02.24 17:15:15.444,1.70626,1.70636,1.88,1.00
2014.02.24 17:15:15.646,1.70629,1.70642,1.00,1.95
2014.02.24 17:15:15.949,1.70634,1.70646,1.00,1.50
2014.02.24 17:15:16.152,1.70629,1.70641,1.00,1.58
2014.02.24 17:15:16.253,1.70629,1.70641,1.00,2.33
2014.02.24 17:15:16.575,1.70626,1.7064,1.38,1.20
2014.02.24 17:15:17.573,1.70626,1.7064,3.00,1.20
2014.02.24 17:15:18.004,1.70626,1.70641,3.00,2.03
2014.02.24 17:15:21.162,1.70626,1.70638,2.25,1.10
2014.02.24 17:15:21.270,1.70626,1.70636,1.38,1.00
2014.02.24 17:15:21.371,1.70626,1.7064,1.38,2.03
2014.02.24 17:15:21.422,1.70626,1.7064,1.38,2.03
2014.02.24 17:15:21.473,1.70629,1.70633,1.00,1.00
2014.02.24 17:15:21.574,1.70629,1.70636,1.00,1.00
2014.02.24 17:15:25.554,1.70625,1.70632,1.00,1.00
2014.02.24 17:15:26.528,1.70629,1.70638,1.00,1.18
2014.02.24 17:15:27.803,1.70625,1.70638,1.00,1.18
2014.02.24 17:15:27.909,1.70624,1.70638,1.75,1.18
2014.02.24 17:15:28.215,1.70624,1.70632,1.75,1.00
2014.02.24 17:15:29.786,1.70624,1.70632,1.00,1.00
2014.02.24 17:15:31.159,1.70629,1.70635,1.00,1.88
2014.02.24 17:15:31.260,1.70629,1.70635,1.50,1.00
2014.02.24 17:15:31.341,1.70629,1.70639,1.50,1.10
2014.02.24 17:15:31.494,1.70626,1.70636,1.75,1.00
2014.02.24 17:15:31.596,1.70628,1.70639,1.00,1.88
2014.02.24 17:15:31.647,1.70626,1.70641,1.75,1.58
2014.02.24 17:15:31.748,1.70626,1.70635,1.13,1.88
2014.02.24 17:15:32.175,1.70626,1.70637,1.13,1.88
2014.02.24 17:15:32.377,1.70629,1.70638,1.00,1.88
2014.02.24 17:15:32.478,1.70629,1.7064,1.50,1.88
2014.02.24 17:15:32.681,1.70626,1.70638,1.65,1.88
2014.02.24 17:15:33.172,1.70626,1.70638,1.58,1.88
2014.02.24 17:15:33.223,1.70626,1.70636,1.58,1.88
2014.02.24 17:15:33.577,1.70633,1.70642,1.00,1.65
2014.02.24 17:15:33.779,1.70634,1.70638,1.00,1.00
2014.02.24 17:15:33.880,1.70634,1.70641,1.00,1.00
2014.02.24 17:15:33.931,1.70629,1.70641,1.58,1.00
2014.02.24 17:15:35.564,1.70629,1.70638,1.00,1.00
2014.02.24 17:15:36.398,1.70629,1.70641,1.00,2.63
2014.02.24 17:15:36.932,1.70629,1.7064,1.00,1.88
2014.02.24 17:15:37.740,1.70629,1.70641,1.00,2.63
2014.02.24 17:15:40.193,1.70629,1.70641,1.38,1.00
2014.02.24 17:15:40.495,1.70634,1.70643,1.00,1.00
2014.02.24 17:15:41.035,1.70635,1.70643,1.00,1.00
2014.02.24 17:15:41.568,1.70634,1.70645,1.38,1.00
2014.02.24 17:15:42.173,1.70634,1.70645,1.00,1.00
2014.02.24 17:15:42.376,1.70634,1.70643,1.00,1.00
2014.02.24 17:15:59.075,1.70639,1.70646,1.00,1.00
2014.02.24 17:15:59.176,1.70639,1.70649,1.00,1.10
2014.02.24 17:15:59.328,1.70639,1.70653,1.00,1.65
2014.02.24 17:16:01.390,1.70639,1.70652,1.00,2.25
2014.02.24 17:16:04.507,1.70639,1.70651,1.00,1.00
2014.02.24 17:16:04.709,1.7064,1.70653,1.88,1.00
2014.02.24 17:16:04.911,1.70649,1.70661,1.00,2.25
2014.02.24 17:16:05.013,1.70652,1.70661,1.00,1.00
2014.02.24 17:16:05.064,1.70652,1.70667,1.00,2.03
2014.02.24 17:16:05.477,1.70649,1.70664,1.58,1.13
2014.02.24 17:16:06.744,1.70649,1.70664,1.58,2.63
2014.02.24 17:16:07.893,1.70649,1.70664,1.50,2.63
2014.02.24 17:16:11.311,1.70649,1.70663,1.50,2.03
2014.02.24 17:16:12.069,1.70649,1.70661,1.00,1.88
2014.02.24 17:16:12.220,1.70639,1.70651,1.88,1.00
2014.02.24 17:16:12.271,1.70639,1.70649,1.75,1.00
2014.02.24 17:16:12.574,1.70639,1.70646,1.38,1.18
2014.02.24 17:16:13.091,1.70639,1.70646,1.00,1.18
2014.02.24 17:16:13.658,1.70639,1.70646,1.00,1.15
2014.02.24 17:16:14.581,1.70634,1.70646,2.63,1.15
2014.02.24 17:16:16.739,1.70634,1.70646,2.63,1.15
2014.02.24 17:16:17.791,1.70634,1.70642,1.88,1.00
2014.02.24 17:16:18.095,1.70628,1.70637,1.50,1.00
2014.02.24 17:16:18.247,1.70625,1.70634,1.13,1.00
2014.02.24 17:16:18.550,1.70623,1.70631,1.84,1.10
2014.02.24 17:16:18.702,1.70623,1.70631,1.00,1.10
2014.02.24 17:16:18.753,1.70619,1.70628,1.88,1.00
2014.02.24 17:16:19.274,1.7062,1.70628,1.00,1.00
2014.02.24 17:16:21.453,1.70619,1.70628,1.13,1.00
2014.02.24 17:16:22.293,1.70624,1.70633,1.00,1.15
2014.02.24 17:16:22.827,1.70624,1.70629,1.13,1.00
2014.02.24 17:16:23.662,1.70624,1.70634,1.38,1.15
2014.02.24 17:16:24.138,1.70624,1.70631,1.38,1.00
2014.02.24 17:16:26.322,1.70624,1.70631,1.13,1.00
2014.02.24 17:16:29.427,1.70624,1.70629,1.00,1.00
2014.02.24 17:16:30.222,1.70619,1.70629,1.38,1.00
2014.02.24 17:16:30.273,1.70619,1.70629,1.38,1.00
2014.02.24 17:16:30.476,1.70615,1.70629,1.38,2.78
2014.02.24 17:16:30.527,1.70614,1.70626,2.25,1.00
2014.02.24 17:16:30.841,1.70614,1.70622,1.00,2.63
2014.02.24 17:16:30.992,1.70609,1.7062,1.00,1.08
2014.02.24 17:16:31.094,1.70609,1.70613,1.00,1.00
2014.02.24 17:16:31.245,1.70604,1.70613,1.00,1.00
2014.02.24 17:16:31.349,1.70604,1.70613,1.00,1.58
2014.02.24 17:16:31.652,1.70601,1.7061,1.38,1.18
2014.02.24 17:16:31.753,1.70604,1.7061,1.00,1.15
2014.02.24 17:16:34.358,1.70602,1.7061,1.38,1.15
2014.02.24 17:16:34.977,1.70602,1.7061,1.00,1.58
2014.02.24 17:16:35.855,1.706,1.70607,1.38,1.15
2014.02.24 17:16:36.374,1.706,1.70607,1.38,1.00
2014.02.24 17:16:38.688,1.70604,1.70609,1.00,1.08
2014.02.24 17:16:39.355,1.70604,1.70609,1.00,1.00
2014.02.24 17:16:44.936,1.70604,1.70612,1.00,1.00
2014.02.24 17:16:48.727,1.70604,1.70612,1.00,1.08
2014.02.24 17:16:48.829,1.70599,1.7061,1.00,1.18
2014.02.24 17:16:49.033,1.70599,1.70606,1.00,1.00
2014.02.24 17:16:50.868,1.70599,1.70609,1.00,1.10
2014.02.24 17:16:52.224,1.70604,1.70609,1.00,1.10
2014.02.24 17:16:52.427,1.70604,1.70614,1.00,1.08
2014.02.24 17:16:52.477,1.70604,1.70614,1.88,1.08
2014.02.24 17:16:52.528,1.70604,1.70616,1.88,1.10
2014.02.24 17:16:52.680,1.70609,1.70621,1.38,1.10
2014.02.24 17:16:53.185,1.7061,1.70621,1.38,1.00
2014.02.24 17:16:53.337,1.70614,1.70621,1.00,1.00
2014.02.24 17:16:53.640,1.70614,1.70623,1.00,1.00
2014.02.24 17:16:55.413,1.70609,1.70621,1.48,1.00
2014.02.24 17:16:55.616,1.70609,1.70621,1.00,1.15
2014.02.24 17:16:55.921,1.70609,1.70619,1.38,1.00
2014.02.24 17:16:56.542,1.70609,1.70619,1.50,1.00
2014.02.24 17:16:56.593,1.70609,1.70623,1.58,1.00
2014.02.24 17:16:56.644,1.70609,1.70623,1.48,1.00
2014.02.24 17:16:57.231,1.70614,1.70623,1.13,1.00
2014.02.24 17:17:00.743,1.70615,1.70629,1.13,1.15
2014.02.24 17:17:00.794,1.70615,1.70625,1.13,1.00
2014.02.24 17:17:00.996,1.70619,1.70628,1.38,1.00
2014.02.24 17:17:01.401,1.70619,1.70628,1.38,1.00
2014.02.24 17:17:02.042,1.70622,1.70628,1.00,1.00
2014.02.24 17:17:02.997,1.70619,1.70628,1.75,1.00
2014.02.24 17:17:03.697,1.70619,1.70628,1.50,1.00
2014.02.24 17:17:04.001,1.70615,1.70624,3.00,1.00
2014.02.24 17:17:04.506,1.70614,1.70624,1.00,1.10
2014.02.24 17:17:04.658,1.70614,1.70621,1.13,1.00
2014.02.24 17:17:04.759,1.70614,1.70624,1.00,1.18
2014.02.24 17:17:05.292,1.70614,1.70624,1.00,1.00
2014.02.24 17:17:05.848,1.70609,1.70621,3.38,1.00
2014.02.24 17:17:05.949,1.70614,1.70623,1.00,1.00
2014.02.24 17:17:06.564,1.70609,1.70623,3.45,1.00
2014.02.24 17:17:06.826,1.70608,1.7062,2.63,1.00
2014.02.24 17:17:08.949,1.70609,1.70621,1.38,1.13
2014.02.24 17:17:09.354,1.70609,1.70627,2.70,1.18
2014.02.24 17:17:09.686,1.70609,1.70621,1.95,1.00
2014.02.24 17:17:12.793,1.70611,1.70623,1.38,1.00
2014.02.24 17:17:16.267,1.70611,1.70623,2.78,1.00
2014.02.24 17:17:19.732,1.70612,1.70623,1.53,1.00
2014.02.24 17:17:23.436,1.70614,1.70629,1.48,1.13
2014.02.24 17:17:23.791,1.70611,1.70625,1.28,1.00
2014.02.24 17:17:24.316,1.7061,1.70625,4.20,1.00
2014.02.24 17:17:25.227,1.70613,1.70628,2.03,1.00
2014.02.24 17:17:28.163,1.70619,1.70628,1.00,1.00
2014.02.24 17:17:29.112,1.70614,1.70628,1.53,1.00
2014.02.24 17:17:30.659,1.70613,1.70626,3.90,1.00
2014.02.24 17:17:30.919,1.70614,1.70628,1.53,1.00
2014.02.24 17:17:32.130,1.70614,1.70628,1.53,1.00
2014.02.24 17:17:32.484,1.70619,1.70633,3.53,1.00
2014.02.24 17:17:32.635,1.70623,1.70633,1.00,1.00
2014.02.24 17:17:32.686,1.70623,1.70637,1.48,1.00
2014.02.24 17:17:32.788,1.70625,1.7064,1.38,1.00
2014.02.24 17:17:32.940,1.70625,1.7064,1.90,1.00
2014.02.24 17:17:33.490,1.70628,1.70641,1.55,1.13
2014.02.24 17:17:34.100,1.70625,1.7064,2.33,1.00
2014.02.24 17:17:34.619,1.70629,1.7064,1.13,1.00
2014.02.24 17:17:34.670,1.70629,1.70643,1.20,1.00
2014.02.24 17:17:39.225,1.70628,1.70643,2.25,1.50
2014.02.24 17:17:39.377,1.70625,1.70635,1.18,1.88
2014.02.24 17:17:39.478,1.70625,1.70637,1.00,1.88
2014.02.24 17:17:39.630,1.70625,1.7064,1.00,2.03
2014.02.24 17:17:40.163,1.70625,1.7064,1.38,1.28
2014.02.24 17:17:41.037,1.70625,1.7064,1.38,1.13
2014.02.24 17:17:41.242,1.70625,1.70638,1.13,1.88
2014.02.24 17:17:41.445,1.7062,1.70635,1.65,1.00
2014.02.24 17:17:41.496,1.70617,1.70632,4.58,1.00
2014.02.24 17:17:42.019,1.70619,1.70632,1.58,1.00
2014.02.24 17:17:45.311,1.70619,1.70632,1.10,1.00
2014.02.24 17:17:47.060,1.70619,1.70632,1.00,2.63
2014.02.24 17:17:47.363,1.70614,1.70628,1.53,1.00
2014.02.24 17:17:47.668,1.70616,1.7063,2.63,1.00
2014.02.24 17:17:48.356,1.70619,1.7063,1.00,1.00
2014.02.24 17:17:49.620,1.70617,1.7063,2.78,1.00
2014.02.24 17:17:53.599,1.70619,1.7063,1.88,1.00
2014.02.24 17:17:58.096,1.70619,1.70628,1.00,1.00
2014.02.24 17:17:58.993,1.70614,1.70624,1.00,1.00
2014.02.24 17:18:00.182,1.70614,1.70622,1.00,1.00
2014.02.24 17:18:07.647,1.70614,1.70625,1.13,1.00
2014.02.24 17:18:17.374,1.70614,1.70628,1.38,2.33
2014.02.24 17:18:17.577,1.70619,1.70628,1.38,1.10
2014.02.24 17:18:17.678,1.70619,1.70631,1.38,1.00
2014.02.24 17:18:17.880,1.70624,1.70631,1.00,1.00
2014.02.24 17:18:18.032,1.70624,1.70634,1.00,1.00
2014.02.24 17:18:28.176,1.70624,1.70634,2.25,1.00
2014.02.24 17:18:28.226,1.70624,1.70637,2.25,1.00
2014.02.24 17:18:28.479,1.70629,1.70639,1.13,1.88
2014.02.24 17:18:28.630,1.70624,1.70638,2.63,1.38
2014.02.24 17:18:28.732,1.70624,1.70637,1.00,1.38
2014.02.24 17:18:32.713,1.70624,1.70637,1.38,1.00
2014.02.24 17:18:33.219,1.70624,1.70637,1.50,1.88
2014.02.24 17:18:34.046,1.70631,1.70637,1.00,1.88
2014.02.24 17:18:37.527,1.70627,1.70638,4.13,1.50
2014.02.24 17:18:37.830,1.70622,1.70631,1.38,1.00
2014.02.24 17:18:38.033,1.70625,1.7063,1.00,1.00
2014.02.24 17:18:38.754,1.70626,1.7063,1.00,1.00
2014.02.24 17:18:38.804,1.70625,1.7063,1.00,1.00
2014.02.24 17:18:39.107,1.70628,1.70638,1.00,2.40
2014.02.24 17:18:42.659,1.70635,1.70645,1.00,1.88
2014.02.24 17:18:42.760,1.70639,1.70646,1.00,2.33
2014.02.24 17:18:42.811,1.70639,1.70647,1.38,2.25
2014.02.24 17:18:42.912,1.70639,1.70652,1.00,1.10
2014.02.24 17:18:42.963,1.70643,1.70656,1.00,1.20
2014.02.24 17:18:43.013,1.70643,1.70658,1.00,1.65
2014.02.24 17:18:43.559,1.70643,1.70658,1.00,1.50
2014.02.24 17:18:43.717,1.70643,1.70654,1.00,1.88
2014.02.24 17:18:44.418,1.70646,1.70654,1.00,1.88
2014.02.24 17:18:45.366,1.70646,1.70657,1.00,2.25
2014.02.24 17:18:45.417,1.70648,1.70657,1.00,2.25
2014.02.24 17:18:45.724,1.70636,1.70646,2.25,1.88
2014.02.24 17:18:45.876,1.70636,1.70648,1.00,2.63
2014.02.24 17:18:47.389,1.70636,1.70646,1.00,1.88
2014.02.24 17:18:47.644,1.70636,1.70648,1.00,2.25
2014.02.24 17:18:47.948,1.70639,1.70647,1.00,1.88
2014.02.24 17:18:49.470,1.70639,1.70646,1.00,1.00
2014.02.24 17:18:49.673,1.70636,1.70645,1.00,2.63
2014.02.24 17:18:51.457,1.70633,1.70645,1.00,1.00
2014.02.24 17:18:52.177,1.70633,1.70646,1.38,1.50
2014.02.24 17:18:52.737,1.70634,1.70647,1.00,2.33
2014.02.24 17:18:53.607,1.70634,1.70648,1.13,1.00
2014.02.24 17:18:55.141,1.70634,1.70648,1.00,1.38
2014.02.24 17:18:56.292,1.70639,1.70648,1.00,1.38
2014.02.24 17:18:56.443,1.70639,1.70648,1.38,1.00
2014.02.24 17:18:56.571,1.70639,1.70654,1.88,3.53
2014.02.24 17:18:56.626,1.70642,1.70655,1.00,2.40
2014.02.24 17:18:56.930,1.70647,1.70653,1.00,1.38
2014.02.24 17:18:57.031,1.70647,1.70659,1.00,1.20
2014.02.24 17:18:57.082,1.70647,1.70661,1.00,1.20
2014.02.24 17:18:57.587,1.70647,1.70658,1.00,1.88
2014.02.24 17:18:57.790,1.70647,1.70661,1.00,3.15
2014.02.24 17:18:57.840,1.7065,1.70661,1.00,3.08
2014.02.24 17:18:58.384,1.7065,1.7066,1.00,1.88
2014.02.24 17:18:58.687,1.70644,1.70653,1.00,1.10
2014.02.24 17:18:58.990,1.70643,1.70651,1.00,1.00
2014.02.24 17:18:59.722,1.70643,1.70655,1.00,1.20
2014.02.24 17:19:00.244,1.70646,1.70656,1.00,4.28
2014.02.24 17:19:01.649,1.70646,1.70656,1.00,2.63
2014.02.24 17:19:01.800,1.70649,1.70659,1.00,2.78
2014.02.24 17:19:01.902,1.70649,1.70659,1.00,1.00
2014.02.24 17:19:02.316,1.70644,1.70659,1.95,1.00
2014.02.24 17:19:02.417,1.70644,1.70659,1.95,1.13
2014.02.24 17:19:03.248,1.70644,1.70659,1.95,2.63
2014.02.24 17:19:03.605,1.70644,1.70657,1.95,1.88
2014.02.24 17:19:04.132,1.70644,1.70657,1.95,1.88
2014.02.24 17:19:05.496,1.70644,1.70658,1.95,1.88
2014.02.24 17:19:06.308,1.70644,1.70657,1.95,1.88
2014.02.24 17:19:08.430,1.70644,1.70657,1.95,1.88
2014.02.24 17:19:08.683,1.70649,1.7066,1.00,2.25
2014.02.24 17:19:08.733,1.70652,1.7066,1.00,2.25
2014.02.24 17:19:08.986,1.70652,1.70662,1.13,1.88
2014.02.24 17:19:09.188,1.70652,1.70664,1.50,1.88
2014.02.24 17:19:09.592,1.7065,1.70659,1.28,1.88
2014.02.24 17:19:09.744,1.70647,1.70658,1.13,1.88
2014.02.24 17:19:09.852,1.70647,1.70657,1.13,1.88
2014.02.24 17:19:09.904,1.70647,1.70661,1.13,1.13
2014.02.24 17:19:10.829,1.70654,1.70662,1.00,1.65
2014.02.24 17:19:10.980,1.70651,1.70664,1.38,1.08
2014.02.24 17:19:11.031,1.70651,1.70664,1.48,1.00
2014.02.24 17:19:13.010,1.70651,1.70663,1.00,1.00
2014.02.24 17:19:13.061,1.70648,1.70659,1.28,1.88
2014.02.24 17:19:13.112,1.70646,1.70659,2.33,1.88
2014.02.24 17:19:13.623,1.70646,1.70659,1.88,1.88
2014.02.24 17:19:14.146,1.70646,1.70659,1.50,1.88
2014.02.24 17:19:14.197,1.70646,1.70659,1.00,1.88
2014.02.24 17:19:19.088,1.70646,1.70658,1.38,1.88
2014.02.24 17:19:19.618,1.70646,1.70659,1.13,1.88
2014.02.24 17:19:19.719,1.70649,1.70661,1.50,1.88
2014.02.24 17:19:20.198,1.70654,1.70662,1.00,1.00
2014.02.24 17:19:22.739,1.70654,1.70665,1.00,3.00
2014.02.24 17:19:23.663,1.70654,1.70664,1.00,1.88
2014.02.24 17:19:23.916,1.70658,1.70665,1.00,1.00
2014.02.24 17:19:24.118,1.70652,1.70666,1.48,2.63
2014.02.24 17:19:24.642,1.70652,1.70667,1.38,2.63
2014.02.24 17:19:25.250,1.70652,1.70667,1.55,2.63
2014.02.24 17:19:26.238,1.70652,1.70667,1.55,1.13
2014.02.24 17:19:26.780,1.70659,1.70667,1.00,2.63
2014.02.24 17:19:26.881,1.70654,1.70667,1.00,1.13
2014.02.24 17:19:31.754,1.70654,1.70667,1.10,2.63
2014.02.24 17:19:32.259,1.70654,1.70667,1.10,1.13
2014.02.24 17:19:32.860,1.70654,1.70667,1.48,1.13
2014.02.24 17:19:33.163,1.70655,1.70664,1.58,1.88
2014.02.24 17:19:33.214,1.70655,1.70668,1.58,2.25
2014.02.24 17:19:33.265,1.70652,1.70661,1.95,1.00
2014.02.24 17:19:33.475,1.70654,1.70661,1.00,1.00
2014.02.24 17:19:42.539,1.70649,1.70661,1.28,1.00
2014.02.24 17:19:50.029,1.70649,1.70661,1.90,1.00
2014.02.24 17:19:50.131,1.70654,1.70661,1.00,1.00
2014.02.24 17:19:50.232,1.70654,1.70664,1.38,1.00
2014.02.24 17:19:51.300,1.70659,1.70664,1.00,1.00
2014.02.24 17:19:51.452,1.70659,1.70667,1.50,1.00
2014.02.24 17:19:51.554,1.70659,1.70669,1.88,1.00
2014.02.24 17:19:51.907,1.70661,1.70673,1.00,1.13
2014.02.24 17:19:52.212,1.70659,1.7067,1.18,1.00
2014.02.24 17:19:52.515,1.70654,1.70666,1.20,1.88
2014.02.24 17:19:52.565,1.70653,1.70663,1.18,1.00
2014.02.24 17:19:52.667,1.70653,1.70661,1.00,1.00
2014.02.24 17:19:52.857,1.70653,1.70666,1.00,1.88
2014.02.24 17:19:53.526,1.70651,1.70661,1.28,1.00
2014.02.24 17:19:53.830,1.70649,1.70664,1.90,1.00
2014.02.24 17:19:53.881,1.70649,1.70664,1.90,1.00
2014.02.24 17:19:54.235,1.70654,1.70667,1.00,1.00
2014.02.24 17:19:57.460,1.70652,1.70667,1.55,1.13
2014.02.24 17:19:57.510,1.7065,1.70664,2.03,1.38
2014.02.24 17:19:57.662,1.70649,1.70664,1.95,1.38
2014.02.24 17:19:57.919,1.70654,1.70664,1.00,1.00
2014.02.24 17:19:59.117,1.70649,1.70663,1.28,2.25
2014.02.24 17:19:59.170,1.70647,1.70661,1.58,1.00
2014.02.24 17:19:59.372,1.70646,1.70661,1.90,1.00
2014.02.24 17:19:59.625,1.70648,1.70663,1.54,1.00
2014.02.24 17:19:59.932,1.70651,1.70666,1.95,1.38
2014.02.24 17:20:00.033,1.70652,1.70666,1.15,1.00
2014.02.24 17:20:03.317,1.70654,1.70669,1.18,2.63
2014.02.24 17:20:03.799,1.70654,1.70669,1.15,1.13
2014.02.24 17:20:04.102,1.70654,1.70667,1.15,1.38
2014.02.24 17:20:04.154,1.70654,1.70667,1.00,1.00
2014.02.24 17:20:04.649,1.70654,1.70667,1.50,1.00
2014.02.24 17:20:04.902,1.70664,1.70676,1.13,1.88
2014.02.24 17:20:05.003,1.70666,1.70679,1.00,2.25
2014.02.24 17:20:05.306,1.70669,1.70681,1.00,2.25
2014.02.24 17:20:05.832,1.70669,1.70681,1.00,1.10
2014.02.24 17:20:05.883,1.70665,1.7068,1.18,1.00
2014.02.24 17:20:05.984,1.70668,1.70683,1.00,1.85
2014.02.24 17:20:06.439,1.70668,1.70683,1.00,1.28
2014.02.24 17:20:06.742,1.70665,1.7068,1.53,1.00
2014.02.24 17:20:06.843,1.70668,1.70683,1.00,3.00
2014.02.24 17:20:06.995,1.70666,1.70681,1.28,1.00
2014.02.24 17:20:07.501,1.70668,1.70681,1.00,3.00
2014.02.24 17:20:07.959,1.7067,1.70681,1.00,1.13
2014.02.24 17:20:08.166,1.70668,1.70681,1.00,1.13
2014.02.24 17:20:08.268,1.70668,1.70681,1.15,1.13
2014.02.24 17:20:08.576,1.70666,1.70679,1.28,1.88
2014.02.24 17:20:08.628,1.70666,1.70681,1.28,2.25
2014.02.24 17:20:08.729,1.7067,1.70681,1.00,1.13
2014.02.24 17:20:09.034,1.70667,1.70679,1.00,1.88
2014.02.24 17:20:10.358,1.70667,1.70679,1.00,1.88
2014.02.24 17:20:11.384,1.70664,1.70679,1.13,2.78
2014.02.24 17:20:11.485,1.70661,1.70676,1.65,1.00
2014.02.24 17:20:12.142,1.70661,1.70676,1.65,1.38
2014.02.24 17:20:12.294,1.70661,1.70676,1.10,4.13
2014.02.24 17:20:12.597,1.70662,1.70673,1.00,1.00
2014.02.24 17:20:12.698,1.70662,1.70677,1.50,1.20
2014.02.24 17:20:12.900,1.70661,1.70674,2.63,1.00
2014.02.24 17:20:15.407,1.70664,1.70674,1.00,1.00
2014.02.24 17:20:16.238,1.70664,1.70677,1.38,1.10
2014.02.24 17:20:16.774,1.70665,1.70677,2.25,1.00
2014.02.24 17:20:16.978,1.70669,1.7068,1.00,1.00
2014.02.24 17:20:18.269,1.70665,1.7068,2.63,1.00
2014.02.24 17:20:18.421,1.70669,1.7068,1.00,1.00
2014.02.24 17:20:19.284,1.70666,1.7068,1.20,1.00
2014.02.24 17:20:19.814,1.70669,1.7068,1.00,1.00
2014.02.24 17:20:21.136,1.70665,1.7068,1.93,1.00
2014.02.24 17:20:22.789,1.70665,1.7068,1.55,1.00
2014.02.24 17:20:23.143,1.70665,1.7068,1.55,1.00
2014.02.24 17:20:23.244,1.70664,1.70677,1.83,1.00
2014.02.24 17:20:26.459,1.70668,1.70682,1.38,2.03
2014.02.24 17:20:26.511,1.70668,1.70682,1.38,1.88
2014.02.24 17:20:26.982,1.70665,1.70675,1.53,1.88
2014.02.24 17:20:27.235,1.70659,1.70671,1.65,1.00
2014.02.24 17:20:27.387,1.70656,1.70671,1.88,3.38
2014.02.24 17:20:27.437,1.70656,1.70668,1.13,1.00
2014.02.24 17:20:27.539,1.70656,1.7067,1.13,2.63
2014.02.24 17:20:28.648,1.70656,1.7067,1.38,1.00
2014.02.24 17:20:32.930,1.70655,1.7067,1.85,1.00
2014.02.24 17:20:33.234,1.70655,1.7067,3.53,1.00
2014.02.24 17:20:33.537,1.70655,1.70663,1.13,1.88
2014.02.24 17:20:33.790,1.70654,1.70665,1.13,1.00
2014.02.24 17:20:34.042,1.70654,1.70662,1.00,1.00
2014.02.24 17:20:34.685,1.70649,1.70662,1.85,1.00
2014.02.24 17:20:35.196,1.70654,1.70662,1.00,1.00
2014.02.24 17:20:35.676,1.70648,1.70661,2.03,1.00
2014.02.24 17:20:35.727,1.70647,1.7066,1.00,2.03
2014.02.24 17:20:35.879,1.70647,1.70661,1.00,1.18
2014.02.24 17:20:35.929,1.70647,1.70659,1.00,1.38
2014.02.24 17:20:36.031,1.70644,1.70658,1.15,1.00
2014.02.24 17:20:36.133,1.70649,1.70658,1.00,1.00
2014.02.24 17:20:36.234,1.70646,1.70661,1.00,2.63
2014.02.24 17:20:36.335,1.70646,1.70659,1.00,1.00
2014.02.24 17:20:36.538,1.70645,1.70659,1.20,1.38
2014.02.24 17:20:36.842,1.70644,1.70657,3.38,1.00
2014.02.24 17:20:36.892,1.70649,1.7066,1.00,1.10
2014.02.24 17:20:37.095,1.70649,1.70663,1.50,1.00
2014.02.24 17:20:38.409,1.70649,1.70662,1.38,1.88
2014.02.24 17:20:38.763,1.70649,1.7066,1.13,1.00
2014.02.24 17:20:40.863,1.70649,1.7066,1.38,1.10
2014.02.24 17:20:41.065,1.7065,1.70663,1.38,1.88
2014.02.24 17:20:43.138,1.7065,1.70663,1.00,1.88
2014.02.24 17:20:43.480,1.70649,1.70661,1.13,1.00
2014.02.24 17:20:45.037,1.70649,1.70658,1.00,1.00
2014.02.24 17:20:50.404,1.70646,1.70656,1.95,1.50
2014.02.24 17:20:50.455,1.70642,1.70654,1.13,1.00
2014.02.24 17:20:50.506,1.70641,1.70654,3.53,1.00
2014.02.24 17:20:50.657,1.70644,1.70656,1.13,1.00
2014.02.24 17:20:54.244,1.70644,1.70656,1.00,1.18
2014.02.24 17:20:56.886,1.70644,1.70653,1.00,1.00
2014.02.24 17:20:58.171,1.70644,1.70657,1.38,1.15
2014.02.24 17:20:58.323,1.70644,1.70656,1.75,1.00
2014.02.24 17:20:58.424,1.70645,1.70656,1.00,1.00
2014.02.24 17:20:58.678,1.70649,1.70656,1.00,1.00
2014.02.24 17:20:59.228,1.7065,1.7066,1.00,1.20
2014.02.24 17:20:59.582,1.70651,1.7066,1.38,1.38
2014.02.24 17:20:59.632,1.70649,1.7066,1.55,1.50
2014.02.24 17:20:59.683,1.70649,1.70654,1.00,1.00
2014.02.24 17:20:59.788,1.70643,1.70654,1.38,2.63
2014.02.24 17:20:59.889,1.70649,1.70654,1.00,1.50
2014.02.24 17:21:00.114,1.70646,1.70655,1.00,1.00
2014.02.24 17:21:00.878,1.70644,1.70655,1.38,1.00
2014.02.24 17:21:00.978,1.70644,1.70659,2.25,1.50
2014.02.24 17:21:01.079,1.70649,1.70659,1.00,1.58
2014.02.24 17:21:01.382,1.70649,1.70656,1.00,1.00
2014.02.24 17:21:01.433,1.70649,1.7066,1.00,1.00
2014.02.24 17:21:02.306,1.70649,1.70657,1.00,1.00
2014.02.24 17:21:09.578,1.70644,1.70657,1.38,1.00
2014.02.24 17:21:11.641,1.70641,1.70654,2.78,1.00
2014.02.24 17:21:18.156,1.70639,1.70654,2.74,1.00
2014.02.24 17:21:18.257,1.70639,1.70654,2.29,1.00
2014.02.24 17:21:18.359,1.70639,1.70652,1.38,1.00
2014.02.24 17:21:18.460,1.70635,1.70649,1.28,1.00
2014.02.24 17:21:18.713,1.70637,1.70645,1.00,1.00
2014.02.24 17:21:19.117,1.7063,1.70645,1.58,1.00
2014.02.24 17:21:19.167,1.70634,1.70645,1.00,1.00
2014.02.24 17:21:19.700,1.70634,1.70642,1.00,1.00
2014.02.24 17:21:21.227,1.70634,1.70646,1.00,1.95
2014.02.24 17:21:21.328,1.70634,1.70644,1.00,1.00
2014.02.24 17:21:21.829,1.70634,1.70644,1.38,1.00
2014.02.24 17:21:22.456,1.70634,1.70644,1.13,1.00
2014.02.24 17:21:22.759,1.70634,1.70641,1.00,1.00
2014.02.24 17:21:23.175,1.70634,1.70643,1.00,1.00
2014.02.24 17:21:24.323,1.70629,1.70643,1.38,1.00
2014.02.24 17:21:24.835,1.70629,1.70641,1.00,1.00
2014.02.24 17:21:33.309,1.70629,1.7064,1.00,1.88
2014.02.24 17:21:33.820,1.70629,1.70639,1.00,2.70
2014.02.24 17:21:34.635,1.70629,1.70638,1.00,1.88
2014.02.24 17:21:35.280,1.70629,1.70637,1.00,1.88
2014.02.24 17:21:37.620,1.70629,1.70637,1.00,3.34
2014.02.24 17:21:37.722,1.7062,1.7063,1.90,1.00
2014.02.24 17:21:37.873,1.70624,1.7063,1.38,1.00
2014.02.24 17:21:37.924,1.70629,1.70635,1.00,1.10
2014.02.24 17:21:38.025,1.70629,1.70633,1.00,1.88
2014.02.24 17:21:38.344,1.70624,1.70634,1.00,1.88
2014.02.24 17:21:38.862,1.70624,1.70633,1.88,1.88
2014.02.24 17:21:40.967,1.70624,1.70634,1.88,1.88
2014.02.24 17:21:41.772,1.70624,1.70635,1.88,1.88
2014.02.24 17:21:43.307,1.70624,1.70635,1.50,1.88
2014.02.24 17:21:46.863,1.70624,1.70636,1.38,1.88
2014.02.24 17:21:46.914,1.70624,1.70638,1.38,2.03
2014.02.24 17:21:47.318,1.70624,1.70638,1.13,1.88
2014.02.24 17:21:47.856,1.70624,1.70639,1.13,2.70
2014.02.24 17:21:48.748,1.70624,1.70636,1.00,1.88
2014.02.24 17:21:49.051,1.70619,1.70633,1.75,2.25
2014.02.24 17:21:49.373,1.70623,1.70634,1.00,1.00
2014.02.24 17:21:49.474,1.70621,1.70634,1.00,1.00
2014.02.24 17:21:52.108,1.70619,1.70633,1.28,1.00
2014.02.24 17:21:55.518,1.70621,1.70636,1.00,2.25
2014.02.24 17:22:02.679,1.70624,1.70636,1.00,3.00
2014.02.24 17:22:02.730,1.70624,1.70636,1.00,2.63
2014.02.24 17:22:02.781,1.70629,1.70636,1.00,1.88
2014.02.24 17:22:03.034,1.70634,1.70643,1.00,1.00
2014.02.24 17:22:11.357,1.70629,1.70643,1.48,1.50
2014.02.24 17:22:16.091,1.70628,1.70641,1.65,1.00
2014.02.24 17:22:16.345,1.70629,1.70643,1.48,3.38
2014.02.24 17:22:16.547,1.70629,1.70641,1.10,1.00
2014.02.24 17:22:16.850,1.70626,1.7064,1.45,1.88
2014.02.24 17:22:17.110,1.70626,1.7064,1.13,1.88
2014.02.24 17:22:17.211,1.70626,1.70641,1.13,3.00
2014.02.24 17:22:19.977,1.70626,1.70641,1.13,1.20
2014.02.24 17:22:20.078,1.70624,1.70637,1.38,1.00
2014.02.24 17:22:21.281,1.70625,1.7064,1.38,1.20
2014.02.24 17:22:21.382,1.70628,1.70641,1.00,1.95
2014.02.24 17:22:21.736,1.70624,1.70639,2.40,1.00
2014.02.24 17:22:21.967,1.70624,1.70639,2.40,1.00
2014.02.24 17:22:22.069,1.70628,1.70642,1.13,1.88
2014.02.24 17:22:22.611,1.70625,1.7064,1.55,1.00
2014.02.24 17:22:23.501,1.70628,1.70643,1.50,1.95
2014.02.24 17:22:23.804,1.70631,1.70645,2.63,1.00
2014.02.24 17:22:24.108,1.70631,1.70645,3.15,1.00
2014.02.24 17:22:24.259,1.70634,1.70648,1.13,1.00
2014.02.24 17:22:24.568,1.70637,1.70649,1.88,1.00
2014.02.24 17:22:24.871,1.7064,1.70653,1.50,1.38
2014.02.24 17:22:25.175,1.70644,1.70657,2.25,1.00
2014.02.24 17:22:25.666,1.70645,1.70659,1.20,1.00
2014.02.24 17:22:27.013,1.70647,1.70659,1.00,1.00
2014.02.24 17:22:27.562,1.70647,1.70659,1.18,1.00
2014.02.24 17:22:30.522,1.70647,1.70659,3.15,1.00
2014.02.24 17:22:30.673,1.70654,1.70668,2.63,1.18
2014.02.24 17:22:30.876,1.70654,1.70668,2.78,1.00
2014.02.24 17:22:31.179,1.70659,1.70669,1.10,1.00
2014.02.24 17:22:31.415,1.7066,1.70675,1.00,3.38
2014.02.24 17:22:31.585,1.7066,1.70673,1.00,1.88
2014.02.24 17:22:36.653,1.7066,1.70673,1.00,1.88
2014.02.24 17:22:37.570,1.70655,1.7067,1.65,1.00
2014.02.24 17:22:37.671,1.70655,1.7067,1.10,3.38
2014.02.24 17:22:38.189,1.70655,1.70669,1.10,2.63
2014.02.24 17:22:38.965,1.70655,1.70668,1.10,1.88
2014.02.24 17:22:42.742,1.70655,1.70669,1.00,1.00
2014.02.24 17:22:42.843,1.70658,1.70669,1.00,1.00
2014.02.24 17:22:42.944,1.70658,1.70672,1.00,2.03
2014.02.24 17:22:47.984,1.70655,1.7067,1.28,1.00
2014.02.24 17:22:48.232,1.70655,1.70668,1.18,1.88
2014.02.24 17:22:48.595,1.70655,1.70666,1.18,1.00
2014.02.24 17:22:50.754,1.70655,1.70668,1.18,1.88
2014.02.24 17:22:51.376,1.70655,1.70669,1.28,2.63
2014.02.24 17:22:52.934,1.70658,1.70669,1.00,1.00
2014.02.24 17:22:53.245,1.70661,1.70669,1.00,1.00
2014.02.24 17:22:53.296,1.70661,1.70673,1.00,1.95
2014.02.24 17:22:53.714,1.70655,1.7067,1.53,1.00
2014.02.24 17:22:54.809,1.70659,1.70674,1.00,2.63
2014.02.24 17:22:54.961,1.70664,1.70674,1.00,1.00
2014.02.24 17:22:55.113,1.70664,1.70677,1.00,2.63
2014.02.24 17:22:56.726,1.70664,1.70677,1.00,1.13
2014.02.24 17:22:57.275,1.70664,1.70677,1.00,1.50
2014.02.24 17:22:57.376,1.70659,1.70674,2.33,1.00
2014.02.24 17:22:57.427,1.70659,1.70674,1.65,1.00
2014.02.24 17:22:58.045,1.70662,1.70674,1.00,1.00
2014.02.24 17:22:58.196,1.70663,1.70676,1.00,1.00
2014.02.24 17:22:58.247,1.70666,1.7068,1.00,1.15
2014.02.24 17:22:58.298,1.70666,1.70681,1.13,3.38
2014.02.24 17:22:58.349,1.70664,1.70679,1.55,1.00
2014.02.24 17:22:58.654,1.70666,1.70679,1.50,1.00
2014.02.24 17:22:58.805,1.7067,1.70681,1.00,1.13
2014.02.24 17:23:00.235,1.70666,1.70681,1.18,1.13
2014.02.24 17:23:00.754,1.70666,1.70681,1.00,2.70
2014.02.24 17:23:00.855,1.70665,1.70677,1.00,1.00
2014.02.24 17:23:05.720,1.70665,1.7068,1.13,1.00
2014.02.24 17:23:05.771,1.70665,1.7068,1.50,1.00
2014.02.24 17:23:05.821,1.70668,1.70683,1.13,2.63
2014.02.24 17:23:06.136,1.70669,1.70683,1.48,1.00
2014.02.24 17:23:07.398,1.70669,1.70683,1.20,1.13
2014.02.24 17:23:07.997,1.70669,1.70683,1.95,1.13
2014.02.24 17:23:08.307,1.70668,1.70681,1.55,1.00
2014.02.24 17:23:08.812,1.70665,1.7068,1.85,1.00
2014.02.24 17:23:09.115,1.70669,1.7068,1.38,1.00
2014.02.24 17:23:09.469,1.70668,1.70682,1.13,1.88
2014.02.24 17:23:09.570,1.70665,1.7068,1.65,1.00
2014.02.24 17:23:09.873,1.70664,1.70676,1.53,1.00
2014.02.24 17:23:10.025,1.70664,1.70676,1.18,1.00
2014.02.24 17:23:11.812,1.70664,1.70677,1.55,1.00
2014.02.24 17:23:14.164,1.70665,1.7068,1.13,3.08
2014.02.24 17:23:14.315,1.70668,1.70681,1.00,3.15
2014.02.24 17:23:17.346,1.70669,1.70682,1.00,3.08
2014.02.24 17:23:17.397,1.70671,1.70684,1.00,3.08
2014.02.24 17:23:17.634,1.70671,1.70681,1.10,1.00
2014.02.24 17:23:17.937,1.70666,1.7068,1.28,1.88
2014.02.24 17:23:18.038,1.70664,1.70678,1.93,1.00
2014.02.24 17:23:18.701,1.70665,1.70678,1.10,1.00
2014.02.24 17:23:20.318,1.70664,1.70677,1.55,1.88
2014.02.24 17:23:20.869,1.70664,1.70676,1.00,1.88
2014.02.24 17:23:22.646,1.70664,1.70675,1.00,1.00
2014.02.24 17:23:30.945,1.70664,1.70674,1.00,1.88
2014.02.24 17:23:36.164,1.7066,1.70671,1.13,1.88
2014.02.24 17:23:36.416,1.70659,1.70669,1.00,1.00
2014.02.24 17:23:39.034,1.70659,1.70667,1.00,1.00
2014.02.24 17:23:41.861,1.70654,1.70667,1.88,1.00
2014.02.24 17:23:41.912,1.70654,1.70667,1.00,1.00
2014.02.24 17:23:42.014,1.70654,1.70664,1.00,1.00
2014.02.24 17:23:42.690,1.70654,1.70662,1.00,1.00
2014.02.24 17:23:49.657,1.70651,1.70662,1.38,1.00
2014.02.24 17:23:49.708,1.70651,1.70662,1.38,1.15
2014.02.24 17:23:50.283,1.70654,1.70662,1.00,1.15
2014.02.24 17:23:54.106,1.70654,1.70662,1.00,1.08
2014.02.24 17:23:54.645,1.70654,1.70662,1.00,1.00
2014.02.24 17:23:55.877,1.70654,1.70662,1.00,1.08
2014.02.24 17:23:57.496,1.70654,1.70662,1.00,1.00
2014.02.24 17:24:03.399,1.70654,1.70661,1.00,1.88
2014.02.24 17:24:03.965,1.70654,1.70661,1.00,2.25
2014.02.24 17:24:04.067,1.70647,1.70657,1.38,1.88
2014.02.24 17:24:04.219,1.70643,1.70656,1.34,3.38
2014.02.24 17:24:04.270,1.70643,1.70654,1.00,1.88
2014.02.24 17:24:04.574,1.70639,1.7065,1.13,1.13
2014.02.24 17:24:04.877,1.7063,1.70645,2.03,1.00
2014.02.24 17:24:04.928,1.70634,1.70645,1.38,1.00
2014.02.24 17:24:05.535,1.70631,1.70642,2.63,1.00
2014.02.24 17:24:05.838,1.7063,1.70645,3.00,1.13
2014.02.24 17:24:06.242,1.7063,1.70642,2.33,1.00
2014.02.24 17:24:11.933,1.70631,1.70642,2.63,1.00
2014.02.24 17:24:12.592,1.70629,1.7064,1.38,1.13
2014.02.24 17:24:12.693,1.70626,1.7064,1.10,2.63
2014.02.24 17:24:12.744,1.70626,1.7064,1.00,2.70
2014.02.24 17:24:12.896,1.70624,1.70636,1.13,1.00
2014.02.24 17:24:13.148,1.70621,1.70636,1.50,1.95
2014.02.24 17:24:13.199,1.70621,1.70636,1.38,1.95
2014.02.24 17:24:13.512,1.70629,1.70633,1.00,1.00
2014.02.24 17:24:13.614,1.70624,1.70633,1.88,1.00
2014.02.24 17:24:13.717,1.70624,1.70631,1.75,1.00
2014.02.24 17:24:13.819,1.70625,1.70634,1.13,1.10
2014.02.24 17:24:13.869,1.70629,1.70634,1.00,1.10
2014.02.24 17:24:14.021,1.70629,1.70636,1.00,1.00
2014.02.24 17:24:14.375,1.70629,1.70639,1.00,1.10
2014.02.24 17:24:15.238,1.70629,1.70637,1.00,1.00
2014.02.24 17:24:16.537,1.70629,1.7064,1.38,1.18
2014.02.24 17:24:17.079,1.70629,1.7064,1.38,1.00
2014.02.24 17:24:18.710,1.70629,1.7064,1.38,1.00
2014.02.24 17:24:21.081,1.7063,1.70643,1.13,1.88
2014.02.24 17:24:22.206,1.7063,1.70644,1.13,3.38
2014.02.24 17:24:22.363,1.7063,1.70644,1.38,3.38
2014.02.24 17:24:22.717,1.70629,1.70641,1.38,1.00
2014.02.24 17:24:23.187,1.70629,1.70641,1.13,1.00
2014.02.24 17:24:23.704,1.70629,1.7064,1.13,1.88
2014.02.24 17:24:24.916,1.70626,1.7064,1.00,3.00
2014.02.24 17:24:24.967,1.70626,1.70638,1.00,1.00
2014.02.24 17:24:25.270,1.70625,1.70633,1.00,1.00
2014.02.24 17:24:26.104,1.70624,1.70633,1.13,1.00
2014.02.24 17:24:26.371,1.70624,1.70637,1.13,1.15
2014.02.24 17:24:27.350,1.70621,1.70634,2.63,1.00
2014.02.24 17:24:28.653,1.70624,1.70634,1.38,1.00
2014.02.24 17:24:30.640,1.70624,1.70634,1.13,1.00
2014.02.24 17:24:33.255,1.70624,1.70637,1.13,1.28
2014.02.24 17:24:36.573,1.70624,1.70633,1.13,1.00
2014.02.24 17:24:44.454,1.70624,1.70633,1.00,1.38
2014.02.24 17:24:44.657,1.70616,1.70631,1.90,1.50
2014.02.24 17:24:44.708,1.70614,1.70628,1.88,1.38
2014.02.24 17:24:44.809,1.70614,1.70625,1.00,1.13
2014.02.24 17:24:44.910,1.7061,1.70625,2.70,1.50
2014.02.24 17:24:45.434,1.70614,1.70622,1.00,1.00
2014.02.24 17:24:52.894,1.70614,1.70626,1.38,1.53
2014.02.24 17:24:53.096,1.70619,1.70627,1.00,1.08
2014.02.24 17:24:53.197,1.70619,1.70628,1.00,1.10
2014.02.24 17:24:53.704,1.70619,1.70627,1.00,1.00
2014.02.24 17:24:58.493,1.70616,1.70627,1.95,1.00
2014.02.24 17:25:00.003,1.70618,1.70627,1.00,1.00
2014.02.24 17:25:00.205,1.70619,1.70632,1.00,1.38
2014.02.24 17:25:00.256,1.70619,1.70632,1.13,1.00
2014.02.24 17:25:00.408,1.70624,1.70632,1.00,1.00
2014.02.24 17:25:00.510,1.70624,1.70637,1.00,1.65
2014.02.24 17:25:00.611,1.70629,1.70637,1.00,1.65
2014.02.24 17:25:01.015,1.70629,1.70639,2.63,1.10
2014.02.24 17:25:01.116,1.7063,1.70642,1.00,1.18
2014.02.24 17:25:01.168,1.70637,1.70643,1.00,1.10
2014.02.24 17:25:01.372,1.70639,1.70647,1.00,1.10
2014.02.24 17:25:01.575,1.70639,1.70652,1.13,1.18
2014.02.24 17:25:01.726,1.70644,1.70652,1.00,1.18
2014.02.24 17:25:02.038,1.70639,1.70648,1.00,1.00
2014.02.24 17:25:02.190,1.70636,1.70647,1.00,1.00
2014.02.24 17:25:03.082,1.70638,1.70647,1.00,1.00
2014.02.24 17:25:03.485,1.70636,1.70647,1.00,1.00
2014.02.24 17:25:06.705,1.70634,1.70647,1.95,1.00
2014.02.24 17:25:06.857,1.70639,1.70647,1.00,1.00
2014.02.24 17:25:06.958,1.70639,1.70652,1.13,1.00
2014.02.24 17:25:07.175,1.70639,1.70649,1.38,1.00
2014.02.24 17:25:07.495,1.70637,1.70647,1.58,1.00
2014.02.24 17:25:08.824,1.70637,1.70647,1.58,1.00
2014.02.24 17:25:08.925,1.70639,1.70652,1.38,1.50
2014.02.24 17:25:09.420,1.70644,1.70652,1.00,1.50
2014.02.24 17:25:09.521,1.70644,1.70657,1.13,1.65
2014.02.24 17:25:09.622,1.70644,1.70657,1.13,1.58
2014.02.24 17:25:09.824,1.70645,1.70655,1.00,1.88
2014.02.24 17:25:10.128,1.70636,1.70646,1.13,1.00
2014.02.24 17:25:10.279,1.70636,1.70651,1.38,1.15
2014.02.24 17:25:10.380,1.70644,1.70652,1.00,1.00
2014.02.24 17:25:10.482,1.70644,1.70656,1.00,1.15
2014.02.24 17:25:10.633,1.70644,1.70656,1.00,1.10
2014.02.24 17:25:10.886,1.70643,1.70653,1.38,1.88
2014.02.24 17:25:11.390,1.70641,1.70655,1.48,1.00
2014.02.24 17:25:11.895,1.70639,1.70654,2.70,1.00
2014.02.24 17:25:13.013,1.70644,1.70654,1.00,1.00
2014.02.24 17:25:13.949,1.70644,1.70654,1.08,1.00
2014.02.24 17:25:13.999,1.70644,1.70656,1.18,1.00
2014.02.24 17:25:15.209,1.70644,1.70656,1.55,1.00
2014.02.24 17:25:15.361,1.70649,1.70661,1.13,1.00
2014.02.24 17:25:15.919,1.70649,1.7066,1.10,1.88
2014.02.24 17:25:16.254,1.70646,1.70656,1.20,1.88
2014.02.24 17:25:16.305,1.70644,1.70656,1.65,1.88
2014.02.24 17:25:16.721,1.70644,1.70655,1.20,1.88
2014.02.24 17:25:17.866,1.70644,1.70654,1.10,1.88
2014.02.24 17:25:21.453,1.70641,1.70653,1.53,1.88
2014.02.24 17:25:22.318,1.70641,1.70654,1.53,1.88
2014.02.24 17:25:23.264,1.70641,1.70653,1.53,1.88
2014.02.24 17:25:27.456,1.70644,1.70654,1.00,1.88
2014.02.24 17:25:35.969,1.70644,1.70655,1.00,1.88
2014.02.24 17:25:38.972,1.70644,1.70652,1.00,1.88
2014.02.24 17:25:39.174,1.70636,1.70649,1.00,1.00
2014.02.24 17:25:39.275,1.70634,1.70647,1.65,1.00
2014.02.24 17:25:40.952,1.70639,1.70647,1.00,1.50
2014.02.24 17:25:43.702,1.70634,1.70647,1.28,1.50
2014.02.24 17:25:56.604,1.70632,1.70646,1.90,1.00
2014.02.24 17:25:56.806,1.7063,1.70645,2.78,1.00
2014.02.24 17:25:58.525,1.7063,1.70645,2.40,1.00
2014.02.24 17:25:58.575,1.7063,1.70641,1.95,2.63
2014.02.24 17:25:58.626,1.70627,1.70641,2.03,2.63
2014.02.24 17:25:58.728,1.70624,1.70639,3.45,1.00
2014.02.24 17:25:59.309,1.70624,1.70639,2.78,1.00
2014.02.24 17:25:59.866,1.70624,1.70639,2.40,1.00
2014.02.24 17:26:01.829,1.70624,1.70638,2.03,1.88
2014.02.24 17:26:03.143,1.70624,1.70639,2.03,2.63
2014.02.24 17:26:03.494,1.70627,1.70641,1.28,2.63
2014.02.24 17:26:04.008,1.70627,1.70641,1.55,2.63
2014.02.24 17:26:06.012,1.70627,1.70641,1.93,2.63
2014.02.24 17:26:06.215,1.70634,1.70649,2.63,1.00
2014.02.24 17:26:06.316,1.7064,1.70651,1.13,1.00
2014.02.24 17:26:08.235,1.7064,1.70651,1.50,1.00
2014.02.24 17:26:48.951,1.70641,1.70646,1.00,1.00
2014.02.24 17:26:49.103,1.70636,1.70646,1.65,1.00
2014.02.24 17:26:57.042,1.70639,1.70646,1.00,1.00
2014.02.24 17:26:57.194,1.70639,1.70651,1.13,1.00
2014.02.24 17:26:57.245,1.70639,1.70651,1.38,1.00
2014.02.24 17:26:57.754,1.70642,1.70651,1.00,1.00
2014.02.24 17:26:58.494,1.70641,1.70651,1.10,2.63
2014.02.24 17:27:02.256,1.70639,1.70651,1.38,1.00
2014.02.24 17:27:02.572,1.70639,1.70646,1.00,1.00
2014.02.24 17:27:06.404,1.70636,1.70646,1.08,1.00
2014.02.24 17:27:06.556,1.70636,1.70646,1.00,1.00
2014.02.24 17:27:07.881,1.70636,1.70641,1.00,1.00
2014.02.24 17:27:09.319,1.70636,1.70646,1.00,2.63
2014.02.24 17:27:11.705,1.70636,1.70645,1.00,1.88
2014.02.24 17:27:11.756,1.70636,1.70641,1.00,1.00
2014.02.24 17:27:13.602,1.70636,1.70644,1.00,1.88
2014.02.24 17:27:14.246,1.70636,1.70645,1.00,1.88
2014.02.24 17:27:21.339,1.70636,1.70646,1.00,2.63
2014.02.24 17:27:26.471,1.70636,1.70641,1.00,1.00
2014.02.24 17:27:26.522,1.70632,1.7064,1.00,1.88
2014.02.24 17:27:26.623,1.70628,1.70641,1.18,2.63
2014.02.24 17:27:26.775,1.70629,1.70641,1.08,1.88
2014.02.24 17:27:27.850,1.70628,1.70639,1.18,1.88
2014.02.24 17:27:28.153,1.70624,1.70637,1.45,1.00
2014.02.24 17:27:29.914,1.70622,1.70631,1.28,1.00
2014.02.24 17:27:30.217,1.70624,1.70634,1.38,1.00
2014.02.24 17:27:30.268,1.70625,1.7064,1.83,2.70
2014.02.24 17:27:30.773,1.70625,1.7064,1.90,1.00
2014.02.24 17:27:35.437,1.70625,1.7064,2.03,1.00
2014.02.24 17:27:35.538,1.70629,1.70642,1.85,1.00
2014.02.24 17:27:35.639,1.70634,1.70646,1.00,2.63
2014.02.24 17:27:36.104,1.70629,1.70644,5.48,1.00
2014.02.24 17:27:36.206,1.70633,1.70646,1.85,1.00
2014.02.24 17:27:36.730,1.70634,1.70646,1.00,1.00
2014.02.24 17:27:36.881,1.7063,1.70642,2.10,1.00
2014.02.24 17:27:36.984,1.70632,1.70642,1.08,1.00
2014.02.24 17:27:37.085,1.70633,1.70645,1.00,1.88
2014.02.24 17:27:37.186,1.7063,1.70642,1.80,1.00
2014.02.24 17:27:37.288,1.70634,1.70646,1.13,2.63
2014.02.24 17:27:37.837,1.7063,1.70644,2.48,1.00
2014.02.24 17:27:42.195,1.70633,1.70646,1.55,2.63
2014.02.24 17:27:46.236,1.70633,1.70645,1.55,1.88
2014.02.24 17:27:46.756,1.70633,1.70646,1.55,1.00
2014.02.24 17:27:46.857,1.70636,1.70648,1.00,1.00
2014.02.24 17:27:47.161,1.70639,1.70646,1.00,1.00
2014.02.24 17:27:47.313,1.70639,1.70651,1.45,2.63
2014.02.24 17:27:47.844,1.70641,1.7065,1.00,1.88
2014.02.24 17:27:48.410,1.70641,1.70651,1.00,2.63
2014.02.24 17:27:48.934,1.7064,1.70649,1.00,1.88
2014.02.24 17:27:49.035,1.7064,1.70651,1.10,2.63
2014.02.24 17:27:49.136,1.7064,1.70649,1.10,1.88
2014.02.24 17:27:49.662,1.7064,1.7065,1.10,1.88
2014.02.24 17:27:50.501,1.7064,1.70652,1.10,2.25
2014.02.24 17:27:51.169,1.7064,1.70651,1.20,1.88
2014.02.24 17:27:51.883,1.7064,1.7065,1.20,1.88
2014.02.24 17:27:52.389,1.7064,1.70651,1.20,1.88
2014.02.24 17:27:52.692,1.70637,1.70648,1.18,1.88
2014.02.24 17:27:53.045,1.70632,1.70647,1.58,1.88
2014.02.24 17:27:53.147,1.70632,1.70647,1.15,1.88
2014.02.24 17:28:00.282,1.70632,1.70647,1.00,1.50
2014.02.24 17:28:06.890,1.70632,1.70647,1.13,1.13
2014.02.24 17:28:06.992,1.70634,1.70647,1.00,1.13
2014.02.24 17:28:07.501,1.70634,1.70647,1.38,1.00
2014.02.24 17:28:08.005,1.70634,1.70647,1.13,1.00
2014.02.24 17:28:08.664,1.70639,1.70647,1.00,1.00
2014.02.24 17:28:09.653,1.70635,1.70647,2.25,1.00
2014.02.24 17:28:10.730,1.70634,1.70647,3.00,1.00
2014.02.24 17:28:12.732,1.70634,1.70647,1.38,1.00
2014.02.24 17:28:12.835,1.70639,1.70647,1.00,1.00
2014.02.24 17:28:12.987,1.70639,1.70652,1.00,1.28
2014.02.24 17:28:13.037,1.70641,1.70654,1.38,1.53
2014.02.24 17:28:13.341,1.70639,1.70653,3.45,1.08
2014.02.24 17:28:13.651,1.70641,1.70655,3.45,1.13
2014.02.24 17:28:14.382,1.70644,1.70655,2.25,1.13
2014.02.24 17:28:14.485,1.70642,1.70651,2.25,1.00
2014.02.24 17:28:15.145,1.70644,1.70655,1.50,1.00
2014.02.24 17:28:15.654,1.70644,1.70656,1.50,1.00
2014.02.24 17:28:16.364,1.70644,1.70651,3.38,1.00
2014.02.24 17:28:16.902,1.70644,1.70651,1.00,1.00
2014.02.24 17:28:19.884,1.70644,1.70655,1.00,1.00
2014.02.24 17:28:20.390,1.70644,1.70656,1.13,1.00
2014.02.24 17:28:20.657,1.70644,1.70656,1.38,1.00
2014.02.24 17:28:21.111,1.70644,1.70658,3.75,1.10
2014.02.24 17:28:21.265,1.70648,1.70661,3.00,1.10
2014.02.24 17:28:21.424,1.70652,1.70661,1.00,1.00
2014.02.24 17:28:21.626,1.70652,1.70665,1.00,1.65
2014.02.24 17:28:21.677,1.70652,1.70667,2.63,1.65
2014.02.24 17:28:21.727,1.70652,1.70664,2.63,1.00
2014.02.24 17:28:21.833,1.70655,1.7067,1.00,3.45
2014.02.24 17:28:21.884,1.70655,1.7067,1.00,2.70
2014.02.24 17:28:22.410,1.70655,1.7067,1.13,1.88
2014.02.24 17:28:22.915,1.70655,1.7067,1.13,1.50
2014.02.24 17:28:22.967,1.70654,1.70667,1.88,1.00
2014.02.24 17:28:23.270,1.70655,1.70667,2.63,1.00
2014.02.24 17:28:24.512,1.70658,1.70667,1.00,1.00
2014.02.24 17:28:25.057,1.70656,1.70667,2.63,1.00
2014.02.24 17:28:26.872,1.70656,1.70667,2.63,1.00
2014.02.24 17:28:28.341,1.70655,1.70669,3.00,1.00
2014.02.24 17:28:28.543,1.70657,1.70669,2.25,1.00
2014.02.24 17:28:29.541,1.70657,1.70669,2.25,1.00
2014.02.24 17:28:29.898,1.70659,1.70672,1.38,1.00
2014.02.24 17:28:33.114,1.70659,1.70672,1.75,1.00
2014.02.24 17:28:33.316,1.7066,1.70672,1.00,1.00
2014.02.24 17:28:33.857,1.70659,1.70672,1.13,1.00
2014.02.24 17:28:33.958,1.70657,1.70666,1.13,1.00
2014.02.24 17:28:34.059,1.70659,1.70671,1.00,1.88
2014.02.24 17:28:34.374,1.70653,1.70668,1.18,1.13
2014.02.24 17:28:35.507,1.70653,1.70668,1.10,1.13
2014.02.24 17:28:35.658,1.70653,1.70668,1.95,1.13
2014.02.24 17:28:35.810,1.70657,1.70672,1.45,3.38
2014.02.24 17:28:35.911,1.70657,1.70672,1.65,1.00
2014.02.24 17:28:35.961,1.70657,1.70668,1.20,1.00
2014.02.24 17:28:37.566,1.70659,1.70668,1.00,1.00
2014.02.24 17:28:37.717,1.70659,1.70671,1.00,2.63
2014.02.24 17:28:41.503,1.70659,1.70671,1.50,1.00
2014.02.24 17:28:41.553,1.70664,1.70671,1.50,1.00
2014.02.24 17:28:41.655,1.70667,1.70676,1.00,1.08
2014.02.24 17:28:41.706,1.70667,1.70677,1.00,1.00
2014.02.24 17:28:44.409,1.70661,1.70675,2.70,1.00
2014.02.24 17:28:48.485,1.7066,1.70675,1.88,1.00
2014.02.24 17:28:50.237,1.70664,1.70675,1.48,1.00
2014.02.24 17:28:50.338,1.70669,1.70678,1.00,1.00
2014.02.24 17:28:50.440,1.70669,1.7068,1.38,1.88
2014.02.24 17:28:50.955,1.70669,1.70681,1.48,1.00
2014.02.24 17:28:54.192,1.70669,1.70681,1.58,1.00
2014.02.24 17:28:54.791,1.70669,1.70681,1.20,1.00
2014.02.24 17:28:57.139,1.70666,1.70681,2.33,1.00
2014.02.24 17:28:57.392,1.70674,1.70681,1.00,1.00
2014.02.24 17:28:57.493,1.70674,1.70684,1.00,1.00
2014.02.24 17:28:57.695,1.70674,1.70684,1.50,1.00
2014.02.24 17:29:00.928,1.70676,1.70687,1.00,1.00
2014.02.24 17:29:05.493,1.70674,1.70687,1.58,1.00
2014.02.24 17:29:05.544,1.70674,1.70684,1.58,1.73
2014.02.24 17:29:05.746,1.70674,1.70687,1.00,1.13
2014.02.24 17:29:05.847,1.70674,1.70684,1.00,1.73
2014.02.24 17:29:06.049,1.70674,1.70687,1.38,1.38
2014.02.24 17:29:07.661,1.70674,1.70685,1.50,1.88
2014.02.24 17:29:09.697,1.70674,1.70687,1.50,2.63
2014.02.24 17:29:10.615,1.70674,1.70685,1.50,1.88
2014.02.24 17:29:11.178,1.70674,1.70686,1.50,1.88
2014.02.24 17:29:11.769,1.70674,1.70685,1.50,1.88
2014.02.24 17:29:12.430,1.70674,1.70686,1.50,1.88
2014.02.24 17:29:15.701,1.70674,1.70687,1.50,2.63
2014.02.24 17:29:17.600,1.70674,1.70687,1.75,1.00
2014.02.24 17:29:17.752,1.70679,1.70689,1.00,1.10
2014.02.24 17:29:19.140,1.70676,1.70689,1.28,1.00
2014.02.24 17:29:19.693,1.70679,1.70689,1.00,1.00
2014.02.24 17:29:21.129,1.70677,1.70689,1.48,1.00
2014.02.24 17:29:23.758,1.70676,1.70689,1.00,1.00
2014.02.24 17:29:24.316,1.70676,1.70688,1.00,1.88
2014.02.24 17:29:28.947,1.70673,1.70684,1.65,1.88
2014.02.24 17:29:29.199,1.70671,1.70684,1.38,1.88
2014.02.24 17:29:29.301,1.70669,1.70681,1.48,1.00
2014.02.24 17:29:29.402,1.70669,1.70681,1.48,1.00
2014.02.24 17:29:29.927,1.70666,1.70681,3.90,1.50
2014.02.24 17:29:34.690,1.70666,1.70681,1.90,1.50
2014.02.24 17:29:37.122,1.70667,1.70681,3.45,1.50
2014.02.24 17:29:44.659,1.70669,1.70681,1.53,1.00
2014.02.24 17:29:45.012,1.70674,1.70684,1.00,1.00
2014.02.24 17:29:45.164,1.70674,1.70684,1.93,1.00
2014.02.24 17:29:45.214,1.70674,1.70688,1.93,1.00
2014.02.24 17:29:45.925,1.70678,1.70688,1.50,1.00
2014.02.24 17:29:46.127,1.70678,1.70691,3.53,1.00
2014.02.24 17:29:47.804,1.7068,1.70691,1.55,1.00
2014.02.24 17:29:48.208,1.70682,1.70694,2.03,1.00
2014.02.24 17:29:48.561,1.70683,1.70694,2.70,1.00
2014.02.24 17:29:49.066,1.70684,1.70699,4.28,1.38
2014.02.24 17:29:49.461,1.70684,1.70696,1.55,1.13
2014.02.24 17:29:50.390,1.70684,1.70696,2.40,1.00
2014.02.24 17:29:52.118,1.70684,1.70696,3.53,1.00
2014.02.24 17:29:52.169,1.70684,1.70699,3.90,1.13
2014.02.24 17:29:52.706,1.70687,1.70699,2.40,1.00
2014.02.24 17:29:56.305,1.70686,1.70699,2.78,1.00
2014.02.24 17:30:00.733,1.70685,1.70697,1.28,1.00
2014.02.24 17:30:01.249,1.70685,1.70696,1.65,1.00
2014.02.24 17:30:01.997,1.70685,1.70696,1.58,1.00
2014.02.24 17:30:03.471,1.70687,1.70696,1.00,1.00
2014.02.24 17:30:04.839,1.70684,1.70696,1.55,1.00
2014.02.24 17:30:05.142,1.70684,1.70698,1.55,1.13
2014.02.24 17:30:05.192,1.70686,1.70698,1.88,1.13
2014.02.24 17:30:05.293,1.70684,1.70698,2.78,1.13
2014.02.24 17:30:05.801,1.70686,1.70701,1.00,1.88
2014.02.24 17:30:08.061,1.70686,1.70691,1.00,1.00
2014.02.24 17:30:08.279,1.7068,1.70691,1.53,1.00
2014.02.24 17:30:08.380,1.70678,1.70691,2.03,1.00
2014.02.24 17:30:11.917,1.70678,1.70691,1.65,1.00
2014.02.24 17:30:12.175,1.70678,1.70691,1.65,1.00
2014.02.24 17:30:12.688,1.70679,1.7069,1.48,1.00
2014.02.24 17:30:12.943,1.70679,1.70692,1.58,1.00
2014.02.24 17:30:13.044,1.70679,1.70692,1.58,1.00
2014.02.24 17:30:13.812,1.70679,1.70691,2.78,1.00
2014.02.24 17:30:14.593,1.70679,1.70692,3.15,1.00
2014.02.24 17:30:14.947,1.70681,1.70692,1.55,1.00
2014.02.24 17:30:15.178,1.70683,1.70695,2.63,1.00
2014.02.24 17:30:24.336,1.70683,1.70695,2.25,1.00
2014.02.24 17:30:25.038,1.70683,1.70695,1.00,1.00
2014.02.24 17:30:28.243,1.70681,1.70695,1.13,1.10
2014.02.24 17:30:28.295,1.70683,1.70695,1.88,1.10
2014.02.24 17:30:39.373,1.70679,1.70692,1.55,1.00
2014.02.24 17:30:40.571,1.70679,1.70692,2.03,1.00
2014.02.24 17:30:45.408,1.70679,1.70692,2.40,1.00
2014.02.24 17:30:45.967,1.70679,1.70692,1.50,1.00
2014.02.24 17:30:51.779,1.70679,1.70689,1.13,1.00
2014.02.24 17:30:51.931,1.70676,1.70689,2.70,1.00
2014.02.24 17:30:51.982,1.70679,1.70689,1.00,1.00
2014.02.24 17:30:52.137,1.70679,1.70691,1.00,1.00
2014.02.24 17:30:52.341,1.70676,1.70689,1.28,1.00
2014.02.24 17:30:53.235,1.70675,1.70689,1.93,1.00
2014.02.24 17:30:53.336,1.70675,1.70686,1.28,1.50
2014.02.24 17:30:53.640,1.70675,1.70681,1.38,1.00
2014.02.24 17:30:53.741,1.70674,1.70681,1.13,1.00
2014.02.24 17:30:53.842,1.70666,1.70681,2.25,3.53
2014.02.24 17:30:53.893,1.70666,1.70678,1.38,1.00
2014.02.24 17:30:53.944,1.70666,1.70678,1.00,1.00
2014.02.24 17:30:54.461,1.70664,1.70678,2.25,1.00
2014.02.24 17:30:54.668,1.70664,1.70678,2.25,1.00
2014.02.24 17:30:56.531,1.70664,1.70678,2.25,1.00
2014.02.24 17:30:56.834,1.70664,1.70676,1.88,1.00
2014.02.24 17:31:00.471,1.70664,1.70676,1.88,1.00
2014.02.24 17:31:05.679,1.70664,1.70676,1.00,1.00
2014.02.24 17:31:07.439,1.70664,1.70676,1.13,1.00
2014.02.24 17:31:07.540,1.70668,1.70679,1.00,1.00
2014.02.24 17:31:07.591,1.70669,1.70679,1.38,1.00
2014.02.24 17:31:07.743,1.70675,1.70688,3.45,1.00
2014.02.24 17:31:07.844,1.70679,1.70691,1.50,1.00
2014.02.24 17:31:08.365,1.70678,1.7069,1.75,1.00
2014.02.24 17:31:08.684,1.70677,1.70686,1.20,1.00
2014.02.24 17:31:09.200,1.70671,1.70681,1.58,1.00
2014.02.24 17:31:09.302,1.7067,1.70681,1.50,1.50
2014.02.24 17:31:09.404,1.70668,1.70679,1.13,1.00
2014.02.24 17:31:09.556,1.70671,1.70682,1.00,1.10
2014.02.24 17:31:09.615,1.70671,1.70685,1.00,1.58
2014.02.24 17:31:10.168,1.70671,1.70685,1.13,1.10
2014.02.24 17:31:10.371,1.70674,1.70689,3.45,1.00
2014.02.24 17:31:11.387,1.70678,1.70691,1.20,1.58
2014.02.24 17:31:11.488,1.70681,1.70692,1.53,1.00
2014.02.24 17:31:11.589,1.70684,1.70695,1.00,1.00
2014.02.24 17:31:12.109,1.70684,1.70696,1.00,1.00
2014.02.24 17:31:12.566,1.70682,1.70694,1.13,1.00
2014.02.24 17:31:12.871,1.70683,1.70694,2.25,1.00
2014.02.24 17:31:12.922,1.70683,1.70694,2.25,1.00
2014.02.24 17:31:13.127,1.7068,1.70694,2.33,1.00
2014.02.24 17:31:17.510,1.70676,1.70691,1.53,1.00
2014.02.24 17:31:17.864,1.70677,1.70687,2.25,1.00
2014.02.24 17:31:18.066,1.70678,1.70691,1.38,1.10
2014.02.24 17:31:18.320,1.70677,1.70689,2.25,1.00
2014.02.24 17:31:18.840,1.70676,1.70689,2.63,1.00
2014.02.24 17:31:19.092,1.70675,1.70689,2.33,1.00
2014.02.24 17:31:19.193,1.70673,1.70686,1.50,1.00
2014.02.24 17:31:19.727,1.70673,1.70686,1.38,1.00
2014.02.24 17:31:22.799,1.70674,1.70686,1.38,1.00
2014.02.24 17:31:25.147,1.70673,1.70686,1.13,1.50
2014.02.24 17:31:25.249,1.70673,1.70683,1.00,1.00
2014.02.24 17:31:26.378,1.70674,1.70683,1.00,1.00
2014.02.24 17:31:26.681,1.70679,1.70686,1.00,1.00
2014.02.24 17:31:26.833,1.70673,1.70686,1.75,1.88
2014.02.24 17:31:26.884,1.70671,1.70686,1.83,2.63
2014.02.24 17:31:26.985,1.7067,1.70683,1.58,1.00
2014.02.24 17:31:27.331,1.7067,1.70681,1.50,1.00
2014.02.24 17:31:27.627,1.7067,1.70681,1.00,1.00
2014.02.24 17:31:28.131,1.70666,1.70681,2.40,1.50
2014.02.24 17:31:28.715,1.70666,1.70681,2.40,1.50
2014.02.24 17:31:30.590,1.70666,1.70681,1.90,3.38
2014.02.24 17:31:31.206,1.70666,1.7068,1.90,1.88
2014.02.24 17:31:31.501,1.70666,1.70681,2.40,1.50
2014.02.24 17:31:31.602,1.70669,1.70681,1.45,1.00
2014.02.24 17:31:31.704,1.7067,1.70684,2.78,1.00
2014.02.24 17:31:33.618,1.7067,1.70684,1.13,1.00
2014.02.24 17:31:33.719,1.70671,1.70686,1.50,1.50
2014.02.24 17:31:34.406,1.70671,1.70686,1.50,1.50
2014.02.24 17:31:34.664,1.7067,1.70683,1.88,1.00
2014.02.24 17:31:34.880,1.70672,1.70686,1.00,1.13
2014.02.24 17:31:36.081,1.70672,1.70686,1.95,1.00
2014.02.24 17:31:37.231,1.70673,1.70686,1.38,1.00
2014.02.24 17:31:37.561,1.7067,1.70684,1.58,1.00
2014.02.24 17:31:37.612,1.7067,1.70681,1.50,1.00
2014.02.24 17:31:37.865,1.70674,1.70688,1.75,1.00
2014.02.24 17:31:37.966,1.70675,1.7069,1.75,1.00
2014.02.24 17:31:38.118,1.70675,1.70687,3.00,1.00
2014.02.24 17:31:38.472,1.70673,1.70681,1.20,1.00
2014.02.24 17:31:40.571,1.70668,1.70683,2.78,1.13
2014.02.24 17:31:42.166,1.70674,1.70686,1.00,1.13
2014.02.24 17:31:43.880,1.70674,1.70688,1.88,2.25
2014.02.24 17:31:43.981,1.70674,1.70688,2.63,1.88
2014.02.24 17:31:44.568,1.70677,1.70688,1.00,1.88
2014.02.24 17:31:45.405,1.70679,1.70688,1.00,1.88
2014.02.24 17:31:45.608,1.70679,1.7069,1.00,1.88
2014.02.24 17:31:45.709,1.70676,1.70689,1.00,1.00
2014.02.24 17:31:46.848,1.70676,1.70688,1.00,1.88
2014.02.24 17:31:48.277,1.70674,1.70689,2.25,2.63
2014.02.24 17:31:54.751,1.70674,1.70688,2.25,1.88
2014.02.24 17:31:56.578,1.70674,1.70687,1.00,1.00
2014.02.24 17:31:56.730,1.70672,1.70686,1.50,1.08
2014.02.24 17:31:57.150,1.7067,1.70683,1.13,1.00
2014.02.24 17:31:59.928,1.70674,1.70683,1.00,1.00
2014.02.24 17:32:01.428,1.70674,1.70683,1.75,1.00
2014.02.24 17:32:01.640,1.70677,1.70686,1.00,1.18
2014.02.24 17:32:01.741,1.70677,1.70689,1.00,1.00
2014.02.24 17:32:06.118,1.70674,1.70689,1.88,2.63
2014.02.24 17:32:06.270,1.70674,1.70686,1.13,1.00
2014.02.24 17:32:07.460,1.70674,1.70686,1.00,1.38
2014.02.24 17:32:08.003,1.70674,1.70684,1.00,1.00
2014.02.24 17:32:08.526,1.70674,1.70684,1.38,1.00
2014.02.24 17:32:08.628,1.70673,1.70684,1.00,1.00
2014.02.24 17:32:09.443,1.70672,1.70684,1.75,1.00
2014.02.24 17:32:09.645,1.70679,1.70684,1.00,1.00
2014.02.24 17:32:09.696,1.70679,1.70687,1.00,1.10
2014.02.24 17:32:09.999,1.70679,1.70684,1.00,1.00
2014.02.24 17:32:10.050,1.70675,1.70684,1.00,1.00
2014.02.24 17:32:17.408,1.70674,1.70684,1.50,1.00
2014.02.24 17:32:17.913,1.70674,1.70684,1.88,1.00
2014.02.24 17:32:18.688,1.70674,1.70689,1.88,1.15
2014.02.24 17:32:18.941,1.70674,1.70684,1.38,1.00
2014.02.24 17:32:19.572,1.70674,1.70684,1.38,1.00
2014.02.24 17:32:20.111,1.70676,1.7069,1.00,1.28
2014.02.24 17:32:20.485,1.70674,1.70685,2.63,1.00
2014.02.24 17:32:21.653,1.70674,1.70685,3.38,1.00
2014.02.24 17:32:23.093,1.70675,1.70685,2.25,1.00
2014.02.24 17:32:28.030,1.70675,1.70685,2.25,1.00
2014.02.24 17:32:28.580,1.70676,1.70685,1.13,1.00
2014.02.24 17:32:34.629,1.70675,1.70685,2.63,1.10
2014.02.24 17:32:35.170,1.70676,1.70685,1.13,1.10
2014.02.24 17:32:42.387,1.70679,1.70685,1.00,1.00
2014.02.24 17:32:42.488,1.70679,1.70688,1.00,1.10
2014.02.24 17:32:43.475,1.70679,1.70688,1.00,1.18
2014.02.24 17:32:44.008,1.70679,1.70688,1.00,1.15
2014.02.24 17:32:45.495,1.70679,1.70688,1.00,1.10
2014.02.24 17:32:52.481,1.70679,1.70688,1.00,1.08
2014.02.24 17:33:01.399,1.70679,1.70685,1.00,1.00
2014.02.24 17:33:02.626,1.70675,1.70685,1.13,1.00
2014.02.24 17:33:07.685,1.70679,1.70685,1.00,1.00
2014.02.24 17:33:13.128,1.7068,1.70685,2.25,1.00
2014.02.24 17:33:13.180,1.7068,1.70688,2.63,1.10
2014.02.24 17:33:13.282,1.70684,1.70695,1.00,1.15
2014.02.24 17:33:13.383,1.70686,1.70698,1.00,1.15
2014.02.24 17:33:13.484,1.70687,1.707,1.38,1.20
2014.02.24 17:33:13.585,1.70686,1.70695,1.00,1.00
2014.02.24 17:33:14.050,1.70686,1.70701,1.50,2.03
2014.02.24 17:33:14.277,1.70684,1.70695,3.38,1.00
2014.02.24 17:33:21.187,1.70684,1.70698,3.00,1.65
2014.02.24 17:33:21.611,1.70684,1.70694,1.38,1.00
2014.02.24 17:33:24.797,1.70684,1.70694,1.00,1.00
2014.02.24 17:33:28.020,1.70684,1.70691,1.00,1.00
2014.02.24 17:33:28.121,1.70682,1.70691,1.00,1.00
2014.02.24 17:33:28.629,1.7068,1.70691,1.38,1.00
2014.02.24 17:33:29.758,1.70675,1.70688,3.08,1.00
2014.02.24 17:33:30.216,1.70675,1.70688,1.13,1.00
2014.02.24 17:33:34.722,1.70677,1.70691,1.50,1.18
2014.02.24 17:33:34.823,1.70684,1.70692,1.00,1.10
2014.02.24 17:33:35.151,1.70687,1.70695,1.13,1.00
2014.02.24 17:33:35.656,1.70681,1.70695,2.63,1.13
2014.02.24 17:33:36.465,1.70681,1.70692,2.63,1.00
2014.02.24 17:33:36.909,1.70681,1.70696,3.75,1.50
2014.02.24 17:33:37.009,1.70678,1.7069,1.53,1.00
2014.02.24 17:33:37.527,1.70679,1.7069,1.13,1.00
2014.02.24 17:33:38.194,1.70682,1.7069,1.88,1.00
2014.02.24 17:33:38.245,1.70682,1.70696,2.25,2.78
2014.02.24 17:33:38.346,1.70683,1.70692,1.88,1.00
2014.02.24 17:33:41.333,1.70683,1.70691,1.88,1.00
2014.02.24 17:33:41.484,1.7068,1.70691,1.88,1.00
2014.02.24 17:33:44.752,1.70681,1.70691,1.88,1.50
2014.02.24 17:33:45.444,1.7068,1.70691,1.88,1.50
2014.02.24 17:33:46.097,1.70684,1.70691,1.88,1.00
2014.02.24 17:33:46.505,1.70682,1.70691,2.25,1.00
2014.02.24 17:33:47.104,1.70681,1.70691,1.88,1.00
2014.02.24 17:33:49.695,1.7068,1.70691,1.88,1.00
2014.02.24 17:33:52.330,1.70679,1.70691,3.00,1.00
2014.02.24 17:33:52.532,1.70679,1.70691,3.38,1.00
2014.02.24 17:33:56.471,1.70679,1.70691,3.38,1.00
2014.02.24 17:33:57.793,1.70679,1.70691,3.38,1.00
2014.02.24 17:33:58.348,1.70676,1.70691,2.03,4.13
2014.02.24 17:33:59.027,1.70676,1.70691,1.13,3.15
2014.02.24 17:34:01.239,1.70676,1.7069,1.13,2.70
2014.02.24 17:34:08.134,1.70676,1.70691,1.00,2.40
2014.02.24 17:34:08.388,1.70676,1.70686,2.63,1.00
2014.02.24 17:34:08.923,1.70676,1.70686,1.38,1.00
2014.02.24 17:34:11.857,1.70675,1.70686,1.00,1.00
2014.02.24 17:34:12.160,1.70672,1.70685,2.25,1.00
2014.02.24 17:34:12.785,1.70672,1.70685,2.25,1.48
2014.02.24 17:34:12.987,1.70671,1.70681,2.25,1.00
2014.02.24 17:34:14.324,1.70669,1.7068,2.63,1.00
2014.02.24 17:34:15.816,1.70669,1.7068,2.25,1.00
2014.02.24 17:34:16.831,1.70668,1.7068,2.25,1.38
2014.02.24 17:34:17.135,1.70663,1.70671,1.00,1.00
2014.02.24 17:34:18.185,1.70659,1.70666,1.38,1.00
2014.02.24 17:34:18.235,1.70661,1.70666,1.88,1.00
2014.02.24 17:34:18.757,1.7066,1.70666,2.25,1.00
2014.02.24 17:34:19.969,1.70659,1.70666,1.88,1.00
2014.02.24 17:34:21.482,1.70658,1.70666,1.88,1.00
2014.02.24 17:34:22.041,1.70657,1.70666,1.88,1.00
2014.02.24 17:34:22.142,1.70656,1.70666,1.88,1.38
2014.02.24 17:34:22.193,1.70651,1.70666,2.03,1.38
2014.02.24 17:34:22.244,1.70651,1.70666,1.95,1.13
2014.02.24 17:34:22.874,1.70649,1.70666,2.78,1.13
2014.02.24 17:34:23.425,1.70654,1.70666,1.88,1.13
2014.02.24 17:34:24.085,1.70653,1.70666,2.25,1.13
2014.02.24 17:34:28.586,1.70655,1.70666,1.88,1.10
2014.02.24 17:34:28.901,1.70657,1.70666,1.88,1.10
2014.02.24 17:34:29.966,1.70658,1.70666,1.88,1.10
2014.02.24 17:34:30.672,1.70657,1.70666,1.88,1.10
2014.02.24 17:34:32.696,1.70661,1.70671,1.88,2.63
2014.02.24 17:34:32.797,1.70661,1.70671,1.88,1.28
2014.02.24 17:34:33.200,1.70659,1.70671,1.88,1.28
2014.02.24 17:34:33.735,1.70661,1.70671,1.88,1.15
2014.02.24 17:34:35.740,1.70659,1.70671,1.88,1.15
2014.02.24 17:34:35.891,1.70659,1.70666,1.88,1.00
2014.02.24 17:34:35.942,1.70656,1.70666,2.25,1.00
2014.02.24 17:34:36.144,1.70654,1.7067,3.38,1.15
2014.02.24 17:34:36.195,1.70654,1.7067,3.38,1.28
2014.02.24 17:34:36.296,1.70654,1.70668,1.13,2.40
2014.02.24 17:34:36.599,1.70654,1.70667,1.00,3.08
2014.02.24 17:34:37.060,1.70654,1.70668,1.00,3.15
2014.02.24 17:34:37.286,1.70654,1.70669,1.00,2.78
2014.02.24 17:34:42.343,1.70654,1.70667,1.00,1.43
2014.02.24 17:34:42.394,1.70651,1.70656,2.25,1.00
2014.02.24 17:34:42.446,1.70647,1.70656,2.03,1.00
2014.02.24 17:34:42.597,1.70646,1.70659,1.95,1.48
2014.02.24 17:34:42.698,1.70646,1.70659,2.25,1.08
2014.02.24 17:34:42.800,1.70648,1.70661,2.25,1.10
2014.02.24 17:34:43.304,1.70648,1.70661,2.25,1.00
2014.02.24 17:34:43.813,1.70648,1.70656,2.25,1.00
2014.02.24 17:34:43.968,1.70643,1.70656,3.15,1.00
2014.02.24 17:34:44.473,1.70641,1.70656,1.75,1.18
2014.02.24 17:34:44.675,1.70644,1.70661,3.00,2.70
2014.02.24 17:34:44.827,1.70645,1.70661,1.00,1.28
2014.02.24 17:34:44.877,1.70644,1.70661,3.45,1.08
2014.02.24 17:34:45.440,1.70644,1.70661,4.28,1.00
2014.02.24 17:34:46.528,1.70645,1.70659,1.53,1.88
2014.02.24 17:34:46.630,1.70645,1.70661,1.53,1.00
2014.02.24 17:34:47.036,1.70645,1.70658,1.53,1.88
2014.02.24 17:34:47.339,1.70641,1.70656,1.58,2.63
2014.02.24 17:34:47.773,1.70644,1.7066,1.55,2.25
2014.02.24 17:34:47.975,1.70644,1.70659,1.55,2.25
2014.02.24 17:34:48.176,1.70644,1.70658,1.55,2.25
2014.02.24 17:34:48.582,1.70644,1.70658,1.10,3.34
2014.02.24 17:34:48.885,1.70635,1.70648,1.20,1.88
2014.02.24 17:34:48.986,1.70635,1.7065,1.15,1.88
2014.02.24 17:34:49.506,1.70634,1.70651,2.03,1.00
2014.02.24 17:34:49.607,1.70635,1.70651,1.58,1.00
2014.02.24 17:34:50.229,1.70634,1.70651,2.70,1.00
2014.02.24 17:34:50.537,1.70633,1.70646,1.58,1.00
2014.02.24 17:34:51.355,1.70633,1.70646,1.20,3.00
2014.02.24 17:34:51.560,1.70629,1.70646,2.70,3.00
2014.02.24 17:34:52.069,1.70629,1.70645,3.08,2.25
2014.02.24 17:34:52.170,1.70629,1.70642,1.53,2.25
2014.02.24 17:34:52.574,1.70626,1.7064,1.15,1.88
2014.02.24 17:34:53.095,1.70626,1.70639,1.15,1.88
2014.02.24 17:34:54.104,1.70624,1.70639,2.03,1.88
2014.02.24 17:34:54.485,1.70624,1.70641,1.65,3.00
2014.02.24 17:34:55.354,1.70624,1.70636,2.78,1.00
2014.02.24 17:34:55.823,1.70621,1.70636,1.95,1.88
2014.02.24 17:34:59.638,1.70624,1.70636,1.65,1.00
2014.02.24 17:34:59.739,1.70624,1.70641,3.53,1.13
2014.02.24 17:35:01.033,1.70624,1.70641,3.53,1.50
2014.02.24 17:35:01.185,1.70624,1.70636,1.18,1.00
2014.02.24 17:35:01.690,1.70624,1.70636,1.00,1.50
2014.02.24 17:35:03.928,1.70626,1.70636,1.00,1.50
2014.02.24 17:35:06.886,1.70626,1.70636,1.38,1.00
2014.02.24 17:35:06.937,1.70626,1.70641,1.38,2.03
2014.02.24 17:35:06.988,1.70629,1.70641,1.00,1.28
2014.02.24 17:35:07.690,1.70629,1.70641,1.38,1.13
2014.02.24 17:35:10.495,1.70629,1.70641,1.00,1.00
2014.02.24 17:35:12.586,1.70629,1.70641,1.00,1.38
2014.02.24 17:35:12.738,1.70626,1.70636,1.00,1.50
2014.02.24 17:35:13.502,1.70622,1.70636,3.38,1.50
2014.02.24 17:35:19.876,1.70624,1.70636,1.38,1.00
2014.02.24 17:35:20.435,1.70624,1.70636,3.00,1.50
2014.02.24 17:35:23.121,1.70627,1.70636,1.00,1.50
2014.02.24 17:35:23.927,1.70627,1.70641,1.75,1.18
2014.02.24 17:35:23.978,1.7063,1.70641,2.25,1.08
2014.02.24 17:35:24.079,1.70634,1.70642,3.00,1.58
2014.02.24 17:35:24.181,1.70635,1.70647,2.25,1.15
2014.02.24 17:35:24.282,1.70636,1.70647,2.63,1.00
2014.02.24 17:35:24.383,1.70639,1.70651,1.00,1.00
2014.02.24 17:35:25.064,1.70637,1.70651,2.63,1.50
2014.02.24 17:35:25.216,1.70635,1.70647,1.55,1.00
2014.02.24 17:35:25.728,1.70633,1.70647,1.48,1.00
2014.02.24 17:35:25.879,1.70632,1.70641,2.03,1.00
2014.02.24 17:35:26.384,1.7063,1.7064,1.13,1.00
2014.02.24 17:35:27.067,1.70629,1.7064,1.38,1.00
2014.02.24 17:35:27.269,1.70629,1.7064,1.88,1.00
2014.02.24 17:35:27.478,1.70629,1.7064,1.13,1.38
2014.02.24 17:35:27.882,1.70626,1.70637,1.00,1.38
2014.02.24 17:35:27.983,1.70624,1.70635,1.10,1.38
2014.02.24 17:35:28.437,1.70624,1.70635,1.13,1.10
2014.02.24 17:35:28.589,1.70627,1.70636,1.00,1.00
2014.02.24 17:35:29.354,1.70627,1.7064,1.13,1.38
2014.02.24 17:35:29.456,1.70627,1.7064,1.13,1.00
2014.02.24 17:35:30.322,1.70627,1.70637,1.00,1.00
2014.02.24 17:35:30.631,1.70624,1.70635,2.25,1.00
2014.02.24 17:35:30.884,1.70628,1.70641,1.00,1.38
2014.02.24 17:35:31.385,1.70628,1.70641,1.38,1.00
2014.02.24 17:35:31.515,1.70626,1.70639,3.00,1.00
2014.02.24 17:35:38.415,1.70626,1.70639,1.88,1.13
2014.02.24 17:35:38.466,1.70624,1.70637,3.00,1.38
2014.02.24 17:35:39.009,1.70624,1.70637,1.13,1.13
2014.02.24 17:35:40.197,1.70624,1.70637,3.00,1.38
2014.02.24 17:35:40.483,1.70626,1.70641,2.63,1.65
2014.02.24 17:35:41.016,1.70627,1.70641,1.88,1.88
2014.02.24 17:35:41.117,1.70626,1.70641,1.00,3.00
2014.02.24 17:35:41.445,1.70626,1.70631,1.00,1.00
2014.02.24 17:35:41.652,1.70626,1.70635,1.00,1.65
2014.02.24 17:35:41.753,1.7062,1.70635,1.38,1.28
2014.02.24 17:35:41.955,1.70622,1.70636,1.00,1.10
2014.02.24 17:35:46.894,1.70622,1.70631,1.00,1.00
2014.02.24 17:35:47.197,1.70616,1.70631,1.95,1.88
2014.02.24 17:35:47.399,1.70614,1.70628,1.38,1.38
2014.02.24 17:35:47.450,1.70614,1.70625,1.38,1.00
2014.02.24 17:35:47.703,1.70614,1.70625,1.00,1.00
2014.02.24 17:35:48.060,1.70619,1.70625,1.00,1.00
2014.02.24 17:35:58.346,1.70619,1.70634,1.50,1.65
2014.02.24 17:35:58.448,1.70619,1.70629,1.38,1.00
2014.02.24 17:35:59.450,1.70619,1.70629,1.00,1.00
2014.02.24 17:35:59.551,1.7062,1.70629,2.25,1.00
2014.02.24 17:35:59.656,1.70621,1.70634,2.25,1.38
2014.02.24 17:35:59.757,1.70628,1.70634,2.25,1.00
2014.02.24 17:35:59.908,1.70629,1.70637,1.13,1.00
2014.02.24 17:36:00.111,1.70629,1.7064,1.00,1.00
2014.02.24 17:36:00.313,1.70625,1.7064,3.15,1.00
2014.02.24 17:36:00.364,1.70625,1.7064,3.15,1.38
2014.02.24 17:36:02.014,1.70626,1.7064,2.25,1.00
2014.02.24 17:36:02.065,1.70629,1.7064,1.00,1.00
2014.02.24 17:36:02.578,1.70629,1.7064,1.38,1.00
2014.02.24 17:36:04.392,1.70629,1.70643,1.38,1.38
2014.02.24 17:36:04.545,1.70631,1.70646,1.88,2.03
2014.02.24 17:36:04.647,1.70633,1.70644,1.13,1.38
2014.02.24 17:36:04.750,1.7063,1.70644,1.20,1.13
2014.02.24 17:36:05.264,1.7063,1.70645,1.55,1.05
2014.02.24 17:36:05.675,1.7063,1.70645,1.55,1.30
2014.02.24 17:36:05.937,1.70629,1.70643,3.15,1.00
2014.02.24 17:36:06.478,1.70634,1.70645,1.00,1.00
2014.02.24 17:36:06.832,1.70633,1.70648,1.58,1.00
2014.02.24 17:36:06.933,1.70633,1.70648,1.65,1.00
2014.02.24 17:36:07.146,1.70633,1.70648,1.58,1.00
2014.02.24 17:36:07.348,1.70633,1.70648,1.65,1.00
2014.02.24 17:36:09.740,1.70634,1.70648,2.40,1.00
2014.02.24 17:36:10.094,1.70633,1.70641,2.78,1.00
2014.02.24 17:36:10.246,1.70633,1.70641,1.00,1.00
2014.02.24 17:36:10.398,1.70633,1.70648,1.00,1.95
2014.02.24 17:36:10.449,1.70633,1.70648,1.13,1.10
2014.02.24 17:36:10.550,1.70637,1.70651,1.00,1.50
2014.02.24 17:36:10.854,1.70634,1.70641,1.00,1.00
2014.02.24 17:36:11.106,1.70632,1.70641,1.00,1.00
2014.02.24 17:36:13.851,1.70632,1.70643,1.00,1.00
2014.02.24 17:36:13.952,1.70631,1.70643,1.38,1.00
2014.02.24 17:36:14.053,1.70631,1.70646,3.45,1.38
2014.02.24 17:36:14.104,1.70632,1.70643,1.95,1.00
2014.02.24 17:36:14.307,1.70631,1.70641,1.00,1.00
2014.02.24 17:36:14.358,1.70631,1.70645,1.10,1.00
2014.02.24 17:36:14.509,1.70632,1.70646,2.25,1.00
2014.02.24 17:36:14.813,1.70638,1.70651,1.00,1.00
2014.02.24 17:36:17.065,1.70638,1.70651,1.00,1.38
2014.02.24 17:36:17.369,1.70635,1.70644,1.00,1.13
2014.02.24 17:36:17.470,1.70635,1.7065,1.13,1.65
2014.02.24 17:36:17.521,1.70635,1.7065,1.38,1.28
2014.02.24 17:36:17.824,1.70633,1.70641,1.00,1.00
2014.02.24 17:36:17.874,1.70629,1.70641,2.03,1.00
2014.02.24 17:36:18.034,1.70628,1.70642,2.78,1.13
2014.02.24 17:36:18.085,1.70627,1.70637,1.18,1.38
2014.02.24 17:36:18.186,1.70627,1.70641,1.00,2.33
2014.02.24 17:36:18.337,1.70627,1.70632,1.00,1.00
2014.02.24 17:36:18.439,1.70627,1.70636,1.00,1.00
2014.02.24 17:36:18.540,1.70627,1.70631,1.00,1.00
2014.02.24 17:36:18.742,1.70624,1.70631,1.00,1.00
2014.02.24 17:36:23.477,1.70622,1.70631,1.58,1.13
2014.02.24 17:36:23.528,1.70622,1.70626,1.58,1.00
2014.02.24 17:36:23.731,1.70613,1.70626,1.38,1.38
2014.02.24 17:36:24.312,1.70612,1.70624,2.33,1.00
2014.02.24 17:36:28.015,1.70614,1.70626,1.38,1.00
2014.02.24 17:36:28.236,1.70613,1.70621,1.88,1.00
2014.02.24 17:36:29.085,1.70614,1.70621,1.00,1.00
2014.02.24 17:36:29.337,1.70618,1.70626,1.00,1.13
2014.02.24 17:36:29.539,1.70615,1.70626,1.13,1.00
2014.02.24 17:36:30.101,1.70616,1.70626,1.95,1.00
2014.02.24 17:36:31.183,1.70616,1.7063,1.95,1.38
2014.02.24 17:36:31.335,1.70622,1.70635,1.88,1.28
2014.02.24 17:36:31.385,1.70622,1.70636,1.88,2.78
2014.02.24 17:36:31.537,1.70621,1.70636,1.00,2.03
2014.02.24 17:36:32.049,1.70623,1.70636,1.00,1.38
2014.02.24 17:36:33.194,1.70621,1.70636,1.10,1.88
2014.02.24 17:36:33.627,1.70624,1.70636,1.00,1.50
2014.02.24 17:36:33.936,1.70627,1.70636,1.00,1.13
2014.02.24 17:36:35.256,1.70627,1.70631,1.00,1.00
2014.02.24 17:36:35.585,1.70627,1.70636,1.00,1.13
2014.02.24 17:36:37.084,1.70627,1.70636,1.00,1.38
2014.02.24 17:36:37.135,1.70623,1.70631,1.00,1.00
2014.02.24 17:36:37.236,1.7062,1.70631,1.10,1.50
2014.02.24 17:36:37.338,1.70617,1.70631,2.70,1.50
2014.02.24 17:36:38.565,1.70617,1.70631,3.00,1.13
2014.02.24 17:36:39.382,1.70617,1.70631,2.63,1.38
2014.02.24 17:36:39.686,1.70614,1.70626,1.00,1.00
2014.02.24 17:36:40.204,1.70612,1.70626,1.50,1.00
2014.02.24 17:36:40.707,1.70612,1.70626,1.13,1.13
2014.02.24 17:36:42.531,1.70612,1.70624,1.00,2.25
2014.02.24 17:36:42.942,1.70614,1.70621,1.00,1.20
2014.02.24 17:36:44.449,1.70614,1.70621,1.00,1.38
2014.02.24 17:36:44.778,1.70611,1.70616,1.00,1.38
2014.02.24 17:36:45.489,1.70607,1.70616,1.00,1.38
2014.02.24 17:36:45.640,1.70607,1.70621,1.00,1.85
2014.02.24 17:36:46.200,1.70607,1.70621,1.13,1.20
2014.02.24 17:36:46.302,1.70611,1.70621,2.25,1.20
2014.02.24 17:36:46.605,1.70617,1.70625,1.00,1.00
2014.02.24 17:36:47.719,1.70617,1.70632,1.00,2.70
2014.02.24 17:36:47.770,1.70617,1.70632,1.00,2.70
2014.02.24 17:36:47.972,1.70624,1.70633,1.00,1.28
2014.02.24 17:36:48.175,1.70626,1.70638,1.00,1.58
2014.02.24 17:36:48.580,1.70619,1.7063,1.15,1.00
2014.02.24 17:36:48.682,1.70626,1.70631,1.00,1.00
2014.02.24 17:36:48.733,1.70619,1.70631,1.15,1.38
2014.02.24 17:36:48.833,1.70617,1.70631,1.00,1.38
2014.02.24 17:36:49.137,1.70621,1.70631,1.00,1.48
2014.02.24 17:36:49.188,1.70621,1.70631,1.00,1.48
2014.02.24 17:36:49.239,1.70624,1.70631,1.00,1.48
2014.02.24 17:36:49.938,1.70624,1.70631,1.00,1.13
2014.02.24 17:36:50.256,1.70619,1.70631,1.88,1.38
2014.02.24 17:36:50.357,1.70624,1.70631,1.00,1.13
2014.02.24 17:36:52.697,1.70626,1.70631,1.00,1.00
2014.02.24 17:36:57.939,1.70619,1.70629,1.65,1.00
2014.02.24 17:37:03.113,1.70626,1.70631,1.00,1.00
2014.02.24 17:37:03.794,1.70622,1.70631,1.18,1.00
2014.02.24 17:37:03.895,1.70625,1.70631,1.00,1.13
2014.02.24 17:37:09.588,1.70625,1.70639,1.00,2.78
2014.02.24 17:37:09.639,1.70625,1.70639,1.00,2.40
2014.02.24 17:37:09.791,1.70625,1.7064,3.00,1.15
2014.02.24 17:37:09.892,1.70631,1.70641,1.00,1.13
2014.02.24 17:37:10.044,1.70628,1.70641,1.13,1.00
2014.02.24 17:37:12.115,1.70623,1.70631,1.53,1.00
2014.02.24 17:37:12.167,1.70625,1.70631,1.00,1.00
2014.02.24 17:37:12.276,1.70622,1.70631,1.38,1.00
2014.02.24 17:37:12.833,1.70622,1.70631,1.00,1.00
2014.02.24 17:37:12.934,1.70626,1.70631,1.00,1.38
2014.02.24 17:37:13.442,1.70626,1.70631,1.00,1.00
2014.02.24 17:37:19.642,1.70626,1.70631,1.00,1.38
2014.02.24 17:37:19.743,1.70621,1.70631,1.00,1.38
2014.02.24 17:37:22.371,1.70621,1.70631,1.00,1.38
2014.02.24 17:37:22.725,1.70618,1.70631,1.55,1.13
2014.02.24 17:37:22.927,1.70618,1.70631,1.55,1.38
2014.02.24 17:37:23.028,1.70619,1.70633,1.48,1.00
2014.02.24 17:37:23.079,1.70621,1.70635,1.00,1.10
2014.02.24 17:37:23.401,1.70624,1.70638,1.50,1.08
2014.02.24 17:37:23.453,1.70624,1.70638,1.50,1.00
2014.02.24 17:37:23.504,1.70627,1.70638,1.00,1.00
2014.02.24 17:37:26.582,1.70627,1.70641,1.38,1.55
2014.02.24 17:37:28.659,1.70627,1.70636,1.48,1.00
2014.02.24 17:37:28.861,1.70627,1.70641,1.00,3.08
2014.02.24 17:37:29.182,1.70627,1.70641,1.00,1.48
2014.02.24 17:37:29.614,1.7063,1.70641,1.00,1.48
2014.02.24 17:37:31.750,1.70627,1.70631,1.00,1.00
2014.02.24 17:37:31.854,1.70626,1.70631,1.00,1.50
2014.02.24 17:37:31.955,1.7062,1.70634,1.95,1.38
2014.02.24 17:37:32.056,1.7062,1.70634,1.88,1.93
2014.02.24 17:37:32.360,1.70617,1.70631,1.00,1.58
2014.02.24 17:37:32.863,1.70617,1.70626,1.00,1.38
2014.02.24 17:37:35.921,1.70619,1.70626,1.13,1.00
2014.02.24 17:37:36.176,1.7062,1.70634,1.00,1.53
2014.02.24 17:37:36.277,1.70619,1.70631,2.63,1.10
2014.02.24 17:37:36.328,1.70621,1.70631,1.88,1.10
2014.02.24 17:37:36.429,1.7062,1.70634,2.25,1.45
2014.02.24 17:37:36.480,1.70624,1.70636,1.00,1.45
2014.02.24 17:37:36.582,1.70621,1.70636,1.00,1.88
2014.02.24 17:37:37.466,1.70621,1.70636,1.10,1.88
2014.02.24 17:37:37.668,1.70621,1.70636,1.00,1.88
2014.02.24 17:37:37.978,1.70616,1.70626,1.00,1.00
2014.02.24 17:37:39.672,1.70616,1.70626,1.00,1.38
2014.02.24 17:37:39.979,1.70619,1.70626,1.00,1.38
2014.02.24 17:37:40.030,1.70614,1.70621,1.00,1.00
2014.02.24 17:37:40.991,1.70614,1.70626,1.00,1.53
2014.02.24 17:37:41.245,1.70614,1.70621,1.00,1.00
2014.02.24 17:37:46.811,1.70611,1.70617,1.88,1.00
2014.02.24 17:37:47.263,1.70612,1.70617,1.00,1.00
2014.02.24 17:37:55.303,1.70612,1.70621,1.00,1.00
2014.02.24 17:37:55.505,1.70615,1.70621,1.88,1.00
2014.02.24 17:37:56.078,1.70616,1.70621,1.88,1.00
2014.02.24 17:37:59.253,1.70615,1.70621,1.00,1.00
2014.02.24 17:38:03.117,1.70615,1.70626,2.63,1.38
2014.02.24 17:38:03.219,1.70617,1.70626,1.88,1.00
2014.02.24 17:38:03.674,1.7062,1.70626,1.00,1.00
2014.02.24 17:38:03.876,1.7062,1.70631,1.00,1.00
2014.02.24 17:38:04.028,1.70625,1.70632,1.88,1.00
2014.02.24 17:38:04.180,1.70627,1.70636,1.88,1.00
2014.02.24 17:38:04.785,1.70629,1.70636,1.88,1.00
2014.02.24 17:38:05.338,1.70628,1.70636,1.88,1.00
2014.02.24 17:38:05.943,1.70627,1.70636,1.88,1.00
2014.02.24 17:38:06.647,1.70628,1.70636,1.88,1.00
2014.02.24 17:38:09.477,1.70627,1.70636,1.88,1.00
2014.02.24 17:38:10.091,1.70628,1.70636,1.88,1.00
2014.02.24 17:38:12.315,1.70627,1.70636,1.88,1.00
2014.02.24 17:38:15.044,1.70626,1.70636,1.10,1.00
2014.02.24 17:38:17.573,1.70628,1.70636,1.88,1.00
2014.02.24 17:38:18.202,1.70627,1.70636,1.88,1.00
2014.02.24 17:38:19.113,1.70627,1.70636,2.25,1.00
2014.02.24 17:38:19.163,1.70628,1.70641,2.63,1.88
2014.02.24 17:38:19.365,1.70628,1.70641,2.25,1.88
2014.02.24 17:38:19.668,1.70628,1.70636,1.88,1.00
2014.02.24 17:38:20.174,1.70627,1.70636,1.88,1.00
2014.02.24 17:38:20.719,1.70629,1.70641,1.88,1.38
2014.02.24 17:38:20.820,1.70631,1.70646,1.13,2.03
2014.02.24 17:38:20.921,1.70633,1.70646,1.00,1.38
2014.02.24 17:38:21.224,1.70633,1.70646,1.00,1.38
2014.02.24 17:38:21.853,1.70635,1.70646,1.88,1.38
2014.02.24 17:38:22.539,1.70636,1.70646,1.88,1.13
2014.02.24 17:38:22.845,1.70634,1.70646,1.88,1.38
2014.02.24 17:38:23.489,1.70634,1.70646,1.88,1.38
2014.02.24 17:38:24.554,1.70637,1.70646,1.00,1.38
2014.02.24 17:38:25.842,1.70637,1.70646,1.00,1.38
2014.02.24 17:38:27.701,1.70637,1.70646,1.00,1.38
2014.02.24 17:38:28.624,1.70637,1.70646,1.00,1.38
2014.02.24 17:38:30.733,1.70634,1.70646,1.00,1.38
2014.02.24 17:38:32.108,1.70634,1.70646,1.00,1.13
2014.02.24 17:38:33.344,1.70632,1.70641,1.10,1.00
2014.02.24 17:38:33.666,1.70632,1.70641,1.48,1.00
2014.02.24 17:38:34.337,1.70635,1.70641,1.00,1.00
2014.02.24 17:38:38.991,1.70633,1.70641,2.25,1.00
2014.02.24 17:38:39.294,1.70642,1.7065,1.75,1.18
2014.02.24 17:38:39.396,1.70646,1.70655,1.13,1.15
2014.02.24 17:38:39.447,1.70653,1.70659,1.88,1.58
2014.02.24 17:38:39.498,1.70654,1.7066,1.88,1.00
2014.02.24 17:38:39.550,1.70649,1.70662,1.10,1.00
2014.02.24 17:38:39.915,1.70649,1.70662,1.65,1.00
2014.02.24 17:38:40.218,1.70651,1.70662,1.90,1.00
2014.02.24 17:38:40.320,1.70651,1.70665,1.90,1.00
2014.02.24 17:38:40.831,1.70651,1.70665,2.78,1.00
2014.02.24 17:38:40.882,1.7065,1.70662,1.65,1.88
2014.02.24 17:38:41.084,1.70646,1.70658,1.18,2.25
2014.02.24 17:38:41.135,1.70646,1.70658,1.10,2.33
2014.02.24 17:38:41.185,1.70644,1.70659,1.00,3.53
2014.02.24 17:38:42.037,1.70644,1.70658,1.00,2.40
2014.02.24 17:38:42.543,1.70644,1.70658,1.00,2.78
2014.02.24 17:38:43.456,1.70644,1.70659,1.00,3.53
2014.02.24 17:38:43.507,1.70641,1.70655,1.88,1.50
2014.02.24 17:38:44.129,1.7064,1.70655,2.63,1.50
2014.02.24 17:38:45.718,1.70642,1.70655,1.88,1.50
2014.02.24 17:38:46.123,1.7064,1.70655,2.63,1.50
2014.02.24 17:38:46.938,1.70641,1.70655,1.88,1.50
2014.02.24 17:38:47.263,1.70649,1.70655,1.88,1.00
2014.02.24 17:38:47.314,1.7065,1.70655,1.88,1.00
2014.02.24 17:38:47.466,1.7065,1.70664,1.88,1.20
2014.02.24 17:38:47.567,1.70651,1.70666,1.00,3.08
2014.02.24 17:38:47.721,1.70649,1.70663,1.88,1.28
2014.02.24 17:38:48.092,1.70652,1.70666,1.00,1.95
2014.02.24 17:38:48.396,1.70655,1.70666,1.00,1.38
2014.02.24 17:38:48.547,1.70653,1.70666,1.00,1.53
2014.02.24 17:38:52.267,1.70651,1.70664,1.88,1.28
2014.02.24 17:38:52.419,1.70651,1.70661,1.88,1.00
2014.02.24 17:38:53.002,1.70648,1.70661,1.88,1.00
2014.02.24 17:38:53.522,1.70646,1.70661,1.58,1.50
2014.02.24 17:38:53.624,1.70649,1.70661,1.00,1.00
2014.02.24 17:38:53.935,1.70652,1.70661,1.00,1.00
2014.02.24 17:38:57.998,1.70649,1.70661,1.00,1.00
2014.02.24 17:38:58.310,1.70651,1.70661,1.88,1.00
2014.02.24 17:38:58.920,1.7065,1.70662,2.25,1.00
2014.02.24 17:38:59.478,1.70648,1.70661,1.18,1.00
2014.02.24 17:39:00.425,1.70649,1.70662,1.00,1.00
2014.02.24 17:39:00.728,1.70647,1.70656,1.13,1.00
2014.02.24 17:39:00.965,1.70647,1.70661,1.13,1.00
2014.02.24 17:39:03.631,1.70647,1.70656,3.00,1.00
2014.02.24 17:39:03.934,1.70647,1.7066,1.00,1.00
2014.02.24 17:39:04.056,1.7065,1.70661,1.00,1.00
2014.02.24 17:39:04.977,1.70647,1.70661,1.13,1.00
2014.02.24 17:39:05.079,1.70646,1.70659,2.70,1.00
2014.02.24 17:39:05.381,1.70641,1.70651,3.08,1.00
2014.02.24 17:39:05.583,1.70638,1.70651,1.48,1.00
2014.02.24 17:39:06.367,1.70636,1.70651,1.75,1.95
2014.02.24 17:39:06.504,1.70636,1.70651,1.00,1.95
2014.02.24 17:39:07.190,1.70636,1.70651,1.00,1.95
2014.02.24 17:39:07.241,1.70636,1.70646,1.00,1.00
2014.02.24 17:39:07.392,1.70633,1.70646,1.10,1.50
2014.02.24 17:39:07.443,1.70633,1.70646,1.00,1.38
2014.02.24 17:39:07.595,1.7063,1.70645,2.63,1.85
2014.02.24 17:39:08.313,1.70629,1.70642,3.00,1.00
2014.02.24 17:39:08.476,1.7063,1.70645,3.45,1.13
2014.02.24 17:39:09.052,1.70631,1.70645,2.25,1.00
2014.02.24 17:39:09.607,1.70632,1.70645,1.00,1.00
2014.02.24 17:39:09.709,1.70637,1.70645,1.00,1.00
2014.02.24 17:39:10.017,1.70638,1.70648,1.00,1.00
2014.02.24 17:39:11.653,1.70638,1.70651,1.00,2.25
2014.02.24 17:39:11.754,1.70641,1.70651,1.00,2.25
2014.02.24 17:39:12.191,1.70641,1.70646,1.00,1.00
2014.02.24 17:39:12.736,1.7064,1.70646,1.00,1.00
2014.02.24 17:39:15.431,1.70641,1.70646,1.00,1.00
2014.02.24 17:39:15.797,1.70643,1.70653,1.00,1.75
2014.02.24 17:39:26.839,1.70643,1.70652,1.00,1.38
2014.02.24 17:39:26.940,1.70641,1.7065,1.00,1.38
2014.02.24 17:39:31.363,1.70641,1.70651,1.00,1.38
2014.02.24 17:39:31.414,1.70641,1.70651,1.00,1.13
2014.02.24 17:39:32.067,1.70641,1.70651,1.00,1.38
2014.02.24 17:39:32.643,1.70641,1.70646,1.00,1.00
2014.02.24 17:39:35.844,1.70641,1.70651,1.00,1.48
2014.02.24 17:39:36.349,1.70641,1.70651,1.00,1.00
2014.02.24 17:39:36.400,1.70643,1.70651,1.00,1.00
2014.02.24 17:39:45.385,1.70643,1.70651,1.00,1.38
2014.02.24 17:39:45.890,1.70643,1.70651,1.00,1.00
2014.02.24 17:39:50.604,1.70646,1.70651,1.00,1.00
2014.02.24 17:40:05.115,1.70647,1.70651,1.00,1.00
2014.02.24 17:40:09.727,1.70644,1.70651,1.00,1.00
2014.02.24 17:40:09.878,1.70639,1.70651,1.65,1.00
2014.02.24 17:40:10.080,1.70645,1.70651,1.00,1.00
2014.02.24 17:40:23.825,1.70648,1.70658,1.00,2.70
2014.02.24 17:40:23.927,1.70648,1.70656,1.00,1.38
2014.02.24 17:40:24.028,1.70651,1.70656,1.00,1.00
2014.02.24 17:40:25.822,1.70653,1.70663,1.00,2.25
2014.02.24 17:40:34.371,1.70653,1.70663,1.00,2.25
2014.02.24 17:40:34.624,1.70646,1.70656,1.08,2.25
2014.02.24 17:40:35.128,1.70646,1.70653,1.00,1.38
2014.02.24 17:40:35.814,1.70646,1.70658,1.00,2.78
2014.02.24 17:40:36.677,1.70644,1.70658,1.00,2.78
2014.02.24 17:40:39.371,1.70644,1.70659,1.00,3.90
2014.02.24 17:40:39.851,1.70644,1.70659,1.38,1.55
2014.02.24 17:40:39.902,1.70645,1.70659,1.50,1.55
2014.02.24 17:40:40.003,1.70648,1.70662,1.00,1.18
2014.02.24 17:40:40.104,1.70654,1.70662,1.00,1.00
2014.02.24 17:40:40.407,1.70657,1.70664,1.00,1.00
2014.02.24 17:40:42.788,1.70657,1.70664,1.00,1.38
2014.02.24 17:40:44.985,1.70657,1.70664,1.00,1.00
2014.02.24 17:40:45.187,1.70657,1.70669,1.00,2.25
2014.02.24 17:40:45.288,1.70657,1.7067,1.00,2.59
2014.02.24 17:40:45.808,1.70657,1.70671,1.00,2.59
2014.02.24 17:40:45.910,1.70657,1.70671,1.00,2.25
2014.02.24 17:40:45.960,1.70661,1.70672,1.00,2.33
2014.02.24 17:40:50.193,1.70661,1.70673,1.00,1.88
2014.02.24 17:40:50.300,1.70661,1.70674,3.38,1.00
2014.02.24 17:40:50.452,1.70669,1.70684,1.00,3.04
2014.02.24 17:40:51.807,1.70669,1.70683,1.13,1.88
2014.02.24 17:40:51.959,1.70669,1.70683,1.58,1.88
2014.02.24 17:40:52.262,1.7068,1.70688,1.00,1.88
2014.02.24 17:40:52.734,1.7068,1.70689,1.00,1.00
2014.02.24 17:40:53.245,1.7068,1.70689,1.00,2.25
2014.02.24 17:40:53.814,1.7068,1.70688,1.00,1.88
2014.02.24 17:40:54.079,1.7068,1.70687,1.00,1.13
2014.02.24 17:40:54.332,1.70672,1.7068,1.00,1.88
2014.02.24 17:40:54.883,1.70672,1.70681,1.00,1.88
2014.02.24 17:40:55.676,1.70672,1.7068,1.00,1.88
2014.02.24 17:40:58.846,1.70672,1.70678,1.00,1.88
2014.02.24 17:40:59.152,1.70672,1.70685,1.38,2.25
2014.02.24 17:40:59.253,1.70671,1.70685,1.13,1.13
2014.02.24 17:40:59.354,1.7068,1.70687,1.00,1.88
2014.02.24 17:40:59.608,1.70677,1.70687,1.10,1.00
2014.02.24 17:40:59.658,1.70677,1.70683,1.10,1.88
2014.02.24 17:40:59.760,1.70674,1.70683,1.00,1.88
2014.02.24 17:41:00.029,1.70674,1.70685,1.00,1.88
2014.02.24 17:41:00.433,1.70674,1.70684,1.88,1.88
2014.02.24 17:41:00.952,1.70674,1.70684,1.00,1.88
2014.02.24 17:41:01.258,1.70674,1.70683,1.00,1.88
2014.02.24 17:41:01.618,1.70674,1.70681,1.00,1.88
2014.02.24 17:41:02.144,1.70672,1.7068,1.48,1.88
2014.02.24 17:41:02.594,1.70672,1.7068,1.85,1.88
2014.02.24 17:41:03.187,1.70671,1.70681,1.55,1.88
2014.02.24 17:41:03.692,1.70671,1.70681,1.55,1.88
2014.02.24 17:41:04.258,1.70671,1.70682,1.55,1.88
2014.02.24 17:41:04.601,1.70671,1.70675,1.10,1.50
2014.02.24 17:41:04.702,1.70669,1.70676,1.00,1.88
2014.02.24 17:41:04.753,1.70665,1.70673,1.45,1.88
2014.02.24 17:41:04.904,1.70663,1.70673,1.38,1.88
2014.02.24 17:41:05.422,1.70664,1.70673,1.38,1.88
2014.02.24 17:41:05.978,1.70665,1.70674,1.38,1.88
2014.02.24 17:41:06.079,1.70663,1.70674,1.38,1.88
2014.02.24 17:41:06.130,1.70663,1.70674,1.75,1.88
2014.02.24 17:41:06.181,1.70664,1.70678,1.75,2.70
2014.02.24 17:41:06.332,1.70664,1.70679,2.25,1.75
2014.02.24 17:41:07.555,1.70664,1.70679,3.90,1.00
2014.02.24 17:41:07.606,1.70669,1.70684,2.63,1.15
2014.02.24 17:41:07.657,1.70669,1.70679,2.25,1.00
2014.02.24 17:41:07.808,1.7067,1.70682,1.38,1.00
2014.02.24 17:41:07.909,1.7067,1.70682,1.13,1.00
2014.02.24 17:41:08.010,1.70667,1.7068,1.55,1.88
2014.02.24 17:41:08.430,1.7067,1.7068,1.38,1.88
2014.02.24 17:41:08.481,1.7067,1.70682,1.88,1.88
2014.02.24 17:41:08.532,1.7067,1.70682,1.88,1.88
2014.02.24 17:41:09.628,1.7067,1.70685,1.88,1.28
2014.02.24 17:41:09.882,1.7067,1.70685,2.25,1.28
2014.02.24 17:41:10.185,1.70676,1.70686,1.13,1.00
2014.02.24 17:41:10.236,1.70678,1.70693,1.00,1.95
2014.02.24 17:41:10.337,1.70678,1.70693,1.13,1.15
2014.02.24 17:41:10.438,1.70678,1.70693,1.38,1.10
2014.02.24 17:41:10.741,1.70676,1.70689,1.48,1.88
2014.02.24 17:41:11.044,1.70679,1.7069,1.00,1.88
2014.02.24 17:41:11.548,1.70679,1.70689,1.00,1.88
2014.02.24 17:41:11.851,1.70677,1.70686,1.00,1.88
2014.02.24 17:41:12.400,1.70677,1.70685,1.00,1.88
2014.02.24 17:41:13.322,1.70679,1.70693,1.38,2.33
2014.02.24 17:41:13.423,1.70682,1.70696,1.88,3.15
2014.02.24 17:41:13.474,1.70682,1.70696,1.88,3.15
2014.02.24 17:41:13.839,1.70682,1.70694,1.50,2.25
2014.02.24 17:41:14.042,1.70678,1.70693,1.20,1.13
2014.02.24 17:41:14.092,1.70682,1.70694,1.00,2.25
2014.02.24 17:41:14.143,1.70682,1.70696,1.00,1.55
2014.02.24 17:41:14.244,1.70682,1.70696,1.00,1.38
2014.02.24 17:41:14.547,1.70685,1.70696,1.00,2.63
2014.02.24 17:41:15.036,1.70685,1.70693,1.00,1.88
2014.02.24 17:41:15.087,1.7068,1.70693,1.48,2.63
2014.02.24 17:41:15.138,1.7068,1.70692,1.10,1.88
2014.02.24 17:41:15.188,1.70684,1.70692,1.00,1.88
2014.02.24 17:41:15.810,1.70684,1.70693,1.00,1.88
2014.02.24 17:41:16.380,1.70684,1.70692,1.00,2.25
2014.02.24 17:41:17.789,1.70684,1.70692,1.00,3.00
2014.02.24 17:41:17.941,1.7068,1.7069,1.10,1.88
2014.02.24 17:41:17.992,1.7068,1.70685,1.10,1.88
2014.02.24 17:41:18.043,1.70677,1.70685,1.18,1.88
2014.02.24 17:41:18.548,1.70677,1.70685,1.00,1.88
2014.02.24 17:41:19.065,1.70677,1.70686,1.00,3.00
2014.02.24 17:41:19.592,1.70677,1.70686,1.00,3.75
2014.02.24 17:41:19.693,1.70675,1.70684,1.00,1.00
2014.02.24 17:41:19.901,1.70675,1.70686,1.00,3.00
2014.02.24 17:41:21.699,1.70677,1.70687,1.00,1.95
2014.02.24 17:41:21.800,1.70677,1.70689,1.00,1.95
2014.02.24 17:41:21.951,1.70677,1.70686,1.00,1.00
2014.02.24 17:41:22.475,1.7068,1.70686,1.00,1.00
2014.02.24 17:41:24.148,1.7068,1.70691,1.13,1.10
2014.02.24 17:41:24.250,1.7068,1.70691,1.38,1.10
2014.02.24 17:41:24.352,1.70684,1.70695,1.00,1.88
2014.02.24 17:41:24.927,1.70684,1.70696,1.00,1.00
2014.02.24 17:41:25.643,1.70683,1.70696,1.13,1.50
2014.02.24 17:41:27.036,1.70685,1.70696,1.38,1.00
2014.02.24 17:41:30.070,1.70686,1.70695,1.00,1.88
2014.02.24 17:41:31.147,1.70683,1.70691,1.18,1.00
2014.02.24 17:41:31.248,1.70681,1.70691,1.20,1.00
2014.02.24 17:41:31.349,1.70684,1.70691,1.00,2.63
2014.02.24 17:41:31.821,1.70681,1.70689,1.00,1.88
2014.02.24 17:41:31.922,1.70678,1.70689,1.00,1.88
2014.02.24 17:41:32.427,1.70677,1.70689,1.00,1.00
2014.02.24 17:41:32.930,1.70678,1.70689,1.00,1.00
2014.02.24 17:41:39.028,1.70678,1.70689,1.38,1.00
2014.02.24 17:41:39.332,1.70682,1.70694,1.00,1.10
2014.02.24 17:41:39.534,1.70685,1.70696,1.00,1.53
2014.02.24 17:41:39.787,1.70685,1.70696,1.00,1.20
2014.02.24 17:41:45.062,1.70685,1.70696,1.00,1.38
2014.02.24 17:41:45.214,1.70682,1.70694,1.00,1.48
2014.02.24 17:41:45.467,1.70685,1.70695,1.00,1.28
2014.02.24 17:41:51.748,1.70685,1.70696,1.00,3.00
2014.02.24 17:41:51.951,1.70689,1.70696,1.00,1.38
2014.02.24 17:41:52.307,1.70689,1.70701,1.88,1.38
2014.02.24 17:41:52.358,1.70692,1.70701,1.00,1.38
2014.02.24 17:41:52.610,1.70695,1.70706,1.00,3.15
2014.02.24 17:41:53.115,1.70695,1.70706,1.50,1.38
2014.02.24 17:41:53.166,1.70695,1.70706,1.88,1.38
2014.02.24 17:41:54.162,1.70695,1.70706,1.50,1.38
2014.02.24 17:41:54.674,1.70695,1.70706,1.00,3.00
2014.02.24 17:41:55.507,1.70695,1.70706,1.00,2.63
2014.02.24 17:41:56.170,1.70695,1.70705,1.00,2.25
2014.02.24 17:41:56.950,1.70695,1.70706,1.00,3.15
2014.02.24 17:41:57.487,1.70695,1.70706,1.00,3.15
2014.02.24 17:42:00.570,1.70695,1.70705,1.00,2.25
2014.02.24 17:42:00.873,1.70695,1.70705,1.00,2.25
2014.02.24 17:42:01.125,1.70695,1.70706,1.00,3.00
2014.02.24 17:42:04.158,1.70695,1.70706,3.00,1.38
2014.02.24 17:42:04.208,1.70695,1.70706,3.38,1.13
2014.02.24 17:42:04.259,1.70697,1.70706,1.13,1.13
2014.02.24 17:42:04.462,1.707,1.70706,1.88,1.00
2014.02.24 17:42:04.563,1.707,1.70714,1.13,2.40
2014.02.24 17:42:04.664,1.707,1.70711,1.13,1.38
2014.02.24 17:42:04.765,1.70703,1.70716,1.00,1.20
2014.02.24 17:42:04.816,1.70703,1.70716,1.50,1.20
2014.02.24 17:42:05.153,1.70703,1.70714,1.38,1.88
2014.02.24 17:42:05.458,1.70705,1.70716,1.38,3.00
2014.02.24 17:42:05.672,1.707,1.70715,2.40,1.00
2014.02.24 17:42:05.723,1.707,1.70715,2.03,1.38
2014.02.24 17:42:06.025,1.707,1.70708,1.75,1.88
2014.02.24 17:42:06.076,1.707,1.70714,1.75,2.33
2014.02.24 17:42:06.178,1.70703,1.70715,1.38,2.40
2014.02.24 17:42:06.693,1.70703,1.70711,1.00,1.38
2014.02.24 17:42:09.480,1.70703,1.70709,1.00,1.38
2014.02.24 17:42:09.531,1.70699,1.70708,1.00,1.00
2014.02.24 17:42:09.784,1.70696,1.70706,1.00,3.00
2014.02.24 17:42:13.563,1.70696,1.70706,1.00,1.13
2014.02.24 17:42:18.206,1.70699,1.70711,1.00,2.03
2014.02.24 17:42:18.308,1.70699,1.70711,1.38,1.15
2014.02.24 17:42:18.409,1.70699,1.70714,1.95,1.38
2014.02.24 17:42:18.560,1.70704,1.70715,1.00,2.25
2014.02.24 17:42:19.382,1.70704,1.70716,1.13,1.48
2014.02.24 17:42:20.041,1.70704,1.70715,1.00,2.25
2014.02.24 17:42:20.846,1.70704,1.70711,1.00,1.38
2014.02.24 17:42:26.558,1.70704,1.70711,1.00,1.13
2014.02.24 17:42:26.710,1.70701,1.70709,1.10,1.88
2014.02.24 17:42:26.761,1.70701,1.70709,1.00,2.25
2014.02.24 17:42:27.652,1.70701,1.70709,1.00,2.63
2014.02.24 17:42:28.757,1.70701,1.70708,1.00,1.00
2014.02.24 17:42:33.770,1.70701,1.7071,1.00,3.00
2014.02.24 17:42:34.380,1.70701,1.70706,1.00,1.00
2014.02.24 17:42:35.742,1.70704,1.70711,1.00,1.38
2014.02.24 17:42:36.196,1.70704,1.70711,1.48,1.00
2014.02.24 17:42:36.298,1.70707,1.70716,1.13,1.00
2014.02.24 17:42:36.399,1.7071,1.70716,1.00,1.00
2014.02.24 17:42:36.500,1.7071,1.70725,1.48,2.33
2014.02.24 17:42:36.551,1.7071,1.70725,1.93,1.88
2014.02.24 17:42:36.601,1.70717,1.70725,1.00,1.00
2014.02.24 17:42:36.854,1.70722,1.70731,1.00,1.13
2014.02.24 17:42:36.955,1.70725,1.70736,1.00,2.33
2014.02.24 17:42:37.006,1.70725,1.70736,1.00,2.33
2014.02.24 17:42:37.057,1.70722,1.70737,1.00,3.53
2014.02.24 17:42:37.158,1.70727,1.70738,1.00,3.08
2014.02.24 17:42:37.209,1.70727,1.70738,1.00,3.00
2014.02.24 17:42:37.361,1.70721,1.70734,1.13,1.00
2014.02.24 17:42:37.462,1.70721,1.70732,1.00,1.38
2014.02.24 17:42:37.665,1.70717,1.70732,1.38,3.00
2014.02.24 17:42:38.922,1.70716,1.70731,1.50,1.20
2014.02.24 17:42:39.481,1.70716,1.70731,1.18,1.38
2014.02.24 17:42:39.583,1.70716,1.70731,1.58,1.00
2014.02.24 17:42:39.912,1.70716,1.70731,1.53,1.38
2014.02.24 17:42:40.938,1.70716,1.70731,1.53,1.38
2014.02.24 17:42:41.140,1.70719,1.70733,1.48,2.25
2014.02.24 17:42:41.242,1.70722,1.70735,1.00,2.25
2014.02.24 17:42:45.174,1.70719,1.70732,1.48,1.00
2014.02.24 17:42:45.684,1.70719,1.70732,1.65,1.00
2014.02.24 17:42:46.229,1.70721,1.70733,1.10,1.88
2014.02.24 17:42:46.820,1.70719,1.70732,1.15,1.00
2014.02.24 17:42:47.996,1.70719,1.70732,1.00,1.00
2014.02.24 17:42:48.428,1.70719,1.70732,1.38,1.00
2014.02.24 17:42:49.239,1.70719,1.70732,1.00,1.00
2014.02.24 17:42:49.492,1.70719,1.7073,1.00,1.88
2014.02.24 17:42:49.796,1.70719,1.70733,1.13,1.10
2014.02.24 17:42:49.897,1.70719,1.70733,1.50,1.10
2014.02.24 17:42:50.200,1.70719,1.7073,1.15,1.00
2014.02.24 17:42:50.453,1.7072,1.70735,1.55,1.38
2014.02.24 17:42:50.998,1.7072,1.70735,1.65,1.00
2014.02.24 17:42:51.959,1.7072,1.70735,1.55,1.38
2014.02.24 17:42:52.484,1.7072,1.70735,1.55,1.38
2014.02.24 17:42:53.242,1.7072,1.70735,1.65,1.00
2014.02.24 17:42:55.055,1.70719,1.70731,1.90,1.00
2014.02.24 17:42:55.105,1.7072,1.70731,1.18,1.00
2014.02.24 17:42:57.845,1.70719,1.70731,1.53,1.00
2014.02.24 17:42:58.366,1.70721,1.70734,1.48,2.25
2014.02.24 17:42:58.708,1.70719,1.70732,1.53,1.13
2014.02.24 17:42:59.365,1.70719,1.70732,1.28,1.13
2014.02.24 17:42:59.567,1.70719,1.70732,1.20,1.00
2014.02.24 17:42:59.870,1.70719,1.70732,1.95,1.00
2014.02.24 17:43:00.454,1.70721,1.70733,1.50,1.88
2014.02.24 17:43:01.328,1.70719,1.7073,1.95,1.88
2014.02.24 17:43:02.059,1.70717,1.7073,1.48,1.13
2014.02.24 17:43:02.413,1.7072,1.70733,1.48,1.88
2014.02.24 17:43:02.463,1.7072,1.70735,1.48,1.13
2014.02.24 17:43:03.010,1.70723,1.70734,1.88,1.88
2014.02.24 17:43:07.336,1.70723,1.70736,2.03,1.50
2014.02.24 17:43:07.437,1.70723,1.70736,2.03,1.00
2014.02.24 17:43:07.955,1.70725,1.70736,1.55,1.00
2014.02.24 17:43:08.006,1.70725,1.70739,1.55,2.25
2014.02.24 17:43:09.709,1.70727,1.7074,1.38,3.00
2014.02.24 17:43:10.094,1.70727,1.7074,1.38,3.00
2014.02.24 17:43:14.013,1.70732,1.70741,1.13,3.00
2014.02.24 17:43:15.029,1.70724,1.70733,1.28,1.00
2014.02.24 17:43:15.080,1.70727,1.70731,1.13,1.00
2014.02.24 17:43:15.233,1.70728,1.70734,1.38,1.88
2014.02.24 17:43:15.435,1.70728,1.70737,1.38,1.88
2014.02.24 17:43:16.260,1.70724,1.70737,1.75,1.13
2014.02.24 17:43:16.512,1.70729,1.70741,1.88,2.25
2014.02.24 17:43:16.563,1.70729,1.70743,1.88,1.10
2014.02.24 17:43:16.867,1.70734,1.70745,1.00,2.25
2014.02.24 17:43:19.637,1.70734,1.70744,1.00,3.00
2014.02.24 17:43:19.890,1.70731,1.7074,1.00,2.25
2014.02.24 17:43:19.941,1.70727,1.7074,1.00,2.25
2014.02.24 17:43:19.992,1.70727,1.7074,1.00,2.63
2014.02.24 17:43:20.517,1.70727,1.70739,1.00,2.33
2014.02.24 17:43:20.873,1.70727,1.7074,1.00,2.63
2014.02.24 17:43:21.409,1.70727,1.70736,1.00,1.13
2014.02.24 17:43:22.390,1.70727,1.70731,1.00,1.00
2014.02.24 17:43:22.940,1.70725,1.70731,1.38,1.00
2014.02.24 17:43:23.244,1.70719,1.70726,1.38,1.00
2014.02.24 17:43:23.656,1.70725,1.70736,1.00,1.53
2014.02.24 17:43:23.859,1.70725,1.70731,1.00,1.00
2014.02.24 17:43:24.061,1.70725,1.70738,1.13,2.40
2014.02.24 17:43:24.162,1.70725,1.70739,1.13,1.15
2014.02.24 17:43:24.314,1.70725,1.70739,1.13,1.18
2014.02.24 17:43:24.718,1.70725,1.70731,1.13,1.00
2014.02.24 17:43:24.770,1.70722,1.70731,1.00,2.63
2014.02.24 17:43:24.871,1.70722,1.70736,1.00,1.55
2014.02.24 17:43:25.023,1.70725,1.70736,1.00,1.55
2014.02.24 17:43:25.326,1.7073,1.70739,1.00,1.13
2014.02.24 17:43:25.377,1.7073,1.7074,1.00,2.63
2014.02.24 17:43:25.935,1.7073,1.70741,1.00,1.13
2014.02.24 17:43:26.040,1.70733,1.70741,1.00,1.00
2014.02.24 17:43:29.776,1.70733,1.70746,1.00,2.33
2014.02.24 17:43:29.877,1.70733,1.70746,1.00,1.58
2014.02.24 17:43:29.928,1.70736,1.70746,1.00,1.50
2014.02.24 17:43:30.432,1.70736,1.70746,1.00,1.38
2014.02.24 17:43:31.152,1.70736,1.70746,1.00,1.38
2014.02.24 17:43:32.436,1.70736,1.70748,1.00,2.33
2014.02.24 17:43:32.940,1.70736,1.70746,1.00,1.38
2014.02.24 17:43:33.462,1.70736,1.70746,1.00,1.38
2014.02.24 17:43:34.515,1.70736,1.70746,1.00,1.38
2014.02.24 17:43:36.464,1.70733,1.70745,1.00,2.25
2014.02.24 17:43:37.758,1.7073,1.70741,1.18,1.00
2014.02.24 17:43:37.960,1.70726,1.70741,1.53,2.25
2014.02.24 17:43:38.112,1.7073,1.70741,1.00,1.50
2014.02.24 17:43:43.282,1.7073,1.70741,1.38,1.00
2014.02.24 17:43:43.384,1.7073,1.70745,1.50,1.38
2014.02.24 17:43:43.486,1.7073,1.70745,2.63,1.38
2014.02.24 17:43:43.587,1.70734,1.70746,1.00,1.48
2014.02.24 17:43:43.638,1.70734,1.70746,1.00,1.13
2014.02.24 17:43:44.114,1.70736,1.70746,1.00,1.13
2014.02.24 17:43:44.617,1.70736,1.70751,1.00,4.28
2014.02.24 17:43:45.214,1.70734,1.70748,1.00,1.38
2014.02.24 17:43:46.206,1.70736,1.7075,1.00,2.70
2014.02.24 17:43:46.973,1.70736,1.70751,1.38,3.83
2014.02.24 17:43:50.105,1.70736,1.70751,1.00,1.95
2014.02.24 17:43:50.629,1.70736,1.70751,1.38,1.95
2014.02.24 17:43:51.856,1.70736,1.70751,1.53,1.88
2014.02.24 17:43:52.920,1.70736,1.70746,1.53,1.00
2014.02.24 17:43:54.386,1.70739,1.70746,1.00,1.00
2014.02.24 17:43:57.001,1.70735,1.70746,1.48,1.00
2014.02.24 17:44:02.130,1.70733,1.70746,2.78,1.00
2014.02.24 17:44:07.500,1.70737,1.70746,1.88,1.00
2014.02.24 17:44:09.726,1.70736,1.70746,3.00,1.00
2014.02.24 17:44:10.751,1.70737,1.70746,1.88,1.00
2014.02.24 17:44:11.775,1.70738,1.70746,1.88,1.00
2014.02.24 17:44:12.080,1.70736,1.70746,1.13,1.38
2014.02.24 17:44:12.181,1.70736,1.70751,1.13,1.88
2014.02.24 17:44:12.436,1.70734,1.70746,2.25,1.38
2014.02.24 17:44:15.506,1.70731,1.70745,2.40,1.13
2014.02.24 17:44:17.135,1.70732,1.70746,1.55,1.38
2014.02.24 17:44:19.221,1.7073,1.70744,1.53,1.00
2014.02.24 17:44:19.322,1.7073,1.70744,1.53,1.00
2014.02.24 17:44:19.477,1.70729,1.70741,1.93,1.38
2014.02.24 17:44:20.020,1.70725,1.7074,2.03,1.13
2014.02.24 17:44:20.325,1.70725,1.7074,3.90,1.00
2014.02.24 17:44:26.678,1.70729,1.7074,1.00,1.00
2014.02.24 17:44:29.028,1.70723,1.70738,1.53,1.00
2014.02.24 17:44:29.180,1.70723,1.70731,1.20,1.00
2014.02.24 17:44:29.231,1.7072,1.70731,1.48,1.50
2014.02.24 17:44:31.236,1.70719,1.70729,1.38,1.00
2014.02.24 17:44:32.193,1.70719,1.70731,3.38,1.50
2014.02.24 17:44:35.512,1.70724,1.70731,1.00,1.00
2014.02.24 17:44:35.613,1.70724,1.70733,3.00,1.00
2014.02.24 17:44:35.715,1.70725,1.70739,1.88,1.10
2014.02.24 17:44:35.771,1.70725,1.70736,2.63,1.00
2014.02.24 17:44:36.329,1.70727,1.70736,1.38,1.00
2014.02.24 17:44:36.766,1.70724,1.70739,2.78,1.38
2014.02.24 17:44:37.170,1.70724,1.70736,2.03,1.00
2014.02.24 17:44:39.592,1.70725,1.70736,1.15,1.50
2014.02.24 17:44:40.146,1.70724,1.70736,1.90,1.50
2014.02.24 17:44:42.876,1.70724,1.70736,1.58,1.00
2014.02.24 17:44:46.296,1.70724,1.70739,4.58,1.13
2014.02.24 17:44:46.397,1.70727,1.70741,1.00,1.85
2014.02.24 17:44:47.079,1.70727,1.7074,1.00,1.00
2014.02.24 17:44:47.719,1.70724,1.70739,2.78,1.00
2014.02.24 17:44:49.233,1.70727,1.7074,1.00,1.00
2014.02.24 17:44:49.778,1.70727,1.7074,1.18,1.00
2014.02.24 17:44:52.584,1.70727,1.70741,1.18,1.75
2014.02.24 17:44:53.150,1.70727,1.70741,1.00,1.75
2014.02.24 17:44:53.682,1.70724,1.70738,2.03,1.00
2014.02.24 17:44:55.063,1.70725,1.7074,1.18,1.50
2014.02.24 17:44:58.256,1.70729,1.70741,1.00,1.38
2014.02.24 17:44:59.838,1.70725,1.7074,1.18,1.50
2014.02.24 17:45:00.278,1.70728,1.70741,1.00,1.75
2014.02.24 17:45:04.185,1.70728,1.70741,1.00,1.13
2014.02.24 17:45:04.286,1.70728,1.70741,1.15,1.38
2014.02.24 17:45:04.388,1.70728,1.70743,1.15,1.00
2014.02.24 17:45:04.691,1.70731,1.70746,1.00,1.50
2014.02.24 17:45:04.842,1.70731,1.70746,1.18,1.88
2014.02.24 17:45:05.095,1.70727,1.70741,1.00,1.58
2014.02.24 17:45:05.196,1.70726,1.70737,1.38,1.00
2014.02.24 17:45:05.623,1.70724,1.70739,2.25,1.00
2014.02.24 17:45:06.224,1.70727,1.70741,1.13,1.18
2014.02.24 17:45:07.496,1.70727,1.70741,1.38,1.18
2014.02.24 17:45:07.698,1.70734,1.70745,1.00,1.10
2014.02.24 17:45:07.900,1.70734,1.70749,1.88,1.28
2014.02.24 17:45:08.002,1.7074,1.70751,1.00,1.00
2014.02.24 17:45:08.052,1.70742,1.70751,1.38,1.00
2014.02.24 17:45:08.256,1.70736,1.70746,1.08,1.00
2014.02.24 17:45:08.357,1.70733,1.70746,1.58,1.00
2014.02.24 17:45:08.508,1.70733,1.70746,1.95,1.00
2014.02.24 17:45:08.811,1.7074,1.70753,1.38,1.88
2014.02.24 17:45:08.963,1.70742,1.70753,1.50,1.88
2014.02.24 17:45:09.468,1.70743,1.70754,1.38,1.88
2014.02.24 17:45:10.042,1.70743,1.70755,1.38,1.88
2014.02.24 17:45:10.621,1.7074,1.70754,1.85,1.88
2014.02.24 17:45:12.494,1.70743,1.70756,1.38,2.63
2014.02.24 17:45:13.498,1.70741,1.70756,1.38,1.88
2014.02.24 17:45:13.600,1.70741,1.70747,1.00,1.00
2014.02.24 17:45:13.701,1.70743,1.70754,1.38,1.88
2014.02.24 17:45:13.802,1.70746,1.70756,1.00,1.00
2014.02.24 17:45:14.287,1.70746,1.70756,1.00,1.38
2014.02.24 17:45:14.489,1.70741,1.70752,1.00,1.95
2014.02.24 17:45:14.641,1.70741,1.70754,1.00,1.95
2014.02.24 17:45:14.692,1.70744,1.70754,1.00,1.95
2014.02.24 17:45:15.404,1.70744,1.70756,1.00,2.70
2014.02.24 17:45:15.995,1.70744,1.70756,1.00,1.00
2014.02.24 17:45:16.303,1.70731,1.70746,1.38,2.70
2014.02.24 17:45:16.354,1.70731,1.70746,1.13,2.33
2014.02.24 17:45:16.506,1.70728,1.70741,1.38,1.00
2014.02.24 17:45:16.608,1.70726,1.70741,1.38,2.25
2014.02.24 17:45:16.709,1.70726,1.70741,1.00,2.25
2014.02.24 17:45:16.760,1.70729,1.70741,1.00,1.75
2014.02.24 17:45:17.960,1.70725,1.7074,1.38,1.58
2014.02.24 17:45:18.112,1.70723,1.70738,1.95,1.00
2014.02.24 17:45:18.773,1.70723,1.70738,2.70,1.00
2014.02.24 17:45:19.097,1.70729,1.70741,1.00,2.78
2014.02.24 17:45:20.072,1.70725,1.7074,1.00,2.70
2014.02.24 17:45:20.224,1.70723,1.70738,1.20,1.00
2014.02.24 17:45:20.742,1.70723,1.70737,1.00,1.88
2014.02.24 17:45:21.399,1.70723,1.70736,1.00,1.88
2014.02.24 17:45:21.500,1.70721,1.70736,1.20,2.63
2014.02.24 17:45:22.258,1.70723,1.70737,1.00,1.88
2014.02.24 17:45:22.359,1.70721,1.70736,1.58,1.00
2014.02.24 17:45:25.867,1.70724,1.70739,1.00,2.78
2014.02.24 17:45:26.174,1.70727,1.70739,1.00,2.03
2014.02.24 17:45:26.534,1.7073,1.70743,1.00,4.13
2014.02.24 17:45:26.635,1.7073,1.70742,1.00,1.95
2014.02.24 17:45:27.158,1.7073,1.70743,1.00,1.88
2014.02.24 17:45:27.293,1.70732,1.70743,1.00,1.88
2014.02.24 17:45:27.598,1.70732,1.70741,1.00,1.88
2014.02.24 17:45:27.649,1.70729,1.70741,1.00,1.88
2014.02.24 17:45:27.750,1.70727,1.70741,1.20,1.88
2014.02.24 17:45:27.851,1.70725,1.70739,1.50,1.00
2014.02.24 17:45:28.305,1.70731,1.7074,1.00,2.33
2014.02.24 17:45:28.506,1.70726,1.7074,1.38,2.33
2014.02.24 17:45:29.163,1.7073,1.7074,1.00,2.33
2014.02.24 17:45:30.043,1.70726,1.70741,1.38,1.55
2014.02.24 17:45:30.218,1.70729,1.70742,1.88,2.40
2014.02.24 17:45:30.319,1.70729,1.70744,1.88,3.15
2014.02.24 17:45:30.981,1.7073,1.70744,1.38,1.13
2014.02.24 17:45:31.186,1.70734,1.70748,1.00,2.78
2014.02.24 17:45:33.266,1.70731,1.70746,1.13,3.53
2014.02.24 17:45:33.367,1.7073,1.70742,1.38,1.88
2014.02.24 17:45:34.178,1.7073,1.70742,1.13,1.88
2014.02.24 17:45:34.609,1.70729,1.70742,1.50,2.25
2014.02.24 17:45:34.912,1.70726,1.70741,1.38,4.96
2014.02.24 17:45:35.014,1.70723,1.70738,1.13,3.01
2014.02.24 17:45:35.250,1.7072,1.70738,1.65,2.63
2014.02.24 17:45:35.453,1.7072,1.70736,1.13,3.08
2014.02.24 17:45:36.271,1.7072,1.70736,1.38,2.95
2014.02.24 17:45:37.307,1.7072,1.70735,1.75,1.00
2014.02.24 17:45:37.509,1.70726,1.70738,1.13,1.00
2014.02.24 17:45:37.762,1.70723,1.70738,1.00,3.53
2014.02.24 17:45:37.812,1.70723,1.70738,1.38,3.53
2014.02.24 17:45:37.965,1.70727,1.7074,1.00,2.40
2014.02.24 17:45:39.768,1.70726,1.70738,1.50,1.00
2014.02.24 17:45:41.341,1.70728,1.70738,1.00,1.10
2014.02.24 17:45:41.593,1.70731,1.70741,1.00,1.00
2014.02.24 17:45:41.795,1.70731,1.70746,1.38,3.53
2014.02.24 17:45:42.117,1.70731,1.70746,1.38,1.65
2014.02.24 17:45:42.420,1.70746,1.70756,1.00,1.00
2014.02.24 17:45:42.521,1.70749,1.70756,1.00,1.00
2014.02.24 17:45:42.572,1.70749,1.70759,1.00,3.15
2014.02.24 17:45:42.623,1.70744,1.70759,1.38,3.15
2014.02.24 17:45:42.674,1.70744,1.70759,1.13,3.15
2014.02.24 17:45:42.725,1.70753,1.70759,1.00,2.03
2014.02.24 17:45:42.877,1.7075,1.70765,1.00,1.48
2014.02.24 17:45:42.978,1.7075,1.70765,1.13,1.10
2014.02.24 17:45:43.280,1.7075,1.70761,1.00,1.00
2014.02.24 17:45:43.381,1.7075,1.70765,1.00,3.08
2014.02.24 17:45:43.482,1.70751,1.70762,1.13,1.00
2014.02.24 17:45:43.583,1.70752,1.70767,1.00,2.03
2014.02.24 17:45:44.105,1.70752,1.70766,1.50,2.03
2014.02.24 17:45:44.257,1.70755,1.70769,3.00,1.13
2014.02.24 17:45:44.358,1.70754,1.70767,1.00,1.13
2014.02.24 17:45:44.410,1.70752,1.70767,1.50,1.48
2014.02.24 17:45:44.712,1.70751,1.70763,1.00,1.00
2014.02.24 17:45:45.385,1.70749,1.70763,1.75,1.00
2014.02.24 17:45:46.268,1.70751,1.70763,1.00,1.00
2014.02.24 17:45:46.976,1.70748,1.70763,3.90,1.50
2014.02.24 17:45:47.027,1.70746,1.70761,2.78,1.75
2014.02.24 17:45:47.128,1.70746,1.70756,1.88,1.50
2014.02.24 17:45:47.279,1.70741,1.70756,1.08,1.88
2014.02.24 17:45:47.380,1.70741,1.70756,1.00,1.95
2014.02.24 17:45:47.431,1.7074,1.70752,2.25,1.00
2014.02.24 17:45:47.733,1.7074,1.7075,2.25,1.00
2014.02.24 17:45:47.935,1.70738,1.7075,3.15,1.00
2014.02.24 17:45:48.457,1.7074,1.7075,1.00,1.00
2014.02.24 17:45:48.508,1.7074,1.7075,1.38,1.00
2014.02.24 17:45:48.558,1.70742,1.70755,2.63,1.00
2014.02.24 17:45:49.084,1.70743,1.70756,2.78,1.00
2014.02.24 17:45:51.627,1.70744,1.70757,1.90,1.00
2014.02.24 17:45:52.158,1.70746,1.70761,1.20,3.75
2014.02.24 17:45:52.263,1.70744,1.70757,1.90,1.00
2014.02.24 17:45:52.515,1.70746,1.70761,1.48,1.50
2014.02.24 17:45:53.098,1.70746,1.70761,1.48,1.50
2014.02.24 17:45:54.192,1.70746,1.70761,1.10,1.88
2014.02.24 17:45:54.749,1.70746,1.70759,1.00,1.95
2014.02.24 17:45:55.325,1.70746,1.70759,1.00,2.70
2014.02.24 17:45:55.376,1.70742,1.70752,1.10,2.25
2014.02.24 17:45:55.477,1.70739,1.70749,1.00,1.13
2014.02.24 17:45:55.528,1.70734,1.70746,1.08,1.00
2014.02.24 17:45:55.579,1.7073,1.70741,1.50,1.00
2014.02.24 17:45:55.680,1.70732,1.70746,1.00,1.10
2014.02.24 17:45:55.831,1.7073,1.70743,1.50,1.00
2014.02.24 17:45:56.768,1.7073,1.70743,1.00,1.00
2014.02.24 17:45:57.216,1.70731,1.70746,1.00,1.58
2014.02.24 17:46:02.214,1.7073,1.70743,1.00,1.00
2014.02.24 17:46:02.417,1.70731,1.70746,1.00,1.58
2014.02.24 17:46:05.485,1.70731,1.70746,1.38,1.10
2014.02.24 17:46:05.990,1.70731,1.70746,1.10,1.50
2014.02.24 17:46:07.640,1.70731,1.70746,1.10,3.38
2014.02.24 17:46:07.742,1.70728,1.70743,1.18,1.00
2014.02.24 17:46:07.792,1.70726,1.7074,1.99,1.00
2014.02.24 17:46:07.843,1.70727,1.7074,1.05,1.00
2014.02.24 17:46:14.596,1.70725,1.7074,2.03,1.00
2014.02.24 17:46:15.174,1.70725,1.7074,1.58,1.00
2014.02.24 17:46:16.076,1.70729,1.7074,1.00,1.00
2014.02.24 17:46:16.381,1.70724,1.70736,2.74,1.50
2014.02.24 17:46:16.584,1.70725,1.7074,1.53,1.00
2014.02.24 17:46:16.800,1.70724,1.70737,1.99,1.00
2014.02.24 17:46:18.077,1.70724,1.70737,1.99,1.00
2014.02.24 17:46:18.736,1.70724,1.70737,4.24,1.00
2014.02.24 17:46:21.786,1.70724,1.70737,2.37,1.00
2014.02.24 17:46:26.952,1.70724,1.70737,1.99,1.00
2014.02.24 17:46:29.144,1.70725,1.7074,1.90,2.63
2014.02.24 17:46:29.617,1.70725,1.7074,2.33,1.00
2014.02.24 17:46:30.126,1.70725,1.70738,1.58,1.00
2014.02.24 17:46:30.278,1.70724,1.70738,1.99,1.00
2014.02.24 17:46:31.888,1.70727,1.7074,1.08,1.00
2014.02.24 17:46:34.634,1.70728,1.70741,1.15,1.00
2014.02.24 17:46:35.939,1.70728,1.70741,1.00,2.63
2014.02.24 17:46:37.160,1.7073,1.70741,1.00,1.00
2014.02.24 17:46:41.063,1.7073,1.70736,1.00,1.00
2014.02.24 17:46:51.583,1.7073,1.7074,1.00,1.88
2014.02.24 17:46:52.175,1.7073,1.70741,1.00,2.63
2014.02.24 17:46:58.377,1.7073,1.7074,1.00,1.88
2014.02.24 17:47:00.295,1.7073,1.70741,1.00,2.63
2014.02.24 17:47:13.313,1.7073,1.70741,1.00,1.38
2014.02.24 17:47:13.414,1.70724,1.70739,2.70,1.00
2014.02.24 17:47:18.417,1.70724,1.70737,2.33,1.00
2014.02.24 17:47:18.532,1.70724,1.70737,1.65,1.00
2014.02.24 17:47:26.734,1.70724,1.70737,1.58,1.00
2014.02.24 17:47:27.902,1.70724,1.70737,1.58,1.00
2014.02.24 17:47:29.306,1.70722,1.70736,2.03,1.00
2014.02.24 17:47:29.650,1.70724,1.70736,1.10,1.00
2014.02.24 17:47:31.853,1.70724,1.70734,1.00,1.00
2014.02.24 17:47:32.817,1.70724,1.70736,1.00,1.00
2014.02.24 17:47:33.578,1.70724,1.70734,1.00,1.00
2014.02.24 17:47:34.196,1.7072,1.70734,1.09,1.38
2014.02.24 17:47:34.249,1.70719,1.70731,1.92,1.00
2014.02.24 17:47:34.553,1.70719,1.70728,1.00,1.10
2014.02.24 17:47:34.704,1.70719,1.70731,1.38,1.10
2014.02.24 17:47:35.209,1.7072,1.70731,1.38,1.00
2014.02.24 17:47:35.512,1.70724,1.70731,1.00,1.00
2014.02.24 17:47:36.152,1.70719,1.70731,1.13,1.00
2014.02.24 17:47:37.805,1.70724,1.70731,1.38,1.00
2014.02.24 17:47:37.957,1.70719,1.70731,3.38,1.00
2014.02.24 17:47:38.058,1.70719,1.70731,2.25,1.00
2014.02.24 17:47:38.563,1.70719,1.7073,2.25,1.00
2014.02.24 17:47:39.653,1.70719,1.70727,1.75,1.00
2014.02.24 17:47:41.186,1.70724,1.70734,1.00,1.15
2014.02.24 17:47:48.024,1.70719,1.70727,2.25,1.00
2014.02.24 17:47:48.125,1.70724,1.70734,1.00,2.03
2014.02.24 17:47:48.772,1.70724,1.70729,1.00,1.00
2014.02.24 17:47:49.278,1.70724,1.70729,1.38,1.00
2014.02.24 17:47:49.329,1.70724,1.70732,1.38,1.00
2014.02.24 17:47:49.632,1.70719,1.70732,1.88,1.00
2014.02.24 17:47:49.683,1.70719,1.7073,1.88,1.00
2014.02.24 17:47:49.734,1.70719,1.7073,1.00,1.00
2014.02.24 17:47:49.885,1.70719,1.70727,1.00,1.00
2014.02.24 17:47:50.188,1.70714,1.70724,1.85,1.00
2014.02.24 17:47:50.444,1.70717,1.70726,2.25,1.00
2014.02.24 17:47:50.545,1.70717,1.70729,2.70,1.00
2014.02.24 17:47:51.238,1.70719,1.70729,1.00,1.00
2014.02.24 17:47:51.755,1.70715,1.70729,1.28,1.00
2014.02.24 17:47:54.853,1.70715,1.70729,1.28,1.00
2014.02.24 17:47:56.016,1.70719,1.70729,1.00,1.00
2014.02.24 17:47:56.067,1.70715,1.70729,1.85,1.00
2014.02.24 17:48:01.791,1.70715,1.70729,2.40,1.00
2014.02.24 17:48:01.943,1.70714,1.70729,2.40,1.00
2014.02.24 17:48:02.459,1.70716,1.70728,1.38,1.00
2014.02.24 17:48:06.406,1.70714,1.70728,1.93,1.00
2014.02.24 17:48:06.509,1.70713,1.70726,1.90,1.00
2014.02.24 17:48:06.560,1.70713,1.70726,1.75,1.00
2014.02.24 17:48:06.661,1.70711,1.70726,1.28,1.88
2014.02.24 17:48:06.711,1.70709,1.70723,2.78,1.00
2014.02.24 17:48:06.913,1.70712,1.70727,1.38,1.10
2014.02.24 17:48:07.115,1.70712,1.70727,1.58,1.75
2014.02.24 17:48:07.217,1.70709,1.70723,1.10,1.00
2014.02.24 17:48:07.270,1.70709,1.7072,1.10,1.00
2014.02.24 17:48:07.473,1.70709,1.70724,3.75,1.65
2014.02.24 17:48:07.575,1.70709,1.70721,1.13,1.00
2014.02.24 17:48:07.879,1.70708,1.70719,2.33,1.00
2014.02.24 17:48:08.211,1.70708,1.70719,2.33,1.00
2014.02.24 17:48:08.617,1.70712,1.70719,1.88,1.00
2014.02.24 17:48:08.668,1.70712,1.70721,1.88,1.00
2014.02.24 17:48:10.256,1.70708,1.70721,2.78,1.50
2014.02.24 17:48:10.723,1.70714,1.70726,1.00,1.13
2014.02.24 17:48:11.226,1.70715,1.70726,1.88,1.00
2014.02.24 17:48:12.190,1.70714,1.70726,3.08,1.00
2014.02.24 17:48:14.238,1.70714,1.70726,1.48,1.00
2014.02.24 17:48:16.693,1.70714,1.70728,1.58,1.00
2014.02.24 17:48:25.743,1.70714,1.70727,1.50,1.88
2014.02.24 17:48:25.844,1.70714,1.70724,1.00,1.88
2014.02.24 17:48:26.198,1.70714,1.70722,1.00,1.00
2014.02.24 17:48:28.603,1.70714,1.70724,1.00,1.00
2014.02.24 17:48:40.687,1.70714,1.70722,1.00,1.00
2014.02.24 17:48:48.447,1.70709,1.70722,1.38,1.00
2014.02.24 17:48:50.514,1.70711,1.70722,1.88,1.00
2014.02.24 17:48:51.055,1.70712,1.70722,2.25,1.00
2014.02.24 17:48:51.640,1.70714,1.70722,1.00,1.00
2014.02.24 17:48:53.926,1.70714,1.7072,1.00,1.00
2014.02.24 17:49:31.001,1.70709,1.7072,1.58,1.00
2014.02.24 17:49:31.625,1.7071,1.70725,1.38,3.00
2014.02.24 17:49:35.701,1.70709,1.7072,1.50,1.00
2014.02.24 17:49:39.421,1.70709,1.70723,1.50,1.00
2014.02.24 17:49:43.521,1.70712,1.70726,3.00,1.53
2014.02.24 17:49:44.136,1.70712,1.70726,2.63,1.53
2014.02.24 17:49:50.115,1.70709,1.70724,4.13,1.10
2014.02.24 17:49:50.217,1.70711,1.70726,1.13,1.65
2014.02.24 17:49:50.268,1.70714,1.70726,1.00,1.10
2014.02.24 17:49:51.453,1.70715,1.7073,1.00,3.53
2014.02.24 17:49:51.792,1.70718,1.70731,1.00,1.65
2014.02.24 17:49:52.196,1.70714,1.70729,1.88,1.38
2014.02.24 17:49:52.448,1.70718,1.70729,2.25,1.00
2014.02.24 17:49:52.751,1.70724,1.70737,1.00,1.28
2014.02.24 17:49:53.470,1.70724,1.70736,1.00,1.00
2014.02.24 17:49:54.102,1.70724,1.70738,1.10,1.75
2014.02.24 17:49:54.736,1.70724,1.70736,1.10,1.00
2014.02.24 17:49:55.052,1.70724,1.70736,1.15,1.00
2014.02.24 17:50:02.870,1.70724,1.70736,1.10,1.00
2014.02.24 17:50:10.114,1.70729,1.70741,1.00,1.75
2014.02.24 17:50:11.128,1.70726,1.7074,1.88,1.75
2014.02.24 17:50:11.648,1.70725,1.70736,2.63,1.13
2014.02.24 17:50:12.318,1.70729,1.70736,1.00,1.13
2014.02.24 17:50:12.944,1.70729,1.70736,1.00,1.38
2014.02.24 17:50:14.011,1.70729,1.70736,1.00,1.00
2014.02.24 17:50:14.530,1.70729,1.70741,1.00,1.93
2014.02.24 17:50:15.049,1.70729,1.70741,1.00,1.75
2014.02.24 17:50:15.251,1.70729,1.70741,1.00,1.38
2014.02.24 17:50:15.402,1.70731,1.70741,1.00,1.38
2014.02.24 17:50:15.713,1.70731,1.70741,1.00,1.38
2014.02.24 17:50:16.796,1.70731,1.70741,1.00,1.38
2014.02.24 17:50:17.411,1.70731,1.70741,1.00,1.38
2014.02.24 17:50:18.291,1.70731,1.70741,1.00,1.38
2014.02.24 17:50:23.792,1.70731,1.70741,1.00,1.38
2014.02.24 17:50:24.097,1.70731,1.70736,1.10,1.00
2014.02.24 17:50:24.299,1.70731,1.70741,1.10,1.38
2014.02.24 17:50:24.878,1.70731,1.70741,1.10,1.50
2014.02.24 17:50:26.062,1.70731,1.70741,1.10,1.38
2014.02.24 17:50:26.569,1.70731,1.70741,1.00,1.38
2014.02.24 17:50:28.422,1.70731,1.70741,1.00,1.38
2014.02.24 17:50:30.946,1.70734,1.70746,1.00,3.53
2014.02.24 17:50:31.148,1.70734,1.70743,1.00,1.00
2014.02.24 17:50:31.462,1.70737,1.70746,1.00,1.50
2014.02.24 17:50:31.512,1.70737,1.70746,1.00,1.50
2014.02.24 17:50:32.447,1.70737,1.70746,1.00,1.50
2014.02.24 17:50:38.416,1.70737,1.70745,1.00,1.88
2014.02.24 17:50:38.517,1.70734,1.70746,2.33,2.25
2014.02.24 17:50:38.618,1.70734,1.70746,2.33,2.63
2014.02.24 17:50:47.051,1.70734,1.70741,1.00,1.00
2014.02.24 17:50:47.330,1.70734,1.70745,1.50,3.00
2014.02.24 17:50:47.634,1.70734,1.70748,1.50,1.50
2014.02.24 17:50:48.243,1.70734,1.70748,1.18,1.50
2014.02.24 17:50:50.411,1.70736,1.70751,1.00,4.13
2014.02.24 17:50:52.101,1.70736,1.70746,1.00,1.00
2014.02.24 17:50:52.152,1.70736,1.70746,1.00,1.50
2014.02.24 17:50:52.461,1.70733,1.70744,1.10,1.00
2014.02.24 17:50:53.043,1.70735,1.70744,1.00,1.00
2014.02.24 17:50:54.922,1.70732,1.70744,1.18,1.00
2014.02.24 17:50:59.737,1.70732,1.70746,1.00,1.75
2014.02.24 17:51:06.452,1.70732,1.70746,1.00,1.75
2014.02.24 17:51:13.156,1.70735,1.70748,1.00,2.40
2014.02.24 17:51:14.297,1.70734,1.70747,2.25,1.38
2014.02.24 17:51:14.449,1.70737,1.70747,1.13,1.38
2014.02.24 17:51:22.571,1.70739,1.70747,1.00,1.38
2014.02.24 17:51:22.723,1.70739,1.7075,1.13,1.15
2014.02.24 17:51:23.781,1.70739,1.70752,3.00,1.15
2014.02.24 17:51:23.832,1.70739,1.70752,3.00,1.18
2014.02.24 17:51:28.528,1.70739,1.70752,3.00,1.10
2014.02.24 17:51:29.597,1.7074,1.70752,1.88,1.10
2014.02.24 17:51:30.317,1.70741,1.70752,1.88,1.10
2014.02.24 17:51:30.850,1.7074,1.70752,1.88,1.10
2014.02.24 17:51:32.061,1.70739,1.70752,1.13,1.10
2014.02.24 17:51:37.176,1.70739,1.70752,1.00,1.48
2014.02.24 17:51:37.786,1.70739,1.70752,1.00,1.48
2014.02.24 17:51:44.129,1.70738,1.70751,1.00,1.38
2014.02.24 17:51:45.929,1.70738,1.70748,1.00,1.00
2014.02.24 17:51:49.104,1.70739,1.70748,1.00,1.00
2014.02.24 17:51:49.659,1.70738,1.70748,1.00,1.00
2014.02.24 17:51:50.290,1.70737,1.70748,1.00,1.00
2014.02.24 17:51:51.053,1.70735,1.70748,2.25,1.00
2014.02.24 17:51:55.431,1.70736,1.70748,2.25,1.00
2014.02.24 17:51:55.945,1.70736,1.70748,2.40,1.00
2014.02.24 17:51:59.710,1.70737,1.70748,2.33,1.00
2014.02.24 17:52:02.030,1.70736,1.70748,1.55,1.00
2014.02.24 17:52:02.132,1.70738,1.7075,1.00,1.00
2014.02.24 17:52:02.183,1.70739,1.7075,1.08,1.00
2014.02.24 17:52:02.234,1.70742,1.70756,1.00,1.83
2014.02.24 17:52:02.285,1.70742,1.70751,1.00,1.00
2014.02.24 17:52:02.387,1.70738,1.70751,1.65,1.00
2014.02.24 17:52:02.438,1.70738,1.70753,1.65,1.00
2014.02.24 17:52:03.639,1.70742,1.70753,1.00,1.00
2014.02.24 17:52:04.151,1.7074,1.70753,1.18,1.00
2014.02.24 17:52:05.740,1.70739,1.70753,2.40,1.00
2014.02.24 17:52:06.045,1.70739,1.70751,2.33,1.00
2014.02.24 17:52:06.096,1.70736,1.70751,1.65,1.50
2014.02.24 17:52:06.831,1.70737,1.70751,1.38,1.00
2014.02.24 17:52:08.191,1.70736,1.70751,1.95,1.00
2014.02.24 17:52:10.899,1.70737,1.70751,1.50,1.10
2014.02.24 17:52:11.559,1.70737,1.70751,1.50,1.10
2014.02.24 17:52:12.125,1.70737,1.70751,1.13,1.58
2014.02.24 17:52:12.644,1.70738,1.70751,1.00,1.10
2014.02.24 17:52:18.317,1.70739,1.70751,2.25,1.00
2014.02.24 17:52:18.368,1.70739,1.70753,3.38,1.00
2014.02.24 17:52:18.419,1.70743,1.70753,1.13,1.00
2014.02.24 17:52:18.522,1.70743,1.70756,1.13,1.65
2014.02.24 17:52:19.026,1.70743,1.70756,2.63,1.50
2014.02.24 17:52:20.407,1.70744,1.70756,1.00,1.00
2014.02.24 17:52:21.277,1.70749,1.70756,1.00,1.00
2014.02.24 17:52:22.087,1.70749,1.70762,1.00,2.40
2014.02.24 17:52:22.392,1.70749,1.70764,1.00,2.78
2014.02.24 17:52:22.669,1.70747,1.70761,1.38,1.00
2014.02.24 17:52:25.751,1.70747,1.70761,1.38,1.08
2014.02.24 17:52:30.014,1.70747,1.70761,1.38,1.58
2014.02.24 17:52:30.533,1.70747,1.70758,1.38,1.00
2014.02.24 17:52:31.344,1.70747,1.70756,1.38,1.00
2014.02.24 17:52:31.881,1.70745,1.70756,1.00,1.00
2014.02.24 17:52:32.133,1.70744,1.70758,1.50,1.50
2014.02.24 17:52:32.184,1.70747,1.70758,1.00,1.50
2014.02.24 17:52:35.153,1.70747,1.70758,1.38,1.50
2014.02.24 17:52:37.809,1.70747,1.70756,1.38,1.00
2014.02.24 17:52:37.961,1.70744,1.70756,1.10,1.88
2014.02.24 17:52:38.164,1.70744,1.70756,1.50,1.28
2014.02.24 17:52:38.703,1.70747,1.70756,1.00,1.00
2014.02.24 17:52:38.754,1.70744,1.70756,1.38,1.00
2014.02.24 17:52:39.304,1.70744,1.70756,1.13,1.00
2014.02.24 17:52:39.839,1.70744,1.70756,1.38,1.00
2014.02.24 17:52:43.129,1.70744,1.70756,1.00,1.00
2014.02.24 17:52:43.686,1.70744,1.70756,1.00,3.08
2014.02.24 17:52:53.868,1.70741,1.70756,1.13,1.88
2014.02.24 17:52:54.330,1.70744,1.70755,1.00,1.38
2014.02.24 17:52:54.835,1.70744,1.70755,1.13,1.00
2014.02.24 17:52:54.936,1.70744,1.70758,1.38,1.00
2014.02.24 17:52:57.350,1.70744,1.70758,1.65,1.00
2014.02.24 17:53:05.371,1.70744,1.70758,1.00,1.00
2014.02.24 17:53:05.472,1.70744,1.70758,1.38,1.00
2014.02.24 17:53:17.594,1.70744,1.70758,1.53,1.00
2014.02.24 17:53:18.850,1.70743,1.70756,1.55,1.00
2014.02.24 17:53:18.900,1.70743,1.70756,1.55,1.38
2014.02.24 17:53:19.002,1.70741,1.70748,1.55,1.00
2014.02.24 17:53:19.052,1.70741,1.70748,1.18,1.00
2014.02.24 17:53:19.103,1.70738,1.70746,1.20,1.38
2014.02.24 17:53:19.305,1.70729,1.70744,2.33,1.00
2014.02.24 17:53:22.809,1.70729,1.70741,1.48,1.00
2014.02.24 17:53:22.960,1.70729,1.70741,1.10,1.38
2014.02.24 17:53:23.112,1.70724,1.70739,2.40,1.00
2014.02.24 17:53:23.963,1.70724,1.70737,1.65,1.00
2014.02.24 17:53:24.563,1.70723,1.70736,2.40,1.00
2014.02.24 17:53:27.065,1.70723,1.70736,1.45,1.00
2014.02.24 17:53:27.116,1.70723,1.70731,1.38,1.00
2014.02.24 17:53:27.217,1.70722,1.70731,1.10,1.00
2014.02.24 17:53:27.318,1.7072,1.70731,1.20,1.00
2014.02.24 17:53:29.947,1.70719,1.70733,1.65,1.00
2014.02.24 17:53:36.697,1.70719,1.70733,3.53,1.00
2014.02.24 17:53:37.052,1.70719,1.70731,1.18,1.00
2014.02.24 17:53:37.102,1.70717,1.70731,1.13,1.50
2014.02.24 17:53:37.203,1.70716,1.70729,1.95,1.88
2014.02.24 17:53:37.508,1.70714,1.70728,1.00,3.15
2014.02.24 17:53:38.020,1.70714,1.70725,1.00,1.13
2014.02.24 17:53:39.740,1.7071,1.70725,1.50,1.00
2014.02.24 17:53:39.993,1.70714,1.70725,1.00,1.13
2014.02.24 17:53:46.365,1.70712,1.70725,1.88,1.00
2014.02.24 17:53:51.220,1.70712,1.70726,2.63,1.00
2014.02.24 17:53:51.623,1.70712,1.70721,2.63,1.00
2014.02.24 17:53:54.984,1.70709,1.70721,2.25,1.00
2014.02.24 17:53:58.180,1.70708,1.70721,1.10,1.50
2014.02.24 17:53:58.281,1.70706,1.70718,1.62,1.00
2014.02.24 17:53:58.540,1.70703,1.70716,3.00,1.00
2014.02.24 17:53:59.054,1.70704,1.70716,2.25,1.50
2014.02.24 17:54:00.274,1.70701,1.70713,2.37,1.88
2014.02.24 17:54:00.425,1.70701,1.70711,1.00,1.00
2014.02.24 17:54:00.679,1.70704,1.70711,1.00,1.00
2014.02.24 17:54:00.779,1.70704,1.70716,1.00,1.00
2014.02.24 17:54:01.670,1.70706,1.70716,1.00,1.00
2014.02.24 17:54:11.486,1.70707,1.70716,1.95,1.00
2014.02.24 17:54:11.537,1.70707,1.70721,1.95,1.50
2014.02.24 17:54:11.588,1.70709,1.70721,1.00,1.00
2014.02.24 17:54:11.943,1.70711,1.70721,1.00,1.00
2014.02.24 17:54:12.597,1.70709,1.70721,1.00,1.13
2014.02.24 17:54:14.678,1.70706,1.70721,1.50,1.95
2014.02.24 17:54:15.245,1.70706,1.70718,1.00,1.00
2014.02.24 17:54:16.343,1.70706,1.70721,1.50,3.75
2014.02.24 17:54:16.444,1.70709,1.70721,1.00,3.00
2014.02.24 17:54:16.545,1.70706,1.70721,1.50,3.75
2014.02.24 17:54:17.070,1.70704,1.70717,2.03,1.00
2014.02.24 17:54:17.583,1.70704,1.70717,1.88,1.00
2014.02.24 17:54:25.291,1.70704,1.70716,1.10,1.00
2014.02.24 17:54:25.805,1.70702,1.70716,1.15,3.00
2014.02.24 17:54:27.490,1.70704,1.70716,1.48,2.25
2014.02.24 17:54:27.540,1.70707,1.70716,1.00,1.88
2014.02.24 17:54:27.642,1.7071,1.70716,1.00,1.00
2014.02.24 17:54:27.743,1.7071,1.70719,1.00,1.00
2014.02.24 17:54:27.895,1.7071,1.70721,1.00,1.50
2014.02.24 17:54:35.145,1.70708,1.70721,1.48,1.50
2014.02.24 17:54:38.727,1.70708,1.70721,1.10,3.38
2014.02.24 17:54:49.367,1.70709,1.70721,1.00,1.00
2014.02.24 17:54:51.584,1.70708,1.70721,1.20,1.50
2014.02.24 17:54:52.649,1.70708,1.70721,1.48,1.50
2014.02.24 17:54:56.120,1.70708,1.7072,1.48,1.88
2014.02.24 17:54:57.445,1.70708,1.70721,1.48,3.38
2014.02.24 17:55:03.916,1.70708,1.70721,1.10,1.50
2014.02.24 17:55:04.018,1.70706,1.7072,1.58,1.88
2014.02.24 17:55:04.756,1.70706,1.70721,1.58,3.75
2014.02.24 17:55:06.579,1.70706,1.7072,1.58,1.88
2014.02.24 17:55:08.538,1.70706,1.70719,1.58,1.88
2014.02.24 17:55:10.019,1.70706,1.70718,1.58,1.88
2014.02.24 17:55:14.464,1.70706,1.70719,1.58,1.88
2014.02.24 17:55:15.910,1.70706,1.70721,1.58,2.25
2014.02.24 17:55:15.961,1.70706,1.70721,1.58,1.88
2014.02.24 17:55:18.880,1.70706,1.70716,1.65,1.00
2014.02.24 17:55:19.032,1.70706,1.70716,1.10,1.00
2014.02.24 17:55:30.588,1.70707,1.70716,1.00,1.00
2014.02.24 17:55:30.790,1.7071,1.70716,1.00,1.00
2014.02.24 17:55:38.563,1.7071,1.70721,1.00,3.00
2014.02.24 17:55:38.916,1.70713,1.70721,1.00,1.00
2014.02.24 17:55:39.612,1.70711,1.70721,1.00,1.00
2014.02.24 17:55:41.212,1.70706,1.70714,1.00,2.59
2014.02.24 17:55:41.263,1.70704,1.7071,1.00,2.25
2014.02.24 17:55:41.314,1.70694,1.70706,1.50,2.09
2014.02.24 17:55:41.516,1.70689,1.70694,1.00,1.38
2014.02.24 17:55:41.567,1.70685,1.70691,1.00,1.00
2014.02.24 17:55:41.668,1.70676,1.70691,1.80,1.38
2014.02.24 17:55:41.719,1.70674,1.70691,1.35,1.38
2014.02.24 17:55:41.770,1.70674,1.70686,1.35,1.00
2014.02.24 17:55:42.073,1.70679,1.70691,1.00,1.38
2014.02.24 17:55:45.074,1.70679,1.70691,1.00,1.13
2014.02.24 17:55:49.677,1.70679,1.70691,1.00,2.63
2014.02.24 17:55:51.938,1.70676,1.70691,1.00,3.53
2014.02.24 17:55:52.489,1.70676,1.7069,1.00,1.95
2014.02.24 17:55:53.351,1.70676,1.7069,1.00,1.95
2014.02.24 17:55:54.873,1.70679,1.7069,1.00,1.95
2014.02.24 17:55:56.188,1.70679,1.7069,1.00,1.88
2014.02.24 17:56:00.541,1.70679,1.7069,1.00,1.88
2014.02.24 17:56:01.200,1.70679,1.70691,1.00,2.63
2014.02.24 17:56:03.768,1.70682,1.70691,1.00,1.13
2014.02.24 17:56:04.858,1.70682,1.70686,1.00,1.00
2014.02.24 17:56:05.312,1.70679,1.70686,1.10,1.00
2014.02.24 17:56:05.565,1.70677,1.70686,1.00,3.00
2014.02.24 17:56:07.827,1.70677,1.70685,1.00,1.88
2014.02.24 17:56:09.588,1.70677,1.70681,1.00,1.00
2014.02.24 17:56:10.018,1.70677,1.70684,1.00,2.25
2014.02.24 17:56:11.700,1.70674,1.70684,1.00,2.25
2014.02.24 17:56:28.369,1.70674,1.70681,1.00,1.00
2014.02.24 17:56:28.521,1.70676,1.70681,1.00,1.00
2014.02.24 17:56:28.824,1.70668,1.70679,2.78,1.00
2014.02.24 17:56:29.076,1.70673,1.70687,1.00,2.78
2014.02.24 17:56:36.115,1.70676,1.70687,1.00,1.18
2014.02.24 17:56:36.217,1.70676,1.70681,1.00,1.00
2014.02.24 17:56:59.541,1.70676,1.70686,1.00,1.00
2014.02.24 17:57:00.141,1.70677,1.70686,1.00,1.00
2014.02.24 17:57:08.345,1.70676,1.70686,3.45,1.00
2014.02.24 17:57:09.703,1.70677,1.70686,1.00,1.00
2014.02.24 17:57:10.212,1.70676,1.70686,1.85,1.00
2014.02.24 17:57:12.751,1.70677,1.70686,1.50,1.00
2014.02.24 17:57:13.297,1.70678,1.70686,1.00,1.00
2014.02.24 17:57:15.484,1.70678,1.70691,1.13,1.00
2014.02.24 17:57:15.635,1.7068,1.70691,1.00,1.00
2014.02.24 17:57:16.327,1.7068,1.70695,1.00,4.58
2014.02.24 17:57:16.630,1.70682,1.70693,1.00,1.13
2014.02.24 17:57:17.242,1.70683,1.70695,1.00,1.38
2014.02.24 17:57:17.546,1.70682,1.70691,1.00,1.00
2014.02.24 17:57:17.755,1.70682,1.70694,1.00,1.38
2014.02.24 17:57:18.394,1.70682,1.70694,1.00,1.00
2014.02.24 17:57:20.391,1.70682,1.70694,1.18,1.13
2014.02.24 17:57:21.302,1.70682,1.70691,1.18,1.00
2014.02.24 17:57:21.407,1.70682,1.70694,1.18,1.13
2014.02.24 17:57:22.418,1.70682,1.70691,1.18,1.00
2014.02.24 17:57:24.210,1.70682,1.70691,1.00,1.00
2014.02.24 17:57:27.277,1.70682,1.70691,1.38,1.00
2014.02.24 17:57:27.480,1.70685,1.70696,1.00,1.50
2014.02.24 17:57:27.632,1.70685,1.70696,1.85,1.00
2014.02.24 17:57:27.884,1.70691,1.70701,1.00,1.00
2014.02.24 17:57:30.177,1.70694,1.70701,1.00,1.00
2014.02.24 17:57:30.633,1.70694,1.70705,1.18,1.88
2014.02.24 17:57:30.735,1.70695,1.70707,1.10,1.88
2014.02.24 17:57:30.836,1.70698,1.70707,1.00,1.88
2014.02.24 17:57:31.403,1.70698,1.70707,1.00,1.88
2014.02.24 17:57:31.815,1.70695,1.70707,1.00,1.88
2014.02.24 17:57:31.967,1.70695,1.70709,1.13,2.63
2014.02.24 17:57:32.978,1.70695,1.70709,1.13,2.63
2014.02.24 17:57:33.232,1.70699,1.70711,1.00,2.78
2014.02.24 17:57:34.276,1.70699,1.7071,1.00,1.95
2014.02.24 17:57:34.734,1.70699,1.70708,1.00,1.88
2014.02.24 17:57:35.250,1.70699,1.70709,1.00,2.03
2014.02.24 17:57:36.088,1.70694,1.70709,1.38,2.78
2014.02.24 17:57:36.357,1.70694,1.70706,1.00,1.00
2014.02.24 17:57:36.408,1.70691,1.70706,1.10,1.50
2014.02.24 17:57:36.509,1.70691,1.70706,1.00,3.83
2014.02.24 17:57:36.812,1.70695,1.70706,1.00,1.58
2014.02.24 17:57:40.223,1.70695,1.70702,1.00,1.88
2014.02.24 17:57:40.889,1.70695,1.70704,1.00,2.25
2014.02.24 17:57:41.558,1.70695,1.70706,1.00,1.10
2014.02.24 17:57:41.965,1.70695,1.70705,1.10,1.88
2014.02.24 17:57:42.289,1.70695,1.70706,1.00,2.25
2014.02.24 17:57:53.456,1.70695,1.70706,1.00,3.38
2014.02.24 17:57:53.860,1.70695,1.70701,1.00,1.00
2014.02.24 17:57:55.835,1.70687,1.70696,1.28,1.00
2014.02.24 17:57:55.987,1.70693,1.70701,1.00,1.38
2014.02.24 17:57:56.653,1.7069,1.70696,1.00,1.00
2014.02.24 17:57:56.754,1.70687,1.70696,1.00,2.63
2014.02.24 17:57:56.906,1.70687,1.70694,1.00,2.25
2014.02.24 17:57:57.236,1.70683,1.70691,1.00,2.63
2014.02.24 17:58:00.839,1.70683,1.7069,1.00,1.88
2014.02.24 17:58:00.982,1.70675,1.70686,1.13,1.00
2014.02.24 17:58:02.611,1.70679,1.70686,1.00,1.00
2014.02.24 17:58:03.020,1.70676,1.70686,1.00,1.00
2014.02.24 17:58:03.121,1.70676,1.70681,1.00,1.00
2014.02.24 17:58:03.172,1.70672,1.70681,1.00,1.00
2014.02.24 17:58:03.688,1.70672,1.70681,1.38,1.00
2014.02.24 17:58:05.681,1.70672,1.70681,1.00,1.00
2014.02.24 17:58:08.148,1.70674,1.70687,1.00,3.53
2014.02.24 17:58:08.199,1.70678,1.7069,1.00,3.45
2014.02.24 17:58:08.502,1.70681,1.70693,1.00,2.33
2014.02.24 17:58:09.170,1.70681,1.70691,1.00,1.88
2014.02.24 17:58:11.636,1.70681,1.70691,1.00,3.00
2014.02.24 17:58:11.737,1.70677,1.70688,1.00,1.88
2014.02.24 17:58:11.842,1.70674,1.70688,2.33,1.88
2014.02.24 17:58:12.429,1.70674,1.70687,2.33,1.88
2014.02.24 17:58:13.124,1.70674,1.70686,2.33,1.88
2014.02.24 17:58:13.923,1.70674,1.70687,2.33,1.88
2014.02.24 17:58:14.980,1.70674,1.70686,1.58,1.00
2014.02.24 17:58:15.283,1.70671,1.70684,1.85,1.88
2014.02.24 17:58:16.584,1.70674,1.7068,1.00,2.59
2014.02.24 17:58:16.786,1.70664,1.70676,1.50,3.00
2014.02.24 17:58:16.888,1.70662,1.70675,1.20,1.00
2014.02.24 17:58:17.553,1.70664,1.70676,1.50,1.00
2014.02.24 17:58:18.135,1.70662,1.70676,1.48,1.38
2014.02.24 17:58:18.387,1.70664,1.70679,2.25,3.08
2014.02.24 17:58:18.438,1.70664,1.70679,2.25,1.20
2014.02.24 17:58:18.589,1.70667,1.70681,1.50,2.70
2014.02.24 17:58:19.104,1.70669,1.70681,1.00,2.63
2014.02.24 17:58:20.576,1.70669,1.7068,1.00,1.88
2014.02.24 17:58:21.644,1.70665,1.7068,1.93,2.63
2014.02.24 17:58:23.963,1.70668,1.70681,1.13,2.63
2014.02.24 17:58:27.412,1.70668,1.7068,1.13,1.88
2014.02.24 17:58:27.463,1.70671,1.7068,1.00,1.88
2014.02.24 17:58:27.767,1.70667,1.70676,1.00,1.09
2014.02.24 17:58:28.020,1.70669,1.70681,1.00,1.18
2014.02.24 17:58:28.223,1.70672,1.70681,1.00,1.00
2014.02.24 17:58:30.310,1.70672,1.70684,1.00,3.08
2014.02.24 17:58:32.067,1.70672,1.70686,1.00,2.40
2014.02.24 17:58:32.324,1.70672,1.70686,1.00,3.90
2014.02.24 17:58:35.168,1.70672,1.70686,1.00,3.08
2014.02.24 17:58:40.331,1.70675,1.70686,1.00,1.58
2014.02.24 17:58:45.722,1.70678,1.70691,1.00,3.08
2014.02.24 17:58:45.925,1.70681,1.70691,1.00,1.00
2014.02.24 17:58:46.440,1.70681,1.70691,1.00,1.38
2014.02.24 17:58:48.995,1.70681,1.70696,1.00,3.42
2014.02.24 17:58:49.536,1.70681,1.70696,1.00,2.74
2014.02.24 17:58:49.687,1.70684,1.70696,1.00,1.65
2014.02.24 17:58:50.160,1.70684,1.70696,1.00,1.58
2014.02.24 17:58:50.362,1.70687,1.707,1.00,1.95
2014.02.24 17:58:50.678,1.7068,1.7069,1.88,1.13
2014.02.24 17:58:50.730,1.70675,1.70689,1.15,1.00
2014.02.24 17:58:50.831,1.70684,1.70689,1.00,1.00
2014.02.24 17:58:50.882,1.70681,1.70689,1.00,1.00
2014.02.24 17:58:50.983,1.70684,1.70693,1.00,1.13
2014.02.24 17:58:51.220,1.70684,1.70696,1.00,3.15
2014.02.24 17:58:56.656,1.70684,1.70691,1.00,1.00
2014.02.24 17:58:57.250,1.70684,1.70691,1.00,1.38
2014.02.24 17:58:57.402,1.70681,1.70691,1.00,1.58
2014.02.24 17:58:57.453,1.70681,1.70686,1.00,1.00
2014.02.24 17:58:57.504,1.70677,1.70686,1.00,1.00
2014.02.24 17:58:57.706,1.70674,1.70686,1.10,1.00
2014.02.24 17:58:57.908,1.70679,1.70686,1.00,1.00
2014.02.24 17:58:58.111,1.70679,1.7069,1.00,1.15
2014.02.24 17:58:58.620,1.70679,1.70691,1.00,2.70
2014.02.24 17:58:59.267,1.70679,1.70691,1.00,2.70
2014.02.24 17:59:00.007,1.70682,1.70691,1.00,2.63
2014.02.24 17:59:00.436,1.70682,1.70695,1.00,1.15
2014.02.24 17:59:00.487,1.70686,1.70695,1.00,1.15
2014.02.24 17:59:00.651,1.70686,1.70696,1.00,3.38
2014.02.24 17:59:00.949,1.70686,1.70691,1.00,1.00
2014.02.24 17:59:03.795,1.70686,1.70696,1.00,1.50
2014.02.24 17:59:05.128,1.70686,1.70691,1.00,1.00
2014.02.24 17:59:10.327,1.70686,1.70695,1.00,3.00
2014.02.24 17:59:10.579,1.7068,1.70686,1.00,2.25
2014.02.24 17:59:10.630,1.70674,1.70681,1.53,1.00
2014.02.24 17:59:10.832,1.7068,1.70686,1.00,1.13
2014.02.24 17:59:14.607,1.70674,1.70681,1.53,1.00
2014.02.24 17:59:14.709,1.7068,1.70686,1.00,1.13
2014.02.24 17:59:14.760,1.70678,1.70686,1.00,1.13
2014.02.24 17:59:20.636,1.70678,1.70691,1.10,1.50
2014.02.24 17:59:20.737,1.70679,1.70691,1.20,1.00
2014.02.24 17:59:21.047,1.70685,1.70691,1.00,1.00
2014.02.24 17:59:24.906,1.70685,1.70691,1.00,1.50
2014.02.24 17:59:25.108,1.7068,1.70686,1.00,1.00
2014.02.24 17:59:25.159,1.7068,1.7069,1.00,1.50
2014.02.24 17:59:25.664,1.7068,1.7069,1.13,1.00
2014.02.24 17:59:28.322,1.7068,1.70686,1.00,1.00
2014.02.24 17:59:30.419,1.7068,1.70688,1.00,1.88
2014.02.24 17:59:30.470,1.7068,1.70691,1.00,2.63
2014.02.24 17:59:30.672,1.7068,1.70691,1.95,1.88
2014.02.24 17:59:30.975,1.70686,1.70696,1.38,1.00
2014.02.24 17:59:31.177,1.70689,1.707,1.50,3.00
2014.02.24 17:59:31.229,1.70689,1.70696,1.08,1.00
2014.02.24 17:59:31.754,1.70689,1.70696,1.00,1.13
2014.02.24 17:59:32.374,1.70689,1.70696,1.00,1.50
2014.02.24 17:59:32.577,1.70684,1.70693,1.10,1.88
2014.02.24 17:59:32.779,1.70681,1.70693,1.10,1.88
2014.02.24 17:59:32.930,1.70684,1.70693,1.00,1.88
2014.02.24 17:59:33.033,1.70681,1.70693,1.10,1.88
2014.02.24 17:59:34.333,1.70681,1.70692,1.10,1.09
2014.02.24 17:59:34.636,1.70678,1.70686,1.00,1.00
2014.02.24 17:59:36.451,1.70678,1.70686,1.18,1.00
2014.02.24 17:59:37.001,1.70678,1.70686,1.00,1.00
2014.02.24 17:59:37.276,1.70679,1.70693,2.63,1.13
2014.02.24 17:59:37.326,1.70681,1.70694,1.00,2.70
2014.02.24 17:59:37.634,1.70685,1.70695,1.00,2.25
2014.02.24 17:59:38.056,1.70687,1.70696,1.00,1.38
2014.02.24 17:59:38.561,1.70687,1.70696,1.00,1.00
2014.02.24 17:59:40.818,1.70687,1.70696,1.00,1.34
2014.02.24 17:59:41.071,1.70674,1.70686,1.15,1.00
2014.02.24 17:59:41.375,1.70674,1.70686,1.10,1.00
2014.02.24 17:59:41.478,1.70678,1.70686,1.00,1.00
2014.02.24 17:59:41.970,1.70672,1.70681,1.15,1.00
2014.02.24 17:59:42.122,1.70678,1.70686,1.00,1.00
2014.02.24 17:59:42.324,1.70679,1.70692,1.00,1.88
2014.02.24 17:59:42.381,1.70681,1.70692,1.13,1.88
2014.02.24 17:59:42.886,1.70681,1.70691,1.00,2.63
2014.02.24 17:59:43.982,1.70681,1.70689,1.00,1.88
2014.02.24 17:59:44.134,1.70676,1.70691,1.28,3.38
2014.02.24 17:59:44.729,1.70679,1.70691,1.00,1.38
2014.02.24 17:59:46.007,1.70679,1.70691,1.00,2.63
2014.02.24 17:59:46.517,1.70679,1.70694,2.40,1.00
2014.02.24 17:59:46.568,1.70685,1.70699,1.00,1.58
2014.02.24 17:59:46.871,1.70682,1.70691,1.00,1.00
2014.02.24 17:59:47.598,1.70682,1.70695,1.00,2.67
2014.02.24 17:59:48.160,1.70682,1.70686,1.13,1.00
2014.02.24 17:59:48.211,1.7068,1.70686,1.88,1.00
2014.02.24 17:59:48.269,1.70678,1.70689,1.10,1.88
2014.02.24 17:59:48.572,1.70678,1.70687,1.18,1.88
2014.02.24 17:59:48.674,1.70678,1.70691,1.00,1.13
2014.02.24 17:59:49.382,1.70678,1.70686,1.00,1.88
2014.02.24 17:59:51.198,1.70678,1.70689,1.00,1.88
2014.02.24 17:59:51.299,1.70679,1.70689,1.38,1.88
2014.02.24 17:59:51.611,1.70679,1.70686,1.00,1.88
2014.02.24 17:59:51.712,1.70679,1.70691,1.38,1.88
2014.02.24 17:59:52.258,1.70682,1.7069,1.00,1.88
2014.02.24 17:59:54.483,1.70682,1.70691,1.38,1.88
2014.02.24 17:59:55.102,1.70682,1.70691,1.48,1.88
2014.02.24 17:59:55.304,1.70686,1.70694,1.00,1.88
2014.02.24 17:59:55.775,1.70688,1.70695,1.00,1.88
2014.02.24 17:59:56.106,1.70684,1.70691,1.38,1.00
2014.02.24 17:59:56.258,1.70681,1.70687,1.00,1.88
2014.02.24 17:59:56.780,1.70681,1.70686,1.00,1.88
2014.02.24 17:59:57.296,1.70681,1.70685,1.00,1.88
2014.02.24 17:59:58.081,1.70681,1.70691,1.00,1.85
2014.02.24 17:59:59.302,1.70673,1.70684,1.55,1.88
