2016.01.25 10:00:00.429,1.68818,1.68831,1.50,1.00
2016.01.25 10:00:00.583,1.68818,1.68835,1.50,1.00
2016.01.25 10:00:00.634,1.68818,1.68835,1.87,1.00
2016.01.25 10:00:01.016,1.68819,1.68834,1.57,1.00
2016.01.25 10:00:01.324,1.68819,1.68831,1.00,1.00
2016.01.25 10:00:02.175,1.68818,1.68831,1.50,1.00
2016.01.25 10:00:02.990,1.68818,1.68834,1.50,1.00
2016.01.25 10:00:03.041,1.68818,1.68836,2.06,1.50
2016.01.25 10:00:03.347,1.68822,1.68839,1.75,1.12
2016.01.25 10:00:03.549,1.68826,1.68839,1.00,1.00
2016.01.25 10:00:03.600,1.68826,1.68842,1.00,1.61
2016.01.25 10:00:03.652,1.68826,1.68842,1.37,1.48
2016.01.25 10:00:03.907,1.6883,1.68846,1.37,1.00
2016.01.25 10:00:03.959,1.6883,1.68846,1.37,1.00
2016.01.25 10:00:04.467,1.6883,1.68847,3.00,1.00
2016.01.25 10:00:06.019,1.68833,1.68847,1.37,1.16
2016.01.25 10:00:06.532,1.68831,1.68849,1.37,1.37
2016.01.25 10:00:06.583,1.68832,1.68851,3.00,1.44
2016.01.25 10:00:06.635,1.68836,1.68851,1.37,1.44
2016.01.25 10:00:06.686,1.68837,1.68853,1.37,1.00
2016.01.25 10:00:06.737,1.68838,1.68854,1.37,1.16
2016.01.25 10:00:06.789,1.68842,1.68857,1.37,1.50
2016.01.25 10:00:06.840,1.68842,1.68857,1.37,1.50
2016.01.25 10:00:07.341,1.68841,1.68857,1.87,1.12
2016.01.25 10:00:07.443,1.68841,1.68855,1.37,1.37
2016.01.25 10:00:07.984,1.68841,1.68855,1.37,1.12
2016.01.25 10:00:08.559,1.68841,1.68855,1.37,1.16
2016.01.25 10:00:08.881,1.68841,1.68857,3.00,1.00
2016.01.25 10:00:09.187,1.68842,1.68857,1.50,1.00
2016.01.25 10:00:10.255,1.68846,1.6886,1.37,1.00
2016.01.25 10:00:10.358,1.68846,1.68861,1.94,1.00
2016.01.25 10:00:10.664,1.68848,1.68861,2.44,1.00
2016.01.25 10:00:12.659,1.68848,1.68864,1.31,1.00
2016.01.25 10:00:12.710,1.6885,1.68867,4.12,1.20
2016.01.25 10:00:12.762,1.68851,1.68867,1.69,1.00
2016.01.25 10:00:12.814,1.68857,1.6887,1.12,1.12
2016.01.25 10:00:12.865,1.68857,1.68872,1.37,2.25
2016.01.25 10:00:12.917,1.68857,1.68874,1.50,1.00
2016.01.25 10:00:12.968,1.68857,1.68874,1.50,1.00
2016.01.25 10:00:13.593,1.68859,1.68875,1.39,1.00
2016.01.25 10:00:14.102,1.68861,1.68876,1.39,1.00
2016.01.25 10:00:14.604,1.68859,1.68875,1.64,1.00
2016.01.25 10:00:14.910,1.68854,1.68867,1.37,1.00
2016.01.25 10:00:15.064,1.68851,1.68867,1.50,1.00
2016.01.25 10:00:15.460,1.68855,1.6887,2.70,1.00
2016.01.25 10:00:15.766,1.68857,1.68872,1.37,1.12
2016.01.25 10:00:16.072,1.6886,1.68874,1.37,1.00
2016.01.25 10:00:16.682,1.6886,1.68875,3.45,1.00
2016.01.25 10:00:16.995,1.68859,1.68866,1.50,1.00
2016.01.25 10:00:17.047,1.68859,1.68866,1.12,1.00
2016.01.25 10:00:17.098,1.68854,1.68863,1.00,1.37
2016.01.25 10:00:17.746,1.68854,1.68863,1.00,1.00
2016.01.25 10:00:17.798,1.68854,1.68865,1.00,1.00
2016.01.25 10:00:17.901,1.68854,1.68867,1.00,1.00
2016.01.25 10:00:17.952,1.68854,1.68867,1.37,1.00
2016.01.25 10:00:18.004,1.68856,1.68869,2.70,1.12
2016.01.25 10:00:18.056,1.68856,1.68869,2.70,1.00
2016.01.25 10:00:18.261,1.68857,1.68873,1.75,1.00
2016.01.25 10:00:18.312,1.68861,1.68873,1.87,1.00
2016.01.25 10:00:18.415,1.6886,1.68872,3.07,1.00
2016.01.25 10:00:18.517,1.68858,1.68869,1.75,1.00
2016.01.25 10:00:18.860,1.68856,1.68867,1.87,1.00
2016.01.25 10:00:19.115,1.6885,1.68863,1.75,1.00
2016.01.25 10:00:19.217,1.68848,1.68863,1.12,1.00
2016.01.25 10:00:19.268,1.68848,1.68861,1.12,1.00
2016.01.25 10:00:19.471,1.68846,1.68861,1.12,1.00
2016.01.25 10:00:19.574,1.68845,1.68859,1.37,1.00
2016.01.25 10:00:19.915,1.68842,1.68855,1.12,1.00
2016.01.25 10:00:19.966,1.68841,1.68855,1.12,1.00
2016.01.25 10:00:20.949,1.6884,1.68855,3.45,1.00
2016.01.25 10:00:21.812,1.6884,1.68856,1.12,1.00
2016.01.25 10:00:22.110,1.68841,1.68858,1.50,1.00
2016.01.25 10:00:22.212,1.68842,1.68859,2.70,1.00
2016.01.25 10:00:22.721,1.68843,1.68859,1.87,1.00
2016.01.25 10:00:23.166,1.68844,1.68862,1.12,1.00
2016.01.25 10:00:23.674,1.68845,1.68862,1.00,1.00
2016.01.25 10:00:24.176,1.68846,1.68862,1.00,1.00
2016.01.25 10:00:25.408,1.68846,1.68864,2.06,1.69
2016.01.25 10:00:26.272,1.68846,1.68863,1.50,1.00
2016.01.25 10:00:26.324,1.6885,1.68865,1.00,1.56
2016.01.25 10:00:26.477,1.68847,1.68864,1.00,3.00
2016.01.25 10:00:27.013,1.68846,1.68861,1.00,1.69
2016.01.25 10:00:28.109,1.68846,1.68859,1.00,1.00
2016.01.25 10:00:28.363,1.68844,1.68859,1.50,1.00
2016.01.25 10:00:28.872,1.68844,1.68857,1.00,1.00
2016.01.25 10:00:29.279,1.68844,1.68857,1.00,1.87
2016.01.25 10:00:29.609,1.68844,1.68857,1.00,1.00
2016.01.25 10:00:30.245,1.68845,1.68857,1.00,1.00
2016.01.25 10:00:30.296,1.68847,1.68858,1.00,1.58
2016.01.25 10:00:30.589,1.68847,1.6886,1.50,1.00
2016.01.25 10:00:30.641,1.68849,1.68861,1.00,1.12
2016.01.25 10:00:30.947,1.68852,1.68861,1.87,1.00
2016.01.25 10:00:31.404,1.68853,1.68861,1.00,1.00
2016.01.25 10:00:31.773,1.68853,1.68865,1.00,1.00
2016.01.25 10:00:31.825,1.68853,1.68867,1.00,1.00
2016.01.25 10:00:33.348,1.68853,1.68869,1.00,1.58
2016.01.25 10:00:33.450,1.68856,1.68869,1.00,1.58
2016.01.25 10:00:33.755,1.68858,1.68872,1.00,1.00
2016.01.25 10:00:34.299,1.68858,1.68872,1.00,1.58
2016.01.25 10:00:34.655,1.68866,1.68874,1.00,3.27
2016.01.25 10:00:34.706,1.68865,1.68875,1.12,1.00
2016.01.25 10:00:34.758,1.68868,1.68878,1.00,1.00
2016.01.25 10:00:35.206,1.6887,1.68878,1.12,1.00
2016.01.25 10:00:35.511,1.68877,1.68882,1.37,1.00
2016.01.25 10:00:36.020,1.68871,1.68879,1.12,1.00
2016.01.25 10:00:36.305,1.68867,1.6888,1.37,1.02
2016.01.25 10:00:36.814,1.68866,1.68879,1.37,1.00
2016.01.25 10:00:37.365,1.68866,1.68879,1.37,1.52
2016.01.25 10:00:37.874,1.68864,1.68878,1.37,1.52
2016.01.25 10:00:38.515,1.6886,1.68872,1.87,1.02
2016.01.25 10:00:38.567,1.68857,1.68871,1.00,1.00
2016.01.25 10:00:39.079,1.68853,1.68871,2.06,1.77
2016.01.25 10:00:39.539,1.68857,1.68874,1.00,2.33
2016.01.25 10:00:40.048,1.68857,1.68872,1.50,1.00
2016.01.25 10:00:40.303,1.68859,1.68874,1.00,1.12
2016.01.25 10:00:40.907,1.68859,1.68873,1.00,1.00
2016.01.25 10:00:41.060,1.68856,1.68873,1.00,1.00
2016.01.25 10:00:41.111,1.68856,1.68869,1.00,1.00
2016.01.25 10:00:41.264,1.68849,1.68864,1.12,1.12
2016.01.25 10:00:41.315,1.68847,1.68861,1.54,1.00
2016.01.25 10:00:41.726,1.68843,1.68852,1.16,1.00
2016.01.25 10:00:41.784,1.68835,1.68846,2.85,1.00
2016.01.25 10:00:41.836,1.6883,1.68847,1.00,1.81
2016.01.25 10:00:41.938,1.68828,1.68847,1.50,1.81
2016.01.25 10:00:42.803,1.68828,1.68847,2.25,1.87
2016.01.25 10:00:43.260,1.68834,1.68847,1.00,1.12
2016.01.25 10:00:44.249,1.68832,1.68846,1.00,1.00
2016.01.25 10:00:44.352,1.68832,1.68846,1.00,3.00
2016.01.25 10:00:45.220,1.6883,1.68844,1.00,1.00
2016.01.25 10:00:45.414,1.68832,1.68844,1.00,1.00
2016.01.25 10:00:45.877,1.68832,1.68847,1.00,1.12
2016.01.25 10:00:45.928,1.68834,1.68848,1.00,1.37
2016.01.25 10:00:46.437,1.68835,1.6885,1.00,1.12
2016.01.25 10:00:46.940,1.68835,1.68849,1.00,1.87
2016.01.25 10:00:47.600,1.68835,1.68851,1.00,3.37
2016.01.25 10:00:48.153,1.68835,1.68851,1.00,2.62
2016.01.25 10:00:48.205,1.68837,1.68851,1.00,2.62
2016.01.25 10:00:48.510,1.68841,1.68853,1.00,2.06
2016.01.25 10:00:48.612,1.68841,1.68855,1.00,1.50
2016.01.25 10:00:49.220,1.68843,1.68855,1.00,1.12
2016.01.25 10:00:49.527,1.68838,1.68855,1.12,1.87
2016.01.25 10:00:49.629,1.68838,1.68851,1.12,1.62
2016.01.25 10:00:49.732,1.68838,1.68853,1.12,1.12
2016.01.25 10:00:49.989,1.68838,1.68851,1.00,3.00
2016.01.25 10:00:50.505,1.68835,1.68849,1.00,3.00
2016.01.25 10:00:50.658,1.68833,1.68849,1.00,3.00
2016.01.25 10:00:51.065,1.6883,1.68845,1.00,1.12
2016.01.25 10:00:51.690,1.68832,1.68845,1.00,1.50
2016.01.25 10:00:51.844,1.68832,1.68848,1.00,3.37
2016.01.25 10:00:52.475,1.68832,1.68847,1.00,1.12
2016.01.25 10:00:53.597,1.68832,1.68849,1.00,4.87
2016.01.25 10:00:54.347,1.68832,1.68847,1.00,1.15
2016.01.25 10:00:54.684,1.68832,1.68847,1.00,1.30
2016.01.25 10:00:55.344,1.68832,1.68846,1.00,2.74
2016.01.25 10:00:55.496,1.6883,1.68846,1.00,3.12
2016.01.25 10:00:56.337,1.6883,1.68846,1.00,1.74
2016.01.25 10:00:56.846,1.6883,1.68846,1.00,1.68
2016.01.25 10:00:57.469,1.6883,1.68847,2.06,1.37
2016.01.25 10:00:57.775,1.68835,1.68848,1.00,1.37
2016.01.25 10:00:57.826,1.68833,1.68848,1.00,1.80
2016.01.25 10:00:58.081,1.68836,1.68847,1.00,1.15
2016.01.25 10:00:58.184,1.68833,1.68851,1.94,1.75
2016.01.25 10:00:58.236,1.68832,1.68849,1.87,1.80
2016.01.25 10:00:58.488,1.6883,1.68846,1.37,1.30
2016.01.25 10:00:58.643,1.68831,1.68847,1.37,1.05
2016.01.25 10:00:58.796,1.68831,1.68846,1.37,1.50
2016.01.25 10:01:00.169,1.68833,1.68846,1.12,1.12
2016.01.25 10:01:00.321,1.68834,1.6885,1.00,1.80
2016.01.25 10:01:00.689,1.68834,1.6885,1.00,1.50
2016.01.25 10:01:00.844,1.68837,1.6885,1.00,1.50
2016.01.25 10:01:00.946,1.68837,1.68852,1.56,1.00
2016.01.25 10:01:01.353,1.68837,1.68854,3.75,2.62
2016.01.25 10:01:01.882,1.68837,1.68853,1.00,1.00
2016.01.25 10:01:01.934,1.6884,1.68854,1.00,1.00
2016.01.25 10:01:02.393,1.68843,1.68854,1.00,1.00
2016.01.25 10:01:02.911,1.68848,1.68858,1.00,3.75
2016.01.25 10:01:03.128,1.68851,1.68864,1.00,3.75
2016.01.25 10:01:03.179,1.68851,1.68864,1.00,1.31
2016.01.25 10:01:03.332,1.68855,1.68865,1.00,3.37
2016.01.25 10:01:03.537,1.68859,1.6887,1.00,1.00
2016.01.25 10:01:03.640,1.68863,1.68873,1.00,1.12
2016.01.25 10:01:03.979,1.68865,1.68879,1.00,1.50
2016.01.25 10:01:04.540,1.68867,1.6888,1.00,1.37
2016.01.25 10:01:05.202,1.68867,1.68881,1.00,1.50
2016.01.25 10:01:05.421,1.68869,1.68883,1.00,1.64
2016.01.25 10:01:05.472,1.68869,1.68884,1.00,1.37
2016.01.25 10:01:06.032,1.68872,1.68887,1.00,2.25
2016.01.25 10:01:06.083,1.68873,1.68887,1.00,2.25
2016.01.25 10:01:06.294,1.68873,1.68887,1.00,1.12
2016.01.25 10:01:06.451,1.68872,1.68886,1.00,1.76
2016.01.25 10:01:06.667,1.6887,1.68883,1.00,1.12
2016.01.25 10:01:07.175,1.68869,1.68883,1.00,1.37
2016.01.25 10:01:07.697,1.68868,1.68882,1.00,1.12
2016.01.25 10:01:07.799,1.68865,1.68882,1.00,1.39
2016.01.25 10:01:07.952,1.68865,1.68881,1.00,1.01
2016.01.25 10:01:09.433,1.68867,1.68882,1.00,1.39
2016.01.25 10:01:09.485,1.68867,1.6888,1.00,1.00
2016.01.25 10:01:11.615,1.68867,1.68884,1.00,1.75
2016.01.25 10:01:12.260,1.6887,1.68884,1.00,1.75
2016.01.25 10:01:12.464,1.6887,1.68886,1.00,2.44
2016.01.25 10:01:13.683,1.6887,1.68886,1.00,2.06
2016.01.25 10:01:14.108,1.68866,1.68881,1.00,1.56
2016.01.25 10:01:14.874,1.6887,1.68881,1.00,1.69
2016.01.25 10:01:14.976,1.6887,1.68885,1.31,1.47
2016.01.25 10:01:15.147,1.6887,1.68885,1.31,1.20
2016.01.25 10:01:15.708,1.6887,1.68886,1.00,2.44
2016.01.25 10:01:16.014,1.68877,1.6889,1.00,1.75
2016.01.25 10:01:16.065,1.68877,1.6889,1.00,1.37
2016.01.25 10:01:16.326,1.68879,1.68892,1.00,1.00
2016.01.25 10:01:16.377,1.68879,1.68894,1.12,1.50
2016.01.25 10:01:16.480,1.68881,1.68895,1.00,1.37
2016.01.25 10:01:16.989,1.68879,1.68896,1.00,2.44
2016.01.25 10:01:17.919,1.68878,1.68894,1.00,1.12
2016.01.25 10:01:18.574,1.68879,1.68894,1.00,1.25
2016.01.25 10:01:21.384,1.68879,1.68895,1.00,1.75
2016.01.25 10:01:21.793,1.68878,1.68891,1.00,1.37
2016.01.25 10:01:22.098,1.68876,1.68889,1.00,1.00
2016.01.25 10:01:23.759,1.68875,1.68889,1.00,1.00
2016.01.25 10:01:24.065,1.68872,1.68891,1.62,2.00
2016.01.25 10:01:24.492,1.6887,1.68889,3.00,3.37
2016.01.25 10:01:24.543,1.6887,1.68889,1.87,3.37
2016.01.25 10:01:25.052,1.6887,1.68886,1.00,1.00
2016.01.25 10:01:26.322,1.68867,1.68886,4.50,1.00
2016.01.25 10:01:26.374,1.68867,1.68886,1.00,1.31
2016.01.25 10:01:26.425,1.68867,1.68886,1.00,1.62
2016.01.25 10:01:26.733,1.68875,1.68888,1.00,1.37
2016.01.25 10:01:26.835,1.68875,1.68889,1.00,1.12
2016.01.25 10:01:27.354,1.68875,1.6889,1.00,1.00
2016.01.25 10:01:32.369,1.68876,1.68891,1.00,1.12
2016.01.25 10:01:32.472,1.68879,1.68895,1.37,2.06
2016.01.25 10:01:32.730,1.68885,1.689,1.00,1.00
2016.01.25 10:01:32.984,1.68885,1.68902,1.00,1.00
2016.01.25 10:01:33.391,1.68887,1.68902,1.00,1.37
2016.01.25 10:01:34.005,1.6889,1.68903,1.00,1.75
2016.01.25 10:01:34.108,1.6889,1.68906,1.37,1.50
2016.01.25 10:01:34.262,1.68888,1.68904,1.50,1.00
2016.01.25 10:01:34.365,1.68889,1.68904,1.37,1.69
2016.01.25 10:01:34.518,1.68889,1.68905,1.37,1.25
2016.01.25 10:01:35.053,1.68889,1.68905,1.37,1.12
2016.01.25 10:01:36.952,1.68886,1.68902,1.37,1.25
2016.01.25 10:01:37.154,1.68886,1.68902,1.12,1.25
2016.01.25 10:01:37.883,1.68886,1.68901,1.12,1.00
2016.01.25 10:01:37.985,1.68884,1.68899,1.00,1.12
2016.01.25 10:01:38.087,1.68881,1.68895,1.00,1.25
2016.01.25 10:01:38.270,1.68879,1.68895,1.00,1.31
2016.01.25 10:01:38.322,1.68876,1.68893,1.00,3.75
2016.01.25 10:01:38.627,1.68872,1.68889,1.37,3.00
2016.01.25 10:01:39.596,1.68872,1.6889,1.37,4.50
2016.01.25 10:01:39.647,1.68872,1.68888,2.62,1.25
2016.01.25 10:01:39.952,1.68872,1.68888,2.62,3.75
2016.01.25 10:01:40.105,1.68872,1.68888,2.62,1.62
2016.01.25 10:01:40.361,1.68872,1.68888,2.62,3.75
2016.01.25 10:01:40.566,1.68875,1.6889,1.37,4.12
2016.01.25 10:01:40.769,1.68875,1.6889,1.37,1.69
2016.01.25 10:01:40.971,1.68875,1.6889,1.00,1.62
2016.01.25 10:01:41.481,1.68873,1.68889,1.37,4.50
2016.01.25 10:01:41.939,1.6887,1.68883,3.00,1.00
2016.01.25 10:01:41.990,1.68869,1.68883,1.00,3.75
2016.01.25 10:01:42.092,1.68869,1.68881,1.00,4.12
2016.01.25 10:01:42.463,1.68869,1.68882,1.00,4.87
2016.01.25 10:01:42.977,1.68867,1.68882,1.37,3.75
2016.01.25 10:01:43.282,1.68866,1.68881,1.00,1.31
2016.01.25 10:01:44.312,1.68868,1.6888,1.00,1.31
2016.01.25 10:01:44.464,1.6887,1.68883,1.00,1.62
2016.01.25 10:01:44.617,1.68868,1.68883,1.12,3.37
2016.01.25 10:01:44.771,1.68866,1.68883,1.50,1.25
2016.01.25 10:01:44.873,1.68866,1.68882,1.50,1.56
2016.01.25 10:01:44.924,1.68866,1.68882,1.12,1.56
2016.01.25 10:01:45.178,1.68869,1.6888,1.00,3.37
2016.01.25 10:01:45.280,1.68869,1.68882,1.00,1.69
2016.01.25 10:01:45.536,1.68869,1.68885,1.00,1.56
2016.01.25 10:01:46.044,1.68869,1.68886,1.00,2.06
2016.01.25 10:01:47.299,1.68869,1.68886,1.46,3.75
2016.01.25 10:01:48.156,1.68873,1.68886,1.00,1.31
2016.01.25 10:01:48.410,1.6887,1.68886,1.00,3.37
2016.01.25 10:01:48.716,1.68868,1.68884,1.00,3.00
2016.01.25 10:01:48.868,1.68866,1.68883,1.00,1.69
2016.01.25 10:01:49.065,1.68866,1.68877,1.00,3.75
2016.01.25 10:01:49.116,1.68862,1.68877,1.00,3.75
2016.01.25 10:01:49.474,1.68866,1.68878,1.00,1.31
2016.01.25 10:01:49.576,1.68867,1.6888,1.00,1.12
2016.01.25 10:01:49.678,1.68866,1.68883,1.50,1.69
2016.01.25 10:01:50.547,1.68866,1.68883,1.34,1.12
2016.01.25 10:01:51.056,1.68868,1.68884,1.00,1.87
2016.01.25 10:01:51.749,1.6887,1.68884,1.00,1.37
2016.01.25 10:01:52.055,1.6887,1.68889,1.65,2.25
2016.01.25 10:01:54.127,1.68873,1.6889,1.00,4.69
2016.01.25 10:01:54.372,1.68873,1.6889,1.09,2.25
2016.01.25 10:01:57.288,1.68875,1.6889,1.00,1.75
2016.01.25 10:01:57.589,1.68876,1.68892,1.87,1.00
2016.01.25 10:01:57.641,1.68878,1.68892,1.87,1.00
2016.01.25 10:01:58.497,1.68877,1.68892,1.31,1.50
2016.01.25 10:01:58.852,1.68875,1.68892,1.87,2.25
2016.01.25 10:01:59.260,1.68877,1.68893,1.87,1.87
2016.01.25 10:01:59.515,1.68884,1.68898,1.87,2.25
2016.01.25 10:01:59.617,1.68884,1.68898,1.87,1.87
2016.01.25 10:01:59.720,1.68887,1.689,1.87,1.87
2016.01.25 10:02:00.083,1.68891,1.68901,1.87,1.75
2016.01.25 10:02:00.135,1.68893,1.68903,1.87,1.12
2016.01.25 10:02:00.288,1.68894,1.68908,1.72,2.62
2016.01.25 10:02:00.391,1.68888,1.68904,1.34,1.75
2016.01.25 10:02:00.595,1.68886,1.68902,1.34,1.75
2016.01.25 10:02:01.208,1.68886,1.689,1.34,1.75
2016.01.25 10:02:01.717,1.68885,1.68899,1.34,1.75
2016.01.25 10:02:02.238,1.68885,1.68901,1.66,1.75
2016.01.25 10:02:02.341,1.68886,1.68901,1.34,1.75
2016.01.25 10:02:02.851,1.68886,1.68901,1.34,1.75
2016.01.25 10:02:03.220,1.68889,1.689,1.66,1.50
2016.01.25 10:02:03.322,1.6889,1.68902,1.66,1.12
2016.01.25 10:02:03.679,1.68889,1.68903,1.34,1.00
2016.01.25 10:02:03.781,1.6889,1.68902,1.66,1.00
2016.01.25 10:02:04.500,1.68884,1.689,1.00,1.37
2016.01.25 10:02:04.553,1.68884,1.68898,1.00,1.37
2016.01.25 10:02:05.061,1.68883,1.68896,1.00,1.00
2016.01.25 10:02:06.133,1.68883,1.68895,1.00,1.00
2016.01.25 10:02:06.954,1.68883,1.68895,1.00,2.62
2016.01.25 10:02:07.564,1.68883,1.68895,1.00,1.87
2016.01.25 10:02:08.212,1.68883,1.68895,1.00,1.87
2016.01.25 10:02:08.416,1.68879,1.68894,2.09,1.12
2016.01.25 10:02:08.570,1.68879,1.68892,1.00,1.00
2016.01.25 10:02:08.875,1.68881,1.68894,1.00,1.12
2016.01.25 10:02:09.535,1.68881,1.68895,1.00,1.87
2016.01.25 10:02:10.506,1.68879,1.68894,1.81,2.25
2016.01.25 10:02:10.963,1.6888,1.68892,1.00,1.50
2016.01.25 10:02:11.167,1.6888,1.68892,1.00,1.12
2016.01.25 10:02:11.855,1.6888,1.68892,1.31,1.75
2016.01.25 10:02:12.553,1.6888,1.68892,1.31,1.12
2016.01.25 10:02:13.062,1.68877,1.68892,1.00,1.12
2016.01.25 10:02:13.302,1.68877,1.68892,1.00,2.06
2016.01.25 10:02:13.607,1.68877,1.68887,1.00,1.00
2016.01.25 10:02:14.790,1.68879,1.68887,1.40,1.00
2016.01.25 10:02:14.842,1.6888,1.6889,1.00,1.00
2016.01.25 10:02:15.372,1.6888,1.68891,1.00,1.00
2016.01.25 10:02:16.863,1.68879,1.68891,1.12,1.00
2016.01.25 10:02:18.007,1.68877,1.68891,1.78,1.50
2016.01.25 10:02:18.381,1.68882,1.68893,1.37,1.12
2016.01.25 10:02:18.483,1.6888,1.68892,1.78,1.00
2016.01.25 10:02:18.585,1.68874,1.68891,1.75,1.00
2016.01.25 10:02:18.688,1.68874,1.68889,1.00,1.00
2016.01.25 10:02:19.330,1.68874,1.6889,3.28,1.00
2016.01.25 10:02:19.486,1.68875,1.68892,1.40,1.00
2016.01.25 10:02:20.084,1.68874,1.68893,2.54,1.31
2016.01.25 10:02:20.135,1.68874,1.6889,1.41,1.00
2016.01.25 10:02:20.442,1.68872,1.68888,1.41,1.00
2016.01.25 10:02:20.595,1.68871,1.68887,2.16,1.12
2016.01.25 10:02:21.235,1.68871,1.68887,1.79,1.12
2016.01.25 10:02:21.897,1.6887,1.68887,2.91,1.50
2016.01.25 10:02:24.707,1.6887,1.68888,2.16,1.00
2016.01.25 10:02:25.013,1.68872,1.68888,1.04,1.00
2016.01.25 10:02:25.546,1.68872,1.68888,1.04,1.00
2016.01.25 10:02:26.062,1.68871,1.68888,1.04,1.37
2016.01.25 10:02:26.367,1.68866,1.68883,2.16,1.50
2016.01.25 10:02:26.418,1.68866,1.68883,1.12,1.87
2016.01.25 10:02:26.953,1.68864,1.68881,1.04,1.12
2016.01.25 10:02:27.718,1.68864,1.68882,1.79,1.50
2016.01.25 10:02:28.229,1.68867,1.68884,1.04,1.69
2016.01.25 10:02:28.280,1.68867,1.68885,1.41,2.81
2016.01.25 10:02:28.484,1.68871,1.68886,1.00,1.62
2016.01.25 10:02:28.587,1.68871,1.68888,1.79,1.87
2016.01.25 10:02:29.096,1.68871,1.68888,1.50,1.31
2016.01.25 10:02:29.382,1.68872,1.68891,1.04,2.62
2016.01.25 10:02:29.485,1.68873,1.68891,1.66,1.87
2016.01.25 10:02:30.046,1.68873,1.68891,1.99,1.12
2016.01.25 10:02:30.200,1.68875,1.68893,1.00,3.94
2016.01.25 10:02:30.505,1.68874,1.68892,2.25,1.25
2016.01.25 10:02:30.608,1.68874,1.68891,1.99,1.69
2016.01.25 10:02:31.126,1.68874,1.68891,2.36,1.37
2016.01.25 10:02:32.445,1.68873,1.68892,1.61,4.12
2016.01.25 10:02:32.952,1.68872,1.6889,2.74,1.25
2016.01.25 10:02:33.461,1.68872,1.68891,1.37,1.62
2016.01.25 10:02:33.867,1.68875,1.68891,1.00,1.31
2016.01.25 10:02:34.477,1.68873,1.68891,1.12,2.06
2016.01.25 10:02:34.996,1.68874,1.68891,1.12,1.31
2016.01.25 10:02:35.282,1.68874,1.68889,1.12,1.25
2016.01.25 10:02:35.790,1.68872,1.6889,1.37,5.62
2016.01.25 10:02:35.842,1.68872,1.68889,1.12,1.56
2016.01.25 10:02:36.248,1.68871,1.68888,1.00,2.00
2016.01.25 10:02:37.221,1.68869,1.68884,1.50,1.25
2016.01.25 10:02:37.374,1.68869,1.68886,1.00,1.62
2016.01.25 10:02:37.528,1.68867,1.68885,1.10,1.00
2016.01.25 10:02:38.040,1.68868,1.68885,1.50,1.31
2016.01.25 10:02:38.684,1.68868,1.68887,1.50,3.75
2016.01.25 10:02:38.736,1.68872,1.68887,1.50,1.12
2016.01.25 10:02:39.638,1.68872,1.68888,1.50,1.00
2016.01.25 10:02:40.155,1.68873,1.68888,2.08,1.00
2016.01.25 10:02:40.555,1.68872,1.68886,2.08,1.00
2016.01.25 10:02:40.810,1.68869,1.68886,2.46,1.31
2016.01.25 10:02:41.960,1.68868,1.68886,3.21,1.31
2016.01.25 10:02:42.621,1.68867,1.68886,5.08,1.31
2016.01.25 10:02:44.062,1.68869,1.68886,2.83,1.00
2016.01.25 10:02:44.316,1.68871,1.68889,1.75,4.12
2016.01.25 10:02:44.695,1.68873,1.68889,1.10,1.00
2016.01.25 10:02:46.580,1.68874,1.68891,1.00,4.87
2016.01.25 10:02:46.631,1.68874,1.68891,1.85,4.50
2016.01.25 10:02:46.682,1.68875,1.68892,3.66,1.37
2016.01.25 10:02:47.194,1.68876,1.68891,1.37,1.00
2016.01.25 10:02:47.347,1.68875,1.6889,1.57,1.37
2016.01.25 10:02:47.449,1.68873,1.68889,3.28,1.12
2016.01.25 10:02:48.047,1.68873,1.68889,3.28,1.37
2016.01.25 10:02:48.836,1.68873,1.68889,2.91,1.12
2016.01.25 10:02:49.039,1.68873,1.68889,3.28,1.12
2016.01.25 10:02:49.586,1.68873,1.6889,5.16,1.69
2016.01.25 10:02:50.093,1.68873,1.68891,4.05,2.44
2016.01.25 10:02:50.601,1.68873,1.68891,2.17,2.44
2016.01.25 10:02:51.157,1.68873,1.6889,3.30,1.37
2016.01.25 10:02:54.047,1.68874,1.68889,1.37,1.25
2016.01.25 10:02:54.353,1.68877,1.68894,4.23,1.87
2016.01.25 10:02:55.646,1.68877,1.68894,2.55,1.12
2016.01.25 10:02:56.256,1.68878,1.68894,1.05,1.12
2016.01.25 10:02:56.906,1.68879,1.68894,1.42,1.87
2016.01.25 10:02:57.443,1.68879,1.68894,1.42,1.87
2016.01.25 10:02:59.448,1.68883,1.68896,1.12,1.25
2016.01.25 10:02:59.499,1.68883,1.68898,1.75,1.50
2016.01.25 10:02:59.602,1.68888,1.68901,1.37,1.50
2016.01.25 10:02:59.653,1.68888,1.68901,2.05,1.00
2016.01.25 10:02:59.959,1.68892,1.68901,1.67,1.00
2016.01.25 10:03:00.265,1.68896,1.68903,1.54,1.00
2016.01.25 10:03:00.569,1.68901,1.68909,1.31,1.00
2016.01.25 10:03:00.672,1.68902,1.68909,2.06,1.00
2016.01.25 10:03:00.723,1.68902,1.68917,2.06,1.00
2016.01.25 10:03:01.283,1.689,1.68917,5.25,1.00
2016.01.25 10:03:01.815,1.689,1.68917,3.19,1.37
2016.01.25 10:03:01.969,1.689,1.68914,1.87,1.00
2016.01.25 10:03:03.642,1.68899,1.68912,1.31,1.00
2016.01.25 10:03:03.694,1.689,1.68911,1.25,1.00
2016.01.25 10:03:03.745,1.68898,1.68909,2.25,1.00
2016.01.25 10:03:03.848,1.68895,1.68906,1.12,1.00
2016.01.25 10:03:04.142,1.6889,1.68906,1.69,1.00
2016.01.25 10:03:04.347,1.68889,1.68903,5.25,1.00
2016.01.25 10:03:04.501,1.68887,1.68902,1.69,1.37
2016.01.25 10:03:05.536,1.68887,1.68898,1.25,1.00
2016.01.25 10:03:06.046,1.68885,1.68898,3.37,1.00
2016.01.25 10:03:06.772,1.68886,1.689,1.25,1.00
2016.01.25 10:03:07.648,1.68885,1.689,4.12,1.00
2016.01.25 10:03:08.358,1.68887,1.68901,1.25,1.00
2016.01.25 10:03:08.461,1.68888,1.68901,3.37,1.00
2016.01.25 10:03:08.512,1.68888,1.68904,4.12,1.12
2016.01.25 10:03:09.021,1.68891,1.68905,1.25,1.50
2016.01.25 10:03:09.544,1.6889,1.68905,1.94,1.50
2016.01.25 10:03:10.103,1.6889,1.68904,1.94,1.00
2016.01.25 10:03:10.510,1.6889,1.68904,4.12,1.00
2016.01.25 10:03:11.596,1.6889,1.68904,1.94,1.00
2016.01.25 10:03:12.114,1.6889,1.68905,2.44,1.00
2016.01.25 10:03:12.422,1.68888,1.68904,5.02,1.00
2016.01.25 10:03:12.830,1.68892,1.68905,1.25,1.00
2016.01.25 10:03:14.059,1.68892,1.68905,1.56,1.00
2016.01.25 10:03:14.667,1.68894,1.68909,1.00,1.12
2016.01.25 10:03:14.719,1.68896,1.68911,4.12,1.50
2016.01.25 10:03:15.025,1.68899,1.68911,3.37,1.00
2016.01.25 10:03:16.517,1.689,1.68912,1.94,1.00
2016.01.25 10:03:17.128,1.68901,1.68912,1.62,1.00
2016.01.25 10:03:18.944,1.68902,1.68912,1.69,1.00
2016.01.25 10:03:18.998,1.68902,1.68917,4.50,1.00
2016.01.25 10:03:21.880,1.68902,1.68915,1.62,1.00
2016.01.25 10:03:21.932,1.68901,1.68915,4.57,1.00
2016.01.25 10:03:22.493,1.68902,1.68918,2.81,1.25
2016.01.25 10:03:22.545,1.68905,1.68922,1.31,2.62
2016.01.25 10:03:22.967,1.68909,1.68922,4.50,1.00
2016.01.25 10:03:23.027,1.68911,1.68925,1.25,1.00
2016.01.25 10:03:23.333,1.68914,1.68925,1.00,1.00
2016.01.25 10:03:23.385,1.68914,1.68929,1.00,2.06
2016.01.25 10:03:23.436,1.68914,1.6893,2.62,3.37
2016.01.25 10:03:23.539,1.68921,1.68935,1.00,1.00
2016.01.25 10:03:23.642,1.68922,1.68935,3.00,1.00
2016.01.25 10:03:24.135,1.68922,1.68937,3.00,1.00
2016.01.25 10:03:24.390,1.68923,1.68937,3.00,1.00
2016.01.25 10:03:24.492,1.68922,1.68937,3.39,1.00
2016.01.25 10:03:24.543,1.68924,1.68941,1.00,2.06
2016.01.25 10:03:24.645,1.68925,1.68939,1.50,1.00
2016.01.25 10:03:24.747,1.68927,1.68942,1.00,1.69
2016.01.25 10:03:25.255,1.68928,1.68945,1.00,2.62
2016.01.25 10:03:25.307,1.68928,1.68945,1.75,1.12
2016.01.25 10:03:25.613,1.68931,1.68947,2.32,1.31
2016.01.25 10:03:26.120,1.6893,1.68946,1.87,1.00
2016.01.25 10:03:26.429,1.68931,1.68943,1.00,1.00
2016.01.25 10:03:27.200,1.6893,1.68947,1.37,4.12
2016.01.25 10:03:27.252,1.6893,1.68949,1.50,1.31
2016.01.25 10:03:27.355,1.68932,1.68951,4.03,1.57
2016.01.25 10:03:27.663,1.68935,1.68951,1.60,1.00
2016.01.25 10:03:28.214,1.68935,1.68951,1.30,1.00
2016.01.25 10:03:28.722,1.68936,1.68951,1.00,1.00
2016.01.25 10:03:29.130,1.68935,1.6895,1.00,1.56
2016.01.25 10:03:29.346,1.68931,1.68948,5.53,1.00
2016.01.25 10:03:29.600,1.6893,1.68946,1.75,1.00
2016.01.25 10:03:30.007,1.68933,1.68948,2.53,1.00
2016.01.25 10:03:30.162,1.68935,1.68951,1.12,1.25
2016.01.25 10:03:30.671,1.68934,1.68952,3.81,1.12
2016.01.25 10:03:31.319,1.68933,1.68952,5.53,1.12
2016.01.25 10:03:31.473,1.68936,1.68954,1.87,1.31
2016.01.25 10:03:31.728,1.68939,1.68958,2.42,1.12
2016.01.25 10:03:32.236,1.6894,1.68958,1.85,1.00
2016.01.25 10:03:33.122,1.68941,1.68961,1.97,4.12
2016.01.25 10:03:34.363,1.68941,1.68959,4.41,1.00
2016.01.25 10:03:34.774,1.68942,1.68957,1.76,1.00
2016.01.25 10:03:35.283,1.68942,1.68957,1.10,1.00
2016.01.25 10:03:35.590,1.68937,1.68954,4.12,1.00
2016.01.25 10:03:35.844,1.68934,1.68952,3.00,1.31
2016.01.25 10:03:36.353,1.68934,1.68951,2.51,1.00
2016.01.25 10:03:36.885,1.68934,1.68951,1.39,1.00
2016.01.25 10:03:37.142,1.68936,1.68954,4.95,1.80
2016.01.25 10:03:37.245,1.68936,1.68954,6.07,1.43
2016.01.25 10:03:37.296,1.68938,1.68954,1.56,1.12
2016.01.25 10:03:37.602,1.68939,1.68955,4.12,1.12
2016.01.25 10:03:37.950,1.68937,1.68946,3.37,1.00
2016.01.25 10:03:38.001,1.6893,1.68943,1.20,1.12
2016.01.25 10:03:38.053,1.68927,1.68943,1.60,1.43
2016.01.25 10:03:38.105,1.68927,1.68941,1.60,1.00
2016.01.25 10:03:38.411,1.68923,1.68935,1.31,1.00
2016.01.25 10:03:38.666,1.68916,1.68931,1.00,1.80
2016.01.25 10:03:38.921,1.68912,1.68931,4.50,1.00
2016.01.25 10:03:39.132,1.68912,1.68931,4.50,1.37
2016.01.25 10:03:39.488,1.68914,1.68931,3.00,1.87
2016.01.25 10:03:40.004,1.68914,1.68931,3.07,1.87
2016.01.25 10:03:40.157,1.68913,1.68931,1.39,2.18
2016.01.25 10:03:40.208,1.68913,1.68931,1.39,2.18
2016.01.25 10:03:41.470,1.68913,1.68929,1.39,1.00
2016.01.25 10:03:41.775,1.6891,1.68927,1.12,1.55
2016.01.25 10:03:41.877,1.68911,1.68928,3.00,1.05
2016.01.25 10:03:42.386,1.68911,1.68929,1.09,1.05
2016.01.25 10:03:42.437,1.68912,1.68929,3.00,1.00
2016.01.25 10:03:43.784,1.68913,1.68931,1.31,1.99
2016.01.25 10:03:44.406,1.68911,1.6893,2.74,1.62
2016.01.25 10:03:44.458,1.68912,1.6893,1.10,1.62
2016.01.25 10:03:44.866,1.68912,1.6893,1.10,1.05
2016.01.25 10:03:45.962,1.68912,1.68928,1.10,2.74
2016.01.25 10:03:46.267,1.68909,1.68925,1.00,1.99
2016.01.25 10:03:46.522,1.68907,1.68925,2.25,1.43
2016.01.25 10:03:47.052,1.68909,1.68928,1.15,2.00
2016.01.25 10:03:47.410,1.68909,1.68929,1.52,2.25
2016.01.25 10:03:48.074,1.68912,1.6893,1.15,1.37
2016.01.25 10:03:48.490,1.68912,1.68926,1.00,1.00
2016.01.25 10:03:48.745,1.68904,1.68922,3.11,1.12
2016.01.25 10:03:48.898,1.68902,1.68918,1.61,1.00
2016.01.25 10:03:49.241,1.68899,1.68916,1.00,1.12
2016.01.25 10:03:50.071,1.68897,1.68915,1.95,1.87
2016.01.25 10:03:50.594,1.68896,1.68914,1.12,1.12
2016.01.25 10:03:50.747,1.68896,1.68913,1.00,1.12
2016.01.25 10:03:50.951,1.68894,1.68911,1.00,1.31
2016.01.25 10:03:52.558,1.68893,1.68911,1.69,1.87
2016.01.25 10:03:53.065,1.68893,1.6891,1.57,1.12
2016.01.25 10:03:53.218,1.68892,1.68904,1.57,1.12
2016.01.25 10:03:53.512,1.68884,1.68898,1.00,1.12
2016.01.25 10:03:54.021,1.68879,1.68897,1.85,1.12
2016.01.25 10:03:54.553,1.68879,1.68897,1.85,1.12
2016.01.25 10:03:55.966,1.68882,1.68899,1.37,1.00
2016.01.25 10:03:56.335,1.68879,1.68898,1.85,1.23
2016.01.25 10:03:56.646,1.68879,1.68898,1.37,3.10
2016.01.25 10:03:57.161,1.68878,1.68895,1.50,1.14
2016.01.25 10:03:57.466,1.68877,1.68896,1.75,1.85
2016.01.25 10:03:58.191,1.68877,1.68893,1.75,1.54
2016.01.25 10:03:58.726,1.68877,1.68893,1.75,1.54
2016.01.25 10:04:00.733,1.68877,1.68895,1.87,1.54
2016.01.25 10:04:03.407,1.68877,1.68895,4.12,1.54
2016.01.25 10:04:03.458,1.68882,1.68898,1.37,1.92
2016.01.25 10:04:03.612,1.68884,1.689,1.87,1.54
2016.01.25 10:04:03.917,1.68882,1.68897,2.62,1.54
2016.01.25 10:04:04.172,1.68882,1.68897,1.87,1.54
2016.01.25 10:04:04.485,1.68882,1.68898,1.12,1.54
2016.01.25 10:04:04.538,1.68881,1.68896,1.87,1.54
2016.01.25 10:04:04.693,1.68879,1.68896,1.75,1.81
2016.01.25 10:04:04.998,1.68877,1.68891,1.95,1.81
2016.01.25 10:04:05.537,1.68877,1.68893,1.75,1.81
2016.01.25 10:04:05.588,1.68877,1.68893,1.50,1.81
2016.01.25 10:04:06.098,1.68875,1.68889,1.12,2.25
2016.01.25 10:04:06.201,1.68872,1.68886,1.50,1.81
2016.01.25 10:04:06.751,1.68872,1.68886,1.12,1.50
2016.01.25 10:04:06.904,1.68874,1.68886,1.00,1.50
2016.01.25 10:04:07.006,1.68877,1.68891,1.00,1.50
2016.01.25 10:04:07.514,1.68877,1.68893,1.00,1.26
2016.01.25 10:04:08.421,1.68877,1.68894,1.00,1.26
2016.01.25 10:04:08.625,1.68877,1.68895,1.00,1.95
2016.01.25 10:04:09.131,1.68877,1.68893,1.00,1.26
2016.01.25 10:04:09.639,1.68876,1.68894,1.50,1.26
2016.01.25 10:04:10.148,1.68876,1.68894,2.06,1.26
2016.01.25 10:04:11.395,1.68876,1.68895,2.89,1.32
2016.01.25 10:04:11.497,1.68876,1.68895,2.89,1.26
2016.01.25 10:04:12.027,1.68877,1.68895,1.01,1.03
2016.01.25 10:04:12.704,1.68879,1.68897,1.00,2.16
2016.01.25 10:04:13.083,1.68893,1.68904,1.00,1.03
2016.01.25 10:04:13.135,1.68895,1.68911,1.00,1.87
2016.01.25 10:04:13.188,1.68895,1.68913,1.00,2.53
2016.01.25 10:04:13.798,1.68895,1.68912,1.00,1.41
2016.01.25 10:04:14.215,1.68893,1.68908,1.25,1.00
2016.01.25 10:04:14.521,1.68892,1.68904,1.12,1.13
2016.01.25 10:04:14.727,1.68887,1.68904,1.76,1.13
2016.01.25 10:04:15.336,1.68887,1.68904,1.09,1.00
2016.01.25 10:04:15.695,1.68887,1.68904,3.52,1.00
2016.01.25 10:04:16.555,1.68886,1.68904,1.16,3.23
2016.01.25 10:04:16.657,1.68885,1.68903,1.09,2.48
2016.01.25 10:04:16.913,1.68884,1.68899,1.00,1.00
2016.01.25 10:04:17.116,1.68887,1.68901,1.00,1.37
2016.01.25 10:04:17.643,1.68885,1.68901,1.54,1.00
2016.01.25 10:04:18.153,1.68885,1.68902,1.91,1.00
2016.01.25 10:04:18.560,1.68883,1.68899,2.66,1.00
2016.01.25 10:04:18.662,1.68881,1.68898,1.09,1.00
2016.01.25 10:04:19.477,1.68878,1.68898,4.80,1.54
2016.01.25 10:04:19.529,1.68876,1.68891,1.09,1.00
2016.01.25 10:04:19.839,1.68867,1.68886,3.04,1.61
2016.01.25 10:04:19.951,1.68867,1.68886,2.70,1.00
2016.01.25 10:04:20.960,1.68867,1.68884,1.95,1.00
2016.01.25 10:04:21.012,1.68868,1.68881,1.00,1.00
2016.01.25 10:04:21.115,1.68865,1.6888,1.10,1.00
2016.01.25 10:04:21.267,1.68862,1.6888,1.46,1.12
2016.01.25 10:04:21.370,1.68862,1.68877,1.46,1.00
2016.01.25 10:04:22.777,1.68861,1.68877,2.77,1.00
2016.01.25 10:04:24.008,1.6886,1.68877,1.71,1.00
2016.01.25 10:04:25.153,1.68861,1.68877,3.37,1.00
2016.01.25 10:04:27.780,1.68861,1.68876,3.00,1.00
2016.01.25 10:04:28.086,1.68854,1.68872,1.01,1.00
2016.01.25 10:04:28.137,1.68853,1.68872,4.12,1.00
2016.01.25 10:04:28.189,1.68853,1.68869,1.69,1.00
2016.01.25 10:04:28.650,1.68851,1.68867,1.69,1.00
2016.01.25 10:04:28.701,1.68851,1.68867,1.31,1.00
2016.01.25 10:04:29.209,1.6885,1.68863,1.69,1.00
2016.01.25 10:04:29.525,1.68846,1.68852,1.37,1.00
2016.01.25 10:04:29.576,1.6884,1.68846,1.50,1.00
2016.01.25 10:04:29.679,1.68832,1.68845,3.37,1.00
2016.01.25 10:04:29.730,1.6883,1.68845,3.37,1.00
2016.01.25 10:04:29.832,1.68833,1.68848,1.00,1.00
2016.01.25 10:04:29.884,1.68835,1.68851,2.06,1.75
2016.01.25 10:04:30.037,1.6884,1.68858,1.37,1.59
2016.01.25 10:04:30.229,1.68843,1.68861,2.44,1.00
2016.01.25 10:04:30.383,1.68845,1.68864,2.32,1.21
2016.01.25 10:04:30.434,1.68847,1.68864,1.62,1.00
2016.01.25 10:04:30.485,1.68848,1.68864,1.50,1.00
2016.01.25 10:04:32.055,1.68848,1.68862,3.56,1.00
2016.01.25 10:04:32.447,1.68848,1.6886,1.57,1.00
2016.01.25 10:04:32.600,1.68843,1.68857,1.75,1.00
2016.01.25 10:04:32.702,1.68841,1.68856,1.87,1.00
2016.01.25 10:04:33.108,1.68841,1.68853,1.37,1.00
2016.01.25 10:04:33.434,1.68842,1.68856,1.37,1.00
2016.01.25 10:04:33.587,1.68842,1.68859,1.75,1.00
2016.01.25 10:04:33.892,1.68844,1.68859,1.37,1.00
2016.01.25 10:04:34.555,1.68844,1.68859,1.37,1.00
2016.01.25 10:04:34.862,1.68846,1.68859,1.37,1.00
2016.01.25 10:04:35.167,1.68843,1.68855,1.12,1.00
2016.01.25 10:04:35.429,1.68841,1.68855,1.37,1.00
2016.01.25 10:04:35.635,1.68843,1.68857,1.25,1.00
2016.01.25 10:04:35.687,1.68845,1.68858,1.25,1.00
2016.01.25 10:04:35.943,1.68847,1.68861,1.25,1.00
2016.01.25 10:04:36.045,1.68848,1.68861,1.56,1.00
2016.01.25 10:04:36.565,1.68848,1.68861,3.37,1.00
2016.01.25 10:04:36.921,1.68847,1.68861,3.75,1.00
2016.01.25 10:04:37.576,1.68847,1.68861,3.37,1.00
2016.01.25 10:04:37.830,1.68848,1.68864,3.00,1.00
2016.01.25 10:04:38.335,1.68849,1.68864,1.94,1.00
2016.01.25 10:04:38.843,1.68849,1.68863,1.69,1.00
2016.01.25 10:04:38.894,1.68849,1.68861,1.69,1.00
2016.01.25 10:04:39.170,1.68846,1.68861,4.50,1.00
2016.01.25 10:04:39.710,1.68847,1.6886,1.37,1.00
2016.01.25 10:04:40.314,1.68848,1.68861,1.25,1.00
2016.01.25 10:04:40.619,1.68848,1.68861,3.37,1.00
2016.01.25 10:04:41.140,1.68848,1.68862,3.37,1.00
2016.01.25 10:04:41.759,1.68848,1.68864,3.37,1.00
2016.01.25 10:04:42.613,1.6885,1.68864,3.00,1.00
2016.01.25 10:04:43.072,1.68849,1.68862,3.37,1.00
2016.01.25 10:04:43.493,1.68847,1.6886,1.50,1.00
2016.01.25 10:04:44.002,1.68848,1.6886,1.25,1.00
2016.01.25 10:04:44.104,1.68845,1.68859,4.12,1.00
2016.01.25 10:04:44.155,1.68844,1.68856,2.06,1.00
2016.01.25 10:04:44.669,1.68843,1.68856,1.37,1.00
2016.01.25 10:04:44.772,1.68844,1.6886,2.06,1.00
2016.01.25 10:04:44.823,1.68847,1.6886,3.00,1.00
2016.01.25 10:04:45.332,1.68847,1.68861,3.75,1.00
2016.01.25 10:04:46.196,1.68847,1.68861,1.87,1.00
2016.01.25 10:04:46.785,1.68847,1.68854,1.87,1.00
2016.01.25 10:04:46.887,1.68844,1.68855,1.12,1.00
2016.01.25 10:04:46.990,1.68842,1.68859,1.87,1.79
2016.01.25 10:04:47.092,1.68846,1.68861,1.37,2.29
2016.01.25 10:04:47.143,1.68846,1.68861,2.44,1.87
2016.01.25 10:04:47.652,1.68846,1.68862,1.87,1.00
2016.01.25 10:04:48.111,1.68845,1.68859,1.37,1.23
2016.01.25 10:04:48.213,1.68842,1.68857,1.87,1.30
2016.01.25 10:04:48.265,1.68842,1.68855,1.12,1.00
2016.01.25 10:04:48.570,1.68836,1.68853,1.37,1.92
2016.01.25 10:04:48.723,1.68834,1.6885,1.95,1.00
2016.01.25 10:04:49.229,1.68834,1.6885,1.37,1.35
2016.01.25 10:04:49.433,1.68833,1.68845,1.75,1.00
2016.01.25 10:04:49.586,1.68829,1.68844,1.75,1.30
2016.01.25 10:04:49.638,1.68829,1.68843,1.37,1.54
2016.01.25 10:04:49.944,1.68828,1.68843,1.00,1.30
2016.01.25 10:04:50.245,1.68828,1.68843,1.00,1.87
2016.01.25 10:04:50.957,1.68827,1.6884,1.37,1.00
2016.01.25 10:04:51.510,1.68827,1.68842,1.37,1.31
2016.01.25 10:04:51.765,1.68828,1.68845,2.06,1.69
2016.01.25 10:04:52.272,1.6883,1.68845,1.12,1.69
2016.01.25 10:04:52.323,1.68828,1.68843,1.75,1.00
2016.01.25 10:04:52.666,1.68828,1.68841,1.50,1.00
2016.01.25 10:04:52.971,1.68828,1.68843,1.50,1.00
2016.01.25 10:04:53.378,1.68828,1.6884,1.50,1.00
2016.01.25 10:04:53.895,1.68828,1.6884,1.00,1.31
2016.01.25 10:04:54.149,1.68826,1.68839,1.00,1.00
2016.01.25 10:04:54.855,1.68823,1.68839,2.25,1.87
2016.01.25 10:04:56.015,1.68826,1.68836,1.00,1.00
2016.01.25 10:04:56.117,1.68822,1.68833,1.00,1.00
2016.01.25 10:04:56.360,1.68817,1.68832,2.25,1.31
2016.01.25 10:04:56.579,1.68817,1.68832,1.00,1.56
2016.01.25 10:04:56.631,1.68817,1.68828,1.00,1.00
2016.01.25 10:04:57.163,1.68813,1.68828,2.25,1.87
2016.01.25 10:04:57.641,1.68812,1.68829,3.00,1.12
2016.01.25 10:04:58.100,1.68818,1.68829,1.00,1.12
2016.01.25 10:04:58.253,1.68818,1.68831,1.12,1.00
2016.01.25 10:04:58.817,1.68817,1.68833,1.74,1.00
2016.01.25 10:04:59.225,1.6882,1.68834,1.87,1.00
2016.01.25 10:04:59.774,1.6882,1.68833,1.50,1.00
2016.01.25 10:04:59.825,1.68819,1.68833,1.37,1.00
2016.01.25 10:05:00.642,1.68816,1.68832,1.50,1.00
2016.01.25 10:05:00.694,1.68816,1.68828,1.00,1.00
2016.01.25 10:05:00.999,1.68807,1.68818,1.37,1.31
2016.01.25 10:05:01.152,1.68807,1.68818,1.00,1.31
2016.01.25 10:05:01.733,1.68803,1.68818,2.62,1.31
2016.01.25 10:05:02.266,1.68804,1.68817,1.37,1.00
2016.01.25 10:05:02.318,1.68804,1.68814,1.37,1.00
2016.01.25 10:05:02.471,1.68798,1.6881,2.32,1.00
2016.01.25 10:05:02.573,1.68795,1.6881,1.50,1.31
2016.01.25 10:05:02.624,1.68795,1.6881,1.00,1.31
2016.01.25 10:05:02.675,1.68795,1.68808,1.00,1.00
2016.01.25 10:05:03.113,1.68796,1.6881,1.37,1.31
2016.01.25 10:05:04.675,1.68797,1.68812,1.75,1.12
2016.01.25 10:05:05.262,1.68797,1.68813,1.75,1.00
2016.01.25 10:05:05.416,1.68797,1.68815,2.81,1.12
2016.01.25 10:05:05.518,1.68798,1.68817,1.50,2.25
2016.01.25 10:05:05.670,1.68801,1.68817,1.37,1.87
2016.01.25 10:05:05.874,1.68802,1.68819,1.50,2.25
2016.01.25 10:05:05.976,1.68803,1.68819,1.62,1.00
2016.01.25 10:05:06.028,1.68803,1.68822,2.44,1.37
2016.01.25 10:05:06.079,1.68807,1.68823,1.00,1.12
2016.01.25 10:05:06.334,1.68809,1.68824,1.37,1.00
2016.01.25 10:05:06.836,1.68809,1.68824,1.69,1.00
2016.01.25 10:05:07.353,1.68809,1.68825,2.06,1.00
2016.01.25 10:05:07.920,1.68809,1.68825,1.87,1.00
2016.01.25 10:05:08.236,1.68815,1.68828,1.00,1.00
2016.01.25 10:05:08.542,1.68821,1.68839,2.06,1.50
2016.01.25 10:05:09.137,1.68823,1.68839,1.00,1.00
2016.01.25 10:05:09.659,1.68821,1.68838,4.87,1.00
2016.01.25 10:05:09.913,1.68821,1.68836,1.62,1.00
2016.01.25 10:05:10.523,1.68821,1.68838,1.69,1.50
2016.01.25 10:05:11.183,1.68823,1.68838,1.69,1.00
2016.01.25 10:05:11.236,1.68826,1.68843,1.12,1.75
2016.01.25 10:05:11.288,1.68826,1.68843,1.12,1.37
2016.01.25 10:05:11.339,1.68827,1.68843,1.56,1.00
2016.01.25 10:05:11.695,1.68827,1.68845,1.69,1.12
2016.01.25 10:05:12.470,1.6883,1.68845,1.00,1.00
2016.01.25 10:05:12.980,1.6883,1.68848,2.06,1.37
2016.01.25 10:05:13.489,1.6883,1.68848,1.37,1.12
2016.01.25 10:05:13.795,1.6883,1.68846,1.37,1.00
2016.01.25 10:05:13.898,1.68829,1.68846,1.69,1.00
2016.01.25 10:05:14.457,1.68829,1.68846,1.12,1.50
2016.01.25 10:05:15.058,1.68829,1.68846,1.37,1.50
2016.01.25 10:05:15.565,1.68828,1.68843,1.12,1.00
2016.01.25 10:05:15.990,1.68822,1.68836,1.00,1.00
2016.01.25 10:05:16.553,1.68822,1.68836,1.62,1.00
2016.01.25 10:05:17.073,1.68821,1.68837,2.44,1.12
2016.01.25 10:05:17.777,1.68821,1.68837,1.69,1.12
2016.01.25 10:05:18.297,1.68821,1.68837,3.19,1.12
2016.01.25 10:05:18.664,1.68821,1.68837,1.69,1.37
2016.01.25 10:05:18.817,1.68819,1.68834,1.12,1.00
2016.01.25 10:05:19.122,1.68819,1.68834,1.00,1.75
2016.01.25 10:05:19.580,1.68816,1.68831,1.87,1.37
2016.01.25 10:05:19.884,1.68814,1.68827,1.00,1.50
2016.01.25 10:05:20.189,1.6881,1.68825,3.19,1.50
2016.01.25 10:05:20.291,1.6881,1.68825,2.06,1.50
2016.01.25 10:05:20.969,1.6881,1.68822,1.50,1.00
2016.01.25 10:05:21.071,1.68808,1.6882,1.00,1.00
2016.01.25 10:05:21.275,1.68795,1.68809,1.12,1.09
2016.01.25 10:05:21.327,1.68795,1.68807,1.12,1.00
2016.01.25 10:05:21.378,1.68791,1.68806,1.50,1.09
2016.01.25 10:05:21.430,1.68791,1.68804,1.12,1.00
2016.01.25 10:05:21.735,1.68782,1.68795,1.37,1.34
2016.01.25 10:05:21.787,1.6878,1.68795,1.87,3.16
2016.01.25 10:05:22.338,1.68779,1.68795,2.62,1.09
2016.01.25 10:05:22.878,1.6878,1.68795,1.37,3.16
2016.01.25 10:05:23.683,1.68779,1.68795,1.87,3.37
2016.01.25 10:05:24.707,1.68781,1.68795,1.00,3.37
2016.01.25 10:05:25.015,1.68787,1.68799,1.00,1.69
2016.01.25 10:05:25.320,1.68789,1.688,1.00,1.62
2016.01.25 10:05:25.371,1.68787,1.688,1.00,1.25
2016.01.25 10:05:25.953,1.68786,1.688,1.00,1.25
2016.01.25 10:05:26.861,1.68787,1.688,1.00,1.25
2016.01.25 10:05:28.162,1.68785,1.68801,1.50,1.62
2016.01.25 10:05:28.419,1.68783,1.68798,1.50,2.62
2016.01.25 10:05:28.724,1.68783,1.68796,1.37,1.62
2016.01.25 10:05:28.878,1.68782,1.68796,1.00,1.62
2016.01.25 10:05:29.420,1.68782,1.68796,1.00,3.37
2016.01.25 10:05:29.947,1.68781,1.68796,1.50,3.37
2016.01.25 10:05:30.503,1.68781,1.68797,1.12,3.60
2016.01.25 10:05:32.982,1.68781,1.68796,1.00,1.79
2016.01.25 10:05:34.585,1.68782,1.68796,1.00,3.60
2016.01.25 10:05:35.689,1.68781,1.68796,1.12,3.60
2016.01.25 10:05:36.403,1.68784,1.68798,1.00,1.75
2016.01.25 10:05:36.606,1.68786,1.68802,1.00,3.60
2016.01.25 10:05:36.709,1.68789,1.688,1.37,1.00
2016.01.25 10:05:37.311,1.68787,1.68802,2.25,1.50
2016.01.25 10:05:37.819,1.68788,1.68805,1.37,3.60
2016.01.25 10:05:38.485,1.68787,1.68805,1.75,1.80
2016.01.25 10:05:39.021,1.68788,1.68805,1.37,3.60
2016.01.25 10:05:39.531,1.68787,1.68805,1.87,3.60
2016.01.25 10:05:40.226,1.68786,1.68804,3.00,2.85
2016.01.25 10:05:42.636,1.68788,1.68804,1.87,1.31
2016.01.25 10:05:43.144,1.68786,1.68802,1.12,1.25
2016.01.25 10:05:43.246,1.68786,1.688,1.87,2.62
2016.01.25 10:05:43.500,1.68782,1.68799,1.50,1.56
2016.01.25 10:05:43.704,1.68782,1.68794,1.75,2.62
2016.01.25 10:05:43.855,1.68778,1.68794,1.87,2.62
2016.01.25 10:05:44.364,1.68777,1.68794,1.37,1.56
2016.01.25 10:05:44.618,1.68776,1.68794,2.25,1.56
2016.01.25 10:05:45.248,1.68776,1.68794,2.25,1.56
2016.01.25 10:05:45.789,1.68777,1.68794,1.00,1.56
2016.01.25 10:05:46.048,1.68778,1.68796,1.00,3.37
2016.01.25 10:05:46.100,1.68784,1.68796,1.00,1.31
2016.01.25 10:05:46.202,1.68778,1.68794,2.62,1.00
2016.01.25 10:05:46.254,1.68786,1.68794,1.00,1.00
2016.01.25 10:05:46.756,1.68786,1.68794,1.00,1.56
2016.01.25 10:05:48.467,1.68785,1.68794,1.00,2.62
2016.01.25 10:05:48.518,1.68785,1.688,1.37,1.00
2016.01.25 10:05:49.025,1.68785,1.68801,1.37,1.00
2016.01.25 10:05:49.333,1.68785,1.68803,1.87,1.00
2016.01.25 10:05:49.435,1.68787,1.68805,1.12,1.00
2016.01.25 10:05:49.639,1.68788,1.68807,1.12,1.00
2016.01.25 10:05:50.299,1.68788,1.68805,1.00,1.00
2016.01.25 10:05:51.227,1.68787,1.68805,2.62,1.00
2016.01.25 10:05:51.719,1.6879,1.6881,1.00,2.54
2016.01.25 10:05:52.027,1.68793,1.68811,1.00,1.10
2016.01.25 10:05:52.179,1.6879,1.6881,1.00,1.00
2016.01.25 10:05:52.839,1.6879,1.68809,1.50,1.04
2016.01.25 10:05:52.941,1.68788,1.68808,1.50,1.79
2016.01.25 10:05:53.400,1.68788,1.68806,1.12,1.00
2016.01.25 10:05:53.706,1.68786,1.68801,1.00,1.79
2016.01.25 10:05:55.132,1.68786,1.68801,1.00,1.37
2016.01.25 10:05:55.545,1.68785,1.68802,1.00,1.57
2016.01.25 10:05:56.648,1.68785,1.688,1.00,1.00
2016.01.25 10:05:57.157,1.68786,1.68801,1.00,1.12
2016.01.25 10:05:59.308,1.68787,1.68804,1.00,1.75
2016.01.25 10:05:59.460,1.6879,1.68806,1.00,1.12
2016.01.25 10:05:59.613,1.68787,1.68806,1.87,1.00
2016.01.25 10:05:59.817,1.68787,1.68803,1.00,1.00
2016.01.25 10:06:00.025,1.68784,1.68801,1.12,1.00
2016.01.25 10:06:00.229,1.68785,1.68799,1.00,1.00
2016.01.25 10:06:00.535,1.68787,1.68795,1.00,1.00
2016.01.25 10:06:00.586,1.68779,1.68793,2.25,1.00
2016.01.25 10:06:00.637,1.68779,1.68791,1.75,1.00
2016.01.25 10:06:00.688,1.68775,1.68791,1.87,1.37
2016.01.25 10:06:00.841,1.68771,1.68788,1.87,1.12
2016.01.25 10:06:00.893,1.6877,1.68787,1.37,1.16
2016.01.25 10:06:01.112,1.6877,1.68783,1.00,1.12
2016.01.25 10:06:01.165,1.68767,1.68783,1.00,1.24
2016.01.25 10:06:01.267,1.68767,1.68783,1.00,1.49
2016.01.25 10:06:02.435,1.68767,1.68778,1.00,1.00
2016.01.25 10:06:02.536,1.68764,1.68778,1.87,1.00
2016.01.25 10:06:03.045,1.68764,1.68777,1.50,1.00
2016.01.25 10:06:05.315,1.68766,1.68784,1.00,3.87
2016.01.25 10:06:05.837,1.68766,1.68784,1.00,4.24
2016.01.25 10:06:07.843,1.68765,1.68781,1.00,1.87
2016.01.25 10:06:08.352,1.68764,1.68779,3.15,1.00
2016.01.25 10:06:08.657,1.68763,1.68779,1.37,1.75
2016.01.25 10:06:09.135,1.68762,1.68775,1.87,1.00
2016.01.25 10:06:09.289,1.68756,1.6877,1.12,1.00
2016.01.25 10:06:09.391,1.68754,1.68764,1.20,1.00
2016.01.25 10:06:09.443,1.6875,1.68764,1.37,1.00
2016.01.25 10:06:09.495,1.68748,1.68762,1.95,1.00
2016.01.25 10:06:09.597,1.68746,1.68762,1.57,1.37
2016.01.25 10:06:09.701,1.68746,1.68762,1.87,1.50
2016.01.25 10:06:10.069,1.68746,1.68762,1.37,1.50
2016.01.25 10:06:10.122,1.68746,1.6876,1.37,1.12
2016.01.25 10:06:10.427,1.68743,1.68759,3.00,1.05
2016.01.25 10:06:10.986,1.68743,1.68758,1.12,1.12
2016.01.25 10:06:12.898,1.68742,1.68758,1.12,2.01
2016.01.25 10:06:13.500,1.68742,1.68758,1.37,1.12
2016.01.25 10:06:14.655,1.68741,1.68755,1.37,1.00
2016.01.25 10:06:14.706,1.68739,1.68755,1.87,2.01
2016.01.25 10:06:14.758,1.68739,1.68753,1.37,1.00
2016.01.25 10:06:14.809,1.68737,1.68753,1.50,2.38
2016.01.25 10:06:15.000,1.68735,1.68747,1.37,1.26
2016.01.25 10:06:15.104,1.68734,1.68747,1.00,1.26
2016.01.25 10:06:15.460,1.68732,1.68747,1.00,1.26
2016.01.25 10:06:16.669,1.68732,1.68746,1.12,1.26
2016.01.25 10:06:17.198,1.68732,1.68745,1.12,1.26
2016.01.25 10:06:17.466,1.68733,1.68747,1.00,1.26
2016.01.25 10:06:17.683,1.68734,1.68749,1.00,1.26
2016.01.25 10:06:17.836,1.68737,1.68749,1.00,1.26
2016.01.25 10:06:17.888,1.68739,1.68754,1.50,1.00
2016.01.25 10:06:17.990,1.6874,1.68754,1.37,1.00
2016.01.25 10:06:19.074,1.6874,1.68754,1.00,1.00
2016.01.25 10:06:19.176,1.68742,1.68757,1.00,1.26
2016.01.25 10:06:19.329,1.68742,1.68754,1.00,1.26
2016.01.25 10:06:19.634,1.6874,1.68752,1.00,1.26
2016.01.25 10:06:19.931,1.68737,1.6875,1.00,1.26
2016.01.25 10:06:20.085,1.68735,1.68749,1.00,1.26
2016.01.25 10:06:20.137,1.68738,1.68749,1.00,1.26
2016.01.25 10:06:20.444,1.68738,1.68752,1.00,1.26
2016.01.25 10:06:20.545,1.68736,1.68751,1.12,1.26
2016.01.25 10:06:20.647,1.68736,1.68749,1.00,1.26
2016.01.25 10:06:20.995,1.68736,1.68749,1.00,1.83
2016.01.25 10:06:21.301,1.68736,1.6875,1.00,1.20
2016.01.25 10:06:21.403,1.68736,1.68754,1.00,1.57
2016.01.25 10:06:22.009,1.68736,1.68755,1.00,2.70
2016.01.25 10:06:22.313,1.68736,1.68753,1.00,1.57
2016.01.25 10:06:22.771,1.68732,1.68751,1.12,1.00
2016.01.25 10:06:22.822,1.68731,1.68749,1.50,1.20
2016.01.25 10:06:23.188,1.6873,1.68747,1.00,1.20
2016.01.25 10:06:23.240,1.68726,1.68744,1.12,1.00
2016.01.25 10:06:23.292,1.68726,1.68744,1.00,1.87
2016.01.25 10:06:23.801,1.68727,1.68744,1.00,2.70
2016.01.25 10:06:24.107,1.6873,1.68746,1.00,1.87
2016.01.25 10:06:24.209,1.68728,1.68746,1.00,1.12
2016.01.25 10:06:24.732,1.68728,1.68746,1.00,1.00
2016.01.25 10:06:25.240,1.68729,1.68748,1.00,1.57
2016.01.25 10:06:25.342,1.68731,1.68749,1.00,4.95
2016.01.25 10:06:25.495,1.68731,1.68749,1.00,1.12
2016.01.25 10:06:26.008,1.68731,1.68749,1.00,1.37
2016.01.25 10:06:27.789,1.68733,1.68749,1.00,1.37
2016.01.25 10:06:27.840,1.68733,1.68751,1.00,1.37
2016.01.25 10:06:27.891,1.6873,1.68749,1.69,1.00
2016.01.25 10:06:27.943,1.6873,1.68749,2.44,1.00
2016.01.25 10:06:28.451,1.68732,1.6875,1.12,1.12
2016.01.25 10:06:29.663,1.6873,1.68748,1.31,1.00
2016.01.25 10:06:29.766,1.68727,1.68746,1.85,1.00
2016.01.25 10:06:29.984,1.68726,1.68746,1.76,1.00
2016.01.25 10:06:30.036,1.68728,1.68746,1.37,1.12
2016.01.25 10:06:30.754,1.68726,1.68746,1.56,1.12
2016.01.25 10:06:30.857,1.68731,1.6875,1.31,2.62
2016.01.25 10:06:31.111,1.68735,1.68754,1.31,1.00
2016.01.25 10:06:31.332,1.68736,1.68755,1.56,1.00
2016.01.25 10:06:31.586,1.68736,1.68757,3.75,1.50
2016.01.25 10:06:31.638,1.68738,1.68758,3.37,1.87
2016.01.25 10:06:31.841,1.68739,1.68759,1.56,1.00
2016.01.25 10:06:32.154,1.68739,1.68756,1.00,1.20
2016.01.25 10:06:32.256,1.68733,1.68752,2.25,1.00
2016.01.25 10:06:33.052,1.68732,1.68751,4.12,1.00
2016.01.25 10:06:34.019,1.68731,1.68751,3.64,1.00
2016.01.25 10:06:34.172,1.68731,1.68751,2.44,1.00
2016.01.25 10:06:34.485,1.68731,1.68749,1.12,1.00
2016.01.25 10:06:35.017,1.68729,1.68747,2.51,1.00
2016.01.25 10:06:35.169,1.68726,1.68743,1.09,1.00
2016.01.25 10:06:35.714,1.68725,1.68743,1.00,1.00
2016.01.25 10:06:36.020,1.68726,1.68746,1.31,2.70
2016.01.25 10:06:36.122,1.68724,1.68744,4.12,1.00
2016.01.25 10:06:36.427,1.68723,1.68741,1.37,1.12
2016.01.25 10:06:36.529,1.68723,1.68741,1.37,1.12
2016.01.25 10:06:37.927,1.68723,1.68742,1.37,1.95
2016.01.25 10:06:38.125,1.68724,1.68742,1.87,1.95
2016.01.25 10:06:38.988,1.68724,1.68743,1.87,3.07
2016.01.25 10:06:39.697,1.68724,1.68744,1.87,3.82
2016.01.25 10:06:40.209,1.68725,1.68744,1.37,3.07
2016.01.25 10:06:41.966,1.68725,1.68744,1.37,3.45
2016.01.25 10:06:42.782,1.68723,1.68741,1.37,1.01
2016.01.25 10:06:43.082,1.68724,1.68741,2.62,1.01
2016.01.25 10:06:43.946,1.68727,1.68743,1.37,1.76
2016.01.25 10:06:44.515,1.68727,1.68744,1.37,1.01
2016.01.25 10:06:45.597,1.68727,1.68744,1.37,1.20
2016.01.25 10:06:45.648,1.68725,1.68744,1.65,1.20
2016.01.25 10:06:47.296,1.68725,1.68741,1.50,1.01
2016.01.25 10:06:47.622,1.68725,1.68743,1.50,1.01
2016.01.25 10:06:47.928,1.68725,1.68743,1.37,1.20
2016.01.25 10:06:48.593,1.68723,1.68741,1.95,1.57
2016.01.25 10:06:48.644,1.68722,1.68741,2.81,1.89
2016.01.25 10:06:48.695,1.68721,1.68736,1.07,2.70
2016.01.25 10:06:48.797,1.68718,1.68736,1.57,3.82
2016.01.25 10:06:49.030,1.68717,1.6873,1.45,1.00
2016.01.25 10:06:49.133,1.68721,1.68737,1.25,1.76
2016.01.25 10:06:49.855,1.68719,1.68735,3.86,1.00
2016.01.25 10:06:51.177,1.68719,1.68737,3.11,1.76
2016.01.25 10:06:51.886,1.68717,1.68734,3.49,1.01
2016.01.25 10:06:52.191,1.68716,1.68733,3.19,1.01
2016.01.25 10:06:52.242,1.68716,1.68733,3.19,1.01
2016.01.25 10:06:52.912,1.68714,1.6873,2.74,1.37
2016.01.25 10:06:52.964,1.68713,1.6873,1.80,1.75
2016.01.25 10:06:53.066,1.68713,1.68729,3.49,1.50
2016.01.25 10:06:53.673,1.68713,1.68729,1.05,1.50
2016.01.25 10:06:53.725,1.68712,1.68727,3.11,1.37
2016.01.25 10:06:54.605,1.68711,1.68726,3.16,1.37
2016.01.25 10:06:55.236,1.68708,1.68722,3.57,1.00
2016.01.25 10:06:55.339,1.68707,1.6872,1.88,1.00
2016.01.25 10:06:55.390,1.68704,1.6872,3.57,1.37
2016.01.25 10:06:55.930,1.68703,1.68718,1.49,1.37
2016.01.25 10:06:56.964,1.68702,1.68718,2.39,1.87
2016.01.25 10:06:57.472,1.68704,1.68719,2.13,1.00
2016.01.25 10:06:57.777,1.68709,1.68724,1.87,1.00
2016.01.25 10:06:57.829,1.68711,1.68724,1.49,1.00
2016.01.25 10:06:58.075,1.68709,1.68726,1.60,1.00
2016.01.25 10:06:58.331,1.6871,1.68728,1.23,1.50
2016.01.25 10:06:58.637,1.6871,1.68728,1.68,1.50
2016.01.25 10:06:59.329,1.68709,1.68728,3.72,1.37
2016.01.25 10:06:59.840,1.68709,1.68725,1.87,1.65
2016.01.25 10:07:00.390,1.68709,1.68725,1.87,1.65
2016.01.25 10:07:01.984,1.68709,1.68726,1.87,1.65
2016.01.25 10:07:02.492,1.68709,1.68726,1.87,1.20
2016.01.25 10:07:02.805,1.68709,1.68722,2.02,1.34
2016.01.25 10:07:03.060,1.68701,1.68719,1.20,1.90
2016.01.25 10:07:03.314,1.68698,1.68715,3.00,1.20
2016.01.25 10:07:03.713,1.68696,1.6871,1.47,1.20
2016.01.25 10:07:03.765,1.68695,1.68712,2.25,1.00
2016.01.25 10:07:03.867,1.68698,1.68715,1.37,1.87
2016.01.25 10:07:04.123,1.68699,1.68715,1.77,1.00
2016.01.25 10:07:04.225,1.68699,1.68717,2.15,1.09
2016.01.25 10:07:04.754,1.68699,1.68717,1.50,1.00
2016.01.25 10:07:05.266,1.687,1.68717,1.00,1.65
2016.01.25 10:07:06.774,1.68702,1.68718,1.00,1.27
2016.01.25 10:07:07.079,1.68708,1.68725,1.37,1.46
2016.01.25 10:07:07.612,1.68711,1.68726,1.00,1.00
2016.01.25 10:07:08.121,1.68707,1.68726,4.96,1.09
2016.01.25 10:07:08.173,1.68707,1.68726,2.32,2.02
2016.01.25 10:07:08.379,1.68707,1.68723,1.00,1.12
2016.01.25 10:07:08.836,1.68706,1.68721,1.39,1.12
2016.01.25 10:07:08.938,1.68704,1.68721,1.02,1.12
2016.01.25 10:07:13.107,1.68702,1.68721,1.12,1.12
2016.01.25 10:07:13.159,1.68702,1.68721,1.12,1.37
2016.01.25 10:07:13.702,1.68702,1.68718,1.50,1.12
2016.01.25 10:07:14.947,1.687,1.68718,1.75,1.00
2016.01.25 10:07:15.570,1.68701,1.68718,1.37,1.00
2016.01.25 10:07:16.012,1.68697,1.68715,3.07,1.00
2016.01.25 10:07:16.216,1.68692,1.6871,2.32,1.00
2016.01.25 10:07:16.369,1.68692,1.6871,1.20,1.31
2016.01.25 10:07:16.936,1.68691,1.6871,3.59,1.31
2016.01.25 10:07:17.451,1.68691,1.6871,3.59,1.31
2016.01.25 10:07:18.233,1.68691,1.6871,2.25,1.31
2016.01.25 10:07:18.769,1.68691,1.68709,2.84,1.31
2016.01.25 10:07:19.274,1.68691,1.68708,2.47,1.00
2016.01.25 10:07:21.786,1.68691,1.68709,1.12,1.31
2016.01.25 10:07:21.888,1.6869,1.68706,2.32,1.75
2016.01.25 10:07:22.041,1.68686,1.68703,1.12,1.31
2016.01.25 10:07:22.244,1.68684,1.68702,1.50,1.56
2016.01.25 10:07:22.765,1.68684,1.68703,1.87,1.87
2016.01.25 10:07:23.122,1.68683,1.687,1.20,1.12
2016.01.25 10:07:23.628,1.6868,1.687,2.40,1.12
2016.01.25 10:07:24.188,1.68681,1.687,1.87,1.31
2016.01.25 10:07:24.290,1.68681,1.68699,1.87,1.12
2016.01.25 10:07:24.693,1.68681,1.687,3.00,1.87
2016.01.25 10:07:25.050,1.68681,1.687,2.62,1.12
2016.01.25 10:07:25.407,1.68682,1.68698,1.12,1.12
2016.01.25 10:07:26.374,1.68682,1.687,1.12,1.12
2016.01.25 10:07:26.886,1.68682,1.68698,1.12,1.12
2016.01.25 10:07:28.058,1.68681,1.687,1.20,1.65
2016.01.25 10:07:28.682,1.68681,1.687,1.47,1.65
2016.01.25 10:07:29.194,1.68686,1.68701,1.00,1.27
2016.01.25 10:07:29.296,1.68684,1.68702,1.00,1.27
2016.01.25 10:07:29.947,1.68684,1.68703,1.00,3.52
2016.01.25 10:07:30.252,1.68686,1.68703,1.00,3.52
2016.01.25 10:07:30.353,1.68686,1.68705,1.50,1.52
2016.01.25 10:07:30.405,1.6869,1.68706,1.00,1.27
2016.01.25 10:07:30.457,1.6869,1.68705,1.00,1.09
2016.01.25 10:07:30.559,1.6869,1.68707,1.00,1.09
2016.01.25 10:07:31.552,1.68692,1.68708,1.00,1.52
2016.01.25 10:07:33.198,1.68692,1.68709,1.00,1.27
2016.01.25 10:07:33.714,1.68692,1.68709,1.00,1.96
2016.01.25 10:07:34.223,1.6869,1.68709,1.45,1.96
2016.01.25 10:07:34.750,1.6869,1.68709,1.57,1.90
2016.01.25 10:07:36.614,1.6869,1.68709,1.45,3.15
2016.01.25 10:07:37.021,1.68688,1.68705,2.25,1.59
2016.01.25 10:07:37.275,1.68687,1.68705,1.12,1.59
2016.01.25 10:07:37.779,1.68687,1.68703,1.12,1.09
2016.01.25 10:07:38.290,1.68687,1.68702,1.12,1.25
2016.01.25 10:07:40.150,1.68687,1.68703,1.12,1.62
2016.01.25 10:07:41.155,1.68687,1.68704,3.63,1.75
2016.01.25 10:07:41.698,1.68687,1.68703,3.63,1.50
2016.01.25 10:07:42.216,1.68687,1.68703,3.63,1.50
2016.01.25 10:07:42.448,1.68686,1.68701,1.37,1.50
2016.01.25 10:07:42.499,1.68683,1.68701,1.19,2.62
2016.01.25 10:07:42.550,1.68684,1.68701,2.51,1.87
2016.01.25 10:07:42.754,1.68684,1.687,1.09,1.00
2016.01.25 10:07:43.730,1.68685,1.687,2.51,1.00
2016.01.25 10:07:43.781,1.68685,1.68702,2.51,1.50
2016.01.25 10:07:44.086,1.68686,1.68704,2.51,1.50
2016.01.25 10:07:44.452,1.68716,1.68728,3.00,1.50
2016.01.25 10:07:44.657,1.68718,1.68732,1.25,1.12
2016.01.25 10:07:44.862,1.68719,1.68734,3.00,1.12
2016.01.25 10:07:44.964,1.68718,1.68737,3.00,1.50
2016.01.25 10:07:45.067,1.6872,1.68737,3.00,1.50
2016.01.25 10:07:45.587,1.6873,1.68747,3.00,1.37
2016.01.25 10:07:46.095,1.6873,1.68745,3.00,1.00
2016.01.25 10:07:46.451,1.68729,1.68742,3.00,1.00
2016.01.25 10:07:46.504,1.68725,1.6874,2.14,1.00
2016.01.25 10:07:46.698,1.68721,1.68737,3.07,1.12
2016.01.25 10:07:47.262,1.68721,1.68737,3.00,1.00
2016.01.25 10:07:47.466,1.68721,1.68739,3.75,1.00
2016.01.25 10:07:48.010,1.68722,1.68739,3.00,1.00
2016.01.25 10:07:48.535,1.68722,1.68739,3.00,1.37
2016.01.25 10:07:48.586,1.6872,1.68739,4.87,1.37
2016.01.25 10:07:48.688,1.68721,1.68739,3.00,1.37
2016.01.25 10:07:49.043,1.6872,1.68735,1.56,1.12
2016.01.25 10:07:49.146,1.68719,1.68735,1.00,1.50
2016.01.25 10:07:49.298,1.68715,1.68732,3.00,1.12
2016.01.25 10:07:49.350,1.68714,1.68732,1.25,1.50
2016.01.25 10:07:49.401,1.68713,1.6873,3.75,1.00
2016.01.25 10:07:49.707,1.68701,1.68716,1.22,1.00
2016.01.25 10:07:50.215,1.687,1.68716,1.09,1.00
2016.01.25 10:07:50.470,1.68705,1.68723,3.75,1.50
2016.01.25 10:07:50.572,1.6871,1.68723,3.00,1.00
2016.01.25 10:07:50.674,1.68709,1.68723,1.25,1.00
2016.01.25 10:07:51.030,1.6871,1.68723,3.00,1.00
2016.01.25 10:07:51.234,1.68712,1.68728,3.00,1.37
2016.01.25 10:07:51.387,1.68712,1.68729,3.00,1.07
2016.01.25 10:07:52.000,1.68712,1.68729,3.00,1.07
2016.01.25 10:07:52.766,1.6871,1.68729,1.64,2.01
2016.01.25 10:07:52.969,1.6871,1.68728,1.25,1.82
2016.01.25 10:07:54.194,1.68707,1.68725,4.87,1.51
2016.01.25 10:07:54.711,1.68707,1.68727,4.87,1.64
2016.01.25 10:07:54.966,1.68711,1.68729,3.00,1.64
2016.01.25 10:07:55.173,1.68715,1.68733,1.56,1.00
2016.01.25 10:07:55.414,1.68717,1.68737,3.75,2.46
2016.01.25 10:07:57.509,1.68719,1.68738,3.00,1.15
2016.01.25 10:07:58.595,1.68719,1.68737,3.00,1.15
2016.01.25 10:07:59.284,1.68723,1.68739,1.00,1.15
2016.01.25 10:07:59.591,1.68736,1.68755,3.00,3.82
2016.01.25 10:08:00.247,1.68737,1.68755,3.00,1.12
2016.01.25 10:08:00.358,1.68735,1.68755,3.37,1.87
2016.01.25 10:08:00.511,1.68735,1.6875,3.00,1.00
2016.01.25 10:08:00.715,1.68731,1.6875,4.50,1.37
2016.01.25 10:08:01.304,1.68731,1.68749,3.00,1.37
2016.01.25 10:08:02.321,1.68733,1.68749,3.00,1.37
2016.01.25 10:08:02.623,1.68734,1.68752,3.00,1.00
2016.01.25 10:08:03.143,1.68735,1.68752,3.00,1.00
2016.01.25 10:08:04.318,1.68734,1.68752,3.00,1.12
2016.01.25 10:08:04.622,1.68733,1.6875,3.00,1.00
2016.01.25 10:08:05.162,1.68733,1.68751,3.00,1.87
2016.01.25 10:08:05.697,1.68733,1.68751,3.00,1.87
2016.01.25 10:08:05.850,1.68737,1.68754,3.00,1.50
2016.01.25 10:08:06.134,1.68743,1.68761,3.00,1.12
2016.01.25 10:08:06.389,1.6874,1.68756,2.25,1.10
2016.01.25 10:08:06.593,1.6874,1.68755,1.20,1.10
2016.01.25 10:08:06.746,1.68738,1.68752,2.32,1.10
2016.01.25 10:08:06.899,1.68735,1.68752,1.00,1.10
2016.01.25 10:08:07.413,1.68735,1.68752,1.57,1.10
2016.01.25 10:08:07.719,1.68738,1.68752,1.00,1.10
2016.01.25 10:08:07.821,1.68738,1.68756,1.00,1.47
2016.01.25 10:08:07.976,1.68739,1.68757,1.87,1.10
2016.01.25 10:08:09.631,1.68739,1.68758,1.12,2.00
2016.01.25 10:08:13.936,1.68742,1.68757,1.00,1.25
2016.01.25 10:08:14.649,1.68742,1.68757,1.00,1.12
2016.01.25 10:08:14.700,1.68739,1.68757,2.25,1.12
2016.01.25 10:08:15.207,1.68739,1.68757,1.00,1.12
2016.01.25 10:08:15.360,1.68742,1.68757,1.00,1.12
2016.01.25 10:08:15.462,1.68742,1.6876,1.37,1.81
2016.01.25 10:08:15.729,1.68743,1.68762,3.12,1.50
2016.01.25 10:08:15.783,1.68746,1.68763,1.00,1.12
2016.01.25 10:08:15.834,1.68749,1.68763,1.00,1.12
2016.01.25 10:08:15.885,1.68749,1.68766,1.00,2.25
2016.01.25 10:08:16.930,1.68748,1.68767,1.12,1.50
2016.01.25 10:08:17.442,1.68748,1.68766,1.00,1.81
2016.01.25 10:08:17.849,1.6875,1.68765,1.00,1.12
2016.01.25 10:08:18.156,1.68769,1.68778,1.37,1.87
2016.01.25 10:08:18.208,1.68769,1.68784,1.37,1.12
2016.01.25 10:08:18.310,1.68771,1.68786,1.00,1.50
2016.01.25 10:08:18.361,1.68773,1.68786,1.00,1.50
2016.01.25 10:08:18.464,1.68773,1.6879,1.00,1.87
2016.01.25 10:08:18.617,1.68773,1.6879,1.20,1.12
2016.01.25 10:08:19.300,1.68772,1.68789,1.50,2.77
2016.01.25 10:08:19.453,1.68768,1.68786,1.57,1.65
2016.01.25 10:08:19.504,1.68768,1.68786,1.10,3.90
2016.01.25 10:08:19.810,1.68764,1.68782,2.25,1.09
2016.01.25 10:08:20.167,1.68763,1.6878,1.27,1.59
2016.01.25 10:08:20.707,1.68761,1.6878,1.57,3.52
2016.01.25 10:08:21.222,1.68761,1.6878,1.12,3.52
2016.01.25 10:08:21.795,1.68761,1.6878,1.12,1.27
2016.01.25 10:08:25.996,1.68766,1.6878,1.00,1.27
2016.01.25 10:08:26.098,1.68767,1.68782,1.00,1.37
2016.01.25 10:08:26.201,1.68767,1.68784,1.12,1.57
2016.01.25 10:08:26.507,1.68769,1.68786,1.00,1.52
2016.01.25 10:08:26.660,1.6877,1.68786,1.00,1.20
2016.01.25 10:08:26.813,1.6877,1.68789,1.00,1.09
2016.01.25 10:08:26.865,1.68768,1.68788,1.95,3.15
2016.01.25 10:08:27.140,1.68768,1.68785,1.12,1.27
2016.01.25 10:08:27.192,1.68768,1.68788,1.00,1.27
2016.01.25 10:08:27.244,1.68773,1.68788,1.00,1.27
2016.01.25 10:08:27.295,1.68773,1.68789,1.00,1.00
2016.01.25 10:08:27.347,1.68775,1.68789,1.00,1.00
2016.01.25 10:08:27.449,1.68773,1.68792,1.00,2.40
2016.01.25 10:08:27.501,1.68771,1.68792,2.32,2.40
2016.01.25 10:08:27.603,1.68771,1.68789,1.20,1.09
2016.01.25 10:08:28.189,1.6877,1.68788,1.07,1.27
2016.01.25 10:08:28.291,1.68768,1.68787,1.50,1.59
2016.01.25 10:08:28.495,1.68766,1.68787,2.32,1.65
2016.01.25 10:08:28.546,1.68766,1.68786,2.02,2.77
2016.01.25 10:08:29.056,1.68765,1.68782,1.00,1.25
2016.01.25 10:08:31.515,1.68765,1.68785,1.12,2.19
2016.01.25 10:08:31.821,1.68764,1.68782,1.00,3.00
2016.01.25 10:08:32.169,1.68756,1.68774,1.12,1.81
2016.01.25 10:08:32.227,1.68756,1.68774,3.02,1.62
2016.01.25 10:08:32.736,1.68755,1.68772,3.02,1.12
2016.01.25 10:08:32.888,1.68757,1.68775,1.00,3.37
2016.01.25 10:08:34.384,1.68754,1.68767,1.47,3.00
2016.01.25 10:08:34.487,1.68755,1.68769,1.00,1.00
2016.01.25 10:08:34.538,1.68755,1.6877,1.00,1.12
2016.01.25 10:08:34.640,1.68755,1.68771,1.00,1.75
2016.01.25 10:08:34.742,1.68755,1.68772,1.00,1.62
2016.01.25 10:08:35.305,1.68755,1.68772,1.00,1.12
2016.01.25 10:08:36.511,1.68755,1.68774,1.53,3.37
2016.01.25 10:08:37.025,1.68755,1.68774,1.16,3.00
2016.01.25 10:08:39.701,1.68755,1.68773,1.16,1.12
2016.01.25 10:08:40.542,1.68755,1.68773,1.16,1.56
2016.01.25 10:08:41.625,1.68755,1.68774,1.41,3.75
2016.01.25 10:08:42.134,1.68755,1.68774,1.00,1.31
2016.01.25 10:08:44.608,1.68755,1.68772,1.00,3.75
2016.01.25 10:08:44.913,1.68753,1.68771,1.00,3.75
2016.01.25 10:08:44.964,1.68752,1.68768,1.12,3.00
2016.01.25 10:08:45.269,1.68752,1.68769,1.00,3.00
2016.01.25 10:08:45.473,1.68756,1.68769,1.00,3.00
2016.01.25 10:08:45.525,1.68756,1.6877,1.00,1.00
2016.01.25 10:08:45.810,1.68757,1.68775,2.28,3.37
2016.01.25 10:08:45.862,1.68759,1.68776,1.12,3.37
2016.01.25 10:08:45.913,1.6876,1.68776,1.37,3.00
2016.01.25 10:08:45.965,1.6876,1.68777,1.37,3.37
2016.01.25 10:08:46.068,1.68763,1.68781,1.00,3.00
2016.01.25 10:08:46.171,1.68765,1.68782,1.00,4.12
2016.01.25 10:08:46.274,1.68765,1.68782,1.16,1.25
2016.01.25 10:08:46.377,1.68766,1.68784,1.00,1.25
2016.01.25 10:08:46.581,1.68766,1.68784,1.50,3.00
2016.01.25 10:08:46.841,1.68768,1.68787,1.69,1.69
2016.01.25 10:08:47.350,1.68766,1.68786,4.12,1.25
2016.01.25 10:08:47.402,1.68767,1.68786,1.25,3.75
2016.01.25 10:08:47.707,1.68763,1.68781,1.00,1.56
2016.01.25 10:08:48.214,1.68763,1.68781,3.37,1.00
2016.01.25 10:08:48.825,1.68765,1.68783,1.00,2.44
2016.01.25 10:08:49.397,1.68765,1.68782,1.31,1.25
2016.01.25 10:08:50.251,1.68763,1.68782,3.00,1.69
2016.01.25 10:08:50.575,1.68762,1.68779,4.12,1.00
2016.01.25 10:08:51.190,1.68763,1.68777,1.25,1.00
2016.01.25 10:08:51.637,1.68753,1.68769,3.37,1.00
2016.01.25 10:08:51.689,1.68757,1.68772,3.00,1.75
2016.01.25 10:08:51.842,1.68757,1.68774,1.25,1.62
2016.01.25 10:08:51.893,1.68761,1.68775,3.00,1.75
2016.01.25 10:08:51.944,1.68761,1.68776,3.37,1.00
2016.01.25 10:08:51.996,1.6876,1.68776,1.01,1.00
2016.01.25 10:08:52.048,1.68762,1.68778,1.00,1.00
2016.01.25 10:08:52.406,1.68762,1.68778,1.31,1.00
2016.01.25 10:08:53.028,1.68763,1.68778,1.69,1.00
2016.01.25 10:08:54.025,1.68763,1.68779,1.69,1.00
2016.01.25 10:08:54.496,1.68764,1.68781,1.25,1.68
2016.01.25 10:08:54.547,1.68766,1.68782,3.00,1.37
2016.01.25 10:08:55.006,1.68768,1.68784,1.56,1.00
2016.01.25 10:08:55.277,1.68766,1.68782,3.75,1.00
2016.01.25 10:08:55.785,1.68766,1.68782,3.75,1.00
2016.01.25 10:08:56.193,1.68766,1.6878,1.62,1.00
2016.01.25 10:08:56.485,1.68765,1.6878,1.01,1.00
2016.01.25 10:08:56.993,1.68764,1.68781,3.75,1.00
2016.01.25 10:08:57.626,1.68765,1.68781,1.25,1.00
2016.01.25 10:08:58.136,1.68763,1.6878,1.62,1.00
2016.01.25 10:08:58.289,1.68764,1.68778,3.37,1.00
2016.01.25 10:08:58.492,1.68762,1.68778,1.56,1.00
2016.01.25 10:08:59.053,1.68762,1.68778,1.31,1.00
2016.01.25 10:08:59.601,1.68762,1.68778,1.56,1.00
2016.01.25 10:09:00.833,1.68763,1.68782,3.00,1.00
2016.01.25 10:09:00.936,1.68766,1.68782,1.25,1.00
2016.01.25 10:09:01.243,1.68769,1.68785,3.00,1.00
2016.01.25 10:09:02.675,1.68769,1.68785,3.00,1.00
2016.01.25 10:09:03.325,1.68768,1.68785,3.45,1.00
2016.01.25 10:09:03.835,1.68768,1.68785,3.45,1.00
2016.01.25 10:09:04.141,1.68772,1.68784,3.00,1.00
2016.01.25 10:09:04.352,1.68765,1.68781,3.37,1.00
2016.01.25 10:09:04.404,1.68765,1.68776,3.37,1.00
2016.01.25 10:09:04.456,1.68762,1.68776,1.20,1.00
2016.01.25 10:09:04.661,1.6876,1.68774,3.37,1.00
2016.01.25 10:09:05.118,1.68761,1.68774,3.00,1.00
2016.01.25 10:09:05.323,1.6876,1.68774,1.25,1.00
2016.01.25 10:09:05.527,1.6876,1.68774,3.37,1.00
2016.01.25 10:09:05.883,1.68759,1.68774,1.66,1.00
2016.01.25 10:09:06.392,1.68759,1.68774,3.30,1.00
2016.01.25 10:09:06.951,1.68762,1.68774,2.92,1.00
2016.01.25 10:09:07.878,1.68761,1.68777,2.92,1.00
2016.01.25 10:09:08.226,1.6876,1.68774,4.42,1.00
2016.01.25 10:09:08.277,1.68759,1.68774,1.62,1.00
2016.01.25 10:09:08.532,1.68758,1.68772,1.24,1.00
2016.01.25 10:09:08.684,1.68754,1.68772,5.25,1.00
2016.01.25 10:09:08.787,1.68754,1.6877,3.75,1.00
2016.01.25 10:09:09.300,1.68755,1.6877,2.92,1.00
2016.01.25 10:09:09.605,1.68757,1.68771,3.30,1.00
2016.01.25 10:09:10.482,1.68758,1.68771,1.15,1.00
2016.01.25 10:09:10.787,1.68758,1.68771,2.92,1.00
2016.01.25 10:09:11.646,1.68759,1.68774,2.92,1.00
2016.01.25 10:09:12.259,1.68758,1.68771,3.67,1.00
2016.01.25 10:09:14.244,1.68757,1.68773,2.92,1.00
2016.01.25 10:09:14.753,1.68756,1.68773,3.75,1.00
2016.01.25 10:09:15.110,1.68758,1.68773,2.92,1.00
2016.01.25 10:09:15.650,1.68757,1.68773,3.75,1.00
2016.01.25 10:09:16.107,1.68759,1.68774,2.92,1.00
2016.01.25 10:09:16.159,1.68759,1.68777,2.92,1.00
2016.01.25 10:09:16.313,1.68762,1.68778,2.92,1.00
2016.01.25 10:09:16.415,1.68764,1.6878,2.92,1.12
2016.01.25 10:09:16.723,1.68765,1.68782,1.15,1.00
2016.01.25 10:09:17.232,1.68764,1.68782,4.12,1.50
2016.01.25 10:09:17.744,1.68767,1.68785,1.15,4.50
2016.01.25 10:09:18.202,1.68768,1.68781,1.75,1.00
2016.01.25 10:09:18.304,1.68768,1.68783,2.92,1.50
2016.01.25 10:09:18.820,1.68768,1.68783,1.69,1.00
2016.01.25 10:09:19.431,1.68768,1.68783,2.44,1.00
2016.01.25 10:09:20.378,1.6877,1.68784,1.62,1.00
2016.01.25 10:09:21.442,1.68771,1.68784,2.44,1.00
2016.01.25 10:09:21.493,1.68773,1.68787,1.25,1.00
2016.01.25 10:09:21.799,1.68773,1.6879,1.25,1.37
2016.01.25 10:09:21.850,1.68776,1.68791,1.00,1.37
2016.01.25 10:09:22.054,1.68777,1.68794,2.04,1.00
2016.01.25 10:09:22.156,1.68777,1.68792,4.20,1.00
2016.01.25 10:09:22.677,1.68776,1.68792,3.75,1.00
2016.01.25 10:09:23.191,1.68776,1.68791,4.12,1.00
2016.01.25 10:09:23.889,1.68774,1.68791,4.20,1.00
2016.01.25 10:09:24.145,1.68774,1.68789,4.20,1.00
2016.01.25 10:09:24.803,1.68775,1.68789,3.07,1.00
2016.01.25 10:09:25.007,1.68774,1.68788,1.20,1.00
2016.01.25 10:09:25.110,1.68772,1.68788,1.84,1.05
2016.01.25 10:09:25.367,1.68772,1.68788,3.37,1.00
2016.01.25 10:09:25.469,1.68772,1.68788,1.25,1.00
2016.01.25 10:09:26.646,1.68772,1.68788,3.00,1.00
2016.01.25 10:09:27.208,1.68773,1.6879,3.00,1.00
2016.01.25 10:09:27.565,1.68773,1.68788,3.00,1.00
2016.01.25 10:09:28.278,1.68775,1.68788,3.00,1.00
2016.01.25 10:09:28.584,1.68778,1.6879,3.00,1.00
2016.01.25 10:09:28.635,1.68776,1.6879,3.00,1.00
2016.01.25 10:09:29.095,1.68773,1.68789,3.37,1.00
2016.01.25 10:09:29.952,1.68774,1.68789,3.00,1.00
2016.01.25 10:09:31.308,1.68774,1.68789,3.00,1.00
2016.01.25 10:09:34.063,1.68774,1.68791,3.00,1.26
2016.01.25 10:09:34.585,1.68774,1.6879,3.00,1.00
2016.01.25 10:09:35.139,1.68773,1.6879,3.00,1.00
2016.01.25 10:09:35.659,1.68773,1.68789,3.00,1.00
2016.01.25 10:09:36.801,1.68772,1.68789,3.00,1.00
2016.01.25 10:09:37.106,1.68772,1.68787,1.25,1.00
2016.01.25 10:09:37.443,1.68769,1.68785,1.01,1.00
2016.01.25 10:09:37.957,1.68768,1.68785,3.45,1.00
2016.01.25 10:09:38.709,1.68769,1.68785,3.00,1.00
2016.01.25 10:09:39.220,1.68769,1.68784,3.00,1.00
2016.01.25 10:09:39.731,1.68767,1.68784,3.00,1.12
2016.01.25 10:09:41.174,1.68768,1.68783,3.00,1.00
2016.01.25 10:09:41.869,1.68768,1.68783,3.00,1.00
2016.01.25 10:09:43.376,1.68768,1.68783,3.00,1.00
2016.01.25 10:09:44.177,1.68768,1.68783,3.00,1.00
2016.01.25 10:09:45.077,1.68767,1.68783,3.00,1.00
2016.01.25 10:09:48.018,1.68767,1.68783,3.00,1.00
2016.01.25 10:09:49.369,1.68766,1.68783,4.12,2.06
2016.01.25 10:09:49.825,1.68765,1.68777,3.37,1.00
2016.01.25 10:09:49.876,1.68762,1.68777,1.95,1.56
2016.01.25 10:09:49.979,1.68762,1.68775,1.00,1.00
2016.01.25 10:09:50.132,1.6876,1.68774,1.25,1.00
2016.01.25 10:09:50.234,1.68758,1.68774,1.39,1.00
2016.01.25 10:09:50.745,1.68756,1.68774,3.75,1.56
2016.01.25 10:09:51.000,1.68758,1.68775,3.37,1.12
2016.01.25 10:09:51.558,1.68759,1.68775,1.25,1.21
2016.01.25 10:09:51.958,1.68759,1.68773,1.25,1.00
2016.01.25 10:09:52.861,1.68756,1.68773,1.25,1.00
2016.01.25 10:09:52.913,1.68756,1.68771,1.25,1.00
2016.01.25 10:09:53.517,1.68754,1.68771,3.75,1.00
2016.01.25 10:09:54.026,1.68754,1.6877,1.31,1.12
2016.01.25 10:09:54.331,1.68752,1.68766,1.00,1.00
2016.01.25 10:09:54.805,1.68751,1.68768,3.00,1.00
2016.01.25 10:09:55.742,1.68752,1.68768,3.00,1.50
2016.01.25 10:09:55.794,1.68754,1.68772,1.31,3.08
2016.01.25 10:09:55.845,1.68755,1.68772,3.00,3.08
2016.01.25 10:09:56.253,1.68759,1.68772,3.00,1.50
2016.01.25 10:09:56.508,1.68764,1.68781,1.31,1.50
2016.01.25 10:09:56.610,1.68766,1.68783,3.00,1.75
2016.01.25 10:09:56.712,1.68767,1.68782,3.00,1.00
2016.01.25 10:09:56.814,1.68765,1.68781,3.00,1.50
2016.01.25 10:09:57.341,1.68765,1.6878,3.00,1.00
2016.01.25 10:10:00.220,1.68766,1.6878,3.00,1.00
2016.01.25 10:10:00.788,1.68765,1.68783,3.75,1.75
2016.01.25 10:10:01.093,1.68766,1.68784,3.00,1.21
2016.01.25 10:10:01.349,1.68767,1.68785,3.75,1.49
2016.01.25 10:10:02.449,1.68768,1.68785,1.31,1.37
2016.01.25 10:10:02.551,1.6877,1.68786,3.00,1.87
2016.01.25 10:10:02.908,1.68771,1.68789,3.00,1.50
2016.01.25 10:10:04.233,1.68772,1.6879,3.82,1.62
2016.01.25 10:10:05.117,1.68772,1.6879,3.82,1.31
2016.01.25 10:10:05.219,1.68774,1.68791,1.56,2.06
2016.01.25 10:10:05.727,1.68775,1.68792,3.00,1.04
2016.01.25 10:10:06.253,1.68776,1.68794,1.56,1.75
2016.01.25 10:10:07.594,1.68777,1.68794,3.00,1.42
2016.01.25 10:10:08.178,1.68778,1.68794,1.56,1.87
2016.01.25 10:10:08.686,1.68778,1.68794,1.31,1.75
2016.01.25 10:10:08.737,1.68778,1.68794,1.31,1.50
2016.01.25 10:10:10.527,1.68778,1.68794,3.75,1.12
2016.01.25 10:10:14.550,1.68776,1.68794,1.56,3.55
2016.01.25 10:10:14.652,1.68773,1.68792,3.75,1.00
2016.01.25 10:10:15.058,1.68761,1.68779,1.31,2.05
2016.01.25 10:10:15.161,1.68747,1.68767,2.06,2.80
2016.01.25 10:10:15.263,1.68752,1.68765,1.00,2.43
2016.01.25 10:10:15.314,1.6875,1.68765,1.31,1.00
2016.01.25 10:10:15.467,1.68748,1.68767,4.50,1.68
2016.01.25 10:10:15.976,1.68749,1.68768,4.12,2.05
2016.01.25 10:10:16.245,1.68756,1.6877,1.00,2.43
2016.01.25 10:10:16.347,1.68756,1.68774,2.06,3.18
2016.01.25 10:10:16.398,1.68759,1.68776,3.00,1.87
2016.01.25 10:10:16.450,1.68759,1.68777,3.00,1.50
2016.01.25 10:10:16.958,1.68758,1.68773,1.37,1.00
2016.01.25 10:10:17.010,1.68756,1.68773,3.45,1.00
2016.01.25 10:10:17.510,1.68757,1.68774,3.00,1.75
2016.01.25 10:10:17.561,1.68757,1.68776,3.75,2.25
2016.01.25 10:10:17.714,1.68759,1.68776,3.37,1.12
2016.01.25 10:10:18.172,1.68759,1.68777,1.25,1.87
2016.01.25 10:10:18.704,1.68759,1.68777,3.37,1.50
2016.01.25 10:10:18.930,1.68758,1.68777,3.37,1.50
2016.01.25 10:10:19.562,1.68759,1.68775,1.25,2.62
2016.01.25 10:10:19.716,1.68739,1.68753,1.57,1.00
2016.01.25 10:10:19.767,1.68734,1.6875,3.07,1.12
2016.01.25 10:10:19.818,1.68733,1.68749,1.20,1.00
2016.01.25 10:10:19.870,1.68732,1.68747,2.62,1.00
2016.01.25 10:10:19.922,1.68729,1.68745,2.62,1.00
2016.01.25 10:10:20.024,1.68728,1.68745,2.25,1.12
2016.01.25 10:10:20.127,1.68728,1.68743,2.25,1.00
2016.01.25 10:10:20.946,1.68729,1.68743,2.25,1.00
2016.01.25 10:10:21.099,1.68729,1.68745,2.25,1.12
2016.01.25 10:10:22.686,1.6873,1.68745,2.25,1.12
2016.01.25 10:10:23.225,1.68729,1.68745,2.25,1.12
2016.01.25 10:10:25.438,1.68728,1.68745,2.25,1.12
2016.01.25 10:10:26.149,1.68728,1.68743,2.25,1.00
2016.01.25 10:10:27.110,1.68728,1.68742,2.25,1.00
2016.01.25 10:10:27.618,1.68727,1.68742,2.25,1.00
2016.01.25 10:10:27.924,1.68719,1.68734,2.25,1.37
2016.01.25 10:10:27.975,1.68717,1.68732,2.25,1.00
2016.01.25 10:10:28.260,1.68716,1.68729,2.25,1.00
2016.01.25 10:10:28.414,1.68716,1.68731,2.25,1.00
2016.01.25 10:10:28.517,1.68716,1.68729,2.25,1.00
2016.01.25 10:10:28.671,1.68712,1.68728,1.37,1.00
2016.01.25 10:10:28.723,1.68709,1.68728,5.62,1.00
2016.01.25 10:10:29.521,1.68712,1.68728,1.25,1.00
2016.01.25 10:10:29.731,1.68713,1.68732,1.56,1.00
2016.01.25 10:10:30.238,1.68713,1.68732,3.00,1.00
2016.01.25 10:10:31.024,1.68715,1.68732,3.00,1.00
2016.01.25 10:10:31.278,1.68712,1.68732,3.37,1.00
2016.01.25 10:10:31.329,1.68712,1.6873,3.37,1.00
2016.01.25 10:10:31.828,1.68714,1.6873,3.00,1.00
2016.01.25 10:10:32.033,1.68712,1.68729,3.37,1.00
2016.01.25 10:10:32.198,1.68712,1.68729,1.00,1.00
2016.01.25 10:10:32.250,1.68709,1.68727,4.57,1.00
2016.01.25 10:10:32.558,1.6871,1.68725,1.69,1.00
2016.01.25 10:10:32.660,1.6871,1.68725,1.25,1.00
2016.01.25 10:10:32.813,1.68711,1.68729,1.00,1.00
2016.01.25 10:10:33.270,1.68711,1.68727,1.00,1.00
2016.01.25 10:10:33.586,1.68714,1.68727,1.00,1.00
2016.01.25 10:10:34.401,1.68714,1.68728,1.00,1.00
2016.01.25 10:10:35.071,1.68712,1.68728,1.00,1.00
2016.01.25 10:10:35.173,1.68715,1.6873,1.00,1.00
2016.01.25 10:10:35.225,1.68712,1.6873,3.00,1.50
2016.01.25 10:10:35.277,1.68713,1.68725,1.31,1.00
2016.01.25 10:10:35.329,1.6871,1.68725,1.00,1.00
2016.01.25 10:10:35.381,1.68708,1.68727,1.50,1.00
2016.01.25 10:10:35.846,1.68711,1.68726,1.00,1.00
2016.01.25 10:10:36.061,1.68712,1.68731,1.56,3.98
2016.01.25 10:10:36.163,1.68712,1.68731,3.75,1.00
2016.01.25 10:10:36.316,1.68714,1.68733,3.75,1.87
2016.01.25 10:10:36.856,1.68714,1.68733,1.31,1.00
2016.01.25 10:10:37.765,1.68714,1.68733,3.75,1.00
2016.01.25 10:10:38.245,1.68717,1.68735,1.31,1.00
2016.01.25 10:10:38.829,1.68717,1.68735,3.75,1.00
2016.01.25 10:10:39.136,1.68719,1.68737,3.75,1.00
2016.01.25 10:10:40.338,1.68719,1.68735,4.12,1.00
2016.01.25 10:10:40.389,1.68719,1.68735,1.69,1.00
2016.01.25 10:10:40.491,1.6872,1.68735,3.00,1.00
2016.01.25 10:10:41.000,1.6872,1.68738,3.00,1.87
2016.01.25 10:10:41.391,1.68726,1.68738,3.00,1.00
2016.01.25 10:10:41.630,1.6873,1.68747,3.00,1.50
2016.01.25 10:10:42.346,1.6873,1.68745,3.37,1.00
2016.01.25 10:10:42.564,1.68729,1.68745,1.25,1.00
2016.01.25 10:10:42.949,1.68729,1.68746,3.37,1.00
2016.01.25 10:10:43.203,1.6873,1.68748,3.00,1.00
2016.01.25 10:10:43.356,1.68733,1.68748,3.00,1.00
2016.01.25 10:10:43.901,1.68731,1.68748,3.00,1.00
2016.01.25 10:10:44.417,1.68731,1.6875,3.75,1.37
2016.01.25 10:10:44.968,1.68731,1.68748,3.75,1.00
2016.01.25 10:10:47.265,1.68733,1.68749,1.25,1.87
2016.01.25 10:10:47.767,1.68732,1.68749,3.75,1.87
2016.01.25 10:10:49.039,1.68732,1.68746,3.75,1.00
2016.01.25 10:10:49.240,1.68728,1.68744,1.31,1.50
2016.01.25 10:10:49.342,1.68726,1.68744,1.31,1.50
2016.01.25 10:10:49.394,1.68726,1.68744,3.75,1.50
2016.01.25 10:10:49.871,1.68726,1.68744,1.31,1.50
2016.01.25 10:10:50.178,1.68726,1.68742,1.31,1.00
2016.01.25 10:10:50.578,1.68726,1.68744,1.25,1.50
2016.01.25 10:10:50.629,1.68728,1.68744,3.00,1.50
2016.01.25 10:10:50.934,1.6873,1.68745,1.31,1.00
2016.01.25 10:10:51.087,1.68732,1.68747,1.56,1.00
2016.01.25 10:10:51.644,1.68731,1.68747,1.62,1.00
2016.01.25 10:10:52.485,1.68731,1.68745,1.62,1.00
2016.01.25 10:10:52.587,1.68729,1.68744,1.25,1.00
2016.01.25 10:10:52.835,1.68727,1.68743,1.37,3.61
2016.01.25 10:10:53.038,1.68721,1.68735,1.00,1.00
2016.01.25 10:10:53.141,1.6872,1.68735,1.00,3.61
2016.01.25 10:10:53.192,1.68718,1.68735,1.00,3.23
2016.01.25 10:10:53.855,1.68714,1.68732,4.50,1.92
2016.01.25 10:10:53.906,1.68712,1.68727,1.37,3.61
2016.01.25 10:10:53.957,1.6871,1.68727,2.44,3.61
2016.01.25 10:10:54.009,1.6871,1.68726,1.25,1.54
2016.01.25 10:10:54.060,1.68707,1.68726,4.20,4.36
2016.01.25 10:10:54.162,1.68708,1.68726,1.25,1.92
2016.01.25 10:10:54.570,1.68709,1.68725,3.00,1.00
2016.01.25 10:10:55.132,1.6871,1.68725,3.00,1.00
2016.01.25 10:10:55.640,1.6871,1.68726,3.00,1.00
2016.01.25 10:10:56.173,1.68709,1.68725,3.75,1.00
2016.01.25 10:10:56.885,1.68709,1.68725,3.75,1.00
2016.01.25 10:10:58.251,1.68709,1.68727,4.50,1.74
2016.01.25 10:10:58.354,1.68709,1.6873,4.50,5.68
2016.01.25 10:10:58.456,1.68712,1.6873,3.00,2.86
2016.01.25 10:10:59.221,1.68711,1.6873,3.37,5.30
2016.01.25 10:10:59.736,1.68711,1.6873,3.00,4.93
2016.01.25 10:11:00.339,1.6871,1.6873,3.75,2.11
2016.01.25 10:11:00.696,1.6871,1.68727,1.56,1.00
2016.01.25 10:11:00.799,1.6871,1.68729,1.56,1.32
2016.01.25 10:11:00.851,1.68711,1.68729,3.00,1.32
2016.01.25 10:11:01.850,1.68711,1.6873,3.00,1.00
2016.01.25 10:11:02.155,1.68714,1.68731,3.00,1.12
2016.01.25 10:11:02.359,1.68715,1.68734,3.37,2.25
2016.01.25 10:11:03.106,1.68717,1.68734,3.75,1.50
2016.01.25 10:11:03.411,1.68715,1.6873,3.00,1.00
2016.01.25 10:11:03.513,1.68712,1.6873,3.37,1.00
2016.01.25 10:11:03.564,1.68712,1.68728,3.37,1.00
2016.01.25 10:11:04.421,1.68712,1.68727,3.00,1.00
2016.01.25 10:11:04.727,1.68711,1.68725,3.00,1.00
2016.01.25 10:11:05.186,1.68713,1.68728,3.00,1.00
2016.01.25 10:11:05.359,1.68713,1.68726,3.00,1.00
2016.01.25 10:11:05.968,1.68713,1.68724,3.00,1.00
2016.01.25 10:11:06.020,1.68711,1.68725,1.25,1.00
2016.01.25 10:11:06.216,1.68707,1.68722,1.12,1.00
2016.01.25 10:11:06.877,1.68705,1.6872,3.00,1.00
2016.01.25 10:11:07.031,1.68704,1.6872,3.75,1.00
2016.01.25 10:11:07.482,1.68706,1.68719,1.75,1.12
2016.01.25 10:11:07.585,1.68705,1.68721,3.75,1.12
2016.01.25 10:11:08.095,1.68706,1.68722,3.37,1.00
2016.01.25 10:11:08.977,1.68707,1.68722,3.00,1.00
2016.01.25 10:11:09.514,1.68707,1.68722,3.00,1.00
2016.01.25 10:11:10.025,1.68708,1.68722,3.00,1.00
2016.01.25 10:11:10.213,1.68708,1.6872,3.00,1.00
2016.01.25 10:11:10.275,1.68706,1.6872,3.00,1.00
2016.01.25 10:11:10.428,1.68705,1.68718,3.37,1.00
2016.01.25 10:11:10.531,1.68703,1.68717,4.50,1.00
2016.01.25 10:11:11.091,1.68702,1.68717,1.50,1.00
2016.01.25 10:11:11.845,1.68701,1.68717,4.87,1.00
2016.01.25 10:11:12.353,1.68702,1.68718,3.75,1.00
2016.01.25 10:11:12.905,1.68703,1.68718,3.00,1.00
2016.01.25 10:11:13.799,1.68703,1.68721,3.00,1.50
2016.01.25 10:11:13.953,1.68708,1.68724,3.00,1.75
2016.01.25 10:11:14.004,1.68708,1.68723,3.00,1.00
2016.01.25 10:11:14.283,1.68709,1.68725,3.75,1.00
2016.01.25 10:11:14.334,1.6871,1.68725,3.00,1.00
2016.01.25 10:11:16.266,1.68707,1.68717,1.37,1.00
2016.01.25 10:11:16.472,1.68702,1.6872,1.00,3.19
2016.01.25 10:11:16.574,1.68702,1.68718,3.11,1.12
2016.01.25 10:11:16.823,1.68703,1.68718,2.74,1.37
2016.01.25 10:11:16.875,1.68703,1.6872,2.74,1.12
2016.01.25 10:11:17.383,1.68705,1.68721,2.74,1.50
2016.01.25 10:11:18.172,1.68705,1.68723,2.74,1.75
2016.01.25 10:11:18.681,1.68705,1.68723,2.74,1.50
2016.01.25 10:11:19.527,1.68705,1.68723,2.74,1.84
2016.01.25 10:11:19.883,1.68705,1.68723,2.74,1.00
2016.01.25 10:11:20.292,1.68707,1.68725,2.74,1.84
2016.01.25 10:11:20.964,1.68707,1.68725,2.74,1.50
2016.01.25 10:11:21.877,1.68706,1.68725,3.49,1.12
2016.01.25 10:11:22.144,1.68708,1.68725,2.74,1.12
2016.01.25 10:11:22.450,1.68718,1.68736,2.74,1.47
2016.01.25 10:11:22.501,1.68718,1.68736,2.74,1.12
2016.01.25 10:11:22.552,1.6872,1.68737,2.74,1.50
2016.01.25 10:11:22.706,1.68724,1.68741,2.74,1.50
2016.01.25 10:11:23.215,1.68725,1.68741,2.74,1.00
2016.01.25 10:11:23.720,1.68725,1.68741,2.74,1.00
2016.01.25 10:11:24.289,1.68722,1.68741,4.24,1.00
2016.01.25 10:11:24.595,1.68721,1.6874,3.49,1.56
2016.01.25 10:11:25.131,1.68721,1.68739,3.49,1.62
2016.01.25 10:11:25.638,1.68721,1.6874,3.49,2.06
2016.01.25 10:11:26.153,1.68721,1.68739,3.49,1.62
2016.01.25 10:11:26.704,1.6872,1.68737,3.37,1.00
2016.01.25 10:11:27.208,1.6872,1.68741,4.12,3.56
2016.01.25 10:11:27.259,1.68723,1.68741,2.00,2.62
2016.01.25 10:11:27.311,1.68723,1.68741,2.00,1.87
2016.01.25 10:11:28.162,1.68723,1.68743,4.12,1.75
2016.01.25 10:11:28.663,1.68725,1.68743,1.00,2.06
2016.01.25 10:11:29.115,1.6873,1.68744,1.12,1.00
2016.01.25 10:11:29.217,1.6873,1.68747,1.62,1.31
2016.01.25 10:11:29.269,1.68734,1.68748,1.00,3.00
2016.01.25 10:11:29.372,1.68736,1.68754,1.12,3.37
2016.01.25 10:11:29.423,1.68738,1.68754,1.00,3.00
2016.01.25 10:11:29.475,1.68738,1.68755,2.25,1.00
2016.01.25 10:11:30.019,1.68739,1.68757,1.12,2.25
2016.01.25 10:11:30.378,1.68738,1.68754,1.94,1.50
2016.01.25 10:11:30.480,1.68736,1.68752,1.95,1.00
2016.01.25 10:11:30.993,1.68737,1.68752,1.25,1.00
2016.01.25 10:11:31.523,1.68736,1.68752,2.19,1.00
2016.01.25 10:11:33.632,1.68737,1.68752,1.25,1.00
2016.01.25 10:11:34.134,1.68735,1.68752,4.12,1.00
2016.01.25 10:11:34.559,1.68736,1.68752,1.31,1.00
2016.01.25 10:11:35.086,1.68735,1.68753,1.31,2.25
2016.01.25 10:11:37.540,1.68735,1.6875,1.31,1.00
2016.01.25 10:11:37.592,1.68732,1.6875,2.44,1.37
2016.01.25 10:11:37.694,1.68732,1.68749,2.06,1.05
2016.01.25 10:11:38.051,1.68732,1.68747,2.25,1.00
2016.01.25 10:11:38.433,1.68733,1.68752,3.00,2.55
2016.01.25 10:11:38.950,1.68733,1.68752,3.37,1.87
2016.01.25 10:11:39.103,1.68734,1.68752,3.00,2.25
2016.01.25 10:11:39.408,1.68738,1.68754,3.75,1.37
2016.01.25 10:11:39.593,1.6874,1.68754,1.56,1.12
2016.01.25 10:11:40.051,1.6874,1.68758,1.31,1.00
2016.01.25 10:11:40.458,1.68743,1.68759,3.00,1.12
2016.01.25 10:11:40.611,1.68744,1.68761,3.00,1.12
2016.01.25 10:11:40.662,1.68743,1.68761,1.00,3.75
2016.01.25 10:11:40.862,1.68741,1.6876,1.00,1.69
2016.01.25 10:11:41.369,1.68741,1.68759,3.75,1.69
2016.01.25 10:11:42.017,1.6874,1.68759,4.12,2.06
2016.01.25 10:11:42.520,1.6874,1.68759,3.75,2.06
2016.01.25 10:11:42.971,1.68745,1.68761,3.00,1.87
2016.01.25 10:11:43.124,1.68745,1.68763,3.75,1.50
2016.01.25 10:11:43.447,1.68747,1.68765,3.00,1.31
2016.01.25 10:11:43.499,1.68747,1.68765,3.00,1.62
2016.01.25 10:11:43.804,1.68743,1.68759,4.12,1.00
2016.01.25 10:11:43.855,1.6874,1.68758,3.64,3.00
2016.01.25 10:11:43.957,1.68738,1.68757,2.06,3.75
2016.01.25 10:11:44.464,1.68738,1.68756,1.12,1.62
2016.01.25 10:11:44.667,1.68739,1.68758,2.06,2.06
2016.01.25 10:11:44.718,1.68742,1.68758,1.00,2.06
2016.01.25 10:11:44.871,1.68743,1.68762,4.12,1.87
2016.01.25 10:11:45.478,1.68745,1.68764,3.00,3.19
2016.01.25 10:11:45.987,1.68747,1.68764,1.25,1.12
2016.01.25 10:11:46.366,1.68744,1.68763,3.75,1.62
2016.01.25 10:11:46.823,1.6874,1.68758,1.25,1.56
2016.01.25 10:11:47.078,1.6874,1.68757,1.25,1.31
2016.01.25 10:11:48.067,1.68741,1.68759,3.00,2.06
2016.01.25 10:11:48.169,1.68746,1.68761,1.00,1.12
2016.01.25 10:11:48.221,1.68748,1.68764,1.00,1.69
2016.01.25 10:11:48.272,1.68748,1.68764,1.69,1.00
2016.01.25 10:11:48.783,1.68748,1.68766,1.69,2.06
2016.01.25 10:11:49.302,1.68748,1.68765,3.00,1.00
2016.01.25 10:11:50.099,1.68748,1.68764,3.00,1.00
2016.01.25 10:11:51.114,1.6875,1.68764,3.00,1.00
2016.01.25 10:11:51.217,1.68754,1.68769,1.25,1.37
2016.01.25 10:11:51.319,1.68755,1.68772,1.00,4.20
2016.01.25 10:11:51.371,1.68757,1.68773,3.75,1.57
2016.01.25 10:11:51.424,1.68758,1.68775,1.69,1.50
2016.01.25 10:11:51.476,1.68759,1.68777,3.37,1.01
2016.01.25 10:11:51.802,1.68782,1.68788,1.37,5.62
2016.01.25 10:11:51.858,1.68784,1.688,1.65,1.69
2016.01.25 10:11:51.912,1.68788,1.688,1.25,1.00
2016.01.25 10:11:51.964,1.68788,1.68802,1.25,1.00
2016.01.25 10:11:52.473,1.68785,1.68802,3.37,1.00
2016.01.25 10:11:52.675,1.6878,1.68792,3.52,1.00
2016.01.25 10:11:52.931,1.68773,1.68786,1.01,1.00
2016.01.25 10:11:53.084,1.6877,1.68786,2.82,1.00
2016.01.25 10:11:53.592,1.6877,1.68785,2.82,1.00
2016.01.25 10:11:54.625,1.68769,1.68787,2.82,1.12
2016.01.25 10:11:55.140,1.68769,1.68787,2.82,1.12
2016.01.25 10:11:55.395,1.68768,1.68785,1.01,1.31
2016.01.25 10:11:55.701,1.68765,1.68781,1.00,1.00
2016.01.25 10:11:56.017,1.68763,1.68779,1.13,1.00
2016.01.25 10:11:56.342,1.68766,1.6878,2.82,1.12
2016.01.25 10:11:56.496,1.68763,1.6878,2.82,1.50
2016.01.25 10:11:56.650,1.68762,1.6878,2.82,1.37
2016.01.25 10:11:56.955,1.68763,1.6878,2.82,1.00
2016.01.25 10:11:57.460,1.68763,1.6878,2.82,1.00
2016.01.25 10:11:57.766,1.68764,1.68781,2.82,1.12
2016.01.25 10:11:58.293,1.68764,1.68781,2.82,1.12
2016.01.25 10:11:58.844,1.68767,1.68783,2.82,1.12
2016.01.25 10:11:59.250,1.68768,1.68784,3.20,1.00
2016.01.25 10:11:59.454,1.68768,1.68787,3.57,1.12
2016.01.25 10:11:59.505,1.68771,1.68787,2.82,1.12
2016.01.25 10:12:00.053,1.68773,1.68791,1.51,1.87
2016.01.25 10:12:00.155,1.68775,1.68791,2.82,1.37
2016.01.25 10:12:00.257,1.68775,1.68793,2.82,1.12
2016.01.25 10:12:00.359,1.68776,1.68794,2.82,1.00
2016.01.25 10:12:01.011,1.68777,1.68794,2.82,1.00
2016.01.25 10:12:01.265,1.68776,1.68794,2.82,1.00
2016.01.25 10:12:01.469,1.68777,1.68794,2.82,1.00
2016.01.25 10:12:01.851,1.68779,1.68795,2.82,1.00
2016.01.25 10:12:01.904,1.68779,1.68797,3.95,1.00
2016.01.25 10:12:02.059,1.68785,1.68799,1.37,1.50
2016.01.25 10:12:02.365,1.68796,1.68809,1.26,1.00
2016.01.25 10:12:02.869,1.68796,1.6881,1.32,1.00
2016.01.25 10:12:03.378,1.68796,1.68809,1.47,1.00
2016.01.25 10:12:03.786,1.68796,1.68813,1.85,1.00
2016.01.25 10:12:03.968,1.68796,1.68813,3.35,1.00
2016.01.25 10:12:04.274,1.68793,1.68812,3.91,1.75
2016.01.25 10:12:04.529,1.68794,1.68812,3.16,1.00
2016.01.25 10:12:04.632,1.68795,1.68812,3.16,1.00
2016.01.25 10:12:05.121,1.68793,1.68811,3.16,1.50
2016.01.25 10:12:05.223,1.68793,1.68808,3.16,1.00
2016.01.25 10:12:05.734,1.68792,1.68807,2.90,1.00
2016.01.25 10:12:06.299,1.68793,1.68811,2.52,1.87
2016.01.25 10:12:06.350,1.68793,1.68808,2.52,1.00
2016.01.25 10:12:06.759,1.68793,1.68811,2.26,2.06
2016.01.25 10:12:07.534,1.68792,1.68811,2.61,1.50
2016.01.25 10:12:08.046,1.68793,1.6881,2.23,1.31
2016.01.25 10:12:08.302,1.68792,1.68808,2.61,1.00
2016.01.25 10:12:10.102,1.68791,1.68808,2.61,1.00
2016.01.25 10:12:10.510,1.68788,1.68807,3.36,2.44
2016.01.25 10:12:10.815,1.68786,1.68797,2.62,1.00
2016.01.25 10:12:11.130,1.68772,1.68777,1.00,1.12
2016.01.25 10:12:11.182,1.68754,1.6877,1.00,1.00
2016.01.25 10:12:11.386,1.68756,1.68771,2.23,1.00
2016.01.25 10:12:11.692,1.68768,1.68785,2.23,1.75
2016.01.25 10:12:11.794,1.68768,1.68785,2.98,1.37
2016.01.25 10:12:12.310,1.68767,1.68783,1.00,1.00
2016.01.25 10:12:12.514,1.68766,1.68781,1.37,1.00
2016.01.25 10:12:12.768,1.68765,1.68782,1.00,1.00
2016.01.25 10:12:12.870,1.68764,1.6878,3.36,1.00
2016.01.25 10:12:13.173,1.68763,1.68778,1.00,1.00
2016.01.25 10:12:13.681,1.68762,1.68777,1.00,1.00
2016.01.25 10:12:14.189,1.68762,1.68778,1.00,1.00
2016.01.25 10:12:14.452,1.6876,1.68778,2.69,1.56
2016.01.25 10:12:14.968,1.6876,1.68778,2.69,1.56
2016.01.25 10:12:15.223,1.68759,1.68778,2.69,3.75
2016.01.25 10:12:16.238,1.68769,1.68786,1.00,1.50
2016.01.25 10:12:16.290,1.68769,1.68784,1.00,1.00
2016.01.25 10:12:16.341,1.68769,1.68786,1.94,1.00
2016.01.25 10:12:16.736,1.68771,1.68786,1.00,1.00
2016.01.25 10:12:17.041,1.68773,1.68786,1.00,1.00
2016.01.25 10:12:17.347,1.68771,1.68786,2.69,1.00
2016.01.25 10:12:17.703,1.68772,1.68788,1.00,1.31
2016.01.25 10:12:18.008,1.68776,1.68792,1.00,1.12
2016.01.25 10:12:18.110,1.68777,1.68794,1.94,1.69
2016.01.25 10:12:20.056,1.68778,1.68795,1.94,2.44
2016.01.25 10:12:20.209,1.68784,1.68796,1.00,1.25
2016.01.25 10:12:20.621,1.68785,1.68799,1.00,1.00
2016.01.25 10:12:20.826,1.68785,1.68803,2.69,2.81
2016.01.25 10:12:20.878,1.68787,1.68803,1.00,1.56
2016.01.25 10:12:21.031,1.68787,1.68804,1.00,1.12
2016.01.25 10:12:21.436,1.68789,1.68804,1.00,1.31
2016.01.25 10:12:21.640,1.68791,1.68807,1.00,1.00
2016.01.25 10:12:22.104,1.68793,1.68807,1.00,1.12
2016.01.25 10:12:24.068,1.68791,1.68807,1.12,1.00
2016.01.25 10:12:24.119,1.68791,1.68805,1.12,1.62
2016.01.25 10:12:24.272,1.68786,1.688,1.12,1.25
2016.01.25 10:12:24.425,1.68784,1.68799,1.00,1.62
2016.01.25 10:12:24.929,1.68784,1.68799,1.00,1.31
2016.01.25 10:12:25.133,1.68784,1.68801,1.00,1.62
2016.01.25 10:12:25.646,1.68783,1.68799,1.00,1.25
2016.01.25 10:12:26.749,1.68783,1.68799,1.00,3.37
2016.01.25 10:12:27.343,1.68783,1.688,1.00,1.62
2016.01.25 10:12:27.992,1.68783,1.688,1.00,3.75
2016.01.25 10:12:28.506,1.68783,1.68799,1.00,1.31
2016.01.25 10:12:30.647,1.68782,1.68798,1.00,1.62
2016.01.25 10:12:30.698,1.68784,1.68799,1.00,1.94
2016.01.25 10:12:32.339,1.68786,1.688,1.00,2.00
2016.01.25 10:12:32.645,1.6879,1.68806,1.00,1.31
2016.01.25 10:12:32.749,1.6879,1.68805,1.00,1.62
2016.01.25 10:12:32.902,1.6879,1.68806,1.00,2.06
2016.01.25 10:12:32.953,1.6879,1.68806,1.00,2.06
2016.01.25 10:12:33.055,1.68787,1.68804,1.19,1.25
2016.01.25 10:12:33.880,1.68786,1.688,3.33,1.00
2016.01.25 10:12:34.186,1.68779,1.68795,1.37,3.00
2016.01.25 10:12:34.237,1.68777,1.68795,1.24,3.75
2016.01.25 10:12:34.339,1.68776,1.68791,1.00,3.37
2016.01.25 10:12:34.900,1.68776,1.6879,1.00,1.87
2016.01.25 10:12:35.220,1.68776,1.68785,1.00,1.62
2016.01.25 10:12:35.322,1.68776,1.68787,1.00,3.37
2016.01.25 10:12:35.579,1.68772,1.68789,1.00,3.00
2016.01.25 10:12:37.122,1.68772,1.6879,1.00,1.56
2016.01.25 10:12:39.790,1.68774,1.6879,1.00,1.58
2016.01.25 10:12:40.096,1.68782,1.68794,1.00,1.00
2016.01.25 10:12:40.198,1.68783,1.68799,1.15,2.33
2016.01.25 10:12:40.459,1.68783,1.68801,1.15,1.49
2016.01.25 10:12:41.323,1.6879,1.68801,1.00,1.49
2016.01.25 10:12:41.476,1.68791,1.68808,1.15,1.50
2016.01.25 10:12:41.670,1.68791,1.68808,3.67,1.00
2016.01.25 10:12:41.874,1.68798,1.68815,1.15,1.47
2016.01.25 10:12:41.926,1.68799,1.68816,3.30,1.75
2016.01.25 10:12:41.978,1.68799,1.68816,3.30,1.12
2016.01.25 10:12:42.182,1.68798,1.68816,1.11,3.65
2016.01.25 10:12:42.335,1.68796,1.68816,1.24,4.40
2016.01.25 10:12:42.946,1.68796,1.68815,3.67,3.27
2016.01.25 10:12:43.252,1.68794,1.68812,1.24,1.11
2016.01.25 10:12:43.354,1.68794,1.68812,1.15,3.65
2016.01.25 10:12:43.973,1.68794,1.68809,1.11,1.00
2016.01.25 10:12:44.377,1.68794,1.68811,1.31,1.12
2016.01.25 10:12:44.682,1.68795,1.68811,3.00,1.12
2016.01.25 10:12:45.565,1.68795,1.68811,3.00,1.12
2016.01.25 10:12:46.370,1.68795,1.68809,3.00,1.00
2016.01.25 10:12:46.474,1.68792,1.68808,3.75,1.00
2016.01.25 10:12:46.730,1.68791,1.68808,1.69,1.50
2016.01.25 10:12:47.078,1.68794,1.68808,1.00,1.00
2016.01.25 10:12:47.385,1.688,1.68817,3.00,1.87
2016.01.25 10:12:47.487,1.688,1.68817,3.37,1.12
2016.01.25 10:12:48.204,1.68801,1.68818,3.00,2.25
2016.01.25 10:12:48.561,1.68803,1.68819,3.00,1.12
2016.01.25 10:12:48.866,1.68802,1.68819,1.87,2.62
2016.01.25 10:12:49.403,1.68802,1.68819,1.37,1.00
2016.01.25 10:12:49.556,1.68801,1.68817,1.12,1.31
2016.01.25 10:12:49.608,1.688,1.68817,1.87,1.31
2016.01.25 10:12:49.659,1.688,1.68816,1.87,2.62
2016.01.25 10:12:50.174,1.68799,1.68816,1.37,3.00
2016.01.25 10:12:50.637,1.68798,1.68812,1.37,1.00
2016.01.25 10:12:50.841,1.68796,1.68812,2.70,1.00
2016.01.25 10:12:51.350,1.68797,1.68812,1.50,1.00
2016.01.25 10:12:51.554,1.68797,1.68814,1.50,1.31
2016.01.25 10:12:52.079,1.68797,1.68814,1.50,3.37
2016.01.25 10:12:52.282,1.68795,1.6881,1.00,1.31
2016.01.25 10:12:52.435,1.68792,1.6881,3.75,1.56
2016.01.25 10:12:52.841,1.68792,1.68807,3.00,1.31
2016.01.25 10:12:53.074,1.68791,1.68807,1.00,1.56
2016.01.25 10:12:53.581,1.68791,1.68808,1.50,1.31
2016.01.25 10:12:53.988,1.68793,1.68809,1.00,1.31
2016.01.25 10:12:54.294,1.68791,1.68809,1.50,1.31
2016.01.25 10:12:54.396,1.68793,1.68809,1.37,3.37
2016.01.25 10:12:54.593,1.68793,1.68809,1.12,1.31
2016.01.25 10:12:54.798,1.68793,1.68809,1.12,2.62
2016.01.25 10:12:55.053,1.68793,1.6881,1.87,3.37
2016.01.25 10:12:55.644,1.68797,1.68811,1.50,2.62
2016.01.25 10:12:55.695,1.68797,1.68812,1.00,1.31
2016.01.25 10:12:55.746,1.68799,1.6881,1.00,1.00
2016.01.25 10:12:56.025,1.68794,1.6881,2.62,1.56
2016.01.25 10:12:56.178,1.68794,1.68808,1.12,1.31
2016.01.25 10:12:56.281,1.68792,1.68808,1.12,3.37
2016.01.25 10:12:56.795,1.68791,1.68808,1.87,1.69
2016.01.25 10:12:57.183,1.68794,1.68811,1.37,2.62
2016.01.25 10:12:57.235,1.68795,1.68812,1.37,1.31
2016.01.25 10:12:57.590,1.68795,1.68811,1.37,2.62
2016.01.25 10:12:58.102,1.68795,1.68812,1.12,3.37
2016.01.25 10:12:58.610,1.68795,1.68812,1.12,1.56
2016.01.25 10:12:59.119,1.68795,1.68812,1.12,1.00
2016.01.25 10:12:59.656,1.68795,1.68812,1.50,1.00
2016.01.25 10:13:00.092,1.68794,1.68809,3.00,1.00
2016.01.25 10:13:00.347,1.68789,1.68805,1.50,1.00
2016.01.25 10:13:00.855,1.68789,1.68805,2.25,1.31
2016.01.25 10:13:01.405,1.6879,1.68805,1.00,1.00
2016.01.25 10:13:01.963,1.68792,1.68807,1.00,2.62
2016.01.25 10:13:02.065,1.68792,1.68809,1.00,3.37
2016.01.25 10:13:02.320,1.68793,1.68807,1.00,2.62
2016.01.25 10:13:02.423,1.68789,1.68807,2.62,2.62
2016.01.25 10:13:03.302,1.6879,1.68806,1.50,1.00
2016.01.25 10:13:03.607,1.68789,1.68806,2.62,3.37
2016.01.25 10:13:03.913,1.68787,1.68801,1.00,2.62
2016.01.25 10:13:04.118,1.68787,1.68805,2.25,2.06
2016.01.25 10:13:04.272,1.6879,1.68807,1.00,1.00
2016.01.25 10:13:04.374,1.68793,1.68807,1.37,1.00
2016.01.25 10:13:04.426,1.68793,1.6881,1.37,1.62
2016.01.25 10:13:04.580,1.68792,1.68808,1.95,2.62
2016.01.25 10:13:05.089,1.68792,1.68806,1.00,1.31
2016.01.25 10:13:05.592,1.68791,1.68806,1.37,1.31
2016.01.25 10:13:06.987,1.6879,1.68806,1.95,1.31
2016.01.25 10:13:07.538,1.68791,1.68806,1.37,1.31
2016.01.25 10:13:08.982,1.6879,1.68805,1.20,1.31
2016.01.25 10:13:09.186,1.68788,1.68801,1.10,1.00
2016.01.25 10:13:09.691,1.68787,1.68801,1.00,1.31
2016.01.25 10:13:10.307,1.68785,1.68801,1.50,1.56
2016.01.25 10:13:10.612,1.68785,1.68798,1.50,1.00
2016.01.25 10:13:10.853,1.68782,1.68798,2.70,1.31
2016.01.25 10:13:10.905,1.68782,1.68796,1.20,1.00
2016.01.25 10:13:11.007,1.68782,1.68796,1.00,1.31
2016.01.25 10:13:11.517,1.6878,1.68796,1.50,1.31
2016.01.25 10:13:11.981,1.68783,1.68796,2.25,1.00
2016.01.25 10:13:12.032,1.68784,1.68799,1.00,1.00
2016.01.25 10:13:12.543,1.68783,1.68799,2.25,1.00
2016.01.25 10:13:13.068,1.68784,1.68799,1.00,1.00
2016.01.25 10:13:13.273,1.68784,1.68799,1.00,3.00
2016.01.25 10:13:13.580,1.68782,1.68795,1.00,1.00
2016.01.25 10:13:14.318,1.68781,1.68798,2.44,1.00
2016.01.25 10:13:14.523,1.68782,1.68796,1.00,1.00
2016.01.25 10:13:14.831,1.6878,1.68793,1.12,1.00
2016.01.25 10:13:14.984,1.6878,1.68793,1.50,1.00
2016.01.25 10:13:15.035,1.68779,1.68796,1.50,1.00
2016.01.25 10:13:15.333,1.68779,1.68793,1.00,1.00
2016.01.25 10:13:15.642,1.68775,1.68789,1.00,1.00
2016.01.25 10:13:16.151,1.68773,1.68789,1.12,3.00
2016.01.25 10:13:16.504,1.68772,1.68786,1.75,1.00
2016.01.25 10:13:17.012,1.68772,1.68788,2.44,1.00
2016.01.25 10:13:17.724,1.68772,1.68785,1.37,1.00
2016.01.25 10:13:18.094,1.68771,1.68785,1.10,1.00
2016.01.25 10:13:19.333,1.6877,1.68785,3.26,1.00
2016.01.25 10:13:20.697,1.68772,1.68788,1.00,1.12
2016.01.25 10:13:21.126,1.68772,1.68786,1.00,1.00
2016.01.25 10:13:21.803,1.6877,1.68786,1.50,1.31
2016.01.25 10:13:22.422,1.6877,1.68786,2.25,1.31
2016.01.25 10:13:23.922,1.6877,1.68785,1.87,1.00
2016.01.25 10:13:24.228,1.68766,1.68774,1.75,1.00
2016.01.25 10:13:24.330,1.68763,1.68771,1.10,1.31
2016.01.25 10:13:24.382,1.68759,1.6877,1.00,1.25
2016.01.25 10:13:24.433,1.68757,1.6877,1.00,1.69
2016.01.25 10:13:24.536,1.68755,1.6877,1.00,2.06
2016.01.25 10:13:24.790,1.68752,1.68767,2.62,1.00
2016.01.25 10:13:24.962,1.68751,1.68766,1.25,1.00
2016.01.25 10:13:25.014,1.68749,1.68764,2.25,1.25
2016.01.25 10:13:25.320,1.68747,1.68761,1.50,1.00
2016.01.25 10:13:25.422,1.68746,1.6876,1.50,1.00
2016.01.25 10:13:27.633,1.68745,1.68758,2.25,2.72
2016.01.25 10:13:27.736,1.68742,1.68757,3.00,1.97
2016.01.25 10:13:28.244,1.68743,1.68755,1.50,1.28
2016.01.25 10:13:28.347,1.68741,1.68755,1.50,1.28
2016.01.25 10:13:28.592,1.68738,1.68752,1.87,1.97
2016.01.25 10:13:29.106,1.68738,1.68752,1.12,1.97
2016.01.25 10:13:29.655,1.68738,1.68752,1.37,1.97
2016.01.25 10:13:30.216,1.68743,1.68753,1.00,1.40
2016.01.25 10:13:31.557,1.68741,1.68753,1.00,1.00
2016.01.25 10:13:33.852,1.68741,1.68756,1.00,1.03
2016.01.25 10:13:34.018,1.68744,1.6876,1.37,1.12
2016.01.25 10:13:34.325,1.68748,1.6876,1.50,1.00
2016.01.25 10:13:34.849,1.68748,1.6876,1.00,1.28
2016.01.25 10:13:35.099,1.68748,1.68762,1.87,2.34
2016.01.25 10:13:35.207,1.68748,1.68757,1.87,1.00
2016.01.25 10:13:35.411,1.68744,1.68757,1.57,1.00
2016.01.25 10:13:35.870,1.68745,1.68761,1.50,2.34
2016.01.25 10:13:36.141,1.68746,1.68762,3.00,2.72
2016.01.25 10:13:36.450,1.68749,1.68764,1.12,2.34
2016.01.25 10:13:36.959,1.68751,1.68768,1.00,2.72
2016.01.25 10:13:37.061,1.68754,1.68767,1.37,1.00
2016.01.25 10:13:37.164,1.68755,1.6877,1.00,2.34
2016.01.25 10:13:37.402,1.68756,1.6877,1.12,1.59
2016.01.25 10:13:37.557,1.68758,1.68772,1.00,2.34
2016.01.25 10:13:37.914,1.68758,1.68772,1.00,1.16
2016.01.25 10:13:38.549,1.68755,1.68772,2.77,1.41
2016.01.25 10:13:38.812,1.68755,1.68771,1.57,1.72
2016.01.25 10:13:38.965,1.68755,1.68769,1.00,1.16
2016.01.25 10:13:39.016,1.68754,1.68767,1.57,2.47
2016.01.25 10:13:39.541,1.68752,1.68765,1.00,1.00
2016.01.25 10:13:40.152,1.68753,1.68765,1.00,1.00
2016.01.25 10:13:40.254,1.68753,1.68768,1.00,2.47
2016.01.25 10:13:40.407,1.68755,1.68766,1.00,1.16
2016.01.25 10:13:40.601,1.68755,1.6877,1.12,2.47
2016.01.25 10:13:40.755,1.68758,1.68772,1.37,1.05
2016.01.25 10:13:40.909,1.68758,1.68775,1.87,1.16
2016.01.25 10:13:41.114,1.68759,1.68773,1.12,1.00
2016.01.25 10:13:41.518,1.68755,1.68769,1.37,1.16
2016.01.25 10:13:41.569,1.68753,1.68768,1.10,1.41
2016.01.25 10:13:41.976,1.68756,1.68769,1.00,1.72
2016.01.25 10:13:42.028,1.68756,1.68772,1.00,1.50
2016.01.25 10:13:42.182,1.68757,1.68773,1.95,1.16
2016.01.25 10:13:42.335,1.68757,1.6877,1.95,1.16
2016.01.25 10:13:42.645,1.68755,1.68766,1.50,1.00
2016.01.25 10:13:42.696,1.68754,1.68764,1.12,1.00
2016.01.25 10:13:42.799,1.68752,1.68763,1.12,2.47
2016.01.25 10:13:42.851,1.6875,1.68762,1.95,1.16
2016.01.25 10:13:42.904,1.6875,1.68761,1.20,1.72
2016.01.25 10:13:42.955,1.68748,1.68761,1.00,1.72
2016.01.25 10:13:43.109,1.68745,1.6876,1.00,1.72
2016.01.25 10:13:43.211,1.68745,1.68758,1.00,1.72
2016.01.25 10:13:43.466,1.68743,1.68757,1.12,1.72
2016.01.25 10:13:43.997,1.68743,1.68758,1.12,1.72
2016.01.25 10:13:44.559,1.68741,1.68758,1.87,1.00
2016.01.25 10:13:45.156,1.68743,1.68758,1.00,1.41
2016.01.25 10:13:45.544,1.68743,1.68755,1.00,1.00
2016.01.25 10:13:45.697,1.68738,1.68754,2.25,1.72
2016.01.25 10:13:45.903,1.68735,1.68753,2.62,1.66
2016.01.25 10:13:46.981,1.68735,1.68752,1.87,1.41
2016.01.25 10:13:47.644,1.68736,1.68748,1.50,1.00
2016.01.25 10:13:47.847,1.68733,1.68747,3.07,1.00
2016.01.25 10:13:48.352,1.68732,1.68747,1.75,1.00
2016.01.25 10:13:48.861,1.68733,1.68747,1.12,1.00
2016.01.25 10:13:51.730,1.68733,1.68749,1.12,1.87
2016.01.25 10:13:51.832,1.68733,1.68749,1.87,1.87
2016.01.25 10:13:52.341,1.68736,1.68749,1.37,1.87
2016.01.25 10:13:52.805,1.68734,1.68746,1.37,1.31
2016.01.25 10:13:52.907,1.6873,1.68746,1.87,1.69
2016.01.25 10:13:52.959,1.6873,1.68746,1.87,1.69
2016.01.25 10:13:53.061,1.68727,1.68743,1.00,2.25
2016.01.25 10:13:53.366,1.68728,1.68742,1.87,1.87
2016.01.25 10:13:53.899,1.68728,1.68742,1.87,1.87
2016.01.25 10:13:54.103,1.6873,1.68747,1.37,2.25
2016.01.25 10:13:54.155,1.68735,1.68747,1.00,1.81
2016.01.25 10:13:54.206,1.68735,1.68751,1.00,2.62
2016.01.25 10:13:54.359,1.68738,1.68754,1.00,3.19
2016.01.25 10:13:54.462,1.68738,1.68754,1.00,1.31
2016.01.25 10:13:54.717,1.68738,1.68752,1.00,1.00
2016.01.25 10:13:55.241,1.68735,1.68752,2.25,1.31
2016.01.25 10:13:55.764,1.68735,1.68752,3.19,1.00
2016.01.25 10:13:55.866,1.68736,1.68754,2.25,1.00
2016.01.25 10:13:56.404,1.68736,1.68754,2.25,1.49
2016.01.25 10:13:56.913,1.68737,1.68755,1.50,1.80
2016.01.25 10:13:56.964,1.68737,1.68755,2.06,1.15
2016.01.25 10:13:57.269,1.68739,1.68755,1.75,1.00
2016.01.25 10:13:57.619,1.68736,1.68751,1.12,1.24
2016.01.25 10:13:58.279,1.68736,1.68755,2.62,1.80
2016.01.25 10:13:58.834,1.68736,1.68753,2.44,1.00
2016.01.25 10:14:00.150,1.68736,1.68755,3.19,2.55
2016.01.25 10:14:00.354,1.68745,1.68755,1.00,1.80
2016.01.25 10:14:00.608,1.68743,1.68755,1.00,1.74
2016.01.25 10:14:00.761,1.68745,1.68755,1.00,1.42
2016.01.25 10:14:02.779,1.68739,1.68746,1.00,1.74
2016.01.25 10:14:02.882,1.68737,1.68745,1.00,1.74
2016.01.25 10:14:03.086,1.68734,1.68745,1.00,1.74
2016.01.25 10:14:04.171,1.68734,1.68744,1.00,1.74
2016.01.25 10:14:04.223,1.68737,1.68745,1.00,1.74
2016.01.25 10:14:05.363,1.68737,1.68746,1.00,1.74
2016.01.25 10:14:05.872,1.68737,1.68746,1.00,1.12
2016.01.25 10:14:06.655,1.68739,1.68746,1.00,1.12
2016.01.25 10:14:06.706,1.68739,1.68749,1.00,1.12
2016.01.25 10:14:06.758,1.68739,1.6875,1.00,1.12
2016.01.25 10:14:07.219,1.68741,1.68751,1.00,1.05
2016.01.25 10:14:09.158,1.68741,1.68755,1.00,3.40
2016.01.25 10:14:11.678,1.68742,1.68755,1.00,3.40
2016.01.25 10:14:12.187,1.68742,1.68753,1.00,1.47
2016.01.25 10:14:16.104,1.68742,1.68752,1.00,1.47
2016.01.25 10:14:17.053,1.68741,1.68751,1.00,1.47
2016.01.25 10:14:17.687,1.68738,1.68751,1.12,1.47
2016.01.25 10:14:18.061,1.68738,1.6875,1.00,1.45
2016.01.25 10:14:18.315,1.68738,1.68752,1.00,1.45
2016.01.25 10:14:19.383,1.68738,1.6875,1.00,1.45
2016.01.25 10:14:19.931,1.68738,1.68752,1.00,1.45
2016.01.25 10:14:20.711,1.6874,1.68752,1.00,1.45
2016.01.25 10:14:22.507,1.6874,1.68753,1.00,1.45
2016.01.25 10:14:22.952,1.6874,1.68751,1.00,1.45
2016.01.25 10:14:23.259,1.68736,1.68749,1.12,1.45
2016.01.25 10:14:23.361,1.68734,1.68748,1.12,1.45
2016.01.25 10:14:24.033,1.68732,1.68745,1.00,1.45
2016.01.25 10:14:24.339,1.68732,1.68743,1.00,1.45
2016.01.25 10:14:24.899,1.68732,1.68744,2.62,1.45
2016.01.25 10:14:25.171,1.68734,1.68745,1.12,1.45
2016.01.25 10:14:25.679,1.68734,1.68746,1.12,1.45
2016.01.25 10:14:25.787,1.68732,1.68746,1.00,1.45
2016.01.25 10:14:26.352,1.68732,1.68748,1.00,1.35
2016.01.25 10:14:27.878,1.68734,1.68748,1.12,1.35
2016.01.25 10:14:28.465,1.68732,1.6875,1.00,2.85
2016.01.25 10:14:29.418,1.68732,1.6875,1.00,3.22
2016.01.25 10:14:30.350,1.6873,1.6875,2.25,3.97
2016.01.25 10:14:30.557,1.6873,1.68747,1.00,2.85
2016.01.25 10:14:30.862,1.68734,1.68747,1.00,2.85
2016.01.25 10:14:34.093,1.68731,1.68747,1.00,3.60
2016.01.25 10:14:34.246,1.6873,1.68745,1.00,3.67
2016.01.25 10:14:34.552,1.68729,1.68742,1.00,1.05
2016.01.25 10:14:35.146,1.68727,1.68742,1.00,1.05
2016.01.25 10:14:35.603,1.68733,1.68742,1.00,1.05
2016.01.25 10:14:35.654,1.6873,1.68742,1.00,1.05
2016.01.25 10:14:35.705,1.6873,1.68743,1.00,1.50
2016.01.25 10:14:35.807,1.68735,1.68746,1.00,1.67
2016.01.25 10:14:36.159,1.68735,1.68746,1.00,1.64
2016.01.25 10:14:36.527,1.68738,1.68746,1.00,1.07
2016.01.25 10:14:36.579,1.68738,1.68748,1.00,1.74
2016.01.25 10:14:38.072,1.68735,1.68749,1.00,1.82
2016.01.25 10:14:38.650,1.68735,1.68749,1.00,1.76
2016.01.25 10:14:38.752,1.68737,1.68749,1.00,1.07
2016.01.25 10:14:39.516,1.68737,1.68747,1.00,1.07
2016.01.25 10:14:39.720,1.68734,1.68748,1.00,1.07
2016.01.25 10:14:41.048,1.68737,1.68748,1.00,1.18
2016.01.25 10:14:41.721,1.68737,1.68749,1.00,1.07
2016.01.25 10:14:42.383,1.68737,1.68748,1.00,1.07
2016.01.25 10:14:43.330,1.68735,1.68748,1.00,1.07
2016.01.25 10:14:43.483,1.68735,1.68745,1.00,1.07
2016.01.25 10:14:44.030,1.68735,1.68746,1.00,1.07
2016.01.25 10:14:44.539,1.68735,1.68747,1.00,1.07
2016.01.25 10:14:44.845,1.68737,1.6875,1.00,1.07
2016.01.25 10:14:46.534,1.68734,1.68749,1.12,1.12
2016.01.25 10:14:47.244,1.68733,1.68748,1.50,1.12
2016.01.25 10:14:47.779,1.68733,1.68747,1.00,1.12
2016.01.25 10:14:47.831,1.68731,1.68747,1.00,1.12
2016.01.25 10:14:48.346,1.68731,1.68747,1.00,1.12
2016.01.25 10:14:48.601,1.68733,1.68746,1.00,1.12
2016.01.25 10:14:49.140,1.68732,1.68746,1.00,1.12
2016.01.25 10:14:49.646,1.68732,1.68746,1.00,1.12
2016.01.25 10:14:50.314,1.68734,1.68746,1.00,1.12
2016.01.25 10:14:51.204,1.68734,1.68746,1.00,1.30
2016.01.25 10:14:51.458,1.68731,1.68746,1.00,1.30
2016.01.25 10:14:51.510,1.68731,1.68743,1.00,1.30
2016.01.25 10:14:51.813,1.68729,1.68741,1.00,1.30
2016.01.25 10:14:52.119,1.68732,1.68746,1.00,1.66
2016.01.25 10:14:52.627,1.68732,1.68746,1.00,1.30
2016.01.25 10:14:53.168,1.68732,1.68749,1.12,1.97
2016.01.25 10:14:54.413,1.68732,1.68744,1.00,1.30
2016.01.25 10:14:54.465,1.68729,1.68744,1.50,1.30
2016.01.25 10:14:54.517,1.68729,1.68742,1.00,1.30
2016.01.25 10:14:54.822,1.68726,1.68742,1.00,1.30
2016.01.25 10:14:55.331,1.68726,1.68745,1.56,2.29
2016.01.25 10:14:55.686,1.68726,1.68745,4.50,1.00
2016.01.25 10:14:56.194,1.68728,1.68746,1.31,1.91
2016.01.25 10:14:56.449,1.68729,1.68747,4.50,1.54
2016.01.25 10:14:57.049,1.68729,1.68748,3.75,4.35
2016.01.25 10:14:57.150,1.68729,1.68748,1.56,1.91
2016.01.25 10:14:57.679,1.68732,1.6875,1.25,2.85
2016.01.25 10:14:57.983,1.68733,1.68751,1.56,3.60
2016.01.25 10:14:58.437,1.68732,1.68751,1.25,1.41
2016.01.25 10:14:58.539,1.68731,1.68749,1.62,2.85
2016.01.25 10:14:58.743,1.6873,1.68747,1.87,1.05
2016.01.25 10:14:59.625,1.6873,1.68748,1.69,1.42
2016.01.25 10:15:00.149,1.6873,1.68748,1.69,1.42
2016.01.25 10:15:00.915,1.6873,1.68748,1.69,1.62
2016.01.25 10:15:01.463,1.6873,1.68748,1.69,1.31
2016.01.25 10:15:02.281,1.6873,1.68748,1.69,1.31
2016.01.25 10:15:02.937,1.6873,1.68748,1.69,1.31
2016.01.25 10:15:02.988,1.6873,1.68748,1.69,3.75
2016.01.25 10:15:03.502,1.6873,1.68748,2.44,3.75
2016.01.25 10:15:04.143,1.6873,1.68748,2.44,3.75
2016.01.25 10:15:04.689,1.68731,1.68748,1.31,3.75
2016.01.25 10:15:04.995,1.6873,1.68744,1.00,1.25
2016.01.25 10:15:05.502,1.68729,1.68744,1.00,1.25
2016.01.25 10:15:06.112,1.6873,1.68747,1.00,3.37
2016.01.25 10:15:06.163,1.6873,1.68747,1.00,1.25
2016.01.25 10:15:06.214,1.68732,1.68747,1.00,1.25
2016.01.25 10:15:06.850,1.68732,1.68748,1.00,3.75
2016.01.25 10:15:07.941,1.68729,1.68748,3.67,3.75
2016.01.25 10:15:08.246,1.68729,1.68749,1.75,1.12
2016.01.25 10:15:08.771,1.68729,1.68749,1.75,1.12
2016.01.25 10:15:09.104,1.68729,1.68748,1.81,1.37
2016.01.25 10:15:09.257,1.68731,1.68748,1.69,1.37
2016.01.25 10:15:09.512,1.68736,1.68751,1.31,1.12
2016.01.25 10:15:09.563,1.68733,1.68751,1.31,1.12
2016.01.25 10:15:09.615,1.68733,1.68751,1.31,1.12
2016.01.25 10:15:09.966,1.68731,1.68749,1.81,1.31
2016.01.25 10:15:10.248,1.6873,1.68748,2.06,1.50
2016.01.25 10:15:10.349,1.6873,1.68748,2.25,1.50
2016.01.25 10:15:11.741,1.68732,1.68748,1.81,1.37
2016.01.25 10:15:11.843,1.68735,1.6875,1.12,2.25
2016.01.25 10:15:11.894,1.68735,1.6875,1.87,1.87
2016.01.25 10:15:11.996,1.68736,1.6875,1.12,1.50
2016.01.25 10:15:12.199,1.68735,1.6875,3.00,1.50
2016.01.25 10:15:12.727,1.68735,1.6875,3.37,1.50
2016.01.25 10:15:12.779,1.68737,1.6875,1.75,1.00
2016.01.25 10:15:12.949,1.68737,1.6875,1.12,1.00
2016.01.25 10:15:13.000,1.68737,1.68754,1.12,1.50
2016.01.25 10:15:15.944,1.68737,1.68754,1.62,1.62
2016.01.25 10:15:16.606,1.68736,1.68753,1.12,1.25
2016.01.25 10:15:17.157,1.68734,1.68752,2.06,1.00
2016.01.25 10:15:18.228,1.68734,1.68747,1.50,1.25
2016.01.25 10:15:18.282,1.68729,1.68747,1.62,1.87
2016.01.25 10:15:18.333,1.6873,1.68748,1.50,2.44
2016.01.25 10:15:18.385,1.6873,1.68746,1.50,3.00
2016.01.25 10:15:18.487,1.68727,1.68746,2.62,4.12
2016.01.25 10:15:18.995,1.68727,1.68746,1.37,4.50
2016.01.25 10:15:19.511,1.68727,1.68745,1.50,1.25
2016.01.25 10:15:19.665,1.68731,1.68747,1.56,2.62
2016.01.25 10:15:19.870,1.68736,1.68751,1.00,1.62
2016.01.25 10:15:19.921,1.68736,1.68754,3.75,2.25
2016.01.25 10:15:20.075,1.68744,1.68757,1.00,1.31
2016.01.25 10:15:20.126,1.68741,1.68757,1.00,1.31
2016.01.25 10:15:20.334,1.68743,1.68758,3.00,1.00
2016.01.25 10:15:20.646,1.68747,1.68762,1.62,1.12
2016.01.25 10:15:21.154,1.68747,1.68762,1.00,1.12
2016.01.25 10:15:21.518,1.68747,1.68764,1.00,2.06
2016.01.25 10:15:21.875,1.68744,1.68761,1.12,1.56
2016.01.25 10:15:22.383,1.68741,1.68759,3.75,1.25
2016.01.25 10:15:22.689,1.68737,1.6875,1.87,1.00
2016.01.25 10:15:22.742,1.68733,1.68748,1.00,1.31
2016.01.25 10:15:24.216,1.68735,1.6875,1.00,4.87
2016.01.25 10:15:24.268,1.68735,1.68748,1.00,1.25
2016.01.25 10:15:24.370,1.68735,1.68751,1.00,4.50
2016.01.25 10:15:24.726,1.68739,1.68751,1.00,1.25
2016.01.25 10:15:25.331,1.6874,1.68752,1.12,1.00
2016.01.25 10:15:25.636,1.68741,1.68752,1.62,1.00
2016.01.25 10:15:25.943,1.68745,1.68752,1.12,1.00
2016.01.25 10:15:25.995,1.68745,1.68755,1.12,1.00
2016.01.25 10:15:26.047,1.68745,1.68759,1.12,1.00
2016.01.25 10:15:26.504,1.68745,1.68762,3.75,2.62
2016.01.25 10:15:27.629,1.68746,1.68762,1.12,1.50
2016.01.25 10:15:27.935,1.68747,1.68758,1.00,3.75
2016.01.25 10:15:28.037,1.68744,1.68758,1.62,1.00
2016.01.25 10:15:28.545,1.68744,1.68758,1.12,1.00
2016.01.25 10:15:29.911,1.68742,1.68758,1.00,1.69
2016.01.25 10:15:30.459,1.68742,1.68756,1.00,1.00
2016.01.25 10:15:30.968,1.68741,1.68756,1.00,1.00
2016.01.25 10:15:31.324,1.68741,1.68756,1.00,4.12
2016.01.25 10:15:32.245,1.68736,1.68755,3.75,1.62
2016.01.25 10:15:33.561,1.68736,1.68755,1.62,1.62
2016.01.25 10:15:34.533,1.68736,1.68756,1.56,2.81
2016.01.25 10:15:35.171,1.68736,1.68755,1.62,2.06
2016.01.25 10:15:35.863,1.68738,1.68755,1.00,1.62
2016.01.25 10:15:36.333,1.68738,1.68755,2.62,1.62
2016.01.25 10:15:38.192,1.68738,1.68755,3.00,1.94
2016.01.25 10:15:38.498,1.68746,1.6876,1.62,1.00
2016.01.25 10:15:38.849,1.68747,1.6876,1.56,1.00
2016.01.25 10:15:39.357,1.68747,1.68761,3.37,1.00
2016.01.25 10:15:40.816,1.68745,1.68763,1.00,1.31
2016.01.25 10:15:40.918,1.68744,1.68756,1.00,1.00
2016.01.25 10:15:40.969,1.6874,1.68755,1.87,1.00
2016.01.25 10:15:41.021,1.68737,1.68753,1.37,1.31
2016.01.25 10:15:41.338,1.68729,1.68745,1.00,1.31
2016.01.25 10:15:41.389,1.68728,1.68745,1.87,1.62
2016.01.25 10:15:41.696,1.68727,1.68743,1.00,1.31
2016.01.25 10:15:42.003,1.68727,1.68744,1.00,1.31
2016.01.25 10:15:42.471,1.6873,1.68745,1.00,1.31
2016.01.25 10:15:43.544,1.68728,1.68743,1.37,3.37
2016.01.25 10:15:44.089,1.68727,1.68741,1.87,3.37
2016.01.25 10:15:44.851,1.68727,1.68741,1.87,1.25
2016.01.25 10:15:45.391,1.68727,1.68742,1.87,3.75
2016.01.25 10:15:45.850,1.68727,1.68739,1.87,3.00
2016.01.25 10:15:46.003,1.68724,1.68738,1.12,3.00
2016.01.25 10:15:46.319,1.68723,1.68739,2.62,3.00
2016.01.25 10:15:46.523,1.68723,1.68738,2.62,3.00
2016.01.25 10:15:46.829,1.68723,1.68734,1.87,3.00
2016.01.25 10:15:46.982,1.68723,1.68735,1.87,1.69
2016.01.25 10:15:47.282,1.68724,1.68739,1.12,1.12
2016.01.25 10:15:47.794,1.68724,1.68741,1.50,3.37
2016.01.25 10:15:48.049,1.68724,1.68739,1.00,3.00
2016.01.25 10:15:48.101,1.68722,1.68739,1.12,3.37
2016.01.25 10:15:48.152,1.68722,1.68737,1.00,3.75
2016.01.25 10:15:48.204,1.6872,1.68737,1.12,3.75
2016.01.25 10:15:48.426,1.6872,1.68733,1.00,3.37
2016.01.25 10:15:49.143,1.6872,1.68734,1.00,3.37
2016.01.25 10:15:49.788,1.68717,1.68734,1.00,3.37
2016.01.25 10:15:50.250,1.68717,1.68731,1.00,1.56
2016.01.25 10:15:50.353,1.68717,1.68731,1.00,1.12
2016.01.25 10:15:50.703,1.68715,1.68729,1.00,3.00
2016.01.25 10:15:51.161,1.68715,1.68729,1.00,1.69
2016.01.25 10:15:51.264,1.68713,1.68729,1.00,3.37
2016.01.25 10:15:51.771,1.68713,1.68727,1.00,3.00
2016.01.25 10:15:51.822,1.68713,1.68728,1.00,1.46
2016.01.25 10:15:52.229,1.68711,1.6872,2.25,3.00
2016.01.25 10:15:52.280,1.68705,1.6872,1.87,3.00
2016.01.25 10:15:52.331,1.68705,1.68714,1.12,3.00
2016.01.25 10:15:52.433,1.68699,1.68712,2.25,1.12
2016.01.25 10:15:52.485,1.68695,1.68709,1.75,3.37
2016.01.25 10:15:52.587,1.68695,1.68707,1.00,3.37
2016.01.25 10:15:52.786,1.68697,1.68709,1.00,1.37
2016.01.25 10:15:52.837,1.68697,1.68713,1.00,4.87
2016.01.25 10:15:52.888,1.68699,1.68713,1.00,4.87
2016.01.25 10:15:52.990,1.68699,1.68713,1.00,1.16
2016.01.25 10:15:53.042,1.68701,1.68713,1.00,1.16
2016.01.25 10:15:53.357,1.68708,1.68721,1.00,4.72
2016.01.25 10:15:53.460,1.68708,1.68721,1.00,1.16
2016.01.25 10:15:53.562,1.68711,1.68724,1.00,1.80
2016.01.25 10:15:53.613,1.68708,1.68724,1.00,1.54
2016.01.25 10:15:53.975,1.6871,1.68724,1.00,3.22
2016.01.25 10:15:54.484,1.68709,1.68722,1.00,1.05
2016.01.25 10:15:54.687,1.68711,1.68725,1.00,1.05
2016.01.25 10:15:55.195,1.68711,1.68725,1.00,1.04
2016.01.25 10:15:55.713,1.68711,1.68725,1.00,1.00
2016.01.25 10:15:56.247,1.68712,1.68725,1.00,1.00
2016.01.25 10:15:56.700,1.68712,1.68722,1.00,1.00
2016.01.25 10:15:56.751,1.68708,1.68722,4.12,1.00
2016.01.25 10:15:56.803,1.68705,1.68719,2.62,2.11
2016.01.25 10:15:56.854,1.68705,1.68719,1.37,2.11
2016.01.25 10:15:57.057,1.68704,1.68717,1.00,2.11
2016.01.25 10:15:57.363,1.68704,1.68715,1.00,2.11
2016.01.25 10:15:57.679,1.68702,1.68715,1.00,2.11
2016.01.25 10:15:58.215,1.68701,1.68715,1.00,2.11
2016.01.25 10:15:58.470,1.68703,1.68716,1.00,2.86
2016.01.25 10:15:59.473,1.68703,1.68718,1.00,2.86
2016.01.25 10:15:59.575,1.68705,1.68718,1.00,2.11
2016.01.25 10:15:59.626,1.68701,1.68718,1.00,2.11
2016.01.25 10:15:59.677,1.68698,1.6871,2.25,1.75
2016.01.25 10:15:59.729,1.68693,1.68708,1.37,1.12
2016.01.25 10:15:59.780,1.68692,1.68705,1.00,2.48
2016.01.25 10:15:59.991,1.68694,1.68707,1.00,2.48
2016.01.25 10:16:00.300,1.68697,1.68707,1.00,2.48
2016.01.25 10:16:00.879,1.68697,1.68703,1.00,1.36
2016.01.25 10:16:00.930,1.68695,1.68703,1.00,1.36
2016.01.25 10:16:01.217,1.687,1.68704,1.00,1.36
2016.01.25 10:16:01.319,1.687,1.68708,2.62,1.36
2016.01.25 10:16:01.371,1.68698,1.68708,1.87,1.36
2016.01.25 10:16:01.474,1.68698,1.68708,1.12,1.31
2016.01.25 10:16:01.525,1.68698,1.68706,1.00,1.31
2016.01.25 10:16:02.036,1.68698,1.68707,1.00,1.31
2016.01.25 10:16:02.640,1.68698,1.68709,1.00,1.01
2016.01.25 10:16:02.742,1.68699,1.68712,1.00,1.01
2016.01.25 10:16:02.845,1.68702,1.68711,1.00,1.88
2016.01.25 10:16:02.998,1.68703,1.68718,1.00,3.76
2016.01.25 10:16:03.839,1.68704,1.68717,1.00,1.88
2016.01.25 10:16:04.044,1.68701,1.68717,1.00,1.88
2016.01.25 10:16:04.096,1.68703,1.68717,1.00,1.88
2016.01.25 10:16:04.627,1.68703,1.68716,1.00,1.88
2016.01.25 10:16:04.730,1.68703,1.68717,1.00,1.01
2016.01.25 10:16:04.941,1.68707,1.68719,1.00,1.88
2016.01.25 10:16:04.993,1.68704,1.68719,1.00,1.88
2016.01.25 10:16:05.096,1.68706,1.68718,1.00,1.01
2016.01.25 10:16:05.404,1.68709,1.68725,1.00,3.01
2016.01.25 10:16:05.557,1.68705,1.68723,1.31,1.51
2016.01.25 10:16:05.608,1.68708,1.68718,1.00,1.88
2016.01.25 10:16:05.660,1.68705,1.68718,1.00,1.88
2016.01.25 10:16:05.712,1.68703,1.68721,1.37,1.51
2016.01.25 10:16:05.975,1.68701,1.68715,1.00,1.01
2016.01.25 10:16:06.128,1.68699,1.68715,1.00,1.39
2016.01.25 10:16:06.662,1.68699,1.68713,1.00,1.00
2016.01.25 10:16:06.866,1.68705,1.68713,1.00,1.00
2016.01.25 10:16:07.099,1.68698,1.68716,1.94,1.57
2016.01.25 10:16:07.151,1.68698,1.68714,1.00,2.26
2016.01.25 10:16:08.195,1.687,1.68715,1.00,3.01
2016.01.25 10:16:08.707,1.687,1.68715,1.00,1.13
2016.01.25 10:16:09.508,1.687,1.68712,1.00,1.00
2016.01.25 10:16:10.016,1.687,1.68713,1.00,1.00
2016.01.25 10:16:11.271,1.68702,1.68713,1.00,1.00
2016.01.25 10:16:11.322,1.68702,1.68716,1.00,1.17
2016.01.25 10:16:12.641,1.68702,1.68716,1.00,1.14
2016.01.25 10:16:15.229,1.68707,1.68716,1.00,1.27
2016.01.25 10:16:15.281,1.68709,1.68718,1.00,1.27
2016.01.25 10:16:15.332,1.68707,1.68718,1.00,1.19
2016.01.25 10:16:15.538,1.68707,1.6872,1.00,1.19
2016.01.25 10:16:16.066,1.68708,1.68722,1.00,2.58
2016.01.25 10:16:16.289,1.68708,1.68718,1.00,1.45
2016.01.25 10:16:16.391,1.68705,1.68718,1.00,1.83
2016.01.25 10:16:16.443,1.68707,1.68718,1.00,1.83
2016.01.25 10:16:16.698,1.68711,1.68722,1.00,1.00
2016.01.25 10:16:17.218,1.68711,1.68725,1.00,1.27
2016.01.25 10:16:17.676,1.68713,1.68726,1.00,1.45
2016.01.25 10:16:17.729,1.68713,1.68727,1.00,1.83
2016.01.25 10:16:17.831,1.68716,1.68728,1.00,1.39
2016.01.25 10:16:18.047,1.68721,1.68734,1.00,1.39
2016.01.25 10:16:19.126,1.68719,1.68735,1.00,2.20
2016.01.25 10:16:19.337,1.68713,1.68726,1.12,2.95
2016.01.25 10:16:19.642,1.68716,1.68729,1.00,2.58
2016.01.25 10:16:19.998,1.68716,1.6873,1.00,1.19
2016.01.25 10:16:20.506,1.68716,1.6873,1.00,1.45
2016.01.25 10:16:21.213,1.68718,1.68733,1.00,2.28
2016.01.25 10:16:21.722,1.68719,1.68733,1.00,1.77
2016.01.25 10:16:22.638,1.68719,1.68732,1.00,1.25
2016.01.25 10:16:22.740,1.68717,1.68732,1.00,1.25
2016.01.25 10:16:23.159,1.68717,1.68732,1.00,1.12
2016.01.25 10:16:24.553,1.68717,1.68732,1.00,1.25
2016.01.25 10:16:26.075,1.68717,1.68731,1.00,1.56
2016.01.25 10:16:26.381,1.68711,1.68725,1.00,3.37
2016.01.25 10:16:26.837,1.68708,1.68723,1.00,1.50
2016.01.25 10:16:26.940,1.68704,1.68718,1.00,3.00
2016.01.25 10:16:27.246,1.68699,1.68711,1.00,1.75
2016.01.25 10:16:27.553,1.68698,1.68713,1.12,1.50
2016.01.25 10:16:27.655,1.687,1.68713,1.00,1.37
2016.01.25 10:16:27.960,1.68704,1.68714,1.00,1.00
2016.01.25 10:16:28.271,1.68713,1.68724,1.00,1.95
2016.01.25 10:16:28.475,1.6871,1.68725,1.00,1.12
2016.01.25 10:16:28.628,1.6871,1.68726,1.00,3.62
2016.01.25 10:16:29.259,1.6871,1.68726,1.00,4.75
2016.01.25 10:16:30.936,1.6871,1.68725,1.00,1.37
2016.01.25 10:16:31.528,1.6871,1.68724,1.00,1.12
2016.01.25 10:16:32.052,1.6871,1.68724,1.00,1.37
2016.01.25 10:16:32.572,1.68709,1.68723,1.00,1.12
2016.01.25 10:16:32.674,1.68708,1.68721,1.00,1.00
2016.01.25 10:16:35.441,1.68708,1.6872,1.00,1.87
2016.01.25 10:16:36.387,1.68708,1.68721,1.00,1.87
2016.01.25 10:16:37.035,1.68708,1.6872,1.00,1.37
2016.01.25 10:16:37.137,1.68705,1.6872,1.31,1.37
2016.01.25 10:16:38.960,1.68705,1.6872,1.56,1.37
2016.01.25 10:16:39.164,1.68708,1.68721,1.00,1.37
2016.01.25 10:16:39.396,1.68709,1.68724,1.00,1.50
2016.01.25 10:16:39.898,1.68709,1.68725,1.00,3.77
2016.01.25 10:16:40.854,1.68709,1.68724,1.00,1.50
2016.01.25 10:16:41.421,1.68709,1.68725,1.00,3.77
2016.01.25 10:16:42.057,1.68709,1.68724,1.00,1.50
2016.01.25 10:16:42.210,1.68711,1.68724,1.00,2.25
2016.01.25 10:16:42.613,1.68721,1.68738,1.31,2.65
2016.01.25 10:16:42.666,1.68726,1.68738,1.00,3.40
2016.01.25 10:16:42.920,1.68725,1.68739,1.00,1.00
2016.01.25 10:16:43.459,1.68725,1.68739,1.00,1.37
2016.01.25 10:16:44.057,1.68725,1.6874,1.00,1.50
2016.01.25 10:16:44.566,1.68725,1.68739,1.00,1.42
2016.01.25 10:16:45.603,1.68725,1.6874,1.00,3.97
2016.01.25 10:16:45.705,1.68729,1.68739,1.00,1.37
2016.01.25 10:16:46.018,1.68731,1.68745,1.00,1.42
2016.01.25 10:16:47.657,1.68731,1.68745,2.62,1.37
2016.01.25 10:16:48.178,1.68734,1.68744,1.00,1.37
2016.01.25 10:16:48.688,1.68736,1.68745,1.00,1.37
2016.01.25 10:16:48.791,1.6874,1.68751,1.00,1.12
2016.01.25 10:16:48.843,1.68742,1.68755,1.00,1.82
2016.01.25 10:16:48.895,1.68744,1.68756,1.00,1.12
2016.01.25 10:16:49.190,1.68745,1.68757,1.00,1.00
2016.01.25 10:16:49.770,1.68745,1.68761,1.00,2.36
2016.01.25 10:16:50.739,1.68746,1.68761,1.00,1.95
2016.01.25 10:16:51.248,1.68746,1.68762,1.00,2.62
2016.01.25 10:16:51.350,1.68754,1.68762,1.00,2.25
2016.01.25 10:16:51.700,1.68759,1.68774,1.00,2.32
2016.01.25 10:16:51.802,1.68759,1.68775,1.00,1.45
2016.01.25 10:16:51.853,1.68761,1.68776,1.12,2.25
2016.01.25 10:16:52.162,1.68763,1.68776,1.00,1.37
2016.01.25 10:16:52.418,1.68769,1.68783,1.31,1.37
2016.01.25 10:16:52.801,1.68769,1.68787,1.87,1.95
2016.01.25 10:16:52.955,1.6877,1.68783,1.00,1.10
2016.01.25 10:16:53.260,1.68768,1.68781,1.31,1.50
2016.01.25 10:16:53.994,1.68767,1.68782,1.56,1.57
2016.01.25 10:16:54.300,1.68765,1.68771,1.00,1.37
2016.01.25 10:16:54.403,1.68761,1.68774,2.25,1.12
2016.01.25 10:16:54.505,1.68759,1.68774,2.25,1.87
2016.01.25 10:16:54.608,1.68758,1.68769,1.00,1.37
2016.01.25 10:16:54.833,1.68756,1.68769,1.31,1.37
2016.01.25 10:16:55.342,1.68758,1.68769,1.00,1.37
2016.01.25 10:16:55.393,1.68759,1.68773,1.31,1.37
2016.01.25 10:16:55.496,1.68761,1.68774,2.25,1.12
2016.01.25 10:16:56.035,1.68761,1.68775,1.00,1.37
2016.01.25 10:16:56.978,1.68761,1.68775,1.00,1.25
2016.01.25 10:16:57.494,1.68761,1.68775,1.00,1.69
2016.01.25 10:16:57.750,1.68758,1.68775,1.12,4.12
2016.01.25 10:16:58.288,1.68758,1.68772,1.00,1.25
2016.01.25 10:16:58.707,1.68757,1.6877,1.00,3.00
2016.01.25 10:16:59.217,1.68756,1.6877,1.00,1.56
2016.01.25 10:16:59.718,1.68756,1.6877,1.00,3.75
2016.01.25 10:17:02.023,1.68756,1.6877,1.00,1.62
2016.01.25 10:17:02.403,1.68756,1.68771,1.00,1.25
2016.01.25 10:17:02.990,1.68758,1.68771,1.00,1.25
2016.01.25 10:17:03.700,1.68758,1.68772,1.00,1.69
2016.01.25 10:17:04.029,1.68758,1.68771,1.00,4.20
2016.01.25 10:17:04.538,1.68758,1.6877,1.00,1.25
2016.01.25 10:17:05.069,1.68758,1.68772,1.00,3.37
2016.01.25 10:17:05.428,1.68761,1.68773,1.00,2.44
2016.01.25 10:17:05.530,1.68763,1.68775,1.00,1.45
2016.01.25 10:17:05.632,1.68765,1.68776,1.00,1.12
2016.01.25 10:17:07.016,1.68766,1.68776,1.00,1.25
2016.01.25 10:17:07.169,1.68768,1.68779,1.00,1.00
2016.01.25 10:17:07.220,1.6877,1.68782,1.00,1.69
2016.01.25 10:17:07.322,1.6877,1.68783,1.00,1.39
2016.01.25 10:17:09.452,1.6877,1.68783,1.00,3.00
2016.01.25 10:17:09.657,1.68768,1.68783,1.00,3.00
2016.01.25 10:17:10.165,1.68767,1.68782,1.00,3.75
2016.01.25 10:17:10.649,1.6877,1.68783,1.00,2.44
2016.01.25 10:17:10.751,1.6877,1.68785,1.31,1.37
2016.01.25 10:17:10.802,1.68773,1.68785,1.00,1.00
2016.01.25 10:17:10.904,1.68773,1.68787,1.00,1.00
2016.01.25 10:17:11.412,1.68774,1.68789,1.00,2.44
2016.01.25 10:17:11.927,1.68774,1.68788,1.00,1.25
2016.01.25 10:17:11.996,1.68776,1.68788,1.00,1.25
2016.01.25 10:17:13.028,1.68776,1.68791,1.00,3.37
2016.01.25 10:17:13.081,1.68779,1.68792,1.00,1.50
2016.01.25 10:17:13.133,1.6878,1.68795,1.00,3.82
2016.01.25 10:17:13.184,1.6878,1.68795,1.00,1.00
2016.01.25 10:17:13.439,1.68778,1.68796,1.00,2.70
2016.01.25 10:17:14.195,1.68781,1.68796,1.00,3.45
2016.01.25 10:17:14.501,1.68784,1.68799,1.00,1.37
2016.01.25 10:17:14.552,1.68784,1.688,1.00,3.52
2016.01.25 10:17:15.061,1.68783,1.68798,1.00,1.10
2016.01.25 10:17:15.309,1.68781,1.68796,1.12,2.32
2016.01.25 10:17:16.450,1.68782,1.68796,1.00,1.00
2016.01.25 10:17:16.656,1.68788,1.68803,1.00,1.10
2016.01.25 10:17:16.758,1.6879,1.68803,1.00,1.00
2016.01.25 10:17:17.166,1.68788,1.68803,1.00,1.00
2016.01.25 10:17:17.371,1.68787,1.68801,1.00,1.37
2016.01.25 10:17:17.678,1.68779,1.68795,1.37,2.32
2016.01.25 10:17:17.729,1.68779,1.68795,1.00,2.32
2016.01.25 10:17:18.237,1.68783,1.68797,1.00,1.12
2016.01.25 10:17:18.492,1.68785,1.688,1.00,1.20
2016.01.25 10:17:18.594,1.68787,1.688,1.00,1.10
2016.01.25 10:17:19.124,1.68787,1.68801,1.00,1.37
2016.01.25 10:17:19.277,1.68785,1.68802,1.31,1.47
2016.01.25 10:17:19.790,1.68785,1.68801,1.31,1.37
2016.01.25 10:17:19.942,1.68785,1.68803,1.31,1.95
2016.01.25 10:17:19.993,1.68785,1.68803,1.81,1.95
2016.01.25 10:17:20.352,1.68784,1.68801,1.31,1.20
2016.01.25 10:17:20.608,1.68787,1.688,1.00,1.87
2016.01.25 10:17:20.712,1.68784,1.688,1.00,1.50
2016.01.25 10:17:20.865,1.68786,1.688,1.00,1.00
2016.01.25 10:17:21.431,1.68787,1.688,1.00,1.00
2016.01.25 10:17:21.585,1.68785,1.688,1.00,1.50
2016.01.25 10:17:21.636,1.68788,1.688,1.00,1.50
2016.01.25 10:17:22.154,1.68788,1.68802,1.00,1.87
2016.01.25 10:17:22.611,1.68786,1.68802,1.00,1.37
2016.01.25 10:17:23.083,1.68789,1.68802,1.00,1.12
2016.01.25 10:17:23.287,1.68787,1.68802,1.00,1.12
2016.01.25 10:17:23.440,1.68784,1.68799,1.31,1.37
2016.01.25 10:17:23.594,1.68779,1.68797,1.37,1.80
2016.01.25 10:17:23.646,1.68778,1.68796,1.12,1.50
2016.01.25 10:17:24.188,1.68779,1.68795,1.00,1.00
2016.01.25 10:17:24.710,1.68779,1.68796,1.00,2.25
2016.01.25 10:17:24.863,1.68782,1.68796,1.00,2.25
2016.01.25 10:17:25.066,1.68785,1.68798,1.00,1.12
2016.01.25 10:17:25.609,1.68784,1.688,1.31,1.37
2016.01.25 10:17:26.168,1.68785,1.688,1.00,2.33
2016.01.25 10:17:26.270,1.68787,1.688,1.00,2.02
2016.01.25 10:17:26.782,1.68785,1.68799,1.00,1.00
2016.01.25 10:17:27.290,1.68786,1.68799,1.00,1.00
2016.01.25 10:17:27.392,1.68788,1.688,1.00,1.12
2016.01.25 10:17:27.698,1.68779,1.68785,1.00,1.80
2016.01.25 10:17:27.801,1.68766,1.6878,1.12,1.00
2016.01.25 10:17:27.853,1.68764,1.68781,1.00,1.05
2016.01.25 10:17:28.046,1.68764,1.68778,1.00,1.00
2016.01.25 10:17:28.403,1.68762,1.68777,1.00,1.00
2016.01.25 10:17:28.912,1.68762,1.68776,1.00,1.00
2016.01.25 10:17:29.188,1.68765,1.68776,1.00,1.00
2016.01.25 10:17:29.344,1.68765,1.6878,1.00,1.66
2016.01.25 10:17:29.599,1.68767,1.6878,1.00,1.56
2016.01.25 10:17:29.650,1.68769,1.68783,1.00,2.06
2016.01.25 10:17:30.158,1.68769,1.68783,1.00,1.25
2016.01.25 10:17:30.466,1.68765,1.68781,1.00,3.00
2016.01.25 10:17:30.518,1.68762,1.68774,1.50,3.00
2016.01.25 10:17:30.671,1.68758,1.68771,1.12,3.00
2016.01.25 10:17:31.705,1.68758,1.68766,1.00,3.00
2016.01.25 10:17:31.757,1.68754,1.68766,1.00,3.00
2016.01.25 10:17:32.063,1.68752,1.68765,1.00,3.00
2016.01.25 10:17:32.318,1.68752,1.68762,1.00,3.00
2016.01.25 10:17:32.827,1.68751,1.68762,1.00,2.87
2016.01.25 10:17:33.355,1.68751,1.68762,1.00,2.87
2016.01.25 10:17:33.945,1.68751,1.68762,1.00,2.87
2016.01.25 10:17:34.303,1.68752,1.68762,1.00,2.34
2016.01.25 10:17:35.324,1.68752,1.68763,1.00,2.34
2016.01.25 10:17:35.482,1.68755,1.68764,1.00,2.34
2016.01.25 10:17:36.041,1.68755,1.68766,1.00,2.34
2016.01.25 10:17:36.588,1.68755,1.68765,1.00,1.82
2016.01.25 10:17:37.098,1.68756,1.68765,1.00,1.82
2016.01.25 10:17:37.460,1.68756,1.68769,1.00,1.61
2016.01.25 10:17:37.974,1.68757,1.6877,1.00,1.24
2016.01.25 10:17:38.585,1.68757,1.68769,1.00,1.24
2016.01.25 10:17:38.637,1.68755,1.68769,1.00,1.24
2016.01.25 10:17:38.688,1.68754,1.68766,1.12,1.24
2016.01.25 10:17:39.018,1.68748,1.6876,1.12,1.24
2016.01.25 10:17:39.527,1.68747,1.6876,1.00,1.24
2016.01.25 10:17:40.168,1.68746,1.68761,1.87,1.24
2016.01.25 10:17:40.475,1.68749,1.68763,1.00,1.24
2016.01.25 10:17:40.988,1.6875,1.68763,1.00,1.24
2016.01.25 10:17:41.493,1.68749,1.68763,1.00,1.24
2016.01.25 10:17:41.799,1.68748,1.68761,1.00,1.24
2016.01.25 10:17:42.370,1.68748,1.6876,1.00,1.24
2016.01.25 10:17:43.612,1.6875,1.6876,1.00,1.24
2016.01.25 10:17:43.663,1.6875,1.68764,1.00,1.24
2016.01.25 10:17:44.326,1.6875,1.68762,1.00,1.24
2016.01.25 10:17:44.479,1.68748,1.68762,1.12,1.24
2016.01.25 10:17:44.751,1.68747,1.68759,1.00,1.24
2016.01.25 10:17:45.288,1.68747,1.68758,1.00,1.24
2016.01.25 10:17:45.593,1.68745,1.68756,1.00,1.24
2016.01.25 10:17:45.804,1.68743,1.68756,1.00,1.24
2016.01.25 10:17:46.721,1.68743,1.68757,1.00,1.24
2016.01.25 10:17:47.600,1.68743,1.68758,1.00,1.82
2016.01.25 10:17:48.135,1.68743,1.68759,1.00,1.82
2016.01.25 10:17:48.390,1.68747,1.68759,1.00,1.82
2016.01.25 10:17:48.848,1.68749,1.68761,1.00,1.37
2016.01.25 10:17:49.103,1.68751,1.68763,1.00,1.00
2016.01.25 10:17:49.326,1.68753,1.68766,1.00,1.00
2016.01.25 10:17:49.785,1.68754,1.68769,1.00,1.37
2016.01.25 10:17:50.101,1.68757,1.68769,1.00,1.37
2016.01.25 10:17:50.431,1.68764,1.68772,1.00,1.50
2016.01.25 10:17:50.962,1.68765,1.68772,1.00,1.00
2016.01.25 10:17:51.520,1.68765,1.68777,1.00,1.37
2016.01.25 10:17:54.217,1.68764,1.68777,1.00,1.37
2016.01.25 10:17:54.371,1.68761,1.68778,1.00,1.87
2016.01.25 10:17:54.547,1.68761,1.68777,1.00,1.75
2016.01.25 10:17:55.055,1.6876,1.68775,1.00,1.12
2016.01.25 10:17:55.574,1.68759,1.68775,1.00,1.12
2016.01.25 10:17:55.891,1.68761,1.68774,1.00,1.37
2016.01.25 10:17:56.424,1.68761,1.68776,1.00,1.12
2016.01.25 10:17:57.034,1.68761,1.68777,1.00,1.95
2016.01.25 10:17:57.855,1.68767,1.68777,1.00,1.95
2016.01.25 10:17:58.060,1.68776,1.68788,1.00,1.00
2016.01.25 10:17:58.111,1.68776,1.68791,1.00,1.00
2016.01.25 10:17:58.312,1.68774,1.68791,1.00,2.25
2016.01.25 10:17:58.822,1.68774,1.68789,1.00,1.00
2016.01.25 10:17:59.487,1.68775,1.68789,1.00,1.50
2016.01.25 10:17:59.996,1.68775,1.68786,1.00,1.50
2016.01.25 10:18:01.282,1.68776,1.68788,1.00,1.87
2016.01.25 10:18:01.539,1.6878,1.68795,1.00,1.12
2016.01.25 10:18:01.886,1.68782,1.68795,1.00,1.12
2016.01.25 10:18:02.040,1.68782,1.68796,1.00,1.37
2016.01.25 10:18:02.650,1.68782,1.68796,1.00,1.00
2016.01.25 10:18:02.803,1.68779,1.68796,1.00,1.00
2016.01.25 10:18:02.906,1.68779,1.68794,1.00,1.00
2016.01.25 10:18:03.215,1.68778,1.68794,1.50,2.25
2016.01.25 10:18:04.294,1.68775,1.68793,1.00,2.25
2016.01.25 10:18:04.492,1.68774,1.6879,1.00,1.75
2016.01.25 10:18:04.798,1.68772,1.68788,1.00,1.85
2016.01.25 10:18:05.207,1.68774,1.68788,1.00,1.85
2016.01.25 10:18:05.582,1.68774,1.68789,1.00,1.37
2016.01.25 10:18:06.104,1.68775,1.68787,1.00,1.00
2016.01.25 10:18:06.995,1.68777,1.68791,1.00,3.00
2016.01.25 10:18:07.046,1.68777,1.68795,1.00,1.87
2016.01.25 10:18:07.098,1.68779,1.68795,1.00,1.12
2016.01.25 10:18:07.506,1.68776,1.68792,1.00,2.01
2016.01.25 10:18:08.959,1.68776,1.68792,1.00,1.09
2016.01.25 10:18:09.467,1.68777,1.68792,1.00,2.59
2016.01.25 10:18:11.286,1.68776,1.68792,1.00,2.59
2016.01.25 10:18:12.660,1.68776,1.68792,1.00,1.09
2016.01.25 10:18:13.781,1.68776,1.68791,1.00,2.21
2016.01.25 10:18:14.983,1.68776,1.68792,1.00,2.59
2016.01.25 10:18:15.548,1.68777,1.68792,1.00,2.59
2016.01.25 10:18:16.394,1.68778,1.68792,1.00,2.59
2016.01.25 10:18:16.447,1.68778,1.68793,1.00,1.34
2016.01.25 10:18:16.857,1.68781,1.68795,1.00,2.59
2016.01.25 10:18:17.317,1.68785,1.68796,1.00,1.09
2016.01.25 10:18:17.420,1.68786,1.68802,1.00,1.09
2016.01.25 10:18:17.471,1.68786,1.68802,1.12,1.34
2016.01.25 10:18:18.502,1.68785,1.68803,1.87,2.96
2016.01.25 10:18:18.604,1.68787,1.68803,1.00,2.21
2016.01.25 10:18:19.106,1.68787,1.68801,1.00,1.22
2016.01.25 10:18:19.620,1.68785,1.688,1.87,1.28
2016.01.25 10:18:20.183,1.68785,1.68801,1.37,1.28
2016.01.25 10:18:20.488,1.68785,1.68799,1.00,1.28
2016.01.25 10:18:21.060,1.68785,1.68798,1.00,1.21
2016.01.25 10:18:21.643,1.68784,1.68798,1.12,1.21
2016.01.25 10:18:25.324,1.68783,1.68799,1.87,1.21
2016.01.25 10:18:25.887,1.68783,1.68798,1.87,1.21
2016.01.25 10:18:26.739,1.68781,1.68797,1.12,1.53
2016.01.25 10:18:27.057,1.68763,1.68781,1.50,1.66
2016.01.25 10:18:27.313,1.68762,1.68779,1.87,1.16
2016.01.25 10:18:27.466,1.68756,1.68775,3.19,1.16
2016.01.25 10:18:27.518,1.68756,1.68771,1.00,1.28
2016.01.25 10:18:27.926,1.68752,1.6877,1.00,1.16
2016.01.25 10:18:28.438,1.68762,1.68771,1.00,1.16
2016.01.25 10:18:28.541,1.68764,1.68771,1.00,1.00
2016.01.25 10:18:28.593,1.68766,1.68771,1.00,1.00
2016.01.25 10:18:28.644,1.68766,1.68783,1.00,2.78
2016.01.25 10:18:29.157,1.68766,1.68783,1.00,2.24
2016.01.25 10:18:29.943,1.68766,1.68781,1.00,1.11
2016.01.25 10:18:30.282,1.68759,1.68776,1.00,2.61
2016.01.25 10:18:30.333,1.68757,1.68776,1.20,2.61
2016.01.25 10:18:30.537,1.68758,1.68776,1.12,1.86
2016.01.25 10:18:30.588,1.68758,1.68777,1.20,1.86
2016.01.25 10:18:32.048,1.68759,1.68776,1.10,1.86
2016.01.25 10:18:32.606,1.68758,1.68775,1.50,1.74
2016.01.25 10:18:32.759,1.68761,1.68775,1.00,1.74
2016.01.25 10:18:33.013,1.68765,1.68783,1.00,1.86
2016.01.25 10:18:33.870,1.68765,1.68779,1.00,1.74
2016.01.25 10:18:34.403,1.68765,1.68779,1.00,1.49
2016.01.25 10:18:34.911,1.68765,1.68781,1.00,1.86
2016.01.25 10:18:35.114,1.68765,1.68781,1.87,1.37
2016.01.25 10:18:35.337,1.68765,1.6878,1.00,1.11
2016.01.25 10:18:35.596,1.68767,1.68781,1.00,1.74
2016.01.25 10:18:35.699,1.68764,1.68781,1.00,2.24
2016.01.25 10:18:36.207,1.68764,1.6878,1.00,1.11
2016.01.25 10:18:36.710,1.68764,1.68778,1.00,1.00
2016.01.25 10:18:39.092,1.68764,1.68779,1.12,1.00
2016.01.25 10:18:39.245,1.68764,1.68777,1.00,1.00
2016.01.25 10:18:39.783,1.68769,1.68778,1.37,2.44
2016.01.25 10:18:39.836,1.68771,1.68781,1.65,2.44
2016.01.25 10:18:39.939,1.68769,1.68779,1.57,1.00
2016.01.25 10:18:40.144,1.68766,1.68779,1.95,1.00
2016.01.25 10:18:40.195,1.68766,1.68779,1.87,3.19
2016.01.25 10:18:40.247,1.68766,1.68777,1.00,1.00
2016.01.25 10:18:40.501,1.68765,1.68781,1.12,1.00
2016.01.25 10:18:40.770,1.68767,1.68781,1.37,1.00
2016.01.25 10:18:41.283,1.68766,1.68783,2.70,3.19
2016.01.25 10:18:41.385,1.68766,1.68783,2.70,1.00
2016.01.25 10:18:41.946,1.68769,1.68783,1.00,1.00
2016.01.25 10:18:42.736,1.68769,1.68783,1.12,1.00
2016.01.25 10:18:44.496,1.68769,1.68781,1.12,3.19
2016.01.25 10:18:44.859,1.68769,1.68778,1.00,3.19
2016.01.25 10:18:44.911,1.68763,1.68778,1.12,3.19
2016.01.25 10:18:45.165,1.68763,1.68779,2.25,1.00
2016.01.25 10:18:45.387,1.68766,1.68782,1.00,1.00
2016.01.25 10:18:45.896,1.68766,1.68782,1.50,1.00
2016.01.25 10:18:46.243,1.68772,1.68788,1.50,3.19
2016.01.25 10:18:46.449,1.68778,1.68794,1.00,2.81
2016.01.25 10:18:46.501,1.68782,1.68794,1.00,2.44
2016.01.25 10:18:46.553,1.6878,1.68794,1.87,2.44
2016.01.25 10:18:46.604,1.68782,1.68796,1.00,2.44
2016.01.25 10:18:47.351,1.68782,1.68797,1.00,2.71
2016.01.25 10:18:47.811,1.68782,1.68795,1.00,2.71
2016.01.25 10:18:48.168,1.68785,1.68795,1.00,2.71
2016.01.25 10:18:48.428,1.68791,1.68808,2.06,1.02
2016.01.25 10:18:48.479,1.68792,1.68807,1.12,1.00
2016.01.25 10:18:48.581,1.68796,1.68808,1.00,1.02
2016.01.25 10:18:48.887,1.68804,1.6882,1.00,3.49
2016.01.25 10:18:48.989,1.68805,1.6882,1.00,1.99
2016.01.25 10:18:49.041,1.68805,1.6882,1.00,1.24
2016.01.25 10:18:49.193,1.68805,1.68822,1.12,1.15
2016.01.25 10:18:49.344,1.68805,1.68821,1.12,1.24
2016.01.25 10:18:49.401,1.68805,1.68821,1.00,1.15
2016.01.25 10:18:50.217,1.68805,1.6882,1.00,1.75
2016.01.25 10:18:50.478,1.688,1.68814,1.00,1.25
2016.01.25 10:18:50.530,1.68798,1.68814,1.12,1.81
2016.01.25 10:18:50.784,1.68795,1.68812,1.00,1.50
2016.01.25 10:18:51.090,1.688,1.68812,1.00,1.50
2016.01.25 10:18:51.386,1.68796,1.68811,1.00,1.12
2016.01.25 10:18:52.772,1.68794,1.68809,1.12,1.31
2016.01.25 10:18:53.179,1.68793,1.6881,1.50,2.06
2016.01.25 10:18:54.084,1.68793,1.68806,1.50,1.12
2016.01.25 10:18:54.391,1.68788,1.68806,2.62,1.50
2016.01.25 10:18:54.442,1.68787,1.688,1.57,1.00
2016.01.25 10:18:54.750,1.68779,1.68793,1.00,1.12
2016.01.25 10:18:55.078,1.68776,1.6879,1.12,1.12
2016.01.25 10:18:55.589,1.68775,1.68787,1.00,1.12
2016.01.25 10:18:55.691,1.68773,1.68787,1.50,1.12
2016.01.25 10:18:56.196,1.68773,1.68785,1.00,1.25
2016.01.25 10:18:56.247,1.68771,1.68785,1.00,1.81
2016.01.25 10:18:56.349,1.68769,1.68785,1.57,1.12
2016.01.25 10:18:56.705,1.68769,1.68787,1.12,2.19
2016.01.25 10:18:56.808,1.68769,1.68787,1.50,1.25
2016.01.25 10:18:57.313,1.6877,1.68788,1.12,1.12
2016.01.25 10:18:57.466,1.68772,1.68789,1.00,1.00
2016.01.25 10:18:57.976,1.68772,1.68789,1.00,3.75
2016.01.25 10:18:58.540,1.6877,1.68789,2.96,3.75
2016.01.25 10:19:00.155,1.6877,1.68789,1.00,1.69
2016.01.25 10:19:00.364,1.6877,1.68789,2.96,3.75
2016.01.25 10:19:00.894,1.6877,1.68789,2.96,3.75
2016.01.25 10:19:01.471,1.6877,1.68788,1.00,1.56
2016.01.25 10:19:01.980,1.68769,1.68783,1.12,1.00
2016.01.25 10:19:02.134,1.68764,1.6878,1.50,1.25
2016.01.25 10:19:03.125,1.6877,1.68782,1.00,1.31
2016.01.25 10:19:03.227,1.6877,1.68785,1.00,3.75
2016.01.25 10:19:03.329,1.6877,1.68787,1.00,1.31
2016.01.25 10:19:03.887,1.6877,1.68787,3.54,1.31
2016.01.25 10:19:04.650,1.6877,1.68788,1.10,3.00
2016.01.25 10:19:05.136,1.6877,1.68786,1.00,3.37
2016.01.25 10:19:05.290,1.68768,1.68786,1.00,4.12
2016.01.25 10:19:05.799,1.68768,1.68785,1.00,3.00
2016.01.25 10:19:06.105,1.6877,1.68785,1.00,3.37
2016.01.25 10:19:06.156,1.68765,1.68782,1.48,1.31
2016.01.25 10:19:06.464,1.68763,1.68781,1.10,1.31
2016.01.25 10:19:06.516,1.68763,1.68781,3.54,1.31
2016.01.25 10:19:06.618,1.68764,1.68781,1.35,1.62
2016.01.25 10:19:06.922,1.68765,1.68783,2.79,1.62
2016.01.25 10:19:07.177,1.68771,1.68789,1.85,2.44
2016.01.25 10:19:07.330,1.68771,1.68789,1.85,2.44
2016.01.25 10:19:07.500,1.68771,1.68788,1.85,1.50
2016.01.25 10:19:08.213,1.68771,1.68788,1.10,1.31
2016.01.25 10:19:08.786,1.68772,1.68786,1.00,1.31
2016.01.25 10:19:08.888,1.68772,1.68787,3.54,1.00
2016.01.25 10:19:09.959,1.68772,1.68789,3.54,1.31
2016.01.25 10:19:10.483,1.68772,1.68787,1.00,1.31
2016.01.25 10:19:10.908,1.68769,1.68786,3.92,1.69
2016.01.25 10:19:11.061,1.68769,1.68782,3.17,1.37
2016.01.25 10:19:11.214,1.68761,1.68777,1.10,1.31
2016.01.25 10:19:12.021,1.68762,1.68775,1.00,1.00
2016.01.25 10:19:12.123,1.68762,1.68777,1.00,1.31
2016.01.25 10:19:12.429,1.68762,1.6878,3.54,2.44
2016.01.25 10:19:13.518,1.68762,1.6878,1.56,1.75
2016.01.25 10:19:14.026,1.68762,1.6878,1.31,2.06
2016.01.25 10:19:14.465,1.68761,1.68777,2.44,1.62
2016.01.25 10:19:14.567,1.68758,1.68776,3.37,1.75
2016.01.25 10:19:14.618,1.68755,1.68772,2.70,3.37
2016.01.25 10:19:14.925,1.68754,1.68769,1.00,1.62
2016.01.25 10:19:15.384,1.68751,1.68762,1.50,1.00
2016.01.25 10:19:15.690,1.68751,1.6876,1.00,1.31
2016.01.25 10:19:15.843,1.68745,1.6876,1.00,1.31
2016.01.25 10:19:16.709,1.68749,1.68761,1.00,2.00
2016.01.25 10:19:16.812,1.68748,1.68761,1.00,1.31
2016.01.25 10:19:16.914,1.68749,1.68763,1.00,3.37
2016.01.25 10:19:17.067,1.6875,1.68765,2.06,1.00
2016.01.25 10:19:17.119,1.68752,1.68767,1.00,1.12
2016.01.25 10:19:20.833,1.68752,1.68767,1.00,1.62
2016.01.25 10:19:20.985,1.6875,1.68765,1.00,1.25
2016.01.25 10:19:21.141,1.6875,1.68766,1.00,1.31
2016.01.25 10:19:21.345,1.68748,1.68765,1.50,3.37
2016.01.25 10:19:21.599,1.68746,1.68762,1.12,1.00
2016.01.25 10:19:21.651,1.68746,1.68763,1.12,1.31
2016.01.25 10:19:21.898,1.68744,1.68761,1.00,1.12
2016.01.25 10:19:22.254,1.68748,1.68759,1.00,1.00
2016.01.25 10:19:22.407,1.68748,1.68762,1.00,1.62
2016.01.25 10:19:22.955,1.68749,1.68762,1.56,1.00
2016.01.25 10:19:25.217,1.68749,1.68767,1.31,2.00
2016.01.25 10:19:26.077,1.68749,1.68766,1.56,1.31
2016.01.25 10:19:26.615,1.68749,1.68766,1.56,1.31
2016.01.25 10:19:27.176,1.68749,1.68763,1.00,1.25
2016.01.25 10:19:27.686,1.68748,1.68762,1.00,1.25
2016.01.25 10:19:31.263,1.68748,1.68763,1.00,1.62
2016.01.25 10:19:32.294,1.68747,1.68763,1.00,1.62
2016.01.25 10:19:33.004,1.68745,1.68763,2.06,1.62
2016.01.25 10:19:33.056,1.68745,1.68763,1.31,1.69
2016.01.25 10:19:33.357,1.68741,1.68757,1.69,1.31
2016.01.25 10:19:34.172,1.68741,1.68757,1.69,1.31
2016.01.25 10:19:34.817,1.68741,1.68757,1.69,1.31
2016.01.25 10:19:35.326,1.68742,1.6876,1.25,1.31
2016.01.25 10:19:35.377,1.68744,1.6876,1.00,1.31
2016.01.25 10:19:35.885,1.68745,1.68762,1.00,2.00
2016.01.25 10:19:36.359,1.68748,1.68763,1.00,3.75
2016.01.25 10:19:36.563,1.68749,1.68767,1.62,3.75
2016.01.25 10:19:37.071,1.68749,1.68767,1.50,1.31
2016.01.25 10:19:37.278,1.68749,1.68767,1.69,1.31
2016.01.25 10:19:37.431,1.68749,1.68767,1.50,1.31
2016.01.25 10:19:37.838,1.68749,1.68767,3.75,1.12
2016.01.25 10:19:38.419,1.68749,1.68767,4.12,1.31
2016.01.25 10:19:38.946,1.68747,1.68766,4.12,2.00
2016.01.25 10:19:39.714,1.68747,1.68766,1.62,2.00
2016.01.25 10:19:39.991,1.68747,1.68759,1.00,1.50
2016.01.25 10:19:40.194,1.68742,1.68757,1.50,1.00
2016.01.25 10:19:41.781,1.68742,1.68755,1.12,1.00
2016.01.25 10:19:41.985,1.68733,1.68751,1.12,1.31
2016.01.25 10:19:42.087,1.68733,1.68746,1.00,1.00
2016.01.25 10:19:42.335,1.68726,1.68743,1.00,1.31
2016.01.25 10:19:42.387,1.68724,1.68743,5.25,1.94
2016.01.25 10:19:42.489,1.68724,1.68743,2.25,1.94
2016.01.25 10:19:43.577,1.68723,1.68741,4.12,1.75
2016.01.25 10:19:44.351,1.68724,1.68741,3.00,1.75
2016.01.25 10:19:44.543,1.68724,1.68741,3.00,1.50
2016.01.25 10:19:45.051,1.68724,1.68741,1.56,1.50
2016.01.25 10:19:45.330,1.68727,1.68745,3.75,1.75
2016.01.25 10:19:45.483,1.6873,1.68746,3.00,1.12
2016.01.25 10:19:45.687,1.68731,1.68748,3.75,1.12
2016.01.25 10:19:46.005,1.68743,1.68754,1.00,1.75
2016.01.25 10:19:46.108,1.68742,1.68759,1.75,1.50
2016.01.25 10:19:46.210,1.68743,1.68759,3.00,1.75
2016.01.25 10:19:46.312,1.68744,1.68759,3.75,1.12
2016.01.25 10:19:46.414,1.68746,1.68759,1.00,1.12
2016.01.25 10:19:46.618,1.68746,1.68759,1.00,1.12
2016.01.25 10:19:47.204,1.68744,1.68757,1.87,1.00
2016.01.25 10:19:47.561,1.68745,1.68757,1.12,1.00
2016.01.25 10:19:50.079,1.68745,1.68757,1.31,1.00
2016.01.25 10:19:50.614,1.68745,1.68757,1.56,1.00
2016.01.25 10:19:51.478,1.68746,1.68759,1.12,1.37
2016.01.25 10:19:52.038,1.68746,1.6876,1.12,1.12
2016.01.25 10:19:52.557,1.68747,1.68761,1.12,1.12
2016.01.25 10:19:53.563,1.68747,1.68761,1.87,1.12
2016.01.25 10:19:53.716,1.68747,1.68761,1.31,1.12
2016.01.25 10:19:54.143,1.68747,1.68761,1.87,1.12
2016.01.25 10:19:54.553,1.68746,1.68761,1.12,1.12
2016.01.25 10:19:54.808,1.68748,1.68761,1.12,2.62
2016.01.25 10:19:55.046,1.68745,1.68758,1.12,1.00
2016.01.25 10:19:56.538,1.68745,1.68758,1.12,1.00
2016.01.25 10:19:59.403,1.68748,1.68758,1.12,1.00
2016.01.25 10:19:59.563,1.68745,1.68758,1.12,1.12
2016.01.25 10:19:59.615,1.68748,1.68758,1.12,1.00
2016.01.25 10:19:59.717,1.68748,1.6876,1.12,1.00
2016.01.25 10:19:59.769,1.68748,1.68758,1.12,1.00
2016.01.25 10:20:00.025,1.68748,1.6876,1.12,1.00
2016.01.25 10:20:00.772,1.68744,1.6876,3.75,1.00
2016.01.25 10:20:01.026,1.68744,1.68762,4.50,1.12
2016.01.25 10:20:01.179,1.68749,1.68762,3.75,1.00
2016.01.25 10:20:01.231,1.68753,1.68764,1.31,1.00
2016.01.25 10:20:01.282,1.68757,1.68764,3.00,1.00
2016.01.25 10:20:01.333,1.68757,1.68772,3.00,1.87
2016.01.25 10:20:01.751,1.68756,1.68772,1.87,1.50
2016.01.25 10:20:02.261,1.68756,1.68772,4.12,1.50
2016.01.25 10:20:02.668,1.68756,1.68772,4.12,1.12
2016.01.25 10:20:02.925,1.68761,1.68777,3.00,1.00
2016.01.25 10:20:03.246,1.68766,1.68784,3.37,1.50
2016.01.25 10:20:03.349,1.68767,1.68784,3.75,1.50
2016.01.25 10:20:03.452,1.6877,1.68785,1.12,1.00
2016.01.25 10:20:03.862,1.68767,1.68783,3.37,1.00
2016.01.25 10:20:04.375,1.68768,1.68783,1.12,1.00
2016.01.25 10:20:04.732,1.68769,1.68785,1.56,1.00
2016.01.25 10:20:04.834,1.68769,1.68785,3.75,1.00
2016.01.25 10:20:08.369,1.6877,1.68784,1.81,1.37
2016.01.25 10:20:08.523,1.68766,1.68778,1.25,1.00
2016.01.25 10:20:08.678,1.68767,1.68783,1.81,1.75
2016.01.25 10:20:08.780,1.68768,1.68783,1.56,1.00
2016.01.25 10:20:08.984,1.68768,1.68783,1.75,1.00
2016.01.25 10:20:09.587,1.68768,1.68784,1.70,1.00
2016.01.25 10:20:09.638,1.68768,1.68784,1.76,1.00
2016.01.25 10:20:17.684,1.68769,1.68784,1.76,1.00
2016.01.25 10:20:18.434,1.68769,1.68784,1.70,1.00
2016.01.25 10:20:19.350,1.6877,1.68785,2.95,1.37
2016.01.25 10:20:19.453,1.68769,1.68787,3.37,1.00
2016.01.25 10:20:19.555,1.68771,1.68787,3.00,1.00
2016.01.25 10:20:19.840,1.68773,1.68789,1.75,1.00
2016.01.25 10:20:19.892,1.68773,1.68789,1.75,1.37
2016.01.25 10:20:19.994,1.68773,1.68788,1.00,1.00
2016.01.25 10:20:20.096,1.68774,1.68792,1.12,1.87
2016.01.25 10:20:20.148,1.68774,1.68792,1.12,1.87
2016.01.25 10:20:20.456,1.68774,1.6879,1.12,1.00
2016.01.25 10:20:21.057,1.68776,1.6879,1.00,1.50
2016.01.25 10:20:21.565,1.68776,1.68791,1.56,1.75
2016.01.25 10:20:22.072,1.68773,1.68791,1.87,1.75
2016.01.25 10:20:22.649,1.68773,1.68791,1.87,1.75
2016.01.25 10:20:23.157,1.68773,1.68791,1.75,1.75
2016.01.25 10:20:23.362,1.68773,1.68791,1.75,1.00
2016.01.25 10:20:24.374,1.68775,1.68791,1.75,1.00
2016.01.25 10:20:24.679,1.68777,1.68792,3.37,1.00
2016.01.25 10:20:24.985,1.6878,1.68794,3.00,1.50
2016.01.25 10:20:25.088,1.6878,1.68795,3.37,1.12
2016.01.25 10:20:25.617,1.6878,1.68797,3.00,1.87
2016.01.25 10:20:25.926,1.68786,1.68798,3.00,1.37
2016.01.25 10:20:25.978,1.68786,1.688,3.00,1.12
2016.01.25 10:20:26.130,1.68788,1.68802,3.00,1.00
2016.01.25 10:20:26.383,1.68788,1.68804,3.00,1.00
2016.01.25 10:20:29.317,1.68788,1.68802,1.75,1.00
2016.01.25 10:20:29.623,1.68788,1.68795,1.00,1.37
2016.01.25 10:20:29.929,1.68783,1.68796,1.25,1.37
2016.01.25 10:20:30.442,1.68782,1.68797,1.12,1.37
2016.01.25 10:20:30.951,1.68782,1.68797,1.00,1.37
2016.01.25 10:20:31.461,1.68783,1.68799,3.00,1.00
2016.01.25 10:20:31.910,1.68784,1.68798,2.00,1.37
2016.01.25 10:20:32.116,1.68782,1.68797,2.81,1.12
2016.01.25 10:20:32.627,1.68782,1.68797,1.62,1.87
2016.01.25 10:20:34.212,1.68782,1.68793,1.62,1.00
2016.01.25 10:20:34.431,1.68779,1.68793,3.37,1.00
2016.01.25 10:20:36.054,1.68782,1.68793,1.00,1.00
2016.01.25 10:20:36.105,1.68779,1.68793,3.37,1.00
2016.01.25 10:20:36.207,1.68778,1.68791,3.37,1.00
2016.01.25 10:20:36.258,1.68778,1.68791,1.25,1.00
2016.01.25 10:20:36.411,1.68777,1.68794,3.75,1.00
2016.01.25 10:20:36.514,1.68782,1.68796,1.25,1.00
2016.01.25 10:20:37.259,1.68781,1.68794,1.69,1.00
2016.01.25 10:20:37.667,1.68779,1.68792,3.75,1.00
2016.01.25 10:20:37.910,1.68777,1.68793,1.12,1.00
2016.01.25 10:20:37.961,1.68776,1.68791,2.81,1.00
2016.01.25 10:20:38.013,1.68774,1.6879,2.04,1.00
2016.01.25 10:20:38.166,1.68774,1.68788,1.62,1.00
2016.01.25 10:20:38.472,1.68772,1.68787,1.69,1.00
2016.01.25 10:20:38.777,1.68772,1.68784,1.12,1.00
2016.01.25 10:20:39.530,1.6877,1.68787,3.00,1.50
2016.01.25 10:20:40.038,1.68769,1.68787,3.37,2.06
2016.01.25 10:20:40.875,1.68772,1.68788,3.37,1.75
2016.01.25 10:20:40.926,1.68772,1.6879,3.75,1.75
2016.01.25 10:20:41.028,1.68773,1.6879,3.37,1.00
2016.01.25 10:20:41.130,1.68774,1.6879,1.00,1.00
2016.01.25 10:20:41.638,1.68772,1.6879,4.87,1.00
2016.01.25 10:20:42.110,1.68774,1.6879,3.37,1.00
2016.01.25 10:20:42.518,1.68774,1.68792,3.00,1.00
2016.01.25 10:20:42.569,1.68777,1.68792,3.00,1.00
2016.01.25 10:20:42.875,1.68778,1.68792,3.00,1.00
2016.01.25 10:20:43.308,1.68777,1.68792,3.00,1.00
2016.01.25 10:20:43.512,1.68776,1.68792,1.12,1.00
2016.01.25 10:20:43.885,1.6878,1.68795,3.00,1.00
2016.01.25 10:20:44.089,1.68785,1.68802,4.12,1.12
2016.01.25 10:20:44.614,1.68785,1.68802,4.12,1.00
2016.01.25 10:20:47.206,1.68784,1.68799,1.37,1.12
2016.01.25 10:20:47.717,1.68784,1.68799,1.00,1.37
2016.01.25 10:20:48.138,1.68784,1.68799,3.37,1.12
2016.01.25 10:20:48.445,1.68784,1.68802,3.37,1.12
2016.01.25 10:20:48.700,1.68785,1.688,3.00,1.37
2016.01.25 10:20:48.802,1.68784,1.688,3.75,1.37
2016.01.25 10:20:49.260,1.68784,1.68798,1.12,1.12
2016.01.25 10:20:49.639,1.68782,1.68795,4.50,1.00
2016.01.25 10:20:49.690,1.6878,1.68794,1.75,1.12
2016.01.25 10:20:49.742,1.68777,1.68794,2.70,1.12
2016.01.25 10:20:49.947,1.68775,1.68792,4.12,1.00
2016.01.25 10:20:50.354,1.68774,1.68792,1.87,1.31
2016.01.25 10:20:50.405,1.68774,1.68789,1.50,1.00
2016.01.25 10:20:50.456,1.68772,1.68788,1.62,1.00
2016.01.25 10:20:50.665,1.6877,1.68784,1.62,1.00
2016.01.25 10:20:52.006,1.6877,1.68784,1.00,1.00
2016.01.25 10:20:52.311,1.68763,1.68777,1.00,1.00
2016.01.25 10:20:53.226,1.68762,1.68777,1.00,1.00
2016.01.25 10:20:53.752,1.68763,1.68777,1.00,1.00
2016.01.25 10:20:54.514,1.68763,1.68775,1.00,1.00
2016.01.25 10:20:55.372,1.68763,1.68778,1.00,1.12
2016.01.25 10:20:55.911,1.68762,1.68778,1.00,1.12
2016.01.25 10:20:56.421,1.68761,1.68778,2.00,1.12
2016.01.25 10:20:57.420,1.68763,1.68779,1.69,1.50
2016.01.25 10:20:57.522,1.68766,1.6878,1.00,1.12
2016.01.25 10:20:57.827,1.68765,1.6878,3.37,1.00
2016.01.25 10:20:58.271,1.68765,1.68783,3.37,1.69
2016.01.25 10:20:58.373,1.68766,1.68783,3.75,1.12
2016.01.25 10:20:58.882,1.68767,1.68786,4.20,1.00
2016.01.25 10:20:59.697,1.68769,1.68786,3.37,1.00
2016.01.25 10:20:59.951,1.68766,1.68784,2.44,1.00
2016.01.25 10:21:00.104,1.68766,1.68781,1.87,1.00
2016.01.25 10:21:00.616,1.68767,1.68781,1.37,1.00
2016.01.25 10:21:01.033,1.68766,1.68781,1.00,1.00
2016.01.25 10:21:02.151,1.68765,1.68781,4.12,1.00
2016.01.25 10:21:02.638,1.68765,1.68783,4.12,1.12
2016.01.25 10:21:03.308,1.6877,1.68786,3.00,1.75
2016.01.25 10:21:03.359,1.68774,1.68789,3.00,1.00
2016.01.25 10:21:03.461,1.68778,1.68794,1.00,1.85
2016.01.25 10:21:03.513,1.68779,1.68795,1.00,1.69
2016.01.25 10:21:03.564,1.6878,1.68799,2.81,2.06
2016.01.25 10:21:03.615,1.68787,1.68799,1.00,1.25
2016.01.25 10:21:03.718,1.68787,1.68804,4.12,1.50
2016.01.25 10:21:03.871,1.68786,1.68801,1.37,1.56
2016.01.25 10:21:04.208,1.68782,1.68795,1.47,1.50
2016.01.25 10:21:04.361,1.68777,1.68792,2.32,1.50
2016.01.25 10:21:04.463,1.68776,1.68792,1.76,1.50
2016.01.25 10:21:04.821,1.68776,1.68791,1.69,1.37
2016.01.25 10:21:05.353,1.68775,1.68793,3.37,1.75
2016.01.25 10:21:05.863,1.68776,1.68788,1.12,1.00
2016.01.25 10:21:06.171,1.68769,1.68787,5.70,1.75
2016.01.25 10:21:06.581,1.68771,1.68787,1.76,1.12
2016.01.25 10:21:06.734,1.68773,1.68788,3.00,1.00
2016.01.25 10:21:06.836,1.68775,1.6879,3.37,1.12
2016.01.25 10:21:07.143,1.68774,1.68792,3.52,1.00
2016.01.25 10:21:07.195,1.68776,1.68792,3.00,1.00
2016.01.25 10:21:07.348,1.68776,1.68794,3.37,2.06
2016.01.25 10:21:07.519,1.68779,1.68794,3.07,1.50
2016.01.25 10:21:07.825,1.68784,1.68794,3.24,1.00
2016.01.25 10:21:08.130,1.68787,1.68794,1.60,1.00
2016.01.25 10:21:08.652,1.68787,1.688,1.44,1.00
2016.01.25 10:21:09.163,1.68787,1.68801,1.44,1.00
2016.01.25 10:21:09.519,1.68787,1.68799,1.44,1.00
2016.01.25 10:21:09.570,1.68786,1.68799,1.30,1.00
2016.01.25 10:21:09.763,1.68781,1.68794,3.50,1.00
2016.01.25 10:21:09.818,1.68777,1.68792,2.30,1.00
2016.01.25 10:21:10.227,1.68777,1.68794,1.55,1.00
2016.01.25 10:21:10.278,1.68778,1.68795,2.68,1.00
2016.01.25 10:21:10.432,1.68781,1.68798,1.18,1.00
2016.01.25 10:21:10.484,1.68787,1.68802,2.68,1.57
2016.01.25 10:21:10.688,1.68788,1.68802,1.00,1.00
2016.01.25 10:21:10.841,1.68785,1.68799,2.56,1.00
2016.01.25 10:21:10.994,1.68783,1.68799,1.87,1.56
2016.01.25 10:21:11.046,1.68784,1.68799,3.05,1.00
2016.01.25 10:21:11.554,1.68785,1.68799,1.24,1.00
2016.01.25 10:21:11.960,1.68784,1.68802,1.86,1.69
2016.01.25 10:21:12.012,1.68786,1.68802,3.05,1.12
2016.01.25 10:21:12.520,1.68786,1.68801,3.43,1.12
2016.01.25 10:21:12.969,1.68783,1.68795,1.49,1.00
2016.01.25 10:21:14.783,1.68782,1.68798,3.43,1.00
2016.01.25 10:21:14.885,1.68784,1.68798,2.68,1.00
2016.01.25 10:21:15.393,1.68786,1.68801,2.68,1.00
2016.01.25 10:21:15.899,1.68786,1.68802,3.05,1.00
2016.01.25 10:21:16.407,1.68785,1.68801,2.30,1.00
2016.01.25 10:21:16.952,1.68785,1.68801,1.80,1.00
2016.01.25 10:21:18.424,1.68785,1.68801,1.80,1.00
2016.01.25 10:21:19.768,1.68785,1.68798,1.80,1.00
2016.01.25 10:21:20.073,1.68781,1.68794,1.36,1.00
2016.01.25 10:21:20.582,1.68779,1.68794,3.05,1.00
2016.01.25 10:21:21.104,1.6878,1.68793,1.87,1.00
2016.01.25 10:21:21.614,1.68779,1.68792,1.12,1.00
2016.01.25 10:21:21.717,1.68779,1.68795,3.37,1.00
2016.01.25 10:21:21.819,1.6878,1.68795,1.04,1.00
2016.01.25 10:21:23.771,1.6878,1.68795,1.05,1.00
2016.01.25 10:21:27.729,1.6878,1.68795,2.45,1.00
2016.01.25 10:21:28.081,1.68778,1.6879,3.57,1.00
2016.01.25 10:21:28.185,1.68774,1.68786,1.00,1.00
2016.01.25 10:21:28.388,1.68766,1.68775,1.88,1.12
2016.01.25 10:21:28.440,1.68763,1.68775,3.95,1.12
2016.01.25 10:21:28.543,1.6876,1.68773,2.90,1.00
2016.01.25 10:21:29.052,1.68761,1.68774,2.45,1.00
2016.01.25 10:21:29.306,1.68759,1.68774,1.13,1.00
2016.01.25 10:21:29.857,1.6876,1.68774,2.45,1.00
2016.01.25 10:21:30.982,1.68764,1.68776,2.45,1.00
2016.01.25 10:21:31.186,1.68764,1.68776,1.01,1.00
2016.01.25 10:21:31.695,1.68761,1.68776,3.57,1.50
2016.01.25 10:21:32.516,1.68761,1.68776,2.82,1.00
2016.01.25 10:21:33.055,1.68761,1.68776,3.57,1.00
2016.01.25 10:21:33.582,1.6876,1.68774,1.96,1.00
2016.01.25 10:21:33.889,1.68756,1.68769,1.12,1.00
2016.01.25 10:21:34.042,1.68754,1.68769,4.32,1.00
2016.01.25 10:21:34.700,1.68755,1.68769,1.38,1.00
2016.01.25 10:21:35.231,1.68756,1.6877,2.85,1.00
2016.01.25 10:21:35.435,1.6876,1.68773,2.85,1.00
2016.01.25 10:21:35.588,1.68759,1.68776,4.35,1.00
2016.01.25 10:21:35.793,1.68761,1.68776,3.60,1.00
2016.01.25 10:21:36.149,1.68761,1.68774,3.60,1.00
2016.01.25 10:21:36.352,1.68758,1.68772,1.00,1.00
2016.01.25 10:21:36.454,1.68758,1.68769,1.00,1.00
2016.01.25 10:21:37.442,1.68758,1.68769,1.41,1.00
2016.01.25 10:21:37.985,1.68758,1.68769,1.00,1.00
2016.01.25 10:21:39.093,1.68758,1.68769,1.56,1.00
2016.01.25 10:21:39.610,1.68758,1.68769,1.31,1.00
2016.01.25 10:21:40.899,1.68756,1.6877,1.25,1.00
2016.01.25 10:21:40.950,1.68755,1.68768,4.12,1.00
2016.01.25 10:21:41.460,1.68755,1.68768,1.12,1.00
2016.01.25 10:21:46.285,1.68755,1.68769,1.69,1.00
2016.01.25 10:21:46.590,1.68755,1.68772,1.69,1.00
2016.01.25 10:21:46.691,1.68755,1.68769,1.69,1.00
2016.01.25 10:21:48.992,1.68756,1.68769,3.75,1.00
2016.01.25 10:21:49.347,1.68758,1.68771,1.69,1.50
2016.01.25 10:21:49.450,1.68761,1.68775,3.00,1.50
2016.01.25 10:21:50.047,1.68761,1.68772,3.37,1.00
2016.01.25 10:21:50.200,1.6876,1.68772,4.12,1.00
2016.01.25 10:21:52.887,1.6876,1.68775,1.62,1.00
2016.01.25 10:21:52.990,1.6876,1.68779,1.62,1.56
2016.01.25 10:21:53.042,1.68766,1.68779,3.00,1.00
2016.01.25 10:21:53.557,1.68767,1.68779,1.31,1.00
2016.01.25 10:21:54.073,1.68767,1.68779,1.56,1.00
2016.01.25 10:21:54.327,1.68764,1.68777,4.12,1.00
2016.01.25 10:21:56.732,1.68764,1.6878,1.69,1.00
2016.01.25 10:21:57.241,1.68765,1.68779,1.39,1.00
2016.01.25 10:21:57.631,1.68771,1.68783,1.00,1.00
2016.01.25 10:21:57.683,1.68769,1.68784,1.50,1.00
2016.01.25 10:21:57.785,1.68773,1.68786,3.00,1.50
2016.01.25 10:21:57.938,1.68775,1.68788,3.00,1.00
2016.01.25 10:21:58.345,1.68774,1.68789,4.12,1.00
2016.01.25 10:21:58.848,1.68774,1.68788,4.12,1.00
2016.01.25 10:21:58.950,1.68774,1.6879,4.12,1.00
2016.01.25 10:21:59.002,1.68776,1.6879,3.00,1.00
2016.01.25 10:21:59.561,1.68776,1.68789,3.75,1.00
2016.01.25 10:21:59.629,1.68776,1.68789,1.12,1.00
2016.01.25 10:22:00.384,1.68774,1.68783,3.00,1.00
2016.01.25 10:22:00.435,1.6877,1.68781,1.75,1.00
2016.01.25 10:22:00.537,1.68766,1.6878,3.19,1.00
2016.01.25 10:22:00.640,1.68766,1.6878,1.12,1.00
2016.01.25 10:22:01.148,1.68764,1.6878,1.62,1.00
2016.01.25 10:22:01.657,1.68766,1.68782,1.12,1.00
2016.01.25 10:22:01.708,1.68768,1.68782,1.00,1.00
2016.01.25 10:22:02.013,1.68772,1.68788,1.56,1.00
2016.01.25 10:22:02.412,1.68772,1.68789,1.12,1.87
2016.01.25 10:22:02.464,1.68772,1.68787,1.12,1.00
2016.01.25 10:22:03.187,1.68772,1.68787,1.62,1.00
2016.01.25 10:22:03.731,1.68772,1.68787,1.56,1.00
2016.01.25 10:22:04.624,1.68772,1.68787,1.12,1.00
2016.01.25 10:22:05.676,1.68772,1.68786,1.00,1.00
2016.01.25 10:22:06.192,1.68769,1.68786,3.75,1.00
2016.01.25 10:22:06.562,1.68772,1.68787,3.00,1.10
2016.01.25 10:22:07.122,1.68772,1.68788,3.00,1.37
2016.01.25 10:22:08.026,1.68772,1.68788,3.00,1.00
2016.01.25 10:22:08.534,1.68772,1.68789,3.75,1.50
2016.01.25 10:22:10.227,1.68773,1.68789,3.00,1.12
2016.01.25 10:22:10.482,1.68776,1.68793,3.00,1.00
2016.01.25 10:22:10.636,1.68781,1.68796,3.00,4.12
2016.01.25 10:22:10.801,1.68781,1.68796,3.00,1.00
2016.01.25 10:22:15.010,1.6878,1.68796,3.49,1.00
2016.01.25 10:22:15.807,1.6878,1.68796,3.49,1.00
2016.01.25 10:22:17.311,1.6878,1.68793,2.74,1.00
2016.01.25 10:22:17.363,1.68777,1.68793,1.75,1.12
2016.01.25 10:22:17.414,1.68776,1.68791,1.05,1.00
2016.01.25 10:22:17.466,1.68775,1.68791,1.05,1.31
2016.01.25 10:22:17.568,1.68774,1.6879,2.74,1.00
2016.01.25 10:22:17.671,1.68772,1.68789,3.12,1.00
2016.01.25 10:22:19.768,1.68771,1.68789,3.87,1.00
2016.01.25 10:22:20.377,1.68773,1.68789,2.74,1.00
2016.01.25 10:22:21.226,1.68773,1.68789,2.74,1.00
2016.01.25 10:22:22.550,1.68773,1.68789,3.12,1.00
2016.01.25 10:22:22.652,1.68772,1.68789,3.49,1.00
2016.01.25 10:22:23.141,1.68773,1.68788,3.12,1.00
2016.01.25 10:22:23.396,1.68772,1.68788,3.49,1.00
2016.01.25 10:22:24.305,1.68771,1.68788,3.87,1.00
2016.01.25 10:22:24.407,1.68772,1.68788,2.74,1.00
2016.01.25 10:22:28.143,1.68772,1.68789,3.00,1.00
2016.01.25 10:22:28.444,1.68772,1.68787,3.00,1.00
2016.01.25 10:22:30.430,1.68772,1.68787,3.00,1.00
2016.01.25 10:22:32.298,1.68771,1.68787,4.12,1.00
2016.01.25 10:22:33.510,1.68774,1.68788,3.00,1.00
2016.01.25 10:22:33.815,1.68776,1.68791,3.37,1.00
2016.01.25 10:22:34.122,1.68782,1.68795,3.00,1.00
2016.01.25 10:22:34.450,1.68784,1.68796,3.00,1.00
2016.01.25 10:22:34.960,1.68783,1.68796,3.75,1.00
2016.01.25 10:22:38.003,1.6878,1.68795,4.50,1.00
2016.01.25 10:22:38.917,1.68782,1.68795,3.00,1.00
2016.01.25 10:22:39.273,1.68782,1.688,3.00,1.25
2016.01.25 10:22:39.631,1.68783,1.688,1.00,2.25
2016.01.25 10:22:40.139,1.68783,1.68799,1.00,1.00
2016.01.25 10:22:40.444,1.68781,1.68796,1.00,1.00
2016.01.25 10:22:40.905,1.6878,1.68795,1.00,1.87
2016.01.25 10:22:41.469,1.68781,1.68797,1.31,2.25
2016.01.25 10:22:41.714,1.68782,1.68797,2.06,1.87
2016.01.25 10:22:42.223,1.68782,1.68797,1.31,1.87
2016.01.25 10:22:43.132,1.68786,1.68802,1.12,3.37
2016.01.25 10:22:43.234,1.68786,1.68802,1.69,1.00
2016.01.25 10:22:43.336,1.68786,1.68804,1.69,1.12
2016.01.25 10:22:43.642,1.68791,1.68806,1.00,4.12
2016.01.25 10:22:43.953,1.68787,1.68801,1.87,1.87
2016.01.25 10:22:44.260,1.68786,1.68801,1.00,1.87
2016.01.25 10:22:46.484,1.68789,1.68801,2.77,2.25
2016.01.25 10:22:46.536,1.6879,1.68808,2.77,2.62
2016.01.25 10:22:46.588,1.6879,1.68808,3.15,2.25
2016.01.25 10:22:47.100,1.68791,1.68808,1.84,1.62
2016.01.25 10:22:47.202,1.68791,1.68807,1.50,2.44
2016.01.25 10:22:50.301,1.68791,1.68805,1.00,1.62
2016.01.25 10:22:50.606,1.68789,1.68803,1.00,2.25
2016.01.25 10:22:52.441,1.68787,1.68803,2.25,2.25
2016.01.25 10:22:53.207,1.6879,1.68803,1.37,2.44
2016.01.25 10:22:53.259,1.6879,1.68806,4.65,2.25
2016.01.25 10:22:53.564,1.6879,1.68806,1.10,1.87
2016.01.25 10:22:54.788,1.6879,1.68808,3.75,2.62
2016.01.25 10:22:55.296,1.68788,1.68806,5.25,1.00
2016.01.25 10:22:55.812,1.68788,1.68806,2.81,1.12
2016.01.25 10:22:57.054,1.6879,1.68807,1.12,2.25
2016.01.25 10:22:57.105,1.68791,1.68807,3.00,1.12
2016.01.25 10:22:57.614,1.68791,1.68808,4.50,1.12
2016.01.25 10:22:58.316,1.68791,1.68808,4.50,1.37
2016.01.25 10:22:59.441,1.68791,1.68805,3.75,1.00
2016.01.25 10:22:59.694,1.68787,1.68804,1.10,1.62
2016.01.25 10:23:01.844,1.68787,1.68804,1.00,1.56
2016.01.25 10:23:02.379,1.68786,1.68804,1.00,1.56
2016.01.25 10:23:03.344,1.68785,1.68802,1.00,2.25
2016.01.25 10:23:08.193,1.68789,1.68802,1.00,2.44
2016.01.25 10:23:08.939,1.68789,1.68803,1.00,4.12
2016.01.25 10:23:10.127,1.68792,1.68803,1.00,2.06
2016.01.25 10:23:10.179,1.68792,1.68803,1.00,1.12
2016.01.25 10:23:10.687,1.68792,1.68805,1.00,3.37
2016.01.25 10:23:11.513,1.68792,1.68805,1.00,1.00
2016.01.25 10:23:11.615,1.68792,1.68806,1.00,4.50
2016.01.25 10:23:11.921,1.68794,1.68806,1.00,1.62
2016.01.25 10:23:12.378,1.68798,1.68805,1.00,3.00
2016.01.25 10:23:12.631,1.68803,1.68813,1.00,1.12
2016.01.25 10:23:12.733,1.68803,1.68815,1.00,3.37
2016.01.25 10:23:12.784,1.68805,1.68815,1.00,3.37
2016.01.25 10:23:12.988,1.68803,1.68815,1.00,3.37
2016.01.25 10:23:13.039,1.68803,1.68814,1.00,3.00
2016.01.25 10:23:13.546,1.68803,1.68814,1.00,3.37
2016.01.25 10:23:14.184,1.68801,1.68814,1.00,3.37
2016.01.25 10:23:14.235,1.68799,1.68814,1.00,3.75
2016.01.25 10:23:14.287,1.68799,1.68813,1.00,3.00
2016.01.25 10:23:14.795,1.68798,1.6881,1.00,1.11
2016.01.25 10:23:15.404,1.68799,1.68812,1.00,3.73
2016.01.25 10:23:15.709,1.68804,1.68813,1.00,3.73
2016.01.25 10:23:15.862,1.68799,1.68813,1.00,3.36
2016.01.25 10:23:15.965,1.68804,1.68813,1.00,1.92
2016.01.25 10:23:16.067,1.68808,1.68817,1.00,1.37
2016.01.25 10:23:16.119,1.68808,1.68821,1.00,2.61
2016.01.25 10:23:16.345,1.68808,1.68822,1.00,1.61
2016.01.25 10:23:16.397,1.6881,1.68823,1.00,3.73
2016.01.25 10:23:16.905,1.6881,1.68823,1.00,1.11
2016.01.25 10:23:17.868,1.68809,1.68823,1.00,1.30
2016.01.25 10:23:17.919,1.68806,1.68823,1.00,1.30
2016.01.25 10:23:18.021,1.68806,1.68822,1.00,4.48
2016.01.25 10:23:19.024,1.68804,1.6882,1.00,1.61
2016.01.25 10:23:19.075,1.68803,1.68819,1.00,2.23
2016.01.25 10:23:19.382,1.68799,1.68813,1.00,4.11
2016.01.25 10:23:19.937,1.68798,1.68813,1.00,1.30
2016.01.25 10:23:20.141,1.68801,1.68812,1.00,1.61
2016.01.25 10:23:20.638,1.68801,1.68815,1.00,1.98
2016.01.25 10:23:20.690,1.68803,1.68815,1.00,1.30
2016.01.25 10:23:20.995,1.68808,1.68823,1.00,3.73
2016.01.25 10:23:21.327,1.68799,1.68814,1.00,4.11
2016.01.25 10:23:21.836,1.688,1.68814,1.00,1.86
2016.01.25 10:23:22.373,1.68801,1.68814,1.00,1.48
2016.01.25 10:23:23.210,1.68804,1.68814,1.00,1.00
2016.01.25 10:23:23.312,1.68805,1.68818,1.00,1.11
2016.01.25 10:23:23.363,1.68807,1.68819,1.00,1.30
2016.01.25 10:23:23.414,1.68807,1.6882,1.00,1.12
2016.01.25 10:23:23.734,1.68803,1.68821,1.00,2.80
2016.01.25 10:23:23.836,1.688,1.68815,1.37,3.36
2016.01.25 10:23:24.040,1.68799,1.68813,1.00,1.67
2016.01.25 10:23:25.045,1.688,1.68814,1.00,4.12
2016.01.25 10:23:25.593,1.688,1.68816,1.00,4.87
2016.01.25 10:23:25.644,1.68803,1.68816,1.00,4.87
2016.01.25 10:23:25.797,1.68803,1.68815,1.00,1.00
2016.01.25 10:23:26.522,1.68804,1.68817,1.00,5.25
2016.01.25 10:23:26.574,1.68804,1.68818,1.00,1.37
2016.01.25 10:23:26.625,1.68806,1.68818,1.00,1.00
2016.01.25 10:23:26.780,1.68809,1.68823,1.00,1.31
2016.01.25 10:23:27.624,1.68809,1.68824,1.00,4.50
2016.01.25 10:23:28.360,1.68805,1.68824,3.75,4.12
2016.01.25 10:23:30.494,1.68804,1.68822,1.56,1.00
2016.01.25 10:23:30.546,1.68804,1.68817,3.00,1.00
2016.01.25 10:23:30.649,1.68803,1.68817,1.12,1.00
2016.01.25 10:23:30.701,1.68803,1.68815,1.00,1.00
2016.01.25 10:23:31.007,1.68803,1.68813,1.00,2.06
2016.01.25 10:23:31.558,1.68803,1.68813,1.00,2.06
2016.01.25 10:23:31.866,1.68801,1.68808,1.00,1.00
2016.01.25 10:23:31.917,1.68798,1.68808,1.00,1.00
2016.01.25 10:23:31.969,1.68794,1.68807,1.00,1.00
2016.01.25 10:23:32.071,1.68793,1.68809,1.31,1.25
2016.01.25 10:23:32.123,1.68796,1.68809,1.00,1.25
2016.01.25 10:23:32.174,1.68793,1.68811,2.06,3.00
2016.01.25 10:23:32.624,1.68791,1.68807,1.50,3.00
2016.01.25 10:23:32.827,1.68793,1.68809,1.31,1.25
2016.01.25 10:23:33.335,1.68793,1.6881,2.06,3.75
2016.01.25 10:23:33.812,1.68793,1.68811,3.75,1.50
2016.01.25 10:23:33.915,1.68796,1.68814,1.00,4.50
2016.01.25 10:23:34.169,1.68798,1.68812,1.00,1.00
2016.01.25 10:23:34.678,1.68797,1.68811,1.00,1.00
2016.01.25 10:23:35.065,1.68797,1.68809,1.00,1.00
2016.01.25 10:23:35.373,1.68794,1.68807,1.00,3.75
2016.01.25 10:23:35.526,1.68792,1.68807,1.00,3.75
2016.01.25 10:23:35.577,1.68789,1.68806,1.87,3.00
2016.01.25 10:23:36.042,1.68792,1.68806,1.00,3.00
2016.01.25 10:23:36.093,1.68792,1.68809,1.00,4.50
2016.01.25 10:23:36.197,1.68794,1.68809,1.00,3.37
2016.01.25 10:23:36.707,1.68794,1.6881,1.00,1.56
2016.01.25 10:23:37.235,1.6879,1.68807,1.50,4.50
2016.01.25 10:23:37.743,1.6879,1.68806,1.00,3.00
2016.01.25 10:23:38.100,1.68792,1.68806,1.00,3.00
2016.01.25 10:23:38.253,1.68794,1.6881,1.12,1.31
2016.01.25 10:23:38.472,1.68792,1.68807,1.50,3.00
2016.01.25 10:23:38.523,1.6879,1.68807,1.50,3.75
2016.01.25 10:23:39.032,1.6879,1.68807,1.00,4.12
2016.01.25 10:23:40.099,1.6879,1.68807,1.00,1.69
2016.01.25 10:23:40.310,1.68792,1.68808,1.00,4.87
2016.01.25 10:23:40.667,1.6879,1.68807,1.00,4.50
2016.01.25 10:23:40.769,1.68787,1.68802,1.50,1.69
2016.01.25 10:23:41.094,1.68785,1.688,1.31,1.82
2016.01.25 10:23:41.399,1.68792,1.68809,1.00,1.69
2016.01.25 10:23:42.210,1.68792,1.68809,1.00,3.32
2016.01.25 10:23:42.516,1.68801,1.68818,1.00,4.45
2016.01.25 10:23:42.873,1.68802,1.68819,1.00,1.18
2016.01.25 10:23:43.026,1.68804,1.6882,1.00,3.70
2016.01.25 10:23:43.347,1.68808,1.68821,1.00,1.26
2016.01.25 10:23:44.013,1.68812,1.68821,1.00,1.00
2016.01.25 10:23:44.064,1.68814,1.68825,1.00,1.00
2016.01.25 10:23:44.116,1.68814,1.68828,1.00,1.26
2016.01.25 10:23:44.312,1.68819,1.68832,1.00,2.95
2016.01.25 10:23:44.414,1.68819,1.68833,1.31,1.00
2016.01.25 10:23:44.466,1.68819,1.68835,1.31,1.64
2016.01.25 10:23:44.517,1.68817,1.68834,1.50,2.95
2016.01.25 10:23:45.026,1.68817,1.68836,1.50,4.82
2016.01.25 10:23:45.552,1.68814,1.68831,2.06,1.51
2016.01.25 10:23:46.062,1.68814,1.68831,2.25,1.18
2016.01.25 10:23:46.714,1.68814,1.68832,1.50,3.70
2016.01.25 10:23:46.817,1.68813,1.68829,1.25,1.00
2016.01.25 10:23:46.920,1.68808,1.6882,1.20,2.95
2016.01.25 10:23:46.972,1.68804,1.6882,4.12,2.95
2016.01.25 10:23:47.074,1.68804,1.68818,1.00,1.18
2016.01.25 10:23:47.178,1.68804,1.68817,1.00,3.70
2016.01.25 10:23:47.383,1.68804,1.68817,1.00,1.25
2016.01.25 10:23:47.485,1.68804,1.68816,1.00,2.94
2016.01.25 10:23:48.243,1.688,1.68817,1.12,4.44
2016.01.25 10:23:48.803,1.68798,1.68813,1.12,1.17
2016.01.25 10:23:49.148,1.68792,1.68807,1.00,1.17
2016.01.25 10:23:49.656,1.68792,1.68807,1.50,1.17
2016.01.25 10:23:50.347,1.68797,1.68812,1.00,1.25
2016.01.25 10:23:50.450,1.68799,1.68813,1.00,4.06
2016.01.25 10:23:50.557,1.688,1.68816,1.00,3.31
2016.01.25 10:23:50.710,1.68802,1.68815,1.00,2.94
2016.01.25 10:23:50.761,1.68802,1.68819,1.56,2.00
2016.01.25 10:23:50.813,1.68802,1.68819,1.56,1.17
2016.01.25 10:23:50.916,1.68802,1.6882,1.69,3.31
2016.01.25 10:23:51.217,1.68795,1.68811,2.25,2.94
2016.01.25 10:23:52.032,1.68793,1.68811,1.50,4.44
2016.01.25 10:23:52.084,1.68793,1.68809,1.50,3.31
2016.01.25 10:23:52.497,1.6879,1.68805,2.44,1.00
2016.01.25 10:23:52.803,1.68779,1.68795,1.00,2.94
2016.01.25 10:23:52.855,1.68779,1.68792,1.00,2.94
2016.01.25 10:23:53.008,1.68776,1.68792,1.00,2.94
2016.01.25 10:23:53.471,1.68777,1.68794,3.00,1.00
2016.01.25 10:23:53.627,1.68782,1.68799,1.31,4.51
2016.01.25 10:23:53.730,1.68782,1.68797,1.00,2.94
2016.01.25 10:23:54.087,1.68783,1.68798,1.00,2.94
2016.01.25 10:23:54.189,1.68786,1.688,1.00,1.87
2016.01.25 10:23:54.343,1.68786,1.68801,1.00,1.54
2016.01.25 10:23:54.605,1.68788,1.68802,1.00,3.69
2016.01.25 10:23:54.656,1.68788,1.68803,1.00,1.17
2016.01.25 10:23:54.759,1.68784,1.68801,1.69,1.50
2016.01.25 10:23:54.810,1.68784,1.68795,1.62,1.00
2016.01.25 10:23:54.915,1.68781,1.68794,1.00,3.69
2016.01.25 10:23:55.018,1.68777,1.68792,1.00,1.17
2016.01.25 10:23:55.529,1.68774,1.68792,2.06,1.17
2016.01.25 10:23:55.929,1.68779,1.68794,1.00,1.50
2016.01.25 10:23:56.440,1.68779,1.68796,1.50,1.87
2016.01.25 10:23:57.256,1.68777,1.68795,1.25,2.94
2016.01.25 10:23:57.308,1.68779,1.68795,1.00,2.94
2016.01.25 10:23:57.360,1.68777,1.68795,1.12,1.56
2016.01.25 10:23:57.871,1.68777,1.68794,1.31,3.75
2016.01.25 10:23:57.923,1.68779,1.68794,1.00,3.75
2016.01.25 10:23:58.441,1.68777,1.68794,1.00,1.56
2016.01.25 10:23:58.695,1.68777,1.68792,1.00,3.00
2016.01.25 10:23:58.747,1.68775,1.68792,1.12,3.00
2016.01.25 10:23:59.255,1.68775,1.68791,1.00,3.00
2016.01.25 10:23:59.805,1.68775,1.6879,1.00,3.00
2016.01.25 10:24:00.009,1.68772,1.6879,1.00,3.00
2016.01.25 10:24:00.365,1.68772,1.68787,1.00,3.00
2016.01.25 10:24:00.519,1.68769,1.68785,1.00,3.00
2016.01.25 10:24:00.730,1.68769,1.68784,1.00,2.99
2016.01.25 10:24:01.043,1.68766,1.68783,1.00,2.99
2016.01.25 10:24:01.148,1.68769,1.68783,1.00,2.99
2016.01.25 10:24:02.556,1.68772,1.68783,1.00,3.36
2016.01.25 10:24:02.608,1.68772,1.68785,1.00,1.30
2016.01.25 10:24:02.659,1.68773,1.68785,1.00,1.23
2016.01.25 10:24:03.171,1.68773,1.68787,1.00,2.99
2016.01.25 10:24:03.374,1.68771,1.68785,1.00,2.99
2016.01.25 10:24:04.190,1.68774,1.68784,1.00,1.37
2016.01.25 10:24:04.394,1.68774,1.68788,1.00,1.68
2016.01.25 10:24:05.400,1.68776,1.68788,1.00,1.68
2016.01.25 10:24:05.919,1.68776,1.68788,1.00,1.23
2016.01.25 10:24:06.460,1.68776,1.68788,1.00,1.68
2016.01.25 10:24:07.909,1.68776,1.68786,1.00,2.99
2016.01.25 10:24:09.190,1.68778,1.68786,1.00,2.99
2016.01.25 10:24:09.242,1.68778,1.68792,1.00,1.23
2016.01.25 10:24:09.395,1.6878,1.68793,1.00,3.74
2016.01.25 10:24:10.369,1.6878,1.68794,3.75,1.87
2016.01.25 10:24:10.677,1.68788,1.68798,1.00,1.00
2016.01.25 10:24:12.354,1.68788,1.68803,1.00,2.44
2016.01.25 10:24:12.949,1.68788,1.68802,1.00,3.00
2016.01.25 10:24:13.051,1.68788,1.68803,1.00,1.31
2016.01.25 10:24:13.305,1.68788,1.68803,1.00,4.12
2016.01.25 10:24:13.920,1.68788,1.68803,1.00,3.75
2016.01.25 10:24:14.757,1.68787,1.68799,1.00,1.37
2016.01.25 10:24:14.859,1.68784,1.68797,1.00,3.37
2016.01.25 10:24:15.383,1.68784,1.68796,1.00,1.31
2016.01.25 10:24:15.805,1.68784,1.688,1.00,1.62
2016.01.25 10:24:16.009,1.68786,1.688,1.00,1.62
2016.01.25 10:24:16.162,1.68788,1.68803,1.00,3.75
2016.01.25 10:24:16.873,1.68788,1.68803,1.00,1.31
2016.01.25 10:24:17.382,1.68789,1.68804,1.00,1.69
2016.01.25 10:24:19.214,1.68789,1.68803,1.00,3.37
2016.01.25 10:24:20.005,1.68789,1.68803,1.00,3.37
2016.01.25 10:24:20.779,1.68788,1.68803,1.00,3.37
2016.01.25 10:24:21.136,1.6879,1.68803,1.00,1.31
2016.01.25 10:24:21.444,1.68793,1.68803,1.00,1.31
2016.01.25 10:24:22.743,1.68793,1.68803,1.00,3.75
2016.01.25 10:24:22.794,1.6879,1.68803,1.00,4.50
2016.01.25 10:24:22.845,1.6879,1.68801,1.00,3.00
2016.01.25 10:24:23.488,1.6879,1.68801,1.00,3.00
2016.01.25 10:24:25.734,1.6879,1.68802,1.00,3.37
2016.01.25 10:24:26.274,1.68792,1.68803,1.00,4.12
2016.01.25 10:24:26.803,1.68792,1.68802,1.00,3.00
2016.01.25 10:24:27.130,1.68794,1.68802,1.00,3.00
2016.01.25 10:24:27.283,1.68795,1.68805,1.00,1.12
2016.01.25 10:24:27.792,1.68795,1.68806,1.00,1.31
2016.01.25 10:24:28.250,1.68798,1.68806,1.00,1.31
2016.01.25 10:24:28.403,1.68795,1.68806,1.00,1.31
2016.01.25 10:24:28.911,1.68795,1.68805,1.00,1.00
2016.01.25 10:24:29.333,1.68797,1.68806,1.00,1.00
2016.01.25 10:24:29.740,1.68793,1.68806,1.00,1.00
2016.01.25 10:24:29.791,1.68793,1.68802,1.00,1.69
2016.01.25 10:24:29.996,1.68797,1.68809,1.00,2.06
2016.01.25 10:24:30.048,1.68797,1.68809,1.00,1.69
2016.01.25 10:24:30.510,1.68799,1.68812,1.00,1.50
2016.01.25 10:24:30.713,1.68799,1.68812,1.00,1.12
2016.01.25 10:24:30.816,1.68802,1.68813,1.00,1.87
2016.01.25 10:24:32.521,1.68804,1.68816,1.00,3.37
2016.01.25 10:24:32.572,1.68804,1.68815,1.00,1.25
2016.01.25 10:24:32.761,1.68804,1.68815,1.00,2.06
2016.01.25 10:24:33.067,1.68806,1.68815,1.00,1.69
2016.01.25 10:24:33.271,1.68804,1.68815,1.00,1.37
2016.01.25 10:24:34.244,1.68804,1.68814,1.00,1.69
2016.01.25 10:24:34.804,1.68803,1.68813,1.00,1.62
2016.01.25 10:24:35.309,1.68802,1.68813,1.00,1.62
2016.01.25 10:24:35.969,1.688,1.68813,1.00,1.56
2016.01.25 10:24:36.192,1.688,1.68812,1.00,3.37
2016.01.25 10:24:36.701,1.688,1.68809,1.00,1.25
2016.01.25 10:24:37.717,1.688,1.68812,1.00,2.44
2016.01.25 10:24:38.225,1.688,1.68811,1.00,1.37
2016.01.25 10:24:39.207,1.688,1.68812,1.00,2.06
2016.01.25 10:24:39.715,1.688,1.68811,1.00,1.37
2016.01.25 10:24:40.539,1.688,1.68812,1.00,2.06
2016.01.25 10:24:40.844,1.68802,1.68812,1.00,2.06
2016.01.25 10:24:41.047,1.68802,1.68812,1.00,1.25
2016.01.25 10:24:43.012,1.68802,1.68812,1.00,3.00
2016.01.25 10:24:44.585,1.68799,1.68813,1.00,4.12
2016.01.25 10:24:45.653,1.68801,1.68812,1.00,3.00
2016.01.25 10:24:47.601,1.68801,1.68813,1.00,3.00
2016.01.25 10:24:48.045,1.68803,1.68814,1.00,3.37
2016.01.25 10:24:48.757,1.68803,1.68816,1.00,1.62
2016.01.25 10:24:48.808,1.68803,1.68815,1.00,3.00
2016.01.25 10:24:48.910,1.68806,1.68818,1.00,1.69
2016.01.25 10:24:49.190,1.68806,1.68821,1.00,1.37
2016.01.25 10:24:49.241,1.6881,1.68822,1.00,1.69
2016.01.25 10:24:49.546,1.68812,1.68822,1.00,1.69
2016.01.25 10:24:50.402,1.68812,1.68822,1.00,1.69
2016.01.25 10:24:50.454,1.68808,1.68822,1.00,1.69
2016.01.25 10:24:51.709,1.68806,1.68821,1.00,1.25
2016.01.25 10:24:52.220,1.68805,1.68821,1.00,1.25
2016.01.25 10:24:52.773,1.68807,1.68822,1.00,4.12
2016.01.25 10:24:53.043,1.68804,1.68821,1.50,1.25
2016.01.25 10:24:53.094,1.68804,1.68821,1.50,3.37
2016.01.25 10:24:53.349,1.68801,1.68818,1.16,1.69
2016.01.25 10:24:53.452,1.68801,1.68816,1.00,3.37
2016.01.25 10:24:53.898,1.68803,1.68815,1.00,1.62
2016.01.25 10:24:54.102,1.68805,1.6882,1.00,2.00
2016.01.25 10:24:54.255,1.68803,1.6882,1.00,1.62
2016.01.25 10:24:54.765,1.68802,1.68819,1.00,3.75
2016.01.25 10:24:55.400,1.68802,1.68819,1.00,3.37
2016.01.25 10:24:55.554,1.688,1.68817,3.42,2.06
2016.01.25 10:24:55.658,1.68799,1.68815,1.00,3.75
2016.01.25 10:24:56.647,1.68797,1.68812,1.50,1.25
2016.01.25 10:24:58.746,1.68794,1.68807,1.12,1.37
2016.01.25 10:24:58.900,1.68791,1.68804,1.00,1.25
2016.01.25 10:24:58.951,1.68789,1.68804,1.00,1.25
2016.01.25 10:24:59.054,1.68787,1.68804,1.50,1.25
2016.01.25 10:24:59.156,1.68787,1.68802,1.00,1.25
2016.01.25 10:25:00.251,1.68788,1.68802,1.00,1.25
2016.01.25 10:25:00.558,1.68791,1.68804,1.00,1.25
2016.01.25 10:25:01.119,1.68793,1.68807,1.00,1.87
2016.01.25 10:25:01.272,1.68793,1.68808,1.00,1.62
2016.01.25 10:25:01.478,1.68796,1.68811,1.00,2.06
2016.01.25 10:25:01.986,1.68796,1.68812,1.00,2.00
2016.01.25 10:25:02.650,1.68794,1.6881,1.50,1.25
2016.01.25 10:25:02.702,1.68794,1.6881,1.50,3.37
2016.01.25 10:25:02.905,1.68794,1.6881,1.00,1.25
2016.01.25 10:25:02.957,1.68796,1.6881,1.00,1.25
2016.01.25 10:25:03.466,1.68795,1.68812,1.50,3.37
2016.01.25 10:25:03.832,1.68795,1.68811,1.00,3.37
2016.01.25 10:25:04.341,1.68794,1.68807,1.00,1.25
2016.01.25 10:25:04.697,1.68791,1.68809,1.19,2.00
2016.01.25 10:25:04.748,1.6879,1.68805,1.00,3.00
2016.01.25 10:25:05.291,1.68789,1.68804,1.50,1.56
2016.01.25 10:25:05.997,1.68789,1.68804,1.00,1.31
2016.01.25 10:25:06.751,1.6879,1.68804,1.00,1.00
2016.01.25 10:25:06.853,1.6879,1.68806,1.00,1.12
2016.01.25 10:25:06.904,1.6879,1.68806,1.00,1.37
2016.01.25 10:25:07.365,1.68796,1.68811,1.00,1.37
2016.01.25 10:25:07.417,1.68796,1.68813,1.50,2.06
2016.01.25 10:25:08.586,1.68798,1.68811,1.00,1.25
2016.01.25 10:25:09.147,1.68796,1.68813,1.37,4.87
2016.01.25 10:25:09.198,1.68794,1.68811,1.64,1.75
2016.01.25 10:25:09.300,1.68793,1.6881,1.87,2.06
2016.01.25 10:25:09.829,1.68793,1.68809,1.00,1.69
2016.01.25 10:25:09.881,1.68789,1.68806,3.51,1.00
2016.01.25 10:25:09.932,1.68789,1.68806,1.95,3.75
2016.01.25 10:25:10.445,1.68789,1.68803,1.00,1.25
2016.01.25 10:25:11.597,1.68786,1.68804,1.33,4.12
2016.01.25 10:25:12.117,1.68786,1.68803,1.50,1.25
2016.01.25 10:25:14.228,1.68785,1.68802,1.50,3.75
2016.01.25 10:25:14.534,1.68783,1.68798,1.00,1.31
2016.01.25 10:25:14.706,1.68781,1.68798,1.50,1.31
2016.01.25 10:25:15.215,1.6878,1.68795,1.00,1.25
2016.01.25 10:25:15.266,1.68783,1.68795,1.00,1.25
2016.01.25 10:25:15.521,1.68783,1.68797,1.00,1.25
2016.01.25 10:25:15.925,1.68787,1.688,1.00,3.75
2016.01.25 10:25:16.027,1.68787,1.68804,1.62,1.12
2016.01.25 10:25:17.199,1.68792,1.68806,3.00,1.50
2016.01.25 10:25:17.403,1.68793,1.68811,4.50,2.06
2016.01.25 10:25:17.455,1.68793,1.68811,4.50,1.69
2016.01.25 10:25:17.863,1.68793,1.68811,1.87,1.69
2016.01.25 10:25:18.280,1.68793,1.68811,2.06,1.69
2016.01.25 10:25:19.244,1.68793,1.68811,1.87,1.69
2016.01.25 10:25:19.773,1.68793,1.68811,2.25,1.69
2016.01.25 10:25:20.939,1.68793,1.68811,2.44,1.69
2016.01.25 10:25:21.449,1.68796,1.68811,1.12,1.00
2016.01.25 10:25:21.754,1.68802,1.68819,1.62,1.75
2016.01.25 10:25:21.856,1.68804,1.68819,1.50,1.00
2016.01.25 10:25:22.162,1.68806,1.68821,1.00,3.37
2016.01.25 10:25:22.469,1.68803,1.68815,1.00,1.37
2016.01.25 10:25:22.675,1.68803,1.68819,1.00,4.12
2016.01.25 10:25:23.031,1.68802,1.68817,1.94,1.37
2016.01.25 10:25:23.337,1.6881,1.68822,4.12,1.37
2016.01.25 10:25:23.439,1.68817,1.68829,1.00,3.52
2016.01.25 10:25:23.542,1.68823,1.6883,1.00,2.77
2016.01.25 10:25:23.593,1.68828,1.68839,1.00,2.21
2016.01.25 10:25:23.752,1.68828,1.68839,4.12,1.75
2016.01.25 10:25:23.807,1.68832,1.68849,4.50,1.12
2016.01.25 10:25:23.858,1.68833,1.68841,1.31,1.00
2016.01.25 10:25:24.065,1.68819,1.68831,1.87,1.37
2016.01.25 10:25:24.168,1.68821,1.68837,1.50,1.46
2016.01.25 10:25:24.373,1.68819,1.68836,1.12,3.15
2016.01.25 10:25:24.886,1.68818,1.68836,1.50,3.52
2016.01.25 10:25:25.448,1.68818,1.68836,3.19,1.37
2016.01.25 10:25:25.559,1.6882,1.68836,1.69,1.37
2016.01.25 10:25:25.661,1.6882,1.68839,5.62,3.52
2016.01.25 10:25:26.186,1.68823,1.6884,2.06,2.77
2016.01.25 10:25:26.441,1.68823,1.68838,1.00,1.37
2016.01.25 10:25:27.366,1.68823,1.68839,1.50,1.46
2016.01.25 10:25:27.880,1.68823,1.68838,1.50,1.37
2016.01.25 10:25:28.439,1.68823,1.68839,1.00,1.71
2016.01.25 10:25:28.950,1.68821,1.68838,1.11,1.69
2016.01.25 10:25:29.459,1.68821,1.68837,1.00,1.00
2016.01.25 10:25:30.094,1.68821,1.68838,1.00,2.44
2016.01.25 10:25:30.634,1.68821,1.68837,1.15,1.31
2016.01.25 10:25:31.136,1.68821,1.68836,1.00,1.25
2016.01.25 10:25:31.673,1.68822,1.68836,1.00,1.25
2016.01.25 10:25:32.080,1.68822,1.68839,1.61,1.81
2016.01.25 10:25:33.056,1.68822,1.68839,1.50,1.81
2016.01.25 10:25:33.577,1.68822,1.6884,1.61,3.75
2016.01.25 10:25:34.338,1.68822,1.68839,1.00,3.00
2016.01.25 10:25:34.593,1.68819,1.68837,1.00,3.75
2016.01.25 10:25:35.140,1.68819,1.68837,1.50,3.37
2016.01.25 10:25:35.653,1.68819,1.68837,1.00,3.37
2016.01.25 10:25:36.659,1.68819,1.68835,1.00,3.00
2016.01.25 10:25:36.965,1.68816,1.68835,1.61,3.00
2016.01.25 10:25:37.219,1.68813,1.6883,1.50,3.00
2016.01.25 10:25:37.525,1.68808,1.68825,1.37,3.75
2016.01.25 10:25:37.736,1.68807,1.68823,1.12,3.00
2016.01.25 10:25:37.789,1.68805,1.68823,1.15,3.00
2016.01.25 10:25:38.305,1.68803,1.68823,4.80,3.75
2016.01.25 10:25:39.727,1.68803,1.6882,2.44,1.00
2016.01.25 10:25:40.235,1.68803,1.6882,4.87,1.00
2016.01.25 10:25:40.776,1.68804,1.6882,1.25,1.12
2016.01.25 10:25:41.335,1.68804,1.6882,2.06,1.00
2016.01.25 10:25:41.848,1.68805,1.68819,1.25,1.00
2016.01.25 10:25:42.153,1.68808,1.68819,3.00,1.00
2016.01.25 10:25:42.662,1.68809,1.68819,3.00,1.00
2016.01.25 10:25:43.164,1.68809,1.68819,3.00,1.00
2016.01.25 10:25:43.267,1.68806,1.68817,3.00,1.00
2016.01.25 10:25:43.420,1.68805,1.68815,3.00,1.00
2016.01.25 10:25:44.450,1.68803,1.68815,3.00,1.00
2016.01.25 10:25:45.010,1.68804,1.68815,3.00,1.00
2016.01.25 10:25:45.605,1.68804,1.68815,3.00,1.00
2016.01.25 10:25:47.861,1.68802,1.68812,3.00,1.00
2016.01.25 10:25:49.471,1.68804,1.68815,3.00,1.12
2016.01.25 10:25:49.983,1.68807,1.68816,3.00,1.00
2016.01.25 10:25:51.948,1.68804,1.68815,3.00,1.00
2016.01.25 10:25:53.827,1.68802,1.68815,3.00,1.00
2016.01.25 10:25:53.879,1.68802,1.68813,3.00,1.00
2016.01.25 10:25:54.395,1.68801,1.68812,3.00,1.00
2016.01.25 10:25:54.904,1.688,1.68812,3.00,1.00
2016.01.25 10:25:55.552,1.68799,1.68812,3.00,1.00
2016.01.25 10:25:55.915,1.68799,1.68808,3.00,1.00
2016.01.25 10:25:56.017,1.68794,1.68804,1.50,1.00
2016.01.25 10:25:56.119,1.6879,1.68802,1.25,1.00
2016.01.25 10:25:56.171,1.6879,1.68802,1.25,1.37
2016.01.25 10:25:57.228,1.68789,1.68802,3.00,1.37
2016.01.25 10:25:57.331,1.68789,1.68802,2.21,1.00
2016.01.25 10:25:57.484,1.68788,1.688,2.21,1.00
2016.01.25 10:25:57.823,1.68794,1.68807,2.21,1.50
2016.01.25 10:25:58.130,1.68797,1.68808,2.21,1.00
2016.01.25 10:25:58.435,1.68797,1.68806,2.21,1.00
2016.01.25 10:25:58.537,1.68795,1.68806,2.21,1.00
2016.01.25 10:25:59.425,1.68796,1.68806,2.21,1.00
2016.01.25 10:25:59.679,1.68796,1.68809,2.21,1.12
2016.01.25 10:25:59.832,1.68795,1.68806,2.21,1.00
2016.01.25 10:26:00.334,1.68792,1.68805,2.21,1.00
2016.01.25 10:26:01.079,1.68793,1.68805,2.21,1.00
2016.01.25 10:26:01.617,1.68794,1.68805,2.21,1.00
2016.01.25 10:26:02.125,1.68795,1.68805,2.21,1.00
2016.01.25 10:26:02.674,1.68794,1.68805,2.21,1.00
2016.01.25 10:26:02.978,1.68792,1.68805,2.21,1.00
2016.01.25 10:26:03.487,1.68794,1.68807,2.21,1.00
2016.01.25 10:26:03.937,1.68796,1.68808,2.21,1.00
2016.01.25 10:26:04.294,1.68798,1.68808,2.21,1.00
2016.01.25 10:26:04.498,1.68792,1.68805,2.59,1.00
2016.01.25 10:26:04.652,1.68792,1.68802,2.21,1.00
2016.01.25 10:26:04.805,1.6879,1.68801,2.21,1.00
2016.01.25 10:26:05.337,1.68791,1.68801,2.21,1.00
2016.01.25 10:26:05.592,1.68791,1.68803,2.21,1.00
2016.01.25 10:26:06.153,1.68792,1.68803,2.21,1.00
2016.01.25 10:26:07.310,1.68792,1.68801,2.21,1.00
2016.01.25 10:26:07.583,1.68786,1.68801,1.50,1.31
2016.01.25 10:26:07.635,1.68783,1.68796,2.30,1.00
2016.01.25 10:26:07.686,1.68782,1.68796,3.54,1.00
2016.01.25 10:26:07.892,1.68784,1.68796,2.79,1.00
2016.01.25 10:26:08.401,1.68785,1.68796,2.79,1.00
2016.01.25 10:26:08.656,1.68783,1.68795,2.85,1.00
2016.01.25 10:26:09.168,1.68782,1.68795,2.85,1.00
2016.01.25 10:26:09.988,1.68782,1.68795,2.66,1.00
2016.01.25 10:26:10.206,1.6878,1.68789,3.04,1.00
2016.01.25 10:26:10.308,1.68778,1.68789,5.29,1.00
2016.01.25 10:26:10.461,1.68778,1.68786,1.50,1.00
2016.01.25 10:26:10.765,1.68772,1.68784,3.04,1.00
2016.01.25 10:26:10.868,1.68773,1.68786,2.66,1.12
2016.01.25 10:26:11.224,1.68775,1.68785,2.66,1.00
2016.01.25 10:26:11.545,1.68774,1.68784,1.72,1.00
2016.01.25 10:26:11.648,1.68771,1.68782,2.47,1.00
2016.01.25 10:26:12.161,1.68769,1.68781,1.35,1.00
2016.01.25 10:26:12.466,1.68769,1.68779,1.35,1.00
2016.01.25 10:26:12.670,1.68765,1.68779,1.30,1.00
2016.01.25 10:26:12.721,1.68763,1.68777,1.35,1.00
2016.01.25 10:26:13.027,1.68764,1.68775,1.30,1.00
2016.01.25 10:26:14.732,1.68763,1.68775,1.35,1.00
2016.01.25 10:26:15.037,1.68761,1.68779,1.97,1.87
2016.01.25 10:26:16.046,1.6876,1.68779,3.60,1.87
2016.01.25 10:26:16.453,1.6876,1.68776,2.47,1.00
2016.01.25 10:26:16.504,1.68759,1.68776,2.10,1.50
2016.01.25 10:26:16.707,1.68756,1.68773,1.72,1.00
2016.01.25 10:26:17.047,1.68751,1.68769,1.35,1.50
2016.01.25 10:26:17.354,1.68751,1.68769,2.10,1.50
2016.01.25 10:26:17.659,1.68751,1.68766,1.72,1.00
2016.01.25 10:26:18.006,1.68751,1.68769,2.47,1.50
2016.01.25 10:26:18.464,1.6875,1.68767,1.97,1.00
2016.01.25 10:26:18.973,1.68748,1.68766,2.47,1.00
2016.01.25 10:26:19.225,1.6875,1.68767,2.10,1.00
2016.01.25 10:26:19.735,1.6875,1.68767,1.60,1.00
2016.01.25 10:26:21.786,1.6875,1.68767,1.22,1.00
2016.01.25 10:26:22.296,1.68752,1.68767,1.30,1.00
2016.01.25 10:26:22.839,1.68752,1.68768,1.30,1.00
2016.01.25 10:26:23.176,1.68752,1.68765,1.30,1.00
2016.01.25 10:26:24.158,1.68753,1.68765,1.30,1.00
2016.01.25 10:26:24.666,1.68753,1.68766,1.30,1.00
2016.01.25 10:26:25.275,1.68753,1.68769,1.72,1.37
2016.01.25 10:26:28.530,1.68752,1.68769,1.72,1.37
2016.01.25 10:26:29.090,1.68756,1.68773,1.72,1.12
2016.01.25 10:26:29.192,1.68758,1.68776,2.10,2.25
2016.01.25 10:26:29.293,1.6876,1.68776,1.30,2.25
2016.01.25 10:26:29.598,1.68761,1.68772,1.30,1.00
2016.01.25 10:26:29.649,1.68758,1.6877,1.00,1.00
2016.01.25 10:26:29.752,1.68752,1.68769,3.22,1.00
2016.01.25 10:26:29.945,1.68751,1.68768,1.72,1.00
2016.01.25 10:26:30.403,1.6875,1.68767,2.10,1.87
2016.01.25 10:26:30.708,1.68753,1.68767,1.30,1.00
2016.01.25 10:26:31.234,1.68753,1.68769,1.30,2.25
2016.01.25 10:26:31.974,1.68753,1.68769,1.31,1.12
2016.01.25 10:26:32.483,1.68753,1.68769,1.56,1.12
2016.01.25 10:26:33.002,1.68753,1.68769,1.00,1.12
2016.01.25 10:26:33.549,1.68753,1.68769,1.00,1.87
2016.01.25 10:26:34.703,1.68752,1.68768,1.31,1.00
2016.01.25 10:26:35.807,1.68752,1.68768,1.56,1.12
2016.01.25 10:26:36.326,1.68754,1.68768,1.70,1.00
2016.01.25 10:26:36.717,1.6876,1.68769,1.70,1.37
2016.01.25 10:26:36.770,1.6876,1.68774,1.70,1.00
2016.01.25 10:26:37.637,1.68759,1.68774,1.70,1.00
2016.01.25 10:26:37.739,1.68759,1.6877,1.70,1.00
2016.01.25 10:26:37.947,1.68754,1.6877,1.76,1.00
2016.01.25 10:26:37.999,1.68755,1.68768,1.13,1.00
2016.01.25 10:26:38.253,1.68753,1.68767,1.51,1.00
2016.01.25 10:26:38.762,1.68751,1.68765,1.76,1.00
2016.01.25 10:26:39.108,1.68749,1.68762,2.25,1.00
2016.01.25 10:26:41.204,1.6875,1.68762,1.00,1.00
2016.01.25 10:26:43.189,1.68748,1.68762,1.13,1.00
2016.01.25 10:26:45.109,1.68748,1.68761,1.00,1.00
2016.01.25 10:26:45.546,1.68748,1.68759,1.13,1.00
2016.01.25 10:26:45.598,1.68744,1.68759,1.01,1.00
2016.01.25 10:26:45.700,1.68743,1.68756,1.70,1.00
2016.01.25 10:26:45.853,1.6874,1.68755,1.70,1.00
2016.01.25 10:26:46.363,1.68739,1.68755,1.87,1.37
2016.01.25 10:26:47.494,1.68739,1.68755,1.87,1.00
2016.01.25 10:26:47.597,1.68742,1.68757,1.87,1.00
2016.01.25 10:26:47.801,1.68739,1.68756,2.10,1.00
2016.01.25 10:26:47.902,1.68743,1.68756,1.00,1.00
2016.01.25 10:26:48.157,1.6874,1.68756,1.16,1.00
2016.01.25 10:26:48.361,1.68741,1.68756,1.29,1.00
2016.01.25 10:26:48.909,1.68741,1.68756,1.29,1.00
2016.01.25 10:26:49.265,1.68745,1.68759,1.00,1.10
2016.01.25 10:26:49.673,1.68743,1.6876,1.05,1.25
2016.01.25 10:26:50.235,1.68743,1.68761,1.00,2.81
2016.01.25 10:26:51.119,1.68743,1.6876,1.00,1.25
2016.01.25 10:26:51.634,1.68743,1.68761,1.00,2.81
2016.01.25 10:26:52.176,1.68743,1.6876,1.00,1.25
2016.01.25 10:26:52.481,1.68743,1.68759,1.00,2.81
2016.01.25 10:26:52.735,1.68743,1.68759,1.12,1.09
2016.01.25 10:26:53.080,1.6875,1.68761,1.00,1.75
2016.01.25 10:26:53.131,1.6875,1.68763,1.00,1.75
2016.01.25 10:26:53.183,1.68752,1.68763,1.00,1.37
2016.01.25 10:26:53.234,1.68752,1.68765,1.00,1.12
2016.01.25 10:26:53.746,1.68753,1.68769,1.16,1.87
2016.01.25 10:26:54.280,1.68754,1.68769,1.05,1.12
2016.01.25 10:26:54.382,1.68758,1.68769,1.05,1.12
2016.01.25 10:26:54.587,1.6876,1.68775,1.00,1.87
2016.01.25 10:26:54.741,1.68766,1.68775,1.00,1.87
2016.01.25 10:26:55.092,1.68779,1.68792,1.12,1.00
2016.01.25 10:26:55.858,1.68779,1.68793,1.12,1.10
2016.01.25 10:26:56.241,1.68776,1.68789,2.62,1.07
2016.01.25 10:26:56.295,1.68772,1.68788,1.00,1.76
2016.01.25 10:26:56.652,1.6877,1.68783,1.14,1.37
2016.01.25 10:26:56.907,1.68759,1.68776,2.62,1.12
2016.01.25 10:26:57.060,1.68759,1.68774,2.62,1.37
2016.01.25 10:26:57.112,1.68759,1.68774,1.00,1.37
2016.01.25 10:26:57.650,1.68756,1.68773,1.37,1.01
2016.01.25 10:26:58.162,1.68759,1.68772,1.00,1.25
2016.01.25 10:26:58.665,1.68759,1.68774,1.00,1.70
2016.01.25 10:26:59.199,1.68759,1.68774,1.00,4.20
2016.01.25 10:26:59.705,1.68759,1.68773,1.37,1.25
2016.01.25 10:27:00.061,1.68759,1.68772,1.00,1.37
2016.01.25 10:27:00.112,1.68757,1.68771,1.00,3.37
2016.01.25 10:27:00.265,1.68754,1.68766,1.37,1.37
2016.01.25 10:27:00.367,1.68753,1.68766,1.12,1.37
2016.01.25 10:27:00.521,1.6875,1.68765,1.37,1.31
2016.01.25 10:27:00.674,1.68748,1.68763,1.37,3.00
2016.01.25 10:27:01.179,1.68748,1.68762,1.37,3.52
2016.01.25 10:27:01.688,1.68747,1.68761,2.62,4.12
2016.01.25 10:27:01.840,1.68747,1.68761,1.12,4.12
2016.01.25 10:27:02.115,1.68744,1.68756,1.87,3.00
2016.01.25 10:27:02.270,1.68737,1.68753,1.37,1.25
2016.01.25 10:27:02.321,1.68737,1.68751,1.37,1.31
2016.01.25 10:27:02.627,1.68733,1.6875,1.37,3.00
2016.01.25 10:27:02.679,1.68733,1.68749,1.37,3.00
2016.01.25 10:27:02.883,1.68733,1.68749,1.37,1.00
2016.01.25 10:27:03.429,1.68736,1.6875,1.00,1.12
2016.01.25 10:27:03.836,1.68733,1.6875,1.00,3.00
2016.01.25 10:27:03.938,1.68733,1.68749,1.37,3.37
2016.01.25 10:27:05.720,1.68733,1.68749,1.37,1.00
2016.01.25 10:27:07.122,1.68733,1.68749,1.37,1.47
2016.01.25 10:27:07.174,1.68731,1.68746,1.12,3.00
2016.01.25 10:27:07.682,1.68729,1.68745,1.37,3.37
2016.01.25 10:27:07.784,1.68729,1.68745,1.00,3.37
2016.01.25 10:27:07.836,1.68729,1.68744,1.00,2.62
2016.01.25 10:27:08.192,1.68727,1.68744,1.00,3.00
2016.01.25 10:27:08.713,1.68727,1.68742,1.00,1.50
2016.01.25 10:27:09.300,1.68727,1.68742,1.00,1.50
2016.01.25 10:27:09.822,1.68727,1.68742,1.00,3.75
2016.01.25 10:27:10.483,1.68727,1.6874,1.00,2.25
2016.01.25 10:27:11.659,1.68725,1.6874,1.37,2.25
2016.01.25 10:27:13.015,1.68725,1.6874,1.37,3.00
2016.01.25 10:27:13.523,1.68725,1.6874,1.37,3.00
2016.01.25 10:27:14.214,1.68725,1.6874,1.37,3.00
2016.01.25 10:27:14.722,1.68724,1.68739,1.00,4.50
2016.01.25 10:27:16.422,1.68731,1.68739,1.00,1.37
2016.01.25 10:27:16.626,1.68731,1.68744,1.37,1.00
2016.01.25 10:27:17.084,1.68731,1.68747,1.37,1.01
2016.01.25 10:27:17.445,1.68731,1.68748,1.37,1.12
2016.01.25 10:27:17.701,1.68733,1.68749,1.37,1.00
2016.01.25 10:27:19.079,1.68739,1.68751,1.00,1.57
2016.01.25 10:27:19.182,1.6874,1.68754,1.12,1.95
2016.01.25 10:27:19.284,1.6874,1.68755,1.12,1.25
2016.01.25 10:27:19.762,1.68742,1.68756,1.87,1.95
2016.01.25 10:27:19.962,1.68743,1.68759,1.37,2.44
2016.01.25 10:27:21.788,1.68748,1.6876,1.13,1.47
2016.01.25 10:27:22.140,1.68751,1.68767,2.16,1.50
2016.01.25 10:27:22.196,1.68754,1.68768,1.12,1.50
2016.01.25 10:27:25.400,1.68751,1.68768,1.25,1.50
2016.01.25 10:27:25.452,1.68749,1.68766,1.00,2.81
2016.01.25 10:27:25.757,1.68748,1.68763,1.37,1.37
2016.01.25 10:27:26.326,1.68748,1.68763,1.37,1.12
2016.01.25 10:27:26.863,1.68748,1.68763,1.37,1.37
2016.01.25 10:27:27.581,1.6875,1.68763,1.00,1.37
2016.01.25 10:27:27.887,1.68754,1.68764,1.00,1.00
2016.01.25 10:27:28.088,1.68754,1.68769,1.00,1.95
2016.01.25 10:27:28.851,1.68751,1.68768,2.43,1.12
2016.01.25 10:27:30.402,1.68753,1.68769,2.43,1.87
2016.01.25 10:27:30.605,1.68756,1.68769,1.00,1.87
2016.01.25 10:27:30.657,1.68753,1.68771,1.31,1.57
2016.01.25 10:27:30.760,1.68755,1.68767,1.00,1.00
2016.01.25 10:27:30.862,1.68752,1.68768,2.06,1.85
2016.01.25 10:27:31.478,1.68755,1.68767,1.00,1.12
2016.01.25 10:27:31.737,1.68755,1.68769,1.00,1.00
2016.01.25 10:27:32.350,1.68755,1.68771,1.00,1.87
2016.01.25 10:27:32.886,1.68755,1.68771,1.00,1.50
2016.01.25 10:27:32.938,1.68758,1.68771,1.00,1.50
2016.01.25 10:27:33.281,1.68765,1.68775,1.37,2.62
2016.01.25 10:27:33.384,1.68766,1.68778,1.37,1.87
2016.01.25 10:27:33.864,1.68769,1.68781,1.00,1.12
2016.01.25 10:27:34.121,1.68776,1.68789,1.00,3.00
2016.01.25 10:27:34.174,1.68778,1.68789,1.00,3.00
2016.01.25 10:27:34.430,1.68778,1.68792,1.37,1.00
2016.01.25 10:27:35.284,1.68778,1.68792,1.00,1.57
2016.01.25 10:27:35.842,1.68778,1.68791,1.00,1.00
2016.01.25 10:27:35.996,1.6878,1.68792,1.00,1.00
2016.01.25 10:27:36.251,1.68782,1.68797,2.62,1.50
2016.01.25 10:27:36.753,1.68782,1.68796,1.37,1.50
2016.01.25 10:27:37.261,1.68782,1.68796,1.69,1.12
2016.01.25 10:27:38.674,1.68782,1.68796,1.37,1.50
2016.01.25 10:27:38.827,1.68783,1.68796,1.87,1.50
2016.01.25 10:27:41.158,1.68783,1.68799,2.62,2.06
2016.01.25 10:27:41.463,1.68783,1.68798,2.62,1.50
2016.01.25 10:27:41.869,1.6878,1.68796,1.87,2.81
2016.01.25 10:27:41.971,1.6878,1.68793,1.37,1.37
2016.01.25 10:27:42.865,1.68779,1.68794,1.87,1.87
2016.01.25 10:27:43.017,1.68778,1.68794,1.37,5.25
2016.01.25 10:27:43.526,1.68778,1.68793,1.00,1.69
2016.01.25 10:27:43.831,1.68776,1.68793,2.18,1.69
2016.01.25 10:27:44.085,1.68772,1.6879,1.15,1.87
2016.01.25 10:27:44.136,1.68771,1.68789,1.00,4.20
2016.01.25 10:27:44.445,1.68768,1.68783,1.12,1.69
2016.01.25 10:27:44.751,1.68769,1.68785,1.00,1.69
2016.01.25 10:27:45.776,1.68769,1.68785,1.00,3.75
2016.01.25 10:27:46.679,1.68768,1.68785,1.12,3.37
2016.01.25 10:27:47.204,1.68768,1.68783,1.12,3.82
2016.01.25 10:27:47.510,1.6877,1.68783,1.00,3.00
2016.01.25 10:27:48.028,1.6877,1.68784,1.00,3.00
2016.01.25 10:27:48.340,1.68782,1.68787,1.00,1.00
2016.01.25 10:27:48.646,1.68784,1.68788,1.00,1.00
2016.01.25 10:27:48.748,1.68784,1.68795,1.00,1.37
2016.01.25 10:27:49.569,1.68784,1.68799,1.00,2.62
2016.01.25 10:27:50.092,1.68784,1.68798,1.31,1.00
2016.01.25 10:27:50.195,1.68784,1.68796,1.31,1.37
2016.01.25 10:27:50.587,1.68786,1.68796,1.00,1.37
2016.01.25 10:27:50.701,1.68786,1.68799,1.00,1.37
2016.01.25 10:27:51.363,1.68786,1.688,1.00,1.00
2016.01.25 10:27:51.972,1.68786,1.68802,1.00,1.40
2016.01.25 10:27:52.936,1.68786,1.68801,1.00,1.03
2016.01.25 10:27:56.714,1.68788,1.68802,1.00,1.03
2016.01.25 10:27:56.765,1.68788,1.68803,3.19,1.00
2016.01.25 10:27:56.969,1.68799,1.68806,1.00,1.00
2016.01.25 10:27:57.172,1.68805,1.68816,1.00,2.72
2016.01.25 10:27:57.224,1.68805,1.68819,1.00,1.78
2016.01.25 10:27:57.326,1.68808,1.68821,1.00,1.75
2016.01.25 10:27:57.377,1.68808,1.68821,1.00,1.00
2016.01.25 10:27:57.928,1.68808,1.68822,1.00,1.00
2016.01.25 10:27:57.980,1.68811,1.68822,1.00,1.00
2016.01.25 10:27:58.081,1.68811,1.68825,1.00,1.12
2016.01.25 10:27:58.234,1.6881,1.68824,1.12,2.76
2016.01.25 10:27:58.285,1.68808,1.68824,1.00,2.76
2016.01.25 10:27:59.107,1.68808,1.68822,1.00,3.13
2016.01.25 10:27:59.617,1.68806,1.68821,1.00,3.00
2016.01.25 10:28:00.121,1.68804,1.68821,1.00,3.00
2016.01.25 10:28:01.509,1.68813,1.68823,1.00,2.51
2016.01.25 10:28:01.662,1.68817,1.68829,1.00,1.00
2016.01.25 10:28:01.916,1.68817,1.68833,1.12,3.00
2016.01.25 10:28:02.119,1.68819,1.68833,1.00,3.00
2016.01.25 10:28:02.351,1.68821,1.68835,1.00,1.25
2016.01.25 10:28:02.402,1.68821,1.68835,1.00,3.37
2016.01.25 10:28:02.454,1.68818,1.68835,1.12,3.75
2016.01.25 10:28:02.505,1.68818,1.68832,1.00,3.00
2016.01.25 10:28:02.760,1.68821,1.68837,1.00,3.37
2016.01.25 10:28:03.268,1.6882,1.68836,1.00,3.75
2016.01.25 10:28:03.431,1.68818,1.68836,1.12,1.31
2016.01.25 10:28:03.483,1.6882,1.68836,1.00,1.31
2016.01.25 10:28:03.794,1.68835,1.68849,1.00,2.14
2016.01.25 10:28:03.897,1.68836,1.68852,1.00,3.37
2016.01.25 10:28:04.051,1.68835,1.68849,1.00,3.00
2016.01.25 10:28:04.204,1.68836,1.6885,1.00,1.00
2016.01.25 10:28:05.474,1.68836,1.6885,1.00,1.56
2016.01.25 10:28:06.014,1.68834,1.6885,1.00,3.75
2016.01.25 10:28:06.319,1.68833,1.68848,1.00,1.31
2016.01.25 10:28:06.675,1.68835,1.68848,1.00,3.37
2016.01.25 10:28:07.118,1.68835,1.6885,1.00,1.25
2016.01.25 10:28:07.423,1.68836,1.68847,1.00,1.87
2016.01.25 10:28:08.117,1.68836,1.68851,1.00,2.44
2016.01.25 10:28:08.794,1.68835,1.68851,1.00,2.44
2016.01.25 10:28:08.896,1.68835,1.68849,1.00,3.37
2016.01.25 10:28:09.248,1.68835,1.68847,1.00,2.44
2016.01.25 10:28:09.749,1.68832,1.68847,1.12,4.87
2016.01.25 10:28:09.851,1.68832,1.68847,1.00,4.87
2016.01.25 10:28:10.156,1.68832,1.68847,1.00,4.87
2016.01.25 10:28:11.288,1.68832,1.68846,1.00,2.44
2016.01.25 10:28:11.626,1.68836,1.68847,1.00,2.62
2016.01.25 10:28:11.678,1.68837,1.68849,1.00,1.69
2016.01.25 10:28:11.833,1.68839,1.68852,1.00,1.39
2016.01.25 10:28:11.987,1.68841,1.68854,1.00,1.31
2016.01.25 10:28:12.140,1.68839,1.68854,1.00,3.75
2016.01.25 10:28:12.395,1.68839,1.68854,1.00,3.37
2016.01.25 10:28:12.446,1.68837,1.68854,1.00,3.37
2016.01.25 10:28:14.152,1.68837,1.6885,1.00,2.44
2016.01.25 10:28:14.457,1.68842,1.6885,1.00,2.44
2016.01.25 10:28:14.611,1.6884,1.68854,2.25,3.00
2016.01.25 10:28:14.714,1.68847,1.68858,1.00,3.37
2016.01.25 10:28:14.765,1.68847,1.68858,1.00,3.00
2016.01.25 10:28:14.817,1.68849,1.6886,1.00,1.25
2016.01.25 10:28:15.136,1.6885,1.68863,1.00,3.00
2016.01.25 10:28:15.188,1.68852,1.68865,1.00,1.25
2016.01.25 10:28:15.442,1.6885,1.68865,1.00,1.25
2016.01.25 10:28:15.494,1.68846,1.68865,3.57,2.44
2016.01.25 10:28:15.545,1.68846,1.68857,3.57,1.00
2016.01.25 10:28:15.596,1.68845,1.68857,1.50,1.00
2016.01.25 10:28:16.155,1.68842,1.68857,1.00,3.00
2016.01.25 10:28:16.665,1.68841,1.68856,1.00,3.00
2016.01.25 10:28:17.174,1.68841,1.68856,1.00,3.30
2016.01.25 10:28:17.585,1.68843,1.68856,1.00,2.92
2016.01.25 10:28:17.958,1.68845,1.68857,1.00,1.59
2016.01.25 10:28:18.162,1.6885,1.68864,1.00,4.87
2016.01.25 10:28:18.365,1.6885,1.68865,1.00,1.57
2016.01.25 10:28:18.913,1.6885,1.68865,1.00,1.12
2016.01.25 10:28:19.313,1.6885,1.68863,1.00,1.15
2016.01.25 10:28:19.618,1.68849,1.68862,1.00,2.92
2016.01.25 10:28:19.670,1.68847,1.68862,1.00,2.92
2016.01.25 10:28:20.173,1.68846,1.68863,1.00,4.05
2016.01.25 10:28:20.326,1.68846,1.6886,1.00,2.92
2016.01.25 10:28:20.630,1.68844,1.6886,1.00,2.92
2016.01.25 10:28:20.733,1.68846,1.6886,1.00,2.92
2016.01.25 10:28:20.886,1.68846,1.68862,1.31,1.24
2016.01.25 10:28:20.937,1.68849,1.68862,1.00,1.15
2016.01.25 10:28:21.343,1.68849,1.68864,1.00,1.15
2016.01.25 10:28:21.871,1.68849,1.68865,1.00,1.86
2016.01.25 10:28:22.587,1.68849,1.68866,1.00,4.50
2016.01.25 10:28:23.096,1.68849,1.68865,1.00,3.00
2016.01.25 10:28:23.640,1.68849,1.68865,1.00,3.00
2016.01.25 10:28:24.187,1.68849,1.68865,1.00,3.75
2016.01.25 10:28:24.704,1.68849,1.68865,1.00,2.77
2016.01.25 10:28:24.857,1.68857,1.68865,1.00,2.40
2016.01.25 10:28:24.960,1.68857,1.68869,1.00,1.12
2016.01.25 10:28:25.113,1.68859,1.68871,1.00,1.37
2016.01.25 10:28:25.266,1.6886,1.68873,1.00,1.00
2016.01.25 10:28:25.318,1.68864,1.68875,1.00,3.15
2016.01.25 10:28:25.369,1.68864,1.68876,1.00,1.50
2016.01.25 10:28:25.471,1.68864,1.68877,1.00,1.00
2016.01.25 10:28:26.091,1.68867,1.68879,1.00,1.37
2016.01.25 10:28:26.194,1.68868,1.68883,1.00,1.37
2016.01.25 10:28:26.397,1.6887,1.68884,1.00,4.19
2016.01.25 10:28:26.652,1.6887,1.68885,1.00,3.82
2016.01.25 10:28:27.119,1.6887,1.68883,1.00,2.32
2016.01.25 10:28:27.221,1.68867,1.68883,1.12,2.32
2016.01.25 10:28:27.732,1.68866,1.68882,1.00,2.32
2016.01.25 10:28:28.096,1.68866,1.68879,1.00,2.32
2016.01.25 10:28:28.301,1.68865,1.68881,1.00,2.69
2016.01.25 10:28:29.693,1.68865,1.68878,1.00,2.32
2016.01.25 10:28:29.795,1.68865,1.6888,1.00,2.32
2016.01.25 10:28:30.304,1.68865,1.68881,1.00,3.82
2016.01.25 10:28:30.632,1.6886,1.68876,3.75,1.00
2016.01.25 10:28:30.949,1.68863,1.68876,1.00,2.32
2016.01.25 10:28:31.254,1.68869,1.68883,1.00,3.07
2016.01.25 10:28:31.763,1.68869,1.68882,1.00,2.32
2016.01.25 10:28:31.865,1.68866,1.68881,1.00,1.37
2016.01.25 10:28:32.120,1.68868,1.68881,1.00,3.44
2016.01.25 10:28:32.222,1.68868,1.68884,1.00,2.69
2016.01.25 10:28:32.820,1.68868,1.68885,1.00,2.69
2016.01.25 10:28:33.356,1.68868,1.68883,1.00,2.69
2016.01.25 10:28:33.864,1.68867,1.68883,1.12,2.69
2016.01.25 10:28:34.270,1.68868,1.68885,1.31,2.39
2016.01.25 10:28:35.586,1.68868,1.68885,1.00,2.97
2016.01.25 10:28:36.817,1.68871,1.68886,1.00,2.90
2016.01.25 10:28:37.071,1.68866,1.68882,2.14,1.00
2016.01.25 10:28:37.123,1.68866,1.6888,1.01,1.00
2016.01.25 10:28:37.327,1.6886,1.68875,1.00,1.11
2016.01.25 10:28:37.379,1.6886,1.68873,1.00,1.02
2016.01.25 10:28:37.431,1.68858,1.68873,1.00,1.02
2016.01.25 10:28:37.482,1.68855,1.6887,1.37,1.37
2016.01.25 10:28:37.633,1.68852,1.68866,1.00,1.02
2016.01.25 10:28:37.684,1.68844,1.68861,1.85,3.27
2016.01.25 10:28:37.786,1.68841,1.68856,1.00,2.90
2016.01.25 10:28:37.939,1.68845,1.68856,1.00,2.22
2016.01.25 10:28:37.990,1.68845,1.68857,1.00,3.35
2016.01.25 10:28:38.042,1.68845,1.68858,1.00,1.28
2016.01.25 10:28:38.093,1.68848,1.6886,1.00,2.15
2016.01.25 10:28:38.144,1.68848,1.68861,1.00,1.49
2016.01.25 10:28:38.195,1.6885,1.68863,1.00,1.85
2016.01.25 10:28:38.247,1.6885,1.68863,1.00,1.11
2016.01.25 10:28:38.400,1.68855,1.68865,1.00,3.65
2016.01.25 10:28:38.451,1.68855,1.68865,1.00,1.00
2016.01.25 10:28:38.647,1.68855,1.68868,1.00,1.77
2016.01.25 10:28:38.800,1.68855,1.6887,1.50,2.90
2016.01.25 10:28:39.005,1.68863,1.68876,1.00,1.19
2016.01.25 10:28:39.513,1.68863,1.68878,1.50,2.90
2016.01.25 10:28:39.564,1.68863,1.68879,1.50,1.11
2016.01.25 10:28:39.615,1.68865,1.68879,1.00,1.11
2016.01.25 10:28:39.967,1.68868,1.68883,1.00,2.90
2016.01.25 10:28:40.499,1.68868,1.68883,1.00,1.02
2016.01.25 10:28:41.049,1.68868,1.68884,1.00,3.27
2016.01.25 10:28:41.354,1.68868,1.68885,1.00,4.02
2016.01.25 10:28:41.710,1.6887,1.68885,1.00,3.65
2016.01.25 10:28:42.132,1.68874,1.68889,1.00,1.52
2016.01.25 10:28:42.387,1.68876,1.68891,1.00,4.45
2016.01.25 10:28:42.861,1.68876,1.68886,1.00,2.95
2016.01.25 10:28:42.913,1.68874,1.68886,1.12,2.95
2016.01.25 10:28:43.117,1.68875,1.68887,1.00,2.58
2016.01.25 10:28:43.625,1.68873,1.68885,1.00,2.58
2016.01.25 10:28:44.146,1.68873,1.68886,1.00,2.58
2016.01.25 10:28:44.673,1.68872,1.68886,1.00,2.58
2016.01.25 10:28:45.005,1.68872,1.68883,1.00,2.58
2016.01.25 10:28:45.497,1.68869,1.68883,1.87,2.58
2016.01.25 10:28:45.650,1.68869,1.6888,1.00,2.58
2016.01.25 10:28:45.752,1.68867,1.6888,1.50,2.58
2016.01.25 10:28:46.066,1.68867,1.68878,1.00,2.58
2016.01.25 10:28:46.117,1.68863,1.68878,1.12,2.58
2016.01.25 10:28:46.423,1.68863,1.68874,1.00,2.58
2016.01.25 10:28:46.729,1.68859,1.68871,2.25,2.58
2016.01.25 10:28:46.831,1.68857,1.68869,1.00,2.58
2016.01.25 10:28:47.092,1.68854,1.68867,1.00,2.58
2016.01.25 10:28:47.296,1.68854,1.68869,1.12,2.58
2016.01.25 10:28:47.400,1.68854,1.68868,1.12,2.58
2016.01.25 10:28:47.706,1.68858,1.68869,1.00,2.58
2016.01.25 10:28:48.296,1.68855,1.68869,1.00,2.58
2016.01.25 10:28:49.205,1.68855,1.68869,1.12,2.58
2016.01.25 10:28:49.459,1.68854,1.68873,1.75,3.33
2016.01.25 10:28:50.000,1.68855,1.68872,1.87,2.58
2016.01.25 10:28:50.382,1.68859,1.68873,2.62,1.00
2016.01.25 10:28:50.433,1.68861,1.68877,1.12,1.52
2016.01.25 10:28:50.790,1.68861,1.68875,1.87,1.52
2016.01.25 10:28:51.095,1.68858,1.68872,1.00,2.58
2016.01.25 10:28:51.146,1.68856,1.68872,1.12,3.33
2016.01.25 10:28:51.299,1.68856,1.68872,1.47,2.58
2016.01.25 10:28:51.526,1.68859,1.68874,1.00,1.00
2016.01.25 10:28:51.582,1.68859,1.68874,1.87,1.00
2016.01.25 10:28:52.889,1.68859,1.68875,1.87,1.00
2016.01.25 10:28:53.416,1.68859,1.68874,1.87,1.00
2016.01.25 10:28:53.948,1.68859,1.68873,1.87,1.00
2016.01.25 10:28:54.207,1.68857,1.68872,1.00,1.65
2016.01.25 10:28:56.968,1.68857,1.68868,1.00,1.65
2016.01.25 10:28:57.121,1.68855,1.68867,1.12,1.65
2016.01.25 10:28:57.173,1.68853,1.68868,1.50,1.65
2016.01.25 10:28:57.338,1.68853,1.68866,1.50,1.27
2016.01.25 10:28:57.930,1.68853,1.68868,1.50,2.02
2016.01.25 10:28:58.879,1.68854,1.68868,1.00,1.27
2016.01.25 10:28:59.387,1.68854,1.68867,1.00,1.27
2016.01.25 10:28:59.591,1.68856,1.68867,1.00,2.02
2016.01.25 10:28:59.794,1.68854,1.68867,1.00,2.02
2016.01.25 10:29:00.477,1.68854,1.68868,1.00,1.27
2016.01.25 10:29:00.580,1.6885,1.68865,1.85,1.20
2016.01.25 10:29:00.682,1.6885,1.68865,1.47,1.00
2016.01.25 10:29:00.734,1.68851,1.68868,1.12,1.20
2016.01.25 10:29:00.785,1.68854,1.68868,1.00,1.20
2016.01.25 10:29:01.223,1.68854,1.68864,1.37,1.00
2016.01.25 10:29:01.325,1.68852,1.68866,1.12,1.20
2016.01.25 10:29:01.377,1.68852,1.68868,1.00,1.00
2016.01.25 10:29:01.428,1.68857,1.68869,1.00,1.20
2016.01.25 10:29:01.480,1.68858,1.68875,1.00,1.87
2016.01.25 10:29:01.532,1.68858,1.68875,1.00,1.37
2016.01.25 10:29:01.583,1.68858,1.68875,1.37,1.00
2016.01.25 10:29:02.041,1.6886,1.68873,1.00,1.20
2016.01.25 10:29:02.366,1.68859,1.68875,1.00,1.20
2016.01.25 10:29:02.468,1.68858,1.68875,1.75,1.00
2016.01.25 10:29:03.129,1.68858,1.68875,1.75,1.29
2016.01.25 10:29:03.865,1.68859,1.68878,2.25,1.72
2016.01.25 10:29:03.968,1.68861,1.68878,1.87,1.72
2016.01.25 10:29:04.273,1.68863,1.68878,1.87,1.29
2016.01.25 10:29:04.855,1.68863,1.68878,1.87,1.29
2016.01.25 10:29:05.211,1.68863,1.68874,1.50,1.72
2016.01.25 10:29:05.416,1.6886,1.68874,1.00,1.29
2016.01.25 10:29:05.519,1.6886,1.6887,1.50,1.29
2016.01.25 10:29:06.046,1.6886,1.6887,1.00,1.29
2016.01.25 10:29:06.312,1.6886,1.68873,1.00,1.72
2016.01.25 10:29:07.409,1.6886,1.68873,1.00,1.29
2016.01.25 10:29:08.646,1.68858,1.68872,1.50,1.29
2016.01.25 10:29:09.171,1.68858,1.68873,1.50,1.29
2016.01.25 10:29:09.272,1.6886,1.68876,1.00,1.29
2016.01.25 10:29:09.425,1.6886,1.68876,2.62,1.29
2016.01.25 10:29:09.679,1.6886,1.68877,2.62,1.72
2016.01.25 10:29:10.036,1.68863,1.68876,1.00,1.29
2016.01.25 10:29:10.341,1.68861,1.68875,1.50,1.29
2016.01.25 10:29:10.647,1.6886,1.68872,1.95,1.29
2016.01.25 10:29:10.956,1.68865,1.68878,1.00,1.66
2016.01.25 10:29:11.008,1.68867,1.68878,1.00,1.29
2016.01.25 10:29:11.060,1.68867,1.68881,1.00,1.29
2016.01.25 10:29:12.124,1.6887,1.6888,1.00,1.29
2016.01.25 10:29:12.658,1.6887,1.68882,1.00,1.81
2016.01.25 10:29:13.186,1.68869,1.68881,1.00,1.49
2016.01.25 10:29:13.585,1.68869,1.68883,1.50,1.56
2016.01.25 10:29:13.687,1.68869,1.6888,1.00,1.49
2016.01.25 10:29:13.891,1.68868,1.68882,1.12,1.56
2016.01.25 10:29:13.942,1.6887,1.68882,1.00,1.18
2016.01.25 10:29:14.044,1.6887,1.68884,1.87,1.18
2016.01.25 10:29:14.198,1.68872,1.68884,1.00,1.18
2016.01.25 10:29:14.606,1.6887,1.68883,2.25,1.49
2016.01.25 10:29:15.577,1.6887,1.68884,1.87,1.49
2016.01.25 10:29:15.905,1.6887,1.68882,1.00,1.49
2016.01.25 10:29:16.314,1.68866,1.68879,1.50,1.49
2016.01.25 10:29:16.943,1.68867,1.68879,1.00,1.49
2016.01.25 10:29:17.452,1.68866,1.68879,1.00,1.56
2016.01.25 10:29:17.808,1.68864,1.68879,1.50,1.56
2016.01.25 10:29:18.341,1.68864,1.68879,1.00,1.56
2016.01.25 10:29:18.546,1.68862,1.68876,1.12,1.18
2016.01.25 10:29:19.313,1.68862,1.68876,1.50,1.49
2016.01.25 10:29:19.849,1.68862,1.68877,1.00,1.18
2016.01.25 10:29:20.177,1.68862,1.68876,1.00,1.49
2016.01.25 10:29:20.736,1.68861,1.68876,1.00,1.49
2016.01.25 10:29:21.042,1.68863,1.68877,1.00,1.18
2016.01.25 10:29:21.569,1.68863,1.68878,1.00,1.18
2016.01.25 10:29:22.192,1.68863,1.68881,3.75,1.12
2016.01.25 10:29:22.601,1.68866,1.68883,3.00,1.50
2016.01.25 10:29:23.530,1.68868,1.68884,1.00,1.12
2016.01.25 10:29:23.835,1.68877,1.68895,3.75,1.37
2016.01.25 10:29:24.989,1.6888,1.68896,1.00,2.10
2016.01.25 10:29:25.258,1.68881,1.68897,3.00,1.12
2016.01.25 10:29:25.360,1.68881,1.68896,3.00,1.00
2016.01.25 10:29:25.462,1.68881,1.68899,3.00,1.37
2016.01.25 10:29:26.249,1.68882,1.68897,1.25,1.00
2016.01.25 10:29:26.300,1.68882,1.6889,1.25,1.37
2016.01.25 10:29:26.463,1.68879,1.6889,1.56,1.37
2016.01.25 10:29:26.514,1.68879,1.68897,2.06,2.62
2016.01.25 10:29:27.047,1.68881,1.68897,1.31,1.37
2016.01.25 10:29:27.353,1.68882,1.68898,2.81,1.37
2016.01.25 10:29:27.710,1.68883,1.68901,1.37,1.72
2016.01.25 10:29:27.964,1.68886,1.68901,1.00,1.72
2016.01.25 10:29:28.219,1.68893,1.68908,1.00,1.35
2016.01.25 10:29:28.627,1.68893,1.6891,1.50,1.35
2016.01.25 10:29:29.255,1.68893,1.68909,1.00,1.00
2016.01.25 10:29:29.307,1.68891,1.68904,1.12,1.37
2016.01.25 10:29:29.510,1.68891,1.68908,1.50,3.22
2016.01.25 10:29:29.562,1.68891,1.68907,1.50,1.00
2016.01.25 10:29:30.071,1.68892,1.68909,1.31,2.10
2016.01.25 10:29:32.700,1.68892,1.68908,1.00,1.00
2016.01.25 10:29:32.903,1.68895,1.68912,1.00,1.50
2016.01.25 10:29:33.900,1.68896,1.68912,1.00,2.47
2016.01.25 10:29:34.457,1.68895,1.68911,1.00,2.10
2016.01.25 10:29:34.742,1.68895,1.68911,1.00,3.60
2016.01.25 10:29:34.844,1.68893,1.6891,1.00,1.87
2016.01.25 10:29:34.895,1.68893,1.68907,1.00,2.10
2016.01.25 10:29:35.200,1.68888,1.68902,1.00,1.37
2016.01.25 10:29:35.354,1.68884,1.689,2.81,1.37
2016.01.25 10:29:35.858,1.68883,1.689,2.06,1.37
2016.01.25 10:29:36.369,1.68885,1.68899,1.31,1.37
2016.01.25 10:29:36.572,1.68883,1.6889,1.69,1.00
2016.01.25 10:29:36.776,1.68862,1.68879,1.75,2.74
2016.01.25 10:29:36.962,1.68861,1.68875,1.00,1.05
2016.01.25 10:29:37.016,1.68858,1.68875,2.25,1.55
2016.01.25 10:29:37.524,1.68859,1.68876,1.00,1.05
2016.01.25 10:29:37.981,1.68862,1.68877,1.00,1.24
2016.01.25 10:29:38.305,1.68864,1.68878,1.37,1.87
2016.01.25 10:29:38.562,1.68862,1.68878,1.12,1.93
2016.01.25 10:29:39.122,1.68862,1.68868,1.00,1.43
2016.01.25 10:29:39.331,1.6886,1.68875,1.00,1.50
2016.01.25 10:29:39.637,1.6886,1.68876,1.00,1.00
2016.01.25 10:29:40.652,1.6886,1.68875,1.00,2.40
2016.01.25 10:29:41.211,1.6886,1.68876,1.00,2.77
2016.01.25 10:29:42.118,1.6886,1.68875,1.00,1.00
2016.01.25 10:29:42.220,1.68865,1.68875,1.00,1.00
2016.01.25 10:29:42.272,1.68865,1.68877,1.00,1.12
2016.01.25 10:29:42.323,1.68868,1.68877,1.00,1.12
2016.01.25 10:29:42.425,1.6887,1.68883,1.00,1.37
2016.01.25 10:29:42.578,1.68871,1.68887,1.00,4.65
2016.01.25 10:29:42.680,1.68871,1.68887,1.00,2.40
2016.01.25 10:29:42.731,1.68874,1.68887,1.00,2.40
2016.01.25 10:29:43.133,1.68874,1.68889,1.00,3.52
2016.01.25 10:29:43.645,1.68876,1.68889,1.00,2.40
2016.01.25 10:29:43.968,1.68879,1.68889,1.00,2.40
2016.01.25 10:29:44.278,1.68885,1.68899,1.00,1.87
2016.01.25 10:29:44.647,1.68887,1.689,1.00,3.52
2016.01.25 10:29:44.800,1.68887,1.689,1.00,2.77
2016.01.25 10:29:45.505,1.68885,1.689,1.50,2.77
2016.01.25 10:29:45.658,1.68885,1.68898,1.00,1.00
2016.01.25 10:29:45.964,1.68884,1.68893,1.00,1.00
2016.01.25 10:29:46.015,1.68883,1.68895,1.00,1.00
2016.01.25 10:29:46.220,1.68882,1.68898,1.00,1.50
2016.01.25 10:29:46.322,1.68882,1.68892,1.00,1.00
2016.01.25 10:29:46.537,1.6888,1.68895,1.37,3.52
2016.01.25 10:29:46.947,1.68881,1.68897,1.12,3.90
2016.01.25 10:29:47.049,1.68883,1.68896,1.00,2.40
2016.01.25 10:29:48.224,1.68884,1.68897,1.00,1.00
2016.01.25 10:29:49.001,1.68883,1.68897,1.00,1.00
2016.01.25 10:29:49.663,1.68883,1.68899,1.00,1.07
2016.01.25 10:29:50.164,1.68883,1.68898,1.00,2.95
2016.01.25 10:29:50.673,1.68883,1.68899,1.00,3.70
2016.01.25 10:29:51.220,1.68884,1.68899,1.00,1.07
2016.01.25 10:29:51.770,1.68884,1.689,1.00,4.45
2016.01.25 10:29:52.312,1.68887,1.689,1.00,4.45
2016.01.25 10:29:52.935,1.68887,1.68899,1.00,2.95
2016.01.25 10:29:53.447,1.68886,1.689,1.00,3.70
2016.01.25 10:29:53.600,1.68885,1.689,1.00,2.59
2016.01.25 10:29:54.157,1.68887,1.689,1.00,2.59
2016.01.25 10:29:54.310,1.68885,1.689,1.00,2.59
2016.01.25 10:29:54.921,1.68891,1.689,1.00,2.96
2016.01.25 10:29:55.125,1.68889,1.689,1.00,2.96
2016.01.25 10:29:56.492,1.68885,1.689,1.00,2.66
2016.01.25 10:29:57.044,1.68885,1.68901,1.00,3.34
2016.01.25 10:29:57.805,1.68889,1.68901,1.00,1.50
2016.01.25 10:29:58.075,1.68893,1.68906,1.00,1.00
2016.01.25 10:29:58.228,1.68893,1.68908,1.00,3.34
2016.01.25 10:29:58.959,1.68893,1.68908,1.00,2.59
2016.01.25 10:29:59.062,1.68895,1.68908,1.00,2.59
2016.01.25 10:29:59.307,1.68897,1.68911,1.00,1.12
2016.01.25 10:29:59.663,1.68897,1.68913,1.00,2.96
2016.01.25 10:30:00.170,1.689,1.68913,1.00,2.96
2016.01.25 10:30:01.836,1.689,1.68913,1.00,2.59
2016.01.25 10:30:02.471,1.68902,1.68913,1.00,1.00
2016.01.25 10:30:02.522,1.68902,1.68915,1.00,1.00
2016.01.25 10:30:02.624,1.68902,1.68917,1.00,1.84
2016.01.25 10:30:02.871,1.68904,1.68917,1.00,1.84
2016.01.25 10:30:02.973,1.68902,1.68918,1.00,1.12
2016.01.25 10:30:03.075,1.68904,1.68918,1.00,2.21
2016.01.25 10:30:03.890,1.68906,1.68918,1.00,1.00
2016.01.25 10:30:05.261,1.68907,1.68921,1.00,1.12
2016.01.25 10:30:05.312,1.68905,1.68921,1.00,1.12
2016.01.25 10:30:06.147,1.68908,1.68921,1.00,3.17
2016.01.25 10:30:06.351,1.68913,1.68926,1.00,1.87
2016.01.25 10:30:06.555,1.68913,1.68928,1.00,1.87
2016.01.25 10:30:07.065,1.68914,1.68929,1.00,3.17
2016.01.25 10:30:07.577,1.68915,1.68928,1.00,3.92
2016.01.25 10:30:07.680,1.68912,1.68928,1.00,3.92
2016.01.25 10:30:07.833,1.68912,1.68928,1.00,3.17
2016.01.25 10:30:08.558,1.68912,1.68927,1.00,2.42
2016.01.25 10:30:09.435,1.68911,1.68927,1.12,2.42
2016.01.25 10:30:09.982,1.68914,1.68927,1.00,2.42
2016.01.25 10:30:11.253,1.68914,1.68929,1.00,2.42
2016.01.25 10:30:11.558,1.68914,1.68929,1.50,2.68
2016.01.25 10:30:11.762,1.68909,1.68927,1.12,3.75
2016.01.25 10:30:11.864,1.68908,1.68927,2.62,3.75
2016.01.25 10:30:11.967,1.68911,1.68926,1.00,3.75
2016.01.25 10:30:12.068,1.68908,1.68926,1.50,3.75
2016.01.25 10:30:12.742,1.68909,1.68925,1.12,3.00
2016.01.25 10:30:13.100,1.68909,1.68923,1.12,3.00
2016.01.25 10:30:13.406,1.68902,1.68918,1.50,1.56
2016.01.25 10:30:15.159,1.68902,1.68918,3.00,1.56
2016.01.25 10:30:15.677,1.68902,1.6892,3.37,4.12
2016.01.25 10:30:16.003,1.68902,1.68919,1.87,3.37
2016.01.25 10:30:17.220,1.68902,1.68917,1.12,1.62
2016.01.25 10:30:17.476,1.689,1.68916,1.12,3.37
2016.01.25 10:30:17.933,1.68898,1.68916,1.87,4.50
2016.01.25 10:30:19.114,1.689,1.68914,1.00,1.62
2016.01.25 10:30:19.565,1.68898,1.68912,1.37,3.00
2016.01.25 10:30:19.904,1.68895,1.68909,1.00,3.00
2016.01.25 10:30:20.414,1.68895,1.68906,1.00,1.31
2016.01.25 10:30:21.278,1.68895,1.68907,1.00,1.00
2016.01.25 10:30:21.481,1.68895,1.6891,1.00,1.31
2016.01.25 10:30:22.896,1.68895,1.68911,1.00,2.06
2016.01.25 10:30:23.201,1.68895,1.68911,1.00,4.50
2016.01.25 10:30:23.518,1.68895,1.68909,1.00,3.00
2016.01.25 10:30:24.828,1.68895,1.6891,1.50,1.31
2016.01.25 10:30:25.345,1.68895,1.68911,1.50,3.75
2016.01.25 10:30:25.859,1.68895,1.68909,1.50,3.00
2016.01.25 10:30:26.518,1.68895,1.6891,1.50,3.75
2016.01.25 10:30:27.029,1.68895,1.68909,1.50,1.62
2016.01.25 10:30:27.963,1.68897,1.6891,1.00,1.12
2016.01.25 10:30:28.066,1.68898,1.68914,1.09,1.39
2016.01.25 10:30:28.270,1.68898,1.68915,3.52,1.31
2016.01.25 10:30:28.422,1.68901,1.68915,1.00,1.62
2016.01.25 10:30:28.932,1.68901,1.68916,1.00,1.37
2016.01.25 10:30:29.237,1.68898,1.68915,1.87,3.00
2016.01.25 10:30:29.390,1.68895,1.68911,2.25,3.37
2016.01.25 10:30:29.909,1.68895,1.6891,1.50,1.31
2016.01.25 10:30:31.189,1.68897,1.68908,1.00,1.06
2016.01.25 10:30:31.291,1.68897,1.68912,1.31,1.87
2016.01.25 10:30:31.393,1.68898,1.68915,1.31,2.25
2016.01.25 10:30:31.547,1.68899,1.68915,1.56,1.37
2016.01.25 10:30:32.667,1.68899,1.68917,1.31,2.67
2016.01.25 10:30:33.422,1.689,1.68917,1.00,1.07
2016.01.25 10:30:33.992,1.689,1.68918,1.00,4.74
2016.01.25 10:30:34.747,1.689,1.68917,1.00,3.24
2016.01.25 10:30:35.708,1.68903,1.68917,1.00,3.24
2016.01.25 10:30:35.963,1.68903,1.68918,1.00,1.55
2016.01.25 10:30:36.471,1.68904,1.68918,1.00,1.92
2016.01.25 10:30:37.365,1.68901,1.68917,1.31,1.06
2016.01.25 10:30:38.168,1.68901,1.68918,1.00,1.81
2016.01.25 10:30:38.696,1.68901,1.68917,1.00,1.08
2016.01.25 10:30:39.204,1.68901,1.68918,1.00,4.75
2016.01.25 10:30:39.734,1.68901,1.68917,1.00,1.08
2016.01.25 10:30:40.260,1.68901,1.68918,1.00,4.00
2016.01.25 10:30:41.175,1.68899,1.68915,3.37,1.12
2016.01.25 10:30:41.226,1.68897,1.68915,2.81,1.56
2016.01.25 10:30:41.432,1.689,1.68916,1.00,4.37
2016.01.25 10:30:43.976,1.68903,1.68916,1.00,4.00
2016.01.25 10:30:44.690,1.68901,1.68916,1.00,1.87
2016.01.25 10:30:44.894,1.68898,1.68912,1.00,1.00
2016.01.25 10:30:44.997,1.68894,1.68909,1.00,1.75
2016.01.25 10:30:45.357,1.68892,1.68906,1.00,3.62
2016.01.25 10:30:46.077,1.68892,1.68905,1.00,1.12
2016.01.25 10:30:46.448,1.68889,1.68904,1.50,1.12
2016.01.25 10:30:46.500,1.68889,1.68902,1.00,1.50
2016.01.25 10:30:46.805,1.68881,1.68896,1.00,3.00
2016.01.25 10:30:46.959,1.68881,1.68895,1.00,1.95
2016.01.25 10:30:47.471,1.68888,1.68898,1.00,1.57
2016.01.25 10:30:47.526,1.68889,1.68903,1.00,3.45
2016.01.25 10:30:47.882,1.68889,1.689,1.00,1.00
2016.01.25 10:30:48.034,1.68886,1.689,1.12,1.00
2016.01.25 10:30:48.187,1.6888,1.68894,1.87,1.50
2016.01.25 10:30:48.239,1.68878,1.68892,1.43,1.12
2016.01.25 10:30:48.290,1.68877,1.68892,1.55,1.00
2016.01.25 10:30:48.521,1.68875,1.6889,1.12,1.65
2016.01.25 10:30:49.081,1.68875,1.68888,1.00,1.65
2016.01.25 10:30:49.235,1.68871,1.68888,1.00,2.40
2016.01.25 10:30:49.286,1.6887,1.68885,2.25,1.65
2016.01.25 10:30:49.637,1.6887,1.68884,1.50,2.77
2016.01.25 10:30:49.893,1.68866,1.68881,1.00,1.00
2016.01.25 10:30:49.944,1.68863,1.68877,1.12,1.65
2016.01.25 10:30:50.148,1.68859,1.68873,1.00,2.02
2016.01.25 10:30:50.709,1.68859,1.68874,1.00,1.65
2016.01.25 10:30:50.819,1.68861,1.68875,1.00,2.40
2016.01.25 10:30:51.480,1.68863,1.68877,1.00,2.40
2016.01.25 10:30:51.896,1.6886,1.68874,1.37,1.00
2016.01.25 10:30:52.412,1.6886,1.68873,1.00,1.65
2016.01.25 10:30:53.017,1.68859,1.68874,1.00,2.77
2016.01.25 10:30:53.947,1.68867,1.68875,1.87,3.90
2016.01.25 10:30:54.142,1.68868,1.68879,1.07,1.12
2016.01.25 10:30:54.194,1.68869,1.68885,1.12,1.00
2016.01.25 10:30:54.348,1.68869,1.68881,1.00,1.00
2016.01.25 10:30:54.705,1.68869,1.68883,1.00,1.00
2016.01.25 10:30:55.260,1.68868,1.68883,1.82,1.00
2016.01.25 10:30:55.604,1.68875,1.68886,1.00,1.00
2016.01.25 10:30:56.118,1.68872,1.68887,1.00,2.77
2016.01.25 10:30:56.221,1.68872,1.68886,1.00,1.50
2016.01.25 10:30:56.727,1.68868,1.6888,1.00,1.12
2016.01.25 10:30:56.779,1.68866,1.6888,1.31,1.12
2016.01.25 10:30:57.120,1.68871,1.68879,1.00,1.00
2016.01.25 10:30:57.479,1.68878,1.68882,1.00,1.00
2016.01.25 10:30:57.530,1.68878,1.68889,1.00,1.87
2016.01.25 10:30:58.754,1.68876,1.68889,1.00,1.50
2016.01.25 10:30:59.117,1.68872,1.68885,1.00,1.37
2016.01.25 10:30:59.382,1.68868,1.68884,1.00,1.12
2016.01.25 10:30:59.433,1.68868,1.68884,1.00,4.27
2016.01.25 10:30:59.754,1.68873,1.68884,1.00,1.50
2016.01.25 10:30:59.806,1.68876,1.68887,1.00,1.87
2016.01.25 10:31:00.692,1.68876,1.68887,1.00,1.37
2016.01.25 10:31:00.979,1.6888,1.68887,1.00,1.37
2016.01.25 10:31:01.133,1.68885,1.68896,1.00,1.07
2016.01.25 10:31:01.235,1.68885,1.689,1.00,1.65
2016.01.25 10:31:01.796,1.68885,1.68901,1.00,2.25
2016.01.25 10:31:01.949,1.68888,1.689,1.00,4.50
2016.01.25 10:31:02.248,1.68885,1.689,1.00,1.62
2016.01.25 10:31:02.401,1.68884,1.68897,1.00,3.00
2016.01.25 10:31:02.554,1.68878,1.68895,3.67,1.12
2016.01.25 10:31:02.607,1.68878,1.6889,1.00,3.00
2016.01.25 10:31:03.116,1.68877,1.68888,1.00,1.62
2016.01.25 10:31:03.673,1.68876,1.68889,1.00,1.31
2016.01.25 10:31:04.131,1.68874,1.68888,1.00,1.62
2016.01.25 10:31:04.234,1.68872,1.68887,1.00,1.75
2016.01.25 10:31:04.540,1.68872,1.68883,1.00,1.62
2016.01.25 10:31:05.211,1.68869,1.68883,1.00,1.62
2016.01.25 10:31:05.719,1.68869,1.68883,1.00,3.75
2016.01.25 10:31:06.224,1.68868,1.6888,1.00,1.25
2016.01.25 10:31:06.581,1.68868,1.68883,1.00,2.06
2016.01.25 10:31:07.089,1.68868,1.68883,1.00,2.06
2016.01.25 10:31:07.295,1.6887,1.68883,1.00,1.25
2016.01.25 10:31:07.600,1.68873,1.68884,1.00,1.69
2016.01.25 10:31:07.754,1.68873,1.68887,1.00,1.25
2016.01.25 10:31:08.261,1.68874,1.68888,1.00,1.62
2016.01.25 10:31:08.770,1.68874,1.68888,1.00,2.06
2016.01.25 10:31:08.923,1.68874,1.68888,1.00,1.31
2016.01.25 10:31:09.126,1.68873,1.68887,1.00,3.00
2016.01.25 10:31:09.228,1.6887,1.68884,1.00,1.25
2016.01.25 10:31:09.421,1.6887,1.68882,1.00,1.25
2016.01.25 10:31:09.829,1.68867,1.68882,1.12,1.56
2016.01.25 10:31:10.235,1.68865,1.68881,1.00,1.69
2016.01.25 10:31:10.485,1.68865,1.68877,1.00,3.75
2016.01.25 10:31:10.536,1.68863,1.68877,1.00,3.75
2016.01.25 10:31:10.841,1.68861,1.68877,1.00,3.75
2016.01.25 10:31:11.661,1.68861,1.68874,1.00,3.00
2016.01.25 10:31:12.894,1.68861,1.68874,1.00,3.00
2016.01.25 10:31:14.379,1.68861,1.68875,1.00,3.09
2016.01.25 10:31:15.266,1.68861,1.68875,1.00,3.09
2016.01.25 10:31:15.718,1.68851,1.68865,1.00,4.50
2016.01.25 10:31:16.024,1.68847,1.68862,1.87,1.00
2016.01.25 10:31:16.126,1.68847,1.68865,1.42,1.37
2016.01.25 10:31:16.696,1.68849,1.68865,1.00,1.37
2016.01.25 10:31:17.562,1.68849,1.68866,1.00,1.62
2016.01.25 10:31:18.109,1.68849,1.68866,1.00,1.50
2016.01.25 10:31:19.886,1.68849,1.68865,1.00,3.37
2016.01.25 10:31:20.090,1.68847,1.68863,1.00,3.75
2016.01.25 10:31:20.247,1.68847,1.68863,1.00,1.31
2016.01.25 10:31:20.299,1.68844,1.68862,1.16,1.12
2016.01.25 10:31:20.351,1.68844,1.68859,1.12,1.12
2016.01.25 10:31:20.656,1.68846,1.68861,1.00,3.37
2016.01.25 10:31:20.860,1.68846,1.68861,1.00,1.31
2016.01.25 10:31:20.912,1.68848,1.68861,1.00,1.31
2016.01.25 10:31:21.364,1.68848,1.68863,1.00,2.06
2016.01.25 10:31:21.773,1.68844,1.68859,1.12,3.00
2016.01.25 10:31:22.078,1.68847,1.68864,1.00,3.45
2016.01.25 10:31:22.129,1.68847,1.68864,1.00,2.70
2016.01.25 10:31:22.669,1.68847,1.68863,1.00,4.12
2016.01.25 10:31:22.771,1.68846,1.68861,1.00,3.00
2016.01.25 10:31:22.874,1.68846,1.68862,1.00,3.00
2016.01.25 10:31:23.179,1.68848,1.68862,1.00,1.87
2016.01.25 10:31:23.543,1.68841,1.68857,1.50,3.37
2016.01.25 10:31:23.852,1.68844,1.68857,1.00,1.12
2016.01.25 10:31:23.954,1.68845,1.68859,1.05,1.50
2016.01.25 10:31:24.005,1.68847,1.68861,1.00,1.69
2016.01.25 10:31:24.310,1.68847,1.68863,1.00,1.69
2016.01.25 10:31:24.625,1.68845,1.68862,1.00,4.12
2016.01.25 10:31:24.983,1.68848,1.68862,1.00,1.60
2016.01.25 10:31:25.493,1.68848,1.68862,1.00,1.60
2016.01.25 10:31:25.855,1.68848,1.68864,1.00,1.67
2016.01.25 10:31:26.160,1.68851,1.68865,1.00,1.03
2016.01.25 10:31:26.949,1.68851,1.68867,1.00,3.28
2016.01.25 10:31:27.357,1.68851,1.68868,1.00,4.48
2016.01.25 10:31:29.314,1.68851,1.68866,1.00,1.53
2016.01.25 10:31:29.823,1.68851,1.68866,1.00,1.00
2016.01.25 10:31:29.925,1.68851,1.68863,1.00,1.03
2016.01.25 10:31:30.697,1.68852,1.68863,1.00,1.03
2016.01.25 10:31:30.749,1.6885,1.68863,1.00,1.03
2016.01.25 10:31:30.800,1.68853,1.68866,1.00,1.03
2016.01.25 10:31:30.902,1.68854,1.68868,1.00,1.03
2016.01.25 10:31:30.953,1.68856,1.68868,1.00,1.03
2016.01.25 10:31:31.005,1.68856,1.6887,1.00,1.03
2016.01.25 10:31:31.107,1.68853,1.68869,1.75,1.03
2016.01.25 10:31:31.412,1.68853,1.68869,1.50,1.03
2016.01.25 10:31:31.926,1.68853,1.68868,1.00,1.78
2016.01.25 10:31:31.977,1.68851,1.68864,1.50,1.03
2016.01.25 10:31:32.028,1.68851,1.68864,1.00,1.03
2016.01.25 10:31:32.131,1.68848,1.68864,1.50,1.03
2016.01.25 10:31:32.791,1.68848,1.68866,1.50,1.03
2016.01.25 10:31:32.842,1.68849,1.68867,1.37,1.78
2016.01.25 10:31:33.217,1.6885,1.68867,1.00,1.03
2016.01.25 10:31:33.725,1.68848,1.68867,1.50,4.78
2016.01.25 10:31:34.543,1.68847,1.68863,1.87,1.03
2016.01.25 10:31:34.595,1.68846,1.68863,1.50,1.03
2016.01.25 10:31:35.106,1.68845,1.68863,1.37,2.62
2016.01.25 10:31:35.317,1.68846,1.68863,2.25,2.62
2016.01.25 10:31:35.711,1.68846,1.68862,1.00,1.25
2016.01.25 10:31:36.231,1.68845,1.68862,1.12,1.00
2016.01.25 10:31:36.789,1.68848,1.68862,1.00,1.00
2016.01.25 10:31:37.332,1.68848,1.68863,1.00,1.25
2016.01.25 10:31:38.808,1.68847,1.68863,1.00,1.31
2016.01.25 10:31:38.859,1.68845,1.68859,1.00,1.00
2016.01.25 10:31:39.165,1.68838,1.68855,1.12,3.00
2016.01.25 10:31:40.023,1.68838,1.68855,1.12,1.75
2016.01.25 10:31:40.379,1.68838,1.68856,1.12,1.87
2016.01.25 10:31:40.482,1.68841,1.68856,1.00,4.12
2016.01.25 10:31:40.884,1.68841,1.68856,1.00,1.87
2016.01.25 10:31:41.394,1.68841,1.68856,1.00,1.87
2016.01.25 10:31:41.700,1.68842,1.68856,1.00,1.31
2016.01.25 10:31:42.012,1.68844,1.68858,1.00,1.12
2016.01.25 10:31:42.318,1.68844,1.68861,1.56,2.62
2016.01.25 10:31:42.675,1.68848,1.68862,1.00,1.37
2016.01.25 10:31:42.828,1.68848,1.68865,1.00,3.00
2016.01.25 10:31:43.654,1.68849,1.68865,1.00,4.89
2016.01.25 10:31:44.178,1.68849,1.68865,1.00,4.51
2016.01.25 10:31:44.398,1.68842,1.68858,1.00,1.37
2016.01.25 10:31:45.008,1.68846,1.68859,1.00,4.14
2016.01.25 10:31:45.360,1.68849,1.68859,1.00,1.00
2016.01.25 10:31:45.462,1.68847,1.68859,1.00,1.00
2016.01.25 10:31:45.615,1.68851,1.68859,1.00,1.00
2016.01.25 10:31:45.768,1.68848,1.68859,1.12,1.00
2016.01.25 10:31:45.973,1.68851,1.68859,1.00,1.00
2016.01.25 10:31:46.387,1.68851,1.68865,1.00,1.00
2016.01.25 10:31:46.438,1.68851,1.68868,1.00,3.01
2016.01.25 10:31:46.946,1.68852,1.68867,1.00,2.26
2016.01.25 10:31:47.683,1.68852,1.68869,1.31,2.64
2016.01.25 10:31:47.735,1.68854,1.68869,1.00,2.64
2016.01.25 10:31:48.040,1.68855,1.6887,1.00,3.76
2016.01.25 10:31:48.092,1.6886,1.6887,1.00,3.01
2016.01.25 10:31:48.297,1.68867,1.6888,1.00,3.01
2016.01.25 10:31:48.400,1.68867,1.68881,1.00,1.87
2016.01.25 10:31:48.658,1.68861,1.68877,3.75,1.00
2016.01.25 10:31:48.914,1.68854,1.68871,1.31,1.12
2016.01.25 10:31:48.966,1.68851,1.68865,1.56,1.00
2016.01.25 10:31:49.068,1.68849,1.68864,1.00,2.26
2016.01.25 10:31:49.599,1.68849,1.68863,1.00,1.00
2016.01.25 10:31:50.740,1.68849,1.68864,1.00,3.39
2016.01.25 10:31:50.791,1.68851,1.68864,1.00,2.64
2016.01.25 10:31:51.302,1.68846,1.68864,1.31,4.51
2016.01.25 10:31:51.354,1.68845,1.68861,1.12,2.26
2016.01.25 10:31:51.698,1.68844,1.68857,1.00,1.00
2016.01.25 10:31:52.208,1.68843,1.68857,1.00,1.00
2016.01.25 10:31:52.718,1.68842,1.68856,1.00,1.15
2016.01.25 10:31:54.022,1.68845,1.68858,1.00,1.41
2016.01.25 10:31:54.538,1.68845,1.6886,1.00,4.34
2016.01.25 10:31:55.073,1.68845,1.6886,1.00,3.96
2016.01.25 10:31:55.834,1.68847,1.6886,1.00,3.96
2016.01.25 10:31:56.039,1.68847,1.68863,1.00,1.53
2016.01.25 10:31:56.582,1.68846,1.68863,1.12,1.53
2016.01.25 10:31:57.501,1.68846,1.68863,1.12,3.96
2016.01.25 10:31:58.021,1.68846,1.68862,1.00,3.21
2016.01.25 10:31:58.528,1.68844,1.68859,1.00,1.03
2016.01.25 10:31:58.738,1.68841,1.68859,1.50,3.59
2016.01.25 10:31:58.842,1.68841,1.68855,1.50,2.84
2016.01.25 10:31:59.148,1.68841,1.68851,1.00,2.84
2016.01.25 10:31:59.600,1.68838,1.6885,1.00,3.59
2016.01.25 10:31:59.702,1.68835,1.6885,1.00,3.59
2016.01.25 10:32:00.692,1.68838,1.68853,1.00,1.53
2016.01.25 10:32:01.161,1.68837,1.68853,1.00,4.71
2016.01.25 10:32:01.468,1.68835,1.68848,1.00,2.84
2016.01.25 10:32:01.572,1.68832,1.68848,1.12,3.59
2016.01.25 10:32:01.623,1.68836,1.68848,1.00,2.84
2016.01.25 10:32:01.828,1.68837,1.68852,1.12,1.37
2016.01.25 10:32:01.931,1.68839,1.68852,1.00,1.00
2016.01.25 10:32:02.084,1.68839,1.68855,1.00,4.34
2016.01.25 10:32:02.441,1.68841,1.68855,1.00,1.69
2016.01.25 10:32:04.386,1.68839,1.68852,1.12,1.81
2016.01.25 10:32:05.675,1.68839,1.6885,1.00,1.81
2016.01.25 10:32:06.179,1.68838,1.6885,1.00,1.81
2016.01.25 10:32:10.615,1.68838,1.68851,1.00,1.81
2016.01.25 10:32:10.922,1.68841,1.68851,1.00,1.81
2016.01.25 10:32:11.949,1.68841,1.68852,1.00,1.81
2016.01.25 10:32:12.458,1.68841,1.68851,1.00,1.81
2016.01.25 10:32:12.969,1.68841,1.68852,1.00,1.81
2016.01.25 10:32:14.341,1.68846,1.68857,1.00,1.81
2016.01.25 10:32:14.647,1.68853,1.68862,1.00,1.81
2016.01.25 10:32:15.466,1.68853,1.68863,1.00,1.81
2016.01.25 10:32:15.775,1.68853,1.68862,1.00,1.81
2016.01.25 10:32:15.826,1.68853,1.68863,1.00,1.81
2016.01.25 10:32:16.334,1.68853,1.68863,1.00,1.81
2016.01.25 10:32:16.853,1.68854,1.68864,1.00,1.81
2016.01.25 10:32:16.904,1.68859,1.68864,1.00,1.81
2016.01.25 10:32:16.955,1.6886,1.68869,1.00,1.81
2016.01.25 10:32:17.008,1.68863,1.68869,1.00,1.81
2016.01.25 10:32:17.060,1.68864,1.6887,1.00,1.81
2016.01.25 10:32:17.112,1.68866,1.6887,1.00,1.50
2016.01.25 10:32:17.164,1.68866,1.68875,1.00,1.81
2016.01.25 10:32:17.267,1.68867,1.68879,1.00,1.81
2016.01.25 10:32:17.318,1.68869,1.68879,1.00,1.81
2016.01.25 10:32:17.370,1.68869,1.68881,1.00,1.81
2016.01.25 10:32:18.060,1.68868,1.68879,1.00,1.12
2016.01.25 10:32:18.568,1.68868,1.68879,1.00,1.12
2016.01.25 10:32:19.390,1.68868,1.68877,1.00,1.12
2016.01.25 10:32:19.967,1.68868,1.68879,1.00,1.12
2016.01.25 10:32:20.018,1.68865,1.68879,1.50,1.12
2016.01.25 10:32:20.528,1.68865,1.68879,1.12,1.12
2016.01.25 10:32:21.159,1.68864,1.68877,1.50,1.12
2016.01.25 10:32:21.465,1.68866,1.68879,1.12,1.12
2016.01.25 10:32:21.770,1.68868,1.6888,1.00,1.12
2016.01.25 10:32:26.566,1.68869,1.6888,1.00,1.12
2016.01.25 10:32:26.618,1.68869,1.68883,1.00,1.81
2016.01.25 10:32:26.669,1.68872,1.68883,1.00,1.12
2016.01.25 10:32:26.720,1.68872,1.68886,1.00,1.12
2016.01.25 10:32:27.228,1.6887,1.68886,1.37,1.12
2016.01.25 10:32:27.924,1.68871,1.68884,1.00,1.12
2016.01.25 10:32:31.438,1.68873,1.68884,1.00,1.12
2016.01.25 10:32:31.540,1.68871,1.68884,1.12,1.12
2016.01.25 10:32:31.592,1.68871,1.68886,1.12,1.12
2016.01.25 10:32:31.797,1.68873,1.68886,1.00,1.12
2016.01.25 10:32:31.951,1.68871,1.68885,1.00,1.12
2016.01.25 10:32:32.148,1.6887,1.68883,1.12,1.12
2016.01.25 10:32:32.455,1.68869,1.68882,2.32,1.12
2016.01.25 10:32:32.914,1.68867,1.68881,2.25,1.12
2016.01.25 10:32:33.118,1.68864,1.68875,2.25,1.12
2016.01.25 10:32:33.626,1.68863,1.68875,1.75,1.12
2016.01.25 10:32:33.779,1.68864,1.68879,1.50,1.81
2016.01.25 10:32:33.882,1.68867,1.6888,1.00,1.87
2016.01.25 10:32:34.226,1.6887,1.68881,1.00,1.12
2016.01.25 10:32:34.429,1.68868,1.68882,1.12,1.12
2016.01.25 10:32:36.980,1.68867,1.68882,1.00,1.12
2016.01.25 10:32:37.488,1.68866,1.68882,3.00,1.12
2016.01.25 10:32:37.990,1.68867,1.68882,1.00,1.12
2016.01.25 10:32:38.519,1.68866,1.68882,2.62,1.12
2016.01.25 10:32:39.028,1.68868,1.68882,1.12,1.12
2016.01.25 10:32:39.282,1.68865,1.6888,1.57,1.12
2016.01.25 10:32:39.630,1.68861,1.68875,1.87,1.12
2016.01.25 10:32:43.229,1.68864,1.68875,1.00,1.12
2016.01.25 10:32:43.758,1.68861,1.68875,1.87,1.12
2016.01.25 10:32:44.562,1.68864,1.68876,1.00,1.12
2016.01.25 10:32:45.097,1.68864,1.68878,1.00,1.12
2016.01.25 10:32:45.265,1.68865,1.6888,1.20,1.12
2016.01.25 10:32:45.571,1.68866,1.68882,2.32,1.87
2016.01.25 10:32:45.877,1.68866,1.68881,2.32,1.81
2016.01.25 10:32:46.334,1.68866,1.68882,2.32,1.87
2016.01.25 10:32:47.514,1.68866,1.68882,1.85,1.87
2016.01.25 10:32:48.234,1.68867,1.68882,1.00,1.87
2016.01.25 10:32:48.742,1.68866,1.68881,2.32,1.81
2016.01.25 10:32:48.844,1.68863,1.68879,3.75,1.81
2016.01.25 10:32:48.896,1.68863,1.68879,1.87,1.87
2016.01.25 10:32:48.947,1.68864,1.68876,1.47,1.81
2016.01.25 10:32:49.100,1.68863,1.68875,1.00,1.81
2016.01.25 10:32:49.634,1.68862,1.68875,1.75,1.81
2016.01.25 10:32:50.144,1.6886,1.68873,1.50,1.56
2016.01.25 10:32:50.932,1.6886,1.68871,1.75,1.00
2016.01.25 10:32:51.614,1.6886,1.68872,1.75,2.25
2016.01.25 10:32:51.817,1.68861,1.68872,1.00,1.31
2016.01.25 10:32:51.919,1.68861,1.68872,1.00,2.25
2016.01.25 10:32:52.710,1.68858,1.68872,1.75,1.00
2016.01.25 10:32:52.813,1.68858,1.68874,2.06,1.00
2016.01.25 10:32:52.916,1.6886,1.68876,2.06,1.12
2016.01.25 10:32:52.967,1.6886,1.68875,2.44,1.00
2016.01.25 10:32:55.829,1.6886,1.68874,1.85,1.00
2016.01.25 10:32:56.173,1.68857,1.68873,1.85,1.37
2016.01.25 10:32:59.223,1.68854,1.68872,2.06,1.12
2016.01.25 10:33:00.335,1.68853,1.6887,3.00,1.00
2016.01.25 10:33:00.911,1.68854,1.68871,1.75,1.00
2016.01.25 10:33:01.701,1.68857,1.68873,1.75,1.00
2016.01.25 10:33:02.226,1.68857,1.68868,1.75,1.00
2016.01.25 10:33:02.431,1.68843,1.68859,1.37,1.50
2016.01.25 10:33:02.533,1.6884,1.68852,1.37,1.00
2016.01.25 10:33:02.585,1.68838,1.68854,2.25,1.00
2016.01.25 10:33:02.801,1.68837,1.68854,2.25,1.37
2016.01.25 10:33:03.260,1.68839,1.68856,1.00,1.87
2016.01.25 10:33:03.362,1.6884,1.68858,1.12,2.37
2016.01.25 10:33:03.413,1.6884,1.68856,1.00,1.00
2016.01.25 10:33:03.942,1.6884,1.68856,1.00,1.55
2016.01.25 10:33:04.247,1.68837,1.68848,1.37,1.24
2016.01.25 10:33:04.298,1.68833,1.68845,2.25,1.00
2016.01.25 10:33:04.400,1.68831,1.68845,1.57,1.55
2016.01.25 10:33:04.452,1.68831,1.68841,1.57,1.05
2016.01.25 10:33:04.606,1.68824,1.68841,3.07,1.55
2016.01.25 10:33:05.113,1.68824,1.68839,1.47,1.00
2016.01.25 10:33:05.165,1.68823,1.68839,1.57,1.00
2016.01.25 10:33:05.494,1.68822,1.68839,1.50,1.05
2016.01.25 10:33:05.943,1.68822,1.68839,1.00,1.49
2016.01.25 10:33:06.249,1.68815,1.68831,1.57,1.49
2016.01.25 10:33:06.351,1.6882,1.68834,1.00,1.15
2016.01.25 10:33:06.403,1.68822,1.68834,1.00,1.15
2016.01.25 10:33:06.505,1.68822,1.68838,1.12,1.24
2016.01.25 10:33:06.557,1.68824,1.68838,1.00,1.15
2016.01.25 10:33:07.019,1.68826,1.68842,1.00,2.74
2016.01.25 10:33:07.071,1.6883,1.68848,1.12,3.64
2016.01.25 10:33:07.122,1.6883,1.68849,1.12,3.87
2016.01.25 10:33:07.224,1.68831,1.68844,1.00,1.37
2016.01.25 10:33:07.479,1.6882,1.68837,1.47,1.49
2016.01.25 10:33:07.531,1.68819,1.68836,1.57,2.74
2016.01.25 10:33:07.583,1.68818,1.68836,1.50,2.74
2016.01.25 10:33:07.787,1.68818,1.68837,1.00,2.82
2016.01.25 10:33:08.154,1.68823,1.68838,1.00,3.87
2016.01.25 10:33:08.205,1.68824,1.68841,1.00,1.24
2016.01.25 10:33:08.256,1.68827,1.6884,1.00,1.24
2016.01.25 10:33:08.461,1.68831,1.68844,1.00,1.05
2016.01.25 10:33:08.565,1.68829,1.68846,1.61,1.05
2016.01.25 10:33:09.074,1.68829,1.68846,1.24,1.53
2016.01.25 10:33:11.150,1.68831,1.68846,1.00,1.53
2016.01.25 10:33:11.456,1.6883,1.68844,1.00,2.74
2016.01.25 10:33:11.507,1.68826,1.68844,1.37,2.74
2016.01.25 10:33:12.038,1.68826,1.68843,1.00,3.12
2016.01.25 10:33:12.395,1.68829,1.68842,1.00,1.24
2016.01.25 10:33:12.955,1.6883,1.68845,1.00,1.75
2016.01.25 10:33:13.057,1.68831,1.68844,1.00,1.00
2016.01.25 10:33:13.264,1.68834,1.68844,1.00,1.00
2016.01.25 10:33:13.366,1.68834,1.68847,1.00,1.00
2016.01.25 10:33:13.827,1.68836,1.68848,1.00,1.00
2016.01.25 10:33:13.929,1.68837,1.68852,1.00,1.37
2016.01.25 10:33:14.127,1.68838,1.68854,1.00,1.50
2016.01.25 10:33:14.179,1.68842,1.68854,1.00,1.50
2016.01.25 10:33:14.383,1.68843,1.68856,1.00,1.00
2016.01.25 10:33:14.691,1.68843,1.68858,1.00,1.00
2016.01.25 10:33:14.743,1.68845,1.68858,1.00,1.00
2016.01.25 10:33:15.051,1.68842,1.68855,1.00,1.00
2016.01.25 10:33:15.357,1.68842,1.68856,1.00,1.12
2016.01.25 10:33:15.459,1.6884,1.68856,1.00,1.75
2016.01.25 10:33:16.657,1.6884,1.68852,1.00,1.00
2016.01.25 10:33:17.685,1.68842,1.68855,1.00,1.12
2016.01.25 10:33:17.736,1.68843,1.68855,1.00,1.12
2016.01.25 10:33:17.787,1.68845,1.68857,1.00,1.50
2016.01.25 10:33:17.889,1.68845,1.68859,1.00,1.37
2016.01.25 10:33:17.941,1.68848,1.68859,1.00,1.37
2016.01.25 10:33:18.095,1.68854,1.68866,1.00,1.20
2016.01.25 10:33:18.552,1.68855,1.68868,1.00,1.00
2016.01.25 10:33:19.084,1.68855,1.68869,1.00,3.00
2016.01.25 10:33:19.624,1.68854,1.68869,1.00,3.37
2016.01.25 10:33:20.136,1.68853,1.68869,1.00,3.37
2016.01.25 10:33:20.445,1.68848,1.68861,1.00,1.00
2016.01.25 10:33:20.650,1.68848,1.68863,1.00,4.12
2016.01.25 10:33:21.362,1.68848,1.68862,1.00,3.00
2016.01.25 10:33:21.731,1.68845,1.68862,1.50,3.00
2016.01.25 10:33:22.553,1.68845,1.68859,1.37,1.00
2016.01.25 10:33:22.604,1.68848,1.68859,1.00,1.00
2016.01.25 10:33:23.486,1.68848,1.6886,1.00,1.00
2016.01.25 10:33:25.714,1.68848,1.68863,1.00,1.12
2016.01.25 10:33:26.018,1.68847,1.68863,1.00,3.37
2016.01.25 10:33:27.655,1.68847,1.68862,1.00,3.00
2016.01.25 10:33:28.063,1.68845,1.68862,1.00,3.75
2016.01.25 10:33:28.385,1.68844,1.68858,1.00,3.37
2016.01.25 10:33:29.214,1.68844,1.68858,1.00,1.12
2016.01.25 10:33:29.904,1.68841,1.68858,1.50,1.12
2016.01.25 10:33:30.736,1.68843,1.68857,1.12,1.00
2016.01.25 10:33:31.393,1.68843,1.68858,1.12,1.12
2016.01.25 10:33:32.062,1.68843,1.68855,1.12,1.00
2016.01.25 10:33:32.584,1.68843,1.68858,1.12,1.12
2016.01.25 10:33:33.094,1.68843,1.68857,1.12,1.00
2016.01.25 10:33:33.298,1.68843,1.68858,1.12,1.12
2016.01.25 10:33:33.955,1.68843,1.68857,1.12,1.75
2016.01.25 10:33:34.696,1.68843,1.68855,1.12,1.00
2016.01.25 10:33:35.416,1.68842,1.68855,1.00,1.00
2016.01.25 10:33:35.925,1.68841,1.68854,1.83,1.00
2016.01.25 10:33:36.470,1.6884,1.68857,2.96,3.94
2016.01.25 10:33:36.623,1.68841,1.68856,1.00,1.00
2016.01.25 10:33:38.473,1.68839,1.68856,1.37,1.00
2016.01.25 10:33:38.667,1.68839,1.68856,1.37,1.12
2016.01.25 10:33:39.378,1.68838,1.68855,1.83,1.37
2016.01.25 10:33:39.886,1.68838,1.68855,1.83,1.69
2016.01.25 10:33:40.525,1.68837,1.68855,1.65,1.37
2016.01.25 10:33:40.831,1.68837,1.68853,1.12,2.00
2016.01.25 10:33:41.272,1.68841,1.68855,1.83,1.20
2016.01.25 10:33:41.375,1.68841,1.68856,2.21,1.95
2016.01.25 10:33:41.426,1.68841,1.68856,2.21,1.95
2016.01.25 10:33:41.976,1.6884,1.68856,2.21,1.95
2016.01.25 10:33:42.541,1.6884,1.68856,1.83,1.95
2016.01.25 10:33:43.285,1.68839,1.68856,1.27,2.14
2016.01.25 10:33:44.092,1.68839,1.68856,2.96,1.85
2016.01.25 10:33:45.961,1.6884,1.68857,3.00,2.32
2016.01.25 10:33:46.114,1.68842,1.68857,1.31,1.37
2016.01.25 10:33:46.165,1.68842,1.68857,3.37,1.37
2016.01.25 10:33:46.521,1.68844,1.68858,1.31,1.00
2016.01.25 10:33:46.773,1.68844,1.6886,1.69,2.25
2016.01.25 10:33:46.875,1.68844,1.6886,1.31,2.25
2016.01.25 10:33:47.028,1.68844,1.68859,1.31,1.75
2016.01.25 10:33:47.563,1.68842,1.68859,3.37,2.25
2016.01.25 10:33:48.481,1.68839,1.68857,1.00,1.50
2016.01.25 10:33:48.532,1.68841,1.68859,1.00,3.00
2016.01.25 10:33:48.839,1.68847,1.68862,1.34,1.20
2016.01.25 10:33:49.245,1.68845,1.68862,1.09,3.75
2016.01.25 10:33:49.297,1.68845,1.68861,1.09,1.37
2016.01.25 10:33:51.356,1.68845,1.68859,1.09,1.37
2016.01.25 10:33:53.454,1.68846,1.68859,1.00,1.37
2016.01.25 10:33:53.760,1.68852,1.68859,1.00,1.00
2016.01.25 10:33:54.169,1.68854,1.6886,1.34,1.00
2016.01.25 10:33:54.220,1.68854,1.68865,1.34,1.12
2016.01.25 10:33:54.272,1.68854,1.68867,1.34,1.12
2016.01.25 10:33:54.488,1.68854,1.68871,1.46,1.50
2016.01.25 10:33:54.947,1.68855,1.68871,2.77,1.50
2016.01.25 10:33:55.302,1.68855,1.68871,1.09,1.50
2016.01.25 10:33:55.855,1.68856,1.68871,1.00,1.50
2016.01.25 10:33:56.363,1.68856,1.68873,1.34,4.57
2016.01.25 10:33:56.915,1.68854,1.68871,1.12,1.50
2016.01.25 10:33:57.180,1.68849,1.68865,2.77,1.00
2016.01.25 10:33:57.690,1.68849,1.68865,2.77,1.37
2016.01.25 10:33:58.284,1.68847,1.68865,3.15,1.37
2016.01.25 10:33:58.693,1.68849,1.68866,1.34,2.32
2016.01.25 10:33:59.199,1.68849,1.68866,1.34,1.95
2016.01.25 10:34:01.505,1.68848,1.68864,2.40,1.00
2016.01.25 10:34:02.012,1.68849,1.68864,2.02,1.00
2016.01.25 10:34:02.527,1.68852,1.68866,2.02,1.47
2016.01.25 10:34:02.734,1.68852,1.6887,3.15,1.50
2016.01.25 10:34:02.786,1.68856,1.68871,2.02,3.75
2016.01.25 10:34:03.294,1.68856,1.68871,2.02,1.75
2016.01.25 10:34:03.701,1.68856,1.68871,2.40,1.00
2016.01.25 10:34:05.092,1.68857,1.68872,1.65,1.50
2016.01.25 10:34:05.601,1.68857,1.68872,1.65,1.00
2016.01.25 10:34:07.422,1.68855,1.68872,1.68,1.00
2016.01.25 10:34:07.932,1.68856,1.68871,1.12,1.00
2016.01.25 10:34:09.359,1.6886,1.68871,1.00,1.00
2016.01.25 10:34:09.692,1.68873,1.68878,1.37,1.00
2016.01.25 10:34:09.998,1.68875,1.68883,2.25,1.00
2016.01.25 10:34:10.457,1.68876,1.68886,1.81,1.00
2016.01.25 10:34:10.559,1.68876,1.68891,1.81,1.12
2016.01.25 10:34:10.662,1.68875,1.68891,2.25,1.00
2016.01.25 10:34:11.223,1.68875,1.68892,2.25,2.62
2016.01.25 10:34:11.732,1.68874,1.68892,2.25,4.37
2016.01.25 10:34:11.783,1.68874,1.68891,1.00,4.87
2016.01.25 10:34:11.835,1.68872,1.68891,1.12,6.00
2016.01.25 10:34:11.938,1.68871,1.68885,1.81,1.00
2016.01.25 10:34:12.174,1.68862,1.68878,1.00,1.87
2016.01.25 10:34:12.888,1.68863,1.68878,1.00,2.88
2016.01.25 10:34:16.431,1.68858,1.68872,1.12,1.37
2016.01.25 10:34:16.533,1.68853,1.68869,1.39,1.87
2016.01.25 10:34:16.737,1.68853,1.68867,1.00,1.37
2016.01.25 10:34:16.941,1.6885,1.68867,1.31,1.37
2016.01.25 10:34:17.491,1.68851,1.68867,1.00,1.37
2016.01.25 10:34:18.000,1.68851,1.68867,1.56,1.37
2016.01.25 10:34:18.153,1.68854,1.68868,1.00,2.06
2016.01.25 10:34:18.603,1.68852,1.68868,1.31,2.06
2016.01.25 10:34:18.654,1.68854,1.68868,1.00,2.06
2016.01.25 10:34:19.314,1.68855,1.68869,1.00,1.75
2016.01.25 10:34:19.467,1.68856,1.68872,1.31,1.47
2016.01.25 10:34:19.518,1.68856,1.68874,1.31,2.96
2016.01.25 10:34:19.620,1.68858,1.68874,1.87,1.57
2016.01.25 10:34:20.574,1.68858,1.68874,1.31,2.81
2016.01.25 10:34:21.630,1.68856,1.68873,1.87,1.37
2016.01.25 10:34:21.935,1.68859,1.68874,1.00,2.62
2016.01.25 10:34:24.379,1.68857,1.68874,1.56,1.50
2016.01.25 10:34:24.888,1.68857,1.68873,1.31,1.31
2016.01.25 10:34:25.405,1.68858,1.68874,1.00,2.25
2016.01.25 10:34:25.560,1.68858,1.68874,1.56,1.87
2016.01.25 10:34:26.734,1.68858,1.68874,1.31,2.06
2016.01.25 10:34:27.243,1.68859,1.68876,1.00,4.31
2016.01.25 10:34:27.548,1.68858,1.68875,1.31,1.37
2016.01.25 10:34:27.912,1.68858,1.68873,1.00,1.62
2016.01.25 10:34:28.065,1.68856,1.68872,1.31,1.62
2016.01.25 10:34:28.370,1.68856,1.68872,1.31,1.31
2016.01.25 10:34:29.257,1.68851,1.68868,1.31,3.37
2016.01.25 10:34:29.412,1.68851,1.68867,1.31,1.31
2016.01.25 10:34:30.022,1.68852,1.68869,1.31,1.87
2016.01.25 10:34:30.378,1.68852,1.68869,1.56,2.06
2016.01.25 10:34:30.889,1.68852,1.68869,1.00,2.06
2016.01.25 10:34:33.455,1.6885,1.68868,1.56,3.00
2016.01.25 10:34:33.761,1.6885,1.68866,1.31,1.62
2016.01.25 10:34:34.269,1.68849,1.68867,1.87,2.06
2016.01.25 10:34:34.862,1.68849,1.68867,1.31,2.06
2016.01.25 10:34:35.375,1.68848,1.68865,1.31,2.44
2016.01.25 10:34:37.330,1.68851,1.68867,1.00,2.25
2016.01.25 10:34:37.864,1.68852,1.68867,1.00,1.12
2016.01.25 10:34:37.966,1.6885,1.68867,1.00,1.12
2016.01.25 10:34:38.220,1.6885,1.68867,1.00,1.00
2016.01.25 10:34:38.768,1.6885,1.68867,1.31,1.31
2016.01.25 10:34:41.079,1.68851,1.68867,1.00,1.31
2016.01.25 10:34:41.284,1.68853,1.68869,1.00,1.50
2016.01.25 10:34:41.540,1.68854,1.68871,1.56,2.81
2016.01.25 10:34:41.807,1.68858,1.68874,1.56,1.00
2016.01.25 10:34:42.011,1.68856,1.68873,1.81,1.31
2016.01.25 10:34:42.522,1.68854,1.68871,1.81,1.50
2016.01.25 10:34:42.834,1.68854,1.68869,1.00,1.31
2016.01.25 10:34:42.987,1.68854,1.68871,1.56,2.44
2016.01.25 10:34:43.496,1.68855,1.68871,1.31,1.69
2016.01.25 10:34:44.492,1.68855,1.68872,1.00,3.37
2016.01.25 10:34:45.210,1.68855,1.68871,1.00,1.25
2016.01.25 10:34:45.261,1.68852,1.68871,1.69,1.31
2016.01.25 10:34:45.312,1.6885,1.68869,1.87,3.37
2016.01.25 10:34:45.811,1.6885,1.68867,1.81,1.31
2016.01.25 10:34:46.544,1.6885,1.68868,1.31,1.31
2016.01.25 10:34:47.390,1.68853,1.68866,1.00,1.69
2016.01.25 10:34:47.543,1.68852,1.68867,1.31,1.12
2016.01.25 10:34:47.595,1.68855,1.68867,1.00,1.00
2016.01.25 10:34:47.916,1.6886,1.68867,1.00,1.00
2016.01.25 10:34:48.428,1.6886,1.68867,1.56,1.00
2016.01.25 10:34:48.633,1.68862,1.68877,1.00,1.37
2016.01.25 10:34:48.735,1.6886,1.68875,1.31,1.00
2016.01.25 10:34:48.941,1.68859,1.68875,1.31,1.31
2016.01.25 10:34:49.451,1.68858,1.68874,1.31,2.06
2016.01.25 10:34:50.105,1.68858,1.68874,1.31,1.31
2016.01.25 10:34:50.617,1.68858,1.68874,1.31,1.62
2016.01.25 10:34:51.343,1.68858,1.68873,1.00,1.69
2016.01.25 10:34:51.698,1.68856,1.68872,1.31,1.25
2016.01.25 10:34:52.004,1.68855,1.68872,1.31,3.19
2016.01.25 10:34:53.138,1.68855,1.68872,1.56,3.19
2016.01.25 10:34:53.443,1.68858,1.68872,1.00,1.00
2016.01.25 10:34:53.756,1.68858,1.68874,1.81,1.00
2016.01.25 10:34:54.113,1.68862,1.68876,1.00,1.37
2016.01.25 10:34:54.316,1.68861,1.68879,1.31,2.06
2016.01.25 10:34:54.367,1.68863,1.68879,1.00,1.75
2016.01.25 10:34:54.419,1.68861,1.68878,1.00,1.00
2016.01.25 10:34:54.521,1.68861,1.68878,1.31,1.31
2016.01.25 10:34:57.759,1.68861,1.68876,1.00,1.62
2016.01.25 10:34:59.158,1.68861,1.68877,1.00,1.31
2016.01.25 10:34:59.466,1.68863,1.68878,1.00,3.37
2016.01.25 10:34:59.619,1.68864,1.68879,1.00,1.25
2016.01.25 10:35:00.139,1.68864,1.6888,1.00,4.12
2016.01.25 10:35:00.652,1.68864,1.68877,1.00,1.31
2016.01.25 10:35:01.457,1.68864,1.68877,1.00,1.62
2016.01.25 10:35:01.968,1.68864,1.68879,1.00,1.31
2016.01.25 10:35:03.619,1.68867,1.68879,1.00,1.31
2016.01.25 10:35:03.772,1.68869,1.68884,1.31,1.75
2016.01.25 10:35:03.823,1.68872,1.68884,1.00,1.75
2016.01.25 10:35:03.874,1.68872,1.68885,1.00,1.31
2016.01.25 10:35:04.097,1.68873,1.68887,1.31,1.00
2016.01.25 10:35:04.604,1.68873,1.68887,1.56,1.00
2016.01.25 10:35:05.367,1.68874,1.6889,1.31,1.00
2016.01.25 10:35:05.674,1.68878,1.68892,1.00,1.31
2016.01.25 10:35:05.776,1.6888,1.68893,1.00,1.12
2016.01.25 10:35:05.878,1.6888,1.68895,1.00,1.12
2016.01.25 10:35:06.340,1.68882,1.68895,1.00,1.12
2016.01.25 10:35:06.597,1.68894,1.6891,1.31,2.81
2016.01.25 10:35:06.801,1.68894,1.6891,1.31,1.00
2016.01.25 10:35:07.348,1.68893,1.68911,1.56,1.12
2016.01.25 10:35:07.968,1.68893,1.68911,1.81,1.69
2016.01.25 10:35:08.644,1.68891,1.6891,3.49,1.12
2016.01.25 10:35:08.696,1.68891,1.68911,3.49,2.44
2016.01.25 10:35:09.204,1.68891,1.68911,3.49,1.87
2016.01.25 10:35:09.308,1.68891,1.68905,2.74,1.00
2016.01.25 10:35:09.614,1.68897,1.68909,2.74,1.00
2016.01.25 10:35:09.868,1.68896,1.68909,2.74,1.00
2016.01.25 10:35:10.072,1.68896,1.68905,2.74,1.00
2016.01.25 10:35:10.123,1.68892,1.68902,3.87,1.00
2016.01.25 10:35:10.226,1.68891,1.68901,1.00,1.00
2016.01.25 10:35:10.328,1.68889,1.68901,1.00,1.00
2016.01.25 10:35:10.379,1.68889,1.68894,1.00,1.00
2016.01.25 10:35:10.685,1.68872,1.68885,1.43,1.00
2016.01.25 10:35:10.787,1.68871,1.68885,1.00,1.00
2016.01.25 10:35:10.838,1.68871,1.68882,1.00,1.00
2016.01.25 10:35:11.041,1.68864,1.6888,3.87,1.00
2016.01.25 10:35:11.145,1.68864,1.68878,3.12,1.00
2016.01.25 10:35:11.654,1.68863,1.68878,3.49,1.00
2016.01.25 10:35:12.170,1.68863,1.68878,3.87,1.00
2016.01.25 10:35:12.476,1.68863,1.68876,1.68,1.00
2016.01.25 10:35:12.782,1.6886,1.6887,1.04,1.00
2016.01.25 10:35:13.145,1.68852,1.68866,4.23,1.00
2016.01.25 10:35:13.299,1.68851,1.68862,3.10,1.00
2016.01.25 10:35:13.505,1.68845,1.68859,5.35,1.00
2016.01.25 10:35:13.556,1.68845,1.68857,5.35,1.00
2016.01.25 10:35:13.607,1.68843,1.68857,4.23,1.00
2016.01.25 10:35:13.862,1.68842,1.68856,1.42,1.00
2016.01.25 10:35:13.964,1.68842,1.68856,3.85,1.00
2016.01.25 10:35:14.279,1.68846,1.68856,1.37,1.00
2016.01.25 10:35:14.334,1.68847,1.68866,3.85,1.69
2016.01.25 10:35:14.386,1.68849,1.68866,2.73,1.31
2016.01.25 10:35:14.692,1.68845,1.68863,3.48,1.31
2016.01.25 10:35:15.203,1.68845,1.68863,3.10,1.69
2016.01.25 10:35:15.699,1.68853,1.68869,2.73,3.45
2016.01.25 10:35:15.751,1.68853,1.68867,2.73,1.00
2016.01.25 10:35:15.853,1.68854,1.68869,3.10,1.00
2016.01.25 10:35:16.363,1.68855,1.68869,1.04,1.00
2016.01.25 10:35:16.584,1.68854,1.68873,4.60,1.31
2016.01.25 10:35:16.638,1.68855,1.68873,3.10,1.31
2016.01.25 10:35:17.239,1.68855,1.68873,1.04,1.69
2016.01.25 10:35:17.290,1.68854,1.68873,3.48,1.69
2016.01.25 10:35:18.390,1.68855,1.68869,1.79,1.00
2016.01.25 10:35:18.594,1.68856,1.68871,3.10,1.00
2016.01.25 10:35:18.798,1.6886,1.68875,3.10,1.00
2016.01.25 10:35:19.105,1.68864,1.68876,3.10,1.00
2016.01.25 10:35:19.615,1.68863,1.68875,1.42,1.00
2016.01.25 10:35:20.148,1.68863,1.68875,1.04,1.00
2016.01.25 10:35:20.496,1.68862,1.68873,1.04,1.00
2016.01.25 10:35:20.802,1.6886,1.68872,3.55,1.00
2016.01.25 10:35:20.904,1.6886,1.6887,3.10,1.00
2016.01.25 10:35:21.413,1.68858,1.6887,4.23,1.00
2016.01.25 10:35:21.616,1.6886,1.68872,1.04,1.00
2016.01.25 10:35:21.668,1.68862,1.68872,1.00,1.00
2016.01.25 10:35:21.874,1.6886,1.68872,1.04,1.00
2016.01.25 10:35:23.111,1.6886,1.68873,1.00,1.00
2016.01.25 10:35:23.162,1.68863,1.68873,1.00,1.00
2016.01.25 10:35:23.468,1.68864,1.68875,1.56,1.00
2016.01.25 10:35:23.774,1.68865,1.68873,1.00,1.00
2016.01.25 10:35:24.568,1.68865,1.68879,1.00,1.00
2016.01.25 10:35:24.619,1.68865,1.68882,1.00,1.69
2016.01.25 10:35:24.670,1.68865,1.68882,2.62,1.31
2016.01.25 10:35:24.977,1.68872,1.68884,1.00,1.00
2016.01.25 10:35:25.290,1.68873,1.68885,3.00,1.00
2016.01.25 10:35:25.926,1.68872,1.68885,4.50,1.00
2016.01.25 10:35:26.231,1.68872,1.68878,3.75,1.00
2016.01.25 10:35:26.533,1.6886,1.68864,1.00,1.00
2016.01.25 10:35:26.637,1.68851,1.68864,3.22,1.00
2016.01.25 10:35:26.688,1.68851,1.68862,3.22,1.00
2016.01.25 10:35:27.095,1.68851,1.68864,1.16,1.00
2016.01.25 10:35:27.543,1.68851,1.68861,1.05,1.00
2016.01.25 10:35:28.641,1.68851,1.6886,1.00,1.00
2016.01.25 10:35:28.983,1.68844,1.68854,1.75,1.00
2016.01.25 10:35:29.593,1.68843,1.68854,1.87,1.00
2016.01.25 10:35:30.289,1.68843,1.68853,1.00,1.00
2016.01.25 10:35:30.595,1.68842,1.68855,1.42,1.00
2016.01.25 10:35:32.540,1.68842,1.68855,1.50,1.00
2016.01.25 10:35:33.154,1.68841,1.68855,1.50,1.00
2016.01.25 10:35:33.853,1.68841,1.68853,1.12,1.00
2016.01.25 10:35:35.835,1.68841,1.68853,3.12,1.00
2016.01.25 10:35:35.890,1.68841,1.68855,3.12,1.00
2016.01.25 10:35:35.941,1.68842,1.68853,2.74,1.00
2016.01.25 10:35:36.246,1.6884,1.68847,1.05,1.00
2016.01.25 10:35:36.399,1.68834,1.68844,1.05,1.00
2016.01.25 10:35:36.451,1.68832,1.68841,3.49,1.00
2016.01.25 10:35:36.705,1.68821,1.68832,1.05,1.00
2016.01.25 10:35:36.955,1.68819,1.68831,2.74,1.00
2016.01.25 10:35:37.158,1.68817,1.68831,3.49,1.00
2016.01.25 10:35:37.210,1.6882,1.68831,1.00,1.00
2016.01.25 10:35:37.465,1.68817,1.68831,2.74,1.00
2016.01.25 10:35:37.617,1.68818,1.68834,2.74,1.37
2016.01.25 10:35:38.136,1.68818,1.68832,3.87,1.00
2016.01.25 10:35:38.594,1.68819,1.68834,1.31,1.12
2016.01.25 10:35:39.103,1.6882,1.68836,1.12,1.37
2016.01.25 10:35:39.457,1.68822,1.68836,1.31,1.00
2016.01.25 10:35:39.509,1.68829,1.68842,3.00,1.00
2016.01.25 10:35:39.561,1.68829,1.68845,3.00,1.12
2016.01.25 10:35:39.665,1.68829,1.68842,3.00,1.00
2016.01.25 10:35:40.174,1.6883,1.68844,3.00,1.37
2016.01.25 10:35:40.841,1.6883,1.68844,2.74,1.00
2016.01.25 10:35:40.994,1.68828,1.68843,3.12,1.00
2016.01.25 10:35:41.298,1.68827,1.68839,3.12,1.00
2016.01.25 10:35:41.502,1.68821,1.68834,1.05,1.00
2016.01.25 10:35:41.850,1.68816,1.68833,4.99,1.00
2016.01.25 10:35:41.902,1.68817,1.68831,3.12,1.00
2016.01.25 10:35:42.004,1.68816,1.68831,1.05,1.00
2016.01.25 10:35:42.310,1.68816,1.68829,1.05,1.00
2016.01.25 10:35:42.412,1.68815,1.68831,3.12,1.00
2016.01.25 10:35:42.464,1.68817,1.68831,2.74,1.00
2016.01.25 10:35:42.774,1.68811,1.68828,3.49,1.37
2016.01.25 10:35:43.029,1.6881,1.68825,2.74,1.37
2016.01.25 10:35:43.538,1.68808,1.68825,4.24,1.37
2016.01.25 10:35:43.640,1.6881,1.68825,2.74,1.37
2016.01.25 10:35:43.820,1.68809,1.68825,3.87,1.00
2016.01.25 10:35:44.330,1.68809,1.68825,3.12,1.00
2016.01.25 10:35:45.135,1.68809,1.68825,3.12,1.12
2016.01.25 10:35:46.413,1.68805,1.6882,3.87,1.12
2016.01.25 10:35:46.464,1.68805,1.6882,3.49,1.12
2016.01.25 10:35:46.977,1.68803,1.6882,3.87,1.69
2016.01.25 10:35:47.579,1.68805,1.6882,1.05,1.12
2016.01.25 10:35:48.735,1.68803,1.6882,1.43,1.69
2016.01.25 10:35:48.786,1.68803,1.6882,1.05,1.69
2016.01.25 10:35:48.889,1.68803,1.68817,1.05,1.00
2016.01.25 10:35:50.553,1.68802,1.68819,1.80,1.69
2016.01.25 10:35:51.099,1.68802,1.68819,1.80,1.69
2016.01.25 10:35:52.473,1.68802,1.68819,1.80,1.56
2016.01.25 10:35:53.796,1.688,1.68818,4.50,1.69
2016.01.25 10:35:54.101,1.688,1.68818,4.50,1.94
2016.01.25 10:35:54.837,1.688,1.68818,2.06,1.12
2016.01.25 10:35:55.851,1.688,1.68818,2.06,1.37
2016.01.25 10:35:56.518,1.688,1.68817,1.31,4.12
2016.01.25 10:35:56.670,1.68802,1.68817,1.87,1.56
2016.01.25 10:35:56.975,1.68808,1.68822,1.25,1.00
2016.01.25 10:35:57.484,1.68808,1.68823,1.25,1.12
2016.01.25 10:35:57.789,1.68802,1.68818,2.81,1.12
2016.01.25 10:35:58.047,1.68803,1.68818,1.31,1.00
2016.01.25 10:35:58.251,1.68801,1.68816,2.06,1.00
2016.01.25 10:35:58.760,1.688,1.68816,3.66,1.00
2016.01.25 10:35:59.299,1.688,1.68816,2.91,1.00
2016.01.25 10:35:59.401,1.68799,1.68816,1.22,1.00
2016.01.25 10:35:59.791,1.688,1.68818,1.22,1.31
2016.01.25 10:35:59.944,1.68801,1.68818,1.47,1.00
2016.01.25 10:36:00.249,1.68802,1.68818,1.81,1.00
2016.01.25 10:36:00.720,1.68804,1.68821,1.87,1.12
2016.01.25 10:36:00.873,1.68805,1.68824,2.44,1.00
2016.01.25 10:36:00.924,1.68806,1.68825,1.12,1.75
2016.01.25 10:36:01.453,1.68806,1.68825,1.87,1.37
2016.01.25 10:36:02.067,1.68807,1.68825,1.81,1.37
2016.01.25 10:36:02.785,1.68807,1.68824,2.25,1.37
2016.01.25 10:36:03.029,1.68809,1.68825,2.25,1.87
2016.01.25 10:36:03.081,1.68811,1.68827,1.81,1.87
2016.01.25 10:36:04.020,1.68812,1.68829,2.25,2.62
2016.01.25 10:36:04.548,1.68813,1.68828,1.81,1.37
2016.01.25 10:36:05.361,1.68817,1.68829,1.81,1.00
2016.01.25 10:36:05.413,1.68822,1.68835,1.81,2.25
2016.01.25 10:36:05.464,1.68822,1.68836,1.81,1.12
2016.01.25 10:36:05.567,1.68822,1.68838,1.87,1.12
2016.01.25 10:36:05.619,1.68824,1.6884,1.69,1.50
2016.01.25 10:36:05.673,1.68824,1.6884,1.94,1.12
2016.01.25 10:36:05.878,1.68826,1.68842,1.25,1.00
2016.01.25 10:36:05.982,1.68832,1.68846,1.87,1.95
2016.01.25 10:36:06.033,1.68832,1.68846,1.87,1.50
2016.01.25 10:36:06.318,1.68834,1.68846,1.81,1.00
2016.01.25 10:36:06.782,1.68836,1.68848,1.81,1.37
2016.01.25 10:36:07.087,1.68835,1.68848,1.81,1.37
2016.01.25 10:36:07.783,1.68834,1.68848,1.81,1.87
2016.01.25 10:36:08.190,1.68836,1.68848,1.81,1.37
2016.01.25 10:36:08.383,1.68835,1.68848,1.81,1.37
2016.01.25 10:36:09.298,1.68835,1.68848,1.81,1.37
2016.01.25 10:36:09.843,1.68835,1.68848,1.81,1.37
2016.01.25 10:36:09.945,1.68833,1.68846,1.81,1.12
2016.01.25 10:36:10.454,1.68835,1.68848,1.87,1.37
2016.01.25 10:36:11.059,1.68833,1.68846,1.81,1.37
2016.01.25 10:36:12.299,1.68834,1.68846,1.50,1.37
2016.01.25 10:36:12.350,1.6883,1.68844,1.87,1.12
2016.01.25 10:36:12.402,1.6883,1.68842,1.50,1.12
2016.01.25 10:36:12.740,1.68827,1.68839,1.87,1.37
2016.01.25 10:36:13.248,1.68825,1.68839,1.81,1.37
2016.01.25 10:36:13.763,1.68825,1.68839,1.81,1.37
2016.01.25 10:36:16.194,1.68824,1.68836,1.50,1.37
2016.01.25 10:36:16.582,1.68824,1.68834,1.50,1.37
2016.01.25 10:36:16.635,1.68822,1.68834,1.50,1.50
2016.01.25 10:36:17.150,1.68822,1.68836,1.50,1.37
2016.01.25 10:36:17.203,1.68824,1.68837,1.50,1.87
2016.01.25 10:36:17.788,1.68824,1.68837,1.81,1.12
2016.01.25 10:36:18.509,1.68824,1.6884,1.81,2.25
2016.01.25 10:36:19.022,1.68826,1.68837,1.50,1.37
2016.01.25 10:36:19.562,1.68824,1.68837,1.81,1.37
2016.01.25 10:36:20.920,1.68824,1.68839,1.50,1.37
2016.01.25 10:36:21.580,1.68826,1.68839,1.50,1.37
2016.01.25 10:36:22.808,1.68826,1.68839,1.81,1.37
2016.01.25 10:36:23.289,1.68826,1.6884,1.81,1.00
2016.01.25 10:36:23.442,1.68831,1.68842,1.00,1.00
2016.01.25 10:36:23.749,1.68836,1.68849,1.50,1.75
2016.01.25 10:36:24.259,1.68834,1.68851,1.87,1.87
2016.01.25 10:36:24.589,1.68835,1.68851,1.12,1.87
2016.01.25 10:36:25.121,1.68836,1.68851,1.12,1.87
2016.01.25 10:36:25.224,1.68835,1.68851,1.12,1.87
2016.01.25 10:36:26.114,1.68835,1.68851,1.12,1.87
2016.01.25 10:36:28.004,1.68834,1.68851,1.75,1.87
2016.01.25 10:36:30.063,1.68835,1.68851,1.12,1.87
2016.01.25 10:36:31.068,1.68835,1.68848,1.12,1.00
2016.01.25 10:36:31.552,1.68833,1.6885,3.00,1.75
2016.01.25 10:36:31.604,1.68831,1.6885,4.12,2.44
2016.01.25 10:36:31.959,1.68836,1.68849,3.00,1.37
2016.01.25 10:36:32.010,1.68836,1.68849,3.75,1.37
2016.01.25 10:36:32.062,1.68835,1.68851,1.94,1.12
2016.01.25 10:36:32.113,1.68835,1.68852,1.94,1.37
2016.01.25 10:36:32.267,1.68834,1.68852,1.87,1.37
2016.01.25 10:36:32.318,1.68834,1.68852,1.87,1.37
2016.01.25 10:36:32.623,1.68834,1.68852,1.87,1.87
2016.01.25 10:36:34.532,1.68834,1.68852,1.87,1.37
2016.01.25 10:36:36.140,1.68834,1.68852,1.87,1.37
2016.01.25 10:36:36.446,1.68832,1.6885,1.12,1.37
2016.01.25 10:36:36.796,1.68833,1.68849,3.00,1.12
2016.01.25 10:36:37.204,1.68834,1.68851,1.69,1.75
2016.01.25 10:36:37.814,1.68834,1.68851,1.69,1.50
2016.01.25 10:36:40.454,1.68834,1.68851,1.62,1.50
2016.01.25 10:36:40.859,1.68835,1.68852,1.56,1.12
2016.01.25 10:36:43.926,1.68835,1.6885,1.12,1.00
2016.01.25 10:36:44.181,1.6884,1.6885,1.00,1.00
2016.01.25 10:36:44.381,1.68836,1.68852,1.12,2.00
2016.01.25 10:36:44.890,1.68836,1.68853,1.00,2.81
2016.01.25 10:36:44.942,1.68834,1.68853,1.50,2.44
2016.01.25 10:36:45.044,1.68834,1.6885,1.00,2.00
2016.01.25 10:36:45.198,1.68831,1.68848,1.20,1.50
2016.01.25 10:36:45.250,1.68831,1.68848,1.20,1.75
2016.01.25 10:36:45.556,1.68832,1.68847,1.62,1.75
2016.01.25 10:36:46.083,1.68832,1.68847,1.12,1.75
2016.01.25 10:36:46.541,1.68832,1.68846,1.12,1.00
2016.01.25 10:36:47.143,1.68838,1.68849,1.00,1.00
2016.01.25 10:36:47.452,1.68843,1.68856,1.00,1.75
2016.01.25 10:36:47.961,1.68841,1.68858,3.00,2.25
2016.01.25 10:36:48.012,1.6884,1.68857,3.75,1.12
2016.01.25 10:36:48.270,1.68843,1.68858,1.56,1.37
2016.01.25 10:36:48.682,1.68841,1.68858,2.82,1.37
2016.01.25 10:36:48.784,1.6884,1.68858,1.45,2.06
2016.01.25 10:36:49.495,1.6884,1.68857,1.45,1.62
2016.01.25 10:36:50.014,1.6884,1.68858,1.38,2.06
2016.01.25 10:36:50.541,1.6884,1.68857,1.45,2.06
2016.01.25 10:36:54.253,1.6884,1.68857,1.02,1.94
2016.01.25 10:36:54.761,1.68839,1.68857,4.96,2.44
2016.01.25 10:36:55.274,1.68839,1.68857,5.71,2.44
2016.01.25 10:36:55.835,1.68841,1.68858,1.27,2.81
2016.01.25 10:36:56.342,1.68841,1.68858,1.00,2.44
2016.01.25 10:36:57.278,1.68841,1.68858,1.00,2.44
2016.01.25 10:36:57.380,1.68839,1.68853,3.09,1.37
2016.01.25 10:36:57.483,1.68835,1.68849,1.87,1.37
2016.01.25 10:36:57.585,1.68832,1.68849,2.15,1.37
2016.01.25 10:36:57.636,1.68832,1.68849,1.40,1.37
2016.01.25 10:36:58.692,1.68831,1.68847,3.09,1.12
2016.01.25 10:36:59.252,1.68831,1.68847,3.09,1.12
2016.01.25 10:36:59.883,1.6883,1.68847,4.59,1.12
2016.01.25 10:37:00.870,1.68831,1.68849,1.77,1.69
2016.01.25 10:37:01.759,1.68831,1.68849,1.77,1.69
2016.01.25 10:37:02.544,1.68831,1.68849,4.21,1.69
2016.01.25 10:37:03.103,1.68831,1.68849,4.21,1.69
2016.01.25 10:37:03.980,1.68831,1.68849,1.77,4.87
2016.01.25 10:37:04.083,1.68831,1.68848,1.02,1.69
2016.01.25 10:37:04.625,1.68831,1.68847,1.02,2.06
2016.01.25 10:37:04.779,1.68831,1.68847,1.02,2.06
2016.01.25 10:37:05.782,1.68831,1.68847,1.02,1.69
2016.01.25 10:37:06.837,1.68829,1.68845,4.12,1.12
2016.01.25 10:37:07.757,1.6883,1.68845,1.25,1.87
2016.01.25 10:37:08.308,1.6883,1.68845,4.12,1.37
2016.01.25 10:37:08.563,1.68831,1.68847,4.12,1.12
2016.01.25 10:37:08.717,1.6883,1.68847,1.31,1.50
2016.01.25 10:37:08.870,1.68829,1.68845,3.00,1.37
2016.01.25 10:37:09.176,1.68828,1.68841,1.05,1.00
2016.01.25 10:37:09.581,1.68825,1.68841,2.70,1.00
2016.01.25 10:37:10.522,1.68825,1.6884,2.32,1.00
2016.01.25 10:37:10.574,1.68823,1.68838,2.25,1.00
2016.01.25 10:37:10.789,1.68819,1.68837,1.00,1.31
2016.01.25 10:37:10.847,1.68818,1.68828,2.70,1.00
2016.01.25 10:37:10.898,1.68816,1.68827,2.32,1.00
2016.01.25 10:37:11.000,1.68813,1.68823,1.12,1.37
2016.01.25 10:37:11.153,1.68808,1.68819,1.00,1.37
2016.01.25 10:37:12.211,1.68808,1.68819,1.00,1.00
2016.01.25 10:37:12.516,1.68808,1.68822,1.37,1.00
2016.01.25 10:37:12.568,1.68808,1.68824,1.37,1.31
2016.01.25 10:37:13.080,1.68808,1.68823,1.87,1.00
2016.01.25 10:37:13.182,1.68808,1.68826,2.62,1.00
2016.01.25 10:37:13.689,1.68808,1.68824,2.62,1.00
2016.01.25 10:37:14.349,1.68808,1.68824,3.00,1.00
2016.01.25 10:37:14.865,1.68808,1.68824,1.87,1.00
2016.01.25 10:37:15.677,1.68808,1.68826,1.87,1.69
2016.01.25 10:37:16.874,1.68808,1.68826,1.87,1.69
2016.01.25 10:37:17.302,1.68809,1.68826,1.12,1.37
2016.01.25 10:37:17.353,1.68811,1.68827,1.37,1.69
2016.01.25 10:37:17.881,1.68811,1.68827,1.37,1.69
2016.01.25 10:37:18.408,1.68812,1.68829,1.12,3.00
2016.01.25 10:37:18.921,1.6881,1.68828,1.75,3.00
2016.01.25 10:37:20.429,1.68809,1.68826,1.85,1.69
2016.01.25 10:37:20.633,1.68808,1.68823,2.62,1.00
2016.01.25 10:37:20.837,1.68808,1.68821,1.50,1.00
2016.01.25 10:37:21.450,1.68808,1.68821,1.50,1.56
2016.01.25 10:37:22.759,1.68808,1.68821,1.50,1.00
2016.01.25 10:37:22.963,1.68815,1.68828,1.50,2.25
2016.01.25 10:37:23.014,1.68816,1.68828,1.12,1.37
2016.01.25 10:37:23.065,1.68817,1.68832,1.37,2.06
2016.01.25 10:37:23.116,1.68819,1.68832,1.00,1.37
2016.01.25 10:37:23.168,1.68822,1.68833,1.37,1.50
2016.01.25 10:37:23.219,1.68822,1.68834,1.37,3.00
2016.01.25 10:37:23.727,1.68823,1.68835,1.00,1.31
2016.01.25 10:37:25.316,1.6882,1.68836,1.37,1.31
2016.01.25 10:37:25.536,1.68819,1.68833,1.12,1.50
2016.01.25 10:37:25.588,1.68819,1.68833,1.00,1.87
2016.01.25 10:37:26.095,1.6882,1.68834,1.00,2.44
2016.01.25 10:37:27.253,1.68819,1.6883,1.00,1.56
2016.01.25 10:37:27.558,1.68817,1.68829,1.00,1.69
2016.01.25 10:37:28.476,1.68816,1.68827,1.00,1.25
2016.01.25 10:37:29.440,1.68816,1.68829,1.00,3.75
2016.01.25 10:37:29.982,1.68817,1.68829,1.00,2.44
2016.01.25 10:37:31.036,1.68815,1.68827,1.00,1.25
2016.01.25 10:37:31.915,1.68815,1.68829,1.00,3.00
2016.01.25 10:37:33.095,1.68815,1.68827,1.00,1.25
2016.01.25 10:37:35.075,1.68814,1.68827,1.00,1.87
2016.01.25 10:37:35.380,1.68814,1.68825,1.00,2.19
2016.01.25 10:37:35.634,1.68815,1.68827,1.00,1.69
2016.01.25 10:37:35.736,1.68815,1.68828,1.00,1.25
2016.01.25 10:37:36.404,1.68815,1.68828,1.37,1.15
2016.01.25 10:37:36.913,1.68815,1.68829,1.00,2.55
2016.01.25 10:37:37.117,1.68812,1.68828,1.37,1.24
2016.01.25 10:37:37.219,1.68812,1.68824,1.00,1.80
2016.01.25 10:37:37.767,1.6881,1.68824,1.12,1.80
2016.01.25 10:37:38.021,1.68813,1.68822,1.00,1.15
2016.01.25 10:37:38.947,1.68813,1.68824,1.00,1.80
2016.01.25 10:37:39.195,1.6881,1.68824,1.12,1.15
2016.01.25 10:37:39.247,1.6881,1.68823,1.12,2.11
2016.01.25 10:37:39.716,1.6881,1.68823,1.12,2.11
2016.01.25 10:37:40.653,1.68811,1.68823,1.00,1.80
2016.01.25 10:37:40.705,1.68813,1.68824,1.00,2.11
2016.01.25 10:37:41.222,1.68814,1.68823,1.00,1.15
2016.01.25 10:37:41.426,1.68812,1.68824,1.00,1.74
2016.01.25 10:37:42.459,1.68814,1.68824,1.00,1.74
2016.01.25 10:37:42.561,1.68816,1.68826,1.00,1.74
2016.01.25 10:37:42.917,1.68817,1.68829,1.00,2.17
2016.01.25 10:37:43.480,1.68817,1.68828,1.00,1.80
2016.01.25 10:37:43.531,1.68819,1.68828,1.00,1.15
2016.01.25 10:37:44.041,1.68819,1.6883,1.00,1.61
2016.01.25 10:37:44.949,1.68819,1.6883,1.00,1.61
2016.01.25 10:37:46.647,1.68819,1.68831,1.00,2.10
2016.01.25 10:37:46.749,1.68816,1.68831,1.00,2.10
2016.01.25 10:37:47.156,1.68819,1.6883,1.00,2.10
2016.01.25 10:37:47.682,1.68819,1.68831,1.00,1.41
2016.01.25 10:37:48.249,1.68821,1.68831,1.00,1.41
2016.01.25 10:37:48.768,1.68821,1.68831,1.00,1.00
2016.01.25 10:37:50.648,1.68819,1.68831,1.00,1.16
2016.01.25 10:37:51.151,1.68818,1.68831,1.00,1.00
2016.01.25 10:37:51.458,1.6882,1.68831,1.00,1.00
2016.01.25 10:37:52.220,1.6882,1.68832,1.00,1.16
2016.01.25 10:37:52.461,1.68818,1.68832,1.00,1.16
2016.01.25 10:37:54.419,1.68817,1.68831,1.00,2.10
2016.01.25 10:37:54.471,1.68817,1.68831,1.00,2.10
2016.01.25 10:37:54.979,1.68816,1.68827,1.00,1.42
2016.01.25 10:37:55.929,1.68816,1.68827,1.37,1.50
2016.01.25 10:37:56.437,1.68816,1.68827,1.00,1.50
2016.01.25 10:37:57.531,1.68816,1.68828,1.00,1.62
2016.01.25 10:37:57.685,1.68811,1.68827,1.37,1.50
2016.01.25 10:37:57.736,1.68809,1.68823,1.37,1.31
2016.01.25 10:37:57.788,1.68808,1.68821,2.25,1.50
2016.01.25 10:37:58.101,1.68802,1.68814,1.00,2.06
2016.01.25 10:37:58.407,1.68806,1.68816,1.00,1.75
2016.01.25 10:37:58.935,1.68806,1.68818,1.00,1.31
2016.01.25 10:37:59.238,1.68808,1.68818,1.00,1.31
2016.01.25 10:37:59.291,1.68808,1.68819,1.00,1.75
2016.01.25 10:37:59.799,1.68808,1.6882,1.00,2.44
2016.01.25 10:38:00.463,1.68808,1.68819,1.00,1.00
2016.01.25 10:38:01.302,1.68807,1.68819,1.00,1.00
2016.01.25 10:38:02.261,1.68807,1.6882,1.00,2.21
2016.01.25 10:38:02.596,1.6881,1.6882,1.00,2.21
2016.01.25 10:38:02.698,1.6881,1.6882,1.00,1.46
2016.01.25 10:38:04.665,1.6881,1.6882,1.00,1.09
2016.01.25 10:38:05.667,1.6881,1.68821,1.00,1.09
2016.01.25 10:38:07.525,1.68811,1.68821,1.00,1.09
2016.01.25 10:38:07.881,1.68811,1.68824,1.00,2.77
2016.01.25 10:38:08.776,1.68811,1.68823,1.00,1.09
2016.01.25 10:38:09.377,1.68811,1.68824,1.00,2.77
2016.01.25 10:38:10.039,1.68811,1.68824,1.00,2.02
2016.01.25 10:38:10.380,1.68811,1.68822,1.00,1.81
2016.01.25 10:38:10.890,1.68812,1.68824,1.00,1.72
2016.01.25 10:38:11.388,1.6881,1.68824,1.00,2.10
2016.01.25 10:38:11.894,1.6881,1.68823,1.00,1.35
2016.01.25 10:38:12.149,1.68809,1.6882,1.00,1.29
2016.01.25 10:38:12.930,1.68809,1.6882,1.00,1.66
2016.01.25 10:38:13.440,1.68809,1.68822,1.00,2.04
2016.01.25 10:38:13.593,1.68809,1.68821,1.00,1.05
2016.01.25 10:38:14.200,1.68809,1.68821,1.00,1.72
2016.01.25 10:38:16.100,1.68809,1.6882,1.00,1.35
2016.01.25 10:38:16.651,1.68809,1.6882,1.00,1.25
2016.01.25 10:38:17.253,1.68807,1.6882,1.12,1.25
2016.01.25 10:38:18.718,1.68807,1.68821,1.00,1.00
2016.01.25 10:38:19.412,1.68809,1.68821,1.00,1.00
2016.01.25 10:38:24.475,1.68809,1.68824,1.87,1.75
2016.01.25 10:38:24.882,1.68809,1.68824,1.00,1.37
2016.01.25 10:38:25.239,1.68812,1.68824,1.00,1.37
2016.01.25 10:38:25.570,1.68816,1.6883,1.00,1.87
2016.01.25 10:38:26.645,1.68816,1.68832,1.31,2.25
2016.01.25 10:38:27.288,1.68818,1.68832,1.00,1.75
2016.01.25 10:38:28.299,1.68818,1.68831,1.00,1.12
2016.01.25 10:38:28.757,1.68816,1.68829,1.00,1.42
2016.01.25 10:38:28.909,1.68813,1.68829,1.87,2.17
2016.01.25 10:38:28.961,1.68813,1.68826,1.87,1.05
2016.01.25 10:38:29.286,1.68809,1.68824,1.37,1.99
2016.01.25 10:38:30.000,1.68809,1.68824,1.37,1.99
2016.01.25 10:38:30.503,1.68809,1.68824,1.12,1.75
2016.01.25 10:38:31.011,1.68809,1.68822,1.37,1.87
2016.01.25 10:38:31.316,1.68807,1.68819,1.37,1.87
2016.01.25 10:38:31.418,1.68801,1.68817,1.87,1.50
2016.01.25 10:38:31.470,1.68801,1.68814,1.12,1.12
2016.01.25 10:38:31.813,1.68801,1.68808,1.00,1.37
2016.01.25 10:38:31.966,1.68797,1.68808,1.00,1.37
2016.01.25 10:38:32.170,1.68799,1.68808,1.00,1.00
2016.01.25 10:38:35.015,1.68801,1.68812,1.00,2.55
2016.01.25 10:38:35.167,1.68801,1.68812,1.00,1.50
2016.01.25 10:38:35.270,1.68801,1.68812,1.00,1.50
2016.01.25 10:38:36.485,1.688,1.68812,1.00,1.52
2016.01.25 10:38:38.274,1.68798,1.68812,1.00,1.52
2016.01.25 10:38:38.427,1.68796,1.68809,1.50,1.15
2016.01.25 10:38:38.947,1.68796,1.68809,1.00,1.74
2016.01.25 10:38:39.733,1.68794,1.68809,1.00,1.50
2016.01.25 10:38:39.988,1.68794,1.68805,1.00,1.12
2016.01.25 10:38:40.168,1.6879,1.68805,1.00,1.50
2016.01.25 10:38:40.322,1.68786,1.68802,1.00,2.62
2016.01.25 10:38:40.526,1.68786,1.68801,1.00,1.87
2016.01.25 10:38:41.220,1.68788,1.68801,1.00,1.87
2016.01.25 10:38:41.730,1.68788,1.68801,1.12,1.87
2016.01.25 10:38:42.069,1.68792,1.68802,1.00,1.37
2016.01.25 10:38:42.120,1.68794,1.68804,1.00,1.12
2016.01.25 10:38:42.223,1.68792,1.68805,1.00,1.50
2016.01.25 10:38:42.732,1.68796,1.68806,1.00,1.37
2016.01.25 10:38:43.039,1.688,1.68813,1.00,4.87
2016.01.25 10:38:43.548,1.68799,1.68812,1.00,1.31
2016.01.25 10:38:43.599,1.68797,1.68813,1.00,4.31
2016.01.25 10:38:44.360,1.68795,1.68807,1.12,1.00
2016.01.25 10:38:45.027,1.68795,1.68807,1.50,1.00
2016.01.25 10:38:46.174,1.68792,1.68802,1.50,1.25
2016.01.25 10:38:46.225,1.6879,1.68802,1.50,1.25
2016.01.25 10:38:46.277,1.6879,1.68802,1.12,1.31
2016.01.25 10:38:47.375,1.68788,1.688,1.12,1.31
2016.01.25 10:38:47.927,1.6879,1.688,1.00,1.25
2016.01.25 10:38:48.435,1.6879,1.68801,1.00,2.25
2016.01.25 10:38:48.896,1.68792,1.68803,1.00,3.00
2016.01.25 10:38:49.822,1.68789,1.688,1.00,1.31
2016.01.25 10:38:50.786,1.68789,1.68801,1.00,2.25
2016.01.25 10:38:51.325,1.68788,1.68799,1.00,1.25
2016.01.25 10:38:51.377,1.6879,1.68799,1.00,1.25
2016.01.25 10:38:51.581,1.68788,1.68802,1.50,2.06
2016.01.25 10:38:52.093,1.68788,1.68801,1.00,2.19
2016.01.25 10:38:55.750,1.68788,1.688,1.00,1.25
2016.01.25 10:38:57.261,1.68789,1.68802,1.00,2.06
2016.01.25 10:38:58.842,1.68788,1.688,1.12,1.62
2016.01.25 10:38:59.569,1.68788,1.68799,1.00,2.25
2016.01.25 10:38:59.926,1.68788,1.688,1.00,1.25
2016.01.25 10:39:00.028,1.6879,1.68801,1.00,1.25
2016.01.25 10:39:00.231,1.68788,1.68803,1.50,2.25
2016.01.25 10:39:00.522,1.68788,1.68801,1.50,1.87
2016.01.25 10:39:00.880,1.68786,1.68801,1.00,1.87
2016.01.25 10:39:02.116,1.68786,1.68799,1.00,1.87
2016.01.25 10:39:02.219,1.68783,1.68798,1.50,1.87
2016.01.25 10:39:02.321,1.68783,1.68797,1.37,2.25
2016.01.25 10:39:02.424,1.6878,1.68796,1.37,3.00
2016.01.25 10:39:02.729,1.68779,1.68795,1.00,2.25
2016.01.25 10:39:02.780,1.68779,1.68791,1.00,1.87
2016.01.25 10:39:02.882,1.68779,1.68793,1.00,1.87
2016.01.25 10:39:03.287,1.6878,1.68794,1.50,1.31
2016.01.25 10:39:03.794,1.6878,1.68795,1.87,1.87
2016.01.25 10:39:04.302,1.68782,1.68796,1.12,1.81
2016.01.25 10:39:04.653,1.68782,1.68794,1.00,2.62
2016.01.25 10:39:04.959,1.68782,1.68795,1.50,2.25
2016.01.25 10:39:05.315,1.68781,1.68795,1.50,1.56
2016.01.25 10:39:05.671,1.68783,1.68794,1.00,1.81
2016.01.25 10:39:06.135,1.68781,1.68794,1.00,2.62
2016.01.25 10:39:06.186,1.68781,1.68793,1.00,2.44
2016.01.25 10:39:06.442,1.68779,1.68794,1.12,2.62
2016.01.25 10:39:06.494,1.68779,1.68792,1.12,1.81
2016.01.25 10:39:07.132,1.68777,1.6879,1.37,1.87
2016.01.25 10:39:08.152,1.68777,1.6879,1.50,1.25
2016.01.25 10:39:08.254,1.68777,1.68787,1.00,1.81
2016.01.25 10:39:08.458,1.68772,1.68785,1.12,1.25
2016.01.25 10:39:08.510,1.68772,1.68785,1.00,1.87
2016.01.25 10:39:09.019,1.68771,1.68784,1.00,1.81
2016.01.25 10:39:09.568,1.6877,1.68784,1.50,1.81
2016.01.25 10:39:10.109,1.6877,1.68784,2.25,1.81
2016.01.25 10:39:11.220,1.68769,1.68783,1.87,1.81
2016.01.25 10:39:11.476,1.68765,1.68779,1.00,1.87
2016.01.25 10:39:11.578,1.68763,1.68778,1.12,1.87
2016.01.25 10:39:12.081,1.68761,1.68777,1.87,1.81
2016.01.25 10:39:12.336,1.68762,1.68778,2.34,1.12
2016.01.25 10:39:13.329,1.68763,1.6878,2.34,1.75
2016.01.25 10:39:13.840,1.68762,1.6878,3.47,1.75
2016.01.25 10:39:14.395,1.68762,1.6878,3.47,1.50
2016.01.25 10:39:14.701,1.6877,1.68781,1.97,1.00
2016.01.25 10:39:14.753,1.6877,1.68787,1.97,3.00
2016.01.25 10:39:15.007,1.68772,1.68789,3.84,1.87
2016.01.25 10:39:15.058,1.68775,1.68789,1.00,1.82
2016.01.25 10:39:15.364,1.68776,1.68791,4.22,1.37
2016.01.25 10:39:15.669,1.68777,1.68791,3.37,1.37
2016.01.25 10:39:15.771,1.68776,1.68788,1.12,1.00
2016.01.25 10:39:16.187,1.68774,1.6879,2.62,1.75
2016.01.25 10:39:16.700,1.68774,1.6879,1.81,1.75
2016.01.25 10:39:17.162,1.68778,1.68792,2.62,3.00
2016.01.25 10:39:17.213,1.68778,1.68792,3.37,1.12
2016.01.25 10:39:17.934,1.68781,1.68795,2.62,2.25
2016.01.25 10:39:17.985,1.68782,1.68796,1.12,1.12
2016.01.25 10:39:18.830,1.68783,1.68799,1.25,3.00
2016.01.25 10:39:19.089,1.68781,1.68793,1.75,1.87
2016.01.25 10:39:19.807,1.68777,1.68793,1.12,1.87
2016.01.25 10:39:20.704,1.68777,1.68793,1.12,2.25
2016.01.25 10:39:20.806,1.68777,1.68793,3.37,2.25
2016.01.25 10:39:21.108,1.6878,1.68793,1.56,2.25
2016.01.25 10:39:22.538,1.68779,1.68793,3.75,2.25
2016.01.25 10:39:22.895,1.68783,1.68793,1.50,1.87
2016.01.25 10:39:23.405,1.68784,1.68793,1.00,1.87
2016.01.25 10:39:23.920,1.68783,1.68793,1.12,1.87
2016.01.25 10:39:24.124,1.68783,1.68797,1.12,4.12
2016.01.25 10:39:25.122,1.68783,1.68794,1.00,1.87
2016.01.25 10:39:25.471,1.68786,1.68797,1.00,2.25
2016.01.25 10:39:25.777,1.68788,1.68797,1.00,2.25
2016.01.25 10:39:27.197,1.6879,1.68797,1.00,1.87
2016.01.25 10:39:27.984,1.68786,1.68794,1.12,1.87
2016.01.25 10:39:28.188,1.68787,1.68797,1.00,2.25
2016.01.25 10:39:31.237,1.68784,1.68797,1.00,1.87
2016.01.25 10:39:31.288,1.68784,1.68793,1.00,1.87
2016.01.25 10:39:31.644,1.68783,1.68795,1.00,1.50
2016.01.25 10:39:31.695,1.68786,1.68796,1.00,1.75
2016.01.25 10:39:32.359,1.68787,1.68797,1.00,1.37
2016.01.25 10:39:32.715,1.68784,1.68797,1.00,1.75
2016.01.25 10:39:32.919,1.6878,1.68793,1.50,1.37
2016.01.25 10:39:33.225,1.68781,1.6879,1.81,1.87
2016.01.25 10:39:33.728,1.68781,1.6879,1.81,1.87
2016.01.25 10:39:34.149,1.68781,1.68788,1.50,1.87
2016.01.25 10:39:34.252,1.68777,1.68788,1.81,1.87
2016.01.25 10:39:35.348,1.68778,1.68788,1.81,1.87
2016.01.25 10:39:35.654,1.68777,1.68788,1.81,1.87
2016.01.25 10:39:35.858,1.68781,1.68788,1.00,1.87
2016.01.25 10:39:36.365,1.68778,1.68788,1.81,1.87
2016.01.25 10:39:36.882,1.68778,1.6879,1.31,3.00
2016.01.25 10:39:37.544,1.68778,1.6879,1.56,2.25
2016.01.25 10:39:38.965,1.68778,1.6879,1.31,2.25
2016.01.25 10:39:39.195,1.68778,1.68782,1.31,1.87
2016.01.25 10:39:39.246,1.6877,1.68782,1.31,3.37
2016.01.25 10:39:39.757,1.68768,1.68782,2.25,2.62
2016.01.25 10:39:41.026,1.68768,1.68782,2.25,2.62
2016.01.25 10:39:41.687,1.68769,1.68782,1.81,2.25
2016.01.25 10:39:42.025,1.68772,1.68782,2.25,2.25
2016.01.25 10:39:42.280,1.68772,1.68782,1.31,2.25
2016.01.25 10:39:43.008,1.68771,1.68782,1.31,2.25
2016.01.25 10:39:43.547,1.6877,1.68781,1.56,3.00
2016.01.25 10:39:44.064,1.6877,1.68781,1.31,2.25
2016.01.25 10:39:44.679,1.68771,1.68781,1.00,2.25
2016.01.25 10:39:45.652,1.6877,1.68781,1.00,2.25
2016.01.25 10:39:49.278,1.68769,1.68781,1.31,2.25
2016.01.25 10:39:50.016,1.68767,1.68777,1.81,1.87
2016.01.25 10:39:50.068,1.68762,1.68773,1.31,1.00
2016.01.25 10:39:50.122,1.68762,1.68773,1.31,2.25
2016.01.25 10:39:50.535,1.68762,1.68773,2.25,2.25
2016.01.25 10:39:51.038,1.68763,1.68773,1.81,2.25
2016.01.25 10:39:51.191,1.68765,1.68775,1.31,2.25
2016.01.25 10:39:51.496,1.68766,1.68775,1.81,1.87
2016.01.25 10:39:52.361,1.68766,1.68775,1.81,1.87
2016.01.25 10:39:52.870,1.68765,1.68775,2.25,1.87
2016.01.25 10:39:53.426,1.68765,1.68775,2.25,1.87
2016.01.25 10:39:53.935,1.68765,1.68773,2.25,1.87
2016.01.25 10:39:54.037,1.68764,1.68773,1.69,1.87
2016.01.25 10:39:55.370,1.68765,1.68775,1.00,2.25
2016.01.25 10:39:55.574,1.68765,1.68775,2.25,1.87
2016.01.25 10:39:55.914,1.68768,1.68775,2.25,1.87
2016.01.25 10:39:56.016,1.6877,1.68779,1.81,2.25
2016.01.25 10:39:57.071,1.6877,1.68779,1.31,1.87
2016.01.25 10:39:57.444,1.68772,1.68779,1.00,1.87
2016.01.25 10:39:57.955,1.6877,1.68779,1.56,1.87
2016.01.25 10:39:58.567,1.6877,1.68779,2.25,1.87
2016.01.25 10:40:00.832,1.68772,1.68779,1.81,1.87
2016.01.25 10:40:00.985,1.68771,1.68779,1.81,1.87
2016.01.25 10:40:01.188,1.68772,1.68782,1.81,1.87
2016.01.25 10:40:01.656,1.6877,1.68782,2.25,1.87
2016.01.25 10:40:01.707,1.68769,1.68782,1.81,1.87
2016.01.25 10:40:01.964,1.6877,1.68782,1.81,1.87
2016.01.25 10:40:03.183,1.68771,1.68782,1.81,1.87
2016.01.25 10:40:03.286,1.6877,1.68782,1.81,1.87
2016.01.25 10:40:04.371,1.6877,1.68782,1.81,2.25
2016.01.25 10:40:04.876,1.6877,1.68782,1.81,2.25
2016.01.25 10:40:04.928,1.68768,1.68782,1.81,2.25
2016.01.25 10:40:05.132,1.6877,1.68782,1.81,2.25
2016.01.25 10:40:05.488,1.68771,1.68782,2.25,2.25
2016.01.25 10:40:06.024,1.68772,1.68782,1.81,2.25
2016.01.25 10:40:07.356,1.68771,1.68782,1.00,2.25
2016.01.25 10:40:07.670,1.68769,1.68782,1.00,2.62
2016.01.25 10:40:08.555,1.68771,1.68782,1.00,2.25
2016.01.25 10:40:08.607,1.68772,1.68787,1.00,1.87
2016.01.25 10:40:08.658,1.68774,1.68788,1.37,2.32
2016.01.25 10:40:08.710,1.68774,1.68788,1.37,2.25
2016.01.25 10:40:08.812,1.68774,1.68782,1.37,1.87
2016.01.25 10:40:08.863,1.68771,1.68782,1.37,1.87
2016.01.25 10:40:09.372,1.68771,1.68782,1.00,2.25
2016.01.25 10:40:09.810,1.68769,1.68782,1.00,2.25
2016.01.25 10:40:09.912,1.68767,1.68782,1.72,2.25
2016.01.25 10:40:10.015,1.68766,1.68779,1.12,2.25
2016.01.25 10:40:16.550,1.68763,1.68778,2.85,1.50
2016.01.25 10:40:16.703,1.68764,1.68779,1.87,1.00
2016.01.25 10:40:17.038,1.68764,1.68779,1.12,2.25
2016.01.25 10:40:17.140,1.68764,1.68781,1.37,1.75
2016.01.25 10:40:17.649,1.68764,1.68782,1.72,1.75
2016.01.25 10:40:18.251,1.68763,1.6878,2.85,1.00
2016.01.25 10:40:18.306,1.68763,1.68781,3.60,1.19
2016.01.25 10:40:18.814,1.68763,1.68781,3.22,1.75
2016.01.25 10:40:19.119,1.68763,1.68778,1.29,2.25
2016.01.25 10:40:19.541,1.68763,1.68778,1.05,2.62
2016.01.25 10:40:19.643,1.68763,1.68778,1.29,2.25
2016.01.25 10:40:20.154,1.68761,1.68776,3.60,1.00
2016.01.25 10:40:20.258,1.68756,1.68773,1.61,2.32
2016.01.25 10:40:20.361,1.68756,1.68773,1.04,2.69
2016.01.25 10:40:20.666,1.68756,1.68769,1.05,1.87
2016.01.25 10:40:21.261,1.68756,1.68769,1.04,2.25
2016.01.25 10:40:21.568,1.68756,1.68769,3.97,2.25
2016.01.25 10:40:22.273,1.68756,1.68769,1.16,1.87
2016.01.25 10:40:22.579,1.68754,1.68769,1.00,1.87
2016.01.25 10:40:23.088,1.68752,1.68769,1.29,3.00
2016.01.25 10:40:23.423,1.68752,1.68764,2.47,1.87
2016.01.25 10:40:23.474,1.68751,1.68764,1.16,1.87
2016.01.25 10:40:23.931,1.68751,1.68764,2.47,2.25
2016.01.25 10:40:24.794,1.68751,1.68764,2.85,2.25
2016.01.25 10:40:24.998,1.6875,1.68766,3.60,2.25
2016.01.25 10:40:25.355,1.6875,1.68766,1.05,2.25
2016.01.25 10:40:25.863,1.68749,1.68766,1.29,3.00
2016.01.25 10:40:26.208,1.68749,1.68766,1.05,3.00
2016.01.25 10:40:26.636,1.68749,1.68766,1.29,3.00
2016.01.25 10:40:27.851,1.6875,1.68766,2.47,3.00
2016.01.25 10:40:28.004,1.68749,1.68766,1.29,3.00
2016.01.25 10:40:28.207,1.68749,1.68766,3.75,3.00
2016.01.25 10:40:28.765,1.68749,1.68766,3.75,2.25
2016.01.25 10:40:29.312,1.68749,1.68766,3.75,2.25
2016.01.25 10:40:29.414,1.68749,1.68766,1.81,2.25
2016.01.25 10:40:29.942,1.68752,1.68766,1.12,2.25
2016.01.25 10:40:30.547,1.68751,1.68766,1.05,2.25
2016.01.25 10:40:30.955,1.68752,1.68766,1.05,2.25
2016.01.25 10:40:31.109,1.68753,1.68768,1.80,1.50
2016.01.25 10:40:31.262,1.68755,1.6877,1.05,2.62
2016.01.25 10:40:31.416,1.68755,1.68769,1.05,1.00
2016.01.25 10:40:32.386,1.68753,1.68769,1.67,1.12
2016.01.25 10:40:32.437,1.68753,1.68769,1.67,1.37
2016.01.25 10:40:33.416,1.68753,1.68769,1.67,1.37
2016.01.25 10:40:35.044,1.68753,1.68766,1.00,1.87
2016.01.25 10:40:35.148,1.68749,1.68762,1.12,1.87
2016.01.25 10:40:35.199,1.68749,1.6876,1.00,1.87
2016.01.25 10:40:36.865,1.68748,1.6876,1.00,1.87
2016.01.25 10:40:38.469,1.68746,1.6876,1.03,1.87
2016.01.25 10:40:39.032,1.68745,1.6876,1.03,1.87
2016.01.25 10:40:40.741,1.68743,1.6876,1.00,3.19
2016.01.25 10:40:41.250,1.68741,1.68758,1.28,2.25
2016.01.25 10:40:42.261,1.68741,1.68758,1.04,2.25
2016.01.25 10:40:42.771,1.68741,1.68758,1.06,2.25
2016.01.25 10:40:42.924,1.68741,1.68758,1.29,2.25
2016.01.25 10:40:43.225,1.68741,1.68755,1.00,2.25
2016.01.25 10:40:43.276,1.68737,1.68753,1.00,1.56
2016.01.25 10:40:43.328,1.68737,1.68751,1.00,1.87
2016.01.25 10:40:43.990,1.68735,1.68751,1.06,2.81
2016.01.25 10:40:45.827,1.68735,1.68751,1.04,2.25
2016.01.25 10:40:46.330,1.68735,1.68751,1.00,2.25
2016.01.25 10:40:46.839,1.68733,1.68751,1.29,2.25
2016.01.25 10:40:46.891,1.68735,1.68751,1.04,2.25
2016.01.25 10:40:47.348,1.68734,1.68751,1.69,3.19
2016.01.25 10:40:48.217,1.68734,1.68746,1.12,2.25
2016.01.25 10:40:48.522,1.68729,1.68742,1.10,1.99
2016.01.25 10:40:48.573,1.68729,1.68743,1.10,2.36
2016.01.25 10:40:49.092,1.6873,1.68744,1.50,1.99
2016.01.25 10:40:49.195,1.68726,1.68741,2.81,1.87
2016.01.25 10:40:49.401,1.68723,1.68736,1.50,1.99
2016.01.25 10:40:49.909,1.68723,1.68735,1.50,1.99
2016.01.25 10:40:50.434,1.68723,1.68733,1.50,1.61
2016.01.25 10:40:50.741,1.68723,1.68727,1.00,1.61
2016.01.25 10:40:50.945,1.68717,1.68727,1.00,1.61
2016.01.25 10:40:50.997,1.68717,1.68725,1.00,1.61
2016.01.25 10:40:51.553,1.68717,1.68725,1.00,1.61
2016.01.25 10:40:52.773,1.68715,1.68726,1.00,1.61
2016.01.25 10:40:53.310,1.68715,1.68727,1.00,1.51
2016.01.25 10:40:54.174,1.68715,1.68725,1.00,1.51
2016.01.25 10:40:55.514,1.68715,1.68726,1.00,1.51
2016.01.25 10:40:56.021,1.68715,1.68726,1.00,1.51
2016.01.25 10:40:56.815,1.68715,1.68724,1.00,1.51
2016.01.25 10:40:58.176,1.68715,1.68726,1.00,1.89
2016.01.25 10:40:59.334,1.68715,1.68724,1.00,1.51
2016.01.25 10:41:00.232,1.68716,1.68724,1.00,1.51
2016.01.25 10:41:00.385,1.68713,1.68724,1.50,1.51
2016.01.25 10:41:00.436,1.68713,1.68729,1.50,4.09
2016.01.25 10:41:01.377,1.68718,1.68729,1.00,2.22
2016.01.25 10:41:03.849,1.6872,1.68729,1.00,1.87
2016.01.25 10:41:03.900,1.6872,1.68731,1.00,1.87
2016.01.25 10:41:03.951,1.68722,1.68731,1.00,1.87
2016.01.25 10:41:04.256,1.68724,1.68731,1.00,1.87
2016.01.25 10:41:05.768,1.68721,1.68731,1.00,1.87
2016.01.25 10:41:05.871,1.68723,1.68731,1.00,1.87
2016.01.25 10:41:07.747,1.68723,1.68735,1.00,2.40
2016.01.25 10:41:07.799,1.68725,1.68735,1.00,2.40
2016.01.25 10:41:08.526,1.68727,1.68735,1.00,2.02
2016.01.25 10:41:08.628,1.68727,1.68737,1.00,1.20
2016.01.25 10:41:08.730,1.68731,1.68737,1.00,1.07
2016.01.25 10:41:08.883,1.68733,1.6874,1.00,1.45
2016.01.25 10:41:08.985,1.68735,1.68743,1.00,1.87
2016.01.25 10:41:09.088,1.68736,1.68744,1.00,1.87
2016.01.25 10:41:09.594,1.68735,1.68744,1.00,1.87
2016.01.25 10:41:09.646,1.68737,1.68744,1.00,1.87
2016.01.25 10:41:09.698,1.68734,1.68744,1.00,1.87
2016.01.25 10:41:10.003,1.68736,1.68744,1.00,1.87
2016.01.25 10:41:10.520,1.68735,1.68744,1.00,1.87
2016.01.25 10:41:12.823,1.68731,1.68741,1.00,1.87
2016.01.25 10:41:12.976,1.68728,1.68741,1.00,1.87
2016.01.25 10:41:13.231,1.68726,1.68741,1.00,3.78
2016.01.25 10:41:13.789,1.68726,1.68737,1.00,1.87
2016.01.25 10:41:14.086,1.68724,1.68737,1.00,1.87
2016.01.25 10:41:16.376,1.68722,1.68735,1.00,3.15
2016.01.25 10:41:16.428,1.6872,1.68729,1.00,1.87
2016.01.25 10:41:16.581,1.68723,1.68732,1.00,1.87
2016.01.25 10:41:16.757,1.68723,1.68735,1.00,1.37
2016.01.25 10:41:17.331,1.68723,1.68736,1.00,2.40
2016.01.25 10:41:17.382,1.68723,1.68738,1.00,5.40
2016.01.25 10:41:17.906,1.68724,1.68738,1.00,3.15
2016.01.25 10:41:18.146,1.68726,1.68738,1.00,1.58
2016.01.25 10:41:18.300,1.68726,1.68739,1.00,1.20
2016.01.25 10:41:18.454,1.68723,1.68739,1.50,1.87
2016.01.25 10:41:18.505,1.68723,1.68737,1.00,1.87
2016.01.25 10:41:18.810,1.68723,1.68736,1.00,3.23
2016.01.25 10:41:18.913,1.6872,1.68735,1.00,3.15
2016.01.25 10:41:18.964,1.6872,1.68733,1.00,1.37
2016.01.25 10:41:19.015,1.68716,1.68731,1.75,2.78
2016.01.25 10:41:19.066,1.68716,1.68727,1.00,1.00
2016.01.25 10:41:19.406,1.68714,1.68722,1.00,2.78
2016.01.25 10:41:19.711,1.68713,1.68719,1.00,1.28
2016.01.25 10:41:19.763,1.68708,1.68719,1.00,1.58
2016.01.25 10:41:20.017,1.6871,1.6872,1.00,1.87
2016.01.25 10:41:20.171,1.68715,1.68724,1.00,1.00
2016.01.25 10:41:20.273,1.68715,1.68729,1.00,4.35
2016.01.25 10:41:20.425,1.68718,1.68729,1.00,4.35
2016.01.25 10:41:20.747,1.68713,1.68728,1.00,1.28
2016.01.25 10:41:21.052,1.68715,1.68728,1.00,3.53
2016.01.25 10:41:21.104,1.68715,1.68728,1.00,1.28
2016.01.25 10:41:21.155,1.68717,1.68728,1.00,1.28
2016.01.25 10:41:22.047,1.68719,1.68731,1.00,2.06
2016.01.25 10:41:22.809,1.68717,1.68731,1.00,3.23
2016.01.25 10:41:23.327,1.68718,1.68732,1.00,1.65
2016.01.25 10:41:23.836,1.68718,1.68732,1.00,1.65
2016.01.25 10:41:27.696,1.68718,1.68732,1.00,2.23
2016.01.25 10:41:28.262,1.68716,1.68732,1.00,2.80
2016.01.25 10:41:28.516,1.68716,1.68731,1.00,3.36
2016.01.25 10:41:29.023,1.68711,1.68728,1.00,1.11
2016.01.25 10:41:29.126,1.68711,1.68727,1.00,1.30
2016.01.25 10:41:29.329,1.68708,1.68723,1.00,1.23
2016.01.25 10:41:29.487,1.68708,1.68723,1.00,1.70
2016.01.25 10:41:29.844,1.68706,1.68721,1.00,1.23
2016.01.25 10:41:30.806,1.68708,1.68723,1.00,1.56
2016.01.25 10:41:31.314,1.68708,1.68722,1.00,1.23
2016.01.25 10:41:31.887,1.68709,1.68724,1.00,1.30
2016.01.25 10:41:34.864,1.68708,1.68723,1.00,2.05
2016.01.25 10:41:35.171,1.68708,1.6872,1.00,1.37
2016.01.25 10:41:35.674,1.68708,1.68719,1.00,1.37
2016.01.25 10:41:36.154,1.6871,1.68719,1.00,1.37
2016.01.25 10:41:36.501,1.68718,1.68731,3.00,1.00
2016.01.25 10:41:36.554,1.68722,1.68736,1.00,1.75
2016.01.25 10:41:36.656,1.68722,1.68736,1.00,1.00
2016.01.25 10:41:37.317,1.68722,1.68735,1.00,1.37
2016.01.25 10:41:37.826,1.68722,1.68735,1.00,1.51
2016.01.25 10:41:40.170,1.68721,1.68736,1.00,1.88
2016.01.25 10:41:40.797,1.6872,1.68736,1.00,1.88
2016.01.25 10:41:41.331,1.6872,1.68735,1.00,1.51
2016.01.25 10:41:42.950,1.6872,1.68736,1.00,2.26
2016.01.25 10:41:43.944,1.68718,1.68732,1.00,1.37
2016.01.25 10:41:44.453,1.68718,1.68732,1.00,1.87
2016.01.25 10:41:44.758,1.6872,1.68735,1.00,1.57
2016.01.25 10:41:44.962,1.68721,1.68738,1.00,2.21
2016.01.25 10:41:45.219,1.68723,1.68737,1.00,1.49
2016.01.25 10:41:45.749,1.68719,1.68736,1.37,1.39
2016.01.25 10:41:46.397,1.68719,1.68736,1.12,1.01
2016.01.25 10:41:46.906,1.68719,1.68736,1.12,1.39
2016.01.25 10:41:47.109,1.68721,1.68736,1.00,1.39
2016.01.25 10:41:47.617,1.68722,1.68737,1.00,1.85
2016.01.25 10:41:48.223,1.68719,1.68737,4.50,3.26
2016.01.25 10:41:48.733,1.68718,1.68736,2.06,1.62
2016.01.25 10:41:48.785,1.68718,1.68736,1.69,3.19
2016.01.25 10:41:49.288,1.68718,1.68734,1.50,1.87
2016.01.25 10:41:49.899,1.68718,1.68735,1.50,1.69
2016.01.25 10:41:50.394,1.68716,1.68731,1.25,1.00
2016.01.25 10:41:50.445,1.68715,1.68729,2.06,1.50
2016.01.25 10:41:50.547,1.68712,1.68728,1.50,4.12
2016.01.25 10:41:50.650,1.68711,1.68728,1.12,4.12
2016.01.25 10:41:50.701,1.68709,1.68728,1.31,4.87
2016.01.25 10:41:50.854,1.68709,1.68728,2.06,4.87
2016.01.25 10:41:52.743,1.68709,1.68726,1.62,1.31
2016.01.25 10:41:53.049,1.68708,1.68723,1.00,1.25
2016.01.25 10:41:53.574,1.68707,1.68723,1.00,1.25
2016.01.25 10:41:53.879,1.68709,1.68725,1.00,1.12
2016.01.25 10:41:55.734,1.68709,1.68726,1.00,1.25
2016.01.25 10:41:56.090,1.68709,1.68725,1.00,3.75
2016.01.25 10:41:56.446,1.68706,1.68724,1.12,3.37
2016.01.25 10:41:57.054,1.68708,1.68724,1.00,3.00
2016.01.25 10:41:59.074,1.68708,1.68721,1.00,1.00
2016.01.25 10:42:00.705,1.68708,1.68721,1.00,1.56
2016.01.25 10:42:01.413,1.68705,1.68721,1.00,1.56
2016.01.25 10:42:01.923,1.68705,1.68721,1.24,1.16
2016.01.25 10:42:02.025,1.68707,1.68721,1.00,1.16
2016.01.25 10:42:02.572,1.68708,1.68721,1.00,1.16
2016.01.25 10:42:02.877,1.68701,1.68716,1.25,1.00
2016.01.25 10:42:02.929,1.68699,1.68713,2.62,1.16
2016.01.25 10:42:02.980,1.68699,1.68713,1.00,1.16
2016.01.25 10:42:03.031,1.68699,1.68708,1.00,2.85
2016.01.25 10:42:03.133,1.68693,1.68708,1.50,1.05
2016.01.25 10:42:03.186,1.68693,1.6871,1.50,4.35
2016.01.25 10:42:03.989,1.68693,1.68707,1.50,1.05
2016.01.25 10:42:04.346,1.68694,1.68709,1.49,1.50
2016.01.25 10:42:04.854,1.68696,1.68709,1.00,1.00
2016.01.25 10:42:05.159,1.68698,1.68709,1.00,1.00
2016.01.25 10:42:05.566,1.68698,1.68714,1.31,1.37
2016.01.25 10:42:06.044,1.68701,1.68716,1.00,1.80
2016.01.25 10:42:06.146,1.68699,1.68714,1.00,1.12
2016.01.25 10:42:06.400,1.68699,1.68715,1.56,1.00
2016.01.25 10:42:07.011,1.68697,1.68714,6.00,1.00
2016.01.25 10:42:07.284,1.68697,1.68714,2.81,1.00
2016.01.25 10:42:07.539,1.68697,1.68712,1.00,1.16
2016.01.25 10:42:07.643,1.68693,1.6871,1.46,1.41
2016.01.25 10:42:08.152,1.68693,1.6871,1.12,1.12
2016.01.25 10:42:09.467,1.68693,1.6871,1.12,1.50
2016.01.25 10:42:09.569,1.68689,1.68707,4.20,1.12
2016.01.25 10:42:09.621,1.68689,1.68705,1.95,1.05
2016.01.25 10:42:09.723,1.68689,1.68705,1.00,3.22
2016.01.25 10:42:09.825,1.68689,1.68706,1.12,2.25
2016.01.25 10:42:10.130,1.6869,1.68706,1.62,1.00
2016.01.25 10:42:10.385,1.68693,1.68711,1.87,2.29
2016.01.25 10:42:10.640,1.68696,1.68711,1.00,2.29
2016.01.25 10:42:10.895,1.68694,1.68711,1.12,1.87
2016.01.25 10:42:11.099,1.68694,1.68708,1.00,1.54
2016.01.25 10:42:11.390,1.68692,1.68708,1.50,2.29
2016.01.25 10:42:12.204,1.68692,1.68707,1.50,1.25
2016.01.25 10:42:13.101,1.68692,1.68708,1.50,4.87
2016.01.25 10:42:14.310,1.68695,1.68707,1.00,1.64
2016.01.25 10:42:14.818,1.68695,1.68707,1.00,3.70
2016.01.25 10:42:15.146,1.68697,1.68707,1.00,1.56
2016.01.25 10:42:16.207,1.68697,1.68707,1.00,1.26
2016.01.25 10:42:16.511,1.68695,1.68707,1.00,4.82
2016.01.25 10:42:17.019,1.68696,1.68707,1.00,1.75
2016.01.25 10:42:18.121,1.68696,1.68707,1.00,1.12
2016.01.25 10:42:18.665,1.68696,1.68708,1.00,1.87
2016.01.25 10:42:19.504,1.68696,1.68707,1.00,1.00
2016.01.25 10:42:20.194,1.68696,1.68708,1.00,1.87
2016.01.25 10:42:20.925,1.68696,1.68707,1.00,1.00
2016.01.25 10:42:21.571,1.68696,1.68708,1.00,1.87
2016.01.25 10:42:21.931,1.68699,1.68711,1.00,1.20
2016.01.25 10:42:22.439,1.68699,1.6871,1.00,1.37
2016.01.25 10:42:23.429,1.68699,1.68711,1.00,1.37
2016.01.25 10:42:24.216,1.687,1.68712,1.00,2.25
2016.01.25 10:42:24.523,1.68702,1.68712,1.00,1.37
2016.01.25 10:42:24.828,1.68705,1.68717,1.00,1.50
2016.01.25 10:42:24.931,1.68705,1.68721,1.31,1.10
2016.01.25 10:42:24.982,1.68708,1.68721,1.00,1.00
2016.01.25 10:42:25.499,1.68706,1.68722,1.00,2.25
2016.01.25 10:42:26.010,1.68706,1.68719,1.00,1.00
2016.01.25 10:42:26.316,1.68708,1.6872,1.00,1.00
2016.01.25 10:42:26.976,1.68708,1.68722,1.00,1.50
2016.01.25 10:42:27.586,1.68705,1.68722,1.87,1.50
2016.01.25 10:42:27.687,1.68708,1.68722,1.00,1.50
2016.01.25 10:42:28.517,1.68708,1.68719,1.00,1.37
2016.01.25 10:42:29.025,1.68708,1.6872,1.00,1.37
2016.01.25 10:42:30.418,1.68708,1.68719,1.00,1.37
2016.01.25 10:42:31.030,1.68706,1.68719,1.00,1.37
2016.01.25 10:42:32.307,1.68707,1.68719,1.00,1.37
2016.01.25 10:42:32.359,1.6871,1.68719,1.00,1.37
2016.01.25 10:42:32.410,1.6871,1.68724,1.00,4.20
2016.01.25 10:42:32.513,1.6871,1.68725,1.00,3.75
2016.01.25 10:42:33.030,1.6871,1.68724,1.00,3.00
2016.01.25 10:42:33.573,1.68711,1.68725,1.00,1.50
2016.01.25 10:42:34.033,1.68714,1.68725,1.00,1.00
2016.01.25 10:42:34.237,1.68714,1.68727,1.00,1.00
2016.01.25 10:42:35.911,1.68716,1.68729,1.00,1.87
2016.01.25 10:42:36.420,1.68716,1.68729,1.00,1.87
2016.01.25 10:42:37.414,1.68716,1.6873,1.00,2.62
2016.01.25 10:42:37.923,1.68716,1.68729,1.00,1.37
2016.01.25 10:42:40.457,1.68716,1.68729,1.60,1.37
2016.01.25 10:42:40.510,1.6872,1.68733,1.00,1.87
2016.01.25 10:42:41.019,1.6872,1.68737,1.35,2.25
2016.01.25 10:42:42.197,1.6872,1.68738,1.60,1.75
2016.01.25 10:42:42.757,1.6872,1.68738,1.60,1.31
2016.01.25 10:42:42.808,1.68723,1.68738,1.00,1.31
2016.01.25 10:42:43.062,1.68727,1.68739,1.10,1.50
2016.01.25 10:42:43.164,1.68728,1.6874,1.10,1.00
2016.01.25 10:42:43.444,1.6873,1.6874,1.10,1.00
2016.01.25 10:42:43.807,1.68733,1.6874,1.00,1.00
2016.01.25 10:42:44.315,1.68731,1.6874,1.35,1.00
2016.01.25 10:42:44.876,1.68731,1.68747,1.35,3.37
2016.01.25 10:42:45.030,1.68732,1.68746,1.85,1.50
2016.01.25 10:42:45.185,1.68734,1.6875,1.35,1.87
2016.01.25 10:42:45.724,1.68734,1.6875,1.10,1.87
2016.01.25 10:42:46.530,1.68736,1.68751,1.00,2.25
2016.01.25 10:42:47.448,1.68736,1.68751,1.00,2.44
2016.01.25 10:42:48.353,1.68736,1.6875,1.00,1.87
2016.01.25 10:42:48.562,1.68733,1.68744,1.25,1.37
2016.01.25 10:42:48.867,1.68727,1.68733,1.00,1.37
2016.01.25 10:42:49.266,1.6872,1.68733,1.12,1.37
2016.01.25 10:42:49.806,1.68721,1.68734,1.00,1.37
2016.01.25 10:42:50.557,1.68723,1.68734,1.00,1.37
2016.01.25 10:42:51.015,1.68725,1.68734,1.00,1.37
2016.01.25 10:42:51.523,1.68724,1.68733,1.05,1.37
2016.01.25 10:42:52.721,1.68721,1.68733,1.72,1.75
2016.01.25 10:42:52.823,1.68721,1.68733,1.00,1.75
2016.01.25 10:42:52.874,1.68717,1.68733,1.66,1.75
2016.01.25 10:42:53.378,1.68717,1.68732,1.04,1.50
2016.01.25 10:42:53.887,1.68717,1.6873,1.00,1.50
2016.01.25 10:42:55.999,1.68717,1.68731,1.00,2.06
2016.01.25 10:42:56.152,1.68717,1.68731,1.00,4.50
2016.01.25 10:42:56.670,1.68717,1.68731,1.00,3.75
2016.01.25 10:42:57.191,1.68716,1.68729,1.00,1.31
2016.01.25 10:42:57.700,1.68716,1.6873,1.00,1.00
2016.01.25 10:42:58.236,1.68716,1.6873,1.00,4.50
2016.01.25 10:42:58.744,1.68717,1.6873,1.00,2.06
2016.01.25 10:42:59.151,1.6872,1.68729,1.00,1.00
2016.01.25 10:42:59.202,1.68718,1.68729,1.00,1.00
2016.01.25 10:42:59.733,1.68717,1.68729,1.00,1.00
2016.01.25 10:43:01.477,1.68715,1.68729,1.00,1.31
2016.01.25 10:43:02.011,1.68715,1.6873,1.00,4.12
2016.01.25 10:43:02.662,1.68715,1.68729,1.00,1.25
2016.01.25 10:43:03.322,1.68715,1.6873,1.00,2.44
2016.01.25 10:43:03.738,1.68713,1.68728,1.00,3.75
2016.01.25 10:43:04.246,1.68713,1.68727,1.00,3.00
2016.01.25 10:43:04.783,1.68713,1.68727,1.00,3.00
2016.01.25 10:43:07.144,1.68709,1.68724,2.25,4.12
2016.01.25 10:43:07.447,1.68706,1.6872,1.00,1.62
2016.01.25 10:43:08.112,1.68703,1.68719,2.06,1.80
2016.01.25 10:43:08.214,1.68703,1.68718,1.31,2.25
2016.01.25 10:43:08.522,1.68705,1.68718,1.00,1.43
2016.01.25 10:43:09.032,1.68705,1.68718,1.00,1.43
2016.01.25 10:43:09.695,1.68705,1.68718,1.00,1.00
2016.01.25 10:43:10.000,1.687,1.68717,1.00,1.05
2016.01.25 10:43:10.052,1.68703,1.68716,1.00,1.00
2016.01.25 10:43:10.155,1.687,1.68714,1.00,1.43
2016.01.25 10:43:10.308,1.68697,1.68714,1.00,1.43
2016.01.25 10:43:10.359,1.68696,1.68712,1.00,2.74
2016.01.25 10:43:10.661,1.68696,1.6871,1.00,1.05
2016.01.25 10:43:10.967,1.68694,1.68708,1.00,3.49
2016.01.25 10:43:11.222,1.68694,1.68709,1.00,3.39
2016.01.25 10:43:11.426,1.68696,1.68709,1.00,3.39
2016.01.25 10:43:12.004,1.68696,1.68708,1.00,2.60
2016.01.25 10:43:12.312,1.68693,1.68708,1.00,2.60
2016.01.25 10:43:12.820,1.68693,1.68707,1.00,2.51
2016.01.25 10:43:12.871,1.68693,1.68708,1.00,2.51
2016.01.25 10:43:13.373,1.68693,1.68708,1.00,2.45
2016.01.25 10:43:14.388,1.68695,1.68707,1.00,2.82
2016.01.25 10:43:14.709,1.68699,1.68713,1.00,3.94
2016.01.25 10:43:15.221,1.68699,1.68712,1.00,1.75
2016.01.25 10:43:15.825,1.68699,1.68713,1.00,3.94
2016.01.25 10:43:15.876,1.68701,1.68715,1.00,1.00
2016.01.25 10:43:16.637,1.68698,1.68715,2.06,1.00
2016.01.25 10:43:16.689,1.68698,1.68715,2.06,1.88
2016.01.25 10:43:17.021,1.68698,1.68711,1.00,1.88
2016.01.25 10:43:17.332,1.687,1.68711,1.00,1.37
2016.01.25 10:43:17.840,1.687,1.6871,1.00,1.37
2016.01.25 10:43:18.387,1.68701,1.6871,1.00,1.37
2016.01.25 10:43:18.641,1.68703,1.68715,1.00,3.56
2016.01.25 10:43:18.692,1.68705,1.68715,1.00,1.37
2016.01.25 10:43:19.658,1.68705,1.68715,1.00,1.00
2016.01.25 10:43:19.811,1.68702,1.68717,1.00,1.88
2016.01.25 10:43:19.862,1.687,1.68717,1.12,3.00
2016.01.25 10:43:19.913,1.687,1.6871,1.12,1.37
2016.01.25 10:43:20.218,1.687,1.68712,1.00,3.56
2016.01.25 10:43:20.871,1.687,1.68711,1.00,1.38
2016.01.25 10:43:21.379,1.687,1.68712,1.00,3.94
2016.01.25 10:43:21.687,1.68702,1.68712,1.00,3.94
2016.01.25 10:43:22.206,1.68702,1.68711,1.00,1.37
2016.01.25 10:43:23.413,1.68702,1.68712,1.00,1.38
2016.01.25 10:43:23.937,1.68702,1.68711,1.00,1.37
2016.01.25 10:43:24.943,1.68702,1.68712,1.00,1.37
2016.01.25 10:43:25.182,1.68705,1.68717,1.00,2.44
2016.01.25 10:43:25.490,1.68707,1.68718,1.00,1.37
2016.01.25 10:43:25.953,1.68707,1.68719,1.00,1.25
2016.01.25 10:43:26.534,1.68707,1.68718,1.00,1.37
2016.01.25 10:43:27.332,1.68707,1.68719,1.00,1.94
2016.01.25 10:43:27.998,1.68707,1.68718,1.00,1.69
2016.01.25 10:43:28.552,1.68705,1.68718,1.00,1.37
2016.01.25 10:43:29.545,1.68705,1.68719,1.00,1.69
2016.01.25 10:43:29.597,1.68707,1.68719,1.00,1.69
2016.01.25 10:43:31.110,1.68703,1.68717,2.62,1.00
2016.01.25 10:43:31.161,1.68703,1.68717,1.50,1.87
2016.01.25 10:43:31.467,1.68701,1.68714,1.00,1.50
2016.01.25 10:43:34.685,1.68701,1.68716,1.00,1.12
2016.01.25 10:43:35.170,1.68698,1.68716,1.87,1.12
2016.01.25 10:43:35.222,1.68698,1.68715,1.00,1.32
2016.01.25 10:43:35.765,1.68698,1.6871,1.00,1.00
2016.01.25 10:43:37.162,1.68695,1.68711,1.12,1.87
2016.01.25 10:43:37.214,1.68694,1.68711,1.00,2.07
2016.01.25 10:43:37.265,1.68694,1.6871,1.00,2.25
2016.01.25 10:43:37.570,1.6869,1.68705,1.00,1.87
2016.01.25 10:43:38.288,1.68689,1.68703,1.00,1.00
2016.01.25 10:43:38.593,1.68686,1.68701,1.00,1.87
2016.01.25 10:43:39.316,1.68689,1.68701,1.00,1.87
2016.01.25 10:43:41.038,1.68687,1.68701,1.00,1.87
2016.01.25 10:43:41.723,1.68687,1.68697,1.00,1.37
2016.01.25 10:43:43.484,1.68687,1.68699,1.00,1.50
2016.01.25 10:43:45.840,1.68685,1.68699,1.81,1.50
2016.01.25 10:43:45.891,1.68684,1.68697,1.00,1.75
2016.01.25 10:43:46.046,1.68685,1.68697,1.00,1.00
2016.01.25 10:43:46.595,1.68685,1.68698,1.00,1.12
2016.01.25 10:43:46.820,1.68687,1.68698,1.00,1.12
2016.01.25 10:43:47.347,1.68687,1.68699,1.56,1.37
2016.01.25 10:43:47.850,1.68687,1.68698,1.56,1.37
2016.01.25 10:43:48.352,1.68687,1.68698,1.31,1.37
2016.01.25 10:43:49.971,1.68687,1.68701,1.00,3.19
2016.01.25 10:43:50.479,1.68686,1.687,1.00,1.37
2016.01.25 10:43:50.882,1.68689,1.687,1.00,1.37
2016.01.25 10:43:52.109,1.68689,1.68701,1.00,1.62
2016.01.25 10:43:52.160,1.68687,1.68701,1.00,1.62
2016.01.25 10:43:52.419,1.68685,1.68701,1.00,1.62
2016.01.25 10:43:52.979,1.68685,1.68701,1.00,2.06
2016.01.25 10:43:53.637,1.68688,1.68701,1.00,2.06
2016.01.25 10:43:54.146,1.68688,1.68701,1.00,1.62
2016.01.25 10:43:54.904,1.68688,1.68701,1.00,1.37
2016.01.25 10:43:55.433,1.68689,1.68701,1.00,1.37
2016.01.25 10:43:55.484,1.68689,1.68703,1.00,1.69
2016.01.25 10:43:56.928,1.68688,1.68703,1.00,1.37
2016.01.25 10:43:57.640,1.68682,1.687,1.50,4.70
2016.01.25 10:43:57.743,1.6868,1.68695,1.50,1.50
2016.01.25 10:43:58.051,1.68679,1.68692,1.00,1.12
2016.01.25 10:43:58.614,1.68678,1.68694,1.00,1.51
2016.01.25 10:43:58.919,1.68678,1.68692,1.00,1.50
2016.01.25 10:43:59.021,1.68679,1.68694,1.00,1.51
2016.01.25 10:43:59.535,1.6868,1.68694,1.00,1.51
2016.01.25 10:44:00.608,1.6868,1.68695,1.00,1.51
2016.01.25 10:44:00.811,1.68681,1.68696,1.00,1.51
2016.01.25 10:44:00.914,1.68683,1.68698,1.00,1.50
2016.01.25 10:44:01.221,1.68686,1.68701,1.00,4.80
2016.01.25 10:44:01.734,1.68686,1.687,1.00,1.37
2016.01.25 10:44:02.141,1.68688,1.68701,1.00,1.37
2016.01.25 10:44:02.649,1.68689,1.68702,1.00,1.50
2016.01.25 10:44:02.929,1.68689,1.68703,1.00,1.37
2016.01.25 10:44:04.055,1.68687,1.68703,1.00,1.53
2016.01.25 10:44:07.010,1.6869,1.68702,1.00,1.00
2016.01.25 10:44:08.055,1.6869,1.68705,1.00,1.62
2016.01.25 10:44:08.585,1.6869,1.68704,1.00,1.00
2016.01.25 10:44:09.121,1.68687,1.68704,1.00,1.50
2016.01.25 10:44:09.223,1.68685,1.68704,1.00,1.62
2016.01.25 10:44:09.419,1.68681,1.68692,1.87,1.37
2016.01.25 10:44:09.623,1.68681,1.68693,1.05,1.37
2016.01.25 10:44:09.725,1.68681,1.68698,1.05,1.53
2016.01.25 10:44:09.828,1.68684,1.68698,1.00,1.53
2016.01.25 10:44:10.033,1.68684,1.68699,1.00,1.62
2016.01.25 10:44:10.541,1.68684,1.687,1.00,4.05
2016.01.25 10:44:11.051,1.68687,1.687,1.00,1.50
2016.01.25 10:44:11.255,1.68687,1.68703,1.00,1.49
2016.01.25 10:44:12.522,1.68687,1.68703,1.00,1.23
2016.01.25 10:44:12.625,1.6869,1.68705,1.00,2.40
2016.01.25 10:44:12.778,1.68694,1.68711,1.11,1.47
2016.01.25 10:44:13.134,1.68696,1.68713,1.00,2.73
2016.01.25 10:44:13.421,1.68698,1.68714,1.00,2.36
2016.01.25 10:44:13.728,1.68707,1.68723,1.67,1.12
2016.01.25 10:44:13.830,1.68706,1.68724,1.11,3.86
2016.01.25 10:44:14.034,1.68704,1.68721,1.42,1.00
2016.01.25 10:44:14.607,1.68704,1.68721,1.15,1.00
2016.01.25 10:44:15.116,1.68705,1.68721,1.15,1.00
2016.01.25 10:44:16.566,1.68704,1.68721,1.15,1.00
2016.01.25 10:44:17.075,1.68703,1.68721,1.80,1.56
2016.01.25 10:44:17.584,1.68703,1.68721,1.61,1.31
2016.01.25 10:44:17.889,1.68703,1.68721,1.80,1.31
2016.01.25 10:44:18.433,1.68705,1.68723,1.36,2.25
2016.01.25 10:44:18.739,1.68707,1.68723,1.36,1.00
2016.01.25 10:44:19.097,1.68713,1.68729,1.15,1.75
2016.01.25 10:44:19.357,1.68713,1.6873,1.36,1.37
2016.01.25 10:44:19.410,1.68712,1.68729,1.16,1.12
2016.01.25 10:44:19.919,1.68712,1.68729,1.41,1.12
2016.01.25 10:44:21.406,1.68712,1.68729,1.21,1.12
2016.01.25 10:44:22.509,1.68711,1.68727,1.10,1.00
2016.01.25 10:44:22.815,1.6871,1.68723,1.00,1.12
2016.01.25 10:44:23.187,1.68708,1.68723,3.35,1.12
2016.01.25 10:44:24.396,1.68706,1.68723,1.47,1.12
2016.01.25 10:44:25.757,1.6871,1.68723,1.00,1.25
2016.01.25 10:44:26.013,1.68711,1.6873,2.60,1.87
2016.01.25 10:44:26.889,1.68712,1.6873,1.12,1.50
2016.01.25 10:44:27.397,1.68713,1.6873,1.12,1.50
2016.01.25 10:44:28.055,1.68713,1.6873,1.12,1.50
2016.01.25 10:44:28.564,1.68713,1.6873,1.12,1.50
2016.01.25 10:44:28.666,1.68714,1.6873,1.12,1.50
2016.01.25 10:44:29.347,1.68711,1.6873,4.42,2.06
2016.01.25 10:44:29.964,1.68712,1.6873,1.36,1.12
2016.01.25 10:44:31.723,1.68711,1.6873,4.42,1.12
2016.01.25 10:44:33.129,1.68714,1.68731,1.15,1.00
2016.01.25 10:44:33.891,1.68715,1.68733,1.11,4.50
2016.01.25 10:44:34.197,1.6872,1.68737,2.74,1.12
2016.01.25 10:44:34.707,1.68724,1.68737,1.15,1.00
2016.01.25 10:44:35.008,1.68738,1.68743,1.00,1.00
2016.01.25 10:44:35.061,1.68741,1.68753,1.00,1.00
2016.01.25 10:44:35.113,1.68743,1.68757,1.00,1.31
2016.01.25 10:44:35.165,1.68743,1.68759,3.30,1.95
2016.01.25 10:44:35.216,1.68743,1.6876,3.67,1.50
2016.01.25 10:44:35.725,1.68743,1.68758,4.42,1.00
2016.01.25 10:44:36.000,1.68743,1.68758,2.92,1.50
2016.01.25 10:44:36.102,1.68741,1.68758,4.80,1.00
2016.01.25 10:44:36.306,1.68743,1.6876,1.49,1.69
2016.01.25 10:44:36.917,1.68744,1.68762,1.80,1.69
2016.01.25 10:44:37.423,1.68742,1.6876,2.74,1.69
2016.01.25 10:44:37.475,1.68742,1.68757,2.17,1.00
2016.01.25 10:44:38.713,1.68742,1.68759,1.99,1.56
2016.01.25 10:44:39.578,1.68742,1.68759,2.62,1.31
2016.01.25 10:44:39.926,1.68742,1.68761,3.19,2.06
2016.01.25 10:44:40.587,1.68742,1.68761,3.19,2.06
2016.01.25 10:44:40.893,1.68746,1.68762,1.12,1.25
2016.01.25 10:44:41.151,1.68746,1.68763,4.12,1.00
2016.01.25 10:44:41.558,1.68746,1.6876,1.12,1.81
2016.01.25 10:44:41.862,1.68744,1.68755,1.12,1.81
2016.01.25 10:44:41.964,1.68743,1.68754,1.00,1.81
2016.01.25 10:44:42.015,1.68741,1.68754,1.00,1.81
2016.01.25 10:44:42.118,1.68739,1.68754,1.12,1.81
2016.01.25 10:44:42.339,1.68738,1.68751,1.87,1.81
2016.01.25 10:44:42.796,1.68739,1.68752,1.87,1.81
2016.01.25 10:44:43.304,1.68739,1.68754,1.95,1.81
2016.01.25 10:44:43.407,1.68739,1.68753,1.95,1.81
2016.01.25 10:44:43.941,1.68739,1.68752,1.20,1.81
2016.01.25 10:44:44.044,1.68738,1.68751,2.70,1.81
2016.01.25 10:44:44.400,1.68737,1.68748,1.12,1.81
2016.01.25 10:44:44.553,1.68731,1.68742,1.12,1.81
2016.01.25 10:44:45.256,1.68731,1.6874,1.00,1.81
2016.01.25 10:44:46.683,1.68731,1.68742,1.00,1.81
2016.01.25 10:44:47.355,1.68731,1.68743,1.00,1.81
2016.01.25 10:44:48.813,1.68729,1.68742,1.50,1.81
2016.01.25 10:44:48.916,1.68727,1.68739,1.87,1.81
2016.01.25 10:44:49.323,1.68724,1.68733,2.62,1.81
2016.01.25 10:44:49.425,1.68721,1.68733,1.12,1.81
2016.01.25 10:44:49.667,1.68719,1.68731,1.37,1.81
2016.01.25 10:44:50.202,1.68719,1.68731,1.37,1.81
2016.01.25 10:44:50.305,1.68717,1.68731,1.50,1.81
2016.01.25 10:44:50.765,1.68717,1.68729,1.00,1.81
2016.01.25 10:44:51.308,1.68716,1.68728,1.00,1.81
2016.01.25 10:44:51.817,1.68716,1.68728,1.00,1.81
2016.01.25 10:44:52.351,1.68717,1.68728,1.00,1.81
2016.01.25 10:44:53.856,1.68717,1.68728,1.00,1.81
2016.01.25 10:44:54.161,1.68719,1.68728,1.00,1.81
2016.01.25 10:44:54.212,1.68719,1.68734,1.00,1.97
2016.01.25 10:44:54.821,1.6872,1.68734,1.00,1.34
2016.01.25 10:44:54.975,1.68718,1.68734,1.37,2.84
2016.01.25 10:44:55.497,1.68718,1.68734,1.37,2.84
2016.01.25 10:44:56.005,1.68718,1.68735,1.37,3.22
2016.01.25 10:44:56.770,1.68718,1.68735,1.00,3.22
2016.01.25 10:44:57.076,1.68718,1.68734,1.00,2.84
2016.01.25 10:44:58.125,1.68718,1.68733,1.00,2.84
2016.01.25 10:44:58.542,1.68716,1.68733,1.00,2.84
2016.01.25 10:44:58.695,1.68718,1.68733,1.00,2.84
2016.01.25 10:44:59.351,1.68719,1.68733,1.00,2.84
2016.01.25 10:44:59.555,1.68721,1.68736,1.00,2.84
2016.01.25 10:45:00.196,1.68721,1.68735,1.12,2.84
2016.01.25 10:45:00.653,1.68724,1.68737,1.00,3.22
2016.01.25 10:45:01.256,1.68724,1.68733,1.00,1.29
2016.01.25 10:45:01.849,1.68724,1.68732,1.00,1.29
2016.01.25 10:45:01.900,1.68724,1.68734,1.00,1.29
2016.01.25 10:45:02.206,1.68724,1.68737,1.00,2.84
2016.01.25 10:45:02.701,1.68724,1.68735,1.12,1.29
2016.01.25 10:45:03.007,1.68725,1.68737,1.12,1.29
2016.01.25 10:45:03.059,1.68728,1.68737,1.00,1.29
2016.01.25 10:45:03.569,1.68728,1.68741,1.00,2.84
2016.01.25 10:45:04.126,1.68729,1.68741,1.00,2.84
2016.01.25 10:45:04.661,1.68732,1.68739,1.00,1.12
2016.01.25 10:45:04.763,1.6873,1.68741,1.12,1.12
2016.01.25 10:45:04.815,1.68732,1.68741,1.00,1.12
2016.01.25 10:45:05.165,1.68732,1.68739,1.00,1.12
2016.01.25 10:45:05.828,1.68732,1.68745,1.00,3.00
2016.01.25 10:45:05.981,1.68732,1.68746,1.00,3.37
2016.01.25 10:45:06.843,1.68734,1.68747,1.00,3.00
2016.01.25 10:45:07.475,1.68734,1.68748,1.00,3.00
2016.01.25 10:45:07.527,1.68734,1.68747,1.00,2.25
2016.01.25 10:45:08.040,1.68734,1.68748,1.00,2.25
2016.01.25 10:45:08.548,1.68734,1.68747,1.00,2.25
2016.01.25 10:45:09.592,1.68734,1.68749,1.00,2.25
2016.01.25 10:45:10.994,1.68734,1.68747,1.00,2.25
2016.01.25 10:45:11.528,1.68735,1.68747,1.00,2.25
2016.01.25 10:45:12.119,1.68735,1.68748,1.00,2.25
2016.01.25 10:45:12.425,1.68732,1.68745,1.12,2.63
2016.01.25 10:45:12.679,1.6873,1.68744,1.00,3.00
2016.01.25 10:45:13.777,1.68731,1.68744,1.00,1.00
2016.01.25 10:45:13.981,1.68733,1.68745,1.00,2.63
2016.01.25 10:45:15.834,1.68731,1.68744,1.12,2.25
2016.01.25 10:45:16.515,1.68731,1.68745,1.12,2.63
2016.01.25 10:45:17.036,1.68732,1.68745,1.00,2.25
2016.01.25 10:45:17.790,1.68732,1.68745,1.00,2.83
2016.01.25 10:45:18.292,1.68732,1.68747,1.00,3.21
2016.01.25 10:45:19.193,1.68732,1.68746,1.00,2.92
2016.01.25 10:45:19.702,1.68732,1.68748,1.00,2.92
2016.01.25 10:45:20.058,1.68732,1.6875,1.00,2.55
2016.01.25 10:45:20.707,1.68732,1.68749,1.00,2.55
2016.01.25 10:45:20.809,1.68732,1.68749,1.00,2.39
2016.01.25 10:45:22.360,1.68736,1.6875,1.00,1.12
2016.01.25 10:45:22.919,1.68736,1.68751,1.00,1.20
2016.01.25 10:45:23.424,1.68736,1.6875,1.00,1.00
2016.01.25 10:45:24.013,1.68736,1.68751,1.00,1.12
2016.01.25 10:45:25.794,1.68736,1.6875,1.00,1.00
2016.01.25 10:45:26.305,1.68736,1.68751,1.00,1.12
2016.01.25 10:45:26.827,1.68733,1.68747,1.12,1.00
2016.01.25 10:45:27.138,1.68725,1.68741,1.31,1.50
2016.01.25 10:45:27.647,1.68723,1.6874,1.87,1.37
2016.01.25 10:45:28.174,1.68724,1.6874,1.12,1.37
2016.01.25 10:45:28.953,1.68723,1.6874,2.25,1.37
2016.01.25 10:45:29.055,1.68725,1.68741,1.12,1.37
2016.01.25 10:45:30.374,1.68726,1.68742,1.87,1.37
2016.01.25 10:45:30.925,1.68726,1.68743,1.31,2.62
2016.01.25 10:45:31.432,1.68725,1.6874,1.12,1.37
2016.01.25 10:45:31.979,1.68725,1.6874,1.12,1.12
2016.01.25 10:45:34.141,1.68726,1.6874,1.12,1.12
2016.01.25 10:45:34.687,1.68726,1.6874,1.12,1.37
2016.01.25 10:45:35.207,1.68725,1.6874,1.12,1.12
2016.01.25 10:45:35.711,1.68726,1.6874,1.12,1.12
2016.01.25 10:45:35.762,1.68725,1.6874,1.12,1.37
2016.01.25 10:45:36.294,1.68725,1.68738,1.12,1.00
2016.01.25 10:45:36.635,1.68726,1.68738,1.12,1.00
2016.01.25 10:45:37.148,1.68726,1.68738,1.12,1.00
2016.01.25 10:45:37.650,1.68724,1.68738,1.59,1.00
2016.01.25 10:45:38.219,1.68726,1.6874,1.59,1.12
2016.01.25 10:45:38.525,1.68727,1.68741,1.59,1.00
2016.01.25 10:45:39.059,1.68727,1.68741,1.28,1.00
2016.01.25 10:45:40.333,1.68727,1.68744,1.28,1.12
2016.01.25 10:45:41.277,1.68726,1.6874,1.09,1.00
2016.01.25 10:45:41.482,1.68723,1.68739,1.59,1.00
2016.01.25 10:45:42.079,1.68722,1.68738,1.91,1.00
2016.01.25 10:45:42.689,1.68723,1.68738,1.59,1.00
2016.01.25 10:45:44.241,1.68724,1.68738,1.09,1.00
2016.01.25 10:45:44.445,1.68726,1.68739,1.97,1.00
2016.01.25 10:45:44.673,1.68728,1.68743,1.28,1.00
2016.01.25 10:45:44.776,1.68728,1.68745,2.03,1.12
2016.01.25 10:45:44.880,1.6873,1.68749,2.78,1.69
2016.01.25 10:45:45.033,1.68734,1.68749,1.09,1.12
2016.01.25 10:45:45.545,1.68735,1.68749,1.34,1.12
2016.01.25 10:45:46.102,1.68735,1.68751,1.66,1.87
2016.01.25 10:45:46.357,1.68734,1.68751,1.09,1.87
2016.01.25 10:45:46.901,1.68732,1.68748,2.41,1.00
2016.01.25 10:45:47.224,1.68737,1.68751,1.00,1.75
2016.01.25 10:45:47.276,1.68737,1.68753,1.00,2.81
2016.01.25 10:45:47.632,1.68735,1.68753,1.09,2.25
2016.01.25 10:45:47.785,1.68733,1.68749,1.50,1.00
2016.01.25 10:45:47.888,1.68732,1.68749,1.12,4.12
2016.01.25 10:45:47.940,1.68729,1.68748,1.31,1.25
2016.01.25 10:45:48.206,1.68729,1.68747,1.00,2.00
2016.01.25 10:45:49.423,1.68728,1.68745,1.69,1.12
2016.01.25 10:45:49.805,1.6873,1.68745,1.00,1.87
2016.01.25 10:45:51.334,1.68729,1.68745,1.00,2.70
2016.01.25 10:45:51.672,1.68729,1.68743,1.00,1.00
2016.01.25 10:45:52.363,1.68727,1.68743,1.69,1.37
2016.01.25 10:45:52.465,1.68726,1.68741,1.31,1.00
2016.01.25 10:45:52.567,1.68724,1.6874,1.12,1.95
2016.01.25 10:45:52.619,1.68723,1.6874,1.69,3.26
2016.01.25 10:45:53.280,1.68723,1.68739,1.69,1.57
2016.01.25 10:45:54.184,1.68723,1.68739,1.12,2.14
2016.01.25 10:45:54.681,1.6872,1.68737,1.00,1.00
2016.01.25 10:45:55.038,1.68722,1.68737,1.31,1.00
2016.01.25 10:45:55.090,1.68722,1.68739,1.31,1.39
2016.01.25 10:45:55.141,1.68725,1.6874,1.31,2.32
2016.01.25 10:45:55.295,1.68725,1.68742,1.87,1.20
2016.01.25 10:45:55.624,1.68728,1.68742,1.00,1.10
2016.01.25 10:45:56.336,1.68729,1.68743,1.00,1.37
2016.01.25 10:45:56.744,1.68729,1.68744,1.00,1.12
2016.01.25 10:46:00.368,1.68731,1.68744,1.00,1.12
2016.01.25 10:46:00.718,1.68732,1.68748,1.56,2.62
2016.01.25 10:46:00.871,1.68736,1.6875,1.00,1.00
2016.01.25 10:46:02.672,1.68734,1.68752,1.69,1.37
2016.01.25 10:46:03.095,1.68738,1.68752,1.00,1.37
2016.01.25 10:46:03.296,1.68739,1.68754,1.00,1.69
2016.01.25 10:46:03.348,1.68739,1.68757,1.87,2.51
2016.01.25 10:46:03.652,1.68742,1.68757,1.00,1.37
2016.01.25 10:46:03.704,1.6874,1.68757,1.00,1.50
2016.01.25 10:46:04.161,1.6874,1.68756,1.00,1.37
2016.01.25 10:46:04.774,1.68742,1.68756,1.00,1.50
2016.01.25 10:46:05.029,1.68745,1.68761,1.00,2.25
2016.01.25 10:46:05.336,1.68747,1.6876,1.00,1.37
2016.01.25 10:46:05.871,1.68747,1.68761,1.00,1.37
2016.01.25 10:46:06.380,1.68745,1.68761,2.22,1.37
2016.01.25 10:46:07.037,1.68745,1.68761,2.22,1.37
2016.01.25 10:46:08.227,1.68745,1.6876,2.22,1.37
2016.01.25 10:46:09.935,1.68745,1.68761,1.10,1.57
2016.01.25 10:46:10.701,1.68744,1.6876,1.95,1.47
2016.01.25 10:46:11.252,1.68744,1.6876,1.95,1.37
2016.01.25 10:46:11.703,1.68747,1.68763,1.00,2.32
2016.01.25 10:46:11.907,1.68745,1.68762,1.57,1.20
2016.01.25 10:46:12.416,1.68744,1.68761,1.20,1.00
2016.01.25 10:46:12.972,1.68745,1.68761,1.51,1.00
2016.01.25 10:46:13.513,1.68745,1.68761,1.51,1.20
2016.01.25 10:46:14.025,1.68746,1.68762,1.01,1.87
2016.01.25 10:46:14.544,1.68747,1.68762,1.01,1.50
2016.01.25 10:46:14.849,1.68739,1.68757,2.21,1.37
2016.01.25 10:46:14.951,1.6874,1.68757,1.51,1.95
2016.01.25 10:46:15.195,1.68739,1.68756,1.95,1.57
2016.01.25 10:46:15.722,1.68739,1.68755,1.01,1.12
2016.01.25 10:46:16.525,1.68739,1.68755,1.00,1.50
2016.01.25 10:46:17.837,1.68739,1.68756,1.01,1.32
2016.01.25 10:46:17.990,1.68741,1.68756,1.00,1.32
2016.01.25 10:46:18.092,1.68741,1.68757,1.51,1.50
2016.01.25 10:46:18.143,1.68739,1.68757,1.39,1.50
2016.01.25 10:46:18.600,1.68741,1.68756,1.00,1.12
2016.01.25 10:46:19.137,1.68741,1.68757,1.56,1.57
2016.01.25 10:46:19.645,1.68741,1.68758,1.00,2.70
2016.01.25 10:46:19.951,1.68737,1.68752,1.00,1.45
2016.01.25 10:46:20.478,1.68736,1.68751,2.25,1.65
2016.01.25 10:46:20.993,1.68736,1.68751,1.31,1.65
2016.01.25 10:46:21.536,1.68736,1.68752,1.31,1.50
2016.01.25 10:46:22.046,1.68736,1.68752,1.87,1.82
2016.01.25 10:46:24.470,1.68737,1.68753,1.31,1.50
2016.01.25 10:46:24.978,1.68737,1.68753,1.31,1.87
2016.01.25 10:46:25.486,1.68737,1.68753,1.31,1.12
2016.01.25 10:46:25.802,1.68736,1.6875,1.12,1.50
2016.01.25 10:46:25.854,1.68735,1.68749,1.31,1.07
2016.01.25 10:46:26.362,1.68734,1.68749,1.87,1.20
2016.01.25 10:46:26.871,1.68732,1.68749,1.50,3.75
2016.01.25 10:46:27.124,1.68731,1.68748,2.25,2.25
2016.01.25 10:46:27.635,1.68731,1.68745,1.87,1.87
2016.01.25 10:46:27.992,1.68728,1.68744,1.50,1.12
2016.01.25 10:46:28.382,1.68732,1.68744,1.12,1.47
2016.01.25 10:46:28.535,1.68732,1.68745,1.87,1.95
2016.01.25 10:46:29.047,1.68732,1.68745,1.87,1.07
2016.01.25 10:46:29.973,1.68731,1.68746,1.87,1.50
2016.01.25 10:46:30.126,1.68733,1.68746,1.12,1.50
2016.01.25 10:46:30.949,1.68732,1.68746,1.12,1.50
2016.01.25 10:46:31.459,1.68732,1.68746,1.12,1.12
2016.01.25 10:46:31.714,1.68733,1.68748,1.00,2.32
2016.01.25 10:46:31.867,1.68735,1.68747,1.00,1.50
2016.01.25 10:46:32.164,1.68735,1.6875,1.87,1.07
2016.01.25 10:46:32.775,1.68735,1.6875,1.00,1.45
2016.01.25 10:46:32.827,1.68735,1.68749,1.00,1.50
2016.01.25 10:46:34.495,1.68735,1.68749,2.25,1.50
2016.01.25 10:46:34.782,1.68736,1.6875,1.81,2.25
2016.01.25 10:46:34.934,1.68736,1.68751,1.00,1.50
2016.01.25 10:46:35.710,1.68736,1.68751,2.25,1.50
2016.01.25 10:46:36.214,1.68736,1.68751,1.00,1.50
2016.01.25 10:46:36.526,1.68738,1.68751,1.00,1.50
2016.01.25 10:46:37.814,1.68736,1.68752,1.87,1.47
2016.01.25 10:46:38.390,1.68736,1.68752,1.00,1.57
2016.01.25 10:46:38.904,1.68735,1.68752,1.31,1.95
2016.01.25 10:46:39.405,1.68734,1.6875,1.00,2.25
2016.01.25 10:46:40.372,1.68734,1.6875,1.56,1.50
2016.01.25 10:46:40.681,1.68739,1.6875,1.87,1.50
2016.01.25 10:46:40.785,1.68743,1.68754,1.25,1.87
2016.01.25 10:46:40.836,1.68745,1.68755,1.00,1.37
2016.01.25 10:46:40.887,1.68744,1.68757,1.12,1.00
2016.01.25 10:46:41.396,1.68744,1.68759,1.00,1.57
2016.01.25 10:46:41.900,1.68742,1.68758,1.12,1.07
2016.01.25 10:46:41.952,1.68744,1.68758,1.00,1.07
2016.01.25 10:46:42.257,1.68742,1.68758,1.12,1.20
2016.01.25 10:46:44.452,1.68741,1.68758,1.87,1.20
2016.01.25 10:46:45.917,1.68745,1.68758,1.00,1.57
2016.01.25 10:46:47.288,1.68743,1.68758,1.00,1.57
2016.01.25 10:46:47.491,1.68743,1.68756,1.00,1.37
2016.01.25 10:46:47.543,1.68741,1.68755,1.31,1.45
2016.01.25 10:46:47.848,1.68738,1.68754,1.87,1.27
2016.01.25 10:46:47.900,1.6874,1.68754,1.00,1.95
2016.01.25 10:46:48.205,1.68742,1.68756,1.31,1.50
2016.01.25 10:46:48.426,1.68745,1.68756,1.00,1.00
2016.01.25 10:46:48.936,1.68747,1.68759,1.00,3.00
2016.01.25 10:46:49.089,1.68747,1.68759,1.00,1.27
2016.01.25 10:46:49.858,1.68747,1.68761,1.00,2.62
2016.01.25 10:46:50.689,1.68747,1.68762,2.25,1.95
2016.01.25 10:46:50.791,1.68748,1.68762,1.81,1.47
2016.01.25 10:46:50.843,1.68748,1.68763,1.81,1.37
2016.01.25 10:46:51.103,1.68747,1.68763,1.56,1.37
2016.01.25 10:46:51.714,1.68747,1.68762,1.56,1.37
2016.01.25 10:46:52.238,1.68747,1.68762,1.31,1.37
2016.01.25 10:46:52.675,1.6875,1.68762,1.00,1.37
2016.01.25 10:46:53.194,1.6875,1.68763,1.00,1.37
2016.01.25 10:46:53.246,1.68751,1.68765,1.00,1.50
2016.01.25 10:46:53.297,1.68751,1.68766,1.00,1.20
2016.01.25 10:46:53.832,1.68751,1.68766,1.00,2.02
2016.01.25 10:46:54.054,1.68749,1.68766,1.12,2.02
2016.01.25 10:46:54.105,1.68749,1.68762,1.12,1.00
2016.01.25 10:46:54.901,1.68749,1.68761,1.12,1.00
2016.01.25 10:46:55.436,1.6875,1.68762,1.12,1.00
2016.01.25 10:46:55.945,1.6875,1.68762,1.12,1.00
2016.01.25 10:46:56.097,1.6875,1.68764,1.50,1.00
2016.01.25 10:46:56.315,1.68755,1.68764,1.75,1.00
2016.01.25 10:46:56.368,1.68758,1.68768,1.81,1.12
2016.01.25 10:46:56.420,1.68763,1.68768,1.12,1.00
2016.01.25 10:46:56.726,1.68776,1.68784,1.25,1.00
2016.01.25 10:46:56.777,1.68776,1.68782,2.06,1.00
2016.01.25 10:46:56.829,1.68781,1.68794,1.50,1.50
2016.01.25 10:46:56.880,1.68781,1.68794,1.50,1.12
2016.01.25 10:46:56.931,1.68781,1.68795,1.50,1.12
2016.01.25 10:46:57.437,1.68785,1.688,1.00,2.32
2016.01.25 10:46:57.706,1.68783,1.68799,1.12,1.47
2016.01.25 10:46:57.758,1.68783,1.68795,1.12,1.00
2016.01.25 10:46:58.012,1.68776,1.68791,1.00,1.50
2016.01.25 10:46:58.114,1.68776,1.68792,1.00,2.32
2016.01.25 10:46:58.625,1.68776,1.68792,1.37,1.20
2016.01.25 10:46:58.727,1.68777,1.6879,1.25,1.00
2016.01.25 10:46:59.033,1.68775,1.68786,1.12,1.00
2016.01.25 10:46:59.084,1.68771,1.68786,1.12,1.00
2016.01.25 10:46:59.491,1.6877,1.68785,1.00,1.37
2016.01.25 10:46:59.995,1.68771,1.68786,1.00,2.51
2016.01.25 10:47:00.503,1.68774,1.68786,1.00,2.32
2016.01.25 10:47:01.281,1.68772,1.68786,1.00,3.07
2016.01.25 10:47:01.433,1.6877,1.68785,1.12,1.50
2016.01.25 10:47:01.586,1.68769,1.68783,1.37,1.37
2016.01.25 10:47:01.790,1.68767,1.68782,1.00,2.14
2016.01.25 10:47:01.993,1.68764,1.68779,1.20,1.00
2016.01.25 10:47:02.254,1.68764,1.68779,1.00,3.19
2016.01.25 10:47:02.509,1.68765,1.68779,1.00,1.07
2016.01.25 10:47:02.814,1.68767,1.6878,1.00,2.25
2016.01.25 10:47:03.221,1.68771,1.6878,1.00,1.87
2016.01.25 10:47:03.425,1.68774,1.68789,1.00,1.57
2016.01.25 10:47:03.622,1.68774,1.68789,1.00,1.00
2016.01.25 10:47:04.081,1.68775,1.68791,1.00,1.00
2016.01.25 10:47:04.284,1.68777,1.68792,1.00,1.50
2016.01.25 10:47:04.704,1.68778,1.68794,1.04,1.10
2016.01.25 10:47:05.019,1.68766,1.6877,13.50,1.00
2016.01.25 10:47:05.071,1.68762,1.68769,1.50,1.00
2016.01.25 10:47:05.173,1.68755,1.68763,2.85,1.00
2016.01.25 10:47:05.224,1.68749,1.68761,1.99,1.00
2016.01.25 10:47:05.276,1.68749,1.68759,1.52,1.00
2016.01.25 10:47:05.675,1.68746,1.68758,1.20,1.00
2016.01.25 10:47:05.980,1.68746,1.68756,1.65,1.00
2016.01.25 10:47:06.438,1.68744,1.68755,1.45,1.00
2016.01.25 10:47:06.809,1.68742,1.68755,1.57,1.00
2016.01.25 10:47:07.381,1.68742,1.68752,1.95,1.00
2016.01.25 10:47:07.990,1.68742,1.68752,1.00,1.00
2016.01.25 10:47:08.297,1.68733,1.68746,2.70,1.00
2016.01.25 10:47:08.451,1.68733,1.68745,1.50,1.00
2016.01.25 10:47:08.711,1.68733,1.68741,1.50,1.00
2016.01.25 10:47:09.228,1.68732,1.68744,1.12,1.00
2016.01.25 10:47:09.795,1.68732,1.68741,1.00,1.00
2016.01.25 10:47:11.998,1.68732,1.68744,1.00,1.00
2016.01.25 10:47:18.300,1.68732,1.68746,1.00,1.00
2016.01.25 10:47:18.403,1.68735,1.68748,2.25,1.20
2016.01.25 10:47:18.708,1.6874,1.68753,1.75,1.00
2016.01.25 10:47:19.211,1.68741,1.68753,1.00,1.00
2016.01.25 10:47:20.134,1.6874,1.68748,2.62,1.00
2016.01.25 10:47:20.338,1.68733,1.68745,2.32,1.00
2016.01.25 10:47:20.586,1.68733,1.68747,1.95,1.00
2016.01.25 10:47:22.388,1.68734,1.68747,4.40,1.00
2016.01.25 10:47:24.141,1.68734,1.68747,1.96,1.00
2016.01.25 10:47:25.615,1.68735,1.68749,1.01,1.00
2016.01.25 10:47:27.531,1.68735,1.68749,3.82,1.00
2016.01.25 10:47:27.633,1.68735,1.68747,3.45,1.00
2016.01.25 10:47:27.838,1.68731,1.68744,1.10,1.00
2016.01.25 10:47:28.635,1.68729,1.68744,1.25,1.00
2016.01.25 10:47:28.792,1.6873,1.68744,3.00,1.00
2016.01.25 10:47:29.334,1.68729,1.68744,3.37,1.00
2016.01.25 10:47:29.989,1.68729,1.68744,3.37,1.00
2016.01.25 10:47:30.508,1.68729,1.68744,4.12,1.00
2016.01.25 10:47:31.327,1.6873,1.68744,1.22,1.00
2016.01.25 10:47:31.596,1.68731,1.68747,3.75,1.00
2016.01.25 10:47:31.648,1.68735,1.68747,1.00,1.00
2016.01.25 10:47:32.158,1.68734,1.68747,1.76,1.00
2016.01.25 10:47:32.209,1.68734,1.68751,2.51,3.00
2016.01.25 10:47:32.311,1.68741,1.68753,1.37,1.00
2016.01.25 10:47:32.740,1.6874,1.68753,1.20,1.00
2016.01.25 10:47:32.842,1.68738,1.68751,2.14,1.00
2016.01.25 10:47:32.894,1.68738,1.68751,1.31,1.00
2016.01.25 10:47:33.507,1.68738,1.68752,1.00,1.00
2016.01.25 10:47:33.558,1.6874,1.68756,1.12,3.15
2016.01.25 10:47:34.005,1.68749,1.6876,1.01,1.00
2016.01.25 10:47:34.530,1.6875,1.6876,1.00,1.00
2016.01.25 10:47:34.836,1.6875,1.68758,1.00,1.00
2016.01.25 10:47:34.937,1.6875,1.6876,1.00,1.00
2016.01.25 10:47:34.988,1.68747,1.6876,1.12,1.00
2016.01.25 10:47:35.515,1.68746,1.68759,1.25,1.00
2016.01.25 10:47:38.259,1.68745,1.68759,1.31,1.00
2016.01.25 10:47:39.024,1.68745,1.68762,1.31,1.00
2016.01.25 10:47:39.075,1.68746,1.6876,1.87,1.00
2016.01.25 10:47:39.229,1.68748,1.68762,1.25,1.00
2016.01.25 10:47:39.331,1.68747,1.6876,1.37,1.00
2016.01.25 10:47:39.525,1.68746,1.6876,1.25,1.00
2016.01.25 10:47:39.780,1.68744,1.68751,2.32,1.00
2016.01.25 10:47:39.883,1.68743,1.6875,1.20,1.00
2016.01.25 10:47:39.934,1.68738,1.68748,1.75,1.00
2016.01.25 10:47:39.985,1.68736,1.68746,1.20,1.00
2016.01.25 10:47:40.087,1.68732,1.68743,1.85,1.00
2016.01.25 10:47:40.189,1.68732,1.68741,1.10,1.00
2016.01.25 10:47:40.291,1.6873,1.68741,1.00,1.00
2016.01.25 10:47:40.545,1.6873,1.68743,1.31,1.00
2016.01.25 10:47:40.877,1.68731,1.68744,1.62,1.00
2016.01.25 10:47:41.335,1.68731,1.68746,1.62,1.00
2016.01.25 10:47:41.964,1.68731,1.68746,1.97,1.00
2016.01.25 10:47:42.721,1.68731,1.68744,1.12,1.00
2016.01.25 10:47:43.655,1.6873,1.68746,2.06,1.00
2016.01.25 10:47:46.114,1.68731,1.68743,1.12,1.00
2016.01.25 10:47:46.317,1.68726,1.68741,2.25,1.00
2016.01.25 10:47:46.368,1.68726,1.68741,2.25,1.00
2016.01.25 10:47:46.877,1.68726,1.6874,2.25,1.00
2016.01.25 10:47:47.414,1.68726,1.6874,2.06,1.00
2016.01.25 10:47:48.586,1.68726,1.6874,1.87,1.00
2016.01.25 10:47:48.995,1.68729,1.68742,1.25,1.00
2016.01.25 10:47:49.301,1.68731,1.68745,1.00,1.31
2016.01.25 10:47:49.403,1.68731,1.68743,1.00,1.00
2016.01.25 10:47:51.050,1.68729,1.68741,1.00,1.00
2016.01.25 10:47:51.564,1.68727,1.6874,1.20,1.00
2016.01.25 10:47:52.244,1.68727,1.68739,1.12,1.00
2016.01.25 10:47:52.568,1.68718,1.68728,1.00,1.00
2016.01.25 10:47:52.671,1.68713,1.68726,1.37,1.00
2016.01.25 10:47:52.723,1.68712,1.68724,1.47,1.00
2016.01.25 10:47:52.926,1.68711,1.68728,1.22,3.00
2016.01.25 10:47:52.978,1.68716,1.68729,3.00,1.10
2016.01.25 10:47:53.233,1.6872,1.68734,1.25,1.00
2016.01.25 10:47:53.551,1.68719,1.68731,2.02,1.00
2016.01.25 10:47:53.808,1.6871,1.68723,1.57,1.00
2016.01.25 10:47:54.165,1.68708,1.68723,2.81,1.00
2016.01.25 10:47:54.800,1.68709,1.68723,1.47,1.00
2016.01.25 10:47:55.105,1.68709,1.6872,1.47,1.00
2016.01.25 10:47:55.310,1.68706,1.68718,2.89,1.00
2016.01.25 10:47:55.819,1.68706,1.68718,1.31,1.00
2016.01.25 10:47:58.659,1.68706,1.68721,1.52,1.00
2016.01.25 10:47:58.913,1.68706,1.68721,3.96,1.00
2016.01.25 10:48:01.521,1.68707,1.68721,1.25,1.00
2016.01.25 10:48:01.673,1.68708,1.68724,1.69,1.00
2016.01.25 10:48:02.647,1.68709,1.68724,1.95,1.00
2016.01.25 10:48:03.052,1.68709,1.68721,1.20,1.00
2016.01.25 10:48:03.103,1.68709,1.68723,1.20,1.00
2016.01.25 10:48:03.154,1.68709,1.68718,1.20,1.00
2016.01.25 10:48:03.307,1.68701,1.68717,2.89,1.23
2016.01.25 10:48:03.576,1.687,1.68713,1.00,1.00
2016.01.25 10:48:03.678,1.68698,1.68713,1.31,1.00
2016.01.25 10:48:04.187,1.68698,1.68712,1.31,1.00
2016.01.25 10:48:04.777,1.68696,1.68711,1.69,1.00
2016.01.25 10:48:04.829,1.68694,1.68708,2.89,1.00
2016.01.25 10:48:05.603,1.68694,1.68711,4.50,1.20
2016.01.25 10:48:05.705,1.68698,1.68715,3.00,2.32
2016.01.25 10:48:05.757,1.687,1.68715,1.69,1.00
2016.01.25 10:48:06.004,1.68702,1.68717,3.45,1.00
2016.01.25 10:48:06.380,1.68703,1.68715,1.25,1.00
2016.01.25 10:48:06.584,1.68698,1.68713,1.50,1.23
2016.01.25 10:48:06.635,1.68698,1.68711,1.00,1.00
2016.01.25 10:48:07.143,1.68696,1.68709,1.09,1.00
2016.01.25 10:48:07.455,1.68693,1.68702,1.00,1.00
2016.01.25 10:48:07.557,1.68688,1.687,1.47,1.00
2016.01.25 10:48:07.710,1.68687,1.68703,1.12,1.81
2016.01.25 10:48:08.257,1.68687,1.68703,1.37,1.75
2016.01.25 10:48:09.131,1.68688,1.68702,1.00,1.00
2016.01.25 10:48:11.120,1.6869,1.68706,1.00,1.12
2016.01.25 10:48:11.171,1.6869,1.68707,1.37,2.14
2016.01.25 10:48:11.274,1.68694,1.68707,1.87,1.00
2016.01.25 10:48:11.326,1.68694,1.68709,1.87,1.00
2016.01.25 10:48:12.160,1.68694,1.68711,1.87,1.57
2016.01.25 10:48:12.667,1.68696,1.68711,1.20,1.00
2016.01.25 10:48:13.203,1.68696,1.6871,1.00,1.00
2016.01.25 10:48:13.726,1.68696,1.68711,1.00,1.00
2016.01.25 10:48:14.066,1.68696,1.68709,1.00,1.00
2016.01.25 10:48:14.252,1.68696,1.68711,1.00,1.00
2016.01.25 10:48:14.304,1.68698,1.68711,1.37,1.00
2016.01.25 10:48:14.825,1.68697,1.68711,1.37,1.00
2016.01.25 10:48:15.648,1.68697,1.68707,1.37,1.00
2016.01.25 10:48:15.801,1.68693,1.68704,1.00,1.00
2016.01.25 10:48:16.310,1.68693,1.68706,1.00,1.00
2016.01.25 10:48:16.840,1.68691,1.68705,1.57,1.50
2016.01.25 10:48:17.348,1.68692,1.68705,1.37,1.50
2016.01.25 10:48:21.673,1.68691,1.68706,1.95,1.00
2016.01.25 10:48:22.865,1.68692,1.68709,2.08,1.00
2016.01.25 10:48:22.917,1.68696,1.6871,1.12,1.31
2016.01.25 10:48:23.069,1.68696,1.68713,2.25,1.76
2016.01.25 10:48:23.172,1.68696,1.68713,3.00,1.31
2016.01.25 10:48:23.583,1.68697,1.68709,1.12,1.00
2016.01.25 10:48:23.686,1.68696,1.68711,1.37,1.75
2016.01.25 10:48:23.737,1.68696,1.68707,1.37,1.00
2016.01.25 10:48:23.957,1.6869,1.68704,1.50,1.31
2016.01.25 10:48:24.161,1.6869,1.68702,1.50,1.00
2016.01.25 10:48:24.213,1.6869,1.68705,1.50,1.81
2016.01.25 10:48:24.773,1.6869,1.68705,1.50,1.31
2016.01.25 10:48:25.287,1.6869,1.68705,1.00,1.31
2016.01.25 10:48:25.490,1.6869,1.68702,1.00,1.00
2016.01.25 10:48:25.841,1.6869,1.68705,1.00,1.31
2016.01.25 10:48:26.447,1.6869,1.68705,1.50,1.31
2016.01.25 10:48:26.499,1.6869,1.68703,1.00,1.00
2016.01.25 10:48:26.805,1.68689,1.68701,1.00,1.31
2016.01.25 10:48:26.957,1.68686,1.68701,1.50,1.00
2016.01.25 10:48:27.465,1.68686,1.687,1.50,1.31
2016.01.25 10:48:27.618,1.68686,1.68695,1.00,1.00
2016.01.25 10:48:27.805,1.68681,1.68695,1.50,1.56
2016.01.25 10:48:27.958,1.6868,1.68695,1.47,1.75
2016.01.25 10:48:28.618,1.68678,1.68692,1.12,1.31
2016.01.25 10:48:28.721,1.68678,1.68692,1.00,1.75
2016.01.25 10:48:29.296,1.68677,1.68692,1.50,1.81
2016.01.25 10:48:29.916,1.68677,1.68692,1.50,1.81
2016.01.25 10:48:30.120,1.68677,1.68692,1.50,1.00
2016.01.25 10:48:30.273,1.68678,1.68695,1.00,1.12
2016.01.25 10:48:30.375,1.68678,1.68695,1.47,1.00
2016.01.25 10:48:30.919,1.68678,1.68696,1.45,3.75
2016.01.25 10:48:31.225,1.68678,1.68693,1.10,1.81
2016.01.25 10:48:32.477,1.68677,1.68693,1.12,1.81
2016.01.25 10:48:35.965,1.68677,1.68692,1.50,1.56
2016.01.25 10:48:36.580,1.68676,1.68692,1.95,1.00
2016.01.25 10:48:37.439,1.68677,1.68694,1.50,1.12
2016.01.25 10:48:37.744,1.68682,1.68696,1.57,1.00
2016.01.25 10:48:38.089,1.68682,1.68698,1.57,1.69
2016.01.25 10:48:38.598,1.68681,1.68697,1.87,1.31
2016.01.25 10:48:40.251,1.68682,1.68697,1.57,1.00
2016.01.25 10:48:40.742,1.68689,1.68702,1.37,1.09
2016.01.25 10:48:40.793,1.68693,1.68704,1.17,2.25
2016.01.25 10:48:40.844,1.68694,1.68707,1.37,1.00
2016.01.25 10:48:41.108,1.68695,1.68711,1.52,1.25
2016.01.25 10:48:41.261,1.68694,1.68709,3.37,1.00
2016.01.25 10:48:41.465,1.68694,1.68709,1.10,1.00
2016.01.25 10:48:41.967,1.68693,1.68709,1.50,1.66
2016.01.25 10:48:42.475,1.68694,1.68709,1.12,1.39
2016.01.25 10:48:43.137,1.68694,1.68708,1.12,1.00
2016.01.25 10:48:43.386,1.68692,1.68708,1.37,1.81
2016.01.25 10:48:43.694,1.68687,1.68701,1.37,1.00
2016.01.25 10:48:44.225,1.68686,1.68701,1.37,1.56
2016.01.25 10:48:45.124,1.68684,1.68701,1.95,1.81
2016.01.25 10:48:45.327,1.68684,1.68701,1.95,1.75
2016.01.25 10:48:45.881,1.68685,1.68698,1.00,1.00
2016.01.25 10:48:47.402,1.68685,1.687,1.00,1.57
2016.01.25 10:48:47.989,1.68685,1.68698,1.00,1.00
2016.01.25 10:48:48.664,1.68685,1.68698,1.37,1.00
2016.01.25 10:48:48.716,1.68685,1.687,1.37,1.10
2016.01.25 10:48:48.767,1.68685,1.687,1.12,1.10
2016.01.25 10:48:49.293,1.68685,1.68699,2.00,1.00
2016.01.25 10:48:49.837,1.68686,1.687,1.62,1.00
2016.01.25 10:48:52.510,1.68686,1.68699,1.37,1.00
2016.01.25 10:48:52.562,1.68685,1.68699,1.00,1.00
2016.01.25 10:48:52.797,1.68685,1.68697,1.00,1.81
2016.01.25 10:48:53.001,1.6868,1.68695,1.27,1.31
2016.01.25 10:48:53.815,1.6868,1.68695,1.00,1.81
2016.01.25 10:48:54.319,1.6868,1.68695,1.00,1.50
2016.01.25 10:48:54.980,1.68679,1.68694,1.95,1.31
2016.01.25 10:48:55.880,1.68679,1.68694,1.20,1.00
2016.01.25 10:48:56.691,1.68679,1.68694,1.95,1.00
2016.01.25 10:48:57.990,1.68679,1.68694,1.20,1.00
2016.01.25 10:48:58.498,1.68679,1.68694,1.47,1.00
2016.01.25 10:48:58.694,1.68679,1.68689,1.37,1.00
2016.01.25 10:48:58.748,1.68675,1.68689,1.20,1.81
2016.01.25 10:48:58.851,1.68673,1.68689,1.12,1.81
2016.01.25 10:48:58.954,1.68673,1.68685,1.12,1.00
2016.01.25 10:48:59.005,1.6867,1.68684,2.70,1.00
2016.01.25 10:48:59.057,1.6867,1.68684,2.32,3.75
2016.01.25 10:48:59.159,1.68668,1.68684,1.57,4.12
2016.01.25 10:48:59.261,1.68666,1.68683,1.00,1.85
2016.01.25 10:48:59.769,1.68666,1.68683,1.37,1.85
2016.01.25 10:49:00.376,1.68666,1.6868,3.00,1.00
2016.01.25 10:49:00.478,1.68666,1.6868,1.12,1.00
2016.01.25 10:49:00.986,1.68666,1.6868,1.50,1.00
2016.01.25 10:49:01.534,1.68666,1.68684,1.12,1.82
2016.01.25 10:49:02.041,1.68666,1.68682,1.12,1.00
2016.01.25 10:49:02.143,1.68668,1.68684,1.00,1.07
2016.01.25 10:49:02.448,1.68672,1.68686,1.50,1.00
2016.01.25 10:49:02.500,1.68672,1.68689,1.50,1.75
2016.01.25 10:49:03.001,1.68672,1.6869,3.07,1.30
2016.01.25 10:49:03.519,1.68672,1.6869,2.32,1.61
2016.01.25 10:49:06.710,1.68673,1.68687,1.12,1.12
2016.01.25 10:49:06.812,1.6867,1.68686,1.87,1.30
2016.01.25 10:49:07.089,1.68668,1.68684,1.00,1.68
2016.01.25 10:49:07.192,1.68664,1.68681,1.12,1.55
2016.01.25 10:49:07.295,1.68662,1.6868,2.77,1.93
2016.01.25 10:49:07.557,1.68661,1.68678,2.62,2.05
2016.01.25 10:49:07.864,1.68662,1.68677,1.00,1.20
2016.01.25 10:49:07.917,1.68663,1.68678,1.37,1.12
2016.01.25 10:49:08.418,1.68665,1.6868,1.00,2.05
2016.01.25 10:49:08.520,1.68663,1.68678,1.87,3.18
2016.01.25 10:49:08.724,1.68661,1.68676,1.07,1.24
2016.01.25 10:49:09.080,1.6866,1.68676,1.57,1.55
2016.01.25 10:49:09.640,1.6866,1.68676,2.32,1.55
2016.01.25 10:49:09.896,1.68662,1.68678,1.12,1.30
2016.01.25 10:49:10.100,1.68663,1.68681,1.10,2.05
2016.01.25 10:49:10.303,1.68668,1.68681,1.00,1.30
2016.01.25 10:49:10.456,1.68668,1.68685,1.20,1.30
2016.01.25 10:49:10.508,1.68669,1.68685,2.70,1.23
2016.01.25 10:49:10.660,1.68671,1.68688,1.00,1.10
2016.01.25 10:49:11.198,1.68671,1.68687,1.00,1.00
2016.01.25 10:49:11.708,1.68671,1.68685,1.00,1.00
2016.01.25 10:49:11.911,1.68669,1.68685,1.00,1.55
2016.01.25 10:49:12.624,1.68668,1.68685,1.12,1.00
2016.01.25 10:49:12.828,1.68667,1.68683,1.12,1.00
2016.01.25 10:49:13.302,1.68666,1.68674,3.52,2.80
2016.01.25 10:49:13.611,1.68655,1.68664,1.00,2.20
2016.01.25 10:49:13.713,1.68656,1.68664,1.00,1.00
2016.01.25 10:49:13.917,1.68658,1.68666,1.00,4.50
2016.01.25 10:49:14.556,1.68651,1.68662,1.00,1.50
2016.01.25 10:49:14.607,1.68646,1.68662,1.87,4.12
2016.01.25 10:49:14.761,1.68645,1.68662,1.50,3.75
2016.01.25 10:49:15.118,1.68644,1.6866,1.47,3.75
2016.01.25 10:49:15.222,1.68642,1.68658,1.07,4.12
2016.01.25 10:49:15.324,1.6864,1.68656,1.37,1.12
2016.01.25 10:49:15.562,1.68638,1.68652,1.87,2.62
2016.01.25 10:49:15.613,1.68637,1.68652,1.00,2.62
2016.01.25 10:49:15.766,1.68635,1.68652,1.20,2.62
2016.01.25 10:49:17.150,1.68638,1.68652,1.00,2.77
2016.01.25 10:49:17.303,1.68639,1.68655,1.12,1.12
2016.01.25 10:49:17.458,1.68641,1.68656,1.12,1.57
2016.01.25 10:49:18.055,1.68641,1.68656,1.12,1.95
2016.01.25 10:49:18.309,1.6864,1.68654,1.12,1.50
2016.01.25 10:49:19.752,1.6864,1.68649,1.12,1.37
2016.01.25 10:49:20.399,1.68641,1.6865,1.12,1.07
2016.01.25 10:49:21.288,1.68639,1.6865,1.12,1.07
2016.01.25 10:49:21.823,1.68647,1.68652,1.12,1.50
2016.01.25 10:49:21.925,1.68647,1.68655,1.12,1.50
2016.01.25 10:49:21.977,1.68639,1.68655,1.56,1.50
2016.01.25 10:49:22.028,1.68639,1.68656,1.08,1.95
2016.01.25 10:49:22.130,1.68639,1.68655,1.00,1.84
2016.01.25 10:49:22.644,1.68638,1.68654,1.08,1.16
2016.01.25 10:49:22.948,1.68636,1.68652,1.00,1.34
2016.01.25 10:49:23.456,1.68636,1.68652,1.62,1.82
2016.01.25 10:49:24.245,1.68636,1.68652,1.87,1.82
2016.01.25 10:49:24.831,1.68637,1.68652,1.87,1.87
2016.01.25 10:49:25.137,1.68642,1.68653,1.12,1.87
2016.01.25 10:49:25.291,1.68642,1.68655,1.12,1.95
2016.01.25 10:49:25.464,1.68643,1.68656,1.12,1.50
2016.01.25 10:49:25.519,1.68643,1.68656,1.87,1.07
2016.01.25 10:49:26.070,1.68643,1.68657,1.12,3.00
2016.01.25 10:49:26.580,1.68641,1.68656,1.31,1.57
2016.01.25 10:49:26.786,1.68639,1.68655,1.56,1.12
2016.01.25 10:49:27.575,1.68642,1.68655,1.00,1.50
2016.01.25 10:49:28.080,1.68643,1.68656,1.00,2.25
2016.01.25 10:49:28.182,1.68641,1.68656,1.31,2.62
2016.01.25 10:49:28.234,1.68643,1.68656,1.00,2.62
2016.01.25 10:49:28.743,1.68643,1.68656,1.00,1.20
2016.01.25 10:49:29.637,1.68642,1.68656,1.31,1.20
2016.01.25 10:49:30.442,1.68642,1.68656,1.56,1.07
2016.01.25 10:49:30.994,1.68642,1.68659,1.81,2.25
2016.01.25 10:49:31.350,1.68645,1.68658,1.00,1.27
2016.01.25 10:49:31.503,1.68645,1.68659,1.31,1.50
2016.01.25 10:49:31.788,1.68647,1.68662,1.95,1.75
2016.01.25 10:49:31.841,1.68652,1.68667,1.00,1.27
2016.01.25 10:49:31.893,1.68651,1.68667,1.00,2.02
2016.01.25 10:49:31.945,1.68651,1.68664,1.00,1.00
2016.01.25 10:49:31.996,1.68648,1.68664,1.87,1.37
2016.01.25 10:49:32.505,1.68651,1.68664,1.00,1.37
2016.01.25 10:49:32.607,1.68649,1.68664,1.00,1.37
2016.01.25 10:49:33.135,1.68648,1.68664,1.00,1.57
2016.01.25 10:49:33.187,1.68648,1.68664,1.00,1.85
2016.01.25 10:49:33.391,1.68646,1.68663,1.31,1.95
2016.01.25 10:49:33.747,1.68649,1.68663,1.00,1.20
2016.01.25 10:49:33.899,1.68647,1.68663,1.56,1.45
2016.01.25 10:49:34.432,1.68647,1.68663,1.00,1.45
2016.01.25 10:49:34.958,1.68649,1.68664,1.00,2.25
2016.01.25 10:49:35.491,1.68649,1.68661,1.00,1.50
2016.01.25 10:49:35.897,1.68646,1.68661,1.00,1.95
2016.01.25 10:49:36.407,1.68644,1.68659,1.00,1.10
2016.01.25 10:49:36.459,1.68647,1.68659,1.00,1.10
2016.01.25 10:49:36.561,1.68644,1.68659,1.56,1.10
2016.01.25 10:49:36.817,1.68641,1.68659,2.81,3.48
2016.01.25 10:49:36.869,1.68641,1.68656,1.22,1.12
2016.01.25 10:49:36.972,1.68636,1.68652,1.01,1.12
2016.01.25 10:49:37.480,1.68636,1.68652,1.31,2.25
2016.01.25 10:49:37.735,1.68638,1.68652,1.00,1.87
2016.01.25 10:49:38.263,1.68637,1.68653,1.87,2.70
2016.01.25 10:49:38.770,1.68637,1.68652,1.87,1.12
2016.01.25 10:49:39.431,1.68637,1.68652,1.87,1.12
2016.01.25 10:49:39.735,1.68638,1.68652,1.12,1.12
2016.01.25 10:49:41.445,1.68638,1.68653,1.87,2.70
2016.01.25 10:49:41.983,1.68638,1.68653,1.87,1.95
2016.01.25 10:49:42.542,1.68641,1.68653,1.00,1.85
2016.01.25 10:49:43.200,1.68642,1.68654,1.31,1.20
2016.01.25 10:49:44.209,1.68642,1.68655,1.00,1.50
2016.01.25 10:49:44.362,1.68643,1.68657,1.00,1.45
2016.01.25 10:49:44.521,1.68645,1.68657,1.12,1.07
2016.01.25 10:49:44.674,1.68646,1.68659,1.00,1.57
2016.01.25 10:49:45.182,1.68645,1.68659,1.87,1.95
2016.01.25 10:49:45.732,1.68645,1.68658,1.87,1.57
2016.01.25 10:49:46.807,1.68649,1.68658,1.00,1.37
2016.01.25 10:49:46.910,1.68649,1.68662,1.31,3.15
2016.01.25 10:49:47.117,1.68649,1.68662,1.31,1.27
2016.01.25 10:49:47.169,1.68653,1.68666,1.00,1.87
2016.01.25 10:49:47.271,1.68652,1.68666,1.56,1.00
2016.01.25 10:49:47.323,1.68655,1.68668,1.00,1.95
2016.01.25 10:49:47.629,1.68657,1.68668,1.31,1.37
2016.01.25 10:49:48.384,1.68657,1.6867,1.00,1.20
2016.01.25 10:49:50.029,1.68658,1.6867,1.00,1.20
2016.01.25 10:49:50.081,1.68656,1.6867,1.00,1.20
2016.01.25 10:49:50.284,1.68654,1.68668,1.31,2.32
2016.01.25 10:49:50.336,1.68652,1.68668,1.31,3.45
2016.01.25 10:49:50.590,1.68654,1.68666,1.00,1.07
2016.01.25 10:49:51.100,1.68655,1.68667,1.00,1.87
2016.01.25 10:49:51.269,1.68655,1.68667,1.00,1.10
2016.01.25 10:49:51.423,1.68658,1.68668,1.00,1.45
2016.01.25 10:49:51.729,1.6866,1.68671,1.31,1.12
2016.01.25 10:49:54.000,1.68657,1.68668,1.00,1.50
2016.01.25 10:49:54.051,1.68655,1.68668,1.00,1.50
2016.01.25 10:49:54.459,1.68653,1.68667,1.00,1.82
2016.01.25 10:49:54.662,1.68655,1.68667,1.00,1.82
2016.01.25 10:49:55.291,1.68654,1.68667,1.00,1.50
2016.01.25 10:49:56.608,1.68657,1.68667,1.00,1.12
2016.01.25 10:49:56.660,1.68657,1.6867,1.00,1.47
2016.01.25 10:49:56.711,1.68659,1.6867,1.00,1.47
2016.01.25 10:49:56.762,1.68656,1.6867,1.00,1.87
2016.01.25 10:49:57.271,1.68656,1.6867,1.00,4.44
2016.01.25 10:49:58.275,1.68657,1.6867,1.00,2.25
2016.01.25 10:49:59.321,1.68659,1.68671,1.00,1.95
2016.01.25 10:49:59.424,1.68659,1.68672,1.00,2.25
2016.01.25 10:49:59.527,1.68659,1.68674,1.00,2.32
2016.01.25 10:49:59.730,1.68662,1.68673,1.00,1.20
2016.01.25 10:49:59.833,1.68662,1.68676,1.00,1.12
2016.01.25 10:50:00.112,1.68662,1.68677,1.00,1.20
2016.01.25 10:50:01.684,1.68662,1.68677,1.59,1.20
2016.01.25 10:50:02.217,1.68662,1.68678,1.00,1.87
2016.01.25 10:50:02.524,1.6866,1.68677,1.00,1.65
2016.01.25 10:50:03.874,1.68662,1.68675,1.00,1.00
2016.01.25 10:50:04.408,1.68662,1.68677,1.27,1.57
2016.01.25 10:50:05.132,1.68662,1.68677,1.00,1.57
2016.01.25 10:50:05.436,1.68664,1.68677,1.00,1.57
2016.01.25 10:50:05.846,1.68666,1.68678,1.00,2.62
2016.01.25 10:50:06.152,1.68668,1.68678,1.00,2.25
2016.01.25 10:50:06.204,1.68666,1.68678,1.31,1.12
2016.01.25 10:50:06.662,1.68664,1.68678,1.31,1.00
2016.01.25 10:50:06.713,1.68663,1.68675,1.00,1.37
2016.01.25 10:50:06.934,1.68661,1.68675,1.12,1.57
2016.01.25 10:50:07.444,1.6866,1.68674,1.31,1.45
2016.01.25 10:50:07.546,1.68663,1.68674,1.00,1.45
2016.01.25 10:50:09.150,1.68666,1.68674,1.00,1.45
2016.01.25 10:50:09.302,1.68667,1.68678,1.00,1.87
2016.01.25 10:50:09.808,1.68668,1.68678,1.00,1.45
2016.01.25 10:50:09.859,1.68667,1.6868,1.00,1.95
2016.01.25 10:50:10.165,1.68665,1.6868,1.87,1.95
2016.01.25 10:50:10.318,1.68665,1.68679,1.00,1.50
2016.01.25 10:50:10.801,1.68663,1.68678,2.62,1.07
2016.01.25 10:50:10.974,1.68664,1.68679,1.12,1.50
2016.01.25 10:50:11.290,1.68669,1.68683,1.87,1.47
2016.01.25 10:50:11.493,1.68667,1.68683,1.31,1.47
2016.01.25 10:50:11.596,1.68665,1.68682,1.10,1.50
2016.01.25 10:50:11.647,1.68665,1.68679,1.00,2.25
2016.01.25 10:50:12.170,1.68664,1.6868,1.50,3.91
2016.01.25 10:50:12.629,1.68666,1.68678,1.00,3.00
2016.01.25 10:50:12.732,1.68663,1.68676,1.00,1.37
2016.01.25 10:50:13.237,1.68663,1.68675,1.00,1.57
2016.01.25 10:50:13.491,1.68663,1.68677,1.87,1.95
2016.01.25 10:50:13.645,1.68666,1.68677,1.00,1.95
2016.01.25 10:50:13.849,1.68666,1.6868,1.00,2.62
2016.01.25 10:50:14.390,1.68667,1.6868,1.00,2.62
2016.01.25 10:50:15.917,1.68665,1.6868,1.12,2.62
2016.01.25 10:50:15.968,1.68664,1.68679,1.00,1.73
2016.01.25 10:50:16.928,1.68669,1.68679,1.00,4.12
2016.01.25 10:50:17.133,1.68672,1.68683,1.00,1.07
2016.01.25 10:50:17.336,1.68672,1.68685,1.00,1.57
2016.01.25 10:50:17.849,1.68673,1.68685,1.00,1.95
2016.01.25 10:50:18.155,1.68671,1.68685,1.00,1.95
2016.01.25 10:50:18.359,1.68669,1.68685,1.80,3.52
2016.01.25 10:50:18.563,1.68669,1.68684,1.00,2.25
2016.01.25 10:50:18.925,1.68672,1.68685,1.00,1.85
2016.01.25 10:50:19.542,1.68672,1.68685,1.00,1.12
2016.01.25 10:50:19.937,1.68674,1.68685,1.00,1.50
2016.01.25 10:50:20.192,1.68678,1.68692,1.24,1.57
2016.01.25 10:50:20.243,1.68683,1.68692,1.00,1.57
2016.01.25 10:50:20.448,1.6869,1.68699,1.00,1.20
2016.01.25 10:50:20.794,1.68691,1.68705,1.00,2.32
2016.01.25 10:50:21.051,1.68689,1.68704,1.00,1.20
2016.01.25 10:50:21.559,1.68689,1.68704,1.00,1.12
2016.01.25 10:50:23.195,1.68692,1.68704,1.00,1.12
2016.01.25 10:50:23.399,1.68692,1.68708,1.00,1.27
2016.01.25 10:50:23.755,1.68689,1.68705,1.80,1.00
2016.01.25 10:50:24.076,1.68688,1.68704,2.55,2.25
2016.01.25 10:50:24.635,1.68688,1.68704,1.49,1.50
2016.01.25 10:50:25.519,1.68688,1.68704,1.80,2.25
2016.01.25 10:50:26.078,1.68689,1.68703,1.05,1.10
2016.01.25 10:50:26.938,1.68688,1.68703,1.24,1.10
2016.01.25 10:50:27.243,1.6869,1.68703,1.00,1.10
2016.01.25 10:50:28.373,1.6869,1.68704,1.49,1.87
2016.01.25 10:50:28.831,1.68692,1.68707,1.80,3.82
2016.01.25 10:50:29.336,1.68692,1.68707,1.80,2.25
2016.01.25 10:50:30.458,1.68692,1.68707,1.80,1.37
2016.01.25 10:50:30.967,1.68692,1.68707,1.80,1.50
2016.01.25 10:50:32.199,1.68695,1.68707,1.00,1.50
2016.01.25 10:50:32.506,1.687,1.6871,1.24,1.07
2016.01.25 10:50:32.694,1.687,1.68713,1.24,1.00
2016.01.25 10:50:33.407,1.687,1.68715,1.24,2.32
2016.01.25 10:50:33.509,1.68703,1.68715,1.00,1.20
2016.01.25 10:50:34.059,1.68701,1.68715,1.00,2.25
2016.01.25 10:50:34.162,1.68697,1.68715,1.49,2.25
2016.01.25 10:50:34.213,1.68696,1.68713,1.00,1.69
2016.01.25 10:50:34.315,1.68696,1.68711,1.24,1.50
2016.01.25 10:50:34.620,1.68694,1.68708,1.80,1.50
2016.01.25 10:50:35.123,1.68693,1.68705,1.00,1.12
2016.01.25 10:50:35.225,1.68687,1.68702,1.05,1.10
2016.01.25 10:50:35.379,1.68689,1.68702,1.00,1.50
2016.01.25 10:50:35.685,1.6869,1.68704,1.05,1.45
2016.01.25 10:50:35.788,1.68689,1.68704,1.05,2.32
2016.01.25 10:50:36.396,1.68688,1.68697,1.00,1.00
2016.01.25 10:50:36.447,1.68682,1.68697,1.61,1.00
2016.01.25 10:50:36.498,1.68682,1.68696,1.61,1.37
2016.01.25 10:50:36.804,1.68681,1.68693,1.05,1.07
2016.01.25 10:50:36.855,1.68678,1.68693,1.24,1.07
2016.01.25 10:50:38.025,1.68676,1.68691,1.81,1.00
2016.01.25 10:50:38.077,1.68677,1.68691,1.12,1.37
2016.01.25 10:50:38.179,1.68674,1.6869,1.81,1.00
2016.01.25 10:50:38.231,1.68674,1.68689,1.81,1.12
2016.01.25 10:50:38.283,1.68673,1.68687,1.00,1.00
2016.01.25 10:50:38.334,1.6867,1.68687,1.25,1.57
2016.01.25 10:50:38.385,1.68669,1.68686,1.50,1.57
2016.01.25 10:50:38.437,1.68668,1.68686,1.31,2.70
2016.01.25 10:50:38.703,1.6867,1.68682,1.00,1.87
2016.01.25 10:50:39.015,1.68673,1.68685,2.25,1.57
2016.01.25 10:50:39.169,1.68671,1.68685,3.00,1.57
2016.01.25 10:50:39.626,1.68674,1.68685,1.56,1.57
2016.01.25 10:50:39.946,1.68675,1.68685,2.25,1.57
2016.01.25 10:50:40.254,1.6868,1.68686,1.00,1.12
2016.01.25 10:50:40.560,1.68682,1.68687,1.00,1.47
2016.01.25 10:50:40.662,1.68685,1.68692,1.00,1.57
2016.01.25 10:50:40.713,1.68686,1.68693,1.12,1.87
2016.01.25 10:50:40.915,1.68687,1.68696,1.12,1.47
2016.01.25 10:50:41.017,1.68686,1.68696,1.12,3.07
2016.01.25 10:50:41.069,1.68683,1.68696,1.00,3.15
2016.01.25 10:50:41.120,1.68684,1.68696,1.00,1.95
2016.01.25 10:50:41.222,1.68682,1.68688,1.00,1.37
2016.01.25 10:50:41.325,1.68686,1.68696,1.00,2.25
2016.01.25 10:50:41.631,1.68689,1.68696,1.00,1.37
2016.01.25 10:50:41.784,1.68685,1.68697,1.31,1.65
2016.01.25 10:50:42.288,1.68686,1.68698,1.31,1.20
2016.01.25 10:50:42.798,1.68683,1.68698,1.31,1.45
2016.01.25 10:50:42.901,1.68681,1.68695,1.00,1.12
2016.01.25 10:50:43.105,1.68681,1.68694,2.25,1.00
2016.01.25 10:50:43.157,1.68684,1.68697,1.31,1.87
2016.01.25 10:50:43.311,1.68683,1.68697,1.81,1.10
2016.01.25 10:50:43.821,1.68682,1.68698,1.87,1.37
2016.01.25 10:50:44.189,1.6868,1.68694,1.12,1.00
2016.01.25 10:50:44.444,1.68684,1.68696,1.00,1.00
2016.01.25 10:50:44.801,1.68682,1.68697,3.00,1.00
2016.01.25 10:50:44.903,1.68685,1.68697,1.00,1.00
2016.01.25 10:50:45.219,1.68681,1.68692,1.12,1.00
2016.01.25 10:50:45.321,1.6868,1.6869,1.25,1.00
2016.01.25 10:50:45.423,1.68677,1.6869,1.81,1.00
2016.01.25 10:50:46.171,1.68675,1.68689,3.11,1.00
2016.01.25 10:50:46.683,1.68675,1.6869,3.11,1.00
2016.01.25 10:50:47.140,1.68675,1.68693,3.11,1.00
2016.01.25 10:50:47.192,1.68681,1.68695,2.74,2.32
2016.01.25 10:50:47.430,1.6868,1.68693,1.43,1.00
2016.01.25 10:50:47.483,1.68679,1.68691,1.93,1.00
2016.01.25 10:50:47.535,1.68677,1.68691,1.05,1.00
2016.01.25 10:50:47.739,1.68674,1.6869,1.93,1.00
2016.01.25 10:50:48.199,1.68674,1.68688,3.86,1.00
2016.01.25 10:50:48.301,1.68674,1.68688,1.05,1.00
2016.01.25 10:50:50.312,1.68673,1.68686,1.93,1.00
2016.01.25 10:50:50.414,1.68671,1.68686,1.50,1.00
2016.01.25 10:50:50.466,1.68671,1.68681,1.50,1.00
2016.01.25 10:50:50.568,1.68668,1.68681,3.86,1.00
2016.01.25 10:50:50.620,1.68666,1.68681,4.31,1.00
2016.01.25 10:50:51.289,1.68666,1.68683,3.56,1.00
2016.01.25 10:50:51.357,1.68667,1.68683,2.74,1.00
2016.01.25 10:50:51.409,1.68667,1.68685,2.74,1.12
2016.01.25 10:50:51.714,1.6867,1.68687,2.74,1.12
2016.01.25 10:50:51.868,1.68672,1.68689,1.80,1.00
2016.01.25 10:50:52.049,1.68676,1.68692,1.37,1.76
2016.01.25 10:50:52.357,1.68678,1.68694,3.86,1.00
2016.01.25 10:50:52.662,1.68678,1.68692,1.53,1.00
2016.01.25 10:50:53.324,1.68676,1.68692,1.80,1.00
2016.01.25 10:50:53.630,1.68676,1.6869,1.24,1.00
2016.01.25 10:50:54.595,1.68675,1.6869,1.93,1.00
2016.01.25 10:50:55.443,1.68674,1.6869,1.43,1.00
2016.01.25 10:50:56.022,1.68675,1.6869,1.31,1.00
2016.01.25 10:50:56.784,1.68676,1.6869,1.00,1.00
2016.01.25 10:50:57.488,1.68676,1.68694,1.00,2.02
2016.01.25 10:50:57.540,1.68678,1.68694,3.00,1.20
2016.01.25 10:50:57.895,1.68676,1.68693,4.57,1.00
2016.01.25 10:50:57.947,1.68676,1.6869,3.37,1.00
2016.01.25 10:50:57.998,1.68676,1.6869,1.00,1.00
2016.01.25 10:50:58.514,1.68676,1.6869,1.37,1.00
2016.01.25 10:50:58.710,1.68676,1.68693,1.37,1.57
2016.01.25 10:50:58.863,1.68679,1.68693,1.37,1.57
2016.01.25 10:50:58.966,1.6868,1.68694,1.00,1.00
2016.01.25 10:51:00.051,1.68679,1.68694,3.37,1.00
2016.01.25 10:51:00.152,1.6868,1.68697,1.12,1.12
2016.01.25 10:51:00.204,1.6868,1.68697,3.37,1.00
2016.01.25 10:51:00.509,1.68681,1.68695,3.00,1.37
2016.01.25 10:51:00.964,1.6868,1.68693,1.25,1.12
2016.01.25 10:51:01.472,1.68679,1.68691,1.84,1.00
2016.01.25 10:51:01.727,1.68676,1.68688,1.87,1.00
2016.01.25 10:51:03.351,1.68676,1.68688,1.56,1.00
2016.01.25 10:51:03.403,1.68676,1.6869,1.56,1.00
2016.01.25 10:51:03.556,1.68681,1.6869,1.25,1.00
2016.01.25 10:51:04.535,1.68676,1.6869,2.44,1.00
2016.01.25 10:51:04.638,1.68676,1.68689,1.31,1.00
2016.01.25 10:51:04.690,1.68676,1.68691,1.69,1.00
2016.01.25 10:51:04.742,1.68677,1.68691,3.00,1.00
2016.01.25 10:51:04.895,1.68676,1.68691,1.81,1.00
2016.01.25 10:51:05.048,1.68676,1.68688,1.81,1.00
2016.01.25 10:51:05.303,1.68676,1.68688,1.00,1.00
2016.01.25 10:51:06.072,1.68673,1.68688,1.87,1.00
2016.01.25 10:51:06.277,1.68673,1.68686,1.01,1.00
2016.01.25 10:51:07.115,1.68672,1.68684,1.31,1.00
2016.01.25 10:51:07.420,1.68671,1.6868,2.51,1.00
2016.01.25 10:51:07.725,1.68663,1.68671,1.07,1.00
2016.01.25 10:51:07.828,1.68657,1.68667,1.87,1.00
2016.01.25 10:51:08.098,1.68654,1.68665,1.62,1.00
2016.01.25 10:51:08.251,1.68652,1.68662,1.56,1.00
2016.01.25 10:51:08.302,1.68649,1.6866,1.20,1.00
2016.01.25 10:51:08.354,1.68648,1.68656,1.50,1.00
2016.01.25 10:51:08.405,1.68648,1.68656,1.00,1.12
2016.01.25 10:51:08.456,1.68644,1.68656,1.62,1.50
2016.01.25 10:51:08.915,1.68643,1.68654,2.06,1.00
2016.01.25 10:51:09.170,1.6864,1.68654,2.32,1.00
2016.01.25 10:51:09.682,1.6864,1.68655,3.82,1.10
2016.01.25 10:51:09.937,1.68639,1.68655,1.76,1.10
2016.01.25 10:51:09.988,1.68639,1.68653,1.76,1.00
2016.01.25 10:51:10.291,1.68638,1.68653,1.95,1.95
2016.01.25 10:51:10.495,1.68636,1.6865,1.01,1.00
2016.01.25 10:51:10.800,1.68629,1.68642,1.46,1.00
2016.01.25 10:51:10.852,1.68629,1.68641,1.46,1.00
2016.01.25 10:51:10.954,1.68629,1.68643,1.00,1.00
2016.01.25 10:51:11.005,1.68629,1.68643,1.00,1.87
2016.01.25 10:51:11.543,1.68627,1.68643,2.25,1.87
2016.01.25 10:51:11.900,1.68627,1.68643,2.70,1.10
2016.01.25 10:51:12.566,1.68629,1.68643,1.00,1.10
2016.01.25 10:51:13.090,1.6863,1.68643,1.00,1.10
2016.01.25 10:51:13.243,1.68627,1.68643,2.70,1.10
2016.01.25 10:51:13.749,1.68628,1.68644,1.12,1.87
2016.01.25 10:51:14.105,1.68635,1.68647,1.00,2.62
2016.01.25 10:51:14.563,1.68639,1.6865,1.00,1.07
2016.01.25 10:51:14.839,1.68641,1.68651,1.00,1.55
2016.01.25 10:51:14.891,1.68637,1.68649,1.00,2.40
2016.01.25 10:51:15.248,1.6864,1.68649,1.00,2.08
2016.01.25 10:51:15.301,1.68642,1.68651,1.00,1.27
2016.01.25 10:51:15.352,1.68642,1.68652,1.00,1.87
2016.01.25 10:51:15.455,1.68645,1.68655,1.00,1.87
2016.01.25 10:51:15.557,1.68645,1.68655,1.00,1.10
2016.01.25 10:51:16.009,1.68646,1.68658,1.00,1.07
2016.01.25 10:51:16.720,1.68648,1.68658,1.00,1.07
2016.01.25 10:51:16.973,1.68654,1.68667,1.00,2.25
2016.01.25 10:51:17.076,1.68654,1.68667,1.00,1.87
2016.01.25 10:51:17.280,1.68656,1.68668,1.00,1.87
2016.01.25 10:51:18.233,1.68656,1.68664,1.00,1.87
2016.01.25 10:51:18.539,1.68657,1.68669,1.00,1.85
2016.01.25 10:51:18.590,1.68659,1.68672,1.00,3.50
2016.01.25 10:51:18.641,1.68661,1.68672,1.00,1.95
2016.01.25 10:51:18.743,1.68661,1.68675,1.00,2.32
2016.01.25 10:51:18.794,1.68663,1.68675,1.00,1.47
2016.01.25 10:51:18.846,1.68663,1.68676,1.00,1.47
2016.01.25 10:51:19.264,1.68662,1.68674,1.00,1.15
2016.01.25 10:51:19.416,1.6866,1.68673,1.00,1.47
2016.01.25 10:51:19.519,1.6866,1.68672,1.00,3.24
2016.01.25 10:51:19.620,1.6866,1.68673,1.00,2.38
2016.01.25 10:51:20.293,1.6866,1.68674,1.00,3.13
2016.01.25 10:51:20.837,1.6866,1.68674,1.00,4.82
2016.01.25 10:51:21.495,1.68661,1.68673,1.00,1.01
2016.01.25 10:51:22.292,1.6866,1.68673,1.00,1.39
2016.01.25 10:51:22.845,1.6866,1.68673,1.00,1.66
2016.01.25 10:51:23.049,1.68663,1.68674,1.00,2.14
2016.01.25 10:51:23.355,1.68661,1.68674,1.00,1.64
2016.01.25 10:51:24.255,1.68661,1.68673,1.00,3.82
2016.01.25 10:51:24.461,1.68658,1.68673,1.00,1.50
2016.01.25 10:51:24.512,1.68656,1.68673,1.00,3.00
2016.01.25 10:51:24.564,1.68654,1.6867,1.07,3.00
2016.01.25 10:51:24.870,1.68653,1.68666,1.00,1.57
2016.01.25 10:51:25.277,1.68651,1.68664,1.00,3.37
2016.01.25 10:51:25.328,1.68647,1.68662,1.00,1.25
2016.01.25 10:51:25.536,1.68647,1.68661,1.00,3.82
2016.01.25 10:51:25.588,1.68645,1.68658,1.10,1.00
2016.01.25 10:51:26.101,1.68645,1.68658,1.00,1.20
2016.01.25 10:51:26.855,1.68649,1.68658,1.00,1.20
2016.01.25 10:51:27.059,1.68652,1.68663,1.00,1.50
2016.01.25 10:51:27.110,1.68652,1.68665,1.00,1.87
2016.01.25 10:51:27.623,1.68652,1.68662,1.00,1.00
2016.01.25 10:51:27.776,1.68652,1.68666,1.00,1.39
2016.01.25 10:51:28.335,1.68654,1.68666,1.00,1.07
2016.01.25 10:51:28.884,1.68653,1.68666,1.00,1.39
2016.01.25 10:51:30.388,1.68649,1.68666,1.10,1.64
2016.01.25 10:51:30.491,1.68647,1.68659,1.12,1.56
2016.01.25 10:51:30.593,1.68645,1.68658,1.00,3.82
2016.01.25 10:51:30.645,1.68643,1.68657,1.00,1.66
2016.01.25 10:51:31.227,1.68643,1.68657,1.00,1.39
2016.01.25 10:51:31.687,1.68645,1.68657,1.00,1.31
2016.01.25 10:51:31.994,1.68653,1.68661,1.00,1.12
2016.01.25 10:51:32.045,1.68653,1.68665,1.00,1.39
2016.01.25 10:51:32.097,1.68653,1.68666,1.00,3.45
2016.01.25 10:51:32.492,1.68655,1.68668,1.00,1.12
2016.01.25 10:51:33.458,1.68657,1.6867,1.00,2.00
2016.01.25 10:51:33.509,1.68657,1.6867,1.00,1.25
2016.01.25 10:51:33.896,1.6866,1.68671,1.00,1.01
2016.01.25 10:51:34.407,1.6866,1.68674,1.00,3.45
2016.01.25 10:51:35.063,1.68661,1.68675,1.00,1.01
2016.01.25 10:51:35.419,1.68661,1.68677,1.20,3.07
2016.01.25 10:51:35.948,1.68661,1.68678,1.20,1.39
2016.01.25 10:51:36.202,1.68661,1.68676,1.20,3.00
2016.01.25 10:51:36.306,1.68659,1.68676,1.20,3.52
2016.01.25 10:51:36.357,1.68659,1.68675,1.20,2.44
2016.01.25 10:51:36.561,1.68659,1.68675,1.20,1.69
2016.01.25 10:51:36.817,1.68662,1.68675,1.00,1.31
2016.01.25 10:51:36.919,1.6866,1.68675,1.00,2.14
2016.01.25 10:51:37.423,1.68657,1.68672,1.20,3.00
2016.01.25 10:51:37.525,1.68655,1.6867,1.12,1.60
2016.01.25 10:51:38.003,1.68657,1.6867,1.00,1.32
2016.01.25 10:51:38.308,1.6866,1.68674,1.00,1.62
2016.01.25 10:51:38.461,1.68656,1.68673,1.20,3.37
2016.01.25 10:51:38.976,1.68656,1.68672,1.10,4.20
2016.01.25 10:51:39.079,1.68654,1.68672,1.00,4.87
2016.01.25 10:51:39.183,1.68654,1.68669,1.12,3.37
2016.01.25 10:51:39.691,1.68654,1.6867,1.50,2.81
2016.01.25 10:51:40.200,1.68655,1.68669,1.00,1.20
2016.01.25 10:51:40.713,1.68656,1.6867,1.00,1.47
2016.01.25 10:51:41.018,1.68658,1.6867,1.00,1.47
2016.01.25 10:51:42.122,1.68659,1.6867,1.00,1.47
2016.01.25 10:51:42.428,1.68669,1.68678,1.00,1.37
2016.01.25 10:51:42.704,1.68671,1.68682,1.00,1.32
2016.01.25 10:51:42.756,1.68671,1.68685,1.00,1.09
2016.01.25 10:51:43.672,1.68671,1.68685,1.00,1.25
2016.01.25 10:51:44.140,1.68671,1.68685,1.00,3.00
2016.01.25 10:51:45.234,1.68671,1.68685,1.00,3.37
2016.01.25 10:51:45.511,1.68671,1.68686,1.00,1.12
2016.01.25 10:51:46.375,1.6867,1.68686,1.00,1.69
2016.01.25 10:51:46.477,1.6867,1.68683,1.00,1.00
2016.01.25 10:51:46.579,1.68667,1.68683,1.20,1.10
2016.01.25 10:51:47.093,1.6867,1.68684,1.00,1.76
2016.01.25 10:51:47.449,1.68672,1.68686,1.00,1.87
2016.01.25 10:51:48.460,1.68675,1.68686,1.00,1.00
2016.01.25 10:51:48.970,1.68675,1.6869,1.00,1.31
2016.01.25 10:51:49.876,1.68678,1.68691,1.00,1.12
2016.01.25 10:51:50.485,1.68676,1.68691,1.00,1.12
2016.01.25 10:51:52.107,1.68674,1.68691,1.31,1.16
2016.01.25 10:51:53.004,1.68673,1.68688,1.31,1.37
2016.01.25 10:51:53.515,1.68673,1.68686,1.00,1.10
2016.01.25 10:51:53.774,1.68669,1.68686,2.25,1.10
2016.01.25 10:51:53.825,1.68669,1.68685,1.50,3.22
2016.01.25 10:51:53.928,1.68668,1.68681,1.00,1.10
2016.01.25 10:51:54.182,1.68664,1.68681,1.95,1.10
2016.01.25 10:51:54.386,1.68664,1.68679,1.20,1.00
2016.01.25 10:51:54.691,1.68664,1.68678,1.00,1.45
2016.01.25 10:51:54.901,1.68662,1.68678,1.00,1.45
2016.01.25 10:51:55.419,1.68663,1.68678,1.00,1.50
2016.01.25 10:51:57.685,1.68666,1.68678,1.00,1.82
2016.01.25 10:51:58.189,1.68666,1.6868,1.00,1.50
2016.01.25 10:51:58.494,1.68668,1.6868,1.00,1.50
2016.01.25 10:51:58.546,1.68668,1.68681,1.00,1.50
2016.01.25 10:51:59.447,1.68668,1.68683,1.00,1.57
2016.01.25 10:51:59.549,1.6867,1.68683,1.00,1.57
2016.01.25 10:51:59.752,1.68668,1.68683,1.00,1.87
2016.01.25 10:51:59.854,1.68668,1.68681,1.00,1.50
2016.01.25 10:52:01.746,1.68668,1.68682,1.00,1.50
2016.01.25 10:52:02.350,1.68666,1.68682,1.00,1.50
2016.01.25 10:52:02.503,1.68666,1.6868,1.00,1.50
2016.01.25 10:52:02.554,1.68664,1.6868,1.00,1.87
2016.01.25 10:52:04.609,1.68666,1.68679,1.00,1.07
2016.01.25 10:52:04.919,1.68667,1.68682,1.00,1.87
2016.01.25 10:52:05.429,1.68669,1.68682,1.00,1.87
2016.01.25 10:52:05.480,1.68669,1.68684,1.00,1.95
2016.01.25 10:52:05.755,1.68671,1.68684,1.00,1.95
2016.01.25 10:52:05.909,1.68671,1.68686,1.18,1.47
2016.01.25 10:52:06.013,1.68673,1.68687,1.00,1.07
2016.01.25 10:52:06.326,1.68681,1.68691,1.00,1.12
2016.01.25 10:52:06.378,1.68681,1.68696,1.00,1.00
2016.01.25 10:52:06.429,1.68683,1.68697,1.00,1.20
2016.01.25 10:52:06.788,1.68685,1.68701,1.74,2.25
2016.01.25 10:52:07.094,1.68687,1.68701,1.00,1.12
2016.01.25 10:52:07.248,1.68685,1.68701,1.00,1.50
2016.01.25 10:52:07.756,1.68684,1.68699,1.00,1.87
2016.01.25 10:52:09.080,1.68686,1.68699,1.00,2.25
2016.01.25 10:52:09.388,1.68688,1.68705,2.09,2.62
2016.01.25 10:52:09.441,1.68692,1.68707,1.00,2.25
2016.01.25 10:52:09.544,1.68692,1.68707,1.00,1.07
2016.01.25 10:52:09.850,1.68691,1.68704,1.37,1.12
2016.01.25 10:52:09.954,1.68688,1.68703,1.00,1.12
2016.01.25 10:52:10.617,1.68685,1.68701,1.87,1.45
2016.01.25 10:52:13.719,1.68685,1.68701,1.87,1.50
2016.01.25 10:52:14.125,1.68693,1.68701,1.00,1.50
2016.01.25 10:52:14.492,1.68712,1.68716,1.00,1.50
2016.01.25 10:52:14.543,1.68716,1.6873,1.00,1.50
2016.01.25 10:52:14.595,1.68717,1.68732,1.12,2.25
2016.01.25 10:52:14.799,1.68715,1.68729,1.50,1.45
2016.01.25 10:52:14.851,1.68712,1.68729,1.95,1.95
2016.01.25 10:52:14.903,1.68712,1.68727,1.20,1.95
2016.01.25 10:52:15.056,1.68708,1.68723,1.10,1.10
2016.01.25 10:52:15.107,1.6871,1.68723,1.00,1.47
2016.01.25 10:52:15.159,1.68706,1.68722,1.10,1.12
2016.01.25 10:52:15.210,1.6871,1.6872,1.00,1.00
2016.01.25 10:52:15.312,1.68707,1.6872,1.00,1.00
2016.01.25 10:52:15.504,1.68702,1.68716,1.12,1.00
2016.01.25 10:52:15.810,1.68695,1.68708,1.00,1.87
2016.01.25 10:52:15.912,1.68693,1.68706,1.00,1.47
2016.01.25 10:52:16.115,1.68695,1.68706,1.00,1.47
2016.01.25 10:52:16.647,1.68696,1.68708,1.00,1.82
2016.01.25 10:52:17.266,1.68696,1.68708,1.00,1.82
2016.01.25 10:52:18.108,1.68696,1.68708,1.00,1.37
2016.01.25 10:52:20.250,1.68698,1.6871,1.00,2.44
2016.01.25 10:52:20.555,1.6871,1.68724,1.81,1.20
2016.01.25 10:52:20.755,1.68709,1.68724,1.00,1.20
2016.01.25 10:52:21.315,1.68707,1.68723,1.31,2.25
2016.01.25 10:52:21.620,1.68711,1.68725,1.00,2.62
2016.01.25 10:52:22.026,1.68716,1.68727,1.81,1.12
2016.01.25 10:52:22.077,1.68715,1.68729,1.56,1.50
2016.01.25 10:52:22.595,1.68715,1.68728,1.31,1.20
2016.01.25 10:52:22.750,1.68718,1.68728,1.00,1.07
2016.01.25 10:52:22.852,1.68718,1.6873,1.00,1.12
2016.01.25 10:52:23.291,1.6872,1.68731,1.31,1.57
2016.01.25 10:52:23.394,1.6872,1.68731,1.31,1.20
2016.01.25 10:52:24.056,1.6872,1.68733,1.56,1.87
2016.01.25 10:52:24.654,1.6872,1.68733,1.00,1.50
2016.01.25 10:52:24.960,1.68717,1.68732,1.00,3.07
2016.01.25 10:52:25.061,1.68717,1.6873,1.00,1.12
2016.01.25 10:52:25.163,1.68715,1.6873,1.31,1.50
2016.01.25 10:52:25.519,1.68717,1.6873,1.00,1.12
2016.01.25 10:52:26.272,1.68718,1.6873,1.31,1.12
2016.01.25 10:52:26.577,1.68726,1.68736,1.31,1.00
2016.01.25 10:52:26.628,1.68726,1.6874,1.31,1.57
2016.01.25 10:52:28.351,1.68725,1.68739,1.00,1.10
2016.01.25 10:52:28.403,1.68723,1.68738,1.39,1.00
2016.01.25 10:52:28.923,1.68723,1.68738,1.00,1.20
2016.01.25 10:52:30.100,1.68725,1.68738,1.00,1.07
2016.01.25 10:52:30.508,1.68727,1.68738,1.00,1.07
2016.01.25 10:52:30.864,1.68724,1.68738,1.31,1.07
2016.01.25 10:52:30.966,1.68724,1.68737,1.00,1.87
2016.01.25 10:52:31.623,1.68722,1.68736,1.00,1.50
2016.01.25 10:52:31.725,1.68719,1.68734,1.87,1.12
2016.01.25 10:52:31.879,1.68719,1.68732,1.31,1.47
2016.01.25 10:52:32.034,1.68715,1.68732,1.95,2.32
2016.01.25 10:52:32.136,1.68716,1.6873,1.12,1.12
2016.01.25 10:52:32.187,1.68715,1.68729,1.00,1.57
2016.01.25 10:52:32.526,1.68717,1.68729,1.12,1.12
2016.01.25 10:52:32.628,1.6872,1.68732,1.00,1.07
2016.01.25 10:52:34.063,1.6872,1.68733,1.56,1.50
2016.01.25 10:52:34.266,1.68724,1.68734,1.00,1.50
2016.01.25 10:52:34.522,1.68724,1.68736,1.00,1.10
2016.01.25 10:52:34.882,1.68722,1.68736,1.31,1.47
2016.01.25 10:52:34.935,1.68722,1.68735,1.31,1.47
2016.01.25 10:52:35.190,1.6872,1.68735,1.00,1.85
2016.01.25 10:52:36.181,1.68721,1.68733,1.00,1.10
2016.01.25 10:52:36.232,1.68718,1.68733,1.56,1.20
2016.01.25 10:52:36.641,1.68721,1.68734,1.00,1.50
2016.01.25 10:52:37.151,1.68722,1.68735,1.00,1.95
2016.01.25 10:52:37.500,1.68724,1.68737,1.56,1.50
2016.01.25 10:52:37.806,1.68721,1.68737,1.01,1.00
2016.01.25 10:52:37.858,1.68721,1.68733,1.01,1.50
2016.01.25 10:52:37.909,1.68719,1.68732,1.00,1.50
2016.01.25 10:52:38.062,1.68716,1.68729,1.31,1.00
2016.01.25 10:52:38.573,1.68716,1.68728,1.00,1.00
2016.01.25 10:52:38.625,1.68718,1.68728,1.00,1.00
2016.01.25 10:52:38.933,1.68722,1.68734,1.00,1.12
2016.01.25 10:52:39.391,1.68722,1.68732,1.00,1.00
2016.01.25 10:52:40.016,1.68722,1.68734,1.00,1.00
2016.01.25 10:52:40.118,1.68722,1.68732,1.00,1.00
2016.01.25 10:52:40.322,1.68718,1.68732,1.91,1.00
2016.01.25 10:52:40.373,1.68718,1.6873,1.54,1.00
2016.01.25 10:52:40.755,1.68721,1.6873,1.00,1.00
2016.01.25 10:52:40.858,1.68718,1.68731,1.54,1.00
2016.01.25 10:52:40.960,1.68721,1.68731,1.00,1.00
2016.01.25 10:52:41.013,1.68721,1.68734,1.16,1.00
2016.01.25 10:52:41.320,1.68723,1.68734,1.00,1.00
2016.01.25 10:52:41.882,1.68723,1.68737,1.16,1.00
2016.01.25 10:52:42.111,1.68725,1.68738,1.41,1.00
2016.01.25 10:52:42.416,1.68729,1.68741,1.41,1.00
2016.01.25 10:52:42.467,1.68729,1.68744,1.41,1.20
2016.01.25 10:52:42.569,1.68727,1.68743,1.16,1.12
2016.01.25 10:52:42.620,1.68727,1.6874,1.16,1.00
2016.01.25 10:52:42.925,1.68716,1.68731,1.41,1.00
2016.01.25 10:52:43.078,1.68717,1.6873,1.00,1.57
2016.01.25 10:52:43.129,1.68714,1.68728,1.24,1.00
2016.01.25 10:52:43.383,1.68711,1.68724,1.00,1.00
2016.01.25 10:52:43.690,1.68715,1.68729,1.00,1.12
2016.01.25 10:52:43.792,1.68715,1.6873,1.00,2.32
2016.01.25 10:52:43.945,1.68719,1.6873,1.00,2.70
2016.01.25 10:52:44.048,1.68717,1.6873,1.00,1.75
2016.01.25 10:52:44.302,1.68713,1.68728,1.20,1.25
2016.01.25 10:52:44.353,1.68715,1.68728,1.00,1.25
2016.01.25 10:52:44.455,1.68713,1.68728,1.20,1.25
2016.01.25 10:52:44.750,1.68711,1.68726,1.10,1.31
2016.01.25 10:52:45.087,1.68713,1.68726,1.00,1.00
2016.01.25 10:52:45.392,1.6871,1.68724,1.00,1.31
2016.01.25 10:52:45.443,1.6871,1.68721,1.00,1.12
2016.01.25 10:52:46.051,1.68711,1.68721,1.00,1.00
2016.01.25 10:52:46.102,1.68711,1.68724,1.00,1.20
2016.01.25 10:52:46.154,1.68713,1.68724,1.00,1.10
2016.01.25 10:52:46.358,1.68716,1.6873,1.00,3.19
2016.01.25 10:52:47.016,1.68712,1.68725,1.10,5.25
2016.01.25 10:52:47.322,1.68714,1.68719,1.00,1.00
2016.01.25 10:52:47.475,1.68711,1.68719,1.00,1.00
2016.01.25 10:52:47.998,1.68713,1.68719,1.00,1.00
2016.01.25 10:52:48.050,1.68712,1.68721,1.00,1.00
2016.01.25 10:52:48.403,1.68712,1.68718,1.00,1.00
2016.01.25 10:52:48.505,1.68708,1.68718,1.00,1.00
2016.01.25 10:52:48.556,1.6871,1.68718,1.00,1.00
2016.01.25 10:52:48.608,1.6871,1.68721,1.00,1.00
2016.01.25 10:52:49.370,1.68713,1.68725,1.00,1.20
2016.01.25 10:52:49.808,1.68713,1.68723,1.00,1.00
2016.01.25 10:52:50.740,1.68718,1.68727,1.00,1.00
2016.01.25 10:52:50.792,1.68718,1.6873,1.00,1.50
2016.01.25 10:52:51.312,1.68719,1.6873,1.00,1.00
2016.01.25 10:52:53.813,1.68716,1.6873,1.12,1.00
2016.01.25 10:52:53.915,1.68713,1.68726,1.12,1.00
2016.01.25 10:52:53.967,1.68711,1.68725,1.12,1.00
2016.01.25 10:52:54.018,1.6871,1.6872,1.87,1.00
2016.01.25 10:52:54.325,1.68709,1.6872,1.23,1.00
2016.01.25 10:52:54.478,1.68711,1.68721,1.00,1.00
2016.01.25 10:52:54.825,1.68713,1.68721,1.00,1.00
2016.01.25 10:52:55.131,1.68718,1.68724,1.12,1.00
2016.01.25 10:52:55.234,1.6872,1.68728,1.00,1.00
2016.01.25 10:52:55.336,1.6872,1.68732,1.00,1.00
2016.01.25 10:52:55.878,1.68721,1.68732,1.00,1.00
2016.01.25 10:52:56.480,1.68719,1.68732,1.12,1.00
2016.01.25 10:52:56.735,1.68718,1.68729,1.00,1.00
2016.01.25 10:52:56.939,1.68713,1.68729,1.10,3.82
2016.01.25 10:52:57.095,1.68712,1.68722,1.00,1.00
2016.01.25 10:52:57.147,1.68709,1.68722,1.87,1.00
2016.01.25 10:52:57.605,1.68713,1.68723,1.00,1.00
2016.01.25 10:52:57.910,1.68716,1.68725,1.00,1.00
2016.01.25 10:52:57.962,1.68716,1.68727,1.00,1.31
2016.01.25 10:52:58.203,1.68716,1.68725,1.00,1.00
2016.01.25 10:52:58.508,1.68714,1.68722,1.00,1.00
2016.01.25 10:52:58.712,1.68714,1.68725,1.00,1.00
2016.01.25 10:52:59.068,1.68712,1.68726,1.00,1.00
2016.01.25 10:52:59.169,1.68712,1.68724,1.00,1.00
2016.01.25 10:52:59.474,1.68712,1.68721,1.00,1.00
2016.01.25 10:52:59.629,1.6871,1.68721,1.20,1.00
2016.01.25 10:52:59.834,1.68707,1.68721,1.00,4.87
2016.01.25 10:53:00.344,1.68707,1.6872,1.00,3.82
2016.01.25 10:53:00.848,1.68707,1.68717,1.00,1.00
2016.01.25 10:53:01.722,1.68707,1.68717,1.95,1.00
2016.01.25 10:53:02.228,1.68707,1.68718,1.95,1.00
2016.01.25 10:53:02.983,1.68709,1.6872,1.00,1.00
2016.01.25 10:53:03.237,1.68709,1.68722,1.00,1.31
2016.01.25 10:53:03.746,1.68709,1.68721,1.00,1.00
2016.01.25 10:53:04.435,1.68709,1.68724,1.00,1.57
2016.01.25 10:53:04.845,1.68711,1.68722,1.00,1.00
2016.01.25 10:53:04.999,1.68714,1.68727,1.00,1.69
2016.01.25 10:53:05.050,1.68717,1.68727,1.00,1.31
2016.01.25 10:53:05.253,1.68717,1.68729,1.00,1.00
2016.01.25 10:53:05.305,1.68719,1.68729,1.00,1.00
2016.01.25 10:53:05.356,1.68719,1.68732,1.12,1.12
2016.01.25 10:53:05.894,1.68719,1.68731,1.12,1.00
2016.01.25 10:53:06.149,1.68716,1.68731,1.95,1.31
2016.01.25 10:53:06.700,1.68716,1.68731,1.20,1.31
2016.01.25 10:53:06.964,1.68716,1.68731,1.87,3.82
2016.01.25 10:53:07.320,1.68715,1.68728,1.00,3.00
2016.01.25 10:53:07.586,1.68711,1.68725,1.00,1.01
2016.01.25 10:53:08.097,1.68711,1.68724,1.00,1.01
2016.01.25 10:53:08.667,1.68711,1.68723,1.00,2.06
2016.01.25 10:53:09.262,1.68709,1.68723,1.00,2.06
2016.01.25 10:53:11.648,1.68709,1.68723,1.00,3.00
2016.01.25 10:53:12.817,1.68709,1.68721,1.00,3.00
2016.01.25 10:53:13.912,1.68709,1.68722,1.00,1.22
2016.01.25 10:53:14.218,1.68709,1.68723,1.00,1.31
2016.01.25 10:53:15.133,1.68709,1.68723,1.00,3.75
2016.01.25 10:53:15.681,1.68709,1.68722,1.00,3.00
2016.01.25 10:53:15.866,1.68709,1.68723,1.00,3.00
2016.01.25 10:53:16.377,1.68709,1.68723,1.00,3.00
2016.01.25 10:53:17.035,1.68709,1.68724,1.00,4.57
2016.01.25 10:53:17.289,1.68714,1.68724,1.00,4.57
2016.01.25 10:53:17.545,1.68718,1.6873,1.00,1.32
2016.01.25 10:53:17.852,1.68715,1.68729,1.20,3.00
2016.01.25 10:53:17.954,1.68717,1.68729,1.00,3.37
2016.01.25 10:53:18.153,1.68714,1.68729,2.32,3.00
2016.01.25 10:53:18.306,1.68716,1.6873,1.00,3.00
2016.01.25 10:53:18.815,1.68716,1.68731,1.00,3.07
2016.01.25 10:53:19.139,1.68722,1.68731,1.00,3.07
2016.01.25 10:53:19.453,1.68722,1.68736,1.00,3.37
2016.01.25 10:53:20.290,1.68722,1.68736,1.00,3.37
2016.01.25 10:53:21.588,1.6872,1.68733,1.00,3.00
2016.01.25 10:53:22.183,1.6872,1.68731,1.00,3.00
2016.01.25 10:53:22.235,1.68718,1.68731,1.00,3.00
2016.01.25 10:53:22.490,1.68716,1.6873,1.00,3.00
2016.01.25 10:53:22.592,1.68716,1.68728,1.00,3.00
2016.01.25 10:53:22.796,1.68716,1.68729,1.00,3.07
2016.01.25 10:53:23.691,1.68716,1.68729,1.00,3.07
2016.01.25 10:53:24.021,1.68713,1.68729,1.20,3.07
2016.01.25 10:53:24.486,1.68711,1.68724,1.50,3.00
2016.01.25 10:53:24.738,1.6871,1.68723,1.00,3.00
2016.01.25 10:53:24.790,1.68709,1.68725,1.56,1.57
2016.01.25 10:53:24.841,1.68717,1.68725,1.00,1.57
2016.01.25 10:53:25.097,1.68728,1.68742,2.25,1.20
2016.01.25 10:53:25.148,1.68728,1.68743,2.25,2.32
2016.01.25 10:53:25.680,1.6873,1.68743,2.25,1.45
2016.01.25 10:53:25.952,1.68731,1.68744,1.56,1.45
2016.01.25 10:53:26.894,1.68729,1.68744,1.31,1.45
2016.01.25 10:53:26.945,1.68729,1.68744,1.31,1.20
2016.01.25 10:53:27.245,1.68725,1.68742,1.87,3.15
2016.01.25 10:53:27.347,1.68725,1.6874,1.87,1.27
2016.01.25 10:53:27.867,1.68725,1.68737,1.00,1.00
2016.01.25 10:53:28.536,1.68724,1.68737,1.00,1.00
2016.01.25 10:53:28.638,1.68721,1.68737,1.00,1.57
2016.01.25 10:53:28.689,1.68721,1.68737,1.00,2.32
2016.01.25 10:53:28.893,1.68717,1.68733,1.31,1.12
2016.01.25 10:53:28.995,1.68715,1.68727,1.00,1.00
2016.01.25 10:53:29.301,1.68716,1.68728,1.00,1.85
2016.01.25 10:53:29.454,1.68717,1.68731,1.00,2.25
2016.01.25 10:53:30.084,1.68717,1.68731,1.00,2.25
2016.01.25 10:53:30.187,1.68722,1.6873,1.00,1.20
2016.01.25 10:53:30.494,1.68739,1.68745,1.00,1.12
2016.01.25 10:53:30.546,1.6874,1.68751,1.87,1.37
2016.01.25 10:53:30.648,1.68744,1.68756,1.00,1.20
2016.01.25 10:53:30.809,1.68744,1.68757,1.87,2.62
2016.01.25 10:53:30.861,1.68747,1.68759,1.00,1.47
2016.01.25 10:53:31.372,1.68746,1.68758,1.00,1.27
2016.01.25 10:53:33.378,1.68746,1.68757,1.00,2.85
2016.01.25 10:53:33.434,1.68741,1.68757,1.00,2.85
2016.01.25 10:53:33.485,1.68741,1.68754,1.00,5.55
2016.01.25 10:53:33.536,1.68738,1.68753,1.12,1.16
2016.01.25 10:53:33.587,1.68736,1.6875,1.00,2.47
2016.01.25 10:53:33.639,1.68734,1.6875,1.00,2.47
2016.01.25 10:53:33.690,1.68734,1.68747,1.00,2.47
2016.01.25 10:53:33.742,1.68732,1.68747,1.00,2.85
2016.01.25 10:53:33.844,1.68732,1.68746,1.00,2.85
2016.01.25 10:53:33.896,1.6873,1.68746,1.00,3.60
2016.01.25 10:53:34.048,1.6873,1.68744,1.00,1.16
2016.01.25 10:53:34.638,1.68733,1.68744,1.00,1.69
2016.01.25 10:53:34.944,1.68741,1.68753,1.00,1.12
2016.01.25 10:53:34.995,1.68741,1.68752,1.00,1.10
2016.01.25 10:53:35.250,1.68743,1.68754,1.00,1.39
2016.01.25 10:53:35.301,1.6874,1.68754,1.00,1.39
2016.01.25 10:53:35.546,1.68743,1.68754,1.00,1.76
2016.01.25 10:53:35.648,1.68741,1.68754,1.00,1.76
2016.01.25 10:53:35.851,1.68744,1.68755,1.00,1.50
2016.01.25 10:53:36.157,1.68744,1.68751,1.00,3.00
2016.01.25 10:53:36.259,1.68742,1.68751,1.00,3.00
2016.01.25 10:53:36.412,1.68738,1.68751,1.00,3.00
2016.01.25 10:53:36.463,1.68738,1.68745,1.00,3.00
2016.01.25 10:53:36.976,1.68738,1.68746,1.00,3.00
2016.01.25 10:53:37.232,1.68742,1.68752,1.00,1.60
2016.01.25 10:53:37.539,1.68739,1.68749,1.00,3.00
2016.01.25 10:53:38.553,1.68739,1.68749,1.00,3.00
2016.01.25 10:53:38.605,1.68737,1.68749,1.20,3.00
2016.01.25 10:53:38.758,1.68737,1.68747,1.00,3.00
2016.01.25 10:53:38.810,1.68732,1.68745,3.37,1.25
2016.01.25 10:53:38.861,1.68732,1.68741,1.50,3.00
2016.01.25 10:53:38.964,1.68728,1.68741,1.00,3.00
2016.01.25 10:53:39.169,1.68725,1.68735,1.00,3.00
2016.01.25 10:53:39.373,1.68723,1.68734,1.00,3.00
2016.01.25 10:53:39.629,1.68725,1.68737,1.00,3.00
2016.01.25 10:53:39.986,1.68726,1.68736,1.00,3.00
2016.01.25 10:53:40.588,1.68728,1.68736,1.00,3.00
2016.01.25 10:53:40.640,1.68728,1.68738,1.00,3.00
2016.01.25 10:53:40.844,1.68725,1.68737,1.00,3.00
2016.01.25 10:53:41.402,1.68728,1.68737,1.00,3.00
2016.01.25 10:53:41.931,1.68728,1.68736,1.00,3.00
2016.01.25 10:53:42.084,1.68728,1.68737,1.00,3.00
2016.01.25 10:53:45.039,1.68724,1.68737,1.00,3.00
2016.01.25 10:53:45.141,1.68725,1.68732,1.00,3.00
2016.01.25 10:53:45.192,1.68723,1.68732,1.00,3.00
2016.01.25 10:53:45.702,1.68723,1.68729,1.00,3.00
2016.01.25 10:53:45.905,1.68721,1.68729,1.00,3.00
2016.01.25 10:53:45.958,1.68721,1.68732,1.00,3.00
2016.01.25 10:53:46.162,1.68721,1.68729,1.00,3.00
2016.01.25 10:53:46.672,1.68722,1.68729,1.00,3.00
2016.01.25 10:53:47.194,1.6872,1.6873,1.00,3.00
2016.01.25 10:53:47.703,1.6872,1.6873,1.00,3.00
2016.01.25 10:53:47.975,1.68722,1.6873,1.00,3.00
2016.01.25 10:53:48.128,1.68722,1.68732,1.00,3.00
2016.01.25 10:53:48.641,1.6872,1.68732,1.10,3.00
2016.01.25 10:53:48.794,1.68719,1.68731,1.87,3.00
2016.01.25 10:53:49.100,1.68717,1.68729,1.87,3.00
2016.01.25 10:53:49.647,1.68717,1.68729,1.12,3.00
2016.01.25 10:53:50.187,1.68717,1.68728,1.87,3.00
2016.01.25 10:53:50.956,1.68717,1.68728,1.12,3.00
2016.01.25 10:53:51.265,1.68717,1.68724,1.37,1.00
2016.01.25 10:53:53.725,1.68715,1.68724,1.50,1.00
2016.01.25 10:53:54.284,1.68714,1.68724,1.47,1.00
2016.01.25 10:53:54.529,1.68713,1.6872,1.50,1.00
2016.01.25 10:53:54.733,1.6871,1.68718,1.47,1.00
2016.01.25 10:53:54.836,1.68708,1.68719,1.37,1.00
2016.01.25 10:53:54.938,1.68708,1.68717,1.37,1.00
2016.01.25 10:53:55.244,1.68705,1.68714,1.37,1.00
2016.01.25 10:53:55.296,1.68704,1.68718,1.87,1.04
2016.01.25 10:53:55.347,1.68706,1.68718,1.12,1.04
2016.01.25 10:53:55.660,1.68721,1.68725,1.00,1.00
2016.01.25 10:53:55.712,1.68721,1.68733,2.25,1.23
2016.01.25 10:53:55.814,1.68726,1.68738,2.81,1.00
2016.01.25 10:53:56.120,1.68728,1.68734,1.37,1.00
2016.01.25 10:53:56.171,1.68724,1.68734,1.57,1.00
2016.01.25 10:53:56.223,1.68724,1.68732,1.57,1.00
2016.01.25 10:53:56.538,1.68723,1.68732,1.37,3.74
2016.01.25 10:53:56.592,1.68718,1.68726,1.47,1.00
2016.01.25 10:53:57.102,1.68717,1.68726,1.57,1.00
2016.01.25 10:53:57.356,1.68717,1.68728,1.57,1.00
2016.01.25 10:53:57.458,1.68718,1.68729,1.12,1.00
2016.01.25 10:53:57.769,1.68721,1.68731,1.37,1.00
2016.01.25 10:53:58.176,1.68722,1.68733,1.20,1.00
2016.01.25 10:53:58.227,1.68722,1.68736,2.25,1.30
2016.01.25 10:53:58.636,1.6873,1.68737,1.12,1.00
2016.01.25 10:53:58.688,1.68732,1.6874,1.47,1.00
2016.01.25 10:53:58.790,1.68732,1.68737,1.47,1.30
2016.01.25 10:53:58.892,1.68732,1.68742,1.00,1.30
2016.01.25 10:53:58.943,1.68734,1.68743,1.37,3.74
2016.01.25 10:53:58.995,1.68734,1.68745,1.87,1.00
2016.01.25 10:53:59.650,1.68734,1.68742,1.87,1.00
2016.01.25 10:53:59.702,1.68734,1.68744,1.47,1.00
2016.01.25 10:54:00.212,1.68733,1.68744,1.57,1.00
2016.01.25 10:54:00.721,1.68732,1.68743,1.95,1.00
2016.01.25 10:54:01.256,1.68731,1.68743,1.95,1.00
2016.01.25 10:54:01.764,1.68738,1.68743,1.37,1.00
2016.01.25 10:54:02.307,1.68737,1.68743,1.47,1.00
2016.01.25 10:54:02.985,1.68738,1.68743,1.37,1.00
2016.01.25 10:54:03.536,1.68737,1.68743,1.47,1.00
2016.01.25 10:54:03.739,1.68733,1.68742,1.47,1.00
2016.01.25 10:54:04.148,1.68732,1.6874,1.37,1.00
2016.01.25 10:54:04.249,1.68732,1.68742,1.37,1.00
2016.01.25 10:54:04.555,1.68732,1.6874,1.37,1.00
2016.01.25 10:54:05.188,1.68731,1.6874,2.40,1.00
2016.01.25 10:54:05.449,1.68731,1.68742,3.15,1.00
2016.01.25 10:54:05.956,1.68732,1.68742,1.37,1.00
2016.01.25 10:54:06.249,1.68732,1.68745,2.62,1.00
2016.01.25 10:54:06.403,1.68732,1.68742,3.37,1.00
2016.01.25 10:54:06.708,1.68729,1.68738,1.12,1.00
2016.01.25 10:54:06.760,1.68728,1.6874,1.75,1.00
2016.01.25 10:54:06.913,1.68728,1.6874,1.87,1.00
2016.01.25 10:54:07.066,1.68728,1.6874,2.25,1.00
2016.01.25 10:54:08.192,1.68731,1.6874,1.00,1.00
2016.01.25 10:54:08.892,1.6873,1.6874,1.12,1.00
2016.01.25 10:54:10.145,1.68728,1.6874,1.12,1.00
2016.01.25 10:54:11.790,1.68728,1.68739,1.12,1.00
2016.01.25 10:54:13.979,1.68727,1.68739,1.00,1.00
2016.01.25 10:54:14.030,1.68727,1.68736,1.00,1.00
2016.01.25 10:54:14.707,1.68725,1.68733,1.12,1.00
2016.01.25 10:54:15.215,1.68725,1.68731,1.00,1.00
2016.01.25 10:54:15.820,1.68723,1.68729,1.00,1.00
2016.01.25 10:54:16.074,1.6872,1.68731,2.62,1.00
2016.01.25 10:54:16.670,1.68721,1.68731,1.00,1.00
2016.01.25 10:54:17.205,1.6872,1.68731,3.00,1.00
2016.01.25 10:54:17.665,1.68721,1.68733,1.00,1.00
2016.01.25 10:54:18.500,1.68721,1.68733,1.37,1.00
2016.01.25 10:54:19.171,1.68721,1.68734,1.50,1.00
2016.01.25 10:54:19.476,1.68724,1.68734,1.37,1.00
2016.01.25 10:54:19.906,1.68725,1.68738,1.50,3.75
2016.01.25 10:54:19.957,1.68728,1.68739,1.12,1.00
2016.01.25 10:54:20.169,1.6873,1.68741,1.85,1.00
2016.01.25 10:54:20.686,1.68731,1.68745,1.00,1.00
2016.01.25 10:54:21.204,1.68731,1.68745,1.37,1.56
2016.01.25 10:54:21.883,1.68731,1.68745,1.00,1.56
2016.01.25 10:54:22.417,1.68731,1.68745,1.00,1.00
2016.01.25 10:54:22.886,1.68733,1.68745,1.47,1.00
2016.01.25 10:54:23.193,1.68735,1.68747,1.85,1.00
2016.01.25 10:54:23.295,1.68734,1.68747,1.95,1.00
2016.01.25 10:54:23.824,1.68735,1.68747,1.57,1.00
2016.01.25 10:54:24.028,1.68734,1.68745,2.70,1.00
2016.01.25 10:54:24.770,1.68734,1.68745,1.37,1.00
2016.01.25 10:54:25.078,1.68724,1.68734,1.10,1.00
2016.01.25 10:54:25.486,1.68724,1.68736,1.57,1.00
2016.01.25 10:54:26.087,1.68724,1.68736,1.10,1.31
2016.01.25 10:54:26.599,1.68725,1.68736,1.00,1.00
2016.01.25 10:54:28.441,1.68725,1.68737,1.20,1.00
2016.01.25 10:54:28.782,1.68726,1.68737,1.50,1.00
2016.01.25 10:54:29.949,1.68727,1.68737,1.37,1.00
2016.01.25 10:54:30.351,1.68724,1.68737,2.25,1.00
2016.01.25 10:54:30.711,1.68724,1.68737,3.00,1.00
2016.01.25 10:54:31.225,1.68726,1.68738,1.87,1.00
2016.01.25 10:54:31.617,1.6873,1.68738,1.37,1.00
2016.01.25 10:54:31.770,1.68729,1.6874,1.37,1.31
2016.01.25 10:54:31.873,1.68729,1.68743,1.50,1.00
2016.01.25 10:54:32.174,1.68734,1.68743,1.37,1.00
2016.01.25 10:54:32.483,1.68734,1.68743,1.37,3.75
2016.01.25 10:54:32.536,1.6873,1.6874,1.87,1.00
2016.01.25 10:54:32.739,1.68728,1.6874,1.57,1.00
2016.01.25 10:54:33.234,1.68729,1.68737,1.47,1.00
2016.01.25 10:54:33.390,1.68726,1.68737,1.57,1.31
2016.01.25 10:54:33.442,1.68725,1.68734,1.50,1.00
2016.01.25 10:54:33.851,1.68725,1.68737,1.57,1.31
2016.01.25 10:54:34.389,1.68726,1.68737,1.07,1.00
2016.01.25 10:54:35.151,1.68726,1.68734,1.07,1.00
2016.01.25 10:54:35.518,1.68724,1.68734,1.57,1.31
2016.01.25 10:54:35.824,1.68721,1.68734,1.87,1.00
2016.01.25 10:54:36.355,1.68721,1.68733,1.47,1.31
2016.01.25 10:54:36.816,1.68721,1.68727,1.47,1.00
2016.01.25 10:54:36.918,1.68718,1.68725,1.57,1.31
2016.01.25 10:54:37.020,1.68713,1.68725,1.50,1.00
2016.01.25 10:54:37.123,1.68712,1.68725,1.57,1.00
2016.01.25 10:54:37.704,1.68712,1.68723,1.57,1.00
2016.01.25 10:54:38.061,1.68711,1.6872,1.50,1.00
2016.01.25 10:54:38.370,1.68701,1.68712,1.87,1.00
2016.01.25 10:54:38.688,1.68699,1.68706,1.20,1.00
2016.01.25 10:54:38.894,1.68696,1.68706,1.37,1.00
2016.01.25 10:54:38.945,1.68694,1.68706,1.47,1.00
2016.01.25 10:54:40.269,1.68694,1.68706,1.10,1.00
2016.01.25 10:54:43.047,1.68694,1.68706,1.47,1.00
2016.01.25 10:54:43.637,1.68693,1.68706,1.95,1.00
2016.01.25 10:54:43.789,1.68693,1.68702,1.95,1.00
2016.01.25 10:54:44.002,1.68689,1.68701,2.32,1.00
2016.01.25 10:54:44.256,1.68689,1.68696,2.32,1.00
2016.01.25 10:54:44.409,1.6868,1.68691,1.87,1.00
2016.01.25 10:54:44.461,1.68679,1.68689,2.25,1.00
2016.01.25 10:54:44.512,1.68679,1.68689,1.00,1.00
2016.01.25 10:54:44.665,1.68676,1.68689,1.87,1.50
2016.01.25 10:54:44.716,1.68679,1.68688,1.45,1.00
2016.01.25 10:54:45.010,1.68674,1.68685,1.57,1.00
2016.01.25 10:54:45.265,1.68674,1.68687,2.70,2.25
2016.01.25 10:54:45.368,1.68677,1.68687,1.47,1.00
2016.01.25 10:54:45.877,1.68677,1.68688,2.25,1.00
2016.01.25 10:54:46.393,1.68677,1.68689,1.50,1.00
2016.01.25 10:54:47.261,1.68678,1.68689,1.87,1.00
2016.01.25 10:54:47.567,1.68676,1.68689,2.25,1.00
2016.01.25 10:54:50.963,1.68677,1.6869,1.45,1.00
2016.01.25 10:54:54.044,1.68678,1.68687,1.10,1.00
2016.01.25 10:54:54.400,1.68673,1.68686,2.62,1.00
2016.01.25 10:54:54.502,1.68673,1.68686,1.20,1.00
2016.01.25 10:54:55.024,1.68673,1.68686,1.95,1.00
2016.01.25 10:54:55.555,1.68673,1.68686,1.20,1.00
2016.01.25 10:54:55.828,1.68671,1.68683,1.57,1.00
2016.01.25 10:54:56.133,1.68667,1.68676,1.50,3.00
2016.01.25 10:54:56.185,1.68665,1.68676,1.57,3.00
2016.01.25 10:54:56.287,1.68664,1.68678,3.37,3.00
2016.01.25 10:54:56.544,1.68669,1.68679,1.87,1.00
2016.01.25 10:54:57.051,1.68669,1.68682,1.87,3.00
2016.01.25 10:54:57.103,1.68669,1.6868,2.25,1.00
2016.01.25 10:54:57.154,1.68669,1.68682,2.25,1.00
2016.01.25 10:54:57.358,1.68669,1.6868,1.87,3.00
2016.01.25 10:54:58.572,1.68669,1.68681,1.87,1.00
2016.01.25 10:54:59.727,1.68669,1.6868,1.87,1.00
2016.01.25 10:55:00.031,1.68669,1.68678,1.07,1.00
2016.01.25 10:55:00.346,1.68667,1.68672,1.05,3.75
2016.01.25 10:55:00.397,1.6866,1.68669,1.12,2.25
2016.01.25 10:55:00.449,1.68656,1.68669,1.95,2.25
2016.01.25 10:55:00.960,1.68659,1.68669,1.00,2.25
2016.01.25 10:55:01.011,1.68659,1.68674,1.57,1.00
2016.01.25 10:55:01.114,1.68662,1.68674,1.50,1.00
2016.01.25 10:55:01.630,1.68663,1.68673,1.07,1.00
2016.01.25 10:55:03.175,1.68668,1.68678,1.37,1.00
2016.01.25 10:55:03.328,1.68669,1.68684,1.87,1.00
2016.01.25 10:55:03.381,1.68669,1.68684,2.62,1.00
2016.01.25 10:55:03.432,1.68672,1.68682,1.00,1.00
2016.01.25 10:55:03.636,1.68671,1.68685,1.57,1.00
2016.01.25 10:55:03.839,1.68673,1.68685,2.25,1.00
2016.01.25 10:55:04.093,1.68674,1.68687,1.57,3.00
2016.01.25 10:55:04.982,1.68674,1.68686,1.57,1.00
2016.01.25 10:55:05.490,1.68675,1.68686,1.07,1.00
2016.01.25 10:55:06.840,1.68673,1.68686,1.87,3.00
2016.01.25 10:55:06.891,1.68673,1.68684,1.87,1.00
2016.01.25 10:55:07.340,1.68673,1.6868,1.12,1.00
2016.01.25 10:55:07.392,1.68671,1.6868,1.50,2.25
2016.01.25 10:55:07.799,1.6867,1.68677,1.47,2.25
2016.01.25 10:55:07.850,1.68668,1.68677,2.32,2.25
2016.01.25 10:55:08.054,1.68666,1.68678,2.25,3.00
2016.01.25 10:55:08.359,1.68666,1.68675,1.87,2.25
2016.01.25 10:55:08.801,1.68665,1.68674,1.50,3.00
2016.01.25 10:55:09.564,1.68665,1.68673,1.37,3.00
2016.01.25 10:55:09.747,1.68662,1.68673,1.87,3.00
2016.01.25 10:55:11.660,1.6866,1.68669,1.87,3.00
2016.01.25 10:55:11.813,1.68657,1.68669,1.50,3.75
2016.01.25 10:55:12.982,1.68657,1.6867,1.50,1.56
2016.01.25 10:55:13.650,1.68657,1.6867,2.25,3.75
2016.01.25 10:55:13.849,1.68659,1.6867,1.37,3.75
2016.01.25 10:55:13.900,1.68663,1.68673,1.00,3.00
2016.01.25 10:55:14.104,1.68663,1.68672,1.12,3.00
2016.01.25 10:55:14.207,1.68661,1.68671,1.65,3.00
2016.01.25 10:55:14.717,1.68661,1.68671,1.95,3.00
2016.01.25 10:55:14.769,1.68663,1.68677,1.12,3.75
2016.01.25 10:55:14.820,1.68665,1.68677,1.37,3.00
2016.01.25 10:55:14.871,1.68667,1.68679,1.00,1.00
2016.01.25 10:55:14.923,1.68669,1.68682,1.37,1.31
2016.01.25 10:55:15.469,1.6867,1.68683,1.95,1.31
2016.01.25 10:55:16.180,1.6867,1.68683,1.57,1.56
2016.01.25 10:55:16.725,1.6867,1.68683,1.57,3.75
2016.01.25 10:55:18.696,1.6867,1.6868,1.07,3.75
2016.01.25 10:55:19.154,1.68668,1.6868,1.87,3.75
2016.01.25 10:55:19.700,1.68667,1.6868,1.57,3.75
2016.01.25 10:55:20.260,1.68668,1.68679,1.37,3.00
2016.01.25 10:55:20.799,1.68668,1.6868,1.37,2.25
2016.01.25 10:55:21.334,1.68667,1.68679,1.57,1.50
2016.01.25 10:55:21.847,1.68667,1.6868,1.57,2.25
2016.01.25 10:55:21.899,1.68669,1.6868,1.12,2.25
2016.01.25 10:55:27.118,1.68669,1.68681,1.50,1.00
2016.01.25 10:55:27.719,1.68669,1.68687,1.50,2.25
2016.01.25 10:55:27.770,1.68669,1.68683,1.50,1.00
2016.01.25 10:55:27.822,1.6867,1.68687,1.82,1.00
2016.01.25 10:55:27.974,1.68676,1.68689,1.37,1.12
2016.01.25 10:55:28.825,1.68676,1.68686,1.37,1.00
2016.01.25 10:55:28.876,1.68673,1.68684,1.95,1.00
2016.01.25 10:55:29.119,1.68672,1.68684,1.07,1.00
2016.01.25 10:55:29.272,1.68669,1.68684,1.50,1.00
2016.01.25 10:55:29.789,1.68669,1.68683,2.25,1.00
2016.01.25 10:55:30.334,1.68669,1.68686,1.82,1.12
2016.01.25 10:55:30.437,1.68674,1.68687,1.37,1.00
2016.01.25 10:55:30.982,1.68675,1.68688,1.57,1.00
2016.01.25 10:55:31.483,1.68674,1.68688,1.87,1.00
2016.01.25 10:55:32.283,1.68675,1.68688,1.57,1.00
2016.01.25 10:55:32.537,1.68676,1.68693,1.75,1.50
2016.01.25 10:55:32.639,1.68682,1.68693,1.87,1.00
2016.01.25 10:55:32.742,1.68682,1.68695,1.20,1.00
2016.01.25 10:55:32.793,1.68682,1.68695,1.50,1.00
2016.01.25 10:55:33.098,1.68683,1.68693,1.07,1.00
2016.01.25 10:55:33.642,1.68682,1.68693,1.47,1.12
2016.01.25 10:55:34.579,1.68682,1.68691,1.47,1.00
2016.01.25 10:55:34.900,1.68674,1.68687,1.37,1.00
2016.01.25 10:55:34.953,1.68672,1.68687,1.45,1.00
2016.01.25 10:55:35.056,1.68673,1.68685,1.10,1.00
2016.01.25 10:55:35.210,1.68672,1.68687,1.57,1.12
2016.01.25 10:55:35.667,1.68672,1.68689,1.07,1.50
2016.01.25 10:55:35.881,1.68676,1.68689,1.57,1.00
2016.01.25 10:55:36.341,1.68676,1.68691,1.57,1.00
2016.01.25 10:55:36.647,1.68677,1.68695,1.45,2.25
2016.01.25 10:55:36.749,1.68678,1.68693,1.75,1.00
2016.01.25 10:55:37.065,1.68676,1.68692,3.07,1.00
2016.01.25 10:55:37.525,1.68676,1.68689,2.32,1.00
2016.01.25 10:55:37.678,1.68673,1.68687,1.50,1.00
2016.01.25 10:55:37.780,1.68673,1.68685,1.07,1.00
2016.01.25 10:55:38.216,1.68669,1.68684,1.57,1.00
2016.01.25 10:55:38.775,1.68668,1.68684,2.25,1.00
2016.01.25 10:55:39.112,1.68669,1.68682,1.57,1.00
2016.01.25 10:55:39.417,1.68667,1.68681,1.50,1.00
2016.01.25 10:55:39.627,1.68666,1.68683,2.70,2.25
2016.01.25 10:55:39.729,1.68667,1.68685,3.37,2.25
2016.01.25 10:55:40.238,1.68668,1.68684,1.82,1.00
2016.01.25 10:55:40.881,1.68668,1.68682,1.45,1.00
2016.01.25 10:55:41.694,1.68668,1.68681,1.45,1.00
2016.01.25 10:55:42.050,1.68666,1.68681,1.57,1.00
2016.01.25 10:55:42.222,1.68666,1.68679,1.57,1.00
2016.01.25 10:55:42.273,1.68664,1.68677,1.20,1.00
2016.01.25 10:55:42.783,1.68662,1.68676,1.07,1.00
2016.01.25 10:55:43.178,1.68664,1.68674,1.37,1.00
2016.01.25 10:55:43.535,1.68663,1.68675,1.50,1.00
2016.01.25 10:55:43.587,1.68664,1.68673,1.10,1.00
2016.01.25 10:55:44.257,1.68663,1.68674,1.50,1.00
2016.01.25 10:55:44.765,1.68663,1.68673,1.50,1.00
2016.01.25 10:55:45.470,1.68667,1.68679,1.00,1.12
2016.01.25 10:55:45.521,1.68665,1.68679,1.12,1.00
2016.01.25 10:55:45.573,1.68668,1.68681,1.12,1.00
2016.01.25 10:55:45.980,1.68668,1.68682,1.50,1.37
2016.01.25 10:55:46.133,1.68667,1.68682,1.57,1.50
2016.01.25 10:55:47.203,1.68666,1.68682,1.50,1.50
2016.01.25 10:55:48.100,1.68669,1.68685,1.00,1.85
2016.01.25 10:55:48.525,1.68669,1.68684,1.20,1.37
2016.01.25 10:55:48.730,1.68673,1.68688,1.00,1.47
2016.01.25 10:55:48.781,1.68674,1.6869,1.00,1.87
2016.01.25 10:55:48.833,1.68677,1.6869,1.00,1.12
2016.01.25 10:55:48.884,1.68677,1.68692,1.00,1.20
2016.01.25 10:55:48.987,1.68679,1.68694,1.37,1.37
2016.01.25 10:55:49.436,1.68688,1.68703,1.07,1.87
2016.01.25 10:55:49.487,1.68691,1.68707,1.00,1.20
2016.01.25 10:55:49.996,1.68691,1.68708,1.00,2.25
2016.01.25 10:55:50.569,1.68691,1.68708,1.12,1.12
2016.01.25 10:55:50.624,1.68691,1.68706,1.12,1.00
2016.01.25 10:55:51.285,1.68691,1.68708,1.12,1.00
2016.01.25 10:55:51.336,1.68691,1.68706,1.12,1.00
2016.01.25 10:55:52.554,1.6869,1.68709,1.20,1.95
2016.01.25 10:55:52.933,1.6869,1.68707,1.20,1.00
2016.01.25 10:55:53.036,1.68688,1.68707,2.70,1.10
2016.01.25 10:55:53.088,1.68688,1.68705,1.57,1.00
2016.01.25 10:55:53.139,1.68688,1.68705,1.57,1.00
2016.01.25 10:55:53.241,1.68688,1.68705,1.57,1.00
2016.01.25 10:55:55.381,1.68689,1.68706,1.37,1.12
2016.01.25 10:55:55.623,1.68693,1.68711,2.40,1.87
2016.01.25 10:55:55.827,1.68695,1.68711,1.37,1.37
2016.01.25 10:55:56.030,1.68695,1.68712,1.37,1.27
2016.01.25 10:55:56.931,1.68701,1.68713,1.00,1.95
2016.01.25 10:55:57.236,1.68708,1.68722,1.37,1.20
2016.01.25 10:55:57.847,1.6871,1.68725,1.37,2.02
2016.01.25 10:55:58.165,1.68709,1.68725,1.95,1.12
2016.01.25 10:55:58.623,1.6871,1.68727,2.62,1.20
2016.01.25 10:55:58.674,1.6871,1.68729,3.07,3.30
2016.01.25 10:55:58.725,1.68717,1.68729,1.37,1.57
2016.01.25 10:55:58.777,1.68717,1.68731,1.37,1.95
2016.01.25 10:55:59.332,1.68717,1.68731,1.50,1.37
2016.01.25 10:55:59.840,1.68717,1.68731,1.50,1.12
2016.01.25 10:56:00.355,1.68719,1.68732,1.37,1.00
2016.01.25 10:56:00.870,1.6872,1.68733,1.57,1.00
2016.01.25 10:56:01.074,1.68721,1.68735,1.45,1.00
2016.01.25 10:56:01.177,1.68722,1.68736,1.12,1.00
2016.01.25 10:56:01.482,1.68722,1.68734,1.50,1.00
2016.01.25 10:56:02.969,1.68722,1.68736,1.50,2.47
2016.01.25 10:56:03.479,1.68724,1.68736,1.57,1.00
2016.01.25 10:56:04.232,1.68724,1.68735,1.50,1.00
2016.01.25 10:56:06.627,1.68722,1.68731,1.50,1.00
2016.01.25 10:56:06.780,1.6872,1.6873,1.12,1.00
2016.01.25 10:56:06.882,1.68718,1.6873,1.50,1.12
2016.01.25 10:56:07.790,1.68717,1.6873,1.47,1.50
2016.01.25 10:56:07.892,1.68716,1.6873,1.57,1.50
2016.01.25 10:56:08.337,1.68716,1.68727,1.07,1.00
2016.01.25 10:56:08.950,1.68716,1.68729,1.07,1.12
2016.01.25 10:56:09.557,1.68716,1.68727,1.57,1.00
2016.01.25 10:56:10.066,1.68716,1.68726,1.07,1.00
2016.01.25 10:56:10.425,1.68715,1.68728,1.50,1.00
2016.01.25 10:56:11.885,1.68715,1.68726,1.50,1.00
2016.01.25 10:56:12.142,1.68715,1.68728,1.50,1.00
2016.01.25 10:56:12.346,1.68722,1.68733,1.00,1.12
2016.01.25 10:56:12.397,1.68722,1.68737,1.20,1.50
2016.01.25 10:56:12.499,1.68722,1.68737,4.12,1.12
2016.01.25 10:56:12.550,1.68725,1.68737,1.37,1.12
2016.01.25 10:56:12.703,1.68725,1.6874,1.87,1.00
2016.01.25 10:56:12.906,1.68725,1.68738,1.87,1.00
2016.01.25 10:56:13.236,1.68707,1.68721,1.20,1.00
2016.01.25 10:56:13.288,1.68705,1.68721,1.47,1.00
2016.01.25 10:56:13.390,1.68704,1.68721,2.70,1.00
2016.01.25 10:56:13.594,1.68704,1.68719,1.57,1.00
2016.01.25 10:56:13.899,1.68698,1.68712,1.87,1.00
2016.01.25 10:56:13.951,1.68697,1.68712,1.87,1.00
2016.01.25 10:56:15.273,1.68697,1.68714,1.87,1.00
2016.01.25 10:56:15.476,1.68698,1.68714,1.75,1.00
2016.01.25 10:56:17.238,1.68698,1.68714,1.87,1.37
2016.01.25 10:56:17.784,1.68698,1.68712,1.87,1.00
2016.01.25 10:56:20.759,1.68698,1.68714,1.87,1.37
2016.01.25 10:56:21.278,1.68698,1.68712,2.62,1.00
2016.01.25 10:56:21.659,1.68698,1.6871,1.87,1.00
2016.01.25 10:56:21.761,1.68697,1.6871,1.95,1.00
2016.01.25 10:56:21.812,1.68697,1.68706,1.95,1.00
2016.01.25 10:56:22.117,1.68678,1.68689,1.12,1.37
2016.01.25 10:56:22.347,1.68673,1.68687,1.82,1.00
2016.01.25 10:56:23.216,1.68673,1.6869,3.00,1.12
2016.01.25 10:56:23.469,1.68677,1.6869,1.37,1.12
2016.01.25 10:56:23.774,1.68673,1.68683,1.87,1.00
2016.01.25 10:56:24.181,1.68671,1.68683,1.37,1.00
2016.01.25 10:56:24.817,1.68671,1.68684,1.37,1.12
2016.01.25 10:56:24.920,1.68672,1.68684,1.50,1.00
2016.01.25 10:56:25.175,1.68673,1.68689,1.07,2.62
2016.01.25 10:56:25.227,1.68673,1.68689,1.07,1.12
2016.01.25 10:56:25.278,1.68675,1.6869,1.47,1.12
2016.01.25 10:56:25.625,1.68679,1.68693,1.12,1.12
2016.01.25 10:56:25.931,1.68677,1.68688,1.37,1.00
2016.01.25 10:56:26.874,1.68676,1.68688,1.37,1.00
2016.01.25 10:56:27.281,1.68676,1.68685,1.37,1.00
2016.01.25 10:56:27.535,1.68676,1.68687,1.37,1.00
2016.01.25 10:56:27.638,1.68675,1.68691,1.50,1.37
2016.01.25 10:56:27.690,1.68677,1.68692,1.50,1.87
2016.01.25 10:56:27.741,1.68677,1.68693,1.50,1.50
2016.01.25 10:56:27.793,1.68681,1.68693,1.57,1.37
2016.01.25 10:56:27.845,1.68681,1.68695,1.57,1.12
2016.01.25 10:56:28.126,1.68685,1.68697,1.12,1.50
2016.01.25 10:56:28.636,1.68685,1.68694,1.12,1.00
2016.01.25 10:56:28.688,1.68683,1.68694,1.50,1.00
2016.01.25 10:56:29.461,1.68681,1.6869,1.07,1.00
2016.01.25 10:56:29.563,1.68679,1.6869,1.57,1.00
2016.01.25 10:56:29.666,1.68676,1.6869,1.47,1.00
2016.01.25 10:56:30.021,1.68676,1.68687,1.47,1.00
2016.01.25 10:56:30.072,1.68676,1.68689,1.47,1.00
2016.01.25 10:56:30.685,1.68675,1.68689,1.57,1.37
2016.01.25 10:56:30.788,1.68676,1.68685,1.47,1.00
2016.01.25 10:56:31.043,1.68674,1.68687,1.50,1.00
2016.01.25 10:56:33.465,1.68673,1.68687,1.95,1.00
2016.01.25 10:56:34.069,1.68675,1.68688,1.10,1.00
2016.01.25 10:56:34.325,1.68678,1.6869,1.37,1.00
2016.01.25 10:56:34.803,1.68679,1.68693,1.00,1.00
2016.01.25 10:56:35.006,1.68681,1.68693,1.37,1.00
2016.01.25 10:56:35.423,1.68681,1.68695,1.37,1.00
2016.01.25 10:56:35.728,1.68682,1.68695,1.95,1.00
2016.01.25 10:56:36.134,1.68682,1.68698,1.95,1.12
2016.01.25 10:56:36.339,1.68682,1.68696,2.32,1.00
2016.01.25 10:56:36.796,1.68686,1.68695,1.37,1.00
2016.01.25 10:56:36.952,1.68686,1.68698,1.37,1.00
2016.01.25 10:56:37.937,1.68683,1.68698,1.50,1.00
2016.01.25 10:56:38.445,1.68682,1.68697,1.00,1.00
2016.01.25 10:56:39.404,1.68682,1.68697,1.50,1.00
2016.01.25 10:56:40.948,1.68682,1.68697,1.00,1.00
2016.01.25 10:56:41.253,1.68682,1.68694,1.50,1.00
2016.01.25 10:56:41.558,1.68678,1.68691,1.87,1.00
2016.01.25 10:56:41.864,1.68676,1.68687,1.47,1.00
2016.01.25 10:56:42.119,1.68675,1.68687,1.47,1.00
2016.01.25 10:56:42.170,1.68675,1.6869,1.47,1.00
2016.01.25 10:56:44.331,1.68675,1.68688,1.87,1.00
2016.01.25 10:56:44.636,1.68673,1.68686,1.87,1.00
2016.01.25 10:56:45.266,1.68673,1.68688,2.62,1.87
2016.01.25 10:56:45.613,1.68675,1.68692,1.20,1.50
2016.01.25 10:56:45.664,1.68677,1.68692,1.47,1.12
2016.01.25 10:56:45.767,1.68677,1.68689,1.87,1.00
2016.01.25 10:56:46.278,1.68675,1.6869,1.47,1.00
2016.01.25 10:56:46.579,1.68677,1.68694,1.20,1.65
2016.01.25 10:56:46.632,1.68679,1.68694,1.37,1.57
2016.01.25 10:56:46.938,1.68682,1.68695,1.95,1.00
2016.01.25 10:56:46.990,1.68682,1.68697,1.95,1.27
2016.01.25 10:56:47.601,1.68683,1.68697,1.50,1.12
2016.01.25 10:56:48.988,1.68683,1.68695,1.50,1.00
2016.01.25 10:56:49.446,1.68682,1.68695,1.50,1.00
2016.01.25 10:56:49.751,1.68682,1.68697,1.50,1.20
2016.01.25 10:56:50.747,1.68683,1.68695,1.47,1.00
2016.01.25 10:56:51.259,1.68682,1.68695,1.57,1.00
2016.01.25 10:56:52.734,1.68683,1.68695,1.47,1.00
2016.01.25 10:56:53.256,1.68682,1.68695,1.57,1.00
2016.01.25 10:56:53.966,1.68683,1.68695,1.47,1.00
2016.01.25 10:56:54.479,1.68683,1.68699,4.20,1.00
2016.01.25 10:56:54.658,1.68684,1.687,1.31,1.37
2016.01.25 10:56:54.709,1.6869,1.68706,1.37,2.02
2016.01.25 10:56:54.760,1.68692,1.68706,1.12,1.00
2016.01.25 10:56:54.811,1.68692,1.68708,1.12,1.12
2016.01.25 10:56:56.357,1.68694,1.68708,3.52,1.00
2016.01.25 10:56:56.868,1.68694,1.68708,3.75,1.00
2016.01.25 10:56:57.272,1.68694,1.6871,3.75,1.00
2016.01.25 10:56:58.006,1.68694,1.6871,3.75,1.00
2016.01.25 10:56:59.186,1.68694,1.6871,1.50,1.00
2016.01.25 10:56:59.928,1.687,1.68713,1.00,1.37
2016.01.25 10:57:00.269,1.68703,1.68716,1.47,1.00
2016.01.25 10:57:00.371,1.68701,1.68716,1.85,1.00
2016.01.25 10:57:00.575,1.687,1.68713,1.50,1.00
2016.01.25 10:57:00.678,1.68699,1.68712,1.07,1.00
2016.01.25 10:57:01.188,1.68699,1.68713,1.07,1.00
2016.01.25 10:57:02.761,1.68698,1.68708,1.12,1.00
2016.01.25 10:57:03.017,1.68694,1.68706,1.50,1.00
2016.01.25 10:57:03.749,1.68694,1.68705,1.50,1.00
2016.01.25 10:57:04.452,1.68692,1.68705,1.39,1.00
2016.01.25 10:57:05.113,1.68692,1.68709,2.14,2.92
2016.01.25 10:57:05.165,1.68695,1.6871,1.37,1.47
2016.01.25 10:57:05.216,1.68695,1.68712,1.37,6.00
2016.01.25 10:57:05.527,1.68697,1.68712,1.07,1.37
2016.01.25 10:57:05.832,1.68694,1.68707,1.07,1.00
2016.01.25 10:57:06.137,1.68693,1.68704,1.12,1.00
2016.01.25 10:57:06.341,1.68693,1.68707,1.69,1.12
2016.01.25 10:57:06.765,1.68696,1.68707,1.47,1.00
2016.01.25 10:57:07.071,1.68697,1.68708,2.06,1.00
2016.01.25 10:57:07.174,1.68697,1.68712,1.69,1.37
2016.01.25 10:57:07.683,1.68699,1.68712,2.01,1.00
2016.01.25 10:57:09.025,1.68699,1.68714,1.69,1.00
2016.01.25 10:57:10.074,1.687,1.68716,3.52,1.37
2016.01.25 10:57:10.520,1.68701,1.68712,1.50,1.00
2016.01.25 10:57:10.571,1.68699,1.68712,1.37,1.00
2016.01.25 10:57:10.622,1.68696,1.68712,1.57,1.00
2016.01.25 10:57:11.133,1.68696,1.68713,1.76,2.92
2016.01.25 10:57:11.631,1.68699,1.68713,1.12,1.00
2016.01.25 10:57:12.142,1.68699,1.68716,1.12,4.05
2016.01.25 10:57:12.500,1.68699,1.68711,1.12,1.00
2016.01.25 10:57:12.551,1.68699,1.68713,1.12,1.12
2016.01.25 10:57:12.653,1.68696,1.6871,3.75,1.00
2016.01.25 10:57:13.108,1.68696,1.68709,1.45,1.37
2016.01.25 10:57:13.646,1.68694,1.68709,2.06,1.37
2016.01.25 10:57:13.952,1.68694,1.68703,1.12,1.00
2016.01.25 10:57:14.003,1.68692,1.68703,1.07,1.00
2016.01.25 10:57:16.058,1.68691,1.68701,1.50,1.00
2016.01.25 10:57:16.864,1.68691,1.68701,1.57,1.00
2016.01.25 10:57:17.428,1.68689,1.68701,1.75,1.37
2016.01.25 10:57:17.733,1.68689,1.68698,1.32,1.00
2016.01.25 10:57:17.940,1.68679,1.68692,2.81,1.37
2016.01.25 10:57:18.488,1.68679,1.68689,1.12,1.00
2016.01.25 10:57:18.641,1.68676,1.68689,2.44,1.37
2016.01.25 10:57:19.327,1.68677,1.68689,1.57,1.37
2016.01.25 10:57:19.837,1.68676,1.68689,1.69,1.12
2016.01.25 10:57:20.193,1.68682,1.68695,3.00,1.50
2016.01.25 10:57:20.244,1.68684,1.68695,1.25,1.37
2016.01.25 10:57:20.346,1.68686,1.68696,3.00,1.00
2016.01.25 10:57:20.870,1.68686,1.68696,3.15,1.00
2016.01.25 10:57:21.175,1.68688,1.68696,3.37,1.00
2016.01.25 10:57:21.430,1.68689,1.68702,2.01,1.00
2016.01.25 10:57:22.697,1.68688,1.68701,2.44,1.00
2016.01.25 10:57:27.867,1.68688,1.68701,2.14,1.00
2016.01.25 10:57:31.521,1.68689,1.68701,1.01,1.00
2016.01.25 10:57:34.870,1.68689,1.68703,1.43,1.00
2016.01.25 10:57:36.395,1.68689,1.68702,1.43,1.00
2016.01.25 10:57:39.177,1.68688,1.68695,3.55,1.00
2016.01.25 10:57:39.381,1.68677,1.68684,1.12,1.00
2016.01.25 10:57:39.534,1.68672,1.68687,3.92,1.37
2016.01.25 10:57:39.738,1.68674,1.68687,1.47,1.37
2016.01.25 10:57:40.279,1.68673,1.68687,1.79,1.37
2016.01.25 10:57:40.330,1.68674,1.68687,1.47,1.00
2016.01.25 10:57:42.271,1.68673,1.68687,4.60,1.00
2016.01.25 10:57:42.778,1.68674,1.68687,1.47,1.00
2016.01.25 10:57:43.328,1.68673,1.68689,2.16,1.00
2016.01.25 10:57:43.379,1.68674,1.68692,1.95,2.14
2016.01.25 10:57:43.481,1.68678,1.68692,1.57,1.00
2016.01.25 10:57:43.989,1.68679,1.68692,1.07,1.00
2016.01.25 10:57:45.197,1.68679,1.68693,1.20,1.00
2016.01.25 10:57:45.893,1.68678,1.68692,1.79,1.00
2016.01.25 10:57:48.154,1.68679,1.68692,1.49,1.00
2016.01.25 10:57:48.697,1.68678,1.68691,1.79,1.00
2016.01.25 10:57:49.003,1.68678,1.68687,1.73,1.00
2016.01.25 10:57:49.105,1.68676,1.68685,1.36,1.00
2016.01.25 10:57:49.157,1.68675,1.68683,1.12,1.00
2016.01.25 10:57:49.208,1.68672,1.68683,1.12,1.00
2016.01.25 10:57:49.313,1.6867,1.68683,1.12,1.00
2016.01.25 10:57:50.916,1.6867,1.6868,1.12,1.00
2016.01.25 10:57:51.165,1.6867,1.68682,1.12,1.00
2016.01.25 10:57:51.977,1.68668,1.68682,1.57,1.00
2016.01.25 10:57:52.480,1.68668,1.68681,1.57,1.00
2016.01.25 10:57:53.520,1.6867,1.68681,2.32,1.00
2016.01.25 10:57:53.627,1.6867,1.68684,2.32,1.50
2016.01.25 10:57:53.678,1.68672,1.68684,2.25,1.50
2016.01.25 10:57:54.599,1.68672,1.68686,2.25,1.50
2016.01.25 10:57:54.701,1.68672,1.68686,2.25,1.12
2016.01.25 10:57:59.427,1.68672,1.68685,2.62,1.00
2016.01.25 10:57:59.936,1.68675,1.68685,2.62,1.00
2016.01.25 10:58:00.446,1.68675,1.68685,2.62,1.00
2016.01.25 10:58:00.602,1.68674,1.68685,2.70,1.00
2016.01.25 10:58:01.600,1.68675,1.68685,2.62,1.00
2016.01.25 10:58:02.672,1.68677,1.68687,2.62,1.00
2016.01.25 10:58:03.035,1.68681,1.68692,2.62,1.00
2016.01.25 10:58:03.979,1.68683,1.68692,2.62,1.00
2016.01.25 10:58:04.031,1.68683,1.68694,2.62,1.00
2016.01.25 10:58:04.082,1.68684,1.68694,2.62,1.00
2016.01.25 10:58:05.545,1.68683,1.68694,2.70,1.00
2016.01.25 10:58:06.637,1.68683,1.68692,2.70,1.00
2016.01.25 10:58:06.791,1.68683,1.68694,2.62,1.12
2016.01.25 10:58:06.943,1.68682,1.68691,2.62,1.00
2016.01.25 10:58:07.838,1.68682,1.68691,2.62,1.00
2016.01.25 10:58:09.075,1.68683,1.68693,2.62,1.00
2016.01.25 10:58:09.126,1.68683,1.68691,2.62,1.00
2016.01.25 10:58:09.228,1.68683,1.68693,2.62,1.00
2016.01.25 10:58:09.330,1.68683,1.6869,2.62,1.00
2016.01.25 10:58:09.381,1.68682,1.68692,2.62,1.00
2016.01.25 10:58:09.433,1.68682,1.6869,2.62,1.00
2016.01.25 10:58:09.792,1.68683,1.68693,2.62,1.00
2016.01.25 10:58:09.843,1.68682,1.68692,2.62,1.00
2016.01.25 10:58:10.046,1.68682,1.68694,2.62,1.12
2016.01.25 10:58:10.098,1.68682,1.68691,2.62,1.00
2016.01.25 10:58:10.603,1.68682,1.68693,2.62,1.00
2016.01.25 10:58:10.655,1.68682,1.68691,2.62,1.00
2016.01.25 10:58:11.164,1.68682,1.68692,2.62,1.00
2016.01.25 10:58:11.698,1.68683,1.68692,2.27,1.00
2016.01.25 10:58:12.362,1.68683,1.68692,1.89,1.00
2016.01.25 10:58:12.868,1.68683,1.68692,1.89,1.00
2016.01.25 10:58:14.750,1.68683,1.6869,1.89,1.00
2016.01.25 10:58:15.371,1.68681,1.6869,1.89,1.00
2016.01.25 10:58:15.523,1.68681,1.68692,1.83,1.00
2016.01.25 10:58:15.676,1.68681,1.6869,1.83,1.00
2016.01.25 10:58:18.392,1.68681,1.68685,1.57,1.00
2016.01.25 10:58:18.495,1.68677,1.68682,1.00,1.00
2016.01.25 10:58:18.597,1.68675,1.68681,1.57,1.00
2016.01.25 10:58:18.648,1.68672,1.68681,1.64,1.00
2016.01.25 10:58:19.190,1.68672,1.6868,1.57,1.00
2016.01.25 10:58:20.000,1.68672,1.68681,1.57,1.00
2016.01.25 10:58:21.245,1.68671,1.68681,1.57,1.00
2016.01.25 10:58:21.967,1.68671,1.68679,1.57,1.00
2016.01.25 10:58:22.306,1.68671,1.68676,1.57,1.00
2016.01.25 10:58:22.358,1.68667,1.68675,2.39,1.00
2016.01.25 10:58:22.869,1.68668,1.68675,1.57,1.00
2016.01.25 10:58:23.570,1.68666,1.68674,1.57,1.00
2016.01.25 10:58:23.672,1.68663,1.68673,1.57,1.00
2016.01.25 10:58:23.723,1.68663,1.68671,1.57,1.00
2016.01.25 10:58:23.978,1.68659,1.68668,1.57,1.00
2016.01.25 10:58:24.029,1.68659,1.68666,1.57,1.00
2016.01.25 10:58:25.220,1.68657,1.68666,1.57,1.00
2016.01.25 10:58:25.758,1.68657,1.68666,2.15,1.00
2016.01.25 10:58:26.089,1.68655,1.68666,1.19,1.00
2016.01.25 10:58:26.141,1.68654,1.6866,1.12,1.00
2016.01.25 10:58:26.192,1.68652,1.68658,2.22,1.00
2016.01.25 10:58:26.650,1.68649,1.68658,2.30,1.00
2016.01.25 10:58:26.752,1.68651,1.68658,2.25,1.00
2016.01.25 10:58:27.108,1.68651,1.68664,2.25,1.20
2016.01.25 10:58:27.210,1.6866,1.68665,1.72,1.12
2016.01.25 10:58:27.412,1.68661,1.68668,1.72,1.00
2016.01.25 10:58:27.923,1.68661,1.68668,1.72,1.00
2016.01.25 10:58:27.974,1.68661,1.68671,1.72,1.00
2016.01.25 10:58:28.279,1.68661,1.68669,1.72,1.00
2016.01.25 10:58:28.636,1.6866,1.68668,1.72,1.00
2016.01.25 10:58:29.943,1.68658,1.68668,1.72,1.00
2016.01.25 10:58:30.391,1.6866,1.68668,1.72,1.00
2016.01.25 10:58:30.900,1.68662,1.68668,1.72,1.00
2016.01.25 10:58:31.256,1.6866,1.68668,1.72,1.00
2016.01.25 10:58:32.045,1.6866,1.68669,1.72,1.00
2016.01.25 10:58:32.806,1.68658,1.68669,1.80,1.00
2016.01.25 10:58:33.350,1.68658,1.68668,1.80,1.00
2016.01.25 10:58:33.858,1.68659,1.68667,1.72,1.00
2016.01.25 10:58:34.063,1.68659,1.6867,1.72,1.00
2016.01.25 10:58:35.998,1.68658,1.6867,1.80,1.00
2016.01.25 10:58:36.559,1.68658,1.68669,1.80,1.00
2016.01.25 10:58:37.104,1.68658,1.68669,1.80,1.00
2016.01.25 10:58:37.156,1.68658,1.68667,1.80,1.00
2016.01.25 10:58:37.664,1.68658,1.68668,1.80,1.00
2016.01.25 10:58:38.806,1.68658,1.6867,1.80,1.00
2016.01.25 10:58:39.317,1.68659,1.68668,2.85,1.00
2016.01.25 10:58:39.820,1.68659,1.68669,2.85,1.00
2016.01.25 10:58:40.024,1.68659,1.68671,2.85,1.12
2016.01.25 10:58:40.648,1.6866,1.68669,2.85,1.00
2016.01.25 10:58:42.385,1.68663,1.68669,2.85,1.00
2016.01.25 10:58:42.687,1.68666,1.68673,2.85,1.00
2016.01.25 10:58:43.195,1.68667,1.68673,2.85,1.00
2016.01.25 10:58:43.247,1.68666,1.68673,2.85,1.00
2016.01.25 10:58:43.450,1.68666,1.68675,2.85,1.00
2016.01.25 10:58:43.502,1.68667,1.68675,2.85,1.00
2016.01.25 10:58:44.007,1.68666,1.68675,2.85,1.00
2016.01.25 10:58:44.109,1.68668,1.68679,2.85,1.37
2016.01.25 10:58:44.748,1.68668,1.68679,2.85,1.00
2016.01.25 10:58:44.800,1.68672,1.68682,2.85,1.47
2016.01.25 10:58:45.106,1.68675,1.68682,2.85,1.00
2016.01.25 10:58:45.901,1.68676,1.68682,2.85,1.00
2016.01.25 10:58:45.952,1.68676,1.68684,2.85,1.00
2016.01.25 10:58:46.054,1.68676,1.68682,2.85,1.00
2016.01.25 10:58:46.106,1.6867,1.68678,1.24,1.00
2016.01.25 10:58:46.259,1.68667,1.68675,2.85,1.00
2016.01.25 10:58:46.564,1.68666,1.68673,3.00,1.00
2016.01.25 10:58:46.616,1.68666,1.68675,3.00,1.00
2016.01.25 10:58:46.668,1.68664,1.68675,3.00,1.00
2016.01.25 10:58:47.038,1.68664,1.68673,3.00,1.00
2016.01.25 10:58:47.344,1.68662,1.6867,1.84,1.00
2016.01.25 10:58:47.396,1.68662,1.68666,1.84,1.00
2016.01.25 10:58:47.448,1.68657,1.68666,2.29,1.00
2016.01.25 10:58:47.704,1.68657,1.68668,1.46,1.50
2016.01.25 10:58:48.162,1.68658,1.68666,1.46,1.00
2016.01.25 10:58:48.624,1.68659,1.68664,1.46,1.00
2016.01.25 10:58:48.676,1.68656,1.68664,1.46,1.00
2016.01.25 10:58:48.727,1.68656,1.68662,1.46,1.00
2016.01.25 10:58:48.932,1.68652,1.68661,1.46,1.00
2016.01.25 10:58:48.983,1.68649,1.68661,1.46,1.00
2016.01.25 10:58:49.496,1.6865,1.68661,1.45,1.50
2016.01.25 10:58:51.510,1.68651,1.68661,1.45,1.50
2016.01.25 10:58:52.369,1.6865,1.68661,1.45,1.50
2016.01.25 10:58:54.371,1.6865,1.68659,1.45,1.00
2016.01.25 10:58:54.920,1.68651,1.6866,1.45,1.00
2016.01.25 10:58:55.341,1.68653,1.68665,1.00,1.45
2016.01.25 10:58:55.443,1.68653,1.68668,1.00,1.37
2016.01.25 10:58:55.546,1.68654,1.6867,1.45,1.37
2016.01.25 10:58:55.598,1.68657,1.6867,1.45,1.00
2016.01.25 10:58:55.954,1.68658,1.68672,1.45,1.27
2016.01.25 10:58:56.422,1.68658,1.68669,1.45,1.00
2016.01.25 10:58:56.677,1.68659,1.68673,1.00,1.87
2016.01.25 10:58:57.594,1.68659,1.68673,1.00,2.62
2016.01.25 10:58:57.696,1.68656,1.68671,1.00,1.50
2016.01.25 10:58:58.103,1.68654,1.68668,1.00,1.00
2016.01.25 10:58:58.409,1.68654,1.68666,1.00,1.20
2016.01.25 10:58:58.666,1.68654,1.68666,1.00,1.10
2016.01.25 10:59:00.695,1.68656,1.68666,1.00,1.10
2016.01.25 10:59:01.275,1.68654,1.68666,1.00,1.00
2016.01.25 10:59:01.428,1.6865,1.68665,1.17,1.00
2016.01.25 10:59:01.531,1.6865,1.68662,1.10,1.00
2016.01.25 10:59:02.043,1.68649,1.68663,1.09,2.20
2016.01.25 10:59:02.347,1.68643,1.68657,3.37,1.00
2016.01.25 10:59:02.501,1.68635,1.68648,1.00,1.20
2016.01.25 10:59:02.630,1.68629,1.68644,1.10,1.37
2016.01.25 10:59:02.683,1.68629,1.68643,1.00,1.50
2016.01.25 10:59:03.040,1.68634,1.6864,1.00,2.25
2016.01.25 10:59:03.142,1.68634,1.68641,1.00,1.20
2016.01.25 10:59:03.245,1.68634,1.68645,1.00,1.50
2016.01.25 10:59:03.439,1.68634,1.68647,1.00,1.85
2016.01.25 10:59:03.491,1.68636,1.68647,1.00,1.85
2016.01.25 10:59:03.712,1.68633,1.68647,1.09,1.85
2016.01.25 10:59:03.967,1.68633,1.68647,2.78,1.85
2016.01.25 10:59:04.514,1.68635,1.68648,1.34,1.12
2016.01.25 10:59:04.832,1.6864,1.68648,1.00,1.12
2016.01.25 10:59:04.883,1.68638,1.68648,1.12,1.12
2016.01.25 10:59:04.985,1.68638,1.68653,1.00,2.32
2016.01.25 10:59:05.036,1.68636,1.68645,2.03,1.00
2016.01.25 10:59:05.341,1.6864,1.68648,2.03,1.00
2016.01.25 10:59:05.869,1.68642,1.68649,2.03,1.00
2016.01.25 10:59:06.175,1.68643,1.68651,2.03,1.00
2016.01.25 10:59:06.480,1.68643,1.68649,2.03,1.00
2016.01.25 10:59:06.785,1.68645,1.6865,2.03,1.00
2016.01.25 10:59:07.706,1.68645,1.6865,2.03,1.00
2016.01.25 10:59:08.273,1.68645,1.68651,2.03,1.00
2016.01.25 10:59:08.377,1.68645,1.68655,2.03,1.00
2016.01.25 10:59:08.428,1.68645,1.68657,2.03,1.00
2016.01.25 10:59:08.480,1.68652,1.68657,2.03,1.00
2016.01.25 10:59:08.802,1.68654,1.68659,2.03,1.00
2016.01.25 10:59:09.436,1.68653,1.68658,2.17,1.00
2016.01.25 10:59:09.742,1.68654,1.6866,2.17,1.00
2016.01.25 10:59:09.945,1.68654,1.6866,2.17,1.00
2016.01.25 10:59:10.048,1.68654,1.68665,2.25,1.00
2016.01.25 10:59:10.099,1.68657,1.68665,2.25,1.00
2016.01.25 10:59:10.405,1.68664,1.68668,2.25,1.00
2016.01.25 10:59:10.667,1.68664,1.68668,1.12,1.00
2016.01.25 10:59:11.431,1.68663,1.68667,1.12,1.00
2016.01.25 10:59:11.760,1.68661,1.68665,1.12,1.00
2016.01.25 10:59:11.814,1.68659,1.68663,1.12,1.00
2016.01.25 10:59:11.866,1.68657,1.68663,1.12,1.00
2016.01.25 10:59:12.071,1.68655,1.68663,1.12,1.00
2016.01.25 10:59:12.122,1.68655,1.68661,1.12,1.00
2016.01.25 10:59:12.430,1.68649,1.68655,1.12,1.00
2016.01.25 10:59:12.584,1.68642,1.68648,1.12,1.00
2016.01.25 10:59:12.831,1.68638,1.68648,1.87,1.00
2016.01.25 10:59:12.883,1.68638,1.68645,1.12,1.00
2016.01.25 10:59:13.392,1.68638,1.68646,1.12,1.00
2016.01.25 10:59:13.646,1.68638,1.68648,1.12,1.00
2016.01.25 10:59:13.698,1.68638,1.6865,1.12,1.00
2016.01.25 10:59:13.749,1.68644,1.6865,1.12,1.00
2016.01.25 10:59:14.280,1.68644,1.68649,1.12,1.00
2016.01.25 10:59:14.383,1.68638,1.68647,2.02,1.00
2016.01.25 10:59:14.487,1.68641,1.68646,1.12,1.00
2016.01.25 10:59:17.255,1.6864,1.68646,1.12,1.00
2016.01.25 10:59:17.358,1.68637,1.68644,1.27,1.00
2016.01.25 10:59:17.562,1.6864,1.68645,1.12,1.00
2016.01.25 10:59:17.721,1.68636,1.68642,1.12,1.00
2016.01.25 10:59:18.234,1.68635,1.68641,1.12,1.00
2016.01.25 10:59:18.953,1.68634,1.68641,1.05,1.00
2016.01.25 10:59:19.258,1.68634,1.68639,1.05,1.00
2016.01.25 10:59:19.564,1.68618,1.68624,1.10,1.00
2016.01.25 10:59:19.615,1.68618,1.68624,1.00,1.00
2016.01.25 10:59:19.935,1.68616,1.68623,1.05,1.00
2016.01.25 10:59:20.292,1.68612,1.68621,2.10,1.00
2016.01.25 10:59:20.344,1.6861,1.68623,3.22,1.00
2016.01.25 10:59:20.446,1.68612,1.68624,2.10,1.00
2016.01.25 10:59:20.751,1.68614,1.68624,2.10,1.00
2016.01.25 10:59:21.055,1.68619,1.68631,4.42,1.00
2016.01.25 10:59:21.208,1.68621,1.68631,2.55,1.00
2016.01.25 10:59:22.182,1.68621,1.68633,4.72,1.00
2016.01.25 10:59:22.284,1.68621,1.68629,3.00,1.00
2016.01.25 10:59:22.336,1.68621,1.68627,1.20,1.00
2016.01.25 10:59:22.847,1.68618,1.6863,3.60,1.00
2016.01.25 10:59:22.949,1.68622,1.68631,3.22,1.00
2016.01.25 10:59:23.001,1.68622,1.68634,3.22,1.00
2016.01.25 10:59:23.530,1.68623,1.68635,1.72,1.00
2016.01.25 10:59:23.682,1.68622,1.68633,4.80,1.00
2016.01.25 10:59:26.349,1.68622,1.68635,4.05,1.00
2016.01.25 10:59:26.400,1.68624,1.68635,2.17,1.00
2016.01.25 10:59:26.908,1.68625,1.68635,2.47,1.00
2016.01.25 10:59:27.164,1.68624,1.68634,1.05,1.00
2016.01.25 10:59:27.921,1.68624,1.68637,1.05,1.00
2016.01.25 10:59:28.024,1.68627,1.68637,2.10,1.00
2016.01.25 10:59:28.561,1.68627,1.68635,1.75,1.00
2016.01.25 10:59:28.664,1.68625,1.68635,1.72,1.00
2016.01.25 10:59:30.074,1.68623,1.68634,2.25,1.00
2016.01.25 10:59:30.808,1.68626,1.68634,1.30,1.00
2016.01.25 10:59:31.091,1.68623,1.68634,1.12,1.00
2016.01.25 10:59:31.143,1.68623,1.68632,1.12,1.00
2016.01.25 10:59:31.449,1.68621,1.68629,1.05,1.00
2016.01.25 10:59:31.807,1.68622,1.68632,1.30,1.00
2016.01.25 10:59:32.234,1.68624,1.68629,1.30,1.00
2016.01.25 10:59:32.286,1.68624,1.68631,1.30,1.00
2016.01.25 10:59:32.337,1.68621,1.68629,1.05,1.00
2016.01.25 10:59:32.440,1.68621,1.68629,1.05,1.00
2016.01.25 10:59:33.768,1.68621,1.68629,1.05,1.00
2016.01.25 10:59:33.871,1.68619,1.68629,1.65,1.00
2016.01.25 10:59:35.402,1.6862,1.68627,1.27,1.00
2016.01.25 10:59:35.757,1.68617,1.68627,3.90,1.00
2016.01.25 10:59:36.367,1.68617,1.68626,3.52,1.00
2016.01.25 10:59:36.876,1.68617,1.68626,1.60,1.00
2016.01.25 10:59:37.131,1.68617,1.68623,1.60,1.00
2016.01.25 10:59:37.440,1.68615,1.68621,1.12,1.12
2016.01.25 10:59:37.492,1.68606,1.68615,1.67,1.00
2016.01.25 10:59:37.848,1.68606,1.68617,1.62,1.00
2016.01.25 10:59:37.900,1.68609,1.68617,1.37,1.00
2016.01.25 10:59:39.567,1.68609,1.68619,1.65,1.00
2016.01.25 10:59:40.074,1.6861,1.68619,1.47,1.00
2016.01.25 10:59:40.903,1.68611,1.68622,2.77,1.00
2016.01.25 10:59:41.056,1.68611,1.68626,2.77,1.00
2016.01.25 10:59:41.108,1.68614,1.68626,1.72,1.00
2016.01.25 10:59:41.570,1.68615,1.68626,3.97,1.00
2016.01.25 10:59:41.723,1.68615,1.68628,1.62,1.00
2016.01.25 10:59:42.130,1.68616,1.68632,3.15,1.00
2016.01.25 10:59:42.233,1.68619,1.68632,1.25,1.00
2016.01.25 10:59:42.735,1.6862,1.68632,1.35,1.00
2016.01.25 10:59:43.216,1.68619,1.6863,1.55,1.00
2016.01.25 10:59:43.369,1.68618,1.6863,1.22,1.00
2016.01.25 10:59:44.026,1.68618,1.6863,1.82,1.00
2016.01.25 10:59:44.536,1.68618,1.6863,1.82,1.00
2016.01.25 10:59:45.828,1.68618,1.6863,1.82,1.00
2016.01.25 10:59:46.085,1.68618,1.6863,1.89,1.00
2016.01.25 10:59:46.594,1.68617,1.6863,3.45,1.00
2016.01.25 10:59:47.129,1.68617,1.68631,3.45,1.00
2016.01.25 10:59:47.638,1.6862,1.68631,1.12,1.00
2016.01.25 10:59:48.045,1.6862,1.6863,1.25,1.00
2016.01.25 10:59:49.182,1.68618,1.68628,1.75,1.00
2016.01.25 10:59:49.541,1.6862,1.6863,1.25,1.00
2016.01.25 10:59:50.050,1.6862,1.6863,1.12,1.00
2016.01.25 10:59:50.554,1.6862,1.6863,1.25,1.00
2016.01.25 10:59:51.166,1.6862,1.68628,1.25,1.00
2016.01.25 10:59:51.911,1.68619,1.68628,2.19,1.00
2016.01.25 10:59:52.216,1.68619,1.6863,3.00,1.00
2016.01.25 10:59:52.370,1.68618,1.6863,3.07,1.00
2016.01.25 10:59:52.992,1.68619,1.6863,3.00,1.00
2016.01.25 10:59:53.505,1.68618,1.6863,3.45,1.00
2016.01.25 10:59:54.013,1.68619,1.6863,3.00,1.00
2016.01.25 10:59:54.559,1.68619,1.6863,3.00,1.00
2016.01.25 10:59:55.067,1.68619,1.6863,3.00,1.00
2016.01.25 10:59:56.177,1.68621,1.6863,1.12,1.00
2016.01.25 10:59:56.228,1.68622,1.68632,1.12,1.00
2016.01.25 10:59:56.759,1.68622,1.68633,1.12,1.00
2016.01.25 10:59:56.913,1.68622,1.68631,1.12,1.00
2016.01.25 10:59:56.964,1.68622,1.68631,1.25,1.00
2016.01.25 10:59:57.475,1.68621,1.6863,1.20,1.00
2016.01.25 10:59:57.979,1.68622,1.68631,1.12,1.00
2016.01.25 10:59:58.081,1.68622,1.68634,1.12,1.00
2016.01.25 10:59:58.183,1.68627,1.68634,1.12,1.00
2016.01.25 10:59:59.255,1.68628,1.68637,1.12,1.00
2016.01.25 10:59:59.764,1.68628,1.68637,1.12,1.00
