2017.10.11 06:00:00.124,1.48262,1.48272,1.50,1.00
2017.10.11 06:00:00.228,1.48261,1.48274,3.75,1.00
2017.10.11 06:00:00.521,1.48258,1.48271,2.44,1.00
2017.10.11 06:00:01.032,1.48259,1.4827,1.00,1.00
2017.10.11 06:00:01.288,1.48257,1.4827,1.00,1.00
2017.10.11 06:00:01.491,1.48255,1.4827,2.44,1.00
2017.10.11 06:00:01.543,1.48255,1.48268,2.44,1.00
2017.10.11 06:00:02.052,1.48255,1.48267,2.06,1.00
2017.10.11 06:00:03.271,1.48252,1.48264,1.75,1.00
2017.10.11 06:00:03.373,1.48248,1.48262,3.94,1.00
2017.10.11 06:00:04.278,1.48249,1.48262,1.85,1.00
2017.10.11 06:00:04.820,1.48249,1.48261,1.30,1.00
2017.10.11 06:00:05.426,1.48248,1.48264,1.69,1.00
2017.10.11 06:00:07.485,1.48249,1.48264,1.31,1.19
2017.10.11 06:00:07.848,1.48253,1.48265,1.00,1.00
2017.10.11 06:00:07.951,1.48253,1.48269,1.56,1.19
2017.10.11 06:00:08.054,1.48251,1.48266,3.19,1.44
2017.10.11 06:00:08.565,1.4825,1.48265,2.00,1.25
2017.10.11 06:00:08.722,1.48251,1.48265,1.25,1.00
2017.10.11 06:00:13.200,1.48251,1.48265,1.37,2.06
2017.10.11 06:00:13.910,1.48251,1.48265,1.00,1.31
2017.10.11 06:00:14.423,1.48251,1.48263,1.00,1.00
2017.10.11 06:00:17.573,1.48248,1.48263,2.62,1.00
2017.10.11 06:00:18.800,1.4825,1.48265,1.12,1.00
2017.10.11 06:00:21.361,1.48252,1.48265,1.00,2.25
2017.10.11 06:00:21.753,1.48254,1.48268,1.00,1.69
2017.10.11 06:00:22.343,1.48256,1.48269,1.00,3.56
2017.10.11 06:00:22.501,1.48252,1.48269,1.00,3.75
2017.10.11 06:00:22.553,1.48252,1.48268,1.00,1.12
2017.10.11 06:00:22.605,1.48254,1.48268,1.00,1.12
2017.10.11 06:00:22.656,1.48253,1.48269,1.00,1.88
2017.10.11 06:00:22.708,1.48256,1.48269,1.00,1.88
2017.10.11 06:00:23.373,1.48256,1.48269,1.00,3.56
2017.10.11 06:00:24.076,1.48256,1.48269,1.00,1.88
2017.10.11 06:00:24.597,1.48257,1.48269,1.00,1.31
2017.10.11 06:00:25.241,1.48255,1.48268,1.00,1.69
2017.10.11 06:00:26.315,1.48257,1.48268,1.00,1.50
2017.10.11 06:00:26.911,1.48258,1.48268,1.00,1.12
2017.10.11 06:00:27.648,1.48258,1.48269,1.00,2.06
2017.10.11 06:00:28.471,1.48259,1.48271,1.00,1.31
2017.10.11 06:00:29.062,1.48259,1.48272,1.00,1.87
2017.10.11 06:00:29.165,1.48261,1.48272,1.00,2.62
2017.10.11 06:00:29.502,1.48266,1.48279,1.50,1.50
2017.10.11 06:00:30.003,1.48266,1.4828,1.50,2.06
2017.10.11 06:00:33.484,1.48269,1.48282,1.00,2.81
2017.10.11 06:00:33.688,1.48276,1.48288,1.00,1.25
2017.10.11 06:00:33.945,1.48274,1.48287,1.50,1.00
2017.10.11 06:00:34.641,1.48274,1.48288,1.50,2.81
2017.10.11 06:00:35.446,1.48276,1.48288,1.00,2.25
2017.10.11 06:00:37.397,1.48276,1.4829,1.00,1.87
2017.10.11 06:00:37.708,1.48279,1.48289,1.00,1.12
2017.10.11 06:00:37.913,1.48284,1.48298,1.12,1.12
2017.10.11 06:00:38.427,1.48284,1.48297,1.12,1.31
2017.10.11 06:00:38.580,1.48282,1.48297,1.50,1.31
2017.10.11 06:00:39.978,1.48282,1.48298,1.00,3.00
2017.10.11 06:00:41.254,1.48281,1.48297,1.50,1.31
2017.10.11 06:00:41.603,1.48285,1.48297,1.00,2.06
2017.10.11 06:00:42.117,1.48285,1.48297,1.00,1.50
2017.10.11 06:00:42.289,1.48282,1.48297,1.00,1.50
2017.10.11 06:00:42.341,1.48282,1.48297,1.00,1.69
2017.10.11 06:00:44.570,1.48282,1.48296,1.00,1.44
2017.10.11 06:00:45.114,1.48282,1.48297,1.00,3.19
2017.10.11 06:00:45.627,1.48282,1.48296,1.00,1.38
2017.10.11 06:00:47.902,1.48282,1.48296,1.00,1.31
2017.10.11 06:00:48.210,1.48278,1.48292,1.50,1.12
2017.10.11 06:00:48.748,1.48278,1.48291,1.50,1.00
2017.10.11 06:00:49.157,1.4828,1.48293,1.00,1.37
2017.10.11 06:00:49.619,1.48282,1.48293,1.00,1.12
2017.10.11 06:00:49.825,1.48282,1.48295,1.12,1.87
2017.10.11 06:00:50.103,1.48282,1.48293,1.12,1.00
2017.10.11 06:00:50.206,1.48279,1.48293,1.31,1.12
2017.10.11 06:00:50.724,1.48279,1.48292,1.12,1.12
2017.10.11 06:00:51.520,1.48279,1.48293,1.12,1.12
2017.10.11 06:00:52.722,1.48279,1.48293,1.31,1.87
2017.10.11 06:00:53.338,1.48279,1.48292,1.69,1.12
2017.10.11 06:00:55.129,1.48278,1.48294,2.06,1.81
2017.10.11 06:00:55.640,1.48278,1.48293,2.25,1.63
2017.10.11 06:00:56.741,1.48278,1.48294,1.87,2.44
2017.10.11 06:00:56.945,1.4828,1.48295,1.00,1.69
2017.10.11 06:00:56.997,1.48278,1.48292,1.87,1.50
2017.10.11 06:00:57.239,1.48278,1.48291,1.00,1.88
2017.10.11 06:00:57.446,1.48268,1.4828,1.37,1.50
2017.10.11 06:01:00.142,1.48272,1.48283,1.00,1.31
2017.10.11 06:01:01.539,1.48272,1.48285,1.00,1.87
2017.10.11 06:01:02.074,1.48272,1.48285,1.00,1.12
2017.10.11 06:01:02.594,1.48273,1.48286,1.12,1.87
2017.10.11 06:01:02.646,1.48275,1.48286,1.00,1.37
2017.10.11 06:01:02.820,1.4828,1.48293,1.00,1.56
2017.10.11 06:01:03.229,1.48284,1.48296,1.50,1.12
2017.10.11 06:01:03.333,1.48284,1.48299,1.50,3.56
2017.10.11 06:01:03.589,1.48284,1.48297,1.00,1.44
2017.10.11 06:01:03.908,1.48284,1.48298,1.50,1.31
2017.10.11 06:01:03.959,1.48284,1.48299,1.50,2.25
2017.10.11 06:01:04.063,1.48284,1.48299,1.00,2.44
2017.10.11 06:01:04.220,1.48277,1.48289,1.00,1.69
2017.10.11 06:01:04.426,1.48278,1.48291,1.00,1.12
2017.10.11 06:01:04.813,1.4828,1.48294,1.00,1.12
2017.10.11 06:01:04.916,1.48278,1.48295,1.12,2.06
2017.10.11 06:01:04.967,1.48278,1.48295,1.87,2.62
2017.10.11 06:01:05.121,1.48279,1.48291,1.00,1.12
2017.10.11 06:01:05.637,1.48278,1.4829,1.50,1.56
2017.10.11 06:01:05.741,1.48278,1.48291,1.00,1.00
2017.10.11 06:01:05.793,1.48278,1.4829,1.00,1.13
2017.10.11 06:01:05.846,1.48278,1.48293,1.00,3.90
2017.10.11 06:01:05.949,1.48278,1.48292,1.00,1.56
2017.10.11 06:01:06.256,1.48278,1.48288,1.00,1.56
2017.10.11 06:01:06.360,1.48272,1.48287,1.00,1.94
2017.10.11 06:01:06.543,1.48274,1.48286,1.00,1.63
2017.10.11 06:01:06.594,1.48274,1.48288,1.00,3.75
2017.10.11 06:01:07.109,1.48275,1.48287,1.00,1.56
2017.10.11 06:01:07.212,1.48272,1.48284,1.50,1.19
2017.10.11 06:01:07.533,1.48275,1.48285,1.00,1.87
2017.10.11 06:01:08.420,1.48275,1.48289,1.50,3.94
2017.10.11 06:01:08.574,1.48277,1.4829,1.00,2.81
2017.10.11 06:01:08.988,1.48277,1.4829,1.50,1.25
2017.10.11 06:01:09.748,1.4828,1.48291,1.00,1.19
2017.10.11 06:01:10.166,1.48278,1.4829,1.00,2.19
2017.10.11 06:01:10.423,1.48276,1.4829,1.00,2.44
2017.10.11 06:01:10.526,1.48277,1.4829,1.00,1.12
2017.10.11 06:01:11.396,1.48277,1.48289,1.00,2.25
2017.10.11 06:01:11.905,1.48276,1.48288,1.00,1.19
2017.10.11 06:01:12.407,1.48276,1.48288,1.00,1.81
2017.10.11 06:01:14.626,1.48277,1.4829,1.00,3.75
2017.10.11 06:01:14.782,1.48277,1.4829,1.00,2.44
2017.10.11 06:01:14.989,1.48279,1.48289,1.00,1.00
2017.10.11 06:01:15.245,1.48276,1.48288,1.00,1.25
2017.10.11 06:01:15.296,1.48278,1.4829,1.00,1.50
2017.10.11 06:01:15.502,1.48276,1.4829,1.50,1.50
2017.10.11 06:01:15.553,1.48278,1.4829,1.00,1.13
2017.10.11 06:01:15.869,1.4828,1.48292,1.00,1.75
2017.10.11 06:01:17.642,1.4828,1.48292,1.50,1.69
2017.10.11 06:01:18.149,1.4828,1.48292,1.50,1.50
2017.10.11 06:01:18.709,1.4828,1.48292,1.50,1.00
2017.10.11 06:01:19.015,1.4828,1.48292,1.00,1.50
2017.10.11 06:01:19.565,1.4828,1.48293,1.00,2.25
2017.10.11 06:01:19.930,1.4828,1.48292,1.00,1.63
2017.10.11 06:01:20.033,1.4828,1.48293,1.00,2.06
2017.10.11 06:01:20.721,1.48277,1.48288,1.00,1.31
2017.10.11 06:01:21.236,1.48277,1.4829,1.00,1.50
2017.10.11 06:01:21.573,1.4828,1.48293,1.50,1.37
2017.10.11 06:01:21.880,1.48282,1.48295,1.00,3.56
2017.10.11 06:01:22.135,1.48282,1.48295,1.50,1.50
2017.10.11 06:01:22.695,1.48282,1.48295,1.50,1.50
2017.10.11 06:01:23.204,1.48282,1.48296,1.50,3.00
2017.10.11 06:01:25.201,1.48282,1.48296,1.50,1.25
2017.10.11 06:01:25.740,1.48283,1.48296,1.00,1.50
2017.10.11 06:01:26.013,1.4828,1.48292,1.00,1.38
2017.10.11 06:01:26.064,1.48278,1.48291,1.00,1.44
2017.10.11 06:01:26.116,1.4828,1.48292,1.50,1.19
2017.10.11 06:01:26.301,1.48281,1.48295,1.00,1.69
2017.10.11 06:01:26.871,1.48281,1.48295,1.00,1.00
2017.10.11 06:01:27.442,1.48281,1.48295,1.00,1.19
2017.10.11 06:01:27.981,1.48281,1.48296,1.00,2.25
2017.10.11 06:01:28.504,1.48283,1.48296,1.00,2.06
2017.10.11 06:01:29.205,1.48283,1.48296,1.00,2.06
2017.10.11 06:01:29.718,1.48283,1.48296,1.00,1.69
2017.10.11 06:01:30.245,1.48283,1.48296,1.00,1.69
2017.10.11 06:01:30.749,1.48283,1.48296,1.00,2.06
2017.10.11 06:01:32.236,1.48283,1.48295,1.00,1.12
2017.10.11 06:01:32.738,1.48282,1.48295,1.50,1.31
2017.10.11 06:01:33.506,1.48282,1.48295,1.50,1.31
2017.10.11 06:01:33.609,1.4828,1.4829,1.00,1.00
2017.10.11 06:01:33.785,1.4828,1.48293,1.50,1.69
2017.10.11 06:01:33.837,1.48282,1.48293,1.00,2.63
2017.10.11 06:01:34.349,1.48282,1.48293,1.00,1.13
2017.10.11 06:01:34.707,1.4828,1.48291,1.00,1.13
2017.10.11 06:01:36.809,1.4828,1.48289,1.00,1.00
2017.10.11 06:01:37.312,1.4828,1.48291,1.00,1.37
2017.10.11 06:01:37.719,1.4828,1.48292,1.00,1.87
2017.10.11 06:01:38.291,1.4828,1.48291,1.00,1.00
2017.10.11 06:01:38.910,1.4828,1.48292,1.00,1.87
2017.10.11 06:01:39.476,1.4828,1.48293,1.00,3.75
2017.10.11 06:01:40.018,1.4828,1.4829,1.00,1.12
2017.10.11 06:01:40.576,1.4828,1.4829,1.00,2.62
2017.10.11 06:01:40.679,1.48278,1.4829,1.00,2.62
2017.10.11 06:01:40.988,1.48276,1.48289,1.50,2.62
2017.10.11 06:01:44.297,1.48275,1.48288,1.00,1.62
2017.10.11 06:01:44.985,1.48275,1.48289,1.00,2.81
2017.10.11 06:01:45.637,1.48273,1.48287,1.12,1.37
2017.10.11 06:01:45.944,1.48278,1.48293,1.50,1.87
2017.10.11 06:01:46.447,1.48278,1.48294,1.50,3.56
2017.10.11 06:01:48.108,1.48279,1.48291,1.00,1.00
2017.10.11 06:01:48.340,1.4828,1.48293,1.00,1.87
2017.10.11 06:01:48.978,1.4828,1.48292,1.00,2.62
2017.10.11 06:01:49.512,1.48282,1.48292,1.00,1.87
2017.10.11 06:01:50.702,1.48282,1.48293,1.00,1.37
2017.10.11 06:01:52.325,1.48282,1.48293,1.00,1.00
2017.10.11 06:01:52.838,1.48282,1.48294,1.00,2.62
2017.10.11 06:01:54.418,1.48282,1.48295,1.00,1.69
2017.10.11 06:01:54.931,1.4828,1.48295,1.19,1.31
2017.10.11 06:01:55.468,1.4828,1.48296,1.31,1.31
2017.10.11 06:01:56.136,1.4828,1.48296,1.44,3.19
2017.10.11 06:01:56.695,1.4828,1.48295,1.25,1.87
2017.10.11 06:01:58.004,1.4828,1.48296,1.25,1.50
2017.10.11 06:01:58.813,1.48283,1.48298,1.00,2.19
2017.10.11 06:01:59.330,1.48283,1.48299,1.00,2.81
2017.10.11 06:01:59.484,1.48283,1.48299,1.25,1.31
2017.10.11 06:01:59.790,1.48283,1.48297,1.00,1.00
2017.10.11 06:02:00.368,1.48283,1.48299,1.00,2.44
2017.10.11 06:02:01.860,1.48285,1.48298,1.00,1.69
2017.10.11 06:02:02.051,1.48283,1.48297,1.50,1.12
2017.10.11 06:02:02.603,1.48283,1.48296,1.50,1.00
2017.10.11 06:02:04.224,1.48283,1.48295,1.00,1.00
2017.10.11 06:02:04.735,1.48283,1.48296,1.00,1.50
2017.10.11 06:02:05.239,1.48282,1.48296,1.00,2.44
2017.10.11 06:02:05.290,1.48282,1.48291,1.00,1.00
2017.10.11 06:02:05.444,1.48281,1.48294,1.00,1.00
2017.10.11 06:02:06.058,1.48281,1.48295,1.00,1.12
2017.10.11 06:02:06.322,1.48284,1.48298,1.00,2.06
2017.10.11 06:02:06.849,1.48285,1.48298,1.00,1.00
2017.10.11 06:02:07.312,1.48287,1.48299,1.00,1.31
2017.10.11 06:02:07.502,1.48287,1.48301,1.00,1.31
2017.10.11 06:02:08.035,1.48287,1.48301,1.00,1.00
2017.10.11 06:02:08.459,1.48289,1.48301,1.00,1.00
2017.10.11 06:02:08.973,1.4829,1.48304,1.00,2.44
2017.10.11 06:02:09.683,1.4829,1.48304,1.00,2.81
2017.10.11 06:02:11.962,1.4829,1.48303,1.00,1.50
2017.10.11 06:02:13.542,1.48289,1.48304,1.00,3.56
2017.10.11 06:02:15.651,1.48289,1.48304,1.00,2.81
2017.10.11 06:02:16.652,1.48289,1.48303,1.00,1.19
2017.10.11 06:02:18.224,1.48289,1.48301,1.00,1.00
2017.10.11 06:02:18.736,1.48288,1.48302,1.50,1.87
2017.10.11 06:02:19.116,1.4829,1.48302,1.00,1.25
2017.10.11 06:02:19.167,1.48288,1.48302,1.50,1.25
2017.10.11 06:02:19.527,1.48289,1.48304,1.00,2.44
2017.10.11 06:02:19.731,1.48291,1.48304,1.00,1.87
2017.10.11 06:02:20.657,1.48291,1.48304,1.00,2.25
2017.10.11 06:02:21.000,1.48291,1.48303,1.00,1.87
2017.10.11 06:02:21.411,1.48291,1.48305,1.50,3.94
2017.10.11 06:02:21.462,1.48291,1.48306,1.50,4.31
2017.10.11 06:02:21.514,1.48294,1.48305,1.00,1.00
2017.10.11 06:02:22.151,1.48294,1.48306,1.00,1.31
2017.10.11 06:02:27.607,1.48294,1.48307,1.00,1.50
2017.10.11 06:02:28.370,1.48292,1.48307,1.25,2.06
2017.10.11 06:02:29.595,1.48292,1.48307,1.25,2.25
2017.10.11 06:02:30.105,1.48292,1.48308,1.25,3.00
2017.10.11 06:02:30.700,1.48292,1.48305,1.25,1.00
2017.10.11 06:02:31.327,1.48292,1.48306,1.25,1.12
2017.10.11 06:02:31.870,1.48292,1.48305,1.25,1.00
2017.10.11 06:02:32.499,1.48292,1.48306,1.25,1.12
2017.10.11 06:02:33.069,1.48292,1.48305,1.25,1.00
2017.10.11 06:02:33.648,1.48292,1.48306,1.25,1.87
2017.10.11 06:02:34.251,1.48295,1.48307,1.00,1.00
2017.10.11 06:02:34.580,1.48292,1.48306,1.00,2.06
2017.10.11 06:02:34.889,1.48293,1.48308,1.19,2.06
2017.10.11 06:02:35.677,1.48297,1.48309,1.00,1.50
2017.10.11 06:02:36.088,1.48297,1.4831,1.00,3.37
2017.10.11 06:02:36.599,1.48296,1.4831,1.00,1.69
2017.10.11 06:02:37.149,1.48298,1.48312,1.00,1.50
2017.10.11 06:02:37.679,1.48297,1.48312,1.00,1.19
2017.10.11 06:02:38.186,1.48298,1.48313,1.25,2.44
2017.10.11 06:02:38.340,1.483,1.48313,1.00,1.31
2017.10.11 06:02:38.560,1.48297,1.48313,1.69,1.31
2017.10.11 06:02:39.109,1.48297,1.48313,1.69,1.56
2017.10.11 06:02:39.955,1.483,1.48313,1.00,1.44
2017.10.11 06:02:41.290,1.483,1.48314,1.00,2.44
2017.10.11 06:02:41.586,1.48295,1.4831,1.12,2.44
2017.10.11 06:02:41.638,1.48295,1.48308,1.00,2.44
2017.10.11 06:02:41.974,1.48295,1.48308,1.50,1.56
2017.10.11 06:02:42.488,1.48296,1.48308,1.00,1.56
2017.10.11 06:02:43.005,1.48295,1.48307,1.50,1.19
2017.10.11 06:02:44.551,1.48295,1.48308,1.50,1.19
2017.10.11 06:02:44.863,1.48299,1.48313,1.00,1.12
2017.10.11 06:02:45.500,1.48299,1.48314,1.00,1.69
2017.10.11 06:02:45.918,1.48301,1.48314,1.00,1.44
2017.10.11 06:02:46.656,1.48301,1.48314,1.50,1.12
2017.10.11 06:02:50.082,1.48301,1.48315,1.50,3.75
2017.10.11 06:02:51.247,1.48301,1.48315,1.50,3.56
2017.10.11 06:02:52.447,1.48301,1.48315,1.50,3.56
2017.10.11 06:02:56.075,1.48301,1.48314,1.00,3.56
2017.10.11 06:02:57.209,1.48301,1.48313,1.00,1.31
2017.10.11 06:02:58.347,1.48301,1.48314,1.00,2.62
2017.10.11 06:02:59.342,1.48301,1.48313,1.00,1.31
2017.10.11 06:03:00.242,1.48301,1.48313,1.00,1.69
2017.10.11 06:03:00.753,1.48301,1.48312,1.00,1.19
2017.10.11 06:03:01.271,1.48301,1.48308,1.00,1.00
2017.10.11 06:03:01.324,1.48295,1.48307,1.25,1.25
2017.10.11 06:03:01.485,1.48299,1.48311,1.19,1.69
2017.10.11 06:03:01.744,1.48301,1.48316,1.19,1.25
2017.10.11 06:03:02.276,1.48303,1.48318,1.00,2.44
2017.10.11 06:03:04.099,1.48303,1.48318,1.00,1.00
2017.10.11 06:03:06.755,1.48305,1.48319,1.00,1.37
2017.10.11 06:03:07.174,1.48306,1.48321,1.00,1.31
2017.10.11 06:03:07.227,1.48308,1.48322,1.00,1.31
2017.10.11 06:03:07.537,1.48305,1.48317,1.00,1.00
2017.10.11 06:03:07.589,1.48305,1.48319,1.50,1.00
2017.10.11 06:03:07.693,1.48305,1.48319,2.81,1.00
2017.10.11 06:03:08.194,1.48305,1.4832,2.81,1.00
2017.10.11 06:03:08.707,1.48307,1.48319,1.25,1.00
2017.10.11 06:03:09.730,1.48307,1.48319,1.19,1.00
2017.10.11 06:03:10.037,1.48307,1.48317,1.19,1.00
2017.10.11 06:03:10.549,1.48307,1.48318,2.44,1.00
2017.10.11 06:03:11.224,1.48308,1.48319,1.31,1.00
2017.10.11 06:03:12.190,1.48308,1.4832,1.31,1.00
2017.10.11 06:03:12.498,1.48304,1.48315,1.37,1.00
2017.10.11 06:03:13.423,1.48304,1.48314,1.37,1.00
2017.10.11 06:03:13.991,1.48304,1.48315,1.19,1.00
2017.10.11 06:03:19.387,1.48304,1.48318,1.19,1.62
2017.10.11 06:03:21.002,1.48304,1.48318,1.00,1.62
2017.10.11 06:03:22.871,1.48304,1.48317,1.00,1.19
2017.10.11 06:03:23.028,1.48302,1.48317,1.00,1.00
2017.10.11 06:03:23.233,1.48302,1.48318,1.00,2.81
2017.10.11 06:03:26.367,1.483,1.48312,1.12,1.00
2017.10.11 06:03:26.972,1.48298,1.48311,1.31,1.00
2017.10.11 06:03:30.533,1.48297,1.48309,1.00,1.00
2017.10.11 06:03:30.950,1.48292,1.48307,1.87,1.87
2017.10.11 06:03:31.001,1.48292,1.48305,1.50,1.00
2017.10.11 06:03:31.512,1.48291,1.48304,1.81,1.00
2017.10.11 06:03:43.432,1.4829,1.48304,2.62,1.00
2017.10.11 06:03:45.529,1.48291,1.48304,1.19,1.00
2017.10.11 06:03:46.047,1.4829,1.48305,3.19,1.00
2017.10.11 06:03:46.557,1.4829,1.48304,3.37,1.00
2017.10.11 06:03:47.344,1.4829,1.48304,3.00,1.00
2017.10.11 06:03:48.986,1.4829,1.48301,2.25,1.00
2017.10.11 06:03:49.246,1.48292,1.48304,1.25,1.00
2017.10.11 06:03:49.556,1.4829,1.48302,2.06,1.00
2017.10.11 06:03:49.710,1.48287,1.483,2.06,1.00
2017.10.11 06:03:49.761,1.48287,1.48298,1.25,1.00
2017.10.11 06:03:51.042,1.48284,1.48296,2.06,1.00
2017.10.11 06:03:51.571,1.48284,1.48297,1.69,1.00
2017.10.11 06:03:52.468,1.48284,1.48298,1.50,1.12
2017.10.11 06:03:52.855,1.48284,1.48298,3.00,1.00
2017.10.11 06:03:53.009,1.48284,1.48301,2.06,2.06
2017.10.11 06:03:54.112,1.48285,1.48301,1.44,1.25
2017.10.11 06:03:55.035,1.48285,1.48301,1.69,1.44
2017.10.11 06:03:55.239,1.48285,1.48302,1.12,1.00
2017.10.11 06:03:55.771,1.48285,1.48301,1.12,1.00
2017.10.11 06:03:57.330,1.48288,1.48301,1.00,1.00
2017.10.11 06:03:57.382,1.48288,1.48303,1.00,2.44
2017.10.11 06:03:58.400,1.48288,1.48303,1.19,1.69
2017.10.11 06:03:58.924,1.48288,1.48303,1.69,1.12
2017.10.11 06:04:00.598,1.48289,1.48303,1.00,1.25
2017.10.11 06:04:00.650,1.4829,1.48305,1.12,1.50
2017.10.11 06:04:00.702,1.48292,1.48307,1.50,1.50
2017.10.11 06:04:00.756,1.48292,1.48308,1.50,2.25
2017.10.11 06:04:01.295,1.48294,1.48309,1.19,1.50
2017.10.11 06:04:01.882,1.48293,1.48309,1.69,1.50
2017.10.11 06:04:02.072,1.48292,1.48308,3.37,1.00
2017.10.11 06:04:02.616,1.48292,1.48308,4.50,1.00
2017.10.11 06:04:03.389,1.48292,1.48308,2.25,1.00
2017.10.11 06:04:03.593,1.48296,1.48309,1.00,1.00
2017.10.11 06:04:05.499,1.48292,1.48309,3.56,1.00
2017.10.11 06:04:06.139,1.48292,1.48309,2.25,1.00
2017.10.11 06:04:07.194,1.48292,1.48309,1.87,2.81
2017.10.11 06:04:07.348,1.48292,1.48309,2.81,2.06
2017.10.11 06:04:08.285,1.48296,1.48309,1.00,1.31
2017.10.11 06:04:10.690,1.48296,1.48309,1.50,1.19
2017.10.11 06:04:13.189,1.48296,1.48309,1.00,1.31
2017.10.11 06:04:15.188,1.48296,1.48308,1.00,1.69
2017.10.11 06:04:18.453,1.48296,1.48308,1.00,1.69
2017.10.11 06:04:22.176,1.48295,1.48309,1.00,2.44
2017.10.11 06:04:25.342,1.48296,1.48308,1.00,1.31
2017.10.11 06:04:28.370,1.48297,1.48308,1.00,1.31
2017.10.11 06:04:30.231,1.483,1.48311,1.00,1.75
2017.10.11 06:04:30.334,1.483,1.48311,1.00,1.12
2017.10.11 06:04:31.303,1.483,1.48312,1.00,2.06
2017.10.11 06:04:32.052,1.483,1.48311,1.00,1.00
2017.10.11 06:04:32.906,1.483,1.48312,1.00,1.31
2017.10.11 06:04:33.737,1.483,1.48311,1.00,1.00
2017.10.11 06:04:34.398,1.483,1.48313,1.00,3.00
2017.10.11 06:04:46.812,1.48301,1.48314,1.00,3.19
2017.10.11 06:04:46.864,1.48304,1.48316,1.00,2.44
2017.10.11 06:04:47.068,1.48308,1.48318,1.00,1.12
2017.10.11 06:04:47.171,1.48309,1.48322,1.00,1.69
2017.10.11 06:04:47.836,1.4831,1.48322,1.00,1.31
2017.10.11 06:04:48.505,1.48307,1.48322,1.12,2.25
2017.10.11 06:04:48.710,1.48307,1.48322,1.31,1.31
2017.10.11 06:04:50.101,1.48307,1.48322,1.12,1.19
2017.10.11 06:04:51.057,1.48307,1.48322,1.31,1.69
2017.10.11 06:04:51.567,1.48307,1.48321,1.31,1.00
2017.10.11 06:04:52.542,1.48307,1.48321,1.69,1.00
2017.10.11 06:04:53.060,1.48307,1.48322,1.69,2.06
2017.10.11 06:04:55.515,1.48307,1.48322,1.12,1.25
2017.10.11 06:04:56.320,1.48307,1.4832,1.00,1.00
2017.10.11 06:04:56.628,1.48302,1.48316,1.00,1.19
2017.10.11 06:04:59.699,1.48302,1.48316,1.19,1.25
2017.10.11 06:05:00.215,1.48304,1.48316,1.25,1.00
2017.10.11 06:05:00.561,1.48304,1.48314,1.25,1.00
2017.10.11 06:05:00.612,1.48301,1.48314,1.69,1.00
2017.10.11 06:05:00.664,1.48301,1.48312,1.31,1.00
2017.10.11 06:05:01.713,1.48301,1.48313,1.12,1.00
2017.10.11 06:05:02.292,1.48301,1.48314,1.31,1.00
2017.10.11 06:05:03.193,1.48301,1.48314,1.87,1.00
2017.10.11 06:05:03.744,1.48301,1.48315,2.44,1.00
2017.10.11 06:05:04.288,1.48301,1.48315,3.37,1.00
2017.10.11 06:05:04.494,1.48304,1.48317,1.12,1.00
2017.10.11 06:05:04.546,1.48304,1.48315,1.12,1.00
2017.10.11 06:05:05.055,1.48302,1.48316,1.37,1.00
2017.10.11 06:05:05.362,1.48305,1.48316,1.50,1.00
2017.10.11 06:05:05.567,1.48305,1.48318,3.00,1.00
2017.10.11 06:05:05.778,1.48305,1.48318,1.00,1.00
2017.10.11 06:05:05.831,1.48305,1.48315,1.25,1.00
2017.10.11 06:05:08.302,1.48305,1.48318,1.12,1.12
2017.10.11 06:05:09.503,1.48305,1.48318,1.44,1.12
2017.10.11 06:05:10.014,1.48302,1.48317,1.31,2.62
2017.10.11 06:05:10.903,1.48302,1.48316,1.44,1.00
2017.10.11 06:05:11.114,1.48302,1.48316,1.44,1.00
2017.10.11 06:05:12.295,1.48302,1.48314,1.19,1.00
2017.10.11 06:05:13.804,1.48302,1.48314,1.00,1.00
2017.10.11 06:05:15.135,1.48302,1.48313,1.00,1.00
2017.10.11 06:05:16.089,1.48302,1.48314,1.00,1.12
2017.10.11 06:05:18.554,1.48302,1.48317,1.19,1.19
2017.10.11 06:05:19.066,1.48302,1.48318,1.00,4.87
2017.10.11 06:05:25.686,1.48302,1.48314,1.00,1.00
2017.10.11 06:05:26.242,1.48302,1.48315,1.00,1.50
2017.10.11 06:05:27.240,1.48302,1.48313,1.00,1.00
2017.10.11 06:05:29.075,1.48302,1.48314,1.25,1.00
2017.10.11 06:05:30.509,1.48304,1.48315,1.00,1.12
2017.10.11 06:05:30.948,1.48302,1.48314,1.00,1.00
2017.10.11 06:05:31.154,1.48299,1.48314,1.25,1.50
2017.10.11 06:05:32.073,1.48299,1.48313,1.25,1.00
2017.10.11 06:05:33.007,1.48298,1.48313,1.50,1.62
2017.10.11 06:05:33.250,1.483,1.48313,1.00,1.62
2017.10.11 06:05:33.777,1.48299,1.48313,1.00,1.62
2017.10.11 06:05:35.154,1.483,1.48314,1.00,1.56
2017.10.11 06:05:35.663,1.48299,1.48313,1.00,1.31
2017.10.11 06:05:36.175,1.48298,1.48314,1.00,1.56
2017.10.11 06:05:36.857,1.48301,1.48316,1.00,1.94
2017.10.11 06:05:36.909,1.48299,1.48316,1.31,1.69
2017.10.11 06:05:37.432,1.48298,1.48314,1.87,1.25
2017.10.11 06:05:38.256,1.48298,1.48312,1.25,1.00
2017.10.11 06:05:38.876,1.48298,1.48312,1.00,1.31
2017.10.11 06:05:39.185,1.48297,1.4831,1.50,2.44
2017.10.11 06:05:39.341,1.48293,1.48309,1.25,1.25
2017.10.11 06:05:40.095,1.48293,1.48307,1.31,1.00
2017.10.11 06:05:40.598,1.48292,1.48308,1.00,2.06
2017.10.11 06:05:42.850,1.48292,1.48308,2.62,1.56
2017.10.11 06:05:43.361,1.48292,1.48308,1.87,1.00
2017.10.11 06:05:44.072,1.48295,1.4831,1.50,2.25
2017.10.11 06:05:44.379,1.48297,1.4831,1.00,1.00
2017.10.11 06:05:44.483,1.48297,1.48313,1.50,1.31
2017.10.11 06:05:46.051,1.48297,1.4831,1.12,1.00
2017.10.11 06:05:46.616,1.48297,1.4831,1.44,1.00
2017.10.11 06:05:49.720,1.48294,1.48309,1.37,1.12
2017.10.11 06:05:49.823,1.48292,1.48305,1.19,1.00
2017.10.11 06:05:50.951,1.48291,1.48305,2.62,1.00
2017.10.11 06:05:51.133,1.48292,1.48305,1.87,1.00
2017.10.11 06:05:51.743,1.48292,1.48305,1.12,1.00
2017.10.11 06:05:53.827,1.48294,1.48305,1.00,1.00
2017.10.11 06:05:55.483,1.48292,1.48305,1.12,1.00
2017.10.11 06:05:55.637,1.48294,1.48305,1.00,1.00
2017.10.11 06:05:56.669,1.48294,1.48308,1.00,1.19
2017.10.11 06:05:56.720,1.48296,1.48308,1.00,1.00
2017.10.11 06:05:57.031,1.48301,1.48312,1.00,1.31
2017.10.11 06:05:57.581,1.48302,1.48312,1.00,1.00
2017.10.11 06:05:59.193,1.48303,1.48312,1.00,1.00
2017.10.11 06:05:59.519,1.48303,1.48314,1.00,1.00
2017.10.11 06:06:00.128,1.48304,1.48314,1.00,1.00
2017.10.11 06:06:00.662,1.48303,1.48314,1.00,1.00
2017.10.11 06:06:00.715,1.48301,1.48314,1.25,1.00
2017.10.11 06:06:02.243,1.483,1.48314,1.31,1.00
2017.10.11 06:06:03.153,1.48301,1.48314,1.00,1.00
2017.10.11 06:06:04.420,1.483,1.48314,2.06,1.00
2017.10.11 06:06:06.178,1.48301,1.48314,1.25,1.00
2017.10.11 06:06:06.834,1.483,1.48314,2.06,1.00
2017.10.11 06:06:07.447,1.48301,1.48314,1.00,1.00
2017.10.11 06:06:07.652,1.48298,1.48314,2.44,1.00
2017.10.11 06:06:08.655,1.48297,1.48313,1.19,1.00
2017.10.11 06:06:08.757,1.48297,1.48314,1.62,1.87
2017.10.11 06:06:09.293,1.48297,1.48314,2.25,1.87
2017.10.11 06:06:10.252,1.48299,1.48311,1.00,1.25
2017.10.11 06:06:10.481,1.48301,1.48317,1.00,1.69
2017.10.11 06:06:10.687,1.48303,1.48317,1.00,1.25
2017.10.11 06:06:12.055,1.483,1.48317,1.37,1.56
2017.10.11 06:06:12.107,1.48299,1.48317,3.19,2.81
2017.10.11 06:06:12.210,1.48299,1.48317,2.44,3.00
2017.10.11 06:06:12.467,1.48302,1.48317,1.00,2.06
2017.10.11 06:06:12.672,1.48302,1.48317,1.00,1.69
2017.10.11 06:06:13.722,1.48303,1.48317,1.12,1.00
2017.10.11 06:06:13.825,1.48304,1.48319,1.00,2.44
2017.10.11 06:06:16.338,1.48304,1.48319,1.19,2.25
2017.10.11 06:06:21.155,1.48306,1.48319,1.00,1.12
2017.10.11 06:06:22.848,1.48305,1.48319,1.25,1.12
2017.10.11 06:06:26.108,1.48304,1.48319,1.12,1.12
2017.10.11 06:06:27.244,1.48305,1.48319,1.00,1.31
2017.10.11 06:06:33.290,1.48306,1.48319,1.00,1.12
2017.10.11 06:06:33.809,1.48305,1.48319,1.87,1.12
2017.10.11 06:06:35.147,1.48306,1.48319,1.50,1.12
2017.10.11 06:06:39.970,1.48308,1.48319,1.00,1.12
2017.10.11 06:06:44.231,1.48306,1.48319,1.50,1.25
2017.10.11 06:06:44.754,1.48305,1.48319,1.00,2.81
2017.10.11 06:06:46.916,1.48306,1.48319,1.00,1.50
2017.10.11 06:06:47.121,1.48308,1.48319,1.00,1.12
2017.10.11 06:06:48.687,1.48308,1.48319,1.00,1.19
2017.10.11 06:06:49.580,1.48306,1.48319,1.00,1.69
2017.10.11 06:06:50.565,1.48306,1.48317,1.00,1.19
2017.10.11 06:06:52.244,1.48304,1.48317,1.00,1.19
2017.10.11 06:06:52.779,1.48303,1.48317,1.00,2.44
2017.10.11 06:06:53.354,1.48304,1.48317,1.00,2.44
2017.10.11 06:06:54.449,1.48305,1.48317,1.00,1.69
2017.10.11 06:06:54.992,1.48304,1.48317,1.00,1.69
2017.10.11 06:06:55.808,1.48305,1.48317,1.00,1.69
2017.10.11 06:06:56.025,1.48303,1.48317,1.12,1.69
2017.10.11 06:06:57.011,1.48302,1.48316,1.00,1.19
2017.10.11 06:06:57.845,1.48301,1.48316,1.50,1.56
2017.10.11 06:06:58.398,1.48301,1.48316,1.50,3.00
2017.10.11 06:06:58.934,1.48301,1.48316,1.50,1.56
2017.10.11 06:06:59.412,1.48301,1.48314,1.00,2.81
2017.10.11 06:07:01.533,1.48299,1.48314,1.87,2.81
2017.10.11 06:07:01.754,1.48301,1.48314,1.00,2.81
2017.10.11 06:07:04.148,1.483,1.48314,1.50,1.19
2017.10.11 06:07:04.657,1.48299,1.48313,1.12,1.31
2017.10.11 06:07:05.170,1.48301,1.48313,1.00,1.25
2017.10.11 06:07:07.243,1.48301,1.48313,1.00,1.69
2017.10.11 06:07:07.781,1.483,1.48313,2.62,1.69
2017.10.11 06:07:09.672,1.483,1.48313,1.00,1.19
2017.10.11 06:07:10.636,1.48301,1.48313,1.00,1.19
2017.10.11 06:07:10.791,1.48298,1.48313,1.50,1.19
2017.10.11 06:07:11.578,1.48298,1.48311,1.00,1.19
2017.10.11 06:07:12.091,1.48297,1.48311,2.06,2.06
2017.10.11 06:07:12.605,1.48299,1.48311,1.00,1.69
2017.10.11 06:07:12.942,1.48297,1.48311,1.00,1.69
2017.10.11 06:07:13.452,1.48297,1.48311,1.12,1.00
2017.10.11 06:07:14.113,1.48299,1.48311,1.00,1.00
2017.10.11 06:07:14.619,1.48298,1.48311,1.00,1.00
2017.10.11 06:07:16.578,1.48298,1.48311,1.00,1.69
2017.10.11 06:07:20.685,1.48297,1.48311,1.00,2.06
2017.10.11 06:07:21.397,1.48297,1.4831,1.00,1.19
2017.10.11 06:07:21.987,1.48297,1.48311,1.00,1.69
2017.10.11 06:07:22.039,1.483,1.48311,1.00,1.69
2017.10.11 06:07:22.920,1.48299,1.48311,1.00,1.69
2017.10.11 06:07:23.229,1.48298,1.4831,1.00,1.19
2017.10.11 06:07:24.202,1.48299,1.48311,1.00,1.19
2017.10.11 06:07:25.014,1.48301,1.48311,1.00,1.19
2017.10.11 06:07:25.168,1.48299,1.48311,1.00,1.19
2017.10.11 06:07:25.270,1.48301,1.48311,1.00,1.19
2017.10.11 06:07:26.260,1.48299,1.48311,1.00,1.19
2017.10.11 06:07:26.567,1.48301,1.48311,1.00,1.69
2017.10.11 06:07:26.919,1.48301,1.48311,1.00,1.00
2017.10.11 06:07:27.226,1.48298,1.4831,1.00,1.69
2017.10.11 06:07:27.349,1.48298,1.48307,1.00,1.19
2017.10.11 06:07:27.558,1.48295,1.48307,1.00,1.19
2017.10.11 06:07:28.171,1.48296,1.48306,1.00,1.25
2017.10.11 06:07:28.682,1.48295,1.48306,1.00,1.25
2017.10.11 06:07:29.965,1.48296,1.48306,1.00,1.25
2017.10.11 06:07:31.006,1.48294,1.48306,1.00,1.25
2017.10.11 06:07:31.618,1.48294,1.48306,1.00,1.69
2017.10.11 06:07:32.360,1.48293,1.48306,1.00,1.69
2017.10.11 06:07:33.307,1.48294,1.48305,1.00,1.25
2017.10.11 06:07:33.838,1.48293,1.48305,1.00,1.25
2017.10.11 06:07:34.896,1.48294,1.48305,1.00,1.25
2017.10.11 06:07:35.186,1.48296,1.48305,1.00,1.25
2017.10.11 06:07:36.340,1.48293,1.48306,1.00,1.69
2017.10.11 06:07:36.394,1.48292,1.48305,1.00,1.69
2017.10.11 06:07:36.752,1.48289,1.48305,1.00,1.87
2017.10.11 06:07:36.803,1.48286,1.483,2.06,1.12
2017.10.11 06:07:36.958,1.48279,1.48296,4.10,1.31
2017.10.11 06:07:37.419,1.48282,1.48297,1.60,1.19
2017.10.11 06:07:38.000,1.48282,1.48299,2.06,2.06
2017.10.11 06:07:38.309,1.48284,1.48299,1.19,1.31
2017.10.11 06:07:38.644,1.48287,1.48301,1.00,1.69
2017.10.11 06:07:38.696,1.48286,1.48301,3.00,1.25
2017.10.11 06:07:39.198,1.48287,1.48301,1.25,1.25
2017.10.11 06:07:41.897,1.48288,1.48301,1.00,1.25
2017.10.11 06:07:42.102,1.48292,1.48303,1.00,1.19
2017.10.11 06:07:42.703,1.48292,1.48304,1.00,1.19
2017.10.11 06:07:44.389,1.48293,1.48304,1.00,1.19
2017.10.11 06:07:45.008,1.48292,1.48304,1.00,1.19
2017.10.11 06:07:45.570,1.48293,1.48304,1.00,1.00
2017.10.11 06:07:46.352,1.48293,1.48307,1.00,2.44
2017.10.11 06:07:47.507,1.48295,1.48307,1.50,1.19
2017.10.11 06:07:47.712,1.48297,1.48309,1.00,1.31
2017.10.11 06:07:47.968,1.48294,1.48309,1.00,2.06
2017.10.11 06:07:48.504,1.48293,1.48308,1.00,1.19
2017.10.11 06:07:49.731,1.48292,1.48307,1.69,1.31
2017.10.11 06:07:50.512,1.48292,1.48307,1.50,1.31
2017.10.11 06:07:51.932,1.4829,1.48305,1.00,2.06
2017.10.11 06:07:53.704,1.48291,1.48305,1.00,1.00
2017.10.11 06:07:53.756,1.48294,1.48305,1.00,1.00
2017.10.11 06:07:55.164,1.48293,1.48307,1.00,1.25
2017.10.11 06:07:55.713,1.48292,1.48307,1.00,1.69
2017.10.11 06:07:55.815,1.48291,1.48305,1.00,1.00
2017.10.11 06:07:56.327,1.48292,1.48305,1.00,1.00
2017.10.11 06:07:57.476,1.48293,1.48305,1.00,1.00
2017.10.11 06:07:58.064,1.48292,1.48305,1.00,1.00
2017.10.11 06:07:58.456,1.48294,1.48307,1.69,1.00
2017.10.11 06:07:58.781,1.48303,1.48317,1.12,1.19
2017.10.11 06:07:58.834,1.48303,1.48318,1.12,1.25
2017.10.11 06:07:58.887,1.48306,1.48319,1.00,1.19
2017.10.11 06:07:58.990,1.48308,1.48322,1.00,1.19
2017.10.11 06:08:02.006,1.48307,1.48322,1.50,1.00
2017.10.11 06:08:07.801,1.4831,1.48322,1.00,1.00
2017.10.11 06:08:08.853,1.48308,1.48322,1.12,1.00
2017.10.11 06:08:10.677,1.48306,1.48321,1.69,1.25
2017.10.11 06:08:10.729,1.48305,1.4832,1.37,1.69
2017.10.11 06:08:11.273,1.48305,1.4832,1.50,1.19
2017.10.11 06:08:11.938,1.48305,1.48322,2.25,3.19
2017.10.11 06:08:12.498,1.48306,1.48322,1.00,3.19
2017.10.11 06:08:13.014,1.48304,1.4832,1.12,1.69
2017.10.11 06:08:14.704,1.48304,1.48317,1.25,1.00
2017.10.11 06:08:14.961,1.48302,1.48318,1.87,2.44
2017.10.11 06:08:15.013,1.483,1.48315,1.00,1.25
2017.10.11 06:08:15.359,1.483,1.48314,1.00,1.50
2017.10.11 06:08:17.108,1.48298,1.48313,1.44,1.12
2017.10.11 06:08:24.872,1.48302,1.48314,1.00,2.25
2017.10.11 06:08:26.486,1.48301,1.48314,1.00,2.25
2017.10.11 06:08:30.935,1.48302,1.48314,1.00,1.50
2017.10.11 06:08:32.755,1.48302,1.48313,1.00,1.00
2017.10.11 06:08:33.166,1.48303,1.48315,1.00,1.12
2017.10.11 06:08:33.372,1.48305,1.48318,1.00,3.56
2017.10.11 06:08:33.729,1.48307,1.48319,1.00,1.00
2017.10.11 06:08:34.252,1.48307,1.4832,1.00,2.81
2017.10.11 06:08:34.849,1.48306,1.4832,1.00,2.06
2017.10.11 06:08:35.506,1.48308,1.4832,1.00,1.12
2017.10.11 06:08:36.037,1.48307,1.4832,1.00,1.00
2017.10.11 06:08:36.443,1.48307,1.48318,1.00,1.00
2017.10.11 06:08:37.115,1.48306,1.48318,1.00,1.00
2017.10.11 06:08:37.195,1.48303,1.48318,1.12,1.00
2017.10.11 06:08:38.120,1.48303,1.48318,1.69,1.00
2017.10.11 06:08:38.754,1.48303,1.48318,1.12,1.00
2017.10.11 06:08:39.054,1.48303,1.48318,1.44,1.00
2017.10.11 06:08:40.253,1.48303,1.48318,1.87,1.00
2017.10.11 06:08:40.357,1.483,1.48316,1.50,1.00
2017.10.11 06:08:40.666,1.48296,1.4831,2.62,1.00
2017.10.11 06:08:42.966,1.48296,1.4831,1.00,1.00
2017.10.11 06:08:43.925,1.48295,1.4831,2.81,1.00
2017.10.11 06:08:44.531,1.48296,1.4831,1.00,1.00
2017.10.11 06:08:45.241,1.48297,1.4831,1.00,1.00
2017.10.11 06:08:46.371,1.48297,1.4831,1.19,1.00
2017.10.11 06:08:47.655,1.48297,1.4831,1.25,1.00
2017.10.11 06:08:58.058,1.48295,1.4831,1.87,1.00
2017.10.11 06:08:58.895,1.48295,1.48309,1.25,1.00
2017.10.11 06:08:58.947,1.48292,1.48307,1.00,1.31
2017.10.11 06:08:58.999,1.48291,1.48305,1.62,1.50
2017.10.11 06:08:59.512,1.48291,1.48305,1.25,1.00
2017.10.11 06:09:00.286,1.48291,1.48304,1.00,1.00
2017.10.11 06:09:01.032,1.4829,1.48304,1.00,1.25
2017.10.11 06:09:01.586,1.4829,1.48305,1.00,1.50
2017.10.11 06:09:02.089,1.48289,1.48305,1.25,1.87
2017.10.11 06:09:02.711,1.48289,1.48303,1.00,1.00
2017.10.11 06:09:03.031,1.48287,1.48301,1.31,1.00
2017.10.11 06:09:03.315,1.48285,1.48301,1.25,1.87
2017.10.11 06:09:03.849,1.48283,1.483,1.69,1.12
2017.10.11 06:09:04.911,1.48283,1.483,1.68,1.69
2017.10.11 06:09:05.168,1.48284,1.483,1.00,1.44
2017.10.11 06:09:05.271,1.48284,1.483,1.31,1.00
2017.10.11 06:09:07.619,1.48286,1.48302,1.00,3.37
2017.10.11 06:09:07.671,1.48286,1.48301,1.19,1.12
2017.10.11 06:09:08.174,1.48288,1.48302,1.12,1.00
2017.10.11 06:09:08.842,1.48288,1.48302,1.19,1.00
2017.10.11 06:09:09.149,1.4829,1.48304,1.00,1.87
2017.10.11 06:09:10.706,1.4829,1.48303,1.00,1.00
2017.10.11 06:09:12.217,1.4829,1.48301,1.00,1.00
2017.10.11 06:09:17.736,1.4829,1.48304,2.25,1.00
2017.10.11 06:09:18.279,1.48289,1.48303,1.12,1.00
2017.10.11 06:09:18.775,1.48291,1.48303,1.00,1.00
2017.10.11 06:09:20.262,1.48292,1.48303,1.00,1.00
2017.10.11 06:09:21.493,1.48289,1.48303,2.06,1.00
2017.10.11 06:09:24.483,1.48289,1.48303,1.31,1.00
2017.10.11 06:09:25.184,1.48291,1.48303,1.00,1.00
2017.10.11 06:09:26.803,1.48292,1.48303,1.00,1.00
2017.10.11 06:09:30.264,1.4829,1.48303,2.44,1.00
2017.10.11 06:09:30.812,1.4829,1.48303,1.87,1.00
2017.10.11 06:09:31.116,1.48297,1.48305,1.25,1.00
2017.10.11 06:09:31.270,1.48304,1.48317,1.00,1.44
2017.10.11 06:09:31.425,1.48304,1.48308,1.00,1.25
2017.10.11 06:09:31.477,1.48302,1.48306,1.87,1.50
2017.10.11 06:09:31.581,1.48296,1.48309,2.44,1.00
2017.10.11 06:09:31.632,1.48295,1.48309,1.00,1.00
2017.10.11 06:09:32.679,1.48295,1.48311,1.25,1.50
2017.10.11 06:09:32.782,1.48297,1.48312,1.19,2.44
2017.10.11 06:09:33.090,1.48303,1.48316,1.19,1.00
2017.10.11 06:09:33.296,1.48302,1.48316,1.00,1.38
2017.10.11 06:09:33.500,1.48302,1.48316,1.00,1.69
2017.10.11 06:09:33.950,1.48302,1.48316,1.00,1.69
2017.10.11 06:09:34.139,1.48302,1.48316,1.00,1.69
2017.10.11 06:09:34.190,1.48302,1.48316,1.00,1.31
2017.10.11 06:09:34.702,1.48302,1.48316,1.00,1.63
2017.10.11 06:09:35.267,1.48302,1.48316,1.00,1.25
2017.10.11 06:09:35.420,1.48302,1.48316,1.00,1.38
2017.10.11 06:09:35.593,1.48302,1.48316,1.00,1.00
2017.10.11 06:09:36.304,1.48303,1.48316,1.19,1.00
2017.10.11 06:09:36.406,1.48303,1.48319,1.69,1.87
2017.10.11 06:09:36.917,1.48303,1.48319,2.81,1.25
2017.10.11 06:09:37.020,1.48306,1.48319,3.00,1.00
2017.10.11 06:09:37.312,1.4831,1.48326,2.06,1.38
2017.10.11 06:09:37.416,1.48308,1.48321,1.19,1.50
2017.10.11 06:09:37.467,1.48305,1.48321,1.50,1.50
2017.10.11 06:09:38.010,1.48305,1.48321,1.87,1.50
2017.10.11 06:09:38.498,1.48308,1.48321,2.06,1.00
2017.10.11 06:09:39.052,1.48308,1.48322,1.87,2.25
2017.10.11 06:09:39.853,1.48307,1.48321,2.25,1.00
2017.10.11 06:09:40.622,1.48307,1.48322,1.69,2.25
2017.10.11 06:09:41.170,1.48308,1.48321,1.50,1.00
2017.10.11 06:09:41.589,1.48312,1.48326,1.87,1.37
2017.10.11 06:09:41.641,1.48312,1.48326,2.25,1.00
2017.10.11 06:09:43.063,1.48313,1.4833,1.25,3.75
2017.10.11 06:09:43.114,1.48313,1.48329,1.87,1.00
2017.10.11 06:09:43.718,1.48313,1.4833,1.87,3.00
2017.10.11 06:09:44.261,1.48313,1.48329,1.87,1.25
2017.10.11 06:09:44.777,1.48313,1.48328,1.87,1.00
2017.10.11 06:09:45.182,1.48313,1.48328,1.12,1.00
2017.10.11 06:09:46.406,1.48313,1.48328,1.44,1.69
2017.10.11 06:09:47.968,1.48313,1.48328,1.87,1.50
2017.10.11 06:09:49.179,1.48313,1.48329,1.87,2.62
2017.10.11 06:09:49.703,1.48313,1.48328,1.87,1.00
2017.10.11 06:09:52.207,1.48312,1.48329,2.19,2.81
2017.10.11 06:09:52.714,1.48312,1.48328,3.56,1.50
2017.10.11 06:09:56.363,1.48313,1.48328,1.00,1.00
2017.10.11 06:09:56.919,1.48312,1.48325,2.44,1.00
2017.10.11 06:09:57.441,1.48311,1.48326,1.37,1.31
2017.10.11 06:09:57.951,1.48311,1.48325,1.37,1.00
2017.10.11 06:09:58.489,1.48311,1.48326,1.37,2.06
2017.10.11 06:09:59.351,1.48311,1.48325,1.37,1.00
2017.10.11 06:09:59.961,1.48311,1.48326,1.37,2.06
2017.10.11 06:10:00.277,1.48305,1.48318,1.12,1.00
2017.10.11 06:10:01.541,1.48304,1.48318,3.56,1.00
2017.10.11 06:10:02.531,1.48304,1.48319,3.94,1.00
2017.10.11 06:10:02.860,1.48306,1.48321,2.81,1.69
2017.10.11 06:10:03.949,1.48306,1.4832,2.06,1.00
2017.10.11 06:10:04.712,1.48306,1.48321,1.87,2.62
2017.10.11 06:10:05.258,1.48306,1.4832,1.87,1.00
2017.10.11 06:10:05.945,1.48303,1.48317,1.12,1.88
2017.10.11 06:10:06.049,1.483,1.48314,1.50,2.06
2017.10.11 06:10:06.152,1.48298,1.48314,3.19,1.31
2017.10.11 06:10:06.612,1.483,1.48315,3.94,1.50
2017.10.11 06:10:06.663,1.48305,1.48319,2.62,1.25
2017.10.11 06:10:06.715,1.48306,1.48322,3.94,2.81
2017.10.11 06:10:07.266,1.48309,1.48322,1.00,1.00
2017.10.11 06:10:08.124,1.48309,1.48322,1.31,1.00
2017.10.11 06:10:11.809,1.48308,1.48322,2.44,1.31
2017.10.11 06:10:12.369,1.48308,1.48322,2.25,1.25
2017.10.11 06:10:12.662,1.48308,1.48322,1.50,1.63
2017.10.11 06:10:15.795,1.48307,1.48322,1.37,2.06
2017.10.11 06:10:16.126,1.48306,1.48322,2.25,2.44
2017.10.11 06:10:16.330,1.48309,1.48322,2.06,1.25
2017.10.11 06:10:17.001,1.48311,1.48325,1.12,1.63
2017.10.11 06:10:17.415,1.48311,1.48325,1.37,1.31
2017.10.11 06:10:18.123,1.48309,1.48325,3.56,1.00
2017.10.11 06:10:18.279,1.48311,1.48325,1.00,1.50
2017.10.11 06:10:18.646,1.48308,1.48325,2.81,1.94
2017.10.11 06:10:18.698,1.48308,1.48324,1.12,1.13
2017.10.11 06:10:19.940,1.48306,1.48321,2.44,1.19
2017.10.11 06:10:23.472,1.48306,1.48321,1.87,2.06
2017.10.11 06:10:24.615,1.48306,1.48321,1.00,2.25
2017.10.11 06:10:26.759,1.48307,1.48321,2.25,1.00
2017.10.11 06:10:27.271,1.48308,1.48321,3.75,1.00
2017.10.11 06:10:28.119,1.4831,1.48325,1.25,1.50
2017.10.11 06:10:28.222,1.4831,1.48325,1.25,1.25
2017.10.11 06:10:28.725,1.4831,1.48325,1.62,1.00
2017.10.11 06:10:38.472,1.48311,1.48325,1.37,1.00
2017.10.11 06:10:39.185,1.48311,1.48325,1.37,1.44
2017.10.11 06:10:39.730,1.48312,1.48325,1.12,1.25
2017.10.11 06:10:50.247,1.4831,1.48325,3.37,1.00
2017.10.11 06:10:50.446,1.48311,1.48327,1.37,3.00
2017.10.11 06:10:51.025,1.48311,1.48327,1.37,2.25
2017.10.11 06:10:51.128,1.48308,1.48324,2.44,1.69
2017.10.11 06:10:51.672,1.48308,1.48324,1.31,2.00
2017.10.11 06:10:52.363,1.48308,1.48324,1.12,1.88
2017.10.11 06:10:53.066,1.48308,1.48323,1.37,1.19
2017.10.11 06:10:53.582,1.48308,1.48323,1.25,2.06
2017.10.11 06:10:55.806,1.48308,1.48323,1.69,1.31
2017.10.11 06:10:58.568,1.4831,1.48323,1.00,3.19
2017.10.11 06:10:59.438,1.48308,1.48322,1.00,1.50
2017.10.11 06:11:01.334,1.48308,1.48322,1.00,1.50
2017.10.11 06:11:01.385,1.48306,1.48321,1.25,1.31
2017.10.11 06:11:01.438,1.48305,1.48321,1.87,2.06
2017.10.11 06:11:01.986,1.48305,1.4832,3.56,1.12
2017.10.11 06:11:02.497,1.48306,1.48321,1.87,1.69
2017.10.11 06:11:03.798,1.48306,1.48321,2.25,1.31
2017.10.11 06:11:05.162,1.48306,1.48321,3.19,2.44
2017.10.11 06:11:06.019,1.4831,1.48321,1.00,2.44
2017.10.11 06:11:06.687,1.4831,1.48321,1.00,2.06
2017.10.11 06:11:09.982,1.48308,1.48321,1.00,1.69
2017.10.11 06:11:10.699,1.48308,1.4832,1.12,1.19
2017.10.11 06:11:11.281,1.48311,1.48321,1.00,1.69
2017.10.11 06:11:11.459,1.4831,1.48321,1.12,1.00
2017.10.11 06:11:12.174,1.4831,1.48323,1.12,1.44
2017.10.11 06:11:12.226,1.48312,1.48324,1.12,1.25
2017.10.11 06:11:12.556,1.48313,1.48324,1.37,1.00
2017.10.11 06:11:13.423,1.48314,1.48328,1.12,3.56
2017.10.11 06:11:13.526,1.48316,1.48329,1.00,1.00
2017.10.11 06:11:13.837,1.48318,1.48331,1.00,1.69
2017.10.11 06:11:14.323,1.48318,1.48331,1.12,2.44
2017.10.11 06:11:15.009,1.48318,1.48327,1.12,1.44
2017.10.11 06:11:15.061,1.48316,1.48327,1.00,1.25
2017.10.11 06:11:17.307,1.48316,1.48327,1.00,1.44
2017.10.11 06:11:17.821,1.48316,1.48327,1.00,1.13
2017.10.11 06:11:20.713,1.48318,1.48327,1.00,1.00
2017.10.11 06:11:20.970,1.48312,1.48323,1.00,1.50
2017.10.11 06:11:21.021,1.48311,1.48324,1.31,1.88
2017.10.11 06:11:21.073,1.48311,1.48324,1.25,1.12
2017.10.11 06:11:21.125,1.48311,1.48322,1.25,1.00
2017.10.11 06:11:25.106,1.48311,1.48322,1.37,1.00
2017.10.11 06:11:25.210,1.48312,1.48325,1.37,1.00
2017.10.11 06:11:27.840,1.48313,1.48325,1.12,1.44
2017.10.11 06:11:28.350,1.48313,1.48325,1.12,1.25
2017.10.11 06:11:30.141,1.48313,1.48325,1.00,1.44
2017.10.11 06:11:30.706,1.48313,1.48325,1.00,1.25
2017.10.11 06:11:31.144,1.48311,1.48325,1.00,2.06
2017.10.11 06:11:31.196,1.48311,1.48325,1.00,2.63
2017.10.11 06:11:31.862,1.48311,1.48325,1.00,1.88
2017.10.11 06:11:32.294,1.48311,1.48325,1.00,2.63
2017.10.11 06:11:32.793,1.48311,1.48325,1.00,1.88
2017.10.11 06:11:33.351,1.48311,1.48324,1.00,1.50
2017.10.11 06:11:34.392,1.48311,1.48325,1.00,3.00
2017.10.11 06:11:34.444,1.48311,1.48324,1.00,1.50
2017.10.11 06:11:34.648,1.48311,1.48324,1.00,1.50
2017.10.11 06:11:35.191,1.48311,1.48325,1.00,3.75
2017.10.11 06:11:35.700,1.48311,1.48324,1.00,1.50
2017.10.11 06:11:36.534,1.4831,1.48323,1.00,1.38
2017.10.11 06:11:37.047,1.48311,1.48323,1.00,1.38
2017.10.11 06:11:37.417,1.48309,1.48323,1.00,1.50
2017.10.11 06:11:37.956,1.48309,1.48323,1.00,2.81
2017.10.11 06:11:38.637,1.48309,1.48322,1.00,1.38
2017.10.11 06:11:39.174,1.48308,1.48322,1.00,1.44
2017.10.11 06:11:39.693,1.48308,1.48322,1.00,1.50
2017.10.11 06:11:40.593,1.48308,1.48322,1.00,1.50
2017.10.11 06:11:41.257,1.48308,1.48322,1.00,1.50
2017.10.11 06:11:41.823,1.48308,1.48322,1.00,1.50
2017.10.11 06:11:42.349,1.48308,1.48322,1.00,1.50
2017.10.11 06:11:42.924,1.48308,1.48322,1.00,1.50
2017.10.11 06:11:44.084,1.48308,1.48322,1.00,1.88
2017.10.11 06:11:44.610,1.48307,1.4832,1.00,1.12
2017.10.11 06:11:49.538,1.48307,1.4832,1.12,1.31
2017.10.11 06:11:49.692,1.48307,1.48321,1.25,1.12
2017.10.11 06:11:49.743,1.48307,1.48321,1.62,1.12
2017.10.11 06:11:50.050,1.48312,1.48324,1.00,3.00
2017.10.11 06:11:52.176,1.48311,1.48323,1.12,2.25
2017.10.11 06:11:52.484,1.48307,1.48318,1.00,1.00
2017.10.11 06:11:55.681,1.48308,1.48318,1.00,1.00
2017.10.11 06:11:58.921,1.4831,1.48318,1.00,1.00
2017.10.11 06:11:58.972,1.48308,1.48318,1.00,1.00
2017.10.11 06:11:59.792,1.48305,1.48318,1.37,1.38
2017.10.11 06:11:59.960,1.48298,1.4831,1.37,1.69
2017.10.11 06:12:00.063,1.48298,1.4831,1.00,2.06
2017.10.11 06:12:00.627,1.483,1.4831,1.00,1.12
2017.10.11 06:12:01.454,1.483,1.48311,1.00,1.00
2017.10.11 06:12:01.966,1.48302,1.48311,1.37,1.00
2017.10.11 06:12:02.018,1.48303,1.48315,1.37,2.62
2017.10.11 06:12:02.172,1.48304,1.48315,1.37,1.31
2017.10.11 06:12:02.932,1.48304,1.48315,1.37,1.00
2017.10.11 06:12:05.083,1.48304,1.48315,1.12,1.38
2017.10.11 06:12:05.637,1.48304,1.48315,1.12,1.44
2017.10.11 06:12:06.145,1.48304,1.48315,1.12,1.25
2017.10.11 06:12:06.299,1.48302,1.48314,1.37,1.88
2017.10.11 06:12:06.351,1.48302,1.48314,1.00,2.25
2017.10.11 06:12:06.802,1.483,1.48313,1.00,1.88
2017.10.11 06:12:07.318,1.48299,1.48313,1.00,1.50
2017.10.11 06:12:07.824,1.48299,1.48313,1.00,1.50
2017.10.11 06:12:08.623,1.48299,1.48313,1.00,2.25
2017.10.11 06:12:08.726,1.48301,1.48313,1.00,1.69
2017.10.11 06:12:10.192,1.48301,1.48311,1.00,1.25
2017.10.11 06:12:10.723,1.48301,1.48312,1.00,2.25
2017.10.11 06:12:11.244,1.48301,1.48311,1.00,1.13
2017.10.11 06:12:11.607,1.48299,1.48311,1.00,1.13
2017.10.11 06:12:12.255,1.48299,1.48312,1.00,2.44
2017.10.11 06:12:12.753,1.48299,1.48311,1.00,1.38
2017.10.11 06:12:13.278,1.48299,1.48312,1.00,2.44
2017.10.11 06:12:13.795,1.48299,1.48312,1.00,2.44
2017.10.11 06:12:14.126,1.48299,1.48311,1.00,1.44
2017.10.11 06:12:14.687,1.48299,1.4831,1.00,2.25
2017.10.11 06:12:15.213,1.48298,1.4831,1.00,2.25
2017.10.11 06:12:16.393,1.48298,1.4831,1.00,2.62
2017.10.11 06:12:18.153,1.48298,1.4831,1.00,3.00
2017.10.11 06:12:19.086,1.48298,1.4831,1.00,2.25
2017.10.11 06:12:19.837,1.48298,1.4831,1.00,2.25
2017.10.11 06:12:20.338,1.48299,1.4831,1.00,3.00
2017.10.11 06:12:20.848,1.48298,1.4831,1.00,2.25
2017.10.11 06:12:21.350,1.48298,1.4831,1.00,3.75
2017.10.11 06:12:22.185,1.48296,1.4831,1.00,3.75
2017.10.11 06:12:22.391,1.48294,1.48307,1.00,1.38
2017.10.11 06:12:22.903,1.48294,1.48307,1.00,3.75
2017.10.11 06:12:24.907,1.48294,1.48306,1.00,1.88
2017.10.11 06:12:24.959,1.48294,1.48306,1.00,1.38
2017.10.11 06:12:25.467,1.48294,1.48306,1.00,1.88
2017.10.11 06:12:25.972,1.48294,1.48306,1.00,1.13
2017.10.11 06:12:26.705,1.48294,1.48306,1.00,1.88
2017.10.11 06:12:27.216,1.48294,1.48306,1.00,1.13
2017.10.11 06:12:27.370,1.48295,1.48307,1.37,1.50
2017.10.11 06:12:27.890,1.48296,1.48308,1.37,2.81
2017.10.11 06:12:29.000,1.48296,1.48307,1.37,1.50
2017.10.11 06:12:29.114,1.48295,1.48307,1.00,1.88
2017.10.11 06:12:29.230,1.48291,1.48307,1.37,1.88
2017.10.11 06:12:29.281,1.48292,1.48304,1.00,2.25
2017.10.11 06:12:29.384,1.4829,1.48303,1.00,1.87
2017.10.11 06:12:29.487,1.48289,1.48298,1.00,1.44
2017.10.11 06:12:29.590,1.48287,1.48299,1.00,2.25
2017.10.11 06:12:30.102,1.48288,1.48299,1.00,1.88
2017.10.11 06:12:30.621,1.48288,1.48299,1.00,1.25
2017.10.11 06:12:30.895,1.48288,1.48299,1.00,1.88
2017.10.11 06:12:31.565,1.48288,1.48299,1.00,1.25
2017.10.11 06:12:31.923,1.48288,1.48299,1.00,1.88
2017.10.11 06:12:32.137,1.48288,1.48299,1.00,1.25
2017.10.11 06:12:32.290,1.48288,1.48299,1.00,1.88
2017.10.11 06:12:32.600,1.48288,1.48299,1.00,1.25
2017.10.11 06:12:33.107,1.48288,1.48299,1.00,1.88
2017.10.11 06:12:33.350,1.48286,1.48299,1.00,1.25
2017.10.11 06:12:33.402,1.48284,1.48295,1.00,1.50
2017.10.11 06:12:33.713,1.48283,1.48295,1.00,2.63
2017.10.11 06:12:34.283,1.48283,1.48294,1.00,1.00
2017.10.11 06:12:34.585,1.48287,1.48297,1.00,1.69
2017.10.11 06:12:34.637,1.4829,1.48301,1.00,1.00
2017.10.11 06:12:35.149,1.4829,1.48302,1.00,1.69
2017.10.11 06:12:35.354,1.4829,1.48302,1.00,3.56
2017.10.11 06:12:35.405,1.4829,1.48301,1.00,1.38
2017.10.11 06:12:35.678,1.48288,1.48301,1.00,3.00
2017.10.11 06:12:36.180,1.48288,1.483,1.00,1.50
2017.10.11 06:12:36.745,1.48288,1.48301,1.00,2.63
2017.10.11 06:12:37.393,1.48288,1.48301,1.00,2.44
2017.10.11 06:12:38.206,1.48288,1.48301,1.00,1.50
2017.10.11 06:12:38.258,1.48287,1.483,1.00,1.38
2017.10.11 06:12:38.514,1.48281,1.48296,1.87,1.87
2017.10.11 06:12:38.658,1.48278,1.48291,1.00,1.56
2017.10.11 06:12:39.022,1.48275,1.4829,1.12,1.69
2017.10.11 06:12:39.590,1.48276,1.4829,1.00,1.69
2017.10.11 06:12:40.552,1.48276,1.4829,1.00,2.06
2017.10.11 06:12:41.655,1.48276,1.48289,1.12,1.31
2017.10.11 06:12:43.299,1.48276,1.48289,1.37,1.69
2017.10.11 06:12:43.351,1.48276,1.48289,1.37,1.81
2017.10.11 06:12:43.556,1.48276,1.48287,1.37,1.25
2017.10.11 06:12:46.295,1.48273,1.48287,1.37,1.00
2017.10.11 06:12:46.450,1.48276,1.48287,1.00,1.00
2017.10.11 06:12:48.440,1.48276,1.48287,1.00,1.88
2017.10.11 06:12:49.051,1.48276,1.48287,1.00,1.13
2017.10.11 06:12:49.476,1.48278,1.48288,1.62,1.00
2017.10.11 06:12:49.527,1.48278,1.48293,1.00,2.44
2017.10.11 06:12:49.578,1.48279,1.48293,1.12,1.87
2017.10.11 06:12:49.630,1.48279,1.48291,1.00,1.38
2017.10.11 06:12:49.682,1.48275,1.48289,1.50,1.25
2017.10.11 06:12:49.937,1.48275,1.48288,1.12,1.19
2017.10.11 06:12:50.213,1.48275,1.48289,1.12,3.00
2017.10.11 06:12:50.469,1.48275,1.48288,1.12,1.69
2017.10.11 06:12:50.623,1.48275,1.48287,1.12,1.19
2017.10.11 06:12:51.367,1.48274,1.48287,1.37,1.56
2017.10.11 06:12:51.872,1.48274,1.48287,1.37,1.63
2017.10.11 06:12:52.595,1.48274,1.48287,1.00,1.56
2017.10.11 06:12:52.647,1.48274,1.48287,1.00,1.75
2017.10.11 06:12:52.802,1.48273,1.48287,1.12,1.81
2017.10.11 06:12:53.308,1.48273,1.48287,1.00,1.81
2017.10.11 06:12:53.513,1.48273,1.48287,1.00,1.81
2017.10.11 06:12:53.856,1.48269,1.48282,1.87,1.12
2017.10.11 06:12:53.959,1.48267,1.4828,1.00,1.13
2017.10.11 06:12:54.921,1.48265,1.48276,1.50,1.00
2017.10.11 06:12:54.975,1.48265,1.48276,1.87,1.00
2017.10.11 06:12:55.130,1.48264,1.48278,2.25,1.13
2017.10.11 06:12:55.613,1.48265,1.48278,1.87,1.38
2017.10.11 06:12:56.157,1.48265,1.48279,1.12,2.63
2017.10.11 06:12:56.619,1.48265,1.4828,1.31,1.13
2017.10.11 06:12:56.671,1.48268,1.48281,1.00,1.50
2017.10.11 06:12:56.981,1.48265,1.48279,1.00,1.13
2017.10.11 06:12:57.084,1.48265,1.48279,1.50,1.63
2017.10.11 06:12:57.135,1.48265,1.48279,1.00,1.31
2017.10.11 06:12:57.392,1.48265,1.48281,2.62,2.25
2017.10.11 06:12:57.444,1.48268,1.48281,1.00,1.00
2017.10.11 06:12:57.599,1.48268,1.48283,1.31,1.25
2017.10.11 06:12:58.103,1.48269,1.48283,1.00,1.25
2017.10.11 06:12:58.503,1.48271,1.48283,1.00,1.25
2017.10.11 06:12:59.340,1.4827,1.48283,1.87,1.25
2017.10.11 06:12:59.823,1.48271,1.4828,1.00,1.00
2017.10.11 06:12:59.977,1.48264,1.48276,1.50,1.00
2017.10.11 06:13:00.439,1.48267,1.48281,1.50,1.87
2017.10.11 06:13:00.560,1.4827,1.48281,1.87,1.00
2017.10.11 06:13:00.972,1.48272,1.48282,1.00,1.00
2017.10.11 06:13:01.688,1.48271,1.48282,1.87,1.00
2017.10.11 06:13:02.323,1.48272,1.48282,1.00,1.00
2017.10.11 06:13:02.713,1.48267,1.4828,2.06,1.00
2017.10.11 06:13:02.765,1.48269,1.4828,1.00,1.00
2017.10.11 06:13:04.400,1.4827,1.48281,1.50,1.00
2017.10.11 06:13:04.997,1.48271,1.48282,1.00,1.00
2017.10.11 06:13:05.458,1.48273,1.48283,1.12,1.00
2017.10.11 06:13:05.984,1.4827,1.48281,1.00,1.00
2017.10.11 06:13:06.087,1.48268,1.48281,1.12,1.00
2017.10.11 06:13:06.924,1.48269,1.48283,1.00,1.00
2017.10.11 06:13:07.027,1.48268,1.48283,2.06,1.00
2017.10.11 06:13:07.165,1.48272,1.48285,1.87,1.00
2017.10.11 06:13:07.217,1.48273,1.48285,1.19,1.00
2017.10.11 06:13:08.224,1.48275,1.48287,1.31,1.00
2017.10.11 06:13:09.176,1.48275,1.48287,2.25,1.00
2017.10.11 06:13:09.897,1.48275,1.48286,1.12,1.00
2017.10.11 06:13:10.457,1.48275,1.48287,1.12,1.00
2017.10.11 06:13:10.980,1.48274,1.48288,1.69,1.00
2017.10.11 06:13:12.235,1.48273,1.48288,1.69,1.00
2017.10.11 06:13:12.287,1.48272,1.48286,1.69,1.00
2017.10.11 06:13:12.441,1.48272,1.48285,1.00,1.00
2017.10.11 06:13:12.492,1.48272,1.48283,1.00,1.00
2017.10.11 06:13:12.723,1.4827,1.48283,1.87,1.00
2017.10.11 06:13:12.775,1.48271,1.48287,1.50,1.00
2017.10.11 06:13:12.879,1.48275,1.48288,1.25,1.25
2017.10.11 06:13:13.822,1.48274,1.48288,1.25,1.12
2017.10.11 06:13:14.367,1.48275,1.48288,1.00,1.12
2017.10.11 06:13:14.740,1.48275,1.48288,1.69,1.00
2017.10.11 06:13:15.308,1.48276,1.48292,1.56,1.50
2017.10.11 06:13:15.727,1.4828,1.48292,1.00,1.00
2017.10.11 06:13:15.779,1.48281,1.48295,1.69,1.00
2017.10.11 06:13:16.290,1.4828,1.48297,2.06,2.06
2017.10.11 06:13:16.597,1.4828,1.48294,1.19,1.00
2017.10.11 06:13:17.117,1.48282,1.48294,1.00,1.00
2017.10.11 06:13:17.593,1.48279,1.48294,1.31,2.62
2017.10.11 06:13:18.780,1.48276,1.48293,1.87,1.31
2017.10.11 06:13:19.394,1.48276,1.48293,2.25,1.31
2017.10.11 06:13:19.751,1.48277,1.48293,1.19,2.06
2017.10.11 06:13:19.854,1.48275,1.48289,1.25,1.00
2017.10.11 06:13:20.212,1.48272,1.48285,1.87,1.25
2017.10.11 06:13:20.366,1.48269,1.48284,4.13,1.00
2017.10.11 06:13:20.890,1.48269,1.48286,2.63,1.31
2017.10.11 06:13:23.972,1.48269,1.48286,3.19,2.06
2017.10.11 06:13:24.834,1.48269,1.48284,3.38,1.12
2017.10.11 06:13:24.886,1.48267,1.48283,4.31,1.50
2017.10.11 06:13:25.142,1.48272,1.48286,1.25,1.87
2017.10.11 06:13:25.449,1.48273,1.48287,2.06,1.00
2017.10.11 06:13:26.057,1.48276,1.4829,1.25,1.69
2017.10.11 06:13:26.109,1.48281,1.48293,1.00,1.37
2017.10.11 06:13:26.161,1.48281,1.48296,1.69,1.87
2017.10.11 06:13:26.467,1.48282,1.48296,1.19,1.00
2017.10.11 06:13:29.372,1.48282,1.48296,1.19,1.44
2017.10.11 06:13:29.884,1.48283,1.48296,1.44,1.00
2017.10.11 06:13:30.537,1.48283,1.48299,3.37,1.00
2017.10.11 06:13:31.102,1.48287,1.483,1.00,1.31
2017.10.11 06:13:31.633,1.48287,1.483,1.37,1.00
2017.10.11 06:13:32.756,1.48288,1.48303,1.31,1.87
2017.10.11 06:13:33.629,1.48289,1.48303,1.25,1.00
2017.10.11 06:13:34.177,1.48287,1.48303,1.44,1.50
2017.10.11 06:13:39.455,1.48289,1.48303,1.19,1.00
2017.10.11 06:13:40.666,1.48289,1.48303,1.69,1.00
2017.10.11 06:13:40.871,1.48288,1.48303,1.00,1.00
2017.10.11 06:13:41.382,1.48287,1.48303,1.69,1.50
2017.10.11 06:13:41.959,1.48287,1.48303,1.12,1.12
2017.10.11 06:13:42.797,1.48286,1.48303,1.50,1.12
2017.10.11 06:13:43.694,1.48286,1.48303,1.50,1.12
2017.10.11 06:13:44.247,1.48287,1.48303,1.12,1.12
2017.10.11 06:13:45.094,1.48287,1.48299,1.25,1.00
2017.10.11 06:13:45.901,1.48283,1.48299,3.00,1.00
2017.10.11 06:13:48.107,1.48285,1.48301,1.12,1.50
2017.10.11 06:13:48.262,1.48287,1.48301,1.00,1.25
2017.10.11 06:13:48.813,1.48286,1.48301,1.25,1.25
2017.10.11 06:13:49.413,1.48286,1.483,1.00,1.00
2017.10.11 06:13:50.091,1.48285,1.483,1.25,1.00
2017.10.11 06:13:50.632,1.48286,1.483,1.00,1.00
2017.10.11 06:13:51.330,1.48286,1.483,1.44,1.00
2017.10.11 06:13:51.382,1.48287,1.48302,2.25,1.00
2017.10.11 06:13:53.513,1.48287,1.48302,1.31,1.25
2017.10.11 06:13:58.654,1.48284,1.48297,2.62,1.00
2017.10.11 06:13:58.758,1.48283,1.48297,1.87,1.00
2017.10.11 06:13:59.288,1.48282,1.48298,1.50,2.62
2017.10.11 06:13:59.957,1.48282,1.48297,1.50,1.00
2017.10.11 06:14:00.265,1.48282,1.48297,1.00,2.63
2017.10.11 06:14:00.773,1.48282,1.48294,1.12,1.00
2017.10.11 06:14:01.086,1.48282,1.48296,1.87,2.25
2017.10.11 06:14:01.291,1.48285,1.48301,2.62,2.06
2017.10.11 06:14:01.808,1.48286,1.483,1.87,1.00
2017.10.11 06:14:01.860,1.48285,1.483,2.25,1.00
2017.10.11 06:14:02.168,1.48285,1.483,2.25,1.19
2017.10.11 06:14:02.219,1.48286,1.483,1.12,1.00
2017.10.11 06:14:02.325,1.48283,1.48295,2.25,1.00
2017.10.11 06:14:02.430,1.4828,1.48295,1.69,1.50
2017.10.11 06:14:02.601,1.4828,1.48295,1.69,1.00
2017.10.11 06:14:04.047,1.4828,1.48295,1.12,1.00
2017.10.11 06:14:04.558,1.4828,1.48294,1.00,1.00
2017.10.11 06:14:05.789,1.48281,1.48295,2.44,1.00
2017.10.11 06:14:06.328,1.48282,1.48295,1.00,1.00
2017.10.11 06:14:13.308,1.48282,1.48295,2.44,1.00
2017.10.11 06:14:13.858,1.48282,1.48295,1.00,1.00
2017.10.11 06:14:14.402,1.48282,1.48295,2.62,1.00
2017.10.11 06:14:15.063,1.48282,1.48295,2.44,1.00
2017.10.11 06:14:15.577,1.48282,1.48295,1.12,1.00
2017.10.11 06:14:15.966,1.4828,1.48294,2.06,1.25
2017.10.11 06:14:16.975,1.4828,1.48293,1.69,1.00
2017.10.11 06:14:17.887,1.4828,1.48294,1.00,1.25
2017.10.11 06:14:18.397,1.4828,1.48294,2.06,1.00
2017.10.11 06:14:18.924,1.48279,1.48293,2.81,1.50
2017.10.11 06:14:19.439,1.4828,1.48293,1.87,1.50
2017.10.11 06:14:19.973,1.4828,1.48293,1.00,1.50
2017.10.11 06:14:20.135,1.48281,1.48293,2.06,1.50
2017.10.11 06:14:25.732,1.48282,1.48293,2.25,1.00
2017.10.11 06:14:26.038,1.48282,1.48295,2.06,1.00
2017.10.11 06:14:26.978,1.48281,1.48295,2.06,1.00
2017.10.11 06:14:27.528,1.48282,1.48296,1.81,1.50
2017.10.11 06:14:29.114,1.48282,1.48293,1.69,1.00
2017.10.11 06:14:29.927,1.48281,1.48293,1.19,1.00
2017.10.11 06:14:32.702,1.48281,1.48294,1.44,1.00
2017.10.11 06:14:33.262,1.48282,1.48295,1.31,1.00
2017.10.11 06:14:33.814,1.4828,1.48294,2.06,1.00
2017.10.11 06:14:39.612,1.4828,1.48292,2.44,1.00
2017.10.11 06:14:39.816,1.48279,1.4829,1.12,1.00
2017.10.11 06:14:40.268,1.48277,1.48288,1.31,1.00
2017.10.11 06:14:40.422,1.48276,1.48286,1.50,1.00
2017.10.11 06:14:41.003,1.48275,1.48286,1.12,1.00
2017.10.11 06:14:41.854,1.48275,1.48286,2.06,1.00
2017.10.11 06:14:42.398,1.48275,1.48286,2.06,1.00
2017.10.11 06:14:44.395,1.48275,1.48286,2.06,1.00
2017.10.11 06:14:44.548,1.48276,1.48286,1.87,1.00
2017.10.11 06:14:44.650,1.48276,1.48288,1.69,1.00
2017.10.11 06:14:45.187,1.48276,1.48287,2.44,1.00
2017.10.11 06:14:45.340,1.48276,1.48287,1.50,1.00
2017.10.11 06:14:45.868,1.48276,1.48286,1.00,1.00
2017.10.11 06:14:47.441,1.48276,1.48287,2.06,1.00
2017.10.11 06:14:49.347,1.48276,1.48287,4.13,1.00
2017.10.11 06:14:49.922,1.48276,1.48287,3.19,1.00
2017.10.11 06:14:51.065,1.48276,1.48288,2.25,1.00
2017.10.11 06:14:51.606,1.48276,1.48286,3.94,1.00
2017.10.11 06:14:52.148,1.48276,1.48287,3.19,1.00
2017.10.11 06:14:52.404,1.48276,1.48289,3.19,1.00
2017.10.11 06:14:53.084,1.48276,1.48288,1.50,1.00
2017.10.11 06:14:53.188,1.48276,1.48288,2.62,1.00
2017.10.11 06:14:53.729,1.48276,1.48287,3.75,1.00
2017.10.11 06:14:54.246,1.48276,1.48288,3.75,1.00
2017.10.11 06:14:54.795,1.48276,1.48287,2.81,1.00
2017.10.11 06:14:55.068,1.48278,1.48289,1.12,1.00
2017.10.11 06:14:55.273,1.48275,1.48287,2.81,1.00
2017.10.11 06:14:55.427,1.48275,1.48287,2.06,1.00
2017.10.11 06:14:57.214,1.48273,1.48285,1.44,1.50
2017.10.11 06:14:57.726,1.48273,1.48285,1.19,1.00
2017.10.11 06:14:57.880,1.48272,1.48285,3.19,2.25
2017.10.11 06:14:58.299,1.48272,1.48285,2.44,1.00
2017.10.11 06:14:59.499,1.48273,1.48285,1.50,1.00
2017.10.11 06:15:00.011,1.48276,1.48285,1.00,1.00
2017.10.11 06:15:00.114,1.48274,1.48285,1.25,1.00
2017.10.11 06:15:00.258,1.48276,1.48285,1.00,1.00
2017.10.11 06:15:00.464,1.48278,1.48288,1.00,1.00
2017.10.11 06:15:00.669,1.48281,1.48288,1.00,1.00
2017.10.11 06:15:01.502,1.48279,1.48288,1.00,1.00
2017.10.11 06:15:03.145,1.48277,1.48288,1.00,1.00
2017.10.11 06:15:04.759,1.48276,1.48288,1.00,1.00
2017.10.11 06:15:06.166,1.48276,1.48285,1.00,1.00
2017.10.11 06:15:10.463,1.48277,1.48285,1.00,1.00
2017.10.11 06:15:12.245,1.48275,1.48288,1.00,1.00
2017.10.11 06:15:12.347,1.48276,1.4829,1.00,3.94
2017.10.11 06:15:12.399,1.48275,1.48287,1.12,1.50
2017.10.11 06:15:12.726,1.48277,1.48287,1.00,1.12
2017.10.11 06:15:13.943,1.48276,1.48287,1.25,1.12
2017.10.11 06:15:14.366,1.48278,1.48287,1.00,1.00
2017.10.11 06:15:14.825,1.48275,1.48286,1.00,1.00
2017.10.11 06:15:15.432,1.48274,1.48286,1.25,1.00
2017.10.11 06:15:17.729,1.48273,1.48285,1.19,1.00
2017.10.11 06:15:19.835,1.48272,1.48286,1.50,1.00
2017.10.11 06:15:20.354,1.48272,1.48285,1.50,1.00
2017.10.11 06:15:20.559,1.48275,1.48287,1.00,3.75
2017.10.11 06:15:21.586,1.48276,1.48287,1.00,1.12
2017.10.11 06:15:22.128,1.48277,1.48287,1.00,1.00
2017.10.11 06:15:22.651,1.48278,1.48287,1.00,1.00
2017.10.11 06:15:22.804,1.48276,1.48287,1.00,1.00
2017.10.11 06:15:24.030,1.48274,1.48287,1.19,1.00
2017.10.11 06:15:24.555,1.48274,1.48287,1.00,1.00
2017.10.11 06:15:25.278,1.48274,1.48284,1.00,1.00
2017.10.11 06:15:25.837,1.48273,1.48284,1.00,1.00
2017.10.11 06:15:26.348,1.48273,1.48285,1.00,1.00
2017.10.11 06:15:27.448,1.48272,1.48285,1.00,1.50
2017.10.11 06:15:28.854,1.48276,1.48285,1.00,1.00
2017.10.11 06:15:30.578,1.48275,1.48285,1.00,1.25
2017.10.11 06:15:31.095,1.48274,1.48285,1.00,1.00
2017.10.11 06:15:31.428,1.48271,1.48282,1.00,1.25
2017.10.11 06:15:31.748,1.48269,1.48282,1.25,1.12
2017.10.11 06:15:32.159,1.48272,1.48282,1.00,1.31
2017.10.11 06:15:33.516,1.48273,1.48282,1.00,1.00
2017.10.11 06:15:34.034,1.48274,1.48282,1.00,1.00
2017.10.11 06:15:37.643,1.48269,1.48282,1.00,1.00
2017.10.11 06:15:41.032,1.48269,1.48282,2.25,1.00
2017.10.11 06:15:41.579,1.48269,1.48282,1.69,1.00
2017.10.11 06:15:42.482,1.48272,1.48282,1.00,1.00
2017.10.11 06:15:43.030,1.48269,1.48282,1.87,1.00
2017.10.11 06:15:43.721,1.48269,1.48282,2.44,1.00
2017.10.11 06:15:46.200,1.48272,1.48282,1.00,1.00
2017.10.11 06:15:48.235,1.48272,1.48286,1.00,1.25
2017.10.11 06:15:49.716,1.48271,1.48286,1.12,1.00
2017.10.11 06:15:50.219,1.48271,1.48286,1.87,1.00
2017.10.11 06:15:50.474,1.48276,1.48286,1.00,1.00
2017.10.11 06:15:52.056,1.48277,1.48286,1.00,1.00
2017.10.11 06:15:52.518,1.48271,1.48285,1.87,1.44
2017.10.11 06:15:52.570,1.48275,1.48285,1.00,1.25
2017.10.11 06:15:53.093,1.48275,1.48284,1.00,1.00
2017.10.11 06:15:54.591,1.48275,1.48285,1.00,1.12
2017.10.11 06:15:55.165,1.48275,1.48284,1.00,1.00
2017.10.11 06:15:55.270,1.48276,1.48287,1.00,1.69
2017.10.11 06:15:55.373,1.48279,1.48288,1.00,1.00
2017.10.11 06:15:55.922,1.4828,1.48289,1.00,1.00
2017.10.11 06:15:56.952,1.48281,1.48289,1.00,1.00
2017.10.11 06:15:57.468,1.48282,1.48289,1.00,1.00
2017.10.11 06:16:00.446,1.4828,1.48289,1.00,1.00
2017.10.11 06:16:00.975,1.48279,1.48289,1.00,1.00
2017.10.11 06:16:01.510,1.4828,1.48289,1.00,1.00
2017.10.11 06:16:02.356,1.48281,1.48289,1.00,1.00
2017.10.11 06:16:02.867,1.4828,1.48289,1.00,1.00
2017.10.11 06:16:07.249,1.48282,1.48289,1.00,1.00
2017.10.11 06:16:10.975,1.48283,1.48293,1.00,1.25
2017.10.11 06:16:18.372,1.48282,1.48293,1.00,1.00
2017.10.11 06:16:18.912,1.48283,1.48293,1.12,1.00
2017.10.11 06:16:23.704,1.48284,1.48293,1.00,1.00
2017.10.11 06:16:24.237,1.48283,1.48293,1.37,1.00
2017.10.11 06:16:25.301,1.48288,1.48296,1.00,1.50
2017.10.11 06:16:25.353,1.48285,1.48297,1.12,1.75
2017.10.11 06:16:25.405,1.48285,1.48297,1.00,1.00
2017.10.11 06:16:25.801,1.48287,1.48297,1.00,1.00
2017.10.11 06:16:25.904,1.48288,1.483,1.00,1.37
2017.10.11 06:16:26.440,1.48287,1.48299,1.00,1.00
2017.10.11 06:16:26.926,1.48289,1.483,1.12,1.37
2017.10.11 06:16:27.439,1.48288,1.483,1.37,2.06
2017.10.11 06:16:28.437,1.48288,1.483,1.37,2.06
2017.10.11 06:16:28.927,1.48288,1.483,1.00,1.12
2017.10.11 06:16:29.506,1.48289,1.483,1.00,1.87
2017.10.11 06:16:30.342,1.48291,1.483,1.00,1.00
2017.10.11 06:16:31.873,1.48292,1.483,1.00,1.00
2017.10.11 06:16:34.288,1.48292,1.48302,1.00,1.00
2017.10.11 06:16:36.265,1.48291,1.48302,1.00,1.00
2017.10.11 06:16:36.468,1.48289,1.48302,1.25,1.00
2017.10.11 06:16:36.622,1.48289,1.483,1.00,1.25
2017.10.11 06:16:37.101,1.48286,1.483,1.00,1.50
2017.10.11 06:16:37.664,1.48287,1.483,1.00,1.31
2017.10.11 06:16:37.769,1.4829,1.48301,1.00,1.37
2017.10.11 06:16:37.872,1.48292,1.48303,1.00,1.12
2017.10.11 06:16:38.393,1.48293,1.48303,1.00,1.00
2017.10.11 06:16:40.016,1.48294,1.48303,1.00,1.00
2017.10.11 06:16:41.803,1.48294,1.48307,1.12,1.69
2017.10.11 06:16:41.906,1.48291,1.48305,1.31,1.88
2017.10.11 06:16:42.420,1.4829,1.48302,1.00,1.31
2017.10.11 06:16:43.206,1.4829,1.48302,1.00,1.31
2017.10.11 06:16:43.721,1.48288,1.48301,1.69,1.25
2017.10.11 06:16:44.525,1.48288,1.48302,1.69,1.87
2017.10.11 06:16:46.360,1.48289,1.48301,1.25,1.00
2017.10.11 06:16:46.676,1.48291,1.483,1.00,1.37
2017.10.11 06:16:46.830,1.48293,1.48303,1.00,1.00
2017.10.11 06:16:47.883,1.48293,1.48305,1.00,1.31
2017.10.11 06:16:49.192,1.4829,1.48305,1.37,1.37
2017.10.11 06:16:50.221,1.48291,1.48305,1.12,1.25
2017.10.11 06:16:50.274,1.48291,1.48305,1.00,2.44
2017.10.11 06:16:50.327,1.48287,1.48302,2.06,1.25
2017.10.11 06:16:50.379,1.48287,1.483,1.69,1.50
2017.10.11 06:16:50.457,1.48285,1.48299,1.56,1.25
2017.10.11 06:16:50.810,1.48285,1.48299,1.44,3.37
2017.10.11 06:16:51.612,1.48285,1.48299,1.87,1.00
2017.10.11 06:17:01.116,1.48287,1.48299,1.81,1.00
2017.10.11 06:17:01.271,1.48289,1.48302,1.19,2.44
2017.10.11 06:17:01.478,1.48292,1.48302,1.00,1.00
2017.10.11 06:17:04.122,1.48293,1.48302,1.00,1.00
2017.10.11 06:17:14.158,1.48289,1.48302,2.81,1.00
2017.10.11 06:17:15.315,1.48289,1.48302,1.56,1.00
2017.10.11 06:17:17.861,1.48289,1.48303,1.31,1.87
2017.10.11 06:17:19.689,1.48293,1.48303,1.00,1.87
2017.10.11 06:17:23.604,1.48292,1.48303,1.00,1.87
2017.10.11 06:17:29.337,1.48293,1.48303,1.00,1.00
2017.10.11 06:17:35.695,1.48287,1.483,1.37,2.44
2017.10.11 06:17:35.850,1.48285,1.48298,1.25,1.00
2017.10.11 06:17:36.713,1.48285,1.48297,1.25,1.00
2017.10.11 06:17:37.702,1.48284,1.48297,1.25,1.00
2017.10.11 06:17:38.529,1.48284,1.48298,1.25,1.12
2017.10.11 06:17:39.660,1.48285,1.48298,1.00,2.25
2017.10.11 06:17:40.173,1.48285,1.48298,1.19,1.00
2017.10.11 06:17:40.901,1.48285,1.48298,1.00,1.69
2017.10.11 06:17:40.952,1.48286,1.48294,1.00,1.00
2017.10.11 06:17:41.311,1.48285,1.48297,1.31,1.12
2017.10.11 06:17:41.861,1.48285,1.48296,1.00,1.00
2017.10.11 06:17:42.776,1.48283,1.48296,1.00,1.88
2017.10.11 06:17:42.828,1.48284,1.48296,1.00,1.13
2017.10.11 06:17:42.931,1.48284,1.48292,1.00,1.00
2017.10.11 06:17:43.553,1.48285,1.48292,1.00,1.00
2017.10.11 06:17:53.623,1.48288,1.48297,1.00,1.12
2017.10.11 06:17:53.777,1.4829,1.48297,1.00,1.00
2017.10.11 06:17:53.828,1.48288,1.48297,1.00,1.00
2017.10.11 06:17:54.268,1.48286,1.48297,1.25,1.00
2017.10.11 06:17:54.813,1.48286,1.48296,1.25,1.00
2017.10.11 06:17:54.956,1.48288,1.48297,1.00,1.00
2017.10.11 06:18:04.823,1.48287,1.48297,1.00,1.00
2017.10.11 06:18:08.828,1.48285,1.48295,1.00,1.00
2017.10.11 06:18:09.289,1.48282,1.48295,1.31,1.00
2017.10.11 06:18:09.442,1.48284,1.48295,1.00,1.00
2017.10.11 06:18:09.965,1.48285,1.48295,1.00,1.00
2017.10.11 06:18:11.577,1.48284,1.48295,1.00,1.00
2017.10.11 06:18:14.407,1.48283,1.48295,1.12,1.00
2017.10.11 06:18:15.372,1.48283,1.48295,1.37,1.00
2017.10.11 06:18:15.425,1.48284,1.48298,1.37,3.37
2017.10.11 06:18:16.079,1.48284,1.48298,1.37,1.00
2017.10.11 06:18:16.735,1.48286,1.48298,1.00,1.25
2017.10.11 06:18:16.786,1.48286,1.48296,1.00,1.00
2017.10.11 06:18:17.351,1.48285,1.48296,1.12,1.00
2017.10.11 06:18:19.263,1.48286,1.48296,1.00,1.00
2017.10.11 06:18:19.775,1.48286,1.48296,1.00,1.44
2017.10.11 06:18:20.384,1.48286,1.48296,1.00,1.38
2017.10.11 06:18:20.995,1.48286,1.48296,1.00,1.44
2017.10.11 06:18:22.350,1.48286,1.48296,1.00,1.25
2017.10.11 06:18:24.134,1.48286,1.48296,1.00,1.38
2017.10.11 06:18:24.754,1.48286,1.48296,1.00,1.25
2017.10.11 06:18:25.642,1.48286,1.48296,1.00,1.38
2017.10.11 06:18:26.532,1.48286,1.48296,1.00,1.13
2017.10.11 06:18:29.796,1.48286,1.48296,1.00,1.44
2017.10.11 06:18:30.721,1.48286,1.48296,1.00,1.13
2017.10.11 06:18:31.340,1.48286,1.48296,1.00,1.44
2017.10.11 06:18:31.857,1.48286,1.48296,1.00,1.44
2017.10.11 06:18:31.908,1.48286,1.48296,1.00,1.13
2017.10.11 06:18:32.410,1.48286,1.48296,1.00,1.38
2017.10.11 06:18:33.018,1.48285,1.48296,1.00,1.25
2017.10.11 06:18:33.678,1.48285,1.48296,1.00,1.44
2017.10.11 06:18:34.277,1.48285,1.48296,1.00,1.38
2017.10.11 06:18:34.328,1.48285,1.48296,1.00,1.13
2017.10.11 06:18:34.836,1.48285,1.48296,1.00,1.44
2017.10.11 06:18:35.411,1.48285,1.48296,1.00,1.25
2017.10.11 06:18:35.924,1.48284,1.48296,1.00,1.69
2017.10.11 06:18:36.650,1.48284,1.48296,1.00,1.50
2017.10.11 06:18:36.891,1.48284,1.48296,1.00,1.69
2017.10.11 06:18:37.425,1.48284,1.48296,1.00,1.69
2017.10.11 06:18:38.385,1.48284,1.48296,1.00,1.25
2017.10.11 06:18:38.904,1.48284,1.48296,1.00,1.44
2017.10.11 06:18:42.858,1.48285,1.48296,1.00,1.00
2017.10.11 06:18:43.274,1.48281,1.48296,1.37,1.25
2017.10.11 06:18:43.581,1.48284,1.48299,1.37,1.87
2017.10.11 06:18:44.094,1.48284,1.48299,1.37,1.38
2017.10.11 06:18:44.299,1.48284,1.48299,1.37,1.13
2017.10.11 06:18:44.855,1.48283,1.48299,4.50,1.19
2017.10.11 06:18:45.581,1.48283,1.48299,4.50,1.25
2017.10.11 06:18:47.547,1.48284,1.48299,1.75,1.44
2017.10.11 06:18:47.701,1.48283,1.48299,1.37,1.38
2017.10.11 06:18:47.752,1.48283,1.48299,1.37,1.44
2017.10.11 06:18:47.906,1.48285,1.48299,1.87,1.00
2017.10.11 06:18:47.958,1.48283,1.48298,1.31,1.25
2017.10.11 06:18:48.086,1.4828,1.48294,1.31,1.00
2017.10.11 06:18:48.742,1.4828,1.48295,1.37,3.19
2017.10.11 06:18:50.146,1.4828,1.48294,3.37,1.31
2017.10.11 06:18:51.840,1.4828,1.48294,1.37,1.50
2017.10.11 06:18:51.993,1.4828,1.48294,1.37,1.31
2017.10.11 06:18:52.197,1.4828,1.48294,1.12,2.25
2017.10.11 06:18:52.300,1.4828,1.48294,1.12,1.87
2017.10.11 06:18:52.889,1.4828,1.48293,1.00,1.00
2017.10.11 06:18:53.915,1.4828,1.48294,1.00,3.56
2017.10.11 06:18:54.548,1.4828,1.48293,1.00,1.00
2017.10.11 06:18:55.774,1.4828,1.48294,1.00,3.56
2017.10.11 06:18:56.452,1.4828,1.48293,1.00,1.00
2017.10.11 06:18:56.969,1.4828,1.48294,1.00,3.56
2017.10.11 06:18:57.578,1.4828,1.48293,1.00,1.25
2017.10.11 06:18:59.904,1.4828,1.48294,1.25,3.00
2017.10.11 06:19:00.551,1.4828,1.48293,1.25,1.50
2017.10.11 06:19:01.594,1.4828,1.48294,1.25,3.00
2017.10.11 06:19:03.211,1.4828,1.48294,1.44,1.88
2017.10.11 06:19:03.712,1.4828,1.48295,1.25,2.06
2017.10.11 06:19:04.777,1.4828,1.48294,1.25,1.25
2017.10.11 06:19:05.207,1.4828,1.48294,1.00,1.38
2017.10.11 06:19:05.262,1.4828,1.48295,1.00,2.44
2017.10.11 06:19:05.803,1.4828,1.48294,1.00,1.50
2017.10.11 06:19:06.304,1.48275,1.48291,3.00,1.88
2017.10.11 06:19:06.839,1.48276,1.48291,1.00,1.69
2017.10.11 06:19:08.039,1.48276,1.4829,1.00,1.31
2017.10.11 06:19:08.581,1.48276,1.4829,1.00,2.06
2017.10.11 06:19:09.763,1.48276,1.4829,1.00,1.87
2017.10.11 06:19:10.182,1.48276,1.4829,1.00,1.69
2017.10.11 06:19:10.693,1.48275,1.48286,1.00,1.00
2017.10.11 06:19:11.342,1.48273,1.48286,1.00,1.31
2017.10.11 06:19:12.084,1.48273,1.48285,1.00,1.00
2017.10.11 06:19:12.664,1.48273,1.48286,1.00,3.37
2017.10.11 06:19:13.166,1.48273,1.48285,1.00,1.00
2017.10.11 06:19:13.805,1.48273,1.48286,1.00,2.62
2017.10.11 06:19:14.344,1.48273,1.48285,1.00,1.00
2017.10.11 06:19:14.876,1.48273,1.48284,1.00,1.00
2017.10.11 06:19:18.756,1.48273,1.48286,1.00,2.62
2017.10.11 06:19:18.911,1.48273,1.48287,1.12,1.12
2017.10.11 06:19:19.649,1.48273,1.48288,1.12,1.00
2017.10.11 06:19:20.226,1.48274,1.48288,1.50,1.00
2017.10.11 06:19:23.352,1.48274,1.48286,1.50,1.00
2017.10.11 06:19:23.930,1.48274,1.48287,1.50,1.00
2017.10.11 06:19:24.543,1.48274,1.48286,1.50,1.00
2017.10.11 06:19:25.146,1.48274,1.48287,1.50,1.50
2017.10.11 06:19:25.656,1.48273,1.48287,1.00,1.00
2017.10.11 06:19:26.344,1.48273,1.48285,1.00,1.00
2017.10.11 06:19:26.902,1.48273,1.48284,1.00,1.00
2017.10.11 06:19:27.465,1.48273,1.48283,1.00,1.00
2017.10.11 06:19:28.016,1.48273,1.48284,1.00,1.00
2017.10.11 06:19:28.519,1.48273,1.48283,1.00,1.00
2017.10.11 06:19:37.123,1.48273,1.48284,1.00,1.00
2017.10.11 06:19:38.748,1.48273,1.48283,1.00,1.00
2017.10.11 06:19:41.065,1.48273,1.48285,1.00,1.00
2017.10.11 06:19:43.170,1.48273,1.48288,1.12,1.00
2017.10.11 06:19:43.272,1.48274,1.48288,1.62,1.00
2017.10.11 06:19:43.579,1.48275,1.48285,1.00,1.00
2017.10.11 06:19:44.088,1.48275,1.48288,1.00,1.00
2017.10.11 06:19:44.554,1.48275,1.48285,1.00,1.00
2017.10.11 06:19:44.997,1.48275,1.48287,1.00,1.00
2017.10.11 06:19:46.786,1.48275,1.48288,1.00,1.25
2017.10.11 06:19:48.180,1.48275,1.48288,1.00,1.19
2017.10.11 06:19:48.846,1.48275,1.48286,1.00,1.00
2017.10.11 06:19:49.102,1.48272,1.48286,1.25,1.00
2017.10.11 06:19:49.823,1.48272,1.48285,1.00,1.25
2017.10.11 06:19:50.351,1.4827,1.48284,1.50,1.25
2017.10.11 06:19:50.867,1.4827,1.48284,1.50,1.00
2017.10.11 06:19:51.505,1.4827,1.48284,1.12,1.38
2017.10.11 06:19:51.659,1.4827,1.48284,1.00,1.00
2017.10.11 06:19:51.812,1.4827,1.48284,1.00,1.19
2017.10.11 06:19:51.863,1.4827,1.48284,1.00,1.25
2017.10.11 06:19:52.982,1.48271,1.48284,1.50,1.00
2017.10.11 06:19:53.491,1.4827,1.48284,3.75,1.00
2017.10.11 06:19:54.183,1.4827,1.48284,2.25,1.88
2017.10.11 06:19:55.920,1.48269,1.48282,1.50,1.00
2017.10.11 06:19:56.463,1.4827,1.48282,1.00,1.00
2017.10.11 06:19:57.008,1.48269,1.48282,1.50,1.00
2017.10.11 06:19:57.752,1.4827,1.48282,1.00,1.00
2017.10.11 06:19:58.548,1.48269,1.48282,2.44,1.00
2017.10.11 06:19:58.933,1.48271,1.48284,1.31,1.50
2017.10.11 06:20:00.213,1.4827,1.48283,2.81,1.00
2017.10.11 06:20:00.553,1.48272,1.48285,1.87,1.00
2017.10.11 06:20:00.758,1.48272,1.48283,2.62,1.00
2017.10.11 06:20:00.912,1.48272,1.48287,4.12,1.00
2017.10.11 06:20:00.963,1.48272,1.48286,2.81,1.00
2017.10.11 06:20:01.015,1.48272,1.48284,1.31,1.00
2017.10.11 06:20:01.561,1.48272,1.48284,1.50,1.00
2017.10.11 06:20:02.527,1.48272,1.48284,2.25,1.00
2017.10.11 06:20:03.264,1.48274,1.48286,2.44,1.00
2017.10.11 06:20:03.769,1.48275,1.48285,1.00,1.00
2017.10.11 06:20:05.060,1.48274,1.48285,3.19,1.00
2017.10.11 06:20:05.214,1.48274,1.48287,3.19,1.00
2017.10.11 06:20:05.395,1.48275,1.48289,1.00,1.00
2017.10.11 06:20:05.955,1.48274,1.48289,1.69,1.00
2017.10.11 06:20:06.486,1.48275,1.48288,1.00,1.00
2017.10.11 06:20:06.589,1.48276,1.48288,1.69,1.00
2017.10.11 06:20:08.212,1.48276,1.48288,1.31,1.00
2017.10.11 06:20:09.058,1.48277,1.4829,1.25,1.00
2017.10.11 06:20:10.480,1.48275,1.4829,3.19,1.50
2017.10.11 06:20:10.532,1.48275,1.48288,3.19,1.00
2017.10.11 06:20:11.241,1.48275,1.48287,1.87,1.00
2017.10.11 06:20:13.929,1.48275,1.48287,1.69,1.00
2017.10.11 06:20:14.464,1.48275,1.48287,3.00,1.00
2017.10.11 06:20:15.356,1.48275,1.48288,3.19,1.00
2017.10.11 06:20:15.874,1.48275,1.48289,2.06,1.00
2017.10.11 06:20:16.405,1.48276,1.48289,1.87,1.00
2017.10.11 06:20:21.963,1.48278,1.4829,2.44,1.00
2017.10.11 06:20:26.387,1.48278,1.48291,1.25,1.00
2017.10.11 06:20:28.246,1.48277,1.48291,1.25,1.00
2017.10.11 06:20:29.013,1.48281,1.48292,1.00,1.00
2017.10.11 06:20:32.643,1.48282,1.48292,1.00,1.00
2017.10.11 06:20:32.953,1.48289,1.48302,2.25,1.37
2017.10.11 06:20:33.004,1.4829,1.48305,1.00,2.25
2017.10.11 06:20:33.566,1.48288,1.48305,1.00,3.38
2017.10.11 06:20:34.104,1.48287,1.48304,2.81,1.25
2017.10.11 06:20:34.889,1.48287,1.48304,2.81,1.69
2017.10.11 06:20:35.673,1.48288,1.48304,1.00,1.69
2017.10.11 06:20:36.046,1.48287,1.48301,1.00,1.56
2017.10.11 06:20:36.587,1.48286,1.48301,2.25,1.31
2017.10.11 06:20:36.976,1.48286,1.48302,2.81,1.19
2017.10.11 06:20:37.027,1.48287,1.48303,1.19,2.81
2017.10.11 06:20:37.130,1.48286,1.48302,1.00,1.63
2017.10.11 06:20:37.232,1.48285,1.48302,1.12,2.06
2017.10.11 06:20:37.437,1.48287,1.48302,1.00,2.81
2017.10.11 06:20:37.628,1.48287,1.48303,1.00,2.63
2017.10.11 06:20:38.159,1.48288,1.48303,1.00,2.63
2017.10.11 06:20:38.718,1.48287,1.48302,1.00,2.06
2017.10.11 06:20:39.288,1.48287,1.48302,1.00,2.81
2017.10.11 06:20:39.885,1.48287,1.48302,1.00,1.88
2017.10.11 06:20:40.256,1.48289,1.48303,1.00,2.44
2017.10.11 06:20:40.570,1.48291,1.48303,1.00,1.31
2017.10.11 06:20:40.673,1.48291,1.48304,1.00,1.31
2017.10.11 06:20:41.403,1.48291,1.48305,1.00,1.31
2017.10.11 06:20:41.557,1.48293,1.48305,1.00,1.25
2017.10.11 06:20:42.088,1.48292,1.48305,1.00,1.25
2017.10.11 06:20:42.332,1.4829,1.48305,1.31,1.25
2017.10.11 06:20:43.267,1.4829,1.48305,1.00,1.44
2017.10.11 06:20:43.783,1.48291,1.48305,1.00,1.19
2017.10.11 06:20:44.316,1.4829,1.48305,1.25,1.19
2017.10.11 06:20:44.930,1.48291,1.48305,1.00,1.19
2017.10.11 06:20:46.450,1.48291,1.48305,1.00,1.25
2017.10.11 06:20:47.693,1.48291,1.48305,1.87,1.00
2017.10.11 06:20:47.797,1.48295,1.48309,1.50,1.56
2017.10.11 06:20:47.849,1.48298,1.48309,1.00,1.19
2017.10.11 06:20:48.036,1.48299,1.48313,1.00,1.19
2017.10.11 06:20:48.242,1.48294,1.48309,2.44,1.12
2017.10.11 06:20:48.448,1.48292,1.48307,1.00,2.25
2017.10.11 06:20:49.230,1.48292,1.48305,1.00,1.00
2017.10.11 06:20:49.743,1.48293,1.48306,1.00,1.31
2017.10.11 06:20:50.327,1.48293,1.48306,1.00,1.50
2017.10.11 06:20:50.847,1.48293,1.48306,1.00,1.31
2017.10.11 06:20:53.219,1.48295,1.48306,1.00,1.31
2017.10.11 06:20:58.389,1.48293,1.48306,1.00,1.25
2017.10.11 06:20:58.909,1.48293,1.48307,1.00,2.81
2017.10.11 06:21:01.010,1.48295,1.48309,1.00,1.87
2017.10.11 06:21:01.574,1.48295,1.48309,1.00,1.69
2017.10.11 06:21:02.085,1.48295,1.48309,1.00,2.62
2017.10.11 06:21:05.173,1.48295,1.48309,1.00,3.00
2017.10.11 06:21:08.615,1.48294,1.48309,1.00,2.06
2017.10.11 06:21:09.128,1.48293,1.48307,1.00,1.44
2017.10.11 06:21:16.603,1.48293,1.48307,1.00,2.06
2017.10.11 06:21:17.116,1.48293,1.48307,1.00,1.69
2017.10.11 06:21:17.895,1.48293,1.48307,1.00,2.44
2017.10.11 06:21:18.679,1.48293,1.48307,1.00,1.69
2017.10.11 06:21:19.180,1.48293,1.48307,1.00,1.69
2017.10.11 06:21:19.490,1.48289,1.48301,1.50,1.38
2017.10.11 06:21:19.542,1.48289,1.48302,1.50,1.69
2017.10.11 06:21:20.054,1.48288,1.48302,1.00,1.88
2017.10.11 06:21:20.555,1.48287,1.48301,1.00,1.44
2017.10.11 06:21:21.208,1.48287,1.48301,1.00,1.63
2017.10.11 06:21:21.312,1.48287,1.48302,1.00,3.94
2017.10.11 06:21:21.364,1.48287,1.48299,1.00,1.00
2017.10.11 06:21:21.736,1.48285,1.48299,1.00,1.38
2017.10.11 06:21:21.839,1.48285,1.48299,1.00,1.25
2017.10.11 06:21:22.703,1.48284,1.48299,3.19,1.00
2017.10.11 06:21:23.947,1.48284,1.48299,1.50,1.31
2017.10.11 06:21:24.546,1.48284,1.48299,1.50,1.12
2017.10.11 06:21:25.342,1.48284,1.48299,1.50,1.31
2017.10.11 06:21:25.957,1.48284,1.48299,1.50,1.12
2017.10.11 06:21:26.547,1.48285,1.48299,1.00,1.12
2017.10.11 06:21:26.650,1.48284,1.48299,1.50,2.44
2017.10.11 06:21:27.161,1.48282,1.48298,1.00,1.63
2017.10.11 06:21:27.589,1.48282,1.48295,1.00,1.19
2017.10.11 06:21:27.847,1.48286,1.48299,1.00,1.00
2017.10.11 06:21:28.603,1.48285,1.48299,2.25,1.00
2017.10.11 06:21:29.389,1.48286,1.48299,1.25,1.00
2017.10.11 06:21:30.317,1.48291,1.48303,1.00,1.00
2017.10.11 06:21:30.675,1.48292,1.48305,1.00,1.00
2017.10.11 06:21:31.195,1.48291,1.48307,1.00,1.50
2017.10.11 06:21:31.707,1.4829,1.48307,1.87,3.00
2017.10.11 06:21:31.809,1.4829,1.48307,1.69,2.25
2017.10.11 06:21:31.912,1.48292,1.48307,1.00,3.00
2017.10.11 06:21:32.461,1.48291,1.48307,1.44,3.00
2017.10.11 06:21:33.016,1.48291,1.48307,1.19,1.31
2017.10.11 06:21:33.776,1.48293,1.48308,1.00,2.63
2017.10.11 06:21:34.692,1.48293,1.48308,1.00,3.75
2017.10.11 06:21:35.254,1.48293,1.48308,1.00,3.00
2017.10.11 06:21:35.776,1.48293,1.48308,1.00,4.13
2017.10.11 06:21:36.025,1.48293,1.48308,1.00,3.94
2017.10.11 06:21:37.490,1.48293,1.48308,1.00,1.31
2017.10.11 06:21:38.851,1.48292,1.48307,1.00,1.87
2017.10.11 06:21:38.961,1.48292,1.48307,1.00,1.50
2017.10.11 06:21:39.231,1.4829,1.48304,1.87,1.00
2017.10.11 06:21:39.812,1.48291,1.48304,1.00,1.25
2017.10.11 06:21:40.565,1.48289,1.48304,1.37,2.44
2017.10.11 06:21:40.667,1.48289,1.48302,1.00,1.69
2017.10.11 06:21:41.182,1.48289,1.48302,1.00,2.44
2017.10.11 06:21:41.722,1.48289,1.48302,1.00,2.25
2017.10.11 06:21:42.268,1.48289,1.48302,1.00,1.25
2017.10.11 06:21:43.759,1.48289,1.48302,1.50,1.69
2017.10.11 06:21:44.274,1.48289,1.48302,1.50,1.00
2017.10.11 06:21:44.797,1.48289,1.48302,1.50,1.69
2017.10.11 06:21:45.347,1.48289,1.48302,1.50,1.25
2017.10.11 06:21:46.261,1.48289,1.48303,1.50,2.25
2017.10.11 06:21:47.044,1.48289,1.48303,1.50,2.06
2017.10.11 06:21:47.548,1.48289,1.48303,1.50,1.31
2017.10.11 06:21:48.408,1.48289,1.48303,1.50,2.06
2017.10.11 06:21:50.841,1.48289,1.48301,1.00,1.31
2017.10.11 06:21:51.392,1.48289,1.48301,1.00,1.31
2017.10.11 06:21:52.046,1.48289,1.48301,1.00,1.50
2017.10.11 06:21:52.558,1.48289,1.48301,1.00,1.12
2017.10.11 06:21:55.654,1.48288,1.48301,1.25,1.12
2017.10.11 06:21:57.404,1.48288,1.48301,1.25,1.50
2017.10.11 06:21:58.190,1.48288,1.48301,1.25,1.31
2017.10.11 06:21:58.930,1.48288,1.48301,1.25,1.50
2017.10.11 06:21:59.512,1.48288,1.48301,1.25,1.31
2017.10.11 06:22:00.050,1.48288,1.48301,1.25,1.50
2017.10.11 06:22:00.562,1.48288,1.48301,1.25,1.12
2017.10.11 06:22:00.883,1.48288,1.48301,1.25,1.50
2017.10.11 06:22:01.406,1.48288,1.48301,1.25,1.50
2017.10.11 06:22:02.292,1.48288,1.48301,1.25,1.50
2017.10.11 06:22:02.458,1.48288,1.48301,1.25,1.31
2017.10.11 06:22:03.221,1.48288,1.48301,1.25,1.50
2017.10.11 06:22:03.745,1.48288,1.48301,1.25,1.31
2017.10.11 06:22:04.570,1.48288,1.48301,1.25,1.50
2017.10.11 06:22:05.161,1.48288,1.48301,1.25,1.50
2017.10.11 06:22:05.745,1.48288,1.48301,1.25,1.50
2017.10.11 06:22:06.443,1.48288,1.48301,1.25,1.31
2017.10.11 06:22:06.545,1.48288,1.48301,1.25,1.50
2017.10.11 06:22:06.759,1.48288,1.48301,1.25,1.31
2017.10.11 06:22:07.017,1.48288,1.48301,1.25,1.50
2017.10.11 06:22:07.246,1.48288,1.48301,1.25,1.31
2017.10.11 06:22:07.527,1.48288,1.48301,1.25,1.50
2017.10.11 06:22:07.780,1.48288,1.48301,1.25,1.31
2017.10.11 06:22:08.286,1.48288,1.48301,1.25,1.50
2017.10.11 06:22:09.561,1.48288,1.48301,1.25,1.31
2017.10.11 06:22:10.142,1.48289,1.48301,1.00,1.31
2017.10.11 06:22:10.679,1.48289,1.48301,1.00,1.50
2017.10.11 06:22:11.755,1.48288,1.48301,1.25,1.50
2017.10.11 06:22:12.300,1.48288,1.48301,1.00,1.31
2017.10.11 06:22:13.166,1.48288,1.48301,1.00,1.50
2017.10.11 06:22:13.695,1.48288,1.48301,1.00,1.50
2017.10.11 06:22:14.345,1.48288,1.48301,1.00,1.31
2017.10.11 06:22:15.041,1.48288,1.48301,1.00,2.06
2017.10.11 06:22:15.297,1.48288,1.48301,1.00,1.69
2017.10.11 06:22:15.348,1.48288,1.48301,1.00,1.88
2017.10.11 06:22:15.799,1.48286,1.48301,1.69,1.88
2017.10.11 06:22:16.440,1.48286,1.48301,1.69,1.88
2017.10.11 06:22:16.956,1.48286,1.48301,1.69,1.69
2017.10.11 06:22:18.699,1.48286,1.48301,1.25,1.87
2017.10.11 06:22:22.726,1.48286,1.48299,1.25,1.38
2017.10.11 06:22:22.829,1.48281,1.48296,1.12,1.88
2017.10.11 06:22:22.880,1.4828,1.48295,1.31,2.25
2017.10.11 06:22:22.932,1.4828,1.48293,1.00,2.00
2017.10.11 06:22:23.035,1.48276,1.48293,6.19,2.81
2017.10.11 06:22:23.087,1.48277,1.48293,1.87,2.44
2017.10.11 06:22:23.632,1.48276,1.48292,2.44,1.00
2017.10.11 06:22:24.608,1.48276,1.48293,2.81,2.06
2017.10.11 06:22:25.166,1.48276,1.48293,3.19,2.25
2017.10.11 06:22:26.448,1.48276,1.48293,2.81,2.06
2017.10.11 06:22:27.110,1.48276,1.48293,3.94,2.25
2017.10.11 06:22:27.265,1.48277,1.48293,3.94,1.69
2017.10.11 06:22:27.576,1.48288,1.48301,1.19,2.62
2017.10.11 06:22:27.680,1.48284,1.48299,1.56,1.69
2017.10.11 06:22:27.888,1.48284,1.48298,1.56,1.00
2017.10.11 06:22:28.391,1.48284,1.48299,1.56,2.25
2017.10.11 06:22:29.227,1.48284,1.48299,1.56,1.87
2017.10.11 06:22:29.753,1.48284,1.48298,1.56,1.00
2017.10.11 06:22:29.914,1.48284,1.48298,1.19,1.12
2017.10.11 06:22:30.082,1.48284,1.48298,1.56,1.12
2017.10.11 06:22:31.006,1.48284,1.48299,1.56,1.87
2017.10.11 06:22:31.463,1.48284,1.48298,1.81,1.00
2017.10.11 06:22:32.044,1.48284,1.48299,1.81,1.87
2017.10.11 06:22:32.762,1.48284,1.48298,2.25,1.25
2017.10.11 06:22:33.372,1.48284,1.48299,2.81,1.88
2017.10.11 06:22:33.928,1.4829,1.48297,1.12,1.00
2017.10.11 06:22:33.982,1.4829,1.48299,1.12,1.25
2017.10.11 06:22:34.037,1.48289,1.48303,3.00,1.87
2017.10.11 06:22:34.089,1.48289,1.48302,1.56,1.00
2017.10.11 06:22:34.319,1.48288,1.48302,1.75,1.00
2017.10.11 06:22:34.372,1.4829,1.48304,1.75,1.50
2017.10.11 06:22:34.885,1.4829,1.48305,1.87,1.50
2017.10.11 06:22:35.661,1.48291,1.48302,1.31,1.00
2017.10.11 06:22:35.764,1.48291,1.48304,1.50,1.12
2017.10.11 06:22:35.816,1.48291,1.48305,1.81,2.44
2017.10.11 06:22:36.123,1.4829,1.48305,1.87,1.50
2017.10.11 06:22:36.583,1.48291,1.48304,1.56,1.00
2017.10.11 06:22:36.785,1.48292,1.48306,1.31,1.12
2017.10.11 06:22:38.561,1.48293,1.48307,2.25,1.12
2017.10.11 06:22:38.717,1.48293,1.48305,2.25,1.00
2017.10.11 06:22:38.871,1.48293,1.48305,2.25,1.00
2017.10.11 06:22:39.179,1.48293,1.48306,2.25,1.12
2017.10.11 06:22:39.515,1.48294,1.48306,1.31,1.12
2017.10.11 06:22:40.411,1.48293,1.48308,2.81,4.12
2017.10.11 06:22:41.578,1.48293,1.48308,2.25,3.75
2017.10.11 06:22:42.160,1.48293,1.48304,1.25,1.87
2017.10.11 06:22:42.466,1.48293,1.48306,1.56,2.25
2017.10.11 06:22:43.360,1.48293,1.48308,1.56,3.00
2017.10.11 06:22:46.816,1.48292,1.48308,2.06,3.19
2017.10.11 06:22:46.986,1.48302,1.48309,1.12,1.00
2017.10.11 06:22:47.038,1.48298,1.4831,1.12,1.50
2017.10.11 06:22:47.141,1.48298,1.48312,1.31,1.31
2017.10.11 06:22:47.244,1.48298,1.48307,1.31,1.00
2017.10.11 06:22:47.786,1.48298,1.48308,1.31,1.00
2017.10.11 06:22:48.195,1.48295,1.48306,2.00,2.25
2017.10.11 06:22:48.247,1.48295,1.48302,1.87,1.00
2017.10.11 06:22:48.298,1.48295,1.48304,1.75,1.00
2017.10.11 06:22:48.554,1.48294,1.48307,2.06,1.00
2017.10.11 06:22:49.134,1.48294,1.48308,2.06,1.00
2017.10.11 06:22:49.644,1.48294,1.48309,2.06,1.50
2017.10.11 06:22:49.849,1.48293,1.48308,1.31,2.06
2017.10.11 06:22:49.901,1.48292,1.48308,1.56,2.19
2017.10.11 06:22:50.394,1.48291,1.48306,1.56,2.44
2017.10.11 06:22:50.918,1.48291,1.48305,1.56,1.00
2017.10.11 06:22:51.423,1.48291,1.48307,2.06,4.13
2017.10.11 06:22:51.889,1.48292,1.48307,1.56,3.94
2017.10.11 06:22:51.994,1.48292,1.48306,1.56,1.37
2017.10.11 06:22:52.539,1.48291,1.48306,1.81,1.50
2017.10.11 06:22:53.198,1.48291,1.48306,1.81,1.50
2017.10.11 06:22:53.700,1.4829,1.48302,1.75,1.00
2017.10.11 06:22:54.010,1.48289,1.483,1.75,1.00
2017.10.11 06:22:54.371,1.48287,1.48299,1.75,1.50
2017.10.11 06:22:54.423,1.48286,1.48297,1.12,1.50
2017.10.11 06:22:54.629,1.48288,1.48301,2.81,1.00
2017.10.11 06:22:54.937,1.48291,1.48304,1.56,1.00
2017.10.11 06:22:54.989,1.48291,1.48302,1.56,1.00
2017.10.11 06:22:55.320,1.4829,1.48299,1.56,1.00
2017.10.11 06:22:55.831,1.48291,1.483,1.05,1.00
2017.10.11 06:22:55.883,1.48291,1.48304,1.05,1.50
2017.10.11 06:22:56.088,1.48289,1.48304,1.24,1.50
2017.10.11 06:22:57.136,1.48289,1.48304,1.24,1.69
2017.10.11 06:22:57.472,1.48291,1.48301,1.49,1.00
2017.10.11 06:22:58.309,1.48291,1.48305,1.05,1.19
2017.10.11 06:23:00.378,1.4829,1.48304,1.12,1.12
2017.10.11 06:23:00.993,1.4829,1.48305,1.12,1.69
2017.10.11 06:23:01.354,1.4829,1.48302,1.12,1.12
2017.10.11 06:23:01.980,1.4829,1.48304,1.12,1.69
2017.10.11 06:23:02.519,1.4829,1.48304,1.12,1.50
2017.10.11 06:23:03.004,1.4829,1.48304,1.12,2.25
2017.10.11 06:23:03.633,1.48293,1.48304,1.12,1.12
2017.10.11 06:23:04.148,1.48293,1.48304,1.12,1.00
2017.10.11 06:23:04.752,1.48295,1.48306,1.12,1.37
2017.10.11 06:23:05.212,1.48295,1.48309,1.12,1.50
2017.10.11 06:23:06.460,1.48294,1.48309,1.56,2.25
2017.10.11 06:23:09.082,1.48293,1.48307,1.12,1.00
2017.10.11 06:23:10.962,1.48291,1.48307,1.87,2.25
2017.10.11 06:23:11.481,1.48291,1.48305,1.12,1.31
2017.10.11 06:23:11.987,1.48289,1.48305,1.56,1.31
2017.10.11 06:23:12.650,1.4829,1.48305,1.12,1.69
2017.10.11 06:23:12.908,1.4829,1.48305,1.12,1.69
2017.10.11 06:23:13.796,1.48288,1.48305,2.62,1.50
2017.10.11 06:23:15.238,1.48289,1.48305,1.56,1.69
2017.10.11 06:23:15.340,1.48291,1.48305,1.12,1.31
2017.10.11 06:23:15.443,1.48291,1.48305,1.56,1.69
2017.10.11 06:23:15.554,1.4829,1.48305,1.69,1.31
2017.10.11 06:23:15.608,1.48298,1.48311,1.00,1.12
2017.10.11 06:23:15.966,1.48298,1.48313,1.87,3.19
2017.10.11 06:23:17.130,1.48298,1.48313,1.87,1.50
2017.10.11 06:23:17.658,1.48299,1.48313,1.00,1.69
2017.10.11 06:23:18.789,1.48299,1.48313,1.00,2.00
2017.10.11 06:23:19.465,1.48299,1.48313,1.00,1.69
2017.10.11 06:23:19.823,1.48301,1.48315,1.12,1.00
2017.10.11 06:23:19.875,1.48304,1.48316,1.00,1.00
2017.10.11 06:23:20.564,1.48303,1.48317,1.87,1.31
2017.10.11 06:23:21.059,1.48305,1.48317,1.00,1.00
2017.10.11 06:23:21.366,1.48302,1.48317,2.44,1.00
2017.10.11 06:23:21.945,1.48303,1.48317,1.00,1.25
2017.10.11 06:23:22.560,1.48302,1.48317,3.19,1.00
2017.10.11 06:23:23.100,1.48303,1.48317,1.00,1.25
2017.10.11 06:23:23.619,1.48302,1.48317,2.44,1.00
2017.10.11 06:23:24.395,1.48303,1.48317,1.00,1.00
2017.10.11 06:23:25.043,1.48302,1.48317,3.94,1.00
2017.10.11 06:23:25.507,1.48309,1.48322,3.00,1.12
2017.10.11 06:23:25.610,1.48313,1.48325,1.25,1.00
2017.10.11 06:23:25.662,1.48313,1.4833,1.25,2.06
2017.10.11 06:23:25.713,1.48314,1.48331,1.31,2.06
2017.10.11 06:23:25.868,1.48319,1.4833,1.00,1.00
2017.10.11 06:23:26.772,1.48319,1.48332,1.00,4.31
2017.10.11 06:23:27.314,1.48319,1.48332,1.00,3.56
2017.10.11 06:23:28.296,1.48319,1.48332,1.00,2.25
2017.10.11 06:23:28.829,1.4832,1.48332,1.00,1.87
2017.10.11 06:23:29.340,1.48321,1.48333,1.00,1.81
2017.10.11 06:23:29.910,1.48321,1.48332,1.00,1.50
2017.10.11 06:23:29.962,1.48321,1.48332,1.00,1.00
2017.10.11 06:23:30.167,1.48319,1.48333,1.00,3.19
2017.10.11 06:23:30.688,1.48319,1.48332,1.00,2.25
2017.10.11 06:23:33.238,1.48319,1.48331,1.00,3.00
2017.10.11 06:23:33.392,1.48319,1.48333,1.00,4.31
2017.10.11 06:23:33.926,1.4832,1.48332,1.00,1.81
2017.10.11 06:23:37.033,1.48318,1.48333,1.00,3.75
2017.10.11 06:23:43.072,1.48322,1.48333,1.00,1.00
2017.10.11 06:23:43.418,1.48321,1.48333,1.25,2.44
2017.10.11 06:23:43.911,1.48319,1.48335,3.37,2.63
2017.10.11 06:23:44.732,1.48319,1.48335,2.62,2.25
2017.10.11 06:23:45.248,1.48319,1.48335,2.25,2.06
2017.10.11 06:23:45.811,1.48319,1.48334,2.25,1.25
2017.10.11 06:23:46.321,1.48319,1.48334,2.25,1.44
2017.10.11 06:23:46.843,1.48319,1.48334,2.25,1.25
2017.10.11 06:23:47.458,1.48319,1.48335,2.25,2.06
2017.10.11 06:23:48.071,1.48319,1.48334,2.25,1.25
2017.10.11 06:23:48.613,1.48321,1.48334,1.25,1.88
2017.10.11 06:23:48.665,1.48324,1.48334,1.00,1.69
2017.10.11 06:23:48.716,1.48319,1.48335,1.19,2.06
2017.10.11 06:23:49.262,1.4832,1.48332,1.25,1.56
2017.10.11 06:23:49.786,1.48318,1.48333,1.19,4.69
2017.10.11 06:23:50.303,1.48316,1.48332,1.87,3.38
2017.10.11 06:23:50.851,1.48316,1.48329,1.19,1.13
2017.10.11 06:23:50.903,1.48315,1.48329,1.19,1.50
2017.10.11 06:23:50.955,1.48322,1.48331,2.25,1.37
2017.10.11 06:23:51.057,1.48323,1.48338,2.25,2.81
2017.10.11 06:23:51.109,1.48324,1.48338,1.69,1.37
2017.10.11 06:23:51.160,1.48324,1.48338,2.44,1.13
2017.10.11 06:23:51.955,1.48324,1.48339,1.12,1.50
2017.10.11 06:23:52.059,1.48323,1.48337,1.12,1.00
2017.10.11 06:23:52.366,1.48323,1.48339,4.12,1.50
2017.10.11 06:23:52.879,1.48326,1.48339,1.00,1.50
2017.10.11 06:23:53.406,1.48329,1.48342,1.50,1.69
2017.10.11 06:23:53.460,1.48331,1.48342,1.87,1.50
2017.10.11 06:23:53.563,1.48335,1.48347,1.19,1.00
2017.10.11 06:23:54.021,1.48335,1.48345,1.19,1.50
2017.10.11 06:23:54.127,1.48338,1.48351,2.44,1.37
2017.10.11 06:23:54.181,1.48342,1.48351,1.19,1.50
2017.10.11 06:23:54.252,1.48338,1.48351,2.06,1.00
2017.10.11 06:23:54.431,1.48342,1.48352,1.19,3.00
2017.10.11 06:23:54.800,1.48342,1.48355,1.00,2.62
2017.10.11 06:23:54.911,1.48339,1.48352,2.25,1.00
2017.10.11 06:23:55.037,1.48338,1.48353,1.23,1.12
2017.10.11 06:23:55.188,1.48341,1.48352,1.19,1.00
2017.10.11 06:23:56.107,1.48338,1.48354,1.19,1.75
2017.10.11 06:23:56.161,1.48338,1.48349,1.19,1.00
2017.10.11 06:23:56.232,1.48333,1.48347,1.00,1.12
2017.10.11 06:23:56.592,1.48333,1.48349,1.25,1.12
2017.10.11 06:23:56.645,1.48334,1.4835,1.19,1.50
2017.10.11 06:23:56.798,1.48335,1.48353,1.31,1.75
2017.10.11 06:23:56.851,1.48333,1.4835,1.19,1.12
2017.10.11 06:23:57.367,1.48333,1.48348,1.19,1.62
2017.10.11 06:23:57.696,1.48336,1.48348,1.00,1.37
2017.10.11 06:23:58.095,1.48336,1.4835,1.00,1.25
2017.10.11 06:23:59.145,1.48331,1.48348,1.61,1.00
2017.10.11 06:23:59.557,1.48331,1.48344,1.87,1.00
2017.10.11 06:23:59.610,1.48331,1.48344,1.87,1.00
2017.10.11 06:23:59.663,1.48332,1.48345,1.75,2.25
2017.10.11 06:23:59.820,1.48335,1.48348,2.06,1.00
2017.10.11 06:23:59.974,1.48335,1.48349,2.00,1.12
2017.10.11 06:24:00.077,1.48338,1.48351,1.19,1.50
2017.10.11 06:24:00.129,1.48335,1.48349,2.25,1.00
2017.10.11 06:24:00.232,1.48332,1.48347,4.50,1.00
2017.10.11 06:24:00.284,1.48332,1.48346,1.50,1.00
2017.10.11 06:24:00.693,1.48334,1.48346,1.50,1.00
2017.10.11 06:24:00.746,1.48334,1.48348,1.50,1.69
2017.10.11 06:24:01.398,1.48336,1.4835,1.87,1.00
2017.10.11 06:24:01.452,1.48335,1.4835,1.69,1.24
2017.10.11 06:24:01.559,1.48333,1.48347,1.75,1.12
2017.10.11 06:24:01.867,1.48331,1.48346,1.75,1.50
2017.10.11 06:24:02.248,1.48329,1.48344,2.06,1.00
2017.10.11 06:24:02.355,1.48329,1.48344,2.06,1.00
2017.10.11 06:24:03.613,1.48329,1.48343,3.00,1.00
2017.10.11 06:24:04.137,1.48329,1.48344,2.25,1.00
2017.10.11 06:24:04.652,1.48329,1.48344,2.25,1.37
2017.10.11 06:24:05.170,1.48329,1.48344,2.25,1.00
2017.10.11 06:24:05.735,1.48329,1.48344,2.81,1.00
2017.10.11 06:24:05.917,1.48329,1.48344,2.25,1.00
2017.10.11 06:24:06.199,1.48329,1.4834,1.87,1.00
2017.10.11 06:24:07.112,1.48329,1.4834,1.37,1.00
2017.10.11 06:24:07.422,1.48329,1.48338,1.37,1.00
2017.10.11 06:24:07.963,1.48329,1.48338,1.87,1.00
2017.10.11 06:24:08.015,1.48329,1.48344,1.87,1.00
2017.10.11 06:24:08.613,1.4833,1.48344,1.50,1.25
2017.10.11 06:24:08.798,1.48332,1.48345,1.44,1.00
2017.10.11 06:24:09.101,1.48335,1.48348,1.19,1.69
2017.10.11 06:24:09.204,1.48335,1.48349,1.37,2.06
2017.10.11 06:24:09.361,1.48335,1.4835,1.19,1.69
2017.10.11 06:24:09.413,1.48334,1.4835,1.25,1.50
2017.10.11 06:24:09.464,1.48332,1.4835,1.69,1.44
2017.10.11 06:24:09.517,1.48332,1.48348,3.75,1.00
2017.10.11 06:24:09.841,1.48332,1.48346,2.62,1.00
2017.10.11 06:24:10.155,1.48332,1.48341,2.62,1.00
2017.10.11 06:24:10.656,1.48332,1.48342,1.19,1.00
2017.10.11 06:24:10.708,1.48331,1.48342,1.69,1.00
2017.10.11 06:24:11.407,1.4833,1.48342,2.44,1.00
2017.10.11 06:24:11.728,1.4833,1.4834,1.19,1.00
2017.10.11 06:24:14.974,1.48326,1.48339,4.50,1.00
2017.10.11 06:24:15.229,1.48327,1.48339,1.50,1.00
2017.10.11 06:24:16.091,1.48326,1.48339,3.94,1.00
2017.10.11 06:24:16.389,1.48331,1.48342,1.69,1.00
2017.10.11 06:24:16.443,1.48331,1.48342,1.69,1.00
2017.10.11 06:24:16.495,1.48331,1.48344,2.25,1.00
2017.10.11 06:24:16.547,1.48333,1.48346,1.31,1.00
2017.10.11 06:24:16.854,1.48333,1.48341,1.00,1.00
2017.10.11 06:24:17.037,1.48329,1.48341,2.44,1.00
2017.10.11 06:24:17.348,1.48331,1.48342,1.69,1.00
2017.10.11 06:24:17.846,1.48335,1.48341,1.50,1.00
2017.10.11 06:24:17.898,1.48334,1.48349,3.94,1.12
2017.10.11 06:24:18.207,1.48335,1.48351,1.69,1.00
2017.10.11 06:24:18.515,1.48338,1.48353,1.37,1.31
2017.10.11 06:24:19.066,1.48339,1.48354,1.87,1.00
2017.10.11 06:24:19.650,1.4834,1.48354,1.00,1.00
2017.10.11 06:24:19.957,1.48339,1.4835,1.50,1.00
2017.10.11 06:24:20.267,1.48341,1.48351,1.69,1.00
2017.10.11 06:24:20.319,1.48341,1.48357,1.50,2.25
2017.10.11 06:24:20.371,1.48339,1.48355,2.06,1.00
2017.10.11 06:24:20.823,1.48342,1.48356,1.94,1.00
2017.10.11 06:24:21.134,1.48352,1.48365,2.25,3.15
2017.10.11 06:24:21.186,1.48354,1.48363,1.31,1.00
2017.10.11 06:24:21.583,1.48355,1.48369,1.31,1.00
2017.10.11 06:24:22.095,1.48356,1.48371,1.75,1.12
2017.10.11 06:24:22.147,1.48357,1.48368,1.12,1.00
2017.10.11 06:24:22.446,1.4835,1.48361,1.44,1.00
2017.10.11 06:24:22.498,1.4835,1.48358,1.19,1.00
2017.10.11 06:24:22.806,1.48357,1.48365,2.62,1.87
2017.10.11 06:24:23.073,1.48357,1.48366,1.69,1.00
2017.10.11 06:24:23.593,1.48354,1.48367,2.44,1.00
2017.10.11 06:24:23.928,1.48355,1.4837,1.19,1.12
2017.10.11 06:24:24.441,1.48354,1.48369,1.87,1.00
2017.10.11 06:24:24.545,1.48353,1.48369,3.19,1.00
2017.10.11 06:24:24.802,1.48353,1.48367,3.19,1.00
2017.10.11 06:24:25.934,1.48351,1.48365,2.06,1.00
2017.10.11 06:24:26.142,1.48348,1.4836,1.12,1.00
2017.10.11 06:24:26.196,1.48348,1.48358,1.25,1.00
2017.10.11 06:24:26.507,1.48352,1.48358,1.50,1.00
2017.10.11 06:24:26.644,1.48352,1.48365,2.25,1.12
2017.10.11 06:24:26.697,1.48351,1.48368,1.87,2.06
2017.10.11 06:24:26.801,1.48351,1.48363,1.19,1.00
2017.10.11 06:24:26.853,1.4835,1.48363,1.25,1.00
2017.10.11 06:24:27.317,1.48354,1.48363,1.50,2.25
2017.10.11 06:24:27.573,1.48362,1.48376,1.00,1.12
2017.10.11 06:24:27.625,1.48365,1.48376,1.00,1.00
2017.10.11 06:24:28.139,1.48366,1.48379,1.00,1.81
2017.10.11 06:24:28.671,1.48366,1.48377,1.00,1.25
2017.10.11 06:24:29.739,1.48361,1.48375,1.25,1.25
2017.10.11 06:24:29.842,1.48363,1.48375,1.00,1.12
2017.10.11 06:24:30.639,1.48359,1.48368,1.00,1.00
2017.10.11 06:24:30.692,1.48356,1.4837,1.00,1.25
2017.10.11 06:24:30.743,1.48356,1.48369,1.00,1.37
2017.10.11 06:24:31.053,1.48361,1.48372,1.00,1.50
2017.10.11 06:24:31.105,1.4836,1.48373,1.00,2.25
2017.10.11 06:24:31.208,1.48362,1.48373,1.00,1.62
2017.10.11 06:24:31.753,1.48356,1.4837,1.12,1.69
2017.10.11 06:24:31.806,1.48352,1.48364,1.50,1.00
2017.10.11 06:24:31.911,1.48351,1.48362,1.56,1.00
2017.10.11 06:24:31.963,1.48351,1.48364,1.56,1.00
2017.10.11 06:24:32.015,1.48351,1.48362,1.56,1.00
2017.10.11 06:24:32.584,1.48351,1.48364,1.56,1.00
2017.10.11 06:24:33.154,1.4835,1.48362,1.31,1.00
2017.10.11 06:24:33.463,1.48346,1.48358,1.12,1.00
2017.10.11 06:24:33.515,1.48345,1.48357,1.56,1.00
2017.10.11 06:24:33.909,1.48349,1.4836,1.69,1.00
2017.10.11 06:24:34.218,1.48349,1.4836,1.19,1.00
2017.10.11 06:24:34.373,1.48349,1.48363,1.19,2.25
2017.10.11 06:24:34.719,1.48349,1.48361,1.00,1.00
2017.10.11 06:24:34.771,1.48345,1.48359,1.62,1.50
2017.10.11 06:24:34.875,1.48345,1.48357,1.25,1.00
2017.10.11 06:24:35.404,1.48342,1.48355,1.31,1.00
2017.10.11 06:24:36.696,1.48338,1.48355,1.12,1.87
2017.10.11 06:24:38.051,1.48339,1.48354,1.19,1.00
2017.10.11 06:24:38.153,1.48339,1.48352,1.19,1.00
2017.10.11 06:24:38.461,1.48339,1.48354,1.19,1.00
2017.10.11 06:24:38.824,1.48339,1.48352,1.44,1.00
2017.10.11 06:24:40.035,1.48337,1.48354,2.81,1.00
2017.10.11 06:24:40.982,1.48336,1.48352,2.81,1.00
2017.10.11 06:24:41.507,1.48336,1.48352,2.25,1.00
2017.10.11 06:24:41.559,1.48337,1.48354,1.37,1.12
2017.10.11 06:24:41.814,1.48337,1.48354,2.81,1.00
2017.10.11 06:24:42.337,1.48337,1.48355,2.06,2.25
2017.10.11 06:24:44.285,1.4834,1.48354,1.19,1.00
2017.10.11 06:24:44.799,1.48342,1.48352,1.25,1.00
2017.10.11 06:24:47.014,1.48343,1.48352,1.00,1.00
2017.10.11 06:24:47.116,1.48341,1.48351,1.00,1.00
2017.10.11 06:24:47.219,1.48338,1.4835,1.19,1.00
2017.10.11 06:24:50.518,1.48338,1.48349,1.00,1.00
2017.10.11 06:24:50.569,1.48338,1.48347,1.00,1.00
2017.10.11 06:24:50.824,1.48338,1.48349,1.19,1.00
2017.10.11 06:24:51.331,1.48338,1.48348,1.19,1.00
2017.10.11 06:24:52.189,1.48336,1.4835,1.44,1.00
2017.10.11 06:24:52.241,1.48338,1.4835,1.19,1.00
2017.10.11 06:24:52.437,1.48333,1.48344,1.19,1.00
2017.10.11 06:24:52.491,1.48333,1.48342,1.00,1.00
2017.10.11 06:24:52.803,1.48335,1.48347,1.50,1.00
2017.10.11 06:24:52.855,1.48338,1.4835,1.25,2.25
2017.10.11 06:24:52.907,1.48338,1.4835,1.25,1.87
2017.10.11 06:24:53.010,1.48338,1.48351,1.25,1.00
2017.10.11 06:24:53.445,1.48341,1.48351,1.00,1.00
2017.10.11 06:24:54.095,1.48341,1.48352,1.00,1.00
2017.10.11 06:24:56.608,1.48352,1.48356,1.25,1.00
2017.10.11 06:24:56.792,1.48355,1.48365,1.19,1.00
2017.10.11 06:24:56.844,1.48356,1.48368,1.19,1.37
2017.10.11 06:24:56.896,1.48357,1.4837,1.19,1.00
2017.10.11 06:24:57.000,1.48361,1.48371,1.69,1.00
2017.10.11 06:24:57.052,1.4836,1.4837,1.25,1.00
2017.10.11 06:24:57.207,1.48357,1.48367,1.31,1.00
2017.10.11 06:24:57.311,1.48357,1.48368,1.19,1.00
2017.10.11 06:24:57.363,1.48357,1.4837,3.19,1.00
2017.10.11 06:24:57.415,1.48357,1.48372,4.12,1.00
2017.10.11 06:24:57.948,1.4836,1.48373,1.87,1.00
2017.10.11 06:24:58.258,1.4836,1.48371,1.00,1.00
2017.10.11 06:24:59.294,1.4836,1.48371,1.19,1.00
2017.10.11 06:24:59.604,1.48358,1.48368,1.19,1.00
2017.10.11 06:24:59.790,1.48355,1.48371,2.00,1.50
2017.10.11 06:24:59.946,1.48355,1.48372,4.12,1.50
2017.10.11 06:25:00.464,1.48358,1.48373,1.69,1.00
2017.10.11 06:25:01.057,1.48357,1.48373,1.69,1.00
2017.10.11 06:25:01.532,1.48356,1.48372,2.62,1.00
2017.10.11 06:25:02.051,1.48356,1.48373,2.25,1.00
2017.10.11 06:25:02.818,1.48356,1.48374,1.56,1.87
2017.10.11 06:25:03.123,1.48356,1.48373,2.25,1.00
2017.10.11 06:25:03.825,1.48356,1.48372,1.81,1.00
2017.10.11 06:25:05.724,1.48356,1.48373,1.00,2.81
2017.10.11 06:25:07.595,1.48356,1.48371,1.00,4.12
2017.10.11 06:25:07.896,1.48353,1.4837,2.25,1.31
2017.10.11 06:25:07.948,1.48354,1.4837,1.00,1.69
2017.10.11 06:25:08.454,1.48354,1.4837,1.19,1.00
2017.10.11 06:25:09.185,1.48355,1.48371,1.25,1.25
2017.10.11 06:25:16.291,1.48355,1.48371,1.62,1.00
2017.10.11 06:25:16.599,1.48355,1.48367,2.81,1.00
2017.10.11 06:25:17.347,1.48356,1.48368,1.12,1.00
2017.10.11 06:25:17.400,1.48356,1.4837,1.12,1.00
2017.10.11 06:25:19.060,1.48356,1.48369,1.12,1.00
2017.10.11 06:25:19.606,1.48356,1.48371,1.31,1.00
2017.10.11 06:25:20.116,1.48358,1.48372,1.19,1.00
2017.10.11 06:25:20.423,1.48359,1.48373,1.19,1.50
2017.10.11 06:25:20.577,1.4836,1.48376,1.19,1.50
2017.10.11 06:25:20.884,1.4836,1.48377,1.44,2.44
2017.10.11 06:25:21.038,1.4836,1.48373,1.19,1.00
2017.10.11 06:25:21.559,1.4836,1.48373,1.00,1.37
2017.10.11 06:25:22.230,1.4836,1.48373,1.00,1.00
2017.10.11 06:25:22.771,1.4836,1.48372,1.00,1.12
2017.10.11 06:25:24.155,1.48356,1.48372,1.19,1.12
2017.10.11 06:25:24.207,1.48354,1.48368,1.31,1.00
2017.10.11 06:25:24.260,1.48354,1.48367,1.31,1.00
2017.10.11 06:25:24.414,1.48354,1.48369,1.12,1.00
2017.10.11 06:25:24.517,1.48357,1.48374,1.00,2.25
2017.10.11 06:25:25.054,1.48357,1.48372,1.00,1.31
2017.10.11 06:25:25.593,1.48357,1.48372,1.69,1.12
2017.10.11 06:25:25.923,1.48358,1.48374,1.12,1.31
2017.10.11 06:25:25.975,1.48355,1.48372,2.44,2.25
2017.10.11 06:25:26.028,1.48355,1.48372,1.19,3.75
2017.10.11 06:25:26.081,1.48355,1.48371,1.00,1.69
2017.10.11 06:25:26.133,1.48357,1.48372,1.00,1.12
2017.10.11 06:25:26.646,1.48355,1.48372,1.69,2.44
2017.10.11 06:25:27.154,1.48355,1.4837,1.19,1.25
2017.10.11 06:25:27.503,1.48355,1.4837,1.19,1.25
2017.10.11 06:25:27.911,1.48355,1.48369,1.19,1.00
2017.10.11 06:25:28.406,1.48355,1.48371,1.31,1.12
2017.10.11 06:25:28.767,1.48355,1.48369,1.19,1.00
2017.10.11 06:25:29.279,1.48355,1.4837,1.19,1.87
2017.10.11 06:25:29.802,1.48355,1.48369,1.19,1.00
2017.10.11 06:25:30.395,1.48355,1.4837,1.25,2.44
2017.10.11 06:25:30.497,1.48355,1.48368,1.25,1.00
2017.10.11 06:25:31.191,1.48355,1.48369,1.25,1.69
2017.10.11 06:25:31.501,1.48361,1.48373,1.00,1.87
2017.10.11 06:25:31.552,1.48358,1.48373,1.19,1.87
2017.10.11 06:25:31.603,1.48357,1.48373,2.44,1.00
2017.10.11 06:25:32.126,1.48358,1.48375,1.19,3.75
2017.10.11 06:25:32.182,1.48357,1.4837,1.19,1.44
2017.10.11 06:25:32.235,1.48355,1.48369,1.25,1.25
2017.10.11 06:25:32.749,1.48354,1.48369,1.00,1.50
2017.10.11 06:25:33.236,1.48354,1.48368,1.00,1.50
2017.10.11 06:25:33.287,1.48354,1.48368,1.00,1.00
2017.10.11 06:25:33.392,1.48354,1.48368,1.00,1.50
2017.10.11 06:25:33.546,1.48354,1.48369,1.00,2.25
2017.10.11 06:25:35.207,1.48353,1.48369,1.69,2.81
2017.10.11 06:25:36.446,1.48354,1.48368,1.00,1.31
2017.10.11 06:25:38.181,1.48354,1.48368,1.00,1.49
2017.10.11 06:25:38.694,1.48354,1.48368,1.00,1.30
2017.10.11 06:25:43.557,1.48355,1.48368,1.00,1.00
2017.10.11 06:25:43.959,1.48357,1.4837,1.00,2.25
2017.10.11 06:25:44.145,1.4836,1.48373,1.00,1.69
2017.10.11 06:25:44.849,1.48359,1.48373,1.00,1.87
2017.10.11 06:25:45.426,1.48359,1.48373,1.00,1.00
2017.10.11 06:25:45.552,1.4836,1.48375,1.31,2.44
2017.10.11 06:25:45.758,1.48363,1.48377,1.12,1.31
2017.10.11 06:25:45.860,1.48365,1.48377,1.00,1.12
2017.10.11 06:25:47.548,1.48365,1.48379,1.00,2.62
2017.10.11 06:25:49.623,1.48364,1.48379,1.87,1.50
2017.10.11 06:25:49.677,1.48366,1.48379,1.00,1.50
2017.10.11 06:25:49.730,1.48367,1.4838,1.31,1.37
2017.10.11 06:25:49.782,1.48368,1.48382,1.00,2.99
2017.10.11 06:25:49.834,1.48369,1.48382,1.19,1.00
2017.10.11 06:25:50.108,1.4837,1.48385,1.25,3.18
2017.10.11 06:25:50.622,1.4837,1.48385,1.25,3.19
2017.10.11 06:25:51.148,1.48371,1.48384,1.00,1.25
2017.10.11 06:25:52.013,1.48371,1.48385,1.00,1.25
2017.10.11 06:25:52.166,1.48373,1.48385,1.19,1.00
2017.10.11 06:25:52.395,1.48368,1.48384,1.87,1.62
2017.10.11 06:25:52.447,1.48368,1.48382,1.87,2.25
2017.10.11 06:25:52.860,1.48369,1.48383,1.19,1.87
2017.10.11 06:25:53.239,1.48369,1.48385,1.19,2.62
2017.10.11 06:25:53.759,1.48369,1.48384,1.00,1.13
2017.10.11 06:25:56.375,1.48369,1.48385,1.00,2.81
2017.10.11 06:25:56.640,1.48371,1.48384,1.50,1.00
2017.10.11 06:25:57.159,1.48371,1.48385,2.25,2.81
2017.10.11 06:25:57.684,1.4837,1.48384,2.25,1.00
2017.10.11 06:25:59.118,1.48371,1.48385,3.19,1.00
2017.10.11 06:25:59.477,1.48367,1.48385,2.62,2.62
2017.10.11 06:25:59.981,1.48368,1.48385,1.12,2.81
2017.10.11 06:26:00.672,1.48371,1.48384,1.00,1.00
2017.10.11 06:26:02.225,1.4837,1.48384,2.81,1.00
2017.10.11 06:26:02.801,1.4837,1.48387,3.56,1.25
2017.10.11 06:26:02.853,1.48373,1.48389,3.19,2.44
2017.10.11 06:26:03.910,1.48371,1.48387,1.31,2.25
2017.10.11 06:26:04.013,1.48369,1.48384,1.31,1.00
2017.10.11 06:26:05.352,1.4837,1.48384,1.00,1.00
2017.10.11 06:26:05.517,1.48369,1.48384,3.00,1.00
2017.10.11 06:26:08.806,1.4837,1.48385,3.37,1.00
2017.10.11 06:26:08.960,1.48373,1.4839,3.56,1.37
2017.10.11 06:26:09.012,1.48373,1.48391,2.44,3.00
2017.10.11 06:26:09.527,1.48373,1.4839,3.56,1.25
2017.10.11 06:26:09.969,1.48371,1.48386,1.69,2.25
2017.10.11 06:26:10.073,1.48369,1.48385,2.44,1.00
2017.10.11 06:26:10.329,1.48371,1.48389,2.25,2.62
2017.10.11 06:26:10.432,1.48372,1.48389,1.56,3.00
2017.10.11 06:26:11.155,1.48371,1.48388,1.12,1.87
2017.10.11 06:26:11.308,1.4837,1.48388,1.37,2.25
2017.10.11 06:26:11.714,1.48373,1.48389,1.19,1.62
2017.10.11 06:26:11.816,1.48372,1.48389,2.25,1.37
2017.10.11 06:26:11.867,1.48373,1.48389,1.19,1.62
2017.10.11 06:26:13.492,1.48369,1.48384,2.44,1.25
2017.10.11 06:26:13.590,1.48369,1.48384,1.44,1.00
2017.10.11 06:26:14.103,1.48369,1.48385,2.62,1.00
2017.10.11 06:26:14.954,1.4837,1.48385,1.62,1.00
2017.10.11 06:26:15.505,1.4837,1.48386,1.81,1.69
2017.10.11 06:26:17.201,1.4837,1.48385,1.31,1.00
2017.10.11 06:26:17.405,1.48369,1.48385,2.06,1.00
2017.10.11 06:26:17.784,1.48367,1.4838,1.12,1.50
2017.10.11 06:26:17.836,1.48364,1.4838,2.19,1.00
2017.10.11 06:26:17.888,1.48362,1.48378,3.00,1.00
2017.10.11 06:26:18.395,1.48362,1.48379,2.81,3.75
2017.10.11 06:26:18.702,1.48362,1.48378,3.19,1.25
2017.10.11 06:26:19.212,1.48362,1.48377,1.19,1.12
2017.10.11 06:26:19.783,1.48361,1.48376,1.87,1.00
2017.10.11 06:26:20.293,1.48361,1.48377,1.87,1.87
2017.10.11 06:26:21.897,1.48361,1.48377,1.69,1.12
2017.10.11 06:26:22.050,1.48361,1.48374,1.56,1.00
2017.10.11 06:26:22.103,1.48358,1.48375,2.62,1.31
2017.10.11 06:26:22.206,1.48358,1.48374,1.87,1.19
2017.10.11 06:26:22.462,1.48358,1.48374,1.69,2.81
2017.10.11 06:26:22.672,1.48358,1.48377,5.44,1.69
2017.10.11 06:26:24.657,1.48362,1.48377,1.44,2.06
2017.10.11 06:26:25.358,1.48361,1.48377,1.50,2.81
2017.10.11 06:26:25.868,1.4836,1.48377,3.19,2.06
2017.10.11 06:26:30.168,1.48361,1.48376,1.44,2.06
2017.10.11 06:26:30.876,1.4836,1.48375,1.87,1.87
2017.10.11 06:26:31.034,1.48359,1.48374,1.25,2.06
2017.10.11 06:26:31.444,1.48357,1.48372,2.62,1.87
2017.10.11 06:26:31.547,1.48358,1.48373,1.19,1.62
2017.10.11 06:26:32.060,1.48357,1.48373,2.25,1.69
2017.10.11 06:26:32.520,1.48359,1.48375,2.25,1.19
2017.10.11 06:26:33.753,1.48359,1.48375,1.37,1.69
2017.10.11 06:26:34.933,1.48359,1.48375,1.25,1.19
2017.10.11 06:26:35.243,1.48348,1.48365,2.06,1.19
2017.10.11 06:26:35.654,1.4835,1.48365,1.12,1.69
2017.10.11 06:26:36.059,1.48353,1.48369,2.25,2.44
2017.10.11 06:26:36.571,1.48353,1.48369,2.44,2.06
2017.10.11 06:26:37.969,1.48358,1.4837,1.25,1.31
2017.10.11 06:26:38.327,1.4836,1.4837,1.00,1.19
2017.10.11 06:26:38.634,1.48362,1.4837,1.00,1.19
2017.10.11 06:26:39.988,1.48362,1.48374,1.25,1.31
2017.10.11 06:26:40.824,1.48366,1.48378,1.25,1.31
2017.10.11 06:26:41.132,1.48364,1.48376,1.00,1.25
2017.10.11 06:26:43.689,1.48364,1.48376,1.87,1.31
2017.10.11 06:26:43.996,1.48364,1.48375,1.56,2.06
2017.10.11 06:26:44.503,1.48364,1.48375,1.56,2.06
2017.10.11 06:26:45.025,1.48365,1.48375,1.12,2.06
2017.10.11 06:26:45.542,1.48365,1.48375,1.87,2.06
2017.10.11 06:26:47.183,1.48366,1.48376,1.87,1.31
2017.10.11 06:26:47.389,1.48367,1.48379,1.56,2.06
2017.10.11 06:26:47.492,1.48367,1.48379,1.19,2.81
2017.10.11 06:26:47.799,1.48366,1.48378,1.25,1.25
2017.10.11 06:26:51.427,1.48367,1.48379,2.06,1.19
2017.10.11 06:26:51.479,1.48368,1.48382,1.56,1.50
2017.10.11 06:26:51.633,1.48371,1.48384,1.25,1.50
2017.10.11 06:26:51.684,1.48371,1.48383,1.25,1.19
2017.10.11 06:26:51.941,1.48368,1.48383,1.44,2.81
2017.10.11 06:26:54.628,1.48368,1.48381,1.19,1.00
2017.10.11 06:26:55.213,1.48368,1.48381,1.25,1.00
2017.10.11 06:26:56.314,1.48368,1.48381,1.31,1.00
2017.10.11 06:26:56.862,1.48368,1.48381,1.56,1.00
2017.10.11 06:26:57.360,1.48368,1.48379,1.12,1.56
2017.10.11 06:26:57.678,1.48366,1.4838,2.06,1.19
2017.10.11 06:27:00.703,1.48366,1.48378,1.87,1.00
2017.10.11 06:27:00.755,1.48363,1.48378,2.25,2.06
2017.10.11 06:27:00.909,1.48364,1.48377,1.12,1.00
2017.10.11 06:27:00.961,1.48362,1.48377,2.44,1.00
2017.10.11 06:27:01.490,1.48363,1.48377,1.87,1.00
2017.10.11 06:27:01.746,1.48365,1.4838,1.12,1.50
2017.10.11 06:27:02.206,1.48365,1.4838,2.62,1.00
2017.10.11 06:27:02.717,1.48368,1.4838,1.00,1.00
2017.10.11 06:27:03.240,1.48366,1.4838,1.31,1.00
2017.10.11 06:27:07.552,1.48366,1.4838,1.12,1.00
2017.10.11 06:27:08.067,1.48366,1.4838,1.19,1.00
2017.10.11 06:27:08.221,1.48367,1.48384,1.19,2.81
2017.10.11 06:27:08.273,1.48367,1.48381,1.69,1.00
2017.10.11 06:27:08.325,1.48367,1.48381,1.69,1.00
2017.10.11 06:27:08.850,1.48366,1.48381,1.87,1.00
2017.10.11 06:27:10.194,1.48369,1.48381,1.31,1.00
2017.10.11 06:27:10.604,1.48369,1.48384,1.25,1.50
2017.10.11 06:27:11.484,1.48369,1.48384,1.25,1.37
2017.10.11 06:27:12.595,1.48367,1.48384,2.81,1.62
2017.10.11 06:27:13.122,1.48367,1.48384,3.94,1.62
2017.10.11 06:27:14.353,1.48367,1.48384,2.62,1.62
2017.10.11 06:27:14.992,1.48367,1.48384,3.75,1.62
2017.10.11 06:27:15.976,1.48367,1.48384,2.62,1.62
2017.10.11 06:27:16.600,1.48367,1.48384,3.00,1.62
2017.10.11 06:27:17.964,1.48367,1.48384,3.19,2.81
2017.10.11 06:27:18.168,1.48366,1.48381,1.50,1.37
2017.10.11 06:27:18.757,1.48366,1.48381,1.69,1.00
2017.10.11 06:27:19.274,1.48366,1.48381,1.50,1.00
2017.10.11 06:27:20.294,1.48366,1.48381,1.12,1.00
2017.10.11 06:27:21.588,1.48365,1.48381,2.25,1.00
2017.10.11 06:27:24.857,1.48365,1.48378,2.06,1.00
2017.10.11 06:27:25.265,1.48366,1.48378,2.00,1.00
2017.10.11 06:27:25.517,1.48371,1.48383,1.44,1.00
2017.10.11 06:27:26.028,1.4837,1.48383,1.50,1.50
2017.10.11 06:27:26.283,1.48371,1.48383,1.19,1.00
2017.10.11 06:27:27.261,1.48371,1.48379,1.00,1.87
2017.10.11 06:27:27.415,1.48357,1.48368,1.00,1.25
2017.10.11 06:27:27.518,1.48354,1.48369,1.00,3.56
2017.10.11 06:27:27.569,1.48351,1.48368,3.75,1.31
2017.10.11 06:27:27.672,1.48351,1.48367,3.00,1.50
2017.10.11 06:27:28.188,1.48352,1.48369,1.87,5.06
2017.10.11 06:27:28.291,1.48353,1.48369,1.19,1.87
2017.10.11 06:27:28.449,1.48353,1.48369,1.38,1.12
2017.10.11 06:27:28.500,1.48352,1.48369,3.75,1.12
2017.10.11 06:27:29.028,1.48355,1.48371,1.00,3.94
2017.10.11 06:27:29.556,1.48354,1.48367,1.31,1.87
2017.10.11 06:27:30.256,1.48356,1.48368,1.87,1.19
2017.10.11 06:27:30.308,1.48357,1.48371,1.94,2.06
2017.10.11 06:27:30.433,1.4836,1.48375,1.69,2.81
2017.10.11 06:27:30.951,1.4836,1.48375,1.50,1.87
2017.10.11 06:27:31.360,1.4836,1.48377,2.81,1.87
2017.10.11 06:27:31.871,1.4836,1.48376,2.62,1.00
2017.10.11 06:27:33.245,1.4836,1.48376,1.50,1.12
2017.10.11 06:27:33.399,1.48359,1.48374,1.25,1.12
2017.10.11 06:27:33.861,1.4836,1.48376,2.25,3.00
2017.10.11 06:27:34.271,1.4836,1.48376,2.25,1.50
2017.10.11 06:27:34.693,1.48361,1.48377,2.06,1.50
2017.10.11 06:27:35.076,1.48363,1.48377,1.63,1.00
2017.10.11 06:27:35.128,1.48363,1.48377,1.12,1.00
2017.10.11 06:27:35.281,1.48363,1.48377,1.63,1.00
2017.10.11 06:27:35.435,1.48363,1.48377,1.31,1.00
2017.10.11 06:27:35.742,1.48363,1.48377,1.69,1.00
2017.10.11 06:27:36.066,1.48359,1.48375,3.37,1.37
2017.10.11 06:27:36.169,1.4836,1.48376,1.31,1.00
2017.10.11 06:27:36.272,1.4836,1.48376,1.50,1.00
2017.10.11 06:27:36.579,1.48361,1.48376,2.06,1.00
2017.10.11 06:27:37.243,1.48362,1.48376,1.00,1.00
2017.10.11 06:27:37.761,1.48361,1.48376,2.06,1.00
2017.10.11 06:27:38.367,1.48362,1.48376,1.00,1.00
2017.10.11 06:27:41.703,1.4836,1.48375,3.00,3.37
2017.10.11 06:27:41.858,1.48359,1.48374,1.87,1.87
2017.10.11 06:27:42.375,1.4836,1.48374,1.12,1.50
2017.10.11 06:27:43.675,1.48359,1.48374,2.25,2.25
2017.10.11 06:27:43.935,1.48359,1.48374,1.87,1.50
2017.10.11 06:27:44.648,1.48359,1.48374,2.25,2.25
2017.10.11 06:27:45.177,1.48359,1.48374,1.50,1.50
2017.10.11 06:27:45.909,1.48359,1.48374,1.87,2.25
2017.10.11 06:27:46.377,1.48359,1.48372,1.31,1.00
2017.10.11 06:27:47.583,1.48357,1.48372,3.94,1.12
2017.10.11 06:27:48.107,1.48358,1.48372,1.37,1.12
2017.10.11 06:27:48.628,1.48357,1.48372,3.19,1.37
2017.10.11 06:27:49.173,1.48357,1.48372,1.00,1.50
2017.10.11 06:27:51.243,1.48357,1.48372,1.00,1.87
2017.10.11 06:27:51.877,1.48357,1.48369,1.00,1.00
2017.10.11 06:27:53.047,1.48357,1.4837,1.00,1.00
2017.10.11 06:27:53.584,1.48357,1.48371,1.25,1.00
2017.10.11 06:27:54.393,1.48357,1.48371,1.69,1.00
2017.10.11 06:27:54.981,1.48357,1.48372,1.00,2.25
2017.10.11 06:27:55.502,1.48357,1.48372,1.44,4.50
2017.10.11 06:27:56.138,1.48357,1.48371,1.13,1.37
2017.10.11 06:27:56.463,1.48354,1.48368,1.50,1.12
2017.10.11 06:27:56.974,1.48354,1.48367,1.25,1.00
2017.10.11 06:27:57.077,1.48354,1.48367,1.87,1.00
2017.10.11 06:27:57.180,1.48352,1.48367,1.69,1.87
2017.10.11 06:27:57.712,1.48351,1.48366,2.44,1.50
2017.10.11 06:27:57.764,1.4835,1.48364,1.69,1.00
2017.10.11 06:27:58.297,1.48349,1.48364,1.50,1.00
2017.10.11 06:27:58.709,1.48347,1.48362,2.00,1.12
2017.10.11 06:27:58.811,1.48347,1.48362,1.37,1.31
2017.10.11 06:27:59.382,1.48346,1.48362,3.75,1.31
2017.10.11 06:28:00.003,1.48346,1.48362,3.56,1.31
2017.10.11 06:28:00.455,1.48346,1.48362,1.87,1.31
2017.10.11 06:28:01.001,1.48346,1.48362,3.19,1.31
2017.10.11 06:28:01.525,1.48346,1.48362,1.87,1.31
2017.10.11 06:28:01.715,1.48346,1.4836,1.87,1.00
2017.10.11 06:28:02.243,1.48346,1.48362,2.06,1.31
2017.10.11 06:28:02.827,1.48349,1.48362,1.69,1.00
2017.10.11 06:28:03.134,1.48353,1.48366,1.19,1.12
2017.10.11 06:28:03.711,1.48353,1.48366,1.50,1.00
2017.10.11 06:28:04.247,1.48353,1.48367,1.50,1.00
2017.10.11 06:28:04.753,1.48353,1.48367,1.69,1.00
2017.10.11 06:28:05.693,1.48354,1.48367,1.50,2.62
2017.10.11 06:28:05.949,1.48352,1.48367,1.62,2.62
2017.10.11 06:28:06.482,1.48352,1.48367,2.25,2.62
2017.10.11 06:28:07.284,1.48352,1.48367,1.25,2.62
2017.10.11 06:28:07.539,1.48352,1.48367,1.88,1.87
2017.10.11 06:28:07.680,1.48352,1.48367,1.44,1.87
2017.10.11 06:28:07.969,1.48352,1.48367,1.88,1.87
2017.10.11 06:28:08.020,1.48352,1.48367,1.69,1.87
2017.10.11 06:28:08.543,1.48352,1.48367,1.88,1.87
2017.10.11 06:28:09.055,1.48352,1.48369,1.69,2.81
2017.10.11 06:28:09.227,1.48349,1.48363,1.19,1.00
2017.10.11 06:28:09.332,1.48347,1.48361,1.00,1.00
2017.10.11 06:28:09.592,1.48346,1.48363,1.56,2.25
2017.10.11 06:28:10.756,1.48346,1.48363,1.12,2.25
2017.10.11 06:28:11.268,1.48346,1.48363,2.06,2.62
2017.10.11 06:28:11.817,1.48348,1.48362,1.00,1.00
2017.10.11 06:28:12.023,1.48345,1.48362,1.87,1.00
2017.10.11 06:28:12.483,1.48345,1.4836,3.19,1.00
2017.10.11 06:28:13.024,1.48346,1.48359,1.12,1.00
2017.10.11 06:28:13.518,1.48345,1.48361,1.87,1.87
2017.10.11 06:28:13.856,1.48348,1.48363,1.00,1.37
2017.10.11 06:28:14.195,1.48353,1.48367,1.00,1.69
2017.10.11 06:28:14.503,1.48353,1.48366,1.00,2.81
2017.10.11 06:28:15.023,1.48353,1.48366,1.00,1.56
2017.10.11 06:28:15.129,1.4835,1.48364,1.12,1.00
2017.10.11 06:28:15.284,1.4835,1.48362,1.12,2.06
2017.10.11 06:28:15.336,1.48347,1.48363,2.81,1.44
2017.10.11 06:28:15.440,1.48347,1.48362,1.50,1.73
2017.10.11 06:28:15.647,1.48345,1.4836,1.00,1.00
2017.10.11 06:28:16.603,1.48344,1.48359,3.56,1.00
2017.10.11 06:28:17.134,1.48345,1.48361,1.31,1.48
2017.10.11 06:28:17.647,1.48345,1.48359,1.12,1.00
2017.10.11 06:28:18.160,1.48344,1.48358,1.00,1.00
2017.10.11 06:28:18.437,1.48342,1.48354,1.37,1.99
2017.10.11 06:28:18.540,1.48335,1.48351,2.25,1.12
2017.10.11 06:28:18.643,1.48335,1.48349,1.00,1.00
2017.10.11 06:28:19.167,1.48335,1.4835,1.00,1.50
2017.10.11 06:28:19.678,1.48334,1.48349,2.06,1.00
2017.10.11 06:28:20.102,1.4834,1.48353,1.31,1.87
2017.10.11 06:28:20.257,1.48341,1.48356,1.19,2.81
2017.10.11 06:28:20.410,1.4834,1.48357,3.75,1.50
2017.10.11 06:28:21.025,1.48342,1.48357,1.69,1.00
2017.10.11 06:28:22.263,1.48342,1.48357,2.63,1.00
2017.10.11 06:28:22.770,1.48343,1.48357,1.31,1.00
2017.10.11 06:28:23.029,1.48344,1.48357,1.12,2.62
2017.10.11 06:28:23.710,1.48344,1.48357,1.12,1.87
2017.10.11 06:28:24.058,1.48341,1.48356,1.50,1.31
2017.10.11 06:28:24.623,1.4834,1.48357,2.62,1.56
2017.10.11 06:28:25.128,1.4834,1.48357,2.25,2.06
2017.10.11 06:28:25.757,1.4834,1.48357,2.62,2.06
2017.10.11 06:28:26.211,1.4834,1.48353,1.25,1.87
2017.10.11 06:28:26.364,1.48337,1.48353,1.69,1.87
2017.10.11 06:28:26.416,1.48337,1.48353,2.06,1.87
2017.10.11 06:28:26.518,1.48337,1.48353,1.31,1.87
2017.10.11 06:28:26.949,1.48336,1.48349,1.12,2.44
2017.10.11 06:28:27.052,1.48332,1.48346,1.50,2.06
2017.10.11 06:28:27.105,1.4833,1.48344,1.00,1.12
2017.10.11 06:28:27.207,1.48326,1.48342,1.00,1.87
2017.10.11 06:28:27.753,1.48325,1.48341,1.50,1.87
2017.10.11 06:28:28.315,1.48325,1.48341,2.06,1.87
2017.10.11 06:28:28.876,1.48325,1.48341,1.12,1.87
2017.10.11 06:28:29.437,1.48325,1.48341,1.31,1.87
2017.10.11 06:28:30.027,1.48325,1.48341,1.31,1.87
2017.10.11 06:28:30.546,1.48325,1.48341,1.31,1.87
2017.10.11 06:28:30.648,1.48325,1.48341,1.31,3.37
2017.10.11 06:28:31.255,1.48325,1.48333,1.00,1.87
2017.10.11 06:28:31.450,1.48318,1.48332,1.25,1.87
2017.10.11 06:28:31.604,1.48316,1.48332,1.87,3.00
2017.10.11 06:28:31.912,1.48321,1.48333,2.81,3.00
2017.10.11 06:28:31.965,1.48332,1.48341,2.25,1.00
2017.10.11 06:28:32.018,1.48336,1.48347,1.00,1.75
2017.10.11 06:28:32.070,1.48336,1.48348,1.31,1.12
2017.10.11 06:28:32.173,1.48337,1.48353,1.00,1.12
2017.10.11 06:28:32.720,1.48336,1.48352,1.25,2.06
2017.10.11 06:28:33.235,1.48335,1.48352,1.25,2.44
2017.10.11 06:28:33.490,1.48334,1.48352,2.81,1.69
2017.10.11 06:28:34.039,1.48335,1.48352,1.25,1.69
2017.10.11 06:28:35.065,1.48334,1.48353,2.06,3.75
2017.10.11 06:28:35.613,1.48334,1.4835,2.81,1.87
2017.10.11 06:28:37.404,1.48332,1.48347,2.44,2.06
2017.10.11 06:28:37.558,1.48326,1.48343,1.50,3.94
2017.10.11 06:28:39.609,1.4833,1.48343,1.12,1.12
2017.10.11 06:28:39.763,1.4833,1.48347,1.69,2.62
2017.10.11 06:28:40.266,1.48332,1.48347,1.25,1.12
2017.10.11 06:28:44.492,1.4833,1.48347,1.87,1.87
2017.10.11 06:28:45.646,1.48329,1.48347,4.50,1.87
2017.10.11 06:28:47.221,1.48334,1.48347,1.00,1.12
2017.10.11 06:28:47.531,1.4834,1.4835,1.00,1.37
2017.10.11 06:28:48.082,1.4834,1.4835,1.00,1.37
2017.10.11 06:28:48.955,1.48338,1.4835,1.00,1.37
2017.10.11 06:28:49.515,1.48339,1.4835,1.00,1.37
2017.10.11 06:28:50.665,1.48339,1.48352,1.00,1.37
2017.10.11 06:28:51.274,1.48339,1.48353,1.00,1.62
2017.10.11 06:28:52.622,1.48341,1.48353,1.00,1.62
2017.10.11 06:28:53.133,1.48341,1.48354,1.00,2.81
2017.10.11 06:28:53.673,1.48341,1.48354,1.00,1.12
2017.10.11 06:28:53.982,1.48345,1.48358,1.50,2.06
2017.10.11 06:28:54.399,1.48345,1.48356,1.50,1.00
2017.10.11 06:28:54.947,1.48345,1.48357,1.00,2.25
2017.10.11 06:28:55.460,1.48345,1.48358,1.00,2.25
2017.10.11 06:28:56.798,1.48344,1.48358,1.00,1.87
2017.10.11 06:28:58.082,1.48344,1.48358,1.00,3.00
2017.10.11 06:28:58.609,1.48343,1.48353,1.00,1.00
2017.10.11 06:28:58.925,1.48341,1.48353,1.00,1.00
2017.10.11 06:28:59.184,1.48341,1.4835,1.00,1.00
2017.10.11 06:28:59.734,1.4834,1.4835,1.00,1.00
2017.10.11 06:29:00.264,1.48341,1.4835,1.00,1.00
2017.10.11 06:29:00.783,1.4834,1.4835,1.00,1.00
2017.10.11 06:29:01.315,1.48339,1.4835,1.00,1.12
2017.10.11 06:29:01.644,1.48345,1.48354,1.00,1.00
2017.10.11 06:29:01.696,1.48347,1.48357,1.00,1.31
2017.10.11 06:29:03.540,1.48344,1.48354,1.50,1.25
2017.10.11 06:29:03.643,1.48341,1.48353,1.00,1.69
2017.10.11 06:29:03.695,1.48339,1.4835,1.00,1.00
2017.10.11 06:29:04.305,1.4834,1.4835,1.00,1.00
2017.10.11 06:29:05.731,1.4834,1.48353,1.00,1.00
2017.10.11 06:29:06.263,1.48339,1.48353,1.00,1.00
2017.10.11 06:29:06.613,1.48344,1.48353,2.06,1.00
2017.10.11 06:29:06.716,1.4835,1.48357,1.31,1.37
2017.10.11 06:29:06.768,1.4835,1.48363,2.25,1.37
2017.10.11 06:29:08.325,1.4835,1.48363,1.25,1.37
2017.10.11 06:29:09.130,1.4835,1.48363,1.25,1.12
2017.10.11 06:29:09.182,1.48352,1.48363,1.50,1.00
2017.10.11 06:29:09.489,1.48361,1.48368,1.00,1.37
2017.10.11 06:29:09.818,1.48356,1.48364,1.12,1.00
2017.10.11 06:29:09.871,1.48355,1.48366,1.00,1.00
2017.10.11 06:29:09.975,1.48355,1.48364,1.00,1.00
2017.10.11 06:29:10.129,1.48353,1.48364,1.00,1.50
2017.10.11 06:29:10.231,1.48353,1.48364,1.00,3.00
2017.10.11 06:29:10.283,1.48353,1.48364,1.00,1.12
2017.10.11 06:29:10.335,1.48353,1.48364,1.00,1.50
2017.10.11 06:29:11.041,1.48354,1.48364,1.00,1.50
2017.10.11 06:29:12.637,1.48352,1.48363,1.00,3.19
2017.10.11 06:29:12.689,1.48349,1.48361,1.50,1.37
2017.10.11 06:29:13.301,1.48349,1.48361,1.00,1.37
2017.10.11 06:29:13.413,1.48352,1.48364,1.25,1.31
2017.10.11 06:29:13.468,1.48353,1.48364,1.00,1.00
2017.10.11 06:29:13.878,1.48353,1.48364,1.00,2.62
2017.10.11 06:29:13.981,1.48353,1.48364,1.00,1.12
2017.10.11 06:29:14.150,1.4835,1.48359,1.00,1.00
2017.10.11 06:29:14.459,1.48352,1.48359,1.00,1.00
2017.10.11 06:29:14.562,1.48352,1.48362,1.00,1.37
2017.10.11 06:29:15.066,1.48352,1.48362,1.00,1.00
2017.10.11 06:29:15.909,1.4835,1.48362,1.00,1.00
2017.10.11 06:29:17.703,1.48351,1.48362,1.00,1.00
2017.10.11 06:29:18.020,1.48349,1.48362,1.00,1.31
2017.10.11 06:29:18.174,1.48349,1.48362,1.00,2.06
2017.10.11 06:29:18.226,1.48347,1.4836,1.00,1.00
2017.10.11 06:29:18.804,1.48347,1.48359,1.00,1.00
2017.10.11 06:29:18.856,1.48345,1.48359,1.12,1.00
2017.10.11 06:29:19.486,1.48348,1.48359,1.00,1.00
2017.10.11 06:29:19.795,1.48353,1.4836,1.00,1.00
2017.10.11 06:29:20.230,1.4835,1.4836,2.25,1.00
2017.10.11 06:29:20.334,1.48346,1.48358,2.62,1.37
2017.10.11 06:29:20.386,1.48345,1.48355,1.00,1.00
2017.10.11 06:29:20.438,1.48345,1.48353,1.00,1.00
2017.10.11 06:29:20.952,1.48344,1.48353,1.00,1.00
2017.10.11 06:29:21.758,1.48343,1.48353,1.00,1.00
2017.10.11 06:29:21.811,1.48341,1.48353,1.00,1.12
2017.10.11 06:29:21.864,1.4834,1.4835,1.00,1.00
2017.10.11 06:29:21.917,1.48336,1.48348,1.12,1.00
2017.10.11 06:29:22.133,1.48338,1.48348,1.00,1.00
2017.10.11 06:29:23.260,1.48339,1.4835,1.50,1.00
2017.10.11 06:29:23.414,1.48341,1.48354,1.25,1.00
2017.10.11 06:29:23.827,1.48338,1.48354,1.31,1.50
2017.10.11 06:29:24.303,1.48338,1.48353,1.25,1.37
2017.10.11 06:29:25.247,1.48338,1.48354,1.00,1.37
2017.10.11 06:29:25.590,1.48338,1.48351,1.00,1.00
2017.10.11 06:29:26.306,1.48335,1.48351,1.87,1.62
2017.10.11 06:29:26.410,1.48337,1.48351,1.00,1.12
2017.10.11 06:29:26.613,1.48337,1.48351,1.56,1.00
2017.10.11 06:29:26.665,1.48337,1.48351,1.69,1.00
2017.10.11 06:29:26.717,1.48337,1.48351,1.25,1.00
2017.10.11 06:29:27.259,1.48337,1.48351,1.19,1.12
2017.10.11 06:29:27.413,1.48339,1.48351,1.31,1.00
2017.10.11 06:29:27.464,1.4834,1.48353,1.31,1.00
2017.10.11 06:29:28.010,1.4834,1.48353,1.12,1.00
2017.10.11 06:29:28.113,1.48342,1.48353,1.00,1.00
2017.10.11 06:29:28.722,1.48341,1.48353,1.87,1.00
2017.10.11 06:29:29.205,1.48339,1.48353,1.00,1.37
2017.10.11 06:29:29.524,1.48338,1.4835,1.00,1.50
2017.10.11 06:29:29.730,1.48329,1.48341,1.00,1.00
2017.10.11 06:29:29.835,1.48329,1.48338,1.00,1.00
2017.10.11 06:29:30.171,1.4833,1.48341,1.00,1.00
2017.10.11 06:29:30.275,1.48327,1.48341,1.00,1.12
2017.10.11 06:29:30.429,1.48324,1.4834,1.25,1.50
2017.10.11 06:29:30.480,1.48325,1.4834,1.44,1.69
2017.10.11 06:29:30.533,1.48325,1.48341,1.56,1.50
2017.10.11 06:29:30.584,1.48325,1.48339,1.25,1.00
2017.10.11 06:29:30.688,1.48327,1.48338,1.25,1.00
2017.10.11 06:29:30.739,1.48326,1.48341,1.12,1.00
2017.10.11 06:29:30.791,1.48327,1.48339,1.50,1.00
2017.10.11 06:29:31.127,1.48329,1.48341,1.12,1.00
2017.10.11 06:29:31.544,1.48326,1.48341,1.87,1.31
2017.10.11 06:29:31.907,1.48327,1.48334,1.00,1.50
2017.10.11 06:29:32.107,1.48319,1.48332,2.77,3.19
2017.10.11 06:29:32.161,1.48314,1.4833,1.69,1.31
2017.10.11 06:29:32.711,1.48314,1.48329,1.75,1.12
2017.10.11 06:29:32.815,1.48314,1.48329,2.44,1.12
2017.10.11 06:29:33.367,1.48315,1.48329,1.12,1.12
2017.10.11 06:29:34.054,1.48315,1.48329,2.06,1.12
2017.10.11 06:29:34.106,1.48319,1.48329,1.19,1.12
2017.10.11 06:29:34.767,1.4832,1.48331,1.19,1.00
2017.10.11 06:29:35.341,1.48321,1.48332,1.19,1.50
2017.10.11 06:29:35.976,1.48326,1.48334,1.19,1.00
2017.10.11 06:29:36.435,1.4832,1.48334,2.44,1.00
2017.10.11 06:29:37.485,1.48322,1.48335,2.06,1.00
2017.10.11 06:29:38.041,1.48324,1.48335,1.00,1.00
2017.10.11 06:29:39.009,1.48323,1.48334,1.69,1.00
2017.10.11 06:29:39.519,1.48323,1.48334,1.25,1.00
2017.10.11 06:29:40.696,1.4832,1.48335,1.31,1.00
2017.10.11 06:29:41.014,1.48322,1.48337,1.00,1.00
2017.10.11 06:29:41.066,1.48322,1.48335,1.00,1.00
2017.10.11 06:29:41.662,1.48321,1.48335,3.00,1.00
2017.10.11 06:29:41.972,1.48327,1.4834,2.44,1.87
2017.10.11 06:29:42.292,1.48328,1.48337,1.12,1.00
2017.10.11 06:29:43.071,1.48327,1.48336,2.25,1.00
2017.10.11 06:29:43.531,1.48324,1.48335,2.44,1.00
2017.10.11 06:29:44.043,1.48325,1.48335,1.00,1.00
2017.10.11 06:29:44.561,1.48324,1.48335,2.44,1.00
2017.10.11 06:29:45.487,1.48324,1.48334,2.44,1.00
2017.10.11 06:29:46.036,1.48323,1.48333,1.00,1.00
2017.10.11 06:29:46.547,1.48323,1.48334,1.69,1.00
2017.10.11 06:29:46.901,1.48323,1.48337,1.00,1.50
2017.10.11 06:29:46.953,1.48326,1.48337,1.88,1.50
2017.10.11 06:29:47.693,1.48326,1.48336,1.87,1.00
2017.10.11 06:29:50.163,1.48328,1.48336,1.00,1.00
2017.10.11 06:29:50.346,1.48325,1.48335,1.25,1.00
2017.10.11 06:29:50.602,1.4832,1.48331,3.37,1.00
2017.10.11 06:29:50.653,1.4832,1.48331,1.37,1.00
2017.10.11 06:29:50.705,1.48321,1.48333,1.56,1.00
2017.10.11 06:29:51.014,1.4832,1.48332,1.19,1.00
2017.10.11 06:29:51.191,1.4832,1.4833,1.31,1.00
2017.10.11 06:29:52.318,1.48319,1.48331,1.56,1.00
2017.10.11 06:29:52.558,1.48318,1.48328,2.06,1.00
2017.10.11 06:29:53.531,1.48317,1.48328,1.62,1.00
2017.10.11 06:29:53.634,1.48315,1.48326,2.81,1.00
2017.10.11 06:29:53.736,1.48315,1.48326,1.87,1.00
2017.10.11 06:29:54.938,1.48312,1.48323,1.31,1.00
2017.10.11 06:29:55.092,1.4831,1.48322,1.87,1.00
2017.10.11 06:29:55.615,1.48309,1.48321,2.44,1.00
2017.10.11 06:29:56.149,1.4831,1.48321,1.00,1.00
2017.10.11 06:29:56.985,1.48309,1.48321,1.25,1.00
2017.10.11 06:29:59.713,1.48308,1.48313,1.50,1.25
2017.10.11 06:29:59.766,1.48303,1.48311,1.50,1.87
2017.10.11 06:29:59.818,1.48308,1.48312,1.00,1.00
2017.10.11 06:29:59.871,1.48299,1.48312,2.25,1.37
2017.10.11 06:29:59.922,1.48299,1.48312,1.13,1.12
2017.10.11 06:30:00.287,1.48299,1.48308,3.19,1.00
2017.10.11 06:30:00.339,1.48296,1.48308,1.31,1.00
2017.10.11 06:30:00.442,1.48297,1.48308,1.19,1.00
2017.10.11 06:30:00.547,1.48297,1.4831,1.19,1.12
2017.10.11 06:30:00.652,1.48297,1.48312,2.06,1.12
2017.10.11 06:30:01.132,1.483,1.48314,2.06,1.00
2017.10.11 06:30:01.237,1.48303,1.4831,2.00,1.00
2017.10.11 06:30:01.289,1.48304,1.48314,1.19,1.00
2017.10.11 06:30:01.341,1.483,1.48311,1.12,1.00
2017.10.11 06:30:01.393,1.48301,1.48314,1.37,1.00
2017.10.11 06:30:01.444,1.48301,1.48314,2.06,1.00
2017.10.11 06:30:01.496,1.48302,1.48314,1.19,1.00
2017.10.11 06:30:02.164,1.48301,1.48313,1.31,1.00
2017.10.11 06:30:02.216,1.48301,1.48311,1.19,1.00
2017.10.11 06:30:02.475,1.48301,1.48313,1.62,1.00
2017.10.11 06:30:02.528,1.48301,1.48315,1.50,1.37
2017.10.11 06:30:02.580,1.483,1.48315,3.37,1.00
2017.10.11 06:30:02.712,1.48303,1.48315,2.06,1.00
2017.10.11 06:30:02.765,1.48307,1.4832,2.06,1.00
2017.10.11 06:30:02.868,1.48307,1.48318,2.81,1.00
2017.10.11 06:30:02.920,1.48307,1.48321,1.69,1.19
2017.10.11 06:30:03.075,1.48307,1.4832,1.31,1.31
2017.10.11 06:30:03.336,1.48304,1.48316,1.38,1.00
2017.10.11 06:30:03.555,1.48307,1.48321,2.25,1.12
2017.10.11 06:30:04.075,1.48308,1.48322,1.44,1.00
2017.10.11 06:30:04.332,1.48312,1.48324,1.63,1.00
2017.10.11 06:30:04.383,1.48312,1.48324,1.63,1.00
2017.10.11 06:30:05.046,1.48311,1.48323,1.50,1.00
2017.10.11 06:30:05.355,1.4831,1.48321,3.00,1.00
2017.10.11 06:30:06.101,1.48312,1.48322,1.19,1.00
2017.10.11 06:30:06.153,1.48313,1.48324,1.44,1.00
2017.10.11 06:30:06.570,1.48312,1.48322,1.69,1.00
2017.10.11 06:30:07.335,1.48312,1.48323,1.19,1.00
2017.10.11 06:30:07.387,1.48311,1.48322,1.19,1.00
2017.10.11 06:30:07.490,1.48309,1.4832,1.19,1.00
2017.10.11 06:30:08.137,1.48309,1.4832,1.31,1.00
2017.10.11 06:30:08.666,1.48309,1.4832,1.19,1.00
2017.10.11 06:30:09.062,1.4831,1.48322,1.69,1.00
2017.10.11 06:30:09.597,1.4831,1.48322,1.19,1.00
2017.10.11 06:30:09.648,1.48309,1.4832,3.19,1.00
2017.10.11 06:30:09.962,1.48304,1.48316,1.44,1.00
2017.10.11 06:30:10.478,1.48304,1.48317,1.44,1.00
2017.10.11 06:30:11.142,1.48303,1.48314,1.69,1.00
2017.10.11 06:30:11.349,1.48297,1.4831,1.44,1.00
2017.10.11 06:30:11.453,1.48293,1.48307,3.94,1.00
2017.10.11 06:30:11.765,1.48295,1.48307,1.69,1.00
2017.10.11 06:30:12.078,1.48293,1.48305,1.19,1.00
2017.10.11 06:30:12.131,1.48291,1.48304,1.00,1.00
2017.10.11 06:30:12.183,1.48289,1.48302,1.87,1.00
2017.10.11 06:30:12.235,1.48288,1.48302,2.44,1.00
2017.10.11 06:30:12.886,1.48289,1.48302,1.50,1.00
2017.10.11 06:30:14.523,1.48288,1.48302,2.62,1.00
2017.10.11 06:30:15.147,1.48288,1.48302,1.25,1.00
2017.10.11 06:30:15.249,1.48293,1.48304,1.44,1.00
2017.10.11 06:30:15.403,1.48294,1.48306,1.13,1.25
2017.10.11 06:30:15.960,1.48295,1.48307,1.31,1.19
2017.10.11 06:30:17.324,1.48295,1.48308,1.50,1.00
2017.10.11 06:30:17.836,1.48294,1.48308,2.62,1.00
2017.10.11 06:30:18.312,1.48294,1.48306,1.87,1.00
2017.10.11 06:30:18.517,1.48294,1.48306,1.00,1.00
2017.10.11 06:30:18.925,1.48294,1.48302,1.00,1.00
2017.10.11 06:30:19.029,1.4829,1.48302,1.00,1.25
2017.10.11 06:30:19.131,1.48289,1.483,1.62,1.00
2017.10.11 06:30:19.644,1.48287,1.48299,1.38,1.00
2017.10.11 06:30:20.227,1.48286,1.48299,2.25,1.00
2017.10.11 06:30:22.116,1.48286,1.48299,3.94,1.00
2017.10.11 06:30:22.422,1.48284,1.48296,2.63,1.25
2017.10.11 06:30:22.525,1.48282,1.48294,2.44,1.00
2017.10.11 06:30:23.264,1.48282,1.48295,1.88,1.00
2017.10.11 06:30:23.521,1.48283,1.48298,1.75,1.00
2017.10.11 06:30:23.573,1.48285,1.48298,1.25,1.00
2017.10.11 06:30:24.230,1.48286,1.48298,1.44,1.00
2017.10.11 06:30:24.283,1.48285,1.48298,1.88,1.00
2017.10.11 06:30:24.335,1.48286,1.48298,1.38,1.00
2017.10.11 06:30:24.849,1.48285,1.48299,3.34,1.12
2017.10.11 06:30:25.373,1.48287,1.48298,1.87,1.00
2017.10.11 06:30:25.631,1.48284,1.48297,3.00,1.00
2017.10.11 06:30:25.734,1.48285,1.48297,1.38,1.00
2017.10.11 06:30:25.836,1.48285,1.48299,1.00,1.00
2017.10.11 06:30:26.174,1.48285,1.48299,1.50,1.00
2017.10.11 06:30:26.726,1.48285,1.48299,1.38,1.00
2017.10.11 06:30:27.237,1.48285,1.48299,1.88,1.00
2017.10.11 06:30:27.739,1.48285,1.48299,1.38,1.00
2017.10.11 06:30:28.848,1.48289,1.48301,1.12,1.50
2017.10.11 06:30:29.189,1.48289,1.483,2.44,1.00
2017.10.11 06:30:29.241,1.48289,1.483,1.31,1.00
2017.10.11 06:30:29.753,1.48287,1.48299,2.81,1.00
2017.10.11 06:30:30.441,1.48287,1.48299,1.12,1.00
2017.10.11 06:30:31.129,1.48287,1.48297,1.12,1.19
2017.10.11 06:30:31.336,1.48278,1.48289,1.12,1.00
2017.10.11 06:30:31.489,1.48278,1.48289,1.12,1.19
2017.10.11 06:30:31.643,1.48275,1.48288,2.44,1.19
2017.10.11 06:30:32.271,1.4828,1.48289,1.00,1.00
2017.10.11 06:30:32.803,1.48279,1.4829,1.00,1.00
2017.10.11 06:30:33.316,1.48278,1.4829,1.00,1.00
2017.10.11 06:30:33.833,1.48278,1.4829,2.25,1.00
2017.10.11 06:30:34.347,1.48279,1.48289,1.12,1.00
2017.10.11 06:30:34.960,1.48277,1.48289,2.62,1.00
2017.10.11 06:30:35.165,1.48274,1.48287,1.62,1.00
2017.10.11 06:30:35.930,1.48275,1.48286,1.12,1.00
2017.10.11 06:30:39.311,1.48275,1.48287,1.12,1.00
2017.10.11 06:30:39.362,1.48277,1.48287,1.00,1.00
2017.10.11 06:30:39.413,1.48277,1.48291,1.00,1.69
2017.10.11 06:30:39.517,1.48276,1.48289,1.87,1.00
2017.10.11 06:30:40.029,1.48276,1.48289,1.62,1.00
2017.10.11 06:30:41.226,1.48277,1.48289,1.50,1.00
2017.10.11 06:30:42.452,1.48276,1.48289,1.69,1.00
2017.10.11 06:30:43.114,1.48277,1.48289,1.00,1.00
2017.10.11 06:30:43.625,1.48278,1.4829,1.00,1.00
2017.10.11 06:30:44.722,1.48277,1.4829,2.25,1.00
2017.10.11 06:30:45.299,1.48276,1.4829,2.62,1.00
2017.10.11 06:30:46.166,1.48277,1.4829,1.00,1.00
2017.10.11 06:30:47.155,1.48279,1.4829,1.00,1.00
2017.10.11 06:30:48.456,1.48278,1.4829,1.50,1.25
2017.10.11 06:30:49.007,1.48279,1.4829,1.00,1.25
2017.10.11 06:30:50.258,1.48278,1.4829,1.50,1.25
2017.10.11 06:30:50.791,1.48279,1.4829,1.00,1.25
2017.10.11 06:30:51.398,1.48282,1.48292,1.00,1.00
2017.10.11 06:30:51.603,1.48283,1.48295,1.87,1.69
2017.10.11 06:30:51.756,1.48284,1.48292,1.00,1.19
2017.10.11 06:30:51.910,1.48276,1.48285,1.37,1.00
2017.10.11 06:30:52.004,1.48276,1.48284,1.00,1.00
2017.10.11 06:30:52.056,1.48272,1.48284,1.00,1.00
2017.10.11 06:30:52.261,1.48275,1.48286,1.12,1.50
2017.10.11 06:30:53.276,1.48274,1.48286,1.12,1.50
2017.10.11 06:30:54.226,1.48275,1.48286,1.00,1.50
2017.10.11 06:30:54.728,1.48276,1.48287,1.00,1.00
2017.10.11 06:30:55.034,1.48278,1.48289,1.31,1.00
2017.10.11 06:30:55.759,1.48278,1.48289,2.25,1.00
2017.10.11 06:30:56.274,1.48278,1.48289,1.12,1.00
2017.10.11 06:30:58.538,1.48278,1.4829,1.87,1.00
2017.10.11 06:30:59.048,1.48277,1.48288,1.37,1.00
2017.10.11 06:30:59.406,1.48279,1.4829,1.00,1.00
2017.10.11 06:31:00.527,1.48278,1.4829,1.69,1.00
2017.10.11 06:31:00.873,1.4828,1.4829,1.00,1.00
2017.10.11 06:31:02.202,1.48278,1.48288,1.00,1.00
2017.10.11 06:31:02.305,1.4828,1.48291,1.50,1.50
2017.10.11 06:31:02.921,1.48281,1.48291,1.00,1.50
2017.10.11 06:31:04.222,1.4828,1.48291,3.37,1.00
2017.10.11 06:31:04.761,1.48281,1.48291,1.00,1.00
2017.10.11 06:31:04.814,1.48281,1.48294,1.00,1.19
2017.10.11 06:31:05.428,1.4828,1.48293,3.00,1.25
2017.10.11 06:31:05.867,1.4828,1.48291,2.25,1.00
2017.10.11 06:31:06.021,1.48277,1.4829,1.25,1.19
2017.10.11 06:31:06.531,1.48276,1.48291,2.06,1.69
2017.10.11 06:31:08.397,1.48282,1.48291,1.00,1.00
2017.10.11 06:31:08.603,1.48279,1.48291,1.37,1.31
2017.10.11 06:31:08.657,1.48276,1.48292,1.50,2.06
2017.10.11 06:31:08.968,1.48279,1.48292,1.31,1.00
2017.10.11 06:31:09.275,1.48285,1.48299,2.06,1.50
2017.10.11 06:31:09.378,1.48287,1.48299,1.12,1.00
2017.10.11 06:31:09.933,1.48287,1.483,1.31,1.50
2017.10.11 06:31:11.875,1.48286,1.48298,1.50,1.69
2017.10.11 06:31:12.131,1.48284,1.48298,1.00,1.56
2017.10.11 06:31:13.537,1.48284,1.48297,1.00,1.69
2017.10.11 06:31:13.590,1.48284,1.48298,1.25,1.00
2017.10.11 06:31:13.662,1.48286,1.48298,1.87,1.00
2017.10.11 06:31:14.029,1.48288,1.48298,1.12,1.00
2017.10.11 06:31:14.554,1.48287,1.48298,1.50,1.00
2017.10.11 06:31:15.076,1.48288,1.48298,1.00,1.00
2017.10.11 06:31:15.610,1.48287,1.48298,2.25,1.00
2017.10.11 06:31:16.804,1.48289,1.48302,1.00,1.19
2017.10.11 06:31:17.315,1.4829,1.48302,1.00,1.00
2017.10.11 06:31:17.824,1.48289,1.48302,1.50,1.00
2017.10.11 06:31:18.415,1.48291,1.48302,1.00,1.00
2017.10.11 06:31:18.467,1.48289,1.48302,1.12,1.00
2017.10.11 06:31:18.775,1.48286,1.48301,2.44,1.31
2017.10.11 06:31:19.111,1.4829,1.48301,1.00,1.25
2017.10.11 06:31:19.469,1.48288,1.48301,1.69,1.25
2017.10.11 06:31:20.030,1.48289,1.48302,1.12,1.69
2017.10.11 06:31:20.796,1.4829,1.48302,1.50,1.19
2017.10.11 06:31:21.315,1.48291,1.48302,1.00,1.19
2017.10.11 06:31:21.716,1.48294,1.48307,1.00,3.00
2017.10.11 06:31:22.263,1.48295,1.48305,1.12,1.25
2017.10.11 06:31:22.923,1.48292,1.48303,1.12,1.00
2017.10.11 06:31:22.975,1.48291,1.48303,1.00,1.31
2017.10.11 06:31:23.129,1.48288,1.48303,3.00,1.31
2017.10.11 06:31:23.693,1.48291,1.48303,1.00,1.19
2017.10.11 06:31:24.317,1.48289,1.48303,1.12,1.19
2017.10.11 06:31:24.859,1.48285,1.483,2.62,1.00
2017.10.11 06:31:24.970,1.48285,1.483,1.00,1.87
2017.10.11 06:31:25.024,1.4828,1.48295,1.50,1.19
2017.10.11 06:31:25.076,1.4828,1.48294,1.12,1.25
2017.10.11 06:31:25.178,1.48278,1.48291,1.00,1.00
2017.10.11 06:31:25.282,1.48275,1.4829,2.06,1.25
2017.10.11 06:31:25.591,1.48274,1.48289,1.50,1.00
2017.10.11 06:31:26.115,1.48273,1.48288,2.25,1.50
2017.10.11 06:31:26.643,1.48273,1.48288,1.12,1.00
2017.10.11 06:31:28.640,1.48273,1.48288,1.87,1.31
2017.10.11 06:31:29.180,1.48274,1.48287,1.50,1.00
2017.10.11 06:31:30.164,1.48275,1.48287,1.00,1.00
2017.10.11 06:31:30.474,1.48275,1.48285,1.00,1.25
2017.10.11 06:31:30.783,1.4827,1.48285,1.87,1.25
2017.10.11 06:31:32.367,1.48273,1.48286,1.56,1.50
2017.10.11 06:31:32.675,1.48278,1.48289,1.56,1.00
2017.10.11 06:31:33.206,1.4828,1.48289,1.00,1.00
2017.10.11 06:31:33.735,1.48279,1.48289,1.31,1.00
2017.10.11 06:31:34.272,1.48279,1.48291,2.06,1.25
2017.10.11 06:31:34.407,1.4828,1.48291,1.19,1.25
2017.10.11 06:31:34.953,1.48281,1.48294,1.31,1.69
2017.10.11 06:31:35.256,1.48284,1.48294,1.00,1.25
2017.10.11 06:31:35.887,1.48283,1.48296,1.87,1.12
2017.10.11 06:31:36.207,1.48287,1.48297,1.00,1.00
2017.10.11 06:31:36.715,1.48287,1.48298,1.87,1.00
2017.10.11 06:31:37.223,1.48288,1.48298,1.00,1.00
2017.10.11 06:31:37.925,1.48287,1.48298,1.12,1.00
2017.10.11 06:31:38.985,1.48288,1.48298,1.00,1.00
2017.10.11 06:31:39.494,1.48287,1.48298,1.12,1.00
2017.10.11 06:31:40.009,1.48284,1.48298,2.25,2.06
2017.10.11 06:31:40.525,1.48284,1.48298,2.06,1.00
2017.10.11 06:31:40.576,1.48285,1.48298,2.44,1.00
2017.10.11 06:31:42.618,1.48287,1.483,2.00,1.00
2017.10.11 06:31:42.892,1.48284,1.48297,1.50,1.00
2017.10.11 06:31:43.303,1.48284,1.483,2.00,1.31
2017.10.11 06:31:43.842,1.48288,1.48302,1.00,1.69
2017.10.11 06:31:44.358,1.48287,1.48301,1.50,1.19
2017.10.11 06:31:45.513,1.48287,1.48302,1.12,1.00
2017.10.11 06:31:46.515,1.48287,1.48299,1.12,1.00
2017.10.11 06:31:46.874,1.48284,1.48296,1.87,1.00
2017.10.11 06:31:47.993,1.48285,1.48296,1.31,1.00
2017.10.11 06:31:48.536,1.48283,1.48296,1.62,1.00
2017.10.11 06:31:49.003,1.48283,1.48296,1.31,1.00
2017.10.11 06:31:49.258,1.48282,1.48296,1.50,1.19
2017.10.11 06:31:49.425,1.48282,1.48296,1.50,1.25
2017.10.11 06:31:50.235,1.48282,1.48294,1.00,1.31
2017.10.11 06:31:50.287,1.4828,1.48293,1.00,2.06
2017.10.11 06:31:50.389,1.4828,1.48293,1.00,1.31
2017.10.11 06:31:50.948,1.48282,1.48293,1.00,1.00
2017.10.11 06:31:51.051,1.48282,1.48295,2.25,1.12
2017.10.11 06:31:51.969,1.48284,1.48295,1.00,1.00
2017.10.11 06:31:52.263,1.48286,1.48299,3.94,1.00
2017.10.11 06:31:52.723,1.48287,1.48299,1.69,1.00
2017.10.11 06:31:52.980,1.48294,1.48305,1.00,1.12
2017.10.11 06:31:53.083,1.48292,1.48305,1.00,1.81
2017.10.11 06:31:53.329,1.48295,1.48307,1.00,1.25
2017.10.11 06:31:53.433,1.48293,1.48307,1.69,1.25
2017.10.11 06:31:54.243,1.48294,1.48307,1.00,1.25
2017.10.11 06:31:54.295,1.48301,1.48307,1.00,1.00
2017.10.11 06:31:54.347,1.48298,1.48311,2.06,1.31
2017.10.11 06:31:54.736,1.48296,1.48311,1.00,1.62
2017.10.11 06:31:54.788,1.48294,1.48309,2.62,1.50
2017.10.11 06:31:55.251,1.48292,1.48306,1.87,1.00
2017.10.11 06:31:55.587,1.48297,1.48308,1.00,1.19
2017.10.11 06:31:56.129,1.48296,1.48308,1.50,1.19
2017.10.11 06:31:56.640,1.48293,1.48308,1.69,1.69
2017.10.11 06:31:56.906,1.48293,1.48308,1.50,1.69
2017.10.11 06:32:00.068,1.48293,1.48308,1.69,2.81
2017.10.11 06:32:01.214,1.48294,1.48308,1.31,2.81
2017.10.11 06:32:01.266,1.48294,1.48309,1.31,1.69
2017.10.11 06:32:01.783,1.48297,1.4831,1.00,1.19
2017.10.11 06:32:03.454,1.48298,1.48312,1.00,1.12
2017.10.11 06:32:03.659,1.48301,1.48315,1.00,1.69
2017.10.11 06:32:04.252,1.48301,1.48315,1.00,1.19
2017.10.11 06:32:05.144,1.48301,1.48315,1.19,1.19
2017.10.11 06:32:05.656,1.48303,1.48317,1.00,1.19
2017.10.11 06:32:06.051,1.48306,1.48317,1.00,1.19
2017.10.11 06:32:06.102,1.48306,1.48319,1.12,1.31
2017.10.11 06:32:06.522,1.48306,1.48318,1.12,1.19
2017.10.11 06:32:10.686,1.48303,1.48316,3.37,1.19
2017.10.11 06:32:11.195,1.48303,1.48316,1.56,1.19
2017.10.11 06:32:11.498,1.48303,1.48318,1.44,1.69
2017.10.11 06:32:13.351,1.48303,1.48318,3.37,1.31
2017.10.11 06:32:13.403,1.48307,1.4832,1.56,1.31
2017.10.11 06:32:14.041,1.48309,1.48322,1.00,1.37
2017.10.11 06:32:16.628,1.48309,1.48323,1.00,1.44
2017.10.11 06:32:18.250,1.48309,1.48324,1.37,3.19
2017.10.11 06:32:18.302,1.48309,1.48321,1.00,3.75
2017.10.11 06:32:18.405,1.48306,1.48319,1.00,2.06
2017.10.11 06:32:18.610,1.48304,1.48317,1.19,1.56
2017.10.11 06:32:18.714,1.48304,1.48319,1.19,1.31
2017.10.11 06:32:20.658,1.48304,1.48318,1.69,3.75
2017.10.11 06:32:20.803,1.48304,1.48318,1.31,1.87
2017.10.11 06:32:21.320,1.48304,1.48318,1.31,2.81
2017.10.11 06:32:21.829,1.48304,1.48314,1.00,1.00
2017.10.11 06:32:21.881,1.48301,1.48315,1.50,2.06
2017.10.11 06:32:22.830,1.48301,1.48313,1.87,1.00
2017.10.11 06:32:23.085,1.48303,1.48316,1.81,2.44
2017.10.11 06:32:23.375,1.48306,1.48321,1.31,1.25
2017.10.11 06:32:23.896,1.48306,1.4832,1.31,1.00
2017.10.11 06:32:23.948,1.48306,1.4832,1.25,2.62
2017.10.11 06:32:24.254,1.48306,1.48317,1.25,1.69
2017.10.11 06:32:26.121,1.48306,1.48319,1.00,1.19
2017.10.11 06:32:27.993,1.48306,1.4832,1.25,1.25
2017.10.11 06:32:28.194,1.48306,1.48318,1.25,1.00
2017.10.11 06:32:28.712,1.48306,1.48317,1.00,1.00
2017.10.11 06:32:29.217,1.48306,1.48318,1.00,1.00
2017.10.11 06:32:29.680,1.48306,1.4832,1.00,1.12
2017.10.11 06:32:29.782,1.48305,1.4832,1.12,1.12
2017.10.11 06:32:30.040,1.48304,1.4832,2.25,2.06
2017.10.11 06:32:30.402,1.48306,1.48319,1.25,1.00
2017.10.11 06:32:31.489,1.48306,1.48319,1.19,1.00
2017.10.11 06:32:33.955,1.48306,1.48319,1.25,1.00
2017.10.11 06:32:34.752,1.48306,1.48322,1.25,3.94
2017.10.11 06:32:35.357,1.48306,1.4832,1.25,1.12
2017.10.11 06:32:35.621,1.48306,1.48321,3.75,1.00
2017.10.11 06:32:35.804,1.48306,1.48322,1.19,3.19
2017.10.11 06:32:36.317,1.48306,1.48322,1.19,3.19
2017.10.11 06:32:36.849,1.48304,1.48319,1.50,1.00
2017.10.11 06:32:37.466,1.48304,1.48318,1.50,1.50
2017.10.11 06:32:40.637,1.48304,1.48314,1.50,1.50
2017.10.11 06:32:44.607,1.48304,1.48314,1.12,1.50
2017.10.11 06:32:45.420,1.48304,1.48314,1.44,1.50
2017.10.11 06:32:45.472,1.48307,1.48318,2.25,1.50
2017.10.11 06:32:45.524,1.48307,1.48322,2.25,1.37
2017.10.11 06:32:45.576,1.4831,1.48322,1.00,1.00
2017.10.11 06:32:45.628,1.4831,1.48324,1.50,2.81
2017.10.11 06:32:45.751,1.4831,1.48319,1.00,1.50
2017.10.11 06:32:47.512,1.4831,1.48322,1.50,2.25
2017.10.11 06:32:48.032,1.4831,1.48322,2.44,1.50
2017.10.11 06:32:48.721,1.4831,1.48321,2.25,1.50
2017.10.11 06:32:48.774,1.4831,1.4832,2.06,1.50
2017.10.11 06:32:48.825,1.4831,1.4832,1.50,1.50
2017.10.11 06:32:53.789,1.4831,1.4832,1.87,1.50
2017.10.11 06:32:54.321,1.4831,1.48321,1.69,1.50
2017.10.11 06:32:56.651,1.4831,1.48321,1.69,1.50
2017.10.11 06:32:59.088,1.48312,1.48322,1.00,1.50
2017.10.11 06:33:00.736,1.48312,1.48325,1.00,1.69
2017.10.11 06:33:04.512,1.48312,1.48322,1.25,1.50
2017.10.11 06:33:05.050,1.48312,1.48321,1.00,1.50
2017.10.11 06:33:05.391,1.48312,1.48324,1.00,1.69
2017.10.11 06:33:05.991,1.48312,1.48324,1.00,1.50
2017.10.11 06:33:13.216,1.48314,1.48329,1.19,4.87
2017.10.11 06:33:13.268,1.48316,1.48329,1.69,2.62
2017.10.11 06:33:13.576,1.4832,1.4833,1.44,1.50
2017.10.11 06:33:18.410,1.4832,1.48327,1.00,1.50
2017.10.11 06:33:18.929,1.48317,1.48327,1.44,1.50
2017.10.11 06:33:19.604,1.48317,1.48325,1.19,1.50
2017.10.11 06:33:19.912,1.48314,1.48323,1.19,1.50
2017.10.11 06:33:27.941,1.48314,1.48322,1.19,1.50
2017.10.11 06:33:29.318,1.48312,1.48319,2.25,1.50
2017.10.11 06:33:30.326,1.48312,1.48322,2.62,1.50
2017.10.11 06:33:31.299,1.48312,1.48323,2.62,1.50
2017.10.11 06:33:31.932,1.48313,1.48323,1.19,1.50
2017.10.11 06:33:35.658,1.48313,1.48324,1.44,1.50
2017.10.11 06:33:37.688,1.48314,1.48324,1.87,1.50
2017.10.11 06:33:37.876,1.48318,1.4833,1.50,2.25
2017.10.11 06:33:37.928,1.48321,1.48332,1.37,1.50
2017.10.11 06:33:39.358,1.48321,1.48331,1.44,1.50
2017.10.11 06:33:43.296,1.48322,1.48333,1.44,1.50
2017.10.11 06:33:45.125,1.48324,1.48334,1.00,1.50
2017.10.11 06:33:53.706,1.48324,1.48332,1.00,1.50
2017.10.11 06:33:57.626,1.48324,1.48331,1.00,1.50
2017.10.11 06:33:58.750,1.48326,1.48331,1.00,1.50
2017.10.11 06:34:00.108,1.48326,1.48334,1.00,1.87
2017.10.11 06:34:00.610,1.48325,1.48334,1.00,1.87
2017.10.11 06:34:01.178,1.48325,1.48334,1.00,1.87
2017.10.11 06:34:03.946,1.48324,1.48334,1.00,1.87
2017.10.11 06:34:04.457,1.48325,1.48334,1.00,1.87
2017.10.11 06:34:08.125,1.4833,1.48339,1.00,1.25
2017.10.11 06:34:08.229,1.48331,1.48341,1.00,1.00
2017.10.11 06:34:08.751,1.48332,1.48341,1.00,1.00
2017.10.11 06:34:09.278,1.48332,1.48343,1.00,3.19
2017.10.11 06:34:09.816,1.48332,1.48343,1.00,1.12
2017.10.11 06:34:10.326,1.4833,1.48341,1.00,2.06
2017.10.11 06:34:10.690,1.48328,1.48339,1.00,1.81
2017.10.11 06:34:13.270,1.4833,1.48339,1.00,1.87
2017.10.11 06:34:13.373,1.48331,1.48342,1.25,2.25
2017.10.11 06:34:13.784,1.48334,1.48342,1.00,1.00
2017.10.11 06:34:14.041,1.48334,1.48345,1.00,1.12
2017.10.11 06:34:14.617,1.48334,1.48343,1.00,1.87
2017.10.11 06:34:17.739,1.48333,1.48343,1.25,1.87
2017.10.11 06:34:18.249,1.48334,1.48343,1.00,1.87
2017.10.11 06:34:18.575,1.4833,1.48341,1.12,2.81
2017.10.11 06:34:18.626,1.4833,1.48338,1.12,1.87
2017.10.11 06:34:18.781,1.48328,1.48338,1.00,2.62
2017.10.11 06:34:19.568,1.4833,1.48338,1.00,1.37
2017.10.11 06:34:19.772,1.4833,1.48341,1.00,1.69
2017.10.11 06:34:20.288,1.4833,1.48341,1.00,1.12
2017.10.11 06:34:20.877,1.4833,1.48341,1.00,1.37
2017.10.11 06:34:21.032,1.48332,1.48343,1.00,2.06
2017.10.11 06:34:21.189,1.48328,1.48341,1.87,2.44
2017.10.11 06:34:21.705,1.48329,1.48341,1.00,1.69
2017.10.11 06:34:22.241,1.48329,1.4834,1.00,1.37
2017.10.11 06:34:23.006,1.48331,1.48341,1.00,2.25
2017.10.11 06:34:23.390,1.48326,1.48338,2.25,1.62
2017.10.11 06:34:23.442,1.48324,1.48334,1.00,1.37
2017.10.11 06:34:23.975,1.48323,1.48334,1.00,1.87
2017.10.11 06:34:25.063,1.48323,1.48332,1.00,1.37
2017.10.11 06:34:25.584,1.48323,1.48332,1.00,1.87
2017.10.11 06:34:27.040,1.48323,1.48334,1.00,3.56
2017.10.11 06:34:28.344,1.48324,1.48334,1.00,3.19
2017.10.11 06:34:28.396,1.48324,1.48334,1.00,1.12
2017.10.11 06:34:28.805,1.48322,1.48335,1.00,1.87
2017.10.11 06:34:29.302,1.4832,1.48332,1.00,2.81
2017.10.11 06:34:29.456,1.48316,1.48328,1.00,2.06
2017.10.11 06:34:29.559,1.48314,1.48326,1.00,1.00
2017.10.11 06:34:29.714,1.48316,1.48326,1.00,1.31
2017.10.11 06:34:30.262,1.48316,1.48327,1.00,4.12
2017.10.11 06:34:30.837,1.48316,1.48327,1.00,4.12
2017.10.11 06:34:31.416,1.4831,1.48311,1.00,1.00
2017.10.11 06:34:31.468,1.48304,1.48311,1.12,1.31
2017.10.11 06:34:31.571,1.48301,1.48313,1.00,1.31
2017.10.11 06:34:31.674,1.48302,1.48314,1.00,3.37
2017.10.11 06:34:32.033,1.48308,1.48314,1.00,1.00
2017.10.11 06:34:32.187,1.4831,1.48321,1.00,1.50
2017.10.11 06:34:32.341,1.48312,1.48323,1.00,2.06
2017.10.11 06:34:32.614,1.48313,1.48324,1.00,1.00
2017.10.11 06:34:32.666,1.48315,1.48327,1.00,2.25
2017.10.11 06:34:32.810,1.48315,1.48327,1.00,1.69
2017.10.11 06:34:35.233,1.48316,1.48327,1.00,1.50
2017.10.11 06:34:35.285,1.48314,1.48327,1.25,4.50
2017.10.11 06:34:35.489,1.48312,1.48324,1.00,1.00
2017.10.11 06:34:36.011,1.48312,1.48325,1.00,3.37
2017.10.11 06:34:37.440,1.4831,1.48321,1.00,2.81
2017.10.11 06:34:37.542,1.48307,1.48321,1.87,3.94
2017.10.11 06:34:37.595,1.48309,1.48321,1.00,1.50
2017.10.11 06:34:37.648,1.48309,1.4832,1.00,2.25
2017.10.11 06:34:37.990,1.48311,1.48321,1.00,3.75
2017.10.11 06:34:38.298,1.4831,1.48321,1.00,1.37
2017.10.11 06:34:38.503,1.48312,1.48321,1.00,1.00
2017.10.11 06:34:38.809,1.48312,1.48322,1.00,2.44
2017.10.11 06:34:39.014,1.4831,1.48322,1.00,1.62
2017.10.11 06:34:39.431,1.48312,1.48321,1.00,2.62
2017.10.11 06:34:39.534,1.48307,1.48317,1.69,1.00
2017.10.11 06:34:39.588,1.48306,1.48319,1.00,1.94
2017.10.11 06:34:39.641,1.48305,1.48316,1.25,1.87
2017.10.11 06:34:39.745,1.48307,1.48319,1.00,3.75
2017.10.11 06:34:39.848,1.48308,1.4832,1.00,1.50
2017.10.11 06:34:39.900,1.4831,1.48321,1.00,1.50
2017.10.11 06:34:40.207,1.48312,1.48323,1.00,2.06
2017.10.11 06:34:40.667,1.48312,1.48324,1.00,3.56
2017.10.11 06:34:40.770,1.48312,1.48321,1.00,1.44
2017.10.11 06:34:40.923,1.48312,1.48323,1.00,1.69
2017.10.11 06:34:41.230,1.48312,1.48321,1.00,1.37
2017.10.11 06:34:41.766,1.48311,1.48322,1.00,3.00
2017.10.11 06:34:41.920,1.48311,1.48323,1.00,2.62
2017.10.11 06:34:42.125,1.48313,1.48323,1.00,1.12
2017.10.11 06:34:42.267,1.48315,1.48325,1.00,2.62
2017.10.11 06:34:42.933,1.48316,1.48326,1.00,1.37
2017.10.11 06:34:45.502,1.48313,1.48324,1.00,2.25
2017.10.11 06:34:46.016,1.48314,1.48324,1.00,1.87
2017.10.11 06:34:47.153,1.48315,1.48326,1.00,3.00
2017.10.11 06:34:47.746,1.48316,1.48326,1.00,1.37
2017.10.11 06:34:48.256,1.48316,1.48326,1.00,1.12
2017.10.11 06:34:48.718,1.48317,1.4833,1.25,4.31
2017.10.11 06:34:48.897,1.48319,1.4833,1.25,1.37
2017.10.11 06:34:49.362,1.48318,1.48326,1.00,1.12
2017.10.11 06:34:50.408,1.48317,1.48328,1.00,1.62
2017.10.11 06:34:51.456,1.48317,1.48327,1.00,1.87
2017.10.11 06:34:52.378,1.48314,1.48327,1.00,1.87
2017.10.11 06:34:52.481,1.48317,1.48325,1.00,1.37
2017.10.11 06:34:52.990,1.48318,1.48326,1.00,1.87
2017.10.11 06:34:53.563,1.48317,1.48326,1.00,1.87
2017.10.11 06:34:53.768,1.48318,1.48328,1.00,1.12
2017.10.11 06:34:54.286,1.48319,1.48331,1.00,3.37
2017.10.11 06:34:54.339,1.48319,1.48329,1.00,1.87
2017.10.11 06:34:54.853,1.48318,1.48329,1.00,2.62
2017.10.11 06:34:55.384,1.48318,1.48327,1.00,1.87
2017.10.11 06:35:04.499,1.48318,1.48329,1.00,3.19
2017.10.11 06:35:05.657,1.48318,1.48328,1.00,2.06
2017.10.11 06:35:05.965,1.48315,1.48325,1.00,3.00
2017.10.11 06:35:06.222,1.48312,1.48323,1.00,2.25
2017.10.11 06:35:06.745,1.48313,1.48323,1.00,2.81
2017.10.11 06:35:07.568,1.48313,1.48324,1.00,2.62
2017.10.11 06:35:07.782,1.48314,1.48324,1.00,1.00
2017.10.11 06:35:07.965,1.48317,1.48328,1.00,4.31
2017.10.11 06:35:12.155,1.48317,1.48328,1.00,1.62
2017.10.11 06:35:12.984,1.48319,1.48329,1.00,1.13
2017.10.11 06:35:13.036,1.48319,1.48329,1.00,1.38
2017.10.11 06:35:13.668,1.4832,1.48331,1.00,2.59
2017.10.11 06:35:14.179,1.48321,1.48331,1.00,2.59
2017.10.11 06:35:17.554,1.48321,1.4833,1.00,1.20
2017.10.11 06:35:19.105,1.48321,1.4833,1.00,1.09
2017.10.11 06:35:19.258,1.48321,1.4833,1.00,1.20
2017.10.11 06:35:19.826,1.48321,1.4833,1.00,1.09
2017.10.11 06:35:20.293,1.48322,1.48332,1.00,1.09
2017.10.11 06:35:20.397,1.48324,1.48334,1.19,1.12
2017.10.11 06:35:20.705,1.48318,1.48329,1.25,1.31
2017.10.11 06:35:20.808,1.48316,1.48328,1.00,1.19
2017.10.11 06:35:21.326,1.48316,1.48328,1.00,2.81
2017.10.11 06:35:22.272,1.48314,1.48327,1.25,2.25
2017.10.11 06:35:22.774,1.48314,1.48327,1.00,2.25
2017.10.11 06:35:23.305,1.48313,1.48327,1.00,3.94
2017.10.11 06:35:23.563,1.48312,1.48326,1.00,3.00
2017.10.11 06:35:23.614,1.48312,1.48326,1.00,3.19
2017.10.11 06:35:23.666,1.48312,1.48325,1.00,1.56
2017.10.11 06:35:23.872,1.48309,1.4832,1.00,1.20
2017.10.11 06:35:24.586,1.48311,1.4832,1.00,1.20
2017.10.11 06:35:26.122,1.48312,1.48325,1.25,1.50
2017.10.11 06:35:26.174,1.48315,1.48325,1.00,1.12
2017.10.11 06:35:26.480,1.48318,1.48328,1.25,1.00
2017.10.11 06:35:27.024,1.48318,1.48329,1.25,1.84
2017.10.11 06:35:27.350,1.4832,1.4833,1.00,1.84
2017.10.11 06:35:27.909,1.4832,1.4833,1.19,1.84
2017.10.11 06:35:28.774,1.48319,1.4833,1.00,2.40
2017.10.11 06:35:29.337,1.48319,1.48332,1.25,1.59
2017.10.11 06:35:29.440,1.48321,1.48333,1.25,3.90
2017.10.11 06:35:30.793,1.4832,1.48332,1.00,2.03
2017.10.11 06:35:30.896,1.48316,1.48327,1.00,1.12
2017.10.11 06:35:30.999,1.48313,1.48327,1.19,1.65
2017.10.11 06:35:31.511,1.48312,1.48326,1.19,1.69
2017.10.11 06:35:33.217,1.48311,1.48325,1.25,1.69
2017.10.11 06:35:33.777,1.4831,1.48325,1.44,2.62
2017.10.11 06:35:34.727,1.4831,1.48325,1.44,2.81
2017.10.11 06:35:35.311,1.4831,1.48323,1.69,1.69
2017.10.11 06:35:35.465,1.48308,1.48322,1.25,2.25
2017.10.11 06:35:36.277,1.48308,1.48323,1.69,3.56
2017.10.11 06:35:37.330,1.48308,1.48321,1.25,1.00
2017.10.11 06:35:37.874,1.48308,1.48323,1.25,1.81
2017.10.11 06:35:38.623,1.48309,1.48323,2.44,1.00
2017.10.11 06:35:38.930,1.48312,1.48326,1.19,2.40
2017.10.11 06:35:39.672,1.4831,1.48323,1.25,1.00
2017.10.11 06:35:39.775,1.48308,1.4832,1.25,1.00
2017.10.11 06:35:43.218,1.48307,1.48322,1.19,2.44
2017.10.11 06:35:43.729,1.48306,1.48321,2.44,1.00
2017.10.11 06:35:44.260,1.48309,1.48321,1.00,1.00
2017.10.11 06:35:44.834,1.48307,1.48322,1.19,1.19
2017.10.11 06:35:50.802,1.48306,1.4832,1.12,2.96
2017.10.11 06:35:51.344,1.48305,1.48319,1.19,1.39
2017.10.11 06:35:51.871,1.48304,1.48319,1.69,1.84
2017.10.11 06:35:52.259,1.48309,1.4832,1.50,1.37
2017.10.11 06:35:52.311,1.48311,1.48325,1.12,2.81
2017.10.11 06:35:52.415,1.48312,1.48325,1.19,1.31
2017.10.11 06:35:53.698,1.48312,1.48326,1.69,1.00
2017.10.11 06:35:54.005,1.48315,1.48326,1.00,1.00
2017.10.11 06:35:55.352,1.48315,1.48329,2.62,1.25
2017.10.11 06:35:56.740,1.48315,1.4833,4.13,1.25
2017.10.11 06:35:57.149,1.48313,1.48329,2.25,1.12
2017.10.11 06:35:57.762,1.48313,1.48325,1.50,1.00
2017.10.11 06:35:58.105,1.48309,1.48323,1.87,1.00
2017.10.11 06:35:58.311,1.48309,1.48321,1.12,1.00
2017.10.11 06:35:58.620,1.48307,1.48319,1.25,1.00
2017.10.11 06:35:59.333,1.48307,1.48318,1.69,1.00
2017.10.11 06:36:00.946,1.48306,1.48318,2.06,1.00
2017.10.11 06:36:01.253,1.48304,1.48316,1.87,1.00
2017.10.11 06:36:01.407,1.48307,1.48318,1.31,1.00
2017.10.11 06:36:01.946,1.48308,1.48318,1.00,1.00
2017.10.11 06:36:03.919,1.48305,1.48318,5.06,1.00
2017.10.11 06:36:04.988,1.48306,1.48316,1.81,1.00
2017.10.11 06:36:06.136,1.48305,1.48315,1.19,1.00
2017.10.11 06:36:10.200,1.48305,1.48316,2.44,1.00
2017.10.11 06:36:10.302,1.48306,1.48319,3.19,1.00
2017.10.11 06:36:10.866,1.48307,1.48317,1.19,1.00
2017.10.11 06:36:11.952,1.48306,1.4832,2.06,1.27
2017.10.11 06:36:12.156,1.48305,1.4832,1.19,2.21
2017.10.11 06:36:12.259,1.48305,1.4832,1.19,2.02
2017.10.11 06:36:12.784,1.48305,1.4832,1.19,2.21
2017.10.11 06:36:13.835,1.48305,1.4832,1.19,2.40
2017.10.11 06:36:14.767,1.48307,1.4832,1.19,1.46
2017.10.11 06:36:14.870,1.48305,1.4832,3.37,2.02
2017.10.11 06:36:14.972,1.48304,1.48317,2.62,1.00
2017.10.11 06:36:15.498,1.48304,1.48317,1.87,1.00
2017.10.11 06:36:16.460,1.48304,1.48317,2.44,1.00
2017.10.11 06:36:16.821,1.48307,1.48321,2.25,1.00
2017.10.11 06:36:16.925,1.48309,1.48324,1.25,1.00
2017.10.11 06:36:17.434,1.48309,1.48324,1.31,2.44
2017.10.11 06:36:17.861,1.4831,1.48324,2.25,1.25
2017.10.11 06:36:18.759,1.48309,1.48324,2.25,1.44
2017.10.11 06:36:19.284,1.48309,1.48324,1.50,1.00
2017.10.11 06:36:20.681,1.48314,1.48325,1.25,1.50
2017.10.11 06:36:20.990,1.48311,1.48322,1.00,1.84
2017.10.11 06:36:21.507,1.4831,1.48322,2.44,2.59
2017.10.11 06:36:21.851,1.4831,1.48322,1.19,2.59
2017.10.11 06:36:22.777,1.4831,1.48322,1.12,1.00
2017.10.11 06:36:24.308,1.48307,1.48322,1.69,1.31
2017.10.11 06:36:24.411,1.48307,1.48322,2.06,1.00
2017.10.11 06:36:24.564,1.48305,1.4832,2.81,1.00
2017.10.11 06:36:24.871,1.48309,1.4832,1.31,1.00
2017.10.11 06:36:29.222,1.48307,1.48323,2.25,3.94
2017.10.11 06:36:29.278,1.48308,1.48323,1.13,1.00
2017.10.11 06:36:29.689,1.4831,1.48324,1.81,1.00
2017.10.11 06:36:30.246,1.48311,1.48324,2.06,1.00
2017.10.11 06:36:32.147,1.4831,1.48324,2.44,1.50
2017.10.11 06:36:32.959,1.48311,1.48324,1.50,1.00
2017.10.11 06:36:33.062,1.48312,1.48327,1.19,1.00
2017.10.11 06:36:33.593,1.48311,1.48326,3.00,1.00
2017.10.11 06:36:34.213,1.48311,1.48327,3.00,1.50
2017.10.11 06:36:34.916,1.48311,1.48326,2.06,1.25
2017.10.11 06:36:35.427,1.48311,1.48328,2.81,2.81
2017.10.11 06:36:35.914,1.48311,1.48328,2.25,3.19
2017.10.11 06:36:36.221,1.48311,1.48327,1.50,2.19
2017.10.11 06:36:36.528,1.48307,1.4832,1.00,1.69
2017.10.11 06:36:37.479,1.48305,1.48319,1.69,1.69
2017.10.11 06:36:37.990,1.48305,1.48319,2.44,1.00
2017.10.11 06:36:38.145,1.48303,1.48317,1.69,1.00
2017.10.11 06:36:38.401,1.48305,1.48317,1.19,1.00
2017.10.11 06:36:38.912,1.48305,1.48319,1.69,2.40
2017.10.11 06:36:39.288,1.48305,1.48319,1.00,2.40
2017.10.11 06:36:39.442,1.48302,1.48316,2.06,1.00
2017.10.11 06:36:40.056,1.48302,1.48316,1.69,1.38
2017.10.11 06:36:40.607,1.48302,1.48316,1.19,1.25
2017.10.11 06:36:41.282,1.48303,1.48316,1.69,1.00
2017.10.11 06:36:41.385,1.48304,1.48318,1.19,1.13
2017.10.11 06:36:41.795,1.48303,1.48316,1.69,1.00
2017.10.11 06:36:41.900,1.48302,1.48316,1.31,1.12
2017.10.11 06:36:42.413,1.48302,1.48316,1.00,2.25
2017.10.11 06:36:42.960,1.48299,1.48313,1.12,4.12
2017.10.11 06:36:43.012,1.48299,1.48311,1.00,1.00
2017.10.11 06:36:43.064,1.48299,1.48314,1.00,3.37
2017.10.11 06:36:43.117,1.48299,1.48314,2.06,1.50
2017.10.11 06:36:43.220,1.48302,1.48314,1.00,1.50
2017.10.11 06:36:43.648,1.48301,1.48314,1.75,1.00
2017.10.11 06:36:43.911,1.48301,1.48314,1.19,1.00
2017.10.11 06:36:48.563,1.48299,1.48314,1.00,3.15
2017.10.11 06:36:48.719,1.48299,1.48311,1.00,1.00
2017.10.11 06:36:48.822,1.48297,1.48311,1.00,1.00
2017.10.11 06:36:49.420,1.48297,1.4831,1.00,1.00
2017.10.11 06:36:50.127,1.48296,1.4831,3.19,1.00
2017.10.11 06:36:50.654,1.48296,1.48311,2.25,1.00
2017.10.11 06:36:51.165,1.48296,1.48311,1.50,1.00
2017.10.11 06:36:51.665,1.48296,1.48309,1.56,1.00
2017.10.11 06:36:52.203,1.48296,1.4831,1.56,3.37
2017.10.11 06:36:52.997,1.48296,1.48309,1.56,1.25
2017.10.11 06:36:53.304,1.48297,1.48312,1.44,2.25
2017.10.11 06:36:53.612,1.48299,1.48313,1.37,1.12
2017.10.11 06:37:00.371,1.48299,1.48313,1.69,1.50
2017.10.11 06:37:00.423,1.48299,1.48313,2.25,1.50
2017.10.11 06:37:00.936,1.48301,1.48314,1.31,1.00
2017.10.11 06:37:03.098,1.48301,1.48314,1.50,1.00
2017.10.11 06:37:04.317,1.48301,1.48314,1.50,1.00
2017.10.11 06:37:04.723,1.48301,1.48314,1.69,1.00
2017.10.11 06:37:05.032,1.48299,1.48314,3.19,1.25
2017.10.11 06:37:05.240,1.48296,1.48312,2.06,1.25
2017.10.11 06:37:05.657,1.48296,1.48312,1.88,1.44
2017.10.11 06:37:06.170,1.48296,1.48311,1.44,1.31
2017.10.11 06:37:06.375,1.48296,1.48312,1.44,1.50
2017.10.11 06:37:06.650,1.48296,1.48311,1.44,1.63
2017.10.11 06:37:07.151,1.48296,1.48312,1.44,2.62
2017.10.11 06:37:07.665,1.48296,1.48311,1.44,1.44
2017.10.11 06:37:08.204,1.48296,1.48311,1.44,1.56
2017.10.11 06:37:08.511,1.48298,1.48313,1.44,2.63
2017.10.11 06:37:09.256,1.48298,1.48313,1.44,2.63
2017.10.11 06:37:09.775,1.483,1.48313,1.00,3.38
2017.10.11 06:37:10.170,1.483,1.48313,1.00,1.50
2017.10.11 06:37:10.376,1.48299,1.48312,1.00,1.37
2017.10.11 06:37:11.294,1.48297,1.48309,1.00,3.38
2017.10.11 06:37:11.345,1.48295,1.48308,1.50,1.87
2017.10.11 06:37:11.448,1.48292,1.48307,1.50,1.31
2017.10.11 06:37:11.654,1.48294,1.48305,1.25,1.50
2017.10.11 06:37:11.899,1.48292,1.48306,1.12,3.00
2017.10.11 06:37:12.328,1.48292,1.48304,1.25,1.38
2017.10.11 06:37:12.585,1.48292,1.48304,1.19,1.25
2017.10.11 06:37:15.074,1.48292,1.48304,1.25,1.19
2017.10.11 06:37:15.385,1.48294,1.48304,1.00,1.25
2017.10.11 06:37:16.218,1.48296,1.48306,1.00,1.00
2017.10.11 06:37:16.758,1.48295,1.48307,1.00,2.44
2017.10.11 06:37:17.657,1.48296,1.48307,1.00,1.31
2017.10.11 06:37:17.708,1.48296,1.48307,1.00,1.00
2017.10.11 06:37:17.761,1.48298,1.48307,1.00,1.00
2017.10.11 06:37:17.935,1.48298,1.48311,1.00,2.44
2017.10.11 06:37:18.090,1.48296,1.48307,1.00,1.00
2017.10.11 06:37:18.194,1.48294,1.48307,1.50,2.40
2017.10.11 06:37:18.298,1.48292,1.48305,1.00,1.75
2017.10.11 06:37:18.402,1.48289,1.48304,1.50,2.81
2017.10.11 06:37:18.787,1.48289,1.48303,1.50,1.84
2017.10.11 06:37:19.304,1.4829,1.48301,1.00,1.25
2017.10.11 06:37:20.504,1.48289,1.48301,1.00,1.25
2017.10.11 06:37:21.155,1.4829,1.48301,1.00,1.19
2017.10.11 06:37:21.311,1.4829,1.48303,1.00,1.50
2017.10.11 06:37:21.848,1.48291,1.48303,1.00,1.00
2017.10.11 06:37:22.432,1.48291,1.48304,1.50,1.31
2017.10.11 06:37:23.122,1.48293,1.48306,1.00,5.21
2017.10.11 06:37:23.430,1.48297,1.48306,1.00,1.25
2017.10.11 06:37:23.636,1.4829,1.48303,1.00,2.06
2017.10.11 06:37:23.689,1.4829,1.48303,1.00,1.50
2017.10.11 06:37:23.740,1.48291,1.48303,1.00,2.25
2017.10.11 06:37:24.244,1.48292,1.48303,1.00,1.87
2017.10.11 06:37:24.757,1.48292,1.48303,1.00,1.12
2017.10.11 06:37:25.342,1.48291,1.48303,1.00,1.12
2017.10.11 06:37:25.852,1.48291,1.48303,1.00,1.50
2017.10.11 06:37:26.401,1.48291,1.48303,1.00,1.25
2017.10.11 06:37:26.905,1.48292,1.48303,1.00,1.13
2017.10.11 06:37:27.211,1.48292,1.48303,1.00,1.38
2017.10.11 06:37:27.263,1.4829,1.48303,1.00,1.46
2017.10.11 06:37:27.774,1.48291,1.48303,1.00,1.84
2017.10.11 06:37:28.254,1.4829,1.48303,1.00,1.46
2017.10.11 06:37:28.612,1.48289,1.48303,1.50,1.65
2017.10.11 06:37:29.323,1.48289,1.48302,1.50,1.39
2017.10.11 06:37:29.850,1.48291,1.48301,1.00,1.50
2017.10.11 06:37:29.901,1.48287,1.483,1.00,1.56
2017.10.11 06:37:30.158,1.48289,1.483,1.00,1.12
2017.10.11 06:37:30.725,1.48288,1.48302,1.00,2.40
2017.10.11 06:37:31.246,1.48287,1.483,1.00,1.44
2017.10.11 06:37:31.733,1.48288,1.483,1.00,1.69
2017.10.11 06:37:31.785,1.48288,1.483,1.00,1.12
2017.10.11 06:37:33.342,1.48291,1.483,1.00,1.00
2017.10.11 06:37:33.394,1.48291,1.48304,1.00,2.78
2017.10.11 06:37:33.446,1.48293,1.48303,1.00,1.00
2017.10.11 06:37:33.807,1.48296,1.48306,1.00,1.50
2017.10.11 06:37:34.114,1.48299,1.48311,1.00,2.00
2017.10.11 06:37:34.319,1.48295,1.48308,1.31,1.28
2017.10.11 06:37:34.460,1.48298,1.48309,1.00,1.12
2017.10.11 06:37:34.770,1.48295,1.48307,1.00,4.50
2017.10.11 06:37:34.874,1.48291,1.48307,1.19,2.81
2017.10.11 06:37:35.429,1.48291,1.48307,1.19,1.87
2017.10.11 06:37:35.950,1.48291,1.48306,1.19,2.44
2017.10.11 06:37:44.511,1.4829,1.48306,1.25,1.87
2017.10.11 06:37:45.558,1.4829,1.48303,1.00,1.00
2017.10.11 06:37:45.610,1.48288,1.48303,1.31,1.25
2017.10.11 06:37:45.661,1.48294,1.48304,1.00,1.00
2017.10.11 06:37:45.815,1.48296,1.48307,1.00,1.00
2017.10.11 06:37:45.866,1.48294,1.48307,1.00,1.12
2017.10.11 06:37:45.969,1.48292,1.48307,1.50,2.44
2017.10.11 06:37:46.122,1.48294,1.48305,1.00,1.25
2017.10.11 06:37:48.569,1.48295,1.48305,1.00,1.25
2017.10.11 06:37:49.029,1.48292,1.48305,1.00,1.25
2017.10.11 06:37:49.465,1.48295,1.48305,1.00,1.12
2017.10.11 06:37:49.976,1.48296,1.48305,1.00,1.00
2017.10.11 06:37:50.650,1.48296,1.48306,1.00,1.12
2017.10.11 06:37:52.326,1.48295,1.48306,1.00,1.09
2017.10.11 06:37:52.877,1.48296,1.48307,1.00,2.59
2017.10.11 06:37:55.269,1.48295,1.48307,1.00,2.06
2017.10.11 06:37:55.895,1.48295,1.48307,1.00,2.96
2017.10.11 06:37:56.841,1.48295,1.48305,1.00,2.02
2017.10.11 06:37:57.595,1.48292,1.48305,1.00,2.02
2017.10.11 06:37:58.055,1.48291,1.48302,1.00,1.09
2017.10.11 06:37:58.160,1.48287,1.48298,1.00,1.25
2017.10.11 06:37:59.008,1.48287,1.48299,1.00,1.31
2017.10.11 06:37:59.515,1.48287,1.48298,1.00,1.25
2017.10.11 06:37:59.983,1.48293,1.48303,1.00,1.87
2017.10.11 06:38:00.034,1.48293,1.48303,1.00,1.12
2017.10.11 06:38:03.364,1.48293,1.48305,1.00,3.56
2017.10.11 06:38:03.896,1.48294,1.48305,1.00,3.37
2017.10.11 06:38:04.202,1.48295,1.48306,1.00,1.84
2017.10.11 06:38:04.304,1.48295,1.48306,1.00,2.77
2017.10.11 06:38:04.456,1.48295,1.48306,1.00,1.84
2017.10.11 06:38:05.005,1.48295,1.48306,1.00,2.77
2017.10.11 06:38:06.652,1.48295,1.48306,1.00,1.84
2017.10.11 06:38:07.196,1.48294,1.48306,1.00,1.65
2017.10.11 06:38:08.881,1.48294,1.48306,1.00,2.77
2017.10.11 06:38:09.528,1.48294,1.48306,1.00,2.03
2017.10.11 06:38:09.681,1.48292,1.48304,1.00,1.31
2017.10.11 06:38:10.260,1.48292,1.48304,1.00,1.50
2017.10.11 06:38:10.797,1.48292,1.48304,1.00,1.87
2017.10.11 06:38:11.309,1.48292,1.48304,1.00,1.31
2017.10.11 06:38:11.827,1.48292,1.48304,1.00,1.88
2017.10.11 06:38:12.344,1.48291,1.48303,1.00,1.69
2017.10.11 06:38:12.395,1.48291,1.48303,1.00,2.81
2017.10.11 06:38:12.447,1.48291,1.48303,1.00,1.50
2017.10.11 06:38:12.704,1.48293,1.48303,1.00,1.25
2017.10.11 06:38:13.219,1.48294,1.48303,1.00,1.00
2017.10.11 06:38:13.528,1.48292,1.48303,1.00,2.44
2017.10.11 06:38:14.040,1.48293,1.48303,1.00,1.88
2017.10.11 06:38:14.194,1.48291,1.48303,1.00,2.25
2017.10.11 06:38:14.791,1.48291,1.48303,1.00,4.28
2017.10.11 06:38:15.489,1.48291,1.48303,1.00,4.09
2017.10.11 06:38:15.643,1.48291,1.48302,1.00,1.31
2017.10.11 06:38:15.747,1.48291,1.48301,1.00,1.39
2017.10.11 06:38:16.258,1.48291,1.48301,1.00,1.20
2017.10.11 06:38:18.505,1.4829,1.48302,1.00,2.40
2017.10.11 06:38:18.658,1.4829,1.48301,1.00,1.39
2017.10.11 06:38:18.862,1.4829,1.48301,1.00,1.20
2017.10.11 06:38:19.445,1.4829,1.483,1.00,1.00
2017.10.11 06:38:19.803,1.48287,1.483,1.19,1.00
2017.10.11 06:38:21.849,1.48289,1.483,1.00,1.50
2017.10.11 06:38:27.327,1.48289,1.48299,1.00,1.00
2017.10.11 06:38:27.952,1.48289,1.483,1.00,1.87
2017.10.11 06:38:28.461,1.48289,1.48299,1.00,1.00
2017.10.11 06:38:28.954,1.48284,1.48293,1.19,1.00
2017.10.11 06:38:29.210,1.48282,1.48293,1.00,1.59
2017.10.11 06:38:29.516,1.4828,1.48292,1.00,1.20
2017.10.11 06:38:30.269,1.48283,1.48293,1.00,1.34
2017.10.11 06:38:31.145,1.48283,1.48293,1.25,1.00
2017.10.11 06:38:32.107,1.48283,1.48296,1.25,2.25
2017.10.11 06:38:32.734,1.48283,1.48296,1.25,2.25
2017.10.11 06:38:33.662,1.48283,1.48296,1.25,2.25
2017.10.11 06:38:34.046,1.48283,1.48293,1.25,1.38
2017.10.11 06:38:34.097,1.48283,1.48293,1.00,1.19
2017.10.11 06:38:36.103,1.48283,1.48294,1.00,1.87
2017.10.11 06:38:38.819,1.48283,1.48294,1.00,1.88
2017.10.11 06:38:38.972,1.48283,1.48294,1.00,1.00
2017.10.11 06:38:39.184,1.48283,1.48294,1.00,1.50
2017.10.11 06:38:39.498,1.48283,1.48295,1.00,2.81
2017.10.11 06:38:39.860,1.48285,1.48295,1.00,1.65
2017.10.11 06:38:40.400,1.48285,1.48295,1.00,1.27
2017.10.11 06:38:41.072,1.48285,1.48295,1.00,1.27
2017.10.11 06:38:41.687,1.48285,1.48295,1.00,1.27
2017.10.11 06:38:42.346,1.48285,1.48295,1.00,1.27
2017.10.11 06:38:44.481,1.48285,1.48295,1.00,1.27
2017.10.11 06:38:44.990,1.48285,1.48295,1.00,1.27
2017.10.11 06:38:45.448,1.48286,1.48297,1.00,1.31
2017.10.11 06:38:45.710,1.48288,1.48299,1.00,1.46
2017.10.11 06:38:45.765,1.48288,1.483,1.00,1.84
2017.10.11 06:38:46.369,1.48288,1.483,1.00,2.78
2017.10.11 06:38:46.920,1.48288,1.483,1.00,2.03
2017.10.11 06:38:47.022,1.48288,1.483,1.00,2.03
2017.10.11 06:38:47.694,1.48288,1.483,1.00,2.03
2017.10.11 06:38:48.134,1.48288,1.483,1.00,3.71
2017.10.11 06:38:48.649,1.48288,1.483,1.00,2.03
2017.10.11 06:38:49.240,1.48288,1.48298,1.00,2.21
2017.10.11 06:38:49.292,1.48286,1.48298,1.00,2.21
2017.10.11 06:38:49.829,1.48286,1.48298,1.00,2.21
2017.10.11 06:38:50.374,1.48287,1.48298,1.00,2.21
2017.10.11 06:38:51.018,1.48286,1.48298,1.00,2.40
2017.10.11 06:38:51.552,1.48286,1.48298,1.00,3.53
2017.10.11 06:38:51.851,1.48286,1.48297,1.00,1.46
2017.10.11 06:38:52.004,1.48286,1.48297,1.00,1.65
2017.10.11 06:38:52.532,1.48286,1.48297,1.00,1.65
2017.10.11 06:38:52.583,1.48286,1.48297,1.00,1.65
2017.10.11 06:38:53.116,1.48286,1.48297,1.00,1.65
2017.10.11 06:38:53.512,1.48284,1.48297,1.25,1.46
2017.10.11 06:38:53.563,1.48286,1.48297,1.00,1.46
2017.10.11 06:38:54.105,1.48286,1.48297,1.00,1.65
2017.10.11 06:38:54.615,1.48287,1.48297,1.00,1.25
2017.10.11 06:38:55.313,1.48285,1.48297,1.00,1.19
2017.10.11 06:38:55.417,1.48285,1.48295,1.00,1.87
2017.10.11 06:38:55.468,1.48283,1.48295,1.25,2.62
2017.10.11 06:38:55.573,1.4828,1.48291,1.69,1.31
2017.10.11 06:38:55.625,1.48279,1.48291,1.50,1.19
2017.10.11 06:38:56.217,1.48279,1.48291,1.50,1.87
2017.10.11 06:38:56.746,1.48279,1.4829,1.50,1.00
2017.10.11 06:38:57.359,1.48279,1.48291,1.00,1.87
2017.10.11 06:38:57.922,1.48279,1.4829,1.00,1.00
2017.10.11 06:38:58.461,1.48279,1.48292,1.00,2.25
2017.10.11 06:38:58.983,1.4828,1.48291,1.00,1.00
2017.10.11 06:38:59.590,1.4828,1.48292,1.00,2.81
2017.10.11 06:39:00.100,1.4828,1.48294,1.00,3.15
2017.10.11 06:39:00.615,1.4828,1.48291,1.00,1.12
2017.10.11 06:39:01.251,1.4828,1.48291,1.00,1.44
2017.10.11 06:39:01.950,1.4828,1.48292,1.00,2.44
2017.10.11 06:39:02.691,1.4828,1.48291,1.00,1.31
2017.10.11 06:39:03.150,1.4828,1.48292,1.00,1.50
2017.10.11 06:39:03.710,1.4828,1.48291,1.00,1.25
2017.10.11 06:39:04.254,1.4828,1.48291,1.00,1.44
2017.10.11 06:39:04.532,1.4828,1.48292,1.00,1.31
2017.10.11 06:39:04.855,1.4828,1.48291,1.00,1.19
2017.10.11 06:39:05.357,1.4828,1.48292,1.00,2.25
2017.10.11 06:39:05.969,1.4828,1.48291,1.00,1.00
2017.10.11 06:39:06.500,1.4828,1.48292,1.00,1.31
2017.10.11 06:39:06.732,1.4828,1.48291,1.00,1.44
2017.10.11 06:39:07.005,1.4828,1.48292,1.00,1.31
2017.10.11 06:39:07.785,1.4828,1.48291,1.00,1.00
2017.10.11 06:39:08.333,1.4828,1.48292,1.00,2.25
2017.10.11 06:39:08.909,1.4828,1.48291,1.00,1.25
2017.10.11 06:39:09.477,1.48279,1.48291,1.00,1.44
2017.10.11 06:39:09.847,1.48279,1.48294,1.25,3.90
2017.10.11 06:39:10.372,1.48279,1.48294,1.25,3.52
2017.10.11 06:39:10.892,1.48279,1.48293,1.25,1.50
2017.10.11 06:39:10.995,1.48279,1.48292,1.25,1.50
2017.10.11 06:39:11.508,1.48279,1.48291,1.25,1.25
2017.10.11 06:39:12.058,1.48279,1.48292,1.25,1.00
2017.10.11 06:39:12.627,1.48278,1.48291,1.19,1.00
2017.10.11 06:39:13.189,1.48278,1.48292,1.00,1.31
2017.10.11 06:39:13.714,1.48278,1.48291,1.00,1.25
2017.10.11 06:39:13.919,1.48278,1.48291,1.00,1.94
2017.10.11 06:39:14.429,1.48278,1.4829,1.00,1.31
2017.10.11 06:39:15.102,1.48278,1.4829,1.00,1.69
2017.10.11 06:39:15.638,1.48278,1.4829,1.00,1.31
2017.10.11 06:39:16.179,1.48278,1.4829,1.00,1.69
2017.10.11 06:39:16.955,1.48278,1.4829,1.00,1.50
2017.10.11 06:39:17.264,1.48275,1.48286,1.00,1.50
2017.10.11 06:39:17.774,1.48275,1.48286,1.00,1.12
2017.10.11 06:39:19.993,1.4828,1.48287,1.00,1.12
2017.10.11 06:39:20.148,1.48281,1.48293,1.00,1.31
2017.10.11 06:39:20.250,1.48283,1.48293,1.00,1.00
2017.10.11 06:39:21.144,1.4828,1.48293,1.25,1.12
2017.10.11 06:39:21.481,1.4828,1.48293,1.25,1.50
2017.10.11 06:39:21.992,1.4828,1.48293,1.25,1.12
2017.10.11 06:39:22.097,1.4828,1.48291,1.25,1.12
2017.10.11 06:39:22.634,1.48278,1.48291,1.37,1.31
2017.10.11 06:39:24.472,1.48276,1.48291,2.06,1.69
2017.10.11 06:39:24.691,1.48276,1.48288,1.19,1.88
2017.10.11 06:39:24.744,1.48272,1.48284,1.50,1.25
2017.10.11 06:39:24.797,1.48272,1.48283,1.12,1.65
2017.10.11 06:39:25.057,1.48266,1.48279,1.00,2.40
2017.10.11 06:39:25.211,1.48264,1.48277,1.12,1.00
2017.10.11 06:39:25.533,1.48267,1.48277,1.00,1.00
2017.10.11 06:39:26.140,1.48265,1.48276,1.00,1.00
2017.10.11 06:39:26.687,1.48264,1.48277,1.00,1.12
2017.10.11 06:39:27.233,1.48265,1.48277,1.00,1.00
2017.10.11 06:39:27.767,1.48266,1.48277,1.00,1.00
2017.10.11 06:39:31.245,1.48265,1.48277,1.00,1.00
2017.10.11 06:39:32.215,1.48266,1.48277,1.12,1.00
2017.10.11 06:39:32.369,1.48269,1.48277,1.00,1.00
2017.10.11 06:39:32.421,1.48269,1.48279,1.37,1.00
2017.10.11 06:39:32.969,1.48269,1.48279,2.06,1.00
2017.10.11 06:39:33.365,1.48269,1.48282,1.31,1.00
2017.10.11 06:39:34.519,1.48271,1.48282,1.00,1.00
2017.10.11 06:39:34.890,1.48271,1.4828,1.00,1.50
2017.10.11 06:39:36.880,1.48271,1.48281,1.00,2.25
2017.10.11 06:39:37.519,1.48271,1.4828,1.00,1.50
2017.10.11 06:39:38.101,1.48271,1.48283,1.00,1.00
2017.10.11 06:39:38.882,1.48272,1.48286,1.12,1.87
2017.10.11 06:39:38.934,1.48275,1.48286,1.00,1.00
2017.10.11 06:39:38.986,1.48276,1.48288,1.87,1.00
2017.10.11 06:39:39.089,1.48278,1.48288,1.00,1.00
2017.10.11 06:39:39.741,1.48279,1.4829,1.00,1.31
2017.10.11 06:39:40.353,1.48279,1.4829,1.00,1.25
2017.10.11 06:39:40.896,1.48279,1.4829,1.00,1.31
2017.10.11 06:39:41.507,1.48275,1.48288,1.00,2.40
2017.10.11 06:39:41.712,1.48277,1.48289,1.00,1.27
2017.10.11 06:39:41.992,1.48279,1.4829,1.00,1.00
2017.10.11 06:39:42.502,1.48279,1.48292,1.00,1.31
2017.10.11 06:39:43.021,1.48279,1.48292,1.00,1.31
2017.10.11 06:39:46.388,1.48279,1.48291,1.00,1.50
2017.10.11 06:39:46.857,1.48277,1.48289,1.00,1.39
2017.10.11 06:39:47.384,1.48276,1.48288,1.00,1.27
2017.10.11 06:39:47.885,1.48276,1.48288,1.00,1.65
2017.10.11 06:39:48.444,1.48277,1.48288,1.00,1.12
2017.10.11 06:39:49.084,1.48276,1.48288,1.00,1.25
2017.10.11 06:39:49.596,1.48277,1.48288,1.00,1.25
2017.10.11 06:39:50.113,1.48277,1.48288,1.00,1.31
2017.10.11 06:39:50.633,1.48277,1.48289,1.19,1.56
2017.10.11 06:39:50.934,1.48278,1.48289,1.25,1.31
2017.10.11 06:39:51.446,1.48278,1.48289,1.25,1.37
2017.10.11 06:39:51.990,1.48278,1.48289,1.25,1.56
2017.10.11 06:39:52.516,1.48278,1.48289,1.25,1.00
2017.10.11 06:39:52.568,1.48276,1.48285,1.12,1.84
2017.10.11 06:39:52.767,1.48272,1.48283,1.00,1.37
2017.10.11 06:39:53.353,1.48273,1.48284,1.00,1.27
2017.10.11 06:39:53.939,1.48273,1.48284,1.00,1.20
2017.10.11 06:40:03.368,1.48272,1.48285,1.00,1.50
2017.10.11 06:40:03.471,1.48275,1.48285,1.00,1.50
2017.10.11 06:40:06.193,1.48275,1.48287,1.00,1.12
2017.10.11 06:40:06.350,1.48273,1.48285,1.25,1.00
2017.10.11 06:40:06.863,1.48274,1.48287,1.00,2.06
2017.10.11 06:40:07.411,1.48273,1.48287,1.00,2.25
2017.10.11 06:40:08.988,1.48273,1.48287,1.00,1.12
2017.10.11 06:40:09.246,1.48274,1.48287,1.19,1.25
2017.10.11 06:40:10.561,1.48276,1.48288,1.00,1.81
2017.10.11 06:40:11.149,1.48276,1.48288,1.00,1.00
2017.10.11 06:40:12.105,1.48276,1.48288,1.00,1.44
2017.10.11 06:40:13.939,1.48276,1.48289,1.19,2.62
2017.10.11 06:40:14.339,1.48276,1.48289,1.25,1.12
2017.10.11 06:40:15.153,1.48275,1.48287,1.00,1.69
2017.10.11 06:40:15.393,1.48276,1.48287,1.00,1.25
2017.10.11 06:40:16.093,1.48277,1.48287,1.00,1.00
2017.10.11 06:40:17.862,1.48278,1.48287,1.00,1.00
2017.10.11 06:40:18.066,1.48276,1.48287,1.00,1.25
2017.10.11 06:40:19.649,1.48277,1.48287,1.00,1.09
2017.10.11 06:40:19.701,1.48275,1.48287,1.00,1.27
2017.10.11 06:40:20.903,1.48277,1.48287,1.00,1.09
2017.10.11 06:40:21.453,1.48276,1.48287,1.25,1.00
2017.10.11 06:40:22.654,1.48277,1.48287,1.00,1.00
2017.10.11 06:40:23.197,1.48275,1.48287,1.19,1.00
2017.10.11 06:40:23.709,1.48275,1.48287,1.00,1.00
2017.10.11 06:40:25.431,1.48275,1.48287,1.00,1.44
2017.10.11 06:40:26.098,1.48276,1.48287,1.00,1.77
2017.10.11 06:40:26.201,1.48272,1.48285,1.87,2.96
2017.10.11 06:40:26.303,1.48274,1.48284,1.00,1.84
2017.10.11 06:40:26.828,1.48273,1.48284,1.00,1.65
2017.10.11 06:40:27.008,1.48271,1.48284,1.00,1.65
2017.10.11 06:40:40.611,1.4827,1.48282,1.25,1.56
2017.10.11 06:40:41.022,1.48266,1.48278,1.00,1.12
2017.10.11 06:40:41.506,1.48263,1.48278,1.50,2.62
2017.10.11 06:40:41.610,1.48263,1.48275,1.00,1.00
2017.10.11 06:40:43.019,1.48262,1.48275,1.31,1.00
2017.10.11 06:40:44.296,1.48262,1.48275,1.19,1.31
2017.10.11 06:40:44.636,1.48265,1.48278,1.00,2.02
2017.10.11 06:40:44.944,1.48264,1.48278,1.00,3.94
2017.10.11 06:40:45.478,1.48263,1.48275,1.25,1.25
2017.10.11 06:40:45.801,1.48266,1.48275,1.00,1.00
2017.10.11 06:40:46.610,1.48266,1.48275,1.19,1.00
2017.10.11 06:40:46.662,1.48269,1.4828,1.00,1.31
2017.10.11 06:40:46.816,1.48269,1.48283,1.00,1.25
2017.10.11 06:40:46.868,1.48269,1.48283,1.50,1.69
2017.10.11 06:40:48.221,1.48269,1.48283,1.50,2.77
2017.10.11 06:40:48.722,1.48269,1.48283,1.50,1.27
2017.10.11 06:40:49.067,1.48269,1.48282,1.00,1.44
2017.10.11 06:40:49.118,1.48267,1.48281,1.50,1.09
2017.10.11 06:40:49.170,1.48267,1.48278,1.00,1.00
2017.10.11 06:40:49.672,1.48266,1.48278,1.00,1.00
2017.10.11 06:40:51.087,1.48264,1.48274,1.12,1.69
2017.10.11 06:40:51.241,1.48259,1.48273,1.25,3.00
2017.10.11 06:40:51.753,1.48258,1.48271,1.00,1.81
2017.10.11 06:40:52.257,1.48258,1.48271,1.00,1.75
2017.10.11 06:40:52.806,1.48258,1.48271,1.00,1.75
2017.10.11 06:40:53.905,1.48258,1.48271,1.00,1.75
2017.10.11 06:40:54.444,1.48259,1.4827,1.00,1.09
2017.10.11 06:40:55.815,1.48258,1.4827,1.00,1.09
2017.10.11 06:40:56.378,1.48257,1.4827,1.00,1.09
2017.10.11 06:40:59.545,1.48259,1.4827,1.00,1.09
2017.10.11 06:41:00.070,1.48259,1.4827,1.00,1.39
2017.10.11 06:41:00.589,1.4826,1.4827,1.00,1.39
2017.10.11 06:41:07.969,1.48257,1.48267,1.00,1.46
2017.10.11 06:41:08.072,1.48254,1.48266,1.00,4.09
2017.10.11 06:41:08.226,1.48252,1.48265,1.00,1.65
2017.10.11 06:41:09.712,1.48252,1.48266,1.00,5.96
2017.10.11 06:41:10.237,1.48252,1.48265,1.00,1.84
2017.10.11 06:41:11.109,1.48252,1.48265,1.00,1.39
2017.10.11 06:41:11.610,1.48252,1.48265,1.25,1.09
2017.10.11 06:41:13.282,1.48252,1.48266,1.25,3.34
2017.10.11 06:41:13.334,1.48252,1.48262,1.00,1.87
2017.10.11 06:41:13.387,1.48249,1.4826,1.87,1.00
2017.10.11 06:41:13.694,1.48251,1.48262,1.00,1.31
2017.10.11 06:41:13.839,1.48247,1.4826,1.00,1.44
2017.10.11 06:41:14.351,1.48245,1.4826,1.95,2.00
2017.10.11 06:41:16.233,1.48248,1.48261,1.00,2.62
2017.10.11 06:41:16.551,1.4825,1.48261,1.00,1.44
2017.10.11 06:41:17.287,1.4825,1.48261,1.00,1.12
2017.10.11 06:41:17.736,1.4825,1.48262,1.25,1.12
2017.10.11 06:41:17.891,1.48252,1.48262,1.00,1.00
2017.10.11 06:41:18.481,1.48252,1.48264,1.00,2.02
2017.10.11 06:41:19.749,1.48252,1.48264,1.00,1.65
2017.10.11 06:41:20.295,1.48256,1.48264,1.00,1.00
2017.10.11 06:41:20.346,1.48256,1.48267,1.00,1.00
2017.10.11 06:41:20.399,1.48258,1.48267,1.00,1.00
2017.10.11 06:41:20.502,1.4826,1.48271,1.25,1.12
2017.10.11 06:41:21.423,1.4826,1.48275,1.25,2.25
2017.10.11 06:41:21.782,1.48262,1.48275,1.00,2.06
2017.10.11 06:41:22.831,1.48262,1.48275,1.00,1.87
2017.10.11 06:41:24.344,1.48262,1.48276,1.25,1.50
2017.10.11 06:41:24.672,1.48267,1.48278,1.00,1.25
2017.10.11 06:41:25.081,1.48269,1.48278,1.00,1.00
2017.10.11 06:41:25.132,1.4827,1.48282,1.19,1.00
2017.10.11 06:41:25.389,1.48271,1.48284,1.25,1.25
2017.10.11 06:41:28.096,1.48273,1.48286,1.44,1.87
2017.10.11 06:41:28.411,1.48277,1.48286,1.00,1.00
2017.10.11 06:41:28.462,1.48277,1.4829,1.19,1.84
2017.10.11 06:41:28.873,1.48278,1.48292,1.25,2.59
2017.10.11 06:41:29.380,1.48279,1.48292,1.25,2.02
2017.10.11 06:41:29.535,1.48281,1.48292,1.19,1.39
2017.10.11 06:41:29.687,1.4828,1.48291,1.00,1.25
2017.10.11 06:41:30.198,1.48281,1.48291,1.00,1.25
2017.10.11 06:41:30.781,1.4828,1.48291,1.00,1.25
2017.10.11 06:41:30.884,1.48281,1.48293,1.00,1.00
2017.10.11 06:41:31.984,1.48281,1.48295,1.00,3.19
2017.10.11 06:41:32.804,1.48281,1.48295,1.00,3.00
2017.10.11 06:41:34.553,1.48284,1.48295,1.00,2.25
2017.10.11 06:41:35.970,1.48284,1.48296,1.00,2.06
2017.10.11 06:41:36.022,1.48281,1.48294,1.00,1.50
2017.10.11 06:41:36.318,1.48284,1.48297,1.31,3.75
2017.10.11 06:41:36.370,1.48282,1.48297,1.31,3.00
2017.10.11 06:41:36.422,1.48282,1.48297,1.31,2.25
2017.10.11 06:41:36.474,1.48282,1.48296,1.25,1.09
2017.10.11 06:41:36.681,1.48279,1.48296,1.31,4.46
2017.10.11 06:41:37.057,1.48279,1.48293,1.19,1.69
2017.10.11 06:41:37.579,1.48279,1.48293,1.50,1.12
2017.10.11 06:41:37.630,1.48281,1.48293,1.00,1.12
2017.10.11 06:41:38.162,1.4828,1.48293,1.00,3.00
2017.10.11 06:41:39.565,1.48281,1.48293,1.00,1.12
2017.10.11 06:41:39.878,1.48281,1.48291,1.00,1.00
2017.10.11 06:41:40.510,1.48281,1.48292,1.00,1.87
2017.10.11 06:41:41.656,1.48281,1.48291,1.00,1.00
2017.10.11 06:41:51.967,1.48283,1.48296,1.25,2.25
2017.10.11 06:41:52.019,1.48286,1.48296,1.00,1.31
2017.10.11 06:41:52.533,1.48286,1.48297,1.00,1.09
2017.10.11 06:41:53.078,1.48287,1.48299,1.00,3.71
2017.10.11 06:41:54.019,1.48287,1.48298,1.00,1.00
2017.10.11 06:41:54.541,1.48286,1.48298,1.00,1.25
2017.10.11 06:41:54.644,1.48284,1.48294,1.00,1.00
2017.10.11 06:41:54.746,1.48282,1.48294,1.00,2.25
2017.10.11 06:41:54.798,1.4828,1.48292,1.00,1.50
2017.10.11 06:41:55.003,1.48279,1.48289,1.00,1.00
2017.10.11 06:41:55.310,1.48281,1.48289,1.00,1.31
2017.10.11 06:41:55.516,1.48279,1.48289,1.00,1.12
2017.10.11 06:41:56.191,1.48282,1.48292,1.19,2.25
2017.10.11 06:41:56.243,1.48282,1.48293,1.25,1.75
2017.10.11 06:41:56.346,1.48283,1.48293,1.00,1.87
2017.10.11 06:41:56.449,1.48285,1.48293,1.00,1.00
2017.10.11 06:41:56.501,1.48285,1.48295,1.00,1.12
2017.10.11 06:41:57.611,1.48285,1.48294,1.00,1.00
2017.10.11 06:41:58.226,1.48285,1.48295,1.00,2.44
2017.10.11 06:41:59.419,1.48285,1.48294,1.00,1.00
2017.10.11 06:41:59.573,1.48283,1.48295,1.00,1.69
2017.10.11 06:42:00.108,1.48283,1.48294,1.00,1.00
2017.10.11 06:42:00.163,1.4828,1.4829,1.50,1.87
2017.10.11 06:42:00.266,1.48277,1.48289,1.25,1.00
2017.10.11 06:42:00.779,1.48278,1.48288,1.00,1.00
2017.10.11 06:42:01.660,1.48277,1.48289,1.00,1.87
2017.10.11 06:42:01.762,1.48275,1.48288,1.00,2.62
2017.10.11 06:42:01.967,1.48273,1.48287,1.25,1.31
2017.10.11 06:42:02.123,1.4827,1.48281,2.25,1.00
2017.10.11 06:42:02.175,1.48268,1.4828,1.31,1.00
2017.10.11 06:42:02.277,1.48269,1.48283,1.25,1.50
2017.10.11 06:42:02.796,1.48269,1.48284,1.25,2.44
2017.10.11 06:42:03.320,1.48269,1.48284,1.19,2.44
2017.10.11 06:42:04.525,1.48271,1.48284,1.00,1.31
2017.10.11 06:42:05.033,1.48272,1.48284,1.00,1.25
2017.10.11 06:42:05.412,1.48274,1.48287,1.12,2.25
2017.10.11 06:42:05.662,1.48277,1.48289,1.00,1.00
2017.10.11 06:42:06.208,1.48277,1.4829,1.00,2.25
2017.10.11 06:42:07.152,1.48277,1.48289,1.00,1.00
2017.10.11 06:42:08.742,1.48277,1.4829,1.00,2.25
2017.10.11 06:42:09.380,1.48278,1.48289,1.00,1.00
2017.10.11 06:42:10.072,1.48277,1.48289,1.50,1.00
2017.10.11 06:42:10.301,1.48277,1.48291,1.69,1.12
2017.10.11 06:42:10.815,1.48277,1.4829,1.69,1.00
2017.10.11 06:42:11.038,1.48277,1.4829,2.06,1.00
2017.10.11 06:42:11.143,1.48282,1.48296,1.19,2.96
2017.10.11 06:42:11.664,1.48282,1.48296,1.37,1.12
2017.10.11 06:42:15.594,1.48282,1.48298,1.44,2.25
2017.10.11 06:42:16.415,1.48282,1.48298,1.37,2.25
2017.10.11 06:42:17.003,1.48282,1.48298,1.37,1.12
2017.10.11 06:42:18.917,1.48282,1.48298,1.37,2.06
2017.10.11 06:42:20.159,1.48282,1.48298,1.50,1.12
2017.10.11 06:42:20.707,1.48282,1.48298,1.50,3.00
2017.10.11 06:42:21.219,1.48282,1.48298,1.50,2.06
2017.10.11 06:42:22.074,1.48282,1.48298,1.50,2.06
2017.10.11 06:42:22.591,1.48282,1.48298,1.50,3.00
2017.10.11 06:42:23.410,1.48282,1.48298,1.50,3.00
2017.10.11 06:42:23.568,1.48281,1.48295,2.25,1.00
2017.10.11 06:42:23.673,1.48284,1.48298,1.19,1.69
2017.10.11 06:42:24.569,1.48284,1.48298,1.19,1.50
2017.10.11 06:42:26.353,1.48284,1.48298,1.44,1.00
2017.10.11 06:42:27.126,1.48284,1.48298,1.50,1.00
2017.10.11 06:42:28.312,1.48284,1.48298,1.37,1.00
2017.10.11 06:42:31.461,1.48284,1.48297,1.37,1.00
2017.10.11 06:42:31.982,1.48284,1.48298,1.00,1.50
2017.10.11 06:42:32.136,1.48281,1.48296,1.56,2.25
2017.10.11 06:42:32.292,1.48279,1.48293,1.31,1.12
2017.10.11 06:42:32.344,1.48279,1.48291,1.25,1.50
2017.10.11 06:42:32.695,1.48275,1.4829,1.44,2.25
2017.10.11 06:42:34.503,1.48274,1.48289,1.87,1.12
2017.10.11 06:42:34.851,1.48274,1.48289,1.87,1.69
2017.10.11 06:42:35.352,1.48275,1.48289,1.00,1.69
2017.10.11 06:42:38.345,1.48274,1.48289,1.19,2.62
2017.10.11 06:42:44.032,1.48274,1.48288,1.19,1.37
2017.10.11 06:42:45.621,1.48274,1.48289,1.44,3.00
2017.10.11 06:42:46.368,1.48274,1.48288,1.44,1.12
2017.10.11 06:42:46.954,1.48274,1.48289,1.44,1.87
2017.10.11 06:42:49.413,1.48274,1.48289,1.87,1.00
2017.10.11 06:42:49.938,1.48274,1.48289,1.87,1.44
2017.10.11 06:42:50.462,1.48274,1.48289,1.69,1.12
2017.10.11 06:42:51.100,1.48274,1.48289,1.19,1.25
2017.10.11 06:42:53.352,1.48273,1.4829,1.50,1.75
2017.10.11 06:43:00.342,1.48273,1.4829,1.87,1.19
2017.10.11 06:43:01.261,1.48275,1.48291,1.62,1.09
2017.10.11 06:43:01.313,1.48276,1.4829,1.94,1.00
2017.10.11 06:43:01.415,1.48279,1.48293,1.44,1.00
2017.10.11 06:43:04.542,1.48279,1.48293,2.25,1.00
2017.10.11 06:43:13.254,1.48278,1.48292,2.62,1.00
2017.10.11 06:43:13.485,1.48281,1.48296,2.25,2.44
2017.10.11 06:43:13.575,1.48281,1.48296,2.44,1.69
2017.10.11 06:43:13.707,1.4828,1.48293,1.56,1.00
2017.10.11 06:43:13.759,1.48278,1.48293,2.06,1.00
2017.10.11 06:43:13.811,1.48278,1.4829,1.69,1.00
2017.10.11 06:43:13.915,1.48282,1.48295,1.37,1.37
2017.10.11 06:43:14.018,1.48281,1.48295,1.87,1.00
2017.10.11 06:43:15.898,1.48281,1.48295,1.50,1.31
2017.10.11 06:43:16.256,1.48277,1.48292,1.31,1.87
2017.10.11 06:43:16.799,1.48275,1.4829,2.06,1.00
2017.10.11 06:43:20.926,1.48274,1.4829,1.69,1.25
2017.10.11 06:43:21.266,1.48274,1.48288,2.06,1.00
2017.10.11 06:43:21.846,1.48271,1.48287,2.44,2.25
2017.10.11 06:43:22.052,1.4827,1.48285,2.44,1.00
2017.10.11 06:43:22.155,1.48271,1.48285,1.12,1.00
2017.10.11 06:43:22.665,1.48268,1.48285,3.56,1.69
2017.10.11 06:43:23.029,1.4827,1.48285,3.00,1.00
2017.10.11 06:43:23.539,1.48274,1.48286,1.37,1.00
2017.10.11 06:43:25.671,1.48274,1.48286,2.81,1.00
2017.10.11 06:43:26.317,1.48275,1.48286,1.00,1.00
2017.10.11 06:43:26.841,1.48272,1.48286,1.31,1.00
2017.10.11 06:43:28.311,1.48271,1.48286,2.62,1.00
2017.10.11 06:43:28.822,1.48272,1.48286,1.44,1.00
2017.10.11 06:43:29.365,1.48271,1.48286,3.19,1.00
2017.10.11 06:43:29.899,1.48272,1.48286,1.87,1.00
2017.10.11 06:43:30.001,1.48271,1.48286,2.06,1.25
2017.10.11 06:43:30.512,1.48271,1.48286,1.25,1.69
2017.10.11 06:43:31.423,1.48271,1.48286,1.50,1.69
2017.10.11 06:43:32.781,1.48271,1.48286,1.12,2.44
2017.10.11 06:43:33.293,1.48267,1.48284,3.37,1.50
2017.10.11 06:43:33.938,1.48271,1.48285,2.44,1.69
2017.10.11 06:43:37.436,1.48271,1.48284,1.87,1.00
2017.10.11 06:43:38.726,1.48269,1.48284,2.44,2.06
2017.10.11 06:43:38.779,1.48267,1.48279,1.75,1.87
2017.10.11 06:43:38.933,1.48263,1.48277,1.95,1.00
2017.10.11 06:43:38.985,1.48264,1.48278,1.01,1.69
2017.10.11 06:43:39.294,1.48264,1.48278,1.47,1.19
2017.10.11 06:43:40.294,1.48264,1.48279,1.57,1.19
2017.10.11 06:43:41.386,1.48264,1.48281,2.14,2.25
2017.10.11 06:43:43.066,1.48264,1.48281,1.20,1.87
2017.10.11 06:43:43.571,1.48263,1.48278,3.64,1.19
2017.10.11 06:43:43.971,1.48266,1.48278,1.56,1.00
2017.10.11 06:43:44.022,1.48266,1.4828,2.44,2.44
2017.10.11 06:43:44.074,1.48268,1.4828,2.25,2.25
2017.10.11 06:43:45.943,1.48269,1.4828,2.00,1.00
2017.10.11 06:43:46.360,1.48269,1.4828,2.00,1.00
2017.10.11 06:43:48.439,1.4827,1.48283,1.12,1.00
2017.10.11 06:43:50.062,1.48272,1.48283,1.37,1.00
2017.10.11 06:43:50.595,1.48272,1.48283,1.50,1.00
2017.10.11 06:43:52.467,1.48271,1.48283,1.50,1.00
2017.10.11 06:43:53.000,1.48272,1.48283,1.50,1.00
2017.10.11 06:43:53.925,1.48272,1.48283,1.75,1.00
2017.10.11 06:43:54.093,1.48271,1.48283,2.25,1.00
2017.10.11 06:44:03.001,1.48273,1.48283,1.50,1.00
2017.10.11 06:44:04.549,1.48274,1.48286,2.62,1.00
2017.10.11 06:44:05.440,1.48276,1.48288,1.31,1.00
2017.10.11 06:44:05.951,1.48275,1.48285,2.25,1.00
2017.10.11 06:44:06.290,1.48255,1.4826,1.00,1.00
2017.10.11 06:44:06.379,1.48245,1.48257,1.44,1.00
2017.10.11 06:44:06.482,1.48246,1.48262,1.37,1.75
2017.10.11 06:44:06.533,1.48249,1.48263,1.87,1.37
2017.10.11 06:44:06.841,1.4825,1.48263,2.62,1.00
2017.10.11 06:44:07.046,1.4825,1.48265,3.56,2.25
2017.10.11 06:44:07.559,1.4825,1.48264,3.56,1.50
2017.10.11 06:44:08.042,1.48252,1.48267,1.31,1.00
2017.10.11 06:44:08.146,1.48255,1.48267,1.12,1.00
2017.10.11 06:44:08.198,1.48257,1.48269,1.50,1.00
2017.10.11 06:44:08.250,1.48258,1.48269,1.75,1.00
2017.10.11 06:44:08.911,1.48262,1.48274,1.25,1.50
2017.10.11 06:44:08.963,1.48264,1.48275,1.00,2.55
2017.10.11 06:44:09.273,1.48262,1.48272,1.00,2.25
2017.10.11 06:44:09.583,1.48269,1.48273,1.00,1.00
2017.10.11 06:44:09.687,1.48272,1.48278,1.00,1.00
2017.10.11 06:44:10.154,1.48277,1.48284,1.25,1.00
2017.10.11 06:44:10.258,1.48279,1.48287,1.00,1.12
2017.10.11 06:44:10.362,1.48281,1.48288,1.00,1.00
2017.10.11 06:44:10.704,1.48285,1.48289,1.00,1.00
2017.10.11 06:44:10.960,1.48285,1.48292,1.00,1.00
2017.10.11 06:44:11.063,1.48287,1.48292,1.00,1.00
2017.10.11 06:44:11.352,1.4829,1.48297,1.00,1.00
2017.10.11 06:44:12.434,1.48289,1.48296,1.00,1.69
2017.10.11 06:44:12.584,1.4828,1.48292,1.62,1.00
2017.10.11 06:44:12.638,1.48281,1.48295,2.25,1.00
2017.10.11 06:44:12.793,1.48281,1.48295,1.50,1.00
2017.10.11 06:44:13.586,1.48287,1.48295,1.00,1.00
2017.10.11 06:44:17.288,1.48288,1.48295,1.00,1.00
2017.10.11 06:44:18.095,1.4829,1.48298,1.00,1.12
2017.10.11 06:44:18.331,1.48293,1.48298,1.00,1.00
2017.10.11 06:44:18.382,1.48295,1.48301,1.00,1.00
2017.10.11 06:44:18.434,1.48295,1.48303,1.00,1.00
2017.10.11 06:44:20.709,1.483,1.48304,1.00,1.00
2017.10.11 06:44:20.761,1.483,1.48305,1.00,1.00
2017.10.11 06:44:20.967,1.48297,1.48305,1.00,1.25
2017.10.11 06:44:21.607,1.48297,1.48303,1.00,1.00
2017.10.11 06:44:21.915,1.48299,1.48305,1.25,1.37
2017.10.11 06:44:22.072,1.48299,1.48306,1.25,1.00
2017.10.11 06:44:22.175,1.48299,1.48308,1.00,1.12
2017.10.11 06:44:22.447,1.48299,1.48308,1.00,2.81
2017.10.11 06:44:22.962,1.48299,1.48308,1.00,1.69
2017.10.11 06:44:23.479,1.48299,1.48307,1.00,1.00
2017.10.11 06:44:23.897,1.48301,1.48308,1.00,1.25
2017.10.11 06:44:33.254,1.48301,1.48308,1.00,1.44
2017.10.11 06:44:33.798,1.48301,1.48308,1.00,1.25
2017.10.11 06:44:35.023,1.483,1.48305,1.00,1.00
2017.10.11 06:44:35.544,1.48299,1.48305,1.00,2.25
2017.10.11 06:44:39.544,1.48297,1.48305,1.00,2.25
2017.10.11 06:44:39.597,1.48296,1.48302,1.00,1.84
2017.10.11 06:44:39.649,1.48292,1.48301,1.00,1.69
2017.10.11 06:44:39.701,1.48292,1.48298,1.00,1.00
2017.10.11 06:44:39.753,1.4829,1.48298,1.00,1.00
2017.10.11 06:44:39.804,1.48292,1.483,1.00,1.00
2017.10.11 06:44:40.112,1.48296,1.483,1.00,1.00
2017.10.11 06:44:40.622,1.48297,1.48301,1.00,1.00
2017.10.11 06:44:44.620,1.48298,1.48303,1.00,1.00
2017.10.11 06:44:47.918,1.48294,1.48303,1.00,1.69
2017.10.11 06:44:48.072,1.48293,1.483,1.00,1.50
2017.10.11 06:44:48.584,1.48292,1.48301,1.00,1.69
2017.10.11 06:44:49.542,1.4829,1.48301,1.00,1.87
2017.10.11 06:44:49.644,1.4829,1.48298,1.00,1.00
2017.10.11 06:44:50.156,1.48291,1.48298,1.00,1.00
2017.10.11 06:44:50.891,1.48288,1.48298,1.25,1.00
2017.10.11 06:44:51.792,1.48289,1.48298,1.00,1.00
2017.10.11 06:44:54.684,1.4829,1.48298,1.00,1.00
2017.10.11 06:44:56.162,1.48289,1.48297,1.00,1.88
2017.10.11 06:44:56.213,1.48284,1.48293,1.00,1.00
2017.10.11 06:44:56.368,1.48282,1.48293,1.00,1.25
2017.10.11 06:45:00.536,1.48283,1.48294,1.00,1.69
2017.10.11 06:45:02.997,1.48283,1.48294,1.00,1.31
2017.10.11 06:45:04.076,1.48283,1.48291,1.00,1.00
2017.10.11 06:45:05.058,1.48283,1.48292,1.00,1.12
2017.10.11 06:45:05.594,1.48283,1.48291,1.00,1.00
2017.10.11 06:45:06.233,1.4828,1.48291,1.19,1.00
2017.10.11 06:45:07.338,1.4828,1.48292,1.19,1.12
2017.10.11 06:45:07.899,1.4828,1.48291,1.19,1.00
2017.10.11 06:45:10.646,1.4828,1.48293,1.19,2.44
2017.10.11 06:45:11.175,1.48282,1.48293,1.25,2.06
2017.10.11 06:45:14.598,1.4828,1.48294,1.69,2.81
2017.10.11 06:45:15.158,1.4828,1.48291,1.69,1.00
2017.10.11 06:45:15.436,1.4828,1.48291,1.69,1.00
2017.10.11 06:45:16.702,1.4828,1.48291,1.00,1.19
2017.10.11 06:45:17.038,1.48279,1.48288,1.00,1.00
2017.10.11 06:45:19.078,1.48277,1.48288,1.31,1.00
2017.10.11 06:45:19.629,1.48277,1.4829,4.12,1.00
2017.10.11 06:45:22.483,1.48278,1.4829,1.19,1.00
2017.10.11 06:45:24.067,1.48275,1.48286,1.94,1.50
2017.10.11 06:45:24.221,1.48277,1.48289,1.69,1.00
2017.10.11 06:45:24.274,1.48277,1.48291,1.25,1.00
2017.10.11 06:45:24.792,1.48277,1.48291,1.69,1.00
2017.10.11 06:45:33.691,1.4828,1.48291,1.00,1.00
2017.10.11 06:45:48.477,1.4828,1.48293,1.00,1.69
2017.10.11 06:45:50.698,1.4828,1.48292,1.00,1.00
2017.10.11 06:45:51.616,1.4828,1.48293,1.00,3.19
2017.10.11 06:45:52.139,1.4828,1.48292,1.00,1.00
2017.10.11 06:45:52.694,1.4828,1.48293,1.00,3.19
2017.10.11 06:45:53.378,1.4828,1.48292,1.00,1.00
2017.10.11 06:45:54.779,1.4828,1.48293,1.00,2.44
2017.10.11 06:45:56.045,1.4828,1.48292,1.00,1.00
2017.10.11 06:45:56.643,1.4828,1.48293,1.00,3.19
2017.10.11 06:45:57.175,1.4828,1.48292,1.00,1.00
2017.10.11 06:45:57.741,1.4828,1.48293,1.00,2.44
2017.10.11 06:45:58.495,1.4828,1.48292,1.00,1.00
2017.10.11 06:45:59.187,1.4828,1.48293,1.00,3.37
2017.10.11 06:45:59.713,1.4828,1.48292,1.00,1.00
2017.10.11 06:46:00.765,1.4828,1.48293,1.00,3.37
2017.10.11 06:46:01.333,1.4828,1.48292,1.00,1.00
2017.10.11 06:46:01.849,1.4828,1.48293,1.00,3.37
2017.10.11 06:46:03.338,1.4828,1.48292,1.00,1.25
2017.10.11 06:46:03.850,1.48279,1.48292,1.87,1.00
2017.10.11 06:46:05.295,1.48279,1.48293,1.69,2.25
2017.10.11 06:46:06.020,1.48279,1.48292,1.69,1.25
2017.10.11 06:46:07.289,1.48279,1.48293,1.69,4.88
2017.10.11 06:46:08.029,1.48279,1.48292,1.69,1.25
2017.10.11 06:46:08.534,1.48279,1.48293,1.69,2.44
2017.10.11 06:46:09.256,1.48279,1.48292,1.25,1.25
2017.10.11 06:46:10.225,1.48277,1.48292,1.19,2.06
2017.10.11 06:46:10.582,1.48275,1.48291,3.37,2.06
2017.10.11 06:46:11.432,1.48276,1.48291,1.44,1.31
2017.10.11 06:46:11.955,1.48276,1.4829,1.19,1.13
2017.10.11 06:46:12.313,1.48276,1.4829,1.19,1.38
2017.10.11 06:46:12.466,1.48276,1.48291,1.19,2.63
2017.10.11 06:46:13.218,1.48276,1.48288,1.19,1.00
2017.10.11 06:46:14.357,1.48274,1.48288,1.50,1.00
2017.10.11 06:46:14.895,1.48273,1.48288,1.87,1.25
2017.10.11 06:46:15.290,1.48275,1.48288,1.69,1.00
2017.10.11 06:46:15.599,1.48277,1.4829,1.37,1.00
2017.10.11 06:46:19.606,1.48279,1.4829,1.19,1.00
2017.10.11 06:46:20.346,1.48279,1.4829,1.19,1.69
2017.10.11 06:46:20.449,1.48275,1.48288,1.69,1.00
2017.10.11 06:46:25.688,1.48278,1.48288,1.37,1.00
2017.10.11 06:46:25.795,1.48278,1.48292,1.19,1.88
2017.10.11 06:46:26.322,1.48278,1.48292,1.44,1.13
2017.10.11 06:46:27.047,1.48278,1.48291,1.69,1.88
2017.10.11 06:46:27.592,1.48278,1.48292,1.19,1.69
2017.10.11 06:46:28.292,1.48278,1.48292,1.44,2.06
2017.10.11 06:46:28.971,1.48278,1.4829,1.44,1.00
2017.10.11 06:46:29.437,1.48278,1.48292,1.87,1.00
2017.10.11 06:46:30.283,1.48277,1.48292,1.87,1.38
2017.10.11 06:46:30.387,1.48275,1.48289,1.00,1.63
2017.10.11 06:46:30.489,1.48273,1.48286,1.19,1.31
2017.10.11 06:46:31.000,1.48273,1.48287,1.19,1.12
2017.10.11 06:46:31.845,1.48273,1.48285,1.19,1.50
2017.10.11 06:46:32.387,1.48273,1.48284,1.19,1.00
2017.10.11 06:46:33.398,1.48273,1.48285,1.19,1.50
2017.10.11 06:46:34.021,1.48273,1.48284,1.19,1.00
2017.10.11 06:46:34.624,1.48273,1.48282,1.19,1.87
2017.10.11 06:46:34.675,1.4827,1.48282,1.69,1.31
2017.10.11 06:46:34.829,1.4827,1.48279,1.69,1.00
2017.10.11 06:46:34.983,1.48266,1.48277,1.25,1.00
2017.10.11 06:46:35.090,1.48264,1.48275,1.69,1.00
2017.10.11 06:46:35.733,1.48264,1.48277,1.19,1.12
2017.10.11 06:46:37.125,1.48263,1.48273,1.19,1.00
2017.10.11 06:46:42.833,1.48264,1.48274,1.25,1.00
2017.10.11 06:46:43.010,1.48266,1.48279,1.19,1.50
2017.10.11 06:46:43.216,1.48266,1.4828,1.19,2.81
2017.10.11 06:46:44.027,1.48266,1.4828,1.19,1.31
2017.10.11 06:46:44.130,1.48268,1.48279,1.19,1.00
2017.10.11 06:46:44.676,1.48268,1.4828,1.69,1.87
2017.10.11 06:46:45.188,1.48268,1.48279,1.69,1.00
2017.10.11 06:46:45.734,1.48268,1.4828,1.19,1.87
2017.10.11 06:46:46.293,1.48268,1.48279,1.19,1.00
2017.10.11 06:46:46.985,1.48268,1.4828,1.19,1.12
2017.10.11 06:46:47.634,1.48268,1.48279,1.19,1.00
2017.10.11 06:46:48.174,1.48269,1.48281,1.69,1.12
2017.10.11 06:46:48.327,1.48268,1.48281,1.12,1.50
2017.10.11 06:46:50.742,1.48268,1.4828,1.25,1.00
2017.10.11 06:46:51.255,1.48268,1.48279,1.25,1.00
2017.10.11 06:46:52.494,1.48268,1.4828,1.25,2.25
2017.10.11 06:46:52.797,1.48268,1.4828,1.69,2.25
2017.10.11 06:46:53.105,1.48264,1.48278,1.25,1.69
2017.10.11 06:46:53.616,1.48265,1.4828,1.25,2.44
2017.10.11 06:46:53.668,1.48266,1.48279,1.00,1.00
2017.10.11 06:46:54.214,1.48267,1.4828,1.00,1.69
2017.10.11 06:46:54.419,1.48266,1.48277,1.25,1.00
2017.10.11 06:46:54.522,1.48266,1.48279,1.25,1.00
2017.10.11 06:46:56.113,1.48268,1.4828,1.19,1.12
2017.10.11 06:46:56.625,1.48268,1.48281,1.00,4.31
2017.10.11 06:46:56.728,1.48265,1.48279,1.25,1.50
2017.10.11 06:46:57.458,1.48265,1.4828,1.25,3.00
2017.10.11 06:46:58.008,1.48265,1.4828,1.19,3.37
2017.10.11 06:46:58.417,1.48265,1.48278,1.00,2.63
2017.10.11 06:46:58.694,1.48262,1.48276,1.25,1.50
2017.10.11 06:46:59.204,1.48262,1.48276,1.00,2.25
2017.10.11 06:46:59.705,1.48262,1.48276,1.00,2.25
2017.10.11 06:46:59.858,1.48261,1.48275,1.25,1.44
2017.10.11 06:47:00.367,1.48261,1.48275,1.25,1.44
2017.10.11 06:47:01.042,1.48261,1.48275,1.25,1.88
2017.10.11 06:47:01.561,1.48261,1.48275,1.25,1.88
2017.10.11 06:47:02.249,1.48261,1.48275,1.25,1.88
2017.10.11 06:47:02.856,1.48261,1.48275,1.25,1.88
2017.10.11 06:47:03.723,1.48261,1.48275,1.25,1.50
2017.10.11 06:47:06.226,1.48261,1.48275,1.25,1.88
2017.10.11 06:47:06.939,1.48261,1.48271,1.00,1.00
2017.10.11 06:47:07.046,1.48257,1.48269,1.00,1.00
2017.10.11 06:47:08.136,1.48257,1.48272,1.00,2.81
2017.10.11 06:47:11.006,1.48255,1.4827,2.06,1.00
2017.10.11 06:47:11.057,1.48254,1.48269,1.81,1.00
2017.10.11 06:47:11.585,1.48254,1.4827,1.19,2.44
2017.10.11 06:47:12.823,1.48254,1.48269,1.44,1.25
2017.10.11 06:47:15.880,1.48255,1.48268,1.25,1.00
2017.10.11 06:47:16.492,1.48255,1.48269,1.25,1.31
2017.10.11 06:47:17.069,1.48255,1.48268,1.25,1.00
2017.10.11 06:47:17.690,1.48255,1.48269,1.25,1.31
2017.10.11 06:47:18.279,1.48255,1.48268,1.25,1.00
2017.10.11 06:47:18.795,1.48255,1.48269,1.12,1.87
2017.10.11 06:47:19.555,1.48254,1.48269,1.50,1.87
2017.10.11 06:47:20.148,1.48254,1.48268,1.50,1.00
2017.10.11 06:47:20.685,1.48254,1.48269,1.50,2.06
2017.10.11 06:47:21.224,1.48254,1.48268,1.50,1.00
2017.10.11 06:47:22.105,1.48254,1.48269,1.50,1.31
2017.10.11 06:47:22.651,1.48254,1.48268,1.50,1.00
2017.10.11 06:47:23.385,1.48254,1.48269,1.50,1.31
2017.10.11 06:47:23.888,1.48254,1.48268,1.50,1.00
2017.10.11 06:47:24.394,1.48254,1.48269,1.50,2.06
2017.10.11 06:47:24.964,1.48254,1.48268,1.69,1.00
2017.10.11 06:47:25.535,1.48254,1.48269,1.50,2.06
2017.10.11 06:47:26.195,1.48254,1.48268,1.50,1.00
2017.10.11 06:47:27.390,1.48254,1.48269,1.50,2.81
2017.10.11 06:47:27.952,1.48254,1.48268,1.50,1.00
2017.10.11 06:47:28.858,1.48257,1.48268,1.00,1.00
2017.10.11 06:47:29.422,1.48257,1.48269,1.00,1.31
2017.10.11 06:47:29.796,1.48251,1.48261,1.25,1.00
2017.10.11 06:47:30.327,1.48251,1.48263,1.00,2.25
2017.10.11 06:47:30.853,1.48251,1.48262,1.00,1.00
2017.10.11 06:47:31.374,1.48251,1.48263,1.00,2.44
2017.10.11 06:47:31.920,1.48251,1.48262,1.00,1.00
2017.10.11 06:47:32.994,1.48251,1.48263,1.00,2.25
2017.10.11 06:47:33.526,1.48251,1.48262,1.00,1.00
2017.10.11 06:47:33.893,1.48252,1.48265,1.00,1.25
2017.10.11 06:47:34.250,1.48252,1.48264,1.00,1.38
2017.10.11 06:47:34.404,1.48252,1.48265,1.00,1.87
2017.10.11 06:47:34.507,1.48254,1.48265,1.00,1.00
2017.10.11 06:47:34.712,1.48252,1.48264,1.00,2.25
2017.10.11 06:47:35.020,1.48252,1.48262,1.00,1.00
2017.10.11 06:47:36.889,1.48248,1.48262,1.31,1.00
2017.10.11 06:47:44.519,1.4825,1.48265,1.25,2.62
2017.10.11 06:47:45.194,1.4825,1.48265,1.25,1.87
2017.10.11 06:47:45.877,1.4825,1.48264,1.25,1.50
2017.10.11 06:47:46.641,1.4825,1.48264,1.25,1.50
2017.10.11 06:47:47.155,1.4825,1.48263,1.00,2.06
2017.10.11 06:47:47.700,1.4825,1.48263,1.00,1.87
2017.10.11 06:47:48.896,1.4825,1.48263,1.00,3.37
2017.10.11 06:47:49.317,1.48247,1.4826,1.19,1.12
2017.10.11 06:47:50.084,1.48247,1.48259,1.69,1.44
2017.10.11 06:47:50.237,1.48249,1.48261,1.25,1.50
2017.10.11 06:47:50.761,1.48249,1.48261,1.25,1.31
2017.10.11 06:47:51.285,1.48249,1.48262,1.25,2.62
2017.10.11 06:47:51.829,1.48249,1.48261,1.25,1.00
2017.10.11 06:47:52.356,1.48249,1.48262,1.25,2.44
2017.10.11 06:47:52.887,1.48249,1.48261,1.25,1.00
2017.10.11 06:47:53.441,1.48249,1.48262,1.25,1.69
2017.10.11 06:47:54.177,1.48249,1.48261,1.25,1.00
2017.10.11 06:47:54.717,1.48249,1.48262,1.25,1.69
2017.10.11 06:47:55.248,1.48249,1.48261,1.25,1.12
2017.10.11 06:47:55.393,1.48248,1.48259,1.19,1.00
2017.10.11 06:47:55.604,1.48248,1.48261,1.19,1.25
2017.10.11 06:47:55.757,1.48249,1.48262,1.69,2.44
2017.10.11 06:47:55.860,1.48249,1.48263,1.00,1.50
2017.10.11 06:47:56.376,1.48249,1.48262,1.00,1.50
2017.10.11 06:47:56.791,1.48249,1.48263,1.00,3.00
2017.10.11 06:47:56.894,1.48247,1.48263,1.87,3.56
2017.10.11 06:47:57.457,1.48247,1.4826,1.12,1.25
2017.10.11 06:47:57.714,1.48247,1.4826,1.69,1.00
2017.10.11 06:47:57.919,1.4825,1.48263,1.00,1.00
2017.10.11 06:47:57.971,1.48252,1.48263,1.25,1.00
2017.10.11 06:48:05.740,1.48253,1.48263,1.00,1.00
2017.10.11 06:48:06.407,1.48251,1.48263,1.56,1.00
2017.10.11 06:48:07.253,1.48251,1.48261,1.19,1.50
2017.10.11 06:48:07.305,1.4825,1.48262,1.00,1.50
2017.10.11 06:48:07.356,1.48248,1.4826,1.12,1.50
2017.10.11 06:48:07.459,1.48244,1.48257,1.69,1.50
2017.10.11 06:48:07.991,1.48245,1.48256,1.00,1.00
2017.10.11 06:48:08.043,1.48242,1.48254,1.25,1.00
2017.10.11 06:48:08.299,1.4824,1.4825,1.00,1.00
2017.10.11 06:48:08.454,1.48242,1.48255,1.00,1.25
2017.10.11 06:48:08.956,1.48242,1.48255,1.25,1.19
2017.10.11 06:48:09.059,1.48244,1.48256,1.00,2.06
2017.10.11 06:48:09.980,1.48244,1.48258,1.00,1.37
2017.10.11 06:48:10.528,1.48244,1.48259,1.69,2.81
2017.10.11 06:48:11.106,1.48244,1.48257,1.00,1.00
2017.10.11 06:48:12.643,1.48242,1.48257,1.19,1.00
2017.10.11 06:48:13.290,1.48242,1.48257,1.19,1.87
2017.10.11 06:48:13.962,1.48242,1.48257,1.44,1.12
2017.10.11 06:48:14.500,1.48242,1.48257,1.44,2.06
2017.10.11 06:48:15.124,1.48242,1.48257,1.44,1.00
2017.10.11 06:48:15.906,1.48245,1.48258,1.00,1.12
2017.10.11 06:48:17.055,1.48245,1.48257,1.00,1.00
2017.10.11 06:48:17.604,1.48245,1.48257,1.00,1.44
2017.10.11 06:48:17.744,1.48245,1.48258,1.00,2.25
2017.10.11 06:48:18.315,1.48245,1.48258,1.19,1.00
2017.10.11 06:48:18.445,1.48245,1.48259,1.00,3.19
2017.10.11 06:48:18.599,1.48238,1.48253,1.69,1.56
2017.10.11 06:48:18.906,1.48238,1.48254,1.31,1.44
2017.10.11 06:48:19.110,1.48238,1.48251,1.25,1.00
2017.10.11 06:48:19.648,1.48237,1.4825,1.25,1.87
2017.10.11 06:48:21.161,1.48237,1.4825,1.25,1.31
2017.10.11 06:48:22.338,1.4824,1.4825,2.44,1.19
2017.10.11 06:48:22.815,1.48239,1.4825,1.00,1.50
2017.10.11 06:48:23.341,1.48239,1.4825,1.00,1.50
2017.10.11 06:48:23.647,1.48235,1.48243,1.50,1.00
2017.10.11 06:48:23.800,1.48226,1.48239,1.31,1.25
2017.10.11 06:48:24.333,1.48226,1.48238,1.19,1.12
2017.10.11 06:48:25.263,1.48226,1.48238,1.19,1.31
2017.10.11 06:48:25.866,1.48227,1.4824,2.81,1.12
2017.10.11 06:48:25.918,1.48227,1.48244,3.56,2.81
2017.10.11 06:48:26.429,1.48227,1.48244,3.00,2.44
2017.10.11 06:48:27.207,1.4823,1.48244,1.19,1.50
2017.10.11 06:48:27.721,1.48228,1.48242,1.44,2.25
2017.10.11 06:48:38.025,1.48227,1.48242,1.19,3.19
2017.10.11 06:48:39.694,1.48222,1.48235,1.94,1.00
2017.10.11 06:48:40.001,1.4822,1.48231,1.19,1.25
2017.10.11 06:48:40.444,1.48217,1.48231,1.25,1.25
2017.10.11 06:48:42.316,1.48216,1.48228,1.50,1.12
2017.10.11 06:48:42.418,1.48212,1.48225,2.25,1.00
2017.10.11 06:48:42.624,1.48215,1.48226,1.25,1.00
2017.10.11 06:48:42.728,1.48218,1.48234,2.05,3.56
2017.10.11 06:48:43.234,1.48218,1.48232,1.12,1.00
2017.10.11 06:48:43.759,1.48218,1.48233,1.12,1.25
2017.10.11 06:48:44.295,1.48218,1.48232,2.44,1.25
2017.10.11 06:48:44.816,1.48219,1.48232,1.12,1.25
2017.10.11 06:48:45.334,1.4822,1.48232,1.00,1.00
2017.10.11 06:48:46.079,1.4822,1.48234,1.00,1.31
2017.10.11 06:48:46.589,1.4822,1.48233,1.00,1.00
2017.10.11 06:48:47.447,1.4822,1.4823,1.00,1.12
2017.10.11 06:48:47.500,1.48216,1.48231,1.50,1.37
2017.10.11 06:48:47.599,1.48216,1.48231,1.12,1.37
2017.10.11 06:48:48.699,1.48216,1.48232,1.12,2.06
2017.10.11 06:48:48.857,1.48216,1.48232,1.31,1.69
2017.10.11 06:48:48.909,1.48216,1.48229,1.50,1.00
2017.10.11 06:48:48.961,1.48216,1.48232,2.06,1.50
2017.10.11 06:48:49.525,1.48217,1.48232,2.06,1.00
2017.10.11 06:48:50.079,1.48218,1.48233,2.44,1.25
2017.10.11 06:48:51.056,1.48222,1.48233,1.00,1.25
2017.10.11 06:48:52.598,1.48221,1.48233,1.00,1.69
2017.10.11 06:48:53.402,1.48222,1.48235,1.00,1.69
2017.10.11 06:48:53.980,1.48222,1.48235,1.00,1.62
2017.10.11 06:48:58.071,1.48222,1.48235,1.00,1.25
2017.10.11 06:48:58.590,1.48223,1.48235,1.00,1.25
2017.10.11 06:48:58.838,1.48221,1.48235,1.69,1.25
2017.10.11 06:48:59.490,1.48221,1.48236,1.25,3.37
2017.10.11 06:49:00.950,1.48222,1.48236,1.00,3.75
2017.10.11 06:49:01.001,1.48222,1.48236,1.00,3.37
2017.10.11 06:49:01.568,1.48223,1.48235,1.00,1.25
2017.10.11 06:49:02.032,1.48226,1.48238,1.25,2.06
2017.10.11 06:49:02.239,1.48221,1.48235,2.25,1.00
2017.10.11 06:49:02.751,1.48223,1.48235,1.00,1.19
2017.10.11 06:49:03.414,1.48222,1.48234,1.00,1.00
2017.10.11 06:49:04.738,1.48222,1.48229,1.00,1.00
2017.10.11 06:49:04.840,1.4822,1.48229,1.31,1.00
2017.10.11 06:49:05.436,1.48221,1.48229,1.00,1.00
2017.10.11 06:49:05.808,1.48221,1.48226,1.00,1.00
2017.10.11 06:49:06.486,1.4822,1.48226,1.25,1.00
2017.10.11 06:49:12.439,1.48217,1.48226,1.00,1.00
2017.10.11 06:49:14.413,1.48219,1.48226,1.00,1.00
2017.10.11 06:49:19.152,1.48218,1.48226,1.00,1.00
2017.10.11 06:49:19.607,1.48216,1.48223,1.31,1.00
2017.10.11 06:49:19.660,1.48214,1.48223,1.87,1.00
2017.10.11 06:49:20.136,1.48215,1.48221,1.25,1.00
2017.10.11 06:49:20.456,1.48216,1.48222,2.06,1.00
2017.10.11 06:49:20.792,1.48217,1.48223,2.81,1.00
2017.10.11 06:49:20.895,1.48217,1.48222,1.25,1.00
2017.10.11 06:49:21.704,1.48216,1.48225,1.19,1.00
2017.10.11 06:49:22.022,1.48217,1.48225,3.94,1.00
2017.10.11 06:49:24.048,1.48218,1.48225,1.87,1.00
2017.10.11 06:49:26.315,1.48217,1.48225,3.37,1.00
2017.10.11 06:49:26.775,1.48217,1.48226,1.69,1.00
2017.10.11 06:49:29.495,1.48221,1.48226,1.25,1.00
2017.10.11 06:49:29.754,1.48215,1.48225,1.19,1.00
2017.10.11 06:49:32.467,1.48211,1.48221,1.19,1.00
2017.10.11 06:49:32.571,1.48208,1.48221,2.25,1.50
2017.10.11 06:49:32.625,1.48208,1.48217,1.50,1.00
2017.10.11 06:49:33.548,1.48206,1.48216,2.25,1.00
2017.10.11 06:49:33.652,1.48202,1.48213,2.62,1.00
2017.10.11 06:49:33.704,1.48201,1.48213,3.00,1.00
2017.10.11 06:49:33.965,1.48203,1.48213,3.00,1.00
2017.10.11 06:49:34.121,1.48207,1.48218,2.81,1.00
2017.10.11 06:49:34.448,1.48207,1.48218,3.00,1.00
2017.10.11 06:49:34.500,1.48209,1.48218,1.25,1.00
2017.10.11 06:49:37.137,1.48209,1.4822,1.69,1.00
2017.10.11 06:49:43.558,1.4821,1.4822,3.94,1.00
2017.10.11 06:49:43.866,1.48213,1.48222,2.25,1.00
2017.10.11 06:49:53.220,1.48212,1.48222,1.37,1.00
2017.10.11 06:49:53.271,1.48209,1.48222,3.19,1.00
2017.10.11 06:49:53.425,1.48208,1.48221,2.25,1.00
2017.10.11 06:49:53.989,1.48211,1.48221,2.00,1.00
2017.10.11 06:49:54.041,1.48213,1.48225,1.87,1.37
2017.10.11 06:49:54.144,1.48215,1.48226,1.87,1.00
2017.10.11 06:49:54.195,1.48215,1.48226,2.25,1.00
2017.10.11 06:49:54.605,1.48216,1.48226,2.00,1.00
2017.10.11 06:49:54.658,1.48215,1.48226,2.62,1.00
2017.10.11 06:49:55.161,1.48212,1.48226,4.50,1.00
2017.10.11 06:49:55.264,1.48212,1.48222,1.87,1.00
2017.10.11 06:49:55.908,1.48211,1.48218,1.44,1.00
2017.10.11 06:49:55.960,1.48209,1.48218,1.37,1.00
2017.10.11 06:49:56.480,1.4821,1.48218,1.00,1.00
2017.10.11 06:49:56.991,1.48208,1.48218,3.75,1.00
2017.10.11 06:49:59.192,1.4821,1.48218,1.75,1.00
2017.10.11 06:49:59.243,1.4821,1.4822,1.75,1.00
2017.10.11 06:50:00.584,1.4821,1.4822,1.12,1.00
2017.10.11 06:50:00.687,1.48211,1.4822,1.50,1.00
2017.10.11 06:50:01.648,1.48211,1.4822,1.12,1.00
2017.10.11 06:50:03.208,1.48214,1.48221,2.25,1.00
2017.10.11 06:50:03.260,1.48217,1.48222,1.62,1.00
2017.10.11 06:50:03.312,1.48216,1.48226,3.37,1.00
2017.10.11 06:50:03.834,1.48216,1.48226,1.19,1.00
2017.10.11 06:50:07.762,1.48216,1.48228,2.25,1.00
2017.10.11 06:50:09.255,1.48224,1.48228,1.25,1.00
2017.10.11 06:50:09.360,1.48226,1.48233,2.62,1.00
2017.10.11 06:50:09.414,1.48227,1.48237,1.31,1.00
2017.10.11 06:50:10.139,1.48227,1.48237,3.37,1.00
2017.10.11 06:50:10.294,1.48227,1.48239,4.50,1.00
2017.10.11 06:50:10.806,1.48227,1.48239,3.19,1.00
2017.10.11 06:50:12.161,1.48229,1.48239,1.87,1.00
2017.10.11 06:50:12.819,1.4823,1.48239,2.00,1.00
2017.10.11 06:50:13.788,1.4823,1.48242,2.81,1.00
2017.10.11 06:50:16.577,1.48231,1.48242,1.25,1.00
2017.10.11 06:50:16.629,1.48231,1.48242,2.44,1.00
2017.10.11 06:50:16.938,1.48241,1.48247,1.31,1.00
2017.10.11 06:50:16.989,1.48241,1.48251,1.31,1.00
2017.10.11 06:50:18.560,1.48236,1.48251,4.12,1.19
2017.10.11 06:50:18.612,1.48239,1.48251,1.19,1.00
2017.10.11 06:50:19.132,1.48239,1.48251,1.87,1.00
2017.10.11 06:50:19.440,1.48239,1.48251,2.62,1.00
2017.10.11 06:50:22.205,1.4824,1.48251,1.19,1.00
2017.10.11 06:50:24.384,1.48239,1.48251,1.31,1.00
2017.10.11 06:50:24.546,1.48239,1.48248,1.31,1.00
2017.10.11 06:50:34.278,1.48237,1.48248,1.25,1.00
2017.10.11 06:50:35.755,1.48238,1.48248,1.00,1.00
2017.10.11 06:50:37.161,1.48237,1.48248,1.25,1.00
2017.10.11 06:50:39.369,1.48237,1.48248,1.50,1.00
2017.10.11 06:50:40.469,1.48237,1.48248,2.81,1.00
2017.10.11 06:50:42.381,1.48237,1.48246,1.12,1.00
2017.10.11 06:50:42.434,1.48233,1.48246,2.62,1.00
2017.10.11 06:50:42.640,1.48232,1.48246,2.21,1.00
2017.10.11 06:50:42.845,1.48232,1.48244,2.77,1.00
2017.10.11 06:50:43.486,1.48232,1.48244,2.59,1.00
2017.10.11 06:50:46.501,1.48232,1.48244,1.31,1.00
2017.10.11 06:50:46.707,1.48232,1.48241,1.00,1.00
2017.10.11 06:50:47.218,1.4823,1.48241,1.75,1.00
2017.10.11 06:50:49.629,1.48231,1.48241,1.62,1.00
2017.10.11 06:50:49.733,1.48232,1.48244,1.31,1.00
2017.10.11 06:50:49.836,1.48232,1.48244,1.31,1.00
2017.10.11 06:50:50.231,1.48232,1.48241,1.19,1.00
2017.10.11 06:50:50.488,1.48232,1.48241,1.00,1.00
2017.10.11 06:50:53.335,1.48231,1.48241,1.50,1.00
2017.10.11 06:50:53.437,1.48233,1.48241,1.00,1.00
2017.10.11 06:50:53.540,1.48235,1.48244,1.00,1.00
2017.10.11 06:50:54.140,1.48235,1.48244,1.19,1.00
2017.10.11 06:50:54.643,1.48237,1.48248,1.62,1.00
2017.10.11 06:50:54.696,1.48236,1.48248,1.56,1.00
2017.10.11 06:50:55.211,1.48236,1.48246,1.31,1.00
2017.10.11 06:50:55.528,1.48234,1.48243,1.19,1.00
2017.10.11 06:51:14.038,1.48233,1.48243,1.00,1.00
2017.10.11 06:51:18.246,1.48234,1.48243,1.19,1.00
2017.10.11 06:51:18.503,1.48235,1.48249,2.25,1.00
2017.10.11 06:51:18.919,1.48236,1.48249,1.19,1.00
2017.10.11 06:51:19.130,1.48235,1.48247,2.25,1.00
2017.10.11 06:51:19.285,1.48234,1.48245,1.87,1.00
2017.10.11 06:51:19.642,1.48232,1.48245,1.00,1.50
2017.10.11 06:51:19.899,1.48228,1.48245,3.37,1.19
2017.10.11 06:51:20.235,1.48233,1.48245,1.00,1.69
2017.10.11 06:51:20.760,1.48233,1.48245,1.00,1.25
2017.10.11 06:51:21.631,1.48233,1.48243,1.00,1.00
2017.10.11 06:51:22.801,1.48229,1.48243,1.12,1.00
2017.10.11 06:51:23.519,1.48229,1.48243,1.12,1.00
2017.10.11 06:51:24.458,1.48228,1.48243,2.19,1.50
2017.10.11 06:51:24.560,1.48227,1.4824,1.50,1.00
2017.10.11 06:51:24.990,1.48227,1.48242,1.31,1.00
2017.10.11 06:51:36.252,1.48228,1.48242,1.19,1.19
2017.10.11 06:51:36.793,1.48228,1.48243,1.19,1.69
2017.10.11 06:51:37.100,1.48227,1.48238,3.94,1.00
2017.10.11 06:51:39.835,1.48227,1.48237,2.44,1.00
2017.10.11 06:51:40.180,1.48227,1.48236,1.44,1.00
2017.10.11 06:51:51.993,1.48225,1.48235,1.69,1.00
2017.10.11 06:51:52.045,1.48225,1.48235,1.69,1.00
2017.10.11 06:51:52.541,1.48227,1.48241,1.19,1.19
2017.10.11 06:52:01.374,1.48229,1.48241,1.65,1.00
2017.10.11 06:52:01.528,1.48235,1.48246,1.69,1.00
2017.10.11 06:52:01.632,1.48235,1.48246,1.87,1.00
2017.10.11 06:52:05.638,1.48235,1.48247,3.56,1.00
2017.10.11 06:52:06.237,1.48236,1.48246,3.37,1.00
2017.10.11 06:52:07.208,1.48236,1.48245,1.19,1.00
2017.10.11 06:52:07.260,1.48235,1.48245,1.00,1.00
2017.10.11 06:52:07.363,1.48236,1.48247,1.00,1.00
2017.10.11 06:52:07.466,1.48236,1.48247,2.06,1.00
2017.10.11 06:52:07.810,1.48244,1.48254,1.81,1.00
2017.10.11 06:52:08.119,1.48242,1.4825,1.25,1.00
2017.10.11 06:52:08.171,1.48238,1.48251,2.44,1.00
2017.10.11 06:52:08.326,1.48241,1.48252,1.65,1.00
2017.10.11 06:52:08.648,1.48245,1.48255,1.31,1.00
2017.10.11 06:52:11.389,1.48245,1.48254,1.69,1.00
2017.10.11 06:52:13.267,1.48245,1.48256,1.56,1.00
2017.10.11 06:52:13.772,1.48244,1.48256,2.06,1.00
2017.10.11 06:52:13.824,1.48244,1.48254,2.06,1.00
2017.10.11 06:52:17.091,1.48244,1.48255,2.06,1.00
2017.10.11 06:52:18.325,1.4824,1.4825,1.31,1.00
2017.10.11 06:52:18.479,1.48234,1.48248,1.65,1.50
2017.10.11 06:52:21.657,1.48239,1.48252,2.25,1.00
2017.10.11 06:52:21.811,1.48242,1.48256,3.56,1.00
2017.10.11 06:52:21.914,1.48241,1.48253,1.87,1.00
2017.10.11 06:52:21.966,1.48239,1.48253,1.44,2.25
2017.10.11 06:52:22.579,1.48238,1.48252,2.25,1.00
2017.10.11 06:52:23.092,1.48238,1.48252,1.50,1.00
2017.10.11 06:52:23.858,1.48238,1.48253,1.50,1.50
2017.10.11 06:52:24.397,1.48238,1.48252,1.50,1.00
2017.10.11 06:52:24.500,1.48238,1.48252,1.50,1.00
2017.10.11 06:52:25.149,1.48238,1.48252,1.50,1.00
2017.10.11 06:52:25.466,1.48237,1.4825,2.44,1.00
2017.10.11 06:52:29.329,1.48238,1.48253,1.44,1.00
2017.10.11 06:52:31.372,1.48238,1.48253,1.44,1.62
2017.10.11 06:52:31.526,1.48237,1.48253,2.81,1.37
2017.10.11 06:52:40.251,1.48238,1.48253,1.13,1.00
2017.10.11 06:52:40.781,1.48238,1.48253,1.69,1.00
2017.10.11 06:52:41.138,1.48239,1.48253,1.19,1.00
2017.10.11 06:52:41.291,1.48239,1.48253,1.50,1.00
2017.10.11 06:52:41.394,1.48242,1.48256,1.00,2.06
2017.10.11 06:52:41.598,1.48243,1.48258,2.06,1.25
2017.10.11 06:52:43.472,1.48244,1.48258,1.63,1.00
2017.10.11 06:52:47.023,1.48248,1.48262,1.12,2.25
2017.10.11 06:52:47.158,1.48248,1.48262,2.44,1.25
2017.10.11 06:52:47.490,1.48246,1.48262,3.19,1.31
2017.10.11 06:52:47.644,1.48245,1.4826,3.94,1.50
2017.10.11 06:52:48.137,1.48245,1.4826,1.25,2.44
2017.10.11 06:52:54.713,1.48244,1.48259,1.31,2.25
2017.10.11 06:52:55.902,1.48244,1.48259,1.31,1.87
2017.10.11 06:53:01.255,1.48244,1.4826,1.69,3.56
2017.10.11 06:53:01.561,1.48244,1.4826,2.59,3.56
2017.10.11 06:53:01.664,1.48244,1.4826,2.59,3.56
2017.10.11 06:53:02.453,1.48244,1.4826,3.90,1.69
2017.10.11 06:53:03.496,1.48245,1.4826,1.25,1.50
2017.10.11 06:53:05.071,1.48245,1.4826,3.56,1.00
2017.10.11 06:53:05.582,1.48246,1.4826,2.25,1.00
2017.10.11 06:53:07.458,1.48246,1.4826,1.87,1.69
2017.10.11 06:53:08.715,1.48248,1.4826,1.12,1.69
2017.10.11 06:53:11.235,1.48249,1.4826,1.00,1.69
2017.10.11 06:53:18.251,1.48248,1.4826,1.12,2.62
2017.10.11 06:53:18.757,1.48248,1.48257,1.00,1.00
2017.10.11 06:53:20.726,1.48247,1.48257,1.00,1.00
2017.10.11 06:53:21.616,1.48246,1.48257,1.31,1.00
2017.10.11 06:53:21.719,1.4824,1.48252,1.50,1.00
2017.10.11 06:53:21.847,1.48239,1.4825,1.00,1.00
2017.10.11 06:53:22.687,1.48239,1.48251,1.00,1.87
2017.10.11 06:53:23.385,1.48239,1.48251,1.44,1.12
2017.10.11 06:53:23.700,1.48242,1.48252,1.31,1.00
2017.10.11 06:53:23.958,1.48244,1.48256,1.00,1.00
2017.10.11 06:53:24.471,1.48245,1.48256,1.00,1.00
2017.10.11 06:53:28.539,1.48244,1.48256,1.00,1.00
2017.10.11 06:53:29.384,1.48245,1.48256,1.00,1.00
2017.10.11 06:53:29.549,1.48247,1.48259,1.25,1.00
2017.10.11 06:53:30.062,1.48247,1.48259,1.25,1.19
2017.10.11 06:53:31.110,1.48247,1.48259,1.00,1.00
2017.10.11 06:53:31.612,1.48247,1.48258,1.00,1.00
2017.10.11 06:53:31.816,1.48245,1.48258,1.00,1.25
2017.10.11 06:53:32.360,1.48244,1.48258,1.50,1.25
2017.10.11 06:53:33.365,1.48247,1.48259,1.00,1.69
2017.10.11 06:53:36.536,1.48247,1.48259,1.00,3.19
2017.10.11 06:53:37.082,1.48247,1.48258,1.00,1.50
2017.10.11 06:53:38.851,1.48247,1.48259,1.00,1.50
2017.10.11 06:53:39.054,1.48245,1.48259,1.00,1.50
2017.10.11 06:53:39.463,1.48252,1.48259,1.00,3.19
2017.10.11 06:53:39.514,1.48248,1.48259,1.25,1.12
2017.10.11 06:53:39.644,1.48252,1.48264,1.00,1.50
2017.10.11 06:53:40.158,1.48252,1.48264,1.31,1.00
2017.10.11 06:53:42.294,1.48249,1.48259,1.87,1.00
2017.10.11 06:53:42.345,1.48248,1.48259,1.69,1.00
2017.10.11 06:53:42.450,1.48247,1.48256,1.12,1.00
2017.10.11 06:53:42.501,1.48244,1.48256,1.09,1.00
2017.10.11 06:53:43.018,1.48243,1.48256,2.06,1.00
2017.10.11 06:53:44.607,1.48243,1.48256,1.50,1.00
2017.10.11 06:53:45.151,1.48243,1.48256,1.87,1.00
2017.10.11 06:53:45.462,1.48242,1.48254,2.00,1.00
2017.10.11 06:53:46.028,1.48243,1.48254,1.00,1.00
2017.10.11 06:53:46.737,1.48243,1.48254,1.87,1.00
2017.10.11 06:53:47.283,1.48242,1.48255,2.44,1.00
2017.10.11 06:53:48.821,1.48243,1.48255,1.69,1.00
2017.10.11 06:53:49.350,1.48241,1.48253,2.06,1.00
2017.10.11 06:53:49.863,1.48241,1.48255,1.62,1.00
2017.10.11 06:53:50.376,1.48241,1.48254,1.50,1.00
2017.10.11 06:53:50.803,1.4824,1.48252,2.06,1.00
2017.10.11 06:53:51.341,1.4824,1.48253,1.44,1.00
2017.10.11 06:53:52.151,1.48242,1.48255,2.25,3.00
2017.10.11 06:53:52.253,1.48244,1.48256,1.87,1.00
2017.10.11 06:53:52.804,1.48242,1.48255,1.31,1.00
2017.10.11 06:53:55.309,1.48242,1.48254,1.12,1.00
2017.10.11 06:53:55.844,1.48242,1.48255,1.56,1.00
2017.10.11 06:53:57.903,1.48242,1.48255,1.56,1.00
2017.10.11 06:53:58.057,1.48245,1.48257,1.25,1.00
2017.10.11 06:53:59.936,1.48244,1.48257,1.00,1.50
2017.10.11 06:54:00.142,1.4824,1.48252,3.00,1.00
2017.10.11 06:54:00.501,1.48238,1.4825,1.19,1.00
2017.10.11 06:54:01.041,1.48238,1.48249,1.00,1.00
2017.10.11 06:54:01.785,1.48238,1.48248,1.00,1.00
2017.10.11 06:54:03.696,1.48238,1.48248,1.19,1.00
2017.10.11 06:54:10.267,1.48237,1.48247,2.06,1.00
2017.10.11 06:54:10.319,1.48238,1.48249,1.00,1.00
2017.10.11 06:54:10.579,1.48238,1.48247,1.25,1.00
2017.10.11 06:54:11.120,1.48238,1.48248,1.31,1.00
2017.10.11 06:54:12.037,1.48238,1.48249,2.06,1.00
2017.10.11 06:54:13.543,1.48237,1.48249,1.88,1.00
2017.10.11 06:54:14.057,1.48236,1.48249,4.31,1.00
2017.10.11 06:54:15.381,1.48238,1.48247,1.25,1.00
2017.10.11 06:54:15.586,1.48234,1.48247,1.25,1.00
2017.10.11 06:54:15.637,1.48234,1.48245,1.12,1.00
2017.10.11 06:54:15.791,1.48234,1.48247,1.31,1.00
2017.10.11 06:54:16.478,1.48234,1.48247,1.31,1.00
2017.10.11 06:54:16.979,1.48234,1.48247,1.31,1.00
2017.10.11 06:54:17.483,1.48234,1.48246,1.50,1.00
2017.10.11 06:54:20.930,1.48234,1.48245,1.62,1.00
2017.10.11 06:54:20.982,1.48234,1.48243,1.88,1.00
2017.10.11 06:54:21.708,1.48234,1.48244,1.50,1.00
2017.10.11 06:54:22.622,1.48234,1.48245,1.50,1.00
2017.10.11 06:54:23.151,1.48234,1.48247,3.00,1.00
2017.10.11 06:54:23.743,1.48235,1.48248,2.44,1.50
2017.10.11 06:54:25.160,1.48236,1.48248,1.56,1.50
2017.10.11 06:54:26.028,1.48235,1.48243,1.25,1.00
2017.10.11 06:54:26.366,1.4823,1.48242,3.75,1.00
2017.10.11 06:54:26.470,1.48231,1.48242,1.13,1.00
2017.10.11 06:54:26.573,1.48232,1.48246,1.31,1.12
2017.10.11 06:54:26.625,1.48233,1.48246,2.06,1.12
2017.10.11 06:54:26.880,1.48234,1.48248,1.12,1.50
2017.10.11 06:54:29.561,1.48235,1.48248,1.12,1.00
2017.10.11 06:54:31.226,1.48234,1.48248,2.00,1.00
2017.10.11 06:54:32.831,1.48235,1.48248,2.25,1.00
2017.10.11 06:54:32.984,1.48236,1.4825,1.19,1.87
2017.10.11 06:54:34.072,1.48236,1.48248,1.12,1.00
2017.10.11 06:54:34.174,1.48232,1.48247,1.87,1.00
2017.10.11 06:54:34.226,1.48232,1.48245,1.62,1.00
2017.10.11 06:54:34.329,1.48232,1.48248,1.37,1.50
2017.10.11 06:54:34.380,1.48232,1.48248,2.63,1.50
2017.10.11 06:54:35.233,1.48232,1.48247,2.25,1.00
2017.10.11 06:54:35.439,1.48232,1.48246,1.69,1.00
2017.10.11 06:54:35.952,1.48232,1.48247,1.62,1.12
2017.10.11 06:54:36.101,1.48233,1.48247,1.46,1.00
2017.10.11 06:54:36.205,1.48236,1.48249,1.31,1.50
2017.10.11 06:54:36.309,1.48236,1.48246,1.69,1.00
2017.10.11 06:54:36.463,1.48236,1.48246,1.00,1.00
2017.10.11 06:54:36.980,1.48233,1.48246,1.81,1.00
2017.10.11 06:54:37.496,1.48232,1.48246,2.44,1.00
2017.10.11 06:54:37.548,1.48232,1.48244,3.19,1.00
2017.10.11 06:54:37.868,1.48231,1.48242,3.37,1.00
2017.10.11 06:54:38.683,1.48232,1.48242,1.00,1.00
2017.10.11 06:54:38.999,1.48232,1.48242,2.44,1.00
2017.10.11 06:54:39.050,1.48232,1.48242,1.12,1.00
2017.10.11 06:54:39.594,1.48232,1.48242,1.87,1.00
2017.10.11 06:54:40.004,1.48232,1.48242,1.69,1.00
2017.10.11 06:54:40.252,1.48232,1.48242,1.00,1.00
2017.10.11 06:54:40.796,1.48232,1.48242,1.87,1.00
2017.10.11 06:54:41.811,1.48232,1.48242,1.00,1.00
2017.10.11 06:54:42.101,1.48232,1.48245,1.87,1.50
2017.10.11 06:54:44.370,1.48232,1.48245,1.00,1.50
2017.10.11 06:54:44.892,1.48232,1.48245,1.44,1.50
2017.10.11 06:54:45.410,1.48232,1.48245,1.00,1.50
2017.10.11 06:54:46.062,1.48232,1.48245,1.44,1.50
2017.10.11 06:54:46.396,1.4823,1.48243,1.87,1.00
2017.10.11 06:54:46.499,1.4823,1.48242,1.12,1.00
2017.10.11 06:54:47.451,1.48228,1.48242,1.09,1.50
2017.10.11 06:54:47.555,1.48227,1.4824,1.44,1.50
2017.10.11 06:54:48.546,1.48225,1.48239,1.31,1.00
2017.10.11 06:54:53.645,1.48225,1.4824,1.31,4.50
2017.10.11 06:54:53.800,1.48225,1.4824,1.50,4.50
2017.10.11 06:54:53.902,1.48225,1.4824,1.31,3.75
2017.10.11 06:54:54.712,1.48225,1.4824,1.44,4.50
2017.10.11 06:54:55.949,1.48225,1.48238,1.12,1.12
2017.10.11 06:54:56.452,1.48225,1.48238,1.31,1.12
2017.10.11 06:54:57.030,1.48225,1.48238,1.12,1.12
2017.10.11 06:54:58.162,1.48224,1.48238,1.88,1.87
2017.10.11 06:54:58.680,1.48225,1.48238,1.00,1.50
2017.10.11 06:54:59.761,1.48224,1.48238,1.88,1.50
2017.10.11 06:55:00.297,1.48225,1.48238,1.25,1.50
2017.10.11 06:55:02.196,1.48225,1.48238,1.44,1.50
2017.10.11 06:55:02.707,1.48225,1.48238,1.00,1.50
2017.10.11 06:55:03.256,1.48225,1.48238,1.44,1.50
2017.10.11 06:55:03.783,1.48225,1.48238,1.00,1.50
2017.10.11 06:55:03.841,1.48225,1.48238,2.25,1.50
2017.10.11 06:55:04.438,1.48225,1.48236,2.44,1.00
2017.10.11 06:55:08.973,1.48224,1.48236,3.38,1.00
2017.10.11 06:55:10.673,1.48225,1.48236,1.13,1.00
2017.10.11 06:55:11.224,1.48224,1.48236,4.13,1.00
2017.10.11 06:55:16.754,1.48224,1.48236,1.88,1.00
2017.10.11 06:55:17.300,1.48223,1.48236,2.59,1.00
2017.10.11 06:55:23.459,1.48224,1.48237,1.27,1.00
2017.10.11 06:55:25.038,1.48225,1.48234,2.25,1.00
2017.10.11 06:55:25.090,1.48222,1.48234,1.00,1.00
2017.10.11 06:55:25.245,1.48224,1.48234,1.20,1.00
2017.10.11 06:55:25.555,1.48232,1.48242,1.00,1.00
2017.10.11 06:55:26.072,1.48232,1.48241,1.00,1.00
2017.10.11 06:55:27.117,1.48231,1.48241,2.62,1.00
2017.10.11 06:55:28.043,1.4823,1.48241,1.50,1.00
2017.10.11 06:55:28.898,1.48231,1.48241,1.00,1.00
2017.10.11 06:55:29.777,1.48234,1.48243,2.25,1.00
2017.10.11 06:55:29.879,1.48236,1.48245,1.19,1.00
2017.10.11 06:55:30.403,1.48235,1.48245,2.02,1.00
2017.10.11 06:55:30.976,1.48236,1.48245,1.19,1.00
2017.10.11 06:55:31.502,1.48234,1.48245,3.94,1.00
2017.10.11 06:55:31.554,1.48234,1.48245,3.19,1.00
2017.10.11 06:55:32.112,1.48234,1.48246,3.56,1.00
2017.10.11 06:55:33.562,1.48234,1.48243,2.62,1.00
2017.10.11 06:55:33.614,1.48234,1.48245,2.25,1.00
2017.10.11 06:55:34.593,1.4823,1.4824,2.81,1.00
2017.10.11 06:55:35.106,1.48231,1.48241,1.50,1.00
2017.10.11 06:55:35.158,1.48232,1.48244,2.44,1.50
2017.10.11 06:55:35.687,1.48233,1.48244,1.87,1.00
2017.10.11 06:55:37.134,1.48233,1.48246,2.62,1.00
2017.10.11 06:55:37.667,1.48233,1.48245,2.06,1.00
2017.10.11 06:55:38.194,1.48233,1.48244,3.00,1.00
2017.10.11 06:55:40.710,1.48235,1.48244,1.87,1.00
2017.10.11 06:55:40.999,1.48235,1.48246,1.87,1.00
2017.10.11 06:55:41.716,1.48235,1.48245,2.81,1.00
2017.10.11 06:55:46.895,1.48235,1.48245,1.50,1.00
2017.10.11 06:55:47.910,1.48235,1.48247,1.50,1.69
2017.10.11 06:55:49.684,1.48234,1.48247,3.19,1.50
2017.10.11 06:55:51.031,1.48235,1.48247,1.69,1.50
2017.10.11 06:55:51.237,1.48237,1.48249,1.19,1.00
2017.10.11 06:55:54.042,1.48237,1.48249,1.00,1.00
2017.10.11 06:55:54.564,1.48237,1.48248,1.00,1.00
2017.10.11 06:55:54.952,1.48237,1.4825,1.25,1.50
2017.10.11 06:55:56.023,1.48236,1.4825,1.94,1.50
2017.10.11 06:55:57.201,1.48236,1.48251,2.19,2.25
2017.10.11 06:55:57.722,1.48237,1.4825,1.56,1.50
2017.10.11 06:55:59.604,1.48237,1.4825,1.75,1.50
2017.10.11 06:55:59.757,1.48237,1.4825,1.37,1.50
2017.10.11 06:56:00.300,1.48237,1.48251,1.37,2.25
2017.10.11 06:56:08.682,1.48239,1.48251,2.03,1.00
2017.10.11 06:56:09.222,1.48241,1.48251,1.00,1.00
2017.10.11 06:56:09.867,1.4824,1.48251,3.75,1.00
2017.10.11 06:56:10.787,1.48242,1.48254,1.44,1.00
2017.10.11 06:56:11.289,1.48243,1.48254,1.44,1.00
2017.10.11 06:56:13.250,1.48242,1.48252,1.00,1.87
2017.10.11 06:56:13.404,1.48236,1.4825,1.00,3.00
2017.10.11 06:56:13.938,1.48235,1.48251,1.69,5.06
2017.10.11 06:56:16.042,1.48232,1.48249,6.19,1.69
2017.10.11 06:56:16.094,1.48235,1.48249,1.62,1.00
2017.10.11 06:56:16.197,1.48237,1.48252,1.12,1.00
2017.10.11 06:56:16.301,1.48238,1.48252,4.50,1.00
2017.10.11 06:56:16.404,1.48239,1.48254,1.50,1.13
2017.10.11 06:56:18.196,1.48239,1.48254,1.69,1.00
2017.10.11 06:56:18.706,1.48238,1.48254,4.31,1.25
2017.10.11 06:56:19.237,1.48238,1.48254,5.44,1.25
2017.10.11 06:56:19.545,1.48237,1.48252,3.19,2.81
2017.10.11 06:56:19.699,1.48237,1.48251,1.69,1.87
2017.10.11 06:56:19.751,1.48236,1.48248,1.62,2.62
2017.10.11 06:56:19.854,1.48235,1.48248,1.00,2.62
2017.10.11 06:56:20.402,1.48234,1.48248,1.50,2.62
2017.10.11 06:56:23.089,1.48234,1.48247,1.50,2.62
2017.10.11 06:56:36.275,1.48231,1.48243,1.50,2.62
2017.10.11 06:56:36.501,1.48225,1.4824,2.81,1.00
2017.10.11 06:56:37.014,1.48225,1.48239,1.87,1.00
2017.10.11 06:56:37.546,1.48225,1.48238,1.00,1.12
2017.10.11 06:56:38.057,1.48225,1.48238,1.69,1.12
2017.10.11 06:56:38.591,1.48225,1.48238,1.00,1.12
2017.10.11 06:56:39.574,1.48225,1.48238,1.50,1.12
2017.10.11 06:56:41.346,1.48224,1.48238,2.06,1.87
2017.10.11 06:56:41.862,1.48224,1.48238,1.69,1.87
2017.10.11 06:56:42.566,1.48224,1.48238,1.69,1.12
2017.10.11 06:56:43.875,1.48224,1.48238,2.06,1.12
2017.10.11 06:56:44.650,1.48224,1.48238,1.69,1.12
2017.10.11 06:56:47.113,1.48223,1.48236,3.75,1.00
2017.10.11 06:56:47.763,1.48225,1.48239,1.50,1.00
2017.10.11 06:56:47.814,1.48225,1.48241,1.50,1.00
2017.10.11 06:56:48.326,1.48225,1.48242,2.25,2.62
2017.10.11 06:56:49.998,1.48225,1.48242,2.81,1.87
2017.10.11 06:56:50.547,1.48228,1.48242,1.19,1.12
2017.10.11 06:56:51.106,1.48228,1.48242,1.25,1.12
2017.10.11 06:56:51.414,1.48233,1.48247,1.19,1.00
2017.10.11 06:56:51.567,1.48233,1.48249,2.25,1.00
2017.10.11 06:56:52.700,1.48234,1.4825,1.50,1.87
2017.10.11 06:56:54.228,1.48235,1.4825,1.19,1.50
2017.10.11 06:56:54.798,1.48237,1.48251,1.12,2.62
2017.10.11 06:56:58.102,1.48237,1.48251,1.44,2.62
2017.10.11 06:57:01.997,1.48237,1.48251,1.12,1.50
2017.10.11 06:57:03.901,1.48237,1.48251,1.44,1.50
2017.10.11 06:57:04.412,1.48237,1.48251,1.19,4.12
2017.10.11 06:57:04.924,1.48237,1.48251,1.00,3.37
2017.10.11 06:57:06.860,1.48237,1.48251,1.25,2.62
2017.10.11 06:57:07.565,1.48237,1.48251,1.19,3.00
2017.10.11 06:57:09.036,1.48235,1.4825,1.87,1.25
2017.10.11 06:57:10.403,1.48235,1.4825,1.69,1.12
2017.10.11 06:57:13.772,1.48235,1.4825,1.87,1.50
2017.10.11 06:57:14.303,1.48235,1.4825,2.25,1.31
2017.10.11 06:57:15.029,1.48235,1.4825,2.62,1.12
2017.10.11 06:57:15.081,1.48235,1.48247,2.62,1.00
2017.10.11 06:57:23.456,1.48233,1.48246,3.56,1.00
2017.10.11 06:57:23.509,1.48233,1.48245,2.25,1.00
2017.10.11 06:57:23.587,1.48233,1.48245,2.25,1.00
2017.10.11 06:57:24.129,1.48233,1.48246,1.88,1.00
2017.10.11 06:57:24.658,1.48234,1.48247,1.75,1.00
2017.10.11 06:57:30.856,1.48229,1.4824,1.31,1.00
2017.10.11 06:57:31.012,1.48227,1.48239,1.37,1.00
2017.10.11 06:57:31.115,1.48226,1.48237,1.87,1.00
2017.10.11 06:57:31.168,1.48226,1.48237,1.31,1.00
2017.10.11 06:57:31.678,1.48224,1.48237,1.37,1.00
2017.10.11 06:57:36.207,1.48223,1.48239,2.44,1.87
2017.10.11 06:57:40.288,1.48223,1.48237,3.94,1.00
2017.10.11 06:57:42.850,1.48224,1.48236,3.00,1.00
2017.10.11 06:57:42.952,1.48225,1.48236,1.12,1.00
2017.10.11 06:57:43.481,1.48224,1.48236,1.00,1.00
2017.10.11 06:57:45.021,1.48224,1.48235,1.69,1.00
2017.10.11 06:57:45.629,1.48224,1.48234,1.00,1.00
2017.10.11 06:57:46.053,1.48223,1.48236,2.25,1.12
2017.10.11 06:57:48.882,1.48222,1.48236,2.25,1.37
2017.10.11 06:57:49.807,1.48224,1.48237,1.69,1.00
2017.10.11 06:57:51.220,1.48224,1.48237,1.87,1.00
2017.10.11 06:57:51.729,1.48225,1.48237,1.19,1.00
2017.10.11 06:57:53.576,1.48226,1.48237,1.19,1.00
2017.10.11 06:58:03.996,1.48237,1.48241,1.12,1.00
2017.10.11 06:58:04.099,1.48239,1.48246,1.44,1.00
2017.10.11 06:58:04.151,1.48239,1.48248,2.25,1.00
2017.10.11 06:58:04.203,1.48239,1.48251,2.25,1.00
2017.10.11 06:58:04.489,1.48244,1.48252,1.12,1.00
2017.10.11 06:58:04.540,1.48244,1.48254,1.12,1.00
2017.10.11 06:58:05.610,1.4824,1.4825,3.56,1.00
2017.10.11 06:58:05.662,1.4824,1.48252,1.44,1.12
2017.10.11 06:58:05.715,1.4824,1.48247,1.25,1.00
2017.10.11 06:58:06.226,1.48236,1.48246,1.31,1.00
2017.10.11 06:58:06.446,1.48236,1.48248,1.31,1.00
2017.10.11 06:58:07.019,1.48238,1.4825,3.00,1.00
2017.10.11 06:58:07.329,1.48241,1.48252,1.31,1.25
2017.10.11 06:58:07.639,1.48242,1.48255,1.69,1.69
2017.10.11 06:58:08.229,1.48244,1.48256,1.19,1.19
2017.10.11 06:58:08.281,1.48243,1.48254,1.19,1.00
2017.10.11 06:58:11.179,1.48242,1.48254,1.87,1.00
2017.10.11 06:58:12.035,1.48242,1.48253,1.87,1.00
2017.10.11 06:58:12.963,1.48239,1.48247,3.56,1.00
2017.10.11 06:58:13.117,1.4823,1.48242,3.56,1.00
2017.10.11 06:58:13.293,1.4823,1.48242,2.62,1.00
2017.10.11 06:58:13.810,1.4823,1.48241,2.44,1.00
2017.10.11 06:58:15.311,1.48229,1.48241,1.19,1.00
2017.10.11 06:58:15.892,1.48229,1.4824,1.19,1.00
2017.10.11 06:58:17.116,1.48228,1.4824,1.69,2.06
2017.10.11 06:58:17.220,1.48223,1.48234,1.56,1.00
2017.10.11 06:58:17.272,1.48223,1.48232,1.00,1.00
2017.10.11 06:58:17.927,1.48223,1.48233,1.00,1.00
2017.10.11 06:58:18.244,1.48219,1.48232,1.75,1.00
2017.10.11 06:58:18.399,1.4822,1.4823,1.00,1.00
2017.10.11 06:58:19.810,1.48221,1.4823,1.50,1.00
2017.10.11 06:58:20.334,1.48218,1.4823,2.06,1.00
2017.10.11 06:58:21.534,1.48216,1.48229,1.87,1.00
2017.10.11 06:58:21.841,1.48214,1.48225,1.12,1.50
2017.10.11 06:58:21.893,1.48211,1.48222,1.62,1.00
2017.10.11 06:58:21.944,1.48211,1.48222,2.44,1.00
2017.10.11 06:58:22.455,1.48211,1.48221,2.25,1.00
2017.10.11 06:58:22.673,1.48208,1.48221,1.87,1.00
2017.10.11 06:58:23.206,1.48208,1.48221,1.25,1.00
2017.10.11 06:58:23.718,1.48208,1.4822,1.25,1.00
2017.10.11 06:58:24.233,1.48204,1.48216,1.75,1.00
2017.10.11 06:58:24.337,1.48202,1.48214,1.19,1.00
2017.10.11 06:58:24.388,1.48201,1.48214,1.69,1.00
2017.10.11 06:58:24.798,1.48206,1.48219,1.00,2.06
2017.10.11 06:58:25.124,1.48212,1.48223,1.00,2.25
2017.10.11 06:58:25.433,1.48213,1.48224,1.00,1.25
2017.10.11 06:58:25.740,1.48215,1.48226,1.00,1.31
2017.10.11 06:58:26.257,1.48214,1.48226,1.00,1.31
2017.10.11 06:58:26.564,1.48216,1.48228,1.00,2.25
2017.10.11 06:58:27.534,1.48216,1.48227,1.00,1.50
2017.10.11 06:58:28.064,1.48216,1.48227,1.00,1.19
2017.10.11 06:58:29.809,1.48214,1.48227,1.00,1.19
2017.10.11 06:58:30.625,1.48215,1.48227,1.00,1.19
2017.10.11 06:58:31.160,1.48215,1.48228,1.00,1.12
2017.10.11 06:58:31.711,1.48215,1.48227,1.00,1.00
2017.10.11 06:58:32.246,1.48215,1.48229,1.00,2.62
2017.10.11 06:58:32.911,1.48215,1.48229,1.00,2.44
2017.10.11 06:58:33.459,1.48215,1.48228,1.00,1.25
2017.10.11 06:58:34.074,1.48216,1.48228,1.00,1.25
2017.10.11 06:58:34.176,1.48218,1.4823,1.00,1.50
2017.10.11 06:58:34.574,1.48216,1.4823,1.00,1.12
2017.10.11 06:58:35.537,1.48216,1.48229,1.00,1.00
2017.10.11 06:58:35.793,1.48218,1.4823,1.00,2.25
2017.10.11 06:58:36.125,1.48219,1.48231,1.00,1.69
2017.10.11 06:58:36.228,1.48219,1.48229,1.00,1.13
2017.10.11 06:58:36.750,1.48218,1.48229,1.00,1.31
2017.10.11 06:58:37.996,1.48217,1.48229,1.00,1.50
2017.10.11 06:58:38.302,1.48217,1.48227,1.00,1.00
2017.10.11 06:58:39.101,1.48217,1.4823,1.00,1.31
2017.10.11 06:58:39.153,1.4822,1.48231,1.00,1.37
2017.10.11 06:58:39.460,1.48216,1.48224,1.00,1.00
2017.10.11 06:58:39.512,1.48213,1.48223,1.50,1.00
2017.10.11 06:58:39.564,1.48213,1.48219,1.37,1.00
2017.10.11 06:58:39.615,1.4821,1.48219,1.00,1.00
2017.10.11 06:58:39.667,1.48208,1.48218,1.25,1.00
2017.10.11 06:58:39.820,1.48208,1.48221,1.00,1.25
2017.10.11 06:58:42.037,1.48208,1.48223,1.25,1.19
2017.10.11 06:58:42.548,1.48208,1.48221,1.25,1.00
2017.10.11 06:58:43.036,1.48206,1.48221,1.12,1.00
2017.10.11 06:58:43.190,1.48209,1.4822,1.00,1.00
2017.10.11 06:58:43.778,1.48209,1.48222,1.00,1.25
2017.10.11 06:58:44.444,1.48209,1.48221,1.00,1.00
2017.10.11 06:58:44.803,1.48209,1.48223,1.00,1.25
2017.10.11 06:58:45.314,1.48209,1.48222,1.00,1.00
2017.10.11 06:58:45.836,1.48209,1.48221,1.00,1.00
2017.10.11 06:58:46.296,1.48207,1.48221,1.00,1.50
2017.10.11 06:58:46.803,1.48207,1.48221,1.38,1.69
2017.10.11 06:58:47.010,1.48212,1.48225,1.25,1.00
2017.10.11 06:58:47.062,1.48215,1.48225,1.50,1.25
2017.10.11 06:58:47.373,1.48206,1.48214,1.00,1.25
2017.10.11 06:58:48.303,1.48202,1.48218,1.44,1.56
2017.10.11 06:58:48.420,1.48203,1.48218,1.31,1.19
2017.10.11 06:58:51.892,1.48202,1.48217,1.69,1.25
2017.10.11 06:58:52.046,1.48202,1.48216,1.12,1.00
2017.10.11 06:58:52.202,1.48202,1.48217,2.44,1.25
2017.10.11 06:58:52.745,1.48202,1.48216,1.19,1.00
2017.10.11 06:58:52.848,1.48202,1.48218,3.37,1.00
2017.10.11 06:58:53.380,1.48203,1.48218,1.31,1.19
2017.10.11 06:58:54.484,1.48203,1.48218,1.50,1.25
2017.10.11 06:58:55.657,1.48203,1.48218,1.19,1.19
2017.10.11 06:58:56.834,1.48205,1.4822,1.25,2.81
2017.10.11 06:58:57.274,1.48205,1.4822,1.19,3.19
2017.10.11 06:58:58.351,1.48205,1.4822,2.06,1.19
2017.10.11 06:58:59.477,1.48205,1.4822,1.19,1.50
2017.10.11 06:59:00.192,1.48206,1.4822,1.87,1.12
2017.10.11 06:59:00.363,1.48209,1.4822,1.44,1.00
2017.10.11 06:59:00.878,1.48209,1.48222,1.00,1.00
2017.10.11 06:59:01.418,1.48208,1.48222,1.12,1.00
2017.10.11 06:59:01.936,1.48209,1.48225,1.25,2.44
2017.10.11 06:59:02.141,1.48209,1.48225,1.25,1.87
2017.10.11 06:59:02.682,1.48209,1.48224,1.19,1.12
2017.10.11 06:59:03.117,1.48207,1.48222,1.19,2.44
2017.10.11 06:59:03.424,1.48207,1.4822,1.00,1.12
2017.10.11 06:59:05.389,1.48207,1.4822,1.00,1.69
2017.10.11 06:59:05.925,1.48207,1.48219,1.00,1.19
2017.10.11 06:59:06.027,1.48205,1.4822,1.00,5.06
2017.10.11 06:59:06.436,1.48208,1.48222,1.00,2.81
2017.10.11 06:59:08.071,1.48208,1.48222,1.00,2.81
2017.10.11 06:59:08.756,1.48208,1.48221,1.00,2.25
2017.10.11 06:59:09.864,1.48208,1.48221,1.00,1.50
2017.10.11 06:59:10.172,1.48204,1.48219,3.37,1.00
2017.10.11 06:59:10.430,1.48204,1.48219,1.87,1.25
2017.10.11 06:59:12.154,1.48205,1.48219,1.37,1.12
2017.10.11 06:59:12.695,1.48205,1.48219,1.37,1.00
2017.10.11 06:59:16.733,1.48205,1.48219,1.37,1.25
2017.10.11 06:59:16.784,1.48204,1.48218,2.06,1.00
2017.10.11 06:59:17.298,1.48204,1.48217,1.12,1.00
2017.10.11 06:59:18.170,1.48202,1.48217,1.37,1.31
2017.10.11 06:59:18.273,1.48202,1.48217,1.87,1.37
2017.10.11 06:59:18.428,1.48202,1.48217,1.37,1.50
2017.10.11 06:59:20.129,1.48204,1.4822,1.87,1.44
2017.10.11 06:59:20.634,1.48204,1.4822,1.37,1.87
2017.10.11 06:59:20.940,1.48207,1.4822,1.12,1.44
2017.10.11 06:59:21.451,1.48207,1.48221,1.37,3.75
2017.10.11 06:59:21.963,1.48207,1.4822,1.00,1.50
2017.10.11 06:59:23.558,1.48207,1.4822,1.00,2.81
2017.10.11 06:59:26.543,1.48207,1.4822,1.37,1.50
2017.10.11 06:59:27.443,1.48207,1.4822,1.37,1.44
2017.10.11 06:59:27.988,1.48207,1.4822,1.37,1.12
2017.10.11 06:59:29.792,1.48207,1.4822,1.37,1.25
2017.10.11 06:59:31.137,1.48207,1.48219,1.37,1.00
2017.10.11 06:59:31.393,1.48207,1.48221,1.37,1.12
2017.10.11 06:59:31.701,1.48209,1.48222,2.81,1.37
2017.10.11 06:59:32.238,1.4821,1.48222,1.50,1.00
2017.10.11 06:59:32.775,1.48211,1.48222,3.37,1.00
2017.10.11 06:59:33.295,1.48211,1.48223,2.62,1.00
2017.10.11 06:59:33.817,1.48212,1.48223,2.25,1.00
2017.10.11 06:59:36.054,1.48212,1.48227,2.25,1.25
2017.10.11 06:59:36.931,1.4821,1.48226,1.87,1.00
2017.10.11 06:59:38.256,1.48211,1.48226,2.06,1.00
2017.10.11 06:59:39.375,1.48211,1.48226,2.44,2.06
2017.10.11 06:59:39.529,1.48209,1.48225,2.06,2.63
2017.10.11 06:59:39.580,1.48207,1.48221,2.19,1.25
2017.10.11 06:59:40.091,1.48207,1.48221,1.37,1.25
2017.10.11 06:59:40.840,1.48207,1.48221,1.37,2.25
2017.10.11 06:59:41.393,1.48207,1.48221,1.87,2.25
2017.10.11 06:59:41.905,1.48208,1.48221,1.00,1.87
2017.10.11 06:59:43.076,1.48208,1.48221,1.37,1.87
2017.10.11 06:59:43.606,1.48208,1.48221,1.37,1.87
2017.10.11 06:59:43.913,1.48208,1.48221,1.12,1.87
2017.10.11 06:59:44.502,1.48209,1.48221,1.00,1.87
2017.10.11 06:59:44.553,1.48211,1.48221,1.00,1.12
2017.10.11 06:59:45.064,1.48211,1.48222,1.12,1.12
2017.10.11 06:59:45.601,1.48212,1.48223,1.00,1.87
2017.10.11 06:59:45.925,1.48214,1.48225,1.37,1.37
2017.10.11 06:59:45.977,1.48215,1.48226,1.00,1.00
2017.10.11 06:59:46.679,1.48215,1.48227,1.00,1.87
2017.10.11 06:59:46.834,1.48211,1.48227,1.37,1.87
2017.10.11 06:59:46.887,1.48211,1.48224,1.00,2.25
2017.10.11 06:59:47.211,1.48212,1.48227,1.31,3.00
2017.10.11 06:59:47.672,1.48215,1.48227,1.00,1.00
2017.10.11 06:59:48.214,1.48216,1.48227,1.00,1.00
2017.10.11 06:59:48.370,1.48216,1.4823,1.50,1.69
2017.10.11 06:59:57.245,1.48216,1.48231,1.12,1.31
2017.10.11 06:59:57.347,1.48219,1.48233,1.00,1.25
2017.10.11 06:59:57.864,1.48219,1.48233,1.37,1.25
2017.10.11 06:59:58.120,1.4822,1.48236,1.37,3.19
