2009.09.07 01:00:01.560,1.5262,1.5265,4.20,1.00
2009.09.07 01:00:01.730,1.5262,1.5265,2.40,1.00
2009.09.07 01:00:02.020,1.5262,1.5265,2.40,1.00
2009.09.07 01:00:02.310,1.5262,1.52645,2.40,1.00
2009.09.07 01:00:02.650,1.5262,1.5265,2.40,1.00
2009.09.07 01:00:03.449,1.5262,1.52645,2.40,1.00
2009.09.07 01:00:10.068,1.5262,1.5265,2.40,1.00
2009.09.07 01:00:11.047,1.52625,1.5265,1.00,1.00
2009.09.07 01:00:13.607,1.52625,1.52645,1.00,1.00
2009.09.07 01:00:14.817,1.52625,1.5265,1.00,1.00
2009.09.07 01:00:25.734,1.52625,1.5265,1.00,1.00
2009.09.07 01:00:26.254,1.52625,1.5265,1.00,1.00
2009.09.07 01:00:28.973,1.52625,1.5265,1.00,1.00
2009.09.07 01:00:29.313,1.52625,1.5265,3.20,1.00
2009.09.07 01:00:48.289,1.52625,1.5265,3.60,1.00
2009.09.07 01:00:48.639,1.5263,1.5265,1.60,1.00
2009.09.07 01:00:53.417,1.52625,1.5265,2.40,1.00
2009.09.07 01:00:55.077,1.5262,1.5265,4.00,1.00
2009.09.07 01:00:55.777,1.5262,1.5265,5.40,1.00
2009.09.07 01:00:56.416,1.52625,1.5265,2.40,1.00
2009.09.07 01:01:21.961,1.52625,1.5265,3.80,1.00
2009.09.07 01:01:22.140,1.5263,1.5265,1.60,1.00
2009.09.07 01:01:31.879,1.5263,1.5265,3.40,1.00
2009.09.07 01:01:32.408,1.5263,1.5265,2.00,1.00
2009.09.07 01:01:32.578,1.5263,1.5265,1.60,1.00
2009.09.07 01:01:35.467,1.5263,1.5265,1.60,1.00
2009.09.07 01:01:35.807,1.5263,1.5265,1.60,1.00
2009.09.07 01:01:48.334,1.5263,1.5265,2.00,1.00
2009.09.07 01:01:48.794,1.5263,1.5265,1.60,1.00
2009.09.07 01:01:52.394,1.5263,1.5265,4.00,1.00
2009.09.07 01:01:55.402,1.5264,1.5265,1.80,1.00
2009.09.07 01:01:55.742,1.5264,1.52695,2.60,3.60
2009.09.07 01:01:56.082,1.52645,1.5269,1.00,1.40
2009.09.07 01:01:56.322,1.5264,1.52685,1.60,1.40
2009.09.07 01:01:58.272,1.5264,1.52675,1.60,1.60
2009.09.07 01:01:58.672,1.5264,1.5268,3.00,1.00
2009.09.07 01:01:58.852,1.52645,1.52685,1.00,2.00
2009.09.07 01:01:59.082,1.52645,1.5268,1.00,1.00
2009.09.07 01:01:59.252,1.52645,1.5267,1.00,1.00
2009.09.07 01:01:59.952,1.5264,1.5267,2.40,1.00
2009.09.07 01:02:02.001,1.5264,1.5267,1.60,1.00
2009.09.07 01:02:10.619,1.5264,1.5267,1.60,1.00
2009.09.07 01:02:13.629,1.5264,1.5267,1.60,2.00
2009.09.07 01:02:17.127,1.52635,1.5267,2.40,2.00
2009.09.07 01:02:17.457,1.5263,1.5267,7.20,2.00
2009.09.07 01:02:18.477,1.5263,1.52665,7.20,1.00
2009.09.07 01:02:22.806,1.5263,1.5267,7.20,2.00
2009.09.07 01:02:23.026,1.5263,1.5267,7.50,1.60
2009.09.07 01:02:23.206,1.52635,1.5267,1.40,1.00
2009.09.07 01:02:24.196,1.52635,1.5268,1.40,2.00
2009.09.07 01:02:24.546,1.52635,1.5268,1.80,2.00
2009.09.07 01:02:30.874,1.52635,1.52675,1.40,1.60
2009.09.07 01:02:39.352,1.52635,1.52675,1.40,1.40
2009.09.07 01:02:43.551,1.52635,1.52675,1.40,1.60
2009.09.07 01:02:55.488,1.52635,1.5267,1.40,1.00
2009.09.07 01:02:57.448,1.5264,1.52675,1.40,1.00
2009.09.07 01:02:57.678,1.52635,1.52675,1.00,1.80
2009.09.07 01:02:57.848,1.52635,1.52675,1.00,2.00
2009.09.07 01:02:58.428,1.5264,1.5268,1.40,1.60
2009.09.07 01:02:58.718,1.5264,1.52675,1.40,1.00
2009.09.07 01:02:59.347,1.5264,1.5268,1.40,1.60
2009.09.07 01:03:01.547,1.5264,1.52675,1.40,1.00
2009.09.07 01:03:01.847,1.5264,1.5267,1.40,1.00
2009.09.07 01:03:05.086,1.52635,1.5267,2.40,1.00
2009.09.07 01:03:05.766,1.52645,1.5267,1.00,1.00
2009.09.07 01:03:06.116,1.52645,1.5267,2.60,1.00
2009.09.07 01:03:09.675,1.52645,1.5267,3.40,1.00
2009.09.07 01:03:10.015,1.52645,1.5267,4.20,1.00
2009.09.07 01:03:23.461,1.52645,1.5267,1.00,1.00
2009.09.07 01:03:23.641,1.52645,1.5267,1.40,1.00
2009.09.07 01:03:23.821,1.52645,1.5267,2.60,1.00
2009.09.07 01:03:23.991,1.52645,1.5267,1.00,1.00
2009.09.07 01:03:24.171,1.52645,1.5267,1.00,1.00
2009.09.07 01:03:24.341,1.52645,1.5267,1.80,1.00
2009.09.07 01:03:24.671,1.5264,1.5267,7.00,1.00
2009.09.07 01:03:30.610,1.52645,1.5267,2.60,1.00
2009.09.07 01:03:44.317,1.52645,1.5267,4.20,1.00
2009.09.07 01:03:48.745,1.52645,1.5267,2.80,1.00
2009.09.07 01:03:49.045,1.52645,1.5267,1.00,1.00
2009.09.07 01:03:49.395,1.5264,1.5267,6.20,1.00
2009.09.07 01:03:50.505,1.5264,1.5267,6.20,1.00
2009.09.07 01:03:51.005,1.5264,1.5267,3.80,1.00
2009.09.07 01:03:51.695,1.5264,1.5267,1.60,2.10
2009.09.07 01:03:52.744,1.5264,1.5266,1.60,1.00
2009.09.07 01:03:53.264,1.5264,1.5267,1.60,2.10
2009.09.07 01:03:54.674,1.5264,1.5266,1.60,1.00
2009.09.07 01:03:55.024,1.5264,1.5267,1.60,2.10
2009.09.07 01:03:55.374,1.5264,1.5266,2.40,1.00
2009.09.07 01:03:55.674,1.5264,1.5266,1.00,1.00
2009.09.07 01:03:55.963,1.5263,1.5267,7.40,2.10
2009.09.07 01:03:57.693,1.5263,1.5266,7.40,1.00
2009.09.07 01:03:58.323,1.5263,1.5266,5.00,1.00
2009.09.07 01:03:58.563,1.5263,1.5266,4.20,1.00
2009.09.07 01:04:04.612,1.5263,1.5267,4.20,2.10
2009.09.07 01:04:04.901,1.5263,1.5267,4.20,2.00
2009.09.07 01:04:07.161,1.5263,1.5266,4.20,1.00
2009.09.07 01:04:09.340,1.5263,1.5267,4.20,2.00
2009.09.07 01:04:10.210,1.5263,1.5266,4.20,1.00
2009.09.07 01:04:29.575,1.5263,1.5266,5.00,1.00
2009.09.07 01:04:31.475,1.5263,1.52665,5.00,1.00
2009.09.07 01:04:32.755,1.5263,1.52665,3.60,1.60
2009.09.07 01:04:33.285,1.5263,1.52665,5.00,1.00
2009.09.07 01:04:35.984,1.5263,1.52665,4.20,1.00
2009.09.07 01:04:36.334,1.5263,1.5267,4.20,2.00
2009.09.07 01:04:39.943,1.5263,1.5267,4.20,1.80
2009.09.07 01:04:44.602,1.5263,1.5267,4.20,2.00
2009.09.07 01:04:45.172,1.5263,1.5267,4.20,1.80
2009.09.07 01:04:49.201,1.5263,1.5267,4.20,2.00
2009.09.07 01:04:49.361,1.5263,1.5267,4.20,1.80
2009.09.07 01:04:52.820,1.52635,1.5267,1.00,1.80
2009.09.07 01:04:54.000,1.52635,1.5267,1.00,2.00
2009.09.07 01:04:54.230,1.52635,1.52665,1.00,1.40
2009.09.07 01:04:54.559,1.52635,1.52665,1.00,1.00
2009.09.07 01:04:57.289,1.52635,1.52665,1.00,1.60
2009.09.07 01:04:57.749,1.52635,1.52665,1.00,1.00
2009.09.07 01:05:00.588,1.52635,1.5267,1.00,2.00
2009.09.07 01:05:00.818,1.52635,1.5267,1.00,1.80
2009.09.07 01:05:06.137,1.52635,1.5267,1.00,2.00
2009.09.07 01:05:14.485,1.52635,1.52665,1.00,1.00
2009.09.07 01:05:17.064,1.52635,1.52665,1.00,2.00
2009.09.07 01:05:17.584,1.52635,1.5266,1.00,1.00
2009.09.07 01:05:21.243,1.5263,1.52655,1.60,1.40
2009.09.07 01:05:21.573,1.52625,1.52655,1.00,1.40
2009.09.07 01:05:29.361,1.52625,1.5265,1.00,1.40
2009.09.07 01:05:29.531,1.5262,1.5265,2.40,2.00
2009.09.07 01:05:29.751,1.5262,1.5265,1.60,1.80
2009.09.07 01:05:30.081,1.5262,1.52645,1.60,1.00
2009.09.07 01:05:30.441,1.5262,1.5265,2.40,1.80
2009.09.07 01:05:32.180,1.5262,1.5265,1.00,1.80
2009.09.07 01:05:35.150,1.5262,1.52645,1.00,1.00
2009.09.07 01:05:35.500,1.52615,1.5265,1.00,1.80
2009.09.07 01:05:36.529,1.52615,1.52645,1.00,1.00
2009.09.07 01:05:37.059,1.52615,1.5265,1.00,1.80
2009.09.07 01:05:37.399,1.52615,1.52645,1.10,1.00
2009.09.07 01:05:37.679,1.52615,1.52645,2.60,1.00
2009.09.07 01:05:38.899,1.52615,1.52655,2.60,2.00
2009.09.07 01:05:39.179,1.52615,1.52645,2.60,1.00
2009.09.07 01:05:39.739,1.52615,1.52655,2.60,2.00
2009.09.07 01:05:42.708,1.52615,1.52655,2.60,1.80
2009.09.07 01:05:42.988,1.5262,1.52655,1.60,1.80
2009.09.07 01:05:43.328,1.5262,1.52655,1.60,2.00
2009.09.07 01:05:43.378,1.5262,1.52655,2.40,2.00
2009.09.07 01:05:43.498,1.5262,1.52655,1.00,2.00
2009.09.07 01:05:44.537,1.5262,1.52655,2.40,1.00
2009.09.07 01:05:44.867,1.5262,1.52655,2.40,1.80
2009.09.07 01:05:47.417,1.5262,1.52655,3.80,1.00
2009.09.07 01:05:47.657,1.52625,1.5266,1.00,1.60
2009.09.07 01:05:47.897,1.52625,1.5266,1.00,1.40
2009.09.07 01:05:50.756,1.52625,1.5266,1.00,1.60
2009.09.07 01:05:54.535,1.5263,1.5266,2.60,1.00
2009.09.07 01:05:54.895,1.5263,1.52665,2.60,1.00
2009.09.07 01:05:55.245,1.5263,1.5266,2.60,1.00
2009.09.07 01:05:55.585,1.5263,1.5266,4.20,1.00
2009.09.07 01:05:56.095,1.5263,1.52665,4.20,1.00
2009.09.07 01:05:56.665,1.5263,1.5266,2.40,1.60
2009.09.07 01:05:56.844,1.5263,1.5266,1.00,1.60
2009.09.07 01:05:57.814,1.52625,1.5266,1.00,1.40
2009.09.07 01:05:58.104,1.52625,1.5266,1.00,1.60
2009.09.07 01:05:59.144,1.52615,1.5265,1.00,1.00
2009.09.07 01:05:59.504,1.5261,1.52645,1.00,1.00
2009.09.07 01:05:59.854,1.5262,1.5265,1.00,1.70
2009.09.07 01:06:00.204,1.52605,1.5265,1.00,2.10
2009.09.07 01:06:00.494,1.5262,1.5265,1.00,1.00
2009.09.07 01:06:00.783,1.5262,1.5265,1.20,1.00
2009.09.07 01:06:01.983,1.5261,1.5265,5.40,1.70
2009.09.07 01:06:02.253,1.5262,1.52665,1.00,2.00
2009.09.07 01:06:02.483,1.5262,1.52655,1.00,1.00
2009.09.07 01:06:02.653,1.5262,1.52665,1.00,2.00
2009.09.07 01:06:03.353,1.52625,1.5265,1.00,1.00
2009.09.07 01:06:03.583,1.5262,1.5265,1.20,1.00
2009.09.07 01:06:03.923,1.5262,1.5265,1.20,1.50
2009.09.07 01:06:04.263,1.5262,1.5265,1.00,1.00
2009.09.07 01:06:04.603,1.52615,1.5265,1.20,1.60
2009.09.07 01:06:04.952,1.5261,1.5265,7.80,1.40
2009.09.07 01:06:05.292,1.5261,1.52645,3.80,1.00
2009.09.07 01:06:06.162,1.5261,1.5265,3.80,1.40
2009.09.07 01:06:07.722,1.52615,1.52645,1.20,1.00
2009.09.07 01:06:07.842,1.5262,1.52645,1.00,1.00
2009.09.07 01:06:07.962,1.5262,1.52655,1.20,1.00
2009.09.07 01:06:08.072,1.5262,1.52655,1.00,1.00
2009.09.07 01:06:08.192,1.5262,1.52655,1.20,1.00
2009.09.07 01:06:08.362,1.5262,1.5266,1.20,1.80
2009.09.07 01:06:08.482,1.5262,1.5265,2.80,1.00
2009.09.07 01:06:08.602,1.5262,1.5265,2.00,1.50
2009.09.07 01:06:09.232,1.5262,1.52645,1.20,1.00
2009.09.07 01:06:09.912,1.52615,1.52645,1.00,1.00
2009.09.07 01:06:10.261,1.52615,1.5265,1.00,1.40
2009.09.07 01:06:11.121,1.5262,1.5265,1.60,1.40
2009.09.07 01:06:11.811,1.5262,1.52645,1.60,1.00
2009.09.07 01:06:12.021,1.5261,1.52645,3.80,1.00
2009.09.07 01:06:12.241,1.5261,1.5265,2.20,1.40
2009.09.07 01:06:12.651,1.5261,1.52645,2.20,1.00
2009.09.07 01:06:12.831,1.5261,1.52645,3.80,1.00
2009.09.07 01:06:12.941,1.5261,1.5265,3.80,1.40
2009.09.07 01:06:13.940,1.5261,1.52645,3.80,1.00
2009.09.07 01:06:14.410,1.5261,1.5265,3.80,1.40
2009.09.07 01:06:14.750,1.5261,1.52645,3.80,1.00
2009.09.07 01:06:15.100,1.52615,1.5265,1.00,1.40
2009.09.07 01:06:15.790,1.52615,1.52645,1.00,1.00
2009.09.07 01:06:16.130,1.52615,1.5265,1.00,1.40
2009.09.07 01:06:16.470,1.5261,1.52645,1.60,1.00
2009.09.07 01:06:16.700,1.5262,1.52645,1.60,1.00
2009.09.07 01:06:16.930,1.52595,1.52645,4.80,1.00
2009.09.07 01:06:18.069,1.526,1.5265,4.80,1.80
2009.09.07 01:06:18.189,1.526,1.52645,4.80,1.00
2009.09.07 01:06:19.819,1.526,1.52645,3.20,1.00
2009.09.07 01:06:20.169,1.5261,1.5265,1.60,1.80
2009.09.07 01:06:20.469,1.526,1.52645,3.20,1.00
2009.09.07 01:06:22.048,1.526,1.52645,5.60,1.00
2009.09.07 01:06:22.278,1.526,1.52645,7.20,1.00
2009.09.07 01:06:22.448,1.526,1.52645,5.60,1.00
2009.09.07 01:06:23.038,1.526,1.5265,5.60,2.00
2009.09.07 01:06:23.268,1.5261,1.5265,2.20,1.60
2009.09.07 01:06:23.968,1.5261,1.5265,1.00,1.60
2009.09.07 01:06:24.188,1.52605,1.52635,2.40,1.80
2009.09.07 01:06:24.538,1.526,1.52635,5.60,1.80
2009.09.07 01:06:24.888,1.526,1.52635,4.80,2.00
2009.09.07 01:06:25.238,1.526,1.52635,4.00,2.00
2009.09.07 01:06:26.577,1.526,1.52635,4.00,1.80
2009.09.07 01:06:26.758,1.526,1.52635,4.00,2.00
2009.09.07 01:06:27.167,1.526,1.52625,4.00,1.00
2009.09.07 01:06:27.347,1.526,1.52625,4.00,2.00
2009.09.07 01:06:27.507,1.526,1.52625,1.60,2.00
2009.09.07 01:06:27.677,1.526,1.52625,1.60,1.80
2009.09.07 01:06:28.697,1.526,1.52625,1.60,2.00
2009.09.07 01:06:29.827,1.526,1.52625,1.60,1.60
2009.09.07 01:06:30.157,1.526,1.5264,1.60,1.00
2009.09.07 01:06:30.506,1.52595,1.52625,3.00,1.00
2009.09.07 01:06:30.846,1.52595,1.5263,1.00,1.40
2009.09.07 01:06:31.116,1.526,1.52625,4.80,1.00
2009.09.07 01:06:31.356,1.526,1.52625,1.00,1.00
2009.09.07 01:06:31.846,1.526,1.5262,4.80,1.00
2009.09.07 01:06:32.426,1.526,1.5262,5.60,1.00
2009.09.07 01:06:32.786,1.526,1.5263,8.20,1.00
2009.09.07 01:06:33.126,1.526,1.5263,6.60,1.00
2009.09.07 01:06:33.366,1.526,1.5263,5.20,1.00
2009.09.07 01:06:33.486,1.526,1.5263,4.40,1.00
2009.09.07 01:06:33.596,1.526,1.5263,4.00,1.00
2009.09.07 01:06:33.945,1.526,1.52635,4.00,1.40
2009.09.07 01:06:34.285,1.526,1.52635,4.00,1.60
2009.09.07 01:06:35.315,1.526,1.52635,4.00,1.40
2009.09.07 01:06:36.185,1.526,1.5263,4.00,1.40
2009.09.07 01:06:40.104,1.526,1.52635,4.00,2.00
2009.09.07 01:06:40.394,1.526,1.5264,4.80,1.80
2009.09.07 01:06:41.204,1.526,1.52635,4.80,1.00
2009.09.07 01:06:41.564,1.526,1.5263,4.80,1.00
2009.09.07 01:06:42.433,1.526,1.5262,1.60,1.00
2009.09.07 01:06:42.843,1.526,1.5262,1.60,1.00
2009.09.07 01:06:43.083,1.52595,1.5262,1.00,1.00
2009.09.07 01:06:43.423,1.52595,1.5262,1.00,1.00
2009.09.07 01:06:43.773,1.52595,1.52615,1.00,1.00
2009.09.07 01:06:44.123,1.52595,1.5262,1.00,1.00
2009.09.07 01:06:45.043,1.52585,1.52625,1.00,1.80
2009.09.07 01:06:45.383,1.5258,1.52625,3.40,1.80
2009.09.07 01:06:45.733,1.5258,1.5263,4.20,1.40
2009.09.07 01:06:46.083,1.5258,1.52625,2.40,1.80
2009.09.07 01:06:46.423,1.5258,1.52625,5.60,2.60
2009.09.07 01:06:46.763,1.5258,1.52625,4.00,2.60
2009.09.07 01:06:47.122,1.5258,1.52625,5.60,2.60
2009.09.07 01:06:47.912,1.5258,1.52625,4.00,2.60
2009.09.07 01:06:48.032,1.5258,1.52625,4.00,2.80
2009.09.07 01:06:48.092,1.5258,1.52625,4.00,2.60
2009.09.07 01:06:48.332,1.52585,1.52625,1.60,2.60
2009.09.07 01:06:49.072,1.5258,1.52625,1.60,2.80
2009.09.07 01:06:49.422,1.5258,1.52625,1.60,1.80
2009.09.07 01:06:49.762,1.5258,1.52615,1.60,1.00
2009.09.07 01:06:50.801,1.5258,1.52615,1.60,1.40
2009.09.07 01:06:51.021,1.5258,1.52615,1.60,1.00
2009.09.07 01:06:51.201,1.5258,1.52615,2.40,1.00
2009.09.07 01:06:51.441,1.5258,1.52625,2.40,1.80
2009.09.07 01:06:51.851,1.52585,1.52615,1.00,1.00
2009.09.07 01:06:52.071,1.52585,1.5263,1.00,1.60
2009.09.07 01:06:52.421,1.52585,1.5263,1.00,1.40
2009.09.07 01:06:52.761,1.5258,1.52625,1.80,1.00
2009.09.07 01:06:53.101,1.52585,1.5263,1.00,1.40
2009.09.07 01:06:53.331,1.52585,1.52615,1.00,1.00
2009.09.07 01:06:53.441,1.5258,1.52615,1.60,1.00
2009.09.07 01:06:53.791,1.5258,1.52625,1.60,1.80
2009.09.07 01:06:54.811,1.5258,1.52615,1.60,1.00
2009.09.07 01:06:55.960,1.5258,1.52625,1.60,2.00
2009.09.07 01:06:56.310,1.5258,1.52615,1.60,1.00
2009.09.07 01:06:56.590,1.5258,1.52625,1.60,2.00
2009.09.07 01:06:56.640,1.5258,1.52625,1.60,1.80
2009.09.07 01:06:56.980,1.5258,1.52625,3.00,1.80
2009.09.07 01:06:57.100,1.5258,1.52625,3.40,1.80
2009.09.07 01:06:57.630,1.5258,1.5262,6.60,1.00
2009.09.07 01:06:58.560,1.5258,1.52615,4.40,1.60
2009.09.07 01:06:58.909,1.5258,1.52615,4.00,1.40
2009.09.07 01:06:59.239,1.5258,1.52615,4.00,1.60
2009.09.07 01:06:59.939,1.5258,1.52615,1.60,1.60
2009.09.07 01:07:00.239,1.5258,1.52615,1.60,1.40
2009.09.07 01:07:00.929,1.5258,1.52615,1.60,1.60
2009.09.07 01:07:01.629,1.5258,1.52615,1.60,1.40
2009.09.07 01:07:05.798,1.5258,1.52615,1.60,1.60
2009.09.07 01:07:06.138,1.5258,1.52615,1.60,1.40
2009.09.07 01:07:06.658,1.5258,1.52615,1.60,1.60
2009.09.07 01:07:06.768,1.5258,1.52615,1.60,1.40
2009.09.07 01:07:07.058,1.5258,1.5261,1.60,1.40
2009.09.07 01:07:07.177,1.5258,1.5261,1.60,1.00
2009.09.07 01:07:07.568,1.5258,1.52615,3.60,1.40
2009.09.07 01:07:07.918,1.5258,1.52615,2.00,1.40
2009.09.07 01:07:08.268,1.5258,1.526,2.00,1.00
2009.09.07 01:07:10.037,1.52585,1.526,1.00,1.00
2009.09.07 01:07:10.267,1.52585,1.52635,1.00,1.80
2009.09.07 01:07:10.897,1.52585,1.5263,2.40,1.00
2009.09.07 01:07:11.237,1.52585,1.5261,1.00,1.00
2009.09.07 01:07:12.096,1.5259,1.526,1.40,1.00
2009.09.07 01:07:12.486,1.5259,1.526,2.20,1.00
2009.09.07 01:07:12.606,1.5259,1.5264,2.20,1.40
2009.09.07 01:07:14.266,1.526,1.52635,1.00,1.00
2009.09.07 01:07:14.506,1.526,1.5264,1.20,2.00
2009.09.07 01:07:14.786,1.526,1.5263,1.00,1.80
2009.09.07 01:07:15.476,1.5259,1.52625,3.80,1.00
2009.09.07 01:07:15.815,1.5259,1.5261,1.00,1.00
2009.09.07 01:07:17.455,1.5259,1.5261,2.20,1.00
2009.09.07 01:07:17.735,1.526,1.5261,1.00,1.00
2009.09.07 01:07:19.245,1.52595,1.5261,1.20,1.00
2009.09.07 01:07:19.484,1.52595,1.5261,1.00,1.00
2009.09.07 01:07:19.784,1.52595,1.526,1.00,1.00
2009.09.07 01:07:20.904,1.526,1.5264,1.20,1.00
2009.09.07 01:07:21.264,1.526,1.5263,1.00,1.00
2009.09.07 01:07:21.864,1.52585,1.52635,1.00,1.80
2009.09.07 01:07:21.984,1.52585,1.5262,1.20,1.00
2009.09.07 01:07:22.144,1.52585,1.52625,1.20,1.80
2009.09.07 01:07:23.304,1.5259,1.52625,2.20,1.00
2009.09.07 01:07:23.653,1.5259,1.5263,3.00,1.00
2009.09.07 01:07:23.994,1.5259,1.5262,1.00,1.00
2009.09.07 01:07:24.353,1.52585,1.5262,1.00,1.00
2009.09.07 01:07:24.684,1.52585,1.52625,1.00,2.00
2009.09.07 01:07:24.974,1.52585,1.5262,1.00,1.00
2009.09.07 01:07:25.253,1.52585,1.52615,1.00,1.00
2009.09.07 01:07:25.543,1.5258,1.52615,2.80,1.00
2009.09.07 01:07:25.883,1.52575,1.52615,3.00,1.00
2009.09.07 01:07:27.163,1.52575,1.5261,3.00,1.00
2009.09.07 01:07:27.453,1.52575,1.5261,2.60,1.00
2009.09.07 01:07:27.912,1.52575,1.526,1.20,1.00
2009.09.07 01:07:28.152,1.5257,1.5259,1.40,1.00
2009.09.07 01:07:28.382,1.52565,1.5259,1.00,1.00
2009.09.07 01:07:28.612,1.5257,1.5259,1.40,1.00
2009.09.07 01:07:29.002,1.5257,1.52605,1.40,1.00
2009.09.07 01:07:30.322,1.5257,1.52605,1.80,1.00
2009.09.07 01:07:32.941,1.5257,1.5259,1.40,1.00
2009.09.07 01:07:33.121,1.5257,1.52595,1.40,1.00
2009.09.07 01:07:33.301,1.5256,1.52595,2.20,1.00
2009.09.07 01:07:34.001,1.5256,1.52585,2.20,1.00
2009.09.07 01:07:34.861,1.5256,1.5259,2.20,1.00
2009.09.07 01:07:35.161,1.5256,1.5259,2.60,1.00
2009.09.07 01:07:38.760,1.52565,1.5259,1.00,1.00
2009.09.07 01:07:38.980,1.52575,1.5259,1.40,1.00
2009.09.07 01:07:39.330,1.52575,1.52615,2.50,1.00
2009.09.07 01:07:41.009,1.52575,1.52595,1.00,1.00
2009.09.07 01:07:41.359,1.5256,1.526,2.20,1.00
2009.09.07 01:07:41.709,1.5256,1.5259,2.20,1.00
2009.09.07 01:07:42.059,1.5255,1.52575,2.90,1.00
2009.09.07 01:07:42.399,1.5255,1.52585,2.50,1.00
2009.09.07 01:07:43.149,1.5255,1.5259,2.10,2.50
2009.09.07 01:07:43.489,1.5255,1.52585,2.10,1.00
2009.09.07 01:07:44.469,1.5254,1.5258,2.30,1.00
2009.09.07 01:07:44.759,1.5254,1.52585,1.90,1.00
2009.09.07 01:07:45.338,1.5254,1.5258,1.90,1.00
2009.09.07 01:07:46.498,1.5254,1.52585,1.90,1.00
2009.09.07 01:07:47.138,1.5254,1.5258,1.90,1.00
2009.09.07 01:07:47.788,1.5254,1.52585,1.90,1.00
2009.09.07 01:07:48.138,1.5254,1.52575,1.40,1.00
2009.09.07 01:07:48.478,1.5254,1.52565,1.40,1.00
2009.09.07 01:07:48.708,1.5254,1.52575,2.10,1.00
2009.09.07 01:07:48.988,1.5254,1.5258,1.00,3.00
2009.09.07 01:07:49.218,1.5253,1.52575,1.80,1.00
2009.09.07 01:07:49.508,1.5254,1.5258,1.00,3.00
2009.09.07 01:07:49.807,1.5254,1.5258,2.10,1.00
2009.09.07 01:07:50.147,1.5254,1.52585,1.40,2.50
2009.09.07 01:07:51.407,1.5253,1.5258,1.80,2.10
2009.09.07 01:07:51.737,1.5253,1.5257,1.80,1.00
2009.09.07 01:07:52.427,1.5253,1.52575,1.80,1.00
2009.09.07 01:07:52.717,1.52525,1.5257,1.40,1.60
2009.09.07 01:07:53.576,1.52525,1.5257,1.80,1.60
2009.09.07 01:07:55.026,1.52525,1.5257,1.40,1.60
2009.09.07 01:07:55.556,1.52525,1.52555,1.40,1.00
2009.09.07 01:07:55.916,1.52525,1.5257,1.40,1.60
2009.09.07 01:07:56.266,1.5252,1.5256,2.10,1.00
2009.09.07 01:07:56.616,1.5252,1.52565,2.50,1.40
2009.09.07 01:07:57.245,1.52525,1.52565,1.00,1.40
2009.09.07 01:07:58.465,1.5252,1.5256,2.40,1.40
2009.09.07 01:07:58.705,1.5252,1.5255,2.40,1.00
2009.09.07 01:07:59.695,1.52515,1.5255,6.50,1.00
2009.09.07 01:08:00.355,1.52515,1.5255,4.20,1.00
2009.09.07 01:08:00.705,1.52515,1.5255,4.80,1.00
2009.09.07 01:08:01.924,1.52515,1.5255,5.60,1.00
2009.09.07 01:08:04.434,1.52525,1.52545,1.40,1.00
2009.09.07 01:08:04.774,1.52515,1.5255,1.40,4.00
2009.09.07 01:08:05.064,1.52515,1.5254,1.40,1.00
2009.09.07 01:08:05.423,1.52515,1.5255,1.40,4.00
2009.09.07 01:08:05.723,1.5251,1.5255,1.00,4.00
2009.09.07 01:08:06.083,1.52505,1.5254,2.00,1.00
2009.09.07 01:08:06.423,1.52505,1.5255,2.00,4.10
2009.09.07 01:08:07.113,1.52505,1.52545,2.00,1.00
2009.09.07 01:08:07.333,1.52505,1.52545,2.00,1.40
2009.09.07 01:08:07.573,1.52505,1.52535,2.00,1.00
2009.09.07 01:08:07.853,1.52505,1.5254,2.00,1.00
2009.09.07 01:08:08.093,1.52505,1.52535,2.00,1.00
2009.09.07 01:08:08.663,1.52505,1.5253,2.10,1.00
2009.09.07 01:08:09.003,1.52505,1.5254,2.10,4.00
2009.09.07 01:08:09.353,1.52505,1.5253,2.10,1.00
2009.09.07 01:08:09.693,1.52505,1.52535,2.10,1.00
2009.09.07 01:08:10.052,1.52505,1.52545,2.10,1.00
2009.09.07 01:08:10.393,1.52505,1.52535,2.10,1.00
2009.09.07 01:08:10.732,1.52505,1.52545,2.50,1.00
2009.09.07 01:08:11.172,1.52505,1.52545,1.80,1.00
2009.09.07 01:08:11.522,1.525,1.5254,1.40,1.00
2009.09.07 01:08:12.992,1.525,1.52525,1.40,1.00
2009.09.07 01:08:13.332,1.5249,1.52525,6.10,1.00
2009.09.07 01:08:15.061,1.5249,1.5253,6.10,1.00
2009.09.07 01:08:16.061,1.5249,1.52535,6.10,1.00
2009.09.07 01:08:20.620,1.5249,1.5254,6.10,1.40
2009.09.07 01:08:21.660,1.5249,1.5254,6.10,1.60
2009.09.07 01:08:21.940,1.5249,1.5254,8.10,1.40
2009.09.07 01:08:22.219,1.52505,1.52545,1.40,1.00
2009.09.07 01:08:22.459,1.52505,1.52545,2.20,1.00
2009.09.07 01:08:23.949,1.52515,1.52545,1.40,1.00
2009.09.07 01:08:24.179,1.52515,1.52545,2.20,1.00
2009.09.07 01:08:24.349,1.52515,1.5255,2.60,1.00
2009.09.07 01:08:24.529,1.5252,1.5255,1.00,1.00
2009.09.07 01:08:24.699,1.52515,1.5256,2.20,1.40
2009.09.07 01:08:24.879,1.52515,1.5256,2.20,1.60
2009.09.07 01:08:24.989,1.52515,1.5256,2.20,1.40
2009.09.07 01:08:26.188,1.52515,1.5256,2.20,1.00
2009.09.07 01:08:26.768,1.52515,1.52565,2.20,4.00
2009.09.07 01:08:27.628,1.52515,1.5256,2.20,1.00
2009.09.07 01:08:28.338,1.5253,1.5256,1.00,1.00
2009.09.07 01:08:28.518,1.5253,1.5257,2.20,4.10
2009.09.07 01:08:28.858,1.5254,1.5257,1.00,1.60
2009.09.07 01:08:29.218,1.5254,1.52585,1.00,1.00
2009.09.07 01:08:29.558,1.5255,1.5258,1.00,1.40
2009.09.07 01:08:29.958,1.5254,1.5258,2.20,3.20
2009.09.07 01:08:38.385,1.5254,1.5258,2.20,1.70
2009.09.07 01:08:39.206,1.5254,1.5258,1.40,1.60
2009.09.07 01:08:39.565,1.5254,1.5258,1.40,1.70
2009.09.07 01:08:39.905,1.5254,1.5258,1.40,1.60
2009.09.07 01:08:40.595,1.5254,1.52575,1.40,1.00
2009.09.07 01:08:40.935,1.5253,1.52575,1.90,1.60
2009.09.07 01:08:41.285,1.5253,1.5257,1.90,1.00
2009.09.07 01:08:41.575,1.5253,1.5257,1.40,1.00
2009.09.07 01:08:41.925,1.5253,1.5257,1.40,1.70
2009.09.07 01:08:42.665,1.52515,1.52565,2.20,1.00
2009.09.07 01:08:42.955,1.52515,1.5256,2.20,1.00
2009.09.07 01:08:44.464,1.52515,1.5255,1.00,1.80
2009.09.07 01:08:44.684,1.525,1.5254,1.40,1.60
2009.09.07 01:08:44.914,1.52505,1.5254,1.40,1.00
2009.09.07 01:08:45.094,1.525,1.5254,1.80,1.60
2009.09.07 01:08:45.444,1.52505,1.5254,1.40,1.00
2009.09.07 01:08:45.804,1.525,1.5254,1.40,1.40
2009.09.07 01:08:46.724,1.525,1.5254,1.40,1.60
2009.09.07 01:08:46.963,1.525,1.5254,1.40,1.40
2009.09.07 01:08:47.193,1.525,1.5254,1.40,1.60
2009.09.07 01:08:47.543,1.52495,1.52535,1.40,1.40
2009.09.07 01:08:48.583,1.52495,1.5253,1.40,1.00
2009.09.07 01:08:49.243,1.5249,1.5253,4.60,1.00
2009.09.07 01:08:49.603,1.5249,1.5253,2.20,1.00
2009.09.07 01:08:53.102,1.5249,1.5253,2.10,1.00
2009.09.07 01:08:55.441,1.5249,1.52515,2.10,1.00
2009.09.07 01:08:55.781,1.5249,1.52535,2.50,1.00
2009.09.07 01:08:56.841,1.52495,1.52535,1.40,1.00
2009.09.07 01:08:57.201,1.525,1.5252,2.20,1.00
2009.09.07 01:08:57.431,1.52505,1.5254,1.00,1.00
2009.09.07 01:08:57.721,1.525,1.52545,2.20,3.30
2009.09.07 01:08:57.961,1.525,1.52525,2.20,1.00
2009.09.07 01:08:59.161,1.525,1.52515,2.20,1.00
2009.09.07 01:08:59.331,1.525,1.52515,2.20,1.00
2009.09.07 01:08:59.630,1.525,1.5252,2.20,1.00
2009.09.07 01:09:00.030,1.525,1.5252,1.00,1.00
2009.09.07 01:09:00.380,1.52495,1.5252,2.20,1.00
2009.09.07 01:09:01.020,1.52495,1.52525,2.20,1.00
2009.09.07 01:09:01.420,1.52495,1.52525,1.80,1.00
2009.09.07 01:09:01.540,1.52485,1.5252,2.60,1.00
2009.09.07 01:09:02.200,1.52485,1.52515,2.60,1.00
2009.09.07 01:09:02.370,1.52485,1.5252,2.60,1.00
2009.09.07 01:09:03.390,1.52485,1.52515,2.60,1.00
2009.09.07 01:09:03.620,1.52495,1.52515,1.40,1.00
2009.09.07 01:09:03.849,1.52495,1.52525,2.50,1.00
2009.09.07 01:09:04.089,1.52495,1.52525,1.00,1.00
2009.09.07 01:09:04.319,1.5249,1.5252,1.00,1.00
2009.09.07 01:09:05.479,1.52495,1.52525,2.50,1.00
2009.09.07 01:09:06.119,1.525,1.52525,1.80,1.00
2009.09.07 01:09:06.469,1.525,1.52535,1.00,1.60
2009.09.07 01:09:06.809,1.525,1.52535,2.50,1.00
2009.09.07 01:09:07.149,1.525,1.5254,2.50,1.00
2009.09.07 01:09:08.538,1.5251,1.5254,2.50,1.00
2009.09.07 01:09:09.238,1.5251,1.5255,2.50,3.60
2009.09.07 01:09:09.468,1.5251,1.5255,2.50,2.00
2009.09.07 01:09:09.688,1.5251,1.5254,2.50,1.00
2009.09.07 01:09:13.137,1.5251,1.5254,1.80,1.00
2009.09.07 01:09:13.427,1.525,1.52525,4.10,1.00
2009.09.07 01:09:13.947,1.525,1.52535,4.10,1.00
2009.09.07 01:09:14.167,1.525,1.52535,2.50,1.00
2009.09.07 01:09:17.736,1.525,1.52535,2.60,1.00
2009.09.07 01:09:18.736,1.5251,1.52535,2.60,1.00
2009.09.07 01:09:19.356,1.5251,1.5254,2.60,1.00
2009.09.07 01:09:19.526,1.5251,1.52535,2.60,1.00
2009.09.07 01:09:19.935,1.5251,1.52535,1.10,1.00
2009.09.07 01:09:20.285,1.525,1.5253,1.00,1.00
2009.09.07 01:09:20.636,1.525,1.52535,1.00,1.00
2009.09.07 01:09:21.685,1.525,1.5253,1.00,1.00
2009.09.07 01:09:22.675,1.52495,1.5253,2.20,1.00
2009.09.07 01:09:24.624,1.5249,1.5252,2.10,1.00
2009.09.07 01:09:24.974,1.5249,1.5252,2.20,1.00
2009.09.07 01:09:26.654,1.5248,1.52515,3.80,1.00
2009.09.07 01:09:26.994,1.5249,1.5253,1.40,3.60
2009.09.07 01:09:27.394,1.52485,1.5253,1.80,4.40
2009.09.07 01:09:27.744,1.5249,1.5253,1.40,2.80
2009.09.07 01:09:28.383,1.5249,1.5252,1.40,1.00
2009.09.07 01:09:28.724,1.5249,1.52515,1.40,1.00
2009.09.07 01:09:28.953,1.5248,1.52515,2.60,1.00
2009.09.07 01:09:31.913,1.5248,1.5251,1.00,1.00
2009.09.07 01:09:32.133,1.5247,1.5251,3.80,1.00
2009.09.07 01:09:32.313,1.5247,1.5251,2.60,1.00
2009.09.07 01:09:32.543,1.5247,1.525,1.00,1.00
2009.09.07 01:09:32.703,1.52465,1.52505,1.40,1.00
2009.09.07 01:09:33.272,1.52465,1.52505,2.20,1.00
2009.09.07 01:09:33.612,1.52475,1.52505,2.20,1.00
2009.09.07 01:09:34.322,1.52475,1.52505,1.00,1.00
2009.09.07 01:09:34.662,1.52465,1.525,1.00,1.40
2009.09.07 01:09:35.002,1.5246,1.525,1.00,1.40
2009.09.07 01:09:35.712,1.5246,1.525,1.00,1.60
2009.09.07 01:09:38.531,1.52455,1.525,2.00,1.60
2009.09.07 01:09:38.921,1.5246,1.525,1.60,1.60
2009.09.07 01:09:39.271,1.52455,1.525,4.40,1.60
2009.09.07 01:09:40.291,1.5246,1.525,1.00,1.60
2009.09.07 01:09:40.981,1.5246,1.52495,1.00,1.00
2009.09.07 01:09:42.270,1.5246,1.52495,2.00,1.00
2009.09.07 01:09:42.500,1.5246,1.52495,1.40,1.00
2009.09.07 01:09:42.740,1.5247,1.52495,1.40,1.00
2009.09.07 01:09:43.250,1.5247,1.525,1.40,1.00
2009.09.07 01:09:44.220,1.52465,1.5249,1.00,1.00
2009.09.07 01:09:44.440,1.52455,1.52475,1.60,1.40
2009.09.07 01:09:44.680,1.5245,1.5248,1.00,1.60
2009.09.07 01:09:44.970,1.5246,1.5249,1.40,1.00
2009.09.07 01:09:45.480,1.5246,1.525,1.40,1.60
2009.09.07 01:09:46.119,1.5246,1.52495,1.40,1.00
2009.09.07 01:09:46.449,1.52455,1.5248,1.00,1.00
2009.09.07 01:09:46.779,1.52445,1.5248,1.00,1.00
2009.09.07 01:09:47.129,1.5244,1.5248,3.80,1.00
2009.09.07 01:09:49.159,1.5244,1.52475,3.00,1.00
2009.09.07 01:09:49.568,1.5244,1.52475,1.40,1.00
2009.09.07 01:09:50.258,1.5245,1.52485,1.40,1.00
2009.09.07 01:09:50.608,1.52445,1.5249,2.20,1.70
2009.09.07 01:09:50.948,1.52445,1.525,2.20,3.60
2009.09.07 01:09:51.228,1.52445,1.525,2.80,3.60
2009.09.07 01:09:51.458,1.5245,1.525,1.00,3.60
2009.09.07 01:09:51.688,1.5245,1.525,1.00,3.40
2009.09.07 01:09:52.328,1.5245,1.525,1.00,1.80
2009.09.07 01:09:52.668,1.5245,1.525,1.00,2.00
2009.09.07 01:09:53.308,1.52445,1.525,4.40,2.10
2009.09.07 01:09:53.777,1.52445,1.52495,4.40,1.00
2009.09.07 01:09:53.957,1.52445,1.52495,2.80,1.00
2009.09.07 01:09:54.247,1.5245,1.52495,1.00,1.00
2009.09.07 01:09:54.477,1.5245,1.525,1.60,2.30
2009.09.07 01:09:54.877,1.5245,1.525,1.40,2.30
2009.09.07 01:09:55.167,1.5245,1.52485,1.00,1.00
2009.09.07 01:09:56.037,1.52445,1.52485,2.40,1.00
2009.09.07 01:09:57.307,1.5245,1.52485,1.40,1.00
2009.09.07 01:09:57.596,1.5245,1.5248,1.00,1.00
2009.09.07 01:09:58.066,1.52445,1.5248,1.40,1.00
2009.09.07 01:09:58.296,1.52445,1.5248,1.40,1.00
2009.09.07 01:09:58.577,1.52445,1.52475,1.00,1.00
2009.09.07 01:09:58.926,1.5244,1.5246,1.00,1.00
2009.09.07 01:09:59.286,1.5244,1.5247,1.00,1.00
2009.09.07 01:09:59.636,1.52445,1.5247,1.00,1.40
2009.09.07 01:09:59.926,1.5246,1.525,1.40,1.00
2009.09.07 01:10:00.226,1.5245,1.52495,1.80,1.00
2009.09.07 01:10:00.496,1.5246,1.525,1.40,1.00
2009.09.07 01:10:00.846,1.5246,1.52495,1.40,1.00
2009.09.07 01:10:01.896,1.52435,1.5249,2.50,1.00
2009.09.07 01:10:02.125,1.5244,1.5249,1.00,1.00
2009.09.07 01:10:03.645,1.5245,1.5249,1.00,1.00
2009.09.07 01:10:04.095,1.5245,1.52475,1.00,1.00
2009.09.07 01:10:04.305,1.5244,1.52475,1.60,1.00
2009.09.07 01:10:04.655,1.5244,1.52475,1.40,1.00
2009.09.07 01:10:04.995,1.5244,1.52475,1.40,1.00
2009.09.07 01:10:05.335,1.5244,1.52475,1.40,1.00
2009.09.07 01:10:06.474,1.5244,1.52475,1.40,1.00
2009.09.07 01:10:07.154,1.5244,1.5247,1.40,1.00
2009.09.07 01:10:08.064,1.5245,1.52485,1.40,1.00
2009.09.07 01:10:08.274,1.5245,1.52495,1.40,1.00
2009.09.07 01:10:09.034,1.5245,1.5249,2.10,1.00
2009.09.07 01:10:11.363,1.5245,1.5249,2.10,1.00
2009.09.07 01:10:14.592,1.5245,1.5249,2.10,1.00
2009.09.07 01:10:15.052,1.5245,1.52485,1.00,1.00
2009.09.07 01:10:15.222,1.5245,1.52475,1.00,1.00
2009.09.07 01:10:15.812,1.5244,1.52475,1.00,1.00
2009.09.07 01:10:17.452,1.52445,1.52475,1.40,1.00
2009.09.07 01:10:17.752,1.52445,1.52485,1.40,1.40
2009.09.07 01:10:24.560,1.52445,1.5248,2.10,1.00
2009.09.07 01:10:24.780,1.52445,1.5248,1.40,1.00
2009.09.07 01:10:25.930,1.52455,1.5248,1.40,1.00
2009.09.07 01:10:26.919,1.52455,1.52485,1.40,1.00
2009.09.07 01:10:27.160,1.5246,1.52495,1.40,1.00
2009.09.07 01:10:27.399,1.5246,1.525,1.80,1.00
2009.09.07 01:10:27.619,1.5246,1.525,1.80,1.00
2009.09.07 01:10:30.029,1.5247,1.525,1.40,1.00
2009.09.07 01:10:30.199,1.5247,1.525,1.40,1.00
2009.09.07 01:10:30.949,1.5247,1.52495,1.40,1.00
2009.09.07 01:10:32.888,1.5246,1.5249,1.40,1.00
2009.09.07 01:10:33.118,1.52455,1.5249,2.30,1.00
2009.09.07 01:10:33.288,1.52455,1.5249,2.10,1.00
2009.09.07 01:10:33.458,1.52455,1.5249,1.40,1.00
2009.09.07 01:10:34.578,1.52455,1.5248,1.40,1.00
2009.09.07 01:10:34.878,1.52455,1.5249,1.40,1.00
2009.09.07 01:10:35.098,1.52455,1.5248,1.40,1.00
2009.09.07 01:10:35.338,1.5245,1.5248,1.40,1.00
2009.09.07 01:10:35.627,1.52445,1.5248,1.40,1.00
2009.09.07 01:10:38.237,1.52445,1.5247,1.40,1.00
2009.09.07 01:10:38.407,1.5244,1.5247,1.40,1.00
2009.09.07 01:10:38.697,1.5244,1.52475,1.40,1.00
2009.09.07 01:10:39.506,1.5244,1.5247,1.40,1.00
2009.09.07 01:10:46.245,1.5244,1.52475,1.40,1.00
2009.09.07 01:10:49.884,1.5244,1.52465,1.40,1.00
2009.09.07 01:10:50.064,1.5244,1.5246,1.40,1.00
2009.09.07 01:10:50.234,1.5244,1.5247,1.40,1.00
2009.09.07 01:10:50.694,1.5244,1.52475,1.40,1.00
2009.09.07 01:10:52.463,1.5244,1.52475,1.40,1.00
2009.09.07 01:10:52.763,1.52435,1.52475,3.00,2.20
2009.09.07 01:10:53.063,1.52435,1.52475,3.80,1.60
2009.09.07 01:10:53.403,1.5244,1.5248,1.40,3.20
2009.09.07 01:10:53.703,1.5245,1.5248,1.40,1.70
2009.09.07 01:10:54.333,1.5245,1.5249,1.40,5.60
2009.09.07 01:10:54.733,1.5245,1.5248,1.40,1.00
2009.09.07 01:10:55.373,1.52445,1.5248,1.00,1.40
2009.09.07 01:10:55.713,1.5245,1.5249,1.40,5.60
2009.09.07 01:10:56.062,1.5245,1.5249,1.40,6.00
2009.09.07 01:10:57.462,1.52455,1.5248,1.40,1.00
2009.09.07 01:10:57.692,1.52455,1.5249,1.40,1.70
2009.09.07 01:10:59.841,1.52455,1.5249,1.40,1.60
2009.09.07 01:11:00.651,1.52455,1.52485,1.40,1.00
2009.09.07 01:11:02.601,1.52455,1.5249,1.40,1.60
2009.09.07 01:11:03.451,1.52455,1.52495,1.40,4.00
2009.09.07 01:11:03.620,1.52455,1.52495,1.40,1.40
2009.09.07 01:11:03.841,1.5246,1.525,1.40,4.00
2009.09.07 01:11:04.410,1.5246,1.52495,1.40,1.00
2009.09.07 01:11:05.800,1.5246,1.52495,1.40,1.00
2009.09.07 01:11:06.150,1.5246,1.52495,1.40,1.00
2009.09.07 01:11:06.490,1.5246,1.52495,1.40,1.00
2009.09.07 01:11:07.940,1.5246,1.52495,1.40,1.00
2009.09.07 01:11:08.519,1.5246,1.52495,1.40,1.00
2009.09.07 01:11:09.689,1.5246,1.52495,1.40,1.00
2009.09.07 01:11:16.238,1.52455,1.52495,3.00,2.20
2009.09.07 01:11:17.967,1.52455,1.52495,1.40,2.30
2009.09.07 01:11:18.187,1.52455,1.52495,1.90,1.60
2009.09.07 01:11:18.477,1.52465,1.52505,1.40,2.50
2009.09.07 01:11:19.727,1.52465,1.52505,1.40,2.20
2009.09.07 01:11:19.957,1.52465,1.525,1.40,1.00
2009.09.07 01:11:24.456,1.52465,1.52505,1.40,2.20
2009.09.07 01:11:24.796,1.52465,1.525,3.00,1.00
2009.09.07 01:11:25.145,1.52465,1.525,1.40,1.00
2009.09.07 01:11:25.495,1.52465,1.52505,1.40,2.20
2009.09.07 01:11:26.835,1.52465,1.525,1.40,1.00
2009.09.07 01:11:28.805,1.52455,1.525,1.60,1.60
2009.09.07 01:11:28.975,1.5245,1.525,3.00,2.30
2009.09.07 01:11:30.014,1.52455,1.525,1.60,2.20
2009.09.07 01:11:30.364,1.52455,1.525,1.60,2.30
2009.09.07 01:11:30.704,1.5245,1.525,1.40,2.30
2009.09.07 01:11:32.454,1.5245,1.52495,1.40,1.00
2009.09.07 01:11:33.574,1.52455,1.52495,1.60,1.00
2009.09.07 01:11:33.813,1.5245,1.52495,1.40,1.00
2009.09.07 01:11:39.142,1.5245,1.52495,1.40,2.10
2009.09.07 01:11:39.542,1.5245,1.52495,1.40,1.40
2009.09.07 01:11:40.882,1.5245,1.52495,1.90,1.40
2009.09.07 01:11:41.242,1.52455,1.52495,1.40,1.40
2009.09.07 01:11:41.592,1.52455,1.52495,1.40,2.20
2009.09.07 01:11:42.361,1.52455,1.52495,1.40,2.10
2009.09.07 01:11:45.491,1.52455,1.52495,1.40,1.40
2009.09.07 01:11:48.020,1.52455,1.525,1.40,3.90
2009.09.07 01:11:48.200,1.5245,1.52495,3.80,1.40
2009.09.07 01:11:48.430,1.5245,1.52495,4.60,1.40
2009.09.07 01:11:48.770,1.5246,1.52495,1.60,1.40
2009.09.07 01:11:50.529,1.5246,1.525,1.60,3.20
2009.09.07 01:11:51.519,1.5246,1.525,1.60,1.70
2009.09.07 01:11:51.869,1.52455,1.525,2.20,1.70
2009.09.07 01:11:52.569,1.52455,1.525,2.30,1.60
2009.09.07 01:11:52.789,1.5246,1.525,1.40,1.60
2009.09.07 01:11:53.139,1.5246,1.52505,3.00,2.20
2009.09.07 01:11:54.369,1.52455,1.52495,3.00,2.20
2009.09.07 01:11:55.009,1.52455,1.52495,1.40,2.20
2009.09.07 01:11:56.338,1.5246,1.52495,1.40,1.00
2009.09.07 01:11:57.028,1.52455,1.52495,1.40,2.20
2009.09.07 01:11:57.378,1.52455,1.52495,3.00,2.20
2009.09.07 01:11:59.517,1.5246,1.52495,1.40,1.00
2009.09.07 01:11:59.857,1.5246,1.525,1.40,1.60
2009.09.07 01:12:01.787,1.5246,1.525,3.00,1.60
2009.09.07 01:12:01.966,1.52465,1.525,1.40,1.60
2009.09.07 01:12:02.137,1.52475,1.52505,1.40,2.50
2009.09.07 01:12:02.307,1.52475,1.5251,1.40,4.70
2009.09.07 01:12:02.666,1.52475,1.52505,1.40,1.00
2009.09.07 01:12:02.836,1.52475,1.5251,1.40,4.70
2009.09.07 01:12:04.646,1.52475,1.52505,1.40,1.00
2009.09.07 01:12:04.826,1.52475,1.5251,1.40,4.70
2009.09.07 01:12:05.986,1.52475,1.5251,1.40,2.30
2009.09.07 01:12:06.676,1.52475,1.52505,1.40,1.00
2009.09.07 01:12:07.005,1.52475,1.5251,1.40,2.30
2009.09.07 01:12:07.335,1.52475,1.52505,1.40,1.00
2009.09.07 01:12:07.685,1.52475,1.5251,1.40,2.30
2009.09.07 01:12:08.365,1.52475,1.5251,1.40,1.00
2009.09.07 01:12:09.715,1.5247,1.5251,1.80,1.00
2009.09.07 01:12:10.444,1.52465,1.5251,3.00,2.20
2009.09.07 01:12:10.624,1.52465,1.5251,1.40,2.20
2009.09.07 01:12:10.795,1.52465,1.5251,1.40,1.60
2009.09.07 01:12:11.484,1.52465,1.5251,3.00,1.40
2009.09.07 01:12:14.743,1.52475,1.52515,1.40,2.80
2009.09.07 01:12:15.083,1.52475,1.5252,1.40,4.00
2009.09.07 01:12:15.433,1.52485,1.5252,1.40,2.50
2009.09.07 01:12:15.783,1.52485,1.5252,1.40,1.00
2009.09.07 01:12:16.123,1.5248,1.5252,1.60,1.40
2009.09.07 01:12:16.423,1.52475,1.5252,3.00,1.40
2009.09.07 01:12:17.613,1.52475,1.5252,1.40,1.60
2009.09.07 01:12:17.963,1.52475,1.5252,2.20,1.40
2009.09.07 01:12:18.303,1.52475,1.5252,3.80,1.40
2009.09.07 01:12:19.392,1.52485,1.5252,1.60,1.40
2009.09.07 01:12:19.902,1.5248,1.5252,1.60,1.40
2009.09.07 01:12:20.432,1.52475,1.5252,3.00,1.60
2009.09.07 01:12:20.792,1.52475,1.5252,1.40,1.60
2009.09.07 01:12:21.152,1.5247,1.5251,1.60,1.40
2009.09.07 01:12:21.492,1.52465,1.5251,1.40,1.60
2009.09.07 01:12:22.202,1.52465,1.52515,3.80,1.00
2009.09.07 01:12:22.502,1.52465,1.52515,5.80,1.00
2009.09.07 01:12:22.842,1.52475,1.52515,1.40,1.00
2009.09.07 01:12:23.241,1.52475,1.5252,1.40,3.70
2009.09.07 01:12:24.571,1.52475,1.52515,1.40,1.00
2009.09.07 01:12:25.611,1.52475,1.52505,1.40,1.00
2009.09.07 01:12:26.411,1.52475,1.52515,1.40,1.00
2009.09.07 01:12:28.290,1.52475,1.52505,1.40,1.00
2009.09.07 01:12:28.800,1.52485,1.52535,1.40,9.20
2009.09.07 01:12:29.030,1.52485,1.52525,1.40,1.00
2009.09.07 01:12:29.840,1.5249,1.5252,1.80,1.00
2009.09.07 01:12:30.120,1.5249,1.5253,1.80,6.30
2009.09.07 01:12:31.090,1.52485,1.5252,3.00,1.00
2009.09.07 01:12:31.470,1.52485,1.52505,1.60,1.40
2009.09.07 01:12:31.819,1.5247,1.52515,2.60,2.10
2009.09.07 01:12:32.169,1.52475,1.52515,1.60,2.30
2009.09.07 01:12:32.509,1.5247,1.52515,4.20,2.30
2009.09.07 01:12:33.189,1.5247,1.52515,4.20,2.10
2009.09.07 01:12:33.529,1.5248,1.52515,1.00,2.20
2009.09.07 01:12:33.709,1.52475,1.52515,2.80,2.20
2009.09.07 01:12:33.829,1.52485,1.52515,1.60,2.20
2009.09.07 01:12:33.999,1.52475,1.52515,2.80,2.20
2009.09.07 01:12:34.119,1.52475,1.52505,1.60,1.00
2009.09.07 01:12:34.169,1.52475,1.52505,1.60,2.20
2009.09.07 01:12:34.399,1.52475,1.52505,2.40,1.40
2009.09.07 01:12:34.509,1.52475,1.5251,2.40,1.00
2009.09.07 01:12:34.569,1.52475,1.52515,3.20,2.30
2009.09.07 01:12:34.909,1.52475,1.52515,2.80,2.10
2009.09.07 01:12:35.259,1.52475,1.52515,3.20,2.10
2009.09.07 01:12:35.608,1.52485,1.5252,1.60,2.10
2009.09.07 01:12:35.938,1.5248,1.52515,1.40,1.00
2009.09.07 01:12:37.838,1.5248,1.5252,1.40,2.30
2009.09.07 01:12:38.108,1.5248,1.5252,1.40,1.60
2009.09.07 01:12:39.117,1.5248,1.5252,1.40,1.60
2009.09.07 01:12:40.927,1.5248,1.5252,1.40,2.30
2009.09.07 01:12:42.657,1.52485,1.5253,1.40,2.10
2009.09.07 01:12:44.336,1.52485,1.5253,1.40,2.30
2009.09.07 01:12:45.186,1.5248,1.52515,4.60,1.00
2009.09.07 01:12:45.466,1.5248,1.52515,3.00,1.00
2009.09.07 01:12:45.706,1.5248,1.5252,3.00,1.40
2009.09.07 01:12:45.996,1.5248,1.52515,1.60,1.40
2009.09.07 01:12:46.396,1.5247,1.52515,8.20,2.30
2009.09.07 01:12:47.746,1.5247,1.52515,5.80,2.30
2009.09.07 01:12:50.115,1.52475,1.52515,1.00,2.30
2009.09.07 01:12:50.235,1.5248,1.5252,1.40,2.90
2009.09.07 01:12:50.455,1.52485,1.5252,1.40,1.50
2009.09.07 01:12:51.075,1.52485,1.5253,3.00,2.10
2009.09.07 01:12:51.415,1.52485,1.5253,7.00,2.10
2009.09.07 01:12:51.765,1.52485,1.5252,4.00,2.10
2009.09.07 01:12:52.045,1.52485,1.5252,1.60,2.10
2009.09.07 01:12:52.325,1.5248,1.5252,4.60,2.10
2009.09.07 01:12:52.614,1.52485,1.5252,1.00,1.40
2009.09.07 01:12:52.894,1.52495,1.52535,1.40,1.40
2009.09.07 01:12:53.564,1.52495,1.5253,1.40,1.00
2009.09.07 01:12:53.914,1.52495,1.52535,3.80,1.40
2009.09.07 01:12:54.154,1.52495,1.5253,3.80,1.00
2009.09.07 01:12:54.954,1.52495,1.52535,3.80,1.60
2009.09.07 01:12:55.244,1.52495,1.52535,3.80,1.40
2009.09.07 01:12:55.724,1.52505,1.52545,1.40,2.70
2009.09.07 01:12:56.024,1.5252,1.52545,1.40,1.00
2009.09.07 01:12:56.253,1.5251,1.52555,2.30,5.00
2009.09.07 01:12:56.603,1.5252,1.5255,1.40,1.00
2009.09.07 01:12:56.953,1.52515,1.52535,1.00,2.20
2009.09.07 01:12:57.343,1.52505,1.52535,1.40,1.00
2009.09.07 01:12:57.903,1.52505,1.5254,1.40,1.00
2009.09.07 01:12:59.413,1.525,1.52535,1.00,1.40
2009.09.07 01:12:59.693,1.52495,1.5253,3.80,1.00
2009.09.07 01:13:03.952,1.52495,1.5253,1.40,1.00
2009.09.07 01:13:06.791,1.52495,1.52535,1.40,2.20
2009.09.07 01:13:07.661,1.52495,1.5253,1.40,1.00
2009.09.07 01:13:12.320,1.52495,1.52535,1.40,2.20
2009.09.07 01:13:12.500,1.525,1.52535,1.60,2.20
2009.09.07 01:13:12.730,1.525,1.52535,1.60,2.10
2009.09.07 01:13:13.659,1.525,1.5253,1.60,1.00
2009.09.07 01:13:13.999,1.52495,1.5253,1.40,1.00
2009.09.07 01:13:14.329,1.525,1.52535,1.60,2.10
2009.09.07 01:13:15.539,1.525,1.5253,1.60,1.00
2009.09.07 01:13:15.949,1.52495,1.5253,1.40,1.00
2009.09.07 01:13:17.239,1.52505,1.52555,1.40,2.50
2009.09.07 01:13:17.478,1.52505,1.52555,1.40,1.00
2009.09.07 01:13:18.568,1.52495,1.52545,1.00,1.80
2009.09.07 01:13:18.848,1.52495,1.5254,1.00,1.00
2009.09.07 01:13:19.078,1.52495,1.5254,1.00,1.60
2009.09.07 01:13:19.608,1.5249,1.52525,4.00,1.40
2009.09.07 01:13:19.888,1.5249,1.52525,1.60,1.40
2009.09.07 01:13:20.678,1.5249,1.52525,1.60,1.60
2009.09.07 01:13:32.475,1.525,1.5254,1.40,1.00
2009.09.07 01:13:32.765,1.52495,1.5254,1.00,2.20
2009.09.07 01:13:33.055,1.52505,1.5254,1.40,1.00
2009.09.07 01:13:34.274,1.525,1.5254,1.40,1.00
2009.09.07 01:13:45.841,1.525,1.5254,1.40,1.00
2009.09.07 01:13:46.182,1.5249,1.52525,1.60,1.40
2009.09.07 01:13:47.431,1.5249,1.52525,1.60,1.60
2009.09.07 01:13:47.671,1.5249,1.5252,1.60,1.00
2009.09.07 01:13:49.151,1.5249,1.52525,1.60,1.60
2009.09.07 01:13:50.201,1.52485,1.5251,2.40,1.00
2009.09.07 01:13:50.500,1.5247,1.5251,4.60,1.00
2009.09.07 01:13:50.790,1.5247,1.5252,4.60,1.40
2009.09.07 01:13:51.440,1.5247,1.5251,4.00,1.40
2009.09.07 01:13:51.790,1.5248,1.52515,2.50,1.00
2009.09.07 01:13:52.090,1.5248,1.5251,4.50,1.00
2009.09.07 01:13:52.390,1.52485,1.52525,4.50,1.00
2009.09.07 01:13:52.680,1.52485,1.52525,4.40,1.00
2009.09.07 01:13:55.209,1.5249,1.52525,1.60,1.00
2009.09.07 01:13:56.819,1.5249,1.52525,1.60,1.60
2009.09.07 01:13:58.679,1.5249,1.5252,1.60,1.00
2009.09.07 01:14:00.528,1.5249,1.52525,1.60,1.60
2009.09.07 01:14:00.878,1.5249,1.5252,1.60,1.00
2009.09.07 01:14:05.157,1.52485,1.52505,2.40,1.00
2009.09.07 01:14:14.585,1.5248,1.52505,4.80,1.00
2009.09.07 01:14:31.111,1.5248,1.52505,4.00,1.00
2009.09.07 01:14:31.401,1.5248,1.5249,1.60,1.00
2009.09.07 01:14:31.690,1.5248,1.525,1.60,1.60
2009.09.07 01:14:32.320,1.5248,1.525,1.60,1.40
2009.09.07 01:14:32.790,1.5248,1.52505,1.60,1.00
2009.09.07 01:14:33.140,1.5248,1.525,1.60,1.00
2009.09.07 01:14:33.600,1.5248,1.52505,1.60,1.00
2009.09.07 01:14:34.310,1.5248,1.525,1.60,1.60
2009.09.07 01:14:34.760,1.5248,1.5249,1.60,1.00
2009.09.07 01:14:34.990,1.52475,1.5249,2.40,1.00
2009.09.07 01:14:35.510,1.5247,1.5249,4.00,1.00
2009.09.07 01:14:35.889,1.5247,1.525,4.00,1.60
2009.09.07 01:14:36.189,1.5247,1.5249,4.40,1.00
2009.09.07 01:14:36.819,1.5247,1.525,4.40,1.60
2009.09.07 01:14:37.089,1.5247,1.5249,4.00,1.00
2009.09.07 01:14:40.258,1.5247,1.5249,1.60,1.00
2009.09.07 01:14:40.598,1.5247,1.52495,1.60,1.00
2009.09.07 01:14:40.888,1.5247,1.5249,1.60,1.00
2009.09.07 01:14:41.518,1.5247,1.52495,1.60,1.00
2009.09.07 01:14:41.858,1.5247,1.5249,1.60,1.00
2009.09.07 01:14:42.188,1.5247,1.52485,1.60,1.00
2009.09.07 01:14:42.598,1.5247,1.5249,1.60,1.00
2009.09.07 01:14:42.708,1.5247,1.52485,1.60,1.00
2009.09.07 01:14:43.058,1.5247,1.5249,1.60,1.00
2009.09.07 01:14:43.478,1.5247,1.52495,1.60,1.00
2009.09.07 01:14:43.838,1.5247,1.5249,1.60,1.00
2009.09.07 01:14:44.178,1.5247,1.52495,1.60,1.00
2009.09.07 01:14:45.667,1.5247,1.5249,1.60,1.00
2009.09.07 01:14:46.377,1.5247,1.52485,1.60,1.00
2009.09.07 01:14:46.727,1.5247,1.52495,1.60,1.00
2009.09.07 01:14:47.077,1.52465,1.5249,1.00,1.00
2009.09.07 01:14:47.417,1.5247,1.52505,1.40,1.00
2009.09.07 01:14:47.767,1.5247,1.5251,1.40,1.00
2009.09.07 01:14:48.047,1.5247,1.5251,1.80,1.00
2009.09.07 01:14:48.396,1.5247,1.52515,1.80,1.00
2009.09.07 01:14:48.687,1.5247,1.5251,1.80,1.00
2009.09.07 01:14:49.326,1.5247,1.52515,3.40,1.00
2009.09.07 01:14:49.716,1.5247,1.52515,5.80,1.00
2009.09.07 01:14:50.056,1.5247,1.5251,5.80,1.00
2009.09.07 01:14:54.475,1.5247,1.52515,5.80,1.00
2009.09.07 01:14:55.465,1.5247,1.5251,5.80,1.00
2009.09.07 01:14:57.174,1.5247,1.5252,5.80,2.20
2009.09.07 01:14:57.345,1.52475,1.52525,1.40,3.60
2009.09.07 01:14:57.514,1.52475,1.52525,4.20,2.40
2009.09.07 01:14:57.805,1.5248,1.52525,1.60,2.40
2009.09.07 01:14:57.964,1.5248,1.52525,2.00,2.40
2009.09.07 01:14:59.414,1.52485,1.52525,1.40,1.00
2009.09.07 01:14:59.704,1.52485,1.52525,1.80,1.00
2009.09.07 01:14:59.994,1.52485,1.52525,1.00,1.60
2009.09.07 01:15:00.284,1.52485,1.52525,1.80,1.00
2009.09.07 01:15:00.514,1.52485,1.52525,1.00,1.60
2009.09.07 01:15:00.864,1.5248,1.5252,4.40,2.20
2009.09.07 01:15:01.263,1.5248,1.5252,1.60,2.20
2009.09.07 01:15:01.603,1.52475,1.52515,1.60,1.00
2009.09.07 01:15:01.893,1.5247,1.5252,5.80,2.20
2009.09.07 01:15:02.173,1.5247,1.5251,5.80,1.00
2009.09.07 01:15:03.103,1.5247,1.5252,5.80,2.20
2009.09.07 01:15:03.623,1.5247,1.5251,5.80,1.00
2009.09.07 01:15:04.263,1.5247,1.52515,5.80,1.00
2009.09.07 01:15:04.622,1.5247,1.5252,5.80,2.20
2009.09.07 01:15:05.713,1.5247,1.5251,5.80,1.00
2009.09.07 01:15:06.592,1.5247,1.52515,3.40,1.00
2009.09.07 01:15:07.182,1.5247,1.5251,3.40,1.00
2009.09.07 01:15:08.642,1.5247,1.5251,3.40,1.00
2009.09.07 01:15:08.992,1.5247,1.52515,5.80,1.00
2009.09.07 01:15:10.461,1.5247,1.52515,5.80,1.00
2009.09.07 01:15:10.691,1.5247,1.52515,5.80,1.30
2009.09.07 01:15:10.921,1.5247,1.5251,5.80,1.00
2009.09.07 01:15:11.841,1.5247,1.5251,5.40,1.00
2009.09.07 01:15:12.421,1.5247,1.5251,5.40,1.00
2009.09.07 01:15:13.061,1.5247,1.52515,5.40,1.00
2009.09.07 01:15:13.930,1.5247,1.52515,5.40,1.00
2009.09.07 01:15:14.230,1.5247,1.5251,5.40,1.00
2009.09.07 01:15:15.920,1.52475,1.52515,1.00,1.00
2009.09.07 01:15:16.270,1.5247,1.52515,5.80,1.00
2009.09.07 01:15:17.180,1.52475,1.52515,1.80,1.00
2009.09.07 01:15:17.410,1.52475,1.52515,1.80,1.00
2009.09.07 01:15:19.289,1.5247,1.5251,1.40,1.40
2009.09.07 01:15:19.649,1.5247,1.5251,1.40,2.20
2009.09.07 01:15:19.999,1.5247,1.5251,1.80,2.20
2009.09.07 01:15:20.229,1.5247,1.525,1.00,1.40
2009.09.07 01:15:20.409,1.5247,1.525,1.00,2.40
2009.09.07 01:15:20.649,1.5247,1.525,1.00,2.20
2009.09.07 01:15:20.829,1.5247,1.52505,1.00,1.10
2009.09.07 01:15:21.169,1.5246,1.52495,5.80,1.00
2009.09.07 01:15:21.518,1.5246,1.52495,4.40,1.00
2009.09.07 01:15:26.457,1.5246,1.52495,4.00,1.00
2009.09.07 01:15:27.437,1.5246,1.52495,4.00,1.50
2009.09.07 01:15:27.557,1.5246,1.52495,4.00,3.00
2009.09.07 01:15:27.677,1.5246,1.52495,4.00,3.40
2009.09.07 01:15:28.087,1.52455,1.5248,1.00,1.00
2009.09.07 01:15:28.417,1.5245,1.5248,3.20,1.00
2009.09.07 01:15:28.817,1.5245,1.5248,1.60,1.00
2009.09.07 01:15:33.946,1.5245,1.5249,2.00,1.00
2009.09.07 01:15:34.296,1.5245,1.52475,4.00,1.00
2009.09.07 01:15:34.696,1.5245,1.52485,3.00,1.00
2009.09.07 01:15:35.045,1.5245,1.52495,5.80,2.20
2009.09.07 01:15:36.375,1.5246,1.52495,1.00,2.20
2009.09.07 01:15:37.415,1.52455,1.52495,1.00,2.20
2009.09.07 01:15:38.655,1.52455,1.5249,1.00,1.40
2009.09.07 01:15:38.994,1.52455,1.52495,3.20,2.20
2009.09.07 01:15:39.334,1.52455,1.52495,1.00,2.20
2009.09.07 01:15:39.694,1.5248,1.52495,1.20,2.20
2009.09.07 01:15:40.166,1.5248,1.525,1.20,2.00
2009.09.07 01:15:40.494,1.5248,1.525,1.00,1.60
2009.09.07 01:15:41.534,1.52495,1.525,1.00,1.40
2009.09.07 01:15:42.484,1.52495,1.52505,1.00,2.20
2009.09.07 01:15:43.353,1.52495,1.525,1.00,1.00
2009.09.07 01:15:44.404,1.52495,1.52505,1.00,2.20
2009.09.07 01:15:45.043,1.52495,1.525,1.00,1.00
2009.09.07 01:15:45.773,1.5248,1.5249,1.00,2.20
2009.09.07 01:15:46.113,1.5248,1.5249,1.00,2.30
2009.09.07 01:15:47.822,1.5248,1.52485,1.00,1.40
2009.09.07 01:15:49.082,1.5248,1.5251,1.00,2.20
2009.09.07 01:15:49.442,1.5248,1.5251,1.00,2.30
2009.09.07 01:15:50.242,1.5248,1.52505,1.00,2.20
2009.09.07 01:15:54.131,1.5248,1.52495,1.00,1.40
2009.09.07 01:15:57.510,1.5248,1.525,1.00,1.00
2009.09.07 01:15:59.239,1.5248,1.525,1.00,1.60
2009.09.07 01:16:01.649,1.5248,1.5251,1.00,1.60
2009.09.07 01:16:01.999,1.5248,1.525,1.00,1.40
2009.09.07 01:16:03.309,1.5248,1.5251,1.00,1.40
2009.09.07 01:16:06.228,1.5248,1.5251,1.00,1.60
2009.09.07 01:16:07.638,1.5248,1.52515,1.00,1.00
2009.09.07 01:16:09.947,1.5248,1.52515,3.00,1.00
2009.09.07 01:16:11.687,1.5248,1.5252,3.00,3.20
2009.09.07 01:16:12.957,1.52485,1.5252,1.00,3.00
2009.09.07 01:16:13.076,1.52495,1.5252,1.40,1.60
2009.09.07 01:16:13.186,1.52495,1.5252,2.60,1.60
2009.09.07 01:16:13.296,1.525,1.5253,2.20,1.60
2009.09.07 01:16:14.286,1.525,1.5253,2.20,1.70
2009.09.07 01:16:14.626,1.525,1.5253,1.40,1.60
2009.09.07 01:16:16.005,1.525,1.52535,1.40,2.50
2009.09.07 01:16:16.355,1.5249,1.5252,1.00,1.40
2009.09.07 01:16:16.516,1.52485,1.52515,1.00,1.40
2009.09.07 01:16:16.755,1.52485,1.5251,1.00,1.40
2009.09.07 01:16:16.935,1.5248,1.5251,1.00,1.40
2009.09.07 01:16:18.555,1.5248,1.52505,1.00,1.00
2009.09.07 01:16:22.074,1.5248,1.5251,1.00,1.60
2009.09.07 01:16:22.424,1.5248,1.52505,1.60,1.00
2009.09.07 01:16:23.074,1.5248,1.5251,1.60,1.00
2009.09.07 01:16:25.043,1.5248,1.5251,1.00,1.00
2009.09.07 01:16:31.902,1.5248,1.5251,2.40,1.00
2009.09.07 01:16:34.241,1.5248,1.52515,2.40,1.40
2009.09.07 01:16:35.161,1.5248,1.5251,2.40,1.00
2009.09.07 01:16:35.511,1.5248,1.52515,2.40,1.40
2009.09.07 01:16:36.250,1.5248,1.5251,2.40,1.00
2009.09.07 01:16:36.960,1.5248,1.5251,3.20,1.00
2009.09.07 01:16:37.250,1.5248,1.52515,3.20,1.40
2009.09.07 01:16:37.990,1.5248,1.5251,3.20,1.00
2009.09.07 01:16:39.770,1.5248,1.5251,2.40,1.00
2009.09.07 01:16:41.779,1.5248,1.52505,2.40,1.00
2009.09.07 01:16:42.109,1.5248,1.5251,3.20,1.00
2009.09.07 01:16:42.749,1.52485,1.5252,1.40,1.00
2009.09.07 01:16:42.909,1.5249,1.52525,2.40,1.60
2009.09.07 01:16:43.129,1.5249,1.5252,2.40,1.00
2009.09.07 01:16:43.349,1.5249,1.5252,3.80,1.00
2009.09.07 01:16:43.469,1.52495,1.5252,1.00,1.00
2009.09.07 01:16:44.049,1.5249,1.52525,4.80,1.60
2009.09.07 01:16:44.698,1.52495,1.5252,2.40,1.00
2009.09.07 01:16:44.928,1.525,1.52545,1.60,2.40
2009.09.07 01:16:45.168,1.525,1.52525,1.60,1.00
2009.09.07 01:16:47.678,1.525,1.52515,1.60,1.60
2009.09.07 01:16:48.018,1.52475,1.52515,3.60,1.40
2009.09.07 01:16:48.718,1.52475,1.5251,3.60,1.00
2009.09.07 01:16:49.007,1.52475,1.52515,3.60,1.40
2009.09.07 01:16:50.557,1.5249,1.52515,1.00,1.40
2009.09.07 01:16:50.907,1.5249,1.52525,4.80,1.40
2009.09.07 01:16:51.257,1.52495,1.52525,2.40,1.40
2009.09.07 01:16:51.597,1.525,1.52525,1.60,1.40
2009.09.07 01:16:51.897,1.5249,1.52515,4.00,1.40
2009.09.07 01:16:53.496,1.5249,1.52515,4.00,1.60
2009.09.07 01:16:53.906,1.5249,1.52515,4.00,1.40
2009.09.07 01:16:58.775,1.5249,1.52515,4.00,1.60
2009.09.07 01:16:59.115,1.525,1.52525,1.60,1.40
2009.09.07 01:17:01.275,1.525,1.52515,1.60,1.40
2009.09.07 01:17:02.554,1.52495,1.52515,2.40,1.40
2009.09.07 01:17:03.354,1.5249,1.52515,4.00,1.40
2009.09.07 01:17:07.563,1.52495,1.52525,1.00,1.40
2009.09.07 01:17:09.123,1.5249,1.52525,5.20,1.40
2009.09.07 01:17:09.403,1.5249,1.52525,4.80,1.40
2009.09.07 01:17:10.602,1.5249,1.52515,4.00,1.40
2009.09.07 01:17:10.832,1.5249,1.52515,4.00,1.60
2009.09.07 01:17:11.232,1.5249,1.52515,4.00,1.40
2009.09.07 01:17:12.472,1.5249,1.52515,4.00,1.60
2009.09.07 01:17:12.802,1.5249,1.52515,4.00,1.40
2009.09.07 01:17:13.392,1.5249,1.52525,5.40,1.00
2009.09.07 01:17:13.452,1.52495,1.52525,1.00,1.00
2009.09.07 01:17:14.262,1.525,1.52525,1.00,1.00
2009.09.07 01:17:15.561,1.525,1.5252,1.00,1.00
2009.09.07 01:17:16.531,1.52495,1.5252,1.20,1.00
2009.09.07 01:17:16.871,1.52495,1.5252,1.00,1.00
2009.09.07 01:17:17.581,1.52495,1.5252,3.20,1.00
2009.09.07 01:17:22.860,1.52495,1.5252,3.10,1.00
2009.09.07 01:17:25.259,1.52495,1.5252,1.00,1.00
2009.09.07 01:17:25.589,1.52495,1.5251,1.00,1.00
2009.09.07 01:17:25.949,1.52485,1.525,1.00,1.00
2009.09.07 01:17:26.289,1.5249,1.5251,1.00,1.00
2009.09.07 01:17:26.639,1.52485,1.52505,1.00,1.00
2009.09.07 01:17:26.968,1.52485,1.5251,1.00,1.00
2009.09.07 01:17:27.318,1.5248,1.52505,1.50,1.00
2009.09.07 01:17:27.668,1.5248,1.5251,1.50,1.00
2009.09.07 01:17:27.958,1.5248,1.525,1.60,1.00
2009.09.07 01:17:28.528,1.5248,1.52505,1.60,1.00
2009.09.07 01:17:30.867,1.5248,1.52505,3.10,1.00
2009.09.07 01:17:42.985,1.5248,1.52505,3.20,1.00
2009.09.07 01:17:44.074,1.5248,1.525,2.40,1.40
2009.09.07 01:17:44.414,1.5248,1.5249,1.00,1.00
2009.09.07 01:17:45.094,1.5248,1.52485,1.00,1.00
2009.09.07 01:17:45.714,1.5248,1.5249,1.00,1.00
2009.09.07 01:17:46.734,1.5248,1.52485,1.00,1.00
2009.09.07 01:17:47.404,1.5246,1.5248,3.00,1.00
2009.09.07 01:17:47.974,1.5248,1.5249,1.00,1.00
2009.09.07 01:17:49.073,1.5248,1.52485,1.00,1.00
2009.09.07 01:17:49.743,1.5248,1.5249,1.00,1.00
2009.09.07 01:17:54.672,1.5248,1.52485,1.00,1.00
2009.09.07 01:17:55.002,1.5248,1.5249,1.00,1.00
2009.09.07 01:17:57.081,1.5248,1.5249,1.00,1.60
2009.09.07 01:17:57.321,1.5248,1.5249,1.00,1.00
2009.09.07 01:18:01.650,1.5248,1.52485,1.00,1.60
2009.09.07 01:18:01.990,1.52435,1.52475,2.40,1.00
2009.09.07 01:18:02.340,1.5243,1.52475,5.80,1.00
2009.09.07 01:18:02.839,1.52435,1.52485,1.80,1.00
2009.09.07 01:18:03.129,1.52445,1.5249,2.60,1.60
2009.09.07 01:18:03.409,1.52445,1.5248,1.00,1.40
2009.09.07 01:18:03.749,1.5244,1.52475,5.90,1.00
2009.09.07 01:18:05.778,1.5244,1.5248,5.90,1.40
2009.09.07 01:18:05.958,1.5244,1.5248,7.50,1.40
2009.09.07 01:18:06.188,1.5244,1.52475,7.50,1.00
2009.09.07 01:18:06.358,1.5244,1.5248,7.50,1.40
2009.09.07 01:18:06.598,1.5244,1.5247,5.60,1.40
2009.09.07 01:18:06.948,1.5244,1.5247,4.80,1.60
2009.09.07 01:18:07.298,1.5244,1.5248,6.20,1.40
2009.09.07 01:18:07.998,1.5244,1.5248,7.80,1.40
2009.09.07 01:18:08.298,1.5244,1.52475,7.80,1.00
2009.09.07 01:18:08.588,1.5244,1.5248,7.80,1.40
2009.09.07 01:18:09.347,1.5244,1.5248,5.40,1.40
2009.09.07 01:18:09.697,1.5244,1.52475,5.40,1.00
2009.09.07 01:18:09.977,1.5244,1.52465,2.20,1.00
2009.09.07 01:18:10.207,1.52445,1.52475,2.20,1.00
2009.09.07 01:18:10.757,1.52445,1.52485,2.10,1.00
2009.09.07 01:18:11.407,1.52445,1.52485,2.10,2.90
2009.09.07 01:18:11.747,1.52445,1.52485,2.10,1.00
2009.09.07 01:18:12.047,1.52445,1.5249,2.10,1.60
2009.09.07 01:18:12.287,1.52445,1.52475,1.00,1.00
2009.09.07 01:18:12.816,1.5244,1.5248,5.40,1.40
2009.09.07 01:18:13.866,1.5244,1.5247,4.00,1.40
2009.09.07 01:18:14.206,1.5243,1.52455,2.10,1.00
2009.09.07 01:18:14.556,1.5242,1.5246,2.10,1.00
2009.09.07 01:18:15.246,1.5242,1.5246,2.10,1.00
2009.09.07 01:18:15.586,1.52425,1.5246,1.00,1.00
2009.09.07 01:18:16.276,1.5242,1.5246,1.40,1.00
2009.09.07 01:18:16.615,1.5242,1.52455,1.40,1.00
2009.09.07 01:18:16.966,1.5242,1.5246,1.40,1.00
2009.09.07 01:18:17.296,1.52415,1.52455,2.50,1.60
2009.09.07 01:18:17.576,1.52415,1.52455,1.80,1.60
2009.09.07 01:18:17.876,1.52415,1.52445,1.40,1.00
2009.09.07 01:18:18.105,1.52405,1.5243,2.30,1.00
2009.09.07 01:18:18.445,1.52405,1.5244,1.40,1.00
2009.09.07 01:18:18.795,1.5241,1.5244,1.40,1.00
2009.09.07 01:18:19.195,1.5241,1.52425,1.40,1.00
2009.09.07 01:18:19.535,1.5242,1.52435,1.40,1.00
2009.09.07 01:18:19.865,1.5242,1.5246,1.40,1.00
2009.09.07 01:18:20.445,1.52415,1.5246,3.80,1.60
2009.09.07 01:18:20.985,1.5242,1.5245,1.40,1.00
2009.09.07 01:18:21.555,1.5242,1.52445,1.40,1.00
2009.09.07 01:18:21.894,1.5242,1.52455,1.40,1.00
2009.09.07 01:18:22.244,1.5242,1.5245,1.40,1.00
2009.09.07 01:18:22.544,1.5242,1.52455,1.40,1.00
2009.09.07 01:18:23.184,1.5242,1.5245,1.40,1.00
2009.09.07 01:18:24.384,1.5242,1.52455,1.40,1.00
2009.09.07 01:18:25.084,1.5242,1.5245,1.40,1.00
2009.09.07 01:18:25.424,1.5242,1.52445,1.40,1.00
2009.09.07 01:18:26.553,1.5242,1.5245,1.40,1.00
2009.09.07 01:18:28.123,1.5242,1.52455,1.40,1.00
2009.09.07 01:18:29.033,1.5241,1.5244,2.20,1.00
2009.09.07 01:18:29.263,1.5241,1.5244,1.40,1.00
2009.09.07 01:18:31.462,1.52425,1.5245,1.00,1.00
2009.09.07 01:18:31.802,1.52425,1.5246,1.80,1.00
2009.09.07 01:18:32.312,1.52435,1.5246,1.40,1.00
2009.09.07 01:18:32.652,1.5242,1.52455,4.20,1.00
2009.09.07 01:18:33.002,1.5242,1.52455,3.80,1.00
2009.09.07 01:18:33.741,1.5242,1.5246,3.80,1.00
2009.09.07 01:18:34.022,1.5242,1.52445,3.80,1.00
2009.09.07 01:18:34.312,1.5242,1.52445,1.40,1.00
2009.09.07 01:18:34.601,1.52415,1.52455,1.00,1.00
2009.09.07 01:18:35.641,1.52415,1.5245,1.00,1.00
2009.09.07 01:18:35.931,1.524,1.52435,3.10,1.00
2009.09.07 01:18:36.211,1.524,1.52435,1.00,1.00
2009.09.07 01:18:36.431,1.524,1.5244,1.00,1.00
2009.09.07 01:18:36.721,1.52415,1.5244,1.40,1.00
2009.09.07 01:18:37.071,1.5241,1.52425,1.40,1.00
2009.09.07 01:18:37.411,1.5241,1.5244,1.40,1.70
2009.09.07 01:18:37.761,1.52405,1.52435,1.00,1.00
2009.09.07 01:18:37.880,1.524,1.52435,1.40,1.00
2009.09.07 01:18:38.001,1.52395,1.52435,1.40,1.60
2009.09.07 01:18:38.101,1.52395,1.52425,1.40,1.00
2009.09.07 01:18:38.450,1.52395,1.5243,1.40,1.00
2009.09.07 01:18:39.360,1.52395,1.52415,1.40,1.00
2009.09.07 01:18:39.710,1.52395,1.5243,1.40,6.10
2009.09.07 01:18:40.060,1.52395,1.5243,1.40,1.70
2009.09.07 01:18:40.420,1.5239,1.5243,1.40,1.00
2009.09.07 01:18:41.750,1.5239,1.5243,3.00,1.00
2009.09.07 01:18:42.099,1.524,1.5243,1.40,1.00
2009.09.07 01:18:42.550,1.5239,1.52435,5.40,1.40
2009.09.07 01:18:42.790,1.5239,1.52435,7.00,1.40
2009.09.07 01:18:43.129,1.5239,1.5243,7.80,1.00
2009.09.07 01:18:43.469,1.5239,1.52435,7.80,1.40
2009.09.07 01:18:44.199,1.5239,1.52435,8.20,1.40
2009.09.07 01:18:44.839,1.5239,1.52435,6.60,1.40
2009.09.07 01:18:45.349,1.5239,1.52435,6.60,1.60
2009.09.07 01:18:45.629,1.5239,1.5243,3.40,1.00
2009.09.07 01:18:45.919,1.52395,1.52435,1.00,1.60
2009.09.07 01:18:46.248,1.52395,1.5243,1.00,1.00
2009.09.07 01:18:47.688,1.52395,1.52425,1.00,1.60
2009.09.07 01:18:47.868,1.52395,1.52425,1.00,1.00
2009.09.07 01:18:48.038,1.52385,1.52425,2.20,1.60
2009.09.07 01:18:48.258,1.52385,1.5242,2.20,1.00
2009.09.07 01:18:49.908,1.52385,1.52415,1.00,1.40
2009.09.07 01:18:50.197,1.5238,1.5241,1.00,1.00
2009.09.07 01:18:51.737,1.5238,1.5241,1.10,1.00
2009.09.07 01:18:52.597,1.5239,1.5241,1.00,1.00
2009.09.07 01:18:52.827,1.5239,1.5242,1.00,1.60
2009.09.07 01:18:53.107,1.52385,1.5242,1.00,1.60
2009.09.07 01:18:53.347,1.5238,1.5242,2.50,1.60
2009.09.07 01:18:54.157,1.52385,1.5242,2.50,1.00
2009.09.07 01:18:54.396,1.52385,1.5242,1.00,1.60
2009.09.07 01:18:54.687,1.5238,1.5242,2.10,1.60
2009.09.07 01:18:55.246,1.52385,1.5242,1.80,1.00
2009.09.07 01:18:55.806,1.52385,1.52415,2.40,1.00
2009.09.07 01:18:56.156,1.5239,1.5242,1.00,1.00
2009.09.07 01:18:56.456,1.52385,1.5242,2.00,1.00
2009.09.07 01:18:56.806,1.52385,1.52415,2.00,1.00
2009.09.07 01:18:58.076,1.52385,1.5242,2.00,1.00
2009.09.07 01:18:59.505,1.52385,1.52425,2.00,1.00
2009.09.07 01:19:00.655,1.52385,1.5243,2.30,3.20
2009.09.07 01:19:02.715,1.52385,1.52425,2.30,1.00
2009.09.07 01:19:03.005,1.52385,1.5243,2.30,3.20
2009.09.07 01:19:04.644,1.52385,1.5243,4.70,3.20
2009.09.07 01:19:05.844,1.5239,1.5243,1.60,3.20
2009.09.07 01:19:06.134,1.5239,1.5243,2.20,3.20
2009.09.07 01:19:06.374,1.5239,1.5243,4.80,1.00
2009.09.07 01:19:06.664,1.524,1.5243,1.00,1.00
2009.09.07 01:19:07.024,1.524,1.52425,1.00,1.00
2009.09.07 01:19:07.733,1.52415,1.5244,2.10,1.00
2009.09.07 01:19:07.973,1.52415,1.52445,2.10,1.00
2009.09.07 01:19:08.703,1.52415,1.52445,2.50,1.00
2009.09.07 01:19:08.933,1.5242,1.52445,1.00,1.00
2009.09.07 01:19:09.283,1.5242,1.52445,2.10,1.00
2009.09.07 01:19:09.623,1.5242,1.52445,2.20,1.00
2009.09.07 01:19:10.653,1.5242,1.5245,2.20,1.70
2009.09.07 01:19:11.003,1.52425,1.5246,2.20,1.70
2009.09.07 01:19:12.033,1.52435,1.5246,2.20,1.70
2009.09.07 01:19:12.272,1.52435,1.5246,2.20,1.00
2009.09.07 01:19:12.572,1.52425,1.5246,1.90,1.00
2009.09.07 01:19:12.862,1.52425,1.5246,2.20,1.00
2009.09.07 01:19:13.162,1.5243,1.5246,1.00,1.00
2009.09.07 01:19:13.282,1.52435,1.5246,1.00,1.00
2009.09.07 01:19:13.392,1.52435,1.5246,2.20,1.00
2009.09.07 01:19:16.062,1.52435,1.5246,1.00,1.00
2009.09.07 01:19:18.311,1.52435,1.5246,1.00,1.00
2009.09.07 01:19:20.691,1.52435,1.5247,1.00,4.00
2009.09.07 01:19:21.030,1.52435,1.5246,2.10,1.00
2009.09.07 01:19:24.399,1.52445,1.5247,1.40,1.00
2009.09.07 01:19:24.559,1.52445,1.5247,2.90,1.70
2009.09.07 01:19:24.729,1.52445,1.5247,3.30,1.70
2009.09.07 01:19:24.909,1.5245,1.5247,1.00,1.70
2009.09.07 01:19:25.199,1.5245,1.5247,2.10,1.60
2009.09.07 01:19:25.559,1.5245,1.52475,2.10,1.00
2009.09.07 01:19:26.259,1.5245,1.5248,2.10,1.70
2009.09.07 01:19:27.169,1.5245,1.52475,2.10,1.00
2009.09.07 01:19:27.518,1.5245,1.5248,2.10,1.70
2009.09.07 01:19:28.268,1.5246,1.5248,2.20,1.70
2009.09.07 01:19:28.488,1.5247,1.52475,1.00,1.00
2009.09.07 01:19:28.818,1.5247,1.52485,1.00,1.00
2009.09.07 01:19:29.208,1.5246,1.52485,3.00,1.00
2009.09.07 01:19:29.558,1.5246,1.52475,1.00,1.00
2009.09.07 01:19:29.848,1.5246,1.52485,1.00,1.00
2009.09.07 01:19:30.148,1.5246,1.52475,1.00,1.00
2009.09.07 01:19:30.778,1.5246,1.52485,1.00,1.00
2009.09.07 01:19:31.068,1.5247,1.5249,1.00,4.10
2009.09.07 01:19:31.368,1.5247,1.52485,1.00,1.00
2009.09.07 01:19:31.658,1.5247,1.5249,1.00,2.50
2009.09.07 01:19:31.997,1.5247,1.5249,1.00,1.00
2009.09.07 01:19:32.388,1.5247,1.5248,1.00,1.00
2009.09.07 01:19:32.737,1.5247,1.52485,1.00,1.00
2009.09.07 01:19:33.357,1.5247,1.525,1.00,5.30
2009.09.07 01:19:33.647,1.5247,1.52485,1.00,1.00
2009.09.07 01:19:35.207,1.5247,1.52495,1.00,1.00
2009.09.07 01:19:35.907,1.5247,1.52485,1.00,1.00
2009.09.07 01:19:36.257,1.5246,1.52495,2.20,1.30
2009.09.07 01:19:36.656,1.5246,1.5248,2.20,1.00
2009.09.07 01:19:37.696,1.5246,1.52495,2.20,2.10
2009.09.07 01:19:37.986,1.5246,1.52495,1.40,2.10
2009.09.07 01:19:38.096,1.5245,1.5248,2.20,1.00
2009.09.07 01:19:40.525,1.5245,1.52475,2.20,1.00
2009.09.07 01:19:40.865,1.5246,1.52475,2.20,1.00
2009.09.07 01:19:43.675,1.5246,1.5248,2.20,1.00
2009.09.07 01:19:45.624,1.5246,1.5249,2.20,2.10
2009.09.07 01:19:46.204,1.5246,1.5248,2.20,1.00
2009.09.07 01:19:48.224,1.52465,1.5248,1.00,1.00
2009.09.07 01:19:51.343,1.52465,1.5249,1.00,1.70
2009.09.07 01:19:52.043,1.52465,1.5249,1.00,1.60
2009.09.07 01:19:52.342,1.52465,1.5249,1.00,1.70
2009.09.07 01:20:00.141,1.52475,1.5249,1.00,1.00
2009.09.07 01:20:00.541,1.52475,1.525,1.00,4.10
2009.09.07 01:20:01.080,1.52475,1.5249,1.00,1.00
2009.09.07 01:20:01.310,1.52475,1.525,1.00,1.70
2009.09.07 01:20:02.060,1.52475,1.525,1.00,1.00
2009.09.07 01:20:02.770,1.52475,1.5249,1.00,1.00
2009.09.07 01:20:03.640,1.52475,1.525,1.00,1.00
2009.09.07 01:20:07.309,1.52475,1.52495,1.00,1.00
2009.09.07 01:20:07.609,1.52475,1.5249,1.00,1.00
2009.09.07 01:20:07.829,1.52475,1.52495,1.00,1.00
2009.09.07 01:20:08.479,1.5247,1.5249,1.00,1.00
2009.09.07 01:20:08.719,1.52465,1.5249,1.20,1.00
2009.09.07 01:20:08.889,1.52465,1.5249,1.00,1.00
2009.09.07 01:20:09.109,1.5246,1.5249,1.00,1.00
2009.09.07 01:20:09.568,1.52465,1.5249,1.00,1.00
2009.09.07 01:20:09.808,1.52465,1.52495,2.20,1.00
2009.09.07 01:20:10.098,1.52475,1.52495,1.00,1.00
2009.09.07 01:20:11.898,1.52485,1.52505,1.00,1.00
2009.09.07 01:20:13.918,1.52485,1.5252,1.00,1.60
2009.09.07 01:20:15.027,1.5249,1.5253,2.20,6.40
2009.09.07 01:20:15.267,1.5249,1.5253,1.40,3.20
2009.09.07 01:20:15.547,1.5249,1.52525,1.00,1.40
2009.09.07 01:20:15.777,1.52485,1.52525,1.00,1.60
2009.09.07 01:20:16.007,1.52485,1.5251,1.00,1.00
2009.09.07 01:20:16.367,1.52485,1.5252,1.00,1.00
2009.09.07 01:20:16.717,1.52485,1.5251,1.00,1.00
2009.09.07 01:20:18.816,1.52475,1.52505,2.20,1.00
2009.09.07 01:20:19.106,1.52475,1.5251,2.20,1.00
2009.09.07 01:20:20.436,1.52475,1.52505,2.20,1.00
2009.09.07 01:20:20.906,1.52475,1.5251,2.20,1.00
2009.09.07 01:20:21.346,1.52475,1.52505,2.20,1.00
2009.09.07 01:20:21.876,1.52475,1.52515,2.20,1.80
2009.09.07 01:20:22.225,1.5249,1.5252,2.20,1.60
2009.09.07 01:20:22.565,1.5249,1.52525,2.20,1.00
2009.09.07 01:20:22.855,1.5249,1.5253,2.20,3.20
2009.09.07 01:20:23.195,1.5249,1.5253,2.20,1.60
2009.09.07 01:20:23.495,1.525,1.5254,2.20,6.80
2009.09.07 01:20:23.785,1.525,1.5254,2.20,3.60
2009.09.07 01:20:24.125,1.525,1.5254,2.20,3.20
2009.09.07 01:20:25.545,1.525,1.52525,2.20,1.00
2009.09.07 01:20:25.895,1.525,1.52535,2.20,1.00
2009.09.07 01:20:26.064,1.525,1.52525,2.20,1.00
2009.09.07 01:20:27.404,1.525,1.5253,2.20,2.00
2009.09.07 01:20:28.684,1.5249,1.5253,1.90,3.60
2009.09.07 01:20:29.074,1.5249,1.5252,2.20,1.00
2009.09.07 01:20:29.424,1.5249,1.5253,2.20,6.00
2009.09.07 01:20:29.764,1.5249,1.5252,2.20,1.00
2009.09.07 01:20:30.233,1.5249,1.5253,2.20,6.00
2009.09.07 01:20:30.454,1.5248,1.52515,2.20,1.00
2009.09.07 01:20:30.743,1.5248,1.5251,2.20,1.00
2009.09.07 01:20:31.084,1.5248,1.5251,1.40,1.00
2009.09.07 01:20:31.373,1.5248,1.52515,1.40,1.70
2009.09.07 01:20:31.943,1.52475,1.5251,2.20,1.70
2009.09.07 01:20:32.233,1.52475,1.5251,1.40,5.70
2009.09.07 01:20:33.383,1.52475,1.5251,1.40,5.60
2009.09.07 01:20:33.733,1.52475,1.5251,1.40,5.70
2009.09.07 01:20:34.323,1.52475,1.5251,1.40,5.60
2009.09.07 01:20:34.972,1.52475,1.52505,1.40,1.00
2009.09.07 01:20:35.312,1.52465,1.52505,1.90,1.40
2009.09.07 01:20:35.712,1.52455,1.525,1.10,1.60
2009.09.07 01:20:36.052,1.52455,1.5249,1.00,1.00
2009.09.07 01:20:36.752,1.52455,1.5249,1.00,2.90
2009.09.07 01:20:37.102,1.5245,1.5249,1.40,6.80
2009.09.07 01:20:37.732,1.5245,1.5248,1.40,1.00
2009.09.07 01:20:38.082,1.5244,1.5248,1.40,1.60
2009.09.07 01:20:38.412,1.5244,1.5248,1.40,5.00
2009.09.07 01:20:38.531,1.5245,1.5248,1.40,3.20
2009.09.07 01:20:38.701,1.52455,1.5248,1.40,1.60
2009.09.07 01:20:38.871,1.5246,1.5248,1.40,1.60
2009.09.07 01:20:39.051,1.5246,1.5249,1.40,4.90
2009.09.07 01:20:39.501,1.5246,1.5249,1.40,4.80
2009.09.07 01:20:39.841,1.5246,1.5249,1.40,4.90
2009.09.07 01:20:40.192,1.5246,1.5249,1.40,3.30
2009.09.07 01:20:40.541,1.5246,1.5249,1.40,3.20
2009.09.07 01:20:41.241,1.52455,1.5249,2.50,1.60
2009.09.07 01:20:41.591,1.5246,1.525,2.00,4.00
2009.09.07 01:20:42.641,1.5246,1.52485,2.00,1.00
2009.09.07 01:20:42.990,1.5246,1.52495,2.00,1.00
2009.09.07 01:20:44.860,1.5246,1.525,2.00,1.00
2009.09.07 01:20:45.280,1.5246,1.52495,2.00,1.00
2009.09.07 01:20:48.209,1.5246,1.525,2.00,1.00
2009.09.07 01:20:48.889,1.52465,1.52495,1.40,1.00
2009.09.07 01:20:52.358,1.52465,1.525,1.40,1.70
2009.09.07 01:20:52.648,1.5246,1.525,1.40,1.70
2009.09.07 01:20:55.667,1.5246,1.52495,1.40,1.00
2009.09.07 01:20:57.597,1.5246,1.525,1.40,2.10
2009.09.07 01:20:57.887,1.5246,1.52495,1.40,1.00
2009.09.07 01:20:58.407,1.52465,1.525,1.40,2.10
2009.09.07 01:20:58.647,1.52465,1.52495,1.40,1.00
2009.09.07 01:20:58.877,1.52455,1.52485,1.40,1.00
2009.09.07 01:21:01.586,1.5245,1.52485,1.40,1.00
2009.09.07 01:21:01.936,1.52435,1.52485,2.20,2.00
2009.09.07 01:21:03.146,1.52435,1.5248,2.20,1.00
2009.09.07 01:21:03.486,1.52435,1.52475,1.40,1.40
2009.09.07 01:21:06.555,1.52435,1.52475,2.10,1.60
2009.09.07 01:21:06.785,1.5243,1.5247,1.40,1.40
2009.09.07 01:21:07.055,1.5244,1.5247,1.00,1.40
2009.09.07 01:21:07.285,1.5245,1.5248,2.10,1.60
2009.09.07 01:21:08.144,1.5245,1.5248,1.40,1.00
2009.09.07 01:21:09.084,1.5245,1.52485,1.40,2.50
2009.09.07 01:21:11.114,1.5244,1.52475,1.00,1.40
2009.09.07 01:21:11.234,1.52435,1.52475,2.10,1.40
2009.09.07 01:21:13.703,1.5244,1.5248,1.40,1.60
2009.09.07 01:21:14.043,1.5245,1.5249,1.40,8.40
2009.09.07 01:21:14.383,1.5245,1.5249,1.40,6.80
2009.09.07 01:21:15.243,1.5245,1.5249,1.40,6.00
2009.09.07 01:21:18.322,1.5244,1.52485,1.90,1.80
2009.09.07 01:21:18.722,1.5244,1.52485,2.20,1.80
2009.09.07 01:21:19.262,1.5244,1.52485,2.20,1.40
2009.09.07 01:21:21.981,1.5244,1.5248,2.20,1.40
2009.09.07 01:21:22.971,1.5244,1.5248,2.20,1.60
2009.09.07 01:21:28.010,1.5244,1.5248,2.20,1.40
2009.09.07 01:21:28.969,1.5244,1.5248,2.20,1.60
2009.09.07 01:21:32.338,1.5244,1.5248,2.20,1.40
2009.09.07 01:21:41.466,1.5244,1.5248,2.20,1.80
2009.09.07 01:21:42.156,1.5244,1.5248,2.20,2.00
2009.09.07 01:21:42.976,1.5244,1.5248,2.20,1.80
2009.09.07 01:21:43.316,1.5244,1.5248,2.20,1.60
2009.09.07 01:21:47.005,1.5244,1.52475,2.20,1.00
2009.09.07 01:21:48.405,1.5244,1.52475,2.20,1.00
2009.09.07 01:21:48.575,1.5244,1.52465,2.20,1.00
2009.09.07 01:21:48.694,1.5244,1.52475,2.20,1.00
2009.09.07 01:21:49.824,1.5244,1.52465,2.20,1.00
2009.09.07 01:21:50.404,1.5244,1.52475,2.20,1.00
2009.09.07 01:21:50.794,1.5244,1.5247,2.20,1.00
2009.09.07 01:21:52.114,1.5244,1.5247,2.20,1.00
2009.09.07 01:21:52.454,1.5244,1.5248,2.20,3.60
2009.09.07 01:21:53.314,1.5244,1.5247,2.20,1.00
2009.09.07 01:21:53.943,1.5244,1.52475,2.20,1.00
2009.09.07 01:21:54.923,1.5244,1.5247,1.00,1.40
2009.09.07 01:21:55.263,1.52435,1.52465,1.00,1.00
2009.09.07 01:21:55.843,1.5244,1.52465,2.20,1.00
2009.09.07 01:21:56.013,1.5244,1.5246,2.20,1.00
2009.09.07 01:21:56.133,1.5244,1.52465,2.20,1.00
2009.09.07 01:21:57.472,1.5244,1.52455,1.00,1.00
2009.09.07 01:21:58.043,1.5244,1.5246,1.00,1.00
2009.09.07 01:21:58.212,1.5244,1.52465,1.00,1.00
2009.09.07 01:21:58.432,1.52435,1.52465,1.00,1.00
2009.09.07 01:21:58.762,1.5243,1.52465,2.20,1.00
2009.09.07 01:21:59.282,1.5243,1.5246,2.20,1.00
2009.09.07 01:21:59.572,1.5243,1.52455,2.20,1.00
2009.09.07 01:21:59.912,1.5243,1.5246,2.20,1.00
2009.09.07 01:22:01.342,1.5243,1.52455,2.20,1.00
2009.09.07 01:22:01.691,1.5243,1.5246,2.20,1.00
2009.09.07 01:22:02.041,1.5243,1.52455,2.20,1.00
2009.09.07 01:22:02.341,1.5243,1.52465,2.20,1.00
2009.09.07 01:22:03.361,1.5243,1.5246,2.20,1.00
2009.09.07 01:22:03.701,1.5243,1.52465,2.20,1.00
2009.09.07 01:22:09.750,1.52445,1.52475,2.20,1.00
2009.09.07 01:22:11.149,1.52445,1.5248,2.20,1.70
2009.09.07 01:22:11.439,1.5245,1.5248,1.00,1.00
2009.09.07 01:22:15.278,1.52455,1.5248,2.20,1.00
2009.09.07 01:22:15.608,1.52455,1.52485,2.20,1.00
2009.09.07 01:22:18.327,1.52455,1.5249,2.20,1.60
2009.09.07 01:22:18.787,1.52455,1.52495,2.20,1.00
2009.09.07 01:22:19.697,1.52455,1.5249,2.20,1.00
2009.09.07 01:22:23.906,1.52455,1.52485,1.00,1.00
2009.09.07 01:22:24.016,1.52455,1.52485,1.00,1.60
2009.09.07 01:22:24.366,1.52455,1.5248,1.00,1.00
2009.09.07 01:22:24.476,1.52445,1.5248,1.00,1.00
2009.09.07 01:22:24.766,1.5244,1.5248,3.80,1.00
2009.09.07 01:22:27.755,1.52445,1.5248,1.00,1.00
2009.09.07 01:22:28.095,1.5245,1.5248,1.40,1.00
2009.09.07 01:22:30.605,1.52455,1.5248,2.20,1.00
2009.09.07 01:22:33.514,1.52465,1.5249,1.00,1.00
2009.09.07 01:22:33.744,1.52465,1.525,2.10,1.00
2009.09.07 01:22:34.204,1.52455,1.525,2.20,1.60
2009.09.07 01:22:34.434,1.52455,1.5249,2.20,1.00
2009.09.07 01:22:35.233,1.52455,1.52475,1.40,1.00
2009.09.07 01:22:35.593,1.52455,1.5248,2.20,1.00
2009.09.07 01:22:38.732,1.52455,1.5249,2.10,1.00
2009.09.07 01:22:38.913,1.52455,1.52485,2.10,1.00
2009.09.07 01:22:39.143,1.52455,1.5249,2.10,1.00
2009.09.07 01:22:39.312,1.52455,1.52485,2.10,1.00
2009.09.07 01:22:39.602,1.52455,1.5249,2.10,1.00
2009.09.07 01:22:39.882,1.52455,1.52485,2.10,1.00
2009.09.07 01:22:40.452,1.5245,1.52485,1.40,1.00
2009.09.07 01:22:41.482,1.52445,1.52485,2.50,1.60
2009.09.07 01:22:41.832,1.52445,1.5248,2.10,1.00
2009.09.07 01:22:42.821,1.52445,1.5248,2.10,1.00
2009.09.07 01:22:43.881,1.52445,1.5248,2.50,1.00
2009.09.07 01:22:43.992,1.5245,1.5248,1.40,1.00
2009.09.07 01:22:46.601,1.5245,1.52485,1.40,1.00
2009.09.07 01:22:47.630,1.5245,1.52485,1.40,1.00
2009.09.07 01:22:51.529,1.52455,1.5249,1.40,2.50
2009.09.07 01:22:51.909,1.52455,1.52485,1.40,1.00
2009.09.07 01:22:52.249,1.52455,1.5249,1.40,2.10
2009.09.07 01:22:52.599,1.52455,1.5248,1.40,1.00
2009.09.07 01:22:52.949,1.52455,1.5249,1.40,1.00
2009.09.07 01:22:53.309,1.52455,1.5249,1.40,1.00
2009.09.07 01:22:53.369,1.52455,1.52495,1.40,3.70
2009.09.07 01:22:53.429,1.52455,1.52495,1.40,1.30
2009.09.07 01:22:58.588,1.52455,1.52495,1.40,2.80
2009.09.07 01:22:58.758,1.52455,1.52495,2.10,2.80
2009.09.07 01:22:59.048,1.52455,1.52495,2.10,2.00
2009.09.07 01:23:00.187,1.52455,1.5249,2.10,1.00
2009.09.07 01:23:01.187,1.52455,1.5249,1.40,1.00
2009.09.07 01:23:05.596,1.52455,1.5248,1.40,1.00
2009.09.07 01:23:05.776,1.52455,1.5249,1.40,1.00
2009.09.07 01:23:06.246,1.52455,1.5249,1.40,1.00
2009.09.07 01:23:07.566,1.52455,1.5248,1.40,1.00
2009.09.07 01:23:07.956,1.52455,1.5249,1.40,1.00
2009.09.07 01:23:09.065,1.52455,1.5248,1.40,1.00
2009.09.07 01:23:09.235,1.52455,1.5249,1.40,1.00
2009.09.07 01:23:09.685,1.52455,1.5248,1.40,1.00
2009.09.07 01:23:13.504,1.52455,1.5249,1.40,1.00
2009.09.07 01:23:13.624,1.5246,1.5249,1.40,1.00
2009.09.07 01:23:13.684,1.5246,1.52495,2.20,1.00
2009.09.07 01:23:13.804,1.52455,1.52495,2.30,1.40
2009.09.07 01:23:13.905,1.5246,1.5249,1.40,1.00
2009.09.07 01:23:13.964,1.5246,1.5248,1.40,1.00
2009.09.07 01:23:14.074,1.52455,1.5248,1.90,1.00
2009.09.07 01:23:14.184,1.52455,1.5248,1.40,1.00
2009.09.07 01:23:14.244,1.52455,1.52475,1.40,1.00
2009.09.07 01:23:14.814,1.52455,1.5249,2.20,1.00
2009.09.07 01:23:15.504,1.52455,1.52475,2.20,1.00
2009.09.07 01:23:15.844,1.52455,1.5248,2.20,1.00
2009.09.07 01:23:16.184,1.52455,1.52495,2.20,2.00
2009.09.07 01:23:16.514,1.52455,1.52495,2.20,1.60
2009.09.07 01:23:17.573,1.52445,1.52485,4.60,1.60
2009.09.07 01:23:18.143,1.52445,1.52485,3.80,1.60
2009.09.07 01:23:19.133,1.5246,1.52485,1.40,1.00
2009.09.07 01:23:19.303,1.5246,1.52485,2.20,1.00
2009.09.07 01:23:19.363,1.5246,1.525,2.20,1.00
2009.09.07 01:23:23.042,1.5247,1.5251,1.40,5.20
2009.09.07 01:23:23.432,1.52475,1.5251,1.00,3.20
2009.09.07 01:23:23.842,1.52475,1.5251,1.10,3.20
2009.09.07 01:23:24.192,1.52475,1.5251,1.10,1.40
2009.09.07 01:23:24.431,1.5247,1.5251,1.90,1.60
2009.09.07 01:23:24.671,1.5247,1.5251,1.40,1.60
2009.09.07 01:23:26.781,1.5246,1.525,3.80,1.00
2009.09.07 01:23:27.291,1.5246,1.525,2.20,1.00
2009.09.07 01:23:27.641,1.5246,1.525,2.60,1.00
2009.09.07 01:23:29.370,1.5247,1.525,1.40,1.00
2009.09.07 01:23:29.711,1.52485,1.52515,1.20,1.00
2009.09.07 01:23:29.890,1.5249,1.52525,1.00,1.00
2009.09.07 01:23:30.120,1.52505,1.5252,2.80,1.00
2009.09.07 01:23:30.340,1.5251,1.5252,2.40,1.00
2009.09.07 01:23:30.510,1.5251,1.5253,2.40,1.40
2009.09.07 01:23:30.730,1.52515,1.5254,1.00,2.10
2009.09.07 01:23:31.080,1.52515,1.52545,1.20,1.40
2009.09.07 01:23:31.460,1.52515,1.5254,1.00,1.80
2009.09.07 01:23:31.800,1.52505,1.5255,2.20,1.40
2009.09.07 01:23:32.140,1.525,1.5255,1.00,1.40
2009.09.07 01:23:32.500,1.525,1.5255,2.40,1.40
2009.09.07 01:23:32.849,1.525,1.5255,1.00,1.40
2009.09.07 01:23:33.200,1.52495,1.52535,4.40,1.40
2009.09.07 01:23:33.489,1.5249,1.5253,2.20,1.00
2009.09.07 01:23:34.689,1.5249,1.5253,1.00,1.60
2009.09.07 01:23:34.919,1.52485,1.5253,2.40,2.00
2009.09.07 01:23:35.309,1.52485,1.52525,2.40,1.60
2009.09.07 01:23:35.659,1.5247,1.52515,7.40,2.00
2009.09.07 01:23:35.989,1.5247,1.52515,5.80,2.00
2009.09.07 01:23:36.369,1.5247,1.52515,6.60,1.00
2009.09.07 01:23:37.059,1.5247,1.52515,6.60,2.00
2009.09.07 01:23:37.358,1.5247,1.52515,4.00,2.00
2009.09.07 01:23:38.098,1.52485,1.5253,2.20,2.90
2009.09.07 01:23:38.388,1.52485,1.5253,2.20,1.00
2009.09.07 01:23:43.617,1.52485,1.5252,2.20,1.00
2009.09.07 01:23:44.337,1.52485,1.52525,2.20,1.00
2009.09.07 01:23:44.627,1.5249,1.52525,1.00,1.00
2009.09.07 01:23:44.857,1.52485,1.52525,2.20,1.00
2009.09.07 01:23:45.966,1.52485,1.52525,1.00,2.00
2009.09.07 01:23:46.966,1.52485,1.5252,1.00,1.00
2009.09.07 01:23:48.696,1.52475,1.52515,2.20,1.00
2009.09.07 01:23:49.226,1.52485,1.52515,1.00,1.00
2009.09.07 01:23:50.375,1.52485,1.5251,1.00,1.00
2009.09.07 01:23:51.025,1.52475,1.5251,2.20,1.00
2009.09.07 01:24:01.663,1.52475,1.5252,2.20,1.80
2009.09.07 01:24:02.003,1.52475,1.52515,2.20,1.00
2009.09.07 01:24:02.123,1.52475,1.5252,2.20,1.80
2009.09.07 01:24:04.102,1.52475,1.52515,2.20,1.00
2009.09.07 01:24:16.689,1.52485,1.5252,1.10,1.00
2009.09.07 01:24:17.029,1.52485,1.5252,1.00,1.00
2009.09.07 01:24:17.369,1.5249,1.5252,2.20,1.00
2009.09.07 01:24:20.488,1.5249,1.5253,2.20,2.10
2009.09.07 01:24:22.328,1.5249,1.52525,1.00,1.40
2009.09.07 01:24:22.627,1.5249,1.52515,1.40,1.00
2009.09.07 01:24:22.977,1.52485,1.52515,1.00,1.00
2009.09.07 01:24:23.207,1.5249,1.52525,2.20,1.00
2009.09.07 01:24:24.527,1.5249,1.52525,1.40,1.00
2009.09.07 01:24:27.306,1.52485,1.52525,1.20,1.60
2009.09.07 01:24:27.656,1.5249,1.52515,1.40,1.00
2009.09.07 01:24:28.356,1.5249,1.52525,1.40,1.00
2009.09.07 01:24:33.355,1.52485,1.52525,1.00,1.60
2009.09.07 01:24:33.535,1.5248,1.52515,2.60,1.00
2009.09.07 01:24:33.715,1.5249,1.52515,1.40,1.00
2009.09.07 01:24:33.885,1.52485,1.52515,1.20,1.00
2009.09.07 01:24:34.045,1.5249,1.52515,1.40,1.00
2009.09.07 01:24:34.385,1.5249,1.52525,1.40,1.00
2009.09.07 01:24:34.615,1.5249,1.52525,1.40,1.00
2009.09.07 01:24:34.955,1.52485,1.52515,1.00,1.00
2009.09.07 01:24:35.194,1.5248,1.52525,2.60,2.00
2009.09.07 01:24:36.134,1.5248,1.52515,2.60,1.00
2009.09.07 01:24:39.543,1.5248,1.52515,2.60,1.00
2009.09.07 01:24:46.492,1.5248,1.52515,1.10,1.60
2009.09.07 01:24:46.722,1.52475,1.5251,1.40,1.00
2009.09.07 01:24:46.892,1.52465,1.5251,2.10,2.80
2009.09.07 01:24:47.062,1.52455,1.52495,2.50,1.00
2009.09.07 01:24:47.282,1.52455,1.52495,2.60,1.00
2009.09.07 01:24:50.391,1.5246,1.525,1.00,1.60
2009.09.07 01:24:51.271,1.52465,1.52505,2.60,1.00
2009.09.07 01:24:51.561,1.52465,1.525,2.60,1.00
2009.09.07 01:24:54.680,1.52465,1.525,1.80,1.00
2009.09.07 01:24:55.410,1.5247,1.5251,1.20,5.60
2009.09.07 01:24:55.590,1.52465,1.52505,1.80,1.00
2009.09.07 01:24:55.829,1.52465,1.525,1.80,1.00
2009.09.07 01:24:56.240,1.52475,1.525,1.40,1.00
2009.09.07 01:24:56.469,1.52475,1.5251,1.40,1.60
2009.09.07 01:24:56.829,1.52475,1.5251,2.20,1.00
2009.09.07 01:25:01.598,1.52475,1.52515,2.20,1.00
2009.09.07 01:25:03.098,1.52485,1.5252,1.00,1.00
2009.09.07 01:25:03.518,1.52485,1.52515,1.00,1.00
2009.09.07 01:25:03.687,1.52485,1.5252,1.00,1.00
2009.09.07 01:25:05.517,1.52485,1.52515,1.00,1.00
2009.09.07 01:25:05.687,1.52475,1.52515,2.20,1.00
2009.09.07 01:25:42.928,1.52475,1.52515,2.20,1.00
2009.09.07 01:25:48.847,1.5248,1.5252,1.40,1.60
2009.09.07 01:25:49.597,1.52475,1.5251,1.00,1.40
2009.09.07 01:25:49.777,1.5247,1.5251,2.20,1.40
2009.09.07 01:25:50.187,1.5247,1.52505,2.20,1.00
2009.09.07 01:25:51.836,1.5247,1.5251,2.20,1.40
2009.09.07 01:25:52.476,1.5248,1.5252,1.40,4.00
2009.09.07 01:25:52.756,1.5248,1.5252,1.40,3.20
2009.09.07 01:26:00.934,1.5248,1.5252,1.40,1.60
2009.09.07 01:26:07.772,1.5248,1.5252,1.40,1.40
2009.09.07 01:26:08.122,1.5248,1.5252,1.40,1.60
2009.09.07 01:26:10.572,1.5248,1.5252,1.40,1.40
2009.09.07 01:26:10.922,1.52475,1.52515,2.20,1.00
2009.09.07 01:26:14.131,1.52475,1.52515,2.60,1.00
2009.09.07 01:26:14.191,1.5248,1.52515,1.00,1.00
2009.09.07 01:26:14.301,1.52475,1.52515,2.20,1.00
2009.09.07 01:26:16.920,1.52485,1.5252,1.00,1.00
2009.09.07 01:26:17.270,1.52485,1.52515,1.00,1.00
2009.09.07 01:26:17.610,1.52485,1.5252,1.00,1.00
2009.09.07 01:26:18.300,1.52485,1.52515,1.00,1.00
2009.09.07 01:26:18.830,1.5249,1.52525,1.00,1.00
2009.09.07 01:26:20.649,1.5249,1.5252,1.00,1.00
2009.09.07 01:26:21.409,1.5249,1.52525,1.00,1.00
2009.09.07 01:26:21.939,1.5249,1.52525,1.00,1.60
2009.09.07 01:26:23.159,1.5249,1.5252,1.00,1.00
2009.09.07 01:26:24.009,1.5249,1.52525,1.00,1.00
2009.09.07 01:26:24.298,1.52485,1.52525,4.60,1.00
2009.09.07 01:26:24.528,1.52485,1.52525,2.20,1.00
2009.09.07 01:26:25.258,1.5249,1.52525,1.80,1.00
2009.09.07 01:26:25.778,1.5249,1.52525,4.20,1.00
2009.09.07 01:26:26.768,1.5249,1.52525,6.60,1.00
2009.09.07 01:26:27.588,1.5249,1.52525,6.20,1.00
2009.09.07 01:26:27.928,1.5249,1.5253,1.80,1.00
2009.09.07 01:26:28.267,1.525,1.5252,1.00,1.00
2009.09.07 01:26:28.608,1.5251,1.5253,1.40,1.00
2009.09.07 01:26:28.947,1.5251,1.52525,1.40,1.00
2009.09.07 01:26:29.637,1.5251,1.5254,1.40,1.00
2009.09.07 01:26:31.796,1.52505,1.5254,1.40,1.00
2009.09.07 01:26:33.696,1.52505,1.52535,1.40,1.00
2009.09.07 01:26:45.963,1.52505,1.5254,1.40,1.00
2009.09.07 01:26:47.643,1.52505,1.52535,1.40,1.00
2009.09.07 01:26:51.542,1.52505,1.5254,2.20,1.00
2009.09.07 01:26:51.832,1.52505,1.5254,1.40,1.00
2009.09.07 01:26:52.341,1.52505,1.52535,1.40,1.00
2009.09.07 01:26:59.460,1.525,1.52535,2.60,1.00
2009.09.07 01:26:59.620,1.525,1.52535,2.20,1.00
2009.09.07 01:27:00.700,1.525,1.52535,2.20,1.00
2009.09.07 01:27:03.669,1.525,1.52535,1.40,1.00
2009.09.07 01:27:04.019,1.525,1.52535,2.20,1.00
2009.09.07 01:27:39.760,1.525,1.52535,1.40,1.00
2009.09.07 01:27:50.357,1.52505,1.52535,1.40,1.00
2009.09.07 01:27:50.708,1.525,1.52535,1.40,1.00
2009.09.07 01:28:00.695,1.525,1.5254,2.20,1.00
2009.09.07 01:28:02.784,1.525,1.52535,2.20,1.00
2009.09.07 01:28:09.113,1.525,1.5254,1.40,1.00
2009.09.07 01:28:09.343,1.52495,1.52535,2.20,1.40
2009.09.07 01:28:10.483,1.52495,1.52535,2.20,1.60
2009.09.07 01:28:12.352,1.525,1.52535,1.40,1.00
2009.09.07 01:28:12.652,1.525,1.5253,1.40,1.00
2009.09.07 01:28:12.942,1.525,1.52535,1.40,1.00
2009.09.07 01:28:17.791,1.52495,1.52535,2.20,1.40
2009.09.07 01:28:19.111,1.525,1.52535,1.40,1.00
2009.09.07 01:28:21.680,1.525,1.52535,2.20,1.00
2009.09.07 01:28:22.900,1.525,1.5254,2.20,1.00
2009.09.07 01:28:23.240,1.525,1.52535,2.20,1.00
2009.09.07 01:28:23.580,1.525,1.5254,2.20,1.00
2009.09.07 01:28:23.919,1.525,1.52535,2.20,1.00
2009.09.07 01:28:24.039,1.525,1.5254,2.20,1.00
2009.09.07 01:28:25.539,1.525,1.52535,2.20,1.00
2009.09.07 01:28:28.528,1.525,1.52535,1.40,1.00
2009.09.07 01:28:30.248,1.52505,1.52535,2.20,1.00
2009.09.07 01:28:43.125,1.52505,1.52535,3.00,1.00
2009.09.07 01:28:43.455,1.52515,1.5254,2.20,1.00
2009.09.07 01:28:44.205,1.52515,1.5254,2.60,1.00
2009.09.07 01:28:44.435,1.52515,1.52555,2.60,1.00
2009.09.07 01:28:46.344,1.52515,1.5255,1.10,1.40
2009.09.07 01:28:46.694,1.525,1.52535,8.10,1.00
2009.09.07 01:28:46.974,1.5251,1.52545,1.40,1.00
2009.09.07 01:28:47.914,1.5251,1.5255,1.40,1.60
2009.09.07 01:28:48.264,1.5251,1.5255,1.00,1.60
2009.09.07 01:28:49.673,1.5251,1.52545,1.00,1.00
2009.09.07 01:28:50.073,1.52505,1.52535,1.40,1.00
2009.09.07 01:28:50.243,1.525,1.52535,3.00,1.00
2009.09.07 01:28:50.403,1.5251,1.52545,1.00,1.00
2009.09.07 01:28:52.503,1.52505,1.52545,2.20,1.00
2009.09.07 01:28:54.182,1.5251,1.52545,1.40,1.00
2009.09.07 01:28:54.303,1.5251,1.5255,1.40,3.20
2009.09.07 01:28:55.332,1.52505,1.52545,1.00,1.40
2009.09.07 01:28:55.692,1.5251,1.5254,1.40,1.00
2009.09.07 01:28:56.032,1.525,1.5254,1.40,1.00
2009.09.07 01:28:56.372,1.5251,1.5255,1.40,3.20
2009.09.07 01:28:56.762,1.5251,1.5254,1.40,1.00
2009.09.07 01:28:57.101,1.5251,1.52545,1.40,1.00
2009.09.07 01:29:07.889,1.52515,1.5255,2.60,1.70
2009.09.07 01:29:08.239,1.5251,1.5255,1.40,1.60
2009.09.07 01:29:18.726,1.52505,1.5255,2.20,1.60
2009.09.07 01:29:19.066,1.52505,1.5255,2.60,1.60
2009.09.07 01:29:19.246,1.5251,1.5255,1.00,1.60
2009.09.07 01:29:19.596,1.5251,1.52545,1.00,1.00
2009.09.07 01:29:22.795,1.52505,1.52545,2.20,1.00
2009.09.07 01:29:32.663,1.525,1.52535,3.00,1.00
2009.09.07 01:29:40.521,1.525,1.52535,1.60,1.60
2009.09.07 01:29:40.701,1.5249,1.52535,6.20,1.60
2009.09.07 01:29:40.871,1.5249,1.52535,3.80,1.60
2009.09.07 01:29:41.851,1.5249,1.5253,3.80,1.00
2009.09.07 01:29:50.099,1.5249,1.52535,3.80,1.60
2009.09.07 01:29:57.717,1.5249,1.5253,3.80,1.00
2009.09.07 01:30:00.586,1.5249,1.52535,3.80,1.60
2009.09.07 01:30:00.936,1.5249,1.5253,3.80,1.00
2009.09.07 01:30:01.276,1.5249,1.52535,3.80,1.60
2009.09.07 01:30:03.576,1.5249,1.5253,2.20,1.00
2009.09.07 01:30:05.555,1.5249,1.5253,3.00,1.00
2009.09.07 01:30:05.785,1.525,1.5253,1.40,1.00
2009.09.07 01:30:06.365,1.525,1.52535,1.40,1.00
2009.09.07 01:30:06.725,1.525,1.5253,1.40,1.00
2009.09.07 01:30:07.065,1.52495,1.52535,2.20,1.60
2009.09.07 01:30:08.734,1.52495,1.5253,2.20,1.00
2009.09.07 01:30:15.912,1.52495,1.5253,1.40,1.00
2009.09.07 01:30:17.232,1.525,1.52535,1.40,1.00
2009.09.07 01:30:17.472,1.525,1.5254,1.40,1.60
2009.09.07 01:30:19.462,1.525,1.52535,1.40,1.00
2009.09.07 01:30:26.120,1.525,1.5253,1.40,1.00
2009.09.07 01:30:26.600,1.525,1.5254,1.40,1.60
2009.09.07 01:30:26.830,1.525,1.52535,1.40,1.00
2009.09.07 01:30:31.119,1.525,1.5254,1.40,1.60
2009.09.07 01:30:32.228,1.525,1.5254,1.40,1.40
2009.09.07 01:30:32.508,1.525,1.5254,1.40,1.60
2009.09.07 01:30:33.428,1.525,1.5254,1.40,1.40
2009.09.07 01:30:33.788,1.525,1.5254,1.80,1.40
2009.09.07 01:30:34.588,1.5251,1.5254,1.40,1.00
2009.09.07 01:30:36.078,1.5251,1.5255,1.40,5.40
2009.09.07 01:30:36.418,1.5251,1.5255,1.80,3.00
2009.09.07 01:30:36.817,1.5251,1.5255,1.80,1.40
2009.09.07 01:30:37.038,1.5252,1.5255,1.00,1.40
2009.09.07 01:30:37.317,1.52525,1.52555,1.00,1.00
2009.09.07 01:30:37.847,1.52515,1.52555,1.80,1.00
2009.09.07 01:30:43.576,1.5252,1.52555,1.40,1.00
2009.09.07 01:30:44.276,1.52525,1.52555,1.00,1.00
2009.09.07 01:30:44.746,1.5252,1.52555,1.40,1.00
2009.09.07 01:30:50.574,1.5252,1.52555,1.80,1.00
2009.09.07 01:30:51.494,1.5252,1.5255,1.80,1.00
2009.09.07 01:30:52.704,1.5252,1.52555,1.80,1.00
2009.09.07 01:31:00.172,1.52525,1.5256,1.00,3.60
2009.09.07 01:31:00.452,1.52525,1.5256,1.00,2.00
2009.09.07 01:31:03.821,1.5252,1.5256,2.20,2.00
2009.09.07 01:31:05.051,1.5252,1.5256,2.20,3.60
2009.09.07 01:31:11.899,1.5252,1.5256,1.80,3.60
2009.09.07 01:31:17.597,1.5252,1.5256,1.80,3.40
2009.09.07 01:31:17.778,1.5253,1.5256,1.40,2.00
2009.09.07 01:31:18.118,1.5253,1.5256,2.20,1.60
2009.09.07 01:31:19.247,1.5253,1.52565,2.20,2.50
2009.09.07 01:31:19.937,1.5253,1.52565,2.20,1.00
2009.09.07 01:31:23.816,1.5253,1.52565,1.80,1.00
2009.09.07 01:31:32.234,1.52525,1.52565,2.60,2.00
2009.09.07 01:31:33.444,1.52525,1.5256,2.60,1.00
2009.09.07 01:31:33.744,1.52525,1.5256,3.00,1.00
2009.09.07 01:31:39.222,1.5253,1.5257,1.80,3.40
2009.09.07 01:31:39.572,1.5253,1.5257,1.80,1.80
2009.09.07 01:31:46.011,1.5253,1.5257,2.60,1.80
2009.09.07 01:32:11.155,1.5253,1.5257,2.60,2.00
2009.09.07 01:32:11.445,1.5253,1.52565,1.00,1.80
2009.09.07 01:32:12.514,1.5253,1.5256,1.00,1.00
2009.09.07 01:32:22.682,1.5253,1.5256,2.40,1.00
2009.09.07 01:32:31.200,1.52535,1.5257,1.40,1.00
2009.09.07 01:32:31.610,1.52535,1.52575,1.40,1.60
2009.09.07 01:32:33.010,1.5254,1.52575,2.60,1.00
2009.09.07 01:32:33.479,1.5254,1.5258,2.60,1.00
2009.09.07 01:32:33.820,1.5254,1.5258,2.60,1.00
2009.09.07 01:32:34.169,1.5254,1.52575,2.60,1.00
2009.09.07 01:32:35.379,1.52545,1.52575,1.00,1.00
2009.09.07 01:32:38.108,1.5254,1.5257,2.60,1.00
2009.09.07 01:32:39.648,1.5254,1.52575,2.60,1.00
2009.09.07 01:32:44.197,1.5254,1.52575,2.20,1.00
2009.09.07 01:32:46.276,1.5254,1.5257,2.20,1.00
2009.09.07 01:32:46.556,1.5254,1.52575,1.80,1.00
2009.09.07 01:32:46.896,1.5254,1.52575,1.00,1.00
2009.09.07 01:32:48.676,1.5254,1.5257,1.00,1.00
2009.09.07 01:32:58.963,1.5253,1.5257,5.80,1.60
2009.09.07 01:33:00.003,1.52535,1.5257,1.40,1.00
2009.09.07 01:33:00.343,1.5253,1.5257,5.80,1.60
2009.09.07 01:33:00.703,1.52535,1.5257,1.80,1.00
2009.09.07 01:33:01.043,1.5254,1.5257,1.00,1.00
2009.09.07 01:33:02.662,1.5254,1.52575,1.00,1.00
2009.09.07 01:33:03.632,1.5254,1.5257,1.00,1.00
2009.09.07 01:33:05.412,1.5254,1.52565,1.00,1.00
2009.09.07 01:33:10.101,1.5254,1.5257,1.00,1.00
2009.09.07 01:33:15.139,1.52535,1.5257,2.20,1.00
2009.09.07 01:33:15.259,1.52535,1.5257,1.80,1.00
2009.09.07 01:33:16.479,1.52535,1.52565,1.80,1.00
2009.09.07 01:33:19.019,1.52535,1.5257,1.80,1.00
2009.09.07 01:33:20.398,1.52535,1.5256,1.80,1.00
2009.09.07 01:33:21.448,1.52535,1.52565,1.80,1.00
2009.09.07 01:33:25.617,1.52535,1.5256,1.80,1.00
2009.09.07 01:33:29.126,1.52535,1.5256,1.00,1.00
2009.09.07 01:33:29.296,1.5253,1.5256,1.60,1.00
2009.09.07 01:33:29.536,1.52525,1.5256,4.20,1.00
2009.09.07 01:33:31.846,1.5252,1.52545,2.00,1.00
2009.09.07 01:33:32.195,1.5252,1.5255,2.00,1.00
2009.09.07 01:33:32.885,1.52525,1.52545,1.40,1.00
2009.09.07 01:33:33.235,1.52515,1.52545,2.30,1.00
2009.09.07 01:33:35.594,1.5252,1.5255,1.00,1.00
2009.09.07 01:33:37.334,1.5252,1.52545,1.00,1.00
2009.09.07 01:33:38.194,1.52515,1.52545,1.80,1.00
2009.09.07 01:33:38.434,1.52515,1.5254,1.80,1.00
2009.09.07 01:33:40.173,1.52515,1.52545,1.80,1.00
2009.09.07 01:33:40.753,1.52515,1.5254,1.80,1.00
2009.09.07 01:33:40.983,1.525,1.5253,5.80,1.00
2009.09.07 01:33:41.203,1.5251,1.5253,1.40,1.00
2009.09.07 01:33:41.443,1.525,1.5253,3.40,1.00
2009.09.07 01:33:42.133,1.525,1.52535,3.40,1.00
2009.09.07 01:33:42.363,1.525,1.5253,1.80,1.00
2009.09.07 01:33:43.792,1.525,1.52535,1.80,1.00
2009.09.07 01:33:44.152,1.525,1.5253,1.80,1.00
2009.09.07 01:33:46.102,1.525,1.5254,1.80,2.00
2009.09.07 01:33:46.342,1.525,1.5253,1.80,1.00
2009.09.07 01:33:50.651,1.525,1.52535,1.80,1.00
2009.09.07 01:33:50.821,1.525,1.5253,1.80,1.00
2009.09.07 01:33:51.171,1.525,1.52535,1.80,1.00
2009.09.07 01:33:55.280,1.525,1.52535,3.40,1.00
2009.09.07 01:33:56.649,1.525,1.5253,3.40,1.00
2009.09.07 01:34:01.578,1.5251,1.5253,1.60,1.00
2009.09.07 01:34:02.208,1.52505,1.5253,2.40,1.00
2009.09.07 01:34:04.428,1.525,1.5253,3.40,1.00
2009.09.07 01:34:04.647,1.525,1.5253,1.00,1.00
2009.09.07 01:34:04.828,1.52495,1.5253,1.80,1.00
2009.09.07 01:34:05.227,1.525,1.5253,2.40,1.00
2009.09.07 01:34:05.507,1.525,1.5253,4.00,1.00
2009.09.07 01:34:09.606,1.525,1.52525,4.00,1.00
2009.09.07 01:34:10.416,1.5251,1.5255,1.60,1.60
2009.09.07 01:34:13.466,1.5251,1.5254,1.60,1.00
2009.09.07 01:34:17.045,1.5252,1.5255,1.40,1.00
2009.09.07 01:34:17.215,1.5252,1.5256,1.40,1.60
2009.09.07 01:34:17.384,1.52515,1.52555,1.00,1.40
2009.09.07 01:34:17.544,1.5251,1.52545,3.40,1.00
2009.09.07 01:34:17.724,1.5252,1.52545,1.40,1.00
2009.09.07 01:34:18.014,1.5251,1.52545,5.80,1.00
2009.09.07 01:34:18.364,1.5252,1.52555,1.40,1.00
2009.09.07 01:34:21.004,1.5252,1.52555,1.80,1.00
2009.09.07 01:34:21.523,1.5252,1.52555,1.40,1.00
2009.09.07 01:34:23.523,1.52515,1.52555,2.80,1.60
2009.09.07 01:34:23.873,1.5251,1.5255,5.80,1.00
2009.09.07 01:34:24.213,1.5251,1.52545,5.80,1.00
2009.09.07 01:34:24.743,1.5251,1.52545,6.60,1.00
2009.09.07 01:34:25.022,1.52515,1.52545,1.00,1.00
2009.09.07 01:34:25.533,1.5251,1.52545,5.80,1.00
2009.09.07 01:34:28.782,1.52515,1.52545,1.00,1.00
2009.09.07 01:34:29.472,1.5251,1.52545,5.80,1.00
2009.09.07 01:34:32.311,1.5251,1.52545,6.60,1.00
2009.09.07 01:34:32.601,1.52515,1.52555,1.00,1.60
2009.09.07 01:34:32.891,1.52515,1.52545,1.00,1.00
2009.09.07 01:34:33.420,1.5251,1.52545,5.80,1.00
2009.09.07 01:34:38.939,1.52515,1.52545,1.00,1.00
2009.09.07 01:34:39.289,1.52515,1.5255,1.80,1.00
2009.09.07 01:34:40.639,1.52515,1.52555,1.80,1.00
2009.09.07 01:34:41.389,1.52515,1.52555,2.60,1.00
2009.09.07 01:34:41.558,1.5252,1.5256,1.00,1.40
2009.09.07 01:34:41.728,1.52525,1.52555,1.40,1.00
2009.09.07 01:34:41.958,1.52515,1.52555,1.80,1.00
2009.09.07 01:34:44.448,1.52515,1.5255,1.80,1.00
2009.09.07 01:34:49.557,1.52515,1.5255,2.60,1.00
2009.09.07 01:34:49.727,1.52525,1.52565,1.40,1.60
2009.09.07 01:34:49.846,1.52525,1.52565,1.40,2.00
2009.09.07 01:34:50.017,1.52515,1.52555,1.80,1.00
2009.09.07 01:34:50.186,1.52515,1.52555,2.60,1.00
2009.09.07 01:34:50.366,1.52515,1.5255,4.20,1.00
2009.09.07 01:34:50.656,1.52525,1.52555,1.40,1.00
2009.09.07 01:34:51.006,1.52515,1.5255,1.80,1.00
2009.09.07 01:35:01.874,1.52515,1.52555,2.60,1.00
2009.09.07 01:35:02.224,1.52525,1.52565,1.40,1.40
2009.09.07 01:35:02.454,1.52515,1.52555,3.40,1.00
2009.09.07 01:35:02.693,1.52525,1.52565,1.40,1.40
2009.09.07 01:35:03.153,1.52525,1.52565,1.40,1.60
2009.09.07 01:35:03.373,1.52525,1.52565,1.40,1.40
2009.09.07 01:35:06.822,1.52525,1.52565,1.40,1.60
2009.09.07 01:35:07.001,1.5253,1.52565,1.40,1.00
2009.09.07 01:35:07.231,1.5253,1.5257,1.40,3.20
2009.09.07 01:35:07.401,1.5252,1.52555,1.80,1.00
2009.09.07 01:35:07.571,1.52525,1.52555,1.40,1.00
2009.09.07 01:35:07.791,1.52525,1.52565,1.40,1.40
2009.09.07 01:35:07.961,1.52515,1.52555,3.40,1.00
2009.09.07 01:35:08.321,1.52525,1.52565,1.40,1.40
2009.09.07 01:35:08.681,1.52525,1.52565,1.40,1.60
2009.09.07 01:35:13.330,1.5252,1.5256,1.00,1.40
2009.09.07 01:35:13.670,1.52515,1.5255,1.80,1.00
2009.09.07 01:35:14.020,1.52525,1.52555,1.40,1.00
2009.09.07 01:35:14.360,1.52515,1.5255,3.40,1.00
2009.09.07 01:35:14.880,1.52515,1.5255,1.80,1.00
2009.09.07 01:35:22.178,1.52525,1.5255,1.40,1.00
2009.09.07 01:35:22.408,1.52515,1.5255,3.40,1.00
2009.09.07 01:35:22.648,1.52525,1.5255,1.40,1.00
2009.09.07 01:35:22.887,1.52525,1.52565,1.40,1.60
2009.09.07 01:35:23.107,1.52525,1.52565,1.80,1.60
2009.09.07 01:35:29.946,1.52525,1.52565,1.80,1.40
2009.09.07 01:35:30.116,1.5253,1.52575,1.80,1.40
2009.09.07 01:35:33.695,1.5253,1.52575,1.80,1.60
2009.09.07 01:35:33.935,1.52525,1.52565,1.80,1.80
2009.09.07 01:35:36.764,1.52535,1.52565,1.00,1.80
2009.09.07 01:35:37.154,1.52525,1.52565,1.80,1.80
2009.09.07 01:35:37.324,1.5253,1.52565,1.00,1.80
2009.09.07 01:35:41.933,1.5252,1.52555,5.60,1.00
2009.09.07 01:35:42.163,1.5252,1.52555,4.00,1.00
2009.09.07 01:35:42.383,1.5252,1.52555,1.60,1.00
2009.09.07 01:35:42.613,1.52525,1.52565,1.80,1.40
2009.09.07 01:35:46.142,1.52525,1.5257,2.60,1.00
2009.09.07 01:35:46.312,1.5254,1.5258,1.40,3.40
2009.09.07 01:35:46.532,1.52545,1.5258,2.20,1.00
2009.09.07 01:35:46.702,1.52545,1.52585,2.60,2.40
2009.09.07 01:35:47.052,1.52555,1.5259,1.80,1.60
2009.09.07 01:35:47.402,1.52555,1.526,2.20,3.60
2009.09.07 01:35:47.742,1.52555,1.526,2.20,2.00
2009.09.07 01:35:48.482,1.5256,1.526,1.00,1.60
2009.09.07 01:35:48.811,1.52565,1.52605,1.40,1.00
2009.09.07 01:35:49.101,1.52575,1.52615,1.00,1.00
2009.09.07 01:35:49.391,1.52585,1.5261,1.20,1.00
2009.09.07 01:35:49.671,1.5258,1.5262,1.20,2.50
2009.09.07 01:35:49.911,1.52585,1.52625,4.40,1.80
2009.09.07 01:35:50.141,1.52595,1.52635,1.00,1.40
2009.09.07 01:35:50.381,1.52595,1.52635,3.20,1.40
2009.09.07 01:35:50.551,1.52595,1.5263,2.40,1.40
2009.09.07 01:35:50.791,1.5259,1.5263,3.20,1.40
2009.09.07 01:35:51.151,1.52595,1.52635,1.00,1.60
2009.09.07 01:35:51.450,1.52595,1.52635,1.40,1.60
2009.09.07 01:35:52.421,1.52585,1.52625,2.40,2.00
2009.09.07 01:35:52.700,1.5258,1.5262,6.10,1.00
2009.09.07 01:35:52.940,1.5258,1.5262,5.40,2.00
2009.09.07 01:35:53.290,1.5258,1.52615,1.60,2.00
2009.09.07 01:35:53.680,1.5257,1.52615,9.40,2.00
2009.09.07 01:35:53.980,1.5257,1.52615,6.20,2.00
2009.09.07 01:35:54.340,1.5257,1.52615,5.80,2.00
2009.09.07 01:35:55.840,1.5257,1.52605,4.40,1.40
2009.09.07 01:36:01.298,1.52555,1.5259,2.80,1.40
2009.09.07 01:36:01.478,1.52555,1.5259,2.40,1.80
2009.09.07 01:36:01.598,1.52555,1.52585,2.40,1.00
2009.09.07 01:36:01.768,1.5255,1.5259,4.20,1.80
2009.09.07 01:36:02.048,1.5255,1.5259,3.40,1.80
2009.09.07 01:36:02.338,1.5255,1.5258,3.40,1.00
2009.09.07 01:36:08.597,1.5255,1.5259,3.40,1.80
2009.09.07 01:36:08.776,1.52555,1.5259,1.40,1.00
2009.09.07 01:36:09.476,1.5257,1.52625,1.80,3.40
2009.09.07 01:36:09.806,1.5257,1.52625,1.80,3.60
2009.09.07 01:36:10.136,1.5257,1.52625,1.80,1.80
2009.09.07 01:36:15.595,1.5258,1.52615,1.00,1.80
2009.09.07 01:36:15.705,1.52575,1.52615,1.80,1.80
2009.09.07 01:36:15.815,1.52575,1.52615,3.40,1.80
2009.09.07 01:36:15.995,1.52575,1.52615,3.40,2.00
2009.09.07 01:36:16.395,1.52575,1.52615,1.80,2.00
2009.09.07 01:36:19.404,1.5259,1.5263,1.80,2.00
2009.09.07 01:36:19.704,1.5259,1.5263,3.40,1.80
2009.09.07 01:36:20.694,1.5259,1.5263,3.40,2.00
2009.09.07 01:36:21.023,1.5259,1.5263,3.40,1.80
2009.09.07 01:36:22.473,1.5259,1.5263,3.40,1.00
2009.09.07 01:36:30.761,1.5259,1.5263,3.00,1.00
2009.09.07 01:36:37.390,1.5259,1.5263,3.40,1.00
2009.09.07 01:36:38.849,1.5259,1.5263,3.40,1.00
2009.09.07 01:36:40.609,1.5259,1.5263,3.40,1.00
2009.09.07 01:36:44.588,1.5259,1.5263,1.80,1.00
2009.09.07 01:36:48.957,1.52605,1.5263,1.00,1.00
2009.09.07 01:36:49.197,1.52605,1.52635,1.80,1.00
2009.09.07 01:36:55.145,1.52605,1.52635,1.40,1.00
2009.09.07 01:36:55.385,1.526,1.52635,1.40,1.00
2009.09.07 01:36:55.615,1.52605,1.52635,1.80,1.00
2009.09.07 01:36:56.255,1.526,1.52635,1.40,1.00
2009.09.07 01:36:57.185,1.52605,1.52635,1.40,1.00
2009.09.07 01:36:57.995,1.526,1.52635,1.40,1.00
2009.09.07 01:36:58.554,1.526,1.52635,1.40,1.00
2009.09.07 01:36:58.944,1.52595,1.52635,1.40,2.20
2009.09.07 01:37:00.294,1.52595,1.52635,3.00,2.40
2009.09.07 01:37:00.514,1.52595,1.52635,1.40,2.40
2009.09.07 01:37:00.864,1.52595,1.52635,3.00,2.20
2009.09.07 01:37:09.872,1.52595,1.52635,1.40,2.20
2009.09.07 01:37:16.540,1.52595,1.5263,1.40,1.00
2009.09.07 01:37:25.218,1.52595,1.52635,1.40,2.20
2009.09.07 01:37:32.366,1.52595,1.5263,1.40,1.00
2009.09.07 01:37:36.935,1.5259,1.5262,3.00,1.00
2009.09.07 01:37:38.605,1.5259,1.52625,3.00,1.00
2009.09.07 01:37:40.934,1.52595,1.52625,1.00,1.00
2009.09.07 01:37:41.054,1.52595,1.52625,2.20,1.00
2009.09.07 01:37:42.124,1.52595,1.52635,2.20,2.60
2009.09.07 01:37:42.474,1.5261,1.52635,1.40,1.00
2009.09.07 01:37:42.644,1.5261,1.5264,2.20,1.00
2009.09.07 01:37:43.274,1.5261,1.5264,2.20,1.00
2009.09.07 01:37:45.023,1.5261,1.5264,1.40,1.00
2009.09.07 01:37:45.363,1.52605,1.5264,2.20,1.00
2009.09.07 01:37:46.293,1.5262,1.5264,1.80,1.00
2009.09.07 01:37:46.583,1.5262,1.52655,3.40,1.00
2009.09.07 01:37:46.883,1.5262,1.5266,3.40,3.00
2009.09.07 01:37:47.223,1.5262,1.5266,1.80,1.60
2009.09.07 01:37:49.752,1.5262,1.5266,1.80,3.20
2009.09.07 01:37:50.042,1.5261,1.52655,1.40,2.20
2009.09.07 01:37:50.952,1.5261,1.52655,1.40,3.00
2009.09.07 01:37:51.232,1.52605,1.52645,3.00,1.00
2009.09.07 01:37:51.562,1.52605,1.52645,1.40,2.10
2009.09.07 01:37:52.602,1.52605,1.5264,1.40,1.00
2009.09.07 01:37:53.061,1.52605,1.52645,1.40,2.30
2009.09.07 01:37:53.231,1.52605,1.52645,1.40,1.00
2009.09.07 01:37:53.871,1.526,1.5263,1.40,1.00
2009.09.07 01:37:54.521,1.526,1.5264,1.40,2.10
2009.09.07 01:37:55.101,1.52605,1.52645,1.40,1.20
2009.09.07 01:37:55.441,1.52605,1.52645,1.40,1.00
2009.09.07 01:37:56.951,1.52615,1.5264,1.40,1.00
2009.09.07 01:37:57.121,1.52615,1.5264,1.80,1.00
2009.09.07 01:37:57.300,1.52615,1.52645,1.80,1.00
2009.09.07 01:37:57.710,1.52615,1.5264,1.80,1.00
2009.09.07 01:37:58.240,1.52615,1.52645,1.80,1.00
2009.09.07 01:37:59.530,1.52615,1.5264,1.80,1.00
2009.09.07 01:38:00.729,1.52615,1.52645,1.80,1.00
2009.09.07 01:38:10.797,1.5262,1.52645,1.00,1.00
2009.09.07 01:38:11.037,1.52625,1.52655,1.40,1.00
2009.09.07 01:38:11.317,1.5263,1.52655,1.00,1.00
2009.09.07 01:38:11.557,1.5263,1.5266,1.40,2.10
2009.09.07 01:38:11.907,1.52625,1.52655,1.40,1.00
2009.09.07 01:38:15.006,1.5262,1.52655,1.40,1.00
2009.09.07 01:38:16.316,1.5263,1.52655,1.40,1.00
2009.09.07 01:38:16.486,1.5263,1.5266,1.40,1.00
2009.09.07 01:38:16.716,1.5263,1.52655,1.40,1.00
2009.09.07 01:38:17.065,1.5262,1.52655,1.40,1.00
2009.09.07 01:38:17.245,1.5263,1.52655,1.40,1.00
2009.09.07 01:38:17.485,1.5262,1.52655,1.40,1.00
2009.09.07 01:38:18.915,1.5262,1.5266,1.40,1.30
2009.09.07 01:38:19.315,1.5263,1.5265,1.40,1.00
2009.09.07 01:38:19.615,1.5263,1.5266,1.40,1.00
2009.09.07 01:38:19.895,1.5263,1.5265,1.40,1.00
2009.09.07 01:38:20.185,1.52625,1.5265,1.00,1.00
2009.09.07 01:38:20.475,1.5262,1.5266,1.40,1.00
2009.09.07 01:38:20.765,1.5262,1.5265,1.40,1.00
2009.09.07 01:38:22.744,1.5262,1.52655,1.40,1.00
2009.09.07 01:38:26.113,1.5262,1.5266,1.40,1.00
2009.09.07 01:38:26.283,1.5262,1.52655,1.40,1.00
2009.09.07 01:38:26.503,1.5262,1.52645,1.40,1.00
2009.09.07 01:38:26.903,1.5262,1.5265,1.40,1.00
2009.09.07 01:38:27.433,1.5262,1.52655,1.40,1.00
2009.09.07 01:38:28.913,1.5263,1.52655,1.40,1.00
2009.09.07 01:38:29.272,1.5263,1.52655,1.80,1.00
2009.09.07 01:38:30.303,1.5262,1.52655,3.00,1.00
2009.09.07 01:38:30.882,1.5262,1.5266,1.40,1.00
2009.09.07 01:38:31.592,1.5262,1.5266,1.40,1.00
2009.09.07 01:38:35.691,1.52625,1.5266,1.40,1.00
2009.09.07 01:38:40.310,1.52625,1.52655,1.40,1.00
2009.09.07 01:38:40.550,1.52615,1.52655,1.40,1.00
2009.09.07 01:38:41.410,1.52615,1.52645,1.40,1.00
2009.09.07 01:38:41.870,1.52615,1.5264,1.40,1.00
2009.09.07 01:38:45.129,1.52615,1.5265,1.40,1.00
2009.09.07 01:38:45.629,1.52615,1.5264,1.40,1.00
2009.09.07 01:38:46.029,1.52625,1.52645,1.40,1.00
2009.09.07 01:38:48.858,1.52625,1.5266,1.40,1.00
2009.09.07 01:38:49.028,1.52625,1.5266,1.40,1.00
2009.09.07 01:38:49.198,1.5264,1.52665,1.40,1.00
2009.09.07 01:38:49.378,1.5264,1.5267,1.80,1.00
2009.09.07 01:38:49.608,1.5264,1.5267,1.80,1.00
2009.09.07 01:38:49.938,1.5264,1.5266,1.80,1.00
2009.09.07 01:38:50.637,1.52645,1.52665,1.80,1.00
2009.09.07 01:38:50.977,1.52645,1.5266,1.80,1.00
2009.09.07 01:38:51.088,1.5265,1.5266,1.40,1.00
2009.09.07 01:38:51.947,1.5265,1.52665,1.40,1.00
2009.09.07 01:38:52.297,1.5265,1.52675,1.80,1.00
2009.09.07 01:38:56.646,1.52645,1.52675,1.80,1.00
2009.09.07 01:38:56.816,1.52645,1.5267,1.80,1.00
2009.09.07 01:38:57.166,1.52645,1.52675,1.80,1.00
2009.09.07 01:38:58.626,1.52645,1.5267,1.80,1.00
2009.09.07 01:39:02.385,1.5265,1.5267,1.00,1.00
2009.09.07 01:39:02.565,1.52655,1.52685,1.00,1.00
2009.09.07 01:39:02.735,1.5266,1.52685,1.40,1.00
2009.09.07 01:39:02.914,1.5266,1.5269,1.40,4.10
2009.09.07 01:39:03.094,1.5266,1.52685,1.40,1.00
2009.09.07 01:39:03.214,1.5265,1.52685,1.40,1.00
2009.09.07 01:39:03.394,1.52655,1.52685,1.40,1.00
2009.09.07 01:39:03.744,1.52655,1.52675,1.40,1.00
2009.09.07 01:39:04.444,1.52655,1.52685,1.40,1.00
2009.09.07 01:39:04.774,1.5267,1.5269,1.40,2.00
2009.09.07 01:39:05.124,1.5267,1.5269,1.40,1.60
2009.09.07 01:39:05.774,1.5267,1.5269,1.40,1.70
2009.09.07 01:39:06.334,1.5267,1.5269,1.40,1.60
2009.09.07 01:39:06.604,1.5266,1.5269,1.80,1.60
2009.09.07 01:39:07.004,1.5266,1.5269,1.40,1.70
2009.09.07 01:39:07.334,1.52675,1.52695,1.40,1.00
2009.09.07 01:39:07.813,1.52675,1.5271,1.40,2.10
2009.09.07 01:39:08.573,1.52675,1.5271,1.40,2.00
2009.09.07 01:39:08.693,1.52675,1.5271,1.40,2.10
2009.09.07 01:39:09.033,1.52675,1.5271,1.40,2.90
2009.09.07 01:39:09.383,1.52675,1.5271,1.40,1.30
2009.09.07 01:39:09.783,1.5269,1.5272,1.40,1.60
2009.09.07 01:39:10.023,1.5269,1.5272,1.40,1.00
2009.09.07 01:39:10.813,1.5269,1.52725,1.40,1.00
2009.09.07 01:39:11.092,1.5269,1.5273,1.40,1.60
2009.09.07 01:39:11.773,1.52695,1.5273,1.40,1.00
2009.09.07 01:39:12.532,1.52695,1.5273,1.40,1.00
2009.09.07 01:39:12.762,1.5269,1.52715,1.40,1.00
2009.09.07 01:39:12.972,1.52685,1.5273,1.40,2.40
2009.09.07 01:39:13.322,1.52685,1.5273,1.40,5.10
2009.09.07 01:39:13.682,1.52685,1.5272,1.40,1.00
2009.09.07 01:39:14.022,1.52685,1.52715,1.40,1.00
2009.09.07 01:39:14.382,1.527,1.5272,1.40,1.00
2009.09.07 01:39:14.742,1.527,1.5273,1.40,1.60
2009.09.07 01:39:15.042,1.527,1.52735,1.40,1.00
2009.09.07 01:39:16.591,1.527,1.52735,1.40,1.70
2009.09.07 01:39:16.931,1.527,1.52735,1.40,1.00
2009.09.07 01:39:18.341,1.527,1.5274,1.40,3.70
2009.09.07 01:39:19.761,1.527,1.52735,1.40,1.00
2009.09.07 01:39:20.711,1.527,1.52735,1.40,1.00
2009.09.07 01:39:20.820,1.52695,1.52735,1.40,2.00
2009.09.07 01:39:20.880,1.52695,1.5273,1.40,1.00
2009.09.07 01:39:21.261,1.52695,1.5273,1.40,1.10
2009.09.07 01:39:23.540,1.52685,1.5272,1.40,1.00
2009.09.07 01:39:23.879,1.52685,1.52725,1.40,2.60
2009.09.07 01:39:24.559,1.52685,1.5272,1.40,1.00
2009.09.07 01:39:31.748,1.52685,1.52725,1.40,2.70
2009.09.07 01:39:33.128,1.5268,1.52725,1.80,2.70
2009.09.07 01:39:33.237,1.5268,1.5272,1.80,1.00
2009.09.07 01:39:40.086,1.5268,1.52715,1.40,1.00
2009.09.07 01:39:43.945,1.5268,1.52715,1.40,1.00
2009.09.07 01:39:46.944,1.52685,1.52715,1.80,1.00
2009.09.07 01:39:47.294,1.52685,1.5273,1.80,6.70
2009.09.07 01:39:48.123,1.52685,1.5272,1.80,1.00
2009.09.07 01:39:48.764,1.52685,1.52725,1.80,1.00
2009.09.07 01:39:54.352,1.52685,1.52725,1.80,1.00
2009.09.07 01:39:56.512,1.52685,1.52725,1.80,1.00
2009.09.07 01:39:56.852,1.52685,1.52725,1.80,1.00
2009.09.07 01:39:59.251,1.5267,1.5271,1.40,1.60
2009.09.07 01:39:59.591,1.5268,1.5271,1.40,1.00
2009.09.07 01:39:59.821,1.5267,1.5271,3.40,1.60
2009.09.07 01:40:00.081,1.5268,1.52715,1.40,1.10
2009.09.07 01:40:00.311,1.5268,1.5272,1.40,8.20
2009.09.07 01:40:01.171,1.5267,1.5271,3.00,1.60
2009.09.07 01:40:01.451,1.52675,1.5272,1.40,8.20
2009.09.07 01:40:03.200,1.52675,1.5272,1.40,7.40
2009.09.07 01:40:03.740,1.52685,1.5272,1.40,3.10
2009.09.07 01:40:03.900,1.5268,1.5271,2.00,1.40
2009.09.07 01:40:04.250,1.52665,1.5271,4.20,1.40
2009.09.07 01:40:04.590,1.5267,1.5271,1.60,1.60
2009.09.07 01:40:04.920,1.52675,1.52715,1.40,1.40
2009.09.07 01:40:05.720,1.52685,1.5272,1.40,2.40
2009.09.07 01:40:06.009,1.52685,1.52725,1.40,1.40
2009.09.07 01:40:10.928,1.52685,1.52725,2.20,1.40
2009.09.07 01:40:11.098,1.5269,1.5273,1.40,4.00
2009.09.07 01:40:11.158,1.5269,1.5273,1.40,1.60
2009.09.07 01:40:11.368,1.5269,1.52735,1.40,1.40
2009.09.07 01:40:11.948,1.5269,1.5273,1.40,1.00
2009.09.07 01:40:12.598,1.52685,1.52725,3.00,1.60
2009.09.07 01:40:13.098,1.52685,1.52725,3.00,1.40
2009.09.07 01:40:13.558,1.52685,1.52725,4.60,1.40
2009.09.07 01:40:14.087,1.52685,1.52725,3.00,1.60
2009.09.07 01:40:14.478,1.52685,1.5272,3.00,1.00
2009.09.07 01:40:14.827,1.52685,1.52725,3.00,1.40
2009.09.07 01:40:15.637,1.5269,1.52735,1.40,4.40
2009.09.07 01:40:15.857,1.5269,1.5273,1.40,1.00
2009.09.07 01:40:16.197,1.5269,1.52735,1.40,2.00
2009.09.07 01:40:19.186,1.5269,1.5273,1.40,1.40
2009.09.07 01:40:19.826,1.52695,1.5274,1.40,5.30
2009.09.07 01:40:21.336,1.52695,1.5274,1.40,3.90
2009.09.07 01:40:21.636,1.52695,1.5274,1.80,3.40
2009.09.07 01:40:21.926,1.52695,1.5274,1.40,4.10
2009.09.07 01:40:22.445,1.52695,1.5274,1.40,5.70
2009.09.07 01:40:22.675,1.52695,1.5274,1.40,5.90
2009.09.07 01:40:24.885,1.52705,1.5274,1.40,3.20
2009.09.07 01:40:25.065,1.52705,1.52745,1.40,3.80
2009.09.07 01:40:25.415,1.52705,1.52745,1.40,4.20
2009.09.07 01:40:30.953,1.527,1.5274,1.60,2.10
2009.09.07 01:40:31.284,1.52695,1.5274,1.40,2.50
2009.09.07 01:40:31.624,1.52695,1.5274,1.40,4.10
2009.09.07 01:40:32.673,1.52695,1.5274,1.40,4.30
2009.09.07 01:40:33.643,1.52695,1.5274,1.40,2.10
2009.09.07 01:40:33.873,1.52695,1.5274,1.40,4.30
2009.09.07 01:40:34.172,1.52695,1.5274,1.40,5.10
2009.09.07 01:40:34.632,1.52695,1.5274,1.40,5.90
2009.09.07 01:40:36.242,1.52695,1.5274,1.40,5.50
2009.09.07 01:40:36.872,1.52695,1.5274,1.40,5.50
2009.09.07 01:40:37.222,1.52695,1.5274,3.00,5.50
2009.09.07 01:40:37.552,1.52695,1.5274,1.40,5.50
2009.09.07 01:40:39.161,1.52695,1.5274,1.40,5.50
2009.09.07 01:40:40.211,1.52695,1.5274,2.20,5.50
2009.09.07 01:40:40.551,1.52695,1.5274,1.40,5.50
2009.09.07 01:40:41.241,1.527,1.5274,1.40,4.40
2009.09.07 01:40:44.150,1.527,1.5274,1.40,4.20
2009.09.07 01:40:46.000,1.527,1.5274,1.40,4.60
2009.09.07 01:40:49.679,1.527,1.5274,1.40,4.80
2009.09.07 01:40:50.609,1.527,1.5274,1.40,4.60
2009.09.07 01:40:56.707,1.527,1.5274,1.40,4.20
2009.09.07 01:40:57.297,1.527,1.5274,1.40,4.60
2009.09.07 01:40:58.657,1.5271,1.5274,1.40,3.20
2009.09.07 01:40:59.107,1.52715,1.5275,1.40,4.80
2009.09.07 01:41:03.606,1.5271,1.52745,1.40,1.10
2009.09.07 01:41:03.825,1.527,1.5274,3.00,1.40
2009.09.07 01:41:04.065,1.527,1.5274,1.40,3.00
2009.09.07 01:41:06.215,1.5271,1.5274,1.40,1.60
2009.09.07 01:41:07.065,1.527,1.5274,3.40,3.00
2009.09.07 01:41:07.405,1.527,1.5274,3.00,3.60
2009.09.07 01:41:07.755,1.527,1.5274,1.40,3.60
2009.09.07 01:41:09.824,1.5271,1.5274,1.40,2.00
2009.09.07 01:41:10.004,1.5271,1.5274,1.40,1.60
2009.09.07 01:41:12.053,1.527,1.5274,3.00,3.20
2009.09.07 01:41:12.214,1.527,1.5274,1.40,1.60
2009.09.07 01:41:15.513,1.527,1.5274,1.40,1.40
2009.09.07 01:41:15.873,1.52715,1.52745,1.40,1.00
2009.09.07 01:41:16.452,1.52705,1.5274,1.00,1.00
2009.09.07 01:41:16.802,1.5271,1.52745,1.40,1.20
2009.09.07 01:41:19.052,1.5271,1.52745,1.40,1.00
2009.09.07 01:41:19.282,1.52715,1.52745,1.40,1.00
2009.09.07 01:41:21.331,1.5272,1.52745,1.40,1.00
2009.09.07 01:41:21.931,1.5272,1.5275,1.40,1.60
2009.09.07 01:41:22.611,1.52715,1.5275,1.40,4.00
2009.09.07 01:41:23.831,1.5272,1.5275,1.40,4.00
2009.09.07 01:41:24.281,1.52715,1.52755,1.40,4.40
2009.09.07 01:41:24.630,1.5272,1.52755,1.40,3.60
2009.09.07 01:41:24.960,1.5272,1.52755,1.40,2.80
2009.09.07 01:41:26.340,1.5272,1.5275,1.40,1.00
2009.09.07 01:41:26.510,1.5271,1.5275,2.20,2.00
2009.09.07 01:41:26.680,1.5271,1.5275,2.60,3.20
2009.09.07 01:41:26.860,1.5272,1.5275,1.40,1.60
2009.09.07 01:41:29.269,1.5272,1.5276,1.80,1.00
2009.09.07 01:41:29.569,1.5272,1.5277,1.80,6.10
2009.09.07 01:41:29.799,1.5272,1.5277,1.80,5.70
2009.09.07 01:41:31.209,1.5272,1.5277,1.80,6.10
2009.09.07 01:41:31.389,1.5272,1.52765,1.80,1.00
2009.09.07 01:41:33.298,1.52735,1.52765,1.00,1.00
2009.09.07 01:41:33.648,1.52745,1.5278,1.40,4.50
2009.09.07 01:41:33.988,1.52745,1.5278,1.40,2.10
2009.09.07 01:41:34.658,1.52735,1.5278,2.60,3.60
2009.09.07 01:41:36.537,1.52735,1.52775,2.60,1.00
2009.09.07 01:41:36.768,1.52735,1.52775,1.80,1.00
2009.09.07 01:41:37.307,1.52735,1.52775,1.80,1.00
2009.09.07 01:41:37.648,1.52735,1.52775,1.80,1.00
2009.09.07 01:41:38.097,1.5274,1.52775,1.40,1.00
2009.09.07 01:41:39.767,1.5274,1.5277,1.40,1.00
2009.09.07 01:41:40.797,1.52735,1.5277,1.40,1.00
2009.09.07 01:41:41.147,1.52735,1.52775,1.40,5.50
2009.09.07 01:41:41.436,1.52735,1.52775,1.40,5.90
2009.09.07 01:41:41.776,1.52735,1.52775,1.40,3.20
2009.09.07 01:41:42.756,1.52735,1.5277,1.40,1.00
2009.09.07 01:41:45.805,1.5273,1.5277,1.40,1.60
2009.09.07 01:41:48.675,1.52735,1.5277,1.40,1.00
2009.09.07 01:41:49.434,1.52735,1.52775,1.40,1.60
2009.09.07 01:41:49.614,1.52735,1.52775,1.40,2.00
2009.09.07 01:41:50.574,1.52735,1.52775,1.40,4.40
2009.09.07 01:41:55.573,1.52735,1.5277,1.40,1.00
2009.09.07 01:41:56.273,1.5273,1.5277,1.80,1.60
2009.09.07 01:41:56.503,1.5273,1.5277,1.40,1.40
2009.09.07 01:41:57.762,1.5273,1.5277,1.40,1.60
2009.09.07 01:42:03.101,1.5273,1.5277,1.40,2.00
2009.09.07 01:42:03.381,1.5273,1.5277,1.40,1.60
2009.09.07 01:42:06.820,1.5273,1.5277,1.40,2.00
2009.09.07 01:42:12.609,1.52745,1.5278,2.20,4.00
2009.09.07 01:42:12.849,1.52745,1.5278,1.40,1.60
2009.09.07 01:42:13.079,1.52745,1.5277,2.20,1.00
2009.09.07 01:42:13.309,1.52745,1.5277,3.00,1.00
2009.09.07 01:42:13.789,1.52745,1.5277,1.40,1.00
2009.09.07 01:42:18.357,1.5274,1.5277,1.40,1.00
2009.09.07 01:42:19.387,1.5274,1.5278,1.40,1.00
2009.09.07 01:42:25.166,1.5274,1.5278,2.20,1.00
2009.09.07 01:42:25.516,1.5275,1.52785,1.40,1.00
2009.09.07 01:42:25.856,1.5275,1.5279,1.40,3.20
2009.09.07 01:42:28.295,1.5275,1.5279,1.40,3.60
2009.09.07 01:42:44.371,1.5275,1.52785,1.40,1.00
2009.09.07 01:42:47.340,1.5275,1.5279,1.40,3.60
2009.09.07 01:42:47.510,1.5275,1.52785,1.40,1.00
2009.09.07 01:42:48.010,1.5275,1.5277,1.40,1.00
2009.09.07 01:42:49.800,1.52745,1.5277,1.40,1.00
2009.09.07 01:42:50.840,1.52745,1.5276,1.40,1.00
2009.09.07 01:42:51.949,1.52745,1.5277,1.40,1.00
2009.09.07 01:42:57.218,1.5275,1.5277,1.40,1.00
2009.09.07 01:42:59.728,1.52745,1.5277,3.00,1.00
2009.09.07 01:43:00.077,1.52745,1.5277,1.40,1.00
2009.09.07 01:43:09.895,1.52745,1.52785,1.40,1.60
2009.09.07 01:43:13.264,1.52745,1.52785,1.40,2.40
2009.09.07 01:43:14.184,1.52745,1.52785,1.40,2.20
2009.09.07 01:43:15.044,1.52745,1.52785,1.40,1.40
2009.09.07 01:43:15.384,1.52745,1.52785,1.40,1.60
2009.09.07 01:43:18.943,1.52745,1.5278,1.40,1.00
2009.09.07 01:43:19.283,1.5273,1.52765,1.60,1.40
2009.09.07 01:43:19.573,1.52725,1.52765,4.60,1.40
2009.09.07 01:43:20.132,1.52725,1.52765,3.00,1.40
2009.09.07 01:43:20.422,1.52725,1.52765,4.60,1.40
2009.09.07 01:43:24.152,1.52725,1.52765,3.00,1.60
2009.09.07 01:43:39.458,1.52725,1.5276,1.60,1.40
2009.09.07 01:43:39.638,1.52725,1.5276,1.00,1.40
2009.09.07 01:43:39.808,1.52725,1.52765,2.20,2.40
2009.09.07 01:43:39.988,1.52725,1.52765,3.00,1.60
2009.09.07 01:43:45.756,1.52725,1.52765,3.00,1.40
2009.09.07 01:43:46.056,1.52735,1.52775,1.40,3.60
2009.09.07 01:43:46.856,1.52735,1.52775,1.40,3.20
2009.09.07 01:43:53.934,1.52745,1.52775,1.40,1.60
2009.09.07 01:43:54.164,1.52745,1.52775,1.40,1.00
2009.09.07 01:43:54.284,1.52745,1.5278,1.40,1.00
2009.09.07 01:43:54.634,1.5275,1.5279,1.40,4.00
2009.09.07 01:43:56.724,1.5275,1.5279,1.40,1.60
2009.09.07 01:43:58.443,1.5275,1.52795,1.40,3.30
2009.09.07 01:43:59.013,1.5275,1.52795,1.40,3.50
2009.09.07 01:43:59.303,1.5275,1.52795,1.40,3.30
2009.09.07 01:44:00.473,1.5275,1.52795,1.40,2.80
2009.09.07 01:44:01.163,1.5275,1.5279,1.40,1.00
2009.09.07 01:44:01.463,1.5275,1.52795,1.40,2.80
2009.09.07 01:44:13.090,1.52755,1.52795,1.40,2.80
2009.09.07 01:44:13.430,1.5276,1.52795,1.40,2.40
2009.09.07 01:44:17.239,1.5276,1.528,1.40,6.00
2009.09.07 01:44:20.488,1.5276,1.52785,1.40,1.00
2009.09.07 01:44:21.718,1.52755,1.52775,1.40,1.00
2009.09.07 01:44:22.058,1.52755,1.528,1.40,1.00
2009.09.07 01:44:22.408,1.52755,1.528,1.40,1.00
2009.09.07 01:44:22.758,1.52755,1.528,1.40,1.00
2009.09.07 01:44:23.587,1.52755,1.52775,1.40,1.00
2009.09.07 01:44:31.366,1.52745,1.52765,3.40,1.00
2009.09.07 01:44:31.656,1.52745,1.52765,1.80,1.00
2009.09.07 01:44:34.755,1.52755,1.52765,1.40,1.00
2009.09.07 01:44:55.600,1.5275,1.52765,1.40,1.00
2009.09.07 01:45:00.248,1.5275,1.5276,1.40,1.00
2009.09.07 01:45:01.178,1.52755,1.52765,1.40,1.00
2009.09.07 01:45:02.118,1.52745,1.5275,1.40,1.00
2009.09.07 01:45:02.418,1.52745,1.52765,1.40,1.00
2009.09.07 01:45:03.458,1.52745,1.5275,1.40,1.00
2009.09.07 01:45:03.688,1.52745,1.52755,1.40,1.00
2009.09.07 01:45:04.157,1.52745,1.52755,2.20,1.00
2009.09.07 01:45:04.388,1.52745,1.52765,3.00,1.00
2009.09.07 01:45:04.607,1.52745,1.52755,1.40,1.00
2009.09.07 01:45:05.307,1.52745,1.52765,1.40,1.00
2009.09.07 01:45:10.086,1.52745,1.52765,1.80,1.00
2009.09.07 01:45:20.464,1.52745,1.5279,1.80,2.00
2009.09.07 01:45:36.690,1.52745,1.52785,1.80,1.80
2009.09.07 01:45:36.930,1.52745,1.52785,1.40,1.80
2009.09.07 01:45:37.100,1.52745,1.52785,1.40,5.10
2009.09.07 01:45:37.450,1.52745,1.5278,1.40,1.60
2009.09.07 01:45:37.799,1.52745,1.5278,1.40,4.00
2009.09.07 01:45:38.499,1.52745,1.5278,1.80,1.70
2009.09.07 01:45:38.849,1.52745,1.5278,1.40,1.70
2009.09.07 01:45:40.219,1.52745,1.5278,1.40,1.60
2009.09.07 01:45:40.859,1.5275,1.5278,1.40,1.60
2009.09.07 01:45:41.379,1.52745,1.52775,1.00,2.40
2009.09.07 01:45:41.669,1.5274,1.52775,1.80,2.40
2009.09.07 01:45:47.337,1.5274,1.52775,1.80,2.50
2009.09.07 01:45:50.226,1.5274,1.5278,1.80,6.70
2009.09.07 01:45:50.566,1.5274,1.52775,1.80,1.00
2009.09.07 01:45:56.895,1.5274,1.52775,1.00,1.00
2009.09.07 01:46:00.884,1.52745,1.5278,1.00,4.00
2009.09.07 01:46:03.433,1.52745,1.5278,1.80,4.00
2009.09.07 01:46:13.591,1.52745,1.5278,1.00,5.40
2009.09.07 01:46:13.941,1.5274,1.52775,1.80,2.40
2009.09.07 01:46:15.670,1.5273,1.5277,2.60,1.60
2009.09.07 01:46:17.300,1.5273,1.5277,2.60,4.00
2009.09.07 01:46:20.309,1.5273,1.5277,1.80,4.00
2009.09.07 01:46:21.969,1.52725,1.52755,1.00,1.40
2009.09.07 01:46:22.259,1.52725,1.5276,1.00,1.00
2009.09.07 01:46:22.539,1.5273,1.5277,1.00,6.20
2009.09.07 01:46:23.528,1.5274,1.5277,1.40,2.30
2009.09.07 01:46:23.638,1.5274,1.5277,1.80,1.60
2009.09.07 01:46:29.037,1.5274,1.5277,1.00,1.60
2009.09.07 01:46:29.207,1.52735,1.5277,1.60,1.60
2009.09.07 01:46:29.557,1.5273,1.5277,1.80,1.60
2009.09.07 01:46:29.907,1.5274,1.5277,1.80,1.60
2009.09.07 01:46:30.257,1.52735,1.52765,1.60,1.80
2009.09.07 01:46:30.597,1.52725,1.52765,1.80,1.80
2009.09.07 01:46:31.926,1.5273,1.5277,1.80,4.00
2009.09.07 01:46:33.266,1.5274,1.5277,1.40,4.00
2009.09.07 01:46:33.666,1.5274,1.5277,1.80,1.60
2009.09.07 01:46:37.495,1.52735,1.5277,1.60,1.60
2009.09.07 01:46:37.845,1.52725,1.52755,1.60,1.40
2009.09.07 01:46:38.195,1.52715,1.52755,3.00,3.80
2009.09.07 01:46:38.535,1.52715,1.52755,1.40,3.80
2009.09.07 01:46:38.825,1.52715,1.5275,1.40,1.60
2009.09.07 01:46:39.055,1.52725,1.5275,1.80,1.60
2009.09.07 01:46:39.335,1.52725,1.5276,1.80,4.00
2009.09.07 01:46:39.864,1.52735,1.5277,1.80,4.00
2009.09.07 01:46:41.864,1.52745,1.5277,1.80,1.60
2009.09.07 01:46:42.714,1.52745,1.52775,1.80,2.40
2009.09.07 01:46:50.982,1.52745,1.5278,1.80,4.10
2009.09.07 01:46:57.760,1.52745,1.5278,1.80,4.00
2009.09.07 01:47:03.629,1.52755,1.52765,1.80,1.00
2009.09.07 01:47:03.979,1.5276,1.528,1.80,4.00
2009.09.07 01:47:04.329,1.5276,1.5278,1.80,1.00
2009.09.07 01:47:05.608,1.52755,1.52795,1.40,1.60
2009.09.07 01:47:11.537,1.52755,1.5279,1.40,4.00
2009.09.07 01:47:11.997,1.5275,1.5279,1.00,5.40
2009.09.07 01:47:12.277,1.52755,1.52785,1.80,2.40
2009.09.07 01:47:12.497,1.52755,1.5279,1.80,1.60
2009.09.07 01:47:18.115,1.52745,1.5278,1.00,1.80
2009.09.07 01:47:18.465,1.52745,1.52775,1.00,1.00
2009.09.07 01:47:18.815,1.5274,1.52775,1.80,1.00
2009.09.07 01:47:19.325,1.52745,1.52775,1.80,1.00
2009.09.07 01:47:19.615,1.52755,1.5278,1.80,1.60
2009.09.07 01:47:19.855,1.52765,1.52795,1.40,2.80
2009.09.07 01:47:20.145,1.52755,1.52795,1.80,2.00
2009.09.07 01:47:20.435,1.52745,1.5279,3.40,1.80
2009.09.07 01:47:20.675,1.52745,1.52775,1.60,1.00
2009.09.07 01:47:21.035,1.5274,1.5278,1.80,2.00
2009.09.07 01:47:21.385,1.5274,1.52775,1.80,1.00
2009.09.07 01:47:22.994,1.5274,1.52775,2.60,1.00
2009.09.07 01:47:23.214,1.52745,1.5278,1.40,2.00
2009.09.07 01:47:23.564,1.5274,1.52775,3.40,1.00
2009.09.07 01:47:23.914,1.5274,1.52775,1.80,1.00
2009.09.07 01:47:24.264,1.5274,1.5278,1.80,3.60
2009.09.07 01:47:25.084,1.52755,1.5278,1.40,1.60
2009.09.07 01:47:25.384,1.52745,1.5279,2.60,4.00
2009.09.07 01:47:26.603,1.52755,1.5279,1.80,4.00
2009.09.07 01:47:28.253,1.52755,1.5279,1.80,4.10
2009.09.07 01:47:34.052,1.52755,1.5279,1.80,5.70
2009.09.07 01:47:34.111,1.5275,1.5279,1.40,8.80
2009.09.07 01:47:34.171,1.5275,1.52785,1.40,2.40
2009.09.07 01:47:34.461,1.5275,1.5278,1.40,1.60
2009.09.07 01:47:35.841,1.52755,1.5278,1.80,1.60
2009.09.07 01:47:36.881,1.52755,1.5278,2.60,1.60
2009.09.07 01:47:37.691,1.52755,1.5279,2.60,5.70
2009.09.07 01:47:44.059,1.52765,1.5279,1.40,5.70
2009.09.07 01:47:44.219,1.5277,1.5279,1.40,3.20
2009.09.07 01:47:44.339,1.5277,1.5279,1.80,3.20
2009.09.07 01:47:44.629,1.5277,1.5279,1.80,1.60
2009.09.07 01:47:44.749,1.5277,1.528,1.80,1.60
2009.09.07 01:47:45.779,1.52765,1.528,3.00,1.60
2009.09.07 01:47:48.088,1.52755,1.5279,1.40,1.00
2009.09.07 01:47:48.318,1.52755,1.52785,1.40,1.00
2009.09.07 01:47:48.548,1.52755,1.5278,1.40,1.00
2009.09.07 01:47:48.778,1.52745,1.5278,1.80,1.00
2009.09.07 01:47:49.938,1.5276,1.5278,1.00,1.00
2009.09.07 01:47:50.298,1.52755,1.52805,1.40,3.40
2009.09.07 01:47:50.697,1.52755,1.52805,1.40,5.80
2009.09.07 01:47:51.577,1.52755,1.528,1.40,6.00
2009.09.07 01:47:51.867,1.52755,1.52795,1.40,1.00
2009.09.07 01:47:52.167,1.52755,1.528,1.40,6.00
2009.09.07 01:47:57.356,1.52755,1.528,2.20,6.00
2009.09.07 01:47:57.526,1.5276,1.528,1.40,6.00
2009.09.07 01:47:57.646,1.5276,1.528,1.40,7.60
2009.09.07 01:47:57.996,1.5276,1.528,1.40,7.20
2009.09.07 01:47:59.185,1.5276,1.528,1.40,7.00
2009.09.07 01:47:59.415,1.5276,1.5279,1.40,1.60
2009.09.07 01:48:00.755,1.5275,1.5279,3.40,2.00
2009.09.07 01:48:00.985,1.5275,1.5279,1.80,4.40
2009.09.07 01:48:01.675,1.5275,1.5279,1.80,4.50
2009.09.07 01:48:02.205,1.5275,1.5279,1.80,4.40
2009.09.07 01:48:02.495,1.52765,1.5279,1.80,4.00
2009.09.07 01:48:02.844,1.52765,1.528,1.80,4.00
2009.09.07 01:48:03.514,1.5276,1.528,3.00,5.40
2009.09.07 01:48:03.694,1.5276,1.52795,3.00,2.40
2009.09.07 01:48:03.874,1.5276,1.5279,1.40,1.60
2009.09.07 01:48:06.384,1.5275,1.5279,1.80,2.00
2009.09.07 01:48:07.434,1.5275,1.5279,2.60,2.00
2009.09.07 01:48:07.733,1.52765,1.528,1.80,4.00
2009.09.07 01:48:09.873,1.5276,1.52795,1.40,2.40
2009.09.07 01:48:10.113,1.5276,1.5279,1.40,1.60
2009.09.07 01:48:14.092,1.52755,1.5279,1.00,1.70
2009.09.07 01:48:14.312,1.5275,1.5279,1.80,2.00
2009.09.07 01:48:14.712,1.5275,1.5279,1.80,2.10
2009.09.07 01:48:15.282,1.52765,1.5279,1.40,1.60
2009.09.07 01:48:15.642,1.52765,1.528,1.00,5.40
2009.09.07 01:48:15.991,1.5276,1.528,1.80,5.40
2009.09.07 01:48:16.341,1.52765,1.528,1.80,4.00
2009.09.07 01:48:17.031,1.5276,1.52795,1.40,2.40
2009.09.07 01:48:17.371,1.5276,1.5279,1.40,1.60
2009.09.07 01:48:17.711,1.52765,1.5279,1.80,1.60
2009.09.07 01:48:18.061,1.5275,1.5279,1.80,4.40
2009.09.07 01:48:18.431,1.5276,1.5279,1.40,4.00
2009.09.07 01:48:21.760,1.5276,1.5279,1.40,5.60
2009.09.07 01:48:22.100,1.5276,1.5279,2.20,5.60
2009.09.07 01:48:22.400,1.52755,1.5279,1.20,5.60
2009.09.07 01:48:22.760,1.52755,1.5279,1.00,6.00
2009.09.07 01:48:23.390,1.5276,1.5279,1.00,5.60
2009.09.07 01:48:23.680,1.52765,1.5279,1.00,1.60
2009.09.07 01:48:23.970,1.52765,1.5279,1.80,1.60
2009.09.07 01:48:24.949,1.5276,1.5279,1.40,1.60
2009.09.07 01:48:25.299,1.5276,1.5279,1.40,4.00
2009.09.07 01:48:27.489,1.52765,1.5279,1.40,4.00
2009.09.07 01:48:28.778,1.52765,1.5279,1.40,4.10
2009.09.07 01:48:28.999,1.52755,1.5279,1.80,4.10
2009.09.07 01:48:30.328,1.52755,1.5279,1.80,4.00
2009.09.07 01:48:30.678,1.52755,1.5279,1.40,4.50
2009.09.07 01:48:30.968,1.52755,1.5279,1.80,4.10
2009.09.07 01:48:31.318,1.5277,1.5279,1.40,1.60
2009.09.07 01:48:31.648,1.52765,1.5279,1.40,1.70
2009.09.07 01:48:32.008,1.52765,1.5279,1.40,1.60
2009.09.07 01:48:32.977,1.52765,1.5279,1.40,4.00
2009.09.07 01:48:33.857,1.52755,1.5279,1.80,4.00
2009.09.07 01:48:34.027,1.52755,1.5279,1.80,4.10
2009.09.07 01:48:35.187,1.5277,1.5279,1.80,1.60
2009.09.07 01:48:36.207,1.52765,1.5279,1.40,4.00
2009.09.07 01:48:36.676,1.52765,1.5279,1.40,4.10
2009.09.07 01:48:36.906,1.52765,1.5279,1.40,4.00
2009.09.07 01:48:38.916,1.5277,1.5279,1.40,4.00
2009.09.07 01:48:41.255,1.5277,1.5279,1.40,1.60
2009.09.07 01:48:42.825,1.52775,1.5279,1.00,1.60
2009.09.07 01:48:43.175,1.5277,1.528,1.40,1.60
2009.09.07 01:48:43.515,1.52775,1.528,1.80,1.60
2009.09.07 01:48:43.855,1.52775,1.528,1.00,1.60
2009.09.07 01:48:43.975,1.5277,1.528,1.40,4.00
2009.09.07 01:48:44.435,1.5277,1.52795,1.40,1.00
2009.09.07 01:48:44.595,1.52765,1.52795,1.00,1.00
2009.09.07 01:48:44.705,1.5276,1.52795,1.80,1.00
2009.09.07 01:48:45.274,1.5276,1.528,1.80,6.00
2009.09.07 01:48:46.244,1.52775,1.528,1.00,4.10
2009.09.07 01:48:46.534,1.52775,1.528,1.80,1.60
2009.09.07 01:48:47.334,1.52775,1.5281,1.80,4.10
2009.09.07 01:48:48.044,1.52775,1.5281,1.00,5.60
2009.09.07 01:48:48.324,1.5277,1.528,1.40,1.60
2009.09.07 01:48:49.673,1.52765,1.528,1.00,3.00
2009.09.07 01:48:49.833,1.5276,1.52795,1.80,1.00
2009.09.07 01:48:52.423,1.5276,1.528,2.60,5.80
2009.09.07 01:48:52.643,1.5276,1.52795,1.80,1.00
2009.09.07 01:48:54.072,1.52775,1.528,1.40,4.00
2009.09.07 01:48:54.392,1.52775,1.5281,1.80,4.10
2009.09.07 01:48:57.352,1.52775,1.5281,1.00,5.60
2009.09.07 01:48:57.591,1.52765,1.52805,2.60,1.00
2009.09.07 01:48:57.762,1.52765,1.5281,1.80,6.00
2009.09.07 01:48:58.401,1.52765,1.52805,1.80,1.00
2009.09.07 01:48:58.991,1.5276,1.52795,2.60,1.00
2009.09.07 01:48:59.521,1.52765,1.52805,1.80,2.40
2009.09.07 01:49:00.941,1.5277,1.52805,1.40,2.40
2009.09.07 01:49:03.320,1.5277,1.52795,1.40,1.00
2009.09.07 01:49:03.550,1.5276,1.52795,3.40,1.00
2009.09.07 01:49:03.780,1.5276,1.52795,2.60,1.00
2009.09.07 01:49:04.540,1.5277,1.528,1.00,1.00
2009.09.07 01:49:04.720,1.52775,1.52805,1.80,1.00
2009.09.07 01:49:06.559,1.5277,1.528,1.40,1.00
2009.09.07 01:49:17.007,1.5277,1.52795,1.40,1.00
2009.09.07 01:49:17.297,1.5277,1.528,1.40,1.00
2009.09.07 01:49:18.456,1.52765,1.528,1.00,4.00
2009.09.07 01:49:18.806,1.5275,1.5279,1.80,1.00
2009.09.07 01:49:19.156,1.5276,1.5279,1.40,4.50
2009.09.07 01:49:19.486,1.5276,1.5279,1.40,1.60
2009.09.07 01:49:20.496,1.5276,1.52785,1.40,1.00
2009.09.07 01:49:21.686,1.52755,1.52785,1.00,1.00
2009.09.07 01:49:21.746,1.5275,1.52785,2.20,1.00
2009.09.07 01:49:22.775,1.5276,1.52785,1.40,1.00
2009.09.07 01:49:26.914,1.52765,1.5279,1.80,1.60
2009.09.07 01:49:27.274,1.52765,1.5279,1.80,1.70
2009.09.07 01:49:28.084,1.52765,1.5279,1.80,1.60
2009.09.07 01:49:28.374,1.52765,1.5279,1.80,1.70
2009.09.07 01:49:28.674,1.52765,1.5279,1.80,1.60
2009.09.07 01:49:28.914,1.52765,1.5279,1.80,1.70
2009.09.07 01:49:29.094,1.5275,1.52785,1.80,1.00
2009.09.07 01:49:29.554,1.5276,1.5279,1.40,4.10
2009.09.07 01:49:30.184,1.52755,1.5279,1.80,4.10
2009.09.07 01:49:30.523,1.52755,1.5279,1.40,4.00
2009.09.07 01:49:31.093,1.52755,1.5279,1.40,1.70
2009.09.07 01:49:31.443,1.5276,1.5279,1.80,1.70
2009.09.07 01:49:31.723,1.5276,1.5279,1.80,1.60
2009.09.07 01:49:32.013,1.5276,1.52795,1.80,2.50
2009.09.07 01:49:33.283,1.5276,1.52795,1.80,1.00
2009.09.07 01:49:40.461,1.5277,1.52795,1.40,1.00
2009.09.07 01:49:40.691,1.5277,1.528,1.00,1.60
2009.09.07 01:49:40.861,1.5276,1.528,2.20,1.60
2009.09.07 01:49:41.741,1.5276,1.52795,2.20,1.00
2009.09.07 01:49:42.141,1.52765,1.528,1.80,1.00
2009.09.07 01:49:42.641,1.5277,1.5281,1.60,6.00
2009.09.07 01:49:42.871,1.52785,1.5281,1.40,1.00
2009.09.07 01:49:43.150,1.52785,1.52815,1.40,1.00
2009.09.07 01:49:44.470,1.52785,1.5281,1.00,1.00
2009.09.07 01:49:44.760,1.52775,1.5281,1.40,1.00
2009.09.07 01:49:45.380,1.5278,1.52815,1.40,2.40
2009.09.07 01:49:45.730,1.5278,1.5282,1.40,3.00
2009.09.07 01:49:47.409,1.5278,1.5282,1.40,1.40
2009.09.07 01:49:48.299,1.5278,1.5282,1.40,1.60
2009.09.07 01:49:48.739,1.52775,1.52815,1.00,1.80
2009.09.07 01:49:49.029,1.52765,1.5281,1.80,1.80
2009.09.07 01:49:49.659,1.5278,1.5281,1.40,1.00
2009.09.07 01:49:49.949,1.5278,1.52825,1.80,2.00
2009.09.07 01:49:50.299,1.5278,1.5281,1.00,1.00
2009.09.07 01:49:50.589,1.5277,1.5281,1.40,1.00
2009.09.07 01:49:51.529,1.5277,1.5281,2.00,1.60
2009.09.07 01:49:51.889,1.52775,1.5281,1.40,1.00
2009.09.07 01:49:52.228,1.52785,1.5281,1.80,1.00
2009.09.07 01:49:52.868,1.52785,1.52815,1.00,1.40
2009.09.07 01:49:53.108,1.5279,1.5281,1.40,1.00
2009.09.07 01:49:53.338,1.5278,1.52825,1.00,1.60
2009.09.07 01:49:53.558,1.52775,1.5283,5.80,1.40
2009.09.07 01:49:53.848,1.52785,1.5283,1.00,2.20
2009.09.07 01:49:54.078,1.5279,1.5283,1.40,2.20
2009.09.07 01:49:54.428,1.5279,1.5283,1.40,1.40
2009.09.07 01:49:55.987,1.5279,1.5283,3.00,1.40
2009.09.07 01:49:56.457,1.5279,1.5283,1.40,1.40
2009.09.07 01:49:57.147,1.5279,1.5283,3.00,1.40
2009.09.07 01:49:57.847,1.5279,1.5283,1.40,1.40
2009.09.07 01:49:58.887,1.5279,1.5283,3.00,1.40
2009.09.07 01:49:59.416,1.5279,1.5283,1.40,1.40
2009.09.07 01:49:59.936,1.528,1.52835,1.40,1.00
2009.09.07 01:50:00.167,1.52795,1.5283,1.00,1.40
2009.09.07 01:50:00.396,1.5279,1.5283,2.20,1.40
2009.09.07 01:50:00.636,1.5279,1.5283,1.40,1.40
2009.09.07 01:50:01.846,1.5279,1.52835,1.80,1.40
2009.09.07 01:50:03.805,1.528,1.5284,1.80,3.40
2009.09.07 01:50:04.025,1.528,1.5284,1.80,3.60
2009.09.07 01:50:04.195,1.5279,1.52835,4.20,1.40
2009.09.07 01:50:04.555,1.5279,1.52835,1.80,1.40
2009.09.07 01:50:08.764,1.5279,1.5283,1.80,1.40
2009.09.07 01:50:10.244,1.5279,1.5283,1.80,3.00
2009.09.07 01:50:10.684,1.5279,1.5283,2.20,1.60
2009.09.07 01:50:11.044,1.5279,1.5283,1.80,1.60
2009.09.07 01:50:11.434,1.5279,1.5283,1.80,3.00
2009.09.07 01:50:12.503,1.5279,1.5282,1.00,1.40
2009.09.07 01:50:12.623,1.5278,1.5282,3.40,1.80
2009.09.07 01:50:12.974,1.5278,1.5282,3.40,1.60
2009.09.07 01:50:13.374,1.5278,1.5282,3.40,1.40
2009.09.07 01:50:13.703,1.52795,1.5283,1.80,1.60
2009.09.07 01:50:14.053,1.52795,1.52835,1.80,1.70
2009.09.07 01:50:14.413,1.52795,1.52835,1.80,1.60
2009.09.07 01:50:15.993,1.5279,1.5283,3.00,1.40
2009.09.07 01:50:16.233,1.52805,1.5283,1.40,1.60
2009.09.07 01:50:16.522,1.5281,1.52835,1.40,2.40
2009.09.07 01:50:16.752,1.5281,1.5284,1.80,1.60
2009.09.07 01:50:17.762,1.52805,1.5284,1.40,1.60
2009.09.07 01:50:18.112,1.52805,1.5284,1.40,3.30
2009.09.07 01:50:18.532,1.52805,1.5284,1.40,3.20
2009.09.07 01:50:18.862,1.52805,1.52835,1.40,1.60
2009.09.07 01:50:20.122,1.5281,1.52835,1.00,1.60
2009.09.07 01:50:20.421,1.5281,1.5284,1.40,1.60
2009.09.07 01:50:20.651,1.52805,1.52835,1.60,1.00
2009.09.07 01:50:20.951,1.528,1.5283,1.60,1.40
2009.09.07 01:50:21.291,1.52795,1.5283,1.80,1.00
2009.09.07 01:50:21.651,1.52795,1.5283,1.80,1.60
2009.09.07 01:50:21.981,1.52795,1.52835,3.40,2.50
2009.09.07 01:50:22.321,1.52795,1.52835,1.80,2.40
2009.09.07 01:50:22.621,1.52795,1.52835,3.40,2.40
2009.09.07 01:50:23.201,1.52795,1.52835,3.40,1.00
2009.09.07 01:50:23.791,1.5281,1.52835,1.80,1.00
2009.09.07 01:50:24.061,1.5281,1.52845,1.80,1.00
2009.09.07 01:50:24.351,1.5281,1.52845,1.80,1.00
2009.09.07 01:50:24.651,1.52805,1.52835,1.80,1.00
2009.09.07 01:50:24.880,1.52805,1.52835,1.80,1.00
2009.09.07 01:50:25.161,1.52795,1.52835,3.40,1.70
2009.09.07 01:50:25.450,1.52795,1.52835,1.80,1.70
2009.09.07 01:50:26.270,1.52795,1.52835,2.60,1.70
2009.09.07 01:50:26.630,1.5281,1.52835,1.80,1.00
2009.09.07 01:50:26.980,1.5281,1.5284,1.80,1.00
2009.09.07 01:50:27.330,1.5281,1.52845,1.80,1.00
2009.09.07 01:50:27.620,1.5281,1.52845,1.80,1.20
2009.09.07 01:50:28.140,1.5282,1.52845,1.40,1.60
2009.09.07 01:50:29.229,1.52815,1.52845,2.40,1.60
2009.09.07 01:50:29.569,1.52815,1.52845,1.00,1.20
2009.09.07 01:50:29.789,1.5281,1.52845,1.80,1.20
2009.09.07 01:50:31.059,1.5281,1.52845,1.80,1.60
2009.09.07 01:50:31.759,1.52815,1.52845,1.60,1.60
2009.09.07 01:50:31.929,1.5281,1.52845,1.80,1.60
2009.09.07 01:50:32.039,1.5282,1.52845,1.40,1.60
2009.09.07 01:50:32.518,1.5282,1.52845,1.40,1.00
2009.09.07 01:50:32.868,1.5282,1.5286,1.40,3.00
2009.09.07 01:50:33.218,1.52825,1.5286,1.00,3.20
2009.09.07 01:50:33.568,1.5283,1.5286,1.40,1.70
2009.09.07 01:50:33.918,1.5283,1.5286,1.40,1.60
2009.09.07 01:50:34.038,1.5283,1.5286,1.80,1.60
2009.09.07 01:50:35.808,1.52845,1.5286,1.80,1.00
2009.09.07 01:50:36.168,1.52845,1.52865,1.80,1.00
2009.09.07 01:50:36.448,1.52845,1.52875,1.80,1.00
2009.09.07 01:50:36.688,1.5285,1.52875,1.80,1.00
2009.09.07 01:50:36.978,1.5285,1.5288,1.80,1.00
2009.09.07 01:50:37.257,1.52855,1.5288,1.40,1.00
2009.09.07 01:50:37.597,1.52855,1.5287,1.40,1.00
2009.09.07 01:50:37.937,1.5285,1.5287,1.60,1.00
2009.09.07 01:50:38.287,1.52825,1.5286,1.60,1.20
2009.09.07 01:50:38.637,1.52815,1.52855,3.40,1.00
2009.09.07 01:50:38.987,1.5283,1.52855,1.00,1.00
2009.09.07 01:50:39.327,1.5284,1.5287,1.40,1.60
2009.09.07 01:50:45.456,1.5284,1.5287,1.40,1.70
2009.09.07 01:50:45.695,1.5284,1.5287,1.40,1.60
2009.09.07 01:50:46.325,1.5284,1.5287,1.40,1.70
2009.09.07 01:50:46.685,1.5284,1.5287,1.40,1.60
2009.09.07 01:50:46.915,1.52855,1.5287,1.00,1.00
2009.09.07 01:50:47.155,1.52855,1.5288,1.80,2.50
2009.09.07 01:50:50.244,1.5284,1.52865,2.30,1.00
2009.09.07 01:50:50.544,1.52845,1.52865,1.00,1.00
2009.09.07 01:50:50.664,1.52835,1.5286,3.40,1.00
2009.09.07 01:50:50.844,1.5284,1.5287,1.40,1.00
2009.09.07 01:50:50.954,1.5283,1.5287,3.40,1.70
2009.09.07 01:50:57.483,1.5285,1.5287,1.00,1.60
2009.09.07 01:50:57.773,1.5285,1.5288,1.80,3.30
2009.09.07 01:50:58.053,1.5285,1.5288,1.80,1.70
2009.09.07 01:50:59.312,1.5285,1.5287,1.00,1.00
2009.09.07 01:50:59.492,1.5284,1.5287,1.40,1.00
2009.09.07 01:51:00.002,1.5283,1.5287,1.80,1.00
2009.09.07 01:51:00.352,1.5283,1.52875,1.80,3.20
2009.09.07 01:51:02.211,1.5283,1.5287,1.80,1.40
2009.09.07 01:51:02.622,1.5283,1.5287,1.80,2.40
2009.09.07 01:51:04.151,1.52845,1.5287,2.20,1.00
2009.09.07 01:51:04.381,1.5285,1.5287,1.00,1.00
2009.09.07 01:51:04.561,1.5285,1.52875,1.00,1.00
2009.09.07 01:51:05.191,1.5284,1.5287,3.40,1.00
2009.09.07 01:51:05.421,1.5284,1.5287,1.80,1.00
2009.09.07 01:51:05.870,1.5284,1.5287,1.40,1.00
2009.09.07 01:51:06.100,1.5284,1.52875,1.40,1.00
2009.09.07 01:51:06.690,1.52835,1.5287,1.60,1.60
2009.09.07 01:51:07.040,1.52835,1.5287,1.60,2.40
2009.09.07 01:51:07.400,1.52835,1.5287,1.60,3.20
2009.09.07 01:51:07.970,1.52845,1.5287,1.40,1.70
2009.09.07 01:51:08.200,1.5285,1.5288,1.00,4.90
2009.09.07 01:51:08.380,1.5285,1.5288,2.00,2.50
2009.09.07 01:51:08.610,1.5285,1.5288,1.20,2.50
2009.09.07 01:51:08.890,1.5285,1.52875,1.00,1.00
2009.09.07 01:51:12.799,1.52845,1.52865,1.60,1.00
2009.09.07 01:51:12.909,1.52845,1.52865,1.00,1.00
2009.09.07 01:51:13.089,1.5284,1.52865,3.00,1.00
2009.09.07 01:51:14.778,1.5284,1.52865,1.40,1.00
2009.09.07 01:51:19.337,1.52835,1.52865,2.40,1.00
2009.09.07 01:51:19.507,1.52835,1.52865,1.60,1.00
2009.09.07 01:51:26.705,1.52835,1.52865,2.00,1.00
2009.09.07 01:51:27.055,1.52835,1.52865,1.60,1.00
2009.09.07 01:51:29.265,1.52835,1.5286,1.60,1.00
2009.09.07 01:51:29.505,1.52835,1.52865,1.60,1.00
2009.09.07 01:51:29.975,1.52835,1.52865,1.00,1.70
2009.09.07 01:51:30.215,1.5283,1.52865,1.80,1.70
2009.09.07 01:51:36.233,1.5283,1.52855,1.80,1.00
2009.09.07 01:51:36.683,1.5283,1.52845,1.80,1.00
2009.09.07 01:51:37.103,1.5283,1.52855,1.80,1.00
2009.09.07 01:51:37.443,1.5283,1.5286,1.80,1.00
2009.09.07 01:51:37.783,1.5283,1.5286,1.80,1.00
2009.09.07 01:51:38.123,1.5283,1.52845,1.40,1.00
2009.09.07 01:51:38.403,1.52825,1.52845,1.40,1.00
2009.09.07 01:51:38.883,1.52825,1.52855,1.40,1.70
2009.09.07 01:51:39.172,1.5282,1.5285,1.00,2.20
2009.09.07 01:51:39.493,1.5281,1.5284,3.00,1.00
2009.09.07 01:51:39.832,1.5281,1.5284,1.40,1.00
2009.09.07 01:51:44.321,1.528,1.5284,1.80,1.70
2009.09.07 01:51:44.661,1.528,1.5284,1.80,2.50
2009.09.07 01:51:45.181,1.528,1.5284,1.80,2.40
2009.09.07 01:51:45.481,1.52795,1.52835,2.60,3.00
2009.09.07 01:51:45.781,1.52795,1.52825,1.80,1.00
2009.09.07 01:51:48.870,1.5281,1.5284,1.40,1.00
2009.09.07 01:51:50.520,1.5281,1.5284,1.80,1.00
2009.09.07 01:51:50.820,1.52815,1.52845,1.40,1.00
2009.09.07 01:51:51.620,1.52815,1.5284,1.40,1.00
2009.09.07 01:51:53.409,1.52815,1.52845,1.40,1.00
2009.09.07 01:51:53.829,1.52815,1.5285,1.40,1.00
2009.09.07 01:51:54.289,1.5281,1.5285,5.00,1.00
2009.09.07 01:51:54.569,1.52815,1.5285,1.40,1.00
2009.09.07 01:51:55.099,1.52815,1.52845,1.40,1.00
2009.09.07 01:51:55.338,1.52815,1.5285,1.40,1.00
2009.09.07 01:51:56.668,1.52815,1.5285,2.20,1.00
2009.09.07 01:51:57.008,1.52815,1.52845,1.80,1.00
2009.09.07 01:51:57.238,1.52815,1.5285,1.80,1.00
2009.09.07 01:51:57.418,1.5282,1.5285,1.80,1.00
2009.09.07 01:51:57.638,1.5282,1.5285,1.00,1.00
2009.09.07 01:51:57.858,1.5283,1.5285,1.40,1.00
2009.09.07 01:51:58.208,1.52825,1.52865,3.00,5.20
2009.09.07 01:51:58.548,1.5283,1.52865,1.40,1.70
2009.09.07 01:51:58.898,1.5283,1.52865,1.80,1.70
2009.09.07 01:51:59.478,1.5283,1.52865,1.80,1.60
2009.09.07 01:52:00.067,1.52835,1.52865,1.40,1.60
2009.09.07 01:52:07.436,1.5283,1.52865,2.20,1.70
2009.09.07 01:52:07.616,1.52825,1.52865,3.00,3.20
2009.09.07 01:52:07.846,1.5282,1.5286,2.20,1.40
2009.09.07 01:52:08.016,1.5282,1.5286,1.40,1.40
2009.09.07 01:52:09.455,1.5282,1.5286,1.40,1.60
2009.09.07 01:52:09.805,1.5281,1.5286,7.40,2.00
2009.09.07 01:52:09.985,1.52815,1.5286,1.00,2.10
2009.09.07 01:52:10.215,1.5281,1.5286,3.40,3.60
2009.09.07 01:52:12.395,1.5281,1.5286,3.40,4.40
2009.09.07 01:52:12.685,1.5281,1.52855,3.40,1.00
2009.09.07 01:52:13.955,1.5281,1.52855,1.60,1.00
2009.09.07 01:52:14.185,1.528,1.52855,2.00,2.80
2009.09.07 01:52:14.655,1.5281,1.52855,1.40,2.80
2009.09.07 01:52:14.985,1.5281,1.52855,1.80,2.40
2009.09.07 01:52:15.324,1.528,1.5285,2.00,1.00
2009.09.07 01:52:15.674,1.528,1.52845,1.00,1.00
2009.09.07 01:52:16.484,1.52795,1.52845,1.60,1.00
2009.09.07 01:52:16.724,1.5279,1.5284,1.00,1.00
2009.09.07 01:52:17.734,1.528,1.5284,1.00,1.00
2009.09.07 01:52:17.964,1.5281,1.52845,1.80,1.00
2009.09.07 01:52:19.703,1.5281,1.52845,1.00,1.00
2009.09.07 01:52:19.874,1.52795,1.52845,4.20,1.20
2009.09.07 01:52:20.103,1.52795,1.52835,5.00,1.00
2009.09.07 01:52:21.163,1.528,1.52835,1.60,1.00
2009.09.07 01:52:21.683,1.528,1.52835,2.00,1.00
2009.09.07 01:52:24.163,1.5281,1.52835,1.40,1.00
2009.09.07 01:52:24.282,1.5281,1.52845,1.80,1.60
2009.09.07 01:52:24.792,1.5281,1.5284,1.80,1.00
2009.09.07 01:52:24.912,1.52805,1.5283,1.60,1.00
2009.09.07 01:52:25.262,1.5281,1.5284,1.20,1.00
2009.09.07 01:52:25.602,1.52805,1.5284,1.00,1.00
2009.09.07 01:52:25.952,1.528,1.52835,2.00,1.00
2009.09.07 01:52:27.792,1.52805,1.52835,1.00,1.00
2009.09.07 01:52:28.032,1.52805,1.5284,1.00,1.00
2009.09.07 01:52:28.961,1.52805,1.52825,1.00,1.00
2009.09.07 01:52:29.191,1.528,1.52835,3.40,1.00
2009.09.07 01:52:29.421,1.5281,1.52835,1.00,1.00
2009.09.07 01:52:29.661,1.52815,1.52845,1.00,1.20
2009.09.07 01:52:32.370,1.5281,1.52845,1.00,1.20
2009.09.07 01:52:32.730,1.52805,1.5284,1.00,1.00
2009.09.07 01:52:32.970,1.52805,1.5284,1.20,1.00
2009.09.07 01:52:33.260,1.52805,1.5284,1.00,1.00
2009.09.07 01:52:45.788,1.52805,1.5284,1.20,1.00
2009.09.07 01:52:46.087,1.5281,1.52845,1.00,1.00
2009.09.07 01:52:46.377,1.52815,1.52845,1.00,1.00
2009.09.07 01:52:49.086,1.52815,1.5284,1.00,1.00
2009.09.07 01:52:49.486,1.5281,1.52835,1.00,1.00
2009.09.07 01:52:49.656,1.52805,1.52835,1.00,1.00
2009.09.07 01:52:54.585,1.52795,1.5283,2.00,1.00
2009.09.07 01:52:55.055,1.52795,1.5283,1.00,1.00
2009.09.07 01:53:06.172,1.528,1.5283,1.00,1.00
2009.09.07 01:53:06.342,1.528,1.5283,2.20,1.00
2009.09.07 01:53:06.512,1.52805,1.5284,1.00,1.00
2009.09.07 01:53:12.881,1.52795,1.5283,2.00,1.00
2009.09.07 01:53:13.111,1.52795,1.5283,1.00,1.00
2009.09.07 01:53:13.461,1.5279,1.52825,5.60,1.00
2009.09.07 01:53:13.801,1.5279,1.52825,6.20,1.00
2009.09.07 01:53:14.150,1.5279,1.52825,4.60,1.00
2009.09.07 01:53:14.501,1.5279,1.5283,4.60,1.00
2009.09.07 01:53:15.440,1.528,1.5283,1.80,1.00
2009.09.07 01:53:23.818,1.528,1.5283,1.60,1.00
2009.09.07 01:53:24.088,1.528,1.5283,3.00,1.00
2009.09.07 01:53:25.408,1.528,1.5283,3.80,1.00
2009.09.07 01:53:25.628,1.528,1.5283,9.40,1.00
2009.09.07 01:53:26.397,1.52805,1.5283,2.40,1.00
2009.09.07 01:53:26.567,1.5281,1.5283,1.40,1.00
2009.09.07 01:53:26.917,1.5281,1.5283,1.80,1.00
2009.09.07 01:53:29.707,1.5281,1.5283,3.40,1.00
2009.09.07 01:53:31.386,1.5281,1.5283,7.40,1.00
2009.09.07 01:53:32.696,1.5282,1.5283,1.80,1.00
2009.09.07 01:53:32.926,1.5282,1.5283,5.00,1.00
2009.09.07 01:53:33.166,1.52835,1.52885,1.00,1.40
2009.09.07 01:53:33.456,1.52835,1.52895,1.00,1.80
2009.09.07 01:53:34.486,1.5284,1.5288,1.00,2.00
2009.09.07 01:53:34.776,1.5284,1.5287,1.00,1.40
2009.09.07 01:53:35.005,1.52835,1.52855,1.00,1.40
2009.09.07 01:53:35.286,1.5282,1.52855,1.40,1.40
2009.09.07 01:53:35.565,1.5282,1.5286,2.20,1.00
2009.09.07 01:53:35.675,1.5282,1.5287,2.40,1.80
2009.09.07 01:53:35.735,1.52825,1.5287,1.00,1.80
2009.09.07 01:53:36.015,1.5282,1.5287,2.40,1.80
2009.09.07 01:53:36.245,1.5283,1.5287,1.40,1.80
2009.09.07 01:53:36.305,1.5283,1.5287,1.40,1.40
2009.09.07 01:53:38.355,1.5283,1.5287,1.40,2.00
2009.09.07 01:53:38.874,1.5283,1.5287,1.40,1.80
2009.09.07 01:53:39.105,1.5283,1.5287,3.00,1.80
2009.09.07 01:53:39.504,1.5284,1.52875,1.00,1.00
2009.09.07 01:53:39.734,1.5284,1.5288,1.00,2.40
2009.09.07 01:53:40.434,1.5284,1.5288,1.00,2.20
2009.09.07 01:53:43.343,1.5284,1.5287,1.00,1.40
2009.09.07 01:53:43.623,1.52835,1.5287,1.60,1.80
2009.09.07 01:53:43.893,1.5283,1.52865,2.80,1.00
2009.09.07 01:53:44.713,1.5283,1.52865,1.40,1.00
2009.09.07 01:53:44.883,1.52825,1.52865,4.00,1.00
2009.09.07 01:53:45.003,1.52825,1.52865,2.40,1.00
2009.09.07 01:53:45.123,1.5283,1.52865,1.40,1.00
2009.09.07 01:53:45.243,1.5283,1.5287,1.80,1.30
2009.09.07 01:53:45.363,1.5283,1.5287,1.80,1.00
2009.09.07 01:53:46.003,1.5283,1.5287,3.40,1.00
2009.09.07 01:53:50.532,1.52845,1.5287,1.40,1.00
2009.09.07 01:53:50.862,1.52845,1.5287,1.80,1.00
2009.09.07 01:53:50.972,1.52835,1.52875,3.40,1.00
2009.09.07 01:53:51.142,1.5283,1.52875,5.00,1.00
2009.09.07 01:53:51.312,1.5283,1.52875,6.60,1.00
2009.09.07 01:53:51.822,1.5283,1.5287,6.20,1.00
2009.09.07 01:53:52.121,1.52825,1.5287,2.40,1.80
2009.09.07 01:53:52.811,1.52835,1.5287,1.40,1.00
2009.09.07 01:53:53.091,1.52845,1.52885,1.80,2.40
2009.09.07 01:53:53.441,1.5284,1.52885,2.00,1.40
2009.09.07 01:53:53.711,1.52835,1.5288,1.00,1.00
2009.09.07 01:53:54.071,1.52825,1.52865,4.00,1.00
2009.09.07 01:53:54.411,1.5283,1.5287,1.60,1.80
2009.09.07 01:53:54.761,1.52825,1.5287,4.80,1.80
2009.09.07 01:53:55.110,1.5284,1.5287,1.20,1.40
2009.09.07 01:53:55.450,1.52845,1.52885,1.80,1.00
2009.09.07 01:53:55.800,1.52845,1.5289,1.80,1.00
2009.09.07 01:53:56.160,1.52845,1.5289,3.40,1.00
2009.09.07 01:53:56.670,1.52845,1.5288,1.60,1.00
2009.09.07 01:53:56.850,1.5284,1.52875,1.60,1.00
2009.09.07 01:53:57.250,1.52825,1.5287,3.80,1.00
2009.09.07 01:53:57.600,1.52825,1.52865,4.20,1.00
2009.09.07 01:53:57.950,1.5283,1.5287,1.60,1.00
2009.09.07 01:53:58.420,1.52825,1.5287,2.80,1.80
2009.09.07 01:53:58.750,1.52825,1.5287,2.40,1.00
2009.09.07 01:53:59.090,1.52825,1.5287,2.80,1.00
2009.09.07 01:53:59.979,1.52825,1.52865,5.40,1.00
2009.09.07 01:54:00.339,1.5283,1.52875,1.60,1.80
2009.09.07 01:54:00.679,1.5283,1.52875,2.40,2.20
2009.09.07 01:54:01.039,1.5283,1.52875,5.60,2.20
2009.09.07 01:54:01.729,1.52835,1.52875,1.40,1.00
2009.09.07 01:54:02.089,1.5284,1.52875,3.20,1.80
2009.09.07 01:54:02.199,1.5284,1.52875,1.60,1.80
2009.09.07 01:54:02.429,1.5283,1.52875,5.60,1.80
2009.09.07 01:54:04.338,1.52835,1.52875,1.80,1.00
2009.09.07 01:54:04.678,1.52835,1.52875,1.40,1.00
2009.09.07 01:54:05.038,1.52835,1.5287,1.80,1.00
2009.09.07 01:54:05.268,1.52835,1.5287,3.40,1.00
2009.09.07 01:54:05.558,1.52835,1.5287,1.80,1.00
2009.09.07 01:54:05.788,1.5283,1.52875,2.40,1.80
2009.09.07 01:54:06.068,1.5283,1.52875,1.60,1.80
2009.09.07 01:54:06.418,1.5283,1.5287,1.60,1.00
2009.09.07 01:54:06.778,1.5283,1.52875,1.00,1.80
2009.09.07 01:54:07.128,1.5283,1.52875,5.60,1.80
2009.09.07 01:54:10.087,1.5283,1.52875,4.80,1.80
2009.09.07 01:54:10.367,1.5283,1.52875,4.00,1.80
2009.09.07 01:54:10.697,1.5283,1.52875,5.60,1.80
2009.09.07 01:54:23.444,1.5283,1.52875,5.20,1.80
2009.09.07 01:54:23.783,1.5283,1.52875,6.60,1.00
2009.09.07 01:54:31.402,1.5283,1.52875,5.20,1.80
2009.09.07 01:54:31.742,1.5283,1.52875,5.60,1.80
2009.09.07 01:54:34.251,1.5283,1.52875,4.80,1.80
2009.09.07 01:54:34.471,1.5283,1.52875,2.40,1.80
2009.09.07 01:54:34.881,1.5283,1.52875,3.20,1.80
2009.09.07 01:54:35.181,1.5283,1.52875,4.80,1.80
2009.09.07 01:54:36.271,1.5283,1.52865,4.80,1.40
2009.09.07 01:54:36.561,1.52825,1.52865,5.60,1.40
2009.09.07 01:54:36.841,1.52825,1.5286,4.00,1.80
2009.09.07 01:54:37.200,1.52825,1.5286,2.40,1.80
2009.09.07 01:54:37.890,1.52825,1.5286,2.40,1.00
2009.09.07 01:54:38.370,1.5282,1.5286,4.00,1.80
2009.09.07 01:54:46.028,1.5282,1.5286,1.60,1.80
2009.09.07 01:54:46.428,1.5282,1.52865,2.00,1.40
2009.09.07 01:54:46.718,1.52825,1.52875,1.80,1.80
2009.09.07 01:54:47.068,1.5283,1.52875,1.60,1.80
2009.09.07 01:54:49.147,1.5283,1.52875,3.20,1.80
2009.09.07 01:54:49.787,1.5283,1.52875,1.60,1.80
2009.09.07 01:54:50.417,1.5283,1.52875,1.60,2.00
2009.09.07 01:54:50.767,1.5283,1.52875,1.60,1.80
2009.09.07 01:54:50.937,1.5283,1.52875,2.00,1.80
2009.09.07 01:54:51.047,1.5283,1.52875,2.80,1.80
2009.09.07 01:54:51.107,1.5283,1.52875,3.60,1.80
2009.09.07 01:54:51.267,1.5283,1.52875,2.00,1.80
2009.09.07 01:54:51.327,1.5283,1.52875,2.80,1.80
2009.09.07 01:54:51.377,1.5283,1.52875,2.00,1.80
2009.09.07 01:54:51.737,1.5283,1.52875,2.80,1.80
2009.09.07 01:54:51.787,1.5283,1.52875,1.20,1.80
2009.09.07 01:54:52.137,1.5283,1.52875,2.00,1.80
2009.09.07 01:54:52.487,1.5283,1.52875,3.60,1.80
2009.09.07 01:54:52.777,1.5283,1.52875,2.00,1.80
2009.09.07 01:54:53.007,1.5283,1.52875,3.60,1.80
2009.09.07 01:54:55.966,1.5283,1.52875,2.00,1.80
2009.09.07 01:55:01.225,1.5283,1.52875,1.00,1.80
2009.09.07 01:55:02.214,1.5283,1.5287,1.00,1.00
2009.09.07 01:55:02.444,1.5283,1.52875,1.00,1.80
2009.09.07 01:55:02.894,1.5283,1.52875,1.00,2.00
2009.09.07 01:55:03.124,1.5283,1.52875,2.00,2.00
2009.09.07 01:55:03.454,1.5283,1.52875,2.00,1.80
2009.09.07 01:55:03.694,1.5283,1.52875,1.00,1.80
2009.09.07 01:55:04.784,1.5283,1.52875,2.00,1.80
2009.09.07 01:55:05.084,1.5283,1.52875,1.20,1.80
2009.09.07 01:55:05.304,1.5283,1.52875,1.00,1.80
2009.09.07 01:55:05.594,1.5283,1.52875,2.00,1.80
2009.09.07 01:55:05.943,1.5283,1.52875,3.60,1.80
2009.09.07 01:55:06.234,1.5283,1.52875,2.00,1.80
2009.09.07 01:55:14.281,1.5283,1.52875,1.00,1.80
2009.09.07 01:55:14.392,1.5283,1.52875,2.00,1.80
2009.09.07 01:55:14.742,1.5283,1.52875,2.00,2.00
2009.09.07 01:55:14.852,1.5283,1.52875,1.00,2.00
2009.09.07 01:55:16.361,1.5283,1.5287,1.00,1.40
2009.09.07 01:55:16.601,1.5282,1.52865,1.40,1.00
2009.09.07 01:55:17.931,1.52815,1.5286,8.40,1.40
2009.09.07 01:55:18.110,1.52815,1.5286,9.20,1.80
2009.09.07 01:55:23.120,1.52815,1.5286,7.60,1.80
2009.09.07 01:55:24.619,1.52815,1.5286,5.20,1.80
2009.09.07 01:55:44.264,1.52815,1.52855,2.80,1.00
2009.09.07 01:55:44.664,1.52815,1.52855,4.40,1.00
2009.09.07 01:55:45.654,1.52815,1.5286,5.20,1.80
2009.09.07 01:55:48.603,1.52815,1.5286,3.60,1.80
2009.09.07 01:55:52.692,1.5283,1.5287,1.80,2.10
2009.09.07 01:55:53.032,1.5283,1.5287,3.40,2.00
2009.09.07 01:55:53.202,1.5283,1.5287,2.60,2.00
2009.09.07 01:55:53.372,1.5283,1.5287,1.80,2.00
2009.09.07 01:55:54.302,1.5283,1.5287,3.40,2.00
2009.09.07 01:55:56.461,1.52835,1.5287,1.00,2.00
2009.09.07 01:55:56.801,1.52835,1.5287,1.60,2.00
2009.09.07 01:56:01.560,1.52835,1.5287,1.60,1.80
2009.09.07 01:56:01.800,1.52835,1.52865,1.60,1.00
2009.09.07 01:56:02.440,1.5283,1.52865,3.40,1.00
2009.09.07 01:56:06.299,1.5283,1.52865,1.80,1.00
2009.09.07 01:56:09.139,1.5283,1.5287,1.80,3.40
2009.09.07 01:56:09.498,1.5283,1.52865,1.00,1.40
2009.09.07 01:56:09.858,1.52825,1.52865,1.80,1.80
2009.09.07 01:56:13.327,1.5282,1.5286,1.80,1.80
2009.09.07 01:56:15.007,1.5282,1.5286,1.80,2.00
2009.09.07 01:56:19.476,1.5282,1.52855,1.40,1.00
2009.09.07 01:56:19.716,1.52815,1.52845,2.40,1.40
2009.09.07 01:56:19.936,1.52815,1.52845,1.60,1.80
2009.09.07 01:56:20.116,1.5281,1.52845,1.60,1.80
2009.09.07 01:56:24.245,1.52805,1.52845,2.80,1.80
2009.09.07 01:56:28.264,1.52805,1.52845,2.40,1.80
2009.09.07 01:56:29.933,1.52805,1.52845,3.20,1.80
2009.09.07 01:56:33.062,1.52805,1.52845,2.40,1.80
2009.09.07 01:56:34.822,1.52805,1.52845,2.40,2.00
2009.09.07 01:56:34.992,1.528,1.52845,9.00,2.00
2009.09.07 01:56:37.951,1.528,1.52845,9.00,1.80
2009.09.07 01:56:38.241,1.528,1.52845,10.60,1.80
2009.09.07 01:56:39.321,1.528,1.52845,8.20,1.80
2009.09.07 01:56:39.621,1.528,1.5284,8.20,1.70
2009.09.07 01:56:39.971,1.528,1.52825,4.00,1.00
2009.09.07 01:56:40.311,1.52785,1.52825,1.00,1.80
2009.09.07 01:56:40.671,1.5278,1.52825,4.20,2.60
2009.09.07 01:56:41.011,1.5278,1.5282,3.40,2.60
2009.09.07 01:56:41.361,1.5278,1.5282,4.20,2.60
2009.09.07 01:56:41.761,1.5278,1.5282,5.00,2.60
2009.09.07 01:56:42.640,1.5278,1.5281,4.60,1.00
2009.09.07 01:56:42.810,1.5278,1.5281,2.40,2.20
2009.09.07 01:56:43.040,1.52775,1.5281,1.00,2.20
2009.09.07 01:56:45.163,1.52775,1.52805,1.00,2.20
2009.09.07 01:56:45.330,1.52775,1.52805,1.00,2.60
2009.09.07 01:56:47.919,1.5277,1.52805,2.40,2.60
2009.09.07 01:56:54.567,1.5277,1.52805,2.40,1.80
2009.09.07 01:56:57.607,1.5277,1.52805,1.00,1.80
2009.09.07 01:56:58.696,1.5276,1.52805,7.40,1.80
2009.09.07 01:57:00.886,1.5276,1.52805,5.00,1.80
2009.09.07 01:57:02.875,1.5276,1.52805,1.80,1.80
2009.09.07 01:57:04.035,1.5276,1.52795,1.00,1.40
2009.09.07 01:57:04.215,1.52755,1.52795,1.80,1.80
2009.09.07 01:57:04.655,1.5276,1.52795,1.40,1.00
2009.09.07 01:57:04.895,1.5276,1.52805,1.80,1.80
2009.09.07 01:57:05.125,1.52765,1.52805,1.40,1.00
2009.09.07 01:57:05.405,1.52765,1.52805,1.80,1.00
2009.09.07 01:57:05.645,1.52765,1.5281,1.80,3.40
2009.09.07 01:57:05.935,1.52765,1.5281,1.80,1.00
2009.09.07 01:57:06.215,1.52765,1.5281,3.40,1.00
2009.09.07 01:57:07.474,1.52765,1.5281,5.00,1.00
2009.09.07 01:57:08.504,1.52765,1.5281,3.40,1.00
2009.09.07 01:57:08.744,1.52765,1.5281,5.00,1.00
2009.09.07 01:57:12.433,1.52765,1.5281,5.00,1.80
2009.09.07 01:57:12.703,1.52765,1.5281,3.40,1.80
2009.09.07 01:57:18.012,1.5276,1.52805,9.20,1.80
2009.09.07 01:57:18.192,1.5276,1.52805,7.60,1.80
2009.09.07 01:57:21.211,1.5276,1.52805,6.00,1.80
2009.09.07 01:57:22.791,1.52765,1.52805,1.00,1.40
2009.09.07 01:57:23.140,1.52765,1.5281,1.80,1.80
2009.09.07 01:57:23.441,1.52765,1.5281,3.40,1.80
2009.09.07 01:57:31.639,1.52765,1.5281,3.40,2.00
2009.09.07 01:57:31.818,1.52765,1.52805,1.80,1.00
2009.09.07 01:57:35.437,1.52765,1.52805,1.80,1.80
2009.09.07 01:57:35.617,1.52765,1.52805,1.80,2.20
2009.09.07 01:57:37.097,1.52765,1.52805,1.80,1.80
2009.09.07 01:57:37.967,1.5278,1.5282,1.80,2.00
2009.09.07 01:57:38.197,1.5278,1.52805,1.00,1.40
2009.09.07 01:57:38.417,1.52765,1.52805,3.00,1.80
2009.09.07 01:57:38.647,1.52765,1.52805,1.40,1.80
2009.09.07 01:57:42.146,1.5278,1.5282,1.80,4.40
2009.09.07 01:57:42.506,1.5278,1.5282,1.80,1.00
2009.09.07 01:57:42.736,1.5278,1.52815,1.80,1.00
2009.09.07 01:57:43.535,1.5278,1.5282,1.80,1.00
2009.09.07 01:57:45.185,1.5278,1.52815,1.80,1.00
2009.09.07 01:57:45.295,1.52775,1.52815,1.60,1.80
2009.09.07 01:57:45.475,1.52775,1.52815,1.00,1.80
2009.09.07 01:57:45.685,1.52765,1.52805,5.00,1.40
2009.09.07 01:57:45.805,1.52765,1.52805,3.40,1.80
2009.09.07 01:57:46.165,1.52765,1.52805,1.80,1.80
2009.09.07 01:57:53.943,1.5278,1.52805,1.40,1.00
2009.09.07 01:57:54.543,1.52775,1.5281,1.60,1.00
2009.09.07 01:57:54.653,1.5278,1.52815,1.80,1.00
2009.09.07 01:57:54.763,1.5278,1.5282,1.80,1.00
2009.09.07 01:57:56.103,1.5278,1.52815,1.00,2.20
2009.09.07 01:57:56.463,1.52765,1.528,1.00,1.80
2009.09.07 01:57:56.692,1.52755,1.528,5.40,1.80
2009.09.07 01:57:56.932,1.52765,1.52805,1.80,1.80
2009.09.07 01:57:57.382,1.5277,1.5281,1.40,4.40
2009.09.07 01:57:57.612,1.52765,1.52805,3.40,1.80
2009.09.07 01:57:58.232,1.52765,1.52805,1.80,1.80
2009.09.07 01:57:59.592,1.52765,1.52805,3.40,1.80
2009.09.07 01:58:00.112,1.52765,1.52805,1.80,1.80
2009.09.07 01:58:09.779,1.52765,1.52805,3.40,1.80
2009.09.07 01:58:10.179,1.52765,1.52805,1.80,1.80
2009.09.07 01:58:25.465,1.52765,1.52805,3.40,1.80
2009.09.07 01:58:33.304,1.52765,1.52805,3.40,1.00
2009.09.07 01:58:34.943,1.52765,1.5281,3.40,1.80
2009.09.07 01:58:42.401,1.5276,1.52805,2.00,1.40
2009.09.07 01:58:42.811,1.5276,1.52805,1.00,1.80
2009.09.07 01:58:47.240,1.5276,1.52805,4.40,1.80
2009.09.07 01:58:47.590,1.5276,1.52805,2.80,1.80
2009.09.07 01:58:51.339,1.5276,1.52805,2.00,1.80
2009.09.07 01:58:51.689,1.5276,1.528,1.20,1.00
2009.09.07 01:58:52.039,1.5276,1.52805,1.20,1.80
2009.09.07 01:58:52.389,1.5276,1.528,1.00,1.00
2009.09.07 01:58:53.709,1.5276,1.528,1.00,1.80
2009.09.07 01:58:54.059,1.5276,1.5279,1.00,1.80
2009.09.07 01:58:54.418,1.5276,1.528,1.00,2.00
2009.09.07 01:58:54.758,1.52765,1.528,1.80,1.60
2009.09.07 01:58:54.869,1.5277,1.52805,1.80,2.80
2009.09.07 01:58:55.568,1.5276,1.528,3.40,1.00
2009.09.07 01:58:55.908,1.5276,1.52795,1.00,1.40
2009.09.07 01:58:56.248,1.52755,1.52795,1.00,1.80
2009.09.07 01:58:57.288,1.5276,1.52795,1.40,1.00
2009.09.07 01:58:57.618,1.5276,1.528,1.80,1.00
2009.09.07 01:58:58.448,1.5277,1.52805,1.80,1.00
2009.09.07 01:58:58.727,1.5277,1.52795,1.00,1.40
2009.09.07 01:58:58.957,1.52755,1.52795,2.00,1.80
2009.09.07 01:58:59.227,1.52755,1.52795,1.00,1.80
2009.09.07 01:58:59.467,1.52755,1.52795,2.00,1.80
2009.09.07 01:58:59.757,1.5276,1.52805,1.80,2.00
2009.09.07 01:58:59.987,1.5276,1.52805,1.80,1.80
2009.09.07 01:59:01.857,1.5276,1.52805,1.80,2.00
2009.09.07 01:59:01.917,1.5276,1.528,1.80,1.00
2009.09.07 01:59:02.607,1.5276,1.5279,1.80,1.00
2009.09.07 01:59:02.966,1.5275,1.52775,1.60,2.60
2009.09.07 01:59:03.306,1.52745,1.52775,1.60,2.60
2009.09.07 01:59:03.596,1.5273,1.52775,4.40,2.60
2009.09.07 01:59:04.416,1.52735,1.52775,1.80,1.00
2009.09.07 01:59:04.936,1.52735,1.52775,4.20,1.00
2009.09.07 01:59:06.806,1.52735,1.52775,5.80,1.00
2009.09.07 01:59:08.265,1.52735,1.52775,4.20,1.00
2009.09.07 01:59:10.865,1.52735,1.52775,3.40,1.00
2009.09.07 01:59:11.145,1.52735,1.5277,3.40,1.00
2009.09.07 01:59:11.485,1.52735,1.5277,1.80,1.00
2009.09.07 01:59:12.304,1.5274,1.52775,1.60,1.00
2009.09.07 01:59:13.004,1.52735,1.52775,1.80,1.00
2009.09.07 01:59:13.354,1.52735,1.52775,3.40,1.00
2009.09.07 01:59:15.434,1.52735,1.52775,1.80,1.00
2009.09.07 01:59:19.193,1.52735,1.52775,1.80,1.20
2009.09.07 01:59:19.373,1.5273,1.5276,1.60,1.80
2009.09.07 01:59:19.612,1.5272,1.5276,5.00,1.80
2009.09.07 01:59:19.843,1.52725,1.5276,1.60,1.80
2009.09.07 01:59:20.142,1.52725,1.5277,3.40,1.80
2009.09.07 01:59:20.382,1.5273,1.5277,1.60,1.80
2009.09.07 01:59:20.612,1.52725,1.5277,5.00,1.80
2009.09.07 01:59:20.892,1.5273,1.52775,2.20,2.00
2009.09.07 01:59:21.182,1.5273,1.5277,5.40,1.00
2009.09.07 01:59:22.172,1.52735,1.5277,1.40,1.00
2009.09.07 01:59:22.342,1.5274,1.52775,1.00,1.20
2009.09.07 01:59:22.522,1.52735,1.52775,1.40,1.20
2009.09.07 01:59:22.702,1.5274,1.52775,1.00,1.20
2009.09.07 01:59:25.261,1.5273,1.5277,3.20,1.20
2009.09.07 01:59:25.551,1.5272,1.5277,4.00,1.20
2009.09.07 01:59:25.851,1.52735,1.5277,1.40,1.00
2009.09.07 01:59:26.181,1.52735,1.52775,1.80,2.00
2009.09.07 01:59:26.451,1.52735,1.52775,1.80,3.60
2009.09.07 01:59:27.111,1.52735,1.52775,1.00,5.00
2009.09.07 01:59:31.380,1.52735,1.52775,1.80,3.60
2009.09.07 01:59:42.617,1.5273,1.52775,3.80,1.20
2009.09.07 01:59:42.787,1.5273,1.52775,1.40,1.20
2009.09.07 01:59:42.957,1.52725,1.5277,1.00,1.60
2009.09.07 01:59:43.137,1.5272,1.52765,1.80,1.00
2009.09.07 01:59:43.477,1.5273,1.52765,1.40,1.00
2009.09.07 01:59:43.647,1.5273,1.52775,1.40,1.20
2009.09.07 01:59:46.186,1.5274,1.52775,1.00,1.20
2009.09.07 01:59:47.346,1.5273,1.52775,3.00,1.20
2009.09.07 01:59:47.696,1.52735,1.52775,1.40,1.20
2009.09.07 01:59:48.046,1.5274,1.52775,1.00,1.00
2009.09.07 01:59:51.775,1.5274,1.5278,1.00,4.40
2009.09.07 01:59:57.873,1.5274,1.52775,1.00,1.00
2009.09.07 01:59:59.493,1.5273,1.52775,3.80,1.00
2009.09.07 01:59:59.823,1.52725,1.5277,1.60,1.00
