2009.11.11 12:00:00.090,1.49885,1.4994,2.40,1.00
2009.11.11 12:00:00.420,1.49885,1.4995,4.40,4.60
2009.11.11 12:00:00.761,1.49885,1.49945,5.20,2.10
2009.11.11 12:00:01.051,1.4989,1.49945,2.80,1.00
2009.11.11 12:00:01.660,1.49905,1.49945,1.60,1.60
2009.11.11 12:00:02.010,1.49905,1.4994,2.40,1.00
2009.11.11 12:00:04.639,1.49905,1.4994,1.00,1.00
2009.11.11 12:00:04.859,1.49905,1.4993,1.00,1.00
2009.11.11 12:00:05.099,1.49905,1.4993,1.00,2.30
2009.11.11 12:00:05.389,1.49895,1.4994,2.40,9.30
2009.11.11 12:00:05.629,1.49895,1.49935,1.60,4.40
2009.11.11 12:00:05.859,1.49895,1.49935,1.60,3.20
2009.11.11 12:00:06.769,1.49895,1.49935,1.60,3.30
2009.11.11 12:00:07.369,1.49895,1.49935,1.60,2.50
2009.11.11 12:00:07.659,1.49895,1.49935,1.60,1.70
2009.11.11 12:00:08.189,1.49895,1.49935,1.60,2.50
2009.11.11 12:00:08.469,1.49895,1.49935,1.60,1.70
2009.11.11 12:00:09.928,1.499,1.49935,1.60,1.70
2009.11.11 12:00:10.218,1.49905,1.4993,1.00,1.60
2009.11.11 12:00:10.458,1.49905,1.4994,1.00,3.30
2009.11.11 12:00:10.738,1.49905,1.49935,1.00,1.70
2009.11.11 12:00:11.268,1.499,1.49935,3.20,2.50
2009.11.11 12:00:11.568,1.499,1.49935,2.40,2.50
2009.11.11 12:00:11.908,1.499,1.49935,1.00,2.40
2009.11.11 12:00:12.588,1.499,1.49935,1.00,2.70
2009.11.11 12:00:12.828,1.499,1.49935,1.00,2.50
2009.11.11 12:00:13.367,1.499,1.4994,1.00,6.40
2009.11.11 12:00:13.887,1.499,1.4993,1.00,1.00
2009.11.11 12:00:14.887,1.49895,1.4993,2.80,1.00
2009.11.11 12:00:15.227,1.499,1.4994,2.00,3.40
2009.11.11 12:00:15.517,1.499,1.49935,2.10,1.00
2009.11.11 12:00:16.227,1.499,1.49935,2.30,1.00
2009.11.11 12:00:16.466,1.499,1.49935,3.10,1.00
2009.11.11 12:00:16.647,1.49905,1.49945,1.00,6.60
2009.11.11 12:00:17.347,1.49905,1.4994,1.00,2.50
2009.11.11 12:00:17.686,1.49905,1.49945,1.00,6.40
2009.11.11 12:00:18.077,1.49905,1.49935,1.00,1.00
2009.11.11 12:00:18.806,1.4991,1.49945,2.10,3.60
2009.11.11 12:00:19.016,1.4991,1.49945,2.90,1.00
2009.11.11 12:00:19.196,1.4991,1.4994,4.90,1.00
2009.11.11 12:00:20.246,1.4991,1.4995,5.10,2.70
2009.11.11 12:00:20.866,1.49915,1.49945,1.00,1.00
2009.11.11 12:00:21.095,1.49915,1.49945,1.00,1.00
2009.11.11 12:00:21.275,1.49915,1.4994,1.00,1.00
2009.11.11 12:00:21.965,1.49915,1.49955,1.60,3.30
2009.11.11 12:00:22.255,1.49915,1.4995,3.70,1.00
2009.11.11 12:00:22.595,1.4992,1.49965,3.20,2.10
2009.11.11 12:00:22.885,1.4992,1.49975,3.20,12.90
2009.11.11 12:00:23.105,1.4992,1.4997,5.20,3.20
2009.11.11 12:00:23.965,1.4992,1.49965,4.40,1.00
2009.11.11 12:00:24.075,1.4992,1.49955,2.80,2.80
2009.11.11 12:00:24.255,1.4992,1.49955,1.00,2.80
2009.11.11 12:00:25.414,1.4992,1.49955,2.40,1.00
2009.11.11 12:00:26.084,1.49925,1.49965,1.00,2.40
2009.11.11 12:00:26.254,1.49925,1.49965,1.00,1.00
2009.11.11 12:00:26.894,1.49925,1.49965,1.00,1.60
2009.11.11 12:00:27.074,1.49925,1.49955,1.00,1.60
2009.11.11 12:00:29.154,1.4992,1.49955,1.00,2.50
2009.11.11 12:00:29.443,1.4992,1.49955,1.00,1.00
2009.11.11 12:00:29.503,1.4992,1.49955,1.00,1.00
2009.11.11 12:00:29.564,1.4992,1.49955,1.60,1.00
2009.11.11 12:00:29.963,1.49925,1.49955,1.00,1.60
2009.11.11 12:00:30.313,1.4991,1.4995,1.00,1.60
2009.11.11 12:00:30.703,1.49905,1.4994,2.80,2.40
2009.11.11 12:00:30.933,1.499,1.4994,1.60,2.40
2009.11.11 12:00:31.923,1.499,1.4994,3.20,1.00
2009.11.11 12:00:32.323,1.499,1.4994,5.20,1.00
2009.11.11 12:00:33.353,1.499,1.4994,1.60,2.50
2009.11.11 12:00:33.473,1.49905,1.4994,1.00,2.50
2009.11.11 12:00:37.391,1.49905,1.4994,1.00,2.40
2009.11.11 12:00:38.801,1.49905,1.4994,1.00,2.80
2009.11.11 12:00:39.301,1.499,1.49935,2.40,1.00
2009.11.11 12:00:39.471,1.499,1.49935,1.60,1.00
2009.11.11 12:00:39.631,1.499,1.49935,1.00,1.00
2009.11.11 12:00:40.091,1.499,1.49935,1.60,1.00
2009.11.11 12:00:40.471,1.49905,1.49945,2.40,4.10
2009.11.11 12:00:41.521,1.49905,1.49935,2.40,1.60
2009.11.11 12:00:41.690,1.49905,1.49935,1.60,2.80
2009.11.11 12:00:43.120,1.49905,1.49935,1.60,2.90
2009.11.11 12:00:45.630,1.49895,1.49935,3.20,2.90
2009.11.11 12:00:46.099,1.499,1.49935,1.00,2.90
2009.11.11 12:00:47.689,1.499,1.49935,1.00,2.80
2009.11.11 12:00:47.859,1.499,1.49935,1.00,2.00
2009.11.11 12:00:48.319,1.499,1.4992,1.00,1.00
2009.11.11 12:00:48.669,1.49905,1.4992,1.00,1.00
2009.11.11 12:00:49.009,1.4987,1.4992,1.60,1.60
2009.11.11 12:00:49.409,1.4987,1.49905,1.00,1.60
2009.11.11 12:00:49.749,1.49865,1.49905,1.00,1.60
2009.11.11 12:00:50.099,1.49875,1.4991,1.00,4.90
2009.11.11 12:00:52.858,1.49875,1.49905,1.00,6.10
2009.11.11 12:00:52.918,1.49875,1.4989,1.00,1.00
2009.11.11 12:00:52.978,1.49875,1.4989,1.00,1.70
2009.11.11 12:00:53.028,1.49875,1.4989,1.00,1.60
2009.11.11 12:00:53.148,1.49875,1.4991,1.00,5.80
2009.11.11 12:00:53.198,1.4987,1.49905,2.30,5.70
2009.11.11 12:00:53.888,1.4987,1.499,2.10,1.00
2009.11.11 12:00:54.528,1.4987,1.499,1.00,1.00
2009.11.11 12:00:54.648,1.49865,1.499,5.10,1.00
2009.11.11 12:00:54.827,1.4987,1.4991,1.00,7.00
2009.11.11 12:00:55.937,1.4987,1.49905,1.00,3.30
2009.11.11 12:00:56.297,1.4987,1.49905,1.00,3.30
2009.11.11 12:00:56.637,1.49865,1.499,4.50,4.50
2009.11.11 12:00:56.987,1.49865,1.499,2.50,4.40
2009.11.11 12:00:57.387,1.49865,1.499,4.50,4.40
2009.11.11 12:00:57.737,1.49865,1.499,5.40,2.00
2009.11.11 12:00:58.436,1.49865,1.499,9.30,2.10
2009.11.11 12:00:59.236,1.4987,1.499,1.00,2.10
2009.11.11 12:00:59.696,1.49865,1.499,2.50,2.90
2009.11.11 12:00:59.926,1.49865,1.499,4.50,2.80
2009.11.11 12:01:00.276,1.4987,1.499,1.00,4.40
2009.11.11 12:01:00.626,1.4987,1.499,1.70,1.20
2009.11.11 12:01:01.316,1.49865,1.499,5.30,2.90
2009.11.11 12:01:01.546,1.49865,1.499,5.30,2.10
2009.11.11 12:01:01.956,1.4987,1.499,1.00,2.00
2009.11.11 12:01:02.406,1.4987,1.499,1.00,3.70
2009.11.11 12:01:02.796,1.4987,1.499,1.00,1.60
2009.11.11 12:01:03.135,1.4987,1.499,1.00,2.00
2009.11.11 12:01:03.485,1.4987,1.499,1.00,3.60
2009.11.11 12:01:03.926,1.4987,1.499,1.00,3.70
2009.11.11 12:01:04.095,1.4987,1.499,1.00,2.10
2009.11.11 12:01:04.265,1.4987,1.499,1.00,2.00
2009.11.11 12:01:04.845,1.4987,1.499,1.00,2.10
2009.11.11 12:01:07.984,1.4987,1.499,1.00,2.00
2009.11.11 12:01:08.924,1.4987,1.499,1.00,1.00
2009.11.11 12:01:09.094,1.4987,1.4991,1.00,11.80
2009.11.11 12:01:10.024,1.4987,1.49905,1.00,3.70
2009.11.11 12:01:10.324,1.4987,1.499,1.00,1.60
2009.11.11 12:01:10.554,1.49865,1.499,3.20,2.80
2009.11.11 12:01:11.923,1.49865,1.499,3.20,2.90
2009.11.11 12:01:16.552,1.49865,1.49895,3.20,1.00
2009.11.11 12:01:16.722,1.49865,1.49895,2.40,1.00
2009.11.11 12:01:16.892,1.49865,1.49895,2.60,1.00
2009.11.11 12:01:17.292,1.49865,1.49895,2.40,1.00
2009.11.11 12:01:18.622,1.49865,1.49895,1.00,2.40
2009.11.11 12:01:18.682,1.49865,1.49895,1.00,4.00
2009.11.11 12:01:18.912,1.4986,1.49895,3.20,4.00
2009.11.11 12:01:19.211,1.4986,1.49895,3.20,4.80
2009.11.11 12:01:20.102,1.4986,1.49895,3.20,4.90
2009.11.11 12:01:21.231,1.4986,1.4989,1.60,1.60
2009.11.11 12:01:21.291,1.4986,1.4989,1.00,1.60
2009.11.11 12:01:24.210,1.4986,1.49895,5.30,1.60
2009.11.11 12:01:25.110,1.49865,1.49895,1.00,1.60
2009.11.11 12:01:25.350,1.49865,1.49895,1.00,1.60
2009.11.11 12:01:26.800,1.49865,1.49895,1.00,2.40
2009.11.11 12:01:27.149,1.49865,1.4989,1.00,1.00
2009.11.11 12:01:27.500,1.49865,1.499,1.00,5.40
2009.11.11 12:01:27.850,1.49865,1.499,1.00,5.60
2009.11.11 12:01:28.369,1.49865,1.499,1.00,5.50
2009.11.11 12:01:29.109,1.49865,1.49895,1.00,5.60
2009.11.11 12:01:29.329,1.49865,1.4989,1.00,3.70
2009.11.11 12:01:29.509,1.49865,1.49905,2.40,6.80
2009.11.11 12:01:29.689,1.49865,1.499,2.40,4.90
2009.11.11 12:01:29.929,1.49865,1.499,1.00,4.80
2009.11.11 12:01:30.279,1.49865,1.499,1.00,5.50
2009.11.11 12:01:32.428,1.49865,1.49895,1.00,4.50
2009.11.11 12:01:32.598,1.4986,1.4989,1.00,1.60
2009.11.11 12:01:33.878,1.4986,1.4989,1.00,1.70
2009.11.11 12:01:34.398,1.4986,1.499,2.40,11.80
2009.11.11 12:01:34.518,1.4986,1.49895,2.40,3.30
2009.11.11 12:01:34.688,1.4986,1.49895,3.20,3.30
2009.11.11 12:01:35.038,1.49865,1.49895,1.00,2.50
2009.11.11 12:01:36.177,1.49865,1.49895,2.90,2.40
2009.11.11 12:01:36.457,1.49865,1.49895,2.90,1.60
2009.11.11 12:01:36.697,1.49875,1.49905,5.80,1.60
2009.11.11 12:01:36.927,1.49875,1.499,9.40,1.60
2009.11.11 12:01:37.277,1.49875,1.499,3.40,1.60
2009.11.11 12:01:38.307,1.4988,1.49915,1.00,3.90
2009.11.11 12:01:38.717,1.4988,1.4991,1.00,1.60
2009.11.11 12:01:38.887,1.4988,1.4991,1.00,2.30
2009.11.11 12:01:38.947,1.49875,1.4991,2.90,2.30
2009.11.11 12:01:40.466,1.49875,1.4991,2.80,2.60
2009.11.11 12:01:41.246,1.49875,1.4991,2.80,2.50
2009.11.11 12:01:41.826,1.4988,1.4991,2.00,2.50
2009.11.11 12:01:43.026,1.4988,1.49905,2.00,5.80
2009.11.11 12:01:43.146,1.49865,1.499,2.50,2.50
2009.11.11 12:01:43.326,1.49875,1.49905,2.00,2.50
2009.11.11 12:01:43.626,1.49875,1.4991,2.00,4.80
2009.11.11 12:01:43.805,1.49875,1.4991,2.00,3.40
2009.11.11 12:01:43.976,1.4988,1.49905,2.00,1.00
2009.11.11 12:01:44.565,1.4988,1.49905,2.00,1.00
2009.11.11 12:01:47.256,1.49875,1.49905,2.80,1.00
2009.11.11 12:01:57.303,1.4987,1.4991,3.10,4.60
2009.11.11 12:01:57.642,1.49885,1.4992,1.60,3.20
2009.11.11 12:01:58.032,1.4988,1.49915,2.00,1.00
2009.11.11 12:01:59.562,1.4988,1.49915,1.00,1.00
2009.11.11 12:02:00.581,1.4988,1.49915,2.40,1.00
2009.11.11 12:02:00.802,1.49885,1.49925,1.60,3.00
2009.11.11 12:02:01.092,1.49885,1.4992,2.40,1.00
2009.11.11 12:02:01.621,1.49885,1.4992,2.40,2.00
2009.11.11 12:02:02.771,1.49885,1.4992,2.40,2.80
2009.11.11 12:02:03.001,1.49885,1.4992,2.70,2.80
2009.11.11 12:02:04.011,1.4989,1.4992,1.00,2.80
2009.11.11 12:02:04.361,1.49885,1.4992,3.30,2.80
2009.11.11 12:02:04.420,1.4989,1.4992,1.00,2.00
2009.11.11 12:02:04.641,1.4989,1.4993,1.00,7.40
2009.11.11 12:02:04.700,1.4989,1.49925,1.00,1.00
2009.11.11 12:02:05.890,1.4989,1.49925,1.00,1.70
2009.11.11 12:02:06.050,1.4988,1.49925,1.00,3.30
2009.11.11 12:02:06.230,1.4988,1.4992,1.00,1.00
2009.11.11 12:02:08.720,1.4988,1.4992,2.80,1.00
2009.11.11 12:02:16.858,1.4988,1.49915,2.80,1.00
2009.11.11 12:02:17.028,1.4988,1.49915,2.80,2.40
2009.11.11 12:02:17.907,1.49875,1.4991,3.60,1.00
2009.11.11 12:02:18.288,1.49875,1.4992,5.60,1.60
2009.11.11 12:02:18.507,1.49875,1.49915,6.40,1.00
2009.11.11 12:02:18.727,1.4988,1.49925,1.00,3.30
2009.11.11 12:02:19.007,1.4988,1.49915,1.00,1.60
2009.11.11 12:02:19.237,1.4988,1.49915,1.00,2.30
2009.11.11 12:02:19.597,1.4988,1.4992,2.80,3.90
2009.11.11 12:02:19.947,1.49875,1.4991,3.60,1.00
2009.11.11 12:02:20.307,1.49875,1.4991,1.60,1.00
2009.11.11 12:02:20.997,1.49875,1.4991,3.60,1.00
2009.11.11 12:02:21.576,1.49875,1.4991,1.60,1.00
2009.11.11 12:02:21.856,1.49875,1.4991,2.00,1.00
2009.11.11 12:02:22.996,1.49875,1.4991,4.00,1.00
2009.11.11 12:02:24.626,1.49875,1.4991,3.60,1.00
2009.11.11 12:02:24.856,1.49875,1.4991,2.80,1.00
2009.11.11 12:02:26.005,1.49875,1.4991,1.00,1.00
2009.11.11 12:02:26.475,1.49875,1.4991,2.80,1.00
2009.11.11 12:02:32.564,1.49875,1.4991,1.00,1.00
2009.11.11 12:02:35.333,1.4987,1.4991,5.70,1.00
2009.11.11 12:02:35.493,1.4987,1.4991,4.90,1.00
2009.11.11 12:02:35.783,1.4987,1.4991,8.50,1.00
2009.11.11 12:02:35.903,1.49875,1.4991,2.80,1.00
2009.11.11 12:02:36.263,1.49875,1.4991,1.00,1.00
2009.11.11 12:02:37.323,1.49875,1.49915,2.80,3.20
2009.11.11 12:02:37.662,1.49875,1.499,1.00,1.60
2009.11.11 12:02:39.482,1.4987,1.499,2.40,1.60
2009.11.11 12:02:40.662,1.4987,1.4991,1.60,4.10
2009.11.11 12:02:41.022,1.4987,1.49905,2.40,2.90
2009.11.11 12:02:42.961,1.4987,1.49905,1.60,2.90
2009.11.11 12:02:44.351,1.49865,1.499,5.30,1.00
2009.11.11 12:02:44.581,1.4987,1.4991,1.00,7.20
2009.11.11 12:02:44.811,1.4987,1.49905,1.00,3.20
2009.11.11 12:02:44.991,1.4987,1.49895,1.00,4.00
2009.11.11 12:02:45.231,1.4986,1.4989,3.20,2.40
2009.11.11 12:02:45.591,1.49865,1.49905,1.00,9.70
2009.11.11 12:02:45.951,1.49865,1.499,2.80,2.40
2009.11.11 12:02:47.050,1.49865,1.499,2.90,2.40
2009.11.11 12:02:47.920,1.4986,1.49895,1.00,1.60
2009.11.11 12:02:48.260,1.4986,1.49905,2.50,5.70
2009.11.11 12:02:48.610,1.4986,1.49895,1.00,1.60
2009.11.11 12:02:49.980,1.4986,1.49895,1.00,2.40
2009.11.11 12:02:50.260,1.4986,1.49895,1.00,2.40
2009.11.11 12:02:50.789,1.4986,1.49895,1.00,4.00
2009.11.11 12:02:51.549,1.49855,1.49885,4.50,2.40
2009.11.11 12:02:52.409,1.4986,1.49895,1.00,4.00
2009.11.11 12:02:52.699,1.49855,1.4988,3.60,1.60
2009.11.11 12:02:52.999,1.4986,1.4988,2.00,1.60
2009.11.11 12:02:53.279,1.49855,1.49865,2.00,1.60
2009.11.11 12:02:53.509,1.49855,1.4988,2.00,1.60
2009.11.11 12:02:53.679,1.49845,1.49885,3.30,2.40
2009.11.11 12:02:53.859,1.4985,1.49875,1.00,1.60
2009.11.11 12:02:54.549,1.4985,1.4987,1.00,3.20
2009.11.11 12:02:54.899,1.49815,1.49855,1.00,3.20
2009.11.11 12:02:55.658,1.4981,1.49845,1.00,3.20
2009.11.11 12:02:55.949,1.4982,1.4984,1.00,3.60
2009.11.11 12:02:56.288,1.4982,1.4984,1.00,4.00
2009.11.11 12:02:56.858,1.4982,1.4983,1.00,3.60
2009.11.11 12:02:57.148,1.4982,1.4984,1.00,6.80
2009.11.11 12:02:57.438,1.49785,1.4982,1.00,1.60
2009.11.11 12:02:57.968,1.4978,1.4982,1.00,1.60
2009.11.11 12:02:58.947,1.49785,1.49805,2.80,1.60
2009.11.11 12:02:59.058,1.4978,1.49805,1.00,1.60
2009.11.11 12:02:59.168,1.49775,1.498,4.40,1.60
2009.11.11 12:02:59.278,1.49775,1.49815,3.60,5.30
2009.11.11 12:02:59.447,1.49775,1.4981,3.60,4.40
2009.11.11 12:02:59.567,1.49765,1.49805,5.20,1.60
2009.11.11 12:02:59.687,1.49765,1.498,5.20,1.60
2009.11.11 12:02:59.797,1.49765,1.498,3.20,1.60
2009.11.11 12:03:00.247,1.4977,1.4981,1.00,1.00
2009.11.11 12:03:00.607,1.4977,1.4981,1.00,1.60
2009.11.11 12:03:01.307,1.49775,1.4981,2.10,1.60
2009.11.11 12:03:01.667,1.49775,1.4982,2.90,7.30
2009.11.11 12:03:02.007,1.49775,1.49815,3.10,1.60
2009.11.11 12:03:02.357,1.49775,1.4981,2.30,1.60
2009.11.11 12:03:03.007,1.4977,1.4981,1.00,1.60
2009.11.11 12:03:03.066,1.4977,1.49805,1.00,3.20
2009.11.11 12:03:03.176,1.49765,1.498,3.20,1.60
2009.11.11 12:03:04.006,1.49765,1.4981,3.20,6.00
2009.11.11 12:03:04.117,1.49765,1.498,1.60,3.20
2009.11.11 12:03:05.586,1.49765,1.49805,1.60,3.70
2009.11.11 12:03:05.706,1.49765,1.498,1.00,3.20
2009.11.11 12:03:05.886,1.49765,1.4979,1.00,1.60
2009.11.11 12:03:06.006,1.49765,1.49805,1.00,3.70
2009.11.11 12:03:06.176,1.49765,1.498,2.40,1.60
2009.11.11 12:03:06.466,1.4976,1.4979,2.50,1.60
2009.11.11 12:03:06.806,1.4976,1.4979,1.60,1.60
2009.11.11 12:03:07.155,1.49765,1.49805,1.60,5.30
2009.11.11 12:03:07.495,1.4976,1.49795,2.50,1.60
2009.11.11 12:03:07.726,1.4976,1.49795,1.00,3.20
2009.11.11 12:03:07.965,1.4976,1.4979,2.40,1.60
2009.11.11 12:03:08.145,1.49755,1.4979,5.70,1.60
2009.11.11 12:03:08.385,1.49755,1.4979,3.30,1.60
2009.11.11 12:03:09.185,1.49755,1.4978,3.30,1.60
2009.11.11 12:03:09.955,1.49755,1.4978,2.50,1.60
2009.11.11 12:03:10.585,1.4975,1.4978,6.70,1.60
2009.11.11 12:03:10.755,1.4975,1.4978,7.10,1.60
2009.11.11 12:03:10.934,1.49755,1.4978,2.40,1.60
2009.11.11 12:03:11.964,1.49755,1.4978,2.50,1.60
2009.11.11 12:03:12.414,1.4975,1.4978,5.90,1.60
2009.11.11 12:03:12.624,1.4975,1.4978,2.40,1.60
2009.11.11 12:03:12.804,1.49745,1.4978,1.00,1.60
2009.11.11 12:03:13.044,1.49745,1.4978,1.00,3.20
2009.11.11 12:03:14.044,1.4974,1.4978,1.70,3.20
2009.11.11 12:03:15.983,1.4974,1.4978,2.30,1.60
2009.11.11 12:03:18.353,1.4974,1.4977,1.70,1.60
2009.11.11 12:03:18.703,1.4974,1.49785,1.70,4.50
2009.11.11 12:03:18.923,1.4974,1.4978,1.60,5.20
2009.11.11 12:03:19.102,1.49735,1.4977,1.70,1.60
2009.11.11 12:03:19.273,1.49735,1.4977,3.70,1.60
2009.11.11 12:03:19.492,1.49735,1.49765,3.70,1.60
2009.11.11 12:03:19.662,1.49735,1.49775,3.70,4.00
2009.11.11 12:03:20.012,1.4973,1.49765,1.00,1.60
2009.11.11 12:03:20.372,1.4973,1.49765,2.00,1.60
2009.11.11 12:03:20.702,1.49725,1.4975,1.00,1.60
2009.11.11 12:03:21.322,1.49725,1.49745,1.00,1.60
2009.11.11 12:03:21.552,1.49725,1.49745,1.00,3.20
2009.11.11 12:03:21.773,1.49725,1.4974,1.00,2.10
2009.11.11 12:03:22.162,1.4971,1.4974,1.00,2.10
2009.11.11 12:03:22.452,1.497,1.4974,1.00,2.10
2009.11.11 12:03:22.802,1.49705,1.4974,1.00,2.30
2009.11.11 12:03:23.501,1.49705,1.4974,4.10,1.70
2009.11.11 12:03:24.411,1.49705,1.4974,2.10,1.60
2009.11.11 12:03:25.041,1.49705,1.4974,2.10,1.70
2009.11.11 12:03:25.561,1.49705,1.4974,2.10,1.60
2009.11.11 12:03:25.801,1.49705,1.4974,6.10,1.60
2009.11.11 12:03:26.071,1.4971,1.4974,2.00,1.70
2009.11.11 12:03:26.411,1.49715,1.4975,3.70,1.70
2009.11.11 12:03:26.751,1.49715,1.4976,4.40,3.30
2009.11.11 12:03:27.091,1.49715,1.49755,4.40,1.60
2009.11.11 12:03:27.441,1.4972,1.49755,1.00,1.60
2009.11.11 12:03:27.791,1.49725,1.49765,1.70,2.80
2009.11.11 12:03:28.181,1.49725,1.49755,1.00,1.60
2009.11.11 12:03:29.280,1.4972,1.49755,1.00,1.60
2009.11.11 12:03:29.440,1.49715,1.4975,2.00,3.20
2009.11.11 12:03:29.620,1.49715,1.4975,1.00,3.70
2009.11.11 12:03:29.740,1.49715,1.4975,1.00,2.10
2009.11.11 12:03:30.312,1.49715,1.4976,4.40,3.90
2009.11.11 12:03:31.050,1.49715,1.49755,4.10,1.60
2009.11.11 12:03:31.680,1.49715,1.49755,4.90,1.60
2009.11.11 12:03:32.039,1.49725,1.49755,1.00,1.60
2009.11.11 12:03:33.669,1.49725,1.49765,1.00,5.30
2009.11.11 12:03:33.839,1.49725,1.49765,1.00,1.00
2009.11.11 12:03:34.079,1.4973,1.49775,1.00,4.40
2009.11.11 12:03:34.319,1.4973,1.49775,1.00,1.60
2009.11.11 12:03:34.429,1.49735,1.49775,1.00,3.60
2009.11.11 12:03:34.539,1.49735,1.49775,1.00,1.60
2009.11.11 12:03:34.659,1.4973,1.4977,1.60,1.60
2009.11.11 12:03:34.769,1.4973,1.4977,2.40,1.60
2009.11.11 12:03:34.939,1.49735,1.4978,1.00,8.40
2009.11.11 12:03:35.279,1.4973,1.4976,1.00,1.60
2009.11.11 12:03:36.199,1.4973,1.4976,1.30,1.60
2009.11.11 12:03:36.429,1.4973,1.49775,2.90,4.80
2009.11.11 12:03:36.659,1.49735,1.4977,2.10,2.40
2009.11.11 12:03:36.878,1.49735,1.4977,2.10,1.00
2009.11.11 12:03:37.118,1.49735,1.4977,6.10,2.40
2009.11.11 12:03:37.468,1.49735,1.4977,3.70,1.00
2009.11.11 12:03:38.398,1.49735,1.4977,1.70,1.00
2009.11.11 12:03:38.628,1.4974,1.4977,1.00,1.00
2009.11.11 12:03:39.038,1.49735,1.49785,5.00,5.20
2009.11.11 12:03:39.278,1.49745,1.4978,1.00,2.40
2009.11.11 12:03:39.498,1.49745,1.4978,2.80,1.00
2009.11.11 12:03:39.847,1.4975,1.49795,1.00,3.20
2009.11.11 12:03:40.548,1.4975,1.4979,2.90,2.40
2009.11.11 12:03:41.057,1.49755,1.4979,2.00,1.60
2009.11.11 12:03:41.587,1.49745,1.49785,2.90,2.10
2009.11.11 12:03:42.887,1.4975,1.49785,2.00,2.10
2009.11.11 12:03:45.826,1.4976,1.49785,1.00,2.10
2009.11.11 12:03:46.116,1.4976,1.49795,1.00,3.10
2009.11.11 12:03:46.276,1.4976,1.4979,1.00,2.10
2009.11.11 12:03:46.446,1.4975,1.4979,2.80,4.50
2009.11.11 12:03:46.846,1.4975,1.4979,3.20,2.90
2009.11.11 12:03:48.188,1.4975,1.49785,3.20,1.60
2009.11.11 12:03:48.536,1.4975,1.49785,3.50,2.10
2009.11.11 12:03:50.315,1.4976,1.49795,1.00,1.00
2009.11.11 12:03:50.775,1.49765,1.4979,1.00,1.00
2009.11.11 12:03:50.895,1.49765,1.49805,1.00,3.00
2009.11.11 12:03:51.075,1.4976,1.498,4.90,1.70
2009.11.11 12:03:51.425,1.4976,1.498,4.50,1.70
2009.11.11 12:03:52.075,1.49765,1.498,1.00,1.70
2009.11.11 12:03:52.764,1.49765,1.498,1.00,1.60
2009.11.11 12:03:53.105,1.49765,1.498,1.00,1.60
2009.11.11 12:03:55.204,1.4976,1.498,4.50,1.60
2009.11.11 12:03:56.583,1.4976,1.498,3.70,1.60
2009.11.11 12:03:56.693,1.4976,1.49795,2.10,1.60
2009.11.11 12:04:00.902,1.4976,1.49795,2.90,1.60
2009.11.11 12:04:04.042,1.4976,1.49795,2.80,1.60
2009.11.11 12:04:04.212,1.4976,1.49805,2.80,2.90
2009.11.11 12:04:05.541,1.4976,1.498,2.00,2.40
2009.11.11 12:04:06.081,1.4976,1.498,2.80,2.40
2009.11.11 12:04:07.111,1.4976,1.498,1.00,2.40
2009.11.11 12:04:07.601,1.4976,1.498,2.80,2.40
2009.11.11 12:04:10.221,1.4976,1.498,1.00,2.40
2009.11.11 12:04:10.580,1.4976,1.498,2.80,2.40
2009.11.11 12:04:13.040,1.4976,1.498,2.00,2.40
2009.11.11 12:04:14.449,1.49755,1.498,3.70,2.40
2009.11.11 12:04:15.979,1.4976,1.498,1.00,2.40
2009.11.11 12:04:17.089,1.49755,1.498,3.70,2.40
2009.11.11 12:04:19.128,1.49755,1.498,3.70,2.50
2009.11.11 12:04:19.248,1.49755,1.498,3.70,2.40
2009.11.11 12:04:21.248,1.4976,1.498,2.30,2.40
2009.11.11 12:04:21.428,1.4976,1.498,1.00,2.40
2009.11.11 12:04:21.598,1.4976,1.498,1.00,2.40
2009.11.11 12:04:21.718,1.4976,1.498,1.70,2.40
2009.11.11 12:04:21.897,1.4976,1.498,1.00,2.40
2009.11.11 12:04:25.147,1.4976,1.498,1.00,2.50
2009.11.11 12:04:25.497,1.4976,1.498,1.00,2.50
2009.11.11 12:04:26.287,1.49765,1.498,1.00,1.70
2009.11.11 12:04:26.586,1.4976,1.498,1.00,1.70
2009.11.11 12:04:27.286,1.49765,1.498,2.00,2.40
2009.11.11 12:04:28.086,1.49765,1.498,2.10,2.40
2009.11.11 12:04:29.775,1.49765,1.498,2.10,1.60
2009.11.11 12:04:31.825,1.49765,1.498,2.90,1.60
2009.11.11 12:04:34.014,1.49785,1.4981,1.00,1.00
2009.11.11 12:04:34.355,1.49785,1.49825,1.00,3.10
2009.11.11 12:04:34.814,1.4978,1.4982,3.60,1.60
2009.11.11 12:04:35.164,1.49775,1.49815,6.00,1.60
2009.11.11 12:04:35.854,1.4978,1.49815,1.00,1.60
2009.11.11 12:04:36.204,1.49785,1.49825,1.60,2.90
2009.11.11 12:04:36.554,1.49785,1.4982,1.60,1.60
2009.11.11 12:04:36.794,1.49785,1.4982,5.60,1.60
2009.11.11 12:04:36.974,1.49795,1.4983,2.00,2.60
2009.11.11 12:04:37.194,1.49795,1.4983,2.00,2.70
2009.11.11 12:04:38.373,1.4979,1.49825,1.00,1.80
2009.11.11 12:04:38.663,1.49785,1.4982,2.00,1.60
2009.11.11 12:04:38.833,1.49785,1.4982,3.60,1.60
2009.11.11 12:04:39.663,1.49785,1.4982,3.60,1.70
2009.11.11 12:04:39.773,1.49785,1.4982,1.60,2.40
2009.11.11 12:04:39.893,1.4978,1.49815,2.10,1.60
2009.11.11 12:04:40.523,1.4978,1.49815,4.80,1.00
2009.11.11 12:04:40.863,1.49785,1.49825,1.60,2.30
2009.11.11 12:04:41.213,1.49785,1.4982,3.60,1.60
2009.11.11 12:04:46.262,1.49785,1.4983,3.60,3.60
2009.11.11 12:04:46.621,1.49785,1.49825,4.40,1.70
2009.11.11 12:04:48.121,1.49785,1.49825,4.50,1.60
2009.11.11 12:04:48.241,1.49785,1.49835,4.50,4.80
2009.11.11 12:04:49.801,1.49785,1.4983,4.50,1.70
2009.11.11 12:04:50.091,1.49785,1.4983,4.40,1.70
2009.11.11 12:04:51.590,1.49785,1.4983,4.40,1.60
2009.11.11 12:04:51.701,1.49785,1.49825,2.00,2.40
2009.11.11 12:04:51.870,1.49785,1.49825,1.00,1.70
2009.11.11 12:04:52.140,1.49785,1.49825,2.80,1.70
2009.11.11 12:04:52.310,1.49785,1.49825,1.00,1.70
2009.11.11 12:04:52.640,1.4979,1.49835,1.60,5.20
2009.11.11 12:04:52.990,1.4979,1.4983,1.00,3.60
2009.11.11 12:04:53.330,1.49795,1.4983,1.00,1.60
2009.11.11 12:04:53.610,1.49795,1.49845,1.00,10.50
2009.11.11 12:04:53.780,1.49795,1.4984,1.00,3.70
2009.11.11 12:04:54.010,1.4979,1.4983,1.00,1.60
2009.11.11 12:04:54.240,1.4979,1.49845,2.80,4.90
2009.11.11 12:04:54.480,1.4979,1.4983,2.80,1.60
2009.11.11 12:04:54.720,1.49795,1.49845,1.00,9.30
2009.11.11 12:04:54.990,1.49785,1.49825,2.40,1.60
2009.11.11 12:04:55.629,1.49785,1.4984,3.20,4.40
2009.11.11 12:04:55.919,1.49795,1.49835,1.00,1.60
2009.11.11 12:04:56.269,1.49785,1.4982,2.80,1.60
2009.11.11 12:04:56.569,1.49785,1.4982,1.60,1.60
2009.11.11 12:04:56.869,1.49795,1.49835,1.00,2.40
2009.11.11 12:04:57.199,1.4979,1.4983,1.00,1.60
2009.11.11 12:04:57.479,1.4979,1.4984,4.40,5.90
2009.11.11 12:04:59.209,1.4979,1.49835,4.40,1.60
2009.11.11 12:05:01.258,1.4979,1.49835,2.40,1.60
2009.11.11 12:05:01.718,1.49785,1.4982,6.80,1.60
2009.11.11 12:05:01.958,1.49785,1.4982,4.80,1.60
2009.11.11 12:05:02.188,1.4979,1.4983,1.60,2.50
2009.11.11 12:05:02.418,1.4979,1.4984,1.60,9.10
2009.11.11 12:05:02.768,1.4979,1.49835,2.40,1.60
2009.11.11 12:05:04.447,1.4979,1.4983,2.40,1.60
2009.11.11 12:05:04.687,1.4979,1.4983,2.40,2.40
2009.11.11 12:05:06.067,1.4979,1.4983,2.40,2.50
2009.11.11 12:05:07.336,1.4979,1.49825,1.00,1.60
2009.11.11 12:05:18.994,1.4979,1.49825,1.00,1.70
2009.11.11 12:05:19.973,1.4979,1.49825,1.00,1.60
2009.11.11 12:05:21.183,1.4979,1.49825,1.00,1.60
2009.11.11 12:05:25.972,1.49795,1.49825,4.00,1.60
2009.11.11 12:05:26.312,1.4979,1.49825,1.00,1.60
2009.11.11 12:05:26.542,1.498,1.49825,1.60,1.00
2009.11.11 12:05:26.772,1.498,1.49825,1.00,1.00
2009.11.11 12:05:27.582,1.498,1.4984,2.40,9.30
2009.11.11 12:05:27.922,1.498,1.49835,2.80,1.00
2009.11.11 12:05:28.732,1.49795,1.49845,1.20,5.10
2009.11.11 12:05:28.842,1.49795,1.4984,1.00,4.40
2009.11.11 12:05:29.011,1.498,1.4983,1.00,1.60
2009.11.11 12:05:29.131,1.49795,1.4983,3.20,1.60
2009.11.11 12:05:29.251,1.49795,1.4983,2.80,1.60
2009.11.11 12:05:31.161,1.49795,1.4983,2.80,1.70
2009.11.11 12:05:31.571,1.49795,1.4983,1.00,1.70
2009.11.11 12:05:31.801,1.49795,1.4983,2.80,1.70
2009.11.11 12:05:32.491,1.49795,1.4983,2.80,1.60
2009.11.11 12:05:32.781,1.498,1.4984,2.00,4.00
2009.11.11 12:05:34.360,1.49795,1.49835,4.00,2.50
2009.11.11 12:05:34.480,1.498,1.49835,2.00,2.50
2009.11.11 12:05:36.040,1.49795,1.49835,6.00,2.50
2009.11.11 12:05:36.269,1.49795,1.49835,4.00,2.50
2009.11.11 12:05:36.799,1.498,1.49835,2.00,2.50
2009.11.11 12:05:39.559,1.49795,1.49835,4.80,2.50
2009.11.11 12:05:39.848,1.49795,1.49835,2.80,2.50
2009.11.11 12:05:42.908,1.49795,1.49835,1.20,2.50
2009.11.11 12:05:44.967,1.49795,1.49835,3.20,2.50
2009.11.11 12:05:45.547,1.498,1.49835,1.00,2.50
2009.11.11 12:05:46.007,1.498,1.49835,2.40,2.50
2009.11.11 12:05:47.027,1.498,1.49835,1.00,2.50
2009.11.11 12:05:47.377,1.498,1.49835,2.40,2.50
2009.11.11 12:05:50.676,1.49805,1.49835,1.00,2.50
2009.11.11 12:05:51.726,1.49805,1.49835,1.00,2.50
2009.11.11 12:05:51.836,1.498,1.4984,4.00,4.40
2009.11.11 12:05:51.956,1.498,1.49835,2.80,2.50
2009.11.11 12:05:52.066,1.498,1.49835,6.00,2.50
2009.11.11 12:05:57.065,1.498,1.4984,1.60,2.50
2009.11.11 12:05:57.355,1.498,1.4984,2.80,2.40
2009.11.11 12:05:57.645,1.498,1.4984,2.00,1.60
2009.11.11 12:05:57.924,1.49795,1.4984,6.10,1.60
2009.11.11 12:05:59.014,1.49795,1.4984,5.30,2.40
2009.11.11 12:05:59.304,1.49795,1.4984,6.10,1.60
2009.11.11 12:05:59.544,1.49795,1.4984,3.30,1.60
2009.11.11 12:06:00.534,1.49795,1.4984,4.10,1.60
2009.11.11 12:06:00.764,1.498,1.4984,1.00,1.60
2009.11.11 12:06:06.802,1.49795,1.4984,6.90,1.60
2009.11.11 12:06:07.093,1.498,1.4984,1.00,1.60
2009.11.11 12:06:10.052,1.49805,1.4984,1.00,1.60
2009.11.11 12:06:10.521,1.498,1.4984,1.00,1.60
2009.11.11 12:06:11.131,1.498,1.4984,1.00,2.40
2009.11.11 12:06:11.721,1.498,1.4984,1.00,4.40
2009.11.11 12:06:12.061,1.49805,1.4984,1.00,4.40
2009.11.11 12:06:14.850,1.49805,1.49835,1.00,1.00
2009.11.11 12:06:16.220,1.49805,1.49845,1.00,5.70
2009.11.11 12:06:18.879,1.498,1.4984,2.50,2.40
2009.11.11 12:06:25.248,1.498,1.49835,1.00,2.40
2009.11.11 12:06:35.725,1.49795,1.49835,1.00,2.40
2009.11.11 12:06:36.075,1.4979,1.4983,1.50,1.00
2009.11.11 12:06:36.425,1.49795,1.49845,1.00,14.90
2009.11.11 12:06:36.765,1.49795,1.49835,1.00,1.60
2009.11.11 12:06:37.405,1.498,1.49835,1.00,1.60
2009.11.11 12:06:42.294,1.49795,1.49835,1.00,3.60
2009.11.11 12:06:42.404,1.49795,1.49835,1.00,2.80
2009.11.11 12:06:42.464,1.49795,1.4983,1.00,1.00
2009.11.11 12:06:42.883,1.49795,1.4984,1.00,9.20
2009.11.11 12:06:43.933,1.498,1.49835,1.00,2.00
2009.11.11 12:06:46.463,1.498,1.49845,1.00,5.90
2009.11.11 12:06:46.743,1.498,1.4984,1.00,2.80
2009.11.11 12:06:47.272,1.498,1.4984,1.00,1.00
2009.11.11 12:06:48.072,1.498,1.4984,3.90,1.00
2009.11.11 12:06:48.302,1.49805,1.4984,1.00,1.00
2009.11.11 12:06:52.631,1.49805,1.4983,1.00,1.60
2009.11.11 12:06:53.032,1.49795,1.4983,1.60,1.00
2009.11.11 12:06:53.371,1.49795,1.4983,2.40,1.00
2009.11.11 12:06:53.761,1.49795,1.4983,2.40,1.10
2009.11.11 12:06:54.081,1.4979,1.49825,2.40,2.30
2009.11.11 12:06:54.421,1.4978,1.4982,3.60,2.40
2009.11.11 12:06:54.771,1.4978,1.4982,1.00,2.40
2009.11.11 12:06:55.860,1.49785,1.4982,1.00,2.40
2009.11.11 12:06:57.290,1.49785,1.4982,1.60,2.40
2009.11.11 12:06:59.370,1.49785,1.4982,1.60,1.60
2009.11.11 12:06:59.540,1.49785,1.4983,1.60,5.90
2009.11.11 12:07:00.119,1.49785,1.49825,2.40,2.40
2009.11.11 12:07:00.819,1.49785,1.4982,1.60,1.00
2009.11.11 12:07:01.110,1.49785,1.4982,1.00,2.90
2009.11.11 12:07:01.439,1.4978,1.49815,1.00,5.30
2009.11.11 12:07:03.139,1.49775,1.4981,2.90,4.90
2009.11.11 12:07:03.369,1.49775,1.4981,1.00,4.90
2009.11.11 12:07:03.598,1.4977,1.49805,3.70,1.00
2009.11.11 12:07:03.829,1.4977,1.49805,3.60,1.00
2009.11.11 12:07:04.238,1.4977,1.49805,3.70,1.00
2009.11.11 12:07:04.518,1.4977,1.498,2.00,1.60
2009.11.11 12:07:04.878,1.4977,1.498,1.00,1.60
2009.11.11 12:07:12.676,1.49775,1.4981,1.00,3.10
2009.11.11 12:07:12.966,1.49775,1.4981,1.00,3.10
2009.11.11 12:07:13.197,1.4977,1.49805,1.00,3.10
2009.11.11 12:07:13.486,1.49775,1.49815,1.00,6.40
2009.11.11 12:07:13.776,1.4977,1.49805,1.30,1.80
2009.11.11 12:07:14.066,1.4977,1.498,1.00,1.60
2009.11.11 12:07:20.344,1.4977,1.4981,2.40,4.40
2009.11.11 12:07:20.634,1.49775,1.4981,1.00,3.10
2009.11.11 12:07:24.573,1.49775,1.4981,1.00,3.10
2009.11.11 12:07:24.813,1.49775,1.4981,1.00,3.10
2009.11.11 12:07:26.323,1.49775,1.4981,1.00,3.10
2009.11.11 12:07:27.303,1.49775,1.4981,1.00,3.10
2009.11.11 12:07:30.182,1.49775,1.4981,1.00,2.30
2009.11.11 12:07:30.522,1.49775,1.4981,4.50,1.60
2009.11.11 12:07:30.882,1.49775,1.4981,2.50,1.60
2009.11.11 12:07:31.402,1.49775,1.4981,4.50,1.60
2009.11.11 12:07:31.972,1.49775,1.4981,2.50,1.60
2009.11.11 12:07:32.152,1.49775,1.4981,2.70,1.60
2009.11.11 12:07:39.360,1.4978,1.4981,1.00,2.40
2009.11.11 12:07:46.138,1.4978,1.4981,1.00,1.60
2009.11.11 12:07:53.066,1.4978,1.4982,2.30,3.10
2009.11.11 12:07:53.426,1.4978,1.49815,4.30,1.60
2009.11.11 12:07:54.157,1.4978,1.49815,4.50,1.60
2009.11.11 12:07:54.396,1.49785,1.49815,1.00,1.60
2009.11.11 12:08:04.324,1.49785,1.49815,1.00,1.60
2009.11.11 12:08:04.434,1.49785,1.4982,1.00,2.30
2009.11.11 12:08:04.544,1.49785,1.49815,1.00,2.60
2009.11.11 12:08:04.664,1.49775,1.4981,2.10,2.10
2009.11.11 12:08:04.724,1.4978,1.4981,1.00,2.10
2009.11.11 12:08:05.794,1.4978,1.4981,1.00,2.30
2009.11.11 12:08:06.143,1.49775,1.4981,1.00,2.30
2009.11.11 12:08:06.953,1.49775,1.4981,1.00,2.20
2009.11.11 12:08:08.093,1.49775,1.4981,2.50,1.60
2009.11.11 12:08:08.683,1.49775,1.4981,4.50,1.60
2009.11.11 12:08:08.913,1.4978,1.4981,1.00,1.60
2009.11.11 12:08:17.061,1.49775,1.4981,4.50,1.60
2009.11.11 12:08:17.301,1.49775,1.4981,2.90,2.10
2009.11.11 12:08:18.041,1.49775,1.4981,1.00,2.30
2009.11.11 12:08:18.510,1.49775,1.4981,1.00,2.30
2009.11.11 12:08:18.801,1.49775,1.4981,1.00,2.20
2009.11.11 12:08:19.310,1.49775,1.49805,1.00,2.10
2009.11.11 12:08:20.180,1.49775,1.49805,1.00,2.30
2009.11.11 12:08:22.180,1.4978,1.498,2.40,1.60
2009.11.11 12:08:22.410,1.4978,1.49815,2.40,4.00
2009.11.11 12:08:22.570,1.49785,1.49805,1.00,2.10
2009.11.11 12:08:23.439,1.49775,1.49805,2.40,1.00
2009.11.11 12:08:24.529,1.49775,1.49805,1.00,2.10
2009.11.11 12:08:24.589,1.4977,1.498,2.40,1.60
2009.11.11 12:08:24.919,1.4977,1.498,2.40,1.60
2009.11.11 12:08:25.219,1.49765,1.498,2.50,2.10
2009.11.11 12:08:25.519,1.49765,1.498,1.00,2.10
2009.11.11 12:08:26.099,1.49765,1.49795,1.00,1.70
2009.11.11 12:08:27.029,1.49765,1.49795,1.00,1.60
2009.11.11 12:08:31.038,1.4976,1.49795,4.40,2.30
2009.11.11 12:08:32.127,1.4976,1.498,4.40,3.40
2009.11.11 12:08:33.577,1.4976,1.49795,2.40,2.20
2009.11.11 12:08:34.567,1.4976,1.49795,2.80,2.20
2009.11.11 12:08:34.857,1.4976,1.49795,1.00,2.20
2009.11.11 12:08:38.476,1.4976,1.49795,1.00,2.30
2009.11.11 12:08:39.985,1.4976,1.498,1.00,3.40
2009.11.11 12:08:43.664,1.4976,1.498,2.50,1.00
2009.11.11 12:08:43.884,1.49765,1.498,2.10,2.40
2009.11.11 12:08:44.164,1.49775,1.498,2.10,1.00
2009.11.11 12:08:44.394,1.49775,1.498,1.00,2.40
2009.11.11 12:08:44.624,1.49765,1.498,1.00,2.10
2009.11.11 12:08:44.844,1.49765,1.498,2.70,1.60
2009.11.11 12:08:45.884,1.49765,1.498,2.50,1.60
2009.11.11 12:08:47.714,1.49765,1.49815,2.50,6.80
2009.11.11 12:08:47.933,1.49765,1.4981,4.50,2.50
2009.11.11 12:08:48.283,1.49765,1.498,4.50,1.60
2009.11.11 12:08:48.673,1.49765,1.498,2.50,2.10
2009.11.11 12:08:49.003,1.49765,1.498,2.50,2.30
2009.11.11 12:08:49.803,1.49765,1.498,1.70,2.30
2009.11.11 12:08:50.823,1.49765,1.498,1.70,2.40
2009.11.11 12:08:51.342,1.4977,1.498,4.80,1.00
2009.11.11 12:08:51.573,1.4977,1.4981,2.90,6.20
2009.11.11 12:08:51.793,1.4977,1.49805,1.00,2.50
2009.11.11 12:08:51.972,1.49765,1.498,4.50,2.30
2009.11.11 12:08:52.202,1.49765,1.498,2.50,2.30
2009.11.11 12:08:52.992,1.49765,1.498,2.50,2.40
2009.11.11 12:08:54.162,1.49765,1.498,2.40,2.40
2009.11.11 12:08:54.342,1.49765,1.498,2.40,2.40
2009.11.11 12:08:54.402,1.49765,1.49795,1.00,1.60
2009.11.11 12:08:54.572,1.4976,1.49795,4.50,1.60
2009.11.11 12:08:55.102,1.4976,1.49795,2.90,1.60
2009.11.11 12:08:55.912,1.4976,1.49795,2.90,1.70
2009.11.11 12:08:58.781,1.4976,1.49795,2.80,1.90
2009.11.11 12:09:00.521,1.4976,1.498,2.90,3.30
2009.11.11 12:09:08.068,1.4976,1.49795,2.90,1.60
2009.11.11 12:09:08.408,1.49765,1.49805,4.40,5.00
2009.11.11 12:09:08.969,1.49765,1.498,2.40,2.00
2009.11.11 12:09:09.199,1.4977,1.4981,1.60,5.60
2009.11.11 12:09:10.238,1.49775,1.4981,1.00,2.50
2009.11.11 12:09:10.528,1.49775,1.4981,2.90,1.00
2009.11.11 12:09:10.878,1.4978,1.4981,1.00,1.00
2009.11.11 12:09:11.968,1.49775,1.4981,2.90,1.00
2009.11.11 12:09:12.088,1.49775,1.4982,2.90,4.80
2009.11.11 12:09:12.257,1.49775,1.49815,3.60,2.50
2009.11.11 12:09:12.317,1.49775,1.49815,5.20,2.50
2009.11.11 12:09:12.377,1.49775,1.49815,3.20,2.50
2009.11.11 12:09:12.498,1.4978,1.49815,1.00,2.50
2009.11.11 12:09:14.007,1.4978,1.49815,1.00,2.50
2009.11.11 12:09:18.676,1.4978,1.49815,1.00,2.50
2009.11.11 12:09:22.597,1.4978,1.49815,1.00,2.40
2009.11.11 12:09:22.717,1.4978,1.49815,1.70,1.00
2009.11.11 12:09:22.827,1.4978,1.49815,2.50,1.00
2009.11.11 12:09:22.947,1.49785,1.49815,1.00,1.00
2009.11.11 12:09:25.017,1.4978,1.49815,2.50,1.00
2009.11.11 12:09:27.046,1.4978,1.49815,2.70,1.00
2009.11.11 12:09:27.666,1.4978,1.49815,2.50,1.00
2009.11.11 12:09:28.316,1.49785,1.49815,1.00,1.00
2009.11.11 12:09:28.536,1.49785,1.49825,2.30,6.70
2009.11.11 12:09:29.216,1.4979,1.49825,1.70,2.80
2009.11.11 12:09:29.276,1.49785,1.49825,2.50,2.80
2009.11.11 12:09:30.166,1.49795,1.49835,1.00,6.70
2009.11.11 12:09:30.405,1.4979,1.49825,1.00,1.00
2009.11.11 12:09:31.515,1.4979,1.4982,1.00,1.60
2009.11.11 12:09:31.795,1.49785,1.4982,2.40,1.60
2009.11.11 12:09:32.085,1.49785,1.4983,2.50,5.30
2009.11.11 12:09:32.255,1.49785,1.4982,4.40,1.60
2009.11.11 12:09:32.375,1.49785,1.4982,2.40,1.60
2009.11.11 12:09:32.545,1.49785,1.4983,2.50,3.30
2009.11.11 12:09:33.754,1.4979,1.49825,1.00,1.00
2009.11.11 12:09:34.135,1.4979,1.49835,1.00,5.90
2009.11.11 12:09:34.414,1.4979,1.4983,1.00,1.60
2009.11.11 12:09:34.635,1.4979,1.4983,1.00,2.40
2009.11.11 12:09:35.214,1.49785,1.4982,2.50,1.60
2009.11.11 12:09:35.554,1.49785,1.4982,2.40,2.40
2009.11.11 12:09:35.904,1.49785,1.4982,2.50,1.00
2009.11.11 12:09:36.484,1.49785,1.4982,2.40,2.40
2009.11.11 12:09:36.664,1.49785,1.4982,2.50,2.40
2009.11.11 12:09:36.894,1.49785,1.4982,2.50,1.00
2009.11.11 12:09:38.093,1.4979,1.4982,1.00,1.00
2009.11.11 12:09:40.773,1.49785,1.4982,2.50,2.80
2009.11.11 12:09:41.093,1.49785,1.4982,1.00,1.60
2009.11.11 12:09:41.373,1.4979,1.4983,1.00,4.00
2009.11.11 12:09:41.663,1.49785,1.49825,1.00,2.40
2009.11.11 12:09:42.252,1.49785,1.49825,2.80,2.40
2009.11.11 12:09:43.112,1.49785,1.49825,2.80,2.50
2009.11.11 12:09:44.032,1.49785,1.4982,1.00,2.30
2009.11.11 12:09:44.622,1.49785,1.49815,1.60,1.60
2009.11.11 12:09:44.962,1.4979,1.49815,1.00,1.60
2009.11.11 12:09:47.591,1.4978,1.49815,2.80,1.60
2009.11.11 12:09:47.941,1.4978,1.49815,1.00,1.60
2009.11.11 12:09:49.351,1.4978,1.49825,3.20,4.40
2009.11.11 12:09:49.471,1.49785,1.4982,1.00,2.40
2009.11.11 12:09:49.521,1.49785,1.4982,1.00,4.40
2009.11.11 12:09:52.580,1.49785,1.49815,1.00,3.60
2009.11.11 12:09:52.870,1.4978,1.49815,1.60,3.10
2009.11.11 12:09:53.210,1.4978,1.49815,1.00,3.10
2009.11.11 12:09:53.550,1.49785,1.4982,1.00,4.00
2009.11.11 12:09:54.100,1.49785,1.4982,2.40,1.60
2009.11.11 12:09:54.370,1.49785,1.4982,3.20,1.00
2009.11.11 12:09:54.600,1.4979,1.49815,1.00,1.70
2009.11.11 12:09:54.869,1.4978,1.49815,2.80,2.50
2009.11.11 12:09:55.100,1.4978,1.49815,1.00,3.20
2009.11.11 12:09:56.309,1.4978,1.49815,1.00,3.20
2009.11.11 12:09:56.609,1.49785,1.49815,1.60,1.00
2009.11.11 12:09:56.849,1.49785,1.49815,2.40,1.00
2009.11.11 12:09:58.529,1.49785,1.4981,2.40,1.60
2009.11.11 12:10:01.908,1.49785,1.4981,2.50,1.60
2009.11.11 12:10:11.096,1.49785,1.4981,2.40,1.60
2009.11.11 12:10:11.565,1.49785,1.4981,1.00,1.60
2009.11.11 12:10:11.736,1.4978,1.4981,1.00,1.60
2009.11.11 12:10:11.895,1.4978,1.4981,1.00,1.60
2009.11.11 12:10:12.765,1.4978,1.4981,1.00,1.60
2009.11.11 12:10:13.625,1.4978,1.4981,2.00,1.60
2009.11.11 12:10:13.985,1.49785,1.4981,2.10,1.60
2009.11.11 12:10:18.644,1.49785,1.4981,1.00,1.60
2009.11.11 12:10:19.473,1.4979,1.4981,1.00,1.60
2009.11.11 12:10:20.573,1.49785,1.4981,1.00,1.60
2009.11.11 12:10:20.743,1.49785,1.4981,1.00,1.60
2009.11.11 12:10:22.373,1.4979,1.4981,1.00,1.60
2009.11.11 12:10:23.043,1.4979,1.4981,1.00,1.60
2009.11.11 12:10:23.673,1.49785,1.4981,1.00,1.60
2009.11.11 12:10:24.442,1.4979,1.4981,1.00,1.60
2009.11.11 12:10:25.962,1.49785,1.4981,1.00,1.60
2009.11.11 12:10:30.001,1.4978,1.4981,1.00,1.60
2009.11.11 12:10:30.121,1.4978,1.49805,1.00,1.60
2009.11.11 12:10:30.241,1.4978,1.49815,2.10,5.20
2009.11.11 12:10:30.361,1.4978,1.49815,3.70,4.40
2009.11.11 12:10:30.481,1.4978,1.49815,2.90,4.40
2009.11.11 12:10:30.711,1.4978,1.49815,1.00,4.50
2009.11.11 12:10:31.061,1.4978,1.49815,2.90,4.50
2009.11.11 12:10:31.521,1.49785,1.49815,1.00,4.50
2009.11.11 12:10:32.920,1.49785,1.49815,1.00,4.50
2009.11.11 12:10:37.419,1.4978,1.4981,2.90,1.60
2009.11.11 12:10:37.539,1.4978,1.4981,2.10,4.00
2009.11.11 12:10:37.649,1.4978,1.4981,2.10,2.40
2009.11.11 12:10:37.759,1.4978,1.4981,4.10,4.00
2009.11.11 12:10:37.879,1.4978,1.4981,2.90,3.20
2009.11.11 12:10:38.399,1.4978,1.4981,2.90,1.60
2009.11.11 12:10:38.699,1.49785,1.4981,1.00,1.60
2009.11.11 12:11:00.184,1.49785,1.4981,2.10,1.60
2009.11.11 12:11:00.593,1.49785,1.4981,2.50,1.60
2009.11.11 12:11:04.693,1.49785,1.4981,1.00,1.60
2009.11.11 12:11:05.092,1.49785,1.4982,1.00,4.00
2009.11.11 12:11:07.862,1.49785,1.4982,1.00,8.00
2009.11.11 12:11:08.092,1.49785,1.4981,1.00,2.40
2009.11.11 12:11:08.262,1.4978,1.4981,2.10,5.50
2009.11.11 12:11:08.652,1.4978,1.498,2.00,8.00
2009.11.11 12:11:08.992,1.49745,1.49795,3.30,5.20
2009.11.11 12:11:10.591,1.49765,1.49795,1.00,5.20
2009.11.11 12:11:10.871,1.49755,1.49785,5.30,2.80
2009.11.11 12:11:11.111,1.49755,1.4978,1.00,1.60
2009.11.11 12:11:11.341,1.49755,1.4978,1.00,3.20
2009.11.11 12:11:12.161,1.49755,1.4978,1.00,3.20
2009.11.11 12:11:12.511,1.49755,1.49795,1.00,9.60
2009.11.11 12:11:12.851,1.49755,1.4979,4.50,1.00
2009.11.11 12:11:13.081,1.49755,1.4979,3.30,1.00
2009.11.11 12:11:13.260,1.49765,1.498,1.00,3.10
2009.11.11 12:11:13.431,1.4976,1.49795,2.90,2.40
2009.11.11 12:11:13.840,1.4976,1.49795,1.00,2.40
2009.11.11 12:11:14.180,1.4976,1.49795,2.90,2.40
2009.11.11 12:11:14.530,1.4976,1.49795,1.00,2.40
2009.11.11 12:11:14.890,1.4976,1.49795,2.90,2.40
2009.11.11 12:11:15.340,1.4976,1.49795,2.90,1.00
2009.11.11 12:11:15.570,1.4976,1.49805,2.90,5.20
2009.11.11 12:11:15.740,1.4976,1.498,3.70,3.10
2009.11.11 12:11:20.519,1.49775,1.49805,3.60,1.00
2009.11.11 12:11:20.879,1.49775,1.49815,1.00,7.20
2009.11.11 12:11:21.409,1.49775,1.4981,1.00,8.00
2009.11.11 12:11:21.578,1.4977,1.498,1.00,1.00
2009.11.11 12:11:22.269,1.49765,1.498,4.50,1.00
2009.11.11 12:11:24.008,1.49765,1.498,4.70,1.00
2009.11.11 12:11:24.678,1.49765,1.498,4.50,1.00
2009.11.11 12:11:24.848,1.49765,1.498,2.90,1.00
2009.11.11 12:11:25.088,1.49765,1.498,4.50,1.00
2009.11.11 12:11:25.148,1.4977,1.498,3.50,1.00
2009.11.11 12:11:25.428,1.49775,1.4981,2.10,3.20
2009.11.11 12:11:26.807,1.49775,1.49805,1.00,1.00
2009.11.11 12:11:27.037,1.4977,1.498,1.00,2.90
2009.11.11 12:11:27.617,1.49765,1.498,1.70,2.90
2009.11.11 12:11:27.897,1.49765,1.498,1.60,3.00
2009.11.11 12:11:28.127,1.49765,1.498,1.60,3.10
2009.11.11 12:11:29.047,1.49765,1.498,1.70,3.10
2009.11.11 12:11:30.156,1.49765,1.498,1.70,2.90
2009.11.11 12:11:30.687,1.49765,1.498,3.70,1.00
2009.11.11 12:11:30.856,1.49765,1.498,4.50,1.00
2009.11.11 12:11:31.936,1.49775,1.4981,1.00,2.50
2009.11.11 12:11:32.106,1.49775,1.4981,1.00,1.00
2009.11.11 12:11:32.226,1.49775,1.4982,1.00,12.50
2009.11.11 12:11:34.165,1.49775,1.49815,1.00,4.00
2009.11.11 12:11:34.345,1.49775,1.49815,2.50,2.40
2009.11.11 12:11:34.515,1.49775,1.4981,1.00,1.60
2009.11.11 12:11:34.625,1.49775,1.4981,1.00,2.30
2009.11.11 12:11:34.805,1.49775,1.4981,1.00,3.10
2009.11.11 12:11:35.205,1.4977,1.49805,1.00,3.10
2009.11.11 12:11:36.965,1.4977,1.49805,2.70,1.00
2009.11.11 12:11:39.344,1.49775,1.49805,2.30,1.00
2009.11.11 12:11:39.514,1.49775,1.49815,2.30,5.50
2009.11.11 12:11:40.984,1.49775,1.4981,2.50,2.40
2009.11.11 12:11:42.004,1.49775,1.4981,2.30,2.50
2009.11.11 12:11:46.473,1.49775,1.4981,2.50,2.40
2009.11.11 12:11:48.112,1.49775,1.4981,2.30,2.40
2009.11.11 12:11:49.042,1.49775,1.4981,2.30,2.50
2009.11.11 12:11:51.131,1.49775,1.4981,3.10,1.70
2009.11.11 12:11:55.041,1.4978,1.4981,1.00,1.00
2009.11.11 12:11:55.100,1.4978,1.4981,1.00,1.70
2009.11.11 12:11:55.930,1.4978,1.4981,1.00,1.00
2009.11.11 12:11:58.490,1.4978,1.49815,1.00,5.50
2009.11.11 12:11:58.669,1.49775,1.4981,2.90,4.40
2009.11.11 12:11:58.999,1.4978,1.49815,3.60,1.00
2009.11.11 12:11:59.339,1.4978,1.49815,5.60,1.00
2009.11.11 12:11:59.909,1.4978,1.49815,5.70,1.00
2009.11.11 12:12:00.999,1.4978,1.49815,6.40,1.00
2009.11.11 12:12:01.289,1.4978,1.49815,2.80,2.50
2009.11.11 12:12:01.469,1.4978,1.49815,1.00,3.10
2009.11.11 12:12:03.038,1.4978,1.4981,1.00,1.00
2009.11.11 12:12:03.328,1.4978,1.4982,1.00,8.40
2009.11.11 12:12:03.558,1.49775,1.4981,1.00,2.80
2009.11.11 12:12:03.848,1.49775,1.4981,3.10,1.00
2009.11.11 12:12:04.988,1.4978,1.4981,1.00,1.00
2009.11.11 12:12:05.858,1.4978,1.4981,1.00,1.00
2009.11.11 12:12:11.976,1.4978,1.4981,1.00,1.70
2009.11.11 12:12:12.316,1.49775,1.4981,1.00,2.50
2009.11.11 12:12:12.666,1.49775,1.4981,1.00,3.10
2009.11.11 12:12:13.846,1.49775,1.498,1.00,1.60
2009.11.11 12:12:14.316,1.4976,1.498,2.50,4.40
2009.11.11 12:12:14.776,1.4976,1.498,2.50,2.40
2009.11.11 12:12:15.056,1.4976,1.498,4.50,2.40
2009.11.11 12:12:17.015,1.4977,1.498,1.00,2.10
2009.11.11 12:12:17.255,1.4977,1.498,1.00,1.60
2009.11.11 12:12:17.435,1.4977,1.498,1.00,2.40
2009.11.11 12:12:18.645,1.4977,1.498,1.70,1.00
2009.11.11 12:12:18.875,1.4977,1.4981,4.50,3.90
2009.11.11 12:12:19.104,1.4977,1.49805,2.50,1.00
2009.11.11 12:12:19.615,1.4977,1.49805,4.50,1.00
2009.11.11 12:12:20.484,1.4977,1.49805,2.50,1.00
2009.11.11 12:12:20.594,1.4977,1.49805,1.70,1.00
2009.11.11 12:12:21.384,1.4977,1.49805,7.70,1.00
2009.11.11 12:12:26.293,1.4977,1.49805,1.70,1.00
2009.11.11 12:12:27.693,1.4977,1.49805,1.90,1.30
2009.11.11 12:12:27.862,1.4977,1.49805,1.00,2.90
2009.11.11 12:12:28.133,1.49775,1.49805,1.00,4.50
2009.11.11 12:12:28.992,1.4977,1.49805,1.00,4.70
2009.11.11 12:12:29.342,1.4977,1.49805,1.90,1.00
2009.11.11 12:12:29.972,1.4977,1.49805,1.00,4.70
2009.11.11 12:12:30.092,1.4977,1.498,1.00,1.00
2009.11.11 12:12:33.941,1.49765,1.498,4.40,2.40
2009.11.11 12:12:34.241,1.4977,1.4981,1.60,9.40
2009.11.11 12:12:34.531,1.4977,1.49805,1.00,4.50
2009.11.11 12:12:34.801,1.4977,1.49805,1.00,4.50
2009.11.11 12:12:36.751,1.49775,1.498,1.00,1.00
2009.11.11 12:12:37.980,1.4977,1.498,1.00,1.00
2009.11.11 12:12:40.620,1.4977,1.498,3.20,1.00
2009.11.11 12:12:40.740,1.49775,1.4981,1.60,5.80
2009.11.11 12:12:41.079,1.49775,1.498,1.60,1.00
2009.11.11 12:12:41.249,1.4977,1.498,1.70,1.00
2009.11.11 12:12:41.590,1.49775,1.4981,3.30,4.70
2009.11.11 12:12:41.929,1.4978,1.49805,1.80,1.00
2009.11.11 12:12:42.849,1.4978,1.49815,3.30,2.40
2009.11.11 12:12:43.189,1.49785,1.49815,1.80,2.40
2009.11.11 12:12:43.969,1.4978,1.49815,2.50,2.40
2009.11.11 12:12:44.249,1.4978,1.498,1.00,3.20
2009.11.11 12:12:44.419,1.4978,1.498,1.00,4.50
2009.11.11 12:12:44.588,1.49775,1.498,2.00,4.50
2009.11.11 12:12:44.758,1.4975,1.4979,1.60,3.70
2009.11.11 12:12:44.928,1.4975,1.49785,1.60,3.20
2009.11.11 12:12:45.089,1.4975,1.49775,1.60,3.20
2009.11.11 12:12:45.258,1.4975,1.4977,1.60,3.20
2009.11.11 12:12:45.648,1.4975,1.4977,1.60,1.60
2009.11.11 12:12:45.998,1.4974,1.4977,1.00,1.60
2009.11.11 12:12:46.348,1.4974,1.4977,1.00,1.60
2009.11.11 12:12:46.818,1.49735,1.4977,1.70,1.60
2009.11.11 12:12:47.058,1.4974,1.4978,1.60,7.60
2009.11.11 12:12:47.278,1.4974,1.49775,1.70,2.90
2009.11.11 12:12:48.378,1.49745,1.49775,1.00,2.90
2009.11.11 12:12:48.718,1.4974,1.4977,1.00,2.40
2009.11.11 12:12:49.737,1.49735,1.4977,1.00,4.40
2009.11.11 12:12:51.267,1.49735,1.49765,1.00,1.60
2009.11.11 12:12:51.487,1.49735,1.49765,1.00,1.60
2009.11.11 12:12:51.667,1.49735,1.49765,1.00,2.00
2009.11.11 12:12:51.837,1.4974,1.4978,1.70,9.60
2009.11.11 12:12:52.247,1.49735,1.4977,2.40,3.20
2009.11.11 12:12:52.587,1.4973,1.4976,2.00,4.10
2009.11.11 12:12:52.937,1.4972,1.49755,1.00,3.60
2009.11.11 12:12:53.227,1.4972,1.49765,1.00,8.60
2009.11.11 12:12:54.376,1.49725,1.49755,1.00,2.10
2009.11.11 12:12:54.826,1.4972,1.49755,1.00,2.10
2009.11.11 12:12:55.106,1.4972,1.49755,1.00,2.90
2009.11.11 12:12:56.086,1.4972,1.49755,4.10,3.10
2009.11.11 12:12:56.256,1.4972,1.49755,4.50,2.50
2009.11.11 12:12:56.426,1.4972,1.49755,5.30,2.50
2009.11.11 12:12:56.656,1.49725,1.49765,2.40,4.40
2009.11.11 12:12:56.826,1.49725,1.4976,2.40,2.50
2009.11.11 12:12:57.476,1.49725,1.4976,2.50,1.00
2009.11.11 12:12:58.226,1.49725,1.4976,2.50,2.40
2009.11.11 12:13:03.534,1.49725,1.49755,1.00,4.40
2009.11.11 12:13:03.864,1.4973,1.4977,1.60,12.00
2009.11.11 12:13:04.504,1.4973,1.49765,1.60,3.10
2009.11.11 12:13:05.024,1.4973,1.49765,1.70,3.10
2009.11.11 12:13:05.143,1.4973,1.49765,2.50,3.10
2009.11.11 12:13:12.492,1.49735,1.4977,2.40,2.40
2009.11.11 12:13:12.942,1.49735,1.4977,2.50,2.40
2009.11.11 12:13:15.031,1.49735,1.4977,2.50,1.60
2009.11.11 12:13:18.780,1.49735,1.4977,2.50,2.40
2009.11.11 12:13:21.080,1.49735,1.4977,1.70,2.40
2009.11.11 12:13:21.599,1.49735,1.4977,2.50,2.40
2009.11.11 12:13:23.059,1.49735,1.4977,2.70,2.40
2009.11.11 12:13:27.388,1.4974,1.4976,1.00,1.60
2009.11.11 12:13:27.668,1.49735,1.4977,1.00,4.00
2009.11.11 12:13:28.008,1.49735,1.49755,1.00,1.60
2009.11.11 12:13:32.037,1.4973,1.49765,1.00,4.00
2009.11.11 12:13:33.067,1.4973,1.49755,1.00,1.00
2009.11.11 12:13:33.487,1.49725,1.49765,2.40,7.10
2009.11.11 12:13:34.707,1.49725,1.4976,1.00,2.90
2009.11.11 12:13:34.997,1.49725,1.49765,1.70,6.40
2009.11.11 12:13:35.296,1.49725,1.4976,1.00,4.70
2009.11.11 12:13:36.976,1.49725,1.49755,1.00,1.60
2009.11.11 12:13:37.486,1.49725,1.49755,1.00,1.60
2009.11.11 12:13:37.696,1.49725,1.49765,2.40,5.50
2009.11.11 12:13:38.046,1.49725,1.4976,1.00,4.50
2009.11.11 12:13:40.775,1.49725,1.49765,1.70,6.00
2009.11.11 12:13:40.935,1.49725,1.4976,2.40,4.00
2009.11.11 12:13:41.115,1.49725,1.4976,3.20,3.20
2009.11.11 12:13:41.635,1.49725,1.4976,1.60,3.20
2009.11.11 12:13:41.965,1.49725,1.49755,1.00,1.60
2009.11.11 12:13:42.355,1.49715,1.49755,2.50,2.40
2009.11.11 12:13:44.104,1.49715,1.4975,2.50,1.00
2009.11.11 12:13:44.664,1.49715,1.4975,1.70,3.10
2009.11.11 12:13:45.014,1.4971,1.49745,2.50,1.60
2009.11.11 12:13:45.134,1.4971,1.49745,2.50,2.40
2009.11.11 12:13:45.414,1.4971,1.49745,1.70,2.40
2009.11.11 12:13:46.094,1.4971,1.49745,1.70,2.50
2009.11.11 12:13:46.264,1.4971,1.49745,1.60,2.50
2009.11.11 12:13:46.494,1.49705,1.4974,2.90,1.60
2009.11.11 12:13:46.674,1.49705,1.4974,2.50,2.80
2009.11.11 12:13:46.903,1.49705,1.4974,2.40,2.80
2009.11.11 12:13:47.134,1.49705,1.4974,2.50,2.80
2009.11.11 12:13:47.973,1.49705,1.49735,1.60,1.00
2009.11.11 12:13:49.123,1.49705,1.49735,1.70,1.00
2009.11.11 12:13:49.463,1.49705,1.49745,1.60,6.00
2009.11.11 12:13:50.353,1.49705,1.4974,1.70,3.10
2009.11.11 12:13:50.473,1.49705,1.4974,1.70,2.90
2009.11.11 12:13:50.763,1.49705,1.4974,1.60,3.10
2009.11.11 12:13:50.923,1.4971,1.4974,1.60,1.00
2009.11.11 12:13:52.602,1.4971,1.4975,1.60,4.00
2009.11.11 12:13:54.142,1.4971,1.49745,1.70,2.50
2009.11.11 12:13:54.852,1.4971,1.49745,2.50,2.50
2009.11.11 12:13:56.941,1.4971,1.49745,2.50,1.00
2009.11.11 12:13:57.341,1.4971,1.49755,2.50,9.40
2009.11.11 12:13:57.571,1.4971,1.49745,2.50,1.60
2009.11.11 12:13:58.971,1.4971,1.49745,2.50,1.70
2009.11.11 12:13:59.330,1.4971,1.49745,2.50,2.50
2009.11.11 12:14:03.000,1.49715,1.49755,1.70,4.40
2009.11.11 12:14:03.280,1.49715,1.4975,1.70,2.90
2009.11.11 12:14:03.449,1.4972,1.4975,1.60,1.30
2009.11.11 12:14:03.619,1.4972,1.4975,1.60,1.00
2009.11.11 12:14:04.229,1.4972,1.4976,1.60,5.30
2009.11.11 12:14:05.109,1.4972,1.49755,1.70,1.00
2009.11.11 12:14:05.939,1.4973,1.49755,1.60,1.00
2009.11.11 12:14:05.999,1.4973,1.4977,1.60,11.70
2009.11.11 12:14:07.888,1.4973,1.49765,1.00,5.70
2009.11.11 12:14:08.188,1.49725,1.4976,1.00,3.60
2009.11.11 12:14:08.479,1.49725,1.4976,1.00,5.20
2009.11.11 12:14:08.828,1.4972,1.49755,2.50,2.40
2009.11.11 12:14:09.188,1.4972,1.49755,1.00,2.40
2009.11.11 12:14:09.538,1.4972,1.49755,1.00,3.20
2009.11.11 12:14:09.658,1.4972,1.49755,1.00,3.90
2009.11.11 12:14:09.838,1.4972,1.49755,1.00,4.00
2009.11.11 12:14:10.008,1.4972,1.49755,1.00,4.00
2009.11.11 12:14:11.297,1.49725,1.4975,1.60,1.00
2009.11.11 12:14:11.527,1.4972,1.4976,1.00,5.70
2009.11.11 12:14:12.387,1.4972,1.49755,2.50,3.10
2009.11.11 12:14:13.028,1.4972,1.4975,1.00,1.00
2009.11.11 12:14:13.537,1.4972,1.4976,1.00,7.60
2009.11.11 12:14:14.047,1.4972,1.49755,1.00,3.20
2009.11.11 12:14:14.757,1.49715,1.49755,2.50,3.20
2009.11.11 12:14:15.107,1.4972,1.49755,2.40,3.20
2009.11.11 12:14:15.506,1.4972,1.49755,3.20,2.40
2009.11.11 12:14:16.147,1.4972,1.49755,3.20,1.60
2009.11.11 12:14:17.066,1.4972,1.49755,3.40,1.60
2009.11.11 12:14:24.264,1.4973,1.49765,1.00,13.00
2009.11.11 12:14:24.384,1.4973,1.4976,1.60,2.00
2009.11.11 12:14:24.664,1.4973,1.4977,1.60,15.40
2009.11.11 12:14:24.844,1.4973,1.49765,2.40,4.20
2009.11.11 12:14:24.964,1.4973,1.49765,2.40,2.20
2009.11.11 12:14:25.364,1.4973,1.4976,1.00,1.60
2009.11.11 12:14:25.484,1.4973,1.4976,1.00,1.60
2009.11.11 12:14:27.154,1.49725,1.4976,2.50,1.70
2009.11.11 12:14:27.514,1.49725,1.4976,2.50,1.70
2009.11.11 12:14:29.853,1.4973,1.4976,1.00,3.70
2009.11.11 12:14:30.673,1.49725,1.4976,2.50,3.70
2009.11.11 12:14:31.403,1.4973,1.4976,1.00,3.70
2009.11.11 12:14:31.643,1.4973,1.4976,2.40,2.00
2009.11.11 12:14:31.813,1.49735,1.4977,1.00,4.00
2009.11.11 12:14:31.983,1.49735,1.49765,1.00,2.40
2009.11.11 12:14:32.163,1.4973,1.4976,1.00,1.60
2009.11.11 12:14:33.132,1.49725,1.4976,2.50,1.70
2009.11.11 12:14:34.402,1.4973,1.49775,1.70,12.30
2009.11.11 12:14:35.652,1.4973,1.49765,1.70,1.00
2009.11.11 12:14:35.822,1.49725,1.49765,2.50,2.90
2009.11.11 12:14:35.942,1.4973,1.49765,1.70,1.30
2009.11.11 12:14:36.172,1.49735,1.49775,1.00,12.30
2009.11.11 12:14:36.332,1.49735,1.4977,1.00,5.20
2009.11.11 12:14:36.492,1.49735,1.49765,1.00,2.10
2009.11.11 12:14:36.831,1.49735,1.49765,1.00,1.00
2009.11.11 12:14:37.851,1.4974,1.49775,1.60,11.50
2009.11.11 12:14:37.971,1.4974,1.49775,1.60,12.30
2009.11.11 12:14:38.371,1.4974,1.49775,1.60,10.70
2009.11.11 12:14:39.071,1.4974,1.49775,1.70,4.50
2009.11.11 12:14:39.411,1.4974,1.4977,1.70,2.40
2009.11.11 12:14:40.101,1.49745,1.49765,1.00,1.00
2009.11.11 12:14:42.460,1.4974,1.49765,1.60,1.00
2009.11.11 12:14:42.640,1.4973,1.49765,2.50,1.00
2009.11.11 12:14:42.810,1.49735,1.49765,1.60,1.00
2009.11.11 12:14:43.140,1.49735,1.49765,3.70,1.00
2009.11.11 12:14:43.320,1.49735,1.49765,5.30,1.00
2009.11.11 12:14:43.490,1.49735,1.49775,3.70,3.70
2009.11.11 12:14:43.790,1.49735,1.4977,3.70,1.60
2009.11.11 12:14:44.140,1.49735,1.4977,1.70,1.60
2009.11.11 12:14:46.469,1.49735,1.4977,2.40,1.60
2009.11.11 12:14:46.639,1.4974,1.49775,1.60,3.90
2009.11.11 12:14:47.099,1.49735,1.4977,1.70,1.60
2009.11.11 12:14:47.909,1.49735,1.4977,1.70,1.60
2009.11.11 12:14:49.448,1.49735,1.49775,1.70,5.90
2009.11.11 12:14:52.148,1.49735,1.4977,2.50,1.00
2009.11.11 12:14:54.807,1.49735,1.4977,2.40,1.00
2009.11.11 12:14:55.107,1.4973,1.49765,4.10,3.10
2009.11.11 12:14:55.337,1.4973,1.49765,4.10,2.30
2009.11.11 12:14:55.457,1.4973,1.49765,4.20,1.00
2009.11.11 12:14:55.747,1.49735,1.49775,1.70,4.00
2009.11.11 12:14:56.977,1.49735,1.4977,1.70,1.00
2009.11.11 12:14:57.316,1.49735,1.4977,2.50,1.00
2009.11.11 12:14:57.677,1.49735,1.4978,3.20,8.80
2009.11.11 12:14:58.526,1.4974,1.49775,1.70,2.90
2009.11.11 12:14:58.697,1.4974,1.49775,2.50,2.90
2009.11.11 12:14:59.107,1.4974,1.49775,1.70,2.90
2009.11.11 12:14:59.676,1.4974,1.49775,2.50,2.90
2009.11.11 12:15:00.026,1.49745,1.49775,1.00,2.90
2009.11.11 12:15:04.615,1.49745,1.49775,1.00,2.40
2009.11.11 12:15:05.195,1.49745,1.49785,2.40,8.30
2009.11.11 12:15:05.485,1.49745,1.4978,2.50,1.00
2009.11.11 12:15:05.605,1.49745,1.4978,2.50,2.40
2009.11.11 12:15:05.825,1.49745,1.4978,1.90,1.30
2009.11.11 12:15:05.935,1.4975,1.4978,1.70,1.00
2009.11.11 12:15:06.514,1.4975,1.4978,1.90,1.00
2009.11.11 12:15:07.594,1.49755,1.4979,1.00,3.20
2009.11.11 12:15:09.623,1.49755,1.4979,1.70,3.20
2009.11.11 12:15:10.634,1.49755,1.49795,1.70,5.90
2009.11.11 12:15:10.853,1.49755,1.4979,2.50,2.40
2009.11.11 12:15:11.543,1.4976,1.498,1.70,7.20
2009.11.11 12:15:11.893,1.49765,1.49795,2.40,1.30
2009.11.11 12:15:12.063,1.49765,1.49805,2.40,9.50
2009.11.11 12:15:12.283,1.49765,1.498,2.40,1.60
2009.11.11 12:15:12.863,1.49765,1.498,1.60,2.40
2009.11.11 12:15:13.133,1.49765,1.498,1.70,2.40
2009.11.11 12:15:14.072,1.49765,1.498,1.90,2.40
2009.11.11 12:15:14.422,1.4977,1.498,1.00,1.60
2009.11.11 12:15:14.652,1.49765,1.498,2.50,3.60
2009.11.11 12:15:14.822,1.49765,1.498,1.00,2.10
2009.11.11 12:15:15.213,1.4977,1.4981,2.40,12.30
2009.11.11 12:15:15.392,1.49775,1.498,1.00,1.60
2009.11.11 12:15:16.902,1.49765,1.498,2.50,1.60
2009.11.11 12:15:17.911,1.49765,1.498,2.40,1.60
2009.11.11 12:15:18.082,1.49765,1.498,2.40,1.60
2009.11.11 12:15:18.261,1.49765,1.498,2.40,2.00
2009.11.11 12:15:18.441,1.49765,1.498,2.40,2.90
2009.11.11 12:15:18.611,1.49765,1.498,2.40,6.10
2009.11.11 12:15:18.781,1.4976,1.4979,1.00,2.00
2009.11.11 12:15:18.961,1.4976,1.498,2.50,4.20
2009.11.11 12:15:19.311,1.4976,1.49795,2.40,2.20
2009.11.11 12:15:20.801,1.4976,1.49795,2.70,2.10
2009.11.11 12:15:21.081,1.49765,1.49805,2.50,6.70
2009.11.11 12:15:21.311,1.49765,1.498,2.40,1.60
2009.11.11 12:15:27.789,1.4977,1.4981,1.60,6.80
2009.11.11 12:15:28.819,1.4977,1.498,1.60,1.00
2009.11.11 12:15:28.989,1.4977,1.498,1.70,1.00
2009.11.11 12:15:30.088,1.49765,1.498,3.90,2.40
2009.11.11 12:15:30.379,1.4976,1.49795,3.10,1.60
2009.11.11 12:15:30.669,1.4976,1.49795,2.50,2.10
2009.11.11 12:15:31.529,1.4976,1.49795,2.50,2.10
2009.11.11 12:15:32.508,1.4976,1.49795,2.40,2.30
2009.11.11 12:15:32.738,1.4976,1.49795,1.00,4.10
2009.11.11 12:15:32.948,1.49755,1.49785,1.00,3.60
2009.11.11 12:15:33.188,1.49755,1.49785,2.40,1.00
2009.11.11 12:15:33.358,1.49755,1.49785,1.60,1.70
2009.11.11 12:15:33.528,1.4975,1.4978,2.10,1.00
2009.11.11 12:15:33.708,1.4975,1.4978,1.70,2.00
2009.11.11 12:15:33.928,1.49755,1.49775,1.00,1.00
2009.11.11 12:15:34.428,1.4975,1.49775,1.00,3.20
2009.11.11 12:15:34.787,1.4975,1.49775,1.70,2.80
2009.11.11 12:15:35.178,1.49745,1.4978,1.00,5.20
2009.11.11 12:15:35.357,1.49745,1.49775,1.00,2.90
2009.11.11 12:15:35.817,1.49745,1.49775,1.00,2.90
2009.11.11 12:15:36.457,1.49745,1.49775,1.90,1.00
2009.11.11 12:15:36.687,1.4975,1.49775,3.40,1.00
2009.11.11 12:15:36.907,1.49755,1.49775,1.60,1.00
2009.11.11 12:15:37.127,1.4975,1.49775,1.70,1.00
2009.11.11 12:15:38.047,1.49755,1.49775,1.00,1.00
2009.11.11 12:15:39.176,1.49755,1.49775,1.00,1.00
2009.11.11 12:15:39.456,1.49755,1.4979,1.00,7.60
2009.11.11 12:15:40.366,1.4975,1.49785,1.70,2.90
2009.11.11 12:15:41.936,1.4975,1.49785,2.30,1.20
2009.11.11 12:15:42.286,1.4975,1.49785,3.10,1.00
2009.11.11 12:15:42.976,1.49755,1.49785,1.70,1.00
2009.11.11 12:15:44.185,1.49755,1.49795,3.30,7.00
2009.11.11 12:15:44.585,1.49755,1.4979,4.70,1.00
2009.11.11 12:15:44.935,1.49755,1.4979,3.10,2.90
2009.11.11 12:15:45.045,1.49755,1.49785,1.00,1.00
2009.11.11 12:15:45.225,1.4975,1.49785,3.10,1.00
2009.11.11 12:15:45.505,1.4975,1.49785,3.30,1.00
2009.11.11 12:15:47.255,1.4975,1.49785,2.70,2.40
2009.11.11 12:15:47.374,1.4975,1.49785,1.90,3.20
2009.11.11 12:15:47.544,1.4975,1.49785,1.70,3.20
2009.11.11 12:15:49.204,1.4975,1.49785,1.70,3.30
2009.11.11 12:15:52.473,1.49755,1.49795,1.60,5.80
2009.11.11 12:15:52.813,1.49755,1.49785,1.60,1.00
2009.11.11 12:15:53.044,1.49755,1.49785,1.70,1.00
2009.11.11 12:15:54.893,1.49755,1.4978,1.60,1.00
2009.11.11 12:15:55.113,1.4975,1.49775,1.00,1.00
2009.11.11 12:15:55.283,1.4975,1.49775,1.00,2.30
2009.11.11 12:15:55.512,1.49745,1.49775,2.50,1.00
2009.11.11 12:15:55.683,1.49745,1.49775,4.50,1.00
2009.11.11 12:15:56.022,1.49745,1.49785,4.50,1.70
2009.11.11 12:15:57.392,1.4975,1.4978,1.00,1.00
2009.11.11 12:15:57.852,1.49745,1.4978,1.00,3.30
2009.11.11 12:15:59.631,1.49745,1.4978,1.00,5.70
2009.11.11 12:16:02.221,1.49745,1.49775,1.00,3.20
2009.11.11 12:16:03.051,1.4974,1.49775,4.70,2.60
2009.11.11 12:16:03.620,1.4974,1.49785,4.70,5.80
2009.11.11 12:16:05.100,1.4975,1.4978,1.00,2.80
2009.11.11 12:16:06.650,1.4975,1.4978,1.00,2.90
2009.11.11 12:16:07.350,1.49745,1.4978,1.00,3.10
2009.11.11 12:16:07.690,1.4974,1.49765,1.00,2.40
2009.11.11 12:16:08.140,1.49735,1.49765,1.00,2.90
2009.11.11 12:16:09.389,1.4973,1.49765,2.50,3.10
2009.11.11 12:16:10.089,1.4973,1.49765,2.40,3.00
2009.11.11 12:16:10.899,1.4973,1.4976,2.40,1.00
2009.11.11 12:16:11.579,1.4973,1.4976,1.00,2.10
2009.11.11 12:16:11.988,1.4972,1.49755,1.00,4.20
2009.11.11 12:16:13.308,1.4972,1.4976,1.00,4.10
2009.11.11 12:16:13.688,1.4972,1.49755,1.70,1.00
2009.11.11 12:16:15.058,1.4973,1.49765,1.70,3.70
2009.11.11 12:16:15.708,1.4973,1.49765,2.30,3.30
2009.11.11 12:16:15.828,1.4973,1.4976,2.30,1.00
2009.11.11 12:16:16.127,1.4973,1.49775,2.50,4.00
2009.11.11 12:16:16.367,1.4973,1.49765,1.00,2.00
2009.11.11 12:16:16.628,1.49725,1.49765,2.40,2.00
2009.11.11 12:16:16.907,1.49725,1.49765,2.50,2.00
2009.11.11 12:16:19.447,1.49725,1.49765,2.50,1.60
2009.11.11 12:16:19.957,1.49725,1.49765,3.20,1.60
2009.11.11 12:16:20.177,1.4973,1.49775,2.40,5.90
2009.11.11 12:16:20.827,1.4973,1.4976,1.00,2.10
2009.11.11 12:16:21.007,1.49725,1.4976,2.40,2.90
2009.11.11 12:16:21.706,1.49725,1.4976,2.50,3.10
2009.11.11 12:16:21.936,1.49725,1.4976,4.10,3.10
2009.11.11 12:16:22.166,1.4973,1.4976,1.80,2.40
2009.11.11 12:16:22.396,1.4974,1.4977,1.60,4.40
2009.11.11 12:16:23.096,1.49735,1.49765,1.60,3.10
2009.11.11 12:16:24.625,1.49735,1.49765,1.70,2.90
2009.11.11 12:16:25.256,1.49735,1.49765,1.80,2.90
2009.11.11 12:16:31.104,1.49745,1.49765,1.60,3.10
2009.11.11 12:16:31.515,1.4973,1.49755,1.00,2.40
2009.11.11 12:16:31.854,1.49725,1.49755,1.00,2.90
2009.11.11 12:16:32.144,1.49725,1.4975,1.00,2.80
2009.11.11 12:16:32.444,1.49725,1.4975,1.00,1.00
2009.11.11 12:16:32.784,1.49725,1.4975,1.00,1.60
2009.11.11 12:16:33.014,1.49725,1.4975,1.00,2.00
2009.11.11 12:16:33.244,1.49725,1.4975,1.00,1.00
2009.11.11 12:16:33.474,1.49725,1.4976,1.00,3.80
2009.11.11 12:16:33.694,1.49725,1.4976,1.00,3.70
2009.11.11 12:16:34.613,1.4972,1.49755,1.70,2.40
2009.11.11 12:16:36.933,1.4972,1.49755,3.90,1.00
2009.11.11 12:16:37.113,1.4972,1.49755,4.00,1.00
2009.11.11 12:16:37.333,1.49725,1.49765,1.60,4.90
2009.11.11 12:16:38.412,1.49725,1.4976,2.40,2.90
2009.11.11 12:16:39.402,1.49725,1.4976,2.50,3.10
2009.11.11 12:16:40.502,1.49725,1.4976,2.70,2.90
2009.11.11 12:16:42.561,1.49725,1.4976,2.50,2.90
2009.11.11 12:16:55.838,1.4973,1.4976,1.00,1.00
2009.11.11 12:16:58.007,1.4973,1.4976,1.00,2.40
2009.11.11 12:16:58.527,1.4973,1.4976,1.00,2.80
2009.11.11 12:17:01.956,1.4973,1.4976,1.00,2.90
2009.11.11 12:17:02.656,1.4973,1.4976,1.00,1.30
2009.11.11 12:17:03.006,1.4973,1.4976,1.00,1.00
2009.11.11 12:17:14.453,1.4973,1.4976,1.00,2.90
2009.11.11 12:17:17.583,1.4973,1.4976,1.00,2.90
2009.11.11 12:17:19.152,1.4973,1.49765,1.00,4.10
2009.11.11 12:17:23.161,1.4973,1.49765,1.00,4.10
2009.11.11 12:17:23.322,1.4973,1.49765,1.00,4.10
2009.11.11 12:17:23.431,1.4973,1.4977,4.10,7.00
2009.11.11 12:17:23.831,1.49735,1.4976,1.00,1.00
2009.11.11 12:17:24.171,1.49735,1.4976,1.00,2.90
2009.11.11 12:17:24.961,1.4973,1.4976,1.00,2.90
2009.11.11 12:17:25.791,1.49725,1.4976,2.50,2.90
2009.11.11 12:17:26.251,1.4973,1.4976,1.60,1.00
2009.11.11 12:17:26.591,1.4973,1.4977,1.60,8.80
2009.11.11 12:17:26.931,1.4973,1.4977,3.10,7.50
2009.11.11 12:17:27.280,1.4973,1.4977,3.10,4.70
2009.11.11 12:17:27.980,1.49735,1.4977,1.60,3.10
2009.11.11 12:17:28.150,1.49735,1.4977,2.40,3.10
2009.11.11 12:17:28.370,1.49735,1.4977,3.20,1.60
2009.11.11 12:17:28.600,1.49735,1.4977,3.20,3.60
2009.11.11 12:17:28.820,1.49735,1.4977,3.20,1.60
2009.11.11 12:17:30.739,1.49735,1.4977,3.10,1.60
2009.11.11 12:17:30.799,1.49735,1.4977,2.40,2.00
2009.11.11 12:17:30.920,1.49735,1.49765,1.00,1.60
2009.11.11 12:17:31.139,1.49735,1.49765,1.60,1.00
2009.11.11 12:17:31.479,1.4973,1.4975,2.50,1.60
2009.11.11 12:17:31.709,1.4973,1.4976,1.00,3.20
2009.11.11 12:17:31.999,1.4973,1.4976,1.00,3.70
2009.11.11 12:17:32.629,1.49725,1.49745,2.50,1.60
2009.11.11 12:17:32.990,1.4972,1.49745,1.60,1.60
2009.11.11 12:17:33.339,1.4972,1.49745,1.00,1.60
2009.11.11 12:17:34.199,1.4972,1.49755,1.50,6.00
2009.11.11 12:17:34.489,1.4972,1.49735,1.00,1.60
2009.11.11 12:17:34.778,1.49715,1.49735,3.20,1.60
2009.11.11 12:17:35.868,1.49715,1.49735,3.40,1.60
2009.11.11 12:17:37.338,1.49715,1.49735,1.00,1.60
2009.11.11 12:17:38.278,1.49725,1.49735,1.00,1.60
2009.11.11 12:17:38.578,1.49715,1.49755,1.00,6.10
2009.11.11 12:17:38.858,1.49715,1.49745,1.00,1.60
2009.11.11 12:17:39.198,1.49715,1.4974,1.00,2.40
2009.11.11 12:17:39.548,1.4971,1.4973,1.00,1.00
2009.11.11 12:17:41.097,1.49715,1.4973,1.00,1.00
2009.11.11 12:17:41.497,1.49715,1.4973,1.00,1.60
2009.11.11 12:17:41.967,1.49715,1.4973,1.00,1.60
2009.11.11 12:17:42.137,1.49715,1.4973,1.60,1.60
2009.11.11 12:17:42.767,1.49715,1.4974,1.00,1.60
2009.11.11 12:17:44.017,1.49715,1.49735,1.00,1.60
2009.11.11 12:17:44.366,1.49715,1.4975,1.00,6.60
2009.11.11 12:17:45.816,1.49715,1.4975,1.60,3.10
2009.11.11 12:17:45.986,1.49715,1.4975,1.60,5.10
2009.11.11 12:17:47.295,1.49715,1.4975,1.70,5.10
2009.11.11 12:17:48.425,1.49715,1.4975,2.50,1.00
2009.11.11 12:17:48.826,1.49715,1.4975,1.00,2.10
2009.11.11 12:17:48.995,1.4971,1.4975,2.80,2.90
2009.11.11 12:17:49.405,1.4971,1.4975,2.00,2.90
2009.11.11 12:17:49.755,1.4971,1.4975,2.00,2.40
2009.11.11 12:17:50.095,1.49715,1.4975,1.00,1.00
2009.11.11 12:17:51.055,1.49715,1.4975,1.10,1.00
2009.11.11 12:17:51.226,1.4972,1.4975,1.00,1.00
2009.11.11 12:17:51.385,1.4972,1.4975,1.00,1.00
2009.11.11 12:17:51.615,1.49725,1.4975,1.00,2.90
2009.11.11 12:17:52.914,1.4972,1.4975,1.00,2.90
2009.11.11 12:17:53.554,1.49715,1.4975,1.00,2.90
2009.11.11 12:17:53.714,1.4972,1.4975,1.00,2.90
2009.11.11 12:17:54.054,1.4972,1.4975,1.00,2.40
2009.11.11 12:17:54.234,1.4972,1.4975,1.00,1.30
2009.11.11 12:17:54.414,1.49715,1.4975,1.00,2.10
2009.11.11 12:17:55.654,1.49715,1.4975,1.00,2.40
2009.11.11 12:17:55.764,1.49715,1.4975,1.10,2.40
2009.11.11 12:17:55.884,1.4972,1.4975,1.00,2.90
2009.11.11 12:17:59.303,1.4972,1.4975,1.00,2.40
2009.11.11 12:17:59.592,1.4972,1.4975,1.00,2.90
2009.11.11 12:18:02.052,1.4972,1.4975,1.00,1.00
2009.11.11 12:18:02.412,1.4972,1.4975,1.00,2.40
2009.11.11 12:18:02.632,1.49715,1.49735,3.10,1.60
2009.11.11 12:18:02.862,1.49715,1.49745,1.00,4.00
2009.11.11 12:18:03.042,1.49715,1.49735,1.60,1.60
2009.11.11 12:18:03.482,1.4971,1.49735,1.00,1.60
2009.11.11 12:18:03.882,1.4971,1.49735,1.00,1.60
2009.11.11 12:18:05.041,1.4971,1.49735,1.00,1.60
2009.11.11 12:18:06.441,1.4971,1.49735,1.00,1.60
2009.11.11 12:18:06.681,1.4971,1.49735,1.00,3.20
2009.11.11 12:18:06.851,1.497,1.49735,2.50,3.60
2009.11.11 12:18:07.541,1.497,1.4973,1.70,1.60
2009.11.11 12:18:07.891,1.497,1.4972,1.60,1.60
2009.11.11 12:18:08.171,1.497,1.49735,1.70,4.50
2009.11.11 12:18:09.480,1.49705,1.4973,1.00,2.40
2009.11.11 12:18:10.570,1.49705,1.4973,1.00,1.60
2009.11.11 12:18:11.090,1.497,1.4973,1.60,1.60
2009.11.11 12:18:13.959,1.497,1.4973,1.70,1.60
2009.11.11 12:18:14.179,1.49705,1.4974,1.60,5.30
2009.11.11 12:18:15.229,1.49705,1.4973,1.70,1.60
2009.11.11 12:18:15.499,1.49705,1.4974,1.70,4.50
2009.11.11 12:18:16.599,1.49705,1.49735,3.30,1.00
2009.11.11 12:18:16.949,1.4971,1.49735,2.00,1.00
2009.11.11 12:18:17.298,1.4971,1.4975,2.50,5.90
2009.11.11 12:18:18.238,1.4971,1.49745,2.50,2.50
2009.11.11 12:18:19.478,1.49715,1.49745,1.60,1.00
2009.11.11 12:18:19.708,1.4971,1.49745,2.40,1.00
2009.11.11 12:18:19.938,1.4971,1.49745,2.50,1.00
2009.11.11 12:18:20.168,1.4971,1.4973,1.00,1.60
2009.11.11 12:18:20.408,1.4971,1.4974,1.00,6.00
2009.11.11 12:18:20.648,1.497,1.49735,1.70,4.00
2009.11.11 12:18:20.987,1.49715,1.4973,1.60,1.00
2009.11.11 12:18:21.317,1.497,1.4973,1.60,1.00
2009.11.11 12:18:21.997,1.497,1.4973,2.50,2.40
2009.11.11 12:18:27.006,1.4969,1.4973,3.30,4.40
2009.11.11 12:18:27.526,1.497,1.4973,1.60,4.40
2009.11.11 12:18:28.166,1.497,1.4972,1.60,1.00
2009.11.11 12:18:28.276,1.4969,1.4972,1.70,2.40
2009.11.11 12:18:28.396,1.4969,1.4972,1.60,3.20
2009.11.11 12:18:28.456,1.4969,1.49715,1.60,1.00
2009.11.11 12:18:28.636,1.4969,1.49715,3.60,1.00
2009.11.11 12:18:28.696,1.4969,1.49715,2.40,1.00
2009.11.11 12:18:28.806,1.4969,1.49715,4.00,1.00
2009.11.11 12:18:28.866,1.497,1.49725,1.60,1.00
2009.11.11 12:18:30.795,1.497,1.49735,1.60,3.70
2009.11.11 12:18:40.643,1.4971,1.49735,1.60,3.10
2009.11.11 12:18:41.812,1.4972,1.49735,1.60,2.90
2009.11.11 12:18:42.033,1.4971,1.49735,1.60,1.00
2009.11.11 12:18:42.382,1.4971,1.49745,1.60,6.80
2009.11.11 12:18:43.742,1.49705,1.49735,3.20,1.00
2009.11.11 12:18:44.022,1.49705,1.4974,3.20,4.20
2009.11.11 12:18:44.252,1.497,1.49735,3.20,3.10
2009.11.11 12:18:44.942,1.497,1.49735,2.40,3.10
2009.11.11 12:18:49.341,1.49715,1.49735,1.00,3.90
2009.11.11 12:18:49.671,1.49715,1.4973,1.00,1.00
2009.11.11 12:18:50.070,1.49715,1.4973,1.60,1.00
2009.11.11 12:18:50.370,1.49715,1.4973,1.60,2.40
2009.11.11 12:18:50.480,1.49705,1.4973,1.60,2.40
2009.11.11 12:18:51.960,1.49705,1.4973,1.60,1.60
2009.11.11 12:18:58.468,1.49695,1.4973,2.50,1.60
2009.11.11 12:18:59.788,1.49695,1.4973,1.70,2.40
2009.11.11 12:19:00.728,1.49695,1.49735,1.70,3.70
2009.11.11 12:19:07.066,1.49695,1.4973,1.60,2.40
2009.11.11 12:19:07.236,1.49695,1.4973,1.60,1.00
2009.11.11 12:19:08.846,1.49695,1.4973,2.40,1.00
2009.11.11 12:19:09.086,1.497,1.4973,1.00,1.00
2009.11.11 12:19:13.305,1.497,1.4973,1.00,2.40
2009.11.11 12:19:17.304,1.49695,1.4973,2.50,2.40
2009.11.11 12:19:17.424,1.49695,1.4973,2.50,1.00
2009.11.11 12:19:18.744,1.49705,1.4974,1.00,7.80
2009.11.11 12:19:19.084,1.49715,1.49735,1.00,2.90
2009.11.11 12:19:19.424,1.49715,1.49735,1.70,1.30
2009.11.11 12:19:19.714,1.49715,1.4975,5.00,1.60
2009.11.11 12:19:19.893,1.49715,1.4975,8.60,1.00
2009.11.11 12:19:20.003,1.4972,1.49765,2.90,9.70
2009.11.11 12:19:20.603,1.4972,1.4976,2.90,2.40
2009.11.11 12:19:21.143,1.4972,1.4976,2.90,1.00
2009.11.11 12:19:25.922,1.4972,1.49755,1.30,1.70
2009.11.11 12:19:26.202,1.4972,1.49755,1.00,3.10
2009.11.11 12:19:27.132,1.49725,1.49755,1.00,4.50
2009.11.11 12:19:27.531,1.4973,1.49765,1.60,6.00
2009.11.11 12:19:27.882,1.4973,1.4976,3.60,1.00
2009.11.11 12:19:28.181,1.49735,1.49775,2.40,8.80
2009.11.11 12:19:29.181,1.49735,1.4977,2.50,2.30
2009.11.11 12:19:30.211,1.49735,1.4977,3.50,2.10
2009.11.11 12:19:30.321,1.49735,1.4977,5.00,1.00
2009.11.11 12:19:30.381,1.4974,1.4978,1.70,8.00
2009.11.11 12:19:30.441,1.4974,1.49775,2.50,2.30
2009.11.11 12:19:30.501,1.4974,1.49775,2.50,3.90
2009.11.11 12:19:31.890,1.4974,1.49775,2.40,3.90
2009.11.11 12:19:33.100,1.49735,1.4977,1.50,4.10
2009.11.11 12:19:33.450,1.4973,1.4976,1.00,1.60
2009.11.11 12:19:33.800,1.49725,1.4977,1.00,6.80
2009.11.11 12:19:34.150,1.4973,1.49765,1.00,2.50
2009.11.11 12:19:34.500,1.4973,1.49765,1.00,4.50
2009.11.11 12:19:37.199,1.49725,1.49765,1.00,4.50
2009.11.11 12:19:40.348,1.49725,1.49765,1.00,4.40
2009.11.11 12:19:40.699,1.49725,1.49755,1.00,1.60
2009.11.11 12:19:41.888,1.4973,1.49765,1.60,3.40
2009.11.11 12:19:42.278,1.4973,1.49765,4.40,1.00
2009.11.11 12:19:42.628,1.49735,1.49765,2.40,1.00
2009.11.11 12:19:44.148,1.4974,1.49775,1.00,5.00
2009.11.11 12:19:44.827,1.4974,1.4977,1.00,2.90
2009.11.11 12:19:45.117,1.4974,1.4978,2.40,6.20
2009.11.11 12:19:45.397,1.4975,1.49775,1.60,1.00
2009.11.11 12:19:45.687,1.4975,1.49785,3.60,1.00
2009.11.11 12:19:46.327,1.49755,1.49795,1.00,6.00
2009.11.11 12:19:46.717,1.49755,1.4979,1.00,5.00
2009.11.11 12:19:47.367,1.49755,1.4979,1.00,9.80
2009.11.11 12:19:47.666,1.49745,1.4978,1.00,1.00
2009.11.11 12:19:47.946,1.4974,1.4978,2.50,1.00
2009.11.11 12:19:48.747,1.4975,1.4978,1.00,1.00
2009.11.11 12:19:48.857,1.4975,1.4978,1.00,2.80
2009.11.11 12:19:48.966,1.49745,1.4978,1.00,6.40
2009.11.11 12:19:49.136,1.49745,1.4978,1.00,8.40
2009.11.11 12:19:49.486,1.4974,1.4977,1.00,2.80
2009.11.11 12:19:49.787,1.4973,1.49775,1.00,6.80
2009.11.11 12:19:50.186,1.4973,1.4977,1.00,4.80
2009.11.11 12:19:50.416,1.4973,1.4977,1.00,2.80
2009.11.11 12:19:51.316,1.4973,1.4977,1.00,4.80
2009.11.11 12:19:58.434,1.4973,1.4977,1.00,4.40
2009.11.11 12:19:58.654,1.4973,1.4977,1.00,2.40
2009.11.11 12:19:58.944,1.4973,1.4977,1.00,3.20
2009.11.11 12:19:59.584,1.4973,1.49765,1.00,1.00
2009.11.11 12:19:59.884,1.49725,1.49755,1.00,2.80
2009.11.11 12:20:00.054,1.49725,1.4975,1.00,2.80
2009.11.11 12:20:00.274,1.49725,1.49755,1.00,3.20
2009.11.11 12:20:00.503,1.49725,1.4975,1.00,1.00
2009.11.11 12:20:00.903,1.49725,1.4976,1.00,5.30
2009.11.11 12:20:01.983,1.4973,1.49755,1.00,2.40
2009.11.11 12:20:05.302,1.4972,1.4975,1.00,1.60
2009.11.11 12:20:05.652,1.4972,1.4976,1.00,4.50
2009.11.11 12:20:05.703,1.4972,1.49755,1.00,2.40
2009.11.11 12:20:07.322,1.4973,1.49755,1.00,2.40
2009.11.11 12:20:10.571,1.49725,1.49755,1.00,2.40
2009.11.11 12:20:10.741,1.49725,1.49755,1.00,2.40
2009.11.11 12:20:11.841,1.49715,1.49755,3.30,2.40
2009.11.11 12:20:12.131,1.4972,1.49755,1.00,2.40
2009.11.11 12:20:13.360,1.4972,1.49755,1.60,2.40
2009.11.11 12:20:13.700,1.49725,1.49765,1.00,3.20
2009.11.11 12:20:13.931,1.4972,1.4976,2.90,1.00
2009.11.11 12:20:14.101,1.4972,1.4977,2.40,4.40
2009.11.11 12:20:14.330,1.4972,1.4977,3.20,2.80
2009.11.11 12:20:14.730,1.4972,1.4978,6.00,10.50
2009.11.11 12:20:15.060,1.49725,1.49775,1.00,5.20
2009.11.11 12:20:15.450,1.4972,1.49775,5.30,6.00
2009.11.11 12:20:15.790,1.4972,1.4977,5.30,1.60
2009.11.11 12:20:15.960,1.4972,1.4977,5.30,3.60
2009.11.11 12:20:16.130,1.4972,1.4977,5.20,3.60
2009.11.11 12:20:16.410,1.4972,1.49765,2.40,1.00
2009.11.11 12:20:16.530,1.4972,1.4976,2.40,1.60
2009.11.11 12:20:18.579,1.49725,1.4977,1.60,10.00
2009.11.11 12:20:18.750,1.49725,1.49765,2.10,2.00
2009.11.11 12:20:18.910,1.49725,1.49765,2.90,1.00
2009.11.11 12:20:19.419,1.49725,1.49765,3.10,1.00
2009.11.11 12:20:19.769,1.4973,1.49765,1.60,1.00
2009.11.11 12:20:20.759,1.4973,1.49765,1.70,1.00
2009.11.11 12:20:21.039,1.4973,1.49765,1.60,1.00
2009.11.11 12:20:21.318,1.49725,1.49765,3.30,2.40
2009.11.11 12:20:21.608,1.4973,1.49765,1.60,1.00
2009.11.11 12:20:22.618,1.49725,1.4976,5.30,1.00
2009.11.11 12:20:22.908,1.4973,1.4976,2.40,1.00
2009.11.11 12:20:23.188,1.4973,1.4976,7.80,1.00
2009.11.11 12:20:23.428,1.4974,1.49775,1.60,1.60
2009.11.11 12:20:23.828,1.49745,1.4979,2.40,19.80
2009.11.11 12:20:24.178,1.49745,1.4978,2.40,1.00
2009.11.11 12:20:24.818,1.49745,1.4978,1.00,1.00
2009.11.11 12:20:25.577,1.49745,1.4978,1.00,1.00
2009.11.11 12:20:25.978,1.49745,1.4978,1.00,1.00
2009.11.11 12:20:26.097,1.49745,1.4978,1.00,2.40
2009.11.11 12:20:26.157,1.4974,1.4978,1.00,2.40
2009.11.11 12:20:26.497,1.4974,1.4978,1.00,4.40
2009.11.11 12:20:26.617,1.49735,1.4978,2.40,4.40
2009.11.11 12:20:27.718,1.4974,1.4978,1.00,2.40
2009.11.11 12:20:27.937,1.4974,1.49775,1.00,2.80
2009.11.11 12:20:28.347,1.49735,1.4977,1.00,1.00
2009.11.11 12:20:29.097,1.49735,1.4977,1.00,1.00
2009.11.11 12:20:29.757,1.49735,1.4977,1.00,1.00
2009.11.11 12:20:29.876,1.49735,1.4978,1.00,7.60
2009.11.11 12:20:34.665,1.49745,1.49775,1.00,2.80
2009.11.11 12:20:37.484,1.49745,1.49775,1.00,3.60
2009.11.11 12:20:37.645,1.49745,1.49775,1.00,3.60
2009.11.11 12:20:42.924,1.49745,1.4978,1.00,5.70
2009.11.11 12:20:45.063,1.4975,1.49775,1.60,2.80
2009.11.11 12:20:45.343,1.4975,1.49775,1.60,1.00
2009.11.11 12:20:45.463,1.4975,1.49785,2.40,3.20
2009.11.11 12:20:45.743,1.4975,1.4978,2.40,1.00
2009.11.11 12:20:45.853,1.49755,1.4979,1.00,3.10
2009.11.11 12:20:47.072,1.4975,1.49785,2.40,2.10
2009.11.11 12:20:49.202,1.4975,1.49785,1.00,2.20
2009.11.11 12:20:49.372,1.4975,1.49785,1.60,3.20
2009.11.11 12:20:49.772,1.4975,1.4978,1.60,2.50
2009.11.11 12:20:50.112,1.4975,1.4978,1.60,2.40
2009.11.11 12:20:52.171,1.4976,1.4978,1.60,2.40
2009.11.11 12:20:52.341,1.4976,1.4978,1.60,1.00
2009.11.11 12:20:52.691,1.4975,1.4978,1.60,2.50
2009.11.11 12:20:57.070,1.49745,1.4978,1.00,4.10
2009.11.11 12:20:57.180,1.49745,1.49775,1.00,2.40
2009.11.11 12:20:59.959,1.49745,1.4977,1.00,1.00
2009.11.11 12:21:00.539,1.49745,1.4978,1.00,5.50
2009.11.11 12:21:01.569,1.49745,1.49775,1.00,3.20
2009.11.11 12:21:02.669,1.4974,1.49775,1.00,4.50
2009.11.11 12:21:03.228,1.4974,1.4978,1.00,5.50
2009.11.11 12:21:03.508,1.4974,1.49775,1.70,1.00
2009.11.11 12:21:04.318,1.4974,1.49775,1.70,2.40
2009.11.11 12:21:04.558,1.4974,1.4977,1.00,1.60
2009.11.11 12:21:05.258,1.4974,1.4977,1.00,2.40
2009.11.11 12:21:07.108,1.4974,1.4977,1.00,2.40
2009.11.11 12:21:12.156,1.49745,1.4977,1.00,2.40
2009.11.11 12:21:12.396,1.49745,1.4977,1.00,1.00
2009.11.11 12:21:12.696,1.49745,1.4978,1.00,3.80
2009.11.11 12:21:12.986,1.4974,1.49775,1.70,1.00
2009.11.11 12:21:13.926,1.49745,1.49775,1.00,1.00
2009.11.11 12:21:14.626,1.49745,1.49775,1.00,2.90
2009.11.11 12:21:16.095,1.49745,1.49775,1.00,2.80
2009.11.11 12:21:19.074,1.49745,1.49775,1.00,5.40
2009.11.11 12:21:19.414,1.49745,1.4977,1.00,2.40
2009.11.11 12:21:23.324,1.49745,1.4977,1.00,1.60
2009.11.11 12:21:23.913,1.49745,1.4977,1.00,2.40
2009.11.11 12:21:27.583,1.49745,1.4977,1.00,1.60
2009.11.11 12:21:27.882,1.4975,1.4977,1.00,1.60
2009.11.11 12:21:28.692,1.4975,1.4978,1.00,5.30
2009.11.11 12:21:29.364,1.49745,1.4977,1.00,1.60
2009.11.11 12:21:32.281,1.49745,1.4977,1.00,2.00
2009.11.11 12:21:33.281,1.4974,1.4977,1.00,2.10
2009.11.11 12:21:33.461,1.4974,1.49765,1.00,2.00
2009.11.11 12:21:33.751,1.4974,1.49765,1.00,1.00
2009.11.11 12:21:33.871,1.4974,1.49775,1.00,2.90
2009.11.11 12:21:34.051,1.4974,1.4977,1.00,1.60
2009.11.11 12:21:34.411,1.49745,1.4978,1.00,5.50
2009.11.11 12:21:35.091,1.49745,1.4977,1.00,3.20
2009.11.11 12:21:35.391,1.4974,1.4977,1.00,5.60
2009.11.11 12:21:37.140,1.4974,1.49765,1.00,2.80
2009.11.11 12:21:38.170,1.4974,1.49765,1.00,3.30
2009.11.11 12:21:38.980,1.49735,1.49765,1.00,4.80
2009.11.11 12:21:42.509,1.4974,1.4977,1.00,3.40
2009.11.11 12:21:42.669,1.4974,1.49765,1.00,1.60
2009.11.11 12:21:49.687,1.49735,1.49765,1.00,4.80
2009.11.11 12:21:50.957,1.49735,1.49765,1.00,4.80
2009.11.11 12:22:05.234,1.49735,1.4976,1.00,2.80
2009.11.11 12:22:08.303,1.4974,1.4976,1.00,2.80
2009.11.11 12:22:10.252,1.4974,1.4976,1.00,4.80
2009.11.11 12:22:10.643,1.49735,1.4976,1.00,3.20
2009.11.11 12:22:10.812,1.49735,1.4976,1.00,1.00
2009.11.11 12:22:10.982,1.49735,1.4976,1.00,1.00
2009.11.11 12:22:11.222,1.4974,1.4977,1.00,6.10
2009.11.11 12:22:12.142,1.4974,1.4977,1.00,10.10
2009.11.11 12:22:12.992,1.4974,1.49765,1.00,4.90
2009.11.11 12:22:14.021,1.4974,1.49765,1.00,5.70
2009.11.11 12:22:14.781,1.4974,1.4976,1.00,6.00
2009.11.11 12:22:14.841,1.4974,1.4976,1.00,10.80
2009.11.11 12:22:15.141,1.49735,1.4976,1.00,10.80
2009.11.11 12:22:15.901,1.4973,1.4976,1.00,10.80
2009.11.11 12:22:16.421,1.4973,1.4976,1.00,8.80
2009.11.11 12:22:16.481,1.4973,1.49755,1.00,3.60
2009.11.11 12:22:16.591,1.4973,1.49755,1.00,5.60
2009.11.11 12:22:16.641,1.4973,1.49755,1.00,4.40
2009.11.11 12:22:16.871,1.4973,1.49755,1.00,4.90
2009.11.11 12:22:17.151,1.49725,1.49755,1.00,4.50
2009.11.11 12:22:17.840,1.4972,1.49755,1.00,7.50
2009.11.11 12:22:18.700,1.4972,1.4975,1.00,2.90
2009.11.11 12:22:22.710,1.4971,1.49745,1.00,2.10
2009.11.11 12:22:22.829,1.4971,1.49745,1.00,2.10
2009.11.11 12:22:24.039,1.49715,1.4974,1.00,1.60
2009.11.11 12:22:24.499,1.4971,1.4974,1.00,1.60
2009.11.11 12:22:26.099,1.4971,1.4974,1.00,1.60
2009.11.11 12:22:28.418,1.49705,1.4974,1.00,1.60
2009.11.11 12:22:28.778,1.49705,1.4974,1.00,1.60
2009.11.11 12:22:29.677,1.49705,1.4975,1.60,4.40
2009.11.11 12:22:30.017,1.4971,1.4975,1.00,1.60
2009.11.11 12:22:30.657,1.49705,1.4975,1.00,2.40
2009.11.11 12:22:30.897,1.49705,1.4975,1.00,1.60
2009.11.11 12:22:31.187,1.49715,1.4975,1.00,3.60
2009.11.11 12:22:31.417,1.4971,1.4975,1.00,1.60
2009.11.11 12:22:32.117,1.4971,1.4974,1.00,1.60
2009.11.11 12:22:32.447,1.4971,1.49755,1.00,5.70
2009.11.11 12:22:34.446,1.4971,1.4975,1.00,2.40
2009.11.11 12:22:39.025,1.4971,1.4975,1.00,3.20
2009.11.11 12:22:39.306,1.4971,1.4974,1.00,1.60
2009.11.11 12:22:43.794,1.4971,1.4974,1.00,2.40
2009.11.11 12:22:44.074,1.4971,1.4974,1.00,4.80
2009.11.11 12:22:44.354,1.497,1.49735,1.00,4.90
2009.11.11 12:22:44.994,1.49695,1.4973,1.00,2.10
2009.11.11 12:22:48.703,1.49695,1.4973,1.00,2.90
2009.11.11 12:22:49.503,1.49695,1.4973,1.00,3.70
2009.11.11 12:22:49.893,1.49695,1.4973,1.00,5.70
2009.11.11 12:22:53.982,1.49695,1.4973,1.00,3.70
2009.11.11 12:22:54.162,1.49695,1.4973,1.00,2.90
2009.11.11 12:22:55.481,1.497,1.4974,1.00,11.30
2009.11.11 12:22:55.531,1.497,1.49735,1.00,6.10
2009.11.11 12:22:55.591,1.497,1.4973,1.00,2.10
2009.11.11 12:22:56.181,1.49695,1.4973,1.00,2.90
2009.11.11 12:22:58.361,1.49695,1.4973,1.00,2.40
2009.11.11 12:22:58.651,1.497,1.49745,2.40,8.10
2009.11.11 12:22:59.280,1.49705,1.4974,1.00,2.40
2009.11.11 12:22:59.560,1.4971,1.4975,1.60,4.00
2009.11.11 12:22:59.910,1.4971,1.49745,1.70,1.00
2009.11.11 12:23:00.250,1.4971,1.49745,3.30,1.00
2009.11.11 12:23:00.580,1.49715,1.49755,1.00,2.90
2009.11.11 12:23:01.240,1.49715,1.4975,1.00,1.60
2009.11.11 12:23:05.159,1.49715,1.4975,1.00,1.60
2009.11.11 12:23:06.379,1.49715,1.4975,1.00,1.60
2009.11.11 12:23:06.719,1.49715,1.4975,1.00,1.60
2009.11.11 12:23:06.839,1.49715,1.49745,1.00,1.60
2009.11.11 12:23:08.138,1.4971,1.49745,1.70,1.60
2009.11.11 12:23:09.658,1.4971,1.49745,1.00,1.60
2009.11.11 12:23:10.908,1.4971,1.49745,1.00,2.40
2009.11.11 12:23:11.198,1.49705,1.49745,4.50,2.40
2009.11.11 12:23:11.497,1.49705,1.49745,2.50,2.40
2009.11.11 12:23:15.567,1.49705,1.49745,2.50,1.00
2009.11.11 12:23:17.526,1.49705,1.49745,3.30,1.00
2009.11.11 12:23:17.826,1.49705,1.49745,5.30,1.00
2009.11.11 12:23:18.806,1.49705,1.49745,4.50,1.00
2009.11.11 12:23:19.096,1.49705,1.49745,2.50,1.00
2009.11.11 12:23:20.055,1.49705,1.49745,3.30,1.00
2009.11.11 12:23:20.355,1.49705,1.49745,5.30,1.00
2009.11.11 12:23:25.114,1.49705,1.49745,2.50,1.00
2009.11.11 12:23:32.103,1.4972,1.49755,1.60,11.60
2009.11.11 12:23:32.273,1.4972,1.4975,1.60,2.90
2009.11.11 12:23:32.443,1.4972,1.4975,1.70,1.00
2009.11.11 12:23:37.321,1.4971,1.4975,1.00,2.90
2009.11.11 12:23:37.542,1.4971,1.4975,1.00,4.90
2009.11.11 12:23:37.941,1.4971,1.4975,1.00,5.10
2009.11.11 12:23:38.121,1.49705,1.49745,3.30,1.00
2009.11.11 12:23:42.650,1.49705,1.49745,4.10,1.00
2009.11.11 12:23:43.050,1.4971,1.49755,1.00,8.00
2009.11.11 12:23:43.280,1.4971,1.4975,1.00,3.90
2009.11.11 12:23:43.520,1.4971,1.4975,1.00,5.50
2009.11.11 12:23:43.850,1.4971,1.4975,3.20,7.90
2009.11.11 12:23:44.030,1.4971,1.4975,1.00,5.10
2009.11.11 12:23:44.200,1.4971,1.4975,1.00,3.10
2009.11.11 12:23:44.929,1.4971,1.4975,1.00,5.10
2009.11.11 12:23:52.068,1.4971,1.49755,1.00,16.40
2009.11.11 12:23:52.128,1.4971,1.4975,1.00,5.10
2009.11.11 12:23:55.047,1.4971,1.49745,1.00,1.60
2009.11.11 12:23:55.467,1.4971,1.49745,1.00,2.40
2009.11.11 12:23:56.337,1.4971,1.49745,1.00,2.40
2009.11.11 12:23:56.507,1.49705,1.4974,1.00,2.10
2009.11.11 12:23:56.737,1.49705,1.4974,1.00,1.60
2009.11.11 12:23:56.917,1.49705,1.4973,1.00,1.60
2009.11.11 12:23:57.336,1.49695,1.4973,1.00,1.60
2009.11.11 12:23:58.296,1.497,1.4974,2.30,6.80
2009.11.11 12:24:02.095,1.49705,1.49735,1.00,2.40
2009.11.11 12:24:04.095,1.4971,1.49735,1.00,2.40
2009.11.11 12:24:04.385,1.49705,1.49735,1.00,2.40
2009.11.11 12:24:05.314,1.49695,1.4972,1.00,1.60
2009.11.11 12:24:05.715,1.49695,1.4972,1.00,3.20
2009.11.11 12:24:06.274,1.4969,1.4972,2.40,1.60
2009.11.11 12:24:06.375,1.49695,1.4973,2.30,5.10
2009.11.11 12:24:07.024,1.49695,1.49725,2.60,1.00
2009.11.11 12:24:07.374,1.497,1.4974,2.10,7.60
2009.11.11 12:24:07.734,1.497,1.49735,2.50,4.00
2009.11.11 12:24:09.004,1.497,1.49735,2.30,4.00
2009.11.11 12:24:09.343,1.497,1.49735,2.30,6.00
2009.11.11 12:24:13.113,1.497,1.49735,2.30,4.00
2009.11.11 12:24:13.693,1.497,1.49735,2.30,6.00
2009.11.11 12:24:14.372,1.49705,1.4973,1.00,1.60
2009.11.11 12:24:18.822,1.49705,1.4974,2.20,10.80
2009.11.11 12:24:18.941,1.49705,1.4974,2.10,10.90
2009.11.11 12:24:19.751,1.49705,1.49735,1.00,6.00
2009.11.11 12:24:20.101,1.49705,1.49735,1.00,6.80
2009.11.11 12:24:20.461,1.49705,1.49735,1.00,6.80
2009.11.11 12:24:21.151,1.497,1.4973,1.00,2.40
2009.11.11 12:24:22.931,1.497,1.4973,2.10,1.00
2009.11.11 12:24:23.860,1.49705,1.4973,1.00,1.00
2009.11.11 12:24:24.370,1.49705,1.4974,1.00,11.50
2009.11.11 12:24:24.590,1.49705,1.4974,1.00,11.50
2009.11.11 12:24:25.180,1.49705,1.4974,1.00,11.40
2009.11.11 12:24:27.349,1.49705,1.49735,1.00,5.20
2009.11.11 12:24:27.529,1.497,1.49735,1.00,5.20
2009.11.11 12:24:27.809,1.497,1.49735,1.00,6.00
2009.11.11 12:24:32.318,1.497,1.4973,1.00,2.90
2009.11.11 12:24:32.498,1.49695,1.4972,1.00,1.60
2009.11.11 12:24:32.728,1.49695,1.4972,1.00,1.60
2009.11.11 12:24:33.188,1.49685,1.4972,1.00,4.00
2009.11.11 12:24:33.958,1.49685,1.49715,1.90,1.20
2009.11.11 12:24:34.298,1.49685,1.49715,1.00,3.70
2009.11.11 12:24:34.997,1.49685,1.49715,1.00,2.90
2009.11.11 12:24:36.147,1.49685,1.49715,1.00,2.90
2009.11.11 12:24:37.057,1.49685,1.49715,1.00,2.90
2009.11.11 12:24:37.617,1.49685,1.49715,1.00,2.40
2009.11.11 12:24:37.907,1.49685,1.4971,1.00,1.60
2009.11.11 12:24:38.196,1.49685,1.4972,1.00,4.10
2009.11.11 12:24:38.536,1.49685,1.4972,1.00,3.30
2009.11.11 12:24:39.236,1.4969,1.49715,1.00,2.10
2009.11.11 12:24:39.586,1.49685,1.49715,1.00,2.10
2009.11.11 12:24:43.475,1.4968,1.4971,1.30,1.60
2009.11.11 12:24:43.825,1.4968,1.4971,1.00,1.60
2009.11.11 12:24:44.155,1.49675,1.4971,1.00,1.60
2009.11.11 12:24:44.495,1.49685,1.4971,1.00,1.60
2009.11.11 12:24:44.875,1.49675,1.4971,1.00,1.60
2009.11.11 12:24:45.225,1.49675,1.4971,1.10,1.60
2009.11.11 12:24:46.985,1.49685,1.4971,1.00,1.60
2009.11.11 12:24:47.844,1.4968,1.4971,1.00,1.60
2009.11.11 12:24:48.014,1.4968,1.4972,2.50,4.40
2009.11.11 12:24:48.134,1.49685,1.4972,1.00,1.60
2009.11.11 12:24:48.304,1.4968,1.4972,2.50,1.60
2009.11.11 12:24:48.704,1.4968,1.4972,1.00,1.60
2009.11.11 12:24:48.864,1.49685,1.4972,1.00,1.60
2009.11.11 12:24:49.214,1.49685,1.4972,1.00,1.60
2009.11.11 12:24:52.343,1.49685,1.4972,1.00,2.90
2009.11.11 12:24:53.143,1.49685,1.49725,1.00,6.20
2009.11.11 12:24:53.583,1.49685,1.4972,1.00,1.60
2009.11.11 12:24:54.983,1.49685,1.4972,2.00,1.00
2009.11.11 12:24:55.683,1.4968,1.49715,1.00,1.60
2009.11.11 12:24:55.912,1.4969,1.49715,1.00,1.60
2009.11.11 12:24:56.142,1.49695,1.49715,1.00,1.60
2009.11.11 12:24:56.363,1.4969,1.49725,1.00,3.60
2009.11.11 12:24:57.642,1.49695,1.49725,1.00,2.40
2009.11.11 12:24:57.762,1.49695,1.49725,1.60,1.00
2009.11.11 12:24:57.872,1.49695,1.49725,2.30,1.00
2009.11.11 12:24:57.992,1.49695,1.49725,1.00,2.40
2009.11.11 12:24:58.112,1.49695,1.49735,4.00,4.80
2009.11.11 12:24:58.232,1.497,1.49735,1.00,8.80
2009.11.11 12:24:58.342,1.497,1.4974,1.00,4.50
2009.11.11 12:24:58.462,1.497,1.49735,3.10,2.40
2009.11.11 12:24:58.802,1.497,1.49735,3.10,1.60
2009.11.11 12:24:59.501,1.497,1.49735,1.50,1.60
2009.11.11 12:25:00.122,1.497,1.49735,1.00,1.60
2009.11.11 12:25:01.281,1.497,1.49735,1.00,3.60
2009.11.11 12:25:01.511,1.497,1.49735,1.00,4.40
2009.11.11 12:25:01.801,1.497,1.49735,1.00,2.90
2009.11.11 12:25:02.021,1.4969,1.4973,1.00,2.40
2009.11.11 12:25:02.601,1.4969,1.49725,1.00,4.70
2009.11.11 12:25:03.171,1.49685,1.49715,1.00,2.10
2009.11.11 12:25:03.510,1.49685,1.49715,1.00,2.90
2009.11.11 12:25:03.910,1.49675,1.4971,1.00,1.60
2009.11.11 12:25:05.261,1.49675,1.49705,1.00,3.40
2009.11.11 12:25:05.440,1.49675,1.49695,1.00,1.60
2009.11.11 12:25:05.660,1.4967,1.49705,1.00,8.40
2009.11.11 12:25:05.830,1.4967,1.49705,1.00,8.00
2009.11.11 12:25:06.000,1.4967,1.497,1.00,1.00
2009.11.11 12:25:06.820,1.4967,1.4971,1.00,9.60
2009.11.11 12:25:07.799,1.4967,1.49705,1.00,5.20
2009.11.11 12:25:08.359,1.4967,1.49705,2.40,1.00
2009.11.11 12:25:09.849,1.4967,1.49705,2.50,1.00
2009.11.11 12:25:10.139,1.4967,1.49705,2.50,2.80
2009.11.11 12:25:10.359,1.49675,1.49715,1.70,13.10
2009.11.11 12:25:11.129,1.49675,1.4971,1.70,2.40
2009.11.11 12:25:11.959,1.49675,1.4971,2.50,3.60
2009.11.11 12:25:13.198,1.49675,1.4971,2.70,3.60
2009.11.11 12:25:13.378,1.4968,1.49705,1.00,1.00
2009.11.11 12:25:14.738,1.4968,1.49715,1.70,5.20
2009.11.11 12:25:14.968,1.4968,1.49715,2.40,2.40
2009.11.11 12:25:15.248,1.4968,1.4972,1.00,6.60
2009.11.11 12:25:15.478,1.4968,1.4971,1.00,1.60
2009.11.11 12:25:15.827,1.4968,1.4971,1.00,2.40
2009.11.11 12:25:18.297,1.49675,1.4971,1.00,9.20
2009.11.11 12:25:18.687,1.49675,1.49705,1.00,4.80
2009.11.11 12:25:19.087,1.49675,1.49705,1.00,4.80
2009.11.11 12:25:20.196,1.4967,1.49705,1.00,4.90
2009.11.11 12:25:21.136,1.4967,1.497,1.00,2.40
2009.11.11 12:25:21.826,1.4967,1.497,1.00,1.60
2009.11.11 12:25:22.006,1.49665,1.497,1.00,1.60
2009.11.11 12:25:22.176,1.49665,1.49695,1.00,1.60
2009.11.11 12:25:22.626,1.49665,1.4969,1.00,1.60
2009.11.11 12:25:24.855,1.49665,1.497,1.00,6.90
2009.11.11 12:25:25.205,1.4967,1.4971,1.00,10.00
2009.11.11 12:25:25.555,1.4967,1.49705,1.00,1.60
2009.11.11 12:25:25.845,1.4967,1.49705,1.70,1.60
2009.11.11 12:25:25.955,1.4967,1.49705,1.00,1.60
2009.11.11 12:25:26.235,1.4967,1.49705,1.00,1.60
2009.11.11 12:25:27.995,1.4967,1.49705,1.70,1.60
2009.11.11 12:25:28.155,1.4967,1.49705,2.60,1.60
2009.11.11 12:25:28.325,1.4968,1.49715,1.00,4.00
2009.11.11 12:25:28.554,1.4968,1.49715,1.60,1.70
2009.11.11 12:25:29.055,1.4968,1.4971,1.00,1.60
2009.11.11 12:25:29.394,1.4968,1.4971,1.00,2.00
2009.11.11 12:25:29.795,1.4968,1.4971,1.00,1.60
2009.11.11 12:25:30.134,1.49675,1.4971,2.50,2.40
2009.11.11 12:25:31.524,1.4968,1.4971,1.00,2.40
2009.11.11 12:25:31.634,1.49675,1.4971,1.70,2.40
2009.11.11 12:25:32.054,1.49675,1.4971,2.50,2.40
2009.11.11 12:25:32.403,1.4968,1.4971,2.00,1.00
2009.11.11 12:25:33.443,1.4968,1.4971,2.30,1.00
2009.11.11 12:25:33.673,1.4968,1.4971,2.10,1.00
2009.11.11 12:25:33.954,1.49685,1.4971,1.00,1.00
2009.11.11 12:25:34.763,1.4969,1.4972,1.00,6.40
2009.11.11 12:25:35.093,1.49685,1.4972,1.00,6.40
2009.11.11 12:25:35.443,1.49685,1.49715,1.00,2.40
2009.11.11 12:25:36.393,1.4968,1.49715,1.00,2.40
2009.11.11 12:25:36.733,1.49675,1.4971,2.50,1.60
2009.11.11 12:25:37.492,1.49675,1.4971,2.70,1.60
2009.11.11 12:25:37.732,1.49675,1.4971,2.50,1.60
2009.11.11 12:25:38.002,1.4968,1.4971,1.00,1.60
2009.11.11 12:25:38.282,1.49675,1.4971,2.50,1.60
2009.11.11 12:25:38.572,1.49675,1.4971,2.50,2.40
2009.11.11 12:25:40.412,1.49685,1.4971,1.00,2.80
2009.11.11 12:25:40.762,1.4968,1.4971,2.50,1.60
2009.11.11 12:25:41.891,1.4968,1.4972,2.50,3.20
2009.11.11 12:25:42.191,1.4968,1.49715,1.00,2.40
2009.11.11 12:25:43.301,1.4968,1.49715,1.70,1.60
2009.11.11 12:25:43.521,1.4968,1.49715,1.70,1.60
2009.11.11 12:25:43.741,1.49685,1.49715,1.00,1.60
2009.11.11 12:25:44.771,1.4968,1.49715,1.00,5.20
2009.11.11 12:25:45.131,1.4968,1.4971,1.00,3.20
2009.11.11 12:25:45.481,1.4968,1.49705,1.00,1.60
2009.11.11 12:25:45.641,1.4968,1.49705,1.00,2.40
2009.11.11 12:25:45.880,1.49675,1.497,1.00,1.00
2009.11.11 12:25:46.041,1.49675,1.497,1.00,4.00
2009.11.11 12:25:46.271,1.49675,1.497,1.00,4.40
2009.11.11 12:25:46.570,1.4967,1.497,1.00,4.40
2009.11.11 12:25:46.911,1.4967,1.49695,1.00,2.40
2009.11.11 12:25:47.580,1.4967,1.49695,1.00,2.40
2009.11.11 12:25:47.920,1.4967,1.49695,1.00,2.40
2009.11.11 12:25:48.590,1.4967,1.49695,1.00,1.60
2009.11.11 12:25:48.870,1.4967,1.49695,1.00,1.00
2009.11.11 12:25:49.739,1.4968,1.49695,1.00,1.00
2009.11.11 12:25:50.429,1.4968,1.49695,1.00,1.00
2009.11.11 12:25:50.769,1.4968,1.49695,2.40,1.00
2009.11.11 12:25:51.099,1.497,1.49725,1.60,5.10
2009.11.11 12:25:51.339,1.49675,1.49715,3.20,1.60
2009.11.11 12:25:51.619,1.49675,1.49725,2.40,2.50
2009.11.11 12:25:51.969,1.49675,1.49715,1.00,1.60
2009.11.11 12:25:54.568,1.4968,1.49705,1.00,1.60
2009.11.11 12:25:54.798,1.4968,1.4972,2.40,7.00
2009.11.11 12:25:55.498,1.49685,1.4972,1.70,1.60
2009.11.11 12:25:55.858,1.4969,1.4972,1.00,1.60
2009.11.11 12:25:57.467,1.4969,1.4972,1.00,1.60
2009.11.11 12:25:57.687,1.49695,1.4973,1.00,6.50
2009.11.11 12:25:57.927,1.4969,1.49725,2.40,2.40
2009.11.11 12:25:58.617,1.4969,1.4972,1.00,1.60
2009.11.11 12:25:58.967,1.4969,1.4972,1.00,1.60
2009.11.11 12:25:59.197,1.4969,1.4973,2.40,5.90
2009.11.11 12:25:59.657,1.49685,1.49725,4.00,2.40
2009.11.11 12:25:59.877,1.49705,1.49725,3.70,1.00
2009.11.11 12:26:00.107,1.4971,1.49755,3.20,4.80
2009.11.11 12:26:00.397,1.4971,1.4975,2.40,1.00
2009.11.11 12:26:00.677,1.49715,1.4976,3.10,10.10
2009.11.11 12:26:00.957,1.49715,1.49755,1.00,4.80
2009.11.11 12:26:01.246,1.49715,1.4974,1.00,1.00
2009.11.11 12:26:01.476,1.49715,1.4975,1.00,3.90
2009.11.11 12:26:03.556,1.49715,1.4975,2.00,1.00
2009.11.11 12:26:04.146,1.49715,1.4976,2.80,11.50
2009.11.11 12:26:04.786,1.4972,1.49755,1.00,4.40
2009.11.11 12:26:05.065,1.4972,1.49755,1.00,2.40
2009.11.11 12:26:08.445,1.4972,1.49755,1.00,3.60
2009.11.11 12:26:08.715,1.4972,1.4975,1.00,3.70
2009.11.11 12:26:08.935,1.4972,1.4975,1.60,2.40
2009.11.11 12:26:09.165,1.49725,1.4976,5.30,7.60
2009.11.11 12:26:09.395,1.49725,1.49755,4.00,2.00
2009.11.11 12:26:09.635,1.49735,1.4977,2.40,1.60
2009.11.11 12:26:09.985,1.4974,1.49765,3.60,1.00
2009.11.11 12:26:10.324,1.49745,1.49785,1.00,2.60
2009.11.11 12:26:12.804,1.4975,1.4978,1.00,1.70
2009.11.11 12:26:14.194,1.4975,1.4978,1.70,1.60
2009.11.11 12:26:14.423,1.4975,1.4978,2.10,1.00
2009.11.11 12:26:15.113,1.4975,1.4978,2.00,1.00
2009.11.11 12:26:15.393,1.49745,1.4978,4.50,3.10
2009.11.11 12:26:15.743,1.4975,1.4978,1.00,1.70
2009.11.11 12:26:16.733,1.49745,1.4978,3.10,1.70
2009.11.11 12:26:16.913,1.49745,1.4978,4.70,1.70
2009.11.11 12:26:17.133,1.49745,1.4978,3.10,1.70
2009.11.11 12:26:17.533,1.49745,1.4978,2.50,1.60
2009.11.11 12:26:17.823,1.49745,1.4978,2.50,2.40
2009.11.11 12:26:18.342,1.49745,1.4978,1.00,4.20
2009.11.11 12:26:18.622,1.4974,1.49775,3.10,2.90
2009.11.11 12:26:18.842,1.4974,1.49775,2.90,3.10
2009.11.11 12:26:19.063,1.4974,1.4976,1.00,1.00
2009.11.11 12:26:19.292,1.4974,1.49775,1.00,3.70
2009.11.11 12:26:19.462,1.4974,1.4977,1.00,2.40
2009.11.11 12:26:20.052,1.4974,1.49775,1.00,3.70
2009.11.11 12:26:20.412,1.4974,1.4977,1.00,2.40
2009.11.11 12:26:21.212,1.4974,1.4978,1.00,5.40
2009.11.11 12:26:21.332,1.4974,1.49775,2.50,1.00
2009.11.11 12:26:21.452,1.4975,1.49785,1.00,6.00
2009.11.11 12:26:21.562,1.4975,1.4978,1.00,2.30
2009.11.11 12:26:22.382,1.4975,1.4978,1.00,2.10
2009.11.11 12:26:22.722,1.4975,1.4978,1.00,1.60
2009.11.11 12:26:23.181,1.49745,1.4978,3.70,2.40
2009.11.11 12:26:23.292,1.49745,1.4978,2.90,2.40
2009.11.11 12:26:24.101,1.4976,1.4978,1.60,1.60
2009.11.11 12:26:24.372,1.4976,1.498,1.00,4.30
2009.11.11 12:26:24.643,1.4976,1.4979,1.00,1.60
2009.11.11 12:26:24.903,1.49755,1.4979,2.10,1.60
2009.11.11 12:26:25.253,1.49755,1.4979,1.00,2.10
2009.11.11 12:26:26.053,1.49755,1.49775,1.00,1.60
2009.11.11 12:26:26.333,1.49755,1.49765,1.00,1.60
2009.11.11 12:26:26.663,1.4975,1.49765,1.00,1.60
2009.11.11 12:26:26.773,1.49745,1.49765,3.20,1.60
2009.11.11 12:26:27.003,1.49745,1.49765,2.40,1.60
2009.11.11 12:26:27.353,1.4974,1.49765,1.00,1.60
2009.11.11 12:26:28.033,1.4974,1.4977,1.00,3.20
2009.11.11 12:26:28.492,1.4974,1.4977,1.00,1.60
2009.11.11 12:26:28.672,1.4974,1.4977,1.00,3.20
2009.11.11 12:26:28.902,1.4974,1.4977,1.00,1.60
2009.11.11 12:26:29.122,1.4974,1.49765,1.00,1.60
2009.11.11 12:26:29.642,1.49745,1.4976,1.00,1.60
2009.11.11 12:26:30.182,1.4974,1.4975,1.00,1.60
2009.11.11 12:26:30.462,1.4973,1.49765,5.30,1.60
2009.11.11 12:26:30.802,1.4973,1.4976,9.60,1.60
2009.11.11 12:26:31.092,1.49725,1.4975,4.00,1.60
2009.11.11 12:26:31.492,1.49725,1.49765,4.80,3.20
2009.11.11 12:26:32.232,1.49725,1.4976,6.80,1.60
2009.11.11 12:26:32.471,1.49725,1.4975,5.20,1.60
2009.11.11 12:26:32.761,1.49725,1.4975,2.40,1.60
2009.11.11 12:26:33.471,1.49725,1.49765,2.40,2.90
2009.11.11 12:26:35.281,1.49725,1.4976,1.60,1.60
2009.11.11 12:26:35.441,1.49725,1.4976,3.60,1.60
2009.11.11 12:26:35.671,1.49725,1.4976,2.00,1.60
2009.11.11 12:26:36.090,1.4972,1.4976,6.70,1.60
2009.11.11 12:26:37.190,1.49725,1.4976,1.00,1.60
2009.11.11 12:26:37.530,1.4972,1.4976,5.70,1.60
2009.11.11 12:26:38.580,1.49725,1.4977,3.60,2.60
2009.11.11 12:26:38.920,1.49725,1.49765,1.60,2.00
2009.11.11 12:26:39.100,1.4972,1.4976,5.90,1.60
2009.11.11 12:26:41.599,1.4973,1.4977,1.00,2.70
2009.11.11 12:26:41.779,1.4973,1.49765,1.00,1.70
2009.11.11 12:26:41.899,1.4973,1.49765,1.00,2.10
2009.11.11 12:26:42.009,1.4973,1.49765,1.00,2.10
2009.11.11 12:26:43.339,1.49725,1.4976,2.00,3.30
2009.11.11 12:26:43.569,1.49725,1.4975,2.00,3.70
2009.11.11 12:26:44.428,1.4972,1.49745,1.00,1.60
2009.11.11 12:26:44.758,1.4972,1.49755,1.00,2.40
2009.11.11 12:26:45.388,1.4972,1.4975,1.00,3.70
2009.11.11 12:26:45.728,1.49715,1.4975,1.00,3.70
2009.11.11 12:26:46.138,1.49715,1.49745,1.00,2.10
2009.11.11 12:26:47.958,1.49715,1.49745,1.00,4.50
2009.11.11 12:26:48.237,1.49705,1.4974,1.00,4.00
2009.11.11 12:26:49.917,1.497,1.49735,1.00,2.00
2009.11.11 12:26:50.247,1.49695,1.4973,2.90,1.60
2009.11.11 12:26:50.427,1.49695,1.4973,2.10,1.60
2009.11.11 12:26:50.727,1.49695,1.4973,1.00,1.60
2009.11.11 12:26:53.466,1.49695,1.4973,1.00,1.60
2009.11.11 12:26:55.066,1.49695,1.49725,1.00,1.60
2009.11.11 12:26:55.886,1.49695,1.49725,1.00,1.60
2009.11.11 12:26:56.116,1.49695,1.49725,1.00,3.10
2009.11.11 12:26:56.915,1.49695,1.4973,1.00,3.90
2009.11.11 12:26:57.196,1.49695,1.4973,1.00,2.90
2009.11.11 12:26:57.825,1.497,1.4972,1.00,1.60
2009.11.11 12:26:58.175,1.4969,1.49715,1.00,1.60
2009.11.11 12:26:58.405,1.4969,1.49715,1.00,4.50
2009.11.11 12:26:58.575,1.4968,1.49715,1.70,4.50
2009.11.11 12:26:58.805,1.4968,1.4971,1.00,2.40
2009.11.11 12:26:59.025,1.4968,1.4971,1.00,2.40
2009.11.11 12:26:59.475,1.4968,1.4971,2.30,1.00
2009.11.11 12:27:00.115,1.4968,1.4971,1.70,1.00
2009.11.11 12:27:00.395,1.4968,1.4971,1.00,2.90
2009.11.11 12:27:00.865,1.4968,1.4971,1.00,2.10
2009.11.11 12:27:01.085,1.49685,1.4972,1.00,5.80
2009.11.11 12:27:01.535,1.4968,1.49715,1.00,5.00
2009.11.11 12:27:04.774,1.49675,1.4971,1.00,2.90
2009.11.11 12:27:05.054,1.49675,1.4971,2.80,1.00
2009.11.11 12:27:05.334,1.49675,1.4971,3.10,1.00
2009.11.11 12:27:05.604,1.4968,1.4972,1.00,3.70
2009.11.11 12:27:06.593,1.4968,1.4971,1.00,2.90
2009.11.11 12:27:15.981,1.49675,1.4972,4.00,3.70
2009.11.11 12:27:18.130,1.4968,1.49715,3.20,1.00
2009.11.11 12:27:18.420,1.49685,1.49725,1.00,3.60
2009.11.11 12:27:19.860,1.49685,1.4972,1.00,3.20
2009.11.11 12:27:20.190,1.4968,1.49715,1.00,1.00
2009.11.11 12:27:20.540,1.4968,1.49715,2.80,1.00
2009.11.11 12:27:20.900,1.49675,1.49715,7.70,1.00
2009.11.11 12:27:21.250,1.49675,1.49715,2.90,2.40
2009.11.11 12:27:21.360,1.49675,1.4971,2.80,4.00
2009.11.11 12:27:21.470,1.4967,1.49705,4.40,4.00
2009.11.11 12:27:21.579,1.4967,1.49705,3.20,2.40
2009.11.11 12:27:22.160,1.4967,1.49705,3.20,1.00
2009.11.11 12:27:23.009,1.49675,1.49715,1.00,2.40
2009.11.11 12:27:23.469,1.49675,1.4971,1.60,2.40
2009.11.11 12:27:23.759,1.49675,1.4971,1.60,1.60
2009.11.11 12:27:24.049,1.49675,1.4971,1.00,2.40
2009.11.11 12:27:26.028,1.4968,1.4971,1.00,2.40
2009.11.11 12:27:26.138,1.4968,1.4972,3.10,3.90
2009.11.11 12:27:26.368,1.4968,1.49715,3.90,2.50
2009.11.11 12:27:26.538,1.49685,1.4971,1.00,1.60
2009.11.11 12:27:26.649,1.49685,1.49725,1.00,5.20
2009.11.11 12:27:27.458,1.4969,1.49725,1.00,1.60
2009.11.11 12:27:27.818,1.4969,1.49735,1.00,11.50
2009.11.11 12:27:28.108,1.4969,1.49725,1.60,1.60
2009.11.11 12:27:28.168,1.4969,1.49725,1.60,2.00
2009.11.11 12:27:28.288,1.49695,1.49725,1.00,2.20
2009.11.11 12:27:28.468,1.4969,1.49725,1.00,2.20
2009.11.11 12:27:29.778,1.4969,1.4971,1.00,1.60
2009.11.11 12:27:30.118,1.49685,1.49705,1.00,1.60
2009.11.11 12:27:31.148,1.49685,1.49705,1.00,1.70
2009.11.11 12:27:31.267,1.49685,1.49705,1.00,2.20
2009.11.11 12:27:31.377,1.49675,1.49705,1.00,2.50
2009.11.11 12:27:31.428,1.49675,1.4971,1.00,2.90
2009.11.11 12:27:31.547,1.49675,1.4971,1.00,3.70
2009.11.11 12:27:31.947,1.49675,1.49715,1.00,3.80
2009.11.11 12:27:32.057,1.49675,1.4971,1.00,2.40
2009.11.11 12:27:33.277,1.49675,1.4971,1.00,2.40
2009.11.11 12:27:33.737,1.4968,1.4971,1.00,2.40
2009.11.11 12:27:34.366,1.4968,1.4971,1.00,2.90
2009.11.11 12:27:36.466,1.4968,1.4971,1.00,1.30
2009.11.11 12:27:36.636,1.4968,1.4972,1.00,5.80
2009.11.11 12:27:37.216,1.4968,1.49715,1.00,5.30
2009.11.11 12:27:37.516,1.49675,1.4971,2.90,3.10
2009.11.11 12:27:37.866,1.49675,1.4971,2.80,2.90
2009.11.11 12:27:38.216,1.49675,1.4971,2.90,3.10
2009.11.11 12:27:38.505,1.49675,1.4971,1.00,3.10
2009.11.11 12:27:40.225,1.4968,1.4971,1.00,2.90
2009.11.11 12:27:41.135,1.4968,1.4971,1.00,2.90
2009.11.11 12:27:56.421,1.49685,1.4971,1.00,2.90
2009.11.11 12:27:56.661,1.4969,1.4972,1.00,5.70
2009.11.11 12:27:57.481,1.49695,1.49715,1.00,1.00
2009.11.11 12:27:58.061,1.49695,1.4973,1.00,5.30
2009.11.11 12:27:59.481,1.497,1.49725,1.00,1.00
2009.11.11 12:27:59.651,1.497,1.49725,1.00,2.40
2009.11.11 12:27:59.881,1.4969,1.49725,2.50,2.40
2009.11.11 12:28:00.060,1.4969,1.49725,1.00,4.50
2009.11.11 12:28:00.460,1.497,1.4973,1.00,3.70
2009.11.11 12:28:00.810,1.497,1.49725,1.00,1.00
2009.11.11 12:28:02.400,1.497,1.49735,1.00,4.50
2009.11.11 12:28:02.639,1.497,1.4973,1.70,2.40
2009.11.11 12:28:02.930,1.497,1.4973,2.30,2.40
2009.11.11 12:28:04.130,1.4971,1.4973,1.00,1.60
2009.11.11 12:28:04.470,1.4971,1.4972,1.00,1.60
2009.11.11 12:28:04.649,1.497,1.4972,1.60,1.60
2009.11.11 12:28:04.880,1.49695,1.4972,6.10,1.60
2009.11.11 12:28:05.059,1.49695,1.49735,5.70,4.80
2009.11.11 12:28:05.409,1.49705,1.4973,1.60,1.60
2009.11.11 12:28:06.279,1.497,1.4973,1.60,1.00
2009.11.11 12:28:07.828,1.497,1.4974,1.60,3.20
2009.11.11 12:28:08.988,1.497,1.49735,2.40,1.00
2009.11.11 12:28:11.177,1.49705,1.49735,1.60,1.00
2009.11.11 12:28:11.297,1.497,1.49735,2.40,1.00
2009.11.11 12:28:11.527,1.497,1.49735,2.40,1.00
2009.11.11 12:28:11.757,1.497,1.49735,2.40,1.00
2009.11.11 12:28:11.937,1.497,1.49735,2.40,1.00
2009.11.11 12:28:13.037,1.4971,1.49745,1.00,4.00
2009.11.11 12:28:15.896,1.4971,1.4974,1.00,1.60
2009.11.11 12:28:17.986,1.49715,1.49735,1.60,1.00
2009.11.11 12:28:18.226,1.49715,1.4975,2.10,7.70
2009.11.11 12:28:19.775,1.49715,1.4975,2.90,5.00
2009.11.11 12:28:20.006,1.49715,1.4975,2.10,5.70
2009.11.11 12:28:21.735,1.49715,1.4974,2.10,1.00
2009.11.11 12:28:23.615,1.4971,1.4974,1.60,1.00
2009.11.11 12:28:25.104,1.4971,1.4974,2.50,1.00
2009.11.11 12:28:25.324,1.4971,1.4974,2.60,1.00
2009.11.11 12:28:25.614,1.49715,1.4975,2.10,7.60
2009.11.11 12:28:27.024,1.49715,1.4975,2.30,5.60
2009.11.11 12:28:29.023,1.49715,1.49755,3.10,7.70
2009.11.11 12:28:33.162,1.49715,1.49745,1.00,2.20
2009.11.11 12:28:33.332,1.4971,1.49745,1.00,3.20
2009.11.11 12:28:36.002,1.4971,1.49745,4.90,3.20
2009.11.11 12:28:36.182,1.49715,1.49745,3.30,1.00
2009.11.11 12:28:36.302,1.4972,1.4976,3.70,6.10
2009.11.11 12:28:36.701,1.49725,1.4976,1.00,3.30
2009.11.11 12:28:37.061,1.49725,1.4976,1.00,2.50
2009.11.11 12:28:38.101,1.49725,1.4976,1.00,2.40
2009.11.11 12:28:39.041,1.49725,1.4976,1.00,2.50
2009.11.11 12:28:42.200,1.49725,1.4976,1.00,2.40
2009.11.11 12:28:43.380,1.4973,1.4976,1.00,2.40
2009.11.11 12:28:43.600,1.4973,1.4976,1.00,2.40
2009.11.11 12:28:47.129,1.49725,1.4976,1.00,3.20
2009.11.11 12:28:47.249,1.49725,1.4976,1.00,3.20
2009.11.11 12:28:49.668,1.49725,1.49755,1.00,1.00
2009.11.11 12:28:50.528,1.49725,1.49755,1.20,1.00
2009.11.11 12:28:50.918,1.49725,1.49755,5.20,1.00
2009.11.11 12:28:51.258,1.49735,1.49755,4.90,1.00
2009.11.11 12:28:51.608,1.4974,1.49775,1.60,3.60
2009.11.11 12:28:51.948,1.4974,1.4977,2.40,1.00
2009.11.11 12:28:52.298,1.4974,1.4978,1.60,3.30
2009.11.11 12:28:53.038,1.4974,1.49775,4.40,1.00
2009.11.11 12:28:53.377,1.4974,1.49775,2.40,1.00
2009.11.11 12:28:56.257,1.4975,1.49775,4.90,1.00
2009.11.11 12:28:56.547,1.4976,1.49805,4.90,1.00
2009.11.11 12:28:56.827,1.49775,1.49815,1.00,2.50
2009.11.11 12:28:56.987,1.49785,1.4981,2.40,1.00
2009.11.11 12:28:57.167,1.4979,1.49845,1.60,1.60
2009.11.11 12:28:57.347,1.498,1.4984,1.60,1.00
2009.11.11 12:28:57.467,1.498,1.4985,1.60,2.80
2009.11.11 12:28:57.646,1.49805,1.49845,1.00,1.00
2009.11.11 12:28:57.817,1.49805,1.49845,2.40,1.00
2009.11.11 12:28:58.156,1.49805,1.4986,4.40,2.50
2009.11.11 12:28:59.156,1.49805,1.49845,3.60,1.60
2009.11.11 12:28:59.486,1.49805,1.49845,2.00,1.60
2009.11.11 12:28:59.776,1.498,1.49845,4.40,1.60
2009.11.11 12:29:00.066,1.49825,1.49855,1.00,2.40
2009.11.11 12:29:00.426,1.49825,1.4988,2.00,4.40
2009.11.11 12:29:00.996,1.49825,1.49875,2.00,1.00
2009.11.11 12:29:01.116,1.49835,1.49895,3.60,5.20
2009.11.11 12:29:01.516,1.49835,1.4989,3.60,3.20
2009.11.11 12:29:01.635,1.4984,1.4989,2.00,3.20
2009.11.11 12:29:01.746,1.4984,1.4989,2.00,2.40
2009.11.11 12:29:01.925,1.4984,1.4989,2.80,2.40
2009.11.11 12:29:02.045,1.4984,1.4989,2.40,2.40
2009.11.11 12:29:02.405,1.49845,1.49885,1.60,1.60
2009.11.11 12:29:02.705,1.4984,1.4988,3.10,1.60
2009.11.11 12:29:03.065,1.49845,1.49895,1.00,11.50
2009.11.11 12:29:03.395,1.49845,1.4989,1.00,3.60
2009.11.11 12:29:03.735,1.49845,1.4989,1.00,3.60
2009.11.11 12:29:04.065,1.4985,1.499,1.70,13.60
2009.11.11 12:29:04.415,1.4985,1.4989,1.70,1.60
2009.11.11 12:29:04.745,1.49845,1.49885,2.10,1.60
2009.11.11 12:29:05.085,1.4985,1.49895,1.70,5.80
2009.11.11 12:29:05.434,1.4985,1.4989,1.70,1.70
2009.11.11 12:29:05.784,1.4985,1.4988,1.00,1.60
2009.11.11 12:29:06.194,1.49845,1.49875,1.00,2.10
2009.11.11 12:29:06.964,1.49805,1.49855,3.30,1.60
2009.11.11 12:29:07.534,1.49805,1.49855,1.70,1.60
2009.11.11 12:29:08.064,1.49815,1.4985,1.70,1.70
2009.11.11 12:29:09.064,1.49815,1.4985,1.60,1.60
2009.11.11 12:29:14.113,1.4982,1.49855,2.90,1.00
2009.11.11 12:29:14.402,1.4982,1.49865,4.90,5.50
2009.11.11 12:29:14.642,1.49825,1.4986,1.00,2.50
2009.11.11 12:29:14.882,1.49825,1.4986,2.80,2.50
2009.11.11 12:29:15.232,1.4982,1.4986,1.00,2.30
2009.11.11 12:29:15.582,1.49815,1.49855,2.80,1.70
2009.11.11 12:29:18.002,1.49815,1.49845,1.00,1.60
2009.11.11 12:29:18.341,1.4981,1.49845,3.60,1.60
2009.11.11 12:29:18.632,1.4981,1.49835,1.60,1.60
2009.11.11 12:29:18.871,1.49805,1.49845,1.60,4.00
2009.11.11 12:29:19.161,1.498,1.49845,4.10,3.90
2009.11.11 12:29:19.441,1.49795,1.49835,3.70,1.60
2009.11.11 12:29:19.621,1.49795,1.49835,2.00,1.60
2009.11.11 12:29:19.901,1.4979,1.49835,1.00,2.40
2009.11.11 12:29:20.141,1.4979,1.49825,1.00,1.60
2009.11.11 12:29:20.361,1.4979,1.49825,1.00,1.60
2009.11.11 12:29:20.741,1.49785,1.49825,1.70,1.60
2009.11.11 12:29:21.091,1.49785,1.49825,1.60,1.60
2009.11.11 12:29:21.441,1.4978,1.4982,4.30,1.60
2009.11.11 12:29:21.611,1.4978,1.4982,2.30,1.60
2009.11.11 12:29:21.951,1.4978,1.4982,2.30,3.60
2009.11.11 12:29:22.121,1.4978,1.4982,2.30,1.60
2009.11.11 12:29:22.471,1.4978,1.4982,2.30,3.60
2009.11.11 12:29:23.050,1.4978,1.4982,2.30,1.60
2009.11.11 12:29:23.340,1.4978,1.4982,1.70,1.60
2009.11.11 12:29:24.420,1.49775,1.49815,2.40,1.60
2009.11.11 12:29:25.300,1.49775,1.49815,1.00,1.60
2009.11.11 12:29:25.540,1.4977,1.49805,2.00,1.60
2009.11.11 12:29:25.760,1.4977,1.498,2.00,1.60
2009.11.11 12:29:26.120,1.4976,1.498,3.20,1.60
2009.11.11 12:29:26.469,1.4976,1.4979,1.00,1.60
2009.11.11 12:29:26.769,1.49755,1.49795,1.00,3.70
2009.11.11 12:29:27.159,1.4975,1.49785,3.90,1.60
2009.11.11 12:29:28.299,1.4976,1.498,2.10,5.20
2009.11.11 12:29:28.529,1.4976,1.49795,3.70,3.30
2009.11.11 12:29:29.349,1.49755,1.4979,3.10,1.60
2009.11.11 12:29:29.699,1.49755,1.4979,2.30,1.60
2009.11.11 12:29:29.989,1.49755,1.4979,2.30,1.60
2009.11.11 12:29:30.628,1.4976,1.49785,1.00,1.60
2009.11.11 12:29:30.979,1.4976,1.49785,1.00,1.60
2009.11.11 12:29:34.068,1.49765,1.49795,1.00,3.00
2009.11.11 12:29:34.598,1.4976,1.49785,1.00,1.60
2009.11.11 12:29:38.157,1.4976,1.4978,1.00,1.60
2009.11.11 12:29:38.437,1.49755,1.4978,1.00,1.60
2009.11.11 12:29:40.456,1.49755,1.4979,1.00,2.90
2009.11.11 12:29:40.806,1.49755,1.49785,1.00,2.10
2009.11.11 12:29:41.376,1.49755,1.4979,1.00,5.70
2009.11.11 12:29:45.245,1.49765,1.49795,1.00,4.60
2009.11.11 12:29:45.535,1.49765,1.49785,1.00,1.60
2009.11.11 12:29:45.895,1.4976,1.49785,1.00,1.60
2009.11.11 12:29:47.374,1.4975,1.49785,1.00,1.60
2009.11.11 12:29:47.724,1.49745,1.49775,1.00,2.00
2009.11.11 12:29:48.055,1.4974,1.4977,1.00,2.00
2009.11.11 12:29:48.404,1.4974,1.4977,1.00,1.60
2009.11.11 12:29:48.634,1.4974,1.4977,1.00,2.10
2009.11.11 12:29:48.874,1.4973,1.49765,1.00,1.60
2009.11.11 12:29:49.474,1.49725,1.49775,4.10,4.40
2009.11.11 12:29:49.584,1.49725,1.4977,6.10,1.60
2009.11.11 12:29:49.644,1.49725,1.4977,6.90,1.60
2009.11.11 12:29:50.284,1.4973,1.4977,1.00,1.60
2009.11.11 12:29:50.464,1.4973,1.49765,1.00,2.10
2009.11.11 12:29:55.132,1.49715,1.49755,5.30,1.60
2009.11.11 12:29:56.222,1.4972,1.49755,1.00,1.60
2009.11.11 12:29:59.941,1.4972,1.49755,1.00,1.60
2009.11.11 12:30:00.281,1.49715,1.49755,6.10,1.60
2009.11.11 12:30:00.971,1.4972,1.49755,1.00,1.60
2009.11.11 12:30:03.061,1.4972,1.49755,1.00,1.60
2009.11.11 12:30:03.281,1.49725,1.49755,1.00,1.60
2009.11.11 12:30:03.911,1.4973,1.49765,1.00,2.10
2009.11.11 12:30:04.891,1.4973,1.4976,1.00,2.10
2009.11.11 12:30:05.930,1.4973,1.49765,1.00,2.60
2009.11.11 12:30:06.280,1.4973,1.4976,1.00,2.30
2009.11.11 12:30:06.630,1.4972,1.49755,2.10,1.60
2009.11.11 12:30:06.860,1.4972,1.49755,2.30,1.60
2009.11.11 12:30:07.160,1.4972,1.49755,6.20,1.60
2009.11.11 12:30:07.620,1.4973,1.49765,2.00,2.30
2009.11.11 12:30:07.920,1.49735,1.49775,1.00,7.20
2009.11.11 12:30:08.269,1.49735,1.4977,6.80,1.70
2009.11.11 12:30:08.620,1.49745,1.49785,1.00,6.30
2009.11.11 12:30:08.839,1.49745,1.4978,4.10,1.00
2009.11.11 12:30:09.069,1.49745,1.4978,6.20,2.40
2009.11.11 12:30:09.299,1.4975,1.4979,1.00,2.90
2009.11.11 12:30:09.539,1.4975,1.4979,1.70,1.60
2009.11.11 12:30:09.709,1.4975,1.4979,1.00,1.60
2009.11.11 12:30:10.409,1.4976,1.498,1.60,6.00
2009.11.11 12:30:10.749,1.49765,1.498,2.10,2.50
2009.11.11 12:30:11.109,1.49765,1.49805,1.00,4.70
2009.11.11 12:30:11.969,1.4977,1.49805,1.00,4.50
2009.11.11 12:30:12.078,1.4977,1.4981,1.00,3.20
2009.11.11 12:30:12.248,1.4977,1.49805,1.00,3.10
2009.11.11 12:30:12.488,1.4977,1.4981,1.00,3.30
2009.11.11 12:30:12.548,1.4977,1.49805,2.10,2.40
2009.11.11 12:30:13.028,1.49765,1.49795,1.00,1.60
2009.11.11 12:30:13.698,1.4976,1.4979,2.00,1.60
2009.11.11 12:30:14.048,1.4975,1.4979,1.00,1.60
2009.11.11 12:30:14.268,1.49745,1.4978,1.00,1.60
2009.11.11 12:30:14.508,1.49745,1.4978,2.10,1.60
2009.11.11 12:30:15.098,1.49745,1.4978,1.00,1.60
2009.11.11 12:30:15.928,1.4975,1.4978,1.00,1.60
2009.11.11 12:30:22.706,1.4974,1.4978,4.50,1.60
2009.11.11 12:30:25.955,1.49745,1.4978,1.00,1.60
2009.11.11 12:30:29.385,1.49745,1.4979,1.70,6.10
2009.11.11 12:30:29.665,1.49745,1.4978,2.00,2.10
2009.11.11 12:30:29.894,1.4975,1.49785,1.00,4.20
2009.11.11 12:30:30.284,1.4975,1.49785,2.40,1.00
2009.11.11 12:30:30.624,1.4975,1.4979,2.90,2.40
2009.11.11 12:30:30.974,1.49765,1.49785,1.00,1.00
2009.11.11 12:30:31.314,1.49765,1.49805,2.00,1.00
2009.11.11 12:30:32.074,1.4976,1.498,1.60,2.40
2009.11.11 12:30:32.434,1.49755,1.4979,2.90,1.60
2009.11.11 12:30:32.894,1.49755,1.4979,1.00,1.60
2009.11.11 12:30:33.073,1.4975,1.4979,6.50,1.60
2009.11.11 12:30:33.454,1.4975,1.4979,5.70,1.60
2009.11.11 12:30:34.153,1.49755,1.4979,1.00,1.60
2009.11.11 12:30:34.333,1.49755,1.4979,1.00,1.60
2009.11.11 12:30:34.563,1.4976,1.49805,1.00,3.60
2009.11.11 12:30:34.803,1.4975,1.49805,4.90,3.70
2009.11.11 12:30:35.033,1.49755,1.498,2.80,1.00
2009.11.11 12:30:35.203,1.4975,1.498,6.50,1.60
2009.11.11 12:30:35.783,1.4975,1.498,4.50,1.60
2009.11.11 12:30:36.113,1.4975,1.498,2.50,3.60
2009.11.11 12:30:36.173,1.4975,1.498,2.50,3.70
2009.11.11 12:30:37.083,1.4975,1.498,1.70,3.70
2009.11.11 12:30:39.142,1.4975,1.498,1.70,4.50
2009.11.11 12:30:39.252,1.4975,1.49795,1.00,1.00
2009.11.11 12:30:40.682,1.4975,1.49795,1.00,2.00
2009.11.11 12:30:42.131,1.4975,1.49795,1.00,2.80
2009.11.11 12:30:42.191,1.49755,1.49795,1.00,2.80
2009.11.11 12:30:43.221,1.4975,1.49795,1.00,2.80
2009.11.11 12:30:43.511,1.4975,1.49805,2.50,17.40
2009.11.11 12:30:44.031,1.4975,1.498,3.30,3.70
2009.11.11 12:30:44.321,1.49755,1.498,1.00,3.70
2009.11.11 12:30:44.550,1.49755,1.498,1.00,1.60
2009.11.11 12:30:46.100,1.49755,1.498,1.00,1.70
2009.11.11 12:30:46.740,1.49755,1.498,1.00,1.70
2009.11.11 12:30:47.020,1.49755,1.498,1.00,1.60
2009.11.11 12:30:47.080,1.49755,1.498,2.90,1.60
2009.11.11 12:30:47.290,1.49755,1.498,1.00,1.60
2009.11.11 12:30:47.350,1.49755,1.498,1.00,1.60
2009.11.11 12:30:47.580,1.49755,1.498,1.00,3.60
2009.11.11 12:30:47.980,1.49755,1.498,1.00,1.60
2009.11.11 12:30:49.010,1.4975,1.49795,1.00,1.60
2009.11.11 12:30:49.230,1.49745,1.4979,2.10,1.00
2009.11.11 12:30:49.459,1.49745,1.4979,1.00,1.00
2009.11.11 12:30:51.259,1.49745,1.4979,2.10,1.00
2009.11.11 12:30:52.189,1.49745,1.4979,2.90,1.00
2009.11.11 12:30:55.278,1.49745,1.498,2.90,10.20
2009.11.11 12:30:55.888,1.49745,1.4979,2.90,1.00
2009.11.11 12:30:55.998,1.49745,1.4979,2.90,1.00
2009.11.11 12:30:59.527,1.49745,1.4978,2.90,2.00
2009.11.11 12:30:59.827,1.49745,1.4978,1.00,2.00
2009.11.11 12:31:02.446,1.49755,1.4979,1.00,4.00
2009.11.11 12:31:02.676,1.4975,1.49785,1.00,3.20
2009.11.11 12:31:02.846,1.4975,1.4978,1.90,2.00
2009.11.11 12:31:03.086,1.4975,1.4978,2.60,1.00
2009.11.11 12:31:03.256,1.49755,1.4979,2.90,4.10
2009.11.11 12:31:03.486,1.49755,1.4979,1.00,4.80
2009.11.11 12:31:03.716,1.4975,1.49795,2.10,5.00
2009.11.11 12:31:04.066,1.4975,1.49785,3.70,1.60
2009.11.11 12:31:05.466,1.4975,1.49785,1.00,1.60
2009.11.11 12:31:06.556,1.4975,1.4978,1.00,1.60
2009.11.11 12:31:06.835,1.4975,1.4978,1.00,2.10
2009.11.11 12:31:07.225,1.4975,1.4978,1.00,2.90
2009.11.11 12:31:08.155,1.49755,1.4978,1.00,2.90
2009.11.11 12:31:08.665,1.49755,1.4978,1.00,2.10
2009.11.11 12:31:10.115,1.49745,1.4978,1.00,2.10
2009.11.11 12:31:10.474,1.4974,1.49765,1.00,1.00
2009.11.11 12:31:10.824,1.4974,1.49775,1.00,3.70
2009.11.11 12:31:11.165,1.4974,1.4977,1.00,2.40
2009.11.11 12:31:11.634,1.4974,1.4976,1.00,1.60
2009.11.11 12:31:20.122,1.4972,1.4975,1.00,2.40
2009.11.11 12:31:20.762,1.4972,1.4975,1.00,1.60
2009.11.11 12:31:22.382,1.4972,1.4975,1.00,1.60
2009.11.11 12:31:27.740,1.4972,1.4976,1.00,7.30
2009.11.11 12:31:27.911,1.4972,1.49755,1.00,2.40
2009.11.11 12:31:28.961,1.4972,1.49755,1.00,2.40
2009.11.11 12:31:29.910,1.49725,1.49755,1.00,2.40
2009.11.11 12:31:30.260,1.4973,1.49765,1.60,12.40
2009.11.11 12:31:30.620,1.4973,1.4976,6.90,1.00
2009.11.11 12:31:30.970,1.4974,1.4978,2.40,4.40
2009.11.11 12:31:31.269,1.4974,1.4977,1.00,1.60
2009.11.11 12:31:33.259,1.4974,1.4977,1.00,1.60
2009.11.11 12:31:33.479,1.49735,1.4977,1.00,1.60
2009.11.11 12:31:34.279,1.49735,1.4977,1.00,1.60
2009.11.11 12:31:34.549,1.49735,1.49765,1.00,1.60
2009.11.11 12:31:36.298,1.49735,1.49765,1.00,1.60
2009.11.11 12:31:37.138,1.4973,1.49765,1.00,1.60
2009.11.11 12:31:37.248,1.4973,1.49765,1.00,1.60
2009.11.11 12:31:38.388,1.4973,1.49765,1.00,2.40
2009.11.11 12:31:40.427,1.4973,1.49765,1.00,2.40
2009.11.11 12:31:40.947,1.4973,1.49765,1.00,1.60
2009.11.11 12:31:41.307,1.4973,1.49765,1.00,2.40
2009.11.11 12:31:44.526,1.4973,1.49765,1.00,1.00
2009.11.11 12:31:44.646,1.4973,1.49765,2.90,1.00
2009.11.11 12:31:45.276,1.4974,1.49775,1.00,3.20
2009.11.11 12:31:45.966,1.4974,1.49775,1.00,2.40
2009.11.11 12:31:46.426,1.49745,1.49775,1.00,2.40
2009.11.11 12:31:46.606,1.4974,1.49775,4.10,2.40
2009.11.11 12:31:46.826,1.4974,1.4977,1.00,1.60
2009.11.11 12:31:47.046,1.4974,1.4977,1.00,2.40
2009.11.11 12:31:47.745,1.4974,1.4977,1.00,2.40
2009.11.11 12:31:48.725,1.4974,1.4977,1.00,2.40
2009.11.11 12:31:54.984,1.4974,1.4977,2.10,1.00
2009.11.11 12:31:55.163,1.4974,1.4977,2.60,1.00
2009.11.11 12:31:55.274,1.49745,1.4977,1.00,1.00
2009.11.11 12:31:56.574,1.4975,1.4978,1.00,3.20
2009.11.11 12:31:56.974,1.4975,1.49785,2.10,3.70
2009.11.11 12:31:57.083,1.4975,1.49785,2.10,3.70
2009.11.11 12:31:57.193,1.4975,1.49785,2.90,2.90
2009.11.11 12:31:57.253,1.49755,1.49785,1.00,2.90
2009.11.11 12:31:58.243,1.49755,1.49785,1.00,2.90
2009.11.11 12:31:58.523,1.49765,1.49785,1.00,1.30
2009.11.11 12:31:58.813,1.49765,1.49795,1.00,3.20
2009.11.11 12:32:01.012,1.4977,1.49795,1.00,1.60
2009.11.11 12:32:01.362,1.4978,1.49805,1.00,4.80
2009.11.11 12:32:01.642,1.4978,1.49815,1.00,3.20
2009.11.11 12:32:02.032,1.4979,1.49825,1.60,3.20
2009.11.11 12:32:02.092,1.49795,1.49825,1.00,1.00
2009.11.11 12:32:02.263,1.49795,1.49825,1.00,1.00
2009.11.11 12:32:02.682,1.49805,1.4984,1.00,3.20
2009.11.11 12:32:03.032,1.49815,1.4984,1.00,1.60
2009.11.11 12:32:03.382,1.4982,1.4984,1.00,1.60
2009.11.11 12:32:04.232,1.49825,1.49875,1.00,4.00
2009.11.11 12:32:04.411,1.49825,1.4987,2.00,1.00
2009.11.11 12:32:04.652,1.49825,1.4987,1.00,2.40
2009.11.11 12:32:04.941,1.4983,1.4987,1.00,2.40
2009.11.11 12:32:05.691,1.49825,1.4986,1.20,2.40
2009.11.11 12:32:06.031,1.49825,1.4986,1.20,4.40
2009.11.11 12:32:06.721,1.49825,1.4986,1.00,2.40
2009.11.11 12:32:07.081,1.49825,1.4986,1.00,3.20
2009.11.11 12:32:07.261,1.4982,1.49855,1.20,1.00
2009.11.11 12:32:09.410,1.4982,1.4985,1.00,2.50
2009.11.11 12:32:10.410,1.4982,1.4985,1.00,4.40
2009.11.11 12:32:10.640,1.4982,1.4985,1.00,4.40
2009.11.11 12:32:10.870,1.49825,1.4985,1.00,2.40
2009.11.11 12:32:11.050,1.49825,1.4986,2.50,5.00
2009.11.11 12:32:11.280,1.4983,1.4986,2.10,1.00
2009.11.11 12:32:11.450,1.49825,1.4986,1.00,1.60
2009.11.11 12:32:11.690,1.49825,1.4986,1.00,2.10
2009.11.11 12:32:11.860,1.49825,1.4986,1.00,2.90
2009.11.11 12:32:12.080,1.49825,1.49855,1.00,1.60
2009.11.11 12:32:12.359,1.4982,1.4985,2.00,2.10
2009.11.11 12:32:12.639,1.49815,1.4984,1.00,1.60
2009.11.11 12:32:13.219,1.49815,1.49835,1.00,1.60
2009.11.11 12:32:14.389,1.49815,1.49835,1.00,2.10
2009.11.11 12:32:14.809,1.4981,1.49835,1.00,2.10
2009.11.11 12:32:15.619,1.4981,1.49835,1.00,2.10
2009.11.11 12:32:15.979,1.49795,1.4981,1.00,1.60
2009.11.11 12:32:16.339,1.49795,1.49825,1.00,2.60
2009.11.11 12:32:16.458,1.49795,1.49825,1.00,2.10
2009.11.11 12:32:16.619,1.49795,1.49815,1.00,1.60
2009.11.11 12:32:16.958,1.49795,1.4981,1.00,1.60
2009.11.11 12:32:17.829,1.49785,1.4981,1.00,1.60
2009.11.11 12:32:18.978,1.49785,1.4981,1.00,1.60
2009.11.11 12:32:19.428,1.49785,1.4982,1.00,4.50
2009.11.11 12:32:19.658,1.49785,1.49815,1.00,1.60
2009.11.11 12:32:24.877,1.4979,1.49825,1.00,2.50
2009.11.11 12:32:25.047,1.4979,1.49835,1.00,4.40
2009.11.11 12:32:25.217,1.49795,1.4983,1.00,1.00
2009.11.11 12:32:25.326,1.498,1.4984,1.00,1.00
2009.11.11 12:32:25.666,1.498,1.49855,1.30,16.60
2009.11.11 12:32:26.006,1.498,1.49835,2.10,1.60
2009.11.11 12:32:26.386,1.498,1.49835,1.00,1.60
2009.11.11 12:32:26.506,1.4981,1.49835,1.00,1.60
2009.11.11 12:32:26.966,1.4981,1.4983,1.00,1.60
2009.11.11 12:32:27.146,1.4981,1.4983,1.00,3.60
2009.11.11 12:32:27.256,1.498,1.49835,1.00,4.10
2009.11.11 12:32:27.596,1.498,1.4983,1.00,3.20
2009.11.11 12:32:27.896,1.49795,1.4983,1.70,3.60
2009.11.11 12:32:28.176,1.49795,1.4983,1.00,3.60
2009.11.11 12:32:28.935,1.49795,1.49825,1.00,1.60
2009.11.11 12:32:30.365,1.49795,1.49825,1.00,2.00
2009.11.11 12:32:30.475,1.49795,1.4982,1.00,1.60
2009.11.11 12:32:30.875,1.49795,1.4982,1.00,1.60
2009.11.11 12:32:31.915,1.49795,1.4982,1.00,3.70
2009.11.11 12:32:33.916,1.49795,1.4982,1.00,2.10
2009.11.11 12:32:33.968,1.49795,1.4982,1.00,3.70
2009.11.11 12:32:35.294,1.49795,1.4982,1.00,3.70
2009.11.11 12:32:35.644,1.49785,1.4982,1.00,3.70
2009.11.11 12:32:35.994,1.49785,1.4981,1.00,1.60
2009.11.11 12:32:36.344,1.4978,1.4981,1.00,1.60
2009.11.11 12:32:36.514,1.49775,1.4981,1.00,1.60
2009.11.11 12:32:36.854,1.49775,1.4981,1.00,2.50
2009.11.11 12:32:37.074,1.49775,1.49805,1.00,2.00
2009.11.11 12:32:37.484,1.4978,1.49805,1.00,2.00
2009.11.11 12:32:37.764,1.49785,1.4982,1.00,7.70
2009.11.11 12:32:37.994,1.49785,1.4982,1.00,1.00
2009.11.11 12:32:38.223,1.4979,1.4982,1.00,1.00
2009.11.11 12:32:38.803,1.49795,1.49815,1.00,1.60
2009.11.11 12:32:39.143,1.49795,1.4983,1.00,2.40
2009.11.11 12:32:39.433,1.49795,1.4984,1.00,7.30
2009.11.11 12:32:40.143,1.49795,1.49825,1.00,1.60
2009.11.11 12:32:40.493,1.49795,1.4982,1.00,1.60
2009.11.11 12:32:43.902,1.49795,1.4983,1.00,4.00
2009.11.11 12:32:44.942,1.498,1.4983,1.00,4.00
2009.11.11 12:32:46.172,1.49795,1.4982,1.00,3.60
2009.11.11 12:32:46.292,1.49795,1.4982,1.00,1.60
2009.11.11 12:32:46.461,1.49795,1.4983,1.00,4.80
2009.11.11 12:32:46.741,1.49795,1.4983,3.10,4.40
2009.11.11 12:32:46.911,1.498,1.4983,1.60,2.80
2009.11.11 12:32:47.071,1.498,1.4983,2.00,1.60
2009.11.11 12:32:47.241,1.498,1.4984,2.00,2.40
2009.11.11 12:32:47.701,1.49815,1.49835,1.00,1.00
2009.11.11 12:32:47.921,1.49815,1.4985,1.00,4.50
2009.11.11 12:32:48.161,1.49815,1.4985,2.40,4.50
2009.11.11 12:32:48.561,1.4982,1.4985,1.70,2.00
2009.11.11 12:32:48.901,1.4982,1.4986,2.30,6.20
2009.11.11 12:32:49.241,1.49825,1.49855,1.00,3.60
2009.11.11 12:32:49.591,1.49835,1.4987,1.60,4.00
2009.11.11 12:32:49.951,1.49845,1.49875,2.30,3.60
2009.11.11 12:32:50.301,1.4985,1.49875,1.60,1.60
2009.11.11 12:32:50.981,1.4985,1.49865,1.70,1.00
2009.11.11 12:32:51.910,1.4985,1.49905,1.70,5.20
2009.11.11 12:32:52.551,1.4985,1.49895,1.70,1.60
2009.11.11 12:32:52.610,1.4985,1.4989,1.00,1.60
2009.11.11 12:32:53.679,1.4984,1.49875,1.00,1.60
2009.11.11 12:32:54.080,1.49835,1.4987,1.60,5.20
2009.11.11 12:32:54.190,1.4983,1.49865,1.00,3.20
2009.11.11 12:32:54.250,1.4983,1.49865,4.10,3.20
2009.11.11 12:32:54.360,1.49835,1.49865,1.00,3.70
2009.11.11 12:32:54.470,1.49835,1.49865,1.00,1.60
2009.11.11 12:32:54.530,1.49835,1.49875,2.40,8.40
2009.11.11 12:32:54.989,1.4984,1.49885,1.60,9.20
2009.11.11 12:32:55.649,1.4984,1.4988,1.60,1.60
2009.11.11 12:32:57.149,1.49835,1.49875,2.50,1.60
2009.11.11 12:32:58.578,1.49835,1.49875,1.70,1.60
2009.11.11 12:33:00.958,1.4983,1.4987,2.50,1.60
2009.11.11 12:33:01.188,1.4983,1.49865,1.60,1.60
2009.11.11 12:33:01.468,1.49825,1.49865,2.50,3.20
2009.11.11 12:33:01.828,1.4983,1.49865,1.60,1.00
2009.11.11 12:33:02.177,1.4982,1.4986,2.40,2.40
2009.11.11 12:33:03.017,1.49825,1.4986,1.00,2.40
2009.11.11 12:33:03.317,1.4983,1.4986,1.60,1.00
2009.11.11 12:33:03.537,1.4982,1.4986,2.50,1.60
2009.11.11 12:33:03.757,1.4982,1.49855,1.00,1.60
2009.11.11 12:33:03.937,1.4982,1.49855,1.00,1.60
2009.11.11 12:33:05.167,1.49815,1.49855,2.90,1.60
2009.11.11 12:33:06.197,1.49815,1.49855,4.90,1.60
2009.11.11 12:33:07.116,1.4982,1.49855,1.00,1.60
2009.11.11 12:33:15.235,1.4982,1.49855,1.00,3.20
2009.11.11 12:33:16.354,1.49825,1.4986,3.20,1.60
2009.11.11 12:33:16.754,1.4983,1.4987,1.60,6.00
2009.11.11 12:33:17.094,1.4983,1.49865,2.40,1.60
2009.11.11 12:33:20.773,1.49835,1.49865,1.00,1.60
2009.11.11 12:33:21.063,1.49835,1.4988,1.60,6.10
2009.11.11 12:33:22.103,1.4984,1.49875,1.00,3.20
2009.11.11 12:33:23.812,1.4984,1.49875,4.10,3.20
2009.11.11 12:33:23.922,1.4984,1.49875,4.20,3.20
2009.11.11 12:33:24.042,1.49845,1.49875,3.10,1.60
2009.11.11 12:33:24.152,1.49845,1.49875,1.60,1.60
2009.11.11 12:33:24.272,1.4984,1.49875,2.10,3.20
2009.11.11 12:33:24.442,1.4984,1.4988,1.00,3.60
2009.11.11 12:33:24.552,1.4984,1.4988,2.50,1.60
2009.11.11 12:33:24.672,1.4984,1.4988,2.50,3.20
2009.11.11 12:33:24.792,1.4984,1.49875,2.50,1.60
2009.11.11 12:33:26.102,1.49845,1.49875,1.00,1.60
2009.11.11 12:33:26.442,1.49845,1.49875,8.30,1.60
2009.11.11 12:33:26.791,1.4985,1.49885,2.90,1.60
2009.11.11 12:33:27.921,1.4985,1.4988,3.30,1.60
2009.11.11 12:33:30.171,1.49865,1.4989,1.00,1.60
2009.11.11 12:33:30.351,1.49865,1.49895,1.70,2.10
2009.11.11 12:33:30.951,1.49865,1.499,2.30,3.90
2009.11.11 12:33:34.670,1.49865,1.499,1.00,3.70
2009.11.11 12:33:34.850,1.4986,1.4988,1.60,1.60
2009.11.11 12:33:35.150,1.4986,1.4988,3.60,1.60
2009.11.11 12:33:35.480,1.4986,1.4991,3.60,3.70
2009.11.11 12:33:35.660,1.49865,1.49905,1.00,3.20
2009.11.11 12:33:35.839,1.49865,1.49915,1.70,7.70
2009.11.11 12:33:36.949,1.4987,1.49905,1.00,2.10
2009.11.11 12:33:37.329,1.4987,1.49905,1.00,3.70
2009.11.11 12:33:39.568,1.4987,1.49905,1.00,3.20
2009.11.11 12:33:39.859,1.49875,1.49915,1.60,4.90
2009.11.11 12:33:40.148,1.49885,1.49915,2.40,1.00
2009.11.11 12:33:40.378,1.4989,1.4993,1.60,10.00
2009.11.11 12:33:40.608,1.4989,1.4994,1.00,4.80
2009.11.11 12:33:40.838,1.49895,1.49935,2.40,1.60
2009.11.11 12:33:41.048,1.4989,1.49935,2.00,3.20
2009.11.11 12:33:41.458,1.4989,1.4992,2.40,1.60
2009.11.11 12:33:41.808,1.4989,1.4992,1.60,1.60
2009.11.11 12:33:42.858,1.49885,1.4992,6.90,3.20
2009.11.11 12:33:43.078,1.49885,1.4992,3.20,4.00
2009.11.11 12:33:43.248,1.49885,1.49895,1.00,1.60
2009.11.11 12:33:43.718,1.49885,1.4989,1.00,1.60
2009.11.11 12:33:43.888,1.49885,1.49895,1.00,3.20
2009.11.11 12:33:44.127,1.49875,1.49895,1.00,1.60
2009.11.11 12:33:44.657,1.49865,1.4989,1.00,3.20
2009.11.11 12:33:44.937,1.4985,1.4988,1.00,3.20
2009.11.11 12:33:45.297,1.4985,1.4988,1.00,3.20
2009.11.11 12:33:45.997,1.4985,1.49875,1.00,3.20
2009.11.11 12:33:46.347,1.4986,1.49875,1.00,3.20
2009.11.11 12:33:46.567,1.4986,1.49885,1.00,7.60
2009.11.11 12:33:46.797,1.4986,1.49885,1.00,1.60
2009.11.11 12:33:47.787,1.49865,1.499,1.00,6.10
2009.11.11 12:33:48.017,1.49865,1.499,1.70,2.00
2009.11.11 12:33:48.306,1.4987,1.4991,2.00,4.80
2009.11.11 12:33:48.546,1.49865,1.49905,3.70,3.20
2009.11.11 12:33:48.886,1.4987,1.499,1.00,3.20
2009.11.11 12:33:49.476,1.49875,1.4989,1.00,1.60
2009.11.11 12:33:50.636,1.4988,1.4989,1.00,1.60
2009.11.11 12:33:50.976,1.49885,1.4989,1.00,1.60
2009.11.11 12:33:51.256,1.49885,1.49905,1.00,7.40
2009.11.11 12:33:51.536,1.4986,1.49905,2.40,4.40
2009.11.11 12:33:51.835,1.49865,1.49905,1.60,1.00
2009.11.11 12:33:52.466,1.49865,1.49915,1.70,8.40
2009.11.11 12:33:52.755,1.49875,1.4991,4.10,3.60
2009.11.11 12:33:53.105,1.49885,1.49925,2.40,1.60
2009.11.11 12:33:53.865,1.49885,1.4992,2.10,4.40
2009.11.11 12:33:54.035,1.49885,1.4992,2.00,3.90
2009.11.11 12:33:54.255,1.49875,1.4991,1.70,3.00
2009.11.11 12:33:54.485,1.49875,1.49905,1.00,1.60
2009.11.11 12:33:54.715,1.49875,1.49915,1.00,2.90
2009.11.11 12:33:55.245,1.4987,1.49905,1.00,1.60
2009.11.11 12:33:56.124,1.4987,1.49905,1.00,2.40
2009.11.11 12:33:56.414,1.49865,1.499,2.10,3.20
2009.11.11 12:33:56.695,1.49865,1.499,1.00,3.20
2009.11.11 12:33:57.095,1.49865,1.499,1.00,3.60
2009.11.11 12:33:57.205,1.4987,1.49895,1.00,1.60
2009.11.11 12:33:58.884,1.49875,1.49905,1.00,3.40
2009.11.11 12:33:59.184,1.4987,1.499,1.00,1.60
2009.11.11 12:33:59.544,1.49875,1.499,1.00,1.60
2009.11.11 12:34:00.503,1.49875,1.4991,1.00,6.10
2009.11.11 12:34:00.803,1.49875,1.4991,1.00,6.00
2009.11.11 12:34:01.843,1.4988,1.49905,1.00,2.00
2009.11.11 12:34:02.083,1.4988,1.49905,1.00,1.60
2009.11.11 12:34:02.373,1.4988,1.49905,1.00,5.20
2009.11.11 12:34:02.483,1.49865,1.499,1.00,2.40
2009.11.11 12:34:02.593,1.49865,1.499,1.00,2.40
2009.11.11 12:34:02.653,1.49865,1.499,1.00,1.00
2009.11.11 12:34:02.763,1.49865,1.4991,1.00,8.80
2009.11.11 12:34:03.033,1.49865,1.49905,1.00,4.80
2009.11.11 12:34:03.253,1.4986,1.49895,1.00,1.60
2009.11.11 12:34:03.313,1.4986,1.49895,2.10,1.60
2009.11.11 12:34:03.703,1.4986,1.49895,1.00,1.60
2009.11.11 12:34:04.953,1.49865,1.4991,1.00,11.80
2009.11.11 12:34:05.702,1.4986,1.49905,3.20,4.30
2009.11.11 12:34:05.932,1.4986,1.49895,1.00,1.60
2009.11.11 12:34:06.962,1.49865,1.4991,1.00,12.60
2009.11.11 12:34:08.372,1.49865,1.49905,1.00,2.10
2009.11.11 12:34:10.371,1.49865,1.49905,1.00,2.90
2009.11.11 12:34:11.591,1.49865,1.49895,1.00,1.00
2009.11.11 12:34:11.871,1.4986,1.49895,1.00,3.10
2009.11.11 12:34:12.211,1.4985,1.49885,2.90,1.60
2009.11.11 12:34:12.321,1.4985,1.49885,1.00,1.60
2009.11.11 12:34:12.680,1.4985,1.49885,1.00,1.60
2009.11.11 12:34:13.600,1.4985,1.49885,1.00,2.40
2009.11.11 12:34:13.890,1.4985,1.4988,1.00,1.60
2009.11.11 12:34:15.920,1.49845,1.4988,1.00,2.40
2009.11.11 12:34:19.219,1.49845,1.49875,1.00,1.60
2009.11.11 12:34:19.899,1.49855,1.49875,1.00,1.60
2009.11.11 12:34:20.069,1.49845,1.49875,3.70,1.60
2009.11.11 12:34:20.349,1.49845,1.49875,1.00,1.60
2009.11.11 12:34:20.579,1.49845,1.49875,1.00,1.60
2009.11.11 12:34:22.398,1.4986,1.49875,1.00,1.60
2009.11.11 12:34:23.238,1.4986,1.49885,1.00,5.60
2009.11.11 12:34:23.578,1.4985,1.49885,1.00,6.40
2009.11.11 12:34:25.008,1.4985,1.4988,1.60,2.40
2009.11.11 12:34:25.178,1.4985,1.4988,1.60,1.60
2009.11.11 12:34:25.937,1.4985,1.4988,1.90,1.60
2009.11.11 12:34:28.277,1.49845,1.49875,1.00,5.20
2009.11.11 12:34:28.857,1.4984,1.4987,1.00,4.00
2009.11.11 12:34:29.137,1.49835,1.49865,1.60,1.20
2009.11.11 12:34:29.497,1.4985,1.49875,1.60,1.00
2009.11.11 12:34:29.837,1.4985,1.49885,1.60,7.30
2009.11.11 12:34:31.206,1.4985,1.49885,1.70,7.30
2009.11.11 12:34:31.376,1.49855,1.4988,1.00,1.60
2009.11.11 12:34:31.556,1.49855,1.4989,1.00,6.40
2009.11.11 12:34:31.836,1.49855,1.4989,1.70,3.60
2009.11.11 12:34:31.996,1.4986,1.4989,1.00,3.60
2009.11.11 12:34:32.976,1.4986,1.499,1.70,3.90
2009.11.11 12:34:33.096,1.4986,1.49895,2.50,2.40
2009.11.11 12:34:33.215,1.4986,1.49895,2.70,2.40
2009.11.11 12:34:33.875,1.49865,1.49895,1.00,1.60
2009.11.11 12:34:34.095,1.49865,1.4989,1.00,1.60
2009.11.11 12:34:34.325,1.49865,1.499,1.00,9.10
2009.11.11 12:34:34.545,1.4986,1.4988,1.00,1.60
2009.11.11 12:34:34.905,1.49855,1.499,1.00,5.70
2009.11.11 12:34:35.565,1.49855,1.49885,1.00,1.60
2009.11.11 12:34:35.925,1.4985,1.49885,2.50,1.00
2009.11.11 12:34:36.315,1.4985,1.49885,2.50,1.60
2009.11.11 12:34:36.655,1.4985,1.4988,1.00,1.60
2009.11.11 12:34:36.775,1.4985,1.4988,1.00,2.40
2009.11.11 12:34:38.105,1.4985,1.4988,1.70,1.00
2009.11.11 12:34:38.224,1.4985,1.4989,2.50,3.20
2009.11.11 12:34:40.074,1.4985,1.4989,2.50,2.40
2009.11.11 12:34:40.664,1.49855,1.4989,1.00,2.40
2009.11.11 12:34:40.894,1.49855,1.4989,1.00,3.20
2009.11.11 12:34:41.004,1.49855,1.49885,1.00,1.60
2009.11.11 12:34:41.593,1.49855,1.49885,1.00,2.40
2009.11.11 12:34:42.743,1.49855,1.49885,1.00,2.40
2009.11.11 12:34:47.883,1.49855,1.49885,1.00,3.20
2009.11.11 12:34:48.112,1.49855,1.49885,1.00,1.60
2009.11.11 12:34:49.712,1.4985,1.49885,1.00,1.60
2009.11.11 12:34:49.942,1.4985,1.49885,1.00,3.20
2009.11.11 12:34:50.352,1.4985,1.49885,1.00,4.00
2009.11.11 12:34:50.821,1.49845,1.4988,1.00,1.00
2009.11.11 12:34:51.171,1.49835,1.49865,2.90,1.60
2009.11.11 12:34:52.041,1.49835,1.49865,1.00,1.60
2009.11.11 12:34:52.161,1.49835,1.49865,1.00,1.00
2009.11.11 12:34:52.401,1.49835,1.49865,1.00,2.40
2009.11.11 12:34:52.691,1.49835,1.49865,1.00,2.40
2009.11.11 12:34:52.861,1.49835,1.49865,1.00,2.40
2009.11.11 12:34:53.201,1.4984,1.4987,1.60,1.00
2009.11.11 12:34:53.551,1.4984,1.4987,1.60,1.00
2009.11.11 12:34:54.290,1.4984,1.4987,1.70,1.00
2009.11.11 12:34:54.991,1.49845,1.4987,1.00,1.00
2009.11.11 12:34:56.060,1.49845,1.4987,1.00,1.00
2009.11.11 12:34:56.840,1.49845,1.4987,1.00,2.40
2009.11.11 12:34:57.230,1.49845,1.4987,1.00,2.40
2009.11.11 12:34:57.460,1.49845,1.4987,1.00,1.00
2009.11.11 12:34:57.740,1.4985,1.49885,1.00,6.40
2009.11.11 12:34:57.920,1.4985,1.4988,1.00,3.20
2009.11.11 12:35:00.809,1.49845,1.4988,1.00,5.20
2009.11.11 12:35:01.389,1.49845,1.4988,1.00,3.20
2009.11.11 12:35:02.498,1.49845,1.4988,1.70,2.40
2009.11.11 12:35:02.839,1.49845,1.4988,1.00,1.00
2009.11.11 12:35:03.018,1.49845,1.4988,1.10,1.60
2009.11.11 12:35:03.069,1.49845,1.4988,1.00,1.60
2009.11.11 12:35:03.239,1.49845,1.4988,1.00,1.60
2009.11.11 12:35:03.409,1.49845,1.4988,1.00,1.00
2009.11.11 12:35:03.528,1.49845,1.4988,1.00,1.00
2009.11.11 12:35:03.919,1.49855,1.4988,2.00,1.00
2009.11.11 12:35:04.268,1.4986,1.499,1.00,3.90
2009.11.11 12:35:04.598,1.4986,1.49895,1.00,2.40
2009.11.11 12:35:05.418,1.4986,1.49885,1.00,1.60
2009.11.11 12:35:07.947,1.49855,1.49885,1.00,1.60
2009.11.11 12:35:08.247,1.4986,1.49895,1.00,5.30
2009.11.11 12:35:08.367,1.4986,1.49895,1.00,4.90
2009.11.11 12:35:08.997,1.4986,1.499,1.00,5.10
2009.11.11 12:35:09.347,1.49855,1.49895,2.90,4.00
2009.11.11 12:35:09.627,1.49855,1.49885,2.10,1.60
2009.11.11 12:35:09.857,1.49855,1.49885,1.70,1.60
2009.11.11 12:35:10.307,1.4986,1.49895,1.00,2.90
2009.11.11 12:35:10.587,1.49865,1.49895,1.80,1.00
2009.11.11 12:35:10.817,1.4987,1.49905,1.00,4.50
2009.11.11 12:35:11.057,1.49865,1.499,1.60,2.40
2009.11.11 12:35:11.637,1.49865,1.499,1.60,3.20
2009.11.11 12:35:11.926,1.49865,1.499,1.00,1.60
2009.11.11 12:35:12.276,1.49865,1.499,1.00,2.40
2009.11.11 12:35:12.616,1.49865,1.49895,1.00,1.00
2009.11.11 12:35:12.966,1.49865,1.49885,1.00,1.60
2009.11.11 12:35:13.246,1.49855,1.49885,1.00,5.20
2009.11.11 12:35:13.596,1.4982,1.49875,1.60,5.20
2009.11.11 12:35:13.936,1.4982,1.4987,1.00,1.00
2009.11.11 12:35:14.226,1.4982,1.49865,1.00,1.60
2009.11.11 12:35:14.516,1.4982,1.49855,1.00,1.60
2009.11.11 12:35:15.555,1.49825,1.4987,2.50,3.60
2009.11.11 12:35:15.786,1.4983,1.49865,2.80,1.00
2009.11.11 12:35:16.135,1.4984,1.49885,2.00,5.60
2009.11.11 12:35:16.475,1.4984,1.49875,2.80,1.00
2009.11.11 12:35:16.875,1.4984,1.49865,1.00,1.60
2009.11.11 12:35:17.045,1.4983,1.49865,1.70,1.60
2009.11.11 12:35:17.505,1.4983,1.49865,1.70,2.40
2009.11.11 12:35:17.735,1.4983,1.49865,1.00,2.40
2009.11.11 12:35:17.915,1.49825,1.4987,1.00,10.40
2009.11.11 12:35:18.985,1.49825,1.49865,1.00,3.20
2009.11.11 12:35:20.634,1.49825,1.4987,2.90,5.60
2009.11.11 12:35:20.854,1.4983,1.49865,2.10,2.40
2009.11.11 12:35:21.024,1.49835,1.49875,2.80,2.40
2009.11.11 12:35:21.364,1.4984,1.49875,1.00,1.60
2009.11.11 12:35:22.184,1.4984,1.49875,1.00,1.60
2009.11.11 12:35:22.244,1.4984,1.49875,3.10,1.60
2009.11.11 12:35:22.304,1.4984,1.49875,3.10,1.60
2009.11.11 12:35:28.622,1.4984,1.49875,3.90,1.60
2009.11.11 12:35:28.782,1.4985,1.49875,1.00,1.60
2009.11.11 12:35:30.252,1.4985,1.49875,1.00,1.60
2009.11.11 12:35:30.372,1.4985,1.49875,1.10,1.60
2009.11.11 12:35:32.111,1.4986,1.49875,1.00,1.60
2009.11.11 12:35:32.921,1.4986,1.49875,1.00,1.60
2009.11.11 12:35:36.970,1.4986,1.49875,1.00,1.60
2009.11.11 12:35:45.188,1.4986,1.49875,1.00,1.60
2009.11.11 12:35:46.558,1.4986,1.49875,1.00,1.60
2009.11.11 12:35:46.898,1.4986,1.49875,1.00,1.60
2009.11.11 12:35:47.278,1.4986,1.49875,1.00,1.60
2009.11.11 12:35:47.817,1.4986,1.49875,1.00,1.60
2009.11.11 12:35:50.927,1.4986,1.49875,1.00,1.60
2009.11.11 12:35:52.306,1.4985,1.49875,1.00,1.60
2009.11.11 12:35:52.586,1.4985,1.49865,1.00,1.60
2009.11.11 12:35:52.996,1.4984,1.49865,1.00,1.60
2009.11.11 12:35:53.116,1.4984,1.49865,1.00,1.60
2009.11.11 12:35:53.287,1.4984,1.49855,1.00,1.60
2009.11.11 12:35:53.746,1.49835,1.49855,1.00,3.20
2009.11.11 12:35:56.016,1.498,1.49835,1.60,2.40
2009.11.11 12:35:59.135,1.49805,1.4983,1.00,1.60
2009.11.11 12:35:59.535,1.4981,1.49845,1.60,3.30
2009.11.11 12:36:00.505,1.49815,1.4984,1.00,1.00
2009.11.11 12:36:00.795,1.49815,1.49855,1.00,5.20
2009.11.11 12:36:01.134,1.49815,1.4985,1.00,2.80
2009.11.11 12:36:01.424,1.49815,1.4985,1.00,1.00
2009.11.11 12:36:02.724,1.4981,1.4985,2.50,1.00
2009.11.11 12:36:03.425,1.49815,1.4985,1.00,1.00
2009.11.11 12:36:03.704,1.49805,1.49845,1.00,5.70
2009.11.11 12:36:04.214,1.4981,1.49845,1.00,1.00
2009.11.11 12:36:04.454,1.49805,1.49855,2.40,10.80
2009.11.11 12:36:04.743,1.49805,1.4985,2.40,4.40
2009.11.11 12:36:05.323,1.4981,1.4985,2.40,1.00
2009.11.11 12:36:06.873,1.4981,1.4986,2.40,14.70
2009.11.11 12:36:07.543,1.4981,1.4985,2.40,1.60
2009.11.11 12:36:07.773,1.4981,1.4985,2.40,3.60
2009.11.11 12:36:07.833,1.4981,1.4985,2.40,4.40
2009.11.11 12:36:08.063,1.4981,1.4985,2.50,4.40
2009.11.11 12:36:08.183,1.4981,1.4985,2.90,4.40
2009.11.11 12:36:08.303,1.4982,1.4985,1.60,2.80
2009.11.11 12:36:08.533,1.49815,1.4985,2.10,2.00
2009.11.11 12:36:08.653,1.49815,1.4985,2.60,2.00
2009.11.11 12:36:09.003,1.4982,1.4986,1.00,13.70
2009.11.11 12:36:09.342,1.49815,1.49855,2.50,5.20
2009.11.11 12:36:09.702,1.49815,1.4985,2.50,2.00
2009.11.11 12:36:10.362,1.49815,1.4985,3.10,2.00
2009.11.11 12:36:10.752,1.49815,1.4985,3.90,2.00
2009.11.11 12:36:11.402,1.4982,1.4986,2.40,10.00
2009.11.11 12:36:11.732,1.4982,1.49855,1.00,9.20
2009.11.11 12:36:12.082,1.4981,1.4985,2.50,5.20
2009.11.11 12:36:12.712,1.4981,1.49845,1.00,1.60
2009.11.11 12:36:12.822,1.4981,1.49845,1.60,3.60
2009.11.11 12:36:12.882,1.49805,1.49845,3.10,3.60
2009.11.11 12:36:13.112,1.49805,1.4984,3.10,2.00
2009.11.11 12:36:13.291,1.49805,1.4984,1.60,3.30
2009.11.11 12:36:13.531,1.498,1.49835,2.40,1.00
2009.11.11 12:36:15.421,1.498,1.49835,1.00,3.60
2009.11.11 12:36:15.771,1.49795,1.4983,2.50,2.90
2009.11.11 12:36:16.121,1.498,1.4983,1.60,1.30
2009.11.11 12:36:16.481,1.498,1.4984,2.40,5.90
2009.11.11 12:36:19.410,1.49805,1.49835,1.60,1.00
2009.11.11 12:36:19.530,1.49805,1.49845,2.90,9.20
2009.11.11 12:36:20.110,1.49805,1.49845,2.90,4.40
2009.11.11 12:36:20.920,1.49805,1.49845,3.90,2.80
2009.11.11 12:36:21.200,1.4981,1.49845,2.40,2.00
2009.11.11 12:36:21.490,1.4981,1.49855,2.40,13.10
2009.11.11 12:36:21.820,1.4981,1.49845,2.40,2.00
2009.11.11 12:36:26.879,1.4981,1.4984,2.50,1.00
2009.11.11 12:36:27.508,1.4981,1.4984,1.00,6.50
2009.11.11 12:36:27.808,1.4981,1.4984,1.70,2.80
2009.11.11 12:36:28.098,1.4981,1.4985,2.50,13.60
2009.11.11 12:36:29.978,1.4981,1.49845,2.50,2.80
2009.11.11 12:36:30.907,1.4981,1.49845,2.40,4.80
2009.11.11 12:36:31.087,1.4981,1.4984,1.00,2.00
2009.11.11 12:36:31.437,1.49805,1.4984,3.10,2.00
2009.11.11 12:36:31.827,1.49805,1.4984,1.00,1.00
2009.11.11 12:36:32.117,1.49805,1.4984,1.00,1.60
2009.11.11 12:36:32.297,1.49805,1.49835,1.00,1.00
2009.11.11 12:36:32.467,1.498,1.49835,3.30,1.00
2009.11.11 12:36:33.347,1.498,1.49835,2.50,1.00
2009.11.11 12:36:33.677,1.498,1.49835,1.00,2.40
2009.11.11 12:36:34.407,1.498,1.49835,3.30,1.00
2009.11.11 12:36:35.926,1.498,1.49835,3.10,1.00
2009.11.11 12:36:36.280,1.498,1.49835,3.30,2.80
2009.11.11 12:36:36.616,1.49805,1.49835,1.00,1.00
2009.11.11 12:36:36.956,1.49805,1.49835,1.00,4.00
2009.11.11 12:36:37.296,1.49805,1.49835,1.60,6.00
2009.11.11 12:36:37.656,1.49805,1.4984,2.90,6.80
2009.11.11 12:36:37.996,1.49805,1.4984,2.90,1.00
2009.11.11 12:36:38.335,1.49805,1.4984,3.10,2.80
2009.11.11 12:36:41.195,1.49805,1.4984,2.90,3.60
2009.11.11 12:36:41.375,1.498,1.49835,2.40,1.00
2009.11.11 12:36:41.605,1.498,1.49835,2.40,1.00
2009.11.11 12:36:41.775,1.498,1.49845,3.10,9.90
2009.11.11 12:36:41.945,1.498,1.4984,2.40,5.70
2009.11.11 12:36:42.115,1.498,1.49835,2.40,1.00
2009.11.11 12:36:43.294,1.498,1.4983,1.60,1.50
2009.11.11 12:36:43.534,1.49795,1.4983,2.50,3.10
2009.11.11 12:36:44.274,1.498,1.4983,1.60,1.00
2009.11.11 12:36:44.514,1.49805,1.4984,2.30,4.40
2009.11.11 12:36:46.473,1.49805,1.4984,3.20,2.80
2009.11.11 12:36:46.744,1.49805,1.49835,3.70,1.00
2009.11.11 12:36:47.024,1.49815,1.4985,1.60,15.10
2009.11.11 12:36:50.143,1.49815,1.49845,1.60,2.80
2009.11.11 12:36:50.672,1.49805,1.49845,5.50,2.80
2009.11.11 12:36:50.842,1.49815,1.49845,1.60,2.80
2009.11.11 12:36:51.062,1.49815,1.49845,1.60,1.00
2009.11.11 12:36:51.422,1.4983,1.49845,1.60,1.00
2009.11.11 12:36:51.812,1.4983,1.49865,1.60,8.50
2009.11.11 12:36:52.112,1.4983,1.49865,1.60,2.80
2009.11.11 12:36:52.502,1.4983,1.49865,2.40,2.80
2009.11.11 12:36:52.852,1.4983,1.49865,4.00,2.00
2009.11.11 12:36:53.312,1.49835,1.49875,1.60,12.30
2009.11.11 12:36:54.242,1.4983,1.4987,2.40,4.40
2009.11.11 12:36:54.422,1.4983,1.49855,2.40,1.60
2009.11.11 12:36:54.592,1.49815,1.49855,2.00,3.70
2009.11.11 12:36:54.772,1.4981,1.4985,1.00,4.10
2009.11.11 12:36:54.942,1.4981,1.4985,1.00,2.10
2009.11.11 12:36:55.121,1.4981,1.4985,1.00,4.10
2009.11.11 12:36:55.452,1.4981,1.49845,1.00,2.30
2009.11.11 12:36:55.852,1.4981,1.49845,1.00,14.00
2009.11.11 12:36:56.691,1.49785,1.49825,2.40,1.00
2009.11.11 12:36:57.191,1.49785,1.49835,2.40,11.00
2009.11.11 12:36:57.471,1.49785,1.4983,2.50,4.90
2009.11.11 12:36:57.921,1.4979,1.49825,2.50,1.00
2009.11.11 12:36:58.311,1.4979,1.49825,2.40,1.00
2009.11.11 12:36:58.551,1.4979,1.49825,2.40,2.80
2009.11.11 12:36:59.060,1.4979,1.49825,2.40,1.00
2009.11.11 12:37:00.040,1.4979,1.49825,2.50,1.00
2009.11.11 12:37:05.409,1.4979,1.49835,2.50,6.20
2009.11.11 12:37:05.939,1.4979,1.4983,2.50,4.90
2009.11.11 12:37:06.409,1.4979,1.49825,2.50,1.00
2009.11.11 12:37:07.098,1.4979,1.49825,1.70,1.60
2009.11.11 12:37:10.848,1.4979,1.4983,1.70,3.70
2009.11.11 12:37:14.497,1.49785,1.49825,1.30,1.00
2009.11.11 12:37:14.667,1.4979,1.49825,1.00,1.00
2009.11.11 12:37:15.836,1.49785,1.49825,1.70,1.00
2009.11.11 12:37:16.176,1.4979,1.49825,1.00,1.00
2009.11.11 12:37:16.756,1.49785,1.49825,1.00,1.00
2009.11.11 12:37:19.255,1.49795,1.49825,1.90,1.00
2009.11.11 12:37:19.485,1.498,1.49835,2.00,3.10
2009.11.11 12:37:19.666,1.498,1.4983,1.20,1.60
2009.11.11 12:37:20.015,1.498,1.49835,1.00,2.90
2009.11.11 12:37:20.365,1.498,1.4983,1.00,2.40
2009.11.11 12:37:20.765,1.49795,1.49835,1.00,4.10
2009.11.11 12:37:23.645,1.49805,1.49835,1.00,1.00
2009.11.11 12:37:23.805,1.49805,1.49845,1.00,4.20
2009.11.11 12:37:24.025,1.49805,1.4984,2.80,2.90
2009.11.11 12:37:24.384,1.49805,1.4984,1.00,2.90
2009.11.11 12:37:25.634,1.49805,1.4984,1.00,2.40
2009.11.11 12:37:25.814,1.49805,1.4984,1.00,1.00
2009.11.11 12:37:26.034,1.49805,1.4984,3.20,1.00
2009.11.11 12:37:26.214,1.4981,1.49855,1.00,8.60
2009.11.11 12:37:26.564,1.49815,1.4985,2.40,1.00
2009.11.11 12:37:26.914,1.4982,1.4985,1.60,1.00
2009.11.11 12:37:27.264,1.4982,1.4985,2.40,1.00
2009.11.11 12:37:27.434,1.4982,1.4987,5.20,3.70
2009.11.11 12:37:27.654,1.4982,1.49865,5.30,2.40
2009.11.11 12:37:29.223,1.4982,1.49855,1.00,2.90
2009.11.11 12:37:29.753,1.4982,1.49855,1.00,2.90
2009.11.11 12:37:32.143,1.4982,1.49865,2.50,3.20
2009.11.11 12:37:32.312,1.4982,1.4986,3.30,1.00
2009.11.11 12:37:32.612,1.4982,1.4987,3.30,5.70
2009.11.11 12:37:33.712,1.4982,1.49865,4.00,2.40
2009.11.11 12:37:33.952,1.4983,1.49865,1.00,2.40
2009.11.11 12:37:34.182,1.4983,1.49865,1.00,3.20
2009.11.11 12:37:34.642,1.49825,1.4986,1.00,1.00
2009.11.11 12:37:34.812,1.49825,1.4986,1.00,1.00
2009.11.11 12:37:36.242,1.4983,1.4987,1.00,3.20
2009.11.11 12:37:36.931,1.4982,1.4986,2.90,2.40
2009.11.11 12:37:37.161,1.4982,1.49855,1.00,1.00
2009.11.11 12:37:38.881,1.4982,1.49855,1.00,1.00
2009.11.11 12:37:39.521,1.4982,1.49845,1.00,1.60
2009.11.11 12:37:39.791,1.49815,1.49845,1.00,1.60
2009.11.11 12:37:41.310,1.4981,1.49845,1.00,2.40
2009.11.11 12:37:41.920,1.49815,1.49855,1.00,2.50
2009.11.11 12:37:42.210,1.49815,1.4985,1.70,1.00
2009.11.11 12:37:42.440,1.4982,1.4986,1.00,3.30
2009.11.11 12:37:42.910,1.49815,1.4985,2.80,1.00
2009.11.11 12:37:43.380,1.49815,1.4986,2.80,3.40
2009.11.11 12:37:44.520,1.49815,1.49855,2.90,1.00
2009.11.11 12:37:44.929,1.4982,1.49855,1.00,1.00
2009.11.11 12:37:45.389,1.49815,1.49855,2.90,1.00
2009.11.11 12:37:47.769,1.49815,1.49855,2.80,1.00
2009.11.11 12:37:48.409,1.49815,1.49855,2.80,1.70
2009.11.11 12:37:49.269,1.49815,1.4985,2.00,1.00
2009.11.11 12:37:49.439,1.49815,1.4985,2.80,1.00
2009.11.11 12:37:57.596,1.49815,1.4986,2.80,3.40
2009.11.11 12:37:57.996,1.49815,1.49855,3.60,1.00
2009.11.11 12:37:58.106,1.4982,1.49855,1.00,1.00
2009.11.11 12:37:59.856,1.4982,1.49855,1.00,1.00
2009.11.11 12:38:00.666,1.4983,1.49865,1.00,1.00
2009.11.11 12:38:01.006,1.4983,1.49865,2.90,1.00
2009.11.11 12:38:01.985,1.49835,1.49865,1.00,1.00
2009.11.11 12:38:02.345,1.49835,1.49875,1.00,1.60
2009.11.11 12:38:02.685,1.4984,1.49875,1.60,1.60
2009.11.11 12:38:04.984,1.49835,1.4987,2.50,1.00
2009.11.11 12:38:05.905,1.49835,1.49865,2.40,1.00
2009.11.11 12:38:06.244,1.49835,1.49865,1.00,2.30
2009.11.11 12:38:06.884,1.49835,1.49865,1.00,3.90
2009.11.11 12:38:07.234,1.4983,1.49865,2.10,3.90
2009.11.11 12:38:07.594,1.4983,1.4986,1.70,1.00
2009.11.11 12:38:08.624,1.4983,1.4987,1.70,6.40
2009.11.11 12:38:09.673,1.4983,1.49865,1.60,3.10
2009.11.11 12:38:09.793,1.49825,1.4986,4.10,2.10
2009.11.11 12:38:09.963,1.49825,1.4986,4.10,2.90
2009.11.11 12:38:10.124,1.49825,1.4986,1.00,3.40
2009.11.11 12:38:10.243,1.49825,1.49855,1.00,2.10
2009.11.11 12:38:10.413,1.49825,1.49865,2.50,12.60
2009.11.11 12:38:10.523,1.49825,1.4985,1.00,1.60
2009.11.11 12:38:11.573,1.49815,1.4985,1.00,2.40
2009.11.11 12:38:12.913,1.4981,1.49845,3.20,1.00
2009.11.11 12:38:13.143,1.4981,1.49845,2.50,1.00
2009.11.11 12:38:13.542,1.4981,1.49845,2.40,1.00
2009.11.11 12:38:16.532,1.4981,1.49845,2.50,1.00
2009.11.11 12:38:24.700,1.49805,1.4984,1.70,2.40
2009.11.11 12:38:26.379,1.49805,1.4984,2.50,2.40
2009.11.11 12:38:39.176,1.498,1.49835,4.70,3.20
2009.11.11 12:38:39.476,1.498,1.4983,1.00,4.00
2009.11.11 12:38:39.706,1.49795,1.49825,1.00,6.50
2009.11.11 12:38:39.946,1.49785,1.49815,1.00,4.00
2009.11.11 12:38:40.226,1.4978,1.4982,4.50,3.70
2009.11.11 12:38:40.566,1.4978,1.4981,1.60,1.00
2009.11.11 12:38:41.236,1.4977,1.49805,2.50,1.00
2009.11.11 12:38:41.856,1.4977,1.49805,2.40,1.60
2009.11.11 12:38:42.186,1.4977,1.49805,1.60,1.60
2009.11.11 12:38:42.476,1.49765,1.498,3.30,1.00
2009.11.11 12:38:42.596,1.49765,1.498,2.50,1.00
2009.11.11 12:38:44.145,1.49765,1.498,2.40,1.00
2009.11.11 12:38:48.664,1.49765,1.498,3.20,1.00
2009.11.11 12:38:48.774,1.49775,1.498,1.00,1.00
2009.11.11 12:38:48.884,1.49775,1.498,1.70,1.00
2009.11.11 12:38:49.235,1.4978,1.4981,1.60,1.60
2009.11.11 12:38:49.524,1.4978,1.4981,1.60,2.80
2009.11.11 12:38:49.874,1.4978,1.4982,2.40,5.20
2009.11.11 12:38:51.234,1.49785,1.4982,1.60,1.60
2009.11.11 12:38:51.564,1.49785,1.4982,2.40,1.60
2009.11.11 12:38:53.163,1.49785,1.49825,2.40,5.70
2009.11.11 12:39:04.580,1.49785,1.4982,1.00,2.40
2009.11.11 12:39:04.700,1.4978,1.4982,2.40,2.40
2009.11.11 12:39:04.980,1.4978,1.4982,2.40,4.40
2009.11.11 12:39:05.780,1.4978,1.49815,2.40,1.00
2009.11.11 12:39:11.958,1.4978,1.49815,1.60,1.00
2009.11.11 12:39:12.009,1.4978,1.49815,2.40,1.00
2009.11.11 12:39:20.587,1.4978,1.4981,2.40,1.60
2009.11.11 12:39:20.946,1.4978,1.4981,1.00,2.40
2009.11.11 12:39:22.166,1.4978,1.4981,2.40,1.60
2009.11.11 12:39:22.526,1.4978,1.4981,2.90,1.60
2009.11.11 12:39:22.916,1.49785,1.4981,2.40,1.60
2009.11.11 12:39:24.095,1.49785,1.4981,2.50,1.60
2009.11.11 12:39:25.065,1.49785,1.4983,1.00,7.60
2009.11.11 12:39:25.296,1.4978,1.4981,1.00,3.20
2009.11.11 12:39:25.515,1.49775,1.4981,2.00,4.80
2009.11.11 12:39:26.385,1.4975,1.49785,1.70,1.60
2009.11.11 12:39:27.355,1.4975,1.49785,1.00,1.60
2009.11.11 12:39:27.645,1.49755,1.49785,1.00,1.60
2009.11.11 12:39:28.515,1.4975,1.49785,2.50,1.60
2009.11.11 12:39:28.914,1.4975,1.49785,3.20,1.60
2009.11.11 12:39:30.304,1.49755,1.49795,1.00,3.20
2009.11.11 12:39:30.704,1.49765,1.49795,3.20,1.60
2009.11.11 12:39:31.034,1.49765,1.49805,3.20,3.20
2009.11.11 12:39:31.374,1.49765,1.49805,2.40,2.40
2009.11.11 12:39:31.734,1.49765,1.49805,2.40,4.00
2009.11.11 12:39:32.883,1.49765,1.49805,2.50,4.00
2009.11.11 12:39:33.393,1.49765,1.49805,2.50,3.20
2009.11.11 12:39:33.503,1.4977,1.49795,1.60,1.60
2009.11.11 12:39:33.853,1.49765,1.49785,1.00,1.60
2009.11.11 12:39:34.193,1.49755,1.49785,3.70,1.00
2009.11.11 12:39:34.523,1.49755,1.49785,2.50,1.60
2009.11.11 12:39:35.923,1.49755,1.49795,2.50,3.20
2009.11.11 12:39:36.783,1.49755,1.4979,1.00,3.20
2009.11.11 12:39:36.953,1.4975,1.49785,2.50,2.40
2009.11.11 12:39:37.962,1.4975,1.49785,2.50,2.50
2009.11.11 12:39:38.192,1.4975,1.4977,1.00,1.60
2009.11.11 12:39:38.312,1.49745,1.4977,2.50,1.60
2009.11.11 12:39:38.632,1.49745,1.4977,1.70,1.60
2009.11.11 12:39:38.862,1.49745,1.4977,1.60,1.60
2009.11.11 12:39:38.922,1.49745,1.49785,1.60,7.00
2009.11.11 12:39:38.982,1.49745,1.4978,1.60,1.00
2009.11.11 12:39:39.382,1.49745,1.4978,1.00,2.40
2009.11.11 12:39:39.732,1.4974,1.49775,2.50,2.40
2009.11.11 12:39:40.752,1.4974,1.49775,2.40,2.40
2009.11.11 12:39:41.102,1.4974,1.49775,2.50,2.40
2009.11.11 12:39:41.961,1.4974,1.49775,2.40,2.40
2009.11.11 12:39:44.001,1.4974,1.49765,1.60,1.60
2009.11.11 12:39:45.300,1.4974,1.49775,1.60,3.20
2009.11.11 12:39:46.100,1.4974,1.49775,3.20,2.40
2009.11.11 12:39:46.560,1.4974,1.49775,2.40,2.40
2009.11.11 12:39:47.250,1.4974,1.49775,2.50,2.40
2009.11.11 12:39:47.590,1.4974,1.49775,2.40,1.60
2009.11.11 12:39:48.810,1.4974,1.49775,3.20,1.60
2009.11.11 12:39:49.040,1.4974,1.49775,3.20,2.40
2009.11.11 12:39:49.210,1.4974,1.49775,3.30,2.40
2009.11.11 12:39:49.380,1.4974,1.49775,2.50,2.40
2009.11.11 12:39:49.560,1.4974,1.49775,2.40,2.40
2009.11.11 12:39:49.730,1.4974,1.49775,1.60,2.40
2009.11.11 12:39:50.599,1.4974,1.49775,2.90,2.40
2009.11.11 12:39:50.899,1.4975,1.49785,1.00,6.80
2009.11.11 12:39:51.139,1.4975,1.4978,1.00,1.60
2009.11.11 12:39:51.369,1.4975,1.4978,2.40,1.60
2009.11.11 12:39:51.779,1.4975,1.4979,1.60,4.00
2009.11.11 12:39:52.299,1.4975,1.49785,2.40,2.40
2009.11.11 12:39:52.649,1.49755,1.49785,1.00,1.60
2009.11.11 12:39:53.768,1.4975,1.49795,2.40,4.80
2009.11.11 12:39:54.048,1.4975,1.49785,2.50,1.60
2009.11.11 12:39:54.328,1.4975,1.49785,2.40,1.60
2009.11.11 12:39:55.438,1.4975,1.49785,2.40,2.40
2009.11.11 12:40:17.823,1.4975,1.49785,2.50,2.40
2009.11.11 12:40:19.732,1.4975,1.49785,2.40,2.40
2009.11.11 12:40:20.072,1.4975,1.49785,2.40,1.60
2009.11.11 12:40:22.292,1.4975,1.49785,2.50,1.60
2009.11.11 12:40:22.801,1.4975,1.49785,2.50,2.40
2009.11.11 12:40:22.911,1.4975,1.49785,2.50,1.60
2009.11.11 12:40:23.331,1.4975,1.49785,3.30,1.60
2009.11.11 12:40:23.561,1.4975,1.49785,3.30,1.60
2009.11.11 12:40:24.081,1.49755,1.498,2.40,7.50
2009.11.11 12:40:32.819,1.49755,1.49795,2.90,4.00
2009.11.11 12:40:33.049,1.4976,1.49795,1.00,4.00
2009.11.11 12:40:33.609,1.4976,1.49795,1.00,4.00
2009.11.11 12:40:34.659,1.4976,1.498,1.00,5.50
2009.11.11 12:40:35.958,1.49755,1.49795,2.90,4.00
2009.11.11 12:40:36.238,1.49755,1.49795,2.50,4.80
2009.11.11 12:40:36.598,1.49755,1.4979,2.50,1.00
2009.11.11 12:40:42.487,1.49755,1.4979,2.40,1.00
2009.11.11 12:40:45.166,1.49755,1.4979,1.00,2.40
2009.11.11 12:40:45.326,1.4975,1.4979,4.50,2.40
2009.11.11 12:40:45.496,1.4975,1.49785,4.50,1.00
2009.11.11 12:40:45.726,1.4975,1.49785,2.50,1.00
2009.11.11 12:40:47.125,1.4975,1.4978,1.00,1.60
2009.11.11 12:40:47.486,1.4975,1.4978,1.00,2.40
2009.11.11 12:40:50.205,1.49745,1.49775,1.00,1.60
2009.11.11 12:40:50.375,1.49745,1.49775,1.00,2.10
2009.11.11 12:40:50.555,1.49745,1.49775,1.00,2.90
2009.11.11 12:40:54.754,1.4975,1.49785,3.30,1.00
2009.11.11 12:40:56.193,1.4975,1.49785,2.60,1.30
2009.11.11 12:40:56.413,1.49755,1.49785,1.00,3.00
2009.11.11 12:40:57.433,1.49755,1.49785,1.00,2.90
2009.11.11 12:40:58.163,1.49755,1.49785,1.00,2.10
2009.11.11 12:41:00.692,1.49755,1.49785,1.00,2.90
2009.11.11 12:41:01.202,1.49755,1.49785,1.00,2.90
2009.11.11 12:41:01.542,1.4975,1.49785,2.90,3.10
2009.11.11 12:41:01.872,1.49755,1.49785,1.00,2.90
2009.11.11 12:41:02.102,1.4975,1.49785,2.40,3.10
2009.11.11 12:41:03.102,1.49755,1.49785,1.00,2.90
2009.11.11 12:41:04.551,1.4975,1.49785,1.60,3.10
2009.11.11 12:41:05.591,1.49755,1.49785,1.00,2.90
2009.11.11 12:41:06.181,1.4975,1.49785,1.60,3.10
2009.11.11 12:41:06.861,1.4975,1.49785,1.90,2.90
2009.11.11 12:41:07.251,1.49755,1.49785,1.00,4.90
2009.11.11 12:41:08.461,1.49755,1.49785,1.00,2.90
2009.11.11 12:41:08.860,1.49755,1.49785,1.00,2.40
2009.11.11 12:41:09.090,1.49755,1.49785,1.70,1.00
2009.11.11 12:41:10.040,1.49755,1.49785,1.60,1.00
2009.11.11 12:41:14.500,1.49775,1.49795,1.60,1.60
2009.11.11 12:41:15.989,1.49775,1.49805,1.60,2.40
2009.11.11 12:41:16.269,1.49775,1.4981,1.00,6.20
2009.11.11 12:41:16.619,1.49775,1.49805,1.00,3.70
2009.11.11 12:41:17.328,1.4977,1.498,1.70,1.00
2009.11.11 12:41:18.308,1.4977,1.498,1.60,2.80
2009.11.11 12:41:18.428,1.49765,1.49795,1.70,1.00
2009.11.11 12:41:19.238,1.49765,1.49795,1.60,1.20
2009.11.11 12:41:19.298,1.4976,1.49795,2.50,2.80
2009.11.11 12:41:19.648,1.4976,1.4979,1.70,1.00
2009.11.11 12:41:20.347,1.4976,1.4979,1.90,1.00
2009.11.11 12:41:20.697,1.4976,1.4979,1.70,1.00
2009.11.11 12:41:20.908,1.49755,1.4979,2.50,2.40
2009.11.11 12:41:21.127,1.49755,1.4979,3.70,3.20
2009.11.11 12:41:23.817,1.4976,1.49785,2.10,1.00
2009.11.11 12:41:24.267,1.4976,1.49795,4.10,3.90
2009.11.11 12:41:24.617,1.4976,1.4979,2.10,1.00
2009.11.11 12:41:24.957,1.4976,1.4979,4.10,1.00
2009.11.11 12:41:25.287,1.4976,1.4979,4.30,1.00
2009.11.11 12:41:25.966,1.4976,1.498,4.30,6.00
2009.11.11 12:41:26.296,1.4976,1.49795,2.30,3.10
2009.11.11 12:41:27.406,1.4976,1.4979,1.00,2.40
2009.11.11 12:41:27.566,1.49755,1.49785,2.00,4.20
2009.11.11 12:41:27.736,1.4975,1.49785,1.00,4.40
2009.11.11 12:41:27.856,1.4975,1.4978,1.00,4.00
2009.11.11 12:41:28.016,1.4975,1.4978,1.00,4.30
2009.11.11 12:41:28.196,1.49735,1.4976,1.00,1.60
2009.11.11 12:41:28.316,1.49735,1.4976,1.00,2.20
2009.11.11 12:41:28.596,1.49735,1.49775,2.50,5.80
2009.11.11 12:41:28.825,1.49735,1.49775,1.70,5.80
2009.11.11 12:41:32.655,1.49735,1.49775,1.70,5.90
2009.11.11 12:41:33.704,1.4973,1.4977,2.50,2.40
2009.11.11 12:41:33.934,1.4973,1.4977,2.40,2.40
2009.11.11 12:41:34.154,1.4973,1.4977,1.00,2.80
2009.11.11 12:41:34.375,1.4973,1.49765,1.00,7.60
2009.11.11 12:41:34.614,1.4973,1.49765,1.00,13.10
2009.11.11 12:41:34.784,1.4972,1.4976,2.40,5.20
2009.11.11 12:41:35.124,1.4972,1.49755,1.00,1.60
2009.11.11 12:41:35.424,1.4972,1.49755,1.00,3.60
2009.11.11 12:41:35.764,1.49715,1.49755,2.50,2.40
2009.11.11 12:41:36.044,1.49715,1.49755,2.50,4.40
2009.11.11 12:41:36.264,1.49715,1.49755,1.70,4.40
2009.11.11 12:41:37.813,1.49715,1.49755,1.70,6.00
2009.11.11 12:41:37.983,1.49715,1.4975,1.70,1.00
2009.11.11 12:41:38.843,1.49715,1.4975,1.70,1.60
2009.11.11 12:41:39.013,1.49715,1.4975,1.70,1.00
2009.11.11 12:41:40.523,1.49715,1.4975,1.70,1.60
2009.11.11 12:41:40.752,1.49715,1.4975,1.70,1.60
2009.11.11 12:41:42.742,1.49715,1.4976,1.70,8.40
2009.11.11 12:41:42.982,1.49715,1.49755,1.60,4.40
2009.11.11 12:41:45.021,1.49715,1.49755,1.70,4.40
2009.11.11 12:41:46.391,1.49715,1.49755,1.60,4.40
2009.11.11 12:41:46.691,1.49715,1.49755,1.00,6.00
2009.11.11 12:41:47.091,1.49715,1.49755,1.00,3.50
2009.11.11 12:41:47.441,1.49715,1.49755,1.00,3.20
2009.11.11 12:41:47.781,1.49715,1.4975,1.60,1.00
2009.11.11 12:41:49.031,1.49715,1.4975,1.70,1.00
2009.11.11 12:41:49.780,1.49715,1.4976,2.50,5.10
2009.11.11 12:41:50.001,1.49725,1.49755,1.60,1.00
2009.11.11 12:41:51.110,1.49725,1.49755,1.70,1.00
2009.11.11 12:41:51.450,1.4973,1.49755,1.70,1.00
2009.11.11 12:41:51.790,1.4973,1.49765,1.00,4.90
2009.11.11 12:41:52.120,1.4973,1.4976,1.00,2.80
2009.11.11 12:41:52.340,1.49725,1.4976,2.50,2.80
2009.11.11 12:41:52.580,1.49725,1.4976,1.70,2.80
2009.11.11 12:41:52.750,1.49725,1.4976,1.70,3.60
2009.11.11 12:41:55.739,1.49725,1.4976,1.00,3.90
2009.11.11 12:41:55.859,1.4972,1.4975,1.60,1.00
2009.11.11 12:41:55.969,1.49715,1.4975,2.50,2.10
2009.11.11 12:41:56.329,1.49715,1.4975,1.00,2.90
2009.11.11 12:41:56.709,1.49715,1.4975,1.00,3.70
2009.11.11 12:41:57.749,1.49715,1.49745,2.40,1.00
2009.11.11 12:41:57.918,1.4972,1.49755,1.70,12.10
2009.11.11 12:41:58.338,1.4972,1.4975,1.70,1.00
2009.11.11 12:41:58.909,1.49725,1.4975,1.00,1.00
2009.11.11 12:41:59.138,1.49725,1.4976,1.00,12.50
2009.11.11 12:41:59.368,1.49725,1.49755,1.00,4.50
2009.11.11 12:41:59.538,1.49725,1.49755,1.70,1.00
2009.11.11 12:42:01.028,1.49725,1.49755,2.60,1.00
2009.11.11 12:42:01.198,1.4973,1.49765,1.00,8.50
2009.11.11 12:42:01.597,1.4973,1.4976,1.00,3.70
2009.11.11 12:42:03.237,1.49725,1.4976,1.70,3.90
2009.11.11 12:42:05.887,1.4973,1.4976,1.00,3.30
2009.11.11 12:42:06.617,1.49725,1.4976,1.60,6.10
2009.11.11 12:42:06.966,1.4972,1.49755,3.90,2.80
2009.11.11 12:42:07.616,1.49725,1.49755,1.60,2.80
2009.11.11 12:42:07.966,1.49725,1.49755,1.60,2.90
2009.11.11 12:42:08.356,1.4974,1.49755,1.60,2.90
2009.11.11 12:42:08.466,1.49735,1.49755,1.60,1.00
2009.11.11 12:42:08.736,1.49735,1.49765,1.60,4.40
2009.11.11 12:42:10.126,1.49735,1.49765,1.60,3.90
2009.11.11 12:42:11.166,1.49735,1.4976,1.60,1.00
2009.11.11 12:42:11.725,1.4973,1.4976,1.60,1.00
2009.11.11 12:42:11.955,1.49725,1.4976,1.70,2.50
2009.11.11 12:42:13.866,1.4972,1.49755,1.00,3.60
2009.11.11 12:42:14.035,1.49715,1.4976,2.30,7.30
2009.11.11 12:42:14.155,1.49715,1.49745,1.00,1.60
2009.11.11 12:42:14.205,1.49715,1.49745,1.00,1.60
2009.11.11 12:42:14.555,1.4971,1.49745,2.50,1.60
2009.11.11 12:42:14.615,1.4971,1.4976,2.50,17.00
2009.11.11 12:42:14.724,1.49705,1.4974,1.00,1.60
2009.11.11 12:42:14.895,1.497,1.49735,1.00,4.50
2009.11.11 12:42:14.954,1.497,1.4973,1.00,2.90
2009.11.11 12:42:15.284,1.497,1.4973,2.30,1.00
2009.11.11 12:42:15.684,1.497,1.49725,1.00,1.20
2009.11.11 12:42:16.024,1.497,1.4972,1.60,1.60
2009.11.11 12:42:16.364,1.49685,1.4972,1.60,1.60
2009.11.11 12:42:17.074,1.49685,1.4972,1.70,1.60
2009.11.11 12:42:17.314,1.49685,1.4972,1.00,1.60
2009.11.11 12:42:19.424,1.49685,1.49725,1.00,6.40
2009.11.11 12:42:24.172,1.4968,1.4972,2.00,1.60
2009.11.11 12:42:24.402,1.4968,1.4972,1.00,1.60
2009.11.11 12:42:24.632,1.4968,1.49715,1.00,1.00
2009.11.11 12:42:28.111,1.4967,1.49715,2.10,1.00
2009.11.11 12:42:28.392,1.49675,1.4971,1.00,1.00
2009.11.11 12:42:29.641,1.4967,1.4972,2.10,6.00
2009.11.11 12:42:29.991,1.4967,1.49715,2.10,2.40
2009.11.11 12:42:30.751,1.4967,1.49715,1.00,2.40
2009.11.11 12:42:30.980,1.49665,1.49715,2.10,2.40
2009.11.11 12:42:32.010,1.49675,1.49715,2.40,1.00
2009.11.11 12:42:32.250,1.4968,1.49725,2.80,1.60
2009.11.11 12:42:32.600,1.4968,1.49725,2.00,1.00
2009.11.11 12:42:33.410,1.49685,1.49725,2.00,1.00
2009.11.11 12:42:33.530,1.4968,1.49725,2.10,1.00
2009.11.11 12:42:33.650,1.4968,1.49725,4.10,1.00
2009.11.11 12:42:33.710,1.49685,1.49725,2.00,1.00
2009.11.11 12:42:34.010,1.4968,1.49725,2.10,1.00
2009.11.11 12:42:35.949,1.497,1.49755,1.00,3.40
2009.11.11 12:42:36.119,1.497,1.4975,3.60,1.00
2009.11.11 12:42:36.289,1.497,1.4976,2.00,1.60
2009.11.11 12:42:36.459,1.497,1.49755,2.80,1.00
2009.11.11 12:42:36.629,1.497,1.49755,4.80,1.00
2009.11.11 12:42:36.989,1.4971,1.4975,6.40,1.00
2009.11.11 12:42:37.379,1.49715,1.4975,2.50,1.00
2009.11.11 12:42:37.729,1.49715,1.4977,6.10,8.40
2009.11.11 12:42:38.079,1.49725,1.49765,1.00,2.80
2009.11.11 12:42:38.499,1.49725,1.49765,1.00,1.00
2009.11.11 12:42:38.609,1.49725,1.4976,1.00,1.00
2009.11.11 12:42:39.958,1.4973,1.4976,1.00,1.00
2009.11.11 12:42:42.108,1.4973,1.4977,1.00,1.00
2009.11.11 12:42:42.348,1.4973,1.4977,1.70,1.00
2009.11.11 12:42:42.638,1.4973,1.4977,1.60,1.00
2009.11.11 12:42:42.908,1.4973,1.4977,4.50,1.00
2009.11.11 12:42:43.028,1.4973,1.4977,5.30,1.00
2009.11.11 12:42:43.148,1.49735,1.4978,2.40,1.60
2009.11.11 12:42:43.208,1.49735,1.49775,3.20,1.00
2009.11.11 12:42:43.557,1.49735,1.49775,3.30,1.00
2009.11.11 12:42:44.617,1.4974,1.49775,1.70,1.00
2009.11.11 12:42:44.897,1.4974,1.49775,5.30,1.00
2009.11.11 12:42:46.177,1.49745,1.49775,1.00,1.00
2009.11.11 12:42:46.997,1.49745,1.49775,1.70,1.00
2009.11.11 12:42:47.226,1.49745,1.49775,5.30,1.00
2009.11.11 12:42:47.517,1.4976,1.49795,1.60,1.00
2009.11.11 12:42:47.796,1.4976,1.4979,6.10,1.00
2009.11.11 12:42:48.126,1.49775,1.4982,1.00,7.60
2009.11.11 12:42:48.416,1.49775,1.49815,1.00,1.00
2009.11.11 12:42:49.656,1.4977,1.4981,3.20,1.00
2009.11.11 12:42:50.166,1.49775,1.4981,1.60,1.00
2009.11.11 12:42:50.396,1.49775,1.4982,2.50,1.60
2009.11.11 12:42:50.696,1.49775,1.49815,4.50,1.00
2009.11.11 12:42:51.386,1.49775,1.49815,5.30,1.00
2009.11.11 12:42:51.566,1.4978,1.49815,1.00,1.00
2009.11.11 12:42:51.746,1.4978,1.49825,1.00,3.60
2009.11.11 12:42:51.915,1.49785,1.4982,1.00,1.00
2009.11.11 12:42:53.595,1.49785,1.4982,1.00,1.00
2009.11.11 12:42:53.655,1.49785,1.4982,1.00,1.00
2009.11.11 12:43:00.484,1.4978,1.4982,4.50,1.00
2009.11.11 12:43:00.773,1.4979,1.4982,1.00,1.00
2009.11.11 12:43:01.123,1.4979,1.4983,1.00,1.60
2009.11.11 12:43:01.813,1.49785,1.49825,1.00,1.00
2009.11.11 12:43:02.153,1.49785,1.49825,1.00,1.00
2009.11.11 12:43:04.012,1.4979,1.49825,1.00,1.00
2009.11.11 12:43:04.822,1.49785,1.49825,2.90,1.00
2009.11.11 12:43:05.642,1.4979,1.49825,1.00,1.00
2009.11.11 12:43:05.982,1.4978,1.4982,5.30,2.40
2009.11.11 12:43:09.981,1.4978,1.4982,6.90,2.40
2009.11.11 12:43:10.091,1.49785,1.4982,1.90,1.00
2009.11.11 12:43:10.211,1.49785,1.4982,2.80,1.00
2009.11.11 12:43:10.321,1.4979,1.4983,2.30,5.60
2009.11.11 12:43:11.711,1.4979,1.49825,2.10,2.40
2009.11.11 12:43:11.941,1.49785,1.4982,2.80,1.60
2009.11.11 12:43:12.300,1.49785,1.4982,2.00,2.40
2009.11.11 12:43:15.940,1.4978,1.4982,5.30,2.40
2009.11.11 12:43:16.100,1.4978,1.4982,3.30,2.40
2009.11.11 12:43:16.280,1.4978,1.4982,5.30,2.40
2009.11.11 12:43:16.629,1.49785,1.4982,2.00,2.40
2009.11.11 12:43:17.529,1.4978,1.49815,6.40,1.00
2009.11.11 12:43:17.699,1.4978,1.49825,2.40,8.00
2009.11.11 12:43:17.869,1.4978,1.4982,2.40,3.80
2009.11.11 12:43:18.089,1.49775,1.4981,4.30,3.10
2009.11.11 12:43:18.259,1.49775,1.4981,2.30,3.10
2009.11.11 12:43:18.489,1.49775,1.4981,2.30,4.70
2009.11.11 12:43:19.759,1.49775,1.4981,2.30,3.90
2009.11.11 12:43:21.659,1.49775,1.4981,1.60,3.80
2009.11.11 12:43:21.839,1.49775,1.4981,2.10,3.90
2009.11.11 12:43:23.358,1.49775,1.49815,2.30,4.80
2009.11.11 12:43:24.148,1.49775,1.4981,2.10,3.90
2009.11.11 12:43:24.258,1.49775,1.4981,1.60,3.80
2009.11.11 12:43:24.878,1.49775,1.4981,2.10,3.90
2009.11.11 12:43:25.457,1.4978,1.49805,1.60,1.00
2009.11.11 12:43:26.197,1.4978,1.49815,1.60,2.70
2009.11.11 12:43:30.936,1.4978,1.49815,1.60,3.10
2009.11.11 12:43:31.236,1.49775,1.4981,2.10,2.20
2009.11.11 12:43:32.236,1.4977,1.49805,1.60,1.70
2009.11.11 12:43:33.236,1.4977,1.49805,1.70,1.70
2009.11.11 12:43:33.626,1.4977,1.49805,1.60,1.60
2009.11.11 12:43:34.755,1.4977,1.49805,1.60,1.90
2009.11.11 12:43:34.926,1.49765,1.498,4.30,1.70
2009.11.11 12:43:35.165,1.49765,1.498,2.30,1.70
2009.11.11 12:43:35.686,1.4976,1.49795,3.60,1.70
2009.11.11 12:43:36.075,1.49755,1.49795,2.10,2.30
2009.11.11 12:43:36.375,1.49755,1.4979,2.10,1.60
2009.11.11 12:43:36.735,1.4975,1.49785,4.30,1.60
2009.11.11 12:43:37.085,1.4975,1.49785,2.30,1.60
2009.11.11 12:43:38.185,1.4975,1.4978,2.10,1.00
2009.11.11 12:43:39.054,1.4975,1.4978,2.10,1.00
2009.11.11 12:43:40.884,1.49745,1.4978,1.60,1.00
2009.11.11 12:43:41.054,1.49745,1.4979,1.70,4.60
2009.11.11 12:43:41.974,1.49755,1.4979,1.60,4.50
2009.11.11 12:43:46.073,1.49755,1.4979,1.60,3.30
2009.11.11 12:43:46.523,1.49755,1.4979,1.60,5.30
2009.11.11 12:43:47.942,1.49755,1.4979,1.60,4.50
2009.11.11 12:43:48.292,1.4976,1.498,1.60,13.10
2009.11.11 12:43:48.632,1.4976,1.49795,1.60,3.70
2009.11.11 12:43:48.742,1.4976,1.49795,1.60,1.70
2009.11.11 12:43:48.912,1.4976,1.49795,1.70,1.70
2009.11.11 12:43:49.422,1.4976,1.49795,1.60,1.70
2009.11.11 12:43:51.082,1.4976,1.49795,1.70,1.70
2009.11.11 12:43:51.722,1.49765,1.49795,1.00,1.60
2009.11.11 12:43:52.011,1.4977,1.4981,2.10,5.80
2009.11.11 12:43:52.371,1.49775,1.4981,1.60,4.10
2009.11.11 12:43:52.721,1.49775,1.4981,1.60,4.00
2009.11.11 12:43:52.891,1.4978,1.4981,1.60,1.00
2009.11.11 12:43:53.061,1.4978,1.4982,1.60,2.40
2009.11.11 12:43:53.411,1.4978,1.49815,1.70,1.00
2009.11.11 12:43:54.051,1.4978,1.49815,1.00,1.60
2009.11.11 12:43:54.921,1.49775,1.49825,1.70,8.00
2009.11.11 12:43:55.201,1.4979,1.49825,2.10,3.60
2009.11.11 12:43:55.421,1.49785,1.4983,2.10,8.80
2009.11.11 12:43:55.700,1.49785,1.49825,1.60,4.40
2009.11.11 12:43:56.381,1.49785,1.4982,1.60,2.00
2009.11.11 12:43:57.420,1.49785,1.4982,1.60,2.80
2009.11.11 12:43:57.760,1.4979,1.4982,2.10,1.00
2009.11.11 12:43:58.330,1.49795,1.4982,1.60,1.00
2009.11.11 12:43:58.500,1.4979,1.4982,2.10,1.00
2009.11.11 12:43:58.740,1.4979,1.4983,2.10,6.00
2009.11.11 12:43:59.469,1.4979,1.49825,2.30,1.00
2009.11.11 12:43:59.820,1.49805,1.49825,1.00,1.00
2009.11.11 12:44:00.450,1.49805,1.49825,1.30,1.00
2009.11.11 12:44:00.619,1.49815,1.49855,3.20,4.00
2009.11.11 12:44:00.741,1.49825,1.49865,1.60,8.10
2009.11.11 12:44:00.849,1.49825,1.4986,3.70,2.00
2009.11.11 12:44:01.249,1.49825,1.4987,3.20,3.60
2009.11.11 12:44:01.599,1.49825,1.49865,3.20,1.00
2009.11.11 12:44:02.949,1.49825,1.49865,3.20,1.00
2009.11.11 12:44:03.308,1.49825,1.49865,3.20,2.00
2009.11.11 12:44:03.639,1.49835,1.49865,1.60,1.00
2009.11.11 12:44:03.979,1.49825,1.49865,6.00,1.00
2009.11.11 12:44:04.148,1.49835,1.49865,1.60,1.00
2009.11.11 12:44:04.748,1.49835,1.49865,1.60,1.00
2009.11.11 12:44:04.978,1.49835,1.4986,1.60,1.60
2009.11.11 12:44:05.198,1.49835,1.4986,1.60,2.40
2009.11.11 12:44:06.128,1.49835,1.4986,1.60,1.00
2009.11.11 12:44:06.238,1.49835,1.4987,1.60,3.50
2009.11.11 12:44:06.348,1.49835,1.49865,1.60,3.10
2009.11.11 12:44:06.398,1.4984,1.4986,1.60,1.60
2009.11.11 12:44:06.628,1.49835,1.4986,1.60,1.70
2009.11.11 12:44:06.888,1.49835,1.4986,1.60,2.30
2009.11.11 12:44:08.268,1.49825,1.4985,2.80,1.00
2009.11.11 12:44:08.328,1.49825,1.4985,1.00,1.00
2009.11.11 12:44:09.178,1.49825,1.4985,2.40,1.00
2009.11.11 12:44:09.577,1.4983,1.49865,1.00,2.60
2009.11.11 12:44:10.257,1.4983,1.4986,2.40,1.00
2009.11.11 12:44:10.537,1.4983,1.4986,2.90,1.00
2009.11.11 12:44:10.767,1.49835,1.4987,1.00,2.40
2009.11.11 12:44:11.047,1.49835,1.49865,1.00,1.90
2009.11.11 12:44:11.287,1.49835,1.4988,1.30,7.80
2009.11.11 12:44:11.577,1.49835,1.4987,1.30,1.00
2009.11.11 12:44:11.867,1.4984,1.4987,1.60,1.00
2009.11.11 12:44:15.866,1.49835,1.4987,2.90,1.00
2009.11.11 12:44:16.446,1.49835,1.4987,2.40,1.00
2009.11.11 12:44:16.808,1.49835,1.4987,1.60,1.00
2009.11.11 12:44:16.975,1.4983,1.49865,2.80,3.30
2009.11.11 12:44:17.205,1.4983,1.49865,2.40,4.90
2009.11.11 12:44:17.375,1.4983,1.4987,1.00,3.30
2009.11.11 12:44:17.545,1.49825,1.4986,5.70,1.00
2009.11.11 12:44:17.715,1.49825,1.4986,4.90,1.00
2009.11.11 12:44:17.885,1.49825,1.4987,4.90,4.10
2009.11.11 12:44:18.945,1.49825,1.49865,4.90,1.00
2009.11.11 12:44:19.125,1.4983,1.49875,1.00,7.80
2009.11.11 12:44:19.355,1.4983,1.49865,1.00,1.00
2009.11.11 12:44:21.634,1.4983,1.4985,1.00,1.60
2009.11.11 12:44:21.984,1.49825,1.4985,2.00,1.00
2009.11.11 12:44:22.324,1.4981,1.4985,3.20,1.00
2009.11.11 12:44:22.674,1.4981,1.4985,2.40,1.00
2009.11.11 12:44:23.904,1.4981,1.4986,3.20,9.90
2009.11.11 12:44:24.064,1.4981,1.49855,2.40,4.40
2009.11.11 12:44:24.584,1.4981,1.49855,3.20,4.40
2009.11.11 12:44:27.813,1.49815,1.49855,1.00,4.40
2009.11.11 12:44:28.163,1.4981,1.49855,3.20,2.40
2009.11.11 12:44:28.512,1.4981,1.49855,3.20,4.40
2009.11.11 12:44:28.873,1.4981,1.49855,2.40,4.40
2009.11.11 12:44:29.442,1.4982,1.49855,1.00,4.40
2009.11.11 12:44:29.772,1.4983,1.49855,2.10,2.00
2009.11.11 12:44:30.062,1.4983,1.49875,2.90,3.60
2009.11.11 12:44:30.292,1.49835,1.4987,1.00,1.00
2009.11.11 12:44:31.432,1.4984,1.49885,2.40,17.60
2009.11.11 12:44:31.762,1.4984,1.49875,1.70,1.60
2009.11.11 12:44:32.572,1.49835,1.4987,2.50,1.00
2009.11.11 12:44:32.902,1.4984,1.4987,3.20,1.00
2009.11.11 12:44:33.431,1.49845,1.4987,3.20,1.00
2009.11.11 12:44:34.881,1.4985,1.4989,1.60,5.90
2009.11.11 12:44:35.231,1.4985,1.49885,1.70,2.50
2009.11.11 12:44:36.001,1.4985,1.49885,1.60,2.40
2009.11.11 12:44:38.090,1.4985,1.49885,2.60,1.00
2009.11.11 12:44:39.310,1.4986,1.49885,1.00,1.00
2009.11.11 12:44:39.530,1.4986,1.49885,1.00,3.20
2009.11.11 12:44:39.700,1.49845,1.4988,1.00,5.80
2009.11.11 12:44:40.110,1.4984,1.49875,1.00,3.70
2009.11.11 12:44:40.280,1.4984,1.49875,1.00,4.50
2009.11.11 12:44:40.979,1.4984,1.4988,1.70,13.40
2009.11.11 12:44:41.300,1.4984,1.49875,1.00,6.50
2009.11.11 12:44:42.060,1.4984,1.49875,1.00,6.70
2009.11.11 12:44:42.639,1.4984,1.49875,1.00,7.50
2009.11.11 12:44:42.859,1.4984,1.49875,1.00,5.90
2009.11.11 12:44:43.669,1.4984,1.49875,1.00,6.70
2009.11.11 12:44:43.899,1.4984,1.49875,1.00,5.90
2009.11.11 12:44:43.949,1.4984,1.49875,1.00,5.70
2009.11.11 12:44:44.069,1.4984,1.49875,1.00,5.20
2009.11.11 12:44:44.119,1.4984,1.49875,1.70,5.20
2009.11.11 12:44:44.539,1.49845,1.49875,1.00,5.20
2009.11.11 12:44:44.649,1.49845,1.49875,1.00,3.60
2009.11.11 12:44:44.979,1.49845,1.49875,1.00,7.30
2009.11.11 12:44:45.249,1.49845,1.49875,1.00,6.50
2009.11.11 12:44:45.608,1.49845,1.49875,1.60,6.80
2009.11.11 12:44:45.888,1.49845,1.49885,3.90,5.90
2009.11.11 12:44:46.238,1.4985,1.49885,1.00,2.20
2009.11.11 12:44:46.978,1.4985,1.49885,1.00,2.20
2009.11.11 12:44:47.318,1.4985,1.49895,2.30,14.90
2009.11.11 12:44:47.608,1.4985,1.4989,2.30,1.00
2009.11.11 12:44:47.968,1.4985,1.499,2.30,14.80
2009.11.11 12:44:48.738,1.4985,1.49895,1.60,7.50
2009.11.11 12:44:49.028,1.4985,1.4989,1.60,1.00
2009.11.11 12:44:49.308,1.49845,1.4989,1.60,5.90
2009.11.11 12:44:49.947,1.4984,1.49885,2.40,4.00
2009.11.11 12:44:50.118,1.4984,1.4988,1.00,1.60
2009.11.11 12:44:50.237,1.4984,1.4988,1.00,3.60
2009.11.11 12:44:50.927,1.49835,1.4988,3.10,3.60
2009.11.11 12:44:53.146,1.49835,1.4988,3.90,3.60
2009.11.11 12:44:58.126,1.49835,1.4988,2.30,3.60
2009.11.11 12:44:58.466,1.49835,1.4988,2.30,4.40
2009.11.11 12:45:00.185,1.49835,1.4988,1.60,4.50
2009.11.11 12:45:00.535,1.4983,1.49875,2.00,2.50
2009.11.11 12:45:00.915,1.4983,1.4987,1.60,2.00
2009.11.11 12:45:01.265,1.4983,1.4987,1.60,2.80
2009.11.11 12:45:03.494,1.4982,1.49865,1.70,6.00
2009.11.11 12:45:03.554,1.4982,1.49865,1.60,6.80
2009.11.11 12:45:03.614,1.49815,1.4986,2.50,4.40
2009.11.11 12:45:03.674,1.49815,1.4986,1.70,4.40
2009.11.11 12:45:05.964,1.49815,1.4986,1.70,4.50
2009.11.11 12:45:07.703,1.4981,1.49855,2.50,1.60
2009.11.11 12:45:08.033,1.4981,1.49855,3.30,3.60
2009.11.11 12:45:08.443,1.4981,1.49855,2.50,3.60
2009.11.11 12:45:10.742,1.49815,1.49855,1.00,3.60
2009.11.11 12:45:12.502,1.49815,1.49855,2.90,2.00
2009.11.11 12:45:12.742,1.49815,1.49865,2.90,11.80
2009.11.11 12:45:14.402,1.49815,1.4986,3.10,4.90
2009.11.11 12:45:14.931,1.49815,1.4986,2.30,5.60
2009.11.11 12:45:15.382,1.49815,1.4986,2.30,4.80
2009.11.11 12:45:19.480,1.49815,1.4986,2.30,4.00
2009.11.11 12:45:19.650,1.49815,1.4986,2.10,3.60
2009.11.11 12:45:19.820,1.4982,1.4986,1.60,2.00
2009.11.11 12:45:20.220,1.4982,1.4987,1.60,17.40
2009.11.11 12:45:21.040,1.4982,1.49865,1.70,7.30
2009.11.11 12:45:25.259,1.4982,1.4986,1.60,1.00
2009.11.11 12:45:26.379,1.4982,1.4986,1.60,1.00
2009.11.11 12:45:26.549,1.49815,1.4985,2.10,1.70
2009.11.11 12:45:42.985,1.49815,1.4985,3.70,1.00
2009.11.11 12:45:43.335,1.49825,1.4986,1.60,4.40
2009.11.11 12:45:43.505,1.49825,1.4986,1.60,1.60
2009.11.11 12:45:51.293,1.49835,1.4987,1.60,9.20
2009.11.11 12:45:51.623,1.49835,1.4987,1.60,3.10
2009.11.11 12:45:52.323,1.49835,1.4987,1.60,3.30
2009.11.11 12:45:53.032,1.49835,1.49875,1.70,3.60
2009.11.11 12:45:53.332,1.49835,1.4987,1.70,2.30
2009.11.11 12:45:54.072,1.49835,1.4987,1.90,2.10
2009.11.11 12:45:56.101,1.49845,1.4988,1.00,2.40
2009.11.11 12:45:56.281,1.49845,1.4988,1.00,2.40
2009.11.11 12:45:57.121,1.4984,1.49875,1.00,2.60
2009.11.11 12:45:57.471,1.49845,1.49885,1.00,8.90
2009.11.11 12:45:57.801,1.49835,1.4988,8.50,2.40
2009.11.11 12:45:58.781,1.4984,1.4988,1.00,2.40
2009.11.11 12:45:59.061,1.49845,1.4988,1.00,2.40
2009.11.11 12:45:59.341,1.49845,1.4988,1.00,2.40
2009.11.11 12:46:00.021,1.49845,1.4988,1.80,2.40
2009.11.11 12:46:00.371,1.49855,1.4988,1.70,1.00
2009.11.11 12:46:00.730,1.49855,1.4988,3.10,1.00
2009.11.11 12:46:01.071,1.49855,1.49895,2.50,5.60
2009.11.11 12:46:01.420,1.49845,1.4989,4.40,3.30
2009.11.11 12:46:01.770,1.49855,1.4989,1.00,3.30
2009.11.11 12:46:02.120,1.49855,1.4989,1.00,5.30
2009.11.11 12:46:03.280,1.4985,1.4989,1.00,5.30
2009.11.11 12:46:04.770,1.4985,1.49885,1.00,4.00
2009.11.11 12:46:04.829,1.4985,1.49885,1.00,5.60
2009.11.11 12:46:05.799,1.49845,1.49885,1.00,5.60
2009.11.11 12:46:06.259,1.49845,1.49885,1.00,5.60
2009.11.11 12:46:06.939,1.49845,1.4988,1.00,1.60
2009.11.11 12:46:07.289,1.49845,1.4988,1.80,1.00
2009.11.11 12:46:07.629,1.4985,1.4988,1.00,2.40
2009.11.11 12:46:09.428,1.4985,1.4988,1.00,2.40
2009.11.11 12:46:13.467,1.4985,1.4988,1.00,1.00
2009.11.11 12:46:15.767,1.4985,1.4989,1.00,8.50
2009.11.11 12:46:16.167,1.4985,1.49885,1.00,3.20
2009.11.11 12:46:16.387,1.4985,1.49875,1.00,3.20
2009.11.11 12:46:16.846,1.49845,1.49875,1.00,4.00
2009.11.11 12:46:17.876,1.4985,1.49875,1.60,1.00
2009.11.11 12:46:18.036,1.49845,1.49875,2.30,1.00
2009.11.11 12:46:18.256,1.49845,1.49875,1.60,2.40
2009.11.11 12:46:18.436,1.4985,1.49875,2.10,1.00
2009.11.11 12:46:18.616,1.4985,1.49875,1.60,1.00
2009.11.11 12:46:18.776,1.4985,1.4989,5.20,3.70
2009.11.11 12:46:19.136,1.4985,1.49885,5.30,1.00
2009.11.11 12:46:20.176,1.4985,1.49885,4.70,1.00
2009.11.11 12:46:22.885,1.4985,1.49885,7.80,1.00
2009.11.11 12:46:23.685,1.49855,1.49885,1.80,1.00
2009.11.11 12:46:23.745,1.49855,1.49885,1.00,1.00
2009.11.11 12:46:25.084,1.49855,1.49895,1.00,3.20
2009.11.11 12:46:26.854,1.4985,1.4989,3.60,1.00
2009.11.11 12:46:27.204,1.4985,1.4989,1.00,3.20
2009.11.11 12:46:27.554,1.49855,1.49885,1.60,1.00
2009.11.11 12:46:27.854,1.4986,1.499,1.60,4.40
2009.11.11 12:46:33.812,1.4986,1.49895,1.70,1.00
2009.11.11 12:46:34.442,1.4986,1.49895,1.60,1.00
2009.11.11 12:46:40.241,1.4986,1.49905,1.60,10.00
2009.11.11 12:46:42.120,1.4986,1.499,1.70,2.80
2009.11.11 12:46:44.640,1.4986,1.499,1.70,3.60
2009.11.11 12:46:44.870,1.4986,1.499,1.60,3.60
2009.11.11 12:46:45.100,1.4986,1.49895,1.60,1.00
2009.11.11 12:46:45.610,1.49855,1.4989,3.10,1.60
2009.11.11 12:46:45.880,1.49855,1.499,1.00,4.00
2009.11.11 12:46:46.159,1.49855,1.4989,1.00,1.00
2009.11.11 12:46:47.059,1.49855,1.499,1.00,4.00
2009.11.11 12:46:47.289,1.49855,1.49895,1.00,1.00
2009.11.11 12:46:48.159,1.4986,1.49895,2.40,1.00
2009.11.11 12:46:48.339,1.4986,1.49895,1.60,1.00
2009.11.11 12:46:49.219,1.4986,1.49895,1.00,3.10
2009.11.11 12:46:49.338,1.4986,1.4989,1.00,2.40
2009.11.11 12:46:53.578,1.4986,1.49885,1.00,1.00
2009.11.11 12:46:53.757,1.49855,1.4988,1.60,1.00
2009.11.11 12:46:53.818,1.4985,1.4988,1.70,1.00
2009.11.11 12:46:56.177,1.4986,1.4989,1.00,2.40
2009.11.11 12:46:57.967,1.4986,1.49885,1.00,1.60
2009.11.11 12:46:58.307,1.4985,1.49885,1.00,6.20
2009.11.11 12:46:58.536,1.49845,1.4988,3.30,1.00
2009.11.11 12:46:59.956,1.49845,1.4988,3.20,1.00
2009.11.11 12:47:00.176,1.49845,1.4988,3.20,1.60
2009.11.11 12:47:00.346,1.49845,1.4988,2.40,1.60
2009.11.11 12:47:04.075,1.49845,1.4988,1.00,3.20
2009.11.11 12:47:04.255,1.49845,1.4988,1.00,2.40
2009.11.11 12:47:06.677,1.49845,1.4988,1.00,1.60
2009.11.11 12:47:07.574,1.49845,1.4988,1.00,2.40
2009.11.11 12:47:08.494,1.49845,1.4988,1.00,1.60
2009.11.11 12:47:08.734,1.4985,1.4989,2.40,5.30
2009.11.11 12:47:09.064,1.4985,1.4989,2.40,3.30
2009.11.11 12:47:09.854,1.4985,1.49885,1.00,6.10
2009.11.11 12:47:10.144,1.49845,1.4988,1.00,2.40
2009.11.11 12:47:10.764,1.49845,1.4988,1.00,5.20
2009.11.11 12:47:10.934,1.49845,1.4988,1.00,3.20
2009.11.11 12:47:11.683,1.4984,1.49875,1.00,1.60
2009.11.11 12:47:12.543,1.4984,1.49875,2.80,1.60
2009.11.11 12:47:13.992,1.4984,1.49875,2.80,1.70
2009.11.11 12:47:16.632,1.49835,1.49875,2.80,2.50
2009.11.11 12:47:16.982,1.49835,1.49875,1.00,2.50
2009.11.11 12:47:17.642,1.49835,1.49875,1.60,2.50
2009.11.11 12:47:17.762,1.49835,1.49875,2.40,2.50
2009.11.11 12:47:17.942,1.4984,1.49875,1.00,2.50
2009.11.11 12:47:19.032,1.4984,1.49875,1.00,2.50
2009.11.11 12:47:19.441,1.49835,1.4987,1.60,1.60
2009.11.11 12:47:19.841,1.49835,1.4987,1.00,1.60
2009.11.11 12:47:21.101,1.49835,1.4987,1.00,1.70
2009.11.11 12:47:22.261,1.49835,1.4987,1.60,1.70
2009.11.11 12:47:22.741,1.49835,1.4987,1.00,1.70
2009.11.11 12:47:23.081,1.49835,1.4987,1.00,2.50
2009.11.11 12:47:31.009,1.49835,1.4987,1.00,1.70
2009.11.11 12:47:31.178,1.49835,1.4987,1.60,1.70
2009.11.11 12:47:31.578,1.49835,1.4987,2.40,1.00
2009.11.11 12:47:31.978,1.49835,1.4987,6.00,1.00
2009.11.11 12:47:32.148,1.49835,1.4987,6.00,1.00
2009.11.11 12:47:32.539,1.4984,1.4987,1.60,1.00
2009.11.11 12:47:32.878,1.4984,1.4988,1.60,3.40
2009.11.11 12:47:33.398,1.4984,1.49875,2.40,1.00
2009.11.11 12:47:33.878,1.49845,1.49885,1.00,5.90
2009.11.11 12:47:38.897,1.49845,1.4988,1.60,2.40
2009.11.11 12:47:39.077,1.49845,1.4988,3.90,1.00
2009.11.11 12:47:39.307,1.4985,1.4989,1.00,6.70
2009.11.11 12:47:39.837,1.4985,1.4988,1.00,1.60
2009.11.11 12:47:40.016,1.4985,1.4989,1.00,6.80
2009.11.11 12:47:40.186,1.4985,1.49885,1.00,1.60
2009.11.11 12:47:41.186,1.4985,1.49885,1.00,2.40
2009.11.11 12:47:51.254,1.4985,1.49885,2.40,2.40
2009.11.11 12:47:51.424,1.4985,1.49885,4.90,1.00
2009.11.11 12:47:52.233,1.49855,1.49885,2.10,1.00
2009.11.11 12:47:52.763,1.49855,1.49895,2.90,4.00
2009.11.11 12:47:53.054,1.49855,1.4989,2.90,1.70
2009.11.11 12:47:53.693,1.49855,1.4989,4.20,1.70
2009.11.11 12:47:53.923,1.4986,1.499,2.00,4.00
2009.11.11 12:47:54.103,1.4986,1.49895,2.80,2.50
2009.11.11 12:47:54.493,1.4986,1.49895,2.00,2.40
2009.11.11 12:47:54.783,1.49855,1.4989,3.00,1.60
2009.11.11 12:47:55.933,1.49855,1.4989,3.80,1.60
2009.11.11 12:47:56.163,1.49865,1.499,2.00,3.20
2009.11.11 12:47:56.452,1.4986,1.4989,1.00,1.60
2009.11.11 12:47:56.682,1.49855,1.4989,3.00,1.60
2009.11.11 12:47:58.112,1.49855,1.4989,2.90,1.90
2009.11.11 12:47:59.152,1.49855,1.49885,2.90,1.00
2009.11.11 12:47:59.372,1.49855,1.49895,2.90,3.20
2009.11.11 12:48:00.911,1.49855,1.4989,3.10,1.70
2009.11.11 12:48:07.860,1.49855,1.4989,1.00,2.50
2009.11.11 12:48:08.740,1.4985,1.49885,1.00,2.40
2009.11.11 12:48:09.490,1.4985,1.49885,1.00,2.40
2009.11.11 12:48:09.659,1.4985,1.49885,1.00,2.40
2009.11.11 12:48:10.119,1.4985,1.49885,1.00,2.70
2009.11.11 12:48:10.979,1.4985,1.4988,1.00,1.00
2009.11.11 12:48:15.618,1.49845,1.4988,3.00,1.00
2009.11.11 12:48:16.098,1.4985,1.4988,1.00,1.00
2009.11.11 12:48:24.096,1.49845,1.49875,2.20,1.00
2009.11.11 12:48:24.446,1.4985,1.49885,1.00,2.50
2009.11.11 12:48:30.354,1.49845,1.4988,1.00,1.70
2009.11.11 12:48:31.614,1.49845,1.4988,1.00,2.50
2009.11.11 12:48:33.054,1.49845,1.49875,1.00,1.00
2009.11.11 12:48:33.353,1.4984,1.49875,4.00,1.00
2009.11.11 12:48:37.123,1.49845,1.49875,3.60,1.00
2009.11.11 12:48:38.043,1.4986,1.49875,1.60,1.00
2009.11.11 12:48:38.503,1.4986,1.49885,1.60,3.30
2009.11.11 12:48:38.782,1.4985,1.4988,1.60,2.40
2009.11.11 12:48:39.142,1.4986,1.4988,1.60,1.00
2009.11.11 12:48:39.823,1.4985,1.4988,1.60,1.00
2009.11.11 12:48:40.172,1.4986,1.4988,1.60,1.00
2009.11.11 12:48:40.802,1.4986,1.4988,1.60,1.00
2009.11.11 12:48:41.092,1.4986,1.4988,1.60,1.00
2009.11.11 12:48:43.981,1.4986,1.4988,1.60,1.00
2009.11.11 12:48:47.990,1.4986,1.4989,3.60,1.00
2009.11.11 12:48:48.850,1.49855,1.499,4.70,6.80
2009.11.11 12:48:49.930,1.4987,1.499,1.60,5.90
2009.11.11 12:48:50.270,1.49875,1.49895,1.60,1.00
2009.11.11 12:48:53.489,1.4987,1.49895,1.60,1.60
2009.11.11 12:48:53.709,1.4987,1.49895,1.60,3.30
2009.11.11 12:48:55.518,1.4987,1.499,1.60,6.80
2009.11.11 12:48:55.868,1.4986,1.4989,1.60,1.60
2009.11.11 12:48:56.208,1.49855,1.49885,1.00,1.60
2009.11.11 12:48:56.488,1.4985,1.49885,1.60,2.40
2009.11.11 12:48:59.618,1.4985,1.4988,1.60,1.60
2009.11.11 12:48:59.797,1.4985,1.4988,1.60,2.40
2009.11.11 12:49:00.087,1.49845,1.4988,1.00,2.40
2009.11.11 12:49:02.027,1.49845,1.4988,1.00,2.50
2009.11.11 12:49:02.307,1.4984,1.4988,2.40,2.50
2009.11.11 12:49:03.346,1.4984,1.49875,2.40,1.00
2009.11.11 12:49:09.215,1.49835,1.4987,4.10,1.00
2009.11.11 12:49:14.874,1.49835,1.4987,4.40,1.00
2009.11.11 12:49:22.442,1.4984,1.49865,1.60,1.00
2009.11.11 12:49:22.792,1.4984,1.49865,1.60,3.90
2009.11.11 12:49:23.132,1.4984,1.49865,1.60,4.00
2009.11.11 12:49:23.362,1.49835,1.4986,1.60,2.50
2009.11.11 12:49:23.582,1.4984,1.4986,1.60,1.10
2009.11.11 12:49:24.111,1.4984,1.49865,1.60,3.30
2009.11.11 12:49:24.571,1.49835,1.49865,1.60,3.40
2009.11.11 12:49:24.801,1.49835,1.4986,1.60,2.40
2009.11.11 12:49:25.041,1.4983,1.4986,3.20,1.00
2009.11.11 12:49:26.871,1.4984,1.4987,1.60,4.10
2009.11.11 12:49:27.680,1.4984,1.4986,1.60,1.00
2009.11.11 12:49:28.660,1.49835,1.4986,1.60,1.70
2009.11.11 12:49:29.060,1.49825,1.4986,4.10,1.60
2009.11.11 12:49:29.280,1.49835,1.4987,1.60,4.10
2009.11.11 12:49:29.500,1.49835,1.49865,1.60,2.60
2009.11.11 12:49:29.680,1.4983,1.4987,3.20,4.10
2009.11.11 12:49:30.680,1.4984,1.4987,1.60,4.00
2009.11.11 12:49:31.140,1.4984,1.49865,1.60,2.50
2009.11.11 12:49:32.979,1.4984,1.49855,1.60,1.00
2009.11.11 12:49:33.269,1.4984,1.4987,1.60,6.10
2009.11.11 12:49:38.638,1.4984,1.49865,1.60,2.40
2009.11.11 12:49:41.197,1.4984,1.49865,1.60,1.00
2009.11.11 12:49:41.887,1.4984,1.49875,1.60,5.00
2009.11.11 12:49:42.287,1.4985,1.4987,1.60,1.00
2009.11.11 12:49:42.637,1.4985,1.4987,1.60,1.00
2009.11.11 12:49:42.977,1.4985,1.4987,1.60,1.00
2009.11.11 12:49:46.926,1.4985,1.49875,1.60,3.30
2009.11.11 12:49:48.306,1.49855,1.4987,1.60,1.00
2009.11.11 12:49:48.485,1.49855,1.4988,1.60,3.40
2009.11.11 12:49:49.075,1.4985,1.4988,1.60,3.40
2009.11.11 12:49:49.245,1.4985,1.49875,1.60,1.00
2009.11.11 12:49:49.355,1.49855,1.49875,1.60,1.00
2009.11.11 12:49:50.445,1.49855,1.49885,1.60,9.20
2009.11.11 12:49:50.685,1.49855,1.4988,2.00,3.20
2009.11.11 12:49:50.965,1.49855,1.4989,2.10,3.40
2009.11.11 12:49:51.205,1.49855,1.49885,2.10,1.00
2009.11.11 12:49:52.914,1.49855,1.49895,2.80,10.20
2009.11.11 12:49:53.254,1.49855,1.4989,5.20,1.00
2009.11.11 12:50:00.582,1.49855,1.4989,6.10,1.00
2009.11.11 12:50:06.191,1.4986,1.4989,2.40,1.00
2009.11.11 12:50:07.441,1.4986,1.4989,4.00,1.00
2009.11.11 12:50:08.691,1.4986,1.49885,4.00,1.00
2009.11.11 12:50:09.271,1.4986,1.49885,3.20,1.00
2009.11.11 12:50:09.450,1.4986,1.49885,4.00,1.00
2009.11.11 12:50:09.860,1.4986,1.49885,2.40,1.00
2009.11.11 12:50:10.090,1.4986,1.49895,2.40,2.50
2009.11.11 12:50:15.729,1.4986,1.4989,1.60,1.00
2009.11.11 12:50:17.119,1.4986,1.49895,1.60,1.70
2009.11.11 12:50:17.759,1.4986,1.49895,2.40,2.50
2009.11.11 12:50:19.988,1.4986,1.4989,4.00,1.00
2009.11.11 12:50:20.268,1.4986,1.499,3.70,3.90
2009.11.11 12:50:20.498,1.4986,1.49895,3.90,1.00
2009.11.11 12:50:20.848,1.49855,1.49895,3.30,2.40
2009.11.11 12:50:21.018,1.4986,1.4989,1.00,1.60
2009.11.11 12:50:21.527,1.49855,1.4989,1.00,2.40
2009.11.11 12:50:21.867,1.4985,1.49885,2.40,1.60
2009.11.11 12:50:22.877,1.4985,1.49885,2.40,1.70
2009.11.11 12:50:24.087,1.49855,1.49885,1.00,1.70
2009.11.11 12:50:24.367,1.49855,1.49885,2.40,1.00
2009.11.11 12:50:25.177,1.49855,1.49885,1.00,1.70
2009.11.11 12:50:25.347,1.4985,1.49885,3.20,1.70
2009.11.11 12:50:25.576,1.4985,1.49885,2.40,1.70
2009.11.11 12:50:27.306,1.49845,1.4988,2.50,1.60
2009.11.11 12:50:27.646,1.49845,1.49885,1.00,3.90
2009.11.11 12:50:27.986,1.4984,1.49875,3.30,1.60
2009.11.11 12:50:28.346,1.4984,1.49875,2.50,1.60
2009.11.11 12:50:28.746,1.4984,1.49885,2.40,5.80
2009.11.11 12:50:30.605,1.4984,1.49875,2.40,1.00
2009.11.11 12:50:30.655,1.4984,1.49875,1.00,2.40
2009.11.11 12:50:30.715,1.4984,1.49875,2.40,1.00
2009.11.11 12:50:31.165,1.4984,1.49875,1.00,2.40
2009.11.11 12:50:31.345,1.4984,1.49875,2.40,1.00
2009.11.11 12:50:32.885,1.4984,1.49875,2.50,2.40
2009.11.11 12:50:33.125,1.4984,1.49875,5.60,1.00
2009.11.11 12:50:33.365,1.4984,1.49875,5.20,1.00
2009.11.11 12:50:33.585,1.4984,1.49875,6.60,1.00
2009.11.11 12:50:33.815,1.49845,1.49885,3.00,5.60
2009.11.11 12:50:34.494,1.49845,1.4988,3.00,2.40
2009.11.11 12:50:34.784,1.49845,1.4988,2.80,1.00
2009.11.11 12:50:35.014,1.49845,1.4989,2.80,12.20
2009.11.11 12:50:44.912,1.49845,1.4988,2.80,1.00
2009.11.11 12:50:47.131,1.49845,1.4988,2.80,1.00
2009.11.11 12:50:48.321,1.4984,1.4988,2.50,3.70
2009.11.11 12:50:48.601,1.4984,1.4987,1.00,1.00
2009.11.11 12:50:48.881,1.49835,1.4987,2.40,1.00
2009.11.11 12:50:49.351,1.49835,1.4988,2.40,5.30
2009.11.11 12:50:49.681,1.49835,1.4987,1.00,2.40
2009.11.11 12:50:50.021,1.49835,1.49865,1.00,1.00
2009.11.11 12:50:50.311,1.49825,1.49865,3.90,1.00
2009.11.11 12:50:50.671,1.4983,1.49865,1.60,1.00
2009.11.11 12:50:52.250,1.49825,1.4986,2.50,1.60
2009.11.11 12:50:54.190,1.49825,1.4986,2.70,1.60
2009.11.11 12:50:54.539,1.4983,1.4987,1.00,8.00
2009.11.11 12:50:54.820,1.49825,1.49865,2.90,3.10
2009.11.11 12:50:55.939,1.4983,1.49865,1.00,3.10
2009.11.11 12:50:56.629,1.4983,1.49865,1.00,3.90
2009.11.11 12:50:56.969,1.4983,1.4986,1.00,1.00
2009.11.11 12:50:59.468,1.4983,1.4986,1.70,1.00
2009.11.11 12:50:59.818,1.4983,1.4987,2.90,3.20
2009.11.11 12:51:00.098,1.4983,1.49865,2.50,1.00
2009.11.11 12:51:00.378,1.4983,1.49865,2.40,1.00
2009.11.11 12:51:02.258,1.4983,1.49875,2.40,9.90
2009.11.11 12:51:03.787,1.4983,1.49865,2.40,1.00
2009.11.11 12:51:05.867,1.4983,1.49875,2.40,10.50
2009.11.11 12:51:06.137,1.49835,1.4987,1.00,4.40
2009.11.11 12:51:06.847,1.4983,1.4987,2.40,4.40
2009.11.11 12:51:09.816,1.4983,1.4987,2.40,2.40
2009.11.11 12:51:09.926,1.49835,1.4987,1.00,4.40
2009.11.11 12:51:11.016,1.4983,1.4987,2.40,3.60
2009.11.11 12:51:12.585,1.4983,1.4987,2.40,4.40
2009.11.11 12:51:14.835,1.4983,1.4987,2.40,3.60
2009.11.11 12:51:15.005,1.49835,1.4987,1.60,2.00
2009.11.11 12:51:15.295,1.4983,1.4987,2.00,4.40
2009.11.11 12:51:15.595,1.49835,1.4987,1.60,1.00
2009.11.11 12:51:20.313,1.49835,1.4987,1.70,1.00
2009.11.11 12:51:20.553,1.4984,1.4987,1.60,1.00
2009.11.11 12:51:21.483,1.4984,1.4988,1.60,2.40
2009.11.11 12:51:22.503,1.4984,1.49875,1.60,1.60
2009.11.11 12:51:22.673,1.4984,1.4987,1.60,1.00
2009.11.11 12:51:36.510,1.4984,1.4987,1.70,1.00
2009.11.11 12:51:37.719,1.49845,1.4988,1.60,1.60
2009.11.11 12:51:38.459,1.49845,1.49875,1.70,1.00
2009.11.11 12:51:38.689,1.49845,1.49885,1.70,3.20
2009.11.11 12:51:38.919,1.49845,1.4988,1.60,1.00
2009.11.11 12:51:40.939,1.49845,1.4988,2.40,1.00
2009.11.11 12:51:41.338,1.49845,1.4988,1.60,1.00
2009.11.11 12:51:45.767,1.49845,1.4988,1.60,1.60
2009.11.11 12:51:46.467,1.49845,1.4988,1.60,1.00
2009.11.11 12:51:49.277,1.49845,1.4989,2.40,10.40
2009.11.11 12:51:49.866,1.49845,1.49885,2.40,5.20
2009.11.11 12:51:51.086,1.49845,1.49885,1.60,5.20
2009.11.11 12:51:53.435,1.4984,1.49885,2.40,6.80
2009.11.11 12:51:53.675,1.4984,1.49885,2.40,5.20
2009.11.11 12:51:53.965,1.4984,1.4988,1.00,2.00
2009.11.11 12:51:54.535,1.4984,1.49875,1.00,2.00
2009.11.11 12:51:54.755,1.4984,1.49885,1.00,12.00
2009.11.11 12:51:54.995,1.4984,1.4988,1.00,2.00
2009.11.11 12:51:57.724,1.4984,1.49875,1.00,1.00
2009.11.11 12:51:57.894,1.49835,1.4987,1.00,1.60
2009.11.11 12:51:58.464,1.4983,1.4987,3.20,2.40
2009.11.11 12:51:59.674,1.4983,1.4987,2.40,2.40
2009.11.11 12:51:59.844,1.4983,1.4987,2.40,2.50
2009.11.11 12:52:00.694,1.4983,1.4987,2.40,2.40
2009.11.11 12:52:01.214,1.4983,1.4987,2.40,3.20
2009.11.11 12:52:01.503,1.4983,1.49865,1.60,1.00
2009.11.11 12:52:02.134,1.4983,1.49875,2.40,6.10
2009.11.11 12:52:02.433,1.4983,1.4987,2.40,1.00
2009.11.11 12:52:02.783,1.4983,1.4988,2.40,6.00
2009.11.11 12:52:03.363,1.4983,1.49875,3.20,2.40
2009.11.11 12:52:03.464,1.49835,1.49875,1.00,2.40
2009.11.11 12:52:04.043,1.4983,1.49875,4.00,2.40
2009.11.11 12:52:04.103,1.4983,1.49875,4.00,4.40
2009.11.11 12:52:04.163,1.4983,1.49875,4.10,4.40
2009.11.11 12:52:04.283,1.49835,1.49875,1.60,2.80
2009.11.11 12:52:04.343,1.49835,1.49875,1.60,1.00
2009.11.11 12:52:05.312,1.49835,1.49875,1.60,2.40
2009.11.11 12:52:06.652,1.49835,1.49875,1.60,3.10
2009.11.11 12:52:06.832,1.4983,1.4987,2.40,1.60
2009.11.11 12:52:06.952,1.4983,1.4987,2.40,2.40
2009.11.11 12:52:12.751,1.4984,1.49885,2.80,6.80
2009.11.11 12:52:12.981,1.4984,1.49885,2.80,6.80
2009.11.11 12:52:13.201,1.4984,1.49885,2.80,6.90
2009.11.11 12:52:13.951,1.4984,1.49885,2.80,6.80
2009.11.11 12:52:15.040,1.4984,1.49885,2.80,6.90
2009.11.11 12:52:16.950,1.4984,1.49885,2.00,6.90
2009.11.11 12:52:20.959,1.4984,1.49885,2.00,7.70
2009.11.11 12:52:21.259,1.4984,1.4988,1.00,4.40
2009.11.11 12:52:25.258,1.4984,1.4989,2.00,17.10
2009.11.11 12:52:28.057,1.4984,1.49875,2.00,1.00
2009.11.11 12:52:28.617,1.4984,1.49875,1.00,1.00
2009.11.11 12:52:29.887,1.4984,1.49875,1.00,1.00
2009.11.11 12:52:32.006,1.4984,1.49875,2.10,1.60
2009.11.11 12:52:32.296,1.4984,1.4987,2.10,1.00
2009.11.11 12:52:32.476,1.49845,1.4988,1.60,1.60
2009.11.11 12:52:32.776,1.4986,1.49885,1.60,5.20
2009.11.11 12:52:33.136,1.4986,1.49885,1.60,1.60
2009.11.11 12:52:33.486,1.49855,1.49895,3.20,7.60
2009.11.11 12:52:33.826,1.49855,1.4989,1.60,4.00
2009.11.11 12:52:34.815,1.49855,1.4989,1.60,5.40
2009.11.11 12:52:34.985,1.49855,1.49885,1.60,1.70
2009.11.11 12:52:35.545,1.49855,1.4989,1.60,3.90
2009.11.11 12:52:36.565,1.49855,1.49885,1.60,2.40
2009.11.11 12:52:36.865,1.49855,1.49885,1.60,4.40
2009.11.11 12:52:37.095,1.4986,1.49885,1.60,2.80
2009.11.11 12:52:37.445,1.49855,1.49885,1.60,1.00
2009.11.11 12:52:38.245,1.4986,1.49885,1.60,1.00
2009.11.11 12:52:40.454,1.4986,1.49885,1.60,1.60
2009.11.11 12:52:40.734,1.4986,1.4988,1.60,1.00
2009.11.11 12:52:41.094,1.4987,1.4989,1.60,2.10
2009.11.11 12:52:41.214,1.4987,1.4989,1.60,1.00
2009.11.11 12:52:41.384,1.49865,1.4989,1.60,1.00
2009.11.11 12:52:41.604,1.49865,1.4989,1.60,1.60
2009.11.11 12:52:41.844,1.49855,1.49885,1.60,1.00
2009.11.11 12:52:42.074,1.49845,1.4988,1.60,1.00
2009.11.11 12:52:42.823,1.49845,1.4988,1.60,1.60
2009.11.11 12:52:43.173,1.49845,1.49875,1.60,1.00
2009.11.11 12:52:46.273,1.49845,1.49875,1.60,5.20
2009.11.11 12:52:49.792,1.49845,1.4988,1.60,10.50
2009.11.11 12:52:50.022,1.49845,1.4988,1.60,10.50
2009.11.11 12:52:50.312,1.49845,1.49875,1.60,4.40
2009.11.11 12:52:50.422,1.49835,1.4987,1.60,1.60
2009.11.11 12:52:50.772,1.49835,1.4987,1.60,2.40
2009.11.11 12:52:51.332,1.49835,1.4987,1.60,3.20
2009.11.11 12:52:51.501,1.49835,1.4987,1.60,10.80
2009.11.11 12:52:51.681,1.49835,1.49865,1.60,5.60
2009.11.11 12:52:52.381,1.4982,1.49855,1.70,1.60
2009.11.11 12:52:52.771,1.4982,1.49855,1.00,3.60
2009.11.11 12:52:52.941,1.4982,1.4985,1.70,1.00
2009.11.11 12:52:53.351,1.4982,1.4985,1.60,1.00
2009.11.11 12:52:53.571,1.4982,1.4985,1.60,1.60
2009.11.11 12:52:53.751,1.4982,1.49845,1.60,1.60
2009.11.11 12:52:53.991,1.4982,1.49845,1.60,1.60
2009.11.11 12:52:55.490,1.4982,1.4985,1.60,1.60
2009.11.11 12:52:56.540,1.4982,1.4985,1.60,3.60
2009.11.11 12:52:56.710,1.4982,1.4984,1.60,1.00
2009.11.11 12:52:59.779,1.4982,1.4985,1.60,1.60
2009.11.11 12:53:01.389,1.49825,1.49855,1.60,3.60
2009.11.11 12:53:01.609,1.49825,1.49855,1.60,1.60
2009.11.11 12:53:18.265,1.4982,1.49855,1.70,1.60
2009.11.11 12:53:19.615,1.4982,1.49855,1.60,6.00
2009.11.11 12:53:19.785,1.4982,1.49845,1.60,1.00
2009.11.11 12:53:22.174,1.4982,1.49855,1.60,6.00
2009.11.11 12:53:24.584,1.4982,1.49855,1.60,8.40
2009.11.11 12:53:24.754,1.4982,1.4985,1.60,1.00
2009.11.11 12:53:24.923,1.4982,1.4984,1.00,1.00
2009.11.11 12:53:25.433,1.4982,1.4984,1.00,1.60
2009.11.11 12:53:25.824,1.4981,1.4984,1.60,2.40
2009.11.11 12:53:26.163,1.498,1.4984,4.00,2.80
2009.11.11 12:53:27.173,1.498,1.4984,4.10,2.80
2009.11.11 12:53:28.193,1.49805,1.4984,1.00,2.00
2009.11.11 12:53:28.253,1.49805,1.4984,2.40,2.00
2009.11.11 12:53:28.373,1.4981,1.4984,1.60,2.00
2009.11.11 12:53:28.433,1.4981,1.4984,1.70,2.00
2009.11.11 12:53:28.553,1.4981,1.4985,1.00,17.20
2009.11.11 12:53:28.732,1.4981,1.49845,1.00,4.40
2009.11.11 12:53:28.793,1.4981,1.49845,1.70,4.40
2009.11.11 12:53:28.972,1.4981,1.49845,3.30,4.40
2009.11.11 12:53:29.153,1.4981,1.49845,3.20,4.40
2009.11.11 12:53:30.152,1.4981,1.49845,3.30,4.40
2009.11.11 12:53:31.822,1.49815,1.49845,1.60,4.40
2009.11.11 12:53:31.932,1.49815,1.49845,1.60,2.80
2009.11.11 12:53:32.211,1.49815,1.49845,1.60,2.00
2009.11.11 12:53:32.451,1.49815,1.49855,1.60,17.20
2009.11.11 12:53:32.622,1.49815,1.4985,1.60,4.40
2009.11.11 12:53:33.081,1.49815,1.4985,1.70,4.40
2009.11.11 12:53:34.351,1.49815,1.4985,3.30,4.40
2009.11.11 12:53:34.521,1.4982,1.4985,1.60,2.40
2009.11.11 12:53:35.571,1.4982,1.4985,1.60,1.60
2009.11.11 12:53:35.741,1.4982,1.4985,1.60,1.00
2009.11.11 12:53:38.080,1.4982,1.4986,1.60,19.00
2009.11.11 12:53:38.300,1.4982,1.49855,1.60,9.30
2009.11.11 12:53:39.440,1.4982,1.49855,1.60,9.20
2009.11.11 12:53:39.730,1.4982,1.49855,1.60,7.20
2009.11.11 12:53:39.900,1.49815,1.49855,4.10,4.00
2009.11.11 12:53:40.120,1.49815,1.49855,4.10,3.20
2009.11.11 12:53:40.290,1.49815,1.4985,3.30,1.00
2009.11.11 12:53:42.279,1.49825,1.4986,1.60,7.20
2009.11.11 12:53:42.699,1.4982,1.49855,1.60,2.40
2009.11.11 12:53:43.099,1.4981,1.4985,1.60,1.60
2009.11.11 12:53:43.439,1.4981,1.4985,2.40,3.60
2009.11.11 12:53:43.789,1.4981,1.4985,2.40,4.40
2009.11.11 12:53:44.079,1.4981,1.4985,1.60,5.20
2009.11.11 12:53:44.439,1.4981,1.4985,1.60,6.00
2009.11.11 12:53:45.478,1.4981,1.4985,1.60,6.10
2009.11.11 12:53:48.838,1.4981,1.4985,1.60,6.70
2009.11.11 12:53:49.058,1.4981,1.49845,1.60,1.60
2009.11.11 12:53:49.218,1.4981,1.49845,1.60,2.40
2009.11.11 12:53:49.577,1.49805,1.49845,1.00,2.40
2009.11.11 12:53:50.147,1.4981,1.49845,1.60,2.80
2009.11.11 12:53:50.507,1.4981,1.49845,1.60,1.00
2009.11.11 12:53:52.357,1.4981,1.49855,1.60,16.80
2009.11.11 12:53:52.987,1.4981,1.49845,1.60,2.40
2009.11.11 12:53:54.446,1.4981,1.49845,1.60,1.00
2009.11.11 12:53:55.406,1.4981,1.49845,1.60,2.80
2009.11.11 12:53:55.976,1.4981,1.49845,1.60,4.40
2009.11.11 12:53:56.256,1.4981,1.49845,1.60,2.40
2009.11.11 12:53:56.536,1.4981,1.49845,1.60,1.00
2009.11.11 12:53:57.696,1.4981,1.49845,1.60,4.40
2009.11.11 12:53:57.995,1.4981,1.49845,1.60,2.40
2009.11.11 12:54:00.055,1.4981,1.49845,1.60,3.20
2009.11.11 12:54:03.804,1.4981,1.4985,1.60,6.10
2009.11.11 12:54:04.794,1.4981,1.49845,1.60,2.40
2009.11.11 12:54:06.214,1.4981,1.49845,1.60,3.20
2009.11.11 12:54:06.933,1.4981,1.49845,1.60,3.20
2009.11.11 12:54:07.213,1.498,1.49835,4.40,1.60
2009.11.11 12:54:07.453,1.498,1.49835,4.40,2.40
2009.11.11 12:54:07.733,1.498,1.49835,2.40,2.40
2009.11.11 12:54:08.293,1.498,1.49835,1.60,2.40
2009.11.11 12:54:10.782,1.498,1.49835,4.40,1.00
2009.11.11 12:54:11.112,1.4981,1.4985,1.60,13.20
2009.11.11 12:54:11.802,1.4981,1.49845,1.60,1.60
2009.11.11 12:54:12.152,1.4981,1.49855,2.40,17.00
2009.11.11 12:54:12.433,1.4981,1.4985,2.40,5.20
2009.11.11 12:54:12.732,1.4981,1.4985,2.40,5.90
2009.11.11 12:54:13.022,1.4981,1.49845,2.40,2.40
2009.11.11 12:54:13.372,1.4981,1.49845,2.40,3.20
2009.11.11 12:54:14.061,1.4981,1.49845,2.40,2.70
2009.11.11 12:54:14.391,1.4981,1.49845,1.60,2.70
2009.11.11 12:54:15.071,1.4981,1.4985,1.60,7.70
2009.11.11 12:54:15.651,1.49805,1.4984,1.00,1.60
2009.11.11 12:54:16.221,1.4981,1.4985,1.60,10.80
2009.11.11 12:54:16.391,1.4981,1.49845,2.40,1.80
2009.11.11 12:54:16.561,1.4981,1.49845,1.00,1.80
2009.11.11 12:54:16.921,1.498,1.4984,2.40,2.40
2009.11.11 12:54:17.091,1.498,1.4984,2.40,5.00
2009.11.11 12:54:17.431,1.498,1.4984,4.00,2.40
2009.11.11 12:54:17.780,1.498,1.4984,2.40,4.40
2009.11.11 12:54:19.340,1.498,1.49835,1.60,1.60
2009.11.11 12:54:19.500,1.498,1.49845,1.60,13.30
2009.11.11 12:54:19.730,1.498,1.4984,3.20,4.40
2009.11.11 12:54:20.540,1.498,1.4984,3.90,4.40
2009.11.11 12:54:20.890,1.498,1.4984,2.40,4.40
2009.11.11 12:54:21.280,1.498,1.4984,2.40,2.40
2009.11.11 12:54:21.920,1.498,1.4984,4.00,1.00
2009.11.11 12:54:23.120,1.498,1.4984,4.00,1.00
2009.11.11 12:54:24.589,1.498,1.4984,4.10,1.00
2009.11.11 12:54:24.699,1.49805,1.4984,1.00,1.00
2009.11.11 12:54:24.819,1.4982,1.4984,1.60,1.00
2009.11.11 12:54:25.049,1.4982,1.49855,1.60,4.90
2009.11.11 12:54:25.519,1.4982,1.49855,1.60,4.90
2009.11.11 12:54:25.909,1.49825,1.4986,1.60,10.80
2009.11.11 12:54:31.997,1.49825,1.4986,1.60,10.80
2009.11.11 12:54:32.167,1.49825,1.49855,1.60,5.50
2009.11.11 12:54:32.447,1.49825,1.4985,1.60,1.00
2009.11.11 12:54:32.797,1.498,1.49845,2.80,3.70
2009.11.11 12:54:33.087,1.49795,1.49835,1.00,3.20
2009.11.11 12:54:33.377,1.49785,1.4983,2.90,3.20
2009.11.11 12:54:33.717,1.49785,1.49825,2.10,1.00
2009.11.11 12:54:34.067,1.49795,1.49835,1.60,8.40
2009.11.11 12:54:35.476,1.49795,1.4983,1.60,3.60
2009.11.11 12:54:35.697,1.4979,1.49825,1.70,2.00
2009.11.11 12:54:36.106,1.4979,1.49825,1.00,2.00
2009.11.11 12:54:36.276,1.4979,1.49825,1.00,6.00
2009.11.11 12:54:40.435,1.4979,1.4983,1.00,11.30
2009.11.11 12:54:43.025,1.49785,1.4982,2.40,1.00
2009.11.11 12:54:43.144,1.4978,1.4982,1.00,6.50
2009.11.11 12:54:44.745,1.4978,1.4982,1.00,7.30
2009.11.11 12:54:44.974,1.4978,1.49815,1.00,2.90
2009.11.11 12:54:45.144,1.4978,1.49815,1.00,4.90
2009.11.11 12:54:45.724,1.49775,1.49815,1.00,4.90
2009.11.11 12:54:46.424,1.49775,1.49815,1.70,3.30
2009.11.11 12:54:46.714,1.4978,1.49825,1.60,8.10
2009.11.11 12:54:46.993,1.49785,1.4982,1.00,1.60
2009.11.11 12:54:47.274,1.4978,1.4982,2.10,2.00
2009.11.11 12:54:47.554,1.49785,1.4983,1.00,8.40
2009.11.11 12:54:47.733,1.49785,1.4983,1.00,4.40
2009.11.11 12:54:52.163,1.49775,1.4981,1.00,1.00
2009.11.11 12:54:52.333,1.49785,1.4981,1.00,1.00
2009.11.11 12:54:52.562,1.49795,1.4981,4.00,1.00
2009.11.11 12:54:52.733,1.4979,1.49825,3.20,5.60
2009.11.11 12:54:52.913,1.4979,1.4984,3.20,8.50
2009.11.11 12:54:53.083,1.4979,1.4983,2.40,1.60
2009.11.11 12:54:53.432,1.4979,1.4984,1.60,11.20
2009.11.11 12:54:53.782,1.4979,1.4983,1.60,1.00
2009.11.11 12:54:54.172,1.4979,1.49825,1.60,1.00
2009.11.11 12:54:55.722,1.4979,1.49825,1.60,4.00
2009.11.11 12:54:56.351,1.49785,1.4982,1.00,2.80
2009.11.11 12:54:56.631,1.49785,1.4982,1.00,1.00
2009.11.11 12:54:57.141,1.4979,1.4983,2.10,10.80
2009.11.11 12:54:57.312,1.4979,1.4982,2.10,1.00
2009.11.11 12:54:57.671,1.4979,1.49835,2.90,8.60
2009.11.11 12:54:58.001,1.49795,1.4983,1.00,2.80
2009.11.11 12:54:59.981,1.4979,1.4983,3.10,2.90
2009.11.11 12:55:00.100,1.4979,1.49825,1.00,2.00
2009.11.11 12:55:00.321,1.4979,1.49825,2.50,1.00
2009.11.11 12:55:00.380,1.4979,1.49835,3.10,10.60
2009.11.11 12:55:00.790,1.4979,1.49825,3.10,1.00
2009.11.11 12:55:01.360,1.498,1.49825,1.60,1.00
2009.11.11 12:55:01.980,1.498,1.4984,1.70,3.20
2009.11.11 12:55:02.740,1.498,1.49835,1.70,1.00
2009.11.11 12:55:13.188,1.498,1.49835,1.60,1.00
2009.11.11 12:55:15.977,1.498,1.49835,1.70,1.00
2009.11.11 12:55:20.735,1.498,1.49835,1.60,1.00
2009.11.11 12:55:21.615,1.498,1.49835,1.60,2.40
2009.11.11 12:55:21.896,1.498,1.4983,1.70,1.00
2009.11.11 12:55:26.984,1.49795,1.4983,1.00,3.20
2009.11.11 12:55:27.264,1.4979,1.49825,1.60,2.40
2009.11.11 12:55:28.424,1.4979,1.49825,1.70,3.20
2009.11.11 12:55:28.763,1.4979,1.4982,1.70,1.00
2009.11.11 12:55:29.673,1.49795,1.4982,1.00,1.00
2009.11.11 12:55:30.593,1.4979,1.4982,1.60,1.00
2009.11.11 12:55:30.893,1.49785,1.4982,2.50,1.00
2009.11.11 12:55:32.183,1.49785,1.4983,1.70,14.10
2009.11.11 12:55:32.473,1.49785,1.4982,1.70,1.00
2009.11.11 12:55:32.703,1.4979,1.4982,1.70,1.00
2009.11.11 12:55:34.062,1.4979,1.4982,1.60,1.00
2009.11.11 12:55:37.462,1.4979,1.4982,1.70,1.00
2009.11.11 12:55:50.408,1.4979,1.4982,1.00,1.00
2009.11.11 12:55:50.638,1.4979,1.4982,1.70,1.00
2009.11.11 12:55:50.878,1.4979,1.4983,1.70,4.00
2009.11.11 12:55:50.998,1.4979,1.49825,1.70,1.00
2009.11.11 12:55:52.578,1.4979,1.49825,1.60,1.00
2009.11.11 12:55:54.197,1.4979,1.49825,1.60,2.40
2009.11.11 12:55:55.287,1.4979,1.49825,1.60,1.00
2009.11.11 12:55:58.686,1.4979,1.49835,2.40,3.40
2009.11.11 12:56:02.785,1.4979,1.4983,2.40,1.00
2009.11.11 12:56:02.896,1.4979,1.49825,2.40,1.60
2009.11.11 12:56:03.406,1.4979,1.49825,2.80,1.60
2009.11.11 12:56:03.525,1.49795,1.49835,1.60,4.10
2009.11.11 12:56:04.275,1.498,1.4983,1.60,1.00
2009.11.11 12:56:06.185,1.498,1.4984,1.60,6.90
2009.11.11 12:56:06.425,1.49795,1.4983,1.70,2.40
2009.11.11 12:56:07.284,1.49795,1.4983,1.60,2.40
2009.11.11 12:56:07.624,1.49795,1.4983,6.40,1.00
2009.11.11 12:56:08.124,1.49795,1.4983,4.40,1.00
2009.11.11 12:56:08.584,1.498,1.4984,1.00,3.40
2009.11.11 12:56:13.733,1.498,1.49835,1.70,1.60
2009.11.11 12:56:13.913,1.49805,1.49835,1.00,1.60
2009.11.11 12:56:14.033,1.49805,1.49835,1.00,1.00
2009.11.11 12:56:15.892,1.498,1.49835,2.80,1.00
2009.11.11 12:56:20.241,1.498,1.49835,1.20,2.50
2009.11.11 12:56:20.411,1.498,1.49835,1.00,2.50
2009.11.11 12:56:21.141,1.498,1.4984,1.00,3.20
2009.11.11 12:56:21.711,1.498,1.49835,1.00,3.10
2009.11.11 12:56:23.040,1.498,1.49835,1.00,3.20
2009.11.11 12:56:23.370,1.498,1.49835,1.00,2.40
2009.11.11 12:56:23.550,1.498,1.49835,1.00,2.50
2009.11.11 12:56:25.110,1.498,1.4984,1.00,3.20
2009.11.11 12:56:25.230,1.49805,1.4984,1.60,3.20
2009.11.11 12:56:25.700,1.49805,1.4984,1.60,3.10
2009.11.11 12:56:25.820,1.49805,1.4984,3.60,3.10
2009.11.11 12:56:25.930,1.4981,1.4985,1.60,3.30
2009.11.11 12:56:26.040,1.49805,1.49845,6.50,1.00
2009.11.11 12:56:26.100,1.4981,1.49845,2.10,1.00
2009.11.11 12:56:26.450,1.4981,1.49855,2.40,4.10
2009.11.11 12:56:28.200,1.4981,1.4985,2.40,2.40
2009.11.11 12:56:28.369,1.4981,1.49845,2.50,1.00
2009.11.11 12:56:31.069,1.4981,1.49845,2.50,1.00
2009.11.11 12:56:31.179,1.4981,1.49845,1.70,1.60
2009.11.11 12:56:31.298,1.4981,1.49845,2.30,3.10
2009.11.11 12:56:32.378,1.49815,1.49845,1.00,3.10
2009.11.11 12:56:32.728,1.4981,1.49845,1.00,2.40
2009.11.11 12:56:33.078,1.49815,1.4986,1.00,6.40
2009.11.11 12:56:34.438,1.49815,1.49855,1.00,3.10
2009.11.11 12:56:36.407,1.49815,1.49855,1.00,3.90
2009.11.11 12:56:36.647,1.4981,1.49845,2.40,1.00
2009.11.11 12:56:36.947,1.49805,1.4984,1.00,3.20
2009.11.11 12:56:37.307,1.498,1.49835,1.70,2.40
2009.11.11 12:56:37.657,1.498,1.49835,1.00,2.40
2009.11.11 12:56:39.836,1.49795,1.49835,1.60,3.20
2009.11.11 12:56:42.036,1.498,1.4984,1.60,5.60
2009.11.11 12:56:42.436,1.4979,1.49825,1.00,1.00
2009.11.11 12:56:42.606,1.4979,1.49825,1.60,1.00
2009.11.11 12:56:43.016,1.49795,1.4984,1.00,14.90
2009.11.11 12:56:43.656,1.49795,1.49835,1.00,5.20
2009.11.11 12:56:45.285,1.49795,1.49835,1.60,5.20
2009.11.11 12:56:45.615,1.498,1.49835,1.00,4.40
2009.11.11 12:56:48.194,1.498,1.49835,1.00,5.20
2009.11.11 12:56:51.144,1.498,1.49825,1.00,4.00
2009.11.11 12:56:51.664,1.498,1.49825,1.00,7.60
2009.11.11 12:56:52.014,1.49775,1.4982,1.00,3.20
2009.11.11 12:56:52.473,1.49775,1.4981,1.00,1.60
2009.11.11 12:56:52.693,1.49775,1.4981,1.00,2.10
2009.11.11 12:56:53.263,1.4978,1.498,1.00,3.20
2009.11.11 12:56:53.423,1.4978,1.49795,1.00,2.10
2009.11.11 12:56:53.823,1.49775,1.49795,1.00,2.10
2009.11.11 12:56:54.123,1.4977,1.49795,1.00,2.10
2009.11.11 12:56:54.823,1.4977,1.49795,1.00,3.70
2009.11.11 12:56:55.563,1.49765,1.49795,1.00,4.50
2009.11.11 12:56:55.973,1.4976,1.49795,1.00,4.70
2009.11.11 12:56:56.082,1.4976,1.49795,1.00,3.10
2009.11.11 12:56:58.172,1.49765,1.49795,1.00,2.90
2009.11.11 12:56:58.862,1.49765,1.49785,1.00,1.00
2009.11.11 12:56:59.152,1.49765,1.498,1.00,15.80
2009.11.11 12:56:59.732,1.4976,1.49795,1.00,7.50
2009.11.11 12:57:00.301,1.49755,1.49795,2.50,7.50
2009.11.11 12:57:00.412,1.49755,1.4979,1.00,4.90
2009.11.11 12:57:01.052,1.49755,1.49785,1.00,4.10
2009.11.11 12:57:01.222,1.49755,1.4978,1.00,2.90
2009.11.11 12:57:01.341,1.4975,1.49775,1.00,3.20
2009.11.11 12:57:01.442,1.4975,1.49775,1.00,3.60
2009.11.11 12:57:01.681,1.4975,1.49775,1.00,5.60
2009.11.11 12:57:02.571,1.4974,1.49775,1.00,6.50
2009.11.11 12:57:02.921,1.4974,1.49775,1.00,6.40
2009.11.11 12:57:03.971,1.4974,1.49775,1.00,6.50
2009.11.11 12:57:04.311,1.49735,1.49775,2.40,6.50
2009.11.11 12:57:04.591,1.4974,1.4976,1.00,1.00
2009.11.11 12:57:04.820,1.49725,1.4977,2.50,9.60
2009.11.11 12:57:05.051,1.49725,1.49765,1.70,1.60
2009.11.11 12:57:05.590,1.4973,1.49765,1.00,1.60
2009.11.11 12:57:07.950,1.4973,1.49765,1.00,1.00
2009.11.11 12:57:08.640,1.4974,1.49765,1.00,1.00
2009.11.11 12:57:08.819,1.4974,1.49775,1.70,1.60
2009.11.11 12:57:10.209,1.49745,1.4977,1.00,1.00
2009.11.11 12:57:11.049,1.4975,1.4977,1.00,1.00
2009.11.11 12:57:12.149,1.49755,1.4977,1.00,1.00
2009.11.11 12:57:12.559,1.4975,1.4977,1.00,1.00
2009.11.11 12:57:14.188,1.49745,1.4977,1.00,1.00
2009.11.11 12:57:15.988,1.49735,1.4977,2.90,1.00
2009.11.11 12:57:16.108,1.49735,1.4977,1.00,1.00
2009.11.11 12:57:16.458,1.4974,1.49765,1.00,1.00
2009.11.11 12:57:16.797,1.49735,1.49775,1.70,4.50
2009.11.11 12:57:17.158,1.49735,1.4977,1.00,1.00
2009.11.11 12:57:17.397,1.49735,1.4977,1.00,1.60
2009.11.11 12:57:17.627,1.49735,1.4977,1.00,1.60
2009.11.11 12:57:18.327,1.49735,1.4977,1.00,2.40
2009.11.11 12:57:18.497,1.49735,1.49765,1.00,1.00
2009.11.11 12:57:19.247,1.49735,1.49765,1.00,2.80
2009.11.11 12:57:19.427,1.49735,1.49765,1.00,1.00
2009.11.11 12:57:20.067,1.4974,1.49765,1.00,1.00
2009.11.11 12:57:23.026,1.4974,1.4978,1.00,3.70
2009.11.11 12:57:23.786,1.4974,1.49775,1.00,1.00
2009.11.11 12:57:24.066,1.4974,1.49775,1.00,2.40
2009.11.11 12:57:24.226,1.4974,1.49775,1.00,2.40
2009.11.11 12:57:24.396,1.49735,1.49775,1.00,2.40
2009.11.11 12:57:25.505,1.49735,1.49775,1.00,3.20
2009.11.11 12:57:25.675,1.49735,1.4977,1.00,1.00
2009.11.11 12:57:25.905,1.4974,1.4977,1.00,1.00
2009.11.11 12:57:26.255,1.49745,1.4978,1.00,4.00
2009.11.11 12:57:31.104,1.4975,1.4978,1.00,5.90
2009.11.11 12:57:31.214,1.49755,1.49775,1.00,2.40
2009.11.11 12:57:31.334,1.49755,1.4979,1.00,5.60
2009.11.11 12:57:31.734,1.49755,1.4979,1.00,2.30
2009.11.11 12:57:31.954,1.4976,1.4979,1.00,1.60
2009.11.11 12:57:32.174,1.4976,1.49805,3.30,6.10
2009.11.11 12:57:32.404,1.4977,1.49805,1.00,4.40
2009.11.11 12:57:32.694,1.49775,1.4981,1.00,2.40
2009.11.11 12:57:32.974,1.4977,1.49805,2.50,1.60
2009.11.11 12:57:33.484,1.49775,1.49815,1.00,5.70
2009.11.11 12:57:34.063,1.49775,1.4981,1.00,3.20
2009.11.11 12:57:34.355,1.49775,1.498,1.00,2.10
2009.11.11 12:57:34.923,1.49775,1.498,1.00,2.10
2009.11.11 12:57:35.213,1.4973,1.49775,1.00,1.60
2009.11.11 12:57:35.553,1.4973,1.4977,1.00,1.60
2009.11.11 12:57:35.843,1.49735,1.4978,1.00,9.70
2009.11.11 12:57:35.953,1.49735,1.49775,1.00,1.60
2009.11.11 12:57:36.563,1.49745,1.49775,1.00,2.40
2009.11.11 12:57:36.673,1.49745,1.49775,1.00,3.20
2009.11.11 12:57:38.233,1.49745,1.4977,1.00,4.90
2009.11.11 12:57:38.462,1.49745,1.49765,1.00,1.00
2009.11.11 12:57:39.342,1.49745,1.4978,1.00,3.80
2009.11.11 12:57:39.632,1.49745,1.4978,1.00,3.00
2009.11.11 12:57:39.912,1.49745,1.49785,1.00,6.20
2009.11.11 12:57:43.031,1.49745,1.4978,1.00,5.00
2009.11.11 12:57:54.688,1.4974,1.49775,1.00,3.90
2009.11.11 12:57:55.559,1.4974,1.49775,1.00,10.00
2009.11.11 12:57:56.008,1.4974,1.4977,1.00,5.40
2009.11.11 12:57:56.128,1.4973,1.49765,1.00,3.10
2009.11.11 12:57:57.008,1.4973,1.49765,1.00,5.10
2009.11.11 12:57:59.487,1.4973,1.49765,6.90,1.00
2009.11.11 12:57:59.827,1.49745,1.4978,1.00,6.80
2009.11.11 12:58:04.316,1.49745,1.4978,1.00,6.00
2009.11.11 12:58:04.656,1.49745,1.49785,1.00,8.80
2009.11.11 12:58:04.776,1.49745,1.4978,1.00,2.00
2009.11.11 12:58:08.405,1.49745,1.4978,1.00,3.60
2009.11.11 12:58:08.635,1.49745,1.49765,1.00,2.30
2009.11.11 12:58:08.805,1.4974,1.4976,1.00,1.00
2009.11.11 12:58:09.965,1.4974,1.4977,1.00,4.80
2009.11.11 12:58:10.435,1.4974,1.49765,1.00,1.70
2009.11.11 12:58:10.725,1.4974,1.49765,1.00,1.60
2009.11.11 12:58:12.504,1.49745,1.4978,1.10,7.30
2009.11.11 12:58:12.844,1.4975,1.4978,1.00,1.00
2009.11.11 12:58:14.114,1.4975,1.49765,1.00,1.00
2009.11.11 12:58:14.764,1.4975,1.49765,1.00,1.00
2009.11.11 12:58:15.183,1.4975,1.49795,1.00,6.80
2009.11.11 12:58:18.792,1.4975,1.49785,1.00,2.00
2009.11.11 12:58:20.382,1.4975,1.49785,1.00,2.80
2009.11.11 12:58:20.662,1.4975,1.49785,1.00,4.80
2009.11.11 12:58:22.732,1.49745,1.4978,1.00,6.00
2009.11.11 12:58:23.592,1.49745,1.49785,1.00,6.80
2009.11.11 12:58:24.691,1.49745,1.4978,1.00,2.00
2009.11.11 12:58:24.952,1.49745,1.4978,2.50,2.00
2009.11.11 12:58:25.181,1.49745,1.4978,2.50,4.00
2009.11.11 12:58:25.481,1.49745,1.4978,2.50,2.00
2009.11.11 12:58:26.001,1.49745,1.4977,1.00,1.60
2009.11.11 12:58:26.171,1.4974,1.4977,1.00,1.60
2009.11.11 12:58:27.091,1.4974,1.4978,1.00,5.20
2009.11.11 12:58:27.421,1.4974,1.49775,1.00,3.70
2009.11.11 12:58:27.761,1.4974,1.49775,1.00,7.70
2009.11.11 12:58:28.350,1.49745,1.4977,1.00,2.00
2009.11.11 12:58:30.860,1.4974,1.4977,1.60,2.00
2009.11.11 12:58:31.040,1.4975,1.4978,1.00,6.00
2009.11.11 12:58:31.260,1.4975,1.4978,1.00,2.00
2009.11.11 12:58:31.770,1.4975,1.4979,1.00,9.30
2009.11.11 12:58:32.350,1.4975,1.4978,1.00,1.60
2009.11.11 12:58:32.640,1.4974,1.49775,1.50,4.40
2009.11.11 12:58:32.929,1.4973,1.49765,2.50,1.00
2009.11.11 12:58:33.219,1.49735,1.49765,1.60,2.00
2009.11.11 12:58:33.549,1.49735,1.49775,1.60,5.20
2009.11.11 12:58:34.229,1.49735,1.4977,1.70,1.00
2009.11.11 12:58:34.589,1.49735,1.4977,1.00,1.60
2009.11.11 12:58:34.939,1.4974,1.4977,1.00,1.00
2009.11.11 12:58:35.289,1.4974,1.49765,1.70,1.00
2009.11.11 12:58:35.639,1.4974,1.49765,1.80,1.00
2009.11.11 12:58:36.208,1.49745,1.49765,1.70,1.00
2009.11.11 12:58:37.338,1.4974,1.49785,3.30,3.90
2009.11.11 12:58:37.688,1.4974,1.49775,3.30,1.00
2009.11.11 12:58:38.728,1.4974,1.49775,2.50,1.00
2009.11.11 12:58:39.907,1.4974,1.49785,3.30,4.00
2009.11.11 12:58:40.127,1.4974,1.49775,2.50,1.00
2009.11.11 12:58:41.507,1.4974,1.49775,6.50,1.00
2009.11.11 12:58:41.687,1.49745,1.49785,4.00,4.30
2009.11.11 12:58:41.807,1.49745,1.4978,6.50,1.00
2009.11.11 12:58:42.267,1.4975,1.49795,2.50,7.20
2009.11.11 12:58:42.617,1.49765,1.49795,1.60,1.60
2009.11.11 12:58:43.017,1.4976,1.49805,1.00,10.50
2009.11.11 12:58:43.616,1.4976,1.498,1.00,4.40
2009.11.11 12:58:48.775,1.4976,1.498,2.40,1.00
2009.11.11 12:58:49.055,1.4976,1.498,2.50,1.00
2009.11.11 12:58:49.645,1.49755,1.49795,3.20,1.00
2009.11.11 12:58:52.574,1.49755,1.4979,2.40,1.00
2009.11.11 12:58:53.304,1.49755,1.498,2.40,5.20
2009.11.11 12:58:53.484,1.49755,1.4979,2.40,1.00
2009.11.11 12:59:01.492,1.49755,1.4979,3.20,1.00
2009.11.11 12:59:03.572,1.49755,1.4979,2.40,1.00
2009.11.11 12:59:04.202,1.49755,1.4979,3.20,1.00
2009.11.11 12:59:05.731,1.49755,1.4979,2.40,1.00
2009.11.11 12:59:10.150,1.49755,1.49795,2.40,1.00
2009.11.11 12:59:10.800,1.49755,1.49805,2.40,14.00
2009.11.11 12:59:11.630,1.4977,1.49795,1.00,2.00
2009.11.11 12:59:12.859,1.49755,1.49795,2.40,2.80
2009.11.11 12:59:13.149,1.49755,1.4979,2.40,1.00
2009.11.11 12:59:14.949,1.4975,1.49785,2.40,1.00
2009.11.11 12:59:16.609,1.4975,1.49785,2.40,1.60
2009.11.11 12:59:16.949,1.4975,1.4978,1.60,1.00
2009.11.11 12:59:19.048,1.49745,1.4978,2.40,1.00
2009.11.11 12:59:20.488,1.49745,1.4978,3.70,1.00
2009.11.11 12:59:20.788,1.4975,1.4979,1.60,5.20
2009.11.11 12:59:21.128,1.4975,1.49785,1.60,2.80
2009.11.11 12:59:21.868,1.4975,1.49785,1.60,1.00
2009.11.11 12:59:22.217,1.4975,1.49785,1.60,2.80
2009.11.11 12:59:22.557,1.4975,1.49785,1.60,1.00
2009.11.11 12:59:22.847,1.4975,1.49785,3.20,1.00
2009.11.11 12:59:23.727,1.4975,1.498,3.20,11.30
2009.11.11 12:59:24.027,1.49755,1.49795,1.00,4.40
2009.11.11 12:59:24.547,1.49755,1.49795,1.00,5.20
2009.11.11 12:59:25.127,1.4976,1.4979,1.00,1.00
2009.11.11 12:59:29.106,1.49755,1.4979,1.00,1.00
2009.11.11 12:59:30.035,1.4975,1.4979,3.20,1.00
2009.11.11 12:59:31.065,1.49765,1.4979,1.00,1.00
2009.11.11 12:59:31.235,1.49765,1.4979,2.40,1.00
2009.11.11 12:59:31.355,1.49765,1.4981,1.00,10.10
2009.11.11 12:59:31.415,1.49765,1.49805,1.00,10.10
2009.11.11 12:59:31.585,1.49765,1.49805,1.00,12.30
2009.11.11 12:59:31.705,1.49765,1.498,1.00,2.10
2009.11.11 12:59:31.755,1.49765,1.498,1.00,4.90
2009.11.11 12:59:31.875,1.49765,1.498,1.00,4.90
2009.11.11 12:59:31.935,1.49755,1.49795,1.00,2.40
2009.11.11 12:59:32.055,1.49755,1.49795,1.00,4.40
2009.11.11 12:59:33.195,1.49755,1.4979,1.60,3.60
2009.11.11 12:59:34.064,1.4975,1.4979,1.00,4.40
2009.11.11 12:59:34.804,1.4975,1.4979,1.60,4.40
2009.11.11 12:59:34.984,1.49765,1.4979,1.00,2.80
2009.11.11 12:59:35.094,1.4976,1.4979,2.00,1.00
2009.11.11 12:59:35.274,1.49765,1.4979,1.00,1.00
2009.11.11 12:59:35.974,1.4976,1.49805,1.00,4.10
2009.11.11 12:59:36.144,1.4976,1.498,2.40,2.00
2009.11.11 12:59:37.944,1.4976,1.498,2.40,2.80
2009.11.11 12:59:39.963,1.49765,1.498,1.00,2.80
2009.11.11 12:59:40.143,1.49765,1.498,3.20,1.00
2009.11.11 12:59:42.762,1.4977,1.498,4.80,1.00
2009.11.11 12:59:43.043,1.49785,1.4983,1.00,14.70
2009.11.11 12:59:43.282,1.49785,1.49825,1.60,2.80
2009.11.11 12:59:43.512,1.49785,1.49835,1.60,15.20
2009.11.11 12:59:44.552,1.49785,1.49825,1.60,9.90
2009.11.11 12:59:46.232,1.49785,1.49825,1.60,9.70
2009.11.11 12:59:48.561,1.49785,1.49825,1.00,9.70
2009.11.11 12:59:48.781,1.49785,1.4982,1.00,1.60
2009.11.11 12:59:49.021,1.49785,1.4982,1.00,3.60
2009.11.11 12:59:49.251,1.4978,1.4982,1.60,4.40
2009.11.11 12:59:49.831,1.4978,1.4982,1.00,4.40
2009.11.11 12:59:50.051,1.4978,1.49815,1.00,1.60
2009.11.11 12:59:50.801,1.4978,1.49815,1.00,2.40
2009.11.11 12:59:53.060,1.49775,1.49815,1.60,2.40
2009.11.11 12:59:53.400,1.4978,1.49815,1.00,2.40
2009.11.11 12:59:57.619,1.4978,1.49815,4.80,2.40
2009.11.11 12:59:57.789,1.49785,1.49815,1.00,1.00
2009.11.11 12:59:57.909,1.49785,1.49825,1.60,8.90
2009.11.11 12:59:58.379,1.49785,1.49825,1.60,8.90
2009.11.11 12:59:59.868,1.49785,1.49825,1.60,8.10
