2008.07.01 02:00:01.181,2.1147,2.11515,3.30,1.00
2008.07.01 02:00:02.170,2.1148,2.11515,1.00,1.00
2008.07.01 02:00:02.311,2.1148,2.1152,1.00,2.40
2008.07.01 02:00:02.451,2.1149,2.11525,2.40,1.00
2008.07.01 02:00:03.108,2.1149,2.11525,3.30,1.00
2008.07.01 02:00:05.796,2.1149,2.11525,1.00,1.00
2008.07.01 02:00:06.065,2.1148,2.11525,2.40,1.00
2008.07.01 02:00:08.211,2.1148,2.1152,2.40,1.00
2008.07.01 02:00:08.638,2.1148,2.1151,2.40,1.00
2008.07.01 02:00:11.608,2.1148,2.11515,2.40,1.00
2008.07.01 02:00:13.907,2.1148,2.1152,2.40,1.00
2008.07.01 02:00:14.171,2.1149,2.1152,1.00,1.00
2008.07.01 02:00:14.373,2.1149,2.11525,1.00,1.00
2008.07.01 02:00:14.522,2.1149,2.11525,3.30,1.00
2008.07.01 02:00:15.228,2.1149,2.1152,3.30,1.00
2008.07.01 02:00:18.637,2.1149,2.11525,3.30,1.00
2008.07.01 02:00:23.375,2.1149,2.11525,1.00,1.00
2008.07.01 02:00:23.490,2.1148,2.11525,2.40,1.00
2008.07.01 02:00:23.710,2.1148,2.1152,2.40,1.00
2008.07.01 02:00:24.233,2.1148,2.11515,2.40,1.00
2008.07.01 02:00:26.793,2.1149,2.11515,1.00,1.00
2008.07.01 02:00:26.893,2.1149,2.1152,1.00,1.00
2008.07.01 02:00:27.252,2.1149,2.1152,3.30,1.00
2008.07.01 02:00:28.529,2.1147,2.1152,5.60,3.30
2008.07.01 02:00:28.643,2.1147,2.11515,4.60,1.00
2008.07.01 02:00:28.890,2.1148,2.11515,1.00,1.00
2008.07.01 02:00:29.410,2.1148,2.11515,1.00,1.90
2008.07.01 02:00:30.063,2.1148,2.11515,1.00,1.00
2008.07.01 02:00:30.267,2.1148,2.1152,1.00,3.30
2008.07.01 02:00:30.422,2.1148,2.11515,1.00,1.00
2008.07.01 02:00:31.953,2.1148,2.1152,1.00,3.30
2008.07.01 02:00:32.083,2.1148,2.11515,1.00,1.00
2008.07.01 02:00:32.285,2.1147,2.11515,3.30,1.00
2008.07.01 02:00:32.588,2.1147,2.11515,3.30,1.90
2008.07.01 02:00:38.473,2.1147,2.11515,3.30,3.30
2008.07.01 02:00:39.002,2.1147,2.11515,3.30,1.90
2008.07.01 02:00:44.563,2.1147,2.1151,3.30,1.00
2008.07.01 02:00:48.663,2.1147,2.1151,1.00,3.30
2008.07.01 02:00:48.734,2.1147,2.11505,1.00,1.00
2008.07.01 02:00:48.843,2.1146,2.11505,2.40,1.00
2008.07.01 02:00:50.072,2.1146,2.115,2.40,1.00
2008.07.01 02:00:51.047,2.1146,2.11505,2.40,1.00
2008.07.01 02:00:51.103,2.1147,2.11505,3.30,1.00
2008.07.01 02:00:52.121,2.1147,2.115,1.00,2.40
2008.07.01 02:00:52.392,2.1145,2.115,4.60,4.30
2008.07.01 02:00:52.515,2.1145,2.115,3.30,4.30
2008.07.01 02:00:52.778,2.1145,2.11495,3.30,1.00
2008.07.01 02:00:53.023,2.1146,2.11495,2.40,1.00
2008.07.01 02:00:55.196,2.1146,2.115,2.40,1.00
2008.07.01 02:00:56.683,2.1146,2.115,2.40,1.90
2008.07.01 02:00:56.861,2.1146,2.115,2.40,1.00
2008.07.01 02:01:02.636,2.1146,2.11495,2.40,1.00
2008.07.01 02:01:03.163,2.1145,2.11495,3.30,1.00
2008.07.01 02:01:30.360,2.1145,2.11495,2.40,1.00
2008.07.01 02:01:30.471,2.1145,2.1149,2.40,1.00
2008.07.01 02:01:30.564,2.1145,2.11485,2.40,1.00
2008.07.01 02:01:30.863,2.1145,2.11485,3.30,1.00
2008.07.01 02:01:31.675,2.1145,2.1149,3.30,1.00
2008.07.01 02:01:34.085,2.1145,2.1149,1.00,3.30
2008.07.01 02:01:34.175,2.1144,2.1149,2.40,3.30
2008.07.01 02:01:34.493,2.1144,2.1148,2.40,1.40
2008.07.01 02:01:34.711,2.1144,2.11485,2.40,2.40
2008.07.01 02:01:35.187,2.1144,2.11485,2.40,3.30
2008.07.01 02:01:42.338,2.1143,2.1148,3.30,2.40
2008.07.01 02:01:42.883,2.1143,2.11475,3.30,1.00
2008.07.01 02:01:43.269,2.1143,2.11475,3.30,2.40
2008.07.01 02:01:43.423,2.1143,2.11475,2.40,2.40
2008.07.01 02:01:43.584,2.1143,2.1147,2.40,1.00
2008.07.01 02:01:44.800,2.1143,2.11475,2.40,4.80
2008.07.01 02:01:44.869,2.1143,2.1147,2.40,1.00
2008.07.01 02:01:44.992,2.1143,2.1146,2.40,1.40
2008.07.01 02:01:45.212,2.1142,2.1146,2.40,1.40
2008.07.01 02:01:46.844,2.1143,2.1146,2.40,1.40
2008.07.01 02:01:46.940,2.1143,2.1148,2.40,3.30
2008.07.01 02:01:47.331,2.1143,2.1148,3.30,3.30
2008.07.01 02:01:47.434,2.1144,2.1148,2.40,1.00
2008.07.01 02:01:48.356,2.1143,2.1148,3.30,3.30
2008.07.01 02:01:48.650,2.1143,2.11475,3.30,1.00
2008.07.01 02:01:48.839,2.1143,2.11475,2.40,2.40
2008.07.01 02:01:49.383,2.1143,2.11475,2.40,4.80
2008.07.01 02:01:49.755,2.1143,2.1147,2.40,1.00
2008.07.01 02:01:49.943,2.1142,2.1146,2.40,1.40
2008.07.01 02:02:01.852,2.1143,2.1146,1.00,1.40
2008.07.01 02:02:01.934,2.1144,2.1146,2.40,1.40
2008.07.01 02:02:02.160,2.1144,2.11475,2.40,1.00
2008.07.01 02:02:04.287,2.1144,2.1148,2.40,1.00
2008.07.01 02:02:08.636,2.1143,2.1148,2.40,3.30
2008.07.01 02:02:08.732,2.1143,2.1147,2.40,1.40
2008.07.01 02:02:08.817,2.1143,2.11475,2.40,4.80
2008.07.01 02:02:09.083,2.1143,2.1146,2.40,1.40
2008.07.01 02:02:09.378,2.1142,2.1146,2.40,1.40
2008.07.01 02:02:13.729,2.1142,2.11465,2.40,2.40
2008.07.01 02:02:22.513,2.1142,2.11465,2.40,1.00
2008.07.01 02:02:27.352,2.1142,2.1146,2.40,1.00
2008.07.01 02:02:27.410,2.1141,2.1146,2.40,3.30
2008.07.01 02:02:28.249,2.1141,2.1146,2.40,4.30
2008.07.01 02:02:29.364,2.1141,2.1145,2.40,1.00
2008.07.01 02:02:29.593,2.114,2.1145,2.40,3.30
2008.07.01 02:02:30.460,2.1139,2.1144,2.40,2.40
2008.07.01 02:02:30.578,2.1139,2.1144,2.40,3.30
2008.07.01 02:02:33.391,2.1139,2.1144,2.40,2.40
2008.07.01 02:02:33.557,2.1139,2.1144,3.30,2.40
2008.07.01 02:02:33.764,2.114,2.11445,2.40,1.00
2008.07.01 02:02:33.852,2.114,2.1145,2.40,4.30
2008.07.01 02:02:36.821,2.114,2.1145,2.40,3.30
2008.07.01 02:02:37.598,2.1139,2.1144,3.30,2.40
2008.07.01 02:02:37.768,2.1139,2.1144,4.30,3.30
2008.07.01 02:02:38.018,2.1139,2.1144,3.30,3.30
2008.07.01 02:02:38.284,2.1139,2.1144,2.40,3.30
2008.07.01 02:02:39.193,2.1139,2.1144,3.30,3.30
2008.07.01 02:02:39.300,2.1139,2.1144,4.30,3.30
2008.07.01 02:02:39.647,2.114,2.1145,2.40,3.30
2008.07.01 02:02:45.281,2.1139,2.1144,4.30,2.40
2008.07.01 02:02:45.510,2.1139,2.1144,3.30,2.40
2008.07.01 02:02:45.652,2.1139,2.1144,2.40,2.40
2008.07.01 02:02:45.788,2.1139,2.1144,2.40,3.30
2008.07.01 02:02:49.188,2.1139,2.1143,2.40,1.00
2008.07.01 02:02:49.696,2.1138,2.1143,2.40,3.30
2008.07.01 02:02:51.161,2.1137,2.1142,4.30,2.40
2008.07.01 02:02:51.235,2.1137,2.1142,3.30,2.40
2008.07.01 02:02:51.374,2.1137,2.1142,2.40,2.40
2008.07.01 02:02:51.448,2.1137,2.1142,2.40,3.30
2008.07.01 02:02:54.473,2.1137,2.1142,3.30,3.30
2008.07.01 02:02:54.557,2.1137,2.1142,4.30,3.30
2008.07.01 02:02:54.890,2.1137,2.1142,4.30,2.40
2008.07.01 02:02:55.022,2.1138,2.1143,2.40,4.30
2008.07.01 02:02:55.812,2.1137,2.1142,2.40,2.40
2008.07.01 02:02:56.127,2.1137,2.1142,2.40,3.30
2008.07.01 02:02:56.472,2.1137,2.1141,2.40,1.40
2008.07.01 02:02:56.546,2.1137,2.1141,2.40,1.00
2008.07.01 02:02:57.404,2.1136,2.1141,2.40,3.30
2008.07.01 02:02:58.750,2.1135,2.1139,3.80,2.40
2008.07.01 02:02:58.833,2.1134,2.1139,5.20,2.40
2008.07.01 02:02:59.149,2.1134,2.1139,4.30,3.30
2008.07.01 02:02:59.498,2.1134,2.1139,2.40,3.30
2008.07.01 02:02:59.730,2.1134,2.1139,4.30,3.30
2008.07.01 02:02:59.910,2.1134,2.1139,2.40,3.30
2008.07.01 02:03:00.212,2.1134,2.1139,4.30,3.30
2008.07.01 02:03:00.351,2.1134,2.1139,2.40,3.30
2008.07.01 02:03:00.551,2.1134,2.1139,4.30,3.30
2008.07.01 02:03:04.816,2.1134,2.1139,2.40,3.30
2008.07.01 02:03:05.577,2.1134,2.1139,4.30,3.30
2008.07.01 02:03:05.867,2.1135,2.1139,2.40,1.00
2008.07.01 02:03:05.952,2.1135,2.1139,2.40,1.40
2008.07.01 02:03:06.041,2.1135,2.114,2.40,3.30
2008.07.01 02:03:19.744,2.1135,2.114,3.30,3.30
2008.07.01 02:03:20.086,2.1135,2.114,3.30,2.40
2008.07.01 02:03:20.144,2.1135,2.114,4.30,2.40
2008.07.01 02:03:20.383,2.1136,2.1141,2.40,3.30
2008.07.01 02:03:21.861,2.1136,2.1141,3.30,3.30
2008.07.01 02:03:22.477,2.1136,2.1141,2.40,3.30
2008.07.01 02:03:23.178,2.1136,2.1141,2.40,4.30
2008.07.01 02:03:24.076,2.1136,2.1141,2.40,3.30
2008.07.01 02:03:25.014,2.1136,2.1141,2.40,2.40
2008.07.01 02:03:27.049,2.1135,2.114,4.30,2.40
2008.07.01 02:03:27.178,2.1136,2.114,1.00,2.40
2008.07.01 02:03:27.292,2.1135,2.114,3.30,2.40
2008.07.01 02:03:28.185,2.1135,2.114,2.40,2.40
2008.07.01 02:03:28.281,2.1136,2.114,1.00,2.40
2008.07.01 02:03:28.659,2.1136,2.11405,3.30,1.00
2008.07.01 02:03:28.760,2.1136,2.1141,3.30,3.30
2008.07.01 02:03:29.348,2.1136,2.1141,3.30,6.20
2008.07.01 02:03:29.643,2.1136,2.114,3.30,4.80
2008.07.01 02:03:29.838,2.1134,2.1139,3.30,2.40
2008.07.01 02:03:32.270,2.1134,2.1139,2.40,2.40
2008.07.01 02:03:33.217,2.1134,2.1139,3.30,2.40
2008.07.01 02:03:34.282,2.1135,2.1139,1.00,2.40
2008.07.01 02:03:34.716,2.1134,2.1139,2.40,2.40
2008.07.01 02:03:36.689,2.1134,2.1139,3.30,2.40
2008.07.01 02:03:37.067,2.1135,2.11395,2.40,2.40
2008.07.01 02:03:37.271,2.1135,2.114,3.30,2.40
2008.07.01 02:03:37.465,2.1135,2.114,4.30,2.40
2008.07.01 02:03:37.676,2.1136,2.1141,2.40,1.00
2008.07.01 02:03:37.896,2.1136,2.1141,2.40,1.40
2008.07.01 02:03:38.105,2.1137,2.1142,1.90,1.90
2008.07.01 02:03:38.426,2.1137,2.1142,1.90,1.00
2008.07.01 02:03:38.632,2.1136,2.1142,2.40,1.00
2008.07.01 02:03:39.040,2.11365,2.11425,1.00,2.40
2008.07.01 02:03:39.209,2.11365,2.1142,1.00,2.40
2008.07.01 02:03:39.469,2.11365,2.1141,1.00,1.40
2008.07.01 02:03:39.626,2.1136,2.1141,2.40,1.00
2008.07.01 02:03:39.948,2.11345,2.1141,1.00,1.00
2008.07.01 02:03:40.116,2.1134,2.11395,2.40,1.00
2008.07.01 02:03:40.284,2.1134,2.11395,2.40,2.40
2008.07.01 02:03:43.829,2.1134,2.1139,2.40,1.00
2008.07.01 02:03:46.948,2.11345,2.1139,1.00,1.40
2008.07.01 02:03:47.091,2.11345,2.114,1.00,2.40
2008.07.01 02:03:47.483,2.11345,2.114,1.00,3.30
2008.07.01 02:03:47.914,2.1135,2.114,2.40,3.30
2008.07.01 02:03:48.140,2.1135,2.114,2.40,2.40
2008.07.01 02:03:51.262,2.1135,2.114,2.40,3.30
2008.07.01 02:03:51.529,2.1135,2.11395,2.40,1.00
2008.07.01 02:03:51.671,2.1135,2.1139,2.40,1.00
2008.07.01 02:03:51.930,2.1134,2.1139,2.40,3.30
2008.07.01 02:03:53.175,2.1134,2.1139,2.40,2.40
2008.07.01 02:03:54.400,2.1134,2.1139,3.30,3.30
2008.07.01 02:03:55.761,2.1134,2.1139,4.80,3.30
2008.07.01 02:03:56.346,2.1134,2.1139,3.30,3.30
2008.07.01 02:03:56.512,2.1134,2.1139,3.30,4.30
2008.07.01 02:03:57.220,2.1134,2.11385,3.30,1.00
2008.07.01 02:04:00.769,2.1134,2.1139,3.30,4.30
2008.07.01 02:04:03.492,2.1134,2.1139,3.30,3.30
2008.07.01 02:04:03.579,2.1134,2.1138,1.00,2.40
2008.07.01 02:04:06.047,2.1134,2.1138,1.90,2.40
2008.07.01 02:04:06.136,2.1134,2.1139,4.30,3.30
2008.07.01 02:04:06.375,2.1134,2.1139,4.30,2.40
2008.07.01 02:04:13.996,2.1135,2.1139,1.00,2.40
2008.07.01 02:04:14.161,2.1136,2.1139,1.00,2.40
2008.07.01 02:04:14.564,2.1136,2.114,1.00,2.40
2008.07.01 02:04:30.902,2.1136,2.1141,3.30,3.30
2008.07.01 02:04:31.123,2.1136,2.1141,4.30,3.30
2008.07.01 02:04:31.606,2.1136,2.1141,4.30,2.40
2008.07.01 02:04:31.808,2.1136,2.1141,3.30,2.40
2008.07.01 02:04:32.025,2.1136,2.1141,3.30,3.30
2008.07.01 02:04:32.558,2.1136,2.114,1.00,2.40
2008.07.01 02:04:33.321,2.1136,2.114,3.30,2.40
2008.07.01 02:04:33.531,2.1136,2.1141,5.70,3.30
2008.07.01 02:04:33.640,2.1136,2.1141,6.70,2.40
2008.07.01 02:04:35.429,2.1136,2.1141,5.20,2.40
2008.07.01 02:04:48.557,2.1136,2.1141,4.30,2.40
2008.07.01 02:04:49.178,2.1136,2.114,1.90,2.40
2008.07.01 02:04:54.263,2.1136,2.114,1.00,2.40
2008.07.01 02:05:03.656,2.1136,2.114,1.90,2.40
2008.07.01 02:05:03.886,2.1137,2.114,1.00,2.40
2008.07.01 02:05:06.140,2.1136,2.114,1.90,2.40
2008.07.01 02:05:06.186,2.1136,2.114,1.00,2.40
2008.07.01 02:05:08.434,2.1136,2.1139,1.00,2.40
2008.07.01 02:05:08.642,2.1134,2.1139,7.20,2.40
2008.07.01 02:05:08.755,2.1134,2.1139,4.30,2.40
2008.07.01 02:05:10.664,2.1134,2.1139,2.40,2.40
2008.07.01 02:05:11.632,2.1134,2.1139,3.30,2.40
2008.07.01 02:05:12.634,2.1134,2.1139,5.20,2.40
2008.07.01 02:05:13.353,2.1134,2.1139,6.20,2.40
2008.07.01 02:05:13.930,2.1134,2.1139,7.60,2.40
2008.07.01 02:05:14.170,2.1136,2.11405,2.40,2.40
2008.07.01 02:05:14.326,2.1136,2.1141,2.40,2.40
2008.07.01 02:05:16.871,2.1136,2.11415,2.40,2.40
2008.07.01 02:05:17.522,2.1136,2.11415,2.40,1.00
2008.07.01 02:05:17.607,2.1136,2.11425,4.80,2.40
2008.07.01 02:05:17.907,2.1137,2.1142,1.00,1.40
2008.07.01 02:05:18.007,2.1138,2.1142,2.40,1.40
2008.07.01 02:05:18.102,2.1138,2.1143,2.40,2.40
2008.07.01 02:05:18.258,2.1138,2.11425,2.40,1.00
2008.07.01 02:05:18.350,2.1138,2.11425,2.40,1.90
2008.07.01 02:05:18.441,2.1136,2.11425,5.60,1.00
2008.07.01 02:05:18.620,2.1136,2.11425,3.30,2.40
2008.07.01 02:05:19.829,2.1136,2.11425,4.80,2.40
2008.07.01 02:05:20.213,2.1137,2.1142,1.00,1.40
2008.07.01 02:05:20.277,2.1138,2.1142,2.40,1.40
2008.07.01 02:05:20.424,2.1138,2.1143,2.40,3.30
2008.07.01 02:05:20.881,2.1137,2.1141,2.80,2.40
2008.07.01 02:05:21.018,2.1138,2.1141,1.00,2.40
2008.07.01 02:05:21.150,2.1137,2.1141,1.90,2.40
2008.07.01 02:05:21.294,2.1136,2.1141,3.30,2.40
2008.07.01 02:05:22.520,2.1136,2.1141,2.40,2.40
2008.07.01 02:05:23.669,2.1135,2.1139,1.90,2.40
2008.07.01 02:05:23.736,2.1136,2.1139,1.00,2.40
2008.07.01 02:05:23.906,2.1136,2.1139,2.40,2.40
2008.07.01 02:05:24.199,2.1136,2.1141,4.80,2.40
2008.07.01 02:05:24.408,2.1136,2.1141,3.30,2.40
2008.07.01 02:05:25.364,2.1137,2.1141,1.90,2.40
2008.07.01 02:05:25.919,2.1137,2.1142,4.30,3.30
2008.07.01 02:05:26.179,2.1137,2.1142,4.30,2.40
2008.07.01 02:05:26.504,2.1138,2.1142,1.00,2.40
2008.07.01 02:05:29.000,2.1137,2.1142,5.20,2.40
2008.07.01 02:05:29.121,2.1137,2.1142,4.30,2.40
2008.07.01 02:05:29.319,2.1137,2.1142,3.30,2.40
2008.07.01 02:05:30.057,2.1137,2.1142,4.30,2.40
2008.07.01 02:05:30.170,2.1138,2.1142,1.00,2.40
2008.07.01 02:05:31.580,2.1138,2.1141,1.00,2.40
2008.07.01 02:05:31.777,2.1137,2.1141,1.00,2.40
2008.07.01 02:05:31.909,2.1136,2.1141,6.60,2.40
2008.07.01 02:05:32.079,2.1136,2.1141,5.20,2.40
2008.07.01 02:05:32.344,2.1136,2.1141,6.70,2.40
2008.07.01 02:05:32.577,2.1136,2.1141,4.30,2.40
2008.07.01 02:05:32.721,2.1136,2.1141,3.30,2.40
2008.07.01 02:05:33.327,2.1136,2.114,1.00,2.40
2008.07.01 02:05:37.184,2.1136,2.114,2.40,2.40
2008.07.01 02:05:37.255,2.1136,2.114,3.30,2.40
2008.07.01 02:05:37.490,2.1136,2.1141,5.70,2.40
2008.07.01 02:05:37.553,2.1136,2.1141,6.70,2.40
2008.07.01 02:06:02.873,2.1136,2.1141,5.20,2.40
2008.07.01 02:06:03.003,2.1136,2.1141,6.70,2.40
2008.07.01 02:06:03.088,2.1136,2.1141,5.70,2.40
2008.07.01 02:06:03.513,2.1136,2.1141,6.70,2.40
2008.07.01 02:06:05.011,2.1138,2.1141,2.40,2.40
2008.07.01 02:06:05.523,2.1138,2.1141,1.00,2.40
2008.07.01 02:06:05.679,2.1138,2.1142,1.00,2.40
2008.07.01 02:06:05.991,2.1137,2.1142,3.30,2.40
2008.07.01 02:06:06.151,2.1137,2.1141,1.00,2.40
2008.07.01 02:06:06.305,2.1136,2.1141,5.20,2.40
2008.07.01 02:06:11.376,2.1136,2.1141,6.70,2.40
2008.07.01 02:06:34.470,2.1136,2.1141,5.20,2.40
2008.07.01 02:06:34.789,2.1136,2.1141,4.30,2.40
2008.07.01 02:06:34.999,2.1136,2.1141,4.80,2.40
2008.07.01 02:06:35.117,2.1136,2.1141,5.70,2.40
2008.07.01 02:06:35.173,2.1137,2.1141,1.00,2.40
2008.07.01 02:06:35.696,2.1137,2.1142,3.30,2.40
2008.07.01 02:06:35.978,2.1137,2.1142,4.30,2.40
2008.07.01 02:06:36.610,2.1137,2.1142,3.30,2.40
2008.07.01 02:06:36.764,2.1136,2.1141,5.20,2.40
2008.07.01 02:06:44.598,2.1138,2.11425,2.40,2.40
2008.07.01 02:06:44.767,2.1138,2.1142,2.40,1.40
2008.07.01 02:06:44.926,2.1138,2.1143,2.40,2.40
2008.07.01 02:06:48.570,2.1138,2.1143,3.30,2.40
2008.07.01 02:06:48.601,2.1138,2.1143,4.30,2.40
2008.07.01 02:06:48.770,2.1138,2.1143,5.20,2.40
2008.07.01 02:06:49.187,2.1138,2.1143,4.30,2.40
2008.07.01 02:06:49.689,2.1138,2.1143,2.40,2.40
2008.07.01 02:07:07.066,2.1138,2.1143,2.40,7.20
2008.07.01 02:07:08.207,2.1138,2.1143,2.40,2.40
2008.07.01 02:07:09.902,2.11385,2.1143,1.00,2.40
2008.07.01 02:07:12.548,2.1139,2.1143,1.00,2.40
2008.07.01 02:07:17.385,2.11385,2.1143,1.00,2.40
2008.07.01 02:07:23.608,2.1139,2.1143,1.40,2.40
2008.07.01 02:07:23.785,2.1139,2.1143,2.40,2.40
2008.07.01 02:07:23.819,2.11395,2.1143,1.00,2.40
2008.07.01 02:07:24.138,2.114,2.1143,1.00,2.40
2008.07.01 02:07:24.269,2.114,2.1144,1.00,2.40
2008.07.01 02:07:26.528,2.11395,2.1144,1.00,2.40
2008.07.01 02:07:27.628,2.1141,2.1144,1.00,2.40
2008.07.01 02:07:31.198,2.1141,2.1145,1.00,2.40
2008.07.01 02:07:31.328,2.1141,2.1145,1.90,2.40
2008.07.01 02:07:31.583,2.11405,2.1145,1.00,2.40
2008.07.01 02:07:31.727,2.1141,2.1145,1.00,2.40
2008.07.01 02:07:32.179,2.1141,2.1144,1.00,2.40
2008.07.01 02:07:35.845,2.114,2.1144,1.00,2.40
2008.07.01 02:07:36.814,2.11395,2.1144,1.00,2.40
2008.07.01 02:07:37.605,2.114,2.1145,5.60,2.40
2008.07.01 02:07:37.728,2.11405,2.1145,1.00,2.40
2008.07.01 02:07:39.735,2.114,2.1145,1.90,3.30
2008.07.01 02:07:40.003,2.11385,2.1145,1.00,3.30
2008.07.01 02:07:45.791,2.1139,2.1145,1.00,3.30
2008.07.01 02:07:46.078,2.11395,2.1145,1.00,2.40
2008.07.01 02:07:46.355,2.114,2.1145,2.40,2.40
2008.07.01 02:07:47.782,2.114,2.1145,3.30,2.40
2008.07.01 02:07:48.378,2.114,2.1145,2.40,2.40
2008.07.01 02:07:49.240,2.11395,2.1144,1.00,2.40
2008.07.01 02:07:49.318,2.1139,2.1144,2.40,2.40
2008.07.01 02:07:51.304,2.114,2.1144,1.00,2.40
2008.07.01 02:07:51.458,2.114,2.1144,1.90,2.40
2008.07.01 02:07:51.894,2.114,2.1145,4.30,2.40
2008.07.01 02:08:03.819,2.114,2.1144,1.90,2.40
2008.07.01 02:08:04.359,2.114,2.1144,1.00,2.40
2008.07.01 02:08:05.320,2.114,2.1144,1.90,2.40
2008.07.01 02:08:12.635,2.114,2.1144,1.00,2.40
2008.07.01 02:08:19.194,2.114,2.1144,1.90,2.40
2008.07.01 02:08:19.382,2.114,2.1145,4.30,2.40
2008.07.01 02:08:23.076,2.1141,2.1146,2.40,3.30
2008.07.01 02:08:23.493,2.1141,2.1146,2.40,2.40
2008.07.01 02:08:25.134,2.114,2.1145,5.20,2.40
2008.07.01 02:08:25.297,2.114,2.1145,4.30,2.40
2008.07.01 02:08:26.323,2.114,2.1145,5.20,2.40
2008.07.01 02:08:28.327,2.1141,2.1146,2.40,2.40
2008.07.01 02:08:30.946,2.1142,2.1147,2.40,1.90
2008.07.01 02:08:31.596,2.1141,2.1146,2.40,2.40
2008.07.01 02:08:32.563,2.1142,2.1147,2.40,1.00
2008.07.01 02:08:32.669,2.1142,2.11475,2.40,1.00
2008.07.01 02:08:32.783,2.1142,2.1148,2.40,4.30
2008.07.01 02:08:35.183,2.1142,2.11475,2.40,2.40
2008.07.01 02:08:35.430,2.1142,2.1147,2.40,2.40
2008.07.01 02:08:36.767,2.1142,2.1146,2.40,1.00
2008.07.01 02:08:36.895,2.1142,2.11465,2.40,1.90
2008.07.01 02:08:37.123,2.1142,2.11465,2.40,3.30
2008.07.01 02:08:37.244,2.1142,2.11465,2.40,2.40
2008.07.01 02:08:37.481,2.1142,2.1146,2.40,1.40
2008.07.01 02:08:37.600,2.1142,2.1147,2.40,1.00
2008.07.01 02:08:37.720,2.1141,2.1146,2.40,2.40
2008.07.01 02:08:38.655,2.1142,2.1147,2.40,1.00
2008.07.01 02:08:38.727,2.1142,2.11475,2.40,2.40
2008.07.01 02:08:38.783,2.1142,2.11475,2.40,1.00
2008.07.01 02:08:39.271,2.1142,2.1148,2.40,4.30
2008.07.01 02:08:52.239,2.1144,2.1148,1.00,4.30
2008.07.01 02:08:52.460,2.1144,2.1148,1.00,3.30
2008.07.01 02:08:52.528,2.1144,2.1148,1.90,3.30
2008.07.01 02:08:52.737,2.1144,2.1148,4.30,1.00
2008.07.01 02:08:52.780,2.1144,2.11485,4.30,1.00
2008.07.01 02:08:53.410,2.1144,2.1149,4.30,3.30
2008.07.01 02:08:56.261,2.1144,2.1149,3.30,3.30
2008.07.01 02:08:56.299,2.1144,2.1149,2.40,3.30
2008.07.01 02:08:56.331,2.11435,2.1148,1.00,2.40
2008.07.01 02:08:56.458,2.1143,2.1148,4.30,2.40
2008.07.01 02:08:56.497,2.1143,2.1148,2.40,2.40
2008.07.01 02:08:59.157,2.1143,2.1148,2.40,3.30
2008.07.01 02:08:59.223,2.1143,2.1147,2.40,1.00
2008.07.01 02:08:59.426,2.1141,2.1146,4.30,2.40
2008.07.01 02:08:59.590,2.1141,2.1146,2.40,2.40
2008.07.01 02:09:05.861,2.1142,2.1146,1.00,2.40
2008.07.01 02:09:05.927,2.1142,2.1146,1.90,2.40
2008.07.01 02:09:06.457,2.1142,2.1147,4.30,2.40
2008.07.01 02:09:07.972,2.1142,2.1147,3.30,2.40
2008.07.01 02:09:08.015,2.1142,2.1147,2.40,2.40
2008.07.01 02:09:08.191,2.11415,2.1145,1.00,2.40
2008.07.01 02:09:08.353,2.11405,2.1145,1.00,2.40
2008.07.01 02:09:08.475,2.114,2.1145,5.60,2.40
2008.07.01 02:09:08.545,2.114,2.1145,4.30,2.40
2008.07.01 02:09:12.002,2.114,2.1145,5.20,2.40
2008.07.01 02:09:12.616,2.114,2.1145,4.30,2.40
2008.07.01 02:09:13.644,2.1141,2.1145,1.00,2.40
2008.07.01 02:09:18.752,2.1141,2.1144,1.00,2.40
2008.07.01 02:09:19.124,2.11405,2.1144,1.00,2.40
2008.07.01 02:09:19.764,2.1139,2.1144,3.30,2.40
2008.07.01 02:09:20.044,2.1139,2.1143,1.00,2.40
2008.07.01 02:09:21.443,2.1139,2.1143,1.90,2.40
2008.07.01 02:09:21.895,2.1139,2.1143,1.00,2.40
2008.07.01 02:09:22.595,2.114,2.1143,1.00,2.40
2008.07.01 02:09:23.086,2.1141,2.1143,1.00,2.40
2008.07.01 02:09:23.158,2.1141,2.1145,1.00,2.40
2008.07.01 02:09:26.022,2.1142,2.1145,1.00,2.40
2008.07.01 02:09:26.223,2.1142,2.11465,3.30,3.30
2008.07.01 02:09:26.420,2.1143,2.11465,1.00,2.40
2008.07.01 02:09:26.627,2.1143,2.1147,1.00,2.40
2008.07.01 02:09:27.169,2.1143,2.1148,4.30,2.40
2008.07.01 02:09:27.420,2.1143,2.1148,3.30,2.40
2008.07.01 02:09:27.569,2.1143,2.1148,2.40,2.40
2008.07.01 02:09:27.823,2.1143,2.1148,2.40,5.20
2008.07.01 02:09:28.022,2.1143,2.1147,2.40,4.80
2008.07.01 02:09:28.215,2.1143,2.1147,2.40,9.60
2008.07.01 02:09:28.527,2.1143,2.11465,2.40,2.40
2008.07.01 02:09:28.724,2.1141,2.1145,1.00,2.40
2008.07.01 02:09:30.661,2.1142,2.11465,2.40,2.40
2008.07.01 02:09:30.808,2.1142,2.11465,3.30,2.40
2008.07.01 02:09:31.087,2.1143,2.1147,1.00,2.40
2008.07.01 02:09:32.108,2.1143,2.1146,1.00,2.40
2008.07.01 02:09:32.534,2.1143,2.1147,1.00,2.40
2008.07.01 02:09:32.869,2.11425,2.1147,1.00,2.40
2008.07.01 02:09:33.233,2.1142,2.1147,4.30,2.40
2008.07.01 02:09:37.095,2.11425,2.1147,1.00,2.40
2008.07.01 02:09:38.966,2.1143,2.1147,1.00,2.40
2008.07.01 02:10:03.943,2.1143,2.1147,1.90,2.40
2008.07.01 02:10:04.002,2.1143,2.1148,5.70,3.30
2008.07.01 02:10:04.212,2.1143,2.1148,5.70,2.40
2008.07.01 02:10:04.511,2.1143,2.1148,4.30,2.40
2008.07.01 02:10:04.655,2.1143,2.1148,5.20,2.40
2008.07.01 02:10:10.179,2.1143,2.1148,4.30,2.40
2008.07.01 02:10:10.635,2.1143,2.1147,1.90,2.40
2008.07.01 02:10:11.967,2.1143,2.1147,1.00,2.40
2008.07.01 02:10:12.916,2.1143,2.1147,1.90,2.40
2008.07.01 02:10:23.432,2.1143,2.1147,1.00,2.40
2008.07.01 02:10:51.881,2.1143,2.1146,1.00,2.40
2008.07.01 02:10:52.383,2.1141,2.1146,5.20,2.40
2008.07.01 02:10:52.858,2.1141,2.1146,4.30,2.40
2008.07.01 02:10:53.043,2.1141,2.1146,3.30,2.40
2008.07.01 02:10:53.214,2.1141,2.1145,1.00,2.40
2008.07.01 02:10:53.562,2.114,2.1145,2.40,2.40
2008.07.01 02:10:53.689,2.1139,2.1144,5.20,2.40
2008.07.01 02:10:57.729,2.1141,2.1144,1.00,2.40
2008.07.01 02:10:58.696,2.1141,2.1145,1.00,2.40
2008.07.01 02:11:00.544,2.1141,2.1146,4.30,2.40
2008.07.01 02:11:00.730,2.1141,2.1146,5.20,2.40
2008.07.01 02:11:00.897,2.1142,2.1146,1.00,2.40
2008.07.01 02:11:00.953,2.1142,2.1146,1.90,2.40
2008.07.01 02:11:00.998,2.1143,2.1146,1.00,2.40
2008.07.01 02:11:01.390,2.1143,2.1147,1.00,2.40
2008.07.01 02:11:49.332,2.1142,2.1147,4.30,2.40
2008.07.01 02:11:49.587,2.1142,2.1147,3.30,2.40
2008.07.01 02:11:50.046,2.1142,2.1145,1.00,2.40
2008.07.01 02:11:50.139,2.1141,2.1145,1.00,2.40
2008.07.01 02:11:51.806,2.1141,2.1145,1.90,2.40
2008.07.01 02:11:51.875,2.1141,2.1146,4.30,2.40
2008.07.01 02:11:52.064,2.1141,2.1146,5.20,2.40
2008.07.01 02:11:52.116,2.1142,2.1146,1.00,2.40
2008.07.01 02:11:52.248,2.1143,2.1146,1.00,2.40
2008.07.01 02:11:52.634,2.1143,2.1147,1.00,2.40
2008.07.01 02:12:01.001,2.1142,2.1147,3.30,2.40
2008.07.01 02:12:01.373,2.1141,2.1146,5.20,2.40
2008.07.01 02:12:11.602,2.1141,2.1146,4.30,2.40
2008.07.01 02:12:11.701,2.1141,2.1146,3.30,2.40
2008.07.01 02:12:12.019,2.1141,2.1146,2.40,2.40
2008.07.01 02:12:12.427,2.1141,2.1146,3.30,2.40
2008.07.01 02:12:12.829,2.1141,2.1146,4.80,2.40
2008.07.01 02:12:13.061,2.1141,2.1146,2.40,2.40
2008.07.01 02:12:14.269,2.1141,2.1146,4.30,2.40
2008.07.01 02:12:14.359,2.1141,2.1146,5.20,2.40
2008.07.01 02:12:16.215,2.1141,2.1146,6.70,2.40
2008.07.01 02:12:16.429,2.1141,2.1146,4.30,2.40
2008.07.01 02:12:17.284,2.1141,2.1146,3.30,2.40
2008.07.01 02:12:18.146,2.1141,2.1146,4.30,2.40
2008.07.01 02:12:19.880,2.1141,2.1146,3.30,2.40
2008.07.01 02:12:20.053,2.1141,2.1146,3.30,3.30
2008.07.01 02:12:20.889,2.1141,2.1145,1.00,2.40
2008.07.01 02:12:21.982,2.1142,2.1145,1.00,2.40
2008.07.01 02:12:22.349,2.1142,2.1147,4.80,3.30
2008.07.01 02:12:22.587,2.1142,2.1147,3.30,3.30
2008.07.01 02:12:22.771,2.1142,2.1147,4.30,3.30
2008.07.01 02:12:23.055,2.1142,2.1147,2.40,2.40
2008.07.01 02:12:23.935,2.1141,2.1146,4.30,2.40
2008.07.01 02:12:24.266,2.1142,2.1146,1.00,2.40
2008.07.01 02:12:24.601,2.1142,2.1147,4.30,2.40
2008.07.01 02:12:24.799,2.1143,2.1147,1.40,2.40
2008.07.01 02:12:24.928,2.1143,2.1147,3.80,1.40
2008.07.01 02:12:25.060,2.1143,2.1148,3.80,2.40
2008.07.01 02:12:25.178,2.1143,2.1148,4.80,2.40
2008.07.01 02:12:25.247,2.1143,2.1148,5.70,2.40
2008.07.01 02:12:25.495,2.1143,2.1148,6.70,2.40
2008.07.01 02:12:25.826,2.1143,2.1148,5.20,2.40
2008.07.01 02:12:29.270,2.1144,2.1148,1.00,2.40
2008.07.01 02:12:29.427,2.1144,2.1148,1.90,2.40
2008.07.01 02:12:29.724,2.1145,2.1149,1.00,2.40
2008.07.01 02:12:34.928,2.1145,2.1148,1.00,2.40
2008.07.01 02:12:35.047,2.11435,2.1148,1.00,2.40
2008.07.01 02:12:35.281,2.1144,2.1149,2.40,2.40
2008.07.01 02:12:35.830,2.1144,2.1149,3.30,2.40
2008.07.01 02:12:36.154,2.1144,2.1149,4.30,2.40
2008.07.01 02:12:36.563,2.1144,2.1149,5.20,2.40
2008.07.01 02:12:36.684,2.1144,2.1149,4.30,2.40
2008.07.01 02:12:36.816,2.1144,2.1149,3.30,2.40
2008.07.01 02:12:37.065,2.1144,2.1149,2.40,2.40
2008.07.01 02:12:37.675,2.11445,2.1149,1.00,2.40
2008.07.01 02:12:38.051,2.1145,2.1149,1.00,2.40
2008.07.01 02:12:38.256,2.1145,2.115,4.30,3.30
2008.07.01 02:12:38.633,2.1145,2.115,4.30,2.40
2008.07.01 02:12:39.192,2.1145,2.115,5.70,2.40
2008.07.01 02:12:39.473,2.1145,2.115,6.70,2.40
2008.07.01 02:12:40.969,2.1145,2.115,5.20,2.40
2008.07.01 02:12:42.921,2.1146,2.115,1.00,2.40
2008.07.01 02:12:43.015,2.1146,2.115,1.90,2.40
2008.07.01 02:12:43.423,2.1146,2.115,2.80,2.40
2008.07.01 02:12:43.476,2.1146,2.115,1.90,2.40
2008.07.01 02:12:43.713,2.1146,2.115,1.00,2.40
2008.07.01 02:12:43.940,2.1145,2.115,5.20,2.40
2008.07.01 02:12:44.161,2.11455,2.115,1.00,2.40
2008.07.01 02:12:44.381,2.1146,2.1151,2.40,2.40
2008.07.01 02:12:44.906,2.1147,2.1152,2.40,3.30
2008.07.01 02:12:45.041,2.1147,2.1152,2.40,2.40
2008.07.01 02:12:48.462,2.1147,2.1152,2.40,3.30
2008.07.01 02:12:48.766,2.1147,2.11515,2.40,1.00
2008.07.01 02:12:48.854,2.1146,2.1151,4.30,2.40
2008.07.01 02:12:49.810,2.1146,2.1151,2.40,2.40
2008.07.01 02:12:50.042,2.1147,2.1151,1.00,2.40
2008.07.01 02:12:50.499,2.1147,2.1151,1.90,2.40
2008.07.01 02:12:50.661,2.1147,2.1152,4.30,3.30
2008.07.01 02:12:52.175,2.1147,2.1152,4.30,2.40
2008.07.01 02:12:52.642,2.1147,2.1152,3.30,2.40
2008.07.01 02:12:52.736,2.1147,2.1152,2.40,2.40
2008.07.01 02:12:52.787,2.1147,2.11515,2.40,1.00
2008.07.01 02:12:52.871,2.11465,2.1151,1.00,2.40
2008.07.01 02:12:53.128,2.1146,2.1151,2.40,2.40
2008.07.01 02:12:53.280,2.1146,2.1151,2.40,3.30
2008.07.01 02:13:04.018,2.1146,2.1151,3.30,3.30
2008.07.01 02:13:04.043,2.1146,2.1151,3.30,2.40
2008.07.01 02:13:04.200,2.1146,2.1151,2.40,2.40
2008.07.01 02:13:04.430,2.1146,2.1151,3.30,2.40
2008.07.01 02:13:05.748,2.1146,2.1151,4.30,2.40
2008.07.01 02:13:07.229,2.1146,2.1151,5.20,2.40
2008.07.01 02:13:07.449,2.1146,2.1151,5.20,3.30
2008.07.01 02:13:07.497,2.1146,2.1151,4.30,3.30
2008.07.01 02:13:08.233,2.1146,2.1151,3.30,3.30
2008.07.01 02:13:09.281,2.1146,2.1151,4.30,3.30
2008.07.01 02:13:32.754,2.1146,2.1151,3.30,3.30
2008.07.01 02:13:33.029,2.1145,2.115,5.20,2.40
2008.07.01 02:13:33.472,2.1146,2.115,1.00,2.40
2008.07.01 02:13:33.896,2.1146,2.11505,3.30,1.00
2008.07.01 02:13:34.318,2.1146,2.11505,4.30,1.00
2008.07.01 02:13:35.350,2.1146,2.115,1.00,2.40
2008.07.01 02:13:35.448,2.1145,2.115,5.20,2.40
2008.07.01 02:13:35.602,2.1145,2.115,3.30,2.40
2008.07.01 02:13:36.032,2.1145,2.115,2.40,2.40
2008.07.01 02:13:36.209,2.1144,2.1149,5.20,2.40
2008.07.01 02:13:36.573,2.1146,2.1149,1.00,2.40
2008.07.01 02:13:36.808,2.1146,2.1149,1.90,2.40
2008.07.01 02:13:37.033,2.1147,2.11505,1.00,1.00
2008.07.01 02:13:37.570,2.1147,2.1151,1.00,3.30
2008.07.01 02:13:49.702,2.1147,2.1151,1.00,2.40
2008.07.01 02:13:55.630,2.1147,2.1151,1.00,3.30
2008.07.01 02:13:56.334,2.1147,2.1151,3.30,1.00
2008.07.01 02:13:56.406,2.1147,2.1151,4.30,1.00
2008.07.01 02:14:38.980,2.1147,2.11515,4.30,1.00
2008.07.01 02:14:49.100,2.1147,2.1152,4.30,3.30
2008.07.01 02:14:56.303,2.1147,2.11515,4.30,1.00
2008.07.01 02:14:57.118,2.1147,2.1152,4.30,3.30
2008.07.01 02:14:58.256,2.1147,2.1152,4.30,2.40
2008.07.01 02:14:58.300,2.11475,2.1152,1.00,2.40
2008.07.01 02:14:58.455,2.1149,2.1153,2.40,1.00
2008.07.01 02:14:58.674,2.1149,2.1153,2.40,3.80
2008.07.01 02:14:58.714,2.1148,2.1153,2.40,4.30
2008.07.01 02:14:58.753,2.1148,2.11525,2.40,1.00
2008.07.01 02:14:59.219,2.1149,2.11525,1.00,1.00
2008.07.01 02:14:59.410,2.1149,2.1153,1.00,2.40
2008.07.01 02:14:59.610,2.1149,2.11535,3.30,1.00
2008.07.01 02:15:00.117,2.1149,2.11535,4.30,1.00
2008.07.01 02:15:01.901,2.115,2.11535,1.00,1.00
2008.07.01 02:15:04.981,2.115,2.1153,1.00,1.00
2008.07.01 02:15:10.093,2.115,2.11535,1.00,1.00
2008.07.01 02:15:10.146,2.115,2.11535,1.90,1.00
2008.07.01 02:15:20.366,2.115,2.1153,1.00,3.30
2008.07.01 02:15:20.599,2.11485,2.1153,1.00,3.30
2008.07.01 02:15:21.043,2.1148,2.1153,4.30,3.30
2008.07.01 02:15:21.373,2.1148,2.11525,4.30,1.00
2008.07.01 02:15:21.472,2.1149,2.11535,2.40,2.40
2008.07.01 02:15:21.567,2.1149,2.11535,3.30,2.40
2008.07.01 02:15:21.743,2.115,2.11535,1.00,2.40
2008.07.01 02:15:22.030,2.115,2.11535,1.90,2.40
2008.07.01 02:15:22.188,2.115,2.11535,1.90,1.00
2008.07.01 02:15:22.673,2.115,2.1154,1.90,3.30
2008.07.01 02:15:23.818,2.115,2.1154,1.00,3.30
2008.07.01 02:15:23.946,2.115,2.1153,1.00,2.40
2008.07.01 02:15:24.046,2.1149,2.1153,1.00,2.40
2008.07.01 02:15:24.277,2.1148,2.1153,2.40,3.30
2008.07.01 02:15:24.796,2.1148,2.1153,3.30,3.30
2008.07.01 02:15:27.624,2.1147,2.1153,5.20,3.30
2008.07.01 02:15:27.662,2.1147,2.11525,3.30,1.00
2008.07.01 02:15:27.695,2.1147,2.11525,2.40,1.00
2008.07.01 02:15:27.757,2.1147,2.11525,2.40,2.40
2008.07.01 02:15:27.982,2.1147,2.11525,2.40,3.30
2008.07.01 02:15:28.090,2.1146,2.1151,3.30,2.40
2008.07.01 02:15:29.832,2.1147,2.1151,1.00,2.40
2008.07.01 02:15:30.175,2.1147,2.1152,3.30,2.40
2008.07.01 02:15:30.275,2.1147,2.1152,2.40,2.40
2008.07.01 02:15:31.472,2.1147,2.1152,3.30,2.40
2008.07.01 02:15:34.030,2.1147,2.1151,1.00,2.40
2008.07.01 02:15:34.277,2.1146,2.1151,2.40,2.40
2008.07.01 02:15:35.405,2.1147,2.1151,1.00,2.40
2008.07.01 02:15:35.516,2.1147,2.1151,1.90,2.40
2008.07.01 02:15:35.903,2.1147,2.1152,4.30,3.30
2008.07.01 02:15:36.514,2.1147,2.1152,4.30,2.40
2008.07.01 02:15:38.413,2.1147,2.1151,1.00,2.40
2008.07.01 02:15:38.620,2.1146,2.1151,2.40,2.40
2008.07.01 02:15:40.230,2.1147,2.1151,1.00,2.40
2008.07.01 02:15:40.530,2.1147,2.1151,1.90,2.40
2008.07.01 02:15:40.947,2.1147,2.1152,4.30,3.30
2008.07.01 02:15:41.342,2.1147,2.1152,4.30,2.40
2008.07.01 02:15:46.283,2.1147,2.1151,1.90,2.40
2008.07.01 02:15:53.533,2.1147,2.1151,1.00,2.40
2008.07.01 02:16:11.113,2.1147,2.1152,3.30,2.40
2008.07.01 02:16:12.586,2.1148,2.1152,1.00,2.40
2008.07.01 02:16:21.751,2.1147,2.1152,3.30,2.40
2008.07.01 02:16:21.979,2.1147,2.1151,1.00,2.40
2008.07.01 02:16:27.032,2.1147,2.1152,3.30,2.40
2008.07.01 02:16:27.129,2.1147,2.1152,4.30,2.40
2008.07.01 02:16:35.817,2.1147,2.1151,1.90,2.40
2008.07.01 02:16:49.419,2.1147,2.115,1.90,2.40
2008.07.01 02:16:49.467,2.1147,2.115,1.00,2.40
2008.07.01 02:16:49.847,2.1145,2.115,3.30,2.40
2008.07.01 02:16:50.308,2.1145,2.1149,1.00,2.40
2008.07.01 02:17:04.770,2.1145,2.1149,1.90,2.40
2008.07.01 02:17:04.803,2.1145,2.115,4.30,2.40
2008.07.01 02:17:04.952,2.1145,2.115,4.30,3.30
2008.07.01 02:17:09.878,2.1145,2.115,4.30,2.40
2008.07.01 02:17:10.889,2.1145,2.1149,1.90,2.40
2008.07.01 02:17:11.053,2.1144,2.1149,2.40,2.40
2008.07.01 02:17:12.170,2.1144,2.1149,2.40,3.30
2008.07.01 02:17:12.689,2.1143,2.1148,4.30,2.40
2008.07.01 02:17:22.856,2.1144,2.1148,1.00,2.40
2008.07.01 02:17:35.675,2.1144,2.1148,1.90,2.40
2008.07.01 02:17:35.882,2.1144,2.1149,4.30,3.30
2008.07.01 02:17:36.132,2.1144,2.1149,4.30,2.40
2008.07.01 02:17:37.851,2.11445,2.1149,1.00,2.40
2008.07.01 02:17:37.946,2.1145,2.11505,2.40,2.40
2008.07.01 02:17:38.109,2.1145,2.11505,2.40,1.00
2008.07.01 02:17:38.443,2.1145,2.115,2.40,1.00
2008.07.01 02:17:38.606,2.1144,2.1149,4.30,2.40
2008.07.01 02:17:40.213,2.1145,2.115,2.40,1.00
2008.07.01 02:17:40.387,2.1145,2.11505,4.30,1.00
2008.07.01 02:17:40.483,2.1145,2.1151,4.30,3.30
2008.07.01 02:17:40.582,2.1148,2.1151,1.00,3.30
2008.07.01 02:17:40.685,2.1148,2.1151,1.00,2.40
2008.07.01 02:17:41.030,2.1148,2.11515,1.00,1.00
2008.07.01 02:17:43.641,2.1148,2.1152,3.30,1.00
2008.07.01 02:17:43.791,2.1148,2.1152,4.30,1.00
2008.07.01 02:17:43.992,2.1148,2.11525,4.30,1.00
2008.07.01 02:17:44.319,2.1148,2.1153,4.30,3.30
2008.07.01 02:17:44.852,2.1148,2.1153,1.00,3.30
2008.07.01 02:17:44.955,2.1148,2.1153,1.00,4.30
2008.07.01 02:17:45.050,2.1147,2.1153,2.40,4.30
2008.07.01 02:17:45.877,2.1147,2.1152,2.40,1.00
2008.07.01 02:17:45.992,2.1146,2.1151,5.60,2.40
2008.07.01 02:17:46.119,2.1148,2.1151,1.90,2.40
2008.07.01 02:17:46.801,2.115,2.1154,1.00,3.30
2008.07.01 02:17:47.659,2.115,2.1153,1.00,2.40
2008.07.01 02:17:47.845,2.1148,2.1153,4.60,2.40
2008.07.01 02:17:47.908,2.1148,2.1153,4.60,3.30
2008.07.01 02:17:48.031,2.1148,2.1153,3.30,3.30
2008.07.01 02:17:48.287,2.1148,2.1152,1.00,2.40
2008.07.01 02:17:49.351,2.1148,2.1152,1.90,2.40
2008.07.01 02:17:49.572,2.1148,2.1151,3.30,1.90
2008.07.01 02:17:49.843,2.11475,2.115,1.00,2.40
2008.07.01 02:17:49.907,2.1147,2.115,1.00,2.40
2008.07.01 02:17:50.281,2.1146,2.115,2.80,2.40
2008.07.01 02:17:50.483,2.1147,2.11525,2.40,3.30
2008.07.01 02:17:50.854,2.1147,2.1152,2.40,1.00
2008.07.01 02:17:51.055,2.1147,2.1152,3.30,1.00
2008.07.01 02:17:51.256,2.1147,2.11525,2.40,2.40
2008.07.01 02:17:51.455,2.1147,2.1152,2.40,1.40
2008.07.01 02:17:51.647,2.1147,2.1152,2.40,2.40
2008.07.01 02:17:51.829,2.1147,2.1152,4.30,2.40
2008.07.01 02:17:54.539,2.1148,2.1152,1.00,2.40
2008.07.01 02:18:01.870,2.1148,2.1152,1.90,2.40
2008.07.01 02:18:01.953,2.1148,2.1153,4.30,2.40
2008.07.01 02:18:05.765,2.1149,2.1153,1.00,2.40
2008.07.01 02:18:05.951,2.115,2.1153,1.00,2.40
2008.07.01 02:18:06.628,2.115,2.1154,1.00,2.40
2008.07.01 02:18:07.907,2.1149,2.1154,2.40,2.40
2008.07.01 02:18:08.028,2.11485,2.1153,1.00,2.40
2008.07.01 02:18:08.154,2.1148,2.1153,4.30,2.40
2008.07.01 02:18:09.644,2.1148,2.1153,3.30,2.40
2008.07.01 02:18:09.861,2.1148,2.1153,3.30,3.30
2008.07.01 02:18:10.152,2.1148,2.1152,1.00,2.40
2008.07.01 02:18:12.745,2.1148,2.1153,3.30,3.30
2008.07.01 02:18:12.871,2.1148,2.1153,4.30,3.30
2008.07.01 02:18:12.905,2.1148,2.1153,4.30,2.40
2008.07.01 02:18:13.298,2.1148,2.1153,4.30,3.30
2008.07.01 02:18:13.463,2.1148,2.1153,3.30,3.30
2008.07.01 02:18:13.736,2.1148,2.1152,1.00,2.40
2008.07.01 02:18:14.732,2.1148,2.1153,3.30,2.40
2008.07.01 02:18:15.013,2.1148,2.1153,4.30,2.40
2008.07.01 02:18:17.771,2.1148,2.1153,3.30,2.40
2008.07.01 02:18:17.910,2.1148,2.1153,3.30,3.30
2008.07.01 02:18:18.061,2.1148,2.1152,1.00,2.40
2008.07.01 02:18:19.160,2.1148,2.1152,1.90,2.40
2008.07.01 02:18:19.213,2.1148,2.1153,3.30,2.40
2008.07.01 02:18:19.419,2.1148,2.1153,3.30,3.30
2008.07.01 02:18:19.889,2.1148,2.1152,1.00,2.40
2008.07.01 02:18:20.174,2.1149,2.1152,1.00,2.40
2008.07.01 02:18:20.396,2.1149,2.1153,3.30,1.40
2008.07.01 02:18:20.692,2.115,2.1154,1.00,3.30
2008.07.01 02:18:20.898,2.115,2.1154,1.00,2.40
2008.07.01 02:18:31.236,2.1149,2.1154,2.40,2.40
2008.07.01 02:18:31.359,2.11485,2.1153,1.00,2.40
2008.07.01 02:18:31.636,2.1148,2.1153,4.30,2.40
2008.07.01 02:18:35.172,2.1149,2.1153,1.00,2.40
2008.07.01 02:18:35.299,2.115,2.1153,1.00,2.40
2008.07.01 02:18:35.400,2.115,2.1154,1.00,2.40
2008.07.01 02:18:35.930,2.115,2.1153,1.00,2.40
2008.07.01 02:18:36.041,2.1148,2.1153,4.30,2.40
2008.07.01 02:18:38.820,2.1149,2.1154,2.40,1.00
2008.07.01 02:18:38.986,2.1149,2.11545,2.40,3.30
2008.07.01 02:18:39.084,2.1149,2.11545,2.40,2.40
2008.07.01 02:18:39.264,2.1149,2.11545,2.40,1.00
2008.07.01 02:18:39.533,2.1149,2.1155,2.40,4.30
2008.07.01 02:18:41.855,2.1149,2.1155,2.40,3.30
2008.07.01 02:18:41.965,2.115,2.1155,1.00,3.30
2008.07.01 02:18:42.396,2.115,2.1155,1.90,2.40
2008.07.01 02:18:42.532,2.115,2.1155,4.30,2.40
2008.07.01 02:18:43.809,2.1152,2.1155,1.00,2.40
2008.07.01 02:18:44.286,2.1152,2.1156,1.00,2.40
2008.07.01 02:18:48.490,2.1152,2.1156,1.00,3.30
2008.07.01 02:18:48.636,2.1152,2.1155,1.00,2.40
2008.07.01 02:18:49.000,2.115,2.1155,5.60,2.40
2008.07.01 02:18:49.282,2.115,2.1155,4.30,2.40
2008.07.01 02:18:54.466,2.115,2.1155,1.90,2.40
2008.07.01 02:18:54.611,2.115,2.1155,1.90,3.30
2008.07.01 02:18:55.175,2.115,2.1155,2.80,2.40
2008.07.01 02:18:55.799,2.115,2.1155,5.20,2.40
2008.07.01 02:18:57.072,2.1152,2.1156,2.40,1.00
2008.07.01 02:18:58.272,2.1152,2.1157,2.40,4.30
2008.07.01 02:18:58.671,2.1152,2.1156,2.40,1.00
2008.07.01 02:18:58.812,2.1152,2.1156,2.40,1.40
2008.07.01 02:18:58.962,2.1152,2.1157,2.40,4.30
2008.07.01 02:19:00.284,2.1153,2.1157,1.00,4.30
2008.07.01 02:19:00.358,2.1153,2.1157,1.00,3.30
2008.07.01 02:19:00.644,2.1153,2.1157,1.00,2.40
2008.07.01 02:19:00.686,2.1154,2.1157,1.00,2.40
2008.07.01 02:19:01.241,2.1152,2.1157,5.60,2.40
2008.07.01 02:19:01.422,2.1152,2.1157,6.60,2.40
2008.07.01 02:19:01.604,2.1152,2.1157,5.20,2.40
2008.07.01 02:19:07.591,2.1152,2.1157,4.30,2.40
2008.07.01 02:19:07.703,2.1152,2.1157,3.30,2.40
2008.07.01 02:19:08.047,2.1152,2.1156,1.00,2.40
2008.07.01 02:19:08.596,2.1153,2.11575,3.30,2.40
2008.07.01 02:19:08.714,2.1154,2.1158,1.00,3.30
2008.07.01 02:19:11.181,2.1154,2.1158,1.00,2.40
2008.07.01 02:19:19.293,2.1153,2.1158,3.30,2.40
2008.07.01 02:19:19.346,2.1153,2.1158,3.30,3.30
2008.07.01 02:19:19.599,2.1153,2.1156,1.00,2.40
2008.07.01 02:19:19.631,2.1152,2.1156,1.00,2.40
2008.07.01 02:19:24.157,2.1152,2.1156,1.90,2.40
2008.07.01 02:19:24.217,2.1152,2.1157,4.30,2.40
2008.07.01 02:19:24.471,2.1152,2.1157,5.20,2.40
2008.07.01 02:19:25.824,2.1153,2.1157,1.90,2.40
2008.07.01 02:19:26.005,2.1154,2.1157,1.00,2.40
2008.07.01 02:19:26.244,2.1154,2.1158,1.00,3.30
2008.07.01 02:19:27.447,2.1154,2.1158,3.30,1.00
2008.07.01 02:19:27.554,2.1154,2.1159,3.30,3.30
2008.07.01 02:19:27.726,2.1154,2.1159,4.30,3.30
2008.07.01 02:19:29.066,2.11535,2.1159,1.00,3.30
2008.07.01 02:19:29.277,2.11535,2.11585,1.00,1.00
2008.07.01 02:19:29.488,2.1153,2.11585,4.30,1.90
2008.07.01 02:19:29.703,2.1153,2.1158,2.40,1.00
2008.07.01 02:19:30.767,2.1153,2.1158,2.40,1.90
2008.07.01 02:19:31.237,2.1153,2.1158,2.40,1.00
2008.07.01 02:19:31.762,2.1153,2.1158,2.40,1.90
2008.07.01 02:19:31.961,2.1153,2.1158,2.40,4.30
2008.07.01 02:19:33.186,2.1153,2.1158,2.40,3.30
2008.07.01 02:19:33.384,2.1153,2.11575,2.40,1.00
2008.07.01 02:19:33.503,2.1153,2.11575,2.40,2.40
2008.07.01 02:19:33.767,2.1151,2.1156,5.70,2.40
2008.07.01 02:19:34.554,2.1151,2.1156,6.70,2.40
2008.07.01 02:19:34.685,2.1153,2.11575,2.40,2.40
2008.07.01 02:19:34.812,2.1153,2.1157,2.40,1.40
2008.07.01 02:19:35.113,2.1153,2.1158,2.40,4.30
2008.07.01 02:19:35.336,2.1153,2.1158,2.40,3.30
2008.07.01 02:19:36.722,2.1153,2.1158,2.40,4.30
2008.07.01 02:19:36.964,2.1153,2.1158,2.40,3.30
2008.07.01 02:19:37.226,2.1153,2.1156,2.40,1.00
2008.07.01 02:19:37.534,2.1152,2.1154,1.00,2.40
2008.07.01 02:19:38.142,2.1149,2.1154,8.60,2.40
2008.07.01 02:19:38.627,2.1149,2.1154,6.70,2.40
2008.07.01 02:19:39.326,2.1149,2.1154,5.70,2.40
2008.07.01 02:19:39.786,2.1149,2.1154,3.30,3.30
2008.07.01 02:19:39.917,2.1149,2.1154,2.40,3.30
2008.07.01 02:19:40.682,2.11485,2.1154,1.00,3.30
2008.07.01 02:19:40.841,2.11485,2.11535,1.00,1.00
2008.07.01 02:19:40.962,2.1148,2.11535,4.30,1.90
2008.07.01 02:19:41.180,2.1148,2.11535,2.40,3.30
2008.07.01 02:19:42.221,2.1148,2.1153,2.40,1.00
2008.07.01 02:19:42.791,2.1148,2.11525,2.40,1.00
2008.07.01 02:19:43.082,2.1148,2.11525,3.30,1.00
2008.07.01 02:19:43.225,2.1148,2.1152,1.00,2.40
2008.07.01 02:19:43.390,2.1148,2.1152,1.90,2.40
2008.07.01 02:19:43.657,2.1148,2.11525,4.30,1.00
2008.07.01 02:19:44.236,2.1148,2.1153,4.30,2.40
2008.07.01 02:19:44.884,2.115,2.1154,2.40,1.90
2008.07.01 02:19:45.111,2.115,2.1154,4.30,1.00
2008.07.01 02:19:45.511,2.115,2.11545,4.30,1.00
2008.07.01 02:19:55.967,2.115,2.1155,4.30,3.30
2008.07.01 02:19:59.396,2.115,2.1155,3.30,3.30
2008.07.01 02:19:59.479,2.115,2.1155,2.40,4.30
2008.07.01 02:19:59.696,2.1149,2.1154,2.40,2.40
2008.07.01 02:20:00.777,2.115,2.1155,2.40,4.30
2008.07.01 02:20:00.950,2.115,2.1155,2.40,3.30
2008.07.01 02:20:04.036,2.1149,2.1155,3.30,3.30
2008.07.01 02:20:04.348,2.1149,2.1155,2.40,4.30
2008.07.01 02:20:10.535,2.1149,2.1155,3.30,3.30
2008.07.01 02:20:10.753,2.115,2.1155,2.40,3.30
2008.07.01 02:20:54.736,2.115,2.1154,2.40,1.40
2008.07.01 02:20:54.859,2.115,2.11545,2.40,2.40
2008.07.01 02:20:54.947,2.1148,2.1153,5.20,2.40
2008.07.01 02:20:58.438,2.115,2.11545,2.40,2.40
2008.07.01 02:20:58.695,2.115,2.1154,2.40,1.40
2008.07.01 02:20:58.936,2.115,2.1155,2.40,3.30
2008.07.01 02:21:03.762,2.115,2.1154,2.40,1.40
2008.07.01 02:21:03.832,2.115,2.11545,2.40,2.40
2008.07.01 02:21:04.077,2.1148,2.1153,5.20,2.40
2008.07.01 02:21:23.284,2.115,2.11545,2.40,2.40
2008.07.01 02:21:23.539,2.115,2.1155,2.40,3.30
2008.07.01 02:22:14.054,2.115,2.1155,2.40,4.30
2008.07.01 02:23:01.479,2.115,2.11545,2.40,1.00
2008.07.01 02:23:07.583,2.115,2.11545,2.40,1.90
2008.07.01 02:23:07.693,2.115,2.11545,2.40,2.80
2008.07.01 02:23:07.781,2.115,2.11545,2.40,4.30
2008.07.01 02:23:08.121,2.1148,2.1153,3.30,2.40
2008.07.01 02:23:08.401,2.1148,2.1153,4.80,2.40
2008.07.01 02:23:12.644,2.1148,2.1153,5.70,2.40
2008.07.01 02:23:12.687,2.1148,2.1153,6.70,2.40
2008.07.01 02:23:15.410,2.1148,2.1153,5.20,2.40
2008.07.01 02:23:15.615,2.1148,2.1153,5.20,3.30
2008.07.01 02:23:15.651,2.1148,2.1153,4.30,4.30
2008.07.01 02:23:15.945,2.1148,2.11525,4.30,1.00
2008.07.01 02:23:16.022,2.1148,2.1152,1.90,2.40
2008.07.01 02:23:17.465,2.1148,2.1152,1.00,2.40
2008.07.01 02:23:18.517,2.1148,2.1152,1.90,2.40
2008.07.01 02:23:19.005,2.1148,2.1152,1.90,3.30
2008.07.01 02:23:20.989,2.1148,2.1152,4.30,1.00
2008.07.01 02:23:21.097,2.1148,2.1153,4.30,3.30
2008.07.01 02:23:21.169,2.1148,2.1153,4.30,2.40
2008.07.01 02:23:21.227,2.1148,2.1153,5.20,2.40
2008.07.01 02:23:21.307,2.1148,2.1153,6.70,2.40
2008.07.01 02:23:24.943,2.1148,2.1153,5.20,2.40
2008.07.01 02:23:26.257,2.1148,2.1153,4.30,2.40
2008.07.01 02:23:26.507,2.1148,2.1152,1.90,2.40
2008.07.01 02:23:26.874,2.1148,2.1152,1.00,2.40
2008.07.01 02:23:27.972,2.1148,2.1152,1.90,2.40
2008.07.01 02:23:28.485,2.1148,2.1152,1.00,2.40
2008.07.01 02:23:35.148,2.1147,2.1152,4.30,2.40
2008.07.01 02:23:35.216,2.1147,2.1152,3.30,2.40
2008.07.01 02:23:35.884,2.1148,2.1152,1.00,2.40
2008.07.01 02:23:37.056,2.1147,2.1151,1.00,2.40
2008.07.01 02:23:45.869,2.1146,2.1151,4.30,2.40
2008.07.01 02:23:46.930,2.1147,2.1151,1.00,2.40
2008.07.01 02:24:22.595,2.1147,2.1152,2.40,3.30
2008.07.01 02:24:22.710,2.1147,2.1152,3.30,2.40
2008.07.01 02:24:23.486,2.1147,2.1152,4.30,2.40
2008.07.01 02:24:24.530,2.1148,2.1152,1.00,2.40
2008.07.01 02:24:31.667,2.1147,2.1151,1.90,2.40
2008.07.01 02:24:31.723,2.1146,2.1151,8.00,2.40
2008.07.01 02:24:31.769,2.1146,2.1151,6.70,2.40
2008.07.01 02:24:32.203,2.1146,2.1151,5.70,2.40
2008.07.01 02:24:32.830,2.1146,2.1151,6.70,2.40
2008.07.01 02:24:33.379,2.1146,2.1151,5.20,2.40
2008.07.01 02:24:33.539,2.1147,2.1151,1.00,2.40
2008.07.01 02:24:34.966,2.1146,2.1151,5.20,2.40
2008.07.01 02:24:35.921,2.1147,2.1151,1.00,2.40
2008.07.01 02:25:46.019,2.1147,2.1151,1.00,3.30
2008.07.01 02:25:46.615,2.1147,2.11505,1.00,1.00
2008.07.01 02:25:46.825,2.1147,2.115,1.00,2.40
2008.07.01 02:25:47.074,2.1145,2.115,7.00,2.40
2008.07.01 02:25:47.295,2.1145,2.115,5.70,2.40
2008.07.01 02:25:47.734,2.1145,2.115,4.30,2.40
2008.07.01 02:25:53.890,2.1145,2.115,5.70,2.40
2008.07.01 02:25:55.141,2.1145,2.115,4.30,2.40
2008.07.01 02:25:55.757,2.1145,2.115,3.30,2.40
2008.07.01 02:25:56.161,2.1145,2.1149,1.00,2.40
2008.07.01 02:25:57.090,2.1145,2.1149,1.90,2.40
2008.07.01 02:25:57.385,2.1145,2.115,4.30,3.30
2008.07.01 02:25:58.021,2.1145,2.115,4.30,2.40
2008.07.01 02:26:59.716,2.1145,2.115,3.30,2.40
2008.07.01 02:26:59.771,2.1144,2.1149,5.20,2.40
2008.07.01 02:27:04.282,2.1144,2.1149,4.30,2.40
2008.07.01 02:27:04.326,2.1144,2.1149,3.30,2.40
2008.07.01 02:27:04.617,2.1144,2.1149,2.40,2.40
2008.07.01 02:27:10.411,2.1144,2.1149,2.40,4.30
2008.07.01 02:27:10.474,2.1144,2.1149,2.40,5.20
2008.07.01 02:27:10.525,2.1144,2.1149,2.40,3.30
2008.07.01 02:27:10.738,2.1144,2.1149,2.40,4.30
2008.07.01 02:27:11.004,2.1144,2.11485,2.40,1.00
2008.07.01 02:27:11.937,2.1144,2.1149,2.40,4.30
2008.07.01 02:27:12.576,2.1144,2.1149,2.40,3.30
2008.07.01 02:27:14.768,2.1143,2.1147,1.00,2.40
2008.07.01 02:27:15.117,2.1142,2.1147,2.40,2.40
2008.07.01 02:27:28.477,2.1141,2.1146,1.90,1.00
2008.07.01 02:27:28.541,2.114,2.1146,2.40,1.00
2008.07.01 02:27:29.043,2.114,2.1145,2.40,2.40
2008.07.01 02:27:37.058,2.114,2.1146,2.40,1.00
2008.07.01 02:27:37.331,2.114,2.1146,4.30,1.00
2008.07.01 02:27:37.394,2.11405,2.1147,1.00,3.30
2008.07.01 02:27:40.316,2.1141,2.1147,1.90,2.40
2008.07.01 02:27:40.474,2.1141,2.1147,3.20,2.40
2008.07.01 02:27:40.608,2.1142,2.1147,2.40,2.40
2008.07.01 02:27:41.121,2.1142,2.1147,2.40,3.30
2008.07.01 02:27:41.251,2.1141,2.1147,1.90,3.30
2008.07.01 02:27:41.384,2.11405,2.1147,1.00,3.30
2008.07.01 02:27:56.010,2.1141,2.1147,3.30,2.40
2008.07.01 02:27:56.055,2.1141,2.1147,5.60,2.40
2008.07.01 02:27:56.163,2.1142,2.1147,1.00,2.40
2008.07.01 02:27:56.397,2.1142,2.1147,3.30,2.40
2008.07.01 02:27:57.954,2.1142,2.1147,4.30,2.40
2008.07.01 02:27:58.703,2.1142,2.1145,1.90,2.40
2008.07.01 02:27:58.851,2.1142,2.1145,1.00,2.40
2008.07.01 02:27:59.254,2.1141,2.1145,2.80,2.40
2008.07.01 02:27:59.418,2.1142,2.1147,2.40,2.40
2008.07.01 02:28:01.213,2.1142,2.1147,3.30,2.40
2008.07.01 02:28:01.419,2.1142,2.1147,2.40,2.40
2008.07.01 02:28:06.146,2.1142,2.1147,2.40,3.30
2008.07.01 02:28:06.212,2.1142,2.11465,2.40,1.00
2008.07.01 02:28:06.374,2.1142,2.11465,2.40,2.40
2008.07.01 02:28:06.580,2.114,2.1145,5.20,2.40
2008.07.01 02:28:26.567,2.114,2.1145,4.30,2.40
2008.07.01 02:28:26.942,2.114,2.1145,3.30,2.40
2008.07.01 02:28:27.036,2.114,2.1145,2.40,2.40
2008.07.01 02:28:27.156,2.114,2.1145,3.30,2.40
2008.07.01 02:28:27.349,2.114,2.1145,4.30,2.40
2008.07.01 02:28:34.464,2.114,2.1145,3.30,2.40
2008.07.01 02:28:34.615,2.114,2.1145,2.40,2.40
2008.07.01 02:28:37.838,2.114,2.1145,4.30,2.40
2008.07.01 02:28:49.065,2.114,2.1145,5.70,2.40
2008.07.01 02:28:49.322,2.11405,2.1145,1.00,2.40
2008.07.01 02:28:49.897,2.1141,2.1146,2.40,2.40
2008.07.01 02:28:50.154,2.1141,2.1146,3.80,2.40
2008.07.01 02:28:50.966,2.1141,2.1146,2.40,2.40
2008.07.01 02:28:51.057,2.1141,2.1146,3.30,2.40
2008.07.01 02:28:59.524,2.1141,2.1146,3.30,3.30
2008.07.01 02:29:02.945,2.1141,2.1145,1.00,2.40
2008.07.01 02:29:03.147,2.11405,2.1145,1.00,2.40
2008.07.01 02:29:03.200,2.114,2.1145,4.30,2.40
2008.07.01 02:29:03.249,2.114,2.1145,2.40,2.40
2008.07.01 02:29:34.500,2.114,2.1145,3.30,2.40
2008.07.01 02:29:34.673,2.114,2.1145,4.30,2.40
2008.07.01 02:29:36.861,2.114,2.1145,3.30,2.40
2008.07.01 02:29:36.959,2.114,2.1145,2.40,2.40
2008.07.01 02:29:57.889,2.1139,2.1145,1.00,2.40
2008.07.01 02:29:58.008,2.1139,2.1144,1.00,1.40
2008.07.01 02:29:58.252,2.1139,2.1145,1.00,2.40
2008.07.01 02:29:58.494,2.114,2.1145,2.40,2.40
2008.07.01 02:29:59.123,2.1139,2.1145,1.00,2.40
2008.07.01 02:29:59.255,2.1138,2.11445,3.30,2.40
2008.07.01 02:30:00.348,2.1138,2.11445,4.30,2.40
2008.07.01 02:30:00.413,2.1139,2.1144,1.00,2.40
2008.07.01 02:30:00.481,2.1139,2.1145,1.00,3.30
2008.07.01 02:30:00.697,2.1139,2.1143,1.00,1.00
2008.07.01 02:30:00.730,2.1138,2.11435,4.60,1.00
2008.07.01 02:30:00.806,2.1138,2.11435,2.40,2.40
2008.07.01 02:30:01.131,2.1138,2.1143,2.40,2.40
2008.07.01 02:30:01.670,2.1137,2.1143,1.00,2.40
2008.07.01 02:30:01.822,2.1137,2.1142,1.00,1.40
2008.07.01 02:30:01.972,2.1138,2.1142,1.40,1.40
2008.07.01 02:30:02.455,2.1138,2.11425,1.40,2.40
2008.07.01 02:30:02.566,2.1138,2.11425,4.80,2.40
2008.07.01 02:30:02.721,2.1138,2.11425,3.30,2.40
2008.07.01 02:30:02.834,2.1138,2.1143,2.40,2.40
2008.07.01 02:30:03.817,2.1138,2.1143,2.40,3.30
2008.07.01 02:30:04.100,2.1138,2.11425,2.40,1.00
2008.07.01 02:30:04.391,2.1136,2.1141,5.70,2.40
2008.07.01 02:30:05.975,2.1138,2.1141,1.40,2.40
2008.07.01 02:30:06.248,2.1138,2.11425,3.80,2.40
2008.07.01 02:30:06.518,2.1138,2.11425,4.80,2.40
2008.07.01 02:30:06.951,2.1138,2.1143,4.30,2.40
2008.07.01 02:30:07.611,2.1138,2.1143,2.40,2.40
2008.07.01 02:30:09.302,2.1138,2.11425,2.40,1.00
2008.07.01 02:30:09.492,2.1138,2.11425,2.40,2.40
2008.07.01 02:30:09.901,2.1136,2.1141,5.70,2.40
2008.07.01 02:30:10.687,2.1138,2.11425,2.40,2.40
2008.07.01 02:30:10.875,2.1138,2.1143,3.80,2.40
2008.07.01 02:30:10.981,2.1138,2.1143,4.80,2.40
2008.07.01 02:30:11.034,2.1138,2.1143,5.70,2.40
2008.07.01 02:30:11.730,2.1138,2.1143,4.30,2.40
2008.07.01 02:30:11.777,2.1138,2.1143,3.30,2.40
2008.07.01 02:30:11.990,2.1138,2.1143,2.40,2.40
2008.07.01 02:30:14.590,2.1138,2.11425,2.40,1.00
2008.07.01 02:30:14.628,2.1138,2.11425,2.40,2.40
2008.07.01 02:30:15.164,2.1136,2.1141,5.70,2.40
2008.07.01 02:30:17.905,2.1138,2.11425,2.40,2.40
2008.07.01 02:30:18.045,2.1138,2.1142,2.40,1.40
2008.07.01 02:30:18.295,2.1138,2.1143,2.40,2.40
2008.07.01 02:30:24.195,2.1138,2.1143,3.80,2.40
2008.07.01 02:30:24.387,2.1138,2.1143,4.80,2.40
2008.07.01 02:30:24.616,2.114,2.11445,2.40,2.40
2008.07.01 02:30:24.773,2.114,2.1145,2.40,2.40
2008.07.01 02:30:25.192,2.114,2.11445,2.40,1.00
2008.07.01 02:30:25.351,2.114,2.11445,2.40,2.40
2008.07.01 02:30:25.593,2.1138,2.1143,5.70,2.40
2008.07.01 02:30:27.269,2.1139,2.1143,1.00,2.40
2008.07.01 02:30:27.419,2.114,2.1143,1.00,2.40
2008.07.01 02:30:27.473,2.114,2.1144,4.30,1.40
2008.07.01 02:30:27.530,2.114,2.1145,4.30,2.40
2008.07.01 02:30:30.815,2.114,2.1145,3.30,2.40
2008.07.01 02:30:31.000,2.114,2.1145,2.40,2.40
2008.07.01 02:30:31.642,2.114,2.1145,3.30,2.40
2008.07.01 02:30:31.757,2.114,2.1145,4.30,2.40
2008.07.01 02:30:32.250,2.114,2.1145,2.40,2.40
2008.07.01 02:30:32.488,2.114,2.1145,3.30,2.40
2008.07.01 02:30:32.614,2.114,2.1145,4.30,2.40
2008.07.01 02:30:35.987,2.114,2.1145,3.30,2.40
2008.07.01 02:30:36.334,2.114,2.1145,2.40,2.40
2008.07.01 02:30:37.895,2.114,2.1145,3.30,2.40
2008.07.01 02:30:38.047,2.114,2.1145,4.30,2.40
2008.07.01 02:30:46.019,2.114,2.1143,1.00,2.40
2008.07.01 02:30:46.303,2.1138,2.1143,5.70,2.40
2008.07.01 02:30:46.566,2.114,2.11445,2.40,2.40
2008.07.01 02:30:46.762,2.114,2.1145,2.40,2.40
2008.07.01 02:30:48.283,2.114,2.1145,3.30,2.40
2008.07.01 02:30:48.773,2.114,2.1145,4.30,2.40
2008.07.01 02:31:03.962,2.1141,2.1145,1.00,2.40
2008.07.01 02:31:04.824,2.114,2.1145,4.30,2.40
2008.07.01 02:31:21.032,2.1142,2.1145,1.00,2.40
2008.07.01 02:31:22.121,2.1141,2.1145,1.00,2.40
2008.07.01 02:31:26.018,2.1142,2.1145,1.00,2.40
2008.07.01 02:31:26.827,2.1143,2.1145,1.00,2.40
2008.07.01 02:31:27.563,2.1142,2.1145,1.00,2.40
2008.07.01 02:31:27.901,2.114,2.1145,3.30,2.40
2008.07.01 02:31:28.973,2.114,2.1145,4.30,2.40
2008.07.01 02:31:40.507,2.114,2.1145,3.30,2.40
2008.07.01 02:31:40.686,2.114,2.1145,2.40,2.40
2008.07.01 02:31:41.230,2.114,2.1145,2.40,3.30
2008.07.01 02:31:42.986,2.114,2.1145,3.30,3.30
2008.07.01 02:31:43.043,2.114,2.1145,4.30,3.30
2008.07.01 02:31:43.325,2.114,2.1145,4.30,2.40
2008.07.01 02:31:43.839,2.114,2.1145,3.30,2.40
2008.07.01 02:31:44.080,2.114,2.1145,3.30,3.30
2008.07.01 02:31:44.294,2.114,2.1145,2.40,3.30
2008.07.01 02:31:46.096,2.114,2.1145,3.30,3.30
2008.07.01 02:31:46.208,2.114,2.1145,4.30,3.30
2008.07.01 02:31:46.777,2.114,2.1145,3.30,3.30
2008.07.01 02:31:46.907,2.114,2.1145,2.40,3.30
2008.07.01 02:31:48.064,2.114,2.1145,3.30,3.30
2008.07.01 02:31:48.276,2.114,2.1145,4.30,3.30
2008.07.01 02:31:48.387,2.114,2.1145,3.30,3.30
2008.07.01 02:31:48.447,2.114,2.1145,2.40,3.30
2008.07.01 02:31:49.454,2.114,2.1145,3.30,3.30
2008.07.01 02:31:49.625,2.114,2.1145,4.30,3.30
2008.07.01 02:31:50.402,2.114,2.1145,3.30,3.30
2008.07.01 02:31:50.466,2.114,2.1145,2.40,3.30
2008.07.01 02:31:50.968,2.114,2.1145,2.40,4.30
2008.07.01 02:31:51.242,2.114,2.1145,2.40,3.30
2008.07.01 02:31:52.064,2.114,2.1145,2.40,5.20
2008.07.01 02:31:52.179,2.114,2.11445,2.40,1.00
2008.07.01 02:31:52.480,2.1138,2.1143,5.60,2.40
2008.07.01 02:31:52.561,2.1138,2.1143,3.30,2.40
2008.07.01 02:31:52.846,2.1138,2.1143,2.40,2.40
2008.07.01 02:31:54.063,2.1138,2.1143,4.30,2.40
2008.07.01 02:32:16.040,2.114,2.1144,2.40,1.00
2008.07.01 02:32:18.895,2.1138,2.1143,4.30,2.40
2008.07.01 02:32:25.178,2.1138,2.1143,3.30,2.40
2008.07.01 02:32:25.897,2.1138,2.1143,2.40,2.40
2008.07.01 02:32:26.885,2.1138,2.1143,3.30,2.40
2008.07.01 02:32:30.848,2.1138,2.1143,4.80,2.40
2008.07.01 02:32:36.260,2.1138,2.1143,3.80,2.40
2008.07.01 02:32:37.008,2.1138,2.1143,4.80,2.40
2008.07.01 02:32:50.751,2.1138,2.1142,2.40,2.40
2008.07.01 02:32:50.994,2.1138,2.1142,1.00,2.40
2008.07.01 02:32:51.542,2.1137,2.1142,4.30,2.40
2008.07.01 02:32:51.879,2.1137,2.1142,2.40,2.40
2008.07.01 02:32:53.684,2.1138,2.1142,1.40,2.40
2008.07.01 02:32:53.869,2.1138,2.1142,2.40,2.40
2008.07.01 02:32:54.483,2.1138,2.1142,1.00,2.40
2008.07.01 02:32:54.540,2.11375,2.1142,1.00,2.40
2008.07.01 02:32:54.591,2.1138,2.1143,2.40,2.40
2008.07.01 02:32:54.673,2.1138,2.1143,3.30,2.40
2008.07.01 02:32:54.828,2.1138,2.1143,2.40,2.40
2008.07.01 02:32:55.238,2.1138,2.11425,2.40,1.00
2008.07.01 02:32:55.589,2.1138,2.11425,2.40,2.40
2008.07.01 02:32:55.700,2.1136,2.1141,5.70,2.40
2008.07.01 02:32:55.809,2.1136,2.1141,4.80,2.40
2008.07.01 02:32:55.921,2.1136,2.1141,5.70,2.40
2008.07.01 02:32:57.027,2.1136,2.1141,4.80,2.40
2008.07.01 02:32:58.025,2.1136,2.1141,5.70,2.40
2008.07.01 02:33:08.006,2.1136,2.1141,6.20,2.40
2008.07.01 02:33:08.046,2.1137,2.1141,1.40,2.40
2008.07.01 02:33:08.094,2.1137,2.1141,2.40,2.40
2008.07.01 02:33:08.344,2.1137,2.1141,1.00,2.40
2008.07.01 02:33:08.380,2.1138,2.1141,1.00,2.40
2008.07.01 02:33:08.848,2.1136,2.1141,5.70,2.40
2008.07.01 02:33:12.296,2.1137,2.1141,1.40,2.40
2008.07.01 02:33:12.429,2.11365,2.1141,1.00,2.40
2008.07.01 02:33:12.506,2.1137,2.1141,1.40,2.40
2008.07.01 02:33:14.330,2.1137,2.1141,2.40,2.40
2008.07.01 02:33:16.919,2.1137,2.1141,1.00,2.40
2008.07.01 02:33:17.308,2.1138,2.1143,2.40,3.30
2008.07.01 02:33:17.465,2.1138,2.1143,2.40,2.40
2008.07.01 02:33:18.766,2.1138,2.1143,2.40,3.30
2008.07.01 02:33:19.071,2.1137,2.1141,1.00,2.40
2008.07.01 02:33:19.546,2.1136,2.1141,2.40,2.40
2008.07.01 02:33:20.642,2.1135,2.114,4.80,2.40
2008.07.01 02:33:21.054,2.1135,2.114,3.80,2.40
2008.07.01 02:33:21.564,2.1136,2.114,1.40,2.40
2008.07.01 02:33:21.863,2.1136,2.114,1.90,2.40
2008.07.01 02:33:22.392,2.1135,2.114,6.10,2.40
2008.07.01 02:33:22.592,2.1135,2.114,4.80,2.40
2008.07.01 02:33:23.819,2.1135,2.114,6.70,2.40
2008.07.01 02:33:23.957,2.1135,2.114,7.20,2.40
2008.07.01 02:33:24.025,2.1136,2.114,1.40,2.40
2008.07.01 02:33:24.210,2.1137,2.114,1.00,2.40
2008.07.01 02:33:24.545,2.1137,2.1141,1.00,2.40
2008.07.01 02:33:25.542,2.1137,2.1141,2.40,2.40
2008.07.01 02:33:29.482,2.1137,2.1141,1.00,2.40
2008.07.01 02:33:30.340,2.1137,2.1141,1.40,2.40
2008.07.01 02:33:30.376,2.1137,2.1142,3.80,2.40
2008.07.01 02:33:30.429,2.1137,2.1142,4.80,2.40
2008.07.01 02:33:30.461,2.1137,2.1142,5.70,2.40
2008.07.01 02:33:32.934,2.1137,2.1142,4.30,2.40
2008.07.01 02:33:33.341,2.1137,2.1142,3.30,2.40
2008.07.01 02:33:33.446,2.1137,2.1142,2.40,3.30
2008.07.01 02:33:33.505,2.1137,2.1142,2.40,2.40
2008.07.01 02:33:33.816,2.1137,2.11415,2.40,1.00
2008.07.01 02:33:34.083,2.1137,2.11415,2.40,2.40
2008.07.01 02:33:34.220,2.1137,2.114,1.00,2.40
2008.07.01 02:33:34.742,2.1137,2.1141,1.00,2.40
2008.07.01 02:33:34.885,2.1137,2.1141,2.40,2.40
2008.07.01 02:33:35.325,2.1137,2.1142,4.80,2.40
2008.07.01 02:33:35.786,2.1137,2.1142,5.70,2.40
2008.07.01 02:33:38.818,2.1137,2.1142,4.30,2.40
2008.07.01 02:33:39.262,2.1137,2.1141,3.30,1.40
2008.07.01 02:33:39.421,2.1137,2.11415,2.40,2.40
2008.07.01 02:33:39.780,2.1135,2.114,5.70,2.40
2008.07.01 02:33:40.794,2.1135,2.114,4.80,2.40
2008.07.01 02:33:42.794,2.1135,2.114,5.70,2.40
2008.07.01 02:33:42.853,2.1135,2.114,4.30,2.40
2008.07.01 02:33:42.943,2.1135,2.114,3.30,2.40
2008.07.01 02:33:43.316,2.1135,2.1139,1.00,2.40
2008.07.01 02:33:50.180,2.1135,2.1138,1.00,2.40
2008.07.01 02:33:50.764,2.1133,2.1138,6.70,2.40
2008.07.01 02:33:56.321,2.1133,2.1138,8.00,2.40
2008.07.01 02:33:56.421,2.1133,2.1138,6.70,2.40
2008.07.01 02:33:58.557,2.1134,2.1138,1.00,2.40
2008.07.01 02:33:58.604,2.1135,2.1138,1.00,2.40
2008.07.01 02:33:59.090,2.1135,2.1139,1.00,2.40
2008.07.01 02:34:08.579,2.1135,2.1138,1.00,2.40
2008.07.01 02:34:09.339,2.1133,2.1137,1.00,2.40
2008.07.01 02:34:15.359,2.1132,2.1137,3.30,2.40
2008.07.01 02:34:15.496,2.1132,2.1135,1.00,2.40
2008.07.01 02:34:15.537,2.1131,2.1135,2.20,2.40
2008.07.01 02:34:15.722,2.1131,2.1135,1.00,2.40
2008.07.01 02:34:15.897,2.1131,2.1135,2.40,2.40
2008.07.01 02:34:15.974,2.1131,2.1135,3.30,2.40
2008.07.01 02:34:16.148,2.1131,2.1136,5.70,2.40
2008.07.01 02:34:16.908,2.1131,2.1136,6.20,2.40
2008.07.01 02:34:17.071,2.1132,2.1136,1.40,2.40
2008.07.01 02:34:17.232,2.1131,2.1136,8.60,2.40
2008.07.01 02:34:17.339,2.1132,2.1136,1.00,2.40
2008.07.01 02:34:17.573,2.1133,2.1136,1.00,2.40
2008.07.01 02:34:17.642,2.1133,2.1137,1.00,2.40
2008.07.01 02:34:20.506,2.1132,2.1137,3.30,2.40
2008.07.01 02:34:20.587,2.1132,2.1136,1.00,2.40
2008.07.01 02:34:21.037,2.1132,2.1136,1.40,2.40
2008.07.01 02:34:21.209,2.1132,2.1136,2.40,2.40
2008.07.01 02:34:21.298,2.1133,2.1136,1.00,2.40
2008.07.01 02:34:21.657,2.1133,2.1137,1.00,2.40
2008.07.01 02:34:36.327,2.1133,2.1136,1.00,2.40
2008.07.01 02:34:36.551,2.1131,2.1136,6.20,2.40
2008.07.01 02:34:36.768,2.1131,2.1136,7.60,2.40
2008.07.01 02:34:36.984,2.1131,2.1136,5.70,2.40
2008.07.01 02:34:39.265,2.1132,2.1136,1.40,2.40
2008.07.01 02:34:39.644,2.1133,2.1136,1.00,2.40
2008.07.01 02:34:39.852,2.1133,2.1137,1.00,2.40
2008.07.01 02:34:47.145,2.1133,2.1137,2.40,2.40
2008.07.01 02:34:47.284,2.1133,2.1137,2.80,2.40
2008.07.01 02:34:47.317,2.1134,2.11385,2.40,2.40
2008.07.01 02:34:47.655,2.1134,2.11385,2.40,1.00
2008.07.01 02:34:47.688,2.1134,2.1139,3.30,2.40
2008.07.01 02:34:47.749,2.1135,2.1139,1.00,2.40
2008.07.01 02:35:05.119,2.1134,2.1139,3.30,2.40
2008.07.01 02:35:05.150,2.1134,2.1138,1.00,2.40
2008.07.01 02:35:05.197,2.1133,2.1138,4.60,2.40
2008.07.01 02:35:05.337,2.1133,2.1138,3.30,2.40
2008.07.01 02:35:05.739,2.1133,2.1137,1.00,2.40
2008.07.01 02:35:36.134,2.1133,2.1137,2.40,2.40
2008.07.01 02:35:36.388,2.1133,2.1138,4.80,2.40
2008.07.01 02:35:36.768,2.1133,2.1138,5.70,2.40
2008.07.01 02:35:38.908,2.1133,2.1138,6.20,2.40
2008.07.01 02:35:38.995,2.1135,2.1138,1.00,2.40
2008.07.01 02:35:39.551,2.1135,2.1139,1.00,2.40
2008.07.01 02:35:43.370,2.1135,2.1137,1.00,2.40
2008.07.01 02:35:43.635,2.1133,2.1137,1.00,2.40
2008.07.01 02:35:44.229,2.1133,2.1137,1.40,2.40
2008.07.01 02:35:44.520,2.1134,2.1137,1.40,2.40
2008.07.01 02:35:44.714,2.1135,2.1139,1.00,2.40
2008.07.01 02:36:09.466,2.11351,2.11397,1.00,1.30
2008.07.01 02:36:09.565,2.11356,2.11401,1.00,1.90
2008.07.01 02:36:21.415,2.11353,2.11388,1.00,2.40
2008.07.01 02:36:21.782,2.11331,2.11371,1.00,1.30
2008.07.01 02:36:22.145,2.11325,2.11355,1.00,1.30
2008.07.01 02:36:23.532,2.11324,2.11369,1.00,2.40
2008.07.01 02:36:25.606,2.11335,2.11375,1.00,2.40
2008.07.01 02:36:25.684,2.11343,2.11378,1.00,1.30
2008.07.01 02:36:27.469,2.11343,2.11388,1.00,1.90
2008.07.01 02:36:27.621,2.11347,2.11387,1.00,1.30
2008.07.01 02:36:29.294,2.11346,2.11392,1.00,2.40
2008.07.01 02:37:10.090,2.1134,2.1139,6.70,2.40
2008.07.01 02:37:10.143,2.1134,2.1138,4.30,2.40
2008.07.01 02:37:10.200,2.1134,2.1138,2.40,2.40
2008.07.01 02:37:10.263,2.1134,2.1138,1.40,2.40
2008.07.01 02:37:10.479,2.1133,2.1138,7.60,2.40
2008.07.01 02:37:10.955,2.1133,2.1138,9.00,2.40
2008.07.01 02:37:11.202,2.11335,2.1138,1.00,2.40
2008.07.01 02:37:11.317,2.1133,2.1138,9.00,2.40
2008.07.01 02:37:11.435,2.1133,2.1138,7.60,2.40
2008.07.01 02:37:12.685,2.1133,2.1138,5.70,2.40
2008.07.01 02:37:12.860,2.1133,2.1138,3.30,2.40
2008.07.01 02:37:13.408,2.1133,2.1137,1.00,2.40
2008.07.01 02:37:17.540,2.1132,2.1137,4.80,2.40
2008.07.01 02:37:17.574,2.1132,2.1136,2.40,2.40
2008.07.01 02:37:17.641,2.1132,2.1136,1.40,2.40
2008.07.01 02:37:17.871,2.1131,2.1136,6.20,2.40
2008.07.01 02:37:17.898,2.1131,2.1136,5.70,2.40
2008.07.01 02:37:18.684,2.1131,2.1136,7.60,2.40
2008.07.01 02:37:38.373,2.1131,2.1136,6.20,2.40
2008.07.01 02:37:38.742,2.1131,2.1136,3.30,2.40
2008.07.01 02:37:39.209,2.1131,2.1135,1.00,2.40
2008.07.01 02:37:42.213,2.1131,2.1135,2.40,2.40
2008.07.01 02:37:42.377,2.1131,2.1136,4.80,2.40
2008.07.01 02:37:42.578,2.1131,2.1136,6.20,2.40
2008.07.01 02:37:42.624,2.1132,2.1136,1.40,2.40
2008.07.01 02:37:42.692,2.1132,2.1136,2.40,2.40
2008.07.01 02:37:42.803,2.1133,2.1136,1.00,2.40
2008.07.01 02:37:43.160,2.1133,2.1137,1.00,2.40
2008.07.01 02:37:50.758,2.1133,2.1137,2.40,2.40
2008.07.01 02:37:50.947,2.1133,2.1137,1.00,2.40
2008.07.01 02:37:51.539,2.11325,2.1137,1.00,2.40
2008.07.01 02:37:52.500,2.1134,2.1137,1.00,2.40
2008.07.01 02:37:57.550,2.1133,2.1137,1.00,2.40
2008.07.01 02:37:57.627,2.1133,2.1137,2.40,2.40
2008.07.01 02:37:57.885,2.1133,2.1137,3.30,2.40
2008.07.01 02:37:57.965,2.1133,2.1137,1.90,2.40
2008.07.01 02:37:58.046,2.1134,2.1137,1.00,2.40
2008.07.01 02:37:58.149,2.1134,2.1138,1.00,2.40
2008.07.01 02:37:58.522,2.1134,2.1138,2.40,2.40
2008.07.01 02:37:58.718,2.1134,2.1138,1.00,2.40
2008.07.01 02:38:00.085,2.1135,2.1138,1.00,2.40
2008.07.01 02:38:01.720,2.1135,2.1139,1.00,2.40
2008.07.01 02:38:08.104,2.1134,2.1139,3.80,2.40
2008.07.01 02:38:08.172,2.1134,2.1139,2.40,2.40
2008.07.01 02:38:08.486,2.1133,2.1138,8.10,2.40
2008.07.01 02:38:11.692,2.1133,2.1138,6.20,2.40
2008.07.01 02:38:15.157,2.1133,2.1138,7.20,2.40
2008.07.01 02:38:15.252,2.1134,2.1138,1.90,2.40
2008.07.01 02:38:15.431,2.1135,2.1138,1.00,2.40
2008.07.01 02:38:15.953,2.1135,2.1139,1.00,2.40
2008.07.01 02:38:18.400,2.1135,2.114,3.30,2.40
2008.07.01 02:38:21.049,2.1135,2.1139,1.00,2.40
2008.07.01 02:38:46.022,2.1136,2.114,2.40,1.90
2008.07.01 02:38:46.160,2.1137,2.114,1.00,1.90
2008.07.01 02:38:46.391,2.1137,2.114,1.00,1.00
2008.07.01 02:38:46.467,2.1137,2.1141,1.00,2.40
2008.07.01 02:38:50.755,2.1137,2.114,1.00,2.40
2008.07.01 02:38:50.776,2.11355,2.114,1.00,2.40
2008.07.01 02:38:51.046,2.1135,2.114,4.80,2.40
2008.07.01 02:38:51.235,2.1135,2.114,3.30,2.40
2008.07.01 02:38:51.561,2.1135,2.114,3.30,3.30
2008.07.01 02:38:52.483,2.1135,2.114,3.30,2.40
2008.07.01 02:38:54.514,2.1135,2.1139,1.00,2.40
2008.07.01 02:39:00.801,2.1135,2.114,3.30,3.30
2008.07.01 02:39:00.912,2.1135,2.114,4.80,3.30
2008.07.01 02:39:01.013,2.1135,2.114,4.80,2.40
2008.07.01 02:39:01.285,2.11355,2.114,1.00,2.40
2008.07.01 02:39:01.677,2.1136,2.1141,2.40,2.40
2008.07.01 02:39:01.810,2.1137,2.1141,1.00,2.40
2008.07.01 02:39:02.633,2.1135,2.114,4.60,2.40
2008.07.01 02:39:02.802,2.1135,2.114,6.10,2.40
2008.07.01 02:39:02.880,2.1135,2.114,4.80,2.40
2008.07.01 02:39:03.849,2.1135,2.114,3.30,2.40
2008.07.01 02:39:04.165,2.1135,2.114,4.80,2.40
2008.07.01 02:39:04.344,2.1137,2.114,1.00,2.40
2008.07.01 02:39:05.032,2.1137,2.1141,1.00,2.40
2008.07.01 02:39:07.231,2.1137,2.1141,1.00,3.30
2008.07.01 02:39:07.359,2.1137,2.1141,1.00,6.20
2008.07.01 02:39:07.630,2.11355,2.1139,1.00,2.40
2008.07.01 02:39:07.743,2.1135,2.1139,2.20,2.40
2008.07.01 02:39:07.911,2.1135,2.1139,1.00,2.40
2008.07.01 02:39:08.042,2.1135,2.114,3.30,3.30
2008.07.01 02:39:08.191,2.1135,2.114,4.80,3.30
2008.07.01 02:39:08.482,2.1135,2.114,4.80,2.40
2008.07.01 02:39:08.640,2.1135,2.114,5.70,2.40
2008.07.01 02:39:08.799,2.1137,2.114,1.00,2.40
2008.07.01 02:39:08.968,2.1137,2.1141,1.00,3.30
2008.07.01 02:39:09.339,2.1137,2.1141,1.00,2.40
2008.07.01 02:39:09.948,2.1137,2.114,1.00,2.40
2008.07.01 02:39:10.180,2.1135,2.114,4.80,2.40
2008.07.01 02:39:10.312,2.1135,2.114,5.70,2.40
2008.07.01 02:39:10.514,2.11355,2.114,1.00,2.40
2008.07.01 02:39:10.699,2.1137,2.114,1.00,2.40
2008.07.01 02:39:11.143,2.1137,2.1141,1.00,5.20
2008.07.01 02:39:11.339,2.1136,2.1141,2.40,2.40
2008.07.01 02:39:11.473,2.1136,2.1141,2.40,8.10
2008.07.01 02:39:11.605,2.1136,2.114,2.40,4.80
2008.07.01 02:39:11.734,2.1135,2.114,3.30,2.40
2008.07.01 02:39:11.861,2.1135,2.114,4.80,2.40
2008.07.01 02:39:15.806,2.1135,2.114,3.30,2.40
2008.07.01 02:39:15.955,2.1135,2.114,3.30,3.30
2008.07.01 02:39:16.451,2.1135,2.1139,1.00,2.40
2008.07.01 02:39:16.780,2.1135,2.1139,2.40,2.40
2008.07.01 02:39:16.952,2.1135,2.114,4.80,2.40
2008.07.01 02:39:20.715,2.1135,2.114,3.30,2.40
2008.07.01 02:39:20.949,2.1135,2.114,3.30,3.30
2008.07.01 02:39:21.338,2.1135,2.1139,1.00,2.40
2008.07.01 02:39:22.618,2.1135,2.1139,2.40,2.40
2008.07.01 02:39:22.858,2.1135,2.114,4.80,3.30
2008.07.01 02:39:23.280,2.1135,2.114,4.80,2.40
2008.07.01 02:39:35.095,2.1135,2.114,3.30,2.40
2008.07.01 02:39:35.183,2.1135,2.114,3.30,3.30
2008.07.01 02:39:35.624,2.1135,2.1139,1.00,2.40
2008.07.01 02:39:36.595,2.1135,2.114,4.80,3.30
2008.07.01 02:39:36.804,2.1135,2.114,4.80,2.40
2008.07.01 02:39:38.273,2.1135,2.114,3.30,2.40
2008.07.01 02:39:38.485,2.1135,2.114,3.30,3.30
2008.07.01 02:39:38.923,2.1135,2.1139,1.00,2.40
2008.07.01 02:39:39.409,2.1135,2.1139,2.40,2.40
2008.07.01 02:39:39.681,2.1135,2.114,4.80,3.30
2008.07.01 02:39:40.322,2.1135,2.114,4.80,2.40
2008.07.01 02:39:40.381,2.1135,2.114,3.30,2.40
2008.07.01 02:39:40.876,2.1135,2.114,3.30,3.30
2008.07.01 02:39:40.940,2.1135,2.1139,1.00,2.40
2008.07.01 02:39:41.122,2.1135,2.1139,2.40,2.40
2008.07.01 02:39:41.788,2.1135,2.114,4.80,3.30
2008.07.01 02:39:41.989,2.1135,2.114,4.80,2.40
2008.07.01 02:39:44.110,2.1135,2.114,3.30,2.40
2008.07.01 02:39:44.444,2.1135,2.114,5.70,2.40
2008.07.01 02:39:44.616,2.11355,2.114,1.00,2.40
2008.07.01 02:39:44.647,2.1136,2.114,2.40,1.00
2008.07.01 02:39:44.851,2.1137,2.1141,1.00,3.30
2008.07.01 02:39:49.765,2.1136,2.11415,2.40,6.70
2008.07.01 02:39:49.908,2.11355,2.11405,1.00,4.80
2008.07.01 02:39:49.965,2.1135,2.11405,6.10,4.80
2008.07.01 02:39:49.996,2.1135,2.11405,4.80,4.80
2008.07.01 02:39:52.943,2.1135,2.11405,3.30,4.80
2008.07.01 02:39:53.152,2.1135,2.11405,3.30,6.70
2008.07.01 02:39:53.549,2.1135,2.11395,1.00,4.80
2008.07.01 02:39:54.493,2.1135,2.11395,2.40,4.80
2008.07.01 02:39:54.682,2.1135,2.11405,4.80,7.20
2008.07.01 02:39:54.837,2.1135,2.11405,4.80,4.80
2008.07.01 02:40:02.907,2.1135,2.114,6.20,2.40
2008.07.01 02:40:03.038,2.1137,2.114,1.00,2.40
2008.07.01 02:40:03.479,2.1137,2.1141,1.00,3.30
2008.07.01 02:40:03.538,2.1137,2.1141,1.00,2.40
2008.07.01 02:40:08.500,2.1137,2.114,1.00,2.40
2008.07.01 02:40:08.572,2.11355,2.114,1.00,2.40
2008.07.01 02:40:09.028,2.1135,2.114,4.80,2.40
2008.07.01 02:40:10.453,2.1135,2.114,6.20,2.40
2008.07.01 02:40:10.648,2.1137,2.114,1.00,2.40
2008.07.01 02:40:11.028,2.1137,2.1141,1.00,2.40
2008.07.01 02:40:13.241,2.1137,2.114,1.00,2.40
2008.07.01 02:40:13.695,2.1137,2.1141,2.40,1.00
2008.07.01 02:40:14.003,2.1137,2.1142,2.40,4.30
2008.07.01 02:40:16.918,2.1137,2.11415,2.40,1.00
2008.07.01 02:40:17.102,2.1137,2.11415,2.40,2.40
2008.07.01 02:40:17.395,2.1135,2.114,4.80,2.40
2008.07.01 02:40:18.008,2.1135,2.114,7.60,2.40
2008.07.01 02:40:18.333,2.1137,2.114,1.00,2.40
2008.07.01 02:40:18.852,2.1137,2.1141,1.00,2.40
2008.07.01 02:40:35.390,2.1137,2.1141,2.40,2.40
2008.07.01 02:40:35.419,2.1137,2.1142,4.80,4.30
2008.07.01 02:40:35.510,2.1137,2.1142,4.80,3.30
2008.07.01 02:40:35.622,2.1137,2.1142,4.80,2.40
2008.07.01 02:40:35.949,2.1137,2.1142,3.30,2.40
2008.07.01 02:40:36.586,2.1137,2.1142,2.40,2.40
2008.07.01 02:40:37.329,2.1137,2.1142,3.80,2.40
2008.07.01 02:40:37.640,2.1137,2.1142,4.80,2.40
2008.07.01 02:40:39.537,2.1137,2.1142,3.30,2.40
2008.07.01 02:40:39.658,2.1137,2.1142,5.70,2.40
2008.07.01 02:40:40.006,2.1138,2.1143,2.40,3.30
2008.07.01 02:40:40.127,2.1138,2.1143,2.40,2.40
2008.07.01 02:40:40.246,2.1138,2.1143,3.80,2.40
2008.07.01 02:40:41.398,2.1138,2.1143,4.80,2.40
2008.07.01 02:40:41.528,2.1138,2.1143,3.30,2.40
2008.07.01 02:40:56.055,2.1139,2.1143,2.40,2.40
2008.07.01 02:40:56.352,2.114,2.1145,3.30,3.30
2008.07.01 02:40:56.598,2.114,2.1145,3.30,2.40
2008.07.01 02:41:11.562,2.114,2.1144,1.00,2.40
2008.07.01 02:41:11.840,2.1139,2.1144,3.80,2.40
2008.07.01 02:41:11.969,2.1139,2.1144,2.40,2.40
2008.07.01 02:41:13.614,2.1139,2.1144,4.80,2.40
2008.07.01 02:41:13.766,2.114,2.1144,1.00,2.40
2008.07.01 02:41:14.070,2.114,2.1145,3.30,3.30
2008.07.01 02:41:15.496,2.114,2.1145,3.30,2.40
2008.07.01 02:41:21.819,2.114,2.11455,6.20,7.20
2008.07.01 02:41:21.999,2.1141,2.11455,1.40,7.20
2008.07.01 02:41:22.107,2.1142,2.11465,2.40,3.90
2008.07.01 02:41:22.489,2.1142,2.11475,3.30,9.10
2008.07.01 02:41:22.685,2.1142,2.11475,3.30,8.10
2008.07.01 02:41:27.314,2.1142,2.11465,1.00,4.80
2008.07.01 02:41:27.524,2.1141,2.11465,2.40,7.20
2008.07.01 02:41:35.913,2.1141,2.1146,3.80,2.40
2008.07.01 02:41:36.495,2.1142,2.1146,1.00,2.40
2008.07.01 02:41:36.609,2.1142,2.1146,3.30,1.40
2008.07.01 02:41:36.916,2.1142,2.1147,3.30,3.30
2008.07.01 02:41:37.009,2.1142,2.1147,3.30,2.40
2008.07.01 02:41:38.386,2.1142,2.1146,1.00,2.40
2008.07.01 02:41:38.620,2.11415,2.1146,1.00,2.40
2008.07.01 02:41:38.842,2.1141,2.1146,3.30,2.40
2008.07.01 02:41:39.290,2.1141,2.1146,2.40,2.40
2008.07.01 02:41:44.236,2.1141,2.11455,2.40,1.00
2008.07.01 02:41:44.301,2.1141,2.11455,2.40,2.40
2008.07.01 02:41:44.473,2.1141,2.11455,2.40,1.00
2008.07.01 02:41:44.781,2.1141,2.1146,2.40,2.40
2008.07.01 02:41:46.951,2.1141,2.11455,2.40,1.00
2008.07.01 02:41:47.063,2.1141,2.11455,2.40,2.40
2008.07.01 02:41:47.849,2.1141,2.1146,2.40,2.40
2008.07.01 02:41:53.068,2.1141,2.11455,2.40,2.40
2008.07.01 02:41:53.464,2.114,2.1145,3.30,2.40
2008.07.01 02:42:24.923,2.114,2.1145,4.30,2.40
2008.07.01 02:42:25.065,2.114,2.1145,5.20,2.40
2008.07.01 02:42:25.223,2.114,2.1145,6.70,2.40
2008.07.01 02:42:25.445,2.1142,2.1146,1.00,2.40
2008.07.01 02:42:25.566,2.1141,2.1146,2.40,2.40
2008.07.01 02:42:28.395,2.1141,2.1146,3.80,2.40
2008.07.01 02:42:28.509,2.1141,2.1146,4.80,2.40
2008.07.01 02:42:28.542,2.1142,2.1146,1.00,2.40
2008.07.01 02:42:29.241,2.1142,2.1147,3.30,3.30
2008.07.01 02:42:29.312,2.1142,2.1147,3.30,2.40
2008.07.01 02:42:34.381,2.1142,2.1147,4.80,2.40
2008.07.01 02:42:34.494,2.1142,2.1147,5.70,2.40
2008.07.01 02:42:34.552,2.1143,2.11475,2.40,2.40
2008.07.01 02:42:34.768,2.1143,2.1147,2.40,1.40
2008.07.01 02:42:34.903,2.1143,2.1148,2.40,2.40
2008.07.01 02:42:39.761,2.1143,2.11475,2.40,1.00
2008.07.01 02:42:39.837,2.1143,2.11475,2.40,2.40
2008.07.01 02:42:39.910,2.1142,2.1147,3.30,2.40
2008.07.01 02:42:42.927,2.1142,2.1147,4.80,2.40
2008.07.01 02:42:43.142,2.1143,2.11475,2.40,2.40
2008.07.01 02:42:43.251,2.1143,2.1148,2.40,2.40
2008.07.01 02:42:48.488,2.1143,2.1148,3.30,2.40
2008.07.01 02:42:48.525,2.1144,2.1148,1.00,2.40
2008.07.01 02:42:49.048,2.1144,2.1149,3.30,3.30
2008.07.01 02:42:52.878,2.1144,2.1148,1.00,2.40
2008.07.01 02:42:52.982,2.1143,2.1148,4.80,2.40
2008.07.01 02:42:53.107,2.1143,2.1148,3.30,2.40
2008.07.01 02:42:53.409,2.1143,2.1148,2.40,2.40
2008.07.01 02:43:17.685,2.1143,2.1148,3.30,2.40
2008.07.01 02:43:17.744,2.1143,2.1148,2.40,2.40
2008.07.01 02:43:20.193,2.11435,2.1148,1.00,2.40
2008.07.01 02:43:20.430,2.1143,2.1148,4.30,2.40
2008.07.01 02:43:20.609,2.1143,2.1148,2.40,2.40
2008.07.01 02:43:21.739,2.1143,2.1147,2.40,1.40
2008.07.01 02:43:21.829,2.1142,2.1147,3.30,2.40
2008.07.01 02:43:22.767,2.1142,2.1147,4.30,2.40
2008.07.01 02:43:22.878,2.1142,2.1147,5.20,2.40
2008.07.01 02:43:23.041,2.1142,2.1147,4.30,2.40
2008.07.01 02:43:23.247,2.1142,2.1147,3.30,2.40
2008.07.01 02:43:25.755,2.1142,2.1147,4.80,2.40
2008.07.01 02:43:25.807,2.1142,2.1147,5.70,2.40
2008.07.01 02:43:26.010,2.1143,2.1147,1.40,2.40
2008.07.01 02:43:26.083,2.1143,2.1148,4.80,2.40
2008.07.01 02:43:26.184,2.1143,2.1148,5.70,2.40
2008.07.01 02:43:26.318,2.1143,2.1148,4.30,2.40
2008.07.01 02:43:26.381,2.1144,2.1148,1.00,2.40
2008.07.01 02:43:27.037,2.1143,2.1148,2.40,2.40
2008.07.01 02:43:33.855,2.1143,2.11475,2.40,1.00
2008.07.01 02:43:34.093,2.1143,2.11475,2.40,2.40
2008.07.01 02:43:34.401,2.1142,2.1147,3.30,2.40
2008.07.01 02:43:35.004,2.1142,2.1147,4.80,2.40
2008.07.01 02:43:35.158,2.1143,2.11475,2.40,2.40
2008.07.01 02:43:35.388,2.1143,2.1147,2.40,1.40
2008.07.01 02:43:35.559,2.1143,2.1148,2.40,2.40
2008.07.01 02:43:36.432,2.1143,2.11475,2.40,1.00
2008.07.01 02:43:36.834,2.1142,2.1147,3.30,2.40
2008.07.01 02:43:37.533,2.1142,2.1147,4.30,2.40
2008.07.01 02:43:37.633,2.1142,2.1147,5.20,2.40
2008.07.01 02:43:37.832,2.1142,2.1147,6.70,2.40
2008.07.01 02:43:37.936,2.1143,2.1148,2.40,2.40
2008.07.01 02:43:39.023,2.1143,2.1148,3.30,2.40
2008.07.01 02:43:39.216,2.1142,2.1147,3.30,2.40
2008.07.01 02:43:39.910,2.1142,2.1147,4.30,2.40
2008.07.01 02:43:40.067,2.1142,2.1147,6.70,2.40
2008.07.01 02:43:40.218,2.1143,2.1148,2.40,2.40
2008.07.01 02:43:40.367,2.1143,2.11475,2.40,1.00
2008.07.01 02:43:40.733,2.1143,2.11475,2.40,2.40
2008.07.01 02:43:41.034,2.1142,2.1147,4.80,2.40
2008.07.01 02:43:41.231,2.1142,2.1147,5.70,2.40
2008.07.01 02:43:41.348,2.1143,2.1147,2.40,1.40
2008.07.01 02:43:41.623,2.1143,2.1148,2.40,2.40
2008.07.01 02:43:43.948,2.1142,2.1147,5.20,2.40
2008.07.01 02:43:43.980,2.1142,2.1147,4.30,2.40
2008.07.01 02:43:44.483,2.1143,2.1147,1.00,2.40
2008.07.01 02:43:44.690,2.1143,2.1147,1.90,2.40
2008.07.01 02:43:45.062,2.1143,2.1148,4.30,2.40
2008.07.01 02:43:51.216,2.1143,2.1148,5.70,2.40
2008.07.01 02:43:51.303,2.1144,2.11485,2.40,2.40
2008.07.01 02:43:51.841,2.1143,2.1148,2.40,2.40
2008.07.01 02:44:00.762,2.1143,2.11475,2.40,1.00
2008.07.01 02:44:00.823,2.1143,2.11475,2.40,2.40
2008.07.01 02:44:00.897,2.1142,2.1147,3.30,2.40
2008.07.01 02:44:01.509,2.1143,2.1147,1.00,2.40
2008.07.01 02:44:01.610,2.1144,2.11475,2.40,2.40
2008.07.01 02:44:01.800,2.1144,2.1149,3.30,2.40
2008.07.01 02:44:03.376,2.1144,2.11485,2.40,1.00
2008.07.01 02:44:03.619,2.1143,2.1148,2.40,2.40
2008.07.01 02:44:05.108,2.1143,2.1147,2.40,1.40
2008.07.01 02:44:05.186,2.1142,2.1147,4.30,2.40
2008.07.01 02:44:05.804,2.1142,2.1147,3.30,2.40
2008.07.01 02:44:20.232,2.1142,2.1147,4.80,2.40
2008.07.01 02:44:20.307,2.1143,2.11475,2.40,2.40
2008.07.01 02:44:20.822,2.1143,2.11475,2.40,1.00
2008.07.01 02:44:20.896,2.1143,2.1148,2.40,2.40
2008.07.01 02:44:21.001,2.1143,2.1148,3.30,2.40
2008.07.01 02:44:21.546,2.1143,2.1148,2.40,2.40
2008.07.01 02:44:26.039,2.1143,2.1148,3.30,2.40
2008.07.01 02:44:26.189,2.1144,2.1148,1.00,2.40
2008.07.01 02:44:26.603,2.1144,2.1149,3.30,2.40
2008.07.01 02:44:32.545,2.1144,2.1149,4.60,2.40
2008.07.01 02:44:32.632,2.1145,2.1149,1.00,2.40
2008.07.01 02:44:33.109,2.11455,2.1149,1.00,2.40
2008.07.01 02:44:33.730,2.1145,2.1149,1.90,2.40
2008.07.01 02:44:33.850,2.1144,2.1149,5.70,2.40
2008.07.01 02:44:34.960,2.1146,2.115,2.40,1.00
2008.07.01 02:44:35.102,2.1146,2.1151,2.40,1.00
2008.07.01 02:44:35.344,2.1146,2.11515,2.40,2.40
2008.07.01 02:44:35.591,2.1146,2.1151,2.40,1.40
2008.07.01 02:44:35.722,2.1146,2.1152,2.40,1.00
2008.07.01 02:44:37.341,2.1146,2.1152,2.80,1.00
2008.07.01 02:44:37.426,2.1147,2.11525,1.40,2.40
2008.07.01 02:44:37.547,2.1147,2.1152,1.40,1.00
2008.07.01 02:44:37.767,2.11485,2.1152,1.00,1.40
2008.07.01 02:44:37.870,2.1149,2.1155,3.30,2.80
2008.07.01 02:44:37.935,2.1149,2.1154,3.30,1.90
2008.07.01 02:44:38.109,2.1149,2.11555,3.30,2.40
2008.07.01 02:44:39.455,2.1149,2.1154,3.30,2.40
2008.07.01 02:44:39.648,2.1149,2.1154,2.40,3.30
2008.07.01 02:44:40.018,2.1147,2.1152,6.60,2.40
2008.07.01 02:44:40.593,2.1147,2.1152,5.20,2.40
2008.07.01 02:44:40.827,2.1147,2.1152,4.30,3.30
2008.07.01 02:44:41.000,2.1147,2.1152,5.70,3.30
2008.07.01 02:44:43.875,2.1147,2.1151,4.80,1.00
2008.07.01 02:44:48.878,2.1147,2.1151,3.80,1.00
2008.07.01 02:45:02.919,2.11451,2.11497,1.00,1.90
2008.07.01 02:45:04.792,2.11464,2.11494,2.00,1.00
2008.07.01 02:45:04.838,2.11455,2.11495,4.50,1.00
2008.07.01 02:45:05.021,2.11435,2.11475,3.00,1.00
2008.07.01 02:45:23.694,2.11392,2.11498,1.30,1.00
2008.07.01 02:45:25.224,2.11401,2.11496,1.00,1.00
2008.07.01 02:45:51.380,2.11434,2.11484,1.00,1.90
2008.07.01 02:45:51.884,2.11452,2.11492,2.00,1.00
2008.07.01 02:45:52.724,2.11456,2.11506,1.00,1.00
2008.07.01 02:45:53.000,2.11461,2.11511,1.00,1.00
2008.07.01 02:46:37.120,2.1147,2.1151,2.40,1.00
2008.07.01 02:46:37.420,2.1146,2.1151,3.30,2.40
2008.07.01 02:46:37.480,2.1146,2.1151,3.30,3.30
2008.07.01 02:46:37.533,2.1146,2.1151,2.40,3.30
2008.07.01 02:46:52.357,2.1147,2.1151,2.40,1.40
2008.07.01 02:46:52.548,2.1147,2.1152,2.40,2.40
2008.07.01 02:46:52.898,2.1149,2.1152,1.40,2.40
2008.07.01 02:46:53.099,2.1149,2.1152,2.40,2.40
2008.07.01 02:46:53.171,2.115,2.1153,2.40,1.40
2008.07.01 02:46:53.288,2.115,2.1154,2.40,1.00
2008.07.01 02:46:53.411,2.115,2.11545,2.40,1.00
2008.07.01 02:46:53.595,2.115,2.1155,2.40,3.30
2008.07.01 02:46:54.576,2.115,2.1155,2.40,2.40
2008.07.01 02:46:56.377,2.11505,2.1155,1.00,2.40
2008.07.01 02:46:56.775,2.11505,2.1155,1.00,5.20
2008.07.01 02:46:56.820,2.1151,2.1152,2.40,1.00
2008.07.01 02:46:57.376,2.1147,2.1152,2.40,2.40
2008.07.01 02:46:59.175,2.11475,2.1152,1.00,2.40
2008.07.01 02:46:59.278,2.1148,2.1152,1.00,2.40
2008.07.01 02:46:59.385,2.1149,2.1153,2.40,1.00
2008.07.01 02:46:59.623,2.1149,2.1154,3.30,2.40
2008.07.01 02:46:59.822,2.115,2.1155,2.40,4.30
2008.07.01 02:47:00.094,2.115,2.1155,2.40,3.30
2008.07.01 02:47:09.284,2.115,2.1155,2.40,2.40
2008.07.01 02:47:23.911,2.115,2.1155,2.40,3.30
2008.07.01 02:47:24.112,2.1149,2.1154,4.30,2.40
2008.07.01 02:47:24.199,2.1149,2.1154,2.40,2.40
2008.07.01 02:47:25.462,2.1149,2.1153,2.40,1.00
2008.07.01 02:47:25.520,2.1149,2.1153,2.40,1.90
2008.07.01 02:47:25.806,2.1149,2.1153,2.40,2.40
2008.07.01 02:47:25.876,2.1149,2.1153,2.40,1.00
2008.07.01 02:47:25.931,2.1147,2.1152,3.30,2.40
2008.07.01 02:47:27.099,2.1148,2.1153,2.40,3.30
2008.07.01 02:47:27.252,2.1149,2.1153,1.00,3.30
2008.07.01 02:47:27.411,2.1149,2.1153,1.00,2.40
2008.07.01 02:47:27.875,2.115,2.1155,2.40,4.30
2008.07.01 02:47:28.110,2.115,2.1155,2.40,3.30
2008.07.01 02:47:28.496,2.115,2.1155,2.40,2.40
2008.07.01 02:47:29.031,2.1149,2.1154,4.30,2.40
2008.07.01 02:47:29.250,2.1149,2.1154,2.40,2.40
2008.07.01 02:47:29.909,2.1149,2.1154,3.30,2.40
2008.07.01 02:47:30.043,2.1149,2.1154,4.30,2.40
2008.07.01 02:47:30.296,2.1149,2.1154,5.60,2.40
2008.07.01 02:47:30.670,2.11495,2.1152,1.00,2.40
2008.07.01 02:47:30.850,2.1149,2.1152,1.90,2.40
2008.07.01 02:47:31.184,2.1147,2.1152,3.30,2.40
2008.07.01 02:47:32.371,2.1149,2.1153,2.40,1.00
2008.07.01 02:47:32.485,2.1149,2.1153,2.40,1.40
2008.07.01 02:47:32.687,2.1149,2.1154,3.30,3.30
2008.07.01 02:47:32.816,2.1149,2.1154,3.30,2.40
2008.07.01 02:48:03.314,2.1149,2.11535,3.30,1.00
2008.07.01 02:48:10.718,2.1149,2.11535,4.80,1.00
2008.07.01 02:48:10.931,2.1149,2.11535,3.30,1.00
2008.07.01 02:48:18.249,2.1149,2.1154,3.30,3.30
2008.07.01 02:48:20.657,2.1149,2.1153,3.30,1.40
2008.07.01 02:48:20.747,2.1149,2.1153,3.30,1.90
2008.07.01 02:48:20.932,2.1149,2.1152,1.00,2.40
2008.07.01 02:48:21.012,2.11475,2.1152,1.00,2.40
2008.07.01 02:48:21.746,2.1147,2.1152,3.30,3.30
2008.07.01 02:48:32.392,2.1147,2.1152,4.30,3.30
2008.07.01 02:48:32.503,2.1148,2.1152,2.40,1.00
2008.07.01 02:48:32.564,2.1148,2.1153,2.40,2.40
2008.07.01 02:48:42.946,2.1149,2.1153,2.40,1.40
2008.07.01 02:48:43.412,2.1149,2.1154,2.40,3.30
2008.07.01 02:48:43.582,2.1149,2.1154,2.40,2.40
2008.07.01 02:48:46.195,2.1149,2.1154,2.40,3.30
2008.07.01 02:48:46.465,2.1148,2.1153,2.40,2.40
2008.07.01 02:48:51.438,2.1149,2.1154,2.40,3.30
2008.07.01 02:48:51.585,2.1149,2.1154,2.40,2.40
2008.07.01 02:48:58.480,2.1149,2.1154,2.40,3.30
2008.07.01 02:48:58.880,2.1148,2.1153,2.40,2.40
2008.07.01 02:49:02.032,2.1148,2.1153,2.40,3.30
2008.07.01 02:49:05.145,2.1149,2.1153,2.40,1.00
2008.07.01 02:49:05.225,2.1149,2.1153,2.40,1.40
2008.07.01 02:49:05.293,2.1149,2.1154,2.40,3.30
2008.07.01 02:49:09.303,2.1149,2.1154,2.40,2.40
2008.07.01 02:49:09.434,2.1149,2.1154,2.40,3.30
2008.07.01 02:49:11.226,2.1149,2.1154,2.40,2.40
2008.07.01 02:49:11.408,2.1149,2.1154,2.40,3.30
2008.07.01 02:49:12.352,2.1149,2.1153,2.40,1.00
2008.07.01 02:49:12.908,2.1148,2.1153,2.40,3.30
2008.07.01 02:49:16.866,2.1148,2.1153,2.40,2.40
2008.07.01 02:49:16.925,2.1148,2.1153,2.40,3.30
2008.07.01 02:49:24.337,2.1149,2.1153,2.40,1.00
2008.07.01 02:49:24.439,2.1149,2.1153,3.80,1.00
2008.07.01 02:49:24.503,2.1149,2.1153,4.80,1.00
2008.07.01 02:49:24.550,2.1149,2.1154,4.80,3.30
2008.07.01 02:49:24.775,2.1149,2.1154,3.30,3.30
2008.07.01 02:49:24.834,2.1149,2.1154,2.40,3.30
2008.07.01 02:49:26.398,2.1149,2.1154,3.80,3.30
2008.07.01 02:49:26.579,2.1149,2.1154,4.80,3.30
2008.07.01 02:49:26.639,2.1149,2.1154,4.80,2.40
2008.07.01 02:49:27.072,2.115,2.11545,2.40,1.00
2008.07.01 02:49:31.228,2.115,2.11545,2.40,1.90
2008.07.01 02:49:31.262,2.1149,2.1154,2.40,2.40
2008.07.01 02:49:31.541,2.1149,2.1154,2.40,3.30
2008.07.01 02:49:40.897,2.1149,2.1154,2.40,1.00
2008.07.01 02:49:48.197,2.1149,2.1155,2.40,3.30
2008.07.01 02:49:50.463,2.11485,2.1154,1.00,2.40
2008.07.01 02:49:50.707,2.1148,2.1154,4.30,3.30
2008.07.01 02:49:50.853,2.1148,2.1154,2.40,3.30
2008.07.01 02:50:07.549,2.1148,2.1154,2.40,5.20
2008.07.01 02:50:07.774,2.1148,2.1153,2.40,3.30
2008.07.01 02:50:07.821,2.1148,2.1153,2.40,1.00
2008.07.01 02:50:42.750,2.1148,2.1153,2.40,1.40
2008.07.01 02:50:42.830,2.1148,2.1154,2.40,3.30
2008.07.01 02:50:46.115,2.1148,2.1154,2.40,5.20
2008.07.01 02:50:46.281,2.1148,2.1152,2.40,1.40
2008.07.01 02:50:46.321,2.1148,2.11525,2.40,2.40
2008.07.01 02:50:59.183,2.1148,2.11525,2.40,3.30
2008.07.01 02:51:10.614,2.1148,2.11525,2.40,4.30
2008.07.01 02:51:10.681,2.1147,2.11525,3.30,4.30
2008.07.01 02:51:10.734,2.1147,2.11515,3.30,1.00
2008.07.01 02:51:10.934,2.1147,2.11515,3.30,2.40
2008.07.01 02:51:11.132,2.1147,2.11515,2.40,2.40
2008.07.01 02:51:12.662,2.1146,2.11515,2.40,2.40
2008.07.01 02:51:12.855,2.1146,2.11515,2.40,3.30
2008.07.01 02:51:12.993,2.1146,2.11505,2.40,1.00
2008.07.01 02:51:13.163,2.1146,2.11505,2.40,2.40
2008.07.01 02:51:29.038,2.1147,2.11505,2.40,2.40
2008.07.01 02:51:29.242,2.1147,2.115,2.40,1.40
2008.07.01 02:51:29.280,2.1147,2.11515,2.40,2.40
2008.07.01 02:51:35.733,2.1147,2.11515,2.40,1.00
2008.07.01 02:51:36.053,2.1147,2.11515,2.40,2.40
2008.07.01 02:51:48.894,2.1146,2.11515,2.40,2.40
2008.07.01 02:51:48.940,2.1146,2.11515,2.40,3.30
2008.07.01 02:51:48.970,2.1146,2.115,2.40,1.00
2008.07.01 02:51:49.171,2.1146,2.11505,2.40,1.90
2008.07.01 02:51:49.364,2.1146,2.11505,2.40,2.40
2008.07.01 02:52:11.300,2.1145,2.11505,3.30,2.40
2008.07.01 02:52:11.490,2.1145,2.11505,2.40,3.30
2008.07.01 02:52:11.777,2.1145,2.115,2.40,1.00
2008.07.01 02:52:14.146,2.1146,2.115,2.40,1.00
2008.07.01 02:52:14.561,2.1146,2.115,2.40,1.40
2008.07.01 02:52:14.821,2.1146,2.1151,2.40,3.30
2008.07.01 02:52:21.717,2.1146,2.1151,2.40,2.40
2008.07.01 02:52:49.489,2.11455,2.115,1.00,2.40
2008.07.01 02:52:49.702,2.1145,2.115,1.90,2.40
2008.07.01 02:52:49.925,2.1144,2.115,4.30,3.30
2008.07.01 02:52:50.069,2.1144,2.115,2.40,3.30
2008.07.01 02:52:54.197,2.1144,2.115,3.30,2.40
2008.07.01 02:52:54.530,2.1144,2.115,2.40,3.30
2008.07.01 02:53:03.350,2.1144,2.11495,2.40,1.00
2008.07.01 02:53:03.573,2.1144,2.11495,2.40,2.40
2008.07.01 02:53:04.904,2.1145,2.11495,2.40,2.40
2008.07.01 02:53:05.332,2.1144,2.11495,2.40,2.40
2008.07.01 02:53:05.640,2.1144,2.1149,3.30,1.40
2008.07.01 02:53:05.797,2.1144,2.11495,2.40,2.40
2008.07.01 02:53:12.157,2.1145,2.11495,2.40,2.40
2008.07.01 02:53:12.386,2.1145,2.1149,2.40,1.40
2008.07.01 02:53:12.482,2.1145,2.115,2.40,2.40
2008.07.01 02:53:12.997,2.1144,2.115,3.30,2.40
2008.07.01 02:53:13.262,2.1144,2.11495,2.40,2.40
2008.07.01 02:53:19.484,2.1144,2.11495,2.40,3.30
2008.07.01 02:53:29.626,2.1143,2.1149,5.20,2.40
2008.07.01 02:53:30.001,2.1143,2.1149,4.30,2.40
2008.07.01 02:53:30.163,2.1143,2.11485,2.40,1.00
2008.07.01 02:53:30.330,2.1143,2.11485,2.40,2.40
2008.07.01 02:53:33.136,2.1142,2.1148,3.30,2.40
2008.07.01 02:53:33.510,2.1142,2.11475,2.40,1.00
2008.07.01 02:53:33.558,2.1142,2.11475,2.40,2.40
2008.07.01 02:53:34.680,2.1144,2.11475,2.40,2.40
2008.07.01 02:53:35.142,2.1144,2.11485,2.40,1.00
2008.07.01 02:53:35.402,2.1144,2.1149,2.40,1.00
2008.07.01 02:53:37.883,2.1143,2.1148,2.40,1.00
2008.07.01 02:53:38.228,2.1142,2.1148,2.40,3.30
2008.07.01 02:53:38.399,2.1142,2.11475,2.40,2.40
2008.07.01 02:53:41.101,2.1141,2.1147,3.30,2.40
2008.07.01 02:53:41.386,2.1141,2.1147,4.30,2.40
2008.07.01 02:53:41.656,2.1141,2.1146,1.90,2.40
2008.07.01 02:53:42.024,2.1141,2.1146,1.00,2.40
2008.07.01 02:53:42.223,2.114,2.11455,5.70,2.40
2008.07.01 02:53:42.593,2.114,2.11455,2.40,2.40
2008.07.01 02:53:44.313,2.114,2.11455,2.40,3.30
2008.07.01 02:53:44.507,2.1139,2.1145,5.20,2.40
2008.07.01 02:53:44.669,2.1139,2.1145,3.30,2.40
2008.07.01 02:53:45.090,2.1139,2.1144,3.30,1.40
2008.07.01 02:53:45.531,2.1139,2.11445,2.40,2.40
2008.07.01 02:53:46.679,2.1139,2.11445,3.80,2.40
2008.07.01 02:53:47.027,2.114,2.11445,2.40,2.40
2008.07.01 02:53:47.209,2.114,2.1145,2.40,2.40
2008.07.01 02:53:49.672,2.114,2.11455,2.40,2.40
2008.07.01 02:53:49.988,2.11405,2.1147,1.00,1.00
2008.07.01 02:53:50.445,2.11405,2.11475,1.00,3.30
2008.07.01 02:53:51.802,2.1143,2.11475,2.40,3.30
2008.07.01 02:53:52.115,2.1143,2.1147,2.40,1.40
2008.07.01 02:53:52.336,2.1143,2.11485,2.40,1.00
2008.07.01 02:53:53.985,2.1143,2.1148,2.40,2.40
2008.07.01 02:54:14.902,2.1143,2.11485,2.40,2.40
2008.07.01 02:54:15.343,2.1143,2.1148,2.40,1.40
2008.07.01 02:54:15.461,2.1143,2.1149,2.40,4.30
2008.07.01 02:54:17.900,2.1143,2.1149,3.80,4.30
2008.07.01 02:54:18.070,2.1144,2.1149,2.40,4.30
2008.07.01 02:54:18.141,2.1144,2.1149,2.40,3.30
2008.07.01 02:54:18.282,2.1144,2.1149,2.40,2.40
2008.07.01 02:54:18.561,2.1145,2.1149,2.40,2.40
2008.07.01 02:54:19.684,2.1144,2.1149,2.40,2.40
2008.07.01 02:54:21.829,2.1145,2.11495,2.40,2.40
2008.07.01 02:54:22.303,2.1145,2.1149,2.40,1.40
2008.07.01 02:54:22.350,2.1145,2.115,2.40,3.30
2008.07.01 02:54:22.433,2.1145,2.115,2.40,4.30
2008.07.01 02:54:22.950,2.1145,2.115,2.40,3.30
2008.07.01 02:54:23.721,2.1144,2.1149,2.40,2.40
2008.07.01 02:54:26.793,2.1146,2.1149,2.40,1.40
2008.07.01 02:54:27.092,2.1146,2.115,2.40,1.00
2008.07.01 02:54:27.405,2.1147,2.115,2.40,1.00
2008.07.01 02:54:27.694,2.1147,2.11505,2.40,1.00
2008.07.01 02:54:28.560,2.1146,2.11505,2.40,1.00
2008.07.01 02:54:29.516,2.1145,2.11505,2.40,1.00
2008.07.01 02:54:29.642,2.1145,2.115,2.40,1.00
2008.07.01 02:54:30.990,2.1145,2.115,5.20,1.00
2008.07.01 02:54:31.071,2.1148,2.115,2.40,1.00
2008.07.01 02:54:31.207,2.1148,2.1151,2.40,4.30
2008.07.01 02:54:31.283,2.1148,2.1151,2.40,3.30
2008.07.01 02:54:32.521,2.1146,2.1151,1.90,3.30
2008.07.01 02:54:32.659,2.1146,2.11505,1.00,1.90
2008.07.01 02:54:32.795,2.1144,2.11505,1.90,3.30
2008.07.01 02:54:33.001,2.1144,2.115,1.00,1.00
2008.07.01 02:54:33.255,2.1144,2.11495,1.00,1.00
2008.07.01 02:54:33.387,2.1144,2.11495,1.00,2.40
2008.07.01 02:54:37.025,2.1144,2.11495,1.90,2.40
2008.07.01 02:54:37.233,2.1144,2.11495,1.90,3.30
2008.07.01 02:54:37.266,2.1144,2.1149,1.90,1.00
2008.07.01 02:54:37.359,2.1144,2.1148,1.90,1.40
2008.07.01 02:54:37.391,2.1144,2.1148,4.30,1.40
2008.07.01 02:54:37.565,2.1144,2.11485,4.30,2.40
2008.07.01 02:54:38.229,2.1144,2.1148,4.30,1.40
2008.07.01 02:54:38.397,2.1144,2.11495,3.30,1.00
2008.07.01 02:54:38.979,2.1144,2.11495,2.40,1.00
2008.07.01 02:54:40.818,2.1144,2.11495,3.30,1.00
2008.07.01 02:54:44.426,2.1145,2.11495,1.00,1.00
2008.07.01 02:54:44.524,2.1145,2.115,1.00,3.30
2008.07.01 02:54:46.409,2.1145,2.115,1.00,1.00
2008.07.01 02:54:46.683,2.11455,2.115,1.00,1.00
2008.07.01 02:54:46.923,2.11455,2.11505,1.00,1.00
2008.07.01 02:54:57.549,2.1144,2.11505,3.30,3.30
2008.07.01 02:54:58.423,2.1144,2.115,3.30,1.00
2008.07.01 02:55:14.547,2.1147,2.115,2.40,1.00
2008.07.01 02:55:14.831,2.1147,2.11505,2.40,1.00
2008.07.01 02:55:26.846,2.1145,2.1149,3.30,2.40
2008.07.01 02:55:28.102,2.1145,2.1149,2.40,2.40
2008.07.01 02:55:28.185,2.1143,2.1149,4.30,3.30
2008.07.01 02:55:28.261,2.1143,2.1149,2.40,3.30
2008.07.01 02:55:28.821,2.1144,2.11495,2.40,3.30
2008.07.01 02:55:28.903,2.1143,2.1149,3.30,2.40
2008.07.01 02:55:29.373,2.1143,2.1149,2.40,3.30
2008.07.01 02:55:32.041,2.1143,2.1149,3.30,3.30
2008.07.01 02:55:33.151,2.1143,2.1148,1.00,2.40
2008.07.01 02:55:33.403,2.1143,2.1148,1.00,3.30
2008.07.01 02:55:33.436,2.1142,2.1148,2.40,3.30
2008.07.01 02:55:33.632,2.1142,2.1148,3.30,2.40
2008.07.01 02:55:33.664,2.1142,2.11485,3.30,2.40
2008.07.01 02:55:34.527,2.1142,2.1148,3.30,2.40
2008.07.01 02:55:34.738,2.1142,2.1148,2.40,3.30
2008.07.01 02:55:36.082,2.1142,2.1148,2.40,1.00
2008.07.01 02:55:36.416,2.1144,2.11485,2.40,3.30
2008.07.01 02:55:36.483,2.1144,2.1148,2.40,1.00
2008.07.01 02:55:36.936,2.1144,2.11485,2.40,1.00
2008.07.01 02:55:37.241,2.1144,2.1149,2.40,1.00
2008.07.01 02:55:40.323,2.1144,2.11495,2.40,3.30
2008.07.01 02:55:43.581,2.1144,2.11485,2.40,1.00
2008.07.01 02:55:44.700,2.1143,2.11485,2.40,1.00
2008.07.01 02:55:44.961,2.1143,2.1148,2.40,1.00
2008.07.01 02:55:48.007,2.1143,2.1148,3.30,1.00
2008.07.01 02:55:48.748,2.1143,2.11485,3.30,1.00
2008.07.01 02:55:50.142,2.1143,2.11485,2.40,1.00
2008.07.01 02:55:50.335,2.1143,2.1148,2.40,1.00
2008.07.01 02:55:50.423,2.1143,2.1147,2.40,1.00
2008.07.01 02:55:50.486,2.1143,2.1146,2.40,1.40
2008.07.01 02:55:57.820,2.1144,2.1146,2.40,1.40
2008.07.01 02:55:58.036,2.1144,2.11475,2.40,2.40
2008.07.01 02:55:58.287,2.1144,2.1147,2.40,1.40
2008.07.01 02:55:58.512,2.1144,2.11485,2.40,1.00
2008.07.01 02:55:59.003,2.1145,2.11485,2.40,1.00
2008.07.01 02:55:59.201,2.1145,2.1149,3.30,1.00
2008.07.01 02:55:59.503,2.1145,2.1149,4.30,1.00
2008.07.01 02:55:59.673,2.1145,2.115,4.30,1.00
2008.07.01 02:55:59.955,2.1145,2.115,1.90,3.30
2008.07.01 02:56:00.706,2.1144,2.1149,3.30,1.40
2008.07.01 02:56:00.988,2.1144,2.11495,2.40,2.40
2008.07.01 02:56:04.722,2.1144,2.11495,2.40,3.80
2008.07.01 02:56:04.759,2.1144,2.1148,2.40,2.40
2008.07.01 02:56:07.674,2.1144,2.11475,2.40,1.00
2008.07.01 02:56:07.756,2.1143,2.11475,3.30,1.00
2008.07.01 02:56:07.886,2.1143,2.1148,4.30,2.40
2008.07.01 02:56:08.301,2.1143,2.11485,4.30,2.40
2008.07.01 02:56:08.371,2.1143,2.1148,4.30,1.40
2008.07.01 02:56:08.499,2.1143,2.1149,4.30,3.30
2008.07.01 02:56:08.611,2.1143,2.1149,4.30,4.30
2008.07.01 02:56:10.334,2.1144,2.1149,2.40,1.00
2008.07.01 02:56:10.771,2.1144,2.11495,2.40,3.30
2008.07.01 02:56:11.793,2.1144,2.1148,2.40,2.40
2008.07.01 02:56:18.142,2.1143,2.1147,4.30,2.40
2008.07.01 02:56:18.292,2.1143,2.1147,3.30,2.40
2008.07.01 02:56:27.028,2.1143,2.1147,2.40,2.40
2008.07.01 02:56:27.991,2.1143,2.1147,3.30,2.40
2008.07.01 02:56:35.807,2.1143,2.1147,2.40,2.40
2008.07.01 02:56:37.694,2.1143,2.1147,3.30,2.40
2008.07.01 02:56:40.756,2.1144,2.1147,2.40,2.40
2008.07.01 02:56:42.669,2.1144,2.1148,2.40,2.40
2008.07.01 02:56:42.880,2.1144,2.1148,3.30,2.40
2008.07.01 02:56:43.145,2.1144,2.1148,4.30,2.40
2008.07.01 02:56:43.328,2.1144,2.1149,4.30,3.30
2008.07.01 02:56:43.426,2.1144,2.1149,4.30,2.40
2008.07.01 02:56:44.333,2.1145,2.1149,1.00,2.40
2008.07.01 02:56:47.214,2.1145,2.1149,1.00,3.30
2008.07.01 02:57:00.818,2.1145,2.1149,1.00,4.30
2008.07.01 02:57:01.122,2.1145,2.11485,1.00,1.00
2008.07.01 02:57:03.761,2.1145,2.1148,1.00,2.40
2008.07.01 02:57:04.768,2.1144,2.1148,4.30,2.40
2008.07.01 02:57:12.742,2.1144,2.1148,3.30,2.40
2008.07.01 02:57:12.779,2.1145,2.1148,2.40,2.40
2008.07.01 02:57:19.246,2.1143,2.1148,2.40,2.40
2008.07.01 02:57:19.607,2.1143,2.1148,2.40,3.30
2008.07.01 02:57:19.908,2.1143,2.1148,2.40,2.40
2008.07.01 02:57:23.632,2.1143,2.1148,2.40,3.30
2008.07.01 02:57:33.095,2.1143,2.11475,2.40,1.00
2008.07.01 02:57:33.302,2.1143,2.11475,2.40,1.90
2008.07.01 02:57:33.333,2.1143,2.11475,2.40,1.00
2008.07.01 02:57:34.095,2.1143,2.1146,2.40,2.40
2008.07.01 02:58:10.277,2.1142,2.1146,1.00,2.40
2008.07.01 02:58:10.476,2.1141,2.1146,2.40,2.40
2008.07.01 02:58:10.906,2.1141,2.1145,2.40,2.40
2008.07.01 02:58:46.955,2.114,2.1143,1.00,2.40
2008.07.01 02:58:47.326,2.1139,2.1143,5.20,2.40
2008.07.01 02:58:47.470,2.1139,2.1143,4.30,2.40
2008.07.01 02:58:47.567,2.1139,2.1143,2.40,2.40
2008.07.01 02:58:58.150,2.1138,2.1142,1.00,2.40
2008.07.01 02:58:58.405,2.1138,2.1142,1.00,2.80
2008.07.01 02:58:58.446,2.1138,2.1141,1.00,1.90
2008.07.01 02:58:58.641,2.1138,2.1141,1.00,2.40
2008.07.01 02:58:58.687,2.1137,2.1141,4.30,2.40
2008.07.01 02:58:58.770,2.1137,2.1141,2.40,2.40
2008.07.01 02:58:59.542,2.1137,2.1141,3.30,2.40
2008.07.01 02:58:59.880,2.1137,2.1141,4.30,2.40
2008.07.01 02:59:00.054,2.1137,2.1141,5.20,2.40
2008.07.01 02:59:00.424,2.1137,2.1141,2.40,2.40
2008.07.01 02:59:00.824,2.1137,2.1141,3.30,2.40
2008.07.01 02:59:01.157,2.1137,2.1141,5.20,2.40
2008.07.01 02:59:01.725,2.1137,2.1141,3.30,2.40
2008.07.01 02:59:02.080,2.1137,2.1141,2.40,2.40
2008.07.01 02:59:02.526,2.1137,2.11415,2.40,1.00
2008.07.01 02:59:02.672,2.1137,2.1142,2.40,3.30
2008.07.01 02:59:04.073,2.1137,2.1142,2.40,2.40
2008.07.01 02:59:04.158,2.1137,2.1141,2.40,1.40
2008.07.01 02:59:04.311,2.1137,2.1141,2.40,1.90
2008.07.01 02:59:04.385,2.1137,2.1141,2.40,2.40
2008.07.01 02:59:09.506,2.1137,2.1141,2.40,1.40
2008.07.01 02:59:09.642,2.1137,2.1142,2.40,3.30
2008.07.01 02:59:09.711,2.1137,2.1142,3.30,3.30
2008.07.01 02:59:09.773,2.1137,2.1142,4.30,3.30
2008.07.01 02:59:11.110,2.1138,2.1142,2.40,1.00
2008.07.01 02:59:11.252,2.1138,2.11425,2.40,2.40
2008.07.01 02:59:12.191,2.1138,2.1142,2.40,1.40
2008.07.01 02:59:12.410,2.1138,2.1143,2.40,3.30
2008.07.01 02:59:12.633,2.1138,2.1143,2.40,1.00
2008.07.01 02:59:12.873,2.1138,2.11435,2.40,3.30
2008.07.01 02:59:13.301,2.1137,2.1143,3.30,2.40
2008.07.01 02:59:13.508,2.1137,2.1142,3.30,2.40
2008.07.01 02:59:13.853,2.1137,2.1142,2.40,2.40
2008.07.01 02:59:13.962,2.1137,2.1142,3.30,2.40
2008.07.01 02:59:14.068,2.1137,2.1141,3.30,1.90
2008.07.01 02:59:14.190,2.1137,2.1141,3.30,2.40
2008.07.01 02:59:14.300,2.1137,2.1141,2.40,2.40
2008.07.01 02:59:18.596,2.1137,2.1141,3.30,2.40
2008.07.01 02:59:18.730,2.1137,2.1142,4.30,2.40
2008.07.01 02:59:18.946,2.1137,2.1143,5.20,3.30
2008.07.01 02:59:19.209,2.1138,2.1143,1.90,3.30
2008.07.01 02:59:19.466,2.1138,2.1143,1.90,2.40
2008.07.01 02:59:20.218,2.1138,2.11425,1.90,2.40
2008.07.01 02:59:20.488,2.1138,2.1142,1.90,1.00
2008.07.01 02:59:20.607,2.1138,2.11425,1.90,2.40
2008.07.01 02:59:20.919,2.1138,2.11405,1.90,1.00
2008.07.01 02:59:21.038,2.1138,2.11405,1.90,2.40
2008.07.01 02:59:21.267,2.1138,2.114,1.90,1.40
2008.07.01 02:59:21.470,2.1139,2.11425,1.00,2.40
2008.07.01 02:59:22.665,2.1138,2.11425,1.90,2.40
2008.07.01 02:59:23.657,2.1139,2.11425,1.00,2.40
2008.07.01 02:59:31.332,2.1137,2.11425,4.30,2.40
2008.07.01 02:59:31.376,2.1137,2.1142,1.90,2.40
2008.07.01 02:59:31.686,2.1137,2.11415,1.90,1.00
2008.07.01 02:59:31.762,2.1137,2.11415,1.90,2.40
2008.07.01 02:59:33.831,2.1139,2.11415,1.00,2.40
2008.07.01 02:59:34.100,2.1139,2.1141,1.00,1.40
2008.07.01 02:59:34.266,2.1139,2.11425,1.00,2.40
2008.07.01 02:59:34.467,2.1139,2.1142,1.00,2.40
2008.07.01 02:59:34.551,2.1139,2.11415,1.00,1.00
2008.07.01 02:59:34.596,2.1136,2.11415,4.30,1.00
2008.07.01 02:59:35.018,2.1136,2.11415,4.30,2.40
2008.07.01 02:59:35.543,2.1137,2.11415,1.00,2.40
2008.07.01 02:59:36.471,2.1138,2.11415,1.00,2.40
2008.07.01 02:59:36.804,2.1138,2.1141,1.00,2.40
2008.07.01 02:59:37.083,2.1137,2.1141,1.00,2.40
2008.07.01 02:59:37.180,2.1137,2.11405,1.00,1.00
2008.07.01 02:59:37.371,2.1137,2.11405,1.00,2.40
2008.07.01 02:59:38.231,2.1138,2.11405,1.00,2.40
2008.07.01 02:59:40.147,2.1138,2.1139,1.00,2.40
2008.07.01 02:59:40.592,2.1135,2.1139,1.00,2.40
2008.07.01 02:59:40.816,2.1135,2.11385,1.00,1.00
2008.07.01 02:59:41.072,2.1135,2.11385,1.00,2.40
2008.07.01 02:59:41.264,2.1135,2.1138,1.00,1.40
2008.07.01 02:59:41.449,2.1135,2.1139,1.00,1.00
2008.07.01 02:59:41.811,2.1135,2.11395,1.00,2.40
2008.07.01 02:59:42.173,2.1135,2.11395,1.90,2.40
2008.07.01 02:59:42.571,2.1135,2.1139,1.90,1.40
2008.07.01 02:59:42.863,2.1135,2.114,1.90,3.30
2008.07.01 02:59:43.248,2.11335,2.114,1.00,3.30
2008.07.01 02:59:43.388,2.1137,2.114,1.00,1.00
2008.07.01 02:59:43.569,2.1137,2.11395,1.00,1.00
2008.07.01 02:59:43.829,2.1137,2.1139,1.90,1.40
2008.07.01 02:59:43.947,2.1137,2.1141,1.90,3.30
2008.07.01 02:59:44.279,2.1137,2.1141,1.00,3.30
2008.07.01 02:59:45.169,2.1137,2.1141,1.90,3.30
2008.07.01 02:59:45.967,2.1137,2.114,1.00,2.40
2008.07.01 02:59:46.038,2.1137,2.1139,1.00,2.40
2008.07.01 02:59:46.109,2.1135,2.1139,1.90,2.40
2008.07.01 02:59:46.335,2.1135,2.114,1.90,2.40
2008.07.01 02:59:46.391,2.1135,2.114,1.00,3.30
2008.07.01 02:59:46.739,2.1135,2.114,1.90,2.40
2008.07.01 02:59:46.889,2.1135,2.1139,1.00,2.40
2008.07.01 02:59:47.511,2.1135,2.1139,1.00,3.30
2008.07.01 02:59:48.972,2.1135,2.1138,1.00,2.40
2008.07.01 02:59:49.068,2.1133,2.1138,1.90,2.40
2008.07.01 02:59:49.205,2.1133,2.1138,1.90,3.30
2008.07.01 02:59:49.418,2.1133,2.1138,1.90,4.30
2008.07.01 02:59:51.132,2.1133,2.1137,1.90,2.40
2008.07.01 02:59:51.461,2.1133,2.1137,1.00,2.40
2008.07.01 02:59:51.808,2.1133,2.1137,1.00,3.30
