2008.07.16 14:00:00.028,2.0885,2.0888,1.60,1.00
2008.07.16 14:00:00.230,2.0885,2.0888,1.60,2.80
2008.07.16 14:00:00.533,2.0884,2.0888,1.60,1.70
2008.07.16 14:00:00.747,2.0884,2.08875,1.00,2.10
2008.07.16 14:00:00.969,2.08835,2.08875,2.70,2.10
2008.07.16 14:00:01.188,2.0883,2.0886,1.60,1.00
2008.07.16 14:00:01.414,2.08835,2.0886,1.80,1.00
2008.07.16 14:00:01.639,2.0883,2.0886,1.60,1.00
2008.07.16 14:00:02.016,2.0883,2.0886,1.00,1.00
2008.07.16 14:00:02.219,2.0884,2.0886,3.20,1.00
2008.07.16 14:00:02.576,2.0884,2.0886,3.20,1.80
2008.07.16 14:00:02.953,2.08805,2.0886,4.40,2.90
2008.07.16 14:00:03.307,2.08805,2.08855,4.40,2.10
2008.07.16 14:00:03.496,2.08805,2.08855,2.70,3.20
2008.07.16 14:00:03.675,2.08805,2.08855,2.70,2.10
2008.07.16 14:00:03.857,2.08805,2.08855,2.70,2.10
2008.07.16 14:00:04.077,2.08815,2.08855,2.70,3.20
2008.07.16 14:00:04.413,2.0881,2.0884,1.00,1.00
2008.07.16 14:00:05.113,2.08815,2.0886,2.70,10.30
2008.07.16 14:00:05.393,2.08815,2.08855,3.70,1.00
2008.07.16 14:00:05.734,2.08815,2.08865,4.30,3.90
2008.07.16 14:00:05.814,2.08815,2.0886,5.40,1.70
2008.07.16 14:00:05.893,2.08815,2.0886,5.40,1.00
2008.07.16 14:00:06.264,2.0883,2.0887,2.70,3.20
2008.07.16 14:00:06.678,2.0883,2.0888,2.70,7.20
2008.07.16 14:00:06.873,2.0882,2.08875,1.00,2.10
2008.07.16 14:00:07.270,2.08825,2.0887,1.00,1.00
2008.07.16 14:00:07.814,2.08835,2.0887,2.70,1.00
2008.07.16 14:00:08.171,2.08835,2.0886,2.70,1.00
2008.07.16 14:00:08.551,2.08835,2.08875,2.70,3.20
2008.07.16 14:00:08.903,2.0884,2.0887,3.20,1.00
2008.07.16 14:00:09.148,2.08845,2.08885,3.70,2.90
2008.07.16 14:00:09.385,2.08845,2.0888,4.70,2.80
2008.07.16 14:00:09.602,2.08845,2.0888,5.40,1.00
2008.07.16 14:00:09.924,2.08845,2.0888,3.60,1.00
2008.07.16 14:00:10.256,2.0886,2.0891,2.70,6.20
2008.07.16 14:00:10.596,2.0886,2.089,2.70,1.00
2008.07.16 14:00:11.014,2.0886,2.0891,2.70,4.90
2008.07.16 14:00:11.551,2.08865,2.089,2.70,2.80
2008.07.16 14:00:11.815,2.08865,2.089,2.70,1.70
2008.07.16 14:00:13.035,2.08855,2.0889,2.70,1.00
2008.07.16 14:00:13.357,2.0886,2.08885,1.00,1.00
2008.07.16 14:00:13.720,2.08855,2.08895,2.70,2.80
2008.07.16 14:00:14.443,2.08855,2.0889,3.70,1.00
2008.07.16 14:00:14.593,2.08855,2.08885,3.70,1.00
2008.07.16 14:00:14.743,2.0887,2.089,2.70,4.30
2008.07.16 14:00:14.948,2.0887,2.08895,2.70,2.10
2008.07.16 14:00:15.150,2.08855,2.08885,1.00,1.00
2008.07.16 14:00:15.341,2.0885,2.08885,2.70,1.00
2008.07.16 14:00:15.553,2.0885,2.08895,2.70,3.90
2008.07.16 14:00:16.663,2.08855,2.08885,2.70,1.00
2008.07.16 14:00:17.370,2.08855,2.08885,2.70,3.20
2008.07.16 14:00:17.572,2.08845,2.08875,3.60,2.10
2008.07.16 14:00:17.772,2.08845,2.08875,2.70,2.10
2008.07.16 14:00:18.162,2.08835,2.0887,3.30,3.20
2008.07.16 14:00:18.524,2.08835,2.0886,1.00,1.00
2008.07.16 14:00:18.872,2.08825,2.0886,4.10,1.00
2008.07.16 14:00:19.620,2.08825,2.0886,3.50,1.00
2008.07.16 14:00:19.947,2.0883,2.0886,1.00,1.00
2008.07.16 14:00:20.101,2.08825,2.0886,3.30,1.00
2008.07.16 14:00:21.310,2.08815,2.08845,1.70,1.00
2008.07.16 14:00:21.558,2.08815,2.08845,1.00,1.00
2008.07.16 14:00:21.968,2.0883,2.0887,1.00,3.90
2008.07.16 14:00:22.240,2.0883,2.08865,1.00,1.00
2008.07.16 14:00:22.513,2.08815,2.08865,4.40,1.00
2008.07.16 14:00:23.069,2.0883,2.0886,1.00,1.00
2008.07.16 14:00:23.649,2.08825,2.0886,2.70,1.00
2008.07.16 14:00:23.855,2.0882,2.0886,1.40,1.00
2008.07.16 14:00:24.538,2.0882,2.0886,1.40,2.80
2008.07.16 14:00:25.002,2.08825,2.0886,1.00,1.40
2008.07.16 14:00:25.238,2.0882,2.08855,1.40,1.00
2008.07.16 14:00:25.364,2.0882,2.0884,1.40,1.00
2008.07.16 14:00:25.707,2.0882,2.0884,1.00,1.00
2008.07.16 14:00:26.058,2.0881,2.0884,1.40,1.00
2008.07.16 14:00:26.326,2.08825,2.08855,2.70,3.20
2008.07.16 14:00:26.604,2.08825,2.0885,3.30,1.00
2008.07.16 14:00:26.911,2.08825,2.08865,3.30,4.90
2008.07.16 14:00:27.040,2.08825,2.0886,3.30,1.00
2008.07.16 14:00:30.305,2.08825,2.0886,2.70,1.00
2008.07.16 14:00:32.486,2.08825,2.0886,3.30,1.00
2008.07.16 14:00:34.344,2.08825,2.0886,3.30,2.80
2008.07.16 14:00:35.149,2.08835,2.0887,2.70,5.40
2008.07.16 14:00:35.422,2.08835,2.0886,2.70,2.10
2008.07.16 14:00:35.700,2.08835,2.0888,2.70,6.00
2008.07.16 14:00:36.155,2.08845,2.0888,2.70,3.90
2008.07.16 14:00:36.276,2.08845,2.0888,2.70,1.70
2008.07.16 14:00:36.516,2.08845,2.0888,2.70,2.80
2008.07.16 14:00:36.892,2.08835,2.08875,3.60,1.00
2008.07.16 14:00:37.026,2.08835,2.0886,3.30,1.00
2008.07.16 14:00:37.167,2.08835,2.0886,2.70,1.00
2008.07.16 14:00:37.847,2.0883,2.0886,1.30,1.00
2008.07.16 14:00:38.206,2.08825,2.0886,3.30,1.00
2008.07.16 14:00:38.905,2.08825,2.0886,3.30,2.80
2008.07.16 14:00:39.016,2.08825,2.08855,3.30,1.00
2008.07.16 14:00:39.337,2.08825,2.08865,3.30,4.00
2008.07.16 14:00:39.461,2.08815,2.0885,4.10,1.00
2008.07.16 14:00:39.592,2.0882,2.0885,1.00,1.00
2008.07.16 14:00:39.812,2.08815,2.0885,2.70,1.00
2008.07.16 14:00:40.030,2.08815,2.0885,3.60,1.00
2008.07.16 14:00:41.130,2.08815,2.0885,4.30,1.00
2008.07.16 14:00:41.668,2.08815,2.0885,1.60,1.00
2008.07.16 14:00:42.538,2.08815,2.08845,1.60,1.00
2008.07.16 14:00:42.782,2.08805,2.08845,5.20,1.00
2008.07.16 14:00:42.892,2.08815,2.08845,1.00,1.00
2008.07.16 14:00:43.244,2.08805,2.08845,3.30,1.70
2008.07.16 14:00:44.312,2.08805,2.08845,2.70,1.70
2008.07.16 14:00:44.636,2.08805,2.08845,2.70,1.00
2008.07.16 14:00:44.832,2.08805,2.08855,2.70,5.10
2008.07.16 14:00:44.942,2.0881,2.0885,3.20,1.80
2008.07.16 14:00:45.063,2.0881,2.0885,3.90,1.80
2008.07.16 14:00:45.198,2.08805,2.0885,3.60,3.90
2008.07.16 14:00:45.294,2.08805,2.0885,3.60,1.70
2008.07.16 14:00:45.394,2.08815,2.0885,2.70,1.70
2008.07.16 14:00:48.651,2.08815,2.0885,3.30,1.00
2008.07.16 14:00:50.002,2.0882,2.0885,1.00,1.00
2008.07.16 14:00:50.365,2.08815,2.0885,3.30,1.00
2008.07.16 14:00:50.662,2.08825,2.08865,2.70,6.00
2008.07.16 14:00:51.182,2.08825,2.08865,2.70,2.80
2008.07.16 14:00:51.549,2.08825,2.08855,2.70,1.00
2008.07.16 14:00:51.814,2.08825,2.08855,2.70,2.10
2008.07.16 14:00:52.138,2.08815,2.0885,3.50,1.00
2008.07.16 14:00:54.740,2.0882,2.0885,1.00,1.00
2008.07.16 14:00:56.727,2.08815,2.0885,2.70,1.70
2008.07.16 14:01:03.438,2.08815,2.0885,3.50,1.70
2008.07.16 14:01:03.810,2.08815,2.0885,3.50,1.00
2008.07.16 14:01:03.961,2.0883,2.0887,2.70,8.50
2008.07.16 14:01:04.237,2.0883,2.0886,2.70,1.00
2008.07.16 14:01:04.388,2.0882,2.08875,2.70,7.90
2008.07.16 14:01:04.529,2.0882,2.0887,2.70,2.90
2008.07.16 14:01:04.660,2.0882,2.0887,2.70,2.80
2008.07.16 14:01:05.040,2.0883,2.0887,1.30,1.70
2008.07.16 14:01:05.179,2.0883,2.0887,1.30,3.90
2008.07.16 14:01:05.320,2.08835,2.0887,1.00,1.70
2008.07.16 14:01:05.457,2.08825,2.0887,3.30,1.70
2008.07.16 14:01:05.639,2.0883,2.0887,1.40,1.00
2008.07.16 14:01:05.827,2.0883,2.0887,1.00,1.00
2008.07.16 14:01:06.009,2.0883,2.0887,1.00,1.70
2008.07.16 14:01:06.538,2.0883,2.0887,1.00,1.80
2008.07.16 14:01:06.767,2.0883,2.08855,1.00,1.00
2008.07.16 14:01:07.186,2.0882,2.08855,1.00,1.00
2008.07.16 14:01:07.817,2.08825,2.0888,2.70,5.10
2008.07.16 14:01:08.075,2.0883,2.08875,1.00,2.80
2008.07.16 14:01:08.344,2.08825,2.08875,1.00,1.00
2008.07.16 14:01:08.598,2.08825,2.0886,1.00,1.00
2008.07.16 14:01:08.853,2.0882,2.0885,1.40,1.00
2008.07.16 14:01:09.029,2.0882,2.0888,1.00,9.40
2008.07.16 14:01:09.231,2.08825,2.08875,1.00,3.90
2008.07.16 14:01:09.408,2.08825,2.08875,1.00,1.70
2008.07.16 14:01:09.749,2.08825,2.0887,1.00,1.00
2008.07.16 14:01:10.076,2.08825,2.08865,1.00,2.10
2008.07.16 14:01:10.226,2.0882,2.08865,1.60,3.20
2008.07.16 14:01:10.379,2.0882,2.0885,1.00,1.00
2008.07.16 14:01:12.065,2.0882,2.0885,1.60,1.00
2008.07.16 14:01:12.216,2.08825,2.0885,1.00,1.00
2008.07.16 14:01:12.467,2.08825,2.0887,3.60,4.90
2008.07.16 14:01:12.727,2.0883,2.08865,1.00,2.10
2008.07.16 14:01:13.227,2.0883,2.08865,1.00,1.00
2008.07.16 14:01:13.647,2.0883,2.08865,1.60,2.10
2008.07.16 14:01:14.055,2.0883,2.08865,1.00,2.10
2008.07.16 14:01:15.975,2.08825,2.08865,3.60,2.10
2008.07.16 14:01:16.008,2.08825,2.08865,3.60,1.00
2008.07.16 14:01:16.264,2.08825,2.0885,1.00,1.00
2008.07.16 14:01:16.488,2.08825,2.0885,1.70,1.00
2008.07.16 14:01:16.616,2.08825,2.0885,1.00,1.00
2008.07.16 14:01:16.744,2.0883,2.0885,1.00,1.00
2008.07.16 14:01:17.019,2.0883,2.08865,1.00,1.70
2008.07.16 14:01:17.364,2.0883,2.0886,1.60,1.00
2008.07.16 14:01:21.987,2.0883,2.0886,1.00,1.00
2008.07.16 14:01:22.184,2.08825,2.0886,4.40,1.00
2008.07.16 14:01:22.799,2.08825,2.0886,3.60,1.00
2008.07.16 14:01:23.608,2.08825,2.0885,1.60,1.00
2008.07.16 14:01:23.835,2.0882,2.0885,1.70,1.00
2008.07.16 14:01:24.066,2.08825,2.08865,3.30,1.70
2008.07.16 14:01:24.514,2.0883,2.0886,1.00,1.00
2008.07.16 14:01:24.757,2.0883,2.0886,1.60,1.00
2008.07.16 14:01:25.224,2.0883,2.0886,1.00,1.00
2008.07.16 14:01:25.483,2.0883,2.0886,1.60,1.00
2008.07.16 14:01:25.645,2.08835,2.0886,1.00,1.00
2008.07.16 14:01:26.815,2.0883,2.0886,1.60,1.00
2008.07.16 14:01:28.526,2.08835,2.0888,2.70,10.10
2008.07.16 14:01:28.758,2.08835,2.0888,3.70,2.50
2008.07.16 14:01:28.854,2.08835,2.0888,3.70,1.70
2008.07.16 14:01:28.978,2.08835,2.0888,4.70,1.70
2008.07.16 14:01:29.073,2.08835,2.0888,4.70,2.50
2008.07.16 14:01:29.187,2.08835,2.0888,3.60,2.50
2008.07.16 14:01:29.341,2.08835,2.0888,3.60,3.60
2008.07.16 14:01:29.512,2.08835,2.0888,2.70,1.70
2008.07.16 14:01:30.166,2.08835,2.0888,3.60,2.50
2008.07.16 14:01:30.723,2.08835,2.08875,3.60,1.00
2008.07.16 14:01:30.960,2.08835,2.0887,3.60,3.20
2008.07.16 14:01:31.184,2.08835,2.0887,3.60,4.30
2008.07.16 14:01:31.413,2.08835,2.0886,1.00,1.00
2008.07.16 14:01:31.642,2.0883,2.0886,1.60,1.00
2008.07.16 14:01:31.961,2.0883,2.0886,1.00,1.00
2008.07.16 14:01:32.523,2.0883,2.0886,1.60,1.00
2008.07.16 14:01:33.534,2.08825,2.0886,4.70,1.00
2008.07.16 14:01:34.153,2.08825,2.0886,5.50,1.00
2008.07.16 14:01:34.614,2.0883,2.0886,1.60,1.00
2008.07.16 14:01:35.672,2.08835,2.08875,2.70,2.80
2008.07.16 14:01:35.871,2.08835,2.0887,2.70,1.40
2008.07.16 14:01:36.114,2.0884,2.08865,1.60,1.00
2008.07.16 14:01:36.298,2.0883,2.0885,1.60,1.00
2008.07.16 14:01:36.654,2.0883,2.08865,1.00,3.20
2008.07.16 14:01:36.829,2.08825,2.0886,2.70,1.00
2008.07.16 14:01:37.002,2.0882,2.0885,1.60,1.00
2008.07.16 14:01:38.042,2.0882,2.0885,1.70,1.00
2008.07.16 14:01:38.431,2.08825,2.0885,1.00,1.00
2008.07.16 14:01:39.242,2.08825,2.0886,3.60,1.00
2008.07.16 14:01:39.930,2.08825,2.08855,2.70,1.00
2008.07.16 14:01:40.201,2.0884,2.08855,1.00,1.00
2008.07.16 14:01:40.440,2.08825,2.08855,5.50,1.00
2008.07.16 14:01:40.640,2.0884,2.08875,1.00,1.70
2008.07.16 14:01:41.195,2.0884,2.0887,1.00,1.00
2008.07.16 14:01:41.415,2.08845,2.0888,2.70,4.30
2008.07.16 14:01:42.032,2.08845,2.08875,3.60,1.00
2008.07.16 14:01:42.250,2.08845,2.08875,2.70,1.00
2008.07.16 14:01:42.719,2.0884,2.0887,1.70,1.00
2008.07.16 14:01:42.880,2.0884,2.0887,1.00,1.00
2008.07.16 14:01:43.641,2.0884,2.0887,1.70,1.00
2008.07.16 14:01:45.111,2.08845,2.0887,1.00,1.00
2008.07.16 14:01:46.843,2.08845,2.0887,1.70,1.00
2008.07.16 14:01:47.671,2.08855,2.089,2.70,2.80
2008.07.16 14:01:47.720,2.08855,2.08895,3.70,1.70
2008.07.16 14:01:47.856,2.0886,2.08895,1.00,1.70
2008.07.16 14:01:48.265,2.0887,2.08895,1.00,1.70
2008.07.16 14:01:48.580,2.0887,2.0891,1.00,1.00
2008.07.16 14:01:48.898,2.08865,2.089,3.60,1.00
2008.07.16 14:01:49.244,2.08885,2.089,1.00,1.00
2008.07.16 14:01:49.592,2.0889,2.08915,1.00,2.10
2008.07.16 14:01:49.883,2.08895,2.08925,2.00,2.10
2008.07.16 14:01:50.094,2.08895,2.08935,4.70,2.10
2008.07.16 14:01:50.301,2.08905,2.08945,3.60,3.20
2008.07.16 14:01:50.510,2.08905,2.0894,3.70,1.00
2008.07.16 14:01:50.917,2.08905,2.0893,4.70,2.10
2008.07.16 14:01:51.138,2.08905,2.0895,4.70,2.80
2008.07.16 14:01:51.591,2.08915,2.08945,2.70,1.00
2008.07.16 14:01:52.010,2.08905,2.0893,3.60,1.00
2008.07.16 14:01:52.436,2.08905,2.0893,1.00,1.70
2008.07.16 14:01:52.827,2.089,2.0893,1.00,1.70
2008.07.16 14:01:53.269,2.08905,2.08945,3.60,3.90
2008.07.16 14:01:54.009,2.08895,2.0893,3.60,1.00
2008.07.16 14:01:54.549,2.08895,2.0893,3.60,2.10
2008.07.16 14:01:54.749,2.08895,2.0893,3.60,1.00
2008.07.16 14:01:55.147,2.08895,2.08915,3.60,1.00
2008.07.16 14:01:55.611,2.08895,2.0893,2.70,3.20
2008.07.16 14:01:55.847,2.08895,2.08925,3.70,2.10
2008.07.16 14:01:56.088,2.08905,2.08925,1.00,1.00
2008.07.16 14:01:56.334,2.08905,2.0892,1.00,1.00
2008.07.16 14:01:56.554,2.0891,2.08915,1.00,1.00
2008.07.16 14:01:56.759,2.08885,2.08915,1.60,1.00
2008.07.16 14:01:56.990,2.08885,2.08925,1.00,1.00
2008.07.16 14:01:57.377,2.08885,2.0892,1.00,1.70
2008.07.16 14:01:57.622,2.0888,2.0892,3.60,1.70
2008.07.16 14:01:58.067,2.0889,2.0892,1.00,1.70
2008.07.16 14:01:58.742,2.08895,2.08935,2.70,4.90
2008.07.16 14:01:58.976,2.08895,2.0893,2.70,1.70
2008.07.16 14:01:59.340,2.08895,2.08915,2.70,1.00
2008.07.16 14:01:59.481,2.0889,2.0891,5.40,1.00
2008.07.16 14:01:59.632,2.08885,2.08905,1.00,1.00
2008.07.16 14:01:59.953,2.08895,2.08905,2.70,1.00
2008.07.16 14:02:00.107,2.08895,2.08925,2.70,2.10
2008.07.16 14:02:00.246,2.08885,2.0892,3.60,1.00
2008.07.16 14:02:00.541,2.08885,2.0892,2.70,1.00
2008.07.16 14:02:01.092,2.08885,2.0892,2.70,2.10
2008.07.16 14:02:01.362,2.08885,2.0892,2.70,1.00
2008.07.16 14:02:01.599,2.08885,2.08915,2.70,1.00
2008.07.16 14:02:02.090,2.08885,2.0891,2.70,1.00
2008.07.16 14:02:02.325,2.08875,2.0891,2.70,1.70
2008.07.16 14:02:02.819,2.08875,2.08905,2.70,1.00
2008.07.16 14:02:03.089,2.0887,2.08905,5.40,1.00
2008.07.16 14:02:03.388,2.08865,2.0889,2.70,1.00
2008.07.16 14:02:03.578,2.08865,2.089,2.70,3.20
2008.07.16 14:02:03.767,2.08855,2.0889,2.70,1.70
2008.07.16 14:02:04.314,2.08855,2.0889,3.30,1.00
2008.07.16 14:02:04.505,2.08855,2.0889,2.70,1.70
2008.07.16 14:02:04.779,2.08865,2.0889,2.70,1.00
2008.07.16 14:02:05.621,2.08865,2.089,2.70,2.80
2008.07.16 14:02:06.186,2.0886,2.0889,5.40,1.00
2008.07.16 14:02:06.381,2.08855,2.0889,2.70,1.00
2008.07.16 14:02:06.785,2.08865,2.08905,2.70,4.90
2008.07.16 14:02:08.367,2.08855,2.089,3.60,1.70
2008.07.16 14:02:08.986,2.08855,2.089,2.70,1.70
2008.07.16 14:02:09.964,2.08855,2.08895,2.70,2.10
2008.07.16 14:02:11.752,2.08855,2.0888,2.70,1.00
2008.07.16 14:02:11.909,2.0885,2.08865,7.40,1.00
2008.07.16 14:02:11.995,2.0885,2.08865,6.30,1.00
2008.07.16 14:02:12.100,2.0885,2.08865,1.00,1.00
2008.07.16 14:02:12.307,2.08855,2.08905,2.70,7.50
2008.07.16 14:02:12.512,2.08855,2.089,2.70,1.00
2008.07.16 14:02:13.122,2.08855,2.0891,2.70,6.80
2008.07.16 14:02:13.476,2.0886,2.08895,3.20,1.00
2008.07.16 14:02:13.836,2.0886,2.08895,1.00,1.00
2008.07.16 14:02:14.091,2.08855,2.08895,2.70,1.00
2008.07.16 14:02:14.905,2.08855,2.08895,2.70,2.10
2008.07.16 14:02:15.040,2.08855,2.0888,2.70,1.00
2008.07.16 14:02:15.411,2.08845,2.0888,2.70,1.70
2008.07.16 14:02:16.389,2.08845,2.0888,2.70,3.90
2008.07.16 14:02:16.537,2.0884,2.08865,1.60,1.00
2008.07.16 14:02:16.673,2.0883,2.08865,6.30,1.00
2008.07.16 14:02:16.912,2.08835,2.0888,3.60,4.90
2008.07.16 14:02:17.242,2.08835,2.08875,2.70,3.90
2008.07.16 14:02:18.526,2.0883,2.08855,1.00,1.00
2008.07.16 14:02:19.102,2.0882,2.08855,1.00,1.00
2008.07.16 14:02:19.388,2.08815,2.08855,2.70,1.00
2008.07.16 14:02:19.804,2.08815,2.0885,3.30,1.00
2008.07.16 14:02:20.698,2.08805,2.0885,4.40,1.00
2008.07.16 14:02:20.982,2.08805,2.0885,4.70,1.70
2008.07.16 14:02:21.060,2.0882,2.0885,1.00,1.70
2008.07.16 14:02:21.301,2.08815,2.0885,3.60,1.70
2008.07.16 14:02:21.379,2.08815,2.0885,3.60,1.00
2008.07.16 14:02:21.580,2.08825,2.0885,1.00,1.00
2008.07.16 14:02:21.660,2.08815,2.0885,3.60,1.00
2008.07.16 14:02:23.693,2.08815,2.0885,3.60,3.90
2008.07.16 14:02:24.024,2.0881,2.08835,1.60,1.00
2008.07.16 14:02:24.388,2.0881,2.08835,6.30,1.00
2008.07.16 14:02:24.534,2.0881,2.08835,5.40,1.00
2008.07.16 14:02:24.662,2.08805,2.0885,3.60,2.10
2008.07.16 14:02:24.799,2.08805,2.0885,2.70,2.10
2008.07.16 14:02:24.921,2.08805,2.0885,2.70,1.00
2008.07.16 14:02:25.297,2.08805,2.08845,2.70,2.10
2008.07.16 14:02:26.028,2.08805,2.08845,2.70,1.00
2008.07.16 14:02:26.584,2.08805,2.08845,3.60,1.00
2008.07.16 14:02:26.941,2.08815,2.08855,1.00,3.90
2008.07.16 14:02:27.234,2.08815,2.0885,3.30,1.70
2008.07.16 14:02:27.592,2.08815,2.0885,3.60,1.70
2008.07.16 14:02:28.042,2.08815,2.0885,3.60,3.90
2008.07.16 14:02:28.900,2.08815,2.0885,2.70,3.90
2008.07.16 14:02:29.250,2.08825,2.08865,2.70,4.30
2008.07.16 14:02:29.381,2.08825,2.08865,2.70,3.20
2008.07.16 14:02:30.203,2.08825,2.0885,2.70,3.20
2008.07.16 14:02:30.375,2.08825,2.08865,2.70,6.40
2008.07.16 14:02:30.857,2.0882,2.0885,1.00,3.90
2008.07.16 14:02:31.331,2.08815,2.0885,2.70,3.90
2008.07.16 14:02:31.493,2.08805,2.0885,3.30,3.90
2008.07.16 14:02:31.917,2.08805,2.0885,2.70,1.40
2008.07.16 14:02:32.112,2.08805,2.08845,2.70,2.10
2008.07.16 14:02:32.263,2.08805,2.0884,2.70,3.20
2008.07.16 14:02:32.568,2.08795,2.0883,3.30,1.00
2008.07.16 14:02:33.199,2.08795,2.0883,3.60,1.00
2008.07.16 14:02:33.917,2.08795,2.0883,4.40,1.00
2008.07.16 14:02:34.347,2.08795,2.0883,3.60,1.00
2008.07.16 14:02:34.564,2.08795,2.0883,2.70,1.00
2008.07.16 14:02:34.695,2.08795,2.0883,3.30,1.00
2008.07.16 14:02:36.577,2.08795,2.08825,3.30,1.00
2008.07.16 14:02:36.674,2.08795,2.0882,3.30,1.00
2008.07.16 14:02:36.778,2.08795,2.0881,1.00,1.00
2008.07.16 14:02:36.909,2.0879,2.0881,1.60,1.00
2008.07.16 14:02:37.074,2.0878,2.0881,1.40,1.00
2008.07.16 14:02:37.651,2.08775,2.0881,3.50,1.00
2008.07.16 14:02:38.119,2.08775,2.08805,3.50,1.00
2008.07.16 14:02:38.476,2.08775,2.088,1.00,1.00
2008.07.16 14:02:39.928,2.08775,2.088,1.40,1.00
2008.07.16 14:02:40.204,2.0878,2.088,2.00,1.00
2008.07.16 14:02:40.338,2.0878,2.08815,2.00,1.00
2008.07.16 14:02:40.632,2.0878,2.0881,1.60,1.00
2008.07.16 14:02:41.426,2.08785,2.0881,1.00,1.00
2008.07.16 14:02:41.805,2.0878,2.0881,1.40,1.00
2008.07.16 14:02:42.237,2.08785,2.0881,1.00,1.00
2008.07.16 14:02:43.234,2.0878,2.0881,1.80,1.00
2008.07.16 14:02:43.589,2.08795,2.0884,3.30,2.90
2008.07.16 14:02:43.961,2.08805,2.08835,2.70,1.00
2008.07.16 14:02:44.119,2.08805,2.08835,3.60,2.10
2008.07.16 14:02:44.280,2.08805,2.08835,4.70,2.10
2008.07.16 14:02:44.437,2.08805,2.0886,4.70,8.20
2008.07.16 14:02:44.596,2.08815,2.08855,2.70,6.00
2008.07.16 14:02:44.909,2.08815,2.08855,2.70,7.10
2008.07.16 14:02:45.066,2.08815,2.08845,2.70,5.40
2008.07.16 14:02:45.428,2.08805,2.08835,1.00,1.00
2008.07.16 14:02:45.858,2.088,2.08815,1.00,1.00
2008.07.16 14:02:46.260,2.0881,2.08835,3.20,2.80
2008.07.16 14:02:46.448,2.0881,2.08835,3.20,1.80
2008.07.16 14:02:46.642,2.0881,2.08835,3.20,2.80
2008.07.16 14:02:46.824,2.08795,2.08835,1.00,1.00
2008.07.16 14:02:49.065,2.08785,2.08825,4.40,1.00
2008.07.16 14:02:49.383,2.08785,2.0881,1.70,1.00
2008.07.16 14:02:50.303,2.0879,2.0881,1.00,1.00
2008.07.16 14:02:50.467,2.0878,2.0881,1.40,1.00
2008.07.16 14:02:50.639,2.0878,2.0881,1.80,1.00
2008.07.16 14:02:50.992,2.0878,2.0881,2.90,1.00
2008.07.16 14:02:51.157,2.0878,2.0881,1.80,1.00
2008.07.16 14:02:52.257,2.0878,2.0881,1.00,1.00
2008.07.16 14:02:52.471,2.0878,2.0881,1.80,1.00
2008.07.16 14:02:53.273,2.0878,2.0881,1.00,1.00
2008.07.16 14:02:53.604,2.0878,2.08795,1.00,1.00
2008.07.16 14:02:53.948,2.08765,2.08795,1.70,1.00
2008.07.16 14:02:54.265,2.08765,2.08795,1.00,1.00
2008.07.16 14:02:54.472,2.0876,2.08795,1.70,1.00
2008.07.16 14:02:54.685,2.0876,2.0879,1.40,1.00
2008.07.16 14:02:54.892,2.08755,2.0879,4.40,1.00
2008.07.16 14:02:56.133,2.0876,2.0879,1.00,1.00
2008.07.16 14:02:56.465,2.0876,2.0879,2.00,1.00
2008.07.16 14:02:56.651,2.0876,2.0879,1.60,1.00
2008.07.16 14:02:56.847,2.08765,2.088,2.70,1.70
2008.07.16 14:02:57.087,2.08765,2.08795,3.60,1.00
2008.07.16 14:02:57.275,2.08765,2.0878,1.00,1.00
2008.07.16 14:02:57.632,2.0875,2.0878,3.10,1.00
2008.07.16 14:02:57.992,2.0875,2.0878,2.00,1.00
2008.07.16 14:02:58.356,2.08765,2.0881,2.70,2.90
2008.07.16 14:02:58.713,2.08765,2.08805,3.60,2.80
2008.07.16 14:02:58.985,2.08765,2.08805,1.00,1.70
2008.07.16 14:02:59.513,2.08765,2.08795,1.00,1.00
2008.07.16 14:02:59.873,2.0876,2.08795,1.00,2.10
2008.07.16 14:03:00.059,2.08755,2.08795,2.70,1.00
2008.07.16 14:03:00.619,2.08755,2.08795,3.60,1.00
2008.07.16 14:03:00.981,2.08755,2.08805,4.70,4.10
2008.07.16 14:03:01.162,2.08765,2.08795,2.70,1.00
2008.07.16 14:03:01.373,2.08765,2.08805,3.60,4.90
2008.07.16 14:03:01.560,2.08765,2.088,3.60,1.00
2008.07.16 14:03:02.144,2.08765,2.088,3.60,1.40
2008.07.16 14:03:02.276,2.08765,2.08795,2.70,2.10
2008.07.16 14:03:02.591,2.0875,2.0878,1.00,1.00
2008.07.16 14:03:03.339,2.08745,2.0878,4.40,1.00
2008.07.16 14:03:04.489,2.08745,2.0878,1.70,1.00
2008.07.16 14:03:04.813,2.08745,2.0878,1.00,1.00
2008.07.16 14:03:04.912,2.08745,2.0878,1.60,1.00
2008.07.16 14:03:05.011,2.08745,2.088,1.60,5.10
2008.07.16 14:03:05.110,2.08745,2.08795,1.70,1.00
2008.07.16 14:03:05.380,2.08745,2.08795,1.70,2.10
2008.07.16 14:03:05.594,2.08755,2.08795,2.70,1.00
2008.07.16 14:03:06.075,2.08755,2.08795,3.60,1.00
2008.07.16 14:03:06.271,2.08755,2.08805,4.70,2.80
2008.07.16 14:03:06.812,2.08765,2.088,2.70,1.70
2008.07.16 14:03:06.966,2.08765,2.088,3.60,1.00
2008.07.16 14:03:08.081,2.08775,2.0881,2.70,2.80
2008.07.16 14:03:08.814,2.08775,2.08805,2.70,2.10
2008.07.16 14:03:08.860,2.08765,2.0879,1.60,1.00
2008.07.16 14:03:08.992,2.08765,2.0879,1.00,1.00
2008.07.16 14:03:09.062,2.0876,2.0879,6.00,1.00
2008.07.16 14:03:09.176,2.0876,2.0879,1.00,1.00
2008.07.16 14:03:09.230,2.08755,2.0879,3.30,1.00
2008.07.16 14:03:10.970,2.08765,2.08805,2.70,4.30
2008.07.16 14:03:11.237,2.08765,2.08805,2.70,1.00
2008.07.16 14:03:14.396,2.08765,2.08815,2.70,4.90
2008.07.16 14:03:14.584,2.08765,2.0881,2.70,2.80
2008.07.16 14:03:14.996,2.08765,2.0881,3.60,2.80
2008.07.16 14:03:15.087,2.08765,2.0881,3.60,1.00
2008.07.16 14:03:15.259,2.08775,2.0881,2.70,1.00
2008.07.16 14:03:17.354,2.08775,2.0881,2.70,1.70
2008.07.16 14:03:17.769,2.08775,2.08805,2.70,1.70
2008.07.16 14:03:17.974,2.0876,2.0879,1.00,1.00
2008.07.16 14:03:18.182,2.08755,2.0879,3.30,1.00
2008.07.16 14:03:19.428,2.08745,2.0879,3.60,1.70
2008.07.16 14:03:19.735,2.08745,2.0879,2.70,1.70
2008.07.16 14:03:21.340,2.08745,2.08785,2.70,1.70
2008.07.16 14:03:21.603,2.08745,2.08785,2.70,3.20
2008.07.16 14:03:21.842,2.08745,2.0878,1.00,1.70
2008.07.16 14:03:22.045,2.08735,2.0878,4.30,1.70
2008.07.16 14:03:22.166,2.08745,2.0878,3.30,1.70
2008.07.16 14:03:22.607,2.08745,2.0878,2.70,1.70
2008.07.16 14:03:22.766,2.08745,2.0878,2.70,2.50
2008.07.16 14:03:23.187,2.0873,2.08765,1.80,1.00
2008.07.16 14:03:23.552,2.08745,2.0879,1.60,2.80
2008.07.16 14:03:23.914,2.08755,2.08785,1.00,1.00
2008.07.16 14:03:24.061,2.0877,2.08805,2.70,9.70
2008.07.16 14:03:24.374,2.0877,2.088,3.50,1.00
2008.07.16 14:03:24.551,2.08795,2.08835,2.70,5.40
2008.07.16 14:03:24.698,2.08795,2.08845,2.70,7.50
2008.07.16 14:03:24.855,2.08795,2.0884,2.70,3.20
2008.07.16 14:03:25.205,2.08785,2.0885,3.30,6.20
2008.07.16 14:03:25.519,2.08785,2.08835,1.00,1.00
2008.07.16 14:03:25.827,2.08795,2.0883,1.60,1.00
2008.07.16 14:03:26.218,2.0879,2.0883,1.70,1.00
2008.07.16 14:03:26.612,2.08795,2.0883,1.00,1.00
2008.07.16 14:03:26.859,2.08785,2.0883,4.80,1.00
2008.07.16 14:03:27.054,2.08785,2.0883,3.50,1.00
2008.07.16 14:03:27.256,2.08795,2.08845,2.70,9.40
2008.07.16 14:03:27.658,2.08795,2.08835,2.70,1.00
2008.07.16 14:03:27.860,2.08795,2.08835,2.70,2.10
2008.07.16 14:03:28.226,2.08795,2.08835,3.60,2.10
2008.07.16 14:03:28.590,2.08795,2.0882,1.00,1.00
2008.07.16 14:03:28.957,2.08795,2.08835,2.70,1.70
2008.07.16 14:03:29.466,2.08785,2.0882,4.40,1.00
2008.07.16 14:03:29.726,2.08785,2.0882,3.50,1.00
2008.07.16 14:03:29.987,2.0879,2.0882,1.00,1.00
2008.07.16 14:03:32.792,2.08785,2.0882,3.50,1.00
2008.07.16 14:03:33.350,2.08785,2.0881,1.00,1.00
2008.07.16 14:03:33.704,2.0878,2.0881,1.00,1.00
2008.07.16 14:03:34.331,2.08775,2.0881,3.50,1.00
2008.07.16 14:03:35.513,2.08775,2.0881,3.50,3.90
2008.07.16 14:03:35.806,2.08775,2.088,1.00,1.00
2008.07.16 14:03:39.862,2.0877,2.088,1.00,1.00
2008.07.16 14:03:40.320,2.08765,2.088,4.40,1.00
2008.07.16 14:03:40.452,2.08765,2.088,2.70,1.00
2008.07.16 14:03:40.806,2.08765,2.088,2.70,1.70
2008.07.16 14:03:41.022,2.0876,2.08785,1.60,1.00
2008.07.16 14:03:41.174,2.0876,2.08785,1.00,1.00
2008.07.16 14:03:41.364,2.0875,2.08785,1.40,1.00
2008.07.16 14:03:41.542,2.08745,2.08785,4.40,1.00
2008.07.16 14:03:42.582,2.08745,2.0878,3.60,1.00
2008.07.16 14:03:42.874,2.08745,2.0878,3.60,1.70
2008.07.16 14:03:43.821,2.08745,2.0878,3.60,1.00
2008.07.16 14:03:43.968,2.0874,2.0878,1.40,1.00
2008.07.16 14:03:44.104,2.0874,2.0878,1.70,1.00
2008.07.16 14:03:44.364,2.0874,2.08775,1.70,1.00
2008.07.16 14:03:44.623,2.0874,2.08775,1.70,2.10
2008.07.16 14:03:44.762,2.0874,2.08775,1.80,2.10
2008.07.16 14:03:44.992,2.08745,2.08775,2.70,1.00
2008.07.16 14:03:45.220,2.08745,2.08775,3.50,1.00
2008.07.16 14:03:45.454,2.08745,2.08775,4.40,1.00
2008.07.16 14:03:46.158,2.0875,2.08775,1.00,1.00
2008.07.16 14:03:46.359,2.0875,2.08785,1.00,1.70
2008.07.16 14:03:47.121,2.0875,2.0878,1.40,1.00
2008.07.16 14:03:47.347,2.0875,2.0878,1.70,1.00
2008.07.16 14:03:49.721,2.08755,2.0878,1.00,1.00
2008.07.16 14:03:50.302,2.08745,2.0878,4.40,1.00
2008.07.16 14:03:50.687,2.0875,2.0878,1.30,1.00
2008.07.16 14:03:50.882,2.0875,2.0878,2.10,1.00
2008.07.16 14:03:51.094,2.08765,2.0881,2.70,4.90
2008.07.16 14:03:51.397,2.08765,2.08805,2.70,1.00
2008.07.16 14:03:52.508,2.08765,2.088,3.50,1.00
2008.07.16 14:03:52.889,2.08775,2.0881,2.70,2.10
2008.07.16 14:03:53.270,2.08775,2.08805,3.60,1.00
2008.07.16 14:03:53.632,2.08775,2.08805,2.70,1.00
2008.07.16 14:03:54.871,2.0878,2.08825,1.00,4.90
2008.07.16 14:03:55.425,2.0878,2.0882,1.60,1.70
2008.07.16 14:03:55.507,2.08785,2.0882,2.70,1.70
2008.07.16 14:03:58.652,2.08775,2.0881,2.70,1.00
2008.07.16 14:04:04.334,2.08775,2.0881,2.70,1.70
2008.07.16 14:04:04.517,2.0877,2.08795,1.00,1.00
2008.07.16 14:04:04.698,2.0876,2.08795,1.40,1.00
2008.07.16 14:04:04.784,2.0877,2.08795,1.00,1.00
2008.07.16 14:04:04.845,2.08755,2.08795,3.50,1.00
2008.07.16 14:04:05.888,2.08755,2.0878,1.40,1.00
2008.07.16 14:04:06.269,2.08745,2.0878,6.30,1.00
2008.07.16 14:04:07.717,2.08745,2.0878,5.20,1.00
2008.07.16 14:04:07.805,2.08745,2.0878,4.30,1.70
2008.07.16 14:04:07.966,2.08745,2.0877,1.60,1.70
2008.07.16 14:04:08.357,2.0875,2.0877,1.00,1.00
2008.07.16 14:04:08.701,2.08735,2.0877,3.60,1.00
2008.07.16 14:04:09.030,2.0873,2.0876,1.40,1.00
2008.07.16 14:04:11.465,2.0874,2.08775,1.00,1.00
2008.07.16 14:04:13.374,2.08745,2.0877,1.00,1.00
2008.07.16 14:04:14.873,2.0874,2.0877,1.00,1.00
2008.07.16 14:04:15.102,2.08735,2.0877,4.50,1.00
2008.07.16 14:04:15.295,2.08735,2.0877,3.50,1.00
2008.07.16 14:04:15.406,2.08745,2.08785,2.70,4.90
2008.07.16 14:04:15.614,2.0875,2.0878,1.00,1.00
2008.07.16 14:04:15.933,2.0875,2.0877,1.00,1.00
2008.07.16 14:04:16.111,2.08735,2.0877,5.20,1.00
2008.07.16 14:04:16.716,2.08735,2.0877,4.40,1.00
2008.07.16 14:04:16.802,2.08735,2.0876,1.70,1.00
2008.07.16 14:04:17.037,2.0873,2.0876,1.40,1.00
2008.07.16 14:04:19.680,2.08735,2.0876,1.00,1.00
2008.07.16 14:04:20.560,2.0873,2.0876,1.40,1.00
2008.07.16 14:04:21.314,2.0873,2.0876,1.00,1.00
2008.07.16 14:04:21.403,2.08725,2.0876,3.30,1.00
2008.07.16 14:04:21.600,2.08725,2.0876,3.30,4.90
2008.07.16 14:04:21.682,2.08725,2.0876,2.70,4.90
2008.07.16 14:04:21.810,2.0872,2.0875,1.40,1.00
2008.07.16 14:04:22.022,2.08715,2.0875,3.50,1.00
2008.07.16 14:04:22.582,2.08715,2.0875,3.30,1.00
2008.07.16 14:04:22.968,2.08715,2.0875,1.40,1.00
2008.07.16 14:04:23.507,2.08715,2.08765,4.40,5.20
2008.07.16 14:04:23.865,2.08715,2.0876,3.50,1.40
2008.07.16 14:04:24.230,2.08725,2.0876,2.70,3.90
2008.07.16 14:04:24.601,2.08725,2.0876,2.70,2.80
2008.07.16 14:04:25.684,2.08725,2.0876,3.30,1.00
2008.07.16 14:04:26.510,2.08725,2.08755,3.30,1.00
2008.07.16 14:04:26.629,2.08725,2.08755,3.30,1.70
2008.07.16 14:04:26.741,2.0872,2.0874,1.70,1.00
2008.07.16 14:04:26.853,2.0872,2.0874,1.00,1.00
2008.07.16 14:04:26.997,2.08715,2.0874,1.00,1.00
2008.07.16 14:04:27.102,2.08715,2.0873,1.00,1.00
2008.07.16 14:04:27.593,2.08715,2.08745,1.00,1.00
2008.07.16 14:04:28.780,2.0871,2.0874,1.00,1.00
2008.07.16 14:04:30.119,2.0871,2.08735,1.00,1.00
2008.07.16 14:04:30.262,2.08705,2.0872,1.40,1.00
2008.07.16 14:04:30.502,2.08705,2.0872,1.00,1.00
2008.07.16 14:04:30.755,2.08695,2.0872,1.40,1.00
2008.07.16 14:04:30.990,2.08695,2.0871,1.00,1.00
2008.07.16 14:04:31.229,2.0869,2.0871,1.40,1.00
2008.07.16 14:04:31.470,2.0869,2.08725,1.40,1.00
2008.07.16 14:04:32.328,2.08695,2.0872,1.00,1.00
2008.07.16 14:04:33.346,2.0869,2.0872,1.40,1.00
2008.07.16 14:04:34.190,2.087,2.0872,1.00,1.00
2008.07.16 14:04:34.967,2.08695,2.0875,3.50,9.70
2008.07.16 14:04:35.388,2.087,2.08745,1.40,2.70
2008.07.16 14:04:35.562,2.087,2.08745,1.40,2.80
2008.07.16 14:04:35.672,2.087,2.08745,1.40,3.90
2008.07.16 14:04:35.868,2.087,2.08745,1.40,1.70
2008.07.16 14:04:36.058,2.087,2.0874,1.40,1.80
2008.07.16 14:04:36.301,2.087,2.08725,1.40,1.00
2008.07.16 14:04:36.721,2.087,2.08725,1.00,1.00
2008.07.16 14:04:38.199,2.087,2.0872,1.40,1.00
2008.07.16 14:04:38.477,2.087,2.0872,1.00,1.00
2008.07.16 14:04:38.975,2.087,2.08735,1.00,1.00
2008.07.16 14:04:39.219,2.087,2.0873,1.40,1.00
2008.07.16 14:04:39.820,2.08705,2.0873,2.00,1.00
2008.07.16 14:04:39.976,2.08705,2.0873,1.80,1.00
2008.07.16 14:04:40.287,2.08705,2.0873,1.00,1.00
2008.07.16 14:04:40.579,2.08705,2.08745,4.40,1.00
2008.07.16 14:04:40.739,2.08705,2.0874,5.50,1.00
2008.07.16 14:04:41.157,2.0871,2.0874,1.00,1.00
2008.07.16 14:04:41.717,2.08705,2.0874,4.70,1.00
2008.07.16 14:04:41.851,2.08705,2.0874,3.60,1.00
2008.07.16 14:04:42.086,2.08705,2.0874,3.30,3.90
2008.07.16 14:04:42.448,2.08705,2.0874,2.70,3.90
2008.07.16 14:04:42.575,2.08695,2.0873,3.50,1.00
2008.07.16 14:04:45.411,2.08695,2.0873,3.30,1.00
2008.07.16 14:04:45.537,2.08695,2.0872,1.00,1.00
2008.07.16 14:04:45.806,2.0869,2.0872,1.40,1.00
2008.07.16 14:04:46.115,2.08685,2.0872,4.40,1.00
2008.07.16 14:04:46.986,2.0869,2.0872,1.00,1.00
2008.07.16 14:04:47.138,2.08685,2.0872,2.70,1.00
2008.07.16 14:04:48.493,2.08675,2.0871,4.40,1.00
2008.07.16 14:04:49.354,2.08675,2.0871,5.50,1.00
2008.07.16 14:04:49.553,2.0868,2.0871,1.60,1.00
2008.07.16 14:04:51.304,2.0868,2.0871,1.60,3.90
2008.07.16 14:04:51.526,2.0868,2.08695,1.60,1.00
2008.07.16 14:04:51.666,2.08675,2.08695,1.00,1.00
2008.07.16 14:04:51.726,2.08675,2.0872,1.00,2.80
2008.07.16 14:04:51.795,2.08675,2.08715,1.00,2.80
2008.07.16 14:04:52.526,2.08675,2.08715,1.00,1.00
2008.07.16 14:04:52.809,2.0867,2.0871,2.90,1.00
2008.07.16 14:04:54.423,2.08675,2.08725,2.70,6.20
2008.07.16 14:04:54.577,2.08675,2.0872,2.70,2.80
2008.07.16 14:04:59.532,2.08675,2.0872,3.50,2.80
2008.07.16 14:04:59.822,2.08675,2.0872,4.80,2.80
2008.07.16 14:04:59.977,2.08685,2.0873,3.70,6.00
2008.07.16 14:05:00.412,2.08685,2.08725,2.70,1.00
2008.07.16 14:05:00.577,2.08685,2.08725,4.40,1.00
2008.07.16 14:05:00.681,2.08685,2.08735,4.70,2.80
2008.07.16 14:05:00.815,2.08685,2.0873,4.70,2.80
2008.07.16 14:05:01.064,2.08695,2.0873,2.70,2.80
2008.07.16 14:05:01.197,2.08695,2.0873,2.70,1.00
2008.07.16 14:05:01.832,2.08685,2.0872,5.50,1.00
2008.07.16 14:05:02.233,2.08685,2.0872,4.70,1.00
2008.07.16 14:05:02.668,2.0869,2.0872,1.00,1.00
2008.07.16 14:05:02.928,2.08685,2.0872,1.00,1.00
2008.07.16 14:05:03.153,2.08685,2.0872,2.80,1.00
2008.07.16 14:05:03.378,2.08685,2.0872,1.70,1.00
2008.07.16 14:05:03.633,2.08685,2.08735,3.50,5.80
2008.07.16 14:05:03.994,2.08685,2.08715,1.80,1.00
2008.07.16 14:05:04.349,2.08685,2.08715,3.30,1.00
2008.07.16 14:05:04.745,2.08695,2.08755,2.70,5.60
2008.07.16 14:05:04.895,2.0869,2.0873,2.00,1.00
2008.07.16 14:05:05.083,2.08705,2.0873,1.00,1.00
2008.07.16 14:05:05.535,2.08705,2.0874,4.70,1.00
2008.07.16 14:05:05.740,2.08705,2.08755,4.70,3.10
2008.07.16 14:05:05.944,2.08705,2.08725,1.00,1.00
2008.07.16 14:05:06.387,2.08705,2.08725,1.00,1.70
2008.07.16 14:05:06.595,2.08705,2.0872,1.00,1.00
2008.07.16 14:05:06.820,2.0867,2.08705,1.40,1.00
2008.07.16 14:05:07.050,2.0866,2.087,1.60,1.00
2008.07.16 14:05:07.269,2.08655,2.087,3.50,1.00
2008.07.16 14:05:07.495,2.08655,2.087,5.20,1.00
2008.07.16 14:05:07.929,2.08655,2.087,4.50,1.00
2008.07.16 14:05:08.162,2.08665,2.087,3.70,1.00
2008.07.16 14:05:08.894,2.0867,2.087,1.00,1.00
2008.07.16 14:05:09.475,2.08675,2.087,1.00,1.00
2008.07.16 14:05:10.831,2.0867,2.087,1.00,1.00
2008.07.16 14:05:10.939,2.08665,2.087,1.00,1.00
2008.07.16 14:05:11.500,2.0867,2.08685,1.60,1.00
2008.07.16 14:05:11.590,2.0867,2.08685,1.00,1.00
2008.07.16 14:05:11.687,2.0866,2.08685,2.90,1.00
2008.07.16 14:05:11.788,2.0866,2.08685,2.10,1.00
2008.07.16 14:05:12.517,2.0866,2.0868,1.00,1.00
2008.07.16 14:05:13.656,2.08655,2.0868,1.00,1.00
2008.07.16 14:05:14.827,2.08655,2.0868,1.80,1.00
2008.07.16 14:05:15.466,2.08655,2.08695,4.50,1.00
2008.07.16 14:05:15.621,2.0866,2.0869,1.40,1.00
2008.07.16 14:05:16.285,2.08665,2.0869,1.00,1.00
2008.07.16 14:05:17.042,2.0866,2.0869,1.40,1.00
2008.07.16 14:05:17.785,2.08675,2.0869,1.00,1.00
2008.07.16 14:05:17.879,2.08675,2.0871,3.70,4.90
2008.07.16 14:05:18.049,2.08675,2.0871,3.70,2.80
2008.07.16 14:05:18.131,2.0868,2.0871,1.00,2.80
2008.07.16 14:05:18.493,2.0867,2.08695,2.50,1.00
2008.07.16 14:05:18.904,2.08675,2.08695,1.80,1.00
2008.07.16 14:05:19.262,2.08675,2.0872,5.20,1.00
2008.07.16 14:05:19.436,2.08675,2.08715,4.10,1.00
2008.07.16 14:05:19.608,2.08675,2.08715,3.50,3.90
2008.07.16 14:05:20.540,2.0868,2.0871,1.00,3.90
2008.07.16 14:05:20.821,2.0868,2.0871,1.00,1.80
2008.07.16 14:05:21.067,2.0867,2.0871,1.40,1.80
2008.07.16 14:05:21.316,2.0868,2.0871,1.00,1.80
2008.07.16 14:05:21.455,2.0868,2.0871,1.00,3.90
2008.07.16 14:05:21.567,2.08685,2.0871,1.00,3.90
2008.07.16 14:05:21.787,2.08675,2.0871,4.10,3.90
2008.07.16 14:05:22.124,2.08675,2.0871,3.50,3.90
2008.07.16 14:05:22.854,2.08675,2.0871,4.10,3.90
2008.07.16 14:05:23.093,2.08685,2.08725,2.70,6.00
2008.07.16 14:05:23.906,2.08675,2.0872,3.50,3.90
2008.07.16 14:05:24.771,2.08675,2.0872,4.50,5.10
2008.07.16 14:05:24.929,2.08675,2.0872,4.50,1.80
2008.07.16 14:05:25.053,2.08675,2.0872,5.50,2.80
2008.07.16 14:05:25.225,2.0869,2.0872,1.00,1.70
2008.07.16 14:05:25.934,2.08685,2.0872,3.30,1.70
2008.07.16 14:05:26.516,2.0869,2.0872,1.00,1.70
2008.07.16 14:05:26.978,2.0869,2.0872,1.00,1.00
2008.07.16 14:05:27.219,2.08685,2.0872,3.30,1.00
2008.07.16 14:05:28.097,2.08685,2.0872,4.40,1.00
2008.07.16 14:05:28.326,2.08685,2.0872,4.70,1.00
2008.07.16 14:05:28.962,2.08685,2.0872,4.40,1.40
2008.07.16 14:05:29.299,2.08685,2.08705,1.00,1.00
2008.07.16 14:05:29.626,2.0866,2.08705,4.50,1.00
2008.07.16 14:05:29.836,2.08665,2.08705,6.00,1.00
2008.07.16 14:05:30.884,2.08665,2.087,5.10,1.00
2008.07.16 14:05:30.989,2.08665,2.087,5.80,1.00
2008.07.16 14:05:31.068,2.08675,2.087,2.00,1.00
2008.07.16 14:05:31.413,2.08675,2.08715,4.70,1.00
2008.07.16 14:05:31.794,2.08675,2.0871,5.40,1.00
2008.07.16 14:05:32.023,2.08675,2.0871,6.30,1.00
2008.07.16 14:05:32.874,2.08675,2.0871,5.50,1.00
2008.07.16 14:05:33.239,2.08675,2.0871,6.30,1.00
2008.07.16 14:05:33.677,2.08675,2.0871,5.40,1.00
2008.07.16 14:05:34.039,2.08675,2.0871,4.30,1.00
2008.07.16 14:05:34.164,2.08675,2.0871,1.60,1.00
2008.07.16 14:05:34.291,2.08675,2.0871,1.00,1.00
2008.07.16 14:05:34.625,2.08675,2.0871,2.00,1.00
2008.07.16 14:05:34.854,2.0868,2.0871,1.00,1.00
2008.07.16 14:05:35.229,2.08675,2.08695,1.00,1.00
2008.07.16 14:05:35.485,2.08675,2.0871,1.00,1.00
2008.07.16 14:05:35.744,2.08665,2.08705,4.70,1.00
2008.07.16 14:05:36.505,2.08665,2.087,5.50,1.00
2008.07.16 14:05:37.838,2.0867,2.087,1.30,1.00
2008.07.16 14:05:38.040,2.08685,2.0873,3.70,6.20
2008.07.16 14:05:38.378,2.08685,2.0872,3.30,1.00
2008.07.16 14:05:38.716,2.08695,2.08715,2.70,2.10
2008.07.16 14:05:39.048,2.08695,2.0874,1.00,2.80
2008.07.16 14:05:39.397,2.08685,2.08735,7.00,1.80
2008.07.16 14:05:39.727,2.087,2.08735,4.70,2.10
2008.07.16 14:05:40.050,2.0871,2.0876,2.70,6.30
2008.07.16 14:05:40.255,2.0871,2.08755,2.70,1.40
2008.07.16 14:05:40.455,2.0871,2.08765,2.70,9.30
2008.07.16 14:05:40.690,2.0871,2.0875,2.70,1.00
2008.07.16 14:05:41.093,2.08705,2.08745,4.50,1.00
2008.07.16 14:05:41.357,2.0871,2.08745,1.40,1.00
2008.07.16 14:05:41.620,2.08715,2.08755,2.70,2.80
2008.07.16 14:05:41.874,2.08715,2.0875,2.70,1.70
2008.07.16 14:05:42.323,2.08715,2.0875,2.70,1.00
2008.07.16 14:05:42.749,2.08715,2.0875,2.70,1.40
2008.07.16 14:05:42.981,2.0871,2.0875,1.40,1.40
2008.07.16 14:05:43.228,2.0871,2.0875,1.00,1.40
2008.07.16 14:05:43.926,2.0871,2.08735,1.00,1.00
2008.07.16 14:05:44.285,2.087,2.08725,1.00,1.00
2008.07.16 14:05:44.723,2.087,2.08705,1.00,1.00
2008.07.16 14:05:44.907,2.0869,2.08705,1.00,1.00
2008.07.16 14:05:45.081,2.0868,2.08705,6.20,1.00
2008.07.16 14:05:45.252,2.0868,2.0872,1.00,1.00
2008.07.16 14:05:45.612,2.08675,2.08715,4.50,1.00
2008.07.16 14:05:45.976,2.08675,2.0871,1.80,1.00
2008.07.16 14:05:47.163,2.08675,2.0871,1.70,1.00
2008.07.16 14:05:47.534,2.0867,2.0871,1.70,1.00
2008.07.16 14:05:47.709,2.0867,2.0871,1.40,1.00
2008.07.16 14:05:47.894,2.08675,2.0871,1.00,1.00
2008.07.16 14:05:48.129,2.08665,2.0871,5.50,6.00
2008.07.16 14:05:48.291,2.0867,2.0871,1.00,6.00
2008.07.16 14:05:48.473,2.0867,2.0871,1.00,2.80
2008.07.16 14:05:48.827,2.08675,2.0871,2.70,1.00
2008.07.16 14:05:49.614,2.08675,2.0871,4.40,1.00
2008.07.16 14:05:49.766,2.08685,2.08725,2.70,4.30
2008.07.16 14:05:50.038,2.08685,2.0872,2.70,1.00
2008.07.16 14:05:50.162,2.08685,2.0873,2.70,7.40
2008.07.16 14:05:50.284,2.08685,2.08725,2.70,1.00
2008.07.16 14:05:50.788,2.08685,2.08725,2.70,2.10
2008.07.16 14:05:51.013,2.08685,2.0872,2.70,1.00
2008.07.16 14:05:51.208,2.08675,2.0872,3.70,1.40
2008.07.16 14:05:51.414,2.08675,2.0872,4.40,4.80
2008.07.16 14:05:51.585,2.08675,2.0872,4.40,2.70
2008.07.16 14:05:51.897,2.08675,2.08715,3.70,1.00
2008.07.16 14:05:52.261,2.08665,2.087,4.50,1.00
2008.07.16 14:05:52.569,2.08665,2.087,5.20,1.00
2008.07.16 14:05:53.202,2.08665,2.087,4.50,1.00
2008.07.16 14:05:54.606,2.0868,2.087,1.00,1.00
2008.07.16 14:05:54.803,2.08685,2.087,1.00,1.00
2008.07.16 14:05:55.023,2.08685,2.0873,3.70,7.40
2008.07.16 14:05:55.133,2.0869,2.08725,1.00,2.80
2008.07.16 14:05:55.430,2.0869,2.08725,1.00,1.00
2008.07.16 14:05:55.577,2.08685,2.08725,4.50,1.00
2008.07.16 14:05:56.909,2.08685,2.0872,3.50,1.00
2008.07.16 14:05:57.521,2.08685,2.0872,4.50,1.00
2008.07.16 14:05:57.720,2.0869,2.0872,1.00,1.00
2008.07.16 14:05:58.752,2.08685,2.0872,4.40,1.00
2008.07.16 14:05:59.397,2.08685,2.0872,4.40,2.80
2008.07.16 14:05:59.623,2.08685,2.0872,3.70,2.80
2008.07.16 14:06:00.180,2.08685,2.0872,3.70,3.90
2008.07.16 14:06:00.390,2.0867,2.08705,1.00,1.00
2008.07.16 14:06:01.167,2.08665,2.08705,3.70,1.00
2008.07.16 14:06:01.418,2.08665,2.087,3.70,2.80
2008.07.16 14:06:01.673,2.08665,2.087,4.70,2.80
2008.07.16 14:06:01.932,2.08665,2.087,4.70,1.00
2008.07.16 14:06:02.282,2.08665,2.087,5.50,1.00
2008.07.16 14:06:02.457,2.08665,2.087,4.70,1.00
2008.07.16 14:06:02.927,2.08665,2.087,3.60,1.40
2008.07.16 14:06:03.181,2.08665,2.08685,1.00,1.00
2008.07.16 14:06:03.428,2.0866,2.08685,1.00,1.00
2008.07.16 14:06:03.683,2.08655,2.08685,1.40,1.00
2008.07.16 14:06:03.945,2.08655,2.08685,1.00,1.00
2008.07.16 14:06:04.198,2.08655,2.0867,1.00,1.00
2008.07.16 14:06:04.730,2.08655,2.087,1.00,5.10
2008.07.16 14:06:04.978,2.0865,2.08695,1.40,1.80
2008.07.16 14:06:05.125,2.0865,2.08695,1.40,2.80
2008.07.16 14:06:05.377,2.0865,2.08695,1.40,1.00
2008.07.16 14:06:06.468,2.0866,2.0869,1.00,1.00
2008.07.16 14:06:06.565,2.0867,2.0869,1.00,1.00
2008.07.16 14:06:06.771,2.08655,2.0869,2.00,1.00
2008.07.16 14:06:06.871,2.08655,2.0869,4.70,1.00
2008.07.16 14:06:07.161,2.08655,2.0869,5.50,1.00
2008.07.16 14:06:07.349,2.08655,2.0869,5.20,1.00
2008.07.16 14:06:07.562,2.08655,2.0869,4.50,1.00
2008.07.16 14:06:07.747,2.0866,2.0869,1.40,1.00
2008.07.16 14:06:08.117,2.0866,2.0869,5.40,1.00
2008.07.16 14:06:08.345,2.08675,2.0871,1.00,4.90
2008.07.16 14:06:08.710,2.08665,2.0871,1.60,2.80
2008.07.16 14:06:09.069,2.08665,2.0871,1.60,1.00
2008.07.16 14:06:09.426,2.08665,2.0871,3.50,1.00
2008.07.16 14:06:09.725,2.08665,2.0871,3.50,1.40
2008.07.16 14:06:09.917,2.08665,2.08705,3.50,1.00
2008.07.16 14:06:10.077,2.08665,2.0869,1.40,1.00
2008.07.16 14:06:12.687,2.0867,2.0869,1.00,1.00
2008.07.16 14:06:12.974,2.08665,2.0869,1.00,1.00
2008.07.16 14:06:13.410,2.08655,2.0869,1.80,1.00
2008.07.16 14:06:14.245,2.0866,2.0869,1.00,1.00
2008.07.16 14:06:15.284,2.0866,2.0869,1.00,3.90
2008.07.16 14:06:15.395,2.08665,2.0869,1.00,3.90
2008.07.16 14:06:15.586,2.08655,2.0869,1.00,3.90
2008.07.16 14:06:15.727,2.08655,2.0869,1.70,2.80
2008.07.16 14:06:15.864,2.08665,2.0869,1.00,2.80
2008.07.16 14:06:16.007,2.08665,2.0869,1.00,1.00
2008.07.16 14:06:16.383,2.0866,2.0869,1.40,1.00
2008.07.16 14:06:16.654,2.0867,2.0869,1.00,1.00
2008.07.16 14:06:16.883,2.08655,2.0869,5.50,1.00
2008.07.16 14:06:17.545,2.08655,2.0869,6.30,1.00
2008.07.16 14:06:19.694,2.0867,2.0869,1.00,1.00
2008.07.16 14:06:19.913,2.0867,2.0869,1.00,1.80
2008.07.16 14:06:19.986,2.0867,2.08675,1.00,1.00
2008.07.16 14:06:20.070,2.08655,2.08675,1.00,1.00
2008.07.16 14:06:20.242,2.08655,2.0869,1.00,1.00
2008.07.16 14:06:20.405,2.0865,2.08685,1.40,1.00
2008.07.16 14:06:21.579,2.08655,2.08695,3.50,3.90
2008.07.16 14:06:21.843,2.08655,2.0869,3.50,1.00
2008.07.16 14:06:22.490,2.08655,2.0869,4.50,1.00
2008.07.16 14:06:23.442,2.08655,2.0869,4.40,1.00
2008.07.16 14:06:23.772,2.0866,2.0868,1.00,1.00
2008.07.16 14:06:24.106,2.08655,2.0868,1.00,1.00
2008.07.16 14:06:24.672,2.0865,2.0868,1.60,1.00
2008.07.16 14:06:25.212,2.0865,2.0868,1.00,1.00
2008.07.16 14:06:25.392,2.08645,2.0868,1.80,1.00
2008.07.16 14:06:25.572,2.08645,2.08695,4.50,4.90
2008.07.16 14:06:26.391,2.08645,2.0869,5.20,2.80
2008.07.16 14:06:26.637,2.08655,2.0869,1.70,2.80
2008.07.16 14:06:26.971,2.08655,2.0869,1.70,1.00
2008.07.16 14:06:27.284,2.08655,2.0869,4.40,1.00
2008.07.16 14:06:27.364,2.0866,2.0869,1.00,1.00
2008.07.16 14:06:28.466,2.08665,2.08705,2.70,4.90
2008.07.16 14:06:28.786,2.0866,2.087,1.00,1.40
2008.07.16 14:06:29.124,2.08655,2.087,3.70,3.90
2008.07.16 14:06:29.518,2.08655,2.08685,1.70,1.00
2008.07.16 14:06:30.213,2.0866,2.087,1.00,1.30
2008.07.16 14:06:30.707,2.0865,2.08675,1.00,1.00
2008.07.16 14:06:30.953,2.08645,2.08675,1.70,1.00
2008.07.16 14:06:31.157,2.08645,2.08675,2.00,1.00
2008.07.16 14:06:31.446,2.08635,2.0869,5.50,1.30
2008.07.16 14:06:31.734,2.0864,2.0867,8.50,1.00
2008.07.16 14:06:32.022,2.0864,2.0867,4.30,1.00
2008.07.16 14:06:32.318,2.0864,2.0867,3.20,1.00
2008.07.16 14:06:32.563,2.0863,2.08655,1.60,1.00
2008.07.16 14:06:32.841,2.0864,2.08655,1.00,1.00
2008.07.16 14:06:33.104,2.08635,2.08655,2.10,1.00
2008.07.16 14:06:33.464,2.08635,2.0868,1.00,3.90
2008.07.16 14:06:33.824,2.0864,2.08675,1.80,2.80
2008.07.16 14:06:34.215,2.0865,2.0869,1.00,3.20
2008.07.16 14:06:34.450,2.0866,2.08675,1.00,1.00
2008.07.16 14:06:34.662,2.0866,2.087,1.00,4.90
2008.07.16 14:06:34.886,2.0866,2.08695,1.00,2.80
2008.07.16 14:06:35.602,2.08665,2.08715,3.70,4.90
2008.07.16 14:06:36.721,2.08665,2.0871,4.40,1.70
2008.07.16 14:06:37.098,2.08665,2.08695,1.00,1.00
2008.07.16 14:06:38.376,2.08665,2.0869,1.70,1.00
2008.07.16 14:06:42.062,2.08675,2.0871,3.70,2.80
2008.07.16 14:06:42.338,2.08675,2.0871,5.10,1.70
2008.07.16 14:06:42.614,2.08685,2.0871,2.70,1.00
2008.07.16 14:06:42.893,2.08685,2.0872,2.70,2.80
2008.07.16 14:06:43.186,2.08685,2.08715,3.60,1.00
2008.07.16 14:06:45.173,2.08685,2.08715,4.70,1.00
2008.07.16 14:06:45.430,2.08685,2.08725,4.70,2.80
2008.07.16 14:06:46.422,2.08685,2.0872,3.70,1.70
2008.07.16 14:06:48.337,2.08675,2.0872,5.40,1.70
2008.07.16 14:06:48.547,2.08675,2.0872,4.70,1.70
2008.07.16 14:06:48.933,2.08675,2.0872,4.40,2.90
2008.07.16 14:06:49.386,2.08675,2.0872,4.70,1.70
2008.07.16 14:06:49.660,2.08685,2.08715,2.70,1.00
2008.07.16 14:06:50.200,2.08675,2.0871,4.40,1.00
2008.07.16 14:06:50.367,2.08675,2.0871,3.70,1.00
2008.07.16 14:06:51.024,2.08675,2.087,1.00,1.00
2008.07.16 14:06:51.394,2.08665,2.087,4.40,1.00
2008.07.16 14:06:53.221,2.08675,2.08715,2.70,2.10
2008.07.16 14:06:53.636,2.08675,2.08715,3.60,1.00
2008.07.16 14:06:54.335,2.08675,2.08715,3.60,2.10
2008.07.16 14:06:54.706,2.08675,2.087,3.60,1.00
2008.07.16 14:06:55.023,2.08675,2.087,4.70,1.00
2008.07.16 14:06:55.084,2.08675,2.0872,4.70,3.90
2008.07.16 14:06:56.003,2.08675,2.0872,4.70,1.70
2008.07.16 14:06:56.196,2.08675,2.0871,2.00,1.00
2008.07.16 14:06:56.318,2.08675,2.0871,1.00,1.00
2008.07.16 14:06:56.504,2.08675,2.0871,2.40,1.00
2008.07.16 14:06:56.710,2.08675,2.0871,5.10,1.00
2008.07.16 14:06:56.918,2.08675,2.0871,3.70,1.00
2008.07.16 14:06:57.157,2.08685,2.0874,2.70,7.90
2008.07.16 14:06:57.367,2.08685,2.0873,4.00,2.10
2008.07.16 14:06:57.597,2.08695,2.0874,2.70,4.90
2008.07.16 14:06:57.825,2.08695,2.08735,2.70,1.70
2008.07.16 14:06:58.068,2.08695,2.0873,2.70,1.00
2008.07.16 14:06:58.352,2.0867,2.0871,4.50,1.00
2008.07.16 14:06:58.584,2.0867,2.0871,4.40,1.00
2008.07.16 14:06:58.943,2.0867,2.0871,3.70,1.00
2008.07.16 14:06:59.295,2.0867,2.0871,4.40,1.00
2008.07.16 14:07:00.082,2.08685,2.08725,2.70,6.00
2008.07.16 14:07:00.295,2.08685,2.0872,4.70,1.00
2008.07.16 14:07:00.716,2.08695,2.08735,2.70,2.10
2008.07.16 14:07:02.164,2.08685,2.0872,3.70,1.00
2008.07.16 14:07:02.553,2.08685,2.0872,4.70,1.00
2008.07.16 14:07:03.159,2.08685,2.0872,2.00,1.70
2008.07.16 14:07:03.533,2.08685,2.0872,2.00,2.50
2008.07.16 14:07:03.750,2.08685,2.0872,1.00,2.50
2008.07.16 14:07:04.093,2.08675,2.08705,4.70,1.00
2008.07.16 14:07:04.434,2.08675,2.087,1.00,1.00
2008.07.16 14:07:05.320,2.08675,2.087,1.00,1.70
2008.07.16 14:07:05.421,2.08665,2.087,5.50,1.70
2008.07.16 14:07:05.521,2.0867,2.087,1.00,1.70
2008.07.16 14:07:06.094,2.0867,2.087,1.00,1.00
2008.07.16 14:07:07.288,2.0867,2.087,1.60,1.00
2008.07.16 14:07:07.616,2.08675,2.087,1.00,1.00
2008.07.16 14:07:09.124,2.0867,2.087,1.00,1.70
2008.07.16 14:07:09.796,2.0867,2.08685,1.00,1.00
2008.07.16 14:07:09.989,2.08655,2.08685,3.30,1.00
2008.07.16 14:07:10.171,2.08655,2.087,6.00,1.00
2008.07.16 14:07:10.360,2.0866,2.08695,1.00,1.00
2008.07.16 14:07:10.720,2.08665,2.0871,3.70,2.80
2008.07.16 14:07:10.910,2.08665,2.087,3.70,1.00
2008.07.16 14:07:11.090,2.08665,2.087,2.70,1.00
2008.07.16 14:07:11.401,2.08665,2.087,3.30,1.00
2008.07.16 14:07:11.564,2.08655,2.0869,4.70,1.00
2008.07.16 14:07:13.173,2.08655,2.0869,4.40,1.00
2008.07.16 14:07:14.411,2.08655,2.0868,1.00,1.00
2008.07.16 14:07:14.572,2.08645,2.0868,4.50,1.00
2008.07.16 14:07:14.841,2.08655,2.087,3.70,3.90
2008.07.16 14:07:15.130,2.08655,2.08695,4.40,1.00
2008.07.16 14:07:15.752,2.08655,2.08705,4.40,5.10
2008.07.16 14:07:16.427,2.08655,2.087,3.30,2.90
2008.07.16 14:07:16.560,2.08655,2.087,3.30,4.50
2008.07.16 14:07:16.700,2.08655,2.08695,2.70,1.00
2008.07.16 14:07:16.843,2.08655,2.08695,2.70,2.10
2008.07.16 14:07:17.118,2.08655,2.08695,2.70,2.90
2008.07.16 14:07:17.253,2.0865,2.0868,1.00,1.00
2008.07.16 14:07:18.901,2.08655,2.0869,2.70,2.10
2008.07.16 14:07:19.325,2.08655,2.087,2.70,6.00
2008.07.16 14:07:20.518,2.08655,2.0869,2.70,1.00
2008.07.16 14:07:20.948,2.08655,2.087,2.70,6.00
2008.07.16 14:07:21.167,2.08655,2.08695,3.70,1.00
2008.07.16 14:07:21.459,2.08655,2.08705,3.70,5.10
2008.07.16 14:07:22.657,2.08655,2.087,3.70,1.70
2008.07.16 14:07:23.208,2.08665,2.087,1.00,1.70
2008.07.16 14:07:23.308,2.08665,2.087,1.70,1.70
2008.07.16 14:07:23.579,2.08665,2.087,1.00,1.70
2008.07.16 14:07:23.970,2.0866,2.087,1.00,1.70
2008.07.16 14:07:24.307,2.08665,2.087,1.00,1.70
2008.07.16 14:07:24.648,2.0866,2.087,5.40,2.80
2008.07.16 14:07:24.837,2.08665,2.087,1.00,3.90
2008.07.16 14:07:25.028,2.08665,2.087,1.70,1.00
2008.07.16 14:07:25.387,2.08665,2.087,4.40,1.00
2008.07.16 14:07:25.753,2.0866,2.0869,6.30,1.00
2008.07.16 14:07:26.076,2.08655,2.0869,4.40,1.00
2008.07.16 14:07:26.309,2.0866,2.0869,3.20,1.00
2008.07.16 14:07:26.486,2.08665,2.0872,4.00,9.40
2008.07.16 14:07:26.605,2.08665,2.08715,2.70,1.80
2008.07.16 14:07:26.984,2.08665,2.08715,4.70,1.70
2008.07.16 14:07:27.220,2.08675,2.08715,3.30,1.00
2008.07.16 14:07:27.698,2.08675,2.0871,3.60,1.70
2008.07.16 14:07:27.931,2.08675,2.0871,3.30,1.70
2008.07.16 14:07:28.326,2.08675,2.087,1.00,1.00
2008.07.16 14:07:28.736,2.08665,2.087,5.40,1.00
2008.07.16 14:07:29.428,2.08675,2.087,1.00,1.00
2008.07.16 14:07:30.803,2.08685,2.08715,2.70,2.10
2008.07.16 14:07:31.018,2.08685,2.08715,2.70,1.00
2008.07.16 14:07:31.431,2.08685,2.0872,1.00,1.00
2008.07.16 14:07:31.637,2.08675,2.0872,5.50,1.70
2008.07.16 14:07:31.886,2.08675,2.0872,6.30,1.00
2008.07.16 14:07:32.106,2.0868,2.0872,6.30,1.00
2008.07.16 14:07:32.333,2.08685,2.0872,1.70,1.00
2008.07.16 14:07:32.558,2.0868,2.0872,1.60,1.00
2008.07.16 14:07:33.217,2.08675,2.0872,4.40,1.00
2008.07.16 14:07:33.394,2.08675,2.0872,4.40,2.80
2008.07.16 14:07:34.362,2.0869,2.08725,2.70,2.10
2008.07.16 14:07:34.529,2.0869,2.08725,2.70,1.00
2008.07.16 14:07:34.735,2.0869,2.0872,2.70,2.10
2008.07.16 14:07:34.896,2.087,2.0872,1.00,2.10
2008.07.16 14:07:35.064,2.087,2.08745,1.00,2.80
2008.07.16 14:07:35.292,2.087,2.08745,1.00,1.00
2008.07.16 14:07:35.569,2.08705,2.08745,3.70,1.00
2008.07.16 14:07:35.816,2.08705,2.08745,3.30,1.00
2008.07.16 14:07:36.068,2.087,2.0873,1.00,1.00
2008.07.16 14:07:36.741,2.087,2.0872,1.00,1.00
2008.07.16 14:07:38.272,2.08705,2.0872,1.00,1.00
2008.07.16 14:07:38.497,2.08705,2.08735,3.70,1.00
2008.07.16 14:07:38.677,2.08715,2.0874,1.00,2.80
2008.07.16 14:07:39.155,2.08715,2.0874,1.00,1.00
2008.07.16 14:07:40.063,2.08705,2.0874,1.00,1.00
2008.07.16 14:07:40.180,2.08695,2.0874,5.50,1.40
2008.07.16 14:07:40.406,2.08695,2.0874,4.50,2.70
2008.07.16 14:07:40.539,2.08695,2.0874,4.50,1.80
2008.07.16 14:07:40.674,2.08705,2.0874,3.70,2.80
2008.07.16 14:07:40.938,2.08715,2.0874,1.00,2.80
2008.07.16 14:07:41.082,2.08715,2.0874,1.00,1.00
2008.07.16 14:07:41.406,2.08725,2.08755,2.70,2.10
2008.07.16 14:07:41.722,2.08725,2.08755,3.30,1.00
2008.07.16 14:07:41.863,2.0874,2.08755,1.00,1.00
2008.07.16 14:07:42.032,2.0874,2.0876,1.00,1.00
2008.07.16 14:07:42.498,2.08725,2.0876,4.10,1.00
2008.07.16 14:07:43.178,2.08725,2.08745,1.00,1.00
2008.07.16 14:07:43.596,2.0873,2.08745,1.00,1.00
2008.07.16 14:07:43.836,2.0872,2.08745,1.00,1.00
2008.07.16 14:07:44.050,2.08715,2.08745,1.00,1.00
2008.07.16 14:07:44.346,2.0871,2.0874,1.00,1.00
2008.07.16 14:07:44.640,2.08705,2.0874,1.00,1.00
2008.07.16 14:07:44.938,2.087,2.0874,1.40,1.00
2008.07.16 14:07:45.528,2.08705,2.0874,1.60,1.00
2008.07.16 14:07:45.782,2.0871,2.0874,1.00,9.30
2008.07.16 14:07:45.993,2.087,2.0874,1.40,6.00
2008.07.16 14:07:46.185,2.087,2.0874,1.40,9.30
2008.07.16 14:07:46.375,2.08695,2.08725,1.70,1.00
2008.07.16 14:07:46.577,2.087,2.08725,1.00,1.00
2008.07.16 14:07:46.778,2.08705,2.08725,1.00,1.00
2008.07.16 14:07:47.123,2.0868,2.08725,2.80,1.00
2008.07.16 14:07:47.640,2.087,2.0872,1.00,1.00
2008.07.16 14:07:48.170,2.0868,2.0872,1.80,1.00
2008.07.16 14:07:49.097,2.0868,2.0872,3.20,1.00
2008.07.16 14:07:49.354,2.087,2.0872,1.00,1.00
2008.07.16 14:07:50.147,2.0869,2.0872,2.90,1.00
2008.07.16 14:07:50.284,2.08705,2.0873,1.00,1.00
2008.07.16 14:07:50.666,2.08705,2.0873,2.80,1.00
2008.07.16 14:07:50.792,2.08705,2.0874,5.50,6.00
2008.07.16 14:07:50.993,2.08705,2.0874,6.30,1.00
2008.07.16 14:07:51.119,2.08705,2.0874,7.60,1.00
2008.07.16 14:07:51.415,2.08715,2.0874,1.00,1.00
2008.07.16 14:07:51.681,2.0871,2.0874,1.70,1.00
2008.07.16 14:07:52.630,2.0871,2.0874,2.50,1.00
2008.07.16 14:07:52.972,2.0871,2.0874,1.40,1.00
2008.07.16 14:07:53.529,2.08715,2.0874,1.00,1.00
2008.07.16 14:07:54.315,2.08705,2.0874,6.30,1.00
2008.07.16 14:07:54.601,2.08705,2.0874,5.50,1.00
2008.07.16 14:07:54.699,2.08705,2.0874,4.50,1.00
2008.07.16 14:07:57.253,2.08705,2.0874,3.50,1.00
2008.07.16 14:07:59.249,2.0871,2.0874,1.40,1.00
2008.07.16 14:08:00.865,2.08705,2.0874,3.50,1.00
2008.07.16 14:08:02.506,2.08705,2.0874,4.80,1.00
2008.07.16 14:08:02.676,2.08705,2.0874,5.90,1.00
2008.07.16 14:08:02.939,2.0871,2.0874,1.60,1.00
2008.07.16 14:08:03.071,2.0871,2.0874,1.70,1.00
2008.07.16 14:08:03.156,2.08715,2.0875,2.70,1.00
2008.07.16 14:08:03.966,2.08715,2.0875,3.50,1.00
2008.07.16 14:08:05.589,2.0872,2.0875,1.00,1.00
2008.07.16 14:08:06.895,2.08715,2.0875,3.30,1.00
2008.07.16 14:08:07.206,2.08725,2.0875,1.30,1.00
2008.07.16 14:08:07.377,2.08735,2.08765,2.70,2.10
2008.07.16 14:08:07.536,2.08735,2.08765,3.60,1.00
2008.07.16 14:08:07.692,2.08735,2.0875,1.00,1.00
2008.07.16 14:08:07.973,2.0873,2.0875,1.00,1.00
2008.07.16 14:08:08.196,2.08715,2.0875,1.00,1.00
2008.07.16 14:08:08.393,2.08705,2.0875,5.50,1.00
2008.07.16 14:08:08.798,2.087,2.0874,1.00,1.00
2008.07.16 14:08:09.206,2.08695,2.0874,2.70,2.50
2008.07.16 14:08:09.568,2.08685,2.08725,4.50,1.00
2008.07.16 14:08:09.944,2.08695,2.0874,2.70,1.00
2008.07.16 14:08:10.141,2.08695,2.08745,3.30,3.90
2008.07.16 14:08:10.372,2.08695,2.08745,3.30,1.70
2008.07.16 14:08:10.570,2.087,2.08745,1.00,2.80
2008.07.16 14:08:10.795,2.087,2.08725,1.00,1.00
2008.07.16 14:08:11.006,2.0869,2.08725,1.70,1.00
2008.07.16 14:08:11.216,2.08695,2.08725,1.00,1.00
2008.07.16 14:08:11.877,2.087,2.0872,1.00,1.00
2008.07.16 14:08:12.110,2.08705,2.08745,1.70,2.80
2008.07.16 14:08:12.337,2.08705,2.08745,1.80,6.00
2008.07.16 14:08:12.907,2.0871,2.08745,1.40,2.80
2008.07.16 14:08:13.079,2.0871,2.08745,1.00,2.80
2008.07.16 14:08:13.259,2.08715,2.0874,1.30,2.80
2008.07.16 14:08:13.442,2.08725,2.08745,2.70,1.00
2008.07.16 14:08:13.610,2.08725,2.08745,4.40,1.00
2008.07.16 14:08:13.972,2.08735,2.08745,2.70,1.00
2008.07.16 14:08:14.341,2.08735,2.08745,4.00,1.00
2008.07.16 14:08:14.746,2.08745,2.0876,1.00,5.40
2008.07.16 14:08:15.016,2.08745,2.0876,1.70,5.40
2008.07.16 14:08:15.286,2.08745,2.08785,3.70,2.80
2008.07.16 14:08:15.557,2.0874,2.08775,5.20,2.80
2008.07.16 14:08:15.765,2.08735,2.08775,3.50,1.00
2008.07.16 14:08:16.008,2.08735,2.08775,3.30,1.00
2008.07.16 14:08:16.221,2.08735,2.08775,2.70,1.00
2008.07.16 14:08:16.425,2.0873,2.0876,1.70,1.00
2008.07.16 14:08:16.896,2.0873,2.0876,1.60,1.00
2008.07.16 14:08:17.383,2.08725,2.0876,4.50,1.00
2008.07.16 14:08:17.816,2.08735,2.0877,2.70,1.70
2008.07.16 14:08:18.184,2.08735,2.08765,2.70,1.00
2008.07.16 14:08:18.390,2.0871,2.0876,4.50,1.00
2008.07.16 14:08:18.587,2.0871,2.0876,3.70,1.00
2008.07.16 14:08:18.855,2.087,2.0875,2.80,1.00
2008.07.16 14:08:19.127,2.087,2.0875,2.00,1.00
2008.07.16 14:08:19.399,2.08705,2.0875,1.00,2.80
2008.07.16 14:08:19.665,2.08705,2.0875,1.00,3.90
2008.07.16 14:08:19.820,2.08705,2.0875,1.00,1.70
2008.07.16 14:08:20.386,2.08705,2.0875,1.70,1.70
2008.07.16 14:08:20.531,2.08705,2.0875,4.40,1.70
2008.07.16 14:08:22.052,2.08705,2.0875,4.70,1.70
2008.07.16 14:08:22.552,2.08705,2.0875,4.70,1.00
2008.07.16 14:08:22.843,2.08715,2.08755,2.70,1.00
2008.07.16 14:08:23.689,2.08715,2.08755,2.70,2.10
2008.07.16 14:08:24.058,2.0871,2.0874,1.60,1.00
2008.07.16 14:08:24.274,2.0871,2.0875,1.00,6.00
2008.07.16 14:08:24.491,2.08705,2.0875,4.50,6.00
2008.07.16 14:08:24.703,2.0871,2.0875,1.00,1.00
2008.07.16 14:08:25.258,2.0871,2.0875,2.20,1.00
2008.07.16 14:08:25.415,2.0871,2.0875,3.10,1.00
2008.07.16 14:08:25.563,2.08715,2.0875,2.00,1.00
2008.07.16 14:08:25.710,2.08715,2.0876,4.70,1.00
2008.07.16 14:08:26.596,2.08725,2.0876,1.00,1.00
2008.07.16 14:08:26.883,2.0873,2.0876,1.00,1.00
2008.07.16 14:08:27.123,2.08725,2.0876,4.70,1.00
2008.07.16 14:08:27.366,2.08735,2.0876,1.30,1.00
2008.07.16 14:08:27.621,2.08745,2.0876,1.00,1.00
2008.07.16 14:08:27.886,2.08745,2.08775,2.70,1.00
2008.07.16 14:08:28.102,2.0874,2.0877,4.30,3.90
2008.07.16 14:08:28.336,2.0874,2.0877,1.60,1.00
2008.07.16 14:08:28.575,2.0874,2.0877,1.00,1.00
2008.07.16 14:08:29.009,2.08735,2.0876,1.00,1.00
2008.07.16 14:08:29.341,2.0873,2.0876,1.00,1.00
2008.07.16 14:08:29.663,2.0873,2.08745,1.00,1.00
2008.07.16 14:08:29.996,2.0872,2.08745,1.00,1.00
2008.07.16 14:08:30.346,2.0871,2.08745,2.50,1.00
2008.07.16 14:08:30.682,2.0871,2.0874,1.70,1.00
2008.07.16 14:08:30.861,2.0871,2.0874,2.50,1.00
2008.07.16 14:08:31.261,2.08715,2.0874,2.10,1.00
2008.07.16 14:08:31.462,2.08715,2.08765,3.50,2.80
2008.07.16 14:08:31.675,2.08725,2.08765,1.00,2.80
2008.07.16 14:08:31.881,2.08725,2.08765,1.00,1.00
2008.07.16 14:08:32.092,2.08715,2.0876,4.40,1.00
2008.07.16 14:08:32.431,2.08715,2.0876,3.60,1.00
2008.07.16 14:08:32.603,2.0871,2.0874,1.40,1.00
2008.07.16 14:08:32.972,2.0872,2.0874,1.00,1.00
2008.07.16 14:08:33.155,2.08705,2.08735,4.30,1.00
2008.07.16 14:08:33.477,2.0869,2.0872,1.40,1.00
2008.07.16 14:08:33.804,2.08695,2.0872,1.00,1.00
2008.07.16 14:08:34.430,2.0869,2.0872,1.40,1.00
2008.07.16 14:08:34.710,2.087,2.0872,1.00,1.00
2008.07.16 14:08:35.581,2.0869,2.0872,2.90,1.00
2008.07.16 14:08:35.713,2.087,2.0872,1.00,1.00
2008.07.16 14:08:35.781,2.08705,2.0872,1.00,1.00
2008.07.16 14:08:35.994,2.08695,2.0873,5.20,1.00
2008.07.16 14:08:36.060,2.08695,2.0873,6.30,1.00
2008.07.16 14:08:36.443,2.08705,2.0873,1.00,1.00
2008.07.16 14:08:40.822,2.087,2.0873,4.10,1.00
2008.07.16 14:08:41.042,2.0869,2.0873,4.90,1.00
2008.07.16 14:08:41.213,2.0869,2.0873,1.70,1.00
2008.07.16 14:08:44.067,2.08695,2.0873,1.00,1.00
2008.07.16 14:08:44.371,2.08695,2.0873,3.20,1.00
2008.07.16 14:08:44.640,2.08695,2.0873,5.10,1.00
2008.07.16 14:08:44.912,2.08705,2.0873,1.60,1.00
2008.07.16 14:08:45.178,2.08715,2.0873,1.00,1.00
2008.07.16 14:08:45.449,2.087,2.0873,2.50,1.00
2008.07.16 14:08:47.142,2.087,2.0873,1.40,1.00
2008.07.16 14:08:47.183,2.0871,2.0873,1.00,1.70
2008.07.16 14:08:47.265,2.0871,2.08725,1.00,1.00
2008.07.16 14:08:47.448,2.0871,2.08715,1.00,1.00
2008.07.16 14:08:47.501,2.0869,2.087,4.60,1.00
2008.07.16 14:08:47.580,2.0869,2.087,4.80,1.00
2008.07.16 14:08:48.017,2.08665,2.087,2.40,1.00
2008.07.16 14:08:48.069,2.08665,2.0872,1.30,1.00
2008.07.16 14:08:48.332,2.0868,2.0872,1.00,1.80
2008.07.16 14:08:48.606,2.08665,2.0871,6.30,2.80
2008.07.16 14:08:48.868,2.08665,2.0871,6.30,1.00
2008.07.16 14:08:49.127,2.0869,2.0871,1.00,1.00
2008.07.16 14:08:49.724,2.08675,2.0871,1.40,1.00
2008.07.16 14:08:51.055,2.08695,2.0871,1.00,1.00
2008.07.16 14:08:52.900,2.0871,2.08735,1.00,1.80
2008.07.16 14:08:53.042,2.0871,2.08735,1.00,2.80
2008.07.16 14:08:53.176,2.0871,2.08735,1.00,1.00
2008.07.16 14:08:54.731,2.087,2.0873,1.00,1.00
2008.07.16 14:08:54.865,2.087,2.0873,1.00,1.80
2008.07.16 14:08:55.105,2.087,2.08715,1.00,1.00
2008.07.16 14:08:55.615,2.08675,2.08715,1.40,1.00
2008.07.16 14:08:55.884,2.08695,2.08715,1.00,1.00
2008.07.16 14:08:56.789,2.08695,2.0872,1.00,1.00
2008.07.16 14:08:56.955,2.08685,2.0872,5.50,1.00
2008.07.16 14:08:57.161,2.08695,2.0872,1.00,1.00
2008.07.16 14:08:57.400,2.08695,2.0873,3.30,3.20
2008.07.16 14:08:57.554,2.08695,2.0873,3.30,1.00
2008.07.16 14:08:58.565,2.08695,2.0873,2.70,1.00
2008.07.16 14:08:59.383,2.08695,2.0873,3.30,1.00
2008.07.16 14:08:59.760,2.087,2.0873,1.00,1.00
2008.07.16 14:09:00.167,2.08705,2.0873,1.00,1.00
2008.07.16 14:09:00.316,2.087,2.0873,1.00,1.70
2008.07.16 14:09:00.465,2.087,2.0873,1.00,2.50
2008.07.16 14:09:00.613,2.08685,2.0873,4.70,2.50
2008.07.16 14:09:00.755,2.08685,2.0872,5.40,1.00
2008.07.16 14:09:01.024,2.08685,2.0873,5.40,2.50
2008.07.16 14:09:01.261,2.08695,2.08725,1.00,1.00
2008.07.16 14:09:01.467,2.08695,2.0873,1.00,1.80
2008.07.16 14:09:01.665,2.08695,2.0872,1.00,1.00
2008.07.16 14:09:01.922,2.08685,2.0872,2.50,1.00
2008.07.16 14:09:02.163,2.08685,2.0872,5.20,1.00
2008.07.16 14:09:02.836,2.087,2.0872,1.00,1.00
2008.07.16 14:09:03.485,2.08685,2.0872,4.50,1.00
2008.07.16 14:09:03.695,2.08685,2.0872,5.50,1.00
2008.07.16 14:09:04.334,2.08685,2.0872,4.50,1.00
2008.07.16 14:09:05.262,2.08685,2.0872,5.20,1.00
2008.07.16 14:09:06.135,2.08695,2.0872,1.00,1.00
2008.07.16 14:09:07.000,2.0868,2.0872,1.60,1.00
2008.07.16 14:09:07.413,2.08675,2.0872,4.70,1.00
2008.07.16 14:09:07.637,2.08675,2.0872,4.70,1.70
2008.07.16 14:09:08.372,2.08675,2.0872,4.70,1.00
2008.07.16 14:09:08.560,2.0869,2.0872,1.00,1.00
2008.07.16 14:09:08.854,2.08665,2.0872,4.70,1.00
2008.07.16 14:09:09.268,2.0867,2.0872,1.60,1.00
2008.07.16 14:09:09.780,2.0868,2.0872,1.00,1.00
2008.07.16 14:09:10.526,2.0868,2.0872,1.60,1.00
2008.07.16 14:09:10.741,2.0868,2.0871,1.60,1.00
2008.07.16 14:09:11.805,2.0868,2.0871,4.80,1.00
2008.07.16 14:09:12.249,2.0868,2.0871,4.10,1.00
2008.07.16 14:09:12.540,2.08675,2.0871,3.50,1.00
2008.07.16 14:09:13.152,2.0868,2.087,1.00,1.00
2008.07.16 14:09:14.320,2.08675,2.087,1.40,1.00
2008.07.16 14:09:14.913,2.08685,2.08725,3.30,2.80
2008.07.16 14:09:15.185,2.08685,2.08725,4.40,2.80
2008.07.16 14:09:15.403,2.08695,2.08725,1.00,2.80
2008.07.16 14:09:15.793,2.0869,2.08725,1.00,1.00
2008.07.16 14:09:15.936,2.0869,2.0872,2.00,1.00
2008.07.16 14:09:16.111,2.0869,2.0872,1.70,1.00
2008.07.16 14:09:16.509,2.08705,2.08745,1.00,1.80
2008.07.16 14:09:16.868,2.08695,2.08745,3.50,1.80
2008.07.16 14:09:17.223,2.08705,2.08745,1.00,1.80
2008.07.16 14:09:17.402,2.08705,2.08745,1.70,1.80
2008.07.16 14:09:17.681,2.0871,2.0874,3.20,2.80
2008.07.16 14:09:17.820,2.08705,2.0874,1.80,1.00
2008.07.16 14:09:18.099,2.0871,2.0874,4.10,1.00
2008.07.16 14:09:18.235,2.08715,2.0874,1.00,1.00
2008.07.16 14:09:18.492,2.0871,2.0874,1.60,1.00
2008.07.16 14:09:18.764,2.0871,2.0874,3.20,1.00
2008.07.16 14:09:19.085,2.08705,2.0874,3.30,1.00
2008.07.16 14:09:19.687,2.087,2.0873,1.60,1.00
2008.07.16 14:09:23.382,2.08705,2.0874,2.70,1.00
2008.07.16 14:09:24.265,2.08705,2.0874,3.30,1.00
2008.07.16 14:09:25.059,2.0871,2.0874,1.00,1.00
2008.07.16 14:09:25.398,2.08715,2.0874,1.00,1.00
2008.07.16 14:09:25.754,2.087,2.08735,1.60,1.00
2008.07.16 14:09:26.017,2.087,2.0874,1.00,2.80
2008.07.16 14:09:26.324,2.08695,2.0874,3.70,1.70
2008.07.16 14:09:26.613,2.087,2.0874,1.00,1.70
2008.07.16 14:09:26.821,2.08705,2.0874,1.00,1.70
2008.07.16 14:09:27.029,2.08695,2.08735,3.30,2.10
2008.07.16 14:09:27.461,2.08695,2.08735,3.30,1.00
2008.07.16 14:09:27.678,2.08705,2.08735,1.00,1.00
2008.07.16 14:09:28.096,2.08705,2.08735,1.00,2.10
2008.07.16 14:09:28.509,2.08705,2.08735,1.00,1.00
2008.07.16 14:09:31.398,2.08705,2.0873,1.00,1.00
2008.07.16 14:09:31.626,2.087,2.0873,3.90,1.00
2008.07.16 14:09:32.056,2.08705,2.0873,1.00,1.00
2008.07.16 14:09:32.616,2.087,2.0873,1.00,1.00
2008.07.16 14:09:33.760,2.0869,2.08715,1.60,1.00
2008.07.16 14:09:34.276,2.08675,2.08715,4.40,1.00
2008.07.16 14:09:34.567,2.08675,2.08715,3.60,1.00
2008.07.16 14:09:35.133,2.0868,2.0871,1.00,1.00
2008.07.16 14:09:40.631,2.0868,2.0871,1.00,3.90
2008.07.16 14:09:41.065,2.0868,2.0871,1.00,1.00
2008.07.16 14:09:41.399,2.08685,2.0872,3.30,5.40
2008.07.16 14:09:41.735,2.08695,2.0873,1.00,7.20
2008.07.16 14:09:42.076,2.08685,2.0872,1.70,1.00
2008.07.16 14:09:42.293,2.08685,2.0872,2.00,1.00
2008.07.16 14:09:42.476,2.08685,2.0873,3.60,1.00
2008.07.16 14:09:42.671,2.08685,2.0873,4.30,1.00
2008.07.16 14:09:43.033,2.08695,2.0873,1.70,1.00
2008.07.16 14:09:43.401,2.087,2.0873,1.00,1.00
2008.07.16 14:09:45.590,2.08695,2.0873,2.70,1.70
2008.07.16 14:09:46.831,2.08695,2.0873,2.70,2.80
2008.07.16 14:09:46.993,2.08695,2.0873,3.70,2.80
2008.07.16 14:09:47.274,2.087,2.0873,1.00,2.80
2008.07.16 14:09:47.552,2.08705,2.0873,1.00,2.80
2008.07.16 14:09:48.291,2.08705,2.0873,1.00,1.00
2008.07.16 14:09:48.750,2.0871,2.0873,1.00,1.00
2008.07.16 14:09:50.107,2.08705,2.0873,1.00,1.00
2008.07.16 14:09:50.568,2.0871,2.0873,1.00,1.00
2008.07.16 14:09:51.337,2.087,2.0873,1.00,1.00
2008.07.16 14:09:53.362,2.08695,2.0873,3.70,1.00
2008.07.16 14:09:53.678,2.08705,2.0873,1.00,1.00
2008.07.16 14:09:55.299,2.087,2.0873,1.00,1.00
2008.07.16 14:09:58.423,2.087,2.08715,1.00,1.00
2008.07.16 14:09:58.836,2.0869,2.08715,1.00,1.00
2008.07.16 14:09:58.933,2.0868,2.08715,2.50,1.00
2008.07.16 14:09:59.350,2.0868,2.08715,1.70,1.00
2008.07.16 14:09:59.626,2.08685,2.0871,1.00,1.00
2008.07.16 14:10:00.143,2.0868,2.0871,1.40,1.00
2008.07.16 14:10:01.082,2.0868,2.0871,2.90,1.00
2008.07.16 14:10:01.365,2.08695,2.08735,3.70,8.30
2008.07.16 14:10:01.747,2.08695,2.08735,3.70,7.20
2008.07.16 14:10:01.981,2.08695,2.08735,3.70,6.00
2008.07.16 14:10:02.182,2.087,2.08735,1.00,6.00
2008.07.16 14:10:02.433,2.08705,2.0873,1.00,6.00
2008.07.16 14:10:02.720,2.0869,2.0873,1.60,6.00
2008.07.16 14:10:02.958,2.0869,2.0873,1.00,1.00
2008.07.16 14:10:03.191,2.087,2.0873,1.00,1.00
2008.07.16 14:10:03.610,2.08705,2.0873,1.00,1.00
2008.07.16 14:10:04.177,2.0868,2.0873,5.50,1.00
2008.07.16 14:10:04.458,2.0869,2.0873,1.00,1.00
2008.07.16 14:10:04.748,2.0869,2.0873,3.70,1.00
2008.07.16 14:10:05.042,2.08705,2.0873,1.00,1.00
2008.07.16 14:10:06.117,2.087,2.0873,1.00,1.00
2008.07.16 14:10:06.392,2.0869,2.0873,2.50,1.00
2008.07.16 14:10:06.680,2.0869,2.0873,1.40,1.00
2008.07.16 14:10:07.770,2.08705,2.0873,1.00,1.00
2008.07.16 14:10:08.130,2.0869,2.0873,1.70,1.00
2008.07.16 14:10:08.428,2.0869,2.0873,1.00,1.00
2008.07.16 14:10:09.388,2.08705,2.0873,1.00,1.00
2008.07.16 14:10:13.327,2.0871,2.0873,1.00,1.00
2008.07.16 14:10:13.739,2.0871,2.0874,1.00,1.00
2008.07.16 14:10:13.945,2.08705,2.0874,1.00,2.80
2008.07.16 14:10:14.157,2.08695,2.0874,3.70,2.80
2008.07.16 14:10:14.365,2.08695,2.0874,3.70,1.00
2008.07.16 14:10:14.612,2.08705,2.0874,1.00,1.00
2008.07.16 14:10:14.967,2.08695,2.0874,5.40,1.00
2008.07.16 14:10:15.945,2.08705,2.0874,1.00,1.00
2008.07.16 14:10:16.730,2.08705,2.08725,1.00,1.00
2008.07.16 14:10:19.377,2.0871,2.0872,1.00,1.00
2008.07.16 14:10:20.626,2.08695,2.0872,1.70,1.00
2008.07.16 14:10:21.003,2.08685,2.0872,2.50,1.00
2008.07.16 14:10:21.565,2.08695,2.0872,1.00,1.00
2008.07.16 14:10:21.788,2.08685,2.0872,2.70,1.00
2008.07.16 14:10:22.096,2.087,2.0872,1.00,1.00
2008.07.16 14:10:22.316,2.08685,2.0872,2.00,1.00
2008.07.16 14:10:22.760,2.08685,2.08705,2.00,1.00
2008.07.16 14:10:22.982,2.0869,2.08705,1.00,1.00
2008.07.16 14:10:23.163,2.0868,2.08705,1.60,1.00
2008.07.16 14:10:23.340,2.0868,2.08685,1.60,1.00
2008.07.16 14:10:23.523,2.0868,2.08685,1.00,1.00
2008.07.16 14:10:23.885,2.08655,2.08685,3.90,1.00
2008.07.16 14:10:24.253,2.08655,2.08685,1.00,1.00
2008.07.16 14:10:24.611,2.0865,2.0869,1.00,1.00
2008.07.16 14:10:24.943,2.08665,2.0869,1.00,1.00
2008.07.16 14:10:25.270,2.0866,2.08675,1.00,1.00
2008.07.16 14:10:25.605,2.08665,2.08675,1.00,1.00
2008.07.16 14:10:25.832,2.08665,2.08685,1.00,1.00
2008.07.16 14:10:26.071,2.08655,2.08685,1.80,1.00
2008.07.16 14:10:26.310,2.08655,2.0869,4.50,2.80
2008.07.16 14:10:26.766,2.08655,2.0869,5.50,2.80
2008.07.16 14:10:27.002,2.08655,2.0869,5.50,1.00
2008.07.16 14:10:28.138,2.08655,2.0869,6.30,1.00
2008.07.16 14:10:28.713,2.08665,2.08705,3.30,1.00
2008.07.16 14:10:29.080,2.08665,2.0871,3.70,3.90
2008.07.16 14:10:29.394,2.08675,2.08705,2.70,1.00
2008.07.16 14:10:29.713,2.08675,2.0871,2.70,2.80
2008.07.16 14:10:29.912,2.08675,2.0871,3.30,2.80
2008.07.16 14:10:30.101,2.08675,2.0871,3.70,2.80
2008.07.16 14:10:30.506,2.08675,2.0871,2.70,2.80
2008.07.16 14:10:30.718,2.08665,2.087,4.70,1.00
2008.07.16 14:10:31.002,2.08665,2.087,4.40,1.00
2008.07.16 14:10:31.553,2.08665,2.087,4.70,1.00
2008.07.16 14:10:32.615,2.08665,2.087,5.50,1.00
2008.07.16 14:10:33.021,2.08665,2.087,4.50,1.00
2008.07.16 14:10:33.508,2.08665,2.087,5.10,1.00
2008.07.16 14:10:33.646,2.08675,2.0871,2.70,2.80
2008.07.16 14:10:34.073,2.08675,2.0871,3.70,2.80
2008.07.16 14:10:34.391,2.08675,2.0871,3.70,1.00
2008.07.16 14:10:34.994,2.08675,2.0871,1.00,1.00
2008.07.16 14:10:35.130,2.08675,2.0871,1.70,1.00
2008.07.16 14:10:35.391,2.08675,2.0871,1.00,1.00
2008.07.16 14:10:35.642,2.08675,2.0871,1.00,2.80
2008.07.16 14:10:36.061,2.08675,2.0871,1.00,1.00
2008.07.16 14:10:36.612,2.08665,2.0871,4.50,1.00
2008.07.16 14:10:36.782,2.08665,2.0871,5.50,6.00
2008.07.16 14:10:37.271,2.08665,2.08695,2.80,1.00
2008.07.16 14:10:37.589,2.08665,2.08695,1.80,1.00
2008.07.16 14:10:38.799,2.08665,2.0869,1.70,1.00
2008.07.16 14:10:39.502,2.08665,2.08715,4.40,1.80
2008.07.16 14:10:39.999,2.08665,2.08715,4.70,2.80
2008.07.16 14:10:40.149,2.08675,2.08715,1.00,1.00
2008.07.16 14:10:43.980,2.08675,2.0871,1.70,1.00
2008.07.16 14:10:44.238,2.08675,2.08715,4.40,1.00
2008.07.16 14:10:44.779,2.0869,2.08715,1.00,1.70
2008.07.16 14:10:45.032,2.0868,2.0871,1.00,1.00
2008.07.16 14:10:45.279,2.0868,2.087,1.00,1.00
2008.07.16 14:10:45.529,2.08665,2.087,1.70,1.00
2008.07.16 14:10:45.703,2.08675,2.087,1.00,1.00
2008.07.16 14:10:45.866,2.0867,2.087,1.00,1.00
2008.07.16 14:10:46.893,2.0868,2.087,1.00,1.00
2008.07.16 14:10:47.357,2.08665,2.087,1.00,1.00
2008.07.16 14:10:47.538,2.0866,2.087,1.60,1.40
2008.07.16 14:10:47.805,2.0866,2.087,1.60,2.50
2008.07.16 14:10:47.984,2.0866,2.0869,1.60,1.00
2008.07.16 14:10:48.164,2.0866,2.0869,1.00,1.40
2008.07.16 14:10:48.726,2.0866,2.08675,1.00,1.00
2008.07.16 14:10:49.998,2.0865,2.0867,1.00,1.00
2008.07.16 14:10:50.360,2.08655,2.0867,1.00,1.00
2008.07.16 14:10:50.719,2.08645,2.0867,3.60,1.00
2008.07.16 14:10:50.963,2.08645,2.0867,2.50,1.00
2008.07.16 14:10:51.233,2.08655,2.0867,1.00,1.00
2008.07.16 14:10:51.369,2.0865,2.0867,2.10,1.00
2008.07.16 14:10:51.628,2.08655,2.08695,1.00,2.80
2008.07.16 14:10:51.893,2.08655,2.08695,1.80,2.80
2008.07.16 14:10:52.099,2.0867,2.08695,1.00,1.00
2008.07.16 14:10:52.667,2.08665,2.0869,1.00,1.00
2008.07.16 14:10:52.878,2.08665,2.0869,1.70,1.00
2008.07.16 14:10:53.099,2.08665,2.08705,4.40,1.00
2008.07.16 14:10:53.322,2.08665,2.0871,4.40,1.80
2008.07.16 14:10:53.544,2.08675,2.0871,1.00,2.80
2008.07.16 14:10:53.775,2.08675,2.0871,1.70,6.00
2008.07.16 14:10:54.099,2.08675,2.0871,2.00,6.00
2008.07.16 14:10:54.786,2.08675,2.0871,1.00,6.00
2008.07.16 14:10:55.089,2.08675,2.0871,1.00,1.00
2008.07.16 14:10:55.398,2.08665,2.0871,4.40,1.40
2008.07.16 14:10:55.586,2.08665,2.08705,4.40,1.00
2008.07.16 14:10:55.798,2.08665,2.08705,3.70,1.00
2008.07.16 14:10:56.109,2.08665,2.0869,1.00,1.00
2008.07.16 14:10:56.436,2.0865,2.0869,1.70,1.00
2008.07.16 14:10:56.782,2.0866,2.08675,1.00,1.00
2008.07.16 14:10:57.475,2.0866,2.08695,1.00,2.80
2008.07.16 14:10:57.655,2.08665,2.08695,1.00,2.80
2008.07.16 14:10:57.913,2.08665,2.08695,1.00,6.00
2008.07.16 14:10:58.118,2.08665,2.08695,1.00,1.00
2008.07.16 14:10:59.607,2.0866,2.0868,1.00,1.00
2008.07.16 14:11:00.109,2.0866,2.0869,1.00,1.80
2008.07.16 14:11:00.266,2.0866,2.0869,1.00,2.80
2008.07.16 14:11:00.623,2.0866,2.0869,1.00,1.00
2008.07.16 14:11:01.304,2.08655,2.0869,4.70,1.00
2008.07.16 14:11:02.422,2.08655,2.0869,5.40,1.00
2008.07.16 14:11:03.338,2.0867,2.0869,1.00,1.00
2008.07.16 14:11:04.682,2.08655,2.0869,5.50,1.00
2008.07.16 14:11:04.993,2.0867,2.0869,1.00,1.00
2008.07.16 14:11:06.252,2.08675,2.0869,1.00,1.40
2008.07.16 14:11:06.326,2.0868,2.0869,1.00,1.00
2008.07.16 14:11:06.390,2.08645,2.0869,1.00,1.00
2008.07.16 14:11:06.458,2.0865,2.08695,1.00,1.70
2008.07.16 14:11:06.810,2.0865,2.08695,1.00,2.90
2008.07.16 14:11:07.164,2.0865,2.0868,1.00,1.00
2008.07.16 14:11:07.448,2.08665,2.0868,1.00,1.00
2008.07.16 14:11:08.144,2.0865,2.0868,1.00,1.00
2008.07.16 14:11:08.743,2.08655,2.0867,1.00,1.00
2008.07.16 14:11:11.236,2.08655,2.0867,1.00,1.40
2008.07.16 14:11:11.441,2.08655,2.0867,1.00,1.00
2008.07.16 14:11:11.650,2.08645,2.0867,1.00,5.40
2008.07.16 14:11:11.835,2.08655,2.0867,1.00,5.40
2008.07.16 14:11:12.045,2.08655,2.0867,1.00,1.00
2008.07.16 14:11:12.224,2.08655,2.0868,1.00,1.00
2008.07.16 14:11:13.371,2.0865,2.0868,1.00,1.00
2008.07.16 14:11:13.488,2.08645,2.0868,1.80,1.00
2008.07.16 14:11:14.323,2.08645,2.0868,2.50,1.00
2008.07.16 14:11:15.230,2.08645,2.0868,1.80,1.00
2008.07.16 14:11:16.193,2.08645,2.0868,2.80,1.00
2008.07.16 14:11:16.353,2.08645,2.0868,1.80,1.00
2008.07.16 14:11:16.610,2.0865,2.0869,1.40,2.80
2008.07.16 14:11:17.683,2.0865,2.0869,1.40,1.00
2008.07.16 14:11:18.352,2.08655,2.0869,1.00,1.00
2008.07.16 14:11:18.503,2.08655,2.0869,1.40,1.00
2008.07.16 14:11:18.583,2.08655,2.0869,1.00,1.00
2008.07.16 14:11:19.755,2.08655,2.0869,1.40,1.00
2008.07.16 14:11:20.203,2.0866,2.0869,1.00,1.00
2008.07.16 14:11:20.602,2.0865,2.0869,1.40,1.00
2008.07.16 14:11:20.840,2.08655,2.0869,1.00,1.00
2008.07.16 14:11:21.072,2.08655,2.0869,1.00,2.80
2008.07.16 14:11:21.311,2.08655,2.0869,1.70,2.80
2008.07.16 14:11:21.592,2.08665,2.0869,1.00,2.80
2008.07.16 14:11:22.090,2.08665,2.0869,1.00,1.00
2008.07.16 14:11:22.427,2.08655,2.0869,3.70,1.00
2008.07.16 14:11:22.599,2.08655,2.0869,5.20,1.00
2008.07.16 14:11:22.866,2.0867,2.0869,1.00,1.00
2008.07.16 14:11:23.334,2.08665,2.0869,1.40,1.00
2008.07.16 14:11:23.474,2.08665,2.0869,4.00,1.00
2008.07.16 14:11:23.661,2.08675,2.08705,1.70,1.00
2008.07.16 14:11:23.851,2.08675,2.0871,1.70,2.80
2008.07.16 14:11:24.042,2.08685,2.0871,1.00,2.80
2008.07.16 14:11:24.408,2.08685,2.0871,1.00,1.00
2008.07.16 14:11:25.554,2.08685,2.087,1.00,1.00
2008.07.16 14:11:27.728,2.0868,2.087,1.00,1.00
2008.07.16 14:11:28.600,2.08675,2.087,1.70,1.00
2008.07.16 14:11:28.698,2.08675,2.08725,4.40,1.70
2008.07.16 14:11:28.792,2.0868,2.08725,1.00,1.70
2008.07.16 14:11:29.074,2.0868,2.08725,1.00,2.80
2008.07.16 14:11:29.362,2.08675,2.08725,4.40,2.80
2008.07.16 14:11:29.640,2.08675,2.08725,4.40,2.90
2008.07.16 14:11:29.916,2.08675,2.0872,4.70,1.70
2008.07.16 14:11:30.168,2.08675,2.0872,2.00,1.70
2008.07.16 14:11:30.366,2.08675,2.0872,1.00,1.70
2008.07.16 14:11:31.229,2.08675,2.0872,1.00,2.90
2008.07.16 14:11:31.726,2.08675,2.0872,1.00,1.70
2008.07.16 14:11:31.900,2.08675,2.0871,1.00,1.00
2008.07.16 14:11:32.048,2.08685,2.0871,1.00,1.00
2008.07.16 14:11:32.202,2.08685,2.0872,1.70,2.80
2008.07.16 14:11:32.358,2.08685,2.0872,2.00,1.00
2008.07.16 14:11:32.841,2.08685,2.0872,4.70,1.00
2008.07.16 14:11:33.194,2.08685,2.0872,5.40,1.00
2008.07.16 14:11:33.530,2.08685,2.0872,2.70,1.00
2008.07.16 14:11:33.858,2.08685,2.0872,2.00,1.00
2008.07.16 14:11:34.118,2.08685,2.0872,1.00,1.00
2008.07.16 14:11:35.334,2.08685,2.0872,1.70,1.00
2008.07.16 14:11:39.722,2.08685,2.0872,1.00,1.00
2008.07.16 14:11:40.596,2.08685,2.0872,1.00,2.80
2008.07.16 14:11:40.725,2.08685,2.0872,3.70,2.80
2008.07.16 14:11:41.198,2.0869,2.0872,1.00,1.00
2008.07.16 14:11:41.690,2.08695,2.0872,1.00,1.00
2008.07.16 14:11:42.175,2.08685,2.0872,5.20,1.00
2008.07.16 14:11:42.329,2.08695,2.08735,3.30,2.10
2008.07.16 14:11:42.478,2.08695,2.08735,4.00,1.00
2008.07.16 14:11:42.776,2.08705,2.08735,1.70,1.00
2008.07.16 14:11:42.986,2.08705,2.0874,1.70,2.80
2008.07.16 14:11:43.165,2.08705,2.0874,4.40,1.00
2008.07.16 14:11:45.432,2.0871,2.0874,1.00,1.00
2008.07.16 14:11:45.896,2.08705,2.0874,4.40,1.00
2008.07.16 14:11:46.503,2.0871,2.0874,1.00,1.00
2008.07.16 14:11:47.225,2.0871,2.0874,2.20,1.00
2008.07.16 14:11:47.287,2.08715,2.08755,2.70,2.10
2008.07.16 14:11:47.620,2.08715,2.08755,2.70,1.00
2008.07.16 14:11:47.684,2.08715,2.08755,2.70,2.10
2008.07.16 14:11:48.192,2.0871,2.0874,1.00,1.00
2008.07.16 14:11:48.668,2.08705,2.0874,4.50,1.00
2008.07.16 14:11:49.963,2.08715,2.08755,3.70,2.10
2008.07.16 14:11:50.171,2.08715,2.08755,3.70,1.00
2008.07.16 14:11:51.585,2.08715,2.0876,3.70,2.80
2008.07.16 14:11:51.706,2.08715,2.0876,2.70,2.80
2008.07.16 14:11:51.760,2.08715,2.0876,2.70,3.60
2008.07.16 14:11:51.932,2.08715,2.08755,2.70,1.00
2008.07.16 14:11:52.130,2.08715,2.08755,3.30,1.00
2008.07.16 14:11:52.304,2.08715,2.08755,4.00,1.00
2008.07.16 14:11:52.472,2.08725,2.08755,3.70,1.00
2008.07.16 14:11:52.643,2.08725,2.0876,3.70,3.90
2008.07.16 14:11:52.813,2.08725,2.0876,3.30,1.70
2008.07.16 14:11:52.981,2.08725,2.0876,1.00,1.70
2008.07.16 14:11:53.150,2.08715,2.0876,3.70,1.70
2008.07.16 14:11:54.949,2.08715,2.0876,4.40,4.00
2008.07.16 14:11:55.393,2.08715,2.0876,4.40,2.80
2008.07.16 14:11:59.162,2.08715,2.08755,4.40,1.00
2008.07.16 14:11:59.563,2.08715,2.08755,3.30,1.00
2008.07.16 14:11:59.803,2.08725,2.08755,2.70,2.10
2008.07.16 14:12:00.534,2.08715,2.08755,3.70,2.10
2008.07.16 14:12:00.652,2.08715,2.08755,3.70,1.00
2008.07.16 14:12:01.299,2.08715,2.08755,4.40,1.00
2008.07.16 14:12:01.604,2.08715,2.0874,1.00,1.00
2008.07.16 14:12:01.789,2.08715,2.0874,2.00,1.00
2008.07.16 14:12:02.670,2.08725,2.0875,1.00,1.00
2008.07.16 14:12:02.870,2.08715,2.0875,1.70,1.00
2008.07.16 14:12:03.104,2.0871,2.0875,1.00,1.00
2008.07.16 14:12:03.306,2.0871,2.08745,1.00,1.00
2008.07.16 14:12:03.560,2.08705,2.08745,2.70,1.00
2008.07.16 14:12:03.729,2.08695,2.0873,4.70,1.00
2008.07.16 14:12:04.856,2.08695,2.0872,2.70,1.00
2008.07.16 14:12:05.520,2.087,2.08745,1.00,1.00
2008.07.16 14:12:05.624,2.08705,2.08745,1.30,2.80
2008.07.16 14:12:05.765,2.08705,2.08745,1.00,2.80
2008.07.16 14:12:05.955,2.0871,2.08745,1.00,1.00
2008.07.16 14:12:06.272,2.0871,2.08745,1.00,2.80
2008.07.16 14:12:06.442,2.08705,2.08745,4.70,2.80
2008.07.16 14:12:06.822,2.0871,2.0874,1.00,1.70
2008.07.16 14:12:07.121,2.08695,2.0874,4.70,1.70
2008.07.16 14:12:07.422,2.08695,2.0873,2.00,1.00
2008.07.16 14:12:08.084,2.08695,2.0873,1.70,1.00
2008.07.16 14:12:08.279,2.08695,2.0873,4.40,1.00
2008.07.16 14:12:08.478,2.08695,2.0873,4.40,1.70
2008.07.16 14:12:08.670,2.08695,2.0873,4.40,1.00
2008.07.16 14:12:08.889,2.087,2.0872,1.00,1.00
2008.07.16 14:12:09.291,2.087,2.0873,1.00,1.00
2008.07.16 14:12:09.691,2.08695,2.0873,4.40,1.00
2008.07.16 14:12:10.201,2.08695,2.0873,3.30,1.00
2008.07.16 14:12:10.459,2.08695,2.0873,3.30,1.70
2008.07.16 14:12:11.753,2.08695,2.0873,3.30,1.00
2008.07.16 14:12:12.146,2.08695,2.0873,4.40,1.70
2008.07.16 14:12:14.289,2.087,2.0873,1.00,1.70
2008.07.16 14:12:14.817,2.08695,2.0873,4.40,1.70
2008.07.16 14:12:15.007,2.087,2.0873,1.00,1.70
2008.07.16 14:12:15.830,2.08695,2.0873,3.70,1.70
2008.07.16 14:12:16.370,2.08695,2.0873,3.70,1.00
2008.07.16 14:12:16.645,2.08695,2.0873,4.40,1.00
2008.07.16 14:12:16.922,2.08695,2.0873,2.70,1.00
2008.07.16 14:12:17.210,2.08705,2.0873,1.00,1.00
2008.07.16 14:12:17.398,2.08705,2.0874,3.70,1.80
2008.07.16 14:12:17.743,2.08705,2.0873,4.40,1.00
2008.07.16 14:12:17.920,2.08705,2.0874,4.40,3.90
2008.07.16 14:12:18.123,2.08705,2.0874,4.40,1.70
2008.07.16 14:12:18.448,2.08705,2.0873,1.00,1.00
2008.07.16 14:12:18.727,2.08695,2.0873,4.70,1.00
2008.07.16 14:12:19.298,2.08695,2.0873,4.40,1.00
2008.07.16 14:12:19.599,2.08695,2.0873,4.40,1.70
2008.07.16 14:12:19.910,2.08695,2.0872,1.70,1.00
2008.07.16 14:12:20.208,2.087,2.0872,1.00,1.00
2008.07.16 14:12:20.378,2.087,2.0873,1.00,1.00
2008.07.16 14:12:20.555,2.08695,2.0873,4.70,1.00
2008.07.16 14:12:20.865,2.08705,2.0874,2.70,1.70
2008.07.16 14:12:23.026,2.08695,2.0874,2.00,1.70
2008.07.16 14:12:23.340,2.08695,2.0874,2.00,2.50
2008.07.16 14:12:23.706,2.08695,2.08735,2.00,1.00
2008.07.16 14:12:24.411,2.08695,2.08735,1.00,1.70
2008.07.16 14:12:24.771,2.08695,2.08735,2.70,1.70
2008.07.16 14:12:25.157,2.08695,2.08735,2.70,2.10
2008.07.16 14:12:25.523,2.08695,2.0872,1.00,1.00
2008.07.16 14:12:25.905,2.08685,2.0872,5.40,1.00
2008.07.16 14:12:26.057,2.08685,2.0872,4.70,1.00
2008.07.16 14:12:26.352,2.08695,2.08745,2.70,1.70
2008.07.16 14:12:26.967,2.08695,2.0874,2.70,2.10
2008.07.16 14:12:27.218,2.08695,2.0874,2.70,2.90
2008.07.16 14:12:27.477,2.08695,2.08735,2.70,1.70
2008.07.16 14:12:27.643,2.08695,2.08735,2.70,1.00
2008.07.16 14:12:27.822,2.08695,2.0873,2.70,1.00
2008.07.16 14:12:28.312,2.08685,2.0873,4.70,1.70
2008.07.16 14:12:29.204,2.08685,2.0873,4.40,1.70
2008.07.16 14:12:29.963,2.0869,2.0873,3.20,1.70
2008.07.16 14:12:30.593,2.0869,2.0873,3.90,1.70
2008.07.16 14:12:30.826,2.0869,2.0873,1.60,1.70
2008.07.16 14:12:31.068,2.0869,2.0873,1.60,1.00
2008.07.16 14:12:31.323,2.08695,2.08715,1.00,1.00
2008.07.16 14:12:31.673,2.08695,2.08725,1.00,1.00
2008.07.16 14:12:31.796,2.08685,2.08725,5.50,1.00
2008.07.16 14:12:32.077,2.08685,2.08725,6.30,1.00
2008.07.16 14:12:32.319,2.08695,2.08725,1.60,1.00
2008.07.16 14:12:32.601,2.08705,2.0873,1.00,1.00
2008.07.16 14:12:32.835,2.08705,2.0874,3.60,1.00
2008.07.16 14:12:33.041,2.0871,2.0874,1.00,1.00
2008.07.16 14:12:33.367,2.0871,2.0874,1.60,2.80
2008.07.16 14:12:33.528,2.087,2.0874,1.60,1.40
2008.07.16 14:12:33.701,2.087,2.0874,1.60,2.50
2008.07.16 14:12:33.882,2.08695,2.0874,2.70,2.50
2008.07.16 14:12:34.068,2.08685,2.08725,1.80,1.00
2008.07.16 14:12:34.259,2.0869,2.08725,1.00,1.00
2008.07.16 14:12:35.965,2.0869,2.08705,1.00,1.00
2008.07.16 14:12:36.234,2.0868,2.0871,1.60,1.00
2008.07.16 14:12:36.360,2.0868,2.0869,1.00,1.00
2008.07.16 14:12:36.456,2.08655,2.0869,1.40,1.00
2008.07.16 14:12:36.839,2.0865,2.0869,1.70,1.00
2008.07.16 14:12:37.404,2.0865,2.0868,2.80,1.00
2008.07.16 14:12:38.449,2.08655,2.0869,5.50,1.00
2008.07.16 14:12:38.655,2.08655,2.0869,6.30,1.00
2008.07.16 14:12:38.981,2.08655,2.0869,5.40,1.00
2008.07.16 14:12:39.271,2.0867,2.0868,1.00,1.00
2008.07.16 14:12:39.604,2.08655,2.0868,2.00,1.00
2008.07.16 14:12:39.893,2.08655,2.0868,2.70,1.00
2008.07.16 14:12:40.429,2.08665,2.0868,1.00,1.00
2008.07.16 14:12:42.041,2.0864,2.0868,6.30,1.00
2008.07.16 14:12:42.384,2.0864,2.0868,5.40,1.00
2008.07.16 14:12:43.159,2.08655,2.0868,1.00,1.00
2008.07.16 14:12:43.844,2.08645,2.0868,5.40,1.00
2008.07.16 14:12:44.063,2.08655,2.0868,1.00,1.00
2008.07.16 14:12:50.820,2.0865,2.0867,1.00,1.00
2008.07.16 14:12:51.114,2.0864,2.0867,1.40,1.00
2008.07.16 14:12:51.380,2.0864,2.0867,1.00,1.00
2008.07.16 14:12:52.347,2.0864,2.0867,1.40,1.00
2008.07.16 14:12:53.075,2.08645,2.0867,1.00,1.00
2008.07.16 14:12:53.274,2.08645,2.0868,4.40,1.00
2008.07.16 14:12:53.361,2.08645,2.0868,5.50,1.00
2008.07.16 14:12:53.571,2.0865,2.0868,1.00,1.00
2008.07.16 14:12:53.663,2.08645,2.0868,4.70,1.00
2008.07.16 14:12:54.092,2.08645,2.0868,5.50,1.00
2008.07.16 14:12:54.757,2.08645,2.0868,6.80,1.00
2008.07.16 14:12:54.976,2.08655,2.0868,1.00,1.00
2008.07.16 14:12:55.424,2.08655,2.08665,1.00,1.00
2008.07.16 14:12:55.668,2.0865,2.08665,1.00,1.00
2008.07.16 14:12:56.031,2.08635,2.08665,2.50,1.00
2008.07.16 14:12:56.958,2.08645,2.0866,1.00,1.00
2008.07.16 14:12:58.454,2.08635,2.0866,2.50,1.00
2008.07.16 14:12:59.529,2.0865,2.0866,1.00,1.00
2008.07.16 14:12:59.891,2.0865,2.08685,1.00,2.80
2008.07.16 14:13:00.057,2.0864,2.08685,1.60,1.00
2008.07.16 14:13:00.994,2.0864,2.0868,2.50,1.00
2008.07.16 14:13:01.515,2.08655,2.0868,1.00,1.00
2008.07.16 14:13:01.824,2.08635,2.0868,2.50,1.00
2008.07.16 14:13:03.288,2.0864,2.0868,1.40,1.00
2008.07.16 14:13:03.566,2.0864,2.0868,1.40,2.80
2008.07.16 14:13:03.654,2.0864,2.08665,1.40,1.00
2008.07.16 14:13:04.085,2.0864,2.08685,1.40,2.80
2008.07.16 14:13:04.179,2.0864,2.08685,2.50,2.80
2008.07.16 14:13:04.594,2.0864,2.08685,2.50,1.00
2008.07.16 14:13:05.342,2.0864,2.0868,1.60,1.00
2008.07.16 14:13:05.504,2.0865,2.08665,1.00,1.00
2008.07.16 14:13:06.194,2.0864,2.08665,1.00,1.00
2008.07.16 14:13:06.574,2.08635,2.0866,1.80,1.00
2008.07.16 14:13:07.022,2.0865,2.0867,1.00,1.00
2008.07.16 14:13:11.411,2.0865,2.0867,1.00,1.00
2008.07.16 14:13:13.482,2.08635,2.0867,5.20,1.00
2008.07.16 14:13:13.882,2.0865,2.0867,1.00,1.00
2008.07.16 14:13:14.613,2.08635,2.0867,5.20,1.00
2008.07.16 14:13:15.963,2.08645,2.0867,1.00,1.00
2008.07.16 14:13:17.313,2.0864,2.0867,1.40,1.00
2008.07.16 14:13:18.296,2.08655,2.0867,1.00,1.00
2008.07.16 14:13:19.138,2.08665,2.08695,1.00,1.80
2008.07.16 14:13:19.316,2.08655,2.08695,5.80,1.80
2008.07.16 14:13:19.666,2.08665,2.08695,1.00,2.80
2008.07.16 14:13:20.013,2.08655,2.08695,2.40,1.00
2008.07.16 14:13:20.352,2.08655,2.0869,2.80,1.00
2008.07.16 14:13:20.691,2.08655,2.0869,1.80,1.00
2008.07.16 14:13:20.862,2.0866,2.0869,1.00,1.00
2008.07.16 14:13:21.551,2.08655,2.0869,1.00,1.00
2008.07.16 14:13:22.893,2.08645,2.0869,4.70,1.00
2008.07.16 14:13:23.121,2.08645,2.0869,4.40,1.00
2008.07.16 14:13:23.252,2.0865,2.0869,1.00,1.00
2008.07.16 14:13:23.378,2.08645,2.0869,5.90,1.00
2008.07.16 14:13:23.593,2.08655,2.0869,1.70,2.80
2008.07.16 14:13:23.832,2.08655,2.0869,1.00,1.00
2008.07.16 14:13:24.053,2.08655,2.0869,2.70,1.00
2008.07.16 14:13:24.297,2.0865,2.0868,1.60,1.00
2008.07.16 14:13:24.855,2.08655,2.0868,1.00,1.00
2008.07.16 14:13:25.549,2.08645,2.0868,5.20,1.00
2008.07.16 14:13:25.660,2.0866,2.0868,1.00,1.00
2008.07.16 14:13:26.284,2.08645,2.0868,5.20,1.00
2008.07.16 14:13:26.400,2.08655,2.0868,1.00,1.00
2008.07.16 14:13:26.575,2.08655,2.08665,1.00,1.00
2008.07.16 14:13:26.813,2.0864,2.08665,1.70,1.00
2008.07.16 14:13:27.022,2.0864,2.08675,1.70,1.00
2008.07.16 14:13:27.235,2.0865,2.08675,1.00,1.00
2008.07.16 14:13:27.911,2.08655,2.0867,1.00,1.00
2008.07.16 14:13:28.135,2.08655,2.0868,1.00,1.00
2008.07.16 14:13:28.365,2.0863,2.0868,4.30,3.90
2008.07.16 14:13:28.590,2.0864,2.08675,1.00,1.00
2008.07.16 14:13:28.821,2.0864,2.0866,1.00,1.00
2008.07.16 14:13:29.680,2.0865,2.0866,1.00,1.00
2008.07.16 14:13:29.911,2.0864,2.0866,1.00,1.00
2008.07.16 14:13:30.592,2.08615,2.0866,1.40,1.00
2008.07.16 14:13:30.821,2.08615,2.0866,1.40,2.80
2008.07.16 14:13:31.132,2.08635,2.08645,1.00,1.00
2008.07.16 14:13:31.446,2.08635,2.08665,1.00,1.00
2008.07.16 14:13:31.880,2.08615,2.08665,1.70,1.00
2008.07.16 14:13:32.120,2.08615,2.08665,2.50,1.00
2008.07.16 14:13:32.389,2.08635,2.08665,1.00,1.00
2008.07.16 14:13:32.606,2.0862,2.0866,1.00,1.00
2008.07.16 14:13:33.012,2.0864,2.0866,1.30,1.00
2008.07.16 14:13:33.395,2.08645,2.0866,1.00,1.00
2008.07.16 14:13:33.623,2.0864,2.0866,1.00,1.00
2008.07.16 14:13:33.823,2.08635,2.0866,1.00,1.00
2008.07.16 14:13:34.611,2.08605,2.0866,6.80,1.00
2008.07.16 14:13:34.799,2.0862,2.0866,1.00,1.00
2008.07.16 14:13:35.164,2.08595,2.08645,1.40,1.00
2008.07.16 14:13:35.524,2.08595,2.08645,2.50,1.80
2008.07.16 14:13:35.942,2.08605,2.08645,1.00,1.00
2008.07.16 14:13:36.197,2.0863,2.0864,1.00,1.00
2008.07.16 14:13:36.590,2.0859,2.08635,2.90,1.00
2008.07.16 14:13:36.846,2.08595,2.0864,3.50,1.80
2008.07.16 14:13:37.027,2.086,2.0864,1.00,1.80
2008.07.16 14:13:37.394,2.08615,2.0864,2.70,1.00
2008.07.16 14:13:37.751,2.08625,2.08665,2.70,1.00
2008.07.16 14:13:38.114,2.08635,2.08675,2.70,2.10
2008.07.16 14:13:38.320,2.08635,2.0868,2.70,2.10
2008.07.16 14:13:39.388,2.08635,2.08675,2.70,1.00
2008.07.16 14:13:40.299,2.08625,2.0866,4.50,1.00
2008.07.16 14:13:41.039,2.0862,2.08645,1.70,1.00
2008.07.16 14:13:41.340,2.0862,2.0866,1.00,1.00
2008.07.16 14:13:41.917,2.0862,2.08665,1.00,2.80
2008.07.16 14:13:42.077,2.0862,2.0866,1.00,1.00
2008.07.16 14:13:42.224,2.0862,2.0866,1.70,1.00
2008.07.16 14:13:42.529,2.0862,2.0866,3.10,1.00
2008.07.16 14:13:42.680,2.08625,2.0866,1.70,1.00
2008.07.16 14:13:43.178,2.08625,2.0866,4.40,1.00
2008.07.16 14:13:43.504,2.08635,2.0866,1.00,1.00
2008.07.16 14:13:45.017,2.08635,2.0866,2.10,1.00
2008.07.16 14:13:45.317,2.0865,2.0867,1.00,1.00
2008.07.16 14:13:45.440,2.0865,2.08685,1.00,1.00
2008.07.16 14:13:45.584,2.08645,2.08685,1.60,1.00
2008.07.16 14:13:45.720,2.08645,2.08685,1.00,1.00
2008.07.16 14:13:45.838,2.0864,2.0869,3.70,1.70
2008.07.16 14:13:46.188,2.08645,2.0869,1.00,1.70
2008.07.16 14:13:46.446,2.0865,2.0868,1.00,1.00
2008.07.16 14:13:46.705,2.08645,2.0868,1.00,1.70
2008.07.16 14:13:47.214,2.08645,2.0868,1.00,1.00
2008.07.16 14:13:47.515,2.08645,2.0868,4.70,1.00
2008.07.16 14:13:47.645,2.08645,2.0868,4.30,1.00
2008.07.16 14:13:47.817,2.08645,2.08665,1.60,1.00
2008.07.16 14:13:47.973,2.08645,2.08665,1.00,1.00
2008.07.16 14:13:48.134,2.0863,2.08665,1.40,1.00
2008.07.16 14:13:48.665,2.0864,2.08665,1.00,1.00
2008.07.16 14:13:49.396,2.08625,2.0866,6.80,1.00
2008.07.16 14:13:50.095,2.08625,2.0866,4.30,1.00
2008.07.16 14:13:50.476,2.0862,2.08645,1.60,1.00
2008.07.16 14:13:50.574,2.0862,2.08645,1.00,1.00
2008.07.16 14:13:51.635,2.08625,2.0864,1.30,1.00
2008.07.16 14:13:51.919,2.08625,2.08665,4.70,1.80
2008.07.16 14:13:52.197,2.08625,2.08665,5.80,1.00
2008.07.16 14:13:52.791,2.08635,2.08665,1.00,1.00
2008.07.16 14:13:53.168,2.0863,2.0866,1.00,2.50
2008.07.16 14:13:53.403,2.0863,2.08645,1.00,1.00
2008.07.16 14:13:53.612,2.08625,2.08645,1.00,1.00
2008.07.16 14:13:53.780,2.0861,2.08645,1.30,1.00
2008.07.16 14:13:53.946,2.08625,2.0866,3.70,1.00
2008.07.16 14:13:54.117,2.08625,2.08665,4.40,4.90
2008.07.16 14:13:54.431,2.0863,2.0866,1.00,2.80
2008.07.16 14:13:54.935,2.0863,2.0866,1.00,1.70
2008.07.16 14:13:56.393,2.08635,2.0866,1.00,1.70
2008.07.16 14:13:56.615,2.0861,2.0866,4.70,1.70
2008.07.16 14:13:56.784,2.086,2.0865,5.40,1.00
2008.07.16 14:13:56.958,2.086,2.0865,5.40,4.90
2008.07.16 14:13:57.137,2.0861,2.0865,1.00,4.90
2008.07.16 14:13:57.311,2.0861,2.0865,1.00,2.80
2008.07.16 14:13:57.859,2.08615,2.0865,1.70,2.80
2008.07.16 14:13:58.087,2.08625,2.0865,1.00,2.80
2008.07.16 14:13:58.311,2.08625,2.0865,1.00,1.70
2008.07.16 14:13:58.874,2.0863,2.0865,1.00,1.70
2008.07.16 14:13:59.186,2.0863,2.0865,1.00,4.90
2008.07.16 14:13:59.470,2.08615,2.0865,1.70,2.80
2008.07.16 14:13:59.740,2.08615,2.0865,1.00,2.80
2008.07.16 14:14:00.431,2.0861,2.0865,1.00,1.80
2008.07.16 14:14:00.783,2.08615,2.0865,1.30,1.00
2008.07.16 14:14:01.151,2.08625,2.0865,1.00,1.00
2008.07.16 14:14:01.361,2.0862,2.0865,1.00,1.00
2008.07.16 14:14:02.491,2.08625,2.0865,1.00,1.00
2008.07.16 14:14:02.989,2.08625,2.0865,1.70,1.00
2008.07.16 14:14:03.869,2.08615,2.0865,5.40,1.00
2008.07.16 14:14:04.450,2.08625,2.0865,1.00,1.00
2008.07.16 14:14:04.642,2.08615,2.0865,5.40,1.00
2008.07.16 14:14:05.550,2.08615,2.0865,6.30,1.00
2008.07.16 14:14:05.729,2.08625,2.0865,1.00,1.00
2008.07.16 14:14:06.431,2.0863,2.0865,1.00,1.00
2008.07.16 14:14:07.268,2.08635,2.0865,1.00,1.00
2008.07.16 14:14:11.163,2.08625,2.0865,1.70,1.00
2008.07.16 14:14:11.412,2.08625,2.08655,4.40,1.00
2008.07.16 14:14:11.615,2.08625,2.08655,3.30,1.00
2008.07.16 14:14:12.269,2.0862,2.0865,1.00,2.80
2008.07.16 14:14:12.519,2.0861,2.0865,1.40,2.80
2008.07.16 14:14:13.051,2.0862,2.0865,1.00,2.80
2008.07.16 14:14:13.639,2.0862,2.08645,1.00,1.00
2008.07.16 14:14:14.149,2.0862,2.0863,1.00,1.00
2008.07.16 14:14:14.600,2.08615,2.08655,1.00,2.80
2008.07.16 14:14:15.047,2.08615,2.08655,1.70,2.80
2008.07.16 14:14:15.404,2.0862,2.08655,1.00,1.80
2008.07.16 14:14:15.765,2.0862,2.0865,1.00,1.70
2008.07.16 14:14:16.161,2.0862,2.0865,1.00,1.00
2008.07.16 14:14:16.332,2.0862,2.0865,1.00,2.80
2008.07.16 14:14:16.648,2.08625,2.0865,1.00,2.80
2008.07.16 14:14:16.966,2.0863,2.0865,1.00,2.80
2008.07.16 14:14:17.163,2.0863,2.0865,1.00,1.00
2008.07.16 14:14:17.332,2.0863,2.0865,1.00,2.80
2008.07.16 14:14:17.694,2.0863,2.0865,1.00,1.00
2008.07.16 14:14:18.018,2.0863,2.0866,1.00,1.00
2008.07.16 14:14:18.835,2.08625,2.0866,5.90,1.00
2008.07.16 14:14:19.174,2.08625,2.0866,6.70,1.00
2008.07.16 14:14:19.280,2.08625,2.0866,7.60,1.00
2008.07.16 14:14:19.379,2.0863,2.0866,1.30,1.00
2008.07.16 14:14:19.486,2.08625,2.0866,7.60,1.00
2008.07.16 14:14:19.609,2.0864,2.08685,3.70,4.00
2008.07.16 14:14:19.724,2.0864,2.08685,3.70,2.90
2008.07.16 14:14:19.937,2.0864,2.08685,3.70,1.70
2008.07.16 14:14:20.389,2.0864,2.08685,3.70,1.00
2008.07.16 14:14:22.120,2.08645,2.0868,4.40,1.00
2008.07.16 14:14:22.631,2.08645,2.0868,4.40,1.70
2008.07.16 14:14:23.493,2.08635,2.0868,5.40,1.70
2008.07.16 14:14:23.775,2.08635,2.0868,4.30,1.70
2008.07.16 14:14:23.925,2.08645,2.0867,2.70,1.00
2008.07.16 14:14:24.200,2.08645,2.08675,2.70,1.00
2008.07.16 14:14:24.544,2.08635,2.0867,4.50,2.80
2008.07.16 14:14:24.887,2.08635,2.0867,4.50,1.00
2008.07.16 14:14:25.996,2.08645,2.0868,3.70,1.00
2008.07.16 14:14:26.523,2.08645,2.0868,3.70,1.70
2008.07.16 14:14:26.740,2.08645,2.0868,3.70,1.00
2008.07.16 14:14:26.975,2.0864,2.0868,2.50,1.00
2008.07.16 14:14:27.175,2.0864,2.0868,1.40,1.70
2008.07.16 14:14:27.546,2.08655,2.0868,1.00,2.80
2008.07.16 14:14:27.968,2.08645,2.08675,4.40,1.00
2008.07.16 14:14:28.155,2.0865,2.08675,1.00,1.00
2008.07.16 14:14:28.531,2.08645,2.08675,3.70,1.00
2008.07.16 14:14:28.952,2.08645,2.0868,3.70,2.80
2008.07.16 14:14:29.198,2.08655,2.0868,1.00,2.80
2008.07.16 14:14:29.408,2.08655,2.0868,1.00,1.70
2008.07.16 14:14:30.104,2.08655,2.0868,1.00,1.00
2008.07.16 14:14:30.467,2.08655,2.0868,1.00,1.70
2008.07.16 14:14:31.061,2.08665,2.0868,1.00,1.70
2008.07.16 14:14:31.360,2.08665,2.0867,1.00,1.00
2008.07.16 14:14:31.744,2.08655,2.0867,1.00,1.00
2008.07.16 14:14:33.627,2.0866,2.0867,1.00,1.00
2008.07.16 14:14:34.065,2.0866,2.0868,1.00,1.00
2008.07.16 14:14:34.222,2.08645,2.0868,3.70,1.00
2008.07.16 14:14:34.377,2.08645,2.0868,4.50,1.00
2008.07.16 14:14:34.912,2.08655,2.08695,2.70,1.00
2008.07.16 14:14:35.263,2.08655,2.08695,3.30,1.00
2008.07.16 14:14:35.624,2.08655,2.08695,4.40,1.00
2008.07.16 14:14:36.885,2.08655,2.0869,1.70,2.80
2008.07.16 14:14:37.833,2.08655,2.0869,1.70,1.00
2008.07.16 14:14:38.049,2.08655,2.0869,1.70,3.90
2008.07.16 14:14:38.384,2.08655,2.0869,1.00,2.80
2008.07.16 14:14:38.713,2.0865,2.0869,1.00,4.90
2008.07.16 14:14:38.885,2.0865,2.0869,1.70,4.90
2008.07.16 14:14:39.057,2.0865,2.0869,1.00,4.90
2008.07.16 14:14:39.348,2.08645,2.0869,5.50,2.80
2008.07.16 14:14:39.646,2.0866,2.08675,1.00,1.00
2008.07.16 14:14:41.594,2.08665,2.0867,1.00,1.00
2008.07.16 14:14:42.376,2.0866,2.0867,1.00,1.00
2008.07.16 14:14:42.923,2.08645,2.0867,2.50,1.00
2008.07.16 14:14:45.770,2.0866,2.0867,1.00,1.00
2008.07.16 14:14:49.750,2.0867,2.0869,1.00,3.80
2008.07.16 14:14:50.853,2.08665,2.0867,1.00,1.00
2008.07.16 14:14:52.372,2.0867,2.0869,1.00,1.40
2008.07.16 14:14:52.824,2.0867,2.08695,1.00,1.70
2008.07.16 14:14:53.327,2.08675,2.08695,1.00,1.70
2008.07.16 14:14:54.070,2.0865,2.0869,5.40,1.70
2008.07.16 14:14:54.167,2.0866,2.0869,1.00,1.70
2008.07.16 14:14:55.144,2.08665,2.087,4.40,1.80
2008.07.16 14:14:55.593,2.08665,2.087,3.30,1.80
2008.07.16 14:14:56.263,2.0867,2.087,1.00,1.80
2008.07.16 14:14:56.755,2.0867,2.087,1.00,2.80
2008.07.16 14:14:56.899,2.0867,2.087,1.00,1.70
2008.07.16 14:14:57.339,2.08675,2.087,1.00,1.70
2008.07.16 14:14:59.785,2.08675,2.087,1.00,1.00
2008.07.16 14:15:00.514,2.0868,2.087,1.00,1.00
2008.07.16 14:15:01.527,2.08675,2.087,1.00,1.00
2008.07.16 14:15:04.605,2.08665,2.087,5.80,1.00
2008.07.16 14:15:04.774,2.08675,2.087,1.60,1.00
2008.07.16 14:15:04.952,2.08685,2.08715,4.40,1.00
2008.07.16 14:15:05.334,2.08675,2.0872,5.40,2.80
2008.07.16 14:15:05.669,2.0869,2.0872,1.00,2.80
2008.07.16 14:15:05.838,2.08675,2.0871,4.70,1.00
2008.07.16 14:15:06.012,2.08675,2.0871,3.60,3.20
2008.07.16 14:15:06.176,2.08675,2.0871,3.60,5.40
2008.07.16 14:15:06.357,2.0868,2.087,1.00,1.00
2008.07.16 14:15:07.285,2.0868,2.0871,1.00,1.80
2008.07.16 14:15:08.477,2.08675,2.0871,2.70,1.80
2008.07.16 14:15:08.638,2.08665,2.087,4.40,1.00
2008.07.16 14:15:08.990,2.08665,2.087,4.40,1.80
2008.07.16 14:15:09.120,2.08665,2.087,3.30,1.80
2008.07.16 14:15:09.687,2.08655,2.0869,5.20,1.00
2008.07.16 14:15:10.337,2.08665,2.0869,1.00,1.00
2008.07.16 14:15:12.463,2.08665,2.087,3.30,1.80
2008.07.16 14:15:12.668,2.08665,2.087,3.30,2.80
2008.07.16 14:15:13.890,2.0867,2.087,1.00,2.80
2008.07.16 14:15:14.500,2.08665,2.087,4.00,2.80
2008.07.16 14:15:14.610,2.0868,2.08705,2.70,2.10
2008.07.16 14:15:14.678,2.0868,2.08705,2.70,1.00
2008.07.16 14:15:15.061,2.0868,2.08715,3.30,1.00
2008.07.16 14:15:15.733,2.08685,2.08715,2.70,1.00
2008.07.16 14:15:18.038,2.08675,2.087,1.00,1.00
2008.07.16 14:15:18.470,2.08665,2.087,4.50,1.00
2008.07.16 14:15:18.663,2.08675,2.08725,2.70,2.90
2008.07.16 14:15:19.034,2.08675,2.08725,4.00,2.90
2008.07.16 14:15:19.305,2.08675,2.08725,5.10,2.80
2008.07.16 14:15:19.565,2.08685,2.0873,2.70,2.10
2008.07.16 14:15:20.085,2.087,2.08725,2.70,2.10
2008.07.16 14:15:20.352,2.087,2.08735,2.70,1.00
2008.07.16 14:15:21.797,2.08705,2.0873,2.70,1.00
2008.07.16 14:15:21.972,2.08705,2.08735,2.70,1.00
2008.07.16 14:15:22.302,2.08695,2.0873,3.60,1.00
2008.07.16 14:15:22.633,2.08695,2.0873,2.70,1.70
2008.07.16 14:15:24.001,2.08685,2.0873,4.70,1.70
2008.07.16 14:15:24.279,2.0869,2.0873,1.00,2.90
2008.07.16 14:15:24.357,2.08685,2.0873,3.70,2.90
2008.07.16 14:15:24.482,2.08685,2.08725,3.70,1.00
2008.07.16 14:15:24.551,2.08685,2.08725,4.70,1.00
2008.07.16 14:15:24.682,2.08685,2.08725,5.40,1.00
2008.07.16 14:15:24.917,2.08695,2.08725,3.30,1.00
2008.07.16 14:15:26.551,2.08695,2.0873,3.30,1.70
2008.07.16 14:15:30.374,2.08695,2.0873,3.30,2.50
2008.07.16 14:15:30.722,2.08685,2.0872,4.30,1.00
2008.07.16 14:15:31.045,2.08695,2.08725,2.70,1.00
2008.07.16 14:15:31.372,2.08695,2.08725,2.70,1.00
2008.07.16 14:15:32.624,2.08695,2.0872,2.70,1.00
2008.07.16 14:15:32.769,2.08685,2.0872,2.70,1.70
2008.07.16 14:15:33.540,2.08685,2.0872,2.70,1.00
2008.07.16 14:15:33.681,2.08685,2.0872,3.70,1.00
2008.07.16 14:15:34.199,2.08695,2.08725,2.70,1.00
2008.07.16 14:15:35.409,2.08695,2.0872,2.70,1.00
2008.07.16 14:15:37.199,2.08695,2.08725,2.70,1.00
2008.07.16 14:15:37.538,2.0867,2.0871,4.70,1.00
2008.07.16 14:15:38.318,2.0868,2.0872,2.70,1.00
2008.07.16 14:15:38.490,2.08685,2.0872,1.30,1.00
2008.07.16 14:15:38.661,2.0869,2.0873,1.30,1.70
2008.07.16 14:15:38.834,2.08705,2.0873,2.70,1.00
2008.07.16 14:15:39.293,2.08695,2.0873,2.70,1.00
2008.07.16 14:15:39.714,2.08685,2.08725,3.70,1.00
2008.07.16 14:15:40.028,2.08685,2.08725,3.70,2.10
2008.07.16 14:15:40.350,2.08685,2.08725,3.70,1.00
2008.07.16 14:15:40.674,2.08695,2.0873,2.70,4.30
2008.07.16 14:15:40.998,2.08695,2.0873,2.70,2.10
2008.07.16 14:15:41.350,2.08685,2.0872,2.70,1.00
2008.07.16 14:15:41.958,2.08695,2.0873,2.70,1.00
2008.07.16 14:15:42.315,2.08695,2.08735,2.70,1.00
2008.07.16 14:15:42.826,2.08695,2.08735,2.70,2.10
2008.07.16 14:15:42.971,2.08695,2.08735,2.70,1.00
2008.07.16 14:15:45.519,2.08695,2.08735,3.70,1.00
2008.07.16 14:15:46.072,2.08695,2.08735,5.10,1.00
2008.07.16 14:15:46.598,2.08695,2.08735,6.00,1.00
2008.07.16 14:15:46.686,2.08695,2.0874,4.70,1.70
2008.07.16 14:15:47.350,2.08695,2.0874,3.70,2.90
2008.07.16 14:15:49.185,2.08695,2.08735,3.70,1.00
2008.07.16 14:15:50.981,2.08695,2.08735,4.40,1.00
2008.07.16 14:15:51.326,2.08705,2.08735,3.30,1.00
2008.07.16 14:15:53.377,2.08705,2.08735,2.70,1.00
2008.07.16 14:15:53.733,2.08705,2.0874,2.70,1.00
2008.07.16 14:15:54.110,2.08705,2.0874,3.70,1.00
2008.07.16 14:15:54.310,2.08705,2.08745,3.70,1.00
2008.07.16 14:15:54.526,2.08705,2.08745,4.70,1.00
2008.07.16 14:15:54.785,2.08715,2.08745,2.70,1.00
2008.07.16 14:15:54.925,2.08715,2.08745,3.30,1.00
2008.07.16 14:15:55.065,2.08715,2.08745,2.70,1.00
2008.07.16 14:15:55.209,2.08705,2.08745,4.40,2.10
2008.07.16 14:15:55.383,2.08705,2.08745,4.70,1.00
2008.07.16 14:15:55.722,2.08715,2.08745,3.30,1.00
2008.07.16 14:16:00.662,2.0871,2.0874,1.00,1.00
2008.07.16 14:16:00.924,2.08705,2.0874,3.30,1.00
2008.07.16 14:16:02.570,2.0871,2.0874,1.00,1.00
2008.07.16 14:16:03.344,2.08705,2.0874,3.30,1.00
2008.07.16 14:16:05.167,2.08695,2.0873,3.60,1.00
2008.07.16 14:16:05.730,2.087,2.0873,1.00,1.00
2008.07.16 14:16:06.638,2.08705,2.0873,1.00,1.00
2008.07.16 14:16:09.249,2.08695,2.0873,2.70,1.00
2008.07.16 14:16:09.408,2.08705,2.0873,1.00,1.00
2008.07.16 14:16:10.399,2.08705,2.0874,3.30,1.00
2008.07.16 14:16:10.701,2.08705,2.08745,3.30,2.80
2008.07.16 14:16:10.998,2.08705,2.08745,3.30,2.10
2008.07.16 14:16:11.760,2.08705,2.08745,3.30,1.70
2008.07.16 14:16:11.938,2.08705,2.08745,3.30,2.80
2008.07.16 14:16:12.392,2.08705,2.0873,1.00,1.00
2008.07.16 14:16:14.447,2.0871,2.0873,1.00,1.00
2008.07.16 14:16:14.493,2.08715,2.08745,2.70,3.20
2008.07.16 14:16:14.649,2.08715,2.08745,2.70,2.10
2008.07.16 14:16:14.852,2.08715,2.08745,3.30,1.00
2008.07.16 14:16:15.042,2.08715,2.0875,3.30,1.70
2008.07.16 14:16:15.380,2.08715,2.0875,3.30,1.00
2008.07.16 14:16:15.553,2.0872,2.0875,1.00,1.00
2008.07.16 14:16:16.953,2.0872,2.08745,1.00,1.00
2008.07.16 14:16:17.159,2.0872,2.0873,1.00,1.00
2008.07.16 14:16:17.397,2.08705,2.0873,1.70,1.00
2008.07.16 14:16:17.530,2.0872,2.0873,1.00,1.00
2008.07.16 14:16:17.617,2.0872,2.0874,1.00,1.00
2008.07.16 14:16:17.700,2.0872,2.0875,1.00,3.90
2008.07.16 14:16:18.043,2.0872,2.0875,1.00,1.70
2008.07.16 14:16:18.386,2.08705,2.0875,3.60,1.70
2008.07.16 14:16:19.032,2.08705,2.08745,3.30,1.00
2008.07.16 14:16:19.767,2.08705,2.0875,3.30,5.10
2008.07.16 14:16:20.046,2.08705,2.0875,3.30,1.70
2008.07.16 14:16:21.605,2.08705,2.0875,3.30,2.90
2008.07.16 14:16:22.046,2.08705,2.0875,3.30,1.70
2008.07.16 14:16:22.355,2.08705,2.08745,3.30,1.00
2008.07.16 14:16:25.895,2.08705,2.0875,3.30,1.70
2008.07.16 14:16:28.845,2.08705,2.0875,4.40,1.70
2008.07.16 14:16:28.926,2.08705,2.0875,4.40,2.80
2008.07.16 14:16:29.097,2.0872,2.0875,1.00,2.80
2008.07.16 14:16:29.315,2.0871,2.0875,1.40,2.80
2008.07.16 14:16:29.386,2.0872,2.0875,1.00,2.80
2008.07.16 14:16:29.813,2.0872,2.0875,1.00,1.00
2008.07.16 14:16:30.353,2.08715,2.0875,3.30,1.00
2008.07.16 14:16:32.265,2.0872,2.0875,1.00,1.00
2008.07.16 14:16:35.575,2.08725,2.0875,1.00,1.00
2008.07.16 14:16:35.805,2.08725,2.0875,1.60,1.00
2008.07.16 14:16:36.512,2.08725,2.0875,1.00,1.00
2008.07.16 14:16:39.260,2.0873,2.0875,1.00,1.00
2008.07.16 14:16:41.890,2.0873,2.0876,1.00,1.00
2008.07.16 14:16:42.212,2.0873,2.0876,1.00,2.10
2008.07.16 14:16:42.301,2.0873,2.0877,1.00,5.10
2008.07.16 14:16:42.554,2.0873,2.0877,1.00,2.90
2008.07.16 14:16:44.335,2.0874,2.0877,1.00,1.70
2008.07.16 14:16:44.505,2.0874,2.08765,1.00,1.00
2008.07.16 14:16:44.707,2.0873,2.08765,1.00,2.10
2008.07.16 14:16:45.072,2.0873,2.0876,1.00,1.00
2008.07.16 14:16:45.224,2.0873,2.0876,1.00,2.10
2008.07.16 14:16:45.378,2.0873,2.0875,1.00,1.00
2008.07.16 14:16:45.531,2.0872,2.0875,1.00,1.00
2008.07.16 14:16:45.976,2.0873,2.0875,1.00,1.00
2008.07.16 14:16:46.272,2.08695,2.08745,4.70,1.00
2008.07.16 14:16:46.565,2.08695,2.08745,4.40,1.00
2008.07.16 14:16:46.700,2.08695,2.0874,4.40,3.20
2008.07.16 14:16:46.847,2.08695,2.08745,3.30,1.70
2008.07.16 14:16:47.109,2.087,2.08745,1.00,1.70
2008.07.16 14:16:47.248,2.087,2.0874,1.00,3.90
2008.07.16 14:16:47.571,2.0871,2.0874,1.00,2.80
2008.07.16 14:16:47.710,2.0871,2.08725,1.00,1.00
2008.07.16 14:16:47.884,2.087,2.08725,1.00,1.00
2008.07.16 14:16:56.398,2.08695,2.0872,1.80,1.00
2008.07.16 14:16:56.619,2.08695,2.08745,4.50,3.90
2008.07.16 14:16:56.847,2.08695,2.08745,5.50,1.00
2008.07.16 14:17:00.319,2.08695,2.0874,4.40,3.90
2008.07.16 14:17:00.605,2.08695,2.0874,3.50,3.90
2008.07.16 14:17:00.897,2.087,2.08725,1.00,1.00
2008.07.16 14:17:01.232,2.0869,2.08725,1.40,3.90
2008.07.16 14:17:01.330,2.0869,2.08725,1.00,3.90
2008.07.16 14:17:01.499,2.0868,2.08705,1.40,1.00
2008.07.16 14:17:01.630,2.08675,2.08705,1.40,1.00
2008.07.16 14:17:02.075,2.0869,2.08705,1.00,1.00
2008.07.16 14:17:02.639,2.0867,2.087,1.40,1.00
2008.07.16 14:17:04.136,2.08685,2.087,1.00,1.00
2008.07.16 14:17:04.346,2.08675,2.087,1.00,1.00
2008.07.16 14:17:05.149,2.0867,2.08685,1.00,1.00
2008.07.16 14:17:07.138,2.0867,2.08705,1.00,1.80
2008.07.16 14:17:07.368,2.0866,2.08705,1.40,2.80
2008.07.16 14:17:07.490,2.0867,2.08705,1.70,2.80
2008.07.16 14:17:07.610,2.0867,2.08705,1.70,1.00
2008.07.16 14:17:07.728,2.08665,2.08705,1.80,1.00
2008.07.16 14:17:08.190,2.0868,2.087,1.00,1.00
2008.07.16 14:17:08.731,2.08675,2.087,1.00,1.00
2008.07.16 14:17:08.987,2.0867,2.087,7.20,1.00
2008.07.16 14:17:09.425,2.0867,2.087,1.80,1.00
2008.07.16 14:17:10.606,2.0867,2.087,1.40,1.00
2008.07.16 14:17:12.886,2.08675,2.087,1.00,1.00
2008.07.16 14:17:12.951,2.08665,2.087,6.30,1.00
2008.07.16 14:17:13.204,2.08675,2.087,1.70,1.00
2008.07.16 14:17:13.620,2.08675,2.0871,4.40,1.00
2008.07.16 14:17:13.755,2.08675,2.0871,4.70,1.00
2008.07.16 14:17:16.352,2.0869,2.08735,3.70,1.80
2008.07.16 14:17:16.891,2.087,2.08745,2.70,2.10
2008.07.16 14:17:17.044,2.087,2.08745,2.70,1.00
2008.07.16 14:17:17.232,2.087,2.0875,2.70,2.10
2008.07.16 14:17:17.943,2.08705,2.0874,2.70,1.00
2008.07.16 14:17:18.554,2.08695,2.0873,3.70,1.00
2008.07.16 14:17:19.462,2.08695,2.0873,4.40,1.00
2008.07.16 14:17:19.912,2.08705,2.08735,2.70,1.00
2008.07.16 14:17:20.501,2.08695,2.08735,1.70,1.00
2008.07.16 14:17:20.572,2.08695,2.08735,1.00,1.00
2008.07.16 14:17:20.923,2.08695,2.08735,1.00,2.10
2008.07.16 14:17:21.226,2.08705,2.08735,2.70,1.00
2008.07.16 14:17:21.528,2.08695,2.08725,1.00,1.00
2008.07.16 14:17:21.842,2.08695,2.0873,1.00,1.70
2008.07.16 14:17:22.152,2.08695,2.0872,1.00,1.00
2008.07.16 14:17:23.072,2.0869,2.0872,1.00,1.00
2008.07.16 14:17:25.224,2.08695,2.0872,1.00,1.00
2008.07.16 14:17:25.424,2.08695,2.0873,3.70,1.70
2008.07.16 14:17:25.807,2.08695,2.0873,2.70,1.70
2008.07.16 14:17:26.050,2.08685,2.0872,4.70,1.00
2008.07.16 14:17:27.546,2.08685,2.0872,5.40,1.00
2008.07.16 14:17:29.019,2.08685,2.0872,2.70,1.00
2008.07.16 14:17:29.289,2.08685,2.0872,1.00,1.00
2008.07.16 14:17:29.379,2.0868,2.0872,1.00,1.00
2008.07.16 14:17:29.544,2.0868,2.0872,1.00,3.90
2008.07.16 14:17:29.669,2.0868,2.0872,1.00,1.70
2008.07.16 14:17:29.774,2.0868,2.0872,1.00,2.90
2008.07.16 14:17:30.240,2.0868,2.0872,1.00,1.70
2008.07.16 14:17:32.117,2.0868,2.0872,1.00,2.90
2008.07.16 14:17:32.187,2.0868,2.08705,1.00,1.00
2008.07.16 14:17:32.990,2.0868,2.08725,1.00,2.90
2008.07.16 14:17:33.310,2.0868,2.08725,1.00,1.70
2008.07.16 14:17:33.629,2.08685,2.08725,1.00,1.70
2008.07.16 14:17:34.055,2.08685,2.0872,2.00,1.70
2008.07.16 14:17:34.149,2.08685,2.0872,2.70,1.00
2008.07.16 14:17:34.310,2.08685,2.0872,5.40,1.00
2008.07.16 14:17:37.021,2.08695,2.0872,1.00,1.00
2008.07.16 14:17:37.236,2.08685,2.0872,5.40,1.00
2008.07.16 14:17:37.807,2.08685,2.0872,4.70,1.00
2008.07.16 14:17:37.882,2.0869,2.0872,1.00,1.00
2008.07.16 14:17:38.089,2.0868,2.0872,1.00,1.00
2008.07.16 14:17:38.280,2.0868,2.0872,1.00,1.40
2008.07.16 14:17:38.431,2.08675,2.0872,3.30,4.70
2008.07.16 14:17:38.582,2.08675,2.08715,3.30,1.00
2008.07.16 14:17:38.728,2.08675,2.0871,3.30,1.00
2008.07.16 14:17:38.877,2.08675,2.087,1.00,1.00
2008.07.16 14:17:40.561,2.0865,2.087,6.30,1.00
2008.07.16 14:17:40.729,2.0865,2.087,6.70,1.00
2008.07.16 14:17:40.903,2.0866,2.08705,2.70,1.00
2008.07.16 14:17:41.251,2.0866,2.0871,3.70,5.10
2008.07.16 14:17:41.429,2.0866,2.0871,3.70,2.90
2008.07.16 14:17:42.129,2.08665,2.0871,3.30,2.80
2008.07.16 14:17:42.402,2.08665,2.08705,3.30,2.10
2008.07.16 14:17:42.559,2.08665,2.08705,3.30,1.00
2008.07.16 14:17:42.698,2.0867,2.08705,1.00,1.00
2008.07.16 14:17:42.866,2.0867,2.0869,1.00,1.00
2008.07.16 14:17:43.556,2.08655,2.0869,5.40,1.00
2008.07.16 14:17:44.606,2.0867,2.0869,1.00,1.00
2008.07.16 14:17:45.478,2.08645,2.08675,1.00,1.00
2008.07.16 14:17:45.841,2.0864,2.08675,1.00,1.00
2008.07.16 14:17:46.585,2.0866,2.0867,1.00,1.00
2008.07.16 14:17:47.366,2.08655,2.0867,1.00,1.00
2008.07.16 14:17:49.847,2.0865,2.0867,1.00,1.00
2008.07.16 14:17:50.089,2.08645,2.0867,2.40,1.00
2008.07.16 14:17:50.392,2.0866,2.0867,1.00,1.00
2008.07.16 14:17:50.593,2.0866,2.08695,1.00,1.80
2008.07.16 14:17:50.655,2.08655,2.08695,1.00,2.80
2008.07.16 14:17:51.112,2.08655,2.08695,1.00,1.00
2008.07.16 14:17:51.471,2.08655,2.08695,1.00,2.80
2008.07.16 14:17:51.827,2.08655,2.0869,4.70,1.00
2008.07.16 14:17:52.007,2.08655,2.0869,4.40,1.00
2008.07.16 14:17:52.647,2.0866,2.0869,1.00,1.00
2008.07.16 14:17:53.978,2.08655,2.0869,4.40,1.00
2008.07.16 14:17:55.172,2.0866,2.0869,1.00,1.00
2008.07.16 14:17:56.732,2.08655,2.0869,1.00,1.00
2008.07.16 14:17:57.027,2.08655,2.0869,1.00,2.80
2008.07.16 14:17:57.336,2.08645,2.0869,5.50,1.00
2008.07.16 14:17:59.221,2.08645,2.0869,6.80,1.00
2008.07.16 14:17:59.486,2.08645,2.0869,5.50,1.00
2008.07.16 14:18:00.453,2.08645,2.0869,5.50,3.90
2008.07.16 14:18:00.908,2.08655,2.0869,1.00,1.70
2008.07.16 14:18:01.371,2.08655,2.0869,1.70,1.00
2008.07.16 14:18:01.712,2.08655,2.0869,4.40,1.00
2008.07.16 14:18:02.085,2.08655,2.0869,3.30,1.00
2008.07.16 14:18:02.217,2.08645,2.08675,2.50,1.00
2008.07.16 14:18:02.377,2.08645,2.08675,1.70,1.00
2008.07.16 14:18:02.504,2.08655,2.08675,1.00,1.00
2008.07.16 14:18:02.714,2.0865,2.08675,1.00,1.00
2008.07.16 14:18:02.922,2.0865,2.08695,1.00,1.80
2008.07.16 14:18:03.344,2.0865,2.08695,1.00,2.80
2008.07.16 14:18:03.552,2.0865,2.08695,1.00,1.80
2008.07.16 14:18:04.722,2.08655,2.0869,1.00,1.80
2008.07.16 14:18:05.214,2.08655,2.08685,1.00,1.00
2008.07.16 14:18:05.641,2.08655,2.0867,1.00,1.00
2008.07.16 14:18:06.397,2.08645,2.0867,1.00,1.00
2008.07.16 14:18:06.727,2.08635,2.0867,5.20,1.00
2008.07.16 14:18:07.054,2.08635,2.0866,1.00,1.00
2008.07.16 14:18:07.386,2.08635,2.08685,4.40,1.80
2008.07.16 14:18:07.512,2.08635,2.08685,4.50,1.80
2008.07.16 14:18:07.637,2.08635,2.08685,4.50,2.80
2008.07.16 14:18:08.243,2.08635,2.08685,5.90,2.80
2008.07.16 14:18:08.445,2.08645,2.08685,3.70,2.10
2008.07.16 14:18:08.644,2.08645,2.08685,3.70,1.00
2008.07.16 14:18:08.846,2.08645,2.08685,2.70,1.00
2008.07.16 14:18:09.364,2.08635,2.0867,5.50,1.00
2008.07.16 14:18:09.890,2.08635,2.0867,6.30,1.00
2008.07.16 14:18:12.011,2.08635,2.0867,5.50,1.00
2008.07.16 14:18:12.357,2.08635,2.0867,4.40,1.00
2008.07.16 14:18:12.999,2.08645,2.0867,1.00,1.00
2008.07.16 14:18:13.399,2.08635,2.0867,3.70,1.00
2008.07.16 14:18:13.750,2.08645,2.0867,1.00,1.00
2008.07.16 14:18:15.112,2.0864,2.0867,1.00,1.00
2008.07.16 14:18:15.298,2.08645,2.0867,1.00,1.00
2008.07.16 14:18:16.366,2.0864,2.0867,1.00,1.00
2008.07.16 14:18:20.309,2.08645,2.0867,1.00,1.00
2008.07.16 14:18:21.267,2.0864,2.0867,1.00,1.00
2008.07.16 14:18:21.537,2.08635,2.0866,1.70,1.00
2008.07.16 14:18:24.469,2.08635,2.0866,2.80,1.00
2008.07.16 14:18:24.771,2.08645,2.0866,1.00,1.00
2008.07.16 14:18:25.027,2.0864,2.0866,1.00,1.00
2008.07.16 14:18:29.077,2.08635,2.0866,1.70,1.00
2008.07.16 14:18:29.694,2.08645,2.0866,1.00,1.00
2008.07.16 14:18:29.868,2.0864,2.0866,1.00,1.00
2008.07.16 14:18:30.515,2.08635,2.0866,1.00,1.00
2008.07.16 14:18:31.481,2.0864,2.0866,1.00,1.00
2008.07.16 14:18:33.185,2.0863,2.0866,1.40,1.00
2008.07.16 14:18:33.340,2.0863,2.08645,1.40,1.00
2008.07.16 14:18:33.655,2.0864,2.08645,1.00,1.00
2008.07.16 14:18:33.728,2.0864,2.08665,1.00,1.00
2008.07.16 14:18:36.181,2.08625,2.0866,1.70,1.00
2008.07.16 14:18:36.734,2.08625,2.0866,1.00,1.00
2008.07.16 14:18:36.911,2.08625,2.0867,3.30,1.80
2008.07.16 14:18:37.009,2.08625,2.08665,3.30,1.00
2008.07.16 14:18:37.587,2.08625,2.0865,1.70,1.00
2008.07.16 14:18:37.996,2.08625,2.08675,4.40,2.80
2008.07.16 14:18:38.411,2.08625,2.08675,4.70,2.80
2008.07.16 14:18:38.592,2.08625,2.08675,4.70,1.70
2008.07.16 14:18:38.764,2.08625,2.08675,3.60,1.70
2008.07.16 14:18:38.967,2.08625,2.08655,1.00,1.00
2008.07.16 14:18:39.139,2.0862,2.08655,1.00,1.00
2008.07.16 14:18:39.324,2.08615,2.08655,1.00,4.90
2008.07.16 14:18:39.896,2.0861,2.08635,1.00,1.00
2008.07.16 14:18:40.153,2.08605,2.08645,3.70,1.00
2008.07.16 14:18:40.354,2.08605,2.08645,2.70,1.00
2008.07.16 14:18:40.708,2.086,2.08625,1.00,1.00
2008.07.16 14:18:41.398,2.08595,2.08625,1.00,1.70
2008.07.16 14:18:41.705,2.0858,2.08625,1.00,1.70
2008.07.16 14:18:42.256,2.0858,2.0862,1.60,1.70
2008.07.16 14:18:42.557,2.08585,2.0861,1.00,1.00
2008.07.16 14:18:42.825,2.0859,2.0861,1.00,1.00
2008.07.16 14:18:43.913,2.0859,2.08625,1.00,1.00
2008.07.16 14:18:44.421,2.0859,2.08625,1.00,2.10
2008.07.16 14:18:44.575,2.0859,2.0862,1.00,4.90
2008.07.16 14:18:44.693,2.0858,2.086,1.60,1.00
2008.07.16 14:18:44.865,2.08585,2.086,1.00,1.00
2008.07.16 14:18:45.032,2.08595,2.0862,1.00,1.80
2008.07.16 14:18:45.259,2.08595,2.0862,1.00,2.80
2008.07.16 14:18:45.346,2.08595,2.0862,1.00,1.00
2008.07.16 14:18:45.703,2.08595,2.08625,1.00,1.00
2008.07.16 14:18:46.062,2.0859,2.08625,1.00,1.00
2008.07.16 14:18:47.018,2.0859,2.0863,1.00,2.90
2008.07.16 14:18:47.484,2.08595,2.0863,1.00,1.70
2008.07.16 14:18:48.323,2.0859,2.0863,1.00,2.80
2008.07.16 14:18:48.611,2.08585,2.0863,3.70,2.80
2008.07.16 14:18:48.770,2.08585,2.0863,3.70,1.80
2008.07.16 14:18:48.938,2.08595,2.0863,1.00,1.80
2008.07.16 14:18:49.264,2.08605,2.0863,1.00,1.80
2008.07.16 14:18:49.447,2.08605,2.0863,3.70,1.00
2008.07.16 14:18:49.620,2.0861,2.0863,1.00,1.00
2008.07.16 14:18:50.132,2.08615,2.08655,1.00,2.90
2008.07.16 14:18:50.392,2.08605,2.08655,6.70,1.80
2008.07.16 14:18:50.646,2.08605,2.08655,6.70,1.00
2008.07.16 14:18:51.015,2.08605,2.0866,7.60,1.00
2008.07.16 14:18:51.342,2.0861,2.08655,1.30,1.00
2008.07.16 14:18:51.672,2.08605,2.08655,4.70,1.00
2008.07.16 14:18:51.815,2.08615,2.08655,1.00,1.00
2008.07.16 14:18:51.950,2.08615,2.0865,3.70,1.00
2008.07.16 14:18:52.403,2.08615,2.0865,4.40,2.80
2008.07.16 14:18:52.672,2.08615,2.0865,1.70,2.80
2008.07.16 14:18:52.862,2.08615,2.0865,1.00,1.00
2008.07.16 14:18:53.054,2.08615,2.0865,1.00,2.50
2008.07.16 14:18:53.453,2.08605,2.08645,3.70,1.00
2008.07.16 14:18:53.703,2.08605,2.08645,2.70,1.00
2008.07.16 14:18:54.022,2.08595,2.0863,5.20,1.00
2008.07.16 14:18:55.324,2.08595,2.0863,4.50,1.00
2008.07.16 14:18:56.798,2.08605,2.08655,2.70,2.90
2008.07.16 14:18:57.400,2.08605,2.0865,2.70,1.00
2008.07.16 14:18:57.553,2.086,2.08635,1.00,1.00
2008.07.16 14:18:58.026,2.086,2.0863,1.00,3.90
2008.07.16 14:18:58.104,2.0859,2.08615,1.60,1.00
2008.07.16 14:18:58.769,2.0859,2.08615,1.00,1.00
2008.07.16 14:18:58.983,2.08585,2.08615,1.70,1.00
2008.07.16 14:18:59.446,2.08585,2.0861,1.00,1.00
2008.07.16 14:19:00.341,2.0859,2.0861,1.00,1.00
2008.07.16 14:19:00.728,2.08595,2.0861,1.00,1.00
2008.07.16 14:19:01.518,2.0859,2.0861,1.00,1.00
2008.07.16 14:19:02.028,2.08585,2.0861,1.70,1.00
2008.07.16 14:19:03.008,2.08575,2.0861,2.70,1.00
2008.07.16 14:19:03.220,2.08575,2.0861,1.00,1.00
2008.07.16 14:19:03.433,2.0857,2.0861,6.00,1.70
2008.07.16 14:19:03.669,2.08575,2.0861,3.70,1.00
2008.07.16 14:19:03.947,2.08575,2.0861,3.70,1.00
2008.07.16 14:19:04.152,2.0858,2.086,1.00,1.00
2008.07.16 14:19:04.759,2.08575,2.086,1.70,1.00
2008.07.16 14:19:05.066,2.08585,2.08625,2.70,2.90
2008.07.16 14:19:06.419,2.08585,2.0862,1.00,2.90
2008.07.16 14:19:06.748,2.08595,2.0862,2.70,1.00
2008.07.16 14:19:07.306,2.08595,2.0862,3.70,1.00
2008.07.16 14:19:07.969,2.08595,2.08635,4.40,1.00
2008.07.16 14:19:08.176,2.08595,2.0864,5.10,4.00
2008.07.16 14:19:08.396,2.0861,2.0864,1.00,1.80
2008.07.16 14:19:08.643,2.0861,2.08635,3.70,1.00
2008.07.16 14:19:08.912,2.0861,2.0864,3.70,2.10
2008.07.16 14:19:09.161,2.0861,2.08655,3.70,1.00
2008.07.16 14:19:09.670,2.0863,2.08655,2.70,1.00
2008.07.16 14:19:10.140,2.0863,2.0865,2.70,1.00
2008.07.16 14:19:10.368,2.0861,2.08655,3.70,2.10
2008.07.16 14:19:12.553,2.08625,2.0865,1.00,1.00
2008.07.16 14:19:12.921,2.08625,2.08655,3.70,1.00
2008.07.16 14:19:14.533,2.08625,2.08645,3.70,1.00
2008.07.16 14:19:14.999,2.08625,2.08645,1.00,1.00
2008.07.16 14:19:15.176,2.08625,2.0865,1.00,1.70
2008.07.16 14:19:15.486,2.0862,2.0865,1.00,1.70
2008.07.16 14:19:15.629,2.08615,2.0865,1.00,1.70
2008.07.16 14:19:16.461,2.08625,2.0865,1.70,1.70
2008.07.16 14:19:19.053,2.08625,2.0865,1.70,1.00
2008.07.16 14:19:19.624,2.08635,2.0865,1.00,1.00
2008.07.16 14:19:20.509,2.08635,2.08665,1.70,1.00
2008.07.16 14:19:20.914,2.08635,2.0867,1.70,2.80
2008.07.16 14:19:21.277,2.08625,2.0867,3.70,2.80
2008.07.16 14:19:21.523,2.0863,2.0867,1.00,3.90
2008.07.16 14:19:21.716,2.08635,2.0867,1.00,3.90
2008.07.16 14:19:21.925,2.08635,2.0867,1.70,1.40
2008.07.16 14:19:22.033,2.08635,2.0867,1.00,1.40
2008.07.16 14:19:22.223,2.08635,2.0867,1.00,2.80
2008.07.16 14:19:23.594,2.0864,2.0867,1.00,2.80
2008.07.16 14:19:25.896,2.0863,2.08665,1.00,1.00
2008.07.16 14:19:26.080,2.0863,2.0867,1.00,1.70
2008.07.16 14:19:26.371,2.0864,2.0867,1.00,1.70
2008.07.16 14:19:26.661,2.08625,2.0867,3.70,1.70
2008.07.16 14:19:27.821,2.08635,2.0867,1.00,1.70
2008.07.16 14:19:28.029,2.0863,2.0867,1.00,2.50
2008.07.16 14:19:28.256,2.0863,2.08665,1.00,1.00
2008.07.16 14:19:28.691,2.0863,2.08665,1.00,2.10
2008.07.16 14:19:28.872,2.08635,2.08665,1.00,2.10
2008.07.16 14:19:29.221,2.08635,2.08665,1.00,1.00
2008.07.16 14:19:29.659,2.08625,2.0866,4.40,1.00
2008.07.16 14:19:30.260,2.08625,2.0865,1.70,1.00
2008.07.16 14:19:32.303,2.0863,2.0865,1.00,1.00
2008.07.16 14:19:32.595,2.0863,2.08645,1.00,1.00
2008.07.16 14:19:32.686,2.0863,2.0864,1.00,1.00
2008.07.16 14:19:32.832,2.08605,2.0864,1.60,1.00
2008.07.16 14:19:32.921,2.08605,2.08625,1.60,1.00
2008.07.16 14:19:33.424,2.0861,2.08625,1.00,1.00
2008.07.16 14:19:33.631,2.08605,2.08645,1.00,1.00
2008.07.16 14:19:33.844,2.0861,2.08645,1.00,1.80
2008.07.16 14:19:34.050,2.0861,2.08645,1.00,1.00
2008.07.16 14:19:34.284,2.08615,2.08625,1.00,1.00
2008.07.16 14:19:34.685,2.0861,2.08625,1.00,1.00
2008.07.16 14:19:35.528,2.08615,2.08645,1.00,2.80
2008.07.16 14:19:35.847,2.08615,2.08645,1.00,2.80
2008.07.16 14:19:36.132,2.08615,2.08645,1.70,1.00
2008.07.16 14:19:38.125,2.0862,2.0864,1.00,1.00
2008.07.16 14:19:38.232,2.0862,2.0865,1.00,2.80
2008.07.16 14:19:38.519,2.0862,2.0865,1.00,1.00
2008.07.16 14:19:39.329,2.08625,2.0865,1.00,1.00
2008.07.16 14:19:40.200,2.08625,2.08635,1.00,1.00
2008.07.16 14:19:40.622,2.08615,2.08635,1.60,1.00
2008.07.16 14:19:40.894,2.08615,2.08645,2.00,1.00
2008.07.16 14:19:41.161,2.08615,2.08645,1.70,1.00
2008.07.16 14:19:41.489,2.08615,2.0864,1.80,1.00
2008.07.16 14:19:41.690,2.08615,2.0865,4.50,1.00
2008.07.16 14:19:42.079,2.08625,2.0865,1.00,1.00
2008.07.16 14:19:42.879,2.08625,2.0865,1.70,1.00
2008.07.16 14:19:43.948,2.08625,2.0865,1.00,1.00
2008.07.16 14:19:44.599,2.08625,2.0865,1.70,1.00
2008.07.16 14:19:45.471,2.0863,2.0865,1.30,1.00
2008.07.16 14:19:45.880,2.08645,2.08675,1.00,1.80
2008.07.16 14:19:46.088,2.08645,2.08675,1.00,1.00
2008.07.16 14:19:46.298,2.08635,2.08665,1.00,1.00
2008.07.16 14:19:46.890,2.08635,2.0866,1.70,1.00
2008.07.16 14:19:48.384,2.0865,2.08675,1.00,1.00
2008.07.16 14:19:48.703,2.0865,2.0868,1.00,2.80
2008.07.16 14:19:48.970,2.0865,2.0868,1.00,2.80
2008.07.16 14:19:49.239,2.0865,2.0868,1.00,1.00
2008.07.16 14:19:49.507,2.0865,2.0868,1.00,1.00
2008.07.16 14:19:49.780,2.0865,2.0867,1.00,1.00
2008.07.16 14:19:50.536,2.08645,2.0867,1.70,1.00
2008.07.16 14:19:50.689,2.08655,2.0867,1.00,1.00
2008.07.16 14:19:51.122,2.08655,2.0868,1.00,1.00
2008.07.16 14:19:51.686,2.08665,2.08695,3.70,1.00
2008.07.16 14:19:51.980,2.08665,2.087,3.70,3.20
2008.07.16 14:19:52.165,2.08665,2.08705,3.70,2.10
2008.07.16 14:19:52.332,2.08665,2.08705,2.70,3.20
2008.07.16 14:19:52.551,2.08665,2.087,2.70,1.00
2008.07.16 14:19:52.721,2.08665,2.087,3.70,1.00
2008.07.16 14:19:53.307,2.08665,2.087,3.70,1.00
2008.07.16 14:19:53.605,2.08665,2.087,2.70,1.00
2008.07.16 14:19:54.049,2.0866,2.087,1.00,1.00
2008.07.16 14:19:54.195,2.0866,2.08695,1.00,1.00
2008.07.16 14:19:54.313,2.08655,2.08695,3.70,2.10
2008.07.16 14:19:54.515,2.08665,2.08695,1.00,2.10
2008.07.16 14:19:54.626,2.08665,2.08695,3.70,2.10
2008.07.16 14:19:54.736,2.08665,2.08695,3.70,1.00
2008.07.16 14:19:54.849,2.08665,2.087,3.70,2.10
2008.07.16 14:19:56.186,2.08665,2.087,3.70,1.00
2008.07.16 14:19:56.451,2.08665,2.087,2.70,1.00
2008.07.16 14:19:57.004,2.08665,2.087,3.70,1.00
2008.07.16 14:19:57.228,2.08665,2.08695,3.70,1.00
2008.07.16 14:19:57.375,2.08665,2.087,3.70,1.00
2008.07.16 14:19:57.926,2.08665,2.087,3.70,2.10
2008.07.16 14:19:58.075,2.08665,2.087,2.70,2.10
2008.07.16 14:19:58.228,2.08665,2.08695,2.70,1.00
2008.07.16 14:19:58.635,2.08655,2.08695,4.40,1.00
2008.07.16 14:19:59.013,2.08655,2.0868,1.70,1.00
2008.07.16 14:19:59.421,2.0866,2.0868,1.00,1.00
2008.07.16 14:19:59.746,2.08665,2.0868,1.00,1.00
2008.07.16 14:20:00.065,2.08665,2.0869,1.00,1.00
2008.07.16 14:20:00.250,2.08665,2.0869,1.70,1.00
2008.07.16 14:20:00.524,2.08665,2.0869,1.00,1.00
2008.07.16 14:20:01.585,2.08665,2.08695,1.00,1.00
2008.07.16 14:20:01.977,2.08665,2.08695,1.00,2.10
2008.07.16 14:20:02.176,2.08655,2.08695,1.00,2.10
2008.07.16 14:20:02.892,2.08655,2.0868,1.00,1.00
2008.07.16 14:20:03.363,2.08655,2.08695,1.00,2.10
2008.07.16 14:20:03.694,2.08655,2.0869,1.00,3.90
2008.07.16 14:20:03.913,2.08655,2.0869,1.00,1.70
2008.07.16 14:20:04.381,2.08655,2.0868,1.00,1.00
2008.07.16 14:20:04.605,2.08655,2.08675,1.00,1.00
2008.07.16 14:20:05.304,2.08655,2.08685,1.00,1.00
2008.07.16 14:20:06.392,2.08655,2.0869,1.00,1.70
2008.07.16 14:20:06.663,2.08655,2.0868,1.00,1.00
2008.07.16 14:20:08.779,2.08655,2.08675,1.00,1.00
2008.07.16 14:20:09.363,2.0862,2.0867,1.00,2.80
2008.07.16 14:20:09.525,2.0862,2.0866,1.00,1.00
2008.07.16 14:20:09.693,2.0862,2.0865,1.00,1.00
2008.07.16 14:20:09.867,2.08615,2.0865,3.30,1.00
2008.07.16 14:20:10.153,2.08605,2.0864,1.00,1.00
2008.07.16 14:20:10.619,2.08615,2.0865,1.00,1.80
2008.07.16 14:20:10.890,2.08615,2.0865,1.70,1.80
2008.07.16 14:20:11.225,2.08615,2.0865,1.00,2.80
2008.07.16 14:20:11.574,2.08615,2.0865,1.00,1.00
2008.07.16 14:20:11.972,2.08605,2.0865,4.70,1.00
2008.07.16 14:20:12.101,2.08615,2.0865,1.00,2.80
2008.07.16 14:20:12.374,2.08605,2.08645,4.70,1.00
2008.07.16 14:20:12.504,2.08605,2.0865,3.70,1.70
2008.07.16 14:20:12.646,2.08605,2.0865,4.40,1.70
2008.07.16 14:20:12.779,2.08605,2.0865,4.70,1.70
2008.07.16 14:20:13.156,2.0861,2.0865,1.00,1.00
2008.07.16 14:20:13.475,2.08615,2.0865,1.00,1.00
2008.07.16 14:20:13.737,2.08615,2.0865,1.70,2.80
2008.07.16 14:20:14.004,2.08625,2.0865,1.00,1.00
2008.07.16 14:20:14.341,2.08615,2.0865,5.20,1.00
2008.07.16 14:20:14.602,2.0863,2.0865,1.00,1.00
2008.07.16 14:20:14.859,2.0863,2.0864,1.00,1.00
2008.07.16 14:20:15.429,2.08615,2.0864,2.10,1.00
2008.07.16 14:20:15.775,2.08615,2.0864,1.00,1.00
2008.07.16 14:20:15.993,2.08625,2.08665,1.00,2.80
2008.07.16 14:20:16.274,2.0862,2.08665,1.00,2.80
2008.07.16 14:20:16.550,2.08615,2.08665,4.70,1.00
2008.07.16 14:20:16.833,2.08615,2.0866,4.70,1.00
2008.07.16 14:20:17.113,2.08615,2.08655,5.40,1.00
2008.07.16 14:20:17.460,2.08625,2.0864,1.00,1.00
2008.07.16 14:20:18.629,2.08615,2.08625,1.70,1.00
2008.07.16 14:20:18.849,2.08605,2.08625,1.00,1.00
2008.07.16 14:20:19.254,2.08605,2.0864,1.00,1.00
2008.07.16 14:20:20.189,2.0861,2.08635,1.00,1.00
2008.07.16 14:20:20.454,2.08615,2.08635,2.70,1.00
2008.07.16 14:20:20.743,2.0862,2.0863,1.00,2.10
2008.07.16 14:20:21.003,2.08625,2.08655,2.70,1.00
2008.07.16 14:20:21.263,2.08625,2.08655,2.70,2.10
2008.07.16 14:20:21.573,2.0864,2.0867,2.70,1.00
2008.07.16 14:20:22.194,2.08625,2.08665,1.00,1.00
2008.07.16 14:20:22.563,2.08625,2.0867,1.00,2.90
2008.07.16 14:20:22.753,2.0863,2.0867,1.00,1.80
2008.07.16 14:20:23.419,2.08635,2.0867,1.00,1.80
2008.07.16 14:20:24.032,2.08635,2.0866,1.00,1.00
2008.07.16 14:20:24.211,2.08635,2.0866,1.00,1.40
2008.07.16 14:20:24.321,2.0861,2.0866,4.10,2.70
2008.07.16 14:20:24.529,2.0861,2.08655,4.10,1.00
2008.07.16 14:20:24.638,2.0861,2.0866,4.10,4.80
2008.07.16 14:20:24.748,2.0862,2.0866,1.00,4.80
2008.07.16 14:20:24.970,2.0862,2.0866,1.00,4.00
2008.07.16 14:20:25.082,2.08625,2.0866,1.00,3.20
2008.07.16 14:20:25.193,2.08625,2.0867,1.00,5.10
2008.07.16 14:20:25.488,2.0863,2.0866,1.00,2.10
2008.07.16 14:20:25.636,2.0863,2.08665,1.00,1.00
2008.07.16 14:20:25.931,2.0863,2.08665,1.70,1.80
2008.07.16 14:20:26.230,2.08645,2.08665,2.70,1.80
2008.07.16 14:20:26.590,2.08645,2.0867,2.70,3.20
2008.07.16 14:20:26.952,2.08645,2.08675,1.00,1.00
2008.07.16 14:20:27.340,2.08635,2.0868,3.70,5.10
2008.07.16 14:20:27.629,2.08635,2.0868,4.80,2.90
2008.07.16 14:20:27.781,2.0865,2.0868,1.00,2.90
2008.07.16 14:20:28.168,2.0865,2.0867,1.00,1.00
2008.07.16 14:20:28.530,2.0864,2.0866,1.00,1.00
2008.07.16 14:20:30.404,2.0864,2.08685,1.00,2.90
2008.07.16 14:20:30.630,2.08645,2.08685,1.00,1.80
2008.07.16 14:20:30.860,2.08635,2.08685,5.40,1.00
2008.07.16 14:20:31.078,2.0865,2.08685,1.00,1.00
2008.07.16 14:20:31.498,2.08655,2.0868,1.00,1.00
2008.07.16 14:20:33.196,2.08625,2.0868,5.20,2.80
2008.07.16 14:20:33.599,2.08635,2.0868,1.00,2.80
2008.07.16 14:20:34.798,2.08645,2.0868,1.00,2.80
2008.07.16 14:20:35.155,2.08655,2.0868,1.00,2.80
2008.07.16 14:20:35.682,2.08655,2.08675,1.00,1.00
2008.07.16 14:20:35.866,2.0864,2.0867,1.60,1.00
2008.07.16 14:20:36.183,2.08655,2.08665,1.00,1.00
2008.07.16 14:20:36.469,2.0866,2.0867,1.00,1.00
2008.07.16 14:20:36.895,2.0866,2.0868,1.00,1.00
2008.07.16 14:20:37.288,2.0866,2.08695,1.00,1.00
2008.07.16 14:20:37.446,2.0866,2.08695,1.00,2.10
2008.07.16 14:20:37.606,2.0866,2.087,1.00,3.90
2008.07.16 14:20:37.930,2.0866,2.087,1.00,1.70
2008.07.16 14:20:38.102,2.08675,2.087,1.00,1.70
2008.07.16 14:20:38.623,2.0866,2.087,1.00,1.70
2008.07.16 14:20:38.764,2.08665,2.087,1.00,1.70
2008.07.16 14:20:38.989,2.08675,2.087,1.00,1.70
2008.07.16 14:20:39.261,2.0866,2.087,1.60,1.70
2008.07.16 14:20:39.528,2.08665,2.087,1.00,1.70
2008.07.16 14:20:40.049,2.0867,2.087,1.30,1.70
2008.07.16 14:20:40.185,2.08685,2.087,1.00,1.70
2008.07.16 14:20:40.346,2.08685,2.0871,3.70,1.00
2008.07.16 14:20:40.753,2.08685,2.0871,2.70,1.00
2008.07.16 14:20:40.891,2.08685,2.087,1.00,1.00
2008.07.16 14:20:41.027,2.0868,2.087,1.00,1.00
2008.07.16 14:20:41.396,2.0868,2.0871,1.00,1.20
2008.07.16 14:20:41.763,2.0867,2.0871,1.00,1.00
2008.07.16 14:20:42.227,2.08675,2.0871,3.70,1.00
2008.07.16 14:20:42.405,2.0867,2.0871,1.60,1.00
2008.07.16 14:20:42.744,2.0867,2.08715,1.60,1.00
2008.07.16 14:20:42.915,2.0867,2.08715,1.00,1.00
2008.07.16 14:20:43.248,2.08665,2.0871,5.10,1.00
2008.07.16 14:20:43.681,2.08675,2.0871,1.00,1.00
2008.07.16 14:20:43.906,2.08675,2.08715,1.00,1.00
2008.07.16 14:20:44.442,2.08675,2.0872,1.00,1.70
2008.07.16 14:20:44.840,2.08695,2.0872,1.00,1.70
2008.07.16 14:20:45.407,2.08695,2.0872,1.00,1.00
2008.07.16 14:20:46.123,2.0868,2.0872,4.70,1.00
2008.07.16 14:20:47.458,2.0869,2.0872,1.00,1.00
2008.07.16 14:20:48.276,2.08685,2.0872,4.70,1.70
2008.07.16 14:20:48.460,2.0869,2.08705,1.00,1.00
2008.07.16 14:20:48.627,2.08675,2.08705,2.00,1.00
2008.07.16 14:20:48.765,2.0868,2.08705,1.00,1.00
2008.07.16 14:20:48.912,2.08675,2.08705,1.70,1.00
2008.07.16 14:20:49.152,2.08675,2.08705,1.00,1.00
2008.07.16 14:20:49.853,2.08665,2.087,5.40,1.00
2008.07.16 14:20:50.168,2.08665,2.08685,1.00,1.00
2008.07.16 14:20:50.439,2.0866,2.08685,1.60,1.00
2008.07.16 14:20:50.984,2.0866,2.08685,1.00,1.00
2008.07.16 14:20:52.382,2.08665,2.08695,3.70,1.00
2008.07.16 14:20:52.683,2.0867,2.08695,1.00,1.00
2008.07.16 14:20:52.818,2.08675,2.08695,1.00,1.00
2008.07.16 14:20:52.951,2.08675,2.087,1.00,1.80
2008.07.16 14:20:53.084,2.08675,2.0871,3.30,3.20
2008.07.16 14:20:53.214,2.08675,2.0871,3.30,1.70
2008.07.16 14:20:53.614,2.08675,2.08695,3.30,1.00
2008.07.16 14:20:53.854,2.08665,2.0868,1.00,1.00
2008.07.16 14:20:54.113,2.08665,2.08715,1.70,1.00
2008.07.16 14:20:54.352,2.08665,2.0872,1.00,3.20
2008.07.16 14:20:54.639,2.08665,2.0872,1.00,1.00
2008.07.16 14:20:55.560,2.08665,2.0871,1.00,2.10
2008.07.16 14:20:56.602,2.0866,2.0871,1.40,2.10
2008.07.16 14:20:56.649,2.0866,2.08705,1.40,1.00
2008.07.16 14:20:56.815,2.0866,2.08705,1.00,1.00
2008.07.16 14:20:56.958,2.0866,2.087,1.00,1.00
2008.07.16 14:20:57.008,2.08655,2.087,5.90,1.00
2008.07.16 14:20:57.071,2.08655,2.087,5.90,2.80
2008.07.16 14:20:57.205,2.08655,2.087,4.50,2.80
2008.07.16 14:20:57.377,2.08665,2.087,1.00,2.80
2008.07.16 14:20:57.530,2.08665,2.087,1.70,2.80
2008.07.16 14:20:58.030,2.08665,2.087,1.00,3.90
2008.07.16 14:20:58.359,2.08665,2.087,1.00,1.80
2008.07.16 14:20:58.678,2.08655,2.087,3.50,1.80
2008.07.16 14:20:59.100,2.08655,2.087,3.30,1.80
2008.07.16 14:20:59.219,2.08655,2.0869,1.00,1.80
2008.07.16 14:21:00.490,2.08645,2.0869,4.10,1.80
2008.07.16 14:21:00.830,2.08645,2.0868,3.50,1.00
2008.07.16 14:21:01.152,2.08645,2.0868,4.50,1.00
2008.07.16 14:21:01.469,2.08645,2.0869,5.20,2.80
2008.07.16 14:21:03.299,2.08645,2.0869,4.10,2.80
2008.07.16 14:21:03.429,2.08655,2.0869,1.00,2.80
2008.07.16 14:21:03.506,2.08655,2.08685,1.00,1.00
2008.07.16 14:21:03.657,2.0865,2.08685,1.00,1.00
2008.07.16 14:21:03.801,2.0864,2.0867,1.40,1.00
2008.07.16 14:21:04.752,2.08655,2.0867,1.00,1.00
2008.07.16 14:21:05.038,2.08655,2.0868,1.00,1.00
2008.07.16 14:21:05.468,2.08645,2.0868,5.20,1.00
2008.07.16 14:21:05.596,2.08645,2.0868,6.30,1.00
2008.07.16 14:21:05.888,2.0865,2.0868,1.40,1.00
2008.07.16 14:21:06.680,2.08655,2.08705,4.50,1.80
2008.07.16 14:21:07.015,2.08655,2.08705,7.60,1.00
2008.07.16 14:21:07.335,2.08665,2.08715,3.30,1.70
2008.07.16 14:21:07.859,2.08665,2.0871,2.70,1.70
2008.07.16 14:21:08.206,2.08665,2.0871,3.70,1.70
2008.07.16 14:21:08.412,2.08665,2.0871,5.10,1.70
2008.07.16 14:21:08.805,2.08675,2.0871,1.00,2.80
2008.07.16 14:21:09.063,2.0868,2.0871,1.00,2.80
2008.07.16 14:21:09.365,2.08685,2.0871,1.30,2.80
2008.07.16 14:21:09.445,2.08695,2.0871,1.00,2.80
2008.07.16 14:21:09.775,2.08685,2.0871,3.10,2.80
2008.07.16 14:21:10.070,2.08685,2.08735,5.10,1.70
2008.07.16 14:21:10.637,2.08685,2.08735,6.00,1.00
2008.07.16 14:21:11.219,2.08685,2.08725,4.40,1.00
2008.07.16 14:21:11.517,2.08685,2.08725,5.10,1.00
2008.07.16 14:21:11.620,2.08685,2.0873,5.10,1.70
2008.07.16 14:21:12.150,2.08685,2.0873,3.70,1.70
2008.07.16 14:21:12.340,2.08685,2.0873,2.70,1.70
2008.07.16 14:21:12.592,2.08685,2.08725,2.70,1.00
2008.07.16 14:21:12.757,2.08675,2.0872,4.50,1.00
2008.07.16 14:21:12.921,2.08675,2.0872,4.50,2.80
2008.07.16 14:21:13.117,2.08685,2.0872,1.00,2.80
2008.07.16 14:21:13.278,2.08685,2.08725,3.70,1.00
2008.07.16 14:21:13.435,2.08685,2.0873,4.40,5.10
2008.07.16 14:21:13.598,2.08685,2.0873,4.40,2.90
2008.07.16 14:21:13.748,2.08675,2.0872,10.60,1.00
2008.07.16 14:21:13.898,2.08675,2.0872,6.30,1.00
2008.07.16 14:21:14.045,2.08675,2.0872,5.20,1.00
2008.07.16 14:21:14.237,2.08675,2.0872,4.50,2.80
2008.07.16 14:21:14.735,2.08675,2.0872,5.50,2.80
2008.07.16 14:21:14.858,2.08675,2.0872,5.50,1.00
2008.07.16 14:21:15.109,2.08675,2.0872,5.50,1.70
2008.07.16 14:21:15.367,2.08675,2.0872,4.40,1.70
2008.07.16 14:21:15.807,2.08675,2.08705,1.70,1.00
2008.07.16 14:21:16.108,2.08675,2.08705,1.60,1.00
2008.07.16 14:21:16.398,2.08675,2.08705,1.60,1.40
2008.07.16 14:21:16.737,2.0867,2.08685,1.00,1.00
2008.07.16 14:21:16.907,2.08655,2.08685,1.00,1.00
2008.07.16 14:21:17.072,2.0865,2.08685,7.20,1.00
2008.07.16 14:21:17.281,2.0865,2.08685,1.80,1.00
2008.07.16 14:21:17.446,2.08655,2.087,3.70,1.00
2008.07.16 14:21:17.609,2.08655,2.08705,4.40,3.90
2008.07.16 14:21:17.878,2.08655,2.087,4.40,2.80
2008.07.16 14:21:18.146,2.08655,2.087,3.30,1.40
2008.07.16 14:21:18.415,2.08655,2.087,3.30,3.60
2008.07.16 14:21:18.685,2.08655,2.08685,1.70,1.00
2008.07.16 14:21:19.056,2.08655,2.08685,2.00,1.00
2008.07.16 14:21:19.185,2.08655,2.08705,4.70,1.00
2008.07.16 14:21:20.268,2.0866,2.087,1.00,1.00
2008.07.16 14:21:20.391,2.0866,2.087,1.00,2.80
2008.07.16 14:21:20.513,2.0866,2.087,1.00,1.80
2008.07.16 14:21:20.636,2.08655,2.087,4.40,1.80
2008.07.16 14:21:20.753,2.08655,2.08685,1.70,1.00
2008.07.16 14:21:21.289,2.08655,2.08705,6.00,2.80
2008.07.16 14:21:21.587,2.08655,2.08705,5.50,1.00
2008.07.16 14:21:21.868,2.0867,2.08705,1.00,1.80
2008.07.16 14:21:22.099,2.0867,2.08705,1.00,1.00
2008.07.16 14:21:23.964,2.08665,2.087,2.00,1.00
2008.07.16 14:21:24.441,2.08665,2.0871,3.70,2.90
2008.07.16 14:21:24.538,2.08665,2.0871,3.70,1.70
2008.07.16 14:21:24.803,2.08665,2.0871,5.10,1.70
2008.07.16 14:21:25.134,2.08665,2.0871,6.80,2.80
2008.07.16 14:21:25.392,2.08665,2.0871,6.80,1.00
2008.07.16 14:21:25.644,2.08665,2.0871,5.50,1.00
2008.07.16 14:21:26.295,2.08665,2.0871,4.50,1.00
2008.07.16 14:21:26.502,2.08665,2.0871,5.50,1.00
2008.07.16 14:21:26.705,2.08665,2.0871,4.50,1.00
2008.07.16 14:21:26.905,2.08665,2.087,1.80,1.00
2008.07.16 14:21:27.715,2.08665,2.087,1.00,1.00
2008.07.16 14:21:27.866,2.08665,2.0871,3.70,2.80
2008.07.16 14:21:28.063,2.08665,2.0871,3.70,1.80
2008.07.16 14:21:28.294,2.08665,2.0871,3.70,2.80
2008.07.16 14:21:28.525,2.08665,2.0871,5.90,2.80
2008.07.16 14:21:28.752,2.08665,2.0871,6.80,1.00
2008.07.16 14:21:28.993,2.08665,2.0871,5.50,1.00
2008.07.16 14:21:29.387,2.0867,2.0871,1.00,1.00
2008.07.16 14:21:30.272,2.0867,2.0871,1.00,1.80
2008.07.16 14:21:30.592,2.0867,2.0871,1.40,1.80
2008.07.16 14:21:30.681,2.0867,2.08695,1.40,1.00
2008.07.16 14:21:31.235,2.08675,2.08695,1.00,1.00
2008.07.16 14:21:31.923,2.08665,2.0869,1.80,1.00
2008.07.16 14:21:32.271,2.0867,2.0869,1.00,1.00
2008.07.16 14:21:32.356,2.08665,2.0869,1.00,1.00
2008.07.16 14:21:34.496,2.08665,2.0869,1.80,1.00
2008.07.16 14:21:34.975,2.08665,2.0869,1.00,1.00
2008.07.16 14:21:35.448,2.08655,2.0869,5.50,1.00
2008.07.16 14:21:35.583,2.08655,2.0869,4.50,1.00
2008.07.16 14:21:35.800,2.08655,2.0868,1.80,1.00
2008.07.16 14:21:36.604,2.08655,2.0869,4.50,1.00
2008.07.16 14:21:36.965,2.08665,2.0869,1.00,1.00
2008.07.16 14:21:37.670,2.08665,2.0869,1.70,1.00
2008.07.16 14:21:39.139,2.0867,2.0869,1.00,1.00
2008.07.16 14:21:42.866,2.0867,2.0869,1.70,1.00
2008.07.16 14:21:43.316,2.0867,2.0869,1.00,1.00
2008.07.16 14:21:45.179,2.0867,2.0869,1.70,1.00
2008.07.16 14:21:45.852,2.0867,2.0869,1.00,1.00
2008.07.16 14:21:46.790,2.0867,2.0869,1.00,2.80
2008.07.16 14:21:47.192,2.08665,2.0869,1.00,2.80
2008.07.16 14:21:47.451,2.08665,2.0869,1.70,2.80
2008.07.16 14:21:47.661,2.08655,2.0869,1.60,1.70
2008.07.16 14:21:47.948,2.08655,2.0869,1.00,1.70
2008.07.16 14:21:48.254,2.0865,2.0869,1.00,2.90
2008.07.16 14:21:48.861,2.08655,2.0869,3.30,2.10
2008.07.16 14:21:49.051,2.08655,2.08685,3.30,1.00
2008.07.16 14:21:49.430,2.08655,2.0868,1.00,1.00
2008.07.16 14:21:49.620,2.0865,2.0868,1.00,1.70
2008.07.16 14:21:49.800,2.08635,2.0868,5.40,1.00
2008.07.16 14:21:50.009,2.08635,2.08675,5.40,1.00
2008.07.16 14:21:50.351,2.08645,2.08675,1.00,2.10
2008.07.16 14:21:50.538,2.08635,2.08675,4.40,2.10
2008.07.16 14:21:51.033,2.08635,2.0867,4.40,1.00
2008.07.16 14:21:51.362,2.08625,2.0866,1.70,3.90
2008.07.16 14:21:51.717,2.08635,2.08665,1.00,4.00
2008.07.16 14:21:51.836,2.08635,2.08655,1.00,1.00
2008.07.16 14:21:52.610,2.08625,2.08655,1.00,1.80
2008.07.16 14:21:52.988,2.08625,2.08655,1.00,1.80
2008.07.16 14:21:53.247,2.08635,2.0865,1.00,2.10
2008.07.16 14:21:53.498,2.08635,2.0865,1.00,1.00
2008.07.16 14:21:53.988,2.08635,2.08675,1.00,2.90
2008.07.16 14:21:54.481,2.0864,2.08675,1.00,2.90
2008.07.16 14:21:54.720,2.08635,2.08675,1.00,2.90
2008.07.16 14:21:54.903,2.08625,2.08675,2.70,1.70
2008.07.16 14:21:55.042,2.08625,2.0867,2.00,1.70
2008.07.16 14:21:55.427,2.08625,2.0867,1.00,1.70
2008.07.16 14:21:55.612,2.0863,2.0867,1.00,2.80
2008.07.16 14:21:55.857,2.08635,2.0867,1.00,2.80
2008.07.16 14:21:56.242,2.08635,2.0867,1.00,1.00
2008.07.16 14:21:56.607,2.0864,2.0867,3.20,2.10
2008.07.16 14:21:56.970,2.0864,2.08695,3.20,2.80
2008.07.16 14:21:57.188,2.08655,2.08695,1.70,2.80
2008.07.16 14:21:57.385,2.08665,2.08695,1.00,1.70
2008.07.16 14:21:57.738,2.0864,2.08695,2.80,2.80
2008.07.16 14:21:57.959,2.0865,2.08695,1.00,1.00
2008.07.16 14:21:58.173,2.0866,2.0869,1.00,1.00
2008.07.16 14:21:58.758,2.0867,2.0869,1.00,1.00
2008.07.16 14:21:59.304,2.08665,2.0869,1.00,1.00
2008.07.16 14:21:59.661,2.08665,2.0869,1.00,2.50
2008.07.16 14:21:59.861,2.0865,2.0869,1.00,3.60
2008.07.16 14:22:00.145,2.0865,2.0868,1.00,2.10
2008.07.16 14:22:00.427,2.0865,2.0867,1.00,2.20
2008.07.16 14:22:00.698,2.08625,2.0867,1.00,1.40
2008.07.16 14:22:00.968,2.0861,2.08665,5.20,1.00
2008.07.16 14:22:01.266,2.08625,2.08665,1.00,2.10
2008.07.16 14:22:02.167,2.0862,2.08665,1.40,1.00
2008.07.16 14:22:02.357,2.08625,2.08665,5.10,1.00
2008.07.16 14:22:02.593,2.08625,2.0867,5.10,3.20
2008.07.16 14:22:02.788,2.08625,2.08675,7.60,1.00
2008.07.16 14:22:03.426,2.0864,2.08675,1.00,2.10
2008.07.16 14:22:04.692,2.0864,2.08675,1.00,1.00
2008.07.16 14:22:05.355,2.08625,2.08675,7.60,1.00
2008.07.16 14:22:05.835,2.08625,2.08675,6.80,1.00
2008.07.16 14:22:05.964,2.08625,2.0868,6.80,2.90
2008.07.16 14:22:06.341,2.08635,2.0868,2.40,2.90
2008.07.16 14:22:06.703,2.0865,2.0868,1.00,1.70
2008.07.16 14:22:07.464,2.08645,2.0868,1.00,1.70
2008.07.16 14:22:07.611,2.0864,2.0868,1.00,1.70
2008.07.16 14:22:07.909,2.08645,2.0868,1.00,2.90
2008.07.16 14:22:09.453,2.08635,2.0868,3.10,2.90
2008.07.16 14:22:09.982,2.0865,2.0868,1.00,1.70
2008.07.16 14:22:10.736,2.08635,2.0868,2.00,1.70
2008.07.16 14:22:10.934,2.08635,2.0868,1.70,2.90
2008.07.16 14:22:11.581,2.08645,2.0868,1.00,2.90
2008.07.16 14:22:12.174,2.0864,2.0868,1.00,2.90
2008.07.16 14:22:13.650,2.08625,2.0868,6.30,2.90
2008.07.16 14:22:14.460,2.08625,2.08675,5.20,1.00
2008.07.16 14:22:14.724,2.08635,2.08675,1.70,1.00
2008.07.16 14:22:14.909,2.08635,2.08675,1.70,2.10
2008.07.16 14:22:15.166,2.0864,2.08675,1.00,1.00
2008.07.16 14:22:15.472,2.0865,2.08675,1.00,1.00
2008.07.16 14:22:15.642,2.0865,2.0868,1.00,1.70
2008.07.16 14:22:16.722,2.08645,2.0868,1.00,1.70
2008.07.16 14:22:17.306,2.08645,2.0868,1.70,1.70
2008.07.16 14:22:17.604,2.08645,2.0868,1.70,1.00
2008.07.16 14:22:17.773,2.08645,2.0869,4.70,1.00
2008.07.16 14:22:17.945,2.08655,2.0869,1.00,1.00
2008.07.16 14:22:18.116,2.08655,2.08695,3.70,1.00
2008.07.16 14:22:18.436,2.08655,2.08695,4.40,1.00
2008.07.16 14:22:18.798,2.08655,2.087,1.70,2.90
2008.07.16 14:22:19.147,2.08655,2.087,1.00,2.90
2008.07.16 14:22:19.860,2.08645,2.08695,4.70,1.00
2008.07.16 14:22:20.059,2.08645,2.08695,4.70,2.10
2008.07.16 14:22:20.203,2.08645,2.08685,4.40,1.00
2008.07.16 14:22:21.061,2.08645,2.0868,1.70,1.00
2008.07.16 14:22:21.263,2.0865,2.0868,1.00,1.00
2008.07.16 14:22:22.169,2.08655,2.0868,1.00,1.00
2008.07.16 14:22:23.042,2.08655,2.0869,1.70,2.80
2008.07.16 14:22:23.154,2.0863,2.0869,5.50,1.40
2008.07.16 14:22:23.388,2.0863,2.08685,5.50,1.00
2008.07.16 14:22:23.504,2.0863,2.08685,4.70,1.00
2008.07.16 14:22:23.872,2.0863,2.0867,4.40,2.10
2008.07.16 14:22:24.125,2.08635,2.08685,1.00,2.10
2008.07.16 14:22:24.606,2.0864,2.0868,1.00,1.00
2008.07.16 14:22:25.191,2.08635,2.08675,4.40,1.00
2008.07.16 14:22:26.339,2.08635,2.08675,3.30,1.00
2008.07.16 14:22:26.651,2.08635,2.0867,3.30,1.00
2008.07.16 14:22:26.958,2.08635,2.08675,4.40,2.10
2008.07.16 14:22:27.167,2.08635,2.08675,4.40,1.00
2008.07.16 14:22:27.377,2.08635,2.0867,3.30,1.00
2008.07.16 14:22:29.759,2.08635,2.0867,4.40,1.00
2008.07.16 14:22:29.839,2.08645,2.0867,2.70,1.00
2008.07.16 14:22:29.896,2.08645,2.08675,2.70,2.10
2008.07.16 14:22:30.148,2.08645,2.08675,2.70,1.00
2008.07.16 14:22:30.951,2.0864,2.08675,1.00,1.00
2008.07.16 14:22:32.509,2.08635,2.08675,4.40,1.00
2008.07.16 14:22:34.695,2.08635,2.0868,4.40,2.10
2008.07.16 14:22:35.245,2.08635,2.0868,4.40,1.00
2008.07.16 14:22:35.397,2.0864,2.0868,1.30,1.00
2008.07.16 14:22:35.550,2.08655,2.0868,1.00,1.00
2008.07.16 14:22:35.820,2.08645,2.08685,2.00,1.00
2008.07.16 14:22:36.179,2.0865,2.08685,1.00,1.00
2008.07.16 14:22:36.306,2.08655,2.08685,1.00,1.00
2008.07.16 14:22:36.555,2.0866,2.08685,1.00,1.00
2008.07.16 14:22:37.778,2.08655,2.08685,1.00,1.00
2008.07.16 14:22:38.798,2.08655,2.0869,1.00,1.70
2008.07.16 14:22:39.890,2.08655,2.0869,1.00,1.00
2008.07.16 14:22:40.271,2.08645,2.0869,2.50,1.00
2008.07.16 14:22:40.641,2.0866,2.0869,1.00,1.00
2008.07.16 14:22:40.711,2.0866,2.08695,1.00,1.00
2008.07.16 14:22:41.256,2.0866,2.0871,1.70,2.80
2008.07.16 14:22:41.515,2.08665,2.0871,1.00,9.30
2008.07.16 14:22:41.784,2.08685,2.0871,1.00,9.30
2008.07.16 14:22:42.157,2.08695,2.0872,1.00,6.40
2008.07.16 14:22:42.530,2.08695,2.0872,1.00,1.00
2008.07.16 14:22:42.872,2.08695,2.08725,1.00,1.00
2008.07.16 14:22:44.279,2.08685,2.08725,3.30,1.00
2008.07.16 14:22:44.450,2.08685,2.08725,2.00,1.00
2008.07.16 14:22:45.115,2.08695,2.08725,1.00,1.00
2008.07.16 14:22:45.583,2.08685,2.08725,2.00,1.00
2008.07.16 14:22:46.053,2.08685,2.08725,1.00,1.00
2008.07.16 14:22:46.909,2.08685,2.08725,1.70,1.00
2008.07.16 14:22:47.086,2.08685,2.0872,1.70,1.00
2008.07.16 14:22:47.262,2.08685,2.0872,1.00,1.00
2008.07.16 14:22:48.400,2.08685,2.0872,1.70,1.00
2008.07.16 14:22:49.131,2.0868,2.0872,1.00,1.00
2008.07.16 14:22:49.385,2.08675,2.0872,1.00,2.80
2008.07.16 14:22:49.665,2.08675,2.0872,1.70,2.80
2008.07.16 14:22:50.876,2.08675,2.0872,3.70,1.00
2008.07.16 14:22:51.112,2.08675,2.08725,3.70,2.10
2008.07.16 14:22:53.876,2.08675,2.08725,3.70,2.90
2008.07.16 14:22:54.453,2.08675,2.08715,3.70,1.00
2008.07.16 14:22:56.216,2.08675,2.08715,2.70,1.00
2008.07.16 14:23:00.630,2.08675,2.08715,2.70,2.10
2008.07.16 14:23:02.020,2.08675,2.08715,3.30,2.10
2008.07.16 14:23:02.447,2.08675,2.08715,3.30,1.00
2008.07.16 14:23:02.649,2.08675,2.0872,3.30,2.10
2008.07.16 14:23:04.438,2.08675,2.0872,4.40,2.10
2008.07.16 14:23:04.721,2.08675,2.0872,4.40,1.00
2008.07.16 14:23:05.087,2.08675,2.0872,3.70,1.00
2008.07.16 14:23:06.040,2.08675,2.0872,3.70,2.10
2008.07.16 14:23:07.048,2.08675,2.0872,2.70,2.10
2008.07.16 14:23:11.452,2.08675,2.0872,3.70,1.00
2008.07.16 14:23:11.785,2.08675,2.08725,4.70,1.00
2008.07.16 14:23:12.092,2.08685,2.08725,2.70,1.00
2008.07.16 14:23:12.745,2.0868,2.08725,1.00,2.10
2008.07.16 14:23:14.107,2.0868,2.08725,1.00,2.90
2008.07.16 14:23:14.396,2.0868,2.0872,1.00,1.00
2008.07.16 14:23:14.939,2.0868,2.08715,1.00,1.00
2008.07.16 14:23:16.130,2.08665,2.0871,4.70,1.00
2008.07.16 14:23:16.567,2.0867,2.0871,1.00,1.00
2008.07.16 14:23:17.399,2.0867,2.08715,1.00,2.10
2008.07.16 14:23:17.633,2.0867,2.08715,1.30,1.00
2008.07.16 14:23:17.850,2.08685,2.08715,1.00,1.00
2008.07.16 14:23:18.161,2.0869,2.0872,1.00,2.80
2008.07.16 14:23:18.473,2.0869,2.0872,1.00,1.00
2008.07.16 14:23:18.688,2.08685,2.0872,1.80,1.00
2008.07.16 14:23:19.072,2.0869,2.0872,1.00,1.00
2008.07.16 14:23:20.445,2.08695,2.0872,1.00,1.00
2008.07.16 14:23:20.656,2.08695,2.0872,1.70,1.00
2008.07.16 14:23:21.112,2.0871,2.08745,1.00,2.80
2008.07.16 14:23:21.393,2.08705,2.08745,1.00,3.90
2008.07.16 14:23:21.637,2.0871,2.08745,1.00,1.00
2008.07.16 14:23:25.076,2.08695,2.0874,2.80,1.00
2008.07.16 14:23:25.155,2.08695,2.0874,1.80,1.00
2008.07.16 14:23:25.253,2.08695,2.0874,2.80,1.00
2008.07.16 14:23:26.884,2.08705,2.0874,1.00,1.00
2008.07.16 14:23:28.608,2.08705,2.0874,1.70,1.00
2008.07.16 14:23:29.530,2.08705,2.0874,1.00,1.00
2008.07.16 14:23:31.607,2.08705,2.0874,1.70,1.00
2008.07.16 14:23:32.523,2.08695,2.0874,3.60,1.00
2008.07.16 14:23:32.704,2.087,2.0874,1.00,1.70
2008.07.16 14:23:35.136,2.0869,2.0874,2.50,1.70
2008.07.16 14:23:35.442,2.0869,2.0873,1.70,1.00
2008.07.16 14:23:35.645,2.0869,2.08725,1.70,1.00
2008.07.16 14:23:35.827,2.0869,2.08725,1.00,1.00
2008.07.16 14:23:36.142,2.08685,2.08725,1.00,2.10
2008.07.16 14:23:36.348,2.08685,2.08725,1.00,2.90
2008.07.16 14:23:36.524,2.08675,2.08725,4.10,2.90
2008.07.16 14:23:37.012,2.08685,2.0871,1.00,1.00
2008.07.16 14:23:37.411,2.0864,2.08695,10.10,1.40
2008.07.16 14:23:37.785,2.0864,2.0869,6.30,1.00
2008.07.16 14:23:37.968,2.0865,2.0869,5.40,2.10
2008.07.16 14:23:38.129,2.0865,2.08685,5.40,1.00
2008.07.16 14:23:38.430,2.08645,2.0868,1.00,2.80
2008.07.16 14:23:38.964,2.0865,2.0868,1.00,2.80
2008.07.16 14:23:39.651,2.08655,2.0868,1.00,1.00
2008.07.16 14:23:40.416,2.0865,2.0868,1.00,1.00
2008.07.16 14:23:40.606,2.0865,2.0869,1.00,2.80
2008.07.16 14:23:40.831,2.08645,2.0869,2.00,1.00
2008.07.16 14:23:41.163,2.08645,2.0869,2.80,1.00
2008.07.16 14:23:41.379,2.0865,2.0869,1.60,1.00
2008.07.16 14:23:42.649,2.08655,2.0869,1.00,1.00
2008.07.16 14:23:43.530,2.08645,2.0869,2.70,1.00
2008.07.16 14:23:44.229,2.08655,2.0869,1.00,1.00
2008.07.16 14:23:44.752,2.0866,2.0869,1.00,1.00
2008.07.16 14:23:44.999,2.08655,2.0869,1.00,1.00
2008.07.16 14:23:45.709,2.08645,2.0869,1.00,1.00
2008.07.16 14:23:46.378,2.08655,2.0869,1.00,1.00
2008.07.16 14:23:46.808,2.08645,2.0869,2.50,1.00
2008.07.16 14:23:47.069,2.08645,2.0869,1.80,1.00
2008.07.16 14:23:48.097,2.0865,2.0869,1.40,1.00
2008.07.16 14:23:48.900,2.0865,2.0869,2.10,1.00
2008.07.16 14:23:49.071,2.0866,2.0869,1.00,1.00
2008.07.16 14:23:49.142,2.0866,2.08695,1.00,1.00
2008.07.16 14:23:49.208,2.08665,2.08695,1.00,1.00
2008.07.16 14:23:49.462,2.08665,2.0871,1.00,3.90
2008.07.16 14:23:49.600,2.0867,2.0871,1.00,1.70
2008.07.16 14:23:49.681,2.08665,2.0871,1.80,1.00
2008.07.16 14:23:50.148,2.0867,2.0871,1.40,1.00
2008.07.16 14:23:50.652,2.08675,2.0872,4.50,1.00
2008.07.16 14:23:50.904,2.08675,2.0872,1.80,2.80
2008.07.16 14:23:51.258,2.08675,2.08725,5.20,1.00
2008.07.16 14:23:51.619,2.08675,2.08725,3.50,2.90
2008.07.16 14:23:51.979,2.0868,2.0872,1.00,2.70
2008.07.16 14:23:52.098,2.08675,2.0872,1.40,1.80
2008.07.16 14:23:52.409,2.0868,2.0872,1.00,1.80
2008.07.16 14:23:52.688,2.08685,2.0872,1.00,4.00
2008.07.16 14:23:52.813,2.0869,2.0872,1.00,2.80
2008.07.16 14:23:53.011,2.08685,2.0872,1.00,1.00
2008.07.16 14:23:53.291,2.08695,2.0873,1.00,1.00
2008.07.16 14:23:53.520,2.08695,2.0873,2.50,1.00
2008.07.16 14:23:53.749,2.08695,2.0874,3.60,8.20
2008.07.16 14:23:54.389,2.08695,2.0874,3.60,1.00
2008.07.16 14:23:54.598,2.08695,2.0874,2.70,1.00
2008.07.16 14:23:55.204,2.08695,2.0874,2.70,1.70
2008.07.16 14:23:55.400,2.08695,2.0874,1.60,2.50
2008.07.16 14:23:55.557,2.08695,2.0874,1.00,2.50
2008.07.16 14:23:55.717,2.08685,2.0873,4.50,1.00
2008.07.16 14:23:56.028,2.08685,2.08735,5.50,2.10
2008.07.16 14:23:56.187,2.08685,2.08735,5.50,1.00
2008.07.16 14:23:56.888,2.08685,2.08735,6.80,1.00
2008.07.16 14:23:57.248,2.08695,2.08735,1.00,1.00
2008.07.16 14:23:57.673,2.08695,2.0874,1.00,1.00
2008.07.16 14:23:58.855,2.08695,2.0874,2.20,1.00
2008.07.16 14:23:58.946,2.08695,2.0874,3.30,1.00
2008.07.16 14:23:59.318,2.08705,2.0874,1.00,1.00
2008.07.16 14:23:59.592,2.08705,2.08745,1.00,1.00
2008.07.16 14:23:59.838,2.08705,2.08745,3.60,1.00
2008.07.16 14:24:01.610,2.08705,2.08745,3.30,1.00
2008.07.16 14:24:02.804,2.08705,2.08755,3.30,2.10
2008.07.16 14:24:02.907,2.0871,2.0875,1.00,2.10
2008.07.16 14:24:03.011,2.08715,2.0876,2.00,3.20
2008.07.16 14:24:03.166,2.08715,2.08765,2.00,2.10
2008.07.16 14:24:03.260,2.08725,2.08765,3.30,2.10
2008.07.16 14:24:03.375,2.08725,2.08765,3.30,1.00
2008.07.16 14:24:03.633,2.08735,2.08765,1.00,1.00
2008.07.16 14:24:03.740,2.08735,2.0877,1.00,3.20
2008.07.16 14:24:04.084,2.0874,2.08775,1.00,1.00
2008.07.16 14:24:04.424,2.08745,2.0878,1.00,5.40
2008.07.16 14:24:04.767,2.08735,2.0878,3.60,1.00
2008.07.16 14:24:05.072,2.0874,2.0878,1.00,1.00
2008.07.16 14:24:05.672,2.0874,2.0878,1.00,3.20
2008.07.16 14:24:06.002,2.0874,2.0878,1.00,1.00
2008.07.16 14:24:06.303,2.08735,2.0878,5.40,1.00
2008.07.16 14:24:07.199,2.08735,2.0878,1.60,1.00
2008.07.16 14:24:07.323,2.0874,2.0878,1.00,1.00
2008.07.16 14:24:08.089,2.0874,2.0878,1.00,2.10
2008.07.16 14:24:08.261,2.0874,2.0877,1.00,1.00
2008.07.16 14:24:08.387,2.08735,2.0877,1.00,1.80
2008.07.16 14:24:08.505,2.08735,2.0877,1.00,1.00
2008.07.16 14:24:09.254,2.0874,2.0877,1.00,1.00
2008.07.16 14:24:10.075,2.08735,2.0877,1.00,2.80
2008.07.16 14:24:10.355,2.08735,2.0877,1.00,1.70
2008.07.16 14:24:10.599,2.08735,2.08765,1.00,1.00
2008.07.16 14:24:12.872,2.0873,2.08765,1.00,1.00
2008.07.16 14:24:13.113,2.0873,2.0877,1.00,2.90
2008.07.16 14:24:14.368,2.08735,2.0877,1.00,2.90
2008.07.16 14:24:14.836,2.0874,2.0877,1.00,1.80
2008.07.16 14:24:15.002,2.08735,2.0877,2.70,1.00
2008.07.16 14:24:16.586,2.08745,2.0877,1.00,1.00
2008.07.16 14:24:16.946,2.08735,2.0877,2.00,1.70
2008.07.16 14:24:17.308,2.0872,2.08755,1.60,1.00
2008.07.16 14:24:17.877,2.08715,2.0875,1.00,1.00
2008.07.16 14:24:18.154,2.08715,2.08755,1.00,5.10
2008.07.16 14:24:18.302,2.08715,2.08755,1.70,2.90
2008.07.16 14:24:18.462,2.08715,2.0875,1.00,2.90
2008.07.16 14:24:19.101,2.08715,2.08745,1.00,1.00
2008.07.16 14:24:19.682,2.0871,2.08745,1.00,2.10
2008.07.16 14:24:19.842,2.08715,2.08745,1.00,1.00
2008.07.16 14:24:20.251,2.08725,2.0875,1.00,1.80
2008.07.16 14:24:20.477,2.087,2.0875,4.70,2.80
2008.07.16 14:24:20.706,2.087,2.0875,3.70,1.70
2008.07.16 14:24:20.925,2.08705,2.0875,1.00,1.70
2008.07.16 14:24:21.141,2.0871,2.0875,1.00,1.70
2008.07.16 14:24:21.614,2.0871,2.0875,2.20,1.00
2008.07.16 14:24:21.971,2.0872,2.0875,1.00,1.00
2008.07.16 14:24:22.362,2.08715,2.0875,2.00,1.00
2008.07.16 14:24:23.528,2.08715,2.0875,2.70,1.00
2008.07.16 14:24:26.297,2.0873,2.0875,1.30,1.00
2008.07.16 14:24:26.404,2.08735,2.0875,1.00,1.00
2008.07.16 14:24:26.525,2.08735,2.0876,1.00,1.00
2008.07.16 14:24:26.621,2.08745,2.0876,1.00,1.00
2008.07.16 14:24:27.372,2.0874,2.08765,1.00,1.00
2008.07.16 14:24:28.893,2.08735,2.08765,2.00,1.00
2008.07.16 14:24:30.079,2.08735,2.0877,2.00,1.70
2008.07.16 14:24:31.554,2.08735,2.0877,1.70,1.70
2008.07.16 14:24:31.814,2.08735,2.0877,1.00,1.70
2008.07.16 14:24:32.058,2.08735,2.0877,1.00,2.90
2008.07.16 14:24:32.300,2.08735,2.0877,1.00,1.70
2008.07.16 14:24:34.229,2.08735,2.08765,1.00,1.00
2008.07.16 14:24:34.428,2.08725,2.08765,2.70,1.00
2008.07.16 14:24:34.628,2.08725,2.08765,3.70,1.00
2008.07.16 14:24:36.547,2.08725,2.08765,2.70,1.00
2008.07.16 14:24:37.710,2.08725,2.0876,2.70,1.00
2008.07.16 14:24:37.893,2.08725,2.08755,2.70,1.00
2008.07.16 14:24:38.126,2.08725,2.08755,3.70,1.00
2008.07.16 14:24:38.336,2.08725,2.08765,3.70,1.00
2008.07.16 14:24:38.488,2.08725,2.08765,2.70,1.00
2008.07.16 14:24:40.127,2.08725,2.08765,3.70,1.00
2008.07.16 14:24:41.226,2.08725,2.08765,2.70,1.00
2008.07.16 14:24:41.867,2.08725,2.0876,2.70,1.00
2008.07.16 14:24:42.275,2.08725,2.0876,3.30,1.00
2008.07.16 14:24:43.779,2.08725,2.08765,3.30,1.00
2008.07.16 14:24:44.126,2.08725,2.08755,3.30,1.00
2008.07.16 14:24:44.889,2.08715,2.0875,2.70,1.00
2008.07.16 14:24:45.086,2.08715,2.0875,2.00,1.00
2008.07.16 14:24:45.268,2.08715,2.0875,1.00,1.00
2008.07.16 14:24:45.764,2.08705,2.0875,3.30,1.80
2008.07.16 14:24:46.602,2.0871,2.0875,1.30,1.80
2008.07.16 14:24:46.908,2.0871,2.0875,1.30,1.00
2008.07.16 14:24:47.603,2.0871,2.08755,1.30,1.00
2008.07.16 14:24:47.827,2.0871,2.08755,2.20,1.00
2008.07.16 14:24:49.131,2.0871,2.08745,2.20,1.00
2008.07.16 14:24:49.348,2.0871,2.08745,1.30,1.00
2008.07.16 14:24:49.674,2.08705,2.08745,3.30,1.00
2008.07.16 14:24:54.863,2.08705,2.0875,3.30,1.70
2008.07.16 14:24:56.760,2.08705,2.0875,4.40,1.70
2008.07.16 14:24:57.069,2.0871,2.0875,1.00,2.80
2008.07.16 14:24:57.384,2.0871,2.0875,1.30,1.00
2008.07.16 14:24:58.132,2.0871,2.0875,1.60,1.00
2008.07.16 14:24:58.322,2.08705,2.08745,3.50,1.00
2008.07.16 14:24:58.635,2.08705,2.08745,3.30,1.00
2008.07.16 14:24:59.840,2.08705,2.0875,3.30,1.80
2008.07.16 14:25:00.192,2.0871,2.0875,1.00,1.80
2008.07.16 14:25:00.260,2.0871,2.0875,1.00,2.80
2008.07.16 14:25:00.576,2.08705,2.0875,4.50,2.80
2008.07.16 14:25:00.734,2.08715,2.08755,2.70,2.10
2008.07.16 14:25:00.800,2.08715,2.08755,2.70,1.00
2008.07.16 14:25:00.872,2.08715,2.08755,4.00,1.00
2008.07.16 14:25:01.107,2.0872,2.0876,1.00,3.20
2008.07.16 14:25:01.534,2.0872,2.08765,1.60,2.10
2008.07.16 14:25:01.917,2.08715,2.08765,3.60,2.10
2008.07.16 14:25:02.273,2.08715,2.0876,3.60,1.00
2008.07.16 14:25:02.509,2.08715,2.0876,3.30,2.10
2008.07.16 14:25:02.760,2.08715,2.0876,2.70,3.20
2008.07.16 14:25:03.221,2.08715,2.0875,2.70,1.00
2008.07.16 14:25:03.361,2.0871,2.0875,1.00,1.70
2008.07.16 14:25:03.455,2.08705,2.0875,1.80,1.70
2008.07.16 14:25:03.607,2.08705,2.0875,1.80,6.00
2008.07.16 14:25:03.695,2.08705,2.0875,1.80,1.00
2008.07.16 14:25:03.770,2.0871,2.0876,1.40,1.00
2008.07.16 14:25:04.040,2.0871,2.0876,1.40,2.10
2008.07.16 14:25:04.296,2.0871,2.0875,1.70,1.00
2008.07.16 14:25:04.517,2.08725,2.0876,1.00,2.10
2008.07.16 14:25:04.955,2.0873,2.08765,1.00,1.00
2008.07.16 14:25:05.971,2.08725,2.0877,2.00,1.70
2008.07.16 14:25:06.690,2.08725,2.08775,6.00,1.00
2008.07.16 14:25:06.902,2.08725,2.0878,6.00,2.80
2008.07.16 14:25:07.154,2.08725,2.0878,5.50,2.80
2008.07.16 14:25:07.405,2.08725,2.08765,5.50,1.00
2008.07.16 14:25:07.612,2.08735,2.0878,1.00,1.70
2008.07.16 14:25:08.025,2.0873,2.0878,1.40,1.80
2008.07.16 14:25:08.230,2.0873,2.0878,1.00,1.80
2008.07.16 14:25:08.451,2.08735,2.0878,1.00,1.80
2008.07.16 14:25:08.671,2.0873,2.0878,1.00,2.80
2008.07.16 14:25:09.118,2.0873,2.0878,1.40,1.70
2008.07.16 14:25:09.289,2.08735,2.0878,1.00,1.70
2008.07.16 14:25:09.611,2.08735,2.0878,2.00,3.90
2008.07.16 14:25:09.739,2.0875,2.0878,1.00,1.00
2008.07.16 14:25:11.248,2.08735,2.0878,2.70,1.00
2008.07.16 14:25:12.729,2.08735,2.0878,2.70,1.70
2008.07.16 14:25:13.225,2.08735,2.0878,2.00,1.70
2008.07.16 14:25:14.158,2.08745,2.0878,1.00,1.70
2008.07.16 14:25:14.625,2.08745,2.08775,1.00,1.00
2008.07.16 14:25:14.920,2.0872,2.08775,4.50,1.00
2008.07.16 14:25:15.032,2.0872,2.08775,4.50,1.70
2008.07.16 14:25:15.906,2.0872,2.0877,4.40,1.00
2008.07.16 14:25:16.719,2.08725,2.0877,3.30,1.00
2008.07.16 14:25:17.081,2.08725,2.08765,3.30,1.00
2008.07.16 14:25:17.758,2.08725,2.08765,4.00,1.00
2008.07.16 14:25:17.949,2.08735,2.0876,1.00,2.10
2008.07.16 14:25:18.138,2.0874,2.0876,1.00,2.10
2008.07.16 14:25:18.328,2.0874,2.08775,1.00,1.00
2008.07.16 14:25:18.515,2.08745,2.08775,1.00,1.00
2008.07.16 14:25:19.346,2.08745,2.08775,1.00,1.70
2008.07.16 14:25:19.509,2.08745,2.0877,1.00,1.00
2008.07.16 14:25:19.628,2.0873,2.0877,1.00,2.50
2008.07.16 14:25:19.747,2.0873,2.08765,1.00,3.20
2008.07.16 14:25:19.878,2.08715,2.08765,3.50,3.20
2008.07.16 14:25:20.404,2.0872,2.08765,1.00,4.00
2008.07.16 14:25:20.685,2.0872,2.0876,1.00,1.00
2008.07.16 14:25:21.246,2.0872,2.08755,1.00,1.00
2008.07.16 14:25:21.986,2.08715,2.08755,2.70,2.10
2008.07.16 14:25:22.336,2.0872,2.0876,1.00,3.20
2008.07.16 14:25:22.626,2.08715,2.0876,2.70,1.00
2008.07.16 14:25:22.925,2.08715,2.0875,2.70,1.00
2008.07.16 14:25:23.084,2.08715,2.0875,3.30,1.00
2008.07.16 14:25:23.551,2.08715,2.08745,3.30,1.00
2008.07.16 14:25:24.018,2.08715,2.08745,2.70,1.00
2008.07.16 14:25:24.355,2.08715,2.08745,3.30,1.00
2008.07.16 14:25:24.678,2.08715,2.08745,2.70,1.00
2008.07.16 14:25:25.049,2.08715,2.0875,3.30,1.00
2008.07.16 14:25:26.711,2.08715,2.08755,3.30,2.10
2008.07.16 14:25:28.798,2.08715,2.08755,3.30,1.00
2008.07.16 14:25:29.052,2.08715,2.08755,4.40,1.00
2008.07.16 14:25:29.147,2.08715,2.08755,4.80,1.00
2008.07.16 14:25:29.215,2.08725,2.08755,1.00,1.00
2008.07.16 14:25:29.275,2.08735,2.08755,1.00,1.00
2008.07.16 14:25:29.427,2.08735,2.0875,1.00,2.10
2008.07.16 14:25:29.523,2.08735,2.08775,1.00,1.70
2008.07.16 14:25:30.214,2.08735,2.08755,1.00,1.00
2008.07.16 14:25:31.323,2.0872,2.0875,2.50,1.00
2008.07.16 14:25:31.684,2.0872,2.0875,1.40,1.00
2008.07.16 14:25:32.270,2.0873,2.0875,1.00,1.00
2008.07.16 14:25:33.547,2.08735,2.0875,1.00,1.00
2008.07.16 14:25:36.762,2.0874,2.0875,1.00,1.00
2008.07.16 14:25:37.104,2.08715,2.0875,1.40,1.00
2008.07.16 14:25:37.294,2.08715,2.0875,1.00,2.80
2008.07.16 14:25:37.483,2.0871,2.0875,1.80,2.80
2008.07.16 14:25:37.841,2.08715,2.0875,1.00,1.00
2008.07.16 14:25:40.070,2.08715,2.0875,1.40,1.00
2008.07.16 14:25:40.324,2.0872,2.0875,1.00,1.00
2008.07.16 14:25:40.857,2.08725,2.0875,1.00,1.00
2008.07.16 14:25:40.999,2.08735,2.0875,1.00,1.00
2008.07.16 14:25:41.816,2.0872,2.0875,2.50,1.00
2008.07.16 14:25:42.363,2.0872,2.0875,2.50,1.00
2008.07.16 14:25:42.564,2.0874,2.0875,1.00,1.00
2008.07.16 14:25:42.952,2.0874,2.08775,1.00,1.70
2008.07.16 14:25:43.151,2.08715,2.08775,5.40,1.00
2008.07.16 14:25:43.813,2.08715,2.08775,4.30,1.00
2008.07.16 14:25:43.960,2.08725,2.0877,1.00,1.80
2008.07.16 14:25:44.111,2.0872,2.0877,1.00,1.80
2008.07.16 14:25:45.609,2.08735,2.0877,1.00,1.80
2008.07.16 14:25:45.774,2.0873,2.0877,1.00,1.80
2008.07.16 14:25:47.072,2.08745,2.0877,1.00,1.80
2008.07.16 14:25:47.400,2.08715,2.0877,5.40,1.00
2008.07.16 14:25:47.940,2.08715,2.0877,4.30,1.00
2008.07.16 14:25:48.329,2.08715,2.0877,3.60,1.00
2008.07.16 14:25:48.432,2.0873,2.0877,1.00,1.00
2008.07.16 14:25:48.630,2.0873,2.0877,1.00,2.80
2008.07.16 14:25:49.733,2.08735,2.0877,1.00,2.80
2008.07.16 14:25:53.334,2.0874,2.0877,1.00,2.80
2008.07.16 14:25:55.534,2.08735,2.0877,1.00,2.80
2008.07.16 14:25:58.870,2.08745,2.0877,1.00,2.80
2008.07.16 14:25:59.212,2.08755,2.0877,1.00,2.80
2008.07.16 14:25:59.885,2.08755,2.0877,1.00,1.00
2008.07.16 14:26:01.503,2.0875,2.0877,1.00,1.00
2008.07.16 14:26:03.667,2.0875,2.08795,1.00,1.70
2008.07.16 14:26:03.989,2.08745,2.08795,5.10,1.70
2008.07.16 14:26:04.467,2.0875,2.08795,1.60,1.70
2008.07.16 14:26:05.627,2.0875,2.0879,1.60,1.00
2008.07.16 14:26:07.905,2.08745,2.0879,5.10,1.80
2008.07.16 14:26:08.053,2.08745,2.0879,5.90,1.80
2008.07.16 14:26:09.476,2.08745,2.0879,6.70,1.80
2008.07.16 14:26:10.903,2.08745,2.0879,7.60,1.00
2008.07.16 14:26:16.932,2.08755,2.0879,1.00,1.00
2008.07.16 14:26:18.733,2.08755,2.0879,1.70,1.00
2008.07.16 14:26:19.333,2.08755,2.08795,4.40,1.00
2008.07.16 14:26:19.476,2.08755,2.08795,3.70,1.00
2008.07.16 14:26:19.601,2.08755,2.08795,2.70,1.00
2008.07.16 14:26:19.644,2.08755,2.0879,2.70,1.00
2008.07.16 14:26:19.806,2.08755,2.0879,3.30,1.00
2008.07.16 14:26:27.609,2.08755,2.0879,2.70,1.00
2008.07.16 14:26:28.566,2.08755,2.0879,3.30,1.00
2008.07.16 14:26:31.031,2.08755,2.0879,2.70,1.00
2008.07.16 14:26:33.988,2.08755,2.0879,3.30,1.00
2008.07.16 14:26:35.392,2.08755,2.0879,2.70,1.00
2008.07.16 14:26:35.968,2.08755,2.08795,2.70,2.10
2008.07.16 14:26:36.090,2.08755,2.08795,2.70,1.00
2008.07.16 14:26:38.980,2.08745,2.0879,5.50,1.00
2008.07.16 14:26:39.331,2.08745,2.0879,4.70,1.00
2008.07.16 14:26:39.646,2.08745,2.0879,5.40,1.00
2008.07.16 14:26:41.628,2.08745,2.0879,4.70,1.00
2008.07.16 14:26:45.605,2.08755,2.0879,1.00,1.00
2008.07.16 14:26:46.195,2.08755,2.0879,1.00,1.70
2008.07.16 14:26:47.482,2.08745,2.0879,4.80,1.70
2008.07.16 14:26:48.002,2.08755,2.0879,1.00,1.70
2008.07.16 14:26:48.275,2.08755,2.0879,1.00,2.80
2008.07.16 14:26:48.706,2.08765,2.0879,1.00,2.80
2008.07.16 14:26:49.050,2.08765,2.0879,1.00,1.00
2008.07.16 14:26:49.234,2.08755,2.0879,5.20,1.00
2008.07.16 14:26:49.553,2.0877,2.08815,2.70,1.80
2008.07.16 14:26:49.755,2.0877,2.08815,3.70,1.80
2008.07.16 14:26:50.031,2.08775,2.08815,1.00,1.80
2008.07.16 14:26:50.322,2.0877,2.08815,4.70,2.80
2008.07.16 14:26:50.589,2.08775,2.0881,5.40,1.00
2008.07.16 14:26:52.219,2.08775,2.0881,4.70,1.00
2008.07.16 14:26:53.076,2.0879,2.0881,1.00,1.00
2008.07.16 14:26:56.113,2.08775,2.0881,5.40,1.00
2008.07.16 14:26:57.470,2.0879,2.0881,1.00,1.00
2008.07.16 14:26:58.600,2.08775,2.0881,5.40,1.00
2008.07.16 14:26:59.529,2.0879,2.0881,1.00,1.00
2008.07.16 14:27:00.389,2.08775,2.0881,5.40,1.00
2008.07.16 14:27:02.272,2.0878,2.0881,1.30,1.00
2008.07.16 14:27:02.596,2.08785,2.08825,4.40,1.00
2008.07.16 14:27:02.923,2.08785,2.0883,4.70,1.00
2008.07.16 14:27:03.262,2.088,2.0883,1.00,1.00
2008.07.16 14:27:03.528,2.08805,2.0883,1.00,1.00
2008.07.16 14:27:04.526,2.08805,2.0883,1.70,1.00
2008.07.16 14:27:08.231,2.08805,2.0883,1.00,1.00
2008.07.16 14:27:08.489,2.08805,2.0883,1.70,1.00
2008.07.16 14:27:09.251,2.08805,2.0883,1.00,1.00
2008.07.16 14:27:09.762,2.08795,2.0883,1.70,1.00
2008.07.16 14:27:09.945,2.08795,2.0883,1.00,1.00
2008.07.16 14:27:10.711,2.08785,2.0883,5.50,1.00
2008.07.16 14:27:10.852,2.08785,2.0883,4.70,1.00
2008.07.16 14:27:11.005,2.08785,2.0883,4.70,1.70
2008.07.16 14:27:11.142,2.0879,2.0883,1.00,1.80
2008.07.16 14:27:11.490,2.0879,2.08815,1.00,1.00
2008.07.16 14:27:12.189,2.08795,2.08815,1.00,1.00
2008.07.16 14:27:12.540,2.0878,2.08795,1.00,1.00
2008.07.16 14:27:13.161,2.0877,2.08795,1.00,1.00
2008.07.16 14:27:13.723,2.08775,2.0879,1.00,1.00
2008.07.16 14:27:14.231,2.08765,2.0879,1.00,1.00
2008.07.16 14:27:14.716,2.08775,2.0879,1.00,1.00
2008.07.16 14:27:16.996,2.0877,2.0879,1.00,1.00
2008.07.16 14:27:17.692,2.08765,2.0879,1.00,1.00
2008.07.16 14:27:18.080,2.08755,2.0879,5.40,1.00
2008.07.16 14:27:20.383,2.08765,2.0879,1.00,1.00
2008.07.16 14:27:20.529,2.08755,2.0879,5.40,1.00
2008.07.16 14:27:23.621,2.08765,2.088,3.30,1.00
2008.07.16 14:27:25.510,2.0877,2.088,1.00,1.00
2008.07.16 14:27:26.133,2.0877,2.0881,1.00,1.70
2008.07.16 14:27:26.371,2.0877,2.0881,1.00,1.00
2008.07.16 14:27:26.765,2.08765,2.0881,3.60,1.00
2008.07.16 14:27:27.736,2.08765,2.08815,4.70,1.00
2008.07.16 14:27:30.795,2.08765,2.0882,5.50,2.10
2008.07.16 14:27:31.712,2.08765,2.0882,6.80,2.10
2008.07.16 14:27:32.056,2.08765,2.0882,7.60,2.10
2008.07.16 14:27:32.393,2.08775,2.0882,1.00,1.00
2008.07.16 14:27:32.734,2.08785,2.08825,1.00,2.10
2008.07.16 14:27:33.068,2.0879,2.08825,1.00,2.10
2008.07.16 14:27:33.798,2.0879,2.08825,1.00,1.00
2008.07.16 14:27:34.364,2.08795,2.08825,1.00,1.00
2008.07.16 14:27:35.849,2.08795,2.0883,1.00,1.70
2008.07.16 14:27:36.292,2.08795,2.0883,1.00,2.80
2008.07.16 14:27:36.631,2.08805,2.08835,1.00,1.00
2008.07.16 14:27:37.332,2.08805,2.0884,3.70,1.00
2008.07.16 14:27:37.686,2.08805,2.0885,3.70,1.00
2008.07.16 14:27:37.825,2.0881,2.0885,1.00,1.00
2008.07.16 14:27:38.084,2.08825,2.0885,1.00,1.00
2008.07.16 14:27:38.224,2.08825,2.08855,1.00,1.00
2008.07.16 14:27:38.369,2.08815,2.0886,2.40,1.00
2008.07.16 14:27:38.623,2.0883,2.0886,1.00,1.00
2008.07.16 14:27:38.764,2.0883,2.08865,1.00,2.10
2008.07.16 14:27:39.617,2.0883,2.08865,1.00,1.00
2008.07.16 14:27:42.391,2.08825,2.08865,3.30,1.00
2008.07.16 14:27:42.852,2.0883,2.08865,1.00,1.00
2008.07.16 14:27:43.590,2.08825,2.08865,3.30,1.00
2008.07.16 14:27:45.343,2.08825,2.08865,3.30,2.10
2008.07.16 14:27:46.059,2.08825,2.08865,3.30,3.20
2008.07.16 14:27:47.549,2.08825,2.08865,2.70,3.20
2008.07.16 14:27:47.901,2.08825,2.08865,2.70,2.10
2008.07.16 14:27:48.285,2.08825,2.0886,2.70,1.00
2008.07.16 14:27:49.203,2.08815,2.08855,3.50,1.00
2008.07.16 14:27:49.616,2.08815,2.08865,3.50,2.10
2008.07.16 14:27:50.639,2.08825,2.08865,1.00,1.00
2008.07.16 14:27:50.844,2.0883,2.08875,1.00,2.10
2008.07.16 14:27:51.173,2.08835,2.08875,2.70,2.10
2008.07.16 14:27:51.329,2.08835,2.08875,2.70,3.20
2008.07.16 14:27:51.565,2.08835,2.0887,2.70,1.00
2008.07.16 14:27:52.079,2.0883,2.0886,1.00,1.00
2008.07.16 14:27:52.445,2.08815,2.0886,4.50,1.00
2008.07.16 14:27:52.813,2.08815,2.0886,4.50,2.80
2008.07.16 14:27:53.179,2.08815,2.0886,5.50,2.80
2008.07.16 14:27:53.450,2.08815,2.0886,4.70,2.80
2008.07.16 14:27:53.629,2.08815,2.0886,4.70,1.40
2008.07.16 14:27:53.761,2.08815,2.0886,2.70,1.40
2008.07.16 14:27:54.129,2.08815,2.0886,2.70,1.80
2008.07.16 14:27:54.521,2.08805,2.08845,5.50,1.00
2008.07.16 14:27:55.690,2.08805,2.0884,6.30,1.00
2008.07.16 14:27:56.700,2.08805,2.0884,5.40,1.00
2008.07.16 14:27:58.599,2.08805,2.0884,4.70,1.00
2008.07.16 14:27:58.882,2.08805,2.0884,5.40,1.00
2008.07.16 14:27:59.489,2.08805,2.0884,4.70,1.00
2008.07.16 14:28:00.191,2.08805,2.0884,4.70,1.40
2008.07.16 14:28:00.271,2.08805,2.0884,1.00,1.40
2008.07.16 14:28:00.421,2.08805,2.0884,1.00,2.50
2008.07.16 14:28:00.597,2.088,2.0884,1.00,2.50
2008.07.16 14:28:00.767,2.08795,2.08835,2.70,1.00
2008.07.16 14:28:00.839,2.08795,2.08835,2.70,1.80
2008.07.16 14:28:00.944,2.08785,2.0882,4.50,1.00
2008.07.16 14:28:01.013,2.08795,2.0882,1.00,1.00
2008.07.16 14:28:01.648,2.08785,2.0881,1.00,1.00
2008.07.16 14:28:02.232,2.08775,2.0881,6.30,1.00
2008.07.16 14:28:05.518,2.0879,2.0881,1.00,1.00
2008.07.16 14:28:06.102,2.0879,2.0882,1.00,1.00
2008.07.16 14:28:07.222,2.08795,2.0882,1.00,1.00
2008.07.16 14:28:08.124,2.0878,2.0881,1.70,1.00
2008.07.16 14:28:08.652,2.08775,2.0881,6.30,1.00
2008.07.16 14:28:08.801,2.08775,2.0881,4.50,1.00
2008.07.16 14:28:08.983,2.08775,2.0881,5.50,1.00
2008.07.16 14:28:09.379,2.08775,2.0881,6.30,1.00
2008.07.16 14:28:09.622,2.0879,2.0881,1.00,1.00
2008.07.16 14:28:10.634,2.08775,2.0881,5.40,1.00
2008.07.16 14:28:10.878,2.08775,2.0881,2.70,1.00
2008.07.16 14:28:11.079,2.0877,2.08795,1.00,1.00
2008.07.16 14:28:11.277,2.08775,2.08795,1.00,1.00
2008.07.16 14:28:11.486,2.08775,2.08815,1.00,1.00
2008.07.16 14:28:11.700,2.0878,2.08815,1.00,2.80
2008.07.16 14:28:12.042,2.08775,2.08815,4.40,1.00
2008.07.16 14:28:12.713,2.0878,2.0881,1.00,1.00
2008.07.16 14:28:14.052,2.08785,2.0881,1.00,1.00
2008.07.16 14:28:14.201,2.08785,2.0882,3.30,1.70
2008.07.16 14:28:14.483,2.08785,2.0882,3.30,1.00
2008.07.16 14:28:14.645,2.08785,2.08825,3.30,2.10
2008.07.16 14:28:14.892,2.08785,2.08825,3.30,1.00
2008.07.16 14:28:15.573,2.08785,2.0883,3.30,3.90
2008.07.16 14:28:15.752,2.08785,2.0883,3.30,2.80
2008.07.16 14:28:16.214,2.08785,2.0883,3.30,1.70
2008.07.16 14:28:17.902,2.08795,2.0883,1.00,2.80
2008.07.16 14:28:18.108,2.088,2.0883,1.00,2.80
2008.07.16 14:28:18.317,2.08815,2.0883,1.00,1.00
2008.07.16 14:28:18.527,2.08815,2.08845,4.40,1.00
2008.07.16 14:28:18.926,2.08815,2.08845,1.00,1.00
2008.07.16 14:28:19.134,2.0881,2.08845,1.00,1.00
2008.07.16 14:28:19.393,2.0881,2.0884,1.00,1.00
2008.07.16 14:28:19.607,2.0881,2.0884,1.60,1.00
2008.07.16 14:28:19.820,2.0881,2.0884,1.00,1.00
2008.07.16 14:28:20.092,2.088,2.0884,1.70,1.00
2008.07.16 14:28:20.329,2.088,2.08835,1.00,1.00
2008.07.16 14:28:20.578,2.08795,2.08835,3.50,1.00
2008.07.16 14:28:20.816,2.08795,2.0882,1.40,1.00
2008.07.16 14:28:21.283,2.08795,2.0882,1.00,1.00
2008.07.16 14:28:21.503,2.08795,2.08835,3.30,1.00
2008.07.16 14:28:22.132,2.08795,2.0882,1.00,1.00
2008.07.16 14:28:22.451,2.0879,2.0882,3.20,1.00
2008.07.16 14:28:22.793,2.08805,2.08845,1.70,2.80
2008.07.16 14:28:23.106,2.08805,2.08845,3.70,2.80
2008.07.16 14:28:23.370,2.08805,2.08845,3.70,1.00
2008.07.16 14:28:24.533,2.0881,2.0884,1.00,1.00
2008.07.16 14:28:25.705,2.0882,2.0884,1.00,1.00
2008.07.16 14:28:25.813,2.0881,2.0884,1.00,1.00
2008.07.16 14:28:26.900,2.0882,2.0884,1.00,1.00
2008.07.16 14:28:27.153,2.08825,2.08855,2.70,1.00
2008.07.16 14:28:27.380,2.08825,2.08855,3.30,1.00
2008.07.16 14:28:27.627,2.08825,2.08855,3.70,1.00
2008.07.16 14:28:27.847,2.08825,2.0886,1.00,4.00
2008.07.16 14:28:28.101,2.08825,2.0886,1.70,1.80
2008.07.16 14:28:28.317,2.08825,2.0886,3.70,2.70
2008.07.16 14:28:28.522,2.08815,2.08845,1.00,1.00
2008.07.16 14:28:28.692,2.0881,2.08845,1.40,1.00
2008.07.16 14:28:29.172,2.08805,2.08845,4.50,1.00
2008.07.16 14:28:29.547,2.08805,2.0884,5.20,1.00
2008.07.16 14:28:31.705,2.08805,2.0884,3.70,1.70
2008.07.16 14:28:32.091,2.08815,2.0884,1.00,1.00
2008.07.16 14:28:32.483,2.08805,2.0884,1.00,1.00
2008.07.16 14:28:32.722,2.08795,2.0884,4.40,2.80
2008.07.16 14:28:32.960,2.08795,2.08835,4.40,1.00
2008.07.16 14:28:33.202,2.08805,2.08835,1.00,1.00
2008.07.16 14:28:33.444,2.08805,2.0884,1.70,2.80
2008.07.16 14:28:33.670,2.08805,2.0884,1.00,1.00
2008.07.16 14:28:33.849,2.08805,2.0884,3.70,1.00
2008.07.16 14:28:34.029,2.08805,2.0884,2.70,1.00
2008.07.16 14:28:34.219,2.088,2.0884,1.00,1.00
2008.07.16 14:28:34.402,2.08795,2.0884,5.20,1.00
2008.07.16 14:28:34.587,2.08795,2.0884,5.20,2.80
2008.07.16 14:28:35.081,2.08805,2.0884,1.70,2.80
2008.07.16 14:28:35.563,2.08805,2.0884,1.00,2.80
2008.07.16 14:28:35.751,2.08805,2.0884,4.40,2.80
2008.07.16 14:28:36.290,2.08805,2.0883,1.00,1.00
2008.07.16 14:28:36.790,2.08795,2.0883,5.40,1.00
2008.07.16 14:28:37.071,2.08805,2.0883,1.70,1.00
2008.07.16 14:28:37.879,2.08805,2.0884,4.40,1.00
2008.07.16 14:28:38.709,2.08805,2.0884,3.30,1.00
2008.07.16 14:28:39.406,2.08805,2.0884,2.70,1.00
2008.07.16 14:28:39.693,2.08805,2.0884,2.70,1.70
2008.07.16 14:28:39.799,2.088,2.0883,1.00,1.00
2008.07.16 14:28:40.207,2.08795,2.0883,3.30,1.00
2008.07.16 14:28:40.399,2.08795,2.0883,2.70,1.00
2008.07.16 14:28:41.642,2.08795,2.0883,3.30,1.00
2008.07.16 14:28:41.878,2.08795,2.0883,2.70,1.00
2008.07.16 14:28:42.869,2.08785,2.08825,2.70,1.00
2008.07.16 14:28:43.516,2.08785,2.08825,3.30,1.00
2008.07.16 14:28:44.018,2.08785,2.0883,4.40,3.90
2008.07.16 14:28:44.493,2.08785,2.0883,3.30,3.90
2008.07.16 14:28:44.694,2.08785,2.08825,3.30,1.00
2008.07.16 14:28:45.111,2.08785,2.08825,3.30,2.10
2008.07.16 14:28:45.491,2.08785,2.0881,1.00,1.00
2008.07.16 14:28:45.766,2.08785,2.088,1.00,1.00
2008.07.16 14:28:45.906,2.0877,2.088,1.40,1.00
2008.07.16 14:28:46.426,2.08775,2.0881,3.30,1.00
2008.07.16 14:28:47.364,2.08765,2.08805,3.30,1.00
2008.07.16 14:28:47.763,2.08765,2.088,2.70,1.00
2008.07.16 14:28:48.147,2.08755,2.0879,4.40,1.00
2008.07.16 14:28:48.289,2.08755,2.0879,3.70,1.00
2008.07.16 14:28:48.617,2.08755,2.0879,1.00,1.00
2008.07.16 14:28:48.770,2.08745,2.0879,4.80,2.90
2008.07.16 14:28:49.170,2.08755,2.0879,1.00,2.90
2008.07.16 14:28:49.511,2.08755,2.0879,2.70,1.70
2008.07.16 14:28:50.145,2.08755,2.0879,2.70,1.00
2008.07.16 14:28:51.195,2.0875,2.0879,1.60,1.00
2008.07.16 14:28:51.875,2.08755,2.0879,2.70,1.00
2008.07.16 14:28:52.225,2.08755,2.0879,2.70,1.70
2008.07.16 14:28:54.408,2.08755,2.08785,2.70,1.00
2008.07.16 14:28:54.496,2.0875,2.0877,1.00,1.00
2008.07.16 14:28:55.064,2.08745,2.08785,3.60,1.00
2008.07.16 14:28:55.345,2.08745,2.08785,2.70,1.00
2008.07.16 14:28:56.658,2.08745,2.08785,3.70,1.00
2008.07.16 14:28:57.076,2.08755,2.08785,2.70,1.00
2008.07.16 14:28:57.636,2.08755,2.0879,2.70,1.70
2008.07.16 14:28:58.104,2.08765,2.0879,2.70,1.00
2008.07.16 14:28:58.387,2.08765,2.08795,2.70,1.00
2008.07.16 14:29:00.095,2.08755,2.08795,4.70,1.00
2008.07.16 14:29:00.755,2.08755,2.08795,3.70,1.00
2008.07.16 14:29:02.375,2.08755,2.08795,4.70,1.00
2008.07.16 14:29:05.711,2.08755,2.08795,3.70,1.00
2008.07.16 14:29:06.165,2.08755,2.08795,4.70,1.00
2008.07.16 14:29:06.901,2.08755,2.08795,3.70,1.00
2008.07.16 14:29:07.179,2.08755,2.0879,1.00,1.70
2008.07.16 14:29:07.455,2.08745,2.0879,3.30,1.70
2008.07.16 14:29:09.146,2.08745,2.0879,3.60,1.70
2008.07.16 14:29:09.612,2.08745,2.0879,4.70,1.70
2008.07.16 14:29:16.896,2.08745,2.0879,3.60,1.70
2008.07.16 14:29:17.166,2.08745,2.0879,2.70,2.90
2008.07.16 14:29:17.413,2.08735,2.08775,5.50,1.00
2008.07.16 14:29:17.632,2.08735,2.08775,4.40,1.00
2008.07.16 14:29:17.924,2.08735,2.08755,1.60,1.00
2008.07.16 14:29:18.210,2.0873,2.08755,1.00,1.00
2008.07.16 14:29:18.501,2.08715,2.08755,4.40,1.00
2008.07.16 14:29:18.792,2.0872,2.08735,6.30,1.00
2008.07.16 14:29:18.994,2.0872,2.08735,6.00,1.00
2008.07.16 14:29:19.403,2.0872,2.08745,5.40,1.00
2008.07.16 14:29:19.787,2.0871,2.08745,6.20,1.00
2008.07.16 14:29:20.268,2.08715,2.08765,5.60,1.80
2008.07.16 14:29:20.602,2.08725,2.08765,1.00,2.80
2008.07.16 14:29:20.883,2.08725,2.08765,1.00,1.00
2008.07.16 14:29:21.202,2.0874,2.08785,2.70,12.60
2008.07.16 14:29:21.521,2.0874,2.08785,3.60,2.80
2008.07.16 14:29:21.840,2.0874,2.08785,3.60,1.00
2008.07.16 14:29:22.136,2.0874,2.08785,1.00,1.70
2008.07.16 14:29:22.470,2.0874,2.0877,1.60,1.70
2008.07.16 14:29:22.767,2.0874,2.08755,1.60,1.00
2008.07.16 14:29:23.108,2.08705,2.08755,4.70,1.00
2008.07.16 14:29:23.772,2.08705,2.0875,2.00,1.00
2008.07.16 14:29:23.936,2.08705,2.0875,1.00,1.00
2008.07.16 14:29:24.690,2.08705,2.0875,3.60,1.00
2008.07.16 14:29:25.154,2.08705,2.0875,3.60,1.70
2008.07.16 14:29:25.319,2.08705,2.08735,1.00,1.00
2008.07.16 14:29:26.256,2.08705,2.08745,3.60,1.00
2008.07.16 14:29:26.834,2.08705,2.0874,2.70,1.00
2008.07.16 14:29:27.227,2.087,2.0873,1.40,1.00
2008.07.16 14:29:27.603,2.08715,2.0873,1.00,1.00
2008.07.16 14:29:27.963,2.08715,2.08755,1.00,4.00
2008.07.16 14:29:28.646,2.08715,2.08755,3.60,2.80
2008.07.16 14:29:28.876,2.08715,2.08755,3.60,1.70
2008.07.16 14:29:29.593,2.08725,2.08755,2.70,1.00
2008.07.16 14:29:29.971,2.08725,2.08755,3.60,1.00
2008.07.16 14:29:30.318,2.08725,2.0875,1.00,1.00
2008.07.16 14:29:30.437,2.08725,2.0875,1.00,1.70
2008.07.16 14:29:30.560,2.08715,2.0875,3.60,1.70
2008.07.16 14:29:31.915,2.08715,2.08745,3.60,1.00
2008.07.16 14:29:32.182,2.08715,2.08745,4.90,1.00
2008.07.16 14:29:32.470,2.0871,2.0875,1.60,1.70
2008.07.16 14:29:32.756,2.08715,2.0875,1.00,1.70
2008.07.16 14:29:33.319,2.0871,2.0875,1.00,1.70
2008.07.16 14:29:34.105,2.0871,2.0875,1.00,1.00
2008.07.16 14:29:34.345,2.0871,2.0875,1.60,1.00
2008.07.16 14:29:34.435,2.0872,2.0875,1.00,1.00
2008.07.16 14:29:35.226,2.0872,2.0875,1.00,1.70
2008.07.16 14:29:35.532,2.08715,2.0875,3.60,1.70
2008.07.16 14:29:36.064,2.08715,2.0875,1.00,1.70
2008.07.16 14:29:36.162,2.08715,2.08745,1.00,1.00
2008.07.16 14:29:36.338,2.08715,2.0875,1.00,1.00
2008.07.16 14:29:36.641,2.08705,2.0875,3.60,1.00
2008.07.16 14:29:36.950,2.0871,2.0875,1.00,1.00
2008.07.16 14:29:37.537,2.08705,2.0875,3.60,1.00
2008.07.16 14:29:40.955,2.08705,2.0875,4.90,1.00
2008.07.16 14:29:40.981,2.08705,2.0875,6.00,1.00
2008.07.16 14:29:41.111,2.08715,2.08755,2.70,1.00
2008.07.16 14:29:41.333,2.08715,2.0876,2.70,2.90
2008.07.16 14:29:41.362,2.08715,2.0876,2.70,1.70
2008.07.16 14:29:41.514,2.08715,2.0876,2.70,2.90
2008.07.16 14:29:42.352,2.08715,2.08755,2.70,1.00
2008.07.16 14:29:43.661,2.08705,2.0875,3.30,1.00
2008.07.16 14:29:43.791,2.08705,2.0875,3.30,2.80
2008.07.16 14:29:45.515,2.08705,2.0875,4.00,2.80
2008.07.16 14:29:45.757,2.08705,2.0875,5.10,2.80
2008.07.16 14:29:45.952,2.08705,2.0875,6.00,1.00
2008.07.16 14:29:46.430,2.08715,2.08755,2.70,1.00
2008.07.16 14:29:47.865,2.08715,2.08755,5.10,1.00
2008.07.16 14:29:48.053,2.08715,2.0876,6.00,2.80
2008.07.16 14:29:48.254,2.08715,2.0875,2.20,1.00
2008.07.16 14:29:48.443,2.0872,2.0875,1.00,1.00
2008.07.16 14:29:48.649,2.08715,2.0875,2.00,1.00
2008.07.16 14:29:48.909,2.08725,2.08775,2.70,2.90
2008.07.16 14:29:51.563,2.08725,2.08765,2.70,1.00
2008.07.16 14:29:51.699,2.08725,2.0877,2.70,2.90
2008.07.16 14:29:51.840,2.08715,2.0876,5.50,1.00
2008.07.16 14:29:52.264,2.08715,2.0876,4.40,1.00
2008.07.16 14:29:53.789,2.08715,2.0876,3.50,1.00
2008.07.16 14:29:54.028,2.08715,2.0876,4.40,1.00
2008.07.16 14:29:58.046,2.08715,2.0876,5.80,1.00
2008.07.16 14:29:58.548,2.0872,2.0876,1.60,1.00
2008.07.16 14:29:58.602,2.08715,2.0876,5.50,1.00
2008.07.16 14:29:58.850,2.08715,2.0876,4.70,1.00
2008.07.16 14:29:59.620,2.08715,2.0876,9.80,1.00
2008.07.16 14:29:59.900,2.0873,2.0876,1.00,1.00
2008.07.16 14:30:00.434,2.0873,2.08785,8.10,4.00
2008.07.16 14:30:00.621,2.0873,2.08785,8.10,1.80
2008.07.16 14:30:00.906,2.08745,2.08785,1.00,1.70
2008.07.16 14:30:01.149,2.0874,2.0878,1.60,1.00
2008.07.16 14:30:01.331,2.0875,2.0878,1.00,3.20
2008.07.16 14:30:01.854,2.08725,2.0876,1.00,1.00
2008.07.16 14:30:02.214,2.0871,2.0876,5.40,1.70
2008.07.16 14:30:03.385,2.08725,2.0876,1.00,1.70
2008.07.16 14:30:05.243,2.08725,2.08755,1.00,1.00
2008.07.16 14:30:05.471,2.08725,2.08755,1.00,2.10
2008.07.16 14:30:05.518,2.0872,2.08755,1.00,2.10
2008.07.16 14:30:05.770,2.08715,2.08755,3.30,2.10
2008.07.16 14:30:05.919,2.08715,2.08755,3.30,3.20
2008.07.16 14:30:06.005,2.08715,2.0874,1.00,1.00
2008.07.16 14:30:06.098,2.0871,2.0874,1.00,1.00
2008.07.16 14:30:06.495,2.08715,2.0875,2.70,1.00
2008.07.16 14:30:06.751,2.08715,2.08755,2.70,2.10
2008.07.16 14:30:07.015,2.08715,2.08755,2.70,2.10
2008.07.16 14:30:07.629,2.08705,2.0874,3.30,1.00
2008.07.16 14:30:09.424,2.08705,2.08735,2.70,1.00
2008.07.16 14:30:09.605,2.08705,2.08735,2.70,2.10
2008.07.16 14:30:09.778,2.08695,2.0872,2.20,1.00
2008.07.16 14:30:09.992,2.08695,2.0872,7.60,1.00
2008.07.16 14:30:10.169,2.08695,2.0872,4.10,1.00
2008.07.16 14:30:10.362,2.08695,2.08745,6.00,1.70
2008.07.16 14:30:10.733,2.087,2.08745,1.30,1.00
2008.07.16 14:30:11.436,2.08695,2.0874,11.20,1.00
2008.07.16 14:30:11.709,2.0871,2.0874,1.00,1.00
2008.07.16 14:30:11.966,2.087,2.0874,2.70,1.00
2008.07.16 14:30:12.228,2.08695,2.0874,2.20,1.00
2008.07.16 14:30:12.522,2.08695,2.0874,1.30,1.00
2008.07.16 14:30:13.627,2.087,2.0874,1.00,1.00
2008.07.16 14:30:13.756,2.087,2.0874,1.00,1.80
2008.07.16 14:30:14.354,2.087,2.0874,1.00,2.90
2008.07.16 14:30:15.545,2.08695,2.08735,3.30,1.00
2008.07.16 14:30:15.700,2.08695,2.0874,3.30,1.70
2008.07.16 14:30:15.808,2.08695,2.0874,4.00,1.70
2008.07.16 14:30:15.927,2.08695,2.0874,4.00,1.80
2008.07.16 14:30:16.038,2.08695,2.0874,4.00,2.80
2008.07.16 14:30:16.145,2.08705,2.0874,2.70,5.40
2008.07.16 14:30:16.371,2.08705,2.0874,4.00,5.40
2008.07.16 14:30:16.867,2.08705,2.0875,5.10,4.90
2008.07.16 14:30:17.233,2.0872,2.08755,2.70,1.00
2008.07.16 14:30:18.175,2.0872,2.0876,2.70,1.00
2008.07.16 14:30:18.490,2.0873,2.0876,1.00,1.00
2008.07.16 14:30:18.792,2.08725,2.0876,3.60,1.00
2008.07.16 14:30:18.977,2.08725,2.08755,3.60,1.00
2008.07.16 14:30:19.178,2.08725,2.0876,3.60,1.00
2008.07.16 14:30:19.369,2.08725,2.0876,2.70,1.00
2008.07.16 14:30:19.910,2.08725,2.0876,3.30,1.00
2008.07.16 14:30:20.112,2.08725,2.0876,2.70,1.00
2008.07.16 14:30:20.496,2.0872,2.0875,1.60,1.00
2008.07.16 14:30:21.291,2.08705,2.08745,3.50,1.00
2008.07.16 14:30:21.569,2.08715,2.08755,2.70,2.10
2008.07.16 14:30:21.901,2.0873,2.0876,2.70,1.00
2008.07.16 14:30:22.539,2.0872,2.0876,1.00,1.70
2008.07.16 14:30:23.209,2.08715,2.0876,2.70,1.70
2008.07.16 14:30:23.563,2.08715,2.08755,2.70,1.00
2008.07.16 14:30:24.036,2.0872,2.08755,1.00,1.00
2008.07.16 14:30:24.171,2.08735,2.0876,2.70,2.10
2008.07.16 14:30:24.659,2.0871,2.08765,4.70,1.00
2008.07.16 14:30:24.882,2.0872,2.08765,1.00,1.00
2008.07.16 14:30:25.093,2.0873,2.08765,2.70,1.00
2008.07.16 14:30:25.305,2.0873,2.0876,2.70,1.00
2008.07.16 14:30:25.780,2.0871,2.0876,3.60,1.70
2008.07.16 14:30:25.964,2.0871,2.0876,2.70,1.70
2008.07.16 14:30:26.143,2.0871,2.0876,2.70,2.90
2008.07.16 14:30:26.351,2.08705,2.0875,2.10,1.00
2008.07.16 14:30:26.534,2.08705,2.0875,2.90,1.00
2008.07.16 14:30:26.723,2.0872,2.0875,1.00,1.00
2008.07.16 14:30:27.048,2.08725,2.08775,6.00,1.70
2008.07.16 14:30:27.375,2.08725,2.08765,3.60,1.00
2008.07.16 14:30:27.695,2.08725,2.08765,2.70,1.00
2008.07.16 14:30:28.502,2.08725,2.0876,3.30,1.00
2008.07.16 14:30:32.102,2.08725,2.08755,2.70,1.00
2008.07.16 14:30:32.631,2.08725,2.0876,3.30,2.80
2008.07.16 14:30:32.809,2.08725,2.0876,3.30,1.00
2008.07.16 14:30:34.579,2.08725,2.0876,2.70,1.70
2008.07.16 14:30:35.485,2.08725,2.0876,3.30,1.00
2008.07.16 14:30:38.071,2.08735,2.08765,2.70,1.00
2008.07.16 14:30:38.779,2.0874,2.08765,1.00,1.00
2008.07.16 14:30:39.913,2.0874,2.08775,1.00,1.00
2008.07.16 14:30:40.108,2.08735,2.08775,2.70,1.00
2008.07.16 14:30:41.008,2.08735,2.08765,2.70,1.00
2008.07.16 14:30:43.762,2.08725,2.0876,3.30,1.00
2008.07.16 14:30:44.381,2.08725,2.0876,2.70,1.70
2008.07.16 14:30:44.522,2.0872,2.0875,1.00,1.00
2008.07.16 14:30:46.207,2.08715,2.0875,4.00,1.00
2008.07.16 14:30:46.348,2.08715,2.0875,4.90,1.00
2008.07.16 14:30:47.385,2.08715,2.0875,3.60,1.00
2008.07.16 14:30:47.763,2.08715,2.0875,3.30,1.00
2008.07.16 14:30:48.129,2.08715,2.0875,2.70,1.00
2008.07.16 14:30:48.570,2.08715,2.0875,3.30,1.00
2008.07.16 14:30:49.018,2.08705,2.0874,6.60,1.00
2008.07.16 14:30:53.239,2.08705,2.0874,5.60,1.00
2008.07.16 14:30:53.906,2.08705,2.0874,4.70,1.00
2008.07.16 14:30:59.671,2.08715,2.0874,1.00,1.00
2008.07.16 14:31:01.322,2.0871,2.0874,1.00,1.00
2008.07.16 14:31:01.512,2.08705,2.0874,3.30,1.00
2008.07.16 14:31:01.623,2.08705,2.0874,3.30,1.70
2008.07.16 14:31:04.818,2.0871,2.0874,1.00,1.70
2008.07.16 14:31:05.017,2.08705,2.0874,3.30,1.70
2008.07.16 14:31:06.560,2.0871,2.08735,1.00,1.00
2008.07.16 14:31:06.734,2.08675,2.0872,4.10,1.00
2008.07.16 14:31:07.052,2.08685,2.0872,1.00,1.00
2008.07.16 14:31:09.193,2.08695,2.08705,1.00,1.00
2008.07.16 14:31:09.671,2.0868,2.08705,1.30,1.00
2008.07.16 14:31:09.757,2.0868,2.08705,1.00,1.00
2008.07.16 14:31:10.028,2.08665,2.08705,4.10,1.00
2008.07.16 14:31:11.602,2.0868,2.08715,1.00,3.20
2008.07.16 14:31:11.765,2.0868,2.0871,1.00,1.00
2008.07.16 14:31:11.921,2.0868,2.08715,1.00,2.10
2008.07.16 14:31:12.721,2.0868,2.08715,1.00,1.00
2008.07.16 14:31:14.759,2.0868,2.0872,1.00,1.70
2008.07.16 14:31:15.160,2.08675,2.0872,3.30,1.70
2008.07.16 14:31:15.573,2.0868,2.0872,1.00,1.70
2008.07.16 14:31:16.497,2.08675,2.0872,5.10,1.70
2008.07.16 14:31:16.583,2.0869,2.0872,1.00,1.70
2008.07.16 14:31:17.094,2.0868,2.0872,1.00,1.70
2008.07.16 14:31:17.533,2.0869,2.0872,1.00,1.70
2008.07.16 14:31:17.751,2.08695,2.0872,1.00,2.80
2008.07.16 14:31:18.698,2.08695,2.0872,1.00,1.00
2008.07.16 14:31:19.050,2.0869,2.0872,1.00,1.00
2008.07.16 14:31:19.551,2.0869,2.0872,1.00,1.70
2008.07.16 14:31:21.138,2.0869,2.0872,1.00,1.00
2008.07.16 14:31:21.413,2.0869,2.0871,1.00,1.00
2008.07.16 14:31:21.603,2.08675,2.0871,4.30,1.00
2008.07.16 14:31:21.697,2.08685,2.0871,1.00,1.00
2008.07.16 14:31:23.425,2.08695,2.0871,1.00,1.00
2008.07.16 14:31:23.593,2.0868,2.0871,1.00,1.00
2008.07.16 14:31:25.876,2.0868,2.087,1.00,1.00
2008.07.16 14:31:26.060,2.08665,2.087,4.10,1.00
2008.07.16 14:31:26.561,2.08665,2.087,3.50,1.00
2008.07.16 14:31:26.695,2.08665,2.087,4.80,1.00
2008.07.16 14:31:26.962,2.08675,2.08725,2.70,4.00
2008.07.16 14:31:27.255,2.08685,2.08715,2.70,2.10
2008.07.16 14:31:27.528,2.08685,2.0873,2.70,2.80
2008.07.16 14:31:27.781,2.08685,2.0873,2.70,4.00
2008.07.16 14:31:28.090,2.08675,2.0871,2.70,1.00
2008.07.16 14:31:28.385,2.0868,2.0871,1.00,1.00
2008.07.16 14:31:30.575,2.08685,2.0871,1.00,1.00
2008.07.16 14:31:31.812,2.0866,2.0871,4.50,1.00
2008.07.16 14:31:32.090,2.0866,2.0871,4.50,2.80
2008.07.16 14:31:35.234,2.08665,2.0871,5.90,2.80
2008.07.16 14:31:36.174,2.08675,2.0871,1.30,2.80
2008.07.16 14:31:38.395,2.0867,2.0871,1.40,2.80
2008.07.16 14:31:39.573,2.08675,2.0871,1.00,2.80
2008.07.16 14:31:41.413,2.0867,2.0871,1.40,2.80
2008.07.16 14:31:44.063,2.08675,2.0871,1.00,2.80
2008.07.16 14:31:44.336,2.0867,2.0871,2.10,2.80
2008.07.16 14:31:44.607,2.0867,2.0871,2.90,2.80
2008.07.16 14:31:44.987,2.08675,2.08715,3.30,1.00
2008.07.16 14:31:45.402,2.08675,2.0872,3.30,2.90
2008.07.16 14:31:46.279,2.0868,2.0872,1.30,1.70
2008.07.16 14:31:46.403,2.08675,2.0872,4.00,1.70
2008.07.16 14:31:47.164,2.08675,2.0872,4.00,2.80
2008.07.16 14:31:48.191,2.0868,2.0872,1.30,2.80
2008.07.16 14:31:48.544,2.08675,2.08705,3.30,1.00
2008.07.16 14:31:48.786,2.08675,2.0871,3.30,1.00
2008.07.16 14:31:48.882,2.08675,2.08705,2.70,1.00
2008.07.16 14:31:49.079,2.08675,2.08705,2.70,2.10
2008.07.16 14:31:49.266,2.08675,2.0872,2.70,2.80
2008.07.16 14:31:49.567,2.08675,2.08715,2.70,1.00
2008.07.16 14:31:49.961,2.08675,2.08715,2.70,1.70
2008.07.16 14:31:50.293,2.0868,2.08715,1.00,1.00
2008.07.16 14:31:51.049,2.0869,2.08715,1.00,1.00
2008.07.16 14:31:53.052,2.0869,2.0872,1.00,1.70
2008.07.16 14:31:53.795,2.08675,2.0872,4.00,1.70
2008.07.16 14:31:54.037,2.08675,2.0872,3.30,1.70
2008.07.16 14:31:54.497,2.0868,2.0872,1.00,1.70
2008.07.16 14:31:55.285,2.08675,2.0872,5.10,1.70
2008.07.16 14:31:55.621,2.0869,2.0872,1.00,1.70
2008.07.16 14:31:55.982,2.08695,2.08725,2.70,1.00
2008.07.16 14:31:56.233,2.08695,2.0873,2.70,1.00
2008.07.16 14:31:56.484,2.087,2.0873,1.00,1.00
2008.07.16 14:31:57.240,2.08695,2.0873,3.30,1.00
2008.07.16 14:31:57.523,2.087,2.08735,1.00,1.00
2008.07.16 14:32:00.112,2.08695,2.08735,2.70,1.00
2008.07.16 14:32:00.221,2.08695,2.08735,2.70,2.10
2008.07.16 14:32:01.979,2.08695,2.08735,2.70,1.00
2008.07.16 14:32:02.547,2.087,2.08735,1.00,2.80
2008.07.16 14:32:02.893,2.08695,2.0873,3.30,1.00
2008.07.16 14:32:03.199,2.087,2.0872,1.00,1.00
2008.07.16 14:32:03.816,2.087,2.0873,1.00,1.00
2008.07.16 14:32:04.201,2.087,2.0873,1.00,1.70
2008.07.16 14:32:04.330,2.08705,2.0873,1.00,1.70
2008.07.16 14:32:04.610,2.0868,2.0873,4.00,1.70
2008.07.16 14:32:04.739,2.08685,2.0873,1.00,1.70
2008.07.16 14:32:05.033,2.0868,2.0873,3.30,1.70
2008.07.16 14:32:06.198,2.08685,2.0873,4.00,1.70
2008.07.16 14:32:06.461,2.08685,2.0873,4.00,2.90
2008.07.16 14:32:06.549,2.08685,2.0873,4.00,2.80
2008.07.16 14:32:06.692,2.08685,2.0873,4.90,2.80
2008.07.16 14:32:06.767,2.08685,2.0873,4.90,1.00
2008.07.16 14:32:07.418,2.08685,2.0873,4.00,1.00
2008.07.16 14:32:07.641,2.08685,2.0873,4.90,2.80
2008.07.16 14:32:07.870,2.08685,2.0873,4.90,1.00
2008.07.16 14:32:11.703,2.0869,2.0873,1.30,1.00
2008.07.16 14:32:15.109,2.0869,2.0873,2.20,1.00
2008.07.16 14:32:15.624,2.08695,2.08735,2.70,1.00
2008.07.16 14:32:16.137,2.08695,2.0874,2.70,1.70
2008.07.16 14:32:16.450,2.08695,2.0874,3.30,1.70
2008.07.16 14:32:19.642,2.08695,2.08735,3.30,1.70
2008.07.16 14:32:19.696,2.08695,2.08735,3.30,2.90
2008.07.16 14:32:19.760,2.08695,2.08735,2.70,2.90
2008.07.16 14:32:20.090,2.08685,2.0872,3.50,1.00
2008.07.16 14:32:21.373,2.0869,2.0872,1.00,1.00
2008.07.16 14:32:22.233,2.08695,2.0872,1.00,1.00
2008.07.16 14:32:23.911,2.08685,2.0872,4.10,1.00
2008.07.16 14:32:24.315,2.087,2.0872,1.00,1.00
2008.07.16 14:32:26.878,2.08685,2.0872,4.10,1.00
2008.07.16 14:32:30.082,2.087,2.08735,2.70,2.10
2008.07.16 14:32:30.596,2.08705,2.08735,1.00,1.00
2008.07.16 14:32:31.067,2.0869,2.08735,3.60,1.00
2008.07.16 14:32:31.246,2.08695,2.0873,1.00,1.00
2008.07.16 14:32:31.422,2.08685,2.0873,6.30,1.00
2008.07.16 14:32:31.600,2.08685,2.0873,5.20,1.00
2008.07.16 14:32:31.780,2.08685,2.0873,5.20,2.80
2008.07.16 14:32:33.156,2.08685,2.0873,4.40,2.80
2008.07.16 14:32:35.385,2.0869,2.0873,1.00,2.80
2008.07.16 14:32:39.067,2.0869,2.0873,1.00,1.70
2008.07.16 14:32:39.478,2.08685,2.0873,4.40,1.70
2008.07.16 14:32:40.339,2.08685,2.0873,5.10,1.70
2008.07.16 14:32:40.812,2.08685,2.0873,4.00,1.70
2008.07.16 14:32:46.539,2.08685,2.0873,3.30,1.40
2008.07.16 14:32:46.670,2.08685,2.0873,3.60,1.40
2008.07.16 14:32:46.953,2.08685,2.0873,4.90,1.00
2008.07.16 14:32:48.161,2.08685,2.0873,5.80,1.00
2008.07.16 14:32:48.780,2.08685,2.0873,4.30,1.40
2008.07.16 14:32:48.871,2.08685,2.08725,4.30,1.00
2008.07.16 14:32:48.948,2.08695,2.08725,1.00,1.00
2008.07.16 14:32:49.312,2.0868,2.0871,1.40,1.00
2008.07.16 14:32:49.531,2.0869,2.0871,1.00,1.00
2008.07.16 14:32:50.284,2.0869,2.08695,1.00,1.00
2008.07.16 14:32:50.726,2.08675,2.08695,1.00,1.00
2008.07.16 14:32:50.940,2.0866,2.08695,1.40,1.00
2008.07.16 14:32:51.231,2.08675,2.08695,1.00,1.00
2008.07.16 14:32:51.531,2.0865,2.08685,1.40,1.00
2008.07.16 14:32:51.823,2.08645,2.0869,1.70,1.40
2008.07.16 14:32:52.109,2.08645,2.0869,1.40,2.80
2008.07.16 14:32:52.400,2.08645,2.0869,1.40,3.90
2008.07.16 14:32:52.724,2.08665,2.0869,1.00,2.80
2008.07.16 14:32:53.007,2.08665,2.08685,1.00,1.00
2008.07.16 14:32:53.569,2.08665,2.0869,1.00,1.40
2008.07.16 14:32:53.859,2.0867,2.08685,1.00,1.00
2008.07.16 14:32:54.151,2.08665,2.08685,1.00,1.00
2008.07.16 14:32:54.275,2.0867,2.08685,1.00,1.00
2008.07.16 14:32:54.695,2.0867,2.0869,1.00,1.40
2008.07.16 14:32:54.893,2.0867,2.08685,1.00,1.00
2008.07.16 14:32:55.056,2.08635,2.08685,5.20,1.00
2008.07.16 14:32:55.238,2.08635,2.0867,1.40,1.00
2008.07.16 14:32:55.660,2.08635,2.0868,4.10,1.00
2008.07.16 14:32:56.843,2.08645,2.0868,5.60,1.00
2008.07.16 14:32:57.007,2.0866,2.0868,1.00,1.00
2008.07.16 14:32:59.304,2.08665,2.0868,1.00,1.00
2008.07.16 14:32:59.495,2.08655,2.0868,2.00,1.00
2008.07.16 14:32:59.597,2.08655,2.0868,1.30,1.00
2008.07.16 14:32:59.706,2.08655,2.0868,2.10,1.00
2008.07.16 14:32:59.844,2.08655,2.0868,2.90,1.00
2008.07.16 14:32:59.949,2.08655,2.0868,3.90,1.00
2008.07.16 14:33:00.065,2.08655,2.0869,6.60,1.00
2008.07.16 14:33:00.177,2.08665,2.0869,1.00,1.00
2008.07.16 14:33:00.723,2.08655,2.0869,6.60,1.00
2008.07.16 14:33:01.373,2.08665,2.08705,3.30,1.00
2008.07.16 14:33:01.599,2.0867,2.08705,1.00,1.00
2008.07.16 14:33:02.025,2.08665,2.08705,3.30,1.00
2008.07.16 14:33:02.118,2.08665,2.0869,1.00,1.00
2008.07.16 14:33:02.374,2.08655,2.0869,2.90,1.00
2008.07.16 14:33:02.649,2.08655,2.0869,3.10,1.00
2008.07.16 14:33:02.921,2.08655,2.0869,6.60,1.00
2008.07.16 14:33:03.412,2.0867,2.08705,2.70,1.00
2008.07.16 14:33:03.796,2.0867,2.0871,2.70,2.90
2008.07.16 14:33:04.148,2.0866,2.0871,4.30,1.70
2008.07.16 14:33:04.519,2.08675,2.08705,1.00,1.00
2008.07.16 14:33:04.662,2.08675,2.08705,1.00,2.10
2008.07.16 14:33:04.819,2.08675,2.087,2.70,1.00
2008.07.16 14:33:04.956,2.08675,2.0871,2.70,3.90
2008.07.16 14:33:05.093,2.08685,2.0871,1.00,1.70
2008.07.16 14:33:06.015,2.08685,2.0871,1.00,1.00
2008.07.16 14:33:06.147,2.08675,2.0871,4.70,1.00
2008.07.16 14:33:06.729,2.08675,2.0871,5.60,1.00
2008.07.16 14:33:06.963,2.08675,2.0871,4.10,1.00
2008.07.16 14:33:07.207,2.08675,2.0871,3.50,1.00
2008.07.16 14:33:07.434,2.08675,2.0871,4.10,1.00
2008.07.16 14:33:07.677,2.0868,2.0871,1.30,1.00
2008.07.16 14:33:07.825,2.08685,2.0872,3.30,1.00
2008.07.16 14:33:08.206,2.08695,2.0872,1.00,1.00
2008.07.16 14:33:08.540,2.08695,2.08725,1.00,2.10
2008.07.16 14:33:09.086,2.0869,2.0872,1.00,1.00
2008.07.16 14:33:09.364,2.08675,2.0871,4.10,1.00
2008.07.16 14:33:10.129,2.08685,2.0872,3.30,1.00
2008.07.16 14:33:10.417,2.08685,2.08725,3.30,2.10
2008.07.16 14:33:10.971,2.0869,2.08725,1.00,2.10
2008.07.16 14:33:11.103,2.0869,2.0872,1.00,1.00
2008.07.16 14:33:11.200,2.0869,2.0871,1.00,1.00
2008.07.16 14:33:13.791,2.08675,2.0871,4.10,1.00
2008.07.16 14:33:14.338,2.08685,2.0871,1.00,1.00
2008.07.16 14:33:16.250,2.0869,2.0871,1.00,1.00
2008.07.16 14:33:17.329,2.08695,2.0871,1.00,1.00
2008.07.16 14:33:17.982,2.0869,2.0871,1.00,1.00
2008.07.16 14:33:19.315,2.08675,2.0871,4.70,1.00
2008.07.16 14:33:19.495,2.08685,2.08725,3.30,3.20
2008.07.16 14:33:19.704,2.08685,2.08725,3.30,2.10
2008.07.16 14:33:19.920,2.08685,2.08725,3.30,1.00
2008.07.16 14:33:20.310,2.08695,2.08725,1.00,1.00
2008.07.16 14:33:20.540,2.08685,2.08725,4.70,1.00
2008.07.16 14:33:21.574,2.08695,2.08725,1.00,1.00
2008.07.16 14:33:22.699,2.08695,2.0873,1.00,2.90
2008.07.16 14:33:24.248,2.08695,2.08725,1.00,1.00
2008.07.16 14:33:24.431,2.08695,2.0872,1.00,3.20
2008.07.16 14:33:24.624,2.0869,2.08725,1.00,2.10
2008.07.16 14:33:24.811,2.0869,2.0871,1.00,1.00
2008.07.16 14:33:24.908,2.08685,2.0871,1.30,1.00
2008.07.16 14:33:25.010,2.08685,2.0871,2.40,1.00
2008.07.16 14:33:25.343,2.087,2.0871,1.00,1.00
2008.07.16 14:33:25.471,2.087,2.08735,1.00,3.90
2008.07.16 14:33:25.587,2.087,2.08735,1.00,1.70
2008.07.16 14:33:26.398,2.087,2.08715,1.00,1.00
2008.07.16 14:33:26.569,2.08685,2.08715,2.70,1.00
2008.07.16 14:33:26.668,2.08685,2.08715,1.60,1.00
2008.07.16 14:33:27.079,2.08685,2.08725,3.60,3.20
2008.07.16 14:33:27.253,2.08685,2.0873,3.60,1.00
2008.07.16 14:33:27.351,2.08695,2.0873,1.00,1.00
2008.07.16 14:33:29.249,2.08695,2.0873,1.00,2.90
2008.07.16 14:33:29.722,2.08695,2.08725,1.00,1.00
2008.07.16 14:33:30.426,2.087,2.08725,1.00,1.00
2008.07.16 14:33:31.056,2.087,2.0872,1.00,1.00
2008.07.16 14:33:31.108,2.0869,2.0872,1.00,1.00
2008.07.16 14:33:31.477,2.0869,2.0872,1.00,2.80
2008.07.16 14:33:31.620,2.0869,2.0872,1.00,1.80
2008.07.16 14:33:31.803,2.0868,2.0872,1.00,1.80
2008.07.16 14:33:31.856,2.0868,2.0872,1.00,2.90
2008.07.16 14:33:31.908,2.0868,2.08715,1.00,1.00
2008.07.16 14:33:32.266,2.0868,2.08715,1.00,2.10
2008.07.16 14:33:35.810,2.0868,2.08715,1.00,1.00
2008.07.16 14:33:37.836,2.0868,2.08715,1.00,2.10
2008.07.16 14:33:38.192,2.0868,2.08715,1.00,3.20
2008.07.16 14:33:38.546,2.08685,2.08715,1.00,4.00
2008.07.16 14:33:38.987,2.08685,2.0871,1.00,2.80
2008.07.16 14:33:39.231,2.0866,2.0871,2.70,1.80
2008.07.16 14:33:39.489,2.0866,2.0871,2.70,2.80
2008.07.16 14:33:39.718,2.0866,2.0871,5.60,1.80
2008.07.16 14:33:40.031,2.0866,2.0871,6.60,1.00
2008.07.16 14:33:40.187,2.0866,2.0871,5.80,1.00
2008.07.16 14:33:40.345,2.08665,2.0871,4.70,1.00
2008.07.16 14:33:40.614,2.08665,2.0871,4.70,2.80
2008.07.16 14:33:41.492,2.0868,2.0871,1.00,2.80
2008.07.16 14:33:42.075,2.0867,2.0871,2.90,2.80
2008.07.16 14:33:42.236,2.08675,2.0871,1.30,2.80
2008.07.16 14:33:42.443,2.0868,2.0871,1.00,2.80
2008.07.16 14:33:42.613,2.0868,2.0871,1.00,1.00
2008.07.16 14:33:42.926,2.0867,2.0871,2.90,1.00
2008.07.16 14:33:43.095,2.0867,2.0871,1.40,1.00
2008.07.16 14:33:43.357,2.0868,2.0871,1.00,1.00
2008.07.16 14:33:44.199,2.08675,2.0871,3.60,1.00
2008.07.16 14:33:44.344,2.08675,2.0871,4.40,1.00
2008.07.16 14:33:44.538,2.08675,2.0871,1.70,1.00
2008.07.16 14:33:44.658,2.08675,2.0871,3.10,1.00
2008.07.16 14:33:44.815,2.08675,2.0871,1.70,1.00
2008.07.16 14:33:45.015,2.08675,2.0871,1.40,1.00
2008.07.16 14:33:45.317,2.0868,2.08715,1.00,1.00
2008.07.16 14:33:45.615,2.08675,2.087,1.00,1.00
2008.07.16 14:33:45.915,2.08665,2.087,2.00,1.00
2008.07.16 14:33:46.219,2.08665,2.087,4.70,1.00
2008.07.16 14:33:46.368,2.0868,2.087,1.30,1.00
2008.07.16 14:33:46.648,2.0868,2.087,2.00,1.00
2008.07.16 14:33:46.800,2.0869,2.08725,1.00,1.80
2008.07.16 14:33:47.081,2.08685,2.08725,3.60,2.80
2008.07.16 14:33:47.456,2.08685,2.08725,3.60,1.00
2008.07.16 14:33:47.956,2.0869,2.0872,1.00,1.00
2008.07.16 14:33:48.347,2.08685,2.0872,2.70,1.00
2008.07.16 14:33:49.526,2.08685,2.0872,3.30,1.00
2008.07.16 14:33:50.244,2.08675,2.0871,6.60,1.00
2008.07.16 14:33:50.523,2.08685,2.0871,1.00,1.00
2008.07.16 14:33:50.902,2.0868,2.0871,1.40,1.00
2008.07.16 14:33:51.007,2.0869,2.0871,1.40,1.00
2008.07.16 14:33:51.209,2.0869,2.0871,1.00,1.00
2008.07.16 14:33:51.329,2.08685,2.0871,2.10,1.00
2008.07.16 14:33:51.478,2.08695,2.08725,2.70,1.00
2008.07.16 14:33:51.628,2.087,2.0873,1.00,2.80
2008.07.16 14:33:51.901,2.087,2.0873,1.00,1.00
2008.07.16 14:33:52.043,2.08695,2.0873,3.50,1.00
2008.07.16 14:33:52.646,2.08705,2.0873,2.70,1.00
2008.07.16 14:33:52.976,2.08695,2.0873,3.60,1.00
2008.07.16 14:33:53.304,2.08695,2.08715,3.60,1.00
2008.07.16 14:33:53.635,2.08685,2.08725,3.60,1.70
2008.07.16 14:33:53.900,2.08685,2.08715,1.60,1.40
2008.07.16 14:33:54.193,2.08685,2.0871,1.00,1.00
2008.07.16 14:33:54.576,2.0866,2.0869,1.00,1.00
2008.07.16 14:33:54.789,2.0866,2.0869,1.00,1.70
2008.07.16 14:33:54.964,2.08645,2.08685,5.40,1.00
2008.07.16 14:33:55.148,2.0863,2.08675,4.40,1.00
2008.07.16 14:33:55.484,2.0863,2.08675,3.50,1.00
2008.07.16 14:33:55.718,2.08635,2.0866,1.40,1.00
2008.07.16 14:33:56.391,2.08635,2.0866,1.00,1.00
2008.07.16 14:33:57.240,2.08625,2.0866,5.60,1.00
2008.07.16 14:33:58.711,2.08625,2.0866,2.90,1.00
2008.07.16 14:33:58.933,2.08625,2.0866,2.10,1.00
2008.07.16 14:33:59.151,2.08625,2.0866,2.90,1.00
2008.07.16 14:33:59.900,2.08625,2.0866,5.60,1.00
2008.07.16 14:34:00.442,2.08625,2.0866,4.00,1.00
2008.07.16 14:34:00.986,2.0863,2.0866,1.00,1.00
2008.07.16 14:34:01.395,2.08625,2.0866,3.30,1.00
2008.07.16 14:34:01.500,2.08635,2.08665,2.70,1.00
2008.07.16 14:34:01.610,2.08635,2.0867,2.70,2.90
2008.07.16 14:34:01.815,2.08635,2.0867,2.70,1.70
2008.07.16 14:34:01.914,2.08625,2.0867,3.60,2.50
2008.07.16 14:34:02.008,2.08625,2.0867,2.70,2.50
2008.07.16 14:34:03.351,2.08625,2.0867,3.60,1.70
2008.07.16 14:34:03.649,2.08625,2.0867,3.60,1.00
2008.07.16 14:34:04.105,2.0863,2.0867,1.30,1.00
2008.07.16 14:34:05.070,2.08625,2.0867,4.90,1.00
2008.07.16 14:34:05.269,2.08625,2.0867,4.90,2.80
2008.07.16 14:34:05.338,2.08625,2.0867,4.00,2.80
2008.07.16 14:34:05.578,2.08625,2.0867,3.30,2.80
2008.07.16 14:34:06.088,2.08625,2.0867,3.30,1.70
2008.07.16 14:34:06.270,2.08625,2.0867,2.70,1.70
2008.07.16 14:34:07.553,2.08625,2.0867,3.30,1.70
2008.07.16 14:34:08.389,2.08625,2.0867,3.30,2.80
2008.07.16 14:34:08.581,2.08625,2.0867,4.00,2.80
2008.07.16 14:34:08.970,2.08625,2.0867,5.80,2.80
2008.07.16 14:34:09.178,2.08625,2.0867,4.80,1.00
2008.07.16 14:34:09.784,2.08625,2.0867,4.90,2.80
2008.07.16 14:34:10.017,2.08625,2.0867,4.90,1.00
2008.07.16 14:34:10.251,2.08635,2.0867,2.70,1.00
2008.07.16 14:34:11.446,2.08635,2.0867,3.30,1.00
2008.07.16 14:34:12.146,2.08635,2.08665,3.30,1.00
2008.07.16 14:34:12.530,2.08625,2.0865,2.50,1.00
2008.07.16 14:34:12.746,2.08625,2.0865,3.10,1.00
2008.07.16 14:34:12.961,2.08625,2.08665,5.80,1.00
2008.07.16 14:34:13.190,2.08635,2.0867,1.30,1.00
2008.07.16 14:34:13.628,2.08635,2.0867,1.30,2.80
2008.07.16 14:34:14.079,2.0863,2.0867,1.30,2.80
2008.07.16 14:34:14.554,2.08635,2.0867,1.30,1.00
2008.07.16 14:34:16.476,2.0863,2.0867,2.10,1.00
2008.07.16 14:34:16.936,2.0863,2.0867,3.10,1.00
2008.07.16 14:34:16.976,2.08635,2.0867,1.30,1.00
2008.07.16 14:34:17.166,2.08635,2.08675,4.00,1.00
2008.07.16 14:34:17.775,2.08635,2.0867,1.30,1.00
2008.07.16 14:34:18.697,2.08635,2.0867,1.30,2.80
2008.07.16 14:34:20.041,2.08625,2.08665,3.50,1.00
2008.07.16 14:34:20.269,2.08625,2.08665,3.50,2.10
2008.07.16 14:34:20.666,2.0863,2.0865,1.00,1.00
2008.07.16 14:34:21.216,2.08625,2.08665,4.80,2.10
2008.07.16 14:34:21.562,2.08635,2.0866,1.30,2.10
2008.07.16 14:34:21.656,2.08635,2.0867,1.30,2.80
2008.07.16 14:34:22.085,2.0863,2.0867,1.30,2.80
2008.07.16 14:34:22.705,2.0863,2.08665,1.30,1.00
2008.07.16 14:34:23.104,2.08635,2.0867,1.30,1.00
2008.07.16 14:34:23.455,2.08635,2.0867,2.10,1.00
2008.07.16 14:34:23.805,2.08635,2.0867,2.10,2.80
2008.07.16 14:34:24.155,2.08635,2.08665,1.40,1.00
2008.07.16 14:34:24.340,2.08625,2.08665,4.80,1.00
2008.07.16 14:34:24.636,2.08625,2.08665,3.50,1.00
2008.07.16 14:34:24.918,2.08625,2.0865,3.50,1.00
2008.07.16 14:34:25.067,2.08625,2.0866,2.70,1.00
2008.07.16 14:34:25.434,2.08635,2.08665,2.70,2.10
2008.07.16 14:34:25.664,2.08635,2.0867,2.70,1.00
2008.07.16 14:34:27.725,2.0864,2.08665,1.00,1.00
2008.07.16 14:34:27.950,2.08635,2.08655,3.30,1.00
2008.07.16 14:34:28.174,2.08635,2.08665,2.70,1.00
2008.07.16 14:34:28.430,2.08635,2.08665,3.30,1.00
2008.07.16 14:34:28.694,2.0863,2.08665,1.00,1.00
2008.07.16 14:34:28.966,2.08625,2.08665,5.20,1.00
2008.07.16 14:34:29.237,2.08625,2.08665,3.60,1.00
2008.07.16 14:34:29.418,2.0862,2.08665,1.70,1.00
2008.07.16 14:34:29.612,2.0862,2.08655,1.70,1.00
2008.07.16 14:34:29.806,2.08625,2.08655,1.00,1.00
2008.07.16 14:34:29.987,2.08625,2.08655,1.70,1.00
2008.07.16 14:34:30.324,2.0863,2.0867,1.30,1.00
2008.07.16 14:34:30.587,2.08635,2.0867,2.20,1.00
2008.07.16 14:34:30.844,2.08635,2.0867,4.90,1.00
2008.07.16 14:34:31.343,2.08635,2.0867,4.90,2.80
2008.07.16 14:34:31.594,2.08635,2.08665,2.70,1.00
2008.07.16 14:34:32.085,2.08635,2.08655,2.70,1.00
2008.07.16 14:34:32.218,2.0863,2.0865,1.00,1.00
2008.07.16 14:34:32.754,2.0863,2.08655,1.00,1.00
2008.07.16 14:34:33.296,2.08615,2.0865,3.50,1.00
2008.07.16 14:34:35.562,2.08615,2.0865,4.80,1.00
2008.07.16 14:34:35.742,2.08615,2.0865,5.60,1.00
2008.07.16 14:34:35.988,2.08615,2.0865,4.70,1.00
2008.07.16 14:34:36.110,2.08615,2.0865,4.00,1.00
2008.07.16 14:34:36.678,2.08615,2.08635,2.70,1.00
2008.07.16 14:34:36.794,2.0861,2.0863,4.10,1.00
2008.07.16 14:34:37.010,2.08615,2.0863,1.00,1.00
2008.07.16 14:34:37.373,2.08615,2.08655,2.70,2.80
2008.07.16 14:34:37.736,2.08615,2.08655,2.70,1.00
2008.07.16 14:34:38.460,2.0861,2.0864,3.90,1.00
2008.07.16 14:34:38.713,2.08625,2.08645,3.30,1.00
2008.07.16 14:34:39.375,2.08635,2.08655,1.00,1.00
2008.07.16 14:34:39.941,2.0863,2.08665,1.30,1.00
2008.07.16 14:34:40.142,2.0863,2.0866,1.30,1.00
2008.07.16 14:34:40.349,2.08625,2.0866,3.10,1.00
2008.07.16 14:34:40.723,2.08635,2.0866,1.30,1.00
2008.07.16 14:34:41.775,2.08635,2.08655,1.30,1.00
2008.07.16 14:34:41.958,2.0863,2.08655,1.00,1.00
2008.07.16 14:34:42.152,2.08625,2.08655,3.50,1.00
2008.07.16 14:34:42.683,2.08625,2.08665,2.70,2.10
2008.07.16 14:34:42.952,2.08625,2.08665,4.80,1.00
2008.07.16 14:34:43.780,2.08625,2.08665,3.50,1.00
2008.07.16 14:34:44.098,2.08625,2.08665,4.80,1.00
2008.07.16 14:34:44.729,2.08625,2.08665,5.60,1.00
2008.07.16 14:34:45.802,2.0864,2.08665,1.00,1.00
2008.07.16 14:34:46.996,2.08625,2.08665,5.80,1.00
2008.07.16 14:34:47.741,2.08625,2.08665,4.90,1.00
2008.07.16 14:34:48.275,2.08625,2.08665,2.70,1.00
2008.07.16 14:34:49.678,2.08625,2.08665,4.00,1.00
2008.07.16 14:34:52.414,2.08625,2.08655,4.00,1.00
2008.07.16 14:34:52.469,2.08625,2.08655,2.70,1.00
2008.07.16 14:34:52.737,2.08625,2.08655,3.60,1.00
2008.07.16 14:34:52.868,2.08625,2.08665,3.60,2.10
2008.07.16 14:34:53.199,2.08635,2.08665,1.00,1.00
2008.07.16 14:34:53.467,2.08625,2.08665,2.70,1.00
2008.07.16 14:34:59.267,2.0862,2.0865,1.60,1.00
2008.07.16 14:34:59.443,2.0862,2.0865,1.30,1.00
2008.07.16 14:34:59.763,2.08625,2.08665,2.70,1.00
2008.07.16 14:35:00.740,2.0862,2.0865,1.60,1.00
2008.07.16 14:35:00.922,2.0863,2.0865,1.00,1.00
2008.07.16 14:35:01.066,2.0863,2.0865,2.10,1.00
2008.07.16 14:35:01.406,2.08645,2.08665,2.70,1.00
2008.07.16 14:35:01.936,2.08645,2.08655,2.70,1.00
2008.07.16 14:35:02.183,2.0866,2.0869,1.00,2.80
2008.07.16 14:35:02.602,2.08655,2.0868,2.70,2.10
2008.07.16 14:35:02.974,2.08675,2.0869,3.50,5.40
2008.07.16 14:35:03.337,2.0871,2.0872,2.70,5.40
2008.07.16 14:35:03.570,2.0871,2.0873,2.70,2.10
2008.07.16 14:35:04.077,2.087,2.0873,1.00,2.10
2008.07.16 14:35:04.443,2.08715,2.0872,13.20,4.30
2008.07.16 14:35:04.809,2.08735,2.08745,1.30,7.50
2008.07.16 14:35:05.169,2.08745,2.08775,2.70,20.10
2008.07.16 14:35:05.544,2.0875,2.0878,1.00,14.00
2008.07.16 14:35:05.749,2.0875,2.0878,1.00,4.30
2008.07.16 14:35:05.958,2.0875,2.0879,1.00,2.10
2008.07.16 14:35:06.157,2.08745,2.08795,3.30,2.10
2008.07.16 14:35:06.428,2.08745,2.08795,3.30,2.80
2008.07.16 14:35:06.717,2.0874,2.0877,5.40,1.00
2008.07.16 14:35:07.690,2.0874,2.08765,5.40,1.00
2008.07.16 14:35:08.049,2.08705,2.08755,2.70,2.10
2008.07.16 14:35:09.070,2.08715,2.0874,2.70,1.00
2008.07.16 14:35:09.498,2.0869,2.0874,4.40,1.70
2008.07.16 14:35:09.764,2.0869,2.08745,3.50,1.00
2008.07.16 14:35:09.933,2.08695,2.08745,1.30,1.00
2008.07.16 14:35:10.088,2.08695,2.08745,1.30,1.00
2008.07.16 14:35:10.415,2.0871,2.08745,2.70,1.00
2008.07.16 14:35:10.918,2.0869,2.08745,6.60,2.10
2008.07.16 14:35:11.177,2.0869,2.08735,4.90,1.00
2008.07.16 14:35:11.445,2.0869,2.08735,3.60,2.80
2008.07.16 14:35:11.691,2.0869,2.08735,3.60,2.10
2008.07.16 14:35:11.922,2.087,2.08725,5.40,2.10
2008.07.16 14:35:12.159,2.087,2.08715,5.40,1.00
2008.07.16 14:35:12.397,2.087,2.08705,5.40,1.00
2008.07.16 14:35:12.767,2.0868,2.08695,7.80,1.00
2008.07.16 14:35:13.124,2.0868,2.08695,7.80,2.10
2008.07.16 14:35:13.496,2.08675,2.0868,5.40,1.40
2008.07.16 14:35:13.834,2.08625,2.0868,6.30,1.40
2008.07.16 14:35:14.121,2.08625,2.0868,6.30,3.20
2008.07.16 14:35:14.404,2.08625,2.0868,6.30,1.00
2008.07.16 14:35:14.695,2.0862,2.0868,3.60,1.00
2008.07.16 14:35:15.065,2.08645,2.0868,2.70,1.00
2008.07.16 14:35:15.417,2.0866,2.0868,2.70,1.00
2008.07.16 14:35:15.781,2.0866,2.08685,2.70,1.00
2008.07.16 14:35:15.986,2.0865,2.08685,2.70,1.00
2008.07.16 14:35:16.198,2.0865,2.08685,3.60,1.00
2008.07.16 14:35:16.413,2.0865,2.08685,3.60,3.20
2008.07.16 14:35:16.662,2.08655,2.08685,3.60,1.00
2008.07.16 14:35:16.899,2.08655,2.08685,1.00,1.00
2008.07.16 14:35:17.146,2.0865,2.08685,2.80,1.00
2008.07.16 14:35:17.383,2.08665,2.08685,3.70,1.00
2008.07.16 14:35:17.620,2.0867,2.08685,1.30,1.00
2008.07.16 14:35:17.992,2.08685,2.087,1.30,3.20
2008.07.16 14:35:18.405,2.0868,2.087,3.20,2.10
2008.07.16 14:35:18.804,2.08695,2.087,4.90,3.20
2008.07.16 14:35:19.084,2.08705,2.0871,4.90,6.40
2008.07.16 14:35:19.641,2.0872,2.0873,1.30,18.40
2008.07.16 14:35:19.926,2.0873,2.08735,1.30,5.40
2008.07.16 14:35:20.236,2.0874,2.08755,1.30,2.10
2008.07.16 14:35:20.607,2.08745,2.08755,1.00,2.10
2008.07.16 14:35:20.918,2.08745,2.08765,1.00,5.40
2008.07.16 14:35:21.174,2.0871,2.0876,1.00,1.00
2008.07.16 14:35:21.424,2.08695,2.0875,4.10,1.00
2008.07.16 14:35:21.675,2.087,2.08755,1.30,1.00
2008.07.16 14:35:21.925,2.087,2.0875,4.00,1.00
2008.07.16 14:35:22.195,2.0871,2.08755,1.00,1.00
2008.07.16 14:35:22.466,2.0871,2.08755,1.30,1.00
2008.07.16 14:35:22.736,2.08725,2.08755,1.00,1.00
2008.07.16 14:35:23.093,2.08695,2.0875,3.50,1.00
2008.07.16 14:35:23.450,2.08695,2.0875,3.60,1.00
2008.07.16 14:35:24.094,2.08695,2.0875,3.60,1.40
2008.07.16 14:35:24.404,2.08705,2.08735,1.30,1.00
2008.07.16 14:35:24.715,2.08705,2.08735,1.00,1.00
2008.07.16 14:35:25.024,2.08705,2.08765,3.60,1.00
2008.07.16 14:35:25.349,2.08705,2.0876,3.60,3.90
2008.07.16 14:35:25.630,2.08695,2.0875,1.70,3.90
2008.07.16 14:35:25.908,2.087,2.0875,2.10,3.90
2008.07.16 14:35:26.127,2.08705,2.08745,2.70,1.00
2008.07.16 14:35:26.351,2.08705,2.0875,4.00,7.20
2008.07.16 14:35:26.679,2.08705,2.0874,4.80,1.00
2008.07.16 14:35:26.940,2.08705,2.0874,3.50,1.00
2008.07.16 14:35:28.301,2.0872,2.0874,1.30,1.00
2008.07.16 14:35:28.664,2.0872,2.08755,1.30,2.10
2008.07.16 14:35:29.079,2.0872,2.0876,1.30,6.00
2008.07.16 14:35:29.381,2.0872,2.0876,1.30,1.70
2008.07.16 14:35:30.280,2.0872,2.0876,1.30,6.00
2008.07.16 14:35:30.602,2.0873,2.0876,1.00,1.40
2008.07.16 14:35:30.919,2.08725,2.0876,2.70,1.70
2008.07.16 14:35:31.087,2.0872,2.08745,1.00,1.00
2008.07.16 14:35:31.247,2.08735,2.08745,1.00,1.00
2008.07.16 14:35:31.424,2.087,2.08725,1.30,1.00
2008.07.16 14:35:31.603,2.08695,2.08725,1.00,1.00
2008.07.16 14:35:32.146,2.08695,2.08745,3.50,3.90
2008.07.16 14:35:32.398,2.08695,2.08745,3.50,1.00
2008.07.16 14:35:32.900,2.08705,2.08735,1.00,1.00
2008.07.16 14:35:33.229,2.08705,2.0873,1.40,1.00
2008.07.16 14:35:33.567,2.08715,2.08755,1.30,1.80
2008.07.16 14:35:33.899,2.08715,2.08755,2.20,3.90
2008.07.16 14:35:34.238,2.0873,2.08755,1.30,3.90
2008.07.16 14:35:34.572,2.08745,2.0876,1.30,6.00
2008.07.16 14:35:34.870,2.08745,2.0876,1.00,1.00
2008.07.16 14:35:35.184,2.08745,2.08775,1.00,1.00
2008.07.16 14:35:35.514,2.0874,2.0878,1.00,1.70
2008.07.16 14:35:35.841,2.08745,2.0878,2.20,1.00
2008.07.16 14:35:36.184,2.08745,2.0878,1.00,1.00
2008.07.16 14:35:36.396,2.08735,2.0878,5.80,1.00
2008.07.16 14:35:37.096,2.08735,2.0878,4.90,1.00
2008.07.16 14:35:37.246,2.08735,2.0878,3.60,1.00
2008.07.16 14:35:37.414,2.08735,2.08765,2.20,1.00
2008.07.16 14:35:37.705,2.0874,2.08765,1.00,1.00
2008.07.16 14:35:37.834,2.0874,2.08765,1.70,1.00
2008.07.16 14:35:37.968,2.0875,2.08775,1.30,1.00
2008.07.16 14:35:38.524,2.08745,2.0878,3.30,1.80
2008.07.16 14:35:38.878,2.0876,2.0878,2.70,1.00
2008.07.16 14:35:39.238,2.0876,2.0879,2.70,4.30
2008.07.16 14:35:39.553,2.0876,2.08795,2.70,1.00
2008.07.16 14:35:39.865,2.0876,2.088,2.70,1.70
2008.07.16 14:35:40.178,2.0875,2.08785,1.00,1.00
2008.07.16 14:35:40.539,2.08755,2.08795,2.70,1.00
2008.07.16 14:35:41.236,2.08745,2.0879,3.60,2.50
2008.07.16 14:35:41.634,2.08745,2.0879,2.70,5.90
2008.07.16 14:35:41.882,2.08745,2.0879,2.70,3.70
2008.07.16 14:35:42.225,2.08755,2.0879,1.30,1.80
2008.07.16 14:35:42.540,2.08775,2.0879,2.70,1.00
2008.07.16 14:35:43.210,2.08765,2.08815,2.70,8.30
2008.07.16 14:35:43.554,2.08775,2.08815,2.70,2.90
2008.07.16 14:35:43.879,2.08775,2.0881,2.70,1.00
2008.07.16 14:35:44.123,2.08765,2.08795,1.00,1.00
2008.07.16 14:35:44.347,2.0876,2.0879,9.30,1.00
2008.07.16 14:35:44.707,2.0876,2.0879,6.00,1.00
2008.07.16 14:35:45.064,2.08735,2.08775,1.60,1.00
2008.07.16 14:35:45.414,2.08735,2.08775,2.20,1.00
2008.07.16 14:35:46.062,2.08735,2.08755,1.00,1.00
2008.07.16 14:35:46.334,2.08735,2.08755,1.00,1.00
2008.07.16 14:35:46.564,2.0873,2.08755,9.30,1.00
2008.07.16 14:35:46.771,2.0873,2.08755,6.00,1.00
2008.07.16 14:35:47.872,2.0872,2.0874,1.60,1.00
2008.07.16 14:35:48.013,2.08725,2.0873,1.00,1.00
2008.07.16 14:35:48.525,2.08725,2.0874,1.00,1.00
2008.07.16 14:35:48.656,2.0873,2.0874,1.00,1.00
2008.07.16 14:35:48.800,2.08735,2.0874,1.00,1.00
2008.07.16 14:35:49.655,2.08735,2.08765,1.00,4.30
2008.07.16 14:35:50.018,2.08735,2.08765,1.00,2.10
2008.07.16 14:35:50.295,2.0873,2.0876,1.00,1.00
2008.07.16 14:35:50.614,2.08695,2.0874,1.70,1.00
2008.07.16 14:35:50.924,2.08705,2.0874,1.60,1.00
2008.07.16 14:35:51.194,2.0869,2.0872,4.80,1.00
2008.07.16 14:35:51.524,2.0869,2.0871,9.50,1.00
2008.07.16 14:35:51.855,2.08695,2.087,7.50,1.00
2008.07.16 14:35:52.182,2.087,2.0873,7.50,1.10
2008.07.16 14:35:52.718,2.08705,2.08735,1.00,1.00
2008.07.16 14:35:53.528,2.08705,2.0873,1.00,2.80
2008.07.16 14:35:53.950,2.0869,2.0871,1.00,1.00
2008.07.16 14:35:54.301,2.0869,2.08735,2.50,1.00
2008.07.16 14:35:54.668,2.08685,2.08735,1.40,2.80
2008.07.16 14:35:54.978,2.08685,2.08735,3.50,1.40
2008.07.16 14:35:55.315,2.08685,2.0871,1.00,1.00
2008.07.16 14:35:55.653,2.0869,2.0871,2.50,1.00
2008.07.16 14:35:55.995,2.087,2.0874,1.60,1.00
2008.07.16 14:35:56.193,2.087,2.0874,1.40,1.00
2008.07.16 14:35:56.401,2.08705,2.0874,1.00,1.00
2008.07.16 14:35:56.778,2.08705,2.0876,2.20,6.00
2008.07.16 14:35:56.982,2.08705,2.08765,4.40,1.70
2008.07.16 14:35:57.214,2.08715,2.0876,1.00,2.70
2008.07.16 14:35:57.535,2.08715,2.08755,1.30,1.00
2008.07.16 14:35:57.880,2.0873,2.0876,1.00,2.80
2008.07.16 14:35:58.190,2.08735,2.0875,1.00,1.00
2008.07.16 14:35:58.552,2.0871,2.0875,3.60,1.00
2008.07.16 14:35:58.902,2.08715,2.0876,3.20,1.00
2008.07.16 14:35:59.257,2.0872,2.08745,1.00,1.00
2008.07.16 14:35:59.570,2.0871,2.08745,5.50,1.00
2008.07.16 14:35:59.889,2.08725,2.08755,2.70,1.00
2008.07.16 14:36:00.212,2.0872,2.08745,3.20,1.00
2008.07.16 14:36:00.551,2.0871,2.0874,4.00,1.00
2008.07.16 14:36:00.872,2.08715,2.08765,1.30,3.20
2008.07.16 14:36:01.191,2.0872,2.08765,3.20,1.00
2008.07.16 14:36:01.658,2.08715,2.08765,2.10,1.00
2008.07.16 14:36:01.881,2.08725,2.0876,1.30,1.00
2008.07.16 14:36:02.106,2.08725,2.0876,4.80,1.00
2008.07.16 14:36:02.315,2.0874,2.0876,1.30,1.00
2008.07.16 14:36:02.532,2.0874,2.0876,1.30,2.10
2008.07.16 14:36:02.752,2.0874,2.0876,1.30,8.60
2008.07.16 14:36:02.963,2.0875,2.0876,3.70,2.10
2008.07.16 14:36:03.170,2.0875,2.0876,2.70,2.10
2008.07.16 14:36:03.519,2.08745,2.0875,8.10,7.50
2008.07.16 14:36:03.870,2.08755,2.08775,3.50,3.20
2008.07.16 14:36:04.242,2.08755,2.08795,3.50,5.40
2008.07.16 14:36:04.601,2.08755,2.0881,3.50,1.80
2008.07.16 14:36:05.306,2.08755,2.0879,2.70,1.00
2008.07.16 14:36:05.517,2.0875,2.0879,1.70,1.00
2008.07.16 14:36:05.734,2.0875,2.0879,1.00,1.00
2008.07.16 14:36:05.920,2.0875,2.08795,1.00,2.80
2008.07.16 14:36:06.120,2.0875,2.08795,1.00,1.70
2008.07.16 14:36:06.556,2.08755,2.08795,1.00,1.70
2008.07.16 14:36:06.816,2.08765,2.08795,3.50,1.00
2008.07.16 14:36:07.079,2.08765,2.088,4.00,1.00
2008.07.16 14:36:07.329,2.08765,2.088,3.50,1.00
2008.07.16 14:36:08.044,2.0878,2.0881,2.20,2.80
2008.07.16 14:36:08.406,2.0878,2.0882,3.10,1.00
2008.07.16 14:36:08.768,2.08785,2.08835,2.10,2.10
2008.07.16 14:36:09.127,2.08785,2.08825,1.00,1.00
2008.07.16 14:36:09.307,2.08785,2.08825,1.00,2.10
2008.07.16 14:36:09.667,2.08785,2.08825,1.70,1.00
2008.07.16 14:36:10.030,2.0879,2.0882,1.30,1.00
2008.07.16 14:36:10.461,2.08785,2.0883,2.10,4.00
2008.07.16 14:36:10.711,2.088,2.0883,1.00,2.80
2008.07.16 14:36:10.959,2.08795,2.08835,1.00,1.00
2008.07.16 14:36:11.161,2.08785,2.08825,3.60,1.00
2008.07.16 14:36:11.382,2.08785,2.08815,3.60,1.00
2008.07.16 14:36:11.725,2.08785,2.08815,1.00,1.00
2008.07.16 14:36:11.974,2.0878,2.08815,1.00,1.00
2008.07.16 14:36:12.228,2.0877,2.08815,6.30,1.00
2008.07.16 14:36:12.489,2.0877,2.08815,1.60,1.00
2008.07.16 14:36:13.102,2.08775,2.0882,1.30,1.80
2008.07.16 14:36:13.448,2.0879,2.08825,2.70,2.10
2008.07.16 14:36:13.801,2.08795,2.08835,1.70,1.70
2008.07.16 14:36:14.109,2.0879,2.08835,1.60,1.00
2008.07.16 14:36:14.378,2.08785,2.0884,4.90,1.70
2008.07.16 14:36:14.641,2.088,2.08825,5.40,2.10
2008.07.16 14:36:14.998,2.08785,2.0881,1.00,1.00
2008.07.16 14:36:15.351,2.0878,2.0882,1.60,1.00
2008.07.16 14:36:15.700,2.0878,2.08835,1.60,1.00
2008.07.16 14:36:16.002,2.08775,2.08825,5.80,1.00
2008.07.16 14:36:16.304,2.08775,2.0882,4.40,1.00
2008.07.16 14:36:16.642,2.08775,2.0882,3.50,1.00
2008.07.16 14:36:16.811,2.08775,2.08815,3.50,1.00
2008.07.16 14:36:17.003,2.08775,2.0881,2.70,1.00
2008.07.16 14:36:17.222,2.08775,2.0881,2.70,2.80
2008.07.16 14:36:17.389,2.0879,2.0881,6.00,2.80
2008.07.16 14:36:17.577,2.0879,2.08815,6.00,1.00
2008.07.16 14:36:17.940,2.08795,2.08815,1.00,1.00
2008.07.16 14:36:18.299,2.0877,2.0882,1.40,2.80
2008.07.16 14:36:18.660,2.0879,2.0883,4.50,1.80
2008.07.16 14:36:18.947,2.08805,2.0883,2.70,1.00
2008.07.16 14:36:19.229,2.08805,2.0884,2.70,1.00
2008.07.16 14:36:19.527,2.08805,2.08845,2.70,1.00
2008.07.16 14:36:19.825,2.08815,2.08845,2.70,1.00
2008.07.16 14:36:20.495,2.08805,2.0884,4.00,2.80
2008.07.16 14:36:20.837,2.08805,2.0884,4.80,2.80
2008.07.16 14:36:21.021,2.08815,2.0885,2.70,3.20
2008.07.16 14:36:21.200,2.08815,2.0885,2.70,1.00
2008.07.16 14:36:21.407,2.0882,2.0885,1.00,5.40
2008.07.16 14:36:21.586,2.08825,2.0885,1.30,3.20
2008.07.16 14:36:21.761,2.08825,2.0885,1.30,1.00
2008.07.16 14:36:22.123,2.08845,2.0885,2.70,1.00
2008.07.16 14:36:22.540,2.08845,2.08875,2.70,2.10
2008.07.16 14:36:22.942,2.08845,2.08895,3.30,7.50
2008.07.16 14:36:23.315,2.08855,2.089,2.70,1.00
2008.07.16 14:36:23.659,2.0886,2.08885,1.30,1.00
2008.07.16 14:36:23.998,2.08875,2.08915,2.70,2.10
2008.07.16 14:36:24.308,2.08875,2.08905,2.70,1.00
2008.07.16 14:36:24.907,2.08875,2.089,2.70,1.00
2008.07.16 14:36:25.200,2.0886,2.08895,1.60,1.70
2008.07.16 14:36:25.491,2.0886,2.08885,7.40,1.70
2008.07.16 14:36:25.807,2.0886,2.08885,5.40,2.90
2008.07.16 14:36:26.007,2.0886,2.08885,8.60,2.90
2008.07.16 14:36:26.207,2.08845,2.0887,2.70,1.00
2008.07.16 14:36:26.406,2.0883,2.08855,8.50,1.00
2008.07.16 14:36:26.705,2.0883,2.08855,1.60,1.00
2008.07.16 14:36:26.914,2.0883,2.08855,1.00,1.00
2008.07.16 14:36:27.505,2.08835,2.0886,2.70,2.10
2008.07.16 14:36:27.799,2.08835,2.0887,3.30,4.00
2008.07.16 14:36:28.441,2.08825,2.0887,4.10,4.00
2008.07.16 14:36:28.827,2.0883,2.0887,1.00,2.80
2008.07.16 14:36:29.183,2.0883,2.0887,1.00,3.90
2008.07.16 14:36:29.534,2.0883,2.0887,1.30,1.00
2008.07.16 14:36:29.884,2.08825,2.08855,1.60,1.00
2008.07.16 14:36:30.234,2.0882,2.08855,1.00,1.00
2008.07.16 14:36:30.561,2.08815,2.08835,1.70,1.00
2008.07.16 14:36:30.857,2.08815,2.08835,1.00,1.00
2008.07.16 14:36:31.322,2.0881,2.08835,1.40,1.00
2008.07.16 14:36:31.526,2.08815,2.08855,1.30,1.80
2008.07.16 14:36:31.813,2.08825,2.08855,1.30,2.80
2008.07.16 14:36:32.056,2.08825,2.08865,4.00,1.00
2008.07.16 14:36:32.341,2.08825,2.08875,5.80,2.80
2008.07.16 14:36:32.633,2.08835,2.0886,2.70,2.10
2008.07.16 14:36:32.924,2.08835,2.08845,1.00,1.00
2008.07.16 14:36:33.214,2.08835,2.08855,1.00,1.00
2008.07.16 14:36:33.568,2.08825,2.08855,2.10,1.00
2008.07.16 14:36:33.920,2.08835,2.08875,2.70,2.80
2008.07.16 14:36:34.274,2.08835,2.08875,2.70,8.20
2008.07.16 14:36:34.655,2.08835,2.08875,2.70,6.00
2008.07.16 14:36:35.014,2.0884,2.0887,3.20,1.00
2008.07.16 14:36:35.157,2.08855,2.08885,2.70,2.90
2008.07.16 14:36:35.300,2.08855,2.0887,2.70,3.20
2008.07.16 14:36:35.579,2.08855,2.08885,2.70,1.00
2008.07.16 14:36:35.965,2.0884,2.0887,4.80,1.00
2008.07.16 14:36:36.108,2.0885,2.0887,3.20,1.00
2008.07.16 14:36:36.409,2.08855,2.0887,1.30,1.00
2008.07.16 14:36:36.745,2.08855,2.0887,1.00,1.00
2008.07.16 14:36:37.044,2.08855,2.08895,1.30,1.00
2008.07.16 14:36:37.275,2.08855,2.089,1.30,1.00
2008.07.16 14:36:37.506,2.08855,2.08905,1.30,3.90
2008.07.16 14:36:37.729,2.08855,2.08895,4.00,2.80
2008.07.16 14:36:38.051,2.08855,2.0889,4.00,1.00
2008.07.16 14:36:38.408,2.08855,2.0889,4.90,1.00
2008.07.16 14:36:38.764,2.08855,2.0889,4.00,2.90
2008.07.16 14:36:39.127,2.0887,2.0889,1.00,1.80
2008.07.16 14:36:39.703,2.08855,2.0889,4.90,2.80
2008.07.16 14:36:40.008,2.08855,2.0889,4.90,1.00
2008.07.16 14:36:40.302,2.0886,2.0889,3.90,1.00
2008.07.16 14:36:40.629,2.0886,2.0889,3.20,1.00
2008.07.16 14:36:41.253,2.0886,2.0888,3.20,1.00
2008.07.16 14:36:41.540,2.0886,2.0888,1.00,1.00
2008.07.16 14:36:41.876,2.0885,2.0888,2.00,1.00
2008.07.16 14:36:42.202,2.0886,2.0889,1.00,2.80
2008.07.16 14:36:42.392,2.0886,2.0889,3.90,1.00
2008.07.16 14:36:43.758,2.08855,2.0889,3.60,1.00
2008.07.16 14:36:44.250,2.0887,2.0889,1.00,1.00
2008.07.16 14:36:44.514,2.08875,2.0889,1.30,1.00
2008.07.16 14:36:44.904,2.08875,2.08915,1.30,1.00
2008.07.16 14:36:45.239,2.08875,2.08925,2.20,6.00
2008.07.16 14:36:45.569,2.08875,2.08925,2.20,1.00
2008.07.16 14:36:45.775,2.08875,2.08925,3.10,1.00
2008.07.16 14:36:45.979,2.08885,2.0893,2.70,2.10
2008.07.16 14:36:46.187,2.0889,2.0893,1.30,2.10
2008.07.16 14:36:46.403,2.08895,2.0893,1.60,1.00
2008.07.16 14:36:46.625,2.0889,2.0893,2.20,1.00
2008.07.16 14:36:46.851,2.0889,2.08935,2.20,1.00
2008.07.16 14:36:47.505,2.0889,2.0893,2.20,1.00
2008.07.16 14:36:47.862,2.08895,2.0893,1.00,1.00
2008.07.16 14:36:48.219,2.08885,2.0893,4.30,1.00
2008.07.16 14:36:48.633,2.08885,2.08925,5.80,1.00
2008.07.16 14:36:48.935,2.08885,2.0893,4.00,1.00
2008.07.16 14:36:49.213,2.089,2.0893,3.30,1.00
2008.07.16 14:36:49.455,2.0891,2.08935,2.70,1.00
2008.07.16 14:36:49.689,2.0891,2.08935,2.70,2.10
2008.07.16 14:36:50.462,2.089,2.08935,1.70,1.80
2008.07.16 14:36:50.891,2.08895,2.0893,2.70,1.00
2008.07.16 14:36:51.263,2.08895,2.0893,3.30,1.00
2008.07.16 14:36:51.556,2.08895,2.08925,1.00,1.00
2008.07.16 14:36:51.749,2.0888,2.08925,4.50,1.00
2008.07.16 14:36:51.999,2.08895,2.08925,1.00,1.00
2008.07.16 14:36:52.276,2.0888,2.08925,3.10,1.00
2008.07.16 14:36:52.676,2.0889,2.08915,3.20,1.80
2008.07.16 14:36:53.007,2.08875,2.08915,2.70,1.80
2008.07.16 14:36:53.268,2.08875,2.08905,3.30,1.00
2008.07.16 14:36:53.558,2.0886,2.08905,1.60,1.70
2008.07.16 14:36:53.849,2.08855,2.08895,2.70,1.80
2008.07.16 14:36:54.241,2.08855,2.08895,2.70,1.00
2008.07.16 14:36:54.599,2.0887,2.08895,1.00,1.00
2008.07.16 14:36:54.959,2.0887,2.0889,1.00,2.10
2008.07.16 14:36:55.236,2.0887,2.08915,1.00,1.70
2008.07.16 14:36:55.521,2.08855,2.08915,2.20,1.70
2008.07.16 14:36:55.799,2.08875,2.08915,1.00,2.80
2008.07.16 14:36:56.145,2.0888,2.0892,1.30,1.00
2008.07.16 14:36:56.348,2.0887,2.08915,7.20,1.00
2008.07.16 14:36:56.579,2.0889,2.08915,1.00,1.00
2008.07.16 14:36:56.783,2.0887,2.0891,6.00,2.80
2008.07.16 14:36:57.080,2.0888,2.0891,4.90,1.00
2008.07.16 14:36:57.367,2.0888,2.0892,1.30,1.70
2008.07.16 14:36:57.651,2.0888,2.08915,6.30,1.00
2008.07.16 14:36:57.926,2.0888,2.08915,1.60,1.00
2008.07.16 14:36:58.277,2.0888,2.0891,1.60,1.00
2008.07.16 14:36:58.642,2.0888,2.0891,1.00,1.00
2008.07.16 14:36:59.000,2.08875,2.0891,1.00,1.00
2008.07.16 14:36:59.287,2.0887,2.0891,3.10,1.00
2008.07.16 14:36:59.565,2.08875,2.0891,1.00,1.00
2008.07.16 14:36:59.836,2.08875,2.0891,1.70,1.00
2008.07.16 14:37:00.106,2.08875,2.0891,3.10,1.00
2008.07.16 14:37:00.457,2.0888,2.0891,1.40,1.00
2008.07.16 14:37:00.808,2.0889,2.08935,1.30,1.80
2008.07.16 14:37:01.761,2.08885,2.08935,2.70,1.80
2008.07.16 14:37:02.082,2.089,2.0893,3.70,1.00
2008.07.16 14:37:02.294,2.089,2.0894,2.70,5.10
2008.07.16 14:37:02.509,2.089,2.08935,3.30,1.00
2008.07.16 14:37:02.969,2.08905,2.08935,1.30,1.00
2008.07.16 14:37:03.626,2.0891,2.08935,1.30,2.10
2008.07.16 14:37:03.955,2.08905,2.08935,2.70,2.10
2008.07.16 14:37:04.286,2.08905,2.0893,2.70,1.00
2008.07.16 14:37:04.858,2.089,2.0893,1.30,1.70
2008.07.16 14:37:05.470,2.08905,2.08935,3.60,1.00
2008.07.16 14:37:05.798,2.0891,2.08935,3.20,1.00
2008.07.16 14:37:06.141,2.08905,2.0894,1.00,1.70
2008.07.16 14:37:06.455,2.08905,2.0894,1.00,3.60
2008.07.16 14:37:06.758,2.08895,2.08935,3.60,1.00
2008.07.16 14:37:07.068,2.089,2.0894,1.30,2.90
2008.07.16 14:37:07.303,2.089,2.0894,1.30,1.80
2008.07.16 14:37:07.483,2.089,2.0894,2.20,2.80
2008.07.16 14:37:07.855,2.089,2.0894,3.10,1.00
2008.07.16 14:37:08.529,2.089,2.0894,1.70,1.70
2008.07.16 14:37:08.856,2.089,2.08935,1.00,1.00
2008.07.16 14:37:09.219,2.08895,2.0893,1.00,1.00
2008.07.16 14:37:09.763,2.08905,2.08935,2.70,1.00
2008.07.16 14:37:10.303,2.08905,2.0894,2.70,4.30
2008.07.16 14:37:10.684,2.0889,2.0893,2.10,1.00
2008.07.16 14:37:11.008,2.0889,2.08925,2.10,1.00
2008.07.16 14:37:11.360,2.08885,2.0893,3.50,2.80
2008.07.16 14:37:11.548,2.08885,2.0893,3.30,2.80
2008.07.16 14:37:12.065,2.08885,2.0893,3.30,1.70
2008.07.16 14:37:12.247,2.0888,2.08915,1.70,1.00
2008.07.16 14:37:12.816,2.0888,2.08915,1.60,1.00
2008.07.16 14:37:13.105,2.0888,2.08915,1.00,1.00
2008.07.16 14:37:13.720,2.08875,2.0891,1.70,1.00
2008.07.16 14:37:14.109,2.0887,2.0891,2.50,1.00
2008.07.16 14:37:14.460,2.08885,2.08925,2.70,2.90
2008.07.16 14:37:14.803,2.08885,2.08915,2.70,1.00
2008.07.16 14:37:15.143,2.08875,2.0891,2.70,1.00
2008.07.16 14:37:15.485,2.08875,2.0891,2.70,1.00
2008.07.16 14:37:15.745,2.08885,2.0892,1.00,5.90
2008.07.16 14:37:15.979,2.08875,2.0892,2.70,2.90
2008.07.16 14:37:16.214,2.08865,2.0891,4.40,1.00
2008.07.16 14:37:16.538,2.08865,2.0891,5.20,1.00
2008.07.16 14:37:16.729,2.08865,2.0891,4.10,1.00
2008.07.16 14:37:16.924,2.08865,2.0891,5.60,1.00
2008.07.16 14:37:17.139,2.0888,2.0891,1.00,2.80
2008.07.16 14:37:17.329,2.0888,2.0891,1.00,1.40
2008.07.16 14:37:17.608,2.08865,2.0891,1.00,1.40
2008.07.16 14:37:17.863,2.08865,2.08905,1.00,1.00
2008.07.16 14:37:18.342,2.08875,2.08905,1.00,1.00
2008.07.16 14:37:18.684,2.08865,2.0891,4.00,5.10
2008.07.16 14:37:19.023,2.0888,2.0891,1.00,1.70
2008.07.16 14:37:19.365,2.08875,2.08915,3.60,1.00
2008.07.16 14:37:19.725,2.0887,2.089,1.00,1.00
2008.07.16 14:37:20.083,2.0886,2.089,2.10,1.00
2008.07.16 14:37:20.472,2.0886,2.089,6.40,1.00
2008.07.16 14:37:20.677,2.08855,2.089,1.80,1.00
2008.07.16 14:37:20.870,2.0887,2.0889,1.00,1.00
2008.07.16 14:37:21.115,2.0887,2.0888,1.00,1.00
2008.07.16 14:37:21.657,2.08845,2.0888,6.20,1.00
2008.07.16 14:37:22.092,2.08865,2.0888,1.00,1.00
2008.07.16 14:37:22.522,2.0887,2.08895,1.00,1.00
2008.07.16 14:37:22.838,2.0887,2.089,1.00,2.80
2008.07.16 14:37:23.154,2.0886,2.089,2.10,2.80
2008.07.16 14:37:23.442,2.0886,2.089,4.00,2.80
2008.07.16 14:37:23.731,2.08875,2.0891,1.00,3.20
2008.07.16 14:37:23.982,2.0887,2.0891,3.60,1.00
2008.07.16 14:37:24.277,2.0887,2.089,1.60,1.00
2008.07.16 14:37:24.511,2.0887,2.089,1.00,1.00
2008.07.16 14:37:24.861,2.0886,2.089,9.50,1.00
2008.07.16 14:37:25.208,2.0886,2.089,10.60,1.00
2008.07.16 14:37:25.573,2.08875,2.089,1.00,1.00
2008.07.16 14:37:26.846,2.08875,2.089,1.00,1.00
2008.07.16 14:37:27.102,2.0889,2.089,1.30,1.00
2008.07.16 14:37:27.483,2.0889,2.08925,4.00,3.20
2008.07.16 14:37:27.802,2.089,2.08925,1.00,2.10
2008.07.16 14:37:28.159,2.0892,2.08925,1.00,2.10
2008.07.16 14:37:28.441,2.08905,2.0894,1.00,1.00
2008.07.16 14:37:28.893,2.08895,2.08935,4.30,1.00
2008.07.16 14:37:29.114,2.0891,2.0894,1.00,1.00
2008.07.16 14:37:29.334,2.08905,2.0894,1.00,1.00
2008.07.16 14:37:30.060,2.0891,2.0894,1.00,1.40
2008.07.16 14:37:30.432,2.0892,2.0894,1.00,1.70
2008.07.16 14:37:30.799,2.0892,2.0894,1.00,1.00
2008.07.16 14:37:31.103,2.08915,2.0894,2.70,1.00
2008.07.16 14:37:31.389,2.08905,2.0894,1.00,1.00
2008.07.16 14:37:31.680,2.089,2.0894,6.30,1.00
2008.07.16 14:37:31.919,2.08915,2.08945,1.00,1.00
2008.07.16 14:37:32.207,2.08885,2.08945,4.90,1.00
2008.07.16 14:37:32.487,2.08895,2.0895,2.70,2.10
2008.07.16 14:37:32.794,2.08915,2.0895,2.70,1.00
2008.07.16 14:37:33.161,2.08915,2.08955,2.70,1.00
2008.07.16 14:37:33.501,2.0892,2.0895,1.00,1.70
2008.07.16 14:37:33.840,2.08925,2.08945,2.70,1.00
2008.07.16 14:37:35.155,2.089,2.08945,3.60,1.00
2008.07.16 14:37:35.449,2.0892,2.0895,2.70,1.00
2008.07.16 14:37:35.788,2.0892,2.08945,2.70,1.00
2008.07.16 14:37:36.163,2.08925,2.08945,1.00,1.00
2008.07.16 14:37:36.526,2.08925,2.0894,3.60,2.10
2008.07.16 14:37:36.731,2.0894,2.0898,2.20,6.00
2008.07.16 14:37:37.093,2.08955,2.0899,1.00,1.00
2008.07.16 14:37:37.459,2.08965,2.09,1.00,3.90
2008.07.16 14:37:37.977,2.0895,2.0899,2.20,1.70
2008.07.16 14:37:38.297,2.08955,2.0899,2.70,1.00
2008.07.16 14:37:38.614,2.0896,2.0899,1.00,1.00
2008.07.16 14:37:39.058,2.0896,2.08995,4.10,1.00
2008.07.16 14:37:39.379,2.08955,2.08995,4.40,1.00
2008.07.16 14:37:39.694,2.0897,2.0899,1.00,1.80
2008.07.16 14:37:40.075,2.0896,2.0899,1.00,1.80
2008.07.16 14:37:40.348,2.08965,2.0899,3.30,1.00
2008.07.16 14:37:40.628,2.08965,2.09015,3.30,1.70
2008.07.16 14:37:41.364,2.0897,2.09015,1.00,1.70
2008.07.16 14:37:41.571,2.0896,2.09015,8.10,1.70
2008.07.16 14:37:41.788,2.08965,2.09005,3.30,1.00
2008.07.16 14:37:42.214,2.08965,2.0899,1.00,1.00
2008.07.16 14:37:42.454,2.0896,2.0899,1.00,1.00
2008.07.16 14:37:42.686,2.0895,2.0899,7.10,1.00
2008.07.16 14:37:43.147,2.08965,2.09005,3.30,1.00
2008.07.16 14:37:43.839,2.08965,2.09005,3.70,1.00
2008.07.16 14:37:44.483,2.08975,2.0901,1.00,4.00
2008.07.16 14:37:44.778,2.0898,2.0901,1.00,1.00
2008.07.16 14:37:45.353,2.08975,2.08995,3.30,1.00
2008.07.16 14:37:45.671,2.0895,2.09,3.60,1.70
2008.07.16 14:37:45.974,2.0895,2.0899,1.00,1.00
2008.07.16 14:37:46.288,2.0895,2.0899,1.00,1.70
2008.07.16 14:37:46.500,2.08945,2.0899,1.00,1.80
2008.07.16 14:37:46.707,2.0896,2.0899,1.00,1.80
2008.07.16 14:37:46.947,2.08955,2.0899,1.00,1.80
2008.07.16 14:37:47.739,2.08955,2.0899,1.00,2.90
2008.07.16 14:37:47.942,2.08955,2.08985,1.00,1.00
2008.07.16 14:37:48.143,2.08955,2.08985,1.00,1.00
2008.07.16 14:37:48.351,2.08955,2.0899,1.00,1.80
2008.07.16 14:37:48.646,2.08955,2.0899,1.00,2.80
2008.07.16 14:37:48.977,2.08945,2.0899,3.50,2.80
2008.07.16 14:37:49.344,2.0895,2.08985,1.00,1.00
2008.07.16 14:37:49.691,2.08945,2.0898,1.00,1.00
2008.07.16 14:37:50.923,2.0895,2.0898,1.00,1.00
2008.07.16 14:37:51.271,2.08945,2.0898,2.10,1.00
2008.07.16 14:37:51.564,2.0896,2.0898,1.00,1.00
2008.07.16 14:37:52.240,2.0896,2.0898,1.30,1.00
2008.07.16 14:37:52.416,2.08975,2.0898,1.00,1.00
2008.07.16 14:37:52.635,2.08965,2.09005,3.10,1.00
2008.07.16 14:37:52.852,2.08965,2.09005,3.90,1.00
2008.07.16 14:37:53.075,2.0897,2.09005,1.70,1.00
2008.07.16 14:37:53.862,2.08985,2.09025,1.30,1.80
2008.07.16 14:37:54.225,2.09,2.09025,1.00,2.80
2008.07.16 14:37:54.622,2.0899,2.09025,3.20,1.00
2008.07.16 14:37:54.972,2.08975,2.0902,4.40,1.00
2008.07.16 14:37:55.323,2.08975,2.0902,4.90,1.70
2008.07.16 14:37:56.204,2.0898,2.0902,1.30,1.70
2008.07.16 14:37:56.546,2.08995,2.0903,2.70,2.10
2008.07.16 14:37:56.873,2.0899,2.0902,1.00,1.70
2008.07.16 14:37:57.612,2.0899,2.0902,1.00,1.00
2008.07.16 14:37:57.963,2.08975,2.0902,3.50,3.90
2008.07.16 14:37:58.314,2.08975,2.0902,3.50,1.80
2008.07.16 14:37:58.677,2.08975,2.0902,2.70,4.00
2008.07.16 14:37:59.024,2.08975,2.0902,3.70,4.00
2008.07.16 14:37:59.195,2.08985,2.0903,3.30,7.10
2008.07.16 14:37:59.363,2.0899,2.09025,1.00,2.10
2008.07.16 14:37:59.529,2.0899,2.09015,1.00,1.00
2008.07.16 14:37:59.720,2.08985,2.09015,3.30,1.00
2008.07.16 14:38:00.077,2.08985,2.09035,3.30,6.30
2008.07.16 14:38:00.436,2.08995,2.0902,2.70,1.00
2008.07.16 14:38:02.073,2.09,2.0902,1.00,1.00
2008.07.16 14:38:02.325,2.08965,2.09015,4.10,1.00
2008.07.16 14:38:02.611,2.0897,2.0902,2.10,1.00
2008.07.16 14:38:02.826,2.08985,2.0901,2.70,1.00
2008.07.16 14:38:03.812,2.08995,2.0902,2.70,1.00
2008.07.16 14:38:04.085,2.08995,2.0902,3.50,1.00
2008.07.16 14:38:04.363,2.0901,2.0902,2.70,1.00
2008.07.16 14:38:04.653,2.0899,2.09045,3.60,6.00
2008.07.16 14:38:04.930,2.08995,2.09045,3.20,1.80
2008.07.16 14:38:05.255,2.0899,2.09045,2.70,2.90
2008.07.16 14:38:05.840,2.09,2.0904,1.00,2.90
2008.07.16 14:38:06.243,2.09,2.09035,1.00,1.00
2008.07.16 14:38:06.642,2.09,2.0904,1.00,5.10
2008.07.16 14:38:06.888,2.09,2.0904,1.00,2.90
2008.07.16 14:38:07.280,2.09,2.09035,1.00,1.00
2008.07.16 14:38:07.608,2.09005,2.09035,2.70,1.00
2008.07.16 14:38:08.180,2.09005,2.0904,2.70,1.00
2008.07.16 14:38:08.448,2.0902,2.0904,2.70,1.00
2008.07.16 14:38:08.741,2.0902,2.09045,2.70,1.00
2008.07.16 14:38:09.000,2.09,2.0904,3.60,1.00
2008.07.16 14:38:09.296,2.0901,2.0904,2.70,2.10
2008.07.16 14:38:09.595,2.0902,2.0905,1.00,1.00
2008.07.16 14:38:09.881,2.0902,2.0905,3.50,3.20
2008.07.16 14:38:10.207,2.0903,2.0905,1.00,1.00
2008.07.16 14:38:10.561,2.0905,2.0906,1.00,2.10
2008.07.16 14:38:10.920,2.09035,2.0906,1.00,2.10
2008.07.16 14:38:11.785,2.0904,2.0906,1.00,2.10
2008.07.16 14:38:11.984,2.0904,2.0906,1.00,2.80
2008.07.16 14:38:12.234,2.0904,2.0906,1.00,1.00
2008.07.16 14:38:12.504,2.0903,2.0906,1.00,1.00
2008.07.16 14:38:12.765,2.0903,2.09065,3.20,2.10
2008.07.16 14:38:13.029,2.09025,2.09065,1.00,1.00
2008.07.16 14:38:13.393,2.0902,2.09065,1.60,1.00
2008.07.16 14:38:13.845,2.0902,2.0907,1.60,1.00
2008.07.16 14:38:14.225,2.0902,2.0906,1.60,1.20
2008.07.16 14:38:14.622,2.0901,2.0906,2.50,3.30
2008.07.16 14:38:14.958,2.09015,2.09055,2.70,1.00
2008.07.16 14:38:15.371,2.09015,2.0905,3.70,1.20
2008.07.16 14:38:15.729,2.09015,2.0905,3.50,1.20
2008.07.16 14:38:16.048,2.09025,2.0905,2.70,1.20
2008.07.16 14:38:16.251,2.0901,2.0905,1.60,2.20
2008.07.16 14:38:16.932,2.09015,2.0904,2.70,1.00
2008.07.16 14:38:17.130,2.09015,2.0905,2.70,1.00
2008.07.16 14:38:17.344,2.0903,2.0904,1.00,2.10
2008.07.16 14:38:17.585,2.09015,2.0904,2.70,2.10
2008.07.16 14:38:17.790,2.09005,2.09035,2.70,1.00
2008.07.16 14:38:18.001,2.09005,2.0904,2.70,1.00
2008.07.16 14:38:18.514,2.09005,2.0904,3.60,1.00
2008.07.16 14:38:18.910,2.0901,2.0903,5.40,1.00
2008.07.16 14:38:19.275,2.09005,2.0902,1.00,1.00
2008.07.16 14:38:19.586,2.09005,2.09045,1.00,1.70
2008.07.16 14:38:19.898,2.09,2.0903,1.00,1.00
2008.07.16 14:38:20.206,2.08985,2.0903,3.50,1.00
2008.07.16 14:38:20.605,2.08985,2.0904,5.40,5.10
2008.07.16 14:38:20.992,2.08985,2.09035,4.40,1.00
2008.07.16 14:38:21.497,2.0899,2.0902,1.00,1.00
2008.07.16 14:38:22.228,2.08985,2.0902,1.00,1.00
2008.07.16 14:38:22.467,2.08995,2.09035,2.70,1.00
2008.07.16 14:38:22.697,2.08995,2.0903,2.70,1.00
2008.07.16 14:38:22.925,2.0898,2.0902,4.00,1.00
2008.07.16 14:38:23.157,2.08975,2.0902,3.50,2.80
2008.07.16 14:38:23.504,2.08975,2.0902,1.70,1.00
2008.07.16 14:38:23.816,2.0898,2.0902,1.00,1.00
2008.07.16 14:38:24.127,2.0898,2.09005,1.60,1.00
2008.07.16 14:38:24.501,2.08995,2.09045,2.70,6.00
2008.07.16 14:38:24.810,2.08995,2.09035,2.70,1.00
2008.07.16 14:38:25.129,2.0896,2.0901,6.20,1.00
2008.07.16 14:38:25.418,2.08965,2.09035,3.30,6.00
2008.07.16 14:38:25.748,2.0897,2.0903,1.00,2.80
2008.07.16 14:38:26.076,2.08975,2.0903,1.00,1.70
2008.07.16 14:38:26.399,2.08975,2.0902,4.30,2.80
2008.07.16 14:38:26.733,2.08985,2.0902,1.60,1.00
2008.07.16 14:38:27.071,2.0899,2.0902,1.00,1.00
2008.07.16 14:38:27.390,2.09,2.0904,1.00,7.10
2008.07.16 14:38:27.616,2.0899,2.0904,4.00,5.10
2008.07.16 14:38:28.054,2.09,2.0904,3.20,1.70
2008.07.16 14:38:28.325,2.09005,2.0904,2.70,1.00
2008.07.16 14:38:28.654,2.0899,2.0904,1.60,2.90
2008.07.16 14:38:28.986,2.0899,2.0904,1.70,1.80
2008.07.16 14:38:29.315,2.08995,2.0904,1.60,2.80
2008.07.16 14:38:29.627,2.08995,2.0904,2.50,1.00
2008.07.16 14:38:29.938,2.09005,2.0905,3.30,2.10
2008.07.16 14:38:30.241,2.09005,2.0905,3.30,1.00
2008.07.16 14:38:30.635,2.09005,2.0905,3.30,2.10
2008.07.16 14:38:30.819,2.09005,2.0905,2.70,2.10
2008.07.16 14:38:30.996,2.09005,2.09045,2.70,1.00
2008.07.16 14:38:31.166,2.09005,2.09045,3.30,1.00
2008.07.16 14:38:32.298,2.09005,2.0904,3.30,1.20
2008.07.16 14:38:32.582,2.08995,2.0904,1.60,4.90
2008.07.16 14:38:32.865,2.09005,2.09025,2.70,1.00
2008.07.16 14:38:33.423,2.0899,2.09025,9.40,1.00
2008.07.16 14:38:33.716,2.08985,2.09025,4.10,1.00
2008.07.16 14:38:34.002,2.08995,2.09025,1.00,1.00
2008.07.16 14:38:34.700,2.08995,2.0902,1.00,1.00
2008.07.16 14:38:35.013,2.08995,2.09015,1.00,1.20
2008.07.16 14:38:35.324,2.0896,2.0901,1.00,1.20
2008.07.16 14:38:35.645,2.0895,2.09,1.70,1.70
2008.07.16 14:38:35.964,2.08955,2.09,1.40,2.80
2008.07.16 14:38:36.284,2.08955,2.09,1.00,1.00
2008.07.16 14:38:36.604,2.08975,2.09015,3.30,1.00
2008.07.16 14:38:37.445,2.08975,2.0902,3.30,5.10
2008.07.16 14:38:37.572,2.0898,2.0902,1.00,2.90
2008.07.16 14:38:37.749,2.0898,2.0902,1.60,1.80
2008.07.16 14:38:37.883,2.08995,2.0902,2.70,1.00
2008.07.16 14:38:38.572,2.08995,2.0902,2.70,2.10
2008.07.16 14:38:38.957,2.0901,2.09035,2.70,1.00
2008.07.16 14:38:39.345,2.0901,2.0904,2.70,1.00
2008.07.16 14:38:39.704,2.09,2.0904,2.70,1.00
2008.07.16 14:38:40.403,2.09005,2.09045,2.70,1.00
2008.07.16 14:38:40.764,2.09005,2.09045,3.50,2.10
2008.07.16 14:38:40.951,2.09005,2.0904,1.00,2.80
2008.07.16 14:38:41.134,2.0901,2.0904,1.00,2.80
2008.07.16 14:38:41.335,2.09005,2.0904,1.00,2.80
2008.07.16 14:38:41.758,2.0901,2.0904,1.00,2.80
2008.07.16 14:38:42.001,2.0901,2.0904,5.40,2.80
2008.07.16 14:38:42.219,2.08985,2.09025,6.30,1.00
2008.07.16 14:38:42.716,2.08985,2.09025,4.10,1.00
2008.07.16 14:38:42.912,2.0899,2.09025,1.00,1.00
2008.07.16 14:38:43.324,2.0899,2.0902,6.30,1.00
2008.07.16 14:38:43.536,2.0898,2.09005,6.30,1.00
2008.07.16 14:38:43.902,2.0899,2.09005,5.40,1.00
2008.07.16 14:38:44.255,2.0898,2.09015,7.40,1.70
2008.07.16 14:38:44.616,2.0899,2.0901,1.00,1.70
2008.07.16 14:38:44.921,2.0899,2.0901,1.00,2.80
2008.07.16 14:38:45.225,2.08965,2.0901,1.00,1.00
2008.07.16 14:38:45.527,2.08965,2.0901,1.70,1.00
2008.07.16 14:38:45.840,2.08975,2.0901,1.00,1.00
2008.07.16 14:38:46.446,2.0897,2.0901,1.70,1.00
2008.07.16 14:38:46.744,2.0897,2.0901,5.20,1.00
2008.07.16 14:38:46.922,2.0897,2.0901,1.80,1.00
2008.07.16 14:38:47.148,2.0897,2.0901,3.50,1.00
2008.07.16 14:38:47.283,2.08985,2.09025,3.30,1.00
2008.07.16 14:38:47.469,2.08995,2.09025,1.00,1.00
2008.07.16 14:38:47.656,2.08995,2.0903,1.40,2.80
2008.07.16 14:38:48.197,2.09005,2.09035,3.30,1.00
2008.07.16 14:38:48.463,2.0901,2.0903,1.00,2.10
2008.07.16 14:38:48.763,2.0901,2.09055,1.70,2.80
2008.07.16 14:38:49.800,2.09015,2.0905,1.60,1.00
2008.07.16 14:38:50.449,2.09015,2.0905,1.00,1.70
2008.07.16 14:38:50.730,2.0901,2.0905,1.40,1.80
2008.07.16 14:38:51.011,2.09025,2.0905,1.00,1.80
2008.07.16 14:38:51.192,2.09025,2.0905,1.00,1.00
2008.07.16 14:38:51.372,2.09025,2.0905,1.60,1.00
2008.07.16 14:38:51.558,2.0904,2.09075,1.00,3.90
2008.07.16 14:38:51.898,2.09025,2.09075,1.80,1.00
2008.07.16 14:38:52.249,2.0904,2.09075,1.00,1.00
2008.07.16 14:38:52.596,2.09035,2.0907,1.00,1.00
2008.07.16 14:38:52.990,2.09045,2.09095,2.70,2.90
2008.07.16 14:38:54.039,2.09045,2.09085,2.70,1.00
2008.07.16 14:38:55.001,2.09045,2.09095,2.70,7.20
2008.07.16 14:38:55.257,2.09045,2.0909,2.70,1.70
2008.07.16 14:38:55.563,2.09045,2.0909,2.70,2.90
2008.07.16 14:38:56.056,2.09045,2.0909,2.70,1.70
2008.07.16 14:38:57.195,2.09045,2.0909,2.70,2.90
2008.07.16 14:38:57.620,2.09045,2.0908,2.70,1.00
2008.07.16 14:38:58.155,2.09045,2.09085,2.70,1.00
2008.07.16 14:38:58.517,2.0906,2.0909,1.00,1.00
2008.07.16 14:38:58.872,2.09055,2.0909,1.60,1.00
2008.07.16 14:38:59.234,2.09045,2.0909,3.60,1.00
2008.07.16 14:38:59.425,2.09045,2.0909,3.60,1.70
2008.07.16 14:39:00.121,2.09045,2.0909,3.30,2.90
2008.07.16 14:39:00.432,2.09045,2.0908,3.30,1.00
2008.07.16 14:39:00.742,2.0903,2.0907,1.60,1.00
2008.07.16 14:39:01.048,2.0902,2.0907,7.40,1.70
2008.07.16 14:39:01.350,2.09025,2.0907,3.30,1.80
2008.07.16 14:39:02.185,2.09025,2.0907,3.60,2.80
2008.07.16 14:39:02.401,2.09025,2.0907,3.60,1.00
2008.07.16 14:39:02.605,2.09025,2.0907,3.70,1.00
2008.07.16 14:39:02.815,2.09025,2.0907,3.70,2.80
2008.07.16 14:39:03.560,2.0903,2.0907,1.00,2.80
2008.07.16 14:39:03.969,2.0903,2.0907,1.00,3.90
2008.07.16 14:39:04.893,2.09035,2.0907,1.00,3.90
2008.07.16 14:39:05.149,2.09045,2.0908,3.50,1.00
2008.07.16 14:39:05.404,2.09045,2.09085,2.70,2.10
2008.07.16 14:39:05.772,2.09045,2.09085,2.70,1.00
2008.07.16 14:39:06.656,2.09045,2.09085,3.30,1.00
2008.07.16 14:39:06.974,2.09045,2.0909,3.30,2.90
2008.07.16 14:39:07.149,2.09045,2.0909,2.70,2.90
2008.07.16 14:39:07.705,2.09045,2.0909,2.70,4.10
2008.07.16 14:39:07.857,2.09035,2.0908,4.70,1.00
2008.07.16 14:39:08.037,2.09035,2.0908,3.70,1.00
2008.07.16 14:39:08.186,2.09035,2.0908,3.70,2.80
2008.07.16 14:39:08.346,2.0905,2.09085,2.70,1.00
2008.07.16 14:39:09.070,2.0905,2.091,2.70,1.70
2008.07.16 14:39:09.372,2.09045,2.09085,1.00,1.00
2008.07.16 14:39:09.668,2.0904,2.09085,2.90,1.00
2008.07.16 14:39:09.987,2.09055,2.09095,1.80,2.80
2008.07.16 14:39:10.306,2.09055,2.09095,1.00,1.00
2008.07.16 14:39:10.618,2.0907,2.09105,1.80,1.00
2008.07.16 14:39:10.848,2.0907,2.0911,1.80,9.30
2008.07.16 14:39:11.115,2.09085,2.0911,2.70,2.10
2008.07.16 14:39:11.338,2.09085,2.09125,2.70,2.10
2008.07.16 14:39:11.579,2.09075,2.0912,3.60,6.00
2008.07.16 14:39:11.826,2.09095,2.0912,1.00,2.80
2008.07.16 14:39:12.078,2.0907,2.0912,5.20,2.80
2008.07.16 14:39:12.345,2.09075,2.0913,4.50,2.80
2008.07.16 14:39:12.927,2.091,2.0914,2.70,4.30
2008.07.16 14:39:13.229,2.09095,2.0913,1.00,2.80
2008.07.16 14:39:13.615,2.09085,2.0913,4.10,1.00
2008.07.16 14:39:13.984,2.0909,2.0913,4.10,1.70
2008.07.16 14:39:14.313,2.09095,2.0913,1.60,2.80
2008.07.16 14:39:14.646,2.09105,2.09145,3.60,1.00
2008.07.16 14:39:14.935,2.09105,2.0913,1.00,1.00
2008.07.16 14:39:15.696,2.09095,2.0913,1.80,1.00
2008.07.16 14:39:15.915,2.09105,2.09145,2.70,1.00
2008.07.16 14:39:16.126,2.09105,2.09145,3.60,1.00
2008.07.16 14:39:16.334,2.09105,2.09145,2.70,1.00
2008.07.16 14:39:16.597,2.091,2.0913,3.20,1.00
2008.07.16 14:39:17.066,2.09105,2.09145,2.70,1.00
2008.07.16 14:39:18.208,2.09105,2.0915,2.70,4.10
2008.07.16 14:39:18.430,2.091,2.09135,1.00,1.00
2008.07.16 14:39:18.598,2.09095,2.09135,1.80,1.00
2008.07.16 14:39:19.056,2.09095,2.09135,1.00,1.70
2008.07.16 14:39:19.506,2.09105,2.0913,2.70,1.00
2008.07.16 14:39:19.876,2.0909,2.0913,4.30,1.00
2008.07.16 14:39:20.137,2.09105,2.09125,2.70,1.00
2008.07.16 14:39:20.395,2.09105,2.0914,2.70,1.00
2008.07.16 14:39:20.653,2.09115,2.0914,2.70,1.00
2008.07.16 14:39:20.914,2.09115,2.09145,2.70,1.00
2008.07.16 14:39:21.155,2.09115,2.0915,2.70,1.00
2008.07.16 14:39:21.621,2.09115,2.09145,2.70,1.00
2008.07.16 14:39:21.852,2.09105,2.0914,1.00,1.00
2008.07.16 14:39:22.104,2.09105,2.09135,1.00,1.00
2008.07.16 14:39:22.842,2.09115,2.09135,2.70,1.00
2008.07.16 14:39:23.178,2.09105,2.09135,5.90,2.10
2008.07.16 14:39:23.514,2.0911,2.09135,3.20,1.00
2008.07.16 14:39:24.166,2.09095,2.0914,6.80,1.80
2008.07.16 14:39:24.450,2.091,2.09135,9.50,1.00
2008.07.16 14:39:24.727,2.0909,2.09135,8.20,3.30
2008.07.16 14:39:25.005,2.09095,2.0913,2.70,1.00
2008.07.16 14:39:25.294,2.09085,2.0913,3.30,1.80
2008.07.16 14:39:25.611,2.09085,2.0913,3.50,1.80
2008.07.16 14:39:25.899,2.0909,2.0913,3.20,1.80
2008.07.16 14:39:26.073,2.09085,2.0913,2.70,2.90
2008.07.16 14:39:26.251,2.0909,2.0913,1.00,2.90
2008.07.16 14:39:26.427,2.09085,2.0913,4.50,2.90
2008.07.16 14:39:26.611,2.09085,2.0913,4.50,1.00
2008.07.16 14:39:26.787,2.09095,2.09125,1.00,1.00
2008.07.16 14:39:26.962,2.09085,2.0913,4.50,2.00
2008.07.16 14:39:27.226,2.09085,2.09125,5.60,1.00
2008.07.16 14:39:27.489,2.09095,2.09125,2.70,1.00
2008.07.16 14:39:27.755,2.091,2.0914,1.00,4.00
2008.07.16 14:39:28.011,2.09095,2.0914,4.50,4.10
2008.07.16 14:39:28.309,2.09095,2.0914,3.50,6.30
2008.07.16 14:39:28.611,2.09095,2.0914,2.70,6.30
2008.07.16 14:39:29.161,2.091,2.09125,1.00,1.00
2008.07.16 14:39:29.463,2.091,2.0914,2.00,4.00
2008.07.16 14:39:29.733,2.09115,2.09145,2.70,1.00
2008.07.16 14:39:31.085,2.09115,2.0915,2.70,1.00
2008.07.16 14:39:31.251,2.09115,2.0915,2.70,2.10
2008.07.16 14:39:31.756,2.09115,2.0915,2.70,1.00
2008.07.16 14:39:32.439,2.0912,2.0915,1.00,1.00
2008.07.16 14:39:32.628,2.09115,2.0915,4.50,1.00
2008.07.16 14:39:32.816,2.09125,2.0916,1.00,1.00
2008.07.16 14:39:33.672,2.09125,2.0916,1.60,1.00
2008.07.16 14:39:34.011,2.09125,2.0916,2.00,1.00
2008.07.16 14:39:34.220,2.0914,2.09185,1.00,3.10
2008.07.16 14:39:34.385,2.0914,2.09185,1.00,2.00
2008.07.16 14:39:34.537,2.09145,2.09185,1.60,2.90
2008.07.16 14:39:34.698,2.0915,2.09185,2.70,2.10
2008.07.16 14:39:34.866,2.0915,2.09205,3.60,8.30
2008.07.16 14:39:35.053,2.0915,2.09205,3.60,7.20
2008.07.16 14:39:35.415,2.09155,2.09205,3.60,1.80
2008.07.16 14:39:35.872,2.0916,2.092,1.00,2.00
2008.07.16 14:39:36.276,2.09175,2.09205,1.00,1.00
2008.07.16 14:39:36.430,2.09165,2.09205,3.30,1.00
2008.07.16 14:39:36.836,2.09165,2.092,1.00,1.00
2008.07.16 14:39:36.990,2.0915,2.092,1.60,1.80
2008.07.16 14:39:37.140,2.0916,2.092,1.00,1.80
2008.07.16 14:39:37.340,2.09155,2.092,4.30,2.90
2008.07.16 14:39:37.548,2.09155,2.092,3.60,2.90
2008.07.16 14:39:37.753,2.09155,2.09195,3.60,1.00
2008.07.16 14:39:37.960,2.09165,2.092,1.00,2.00
2008.07.16 14:39:38.162,2.09165,2.092,1.00,2.00
2008.07.16 14:39:38.520,2.09175,2.092,2.70,1.00
2008.07.16 14:39:38.860,2.09175,2.092,3.70,1.00
2008.07.16 14:39:39.200,2.09175,2.092,2.70,1.00
2008.07.16 14:39:39.410,2.09175,2.092,3.60,2.10
2008.07.16 14:39:39.648,2.09175,2.09225,3.70,1.80
2008.07.16 14:39:40.217,2.0918,2.09225,1.00,1.80
2008.07.16 14:39:41.189,2.09195,2.0922,2.70,1.00
2008.07.16 14:39:42.283,2.09195,2.0922,2.70,2.10
2008.07.16 14:39:42.655,2.09195,2.09235,2.70,1.00
2008.07.16 14:39:42.850,2.09195,2.0924,2.70,3.10
2008.07.16 14:39:43.059,2.09195,2.0924,2.70,2.00
2008.07.16 14:39:43.262,2.09195,2.0924,2.70,2.90
2008.07.16 14:39:43.630,2.09195,2.0924,3.60,2.90
2008.07.16 14:39:43.994,2.09195,2.0924,3.60,1.80
2008.07.16 14:39:44.936,2.09195,2.0924,3.60,5.10
2008.07.16 14:39:45.154,2.09195,2.0924,3.60,1.80
2008.07.16 14:39:45.397,2.0919,2.09225,2.00,1.00
2008.07.16 14:39:45.751,2.0919,2.09225,1.60,1.00
2008.07.16 14:39:46.156,2.09185,2.0924,1.00,1.00
2008.07.16 14:39:46.493,2.09185,2.09235,2.00,1.00
2008.07.16 14:39:46.730,2.09185,2.09235,2.70,1.00
2008.07.16 14:39:46.977,2.09195,2.09235,1.00,1.00
2008.07.16 14:39:47.191,2.09185,2.09235,2.00,1.00
2008.07.16 14:39:47.399,2.09185,2.0923,2.00,1.20
2008.07.16 14:39:47.696,2.09185,2.0922,1.00,1.00
2008.07.16 14:39:47.979,2.0918,2.0922,1.80,2.00
2008.07.16 14:39:48.271,2.0919,2.0922,1.00,2.00
2008.07.16 14:39:48.588,2.09185,2.0922,1.80,1.00
2008.07.16 14:39:48.915,2.09185,2.0922,1.00,1.00
2008.07.16 14:39:49.436,2.09195,2.09245,3.30,4.00
2008.07.16 14:39:49.653,2.09195,2.09245,2.70,3.10
2008.07.16 14:39:49.883,2.09195,2.09245,2.70,2.00
2008.07.16 14:39:50.105,2.092,2.09245,1.00,2.00
2008.07.16 14:39:50.322,2.09195,2.09245,2.70,2.00
2008.07.16 14:39:51.007,2.09195,2.0923,2.70,1.20
2008.07.16 14:39:51.337,2.09185,2.0922,2.00,1.00
2008.07.16 14:39:51.682,2.09195,2.09245,2.70,3.10
2008.07.16 14:39:51.846,2.09195,2.09235,2.70,2.20
2008.07.16 14:39:52.148,2.0917,2.09225,3.70,1.80
2008.07.16 14:39:52.468,2.0917,2.09225,3.70,2.90
2008.07.16 14:39:52.679,2.0917,2.0922,4.70,2.90
2008.07.16 14:39:52.888,2.0917,2.0922,4.70,1.80
2008.07.16 14:39:53.096,2.0917,2.0922,4.50,1.80
2008.07.16 14:39:53.305,2.0919,2.0923,2.70,1.00
2008.07.16 14:39:53.548,2.0919,2.0924,2.70,5.20
2008.07.16 14:39:53.857,2.092,2.09225,1.00,1.00
2008.07.16 14:39:54.165,2.0921,2.09255,2.70,1.00
2008.07.16 14:39:55.426,2.09215,2.0924,2.70,1.00
2008.07.16 14:39:55.790,2.09205,2.0924,2.70,1.00
2008.07.16 14:39:56.848,2.09205,2.0924,2.70,2.20
2008.07.16 14:39:57.027,2.09195,2.0924,2.70,2.00
2008.07.16 14:39:57.235,2.09195,2.0924,2.70,2.90
2008.07.16 14:39:59.393,2.09195,2.0924,2.70,3.10
2008.07.16 14:39:59.714,2.09195,2.09235,2.70,1.20
2008.07.16 14:40:00.034,2.09195,2.09235,3.30,1.20
2008.07.16 14:40:00.652,2.09195,2.09235,2.70,1.20
2008.07.16 14:40:00.901,2.09195,2.09235,2.70,1.00
2008.07.16 14:40:01.347,2.09195,2.09235,2.70,2.20
2008.07.16 14:40:01.930,2.09195,2.0922,2.70,1.20
2008.07.16 14:40:02.116,2.0917,2.0922,3.70,2.20
2008.07.16 14:40:02.323,2.0917,2.09215,1.00,1.00
2008.07.16 14:40:02.572,2.09175,2.09215,1.00,2.90
2008.07.16 14:40:02.756,2.0917,2.09215,1.00,2.90
2008.07.16 14:40:02.969,2.0917,2.0921,1.00,2.00
2008.07.16 14:40:03.178,2.09175,2.0921,1.00,1.00
2008.07.16 14:40:03.386,2.09175,2.0922,1.00,2.00
2008.07.16 14:40:03.598,2.0919,2.0922,3.20,2.00
2008.07.16 14:40:03.957,2.0919,2.0922,3.20,1.00
2008.07.16 14:40:04.312,2.09185,2.0923,4.50,2.90
2008.07.16 14:40:04.662,2.09195,2.0923,1.00,1.00
2008.07.16 14:40:05.022,2.09185,2.0923,4.70,1.00
2008.07.16 14:40:05.575,2.09185,2.09225,3.70,1.00
2008.07.16 14:40:05.855,2.0919,2.09225,2.10,1.00
2008.07.16 14:40:07.030,2.09185,2.09225,5.50,1.00
2008.07.16 14:40:07.221,2.09185,2.09225,3.30,1.00
2008.07.16 14:40:07.609,2.09185,2.0922,3.30,1.00
2008.07.16 14:40:08.253,2.0919,2.0922,1.00,1.00
2008.07.16 14:40:08.536,2.09205,2.0922,2.70,2.10
2008.07.16 14:40:08.785,2.09205,2.0922,2.70,2.00
2008.07.16 14:40:09.128,2.09205,2.0926,2.70,4.50
2008.07.16 14:40:09.476,2.0921,2.0924,1.00,2.20
2008.07.16 14:40:09.843,2.09195,2.0924,1.00,2.20
2008.07.16 14:40:10.207,2.09185,2.0923,3.70,2.20
2008.07.16 14:40:10.546,2.09185,2.0923,4.70,1.00
2008.07.16 14:40:11.068,2.09185,2.0922,2.00,1.00
2008.07.16 14:40:11.749,2.09185,2.0922,1.70,1.00
2008.07.16 14:40:11.981,2.09185,2.0922,1.00,1.00
2008.07.16 14:40:12.340,2.09185,2.0922,2.00,1.00
2008.07.16 14:40:12.698,2.092,2.0922,1.00,1.00
2008.07.16 14:40:13.059,2.0919,2.0922,1.00,2.20
2008.07.16 14:40:13.352,2.0919,2.09215,1.00,1.20
2008.07.16 14:40:13.683,2.0919,2.092,1.00,1.00
2008.07.16 14:40:14.453,2.09155,2.092,1.00,1.00
2008.07.16 14:40:15.960,2.09165,2.092,1.70,1.00
2008.07.16 14:40:16.136,2.09165,2.092,1.00,1.00
2008.07.16 14:40:16.479,2.09175,2.092,1.00,1.00
2008.07.16 14:40:17.208,2.0917,2.092,1.00,1.00
2008.07.16 14:40:18.525,2.09175,2.092,1.00,1.00
2008.07.16 14:40:19.257,2.09175,2.09225,3.70,2.20
2008.07.16 14:40:19.440,2.0918,2.09225,1.00,2.20
2008.07.16 14:40:19.619,2.0918,2.09225,2.00,1.00
2008.07.16 14:40:19.953,2.0918,2.09225,1.00,1.00
2008.07.16 14:40:20.741,2.0918,2.0922,2.00,1.00
2008.07.16 14:40:21.784,2.0918,2.0922,3.10,1.00
2008.07.16 14:40:21.990,2.0918,2.0922,2.00,1.00
2008.07.16 14:40:22.719,2.09185,2.0922,1.00,1.00
2008.07.16 14:40:23.774,2.0919,2.0922,1.00,1.00
2008.07.16 14:40:24.326,2.092,2.09235,1.00,1.00
2008.07.16 14:40:24.908,2.09205,2.0924,1.00,1.00
2008.07.16 14:40:25.426,2.0921,2.0924,1.00,1.00
2008.07.16 14:40:25.770,2.09205,2.0924,1.00,1.00
2008.07.16 14:40:27.171,2.092,2.0924,2.00,1.00
2008.07.16 14:40:27.579,2.092,2.0924,1.60,1.00
2008.07.16 14:40:28.870,2.092,2.0924,1.60,2.10
2008.07.16 14:40:29.210,2.092,2.09235,1.60,1.00
2008.07.16 14:40:29.551,2.092,2.0922,2.00,1.00
2008.07.16 14:40:29.747,2.092,2.0922,5.20,1.00
2008.07.16 14:40:29.949,2.092,2.0922,1.00,1.00
2008.07.16 14:40:30.327,2.092,2.0922,1.00,2.10
2008.07.16 14:40:30.785,2.09195,2.0922,2.70,1.00
2008.07.16 14:40:31.487,2.0918,2.0922,2.00,2.10
2008.07.16 14:40:31.673,2.0918,2.0922,1.00,2.10
2008.07.16 14:40:31.872,2.0918,2.0922,1.60,2.10
2008.07.16 14:40:32.065,2.0918,2.0922,1.00,2.10
2008.07.16 14:40:32.254,2.09175,2.0922,3.60,2.10
2008.07.16 14:40:32.445,2.09175,2.0922,3.60,3.20
2008.07.16 14:40:32.693,2.09175,2.0922,3.60,2.10
2008.07.16 14:40:33.664,2.09175,2.09215,3.60,1.00
2008.07.16 14:40:33.964,2.09175,2.0921,2.70,1.00
2008.07.16 14:40:34.562,2.09175,2.09205,2.70,1.00
2008.07.16 14:40:34.887,2.0916,2.092,1.80,1.00
2008.07.16 14:40:35.104,2.0916,2.092,2.90,1.00
2008.07.16 14:40:35.273,2.0916,2.092,1.80,1.00
2008.07.16 14:40:35.453,2.0916,2.092,2.00,1.00
2008.07.16 14:40:36.423,2.0916,2.092,1.60,1.00
2008.07.16 14:40:36.731,2.0916,2.092,1.60,2.10
2008.07.16 14:40:37.271,2.0916,2.09195,1.00,1.00
2008.07.16 14:40:37.546,2.0916,2.092,1.00,4.50
2008.07.16 14:40:37.765,2.09155,2.09195,2.70,1.20
2008.07.16 14:40:37.993,2.09155,2.09195,2.70,1.00
2008.07.16 14:40:38.463,2.09155,2.092,3.60,3.20
2008.07.16 14:40:38.815,2.0917,2.092,2.70,1.00
2008.07.16 14:40:39.164,2.0917,2.09195,2.70,1.00
2008.07.16 14:40:39.514,2.09155,2.09195,1.00,1.00
2008.07.16 14:40:39.878,2.09155,2.09195,2.70,1.00
2008.07.16 14:40:40.383,2.09155,2.09195,3.60,1.00
2008.07.16 14:40:40.555,2.0917,2.09195,2.70,1.00
2008.07.16 14:40:40.941,2.0919,2.0922,2.70,2.10
2008.07.16 14:40:41.500,2.0919,2.0922,2.70,1.00
2008.07.16 14:40:41.858,2.0917,2.092,2.70,1.00
2008.07.16 14:40:44.021,2.09175,2.092,2.70,1.00
2008.07.16 14:40:45.199,2.09165,2.09195,2.70,1.00
2008.07.16 14:40:45.745,2.09155,2.0918,3.60,1.00
2008.07.16 14:40:45.973,2.0916,2.09165,1.00,1.00
2008.07.16 14:40:46.616,2.0916,2.0918,1.00,2.20
2008.07.16 14:40:46.832,2.0916,2.0917,1.00,1.20
2008.07.16 14:40:47.335,2.09135,2.0917,3.20,2.20
2008.07.16 14:40:47.576,2.0912,2.0917,2.70,2.20
2008.07.16 14:40:48.184,2.0912,2.0916,2.70,1.20
2008.07.16 14:40:49.330,2.09125,2.0917,2.70,1.00
2008.07.16 14:40:49.583,2.0914,2.09155,2.70,1.00
2008.07.16 14:40:49.763,2.0914,2.0916,2.70,1.20
2008.07.16 14:40:49.946,2.09125,2.0915,1.60,1.00
2008.07.16 14:40:50.349,2.0912,2.0915,1.00,1.00
2008.07.16 14:40:50.798,2.09115,2.09155,3.70,1.00
2008.07.16 14:40:51.156,2.0912,2.0916,4.10,1.00
2008.07.16 14:40:51.524,2.09135,2.09175,2.70,3.30
2008.07.16 14:40:51.720,2.09135,2.09175,2.70,2.20
2008.07.16 14:40:51.912,2.09135,2.0917,2.70,1.00
2008.07.16 14:40:52.130,2.09145,2.0917,2.70,1.00
2008.07.16 14:40:52.479,2.0912,2.0917,3.60,3.30
2008.07.16 14:40:52.740,2.09135,2.09165,1.60,1.00
2008.07.16 14:40:52.992,2.09135,2.0917,2.40,1.00
2008.07.16 14:40:53.201,2.0913,2.0917,1.00,1.00
2008.07.16 14:40:53.412,2.09145,2.0918,1.00,5.40
2008.07.16 14:40:53.648,2.0915,2.09185,1.00,1.00
2008.07.16 14:40:54.010,2.09145,2.09185,2.70,1.00
2008.07.16 14:40:54.406,2.09155,2.0917,2.70,1.00
2008.07.16 14:40:54.792,2.0914,2.09185,2.00,1.00
2008.07.16 14:40:55.044,2.0914,2.09185,1.00,2.10
2008.07.16 14:40:55.251,2.0914,2.09185,3.20,8.70
2008.07.16 14:40:55.459,2.09135,2.09175,2.70,2.20
2008.07.16 14:40:55.674,2.09135,2.0917,2.70,1.20
2008.07.16 14:40:56.077,2.0913,2.0916,1.60,1.20
2008.07.16 14:40:56.479,2.0913,2.0916,5.40,1.20
2008.07.16 14:40:56.839,2.0913,2.0916,2.10,1.20
2008.07.16 14:40:57.189,2.09125,2.0916,2.70,1.20
2008.07.16 14:40:59.477,2.09125,2.0916,2.70,2.20
2008.07.16 14:40:59.905,2.0912,2.0914,1.00,1.20
2008.07.16 14:41:00.067,2.09105,2.09145,3.60,1.20
2008.07.16 14:41:00.188,2.09105,2.09155,3.60,1.20
2008.07.16 14:41:00.978,2.09105,2.09135,2.70,1.00
2008.07.16 14:41:02.124,2.0911,2.0915,1.00,3.30
2008.07.16 14:41:02.246,2.0911,2.0915,1.00,2.20
2008.07.16 14:41:02.436,2.09115,2.0915,1.00,2.20
2008.07.16 14:41:02.590,2.09105,2.0915,4.40,2.20
2008.07.16 14:41:04.169,2.0911,2.0914,1.00,1.20
2008.07.16 14:41:04.387,2.09105,2.09145,2.70,1.20
2008.07.16 14:41:04.581,2.0911,2.09145,1.00,2.20
2008.07.16 14:41:04.775,2.0911,2.09145,1.00,1.20
2008.07.16 14:41:05.055,2.09105,2.09145,3.30,1.20
2008.07.16 14:41:05.635,2.09115,2.09145,1.00,1.20
2008.07.16 14:41:05.915,2.09115,2.0915,1.00,2.20
2008.07.16 14:41:06.901,2.09115,2.0915,1.00,1.00
2008.07.16 14:41:07.432,2.09105,2.0915,3.30,1.00
2008.07.16 14:41:07.573,2.09115,2.0915,1.00,1.00
2008.07.16 14:41:07.896,2.09115,2.09145,3.30,1.20
2008.07.16 14:41:08.102,2.09115,2.09155,3.30,1.00
2008.07.16 14:41:08.279,2.0912,2.0915,1.60,1.00
2008.07.16 14:41:08.601,2.0912,2.0915,2.70,1.00
2008.07.16 14:41:08.765,2.09115,2.0916,3.60,3.30
2008.07.16 14:41:08.937,2.09125,2.0916,2.70,1.00
2008.07.16 14:41:09.267,2.09125,2.09165,2.70,1.00
2008.07.16 14:41:09.611,2.09125,2.0916,2.70,1.00
2008.07.16 14:41:11.305,2.09125,2.0916,2.70,2.20
2008.07.16 14:41:11.444,2.09125,2.0916,2.70,3.30
2008.07.16 14:41:11.649,2.09125,2.0916,2.70,2.10
2008.07.16 14:41:11.797,2.09125,2.0915,2.70,1.00
2008.07.16 14:41:12.804,2.09125,2.0916,2.70,1.20
2008.07.16 14:41:13.067,2.09125,2.09165,2.70,3.30
2008.07.16 14:41:13.342,2.09125,2.0916,2.70,1.20
2008.07.16 14:41:13.639,2.09125,2.09155,2.70,1.00
2008.07.16 14:41:13.940,2.0914,2.09155,2.70,1.00
2008.07.16 14:41:14.242,2.0914,2.0915,2.70,1.20
2008.07.16 14:41:14.548,2.0912,2.09165,2.70,3.30
2008.07.16 14:41:14.857,2.09105,2.0915,1.00,1.00
2008.07.16 14:41:15.455,2.09105,2.0915,2.00,1.00
2008.07.16 14:41:15.705,2.09105,2.0915,4.70,1.00
2008.07.16 14:41:16.413,2.09105,2.0915,3.70,1.00
2008.07.16 14:41:17.051,2.09115,2.0915,1.00,1.00
2008.07.16 14:41:17.822,2.09105,2.0915,3.70,1.00
2008.07.16 14:41:18.171,2.09105,2.09145,3.70,1.20
2008.07.16 14:41:18.377,2.09105,2.09145,3.70,2.20
2008.07.16 14:41:18.696,2.0912,2.09145,1.00,1.20
2008.07.16 14:41:19.059,2.0912,2.0916,1.00,1.00
2008.07.16 14:41:19.784,2.0913,2.0916,1.00,1.00
2008.07.16 14:41:20.098,2.0913,2.0915,1.00,1.00
2008.07.16 14:41:20.434,2.0912,2.0915,1.00,1.00
2008.07.16 14:41:21.326,2.09125,2.0915,1.00,1.00
2008.07.16 14:41:22.880,2.0912,2.0915,1.00,1.00
2008.07.16 14:41:23.066,2.09125,2.0915,1.00,1.00
2008.07.16 14:41:23.426,2.09125,2.0916,1.00,1.00
2008.07.16 14:41:23.605,2.0912,2.0916,1.00,1.00
2008.07.16 14:41:24.241,2.09115,2.0916,4.70,1.00
2008.07.16 14:41:24.879,2.09115,2.09145,2.00,1.00
2008.07.16 14:41:25.191,2.09105,2.09145,1.00,1.00
2008.07.16 14:41:26.608,2.091,2.0914,1.00,1.00
2008.07.16 14:41:27.130,2.09105,2.0914,1.00,1.00
2008.07.16 14:41:27.840,2.0911,2.0914,1.00,1.00
2008.07.16 14:41:28.182,2.09115,2.09155,2.70,1.00
2008.07.16 14:41:28.335,2.0913,2.09155,3.90,1.00
2008.07.16 14:41:28.479,2.0913,2.09155,3.90,2.20
2008.07.16 14:41:28.802,2.0913,2.09155,1.00,1.20
2008.07.16 14:41:29.431,2.09115,2.0914,2.70,1.00
2008.07.16 14:41:29.777,2.09115,2.09135,2.70,1.00
2008.07.16 14:41:30.119,2.09115,2.0915,2.70,1.20
2008.07.16 14:41:30.344,2.09115,2.09155,2.70,1.00
2008.07.16 14:41:30.964,2.09115,2.0915,2.70,1.20
2008.07.16 14:41:31.184,2.0912,2.09135,1.00,1.00
2008.07.16 14:41:31.450,2.0912,2.0914,1.00,1.00
2008.07.16 14:41:31.671,2.0913,2.0914,1.00,1.00
2008.07.16 14:41:31.891,2.0913,2.09165,1.00,1.00
2008.07.16 14:41:32.354,2.09135,2.09165,1.00,1.00
2008.07.16 14:41:32.606,2.0911,2.09155,2.00,1.00
2008.07.16 14:41:32.851,2.0911,2.09155,1.00,1.00
2008.07.16 14:41:33.361,2.09115,2.0915,1.00,1.00
2008.07.16 14:41:33.736,2.0913,2.09165,3.20,1.00
2008.07.16 14:41:34.104,2.09125,2.0917,3.60,1.00
2008.07.16 14:41:34.477,2.0913,2.0917,9.50,1.00
2008.07.16 14:41:34.850,2.0913,2.0917,1.60,1.00
2008.07.16 14:41:35.072,2.0913,2.0917,4.10,1.00
2008.07.16 14:41:35.579,2.0913,2.0917,2.00,1.00
2008.07.16 14:41:35.895,2.0913,2.0917,1.00,1.00
2008.07.16 14:41:36.206,2.0913,2.0917,1.00,2.20
2008.07.16 14:41:36.371,2.0913,2.09155,4.30,1.00
2008.07.16 14:41:36.704,2.0914,2.09175,3.20,1.00
2008.07.16 14:41:36.870,2.09135,2.09175,2.70,1.00
2008.07.16 14:41:37.055,2.09135,2.09185,2.70,1.00
2008.07.16 14:41:37.369,2.09135,2.09185,3.70,1.00
2008.07.16 14:41:37.999,2.0914,2.0918,1.00,1.00
2008.07.16 14:41:38.227,2.09135,2.09165,1.00,1.00
2008.07.16 14:41:39.101,2.0914,2.09165,1.00,1.00
2008.07.16 14:41:39.432,2.0914,2.09185,2.00,1.00
2008.07.16 14:41:39.729,2.09145,2.09185,2.00,1.00
2008.07.16 14:41:40.033,2.09145,2.09185,1.00,1.00
2008.07.16 14:41:40.675,2.0914,2.0918,5.40,2.20
2008.07.16 14:41:41.020,2.09135,2.0918,2.70,1.00
2008.07.16 14:41:41.359,2.09145,2.0918,1.00,1.00
2008.07.16 14:41:41.584,2.09145,2.0919,3.70,1.00
2008.07.16 14:41:41.813,2.0916,2.0919,1.60,1.00
2008.07.16 14:41:42.029,2.0915,2.0919,3.60,1.00
2008.07.16 14:41:42.286,2.0917,2.0919,1.00,3.20
2008.07.16 14:41:42.720,2.0917,2.09215,1.00,2.20
2008.07.16 14:41:43.200,2.09165,2.0921,1.60,1.00
2008.07.16 14:41:43.438,2.0918,2.0921,1.00,1.00
2008.07.16 14:41:43.779,2.0918,2.0921,1.00,3.30
2008.07.16 14:41:44.156,2.0918,2.0921,1.00,1.00
2008.07.16 14:41:44.496,2.09165,2.0921,3.60,1.00
2008.07.16 14:41:44.851,2.09165,2.0921,3.70,1.00
2008.07.16 14:41:45.037,2.0918,2.0921,1.00,1.00
2008.07.16 14:41:47.688,2.0918,2.0921,2.00,1.00
2008.07.16 14:41:47.928,2.0918,2.0921,1.00,1.00
2008.07.16 14:41:48.169,2.09185,2.09195,1.00,1.00
2008.07.16 14:41:48.409,2.0918,2.09195,1.00,1.00
2008.07.16 14:41:48.993,2.0917,2.09215,2.00,1.00
2008.07.16 14:41:49.348,2.09175,2.09225,4.70,1.00
2008.07.16 14:41:49.708,2.09175,2.09215,1.00,1.00
2008.07.16 14:41:49.889,2.09175,2.09215,2.00,1.00
2008.07.16 14:41:50.067,2.0918,2.0921,1.00,1.00
2008.07.16 14:41:50.414,2.09185,2.0921,1.00,1.00
2008.07.16 14:41:50.624,2.09185,2.0922,1.00,1.00
2008.07.16 14:41:51.094,2.0918,2.0922,4.10,1.00
2008.07.16 14:41:51.451,2.0918,2.0922,7.40,2.20
2008.07.16 14:41:51.881,2.0918,2.0922,1.00,2.20
2008.07.16 14:41:52.251,2.0917,2.0921,1.00,1.00
2008.07.16 14:41:52.565,2.0918,2.0921,1.00,1.00
2008.07.16 14:41:52.915,2.0918,2.0922,1.00,3.30
2008.07.16 14:41:53.162,2.09175,2.0922,4.70,1.00
2008.07.16 14:41:53.406,2.0918,2.0922,1.00,1.00
2008.07.16 14:41:53.613,2.0918,2.09205,1.00,1.20
2008.07.16 14:41:53.973,2.09185,2.0919,1.00,1.00
2008.07.16 14:41:54.367,2.0917,2.0919,2.10,1.00
2008.07.16 14:41:54.727,2.0918,2.0919,5.40,1.00
2008.07.16 14:41:55.405,2.0914,2.0918,2.00,1.00
2008.07.16 14:41:55.694,2.0913,2.09165,12.50,1.00
2008.07.16 14:41:55.941,2.0912,2.0916,8.60,1.00
2008.07.16 14:41:56.285,2.0912,2.0916,1.00,1.00
2008.07.16 14:41:56.636,2.09135,2.0916,1.00,1.00
2008.07.16 14:41:57.181,2.0914,2.0917,1.00,1.00
2008.07.16 14:41:57.377,2.09145,2.0917,1.00,1.00
2008.07.16 14:41:57.756,2.0915,2.0917,1.00,1.00
2008.07.16 14:41:57.954,2.0915,2.09195,1.00,4.30
2008.07.16 14:41:58.283,2.0915,2.09195,2.00,1.00
2008.07.16 14:41:58.607,2.09155,2.09205,3.70,4.30
2008.07.16 14:41:58.947,2.09155,2.09205,3.70,1.00
2008.07.16 14:41:59.796,2.09155,2.092,2.70,1.00
2008.07.16 14:42:00.076,2.0915,2.09185,2.00,1.00
2008.07.16 14:42:00.673,2.0915,2.09185,1.00,1.00
2008.07.16 14:42:00.997,2.09145,2.09185,4.70,1.00
2008.07.16 14:42:01.286,2.0915,2.0918,1.00,1.00
2008.07.16 14:42:01.881,2.09145,2.0918,1.00,1.00
2008.07.16 14:42:02.236,2.09155,2.09205,2.70,3.30
2008.07.16 14:42:02.617,2.09155,2.09205,3.60,1.00
2008.07.16 14:42:03.768,2.09155,2.09185,1.00,1.00
2008.07.16 14:42:03.984,2.0915,2.09185,1.00,1.00
2008.07.16 14:42:05.026,2.09155,2.09195,3.70,1.00
2008.07.16 14:42:05.283,2.09155,2.092,3.70,3.20
2008.07.16 14:42:05.533,2.09155,2.092,3.70,1.00
2008.07.16 14:42:06.625,2.0916,2.09185,3.10,1.00
2008.07.16 14:42:06.779,2.0916,2.09185,1.00,1.00
2008.07.16 14:42:06.939,2.0915,2.09185,1.00,1.00
2008.07.16 14:42:07.225,2.09145,2.09175,1.00,1.00
2008.07.16 14:42:08.700,2.09155,2.09195,2.70,2.20
2008.07.16 14:42:08.896,2.09155,2.09195,2.70,3.30
2008.07.16 14:42:09.075,2.09155,2.09195,2.70,5.50
2008.07.16 14:42:09.385,2.09145,2.09195,2.70,2.10
2008.07.16 14:42:09.698,2.0914,2.09185,1.00,1.00
2008.07.16 14:42:10.306,2.09135,2.0918,4.70,1.00
2008.07.16 14:42:10.629,2.0915,2.09165,1.00,1.00
2008.07.16 14:42:10.944,2.0915,2.09175,1.00,1.00
2008.07.16 14:42:11.334,2.09135,2.09175,2.70,1.00
2008.07.16 14:42:11.703,2.0913,2.0917,2.00,1.00
2008.07.16 14:42:11.891,2.0913,2.0917,1.00,1.00
2008.07.16 14:42:12.493,2.0913,2.0917,1.00,1.00
2008.07.16 14:42:12.712,2.09125,2.0917,3.60,1.00
2008.07.16 14:42:12.934,2.09135,2.0916,2.70,1.20
2008.07.16 14:42:13.156,2.0912,2.0916,6.40,2.20
2008.07.16 14:42:13.384,2.0912,2.0916,1.00,2.20
2008.07.16 14:42:13.656,2.09125,2.0916,1.00,1.00
2008.07.16 14:42:13.874,2.0914,2.0916,3.20,1.00
2008.07.16 14:42:14.097,2.09135,2.09185,3.60,3.30
2008.07.16 14:42:14.455,2.09135,2.09185,2.70,2.20
2008.07.16 14:42:14.814,2.0914,2.09185,3.20,2.10
2008.07.16 14:42:15.181,2.09135,2.0918,2.70,3.30
2008.07.16 14:42:15.487,2.09135,2.0917,2.70,1.20
2008.07.16 14:42:15.792,2.09125,2.0917,3.60,2.20
2008.07.16 14:42:16.092,2.09125,2.09155,2.70,1.00
2008.07.16 14:42:16.321,2.0911,2.0915,2.00,1.00
2008.07.16 14:42:16.929,2.0911,2.0915,1.00,1.00
2008.07.16 14:42:17.432,2.09105,2.0915,3.70,1.00
2008.07.16 14:42:17.745,2.0911,2.0914,1.00,1.20
2008.07.16 14:42:18.052,2.0911,2.09155,1.00,9.30
2008.07.16 14:42:18.380,2.0911,2.0914,1.00,1.00
2008.07.16 14:42:18.569,2.09115,2.0914,1.00,1.00
2008.07.16 14:42:18.753,2.09115,2.0914,3.70,5.40
2008.07.16 14:42:19.006,2.0912,2.0914,1.00,5.40
2008.07.16 14:42:19.552,2.0912,2.0914,3.10,5.40
2008.07.16 14:42:19.915,2.09115,2.0914,1.00,1.00
2008.07.16 14:42:20.274,2.09115,2.09165,3.70,8.60
2008.07.16 14:42:20.562,2.09115,2.09165,3.70,3.20
2008.07.16 14:42:20.829,2.0912,2.09165,2.90,3.20
2008.07.16 14:42:21.358,2.09135,2.0916,1.00,3.20
2008.07.16 14:42:21.520,2.09135,2.0916,1.00,1.00
2008.07.16 14:42:22.256,2.0913,2.0916,1.00,1.00
2008.07.16 14:42:22.492,2.09135,2.0916,1.00,1.00
2008.07.16 14:42:22.748,2.0914,2.0916,3.20,1.00
2008.07.16 14:42:22.947,2.0914,2.0916,4.30,1.00
2008.07.16 14:42:23.220,2.09145,2.0916,1.00,1.00
2008.07.16 14:42:23.337,2.09155,2.09185,1.00,1.00
2008.07.16 14:42:23.703,2.0916,2.09195,1.00,2.10
2008.07.16 14:42:24.065,2.09145,2.09195,3.60,1.00
2008.07.16 14:42:24.469,2.0915,2.09175,1.00,1.00
2008.07.16 14:42:24.681,2.0915,2.09175,1.00,1.00
2008.07.16 14:42:24.924,2.09135,2.09175,4.30,1.00
2008.07.16 14:42:25.146,2.09145,2.09175,1.00,1.00
2008.07.16 14:42:25.382,2.09135,2.09165,1.00,1.00
2008.07.16 14:42:25.741,2.0913,2.0916,3.10,1.00
2008.07.16 14:42:26.634,2.09135,2.0916,1.00,1.00
2008.07.16 14:42:26.779,2.09135,2.0916,1.60,1.00
2008.07.16 14:42:27.165,2.09135,2.0915,1.60,1.20
2008.07.16 14:42:27.565,2.09135,2.09165,1.60,2.80
2008.07.16 14:42:27.761,2.09125,2.0915,1.00,1.00
2008.07.16 14:42:28.140,2.09115,2.0915,2.00,1.00
2008.07.16 14:42:28.345,2.09115,2.0915,1.00,1.00
2008.07.16 14:42:28.868,2.0911,2.0915,1.00,2.20
2008.07.16 14:42:29.269,2.0911,2.09135,1.00,1.00
2008.07.16 14:42:29.637,2.09115,2.09135,1.00,1.00
2008.07.16 14:42:29.919,2.0911,2.09125,1.00,1.00
2008.07.16 14:42:30.456,2.0911,2.09135,1.00,2.70
2008.07.16 14:42:30.738,2.09115,2.0913,1.00,1.00
2008.07.16 14:42:31.098,2.09115,2.0914,1.00,1.00
2008.07.16 14:42:31.455,2.0911,2.0914,1.00,1.00
2008.07.16 14:42:33.115,2.09115,2.0914,1.00,1.00
2008.07.16 14:42:33.657,2.09125,2.09165,2.70,1.00
2008.07.16 14:42:34.351,2.09135,2.0917,2.70,1.00
2008.07.16 14:42:35.043,2.0912,2.0915,2.10,1.00
2008.07.16 14:42:35.345,2.0913,2.0915,1.00,1.00
2008.07.16 14:42:35.641,2.0913,2.0916,1.00,1.00
2008.07.16 14:42:35.995,2.09135,2.0916,1.00,1.00
2008.07.16 14:42:36.211,2.0914,2.0916,1.00,1.00
2008.07.16 14:42:36.432,2.09145,2.09185,2.70,2.20
2008.07.16 14:42:36.850,2.09145,2.09185,1.00,1.00
2008.07.16 14:42:37.069,2.09135,2.09185,5.80,2.20
2008.07.16 14:42:37.765,2.09125,2.09165,5.80,1.00
2008.07.16 14:42:38.708,2.09125,2.09165,2.00,1.00
2008.07.16 14:42:38.935,2.09125,2.0916,1.00,1.00
2008.07.16 14:42:39.451,2.09125,2.0916,1.00,1.00
2008.07.16 14:42:39.767,2.09135,2.0917,2.70,1.00
2008.07.16 14:42:40.095,2.09135,2.0918,3.60,3.20
2008.07.16 14:42:40.405,2.09135,2.0917,1.00,1.00
2008.07.16 14:42:40.717,2.09145,2.0917,1.00,1.00
2008.07.16 14:42:41.306,2.09125,2.0917,5.80,1.00
2008.07.16 14:42:41.639,2.09135,2.0917,2.70,1.00
2008.07.16 14:42:42.285,2.09135,2.0917,2.00,1.00
2008.07.16 14:42:42.765,2.09135,2.0916,2.00,1.00
2008.07.16 14:42:42.965,2.09135,2.0916,1.00,1.00
2008.07.16 14:42:43.513,2.0913,2.0916,1.00,1.00
2008.07.16 14:42:44.725,2.09135,2.0916,1.00,1.00
2008.07.16 14:42:47.194,2.0913,2.0916,1.00,2.20
2008.07.16 14:42:47.553,2.0913,2.0916,1.00,1.00
2008.07.16 14:42:47.738,2.09135,2.0916,1.00,1.00
2008.07.16 14:42:48.265,2.09135,2.0917,1.00,1.00
2008.07.16 14:42:48.625,2.09135,2.09165,3.70,1.00
2008.07.16 14:42:49.038,2.09135,2.0918,4.70,1.00
2008.07.16 14:42:49.626,2.09145,2.0919,2.70,5.50
2008.07.16 14:42:49.861,2.09145,2.0918,2.70,1.20
2008.07.16 14:42:50.080,2.09145,2.0918,2.70,2.20
2008.07.16 14:42:50.301,2.09135,2.0917,3.70,1.00
2008.07.16 14:42:52.841,2.09135,2.0916,1.00,1.00
2008.07.16 14:42:54.074,2.09135,2.0917,3.70,1.00
2008.07.16 14:42:54.385,2.0914,2.0917,1.00,1.00
2008.07.16 14:42:55.663,2.09135,2.09155,1.00,1.00
2008.07.16 14:42:55.979,2.09125,2.09155,1.00,1.00
2008.07.16 14:42:57.107,2.09125,2.09175,4.50,2.20
2008.07.16 14:42:57.292,2.09125,2.09175,3.70,2.20
2008.07.16 14:42:57.900,2.09135,2.09185,2.70,2.10
2008.07.16 14:42:58.102,2.0915,2.09185,3.20,1.00
2008.07.16 14:42:58.478,2.0914,2.0918,4.10,1.00
2008.07.16 14:42:58.669,2.09145,2.0918,3.60,1.00
2008.07.16 14:43:00.337,2.0915,2.0918,4.30,1.00
2008.07.16 14:43:00.441,2.0915,2.0918,5.20,1.00
2008.07.16 14:43:00.681,2.0915,2.0918,4.10,1.00
2008.07.16 14:43:01.379,2.09145,2.0918,4.70,1.00
2008.07.16 14:43:02.140,2.0915,2.0918,1.80,1.00
2008.07.16 14:43:02.325,2.09165,2.09195,3.20,1.20
2008.07.16 14:43:02.470,2.0916,2.09195,2.70,1.20
2008.07.16 14:43:02.610,2.0915,2.092,2.70,6.60
2008.07.16 14:43:02.771,2.0915,2.09195,2.70,1.00
2008.07.16 14:43:03.326,2.09155,2.092,2.70,1.00
2008.07.16 14:43:03.878,2.09155,2.092,2.70,3.30
2008.07.16 14:43:04.138,2.09155,2.092,2.70,4.40
2008.07.16 14:43:04.388,2.09155,2.09185,2.70,1.00
2008.07.16 14:43:04.636,2.09155,2.092,2.70,3.30
2008.07.16 14:43:04.890,2.09145,2.09185,3.70,1.00
2008.07.16 14:43:07.038,2.09145,2.0918,2.70,1.00
2008.07.16 14:43:08.681,2.09145,2.09175,2.70,1.20
2008.07.16 14:43:08.927,2.0914,2.09175,1.00,1.20
2008.07.16 14:43:09.472,2.09125,2.0916,4.80,1.00
2008.07.16 14:43:13.048,2.09135,2.0916,1.00,1.00
2008.07.16 14:43:15.174,2.0914,2.0916,1.00,1.00
2008.07.16 14:43:15.384,2.0914,2.0917,1.00,1.00
2008.07.16 14:43:16.254,2.0914,2.0916,1.00,1.00
2008.07.16 14:43:16.597,2.0914,2.0917,1.00,1.00
2008.07.16 14:43:16.756,2.0913,2.0917,8.20,1.00
2008.07.16 14:43:17.266,2.0914,2.0917,1.00,1.00
2008.07.16 14:43:17.352,2.0913,2.0917,5.40,1.00
2008.07.16 14:43:17.574,2.09135,2.0917,2.70,2.20
2008.07.16 14:43:17.858,2.0912,2.09155,5.90,1.00
2008.07.16 14:43:18.097,2.09125,2.09155,1.00,2.20
2008.07.16 14:43:18.301,2.0911,2.09155,1.00,2.20
2008.07.16 14:43:18.676,2.09105,2.09155,4.70,1.00
2008.07.16 14:43:19.083,2.09105,2.0914,4.70,1.00
2008.07.16 14:43:19.398,2.09105,2.0914,3.60,1.00
2008.07.16 14:43:20.023,2.09105,2.0914,2.70,1.00
2008.07.16 14:43:20.682,2.091,2.0914,2.00,1.00
2008.07.16 14:43:21.037,2.09095,2.0913,2.00,1.00
2008.07.16 14:43:21.778,2.09095,2.0913,1.80,1.00
2008.07.16 14:43:21.984,2.091,2.0913,1.00,1.00
2008.07.16 14:43:22.115,2.091,2.0913,2.10,1.00
2008.07.16 14:43:22.424,2.091,2.0913,1.00,1.00
2008.07.16 14:43:24.222,2.09105,2.0913,1.00,1.00
2008.07.16 14:43:24.903,2.09105,2.09145,3.70,1.70
2008.07.16 14:43:25.155,2.09105,2.0914,2.70,1.00
2008.07.16 14:43:25.366,2.091,2.0913,1.00,1.00
2008.07.16 14:43:28.101,2.09095,2.0913,3.70,1.00
2008.07.16 14:43:28.219,2.09095,2.0912,1.00,1.00
2008.07.16 14:43:28.347,2.0909,2.0912,2.10,1.00
2008.07.16 14:43:28.926,2.09095,2.0912,1.00,1.00
2008.07.16 14:43:29.429,2.091,2.0913,1.00,1.00
2008.07.16 14:43:29.640,2.09105,2.09135,2.70,1.00
2008.07.16 14:43:30.159,2.09105,2.0914,2.70,3.20
2008.07.16 14:43:30.345,2.09105,2.0914,2.70,1.00
2008.07.16 14:43:32.638,2.0909,2.0913,8.50,1.00
2008.07.16 14:43:32.801,2.09105,2.09145,2.70,1.00
2008.07.16 14:43:33.263,2.09105,2.0915,2.70,4.40
2008.07.16 14:43:33.488,2.09105,2.0915,3.60,4.40
2008.07.16 14:43:33.650,2.09105,2.0915,3.60,2.20
2008.07.16 14:43:33.984,2.09095,2.09135,4.80,1.00
2008.07.16 14:43:35.269,2.09095,2.0913,2.00,1.00
2008.07.16 14:43:35.585,2.09095,2.0914,4.70,1.00
2008.07.16 14:43:35.940,2.09105,2.0914,1.00,1.00
2008.07.16 14:43:36.363,2.091,2.0914,1.00,1.00
2008.07.16 14:43:37.260,2.09105,2.0914,2.70,1.00
2008.07.16 14:43:37.810,2.09105,2.0914,3.30,1.00
2008.07.16 14:43:39.348,2.0911,2.0914,1.00,1.00
2008.07.16 14:43:39.728,2.091,2.0914,5.40,1.00
2008.07.16 14:43:40.170,2.09105,2.0914,3.60,1.00
2008.07.16 14:43:40.914,2.09105,2.0913,1.00,1.00
2008.07.16 14:43:41.271,2.09095,2.0913,4.80,1.00
2008.07.16 14:43:41.636,2.09115,2.09145,2.70,1.00
2008.07.16 14:43:42.322,2.09125,2.09145,2.70,1.00
2008.07.16 14:43:42.650,2.09125,2.0914,2.70,2.10
2008.07.16 14:43:42.822,2.09095,2.0914,8.50,1.00
2008.07.16 14:43:42.998,2.09105,2.0914,1.00,1.00
2008.07.16 14:43:43.230,2.0911,2.0914,1.00,1.00
2008.07.16 14:43:43.511,2.0912,2.09155,2.70,1.20
2008.07.16 14:43:43.741,2.0911,2.0914,1.00,1.00
2008.07.16 14:43:43.972,2.091,2.0914,9.10,1.00
2008.07.16 14:43:44.269,2.0911,2.0914,1.00,1.00
2008.07.16 14:43:44.851,2.0911,2.0913,1.00,1.00
2008.07.16 14:43:46.856,2.091,2.0913,7.00,1.00
2008.07.16 14:43:47.075,2.091,2.0913,3.10,1.00
2008.07.16 14:43:47.267,2.09095,2.0913,6.30,1.00
2008.07.16 14:43:47.571,2.09095,2.0913,5.40,1.00
2008.07.16 14:43:47.847,2.09095,2.0913,2.70,1.00
2008.07.16 14:43:48.021,2.09095,2.0913,1.00,1.00
2008.07.16 14:43:48.542,2.09095,2.0914,1.00,2.20
2008.07.16 14:43:48.728,2.09095,2.0914,1.00,3.50
2008.07.16 14:43:48.916,2.0909,2.0914,1.00,4.50
2008.07.16 14:43:49.110,2.0909,2.09135,1.00,2.20
2008.07.16 14:43:49.397,2.0909,2.0912,1.00,1.00
2008.07.16 14:43:49.679,2.0909,2.0911,1.00,1.00
2008.07.16 14:43:50.238,2.09105,2.09135,2.70,1.00
2008.07.16 14:43:51.285,2.09105,2.0914,2.70,1.00
2008.07.16 14:43:51.796,2.0911,2.0914,3.20,1.00
2008.07.16 14:43:52.316,2.09125,2.09145,2.70,1.00
2008.07.16 14:43:52.541,2.09125,2.09155,2.70,2.10
2008.07.16 14:43:52.897,2.09115,2.0915,2.70,1.00
2008.07.16 14:43:53.247,2.09115,2.0915,2.70,2.10
2008.07.16 14:43:53.455,2.0912,2.0915,3.20,2.10
2008.07.16 14:43:53.948,2.0912,2.0915,4.30,1.00
2008.07.16 14:43:54.126,2.0911,2.0915,11.40,1.00
2008.07.16 14:43:54.552,2.09125,2.0916,2.70,1.00
2008.07.16 14:43:56.387,2.0913,2.0916,1.00,1.00
2008.07.16 14:43:56.847,2.09135,2.09155,2.70,1.00
2008.07.16 14:43:57.097,2.09135,2.0917,2.70,1.00
2008.07.16 14:43:58.796,2.09125,2.0916,4.70,1.00
2008.07.16 14:43:59.916,2.09125,2.0915,2.00,1.00
2008.07.16 14:44:00.221,2.09125,2.0915,1.00,1.00
2008.07.16 14:44:00.521,2.09115,2.0915,4.80,1.00
2008.07.16 14:44:00.885,2.09115,2.0915,3.70,1.00
2008.07.16 14:44:01.216,2.09115,2.0915,4.50,1.00
2008.07.16 14:44:01.547,2.0912,2.0914,1.00,1.00
2008.07.16 14:44:01.857,2.091,2.0914,13.00,1.00
2008.07.16 14:44:02.126,2.09105,2.0914,3.70,1.00
2008.07.16 14:44:02.984,2.0911,2.0914,1.00,1.00
2008.07.16 14:44:03.294,2.09115,2.0915,2.70,3.20
2008.07.16 14:44:03.612,2.09115,2.09145,3.70,1.00
2008.07.16 14:44:03.888,2.0912,2.0915,1.00,1.00
2008.07.16 14:44:04.152,2.0912,2.0915,2.00,1.00
2008.07.16 14:44:04.675,2.0912,2.0915,1.00,1.00
2008.07.16 14:44:05.662,2.09135,2.09175,2.70,7.50
2008.07.16 14:44:05.917,2.09135,2.09175,2.70,2.10
2008.07.16 14:44:06.432,2.09135,2.09175,2.70,1.00
2008.07.16 14:44:06.698,2.09145,2.0916,2.70,1.00
2008.07.16 14:44:07.016,2.0915,2.0917,3.20,1.00
2008.07.16 14:44:07.336,2.09135,2.0917,2.70,2.10
2008.07.16 14:44:07.866,2.09125,2.0916,3.70,1.00
2008.07.16 14:44:08.465,2.09135,2.0916,1.00,1.00
2008.07.16 14:44:08.606,2.09145,2.0916,2.70,1.00
2008.07.16 14:44:08.966,2.09135,2.0917,4.50,1.00
2008.07.16 14:44:09.325,2.09135,2.0917,3.60,1.00
2008.07.16 14:44:09.723,2.09135,2.0917,3.60,2.10
2008.07.16 14:44:09.815,2.0913,2.0916,1.60,1.00
2008.07.16 14:44:10.057,2.0913,2.0916,1.60,1.00
2008.07.16 14:44:10.181,2.09125,2.0916,2.70,1.00
2008.07.16 14:44:10.302,2.0913,2.0916,1.00,1.00
2008.07.16 14:44:10.423,2.09125,2.0916,2.70,1.00
2008.07.16 14:44:11.339,2.0914,2.0916,3.20,1.00
2008.07.16 14:44:11.729,2.0914,2.0917,3.20,1.00
2008.07.16 14:44:12.632,2.09145,2.09175,2.70,1.00
2008.07.16 14:44:13.083,2.09145,2.0918,2.70,1.00
2008.07.16 14:44:13.669,2.09135,2.0917,2.70,1.00
2008.07.16 14:44:14.677,2.09125,2.0916,3.60,1.00
2008.07.16 14:44:15.223,2.09125,2.0915,1.00,1.00
2008.07.16 14:44:15.727,2.09125,2.09135,1.00,1.00
2008.07.16 14:44:16.102,2.091,2.09135,2.00,1.00
2008.07.16 14:44:16.463,2.091,2.09155,1.00,4.40
2008.07.16 14:44:16.822,2.091,2.09155,3.70,2.20
2008.07.16 14:44:17.246,2.0911,2.09155,2.70,2.20
2008.07.16 14:44:17.409,2.0912,2.09155,1.00,1.00
2008.07.16 14:44:17.764,2.09105,2.0914,3.70,1.00
2008.07.16 14:44:18.132,2.0912,2.0916,2.70,6.40
2008.07.16 14:44:18.553,2.0912,2.0916,2.70,4.30
2008.07.16 14:44:18.791,2.0911,2.09145,1.00,1.00
2008.07.16 14:44:19.336,2.09105,2.09145,5.60,1.00
2008.07.16 14:44:19.978,2.09105,2.0914,4.50,1.00
2008.07.16 14:44:20.111,2.09105,2.0914,3.50,1.00
2008.07.16 14:44:20.268,2.09105,2.0913,1.00,1.00
2008.07.16 14:44:20.403,2.0912,2.0913,3.20,1.00
2008.07.16 14:44:20.663,2.0912,2.0916,3.20,3.70
2008.07.16 14:44:20.949,2.09115,2.09155,2.70,1.00
2008.07.16 14:44:21.329,2.0913,2.09165,2.70,3.20
2008.07.16 14:44:22.173,2.0913,2.09175,2.70,9.10
2008.07.16 14:44:22.531,2.0913,2.09155,3.20,1.00
2008.07.16 14:44:22.701,2.0913,2.09155,4.30,1.00
2008.07.16 14:44:23.032,2.09145,2.09185,2.70,2.10
2008.07.16 14:44:23.394,2.09145,2.09185,2.70,3.20
2008.07.16 14:44:23.712,2.09135,2.0918,2.70,3.20
2008.07.16 14:44:24.279,2.09135,2.0917,2.70,1.00
2008.07.16 14:44:24.579,2.09145,2.09175,2.70,1.00
2008.07.16 14:44:25.502,2.09145,2.09165,2.70,1.00
2008.07.16 14:44:25.789,2.0915,2.09165,1.00,1.00
2008.07.16 14:44:26.078,2.09155,2.0919,2.70,1.00
2008.07.16 14:44:26.373,2.09145,2.09185,4.50,1.00
2008.07.16 14:44:26.674,2.09145,2.09185,4.70,1.00
2008.07.16 14:44:27.005,2.0915,2.09185,1.00,1.00
2008.07.16 14:44:27.311,2.09155,2.0919,3.60,2.20
2008.07.16 14:44:27.631,2.09155,2.0919,2.70,2.10
2008.07.16 14:44:27.951,2.09155,2.09185,2.70,1.00
2008.07.16 14:44:28.282,2.09165,2.09185,2.70,1.00
2008.07.16 14:44:28.747,2.09155,2.09185,2.70,1.00
2008.07.16 14:44:28.950,2.09155,2.0919,3.60,1.00
2008.07.16 14:44:29.153,2.09155,2.0919,3.60,2.10
2008.07.16 14:44:29.478,2.09155,2.0918,1.00,1.00
2008.07.16 14:44:30.109,2.09155,2.0918,1.00,1.00
2008.07.16 14:44:30.726,2.09155,2.0918,2.00,1.00
2008.07.16 14:44:31.083,2.09155,2.0919,4.70,1.00
2008.07.16 14:44:32.656,2.09155,2.0919,5.60,1.00
2008.07.16 14:44:32.844,2.0916,2.0919,2.00,1.00
2008.07.16 14:44:33.017,2.09165,2.092,2.70,1.00
2008.07.16 14:44:33.180,2.09165,2.092,3.70,1.00
2008.07.16 14:44:33.678,2.0917,2.092,1.00,1.00
2008.07.16 14:44:35.252,2.09175,2.092,2.00,1.00
2008.07.16 14:44:35.538,2.09175,2.0921,4.70,1.00
2008.07.16 14:44:35.839,2.09175,2.0921,4.70,2.10
2008.07.16 14:44:36.145,2.09175,2.092,2.00,1.00
2008.07.16 14:44:36.727,2.09175,2.092,1.00,1.00
2008.07.16 14:44:37.019,2.0917,2.092,1.00,1.00
2008.07.16 14:44:37.322,2.0917,2.092,2.00,1.00
2008.07.16 14:44:37.616,2.0917,2.092,2.00,2.10
2008.07.16 14:44:37.937,2.0917,2.092,1.00,1.00
2008.07.16 14:44:38.399,2.09165,2.092,4.70,1.00
2008.07.16 14:44:38.906,2.09165,2.092,3.70,1.00
2008.07.16 14:44:39.267,2.09155,2.0919,2.70,1.00
2008.07.16 14:44:39.659,2.0915,2.0918,2.00,1.00
2008.07.16 14:44:40.026,2.09145,2.0918,3.30,1.00
2008.07.16 14:44:40.796,2.0915,2.0918,1.00,1.00
2008.07.16 14:44:41.179,2.0915,2.0917,1.00,1.00
2008.07.16 14:44:41.546,2.09165,2.09205,2.70,1.00
2008.07.16 14:44:41.917,2.09165,2.0919,2.70,1.00
2008.07.16 14:44:42.217,2.09175,2.09205,2.70,1.00
2008.07.16 14:44:42.966,2.09165,2.09195,3.70,1.00
2008.07.16 14:44:43.175,2.09165,2.09195,2.70,1.00
2008.07.16 14:44:43.604,2.09165,2.09195,3.70,1.00
2008.07.16 14:44:43.803,2.0917,2.09195,3.20,1.00
2008.07.16 14:44:44.277,2.0916,2.0918,4.30,1.00
2008.07.16 14:44:44.565,2.0917,2.0918,3.20,1.00
2008.07.16 14:44:45.169,2.09155,2.0918,1.00,1.00
2008.07.16 14:44:45.372,2.09155,2.0919,3.70,1.00
2008.07.16 14:44:45.682,2.0916,2.0919,1.60,1.00
2008.07.16 14:44:45.861,2.0916,2.0919,1.00,1.00
2008.07.16 14:44:46.216,2.09165,2.092,2.70,2.20
2008.07.16 14:44:46.921,2.09155,2.0919,4.70,1.00
2008.07.16 14:44:48.096,2.09155,2.09175,1.60,1.00
2008.07.16 14:44:48.357,2.09155,2.09175,1.00,1.00
2008.07.16 14:44:48.612,2.0914,2.09175,1.70,1.00
2008.07.16 14:44:48.789,2.0914,2.09175,1.00,1.00
2008.07.16 14:44:48.930,2.09135,2.09175,4.70,1.00
2008.07.16 14:44:49.075,2.09135,2.09175,3.70,1.00
2008.07.16 14:44:49.428,2.09135,2.0917,2.70,1.00
2008.07.16 14:44:49.818,2.0913,2.0916,2.00,1.00
2008.07.16 14:44:51.431,2.0913,2.0916,2.70,1.00
2008.07.16 14:44:51.795,2.0913,2.0916,1.00,1.00
2008.07.16 14:44:53.030,2.09135,2.0916,1.00,1.00
2008.07.16 14:44:54.192,2.09135,2.0916,1.00,2.20
2008.07.16 14:44:54.447,2.09135,2.0915,1.00,1.00
2008.07.16 14:44:54.708,2.0913,2.0915,2.00,1.00
2008.07.16 14:44:54.955,2.0913,2.0915,1.00,1.00
2008.07.16 14:44:55.782,2.0912,2.0915,1.00,1.00
2008.07.16 14:44:56.081,2.09125,2.0914,1.00,1.00
2008.07.16 14:44:56.672,2.09125,2.09165,4.70,1.00
2008.07.16 14:44:57.950,2.0913,2.0916,1.00,1.00
2008.07.16 14:44:58.208,2.09135,2.0917,2.70,1.00
2008.07.16 14:44:58.562,2.09145,2.0917,1.00,1.00
2008.07.16 14:44:58.890,2.09145,2.0917,1.60,1.00
2008.07.16 14:44:59.240,2.09145,2.0917,1.00,1.00
2008.07.16 14:44:59.531,2.09145,2.0918,3.60,1.00
2008.07.16 14:45:00.150,2.09155,2.09175,2.70,1.00
2008.07.16 14:45:00.463,2.0916,2.09175,1.00,1.00
2008.07.16 14:45:00.699,2.0916,2.0918,1.00,1.00
2008.07.16 14:45:01.860,2.09155,2.0918,1.00,1.00
2008.07.16 14:45:02.127,2.09145,2.0918,1.00,1.00
2008.07.16 14:45:02.380,2.09145,2.0917,1.00,1.00
2008.07.16 14:45:02.631,2.0914,2.0917,2.00,1.00
2008.07.16 14:45:03.171,2.09145,2.0918,2.70,1.00
2008.07.16 14:45:03.345,2.0915,2.0918,1.00,1.00
2008.07.16 14:45:03.736,2.0915,2.0917,1.00,1.00
2008.07.16 14:45:04.098,2.0914,2.0917,1.00,1.00
2008.07.16 14:45:05.230,2.09135,2.0917,3.60,1.00
2008.07.16 14:45:05.497,2.09135,2.0917,4.70,1.00
2008.07.16 14:45:06.234,2.09135,2.0917,4.70,2.20
2008.07.16 14:45:06.552,2.0913,2.09155,1.00,1.00
2008.07.16 14:45:07.782,2.09125,2.0915,1.00,1.00
2008.07.16 14:45:07.896,2.09125,2.0916,3.70,1.00
2008.07.16 14:45:08.020,2.09125,2.09145,3.70,1.00
2008.07.16 14:45:08.150,2.09125,2.09145,2.70,1.00
2008.07.16 14:45:08.425,2.09115,2.0913,1.00,1.00
2008.07.16 14:45:08.992,2.09115,2.0914,1.00,1.00
2008.07.16 14:45:09.342,2.0912,2.0914,1.00,1.00
2008.07.16 14:45:09.683,2.09125,2.09165,2.70,1.00
2008.07.16 14:45:10.043,2.09135,2.0917,2.70,1.00
2008.07.16 14:45:10.223,2.09135,2.09175,2.70,4.40
2008.07.16 14:45:10.399,2.0912,2.09155,1.00,1.00
2008.07.16 14:45:10.913,2.0912,2.0915,1.00,1.20
2008.07.16 14:45:11.433,2.09115,2.0914,2.00,1.00
2008.07.16 14:45:12.174,2.0912,2.0913,1.00,1.00
2008.07.16 14:45:12.324,2.0912,2.0913,2.00,1.00
2008.07.16 14:45:12.468,2.0913,2.0917,1.60,8.60
2008.07.16 14:45:12.620,2.09125,2.0917,2.70,6.40
2008.07.16 14:45:12.913,2.09125,2.0915,1.00,1.00
2008.07.16 14:45:13.072,2.09125,2.0915,1.60,1.00
2008.07.16 14:45:13.356,2.0912,2.0916,1.70,1.00
2008.07.16 14:45:13.627,2.09125,2.0915,1.00,1.00
2008.07.16 14:45:14.163,2.09125,2.0916,3.70,1.00
2008.07.16 14:45:14.509,2.09135,2.09165,2.70,1.00
2008.07.16 14:45:14.859,2.09135,2.0917,2.70,1.00
2008.07.16 14:45:15.211,2.09135,2.0917,1.00,1.00
2008.07.16 14:45:15.800,2.0914,2.0917,1.80,1.00
2008.07.16 14:45:16.099,2.09145,2.09195,3.70,5.60
2008.07.16 14:45:16.399,2.09145,2.09185,2.70,1.20
2008.07.16 14:45:17.071,2.0914,2.09175,1.70,1.00
2008.07.16 14:45:17.399,2.0914,2.0917,1.00,1.00
2008.07.16 14:45:17.957,2.0913,2.0917,7.50,1.00
2008.07.16 14:45:18.247,2.0913,2.0916,1.00,1.00
2008.07.16 14:45:18.737,2.09135,2.0917,2.70,1.00
2008.07.16 14:45:18.907,2.0914,2.0917,1.00,1.00
2008.07.16 14:45:19.075,2.0913,2.0917,12.90,1.00
2008.07.16 14:45:19.260,2.0913,2.09155,1.00,1.00
2008.07.16 14:45:19.620,2.09135,2.09155,1.00,1.00
2008.07.16 14:45:19.960,2.09135,2.09175,3.60,2.20
2008.07.16 14:45:20.297,2.09115,2.09155,7.90,1.00
2008.07.16 14:45:20.638,2.09135,2.09155,1.00,1.00
2008.07.16 14:45:20.981,2.0915,2.09165,3.20,1.00
2008.07.16 14:45:21.317,2.09115,2.0916,3.70,1.00
2008.07.16 14:45:21.628,2.09115,2.0915,1.00,1.00
2008.07.16 14:45:21.938,2.0912,2.0916,1.00,1.00
2008.07.16 14:45:22.247,2.09125,2.09165,2.70,1.00
2008.07.16 14:45:22.566,2.0914,2.09165,1.00,1.00
2008.07.16 14:45:22.779,2.0914,2.0917,5.20,1.00
2008.07.16 14:45:22.959,2.0914,2.0917,2.00,1.00
2008.07.16 14:45:23.472,2.0915,2.0918,3.20,1.00
2008.07.16 14:45:23.831,2.0914,2.0918,11.70,1.00
2008.07.16 14:45:24.115,2.0915,2.0918,1.00,1.00
2008.07.16 14:45:24.434,2.0916,2.0919,1.00,1.00
2008.07.16 14:45:24.745,2.09155,2.0919,3.70,1.00
2008.07.16 14:45:25.088,2.0917,2.092,2.70,1.00
2008.07.16 14:45:25.407,2.0917,2.09205,2.70,1.00
2008.07.16 14:45:25.700,2.0916,2.0919,1.00,1.00
2008.07.16 14:45:25.982,2.09155,2.0919,1.00,1.00
2008.07.16 14:45:26.337,2.09155,2.0919,3.70,1.00
2008.07.16 14:45:27.886,2.09155,2.0919,4.70,1.00
2008.07.16 14:45:28.541,2.09155,2.0919,5.40,1.00
2008.07.16 14:45:29.677,2.09155,2.0918,1.60,1.00
2008.07.16 14:45:29.895,2.0915,2.0918,2.00,1.00
2008.07.16 14:45:30.243,2.0915,2.0918,1.00,1.00
2008.07.16 14:45:30.470,2.0915,2.0917,1.00,1.00
2008.07.16 14:45:31.000,2.09145,2.0918,3.70,1.00
2008.07.16 14:45:32.396,2.0916,2.0918,1.00,1.00
2008.07.16 14:45:32.687,2.09165,2.09195,2.70,1.00
2008.07.16 14:45:33.064,2.09165,2.092,2.70,3.20
2008.07.16 14:45:33.173,2.09165,2.092,2.70,1.00
2008.07.16 14:45:33.655,2.09165,2.092,3.30,1.00
2008.07.16 14:45:34.692,2.09165,2.092,2.70,1.00
2008.07.16 14:45:35.074,2.09165,2.092,3.30,1.00
2008.07.16 14:45:36.203,2.0917,2.092,3.20,1.00
2008.07.16 14:45:36.656,2.09155,2.0919,5.40,1.00
2008.07.16 14:45:36.887,2.09155,2.0919,6.30,1.00
2008.07.16 14:45:37.149,2.0917,2.09215,2.70,2.10
2008.07.16 14:45:37.670,2.0915,2.092,4.70,1.70
2008.07.16 14:45:37.922,2.0915,2.092,3.70,2.70
2008.07.16 14:45:38.132,2.0916,2.0921,2.70,3.90
2008.07.16 14:45:38.382,2.0916,2.0921,2.70,1.70
2008.07.16 14:45:38.614,2.0916,2.0921,3.60,1.70
2008.07.16 14:45:38.872,2.09165,2.09195,1.00,1.70
2008.07.16 14:45:39.461,2.09155,2.09195,3.70,1.70
2008.07.16 14:45:39.761,2.09155,2.09185,1.00,1.70
2008.07.16 14:45:40.472,2.09155,2.09195,4.50,2.70
2008.07.16 14:45:40.810,2.0916,2.0919,1.00,1.00
2008.07.16 14:45:41.162,2.09165,2.092,3.30,1.00
2008.07.16 14:45:41.522,2.09165,2.092,3.70,1.00
2008.07.16 14:45:41.879,2.09165,2.092,2.70,1.00
2008.07.16 14:45:42.645,2.0916,2.0919,2.00,1.00
2008.07.16 14:45:43.076,2.0916,2.0919,1.60,1.00
2008.07.16 14:45:43.625,2.09155,2.0919,4.70,1.00
2008.07.16 14:45:44.712,2.09155,2.0919,4.50,1.00
2008.07.16 14:45:45.310,2.09165,2.092,2.70,1.00
2008.07.16 14:45:45.532,2.0917,2.092,3.20,1.00
2008.07.16 14:45:45.894,2.09165,2.092,3.60,1.00
2008.07.16 14:45:46.940,2.09165,2.092,2.70,1.00
2008.07.16 14:45:47.155,2.0916,2.0919,1.00,1.00
2008.07.16 14:45:47.618,2.09165,2.092,2.70,1.00
2008.07.16 14:45:48.089,2.0918,2.0921,2.70,1.00
2008.07.16 14:45:48.712,2.0917,2.09205,2.70,1.00
2008.07.16 14:45:49.032,2.0917,2.09205,2.70,2.10
2008.07.16 14:45:49.322,2.0915,2.0919,3.60,1.00
2008.07.16 14:45:49.899,2.0915,2.0919,2.70,2.20
2008.07.16 14:45:50.358,2.09145,2.0918,2.70,1.00
2008.07.16 14:45:51.531,2.09145,2.0918,3.60,1.00
2008.07.16 14:45:51.898,2.09145,2.0917,1.00,1.00
2008.07.16 14:45:52.254,2.0914,2.0917,1.00,1.00
2008.07.16 14:45:53.499,2.09145,2.0917,1.60,1.00
2008.07.16 14:45:53.733,2.0916,2.0921,2.70,3.30
2008.07.16 14:45:54.117,2.0916,2.09215,2.70,4.90
2008.07.16 14:45:54.331,2.0916,2.0921,2.70,3.20
2008.07.16 14:45:54.689,2.0916,2.09215,3.70,1.70
2008.07.16 14:45:55.048,2.0918,2.09205,1.00,1.70
2008.07.16 14:45:55.402,2.0918,2.0923,3.30,2.70
2008.07.16 14:45:55.658,2.0918,2.0923,2.70,2.70
2008.07.16 14:45:56.420,2.09185,2.0922,2.70,2.80
2008.07.16 14:45:56.727,2.09175,2.0921,2.70,1.00
2008.07.16 14:45:57.966,2.0918,2.0921,1.00,1.00
2008.07.16 14:45:58.365,2.09175,2.0921,3.60,1.00
2008.07.16 14:45:59.825,2.0918,2.0921,1.00,1.00
2008.07.16 14:46:00.047,2.09185,2.0921,1.00,1.00
2008.07.16 14:46:00.275,2.0919,2.0921,1.00,1.00
2008.07.16 14:46:00.496,2.0919,2.0922,1.60,1.00
2008.07.16 14:46:00.716,2.09185,2.0922,3.60,1.00
2008.07.16 14:46:01.467,2.092,2.0923,2.70,1.00
2008.07.16 14:46:01.724,2.092,2.09245,3.60,1.70
2008.07.16 14:46:02.135,2.092,2.09245,4.70,1.70
2008.07.16 14:46:04.028,2.09215,2.0924,1.00,1.00
2008.07.16 14:46:04.707,2.09205,2.0924,3.60,1.00
2008.07.16 14:46:05.693,2.09215,2.0924,1.00,1.00
2008.07.16 14:46:05.953,2.09205,2.0924,3.60,1.00
2008.07.16 14:46:06.100,2.09205,2.09245,3.60,4.40
2008.07.16 14:46:06.459,2.09205,2.09235,1.00,1.70
2008.07.16 14:46:07.167,2.09195,2.09235,3.30,1.70
2008.07.16 14:46:08.105,2.092,2.09235,1.00,1.70
2008.07.16 14:46:08.525,2.09195,2.09235,3.30,3.90
2008.07.16 14:46:09.073,2.09195,2.0922,1.00,1.00
2008.07.16 14:46:09.712,2.092,2.0922,1.00,1.00
2008.07.16 14:46:10.292,2.092,2.0922,3.90,1.00
2008.07.16 14:46:10.901,2.092,2.0923,3.90,1.00
2008.07.16 14:46:11.516,2.092,2.0923,3.20,1.00
2008.07.16 14:46:11.823,2.09205,2.0923,1.00,1.00
2008.07.16 14:46:15.163,2.092,2.09225,3.20,1.70
2008.07.16 14:46:15.462,2.0919,2.09225,4.10,2.80
2008.07.16 14:46:15.828,2.0919,2.0921,4.10,1.70
2008.07.16 14:46:16.074,2.092,2.09205,3.20,1.00
2008.07.16 14:46:16.281,2.092,2.09205,4.10,1.00
2008.07.16 14:46:17.096,2.0919,2.092,4.80,1.00
2008.07.16 14:46:18.059,2.0918,2.0919,8.80,1.00
2008.07.16 14:46:19.390,2.0919,2.09195,3.20,1.50
2008.07.16 14:46:19.588,2.0915,2.0919,1.00,1.00
2008.07.16 14:46:20.003,2.09155,2.0919,1.00,1.00
2008.07.16 14:46:20.420,2.09155,2.09215,3.70,3.50
2008.07.16 14:46:20.633,2.09165,2.0922,3.70,4.90
2008.07.16 14:46:20.896,2.09165,2.0922,4.70,2.70
2008.07.16 14:46:21.642,2.0917,2.09215,1.00,1.70
2008.07.16 14:46:21.901,2.09175,2.09215,2.70,1.70
2008.07.16 14:46:22.789,2.09185,2.09225,2.70,2.70
2008.07.16 14:46:23.443,2.09175,2.09215,2.70,1.70
2008.07.16 14:46:24.966,2.0919,2.0921,1.00,1.00
2008.07.16 14:46:25.126,2.09205,2.0921,1.00,1.00
2008.07.16 14:46:25.304,2.0922,2.09225,2.70,1.00
2008.07.16 14:46:25.452,2.0918,2.09225,14.40,1.00
2008.07.16 14:46:25.588,2.09185,2.0923,1.00,4.30
2008.07.16 14:46:25.802,2.09195,2.0923,2.70,4.30
2008.07.16 14:46:26.172,2.09195,2.09245,3.70,1.70
2008.07.16 14:46:26.535,2.0922,2.0926,2.70,5.40
2008.07.16 14:46:26.895,2.0922,2.09265,2.70,4.80
2008.07.16 14:46:27.170,2.0922,2.09255,2.70,3.10
2008.07.16 14:46:27.442,2.0922,2.09265,2.70,3.90
2008.07.16 14:46:27.743,2.09225,2.09265,2.70,1.70
2008.07.16 14:46:28.018,2.09225,2.0926,3.70,1.00
2008.07.16 14:46:29.400,2.0924,2.0927,2.70,2.10
2008.07.16 14:46:29.951,2.09225,2.0927,1.00,1.00
2008.07.16 14:46:30.238,2.09225,2.0927,2.10,1.00
2008.07.16 14:46:30.378,2.0923,2.0927,1.00,1.00
2008.07.16 14:46:30.769,2.09235,2.0927,1.00,2.20
2008.07.16 14:46:30.908,2.09235,2.0927,3.70,1.00
2008.07.16 14:46:31.053,2.09235,2.0927,2.70,1.00
2008.07.16 14:46:31.409,2.09235,2.0927,2.70,2.20
2008.07.16 14:46:31.781,2.09225,2.09255,1.00,1.00
2008.07.16 14:46:32.143,2.09225,2.09265,1.00,1.00
2008.07.16 14:46:32.419,2.09235,2.09265,1.00,1.00
2008.07.16 14:46:32.712,2.0924,2.09265,1.00,1.00
2008.07.16 14:46:32.995,2.09225,2.0926,3.70,1.00
2008.07.16 14:46:33.280,2.09225,2.0926,1.00,1.00
2008.07.16 14:46:33.488,2.09215,2.0926,4.80,1.00
2008.07.16 14:46:33.697,2.0922,2.0926,1.00,1.00
2008.07.16 14:46:34.125,2.09215,2.0926,4.80,1.00
2008.07.16 14:46:34.409,2.09225,2.0926,2.70,1.00
2008.07.16 14:46:35.030,2.09215,2.0926,4.80,1.00
2008.07.16 14:46:35.391,2.0923,2.0926,1.00,1.00
2008.07.16 14:46:35.508,2.0924,2.0926,1.00,1.00
2008.07.16 14:46:35.634,2.0924,2.0926,3.20,1.00
2008.07.16 14:46:35.752,2.0924,2.0927,3.20,1.00
2008.07.16 14:46:36.009,2.0923,2.0927,4.00,1.00
2008.07.16 14:46:36.140,2.0923,2.0927,5.20,1.00
2008.07.16 14:46:36.526,2.09245,2.0928,1.00,1.00
2008.07.16 14:46:36.913,2.0924,2.0928,1.00,1.00
2008.07.16 14:46:38.063,2.09235,2.0928,3.70,1.00
2008.07.16 14:46:38.230,2.09235,2.09265,1.00,1.00
2008.07.16 14:46:38.920,2.0923,2.09265,2.10,1.00
2008.07.16 14:46:39.261,2.0923,2.0926,1.00,1.00
2008.07.16 14:46:39.928,2.09225,2.0926,4.80,1.00
2008.07.16 14:46:40.226,2.0923,2.0926,1.00,1.00
2008.07.16 14:46:41.061,2.0923,2.0926,2.10,1.00
2008.07.16 14:46:41.637,2.0923,2.0926,1.00,1.00
2008.07.16 14:46:42.214,2.0923,2.0926,2.10,1.00
2008.07.16 14:46:45.161,2.09225,2.0926,3.70,1.00
2008.07.16 14:46:46.046,2.09225,2.0924,1.00,1.00
2008.07.16 14:46:46.286,2.0922,2.0924,2.10,1.00
2008.07.16 14:46:46.745,2.0922,2.0926,1.00,1.00
2008.07.16 14:46:47.270,2.09215,2.0925,4.80,1.00
2008.07.16 14:46:47.518,2.09215,2.0925,4.80,2.10
2008.07.16 14:46:47.778,2.09215,2.0924,2.10,1.00
2008.07.16 14:46:48.124,2.09215,2.0925,4.80,1.00
2008.07.16 14:46:48.968,2.09215,2.0925,3.70,1.00
2008.07.16 14:46:50.139,2.09225,2.0926,2.70,1.00
2008.07.16 14:46:50.662,2.09225,2.0925,2.70,1.20
2008.07.16 14:46:51.034,2.09215,2.09235,1.00,1.00
2008.07.16 14:46:51.391,2.092,2.09235,1.70,1.00
2008.07.16 14:46:51.754,2.092,2.09235,1.00,1.00
2008.07.16 14:46:52.014,2.09195,2.09235,4.80,1.00
2008.07.16 14:46:52.309,2.0919,2.0922,1.00,1.00
2008.07.16 14:46:52.839,2.0918,2.0922,1.00,1.00
2008.07.16 14:46:53.291,2.09185,2.0922,1.00,1.00
2008.07.16 14:46:53.739,2.09185,2.0922,2.70,1.00
2008.07.16 14:46:55.554,2.0919,2.0922,1.00,1.00
2008.07.16 14:46:55.737,2.09205,2.09245,2.70,4.30
2008.07.16 14:46:56.061,2.09205,2.09245,2.70,2.10
2008.07.16 14:46:56.435,2.09205,2.09245,2.70,1.00
2008.07.16 14:46:56.789,2.09205,2.0924,2.70,2.10
2008.07.16 14:46:57.047,2.09205,2.0924,2.70,3.10
2008.07.16 14:46:57.311,2.0919,2.0924,10.10,3.10
2008.07.16 14:46:57.813,2.0921,2.0924,2.70,3.10
2008.07.16 14:46:58.226,2.09195,2.09245,5.40,2.00
2008.07.16 14:46:58.918,2.0921,2.0925,1.00,4.30
2008.07.16 14:46:59.303,2.09225,2.0925,2.70,1.00
2008.07.16 14:46:59.662,2.09225,2.09255,2.70,1.00
2008.07.16 14:47:00.025,2.09225,2.0926,2.70,1.00
2008.07.16 14:47:00.312,2.09225,2.0926,2.70,2.10
2008.07.16 14:47:00.967,2.09225,2.0925,2.70,1.00
2008.07.16 14:47:01.334,2.0924,2.09265,2.70,1.00
2008.07.16 14:47:01.676,2.0923,2.09265,2.70,1.00
2008.07.16 14:47:02.334,2.0921,2.0926,3.70,3.20
2008.07.16 14:47:02.633,2.09205,2.0926,1.00,4.10
2008.07.16 14:47:02.902,2.0921,2.0926,1.00,1.00
2008.07.16 14:47:03.462,2.09225,2.0926,2.70,1.00
2008.07.16 14:47:03.774,2.09215,2.0925,3.70,1.00
2008.07.16 14:47:05.159,2.09215,2.0924,1.00,1.00
2008.07.16 14:47:05.436,2.0921,2.0924,2.10,1.00
2008.07.16 14:47:05.579,2.09215,2.0924,1.00,1.00
2008.07.16 14:47:05.730,2.0921,2.0924,2.10,1.00
2008.07.16 14:47:05.885,2.09215,2.09265,2.70,2.10
2008.07.16 14:47:06.033,2.09215,2.09265,3.50,2.10
2008.07.16 14:47:06.397,2.09225,2.09245,1.00,1.00
2008.07.16 14:47:06.755,2.0922,2.09245,1.00,1.00
2008.07.16 14:47:07.286,2.09205,2.09245,3.70,1.00
2008.07.16 14:47:07.623,2.09215,2.0925,2.70,1.00
2008.07.16 14:47:07.928,2.0921,2.0924,1.00,1.00
2008.07.16 14:47:08.772,2.0921,2.0923,1.00,1.00
2008.07.16 14:47:09.329,2.092,2.0923,1.00,1.00
2008.07.16 14:47:09.697,2.09195,2.0923,2.70,1.00
2008.07.16 14:47:09.999,2.09195,2.0923,3.70,1.00
2008.07.16 14:47:10.295,2.09195,2.0923,4.80,1.00
2008.07.16 14:47:10.879,2.09195,2.0923,2.70,1.00
2008.07.16 14:47:11.995,2.0919,2.0922,1.00,1.00
2008.07.16 14:47:12.348,2.09185,2.0922,3.70,1.00
2008.07.16 14:47:12.666,2.09185,2.0922,2.70,1.00
2008.07.16 14:47:13.500,2.0918,2.0921,1.00,1.00
2008.07.16 14:47:13.899,2.09175,2.0921,3.70,1.00
2008.07.16 14:47:14.299,2.09185,2.0922,2.70,1.00
2008.07.16 14:47:15.000,2.09195,2.0923,2.70,2.10
2008.07.16 14:47:15.898,2.09195,2.0923,2.70,1.00
2008.07.16 14:47:16.242,2.09185,2.0922,2.70,1.40
2008.07.16 14:47:17.552,2.0918,2.09205,1.00,1.40
2008.07.16 14:47:17.739,2.09185,2.09205,1.00,1.40
2008.07.16 14:47:17.906,2.0917,2.09205,2.80,1.40
2008.07.16 14:47:18.074,2.0917,2.09205,2.10,1.40
2008.07.16 14:47:18.235,2.0917,2.09205,1.00,1.40
2008.07.16 14:47:18.804,2.0917,2.0919,1.00,1.40
2008.07.16 14:47:19.319,2.09165,2.0919,1.00,1.40
2008.07.16 14:47:19.836,2.09165,2.0919,2.10,1.40
2008.07.16 14:47:20.357,2.09165,2.092,4.80,1.40
2008.07.16 14:47:21.110,2.09165,2.092,3.70,1.40
2008.07.16 14:47:21.340,2.09165,2.092,3.30,2.70
2008.07.16 14:47:21.631,2.0916,2.09185,2.10,1.40
2008.07.16 14:47:21.940,2.0915,2.09205,8.30,2.40
2008.07.16 14:47:22.537,2.09165,2.09205,2.70,1.40
2008.07.16 14:47:22.897,2.0917,2.09205,1.00,1.40
2008.07.16 14:47:23.080,2.0917,2.092,2.90,1.40
2008.07.16 14:47:23.262,2.09185,2.09225,2.70,3.50
2008.07.16 14:47:23.445,2.09185,2.09225,3.70,1.40
2008.07.16 14:47:23.614,2.09185,2.09225,2.70,1.40
2008.07.16 14:47:25.133,2.09185,2.0922,3.70,1.40
2008.07.16 14:47:26.386,2.09185,2.0922,2.70,1.40
2008.07.16 14:47:26.926,2.09195,2.09235,2.70,2.00
2008.07.16 14:47:27.593,2.09185,2.0922,2.70,1.40
2008.07.16 14:47:28.188,2.09185,2.0922,3.70,1.40
2008.07.16 14:47:28.417,2.09195,2.09235,2.70,1.00
2008.07.16 14:47:28.644,2.09195,2.09235,2.70,3.10
2008.07.16 14:47:29.372,2.09185,2.0922,3.70,1.40
2008.07.16 14:47:29.669,2.09185,2.0922,4.70,1.40
2008.07.16 14:47:30.004,2.09195,2.0923,2.70,1.40
2008.07.16 14:47:30.300,2.09195,2.0923,3.70,1.40
2008.07.16 14:47:31.791,2.09195,2.0923,2.70,1.40
2008.07.16 14:47:34.656,2.09205,2.09235,2.70,1.00
2008.07.16 14:47:35.016,2.09195,2.0922,1.00,1.40
2008.07.16 14:47:35.563,2.09185,2.0922,2.70,1.40
2008.07.16 14:47:36.146,2.09175,2.0921,3.70,1.40
2008.07.16 14:47:36.648,2.09175,2.092,1.00,1.40
2008.07.16 14:47:37.165,2.0917,2.092,2.10,1.40
2008.07.16 14:47:37.533,2.09175,2.0921,3.70,1.40
2008.07.16 14:47:37.695,2.09175,2.0921,2.70,1.40
2008.07.16 14:47:39.810,2.09175,2.0921,4.80,1.40
2008.07.16 14:47:40.486,2.09185,2.0922,2.70,1.40
2008.07.16 14:47:41.183,2.0918,2.0922,1.00,1.40
2008.07.16 14:47:41.926,2.09175,2.09205,2.10,1.40
2008.07.16 14:47:42.263,2.09175,2.09205,1.00,1.40
2008.07.16 14:47:42.641,2.09175,2.09215,3.70,1.40
2008.07.16 14:47:43.928,2.0918,2.0921,2.10,1.40
2008.07.16 14:47:44.141,2.0918,2.0921,1.00,1.40
2008.07.16 14:47:44.580,2.09175,2.0921,3.70,1.40
2008.07.16 14:47:45.088,2.09175,2.0921,2.70,1.40
2008.07.16 14:47:54.905,2.09165,2.092,4.80,1.40
2008.07.16 14:47:55.422,2.09165,2.092,3.70,1.40
2008.07.16 14:47:55.692,2.09165,2.092,4.50,2.40
2008.07.16 14:47:55.852,2.09165,2.09195,4.50,1.00
2008.07.16 14:47:55.988,2.09165,2.092,5.80,1.40
2008.07.16 14:47:56.447,2.09175,2.0921,2.70,1.40
2008.07.16 14:47:57.852,2.09175,2.0921,3.30,1.40
2008.07.16 14:47:58.207,2.09175,2.0921,2.70,1.40
2008.07.16 14:47:58.684,2.0918,2.0921,1.00,1.40
2008.07.16 14:47:58.969,2.09175,2.0921,3.70,1.40
2008.07.16 14:47:59.256,2.0918,2.0921,1.00,1.40
2008.07.16 14:47:59.830,2.0917,2.092,1.70,1.40
2008.07.16 14:48:00.138,2.0917,2.092,1.00,1.40
2008.07.16 14:48:00.448,2.09175,2.092,1.00,1.40
2008.07.16 14:48:00.606,2.09175,2.092,2.10,1.40
2008.07.16 14:48:00.770,2.09175,2.0921,4.80,1.40
2008.07.16 14:48:01.267,2.09175,2.0921,3.70,1.40
2008.07.16 14:48:01.426,2.0918,2.0921,1.00,1.40
2008.07.16 14:48:02.151,2.09175,2.0921,3.30,1.40
2008.07.16 14:48:02.506,2.0918,2.0921,1.00,1.40
2008.07.16 14:48:03.275,2.0918,2.0921,1.00,2.50
2008.07.16 14:48:03.406,2.0918,2.092,1.00,1.40
2008.07.16 14:48:03.535,2.09165,2.092,3.70,1.40
2008.07.16 14:48:04.059,2.0917,2.092,1.00,1.40
2008.07.16 14:48:04.624,2.09155,2.092,1.00,1.40
2008.07.16 14:48:05.049,2.09155,2.0919,1.00,1.40
2008.07.16 14:48:05.421,2.09145,2.09175,2.90,1.40
2008.07.16 14:48:05.776,2.09145,2.09175,1.70,1.40
2008.07.16 14:48:06.084,2.09145,2.09175,2.90,1.40
2008.07.16 14:48:06.391,2.0915,2.09185,2.10,1.40
2008.07.16 14:48:06.695,2.09155,2.0918,1.00,1.40
2008.07.16 14:48:06.914,2.0915,2.0918,3.90,1.40
2008.07.16 14:48:07.590,2.0916,2.0919,1.00,1.40
2008.07.16 14:48:07.978,2.09155,2.0918,1.00,1.40
2008.07.16 14:48:08.473,2.0915,2.0918,1.00,1.40
2008.07.16 14:48:09.611,2.09165,2.0918,1.00,1.40
2008.07.16 14:48:10.234,2.0915,2.0918,1.00,1.40
2008.07.16 14:48:10.693,2.09155,2.0919,3.70,1.40
2008.07.16 14:48:12.351,2.09155,2.0918,1.00,1.40
2008.07.16 14:48:12.574,2.09145,2.0918,3.70,1.40
2008.07.16 14:48:14.182,2.09145,2.0918,4.80,1.40
2008.07.16 14:48:14.634,2.09145,2.0918,5.80,1.40
2008.07.16 14:48:14.861,2.09155,2.0918,1.00,1.40
2008.07.16 14:48:15.264,2.09155,2.0919,3.70,1.40
2008.07.16 14:48:18.468,2.09155,2.0919,2.70,1.40
2008.07.16 14:48:19.560,2.0915,2.0918,1.00,1.40
2008.07.16 14:48:20.233,2.0915,2.0918,1.00,1.40
2008.07.16 14:48:20.362,2.09145,2.0918,3.70,1.40
2008.07.16 14:48:20.585,2.0915,2.0918,1.00,1.40
2008.07.16 14:48:21.022,2.0915,2.0918,1.80,1.40
2008.07.16 14:48:21.253,2.09165,2.0918,1.00,1.40
2008.07.16 14:48:22.018,2.09165,2.0919,1.00,1.40
2008.07.16 14:48:22.613,2.09165,2.09175,1.00,1.40
2008.07.16 14:48:22.884,2.0915,2.09175,1.00,1.40
2008.07.16 14:48:23.153,2.09165,2.09185,1.00,1.40
2008.07.16 14:48:23.700,2.0915,2.0918,1.80,1.40
2008.07.16 14:48:23.971,2.09155,2.0919,3.70,1.40
2008.07.16 14:48:24.230,2.09155,2.0919,4.50,1.40
2008.07.16 14:48:24.689,2.09155,2.0919,3.70,1.40
2008.07.16 14:48:24.901,2.09155,2.0918,1.80,1.40
2008.07.16 14:48:25.111,2.09145,2.0918,3.50,1.40
2008.07.16 14:48:25.887,2.0915,2.0918,1.00,1.40
2008.07.16 14:48:25.993,2.0915,2.0917,1.00,1.40
2008.07.16 14:48:26.102,2.09135,2.0917,4.50,1.40
2008.07.16 14:48:26.221,2.09135,2.0917,5.60,1.40
2008.07.16 14:48:26.719,2.09135,2.0917,4.80,1.40
2008.07.16 14:48:27.150,2.09135,2.0917,3.70,1.40
2008.07.16 14:48:27.435,2.0914,2.0917,1.00,1.40
2008.07.16 14:48:27.721,2.09145,2.0917,1.00,1.40
2008.07.16 14:48:28.326,2.0913,2.09155,2.10,1.40
2008.07.16 14:48:28.621,2.0913,2.09155,1.00,1.40
2008.07.16 14:48:29.087,2.09125,2.09155,1.00,1.40
2008.07.16 14:48:29.980,2.0913,2.0915,1.00,1.40
2008.07.16 14:48:30.330,2.0913,2.0916,1.00,1.40
2008.07.16 14:48:30.678,2.09135,2.0916,1.00,1.40
2008.07.16 14:48:33.014,2.0913,2.0916,1.00,1.40
2008.07.16 14:48:33.393,2.0913,2.0915,1.00,1.40
2008.07.16 14:48:33.540,2.09125,2.0915,1.00,1.40
2008.07.16 14:48:33.815,2.0912,2.0915,1.00,1.40
2008.07.16 14:48:34.371,2.09115,2.0915,4.80,1.40
2008.07.16 14:48:34.662,2.09115,2.0914,2.10,1.40
2008.07.16 14:48:35.229,2.09115,2.0914,1.00,1.40
2008.07.16 14:48:35.516,2.0911,2.0914,1.00,1.40
2008.07.16 14:48:36.077,2.0911,2.0914,1.70,1.40
2008.07.16 14:48:36.536,2.0911,2.0914,1.00,1.40
2008.07.16 14:48:38.318,2.09105,2.0913,1.00,1.40
2008.07.16 14:48:38.586,2.09105,2.0913,1.80,1.40
2008.07.16 14:48:38.902,2.09115,2.09155,3.70,1.40
2008.07.16 14:48:39.754,2.09115,2.09145,1.00,1.40
2008.07.16 14:48:40.097,2.09105,2.0914,3.70,1.40
2008.07.16 14:48:40.445,2.09105,2.0914,4.50,1.40
2008.07.16 14:48:40.788,2.09105,2.0914,3.70,1.40
2008.07.16 14:48:40.908,2.09115,2.0914,1.00,1.40
2008.07.16 14:48:41.171,2.09105,2.0914,3.70,1.40
2008.07.16 14:48:44.806,2.09105,2.0913,1.00,1.40
2008.07.16 14:48:45.965,2.09105,2.0913,1.60,1.40
2008.07.16 14:48:46.386,2.0912,2.09155,1.00,2.40
2008.07.16 14:48:46.737,2.09115,2.09155,3.70,1.40
2008.07.16 14:48:47.789,2.09115,2.09135,1.00,1.40
2008.07.16 14:48:48.039,2.0911,2.09135,4.00,1.40
2008.07.16 14:48:48.288,2.09125,2.09155,1.00,1.40
2008.07.16 14:48:48.626,2.09135,2.09165,2.70,5.40
2008.07.16 14:48:48.960,2.0914,2.09175,1.00,1.40
2008.07.16 14:48:49.342,2.09135,2.0917,3.70,1.40
2008.07.16 14:48:49.948,2.09135,2.0917,6.60,1.40
2008.07.16 14:48:50.275,2.09145,2.0918,3.30,1.40
2008.07.16 14:48:50.608,2.09135,2.0917,5.80,1.40
2008.07.16 14:48:50.905,2.09135,2.0917,4.80,1.40
2008.07.16 14:48:51.205,2.09135,2.0918,4.80,1.40
2008.07.16 14:48:51.523,2.09135,2.0918,4.50,2.40
2008.07.16 14:48:51.862,2.09135,2.0918,4.80,1.40
2008.07.16 14:48:52.179,2.09135,2.0918,3.70,1.40
2008.07.16 14:48:52.339,2.0913,2.09165,2.10,1.40
2008.07.16 14:48:52.660,2.0913,2.09165,1.00,1.40
2008.07.16 14:48:53.057,2.09125,2.09165,1.00,1.40
2008.07.16 14:48:53.431,2.09125,2.0916,2.10,1.40
2008.07.16 14:48:53.776,2.0913,2.0916,1.00,1.40
2008.07.16 14:48:53.964,2.09135,2.0917,2.70,1.40
2008.07.16 14:48:55.526,2.09145,2.0917,3.70,2.10
2008.07.16 14:48:55.844,2.09155,2.09195,1.00,1.40
2008.07.16 14:48:56.125,2.09165,2.09205,2.70,9.00
2008.07.16 14:48:56.411,2.09165,2.09205,2.70,6.80
2008.07.16 14:48:56.697,2.09165,2.09205,2.70,1.40
2008.07.16 14:48:57.622,2.09165,2.092,2.70,2.50
2008.07.16 14:48:58.086,2.09155,2.0919,3.70,1.40
2008.07.16 14:48:58.614,2.0915,2.09175,1.00,1.40
2008.07.16 14:48:59.235,2.0915,2.0917,1.00,1.20
2008.07.16 14:48:59.460,2.0914,2.09165,6.00,1.20
2008.07.16 14:48:59.702,2.09105,2.0915,3.30,1.40
2008.07.16 14:49:00.248,2.09105,2.0915,2.70,1.40
2008.07.16 14:49:00.605,2.09105,2.0915,3.70,1.40
2008.07.16 14:49:00.966,2.09115,2.0915,4.80,1.40
2008.07.16 14:49:01.515,2.0912,2.0915,1.00,1.40
2008.07.16 14:49:02.092,2.09115,2.0914,1.00,1.40
2008.07.16 14:49:03.504,2.09115,2.0915,3.70,1.40
2008.07.16 14:49:03.692,2.0913,2.0915,1.00,1.40
2008.07.16 14:49:04.201,2.09115,2.0915,3.70,1.40
2008.07.16 14:49:04.709,2.09115,2.0915,4.80,1.40
2008.07.16 14:49:04.963,2.0913,2.09175,2.70,3.50
2008.07.16 14:49:05.302,2.09115,2.0915,1.00,1.40
2008.07.16 14:49:05.974,2.09125,2.0917,3.70,1.40
2008.07.16 14:49:06.332,2.09125,2.0916,3.30,1.40
2008.07.16 14:49:06.626,2.0912,2.09155,1.00,1.00
2008.07.16 14:49:06.922,2.0912,2.0916,1.00,2.50
2008.07.16 14:49:07.225,2.09115,2.0915,2.70,1.40
2008.07.16 14:49:07.925,2.09115,2.0915,3.30,1.40
2008.07.16 14:49:08.813,2.09115,2.0915,2.70,1.40
2008.07.16 14:49:09.115,2.09125,2.0916,2.70,2.70
2008.07.16 14:49:09.355,2.09125,2.0916,2.70,1.40
2008.07.16 14:49:09.603,2.09115,2.0915,4.80,1.40
2008.07.16 14:49:09.871,2.09115,2.0915,3.70,1.40
2008.07.16 14:49:10.083,2.09115,2.0915,3.70,1.40
2008.07.16 14:49:10.711,2.09125,2.0916,3.50,1.40
2008.07.16 14:49:11.033,2.09125,2.0916,1.80,1.40
2008.07.16 14:49:11.364,2.0914,2.0916,1.00,1.40
2008.07.16 14:49:11.673,2.09125,2.09145,2.10,1.40
2008.07.16 14:49:11.993,2.09125,2.09145,3.10,1.40
2008.07.16 14:49:12.292,2.09125,2.09165,5.80,1.40
2008.07.16 14:49:13.904,2.09125,2.0916,4.80,1.40
2008.07.16 14:49:15.807,2.09135,2.0917,2.70,2.70
2008.07.16 14:49:15.958,2.09135,2.0917,2.70,2.40
2008.07.16 14:49:16.101,2.0912,2.09155,1.00,1.40
2008.07.16 14:49:16.238,2.0912,2.09155,2.10,1.40
2008.07.16 14:49:16.573,2.0912,2.09155,2.00,1.40
2008.07.16 14:49:16.949,2.0912,2.09165,1.00,1.40
2008.07.16 14:49:17.311,2.09115,2.0916,3.70,1.40
2008.07.16 14:49:17.619,2.09115,2.09145,1.00,1.40
2008.07.16 14:49:18.258,2.09115,2.09145,1.00,1.40
2008.07.16 14:49:18.448,2.0911,2.09145,1.00,1.40
2008.07.16 14:49:19.342,2.09105,2.0914,3.70,1.40
2008.07.16 14:49:21.599,2.091,2.09125,1.00,1.40
2008.07.16 14:49:22.231,2.091,2.09135,1.00,2.40
2008.07.16 14:49:22.740,2.09095,2.0913,3.70,1.40
2008.07.16 14:49:23.058,2.0911,2.0914,1.00,2.40
2008.07.16 14:49:23.377,2.091,2.0913,1.00,1.40
2008.07.16 14:49:23.759,2.09105,2.0913,1.80,1.40
2008.07.16 14:49:23.881,2.0912,2.0914,1.00,3.10
2008.07.16 14:49:24.035,2.0911,2.0914,3.30,3.10
2008.07.16 14:49:24.287,2.0911,2.0915,3.30,3.60
2008.07.16 14:49:24.464,2.09115,2.0915,1.60,1.40
2008.07.16 14:49:24.820,2.0911,2.0915,2.70,1.40
2008.07.16 14:49:25.184,2.09105,2.0915,4.50,1.40
2008.07.16 14:49:25.539,2.0911,2.0914,1.00,1.40
2008.07.16 14:49:25.870,2.0911,2.0914,1.80,1.40
2008.07.16 14:49:26.180,2.09115,2.0915,3.70,1.40
2008.07.16 14:49:26.850,2.09115,2.0915,5.60,1.40
2008.07.16 14:49:27.157,2.09115,2.0915,4.80,1.40
2008.07.16 14:49:27.468,2.0913,2.09175,2.70,2.40
2008.07.16 14:49:28.069,2.0912,2.09165,3.70,1.40
2008.07.16 14:49:29.504,2.0912,2.0915,1.80,1.40
2008.07.16 14:49:30.385,2.0912,2.0915,1.00,1.40
2008.07.16 14:49:31.185,2.09125,2.0915,1.00,1.40
2008.07.16 14:49:31.454,2.09115,2.0915,4.80,1.40
2008.07.16 14:49:31.725,2.09125,2.0916,2.70,1.40
2008.07.16 14:49:32.875,2.09115,2.0915,4.80,1.40
2008.07.16 14:49:33.715,2.09125,2.0916,2.70,1.40
2008.07.16 14:49:34.077,2.0912,2.0915,1.00,1.40
2008.07.16 14:49:34.583,2.09115,2.0915,3.70,1.40
2008.07.16 14:49:35.276,2.09115,2.0915,1.80,1.40
2008.07.16 14:49:35.781,2.09115,2.0915,1.00,1.40
2008.07.16 14:49:36.027,2.0911,2.0915,2.10,1.40
2008.07.16 14:49:36.506,2.0912,2.0915,1.00,1.40
2008.07.16 14:49:36.756,2.09135,2.09165,2.70,2.00
2008.07.16 14:49:37.014,2.09135,2.09165,2.70,1.00
2008.07.16 14:49:37.155,2.0911,2.0915,3.70,1.40
2008.07.16 14:49:37.710,2.0911,2.0915,1.00,1.40
2008.07.16 14:49:38.131,2.0912,2.0915,1.00,1.40
2008.07.16 14:49:38.485,2.09115,2.0915,3.70,1.40
2008.07.16 14:49:38.856,2.09125,2.0915,1.00,1.40
2008.07.16 14:49:39.156,2.0911,2.0915,1.00,1.40
2008.07.16 14:49:39.301,2.0911,2.0915,2.10,1.40
2008.07.16 14:49:39.451,2.09115,2.0915,1.00,1.40
2008.07.16 14:49:39.602,2.09115,2.0915,3.70,1.40
2008.07.16 14:49:40.615,2.0913,2.0915,1.00,1.40
2008.07.16 14:49:40.872,2.0912,2.0915,1.80,1.40
2008.07.16 14:49:41.143,2.0912,2.0915,1.00,1.40
2008.07.16 14:49:41.363,2.0912,2.0915,1.80,1.40
2008.07.16 14:49:41.587,2.09135,2.0915,1.00,1.40
2008.07.16 14:49:41.803,2.0914,2.09175,1.00,2.40
2008.07.16 14:49:42.024,2.09145,2.09175,1.00,1.40
2008.07.16 14:49:42.223,2.09145,2.09165,1.00,1.40
2008.07.16 14:49:42.813,2.09155,2.0917,1.00,1.40
2008.07.16 14:49:43.012,2.0913,2.0918,3.70,1.40
2008.07.16 14:49:44.234,2.09135,2.0917,1.00,1.40
2008.07.16 14:49:44.510,2.09125,2.0917,4.80,1.40
2008.07.16 14:49:44.752,2.0913,2.0917,1.00,1.40
2008.07.16 14:49:44.990,2.0913,2.0917,2.10,1.40
2008.07.16 14:49:45.234,2.09125,2.0917,4.80,1.40
2008.07.16 14:49:45.710,2.0913,2.0917,2.10,1.40
2008.07.16 14:49:46.391,2.0913,2.0917,1.00,1.40
2008.07.16 14:49:48.002,2.0913,2.0918,1.00,1.40
2008.07.16 14:49:48.265,2.0913,2.0918,2.10,1.40
2008.07.16 14:49:48.547,2.09135,2.0918,1.00,1.40
2008.07.16 14:49:48.699,2.09155,2.0919,2.70,3.20
2008.07.16 14:49:48.986,2.09155,2.0919,2.70,1.00
2008.07.16 14:49:49.164,2.09155,2.09195,2.70,1.00
2008.07.16 14:49:49.494,2.0914,2.09195,1.80,1.00
2008.07.16 14:49:49.861,2.09155,2.092,2.70,2.50
2008.07.16 14:49:50.249,2.09155,2.092,3.70,2.50
2008.07.16 14:49:50.602,2.09165,2.092,2.70,1.00
2008.07.16 14:49:50.819,2.09165,2.092,3.70,1.00
2008.07.16 14:49:51.427,2.09165,2.09205,3.70,1.00
2008.07.16 14:49:52.689,2.09165,2.0921,3.70,2.50
2008.07.16 14:49:52.958,2.0917,2.0921,1.00,2.50
2008.07.16 14:49:53.102,2.0917,2.0921,1.00,1.40
2008.07.16 14:49:53.378,2.09175,2.0921,1.00,1.40
2008.07.16 14:49:53.523,2.0918,2.0921,1.00,1.40
2008.07.16 14:49:54.093,2.09165,2.0921,3.70,1.40
2008.07.16 14:49:54.259,2.09165,2.09205,3.70,1.20
2008.07.16 14:49:54.701,2.09165,2.0919,1.00,1.40
2008.07.16 14:49:55.033,2.09155,2.0919,3.70,1.40
2008.07.16 14:49:55.426,2.0916,2.0919,1.00,1.40
2008.07.16 14:49:55.787,2.09155,2.0919,3.70,1.40
2008.07.16 14:49:56.103,2.0916,2.0919,1.00,1.40
2008.07.16 14:49:56.410,2.09145,2.0919,4.50,1.40
2008.07.16 14:49:57.016,2.09145,2.0918,4.50,1.40
2008.07.16 14:49:57.330,2.09145,2.0918,1.00,1.40
2008.07.16 14:49:57.637,2.09135,2.0918,1.00,1.40
2008.07.16 14:49:58.207,2.0915,2.0918,1.00,1.40
2008.07.16 14:49:58.521,2.09155,2.0918,1.00,1.40
2008.07.16 14:49:58.800,2.09165,2.09205,2.70,2.50
2008.07.16 14:49:59.280,2.09165,2.092,2.70,1.00
2008.07.16 14:49:59.483,2.0916,2.09185,1.00,1.40
2008.07.16 14:49:59.856,2.0915,2.0918,1.00,1.40
2008.07.16 14:50:00.550,2.0915,2.0917,1.80,1.40
2008.07.16 14:50:00.905,2.0914,2.0917,1.80,1.40
2008.07.16 14:50:01.168,2.0914,2.0917,1.00,1.40
2008.07.16 14:50:01.677,2.09145,2.0917,1.60,1.40
2008.07.16 14:50:01.946,2.0915,2.09195,1.80,1.40
2008.07.16 14:50:02.238,2.0916,2.09205,1.00,2.40
2008.07.16 14:50:02.534,2.09155,2.09205,4.80,1.40
2008.07.16 14:50:02.832,2.09155,2.09205,5.60,1.40
2008.07.16 14:50:03.277,2.09165,2.092,3.30,1.40
2008.07.16 14:50:03.522,2.09155,2.0919,3.70,1.40
2008.07.16 14:50:03.757,2.0916,2.0919,1.00,1.40
2008.07.16 14:50:04.031,2.09155,2.0919,3.30,1.40
2008.07.16 14:50:05.127,2.09155,2.0919,3.70,1.40
2008.07.16 14:50:05.813,2.09155,2.0919,1.00,1.40
2008.07.16 14:50:06.048,2.0915,2.0919,2.10,1.40
2008.07.16 14:50:06.328,2.0915,2.0919,1.00,1.40
2008.07.16 14:50:08.941,2.0915,2.0919,2.10,1.40
2008.07.16 14:50:09.604,2.0915,2.0919,1.00,1.40
2008.07.16 14:50:09.846,2.09145,2.0919,2.70,3.50
2008.07.16 14:50:10.117,2.09135,2.09175,4.80,1.40
2008.07.16 14:50:10.447,2.09135,2.09155,2.10,1.40
2008.07.16 14:50:10.754,2.09135,2.09155,1.00,1.40
2008.07.16 14:50:11.056,2.09135,2.09165,1.00,1.40
2008.07.16 14:50:11.654,2.09135,2.0917,3.70,1.40
2008.07.16 14:50:12.535,2.09135,2.0917,3.30,1.40
2008.07.16 14:50:12.793,2.09135,2.0917,3.70,1.40
2008.07.16 14:50:13.085,2.0913,2.0917,1.00,1.40
2008.07.16 14:50:13.342,2.0913,2.0917,1.00,3.70
2008.07.16 14:50:13.535,2.0913,2.09165,1.00,1.20
2008.07.16 14:50:13.747,2.0912,2.0915,1.80,1.40
2008.07.16 14:50:13.992,2.0912,2.0915,1.00,1.40
2008.07.16 14:50:14.188,2.0911,2.0915,3.20,1.40
2008.07.16 14:50:14.549,2.09115,2.0915,2.70,1.40
2008.07.16 14:50:15.244,2.09125,2.0915,1.00,1.40
2008.07.16 14:50:15.597,2.09115,2.0915,3.70,1.40
2008.07.16 14:50:15.875,2.0913,2.09175,2.70,3.60
2008.07.16 14:50:16.155,2.0913,2.09175,3.30,1.40
2008.07.16 14:50:16.434,2.09135,2.09175,1.00,1.40
2008.07.16 14:50:16.733,2.0913,2.09175,3.70,1.40
2008.07.16 14:50:17.563,2.0914,2.0917,1.00,1.40
2008.07.16 14:50:18.296,2.09145,2.09195,3.70,2.40
2008.07.16 14:50:18.994,2.0915,2.09195,1.00,1.40
2008.07.16 14:50:19.410,2.09165,2.092,2.70,3.10
2008.07.16 14:50:19.817,2.09155,2.092,2.70,2.40
2008.07.16 14:50:20.560,2.09155,2.092,3.70,1.40
2008.07.16 14:50:20.763,2.09155,2.092,2.70,2.40
2008.07.16 14:50:21.160,2.0915,2.0919,1.80,1.40
2008.07.16 14:50:21.365,2.0915,2.0919,1.00,1.40
2008.07.16 14:50:21.863,2.09165,2.092,2.70,3.10
2008.07.16 14:50:22.176,2.09175,2.092,2.70,3.10
2008.07.16 14:50:22.496,2.09175,2.092,2.70,2.10
2008.07.16 14:50:22.813,2.09185,2.092,2.70,2.10
2008.07.16 14:50:23.136,2.09185,2.09225,2.70,2.50
2008.07.16 14:50:23.421,2.09185,2.0923,2.70,2.10
2008.07.16 14:50:23.715,2.09175,2.09215,1.00,1.40
2008.07.16 14:50:24.353,2.09175,2.0921,1.00,1.40
2008.07.16 14:50:24.580,2.0918,2.0921,1.00,1.40
2008.07.16 14:50:25.194,2.09185,2.0922,2.70,1.40
2008.07.16 14:50:25.506,2.09185,2.0922,3.50,1.40
2008.07.16 14:50:25.669,2.09195,2.0923,2.70,2.50
2008.07.16 14:50:25.866,2.09195,2.0923,2.70,1.40
2008.07.16 14:50:26.406,2.09185,2.0922,3.70,1.40
2008.07.16 14:50:26.561,2.09185,2.0922,4.50,1.40
2008.07.16 14:50:26.965,2.0919,2.0922,1.00,1.40
2008.07.16 14:50:27.367,2.09195,2.0923,3.30,1.40
2008.07.16 14:50:27.758,2.0919,2.0923,2.10,1.40
2008.07.16 14:50:28.030,2.09195,2.0923,2.70,1.40
2008.07.16 14:50:28.302,2.09195,2.0923,3.70,1.40
2008.07.16 14:50:28.580,2.09195,2.0923,1.00,1.40
2008.07.16 14:50:28.925,2.09185,2.0923,2.70,1.40
2008.07.16 14:50:29.180,2.09195,2.0923,2.70,1.40
2008.07.16 14:50:29.399,2.0919,2.0922,5.40,1.40
2008.07.16 14:50:30.301,2.09185,2.0922,2.70,1.40
2008.07.16 14:50:30.674,2.09185,2.0922,3.30,1.40
2008.07.16 14:50:31.449,2.09185,2.0922,3.70,1.40
2008.07.16 14:50:31.911,2.09185,2.0922,4.80,1.40
2008.07.16 14:50:32.361,2.09185,2.0922,3.70,1.40
2008.07.16 14:50:32.869,2.0918,2.0921,1.00,1.40
2008.07.16 14:50:33.122,2.09175,2.0921,3.70,1.40
2008.07.16 14:50:33.559,2.09175,2.0921,2.70,1.40
2008.07.16 14:50:33.817,2.09175,2.0921,3.30,1.40
2008.07.16 14:50:34.460,2.0917,2.09195,1.00,1.40
2008.07.16 14:50:35.362,2.09175,2.09215,2.70,1.40
2008.07.16 14:50:35.839,2.09175,2.09215,3.30,1.40
2008.07.16 14:50:37.011,2.0917,2.09195,1.00,1.40
2008.07.16 14:50:38.449,2.09165,2.0919,1.00,1.40
2008.07.16 14:50:38.769,2.09155,2.0919,5.60,1.40
2008.07.16 14:50:39.331,2.09155,2.0918,2.90,1.40
2008.07.16 14:50:39.470,2.09155,2.0918,1.70,1.40
2008.07.16 14:50:39.602,2.0915,2.0918,2.10,1.40
2008.07.16 14:50:40.737,2.09165,2.0918,1.00,1.40
2008.07.16 14:50:41.064,2.09165,2.0919,1.00,1.40
2008.07.16 14:50:41.288,2.0916,2.0919,1.80,1.40
2008.07.16 14:50:41.518,2.0917,2.092,1.00,1.40
2008.07.16 14:50:41.959,2.0917,2.092,1.00,1.40
2008.07.16 14:50:43.605,2.09175,2.092,1.00,1.40
2008.07.16 14:50:45.457,2.0918,2.092,1.00,1.40
2008.07.16 14:50:45.709,2.09185,2.092,1.00,1.40
2008.07.16 14:50:45.979,2.09185,2.09225,2.70,2.70
2008.07.16 14:50:46.242,2.0918,2.09215,1.00,1.40
2008.07.16 14:50:47.135,2.0918,2.0921,2.00,1.40
2008.07.16 14:50:47.692,2.09185,2.0922,2.70,1.40
2008.07.16 14:50:47.987,2.09195,2.0923,2.70,1.40
2008.07.16 14:50:48.269,2.09195,2.0923,3.50,1.40
2008.07.16 14:50:48.806,2.09205,2.0923,1.00,1.40
2008.07.16 14:50:49.168,2.09215,2.09245,2.70,1.00
2008.07.16 14:50:49.443,2.09215,2.0925,3.50,9.00
2008.07.16 14:50:49.741,2.09215,2.0925,3.50,6.80
2008.07.16 14:50:50.008,2.09225,2.0924,2.70,5.40
2008.07.16 14:50:50.287,2.09225,2.09265,2.70,3.60
2008.07.16 14:50:50.607,2.0922,2.09255,1.00,1.40
2008.07.16 14:50:50.922,2.09225,2.09255,1.00,1.40
2008.07.16 14:50:52.132,2.09215,2.0925,3.30,1.40
2008.07.16 14:50:52.450,2.09215,2.0925,2.70,1.40
2008.07.16 14:50:53.563,2.09205,2.0924,4.80,1.40
2008.07.16 14:50:53.721,2.09205,2.0924,3.70,1.40
2008.07.16 14:50:54.049,2.09205,2.0924,4.50,1.40
2008.07.16 14:50:54.748,2.0922,2.09225,1.00,1.40
2008.07.16 14:50:55.025,2.09215,2.09225,1.00,1.40
2008.07.16 14:50:55.306,2.0921,2.09215,6.00,1.40
2008.07.16 14:50:55.585,2.0921,2.09215,5.40,1.40
2008.07.16 14:50:55.859,2.0919,2.09195,7.80,1.40
2008.07.16 14:50:57.118,2.09145,2.0919,1.80,1.40
2008.07.16 14:50:57.466,2.0916,2.092,1.00,1.40
2008.07.16 14:50:57.774,2.0917,2.09205,2.70,1.00
2008.07.16 14:50:58.377,2.09175,2.0922,4.50,1.40
2008.07.16 14:50:58.735,2.0919,2.0922,1.00,1.40
2008.07.16 14:50:59.433,2.09185,2.0922,3.70,1.40
2008.07.16 14:50:59.734,2.09185,2.0922,1.00,1.40
2008.07.16 14:51:00.053,2.09175,2.0922,5.80,1.40
2008.07.16 14:51:00.385,2.09185,2.0922,2.70,1.40
2008.07.16 14:51:00.578,2.09195,2.0922,1.00,1.40
2008.07.16 14:51:00.772,2.09195,2.0923,3.50,1.40
2008.07.16 14:51:01.152,2.09195,2.0923,3.70,1.40
2008.07.16 14:51:01.360,2.0921,2.0924,1.00,3.60
2008.07.16 14:51:01.727,2.0921,2.09225,1.00,1.40
2008.07.16 14:51:02.384,2.0921,2.09235,1.00,1.40
2008.07.16 14:51:02.723,2.092,2.0923,1.00,1.40
2008.07.16 14:51:03.024,2.09195,2.0923,3.70,1.40
2008.07.16 14:51:04.226,2.09195,2.0923,3.30,1.40
2008.07.16 14:51:04.443,2.09195,2.0923,2.70,1.40
2008.07.16 14:51:06.132,2.09195,2.0923,2.70,2.70
2008.07.16 14:51:06.893,2.09185,2.0922,2.70,1.40
2008.07.16 14:51:07.225,2.09185,2.0922,3.70,1.40
2008.07.16 14:51:07.547,2.09175,2.0921,5.80,1.40
2008.07.16 14:51:07.847,2.09185,2.09235,3.50,2.40
2008.07.16 14:51:08.145,2.0919,2.09235,1.00,2.40
2008.07.16 14:51:08.438,2.09195,2.09235,3.70,1.40
2008.07.16 14:51:08.928,2.09205,2.0924,2.70,2.50
2008.07.16 14:51:09.521,2.09205,2.0924,2.70,1.40
2008.07.16 14:51:10.114,2.09195,2.0923,3.70,1.40
2008.07.16 14:51:10.422,2.09195,2.0923,2.70,1.40
2008.07.16 14:51:10.733,2.0919,2.0922,1.00,1.40
2008.07.16 14:51:11.234,2.09195,2.0923,2.70,1.40
2008.07.16 14:51:11.730,2.09185,2.0922,4.80,1.40
2008.07.16 14:51:13.853,2.09185,2.0922,5.80,1.40
2008.07.16 14:51:14.043,2.0919,2.0922,1.80,1.40
2008.07.16 14:51:14.168,2.0919,2.0922,4.00,1.40
2008.07.16 14:51:14.462,2.0919,2.0922,5.10,1.40
2008.07.16 14:51:14.730,2.09195,2.0923,3.70,1.40
2008.07.16 14:51:14.988,2.09205,2.0923,2.70,2.10
2008.07.16 14:51:15.328,2.09205,2.0924,2.70,1.40
2008.07.16 14:51:16.962,2.09205,2.09235,2.70,1.20
2008.07.16 14:51:17.232,2.09195,2.0922,1.00,1.40
2008.07.16 14:51:17.486,2.09195,2.0921,1.00,1.40
2008.07.16 14:51:17.737,2.0917,2.0921,4.80,1.40
2008.07.16 14:51:18.227,2.0917,2.0921,3.70,1.40
2008.07.16 14:51:18.817,2.0917,2.09195,2.10,1.40
2008.07.16 14:51:19.149,2.0917,2.09195,1.00,1.40
2008.07.16 14:51:19.321,2.0917,2.09205,1.00,1.40
2008.07.16 14:51:19.798,2.09175,2.09215,2.70,1.40
2008.07.16 14:51:20.492,2.09165,2.092,5.80,1.40
2008.07.16 14:51:20.841,2.0917,2.092,1.00,1.40
2008.07.16 14:51:21.459,2.09165,2.092,4.80,1.40
2008.07.16 14:51:21.742,2.09175,2.092,1.00,1.40
2008.07.16 14:51:21.999,2.09175,2.0921,3.50,1.40
2008.07.16 14:51:22.568,2.0918,2.0921,1.00,1.40
2008.07.16 14:51:23.284,2.09185,2.0922,2.70,1.40
2008.07.16 14:51:24.217,2.09185,2.0922,3.70,1.40
2008.07.16 14:51:26.565,2.09195,2.0923,2.70,1.40
2008.07.16 14:51:27.463,2.092,2.0923,4.30,1.40
2008.07.16 14:51:27.716,2.09195,2.0923,3.70,1.40
2008.07.16 14:51:28.006,2.092,2.0923,1.00,1.40
2008.07.16 14:51:28.615,2.09205,2.0924,2.70,1.40
2008.07.16 14:51:28.751,2.09205,2.0924,3.70,1.40
2008.07.16 14:51:29.386,2.0922,2.0923,3.20,1.40
2008.07.16 14:51:29.527,2.0921,2.0923,4.30,1.40
2008.07.16 14:51:30.219,2.0921,2.0924,2.90,1.40
2008.07.16 14:51:30.577,2.09215,2.0924,1.00,1.40
2008.07.16 14:51:30.762,2.0921,2.0924,1.00,1.40
2008.07.16 14:51:31.134,2.0921,2.0924,2.10,1.40
2008.07.16 14:51:31.334,2.0921,2.0924,1.00,1.40
2008.07.16 14:51:31.514,2.09205,2.0924,5.60,1.40
2008.07.16 14:51:32.220,2.0922,2.0924,3.20,1.40
2008.07.16 14:51:32.582,2.09225,2.09265,1.00,1.40
2008.07.16 14:51:33.154,2.09225,2.09245,1.00,1.40
2008.07.16 14:51:33.484,2.0922,2.09245,1.00,1.40
2008.07.16 14:51:34.120,2.09205,2.09245,3.70,1.40
2008.07.16 14:51:34.275,2.09205,2.0924,3.70,1.40
2008.07.16 14:51:34.418,2.09195,2.0923,4.80,1.40
2008.07.16 14:51:34.894,2.09195,2.0923,3.70,1.40
2008.07.16 14:51:35.202,2.0919,2.0923,7.50,1.40
2008.07.16 14:51:35.503,2.0919,2.0923,2.10,1.40
2008.07.16 14:51:35.809,2.09205,2.0924,3.50,2.40
2008.07.16 14:51:36.175,2.09215,2.0924,1.00,1.40
2008.07.16 14:51:36.508,2.0922,2.0925,1.00,1.40
2008.07.16 14:51:36.837,2.0921,2.0925,2.10,1.40
2008.07.16 14:51:37.116,2.0921,2.0925,1.00,2.40
2008.07.16 14:51:37.398,2.0921,2.0925,1.00,1.40
2008.07.16 14:51:37.672,2.09215,2.0925,1.00,1.40
2008.07.16 14:51:38.000,2.0921,2.09235,1.00,1.40
2008.07.16 14:51:38.374,2.09195,2.09235,4.80,1.40
2008.07.16 14:51:38.732,2.09205,2.09245,2.70,1.40
2008.07.16 14:51:38.922,2.092,2.09235,1.00,1.40
2008.07.16 14:51:39.097,2.09195,2.0923,4.80,1.40
2008.07.16 14:51:39.270,2.092,2.0923,1.00,1.40
2008.07.16 14:51:39.446,2.09205,2.0924,2.70,1.40
2008.07.16 14:51:39.953,2.0921,2.0924,1.00,1.40
2008.07.16 14:51:40.676,2.09225,2.09265,3.70,1.40
2008.07.16 14:51:41.182,2.09225,2.0925,3.70,1.00
2008.07.16 14:51:41.319,2.09225,2.0926,3.70,2.10
2008.07.16 14:51:41.445,2.09225,2.0926,2.70,2.10
2008.07.16 14:51:41.569,2.0922,2.09245,1.00,1.40
2008.07.16 14:51:42.031,2.0921,2.0924,1.00,1.40
2008.07.16 14:51:42.382,2.0919,2.0923,10.80,1.40
2008.07.16 14:51:43.073,2.09205,2.0923,1.00,1.40
2008.07.16 14:51:43.347,2.09215,2.0925,2.70,5.80
2008.07.16 14:51:43.845,2.092,2.0924,7.50,1.40
2008.07.16 14:51:43.941,2.09205,2.0924,2.70,1.40
2008.07.16 14:51:44.761,2.09205,2.0924,3.50,1.40
2008.07.16 14:51:45.309,2.09215,2.09255,2.70,5.60
2008.07.16 14:51:46.702,2.09215,2.09245,2.70,1.00
2008.07.16 14:51:47.561,2.09215,2.0925,2.70,2.50
2008.07.16 14:51:48.591,2.09215,2.0925,2.70,1.40
2008.07.16 14:51:50.230,2.0923,2.0926,2.70,2.10
2008.07.16 14:51:51.050,2.0922,2.0926,2.70,1.40
2008.07.16 14:51:51.333,2.09225,2.0926,3.50,1.40
2008.07.16 14:51:51.633,2.0924,2.0927,1.00,2.50
2008.07.16 14:51:52.321,2.0924,2.0926,1.00,1.40
2008.07.16 14:51:52.521,2.09215,2.0925,4.30,1.40
2008.07.16 14:51:53.405,2.09215,2.0924,2.00,1.40
2008.07.16 14:51:53.982,2.09225,2.09265,2.70,2.40
2008.07.16 14:51:54.930,2.0923,2.09265,1.00,1.40
2008.07.16 14:51:55.273,2.09235,2.0927,2.70,2.50
2008.07.16 14:51:56.582,2.0923,2.09255,1.00,1.40
2008.07.16 14:51:56.891,2.09235,2.0927,2.70,1.00
2008.07.16 14:51:57.199,2.09235,2.09275,2.70,2.50
2008.07.16 14:51:58.485,2.09235,2.0927,3.30,2.50
2008.07.16 14:51:58.824,2.09245,2.0928,2.70,2.40
2008.07.16 14:51:59.155,2.09245,2.0927,2.70,2.10
2008.07.16 14:51:59.468,2.09245,2.09275,2.70,1.00
2008.07.16 14:51:59.826,2.0925,2.0928,1.00,1.40
2008.07.16 14:52:00.060,2.09245,2.0928,3.70,1.40
2008.07.16 14:52:00.227,2.09255,2.0929,2.70,1.40
2008.07.16 14:52:00.582,2.09255,2.0929,3.30,1.40
2008.07.16 14:52:00.939,2.09255,2.0929,2.70,1.40
2008.07.16 14:52:01.305,2.0926,2.0929,1.00,1.40
2008.07.16 14:52:01.669,2.0927,2.0929,1.00,1.40
2008.07.16 14:52:02.023,2.09255,2.0929,3.70,1.40
2008.07.16 14:52:02.378,2.09265,2.093,2.70,1.40
2008.07.16 14:52:02.908,2.09265,2.093,2.70,2.40
2008.07.16 14:52:03.690,2.09275,2.0931,2.70,2.50
2008.07.16 14:52:04.053,2.0927,2.093,1.00,1.40
2008.07.16 14:52:04.417,2.09265,2.093,3.30,1.40
2008.07.16 14:52:04.635,2.0926,2.0929,1.00,1.40
2008.07.16 14:52:04.855,2.09255,2.0929,5.80,1.40
2008.07.16 14:52:05.205,2.09265,2.0929,1.00,1.40
2008.07.16 14:52:05.484,2.0928,2.09315,1.00,1.40
2008.07.16 14:52:05.842,2.0929,2.0933,1.00,3.60
2008.07.16 14:52:06.267,2.09285,2.09325,4.50,2.50
2008.07.16 14:52:06.693,2.09285,2.0932,4.50,1.40
2008.07.16 14:52:07.053,2.09285,2.0932,2.70,1.40
2008.07.16 14:52:08.117,2.0929,2.0932,5.40,1.40
2008.07.16 14:52:08.479,2.0929,2.0931,5.40,2.70
2008.07.16 14:52:08.801,2.0929,2.093,5.40,1.40
2008.07.16 14:52:09.531,2.09265,2.093,7.50,1.40
2008.07.16 14:52:09.856,2.09275,2.093,5.40,1.40
2008.07.16 14:52:10.184,2.0926,2.093,3.30,1.40
2008.07.16 14:52:10.717,2.0927,2.093,1.00,1.40
2008.07.16 14:52:11.142,2.0926,2.09285,1.80,1.40
2008.07.16 14:52:11.358,2.0926,2.09285,1.00,1.40
2008.07.16 14:52:11.889,2.0926,2.09305,1.00,2.50
2008.07.16 14:52:12.217,2.0926,2.09295,1.00,1.40
2008.07.16 14:52:12.548,2.0925,2.09295,10.80,1.40
2008.07.16 14:52:12.848,2.09255,2.09295,4.40,1.40
2008.07.16 14:52:13.158,2.0927,2.0929,1.00,1.40
2008.07.16 14:52:13.460,2.0927,2.0929,1.80,1.40
2008.07.16 14:52:13.764,2.09275,2.0929,1.00,1.40
2008.07.16 14:52:14.136,2.09275,2.09315,4.50,1.40
2008.07.16 14:52:14.431,2.09285,2.0933,4.80,4.70
2008.07.16 14:52:14.745,2.09285,2.09325,3.70,3.60
2008.07.16 14:52:15.209,2.09285,2.0932,3.70,3.60
2008.07.16 14:52:15.572,2.09275,2.0931,7.80,1.40
2008.07.16 14:52:15.808,2.0929,2.0931,1.00,1.40
2008.07.16 14:52:16.165,2.09295,2.0931,1.00,1.40
2008.07.16 14:52:16.659,2.09285,2.0931,3.20,1.40
2008.07.16 14:52:17.140,2.09285,2.0931,3.70,2.10
2008.07.16 14:52:17.538,2.09325,2.0935,1.00,12.80
2008.07.16 14:52:17.899,2.0932,2.0937,3.30,12.90
2008.07.16 14:52:18.108,2.0932,2.09365,2.70,12.90
2008.07.16 14:52:18.742,2.09335,2.09355,2.70,5.40
2008.07.16 14:52:19.095,2.09345,2.0935,2.70,11.00
2008.07.16 14:52:19.449,2.09345,2.09355,1.00,7.50
2008.07.16 14:52:19.804,2.09335,2.0938,3.70,3.10
2008.07.16 14:52:20.159,2.0935,2.0939,1.00,4.70
2008.07.16 14:52:20.515,2.0935,2.09385,1.00,1.40
2008.07.16 14:52:21.379,2.0935,2.0938,1.00,1.40
2008.07.16 14:52:21.607,2.0935,2.0939,1.00,3.10
2008.07.16 14:52:21.839,2.09345,2.0939,2.70,3.10
2008.07.16 14:52:22.201,2.0936,2.0939,1.00,1.40
2008.07.16 14:52:23.301,2.0937,2.09415,1.00,2.50
2008.07.16 14:52:23.518,2.0937,2.09415,1.00,1.40
2008.07.16 14:52:23.739,2.09375,2.09405,2.70,2.10
2008.07.16 14:52:24.933,2.09375,2.0941,2.70,4.80
2008.07.16 14:52:25.229,2.09375,2.094,2.70,1.20
2008.07.16 14:52:25.521,2.0936,2.0939,1.00,1.40
2008.07.16 14:52:25.815,2.0935,2.0938,1.00,1.40
2008.07.16 14:52:26.150,2.0935,2.0938,2.10,1.40
2008.07.16 14:52:26.505,2.0936,2.0938,6.40,1.40
2008.07.16 14:52:27.214,2.0936,2.09415,2.70,2.40
2008.07.16 14:52:27.418,2.0936,2.09415,3.50,2.40
2008.07.16 14:52:27.610,2.0937,2.0941,2.70,3.10
2008.07.16 14:52:27.806,2.0937,2.09425,2.70,1.40
2008.07.16 14:52:27.986,2.0938,2.09425,2.70,2.00
2008.07.16 14:52:28.686,2.0938,2.0941,2.70,4.30
2008.07.16 14:52:29.045,2.0938,2.09415,2.70,1.00
2008.07.16 14:52:29.257,2.0938,2.0942,2.70,3.10
2008.07.16 14:52:29.437,2.0938,2.0942,3.50,3.10
2008.07.16 14:52:29.634,2.09395,2.0942,2.70,3.10
2008.07.16 14:52:30.013,2.09395,2.0942,2.70,10.80
2008.07.16 14:52:30.190,2.09395,2.0942,2.70,8.60
2008.07.16 14:52:30.564,2.09395,2.0943,2.70,6.40
2008.07.16 14:52:30.914,2.09395,2.0943,2.70,1.40
2008.07.16 14:52:31.566,2.09385,2.0942,5.60,1.40
2008.07.16 14:52:32.415,2.0939,2.0941,1.00,1.40
2008.07.16 14:52:32.641,2.0937,2.0941,15.90,1.40
2008.07.16 14:52:34.213,2.09375,2.0941,3.70,1.40
2008.07.16 14:52:34.340,2.09375,2.0941,2.70,1.40
2008.07.16 14:52:35.315,2.09375,2.0941,3.70,1.40
2008.07.16 14:52:37.127,2.09375,2.0941,4.80,1.40
2008.07.16 14:52:37.392,2.0939,2.09425,2.70,1.20
2008.07.16 14:52:37.724,2.0939,2.0943,2.70,2.90
2008.07.16 14:52:38.051,2.0939,2.09425,2.70,1.20
2008.07.16 14:52:38.382,2.0938,2.0942,2.70,1.00
2008.07.16 14:52:39.160,2.0938,2.0941,1.00,1.00
2008.07.16 14:52:39.990,2.09375,2.0941,2.70,1.00
2008.07.16 14:52:40.212,2.09375,2.0941,3.30,1.00
2008.07.16 14:52:40.442,2.09375,2.0941,3.50,1.00
2008.07.16 14:52:40.805,2.09375,2.0941,5.50,1.00
2008.07.16 14:52:41.169,2.09385,2.0942,3.30,1.00
2008.07.16 14:52:41.523,2.09385,2.0942,3.70,1.00
2008.07.16 14:52:41.824,2.09385,2.0941,1.80,1.00
2008.07.16 14:52:42.125,2.09375,2.0941,5.50,1.00
2008.07.16 14:52:42.426,2.09375,2.0941,3.70,1.00
2008.07.16 14:52:42.993,2.09385,2.0942,2.70,1.00
2008.07.16 14:52:43.205,2.09395,2.0942,1.00,1.00
2008.07.16 14:52:43.419,2.09395,2.0943,3.50,2.00
2008.07.16 14:52:43.623,2.09395,2.0943,3.70,1.00
2008.07.16 14:52:43.990,2.09405,2.0942,1.00,1.00
2008.07.16 14:52:44.461,2.0941,2.0942,1.00,1.00
2008.07.16 14:52:44.819,2.09425,2.0946,1.00,2.00
2008.07.16 14:52:45.139,2.0942,2.0946,1.00,1.00
2008.07.16 14:52:45.750,2.09435,2.0948,2.70,1.00
2008.07.16 14:52:46.447,2.09445,2.0947,1.00,1.00
2008.07.16 14:52:47.792,2.09445,2.09455,1.00,1.00
2008.07.16 14:52:48.007,2.0942,2.09455,1.00,1.00
2008.07.16 14:52:49.772,2.09425,2.0946,3.70,1.00
2008.07.16 14:52:50.623,2.09425,2.0945,1.00,2.20
2008.07.16 14:52:50.912,2.0941,2.0945,6.00,2.20
2008.07.16 14:52:51.137,2.0941,2.0944,1.00,1.00
2008.07.16 14:52:51.919,2.094,2.0944,2.10,1.00
2008.07.16 14:52:52.194,2.094,2.0944,1.00,1.00
2008.07.16 14:52:52.474,2.09395,2.09425,1.00,1.00
2008.07.16 14:52:52.933,2.09405,2.09445,2.70,1.00
2008.07.16 14:52:53.257,2.094,2.09425,1.00,1.00
2008.07.16 14:52:53.710,2.09395,2.09425,1.00,1.00
2008.07.16 14:52:54.405,2.09395,2.0943,3.70,1.00
2008.07.16 14:52:54.756,2.09405,2.0943,1.00,1.00
2008.07.16 14:52:55.118,2.09405,2.0944,2.70,1.00
2008.07.16 14:52:55.648,2.0942,2.0945,2.70,3.10
2008.07.16 14:52:55.919,2.094,2.0944,2.70,1.00
2008.07.16 14:52:56.351,2.094,2.0944,3.70,1.00
2008.07.16 14:52:56.566,2.094,2.09425,1.00,1.00
2008.07.16 14:52:57.898,2.0939,2.0942,1.80,1.00
2008.07.16 14:52:58.392,2.09395,2.0942,1.00,1.00
2008.07.16 14:52:58.605,2.09395,2.0943,3.70,1.00
2008.07.16 14:52:59.335,2.09395,2.0943,3.70,2.20
2008.07.16 14:52:59.694,2.0938,2.09415,1.60,1.00
2008.07.16 14:53:00.067,2.09395,2.09435,3.70,3.20
2008.07.16 14:53:00.298,2.09395,2.09435,3.70,1.00
2008.07.16 14:53:00.535,2.09395,2.09435,2.70,1.00
2008.07.16 14:53:00.759,2.094,2.09435,1.00,1.00
2008.07.16 14:53:01.205,2.09405,2.0944,2.70,1.00
2008.07.16 14:53:01.496,2.0941,2.0944,1.00,1.00
2008.07.16 14:53:01.801,2.09425,2.09465,3.50,1.00
2008.07.16 14:53:02.096,2.09435,2.09465,1.00,1.00
2008.07.16 14:53:02.501,2.0943,2.09465,1.00,1.00
2008.07.16 14:53:02.694,2.09435,2.09475,2.70,1.00
2008.07.16 14:53:02.881,2.09435,2.0947,3.50,1.00
2008.07.16 14:53:03.091,2.09445,2.0948,2.70,1.00
2008.07.16 14:53:03.443,2.09445,2.09475,2.70,1.00
2008.07.16 14:53:03.794,2.09435,2.0946,1.00,1.00
2008.07.16 14:53:04.145,2.09435,2.0945,1.00,1.00
2008.07.16 14:53:04.516,2.0943,2.0945,5.80,1.00
2008.07.16 14:53:04.671,2.0943,2.0945,1.00,1.00
2008.07.16 14:53:04.865,2.09435,2.09475,2.70,1.00
2008.07.16 14:53:05.013,2.09435,2.09475,3.70,1.00
2008.07.16 14:53:05.637,2.0944,2.09475,1.00,1.00
2008.07.16 14:53:06.381,2.0945,2.0947,1.00,1.00
2008.07.16 14:53:06.858,2.09445,2.0948,3.50,1.00
2008.07.16 14:53:07.266,2.09445,2.0948,2.70,1.00
2008.07.16 14:53:07.444,2.0945,2.0948,1.00,1.00
2008.07.16 14:53:07.642,2.09445,2.0948,3.70,1.00
2008.07.16 14:53:08.747,2.0945,2.0948,1.00,1.00
2008.07.16 14:53:09.103,2.09455,2.09495,2.70,1.70
2008.07.16 14:53:09.463,2.09455,2.0949,3.70,1.00
2008.07.16 14:53:10.301,2.09455,2.0949,4.80,1.00
2008.07.16 14:53:10.582,2.0947,2.0949,1.00,1.00
2008.07.16 14:53:11.191,2.0947,2.09505,1.00,1.70
2008.07.16 14:53:11.792,2.0947,2.095,1.70,1.00
2008.07.16 14:53:12.096,2.0949,2.09545,3.20,4.70
2008.07.16 14:53:12.396,2.09495,2.0953,2.70,2.10
2008.07.16 14:53:12.800,2.09495,2.0955,3.70,2.10
2008.07.16 14:53:13.005,2.09495,2.0954,1.00,1.00
2008.07.16 14:53:13.452,2.0951,2.0953,1.00,1.00
2008.07.16 14:53:13.818,2.095,2.0953,1.00,1.00
2008.07.16 14:53:14.164,2.09495,2.0952,1.00,1.00
2008.07.16 14:53:14.685,2.09495,2.0953,3.70,1.00
2008.07.16 14:53:15.072,2.095,2.0953,1.00,1.00
2008.07.16 14:53:15.453,2.095,2.0953,1.00,2.20
2008.07.16 14:53:16.031,2.09485,2.09515,2.10,1.00
2008.07.16 14:53:16.599,2.09485,2.09505,2.10,1.00
2008.07.16 14:53:16.880,2.09485,2.09505,1.00,1.00
2008.07.16 14:53:17.192,2.0948,2.095,1.00,1.00
2008.07.16 14:53:17.758,2.09475,2.0951,3.70,1.00
2008.07.16 14:53:18.046,2.09475,2.0951,4.80,1.00
2008.07.16 14:53:18.211,2.09475,2.095,2.10,1.00
2008.07.16 14:53:18.987,2.09475,2.0951,3.70,1.00
2008.07.16 14:53:19.344,2.09475,2.095,1.00,1.00
2008.07.16 14:53:19.701,2.0948,2.095,1.00,1.00
2008.07.16 14:53:19.950,2.09485,2.09525,2.70,1.00
2008.07.16 14:53:20.484,2.09475,2.09515,7.00,1.00
2008.07.16 14:53:20.679,2.0948,2.09515,1.00,1.00
2008.07.16 14:53:21.045,2.0948,2.0951,1.00,1.00
2008.07.16 14:53:21.893,2.09475,2.095,1.00,1.00
2008.07.16 14:53:22.634,2.0947,2.0949,2.90,1.00
2008.07.16 14:53:22.891,2.09465,2.0949,1.00,1.00
2008.07.16 14:53:23.131,2.09465,2.09485,3.70,1.00
2008.07.16 14:53:23.369,2.09465,2.09475,3.70,1.00
2008.07.16 14:53:24.191,2.09475,2.0948,2.70,2.50
2008.07.16 14:53:24.550,2.0947,2.09475,5.20,1.00
2008.07.16 14:53:24.922,2.0947,2.0948,5.40,2.10
2008.07.16 14:53:25.238,2.0947,2.09505,5.40,1.00
2008.07.16 14:53:25.841,2.09475,2.0951,2.70,2.00
2008.07.16 14:53:26.122,2.09475,2.09505,2.70,2.10
2008.07.16 14:53:26.910,2.09485,2.095,1.00,2.10
2008.07.16 14:53:27.272,2.09495,2.095,2.70,2.10
2008.07.16 14:53:27.629,2.09495,2.095,2.70,2.00
2008.07.16 14:53:27.992,2.09485,2.09505,3.50,1.00
2008.07.16 14:53:28.293,2.09485,2.0952,3.70,2.10
2008.07.16 14:53:28.602,2.09485,2.0952,2.70,1.00
2008.07.16 14:53:29.251,2.09495,2.0953,2.70,4.30
2008.07.16 14:53:29.606,2.09495,2.0953,2.70,5.40
2008.07.16 14:53:29.959,2.09485,2.0952,3.70,1.00
2008.07.16 14:53:30.299,2.09495,2.0953,2.70,1.00
2008.07.16 14:53:30.627,2.09495,2.0953,2.70,3.30
2008.07.16 14:53:30.958,2.0949,2.09515,1.00,1.00
2008.07.16 14:53:31.234,2.09475,2.09515,3.70,1.00
2008.07.16 14:53:32.022,2.09485,2.0952,2.70,1.00
2008.07.16 14:53:32.681,2.09475,2.09505,2.10,1.00
2008.07.16 14:53:32.919,2.0949,2.09505,6.00,1.00
2008.07.16 14:53:33.167,2.0949,2.09515,9.30,1.00
2008.07.16 14:53:33.378,2.0949,2.09515,6.40,1.00
2008.07.16 14:53:33.827,2.0949,2.09495,5.40,1.00
2008.07.16 14:53:34.040,2.09465,2.09495,6.00,1.00
2008.07.16 14:53:34.407,2.09465,2.09485,6.40,1.00
2008.07.16 14:53:34.772,2.09465,2.09485,5.40,1.00
2008.07.16 14:53:35.131,2.0947,2.09485,5.40,1.20
2008.07.16 14:53:35.477,2.0947,2.0948,5.40,1.00
2008.07.16 14:53:35.826,2.09425,2.0947,9.10,1.00
2008.07.16 14:53:36.177,2.09425,2.0947,4.80,1.00
2008.07.16 14:53:36.790,2.09425,2.0947,3.70,1.00
2008.07.16 14:53:37.100,2.09435,2.0946,1.00,1.00
2008.07.16 14:53:37.594,2.0944,2.09475,1.00,1.20
2008.07.16 14:53:37.822,2.09445,2.0948,1.00,1.00
2008.07.16 14:53:38.206,2.09445,2.0948,4.50,1.00
2008.07.16 14:53:38.572,2.0947,2.0952,1.00,3.20
2008.07.16 14:53:38.935,2.0947,2.0952,1.00,1.00
2008.07.16 14:53:39.291,2.09475,2.0952,1.00,1.00
2008.07.16 14:53:39.548,2.0948,2.0953,1.00,3.20
2008.07.16 14:53:39.776,2.09495,2.0952,1.00,1.00
2008.07.16 14:53:39.995,2.09505,2.0952,1.00,1.00
2008.07.16 14:53:40.218,2.09515,2.09545,2.70,13.90
2008.07.16 14:53:40.579,2.09525,2.09535,1.00,8.60
2008.07.16 14:53:40.943,2.09525,2.09555,1.00,1.00
2008.07.16 14:53:41.298,2.0952,2.09555,1.00,1.00
2008.07.16 14:53:42.087,2.0952,2.0955,1.00,2.10
2008.07.16 14:53:42.427,2.09525,2.09535,1.00,1.00
2008.07.16 14:53:42.661,2.09525,2.0957,3.70,1.00
2008.07.16 14:53:43.249,2.09535,2.0958,2.70,2.00
2008.07.16 14:53:43.841,2.09535,2.0957,2.70,1.00
2008.07.16 14:53:44.203,2.0953,2.09555,6.40,1.00
2008.07.16 14:53:44.561,2.0953,2.09575,9.70,1.00
2008.07.16 14:53:44.767,2.0953,2.09575,6.40,1.00
2008.07.16 14:53:44.968,2.09545,2.09575,1.00,1.00
2008.07.16 14:53:45.214,2.0955,2.09595,1.00,2.10
2008.07.16 14:53:45.415,2.0955,2.09595,1.00,1.00
2008.07.16 14:53:45.780,2.09565,2.09605,1.00,1.00
2008.07.16 14:53:46.142,2.0957,2.09585,1.00,1.00
2008.07.16 14:53:46.501,2.0956,2.09585,1.00,1.00
2008.07.16 14:53:46.858,2.09545,2.09585,2.70,1.00
2008.07.16 14:53:47.215,2.09545,2.0958,3.30,1.00
2008.07.16 14:53:47.954,2.09545,2.09575,3.30,1.20
2008.07.16 14:53:48.146,2.0954,2.0956,1.00,1.00
2008.07.16 14:53:48.331,2.0953,2.0956,8.30,1.00
2008.07.16 14:53:48.577,2.0953,2.0956,6.40,1.00
2008.07.16 14:53:48.927,2.0954,2.0957,5.40,1.00
2008.07.16 14:53:49.630,2.0954,2.0957,1.00,1.00
2008.07.16 14:53:49.780,2.09535,2.0957,2.70,1.00
2008.07.16 14:53:50.075,2.0953,2.09555,1.00,1.00
2008.07.16 14:53:50.671,2.09525,2.09565,2.70,1.00
2008.07.16 14:53:51.367,2.09515,2.0955,2.70,1.00
2008.07.16 14:53:52.022,2.0951,2.0954,5.40,1.00
2008.07.16 14:53:52.370,2.09505,2.0954,2.70,1.00
2008.07.16 14:53:52.757,2.09505,2.09535,2.70,1.20
2008.07.16 14:53:53.120,2.095,2.0952,1.00,1.00
2008.07.16 14:53:53.449,2.0951,2.09545,1.00,1.00
2008.07.16 14:53:54.152,2.0952,2.09555,1.00,1.00
2008.07.16 14:53:54.513,2.09525,2.0956,2.70,1.00
2008.07.16 14:53:54.842,2.0952,2.0955,1.00,2.20
2008.07.16 14:53:55.172,2.0952,2.0955,5.40,1.00
2008.07.16 14:53:55.501,2.0952,2.09535,5.40,1.00
2008.07.16 14:53:55.834,2.09495,2.09535,1.00,1.00
2008.07.16 14:53:56.266,2.0949,2.09535,3.70,1.00
2008.07.16 14:53:56.468,2.09495,2.09535,1.00,1.00
2008.07.16 14:53:57.724,2.09495,2.0953,4.70,1.00
2008.07.16 14:53:58.027,2.0951,2.0953,1.00,1.00
2008.07.16 14:53:58.207,2.0951,2.0954,1.00,1.00
2008.07.16 14:53:58.547,2.09505,2.0953,1.00,1.00
2008.07.16 14:53:59.206,2.09505,2.0953,1.00,1.00
2008.07.16 14:53:59.571,2.0951,2.0954,1.00,1.00
2008.07.16 14:53:59.935,2.0951,2.0954,1.00,1.00
2008.07.16 14:54:00.264,2.0951,2.0954,5.40,1.00
2008.07.16 14:54:00.550,2.09515,2.0955,2.70,1.00
2008.07.16 14:54:00.833,2.09515,2.0955,3.30,2.20
2008.07.16 14:54:01.151,2.09525,2.0955,1.00,2.20
2008.07.16 14:54:01.458,2.09515,2.0955,1.00,2.20
2008.07.16 14:54:01.922,2.09515,2.0955,1.00,1.00
2008.07.16 14:54:02.276,2.09515,2.09535,1.00,1.00
2008.07.16 14:54:02.973,2.0949,2.09535,3.50,1.00
2008.07.16 14:54:03.346,2.095,2.0954,2.70,1.00
2008.07.16 14:54:03.968,2.095,2.0954,3.50,1.00
2008.07.16 14:54:04.327,2.0952,2.0954,3.50,3.20
2008.07.16 14:54:04.676,2.0954,2.09565,2.70,5.40
2008.07.16 14:54:05.026,2.0956,2.09575,2.70,2.10
2008.07.16 14:54:05.385,2.0956,2.09595,2.70,3.10
2008.07.16 14:54:05.743,2.0956,2.09605,3.70,3.20
2008.07.16 14:54:06.101,2.09565,2.09605,3.70,1.00
2008.07.16 14:54:06.344,2.09575,2.09605,1.00,1.00
2008.07.16 14:54:07.013,2.0957,2.09585,1.00,1.00
2008.07.16 14:54:07.343,2.09545,2.09585,6.40,1.00
2008.07.16 14:54:08.019,2.09545,2.0958,1.00,1.00
2008.07.16 14:54:08.228,2.0954,2.0958,1.00,1.00
2008.07.16 14:54:08.437,2.09545,2.09565,1.00,1.00
2008.07.16 14:54:08.848,2.09535,2.09565,1.00,1.00
2008.07.16 14:54:09.395,2.09535,2.09545,1.00,1.00
2008.07.16 14:54:09.718,2.09535,2.09555,1.00,1.00
2008.07.16 14:54:10.029,2.0953,2.09555,1.00,1.00
2008.07.16 14:54:10.383,2.0953,2.09545,1.00,1.00
2008.07.16 14:54:10.739,2.09515,2.0954,1.00,1.00
2008.07.16 14:54:11.090,2.0951,2.0954,1.00,1.00
2008.07.16 14:54:11.485,2.09505,2.0954,3.50,1.00
2008.07.16 14:54:11.896,2.0952,2.0955,1.00,1.00
2008.07.16 14:54:12.289,2.09525,2.0955,1.00,1.00
2008.07.16 14:54:12.683,2.0953,2.0955,1.00,1.00
2008.07.16 14:54:12.909,2.0953,2.0955,4.30,1.00
2008.07.16 14:54:13.116,2.09525,2.0956,3.70,1.00
2008.07.16 14:54:14.023,2.0953,2.0956,1.00,1.00
2008.07.16 14:54:14.280,2.09525,2.0956,2.70,1.00
2008.07.16 14:54:14.914,2.09525,2.0956,3.70,1.00
2008.07.16 14:54:15.550,2.09525,2.0956,2.70,1.00
2008.07.16 14:54:16.292,2.095,2.09545,2.70,1.00
2008.07.16 14:54:17.513,2.095,2.0953,1.00,1.00
2008.07.16 14:54:17.821,2.095,2.0953,4.30,1.00
2008.07.16 14:54:18.151,2.09515,2.09555,2.70,1.00
2008.07.16 14:54:18.949,2.09515,2.09555,2.70,2.10
2008.07.16 14:54:19.162,2.09525,2.0956,2.70,2.00
2008.07.16 14:54:19.516,2.09525,2.0955,2.70,1.20
2008.07.16 14:54:19.882,2.095,2.0954,3.70,1.00
2008.07.16 14:54:20.241,2.0951,2.0955,3.50,4.10
2008.07.16 14:54:20.578,2.0951,2.0955,3.50,1.00
2008.07.16 14:54:20.920,2.0952,2.0955,1.00,1.00
2008.07.16 14:54:21.256,2.09525,2.0956,2.70,1.00
2008.07.16 14:54:22.138,2.0952,2.09535,1.00,1.00
2008.07.16 14:54:22.657,2.0952,2.09535,5.40,1.00
2008.07.16 14:54:23.302,2.0948,2.0952,1.00,1.00
2008.07.16 14:54:23.653,2.0947,2.09505,2.10,1.00
2008.07.16 14:54:24.345,2.0949,2.09495,3.20,1.00
2008.07.16 14:54:24.715,2.0949,2.09495,6.40,1.50
2008.07.16 14:54:25.179,2.0949,2.09495,4.30,1.50
2008.07.16 14:54:25.458,2.0945,2.0949,4.90,1.00
2008.07.16 14:54:25.824,2.09465,2.095,2.70,3.10
2008.07.16 14:54:26.311,2.09465,2.0951,3.30,1.00
2008.07.16 14:54:27.234,2.09465,2.09495,1.80,1.00
2008.07.16 14:54:27.523,2.09455,2.09495,3.70,1.00
2008.07.16 14:54:27.818,2.09455,2.09495,4.50,1.00
2008.07.16 14:54:28.018,2.09465,2.09495,1.00,1.00
2008.07.16 14:54:28.215,2.0946,2.09495,1.00,1.00
2008.07.16 14:54:28.742,2.09455,2.0949,3.70,1.00
2008.07.16 14:54:30.002,2.0947,2.0949,1.00,1.00
2008.07.16 14:54:30.330,2.0946,2.0949,1.00,1.00
2008.07.16 14:54:30.596,2.09465,2.0949,1.00,1.00
2008.07.16 14:54:30.878,2.0946,2.0949,1.00,1.00
2008.07.16 14:54:32.490,2.09465,2.0949,1.00,1.00
2008.07.16 14:54:33.230,2.09455,2.0949,3.70,1.00
2008.07.16 14:54:34.131,2.09465,2.095,2.70,2.00
2008.07.16 14:54:34.458,2.09465,2.095,2.70,3.20
2008.07.16 14:54:34.801,2.09465,2.095,2.70,1.00
2008.07.16 14:54:35.273,2.09475,2.09505,2.70,2.00
2008.07.16 14:54:35.530,2.09475,2.09505,2.70,1.00
2008.07.16 14:54:35.808,2.09475,2.095,2.70,2.10
2008.07.16 14:54:36.294,2.09475,2.095,2.70,3.10
2008.07.16 14:54:36.666,2.09465,2.0948,1.00,1.00
2008.07.16 14:54:37.302,2.0946,2.0948,1.00,1.00
2008.07.16 14:54:37.592,2.09445,2.095,2.70,2.00
2008.07.16 14:54:38.959,2.09445,2.0949,2.70,1.00
2008.07.16 14:54:39.279,2.09455,2.0949,1.00,1.00
2008.07.16 14:54:39.562,2.09445,2.0949,2.70,1.00
2008.07.16 14:54:40.175,2.0944,2.0948,1.00,1.00
2008.07.16 14:54:40.363,2.0944,2.0948,1.80,1.00
2008.07.16 14:54:40.754,2.0944,2.0949,1.80,1.00
2008.07.16 14:54:40.931,2.0944,2.0949,2.00,1.00
2008.07.16 14:54:41.311,2.09455,2.0949,1.00,1.00
2008.07.16 14:54:41.647,2.09455,2.095,2.70,1.00
2008.07.16 14:54:42.253,2.09455,2.0951,2.70,2.00
2008.07.16 14:54:42.543,2.09465,2.0951,2.70,1.00
2008.07.16 14:54:42.868,2.09465,2.0951,2.70,2.10
2008.07.16 14:54:43.151,2.0947,2.0952,1.00,3.20
2008.07.16 14:54:43.349,2.09465,2.09505,3.70,1.00
2008.07.16 14:54:43.596,2.09465,2.0951,1.00,1.00
2008.07.16 14:54:43.966,2.09465,2.09495,1.00,1.00
2008.07.16 14:54:44.178,2.09465,2.0949,1.00,1.00
2008.07.16 14:54:44.627,2.0944,2.0947,1.00,1.00
2008.07.16 14:54:44.988,2.0943,2.0947,2.70,1.00
2008.07.16 14:54:45.351,2.0943,2.0947,3.70,1.00
2008.07.16 14:54:46.140,2.0944,2.0947,1.00,1.00
2008.07.16 14:54:46.845,2.09445,2.0948,2.70,1.00
2008.07.16 14:54:47.201,2.0945,2.0948,1.00,1.00
2008.07.16 14:54:47.458,2.0945,2.0946,1.00,1.00
2008.07.16 14:54:47.874,2.09435,2.0947,1.00,1.00
2008.07.16 14:54:48.107,2.0943,2.0947,5.40,1.00
2008.07.16 14:54:48.460,2.09425,2.0946,3.30,1.00
2008.07.16 14:54:48.821,2.09415,2.0946,4.50,1.00
2008.07.16 14:54:49.179,2.09415,2.0946,2.70,1.00
2008.07.16 14:54:49.540,2.09415,2.09455,2.70,1.00
2008.07.16 14:54:49.855,2.09425,2.09455,2.70,2.00
2008.07.16 14:54:50.222,2.09425,2.0946,2.70,1.00
2008.07.16 14:54:50.570,2.09415,2.0945,2.70,1.00
2008.07.16 14:54:50.894,2.09415,2.0946,2.70,1.00
2008.07.16 14:54:51.757,2.09415,2.0946,3.30,1.00
2008.07.16 14:54:52.048,2.0941,2.09445,1.00,1.00
2008.07.16 14:54:52.529,2.094,2.09445,1.80,1.00
2008.07.16 14:54:52.718,2.094,2.09445,1.00,1.00
2008.07.16 14:54:53.089,2.09405,2.0944,1.00,1.00
2008.07.16 14:54:53.288,2.09405,2.0944,3.70,1.00
2008.07.16 14:54:53.531,2.09405,2.0944,3.30,1.00
2008.07.16 14:54:53.801,2.09405,2.0945,2.70,1.00
2008.07.16 14:54:54.008,2.09405,2.0945,3.70,1.00
2008.07.16 14:54:54.247,2.09405,2.0945,1.00,1.00
2008.07.16 14:54:55.201,2.09405,2.0945,2.70,1.00
2008.07.16 14:54:55.782,2.0942,2.09455,2.70,1.00
2008.07.16 14:54:56.189,2.0942,2.0945,2.70,2.10
2008.07.16 14:54:56.432,2.0942,2.0946,2.70,3.20
2008.07.16 14:54:56.767,2.0942,2.0946,2.70,1.00
2008.07.16 14:54:57.145,2.0941,2.09445,1.00,1.00
2008.07.16 14:54:57.522,2.09425,2.09465,2.70,2.00
2008.07.16 14:54:58.592,2.09425,2.0946,2.70,1.00
2008.07.16 14:54:59.258,2.0941,2.09445,1.00,1.00
2008.07.16 14:55:01.017,2.09425,2.09465,2.70,1.00
2008.07.16 14:55:01.728,2.09415,2.09445,1.00,1.00
2008.07.16 14:55:01.977,2.0943,2.09445,1.00,1.00
2008.07.16 14:55:02.206,2.0943,2.09455,1.00,1.00
2008.07.16 14:55:04.316,2.09425,2.0945,1.00,1.00
2008.07.16 14:55:05.002,2.09415,2.0945,3.70,1.00
2008.07.16 14:55:05.844,2.0941,2.0945,1.00,1.00
2008.07.16 14:55:06.394,2.09425,2.09475,2.70,4.10
2008.07.16 14:55:06.668,2.09425,2.09465,2.70,2.10
2008.07.16 14:55:06.936,2.0944,2.0946,1.00,1.00
2008.07.16 14:55:07.340,2.0942,2.09455,1.00,2.10
2008.07.16 14:55:07.671,2.0942,2.0946,1.00,2.00
2008.07.16 14:55:08.122,2.09445,2.0946,2.70,2.00
2008.07.16 14:55:08.345,2.09445,2.095,2.70,2.10
2008.07.16 14:55:08.559,2.09445,2.095,2.70,1.00
2008.07.16 14:55:08.958,2.09445,2.095,2.70,2.10
2008.07.16 14:55:09.325,2.09445,2.095,3.70,1.00
2008.07.16 14:55:09.765,2.09455,2.0949,2.70,1.00
2008.07.16 14:55:11.637,2.0947,2.09515,2.70,1.00
2008.07.16 14:55:12.097,2.0947,2.09515,2.70,2.00
2008.07.16 14:55:12.372,2.0947,2.09515,2.70,3.10
2008.07.16 14:55:12.659,2.09465,2.0951,2.70,3.10
2008.07.16 14:55:12.934,2.09465,2.0951,2.70,8.50
2008.07.16 14:55:13.212,2.09465,2.0951,2.70,6.30
2008.07.16 14:55:13.779,2.09465,2.0951,2.70,4.10
2008.07.16 14:55:14.110,2.09475,2.0951,1.00,1.00
2008.07.16 14:55:14.394,2.09485,2.095,2.70,3.20
2008.07.16 14:55:14.672,2.09485,2.095,2.70,1.00
2008.07.16 14:55:15.228,2.09475,2.0951,2.70,2.10
2008.07.16 14:55:15.499,2.09475,2.0951,2.70,1.00
2008.07.16 14:55:15.722,2.09465,2.0951,2.70,2.10
2008.07.16 14:55:15.939,2.09465,2.0951,2.70,1.00
2008.07.16 14:55:16.161,2.0948,2.0951,1.00,2.10
2008.07.16 14:55:16.523,2.0947,2.0951,1.00,2.10
2008.07.16 14:55:16.898,2.09445,2.09495,1.80,1.00
2008.07.16 14:55:17.308,2.0944,2.09495,2.70,2.00
2008.07.16 14:55:17.582,2.0946,2.09505,2.70,3.10
2008.07.16 14:55:17.856,2.0946,2.09515,2.70,4.10
2008.07.16 14:55:18.125,2.0947,2.0952,3.70,4.30
2008.07.16 14:55:18.396,2.0947,2.0952,3.70,2.10
2008.07.16 14:55:18.639,2.09475,2.0952,2.70,3.10
2008.07.16 14:55:18.885,2.09485,2.0952,2.70,2.10
2008.07.16 14:55:19.379,2.09485,2.09515,2.70,2.00
2008.07.16 14:55:19.741,2.0946,2.095,2.70,1.00
2008.07.16 14:55:20.095,2.09465,2.095,3.20,1.00
2008.07.16 14:55:20.455,2.0946,2.095,3.70,1.00
2008.07.16 14:55:20.757,2.09475,2.09525,2.70,2.00
2008.07.16 14:55:21.638,2.0948,2.0952,1.00,1.00
2008.07.16 14:55:21.940,2.0948,2.0951,1.00,2.10
2008.07.16 14:55:22.244,2.09475,2.0951,3.50,1.00
2008.07.16 14:55:22.822,2.09485,2.0951,1.00,1.00
2008.07.16 14:55:23.032,2.09485,2.0951,3.50,1.00
2008.07.16 14:55:23.424,2.09485,2.0952,3.50,3.10
2008.07.16 14:55:23.790,2.0949,2.0952,1.00,1.00
2008.07.16 14:55:24.654,2.0949,2.09525,1.00,1.00
2008.07.16 14:55:24.832,2.09485,2.0952,2.70,1.00
2008.07.16 14:55:25.069,2.09485,2.09525,2.70,3.20
2008.07.16 14:55:25.243,2.09485,2.0952,2.70,1.00
2008.07.16 14:55:25.422,2.09485,2.0951,2.70,1.00
2008.07.16 14:55:26.123,2.09485,2.0951,2.70,3.10
2008.07.16 14:55:27.572,2.09485,2.0951,2.70,2.00
2008.07.16 14:55:28.005,2.0946,2.095,3.30,1.00
2008.07.16 14:55:28.169,2.0946,2.095,2.70,1.00
2008.07.16 14:55:28.646,2.09475,2.095,1.00,1.00
2008.07.16 14:55:29.157,2.0949,2.095,1.00,1.00
2008.07.16 14:55:29.520,2.09475,2.095,1.00,1.00
2008.07.16 14:55:30.244,2.09465,2.095,3.70,1.00
2008.07.16 14:55:30.422,2.09465,2.0951,3.70,1.00
2008.07.16 14:55:31.228,2.09465,2.095,1.00,1.00
2008.07.16 14:55:31.841,2.09465,2.095,1.00,1.00
2008.07.16 14:55:32.162,2.09465,2.095,2.00,1.00
2008.07.16 14:55:32.454,2.09465,2.095,3.70,1.00
2008.07.16 14:55:32.748,2.09465,2.095,3.50,1.00
2008.07.16 14:55:33.270,2.09465,2.095,4.70,1.00
2008.07.16 14:55:34.090,2.0948,2.095,1.00,1.00
2008.07.16 14:55:34.421,2.0948,2.0951,1.00,1.00
2008.07.16 14:55:34.718,2.09485,2.0951,1.00,1.00
2008.07.16 14:55:35.206,2.0949,2.0951,1.00,1.00
2008.07.16 14:55:35.618,2.0949,2.0951,2.10,1.00
2008.07.16 14:55:36.892,2.09495,2.0955,2.70,3.20
2008.07.16 14:55:37.195,2.09495,2.0955,3.70,3.20
2008.07.16 14:55:37.440,2.09495,2.0955,2.70,6.30
2008.07.16 14:55:37.677,2.09495,2.09545,2.70,2.10
2008.07.16 14:55:37.922,2.09495,2.0953,2.70,1.00
2008.07.16 14:55:38.167,2.09495,2.0953,2.70,2.20
2008.07.16 14:55:38.497,2.0948,2.0953,6.00,4.10
2008.07.16 14:55:38.828,2.09475,2.09515,1.00,1.00
2008.07.16 14:55:39.447,2.0948,2.09515,1.00,1.00
2008.07.16 14:55:39.736,2.0947,2.09495,1.00,1.00
2008.07.16 14:55:40.322,2.09475,2.09515,2.70,1.00
2008.07.16 14:55:40.915,2.09465,2.09515,2.70,1.00
2008.07.16 14:55:41.154,2.09465,2.09515,2.70,2.00
2008.07.16 14:55:41.507,2.09465,2.0951,3.30,2.00
2008.07.16 14:55:41.868,2.09465,2.09495,1.00,1.00
2008.07.16 14:55:42.227,2.0946,2.09495,1.00,2.20
2008.07.16 14:55:42.512,2.09455,2.09495,3.30,2.20
2008.07.16 14:55:42.804,2.09455,2.09495,2.70,1.00
2008.07.16 14:55:43.165,2.09465,2.0949,1.00,1.00
2008.07.16 14:55:43.477,2.09475,2.09515,2.70,1.00
2008.07.16 14:55:44.969,2.09475,2.0951,3.50,1.00
2008.07.16 14:55:45.549,2.09475,2.0951,3.70,1.00
2008.07.16 14:55:46.249,2.09475,2.0951,3.70,2.20
2008.07.16 14:55:46.605,2.09475,2.0951,3.70,1.00
2008.07.16 14:55:46.968,2.0947,2.095,1.00,1.00
2008.07.16 14:55:47.332,2.09455,2.09485,1.00,1.00
2008.07.16 14:55:47.555,2.0945,2.09485,1.00,1.00
2008.07.16 14:55:47.864,2.09445,2.09485,3.30,1.00
2008.07.16 14:55:48.856,2.0946,2.09495,2.70,2.10
2008.07.16 14:55:49.046,2.0946,2.09485,2.70,1.20
2008.07.16 14:55:49.226,2.09435,2.0948,6.00,1.00
2008.07.16 14:55:49.417,2.0944,2.0948,3.70,1.00
2008.07.16 14:55:49.966,2.0944,2.0948,2.70,2.00
2008.07.16 14:55:50.245,2.09455,2.0949,2.70,1.00
2008.07.16 14:55:50.821,2.09425,2.09475,7.80,1.00
2008.07.16 14:55:51.144,2.0943,2.09475,2.70,1.00
2008.07.16 14:55:52.135,2.0944,2.0947,1.00,1.00
2008.07.16 14:55:52.504,2.09445,2.0947,2.70,2.10
2008.07.16 14:55:52.718,2.09445,2.0948,2.70,4.40
2008.07.16 14:55:52.894,2.09445,2.0948,2.70,2.20
2008.07.16 14:55:53.072,2.09445,2.0948,2.70,1.00
2008.07.16 14:55:53.437,2.09445,2.0948,2.70,2.00
2008.07.16 14:55:53.653,2.09415,2.09465,7.50,1.00
2008.07.16 14:55:53.875,2.0942,2.09445,1.00,1.00
2008.07.16 14:55:54.316,2.0941,2.09445,1.00,1.00
2008.07.16 14:55:54.838,2.094,2.09445,11.60,1.00
2008.07.16 14:55:55.158,2.09415,2.09425,1.00,1.00
2008.07.16 14:55:55.471,2.09405,2.09425,3.20,1.00
2008.07.16 14:55:56.062,2.0938,2.09425,11.80,1.00
2008.07.16 14:55:56.352,2.09395,2.0942,1.00,1.00
2008.07.16 14:55:57.325,2.09405,2.0942,1.00,1.00
2008.07.16 14:55:57.871,2.0938,2.0941,1.80,1.00
2008.07.16 14:55:58.894,2.09385,2.09395,1.80,1.00
2008.07.16 14:55:59.211,2.09385,2.094,1.00,1.00
2008.07.16 14:55:59.525,2.0939,2.094,1.00,1.00
2008.07.16 14:55:59.843,2.09375,2.094,1.80,1.00
2008.07.16 14:55:59.995,2.09385,2.094,1.00,1.00
2008.07.16 14:56:01.598,2.0938,2.094,1.00,1.00
2008.07.16 14:56:02.172,2.0937,2.094,1.60,1.00
2008.07.16 14:56:02.440,2.0937,2.094,6.20,1.00
2008.07.16 14:56:02.707,2.09385,2.094,1.00,1.00
2008.07.16 14:56:04.060,2.09385,2.09425,3.30,1.00
2008.07.16 14:56:04.479,2.09385,2.09425,2.70,1.00
2008.07.16 14:56:04.907,2.09385,2.09425,3.30,1.00
2008.07.16 14:56:05.303,2.09385,2.0942,1.60,1.00
2008.07.16 14:56:05.649,2.09375,2.0942,5.50,1.00
2008.07.16 14:56:05.829,2.09375,2.0942,4.30,1.00
2008.07.16 14:56:06.175,2.09385,2.0942,1.00,1.00
2008.07.16 14:56:06.550,2.09395,2.0942,1.00,1.00
2008.07.16 14:56:06.931,2.09395,2.0943,2.70,3.10
2008.07.16 14:56:07.431,2.09385,2.0943,4.40,3.10
2008.07.16 14:56:07.696,2.0939,2.0943,1.00,3.10
2008.07.16 14:56:08.007,2.09395,2.09425,1.00,1.00
2008.07.16 14:56:08.243,2.09385,2.0942,3.30,2.10
2008.07.16 14:56:08.473,2.0939,2.0942,1.00,2.10
2008.07.16 14:56:08.990,2.09395,2.0943,2.70,1.00
2008.07.16 14:56:09.350,2.09405,2.0943,2.70,2.10
2008.07.16 14:56:09.707,2.09405,2.0944,2.70,4.10
2008.07.16 14:56:10.060,2.0938,2.09425,4.50,1.00
2008.07.16 14:56:10.383,2.0938,2.09425,3.70,1.00
2008.07.16 14:56:10.706,2.0938,2.09425,1.00,1.00
2008.07.16 14:56:10.874,2.09385,2.09425,3.20,2.00
2008.07.16 14:56:11.202,2.0938,2.0941,11.40,2.10
2008.07.16 14:56:11.528,2.09385,2.0941,1.00,2.10
2008.07.16 14:56:11.935,2.09385,2.09405,1.00,1.20
2008.07.16 14:56:12.238,2.0935,2.094,5.40,1.00
2008.07.16 14:56:12.570,2.0937,2.094,1.00,1.00
2008.07.16 14:56:12.860,2.09345,2.094,3.70,1.00
2008.07.16 14:56:13.102,2.09345,2.094,3.70,2.20
2008.07.16 14:56:13.327,2.09345,2.094,3.70,1.00
2008.07.16 14:56:13.770,2.09345,2.09395,2.70,1.00
2008.07.16 14:56:13.998,2.09355,2.0939,3.30,2.10
2008.07.16 14:56:14.381,2.09355,2.09395,2.70,2.00
2008.07.16 14:56:14.718,2.09355,2.0939,2.70,1.00
2008.07.16 14:56:15.057,2.09355,2.0939,2.70,3.20
2008.07.16 14:56:15.349,2.09345,2.0938,2.70,1.00
2008.07.16 14:56:15.637,2.09345,2.0938,3.30,1.00
2008.07.16 14:56:16.228,2.09345,2.0938,2.70,1.00
2008.07.16 14:56:16.539,2.09345,2.0938,3.70,1.00
2008.07.16 14:56:16.852,2.09345,2.09365,1.00,1.00
2008.07.16 14:56:17.122,2.09335,2.09355,2.70,1.00
2008.07.16 14:56:17.401,2.0933,2.0935,8.60,2.00
2008.07.16 14:56:17.715,2.0933,2.0935,5.40,3.10
2008.07.16 14:56:18.190,2.0933,2.0935,5.40,4.10
2008.07.16 14:56:18.428,2.0933,2.0935,5.40,2.00
2008.07.16 14:56:18.642,2.09295,2.0935,2.70,2.00
2008.07.16 14:56:18.872,2.09295,2.0935,3.30,4.10
2008.07.16 14:56:19.228,2.09295,2.0935,3.70,3.20
2008.07.16 14:56:19.596,2.093,2.09355,1.00,2.00
2008.07.16 14:56:19.952,2.09325,2.0935,1.00,3.10
2008.07.16 14:56:20.178,2.0931,2.0935,1.80,3.10
2008.07.16 14:56:20.391,2.0931,2.0934,3.90,2.10
2008.07.16 14:56:20.595,2.09325,2.0934,1.00,2.10
2008.07.16 14:56:20.828,2.0934,2.09365,1.00,1.00
2008.07.16 14:56:21.404,2.0933,2.09365,1.00,1.00
2008.07.16 14:56:21.767,2.0933,2.09345,1.00,1.00
2008.07.16 14:56:22.157,2.0932,2.09345,1.00,1.00
2008.07.16 14:56:22.442,2.0932,2.0938,1.00,4.30
2008.07.16 14:56:22.716,2.09335,2.0938,2.70,7.50
2008.07.16 14:56:22.998,2.09335,2.0939,2.70,8.50
2008.07.16 14:56:23.277,2.09335,2.09385,2.70,2.10
2008.07.16 14:56:23.540,2.09335,2.09365,2.70,1.20
2008.07.16 14:56:23.844,2.09335,2.0937,2.70,2.20
2008.07.16 14:56:24.145,2.09325,2.0936,2.70,1.00
2008.07.16 14:56:24.486,2.09325,2.09355,2.70,1.00
2008.07.16 14:56:24.830,2.09325,2.0935,2.70,2.10
2008.07.16 14:56:25.165,2.09325,2.0936,2.70,2.10
2008.07.16 14:56:25.349,2.0933,2.0937,1.00,3.20
2008.07.16 14:56:25.710,2.09345,2.0938,2.70,1.20
2008.07.16 14:56:26.238,2.09345,2.0937,2.70,1.00
2008.07.16 14:56:26.541,2.09335,2.0937,2.70,3.20
2008.07.16 14:56:26.841,2.09335,2.0937,2.70,1.20
2008.07.16 14:56:27.140,2.09335,2.0936,2.70,3.10
2008.07.16 14:56:27.496,2.09325,2.0936,2.70,3.10
2008.07.16 14:56:27.856,2.09325,2.0935,2.70,2.10
2008.07.16 14:56:28.942,2.09325,2.0936,2.70,3.10
2008.07.16 14:56:29.304,2.0933,2.0936,1.00,4.10
2008.07.16 14:56:30.287,2.09325,2.0936,2.70,3.20
2008.07.16 14:56:30.441,2.09325,2.0936,2.70,1.00
2008.07.16 14:56:31.192,2.09325,2.0937,2.70,5.20
2008.07.16 14:56:32.345,2.09325,2.0937,2.70,4.10
2008.07.16 14:56:32.643,2.09325,2.0937,2.70,5.20
2008.07.16 14:56:32.955,2.09325,2.0937,2.70,4.10
2008.07.16 14:56:33.104,2.0934,2.0937,2.70,3.10
2008.07.16 14:56:33.514,2.0932,2.0937,3.50,4.10
2008.07.16 14:56:33.841,2.0932,2.0937,2.70,2.00
2008.07.16 14:56:34.165,2.0933,2.09365,2.70,2.00
2008.07.16 14:56:34.508,2.09325,2.0936,1.00,1.00
2008.07.16 14:56:35.136,2.09335,2.0937,2.70,1.00
2008.07.16 14:56:35.757,2.0934,2.0937,1.00,1.00
2008.07.16 14:56:36.073,2.09335,2.0937,3.70,1.00
2008.07.16 14:56:36.543,2.09335,2.0938,3.70,1.00
2008.07.16 14:56:37.587,2.0934,2.0937,1.00,1.00
2008.07.16 14:56:37.808,2.09355,2.0938,2.70,4.30
2008.07.16 14:56:38.134,2.09355,2.0938,2.70,5.40
2008.07.16 14:56:38.472,2.09345,2.0938,2.70,6.40
2008.07.16 14:56:38.836,2.09345,2.0938,2.70,4.30
2008.07.16 14:56:39.254,2.09345,2.09385,2.70,2.00
2008.07.16 14:56:39.471,2.09345,2.0938,2.70,1.00
2008.07.16 14:56:40.881,2.09345,2.0938,2.70,2.00
2008.07.16 14:56:41.403,2.09335,2.0937,3.30,1.00
2008.07.16 14:56:41.761,2.0935,2.0937,1.00,1.00
2008.07.16 14:56:42.294,2.09345,2.0937,1.00,1.00
2008.07.16 14:56:42.853,2.0934,2.0937,1.70,1.00
2008.07.16 14:56:44.021,2.09335,2.0937,3.30,1.00
2008.07.16 14:56:44.638,2.09335,2.0937,2.70,1.00
2008.07.16 14:56:46.150,2.0934,2.0937,1.00,1.00
2008.07.16 14:56:47.037,2.09345,2.0938,2.70,2.00
2008.07.16 14:56:47.285,2.09345,2.0938,2.70,1.00
2008.07.16 14:56:48.190,2.09345,2.0938,2.70,2.10
2008.07.16 14:56:48.401,2.09345,2.0938,2.70,1.00
2008.07.16 14:56:48.811,2.09345,2.0938,2.70,2.00
2008.07.16 14:56:49.429,2.09345,2.0938,2.70,3.20
2008.07.16 14:56:49.751,2.09345,2.0937,2.70,2.00
2008.07.16 14:56:50.073,2.0932,2.0936,2.70,1.00
2008.07.16 14:56:50.348,2.0932,2.0936,3.30,1.00
2008.07.16 14:56:50.621,2.0932,2.0936,3.30,2.10
2008.07.16 14:56:50.768,2.0932,2.09355,3.30,1.20
2008.07.16 14:56:50.947,2.0931,2.0934,1.00,1.00
2008.07.16 14:56:51.292,2.0931,2.0934,1.70,1.00
2008.07.16 14:56:53.020,2.09315,2.0935,3.30,1.00
2008.07.16 14:56:54.564,2.0932,2.0935,1.00,1.00
2008.07.16 14:56:58.585,2.09325,2.0935,1.00,1.00
2008.07.16 14:56:59.888,2.0932,2.0935,1.00,1.00
2008.07.16 14:57:00.129,2.09305,2.09335,1.00,1.00
2008.07.16 14:57:00.896,2.093,2.09335,1.00,1.00
2008.07.16 14:57:01.068,2.09295,2.09335,2.70,1.00
2008.07.16 14:57:01.557,2.0927,2.09315,3.70,1.00
2008.07.16 14:57:01.933,2.0929,2.09325,1.00,1.00
2008.07.16 14:57:02.296,2.09275,2.09325,2.70,1.00
2008.07.16 14:57:02.781,2.09275,2.0932,3.70,1.00
2008.07.16 14:57:02.970,2.09285,2.0932,2.70,1.00
2008.07.16 14:57:03.645,2.09285,2.0932,2.70,2.00
2008.07.16 14:57:03.854,2.0926,2.09305,4.50,1.00
2008.07.16 14:57:04.072,2.0926,2.09305,3.70,1.00
2008.07.16 14:57:04.276,2.0926,2.09305,3.30,2.00
2008.07.16 14:57:04.665,2.0927,2.09305,1.00,2.00
2008.07.16 14:57:05.706,2.09265,2.093,4.30,2.00
2008.07.16 14:57:06.057,2.0928,2.093,1.00,2.00
2008.07.16 14:57:06.584,2.0929,2.093,1.00,2.00
2008.07.16 14:57:07.054,2.09265,2.093,1.60,1.00
2008.07.16 14:57:07.407,2.0927,2.093,1.00,1.00
2008.07.16 14:57:07.769,2.0928,2.0933,2.70,1.70
2008.07.16 14:57:08.065,2.09285,2.09325,3.30,1.00
2008.07.16 14:57:09.396,2.09285,2.0932,2.70,1.00
2008.07.16 14:57:12.069,2.09285,2.0932,3.70,1.00
2008.07.16 14:57:12.511,2.09285,2.0932,2.70,2.00
2008.07.16 14:57:12.803,2.09285,2.0932,3.30,3.20
2008.07.16 14:57:13.025,2.09285,2.0931,2.70,3.10
2008.07.16 14:57:13.479,2.0928,2.0931,1.00,2.00
2008.07.16 14:57:13.714,2.09275,2.0931,2.70,2.00
2008.07.16 14:57:14.565,2.0928,2.0931,1.00,2.00
2008.07.16 14:57:15.106,2.09275,2.0931,3.30,1.00
2008.07.16 14:57:15.277,2.09275,2.0931,3.30,2.20
2008.07.16 14:57:15.448,2.09275,2.0931,1.00,3.30
2008.07.16 14:57:15.631,2.0925,2.0931,4.50,6.40
2008.07.16 14:57:15.794,2.0925,2.0931,3.70,6.40
2008.07.16 14:57:15.953,2.0925,2.093,2.70,3.10
2008.07.16 14:57:16.312,2.0925,2.093,2.70,5.40
2008.07.16 14:57:16.652,2.0926,2.093,1.00,5.40
2008.07.16 14:57:16.991,2.09255,2.0929,3.30,1.00
2008.07.16 14:57:18.129,2.09255,2.0929,2.70,1.00
2008.07.16 14:57:18.560,2.09255,2.0929,3.70,1.00
2008.07.16 14:57:19.071,2.0926,2.0929,1.00,1.00
2008.07.16 14:57:19.226,2.09255,2.0929,3.70,1.00
2008.07.16 14:57:19.584,2.0927,2.0929,1.00,1.00
2008.07.16 14:57:20.329,2.0926,2.0929,1.00,1.00
2008.07.16 14:57:20.492,2.0926,2.0928,1.00,1.00
2008.07.16 14:57:22.124,2.0926,2.0927,1.00,1.00
2008.07.16 14:57:22.411,2.09245,2.0927,1.00,1.00
2008.07.16 14:57:23.471,2.0924,2.0927,1.70,1.00
2008.07.16 14:57:23.775,2.0924,2.0927,1.00,1.00
2008.07.16 14:57:24.370,2.09225,2.0926,3.70,1.00
2008.07.16 14:57:24.983,2.09235,2.0926,1.00,1.00
2008.07.16 14:57:25.501,2.0923,2.0926,1.00,1.00
2008.07.16 14:57:26.104,2.09235,2.0927,2.70,1.00
2008.07.16 14:57:26.318,2.09235,2.0927,3.70,1.00
2008.07.16 14:57:26.625,2.0924,2.0927,1.00,1.00
2008.07.16 14:57:27.492,2.09235,2.0927,3.70,1.00
2008.07.16 14:57:30.631,2.0924,2.0927,1.00,1.00
2008.07.16 14:57:31.103,2.09235,2.0927,3.70,1.00
2008.07.16 14:57:31.238,2.0925,2.0927,1.00,1.00
2008.07.16 14:57:31.697,2.09235,2.0927,3.70,1.00
2008.07.16 14:57:32.050,2.0924,2.0927,4.30,1.00
2008.07.16 14:57:32.408,2.09245,2.0927,1.00,1.00
2008.07.16 14:57:32.757,2.0924,2.0927,1.00,1.00
2008.07.16 14:57:33.070,2.09235,2.0927,4.50,1.00
2008.07.16 14:57:33.244,2.09245,2.0927,1.00,1.00
2008.07.16 14:57:33.719,2.0924,2.0927,1.00,1.00
2008.07.16 14:57:34.455,2.0924,2.0927,3.90,1.00
2008.07.16 14:57:34.673,2.09245,2.0927,1.00,1.00
2008.07.16 14:57:35.435,2.09235,2.0927,4.50,1.00
2008.07.16 14:57:35.735,2.0924,2.0927,1.00,1.00
2008.07.16 14:57:36.535,2.09245,2.0927,1.00,1.00
2008.07.16 14:57:37.479,2.0926,2.09295,1.00,1.00
2008.07.16 14:57:37.857,2.0926,2.09295,1.00,1.00
2008.07.16 14:57:38.705,2.09265,2.0929,1.00,1.00
2008.07.16 14:57:41.534,2.09265,2.093,3.70,1.00
2008.07.16 14:57:42.020,2.0928,2.09315,2.70,1.00
2008.07.16 14:57:42.420,2.0928,2.0932,2.70,3.20
2008.07.16 14:57:42.777,2.09265,2.09305,5.40,1.00
2008.07.16 14:57:42.946,2.09265,2.09305,6.20,1.00
2008.07.16 14:57:43.421,2.0928,2.09325,1.00,1.00
2008.07.16 14:57:43.585,2.0928,2.09325,1.00,2.00
2008.07.16 14:57:43.782,2.09275,2.09325,2.70,2.00
2008.07.16 14:57:43.973,2.09275,2.09325,2.70,1.00
2008.07.16 14:57:44.299,2.0928,2.09315,1.00,2.10
2008.07.16 14:57:44.769,2.0928,2.093,1.00,1.20
2008.07.16 14:57:45.089,2.09265,2.0929,2.80,1.00
2008.07.16 14:57:45.719,2.09275,2.09305,1.00,1.70
2008.07.16 14:57:46.062,2.09265,2.093,5.50,1.00
2008.07.16 14:57:46.379,2.0927,2.093,4.30,1.00
2008.07.16 14:57:46.741,2.09285,2.093,1.00,1.00
2008.07.16 14:57:47.311,2.0927,2.093,9.30,1.00
2008.07.16 14:57:47.626,2.0929,2.0933,1.00,2.70
2008.07.16 14:57:47.930,2.0929,2.09325,1.00,1.00
2008.07.16 14:57:48.271,2.0929,2.09325,2.00,1.00
2008.07.16 14:57:48.580,2.0931,2.09345,1.00,1.00
2008.07.16 14:57:48.896,2.09315,2.09345,1.00,1.00
2008.07.16 14:57:49.249,2.09305,2.09345,1.80,1.00
2008.07.16 14:57:49.425,2.0931,2.09345,1.00,1.00
2008.07.16 14:57:49.605,2.0932,2.0934,1.80,1.00
2008.07.16 14:57:50.319,2.0932,2.0934,1.00,1.00
2008.07.16 14:57:51.016,2.09305,2.0934,7.40,1.00
2008.07.16 14:57:51.300,2.09325,2.0936,2.70,3.90
2008.07.16 14:57:51.576,2.09335,2.0935,2.70,3.20
2008.07.16 14:57:51.868,2.0934,2.09395,1.00,3.90
2008.07.16 14:57:52.191,2.09345,2.0939,3.70,1.00
2008.07.16 14:57:53.127,2.0935,2.0938,1.00,1.00
2008.07.16 14:57:53.664,2.09365,2.0941,2.70,4.10
2008.07.16 14:57:54.363,2.09365,2.09405,2.70,6.20
2008.07.16 14:57:54.713,2.09365,2.09395,2.70,1.20
2008.07.16 14:57:55.066,2.0935,2.0939,7.50,1.00
2008.07.16 14:57:55.603,2.0936,2.0939,1.00,1.00
2008.07.16 14:57:55.883,2.0935,2.0939,8.60,1.00
2008.07.16 14:57:57.321,2.09355,2.0939,3.70,1.00
2008.07.16 14:57:58.211,2.09365,2.094,2.70,1.00
2008.07.16 14:57:59.079,2.09365,2.09415,2.70,2.10
2008.07.16 14:57:59.304,2.0938,2.094,1.00,1.00
2008.07.16 14:57:59.550,2.09365,2.094,1.00,1.00
2008.07.16 14:57:59.983,2.0937,2.0941,3.20,1.00
2008.07.16 14:58:00.682,2.09365,2.094,2.70,1.00
2008.07.16 14:58:01.033,2.09355,2.0939,4.50,1.00
2008.07.16 14:58:01.736,2.09365,2.094,3.70,1.00
2008.07.16 14:58:02.723,2.0936,2.0939,5.10,1.00
2008.07.16 14:58:03.050,2.0936,2.0939,1.00,1.00
2008.07.16 14:58:03.536,2.09365,2.0939,1.00,1.00
2008.07.16 14:58:03.701,2.09365,2.094,3.70,1.00
2008.07.16 14:58:03.948,2.0937,2.094,1.00,1.00
2008.07.16 14:58:05.122,2.0937,2.09385,1.00,1.00
2008.07.16 14:58:05.517,2.0937,2.09405,1.00,1.00
2008.07.16 14:58:05.692,2.09365,2.09405,3.70,1.00
2008.07.16 14:58:06.499,2.09375,2.0942,2.70,1.00
2008.07.16 14:58:06.839,2.09375,2.09415,3.50,1.00
2008.07.16 14:58:07.181,2.0939,2.0942,1.00,2.90
2008.07.16 14:58:07.540,2.0939,2.09405,1.00,1.00
2008.07.16 14:58:07.911,2.0939,2.09405,1.00,1.80
2008.07.16 14:58:08.224,2.0939,2.09395,1.00,1.00
2008.07.16 14:58:08.482,2.0937,2.09375,6.10,1.00
2008.07.16 14:58:08.769,2.0937,2.09375,7.50,1.00
2008.07.16 14:58:09.006,2.0937,2.0941,5.40,5.10
2008.07.16 14:58:09.435,2.0937,2.0941,5.40,1.00
2008.07.16 14:58:09.791,2.0937,2.0939,5.40,1.00
2008.07.16 14:58:10.152,2.0937,2.09385,5.40,1.00
2008.07.16 14:58:10.531,2.09345,2.0938,1.00,1.00
2008.07.16 14:58:10.740,2.09345,2.0938,1.00,1.80
2008.07.16 14:58:10.932,2.09345,2.09375,1.00,1.00
2008.07.16 14:58:11.184,2.0933,2.0937,2.70,1.00
2008.07.16 14:58:11.712,2.0934,2.0937,1.00,1.00
2008.07.16 14:58:12.092,2.09335,2.0937,4.70,1.00
2008.07.16 14:58:12.485,2.09345,2.0938,2.70,1.00
2008.07.16 14:58:13.028,2.0935,2.0938,1.00,1.00
2008.07.16 14:58:13.306,2.09365,2.09395,2.70,1.20
2008.07.16 14:58:13.582,2.09355,2.0939,2.70,1.00
2008.07.16 14:58:13.913,2.0936,2.0939,1.00,1.00
2008.07.16 14:58:14.240,2.09365,2.0939,1.00,1.00
2008.07.16 14:58:14.572,2.0936,2.0939,2.10,1.00
2008.07.16 14:58:14.868,2.0936,2.0939,3.20,1.00
2008.07.16 14:58:15.171,2.0936,2.0939,1.00,1.00
2008.07.16 14:58:15.466,2.09355,2.0939,3.70,1.00
2008.07.16 14:58:16.074,2.0936,2.0939,2.00,1.00
2008.07.16 14:58:16.293,2.09375,2.09415,2.70,5.10
2008.07.16 14:58:16.504,2.09375,2.09415,2.70,4.00
2008.07.16 14:58:16.828,2.0938,2.09405,1.00,1.00
2008.07.16 14:58:17.152,2.09385,2.09425,2.70,2.90
2008.07.16 14:58:17.795,2.09375,2.09405,1.00,1.00
2008.07.16 14:58:18.494,2.0937,2.09405,4.30,1.00
2008.07.16 14:58:18.677,2.0938,2.09405,1.00,1.00
2008.07.16 14:58:18.864,2.09365,2.094,3.30,1.00
2008.07.16 14:58:19.389,2.09365,2.094,2.70,1.00
2008.07.16 14:58:19.886,2.09365,2.094,3.50,1.00
2008.07.16 14:58:20.599,2.0937,2.094,1.00,1.00
2008.07.16 14:58:21.013,2.0937,2.094,1.00,1.00
2008.07.16 14:58:21.292,2.0937,2.094,1.00,1.70
2008.07.16 14:58:21.450,2.0937,2.094,1.00,2.90
2008.07.16 14:58:21.602,2.09365,2.0939,1.00,1.00
2008.07.16 14:58:22.021,2.0937,2.0939,1.00,1.00
2008.07.16 14:58:22.377,2.09375,2.0939,1.00,1.00
2008.07.16 14:58:22.727,2.0937,2.0939,1.00,1.00
2008.07.16 14:58:23.707,2.09365,2.0939,1.00,1.00
2008.07.16 14:58:26.544,2.0936,2.0938,1.00,1.00
2008.07.16 14:58:27.299,2.0936,2.0939,1.00,1.80
2008.07.16 14:58:27.656,2.09355,2.0939,2.70,1.00
2008.07.16 14:58:28.036,2.09365,2.0939,1.00,2.00
2008.07.16 14:58:28.227,2.09355,2.0938,1.00,1.00
2008.07.16 14:58:28.414,2.0935,2.0938,1.00,2.00
2008.07.16 14:58:28.610,2.09355,2.0938,1.00,1.20
2008.07.16 14:58:28.793,2.09355,2.0937,1.00,1.20
2008.07.16 14:58:29.174,2.09355,2.0937,1.00,2.00
2008.07.16 14:58:29.385,2.0935,2.0937,1.00,2.90
2008.07.16 14:58:29.596,2.09325,2.0937,1.00,1.70
2008.07.16 14:58:29.811,2.09325,2.0936,1.00,1.20
2008.07.16 14:58:30.114,2.0932,2.0937,4.50,4.30
2008.07.16 14:58:30.414,2.09335,2.0937,1.00,1.00
2008.07.16 14:58:30.716,2.09315,2.0935,1.00,1.00
2008.07.16 14:58:31.265,2.0931,2.0935,1.00,1.00
2008.07.16 14:58:31.479,2.0933,2.0935,1.00,1.00
2008.07.16 14:58:32.092,2.09315,2.0934,1.80,1.00
2008.07.16 14:58:32.514,2.0934,2.0936,1.00,2.40
2008.07.16 14:58:32.868,2.0932,2.0935,1.00,1.00
2008.07.16 14:58:33.246,2.09325,2.0935,1.00,1.00
2008.07.16 14:58:33.446,2.0933,2.0935,1.00,1.00
2008.07.16 14:58:33.850,2.09335,2.0935,1.00,1.00
2008.07.16 14:58:34.057,2.09335,2.0935,1.70,1.00
2008.07.16 14:58:34.315,2.0935,2.09375,1.00,2.90
2008.07.16 14:58:34.581,2.09325,2.09355,1.80,1.00
2008.07.16 14:58:34.843,2.09335,2.09355,1.00,1.00
2008.07.16 14:58:35.097,2.0934,2.09365,1.00,1.00
2008.07.16 14:58:35.809,2.0932,2.0936,3.70,1.00
2008.07.16 14:58:36.153,2.0934,2.0936,1.00,1.00
2008.07.16 14:58:36.458,2.0933,2.0937,3.70,1.00
2008.07.16 14:58:36.743,2.09345,2.0938,1.60,2.90
2008.07.16 14:58:37.022,2.0935,2.0938,1.00,4.00
2008.07.16 14:58:37.343,2.09345,2.0937,1.80,1.00
2008.07.16 14:58:37.985,2.09345,2.0937,1.00,1.00
2008.07.16 14:58:38.331,2.0935,2.0938,5.40,1.00
2008.07.16 14:58:39.002,2.09365,2.0938,1.00,1.00
2008.07.16 14:58:39.347,2.09365,2.0937,1.00,1.00
2008.07.16 14:58:39.536,2.0936,2.0937,1.00,1.00
2008.07.16 14:58:40.095,2.0935,2.0938,1.00,1.00
2008.07.16 14:58:40.439,2.0936,2.0939,1.00,1.70
2008.07.16 14:58:40.757,2.0937,2.0939,1.00,1.70
2008.07.16 14:58:41.074,2.09355,2.0939,1.00,1.00
2008.07.16 14:58:41.394,2.0936,2.09375,5.40,1.00
2008.07.16 14:58:41.712,2.0936,2.09375,1.00,1.00
2008.07.16 14:58:42.023,2.0937,2.09375,1.00,1.00
2008.07.16 14:58:42.342,2.0933,2.09375,1.00,1.00
2008.07.16 14:58:42.652,2.0933,2.0937,1.80,1.00
2008.07.16 14:58:42.967,2.0934,2.0935,1.00,1.00
2008.07.16 14:58:43.398,2.09335,2.0935,1.00,1.00
2008.07.16 14:58:43.604,2.0935,2.0937,1.00,2.90
2008.07.16 14:58:43.956,2.0935,2.09375,1.00,2.10
2008.07.16 14:58:44.114,2.09335,2.09365,1.70,2.10
2008.07.16 14:58:44.483,2.09335,2.0935,1.00,1.00
2008.07.16 14:58:44.848,2.0934,2.0935,1.00,1.00
2008.07.16 14:58:46.754,2.09355,2.09375,1.00,2.90
2008.07.16 14:58:48.239,2.09355,2.0937,1.00,1.00
2008.07.16 14:58:48.509,2.09355,2.0936,1.00,1.00
2008.07.16 14:58:48.770,2.09315,2.0936,3.70,1.00
2008.07.16 14:58:49.183,2.09315,2.0936,4.50,1.00
2008.07.16 14:58:49.273,2.09325,2.0937,3.30,4.00
2008.07.16 14:58:49.413,2.0934,2.0937,1.00,1.80
2008.07.16 14:58:49.782,2.0934,2.0937,1.00,4.00
2008.07.16 14:58:50.140,2.0936,2.0938,1.00,2.90
2008.07.16 14:58:50.489,2.0936,2.0938,1.00,1.00
2008.07.16 14:58:50.800,2.09335,2.0937,2.10,1.00
2008.07.16 14:58:51.112,2.0935,2.09385,1.00,1.00
2008.07.16 14:58:51.423,2.0935,2.0938,1.00,2.10
2008.07.16 14:58:51.719,2.09345,2.09365,1.70,1.00
2008.07.16 14:58:52.023,2.09355,2.09365,1.00,1.00
2008.07.16 14:58:52.612,2.09365,2.09375,1.00,1.00
2008.07.16 14:58:53.549,2.0937,2.0939,1.00,3.20
2008.07.16 14:58:53.826,2.0937,2.09405,1.00,3.20
2008.07.16 14:58:54.001,2.09355,2.09385,1.00,1.20
2008.07.16 14:58:54.141,2.0934,2.09385,1.00,1.20
2008.07.16 14:58:54.585,2.0934,2.0938,1.00,1.20
2008.07.16 14:58:54.983,2.0933,2.09365,8.20,1.00
2008.07.16 14:58:55.373,2.0933,2.0935,2.10,1.00
2008.07.16 14:58:56.647,2.0933,2.0935,2.10,1.00
2008.07.16 14:58:57.835,2.0933,2.09335,2.10,1.00
2008.07.16 14:58:58.249,2.0933,2.09365,2.10,1.20
2008.07.16 14:58:58.714,2.0933,2.0937,1.00,2.90
2008.07.16 14:58:58.968,2.0934,2.0938,1.00,4.00
2008.07.16 14:58:59.232,2.09345,2.0938,1.00,4.00
2008.07.16 14:58:59.478,2.0934,2.0937,1.80,4.00
2008.07.16 14:59:00.325,2.0934,2.0937,1.80,1.00
2008.07.16 14:59:00.627,2.09355,2.0937,1.00,1.00
2008.07.16 14:59:00.840,2.09355,2.09375,1.00,1.20
2008.07.16 14:59:01.269,2.0934,2.09375,3.20,1.20
2008.07.16 14:59:01.489,2.09315,2.09375,6.40,1.20
2008.07.16 14:59:01.721,2.0933,2.0937,1.00,3.10
2008.07.16 14:59:02.418,2.09325,2.0937,1.00,3.10
2008.07.16 14:59:02.775,2.09315,2.0937,4.50,3.10
2008.07.16 14:59:03.647,2.0933,2.0935,1.00,1.00
2008.07.16 14:59:04.266,2.0933,2.0938,1.00,3.10
2008.07.16 14:59:04.458,2.0933,2.09365,1.00,2.10
2008.07.16 14:59:04.728,2.09315,2.0936,1.00,2.10
2008.07.16 14:59:05.027,2.0932,2.0935,1.00,1.00
2008.07.16 14:59:05.904,2.0931,2.0934,8.60,1.00
2008.07.16 14:59:06.085,2.0931,2.0934,7.50,1.00
2008.07.16 14:59:06.238,2.0931,2.0934,6.40,1.00
2008.07.16 14:59:06.550,2.0931,2.0934,1.80,1.00
2008.07.16 14:59:07.214,2.0932,2.0934,1.00,1.00
2008.07.16 14:59:07.574,2.0932,2.0933,1.00,1.00
2008.07.16 14:59:08.134,2.0931,2.0933,1.80,1.00
2008.07.16 14:59:08.245,2.0932,2.0933,1.00,1.00
2008.07.16 14:59:08.398,2.09305,2.0933,1.80,1.00
2008.07.16 14:59:08.593,2.09315,2.0933,1.00,1.00
2008.07.16 14:59:09.194,2.09305,2.0933,1.80,1.00
2008.07.16 14:59:09.496,2.09305,2.0933,1.00,1.00
2008.07.16 14:59:10.114,2.0932,2.0933,1.00,1.00
2008.07.16 14:59:10.648,2.09295,2.0933,4.30,1.00
2008.07.16 14:59:10.987,2.09315,2.0933,1.00,1.00
2008.07.16 14:59:11.183,2.09305,2.0933,1.80,1.00
2008.07.16 14:59:11.373,2.09305,2.0933,1.00,1.00
2008.07.16 14:59:11.603,2.0932,2.0933,1.00,1.00
2008.07.16 14:59:11.978,2.09305,2.0933,1.00,1.00
2008.07.16 14:59:12.363,2.09325,2.0933,1.00,1.00
2008.07.16 14:59:12.719,2.09325,2.0933,1.70,1.00
2008.07.16 14:59:13.074,2.09335,2.0937,1.00,2.90
2008.07.16 14:59:13.232,2.093,2.0937,1.00,2.90
2008.07.16 14:59:13.523,2.093,2.0936,1.00,1.20
2008.07.16 14:59:13.905,2.093,2.09325,1.00,1.00
2008.07.16 14:59:14.262,2.09295,2.09325,1.80,1.00
2008.07.16 14:59:14.747,2.09305,2.09325,1.70,1.00
2008.07.16 14:59:15.015,2.09315,2.0932,1.00,1.00
2008.07.16 14:59:15.256,2.09315,2.0932,1.70,1.00
2008.07.16 14:59:15.605,2.0932,2.09345,1.00,1.00
2008.07.16 14:59:15.954,2.09305,2.09345,2.10,1.00
2008.07.16 14:59:16.329,2.0932,2.09345,1.00,1.00
2008.07.16 14:59:16.625,2.0932,2.0933,1.00,1.00
2008.07.16 14:59:16.924,2.0931,2.0933,1.00,1.00
2008.07.16 14:59:17.230,2.09305,2.0933,1.00,1.00
2008.07.16 14:59:17.548,2.093,2.09315,1.80,1.00
2008.07.16 14:59:17.875,2.093,2.09315,1.70,1.00
2008.07.16 14:59:18.186,2.093,2.09325,1.00,1.20
2008.07.16 14:59:18.424,2.0929,2.09305,10.80,1.00
2008.07.16 14:59:18.831,2.09295,2.09305,1.00,1.00
2008.07.16 14:59:19.411,2.09295,2.0931,1.00,2.90
2008.07.16 14:59:19.675,2.09295,2.0931,1.00,1.00
2008.07.16 14:59:20.197,2.0929,2.0931,1.00,1.00
2008.07.16 14:59:20.547,2.0929,2.09295,1.00,1.00
2008.07.16 14:59:20.898,2.09295,2.0933,1.00,3.90
2008.07.16 14:59:21.249,2.0929,2.0932,1.00,1.00
2008.07.16 14:59:21.613,2.0928,2.0932,1.60,1.00
2008.07.16 14:59:21.994,2.09275,2.09295,1.40,1.00
2008.07.16 14:59:22.315,2.09285,2.09335,1.00,1.00
2008.07.16 14:59:22.607,2.09285,2.0932,1.00,1.00
2008.07.16 14:59:22.885,2.09295,2.0932,1.00,1.00
2008.07.16 14:59:23.957,2.09265,2.0931,1.80,1.00
2008.07.16 14:59:24.136,2.09275,2.0931,1.00,1.00
2008.07.16 14:59:24.312,2.09275,2.0931,1.00,2.00
2008.07.16 14:59:24.541,2.09275,2.09305,1.00,1.20
2008.07.16 14:59:24.731,2.0927,2.093,1.00,1.00
2008.07.16 14:59:25.101,2.09285,2.093,1.00,1.00
2008.07.16 14:59:25.489,2.09275,2.093,1.00,1.00
2008.07.16 14:59:25.824,2.0927,2.093,1.00,1.00
2008.07.16 14:59:26.155,2.09285,2.093,1.00,1.00
2008.07.16 14:59:26.762,2.09285,2.0929,1.00,1.00
2008.07.16 14:59:27.241,2.0927,2.0929,2.10,1.00
2008.07.16 14:59:27.854,2.09285,2.0929,1.00,1.00
2008.07.16 14:59:28.210,2.0929,2.0932,1.00,2.40
2008.07.16 14:59:28.793,2.09275,2.09315,4.30,1.00
2008.07.16 14:59:28.977,2.09275,2.09315,3.50,1.00
2008.07.16 14:59:29.160,2.09285,2.09315,1.00,1.00
2008.07.16 14:59:29.772,2.093,2.09315,1.00,1.00
2008.07.16 14:59:30.692,2.09295,2.0931,1.00,1.00
2008.07.16 14:59:30.971,2.09305,2.0931,1.00,1.00
2008.07.16 14:59:31.557,2.0931,2.09335,1.00,1.50
2008.07.16 14:59:31.841,2.093,2.0931,1.00,1.00
2008.07.16 14:59:32.680,2.0928,2.09295,2.30,1.00
2008.07.16 14:59:32.971,2.09285,2.09295,1.00,1.00
2008.07.16 14:59:33.260,2.0928,2.09295,1.00,1.00
2008.07.16 14:59:33.552,2.0929,2.09315,1.00,1.00
2008.07.16 14:59:34.663,2.09285,2.09295,1.00,1.00
2008.07.16 14:59:35.983,2.0928,2.0929,3.20,1.00
2008.07.16 14:59:36.530,2.0929,2.0932,1.00,3.10
2008.07.16 14:59:36.811,2.0929,2.093,1.00,1.00
2008.07.16 14:59:37.510,2.09265,2.09285,1.00,1.00
2008.07.16 14:59:38.029,2.09255,2.09295,2.10,1.00
2008.07.16 14:59:38.213,2.0927,2.09295,1.00,1.00
2008.07.16 14:59:38.415,2.09255,2.09295,2.10,1.00
2008.07.16 14:59:38.606,2.09275,2.0929,1.00,1.00
2008.07.16 14:59:39.041,2.0927,2.0929,1.70,1.00
2008.07.16 14:59:39.810,2.09275,2.0929,1.00,1.00
2008.07.16 14:59:40.378,2.09275,2.0928,1.00,1.20
2008.07.16 14:59:40.659,2.09255,2.0926,1.80,1.00
2008.07.16 14:59:41.250,2.0926,2.0928,1.00,1.20
2008.07.16 14:59:41.906,2.0927,2.09275,1.00,1.70
2008.07.16 14:59:42.261,2.0922,2.09265,2.30,1.20
2008.07.16 14:59:42.621,2.0922,2.0925,1.50,1.20
2008.07.16 14:59:43.122,2.09195,2.0925,1.70,1.20
2008.07.16 14:59:43.391,2.09185,2.09255,3.20,1.20
2008.07.16 14:59:43.603,2.09185,2.09245,2.10,1.00
2008.07.16 14:59:43.830,2.09195,2.0924,1.00,4.00
2008.07.16 14:59:44.187,2.09225,2.0924,1.00,5.10
2008.07.16 14:59:44.645,2.09205,2.0924,1.00,1.00
2008.07.16 14:59:44.949,2.09225,2.0924,1.00,1.00
2008.07.16 14:59:45.794,2.0921,2.0924,1.00,1.00
2008.07.16 14:59:46.146,2.0921,2.0924,1.00,1.00
2008.07.16 14:59:46.839,2.09225,2.0923,1.00,1.00
2008.07.16 14:59:47.577,2.0923,2.0926,1.00,3.20
2008.07.16 14:59:48.127,2.09225,2.09255,1.60,1.00
2008.07.16 14:59:48.358,2.09225,2.0927,4.30,1.00
2008.07.16 14:59:48.558,2.09235,2.09265,1.00,2.10
2008.07.16 14:59:48.946,2.0923,2.0927,1.00,2.10
2008.07.16 14:59:49.159,2.0923,2.0925,1.00,1.00
2008.07.16 14:59:49.407,2.0922,2.0925,2.10,1.00
2008.07.16 14:59:49.632,2.0922,2.0924,1.00,1.00
2008.07.16 14:59:49.849,2.0922,2.0924,1.00,1.00
2008.07.16 14:59:50.149,2.0921,2.0924,9.70,1.00
2008.07.16 14:59:50.474,2.09205,2.0924,3.70,1.00
2008.07.16 14:59:50.811,2.0922,2.0924,1.00,1.00
2008.07.16 14:59:51.183,2.09225,2.0925,1.00,1.00
2008.07.16 14:59:51.628,2.09225,2.0924,1.00,1.00
2008.07.16 14:59:51.785,2.0922,2.0924,1.00,1.00
2008.07.16 14:59:52.440,2.09225,2.0925,1.00,2.00
2008.07.16 14:59:52.798,2.0919,2.09235,2.10,1.00
2008.07.16 14:59:53.164,2.092,2.09235,1.00,1.00
2008.07.16 14:59:53.305,2.092,2.09235,3.20,1.00
2008.07.16 14:59:53.471,2.0919,2.09225,4.30,1.00
2008.07.16 14:59:53.702,2.0919,2.09225,2.10,1.00
2008.07.16 14:59:53.833,2.0921,2.0922,1.00,1.00
2008.07.16 14:59:55.354,2.09205,2.0922,1.00,1.00
2008.07.16 14:59:55.604,2.0921,2.0922,1.00,1.00
2008.07.16 14:59:55.862,2.09215,2.09245,1.00,1.70
2008.07.16 14:59:56.114,2.0921,2.09245,1.70,1.70
2008.07.16 14:59:56.411,2.0921,2.09245,1.00,1.70
2008.07.16 14:59:56.714,2.09215,2.09245,1.00,1.00
2008.07.16 14:59:57.040,2.0921,2.0924,1.00,1.00
2008.07.16 14:59:57.343,2.0921,2.0924,1.70,2.90
2008.07.16 14:59:57.680,2.0921,2.09225,1.00,1.00
2008.07.16 14:59:58.333,2.09205,2.09225,1.00,1.00
2008.07.16 14:59:59.422,2.092,2.0922,1.00,1.00
2008.07.16 14:59:59.743,2.092,2.0923,1.00,2.90
