2018.02.12 06:00:00.165,1.50676,1.50692,1.94,2.25
2018.02.12 06:00:00.217,1.50672,1.5069,1.62,1.44
2018.02.12 06:00:00.269,1.50676,1.5069,1.31,1.87
2018.02.12 06:00:00.321,1.50672,1.50689,2.44,1.62
2018.02.12 06:00:00.478,1.50676,1.50686,1.56,1.19
2018.02.12 06:00:00.529,1.50669,1.50686,2.06,1.50
2018.02.12 06:00:00.581,1.50675,1.50686,1.12,1.00
2018.02.12 06:00:00.832,1.50672,1.50685,1.25,1.19
2018.02.12 06:00:00.886,1.50668,1.50685,1.81,1.69
2018.02.12 06:00:01.587,1.50666,1.50684,2.44,1.88
2018.02.12 06:00:02.099,1.50666,1.50685,1.81,2.06
2018.02.12 06:00:02.630,1.50667,1.50685,1.00,2.06
2018.02.12 06:00:02.889,1.50665,1.50683,1.31,2.63
2018.02.12 06:00:02.993,1.50664,1.50683,1.12,2.63
2018.02.12 06:00:03.045,1.50662,1.50681,2.62,2.06
2018.02.12 06:00:03.097,1.50657,1.50676,1.94,1.50
2018.02.12 06:00:03.202,1.50656,1.50674,1.19,2.06
2018.02.12 06:00:03.255,1.50652,1.50672,2.06,2.06
2018.02.12 06:00:03.307,1.50651,1.5067,1.56,1.63
2018.02.12 06:00:03.812,1.50651,1.5067,1.87,2.44
2018.02.12 06:00:04.330,1.50651,1.5067,1.13,1.88
2018.02.12 06:00:04.881,1.50651,1.5067,1.13,1.13
2018.02.12 06:00:05.192,1.50651,1.50669,1.19,1.88
2018.02.12 06:00:06.063,1.50651,1.50669,1.19,1.88
2018.02.12 06:00:06.540,1.5065,1.50669,1.19,3.38
2018.02.12 06:00:06.667,1.50649,1.50669,1.50,3.19
2018.02.12 06:00:06.907,1.50649,1.50669,1.50,2.81
2018.02.12 06:00:07.722,1.50649,1.50667,1.31,1.63
2018.02.12 06:00:08.267,1.50649,1.50667,2.00,1.50
2018.02.12 06:00:08.512,1.50651,1.5067,1.00,4.31
2018.02.12 06:00:09.040,1.50649,1.50669,1.88,1.69
2018.02.12 06:00:09.478,1.5065,1.50668,1.13,1.56
2018.02.12 06:00:09.581,1.5065,1.50669,2.19,1.56
2018.02.12 06:00:09.686,1.50648,1.50668,1.88,1.88
2018.02.12 06:00:09.738,1.50651,1.50669,1.13,2.25
2018.02.12 06:00:10.261,1.50651,1.5067,1.13,3.94
2018.02.12 06:00:10.575,1.50651,1.50669,1.13,1.63
2018.02.12 06:00:10.781,1.50651,1.5067,1.13,3.00
2018.02.12 06:00:11.296,1.50651,1.50669,1.31,1.50
2018.02.12 06:00:11.878,1.50651,1.50669,1.31,2.06
2018.02.12 06:00:12.050,1.50651,1.5067,1.13,3.19
2018.02.12 06:00:12.152,1.50651,1.50669,1.31,1.19
2018.02.12 06:00:12.305,1.50651,1.50669,1.13,1.31
2018.02.12 06:00:12.741,1.50651,1.50669,2.06,1.31
2018.02.12 06:00:12.793,1.50651,1.5067,1.13,2.25
2018.02.12 06:00:13.076,1.50651,1.50669,1.31,1.50
2018.02.12 06:00:13.711,1.50651,1.50669,1.13,1.13
2018.02.12 06:00:14.048,1.50651,1.50669,1.31,1.50
2018.02.12 06:00:14.151,1.50651,1.50669,1.13,1.63
2018.02.12 06:00:14.362,1.50651,1.50669,1.31,1.50
2018.02.12 06:00:14.979,1.50651,1.50669,1.13,1.63
2018.02.12 06:00:15.309,1.50651,1.5067,1.31,2.44
2018.02.12 06:00:16.165,1.5065,1.5067,1.50,3.19
2018.02.12 06:00:16.519,1.5065,1.50669,2.44,2.06
2018.02.12 06:00:16.623,1.50648,1.50667,2.00,2.06
2018.02.12 06:00:16.676,1.50648,1.50668,1.13,2.19
2018.02.12 06:00:16.728,1.50647,1.50667,1.50,2.25
2018.02.12 06:00:17.038,1.50643,1.50662,2.25,2.19
2018.02.12 06:00:17.543,1.50641,1.50661,2.25,2.06
2018.02.12 06:00:18.053,1.50643,1.50661,1.00,2.25
2018.02.12 06:00:18.613,1.50642,1.50661,1.13,1.69
2018.02.12 06:00:19.095,1.50641,1.50661,3.00,1.69
2018.02.12 06:00:19.839,1.50641,1.50659,1.75,1.31
2018.02.12 06:00:20.336,1.50641,1.5066,1.81,2.81
2018.02.12 06:00:20.439,1.50641,1.50659,1.94,1.31
2018.02.12 06:00:21.429,1.50641,1.5066,1.13,2.06
2018.02.12 06:00:21.932,1.50642,1.50659,1.38,1.50
2018.02.12 06:00:22.457,1.50641,1.50659,1.31,1.63
2018.02.12 06:00:22.999,1.50641,1.5066,1.13,1.56
2018.02.12 06:00:23.868,1.50641,1.5066,2.25,2.06
2018.02.12 06:00:24.288,1.50643,1.50661,1.25,2.25
2018.02.12 06:00:24.558,1.50643,1.50661,1.13,2.06
2018.02.12 06:00:24.982,1.50642,1.50661,1.69,1.56
2018.02.12 06:00:25.403,1.50641,1.5066,1.31,2.00
2018.02.12 06:00:25.457,1.50639,1.50658,2.25,1.13
2018.02.12 06:00:25.618,1.50639,1.50658,1.12,1.50
2018.02.12 06:00:25.670,1.50637,1.50659,1.94,2.00
2018.02.12 06:00:25.824,1.50638,1.50659,1.50,2.81
2018.02.12 06:00:26.335,1.50638,1.50658,1.69,1.13
2018.02.12 06:00:26.845,1.50637,1.50658,2.00,2.25
2018.02.12 06:00:29.630,1.50637,1.50658,2.81,2.00
2018.02.12 06:00:31.740,1.50637,1.50658,2.81,2.19
2018.02.12 06:00:32.261,1.50636,1.50656,2.44,2.25
2018.02.12 06:00:32.774,1.50636,1.50656,2.06,2.25
2018.02.12 06:00:33.532,1.50635,1.50656,4.31,2.25
2018.02.12 06:00:33.700,1.50636,1.50653,1.88,1.44
2018.02.12 06:00:34.226,1.50636,1.50654,1.88,1.38
2018.02.12 06:00:34.833,1.50636,1.50654,1.88,1.38
2018.02.12 06:00:34.989,1.50636,1.50655,1.88,1.63
2018.02.12 06:00:36.127,1.50636,1.50655,1.69,1.56
2018.02.12 06:00:36.663,1.50636,1.50655,1.69,1.56
2018.02.12 06:00:38.532,1.50636,1.50652,1.62,1.12
2018.02.12 06:00:39.006,1.50636,1.50654,2.25,1.19
2018.02.12 06:00:39.058,1.50637,1.50656,1.81,1.87
2018.02.12 06:00:39.214,1.5064,1.50656,2.06,2.06
2018.02.12 06:00:40.103,1.5064,1.50658,3.56,1.56
2018.02.12 06:00:40.628,1.50641,1.50658,1.38,1.81
2018.02.12 06:00:41.175,1.5064,1.50658,3.19,1.56
2018.02.12 06:00:41.680,1.50641,1.50659,1.50,1.75
2018.02.12 06:00:43.431,1.50641,1.50655,1.50,1.25
2018.02.12 06:00:44.042,1.50641,1.50658,1.63,1.81
2018.02.12 06:00:45.149,1.5064,1.50656,1.69,1.63
2018.02.12 06:00:45.539,1.50639,1.50657,2.44,1.13
2018.02.12 06:00:45.591,1.5064,1.50655,1.00,1.13
2018.02.12 06:00:45.644,1.50637,1.50655,2.06,2.25
2018.02.12 06:00:46.187,1.50637,1.50655,2.06,2.44
2018.02.12 06:00:46.977,1.50636,1.50652,1.88,1.25
2018.02.12 06:00:47.526,1.50637,1.50652,1.38,1.38
2018.02.12 06:00:48.180,1.50636,1.50655,2.06,1.13
2018.02.12 06:00:48.694,1.50637,1.50653,1.38,1.63
2018.02.12 06:00:49.204,1.50637,1.50653,1.38,1.63
2018.02.12 06:00:49.716,1.50637,1.50652,1.38,1.38
2018.02.12 06:00:53.002,1.50636,1.50654,1.38,2.06
2018.02.12 06:00:53.303,1.50636,1.50654,1.13,2.44
2018.02.12 06:00:53.406,1.50637,1.50652,1.38,1.38
2018.02.12 06:00:53.561,1.50638,1.50653,1.25,1.12
2018.02.12 06:00:53.717,1.50639,1.50656,1.62,1.31
2018.02.12 06:00:53.770,1.50639,1.50656,1.81,1.12
2018.02.12 06:00:53.822,1.50642,1.50658,1.00,2.06
2018.02.12 06:00:54.133,1.50638,1.50655,1.50,1.63
2018.02.12 06:00:54.654,1.50638,1.50656,1.38,1.13
2018.02.12 06:00:54.758,1.50638,1.50654,1.13,1.31
2018.02.12 06:00:55.283,1.50638,1.50654,1.88,1.50
2018.02.12 06:00:55.438,1.50638,1.50656,2.06,2.06
2018.02.12 06:00:56.032,1.50638,1.50654,1.13,1.31
2018.02.12 06:00:56.092,1.50638,1.50654,1.13,1.50
2018.02.12 06:00:57.067,1.50638,1.50654,1.87,1.50
2018.02.12 06:00:57.428,1.50637,1.50656,2.63,3.38
2018.02.12 06:00:57.481,1.50637,1.50655,3.38,1.44
2018.02.12 06:00:57.638,1.5064,1.50657,1.31,1.63
2018.02.12 06:00:57.691,1.50641,1.50657,1.13,1.44
2018.02.12 06:00:57.882,1.50645,1.5066,1.13,1.13
2018.02.12 06:00:58.189,1.50646,1.50663,1.31,1.63
2018.02.12 06:00:58.446,1.50646,1.50664,2.06,1.88
2018.02.12 06:00:58.780,1.50646,1.50664,3.94,1.44
2018.02.12 06:00:59.146,1.50648,1.50664,2.44,1.44
2018.02.12 06:00:59.675,1.50648,1.50664,1.88,1.19
2018.02.12 06:01:00.144,1.50649,1.50667,1.88,2.25
2018.02.12 06:01:00.196,1.50649,1.50667,1.88,1.19
2018.02.12 06:01:00.248,1.5065,1.50667,1.13,1.44
2018.02.12 06:01:00.759,1.50652,1.5067,3.00,1.44
2018.02.12 06:01:00.862,1.50657,1.50672,1.13,1.00
2018.02.12 06:01:01.099,1.50652,1.50671,1.31,1.69
2018.02.12 06:01:01.568,1.50652,1.5067,1.50,1.56
2018.02.12 06:01:02.387,1.50652,1.50671,2.06,2.63
2018.02.12 06:01:02.931,1.50652,1.50671,1.38,2.63
2018.02.12 06:01:03.449,1.50657,1.50675,1.13,2.63
2018.02.12 06:01:03.502,1.50658,1.50675,1.69,1.19
2018.02.12 06:01:03.710,1.50656,1.50673,1.31,2.81
2018.02.12 06:01:04.241,1.50654,1.50674,3.19,4.31
2018.02.12 06:01:05.041,1.50654,1.50673,1.69,2.25
2018.02.12 06:01:05.552,1.50654,1.50672,3.00,1.56
2018.02.12 06:01:05.960,1.50654,1.50672,1.56,1.69
2018.02.12 06:01:06.013,1.50653,1.50673,3.56,1.13
2018.02.12 06:01:06.543,1.50655,1.50674,2.44,2.44
2018.02.12 06:01:06.852,1.50656,1.50675,1.13,2.06
2018.02.12 06:01:07.213,1.50658,1.50678,1.75,3.75
2018.02.12 06:01:07.726,1.50658,1.50679,1.56,2.44
2018.02.12 06:01:08.156,1.50659,1.50678,1.56,1.81
2018.02.12 06:01:08.679,1.50659,1.50678,1.81,1.81
2018.02.12 06:01:09.194,1.50659,1.50678,1.62,1.81
2018.02.12 06:01:09.507,1.50658,1.50677,1.69,1.56
2018.02.12 06:01:09.779,1.50658,1.50677,2.81,1.56
2018.02.12 06:01:10.325,1.50659,1.50678,2.25,1.63
2018.02.12 06:01:10.749,1.5066,1.50679,1.13,2.81
2018.02.12 06:01:11.473,1.50659,1.5068,2.63,5.06
2018.02.12 06:01:11.867,1.50659,1.5068,2.63,3.94
2018.02.12 06:01:11.919,1.50659,1.5068,2.63,4.69
2018.02.12 06:01:12.689,1.50659,1.50679,2.81,1.81
2018.02.12 06:01:13.271,1.50659,1.50679,1.69,1.81
2018.02.12 06:01:13.667,1.50658,1.50675,3.00,1.81
2018.02.12 06:01:14.190,1.50658,1.50675,2.06,2.06
2018.02.12 06:01:14.242,1.50659,1.50679,2.00,2.00
2018.02.12 06:01:15.582,1.50659,1.50678,2.06,1.56
2018.02.12 06:01:16.227,1.50659,1.50678,1.94,2.06
2018.02.12 06:01:16.748,1.50658,1.50678,3.19,1.56
2018.02.12 06:01:17.259,1.50659,1.50678,1.13,1.56
2018.02.12 06:01:17.879,1.50659,1.50678,2.06,1.56
2018.02.12 06:01:18.188,1.50659,1.50678,2.06,1.38
2018.02.12 06:01:18.240,1.5066,1.50678,1.13,1.63
2018.02.12 06:01:18.294,1.50659,1.50678,2.25,1.38
2018.02.12 06:01:18.877,1.50659,1.5068,3.00,3.94
2018.02.12 06:01:19.390,1.50659,1.50679,2.81,1.81
2018.02.12 06:01:20.160,1.50659,1.50679,1.88,1.50
2018.02.12 06:01:20.264,1.5066,1.50679,1.13,2.25
2018.02.12 06:01:20.787,1.5066,1.50679,1.13,2.25
2018.02.12 06:01:21.134,1.5066,1.50679,1.13,2.25
2018.02.12 06:01:21.987,1.50659,1.50679,2.63,1.50
2018.02.12 06:01:22.532,1.5066,1.50679,1.13,2.25
2018.02.12 06:01:22.635,1.50659,1.50679,1.88,2.25
2018.02.12 06:01:22.686,1.5066,1.50679,1.13,2.25
2018.02.12 06:01:22.879,1.50659,1.5068,1.88,4.69
2018.02.12 06:01:24.022,1.5066,1.50679,1.75,1.81
2018.02.12 06:01:24.631,1.5066,1.50679,1.13,1.50
2018.02.12 06:01:25.424,1.5066,1.50679,1.75,3.00
2018.02.12 06:01:26.248,1.5066,1.50676,1.13,1.38
2018.02.12 06:01:26.764,1.50659,1.50678,2.63,1.63
2018.02.12 06:01:27.639,1.50659,1.50679,2.44,2.81
2018.02.12 06:01:28.440,1.50659,1.50678,2.63,2.06
2018.02.12 06:01:29.039,1.50659,1.50678,1.88,1.37
2018.02.12 06:01:29.742,1.5066,1.50678,1.13,1.37
2018.02.12 06:01:30.354,1.50659,1.50679,2.81,2.81
2018.02.12 06:01:31.132,1.5066,1.50678,1.13,1.38
2018.02.12 06:01:32.083,1.5066,1.50678,1.56,1.38
2018.02.12 06:01:32.626,1.5066,1.50678,1.31,1.37
2018.02.12 06:01:34.146,1.50661,1.50679,1.25,2.06
2018.02.12 06:01:34.676,1.50661,1.50679,1.25,4.31
2018.02.12 06:01:35.189,1.50661,1.50678,1.19,2.81
2018.02.12 06:01:36.141,1.5066,1.50679,1.31,1.81
2018.02.12 06:01:36.192,1.50661,1.50679,1.00,1.81
2018.02.12 06:01:36.771,1.5066,1.50679,1.13,2.00
2018.02.12 06:01:37.889,1.50659,1.50678,3.19,1.63
2018.02.12 06:01:37.992,1.5066,1.50678,1.56,1.56
2018.02.12 06:01:38.198,1.50658,1.50678,1.31,1.94
2018.02.12 06:01:38.729,1.50658,1.50676,1.94,1.56
2018.02.12 06:01:39.308,1.50658,1.50678,1.13,3.19
2018.02.12 06:01:39.891,1.50657,1.50676,2.06,1.63
2018.02.12 06:01:40.435,1.50658,1.50676,1.50,1.50
2018.02.12 06:01:41.135,1.50658,1.50677,1.50,1.38
2018.02.12 06:01:41.398,1.50658,1.50677,1.31,1.50
2018.02.12 06:01:41.449,1.50659,1.50677,1.13,2.25
2018.02.12 06:01:42.307,1.50658,1.50678,1.31,4.50
2018.02.12 06:01:42.843,1.50659,1.50677,2.00,2.25
2018.02.12 06:01:43.544,1.50659,1.50678,1.31,2.44
2018.02.12 06:01:44.390,1.50659,1.50678,2.25,3.19
2018.02.12 06:01:44.927,1.50659,1.50678,1.69,2.25
2018.02.12 06:01:45.518,1.50659,1.50678,1.94,2.81
2018.02.12 06:01:46.077,1.50659,1.50678,2.00,1.69
2018.02.12 06:01:46.581,1.50659,1.50678,2.44,2.63
2018.02.12 06:01:47.087,1.50659,1.50678,2.06,2.25
2018.02.12 06:01:47.594,1.50659,1.50678,2.00,2.63
2018.02.12 06:01:48.532,1.50659,1.50678,1.56,2.25
2018.02.12 06:01:49.380,1.50659,1.50678,2.19,2.00
2018.02.12 06:01:49.927,1.50659,1.50678,2.00,1.69
2018.02.12 06:01:50.783,1.50659,1.50677,1.81,1.63
2018.02.12 06:01:51.320,1.50659,1.50677,1.75,1.81
2018.02.12 06:01:51.910,1.50659,1.50677,1.13,1.88
2018.02.12 06:01:53.337,1.50659,1.50677,1.50,2.25
2018.02.12 06:01:54.471,1.50659,1.50676,1.38,1.38
2018.02.12 06:01:54.963,1.50659,1.50676,1.88,1.63
2018.02.12 06:01:56.283,1.50659,1.50676,1.38,1.38
2018.02.12 06:01:56.678,1.50659,1.50676,1.63,1.50
2018.02.12 06:01:56.832,1.50659,1.50676,2.19,1.13
2018.02.12 06:01:56.885,1.5066,1.50676,1.31,1.44
2018.02.12 06:01:57.393,1.5066,1.50676,1.13,1.38
2018.02.12 06:01:57.679,1.50659,1.50676,3.33,1.38
2018.02.12 06:01:58.483,1.50662,1.5068,1.63,3.56
2018.02.12 06:01:58.794,1.50665,1.50682,2.19,1.81
2018.02.12 06:01:59.537,1.50665,1.50683,1.88,1.63
2018.02.12 06:02:00.083,1.50665,1.50682,1.31,1.38
2018.02.12 06:02:00.602,1.50666,1.50682,1.56,1.38
2018.02.12 06:02:01.124,1.50665,1.50682,1.31,1.38
2018.02.12 06:02:01.677,1.50666,1.50682,1.37,1.38
2018.02.12 06:02:02.187,1.50665,1.50682,1.31,1.38
2018.02.12 06:02:02.751,1.50666,1.50682,1.37,1.38
2018.02.12 06:02:03.539,1.50665,1.50682,1.31,1.38
2018.02.12 06:02:03.952,1.50666,1.50682,1.19,1.38
2018.02.12 06:02:04.482,1.50666,1.50682,1.19,1.38
2018.02.12 06:02:05.258,1.50665,1.50682,1.12,1.38
2018.02.12 06:02:05.781,1.50665,1.50682,1.31,1.38
2018.02.12 06:02:06.345,1.50664,1.50682,3.38,1.38
2018.02.12 06:02:06.879,1.50666,1.50682,1.12,1.38
2018.02.12 06:02:07.417,1.50665,1.50682,1.12,1.38
2018.02.12 06:02:08.061,1.50666,1.50682,1.12,1.63
2018.02.12 06:02:08.597,1.50666,1.50682,1.19,1.38
2018.02.12 06:02:08.927,1.50665,1.50682,1.12,2.25
2018.02.12 06:02:10.603,1.50665,1.50682,1.12,1.88
2018.02.12 06:02:10.986,1.50665,1.50682,1.19,2.06
2018.02.12 06:02:11.195,1.50659,1.50676,1.31,1.69
2018.02.12 06:02:11.786,1.50659,1.50677,2.25,2.81
2018.02.12 06:02:12.289,1.50658,1.50673,1.69,1.00
2018.02.12 06:02:12.803,1.50658,1.50673,3.56,1.44
2018.02.12 06:02:13.378,1.50658,1.50673,2.06,1.00
2018.02.12 06:02:13.751,1.50658,1.50675,1.56,1.13
2018.02.12 06:02:13.803,1.50656,1.50673,1.19,2.25
2018.02.12 06:02:13.855,1.50655,1.50671,2.06,1.00
2018.02.12 06:02:13.959,1.50656,1.50673,1.69,1.44
2018.02.12 06:02:14.012,1.50655,1.5067,1.37,1.00
2018.02.12 06:02:14.349,1.50655,1.50673,1.87,1.19
2018.02.12 06:02:14.867,1.50655,1.50673,1.31,1.38
2018.02.12 06:02:14.920,1.50656,1.50674,1.31,2.06
2018.02.12 06:02:15.024,1.50659,1.50675,3.00,1.25
2018.02.12 06:02:15.232,1.50662,1.50678,1.19,1.00
2018.02.12 06:02:15.286,1.50662,1.50679,1.69,1.56
2018.02.12 06:02:15.441,1.50663,1.50679,1.00,1.44
2018.02.12 06:02:15.682,1.50662,1.5068,2.06,1.44
2018.02.12 06:02:16.392,1.50663,1.5068,1.44,1.69
2018.02.12 06:02:16.941,1.50662,1.5068,2.25,1.50
2018.02.12 06:02:17.564,1.50662,1.5068,3.56,1.38
2018.02.12 06:02:17.769,1.50664,1.5068,1.69,1.25
2018.02.12 06:02:18.382,1.50663,1.5068,1.69,1.88
2018.02.12 06:02:18.487,1.5066,1.50678,2.62,2.06
2018.02.12 06:02:18.540,1.5066,1.50678,2.81,2.06
2018.02.12 06:02:18.953,1.5066,1.50678,1.69,1.88
2018.02.12 06:02:19.006,1.5066,1.50678,1.19,3.19
2018.02.12 06:02:19.058,1.5066,1.50676,1.69,1.38
2018.02.12 06:02:19.213,1.5066,1.50678,1.31,4.50
2018.02.12 06:02:19.748,1.50659,1.50675,1.19,1.63
2018.02.12 06:02:20.322,1.50659,1.50675,1.19,1.63
2018.02.12 06:02:20.973,1.50659,1.50675,1.31,1.63
2018.02.12 06:02:21.025,1.50658,1.50675,2.06,1.13
2018.02.12 06:02:21.234,1.5066,1.50678,1.19,2.25
2018.02.12 06:02:21.286,1.50659,1.50678,1.87,2.25
2018.02.12 06:02:21.635,1.50662,1.50679,1.37,4.50
2018.02.12 06:02:22.086,1.50662,1.50679,1.50,1.56
2018.02.12 06:02:22.601,1.5066,1.50677,1.62,1.63
2018.02.12 06:02:22.967,1.50659,1.50677,2.06,1.56
2018.02.12 06:02:23.659,1.5066,1.50677,1.88,1.56
2018.02.12 06:02:23.711,1.5066,1.50677,1.69,1.31
2018.02.12 06:02:24.231,1.5066,1.50677,1.88,1.38
2018.02.12 06:02:24.606,1.5066,1.50677,2.06,1.13
2018.02.12 06:02:24.850,1.50661,1.50677,1.56,1.63
2018.02.12 06:02:24.954,1.5066,1.50677,2.06,1.13
2018.02.12 06:02:25.160,1.50661,1.50677,1.56,1.31
2018.02.12 06:02:25.489,1.50662,1.5068,1.69,2.63
2018.02.12 06:02:25.698,1.50661,1.50676,1.00,1.31
2018.02.12 06:02:25.750,1.50657,1.50674,1.69,1.63
2018.02.12 06:02:25.803,1.50657,1.50673,1.00,1.19
2018.02.12 06:02:26.164,1.50657,1.50675,1.50,1.44
2018.02.12 06:02:26.217,1.50658,1.50675,1.31,1.44
2018.02.12 06:02:26.916,1.50657,1.50675,2.25,1.62
2018.02.12 06:02:26.967,1.50657,1.50675,2.06,1.75
2018.02.12 06:02:27.019,1.50657,1.50675,2.06,1.37
2018.02.12 06:02:27.122,1.50657,1.50672,1.25,1.00
2018.02.12 06:02:27.326,1.50648,1.50666,1.00,1.69
2018.02.12 06:02:27.734,1.50647,1.50666,1.12,2.06
2018.02.12 06:02:28.103,1.50649,1.50666,1.37,1.87
2018.02.12 06:02:28.620,1.50647,1.50665,2.25,1.44
2018.02.12 06:02:29.134,1.50647,1.50666,2.06,1.87
2018.02.12 06:02:29.836,1.50647,1.50666,2.06,2.62
2018.02.12 06:02:31.583,1.50647,1.50665,1.50,1.37
2018.02.12 06:02:32.737,1.50644,1.50664,3.19,1.31
2018.02.12 06:02:35.479,1.50645,1.50664,1.31,1.87
2018.02.12 06:02:35.985,1.50645,1.50665,1.12,2.06
2018.02.12 06:02:36.547,1.50645,1.50664,1.31,1.31
2018.02.12 06:02:37.693,1.50645,1.50664,1.12,1.25
2018.02.12 06:02:38.206,1.50645,1.50664,1.12,2.06
2018.02.12 06:02:38.422,1.50652,1.50667,1.12,1.50
2018.02.12 06:02:38.476,1.50654,1.50671,1.12,1.81
2018.02.12 06:02:38.735,1.50654,1.50669,1.75,1.06
2018.02.12 06:02:38.839,1.50655,1.50673,1.87,1.81
2018.02.12 06:02:39.441,1.50655,1.50674,2.06,3.00
2018.02.12 06:02:39.802,1.50653,1.50671,2.00,1.56
2018.02.12 06:02:40.116,1.50649,1.50666,1.44,1.31
2018.02.12 06:02:40.271,1.50646,1.50664,1.69,1.56
2018.02.12 06:02:40.426,1.50646,1.50664,2.00,1.75
2018.02.12 06:02:40.972,1.50646,1.50663,1.44,1.81
2018.02.12 06:02:41.518,1.50646,1.50664,1.44,2.25
2018.02.12 06:02:42.081,1.50646,1.50664,1.44,2.25
2018.02.12 06:02:42.912,1.50646,1.50664,1.19,1.75
2018.02.12 06:02:43.229,1.50646,1.50664,1.50,2.25
2018.02.12 06:02:43.753,1.50646,1.50664,1.19,1.75
2018.02.12 06:02:44.280,1.50646,1.50664,1.31,1.75
2018.02.12 06:02:44.458,1.50646,1.50664,1.19,1.62
2018.02.12 06:02:44.631,1.50646,1.50664,1.69,1.87
2018.02.12 06:02:45.293,1.50646,1.50663,2.25,1.37
2018.02.12 06:02:46.039,1.50648,1.50664,1.00,1.63
2018.02.12 06:02:46.297,1.50648,1.50664,1.13,1.19
2018.02.12 06:02:46.453,1.50649,1.50666,1.31,1.69
2018.02.12 06:02:46.506,1.50649,1.50664,1.88,1.25
2018.02.12 06:02:46.815,1.50649,1.50667,1.88,1.44
2018.02.12 06:02:46.867,1.50651,1.50667,1.13,1.44
2018.02.12 06:02:47.023,1.50653,1.50669,1.00,2.63
2018.02.12 06:02:47.230,1.50651,1.50669,1.88,2.06
2018.02.12 06:02:47.282,1.50651,1.50669,2.81,2.25
2018.02.12 06:02:47.466,1.50651,1.50669,2.44,2.06
2018.02.12 06:02:47.977,1.50651,1.50669,2.81,1.12
2018.02.12 06:02:48.287,1.50649,1.50668,1.13,1.12
2018.02.12 06:02:48.339,1.50648,1.50666,2.25,1.38
2018.02.12 06:02:48.875,1.50648,1.50667,2.06,1.63
2018.02.12 06:02:49.434,1.50648,1.50668,3.19,3.38
2018.02.12 06:02:50.022,1.5065,1.50668,1.00,2.44
2018.02.12 06:02:50.074,1.50649,1.50668,1.19,2.44
2018.02.12 06:02:50.608,1.50649,1.50668,2.06,2.25
2018.02.12 06:02:51.220,1.5065,1.50668,1.88,2.06
2018.02.12 06:02:51.799,1.50651,1.50668,1.69,2.25
2018.02.12 06:02:52.248,1.50651,1.50668,1.13,3.00
2018.02.12 06:02:52.301,1.50651,1.50666,1.00,1.81
2018.02.12 06:02:52.405,1.50645,1.50662,2.25,2.25
2018.02.12 06:02:52.458,1.50645,1.50662,1.88,2.06
2018.02.12 06:02:52.561,1.50646,1.50662,1.50,2.25
2018.02.12 06:02:52.819,1.50645,1.50662,2.25,2.06
2018.02.12 06:02:53.115,1.50646,1.50662,1.38,2.81
2018.02.12 06:02:55.335,1.50644,1.50662,2.81,1.69
2018.02.12 06:02:55.387,1.50646,1.50662,1.50,1.44
2018.02.12 06:02:55.923,1.50646,1.50662,1.69,1.31
2018.02.12 06:02:56.229,1.50646,1.50662,1.69,1.31
2018.02.12 06:02:56.976,1.50646,1.50662,1.88,1.19
2018.02.12 06:02:57.485,1.50646,1.50662,1.88,1.44
2018.02.12 06:02:58.232,1.50646,1.50662,1.88,1.19
2018.02.12 06:02:58.773,1.50646,1.50662,1.88,1.44
2018.02.12 06:02:59.030,1.50646,1.50664,1.88,1.12
2018.02.12 06:02:59.082,1.50646,1.50664,2.63,2.06
2018.02.12 06:02:59.583,1.50649,1.50665,1.75,1.19
2018.02.12 06:02:59.637,1.50651,1.50667,1.75,1.44
2018.02.12 06:02:59.744,1.50655,1.50672,2.06,2.06
2018.02.12 06:03:00.109,1.50655,1.5067,1.50,1.31
2018.02.12 06:03:00.317,1.50655,1.5067,1.69,1.44
2018.02.12 06:03:00.369,1.50655,1.50674,1.69,2.81
2018.02.12 06:03:00.754,1.50655,1.50674,1.50,2.81
2018.02.12 06:03:01.271,1.50655,1.50674,1.69,1.87
2018.02.12 06:03:01.426,1.50656,1.50674,1.12,1.81
2018.02.12 06:03:01.940,1.50655,1.50675,3.38,3.19
2018.02.12 06:03:02.467,1.50658,1.50675,1.00,4.88
2018.02.12 06:03:02.570,1.50658,1.50675,1.63,1.31
2018.02.12 06:03:03.084,1.50659,1.50675,1.19,2.25
2018.02.12 06:03:03.627,1.50659,1.50675,1.00,1.56
2018.02.12 06:03:04.142,1.50658,1.50675,1.88,1.56
2018.02.12 06:03:05.376,1.50658,1.50675,2.19,1.19
2018.02.12 06:03:05.540,1.50659,1.50675,1.00,1.19
2018.02.12 06:03:05.592,1.50658,1.50675,2.19,1.31
2018.02.12 06:03:06.195,1.50658,1.50675,1.88,1.19
2018.02.12 06:03:06.725,1.50659,1.50675,1.19,1.31
2018.02.12 06:03:07.337,1.50659,1.50675,1.19,1.31
2018.02.12 06:03:08.678,1.50658,1.50675,2.19,1.44
2018.02.12 06:03:08.936,1.50659,1.50675,1.25,1.31
2018.02.12 06:03:09.451,1.50659,1.50675,1.19,1.81
2018.02.12 06:03:10.156,1.50658,1.50675,2.06,1.63
2018.02.12 06:03:11.705,1.50658,1.50675,2.44,2.06
2018.02.12 06:03:12.372,1.50658,1.50675,2.06,2.06
2018.02.12 06:03:18.307,1.50658,1.50675,1.50,1.63
2018.02.12 06:03:19.274,1.50658,1.50676,1.69,3.19
2018.02.12 06:03:19.550,1.50658,1.50675,2.06,1.81
2018.02.12 06:03:19.948,1.50661,1.50676,2.25,1.87
2018.02.12 06:03:20.001,1.5066,1.50675,1.13,1.00
2018.02.12 06:03:20.053,1.50664,1.50679,1.50,1.69
2018.02.12 06:03:20.107,1.50662,1.50678,1.62,1.19
2018.02.12 06:03:20.211,1.5066,1.50677,1.13,1.75
2018.02.12 06:03:20.816,1.50659,1.50677,2.25,1.44
2018.02.12 06:03:21.791,1.50659,1.50677,1.75,1.50
2018.02.12 06:03:22.265,1.50661,1.50678,2.19,1.12
2018.02.12 06:03:22.317,1.50661,1.50676,1.69,1.25
2018.02.12 06:03:22.629,1.50658,1.50676,1.81,2.06
2018.02.12 06:03:22.784,1.50658,1.50676,1.81,2.44
2018.02.12 06:03:22.940,1.50657,1.50675,2.25,1.50
2018.02.12 06:03:23.451,1.50657,1.50675,2.06,1.44
2018.02.12 06:03:24.019,1.50657,1.50675,2.06,1.38
2018.02.12 06:03:24.329,1.50656,1.50674,1.88,1.81
2018.02.12 06:03:24.433,1.50656,1.50672,1.44,1.63
2018.02.12 06:03:24.486,1.50654,1.50672,2.63,2.63
2018.02.12 06:03:25.061,1.50653,1.50671,1.69,1.69
2018.02.12 06:03:25.113,1.50653,1.50671,2.44,2.06
2018.02.12 06:03:25.789,1.50653,1.50671,1.88,1.50
2018.02.12 06:03:25.893,1.50653,1.50671,1.44,1.88
2018.02.12 06:03:26.416,1.50651,1.50668,2.00,1.37
2018.02.12 06:03:26.806,1.50651,1.50669,2.44,1.63
2018.02.12 06:03:27.112,1.50651,1.50668,1.50,1.56
2018.02.12 06:03:27.674,1.50651,1.50668,1.31,1.44
2018.02.12 06:03:28.071,1.50651,1.50668,1.81,1.56
2018.02.12 06:03:28.224,1.50651,1.50669,2.06,2.25
2018.02.12 06:03:28.793,1.50651,1.50669,2.25,2.06
2018.02.12 06:03:29.469,1.50651,1.50669,2.06,2.06
2018.02.12 06:03:29.791,1.50651,1.50669,1.69,1.56
2018.02.12 06:03:30.215,1.50651,1.50669,2.44,2.25
2018.02.12 06:03:30.319,1.50651,1.50669,2.06,1.56
2018.02.12 06:03:31.990,1.50651,1.50669,1.81,2.25
2018.02.12 06:03:32.519,1.50651,1.50669,1.81,2.06
2018.02.12 06:03:33.042,1.50651,1.50669,1.81,2.06
2018.02.12 06:03:33.546,1.50651,1.50669,1.63,3.00
2018.02.12 06:03:34.356,1.50651,1.50668,1.81,1.81
2018.02.12 06:03:34.517,1.50651,1.50668,1.69,1.00
2018.02.12 06:03:35.087,1.50651,1.50669,2.25,2.25
2018.02.12 06:03:35.141,1.50652,1.50671,2.44,1.12
2018.02.12 06:03:35.193,1.50655,1.50672,1.81,2.44
2018.02.12 06:03:35.522,1.50657,1.50673,1.19,1.50
2018.02.12 06:03:36.053,1.50657,1.50673,1.81,1.87
2018.02.12 06:03:36.436,1.50659,1.50675,1.31,1.19
2018.02.12 06:03:36.539,1.50662,1.50678,1.94,1.31
2018.02.12 06:03:37.520,1.50665,1.50679,1.38,1.63
2018.02.12 06:03:37.769,1.50668,1.50682,1.00,1.50
2018.02.12 06:03:37.821,1.50666,1.50685,1.13,2.63
2018.02.12 06:03:38.386,1.50669,1.50685,1.25,2.25
2018.02.12 06:03:38.492,1.50667,1.50683,1.25,1.56
2018.02.12 06:03:38.649,1.50662,1.50681,4.31,1.81
2018.02.12 06:03:38.752,1.50663,1.50681,1.13,1.81
2018.02.12 06:03:38.804,1.50662,1.50681,4.31,1.81
2018.02.12 06:03:38.856,1.50664,1.50681,1.00,1.81
2018.02.12 06:03:39.511,1.50662,1.50681,1.88,1.81
2018.02.12 06:03:40.090,1.50662,1.50681,1.88,1.75
2018.02.12 06:03:40.516,1.5066,1.50679,2.25,1.50
2018.02.12 06:03:41.023,1.5066,1.50679,2.25,2.25
2018.02.12 06:03:41.558,1.50661,1.50679,1.13,1.81
2018.02.12 06:03:41.792,1.50663,1.50682,1.94,1.13
2018.02.12 06:03:42.156,1.50665,1.50684,1.13,4.69
2018.02.12 06:03:42.701,1.50665,1.50684,1.38,4.69
2018.02.12 06:03:42.920,1.50666,1.50683,1.31,1.13
2018.02.12 06:03:43.178,1.50667,1.50687,1.13,3.56
2018.02.12 06:03:44.021,1.50666,1.50687,1.31,3.56
2018.02.12 06:03:44.561,1.50668,1.50687,1.00,3.75
2018.02.12 06:03:44.989,1.50667,1.50687,1.13,3.75
2018.02.12 06:03:45.333,1.50668,1.50685,1.25,1.56
2018.02.12 06:03:45.694,1.50666,1.50685,1.87,1.75
2018.02.12 06:03:46.280,1.50665,1.50685,3.19,1.75
2018.02.12 06:03:46.605,1.50664,1.50683,1.13,2.00
2018.02.12 06:03:48.002,1.50665,1.50683,1.19,2.06
2018.02.12 06:03:48.174,1.50663,1.50682,2.19,1.13
2018.02.12 06:03:48.765,1.50663,1.50682,2.19,1.13
2018.02.12 06:03:49.036,1.50664,1.50682,1.13,1.13
2018.02.12 06:03:50.870,1.50663,1.50682,2.19,1.13
2018.02.12 06:03:51.413,1.50663,1.50682,2.25,1.13
2018.02.12 06:03:51.834,1.50665,1.50684,2.25,1.94
2018.02.12 06:03:51.938,1.50666,1.50684,4.69,1.13
2018.02.12 06:03:52.442,1.50665,1.50684,2.00,1.81
2018.02.12 06:03:53.233,1.50666,1.50684,1.69,2.25
2018.02.12 06:03:53.285,1.50666,1.50684,1.69,2.25
2018.02.12 06:03:53.790,1.50666,1.50684,1.69,1.75
2018.02.12 06:03:54.333,1.50665,1.50684,1.88,1.94
2018.02.12 06:03:55.245,1.50663,1.50683,2.44,3.00
2018.02.12 06:03:55.297,1.50664,1.50683,1.38,3.56
2018.02.12 06:03:55.349,1.50663,1.50683,3.00,3.56
2018.02.12 06:03:55.402,1.50664,1.50681,1.38,1.56
2018.02.12 06:03:55.766,1.50663,1.50682,1.50,1.88
2018.02.12 06:03:56.400,1.50661,1.50681,2.81,2.25
2018.02.12 06:03:56.738,1.50661,1.5068,2.25,1.81
2018.02.12 06:03:56.790,1.50661,1.50681,2.06,2.25
2018.02.12 06:03:57.706,1.50661,1.50681,2.25,1.94
2018.02.12 06:03:57.759,1.50663,1.5068,1.13,2.25
2018.02.12 06:03:57.812,1.50665,1.50681,1.19,1.50
2018.02.12 06:03:57.864,1.50665,1.50681,1.75,1.25
2018.02.12 06:03:57.917,1.50666,1.50684,2.25,2.81
2018.02.12 06:03:58.082,1.50668,1.50684,1.25,2.06
2018.02.12 06:03:58.292,1.50667,1.50684,1.13,2.06
2018.02.12 06:03:58.833,1.50668,1.50684,1.00,2.06
2018.02.12 06:03:59.357,1.50668,1.50686,1.69,1.69
2018.02.12 06:03:59.461,1.50668,1.50686,1.25,1.69
2018.02.12 06:03:59.513,1.50668,1.50683,1.25,1.31
2018.02.12 06:04:00.056,1.50668,1.50683,1.81,1.56
2018.02.12 06:04:00.847,1.50668,1.50683,1.50,1.56
2018.02.12 06:04:01.158,1.50671,1.50689,1.13,1.81
2018.02.12 06:04:01.468,1.50671,1.5069,1.50,2.44
2018.02.12 06:04:01.521,1.50673,1.50689,1.13,1.56
2018.02.12 06:04:01.677,1.50675,1.50692,1.00,1.75
2018.02.12 06:04:01.884,1.50674,1.50692,1.13,2.06
2018.02.12 06:04:01.935,1.50673,1.50692,2.19,1.69
2018.02.12 06:04:02.399,1.50677,1.50692,1.00,1.63
2018.02.12 06:04:02.480,1.50677,1.50692,1.87,1.81
2018.02.12 06:04:02.637,1.50676,1.50692,1.31,1.56
2018.02.12 06:04:03.196,1.50677,1.50692,1.00,1.31
2018.02.12 06:04:03.700,1.50676,1.50692,1.13,1.56
2018.02.12 06:04:04.732,1.50676,1.50692,1.31,1.44
2018.02.12 06:04:05.561,1.50677,1.50692,1.13,1.31
2018.02.12 06:04:06.947,1.50676,1.50692,2.06,1.31
2018.02.12 06:04:07.470,1.50678,1.50692,1.19,1.56
2018.02.12 06:04:08.019,1.50677,1.50692,1.44,1.56
2018.02.12 06:04:08.805,1.50677,1.50692,1.25,1.56
2018.02.12 06:04:09.370,1.50677,1.50692,1.19,1.56
2018.02.12 06:04:12.020,1.50677,1.50693,1.12,2.44
2018.02.12 06:04:13.547,1.50675,1.50691,1.69,1.50
2018.02.12 06:04:13.652,1.50675,1.5069,1.00,1.44
2018.02.12 06:04:13.704,1.50672,1.5069,1.69,1.31
2018.02.12 06:04:13.993,1.50672,1.50687,1.62,1.19
2018.02.12 06:04:18.002,1.5067,1.50687,1.19,1.63
2018.02.12 06:04:18.055,1.50668,1.50685,2.06,1.69
2018.02.12 06:04:18.473,1.50667,1.50685,2.25,1.50
2018.02.12 06:04:18.691,1.50667,1.50685,2.25,1.69
2018.02.12 06:04:19.457,1.50667,1.50685,2.25,1.69
2018.02.12 06:04:20.099,1.50666,1.50685,4.88,1.81
2018.02.12 06:04:20.685,1.50667,1.50685,2.25,1.69
2018.02.12 06:04:21.237,1.50667,1.50685,1.50,1.81
2018.02.12 06:04:21.898,1.50667,1.50685,2.25,1.69
2018.02.12 06:04:22.504,1.50667,1.50685,1.63,1.81
2018.02.12 06:04:23.039,1.50667,1.50685,1.81,1.69
2018.02.12 06:04:24.363,1.50668,1.50685,1.13,1.56
2018.02.12 06:04:26.248,1.50669,1.50685,1.56,1.31
2018.02.12 06:04:26.789,1.50669,1.50685,1.56,1.63
2018.02.12 06:04:28.690,1.50667,1.50685,3.94,2.06
2018.02.12 06:04:28.845,1.50667,1.50685,2.06,2.06
2018.02.12 06:04:28.898,1.50667,1.50685,2.44,2.25
2018.02.12 06:04:28.950,1.50667,1.50685,2.44,2.06
2018.02.12 06:04:29.105,1.50667,1.50685,2.44,2.06
2018.02.12 06:04:29.549,1.50667,1.50684,1.88,2.00
2018.02.12 06:04:31.981,1.50667,1.50683,1.31,1.56
2018.02.12 06:04:34.111,1.50667,1.50683,1.63,1.69
2018.02.12 06:04:34.623,1.50667,1.50683,1.31,1.56
2018.02.12 06:04:36.091,1.50667,1.50683,1.56,1.69
2018.02.12 06:04:37.741,1.50667,1.50683,1.63,2.44
2018.02.12 06:04:37.794,1.50667,1.50683,1.63,2.63
2018.02.12 06:04:38.348,1.50667,1.50683,1.38,2.63
2018.02.12 06:04:38.997,1.50667,1.50683,1.38,1.69
2018.02.12 06:04:39.505,1.50667,1.50683,1.63,1.81
2018.02.12 06:04:40.016,1.50667,1.50683,1.38,1.63
2018.02.12 06:04:43.224,1.50667,1.50683,1.50,1.50
2018.02.12 06:04:46.065,1.50667,1.50683,1.63,1.44
2018.02.12 06:04:47.485,1.50667,1.50683,2.25,1.63
2018.02.12 06:04:49.394,1.50667,1.50683,1.69,1.44
2018.02.12 06:04:52.668,1.50667,1.50683,1.69,1.62
2018.02.12 06:04:53.928,1.50667,1.50683,1.63,1.63
2018.02.12 06:04:54.087,1.50671,1.50686,1.38,1.12
2018.02.12 06:04:54.139,1.50673,1.50689,2.00,2.44
2018.02.12 06:04:54.927,1.50673,1.50691,2.00,3.00
2018.02.12 06:04:55.446,1.50673,1.50691,2.06,4.50
2018.02.12 06:04:56.046,1.50673,1.50691,2.06,4.50
2018.02.12 06:04:56.564,1.50673,1.50691,2.00,3.00
2018.02.12 06:04:57.190,1.50673,1.50691,1.88,3.75
2018.02.12 06:04:57.712,1.50675,1.50691,1.00,3.75
2018.02.12 06:04:58.053,1.50673,1.50691,1.63,3.75
2018.02.12 06:04:58.577,1.50674,1.50691,1.13,4.13
2018.02.12 06:04:59.400,1.50673,1.50691,1.88,3.38
2018.02.12 06:04:59.861,1.50675,1.50691,2.25,2.25
2018.02.12 06:05:00.304,1.50675,1.50691,1.69,3.19
2018.02.12 06:05:00.754,1.50675,1.50691,1.13,1.88
2018.02.12 06:05:01.064,1.50678,1.50692,1.56,1.75
2018.02.12 06:05:01.253,1.50674,1.50692,1.13,2.63
2018.02.12 06:05:01.356,1.50674,1.50692,1.13,2.25
2018.02.12 06:05:01.888,1.50674,1.50692,1.13,2.25
2018.02.12 06:05:02.237,1.50676,1.50693,1.94,1.00
2018.02.12 06:05:02.494,1.50676,1.50692,1.88,1.81
2018.02.12 06:05:03.038,1.50676,1.50692,1.69,1.56
2018.02.12 06:05:03.573,1.50678,1.50692,1.00,1.56
2018.02.12 06:05:04.235,1.50676,1.50692,1.69,1.56
2018.02.12 06:05:04.544,1.50679,1.50692,1.12,1.81
2018.02.12 06:05:04.596,1.50676,1.50692,3.00,1.56
2018.02.12 06:05:04.703,1.50677,1.50694,2.81,1.69
2018.02.12 06:05:04.808,1.50677,1.50694,2.25,1.56
2018.02.12 06:05:05.273,1.50681,1.50698,1.12,2.63
2018.02.12 06:05:05.325,1.5068,1.50697,1.38,1.13
2018.02.12 06:05:06.069,1.5068,1.50698,1.38,2.25
2018.02.12 06:05:06.573,1.50679,1.50696,1.13,1.81
2018.02.12 06:05:06.831,1.50678,1.50696,1.13,2.25
2018.02.12 06:05:06.986,1.50678,1.50696,3.38,1.81
2018.02.12 06:05:07.038,1.50678,1.50696,1.19,1.81
2018.02.12 06:05:07.090,1.50678,1.50696,1.63,1.75
2018.02.12 06:05:07.244,1.50678,1.50696,1.19,1.81
2018.02.12 06:05:07.407,1.50678,1.50696,1.38,1.75
2018.02.12 06:05:07.581,1.50678,1.50697,2.06,3.75
2018.02.12 06:05:08.124,1.50679,1.50696,1.31,1.50
2018.02.12 06:05:09.323,1.50681,1.50697,1.81,4.50
2018.02.12 06:05:09.581,1.50681,1.50698,3.75,1.56
2018.02.12 06:05:10.099,1.50682,1.50699,1.31,1.63
2018.02.12 06:05:10.753,1.50682,1.507,1.31,2.81
2018.02.12 06:05:12.106,1.50684,1.50702,1.56,1.75
2018.02.12 06:05:12.261,1.50684,1.50702,1.81,1.75
2018.02.12 06:05:12.957,1.50684,1.50703,1.56,4.50
2018.02.12 06:05:13.261,1.50684,1.50702,1.81,1.75
2018.02.12 06:05:13.933,1.50684,1.50703,1.38,4.69
2018.02.12 06:05:14.096,1.50683,1.50703,1.75,4.88
2018.02.12 06:05:14.333,1.50682,1.50701,2.63,1.63
2018.02.12 06:05:14.695,1.50682,1.50701,1.31,2.06
2018.02.12 06:05:14.747,1.50682,1.50701,1.75,2.06
2018.02.12 06:05:15.384,1.50683,1.50701,1.19,2.25
2018.02.12 06:05:16.524,1.50683,1.50701,1.00,2.25
2018.02.12 06:05:17.293,1.50683,1.50701,1.44,2.63
2018.02.12 06:05:17.448,1.50683,1.507,1.00,1.75
2018.02.12 06:05:17.758,1.50687,1.50702,1.00,1.81
2018.02.12 06:05:18.068,1.50685,1.50698,1.44,1.31
2018.02.12 06:05:18.171,1.50685,1.50698,1.00,1.31
2018.02.12 06:05:18.717,1.50685,1.50698,1.19,1.56
2018.02.12 06:05:19.565,1.50685,1.50698,1.00,1.19
2018.02.12 06:05:21.437,1.50684,1.50698,1.31,1.19
2018.02.12 06:05:22.007,1.50684,1.50698,1.31,1.19
2018.02.12 06:05:22.855,1.50684,1.50699,1.38,1.44
2018.02.12 06:05:23.375,1.50684,1.50699,1.38,1.44
2018.02.12 06:05:23.972,1.50684,1.50699,1.13,1.63
2018.02.12 06:05:24.485,1.50683,1.50699,1.13,1.31
2018.02.12 06:05:25.008,1.50683,1.50699,1.31,1.56
2018.02.12 06:05:25.513,1.50683,1.50699,1.81,1.31
2018.02.12 06:05:26.763,1.50683,1.50699,1.31,1.56
2018.02.12 06:05:27.039,1.50683,1.50699,1.56,1.56
2018.02.12 06:05:27.382,1.50684,1.50699,1.25,1.81
2018.02.12 06:05:27.850,1.50681,1.50699,2.25,1.19
2018.02.12 06:05:27.903,1.50679,1.50694,2.06,1.19
2018.02.12 06:05:28.064,1.50673,1.50691,2.62,1.19
2018.02.12 06:05:28.582,1.50674,1.50691,1.31,2.06
2018.02.12 06:05:29.504,1.50671,1.50691,3.56,2.06
2018.02.12 06:05:31.620,1.50672,1.50691,1.81,2.81
2018.02.12 06:05:32.309,1.50671,1.50691,3.75,2.25
2018.02.12 06:05:32.987,1.50672,1.50691,1.69,2.25
2018.02.12 06:05:35.583,1.50672,1.50691,2.00,3.00
2018.02.12 06:05:35.970,1.50672,1.50691,1.50,2.44
2018.02.12 06:05:36.075,1.50672,1.50688,1.13,3.00
2018.02.12 06:05:36.181,1.50667,1.50683,1.31,1.81
2018.02.12 06:05:36.233,1.50664,1.50681,2.06,1.81
2018.02.12 06:05:36.389,1.50663,1.50681,1.75,2.00
2018.02.12 06:05:36.441,1.50664,1.50681,1.38,1.94
2018.02.12 06:05:36.898,1.50663,1.50681,1.75,1.81
2018.02.12 06:05:37.002,1.50664,1.50681,1.38,1.75
2018.02.12 06:05:37.537,1.50663,1.50681,1.13,1.50
2018.02.12 06:05:38.119,1.50662,1.50681,2.19,2.25
2018.02.12 06:05:39.620,1.50663,1.5068,1.13,1.63
2018.02.12 06:05:39.776,1.50661,1.5068,3.00,1.50
2018.02.12 06:05:39.829,1.50663,1.5068,1.38,1.50
2018.02.12 06:05:39.933,1.50662,1.5068,1.13,1.50
2018.02.12 06:05:40.453,1.50662,1.50681,3.38,2.06
2018.02.12 06:05:40.972,1.50662,1.5068,1.38,1.19
2018.02.12 06:05:43.339,1.50663,1.50681,1.31,1.94
2018.02.12 06:05:44.684,1.50662,1.5068,1.13,1.19
2018.02.12 06:05:45.229,1.50663,1.50681,1.31,3.19
2018.02.12 06:05:45.944,1.50662,1.50681,1.31,2.06
2018.02.12 06:05:46.468,1.50662,1.50681,1.31,2.06
2018.02.12 06:05:48.189,1.50661,1.50681,3.38,1.31
2018.02.12 06:05:48.464,1.50662,1.50681,1.50,2.00
2018.02.12 06:05:48.516,1.50662,1.50681,1.75,2.44
2018.02.12 06:05:48.569,1.50661,1.50678,2.06,1.56
2018.02.12 06:05:49.086,1.50661,1.50678,1.50,1.69
2018.02.12 06:05:50.391,1.50662,1.50678,1.19,1.69
2018.02.12 06:05:50.921,1.50661,1.50678,1.69,1.81
2018.02.12 06:05:51.501,1.50661,1.50678,1.88,1.69
2018.02.12 06:05:52.536,1.5066,1.50678,3.00,1.81
2018.02.12 06:05:53.400,1.5066,1.50678,2.63,1.69
2018.02.12 06:05:57.324,1.50661,1.50678,1.56,1.81
2018.02.12 06:05:58.641,1.50661,1.50678,1.63,1.56
2018.02.12 06:05:59.052,1.50661,1.5068,2.06,1.87
2018.02.12 06:05:59.105,1.50663,1.50677,2.25,1.19
2018.02.12 06:05:59.261,1.50666,1.50682,1.38,1.94
2018.02.12 06:05:59.777,1.50666,1.50682,1.38,1.75
2018.02.12 06:06:00.292,1.50666,1.50682,2.06,1.75
2018.02.12 06:06:01.031,1.50665,1.50682,3.19,1.81
2018.02.12 06:06:01.135,1.50669,1.50684,1.63,1.81
2018.02.12 06:06:01.492,1.50667,1.50681,1.88,1.56
2018.02.12 06:06:02.002,1.50667,1.50681,1.13,1.81
2018.02.12 06:06:02.639,1.50667,1.50681,1.25,1.81
2018.02.12 06:06:02.792,1.50665,1.5068,1.69,1.56
2018.02.12 06:06:06.957,1.50665,1.50679,1.69,1.63
2018.02.12 06:06:07.960,1.50664,1.5068,2.44,1.56
2018.02.12 06:06:08.476,1.50665,1.50681,1.50,2.44
2018.02.12 06:06:09.128,1.50665,1.50681,1.50,2.44
2018.02.12 06:06:09.315,1.50664,1.50679,1.88,1.31
2018.02.12 06:06:10.169,1.50663,1.50679,1.94,1.56
2018.02.12 06:06:11.342,1.50663,1.50679,1.31,1.56
2018.02.12 06:06:12.680,1.50663,1.50679,2.63,1.56
2018.02.12 06:06:13.417,1.50663,1.50679,2.63,1.56
2018.02.12 06:06:14.509,1.50668,1.50682,2.25,1.25
2018.02.12 06:06:14.827,1.50672,1.50687,1.00,1.75
2018.02.12 06:06:15.415,1.50672,1.50687,1.00,1.75
2018.02.12 06:06:15.724,1.50669,1.50684,1.81,1.63
2018.02.12 06:06:16.141,1.50666,1.50682,2.25,1.13
2018.02.12 06:06:16.194,1.50664,1.50679,2.06,1.75
2018.02.12 06:06:16.711,1.50663,1.50678,2.06,1.13
2018.02.12 06:06:17.984,1.50663,1.50679,1.44,2.06
2018.02.12 06:06:18.580,1.50663,1.50679,1.13,2.06
2018.02.12 06:06:18.632,1.50663,1.50681,1.63,3.00
2018.02.12 06:06:18.684,1.50663,1.5068,1.38,1.13
2018.02.12 06:06:18.737,1.50669,1.50683,1.38,1.25
2018.02.12 06:06:18.894,1.50673,1.50688,1.13,1.50
2018.02.12 06:06:19.189,1.50674,1.50691,1.31,2.44
2018.02.12 06:06:19.344,1.50673,1.50691,2.81,2.44
2018.02.12 06:06:19.896,1.50673,1.5069,2.25,1.56
2018.02.12 06:06:20.564,1.50673,1.5069,2.25,2.00
2018.02.12 06:06:20.731,1.50673,1.5069,2.06,1.75
2018.02.12 06:06:20.924,1.50668,1.50684,1.75,1.75
2018.02.12 06:06:20.976,1.50665,1.50681,2.44,1.44
2018.02.12 06:06:21.542,1.50664,1.50681,3.75,1.63
2018.02.12 06:06:21.648,1.50668,1.50685,1.88,2.81
2018.02.12 06:06:22.133,1.50671,1.5069,1.88,3.56
2018.02.12 06:06:22.496,1.5067,1.50687,1.50,1.13
2018.02.12 06:06:23.581,1.5067,1.50688,1.56,1.31
2018.02.12 06:06:23.797,1.5067,1.50688,1.69,1.31
2018.02.12 06:06:24.388,1.5067,1.50688,1.50,1.31
2018.02.12 06:06:24.927,1.5067,1.50688,1.13,1.31
2018.02.12 06:06:25.706,1.50671,1.50689,1.25,2.81
2018.02.12 06:06:26.214,1.5067,1.50689,1.50,2.06
2018.02.12 06:06:26.961,1.5067,1.50689,1.69,2.06
2018.02.12 06:06:27.600,1.5067,1.50688,1.69,2.06
2018.02.12 06:06:28.177,1.5067,1.50689,1.69,1.13
2018.02.12 06:06:29.731,1.5067,1.50689,1.94,1.31
2018.02.12 06:06:30.050,1.5067,1.5069,1.69,3.19
2018.02.12 06:06:31.371,1.5067,1.5069,3.94,4.69
2018.02.12 06:06:32.159,1.50671,1.5069,1.50,4.69
2018.02.12 06:06:34.594,1.50671,1.50688,1.75,1.56
2018.02.12 06:06:35.106,1.50671,1.50688,1.75,1.56
2018.02.12 06:06:35.405,1.50673,1.50691,1.75,2.25
2018.02.12 06:06:35.459,1.50671,1.50689,1.75,1.31
2018.02.12 06:06:35.513,1.50671,1.50686,1.00,1.13
2018.02.12 06:06:36.052,1.5067,1.50686,2.63,1.13
2018.02.12 06:06:36.599,1.50671,1.50686,1.38,1.13
2018.02.12 06:06:38.311,1.5067,1.50685,4.31,1.19
2018.02.12 06:06:38.967,1.50671,1.50686,1.38,1.13
2018.02.12 06:06:39.441,1.5067,1.50686,1.31,1.13
2018.02.12 06:06:39.958,1.50671,1.50686,1.31,1.13
2018.02.12 06:06:40.567,1.5067,1.50686,5.06,1.13
2018.02.12 06:06:41.084,1.5067,1.50686,5.06,1.13
2018.02.12 06:06:43.070,1.5067,1.50688,3.56,1.13
2018.02.12 06:06:43.711,1.50671,1.50686,1.31,1.13
2018.02.12 06:06:44.367,1.5067,1.50689,2.81,2.63
2018.02.12 06:06:44.916,1.50673,1.5069,2.25,1.13
2018.02.12 06:06:46.708,1.50673,1.50691,2.00,1.88
2018.02.12 06:06:47.522,1.50677,1.50693,1.56,1.56
2018.02.12 06:06:47.804,1.5068,1.50697,1.56,2.00
2018.02.12 06:06:47.909,1.5068,1.50696,1.63,1.12
2018.02.12 06:06:47.961,1.5068,1.50695,1.44,1.69
2018.02.12 06:06:48.189,1.50679,1.50695,2.06,1.94
2018.02.12 06:06:48.749,1.50679,1.50695,1.63,1.81
2018.02.12 06:06:49.522,1.50679,1.50695,1.56,1.94
2018.02.12 06:06:51.113,1.50678,1.50697,2.25,2.44
2018.02.12 06:06:51.791,1.50678,1.50697,2.25,2.81
2018.02.12 06:06:52.123,1.50677,1.50691,1.13,3.00
2018.02.12 06:06:52.175,1.50675,1.50693,2.06,2.19
2018.02.12 06:06:52.228,1.50675,1.50688,2.06,1.19
2018.02.12 06:06:52.641,1.50674,1.5069,2.06,1.88
2018.02.12 06:06:53.337,1.50674,1.5069,1.69,1.88
2018.02.12 06:06:54.142,1.50673,1.5069,1.69,1.88
2018.02.12 06:06:54.802,1.50673,1.5069,2.44,1.88
2018.02.12 06:06:56.234,1.50673,1.5069,2.06,2.63
2018.02.12 06:06:58.647,1.50673,1.5069,1.69,2.63
2018.02.12 06:06:58.699,1.50674,1.50689,1.44,1.13
2018.02.12 06:06:58.959,1.50671,1.50687,1.69,1.75
2018.02.12 06:06:59.064,1.5067,1.50687,2.44,1.31
2018.02.12 06:07:00.119,1.50671,1.50687,2.00,1.44
2018.02.12 06:07:00.431,1.50673,1.50691,1.31,1.69
2018.02.12 06:07:00.587,1.50676,1.50693,1.38,2.81
2018.02.12 06:07:01.440,1.50675,1.50691,2.00,1.19
2018.02.12 06:07:02.013,1.50675,1.50692,3.19,1.13
2018.02.12 06:07:03.833,1.50675,1.50693,2.44,1.81
2018.02.12 06:07:06.016,1.50675,1.50693,1.69,1.81
2018.02.12 06:07:07.923,1.50675,1.50691,2.06,1.19
2018.02.12 06:07:08.231,1.50676,1.50693,1.88,1.19
2018.02.12 06:07:08.491,1.50683,1.50699,1.50,2.44
2018.02.12 06:07:08.699,1.50683,1.50698,1.50,1.38
2018.02.12 06:07:09.095,1.50682,1.50698,2.63,1.25
2018.02.12 06:07:09.704,1.50682,1.50698,2.63,1.13
2018.02.12 06:07:10.205,1.50682,1.50698,2.44,1.44
2018.02.12 06:07:10.386,1.50684,1.50702,1.94,1.13
2018.02.12 06:07:10.439,1.50683,1.50702,2.44,1.13
2018.02.12 06:07:11.039,1.50683,1.50702,2.44,1.13
2018.02.12 06:07:11.582,1.50684,1.50703,1.50,2.06
2018.02.12 06:07:12.583,1.50684,1.50702,2.25,1.31
2018.02.12 06:07:13.090,1.50683,1.50702,3.56,1.13
2018.02.12 06:07:13.612,1.50684,1.50702,1.56,1.50
2018.02.12 06:07:14.597,1.50684,1.50702,1.56,1.94
2018.02.12 06:07:15.582,1.50683,1.50701,2.06,1.13
2018.02.12 06:07:17.166,1.50684,1.50701,1.38,1.56
2018.02.12 06:07:17.218,1.50683,1.50701,2.25,1.13
2018.02.12 06:07:17.832,1.50683,1.50701,1.50,3.00
2018.02.12 06:07:18.341,1.50682,1.507,3.00,1.69
2018.02.12 06:07:20.547,1.50683,1.507,1.38,1.13
2018.02.12 06:07:21.090,1.50684,1.50701,1.44,2.06
2018.02.12 06:07:21.530,1.50681,1.50698,1.88,1.31
2018.02.12 06:07:21.684,1.50679,1.50696,2.44,1.69
2018.02.12 06:07:22.249,1.50679,1.50697,1.25,3.56
2018.02.12 06:07:22.521,1.50679,1.50697,2.06,2.81
2018.02.12 06:07:23.280,1.5068,1.50695,1.25,1.13
2018.02.12 06:07:23.932,1.5068,1.50695,1.38,1.31
2018.02.12 06:07:24.490,1.50679,1.50696,1.00,2.06
2018.02.12 06:07:25.020,1.50679,1.50695,1.44,1.13
2018.02.12 06:07:25.628,1.50679,1.50696,1.19,2.25
2018.02.12 06:07:25.680,1.50679,1.50696,1.00,1.87
2018.02.12 06:07:26.196,1.50679,1.50694,2.06,1.00
2018.02.12 06:07:26.352,1.50679,1.50696,1.25,1.13
2018.02.12 06:07:26.715,1.50679,1.50696,1.63,1.75
2018.02.12 06:07:27.238,1.50679,1.50696,1.31,1.75
2018.02.12 06:07:28.399,1.50679,1.50697,1.25,3.56
2018.02.12 06:07:28.983,1.50679,1.50697,1.25,4.31
2018.02.12 06:07:29.512,1.50679,1.50697,1.00,2.62
2018.02.12 06:07:29.831,1.50679,1.50696,1.69,1.81
2018.02.12 06:07:30.373,1.50679,1.50695,2.06,1.13
2018.02.12 06:07:30.836,1.50679,1.50696,1.50,1.56
2018.02.12 06:07:30.888,1.50681,1.50699,1.38,2.44
2018.02.12 06:07:31.129,1.50682,1.50699,2.25,1.56
2018.02.12 06:07:31.335,1.50684,1.50699,1.31,1.56
2018.02.12 06:07:31.647,1.50681,1.50699,2.81,3.94
2018.02.12 06:07:31.906,1.50681,1.50699,1.63,3.00
2018.02.12 06:07:32.424,1.50681,1.50699,1.56,3.19
2018.02.12 06:07:32.476,1.50681,1.50699,1.12,3.75
2018.02.12 06:07:33.072,1.50681,1.50699,1.31,3.00
2018.02.12 06:07:33.382,1.50681,1.50699,1.69,2.44
2018.02.12 06:07:33.733,1.50681,1.50699,1.69,2.44
2018.02.12 06:07:34.235,1.50681,1.50699,1.50,3.38
2018.02.12 06:07:34.765,1.50681,1.50699,2.06,3.56
2018.02.12 06:07:35.330,1.50681,1.50698,1.31,1.13
2018.02.12 06:07:35.878,1.50681,1.50695,1.00,1.69
2018.02.12 06:07:36.085,1.50678,1.50696,2.81,2.44
2018.02.12 06:07:37.100,1.50679,1.50695,1.63,1.56
2018.02.12 06:07:37.358,1.50679,1.50696,2.06,1.13
2018.02.12 06:07:37.596,1.5068,1.50696,1.88,1.50
2018.02.12 06:07:38.004,1.50682,1.50699,1.38,3.56
2018.02.12 06:07:38.527,1.50681,1.50699,3.75,2.44
2018.02.12 06:07:39.029,1.50681,1.50699,3.38,1.63
2018.02.12 06:07:39.600,1.50681,1.50699,3.75,1.50
2018.02.12 06:07:40.632,1.50683,1.50699,1.63,1.63
2018.02.12 06:07:41.177,1.50682,1.50699,2.44,1.50
2018.02.12 06:07:41.701,1.50682,1.50699,2.00,1.50
2018.02.12 06:07:42.080,1.50682,1.50699,2.25,1.69
2018.02.12 06:07:42.615,1.50682,1.50699,2.06,1.50
2018.02.12 06:07:43.327,1.50682,1.50699,1.50,1.50
2018.02.12 06:07:44.196,1.50682,1.50699,1.50,1.50
2018.02.12 06:07:44.632,1.50684,1.50699,1.00,1.50
2018.02.12 06:07:45.328,1.50683,1.50699,1.00,1.63
2018.02.12 06:07:45.878,1.50682,1.50699,1.00,1.63
2018.02.12 06:07:46.214,1.50684,1.50699,1.12,1.63
2018.02.12 06:07:46.527,1.50681,1.50698,2.44,1.31
2018.02.12 06:07:47.118,1.50682,1.50698,1.25,2.06
2018.02.12 06:07:47.832,1.50681,1.50698,2.25,2.00
2018.02.12 06:07:48.358,1.50682,1.50698,1.00,1.94
2018.02.12 06:07:49.526,1.50681,1.50698,2.62,2.00
2018.02.12 06:07:49.578,1.50681,1.50698,2.25,1.94
2018.02.12 06:07:49.630,1.50681,1.50699,1.12,3.94
2018.02.12 06:07:49.755,1.5068,1.50696,1.00,2.44
2018.02.12 06:07:49.808,1.50677,1.50693,1.12,1.88
2018.02.12 06:07:49.860,1.50677,1.50693,1.12,1.69
2018.02.12 06:07:50.423,1.50676,1.50693,1.88,1.88
2018.02.12 06:07:50.886,1.50677,1.50693,1.25,2.44
2018.02.12 06:07:50.938,1.50676,1.50693,1.69,1.88
2018.02.12 06:07:51.445,1.50676,1.50693,1.44,3.19
2018.02.12 06:07:52.037,1.50676,1.50692,1.00,1.75
2018.02.12 06:07:52.343,1.50674,1.50692,1.12,2.06
2018.02.12 06:07:52.871,1.50674,1.50692,1.12,3.56
2018.02.12 06:07:53.387,1.50673,1.50692,1.87,2.44
2018.02.12 06:07:53.926,1.50675,1.50692,1.25,1.94
2018.02.12 06:07:54.080,1.50672,1.50691,3.37,1.56
2018.02.12 06:07:54.587,1.50673,1.50691,1.50,1.88
2018.02.12 06:07:55.102,1.50674,1.50691,1.50,1.13
2018.02.12 06:07:55.206,1.50673,1.50691,1.69,1.88
2018.02.12 06:07:55.360,1.50672,1.50691,3.19,1.88
2018.02.12 06:07:55.412,1.50675,1.50691,1.00,1.56
2018.02.12 06:07:55.721,1.50673,1.5069,2.06,1.31
2018.02.12 06:07:55.825,1.50673,1.50691,2.06,1.13
2018.02.12 06:07:56.135,1.50674,1.5069,1.00,2.44
2018.02.12 06:07:56.292,1.50668,1.50686,1.25,1.13
2018.02.12 06:07:56.808,1.50667,1.50684,1.69,1.87
2018.02.12 06:07:57.202,1.50664,1.50681,2.62,1.13
2018.02.12 06:07:57.461,1.50662,1.5068,1.00,2.81
2018.02.12 06:07:57.617,1.50662,1.50679,1.37,1.81
2018.02.12 06:07:57.668,1.50661,1.50679,2.44,1.50
2018.02.12 06:07:58.126,1.50664,1.50679,1.44,1.81
2018.02.12 06:07:58.333,1.50661,1.5068,3.19,2.44
2018.02.12 06:07:58.591,1.50662,1.50679,1.87,1.81
2018.02.12 06:07:58.642,1.50662,1.50679,1.44,1.81
2018.02.12 06:07:59.166,1.50662,1.50679,2.25,1.81
2018.02.12 06:08:00.158,1.50662,1.50681,1.75,1.50
2018.02.12 06:08:00.210,1.50664,1.50683,1.44,3.38
2018.02.12 06:08:00.726,1.50665,1.50682,1.69,1.81
2018.02.12 06:08:01.229,1.50664,1.50682,3.56,1.56
2018.02.12 06:08:01.752,1.50665,1.50682,1.69,1.81
2018.02.12 06:08:02.688,1.50664,1.50683,2.81,1.88
2018.02.12 06:08:03.202,1.50665,1.50682,1.69,2.25
2018.02.12 06:08:03.790,1.50664,1.50682,2.81,2.06
2018.02.12 06:08:04.346,1.50665,1.50682,1.69,2.25
2018.02.12 06:08:04.886,1.50664,1.50682,2.81,1.88
2018.02.12 06:08:05.611,1.50665,1.50683,1.94,2.44
2018.02.12 06:08:05.973,1.50664,1.50682,3.94,1.31
2018.02.12 06:08:06.738,1.50665,1.50682,2.06,1.56
2018.02.12 06:08:06.843,1.50662,1.50679,2.81,1.56
2018.02.12 06:08:07.052,1.50659,1.50678,2.44,1.75
2018.02.12 06:08:07.569,1.5066,1.50677,1.44,1.88
2018.02.12 06:08:07.755,1.50659,1.50677,1.00,1.69
2018.02.12 06:08:08.276,1.50659,1.50676,1.69,1.81
2018.02.12 06:08:08.380,1.50659,1.50674,1.25,1.56
2018.02.12 06:08:08.484,1.50655,1.50674,3.00,1.81
2018.02.12 06:08:09.000,1.50655,1.50673,1.62,2.19
2018.02.12 06:08:09.053,1.50653,1.50671,3.56,1.50
2018.02.12 06:08:09.578,1.50653,1.50671,1.88,3.56
2018.02.12 06:08:10.081,1.50652,1.50671,3.00,4.50
2018.02.12 06:08:10.734,1.50653,1.5067,1.31,1.69
2018.02.12 06:08:11.255,1.50653,1.50671,1.00,1.50
2018.02.12 06:08:11.412,1.50651,1.5067,1.25,3.38
2018.02.12 06:08:11.786,1.50649,1.50667,1.88,1.19
2018.02.12 06:08:11.991,1.50649,1.50668,3.19,1.25
2018.02.12 06:08:12.042,1.50652,1.50668,2.06,1.31
2018.02.12 06:08:12.552,1.50652,1.5067,2.06,2.06
2018.02.12 06:08:12.982,1.50651,1.5067,1.13,2.25
2018.02.12 06:08:13.240,1.50652,1.50671,1.38,5.44
2018.02.12 06:08:13.344,1.50652,1.50671,1.13,4.69
2018.02.12 06:08:13.500,1.50651,1.50671,2.44,3.75
2018.02.12 06:08:13.706,1.50651,1.50671,2.81,5.44
2018.02.12 06:08:13.855,1.50654,1.50671,1.38,1.88
2018.02.12 06:08:13.907,1.50653,1.50671,1.88,1.38
2018.02.12 06:08:13.959,1.50654,1.50671,1.38,2.81
2018.02.12 06:08:14.011,1.50653,1.50671,1.69,2.25
2018.02.12 06:08:14.114,1.50653,1.50671,1.88,2.63
2018.02.12 06:08:14.269,1.50653,1.50671,2.06,1.88
2018.02.12 06:08:14.372,1.50654,1.50671,1.44,3.00
2018.02.12 06:08:14.475,1.50653,1.50671,2.06,1.88
2018.02.12 06:08:14.527,1.50654,1.50671,1.38,2.63
2018.02.12 06:08:14.682,1.50653,1.50671,2.81,1.50
2018.02.12 06:08:14.787,1.50654,1.50671,1.31,2.63
2018.02.12 06:08:15.050,1.50653,1.5067,1.88,1.25
2018.02.12 06:08:15.153,1.50653,1.50671,1.88,1.13
2018.02.12 06:08:15.463,1.50654,1.50671,1.38,1.56
2018.02.12 06:08:15.568,1.50653,1.50672,2.25,2.44
2018.02.12 06:08:15.822,1.50654,1.50671,1.63,1.81
2018.02.12 06:08:16.337,1.50653,1.50672,1.88,2.81
2018.02.12 06:08:16.490,1.50654,1.50671,1.31,1.88
2018.02.12 06:08:16.798,1.50653,1.5067,2.06,1.13
2018.02.12 06:08:16.902,1.50653,1.5067,1.88,1.63
2018.02.12 06:08:17.403,1.50653,1.5067,1.50,1.63
2018.02.12 06:08:17.714,1.50654,1.5067,1.44,1.63
2018.02.12 06:08:17.904,1.50654,1.5067,1.00,1.12
2018.02.12 06:08:18.164,1.50653,1.50671,2.25,1.81
2018.02.12 06:08:18.301,1.50652,1.5067,1.00,1.62
2018.02.12 06:08:18.459,1.50651,1.50671,1.88,2.44
2018.02.12 06:08:18.719,1.5065,1.5067,3.19,2.25
2018.02.12 06:08:18.927,1.50651,1.5067,1.75,1.75
2018.02.12 06:08:19.540,1.50651,1.5067,1.38,1.88
2018.02.12 06:08:20.089,1.5065,1.5067,2.25,1.94
2018.02.12 06:08:20.495,1.5065,1.5067,1.88,1.94
2018.02.12 06:08:20.701,1.50651,1.5067,1.38,4.31
2018.02.12 06:08:21.007,1.5065,1.50669,1.88,2.00
2018.02.12 06:08:21.112,1.5065,1.50668,2.06,1.88
2018.02.12 06:08:21.443,1.5065,1.50668,1.87,2.06
2018.02.12 06:08:21.650,1.5065,1.50669,2.81,2.44
2018.02.12 06:08:21.703,1.50651,1.50669,1.38,2.44
2018.02.12 06:08:21.755,1.5065,1.50669,2.81,2.44
2018.02.12 06:08:22.122,1.50651,1.50668,1.56,1.13
2018.02.12 06:08:22.277,1.5065,1.50669,2.06,2.63
2018.02.12 06:08:22.483,1.50651,1.50668,1.31,1.13
2018.02.12 06:08:22.883,1.50649,1.50669,2.63,2.81
2018.02.12 06:08:22.934,1.5065,1.50669,1.56,1.31
2018.02.12 06:08:23.437,1.5065,1.50669,1.56,3.38
2018.02.12 06:08:24.067,1.5065,1.50669,1.56,3.38
2018.02.12 06:08:24.480,1.50649,1.50669,2.44,3.00
2018.02.12 06:08:24.532,1.50649,1.50669,1.13,2.19
2018.02.12 06:08:24.788,1.5065,1.50668,1.25,1.56
2018.02.12 06:08:25.025,1.50649,1.50669,2.63,1.88
2018.02.12 06:08:25.359,1.5065,1.50669,1.25,1.88
2018.02.12 06:08:25.410,1.50649,1.50669,2.63,1.88
2018.02.12 06:08:25.720,1.50647,1.50665,1.31,1.75
2018.02.12 06:08:25.772,1.50648,1.50664,1.13,1.81
2018.02.12 06:08:25.896,1.50648,1.50665,1.13,1.63
2018.02.12 06:08:25.948,1.50648,1.50667,1.88,2.25
2018.02.12 06:08:26.001,1.50648,1.50666,1.31,1.81
2018.02.12 06:08:26.467,1.50649,1.50666,1.38,1.44
2018.02.12 06:08:26.520,1.50648,1.50667,2.06,3.00
2018.02.12 06:08:26.573,1.50648,1.50667,1.56,1.13
2018.02.12 06:08:26.626,1.50648,1.50667,2.25,1.75
2018.02.12 06:08:26.679,1.50649,1.50668,1.56,2.44
2018.02.12 06:08:26.785,1.50649,1.50667,3.00,1.00
2018.02.12 06:08:27.005,1.50651,1.50669,1.63,1.19
2018.02.12 06:08:27.162,1.50651,1.5067,1.69,1.88
2018.02.12 06:08:27.265,1.50651,1.5067,1.50,1.69
2018.02.12 06:08:27.421,1.50651,1.5067,1.50,1.87
2018.02.12 06:08:27.873,1.50651,1.5067,2.44,1.87
2018.02.12 06:08:28.079,1.50651,1.5067,2.62,2.25
2018.02.12 06:08:28.131,1.50651,1.5067,2.62,2.25
2018.02.12 06:08:28.648,1.5065,1.50669,2.06,1.69
2018.02.12 06:08:29.155,1.50651,1.50669,1.56,1.50
2018.02.12 06:08:29.665,1.5065,1.5067,4.31,3.00
2018.02.12 06:08:30.057,1.50653,1.5067,1.94,1.13
2018.02.12 06:08:30.288,1.50655,1.50673,1.31,2.25
2018.02.12 06:08:30.340,1.50654,1.50671,1.88,1.50
2018.02.12 06:08:30.651,1.50656,1.5067,1.00,1.94
2018.02.12 06:08:31.157,1.50652,1.5067,2.25,1.13
2018.02.12 06:08:32.097,1.50651,1.50671,3.00,2.63
2018.02.12 06:08:32.405,1.50652,1.5067,1.75,1.56
2018.02.12 06:08:32.773,1.50653,1.50671,1.31,1.81
2018.02.12 06:08:33.333,1.50655,1.50672,1.56,1.63
2018.02.12 06:08:33.385,1.50654,1.50673,2.81,2.44
2018.02.12 06:08:33.614,1.50655,1.50673,2.06,2.44
2018.02.12 06:08:33.875,1.50656,1.50673,1.00,1.81
2018.02.12 06:08:33.928,1.50655,1.50673,2.00,2.44
2018.02.12 06:08:34.134,1.50655,1.50673,2.00,2.44
2018.02.12 06:08:34.289,1.50655,1.50673,1.19,1.88
2018.02.12 06:08:34.869,1.50654,1.50673,1.13,3.75
2018.02.12 06:08:35.417,1.50654,1.50673,2.25,2.81
2018.02.12 06:08:35.777,1.50654,1.50672,2.25,1.56
2018.02.12 06:08:36.295,1.50655,1.50672,1.13,1.50
2018.02.12 06:08:36.812,1.50657,1.50674,1.50,1.50
2018.02.12 06:08:36.967,1.50657,1.50673,1.31,1.81
2018.02.12 06:08:37.019,1.50657,1.50673,1.50,1.56
2018.02.12 06:08:37.483,1.50655,1.50672,2.63,1.69
2018.02.12 06:08:37.587,1.50654,1.50672,2.25,1.56
2018.02.12 06:08:37.742,1.50654,1.50672,2.81,2.06
2018.02.12 06:08:38.281,1.50655,1.50672,1.13,2.06
2018.02.12 06:08:38.611,1.50654,1.50672,1.81,1.56
2018.02.12 06:08:39.128,1.50654,1.50672,1.50,1.81
2018.02.12 06:08:39.656,1.50655,1.50672,1.19,1.75
2018.02.12 06:08:40.161,1.50654,1.50671,1.63,1.56
2018.02.12 06:08:40.569,1.50654,1.50672,1.00,4.50
2018.02.12 06:08:40.673,1.50651,1.50671,5.06,1.75
2018.02.12 06:08:41.020,1.50652,1.50671,1.31,1.75
2018.02.12 06:08:41.544,1.50653,1.50671,1.31,1.75
2018.02.12 06:08:42.088,1.50652,1.5067,1.13,2.06
2018.02.12 06:08:42.192,1.50652,1.50667,1.00,1.81
2018.02.12 06:08:42.244,1.5065,1.50667,3.19,1.81
2018.02.12 06:08:42.777,1.50649,1.50667,4.13,1.81
2018.02.12 06:08:43.446,1.5065,1.50667,1.50,1.69
2018.02.12 06:08:43.550,1.50649,1.50667,3.19,1.56
2018.02.12 06:08:43.717,1.50649,1.50667,3.38,2.06
2018.02.12 06:08:44.235,1.50649,1.50667,3.38,2.06
2018.02.12 06:08:45.022,1.50649,1.50667,2.63,2.06
2018.02.12 06:08:45.644,1.50649,1.50667,2.63,1.56
2018.02.12 06:08:46.430,1.50649,1.50667,3.38,2.25
2018.02.12 06:08:47.487,1.50649,1.50667,1.12,2.44
2018.02.12 06:08:47.753,1.50649,1.50666,1.12,1.88
2018.02.12 06:08:47.908,1.50646,1.50663,2.44,1.81
2018.02.12 06:08:47.961,1.50645,1.50663,1.63,1.56
2018.02.12 06:08:48.064,1.50645,1.50663,1.13,1.81
2018.02.12 06:08:48.855,1.50644,1.50662,1.44,1.75
2018.02.12 06:08:49.387,1.50643,1.50661,1.94,1.81
2018.02.12 06:08:49.699,1.50643,1.50657,1.00,2.44
2018.02.12 06:08:49.907,1.50638,1.50656,2.44,1.69
2018.02.12 06:08:50.605,1.50638,1.50657,1.56,2.63
2018.02.12 06:08:50.708,1.50639,1.50657,1.31,3.00
2018.02.12 06:08:50.915,1.50639,1.50657,2.81,1.81
2018.02.12 06:08:51.448,1.5064,1.50657,1.69,2.00
2018.02.12 06:08:51.962,1.5064,1.50656,1.38,1.81
2018.02.12 06:08:52.168,1.50639,1.50656,3.19,1.56
2018.02.12 06:08:52.765,1.5064,1.50656,1.63,1.81
2018.02.12 06:08:53.420,1.5064,1.50657,1.50,2.25
2018.02.12 06:08:55.459,1.50639,1.50657,1.87,2.63
2018.02.12 06:08:55.565,1.50638,1.50654,1.00,1.56
2018.02.12 06:08:56.109,1.50636,1.50653,2.44,1.56
2018.02.12 06:08:56.686,1.50637,1.50653,2.06,1.56
2018.02.12 06:08:57.887,1.50636,1.50653,2.63,1.56
2018.02.12 06:08:58.206,1.50637,1.50653,1.50,2.00
2018.02.12 06:08:58.738,1.50636,1.50653,1.13,1.81
2018.02.12 06:09:00.200,1.50636,1.50652,2.00,1.81
2018.02.12 06:09:01.217,1.50635,1.50652,1.12,2.06
2018.02.12 06:09:01.421,1.50632,1.50651,2.25,2.44
2018.02.12 06:09:01.933,1.50632,1.5065,2.06,3.75
2018.02.12 06:09:04.918,1.50632,1.5065,2.06,3.75
2018.02.12 06:09:05.466,1.50632,1.5065,1.12,3.94
2018.02.12 06:09:05.713,1.50633,1.5065,1.69,1.81
2018.02.12 06:09:06.226,1.50633,1.50652,1.50,4.69
2018.02.12 06:09:07.241,1.50633,1.50652,1.50,4.13
2018.02.12 06:09:07.788,1.50634,1.5065,1.00,1.81
2018.02.12 06:09:07.843,1.50634,1.50649,1.00,1.75
2018.02.12 06:09:07.895,1.50631,1.50649,2.25,1.75
2018.02.12 06:09:07.949,1.50633,1.5065,1.25,2.25
2018.02.12 06:09:08.480,1.50633,1.5065,1.00,2.25
2018.02.12 06:09:08.583,1.50633,1.5065,1.00,2.25
2018.02.12 06:09:08.635,1.50633,1.5065,1.00,2.25
2018.02.12 06:09:10.018,1.50631,1.50649,1.31,1.75
2018.02.12 06:09:11.130,1.50631,1.50649,1.63,1.81
2018.02.12 06:09:11.437,1.50635,1.5065,1.13,1.12
2018.02.12 06:09:11.751,1.50641,1.50657,2.19,1.63
2018.02.12 06:09:12.057,1.50642,1.5066,1.81,1.31
2018.02.12 06:09:13.357,1.50641,1.5066,4.50,1.63
2018.02.12 06:09:13.667,1.50644,1.50661,2.44,1.50
2018.02.12 06:09:13.977,1.50647,1.50663,2.00,1.13
2018.02.12 06:09:14.790,1.50645,1.50663,1.13,1.75
2018.02.12 06:09:15.379,1.50646,1.50664,1.31,1.56
2018.02.12 06:09:15.586,1.50646,1.50664,1.56,1.69
2018.02.12 06:09:15.691,1.50647,1.50665,1.69,1.69
2018.02.12 06:09:15.743,1.50648,1.50667,1.13,3.75
2018.02.12 06:09:15.795,1.50649,1.50667,2.25,1.50
2018.02.12 06:09:16.209,1.50652,1.50671,1.44,3.00
2018.02.12 06:09:16.362,1.50652,1.50671,2.06,3.94
2018.02.12 06:09:16.875,1.50653,1.5067,1.63,1.81
2018.02.12 06:09:17.682,1.50653,1.5067,1.13,1.81
2018.02.12 06:09:17.983,1.50648,1.50667,2.06,1.13
2018.02.12 06:09:18.499,1.50647,1.50665,1.94,1.38
2018.02.12 06:09:19.153,1.50649,1.50667,1.63,2.00
2018.02.12 06:09:19.669,1.50649,1.50667,1.56,1.81
2018.02.12 06:09:20.441,1.50649,1.50667,1.44,1.56
2018.02.12 06:09:21.153,1.50649,1.50668,2.19,2.44
2018.02.12 06:09:21.528,1.50651,1.50668,1.75,3.00
2018.02.12 06:09:22.171,1.50652,1.50668,1.31,1.31
2018.02.12 06:09:22.762,1.50652,1.50668,1.31,1.13
2018.02.12 06:09:23.368,1.50652,1.50668,1.31,1.25
2018.02.12 06:09:23.665,1.50654,1.50674,1.50,2.00
2018.02.12 06:09:24.931,1.50655,1.50672,2.19,1.31
2018.02.12 06:09:25.109,1.50655,1.50672,1.88,1.31
2018.02.12 06:09:25.458,1.50655,1.50672,1.88,1.63
2018.02.12 06:09:26.117,1.50655,1.50672,1.13,1.63
2018.02.12 06:09:26.625,1.50655,1.50672,1.88,1.63
2018.02.12 06:09:28.224,1.50655,1.50672,1.75,2.06
2018.02.12 06:09:28.540,1.50655,1.50672,1.88,2.06
2018.02.12 06:09:29.750,1.50655,1.50672,1.75,2.06
2018.02.12 06:09:31.133,1.50655,1.50672,2.06,1.63
2018.02.12 06:09:31.184,1.50655,1.50672,1.88,1.25
2018.02.12 06:09:31.964,1.50655,1.50671,2.25,1.00
2018.02.12 06:09:32.823,1.50655,1.50671,2.25,1.00
2018.02.12 06:09:32.927,1.50657,1.50672,1.38,1.38
2018.02.12 06:09:34.640,1.50655,1.50671,1.50,1.00
2018.02.12 06:09:34.975,1.50655,1.5067,1.81,1.38
2018.02.12 06:09:35.484,1.50655,1.5067,1.69,1.13
2018.02.12 06:09:36.181,1.50655,1.5067,1.94,1.00
2018.02.12 06:09:36.692,1.50655,1.50672,1.69,1.38
2018.02.12 06:09:37.238,1.50655,1.50671,1.69,1.88
2018.02.12 06:09:37.867,1.50655,1.50671,1.69,1.88
2018.02.12 06:09:38.573,1.50655,1.50671,1.31,1.50
2018.02.12 06:09:39.585,1.50655,1.50671,2.06,1.44
2018.02.12 06:09:40.148,1.50655,1.50671,2.44,1.25
2018.02.12 06:09:40.759,1.50655,1.50671,2.63,1.00
2018.02.12 06:09:41.818,1.50655,1.50672,1.88,1.13
2018.02.12 06:09:43.314,1.50655,1.50671,1.75,1.00
2018.02.12 06:09:44.204,1.50656,1.50672,1.13,1.25
2018.02.12 06:09:44.707,1.50656,1.50676,1.50,3.00
2018.02.12 06:09:45.246,1.50657,1.50673,1.50,1.00
2018.02.12 06:09:45.802,1.50658,1.50675,1.13,1.63
2018.02.12 06:09:45.906,1.50659,1.50675,1.00,1.38
2018.02.12 06:09:45.959,1.50655,1.50673,1.88,1.56
2018.02.12 06:09:46.327,1.5065,1.50666,2.63,1.63
2018.02.12 06:09:46.635,1.50649,1.50667,1.88,3.00
2018.02.12 06:09:47.261,1.50649,1.50666,1.50,1.75
2018.02.12 06:09:47.782,1.50648,1.50666,1.25,1.69
2018.02.12 06:09:47.988,1.50647,1.50665,1.13,1.81
2018.02.12 06:09:48.780,1.50647,1.50664,1.19,1.13
2018.02.12 06:09:49.141,1.50644,1.50662,2.25,1.56
2018.02.12 06:09:49.682,1.50646,1.50662,1.38,1.81
2018.02.12 06:09:50.206,1.50645,1.50663,2.06,1.56
2018.02.12 06:09:50.450,1.50645,1.50663,2.19,1.62
2018.02.12 06:09:51.723,1.50647,1.50663,1.19,1.62
2018.02.12 06:09:52.386,1.50645,1.50663,2.25,1.62
2018.02.12 06:09:52.439,1.50645,1.5066,1.69,1.62
2018.02.12 06:09:52.744,1.50643,1.5066,1.88,1.13
2018.02.12 06:09:53.105,1.50643,1.5066,1.00,1.56
2018.02.12 06:09:53.649,1.50643,1.5066,1.19,1.31
2018.02.12 06:09:54.160,1.50643,1.5066,1.19,1.31
2018.02.12 06:09:54.211,1.50643,1.5066,1.00,1.56
2018.02.12 06:09:54.313,1.50641,1.5066,3.00,1.69
2018.02.12 06:09:54.827,1.50641,1.50661,2.06,4.31
2018.02.12 06:09:54.930,1.50642,1.5066,1.56,1.69
2018.02.12 06:09:55.033,1.50641,1.50661,2.06,4.31
2018.02.12 06:09:55.188,1.50642,1.5066,1.56,1.69
2018.02.12 06:09:55.240,1.50641,1.50661,2.06,4.31
2018.02.12 06:09:55.445,1.50642,1.5066,1.56,1.69
2018.02.12 06:09:55.949,1.50642,1.5066,1.56,1.69
2018.02.12 06:09:56.458,1.50641,1.50661,4.31,5.81
2018.02.12 06:09:56.966,1.50642,1.50661,1.50,3.75
2018.02.12 06:09:57.493,1.50642,1.50661,2.19,3.75
2018.02.12 06:09:58.337,1.50643,1.50661,1.25,2.06
2018.02.12 06:09:58.886,1.50643,1.50661,1.25,1.56
2018.02.12 06:09:59.436,1.50643,1.50661,1.19,1.56
2018.02.12 06:09:59.989,1.50644,1.50661,1.69,1.50
2018.02.12 06:10:00.354,1.50643,1.50659,1.31,1.31
2018.02.12 06:10:00.406,1.50642,1.50659,1.19,1.25
2018.02.12 06:10:00.562,1.50642,1.50659,1.63,1.63
2018.02.12 06:10:01.096,1.50642,1.50658,1.00,2.06
2018.02.12 06:10:01.305,1.5064,1.50657,2.25,1.44
2018.02.12 06:10:01.511,1.5064,1.50657,1.69,1.81
2018.02.12 06:10:02.199,1.5064,1.50657,1.19,1.37
2018.02.12 06:10:02.771,1.5064,1.50657,3.19,1.56
2018.02.12 06:10:03.339,1.5064,1.50657,3.19,1.63
2018.02.12 06:10:04.006,1.50642,1.5066,1.13,2.00
2018.02.12 06:10:04.536,1.50642,1.5066,1.13,2.44
2018.02.12 06:10:05.065,1.50641,1.50658,3.56,1.38
2018.02.12 06:10:05.368,1.50642,1.50658,1.44,1.63
2018.02.12 06:10:05.538,1.50641,1.5066,2.81,2.25
2018.02.12 06:10:05.611,1.50642,1.5066,1.44,2.25
2018.02.12 06:10:06.138,1.50641,1.5066,2.81,2.25
2018.02.12 06:10:08.339,1.50642,1.50657,1.81,1.38
2018.02.12 06:10:08.640,1.50641,1.50662,2.44,6.56
2018.02.12 06:10:09.161,1.50642,1.50661,1.13,3.19
2018.02.12 06:10:09.708,1.50641,1.50661,3.38,2.25
2018.02.12 06:10:10.403,1.50643,1.50662,1.25,5.44
2018.02.12 06:10:10.980,1.50642,1.50662,2.00,6.19
2018.02.12 06:10:11.502,1.50642,1.5066,1.81,1.56
2018.02.12 06:10:12.088,1.50643,1.50662,1.69,6.19
2018.02.12 06:10:12.597,1.50642,1.50661,2.44,3.00
2018.02.12 06:10:13.143,1.50643,1.50661,1.69,3.00
2018.02.12 06:10:13.691,1.50643,1.50661,1.69,3.00
2018.02.12 06:10:14.249,1.50642,1.50661,2.44,3.00
2018.02.12 06:10:14.797,1.50643,1.5066,1.50,1.13
2018.02.12 06:10:15.341,1.50643,1.5066,1.50,1.13
2018.02.12 06:10:15.716,1.50642,1.5066,2.25,1.13
2018.02.12 06:10:16.084,1.50643,1.5066,1.50,1.13
2018.02.12 06:10:16.290,1.50642,1.5066,1.88,1.13
2018.02.12 06:10:16.995,1.50642,1.5066,1.50,1.88
2018.02.12 06:10:17.098,1.50643,1.5066,1.13,2.63
2018.02.12 06:10:17.690,1.50642,1.5066,1.13,1.13
2018.02.12 06:10:18.208,1.50643,1.5066,1.13,1.13
2018.02.12 06:10:18.260,1.50642,1.5066,1.50,1.13
2018.02.12 06:10:18.312,1.50643,1.5066,1.50,1.88
2018.02.12 06:10:19.341,1.50643,1.5066,1.13,2.06
2018.02.12 06:10:19.884,1.50642,1.5066,1.50,1.94
2018.02.12 06:10:21.540,1.50643,1.5066,1.00,2.00
2018.02.12 06:10:22.193,1.50641,1.50661,3.19,3.94
2018.02.12 06:10:22.742,1.50643,1.5066,1.00,1.31
2018.02.12 06:10:23.676,1.50642,1.5066,1.00,2.81
2018.02.12 06:10:24.192,1.50642,1.5066,1.50,1.88
2018.02.12 06:10:24.716,1.50643,1.5066,1.00,1.88
2018.02.12 06:10:25.436,1.50642,1.5066,2.44,1.13
2018.02.12 06:10:26.296,1.50642,1.5066,1.50,1.69
2018.02.12 06:10:26.347,1.50642,1.5066,1.50,1.13
2018.02.12 06:10:26.519,1.50642,1.5066,1.69,1.13
2018.02.12 06:10:27.194,1.50643,1.5066,1.00,1.69
2018.02.12 06:10:27.737,1.50643,1.50659,1.19,1.63
2018.02.12 06:10:28.245,1.50643,1.50659,1.19,1.63
2018.02.12 06:10:28.748,1.50642,1.5066,2.25,1.13
2018.02.12 06:10:29.288,1.50642,1.5066,1.81,1.13
2018.02.12 06:10:29.824,1.50642,1.5066,2.25,1.13
2018.02.12 06:10:30.415,1.50642,1.5066,2.25,1.13
2018.02.12 06:10:32.399,1.50642,1.5066,2.25,2.63
2018.02.12 06:10:32.955,1.50642,1.5066,1.81,3.00
2018.02.12 06:10:33.525,1.50642,1.5066,2.25,2.25
2018.02.12 06:10:33.863,1.50642,1.50659,2.25,1.81
2018.02.12 06:10:33.914,1.50643,1.50659,1.19,1.81
2018.02.12 06:10:34.224,1.50642,1.5066,2.00,2.06
2018.02.12 06:10:35.455,1.50645,1.50659,1.00,1.63
2018.02.12 06:10:36.696,1.50642,1.50659,2.44,1.50
2018.02.12 06:10:36.900,1.50642,1.50659,1.13,2.81
2018.02.12 06:10:36.951,1.50642,1.50658,1.38,1.69
2018.02.12 06:10:37.003,1.50642,1.50658,1.38,1.13
2018.02.12 06:10:37.283,1.50642,1.50657,1.25,1.13
2018.02.12 06:10:37.801,1.50639,1.50657,1.31,3.56
2018.02.12 06:10:37.853,1.50639,1.50655,1.88,2.19
2018.02.12 06:10:38.360,1.50638,1.50655,2.44,1.94
2018.02.12 06:10:38.882,1.50639,1.50656,1.31,2.63
2018.02.12 06:10:39.036,1.50638,1.50656,2.44,2.44
2018.02.12 06:10:39.088,1.50639,1.50656,1.31,3.19
2018.02.12 06:10:39.758,1.50638,1.50656,2.06,2.44
2018.02.12 06:10:40.728,1.5064,1.50656,1.13,1.00
2018.02.12 06:10:40.832,1.50644,1.5066,1.63,1.69
2018.02.12 06:10:40.936,1.50643,1.5066,2.19,1.13
2018.02.12 06:10:41.040,1.50644,1.5066,1.31,1.13
2018.02.12 06:10:41.092,1.50644,1.5066,1.44,1.44
2018.02.12 06:10:41.691,1.50644,1.5066,1.56,1.44
2018.02.12 06:10:42.285,1.50643,1.5066,1.13,1.38
2018.02.12 06:10:42.808,1.50645,1.5066,1.50,1.63
2018.02.12 06:10:42.860,1.50645,1.50662,1.00,3.37
2018.02.12 06:10:43.166,1.50643,1.5066,2.06,1.50
2018.02.12 06:10:43.761,1.50642,1.5066,3.38,1.56
2018.02.12 06:10:44.088,1.50643,1.5066,1.88,2.44
2018.02.12 06:10:44.139,1.50642,1.5066,4.13,2.06
2018.02.12 06:10:44.643,1.50643,1.5066,1.88,2.44
2018.02.12 06:10:45.988,1.50642,1.5066,4.13,1.56
2018.02.12 06:10:46.380,1.50643,1.5066,1.69,1.19
2018.02.12 06:10:47.038,1.50643,1.5066,1.81,1.50
2018.02.12 06:10:47.774,1.50642,1.5066,4.13,1.63
2018.02.12 06:10:48.416,1.50642,1.5066,3.38,1.50
2018.02.12 06:10:48.939,1.50647,1.5066,1.00,2.25
2018.02.12 06:10:49.489,1.50647,1.50659,1.00,1.00
2018.02.12 06:10:50.437,1.50647,1.5066,1.00,1.25
2018.02.12 06:10:50.956,1.50647,1.5066,1.00,1.50
2018.02.12 06:10:52.002,1.50642,1.50661,2.25,3.00
2018.02.12 06:10:52.542,1.50642,1.5066,2.63,1.56
2018.02.12 06:10:54.539,1.50642,1.50658,2.25,1.00
2018.02.12 06:10:55.089,1.50642,1.5066,2.44,1.62
2018.02.12 06:10:55.590,1.50642,1.5066,2.44,1.56
2018.02.12 06:10:56.214,1.50642,1.5066,2.25,1.37
2018.02.12 06:10:56.751,1.50642,1.5066,1.69,1.56
2018.02.12 06:10:57.440,1.50642,1.5066,2.25,1.37
2018.02.12 06:10:57.956,1.50642,1.5066,2.25,1.37
2018.02.12 06:10:58.488,1.50642,1.5066,2.25,1.68
2018.02.12 06:10:58.696,1.50642,1.5066,1.69,1.31
2018.02.12 06:10:58.748,1.50642,1.5066,1.50,1.24
2018.02.12 06:10:59.278,1.50642,1.5066,1.69,1.31
2018.02.12 06:10:59.800,1.50642,1.5066,2.44,1.31
2018.02.12 06:11:00.337,1.50642,1.50661,2.00,1.31
2018.02.12 06:11:01.788,1.50642,1.5066,2.44,1.63
2018.02.12 06:11:02.397,1.50642,1.5066,1.69,1.63
2018.02.12 06:11:02.899,1.50642,1.5066,2.25,1.38
2018.02.12 06:11:03.517,1.50642,1.5066,2.44,1.63
2018.02.12 06:11:04.034,1.50642,1.50661,2.06,1.31
2018.02.12 06:11:04.557,1.50642,1.50661,1.88,2.44
2018.02.12 06:11:05.089,1.50642,1.50661,2.06,1.94
2018.02.12 06:11:05.500,1.50642,1.50661,1.88,2.00
2018.02.12 06:11:05.633,1.50642,1.50661,2.06,1.94
2018.02.12 06:11:06.180,1.50642,1.50661,2.06,1.94
2018.02.12 06:11:06.693,1.50642,1.50661,1.69,2.00
2018.02.12 06:11:07.546,1.50642,1.50661,2.81,1.31
2018.02.12 06:11:07.938,1.50642,1.5066,3.00,1.37
2018.02.12 06:11:08.469,1.50642,1.50659,3.00,1.25
2018.02.12 06:11:08.521,1.50642,1.5066,3.19,1.31
2018.02.12 06:11:09.085,1.50642,1.50661,1.88,2.00
2018.02.12 06:11:09.738,1.50642,1.50661,1.88,2.44
2018.02.12 06:11:10.551,1.50642,1.50661,2.63,2.44
2018.02.12 06:11:10.802,1.50645,1.50662,1.13,3.94
2018.02.12 06:11:11.213,1.50645,1.5066,1.13,1.38
2018.02.12 06:11:11.741,1.50642,1.5066,2.25,1.88
2018.02.12 06:11:12.521,1.50642,1.5066,2.25,2.06
2018.02.12 06:11:13.638,1.50642,1.5066,1.38,1.81
2018.02.12 06:11:13.991,1.50642,1.5066,2.25,1.69
2018.02.12 06:11:14.043,1.50642,1.5066,1.13,1.88
2018.02.12 06:11:14.562,1.50642,1.50659,2.25,1.81
2018.02.12 06:11:15.147,1.50642,1.5066,1.31,2.06
2018.02.12 06:11:15.567,1.50642,1.50657,1.00,1.56
2018.02.12 06:11:15.672,1.50636,1.50652,1.88,1.88
2018.02.12 06:11:15.777,1.50634,1.50652,2.06,3.00
2018.02.12 06:11:15.883,1.50633,1.5065,2.25,1.56
2018.02.12 06:11:16.039,1.50633,1.50649,1.56,1.50
2018.02.12 06:11:16.092,1.50633,1.5065,2.25,1.13
2018.02.12 06:11:16.144,1.50633,1.50649,2.06,1.38
2018.02.12 06:11:16.552,1.50633,1.50649,1.25,1.38
2018.02.12 06:11:17.082,1.50633,1.50649,1.63,1.31
2018.02.12 06:11:17.600,1.50633,1.50648,1.38,1.25
2018.02.12 06:11:17.704,1.50633,1.50649,1.63,1.31
2018.02.12 06:11:17.911,1.50629,1.50648,1.88,3.38
2018.02.12 06:11:17.963,1.50629,1.50647,2.06,1.38
2018.02.12 06:11:19.620,1.5063,1.50649,1.88,3.56
2018.02.12 06:11:20.927,1.50631,1.50648,1.63,2.81
2018.02.12 06:11:21.489,1.50631,1.50648,1.63,3.56
2018.02.12 06:11:22.303,1.5063,1.50648,2.44,2.06
2018.02.12 06:11:23.039,1.50631,1.50648,1.63,2.62
2018.02.12 06:11:23.606,1.50631,1.50648,1.63,3.75
2018.02.12 06:11:23.968,1.50629,1.50648,1.94,3.94
2018.02.12 06:11:24.573,1.50629,1.50647,1.94,1.69
2018.02.12 06:11:25.074,1.50628,1.50648,3.38,2.25
2018.02.12 06:11:25.579,1.50629,1.50647,1.94,1.69
2018.02.12 06:11:26.136,1.50629,1.50648,1.94,2.44
2018.02.12 06:11:26.562,1.50631,1.50647,1.13,1.31
2018.02.12 06:11:26.914,1.50629,1.50648,1.31,1.50
2018.02.12 06:11:27.449,1.50629,1.50647,1.31,1.50
2018.02.12 06:11:27.958,1.50632,1.50649,1.75,1.94
2018.02.12 06:11:28.011,1.50632,1.50648,1.38,2.44
2018.02.12 06:11:28.220,1.5063,1.50647,1.31,1.13
2018.02.12 06:11:28.734,1.5063,1.50649,1.13,1.69
2018.02.12 06:11:29.404,1.50631,1.5065,1.13,3.56
2018.02.12 06:11:29.507,1.5063,1.50649,1.94,1.50
2018.02.12 06:11:29.713,1.50631,1.5065,2.44,3.37
2018.02.12 06:11:30.248,1.50631,1.5065,2.63,3.56
2018.02.12 06:11:30.785,1.50631,1.5065,1.13,2.81
2018.02.12 06:11:31.456,1.50631,1.5065,2.63,1.56
2018.02.12 06:11:32.055,1.50631,1.5065,2.19,1.50
2018.02.12 06:11:32.589,1.50631,1.5065,2.63,1.31
2018.02.12 06:11:32.922,1.50632,1.5065,1.69,1.75
2018.02.12 06:11:33.424,1.50633,1.50651,1.13,1.75
2018.02.12 06:11:33.967,1.50633,1.50651,2.25,2.06
2018.02.12 06:11:34.938,1.50633,1.50651,2.19,1.50
2018.02.12 06:11:35.851,1.50633,1.50652,1.13,3.00
2018.02.12 06:11:36.471,1.50633,1.50651,1.81,1.50
2018.02.12 06:11:37.007,1.50633,1.50652,1.13,3.00
2018.02.12 06:11:37.615,1.50633,1.50652,1.13,3.19
2018.02.12 06:11:37.924,1.50634,1.50652,1.81,2.25
2018.02.12 06:11:38.080,1.50634,1.5065,2.00,1.19
2018.02.12 06:11:38.489,1.50636,1.50654,1.88,1.75
2018.02.12 06:11:38.595,1.50638,1.50655,1.56,1.69
2018.02.12 06:11:38.802,1.50637,1.50655,2.06,2.81
2018.02.12 06:11:38.906,1.50637,1.50655,2.06,2.63
2018.02.12 06:11:39.453,1.50637,1.50655,1.56,2.06
2018.02.12 06:11:39.981,1.50637,1.50655,1.69,2.25
2018.02.12 06:11:40.136,1.50637,1.50655,1.69,2.25
2018.02.12 06:11:40.239,1.50637,1.50655,1.69,2.06
2018.02.12 06:11:40.732,1.50637,1.50655,2.00,1.88
2018.02.12 06:11:41.311,1.50637,1.50655,2.44,1.69
2018.02.12 06:11:41.840,1.50637,1.50655,1.69,1.50
2018.02.12 06:11:42.101,1.50637,1.50655,1.69,1.69
2018.02.12 06:11:42.997,1.50637,1.50655,2.44,1.50
2018.02.12 06:11:43.563,1.50637,1.50655,2.25,2.06
2018.02.12 06:11:44.225,1.50637,1.50655,2.06,1.88
2018.02.12 06:11:44.908,1.50637,1.50655,2.81,2.06
2018.02.12 06:11:45.065,1.50641,1.50659,2.44,1.13
2018.02.12 06:11:45.118,1.5064,1.50658,1.13,1.37
2018.02.12 06:11:45.170,1.50642,1.5066,1.63,1.50
2018.02.12 06:11:45.223,1.50642,1.5066,1.62,1.12
2018.02.12 06:11:45.276,1.50642,1.5066,2.44,1.12
2018.02.12 06:11:45.814,1.50645,1.5066,1.00,1.31
2018.02.12 06:11:46.539,1.50642,1.5066,2.63,1.31
2018.02.12 06:11:46.861,1.50642,1.5066,2.63,1.63
2018.02.12 06:11:46.913,1.50644,1.50661,1.56,1.50
2018.02.12 06:11:47.005,1.50647,1.50661,1.63,1.00
2018.02.12 06:11:47.057,1.50647,1.50664,2.62,1.31
2018.02.12 06:11:47.217,1.50648,1.50664,1.94,1.94
2018.02.12 06:11:47.270,1.50651,1.50664,1.13,1.00
2018.02.12 06:11:47.323,1.50657,1.50668,1.62,1.56
2018.02.12 06:11:47.376,1.50657,1.50672,1.88,1.38
2018.02.12 06:11:47.480,1.5066,1.50674,1.44,1.00
2018.02.12 06:11:47.533,1.50659,1.50675,1.25,1.44
2018.02.12 06:11:47.636,1.50659,1.50675,1.13,1.19
2018.02.12 06:11:48.153,1.50659,1.50676,2.06,1.13
2018.02.12 06:11:48.689,1.50659,1.50676,2.06,1.38
2018.02.12 06:11:49.047,1.50659,1.50679,2.44,3.37
2018.02.12 06:11:49.557,1.50661,1.50677,1.69,1.19
2018.02.12 06:11:50.272,1.50662,1.50679,1.50,1.13
2018.02.12 06:11:50.774,1.50659,1.50679,1.81,1.31
2018.02.12 06:11:50.880,1.50659,1.50678,2.06,2.06
2018.02.12 06:11:50.984,1.50659,1.50677,1.69,1.13
2018.02.12 06:11:51.491,1.50659,1.50679,1.38,2.63
2018.02.12 06:11:52.040,1.50659,1.50679,1.38,5.44
2018.02.12 06:11:52.544,1.5066,1.50678,1.50,1.94
2018.02.12 06:11:52.840,1.50659,1.50679,3.38,3.19
2018.02.12 06:11:53.149,1.5066,1.50678,1.50,1.94
2018.02.12 06:11:53.201,1.50659,1.50679,4.13,5.63
2018.02.12 06:11:53.304,1.5066,1.50676,1.69,1.13
2018.02.12 06:11:53.356,1.5066,1.50678,1.69,1.94
2018.02.12 06:11:53.510,1.5066,1.50678,1.75,1.94
2018.02.12 06:11:54.024,1.50659,1.50679,2.25,3.00
2018.02.12 06:11:54.178,1.50661,1.50678,1.00,1.94
2018.02.12 06:11:54.694,1.5066,1.50679,1.00,3.75
2018.02.12 06:11:55.017,1.50659,1.50679,3.19,5.44
2018.02.12 06:11:55.543,1.50661,1.50678,1.00,1.94
2018.02.12 06:11:55.700,1.50659,1.50676,1.50,1.13
2018.02.12 06:11:55.753,1.50658,1.50676,1.88,1.13
2018.02.12 06:11:56.064,1.50656,1.50671,1.31,1.56
2018.02.12 06:11:56.586,1.50657,1.50671,1.31,1.56
2018.02.12 06:11:56.992,1.50657,1.50671,1.31,1.75
2018.02.12 06:11:57.096,1.50657,1.50671,1.31,2.06
2018.02.12 06:11:57.763,1.50657,1.50671,1.31,2.06
2018.02.12 06:11:58.309,1.50657,1.50673,1.31,1.94
2018.02.12 06:11:58.362,1.50657,1.50669,1.13,1.12
2018.02.12 06:11:58.637,1.50656,1.5067,2.44,2.25
2018.02.12 06:11:58.925,1.50656,1.5067,2.44,2.25
2018.02.12 06:11:59.237,1.50656,1.50669,3.19,1.56
2018.02.12 06:11:59.288,1.50656,1.5067,3.19,1.69
2018.02.12 06:11:59.846,1.50657,1.50671,1.69,1.31
2018.02.12 06:11:59.898,1.50657,1.50673,1.19,2.25
2018.02.12 06:12:00.332,1.50656,1.50674,2.06,2.44
2018.02.12 06:12:00.681,1.50656,1.5067,2.25,1.87
2018.02.12 06:12:01.201,1.50655,1.50665,1.31,1.12
2018.02.12 06:12:01.253,1.50652,1.50664,1.37,1.56
2018.02.12 06:12:01.789,1.50651,1.50664,1.75,1.12
2018.02.12 06:12:02.521,1.50649,1.50664,2.25,1.12
2018.02.12 06:12:02.786,1.50649,1.50661,2.25,1.12
2018.02.12 06:12:02.841,1.50648,1.50661,3.94,1.12
2018.02.12 06:12:03.375,1.50648,1.50661,1.81,1.12
2018.02.12 06:12:04.332,1.50647,1.50661,2.25,1.56
2018.02.12 06:12:04.891,1.50647,1.5066,2.25,1.56
2018.02.12 06:12:05.413,1.50647,1.50661,2.44,2.25
2018.02.12 06:12:05.768,1.50649,1.50666,1.13,4.50
2018.02.12 06:12:05.821,1.50648,1.50661,2.81,1.12
2018.02.12 06:12:05.873,1.50648,1.50661,1.13,1.12
2018.02.12 06:12:06.286,1.50649,1.50663,1.75,1.12
2018.02.12 06:12:06.522,1.50649,1.50663,2.06,1.12
2018.02.12 06:12:06.789,1.50649,1.50663,1.75,1.12
2018.02.12 06:12:07.289,1.50649,1.50666,1.50,2.63
2018.02.12 06:12:07.393,1.50649,1.50666,1.81,2.63
2018.02.12 06:12:07.943,1.50649,1.50666,1.81,2.44
2018.02.12 06:12:08.250,1.50649,1.50663,1.50,1.56
2018.02.12 06:12:08.354,1.50649,1.50663,1.63,1.75
2018.02.12 06:12:08.921,1.50649,1.50662,1.81,1.12
2018.02.12 06:12:09.673,1.50647,1.50662,2.06,1.12
2018.02.12 06:12:10.196,1.50647,1.50663,1.94,1.81
2018.02.12 06:12:10.705,1.50647,1.50663,2.00,1.12
2018.02.12 06:12:10.895,1.50647,1.50664,2.81,1.12
2018.02.12 06:12:11.252,1.50649,1.50666,1.13,2.25
2018.02.12 06:12:11.465,1.50648,1.50666,2.63,1.31
2018.02.12 06:12:11.725,1.50651,1.50666,1.13,2.25
2018.02.12 06:12:12.035,1.50649,1.50666,1.13,1.88
2018.02.12 06:12:12.138,1.50651,1.50666,1.13,2.44
2018.02.12 06:12:12.647,1.5065,1.50666,1.13,1.75
2018.02.12 06:12:12.953,1.50649,1.50663,1.13,1.12
2018.02.12 06:12:14.100,1.5065,1.50663,1.13,1.12
2018.02.12 06:12:14.643,1.50649,1.50663,1.69,1.12
2018.02.12 06:12:15.286,1.50648,1.50663,2.19,1.12
2018.02.12 06:12:16.040,1.50648,1.50663,2.25,1.12
2018.02.12 06:12:16.584,1.50648,1.50664,1.69,1.12
2018.02.12 06:12:17.635,1.50648,1.50664,1.94,1.56
2018.02.12 06:12:18.765,1.50648,1.50664,1.94,1.56
2018.02.12 06:12:19.523,1.50648,1.50664,1.94,1.56
2018.02.12 06:12:20.070,1.50648,1.50664,1.69,1.12
2018.02.12 06:12:20.775,1.50648,1.50664,1.69,1.12
2018.02.12 06:12:21.300,1.50648,1.50663,1.69,1.12
2018.02.12 06:12:21.806,1.50648,1.50663,1.69,1.12
2018.02.12 06:12:22.289,1.50647,1.5066,1.62,1.12
2018.02.12 06:12:22.606,1.50644,1.50657,4.69,1.12
2018.02.12 06:12:22.975,1.50644,1.50657,1.69,1.12
2018.02.12 06:12:23.183,1.50644,1.50657,1.69,1.12
2018.02.12 06:12:23.444,1.50643,1.50655,1.19,1.50
2018.02.12 06:12:23.969,1.50641,1.50655,3.00,1.75
2018.02.12 06:12:24.653,1.50641,1.50654,1.63,1.75
2018.02.12 06:12:24.808,1.50641,1.50654,1.31,1.75
2018.02.12 06:12:25.336,1.50637,1.50654,2.19,1.94
2018.02.12 06:12:25.673,1.50638,1.50652,1.00,1.19
2018.02.12 06:12:25.727,1.50637,1.50654,2.19,1.94
2018.02.12 06:12:26.659,1.50637,1.50655,3.19,3.19
2018.02.12 06:12:26.711,1.50637,1.50653,3.19,1.87
2018.02.12 06:12:26.762,1.50641,1.50653,1.00,1.25
2018.02.12 06:12:26.814,1.50637,1.50651,2.44,1.12
2018.02.12 06:12:26.869,1.50639,1.50653,1.13,1.87
2018.02.12 06:12:27.488,1.50639,1.50653,1.13,1.12
2018.02.12 06:12:28.004,1.50638,1.50653,2.63,1.12
2018.02.12 06:12:28.235,1.50639,1.50653,1.31,1.12
2018.02.12 06:12:28.635,1.50639,1.50652,2.00,1.12
2018.02.12 06:12:29.138,1.50639,1.50652,1.13,1.12
2018.02.12 06:12:29.643,1.50638,1.50652,2.19,1.12
2018.02.12 06:12:30.185,1.50639,1.50652,1.31,1.12
2018.02.12 06:12:30.941,1.50638,1.50652,2.81,1.12
2018.02.12 06:12:31.313,1.50638,1.50652,2.81,1.12
2018.02.12 06:12:31.593,1.50638,1.50652,2.63,1.12
2018.02.12 06:12:31.645,1.50639,1.50652,1.31,1.12
2018.02.12 06:12:32.149,1.5064,1.50652,1.31,1.12
2018.02.12 06:12:32.251,1.50638,1.50652,1.81,1.12
2018.02.12 06:12:32.785,1.50639,1.50657,1.38,2.00
2018.02.12 06:12:32.837,1.50641,1.50658,1.94,2.00
2018.02.12 06:12:33.144,1.50642,1.50658,1.50,1.12
2018.02.12 06:12:33.490,1.50643,1.50657,1.81,1.56
2018.02.12 06:12:33.852,1.50643,1.50657,1.63,1.75
2018.02.12 06:12:33.904,1.50643,1.50657,1.37,1.12
2018.02.12 06:12:34.445,1.5064,1.50656,2.63,1.75
2018.02.12 06:12:35.234,1.5064,1.50656,2.00,1.56
2018.02.12 06:12:35.874,1.5064,1.50657,1.37,1.13
2018.02.12 06:12:36.392,1.5064,1.50655,2.00,1.56
2018.02.12 06:12:36.947,1.5064,1.50655,1.88,1.56
2018.02.12 06:12:37.101,1.5064,1.50655,1.69,1.56
2018.02.12 06:12:37.431,1.5064,1.50655,1.88,1.56
2018.02.12 06:12:37.863,1.5064,1.50655,1.88,1.75
2018.02.12 06:12:38.688,1.5064,1.50655,1.88,1.75
2018.02.12 06:12:39.876,1.5064,1.50656,1.69,1.94
2018.02.12 06:12:40.081,1.5064,1.50657,1.69,2.19
2018.02.12 06:12:40.285,1.5064,1.50656,1.88,1.13
2018.02.12 06:12:40.688,1.5064,1.50657,1.50,2.06
2018.02.12 06:12:40.791,1.5064,1.50656,1.88,1.13
2018.02.12 06:12:41.302,1.5064,1.50655,1.69,1.75
2018.02.12 06:12:41.713,1.5064,1.50655,1.50,1.50
2018.02.12 06:12:41.765,1.5064,1.50655,1.50,1.50
2018.02.12 06:12:41.817,1.5064,1.50655,1.88,1.50
2018.02.12 06:12:41.869,1.50641,1.50655,1.00,1.50
2018.02.12 06:12:42.023,1.5064,1.50654,1.81,1.50
2018.02.12 06:12:42.356,1.5064,1.50657,1.50,3.00
2018.02.12 06:12:42.408,1.5064,1.50656,1.75,2.63
2018.02.12 06:12:42.933,1.50639,1.50656,1.13,1.94
2018.02.12 06:12:43.292,1.50642,1.50657,1.75,1.38
2018.02.12 06:12:43.344,1.50642,1.50657,1.37,2.19
2018.02.12 06:12:43.605,1.50638,1.50655,1.94,2.19
2018.02.12 06:12:43.873,1.50638,1.50652,1.69,1.56
2018.02.12 06:12:44.394,1.50638,1.50652,1.50,2.25
2018.02.12 06:12:44.793,1.50637,1.5065,1.94,1.12
2018.02.12 06:12:45.114,1.50642,1.50654,1.00,2.00
2018.02.12 06:12:45.218,1.50642,1.50658,1.69,3.00
2018.02.12 06:12:45.323,1.50642,1.50656,1.75,1.87
2018.02.12 06:12:45.581,1.50642,1.50657,2.06,1.81
2018.02.12 06:12:45.793,1.50643,1.50657,2.19,1.12
2018.02.12 06:12:46.309,1.50644,1.50657,1.69,1.81
2018.02.12 06:12:46.629,1.50644,1.50658,1.69,1.19
2018.02.12 06:12:46.846,1.50644,1.50659,2.06,1.50
2018.02.12 06:12:46.898,1.50643,1.50659,2.81,1.50
2018.02.12 06:12:47.104,1.50643,1.50655,1.50,1.81
2018.02.12 06:12:47.672,1.50641,1.50655,2.06,1.12
2018.02.12 06:12:50.963,1.50641,1.50655,1.94,1.12
2018.02.12 06:12:51.377,1.50641,1.50653,2.25,1.12
2018.02.12 06:12:51.429,1.50641,1.50654,2.63,1.87
2018.02.12 06:12:51.533,1.50644,1.50656,1.62,1.00
2018.02.12 06:12:51.586,1.50645,1.5066,3.19,1.25
2018.02.12 06:12:51.916,1.50648,1.5066,1.00,1.56
2018.02.12 06:12:51.968,1.50645,1.50653,1.00,1.12
2018.02.12 06:12:52.071,1.50636,1.50651,2.25,1.56
2018.02.12 06:12:52.123,1.50636,1.50647,1.25,1.56
2018.02.12 06:12:52.329,1.50627,1.50644,1.37,1.56
2018.02.12 06:12:52.381,1.50626,1.50644,2.63,1.81
2018.02.12 06:12:52.433,1.50626,1.50644,2.19,2.44
2018.02.12 06:12:52.484,1.50626,1.50643,1.50,1.12
2018.02.12 06:12:52.628,1.50628,1.50642,1.00,1.56
2018.02.12 06:12:53.153,1.50626,1.50641,1.00,1.81
2018.02.12 06:12:53.670,1.50624,1.50639,1.56,1.56
2018.02.12 06:12:54.148,1.50625,1.50639,1.19,1.56
2018.02.12 06:12:54.371,1.50623,1.5064,2.63,1.56
2018.02.12 06:12:54.887,1.50625,1.5064,1.13,1.25
2018.02.12 06:12:55.354,1.50624,1.50641,1.13,1.56
2018.02.12 06:12:55.511,1.50624,1.50642,2.19,3.38
2018.02.12 06:12:56.016,1.50624,1.50641,1.88,2.06
2018.02.12 06:12:56.279,1.50624,1.50641,3.38,2.25
2018.02.12 06:12:56.677,1.50624,1.5064,2.19,2.06
2018.02.12 06:12:57.189,1.50624,1.5064,1.13,2.13
2018.02.12 06:12:57.241,1.50624,1.50642,1.13,2.13
2018.02.12 06:12:58.047,1.50626,1.50642,1.75,1.81
2018.02.12 06:12:58.150,1.50626,1.50642,1.00,1.63
2018.02.12 06:12:58.253,1.50626,1.50642,1.37,3.19
2018.02.12 06:12:58.407,1.50626,1.50642,1.37,2.63
2018.02.12 06:12:58.924,1.50626,1.5064,1.50,1.19
2018.02.12 06:12:59.637,1.50625,1.50642,1.69,2.00
2018.02.12 06:13:00.212,1.50626,1.50643,1.88,1.31
2018.02.12 06:13:00.367,1.50627,1.50644,1.00,1.75
2018.02.12 06:13:00.470,1.50627,1.50643,1.19,1.13
2018.02.12 06:13:00.941,1.50627,1.50644,1.13,3.75
2018.02.12 06:13:01.418,1.50626,1.50644,1.13,3.38
2018.02.12 06:13:01.983,1.50628,1.50644,1.00,3.75
2018.02.12 06:13:02.570,1.50627,1.50644,1.13,3.75
2018.02.12 06:13:03.112,1.50626,1.50644,1.94,3.75
2018.02.12 06:13:05.153,1.50626,1.50643,1.88,1.88
2018.02.12 06:13:05.205,1.50627,1.50641,1.00,1.19
2018.02.12 06:13:06.437,1.50627,1.50643,1.19,1.13
2018.02.12 06:13:06.976,1.50627,1.50644,1.00,2.25
2018.02.12 06:13:07.594,1.50627,1.50643,1.19,1.13
2018.02.12 06:13:08.253,1.50627,1.50644,1.00,1.75
2018.02.12 06:13:08.305,1.50626,1.50643,2.00,1.13
2018.02.12 06:13:10.588,1.50626,1.50644,1.13,2.06
2018.02.12 06:13:11.585,1.50627,1.50644,1.13,2.19
2018.02.12 06:13:11.719,1.50628,1.50644,1.00,2.00
2018.02.12 06:13:12.289,1.50627,1.50644,1.00,2.25
2018.02.12 06:13:12.701,1.50626,1.50644,2.00,1.12
2018.02.12 06:13:13.014,1.50632,1.50652,2.25,1.75
2018.02.12 06:13:13.362,1.50632,1.5065,3.19,1.56
2018.02.12 06:13:13.968,1.50632,1.50649,3.94,1.56
2018.02.12 06:13:16.043,1.50633,1.5065,3.19,2.06
2018.02.12 06:13:18.615,1.50633,1.5065,1.81,1.81
2018.02.12 06:13:19.040,1.50634,1.50648,2.44,1.56
2018.02.12 06:13:19.093,1.50637,1.50649,2.06,1.00
2018.02.12 06:13:19.454,1.50639,1.50654,1.00,1.88
2018.02.12 06:13:20.026,1.5064,1.50656,1.00,1.12
2018.02.12 06:13:20.306,1.50639,1.50655,1.75,1.12
2018.02.12 06:13:20.419,1.5064,1.50656,1.00,1.13
2018.02.12 06:13:20.574,1.50639,1.50654,1.94,1.38
2018.02.12 06:13:20.917,1.50639,1.50654,2.00,1.56
2018.02.12 06:13:21.336,1.50639,1.50654,1.13,1.81
2018.02.12 06:13:21.388,1.50639,1.50654,1.38,1.94
2018.02.12 06:13:21.492,1.50639,1.50654,1.38,1.38
2018.02.12 06:13:21.647,1.50639,1.50656,1.88,1.13
2018.02.12 06:13:22.076,1.50639,1.50655,1.81,1.13
2018.02.12 06:13:22.128,1.50639,1.50656,1.38,1.13
2018.02.12 06:13:22.180,1.50639,1.50655,1.88,1.13
2018.02.12 06:13:22.284,1.50639,1.50655,1.88,1.13
2018.02.12 06:13:22.429,1.5064,1.50656,1.00,1.13
2018.02.12 06:13:22.634,1.5064,1.50658,3.38,2.25
2018.02.12 06:13:22.790,1.50643,1.50657,1.00,1.31
2018.02.12 06:13:23.049,1.50641,1.50657,2.00,1.75
2018.02.12 06:13:23.329,1.50641,1.50658,1.13,1.69
2018.02.12 06:13:23.434,1.50643,1.50658,1.50,2.19
2018.02.12 06:13:23.746,1.50641,1.50655,1.50,1.13
2018.02.12 06:13:24.312,1.50641,1.50655,1.00,1.13
2018.02.12 06:13:24.822,1.50639,1.50655,3.00,1.13
2018.02.12 06:13:25.373,1.50639,1.50655,2.06,1.38
2018.02.12 06:13:26.069,1.5064,1.50658,1.19,1.31
2018.02.12 06:13:26.542,1.50639,1.50656,3.38,2.25
2018.02.12 06:13:26.852,1.5064,1.50658,2.06,1.56
2018.02.12 06:13:27.110,1.5064,1.50658,1.63,1.12
2018.02.12 06:13:27.198,1.5064,1.50658,1.31,1.13
2018.02.12 06:13:27.249,1.50641,1.50658,1.31,1.50
2018.02.12 06:13:27.301,1.5064,1.50658,3.38,1.13
2018.02.12 06:13:27.352,1.5064,1.50658,2.25,1.12
2018.02.12 06:13:27.861,1.50641,1.50657,1.31,1.13
2018.02.12 06:13:28.410,1.5064,1.50659,1.69,2.06
2018.02.12 06:13:28.462,1.50641,1.50658,1.44,1.31
2018.02.12 06:13:28.933,1.5064,1.50659,1.50,2.81
2018.02.12 06:13:29.448,1.5064,1.50659,2.06,1.94
2018.02.12 06:13:29.966,1.5064,1.50659,1.69,2.44
2018.02.12 06:13:30.369,1.50642,1.50657,1.00,1.13
2018.02.12 06:13:30.883,1.50641,1.50659,1.50,2.44
2018.02.12 06:13:31.212,1.50641,1.50659,1.00,2.00
2018.02.12 06:13:31.624,1.50642,1.50658,1.50,1.19
2018.02.12 06:13:32.170,1.50641,1.5066,1.62,2.81
2018.02.12 06:13:33.090,1.50642,1.50658,1.50,1.19
2018.02.12 06:13:33.917,1.50642,1.50658,1.25,1.13
2018.02.12 06:13:34.429,1.50641,1.50658,1.12,1.19
2018.02.12 06:13:34.783,1.50641,1.50659,3.37,1.13
2018.02.12 06:13:35.255,1.50642,1.50658,1.12,1.81
2018.02.12 06:13:35.358,1.50641,1.50658,3.37,1.31
2018.02.12 06:13:35.560,1.50642,1.50658,1.31,1.81
2018.02.12 06:13:35.612,1.50641,1.50658,2.06,1.50
2018.02.12 06:13:35.949,1.50642,1.50658,1.31,1.81
2018.02.12 06:13:36.383,1.50641,1.50657,1.00,1.13
2018.02.12 06:13:36.589,1.5064,1.50657,2.62,1.13
2018.02.12 06:13:37.096,1.5064,1.50657,2.62,1.13
2018.02.12 06:13:38.006,1.5064,1.50658,2.62,2.25
2018.02.12 06:13:38.507,1.5064,1.50658,2.62,1.88
2018.02.12 06:13:38.865,1.50641,1.50658,1.00,2.06
2018.02.12 06:13:38.917,1.5064,1.50658,2.62,1.88
2018.02.12 06:13:39.685,1.5064,1.50658,2.44,3.00
2018.02.12 06:13:39.741,1.50641,1.50657,1.25,1.13
2018.02.12 06:13:39.849,1.50641,1.50658,2.00,2.06
2018.02.12 06:13:39.901,1.50641,1.50661,4.88,2.06
2018.02.12 06:13:40.055,1.50643,1.50661,1.88,1.69
2018.02.12 06:13:40.260,1.50644,1.50661,1.50,1.31
2018.02.12 06:13:40.655,1.50644,1.50661,1.12,1.69
2018.02.12 06:13:40.938,1.50643,1.50661,3.56,1.31
2018.02.12 06:13:41.287,1.50644,1.50661,1.37,2.25
2018.02.12 06:13:41.838,1.50646,1.50658,1.12,1.12
2018.02.12 06:13:41.890,1.50645,1.50663,3.19,1.62
2018.02.12 06:13:41.942,1.50646,1.50663,1.25,2.06
2018.02.12 06:13:41.994,1.50646,1.50663,1.00,2.06
2018.02.12 06:13:42.505,1.50647,1.50665,1.31,1.88
2018.02.12 06:13:42.761,1.50647,1.50665,1.50,1.69
2018.02.12 06:13:43.233,1.50648,1.50665,1.50,1.75
2018.02.12 06:13:43.750,1.50648,1.50665,1.62,1.94
2018.02.12 06:13:44.452,1.50647,1.50665,2.25,2.00
2018.02.12 06:13:44.839,1.50647,1.50665,2.25,1.88
2018.02.12 06:13:45.393,1.50647,1.50665,2.25,1.50
2018.02.12 06:13:45.599,1.50648,1.50665,1.25,1.88
2018.02.12 06:13:45.651,1.50647,1.50665,2.81,1.50
2018.02.12 06:13:46.170,1.50648,1.50665,1.50,1.88
2018.02.12 06:13:46.336,1.50647,1.50665,3.00,1.88
2018.02.12 06:13:46.388,1.50647,1.50665,3.00,1.88
2018.02.12 06:13:46.542,1.50647,1.50665,2.44,1.88
2018.02.12 06:13:47.072,1.50648,1.50665,1.69,2.44
2018.02.12 06:13:47.517,1.50647,1.50665,1.94,1.50
2018.02.12 06:13:48.057,1.50649,1.50667,1.12,1.50
2018.02.12 06:13:48.212,1.50649,1.50667,1.12,1.13
2018.02.12 06:13:48.264,1.50648,1.50667,1.87,1.13
2018.02.12 06:13:48.493,1.50649,1.50667,1.31,1.13
2018.02.12 06:13:48.597,1.50649,1.50667,2.06,1.13
2018.02.12 06:13:48.649,1.50649,1.50668,1.00,1.69
2018.02.12 06:13:49.156,1.50649,1.50668,2.25,2.00
2018.02.12 06:13:49.320,1.50649,1.50668,2.25,2.00
2018.02.12 06:13:49.372,1.50649,1.50669,2.25,1.31
2018.02.12 06:13:49.579,1.50651,1.5067,1.62,2.44
2018.02.12 06:13:50.103,1.50651,1.5067,1.62,2.44
2018.02.12 06:13:50.155,1.5065,1.5067,2.06,2.44
2018.02.12 06:13:50.473,1.50651,1.5067,1.62,2.81
2018.02.12 06:13:50.881,1.5065,1.5067,2.06,2.81
2018.02.12 06:13:50.985,1.50651,1.50667,1.00,1.13
2018.02.12 06:13:51.139,1.50649,1.50668,3.00,1.31
2018.02.12 06:13:51.310,1.5065,1.5067,1.88,5.06
2018.02.12 06:13:51.776,1.50651,1.50668,1.31,1.56
2018.02.12 06:13:52.190,1.50651,1.50668,1.50,1.56
2018.02.12 06:13:52.445,1.5065,1.50669,3.75,2.00
2018.02.12 06:13:52.594,1.50651,1.50668,1.50,1.13
2018.02.12 06:13:53.112,1.50651,1.50668,2.25,1.13
2018.02.12 06:13:53.722,1.50651,1.50669,1.12,1.75
2018.02.12 06:13:53.774,1.50652,1.50669,2.62,1.31
2018.02.12 06:13:54.224,1.50652,1.50669,1.00,1.31
2018.02.12 06:13:54.473,1.50652,1.50669,1.69,1.31
2018.02.12 06:13:54.525,1.50652,1.50669,1.00,1.31
2018.02.12 06:13:54.784,1.50652,1.5067,1.25,1.69
2018.02.12 06:13:55.305,1.50652,1.5067,2.06,2.25
2018.02.12 06:13:55.863,1.50652,1.5067,1.00,2.00
2018.02.12 06:13:55.915,1.50651,1.50671,4.50,2.06
2018.02.12 06:13:56.431,1.50653,1.50673,2.81,2.63
2018.02.12 06:13:57.799,1.50654,1.50672,2.06,1.31
2018.02.12 06:13:57.954,1.50655,1.50672,2.25,1.25
2018.02.12 06:13:58.006,1.50657,1.50675,1.00,1.38
2018.02.12 06:13:58.110,1.50657,1.50676,1.69,2.63
2018.02.12 06:13:58.264,1.50657,1.50676,1.69,3.75
2018.02.12 06:13:58.449,1.50657,1.50675,1.88,1.56
2018.02.12 06:13:58.953,1.50657,1.50676,1.69,3.38
2018.02.12 06:13:59.618,1.50657,1.50676,1.13,1.50
2018.02.12 06:13:59.930,1.50657,1.50673,1.00,1.38
2018.02.12 06:14:00.449,1.50657,1.50673,1.00,1.63
2018.02.12 06:14:00.911,1.50659,1.50676,1.37,2.06
2018.02.12 06:14:01.435,1.50659,1.50677,1.37,3.38
2018.02.12 06:14:01.591,1.50661,1.50678,1.37,2.00
2018.02.12 06:14:01.734,1.50659,1.50678,1.87,2.19
2018.02.12 06:14:02.253,1.50659,1.50677,1.12,1.38
2018.02.12 06:14:02.760,1.50659,1.50677,2.25,1.38
2018.02.12 06:14:03.295,1.50659,1.50677,2.25,1.38
2018.02.12 06:14:03.900,1.50659,1.50677,3.00,1.31
2018.02.12 06:14:04.565,1.5066,1.50677,1.50,1.63
2018.02.12 06:14:05.134,1.50661,1.50678,1.12,1.94
2018.02.12 06:14:05.540,1.50663,1.5068,1.50,2.19
2018.02.12 06:14:05.593,1.50665,1.50681,2.06,1.94
2018.02.12 06:14:05.645,1.5067,1.50684,1.12,1.88
2018.02.12 06:14:05.698,1.50671,1.50685,1.12,1.88
2018.02.12 06:14:05.753,1.50671,1.50686,1.12,2.25
2018.02.12 06:14:05.947,1.50669,1.50686,3.00,1.56
2018.02.12 06:14:06.102,1.5067,1.50686,1.00,2.25
2018.02.12 06:14:06.360,1.50669,1.50685,2.62,1.13
2018.02.12 06:14:06.464,1.50671,1.50686,1.37,2.63
2018.02.12 06:14:06.620,1.50671,1.50685,1.37,1.13
2018.02.12 06:14:07.413,1.5067,1.50687,1.50,1.75
2018.02.12 06:14:07.670,1.5067,1.50687,2.06,1.75
2018.02.12 06:14:08.174,1.50671,1.50686,1.00,1.81
2018.02.12 06:14:08.328,1.50671,1.50687,1.50,1.69
2018.02.12 06:14:08.862,1.50672,1.50687,1.37,1.75
2018.02.12 06:14:09.333,1.50673,1.5069,1.50,1.94
2018.02.12 06:14:09.385,1.50673,1.50689,2.06,1.81
2018.02.12 06:14:09.540,1.50673,1.50688,1.12,1.13
2018.02.12 06:14:09.592,1.50672,1.50689,2.62,1.50
2018.02.12 06:14:09.749,1.50671,1.50687,1.00,1.31
2018.02.12 06:14:09.905,1.50671,1.50687,1.00,1.31
2018.02.12 06:14:10.468,1.5067,1.50687,1.87,1.31
2018.02.12 06:14:10.995,1.5067,1.50687,1.87,1.31
2018.02.12 06:14:11.099,1.50669,1.50687,3.19,1.31
2018.02.12 06:14:11.202,1.50671,1.50688,2.06,1.13
2018.02.12 06:14:11.739,1.50671,1.50688,1.50,1.38
2018.02.12 06:14:12.294,1.50671,1.50688,3.19,1.13
2018.02.12 06:14:12.593,1.50671,1.50688,2.62,1.13
2018.02.12 06:14:13.140,1.50671,1.50688,1.00,1.13
2018.02.12 06:14:13.295,1.50671,1.50688,1.00,1.13
2018.02.12 06:14:14.039,1.50671,1.50687,1.25,1.37
2018.02.12 06:14:14.257,1.50671,1.50687,3.00,1.00
2018.02.12 06:14:14.463,1.50672,1.50687,1.44,1.00
2018.02.12 06:14:14.772,1.50674,1.5069,1.19,2.44
2018.02.12 06:14:14.994,1.50673,1.5069,1.31,2.25
2018.02.12 06:14:15.630,1.50673,1.5069,1.31,2.25
2018.02.12 06:14:16.132,1.50673,1.5069,1.19,2.25
2018.02.12 06:14:16.599,1.50674,1.50689,1.12,1.19
2018.02.12 06:14:16.703,1.50674,1.5069,1.00,1.63
2018.02.12 06:14:16.806,1.50673,1.5069,2.62,1.38
2018.02.12 06:14:16.859,1.50674,1.5069,1.25,1.13
2018.02.12 06:14:17.389,1.50673,1.5069,1.19,1.38
2018.02.12 06:14:17.648,1.50672,1.5069,1.00,2.25
2018.02.12 06:14:17.960,1.50672,1.50689,1.25,1.75
2018.02.12 06:14:18.062,1.50672,1.50689,1.50,1.81
2018.02.12 06:14:18.370,1.50672,1.50689,1.69,1.13
2018.02.12 06:14:18.838,1.50673,1.50689,1.00,1.81
2018.02.12 06:14:19.096,1.50673,1.50691,4.12,1.69
2018.02.12 06:14:19.224,1.50674,1.50691,2.44,1.94
2018.02.12 06:14:19.379,1.50674,1.50691,1.00,1.56
2018.02.12 06:14:19.897,1.50672,1.50692,3.19,3.00
2018.02.12 06:14:20.380,1.50674,1.50689,1.81,1.44
2018.02.12 06:14:20.587,1.50674,1.5069,2.25,1.25
2018.02.12 06:14:20.793,1.50674,1.5069,2.44,1.63
2018.02.12 06:14:21.222,1.50674,1.5069,2.62,1.44
2018.02.12 06:14:21.593,1.50675,1.50689,1.19,1.38
2018.02.12 06:14:22.174,1.50675,1.50691,2.62,1.38
2018.02.12 06:14:22.503,1.50675,1.50693,2.81,1.38
2018.02.12 06:14:22.554,1.50675,1.50693,4.13,1.13
2018.02.12 06:14:23.080,1.50675,1.50693,2.63,1.50
2018.02.12 06:14:23.635,1.50676,1.50693,1.19,1.50
2018.02.12 06:14:24.268,1.50675,1.50693,1.31,1.13
2018.02.12 06:14:24.580,1.50675,1.5069,1.00,1.13
2018.02.12 06:14:24.980,1.50673,1.50689,1.00,1.69
2018.02.12 06:14:25.136,1.50673,1.50689,1.50,1.88
2018.02.12 06:14:25.685,1.50673,1.50688,1.00,2.00
2018.02.12 06:14:26.214,1.50673,1.5069,1.19,3.19
2018.02.12 06:14:26.948,1.50673,1.5069,1.19,2.63
2018.02.12 06:14:27.052,1.50673,1.5069,2.06,2.63
2018.02.12 06:14:27.587,1.50674,1.50689,1.25,1.50
2018.02.12 06:14:28.089,1.50674,1.50689,1.25,1.50
2018.02.12 06:14:28.442,1.50673,1.5069,1.56,2.00
2018.02.12 06:14:28.753,1.50674,1.50689,1.62,1.50
2018.02.12 06:14:29.042,1.50675,1.50689,1.00,1.50
2018.02.12 06:14:29.695,1.50674,1.50691,1.00,2.19
2018.02.12 06:14:29.748,1.50675,1.50691,1.00,1.31
2018.02.12 06:14:29.988,1.50676,1.50694,1.63,2.44
2018.02.12 06:14:30.197,1.50676,1.50694,2.06,1.38
2018.02.12 06:14:30.250,1.50677,1.50695,1.88,2.81
2018.02.12 06:14:30.792,1.50677,1.50694,1.88,1.38
2018.02.12 06:14:31.337,1.50677,1.50695,1.31,2.19
2018.02.12 06:14:31.678,1.5068,1.50698,1.13,1.63
2018.02.12 06:14:31.985,1.50683,1.50698,1.37,1.63
2018.02.12 06:14:32.239,1.50682,1.50701,3.19,2.00
2018.02.12 06:14:32.446,1.50682,1.50701,3.19,2.00
2018.02.12 06:14:32.760,1.50682,1.50701,2.81,1.94
2018.02.12 06:14:33.404,1.50684,1.507,1.31,1.75
2018.02.12 06:14:34.252,1.50684,1.507,1.31,1.31
2018.02.12 06:14:34.620,1.50684,1.50701,1.62,1.88
2018.02.12 06:14:35.186,1.50684,1.50701,1.62,2.63
2018.02.12 06:14:36.078,1.50684,1.50702,1.69,1.88
2018.02.12 06:14:36.130,1.50685,1.50702,1.13,1.56
2018.02.12 06:14:36.182,1.50684,1.50703,1.69,1.69
2018.02.12 06:14:36.234,1.50685,1.50702,1.44,2.06
2018.02.12 06:14:36.285,1.50684,1.50701,1.12,1.13
2018.02.12 06:14:36.455,1.50684,1.50701,1.12,1.13
2018.02.12 06:14:36.663,1.50686,1.50703,1.00,1.75
2018.02.12 06:14:36.919,1.50683,1.50702,4.31,1.44
2018.02.12 06:14:36.971,1.50686,1.50704,1.13,1.88
2018.02.12 06:14:37.335,1.50685,1.50704,3.94,1.75
2018.02.12 06:14:37.897,1.50686,1.50704,1.63,1.31
2018.02.12 06:14:38.355,1.50686,1.50704,1.56,2.44
2018.02.12 06:14:38.410,1.50689,1.50703,1.25,1.81
2018.02.12 06:14:38.515,1.50687,1.50703,1.31,1.88
2018.02.12 06:14:38.774,1.50684,1.50703,3.38,1.81
2018.02.12 06:14:38.826,1.50685,1.50704,1.00,3.00
2018.02.12 06:14:39.107,1.50683,1.50703,4.12,2.19
2018.02.12 06:14:39.279,1.50684,1.50703,1.69,1.81
2018.02.12 06:14:40.745,1.50684,1.50703,1.12,2.25
2018.02.12 06:14:41.428,1.50684,1.50703,1.31,2.25
2018.02.12 06:14:42.388,1.50684,1.50703,1.31,1.81
2018.02.12 06:14:42.665,1.50682,1.50701,3.00,1.88
2018.02.12 06:14:42.897,1.50682,1.50702,3.19,1.94
2018.02.12 06:14:43.448,1.50682,1.50702,2.00,1.94
2018.02.12 06:14:43.959,1.50684,1.50702,1.50,1.69
2018.02.12 06:14:44.488,1.50683,1.50703,1.50,2.19
2018.02.12 06:14:45.096,1.50683,1.50703,1.63,1.81
2018.02.12 06:14:45.432,1.50684,1.50703,1.00,2.00
2018.02.12 06:14:45.965,1.50683,1.507,2.06,1.50
2018.02.12 06:14:46.587,1.50683,1.50701,1.25,1.50
2018.02.12 06:14:47.173,1.50683,1.50702,1.69,1.94
2018.02.12 06:14:49.142,1.50682,1.50701,2.81,1.88
2018.02.12 06:14:49.660,1.50683,1.50702,1.69,2.44
2018.02.12 06:14:50.103,1.50682,1.50702,3.75,3.19
2018.02.12 06:14:50.650,1.50682,1.50702,3.56,1.69
2018.02.12 06:14:51.186,1.50684,1.50702,1.00,1.56
2018.02.12 06:14:52.065,1.50683,1.50702,1.69,1.56
2018.02.12 06:14:52.631,1.50683,1.50702,1.69,1.69
2018.02.12 06:14:52.937,1.50683,1.50701,1.69,1.31
2018.02.12 06:14:53.091,1.50684,1.50702,1.00,1.88
2018.02.12 06:14:53.629,1.50683,1.50702,1.25,1.31
2018.02.12 06:14:54.402,1.50684,1.50703,1.00,4.13
2018.02.12 06:14:54.952,1.50683,1.50703,2.44,3.00
2018.02.12 06:14:55.469,1.50684,1.50703,1.12,4.50
2018.02.12 06:14:56.894,1.50684,1.50703,1.12,3.38
2018.02.12 06:14:57.440,1.50683,1.50703,2.81,3.00
2018.02.12 06:14:58.015,1.50684,1.50703,1.12,3.56
2018.02.12 06:14:58.323,1.50684,1.50701,1.00,1.13
2018.02.12 06:14:58.902,1.50683,1.50702,3.00,1.31
2018.02.12 06:14:59.627,1.50684,1.50703,1.00,4.31
2018.02.12 06:14:59.991,1.50683,1.50701,2.25,1.13
2018.02.12 06:15:00.095,1.50687,1.50702,1.00,2.06
2018.02.12 06:15:00.148,1.50685,1.50702,1.50,1.81
2018.02.12 06:15:00.659,1.50685,1.50701,2.25,1.56
2018.02.12 06:15:00.711,1.50685,1.50701,3.00,1.44
2018.02.12 06:15:00.815,1.50686,1.50704,3.19,1.50
2018.02.12 06:15:00.867,1.50691,1.50706,1.25,1.38
2018.02.12 06:15:00.919,1.50691,1.50707,2.25,1.19
2018.02.12 06:15:00.972,1.50691,1.50709,2.81,1.50
2018.02.12 06:15:01.026,1.50692,1.5071,1.81,1.94
2018.02.12 06:15:01.328,1.50699,1.50717,1.31,2.25
2018.02.12 06:15:01.380,1.50696,1.50716,3.94,2.44
2018.02.12 06:15:01.736,1.50697,1.50715,1.50,2.81
2018.02.12 06:15:02.192,1.50696,1.50714,2.25,1.12
2018.02.12 06:15:02.396,1.50696,1.50712,1.00,1.31
2018.02.12 06:15:02.448,1.50693,1.50712,1.00,4.50
2018.02.12 06:15:02.652,1.50691,1.50708,2.25,1.87
2018.02.12 06:15:02.963,1.50692,1.50708,1.00,2.06
2018.02.12 06:15:03.378,1.5069,1.50708,1.50,2.06
2018.02.12 06:15:03.808,1.50691,1.50708,1.00,2.81
2018.02.12 06:15:04.221,1.50689,1.50706,1.50,1.31
2018.02.12 06:15:04.327,1.5069,1.50705,1.00,1.13
2018.02.12 06:15:04.847,1.50689,1.50705,1.00,1.56
2018.02.12 06:15:05.362,1.50689,1.50705,1.00,1.75
2018.02.12 06:15:05.941,1.50688,1.50705,1.50,1.56
2018.02.12 06:15:06.492,1.50687,1.50705,3.00,1.56
2018.02.12 06:15:06.809,1.50688,1.50704,1.00,1.81
2018.02.12 06:15:07.169,1.50688,1.50704,1.00,1.31
2018.02.12 06:15:07.324,1.50687,1.50704,1.12,2.00
2018.02.12 06:15:07.433,1.50688,1.50704,1.00,3.00
2018.02.12 06:15:07.486,1.50685,1.50702,1.88,1.56
2018.02.12 06:15:07.779,1.50685,1.50702,2.25,1.13
2018.02.12 06:15:07.831,1.50685,1.50702,2.25,1.31
2018.02.12 06:15:08.337,1.50685,1.50702,1.50,1.81
2018.02.12 06:15:08.838,1.50685,1.50701,2.63,1.63
2018.02.12 06:15:09.355,1.50685,1.50702,1.88,1.94
2018.02.12 06:15:09.407,1.50685,1.50702,1.00,1.94
2018.02.12 06:15:09.995,1.50685,1.50701,2.63,1.69
2018.02.12 06:15:10.047,1.50685,1.50702,1.50,2.44
2018.02.12 06:15:10.169,1.50685,1.50701,2.63,1.69
2018.02.12 06:15:10.524,1.50685,1.50702,1.50,3.00
2018.02.12 06:15:10.786,1.50685,1.50702,1.38,2.00
2018.02.12 06:15:11.097,1.50685,1.50702,1.13,2.00
2018.02.12 06:15:11.538,1.50684,1.50703,1.88,4.31
2018.02.12 06:15:11.641,1.50684,1.50698,1.00,1.31
2018.02.12 06:15:11.827,1.5068,1.50696,1.44,1.13
2018.02.12 06:15:11.879,1.5068,1.50696,1.00,1.56
2018.02.12 06:15:11.985,1.50678,1.50696,4.12,2.00
2018.02.12 06:15:12.141,1.5068,1.50696,1.25,2.00
2018.02.12 06:15:12.683,1.50679,1.50696,1.69,2.00
2018.02.12 06:15:13.674,1.5068,1.50697,1.25,1.94
2018.02.12 06:15:14.225,1.50679,1.50695,1.00,1.13
2018.02.12 06:15:14.536,1.50677,1.50695,1.50,4.13
2018.02.12 06:15:15.079,1.50677,1.50693,2.63,1.69
2018.02.12 06:15:15.406,1.50676,1.50693,3.00,1.63
2018.02.12 06:15:15.985,1.50676,1.50693,2.62,1.50
2018.02.12 06:15:16.500,1.50678,1.50694,1.44,1.38
2018.02.12 06:15:16.552,1.50678,1.50694,1.25,1.13
2018.02.12 06:15:17.064,1.50678,1.50694,1.25,1.31
2018.02.12 06:15:17.166,1.50678,1.50695,1.00,1.31
2018.02.12 06:15:17.463,1.50678,1.50694,1.00,1.31
2018.02.12 06:15:18.341,1.50678,1.50695,1.00,2.06
2018.02.12 06:15:18.909,1.50678,1.50695,1.50,1.94
2018.02.12 06:15:19.012,1.50678,1.50695,1.00,2.06
2018.02.12 06:15:19.637,1.50678,1.50695,1.00,2.00
2018.02.12 06:15:20.465,1.50678,1.50695,1.50,2.06
2018.02.12 06:15:20.787,1.50678,1.50685,1.00,1.13
2018.02.12 06:15:20.892,1.5066,1.5067,1.00,1.37
2018.02.12 06:15:21.003,1.50647,1.50662,1.81,1.19
2018.02.12 06:15:21.055,1.50644,1.50659,1.44,1.25
2018.02.12 06:15:21.157,1.50642,1.50661,1.13,1.50
2018.02.12 06:15:21.208,1.50641,1.50662,3.00,2.06
2018.02.12 06:15:21.745,1.50642,1.50662,1.94,2.06
2018.02.12 06:15:21.961,1.50643,1.50661,1.13,1.69
2018.02.12 06:15:22.289,1.50642,1.50661,3.56,1.69
2018.02.12 06:15:22.496,1.50642,1.50662,2.06,4.31
2018.02.12 06:15:23.044,1.50642,1.50661,1.13,1.13
2018.02.12 06:15:23.352,1.50642,1.5066,1.13,1.63
2018.02.12 06:15:23.559,1.50641,1.50661,2.63,2.25
2018.02.12 06:15:24.076,1.50643,1.5066,1.69,1.56
2018.02.12 06:15:24.386,1.50642,1.50661,1.56,1.69
2018.02.12 06:15:24.489,1.50642,1.5066,1.81,1.56
2018.02.12 06:15:24.593,1.50642,1.5066,1.81,1.56
2018.02.12 06:15:24.644,1.50642,1.50661,1.56,2.63
2018.02.12 06:15:24.994,1.50642,1.5066,1.81,1.56
2018.02.12 06:15:25.656,1.50641,1.50661,2.63,1.81
2018.02.12 06:15:25.969,1.50643,1.50662,1.63,2.00
2018.02.12 06:15:26.128,1.50642,1.50662,2.06,2.19
2018.02.12 06:15:26.328,1.50643,1.50662,1.63,2.19
2018.02.12 06:15:26.380,1.50642,1.50662,2.06,2.19
2018.02.12 06:15:26.887,1.50642,1.50663,2.06,3.94
2018.02.12 06:15:27.432,1.50643,1.50662,2.06,1.94
2018.02.12 06:15:29.034,1.50643,1.50662,1.31,1.13
2018.02.12 06:15:29.100,1.50643,1.50663,2.06,2.44
2018.02.12 06:15:29.410,1.50643,1.50662,1.13,1.31
2018.02.12 06:15:29.982,1.50643,1.50662,1.63,1.31
2018.02.12 06:15:30.404,1.50643,1.50662,1.69,1.94
2018.02.12 06:15:30.558,1.50645,1.50662,1.00,1.69
2018.02.12 06:15:31.090,1.50644,1.50662,1.69,1.81
2018.02.12 06:15:31.193,1.50645,1.50662,1.25,2.00
2018.02.12 06:15:31.245,1.50644,1.50661,1.69,1.00
2018.02.12 06:15:31.349,1.50645,1.50662,1.25,1.31
2018.02.12 06:15:31.976,1.50644,1.50662,1.88,1.13
2018.02.12 06:15:32.329,1.50644,1.50662,1.88,1.13
2018.02.12 06:15:32.588,1.50644,1.50662,1.88,1.75
2018.02.12 06:15:32.793,1.50645,1.50662,1.13,1.88
2018.02.12 06:15:32.997,1.50644,1.50662,1.50,2.00
2018.02.12 06:15:33.329,1.50645,1.50663,1.44,2.44
2018.02.12 06:15:33.637,1.50644,1.50663,1.50,2.44
2018.02.12 06:15:34.159,1.50644,1.50662,1.88,1.13
2018.02.12 06:15:34.372,1.50645,1.50662,1.25,1.31
2018.02.12 06:15:34.526,1.50644,1.50661,1.00,1.63
2018.02.12 06:15:35.076,1.50645,1.50661,1.00,1.56
2018.02.12 06:15:35.707,1.50643,1.50661,2.06,1.19
2018.02.12 06:15:35.965,1.50643,1.50662,2.06,1.56
2018.02.12 06:15:36.068,1.50643,1.50662,1.88,1.31
2018.02.12 06:15:36.378,1.50646,1.50665,2.06,1.56
2018.02.12 06:15:36.430,1.5065,1.50668,1.00,2.81
2018.02.12 06:15:36.483,1.5065,1.50668,2.44,1.75
2018.02.12 06:15:36.588,1.50652,1.5067,1.50,1.87
2018.02.12 06:15:36.693,1.50649,1.50666,1.00,2.00
2018.02.12 06:15:37.228,1.5065,1.50667,1.00,2.81
2018.02.12 06:15:37.739,1.5065,1.50667,1.00,3.38
2018.02.12 06:15:38.313,1.50649,1.50667,1.50,2.81
2018.02.12 06:15:39.018,1.5065,1.50667,1.25,2.81
2018.02.12 06:15:39.576,1.50649,1.50667,1.25,2.44
2018.02.12 06:15:40.838,1.50649,1.50667,1.25,2.81
2018.02.12 06:15:41.154,1.5065,1.50666,1.38,1.13
2018.02.12 06:15:41.674,1.50651,1.50666,1.13,1.13
2018.02.12 06:15:42.324,1.50651,1.50668,1.00,1.31
2018.02.12 06:15:42.846,1.5065,1.50666,1.25,1.38
2018.02.12 06:15:43.164,1.50647,1.50659,1.37,1.12
2018.02.12 06:15:43.216,1.50643,1.5066,1.00,2.44
2018.02.12 06:15:43.815,1.50643,1.5066,1.00,2.81
2018.02.12 06:15:43.867,1.50643,1.50659,1.00,1.44
2018.02.12 06:15:44.249,1.50643,1.5066,1.00,2.81
2018.02.12 06:15:44.729,1.50643,1.50659,1.00,1.56
2018.02.12 06:15:45.247,1.50643,1.50659,1.00,1.63
2018.02.12 06:15:45.805,1.50642,1.50659,2.06,1.63
2018.02.12 06:15:46.199,1.50642,1.5066,1.13,3.19
2018.02.12 06:15:46.718,1.50643,1.50659,1.50,1.19
2018.02.12 06:15:47.240,1.50643,1.5066,1.50,2.62
2018.02.12 06:15:47.777,1.50643,1.50659,1.50,1.13
2018.02.12 06:15:48.296,1.50644,1.5066,1.00,2.44
2018.02.12 06:15:50.247,1.50643,1.5066,1.50,2.00
2018.02.12 06:15:50.803,1.50644,1.5066,1.00,2.06
2018.02.12 06:15:51.338,1.50644,1.5066,1.25,1.69
2018.02.12 06:15:51.867,1.50644,1.5066,2.06,1.69
2018.02.12 06:15:52.158,1.50644,1.5066,1.31,1.69
2018.02.12 06:15:52.211,1.50644,1.50661,1.69,2.63
2018.02.12 06:15:52.522,1.50649,1.50665,1.25,1.63
2018.02.12 06:15:52.830,1.50649,1.50665,1.25,1.63
2018.02.12 06:15:53.347,1.50649,1.50665,1.25,1.63
2018.02.12 06:15:53.937,1.50648,1.50667,1.69,2.81
2018.02.12 06:15:54.280,1.5065,1.50666,1.19,1.31
2018.02.12 06:15:54.409,1.5065,1.50667,4.13,1.12
2018.02.12 06:15:54.461,1.50654,1.50668,1.12,1.69
2018.02.12 06:15:54.513,1.50653,1.50668,1.00,1.69
2018.02.12 06:15:54.618,1.50654,1.50668,1.00,1.69
2018.02.12 06:15:55.190,1.50654,1.50668,1.00,1.63
2018.02.12 06:15:55.738,1.50654,1.50668,1.00,1.63
2018.02.12 06:15:55.840,1.50652,1.50668,1.69,1.19
2018.02.12 06:15:57.999,1.50653,1.50668,1.00,1.50
2018.02.12 06:15:58.844,1.50652,1.50668,1.69,1.38
2018.02.12 06:15:59.386,1.50653,1.50668,1.50,1.50
2018.02.12 06:15:59.945,1.50653,1.50668,1.00,1.88
2018.02.12 06:16:00.123,1.50653,1.50668,1.00,2.44
2018.02.12 06:16:00.505,1.50653,1.50668,1.00,1.88
2018.02.12 06:16:01.016,1.50652,1.50667,1.25,1.94
2018.02.12 06:16:01.123,1.50648,1.50663,1.25,1.88
2018.02.12 06:16:01.175,1.50647,1.50663,2.44,1.88
2018.02.12 06:16:01.228,1.50647,1.50662,1.00,1.50
2018.02.12 06:16:01.281,1.50646,1.50662,1.25,2.06
2018.02.12 06:16:01.491,1.50644,1.50656,1.00,1.09
2018.02.12 06:16:01.597,1.50637,1.50648,1.37,1.50
2018.02.12 06:16:01.651,1.50631,1.50646,1.00,1.56
2018.02.12 06:16:01.705,1.50633,1.50645,1.00,1.87
2018.02.12 06:16:01.757,1.50632,1.50645,1.50,1.00
2018.02.12 06:16:01.810,1.50633,1.50648,1.00,1.00
2018.02.12 06:16:01.943,1.50633,1.50647,1.00,1.19
2018.02.12 06:16:02.301,1.50631,1.50647,1.69,1.12
2018.02.12 06:16:02.354,1.50631,1.50646,1.69,1.63
2018.02.12 06:16:02.858,1.50632,1.50645,1.00,1.25
2018.02.12 06:16:03.429,1.50631,1.50646,1.69,1.25
2018.02.12 06:16:03.938,1.50632,1.50646,1.00,1.25
2018.02.12 06:16:04.455,1.50633,1.50646,1.00,1.12
2018.02.12 06:16:05.338,1.50632,1.50646,1.00,1.12
2018.02.12 06:16:06.527,1.50631,1.50646,1.00,1.00
2018.02.12 06:16:06.895,1.50633,1.50649,1.63,1.50
2018.02.12 06:16:07.207,1.50638,1.50655,2.25,1.75
2018.02.12 06:16:07.926,1.5064,1.50655,1.00,1.75
2018.02.12 06:16:08.435,1.50639,1.50655,1.00,1.75
2018.02.12 06:16:08.940,1.50638,1.50655,1.50,1.81
2018.02.12 06:16:09.480,1.50639,1.50655,1.00,2.00
2018.02.12 06:16:10.132,1.50639,1.50655,1.00,2.00
2018.02.12 06:16:10.424,1.50637,1.50655,2.63,2.25
2018.02.12 06:16:10.835,1.50638,1.50655,1.25,1.94
2018.02.12 06:16:10.938,1.50637,1.50655,1.50,1.88
2018.02.12 06:16:11.402,1.50636,1.50654,2.06,2.06
2018.02.12 06:16:11.762,1.50635,1.50654,2.81,2.06
2018.02.12 06:16:12.277,1.50636,1.50654,1.44,1.69
2018.02.12 06:16:12.329,1.50636,1.50654,2.06,1.50
2018.02.12 06:16:12.432,1.50636,1.50654,1.63,1.44
2018.02.12 06:16:12.947,1.50636,1.50655,1.88,2.44
2018.02.12 06:16:12.999,1.50637,1.50655,1.25,2.06
2018.02.12 06:16:13.629,1.50637,1.50655,1.25,3.38
2018.02.12 06:16:14.052,1.50638,1.50656,2.63,2.63
2018.02.12 06:16:14.156,1.50639,1.50657,1.88,1.38
2018.02.12 06:16:14.637,1.50639,1.50651,1.00,1.12
2018.02.12 06:16:14.689,1.50639,1.50649,1.00,2.19
2018.02.12 06:16:14.846,1.50637,1.50646,1.00,1.25
2018.02.12 06:16:14.899,1.50634,1.50647,2.62,1.87
2018.02.12 06:16:15.003,1.50632,1.50647,1.00,1.87
2018.02.12 06:16:15.693,1.50631,1.50646,1.00,1.25
2018.02.12 06:16:16.276,1.50632,1.50646,1.00,1.12
2018.02.12 06:16:16.327,1.50632,1.50646,1.00,1.63
2018.02.12 06:16:16.897,1.50632,1.50646,1.00,2.06
2018.02.12 06:16:17.082,1.50629,1.50645,2.44,1.12
2018.02.12 06:16:17.236,1.50631,1.50645,1.00,2.06
2018.02.12 06:16:17.756,1.50631,1.50645,1.00,1.25
2018.02.12 06:16:18.387,1.50631,1.50645,1.50,2.06
2018.02.12 06:16:18.747,1.50631,1.50646,1.50,1.94
2018.02.12 06:16:19.285,1.50631,1.50644,1.00,1.50
2018.02.12 06:16:19.836,1.50632,1.50645,1.00,2.00
2018.02.12 06:16:20.453,1.50632,1.50646,1.00,1.50
2018.02.12 06:16:20.505,1.50631,1.50646,1.00,1.94
2018.02.12 06:16:20.557,1.5063,1.50645,1.25,2.00
2018.02.12 06:16:21.995,1.5063,1.50646,1.50,1.31
2018.02.12 06:16:22.540,1.5063,1.50646,1.69,2.44
2018.02.12 06:16:23.094,1.50631,1.50647,1.25,3.19
2018.02.12 06:16:23.595,1.50631,1.50646,1.44,2.06
2018.02.12 06:16:24.112,1.50631,1.50646,1.00,2.25
2018.02.12 06:16:24.640,1.5063,1.50647,1.12,2.44
2018.02.12 06:16:25.154,1.5063,1.50646,1.12,2.00
2018.02.12 06:16:25.691,1.50631,1.50646,1.25,1.75
2018.02.12 06:16:26.317,1.50632,1.50643,1.00,1.50
2018.02.12 06:16:26.839,1.50631,1.50644,2.25,1.50
2018.02.12 06:16:27.368,1.50632,1.50643,1.00,1.50
2018.02.12 06:16:27.892,1.50631,1.50644,1.50,1.50
2018.02.12 06:16:28.428,1.50631,1.50644,1.00,1.81
2018.02.12 06:16:29.380,1.50631,1.50646,1.00,2.00
2018.02.12 06:16:30.031,1.50631,1.50644,1.00,1.50
2018.02.12 06:16:30.545,1.5063,1.50647,2.44,2.81
2018.02.12 06:16:31.228,1.50631,1.50647,1.00,2.81
2018.02.12 06:16:32.980,1.50631,1.50645,1.00,1.38
2018.02.12 06:16:33.481,1.5063,1.50646,1.31,2.06
2018.02.12 06:16:34.031,1.50631,1.50646,1.00,2.06
2018.02.12 06:16:34.597,1.5063,1.50646,1.87,1.31
2018.02.12 06:16:34.899,1.50631,1.50646,1.00,1.31
2018.02.12 06:16:35.567,1.5063,1.50645,1.50,1.50
2018.02.12 06:16:36.338,1.50631,1.50644,1.00,1.50
2018.02.12 06:16:36.877,1.5063,1.50645,1.50,1.69
2018.02.12 06:16:37.180,1.5063,1.50644,2.44,1.69
2018.02.12 06:16:37.784,1.50631,1.50644,1.00,1.69
2018.02.12 06:16:38.343,1.5063,1.50644,2.81,1.69
2018.02.12 06:16:38.882,1.50631,1.50644,1.00,1.69
2018.02.12 06:16:39.398,1.50631,1.50645,1.00,1.88
2018.02.12 06:16:40.730,1.50631,1.50645,1.00,1.88
2018.02.12 06:16:41.131,1.50631,1.50644,1.00,1.69
2018.02.12 06:16:41.544,1.50631,1.50644,1.00,1.69
2018.02.12 06:16:41.728,1.50631,1.50644,1.00,1.69
2018.02.12 06:16:42.129,1.50631,1.50645,1.00,1.88
2018.02.12 06:16:42.490,1.5063,1.50645,4.69,1.50
2018.02.12 06:16:42.542,1.50631,1.50644,1.00,1.50
2018.02.12 06:16:42.874,1.5063,1.50645,4.31,1.69
2018.02.12 06:16:43.183,1.5063,1.50645,4.31,1.69
2018.02.12 06:16:43.695,1.5063,1.50644,3.75,1.50
2018.02.12 06:16:44.210,1.50632,1.50644,1.00,1.50
2018.02.12 06:16:44.722,1.50631,1.50644,1.50,1.50
2018.02.12 06:16:45.232,1.5063,1.50644,2.25,1.50
2018.02.12 06:16:45.828,1.50631,1.50644,2.25,1.50
2018.02.12 06:16:46.409,1.50631,1.50645,1.50,1.50
2018.02.12 06:16:46.941,1.50631,1.50644,1.19,1.50
2018.02.12 06:16:47.655,1.5063,1.50645,1.31,1.50
2018.02.12 06:16:47.707,1.50631,1.50644,1.19,1.50
2018.02.12 06:16:48.079,1.5063,1.50645,1.31,1.50
2018.02.12 06:16:48.284,1.50631,1.50644,1.19,1.50
2018.02.12 06:16:48.831,1.5063,1.50643,1.31,1.19
2018.02.12 06:16:49.231,1.50631,1.50642,1.19,1.19
2018.02.12 06:16:49.283,1.50631,1.50643,1.19,1.44
2018.02.12 06:16:49.880,1.50629,1.5064,1.87,1.38
2018.02.12 06:16:50.138,1.50628,1.50641,1.19,1.44
2018.02.12 06:16:50.459,1.50628,1.50641,2.81,1.38
2018.02.12 06:16:50.765,1.50632,1.50641,1.00,1.38
2018.02.12 06:16:51.133,1.50629,1.50642,1.69,1.38
2018.02.12 06:16:51.290,1.50629,1.50641,3.56,1.44
2018.02.12 06:16:51.342,1.50629,1.50642,2.81,1.44
2018.02.12 06:16:51.639,1.50629,1.50641,2.06,1.38
2018.02.12 06:16:52.167,1.50629,1.50644,3.56,1.63
2018.02.12 06:16:54.603,1.50631,1.50645,1.31,1.63
2018.02.12 06:16:55.141,1.50631,1.50644,1.31,1.63
2018.02.12 06:16:55.317,1.50631,1.50645,1.31,2.06
2018.02.12 06:16:55.583,1.50631,1.50644,1.31,1.63
2018.02.12 06:16:55.799,1.50631,1.50647,2.06,1.25
2018.02.12 06:16:55.851,1.50636,1.5065,1.19,2.06
2018.02.12 06:16:56.385,1.50636,1.50649,2.06,1.38
2018.02.12 06:16:56.913,1.50636,1.50649,3.19,1.69
2018.02.12 06:16:57.078,1.50637,1.5065,1.19,1.69
2018.02.12 06:16:57.181,1.50637,1.50649,1.19,1.69
2018.02.12 06:16:57.959,1.50636,1.50649,1.69,1.63
2018.02.12 06:16:58.011,1.50636,1.5065,1.19,1.63
2018.02.12 06:16:58.526,1.50636,1.50649,1.50,1.63
2018.02.12 06:16:58.630,1.50636,1.5065,2.06,1.63
2018.02.12 06:16:59.192,1.50637,1.5065,1.19,1.44
2018.02.12 06:16:59.244,1.50636,1.50649,1.31,1.38
2018.02.12 06:16:59.502,1.50637,1.5065,1.19,1.50
2018.02.12 06:16:59.607,1.50636,1.50651,1.19,2.62
2018.02.12 06:16:59.660,1.50636,1.50651,1.19,1.31
2018.02.12 06:16:59.712,1.50636,1.5065,1.19,1.81
2018.02.12 06:16:59.764,1.50636,1.50651,1.19,1.31
2018.02.12 06:16:59.970,1.50635,1.50651,1.69,1.50
2018.02.12 06:17:00.125,1.50635,1.5065,1.69,1.50
2018.02.12 06:17:00.360,1.50635,1.5065,1.69,1.44
2018.02.12 06:17:00.617,1.50635,1.50649,1.25,1.19
2018.02.12 06:17:00.669,1.50635,1.50651,1.25,1.69
2018.02.12 06:17:01.179,1.50635,1.5065,1.69,1.31
2018.02.12 06:17:01.742,1.50635,1.50651,2.06,1.50
2018.02.12 06:17:02.279,1.50635,1.5065,1.31,1.31
2018.02.12 06:17:02.780,1.50635,1.50651,1.25,1.50
2018.02.12 06:17:03.329,1.50636,1.50651,1.00,1.69
2018.02.12 06:17:03.878,1.50636,1.5065,1.00,1.31
2018.02.12 06:17:04.381,1.50636,1.50651,1.00,1.50
2018.02.12 06:17:05.026,1.50635,1.50651,2.81,1.69
2018.02.12 06:17:05.433,1.50635,1.50652,1.69,1.81
2018.02.12 06:17:05.977,1.50635,1.50651,4.31,1.81
2018.02.12 06:17:06.585,1.50635,1.50652,2.81,1.81
2018.02.12 06:17:07.099,1.50636,1.50651,1.31,1.56
2018.02.12 06:17:07.608,1.50635,1.50652,3.19,1.81
2018.02.12 06:17:08.073,1.50634,1.50649,2.44,1.56
2018.02.12 06:17:08.482,1.50633,1.5065,2.81,2.44
2018.02.12 06:17:08.996,1.50635,1.5065,1.25,1.75
2018.02.12 06:17:09.254,1.50635,1.5065,1.25,1.56
2018.02.12 06:17:09.357,1.50634,1.5065,1.19,1.25
2018.02.12 06:17:09.461,1.50634,1.5065,1.19,1.56
2018.02.12 06:17:10.139,1.50635,1.5065,1.25,1.81
2018.02.12 06:17:10.654,1.50635,1.5065,1.13,1.75
2018.02.12 06:17:11.197,1.50634,1.5065,1.69,2.25
2018.02.12 06:17:11.744,1.50634,1.5065,1.69,1.75
2018.02.12 06:17:12.253,1.50633,1.5065,3.37,1.88
2018.02.12 06:17:12.610,1.50636,1.5065,1.00,1.00
2018.02.12 06:17:12.714,1.50638,1.5065,1.00,1.19
2018.02.12 06:17:12.817,1.50636,1.50652,1.00,1.31
2018.02.12 06:17:13.333,1.50635,1.50648,2.06,2.25
2018.02.12 06:17:13.385,1.50635,1.50651,1.00,2.25
2018.02.12 06:17:13.436,1.50632,1.50646,1.75,1.38
2018.02.12 06:17:13.744,1.50629,1.50643,1.50,3.00
2018.02.12 06:17:13.796,1.50627,1.50642,1.00,2.25
2018.02.12 06:17:13.847,1.5063,1.50643,1.00,2.25
2018.02.12 06:17:14.110,1.50627,1.50643,1.00,1.75
2018.02.12 06:17:14.658,1.50628,1.50643,1.00,1.75
2018.02.12 06:17:14.916,1.50625,1.50643,2.63,1.50
2018.02.12 06:17:15.071,1.50625,1.50643,3.38,2.00
2018.02.12 06:17:15.381,1.50627,1.50643,1.13,1.69
2018.02.12 06:17:15.484,1.50628,1.50643,1.19,2.06
2018.02.12 06:17:15.947,1.5063,1.50643,1.00,1.69
2018.02.12 06:17:16.000,1.50628,1.50644,1.25,1.75
2018.02.12 06:17:16.158,1.50628,1.50643,2.06,1.38
2018.02.12 06:17:16.465,1.50628,1.50642,1.00,1.75
2018.02.12 06:17:16.783,1.50627,1.50643,2.06,1.75
2018.02.12 06:17:16.834,1.50629,1.50643,1.00,1.87
2018.02.12 06:17:17.124,1.50627,1.50643,1.88,1.75
2018.02.12 06:17:17.277,1.50629,1.50642,1.00,1.13
2018.02.12 06:17:17.789,1.50628,1.5064,1.25,1.00
2018.02.12 06:17:18.567,1.50628,1.50641,1.00,1.00
2018.02.12 06:17:18.876,1.50628,1.50642,1.00,2.06
2018.02.12 06:17:19.384,1.50628,1.50642,1.00,2.00
2018.02.12 06:17:19.928,1.50628,1.50641,1.00,1.13
2018.02.12 06:17:20.433,1.50627,1.50641,1.00,1.38
2018.02.12 06:17:20.948,1.50627,1.50642,1.50,1.31
2018.02.12 06:17:21.829,1.50627,1.50642,1.25,2.00
2018.02.12 06:17:21.880,1.50627,1.50642,1.00,1.31
2018.02.12 06:17:22.060,1.50627,1.50642,1.00,1.31
2018.02.12 06:17:22.392,1.50627,1.50642,1.00,1.31
2018.02.12 06:17:22.495,1.50627,1.50642,1.13,1.31
2018.02.12 06:17:22.701,1.50628,1.50642,3.00,1.56
2018.02.12 06:17:23.335,1.50629,1.50643,1.00,2.25
2018.02.12 06:17:24.183,1.50628,1.50642,3.19,1.19
2018.02.12 06:17:24.698,1.50627,1.50643,2.44,2.25
2018.02.12 06:17:25.211,1.50628,1.50643,1.00,1.13
2018.02.12 06:17:25.377,1.50627,1.50642,2.44,1.19
2018.02.12 06:17:25.480,1.50628,1.50643,1.00,1.13
2018.02.12 06:17:25.713,1.50627,1.50642,2.44,1.19
2018.02.12 06:17:25.868,1.50628,1.50643,1.00,1.13
2018.02.12 06:17:26.028,1.50627,1.50643,2.44,1.13
2018.02.12 06:17:26.541,1.50628,1.50643,1.00,1.13
2018.02.12 06:17:27.071,1.50628,1.50642,1.00,2.00
2018.02.12 06:17:28.337,1.50627,1.50642,1.50,1.81
2018.02.12 06:17:28.927,1.50627,1.50642,2.25,1.88
2018.02.12 06:17:29.031,1.50632,1.50645,1.00,1.75
2018.02.12 06:17:29.238,1.50632,1.50645,3.56,1.19
2018.02.12 06:17:29.770,1.50633,1.50648,1.00,2.81
2018.02.12 06:17:30.300,1.50634,1.50648,1.00,2.81
2018.02.12 06:17:33.634,1.50633,1.50648,1.12,2.81
2018.02.12 06:17:34.140,1.50633,1.50647,1.00,1.94
2018.02.12 06:17:34.398,1.50632,1.50648,2.81,1.81
2018.02.12 06:17:34.452,1.50634,1.50649,1.00,2.81
2018.02.12 06:17:34.760,1.50634,1.5065,1.12,3.56
2018.02.12 06:17:35.644,1.50635,1.5065,1.00,2.81
2018.02.12 06:17:36.227,1.50634,1.5065,1.12,2.81
2018.02.12 06:17:36.836,1.50635,1.50649,1.00,1.13
2018.02.12 06:17:37.428,1.50634,1.50649,1.12,1.88
2018.02.12 06:17:38.032,1.50635,1.50649,1.00,1.13
2018.02.12 06:17:38.548,1.50635,1.5065,1.00,1.81
2018.02.12 06:17:38.652,1.50635,1.5065,1.50,2.25
2018.02.12 06:17:38.754,1.50635,1.5065,1.00,1.81
2018.02.12 06:17:38.856,1.50635,1.5065,1.00,1.75
2018.02.12 06:17:39.111,1.50636,1.5065,1.00,1.81
2018.02.12 06:17:39.233,1.50634,1.5065,2.25,1.75
2018.02.12 06:17:39.780,1.50635,1.50649,1.00,1.88
2018.02.12 06:17:40.284,1.50636,1.50649,1.00,1.56
2018.02.12 06:17:40.853,1.50636,1.50649,1.00,1.56
2018.02.12 06:17:41.388,1.50634,1.50649,1.87,1.88
2018.02.12 06:17:41.904,1.50635,1.5065,1.00,2.06
2018.02.12 06:17:42.428,1.50634,1.50647,1.87,1.38
2018.02.12 06:17:42.738,1.50632,1.50647,1.87,1.31
2018.02.12 06:17:43.356,1.50632,1.50645,1.12,1.32
2018.02.12 06:17:43.679,1.50633,1.50643,1.00,1.57
2018.02.12 06:17:43.732,1.50631,1.50643,2.62,1.57
2018.02.12 06:17:44.095,1.50633,1.50645,1.00,1.75
2018.02.12 06:17:44.199,1.50631,1.50645,1.00,1.75
2018.02.12 06:17:44.480,1.5063,1.50645,3.37,2.19
2018.02.12 06:17:44.792,1.50631,1.50645,1.00,1.57
2018.02.12 06:17:44.894,1.50631,1.50645,1.00,2.00
2018.02.12 06:17:44.946,1.50632,1.50645,1.00,1.32
2018.02.12 06:17:45.317,1.50632,1.50648,3.19,1.75
2018.02.12 06:17:45.369,1.50635,1.50648,1.00,1.32
2018.02.12 06:17:45.778,1.50636,1.50646,1.00,1.38
2018.02.12 06:17:45.830,1.50634,1.50647,3.19,1.38
2018.02.12 06:17:45.933,1.50634,1.50644,1.00,1.32
2018.02.12 06:17:45.984,1.50632,1.50645,3.19,1.44
2018.02.12 06:17:46.086,1.50631,1.50644,1.44,1.44
2018.02.12 06:17:46.242,1.50633,1.50644,1.00,1.25
2018.02.12 06:17:46.605,1.50632,1.50646,1.00,1.25
2018.02.12 06:17:46.759,1.50631,1.50644,1.25,1.31
2018.02.12 06:17:46.914,1.5063,1.50646,1.69,1.25
2018.02.12 06:17:47.017,1.50633,1.50646,1.00,1.19
2018.02.12 06:17:47.526,1.50634,1.50646,1.00,2.25
2018.02.12 06:17:48.092,1.50633,1.50646,1.00,1.88
2018.02.12 06:17:48.566,1.50635,1.50646,1.00,1.88
2018.02.12 06:17:49.177,1.50634,1.50646,1.00,1.88
2018.02.12 06:17:49.690,1.50633,1.50646,1.50,1.88
2018.02.12 06:17:50.639,1.50633,1.50646,1.50,1.88
2018.02.12 06:17:51.183,1.50634,1.50645,1.00,1.44
2018.02.12 06:17:51.714,1.50633,1.50645,1.50,1.50
2018.02.12 06:17:52.028,1.50631,1.50644,2.06,1.38
2018.02.12 06:17:52.232,1.50631,1.50645,1.31,1.63
2018.02.12 06:17:52.334,1.50632,1.50644,1.00,1.38
2018.02.12 06:17:52.838,1.50631,1.50644,2.06,1.38
2018.02.12 06:17:53.147,1.50631,1.50646,2.06,2.44
2018.02.12 06:17:53.251,1.50631,1.50647,1.25,3.38
2018.02.12 06:17:53.913,1.50631,1.50647,1.25,2.44
2018.02.12 06:17:54.229,1.50633,1.50647,1.00,2.44
2018.02.12 06:17:54.738,1.50632,1.50647,2.44,2.44
2018.02.12 06:17:55.252,1.50633,1.50646,1.00,1.69
2018.02.12 06:17:55.315,1.50632,1.50647,3.19,1.69
2018.02.12 06:17:55.788,1.50633,1.50646,1.50,1.69
2018.02.12 06:17:56.233,1.50633,1.50647,1.00,1.69
2018.02.12 06:17:56.379,1.50632,1.50648,3.00,2.06
2018.02.12 06:17:56.432,1.50634,1.50646,1.00,1.31
2018.02.12 06:17:56.485,1.50634,1.50648,1.19,2.06
2018.02.12 06:17:56.537,1.50635,1.50645,1.00,1.75
2018.02.12 06:17:56.589,1.50634,1.50648,1.87,2.44
2018.02.12 06:17:57.337,1.50633,1.50648,1.50,2.06
2018.02.12 06:17:57.648,1.50635,1.50647,1.00,1.63
2018.02.12 06:17:58.188,1.50635,1.50647,1.00,1.57
2018.02.12 06:17:58.451,1.50624,1.50637,1.50,1.32
2018.02.12 06:17:58.713,1.50624,1.50634,1.00,1.38
2018.02.12 06:17:58.817,1.50622,1.50635,1.00,1.63
2018.02.12 06:17:59.274,1.5062,1.50634,1.13,1.32
2018.02.12 06:17:59.788,1.50619,1.50635,3.19,2.38
2018.02.12 06:17:59.840,1.5062,1.50634,1.44,1.32
2018.02.12 06:17:59.944,1.5062,1.50635,1.88,1.63
2018.02.12 06:18:00.048,1.50621,1.50635,1.13,3.13
2018.02.12 06:18:00.100,1.50621,1.50638,2.44,2.38
2018.02.12 06:18:00.513,1.50624,1.50635,1.00,1.44
2018.02.12 06:18:00.771,1.50621,1.50634,1.50,1.38
2018.02.12 06:18:01.395,1.50622,1.50632,1.00,1.38
2018.02.12 06:18:01.447,1.5062,1.5063,1.00,1.19
2018.02.12 06:18:01.500,1.50617,1.5063,1.12,1.56
2018.02.12 06:18:01.656,1.50616,1.50632,1.69,1.38
2018.02.12 06:18:01.861,1.50617,1.50631,1.00,1.38
2018.02.12 06:18:01.912,1.50616,1.50632,1.25,1.38
2018.02.12 06:18:02.194,1.50617,1.50631,1.00,1.38
2018.02.12 06:18:02.548,1.50616,1.50632,2.06,1.38
2018.02.12 06:18:02.947,1.50617,1.50631,1.00,1.38
2018.02.12 06:18:03.153,1.50616,1.50632,2.06,1.38
2018.02.12 06:18:03.205,1.50617,1.50631,1.00,1.38
2018.02.12 06:18:03.361,1.50617,1.50631,1.00,1.38
2018.02.12 06:18:03.464,1.50616,1.50632,1.69,1.38
2018.02.12 06:18:04.551,1.50614,1.50631,2.44,1.13
2018.02.12 06:18:05.051,1.50614,1.50631,2.25,1.13
2018.02.12 06:18:05.435,1.50616,1.50632,1.44,2.25
2018.02.12 06:18:05.863,1.50617,1.50634,2.63,1.31
2018.02.12 06:18:05.915,1.5062,1.50634,1.13,1.56
2018.02.12 06:18:06.019,1.50621,1.50637,1.38,1.31
2018.02.12 06:18:06.123,1.50624,1.50637,1.13,1.31
2018.02.12 06:18:06.430,1.50623,1.50636,1.00,1.31
2018.02.12 06:18:06.896,1.50622,1.50638,2.25,2.19
2018.02.12 06:18:07.103,1.50622,1.50637,1.25,1.31
2018.02.12 06:18:07.258,1.50621,1.50637,1.13,1.31
2018.02.12 06:18:07.594,1.50622,1.50637,1.25,1.63
2018.02.12 06:18:07.800,1.50621,1.50638,1.88,2.19
2018.02.12 06:18:07.922,1.50622,1.50639,2.63,2.63
2018.02.12 06:18:08.078,1.50622,1.50639,1.88,1.31
2018.02.12 06:18:08.546,1.50622,1.50638,2.06,2.19
2018.02.12 06:18:08.941,1.50622,1.50638,1.25,1.13
2018.02.12 06:18:08.993,1.50622,1.50638,1.88,2.19
2018.02.12 06:18:09.199,1.50621,1.50637,3.00,1.38
2018.02.12 06:18:09.405,1.50622,1.50637,1.13,1.38
2018.02.12 06:18:09.457,1.50621,1.50637,3.00,1.38
2018.02.12 06:18:09.525,1.50622,1.50637,1.13,1.38
2018.02.12 06:18:09.629,1.50621,1.50637,3.00,1.38
2018.02.12 06:18:10.137,1.50622,1.50637,1.13,1.38
2018.02.12 06:18:10.188,1.50621,1.50637,2.25,1.38
2018.02.12 06:18:10.242,1.50621,1.50633,1.31,1.13
2018.02.12 06:18:10.295,1.50619,1.50634,1.00,2.06
2018.02.12 06:18:10.348,1.50617,1.50632,1.50,1.88
2018.02.12 06:18:10.487,1.50615,1.50629,1.19,1.38
2018.02.12 06:18:11.017,1.50615,1.50629,1.19,1.31
2018.02.12 06:18:11.579,1.50615,1.5063,1.88,1.56
2018.02.12 06:18:11.992,1.50615,1.50628,1.88,1.63
2018.02.12 06:18:12.044,1.50615,1.50629,1.88,2.63
2018.02.12 06:18:12.095,1.50615,1.50627,1.88,1.75
2018.02.12 06:18:12.146,1.50615,1.50629,1.88,2.19
2018.02.12 06:18:12.378,1.50614,1.50623,1.12,1.88
2018.02.12 06:18:12.482,1.50607,1.50621,1.87,1.69
2018.02.12 06:18:12.533,1.50607,1.5062,1.00,1.13
2018.02.12 06:18:12.589,1.50604,1.50618,1.00,1.13
2018.02.12 06:18:12.692,1.50601,1.50618,1.31,2.19
2018.02.12 06:18:13.242,1.50599,1.50619,2.25,2.63
2018.02.12 06:18:13.946,1.50599,1.50616,3.38,1.38
2018.02.12 06:18:14.101,1.50601,1.50619,1.69,2.06
2018.02.12 06:18:14.361,1.50605,1.50621,1.69,2.06
2018.02.12 06:18:14.877,1.50606,1.50621,1.50,1.13
2018.02.12 06:18:15.187,1.50607,1.50622,1.31,1.50
2018.02.12 06:18:15.616,1.50607,1.50623,2.44,2.25
2018.02.12 06:18:15.826,1.50606,1.50623,4.69,1.63
2018.02.12 06:18:15.882,1.50608,1.50624,1.25,2.44
2018.02.12 06:18:15.934,1.50612,1.50628,1.63,2.44
2018.02.12 06:18:16.445,1.50613,1.50629,1.69,2.06
2018.02.12 06:18:16.963,1.50614,1.50629,1.00,1.81
2018.02.12 06:18:17.659,1.50614,1.5063,1.19,1.13
2018.02.12 06:18:18.181,1.50613,1.50631,3.00,4.13
2018.02.12 06:18:19.014,1.50614,1.50631,1.19,2.06
2018.02.12 06:18:19.530,1.50614,1.5063,1.63,1.63
2018.02.12 06:18:19.914,1.50613,1.50631,3.94,2.25
2018.02.12 06:18:20.913,1.50616,1.50632,1.00,1.56
2018.02.12 06:18:21.268,1.50615,1.50633,3.38,3.75
2018.02.12 06:18:21.476,1.50616,1.50631,1.13,1.13
2018.02.12 06:18:22.260,1.5062,1.50632,1.00,1.44
2018.02.12 06:18:22.346,1.50619,1.50632,3.00,1.00
2018.02.12 06:18:22.398,1.5062,1.50634,1.50,1.31
2018.02.12 06:18:23.046,1.50619,1.50634,1.00,2.06
2018.02.12 06:18:23.369,1.50618,1.50635,2.25,2.44
2018.02.12 06:18:23.421,1.50619,1.50634,1.00,1.63
2018.02.12 06:18:24.292,1.50618,1.50635,1.50,3.19
2018.02.12 06:18:24.799,1.50619,1.50634,1.00,1.69
2018.02.12 06:18:25.493,1.50619,1.50633,1.00,1.50
2018.02.12 06:18:25.545,1.50618,1.50634,2.44,2.06
2018.02.12 06:18:26.059,1.50619,1.50634,1.00,2.06
2018.02.12 06:18:26.213,1.50618,1.50634,2.44,2.81
2018.02.12 06:18:26.470,1.50619,1.50633,1.00,1.50
2018.02.12 06:18:26.522,1.50619,1.50633,1.00,1.50
2018.02.12 06:18:26.574,1.50618,1.50633,1.69,1.50
2018.02.12 06:18:26.627,1.50619,1.50634,1.00,1.37
2018.02.12 06:18:26.681,1.50619,1.50634,1.31,1.81
2018.02.12 06:18:26.838,1.50619,1.50637,3.19,3.75
2018.02.12 06:18:27.380,1.5062,1.50634,1.38,1.00
2018.02.12 06:18:27.787,1.5062,1.50636,2.06,4.13
2018.02.12 06:18:28.177,1.5062,1.50636,1.63,2.25
2018.02.12 06:18:28.281,1.5062,1.50634,1.88,1.63
2018.02.12 06:18:28.928,1.50622,1.50636,1.25,1.13
2018.02.12 06:18:29.348,1.50622,1.50638,1.13,2.25
2018.02.12 06:18:29.401,1.50623,1.50635,1.13,1.19
2018.02.12 06:18:29.608,1.50622,1.50638,1.81,2.00
2018.02.12 06:18:29.712,1.50624,1.50638,1.00,1.00
2018.02.12 06:18:29.868,1.50622,1.50637,1.25,1.44
2018.02.12 06:18:30.182,1.5062,1.50636,1.25,1.31
2018.02.12 06:18:30.235,1.50621,1.50637,1.31,3.56
2018.02.12 06:18:30.903,1.50622,1.50636,1.00,1.69
2018.02.12 06:18:31.405,1.50623,1.50637,1.00,1.50
2018.02.12 06:18:31.715,1.50621,1.50637,4.31,1.00
2018.02.12 06:18:31.767,1.50622,1.50637,1.00,2.06
2018.02.12 06:18:32.078,1.50622,1.50632,1.00,1.50
2018.02.12 06:18:32.182,1.50617,1.50629,1.87,1.63
2018.02.12 06:18:32.234,1.50614,1.50626,2.25,1.31
2018.02.12 06:18:32.338,1.50612,1.50627,1.00,2.81
2018.02.12 06:18:32.442,1.5061,1.50623,1.00,2.06
2018.02.12 06:18:32.581,1.50606,1.50621,2.62,1.44
2018.02.12 06:18:32.685,1.50605,1.50619,1.50,1.50
2018.02.12 06:18:32.738,1.50603,1.50619,1.12,1.00
2018.02.12 06:18:33.098,1.50601,1.50618,1.31,2.44
2018.02.12 06:18:33.414,1.50598,1.50612,1.69,1.00
2018.02.12 06:18:33.467,1.50598,1.50612,1.50,1.00
2018.02.12 06:18:33.838,1.506,1.50618,1.13,3.56
2018.02.12 06:18:34.150,1.50603,1.50618,1.31,1.31
2018.02.12 06:18:34.687,1.50602,1.5062,1.94,1.87
2018.02.12 06:18:34.738,1.50603,1.50619,2.62,1.87
2018.02.12 06:18:35.512,1.50605,1.50619,1.00,2.06
2018.02.12 06:18:35.640,1.50605,1.50621,1.00,2.81
2018.02.12 06:18:36.411,1.50607,1.50622,3.19,1.31
2018.02.12 06:18:36.516,1.5061,1.50624,1.12,3.00
2018.02.12 06:18:38.237,1.50611,1.50625,1.00,1.50
2018.02.12 06:18:38.291,1.5061,1.50623,1.00,1.81
2018.02.12 06:18:38.395,1.50608,1.50622,1.00,1.63
2018.02.12 06:18:42.071,1.50608,1.50621,1.00,1.63
2018.02.12 06:18:45.269,1.50608,1.50621,1.00,1.56
2018.02.12 06:18:45.475,1.50608,1.50623,1.00,3.19
2018.02.12 06:18:45.630,1.50608,1.50623,1.00,3.56
2018.02.12 06:18:46.209,1.50608,1.50623,1.00,2.44
2018.02.12 06:18:46.869,1.50608,1.50623,1.00,3.56
2018.02.12 06:18:48.169,1.50608,1.50623,1.00,2.81
2018.02.12 06:18:49.171,1.50608,1.5062,1.00,1.69
2018.02.12 06:18:49.775,1.50607,1.5062,1.00,1.69
2018.02.12 06:18:50.398,1.50606,1.50621,2.25,1.94
2018.02.12 06:18:51.410,1.50607,1.5062,1.00,1.69
2018.02.12 06:18:51.935,1.50608,1.5062,1.00,1.69
2018.02.12 06:18:53.062,1.50608,1.5062,1.00,1.69
2018.02.12 06:18:53.802,1.50608,1.5062,1.00,1.56
2018.02.12 06:18:53.930,1.50607,1.50622,1.00,2.06
2018.02.12 06:18:53.983,1.50609,1.50623,1.00,2.63
2018.02.12 06:18:57.049,1.50609,1.50624,1.00,3.56
2018.02.12 06:18:57.358,1.5061,1.50625,1.25,2.06
2018.02.12 06:18:57.514,1.50612,1.50626,1.25,2.25
2018.02.12 06:18:57.828,1.50614,1.50627,1.00,1.69
2018.02.12 06:18:57.880,1.50615,1.50627,1.00,1.62
2018.02.12 06:18:59.602,1.50615,1.50627,1.00,1.56
2018.02.12 06:19:00.120,1.50615,1.50627,1.00,1.56
2018.02.12 06:19:00.172,1.50615,1.50627,1.00,1.63
2018.02.12 06:19:03.165,1.50614,1.50626,1.00,1.13
2018.02.12 06:19:03.681,1.50613,1.50626,1.00,1.75
2018.02.12 06:19:04.022,1.50613,1.50626,1.00,1.81
2018.02.12 06:19:04.486,1.50613,1.50626,1.00,1.75
2018.02.12 06:19:04.994,1.50613,1.50626,1.00,1.50
2018.02.12 06:19:05.345,1.50613,1.50626,1.00,1.69
2018.02.12 06:19:05.866,1.50613,1.50626,1.00,1.75
2018.02.12 06:19:06.249,1.50613,1.50626,1.00,1.75
2018.02.12 06:19:06.877,1.50613,1.50626,1.00,1.13
2018.02.12 06:19:07.382,1.50613,1.50626,1.00,1.13
2018.02.12 06:19:08.425,1.50613,1.50626,1.00,1.13
2018.02.12 06:19:08.646,1.50615,1.50626,1.00,1.13
2018.02.12 06:19:09.364,1.50613,1.50628,1.63,2.06
2018.02.12 06:19:09.673,1.50613,1.50625,1.25,1.56
2018.02.12 06:19:10.202,1.50613,1.50625,1.19,1.56
2018.02.12 06:19:10.305,1.50613,1.50628,1.19,2.81
2018.02.12 06:19:10.910,1.50613,1.50628,1.19,2.06
2018.02.12 06:19:11.290,1.50613,1.50628,1.19,2.06
2018.02.12 06:19:11.857,1.50613,1.50628,1.19,2.44
2018.02.12 06:19:12.385,1.50613,1.50628,1.19,2.44
2018.02.12 06:19:13.421,1.50614,1.50628,1.25,2.00
2018.02.12 06:19:14.608,1.50614,1.50628,1.25,1.50
2018.02.12 06:19:15.355,1.50614,1.50628,1.25,2.06
2018.02.12 06:19:17.849,1.50614,1.50628,1.00,2.06
2018.02.12 06:19:19.150,1.50614,1.50626,1.00,1.75
2018.02.12 06:19:19.254,1.5061,1.50623,1.00,1.50
2018.02.12 06:19:19.307,1.50609,1.5062,1.00,1.19
2018.02.12 06:19:19.359,1.50611,1.50625,1.00,1.87
2018.02.12 06:19:19.414,1.50608,1.5062,1.00,1.31
2018.02.12 06:19:19.467,1.50608,1.50623,1.00,3.19
2018.02.12 06:19:19.622,1.50609,1.50622,1.00,1.44
2018.02.12 06:19:19.828,1.50606,1.50622,1.00,1.81
2018.02.12 06:19:22.026,1.50605,1.5062,1.69,1.56
2018.02.12 06:19:24.443,1.50608,1.50622,1.38,1.44
2018.02.12 06:19:24.549,1.50614,1.50627,2.06,1.00
2018.02.12 06:19:24.602,1.50615,1.5063,1.50,1.69
2018.02.12 06:19:24.655,1.50617,1.5063,1.00,1.56
2018.02.12 06:19:24.708,1.50617,1.5063,1.00,1.56
2018.02.12 06:19:24.761,1.50617,1.5063,1.00,1.56
2018.02.12 06:19:25.123,1.50619,1.50635,1.50,1.81
2018.02.12 06:19:25.182,1.50621,1.50636,1.25,1.75
2018.02.12 06:19:25.737,1.50622,1.50636,1.00,1.81
2018.02.12 06:19:26.204,1.50624,1.50636,1.00,1.31
2018.02.12 06:19:26.739,1.50625,1.50636,1.00,1.25
2018.02.12 06:19:28.559,1.50623,1.50638,1.13,2.44
2018.02.12 06:19:28.714,1.50621,1.50629,1.00,2.06
2018.02.12 06:19:28.767,1.50619,1.50629,1.50,2.44
2018.02.12 06:19:28.819,1.50618,1.50625,1.00,1.12
2018.02.12 06:19:28.871,1.50618,1.50628,1.00,1.31
2018.02.12 06:19:29.737,1.50618,1.50629,1.00,1.13
2018.02.12 06:19:31.266,1.50617,1.50629,1.00,1.44
2018.02.12 06:19:34.106,1.50618,1.50628,1.00,1.25
2018.02.12 06:19:34.837,1.50614,1.50626,1.00,1.38
2018.02.12 06:19:35.046,1.50606,1.50616,1.00,1.25
2018.02.12 06:19:35.202,1.50604,1.50616,1.00,1.38
2018.02.12 06:19:35.253,1.50602,1.50616,1.00,2.00
2018.02.12 06:19:35.407,1.50602,1.50619,1.00,7.69
2018.02.12 06:19:35.981,1.50603,1.50617,1.00,1.19
2018.02.12 06:19:37.232,1.50604,1.50617,1.00,1.38
2018.02.12 06:19:38.103,1.50605,1.50618,1.00,1.13
2018.02.12 06:19:38.637,1.50606,1.50619,1.00,2.25
2018.02.12 06:19:38.741,1.50607,1.50621,1.00,1.50
2018.02.12 06:19:38.794,1.50612,1.50624,1.00,2.81
2018.02.12 06:19:39.215,1.5061,1.50624,1.00,1.69
2018.02.12 06:19:39.702,1.50612,1.50625,1.00,3.00
2018.02.12 06:19:43.905,1.50612,1.50619,1.00,1.56
2018.02.12 06:19:43.961,1.50612,1.50626,1.00,1.88
2018.02.12 06:19:44.529,1.50612,1.50625,1.00,1.38
2018.02.12 06:19:45.425,1.50612,1.50621,1.00,1.56
2018.02.12 06:19:45.476,1.50612,1.50625,1.00,2.44
2018.02.12 06:19:45.527,1.50614,1.50625,1.00,1.19
2018.02.12 06:19:46.059,1.50613,1.50625,1.00,1.19
2018.02.12 06:19:46.462,1.50613,1.50627,1.00,1.50
2018.02.12 06:19:49.324,1.50613,1.50627,1.31,1.44
2018.02.12 06:19:50.794,1.50615,1.5063,1.69,1.62
2018.02.12 06:19:51.054,1.50623,1.50639,1.00,2.06
2018.02.12 06:19:52.452,1.50625,1.5064,1.00,3.75
2018.02.12 06:19:53.988,1.50625,1.5064,1.00,1.88
2018.02.12 06:19:54.511,1.50625,1.50637,1.00,1.88
2018.02.12 06:19:54.665,1.50625,1.5064,1.00,2.25
2018.02.12 06:19:55.356,1.50626,1.5064,1.00,1.88
2018.02.12 06:19:55.982,1.50626,1.5064,1.00,2.63
2018.02.12 06:19:56.518,1.50626,1.50637,1.00,1.31
2018.02.12 06:19:57.064,1.50626,1.50637,1.00,1.31
2018.02.12 06:19:57.592,1.50626,1.50638,1.00,1.56
2018.02.12 06:19:58.172,1.50625,1.50638,1.00,1.56
2018.02.12 06:19:59.235,1.50624,1.50638,1.00,1.56
2018.02.12 06:19:59.750,1.50624,1.50639,1.00,1.81
2018.02.12 06:20:00.791,1.50624,1.50639,1.00,1.88
2018.02.12 06:20:01.171,1.50621,1.50638,1.31,1.56
2018.02.12 06:20:01.985,1.50621,1.50638,2.44,1.56
2018.02.12 06:20:02.670,1.50621,1.50639,1.13,1.88
2018.02.12 06:20:02.900,1.50621,1.50634,1.25,1.44
2018.02.12 06:20:02.952,1.5062,1.50638,2.25,2.06
2018.02.12 06:20:03.005,1.5062,1.50636,1.25,1.69
2018.02.12 06:20:03.946,1.50614,1.50628,1.31,1.63
2018.02.12 06:20:03.999,1.5061,1.50627,2.63,1.56
2018.02.12 06:20:04.051,1.5061,1.50627,1.50,2.06
2018.02.12 06:20:04.602,1.50609,1.50624,2.25,2.44
2018.02.12 06:20:04.811,1.50607,1.50624,1.50,2.81
2018.02.12 06:20:04.863,1.50608,1.50619,1.00,1.38
2018.02.12 06:20:04.915,1.50607,1.50623,1.50,1.81
2018.02.12 06:20:04.967,1.50608,1.5062,1.00,1.38
2018.02.12 06:20:05.491,1.50608,1.50618,1.00,1.38
2018.02.12 06:20:06.096,1.50607,1.50619,1.50,1.38
2018.02.12 06:20:06.403,1.50607,1.5062,2.25,1.44
2018.02.12 06:20:06.909,1.50608,1.5062,1.00,1.44
2018.02.12 06:20:07.588,1.50607,1.5062,1.00,1.44
2018.02.12 06:20:08.229,1.50607,1.50621,1.00,1.19
2018.02.12 06:20:08.282,1.50607,1.50624,2.25,1.37
2018.02.12 06:20:08.335,1.50607,1.50624,1.31,1.87
2018.02.12 06:20:08.387,1.50611,1.50624,1.69,1.69
2018.02.12 06:20:08.801,1.5061,1.50627,1.44,4.31
2018.02.12 06:20:08.853,1.50611,1.50627,1.44,1.00
2018.02.12 06:20:08.906,1.50616,1.50631,1.50,1.19
2018.02.12 06:20:08.985,1.50616,1.50632,1.69,1.69
2018.02.12 06:20:09.302,1.50622,1.50637,2.44,1.87
2018.02.12 06:20:10.121,1.50622,1.50632,1.19,1.56
2018.02.12 06:20:10.174,1.50619,1.50635,2.62,1.50
2018.02.12 06:20:10.228,1.50617,1.50629,1.19,1.87
2018.02.12 06:20:10.694,1.50614,1.50629,1.19,1.31
2018.02.12 06:20:11.152,1.50614,1.50629,1.19,1.31
2018.02.12 06:20:13.012,1.50613,1.5063,1.69,2.00
2018.02.12 06:20:13.628,1.50613,1.5063,1.69,1.81
2018.02.12 06:20:18.689,1.50614,1.50631,1.19,2.25
2018.02.12 06:20:19.272,1.50614,1.50629,1.31,1.00
2018.02.12 06:20:20.183,1.50614,1.50628,1.00,1.75
2018.02.12 06:20:20.496,1.50613,1.50628,1.19,1.69
2018.02.12 06:20:20.549,1.50613,1.50628,1.19,3.19
2018.02.12 06:20:20.601,1.50613,1.50628,1.19,1.31
2018.02.12 06:20:21.125,1.50616,1.50631,1.69,1.31
2018.02.12 06:20:21.228,1.50613,1.50629,2.44,1.31
2018.02.12 06:20:21.281,1.50615,1.5063,1.19,1.38
2018.02.12 06:20:21.492,1.50613,1.5063,1.44,2.81
2018.02.12 06:20:22.265,1.50613,1.5063,1.19,1.13
2018.02.12 06:20:22.877,1.50613,1.5063,2.06,1.88
2018.02.12 06:20:23.771,1.50613,1.5063,2.62,1.13
2018.02.12 06:20:23.978,1.50612,1.50623,1.25,1.31
2018.02.12 06:20:24.137,1.50605,1.50619,1.69,1.31
2018.02.12 06:20:25.457,1.50603,1.50619,1.88,1.12
2018.02.12 06:20:26.154,1.50603,1.50619,1.88,1.44
2018.02.12 06:20:27.022,1.50603,1.50618,2.06,1.44
2018.02.12 06:20:27.419,1.50603,1.50619,2.63,1.81
2018.02.12 06:20:28.338,1.50603,1.50618,2.81,1.13
2018.02.12 06:20:28.647,1.506,1.50612,1.25,1.56
2018.02.12 06:20:28.699,1.50596,1.50614,2.81,1.19
2018.02.12 06:20:29.224,1.50597,1.50614,2.44,1.44
2018.02.12 06:20:29.923,1.50597,1.50614,2.44,1.00
2018.02.12 06:20:30.544,1.50597,1.50615,2.63,2.06
2018.02.12 06:20:31.118,1.50597,1.50615,2.81,3.00
2018.02.12 06:20:33.915,1.50597,1.50615,2.81,3.00
2018.02.12 06:20:35.496,1.50597,1.50615,1.50,1.12
2018.02.12 06:20:36.693,1.50599,1.50614,1.00,1.50
2018.02.12 06:20:36.797,1.50594,1.50608,1.12,2.44
2018.02.12 06:20:36.848,1.5059,1.50606,1.38,1.63
2018.02.12 06:20:37.407,1.50589,1.50608,1.87,3.56
2018.02.12 06:20:37.564,1.50587,1.50604,2.63,1.44
2018.02.12 06:20:38.069,1.50587,1.50605,2.63,2.06
2018.02.12 06:20:38.417,1.5059,1.50606,1.38,2.00
2018.02.12 06:20:38.827,1.50589,1.50606,2.06,1.50
2018.02.12 06:20:39.617,1.50588,1.50604,3.38,1.56
2018.02.12 06:20:40.294,1.5059,1.50606,1.56,2.06
2018.02.12 06:20:41.206,1.50589,1.50607,2.63,2.81
2018.02.12 06:20:41.720,1.5059,1.50606,1.44,1.69
2018.02.12 06:20:42.786,1.50591,1.50606,1.56,1.69
2018.02.12 06:20:44.196,1.50591,1.50607,2.44,1.69
2018.02.12 06:20:44.853,1.50592,1.50607,1.94,1.19
2018.02.12 06:20:45.379,1.50592,1.50607,1.94,1.44
2018.02.12 06:20:45.940,1.50591,1.50608,2.44,2.25
2018.02.12 06:20:46.283,1.50588,1.50604,1.13,1.56
2018.02.12 06:20:46.336,1.5059,1.50607,2.25,2.81
2018.02.12 06:20:46.439,1.50592,1.50607,1.81,1.81
2018.02.12 06:20:46.829,1.50591,1.50608,3.38,3.37
2018.02.12 06:20:47.826,1.50592,1.50607,1.63,1.50
2018.02.12 06:20:48.083,1.50592,1.50607,1.63,1.12
2018.02.12 06:20:49.676,1.50592,1.50604,1.31,1.56
2018.02.12 06:20:50.331,1.50592,1.50604,1.44,1.00
2018.02.12 06:20:50.383,1.50592,1.50605,1.44,1.56
2018.02.12 06:20:50.505,1.50592,1.50607,1.31,2.00
2018.02.12 06:20:51.207,1.50592,1.50607,1.44,2.06
2018.02.12 06:20:51.455,1.50592,1.50604,1.44,1.56
2018.02.12 06:20:51.635,1.50591,1.50607,2.63,1.56
2018.02.12 06:20:53.595,1.50591,1.50606,1.56,1.50
2018.02.12 06:20:57.193,1.50591,1.50606,1.56,1.44
2018.02.12 06:20:57.297,1.50596,1.50608,1.00,1.12
2018.02.12 06:20:57.608,1.50597,1.50611,1.19,2.25
2018.02.12 06:20:58.070,1.50596,1.50612,1.69,1.81
2018.02.12 06:20:58.589,1.50596,1.50612,1.69,1.12
2018.02.12 06:20:59.949,1.50596,1.50612,1.56,1.44
2018.02.12 06:21:00.251,1.50596,1.50611,2.06,1.81
2018.02.12 06:21:00.743,1.50596,1.50611,1.87,1.00
2018.02.12 06:21:01.285,1.50596,1.50612,1.88,1.25
2018.02.12 06:21:02.081,1.50597,1.50613,1.56,1.44
2018.02.12 06:21:02.608,1.50597,1.50613,2.06,1.44
2018.02.12 06:21:03.243,1.50597,1.50613,2.06,1.12
2018.02.12 06:21:03.811,1.50597,1.50612,1.69,1.25
2018.02.12 06:21:04.364,1.50599,1.50612,1.56,1.25
2018.02.12 06:21:04.418,1.50601,1.50615,1.56,1.00
2018.02.12 06:21:04.471,1.506,1.50617,1.56,1.50
2018.02.12 06:21:04.523,1.50602,1.50619,2.44,2.06
2018.02.12 06:21:05.053,1.50606,1.5062,1.25,1.25
2018.02.12 06:21:05.401,1.50606,1.5062,1.69,1.31
2018.02.12 06:21:05.554,1.50607,1.5062,1.25,1.00
2018.02.12 06:21:05.658,1.50607,1.50623,1.75,1.00
2018.02.12 06:21:05.811,1.50611,1.50627,2.44,1.25
2018.02.12 06:21:05.863,1.50611,1.50627,1.69,1.88
2018.02.12 06:21:06.405,1.50613,1.50627,1.00,1.38
2018.02.12 06:21:06.750,1.50612,1.50629,2.25,2.25
2018.02.12 06:21:09.210,1.50613,1.5063,1.69,1.31
2018.02.12 06:21:09.345,1.50612,1.50628,2.25,1.19
2018.02.12 06:21:10.235,1.50612,1.50629,1.63,1.94
2018.02.12 06:21:10.389,1.50612,1.50628,2.25,2.00
2018.02.12 06:21:10.542,1.50612,1.5063,1.69,1.69
2018.02.12 06:21:10.746,1.50612,1.50631,2.44,4.31
2018.02.12 06:21:11.247,1.50612,1.5063,3.19,1.69
2018.02.12 06:21:11.357,1.50612,1.50629,1.63,1.19
2018.02.12 06:21:11.484,1.50613,1.5063,1.31,2.19
2018.02.12 06:21:12.213,1.50612,1.50629,1.50,1.31
2018.02.12 06:21:15.337,1.50613,1.50629,1.13,1.38
2018.02.12 06:21:15.441,1.50613,1.50629,1.13,1.38
2018.02.12 06:21:15.962,1.50613,1.50629,1.13,1.38
2018.02.12 06:21:17.002,1.50613,1.5063,1.25,3.19
2018.02.12 06:21:17.105,1.50612,1.50628,1.31,1.63
2018.02.12 06:21:17.620,1.50611,1.50628,1.31,1.63
2018.02.12 06:21:17.723,1.50611,1.50627,1.69,1.38
2018.02.12 06:21:18.418,1.50611,1.50628,1.31,2.44
2018.02.12 06:21:20.417,1.50611,1.50627,1.63,1.69
2018.02.12 06:21:20.926,1.50611,1.50627,1.81,1.56
2018.02.12 06:21:20.978,1.50611,1.50628,1.63,2.44
2018.02.12 06:21:21.476,1.50612,1.50627,1.25,1.56
2018.02.12 06:21:24.759,1.50607,1.50623,1.69,2.44
2018.02.12 06:21:25.290,1.50606,1.50622,1.44,1.56
2018.02.12 06:21:25.342,1.50606,1.50622,1.00,1.63
2018.02.12 06:21:25.868,1.50605,1.50622,1.13,1.69
2018.02.12 06:21:26.249,1.50606,1.5062,1.13,1.25
2018.02.12 06:21:26.778,1.50606,1.5062,1.44,1.19
2018.02.12 06:21:26.830,1.50603,1.50617,2.63,1.56
2018.02.12 06:21:26.882,1.50603,1.50618,1.88,2.06
2018.02.12 06:21:27.444,1.50602,1.50617,2.06,1.19
2018.02.12 06:21:27.547,1.50601,1.50618,3.56,2.81
2018.02.12 06:21:28.296,1.50603,1.5062,1.13,2.44
2018.02.12 06:21:28.399,1.50604,1.5062,1.69,1.87
2018.02.12 06:21:28.502,1.50604,1.5062,2.63,1.00
2018.02.12 06:21:28.759,1.50604,1.5062,1.13,1.00
2018.02.12 06:21:28.863,1.50604,1.50615,1.50,2.00
2018.02.12 06:21:28.916,1.50595,1.50609,1.25,1.56
2018.02.12 06:21:29.331,1.50593,1.50608,1.50,2.06
2018.02.12 06:21:29.855,1.50594,1.50608,1.00,1.87
2018.02.12 06:21:30.272,1.50593,1.50603,1.00,1.25
2018.02.12 06:21:30.607,1.50592,1.50605,1.00,1.25
2018.02.12 06:21:30.977,1.50591,1.50606,1.00,3.56
2018.02.12 06:21:31.660,1.50591,1.50606,1.00,3.56
2018.02.12 06:21:32.180,1.5059,1.50606,1.12,3.19
2018.02.12 06:21:32.793,1.50588,1.506,2.00,1.31
2018.02.12 06:21:33.081,1.50588,1.50604,2.44,1.63
2018.02.12 06:21:33.186,1.50588,1.50603,1.13,1.94
2018.02.12 06:21:33.496,1.50583,1.506,1.87,3.19
2018.02.12 06:21:33.547,1.50581,1.506,1.81,2.81
2018.02.12 06:21:33.952,1.50582,1.50599,1.31,1.87
2018.02.12 06:21:35.021,1.50581,1.50598,4.13,1.75
2018.02.12 06:21:35.881,1.50582,1.50598,1.13,2.44
2018.02.12 06:21:38.979,1.50581,1.50599,2.19,2.44
2018.02.12 06:21:40.584,1.50582,1.50597,1.13,1.50
2018.02.12 06:21:40.637,1.50582,1.50597,1.13,2.25
2018.02.12 06:21:40.689,1.50581,1.50597,2.19,1.00
2018.02.12 06:21:40.741,1.50582,1.50597,2.63,1.00
2018.02.12 06:21:40.881,1.50586,1.50597,1.00,1.00
2018.02.12 06:21:41.495,1.50583,1.50597,4.13,1.00
2018.02.12 06:21:42.314,1.50587,1.50599,1.00,2.44
2018.02.12 06:21:42.420,1.50583,1.50594,1.81,1.00
2018.02.12 06:21:42.473,1.50583,1.50598,1.13,1.13
2018.02.12 06:21:43.898,1.50584,1.50599,1.19,2.00
2018.02.12 06:21:45.040,1.50582,1.50593,2.63,1.00
2018.02.12 06:21:45.649,1.50584,1.50599,1.19,1.13
2018.02.12 06:21:49.807,1.50584,1.50596,1.19,1.00
2018.02.12 06:21:50.490,1.50581,1.50596,1.69,1.00
2018.02.12 06:21:51.100,1.50581,1.50596,2.06,1.69
2018.02.12 06:21:51.413,1.50581,1.50596,2.06,1.88
2018.02.12 06:21:51.465,1.50581,1.50596,1.50,1.25
2018.02.12 06:21:51.923,1.50582,1.50596,1.13,1.50
2018.02.12 06:21:52.125,1.50582,1.50599,1.31,2.19
2018.02.12 06:21:52.762,1.50582,1.50599,1.38,2.19
2018.02.12 06:21:53.286,1.50582,1.50598,1.31,1.13
2018.02.12 06:21:53.821,1.50582,1.50597,1.56,1.44
2018.02.12 06:21:54.360,1.50582,1.50597,1.63,1.44
2018.02.12 06:21:55.071,1.50579,1.50597,3.38,1.13
2018.02.12 06:21:57.946,1.50581,1.50597,1.00,1.13
2018.02.12 06:21:59.732,1.50581,1.50597,1.00,1.88
2018.02.12 06:21:59.889,1.50578,1.50596,2.00,3.38
2018.02.12 06:21:59.993,1.50578,1.50595,1.13,1.50
2018.02.12 06:22:00.226,1.50578,1.50594,1.50,1.38
2018.02.12 06:22:00.277,1.50578,1.50595,1.44,2.25
2018.02.12 06:22:00.329,1.50577,1.50594,2.44,1.88
2018.02.12 06:22:01.249,1.50577,1.50593,1.50,1.00
2018.02.12 06:22:01.771,1.50578,1.50594,1.50,1.31
2018.02.12 06:22:03.118,1.50578,1.50592,1.19,1.44
2018.02.12 06:22:03.272,1.50577,1.50592,1.50,1.25
2018.02.12 06:22:03.886,1.50578,1.50592,1.00,1.44
2018.02.12 06:22:04.410,1.50578,1.50592,1.12,1.00
2018.02.12 06:22:04.897,1.50579,1.50594,2.25,1.25
2018.02.12 06:22:05.440,1.50579,1.50595,1.50,1.25
2018.02.12 06:22:05.942,1.50578,1.50596,3.94,2.19
2018.02.12 06:22:06.935,1.50578,1.50596,4.69,1.87
2018.02.12 06:22:07.640,1.50579,1.50596,1.75,2.62
2018.02.12 06:22:07.992,1.5058,1.50595,1.00,1.31
2018.02.12 06:22:08.482,1.50579,1.50596,1.75,1.87
2018.02.12 06:22:08.812,1.50583,1.50599,1.75,2.62
2018.02.12 06:22:08.968,1.50585,1.50602,2.44,1.62
2018.02.12 06:22:09.814,1.50586,1.50602,2.19,1.31
2018.02.12 06:22:10.339,1.50586,1.50602,1.38,1.12
2018.02.12 06:22:10.770,1.50586,1.50602,1.13,1.31
2018.02.12 06:22:11.182,1.50586,1.506,1.25,1.50
2018.02.12 06:22:11.441,1.50584,1.50601,3.19,3.00
2018.02.12 06:22:11.868,1.50584,1.50601,2.44,3.00
2018.02.12 06:22:12.072,1.50585,1.50599,1.25,1.75
2018.02.12 06:22:12.381,1.50585,1.50599,1.69,1.75
2018.02.12 06:22:12.559,1.50585,1.50599,1.00,1.75
2018.02.12 06:22:13.147,1.50585,1.50598,1.19,1.50
2018.02.12 06:22:13.705,1.50585,1.50598,1.19,1.00
2018.02.12 06:22:14.869,1.50585,1.50598,1.00,1.00
2018.02.12 06:22:15.570,1.50586,1.50598,1.13,1.00
2018.02.12 06:22:17.800,1.50584,1.50598,2.06,1.75
2018.02.12 06:22:18.915,1.50584,1.50599,1.31,2.19
2018.02.12 06:22:23.169,1.50584,1.50593,1.37,1.00
2018.02.12 06:22:23.851,1.50583,1.50599,3.00,2.25
2018.02.12 06:22:26.167,1.50584,1.50599,1.69,2.63
2018.02.12 06:22:26.792,1.50585,1.50598,1.00,1.62
2018.02.12 06:22:27.348,1.50584,1.50599,1.88,1.87
2018.02.12 06:22:27.890,1.50584,1.50599,1.88,1.87
2018.02.12 06:22:28.440,1.50584,1.50599,1.13,1.69
2018.02.12 06:22:29.243,1.50585,1.50599,1.13,1.69
2018.02.12 06:22:30.740,1.50583,1.50599,3.00,1.50
2018.02.12 06:22:31.251,1.50584,1.50599,1.69,1.69
2018.02.12 06:22:32.118,1.50584,1.50599,1.69,2.44
2018.02.12 06:22:33.163,1.50584,1.50599,1.25,2.44
2018.02.12 06:22:35.064,1.50584,1.50599,1.63,2.25
2018.02.12 06:22:35.117,1.50586,1.506,1.25,2.44
2018.02.12 06:22:35.169,1.50586,1.506,1.56,1.37
2018.02.12 06:22:35.326,1.50588,1.50605,1.69,1.87
2018.02.12 06:22:35.430,1.50592,1.50608,2.81,1.12
2018.02.12 06:22:35.586,1.50592,1.50609,2.81,1.12
2018.02.12 06:22:35.638,1.50596,1.50613,2.25,3.00
2018.02.12 06:22:35.691,1.506,1.50615,1.25,1.69
2018.02.12 06:22:36.233,1.50601,1.50615,1.00,1.69
2018.02.12 06:22:37.206,1.506,1.50616,1.13,1.75
2018.02.12 06:22:37.748,1.50601,1.50616,1.13,1.75
2018.02.12 06:22:38.193,1.50601,1.50616,1.00,1.00
2018.02.12 06:22:38.503,1.50601,1.50617,2.06,2.62
2018.02.12 06:22:39.026,1.50601,1.50617,2.81,1.87
2018.02.12 06:22:41.994,1.50602,1.50616,2.06,1.00
2018.02.12 06:22:42.046,1.50603,1.50621,2.44,3.37
2018.02.12 06:22:42.098,1.50605,1.50622,2.25,2.00
2018.02.12 06:22:42.303,1.50614,1.50629,1.19,1.69
2018.02.12 06:22:42.850,1.50615,1.5063,1.31,2.06
2018.02.12 06:22:44.515,1.50615,1.50628,1.00,2.19
2018.02.12 06:22:44.568,1.50613,1.50628,1.00,1.38
2018.02.12 06:22:44.880,1.50612,1.50627,1.25,1.88
2018.02.12 06:22:45.404,1.50612,1.50627,1.31,1.69
2018.02.12 06:22:45.714,1.50612,1.50627,1.00,2.44
2018.02.12 06:22:46.312,1.50613,1.50626,1.00,1.75
2018.02.12 06:22:47.739,1.5061,1.50621,1.00,1.44
2018.02.12 06:22:47.898,1.50606,1.50619,1.00,1.69
2018.02.12 06:22:48.260,1.50604,1.50614,1.00,1.19
2018.02.12 06:22:48.392,1.50593,1.50604,1.50,2.25
2018.02.12 06:22:48.446,1.50591,1.506,1.87,1.75
2018.02.12 06:22:48.499,1.5059,1.50601,1.12,2.25
2018.02.12 06:22:48.552,1.5059,1.50601,1.12,1.37
2018.02.12 06:22:48.707,1.5059,1.50603,1.12,1.37
2018.02.12 06:22:49.346,1.50589,1.50603,1.31,1.37
2018.02.12 06:22:49.670,1.50589,1.506,1.25,1.12
2018.02.12 06:22:49.722,1.50589,1.50604,1.13,1.25
2018.02.12 06:22:49.825,1.50592,1.50608,1.13,2.81
2018.02.12 06:22:50.135,1.50592,1.50608,1.50,1.50
2018.02.12 06:22:50.943,1.50591,1.50608,3.19,1.25
2018.02.12 06:22:50.996,1.50591,1.50609,2.81,3.38
2018.02.12 06:22:51.546,1.50591,1.50609,2.06,2.63
2018.02.12 06:22:53.238,1.50593,1.50608,1.37,1.25
2018.02.12 06:22:55.814,1.50591,1.50609,4.31,1.50
2018.02.12 06:22:55.866,1.50592,1.50601,1.00,1.50
2018.02.12 06:22:55.918,1.50592,1.50607,2.06,1.00
2018.02.12 06:22:56.541,1.50592,1.50609,1.87,2.81
2018.02.12 06:22:57.388,1.50592,1.50608,3.00,1.31
2018.02.12 06:22:57.925,1.50593,1.50608,1.00,1.31
2018.02.12 06:22:58.030,1.50595,1.50609,1.31,1.00
2018.02.12 06:22:58.083,1.50597,1.50612,1.25,3.19
2018.02.12 06:22:58.240,1.50599,1.50616,1.50,3.38
2018.02.12 06:22:58.449,1.50602,1.50617,1.25,1.00
2018.02.12 06:22:58.502,1.50604,1.5062,1.19,1.50
2018.02.12 06:22:58.608,1.50605,1.50619,1.50,1.12
2018.02.12 06:22:59.235,1.50606,1.50619,1.00,1.31
2018.02.12 06:23:00.074,1.50606,1.50619,1.00,1.50
2018.02.12 06:23:00.542,1.50607,1.5062,1.38,1.25
2018.02.12 06:23:00.697,1.50609,1.50622,1.00,1.00
2018.02.12 06:23:01.157,1.50608,1.50624,1.63,1.87
2018.02.12 06:23:01.771,1.50609,1.50624,2.62,1.31
2018.02.12 06:23:02.324,1.50609,1.50624,2.62,1.12
2018.02.12 06:23:02.965,1.50609,1.50625,2.06,2.06
2018.02.12 06:23:03.485,1.50609,1.50621,1.19,1.13
2018.02.12 06:23:03.537,1.50608,1.50621,1.00,2.25
2018.02.12 06:23:03.593,1.50605,1.50617,1.69,1.25
2018.02.12 06:23:03.905,1.50602,1.5061,1.00,1.75
2018.02.12 06:23:04.009,1.50598,1.5061,4.50,1.75
2018.02.12 06:23:04.061,1.50599,1.50612,3.19,1.87
2018.02.12 06:23:04.597,1.50599,1.50612,2.06,1.12
2018.02.12 06:23:05.141,1.50599,1.50614,1.50,1.75
2018.02.12 06:23:05.809,1.506,1.50613,1.31,1.50
2018.02.12 06:23:06.466,1.506,1.50613,1.31,1.50
2018.02.12 06:23:08.312,1.50599,1.50608,1.00,1.50
2018.02.12 06:23:08.366,1.50596,1.50606,1.69,1.00
2018.02.12 06:23:08.420,1.50595,1.50604,1.00,1.50
2018.02.12 06:23:08.472,1.50591,1.50603,1.19,1.50
2018.02.12 06:23:10.480,1.50588,1.50603,3.38,1.50
2018.02.12 06:23:10.582,1.50589,1.50605,1.56,1.12
2018.02.12 06:23:10.634,1.5059,1.50607,2.06,2.25
2018.02.12 06:23:10.941,1.50593,1.50611,1.50,3.00
2018.02.12 06:23:11.577,1.50595,1.50604,2.81,1.00
2018.02.12 06:23:11.682,1.50596,1.50611,1.44,1.50
2018.02.12 06:23:11.736,1.50595,1.50606,1.12,2.25
2018.02.12 06:23:11.788,1.50595,1.50611,1.69,1.50
2018.02.12 06:23:11.893,1.50597,1.50605,1.69,1.75
2018.02.12 06:23:12.153,1.50597,1.50608,2.06,1.00
2018.02.12 06:23:12.206,1.50597,1.50611,1.56,1.00
2018.02.12 06:23:13.038,1.50597,1.50613,3.56,1.50
2018.02.12 06:23:13.767,1.50598,1.50612,3.37,1.00
2018.02.12 06:23:14.671,1.50598,1.50613,2.06,1.00
2018.02.12 06:23:15.187,1.50597,1.50614,3.75,1.50
2018.02.12 06:23:16.540,1.50599,1.50614,1.19,2.06
2018.02.12 06:23:16.845,1.50598,1.50612,1.69,1.87
2018.02.12 06:23:17.101,1.50599,1.50613,1.69,1.69
2018.02.12 06:23:17.642,1.50597,1.50613,3.00,1.38
2018.02.12 06:23:18.776,1.50597,1.50612,4.50,2.06
2018.02.12 06:23:19.456,1.50597,1.50605,3.56,1.12
2018.02.12 06:23:19.559,1.50596,1.50611,1.81,1.50
2018.02.12 06:23:19.818,1.50595,1.50609,1.19,1.50
2018.02.12 06:23:21.816,1.50593,1.50606,1.69,1.50
2018.02.12 06:23:21.867,1.50593,1.50609,1.69,2.06
2018.02.12 06:23:22.021,1.50593,1.50608,1.19,1.50
2018.02.12 06:23:22.437,1.50593,1.50609,1.81,2.81
2018.02.12 06:23:23.219,1.50592,1.506,1.63,1.50
2018.02.12 06:23:23.725,1.50592,1.506,1.81,1.12
2018.02.12 06:23:24.083,1.50591,1.50608,4.50,1.12
2018.02.12 06:23:24.771,1.50592,1.50608,1.75,1.62
2018.02.12 06:23:25.304,1.50591,1.50608,3.75,1.69
2018.02.12 06:23:25.835,1.50591,1.50608,3.75,1.69
2018.02.12 06:23:27.876,1.50592,1.50609,1.81,4.13
2018.02.12 06:23:28.457,1.50591,1.50609,2.25,2.25
2018.02.12 06:23:28.809,1.50591,1.50602,4.13,1.75
2018.02.12 06:23:29.172,1.50591,1.50605,1.88,1.00
2018.02.12 06:23:29.224,1.50591,1.50607,3.56,1.00
2018.02.12 06:23:29.431,1.50591,1.50607,3.00,1.50
2018.02.12 06:23:29.534,1.50591,1.50608,1.44,4.13
2018.02.12 06:23:29.676,1.5059,1.50607,2.62,2.25
2018.02.12 06:23:29.729,1.5059,1.50607,1.31,1.88
2018.02.12 06:23:29.781,1.50592,1.50607,3.00,1.00
2018.02.12 06:23:29.937,1.50592,1.50609,3.94,2.25
2018.02.12 06:23:30.041,1.50594,1.5061,1.69,1.00
2018.02.12 06:23:30.094,1.50595,1.50611,1.56,1.87
2018.02.12 06:23:30.250,1.50595,1.50611,1.56,1.12
2018.02.12 06:23:30.378,1.50595,1.50613,1.19,2.44
2018.02.12 06:23:31.360,1.50595,1.50611,2.81,1.19
2018.02.12 06:23:31.412,1.50596,1.50613,1.31,1.44
2018.02.12 06:23:31.636,1.50596,1.50612,1.87,1.69
2018.02.12 06:23:31.943,1.50596,1.50613,1.81,1.69
2018.02.12 06:23:32.445,1.50596,1.50612,1.50,1.19
2018.02.12 06:23:32.784,1.50596,1.50612,1.50,2.25
2018.02.12 06:23:33.869,1.50596,1.50614,2.63,3.94
2018.02.12 06:23:34.179,1.50596,1.50611,2.06,1.69
2018.02.12 06:23:34.282,1.50596,1.50611,2.25,2.63
2018.02.12 06:23:34.807,1.50596,1.50611,1.00,2.44
2018.02.12 06:23:35.346,1.50595,1.50612,2.06,2.44
2018.02.12 06:23:35.866,1.50595,1.50612,1.62,2.63
2018.02.12 06:23:37.021,1.50595,1.50609,2.06,1.00
2018.02.12 06:23:37.519,1.50594,1.50609,3.19,1.00
2018.02.12 06:23:38.037,1.50595,1.50612,1.69,3.38
2018.02.12 06:23:40.065,1.50595,1.50613,2.06,4.31
2018.02.12 06:23:40.581,1.50594,1.50606,2.25,1.75
2018.02.12 06:23:40.634,1.50596,1.50608,1.13,1.75
2018.02.12 06:23:40.740,1.50597,1.50614,1.25,5.44
2018.02.12 06:23:40.793,1.50599,1.50614,1.25,2.44
2018.02.12 06:23:41.053,1.50598,1.50614,1.19,1.31
2018.02.12 06:23:41.404,1.50598,1.50614,1.69,1.50
2018.02.12 06:23:42.099,1.50598,1.50614,1.69,1.44
2018.02.12 06:23:42.295,1.50598,1.50616,1.44,3.00
2018.02.12 06:23:42.448,1.50598,1.50615,2.06,1.69
2018.02.12 06:23:42.812,1.506,1.50616,1.50,1.25
2018.02.12 06:23:42.916,1.50602,1.50617,1.87,1.19
2018.02.12 06:23:43.433,1.50602,1.50617,1.25,1.25
2018.02.12 06:23:44.072,1.50603,1.50617,1.00,1.00
2018.02.12 06:23:44.981,1.50603,1.50617,1.25,1.44
2018.02.12 06:23:45.625,1.50603,1.50617,1.00,1.13
2018.02.12 06:23:45.969,1.50603,1.50617,1.88,1.38
2018.02.12 06:23:46.569,1.50603,1.50617,1.00,1.44
2018.02.12 06:23:48.841,1.50604,1.50617,1.00,1.44
2018.02.12 06:23:49.349,1.50603,1.50618,1.69,1.38
2018.02.12 06:23:49.951,1.50603,1.50618,1.69,1.38
2018.02.12 06:23:50.761,1.50603,1.50618,1.69,1.50
2018.02.12 06:23:51.277,1.50603,1.50618,1.69,1.50
2018.02.12 06:23:51.873,1.50603,1.50618,1.00,1.69
2018.02.12 06:23:51.977,1.50603,1.50619,1.00,2.44
2018.02.12 06:23:52.589,1.50604,1.50619,1.00,2.44
2018.02.12 06:23:53.206,1.50604,1.50618,1.00,1.69
2018.02.12 06:23:56.726,1.50604,1.50619,1.00,2.63
2018.02.12 06:23:56.931,1.50601,1.50618,3.56,1.50
2018.02.12 06:23:57.433,1.506,1.50616,1.88,1.63
2018.02.12 06:23:59.390,1.50601,1.50616,1.88,1.69
2018.02.12 06:23:59.933,1.50601,1.50617,2.06,1.63
2018.02.12 06:23:59.986,1.50601,1.50617,2.25,1.44
2018.02.12 06:24:00.520,1.50601,1.50617,2.06,1.38
2018.02.12 06:24:01.522,1.50601,1.50617,1.44,2.44
2018.02.12 06:24:01.574,1.50601,1.50616,2.06,2.25
2018.02.12 06:24:01.736,1.506,1.50616,2.06,1.38
2018.02.12 06:24:01.840,1.506,1.50616,2.06,1.13
2018.02.12 06:24:01.943,1.50601,1.50616,1.63,1.38
2018.02.12 06:24:01.995,1.50601,1.50617,1.44,3.00
2018.02.12 06:24:02.047,1.50601,1.50617,1.44,3.19
2018.02.12 06:24:02.802,1.506,1.50617,1.88,3.19
2018.02.12 06:24:04.104,1.506,1.50616,1.88,1.50
2018.02.12 06:24:04.774,1.506,1.50616,1.88,1.38
2018.02.12 06:24:06.229,1.506,1.50616,1.88,1.69
2018.02.12 06:24:07.392,1.506,1.50617,1.19,3.94
2018.02.12 06:24:07.705,1.50598,1.50612,1.13,1.88
2018.02.12 06:24:08.033,1.50597,1.50612,1.31,1.88
2018.02.12 06:24:08.564,1.50597,1.5061,1.31,1.38
2018.02.12 06:24:08.872,1.50597,1.5061,1.19,1.38
2018.02.12 06:24:08.975,1.50597,1.50613,1.19,3.75
2018.02.12 06:24:09.129,1.50597,1.50612,1.19,2.44
2018.02.12 06:24:09.180,1.50596,1.50612,1.19,1.69
2018.02.12 06:24:09.868,1.50596,1.50611,1.19,1.56
2018.02.12 06:24:10.146,1.50596,1.50613,1.56,1.19
2018.02.12 06:24:10.660,1.50596,1.50613,2.81,1.87
2018.02.12 06:24:11.163,1.50597,1.50613,1.69,1.44
2018.02.12 06:24:11.510,1.50596,1.50614,2.06,1.88
2018.02.12 06:24:11.830,1.50597,1.50613,1.88,1.38
2018.02.12 06:24:12.614,1.50598,1.50613,1.81,1.38
2018.02.12 06:24:14.208,1.50598,1.50613,1.81,1.38
2018.02.12 06:24:14.894,1.50597,1.50614,3.75,1.38
2018.02.12 06:24:15.478,1.50597,1.50612,2.44,1.63
2018.02.12 06:24:16.653,1.50598,1.50612,1.19,1.38
2018.02.12 06:24:17.185,1.50598,1.50616,1.19,7.13
2018.02.12 06:24:17.714,1.50598,1.50615,1.19,1.69
2018.02.12 06:24:18.309,1.50597,1.50616,2.62,6.19
2018.02.12 06:24:18.871,1.50598,1.50615,1.31,1.81
2018.02.12 06:24:18.924,1.50597,1.50616,1.25,3.75
2018.02.12 06:24:18.977,1.50598,1.50615,1.19,1.50
2018.02.12 06:24:20.097,1.506,1.50616,2.25,1.69
2018.02.12 06:24:20.408,1.50602,1.50616,1.00,1.69
2018.02.12 06:24:20.990,1.50602,1.50616,1.00,1.31
2018.02.12 06:24:22.331,1.50602,1.50616,1.00,1.38
2018.02.12 06:24:22.846,1.50602,1.50617,1.00,1.50
2018.02.12 06:24:23.647,1.50602,1.50616,1.00,1.38
2018.02.12 06:24:24.271,1.50602,1.50617,1.00,1.50
2018.02.12 06:24:24.834,1.50602,1.50615,1.00,1.44
2018.02.12 06:24:26.110,1.50602,1.5062,1.50,3.00
2018.02.12 06:24:26.216,1.50606,1.50622,1.13,1.25
2018.02.12 06:24:26.530,1.50609,1.5062,1.69,1.25
2018.02.12 06:24:26.939,1.50609,1.50623,1.50,1.25
2018.02.12 06:24:27.442,1.50609,1.50624,1.62,1.12
2018.02.12 06:24:27.985,1.50609,1.50623,1.62,1.00
2018.02.12 06:24:28.603,1.50609,1.50624,1.31,1.25
2018.02.12 06:24:29.036,1.5061,1.5062,1.13,1.25
2018.02.12 06:24:29.211,1.5061,1.50625,1.00,2.44
2018.02.12 06:24:29.856,1.50609,1.50624,1.00,1.19
2018.02.12 06:24:31.613,1.50609,1.5062,1.00,2.25
2018.02.12 06:24:31.665,1.50605,1.50616,1.50,1.12
2018.02.12 06:24:31.721,1.50601,1.50614,1.25,1.19
2018.02.12 06:24:32.401,1.50599,1.50614,1.50,1.44
2018.02.12 06:24:32.454,1.50597,1.50612,1.69,1.69
2018.02.12 06:24:33.329,1.50597,1.50613,1.25,2.25
2018.02.12 06:24:38.774,1.506,1.50613,1.12,1.50
2018.02.12 06:24:39.168,1.5061,1.50623,1.19,1.12
2018.02.12 06:24:39.702,1.50609,1.50624,1.19,1.87
2018.02.12 06:24:39.755,1.50608,1.50624,1.69,1.87
2018.02.12 06:24:40.290,1.50608,1.50623,3.75,1.12
2018.02.12 06:24:40.817,1.50608,1.50623,3.75,1.62
2018.02.12 06:24:41.023,1.50609,1.50623,1.44,1.25
2018.02.12 06:24:41.246,1.5061,1.50625,2.06,1.25
2018.02.12 06:24:41.298,1.50615,1.50629,1.37,1.37
2018.02.12 06:24:41.402,1.50616,1.50634,1.00,1.37
2018.02.12 06:24:41.733,1.50617,1.50635,1.25,2.80
2018.02.12 06:24:42.286,1.50617,1.50635,1.44,2.80
2018.02.12 06:24:42.702,1.50617,1.50635,1.25,1.12
2018.02.12 06:24:43.011,1.50619,1.50635,1.00,1.49
2018.02.12 06:24:43.700,1.50619,1.50635,1.00,1.49
2018.02.12 06:24:44.398,1.50619,1.50634,1.00,1.12
2018.02.12 06:24:44.450,1.50619,1.5063,1.19,1.37
2018.02.12 06:24:44.502,1.50618,1.5063,1.00,1.37
2018.02.12 06:24:44.984,1.50617,1.50635,1.25,2.62
2018.02.12 06:24:45.264,1.50615,1.5063,1.19,1.56
2018.02.12 06:24:45.471,1.50613,1.50628,1.87,1.00
2018.02.12 06:24:45.990,1.50613,1.5063,3.94,1.69
2018.02.12 06:24:46.510,1.50614,1.50629,1.19,1.31
2018.02.12 06:24:46.939,1.50614,1.50629,1.19,1.19
2018.02.12 06:24:48.950,1.50613,1.5063,1.69,2.06
2018.02.12 06:24:49.334,1.50613,1.50629,1.69,1.50
2018.02.12 06:24:49.388,1.50614,1.50629,1.00,1.75
2018.02.12 06:24:49.893,1.50614,1.50628,1.00,1.00
2018.02.12 06:24:50.354,1.50612,1.50629,1.50,2.62
2018.02.12 06:24:50.890,1.50612,1.50629,1.69,2.25
2018.02.12 06:24:51.434,1.50613,1.50629,1.19,1.44
2018.02.12 06:24:51.581,1.50614,1.5063,1.25,1.12
2018.02.12 06:24:51.633,1.50617,1.50631,1.00,1.12
2018.02.12 06:24:53.645,1.50616,1.50631,1.25,1.50
2018.02.12 06:24:53.984,1.50618,1.50634,1.44,3.75
2018.02.12 06:24:55.598,1.50619,1.50634,3.00,1.31
2018.02.12 06:24:55.908,1.50621,1.50635,1.69,1.00
2018.02.12 06:24:56.270,1.50623,1.50639,1.75,2.62
2018.02.12 06:24:56.466,1.50626,1.5064,1.19,1.25
2018.02.12 06:24:56.622,1.50626,1.5064,1.31,1.50
2018.02.12 06:24:56.726,1.50626,1.50642,3.00,1.31
2018.02.12 06:24:58.932,1.50627,1.50643,1.87,1.31
2018.02.12 06:24:59.479,1.50627,1.50643,1.87,2.06
2018.02.12 06:25:00.539,1.50627,1.50643,1.87,2.06
2018.02.12 06:25:00.591,1.5063,1.50643,1.00,1.50
2018.02.12 06:25:00.694,1.50628,1.50641,1.62,1.75
2018.02.12 06:25:00.901,1.50639,1.50651,1.19,1.87
2018.02.12 06:25:00.954,1.50642,1.50655,1.00,1.31
2018.02.12 06:25:01.471,1.50643,1.50655,1.00,1.31
2018.02.12 06:25:01.980,1.50642,1.50655,1.00,1.31
2018.02.12 06:25:02.556,1.5064,1.50654,1.50,1.00
2018.02.12 06:25:03.619,1.50641,1.50654,1.00,1.00
2018.02.12 06:25:07.371,1.50641,1.50654,1.19,1.00
2018.02.12 06:25:07.646,1.50638,1.50653,2.62,1.12
2018.02.12 06:25:08.886,1.50638,1.50652,1.19,1.00
2018.02.12 06:25:11.330,1.50638,1.50653,1.19,1.87
2018.02.12 06:25:12.883,1.50634,1.5065,1.69,1.31
2018.02.12 06:25:12.935,1.50634,1.5065,1.69,2.81
2018.02.12 06:25:13.091,1.50634,1.5065,2.02,1.37
2018.02.12 06:25:13.195,1.50641,1.50653,1.25,1.00
2018.02.12 06:25:13.248,1.50641,1.50655,1.19,2.25
2018.02.12 06:25:13.610,1.50644,1.50657,1.19,1.50
2018.02.12 06:25:13.923,1.50641,1.50657,1.87,1.12
2018.02.12 06:25:13.975,1.50642,1.50657,1.50,1.31
2018.02.12 06:25:14.234,1.50641,1.50657,1.50,1.69
2018.02.12 06:25:14.544,1.50647,1.50657,1.00,1.00
2018.02.12 06:25:15.078,1.50646,1.50658,1.00,1.50
2018.02.12 06:25:15.629,1.50646,1.50658,1.00,1.12
2018.02.12 06:25:16.180,1.50647,1.50659,1.00,1.62
2018.02.12 06:25:16.724,1.50646,1.50659,1.25,1.37
2018.02.12 06:25:18.818,1.50646,1.50661,1.19,3.94
2018.02.12 06:25:19.143,1.50647,1.50659,1.69,1.00
2018.02.12 06:25:19.456,1.50647,1.50659,1.19,1.12
2018.02.12 06:25:20.020,1.50647,1.50659,1.00,1.12
2018.02.12 06:25:20.534,1.50647,1.50659,1.00,1.37
2018.02.12 06:25:20.586,1.50647,1.50659,1.19,1.37
2018.02.12 06:25:25.030,1.50648,1.5066,1.19,2.25
2018.02.12 06:25:25.535,1.50648,1.5066,1.19,1.50
2018.02.12 06:25:26.264,1.50648,1.50662,1.25,1.87
2018.02.12 06:25:29.458,1.50644,1.5066,1.87,1.87
2018.02.12 06:25:29.512,1.50643,1.5066,1.69,1.12
2018.02.12 06:25:29.564,1.50643,1.50655,1.00,1.00
2018.02.12 06:25:29.719,1.50644,1.50657,1.00,1.12
2018.02.12 06:25:29.771,1.50641,1.50657,2.81,1.12
2018.02.12 06:25:30.296,1.50642,1.50658,1.50,2.25
2018.02.12 06:25:30.655,1.5064,1.50656,2.06,1.87
2018.02.12 06:25:30.832,1.50641,1.50657,1.12,2.06
2018.02.12 06:25:31.885,1.50641,1.50655,1.69,1.75
2018.02.12 06:25:31.989,1.50641,1.50655,1.25,1.00
2018.02.12 06:25:33.540,1.5064,1.50656,1.31,1.00
2018.02.12 06:25:36.004,1.5064,1.50657,1.31,2.00
2018.02.12 06:25:36.520,1.5064,1.50658,1.31,3.19
2018.02.12 06:25:37.066,1.5064,1.50658,1.19,1.75
2018.02.12 06:25:37.818,1.5064,1.50658,1.31,3.00
2018.02.12 06:25:38.243,1.5064,1.50657,1.31,1.31
2018.02.12 06:25:39.580,1.5064,1.50657,1.25,1.37
2018.02.12 06:25:39.632,1.5064,1.50655,2.44,1.87
2018.02.12 06:25:39.939,1.50634,1.50648,1.25,1.12
2018.02.12 06:25:40.098,1.50631,1.50647,1.19,1.37
2018.02.12 06:25:40.626,1.50631,1.50647,1.19,2.06
2018.02.12 06:25:41.134,1.5063,1.50645,1.87,1.00
2018.02.12 06:25:42.406,1.50629,1.50644,2.25,1.00
2018.02.12 06:25:42.925,1.50629,1.50645,1.87,1.50
2018.02.12 06:25:44.332,1.5063,1.50646,1.87,2.81
2018.02.12 06:25:46.215,1.50629,1.50646,1.50,2.06
2018.02.12 06:25:46.894,1.50629,1.50647,2.44,1.25
2018.02.12 06:25:47.000,1.50629,1.50642,2.81,1.00
2018.02.12 06:25:47.053,1.50629,1.50643,2.25,1.19
2018.02.12 06:25:47.109,1.50628,1.50639,1.44,1.56
2018.02.12 06:25:47.214,1.50628,1.50646,1.19,4.31
2018.02.12 06:25:47.662,1.50627,1.50645,2.25,2.06
2018.02.12 06:25:47.714,1.50627,1.50641,1.00,1.12
2018.02.12 06:25:49.015,1.50624,1.50641,1.87,1.69
2018.02.12 06:25:51.322,1.50625,1.5064,1.50,1.00
2018.02.12 06:25:51.479,1.50626,1.50638,1.62,1.56
2018.02.12 06:25:51.531,1.50625,1.50641,2.44,1.00
2018.02.12 06:25:51.636,1.50627,1.50639,1.87,1.00
2018.02.12 06:25:51.741,1.50633,1.50644,1.00,1.00
2018.02.12 06:25:51.795,1.50631,1.50645,1.19,1.87
2018.02.12 06:25:51.909,1.50636,1.50646,1.62,1.00
2018.02.12 06:25:52.015,1.50639,1.50648,1.69,1.00
2018.02.12 06:25:52.131,1.50639,1.50653,1.31,1.19
2018.02.12 06:25:52.239,1.50635,1.50648,1.87,1.00
2018.02.12 06:25:52.290,1.50632,1.50648,3.75,1.00
2018.02.12 06:25:52.394,1.50631,1.50647,2.81,1.19
2018.02.12 06:25:52.445,1.50632,1.50649,1.44,1.50
2018.02.12 06:25:52.649,1.50633,1.50649,1.00,1.62
2018.02.12 06:25:52.993,1.50634,1.50649,1.44,2.06
2018.02.12 06:25:53.560,1.50633,1.50649,1.19,3.19
2018.02.12 06:25:54.134,1.50631,1.50648,2.06,1.00
2018.02.12 06:25:54.931,1.50631,1.50648,2.00,1.00
2018.02.12 06:25:55.609,1.50632,1.50648,1.50,1.69
2018.02.12 06:25:55.661,1.50631,1.50648,1.87,1.19
2018.02.12 06:25:55.886,1.50633,1.50646,1.12,1.00
2018.02.12 06:25:56.197,1.5063,1.50648,2.25,1.12
2018.02.12 06:25:57.306,1.50631,1.50646,1.56,1.56
2018.02.12 06:25:57.358,1.50631,1.50645,1.87,1.00
2018.02.12 06:25:57.409,1.50631,1.50645,1.69,1.56
2018.02.12 06:25:57.461,1.50631,1.50645,2.44,1.56
2018.02.12 06:25:58.416,1.50631,1.50645,1.50,1.00
2018.02.12 06:25:58.468,1.50631,1.50648,1.50,2.44
2018.02.12 06:25:58.970,1.5063,1.50649,2.96,1.87
2018.02.12 06:25:59.125,1.50632,1.50648,1.62,1.19
2018.02.12 06:25:59.662,1.50631,1.5065,1.87,3.56
2018.02.12 06:26:00.180,1.50637,1.50649,1.00,1.31
2018.02.12 06:26:00.729,1.50636,1.5065,1.00,3.00
2018.02.12 06:26:01.044,1.50633,1.50649,2.81,2.62
2018.02.12 06:26:01.407,1.50633,1.50649,2.25,1.19
2018.02.12 06:26:01.948,1.50633,1.50648,2.06,1.00
2018.02.12 06:26:02.361,1.50633,1.50648,1.25,1.12
2018.02.12 06:26:02.869,1.50632,1.50649,1.69,1.12
2018.02.12 06:26:03.389,1.50632,1.50649,1.87,1.12
2018.02.12 06:26:03.713,1.50635,1.50649,1.19,1.19
2018.02.12 06:26:03.817,1.50633,1.50648,1.12,1.12
2018.02.12 06:26:03.869,1.50632,1.50642,1.00,2.19
2018.02.12 06:26:03.922,1.50628,1.50638,1.37,1.44
2018.02.12 06:26:03.974,1.50625,1.50638,1.00,1.12
2018.02.12 06:26:04.029,1.50621,1.50636,1.00,1.87
2018.02.12 06:26:04.135,1.5062,1.50637,1.31,2.81
2018.02.12 06:26:04.879,1.50619,1.50636,2.25,1.12
2018.02.12 06:26:05.603,1.50621,1.50636,1.25,1.81
2018.02.12 06:26:06.155,1.5062,1.50637,1.25,1.87
2018.02.12 06:26:06.689,1.50622,1.50637,1.00,1.69
2018.02.12 06:26:07.199,1.50622,1.50638,1.00,1.69
2018.02.12 06:26:07.747,1.50621,1.50637,1.12,1.87
2018.02.12 06:26:08.279,1.50622,1.50636,1.25,1.00
2018.02.12 06:26:08.516,1.50625,1.50639,2.06,1.12
2018.02.12 06:26:09.036,1.50624,1.5064,2.06,2.06
2018.02.12 06:26:09.554,1.50624,1.50641,2.06,3.56
2018.02.12 06:26:10.431,1.50626,1.50641,1.00,4.31
2018.02.12 06:26:10.970,1.50627,1.50642,1.00,2.06
2018.02.12 06:26:11.435,1.50629,1.50642,1.00,1.12
2018.02.12 06:26:11.834,1.50627,1.50642,2.81,1.12
2018.02.12 06:26:11.939,1.50628,1.50645,1.50,2.81
2018.02.12 06:26:12.251,1.50636,1.50646,1.12,1.00
2018.02.12 06:26:12.355,1.5064,1.50657,1.00,2.06
2018.02.12 06:26:12.542,1.50635,1.50648,2.62,1.00
2018.02.12 06:26:12.697,1.50639,1.5065,1.44,1.00
2018.02.12 06:26:12.749,1.50642,1.50655,1.00,1.56
2018.02.12 06:26:12.801,1.50642,1.50656,1.00,1.50
2018.02.12 06:26:12.956,1.5064,1.50653,1.31,1.00
2018.02.12 06:26:13.286,1.50644,1.50655,1.00,1.69
2018.02.12 06:26:13.339,1.50641,1.50654,1.31,1.69
2018.02.12 06:26:13.392,1.50641,1.50656,1.44,1.37
2018.02.12 06:26:13.495,1.5064,1.50656,1.87,1.37
2018.02.12 06:26:13.599,1.50644,1.5066,1.00,3.56
2018.02.12 06:26:13.806,1.50642,1.50657,1.25,1.37
2018.02.12 06:26:14.474,1.50643,1.5066,1.00,2.06
2018.02.12 06:26:14.989,1.50644,1.5066,1.00,2.00
2018.02.12 06:26:15.281,1.50642,1.50659,2.25,1.62
2018.02.12 06:26:15.384,1.50644,1.5066,1.00,2.00
2018.02.12 06:26:15.906,1.50643,1.50659,1.00,1.50
2018.02.12 06:26:16.296,1.50641,1.50659,1.69,1.50
2018.02.12 06:26:16.800,1.50639,1.50657,2.81,1.62
2018.02.12 06:26:17.330,1.5064,1.50657,1.12,1.81
2018.02.12 06:26:18.133,1.50638,1.50656,3.00,1.62
2018.02.12 06:26:18.287,1.50637,1.50656,3.75,1.62
2018.02.12 06:26:19.493,1.50641,1.50657,2.06,1.62
2018.02.12 06:26:19.853,1.50642,1.50659,1.87,1.87
2018.02.12 06:26:20.059,1.50645,1.5066,1.00,3.37
2018.02.12 06:26:20.111,1.50642,1.50659,1.69,2.25
2018.02.12 06:26:20.284,1.50645,1.5066,1.00,1.87
2018.02.12 06:26:20.439,1.50642,1.50661,3.19,2.19
2018.02.12 06:26:20.719,1.50643,1.5066,1.25,1.12
2018.02.12 06:26:21.223,1.50645,1.5066,1.00,1.44
2018.02.12 06:26:21.378,1.50642,1.50661,3.37,1.81
2018.02.12 06:26:21.635,1.50644,1.50662,1.00,2.81
2018.02.12 06:26:22.863,1.50642,1.5066,1.87,1.56
2018.02.12 06:26:24.023,1.50643,1.50662,1.00,3.56
2018.02.12 06:26:24.534,1.50642,1.50659,1.50,2.06
2018.02.12 06:26:25.077,1.50642,1.50659,1.50,2.06
2018.02.12 06:26:25.578,1.50641,1.50657,1.25,1.37
2018.02.12 06:26:25.815,1.50642,1.50659,1.50,2.25
2018.02.12 06:26:25.971,1.50643,1.50658,1.31,1.12
2018.02.12 06:26:26.229,1.50645,1.5066,1.69,1.25
2018.02.12 06:26:26.333,1.50649,1.50665,2.06,1.00
2018.02.12 06:26:26.386,1.50651,1.50668,1.00,1.56
2018.02.12 06:26:26.438,1.50649,1.50664,1.87,1.00
2018.02.12 06:26:26.749,1.50651,1.50666,1.00,1.00
2018.02.12 06:26:27.204,1.50652,1.50667,1.00,1.62
2018.02.12 06:26:27.459,1.5065,1.50667,1.00,1.50
2018.02.12 06:26:28.594,1.50649,1.50666,1.31,2.06
2018.02.12 06:26:28.848,1.5065,1.50666,1.31,1.37
2018.02.12 06:26:29.124,1.50653,1.50668,1.00,1.62
2018.02.12 06:26:29.229,1.50656,1.50673,1.69,1.69
2018.02.12 06:26:29.282,1.50657,1.50674,1.00,2.25
2018.02.12 06:26:29.438,1.50655,1.50669,1.44,1.12
2018.02.12 06:26:29.491,1.50654,1.50669,1.00,1.37
2018.02.12 06:26:29.543,1.50653,1.50669,1.12,2.62
2018.02.12 06:26:30.132,1.50655,1.50669,1.00,1.69
2018.02.12 06:26:30.379,1.50653,1.50669,1.69,1.69
2018.02.12 06:26:30.679,1.50654,1.5067,1.44,1.56
2018.02.12 06:26:31.200,1.50654,1.50671,1.00,2.44
2018.02.12 06:26:31.720,1.50653,1.50671,3.19,2.44
2018.02.12 06:26:32.087,1.50655,1.50671,1.00,2.44
2018.02.12 06:26:32.139,1.50653,1.50671,2.44,2.44
2018.02.12 06:26:32.427,1.50655,1.50671,1.00,2.44
2018.02.12 06:26:32.531,1.50653,1.50671,2.44,2.44
2018.02.12 06:26:32.801,1.50655,1.50671,1.00,2.06
2018.02.12 06:26:33.324,1.50654,1.5067,1.88,1.63
2018.02.12 06:26:33.982,1.50655,1.50667,1.00,1.31
2018.02.12 06:26:34.034,1.50653,1.50667,1.50,1.63
2018.02.12 06:26:34.567,1.50651,1.50668,2.44,3.00
2018.02.12 06:26:34.619,1.50654,1.50668,1.00,3.00
2018.02.12 06:26:34.929,1.50652,1.50668,1.25,3.75
2018.02.12 06:26:35.033,1.50654,1.50667,1.00,1.50
2018.02.12 06:26:35.567,1.50654,1.50668,1.00,1.75
2018.02.12 06:26:35.671,1.50652,1.50667,1.25,2.25
2018.02.12 06:26:35.892,1.50654,1.50666,1.00,1.38
2018.02.12 06:26:36.047,1.50651,1.50668,1.19,2.81
2018.02.12 06:26:36.562,1.50652,1.50669,1.25,2.44
2018.02.12 06:26:36.614,1.50651,1.5067,1.69,5.81
2018.02.12 06:26:36.717,1.50651,1.50669,2.44,2.62
2018.02.12 06:26:37.302,1.50652,1.50666,1.00,1.69
2018.02.12 06:26:37.354,1.50652,1.50666,1.00,1.25
2018.02.12 06:26:37.992,1.5065,1.50666,1.44,1.00
2018.02.12 06:26:39.178,1.5065,1.50665,1.38,1.25
2018.02.12 06:26:39.692,1.50648,1.50664,2.25,1.25
2018.02.12 06:26:40.577,1.50648,1.50665,1.31,1.31
2018.02.12 06:26:41.932,1.50648,1.50665,1.31,1.50
2018.02.12 06:26:42.476,1.5065,1.50665,1.19,3.38
2018.02.12 06:26:46.391,1.50648,1.50664,1.19,1.00
2018.02.12 06:26:46.447,1.50648,1.50663,1.25,1.69
2018.02.12 06:26:46.706,1.50648,1.50663,1.50,1.25
2018.02.12 06:26:46.826,1.50649,1.50663,1.00,1.44
2018.02.12 06:26:47.327,1.50649,1.50663,1.00,1.44
2018.02.12 06:26:47.837,1.50649,1.50665,1.13,2.06
2018.02.12 06:26:48.367,1.50646,1.50664,4.13,1.69
2018.02.12 06:26:48.941,1.50647,1.50663,2.25,1.69
2018.02.12 06:26:50.245,1.50647,1.50663,1.50,1.69
2018.02.12 06:26:50.980,1.50647,1.50663,2.25,1.69
2018.02.12 06:26:51.703,1.50647,1.50663,1.50,1.69
2018.02.12 06:26:52.229,1.50646,1.50663,3.00,3.19
2018.02.12 06:26:52.800,1.50647,1.50662,1.50,1.87
2018.02.12 06:26:53.165,1.50648,1.50664,2.25,1.00
2018.02.12 06:26:53.450,1.5065,1.50666,1.31,2.81
2018.02.12 06:26:53.965,1.5065,1.50665,1.38,1.25
2018.02.12 06:26:54.122,1.5065,1.50665,1.88,1.50
2018.02.12 06:26:54.227,1.50649,1.50666,3.38,2.25
2018.02.12 06:26:54.825,1.5065,1.50666,1.00,3.00
2018.02.12 06:26:56.018,1.50651,1.50665,1.00,1.31
2018.02.12 06:26:56.529,1.5065,1.50665,2.06,1.31
2018.02.12 06:26:57.066,1.5065,1.50665,1.25,2.25
2018.02.12 06:26:57.849,1.5065,1.50665,1.25,1.50
2018.02.12 06:26:58.161,1.50649,1.50665,2.44,1.00
2018.02.12 06:26:58.775,1.50649,1.50666,2.44,2.44
2018.02.12 06:26:59.281,1.5065,1.50665,1.25,1.50
2018.02.12 06:27:00.019,1.50649,1.50666,2.44,3.19
2018.02.12 06:27:00.577,1.5065,1.50665,1.25,1.50
2018.02.12 06:27:01.214,1.50649,1.50665,2.44,1.00
2018.02.12 06:27:01.732,1.50649,1.50666,2.44,2.25
2018.02.12 06:27:03.189,1.5065,1.50665,1.25,2.25
2018.02.12 06:27:03.875,1.50649,1.50666,1.88,2.25
2018.02.12 06:27:03.927,1.5065,1.50665,1.13,1.50
2018.02.12 06:27:04.382,1.50649,1.50666,1.88,2.25
2018.02.12 06:27:04.485,1.5065,1.50665,1.13,1.50
2018.02.12 06:27:05.025,1.5065,1.50665,1.13,1.50
2018.02.12 06:27:08.419,1.50649,1.50664,2.06,1.50
2018.02.12 06:27:09.372,1.50649,1.50664,2.63,1.50
2018.02.12 06:27:09.902,1.50649,1.50665,1.69,2.25
2018.02.12 06:27:13.429,1.50649,1.50664,2.06,1.44
2018.02.12 06:27:18.203,1.50649,1.50665,1.19,1.69
2018.02.12 06:27:20.354,1.50649,1.50664,2.06,1.25
2018.02.12 06:27:21.403,1.50649,1.50665,1.25,2.06
2018.02.12 06:27:22.099,1.50649,1.50664,2.06,1.13
2018.02.12 06:27:22.879,1.50649,1.50664,2.06,1.19
2018.02.12 06:27:23.585,1.50649,1.50665,1.25,2.81
2018.02.12 06:27:24.128,1.50649,1.50665,1.25,2.81
2018.02.12 06:27:24.678,1.50649,1.50663,1.31,1.00
2018.02.12 06:27:24.834,1.50649,1.50665,1.25,1.25
2018.02.12 06:27:25.142,1.50649,1.50664,2.06,1.19
2018.02.12 06:27:25.329,1.50649,1.50665,1.69,1.25
2018.02.12 06:27:26.341,1.50649,1.50664,3.00,1.25
2018.02.12 06:27:27.334,1.50649,1.50665,1.25,1.00
2018.02.12 06:27:27.386,1.50649,1.50664,2.06,1.00
2018.02.12 06:27:28.634,1.5065,1.50665,1.25,1.50
2018.02.12 06:27:29.148,1.5065,1.50665,1.00,2.25
2018.02.12 06:27:29.668,1.50649,1.50666,3.00,3.75
2018.02.12 06:27:29.981,1.50646,1.50662,1.88,2.25
2018.02.12 06:27:30.497,1.50646,1.50662,1.25,2.63
2018.02.12 06:27:31.130,1.50645,1.50662,1.31,1.44
2018.02.12 06:27:31.440,1.50645,1.50662,2.00,1.63
2018.02.12 06:27:31.887,1.50646,1.50662,1.25,1.63
2018.02.12 06:27:32.419,1.50648,1.50662,1.00,1.56
2018.02.12 06:27:32.761,1.5064,1.50653,1.00,1.56
2018.02.12 06:27:33.169,1.50637,1.50653,1.88,1.69
2018.02.12 06:27:33.720,1.50638,1.50652,1.44,1.69
2018.02.12 06:27:34.343,1.50639,1.50653,1.00,1.88
2018.02.12 06:27:34.395,1.50638,1.50654,1.00,2.00
2018.02.12 06:27:34.549,1.50638,1.50652,1.25,1.50
2018.02.12 06:27:34.977,1.50637,1.50654,2.81,2.00
2018.02.12 06:27:35.079,1.50638,1.50657,1.25,2.81
2018.02.12 06:27:35.130,1.50638,1.50656,1.00,2.19
2018.02.12 06:27:35.553,1.50638,1.50657,1.88,3.56
2018.02.12 06:27:36.178,1.50638,1.50656,1.88,2.19
2018.02.12 06:27:37.573,1.50639,1.50655,1.25,1.94
2018.02.12 06:27:38.986,1.50638,1.50654,2.44,2.00
2018.02.12 06:27:39.526,1.50637,1.50653,2.44,1.81
2018.02.12 06:27:40.040,1.50638,1.50652,1.69,1.50
2018.02.12 06:27:40.144,1.50637,1.50653,3.00,1.75
2018.02.12 06:27:40.868,1.50638,1.50654,1.00,3.00
2018.02.12 06:27:41.380,1.50638,1.50653,1.50,1.75
2018.02.12 06:27:42.378,1.50638,1.50653,1.50,1.88
2018.02.12 06:27:42.929,1.50637,1.50652,1.69,1.38
2018.02.12 06:27:43.685,1.50636,1.50653,2.44,2.25
2018.02.12 06:27:43.737,1.50637,1.50652,1.25,1.44
2018.02.12 06:27:44.132,1.50636,1.50652,2.44,1.00
2018.02.12 06:27:44.275,1.50637,1.50652,1.25,1.50
2018.02.12 06:27:44.884,1.50637,1.50653,1.00,2.25
2018.02.12 06:27:45.526,1.50636,1.50653,2.44,2.25
2018.02.12 06:27:46.278,1.50637,1.50653,1.00,2.25
2018.02.12 06:27:46.928,1.50636,1.50653,2.44,2.25
2018.02.12 06:27:47.757,1.50637,1.50652,1.25,1.50
2018.02.12 06:27:48.334,1.50637,1.50652,1.44,1.50
2018.02.12 06:27:48.542,1.50637,1.50655,3.00,2.25
2018.02.12 06:27:49.123,1.5064,1.50654,1.25,2.00
2018.02.12 06:27:50.614,1.5064,1.50653,1.00,1.00
2018.02.12 06:27:51.127,1.50641,1.50653,1.00,1.00
2018.02.12 06:27:51.933,1.5064,1.50658,1.69,2.81
2018.02.12 06:27:52.507,1.5064,1.50658,1.50,2.81
2018.02.12 06:27:53.059,1.5064,1.50658,1.25,2.81
2018.02.12 06:27:53.114,1.50643,1.50658,1.19,2.25
2018.02.12 06:27:53.324,1.50641,1.50656,1.69,1.13
2018.02.12 06:27:53.480,1.50643,1.50655,1.00,1.00
2018.02.12 06:27:53.988,1.50643,1.50658,1.00,2.44
2018.02.12 06:27:56.090,1.50643,1.50658,1.00,2.44
2018.02.12 06:27:57.634,1.50643,1.50659,1.00,1.94
2018.02.12 06:27:57.892,1.50643,1.50657,1.00,2.00
2018.02.12 06:27:58.877,1.50643,1.50656,1.25,1.75
2018.02.12 06:27:59.386,1.50643,1.50656,1.25,1.75
2018.02.12 06:27:59.751,1.50641,1.50656,1.00,1.75
2018.02.12 06:28:01.358,1.5064,1.50657,1.69,3.75
2018.02.12 06:28:01.908,1.5064,1.50657,1.69,3.75
2018.02.12 06:28:02.463,1.50641,1.50656,1.00,2.00
2018.02.12 06:28:06.963,1.5064,1.50657,1.25,2.81
2018.02.12 06:28:07.486,1.50641,1.50656,1.13,1.50
2018.02.12 06:28:07.848,1.5064,1.50657,1.44,2.63
2018.02.12 06:28:07.951,1.50641,1.50656,1.13,1.50
2018.02.12 06:28:09.927,1.50641,1.50657,1.88,2.06
2018.02.12 06:28:11.127,1.50641,1.50657,1.69,1.88
2018.02.12 06:28:11.450,1.50644,1.50658,1.19,2.44
2018.02.12 06:28:11.502,1.50643,1.50658,1.19,2.44
2018.02.12 06:28:11.707,1.50647,1.50659,1.19,2.25
2018.02.12 06:28:11.811,1.50647,1.5066,1.19,1.88
2018.02.12 06:28:12.339,1.50647,1.5066,1.19,3.38
2018.02.12 06:28:12.886,1.50647,1.50659,1.19,1.13
2018.02.12 06:28:13.396,1.50647,1.50659,1.19,1.38
2018.02.12 06:28:16.556,1.50647,1.50659,1.63,1.00
2018.02.12 06:28:16.711,1.50649,1.50666,2.63,3.94
2018.02.12 06:28:16.814,1.50649,1.50663,1.81,1.25
2018.02.12 06:28:17.006,1.50649,1.50663,1.25,1.69
2018.02.12 06:28:17.057,1.5065,1.50667,1.88,3.56
2018.02.12 06:28:17.698,1.5065,1.50665,2.25,1.00
2018.02.12 06:28:18.207,1.5065,1.50667,2.25,2.25
2018.02.12 06:28:20.986,1.5065,1.50667,2.06,1.69
2018.02.12 06:28:21.533,1.5065,1.50668,2.81,3.56
2018.02.12 06:28:23.166,1.5065,1.50667,2.25,2.63
2018.02.12 06:28:30.679,1.50653,1.50667,1.25,2.00
2018.02.12 06:28:31.203,1.50653,1.50668,1.69,1.94
2018.02.12 06:28:33.084,1.50653,1.50669,1.00,3.56
2018.02.12 06:28:33.638,1.50653,1.50669,1.00,3.56
2018.02.12 06:28:34.866,1.50653,1.50669,1.00,2.43
2018.02.12 06:28:35.070,1.50653,1.50667,1.50,1.74
2018.02.12 06:28:35.172,1.50653,1.50668,1.00,2.24
2018.02.12 06:28:35.426,1.50653,1.50667,1.00,1.74
2018.02.12 06:28:35.973,1.50653,1.50668,1.00,2.99
2018.02.12 06:28:36.026,1.50653,1.50667,1.00,1.74
2018.02.12 06:28:36.542,1.50653,1.50668,1.00,3.18
2018.02.12 06:28:37.076,1.50653,1.50667,1.25,1.99
2018.02.12 06:28:37.747,1.50653,1.50668,1.00,2.43
2018.02.12 06:28:38.291,1.50653,1.50667,1.00,1.74
2018.02.12 06:28:39.341,1.50653,1.50666,1.00,1.19
2018.02.12 06:28:39.842,1.50653,1.50667,1.00,1.75
2018.02.12 06:28:40.407,1.50653,1.50668,1.00,2.44
2018.02.12 06:28:40.459,1.50653,1.50667,1.00,2.25
2018.02.12 06:28:40.979,1.50653,1.50668,1.00,2.44
2018.02.12 06:28:41.809,1.50653,1.50667,1.69,1.75
2018.02.12 06:28:46.282,1.50653,1.50667,1.69,2.25
2018.02.12 06:28:46.438,1.50649,1.50665,2.44,2.19
2018.02.12 06:28:46.492,1.50652,1.50667,1.19,1.13
2018.02.12 06:28:46.751,1.5065,1.50664,1.19,1.94
2018.02.12 06:28:47.066,1.5065,1.50662,1.19,1.50
2018.02.12 06:28:47.170,1.50649,1.50664,1.00,1.75
2018.02.12 06:28:47.377,1.50649,1.50663,1.19,1.75
2018.02.12 06:28:47.481,1.50645,1.50662,4.31,1.13
2018.02.12 06:28:48.449,1.50645,1.50662,3.38,1.94
2018.02.12 06:28:48.955,1.50646,1.50661,1.13,2.63
2018.02.12 06:28:50.929,1.50646,1.50661,1.13,3.00
2018.02.12 06:28:51.288,1.50646,1.50661,1.13,2.63
2018.02.12 06:28:51.495,1.50645,1.5066,1.88,1.31
2018.02.12 06:28:51.844,1.50644,1.5066,1.88,3.19
2018.02.12 06:28:52.491,1.50644,1.50659,1.88,1.81
2018.02.12 06:28:53.383,1.50644,1.50659,2.06,1.75
2018.02.12 06:28:53.558,1.50644,1.50659,2.06,1.75
2018.02.12 06:28:53.611,1.50644,1.50659,1.88,1.81
2018.02.12 06:28:54.685,1.50644,1.50656,1.19,1.12
2018.02.12 06:28:55.363,1.50644,1.50659,1.19,4.69
2018.02.12 06:28:56.296,1.50644,1.50659,1.19,1.94
2018.02.12 06:28:56.760,1.50644,1.50656,1.19,1.37
2018.02.12 06:28:57.983,1.50644,1.50657,1.19,2.06
2018.02.12 06:28:58.811,1.50642,1.50656,1.44,1.81
2018.02.12 06:28:59.992,1.50642,1.50657,1.19,2.25
2018.02.12 06:29:01.181,1.50642,1.50657,1.19,2.25
2018.02.12 06:29:02.789,1.50642,1.50657,1.19,2.25
2018.02.12 06:29:03.338,1.50642,1.50656,1.44,1.75
2018.02.12 06:29:04.193,1.50642,1.50658,2.06,2.25
2018.02.12 06:29:04.777,1.50643,1.50658,1.31,1.75
2018.02.12 06:29:04.933,1.50641,1.50655,1.00,1.75
2018.02.12 06:29:04.986,1.50639,1.50651,1.13,1.00
2018.02.12 06:29:05.092,1.50641,1.50656,1.63,1.87
2018.02.12 06:29:05.144,1.50642,1.50657,1.31,2.25
2018.02.12 06:29:05.659,1.50642,1.50657,1.56,1.81
2018.02.12 06:29:06.020,1.50642,1.50658,1.69,2.44
2018.02.12 06:29:06.346,1.50636,1.50649,1.19,1.31
2018.02.12 06:29:06.397,1.50633,1.50651,3.38,5.25
2018.02.12 06:29:06.909,1.50632,1.50646,1.44,2.00
2018.02.12 06:29:07.115,1.5063,1.50647,1.00,3.00
2018.02.12 06:29:07.237,1.5063,1.50647,1.00,2.19
2018.02.12 06:29:07.547,1.50629,1.50646,1.50,2.44
2018.02.12 06:29:07.703,1.50629,1.50647,3.19,2.62
2018.02.12 06:29:07.963,1.5063,1.50647,1.88,1.13
2018.02.12 06:29:08.503,1.50631,1.50648,1.25,1.31
2018.02.12 06:29:09.011,1.5063,1.50648,1.13,1.31
2018.02.12 06:29:10.637,1.50631,1.50648,1.25,2.00
2018.02.12 06:29:11.637,1.5063,1.50648,1.13,3.94
2018.02.12 06:29:12.124,1.50631,1.50648,1.25,2.44
2018.02.12 06:29:12.228,1.50631,1.50648,1.38,1.13
2018.02.12 06:29:12.280,1.50631,1.50648,1.13,1.88
2018.02.12 06:29:12.808,1.50631,1.50648,1.63,1.13
2018.02.12 06:29:13.227,1.5063,1.50642,2.44,1.31
2018.02.12 06:29:13.279,1.50629,1.50644,1.00,2.06
2018.02.12 06:29:13.650,1.50627,1.50645,2.06,1.50
2018.02.12 06:29:14.242,1.50629,1.50646,1.00,2.19
2018.02.12 06:29:14.977,1.50629,1.50645,1.00,1.13
2018.02.12 06:29:15.377,1.50627,1.50645,1.69,1.13
2018.02.12 06:29:15.964,1.50627,1.50645,3.19,1.13
2018.02.12 06:29:16.119,1.5063,1.50647,2.63,2.25
2018.02.12 06:29:16.225,1.50634,1.5065,1.56,2.81
2018.02.12 06:29:16.330,1.50634,1.50649,1.56,1.50
2018.02.12 06:29:16.434,1.50636,1.5065,1.81,1.12
2018.02.12 06:29:16.642,1.50635,1.50651,3.00,1.75
2018.02.12 06:29:17.144,1.50635,1.50653,3.00,2.19
2018.02.12 06:29:17.583,1.50635,1.50653,3.94,1.31
2018.02.12 06:29:18.088,1.50635,1.50653,3.75,2.06
2018.02.12 06:29:18.141,1.50635,1.50651,2.44,1.13
2018.02.12 06:29:18.584,1.50635,1.50652,1.00,3.56
2018.02.12 06:29:19.100,1.50633,1.50652,1.69,2.63
2018.02.12 06:29:19.255,1.50632,1.50652,5.81,1.13
2018.02.12 06:29:19.827,1.50633,1.50652,1.75,1.13
2018.02.12 06:29:20.629,1.50638,1.50654,1.63,2.44
2018.02.12 06:29:20.683,1.5064,1.50657,1.44,2.19
2018.02.12 06:29:20.786,1.5064,1.50654,1.44,1.19
2018.02.12 06:29:21.390,1.5064,1.50654,1.88,1.31
2018.02.12 06:29:21.461,1.5064,1.50654,1.88,1.00
2018.02.12 06:29:21.819,1.50641,1.50653,1.25,1.19
2018.02.12 06:29:21.870,1.50641,1.50657,1.25,1.13
2018.02.12 06:29:22.028,1.50642,1.50653,1.00,1.19
2018.02.12 06:29:22.079,1.50642,1.50654,1.13,1.00
2018.02.12 06:29:22.587,1.50641,1.50658,1.25,2.00
2018.02.12 06:29:23.175,1.50641,1.50658,1.69,3.00
2018.02.12 06:29:23.679,1.50641,1.50654,1.00,1.00
2018.02.12 06:29:23.938,1.50641,1.50658,1.69,2.25
2018.02.12 06:29:24.562,1.50641,1.50657,1.00,1.75
2018.02.12 06:29:25.079,1.50641,1.50653,1.00,1.19
2018.02.12 06:29:25.546,1.50641,1.50657,1.00,2.00
2018.02.12 06:29:26.079,1.50641,1.50658,1.69,3.00
2018.02.12 06:29:26.682,1.50641,1.50658,1.00,1.31
2018.02.12 06:29:26.734,1.50641,1.50658,1.69,2.25
2018.02.12 06:29:29.958,1.50641,1.50658,1.00,1.31
2018.02.12 06:29:30.626,1.50642,1.50654,1.13,1.00
2018.02.12 06:29:31.073,1.50642,1.50654,1.25,1.31
2018.02.12 06:29:31.586,1.50642,1.50655,1.25,1.31
2018.02.12 06:29:34.135,1.50642,1.50657,1.25,1.75
2018.02.12 06:29:34.344,1.50641,1.50657,1.69,1.75
2018.02.12 06:29:34.654,1.50642,1.50657,1.25,1.75
2018.02.12 06:29:36.040,1.50642,1.50658,1.25,2.44
2018.02.12 06:29:36.856,1.50642,1.50658,1.25,2.44
2018.02.12 06:29:37.590,1.50642,1.50658,1.25,2.44
2018.02.12 06:29:37.794,1.50642,1.50658,1.00,2.06
2018.02.12 06:29:38.340,1.50642,1.50656,1.00,1.75
2018.02.12 06:29:38.494,1.50642,1.50656,1.00,1.75
2018.02.12 06:29:38.598,1.5064,1.50655,2.25,2.44
2018.02.12 06:29:38.650,1.5064,1.50655,1.00,2.44
2018.02.12 06:29:38.814,1.50636,1.50651,2.25,2.00
2018.02.12 06:29:39.335,1.50636,1.50652,1.00,2.19
2018.02.12 06:29:39.851,1.50636,1.50651,1.00,1.31
2018.02.12 06:29:40.402,1.50636,1.5065,1.00,1.75
2018.02.12 06:29:40.917,1.50636,1.5065,1.00,1.75
2018.02.12 06:29:41.435,1.50636,1.50651,1.00,2.00
2018.02.12 06:29:41.637,1.50636,1.5065,1.00,1.75
2018.02.12 06:29:42.097,1.50636,1.50651,1.00,1.69
2018.02.12 06:29:42.582,1.50634,1.5065,1.00,1.13
2018.02.12 06:29:42.635,1.50632,1.50648,2.62,1.75
2018.02.12 06:29:42.689,1.5063,1.50645,1.50,2.00
2018.02.12 06:29:43.213,1.5063,1.50644,1.00,1.50
2018.02.12 06:29:43.834,1.5063,1.50645,1.00,1.75
2018.02.12 06:29:44.386,1.5063,1.50644,1.00,2.00
2018.02.12 06:29:44.850,1.50628,1.50646,3.38,2.63
2018.02.12 06:29:45.391,1.50628,1.50646,4.88,2.19
2018.02.12 06:29:45.902,1.5063,1.50648,2.00,2.06
2018.02.12 06:29:45.954,1.50632,1.5065,1.69,2.44
2018.02.12 06:29:47.474,1.50634,1.50651,2.63,2.63
2018.02.12 06:29:48.064,1.50634,1.50651,2.63,1.31
2018.02.12 06:29:49.341,1.50634,1.50648,3.38,1.00
2018.02.12 06:29:49.845,1.50636,1.50652,1.25,1.31
2018.02.12 06:29:50.258,1.50635,1.50653,2.25,1.13
2018.02.12 06:29:50.782,1.50636,1.50653,1.50,1.50
2018.02.12 06:29:50.937,1.50637,1.50654,1.19,4.13
2018.02.12 06:29:51.249,1.50635,1.50651,1.31,2.00
2018.02.12 06:29:51.776,1.50634,1.5065,1.69,1.75
2018.02.12 06:29:52.324,1.50634,1.5065,1.00,1.31
2018.02.12 06:29:52.864,1.50634,1.5065,1.25,1.74
2018.02.12 06:29:53.591,1.50634,1.5065,1.25,1.74
2018.02.12 06:29:54.175,1.50634,1.5065,1.25,1.30
2018.02.12 06:29:54.681,1.50633,1.5065,2.63,1.30
2018.02.12 06:29:55.225,1.50634,1.50649,1.25,1.99
2018.02.12 06:29:55.381,1.50633,1.5065,1.31,1.30
2018.02.12 06:29:55.485,1.50633,1.50651,2.81,1.49
2018.02.12 06:29:56.026,1.50634,1.50651,1.25,1.11
2018.02.12 06:29:56.546,1.50634,1.5065,1.44,1.13
2018.02.12 06:29:57.052,1.50633,1.50651,2.25,1.13
2018.02.12 06:29:57.596,1.50634,1.50651,1.44,1.13
2018.02.12 06:29:57.911,1.50633,1.50652,2.06,2.19
2018.02.12 06:30:01.398,1.50634,1.50651,1.38,1.13
2018.02.12 06:30:02.057,1.50634,1.50651,1.38,1.13
2018.02.12 06:30:02.812,1.50634,1.50652,1.31,2.19
2018.02.12 06:30:03.333,1.50634,1.50652,1.13,2.63
2018.02.12 06:30:03.948,1.50633,1.50651,1.88,2.19
2018.02.12 06:30:04.000,1.50633,1.50651,1.88,2.19
2018.02.12 06:30:04.857,1.50633,1.50649,1.25,1.75
2018.02.12 06:30:05.359,1.50634,1.50649,1.00,1.75
2018.02.12 06:30:05.889,1.50634,1.50649,1.00,1.75
2018.02.12 06:30:06.990,1.50633,1.5065,1.69,2.00
2018.02.12 06:30:07.580,1.50634,1.50649,1.00,1.75
2018.02.12 06:30:08.128,1.50634,1.5065,1.00,1.69
2018.02.12 06:30:08.660,1.50634,1.5065,1.00,2.00
2018.02.12 06:30:08.815,1.50633,1.50651,1.25,1.88
2018.02.12 06:30:09.177,1.50634,1.50651,1.44,1.13
2018.02.12 06:30:09.265,1.50633,1.50651,1.69,1.13
2018.02.12 06:30:09.845,1.50634,1.5065,1.00,2.00
2018.02.12 06:30:10.574,1.50633,1.50648,1.50,1.00
2018.02.12 06:30:10.729,1.50634,1.5065,1.00,2.00
2018.02.12 06:30:11.234,1.50633,1.50651,1.00,1.88
2018.02.12 06:30:11.866,1.50634,1.5065,1.00,2.00
2018.02.12 06:30:13.347,1.50633,1.50651,1.50,2.25
2018.02.12 06:30:13.880,1.50633,1.50651,1.50,2.25
2018.02.12 06:30:14.383,1.50634,1.5065,1.00,2.19
2018.02.12 06:30:15.409,1.50633,1.5065,1.25,1.88
2018.02.12 06:30:15.929,1.50632,1.50651,2.44,2.25
2018.02.12 06:30:16.483,1.50633,1.5065,1.38,1.13
2018.02.12 06:30:16.832,1.50636,1.50649,1.00,1.19
2018.02.12 06:30:17.543,1.50636,1.5065,1.00,1.13
2018.02.12 06:30:18.097,1.50636,1.50652,1.00,2.19
2018.02.12 06:30:18.665,1.50635,1.50654,2.81,2.44
2018.02.12 06:30:18.983,1.50635,1.50653,3.56,1.50
2018.02.12 06:30:19.035,1.50637,1.50654,1.38,2.63
2018.02.12 06:30:19.497,1.50637,1.50654,1.63,2.63
2018.02.12 06:30:20.032,1.50636,1.50653,2.06,2.00
2018.02.12 06:30:20.654,1.50637,1.50653,1.44,1.75
2018.02.12 06:30:21.229,1.50636,1.50653,1.50,2.44
2018.02.12 06:30:21.281,1.50637,1.50653,1.00,1.94
2018.02.12 06:30:21.334,1.50635,1.50653,3.56,1.94
2018.02.12 06:30:21.797,1.50635,1.50653,3.56,1.94
2018.02.12 06:30:22.200,1.50637,1.5065,1.69,1.00
2018.02.12 06:30:22.513,1.50638,1.50653,1.50,1.88
2018.02.12 06:30:23.453,1.50638,1.50653,1.50,2.44
2018.02.12 06:30:23.660,1.50638,1.50653,1.50,2.44
2018.02.12 06:30:24.177,1.50638,1.50653,1.50,2.44
2018.02.12 06:30:24.780,1.50638,1.50653,1.00,1.75
2018.02.12 06:30:25.318,1.50638,1.50654,1.00,2.44
2018.02.12 06:30:25.370,1.50638,1.50653,1.50,2.00
2018.02.12 06:30:25.679,1.50638,1.50653,1.00,1.75
2018.02.12 06:30:25.731,1.50638,1.50653,1.00,2.63
2018.02.12 06:30:26.249,1.50638,1.50653,1.00,1.88
2018.02.12 06:30:26.403,1.50638,1.50654,1.00,3.00
2018.02.12 06:30:26.926,1.50638,1.50654,1.00,3.00
2018.02.12 06:30:27.182,1.50638,1.50654,1.00,2.06
2018.02.12 06:30:27.422,1.50638,1.50654,1.00,2.06
2018.02.12 06:30:27.474,1.50637,1.5065,1.00,1.69
2018.02.12 06:30:27.980,1.50636,1.50651,1.00,1.13
2018.02.12 06:30:28.033,1.50636,1.50652,1.00,1.13
2018.02.12 06:30:28.137,1.50636,1.50651,1.25,1.38
2018.02.12 06:30:31.104,1.50636,1.50652,1.25,1.13
2018.02.12 06:30:31.468,1.50638,1.50653,1.00,1.13
2018.02.12 06:30:31.984,1.50639,1.50654,1.00,1.13
2018.02.12 06:30:32.357,1.50637,1.50655,2.62,1.94
2018.02.12 06:30:32.615,1.50639,1.50655,1.13,2.25
2018.02.12 06:30:33.141,1.50638,1.50655,1.88,2.25
2018.02.12 06:30:34.490,1.50637,1.50656,2.06,3.00
2018.02.12 06:30:35.064,1.50638,1.50655,1.38,1.13
2018.02.12 06:30:36.106,1.50638,1.50654,1.38,1.19
2018.02.12 06:30:36.310,1.50638,1.50655,1.38,1.13
2018.02.12 06:30:37.174,1.50638,1.50655,1.38,1.13
2018.02.12 06:30:38.331,1.50638,1.50656,1.38,1.50
2018.02.12 06:30:38.777,1.50638,1.50654,1.38,1.13
2018.02.12 06:30:39.324,1.50637,1.50655,2.06,1.13
2018.02.12 06:30:39.780,1.50637,1.50655,3.75,1.13
2018.02.12 06:30:39.833,1.50639,1.50656,1.87,1.19
2018.02.12 06:30:39.885,1.5064,1.50657,1.38,2.19
2018.02.12 06:30:40.157,1.50641,1.50658,1.13,2.63
2018.02.12 06:30:40.415,1.50641,1.50657,2.06,1.31
2018.02.12 06:30:40.725,1.50639,1.50656,1.44,1.13
2018.02.12 06:30:41.277,1.50639,1.50656,1.50,1.13
2018.02.12 06:30:41.781,1.50639,1.50656,1.50,1.13
2018.02.12 06:30:42.214,1.5064,1.50656,1.38,1.13
2018.02.12 06:30:42.422,1.50639,1.50657,1.88,1.31
2018.02.12 06:30:42.526,1.50639,1.50656,1.31,1.31
2018.02.12 06:30:43.177,1.50639,1.50657,1.13,2.44
2018.02.12 06:30:43.697,1.50638,1.50654,3.00,1.81
2018.02.12 06:30:44.353,1.50639,1.50655,1.63,1.31
2018.02.12 06:30:46.095,1.50639,1.50655,2.06,1.13
2018.02.12 06:30:46.435,1.50642,1.50658,1.25,2.06
2018.02.12 06:30:46.487,1.50642,1.50657,1.38,1.75
2018.02.12 06:30:50.101,1.50642,1.50656,1.50,1.00
2018.02.12 06:30:50.477,1.50642,1.50656,1.50,1.56
2018.02.12 06:30:50.787,1.50643,1.50657,1.81,1.56
2018.02.12 06:30:50.890,1.50644,1.5066,2.06,2.63
2018.02.12 06:30:52.197,1.50644,1.5066,1.56,1.81
2018.02.12 06:30:53.673,1.50644,1.50659,1.81,1.25
2018.02.12 06:30:53.725,1.50644,1.50661,1.56,2.63
2018.02.12 06:30:54.034,1.50648,1.50662,1.19,1.13
2018.02.12 06:30:54.345,1.50654,1.50666,1.19,1.94
2018.02.12 06:30:54.823,1.50654,1.50666,1.19,1.37
2018.02.12 06:30:55.173,1.50653,1.50667,1.19,2.44
2018.02.12 06:30:55.479,1.5065,1.50666,1.87,2.19
2018.02.12 06:30:56.016,1.5065,1.50666,2.06,2.06
2018.02.12 06:30:56.549,1.5065,1.50666,1.31,2.00
2018.02.12 06:30:57.094,1.5065,1.50666,1.31,2.19
2018.02.12 06:30:57.604,1.5065,1.50666,1.31,2.19
2018.02.12 06:30:58.136,1.5065,1.50666,1.31,3.00
2018.02.12 06:30:58.599,1.50649,1.50664,1.69,1.75
2018.02.12 06:30:58.809,1.50649,1.50665,1.69,2.00
2018.02.12 06:30:58.912,1.5065,1.50661,1.19,1.00
2018.02.12 06:31:00.129,1.50648,1.50663,1.19,2.06
2018.02.12 06:31:00.235,1.50643,1.50661,4.50,1.75
2018.02.12 06:31:00.547,1.50643,1.50658,3.56,2.06
2018.02.12 06:31:00.703,1.50643,1.50658,2.44,1.00
2018.02.12 06:31:01.207,1.50643,1.5066,2.44,2.25
2018.02.12 06:31:01.729,1.50643,1.50659,3.38,1.13
2018.02.12 06:31:01.781,1.50643,1.50659,2.44,1.13
2018.02.12 06:31:02.254,1.50643,1.50659,2.44,1.13
2018.02.12 06:31:02.307,1.50644,1.5066,1.00,1.94
2018.02.12 06:31:02.755,1.50642,1.5066,1.25,2.44
2018.02.12 06:31:03.261,1.50642,1.50659,1.31,1.13
2018.02.12 06:31:03.884,1.50641,1.5066,3.00,2.44
2018.02.12 06:31:03.992,1.50642,1.50659,1.31,1.13
2018.02.12 06:31:04.864,1.50642,1.50659,2.06,1.13
2018.02.12 06:31:05.252,1.50641,1.50657,1.25,1.87
2018.02.12 06:31:05.780,1.5064,1.50657,1.31,1.13
2018.02.12 06:31:05.832,1.5064,1.50657,2.25,2.06
2018.02.12 06:31:06.415,1.5064,1.50656,1.00,1.88
2018.02.12 06:31:06.571,1.50638,1.50656,1.31,2.63
2018.02.12 06:31:07.079,1.50638,1.50655,2.25,1.69
2018.02.12 06:31:08.124,1.50638,1.50656,1.31,1.88
2018.02.12 06:31:08.645,1.50638,1.50655,2.25,2.00
2018.02.12 06:31:09.180,1.50638,1.50656,2.44,1.88
2018.02.12 06:31:09.730,1.50639,1.50656,1.13,1.94
2018.02.12 06:31:09.857,1.50639,1.50656,1.38,1.94
2018.02.12 06:31:10.377,1.50639,1.50657,1.31,2.63
2018.02.12 06:31:10.924,1.50638,1.50655,2.06,1.75
2018.02.12 06:31:11.433,1.50638,1.50656,1.69,2.06
2018.02.12 06:31:11.981,1.50638,1.50656,2.25,2.00
2018.02.12 06:31:12.532,1.50639,1.50656,1.00,1.75
2018.02.12 06:31:13.630,1.50639,1.50656,2.06,2.44
2018.02.12 06:31:14.779,1.50639,1.50656,1.25,2.44
2018.02.12 06:31:15.285,1.50639,1.50655,1.25,1.38
2018.02.12 06:31:15.877,1.50639,1.50654,1.25,1.38
2018.02.12 06:31:15.981,1.50638,1.50651,1.00,1.50
2018.02.12 06:31:16.264,1.50633,1.50647,1.00,2.25
2018.02.12 06:31:16.803,1.50633,1.50647,1.00,1.75
2018.02.12 06:31:17.083,1.5063,1.50647,4.31,1.75
2018.02.12 06:31:17.783,1.50631,1.50647,1.00,2.00
2018.02.12 06:31:18.284,1.50631,1.50646,1.69,2.00
2018.02.12 06:31:18.595,1.50629,1.50644,1.00,1.94
2018.02.12 06:31:18.877,1.50622,1.50637,2.25,1.56
2018.02.12 06:31:19.034,1.50622,1.50637,1.50,1.31
2018.02.12 06:31:19.194,1.50623,1.50636,1.00,1.00
2018.02.12 06:31:19.709,1.50622,1.5064,2.06,1.31
2018.02.12 06:31:20.014,1.50623,1.5064,1.69,1.69
2018.02.12 06:31:20.078,1.50623,1.5064,2.06,1.62
2018.02.12 06:31:20.395,1.50621,1.50636,1.88,1.31
2018.02.12 06:31:20.928,1.50621,1.50634,1.69,1.19
2018.02.12 06:31:21.466,1.50621,1.50636,1.25,2.06
2018.02.12 06:31:22.024,1.5062,1.50637,1.25,4.31
2018.02.12 06:31:22.565,1.5062,1.50635,1.44,2.00
2018.02.12 06:31:23.119,1.5062,1.50637,1.69,3.56
2018.02.12 06:31:23.625,1.5062,1.50636,1.88,1.94
2018.02.12 06:31:24.162,1.50618,1.50636,3.19,2.44
2018.02.12 06:31:25.803,1.5062,1.50636,1.25,3.19
2018.02.12 06:31:26.317,1.50619,1.50636,1.31,2.44
2018.02.12 06:31:26.840,1.50619,1.50635,1.38,1.75
2018.02.12 06:31:27.531,1.50618,1.50636,3.38,2.44
2018.02.12 06:31:28.085,1.50619,1.50635,1.56,1.50
2018.02.12 06:31:28.442,1.50622,1.50637,1.50,1.00
2018.02.12 06:31:28.495,1.50622,1.50637,2.63,1.25
2018.02.12 06:31:28.549,1.50626,1.50642,1.69,1.31
2018.02.12 06:31:29.175,1.50625,1.50642,1.69,3.00
2018.02.12 06:31:29.980,1.50625,1.50642,1.38,2.00
2018.02.12 06:31:30.527,1.50625,1.50639,1.38,1.00
2018.02.12 06:31:32.349,1.50626,1.50642,1.25,1.88
2018.02.12 06:31:32.878,1.50627,1.50642,1.25,2.25
2018.02.12 06:31:33.045,1.50626,1.50641,1.44,1.00
2018.02.12 06:31:33.104,1.50627,1.50642,1.38,1.37
2018.02.12 06:31:33.313,1.50627,1.50643,2.06,1.00
2018.02.12 06:31:33.712,1.50628,1.50644,1.50,1.88
2018.02.12 06:31:34.127,1.50627,1.50645,5.25,3.19
2018.02.12 06:31:34.361,1.50628,1.50644,1.88,2.19
2018.02.12 06:31:34.884,1.50628,1.50644,1.38,2.19
2018.02.12 06:31:35.279,1.50627,1.50645,3.56,3.19
2018.02.12 06:31:35.382,1.50628,1.50643,1.13,1.13
2018.02.12 06:31:36.178,1.50627,1.50644,1.69,1.13
2018.02.12 06:31:36.587,1.50627,1.50645,1.88,2.06
2018.02.12 06:31:37.402,1.50628,1.50645,1.44,3.56
2018.02.12 06:31:38.109,1.50628,1.50645,1.38,1.31
2018.02.12 06:31:38.542,1.50626,1.50645,4.31,2.63
2018.02.12 06:31:38.947,1.50627,1.50643,1.63,1.00
2018.02.12 06:31:39.480,1.50627,1.50644,1.56,2.00
2018.02.12 06:31:41.795,1.50628,1.50644,1.13,2.06
2018.02.12 06:31:41.960,1.50627,1.50644,1.81,1.88
2018.02.12 06:31:42.571,1.50626,1.50645,5.25,4.50
2018.02.12 06:31:44.126,1.50627,1.50644,1.81,1.31
2018.02.12 06:31:45.138,1.50627,1.50645,1.88,2.25
2018.02.12 06:31:45.686,1.50629,1.50643,1.56,1.19
2018.02.12 06:31:46.399,1.50629,1.50643,1.56,1.25
2018.02.12 06:31:47.135,1.50629,1.50645,1.56,1.13
2018.02.12 06:31:47.660,1.5063,1.50645,1.56,2.00
2018.02.12 06:31:48.259,1.5063,1.50643,1.50,1.00
2018.02.12 06:31:49.234,1.5063,1.50645,1.63,2.00
2018.02.12 06:31:49.748,1.5063,1.50643,1.56,1.00
2018.02.12 06:31:49.935,1.50629,1.50645,2.63,1.13
2018.02.12 06:31:50.244,1.50629,1.50644,1.88,1.13
2018.02.12 06:31:50.296,1.50629,1.50642,1.25,1.00
2018.02.12 06:31:51.460,1.50629,1.50644,1.88,1.31
2018.02.12 06:31:57.428,1.50629,1.50644,1.31,1.31
2018.02.12 06:31:58.671,1.50629,1.50644,1.25,1.88
2018.02.12 06:31:59.592,1.50629,1.50644,1.63,1.88
2018.02.12 06:32:00.123,1.50627,1.50645,2.25,2.06
2018.02.12 06:32:00.716,1.50627,1.50645,2.25,2.81
2018.02.12 06:32:01.376,1.50627,1.50644,2.25,1.13
2018.02.12 06:32:01.883,1.5063,1.50645,1.13,2.19
2018.02.12 06:32:02.431,1.5063,1.50646,1.44,3.00
2018.02.12 06:32:03.074,1.5063,1.50645,2.06,1.94
2018.02.12 06:32:10.849,1.50631,1.50647,1.31,2.25
2018.02.12 06:32:12.680,1.50631,1.50647,1.44,2.19
2018.02.12 06:32:13.202,1.50632,1.50647,1.31,1.13
2018.02.12 06:32:17.679,1.50632,1.50647,1.31,1.13
2018.02.12 06:32:18.180,1.50631,1.50648,4.31,1.13
2018.02.12 06:32:18.689,1.50632,1.50648,1.31,2.06
2018.02.12 06:32:20.544,1.50631,1.50649,2.81,3.75
2018.02.12 06:32:20.752,1.50637,1.50652,1.50,1.13
2018.02.12 06:32:20.910,1.50635,1.50651,1.00,1.31
2018.02.12 06:32:21.265,1.50633,1.50645,1.25,1.00
2018.02.12 06:32:21.842,1.50633,1.50648,1.69,1.94
2018.02.12 06:32:23.689,1.50633,1.5065,1.00,3.19
2018.02.12 06:32:23.742,1.50633,1.50648,1.25,1.94
2018.02.12 06:32:24.052,1.50635,1.50649,1.00,2.19
2018.02.12 06:32:24.452,1.50632,1.50647,1.00,1.94
2018.02.12 06:32:24.959,1.50632,1.50647,1.00,2.25
2018.02.12 06:32:25.270,1.50632,1.50646,1.00,2.00
2018.02.12 06:32:25.373,1.50632,1.50646,1.00,1.94
2018.02.12 06:32:25.681,1.50632,1.50646,1.00,1.75
2018.02.12 06:32:26.198,1.50632,1.50645,1.00,1.00
2018.02.12 06:32:28.283,1.50632,1.50647,1.69,1.31
2018.02.12 06:32:28.335,1.50632,1.50647,1.25,1.13
2018.02.12 06:32:29.490,1.50632,1.50649,1.25,2.63
2018.02.12 06:32:29.542,1.50633,1.50649,2.00,2.63
2018.02.12 06:32:29.673,1.50636,1.50652,2.63,1.13
2018.02.12 06:32:29.728,1.50638,1.50654,1.13,2.19
2018.02.12 06:32:29.780,1.50638,1.50653,1.25,1.38
2018.02.12 06:32:30.295,1.50638,1.50654,1.25,1.38
2018.02.12 06:32:30.952,1.50639,1.50654,1.00,1.88
2018.02.12 06:32:31.261,1.50639,1.50653,1.00,1.13
2018.02.12 06:32:31.777,1.50639,1.50653,1.00,1.13
2018.02.12 06:32:32.546,1.50638,1.50653,1.69,1.13
2018.02.12 06:32:33.090,1.50639,1.50653,1.00,1.13
2018.02.12 06:32:33.624,1.50638,1.50653,1.50,1.13
2018.02.12 06:32:33.676,1.50639,1.50654,1.69,2.06
2018.02.12 06:32:33.987,1.5064,1.50658,1.75,1.88
2018.02.12 06:32:34.090,1.50644,1.50658,1.00,1.88
2018.02.12 06:32:34.627,1.50642,1.50658,1.50,1.38
2018.02.12 06:32:35.143,1.50641,1.50656,2.06,1.69
2018.02.12 06:32:35.461,1.50636,1.50653,1.25,2.19
2018.02.12 06:32:35.997,1.50635,1.50652,1.88,1.13
2018.02.12 06:32:36.101,1.50635,1.50652,1.25,2.44
2018.02.12 06:32:36.204,1.50635,1.50651,1.25,1.75
2018.02.12 06:32:36.515,1.50634,1.50651,1.63,1.69
2018.02.12 06:32:37.024,1.50634,1.50652,2.06,1.75
2018.02.12 06:32:37.687,1.50637,1.50651,1.13,1.69
2018.02.12 06:32:38.211,1.50636,1.50652,1.25,1.75
2018.02.12 06:32:38.525,1.50638,1.50653,1.25,2.19
2018.02.12 06:32:39.130,1.50636,1.50653,2.06,1.13
2018.02.12 06:32:39.914,1.50639,1.50653,1.00,2.19
2018.02.12 06:32:40.032,1.50636,1.50653,2.81,2.19
2018.02.12 06:32:40.366,1.50639,1.50653,1.00,2.19
2018.02.12 06:32:40.571,1.50636,1.50653,2.06,1.13
2018.02.12 06:32:40.799,1.50639,1.50653,1.00,2.19
2018.02.12 06:32:42.484,1.50639,1.50653,1.00,2.19
2018.02.12 06:32:47.381,1.50639,1.50653,1.00,1.13
2018.02.12 06:32:47.926,1.50639,1.50653,1.00,2.19
2018.02.12 06:32:48.801,1.50639,1.50653,1.00,1.87
2018.02.12 06:32:49.050,1.50637,1.50653,1.00,1.87
2018.02.12 06:32:49.664,1.50637,1.50653,1.00,1.88
2018.02.12 06:32:50.180,1.50637,1.50653,1.00,2.00
2018.02.12 06:32:51.676,1.50637,1.50653,1.00,2.06
2018.02.12 06:32:52.477,1.50635,1.50651,1.44,1.94
2018.02.12 06:32:54.434,1.50636,1.50651,1.00,2.25
2018.02.12 06:32:54.944,1.50636,1.50651,1.00,1.31
2018.02.12 06:32:55.468,1.50636,1.50652,1.00,2.63
2018.02.12 06:32:55.708,1.50636,1.50649,1.38,1.00
2018.02.12 06:32:55.813,1.50638,1.50655,2.06,2.00
2018.02.12 06:32:55.866,1.50638,1.50655,2.06,2.00
2018.02.12 06:32:56.383,1.50641,1.50656,1.00,1.13
2018.02.12 06:32:56.825,1.50641,1.50656,1.00,1.13
2018.02.12 06:32:58.088,1.50641,1.50656,1.00,1.75
2018.02.12 06:32:58.422,1.50641,1.50657,1.00,3.56
2018.02.12 06:32:58.932,1.50641,1.50656,1.00,2.00
2018.02.12 06:32:59.729,1.50641,1.50653,1.00,1.00
2018.02.12 06:33:00.235,1.50639,1.50653,1.69,1.31
2018.02.12 06:33:00.443,1.50636,1.50652,2.63,2.19
2018.02.12 06:33:00.701,1.50636,1.50652,2.63,2.00
2018.02.12 06:33:01.441,1.50636,1.50652,1.88,1.74
2018.02.12 06:33:01.833,1.50634,1.50649,2.25,1.74
2018.02.12 06:33:02.297,1.50632,1.50649,4.69,1.74
2018.02.12 06:33:02.828,1.50632,1.50648,1.31,1.74
2018.02.12 06:33:03.188,1.50632,1.50648,1.50,1.99
2018.02.12 06:33:03.722,1.50634,1.5065,1.13,1.99
2018.02.12 06:33:04.224,1.50634,1.50651,1.00,1.49
2018.02.12 06:33:04.835,1.50634,1.50652,2.81,3.17
2018.02.12 06:33:04.939,1.50634,1.50652,1.25,5.81
2018.02.12 06:33:05.477,1.50634,1.50652,2.25,3.56
2018.02.12 06:33:06.437,1.50634,1.50651,1.31,2.00
2018.02.12 06:33:07.078,1.50634,1.50652,2.25,3.56
2018.02.12 06:33:07.233,1.50634,1.50651,2.06,3.19
2018.02.12 06:33:07.286,1.50634,1.5065,1.88,1.50
2018.02.12 06:33:07.390,1.50634,1.50651,1.25,1.13
2018.02.12 06:33:07.904,1.50634,1.5065,1.00,1.75
2018.02.12 06:33:08.436,1.50634,1.50649,1.25,1.75
2018.02.12 06:33:09.324,1.50634,1.5065,1.00,1.75
2018.02.12 06:33:09.376,1.50634,1.50649,1.25,2.00
2018.02.12 06:33:09.480,1.50634,1.5065,1.00,2.06
2018.02.12 06:33:09.634,1.50634,1.50649,1.25,2.00
2018.02.12 06:33:09.737,1.50634,1.5065,1.00,1.75
2018.02.12 06:33:10.226,1.50634,1.50649,1.25,2.00
2018.02.12 06:33:10.380,1.50634,1.5065,1.00,2.44
2018.02.12 06:33:10.981,1.50634,1.50648,1.25,1.75
2018.02.12 06:33:11.520,1.50634,1.50648,1.25,1.75
2018.02.12 06:33:12.730,1.50634,1.5065,1.00,2.44
2018.02.12 06:33:13.380,1.50634,1.5065,1.00,2.44
2018.02.12 06:33:14.110,1.50634,1.50649,1.00,1.88
2018.02.12 06:33:14.628,1.50634,1.50649,1.00,1.88
2018.02.12 06:33:15.333,1.50634,1.50649,1.00,2.00
2018.02.12 06:33:15.642,1.50634,1.5065,1.13,1.50
2018.02.12 06:33:15.921,1.50634,1.50651,1.50,3.19
2018.02.12 06:33:16.025,1.50637,1.50651,1.00,1.13
2018.02.12 06:33:16.077,1.50637,1.50652,1.00,1.13
2018.02.12 06:33:16.129,1.50637,1.50651,1.00,1.13
2018.02.12 06:33:16.501,1.50637,1.50652,1.00,1.13
2018.02.12 06:33:17.015,1.50637,1.50651,1.00,1.13
2018.02.12 06:33:17.626,1.50637,1.50651,1.00,1.13
2018.02.12 06:33:18.001,1.50637,1.50649,1.00,1.00
2018.02.12 06:33:18.179,1.50637,1.50651,1.00,1.31
2018.02.12 06:33:20.083,1.50637,1.50651,1.00,1.88
2018.02.12 06:33:20.587,1.50637,1.50651,1.00,1.88
2018.02.12 06:33:21.176,1.50637,1.50652,1.00,2.06
2018.02.12 06:33:23.678,1.50637,1.50651,1.00,1.75
2018.02.12 06:33:24.334,1.50637,1.5065,1.00,1.94
2018.02.12 06:33:24.386,1.50634,1.50651,1.25,2.62
2018.02.12 06:33:24.594,1.50635,1.50651,1.31,1.75
2018.02.12 06:33:25.765,1.50634,1.50652,3.56,2.63
2018.02.12 06:33:26.537,1.50634,1.5065,4.13,1.94
2018.02.12 06:33:26.590,1.50634,1.5065,4.13,2.19
2018.02.12 06:33:26.706,1.50634,1.50649,1.13,1.13
2018.02.12 06:33:27.286,1.50634,1.50648,1.13,1.69
2018.02.12 06:33:27.679,1.50633,1.50651,1.13,3.00
2018.02.12 06:33:27.999,1.50633,1.5065,2.25,2.25
2018.02.12 06:33:28.051,1.50632,1.50651,3.19,3.00
2018.02.12 06:33:28.204,1.50633,1.5065,1.50,2.25
2018.02.12 06:33:28.753,1.50633,1.50649,1.25,2.06
2018.02.12 06:33:29.548,1.50633,1.50648,1.44,1.69
2018.02.12 06:33:29.600,1.50632,1.50649,2.63,2.06
2018.02.12 06:33:30.329,1.50632,1.50648,1.63,1.69
2018.02.12 06:33:31.640,1.50631,1.50648,1.88,1.13
2018.02.12 06:33:31.896,1.50631,1.50647,1.88,1.75
2018.02.12 06:33:32.258,1.50629,1.50643,1.50,2.00
2018.02.12 06:33:33.235,1.50629,1.50645,1.00,2.81
2018.02.12 06:33:33.881,1.5063,1.50645,1.00,2.63
2018.02.12 06:33:34.396,1.50629,1.50644,1.25,1.13
2018.02.12 06:33:34.553,1.50629,1.50643,1.00,2.00
2018.02.12 06:33:34.761,1.50629,1.50644,1.00,2.81
2018.02.12 06:33:35.281,1.50629,1.50644,1.00,3.56
2018.02.12 06:33:35.811,1.50629,1.50643,1.00,1.88
2018.02.12 06:33:36.852,1.50629,1.50644,1.00,3.94
2018.02.12 06:33:37.388,1.50629,1.50643,1.00,1.88
2018.02.12 06:33:38.012,1.50629,1.50644,1.00,3.94
2018.02.12 06:33:38.528,1.50629,1.50643,1.00,1.88
2018.02.12 06:33:40.155,1.50629,1.50644,1.00,3.19
2018.02.12 06:33:40.263,1.50629,1.5064,1.00,1.75
2018.02.12 06:33:40.368,1.50627,1.50643,1.00,3.75
2018.02.12 06:33:40.421,1.50627,1.50642,1.00,1.50
2018.02.12 06:33:40.473,1.50627,1.50643,1.00,2.81
2018.02.12 06:33:40.887,1.50627,1.5064,1.00,1.00
2018.02.12 06:33:40.939,1.50627,1.5064,1.00,1.50
2018.02.12 06:33:41.042,1.50623,1.5064,3.00,1.69
2018.02.12 06:33:41.579,1.50623,1.50639,2.25,1.50
2018.02.12 06:33:41.863,1.50623,1.50637,1.69,2.00
2018.02.12 06:33:41.966,1.50623,1.50639,1.50,1.50
2018.02.12 06:33:42.018,1.50623,1.50639,1.00,1.50
2018.02.12 06:33:42.436,1.50623,1.50636,1.13,1.38
2018.02.12 06:33:42.924,1.50623,1.50639,1.00,1.50
2018.02.12 06:33:43.692,1.50623,1.50638,2.06,1.38
2018.02.12 06:33:44.254,1.50623,1.50639,1.25,1.75
2018.02.12 06:33:44.770,1.50623,1.50636,1.31,1.75
2018.02.12 06:33:45.340,1.50623,1.5064,1.13,2.19
2018.02.12 06:33:45.392,1.50623,1.50635,1.25,1.00
2018.02.12 06:33:45.926,1.50621,1.50638,1.69,1.94
2018.02.12 06:33:48.483,1.50625,1.5064,1.00,1.75
2018.02.12 06:33:49.016,1.50625,1.50641,1.00,4.13
2018.02.12 06:33:52.780,1.50625,1.50641,1.00,3.75
2018.02.12 06:33:53.142,1.50625,1.50641,1.63,1.13
2018.02.12 06:33:53.637,1.50629,1.50643,1.00,1.13
2018.02.12 06:33:54.180,1.50629,1.50644,1.00,2.25
2018.02.12 06:33:54.345,1.50626,1.50644,1.31,3.00
2018.02.12 06:33:54.485,1.50629,1.50644,1.00,1.31
2018.02.12 06:33:55.360,1.50629,1.50643,1.00,1.38
2018.02.12 06:34:00.117,1.50629,1.50643,1.13,1.19
2018.02.12 06:34:00.220,1.50629,1.50644,1.00,1.94
2018.02.12 06:34:02.980,1.50629,1.50644,1.25,3.19
2018.02.12 06:34:03.811,1.50629,1.50642,1.25,1.56
2018.02.12 06:34:03.864,1.50629,1.50644,1.25,1.75
2018.02.12 06:34:04.121,1.50629,1.50645,1.25,2.44
2018.02.12 06:34:04.762,1.50629,1.50645,1.25,2.00
2018.02.12 06:34:05.179,1.50629,1.50645,1.38,2.44
2018.02.12 06:34:05.489,1.50629,1.50646,1.00,2.25
2018.02.12 06:34:05.841,1.50629,1.50646,1.00,2.25
2018.02.12 06:34:06.379,1.50629,1.50645,1.25,1.31
2018.02.12 06:34:06.978,1.50629,1.50645,1.00,1.75
2018.02.12 06:34:07.580,1.50629,1.50645,1.25,1.50
2018.02.12 06:34:08.116,1.50629,1.50645,1.38,2.00
2018.02.12 06:34:08.481,1.50629,1.50644,1.25,2.00
2018.02.12 06:34:09.380,1.50629,1.50643,1.13,1.00
2018.02.12 06:34:09.431,1.50629,1.50645,1.13,2.00
2018.02.12 06:34:09.680,1.50629,1.50643,1.13,1.00
2018.02.12 06:34:09.732,1.50629,1.50645,1.13,1.94
2018.02.12 06:34:10.404,1.50629,1.50646,1.00,3.00
2018.02.12 06:34:10.825,1.50629,1.5064,1.00,1.56
2018.02.12 06:34:11.439,1.50629,1.50642,1.00,1.00
2018.02.12 06:34:12.033,1.50629,1.50645,1.25,1.13
2018.02.12 06:34:12.921,1.50629,1.50645,1.00,1.13
2018.02.12 06:34:13.024,1.50629,1.50639,1.00,1.69
2018.02.12 06:34:13.076,1.50629,1.50644,1.00,1.31
2018.02.12 06:34:13.230,1.50629,1.50645,1.00,2.06
2018.02.12 06:34:13.281,1.50629,1.50644,1.00,2.00
2018.02.12 06:34:13.797,1.50629,1.50644,1.00,2.19
2018.02.12 06:34:14.122,1.50629,1.50639,1.00,1.44
2018.02.12 06:34:14.174,1.50629,1.50643,1.00,1.88
2018.02.12 06:34:14.278,1.50629,1.5064,1.00,1.63
2018.02.12 06:34:14.944,1.50629,1.50641,1.00,1.88
2018.02.12 06:34:15.046,1.50625,1.50639,1.88,1.50
2018.02.12 06:34:15.301,1.50625,1.5064,1.25,1.88
2018.02.12 06:34:15.502,1.50625,1.50638,1.13,1.00
2018.02.12 06:34:16.045,1.50625,1.50641,1.63,2.06
2018.02.12 06:34:18.384,1.50625,1.50642,1.56,1.50
2018.02.12 06:34:22.884,1.50625,1.50643,1.69,2.00
2018.02.12 06:34:23.226,1.50629,1.50643,1.00,1.63
2018.02.12 06:34:23.732,1.50625,1.50644,1.81,2.63
2018.02.12 06:34:23.887,1.50625,1.50642,1.56,2.06
2018.02.12 06:34:24.434,1.50626,1.50642,1.69,3.00
2018.02.12 06:34:24.939,1.50624,1.50641,1.69,2.00
2018.02.12 06:34:25.374,1.50624,1.50641,1.69,1.69
2018.02.12 06:34:25.926,1.50624,1.50642,2.63,3.38
2018.02.12 06:34:26.428,1.50625,1.50642,1.50,1.75
2018.02.12 06:34:26.780,1.50627,1.50643,1.00,3.38
2018.02.12 06:34:27.129,1.50624,1.50642,2.81,2.06
2018.02.12 06:34:27.917,1.50624,1.50632,1.00,1.00
2018.02.12 06:34:28.024,1.50619,1.50631,2.25,1.13
2018.02.12 06:34:28.077,1.50617,1.50625,1.50,1.56
2018.02.12 06:34:28.129,1.50614,1.50626,1.44,2.00
2018.02.12 06:34:28.233,1.50614,1.5063,1.44,2.06
2018.02.12 06:34:28.584,1.50612,1.5063,2.63,1.50
2018.02.12 06:34:28.842,1.50611,1.50629,1.88,1.88
2018.02.12 06:34:29.207,1.50611,1.50626,1.19,1.56
2018.02.12 06:34:29.259,1.50611,1.50629,1.50,1.31
2018.02.12 06:34:29.363,1.50612,1.5063,1.31,2.63
2018.02.12 06:34:29.734,1.50611,1.50631,1.75,3.00
2018.02.12 06:34:30.486,1.5061,1.50625,2.00,1.56
2018.02.12 06:34:30.538,1.5061,1.50628,2.25,1.19
2018.02.12 06:34:30.745,1.50611,1.50626,2.81,1.81
2018.02.12 06:34:30.797,1.50612,1.50629,1.00,2.00
2018.02.12 06:34:30.901,1.50612,1.50628,1.13,2.00
2018.02.12 06:34:31.476,1.50611,1.50628,1.56,1.81
2018.02.12 06:34:31.630,1.5061,1.50624,1.50,1.56
2018.02.12 06:34:31.937,1.50607,1.50625,2.81,1.13
2018.02.12 06:34:31.990,1.50608,1.50623,1.12,1.13
2018.02.12 06:34:32.147,1.50606,1.5062,1.00,1.69
2018.02.12 06:34:32.317,1.50604,1.50622,2.06,1.81
2018.02.12 06:34:32.420,1.50605,1.50623,1.63,2.63
2018.02.12 06:34:32.675,1.50603,1.50622,2.81,1.50
2018.02.12 06:34:33.209,1.50605,1.50622,1.50,1.63
2018.02.12 06:34:33.715,1.50605,1.50622,1.69,1.75
2018.02.12 06:34:34.784,1.50605,1.50623,1.31,3.38
2018.02.12 06:34:34.836,1.50605,1.50622,1.69,1.75
2018.02.12 06:34:35.378,1.50605,1.50622,1.69,1.75
2018.02.12 06:34:35.707,1.50604,1.5062,1.44,1.31
2018.02.12 06:34:36.021,1.50602,1.50617,1.69,1.13
2018.02.12 06:34:36.073,1.50602,1.50617,1.50,2.06
2018.02.12 06:34:36.177,1.50602,1.50618,1.00,2.25
2018.02.12 06:34:36.714,1.506,1.50617,1.88,2.25
2018.02.12 06:34:37.180,1.506,1.50617,1.50,2.44
2018.02.12 06:34:37.335,1.506,1.50617,1.00,1.13
2018.02.12 06:34:37.541,1.50599,1.50616,3.19,1.13
2018.02.12 06:34:38.050,1.506,1.50615,1.13,1.94
2018.02.12 06:34:38.651,1.50598,1.50616,1.12,1.31
2018.02.12 06:34:38.873,1.50598,1.50616,1.87,1.50
2018.02.12 06:34:39.186,1.50599,1.50614,1.00,1.69
2018.02.12 06:34:39.700,1.50598,1.50615,1.12,2.00
2018.02.12 06:34:40.238,1.50599,1.50614,1.00,1.88
2018.02.12 06:34:40.444,1.50599,1.50617,1.44,3.00
2018.02.12 06:34:40.496,1.50599,1.50616,2.06,1.81
2018.02.12 06:34:40.834,1.50599,1.50618,2.63,2.44
2018.02.12 06:34:41.355,1.50599,1.50618,1.88,2.63
2018.02.12 06:34:41.691,1.50599,1.50618,1.88,1.13
2018.02.12 06:34:42.586,1.50599,1.50617,2.63,1.88
2018.02.12 06:34:43.100,1.50599,1.50616,1.88,1.13
2018.02.12 06:34:43.677,1.50599,1.50617,1.88,2.81
2018.02.12 06:34:44.184,1.50599,1.50617,2.06,1.88
2018.02.12 06:34:44.432,1.50598,1.50617,4.13,2.19
2018.02.12 06:34:44.948,1.50599,1.50614,1.31,1.19
2018.02.12 06:34:44.999,1.50598,1.50616,1.81,1.94
2018.02.12 06:34:45.519,1.50597,1.50616,2.63,3.94
2018.02.12 06:34:47.536,1.50598,1.50615,1.63,1.69
2018.02.12 06:34:48.076,1.50597,1.50616,2.25,4.69
2018.02.12 06:34:48.595,1.50598,1.50614,1.31,2.00
2018.02.12 06:34:49.106,1.50597,1.50616,3.19,1.94
2018.02.12 06:34:49.419,1.50598,1.50615,1.31,2.19
2018.02.12 06:34:49.930,1.50597,1.50616,3.00,2.44
2018.02.12 06:34:50.585,1.50598,1.50614,1.31,2.00
2018.02.12 06:34:50.636,1.50598,1.50615,1.13,2.00
2018.02.12 06:34:50.740,1.50597,1.50615,1.37,1.94
2018.02.12 06:34:50.949,1.50594,1.50613,3.56,1.13
2018.02.12 06:34:51.476,1.50595,1.50613,1.63,1.50
2018.02.12 06:34:51.988,1.50594,1.50613,2.81,2.25
2018.02.12 06:34:53.288,1.50594,1.50613,1.88,2.06
2018.02.12 06:34:53.547,1.50594,1.50613,1.88,2.25
2018.02.12 06:34:53.774,1.50594,1.50613,2.06,2.06
2018.02.12 06:34:54.280,1.50594,1.50613,1.88,2.06
2018.02.12 06:34:54.987,1.50594,1.50613,1.56,2.44
2018.02.12 06:34:55.039,1.50594,1.50613,1.13,3.38
2018.02.12 06:34:55.576,1.50594,1.50613,1.13,2.06
2018.02.12 06:34:56.345,1.50594,1.50612,1.13,2.19
2018.02.12 06:34:56.397,1.50593,1.50611,2.81,1.13
2018.02.12 06:34:56.552,1.50591,1.50611,4.69,1.13
2018.02.12 06:34:56.758,1.50591,1.5061,3.19,1.19
2018.02.12 06:34:56.862,1.50592,1.50612,1.13,3.19
2018.02.12 06:34:57.437,1.50592,1.50611,1.69,1.94
2018.02.12 06:34:57.663,1.50592,1.50611,1.81,1.94
2018.02.12 06:34:58.182,1.50592,1.50611,3.38,1.88
2018.02.12 06:34:58.262,1.50592,1.50612,3.56,4.13
2018.02.12 06:34:58.777,1.50594,1.50611,1.50,1.88
2018.02.12 06:34:59.883,1.50593,1.50611,1.81,2.06
2018.02.12 06:35:00.157,1.50594,1.50612,1.44,4.31
2018.02.12 06:35:00.210,1.50596,1.50612,1.75,1.00
2018.02.12 06:35:00.693,1.50596,1.50614,2.63,1.88
2018.02.12 06:35:00.846,1.50596,1.50615,1.88,1.94
2018.02.12 06:35:00.999,1.50596,1.50614,2.19,1.69
2018.02.12 06:35:01.341,1.50596,1.50615,2.25,2.44
2018.02.12 06:35:01.852,1.50596,1.50614,1.56,1.50
2018.02.12 06:35:01.904,1.50596,1.50613,1.56,1.00
2018.02.12 06:35:01.956,1.50597,1.50615,1.13,1.81
2018.02.12 06:35:02.318,1.50596,1.50614,3.94,1.69
2018.02.12 06:35:02.627,1.50596,1.50614,2.25,1.50
2018.02.12 06:35:03.230,1.50596,1.50615,3.94,1.75
2018.02.12 06:35:03.930,1.50596,1.50614,2.81,1.69
2018.02.12 06:35:04.458,1.50596,1.50614,3.00,2.00
2018.02.12 06:35:05.234,1.50596,1.50615,1.88,2.06
2018.02.12 06:35:05.632,1.50595,1.50613,2.25,1.00
2018.02.12 06:35:06.179,1.50596,1.50614,1.75,1.75
2018.02.12 06:35:07.131,1.50595,1.50615,2.44,2.63
2018.02.12 06:35:07.879,1.50595,1.50615,2.81,3.38
2018.02.12 06:35:09.980,1.50596,1.50615,1.31,3.19
2018.02.12 06:35:10.136,1.50599,1.50614,1.19,1.62
2018.02.12 06:35:10.239,1.50596,1.50615,2.06,3.94
2018.02.12 06:35:10.598,1.50597,1.50614,1.13,1.75
2018.02.12 06:35:11.267,1.50598,1.50614,1.00,1.69
2018.02.12 06:35:11.525,1.50596,1.50613,1.19,1.38
2018.02.12 06:35:11.577,1.50595,1.50613,1.50,1.31
2018.02.12 06:35:12.061,1.50594,1.50608,1.00,1.94
2018.02.12 06:35:12.165,1.5059,1.50605,1.00,1.13
2018.02.12 06:35:12.217,1.50589,1.50606,1.38,1.13
2018.02.12 06:35:12.270,1.50589,1.50605,1.00,1.75
2018.02.12 06:35:12.425,1.50586,1.50606,5.25,1.94
2018.02.12 06:35:12.950,1.50588,1.50606,1.00,1.94
2018.02.12 06:35:13.906,1.50587,1.50605,1.75,2.06
2018.02.12 06:35:14.445,1.50586,1.50605,3.38,2.25
2018.02.12 06:35:16.941,1.50585,1.50604,3.19,3.38
2018.02.12 06:35:16.993,1.50586,1.50603,1.81,1.31
2018.02.12 06:35:17.168,1.50586,1.50605,1.88,3.94
2018.02.12 06:35:17.273,1.50588,1.50605,1.31,1.88
2018.02.12 06:35:17.583,1.50588,1.50607,2.44,1.13
2018.02.12 06:35:18.194,1.5059,1.50608,1.13,1.13
2018.02.12 06:35:18.467,1.50589,1.50607,1.56,1.13
2018.02.12 06:35:18.982,1.50589,1.50607,1.31,1.31
2018.02.12 06:35:22.497,1.50588,1.50607,1.56,1.12
2018.02.12 06:35:22.919,1.50587,1.50607,3.94,1.12
2018.02.12 06:35:23.432,1.50587,1.50607,3.19,1.31
2018.02.12 06:35:24.027,1.50589,1.50607,1.13,1.63
2018.02.12 06:35:25.049,1.50588,1.50608,2.06,2.06
2018.02.12 06:35:25.580,1.50588,1.50607,1.13,1.13
2018.02.12 06:35:25.735,1.50587,1.50608,3.94,2.06
2018.02.12 06:35:25.872,1.50587,1.50608,2.44,1.31
2018.02.12 06:35:25.924,1.50587,1.50607,2.44,1.19
2018.02.12 06:35:26.484,1.50588,1.50607,2.06,1.63
2018.02.12 06:35:28.096,1.50589,1.50607,1.69,2.06
2018.02.12 06:35:28.628,1.50589,1.50608,1.50,2.06
2018.02.12 06:35:29.133,1.50589,1.50607,2.63,1.19
2018.02.12 06:35:29.186,1.50591,1.5061,2.25,1.31
2018.02.12 06:35:29.238,1.50591,1.50609,2.44,2.06
2018.02.12 06:35:29.290,1.50591,1.50609,1.50,1.13
2018.02.12 06:35:29.394,1.50591,1.50608,2.00,1.25
2018.02.12 06:35:29.446,1.50591,1.50609,1.75,2.63
2018.02.12 06:35:29.983,1.50593,1.5061,1.50,1.31
2018.02.12 06:35:30.530,1.50593,1.5061,1.31,1.13
2018.02.12 06:35:30.695,1.50593,1.50611,1.69,1.63
2018.02.12 06:35:31.476,1.50593,1.50611,2.19,1.50
2018.02.12 06:35:32.126,1.50594,1.50611,1.50,1.63
2018.02.12 06:35:32.677,1.50594,1.50611,1.56,1.88
2018.02.12 06:35:33.225,1.50594,1.50611,1.44,2.00
2018.02.12 06:35:33.830,1.50594,1.50611,1.31,1.88
2018.02.12 06:35:34.566,1.50594,1.50611,1.31,2.00
2018.02.12 06:35:35.235,1.50594,1.50611,1.31,1.88
2018.02.12 06:35:36.421,1.50594,1.50611,1.38,1.75
2018.02.12 06:35:36.732,1.50593,1.50609,1.38,2.06
2018.02.12 06:35:37.305,1.50593,1.50608,1.13,1.94
2018.02.12 06:35:37.473,1.50593,1.50611,1.31,2.81
2018.02.12 06:35:39.533,1.50593,1.5061,1.44,1.94
2018.02.12 06:35:42.981,1.50593,1.5061,1.31,2.00
2018.02.12 06:35:43.472,1.50593,1.5061,1.50,2.00
2018.02.12 06:35:43.626,1.50593,1.50611,1.25,3.00
2018.02.12 06:35:44.128,1.50593,1.5061,1.50,1.75
2018.02.12 06:35:44.632,1.50593,1.5061,1.50,1.75
2018.02.12 06:35:45.131,1.50593,1.50611,1.00,1.69
2018.02.12 06:35:45.183,1.50593,1.50611,1.25,2.81
2018.02.12 06:35:45.697,1.50593,1.5061,1.38,1.88
2018.02.12 06:35:46.208,1.50593,1.50611,1.13,2.81
2018.02.12 06:35:46.871,1.50593,1.5061,1.38,1.88
2018.02.12 06:35:47.129,1.50593,1.50611,1.13,3.94
2018.02.12 06:35:47.181,1.50593,1.50606,1.56,1.69
2018.02.12 06:35:47.682,1.50593,1.50606,1.63,1.69
2018.02.12 06:35:47.940,1.50593,1.50611,1.56,3.75
2018.02.12 06:35:49.485,1.50593,1.50611,1.50,2.81
2018.02.12 06:35:50.780,1.50592,1.5061,1.56,2.44
2018.02.12 06:35:51.301,1.50593,1.5061,1.19,2.44
2018.02.12 06:35:51.874,1.50592,1.50609,1.19,1.38
2018.02.12 06:35:52.380,1.50592,1.50609,1.31,1.38
2018.02.12 06:35:52.928,1.50592,1.50609,1.31,1.38
2018.02.12 06:35:53.083,1.50591,1.50609,1.81,1.88
2018.02.12 06:35:53.135,1.50591,1.50605,1.25,1.69
2018.02.12 06:35:53.239,1.50591,1.50609,1.69,3.00
2018.02.12 06:35:53.984,1.50591,1.50608,1.31,2.06
2018.02.12 06:35:54.088,1.50591,1.50608,1.00,1.50
2018.02.12 06:35:54.878,1.50588,1.50606,1.81,2.44
2018.02.12 06:35:54.981,1.50588,1.50606,1.31,4.13
2018.02.12 06:35:55.528,1.50588,1.50605,1.63,1.63
2018.02.12 06:35:56.042,1.50588,1.50606,1.31,3.38
2018.02.12 06:35:56.589,1.50588,1.50605,1.63,1.69
2018.02.12 06:35:58.382,1.50588,1.50604,1.31,1.50
2018.02.12 06:35:58.894,1.50588,1.50605,1.63,2.44
2018.02.12 06:35:58.999,1.50587,1.50603,1.69,1.69
2018.02.12 06:35:59.053,1.50587,1.50598,1.00,1.94
2018.02.12 06:35:59.106,1.50584,1.506,1.88,3.75
2018.02.12 06:35:59.364,1.50583,1.50599,1.69,1.56
2018.02.12 06:35:59.572,1.50583,1.50599,3.00,1.13
2018.02.12 06:35:59.812,1.50583,1.506,2.06,2.06
2018.02.12 06:36:00.001,1.50584,1.50601,1.38,2.81
2018.02.12 06:36:00.156,1.50583,1.506,2.44,1.94
2018.02.12 06:36:00.311,1.50584,1.506,1.00,1.69
2018.02.12 06:36:00.727,1.50583,1.506,3.19,1.25
2018.02.12 06:36:01.375,1.50583,1.506,1.81,1.19
2018.02.12 06:36:01.881,1.50583,1.50598,1.69,1.25
2018.02.12 06:36:03.134,1.50582,1.506,1.13,1.81
2018.02.12 06:36:03.497,1.50582,1.50599,1.13,1.19
2018.02.12 06:36:03.642,1.50582,1.506,1.38,1.88
2018.02.12 06:36:04.245,1.50582,1.506,1.38,1.13
2018.02.12 06:36:04.818,1.50582,1.50599,1.38,1.00
2018.02.12 06:36:04.870,1.50582,1.506,1.13,1.13
2018.02.12 06:36:05.441,1.50583,1.50599,1.44,1.13
2018.02.12 06:36:05.493,1.50583,1.506,1.13,1.50
2018.02.12 06:36:05.597,1.50583,1.50601,1.31,2.44
2018.02.12 06:36:05.649,1.50583,1.506,1.31,1.38
2018.02.12 06:36:06.192,1.50583,1.506,2.25,1.50
2018.02.12 06:36:06.721,1.50583,1.50601,1.13,2.44
2018.02.12 06:36:07.259,1.50583,1.50601,1.44,3.19
2018.02.12 06:36:07.821,1.50584,1.50601,1.13,2.00
2018.02.12 06:36:08.302,1.50582,1.50601,2.62,2.44
2018.02.12 06:36:08.408,1.50582,1.506,1.44,1.88
2018.02.12 06:36:08.513,1.50582,1.506,1.13,1.38
2018.02.12 06:36:09.041,1.50582,1.50601,3.75,2.44
2018.02.12 06:36:09.717,1.50582,1.506,2.62,1.69
2018.02.12 06:36:10.237,1.50582,1.50601,1.69,2.81
2018.02.12 06:36:10.788,1.50582,1.506,3.19,1.63
2018.02.12 06:36:11.328,1.50582,1.50601,2.44,2.81
2018.02.12 06:36:11.586,1.50582,1.50598,1.12,1.50
2018.02.12 06:36:12.100,1.50582,1.50598,1.44,1.75
2018.02.12 06:36:12.764,1.50581,1.50598,1.69,1.63
2018.02.12 06:36:13.075,1.5058,1.50597,1.31,1.88
2018.02.12 06:36:13.534,1.50579,1.50595,1.12,1.56
2018.02.12 06:36:14.070,1.50579,1.50595,2.06,1.50
2018.02.12 06:36:14.585,1.50578,1.50595,3.19,2.00
2018.02.12 06:36:15.132,1.50578,1.50595,2.44,2.00
2018.02.12 06:36:15.753,1.50579,1.50595,1.00,1.88
2018.02.12 06:36:15.805,1.50577,1.50596,3.56,2.19
2018.02.12 06:36:16.216,1.50579,1.50595,1.00,1.88
2018.02.12 06:36:16.789,1.50578,1.50593,1.62,1.50
2018.02.12 06:36:17.192,1.50577,1.50594,3.00,2.25
2018.02.12 06:36:17.348,1.50578,1.50593,1.50,1.50
2018.02.12 06:36:17.928,1.50577,1.50594,2.25,2.25
2018.02.12 06:36:20.149,1.50578,1.50594,1.50,1.75
2018.02.12 06:36:20.658,1.50578,1.50594,1.31,1.75
2018.02.12 06:36:21.229,1.50577,1.50594,1.31,1.75
2018.02.12 06:36:21.748,1.50576,1.50594,2.81,2.44
2018.02.12 06:36:22.424,1.50578,1.50594,1.50,2.44
2018.02.12 06:36:22.593,1.50578,1.50594,1.19,2.00
2018.02.12 06:36:23.048,1.50577,1.50594,1.81,2.44
2018.02.12 06:36:23.771,1.50577,1.50594,1.31,1.69
2018.02.12 06:36:24.931,1.50576,1.50594,2.44,1.69
2018.02.12 06:36:25.461,1.50576,1.50594,1.38,2.00
2018.02.12 06:36:28.182,1.50576,1.50594,3.56,1.50
2018.02.12 06:36:28.475,1.50576,1.50594,2.81,1.50
2018.02.12 06:36:30.028,1.50575,1.50591,3.19,2.00
2018.02.12 06:36:30.133,1.50575,1.50591,1.25,2.44
2018.02.12 06:36:30.662,1.50573,1.50591,1.44,2.63
2018.02.12 06:36:31.219,1.50573,1.50589,1.56,1.50
2018.02.12 06:36:31.772,1.50572,1.50589,2.81,1.38
2018.02.12 06:36:31.824,1.50572,1.50589,2.06,1.63
2018.02.12 06:36:32.082,1.50573,1.50589,1.00,1.50
2018.02.12 06:36:32.134,1.50572,1.50589,2.06,1.69
2018.02.12 06:36:33.334,1.50573,1.5059,1.00,2.63
2018.02.12 06:36:33.963,1.50572,1.5059,1.31,2.63
2018.02.12 06:36:34.491,1.50572,1.50587,1.31,1.00
2018.02.12 06:36:35.030,1.50571,1.50587,2.81,1.00
2018.02.12 06:36:35.278,1.50571,1.50588,1.87,1.75
2018.02.12 06:36:35.484,1.5057,1.50589,3.56,2.00
2018.02.12 06:36:36.027,1.50571,1.50587,1.81,1.50
2018.02.12 06:36:36.930,1.5057,1.50588,2.62,1.75
2018.02.12 06:36:38.052,1.50573,1.5059,1.12,1.75
2018.02.12 06:36:38.206,1.50574,1.50592,2.44,1.75
2018.02.12 06:36:38.309,1.50575,1.50592,1.12,1.75
2018.02.12 06:36:40.627,1.50574,1.50592,3.19,1.75
2018.02.12 06:36:41.143,1.50574,1.50592,3.19,1.94
2018.02.12 06:36:41.455,1.50559,1.50577,1.75,1.81
2018.02.12 06:36:41.607,1.50561,1.50579,1.81,2.25
2018.02.12 06:36:41.714,1.50563,1.50581,1.62,1.50
2018.02.12 06:36:41.767,1.50561,1.50581,1.75,2.81
2018.02.12 06:36:41.821,1.50562,1.5058,1.31,1.31
2018.02.12 06:36:41.874,1.50563,1.5058,1.12,1.38
2018.02.12 06:36:42.030,1.50565,1.50584,1.81,1.13
2018.02.12 06:36:42.546,1.50565,1.50584,3.38,1.13
2018.02.12 06:36:43.099,1.50565,1.50581,1.12,1.38
2018.02.12 06:36:43.201,1.50563,1.50582,1.31,1.50
2018.02.12 06:36:43.509,1.50565,1.50582,3.94,1.00
2018.02.12 06:36:44.042,1.50566,1.50584,1.13,1.75
2018.02.12 06:36:44.383,1.50565,1.50584,2.81,1.75
2018.02.12 06:36:44.778,1.50567,1.50585,1.31,2.81
2018.02.12 06:36:44.831,1.50567,1.50585,1.19,2.62
2018.02.12 06:36:44.883,1.50566,1.50585,1.13,1.69
2018.02.12 06:36:45.398,1.50565,1.50584,2.81,1.13
2018.02.12 06:36:45.902,1.50567,1.50584,1.13,1.38
2018.02.12 06:36:46.272,1.50567,1.50584,1.50,1.38
2018.02.12 06:36:46.324,1.50568,1.50584,1.56,1.38
2018.02.12 06:36:46.480,1.50567,1.50584,1.31,1.00
2018.02.12 06:36:46.979,1.50568,1.50583,1.13,1.44
2018.02.12 06:36:47.218,1.50566,1.50582,2.63,1.00
2018.02.12 06:36:47.577,1.50566,1.50585,2.44,2.06
2018.02.12 06:36:47.911,1.50565,1.50582,1.50,1.75
2018.02.12 06:36:48.273,1.50563,1.5058,1.81,2.25
2018.02.12 06:36:48.428,1.50562,1.5058,1.38,2.25
2018.02.12 06:36:49.192,1.50562,1.50578,1.13,1.75
2018.02.12 06:36:49.702,1.50561,1.50578,1.56,1.81
2018.02.12 06:36:50.229,1.50561,1.50578,1.31,2.25
2018.02.12 06:36:50.491,1.5056,1.50575,2.44,1.00
2018.02.12 06:36:51.029,1.50558,1.50576,3.00,1.81
2018.02.12 06:36:51.443,1.50559,1.50577,1.31,1.81
2018.02.12 06:36:51.496,1.50559,1.50576,2.06,1.00
2018.02.12 06:36:51.548,1.50559,1.50577,2.06,1.75
2018.02.12 06:36:51.970,1.50558,1.50577,1.81,1.69
2018.02.12 06:36:52.122,1.50557,1.50576,1.37,1.25
2018.02.12 06:36:52.393,1.50557,1.50576,1.88,2.63
2018.02.12 06:36:52.929,1.50557,1.50576,2.62,1.50
2018.02.12 06:36:53.435,1.50557,1.50575,3.00,1.50
2018.02.12 06:36:54.042,1.50557,1.50575,2.63,1.69
2018.02.12 06:36:54.586,1.50557,1.50573,2.63,1.44
2018.02.12 06:36:54.792,1.50556,1.50573,3.94,1.44
2018.02.12 06:36:55.214,1.50557,1.50572,2.63,1.38
2018.02.12 06:36:55.473,1.50556,1.50573,1.81,1.75
2018.02.12 06:36:55.578,1.50556,1.50572,1.50,1.00
2018.02.12 06:36:55.630,1.50556,1.50573,1.81,1.75
2018.02.12 06:36:55.821,1.50557,1.50572,1.19,1.00
2018.02.12 06:36:55.872,1.50557,1.50573,1.31,1.75
2018.02.12 06:36:56.178,1.50552,1.5056,1.00,1.12
2018.02.12 06:36:56.280,1.50539,1.50556,1.44,1.88
2018.02.12 06:36:56.388,1.50539,1.5055,1.25,1.31
2018.02.12 06:36:56.490,1.50539,1.50555,1.50,5.44
2018.02.12 06:36:56.541,1.50539,1.50554,1.19,1.69
2018.02.12 06:36:56.593,1.50539,1.50554,1.19,1.12
2018.02.12 06:36:56.644,1.50538,1.50552,1.19,1.87
2018.02.12 06:36:56.696,1.50536,1.50552,1.88,1.12
2018.02.12 06:36:56.805,1.50532,1.5055,1.12,2.25
2018.02.12 06:36:57.315,1.50531,1.5055,2.06,2.44
2018.02.12 06:36:57.621,1.50533,1.5055,1.56,1.69
2018.02.12 06:36:57.826,1.50535,1.50551,2.25,1.50
2018.02.12 06:36:57.928,1.50536,1.50554,2.00,1.13
2018.02.12 06:36:58.234,1.50542,1.50558,1.88,1.37
2018.02.12 06:36:58.549,1.50545,1.50563,1.12,1.13
2018.02.12 06:36:59.976,1.50545,1.50563,1.12,2.63
2018.02.12 06:37:00.288,1.50542,1.5056,2.00,1.13
2018.02.12 06:37:00.803,1.50542,1.5056,2.19,1.13
2018.02.12 06:37:01.859,1.50542,1.50562,1.37,3.38
2018.02.12 06:37:02.392,1.50542,1.50559,1.69,2.00
2018.02.12 06:37:03.376,1.50541,1.50559,1.81,1.88
2018.02.12 06:37:03.884,1.50541,1.50559,1.38,1.13
2018.02.12 06:37:04.349,1.50541,1.50559,1.63,2.19
2018.02.12 06:37:05.239,1.50539,1.50558,1.13,2.44
2018.02.12 06:37:05.789,1.50541,1.50557,1.00,2.19
2018.02.12 06:37:06.147,1.5054,1.50558,1.75,1.13
2018.02.12 06:37:06.890,1.5054,1.50558,1.13,1.13
2018.02.12 06:37:06.941,1.50541,1.50558,1.19,1.88
2018.02.12 06:37:07.208,1.5054,1.50559,1.38,1.31
2018.02.12 06:37:07.361,1.5054,1.50558,1.81,2.06
2018.02.12 06:37:07.870,1.50539,1.50559,1.31,2.06
2018.02.12 06:37:09.765,1.50541,1.50558,1.37,1.88
2018.02.12 06:37:10.149,1.50538,1.50555,3.56,1.75
2018.02.12 06:37:10.303,1.50539,1.50555,1.69,1.75
2018.02.12 06:37:11.115,1.50538,1.50555,2.18,1.81
2018.02.12 06:37:11.370,1.50538,1.50556,1.87,1.75
2018.02.12 06:37:11.523,1.50538,1.50555,2.24,2.00
2018.02.12 06:37:12.184,1.50538,1.50555,2.24,1.75
2018.02.12 06:37:12.490,1.50539,1.50555,1.19,1.81
2018.02.12 06:37:12.695,1.50537,1.50555,2.06,1.81
2018.02.12 06:37:12.797,1.50537,1.50555,2.06,1.81
2018.02.12 06:37:13.001,1.50537,1.50555,2.25,2.00
2018.02.12 06:37:13.311,1.50539,1.50553,1.38,1.00
2018.02.12 06:37:13.439,1.50537,1.50554,1.94,1.75
2018.02.12 06:37:13.799,1.50537,1.50555,1.62,2.25
2018.02.12 06:37:14.334,1.50537,1.50555,1.69,2.44
2018.02.12 06:37:14.386,1.50538,1.50554,1.31,1.75
2018.02.12 06:37:14.437,1.50538,1.50554,1.19,1.75
2018.02.12 06:37:14.900,1.50536,1.50553,1.12,1.00
2018.02.12 06:37:14.952,1.50535,1.50554,1.44,2.00
2018.02.12 06:37:15.005,1.50535,1.50555,1.87,1.69
2018.02.12 06:37:15.057,1.50535,1.50554,2.25,1.12
2018.02.12 06:37:15.367,1.50537,1.50555,1.56,2.25
2018.02.12 06:37:15.855,1.50535,1.50555,2.81,2.19
2018.02.12 06:37:16.241,1.50536,1.50555,2.44,1.87
2018.02.12 06:37:16.756,1.50537,1.50554,1.13,1.19
2018.02.12 06:37:17.278,1.50536,1.50554,1.50,1.50
2018.02.12 06:37:17.382,1.50536,1.50552,1.25,2.00
2018.02.12 06:37:17.435,1.50534,1.50552,1.62,1.12
2018.02.12 06:37:17.487,1.50535,1.50552,1.12,1.62
2018.02.12 06:37:17.954,1.5053,1.50548,1.25,4.50
2018.02.12 06:37:18.143,1.50527,1.50547,1.87,3.37
2018.02.12 06:37:18.195,1.50525,1.50544,3.00,1.69
2018.02.12 06:37:18.696,1.50523,1.50541,1.50,1.31
2018.02.12 06:37:19.212,1.50523,1.5054,1.50,1.25
2018.02.12 06:37:19.880,1.50523,1.5054,1.31,1.25
2018.02.12 06:37:20.197,1.5052,1.50538,1.62,2.63
2018.02.12 06:37:20.560,1.50521,1.50539,1.50,2.44
2018.02.12 06:37:21.072,1.50521,1.50537,1.50,1.00
2018.02.12 06:37:22.049,1.50521,1.50537,2.25,1.19
2018.02.12 06:37:22.153,1.50521,1.50539,3.19,2.19
2018.02.12 06:37:22.432,1.50521,1.50539,2.06,2.19
2018.02.12 06:37:22.745,1.5052,1.50538,2.63,1.38
2018.02.12 06:37:22.848,1.50521,1.50538,4.31,1.12
2018.02.12 06:37:22.899,1.50521,1.50539,3.56,1.31
2018.02.12 06:37:23.002,1.50521,1.50539,2.81,2.25
2018.02.12 06:37:23.516,1.5052,1.50537,1.13,1.94
2018.02.12 06:37:24.183,1.5052,1.50537,1.38,1.94
2018.02.12 06:37:24.705,1.5052,1.50538,1.19,3.94
2018.02.12 06:37:25.307,1.50519,1.50537,2.81,1.69
2018.02.12 06:37:25.743,1.50519,1.50537,2.06,1.88
2018.02.12 06:37:25.794,1.50519,1.50537,1.87,1.13
2018.02.12 06:37:26.398,1.50519,1.50537,2.00,1.88
2018.02.12 06:37:27.420,1.50519,1.50536,2.44,1.56
2018.02.12 06:37:28.933,1.50519,1.50536,1.50,2.44
2018.02.12 06:37:28.985,1.50519,1.50536,2.06,1.94
2018.02.12 06:37:29.042,1.50519,1.50536,2.06,2.44
2018.02.12 06:37:29.196,1.50519,1.50534,2.44,1.00
2018.02.12 06:37:29.401,1.50519,1.50534,2.44,1.69
2018.02.12 06:37:30.337,1.50517,1.50532,1.50,1.94
2018.02.12 06:37:30.390,1.50513,1.50528,1.31,1.31
2018.02.12 06:37:30.494,1.50511,1.50528,1.12,1.81
2018.02.12 06:37:30.547,1.50509,1.50522,1.13,1.00
2018.02.12 06:37:30.653,1.50507,1.50521,1.00,2.00
2018.02.12 06:37:30.706,1.50506,1.50519,1.50,1.19
2018.02.12 06:37:30.810,1.50507,1.50523,1.69,1.38
2018.02.12 06:37:30.914,1.50511,1.50524,1.19,1.31
2018.02.12 06:37:31.239,1.50517,1.50526,1.00,1.00
2018.02.12 06:37:31.290,1.50517,1.5053,1.25,1.50
2018.02.12 06:37:31.342,1.5052,1.50532,1.00,1.81
2018.02.12 06:37:31.924,1.50521,1.50532,1.00,1.69
2018.02.12 06:37:32.233,1.50523,1.50534,1.00,1.31
2018.02.12 06:37:33.332,1.50523,1.50536,1.00,2.44
2018.02.12 06:37:33.841,1.50523,1.50534,1.00,1.13
2018.02.12 06:37:34.714,1.50523,1.50536,1.00,1.69
2018.02.12 06:37:35.236,1.50523,1.50536,1.00,1.69
2018.02.12 06:37:35.779,1.50523,1.50535,1.00,1.56
2018.02.12 06:37:36.293,1.50523,1.50537,1.00,1.13
2018.02.12 06:37:36.986,1.50523,1.50537,1.00,1.81
2018.02.12 06:37:37.526,1.50523,1.50537,1.00,2.06
2018.02.12 06:37:37.630,1.50523,1.50537,1.00,1.31
2018.02.12 06:37:37.682,1.50526,1.50535,1.00,1.56
2018.02.12 06:37:37.838,1.50524,1.50536,1.00,1.56
2018.02.12 06:37:38.384,1.50525,1.50536,1.00,1.81
2018.02.12 06:37:38.540,1.50522,1.50533,1.00,1.13
2018.02.12 06:37:39.033,1.50519,1.5053,1.00,2.44
2018.02.12 06:37:39.085,1.50515,1.5053,1.25,1.69
2018.02.12 06:37:39.188,1.50515,1.50529,1.00,1.50
2018.02.12 06:37:39.702,1.50515,1.50529,1.00,1.88
2018.02.12 06:37:40.781,1.50515,1.50529,1.00,1.00
2018.02.12 06:37:41.319,1.50516,1.50529,1.00,1.00
2018.02.12 06:37:41.474,1.50516,1.5053,1.00,1.94
2018.02.12 06:37:41.980,1.50516,1.5053,1.00,2.19
2018.02.12 06:37:42.511,1.50516,1.5053,1.00,1.94
2018.02.12 06:37:42.663,1.50514,1.50529,1.25,2.00
2018.02.12 06:37:43.207,1.50514,1.5053,1.25,2.81
2018.02.12 06:37:43.258,1.50514,1.5053,1.25,1.94
2018.02.12 06:37:43.765,1.50514,1.5053,1.25,2.81
2018.02.12 06:37:44.340,1.50514,1.50528,1.25,1.00
2018.02.12 06:37:44.581,1.50514,1.50529,1.25,1.13
2018.02.12 06:37:45.092,1.50514,1.50528,1.00,1.69
2018.02.12 06:37:45.604,1.50514,1.50528,1.25,1.69
2018.02.12 06:37:45.766,1.50514,1.50528,1.25,1.56
2018.02.12 06:37:45.818,1.50514,1.50528,1.25,2.06
2018.02.12 06:37:46.378,1.50514,1.50528,1.25,2.44
2018.02.12 06:37:47.404,1.50514,1.50528,1.25,2.44
2018.02.12 06:37:47.924,1.50515,1.50526,1.00,1.63
2018.02.12 06:37:48.494,1.50515,1.50529,1.00,1.94
2018.02.12 06:37:49.014,1.50515,1.50528,1.00,1.69
2018.02.12 06:37:49.067,1.50515,1.50529,1.00,1.94
2018.02.12 06:37:49.586,1.50515,1.50528,1.00,1.69
2018.02.12 06:37:50.483,1.50515,1.50529,1.00,2.38
2018.02.12 06:37:51.134,1.50515,1.50529,1.00,2.38
2018.02.12 06:37:51.872,1.50515,1.50529,1.00,2.38
2018.02.12 06:37:51.925,1.50515,1.50528,1.00,1.63
2018.02.12 06:37:52.079,1.50515,1.50529,1.00,2.38
2018.02.12 06:37:52.234,1.50514,1.50528,1.00,1.82
2018.02.12 06:37:52.781,1.50514,1.50529,1.00,2.75
2018.02.12 06:37:53.488,1.50514,1.50529,1.00,3.13
2018.02.12 06:37:53.895,1.50513,1.5053,1.13,2.25
2018.02.12 06:37:54.416,1.50513,1.5053,1.13,3.00
2018.02.12 06:37:54.927,1.50514,1.5053,1.00,3.00
2018.02.12 06:37:55.437,1.50513,1.5053,1.13,3.00
2018.02.12 06:37:56.026,1.50514,1.5053,1.00,2.25
2018.02.12 06:37:56.546,1.50513,1.50527,1.25,1.56
2018.02.12 06:37:56.818,1.50514,1.50527,1.00,1.56
2018.02.12 06:37:57.161,1.50512,1.50527,1.31,1.19
2018.02.12 06:37:57.664,1.50513,1.50527,1.00,1.44
2018.02.12 06:37:58.166,1.50513,1.50527,1.19,1.19
2018.02.12 06:38:00.856,1.50515,1.50524,1.00,1.19
2018.02.12 06:38:00.960,1.5051,1.50522,1.00,1.60
2018.02.12 06:38:01.139,1.5051,1.5052,1.00,1.19
2018.02.12 06:38:02.359,1.50506,1.5051,1.00,1.31
2018.02.12 06:38:02.465,1.50491,1.50499,1.00,2.04
2018.02.12 06:38:02.518,1.50488,1.50499,1.00,1.25
2018.02.12 06:38:02.570,1.50484,1.50497,1.25,1.00
2018.02.12 06:38:03.402,1.50486,1.50499,1.00,4.12
2018.02.12 06:38:04.025,1.50486,1.50499,1.44,1.69
2018.02.12 06:38:04.179,1.50485,1.50498,1.25,1.87
2018.02.12 06:38:04.335,1.50487,1.50499,1.25,2.63
2018.02.12 06:38:04.860,1.50486,1.50499,1.31,1.00
2018.02.12 06:38:04.913,1.5049,1.50504,1.12,1.19
2018.02.12 06:38:05.017,1.50488,1.50501,1.87,1.00
2018.02.12 06:38:05.328,1.5049,1.50504,1.12,1.19
2018.02.12 06:38:05.844,1.50491,1.50504,1.25,1.69
2018.02.12 06:38:06.555,1.50492,1.50504,1.00,1.19
2018.02.12 06:38:07.084,1.50491,1.50504,1.12,1.41
2018.02.12 06:38:07.626,1.5049,1.50503,1.63,1.25
2018.02.12 06:38:07.987,1.50495,1.50504,1.00,1.19
2018.02.12 06:38:08.452,1.50493,1.50506,1.31,1.56
2018.02.12 06:38:08.709,1.50495,1.50507,1.00,1.56
2018.02.12 06:38:08.832,1.50493,1.50507,1.31,2.06
2018.02.12 06:38:08.885,1.50495,1.50508,2.25,1.25
2018.02.12 06:38:09.092,1.50496,1.5051,2.06,1.25
2018.02.12 06:38:09.196,1.50497,1.50513,1.69,1.56
2018.02.12 06:38:09.249,1.50498,1.50512,1.19,1.63
2018.02.12 06:38:09.460,1.50497,1.50511,1.50,1.37
2018.02.12 06:38:09.665,1.50499,1.50513,1.19,1.56
2018.02.12 06:38:10.074,1.50499,1.50513,1.19,1.56
2018.02.12 06:38:10.796,1.50499,1.50513,1.31,1.56
2018.02.12 06:38:11.322,1.50499,1.50513,1.25,1.56
2018.02.12 06:38:11.973,1.50499,1.50513,1.25,1.56
2018.02.12 06:38:12.682,1.50499,1.50513,1.25,1.56
2018.02.12 06:38:12.734,1.50499,1.50513,1.19,1.43
2018.02.12 06:38:13.253,1.50499,1.50513,1.25,1.19
2018.02.12 06:38:13.437,1.50499,1.50513,1.25,1.56
2018.02.12 06:38:14.710,1.50499,1.50513,1.25,1.56
2018.02.12 06:38:15.252,1.50497,1.50513,1.69,1.44
2018.02.12 06:38:15.639,1.50498,1.50508,1.00,1.31
2018.02.12 06:38:15.851,1.50494,1.50506,1.00,1.63
2018.02.12 06:38:16.160,1.50492,1.50505,1.13,1.63
2018.02.12 06:38:16.949,1.50493,1.50506,1.25,1.63
2018.02.12 06:38:17.459,1.50491,1.50506,1.94,1.88
2018.02.12 06:38:17.513,1.50491,1.50502,1.00,1.19
2018.02.12 06:38:17.902,1.50488,1.50502,1.38,1.19
2018.02.12 06:38:18.492,1.50489,1.50502,1.38,1.19
2018.02.12 06:38:19.384,1.50488,1.50502,1.44,1.19
2018.02.12 06:38:19.855,1.50489,1.50504,2.06,3.94
2018.02.12 06:38:20.376,1.50493,1.50505,1.13,1.11
2018.02.12 06:38:20.907,1.50494,1.50506,1.00,1.62
2018.02.12 06:38:23.122,1.50495,1.50506,1.00,1.44
2018.02.12 06:38:23.625,1.50493,1.50506,1.44,1.19
2018.02.12 06:38:24.145,1.50493,1.50506,1.25,1.56
2018.02.12 06:38:24.487,1.50495,1.50505,1.00,1.00
2018.02.12 06:38:25.032,1.50494,1.50505,1.00,1.00
2018.02.12 06:38:25.407,1.50493,1.50504,1.00,1.19
2018.02.12 06:38:26.313,1.50491,1.50504,1.19,1.19
2018.02.12 06:38:26.836,1.50491,1.50504,1.25,1.19
2018.02.12 06:38:27.178,1.50493,1.50504,1.00,1.44
2018.02.12 06:38:27.625,1.50493,1.50507,1.00,3.38
2018.02.12 06:38:28.176,1.50492,1.50507,1.00,3.19
2018.02.12 06:38:28.839,1.50493,1.50506,1.00,2.42
2018.02.12 06:38:29.329,1.50491,1.50505,1.25,1.23
2018.02.12 06:38:29.849,1.50491,1.50504,1.25,1.00
2018.02.12 06:38:30.089,1.50499,1.50507,1.12,1.19
2018.02.12 06:38:30.398,1.50493,1.50508,1.00,2.17
2018.02.12 06:38:30.500,1.50491,1.50509,1.50,2.98
2018.02.12 06:38:30.960,1.50491,1.50506,1.38,1.50
2018.02.12 06:38:31.426,1.50491,1.50506,1.38,1.25
2018.02.12 06:38:31.637,1.50494,1.50511,1.38,1.88
2018.02.12 06:38:31.691,1.50494,1.50512,1.56,3.19
2018.02.12 06:38:31.744,1.50496,1.50512,1.38,1.25
2018.02.12 06:38:31.848,1.50499,1.50509,1.00,2.44
2018.02.12 06:38:32.239,1.50497,1.50513,1.63,1.69
2018.02.12 06:38:32.344,1.50497,1.50512,2.25,1.25
2018.02.12 06:38:32.523,1.505,1.50517,1.38,1.50
2018.02.12 06:38:32.626,1.505,1.50517,1.88,1.81
2018.02.12 06:38:32.885,1.50501,1.50517,1.81,1.69
2018.02.12 06:38:32.937,1.50505,1.50523,1.50,3.75
2018.02.12 06:38:32.990,1.50505,1.50523,1.38,3.19
2018.02.12 06:38:33.145,1.50506,1.5052,1.63,1.25
2018.02.12 06:38:33.462,1.50507,1.50523,1.00,1.56
2018.02.12 06:38:33.778,1.50487,1.50502,1.00,1.31
2018.02.12 06:38:33.934,1.50488,1.50503,1.00,1.94
2018.02.12 06:38:34.143,1.50488,1.50506,1.38,3.00
2018.02.12 06:38:34.298,1.50488,1.50506,2.25,4.69
2018.02.12 06:38:34.402,1.50488,1.50505,2.06,1.56
2018.02.12 06:38:34.985,1.5049,1.50506,1.38,2.63
2018.02.12 06:38:35.536,1.50492,1.50507,1.63,2.06
2018.02.12 06:38:35.641,1.50492,1.50509,2.06,1.50
2018.02.12 06:38:35.797,1.50492,1.50507,2.44,1.00
2018.02.12 06:38:36.005,1.50495,1.50511,1.38,2.19
2018.02.12 06:38:36.607,1.50495,1.50512,1.44,3.56
2018.02.12 06:38:37.135,1.50496,1.5051,1.38,2.06
2018.02.12 06:38:37.671,1.50496,1.50509,1.13,1.00
2018.02.12 06:38:38.181,1.50494,1.5051,1.13,1.81
2018.02.12 06:38:38.621,1.50497,1.50509,1.00,1.00
2018.02.12 06:38:38.878,1.50495,1.5051,1.00,1.19
2018.02.12 06:38:39.008,1.50495,1.50511,1.00,2.25
2018.02.12 06:38:39.215,1.50496,1.50512,1.00,3.56
2018.02.12 06:38:39.734,1.50496,1.50512,1.38,2.25
2018.02.12 06:38:39.984,1.50497,1.50512,1.00,1.87
2018.02.12 06:38:40.530,1.50497,1.50512,1.13,2.25
2018.02.12 06:38:40.791,1.50497,1.50512,1.00,3.56
2018.02.12 06:38:41.317,1.50498,1.50512,1.00,3.38
2018.02.12 06:38:41.420,1.50498,1.50511,1.00,1.38
2018.02.12 06:38:41.680,1.50498,1.50512,1.00,3.19
2018.02.12 06:38:42.227,1.50497,1.50512,1.00,1.31
2018.02.12 06:38:42.732,1.50497,1.50512,1.25,2.06
2018.02.12 06:38:43.027,1.50497,1.50514,1.88,2.06
2018.02.12 06:38:43.536,1.50498,1.50515,1.25,1.81
2018.02.12 06:38:44.068,1.50498,1.50513,1.44,1.56
2018.02.12 06:38:44.581,1.505,1.50513,1.00,1.56
2018.02.12 06:38:45.373,1.505,1.50515,1.00,2.81
2018.02.12 06:38:45.424,1.50498,1.50515,1.25,3.56
2018.02.12 06:38:45.826,1.50498,1.50515,1.25,3.75
2018.02.12 06:38:46.167,1.505,1.50515,1.00,2.81
2018.02.12 06:38:46.483,1.50499,1.50515,1.00,3.75
2018.02.12 06:38:47.038,1.505,1.50515,1.00,2.81
2018.02.12 06:38:47.587,1.505,1.50515,1.00,3.75
2018.02.12 06:38:48.131,1.50499,1.50515,1.00,3.75
2018.02.12 06:38:48.741,1.505,1.50515,1.00,3.75
2018.02.12 06:38:49.261,1.50499,1.50515,1.00,3.56
2018.02.12 06:38:49.445,1.50499,1.50515,1.00,2.81
2018.02.12 06:38:49.741,1.505,1.50515,1.00,3.19
2018.02.12 06:38:50.934,1.505,1.50515,1.00,2.81
2018.02.12 06:38:51.545,1.505,1.50515,1.00,2.25
2018.02.12 06:38:51.698,1.505,1.50515,1.00,2.44
2018.02.12 06:38:51.749,1.505,1.50515,1.00,2.63
2018.02.12 06:38:52.269,1.50499,1.50515,1.00,2.44
2018.02.12 06:38:53.033,1.50498,1.50515,1.25,3.19
2018.02.12 06:38:54.126,1.50498,1.50515,1.44,3.75
2018.02.12 06:38:54.682,1.50498,1.50515,1.13,1.88
2018.02.12 06:38:55.268,1.50498,1.50515,1.25,1.88
2018.02.12 06:38:55.942,1.50499,1.50515,1.00,1.88
2018.02.12 06:38:56.047,1.505,1.50515,1.00,1.88
2018.02.12 06:38:56.099,1.50501,1.50515,1.00,2.63
2018.02.12 06:38:56.433,1.50496,1.50505,1.00,3.19
2018.02.12 06:38:56.486,1.50491,1.50502,1.00,1.31
2018.02.12 06:38:56.595,1.50489,1.50503,1.31,1.44
2018.02.12 06:38:56.758,1.50492,1.50507,1.00,1.50
2018.02.12 06:38:56.811,1.5049,1.50504,1.00,1.19
2018.02.12 06:38:57.534,1.5049,1.50504,1.00,1.56
2018.02.12 06:38:58.072,1.5049,1.50504,1.00,1.63
2018.02.12 06:38:58.683,1.5049,1.50504,1.00,1.81
2018.02.12 06:38:59.669,1.5049,1.50504,1.00,1.56
2018.02.12 06:39:00.140,1.5049,1.50504,1.00,1.56
2018.02.12 06:39:00.244,1.5049,1.50504,1.00,1.56
2018.02.12 06:39:00.766,1.5049,1.50504,1.00,1.56
2018.02.12 06:39:01.552,1.50494,1.50508,1.00,2.44
2018.02.12 06:39:01.773,1.50495,1.50511,1.00,3.19
2018.02.12 06:39:02.892,1.50495,1.50509,1.00,2.06
2018.02.12 06:39:03.428,1.50495,1.5051,1.25,1.69
2018.02.12 06:39:03.535,1.50496,1.50511,1.44,1.87
2018.02.12 06:39:03.733,1.505,1.50515,1.13,1.13
2018.02.12 06:39:03.836,1.50502,1.50519,1.25,1.13
2018.02.12 06:39:04.143,1.50504,1.50519,1.00,1.13
2018.02.12 06:39:04.474,1.50502,1.50514,1.00,1.75
2018.02.12 06:39:04.600,1.505,1.50515,1.00,1.94
2018.02.12 06:39:05.131,1.50498,1.50513,1.25,2.00
2018.02.12 06:39:05.895,1.50498,1.50513,1.69,1.99
2018.02.12 06:39:06.188,1.50498,1.50514,1.50,1.92
2018.02.12 06:39:06.560,1.50498,1.50513,1.69,1.99
2018.02.12 06:39:07.072,1.50498,1.50513,1.00,1.99
2018.02.12 06:39:07.619,1.50496,1.50513,1.31,2.42
2018.02.12 06:39:08.101,1.50495,1.5051,1.31,1.36
2018.02.12 06:39:08.153,1.50493,1.5051,1.50,1.67
2018.02.12 06:39:08.255,1.50493,1.50507,1.00,1.55
2018.02.12 06:39:08.307,1.50489,1.50506,2.63,1.55
2018.02.12 06:39:08.512,1.50489,1.50507,1.44,1.99
2018.02.12 06:39:09.055,1.50489,1.50507,1.81,1.99
2018.02.12 06:39:09.592,1.50489,1.50509,1.69,4.31
2018.02.12 06:39:09.927,1.50489,1.50506,1.50,1.50
2018.02.12 06:39:10.706,1.50489,1.50506,1.19,2.00
2018.02.12 06:39:11.016,1.50488,1.50504,1.25,2.00
2018.02.12 06:39:11.531,1.50488,1.50506,2.06,3.75
2018.02.12 06:39:12.136,1.50488,1.50505,2.06,1.50
2018.02.12 06:39:12.876,1.5049,1.50507,1.50,2.63
2018.02.12 06:39:13.896,1.50491,1.50508,1.38,2.06
2018.02.12 06:39:14.758,1.5049,1.50508,2.44,2.44
2018.02.12 06:39:15.435,1.5049,1.50508,1.56,2.06
2018.02.12 06:39:16.140,1.50491,1.50508,1.25,2.44
2018.02.12 06:39:16.249,1.5049,1.50508,1.69,2.81
2018.02.12 06:39:16.301,1.5049,1.50508,3.56,2.06
2018.02.12 06:39:16.517,1.5049,1.50508,1.69,2.81
2018.02.12 06:39:16.620,1.50491,1.50507,1.25,1.56
2018.02.12 06:39:16.673,1.50491,1.50508,1.25,2.06
2018.02.12 06:39:16.778,1.50492,1.50508,1.13,1.25
2018.02.12 06:39:17.177,1.50492,1.5051,2.06,1.81
2018.02.12 06:39:17.280,1.50492,1.50511,2.06,3.56
2018.02.12 06:39:17.384,1.50494,1.5051,1.25,1.56
2018.02.12 06:39:17.912,1.50492,1.5051,1.88,1.81
2018.02.12 06:39:18.223,1.50492,1.50508,1.50,1.56
2018.02.12 06:39:18.667,1.50492,1.50507,1.00,1.63
2018.02.12 06:39:18.719,1.50492,1.50506,1.13,1.38
2018.02.12 06:39:19.033,1.50492,1.50507,1.19,1.63
2018.02.12 06:39:19.254,1.50492,1.50506,1.31,1.38
2018.02.12 06:39:19.779,1.50492,1.50507,1.25,1.63
2018.02.12 06:39:20.480,1.50492,1.50507,1.25,1.56
2018.02.12 06:39:20.881,1.50492,1.50507,1.37,2.06
2018.02.12 06:39:21.329,1.50492,1.50506,1.37,1.56
2018.02.12 06:39:21.895,1.50492,1.50507,1.56,2.06
2018.02.12 06:39:21.947,1.50492,1.50506,1.56,1.56
2018.02.12 06:39:21.999,1.50492,1.50507,1.56,2.06
2018.02.12 06:39:22.538,1.5049,1.50508,4.31,2.06
2018.02.12 06:39:22.791,1.50493,1.5051,2.25,1.44
2018.02.12 06:39:22.847,1.50496,1.50513,1.56,3.56
2018.02.12 06:39:23.158,1.50498,1.50514,1.31,1.38
2018.02.12 06:39:23.262,1.50499,1.50516,1.31,1.63
2018.02.12 06:39:23.314,1.50499,1.50517,1.31,1.75
2018.02.12 06:39:23.727,1.50501,1.50515,1.25,1.63
2018.02.12 06:39:24.259,1.50498,1.50517,1.13,3.00
2018.02.12 06:39:24.468,1.50497,1.50516,2.81,2.25
2018.02.12 06:39:24.625,1.50501,1.50516,1.25,1.81
2018.02.12 06:39:24.986,1.50499,1.50516,1.81,1.56
2018.02.12 06:39:25.533,1.50499,1.50516,1.81,1.56
2018.02.12 06:39:25.780,1.50501,1.50517,1.69,1.50
2018.02.12 06:39:25.884,1.50504,1.50519,2.06,1.44
2018.02.12 06:39:25.988,1.50504,1.50522,1.69,1.69
2018.02.12 06:39:26.093,1.50505,1.50521,1.19,1.81
2018.02.12 06:39:26.197,1.50504,1.50522,1.31,2.06
2018.02.12 06:39:26.301,1.50506,1.50521,1.19,1.81
2018.02.12 06:39:26.353,1.50504,1.50521,2.06,1.63
2018.02.12 06:39:26.894,1.50503,1.50522,2.06,1.63
2018.02.12 06:39:27.050,1.50502,1.5052,2.44,1.63
2018.02.12 06:39:27.156,1.50503,1.50521,2.06,1.56
2018.02.12 06:39:27.211,1.50503,1.5052,2.81,1.50
2018.02.12 06:39:27.265,1.50502,1.5052,3.75,2.06
2018.02.12 06:39:27.317,1.50503,1.50519,1.50,1.38
2018.02.12 06:39:27.370,1.50502,1.5052,3.75,2.06
2018.02.12 06:39:27.525,1.50503,1.5052,1.19,1.63
2018.02.12 06:39:27.835,1.50501,1.50517,1.69,2.25
2018.02.12 06:39:27.887,1.50499,1.50516,1.69,1.81
2018.02.12 06:39:27.939,1.50499,1.50515,2.25,1.81
2018.02.12 06:39:28.044,1.50501,1.50516,1.25,1.56
2018.02.12 06:39:28.172,1.50502,1.50518,2.06,1.56
2018.02.12 06:39:28.535,1.50503,1.50521,1.25,2.06
2018.02.12 06:39:28.740,1.50503,1.50521,1.69,2.06
2018.02.12 06:39:29.287,1.50503,1.50521,1.25,2.81
2018.02.12 06:39:29.802,1.50503,1.50521,1.50,1.88
2018.02.12 06:39:30.114,1.50509,1.50526,1.19,1.81
2018.02.12 06:39:30.621,1.50511,1.50526,1.00,1.56
2018.02.12 06:39:30.983,1.5051,1.50524,1.00,1.56
2018.02.12 06:39:31.035,1.50507,1.50524,2.25,1.56
2018.02.12 06:39:31.193,1.50508,1.50524,3.37,1.56
2018.02.12 06:39:31.245,1.50508,1.50524,3.37,1.56
2018.02.12 06:39:31.504,1.50503,1.50522,1.50,3.75
2018.02.12 06:39:31.557,1.50507,1.50522,1.00,1.31
2018.02.12 06:39:31.878,1.50504,1.50522,1.62,1.44
2018.02.12 06:39:31.930,1.50507,1.50522,1.00,1.44
2018.02.12 06:39:32.239,1.50505,1.50522,1.25,1.56
2018.02.12 06:39:32.581,1.50508,1.50522,1.00,1.69
2018.02.12 06:39:32.632,1.50506,1.50522,1.00,1.69
2018.02.12 06:39:32.786,1.50507,1.50522,1.50,1.69
2018.02.12 06:39:33.026,1.50507,1.50522,1.00,1.88
2018.02.12 06:39:33.078,1.50503,1.50522,3.19,2.63
2018.02.12 06:39:33.130,1.50507,1.50522,1.00,2.63
2018.02.12 06:39:33.830,1.50506,1.50522,1.69,1.94
2018.02.12 06:39:34.346,1.50505,1.50522,1.88,1.81
2018.02.12 06:39:34.451,1.50505,1.50522,1.37,1.56
2018.02.12 06:39:34.715,1.50507,1.50522,1.88,1.69
2018.02.12 06:39:34.768,1.50507,1.50522,1.12,1.69
2018.02.12 06:39:34.821,1.50507,1.5052,1.50,1.19
2018.02.12 06:39:34.874,1.50505,1.50522,2.81,1.31
2018.02.12 06:39:35.035,1.5051,1.50524,1.94,1.19
2018.02.12 06:39:35.088,1.50512,1.50527,1.31,1.63
2018.02.12 06:39:35.243,1.50512,1.50527,1.31,1.19
2018.02.12 06:39:35.398,1.50514,1.50529,1.19,1.63
2018.02.12 06:39:36.334,1.50517,1.50529,1.00,1.56
2018.02.12 06:39:37.000,1.50515,1.50529,3.56,1.63
2018.02.12 06:39:37.774,1.50516,1.50532,1.69,1.56
2018.02.12 06:39:38.310,1.50514,1.50531,2.44,1.13
2018.02.12 06:39:38.845,1.50514,1.50531,1.81,1.13
2018.02.12 06:39:38.950,1.50515,1.50529,1.00,1.13
2018.02.12 06:39:39.263,1.50512,1.50528,2.06,1.56
2018.02.12 06:39:39.777,1.50514,1.50528,1.00,2.00
2018.02.12 06:39:40.046,1.50511,1.50528,2.44,1.94
2018.02.12 06:39:40.201,1.50511,1.50529,2.44,2.06
2018.02.12 06:39:40.666,1.50512,1.5053,2.00,3.19
2018.02.12 06:39:40.718,1.50511,1.5053,2.25,2.63
2018.02.12 06:39:40.872,1.50511,1.5053,1.94,2.63
2018.02.12 06:39:40.925,1.50511,1.50528,1.69,1.19
2018.02.12 06:39:41.028,1.50511,1.5053,2.00,2.63
2018.02.12 06:39:41.393,1.50511,1.50529,1.94,2.00
2018.02.12 06:39:41.902,1.50511,1.50529,2.44,2.00
2018.02.12 06:39:43.023,1.50511,1.50528,1.13,1.75
2018.02.12 06:39:43.557,1.50512,1.50528,1.38,2.19
2018.02.12 06:39:44.083,1.5051,1.50528,1.94,1.75
2018.02.12 06:39:44.135,1.5051,1.50528,1.94,2.00
2018.02.12 06:39:44.562,1.50511,1.50528,2.44,1.75
2018.02.12 06:39:44.614,1.50512,1.50528,1.75,1.75
2018.02.12 06:39:44.717,1.50511,1.50528,2.25,1.75
2018.02.12 06:39:44.878,1.50512,1.50528,1.75,1.75
2018.02.12 06:39:45.413,1.50512,1.50528,1.75,1.75
2018.02.12 06:39:45.720,1.50511,1.50528,2.25,1.50
2018.02.12 06:39:45.771,1.50512,1.50527,1.81,1.13
2018.02.12 06:39:46.078,1.50512,1.50528,1.75,1.50
2018.02.12 06:39:46.383,1.50512,1.50528,1.75,1.37
2018.02.12 06:39:46.706,1.50513,1.50528,3.19,2.25
2018.02.12 06:39:47.220,1.50513,1.50528,3.19,1.50
2018.02.12 06:39:47.732,1.50513,1.50527,3.19,1.81
2018.02.12 06:39:47.891,1.50513,1.50528,2.25,1.37
2018.02.12 06:39:48.690,1.50513,1.50528,2.00,1.37
2018.02.12 06:39:49.229,1.50514,1.50528,2.25,1.37
2018.02.12 06:39:50.643,1.50513,1.50528,1.81,1.37
2018.02.12 06:39:50.798,1.50513,1.50528,2.25,1.37
2018.02.12 06:39:50.901,1.50516,1.50528,1.00,1.37
2018.02.12 06:39:51.532,1.50514,1.50532,1.13,1.69
2018.02.12 06:39:52.517,1.50515,1.50532,3.00,1.50
2018.02.12 06:39:53.040,1.50515,1.50532,2.44,1.50
2018.02.12 06:39:53.497,1.50515,1.50532,1.31,1.88
2018.02.12 06:39:53.549,1.50515,1.50532,3.75,2.63
2018.02.12 06:39:55.566,1.50514,1.50528,1.31,1.50
2018.02.12 06:39:56.335,1.50514,1.50528,2.06,1.31
2018.02.12 06:39:57.183,1.50514,1.50528,3.94,1.44
2018.02.12 06:39:57.519,1.50514,1.50528,2.44,1.19
2018.02.12 06:39:58.029,1.50514,1.50528,3.94,1.63
2018.02.12 06:39:58.336,1.50515,1.50528,2.00,1.19
2018.02.12 06:39:58.492,1.50516,1.50531,2.25,1.44
2018.02.12 06:39:58.994,1.50518,1.50531,1.00,1.31
2018.02.12 06:39:59.601,1.50516,1.50531,2.06,1.31
2018.02.12 06:40:00.116,1.50516,1.50531,1.69,1.31
2018.02.12 06:40:01.541,1.50517,1.50531,1.13,1.31
2018.02.12 06:40:02.584,1.50517,1.50531,1.13,1.19
2018.02.12 06:40:02.687,1.50516,1.50531,1.75,1.19
2018.02.12 06:40:03.106,1.50516,1.50531,2.25,1.19
2018.02.12 06:40:03.952,1.50518,1.50531,1.00,1.19
2018.02.12 06:40:04.235,1.50516,1.50531,2.00,1.31
2018.02.12 06:40:04.933,1.50518,1.50534,1.13,1.31
2018.02.12 06:40:04.986,1.50516,1.50534,3.19,1.81
2018.02.12 06:40:05.504,1.50516,1.50532,3.94,1.31
2018.02.12 06:40:05.983,1.50518,1.50534,2.25,1.00
2018.02.12 06:40:06.238,1.50517,1.50534,2.63,1.00
2018.02.12 06:40:06.290,1.50517,1.50532,1.37,1.81
2018.02.12 06:40:06.341,1.50517,1.50533,1.00,1.50
2018.02.12 06:40:07.106,1.50515,1.5053,1.31,1.44
2018.02.12 06:40:07.498,1.50514,1.5053,1.31,1.63
2018.02.12 06:40:08.643,1.50514,1.5053,2.44,1.31
2018.02.12 06:40:09.281,1.50517,1.5053,1.00,1.19
2018.02.12 06:40:09.682,1.50516,1.5053,1.13,1.19
2018.02.12 06:40:09.915,1.50518,1.50532,1.00,1.19
2018.02.12 06:40:10.119,1.50515,1.50532,1.94,1.44
2018.02.12 06:40:10.459,1.50515,1.5053,1.94,1.19
2018.02.12 06:40:11.299,1.50515,1.5053,2.19,1.19
2018.02.12 06:40:11.801,1.50515,1.5053,2.44,1.19
2018.02.12 06:40:12.070,1.50521,1.50532,1.00,1.19
2018.02.12 06:40:12.122,1.50518,1.50534,2.44,1.31
2018.02.12 06:40:12.228,1.50521,1.50536,1.00,1.88
2018.02.12 06:40:12.318,1.5052,1.50535,1.38,1.50
2018.02.12 06:40:12.472,1.5052,1.50535,1.88,1.81
2018.02.12 06:40:12.625,1.5052,1.50537,1.12,1.75
2018.02.12 06:40:12.677,1.5052,1.50536,1.88,1.13
2018.02.12 06:40:13.228,1.50519,1.50537,2.00,2.63
2018.02.12 06:40:13.729,1.50519,1.50537,2.44,2.25
2018.02.12 06:40:14.085,1.50519,1.50537,2.44,1.88
2018.02.12 06:40:14.278,1.50519,1.50536,3.56,1.56
2018.02.12 06:40:14.878,1.5052,1.50534,1.37,1.00
2018.02.12 06:40:15.429,1.5052,1.50535,1.37,1.31
2018.02.12 06:40:15.973,1.5052,1.50535,1.63,1.31
2018.02.12 06:40:16.484,1.50519,1.50535,3.94,1.50
2018.02.12 06:40:18.777,1.50519,1.50534,1.88,1.94
2018.02.12 06:40:19.326,1.50518,1.50533,1.13,1.12
2018.02.12 06:40:19.639,1.50518,1.50534,4.13,1.56
2018.02.12 06:40:19.952,1.50523,1.50538,3.00,2.00
2018.02.12 06:40:20.076,1.50528,1.50541,1.00,1.13
2018.02.12 06:40:20.130,1.50528,1.50541,1.88,1.13
2018.02.12 06:40:20.286,1.5053,1.50545,1.37,3.94
2018.02.12 06:40:20.807,1.50528,1.50545,2.00,2.06
2018.02.12 06:40:21.330,1.50529,1.50545,2.62,1.88
2018.02.12 06:40:21.832,1.5053,1.50545,1.00,2.06
2018.02.12 06:40:22.364,1.50528,1.50545,1.63,1.13
2018.02.12 06:40:22.477,1.50528,1.50543,1.63,1.13
2018.02.12 06:40:23.005,1.50526,1.50543,1.31,2.19
2018.02.12 06:40:23.315,1.50527,1.50543,1.87,2.63
2018.02.12 06:40:23.787,1.50527,1.50543,1.87,2.19
2018.02.12 06:40:23.942,1.50527,1.50542,1.00,1.94
2018.02.12 06:40:25.671,1.50525,1.50542,2.44,1.94
2018.02.12 06:40:26.190,1.50525,1.50542,3.94,1.94
2018.02.12 06:40:26.242,1.50529,1.50543,1.00,2.06
2018.02.12 06:40:26.296,1.50527,1.50544,1.63,1.69
2018.02.12 06:40:26.578,1.50528,1.50544,2.63,1.38
2018.02.12 06:40:27.095,1.50529,1.50544,1.81,1.50
2018.02.12 06:40:27.406,1.50529,1.50542,1.13,1.13
2018.02.12 06:40:27.460,1.50532,1.50546,1.13,1.12
2018.02.12 06:40:27.513,1.50531,1.50546,1.63,1.13
2018.02.12 06:40:27.670,1.50531,1.50546,1.12,1.13
2018.02.12 06:40:27.826,1.50531,1.50543,1.00,1.13
2018.02.12 06:40:27.878,1.5053,1.50545,1.75,1.81
2018.02.12 06:40:28.396,1.50531,1.50545,1.38,1.44
2018.02.12 06:40:30.656,1.50531,1.50545,1.13,1.56
2018.02.12 06:40:30.954,1.5053,1.50547,3.19,1.50
2018.02.12 06:40:31.109,1.50531,1.50547,1.00,2.42
2018.02.12 06:40:31.263,1.50531,1.50547,1.00,1.67
2018.02.12 06:40:31.420,1.50533,1.50548,1.38,1.30
2018.02.12 06:40:31.937,1.50534,1.50549,1.00,2.42
2018.02.12 06:40:32.622,1.50534,1.50549,1.00,2.42
2018.02.12 06:40:33.162,1.50533,1.50549,3.75,3.17
2018.02.12 06:40:34.166,1.50533,1.50549,2.81,1.55
2018.02.12 06:40:34.688,1.50532,1.50549,3.94,2.05
2018.02.12 06:40:35.218,1.50533,1.50549,2.06,3.00
2018.02.12 06:40:36.464,1.50533,1.50549,3.94,1.81
2018.02.12 06:40:36.975,1.50533,1.50549,2.81,1.81
2018.02.12 06:40:38.688,1.50534,1.50548,1.25,1.31
2018.02.12 06:40:39.231,1.50534,1.50549,1.25,1.81
2018.02.12 06:40:39.746,1.50534,1.50549,1.63,1.81
2018.02.12 06:40:41.023,1.50534,1.50549,1.25,2.25
2018.02.12 06:40:41.832,1.50533,1.50549,1.63,1.56
2018.02.12 06:40:42.383,1.50533,1.50549,4.31,1.81
2018.02.12 06:40:43.132,1.50534,1.50549,1.25,2.25
2018.02.12 06:40:43.480,1.50535,1.50549,1.50,1.19
2018.02.12 06:40:44.014,1.50535,1.5055,3.19,1.63
2018.02.12 06:40:44.675,1.50535,1.5055,1.63,1.63
2018.02.12 06:40:45.130,1.50536,1.50548,3.37,1.56
2018.02.12 06:40:45.648,1.50534,1.50548,1.88,1.56
2018.02.12 06:40:45.700,1.50532,1.50548,3.56,1.56
2018.02.12 06:40:46.246,1.50532,1.50548,1.69,1.56
2018.02.12 06:40:46.794,1.50532,1.50548,3.38,1.56
2018.02.12 06:40:49.206,1.50533,1.50548,1.25,1.56
2018.02.12 06:40:51.479,1.50532,1.50548,1.50,1.56
2018.02.12 06:40:51.846,1.50534,1.50549,1.50,1.63
2018.02.12 06:40:52.385,1.50535,1.50551,3.94,1.56
2018.02.12 06:40:53.040,1.50536,1.50552,1.00,2.44
2018.02.12 06:40:53.197,1.50537,1.50552,1.00,1.50
2018.02.12 06:40:53.405,1.50537,1.50553,3.94,1.81
2018.02.12 06:40:54.595,1.50538,1.50553,1.13,1.81
2018.02.12 06:40:55.498,1.50538,1.50553,2.81,1.56
2018.02.12 06:40:56.037,1.50539,1.50553,1.00,1.56
2018.02.12 06:40:56.578,1.50538,1.50553,2.81,1.56
2018.02.12 06:40:57.543,1.50539,1.50553,2.25,1.56
2018.02.12 06:40:57.806,1.50546,1.50561,4.13,1.38
2018.02.12 06:40:57.860,1.50548,1.50563,2.00,1.31
2018.02.12 06:40:58.221,1.50549,1.50564,1.00,2.06
2018.02.12 06:40:58.739,1.50547,1.50564,3.37,1.69
2018.02.12 06:40:59.249,1.5055,1.50564,1.00,1.81
2018.02.12 06:40:59.925,1.50549,1.50564,1.69,1.56
2018.02.12 06:41:00.426,1.50548,1.50564,2.19,1.56
2018.02.12 06:41:00.825,1.50548,1.50564,1.88,1.56
2018.02.12 06:41:01.368,1.50549,1.50564,1.00,1.56
2018.02.12 06:41:01.581,1.50549,1.50564,1.25,1.56
2018.02.12 06:41:01.684,1.50549,1.50565,1.50,1.31
2018.02.12 06:41:01.740,1.50561,1.50568,1.00,1.50
2018.02.12 06:41:01.978,1.50566,1.50581,2.06,1.82
2018.02.12 06:41:02.132,1.50567,1.50583,1.12,1.75
2018.02.12 06:41:02.235,1.50567,1.50583,1.69,1.82
2018.02.12 06:41:02.287,1.50567,1.50581,1.88,1.50
2018.02.12 06:41:02.595,1.50567,1.50581,1.75,2.00
2018.02.12 06:41:02.698,1.50567,1.50578,1.00,1.44
2018.02.12 06:41:02.750,1.50566,1.50578,4.31,1.25
2018.02.12 06:41:03.210,1.50568,1.50578,1.00,1.50
2018.02.12 06:41:03.736,1.50567,1.50579,1.00,1.13
2018.02.12 06:41:04.254,1.50566,1.50579,1.75,1.62
2018.02.12 06:41:04.307,1.50565,1.50579,1.00,1.37
2018.02.12 06:41:04.463,1.50566,1.50579,3.37,1.62
2018.02.12 06:41:04.723,1.50564,1.50579,2.62,1.62
2018.02.12 06:41:05.269,1.50564,1.50579,3.37,1.88
2018.02.12 06:41:05.780,1.50562,1.50576,1.87,1.44
2018.02.12 06:41:06.755,1.50562,1.50579,3.37,1.81
2018.02.12 06:41:07.395,1.50563,1.50579,1.38,1.75
2018.02.12 06:41:08.079,1.50562,1.50577,3.94,1.25
2018.02.12 06:41:08.583,1.50563,1.50577,2.62,1.25
2018.02.12 06:41:08.791,1.50561,1.50577,5.25,1.69
2018.02.12 06:41:08.951,1.50563,1.50578,1.25,1.88
2018.02.12 06:41:09.674,1.50562,1.50578,3.00,1.88
2018.02.12 06:41:10.184,1.50562,1.50578,2.81,1.88
2018.02.12 06:41:10.337,1.50562,1.50577,3.00,1.13
2018.02.12 06:41:10.440,1.50561,1.50577,3.75,1.13
2018.02.12 06:41:10.542,1.50562,1.50577,1.13,1.13
2018.02.12 06:41:11.095,1.50562,1.50577,1.13,1.13
2018.02.12 06:41:11.741,1.50562,1.50578,1.13,2.19
2018.02.12 06:41:12.351,1.50561,1.50578,3.75,2.19
2018.02.12 06:41:12.713,1.50561,1.50577,2.25,1.94
2018.02.12 06:41:12.817,1.50558,1.50574,1.13,1.56
2018.02.12 06:41:12.921,1.50558,1.50575,3.19,1.63
2018.02.12 06:41:12.975,1.50561,1.50575,1.12,1.44
2018.02.12 06:41:13.080,1.50565,1.50578,1.00,1.50
2018.02.12 06:41:13.133,1.50566,1.50578,4.12,1.44
2018.02.12 06:41:13.186,1.50564,1.50581,1.75,1.88
2018.02.12 06:41:13.238,1.50564,1.5058,1.69,1.13
2018.02.12 06:41:13.343,1.50565,1.5058,1.00,1.13
2018.02.12 06:41:13.395,1.50565,1.5058,1.00,1.13
2018.02.12 06:41:13.499,1.50564,1.5058,1.13,1.13
2018.02.12 06:41:13.810,1.50563,1.50579,1.12,1.44
2018.02.12 06:41:14.062,1.50563,1.50579,1.37,1.31
2018.02.12 06:41:14.597,1.50563,1.50579,1.00,1.19
2018.02.12 06:41:14.752,1.50565,1.50579,1.00,1.19
2018.02.12 06:41:15.270,1.50563,1.50578,2.62,1.19
2018.02.12 06:41:15.375,1.50563,1.50578,1.00,1.44
2018.02.12 06:41:15.686,1.50561,1.50578,2.62,1.19
2018.02.12 06:41:16.215,1.50564,1.50578,1.00,1.19
2018.02.12 06:41:16.731,1.50563,1.50578,2.62,1.19
2018.02.12 06:41:19.025,1.50562,1.50578,2.62,1.44
2018.02.12 06:41:19.529,1.50563,1.50578,1.00,1.44
2018.02.12 06:41:20.035,1.50562,1.50578,3.73,1.62
2018.02.12 06:41:21.109,1.50563,1.50578,1.00,1.87
2018.02.12 06:41:21.163,1.50564,1.5058,1.31,1.69
2018.02.12 06:41:21.365,1.50564,1.5058,1.75,2.00
2018.02.12 06:41:21.882,1.50565,1.5058,1.00,1.56
2018.02.12 06:41:22.229,1.50564,1.50578,1.75,1.00
2018.02.12 06:41:22.384,1.50565,1.5058,1.00,1.69
2018.02.12 06:41:22.901,1.50564,1.5058,1.56,1.19
2018.02.12 06:41:23.539,1.50567,1.5058,1.00,1.19
2018.02.12 06:41:24.056,1.50566,1.50581,2.44,1.19
2018.02.12 06:41:25.330,1.50567,1.50581,1.50,1.50
2018.02.12 06:41:25.911,1.50567,1.50581,1.75,1.50
2018.02.12 06:41:26.432,1.50568,1.50581,1.00,1.50
2018.02.12 06:41:26.945,1.50567,1.50581,2.62,1.31
2018.02.12 06:41:27.723,1.50568,1.50581,1.00,1.19
2018.02.12 06:41:28.314,1.50565,1.50581,6.19,1.19
2018.02.12 06:41:29.523,1.50568,1.50581,1.00,1.19
2018.02.12 06:41:30.074,1.50567,1.50581,2.62,1.19
2018.02.12 06:41:30.578,1.50566,1.50581,1.75,1.19
2018.02.12 06:41:31.432,1.50567,1.50581,1.75,1.19
2018.02.12 06:41:32.088,1.50567,1.50581,1.75,1.19
2018.02.12 06:41:32.795,1.50567,1.50581,3.37,1.19
2018.02.12 06:41:33.524,1.50568,1.50581,1.87,1.31
2018.02.12 06:41:34.145,1.50571,1.50581,1.00,1.19
2018.02.12 06:41:34.665,1.5057,1.50581,3.37,1.19
2018.02.12 06:41:34.718,1.50572,1.50586,1.12,3.37
2018.02.12 06:41:34.772,1.50572,1.50584,3.37,1.44
2018.02.12 06:41:35.826,1.50569,1.50582,3.00,1.44
2018.02.12 06:41:36.348,1.50569,1.50582,4.69,1.19
2018.02.12 06:41:36.966,1.50571,1.50582,2.44,1.19
2018.02.12 06:41:37.485,1.50572,1.50583,1.50,1.19
2018.02.12 06:41:38.291,1.50572,1.50583,1.00,1.31
2018.02.12 06:41:39.295,1.50571,1.50583,1.50,1.50
2018.02.12 06:41:39.837,1.50572,1.50583,1.00,1.50
2018.02.12 06:41:40.352,1.50571,1.50583,1.75,1.50
2018.02.12 06:41:41.284,1.50571,1.50583,1.50,1.50
2018.02.12 06:41:42.134,1.50571,1.50583,1.75,1.50
2018.02.12 06:41:42.847,1.50572,1.50583,1.00,1.50
2018.02.12 06:41:43.386,1.5057,1.50583,2.44,1.50
2018.02.12 06:41:43.896,1.50571,1.50583,1.50,1.31
2018.02.12 06:41:44.444,1.50571,1.50583,1.75,1.31
2018.02.12 06:41:44.950,1.5057,1.50583,2.44,1.56
2018.02.12 06:41:45.002,1.50572,1.50585,1.50,1.81
2018.02.12 06:41:45.521,1.50572,1.50585,1.75,1.50
2018.02.12 06:41:46.070,1.50573,1.50585,1.00,1.44
2018.02.12 06:41:46.741,1.50572,1.50585,1.50,1.31
2018.02.12 06:41:46.847,1.50571,1.5058,1.00,1.19
2018.02.12 06:41:46.905,1.5057,1.50583,1.75,1.19
2018.02.12 06:41:47.422,1.50571,1.50584,3.37,1.44
2018.02.12 06:41:49.563,1.50572,1.50584,1.00,1.19
2018.02.12 06:41:50.207,1.50571,1.50584,2.62,1.19
2018.02.12 06:41:50.727,1.50572,1.50584,1.00,1.19
2018.02.12 06:41:51.244,1.50571,1.50584,2.62,1.19
2018.02.12 06:41:51.772,1.50572,1.50584,1.00,1.19
2018.02.12 06:41:52.339,1.50571,1.50584,2.62,1.19
2018.02.12 06:41:53.044,1.5057,1.50584,2.62,1.19
2018.02.12 06:41:53.565,1.50571,1.50584,2.62,1.19
2018.02.12 06:41:54.082,1.50572,1.50584,1.00,1.19
2018.02.12 06:41:54.614,1.50571,1.50584,2.62,1.31
2018.02.12 06:41:55.133,1.50572,1.50584,1.00,1.19
2018.02.12 06:41:56.085,1.50571,1.50584,2.62,1.19
2018.02.12 06:41:56.677,1.50572,1.50584,1.75,1.19
2018.02.12 06:41:58.092,1.50571,1.50584,2.44,1.31
2018.02.12 06:41:59.301,1.50571,1.50584,1.75,1.44
2018.02.12 06:41:59.621,1.50571,1.50587,1.75,1.87
2018.02.12 06:42:00.140,1.50572,1.50587,2.62,1.87
2018.02.12 06:42:00.685,1.50572,1.50585,2.62,1.00
2018.02.12 06:42:02.036,1.50572,1.50587,1.50,1.37
2018.02.12 06:42:02.541,1.50572,1.50587,2.62,1.37
2018.02.12 06:42:03.057,1.50571,1.50588,4.31,1.87
2018.02.12 06:42:04.077,1.50573,1.50589,1.37,1.87
2018.02.12 06:42:04.828,1.50573,1.50588,1.50,1.12
2018.02.12 06:42:09.848,1.50574,1.5059,2.62,3.19
2018.02.12 06:42:17.715,1.50574,1.50589,1.75,1.19
2018.02.12 06:42:18.229,1.50573,1.5059,2.25,2.06
2018.02.12 06:42:18.735,1.50574,1.5059,1.50,2.44
2018.02.12 06:42:19.713,1.50574,1.50588,1.75,1.12
2018.02.12 06:42:19.769,1.50574,1.50586,1.75,1.00
2018.02.12 06:42:20.591,1.50574,1.50586,1.50,1.00
2018.02.12 06:42:21.241,1.50573,1.50587,2.25,1.31
2018.02.12 06:42:21.293,1.50573,1.50588,2.25,2.62
2018.02.12 06:42:21.409,1.5057,1.50585,2.62,2.19
2018.02.12 06:42:21.601,1.5057,1.50585,1.00,1.69
2018.02.12 06:42:21.653,1.5057,1.50586,1.50,1.12
2018.02.12 06:42:21.706,1.50571,1.50587,3.37,2.25
2018.02.12 06:42:22.542,1.50571,1.50587,2.62,2.00
2018.02.12 06:42:23.064,1.5057,1.50587,4.12,1.69
2018.02.12 06:42:25.746,1.50571,1.50587,2.62,1.69
2018.02.12 06:42:26.283,1.50571,1.50587,3.37,2.81
2018.02.12 06:42:26.816,1.50572,1.50588,1.00,3.00
2018.02.12 06:42:27.506,1.50571,1.50587,3.37,1.62
2018.02.12 06:42:28.035,1.50571,1.50588,1.50,1.87
2018.02.12 06:42:28.626,1.50571,1.50588,3.00,2.62
2018.02.12 06:42:29.235,1.50572,1.50588,1.00,1.87
2018.02.12 06:42:31.525,1.50571,1.50587,3.37,1.87
2018.02.12 06:42:35.589,1.50572,1.50588,1.00,3.37
2018.02.12 06:42:36.098,1.50571,1.50588,2.62,3.37
2018.02.12 06:42:37.508,1.50571,1.50587,1.50,1.87
2018.02.12 06:42:38.843,1.50571,1.50588,3.00,3.00
2018.02.12 06:42:39.534,1.50572,1.50588,1.00,3.00
2018.02.12 06:42:40.050,1.50572,1.50588,2.62,3.00
2018.02.12 06:42:40.591,1.50572,1.50588,1.00,3.00
2018.02.12 06:42:41.125,1.50572,1.50588,2.62,2.06
2018.02.12 06:42:41.628,1.50572,1.50588,1.00,3.00
2018.02.12 06:42:42.336,1.50571,1.50588,3.00,2.62
2018.02.12 06:42:42.916,1.50572,1.50588,1.00,2.62
2018.02.12 06:42:43.419,1.50571,1.50588,3.00,2.62
2018.02.12 06:42:44.332,1.50571,1.50588,1.37,3.37
2018.02.12 06:42:44.877,1.50571,1.50588,3.00,3.00
2018.02.12 06:42:45.403,1.50572,1.50588,1.00,3.00
2018.02.12 06:42:45.977,1.50571,1.50588,3.00,3.37
2018.02.12 06:42:46.539,1.50572,1.50588,1.00,3.37
2018.02.12 06:42:47.137,1.50571,1.50588,3.00,3.37
2018.02.12 06:42:48.513,1.50572,1.50588,1.00,3.37
2018.02.12 06:42:49.528,1.50571,1.50588,3.00,3.37
2018.02.12 06:42:50.291,1.50572,1.50588,1.00,3.00
2018.02.12 06:42:50.824,1.50571,1.50584,1.50,1.44
2018.02.12 06:42:51.373,1.50571,1.50587,3.37,1.50
2018.02.12 06:42:51.946,1.5057,1.50587,5.06,1.31
2018.02.12 06:42:52.644,1.50572,1.50586,1.00,2.44
2018.02.12 06:42:52.748,1.50572,1.50587,1.00,1.50
2018.02.12 06:42:52.852,1.5057,1.50587,2.44,1.50
2018.02.12 06:42:53.382,1.5057,1.50588,1.75,3.37
2018.02.12 06:42:54.313,1.50573,1.50589,1.75,1.31
2018.02.12 06:42:54.929,1.50573,1.50589,2.62,1.44
2018.02.12 06:42:57.791,1.50573,1.50589,2.62,1.25
2018.02.12 06:42:58.329,1.50573,1.5059,1.50,1.94
2018.02.12 06:42:58.859,1.50573,1.50589,3.37,1.69
2018.02.12 06:43:01.132,1.50573,1.5059,1.75,2.00
2018.02.12 06:43:02.721,1.50575,1.50591,2.25,3.75
2018.02.12 06:43:03.562,1.50576,1.50591,1.00,1.69
2018.02.12 06:43:03.769,1.50572,1.50587,1.12,1.87
2018.02.12 06:43:04.029,1.50569,1.50582,1.00,1.25
2018.02.12 06:43:04.082,1.50567,1.50582,1.00,1.25
2018.02.12 06:43:04.135,1.50569,1.50584,1.75,2.62
2018.02.12 06:43:04.424,1.50568,1.50584,1.00,2.81
2018.02.12 06:43:04.529,1.50567,1.50585,1.31,1.69
2018.02.12 06:43:04.844,1.50571,1.50588,4.12,1.44
2018.02.12 06:43:05.428,1.50573,1.50588,1.37,1.25
2018.02.12 06:43:05.980,1.50573,1.50587,1.37,1.00
2018.02.12 06:43:07.117,1.50573,1.50588,1.37,1.25
2018.02.12 06:43:07.428,1.50568,1.50585,1.37,1.69
2018.02.12 06:43:07.739,1.5057,1.50583,1.00,1.44
2018.02.12 06:43:08.001,1.50568,1.50583,1.12,1.62
2018.02.12 06:43:08.358,1.50566,1.50583,5.25,2.81
2018.02.12 06:43:08.411,1.50566,1.50583,1.37,2.62
2018.02.12 06:43:08.463,1.50565,1.50583,3.56,4.31
2018.02.12 06:43:09.577,1.50566,1.50583,1.37,3.94
2018.02.12 06:43:11.981,1.50565,1.50582,2.06,1.12
2018.02.12 06:43:12.497,1.50565,1.5058,1.56,1.19
2018.02.12 06:43:13.089,1.50565,1.50582,1.56,1.81
2018.02.12 06:43:13.980,1.50565,1.50581,1.56,1.31
2018.02.12 06:43:14.580,1.50565,1.50582,1.56,1.50
2018.02.12 06:43:16.624,1.50565,1.50582,1.81,2.62
2018.02.12 06:43:17.205,1.50565,1.50582,1.81,2.25
2018.02.12 06:43:17.791,1.50565,1.50582,1.81,1.50
2018.02.12 06:43:18.329,1.50565,1.5058,1.31,1.00
2018.02.12 06:43:21.085,1.50564,1.5058,4.69,1.25
2018.02.12 06:43:25.064,1.50565,1.50582,1.12,2.62
2018.02.12 06:43:25.589,1.50565,1.50582,1.12,1.87
2018.02.12 06:43:27.410,1.50565,1.50582,1.44,1.87
2018.02.12 06:43:27.617,1.50565,1.5058,1.44,2.25
2018.02.12 06:43:27.724,1.50562,1.50577,1.12,1.87
2018.02.12 06:43:27.951,1.50559,1.50576,2.81,1.31
2018.02.12 06:43:28.002,1.50562,1.50577,1.25,1.50
2018.02.12 06:43:28.525,1.50562,1.50577,1.37,1.12
2018.02.12 06:43:28.890,1.50563,1.50579,3.56,1.44
2018.02.12 06:43:29.408,1.50564,1.5058,2.81,1.81
2018.02.12 06:43:29.927,1.50564,1.5058,2.62,1.50
2018.02.12 06:43:30.667,1.50567,1.50581,1.00,3.00
2018.02.12 06:43:30.925,1.50565,1.5058,1.00,1.12
2018.02.12 06:43:31.029,1.50566,1.5058,1.50,1.12
2018.02.12 06:43:31.577,1.50566,1.50581,1.12,2.44
2018.02.12 06:43:32.777,1.50565,1.50581,1.69,1.12
2018.02.12 06:43:33.446,1.50565,1.50581,3.56,1.12
2018.02.12 06:43:33.551,1.50565,1.50579,3.75,1.56
2018.02.12 06:43:34.073,1.50564,1.5058,1.69,1.56
2018.02.12 06:43:39.980,1.50564,1.50579,1.56,1.56
2018.02.12 06:43:42.685,1.50563,1.50579,3.00,1.94
2018.02.12 06:43:43.214,1.50564,1.50579,1.00,2.19
2018.02.12 06:43:44.277,1.50562,1.50579,3.19,3.00
2018.02.12 06:43:49.336,1.50564,1.50578,1.12,1.69
2018.02.12 06:43:50.483,1.50562,1.50579,2.81,3.19
2018.02.12 06:43:51.641,1.50562,1.50578,3.75,1.12
2018.02.12 06:43:52.848,1.50562,1.50578,3.75,1.12
2018.02.12 06:43:55.187,1.50563,1.50578,1.62,1.81
2018.02.12 06:43:56.383,1.50562,1.50579,3.92,3.37
2018.02.12 06:43:57.533,1.50562,1.50579,3.92,2.81
2018.02.12 06:43:58.683,1.50562,1.50578,4.67,1.81
2018.02.12 06:43:59.799,1.50562,1.50578,3.56,1.56
2018.02.12 06:44:00.288,1.50562,1.50578,4.31,1.19
2018.02.12 06:44:00.823,1.50563,1.50579,2.81,1.69
2018.02.12 06:44:01.731,1.50564,1.50579,1.25,1.87
2018.02.12 06:44:02.243,1.50564,1.50579,1.69,1.87
2018.02.12 06:44:02.296,1.50564,1.50579,2.44,1.50
2018.02.12 06:44:04.012,1.50563,1.50579,2.06,1.62
2018.02.12 06:44:04.382,1.5057,1.50583,2.62,1.00
2018.02.12 06:44:04.435,1.50572,1.50587,2.25,1.00
2018.02.12 06:44:04.697,1.50573,1.50589,1.00,3.41
2018.02.12 06:44:05.210,1.50572,1.50589,1.69,3.00
2018.02.12 06:44:05.671,1.50572,1.50588,1.75,1.19
2018.02.12 06:44:09.329,1.50572,1.50589,2.00,2.06
2018.02.12 06:44:11.192,1.50572,1.50589,1.12,1.87
2018.02.12 06:44:13.085,1.50572,1.5059,2.81,2.02
2018.02.12 06:44:13.743,1.50572,1.50588,3.56,1.69
2018.02.12 06:44:14.104,1.50573,1.50588,1.19,2.39
2018.02.12 06:44:14.209,1.50574,1.50588,1.25,2.13
2018.02.12 06:44:14.728,1.50573,1.50587,1.00,1.45
2018.02.12 06:44:16.055,1.50571,1.50587,2.62,1.81
2018.02.12 06:44:17.288,1.50572,1.50587,1.00,1.56
2018.02.12 06:44:17.804,1.50571,1.50587,2.62,1.56
2018.02.12 06:44:18.394,1.50572,1.50588,1.00,2.25
2018.02.12 06:44:19.489,1.50571,1.50587,2.62,1.56
2018.02.12 06:44:19.695,1.50571,1.50587,2.62,1.19
2018.02.12 06:44:20.244,1.5057,1.50587,4.87,1.19
2018.02.12 06:44:20.869,1.50572,1.50588,1.50,2.62
2018.02.12 06:44:21.377,1.50572,1.50587,3.37,1.19
2018.02.12 06:44:21.584,1.50572,1.50587,1.00,1.19
2018.02.12 06:44:21.842,1.50572,1.50587,2.62,1.19
2018.02.12 06:44:22.407,1.50571,1.50588,3.56,2.81
2018.02.12 06:44:22.931,1.50572,1.50588,1.00,2.62
2018.02.12 06:44:23.237,1.50573,1.50588,2.62,2.62
2018.02.12 06:44:23.289,1.50571,1.50587,3.56,1.44
2018.02.12 06:44:23.793,1.5057,1.50587,6.37,1.19
2018.02.12 06:44:23.845,1.50574,1.50587,1.00,1.19
2018.02.12 06:44:24.549,1.50574,1.50588,1.00,2.44
2018.02.12 06:44:25.115,1.50573,1.50588,2.62,2.25
2018.02.12 06:44:25.703,1.50573,1.50588,2.81,2.25
2018.02.12 06:44:26.831,1.50572,1.50586,1.75,1.50
2018.02.12 06:44:26.884,1.50572,1.50585,1.00,1.31
2018.02.12 06:44:26.937,1.5057,1.50585,1.00,2.06
2018.02.12 06:44:27.324,1.50569,1.50585,2.62,1.19
2018.02.12 06:44:27.846,1.50568,1.50585,4.12,1.19
2018.02.12 06:44:28.390,1.50568,1.50585,4.87,1.31
2018.02.12 06:44:28.914,1.50569,1.50585,2.25,1.56
2018.02.12 06:44:29.588,1.50569,1.50585,1.75,1.31
2018.02.12 06:44:30.323,1.5057,1.50585,1.00,1.31
2018.02.12 06:44:30.642,1.50568,1.5058,1.87,1.12
2018.02.12 06:44:30.889,1.50565,1.50577,2.25,1.31
2018.02.12 06:44:31.681,1.50565,1.50577,1.50,1.69
2018.02.12 06:44:31.733,1.50565,1.50577,1.50,1.69
2018.02.12 06:44:33.131,1.50565,1.50577,1.00,1.94
2018.02.12 06:44:33.287,1.50565,1.50578,1.00,1.69
2018.02.12 06:44:33.982,1.50564,1.50578,2.81,1.94
2018.02.12 06:44:37.821,1.50565,1.50579,1.00,1.87
2018.02.12 06:44:38.332,1.50565,1.50578,1.00,3.19
2018.02.12 06:44:38.848,1.50565,1.50577,1.00,1.19
2018.02.12 06:44:42.138,1.50565,1.50578,1.00,1.94
2018.02.12 06:44:43.286,1.50564,1.50578,1.69,1.56
2018.02.12 06:44:44.327,1.50563,1.50579,3.56,3.19
2018.02.12 06:44:44.992,1.50564,1.50578,1.69,1.94
2018.02.12 06:44:47.968,1.50563,1.50579,1.69,2.19
2018.02.12 06:44:48.020,1.50563,1.50578,1.69,2.44
2018.02.12 06:44:48.783,1.50564,1.50578,1.31,1.69
2018.02.12 06:44:49.308,1.50563,1.50579,1.50,2.19
2018.02.12 06:44:49.827,1.50562,1.50577,6.56,1.19
2018.02.12 06:44:52.800,1.50563,1.5058,3.56,3.56
2018.02.12 06:44:52.955,1.50563,1.50578,3.56,1.19
2018.02.12 06:44:53.735,1.50563,1.5058,3.56,3.37
2018.02.12 06:44:53.787,1.50563,1.50578,3.56,1.19
2018.02.12 06:44:53.839,1.50563,1.5058,2.81,2.44
2018.02.12 06:44:54.384,1.50564,1.50579,1.37,1.12
2018.02.12 06:44:56.127,1.50564,1.5058,1.00,3.00
2018.02.12 06:44:56.505,1.50563,1.50577,1.31,1.56
2018.02.12 06:44:56.868,1.50564,1.50577,2.25,1.69
2018.02.12 06:44:57.172,1.50558,1.50571,1.87,1.19
2018.02.12 06:44:57.329,1.5056,1.50571,3.37,1.19
2018.02.12 06:44:57.434,1.50559,1.50571,2.25,1.44
2018.02.12 06:44:57.539,1.50557,1.50571,1.50,1.19
2018.02.12 06:44:57.591,1.50555,1.5057,3.19,2.25
2018.02.12 06:44:57.747,1.50556,1.50572,1.50,2.06
2018.02.12 06:44:57.800,1.50558,1.5057,1.12,1.87
2018.02.12 06:44:57.956,1.50558,1.50572,1.00,2.62
2018.02.12 06:44:58.100,1.50558,1.5057,2.62,1.19
2018.02.12 06:44:58.617,1.50559,1.50574,1.19,2.06
2018.02.12 06:44:59.231,1.50558,1.50574,4.50,1.12
2018.02.12 06:44:59.594,1.5056,1.50574,1.19,1.69
2018.02.12 06:45:00.239,1.50562,1.50576,1.69,1.00
2018.02.12 06:45:00.751,1.50563,1.50579,5.06,2.62
2018.02.12 06:45:00.892,1.5056,1.50571,1.50,1.87
2018.02.12 06:45:01.004,1.50559,1.50571,2.25,2.06
2018.02.12 06:45:01.057,1.50559,1.50569,1.12,2.44
2018.02.12 06:45:01.109,1.50555,1.50569,1.50,2.44
2018.02.12 06:45:01.265,1.50557,1.50569,2.62,2.44
2018.02.12 06:45:01.419,1.50555,1.50567,1.50,1.19
2018.02.12 06:45:01.674,1.50555,1.50568,2.25,1.94
2018.02.12 06:45:02.412,1.50555,1.50569,1.50,1.94
2018.02.12 06:45:02.938,1.50555,1.50569,1.50,2.44
2018.02.12 06:45:03.248,1.50555,1.50566,1.37,1.19
2018.02.12 06:45:03.301,1.50555,1.50569,1.50,1.94
2018.02.12 06:45:03.828,1.50555,1.50569,1.87,2.19
2018.02.12 06:45:04.359,1.50555,1.50569,1.87,3.37
2018.02.12 06:45:04.885,1.50554,1.50569,2.81,3.37
2018.02.12 06:45:04.989,1.50554,1.50569,1.25,2.62
2018.02.12 06:45:05.628,1.50553,1.50568,3.75,1.12
2018.02.12 06:45:06.174,1.50553,1.50568,4.50,1.12
2018.02.12 06:45:06.826,1.50553,1.50568,3.56,1.94
2018.02.12 06:45:07.341,1.50552,1.50567,6.37,1.19
2018.02.12 06:45:07.856,1.50555,1.50567,1.00,1.19
2018.02.12 06:45:08.680,1.50554,1.50567,2.81,1.19
2018.02.12 06:45:09.205,1.50555,1.50567,1.00,1.19
2018.02.12 06:45:09.727,1.50555,1.50569,1.00,1.94
2018.02.12 06:45:10.270,1.50555,1.5057,1.50,2.19
2018.02.12 06:45:11.225,1.50555,1.50569,3.37,1.94
2018.02.12 06:45:11.942,1.50554,1.50567,3.37,1.94
2018.02.12 06:45:12.462,1.50555,1.50567,1.00,1.69
2018.02.12 06:45:12.981,1.50554,1.50568,3.37,1.94
2018.02.12 06:45:13.190,1.50554,1.50567,3.37,1.19
2018.02.12 06:45:14.051,1.50554,1.50568,1.00,2.25
2018.02.12 06:45:14.628,1.50553,1.50567,1.00,1.94
2018.02.12 06:45:14.680,1.5055,1.50567,1.50,2.19
2018.02.12 06:45:14.733,1.50549,1.50565,3.56,3.19
2018.02.12 06:45:15.541,1.50547,1.50566,2.44,2.25
2018.02.12 06:45:16.080,1.50549,1.50565,3.00,1.94
2018.02.12 06:45:16.625,1.50549,1.50565,1.37,1.94
2018.02.12 06:45:17.004,1.50549,1.50566,1.12,1.87
2018.02.12 06:45:17.514,1.50551,1.50562,2.62,1.19
2018.02.12 06:45:18.126,1.50551,1.50563,1.00,1.31
2018.02.12 06:45:18.911,1.50552,1.50564,1.00,1.25
2018.02.12 06:45:18.970,1.5055,1.50567,4.31,2.25
2018.02.12 06:45:19.023,1.50551,1.50566,2.62,1.69
2018.02.12 06:45:19.127,1.50551,1.50566,2.62,1.69
2018.02.12 06:45:19.386,1.50551,1.50567,3.19,1.87
2018.02.12 06:45:19.825,1.50554,1.50566,2.25,1.31
2018.02.12 06:45:20.509,1.50553,1.50566,2.62,1.94
2018.02.12 06:45:20.561,1.50551,1.50567,2.81,3.37
2018.02.12 06:45:21.081,1.50551,1.50567,3.00,1.94
2018.02.12 06:45:21.617,1.50551,1.50565,1.25,1.94
2018.02.12 06:45:22.129,1.5055,1.50563,1.00,1.19
2018.02.12 06:45:22.646,1.50549,1.50563,1.75,1.19
2018.02.12 06:45:24.371,1.50549,1.50564,1.75,1.94
2018.02.12 06:45:24.424,1.50548,1.50565,2.62,1.12
2018.02.12 06:45:24.529,1.50547,1.50563,2.00,1.94
2018.02.12 06:45:24.791,1.50546,1.50561,1.50,1.19
2018.02.12 06:45:25.307,1.50546,1.50561,1.12,1.19
2018.02.12 06:45:25.840,1.50547,1.50561,1.12,1.69
2018.02.12 06:45:26.047,1.50548,1.50562,2.62,1.94
2018.02.12 06:45:26.151,1.50548,1.50561,1.00,1.94
2018.02.12 06:45:26.928,1.50546,1.50562,1.50,2.19
2018.02.12 06:45:26.981,1.50546,1.50559,1.50,1.19
2018.02.12 06:45:27.228,1.50547,1.50561,3.37,1.19
2018.02.12 06:45:27.331,1.50546,1.50562,2.25,1.81
2018.02.12 06:45:27.841,1.50546,1.50562,2.25,1.50
2018.02.12 06:45:28.019,1.50546,1.50562,2.25,1.50
2018.02.12 06:45:28.260,1.50547,1.50563,1.50,2.06
2018.02.12 06:45:28.366,1.50547,1.50563,1.94,1.12
2018.02.12 06:45:28.709,1.50549,1.50564,3.37,2.44
2018.02.12 06:45:28.761,1.50549,1.50564,3.37,2.44
2018.02.12 06:45:28.967,1.50549,1.50564,3.37,1.94
2018.02.12 06:45:29.175,1.50551,1.50564,1.00,1.94
2018.02.12 06:45:30.571,1.5055,1.50566,1.87,1.19
2018.02.12 06:45:30.628,1.5055,1.50567,4.87,1.69
2018.02.12 06:45:31.145,1.50551,1.50568,3.56,2.81
2018.02.12 06:45:32.984,1.50553,1.50565,1.12,1.19
2018.02.12 06:45:33.325,1.50554,1.50565,1.50,1.19
2018.02.12 06:45:33.921,1.50554,1.50569,1.50,2.62
2018.02.12 06:45:33.973,1.50553,1.50568,1.12,1.94
2018.02.12 06:45:34.077,1.50551,1.50567,1.00,3.94
2018.02.12 06:45:34.182,1.50546,1.50562,2.62,2.44
2018.02.12 06:45:34.441,1.50546,1.50562,1.50,2.25
2018.02.12 06:45:34.858,1.50548,1.50563,1.37,1.87
2018.02.12 06:45:35.367,1.50547,1.50563,1.50,1.69
2018.02.12 06:45:35.527,1.50546,1.50561,1.12,1.19
2018.02.12 06:45:35.993,1.50547,1.50561,1.00,2.62
2018.02.12 06:45:36.148,1.50547,1.50562,1.00,3.37
2018.02.12 06:45:36.814,1.50546,1.50561,1.00,1.12
2018.02.12 06:45:38.855,1.50546,1.5056,3.75,1.19
2018.02.12 06:45:39.993,1.50547,1.50562,1.00,3.00
2018.02.12 06:45:40.150,1.50544,1.50561,1.37,1.50
2018.02.12 06:45:40.203,1.50547,1.50561,1.00,1.50
2018.02.12 06:45:40.472,1.50545,1.5056,1.12,1.87
2018.02.12 06:45:40.993,1.50544,1.5056,1.50,1.87
2018.02.12 06:45:41.532,1.50545,1.50561,1.00,3.56
2018.02.12 06:45:42.324,1.50544,1.50561,1.00,2.44
2018.02.12 06:45:42.601,1.50544,1.50558,1.50,1.69
2018.02.12 06:45:42.876,1.50541,1.50557,1.37,2.25
2018.02.12 06:45:42.928,1.50542,1.50557,2.62,1.37
2018.02.12 06:45:43.287,1.50545,1.5056,1.12,1.31
2018.02.12 06:45:43.805,1.50545,1.5056,1.12,2.62
2018.02.12 06:45:45.491,1.50544,1.5056,1.00,1.50
2018.02.12 06:45:46.082,1.50543,1.5056,4.12,2.19
2018.02.12 06:45:46.238,1.50543,1.50558,1.50,3.37
2018.02.12 06:45:46.792,1.50543,1.50558,3.37,1.12
2018.02.12 06:45:47.385,1.50544,1.50558,1.00,1.12
2018.02.12 06:45:48.129,1.50543,1.50557,3.37,1.19
2018.02.12 06:45:48.638,1.50544,1.50557,1.00,1.19
2018.02.12 06:45:49.294,1.50543,1.50561,3.00,1.81
2018.02.12 06:45:49.810,1.50545,1.50561,1.00,1.19
2018.02.12 06:45:50.230,1.50546,1.50561,3.37,1.19
2018.02.12 06:45:50.491,1.50546,1.50564,4.87,2.81
2018.02.12 06:45:51.541,1.50548,1.50564,2.62,2.44
2018.02.12 06:45:52.950,1.50548,1.50564,3.37,1.31
2018.02.12 06:45:53.158,1.50549,1.50564,2.62,1.50
2018.02.12 06:45:53.681,1.50548,1.50564,4.12,1.81
2018.02.12 06:45:54.374,1.50548,1.50564,1.50,1.94
2018.02.12 06:45:54.903,1.50548,1.50563,3.37,1.19
2018.02.12 06:45:55.422,1.50549,1.50563,1.00,1.56
2018.02.12 06:45:56.114,1.50548,1.50562,3.37,2.06
2018.02.12 06:45:56.571,1.50548,1.50564,3.37,4.31
2018.02.12 06:45:56.675,1.50548,1.50564,3.37,3.94
2018.02.12 06:45:57.193,1.50548,1.50564,1.50,3.19
2018.02.12 06:45:57.755,1.50548,1.50564,3.37,2.44
2018.02.12 06:45:58.284,1.50549,1.50564,1.00,2.44
2018.02.12 06:45:58.337,1.50544,1.5056,1.12,2.06
2018.02.12 06:45:58.390,1.50542,1.50559,1.00,1.69
2018.02.12 06:45:58.495,1.50542,1.50559,1.00,2.44
2018.02.12 06:45:58.806,1.50544,1.50559,4.12,2.19
2018.02.12 06:45:59.330,1.50543,1.50558,1.00,1.69
2018.02.12 06:46:00.732,1.50542,1.50558,3.37,3.19
2018.02.12 06:46:01.329,1.50543,1.50558,2.25,2.44
2018.02.12 06:46:01.881,1.50543,1.50557,1.00,1.19
2018.02.12 06:46:02.385,1.50543,1.50559,2.62,3.00
2018.02.12 06:46:02.929,1.50543,1.50559,2.62,2.25
2018.02.12 06:46:03.446,1.50544,1.50559,1.50,1.87
2018.02.12 06:46:04.131,1.50544,1.50559,3.37,2.19
2018.02.12 06:46:04.779,1.50545,1.50559,1.00,2.19
2018.02.12 06:46:05.639,1.50544,1.50559,3.37,2.19
2018.02.12 06:46:06.929,1.50545,1.50558,1.00,1.19
2018.02.12 06:46:07.448,1.50544,1.50558,4.12,1.19
2018.02.12 06:46:07.979,1.50545,1.5056,1.00,3.00
2018.02.12 06:46:08.805,1.50544,1.5056,2.62,3.19
2018.02.12 06:46:09.328,1.50544,1.5056,3.37,2.62
2018.02.12 06:46:10.511,1.50545,1.50558,3.56,1.19
2018.02.12 06:46:10.614,1.50545,1.50561,3.56,1.50
2018.02.12 06:46:11.733,1.50545,1.50561,2.81,1.69
2018.02.12 06:46:12.845,1.50545,1.50561,3.94,1.12
2018.02.12 06:46:13.410,1.50547,1.50561,1.00,1.62
2018.02.12 06:46:13.730,1.50545,1.50561,2.62,3.94
2018.02.12 06:46:14.241,1.50545,1.5056,2.62,1.69
2018.02.12 06:46:14.655,1.50546,1.50561,2.81,1.19
2018.02.12 06:46:15.173,1.50547,1.50562,1.50,2.06
2018.02.12 06:46:15.380,1.50545,1.50558,1.00,1.31
2018.02.12 06:46:15.433,1.50547,1.5056,1.12,1.87
2018.02.12 06:46:15.796,1.50545,1.50561,1.19,1.69
2018.02.12 06:46:16.852,1.50545,1.50561,1.19,1.87
2018.02.12 06:46:17.411,1.50545,1.50561,1.69,2.44
2018.02.12 06:46:17.464,1.50545,1.50561,1.19,1.87
2018.02.12 06:46:24.978,1.50545,1.50561,1.31,1.81
2018.02.12 06:46:26.237,1.50545,1.50561,1.31,1.81
2018.02.12 06:46:26.751,1.50545,1.50561,1.25,2.19
2018.02.12 06:46:27.011,1.50544,1.50561,3.75,2.81
2018.02.12 06:46:27.118,1.50544,1.5056,3.75,1.19
2018.02.12 06:46:27.631,1.50545,1.50561,1.00,2.06
2018.02.12 06:46:28.329,1.50545,1.50561,1.19,1.56
2018.02.12 06:46:28.897,1.50545,1.50561,1.25,1.94
2018.02.12 06:46:30.887,1.50545,1.50561,1.00,2.25
2018.02.12 06:46:30.939,1.50544,1.50561,1.31,1.56
2018.02.12 06:46:31.220,1.50546,1.50561,3.75,1.25
2018.02.12 06:46:31.492,1.50548,1.50563,2.62,1.19
2018.02.12 06:46:32.341,1.50548,1.50563,4.50,1.25
2018.02.12 06:46:34.384,1.5055,1.50565,1.25,1.44
2018.02.12 06:46:34.975,1.5055,1.50565,1.25,1.12
2018.02.12 06:46:35.442,1.5055,1.50564,1.00,1.19
2018.02.12 06:46:35.855,1.5055,1.50565,1.12,2.62
2018.02.12 06:46:36.376,1.5055,1.50565,1.37,1.87
2018.02.12 06:46:39.731,1.50549,1.50565,2.81,1.56
2018.02.12 06:46:41.130,1.50549,1.50565,1.87,1.44
2018.02.12 06:46:44.427,1.50549,1.50565,1.87,1.19
2018.02.12 06:46:44.733,1.50552,1.50567,1.44,2.06
2018.02.12 06:46:45.046,1.50555,1.5057,2.25,1.87
2018.02.12 06:46:45.952,1.50555,1.50569,3.75,1.25
2018.02.12 06:46:46.482,1.50555,1.50569,3.75,1.31
2018.02.12 06:46:47.527,1.50555,1.50569,3.75,1.31
2018.02.12 06:46:48.829,1.50555,1.50569,3.19,1.19
2018.02.12 06:46:53.316,1.50555,1.50571,1.50,1.56
2018.02.12 06:46:54.181,1.50555,1.50571,3.00,1.50
2018.02.12 06:46:55.023,1.50555,1.5057,2.44,1.56
2018.02.12 06:46:55.349,1.50555,1.5057,2.25,1.31
2018.02.12 06:46:56.435,1.50555,1.5057,2.25,1.56
2018.02.12 06:46:56.986,1.50555,1.5057,1.50,1.56
2018.02.12 06:46:58.220,1.50555,1.5057,1.50,2.06
2018.02.12 06:46:58.770,1.50555,1.5057,1.69,2.06
2018.02.12 06:46:59.638,1.50555,1.50571,4.31,1.50
2018.02.12 06:47:00.094,1.50555,1.50572,1.69,1.69
2018.02.12 06:47:00.146,1.50556,1.50572,1.69,1.69
2018.02.12 06:47:00.681,1.50559,1.50572,1.00,1.19
2018.02.12 06:47:01.187,1.50559,1.50574,1.69,1.56
2018.02.12 06:47:02.386,1.50559,1.50574,1.25,1.56
2018.02.12 06:47:04.263,1.50557,1.50574,2.25,1.69
2018.02.12 06:47:04.868,1.50559,1.50574,1.25,1.31
2018.02.12 06:47:05.645,1.5056,1.50574,1.12,1.31
2018.02.12 06:47:06.147,1.5056,1.50574,1.69,1.31
2018.02.12 06:47:06.962,1.50559,1.50574,4.69,1.00
2018.02.12 06:47:09.778,1.50559,1.50574,3.56,1.31
2018.02.12 06:47:09.830,1.50559,1.50574,4.31,1.00
2018.02.12 06:47:10.377,1.50559,1.50574,4.50,1.37
2018.02.12 06:47:10.942,1.50559,1.50574,3.75,1.12
2018.02.12 06:47:11.533,1.5056,1.50574,1.25,1.31
2018.02.12 06:47:13.559,1.5056,1.50574,1.25,1.31
2018.02.12 06:47:14.085,1.50559,1.50574,5.44,1.25
2018.02.12 06:47:14.747,1.50559,1.50574,5.44,1.19
2018.02.12 06:47:15.807,1.50559,1.50574,5.06,1.56
2018.02.12 06:47:15.911,1.50557,1.50573,3.94,1.56
2018.02.12 06:47:15.964,1.50556,1.50572,1.25,1.69
2018.02.12 06:47:16.480,1.50555,1.50573,1.87,2.44
2018.02.12 06:47:16.736,1.50555,1.50572,1.94,1.31
2018.02.12 06:47:17.052,1.50555,1.50572,3.94,1.56
2018.02.12 06:47:17.208,1.50558,1.50574,1.50,1.12
2018.02.12 06:47:19.485,1.50558,1.50574,3.75,1.31
2018.02.12 06:47:20.028,1.50559,1.50574,2.62,1.12
2018.02.12 06:47:20.555,1.5056,1.50574,1.00,1.50
2018.02.12 06:47:21.192,1.50559,1.50574,2.81,1.50
2018.02.12 06:47:21.722,1.5056,1.50574,1.00,1.00
2018.02.12 06:47:22.228,1.50559,1.50574,3.37,1.50
2018.02.12 06:47:22.947,1.50559,1.50574,2.62,1.50
2018.02.12 06:47:23.476,1.50559,1.50574,2.81,1.50
2018.02.12 06:47:24.054,1.50558,1.50574,4.87,1.50
2018.02.12 06:47:25.230,1.50559,1.50575,2.62,1.69
2018.02.12 06:47:25.766,1.5056,1.50575,1.87,1.25
2018.02.12 06:47:25.947,1.50561,1.50575,4.50,1.00
2018.02.12 06:47:26.255,1.50562,1.50577,1.00,1.00
2018.02.12 06:47:26.789,1.50562,1.50578,1.12,3.19
2018.02.12 06:47:27.203,1.50562,1.50578,1.00,2.81
2018.02.12 06:47:27.760,1.50563,1.50577,1.31,1.12
2018.02.12 06:47:28.070,1.50562,1.50578,2.44,1.62
2018.02.12 06:47:29.208,1.50561,1.50579,2.62,2.62
2018.02.12 06:47:35.936,1.50563,1.50577,2.25,1.56
2018.02.12 06:47:40.954,1.50563,1.50577,1.25,1.00
2018.02.12 06:47:41.491,1.50563,1.50578,1.25,2.62
2018.02.12 06:47:44.592,1.50561,1.50576,3.37,2.25
2018.02.12 06:47:45.095,1.50561,1.50576,3.37,1.31
2018.02.12 06:47:52.329,1.50562,1.50577,1.25,2.06
2018.02.12 06:47:52.880,1.50561,1.50577,2.81,1.50
2018.02.12 06:47:53.404,1.50562,1.50577,1.00,1.50
2018.02.12 06:47:54.379,1.50562,1.50577,1.00,1.12
2018.02.12 06:47:55.631,1.50562,1.50578,1.00,3.56
2018.02.12 06:47:56.133,1.50561,1.50578,2.81,3.75
2018.02.12 06:47:57.129,1.50562,1.50578,1.25,1.50
2018.02.12 06:47:57.647,1.50561,1.5058,3.56,2.81
2018.02.12 06:47:58.188,1.50562,1.50579,2.62,1.37
2018.02.12 06:48:00.794,1.50563,1.50579,1.44,1.37
2018.02.12 06:48:01.435,1.50562,1.50579,1.56,1.37
2018.02.12 06:48:01.979,1.50562,1.5058,2.06,2.81
2018.02.12 06:48:03.933,1.50562,1.50578,1.56,1.62
2018.02.12 06:48:17.877,1.50562,1.50577,1.87,1.37
2018.02.12 06:48:18.395,1.50562,1.50577,1.31,1.12
2018.02.12 06:48:19.052,1.50562,1.50577,4.50,1.69
2018.02.12 06:48:19.600,1.50562,1.50577,2.25,1.31
2018.02.12 06:48:20.724,1.50562,1.50577,3.19,1.62
2018.02.12 06:48:21.588,1.50562,1.50577,1.87,1.87
2018.02.12 06:48:22.132,1.50562,1.50577,3.19,1.50
2018.02.12 06:48:22.641,1.50562,1.50577,2.06,1.31
2018.02.12 06:48:23.178,1.50561,1.50576,1.12,1.87
2018.02.12 06:48:23.437,1.50559,1.50575,1.00,2.44
2018.02.12 06:48:23.490,1.5056,1.50575,2.62,1.50
2018.02.12 06:48:23.696,1.50559,1.50574,1.00,1.00
2018.02.12 06:48:24.240,1.50559,1.50574,1.44,1.00
2018.02.12 06:48:24.826,1.50558,1.50575,3.19,2.81
2018.02.12 06:48:27.445,1.50559,1.50575,1.12,4.12
2018.02.12 06:48:28.180,1.50558,1.50575,3.00,2.81
2018.02.12 06:48:28.546,1.50556,1.50573,4.50,4.50
2018.02.12 06:48:28.960,1.50558,1.50573,1.00,2.06
2018.02.12 06:48:29.116,1.50557,1.50572,1.56,2.62
2018.02.12 06:48:29.426,1.50556,1.50573,1.87,3.94
2018.02.12 06:48:29.942,1.50557,1.50572,1.37,2.81
2018.02.12 06:48:30.560,1.50557,1.50572,1.12,1.25
2018.02.12 06:48:30.878,1.50554,1.5057,2.62,3.00
2018.02.12 06:48:31.295,1.50555,1.50572,4.69,2.25
2018.02.12 06:48:31.813,1.50557,1.50572,2.62,1.62
2018.02.12 06:48:32.328,1.50557,1.50572,1.00,1.00
2018.02.12 06:48:32.837,1.50557,1.50572,2.62,1.37
2018.02.12 06:48:33.358,1.50557,1.50572,1.00,1.00
2018.02.12 06:48:33.875,1.50557,1.50573,2.44,4.87
2018.02.12 06:48:34.378,1.50557,1.50572,1.00,1.00
2018.02.12 06:48:35.359,1.50556,1.50573,3.75,2.81
2018.02.12 06:48:35.884,1.50557,1.50573,2.44,4.69
2018.02.12 06:48:36.349,1.50555,1.50572,1.69,3.00
2018.02.12 06:48:36.859,1.50556,1.50572,1.37,3.56
2018.02.12 06:48:37.942,1.50556,1.50571,1.69,1.00
2018.02.12 06:48:38.600,1.50555,1.50571,4.50,2.81
2018.02.12 06:48:38.675,1.50556,1.50573,2.62,2.44
2018.02.12 06:48:39.178,1.50558,1.50573,1.31,1.12
2018.02.12 06:48:40.285,1.50559,1.50573,1.25,1.00
2018.02.12 06:48:40.627,1.50559,1.50573,4.31,1.00
2018.02.12 06:48:40.780,1.50559,1.50573,1.31,1.12
2018.02.12 06:48:41.322,1.50559,1.50574,1.69,1.69
2018.02.12 06:48:42.200,1.50559,1.50574,1.31,1.25
2018.02.12 06:48:42.728,1.50559,1.50575,1.69,1.50
2018.02.12 06:48:45.203,1.5056,1.50575,1.25,1.25
2018.02.12 06:48:46.090,1.5056,1.50574,1.25,1.00
2018.02.12 06:48:46.674,1.50561,1.50574,1.00,1.00
2018.02.12 06:48:47.186,1.5056,1.50574,3.19,1.12
2018.02.12 06:48:48.880,1.50561,1.50574,1.25,1.00
2018.02.12 06:48:49.525,1.5056,1.50574,3.19,1.12
2018.02.12 06:48:50.088,1.50561,1.50574,1.25,1.12
2018.02.12 06:48:50.608,1.5056,1.50575,3.00,1.12
2018.02.12 06:48:50.712,1.50562,1.50575,2.62,1.00
2018.02.12 06:48:51.233,1.50561,1.50574,4.12,1.00
2018.02.12 06:48:51.742,1.50562,1.50575,2.62,1.00
2018.02.12 06:48:52.375,1.50563,1.50575,2.62,1.00
2018.02.12 06:48:53.280,1.50563,1.50574,2.62,1.00
2018.02.12 06:48:53.982,1.50563,1.50579,2.62,2.25
2018.02.12 06:48:54.498,1.50563,1.50579,1.69,1.81
2018.02.12 06:48:55.032,1.50564,1.50579,1.00,1.25
2018.02.12 06:48:55.615,1.50563,1.50578,3.56,1.00
2018.02.12 06:48:56.538,1.50563,1.50579,3.56,2.62
2018.02.12 06:48:56.696,1.50562,1.50579,3.94,2.25
2018.02.12 06:48:56.853,1.50564,1.50579,2.81,1.50
2018.02.12 06:48:57.398,1.50564,1.50579,2.81,1.12
2018.02.12 06:48:58.734,1.50563,1.50578,3.56,1.12
2018.02.12 06:49:00.693,1.50564,1.5058,1.62,1.81
2018.02.12 06:49:00.847,1.50567,1.50581,1.00,2.06
2018.02.12 06:49:00.932,1.50571,1.50588,3.75,1.00
2018.02.12 06:49:01.088,1.50571,1.50588,2.81,1.31
2018.02.12 06:49:01.605,1.50572,1.50587,1.69,1.50
2018.02.12 06:49:02.730,1.5057,1.50584,1.37,1.69
2018.02.12 06:49:02.834,1.50568,1.50584,2.44,3.37
2018.02.12 06:49:02.938,1.5057,1.50583,1.25,1.44
2018.02.12 06:49:03.484,1.50568,1.50583,1.50,1.81
2018.02.12 06:49:04.000,1.50568,1.50582,1.00,1.19
2018.02.12 06:49:04.529,1.50567,1.50582,2.81,1.31
2018.02.12 06:49:05.059,1.50567,1.50582,3.00,1.31
2018.02.12 06:49:05.584,1.50567,1.50582,1.87,1.19
2018.02.12 06:49:07.142,1.50566,1.50582,1.31,4.31
2018.02.12 06:49:09.326,1.50566,1.50582,1.12,1.94
2018.02.12 06:49:13.305,1.50569,1.50583,1.12,1.87
2018.02.12 06:49:13.359,1.5057,1.50587,4.31,2.81
2018.02.12 06:49:13.420,1.50573,1.50588,1.69,4.31
2018.02.12 06:49:13.578,1.50579,1.50591,3.94,1.00
2018.02.12 06:49:13.632,1.50579,1.50595,3.94,1.56
2018.02.12 06:49:14.085,1.50579,1.50594,1.12,1.31
2018.02.12 06:49:14.301,1.50577,1.50593,1.69,3.56
2018.02.12 06:49:14.356,1.50578,1.50594,1.37,2.25
2018.02.12 06:49:14.893,1.50577,1.50593,2.44,1.31
2018.02.12 06:49:15.337,1.50577,1.50591,1.87,1.69
2018.02.12 06:49:15.494,1.50575,1.5059,1.25,1.19
2018.02.12 06:49:16.013,1.50573,1.50588,2.44,1.19
2018.02.12 06:49:16.586,1.50575,1.50588,1.00,1.25
2018.02.12 06:49:16.793,1.50576,1.50592,1.31,2.06
2018.02.12 06:49:17.388,1.50575,1.50592,3.37,1.69
2018.02.12 06:49:17.929,1.50575,1.50592,4.12,1.31
2018.02.12 06:49:18.533,1.50578,1.50593,1.31,1.56
2018.02.12 06:49:18.586,1.5058,1.50597,1.31,1.50
2018.02.12 06:49:18.846,1.50582,1.50598,1.00,1.81
2018.02.12 06:49:18.899,1.50581,1.50599,1.87,2.25
2018.02.12 06:49:19.384,1.50582,1.50599,1.31,2.81
2018.02.12 06:49:19.916,1.50581,1.50599,2.44,2.81
2018.02.12 06:49:20.108,1.50581,1.50597,3.56,1.00
2018.02.12 06:49:20.586,1.50583,1.50599,1.62,1.87
2018.02.12 06:49:20.790,1.50585,1.50602,1.69,1.56
2018.02.12 06:49:20.842,1.50586,1.50602,1.56,1.56
2018.02.12 06:49:20.944,1.50586,1.50602,1.19,1.31
2018.02.12 06:49:21.351,1.50585,1.50602,2.25,1.31
2018.02.12 06:49:21.866,1.50585,1.50602,3.19,1.62
2018.02.12 06:49:22.409,1.50585,1.50603,1.31,3.19
2018.02.12 06:49:23.095,1.50585,1.50603,1.31,2.44
2018.02.12 06:49:23.269,1.50587,1.50602,1.00,1.00
2018.02.12 06:49:23.580,1.50585,1.50603,3.94,1.94
2018.02.12 06:49:24.479,1.50585,1.50603,3.19,2.00
2018.02.12 06:49:24.983,1.50585,1.50604,3.56,3.37
2018.02.12 06:49:25.484,1.50585,1.50604,2.81,3.37
2018.02.12 06:49:26.016,1.50585,1.50604,3.56,3.37
2018.02.12 06:49:26.550,1.50585,1.50604,2.81,3.75
2018.02.12 06:49:27.115,1.50584,1.50604,3.00,3.75
2018.02.12 06:49:27.522,1.50585,1.50604,1.25,4.50
2018.02.12 06:49:28.037,1.50586,1.50603,2.25,1.69
2018.02.12 06:49:28.656,1.50588,1.50604,1.00,2.62
2018.02.12 06:49:29.191,1.50585,1.50604,2.06,2.62
2018.02.12 06:49:29.501,1.50581,1.50592,1.00,1.94
2018.02.12 06:49:29.553,1.50578,1.50593,1.25,1.19
2018.02.12 06:49:29.741,1.50578,1.50597,3.37,4.50
2018.02.12 06:49:30.497,1.5058,1.50598,1.19,2.81
2018.02.12 06:49:31.268,1.50583,1.506,1.00,3.00
2018.02.12 06:49:31.371,1.50583,1.50599,1.12,1.12
2018.02.12 06:49:31.904,1.50583,1.50599,1.50,1.19
2018.02.12 06:49:33.381,1.50581,1.50591,1.50,2.44
2018.02.12 06:49:33.538,1.50579,1.50591,1.50,4.87
2018.02.12 06:49:33.591,1.50577,1.50591,1.50,3.56
2018.02.12 06:49:33.643,1.50575,1.50591,1.31,2.06
2018.02.12 06:49:33.696,1.50577,1.50593,1.50,1.00
2018.02.12 06:49:33.748,1.50579,1.50597,1.87,2.25
2018.02.12 06:49:34.049,1.5058,1.50597,1.69,1.87
2018.02.12 06:49:34.312,1.50583,1.506,1.31,1.81
2018.02.12 06:49:34.622,1.50585,1.50601,1.87,1.69
2018.02.12 06:49:34.726,1.50585,1.50601,1.87,1.69
2018.02.12 06:49:34.778,1.50587,1.50603,1.12,1.50
2018.02.12 06:49:35.672,1.50587,1.50602,1.44,1.25
2018.02.12 06:49:36.679,1.50588,1.50603,1.37,1.19
2018.02.12 06:49:36.998,1.50614,1.50629,1.56,1.75
2018.02.12 06:49:37.156,1.50618,1.50634,2.00,1.19
2018.02.12 06:49:37.263,1.50622,1.50638,2.06,1.69
2018.02.12 06:49:37.579,1.50623,1.50639,1.00,3.56
2018.02.12 06:49:37.683,1.50623,1.50638,3.37,3.37
2018.02.12 06:49:37.890,1.50622,1.50637,1.62,1.37
2018.02.12 06:49:38.202,1.50621,1.50637,1.19,1.12
2018.02.12 06:49:38.254,1.50621,1.50637,1.19,1.31
2018.02.12 06:49:38.516,1.50619,1.50636,1.19,1.81
2018.02.12 06:49:38.846,1.50616,1.50633,3.19,1.25
2018.02.12 06:49:39.389,1.50619,1.50634,1.12,1.12
2018.02.12 06:49:40.002,1.50618,1.50635,1.69,1.94
2018.02.12 06:49:40.545,1.50619,1.50633,1.25,1.25
2018.02.12 06:49:41.061,1.50617,1.50633,3.94,1.44
2018.02.12 06:49:41.617,1.50617,1.50633,2.06,1.25
2018.02.12 06:49:42.134,1.50617,1.50635,2.06,2.62
2018.02.12 06:49:42.953,1.50616,1.50634,2.81,1.56
2018.02.12 06:49:43.109,1.50617,1.50633,1.25,1.12
2018.02.12 06:49:43.214,1.50614,1.50631,1.25,1.31
2018.02.12 06:49:43.758,1.50613,1.50631,3.94,2.00
2018.02.12 06:49:44.280,1.50614,1.50631,1.56,2.19
2018.02.12 06:49:45.323,1.50615,1.50633,3.19,2.44
2018.02.12 06:49:46.169,1.50617,1.50634,1.19,1.37
2018.02.12 06:49:46.482,1.50626,1.50645,3.19,2.00
2018.02.12 06:49:46.791,1.50627,1.50644,1.56,2.62
2018.02.12 06:49:47.245,1.50627,1.50645,1.31,1.12
2018.02.12 06:49:47.297,1.50627,1.50646,3.19,1.75
2018.02.12 06:49:47.603,1.50625,1.50644,4.12,2.44
2018.02.12 06:49:47.706,1.50623,1.50637,1.19,1.00
2018.02.12 06:49:47.809,1.50625,1.50641,1.56,1.31
2018.02.12 06:49:47.860,1.50625,1.50642,3.19,2.06
2018.02.12 06:49:48.635,1.50625,1.50643,3.37,1.12
2018.02.12 06:49:48.792,1.50628,1.50645,1.19,2.19
2018.02.12 06:49:49.155,1.50627,1.50645,2.25,1.25
2018.02.12 06:49:49.882,1.50628,1.50645,3.19,1.44
2018.02.12 06:49:50.425,1.50628,1.50647,1.56,3.94
2018.02.12 06:49:51.364,1.50629,1.50647,1.25,3.00
2018.02.12 06:49:51.989,1.50628,1.50646,3.00,1.81
2018.02.12 06:49:52.529,1.50628,1.50646,1.12,1.12
2018.02.12 06:49:53.044,1.50628,1.50646,3.00,1.12
2018.02.12 06:49:53.407,1.50629,1.50644,1.25,1.87
2018.02.12 06:49:53.609,1.50629,1.50645,1.00,1.94
2018.02.12 06:49:54.124,1.50628,1.50644,3.37,1.19
2018.02.12 06:49:54.381,1.50629,1.50647,1.56,3.00
2018.02.12 06:49:55.112,1.50628,1.50646,3.19,1.12
2018.02.12 06:49:55.683,1.50628,1.50646,3.19,1.12
2018.02.12 06:49:56.540,1.50628,1.50646,3.37,1.12
2018.02.12 06:49:57.055,1.50629,1.50646,1.56,3.00
2018.02.12 06:49:57.544,1.50629,1.50647,1.56,3.00
2018.02.12 06:50:00.168,1.50628,1.50646,3.19,2.44
2018.02.12 06:50:01.345,1.50629,1.50646,1.56,3.19
2018.02.12 06:50:02.177,1.50629,1.50646,1.56,2.00
2018.02.12 06:50:02.692,1.50628,1.50646,3.19,1.81
2018.02.12 06:50:03.516,1.50629,1.50646,1.19,2.00
2018.02.12 06:50:04.030,1.50628,1.50647,3.19,5.06
2018.02.12 06:50:04.841,1.50628,1.50647,3.37,3.94
2018.02.12 06:50:06.432,1.50629,1.50647,1.12,3.56
2018.02.12 06:50:06.949,1.50629,1.50647,1.50,3.56
2018.02.12 06:50:07.104,1.50629,1.50645,1.19,1.19
2018.02.12 06:50:07.156,1.50629,1.50646,1.37,1.56
2018.02.12 06:50:08.235,1.50629,1.50647,1.56,3.37
2018.02.12 06:50:08.547,1.50629,1.50647,1.56,4.12
2018.02.12 06:50:09.316,1.50629,1.50647,1.56,4.12
2018.02.12 06:50:11.799,1.50631,1.50646,1.00,1.12
2018.02.12 06:50:12.332,1.5063,1.50646,1.37,1.31
2018.02.12 06:50:13.391,1.5063,1.50647,1.12,3.94
2018.02.12 06:50:18.630,1.50626,1.5064,1.00,1.69
2018.02.12 06:50:18.734,1.50622,1.50639,1.56,1.44
2018.02.12 06:50:18.891,1.50622,1.50639,3.94,2.44
2018.02.12 06:50:20.089,1.50622,1.50639,1.56,1.81
2018.02.12 06:50:20.607,1.50622,1.50639,1.56,2.06
2018.02.12 06:50:21.691,1.50618,1.50632,1.31,2.25
2018.02.12 06:50:21.794,1.50615,1.50628,1.00,1.12
2018.02.12 06:50:22.305,1.50611,1.50628,2.25,2.06
2018.02.12 06:50:22.560,1.50611,1.50622,3.56,1.12
2018.02.12 06:50:22.672,1.50611,1.50622,2.62,1.12
2018.02.12 06:50:22.725,1.50607,1.50622,4.31,1.12
2018.02.12 06:50:23.258,1.50607,1.50622,3.56,1.87
2018.02.12 06:50:23.783,1.50607,1.50621,3.75,1.12
2018.02.12 06:50:24.861,1.50605,1.50619,1.31,1.87
2018.02.12 06:50:24.914,1.50602,1.50613,3.00,1.12
2018.02.12 06:50:25.032,1.506,1.50616,3.56,1.87
2018.02.12 06:50:25.086,1.506,1.50611,2.00,1.87
2018.02.12 06:50:25.348,1.50593,1.50608,2.25,1.12
2018.02.12 06:50:25.504,1.50592,1.50608,4.12,1.12
2018.02.12 06:50:25.918,1.50591,1.50605,1.31,1.12
2018.02.12 06:50:26.430,1.5059,1.50606,5.25,1.12
2018.02.12 06:50:26.888,1.50594,1.5061,1.50,1.00
2018.02.12 06:50:26.940,1.50594,1.50608,1.69,1.12
2018.02.12 06:50:28.072,1.50594,1.50608,1.19,1.12
2018.02.12 06:50:28.590,1.50591,1.50607,2.19,1.12
2018.02.12 06:50:29.166,1.50591,1.5061,2.06,1.50
2018.02.12 06:50:32.771,1.50592,1.5061,2.81,3.75
2018.02.12 06:50:33.914,1.50592,1.5061,3.00,3.19
2018.02.12 06:50:36.466,1.50592,1.5061,2.81,3.75
2018.02.12 06:50:37.080,1.50592,1.50608,3.00,1.50
2018.02.12 06:50:37.183,1.5059,1.50608,3.94,3.75
2018.02.12 06:50:38.242,1.5059,1.50607,4.69,1.56
2018.02.12 06:50:38.631,1.50588,1.50602,3.00,1.00
2018.02.12 06:50:38.742,1.50587,1.50603,1.44,1.87
2018.02.12 06:50:38.898,1.50588,1.50602,1.19,1.19
2018.02.12 06:50:39.314,1.50587,1.50605,3.00,1.50
2018.02.12 06:50:39.366,1.5059,1.50607,1.56,3.37
2018.02.12 06:50:39.702,1.5059,1.50606,2.25,1.56
2018.02.12 06:50:40.221,1.50591,1.50607,1.19,1.31
2018.02.12 06:50:40.656,1.50591,1.50606,1.44,1.81
2018.02.12 06:50:40.811,1.5059,1.50608,3.00,2.19
2018.02.12 06:50:42.155,1.50592,1.50608,2.25,1.56
2018.02.12 06:50:43.103,1.50592,1.50609,2.06,2.44
2018.02.12 06:50:43.360,1.50592,1.50607,2.06,1.12
2018.02.12 06:50:43.463,1.50592,1.50609,1.87,3.00
2018.02.12 06:50:43.618,1.5059,1.50607,2.44,2.25
2018.02.12 06:50:44.150,1.50592,1.50607,1.19,1.12
2018.02.12 06:50:44.463,1.50592,1.50609,1.19,3.37
2018.02.12 06:50:44.516,1.50592,1.50608,1.69,1.56
2018.02.12 06:50:44.978,1.50592,1.50608,1.87,1.69
2018.02.12 06:50:45.504,1.50595,1.50611,1.19,1.87
2018.02.12 06:50:46.098,1.50595,1.5061,1.31,1.87
2018.02.12 06:50:46.150,1.50595,1.50611,1.31,2.06
2018.02.12 06:50:46.624,1.50596,1.50612,1.25,1.69
2018.02.12 06:50:46.675,1.50596,1.50613,3.00,1.56
2018.02.12 06:50:47.026,1.50601,1.50618,4.50,2.06
2018.02.12 06:50:47.956,1.50603,1.5062,3.75,3.37
2018.02.12 06:50:49.095,1.50603,1.5062,2.81,2.06
2018.02.12 06:50:50.710,1.50604,1.50611,1.00,1.00
2018.02.12 06:50:50.763,1.50599,1.50611,1.19,1.00
2018.02.12 06:50:50.916,1.50597,1.50607,1.00,3.94
2018.02.12 06:50:51.021,1.50586,1.50601,1.87,3.37
2018.02.12 06:50:51.182,1.50588,1.50601,1.69,1.56
2018.02.12 06:50:51.235,1.50588,1.50604,1.19,1.31
2018.02.12 06:50:51.287,1.50588,1.50604,1.87,1.31
2018.02.12 06:50:51.393,1.50589,1.50606,3.00,3.56
2018.02.12 06:50:51.517,1.50591,1.50607,1.19,3.56
2018.02.12 06:50:51.570,1.50589,1.50606,1.69,1.69
2018.02.12 06:50:51.781,1.50594,1.50607,1.19,1.25
2018.02.12 06:50:52.093,1.50592,1.50607,1.31,1.69
2018.02.12 06:50:52.635,1.50593,1.50607,1.19,1.19
2018.02.12 06:50:53.466,1.50593,1.50605,1.19,1.56
2018.02.12 06:50:54.485,1.50593,1.50608,2.06,1.56
2018.02.12 06:50:54.537,1.50593,1.5061,2.06,3.19
2018.02.12 06:50:54.589,1.50591,1.50607,2.62,1.56
2018.02.12 06:50:54.794,1.5059,1.50607,2.62,1.56
2018.02.12 06:50:55.049,1.50588,1.50605,1.50,1.56
2018.02.12 06:50:55.585,1.50588,1.50606,3.00,1.94
2018.02.12 06:50:56.129,1.50588,1.50603,1.37,1.31
2018.02.12 06:50:56.641,1.50589,1.50606,1.19,3.19
2018.02.12 06:50:56.692,1.50588,1.50606,3.94,2.44
2018.02.12 06:50:56.778,1.50588,1.50606,3.94,2.81
2018.02.12 06:50:57.085,1.50593,1.50609,1.19,1.56
2018.02.12 06:50:57.760,1.50593,1.50609,1.62,1.31
2018.02.12 06:50:58.298,1.50594,1.50609,1.37,1.31
2018.02.12 06:50:58.841,1.50592,1.50607,3.75,1.31
2018.02.12 06:50:59.391,1.50593,1.50608,1.19,1.56
2018.02.12 06:50:59.939,1.50592,1.5061,1.12,1.56
2018.02.12 06:51:00.278,1.50592,1.50611,1.12,3.19
2018.02.12 06:51:00.835,1.50592,1.50611,3.00,5.44
2018.02.12 06:51:01.093,1.50593,1.50609,1.81,3.37
2018.02.12 06:51:01.401,1.50591,1.50608,4.50,2.44
2018.02.12 06:51:01.504,1.50589,1.50605,1.87,3.94
2018.02.12 06:51:01.555,1.50591,1.50605,1.12,1.69
2018.02.12 06:51:01.860,1.50588,1.50603,1.69,1.25
2018.02.12 06:51:02.747,1.50588,1.50604,1.19,3.94
2018.02.12 06:51:03.297,1.50586,1.50603,1.31,3.94
2018.02.12 06:51:07.616,1.50585,1.50602,4.12,1.56
2018.02.12 06:51:08.159,1.50585,1.50602,2.25,3.94
2018.02.12 06:51:09.589,1.50586,1.506,1.25,1.69
2018.02.12 06:51:09.693,1.50588,1.50603,1.81,1.00
2018.02.12 06:51:10.038,1.50593,1.50609,3.00,1.69
2018.02.12 06:51:10.350,1.50593,1.50609,1.50,1.94
2018.02.12 06:51:10.554,1.50593,1.50608,1.25,1.56
2018.02.12 06:51:11.267,1.50591,1.50609,3.19,2.25
2018.02.12 06:51:11.939,1.50591,1.50608,3.56,1.19
2018.02.12 06:51:12.974,1.50593,1.50607,1.19,1.19
2018.02.12 06:51:13.827,1.50593,1.5061,1.31,2.44
2018.02.12 06:51:13.945,1.50593,1.50609,2.00,1.00
2018.02.12 06:51:14.102,1.50595,1.50612,1.69,2.06
2018.02.12 06:51:14.207,1.50593,1.50611,2.06,3.75
2018.02.12 06:51:14.524,1.50595,1.50611,1.12,2.06
2018.02.12 06:51:15.138,1.50592,1.50608,2.81,1.69
2018.02.12 06:51:15.190,1.50592,1.50608,1.31,1.19
2018.02.12 06:51:15.703,1.50591,1.50609,1.69,3.94
2018.02.12 06:51:16.251,1.50591,1.50606,1.25,1.31
2018.02.12 06:51:17.414,1.50589,1.50607,1.69,5.81
2018.02.12 06:51:18.892,1.50589,1.50605,1.69,1.31
2018.02.12 06:51:19.928,1.50589,1.50605,2.25,1.19
2018.02.12 06:51:21.014,1.50589,1.50606,2.25,1.56
2018.02.12 06:51:23.383,1.50589,1.50605,1.56,1.31
2018.02.12 06:51:24.049,1.5059,1.50606,1.31,1.25
2018.02.12 06:51:24.101,1.5059,1.50606,1.31,1.56
2018.02.12 06:51:24.629,1.5059,1.50605,1.69,1.19
2018.02.12 06:51:25.649,1.50587,1.50602,1.12,2.06
2018.02.12 06:51:25.702,1.50587,1.506,1.00,1.56
2018.02.12 06:51:25.908,1.50584,1.50598,1.69,1.19
2018.02.12 06:51:26.455,1.50583,1.50599,1.50,1.31
2018.02.12 06:51:27.251,1.50583,1.50599,1.62,1.19
2018.02.12 06:51:27.736,1.50586,1.50602,1.31,1.50
2018.02.12 06:51:28.306,1.50586,1.50602,4.12,1.19
2018.02.12 06:51:28.638,1.50586,1.50603,1.87,1.94
2018.02.12 06:51:28.690,1.50588,1.50605,1.69,2.62
2018.02.12 06:51:29.216,1.50588,1.50604,2.44,1.19
2018.02.12 06:51:30.334,1.5059,1.50605,1.56,1.19
2018.02.12 06:51:31.131,1.5059,1.50606,1.56,1.56
2018.02.12 06:51:31.632,1.5059,1.50607,1.94,2.44
2018.02.12 06:51:33.069,1.50591,1.50606,1.81,1.19
2018.02.12 06:51:33.180,1.50593,1.50609,1.19,1.87
2018.02.12 06:51:33.752,1.50594,1.50609,1.12,1.19
2018.02.12 06:51:34.748,1.50593,1.5061,1.81,1.31
2018.02.12 06:51:35.534,1.50594,1.50609,1.00,1.69
2018.02.12 06:51:36.025,1.50593,1.50606,1.50,1.31
2018.02.12 06:51:36.078,1.50592,1.50606,1.31,1.31
2018.02.12 06:51:36.731,1.50591,1.50607,3.75,1.69
2018.02.12 06:51:37.026,1.50591,1.50606,1.12,1.31
2018.02.12 06:51:37.541,1.50591,1.50607,1.69,1.69
2018.02.12 06:51:38.828,1.50592,1.50607,1.00,1.56
2018.02.12 06:51:39.330,1.50591,1.50607,1.31,1.56
2018.02.12 06:51:39.881,1.50591,1.50608,2.81,1.69
2018.02.12 06:51:40.191,1.50591,1.50606,1.69,1.69
2018.02.12 06:51:40.244,1.50588,1.50602,1.50,1.75
2018.02.12 06:51:40.297,1.50587,1.50598,1.50,1.69
2018.02.12 06:51:40.516,1.50582,1.50593,1.00,1.19
2018.02.12 06:51:40.569,1.50578,1.50593,1.12,1.56
2018.02.12 06:51:40.624,1.50579,1.50594,1.50,2.06
2018.02.12 06:51:40.698,1.50578,1.50593,3.56,1.25
2018.02.12 06:51:40.751,1.50582,1.50594,1.00,2.25
2018.02.12 06:51:41.063,1.50576,1.50593,2.44,1.31
2018.02.12 06:51:41.773,1.50578,1.50594,1.00,1.31
2018.02.12 06:51:41.876,1.50579,1.50594,1.56,1.19
2018.02.12 06:51:42.183,1.50581,1.50597,1.69,3.56
2018.02.12 06:51:43.083,1.50581,1.50599,3.19,1.31
2018.02.12 06:51:44.083,1.50584,1.50599,1.00,2.06
2018.02.12 06:51:44.586,1.50582,1.50599,1.69,1.31
2018.02.12 06:51:45.048,1.50581,1.50591,2.62,1.19
2018.02.12 06:51:45.102,1.50581,1.50593,1.12,2.44
2018.02.12 06:51:45.155,1.5058,1.50591,1.50,2.06
2018.02.12 06:51:45.208,1.50577,1.5059,1.12,1.69
2018.02.12 06:51:45.312,1.50571,1.50588,2.62,1.19
2018.02.12 06:51:46.565,1.50574,1.5059,1.31,2.06
2018.02.12 06:51:47.642,1.50574,1.5059,1.25,1.69
2018.02.12 06:51:48.164,1.50574,1.50592,1.50,1.81
2018.02.12 06:51:48.777,1.50575,1.50591,1.50,1.56
2018.02.12 06:51:48.933,1.50577,1.50594,1.00,3.00
2018.02.12 06:51:49.330,1.5058,1.50597,3.00,1.12
2018.02.12 06:51:49.438,1.50585,1.50604,1.56,1.31
2018.02.12 06:51:49.492,1.50587,1.50604,2.25,1.87
2018.02.12 06:51:50.011,1.50587,1.50604,2.25,1.56
2018.02.12 06:51:50.270,1.50587,1.50604,1.37,1.81
2018.02.12 06:51:50.424,1.50587,1.50604,1.50,1.56
2018.02.12 06:51:50.970,1.50588,1.50605,1.00,1.12
2018.02.12 06:51:51.492,1.50588,1.50604,1.37,1.12
2018.02.12 06:51:52.047,1.50588,1.50603,1.25,1.19
2018.02.12 06:51:52.950,1.50588,1.50605,1.25,2.44
2018.02.12 06:51:54.621,1.50588,1.50604,1.31,1.94
2018.02.12 06:51:56.074,1.5059,1.50604,1.25,1.69
2018.02.12 06:51:56.586,1.5059,1.50605,1.25,2.25
2018.02.12 06:51:57.106,1.5059,1.50603,1.25,1.19
2018.02.12 06:51:57.649,1.50592,1.50606,1.19,3.75
2018.02.12 06:51:57.702,1.50589,1.50603,1.69,1.19
2018.02.12 06:51:58.558,1.50589,1.50606,1.69,2.25
2018.02.12 06:51:58.776,1.50589,1.50606,1.69,1.94
2018.02.12 06:51:59.323,1.50589,1.50606,1.87,1.69
2018.02.12 06:51:59.868,1.5059,1.50605,1.00,1.19
2018.02.12 06:52:01.332,1.50589,1.50605,1.87,1.19
2018.02.12 06:52:01.687,1.50592,1.50605,1.19,1.19
2018.02.12 06:52:02.225,1.50592,1.50604,1.19,1.19
2018.02.12 06:52:03.037,1.50592,1.50607,1.87,3.19
2018.02.12 06:52:03.140,1.50592,1.50607,1.94,1.69
2018.02.12 06:52:03.672,1.50592,1.50608,1.94,1.94
2018.02.12 06:52:04.174,1.50592,1.50608,1.94,1.69
2018.02.12 06:52:04.678,1.50593,1.50608,3.19,1.69
2018.02.12 06:52:05.611,1.50593,1.50608,3.19,1.69
2018.02.12 06:52:06.366,1.50594,1.50609,1.00,2.44
2018.02.12 06:52:06.594,1.50593,1.50605,3.00,1.19
2018.02.12 06:52:06.881,1.506,1.50613,1.19,2.19
2018.02.12 06:52:06.935,1.50603,1.50616,1.19,2.44
2018.02.12 06:52:07.504,1.50601,1.50616,1.19,3.00
2018.02.12 06:52:07.697,1.50596,1.50612,1.69,2.44
2018.02.12 06:52:07.850,1.50596,1.50608,1.69,1.19
2018.02.12 06:52:10.037,1.50596,1.50609,1.19,1.69
2018.02.12 06:52:10.380,1.50596,1.50607,1.19,1.56
2018.02.12 06:52:11.098,1.50596,1.50609,1.19,3.00
2018.02.12 06:52:12.337,1.50596,1.50609,1.19,1.69
2018.02.12 06:52:12.391,1.50597,1.5061,1.69,1.69
2018.02.12 06:52:12.445,1.50601,1.50612,1.19,1.31
2018.02.12 06:52:12.499,1.50603,1.50612,1.25,3.00
2018.02.12 06:52:12.551,1.50603,1.50612,1.25,1.69
2018.02.12 06:52:12.968,1.50602,1.50617,1.25,1.37
2018.02.12 06:52:13.613,1.50602,1.50618,1.31,2.06
2018.02.12 06:52:14.132,1.50602,1.50617,1.25,1.87
2018.02.12 06:52:14.289,1.50602,1.50619,1.50,1.31
2018.02.12 06:52:14.802,1.50602,1.5062,1.50,3.37
2018.02.12 06:52:15.336,1.50602,1.5062,1.50,3.37
2018.02.12 06:52:16.013,1.50602,1.5062,1.50,3.19
2018.02.12 06:52:16.065,1.50602,1.5062,4.69,2.25
2018.02.12 06:52:16.671,1.50602,1.5062,2.81,1.50
2018.02.12 06:52:16.975,1.50604,1.50621,1.19,3.75
2018.02.12 06:52:17.522,1.50604,1.5062,1.31,2.62
2018.02.12 06:52:18.833,1.50604,1.50619,1.31,2.81
2018.02.12 06:52:19.336,1.50604,1.5062,1.31,4.87
2018.02.12 06:52:20.081,1.50607,1.50621,1.37,4.87
2018.02.12 06:52:20.393,1.50606,1.50619,1.19,1.69
2018.02.12 06:52:20.878,1.50606,1.50617,1.19,1.56
2018.02.12 06:52:20.931,1.50602,1.50616,1.81,1.19
2018.02.12 06:52:21.138,1.50602,1.50617,1.37,1.62
2018.02.12 06:52:24.766,1.50602,1.50617,1.37,1.81
2018.02.12 06:52:24.923,1.50599,1.50615,1.87,2.81
2018.02.12 06:52:25.028,1.50599,1.50614,1.50,1.50
2018.02.12 06:52:25.553,1.50599,1.50614,1.44,1.31
2018.02.12 06:52:27.150,1.50599,1.50613,1.50,1.12
2018.02.12 06:52:27.681,1.50597,1.50613,3.75,1.12
2018.02.12 06:52:28.769,1.50597,1.50612,1.50,1.81
2018.02.12 06:52:29.029,1.50595,1.50612,1.50,2.00
2018.02.12 06:52:29.353,1.50595,1.50612,1.87,2.25
2018.02.12 06:52:29.799,1.50597,1.50613,2.00,1.25
2018.02.12 06:52:30.109,1.50599,1.50615,2.62,3.00
2018.02.12 06:52:30.211,1.50599,1.50614,1.31,1.12
2018.02.12 06:52:30.674,1.50597,1.50614,4.12,3.56
2018.02.12 06:52:30.727,1.50598,1.50613,1.31,1.00
2018.02.12 06:52:30.967,1.50598,1.50613,1.44,3.00
2018.02.12 06:52:31.587,1.50597,1.50612,2.44,1.12
2018.02.12 06:52:32.126,1.50597,1.50613,1.75,3.19
2018.02.12 06:52:32.519,1.50597,1.50611,1.12,1.37
2018.02.12 06:52:32.673,1.50597,1.50611,1.50,1.37
2018.02.12 06:52:34.248,1.50597,1.50612,1.31,3.56
2018.02.12 06:52:34.778,1.50597,1.50611,1.31,1.37
2018.02.12 06:52:34.883,1.50597,1.50611,1.31,1.62
2018.02.12 06:52:35.188,1.50594,1.5061,2.06,1.69
2018.02.12 06:52:35.757,1.50595,1.5061,1.87,1.00
2018.02.12 06:52:36.273,1.50596,1.50612,1.37,1.44
2018.02.12 06:52:38.441,1.50597,1.50612,1.12,1.00
2018.02.12 06:52:39.078,1.50597,1.50613,1.12,2.44
2018.02.12 06:52:39.181,1.50597,1.50613,1.12,1.69
2018.02.12 06:52:39.329,1.50597,1.50613,1.12,2.62
2018.02.12 06:52:39.796,1.50597,1.50613,1.12,3.75
2018.02.12 06:52:40.378,1.50597,1.50611,1.25,1.87
2018.02.12 06:52:40.889,1.50595,1.50612,1.69,2.25
2018.02.12 06:52:42.230,1.50595,1.50613,1.69,4.87
2018.02.12 06:52:43.257,1.50595,1.50613,4.31,3.37
2018.02.12 06:52:43.464,1.50596,1.50613,1.00,4.69
2018.02.12 06:52:43.619,1.50596,1.50612,1.00,1.00
2018.02.12 06:52:43.829,1.50595,1.50613,3.75,5.62
2018.02.12 06:52:43.881,1.50595,1.50613,3.75,4.12
2018.02.12 06:52:43.985,1.50595,1.50613,3.75,4.87
2018.02.12 06:52:45.192,1.50595,1.50612,3.94,2.44
2018.02.12 06:52:45.713,1.50595,1.50612,3.94,2.44
2018.02.12 06:52:45.868,1.50595,1.50613,4.12,3.37
2018.02.12 06:52:46.369,1.50598,1.50613,1.00,1.87
2018.02.12 06:52:47.329,1.50598,1.50614,1.25,2.06
2018.02.12 06:52:48.052,1.50598,1.50613,1.25,1.19
2018.02.12 06:52:48.578,1.50598,1.50614,1.25,3.94
2018.02.12 06:52:49.099,1.50598,1.50613,1.25,1.19
2018.02.12 06:52:51.051,1.50597,1.50613,1.19,1.25
2018.02.12 06:52:51.275,1.50596,1.50612,1.87,1.81
2018.02.12 06:52:51.329,1.50592,1.50609,1.69,1.12
2018.02.12 06:52:51.800,1.50593,1.50609,1.12,1.37
2018.02.12 06:52:52.781,1.50593,1.50609,1.81,1.37
2018.02.12 06:52:53.296,1.50593,1.50609,1.12,1.37
2018.02.12 06:52:54.228,1.50592,1.5061,3.19,1.87
2018.02.12 06:52:54.819,1.50592,1.5061,3.19,1.87
2018.02.12 06:52:55.577,1.50592,1.5061,1.69,2.06
2018.02.12 06:52:55.896,1.50594,1.50611,1.56,2.81
2018.02.12 06:52:56.130,1.50594,1.50611,3.94,1.62
2018.02.12 06:52:56.666,1.50594,1.50611,5.06,1.31
2018.02.12 06:52:57.177,1.50595,1.50612,2.06,1.62
2018.02.12 06:52:57.537,1.50596,1.50613,1.44,3.37
2018.02.12 06:52:57.589,1.50595,1.50612,1.25,1.81
2018.02.12 06:52:58.100,1.50594,1.50611,3.37,1.50
2018.02.12 06:52:58.630,1.50593,1.50611,4.12,1.50
2018.02.12 06:52:59.173,1.50593,1.50611,3.75,1.50
2018.02.12 06:53:00.215,1.50595,1.50612,2.44,1.69
2018.02.12 06:53:00.739,1.50599,1.50616,1.12,2.62
2018.02.12 06:53:01.260,1.50598,1.50616,3.37,2.25
2018.02.12 06:53:01.728,1.50594,1.50612,2.81,2.00
2018.02.12 06:53:01.782,1.50592,1.50608,2.62,1.50
2018.02.12 06:53:02.097,1.50592,1.50609,1.44,3.75
2018.02.12 06:53:02.201,1.5059,1.50607,4.31,3.37
2018.02.12 06:53:03.034,1.50592,1.50607,1.44,4.31
2018.02.12 06:53:03.259,1.50592,1.50607,1.44,1.87
2018.02.12 06:53:03.417,1.5059,1.50606,1.69,2.62
2018.02.12 06:53:03.470,1.50589,1.50606,1.31,2.44
2018.02.12 06:53:03.985,1.50587,1.50603,4.12,1.00
2018.02.12 06:53:04.495,1.50589,1.50604,1.19,1.12
2018.02.12 06:53:05.375,1.50588,1.50606,2.19,3.00
2018.02.12 06:53:06.770,1.50589,1.50606,1.12,2.44
2018.02.12 06:53:07.278,1.5059,1.50606,1.81,2.44
2018.02.12 06:53:08.154,1.5059,1.50606,1.00,1.87
2018.02.12 06:53:08.755,1.50589,1.50606,1.75,2.06
2018.02.12 06:53:09.523,1.50589,1.50606,1.62,2.81
2018.02.12 06:53:10.685,1.50586,1.50604,4.50,1.00
2018.02.12 06:53:11.227,1.5059,1.50607,1.00,2.00
2018.02.12 06:53:11.536,1.5059,1.50607,1.37,3.00
2018.02.12 06:53:12.098,1.5059,1.50607,1.50,1.94
2018.02.12 06:53:12.658,1.5059,1.50607,1.12,2.00
2018.02.12 06:53:16.039,1.5059,1.50607,1.31,1.62
2018.02.12 06:53:16.351,1.5059,1.50606,1.37,1.31
2018.02.12 06:53:16.876,1.5059,1.50606,1.12,1.31
2018.02.12 06:53:17.250,1.50589,1.50607,1.87,4.69
2018.02.12 06:53:17.801,1.5059,1.50606,1.37,2.00
2018.02.12 06:53:18.476,1.50589,1.50606,2.62,1.31
2018.02.12 06:53:19.022,1.50584,1.50602,3.00,2.25
2018.02.12 06:53:19.387,1.50586,1.50602,1.31,2.06
2018.02.12 06:53:19.441,1.50586,1.50602,1.75,1.87
2018.02.12 06:53:19.848,1.50586,1.50602,1.12,1.87
2018.02.12 06:53:20.739,1.50586,1.50602,1.12,3.00
2018.02.12 06:53:21.982,1.50586,1.50601,1.00,1.81
2018.02.12 06:53:22.088,1.50584,1.50602,3.00,5.06
2018.02.12 06:53:22.880,1.50587,1.50602,2.62,1.37
2018.02.12 06:53:23.582,1.50588,1.50602,1.00,1.37
2018.02.12 06:53:24.780,1.50586,1.50602,3.00,1.37
2018.02.12 06:53:25.312,1.50588,1.50602,1.37,1.37
2018.02.12 06:53:25.472,1.50588,1.50605,1.87,2.25
2018.02.12 06:53:25.579,1.50588,1.50605,5.62,1.00
2018.02.12 06:53:25.633,1.50591,1.50608,1.75,1.50
2018.02.12 06:53:25.945,1.50593,1.50608,2.81,1.00
2018.02.12 06:53:26.736,1.50595,1.50611,3.94,2.06
2018.02.12 06:53:27.279,1.50596,1.50611,1.12,1.87
2018.02.12 06:53:27.709,1.50596,1.50611,1.62,2.06
2018.02.12 06:53:28.217,1.50596,1.50611,1.31,1.69
2018.02.12 06:53:29.482,1.50596,1.50611,1.62,1.87
2018.02.12 06:53:30.222,1.50596,1.50611,1.31,1.50
2018.02.12 06:53:30.537,1.50595,1.5061,1.69,3.37
2018.02.12 06:53:31.080,1.50594,1.5061,1.56,3.56
2018.02.12 06:53:31.651,1.50593,1.50611,6.00,4.31
2018.02.12 06:53:31.827,1.50594,1.50611,1.37,1.87
2018.02.12 06:53:32.355,1.50595,1.50611,1.56,1.50
2018.02.12 06:53:33.076,1.50595,1.50611,1.56,1.50
2018.02.12 06:53:33.632,1.50596,1.50611,1.37,1.87
2018.02.12 06:53:34.374,1.50596,1.50611,1.31,1.87
2018.02.12 06:53:34.877,1.50595,1.50611,4.12,1.87
2018.02.12 06:53:34.929,1.50596,1.50611,1.62,3.75
2018.02.12 06:53:35.576,1.50596,1.50611,1.31,3.75
2018.02.12 06:53:36.080,1.50596,1.50611,3.75,4.31
2018.02.12 06:53:37.029,1.50597,1.50611,2.81,3.75
2018.02.12 06:53:37.700,1.50597,1.50611,1.25,3.00
2018.02.12 06:53:38.237,1.50596,1.50611,3.00,1.37
2018.02.12 06:53:38.289,1.50597,1.50611,1.00,2.81
2018.02.12 06:53:38.826,1.50596,1.50611,1.12,3.75
2018.02.12 06:53:39.861,1.50596,1.50611,1.62,3.75
2018.02.12 06:53:40.525,1.50596,1.50611,3.19,3.75
2018.02.12 06:53:44.223,1.50596,1.50611,1.69,3.94
2018.02.12 06:53:45.225,1.50596,1.50611,4.12,3.75
2018.02.12 06:53:53.040,1.50597,1.50611,1.37,1.37
2018.02.12 06:53:54.707,1.50597,1.50611,1.25,1.37
2018.02.12 06:53:58.241,1.50597,1.50611,1.25,1.37
2018.02.12 06:53:58.294,1.50599,1.50613,1.00,1.56
2018.02.12 06:53:58.675,1.50598,1.50613,2.62,1.56
2018.02.12 06:53:58.894,1.50598,1.50613,3.56,1.56
2018.02.12 06:53:59.409,1.50599,1.50613,1.25,1.81
2018.02.12 06:53:59.920,1.50598,1.50613,4.12,1.37
2018.02.12 06:54:00.470,1.50598,1.50613,2.25,1.50
2018.02.12 06:54:00.979,1.50598,1.50613,2.81,1.62
2018.02.12 06:54:01.512,1.50598,1.50613,3.75,1.81
2018.02.12 06:54:04.096,1.50599,1.50613,1.25,1.37
2018.02.12 06:54:04.610,1.50598,1.50613,3.19,1.37
2018.02.12 06:54:04.662,1.50598,1.50613,2.81,1.12
2018.02.12 06:54:06.697,1.50598,1.50613,1.44,1.62
2018.02.12 06:54:07.228,1.50598,1.50613,1.44,1.50
2018.02.12 06:54:07.753,1.50598,1.50613,1.12,1.31
2018.02.12 06:54:08.301,1.50598,1.50613,1.19,1.31
2018.02.12 06:54:09.730,1.50597,1.50613,1.69,1.81
2018.02.12 06:54:10.246,1.50597,1.50613,1.69,1.81
2018.02.12 06:54:10.774,1.50597,1.50613,1.69,1.81
2018.02.12 06:54:11.319,1.50597,1.50613,1.62,1.81
2018.02.12 06:54:11.844,1.50597,1.50613,1.62,2.25
2018.02.12 06:54:12.681,1.50597,1.50613,1.69,2.25
2018.02.12 06:54:16.739,1.50597,1.50613,1.62,1.81
2018.02.12 06:54:17.299,1.50597,1.50613,1.19,1.56
2018.02.12 06:54:17.507,1.50594,1.5061,1.87,2.44
2018.02.12 06:54:17.612,1.50594,1.5061,2.44,3.00
2018.02.12 06:54:17.926,1.50592,1.50607,1.19,2.25
2018.02.12 06:54:18.435,1.50591,1.50607,1.56,2.62
2018.02.12 06:54:18.777,1.5059,1.50607,2.25,1.69
2018.02.12 06:54:18.986,1.50591,1.50607,1.25,2.44
2018.02.12 06:54:19.442,1.50586,1.50603,2.25,1.12
2018.02.12 06:54:19.493,1.50587,1.50604,1.81,1.56
2018.02.12 06:54:19.545,1.50589,1.50605,1.56,2.44
2018.02.12 06:54:20.060,1.5059,1.50606,1.25,1.81
2018.02.12 06:54:20.589,1.5059,1.50606,1.31,1.81
2018.02.12 06:54:21.348,1.50589,1.50606,1.75,1.81
2018.02.12 06:54:22.103,1.50591,1.50606,1.00,1.69
2018.02.12 06:54:22.627,1.5059,1.50606,1.69,1.87
2018.02.12 06:54:22.729,1.5059,1.50608,3.19,3.19
2018.02.12 06:54:23.035,1.5059,1.50606,2.44,2.81
2018.02.12 06:54:23.138,1.50589,1.50605,3.56,1.50
2018.02.12 06:54:23.240,1.5059,1.50605,2.81,1.31
2018.02.12 06:54:23.343,1.50591,1.50605,1.00,3.37
2018.02.12 06:54:23.602,1.50588,1.50605,1.31,2.25
2018.02.12 06:54:24.104,1.5059,1.50605,1.19,1.31
2018.02.12 06:54:24.411,1.50589,1.50605,1.19,1.37
2018.02.12 06:54:24.928,1.50589,1.50605,4.69,1.37
2018.02.12 06:54:25.629,1.50588,1.50605,3.94,1.37
2018.02.12 06:54:25.879,1.50588,1.50605,3.94,1.25
2018.02.12 06:54:26.396,1.50588,1.50605,4.31,1.37
2018.02.12 06:54:26.809,1.50588,1.50605,4.87,1.37
2018.02.12 06:54:27.067,1.50588,1.50605,4.87,1.25
2018.02.12 06:54:27.587,1.50589,1.50605,1.12,1.00
2018.02.12 06:54:27.783,1.50588,1.50605,3.94,1.37
2018.02.12 06:54:27.887,1.50589,1.50605,1.56,1.00
2018.02.12 06:54:28.171,1.50589,1.50605,1.56,1.62
2018.02.12 06:54:28.350,1.50589,1.50605,1.31,1.12
2018.02.12 06:54:28.402,1.50589,1.50605,1.31,1.62
2018.02.12 06:54:28.732,1.50589,1.50605,1.25,1.62
2018.02.12 06:54:28.784,1.50589,1.50605,1.19,1.37
2018.02.12 06:54:29.317,1.50589,1.50605,1.19,1.31
2018.02.12 06:54:29.832,1.50588,1.50605,1.94,1.12
2018.02.12 06:54:31.161,1.5059,1.50605,1.37,1.12
2018.02.12 06:54:31.667,1.5059,1.50605,1.87,1.37
2018.02.12 06:54:32.079,1.5059,1.50605,2.44,1.00
2018.02.12 06:54:32.611,1.5059,1.50605,1.87,1.37
2018.02.12 06:54:33.277,1.5059,1.50605,1.31,1.37
2018.02.12 06:54:33.795,1.5059,1.50605,1.50,1.37
2018.02.12 06:54:33.950,1.5059,1.50605,1.31,1.12
2018.02.12 06:54:35.924,1.50592,1.50605,1.00,1.12
2018.02.12 06:54:36.428,1.50591,1.50605,1.31,1.00
2018.02.12 06:54:37.013,1.50592,1.50607,1.62,1.62
2018.02.12 06:54:38.237,1.50591,1.50607,1.31,1.62
2018.02.12 06:54:38.290,1.5059,1.50607,4.31,2.06
2018.02.12 06:54:38.342,1.5059,1.50607,3.56,2.06
2018.02.12 06:54:38.863,1.50591,1.50607,1.19,2.81
2018.02.12 06:54:39.823,1.50591,1.50607,1.00,3.19
2018.02.12 06:54:40.430,1.5059,1.50607,3.56,2.19
2018.02.12 06:54:40.970,1.50591,1.50607,1.00,2.25
2018.02.12 06:54:41.473,1.5059,1.50606,3.94,1.12
2018.02.12 06:54:41.629,1.50589,1.50607,2.44,3.00
2018.02.12 06:54:41.996,1.5059,1.50607,2.81,3.56
2018.02.12 06:54:42.049,1.5059,1.50606,3.75,1.00
2018.02.12 06:54:42.153,1.50592,1.50607,2.25,1.19
2018.02.12 06:54:42.626,1.50594,1.50611,1.44,2.44
2018.02.12 06:54:43.158,1.50593,1.5061,2.25,1.00
2018.02.12 06:54:43.989,1.50594,1.5061,1.81,1.25
2018.02.12 06:54:45.115,1.50596,1.50611,2.81,1.37
2018.02.12 06:54:45.632,1.50596,1.50611,3.56,1.00
2018.02.12 06:54:45.969,1.50596,1.50611,2.81,3.37
2018.02.12 06:54:46.072,1.50597,1.50611,1.25,1.37
2018.02.12 06:54:46.641,1.50596,1.50611,2.81,1.37
2018.02.12 06:54:47.184,1.50596,1.50611,1.19,1.62
2018.02.12 06:54:48.484,1.50592,1.50609,4.31,3.75
2018.02.12 06:54:48.589,1.50592,1.50606,1.50,1.00
2018.02.12 06:54:49.124,1.50589,1.50605,2.25,1.69
2018.02.12 06:54:50.972,1.50589,1.50605,2.00,1.69
2018.02.12 06:54:51.933,1.5059,1.50605,1.44,1.69
2018.02.12 06:54:53.807,1.50589,1.50605,2.81,1.00
2018.02.12 06:54:56.375,1.50588,1.50605,2.44,2.62
2018.02.12 06:54:56.687,1.50585,1.50599,3.75,1.69
2018.02.12 06:54:56.740,1.50582,1.50597,3.56,3.56
2018.02.12 06:54:56.792,1.50583,1.50596,1.25,2.06
2018.02.12 06:54:57.311,1.50582,1.50596,3.37,1.81
2018.02.12 06:54:57.491,1.50581,1.50596,1.50,2.25
2018.02.12 06:54:58.008,1.5058,1.50596,3.56,2.44
2018.02.12 06:54:58.386,1.50579,1.50594,1.44,1.31
2018.02.12 06:55:00.784,1.5058,1.50595,2.06,3.37
2018.02.12 06:55:01.371,1.50582,1.50597,1.69,1.31
2018.02.12 06:55:03.315,1.50581,1.50595,2.44,1.19
2018.02.12 06:55:03.834,1.50579,1.50595,2.25,1.12
2018.02.12 06:55:04.403,1.5058,1.50597,1.62,3.00
2018.02.12 06:55:07.669,1.50581,1.50597,1.69,3.19
2018.02.12 06:55:08.179,1.50582,1.50598,2.25,2.06
2018.02.12 06:55:08.817,1.50582,1.50598,1.56,1.81
2018.02.12 06:55:09.026,1.50583,1.50599,1.31,2.81
2018.02.12 06:55:09.594,1.50583,1.50599,2.81,1.12
2018.02.12 06:55:10.922,1.50583,1.506,3.37,3.56
2018.02.12 06:55:11.026,1.50583,1.506,3.37,2.06
2018.02.12 06:55:11.724,1.50583,1.506,2.44,1.81
2018.02.12 06:55:12.548,1.5058,1.50598,3.37,1.12
2018.02.12 06:55:13.060,1.50581,1.50596,1.69,1.81
2018.02.12 06:55:13.591,1.50581,1.50596,1.25,1.87
2018.02.12 06:55:15.470,1.5058,1.50596,1.50,1.81
2018.02.12 06:55:16.040,1.50581,1.50595,1.00,2.19
2018.02.12 06:55:16.196,1.50578,1.50593,2.06,1.50
2018.02.12 06:55:16.508,1.50577,1.50593,3.00,1.31
2018.02.12 06:55:16.560,1.50577,1.50593,2.25,1.12
2018.02.12 06:55:17.078,1.50577,1.50593,4.12,1.12
2018.02.12 06:55:17.607,1.50578,1.50593,1.19,1.81
2018.02.12 06:55:18.139,1.50578,1.50593,1.25,1.81
2018.02.12 06:55:18.927,1.50578,1.50593,1.69,1.81
2018.02.12 06:55:19.408,1.50578,1.50594,2.06,1.37
2018.02.12 06:55:20.382,1.50578,1.50595,1.50,2.44
2018.02.12 06:55:21.529,1.50579,1.50595,1.56,2.44
2018.02.12 06:55:23.428,1.50578,1.50595,1.12,2.44
2018.02.12 06:55:23.637,1.50578,1.50593,2.19,1.12
2018.02.12 06:55:24.210,1.50577,1.50593,3.19,1.69
2018.02.12 06:55:25.225,1.50578,1.50591,1.25,1.00
2018.02.12 06:55:27.029,1.50577,1.50591,3.19,1.00
2018.02.12 06:55:27.579,1.50578,1.50594,1.00,2.81
2018.02.12 06:55:28.123,1.50577,1.50593,2.81,1.31
2018.02.12 06:55:28.706,1.50576,1.50591,1.69,1.00
2018.02.12 06:55:29.421,1.50576,1.50591,2.81,1.12
2018.02.12 06:55:30.030,1.50575,1.50591,5.06,1.37
2018.02.12 06:55:32.948,1.50575,1.50592,4.12,2.25
2018.02.12 06:55:37.493,1.50576,1.50591,1.25,1.56
2018.02.12 06:55:38.022,1.50576,1.50592,2.44,2.06
2018.02.12 06:55:38.541,1.50575,1.50592,3.56,3.56
2018.02.12 06:55:38.644,1.50576,1.50591,2.44,1.19
2018.02.12 06:55:39.171,1.50575,1.50591,2.81,1.00
2018.02.12 06:55:39.275,1.50576,1.50592,1.25,2.06
2018.02.12 06:55:39.787,1.50576,1.50592,2.81,2.44
2018.02.12 06:55:39.948,1.50575,1.50591,1.00,1.87
2018.02.12 06:55:41.984,1.50575,1.5059,1.25,1.19
2018.02.12 06:55:42.832,1.50575,1.50591,1.25,2.25
2018.02.12 06:55:54.289,1.50575,1.50589,1.31,1.00
2018.02.12 06:55:54.658,1.50575,1.50584,1.00,1.44
2018.02.12 06:55:54.768,1.50563,1.5058,1.62,2.62
2018.02.12 06:55:54.874,1.50567,1.5058,1.00,1.87
2018.02.12 06:55:55.392,1.50564,1.5058,3.37,1.69
2018.02.12 06:55:55.925,1.50565,1.5058,1.12,4.87
2018.02.12 06:55:56.444,1.50564,1.5058,2.81,3.19
2018.02.12 06:55:56.960,1.50563,1.5058,1.56,5.25
2018.02.12 06:55:57.532,1.50564,1.5058,2.62,2.44
2018.02.12 06:55:57.985,1.50564,1.5058,2.81,1.37
2018.02.12 06:55:58.532,1.50563,1.5058,2.81,1.81
2018.02.12 06:55:59.050,1.50564,1.50581,1.87,2.44
2018.02.12 06:55:59.577,1.50564,1.5058,3.75,1.31
2018.02.12 06:56:00.235,1.50565,1.50581,1.12,2.81
2018.02.12 06:56:00.393,1.50567,1.50582,1.75,1.00
2018.02.12 06:56:00.920,1.5057,1.50586,3.19,1.69
2018.02.12 06:56:01.083,1.50571,1.50586,2.62,1.19
2018.02.12 06:56:02.088,1.50572,1.50587,1.00,2.62
2018.02.12 06:56:03.120,1.5057,1.50587,1.87,2.06
2018.02.12 06:56:03.635,1.50571,1.50586,2.44,1.19
2018.02.12 06:56:03.997,1.50569,1.50584,2.44,1.19
2018.02.12 06:56:04.120,1.50569,1.50588,3.94,3.00
2018.02.12 06:56:04.586,1.50572,1.50588,1.75,3.00
2018.02.12 06:56:04.690,1.50571,1.50587,1.50,1.12
2018.02.12 06:56:05.227,1.50571,1.50586,1.00,1.37
2018.02.12 06:56:06.281,1.50571,1.50587,1.37,1.31
2018.02.12 06:56:06.820,1.50571,1.50586,1.12,1.62
2018.02.12 06:56:08.434,1.50571,1.50587,1.56,1.50
2018.02.12 06:56:08.487,1.50571,1.5059,2.25,5.62
2018.02.12 06:56:08.539,1.50574,1.50589,1.31,1.44
2018.02.12 06:56:08.945,1.50575,1.50591,1.44,1.12
2018.02.12 06:56:09.357,1.50574,1.50589,3.56,1.31
2018.02.12 06:56:09.869,1.50576,1.50592,1.44,2.06
2018.02.12 06:56:09.921,1.50578,1.50594,1.69,1.00
2018.02.12 06:56:10.024,1.50575,1.50592,4.31,1.19
2018.02.12 06:56:10.279,1.50575,1.50591,1.31,1.00
2018.02.12 06:56:10.806,1.50573,1.50592,3.37,4.12
2018.02.12 06:56:11.345,1.50574,1.50591,1.12,1.69
2018.02.12 06:56:11.728,1.50576,1.50592,3.56,1.44
2018.02.12 06:56:12.246,1.50576,1.50592,1.87,1.69
2018.02.12 06:56:12.763,1.50575,1.50593,3.56,1.00
2018.02.12 06:56:13.040,1.50577,1.50595,1.31,1.69
2018.02.12 06:56:13.222,1.50579,1.50595,1.50,1.00
2018.02.12 06:56:13.736,1.50579,1.50597,3.00,2.00
2018.02.12 06:56:14.973,1.50582,1.50599,2.62,1.69
2018.02.12 06:56:15.291,1.50585,1.50602,2.62,1.87
2018.02.12 06:56:15.450,1.50583,1.506,1.87,1.56
2018.02.12 06:56:15.606,1.50583,1.50601,2.44,1.50
2018.02.12 06:56:15.721,1.50583,1.50602,2.44,4.12
2018.02.12 06:56:16.231,1.50586,1.50602,1.00,2.06
2018.02.12 06:56:16.769,1.50585,1.50602,1.12,1.44
2018.02.12 06:56:17.991,1.50586,1.50603,1.00,1.44
2018.02.12 06:56:18.529,1.50584,1.50603,2.19,1.44
2018.02.12 06:56:18.582,1.50587,1.50604,1.25,2.06
2018.02.12 06:56:18.841,1.50585,1.50602,2.62,2.06
2018.02.12 06:56:19.048,1.50584,1.506,1.00,1.75
2018.02.12 06:56:19.648,1.50582,1.50599,3.00,2.00
2018.02.12 06:56:19.857,1.5058,1.50598,2.62,2.81
2018.02.12 06:56:20.168,1.50581,1.50597,2.62,2.81
2018.02.12 06:56:20.220,1.50579,1.50597,1.50,3.00
2018.02.12 06:56:20.377,1.50579,1.50597,1.12,1.81
2018.02.12 06:56:21.000,1.5058,1.50598,1.87,3.19
2018.02.12 06:56:21.516,1.5058,1.50598,1.12,3.19
2018.02.12 06:56:22.121,1.5058,1.50598,1.12,3.00
2018.02.12 06:56:23.653,1.5058,1.50598,1.31,1.69
2018.02.12 06:56:23.807,1.50581,1.50598,1.12,2.62
2018.02.12 06:56:26.157,1.5058,1.50597,3.00,1.75
2018.02.12 06:56:26.209,1.50582,1.50599,1.37,3.00
2018.02.12 06:56:29.134,1.50583,1.506,3.56,1.81
2018.02.12 06:56:29.701,1.50582,1.506,3.75,1.50
2018.02.12 06:56:29.975,1.50584,1.50601,1.00,3.19
2018.02.12 06:56:30.027,1.50583,1.50601,1.44,3.94
2018.02.12 06:56:30.547,1.50584,1.50601,2.62,1.81
2018.02.12 06:56:30.857,1.50585,1.50601,2.19,1.81
2018.02.12 06:56:30.961,1.50584,1.50603,4.69,1.50
2018.02.12 06:56:31.478,1.50586,1.50603,1.31,1.69
2018.02.12 06:56:32.003,1.50586,1.50603,1.31,1.69
2018.02.12 06:56:32.301,1.50585,1.50603,1.50,1.50
2018.02.12 06:56:32.808,1.50586,1.50603,2.25,2.00
2018.02.12 06:56:33.324,1.50586,1.50604,1.00,2.62
2018.02.12 06:56:33.377,1.50586,1.50604,1.00,2.81
2018.02.12 06:56:33.480,1.50585,1.50604,1.12,2.25
2018.02.12 06:56:34.533,1.50587,1.50604,1.12,1.69
2018.02.12 06:56:34.694,1.50586,1.50604,1.12,1.50
2018.02.12 06:56:34.967,1.50586,1.50604,1.12,2.44
2018.02.12 06:56:35.464,1.50587,1.50604,1.12,1.50
2018.02.12 06:56:35.964,1.50587,1.50606,1.12,5.25
2018.02.12 06:56:36.328,1.50586,1.50605,2.19,3.00
2018.02.12 06:56:36.887,1.50587,1.50606,2.81,4.87
2018.02.12 06:56:37.137,1.50587,1.50605,3.75,2.00
2018.02.12 06:56:37.920,1.50587,1.50604,3.75,1.69
2018.02.12 06:56:38.175,1.50587,1.50605,2.81,1.12
2018.02.12 06:56:38.906,1.50587,1.50605,2.81,2.06
2018.02.12 06:56:39.081,1.50587,1.50605,2.81,1.50
2018.02.12 06:56:39.327,1.50584,1.50602,1.12,2.44
2018.02.12 06:56:39.585,1.50587,1.50603,2.62,1.69
2018.02.12 06:56:40.225,1.50587,1.50603,1.00,1.87
2018.02.12 06:56:41.534,1.50586,1.50603,1.00,3.19
2018.02.12 06:56:42.223,1.50585,1.50601,1.25,1.31
2018.02.12 06:56:43.384,1.50584,1.50599,3.56,1.31
2018.02.12 06:56:43.592,1.50582,1.506,1.75,2.19
2018.02.12 06:56:44.111,1.50584,1.506,1.00,1.75
2018.02.12 06:56:44.628,1.50584,1.50599,1.00,1.19
2018.02.12 06:56:45.177,1.50584,1.506,1.00,1.12
2018.02.12 06:56:45.384,1.50584,1.50601,1.00,4.12
2018.02.12 06:56:47.053,1.50584,1.50601,1.00,3.94
2018.02.12 06:56:48.268,1.50583,1.50601,1.87,2.25
2018.02.12 06:56:48.581,1.50583,1.50601,1.12,1.69
2018.02.12 06:56:49.116,1.50586,1.50602,1.12,1.44
2018.02.12 06:56:49.636,1.50584,1.506,4.87,1.69
2018.02.12 06:56:50.186,1.50584,1.506,1.87,2.25
2018.02.12 06:56:50.731,1.50584,1.506,3.75,1.50
2018.02.12 06:56:51.299,1.50585,1.506,1.25,1.69
2018.02.12 06:56:51.809,1.50584,1.506,3.75,1.69
2018.02.12 06:56:52.382,1.50584,1.506,1.87,2.06
2018.02.12 06:56:52.900,1.50586,1.50601,1.12,1.44
2018.02.12 06:56:53.562,1.50582,1.50598,1.62,1.25
2018.02.12 06:56:53.873,1.50583,1.506,3.75,1.87
2018.02.12 06:56:54.486,1.50584,1.50601,1.69,1.69
2018.02.12 06:56:54.992,1.50586,1.50602,1.62,1.69
2018.02.12 06:56:55.513,1.50586,1.50603,1.50,2.44
2018.02.12 06:56:56.110,1.50586,1.506,1.25,3.37
2018.02.12 06:56:56.164,1.50586,1.50601,1.00,1.69
2018.02.12 06:56:56.678,1.50587,1.50602,1.12,1.50
2018.02.12 06:56:56.730,1.50589,1.50604,1.00,1.87
2018.02.12 06:56:56.885,1.50598,1.50614,1.50,1.69
2018.02.12 06:56:57.025,1.50599,1.50616,2.81,1.69
2018.02.12 06:56:57.548,1.506,1.50617,1.00,2.81
2018.02.12 06:56:57.755,1.50599,1.50616,2.62,1.31
2018.02.12 06:56:58.014,1.50599,1.50615,3.37,2.25
2018.02.12 06:56:58.516,1.50598,1.50615,3.56,2.62
2018.02.12 06:56:59.149,1.50598,1.50615,3.56,2.19
2018.02.12 06:56:59.680,1.50598,1.50615,3.00,1.62
2018.02.12 06:57:00.233,1.50599,1.50615,1.12,1.12
2018.02.12 06:57:00.765,1.50598,1.50615,3.75,1.94
2018.02.12 06:57:01.276,1.50598,1.50615,3.56,1.50
2018.02.12 06:57:02.080,1.506,1.50614,1.00,1.25
2018.02.12 06:57:02.624,1.506,1.50614,1.00,1.19
2018.02.12 06:57:03.126,1.50599,1.50615,1.50,1.12
2018.02.12 06:57:03.676,1.50599,1.50613,2.00,1.25
2018.02.12 06:57:04.180,1.506,1.50616,1.00,1.87
2018.02.12 06:57:04.709,1.50599,1.50616,3.75,2.25
2018.02.12 06:57:05.230,1.50601,1.50617,1.37,1.75
2018.02.12 06:57:05.747,1.50602,1.50616,1.00,1.62
2018.02.12 06:57:06.006,1.506,1.50618,2.62,3.00
2018.02.12 06:57:06.419,1.50601,1.50617,2.00,2.19
2018.02.12 06:57:06.472,1.50602,1.50619,3.56,1.87
2018.02.12 06:57:06.525,1.50602,1.50619,3.19,1.50
2018.02.12 06:57:06.624,1.50602,1.5062,3.00,3.00
2018.02.12 06:57:08.280,1.50603,1.5062,1.87,1.50
2018.02.12 06:57:08.822,1.50603,1.5062,3.75,1.75
2018.02.12 06:57:09.339,1.50604,1.5062,1.25,1.12
2018.02.12 06:57:09.547,1.50604,1.5062,1.25,1.25
2018.02.12 06:57:09.599,1.50604,1.5062,1.25,1.37
2018.02.12 06:57:09.961,1.50603,1.5062,3.56,1.50
2018.02.12 06:57:10.271,1.50603,1.5062,1.12,1.62
2018.02.12 06:57:10.477,1.50604,1.5062,1.12,1.25
2018.02.12 06:57:10.978,1.50604,1.5062,3.00,1.25
2018.02.12 06:57:11.496,1.50604,1.50621,1.44,1.12
2018.02.12 06:57:11.879,1.50603,1.5062,3.94,1.19
2018.02.12 06:57:12.448,1.50604,1.5062,2.44,1.81
2018.02.12 06:57:12.917,1.50604,1.5062,2.62,1.31
2018.02.12 06:57:13.177,1.50604,1.5062,2.62,1.19
2018.02.12 06:57:13.453,1.50605,1.50621,1.12,2.06
2018.02.12 06:57:13.978,1.50606,1.50622,1.25,1.50
2018.02.12 06:57:14.658,1.50604,1.50621,2.00,2.06
2018.02.12 06:57:14.782,1.50603,1.5062,4.50,2.62
2018.02.12 06:57:14.990,1.50603,1.50621,3.75,2.06
2018.02.12 06:57:15.508,1.50605,1.50622,1.25,1.69
2018.02.12 06:57:16.136,1.50603,1.50619,3.94,1.19
2018.02.12 06:57:16.667,1.50604,1.50619,1.50,1.00
2018.02.12 06:57:17.226,1.50604,1.50619,1.87,1.00
2018.02.12 06:57:18.297,1.506,1.50616,1.50,2.06
2018.02.12 06:57:18.517,1.50597,1.50613,2.81,1.69
2018.02.12 06:57:19.034,1.50596,1.5061,1.62,1.19
2018.02.12 06:57:23.140,1.50596,1.5061,1.50,1.19
2018.02.12 06:57:25.136,1.50596,1.5061,1.69,1.19
2018.02.12 06:57:25.292,1.50599,1.5061,1.87,1.19
2018.02.12 06:57:26.237,1.50598,1.5061,1.00,1.19
2018.02.12 06:57:26.741,1.50596,1.5061,1.69,1.19
2018.02.12 06:57:29.318,1.50596,1.5061,2.25,1.19
2018.02.12 06:57:30.148,1.50596,1.5061,1.69,1.19
2018.02.12 06:57:30.686,1.50596,1.5061,1.87,1.19
2018.02.12 06:57:30.893,1.50596,1.50609,1.69,1.19
2018.02.12 06:57:31.428,1.50596,1.50609,5.25,1.19
2018.02.12 06:57:31.934,1.50596,1.50609,1.69,1.19
2018.02.12 06:57:32.775,1.50596,1.50609,1.50,1.19
2018.02.12 06:57:33.124,1.50598,1.50609,1.00,1.19
2018.02.12 06:57:33.738,1.50596,1.50609,1.69,1.19
2018.02.12 06:57:33.974,1.50597,1.50609,2.25,1.19
2018.02.12 06:57:34.227,1.50596,1.50609,2.25,1.19
2018.02.12 06:57:34.360,1.50596,1.50612,3.56,1.19
2018.02.12 06:57:35.247,1.50598,1.50612,2.62,1.19
2018.02.12 06:57:35.899,1.50597,1.50612,1.25,1.19
2018.02.12 06:57:36.416,1.50597,1.50612,3.00,1.31
2018.02.12 06:57:36.981,1.50597,1.50612,1.00,1.19
2018.02.12 06:57:37.685,1.50597,1.50612,1.31,1.19
2018.02.12 06:57:38.359,1.50597,1.50612,1.25,1.19
2018.02.12 06:57:38.879,1.50597,1.50612,1.44,1.19
2018.02.12 06:57:39.477,1.50597,1.50612,1.25,1.19
2018.02.12 06:57:39.994,1.50597,1.50612,1.44,1.19
2018.02.12 06:57:40.930,1.50597,1.50612,1.31,1.19
2018.02.12 06:57:41.482,1.50597,1.50612,3.75,1.44
2018.02.12 06:57:42.324,1.50602,1.50616,1.19,1.87
2018.02.12 06:57:42.589,1.50607,1.50621,1.12,1.50
2018.02.12 06:57:43.218,1.50607,1.50619,1.12,1.19
2018.02.12 06:57:43.885,1.50607,1.50616,1.12,1.19
2018.02.12 06:57:45.678,1.50604,1.50616,1.12,1.19
2018.02.12 06:57:45.937,1.50602,1.50614,1.37,1.19
2018.02.12 06:57:46.457,1.50602,1.50611,1.00,1.19
2018.02.12 06:57:46.591,1.50602,1.50613,1.00,1.19
2018.02.12 06:57:46.965,1.50602,1.50614,1.00,1.00
2018.02.12 06:57:47.120,1.50602,1.50616,1.50,1.19
2018.02.12 06:57:47.693,1.50601,1.50614,3.19,1.56
2018.02.12 06:57:47.955,1.50603,1.50616,1.13,1.69
2018.02.12 06:57:48.501,1.50603,1.50615,1.13,1.44
2018.02.12 06:57:49.439,1.50603,1.50615,1.38,1.19
2018.02.12 06:57:50.007,1.50603,1.50616,1.38,1.44
2018.02.12 06:57:50.510,1.50603,1.50616,1.13,1.19
2018.02.12 06:57:50.718,1.50602,1.50614,1.44,1.19
2018.02.12 06:57:50.823,1.50601,1.50613,1.00,1.19
2018.02.12 06:57:50.875,1.506,1.50613,1.75,1.19
2018.02.12 06:57:50.927,1.50599,1.50615,5.44,1.69
2018.02.12 06:57:51.135,1.506,1.50613,1.19,1.19
2018.02.12 06:57:51.651,1.50599,1.50612,1.69,1.19
2018.02.12 06:57:51.863,1.50601,1.50614,1.00,1.19
2018.02.12 06:57:52.284,1.50601,1.50613,1.63,1.19
2018.02.12 06:57:52.336,1.50601,1.50613,1.69,1.19
2018.02.12 06:57:52.693,1.50601,1.50616,1.88,1.56
2018.02.12 06:57:53.000,1.50601,1.50612,1.31,1.19
2018.02.12 06:57:53.199,1.50601,1.50614,1.69,1.63
2018.02.12 06:57:53.304,1.50601,1.50613,1.13,1.19
2018.02.12 06:57:58.083,1.50598,1.50613,2.06,1.56
2018.02.12 06:57:59.092,1.50598,1.50613,3.94,1.56
2018.02.12 06:57:59.606,1.50598,1.50613,3.19,1.31
2018.02.12 06:58:01.339,1.50599,1.50615,1.13,2.25
2018.02.12 06:58:01.506,1.50598,1.50615,4.13,2.25
2018.02.12 06:58:01.999,1.50599,1.50615,1.13,2.25
2018.02.12 06:58:02.529,1.50599,1.50615,1.13,2.25
2018.02.12 06:58:05.876,1.50598,1.50615,3.56,1.69
2018.02.12 06:58:06.423,1.506,1.50615,1.38,2.19
2018.02.12 06:58:07.785,1.506,1.50615,1.44,2.19
2018.02.12 06:58:08.787,1.506,1.50615,1.44,1.69
2018.02.12 06:58:10.437,1.506,1.50615,1.31,2.06
2018.02.12 06:58:11.865,1.506,1.50615,1.50,2.25
2018.02.12 06:58:12.177,1.50599,1.50613,1.12,1.13
2018.02.12 06:58:12.839,1.50597,1.50614,4.69,2.25
2018.02.12 06:58:13.567,1.50598,1.50611,1.88,1.00
2018.02.12 06:58:14.091,1.50598,1.50614,1.88,2.44
2018.02.12 06:58:16.060,1.50597,1.50611,4.50,1.00
2018.02.12 06:58:17.369,1.50597,1.50614,3.75,2.06
2018.02.12 06:58:17.916,1.50602,1.50616,1.38,2.62
2018.02.12 06:58:18.261,1.50603,1.50618,2.06,1.69
2018.02.12 06:58:18.600,1.50606,1.5062,1.38,1.00
2018.02.12 06:58:19.130,1.50606,1.50621,1.69,1.25
2018.02.12 06:58:19.677,1.50606,1.50621,1.69,1.38
2018.02.12 06:58:20.225,1.50607,1.50621,1.38,1.19
2018.02.12 06:58:21.026,1.50607,1.50622,1.56,1.31
2018.02.12 06:58:21.283,1.50609,1.50624,1.00,1.44
2018.02.12 06:58:21.829,1.50611,1.50626,1.50,1.31
2018.02.12 06:58:21.882,1.50611,1.50627,1.25,3.75
2018.02.12 06:58:22.406,1.50611,1.50625,1.50,1.88
2018.02.12 06:58:22.458,1.50606,1.50617,1.50,1.13
2018.02.12 06:58:22.510,1.50602,1.50616,1.75,1.94
2018.02.12 06:58:22.561,1.506,1.50614,1.88,1.31
2018.02.12 06:58:22.868,1.50603,1.50614,1.75,1.31
2018.02.12 06:58:22.919,1.50602,1.50615,2.25,1.12
2018.02.12 06:58:23.429,1.506,1.50616,3.38,3.19
2018.02.12 06:58:23.929,1.50601,1.50615,1.13,2.44
2018.02.12 06:58:24.278,1.50601,1.50614,1.00,2.06
2018.02.12 06:58:24.823,1.506,1.50614,2.63,2.25
2018.02.12 06:58:27.606,1.506,1.50611,1.50,1.56
2018.02.12 06:58:29.123,1.506,1.50614,1.50,3.19
2018.02.12 06:58:29.646,1.506,1.50614,2.25,3.19
2018.02.12 06:58:30.998,1.506,1.50614,2.25,1.69
2018.02.12 06:58:31.103,1.506,1.50614,1.88,3.19
2018.02.12 06:58:32.165,1.506,1.50613,1.50,1.31
2018.02.12 06:58:32.537,1.506,1.50614,2.81,1.56
2018.02.12 06:58:34.408,1.506,1.50614,2.25,1.56
2018.02.12 06:58:34.624,1.50599,1.50615,1.31,1.88
2018.02.12 06:58:35.144,1.50599,1.50615,2.44,2.06
2018.02.12 06:58:36.272,1.506,1.50614,1.13,2.81
2018.02.12 06:58:36.881,1.506,1.50614,1.38,3.00
2018.02.12 06:58:44.831,1.50598,1.50614,5.63,5.06
2018.02.12 06:58:45.624,1.50599,1.50614,2.81,5.06
2018.02.12 06:58:46.302,1.50599,1.50614,3.00,2.81
2018.02.12 06:58:47.050,1.50599,1.50608,2.62,1.44
2018.02.12 06:58:47.101,1.50596,1.50606,1.69,1.12
2018.02.12 06:58:47.408,1.50593,1.50606,1.69,1.94
2018.02.12 06:58:47.929,1.50593,1.50606,1.31,1.94
2018.02.12 06:58:48.548,1.50593,1.50604,1.12,1.69
2018.02.12 06:58:49.096,1.50593,1.50607,1.50,5.06
2018.02.12 06:58:50.016,1.50593,1.50604,1.50,1.56
2018.02.12 06:58:50.548,1.50593,1.50606,1.37,1.94
2018.02.12 06:58:51.063,1.50593,1.50606,1.50,3.94
2018.02.12 06:58:51.581,1.50593,1.50606,1.50,3.19
2018.02.12 06:58:52.125,1.50593,1.50606,1.50,3.94
2018.02.12 06:58:54.395,1.50593,1.50606,1.50,2.19
2018.02.12 06:58:54.653,1.50593,1.50606,3.00,1.81
2018.02.12 06:58:55.170,1.50593,1.50606,3.37,1.31
2018.02.12 06:58:56.576,1.50594,1.50606,1.00,1.69
2018.02.12 06:58:57.077,1.50593,1.50606,2.81,1.69
2018.02.12 06:58:57.623,1.50594,1.50606,1.00,1.69
2018.02.12 06:58:57.862,1.50593,1.50598,3.37,1.19
2018.02.12 06:58:57.913,1.50591,1.50598,4.12,1.19
2018.02.12 06:58:57.965,1.50589,1.50597,1.00,1.19
2018.02.12 06:58:58.017,1.50585,1.50597,1.00,1.19
2018.02.12 06:58:58.068,1.50586,1.50597,2.62,1.19
2018.02.12 06:58:58.325,1.50585,1.50597,2.25,1.19
2018.02.12 06:58:58.949,1.50585,1.50597,1.38,1.31
2018.02.12 06:59:00.104,1.50584,1.50597,1.31,1.88
2018.02.12 06:59:00.565,1.50582,1.50597,1.00,2.06
2018.02.12 06:59:00.978,1.5058,1.50592,1.69,1.19
2018.02.12 06:59:01.340,1.50577,1.50592,3.38,1.19
2018.02.12 06:59:01.847,1.50576,1.50593,1.69,1.69
2018.02.12 06:59:02.125,1.50576,1.50592,1.88,1.38
2018.02.12 06:59:02.640,1.50575,1.50593,2.44,1.75
2018.02.12 06:59:03.488,1.50576,1.50593,1.56,1.50
2018.02.12 06:59:03.834,1.50576,1.50593,1.31,1.75
2018.02.12 06:59:04.369,1.50576,1.50593,3.19,1.69
2018.02.12 06:59:04.881,1.50576,1.50593,3.38,1.88
2018.02.12 06:59:04.933,1.50576,1.50593,3.19,1.69
2018.02.12 06:59:05.191,1.50577,1.50593,1.63,1.50
2018.02.12 06:59:05.940,1.50577,1.50593,1.63,1.31
2018.02.12 06:59:06.096,1.50578,1.50594,1.75,1.31
2018.02.12 06:59:06.303,1.5058,1.50595,1.63,1.69
2018.02.12 06:59:06.878,1.50579,1.50594,1.13,1.25
2018.02.12 06:59:07.231,1.50578,1.50594,5.63,1.31
2018.02.12 06:59:07.553,1.50582,1.50597,1.50,2.06
2018.02.12 06:59:07.878,1.50582,1.50597,1.50,2.19
2018.02.12 06:59:08.033,1.50582,1.50595,1.50,1.25
2018.02.12 06:59:08.189,1.50582,1.50595,1.50,1.00
2018.02.12 06:59:08.241,1.50583,1.50597,1.25,1.94
2018.02.12 06:59:08.599,1.50582,1.50595,1.38,1.50
2018.02.12 06:59:09.120,1.50582,1.50595,1.38,1.31
2018.02.12 06:59:09.745,1.50581,1.50595,2.06,1.56
2018.02.12 06:59:10.056,1.50582,1.50596,2.63,1.19
2018.02.12 06:59:10.366,1.50583,1.50595,1.00,1.19
2018.02.12 06:59:10.419,1.50582,1.50597,2.63,1.69
2018.02.12 06:59:10.966,1.50581,1.50597,3.75,1.31
2018.02.12 06:59:11.069,1.50581,1.50597,3.75,1.56
2018.02.12 06:59:11.173,1.50582,1.50595,1.38,1.19
2018.02.12 06:59:11.431,1.50581,1.50598,1.13,1.13
2018.02.12 06:59:11.990,1.50582,1.50598,1.13,1.50
2018.02.12 06:59:12.094,1.50582,1.50597,1.13,1.25
2018.02.12 06:59:12.403,1.50581,1.50598,1.13,1.13
2018.02.12 06:59:12.923,1.50583,1.50597,1.44,1.00
2018.02.12 06:59:13.201,1.50582,1.50599,1.13,3.19
2018.02.12 06:59:14.037,1.50583,1.506,1.13,1.13
2018.02.12 06:59:14.210,1.50586,1.50601,1.38,1.31
2018.02.12 06:59:14.528,1.50587,1.50602,1.13,1.69
2018.02.12 06:59:14.837,1.50587,1.50602,1.13,2.44
2018.02.12 06:59:15.102,1.50587,1.50602,1.00,1.50
2018.02.12 06:59:15.260,1.50587,1.506,1.00,1.13
2018.02.12 06:59:15.776,1.50585,1.506,1.38,1.13
2018.02.12 06:59:15.878,1.50585,1.50599,1.38,1.63
2018.02.12 06:59:15.980,1.50585,1.50599,1.38,1.25
2018.02.12 06:59:16.083,1.50585,1.506,1.88,1.13
2018.02.12 06:59:16.598,1.50586,1.50601,1.13,1.13
2018.02.12 06:59:17.209,1.50585,1.50601,4.50,1.13
2018.02.12 06:59:17.363,1.50585,1.50601,2.63,1.31
2018.02.12 06:59:17.670,1.50586,1.506,1.44,1.13
2018.02.12 06:59:18.223,1.50585,1.506,2.81,1.13
2018.02.12 06:59:18.532,1.50586,1.50601,1.38,2.00
2018.02.12 06:59:18.636,1.50586,1.50601,1.38,1.12
2018.02.12 06:59:19.155,1.50586,1.50599,1.13,1.00
2018.02.12 06:59:19.208,1.50586,1.506,1.38,1.13
2018.02.12 06:59:19.730,1.50587,1.506,1.00,1.25
2018.02.12 06:59:20.278,1.50586,1.50602,1.13,2.19
2018.02.12 06:59:20.556,1.50586,1.50601,1.38,1.13
2018.02.12 06:59:20.609,1.50586,1.50601,1.38,1.31
2018.02.12 06:59:20.661,1.50586,1.50602,1.38,1.13
2018.02.12 06:59:21.186,1.50585,1.50601,4.69,1.25
2018.02.12 06:59:21.575,1.50586,1.50601,1.38,1.38
2018.02.12 06:59:21.835,1.50586,1.50601,1.44,1.25
2018.02.12 06:59:22.211,1.50586,1.50601,1.38,1.13
2018.02.12 06:59:22.723,1.50585,1.506,3.94,1.00
2018.02.12 06:59:23.137,1.50585,1.50602,3.94,3.75
2018.02.12 06:59:23.677,1.50585,1.50602,5.44,2.06
2018.02.12 06:59:23.935,1.50585,1.50602,3.94,1.88
2018.02.12 06:59:24.038,1.50586,1.50602,1.69,2.00
2018.02.12 06:59:24.273,1.50586,1.50602,1.38,1.13
2018.02.12 06:59:24.943,1.50586,1.50602,1.75,1.88
2018.02.12 06:59:25.111,1.50585,1.50601,4.50,1.00
2018.02.12 06:59:25.363,1.50585,1.50602,5.44,2.06
2018.02.12 06:59:25.979,1.50585,1.506,4.50,1.19
2018.02.12 06:59:26.583,1.50586,1.506,3.00,1.00
2018.02.12 06:59:26.928,1.50587,1.50601,1.00,1.31
2018.02.12 06:59:27.472,1.50586,1.506,1.00,1.13
2018.02.12 06:59:27.993,1.50585,1.50601,3.56,3.56
2018.02.12 06:59:28.529,1.50585,1.50598,3.37,1.19
2018.02.12 06:59:29.056,1.50585,1.506,3.75,1.13
2018.02.12 06:59:29.397,1.50585,1.50598,3.75,1.19
2018.02.12 06:59:29.932,1.50586,1.506,1.00,1.13
2018.02.12 06:59:30.595,1.50585,1.506,1.88,1.13
2018.02.12 06:59:31.143,1.50585,1.506,1.50,1.88
2018.02.12 06:59:31.301,1.50584,1.506,1.88,3.56
2018.02.12 06:59:32.346,1.50584,1.506,1.13,3.75
2018.02.12 06:59:33.877,1.50584,1.506,1.38,4.88
2018.02.12 06:59:34.341,1.50585,1.50598,1.00,1.00
2018.02.12 06:59:34.938,1.50584,1.506,1.13,2.63
2018.02.12 06:59:35.442,1.50584,1.506,1.13,3.94
2018.02.12 06:59:36.380,1.50583,1.506,4.13,4.31
2018.02.12 06:59:36.900,1.50583,1.506,2.25,1.88
2018.02.12 06:59:37.009,1.50583,1.506,2.25,1.69
2018.02.12 06:59:37.540,1.50584,1.506,1.63,2.06
2018.02.12 06:59:38.449,1.50583,1.506,4.13,2.06
2018.02.12 06:59:38.979,1.50585,1.506,2.00,1.88
2018.02.12 06:59:39.477,1.50585,1.506,1.69,3.38
2018.02.12 06:59:39.684,1.50585,1.506,2.00,2.19
2018.02.12 06:59:39.840,1.50585,1.50598,1.69,1.00
2018.02.12 06:59:40.355,1.50585,1.506,1.50,1.13
2018.02.12 06:59:40.615,1.50585,1.50599,1.50,1.25
2018.02.12 06:59:41.132,1.50583,1.506,2.25,1.13
2018.02.12 06:59:41.492,1.50583,1.506,2.25,2.63
2018.02.12 06:59:41.648,1.50583,1.506,2.25,1.13
2018.02.12 06:59:42.152,1.50584,1.50598,1.38,1.00
2018.02.12 06:59:42.359,1.50584,1.50601,1.63,3.19
2018.02.12 06:59:42.569,1.50585,1.50601,1.38,2.25
2018.02.12 06:59:42.684,1.50585,1.50601,2.06,1.94
2018.02.12 06:59:43.248,1.50585,1.506,1.87,1.13
2018.02.12 06:59:43.457,1.50584,1.50599,1.31,1.00
2018.02.12 06:59:44.390,1.50584,1.50601,1.13,1.75
2018.02.12 06:59:44.863,1.50584,1.50601,1.31,1.75
2018.02.12 06:59:45.276,1.50585,1.50601,1.75,1.13
2018.02.12 06:59:45.379,1.50585,1.50601,2.00,1.75
2018.02.12 06:59:45.534,1.50585,1.50601,1.75,1.56
2018.02.12 06:59:45.638,1.50587,1.50601,1.13,1.00
2018.02.12 06:59:45.691,1.50589,1.50604,1.38,1.50
2018.02.12 06:59:45.949,1.50589,1.50604,1.63,1.13
2018.02.12 06:59:46.500,1.50589,1.50605,1.38,2.06
2018.02.12 06:59:47.089,1.50589,1.50604,1.63,1.38
2018.02.12 06:59:47.628,1.50589,1.50605,1.38,2.06
2018.02.12 06:59:47.890,1.50589,1.50604,1.38,1.00
2018.02.12 06:59:47.941,1.50589,1.50604,1.38,1.19
2018.02.12 06:59:48.475,1.50589,1.50604,1.63,1.44
2018.02.12 06:59:48.527,1.50589,1.50604,1.63,1.25
2018.02.12 06:59:48.579,1.50589,1.50604,1.63,1.44
2018.02.12 06:59:48.786,1.50589,1.50604,2.00,1.44
2018.02.12 06:59:48.838,1.50589,1.50604,2.00,1.44
2018.02.12 06:59:49.383,1.50589,1.50605,2.06,2.44
2018.02.12 06:59:49.486,1.50589,1.50605,1.69,2.06
2018.02.12 06:59:50.738,1.50589,1.50604,2.00,1.00
2018.02.12 06:59:51.181,1.50588,1.50602,3.00,1.69
2018.02.12 06:59:51.716,1.50586,1.50601,2.06,1.13
2018.02.12 06:59:52.276,1.50587,1.50601,1.13,1.19
2018.02.12 06:59:52.806,1.50587,1.50601,1.13,1.44
2018.02.12 06:59:53.133,1.50587,1.50601,1.13,1.25
2018.02.12 06:59:53.719,1.50587,1.50601,1.13,1.13
2018.02.12 06:59:54.941,1.50588,1.50604,1.75,2.25
2018.02.12 06:59:54.995,1.50589,1.50605,1.38,2.81
2018.02.12 06:59:55.203,1.50589,1.50605,1.88,1.00
2018.02.12 06:59:55.257,1.50593,1.50608,2.06,2.25
2018.02.12 06:59:55.568,1.50597,1.50612,1.13,1.56
2018.02.12 06:59:55.758,1.50601,1.50617,1.00,1.31
2018.02.12 06:59:55.915,1.50599,1.50616,2.81,2.44
2018.02.12 06:59:56.176,1.506,1.50615,1.00,1.00
2018.02.12 06:59:56.435,1.506,1.50616,1.00,1.81
2018.02.12 06:59:56.950,1.50599,1.50616,2.62,1.50
2018.02.12 06:59:57.106,1.50597,1.50615,2.06,1.75
2018.02.12 06:59:57.623,1.50597,1.50614,3.19,1.13
2018.02.12 06:59:58.574,1.50598,1.50614,1.25,1.13
2018.02.12 06:59:59.117,1.50598,1.50614,1.25,1.13
2018.02.12 06:59:59.646,1.50597,1.50614,1.31,1.69
