2009.01.01 19:00:00.258,1.32337,1.32527,1.60,1.60
2009.01.01 19:00:00.818,1.32325,1.3252,1.60,1.60
2009.01.01 19:00:07.457,1.32325,1.3251,1.60,1.60
2009.01.01 19:00:08.356,1.32311,1.32511,1.60,1.60
2009.01.01 19:00:08.836,1.32387,1.32427,1.60,3.20
2009.01.01 19:00:10.216,1.32369,1.32439,1.80,1.60
2009.01.01 19:00:10.276,1.32357,1.32452,1.60,1.60
2009.01.01 19:00:10.336,1.32358,1.32453,1.60,4.40
2009.01.01 19:00:10.396,1.32353,1.32463,1.60,1.60
2009.01.01 19:00:14.755,1.32354,1.32464,3.20,4.00
2009.01.01 19:00:14.935,1.32358,1.32453,1.60,1.60
2009.01.01 19:00:15.284,1.32364,1.32454,1.60,2.80
2009.01.01 19:00:15.495,1.3236,1.32465,1.60,3.20
2009.01.01 19:00:16.664,1.32353,1.32473,1.60,1.60
2009.01.01 19:00:17.394,1.32357,1.32472,4.80,1.60
2009.01.01 19:00:19.973,1.32377,1.32457,1.60,1.60
2009.01.01 19:00:28.201,1.32402,1.32447,1.60,4.20
2009.01.01 19:00:32.590,1.32405,1.3246,1.60,1.60
2009.01.01 19:00:34.190,1.32414,1.32459,1.60,1.60
2009.01.01 19:00:34.540,1.32402,1.32467,3.20,3.20
2009.01.01 19:00:34.600,1.32403,1.32448,4.80,6.40
2009.01.01 19:00:34.770,1.32398,1.32443,1.60,1.60
2009.01.01 19:00:36.779,1.32399,1.32429,1.60,1.00
2009.01.01 19:00:37.109,1.32387,1.32427,1.60,1.60
2009.01.01 19:00:37.749,1.32392,1.32427,1.60,2.80
2009.01.01 19:00:40.069,1.32389,1.32434,1.60,1.60
2009.01.01 19:00:45.937,1.3239,1.3244,1.60,6.00
2009.01.01 19:00:46.567,1.32396,1.32446,1.60,1.60
2009.01.01 19:00:48.067,1.32402,1.32457,3.20,9.20
2009.01.01 19:00:48.466,1.3241,1.3247,1.60,1.60
2009.01.01 19:00:48.577,1.32423,1.32473,1.60,3.20
2009.01.01 19:01:05.984,1.32424,1.32474,3.20,1.00
2009.01.01 19:01:06.324,1.32422,1.32472,1.60,1.60
2009.01.01 19:01:08.424,1.32426,1.32461,1.60,1.60
2009.01.01 19:01:09.054,1.32414,1.32464,1.60,3.20
2009.01.01 19:01:17.132,1.32412,1.32462,1.60,1.60
2009.01.01 19:01:18.611,1.32417,1.32467,3.20,1.60
2009.01.01 19:01:18.661,1.32416,1.32481,1.60,3.20
2009.01.01 19:01:33.737,1.32428,1.32473,1.60,1.00
2009.01.01 19:01:33.788,1.3242,1.3247,1.60,4.00
2009.01.01 19:01:34.528,1.32416,1.32466,1.60,1.60
2009.01.01 19:01:36.667,1.32409,1.32469,1.60,1.60
2009.01.01 19:01:43.835,1.32414,1.32459,1.60,4.40
2009.01.01 19:01:44.575,1.3241,1.32465,6.40,8.00
2009.01.01 19:01:47.174,1.32419,1.32464,1.60,1.60
2009.01.01 19:01:48.564,1.32419,1.32469,1.60,1.60
2009.01.01 19:01:52.253,1.32419,1.32469,1.60,1.60
2009.01.01 19:01:55.373,1.32415,1.32465,1.60,1.60
2009.01.01 19:01:56.452,1.32407,1.32457,1.60,4.40
2009.01.01 19:01:57.082,1.32405,1.3245,1.60,1.60
2009.01.01 19:02:05.956,1.32402,1.32442,1.60,6.40
2009.01.01 19:02:06.016,1.324,1.32445,3.20,3.20
2009.01.01 19:02:06.306,1.324,1.32445,1.60,1.60
2009.01.01 19:02:06.466,1.3239,1.32455,1.60,1.60
2009.01.01 19:02:07.846,1.32396,1.32446,3.20,1.60
2009.01.01 19:02:08.375,1.32399,1.32439,1.60,1.60
2009.01.01 19:02:09.855,1.32395,1.32445,1.60,1.60
2009.01.01 19:02:14.693,1.32399,1.32449,1.60,1.60
2009.01.01 19:02:18.463,1.32405,1.32445,1.60,1.60
2009.01.01 19:02:19.453,1.32396,1.32451,1.60,1.60
2009.01.01 19:02:19.862,1.32401,1.32441,1.60,1.60
2009.01.01 19:02:20.682,1.32392,1.32442,1.60,1.60
2009.01.01 19:02:20.732,1.32386,1.32442,1.60,3.20
2009.01.01 19:02:21.612,1.3239,1.3244,1.60,1.60
2009.01.01 19:02:21.832,1.32389,1.32444,3.20,3.20
2009.01.01 19:02:24.242,1.3239,1.3245,1.60,10.80
2009.01.01 19:02:27.831,1.32393,1.32448,1.60,5.60
2009.01.01 19:02:31.939,1.32399,1.32444,1.60,1.60
2009.01.01 19:02:35.279,1.32398,1.32448,1.60,1.60
2009.01.01 19:02:35.979,1.32399,1.32449,3.20,7.60
2009.01.01 19:02:37.069,1.32398,1.32448,1.60,1.60
2009.01.01 19:02:37.637,1.32401,1.32441,1.60,4.20
2009.01.01 19:02:38.028,1.32396,1.32446,1.60,1.60
2009.01.01 19:02:38.848,1.32394,1.32444,1.60,1.60
2009.01.01 19:02:40.068,1.32391,1.32441,1.60,1.60
2009.01.01 19:02:40.128,1.3239,1.3244,3.20,1.00
2009.01.01 19:02:40.987,1.3239,1.3244,1.60,1.60
2009.01.01 19:02:41.378,1.32387,1.32452,2.40,2.80
2009.01.01 19:02:46.956,1.32394,1.32449,1.60,3.20
2009.01.01 19:02:53.125,1.32397,1.32447,1.60,1.60
2009.01.01 19:02:53.305,1.32395,1.32445,1.60,3.20
2009.01.01 19:02:53.424,1.32391,1.32446,3.60,1.60
2009.01.01 19:02:53.844,1.32384,1.32454,3.20,4.80
2009.01.01 19:02:54.195,1.32383,1.32453,1.60,1.60
2009.01.01 19:02:56.804,1.32388,1.32448,2.00,3.20
2009.01.01 19:02:57.144,1.32397,1.32442,1.60,1.60
2009.01.01 19:03:06.637,1.32404,1.32454,4.00,3.20
2009.01.01 19:03:10.186,1.324,1.32455,3.20,3.20
2009.01.01 19:03:10.296,1.32401,1.32456,1.60,3.20
2009.01.01 19:03:10.467,1.32403,1.32453,1.60,1.60
2009.01.01 19:03:10.577,1.32398,1.32453,1.60,1.00
2009.01.01 19:03:11.157,1.32395,1.32455,1.60,1.60
2009.01.01 19:03:11.276,1.32398,1.32453,1.60,3.20
2009.01.01 19:03:14.956,1.324,1.3245,3.20,4.00
2009.01.01 19:03:15.075,1.32402,1.32452,1.60,1.60
2009.01.01 19:03:17.035,1.32401,1.32451,3.20,6.00
2009.01.01 19:03:17.625,1.32396,1.32456,1.60,3.20
2009.01.01 19:03:27.483,1.32404,1.32454,1.60,1.60
2009.01.01 19:03:28.222,1.32406,1.32461,1.60,3.20
2009.01.01 19:03:28.772,1.32411,1.32461,1.60,1.60
2009.01.01 19:04:08.386,1.32402,1.32456,1.60,3.20
2009.01.01 19:04:20.374,1.32402,1.32452,1.60,1.60
2009.01.01 19:04:21.463,1.32402,1.32457,4.00,1.60
2009.01.01 19:04:21.983,1.32404,1.32464,1.60,1.00
2009.01.01 19:04:29.941,1.32409,1.32459,1.60,1.60
2009.01.01 19:04:39.789,1.32406,1.32456,1.60,3.20
2009.01.01 19:04:39.849,1.32404,1.32449,3.20,1.00
2009.01.01 19:04:46.457,1.32412,1.32437,3.20,1.00
2009.01.01 19:04:47.387,1.32415,1.3244,1.60,1.60
2009.01.01 19:04:47.787,1.32422,1.32432,1.60,1.60
2009.01.01 19:04:51.476,1.32401,1.32446,1.60,1.60
2009.01.01 19:05:04.056,1.32411,1.32435,1.60,1.60
2009.01.01 19:05:28.170,1.32395,1.3244,1.60,3.20
2009.01.01 19:05:31.519,1.32398,1.32433,1.60,1.60
2009.01.01 19:05:37.218,1.32392,1.32437,1.60,1.60
2009.01.01 19:05:42.107,1.32388,1.32438,1.60,1.60
2009.01.01 19:05:45.606,1.32382,1.32442,1.60,3.20
2009.01.01 19:05:45.956,1.32388,1.32438,1.60,1.60
2009.01.01 19:05:47.286,1.32392,1.32437,2.00,1.60
2009.01.01 19:05:52.054,1.32382,1.32442,1.60,3.20
2009.01.01 19:05:53.604,1.32384,1.32439,1.00,3.20
2009.01.01 19:05:54.643,1.32387,1.32432,3.20,1.60
2009.01.01 19:05:55.004,1.32386,1.32436,1.60,1.60
2009.01.01 19:05:55.404,1.32376,1.32446,3.20,1.60
2009.01.01 19:05:58.763,1.32382,1.32438,1.60,1.80
2009.01.01 19:06:01.910,1.32392,1.32462,1.60,3.20
2009.01.01 19:06:06.381,1.32402,1.32447,1.60,1.60
2009.01.01 19:06:15.119,1.32405,1.3245,1.60,1.60
2009.01.01 19:06:29.825,1.32411,1.32461,1.60,1.60
2009.01.01 19:06:30.315,1.32419,1.32459,1.60,1.60
2009.01.01 19:06:36.664,1.3242,1.32455,1.60,1.60
2009.01.01 19:06:36.834,1.3241,1.32465,3.20,6.00
2009.01.01 19:06:57.078,1.32419,1.32459,1.60,1.60
2009.01.01 19:07:02.855,1.32423,1.32453,1.60,5.60
2009.01.01 19:07:03.724,1.32418,1.32458,1.60,3.20
2009.01.01 19:07:16.781,1.32423,1.32458,1.60,4.00
2009.01.01 19:07:19.470,1.32424,1.32458,3.20,1.60
2009.01.01 19:07:19.590,1.32414,1.32459,3.60,1.60
2009.01.01 19:07:43.595,1.32412,1.32452,1.60,1.60
2009.01.01 19:07:43.884,1.32408,1.32453,1.60,1.60
2009.01.01 19:07:44.804,1.32401,1.32451,1.00,3.20
2009.01.01 19:07:56.462,1.32399,1.32449,1.60,1.60
2009.01.01 19:08:02.404,1.3241,1.3245,3.20,1.60
2009.01.01 19:08:19.700,1.32416,1.32446,1.00,1.60
2009.01.01 19:08:25.858,1.32417,1.32447,1.60,6.00
2009.01.01 19:08:38.345,1.32411,1.32456,1.60,4.80
2009.01.01 19:08:38.865,1.32419,1.32449,1.60,4.80
2009.01.01 19:08:39.625,1.3241,1.3245,3.20,1.60
2009.01.01 19:08:50.522,1.32404,1.32449,1.60,1.00
2009.01.01 19:08:52.012,1.32405,1.32441,3.20,1.00
2009.01.01 19:09:09.859,1.3241,1.3245,3.20,3.20
2009.01.01 19:09:10.079,1.32403,1.32453,3.20,3.20
2009.01.01 19:09:28.055,1.32404,1.32454,1.60,3.40
2009.01.01 19:09:28.224,1.32404,1.32454,1.60,1.60
2009.01.01 19:09:46.120,1.32408,1.32448,1.60,1.60
2009.01.01 19:09:46.170,1.32405,1.3245,3.20,1.60
2009.01.01 19:09:50.019,1.32411,1.32441,3.20,1.60
2009.01.01 19:09:52.798,1.32404,1.32444,1.60,1.60
2009.01.01 19:09:53.428,1.32397,1.32452,1.60,1.60
2009.01.01 19:09:53.828,1.32406,1.32446,3.20,1.60
2009.01.01 19:09:56.498,1.32411,1.32441,3.20,3.20
2009.01.01 19:09:57.647,1.32408,1.32448,1.60,1.60
2009.01.01 19:09:58.547,1.32416,1.32446,3.20,1.60
2009.01.01 19:09:59.017,1.32415,1.32455,4.80,4.80
2009.01.01 19:10:00.004,1.32389,1.32439,1.60,1.60
2009.01.01 19:10:00.054,1.32365,1.3243,3.20,1.60
2009.01.01 19:10:00.633,1.32363,1.32428,1.60,2.80
2009.01.01 19:10:03.043,1.32376,1.32446,1.60,4.80
2009.01.01 19:10:24.068,1.32396,1.3244,3.20,1.60
2009.01.01 19:10:24.228,1.32391,1.32436,1.60,3.20
2009.01.01 19:10:29.877,1.32383,1.32433,3.20,4.00
2009.01.01 19:10:35.385,1.32393,1.32418,3.20,1.00
2009.01.01 19:10:41.674,1.32382,1.32417,1.60,1.60
2009.01.01 19:10:52.611,1.32382,1.32402,1.60,5.60
2009.01.01 19:10:59.429,1.32367,1.32407,1.60,1.60
2009.01.01 19:11:00.181,1.32354,1.32414,1.60,2.40
2009.01.01 19:11:00.361,1.32357,1.32417,2.80,1.00
2009.01.01 19:11:34.283,1.32353,1.32423,1.60,1.60
2009.01.01 19:11:35.483,1.32369,1.32399,1.60,1.60
2009.01.01 19:11:35.692,1.32357,1.32397,3.20,1.60
2009.01.01 19:11:43.461,1.32355,1.32395,4.80,3.40
2009.01.01 19:12:03.115,1.32356,1.32386,3.20,6.40
2009.01.01 19:12:03.405,1.32358,1.32388,3.20,1.60
2009.01.01 19:12:13.102,1.32357,1.32402,1.00,5.60
2009.01.01 19:12:17.002,1.32365,1.32399,1.60,3.20
2009.01.01 19:12:26.089,1.32359,1.32399,1.60,1.60
2009.01.01 19:12:26.359,1.32351,1.32401,1.60,1.60
2009.01.01 19:12:26.989,1.32344,1.32399,1.60,4.00
2009.01.01 19:12:30.628,1.32346,1.32391,1.60,1.60
2009.01.01 19:12:38.116,1.32349,1.32383,1.60,1.60
2009.01.01 19:12:42.055,1.3235,1.3239,3.20,1.60
2009.01.01 19:12:42.876,1.32346,1.32401,1.60,1.60
2009.01.01 19:12:43.265,1.32348,1.32403,4.80,1.60
2009.01.01 19:12:47.304,1.3234,1.3241,1.60,1.60
2009.01.01 19:12:47.654,1.32346,1.32406,1.60,1.60
2009.01.01 19:12:51.443,1.32342,1.32412,1.60,1.60
2009.01.01 19:12:52.303,1.32349,1.32409,1.60,1.60
2009.01.01 19:13:12.069,1.32381,1.32421,1.60,3.20
2009.01.01 19:13:12.419,1.32394,1.32434,3.20,3.20
2009.01.01 19:13:13.359,1.32407,1.32447,6.40,3.20
2009.01.01 19:13:27.535,1.32416,1.32461,3.40,1.60
2009.01.01 19:13:31.535,1.32421,1.32481,1.60,1.60
2009.01.01 19:13:33.404,1.32435,1.3249,1.60,4.40
2009.01.01 19:13:34.554,1.32444,1.32484,3.20,1.60
2009.01.01 19:13:35.424,1.32427,1.32487,3.20,1.00
2009.01.01 19:13:36.953,1.32424,1.32479,1.60,1.60
2009.01.01 19:13:40.122,1.32428,1.32468,3.20,1.60
2009.01.01 19:13:41.302,1.32418,1.32478,1.60,1.60
2009.01.01 19:13:45.081,1.32424,1.32474,3.20,1.60
2009.01.01 19:13:46.421,1.32418,1.32483,1.60,1.60
2009.01.01 19:13:47.511,1.32406,1.32496,1.60,1.60
2009.01.01 19:13:49.360,1.3243,1.32465,1.80,1.60
2009.01.01 19:13:50.490,1.3242,1.3246,1.00,3.20
2009.01.01 19:13:51.480,1.32404,1.32444,1.60,7.20
2009.01.01 19:13:53.349,1.32392,1.32412,1.60,3.20
2009.01.01 19:13:54.379,1.32387,1.32392,1.60,3.20
2009.01.01 19:13:54.499,1.32389,1.32394,1.60,3.20
2009.01.01 19:13:54.919,1.32394,1.32409,1.60,1.60
2009.01.01 19:13:55.029,1.32406,1.32421,1.60,1.60
2009.01.01 19:13:55.959,1.32415,1.32435,1.60,2.80
2009.01.01 19:13:57.048,1.32426,1.32446,2.80,1.00
2009.01.01 19:13:57.518,1.32436,1.32456,1.60,3.20
2009.01.01 19:13:57.628,1.32438,1.32468,1.60,1.60
2009.01.01 19:13:58.378,1.32441,1.32471,1.60,3.20
2009.01.01 19:14:03.842,1.32452,1.32472,1.60,2.40
2009.01.01 19:14:10.740,1.32447,1.32477,1.60,1.60
2009.01.01 19:14:10.800,1.32438,1.32458,1.60,1.60
2009.01.01 19:14:12.720,1.32404,1.32434,1.60,1.60
2009.01.01 19:14:16.949,1.32392,1.32412,1.60,4.40
2009.01.01 19:14:17.438,1.32392,1.32412,1.60,11.80
2009.01.01 19:14:17.778,1.32389,1.32424,3.20,1.60
2009.01.01 19:14:20.998,1.32403,1.32423,1.00,1.60
2009.01.01 19:14:21.358,1.32407,1.32427,1.60,4.80
2009.01.01 19:14:54.160,1.32403,1.32433,1.60,6.40
2009.01.01 19:15:29.483,1.325,1.3253,4.80,2.60
2009.01.01 19:15:45.959,1.32496,1.32546,1.60,1.00
2009.01.01 19:15:46.078,1.325,1.3255,3.20,1.60
2009.01.01 19:15:52.877,1.325,1.3255,3.40,1.60
2009.01.01 19:15:53.057,1.32501,1.32541,1.60,3.20
2009.01.01 19:15:55.956,1.32492,1.32542,3.20,1.60
2009.01.01 19:15:56.296,1.32494,1.32534,1.60,1.60
2009.01.01 19:16:02.337,1.32497,1.32547,1.60,4.00
2009.01.01 19:16:02.857,1.32504,1.32564,1.60,1.60
2009.01.01 19:16:03.027,1.32535,1.32555,1.60,1.60
2009.01.01 19:16:04.687,1.32536,1.32566,3.20,1.60
2009.01.01 19:16:04.747,1.32529,1.32589,1.60,1.60
2009.01.01 19:16:05.087,1.32542,1.32592,7.80,5.60
2009.01.01 19:16:07.856,1.32559,1.32589,1.60,3.20
2009.01.01 19:16:08.646,1.32548,1.32613,1.60,1.60
2009.01.01 19:16:10.969,1.32557,1.32607,1.60,4.80
2009.01.01 19:16:11.925,1.32562,1.32592,1.60,1.60
2009.01.01 19:16:12.335,1.32545,1.32595,1.60,3.20
2009.01.01 19:16:14.864,1.32548,1.32583,1.60,1.60
2009.01.01 19:16:21.883,1.32545,1.3258,1.00,11.20
2009.01.01 19:16:29.711,1.32535,1.32585,1.60,6.00
2009.01.01 19:16:32.630,1.32547,1.32577,3.20,3.20
2009.01.01 19:16:42.428,1.3255,1.3258,1.60,1.60
2009.01.01 19:16:49.926,1.32565,1.32575,3.20,1.60
2009.01.01 19:16:51.366,1.32559,1.32584,1.60,3.20
2009.01.01 19:16:58.334,1.32568,1.32578,10.80,1.60
2009.01.01 19:16:58.634,1.32556,1.32596,1.60,1.60
2009.01.01 19:16:59.393,1.32556,1.32601,1.60,1.60
2009.01.01 19:17:01.423,1.3257,1.3258,1.60,3.20
2009.01.01 19:17:02.303,1.32543,1.32593,1.60,4.00
2009.01.01 19:17:02.933,1.32556,1.32566,3.20,1.60
2009.01.01 19:17:03.102,1.32541,1.32566,1.60,3.60
2009.01.01 19:17:03.343,1.32539,1.32559,1.60,1.60
2009.01.01 19:17:04.392,1.32528,1.32553,1.60,1.60
2009.01.01 19:17:04.563,1.32512,1.32547,6.40,1.60
2009.01.01 19:17:07.802,1.32507,1.32527,1.60,4.80
2009.01.01 19:17:09.391,1.32492,1.32526,1.60,5.60
2009.01.01 19:17:11.071,1.32498,1.32518,1.60,4.40
2009.01.01 19:17:12.401,1.32492,1.32527,1.60,5.20
2009.01.01 19:17:13.890,1.32501,1.32521,1.60,1.60
2009.01.01 19:17:14.420,1.32496,1.32531,1.60,8.00
2009.01.01 19:17:15.910,1.32507,1.32527,3.20,1.60
2009.01.01 19:17:16.480,1.32504,1.32539,6.40,1.60
2009.01.01 19:17:18.109,1.32516,1.32536,1.60,1.60
2009.01.01 19:17:18.519,1.3251,1.3255,3.20,4.00
2009.01.01 19:17:19.559,1.3253,1.3255,1.60,4.40
2009.01.01 19:17:20.158,1.32533,1.32573,1.60,4.80
2009.01.01 19:17:24.378,1.32558,1.32578,1.60,1.60
2009.01.01 19:17:25.407,1.32564,1.32584,11.80,4.20
2009.01.01 19:17:25.957,1.32556,1.32576,1.60,1.60
2009.01.01 19:17:27.667,1.32541,1.32571,1.60,1.60
2009.01.01 19:17:27.787,1.32515,1.3257,3.20,3.20
2009.01.01 19:17:35.385,1.32501,1.32561,1.60,5.00
2009.01.01 19:17:49.532,1.32509,1.32534,1.60,2.40
2009.01.01 19:17:55.970,1.32497,1.32537,1.60,1.60
2009.01.01 19:18:02.388,1.32496,1.32541,1.60,3.20
2009.01.01 19:18:05.167,1.32492,1.32542,1.60,1.60
2009.01.01 19:18:11.115,1.32498,1.32538,1.60,3.20
2009.01.01 19:18:17.534,1.32501,1.32546,2.00,1.60
2009.01.01 19:18:24.972,1.32499,1.32549,1.60,2.80
2009.01.01 19:18:37.339,1.32492,1.32552,1.60,2.80
2009.01.01 19:18:37.459,1.32495,1.32545,3.20,3.20
2009.01.01 19:18:38.088,1.32496,1.32541,4.80,1.60
2009.01.01 19:18:58.024,1.32492,1.32547,3.20,1.60
2009.01.01 19:18:58.524,1.32495,1.32545,3.20,1.60
2009.01.01 19:19:04.449,1.32499,1.32555,1.60,3.20
2009.01.01 19:19:04.979,1.32495,1.32555,1.60,9.60
2009.01.01 19:19:16.836,1.32493,1.32548,1.00,4.00
2009.01.01 19:19:18.446,1.32486,1.32551,1.60,1.60
2009.01.01 19:19:19.246,1.32483,1.32548,1.00,3.20
2009.01.01 19:19:30.290,1.32483,1.32543,3.20,1.60
2009.01.01 19:20:19.144,1.32488,1.32553,3.20,1.60
2009.01.01 19:20:19.603,1.32489,1.32554,1.60,4.80
2009.01.01 19:20:20.403,1.32494,1.32549,1.60,1.60
2009.01.01 19:20:21.883,1.32488,1.32553,1.60,1.80
2009.01.01 19:20:24.062,1.32494,1.32544,1.00,1.00
2009.01.01 19:20:24.522,1.32485,1.3255,1.00,6.40
2009.01.01 19:20:33.850,1.32489,1.32554,1.00,1.60
2009.01.01 19:20:35.280,1.32491,1.32556,1.60,1.60
2009.01.01 19:20:35.790,1.32493,1.32558,1.60,1.60
2009.01.01 19:20:36.139,1.32492,1.32557,1.60,1.60
2009.01.01 19:20:37.889,1.32489,1.32554,1.60,3.20
2009.01.01 19:20:38.969,1.32488,1.32553,1.60,1.60
2009.01.01 19:20:45.147,1.3249,1.32555,1.60,3.20
2009.01.01 19:20:46.117,1.32492,1.32557,1.60,2.60
2009.01.01 19:20:46.857,1.32495,1.3256,1.60,1.60
2009.01.01 19:20:58.704,1.32496,1.32561,1.00,1.60
2009.01.01 19:21:12.801,1.32497,1.32557,1.60,3.20
2009.01.01 19:21:17.110,1.32496,1.32556,1.60,3.20
2009.01.01 19:21:30.345,1.32492,1.32572,4.80,4.40
2009.01.01 19:21:43.766,1.32508,1.32573,1.60,2.80
2009.01.01 19:21:44.343,1.32506,1.32571,1.60,5.00
2009.01.01 19:21:44.683,1.32483,1.32548,1.00,1.60
2009.01.01 19:21:48.610,1.32452,1.32522,4.80,4.80
2009.01.01 19:21:59.368,1.32448,1.32493,1.60,4.40
2009.01.01 19:22:04.016,1.3242,1.32485,1.60,1.60
2009.01.01 19:22:09.305,1.32423,1.32493,2.00,3.20
2009.01.01 19:22:10.725,1.32427,1.32497,1.60,4.40
2009.01.01 19:22:10.835,1.32432,1.32502,6.40,1.60
2009.01.01 19:22:11.064,1.32433,1.32503,1.60,1.60
2009.01.01 19:22:11.184,1.32432,1.32507,1.60,1.60
2009.01.01 19:22:11.294,1.32431,1.32506,1.60,10.40
2009.01.01 19:22:12.114,1.32434,1.32509,1.60,1.60
2009.01.01 19:22:13.224,1.32435,1.32515,1.00,1.60
2009.01.01 19:22:13.644,1.32436,1.32511,3.20,3.20
2009.01.01 19:22:14.634,1.32434,1.32509,1.60,4.40
2009.01.01 19:22:19.123,1.32435,1.325,3.20,1.60
2009.01.01 19:22:20.202,1.32429,1.32499,3.20,3.20
2009.01.01 19:22:20.422,1.32426,1.32501,1.60,1.60
2009.01.01 19:22:26.901,1.32434,1.32499,1.60,1.60
2009.01.01 19:22:34.309,1.32435,1.32505,1.60,1.60
2009.01.01 19:22:51.505,1.32432,1.32507,1.60,3.20
2009.01.01 19:22:51.665,1.32427,1.32507,1.60,1.00
2009.01.01 19:22:54.794,1.3243,1.32505,1.60,4.40
2009.01.01 19:22:56.374,1.3243,1.32505,3.20,1.60
2009.01.01 19:22:58.353,1.32436,1.32501,1.60,1.00
2009.01.01 19:22:58.913,1.3244,1.325,1.60,1.60
2009.01.01 19:23:03.661,1.32438,1.32494,1.60,3.20
2009.01.01 19:23:04.470,1.3243,1.32495,1.60,3.20
2009.01.01 19:23:04.811,1.32433,1.32488,1.00,1.60
2009.01.01 19:23:05.270,1.32427,1.32492,3.20,1.00
2009.01.01 19:23:05.330,1.32425,1.32495,1.60,1.60
2009.01.01 19:23:05.441,1.32432,1.32492,3.20,1.60
2009.01.01 19:23:05.920,1.3243,1.32495,1.60,4.40
2009.01.01 19:23:06.150,1.32436,1.32491,4.00,1.60
2009.01.01 19:23:06.810,1.32438,1.32493,1.60,1.60
2009.01.01 19:23:09.559,1.3243,1.32495,1.80,1.60
2009.01.01 19:23:12.728,1.3243,1.3249,3.20,7.60
2009.01.01 19:23:14.888,1.32427,1.32492,1.60,1.00
2009.01.01 19:23:31.444,1.32427,1.32492,1.60,4.00
2009.01.01 19:23:31.504,1.3243,1.32485,2.00,3.20
2009.01.01 19:23:31.784,1.32427,1.32482,1.60,1.60
2009.01.01 19:23:32.634,1.32423,1.32483,1.60,1.60
2009.01.01 19:23:33.713,1.32421,1.32486,1.60,5.60
2009.01.01 19:23:35.743,1.32425,1.32485,3.20,1.60
2009.01.01 19:23:36.943,1.32424,1.32489,1.60,1.60
2009.01.01 19:23:37.963,1.32426,1.32491,3.20,1.60
2009.01.01 19:23:39.942,1.32427,1.32492,1.60,1.60
2009.01.01 19:23:40.062,1.32433,1.32483,3.60,1.60
2009.01.01 19:23:40.872,1.32429,1.32484,1.60,3.20
2009.01.01 19:23:40.922,1.32428,1.32483,1.60,1.60
2009.01.01 19:23:42.001,1.32421,1.32491,1.60,1.60
2009.01.01 19:23:42.121,1.32431,1.32486,3.20,1.60
2009.01.01 19:23:42.701,1.32432,1.32487,1.60,2.80
2009.01.01 19:23:45.661,1.32424,1.32489,1.60,1.60
2009.01.01 19:23:45.830,1.32425,1.32485,1.60,3.20
2009.01.01 19:23:46.060,1.32422,1.32492,1.60,4.80
2009.01.01 19:23:46.540,1.32429,1.32489,1.60,1.60
2009.01.01 19:23:46.710,1.32428,1.32488,4.80,1.00
2009.01.01 19:23:46.930,1.32429,1.32484,1.60,3.20
2009.01.01 19:23:48.210,1.32422,1.32492,1.60,3.20
2009.01.01 19:23:48.320,1.32429,1.32484,1.60,4.00
2009.01.01 19:23:49.300,1.32422,1.32492,1.60,1.60
2009.01.01 19:23:49.530,1.32428,1.32488,1.60,1.60
2009.01.01 19:23:50.229,1.32432,1.32487,1.60,3.20
2009.01.01 19:23:50.749,1.32423,1.32493,1.60,4.80
2009.01.01 19:23:50.919,1.32429,1.32484,1.60,1.60
2009.01.01 19:23:51.419,1.32428,1.32488,1.60,1.60
2009.01.01 19:23:51.539,1.32426,1.32491,3.20,1.60
2009.01.01 19:23:52.179,1.32418,1.32493,3.20,3.20
2009.01.01 19:23:52.299,1.3243,1.3248,1.60,1.60
2009.01.01 19:23:52.709,1.32428,1.32488,1.60,3.20
2009.01.01 19:23:52.929,1.32423,1.32493,1.60,1.60
2009.01.01 19:23:53.678,1.32424,1.32494,1.60,5.60
2009.01.01 19:23:54.379,1.32429,1.32489,1.20,1.00
2009.01.01 19:23:54.438,1.32424,1.32494,1.60,1.00
2009.01.01 19:23:54.618,1.32421,1.32496,1.60,1.60
2009.01.01 19:23:55.248,1.32428,1.32493,1.00,1.60
2009.01.01 19:24:00.481,1.3244,1.325,1.60,5.60
2009.01.01 19:24:05.440,1.32434,1.32509,1.60,1.60
2009.01.01 19:24:05.720,1.32445,1.32495,1.60,3.20
2009.01.01 19:24:06.100,1.32437,1.32497,1.60,1.60
2009.01.01 19:24:09.049,1.32436,1.32496,1.60,2.80
2009.01.01 19:24:09.399,1.32433,1.32498,1.60,1.60
2009.01.01 19:24:09.569,1.32428,1.32508,1.60,1.60
2009.01.01 19:24:13.028,1.32434,1.32504,1.60,10.40
2009.01.01 19:24:14.138,1.3244,1.32495,1.60,1.60
2009.01.01 19:24:14.308,1.32432,1.32502,7.20,3.20
2009.01.01 19:24:14.818,1.32433,1.32498,4.80,1.60
2009.01.01 19:24:17.218,1.3243,1.325,3.20,6.00
2009.01.01 19:24:28.825,1.32435,1.32495,1.60,1.60
2009.01.01 19:24:29.574,1.32434,1.32499,1.60,1.60
2009.01.01 19:24:30.494,1.32433,1.32498,4.80,4.80
2009.01.01 19:24:30.554,1.32441,1.32486,1.60,1.60
2009.01.01 19:24:30.904,1.32435,1.3249,3.20,1.60
2009.01.01 19:24:34.563,1.3243,1.325,1.60,1.60
2009.01.01 19:24:40.851,1.32435,1.32495,8.00,1.60
2009.01.01 19:24:40.902,1.32428,1.32503,1.60,1.60
2009.01.01 19:24:43.211,1.32439,1.32499,1.60,1.60
2009.01.01 19:24:43.381,1.32432,1.32502,1.00,2.80
2009.01.01 19:24:44.420,1.32426,1.32501,1.60,1.60
2009.01.01 19:24:44.581,1.32436,1.32486,1.60,1.60
2009.01.01 19:24:45.051,1.32433,1.32493,4.80,1.60
2009.01.01 19:24:50.089,1.32433,1.32498,1.60,1.60
2009.01.01 19:24:52.748,1.32435,1.32495,8.80,1.60
2009.01.01 19:24:52.968,1.32429,1.32494,1.60,4.80
2009.01.01 19:24:53.208,1.32432,1.32487,3.20,1.60
2009.01.01 19:24:53.379,1.32432,1.32492,1.60,1.60
2009.01.01 19:24:53.838,1.32442,1.32492,1.00,4.80
2009.01.01 19:24:53.959,1.32443,1.32498,1.60,1.60
2009.01.01 19:24:54.258,1.32443,1.32498,1.60,1.60
2009.01.01 19:24:55.298,1.3244,1.325,3.20,1.60
2009.01.01 19:24:55.908,1.32441,1.32501,1.60,2.80
2009.01.01 19:24:58.777,1.32437,1.32507,3.20,1.60
2009.01.01 19:24:58.957,1.32448,1.32503,1.60,1.60
2009.01.01 19:24:59.707,1.32448,1.32508,1.60,3.20
2009.01.01 19:25:00.832,1.32434,1.32498,1.60,4.20
2009.01.01 19:25:01.163,1.32437,1.32492,1.60,1.60
2009.01.01 19:25:01.393,1.32431,1.32501,3.20,1.00
2009.01.01 19:25:01.453,1.32442,1.32497,1.60,1.60
2009.01.01 19:25:11.710,1.32443,1.32503,1.60,1.60
2009.01.01 19:25:11.760,1.32442,1.32502,1.60,3.20
2009.01.01 19:25:12.170,1.32434,1.32499,1.60,3.20
2009.01.01 19:25:14.739,1.32421,1.32491,1.60,4.80
2009.01.01 19:25:14.919,1.32416,1.32476,1.60,1.60
2009.01.01 19:25:24.417,1.32403,1.32468,1.60,8.00
2009.01.01 19:25:25.117,1.32405,1.3247,4.00,1.60
2009.01.01 19:25:25.636,1.32422,1.32487,3.20,1.00
2009.01.01 19:25:26.036,1.32437,1.32502,1.60,1.60
2009.01.01 19:25:26.366,1.32442,1.32507,1.60,1.60
2009.01.01 19:25:27.516,1.32442,1.32502,1.60,1.60
2009.01.01 19:25:28.766,1.32435,1.325,3.20,3.20
2009.01.01 19:25:36.074,1.32433,1.32498,1.60,9.20
2009.01.01 19:25:36.364,1.32433,1.32493,1.60,6.80
2009.01.01 19:25:36.424,1.32426,1.32491,1.60,3.20
2009.01.01 19:25:36.944,1.32426,1.32486,1.60,3.20
2009.01.01 19:25:37.184,1.32425,1.32485,1.60,1.60
2009.01.01 19:25:37.424,1.32422,1.32492,1.60,3.20
2009.01.01 19:25:38.013,1.3242,1.32495,1.60,1.60
2009.01.01 19:25:38.193,1.32424,1.32484,3.20,3.20
2009.01.01 19:25:38.883,1.32411,1.32481,1.60,1.60
2009.01.01 19:25:39.333,1.32403,1.32483,3.20,3.20
2009.01.01 19:25:40.533,1.32411,1.32481,4.80,1.60
2009.01.01 19:25:40.703,1.32424,1.32489,1.60,1.60
2009.01.01 19:25:45.332,1.32411,1.32505,1.60,8.20
2009.01.01 19:25:45.612,1.32399,1.32494,1.60,1.60
2009.01.01 19:25:45.901,1.32438,1.32443,1.60,3.20
2009.01.01 19:25:45.952,1.32429,1.32464,3.20,1.60
2009.01.01 19:25:46.291,1.32449,1.32469,1.60,1.60
2009.01.01 19:25:48.191,1.32462,1.32477,3.20,3.20
2009.01.01 19:25:48.411,1.32456,1.32486,1.60,1.60
2009.01.01 19:25:52.060,1.32456,1.32476,1.60,1.60
2009.01.01 19:25:53.400,1.32443,1.32473,1.60,1.60
2009.01.01 19:25:53.910,1.32429,1.32464,1.60,1.60
2009.01.01 19:25:54.389,1.32418,1.32448,1.60,1.60
2009.01.01 19:25:54.780,1.32412,1.32442,1.60,1.60
2009.01.01 19:25:56.329,1.32411,1.32441,4.80,3.20
2009.01.01 19:25:56.439,1.32406,1.3245,1.60,1.60
2009.01.01 19:26:11.484,1.32418,1.32452,1.60,9.20
2009.01.01 19:26:11.544,1.32407,1.32452,1.60,2.80
2009.01.01 19:26:11.654,1.32403,1.32448,1.60,4.60
2009.01.01 19:26:29.579,1.32401,1.32451,1.60,1.60
2009.01.01 19:26:30.269,1.32402,1.32452,1.60,1.60
2009.01.01 19:26:49.814,1.32402,1.32456,3.20,1.60
2009.01.01 19:27:11.419,1.324,1.32445,3.20,3.20
2009.01.01 19:27:11.929,1.32398,1.32458,1.60,9.60
2009.01.01 19:27:13.009,1.32407,1.32457,1.60,1.60
2009.01.01 19:27:13.179,1.32409,1.32469,1.60,1.60
2009.01.01 19:27:13.988,1.32413,1.32473,1.60,1.60
2009.01.01 19:27:14.049,1.32411,1.32476,1.60,5.60
2009.01.01 19:27:15.358,1.32416,1.32471,7.00,7.60
2009.01.01 19:27:20.777,1.32423,1.32468,1.60,1.60
2009.01.01 19:27:21.297,1.32417,1.32477,1.60,3.20
2009.01.01 19:27:23.227,1.32424,1.32474,1.60,3.20
2009.01.01 19:27:23.846,1.32425,1.32475,1.60,1.60
2009.01.01 19:27:24.596,1.32431,1.32466,3.20,4.00
2009.01.01 19:27:25.056,1.32425,1.3247,4.80,1.60
2009.01.01 19:27:53.159,1.32428,1.32473,1.60,1.60
2009.01.01 19:27:55.419,1.32432,1.32477,3.20,4.40
2009.01.01 19:28:02.674,1.32424,1.32484,1.60,1.60
2009.01.01 19:28:02.784,1.32417,1.32477,1.60,4.80
2009.01.01 19:28:04.563,1.3241,1.3248,3.20,4.80
2009.01.01 19:28:05.203,1.32409,1.32479,3.20,1.00
2009.01.01 19:28:05.253,1.32409,1.32479,1.60,1.60
2009.01.01 19:28:10.182,1.32403,1.32488,4.80,3.20
2009.01.01 19:28:10.632,1.32402,1.32487,1.60,4.40
2009.01.01 19:28:10.982,1.32405,1.3248,1.60,1.60
2009.01.01 19:28:11.382,1.32414,1.32469,1.60,1.60
2009.01.01 19:28:19.719,1.32414,1.32474,1.60,1.60
2009.01.01 19:28:19.950,1.32412,1.32477,1.60,4.80
2009.01.01 19:28:20.239,1.32407,1.32482,3.20,1.60
2009.01.01 19:28:20.479,1.32404,1.32489,1.60,2.80
2009.01.01 19:28:21.029,1.32404,1.32489,4.00,3.20
2009.01.01 19:28:21.269,1.32397,1.32493,7.20,1.60
2009.01.01 19:28:21.789,1.32408,1.32478,1.60,1.60
2009.01.01 19:28:22.269,1.32414,1.32464,1.60,2.80
2009.01.01 19:28:22.379,1.32411,1.32461,4.00,1.60
2009.01.01 19:28:23.419,1.3241,1.32464,1.60,4.80
2009.01.01 19:28:23.888,1.32418,1.32463,1.80,1.60
2009.01.01 19:28:24.218,1.32411,1.32471,1.60,1.00
2009.01.01 19:28:24.508,1.32408,1.32478,1.60,1.60
2009.01.01 19:28:26.858,1.32412,1.32477,3.20,6.40
2009.01.01 19:28:26.968,1.32417,1.32477,1.60,1.60
2009.01.01 19:28:31.987,1.32419,1.32479,1.60,1.80
2009.01.01 19:28:32.147,1.32411,1.32486,1.60,2.80
2009.01.01 19:28:35.876,1.32417,1.32477,1.60,6.00
2009.01.01 19:28:37.595,1.32411,1.32481,1.00,6.00
2009.01.01 19:28:40.444,1.32407,1.32482,1.00,3.20
2009.01.01 19:28:40.504,1.32409,1.32484,3.20,3.20
2009.01.01 19:28:40.964,1.3241,1.32485,1.60,1.60
2009.01.01 19:28:41.964,1.32407,1.32487,3.20,1.60
2009.01.01 19:28:42.314,1.32406,1.32486,1.60,1.60
2009.01.01 19:28:42.994,1.32411,1.32481,1.60,4.00
2009.01.01 19:28:43.394,1.32406,1.32486,1.00,1.60
2009.01.01 19:28:43.744,1.32407,1.32487,1.60,3.20
2009.01.01 19:28:45.104,1.32408,1.32488,1.60,3.20
2009.01.01 19:28:45.213,1.32406,1.32486,1.60,1.60
2009.01.01 19:28:45.693,1.32412,1.32482,1.60,1.60
2009.01.01 19:28:55.011,1.32413,1.32483,1.60,1.60
2009.01.01 19:28:56.510,1.32415,1.32485,1.60,8.40
2009.01.01 19:29:04.111,1.32408,1.32478,1.60,4.80
2009.01.01 19:29:05.181,1.3241,1.3248,1.60,1.60
2009.01.01 19:29:05.241,1.32407,1.32487,1.60,1.00
2009.01.01 19:29:05.591,1.32412,1.32482,1.60,1.60
2009.01.01 19:29:06.441,1.32411,1.32486,1.60,1.60
2009.01.01 19:29:06.681,1.32408,1.32488,1.60,1.60
2009.01.01 19:29:06.791,1.32413,1.32483,7.80,3.20
2009.01.01 19:29:09.210,1.32413,1.32483,1.60,1.60
2009.01.01 19:29:09.490,1.32413,1.32483,1.60,6.40
2009.01.01 19:29:09.770,1.32413,1.32483,1.00,1.60
2009.01.01 19:29:10.780,1.32411,1.32486,2.20,1.60
2009.01.01 19:29:11.009,1.32413,1.32483,1.60,1.00
2009.01.01 19:29:12.409,1.32413,1.32483,1.60,1.60
2009.01.01 19:29:13.149,1.32411,1.32486,1.00,1.60
2009.01.01 19:29:13.609,1.32395,1.32495,1.60,1.60
2009.01.01 19:29:14.458,1.32392,1.32492,1.60,9.60
2009.01.01 19:29:14.569,1.32428,1.32452,1.60,1.60
2009.01.01 19:29:17.507,1.32418,1.32468,1.80,1.60
2009.01.01 19:29:17.568,1.32422,1.32472,8.00,3.40
2009.01.01 19:29:22.567,1.32417,1.32477,1.60,3.20
2009.01.01 19:29:23.337,1.32422,1.32472,1.60,1.60
2009.01.01 19:29:27.946,1.32422,1.32472,1.60,16.60
2009.01.01 19:29:28.005,1.32424,1.32474,1.60,1.60
2009.01.01 19:29:34.144,1.32416,1.32481,3.20,1.60
2009.01.01 19:29:42.262,1.32421,1.32476,1.60,1.60
2009.01.01 19:29:42.882,1.32416,1.32481,7.60,1.60
2009.01.01 19:29:43.232,1.32416,1.32481,1.60,1.60
2009.01.01 19:29:43.872,1.32413,1.32483,1.60,1.60
2009.01.01 19:29:56.489,1.32423,1.32477,1.60,7.60
2009.01.01 19:30:05.665,1.32417,1.32477,1.60,1.60
2009.01.01 19:30:05.725,1.32412,1.32472,1.60,1.60
2009.01.01 19:30:05.835,1.32406,1.32466,1.00,1.60
2009.01.01 19:30:11.893,1.32403,1.32473,2.40,1.60
2009.01.01 19:30:12.353,1.32407,1.32477,1.60,4.80
2009.01.01 19:30:12.993,1.32409,1.32479,1.60,3.20
2009.01.01 19:30:20.422,1.32414,1.32474,2.00,1.60
2009.01.01 19:30:21.411,1.32415,1.3248,1.80,1.60
2009.01.01 19:30:21.461,1.32416,1.32486,2.20,1.60
2009.01.01 19:30:27.150,1.32411,1.32486,1.60,4.40
2009.01.01 19:30:30.519,1.32411,1.32476,1.60,1.60
2009.01.01 19:30:38.267,1.32403,1.32478,1.60,1.60
2009.01.01 19:30:43.276,1.32406,1.32471,3.20,1.60
2009.01.01 19:30:57.343,1.32404,1.32474,1.60,1.60
2009.01.01 19:31:01.686,1.32418,1.32472,1.60,3.20
2009.01.01 19:31:02.385,1.32429,1.32469,1.60,2.40
2009.01.01 19:31:10.823,1.32425,1.32475,1.60,1.60
2009.01.01 19:31:12.834,1.32411,1.32481,1.60,1.60
2009.01.01 19:31:13.663,1.32423,1.32458,3.20,1.60
2009.01.01 19:31:13.953,1.32416,1.32461,3.20,6.40
2009.01.01 19:31:18.752,1.32412,1.32462,1.60,1.60
2009.01.01 19:31:28.785,1.32407,1.32461,1.60,1.60
2009.01.01 19:32:26.446,1.32426,1.32476,5.60,1.60
2009.01.01 19:32:46.157,1.32439,1.32464,1.60,1.60
2009.01.01 19:32:48.175,1.32409,1.32474,1.60,6.00
2009.01.01 19:32:48.251,1.32401,1.32441,1.00,1.60
2009.01.01 19:32:48.821,1.32395,1.32425,1.60,1.00
2009.01.01 19:32:49.880,1.32362,1.32467,1.80,1.60
2009.01.01 19:32:51.560,1.32378,1.32458,3.20,1.60
2009.01.01 19:32:54.140,1.324,1.3243,1.60,4.00
2009.01.01 19:32:56.319,1.3239,1.3243,3.20,4.00
2009.01.01 19:32:56.922,1.32358,1.32452,1.60,1.60
2009.01.01 19:33:17.714,1.32371,1.32411,1.60,1.60
2009.01.01 19:33:21.496,1.32375,1.32405,1.60,1.60
2009.01.01 19:33:24.305,1.32367,1.32412,1.60,1.60
2009.01.01 19:33:26.165,1.32372,1.32407,5.60,1.60
2009.01.01 19:33:28.374,1.32365,1.3241,1.60,4.40
2009.01.01 19:33:29.054,1.32358,1.32413,1.60,3.20
2009.01.01 19:33:30.434,1.32352,1.32417,1.60,1.60
2009.01.01 19:33:32.433,1.32348,1.32418,1.60,1.60
2009.01.01 19:33:32.653,1.32345,1.32419,1.60,1.00
2009.01.01 19:33:32.773,1.32342,1.32422,1.60,1.60
2009.01.01 19:33:34.053,1.32338,1.32428,3.20,1.60
2009.01.01 19:33:34.403,1.32336,1.3243,3.20,9.20
2009.01.01 19:33:34.743,1.32341,1.32425,1.60,1.80
2009.01.01 19:33:35.902,1.32336,1.3243,1.60,3.20
2009.01.01 19:33:36.242,1.32341,1.32425,1.60,1.60
2009.01.01 19:33:40.671,1.32337,1.32427,1.00,5.60
2009.01.01 19:33:55.718,1.32337,1.32427,1.60,1.60
2009.01.01 19:33:56.178,1.3236,1.32415,1.60,2.40
2009.01.01 19:33:57.977,1.3237,1.32416,3.20,5.20
2009.01.01 19:34:02.039,1.32372,1.32418,1.60,1.60
2009.01.01 19:34:02.619,1.32369,1.32409,1.60,1.60
2009.01.01 19:34:03.079,1.32365,1.3243,1.60,3.20
2009.01.01 19:34:20.151,1.32391,1.32446,3.20,3.20
2009.01.01 19:34:33.000,1.32392,1.32472,1.60,1.60
2009.01.01 19:34:36.200,1.32397,1.32457,4.80,5.00
2009.01.01 19:34:40.980,1.32378,1.32458,1.60,1.60
2009.01.01 19:34:55.216,1.3236,1.3245,1.60,1.60
2009.01.01 19:34:59.345,1.32356,1.32442,1.60,1.60
2009.01.01 19:35:03.019,1.32344,1.32434,1.60,1.60
2009.01.01 19:35:03.759,1.32339,1.32429,1.60,1.60
2009.01.01 19:35:05.516,1.32357,1.32411,1.60,1.60
2009.01.01 19:35:26.834,1.32346,1.32436,1.00,1.60
2009.01.01 19:35:34.462,1.32349,1.32439,1.60,4.80
2009.01.01 19:35:35.048,1.32361,1.32426,1.60,1.60
2009.01.01 19:35:45.310,1.32344,1.3244,1.60,4.80
2009.01.01 19:36:05.498,1.32369,1.32399,1.60,5.60
2009.01.01 19:36:11.544,1.32358,1.32398,1.60,1.60
2009.01.01 19:36:12.295,1.32345,1.32405,1.60,1.60
2009.01.01 19:36:47.890,1.32346,1.32406,1.60,1.60
2009.01.01 19:36:59.339,1.32333,1.32423,3.20,3.20
2009.01.01 19:37:03.566,1.32391,1.32447,3.20,1.60
2009.01.01 19:37:08.337,1.32379,1.32414,1.00,3.20
2009.01.01 19:37:11.191,1.32357,1.32432,1.60,5.20
2009.01.01 19:37:18.548,1.32408,1.32423,1.60,4.00
2009.01.01 19:37:27.547,1.32397,1.32457,1.60,1.60
2009.01.01 19:37:29.042,1.32405,1.32445,1.60,7.60
2009.01.01 19:37:29.496,1.32404,1.32444,3.20,1.60
2009.01.01 19:37:42.472,1.32397,1.32457,1.80,1.60
2009.01.01 19:37:44.112,1.32402,1.32462,1.60,1.60
2009.01.01 19:37:46.473,1.32406,1.32466,1.60,1.60
2009.01.01 19:38:10.088,1.32385,1.32491,1.60,4.00
2009.01.01 19:38:10.663,1.32405,1.32465,1.60,4.80
2009.01.01 19:38:21.195,1.32411,1.32461,1.60,1.60
2009.01.01 19:38:22.776,1.32406,1.32476,1.60,1.00
2009.01.01 19:38:32.194,1.32423,1.32463,1.60,4.00
2009.01.01 19:38:38.323,1.32392,1.32488,1.60,1.60
2009.01.01 19:38:46.428,1.3239,1.32486,3.20,6.40
2009.01.01 19:38:46.845,1.32415,1.3246,1.60,7.60
2009.01.01 19:38:55.744,1.32403,1.32473,1.00,3.20
2009.01.01 19:39:36.350,1.32396,1.32486,1.60,1.60
2009.01.01 19:39:56.945,1.32394,1.32489,1.60,1.60
2009.01.01 19:39:57.005,1.32402,1.32477,1.00,3.20
2009.01.01 19:39:57.524,1.32399,1.32474,1.60,4.80
2009.01.01 19:39:57.584,1.32392,1.32482,1.00,3.20
2009.01.01 19:39:58.554,1.32402,1.32477,1.60,1.60
2009.01.01 19:39:58.674,1.32406,1.32481,1.60,1.60
2009.01.01 19:39:59.144,1.32404,1.32489,1.60,3.20
2009.01.01 19:40:03.294,1.32388,1.32478,1.60,1.60
2009.01.01 19:40:03.754,1.32376,1.32471,1.60,1.60
2009.01.01 19:40:03.814,1.32377,1.32457,3.20,1.60
2009.01.01 19:40:05.124,1.32375,1.32455,4.80,8.00
2009.01.01 19:40:07.143,1.32374,1.32454,1.60,1.60
2009.01.01 19:40:07.263,1.3236,1.3245,3.20,1.60
2009.01.01 19:40:07.373,1.32355,1.32445,3.20,1.60
2009.01.01 19:40:07.883,1.32361,1.32451,1.60,3.20
2009.01.01 19:40:13.082,1.32361,1.32451,1.60,1.60
2009.01.01 19:40:13.202,1.32372,1.32447,1.60,1.60
2009.01.01 19:40:13.671,1.32383,1.32463,1.60,1.60
2009.01.01 19:40:14.171,1.32382,1.32472,1.60,3.20
2009.01.01 19:40:14.671,1.32372,1.32462,3.20,4.40
2009.01.01 19:40:24.019,1.32368,1.32453,1.60,1.60
2009.01.01 19:40:36.936,1.32354,1.32459,1.60,1.60
2009.01.01 19:40:37.056,1.32372,1.32437,1.60,3.20
2009.01.01 19:40:51.491,1.32356,1.3245,1.60,1.60
2009.01.01 19:41:03.952,1.32357,1.32437,1.60,1.60
2009.01.01 19:41:04.772,1.3235,1.3244,1.60,1.60
2009.01.01 19:41:18.039,1.32355,1.3243,4.00,4.00
2009.01.01 19:41:18.219,1.3235,1.3243,3.20,1.60
2009.01.01 19:41:22.118,1.32343,1.32433,1.60,1.60
2009.01.01 19:41:30.936,1.32337,1.32432,1.60,1.60
2009.01.01 19:41:31.865,1.32341,1.32425,1.60,1.60
2009.01.01 19:42:36.161,1.32346,1.32442,3.20,1.60
2009.01.01 19:42:39.870,1.32358,1.32443,1.60,6.40
2009.01.01 19:42:56.885,1.3236,1.3245,1.60,1.60
2009.01.01 19:43:13.261,1.32382,1.32452,1.60,1.60
2009.01.01 19:43:19.042,1.32377,1.32472,5.60,1.60
2009.01.01 19:43:19.179,1.32389,1.32454,3.20,4.00
2009.01.01 19:43:28.170,1.32363,1.32448,5.60,2.40
2009.01.01 19:43:37.279,1.32366,1.32421,1.60,1.60
2009.01.01 19:43:38.007,1.32361,1.32426,3.20,1.60
2009.01.01 19:43:53.637,1.32348,1.32443,5.60,1.60
2009.01.01 19:43:55.123,1.32359,1.32434,2.20,1.60
2009.01.01 19:43:56.495,1.32359,1.32429,1.60,1.60
2009.01.01 19:43:59.517,1.32368,1.32418,1.60,1.60
2009.01.01 19:44:16.088,1.32349,1.32443,1.60,3.20
2009.01.01 19:44:18.748,1.32351,1.32436,4.80,1.60
2009.01.01 19:44:19.267,1.32346,1.32436,1.80,1.60
2009.01.01 19:44:28.835,1.32342,1.32432,1.60,3.20
2009.01.01 19:44:29.485,1.3234,1.3243,1.60,1.00
2009.01.01 19:44:29.585,1.32341,1.32431,1.60,1.60
2009.01.01 19:44:52.969,1.3234,1.32435,1.60,1.60
2009.01.01 19:44:53.879,1.32346,1.32431,1.60,1.60
2009.01.01 19:44:54.689,1.32345,1.32435,4.80,1.00
2009.01.01 19:45:10.690,1.32377,1.32447,1.60,3.20
2009.01.01 19:45:21.660,1.32397,1.32432,3.20,3.20
2009.01.01 19:45:44.617,1.32377,1.32452,1.60,4.40
2009.01.01 19:45:45.392,1.32384,1.32439,8.00,1.60
2009.01.01 19:45:49.380,1.32375,1.32435,1.60,1.60
2009.01.01 19:45:56.130,1.32365,1.3243,1.60,10.80
2009.01.01 19:46:56.248,1.32349,1.32453,1.60,3.20
2009.01.01 19:46:56.418,1.3236,1.3245,1.60,1.60
2009.01.01 19:46:56.828,1.32382,1.32432,1.60,1.60
2009.01.01 19:46:59.108,1.32369,1.32434,1.60,1.60
2009.01.01 19:46:59.278,1.32354,1.32429,1.60,1.00
2009.01.01 19:46:59.507,1.3235,1.32424,2.40,2.40
2009.01.01 19:47:00.211,1.32332,1.32447,1.60,1.60
2009.01.01 19:47:00.750,1.32331,1.32451,1.60,1.60
2009.01.01 19:47:02.650,1.32332,1.32452,1.60,1.60
2009.01.01 19:47:03.630,1.32332,1.32452,1.60,1.60
2009.01.01 19:47:05.309,1.32344,1.32444,1.60,1.60
2009.01.01 19:47:05.709,1.3233,1.3246,1.60,1.60
2009.01.01 19:47:05.929,1.32347,1.32447,1.60,6.80
2009.01.01 19:47:11.918,1.32363,1.32433,4.80,1.60
2009.01.01 19:47:11.983,1.32321,1.32465,1.60,5.60
2009.01.01 19:47:12.607,1.32345,1.3243,1.60,1.60
2009.01.01 19:47:12.717,1.32343,1.32427,1.60,3.20
2009.01.01 19:47:17.486,1.3234,1.32435,1.60,1.60
2009.01.01 19:47:21.395,1.32333,1.32449,3.20,1.60
2009.01.01 19:47:21.795,1.32343,1.32443,1.60,1.60
2009.01.01 19:47:21.905,1.32334,1.3245,1.60,1.60
2009.01.01 19:47:27.464,1.32351,1.32436,1.60,1.00
2009.01.01 19:47:27.754,1.32351,1.32436,1.60,3.20
2009.01.01 19:47:27.924,1.32353,1.32438,1.60,3.20
2009.01.01 19:47:28.604,1.32354,1.32439,3.20,6.40
2009.01.01 19:47:28.824,1.32355,1.3244,1.60,1.60
2009.01.01 19:47:28.994,1.32354,1.32444,1.60,1.60
2009.01.01 19:47:29.533,1.3235,1.32444,1.60,3.20
2009.01.01 19:47:29.753,1.32343,1.32448,1.60,6.40
2009.01.01 19:47:33.892,1.32341,1.32446,1.60,1.60
2009.01.01 19:47:34.612,1.32337,1.32447,1.60,1.60
2009.01.01 19:47:35.242,1.32338,1.32448,1.60,1.60
2009.01.01 19:47:35.422,1.3235,1.32435,1.60,2.80
2009.01.01 19:47:41.061,1.32354,1.32429,3.20,1.60
2009.01.01 19:47:45.670,1.32358,1.32423,3.20,6.40
2009.01.01 19:47:46.130,1.32352,1.32422,1.00,1.60
2009.01.01 19:47:47.359,1.32349,1.32419,1.60,1.60
2009.01.01 19:47:53.428,1.32348,1.32413,1.60,4.80
2009.01.01 19:47:55.827,1.32348,1.32408,1.60,3.20
2009.01.01 19:47:57.367,1.32356,1.32406,1.60,1.60
2009.01.01 19:47:59.346,1.32345,1.32425,3.20,1.60
2009.01.01 19:48:01.068,1.32338,1.32448,1.60,1.60
2009.01.01 19:48:01.798,1.32343,1.32448,1.60,1.60
2009.01.01 19:48:02.128,1.32344,1.32454,1.60,1.60
2009.01.01 19:48:02.527,1.32346,1.32456,1.60,1.60
2009.01.01 19:48:05.297,1.3234,1.32465,3.20,2.40
2009.01.01 19:48:05.937,1.32342,1.32467,3.20,1.60
2009.01.01 19:48:06.177,1.32348,1.32473,1.60,3.20
2009.01.01 19:48:06.237,1.32365,1.32475,1.60,6.40
2009.01.01 19:48:06.627,1.324,1.32454,1.60,1.60
2009.01.01 19:48:06.687,1.32403,1.32443,1.60,1.60
2009.01.01 19:48:07.017,1.32395,1.32445,1.60,3.20
2009.01.01 19:48:07.497,1.32381,1.32451,1.60,1.00
2009.01.01 19:48:07.966,1.32373,1.32443,1.60,3.20
2009.01.01 19:48:08.406,1.32369,1.32434,1.60,1.60
2009.01.01 19:48:08.806,1.32347,1.32447,1.60,3.20
2009.01.01 19:48:10.396,1.32341,1.32446,3.20,1.60
2009.01.01 19:48:10.506,1.32348,1.32438,1.60,1.60
2009.01.01 19:48:11.076,1.32356,1.32436,3.20,1.60
2009.01.01 19:48:11.525,1.32353,1.32443,1.60,6.40
2009.01.01 19:48:12.625,1.3235,1.3245,1.60,3.20
2009.01.01 19:48:15.194,1.32343,1.32453,3.20,1.60
2009.01.01 19:48:16.075,1.32336,1.32446,1.60,3.20
2009.01.01 19:48:24.653,1.32348,1.32432,1.60,1.60
2009.01.01 19:48:26.982,1.32351,1.32441,1.60,1.60
2009.01.01 19:48:27.912,1.32356,1.32446,3.20,1.60
2009.01.01 19:48:28.682,1.32358,1.32448,1.00,1.60
2009.01.01 19:48:29.331,1.32354,1.32454,3.20,1.60
2009.01.01 19:48:29.501,1.32349,1.32459,1.60,1.60
2009.01.01 19:48:43.238,1.32351,1.32456,1.60,3.20
2009.01.01 19:48:47.137,1.32349,1.32454,1.60,3.20
2009.01.01 19:48:47.497,1.32348,1.32453,1.60,4.00
2009.01.01 19:48:53.205,1.32349,1.32454,1.60,1.60
2009.01.01 19:48:54.365,1.32344,1.32459,1.60,1.60
2009.01.01 19:48:54.885,1.32338,1.32468,1.60,1.60
2009.01.01 19:48:55.975,1.32343,1.32468,1.00,1.60
2009.01.01 19:48:56.195,1.32342,1.32478,1.60,10.00
2009.01.01 19:48:57.305,1.32352,1.32477,1.60,1.60
2009.01.01 19:49:00.213,1.32336,1.32486,1.60,4.80
2009.01.01 19:49:00.802,1.32334,1.32479,1.60,1.60
2009.01.01 19:49:01.092,1.32338,1.32473,1.60,2.80
2009.01.01 19:49:09.590,1.32329,1.32479,1.60,6.00
2009.01.01 19:49:09.820,1.32335,1.32475,1.60,1.60
2009.01.01 19:49:09.930,1.32328,1.32473,1.80,3.20
2009.01.01 19:49:10.330,1.32322,1.32467,1.60,1.60
2009.01.01 19:49:10.390,1.32314,1.32464,1.60,4.00
2009.01.01 19:49:10.500,1.32307,1.32457,3.20,1.00
2009.01.01 19:49:10.670,1.32313,1.32448,3.20,1.60
2009.01.01 19:49:11.950,1.32314,1.32459,1.60,1.60
2009.01.01 19:49:12.170,1.32319,1.32469,1.60,1.60
2009.01.01 19:49:12.560,1.32324,1.32474,1.60,1.60
2009.01.01 19:49:13.149,1.32336,1.32476,1.60,3.20
2009.01.01 19:49:18.158,1.32337,1.32482,3.20,1.60
2009.01.01 19:49:18.218,1.32339,1.32479,3.60,1.60
2009.01.01 19:49:18.338,1.32331,1.32476,4.80,4.80
2009.01.01 19:49:24.937,1.32322,1.32477,1.60,3.20
2009.01.01 19:49:25.216,1.32328,1.32483,1.60,4.40
2009.01.01 19:49:27.376,1.32362,1.32467,1.60,1.60
2009.01.01 19:49:27.452,1.32349,1.32479,1.60,1.60
2009.01.01 19:49:27.706,1.32353,1.32458,3.20,1.60
2009.01.01 19:49:28.657,1.32334,1.32464,1.60,4.80
2009.01.01 19:49:29.145,1.32345,1.3245,3.20,13.40
2009.01.01 19:49:29.205,1.3234,1.32445,3.20,1.60
2009.01.01 19:49:39.483,1.32334,1.32439,1.60,3.20
2009.01.01 19:49:42.832,1.3233,1.32435,1.60,1.60
2009.01.01 19:49:43.292,1.32327,1.32437,1.60,6.40
2009.01.01 19:50:05.243,1.32338,1.32444,1.60,1.60
2009.01.01 19:50:10.922,1.32347,1.32462,3.20,1.60
2009.01.01 19:50:15.951,1.32381,1.32456,1.60,5.60
2009.01.01 19:50:16.070,1.32386,1.32471,1.60,1.60
2009.01.01 19:50:35.736,1.32386,1.32466,1.60,1.60
2009.01.01 19:50:35.796,1.32371,1.32451,1.60,8.00
2009.01.01 19:50:39.675,1.32363,1.32438,1.60,12.00
2009.01.01 19:50:39.785,1.32356,1.32441,3.20,1.60
2009.01.01 19:50:39.845,1.32355,1.32435,1.60,1.60
2009.01.01 19:50:41.684,1.3235,1.3243,3.20,4.00
2009.01.01 19:50:41.794,1.32351,1.32435,1.60,1.60
2009.01.01 19:50:45.823,1.32367,1.32442,3.20,1.00
2009.01.01 19:50:46.233,1.32368,1.32448,1.60,1.60
2009.01.01 19:50:46.343,1.32369,1.32449,3.20,2.80
2009.01.01 19:50:46.393,1.32382,1.32452,1.60,4.40
2009.01.01 19:50:46.793,1.32391,1.32466,1.60,4.80
2009.01.01 19:50:46.853,1.32391,1.32475,3.20,8.00
2009.01.01 19:51:25.604,1.32394,1.32474,3.20,1.60
2009.01.01 19:51:25.904,1.32382,1.32477,1.60,4.80
2009.01.01 19:51:27.873,1.32385,1.32465,1.60,3.40
2009.01.01 19:51:28.633,1.3238,1.3246,1.60,1.60
2009.01.01 19:51:32.932,1.32378,1.32453,3.20,3.20
2009.01.01 19:51:33.282,1.32374,1.32464,1.60,2.60
2009.01.01 19:51:36.231,1.32386,1.32466,1.60,3.20
2009.01.01 19:51:47.338,1.3239,1.3247,1.60,1.60
2009.01.01 19:51:48.688,1.32393,1.32468,1.60,1.00
2009.01.01 19:51:51.237,1.32385,1.3247,1.60,2.80
2009.01.01 19:51:52.047,1.32417,1.32432,1.60,1.60
2009.01.01 19:51:52.397,1.3241,1.32436,1.80,4.00
2009.01.01 19:52:01.953,1.32381,1.32437,1.60,1.60
2009.01.01 19:52:04.372,1.32397,1.32422,3.20,3.20
2009.01.01 19:52:21.858,1.32387,1.32442,1.00,1.60
2009.01.01 19:52:25.357,1.32408,1.32433,1.60,1.60
2009.01.01 19:52:45.062,1.32398,1.32453,1.60,1.00
2009.01.01 19:52:45.592,1.32414,1.32429,3.20,1.80
2009.01.01 19:52:46.772,1.32401,1.32426,4.80,1.60
2009.01.01 19:52:47.112,1.32377,1.32432,1.60,3.20
2009.01.01 19:52:47.292,1.32395,1.3241,1.60,1.60
2009.01.01 19:52:50.311,1.32388,1.32418,1.80,3.20
2009.01.01 19:52:50.771,1.32385,1.32425,1.80,1.60
2009.01.01 19:52:54.230,1.32385,1.3243,1.60,7.20
2009.01.01 19:52:54.470,1.3238,1.32436,1.60,3.20
2009.01.01 19:53:01.576,1.32394,1.32439,1.60,1.60
2009.01.01 19:53:04.126,1.32387,1.32437,3.20,1.60
2009.01.01 19:53:04.586,1.32392,1.32427,1.60,1.60
2009.01.01 19:53:04.696,1.32382,1.32432,1.60,1.60
2009.01.01 19:53:16.603,1.32377,1.32432,1.60,3.20
2009.01.01 19:53:17.352,1.32374,1.32434,1.60,1.60
2009.01.01 19:53:18.972,1.3238,1.32425,1.60,3.20
2009.01.01 19:53:19.432,1.32377,1.32432,1.60,1.60
2009.01.01 19:53:23.181,1.32384,1.32429,1.60,4.20
2009.01.01 19:53:24.051,1.32379,1.32434,1.60,1.60
2009.01.01 19:53:25.800,1.32385,1.3243,1.60,1.60
2009.01.01 19:53:27.001,1.32381,1.32436,1.60,1.60
2009.01.01 19:53:27.690,1.32381,1.32431,3.20,1.60
2009.01.01 19:53:28.030,1.32379,1.32434,1.60,1.00
2009.01.01 19:53:30.399,1.32385,1.3243,2.00,1.60
2009.01.01 19:53:31.739,1.3238,1.32435,3.20,1.60
2009.01.01 19:53:33.039,1.3238,1.32435,1.60,1.60
2009.01.01 19:53:33.379,1.32389,1.32424,1.60,1.60
2009.01.01 19:53:34.119,1.32382,1.32432,8.00,4.80
2009.01.01 19:53:35.828,1.32383,1.32433,3.20,1.60
2009.01.01 19:53:36.438,1.32374,1.32439,1.60,1.60
2009.01.01 19:53:36.958,1.3238,1.32435,1.60,1.60
2009.01.01 19:53:40.287,1.3238,1.32445,5.60,2.80
2009.01.01 19:53:41.277,1.32377,1.32452,1.00,3.20
2009.01.01 19:54:02.058,1.32379,1.32459,1.60,1.60
2009.01.01 19:54:36.079,1.32379,1.32454,1.60,1.60
2009.01.01 19:54:37.599,1.32384,1.32444,1.60,1.60
2009.01.01 19:54:39.829,1.32375,1.32445,1.60,1.60
2009.01.01 19:54:42.308,1.32372,1.32442,4.80,4.80
2009.01.01 19:54:50.516,1.32372,1.32447,3.20,1.00
2009.01.01 19:54:51.036,1.32382,1.32447,3.20,3.20
2009.01.01 19:54:59.134,1.32379,1.32454,1.60,1.00
2009.01.01 19:55:02.443,1.32379,1.32444,3.20,1.60
2009.01.01 19:55:07.645,1.32374,1.32449,1.60,1.60
2009.01.01 19:55:17.463,1.3236,1.3246,1.60,2.80
2009.01.01 19:55:18.452,1.32352,1.32467,1.60,1.00
2009.01.01 19:55:18.842,1.3236,1.3246,1.60,1.60
2009.01.01 19:55:19.312,1.32364,1.32454,2.20,1.60
2009.01.01 19:55:20.551,1.32353,1.32458,1.60,4.80
2009.01.01 19:55:20.670,1.3236,1.3245,5.40,1.60
2009.01.01 19:55:21.672,1.32354,1.32459,6.00,4.00
2009.01.01 19:55:22.421,1.32363,1.32453,1.60,1.60
2009.01.01 19:55:23.621,1.32355,1.3246,3.20,1.60
2009.01.01 19:55:23.971,1.32363,1.32453,3.20,1.60
2009.01.01 19:55:24.491,1.32359,1.32459,1.60,1.60
2009.01.01 19:55:26.170,1.32364,1.32454,4.00,1.60
2009.01.01 19:55:28.350,1.32357,1.32462,1.60,1.60
2009.01.01 19:55:38.987,1.32364,1.32454,1.60,4.00
2009.01.01 19:55:41.427,1.32348,1.32468,3.20,1.60
2009.01.01 19:55:42.057,1.32339,1.32474,1.60,4.00
2009.01.01 19:55:42.467,1.32365,1.3245,1.60,4.80
2009.01.01 19:55:42.826,1.32354,1.32468,1.60,3.20
2009.01.01 19:55:45.266,1.32371,1.32451,1.60,1.60
2009.01.01 19:55:45.436,1.32368,1.32448,1.60,1.60
2009.01.01 19:55:45.725,1.32367,1.32447,1.60,1.60
2009.01.01 19:55:49.345,1.32372,1.32442,1.60,3.20
2009.01.01 19:55:49.395,1.32365,1.32445,1.60,1.60
2009.01.01 19:55:51.994,1.32364,1.32444,3.20,2.80
2009.01.01 19:55:55.843,1.32366,1.32436,1.60,1.60
2009.01.01 19:55:55.903,1.32359,1.32439,1.60,4.80
2009.01.01 19:55:56.023,1.32363,1.32438,1.60,1.60
2009.01.01 19:55:58.143,1.32367,1.32442,1.60,1.60
2009.01.01 19:55:58.443,1.32371,1.32446,1.60,4.00
2009.01.01 19:55:58.493,1.32364,1.32454,1.60,1.60
2009.01.01 19:56:04.288,1.32351,1.32435,1.60,6.00
2009.01.01 19:56:05.187,1.32338,1.32423,3.20,1.60
2009.01.01 19:56:05.487,1.32318,1.32413,3.20,1.60
2009.01.01 19:56:13.385,1.32292,1.32397,1.60,1.60
2009.01.01 19:56:13.555,1.32285,1.32391,4.80,1.60
2009.01.01 19:56:15.455,1.323,1.324,1.60,1.60
2009.01.01 19:56:15.515,1.32317,1.32407,7.80,4.00
2009.01.01 19:56:15.575,1.32321,1.32421,1.60,6.40
2009.01.01 19:56:17.055,1.32324,1.32444,1.60,1.60
2009.01.01 19:56:17.754,1.32349,1.32444,1.60,5.60
2009.01.01 19:56:19.274,1.32344,1.32448,5.60,4.80
2009.01.01 19:56:19.334,1.32331,1.32431,1.60,1.60
2009.01.01 19:56:21.204,1.32323,1.32423,1.60,3.20
2009.01.01 19:56:21.264,1.32319,1.32419,4.80,1.60
2009.01.01 19:56:22.933,1.32302,1.32427,5.60,4.00
2009.01.01 19:56:23.413,1.32302,1.32412,1.60,2.40
2009.01.01 19:56:23.753,1.32284,1.32409,1.60,1.60
2009.01.01 19:56:24.283,1.32286,1.32386,1.60,1.60
2009.01.01 19:56:24.563,1.32278,1.32378,1.60,1.60
2009.01.01 19:57:23.271,1.32253,1.32373,1.60,12.00
2009.01.01 19:57:23.501,1.32263,1.32368,1.60,1.60
2009.01.01 19:57:23.960,1.32255,1.32375,1.60,1.60
2009.01.01 19:57:24.190,1.32258,1.32373,1.60,1.60
2009.01.01 19:57:32.158,1.32263,1.32368,3.20,1.60
2009.01.01 19:57:32.338,1.3226,1.32365,1.60,1.60
2009.01.01 19:57:32.848,1.32257,1.32367,3.60,1.60
2009.01.01 19:57:33.248,1.32263,1.32363,1.60,4.40
2009.01.01 19:57:34.898,1.3226,1.3237,3.20,4.80
2009.01.01 19:57:36.537,1.32264,1.32369,1.60,4.80
2009.01.01 19:57:37.277,1.32265,1.3237,1.60,1.60
2009.01.01 19:57:37.567,1.32259,1.32374,3.20,1.60
2009.01.01 19:57:44.485,1.32262,1.32372,1.60,7.60
2009.01.01 19:57:47.285,1.32263,1.32368,1.60,1.00
2009.01.01 19:57:49.574,1.32262,1.32367,1.60,1.60
2009.01.01 19:57:50.074,1.32257,1.32372,1.60,7.60
2009.01.01 19:57:52.234,1.32255,1.3237,1.60,1.60
2009.01.01 19:57:58.542,1.32256,1.32366,3.20,2.40
2009.01.01 19:57:58.722,1.32252,1.32372,1.60,3.20
2009.01.01 19:57:59.022,1.32265,1.3237,1.60,1.60
2009.01.01 19:57:59.352,1.32276,1.3237,6.40,1.60
2009.01.01 19:58:11.879,1.32271,1.32381,4.80,2.60
2009.01.01 19:58:22.006,1.32272,1.32372,1.60,6.40
2009.01.01 19:58:22.176,1.32264,1.32374,1.60,4.80
2009.01.01 19:58:30.484,1.3227,1.3238,1.60,1.60
2009.01.01 19:58:30.824,1.32287,1.32392,1.60,1.60
2009.01.01 19:58:48.920,1.32293,1.32398,1.60,3.20
2009.01.01 19:58:50.729,1.32291,1.32411,3.20,1.60
2009.01.01 19:58:50.849,1.32298,1.32428,3.20,3.20
2009.01.01 19:58:50.909,1.32301,1.32461,1.60,4.40
2009.01.01 19:58:51.259,1.32341,1.32447,4.80,1.60
2009.01.01 19:59:01.030,1.3235,1.32466,1.60,3.20
2009.01.01 19:59:01.210,1.32356,1.32456,1.60,1.60
2009.01.01 19:59:01.380,1.32359,1.32453,1.60,4.40
2009.01.01 19:59:01.850,1.32368,1.32453,9.20,1.60
2009.01.01 19:59:03.899,1.32374,1.32454,1.60,3.20
2009.01.01 19:59:04.559,1.32374,1.32454,1.60,10.40
2009.01.01 19:59:13.657,1.32375,1.3245,3.20,2.80
2009.01.01 19:59:19.935,1.32368,1.32453,1.60,1.60
2009.01.01 19:59:20.055,1.3237,1.3245,1.00,1.60
