2017.06.20 09:00:00.115,1.41628,1.41637,1.00,1.00
2017.06.20 09:00:00.632,1.41626,1.41638,1.37,1.00
2017.06.20 09:00:00.947,1.41626,1.4164,1.87,1.00
2017.06.20 09:00:01.000,1.4163,1.41645,1.00,2.70
2017.06.20 09:00:01.308,1.41628,1.41642,1.00,1.37
2017.06.20 09:00:03.153,1.41626,1.4164,1.37,1.12
2017.06.20 09:00:03.829,1.41626,1.41639,1.37,1.00
2017.06.20 09:00:04.457,1.41626,1.41638,1.37,1.00
2017.06.20 09:00:05.016,1.41626,1.41637,1.37,1.00
2017.06.20 09:00:07.847,1.41625,1.41636,1.00,1.00
2017.06.20 09:00:12.416,1.41625,1.41636,1.07,1.00
2017.06.20 09:00:12.739,1.41625,1.41638,1.07,1.00
2017.06.20 09:00:14.122,1.41625,1.41638,1.00,1.00
2017.06.20 09:00:14.414,1.41623,1.41634,3.00,1.00
2017.06.20 09:00:14.568,1.41623,1.41633,1.00,1.12
2017.06.20 09:00:14.671,1.41623,1.41636,1.12,1.37
2017.06.20 09:00:14.976,1.41626,1.41638,1.00,1.37
2017.06.20 09:00:15.674,1.41626,1.41639,1.00,1.69
2017.06.20 09:00:16.262,1.41627,1.4164,1.00,2.44
2017.06.20 09:00:16.536,1.41627,1.41641,1.00,5.06
2017.06.20 09:00:16.808,1.41626,1.4164,1.00,3.19
2017.06.20 09:00:17.317,1.41625,1.4164,1.00,2.06
2017.06.20 09:00:17.999,1.41624,1.41636,1.00,1.00
2017.06.20 09:00:18.306,1.41624,1.4164,1.50,2.02
2017.06.20 09:00:18.613,1.41626,1.41639,1.00,1.69
2017.06.20 09:00:18.886,1.41624,1.4164,1.00,2.06
2017.06.20 09:00:18.937,1.41624,1.41638,1.50,1.37
2017.06.20 09:00:19.439,1.41625,1.41639,1.00,2.44
2017.06.20 09:00:20.011,1.41625,1.41639,1.00,1.69
2017.06.20 09:00:20.216,1.41626,1.41639,1.00,1.12
2017.06.20 09:00:20.627,1.41628,1.41641,1.00,1.50
2017.06.20 09:00:21.165,1.41629,1.41644,1.12,1.87
2017.06.20 09:00:21.844,1.41629,1.41644,1.12,1.12
2017.06.20 09:00:22.366,1.41629,1.41643,1.20,1.00
2017.06.20 09:00:22.554,1.41627,1.4164,1.57,1.00
2017.06.20 09:00:22.658,1.41626,1.41642,1.20,1.37
2017.06.20 09:00:23.566,1.41627,1.4164,1.00,1.00
2017.06.20 09:00:23.617,1.41624,1.4164,2.32,1.12
2017.06.20 09:00:23.720,1.41625,1.41638,1.12,1.12
2017.06.20 09:00:24.275,1.41624,1.41638,1.50,1.12
2017.06.20 09:00:24.783,1.41624,1.41638,1.50,1.37
2017.06.20 09:00:25.090,1.41626,1.4164,1.12,1.37
2017.06.20 09:00:26.940,1.41624,1.4164,1.95,1.50
2017.06.20 09:00:27.252,1.41625,1.4164,1.20,1.12
2017.06.20 09:00:30.638,1.41627,1.4164,1.00,1.12
2017.06.20 09:00:31.460,1.41625,1.41638,1.00,1.00
2017.06.20 09:00:31.767,1.4163,1.4164,1.00,1.12
2017.06.20 09:00:32.073,1.41632,1.41641,1.00,1.50
2017.06.20 09:00:32.699,1.41632,1.41642,1.00,1.50
2017.06.20 09:00:33.017,1.4163,1.41642,1.00,2.25
2017.06.20 09:00:33.068,1.41623,1.4164,1.95,1.37
2017.06.20 09:00:33.642,1.41624,1.4164,1.10,1.37
2017.06.20 09:00:34.162,1.41625,1.41639,1.00,1.37
2017.06.20 09:00:36.298,1.41621,1.41633,1.87,1.00
2017.06.20 09:00:36.402,1.41618,1.41634,2.70,1.50
2017.06.20 09:00:36.454,1.41623,1.41634,1.07,1.12
2017.06.20 09:00:36.609,1.41625,1.4164,1.45,1.50
2017.06.20 09:00:36.821,1.41623,1.41638,2.70,1.00
2017.06.20 09:00:36.975,1.41626,1.4164,1.47,1.50
2017.06.20 09:00:37.027,1.41624,1.41636,1.37,1.00
2017.06.20 09:00:37.079,1.41625,1.41639,1.10,1.37
2017.06.20 09:00:37.234,1.41623,1.41639,1.57,1.00
2017.06.20 09:00:37.336,1.41622,1.41637,1.57,3.00
2017.06.20 09:00:37.784,1.41619,1.41632,1.00,1.12
2017.06.20 09:00:38.494,1.41617,1.41632,1.12,1.00
2017.06.20 09:00:39.937,1.41617,1.41632,1.00,1.37
2017.06.20 09:00:41.303,1.41618,1.41631,1.00,1.50
2017.06.20 09:00:41.355,1.41616,1.41631,1.12,1.84
2017.06.20 09:00:41.457,1.41614,1.41628,1.00,1.37
2017.06.20 09:00:41.511,1.41612,1.41627,1.00,1.12
2017.06.20 09:00:41.768,1.41612,1.41625,1.10,1.00
2017.06.20 09:00:42.439,1.41611,1.41625,1.00,2.25
2017.06.20 09:00:42.872,1.41609,1.41624,1.20,1.12
2017.06.20 09:00:43.076,1.41607,1.41621,1.95,1.00
2017.06.20 09:00:43.397,1.41611,1.41622,1.10,1.00
2017.06.20 09:00:43.604,1.41613,1.41627,1.10,2.25
2017.06.20 09:00:44.141,1.41614,1.41627,1.00,1.87
2017.06.20 09:00:44.688,1.41612,1.41627,1.57,1.00
2017.06.20 09:00:45.197,1.41612,1.41628,1.57,1.12
2017.06.20 09:00:45.707,1.41612,1.41628,1.20,1.87
2017.06.20 09:00:46.265,1.41611,1.41625,1.57,1.00
2017.06.20 09:00:47.005,1.41612,1.41625,1.07,1.00
2017.06.20 09:00:47.506,1.41612,1.41625,1.07,1.00
2017.06.20 09:00:48.024,1.41612,1.41626,1.45,1.00
2017.06.20 09:00:48.443,1.41622,1.41631,1.19,2.62
2017.06.20 09:00:48.599,1.41623,1.41634,1.26,1.12
2017.06.20 09:00:48.650,1.41623,1.41636,1.01,1.75
2017.06.20 09:00:48.702,1.41623,1.41638,1.76,1.50
2017.06.20 09:00:48.754,1.41625,1.41636,1.07,1.00
2017.06.20 09:00:49.258,1.41623,1.41635,1.01,1.00
2017.06.20 09:00:49.528,1.41612,1.41625,1.95,1.00
2017.06.20 09:00:49.786,1.4161,1.4162,2.32,1.00
2017.06.20 09:00:49.991,1.41609,1.4162,1.20,1.00
2017.06.20 09:00:50.094,1.41608,1.4162,1.20,1.00
2017.06.20 09:00:50.540,1.41606,1.41617,2.32,1.00
2017.06.20 09:00:50.592,1.41604,1.41617,1.20,1.00
2017.06.20 09:00:50.643,1.41608,1.4162,1.01,1.12
2017.06.20 09:00:50.746,1.41614,1.41625,1.76,2.62
2017.06.20 09:00:51.004,1.41618,1.41625,1.07,1.00
2017.06.20 09:00:51.106,1.41612,1.41624,2.70,1.00
2017.06.20 09:00:51.622,1.41612,1.41625,3.45,1.00
2017.06.20 09:00:52.635,1.41612,1.41625,2.70,1.00
2017.06.20 09:00:53.152,1.41612,1.41625,1.95,1.00
2017.06.20 09:00:53.803,1.41612,1.41625,2.32,1.00
2017.06.20 09:00:53.906,1.4161,1.41626,2.70,1.12
2017.06.20 09:00:53.959,1.4161,1.41624,2.70,1.00
2017.06.20 09:00:54.266,1.41611,1.41621,1.07,1.75
2017.06.20 09:00:54.369,1.41609,1.41619,1.07,1.12
2017.06.20 09:00:54.473,1.41606,1.41619,1.20,1.00
2017.06.20 09:00:54.663,1.41606,1.4162,1.82,1.50
2017.06.20 09:00:55.281,1.41606,1.41617,1.57,1.00
2017.06.20 09:00:55.384,1.41606,1.41616,1.07,1.00
2017.06.20 09:00:55.691,1.41605,1.41615,1.45,1.00
2017.06.20 09:00:56.165,1.41605,1.41617,1.45,1.50
2017.06.20 09:00:56.526,1.41605,1.41617,1.45,1.50
2017.06.20 09:00:57.026,1.41605,1.41617,1.45,1.50
2017.06.20 09:00:57.332,1.41603,1.41616,1.50,1.12
2017.06.20 09:00:57.384,1.41603,1.41616,1.00,1.84
2017.06.20 09:00:57.630,1.41599,1.41612,1.57,1.00
2017.06.20 09:00:57.940,1.41595,1.41608,1.57,1.50
2017.06.20 09:00:58.145,1.41595,1.41608,1.07,1.50
2017.06.20 09:00:58.545,1.41596,1.41611,1.86,1.75
2017.06.20 09:00:58.701,1.41597,1.4161,1.05,1.00
2017.06.20 09:00:59.636,1.41597,1.4161,1.05,1.00
2017.06.20 09:00:59.855,1.41599,1.41612,1.45,1.50
2017.06.20 09:01:00.114,1.41601,1.41614,1.07,1.00
2017.06.20 09:01:00.501,1.41601,1.41616,1.07,1.87
2017.06.20 09:01:00.764,1.41605,1.41617,1.00,1.37
2017.06.20 09:01:00.918,1.4161,1.41624,1.00,1.50
2017.06.20 09:01:01.429,1.41608,1.41623,1.45,1.12
2017.06.20 09:01:01.741,1.41608,1.41621,1.00,1.50
2017.06.20 09:01:02.084,1.41604,1.41617,1.45,1.37
2017.06.20 09:01:02.239,1.41603,1.41617,1.07,1.50
2017.06.20 09:01:02.852,1.41603,1.41616,1.10,1.12
2017.06.20 09:01:04.418,1.41608,1.41618,1.00,1.50
2017.06.20 09:01:04.908,1.41611,1.41618,1.00,1.37
2017.06.20 09:01:05.011,1.4161,1.41618,1.47,1.00
2017.06.20 09:01:05.114,1.41612,1.41626,1.12,1.50
2017.06.20 09:01:05.665,1.41612,1.41626,1.50,1.50
2017.06.20 09:01:06.183,1.41612,1.41626,1.00,1.37
2017.06.20 09:01:06.716,1.41612,1.41626,1.00,1.12
2017.06.20 09:01:07.954,1.41611,1.41624,1.00,1.00
2017.06.20 09:01:08.261,1.41606,1.41621,1.05,5.25
2017.06.20 09:01:08.773,1.41607,1.41617,1.00,1.37
2017.06.20 09:01:10.557,1.41607,1.41619,1.00,1.37
2017.06.20 09:01:12.672,1.41605,1.41618,1.10,1.12
2017.06.20 09:01:12.724,1.41605,1.41618,1.10,1.37
2017.06.20 09:01:13.256,1.41604,1.41617,1.00,1.50
2017.06.20 09:01:14.037,1.41599,1.41615,1.95,1.00
2017.06.20 09:01:15.142,1.41599,1.41615,1.95,1.00
2017.06.20 09:01:17.415,1.416,1.41615,1.07,1.12
2017.06.20 09:01:18.066,1.41601,1.41615,1.57,1.00
2017.06.20 09:01:18.591,1.41601,1.41615,1.95,1.00
2017.06.20 09:01:19.123,1.41601,1.41614,1.45,1.00
2017.06.20 09:01:19.787,1.41601,1.41614,1.57,1.00
2017.06.20 09:01:20.314,1.41602,1.41614,1.07,1.00
2017.06.20 09:01:20.621,1.41599,1.41611,2.32,1.00
2017.06.20 09:01:21.136,1.416,1.41611,1.20,1.00
2017.06.20 09:01:21.444,1.41598,1.41608,1.82,1.00
2017.06.20 09:01:22.362,1.41598,1.41606,1.07,1.00
2017.06.20 09:01:22.466,1.41595,1.41605,1.82,1.00
2017.06.20 09:01:23.245,1.41594,1.41605,1.45,1.00
2017.06.20 09:01:24.431,1.41595,1.41605,1.37,1.00
2017.06.20 09:01:24.686,1.41595,1.41607,1.24,1.00
2017.06.20 09:01:24.841,1.41596,1.41606,1.24,1.00
2017.06.20 09:01:24.944,1.41596,1.41608,1.45,1.00
2017.06.20 09:01:25.495,1.41597,1.41608,1.20,1.00
2017.06.20 09:01:26.035,1.41597,1.41608,1.57,1.00
2017.06.20 09:01:26.416,1.41603,1.41616,1.20,1.75
2017.06.20 09:01:26.468,1.41603,1.41616,2.32,1.00
2017.06.20 09:01:26.614,1.41604,1.41615,1.07,1.00
2017.06.20 09:01:27.118,1.41604,1.41614,1.07,1.00
2017.06.20 09:01:27.664,1.41602,1.41609,1.45,1.00
2017.06.20 09:01:27.767,1.41598,1.41606,2.32,1.00
2017.06.20 09:01:28.292,1.41597,1.41605,1.45,1.00
2017.06.20 09:01:28.848,1.41597,1.41604,1.07,1.00
2017.06.20 09:01:29.359,1.41596,1.41604,1.07,1.00
2017.06.20 09:01:29.462,1.41596,1.41606,1.07,1.00
2017.06.20 09:01:30.055,1.41594,1.41606,1.82,1.00
2017.06.20 09:01:30.472,1.41596,1.41608,1.24,1.00
2017.06.20 09:01:30.779,1.41597,1.4161,1.45,1.00
2017.06.20 09:01:30.832,1.416,1.41614,1.10,1.12
2017.06.20 09:01:31.012,1.41609,1.41618,1.00,1.37
2017.06.20 09:01:31.063,1.41609,1.41623,1.00,1.50
2017.06.20 09:01:32.147,1.41611,1.41624,1.00,1.37
2017.06.20 09:01:33.520,1.41609,1.41622,1.00,1.00
2017.06.20 09:01:34.071,1.41609,1.41623,1.50,1.00
2017.06.20 09:01:37.216,1.4161,1.41623,1.00,1.12
2017.06.20 09:01:38.163,1.41617,1.41627,1.00,2.25
2017.06.20 09:01:38.215,1.41614,1.41627,1.07,1.12
2017.06.20 09:01:38.266,1.41619,1.41631,1.00,1.00
2017.06.20 09:01:38.369,1.41619,1.41635,1.25,1.50
2017.06.20 09:01:38.872,1.41619,1.41633,1.00,1.00
2017.06.20 09:01:38.987,1.41617,1.41631,1.37,1.12
2017.06.20 09:01:39.397,1.41616,1.4163,2.70,1.50
2017.06.20 09:01:39.930,1.41616,1.4163,1.20,1.50
2017.06.20 09:01:40.550,1.41615,1.41629,3.07,1.12
2017.06.20 09:01:41.148,1.41616,1.41629,1.50,1.50
2017.06.20 09:01:41.302,1.41616,1.4163,2.25,1.12
2017.06.20 09:01:45.013,1.41614,1.41629,1.10,1.37
2017.06.20 09:01:45.585,1.41613,1.41629,1.20,1.87
2017.06.20 09:01:45.688,1.41613,1.41629,1.20,1.87
2017.06.20 09:01:46.211,1.41612,1.41626,1.10,1.50
2017.06.20 09:01:46.366,1.41612,1.41626,1.07,1.50
2017.06.20 09:01:46.904,1.41612,1.41626,1.45,1.00
2017.06.20 09:01:48.101,1.41612,1.41628,1.57,1.50
2017.06.20 09:01:48.204,1.41612,1.41628,1.00,3.19
2017.06.20 09:01:48.402,1.41609,1.41623,1.37,1.50
2017.06.20 09:01:48.505,1.41608,1.41622,1.00,1.50
2017.06.20 09:01:49.522,1.41607,1.41621,1.12,1.00
2017.06.20 09:01:50.459,1.41608,1.41622,1.00,2.62
2017.06.20 09:01:52.416,1.41609,1.41622,1.00,1.12
2017.06.20 09:01:57.729,1.41614,1.41624,1.00,1.95
2017.06.20 09:01:58.724,1.41613,1.41623,1.00,1.47
2017.06.20 09:01:59.603,1.41613,1.41623,1.00,1.12
2017.06.20 09:02:00.303,1.41613,1.41624,1.00,1.37
2017.06.20 09:02:00.876,1.41613,1.41624,1.00,1.37
2017.06.20 09:02:01.728,1.41612,1.41624,1.00,2.62
2017.06.20 09:02:02.066,1.41611,1.4162,1.00,1.00
2017.06.20 09:02:02.930,1.41611,1.4162,1.00,1.37
2017.06.20 09:02:03.447,1.41612,1.4162,1.00,1.00
2017.06.20 09:02:03.499,1.4161,1.4162,1.00,1.00
2017.06.20 09:02:03.653,1.4161,1.4162,1.00,1.12
2017.06.20 09:02:04.607,1.41609,1.41619,1.00,1.37
2017.06.20 09:02:05.213,1.41607,1.41618,1.00,1.00
2017.06.20 09:02:05.741,1.41607,1.41618,1.00,1.37
2017.06.20 09:02:06.244,1.41606,1.41617,1.00,1.00
2017.06.20 09:02:06.922,1.41606,1.41616,1.00,1.50
2017.06.20 09:02:08.015,1.41606,1.41618,1.00,1.50
2017.06.20 09:02:08.372,1.4161,1.4162,1.00,1.87
2017.06.20 09:02:08.424,1.41611,1.4162,1.00,1.12
2017.06.20 09:02:08.527,1.41612,1.41624,1.00,1.12
2017.06.20 09:02:08.681,1.41614,1.41626,1.00,3.00
2017.06.20 09:02:09.055,1.41614,1.41626,1.00,2.44
2017.06.20 09:02:10.120,1.41612,1.41625,1.00,1.37
2017.06.20 09:02:10.171,1.41612,1.41625,1.00,1.31
2017.06.20 09:02:12.588,1.41605,1.41617,1.87,1.00
2017.06.20 09:02:13.449,1.41605,1.41617,1.50,1.00
2017.06.20 09:02:14.123,1.41605,1.41617,1.95,1.00
2017.06.20 09:02:15.867,1.41605,1.41615,1.20,1.00
2017.06.20 09:02:16.410,1.41604,1.41615,1.20,1.00
2017.06.20 09:02:18.690,1.41604,1.41615,1.20,1.00
2017.06.20 09:02:19.239,1.41604,1.41616,1.12,1.00
2017.06.20 09:02:21.241,1.41604,1.41614,1.12,1.00
2017.06.20 09:02:25.606,1.41602,1.41613,3.26,1.00
2017.06.20 09:02:26.117,1.41601,1.41613,3.26,1.00
2017.06.20 09:02:29.098,1.41602,1.41615,1.01,1.00
2017.06.20 09:02:32.203,1.41602,1.41615,2.51,1.00
2017.06.20 09:02:32.912,1.41601,1.41606,1.00,2.62
2017.06.20 09:02:33.065,1.41598,1.41605,1.00,1.37
2017.06.20 09:02:33.117,1.41594,1.41605,1.00,1.12
2017.06.20 09:02:34.008,1.41594,1.41606,1.00,1.00
2017.06.20 09:02:34.061,1.41594,1.41608,1.37,1.00
2017.06.20 09:02:34.569,1.41594,1.41607,1.12,1.00
2017.06.20 09:02:35.518,1.41595,1.41609,1.87,1.00
2017.06.20 09:02:35.620,1.41598,1.41611,1.37,1.00
2017.06.20 09:02:35.929,1.41602,1.41617,1.00,4.01
2017.06.20 09:02:36.431,1.41601,1.41616,1.00,3.45
2017.06.20 09:02:36.983,1.416,1.41615,1.12,1.45
2017.06.20 09:02:40.614,1.41599,1.41613,1.12,1.00
2017.06.20 09:02:41.451,1.41599,1.41612,1.00,1.00
2017.06.20 09:02:41.502,1.41599,1.41614,1.00,1.50
2017.06.20 09:02:42.159,1.41599,1.41613,1.00,1.00
2017.06.20 09:02:42.872,1.41598,1.41613,3.75,1.00
2017.06.20 09:02:44.114,1.41599,1.41614,2.25,1.00
2017.06.20 09:02:44.625,1.41599,1.41615,2.25,1.50
2017.06.20 09:02:45.357,1.41599,1.41611,2.25,1.00
2017.06.20 09:02:46.185,1.41599,1.41612,2.25,1.00
2017.06.20 09:02:47.074,1.41599,1.41612,2.62,1.00
2017.06.20 09:02:47.612,1.41599,1.41612,2.32,1.00
2017.06.20 09:02:48.025,1.416,1.41614,1.87,1.50
2017.06.20 09:02:49.511,1.416,1.41613,1.87,1.00
2017.06.20 09:02:50.128,1.416,1.41613,2.62,1.00
2017.06.20 09:02:51.093,1.416,1.41614,2.62,1.50
2017.06.20 09:02:51.994,1.41601,1.41612,1.12,1.00
2017.06.20 09:02:52.384,1.41608,1.41615,2.92,1.00
2017.06.20 09:02:52.436,1.41608,1.41618,1.47,1.00
2017.06.20 09:02:52.539,1.41607,1.41619,1.50,1.00
2017.06.20 09:02:52.692,1.41605,1.41619,1.01,1.00
2017.06.20 09:02:52.795,1.41605,1.41617,1.01,1.00
2017.06.20 09:02:53.486,1.41605,1.41617,1.00,1.00
2017.06.20 09:02:54.611,1.41604,1.41616,1.37,1.00
2017.06.20 09:02:54.816,1.41605,1.41618,1.10,1.00
2017.06.20 09:02:55.750,1.41605,1.41618,1.47,1.00
2017.06.20 09:02:56.288,1.41605,1.41618,1.57,1.00
2017.06.20 09:02:56.803,1.41604,1.41619,2.32,1.00
2017.06.20 09:02:58.203,1.41604,1.4162,2.32,1.50
2017.06.20 09:02:58.737,1.41604,1.41619,2.32,1.00
2017.06.20 09:02:59.273,1.41604,1.41619,1.57,1.00
2017.06.20 09:03:00.735,1.41608,1.4162,1.25,1.50
2017.06.20 09:03:01.041,1.41605,1.41619,1.25,1.00
2017.06.20 09:03:02.566,1.41608,1.41621,1.00,1.37
2017.06.20 09:03:04.448,1.41609,1.41621,1.00,1.00
2017.06.20 09:03:04.991,1.41608,1.41621,1.00,1.00
2017.06.20 09:03:05.336,1.41608,1.41617,1.00,1.00
2017.06.20 09:03:05.704,1.41606,1.41617,1.00,1.00
2017.06.20 09:03:09.499,1.41608,1.41617,1.00,1.00
2017.06.20 09:03:10.009,1.41607,1.41617,1.10,1.00
2017.06.20 09:03:10.973,1.41605,1.41617,1.20,1.00
2017.06.20 09:03:11.359,1.41603,1.41615,1.12,1.00
2017.06.20 09:03:11.666,1.41599,1.41613,2.81,1.00
2017.06.20 09:03:12.272,1.416,1.41614,1.57,1.00
2017.06.20 09:03:13.264,1.41601,1.41614,1.20,1.00
2017.06.20 09:03:13.583,1.41603,1.41615,2.70,1.50
2017.06.20 09:03:15.416,1.41606,1.41615,1.00,1.00
2017.06.20 09:03:15.942,1.41603,1.41615,1.76,1.00
2017.06.20 09:03:16.506,1.41603,1.41615,1.45,1.00
2017.06.20 09:03:18.142,1.41603,1.41615,1.12,1.00
2017.06.20 09:03:18.933,1.41605,1.41615,1.00,1.00
2017.06.20 09:03:20.111,1.41603,1.41615,1.00,1.00
2017.06.20 09:03:21.015,1.41605,1.41615,1.00,1.00
2017.06.20 09:03:21.067,1.41603,1.41615,1.10,1.00
2017.06.20 09:03:22.147,1.41601,1.41613,1.57,1.00
2017.06.20 09:03:22.250,1.41601,1.41613,1.00,1.12
2017.06.20 09:03:22.404,1.41603,1.41613,1.00,1.12
2017.06.20 09:03:23.346,1.41603,1.41613,1.37,1.00
2017.06.20 09:03:24.644,1.41604,1.41613,1.57,1.00
2017.06.20 09:03:24.747,1.41608,1.41616,1.10,1.00
2017.06.20 09:03:24.882,1.41611,1.41618,1.00,1.00
2017.06.20 09:03:25.139,1.41612,1.41623,1.12,1.00
2017.06.20 09:03:25.243,1.41615,1.41623,1.00,1.00
2017.06.20 09:03:25.805,1.41614,1.41623,1.20,1.00
2017.06.20 09:03:27.391,1.41614,1.41623,1.57,1.00
2017.06.20 09:03:27.444,1.41618,1.41627,1.00,1.00
2017.06.20 09:03:27.495,1.41617,1.41629,1.37,1.12
2017.06.20 09:03:28.008,1.41617,1.4163,2.32,1.50
2017.06.20 09:03:28.060,1.41617,1.4163,1.47,1.50
2017.06.20 09:03:28.164,1.41615,1.41628,4.01,1.00
2017.06.20 09:03:28.343,1.41615,1.41628,1.25,1.00
2017.06.20 09:03:29.375,1.41615,1.41627,1.25,1.00
2017.06.20 09:03:29.427,1.41614,1.41628,1.57,1.00
2017.06.20 09:03:29.674,1.41618,1.4163,1.01,1.00
2017.06.20 09:03:29.990,1.41618,1.4163,1.01,1.00
2017.06.20 09:03:30.453,1.41619,1.4163,1.00,1.50
2017.06.20 09:03:30.997,1.41617,1.41629,1.94,1.00
2017.06.20 09:03:31.572,1.41617,1.41629,1.69,1.00
2017.06.20 09:03:31.726,1.4162,1.41629,1.00,1.00
2017.06.20 09:03:31.982,1.41622,1.41632,1.00,1.00
2017.06.20 09:03:32.033,1.41619,1.41632,2.44,1.50
2017.06.20 09:03:32.513,1.41617,1.41631,1.81,1.00
2017.06.20 09:03:32.564,1.41617,1.41629,1.94,1.00
2017.06.20 09:03:33.014,1.41618,1.41632,1.00,1.50
2017.06.20 09:03:33.119,1.41619,1.41632,1.57,1.00
2017.06.20 09:03:33.274,1.41619,1.41632,1.95,1.00
2017.06.20 09:03:33.377,1.41619,1.41632,1.57,1.00
2017.06.20 09:03:33.687,1.41619,1.41632,2.06,1.00
2017.06.20 09:03:34.020,1.41621,1.41628,1.00,1.00
2017.06.20 09:03:34.124,1.41615,1.41625,1.37,1.00
2017.06.20 09:03:34.177,1.41612,1.41625,1.87,1.00
2017.06.20 09:03:35.200,1.41612,1.41625,2.81,1.00
2017.06.20 09:03:35.793,1.41612,1.41627,3.75,1.00
2017.06.20 09:03:36.845,1.41613,1.41627,1.19,1.00
2017.06.20 09:03:37.135,1.41611,1.41624,2.06,1.00
2017.06.20 09:03:38.760,1.41615,1.41621,1.00,1.00
2017.06.20 09:03:38.863,1.41615,1.41624,1.31,1.00
2017.06.20 09:03:38.966,1.41616,1.41627,1.87,1.00
2017.06.20 09:03:39.121,1.41617,1.41629,2.44,1.00
2017.06.20 09:03:39.223,1.41617,1.41629,3.07,1.00
2017.06.20 09:03:39.773,1.41619,1.41629,1.95,1.00
2017.06.20 09:03:41.355,1.41619,1.41629,1.37,1.00
2017.06.20 09:03:42.180,1.41618,1.41629,1.95,1.00
2017.06.20 09:03:44.295,1.41617,1.41629,1.76,1.50
2017.06.20 09:03:49.920,1.41617,1.41629,1.39,1.00
2017.06.20 09:03:50.850,1.41619,1.41632,2.14,1.00
2017.06.20 09:03:50.901,1.41619,1.41632,3.07,1.00
2017.06.20 09:03:51.453,1.41621,1.41633,1.95,1.00
2017.06.20 09:03:52.114,1.41621,1.41633,2.70,1.00
2017.06.20 09:03:53.573,1.41626,1.41637,1.25,1.50
2017.06.20 09:03:53.625,1.41626,1.41637,2.25,1.00
2017.06.20 09:03:53.996,1.41625,1.41637,1.37,1.50
2017.06.20 09:03:54.558,1.41628,1.41639,1.01,1.00
2017.06.20 09:03:54.813,1.41636,1.41649,1.37,1.50
2017.06.20 09:03:55.571,1.41636,1.41649,2.70,1.00
2017.06.20 09:03:55.878,1.41646,1.41652,1.00,1.00
2017.06.20 09:03:56.424,1.41645,1.41652,1.00,1.00
2017.06.20 09:03:56.983,1.41644,1.41652,1.31,1.00
2017.06.20 09:03:57.383,1.41642,1.41652,1.76,1.00
2017.06.20 09:03:57.485,1.41639,1.41651,2.06,1.00
2017.06.20 09:03:57.537,1.41638,1.41648,2.62,1.00
2017.06.20 09:03:58.061,1.41637,1.41648,1.12,1.00
2017.06.20 09:03:58.346,1.41638,1.4165,1.20,1.00
2017.06.20 09:03:58.398,1.4164,1.41654,2.32,1.00
2017.06.20 09:03:59.019,1.41643,1.41654,2.06,1.00
2017.06.20 09:04:00.332,1.41646,1.41658,1.87,1.00
2017.06.20 09:04:00.383,1.41647,1.41661,1.12,1.50
2017.06.20 09:04:00.591,1.41648,1.41659,1.37,1.00
2017.06.20 09:04:01.106,1.41645,1.41658,2.81,1.00
2017.06.20 09:04:01.458,1.41647,1.41655,1.00,1.00
2017.06.20 09:04:01.560,1.41643,1.41652,1.12,1.00
2017.06.20 09:04:01.612,1.41643,1.4165,1.00,1.00
2017.06.20 09:04:01.714,1.41639,1.4165,1.75,1.00
2017.06.20 09:04:02.235,1.41639,1.41651,1.47,1.00
2017.06.20 09:04:02.762,1.41639,1.4165,1.47,1.00
2017.06.20 09:04:03.127,1.4164,1.41651,1.47,1.00
2017.06.20 09:04:04.815,1.4164,1.41653,1.76,1.00
2017.06.20 09:04:05.374,1.4164,1.41653,2.00,1.00
2017.06.20 09:04:06.133,1.4164,1.41651,1.31,1.00
2017.06.20 09:04:06.440,1.4164,1.41649,1.31,1.00
2017.06.20 09:04:07.221,1.4164,1.4165,1.12,1.00
2017.06.20 09:04:08.105,1.4164,1.41648,1.00,1.00
2017.06.20 09:04:08.543,1.4164,1.4165,1.00,1.00
2017.06.20 09:04:11.623,1.4164,1.4165,1.37,1.00
2017.06.20 09:04:13.947,1.4164,1.41652,1.37,1.00
2017.06.20 09:04:13.998,1.4164,1.41654,1.62,1.50
2017.06.20 09:04:14.101,1.41641,1.41654,1.12,1.00
2017.06.20 09:04:14.647,1.41643,1.41653,1.00,1.00
2017.06.20 09:04:15.157,1.41642,1.41653,1.37,1.00
2017.06.20 09:04:15.332,1.41642,1.41653,1.12,1.00
2017.06.20 09:04:17.272,1.41647,1.41659,2.44,1.87
2017.06.20 09:04:17.324,1.41649,1.41661,1.87,1.00
2017.06.20 09:04:17.376,1.41649,1.41663,4.12,1.50
2017.06.20 09:04:17.709,1.41648,1.41658,1.69,1.00
2017.06.20 09:04:17.811,1.41646,1.41657,1.37,1.00
2017.06.20 09:04:19.599,1.41646,1.41657,1.12,1.00
2017.06.20 09:04:19.736,1.41646,1.41655,1.12,1.00
2017.06.20 09:04:23.647,1.41646,1.41655,2.25,1.00
2017.06.20 09:04:24.004,1.41649,1.41657,1.00,1.00
2017.06.20 09:04:24.709,1.41647,1.41656,1.12,1.00
2017.06.20 09:04:24.761,1.41646,1.41656,1.87,1.00
2017.06.20 09:04:25.422,1.41645,1.41656,1.87,1.00
2017.06.20 09:04:26.177,1.41645,1.41657,2.06,1.00
2017.06.20 09:04:26.714,1.41645,1.41657,1.56,1.00
2017.06.20 09:04:27.959,1.41645,1.41657,1.81,1.00
2017.06.20 09:04:28.612,1.41646,1.41658,1.31,1.50
2017.06.20 09:04:32.350,1.41647,1.41658,1.31,1.50
2017.06.20 09:04:35.036,1.41647,1.41657,1.12,1.00
2017.06.20 09:04:35.139,1.41645,1.41655,1.12,1.00
2017.06.20 09:04:35.449,1.4164,1.4165,1.37,1.00
2017.06.20 09:04:35.645,1.41639,1.4165,1.00,1.00
2017.06.20 09:04:36.163,1.41637,1.41649,1.75,1.00
2017.06.20 09:04:36.266,1.41636,1.41647,1.50,1.00
2017.06.20 09:04:37.217,1.41636,1.41646,1.37,1.00
2017.06.20 09:04:37.615,1.41633,1.41643,1.37,1.00
2017.06.20 09:04:37.771,1.41631,1.41643,1.87,1.00
2017.06.20 09:04:38.792,1.41631,1.41643,1.50,1.00
2017.06.20 09:04:42.710,1.41632,1.41643,1.00,1.00
2017.06.20 09:04:42.762,1.41632,1.41645,2.44,1.50
2017.06.20 09:04:43.174,1.41634,1.41645,1.75,1.50
2017.06.20 09:04:46.316,1.41637,1.41644,1.00,1.00
2017.06.20 09:04:46.673,1.41637,1.41646,1.00,1.00
2017.06.20 09:04:47.265,1.41635,1.41645,3.37,1.00
2017.06.20 09:04:53.726,1.41637,1.41647,1.00,1.50
2017.06.20 09:04:54.859,1.41636,1.41646,1.12,1.00
2017.06.20 09:04:55.589,1.41636,1.41644,1.37,1.00
2017.06.20 09:04:56.146,1.41636,1.41644,1.00,1.00
2017.06.20 09:04:56.693,1.41636,1.41645,1.00,1.00
2017.06.20 09:04:57.519,1.41641,1.41649,1.50,1.00
2017.06.20 09:04:57.930,1.4164,1.41651,1.31,1.00
2017.06.20 09:04:58.198,1.4164,1.41648,1.00,1.00
2017.06.20 09:04:58.959,1.41638,1.41647,2.00,1.00
2017.06.20 09:04:59.010,1.41638,1.41647,1.31,1.00
2017.06.20 09:05:00.067,1.41638,1.41648,1.12,1.00
2017.06.20 09:05:00.170,1.41635,1.41645,1.87,1.00
2017.06.20 09:05:00.482,1.41633,1.41641,1.37,1.00
2017.06.20 09:05:01.799,1.41632,1.41642,2.06,1.00
2017.06.20 09:05:02.450,1.41635,1.41642,1.50,1.00
2017.06.20 09:05:02.606,1.41635,1.41647,1.50,1.00
2017.06.20 09:05:03.529,1.41635,1.41644,1.50,1.00
2017.06.20 09:05:04.079,1.41635,1.41645,1.50,1.00
2017.06.20 09:05:05.763,1.41634,1.41644,1.00,1.00
2017.06.20 09:05:06.277,1.41632,1.41643,1.87,1.00
2017.06.20 09:05:07.100,1.41632,1.41643,1.25,1.00
2017.06.20 09:05:08.466,1.41631,1.41644,3.00,1.00
2017.06.20 09:05:08.773,1.41635,1.41647,2.14,1.50
2017.06.20 09:05:09.138,1.41639,1.41647,1.10,1.00
2017.06.20 09:05:09.651,1.41639,1.41647,2.14,1.00
2017.06.20 09:05:11.000,1.41639,1.41647,2.70,1.00
2017.06.20 09:05:11.052,1.41641,1.41651,1.01,1.00
2017.06.20 09:05:11.103,1.41643,1.41653,1.31,1.50
2017.06.20 09:05:14.671,1.41644,1.41653,1.87,1.00
2017.06.20 09:05:15.862,1.41644,1.41653,1.94,1.00
2017.06.20 09:05:16.812,1.41644,1.41653,1.94,1.00
2017.06.20 09:05:17.226,1.41646,1.41657,1.76,1.50
2017.06.20 09:05:17.277,1.41646,1.41657,2.51,1.50
2017.06.20 09:05:17.503,1.41651,1.41662,1.12,1.00
2017.06.20 09:05:18.064,1.41651,1.41661,1.12,1.00
2017.06.20 09:05:18.331,1.41649,1.41659,1.87,1.00
2017.06.20 09:05:18.434,1.41649,1.41659,1.87,1.00
2017.06.20 09:05:21.543,1.41649,1.41659,1.50,1.00
2017.06.20 09:05:22.737,1.41649,1.41659,1.57,1.00
2017.06.20 09:05:23.104,1.41649,1.41661,1.12,1.00
2017.06.20 09:05:23.881,1.41649,1.41661,1.37,1.00
2017.06.20 09:05:24.993,1.41649,1.41661,1.69,1.00
2017.06.20 09:05:25.513,1.41649,1.41662,2.14,1.00
2017.06.20 09:05:28.206,1.4165,1.41662,1.12,1.00
2017.06.20 09:05:28.258,1.4165,1.41664,3.79,1.50
2017.06.20 09:05:28.672,1.41651,1.41663,1.31,1.00
2017.06.20 09:05:28.987,1.41653,1.41663,2.04,1.00
2017.06.20 09:05:29.504,1.41655,1.41664,1.69,1.00
2017.06.20 09:05:32.472,1.41655,1.41664,1.37,1.00
2017.06.20 09:05:33.538,1.41653,1.41664,1.50,1.00
2017.06.20 09:05:35.394,1.41651,1.41664,1.94,1.00
2017.06.20 09:05:35.548,1.4165,1.41662,1.69,1.00
2017.06.20 09:05:36.472,1.4165,1.41661,1.69,1.00
2017.06.20 09:05:37.079,1.4165,1.4166,1.00,1.00
2017.06.20 09:05:37.278,1.4165,1.41662,1.39,1.00
2017.06.20 09:05:37.789,1.4165,1.41661,1.31,1.00
2017.06.20 09:05:38.311,1.41652,1.41662,1.00,1.00
2017.06.20 09:05:38.885,1.41651,1.41662,1.25,1.00
2017.06.20 09:05:39.702,1.4165,1.41662,2.04,1.00
2017.06.20 09:05:40.723,1.41651,1.41662,1.25,1.00
2017.06.20 09:05:42.621,1.41649,1.4166,1.69,1.00
2017.06.20 09:05:42.776,1.41647,1.41659,1.50,1.00
2017.06.20 09:05:43.816,1.41646,1.41657,1.12,1.00
2017.06.20 09:05:43.868,1.41646,1.41657,1.00,1.00
2017.06.20 09:05:45.714,1.41645,1.41656,1.37,1.00
2017.06.20 09:05:45.970,1.41644,1.41655,1.50,1.00
2017.06.20 09:05:46.022,1.41644,1.41653,1.50,1.00
2017.06.20 09:05:46.609,1.41641,1.41654,1.12,1.00
2017.06.20 09:05:47.138,1.41642,1.41654,1.00,1.00
2017.06.20 09:05:47.445,1.41644,1.41654,1.25,1.00
2017.06.20 09:05:47.956,1.41642,1.41655,1.57,1.00
2017.06.20 09:05:48.671,1.41644,1.41655,1.37,1.00
2017.06.20 09:05:50.255,1.41644,1.41655,1.37,1.00
2017.06.20 09:05:50.767,1.41644,1.41654,1.25,1.00
2017.06.20 09:05:51.719,1.41642,1.41653,1.75,1.00
2017.06.20 09:05:52.056,1.4164,1.41651,3.26,1.00
2017.06.20 09:05:52.732,1.4164,1.41651,3.19,1.00
2017.06.20 09:05:53.236,1.4164,1.41651,1.12,1.00
2017.06.20 09:05:54.133,1.4164,1.4165,1.12,1.00
2017.06.20 09:05:57.980,1.4164,1.41655,1.12,1.87
2017.06.20 09:05:58.709,1.4164,1.41655,1.00,1.87
2017.06.20 09:05:59.332,1.4164,1.41655,1.50,1.00
2017.06.20 09:06:00.335,1.4164,1.41652,1.50,1.00
2017.06.20 09:06:00.860,1.4164,1.41652,1.87,1.00
2017.06.20 09:06:01.575,1.4164,1.41652,1.12,1.00
2017.06.20 09:06:02.461,1.41641,1.41652,1.00,1.00
2017.06.20 09:06:02.769,1.41643,1.41652,1.00,1.00
2017.06.20 09:06:03.424,1.41643,1.41652,1.37,1.00
2017.06.20 09:06:03.762,1.41648,1.41656,1.12,1.00
2017.06.20 09:06:07.115,1.41649,1.41661,1.50,1.00
2017.06.20 09:06:07.217,1.41649,1.41661,1.87,1.00
2017.06.20 09:06:08.705,1.41649,1.41661,2.06,1.00
2017.06.20 09:06:09.145,1.41647,1.41661,1.12,1.00
2017.06.20 09:06:10.306,1.41648,1.41661,1.00,1.12
2017.06.20 09:06:10.358,1.4165,1.41661,1.00,1.00
2017.06.20 09:06:10.869,1.41651,1.41661,1.12,1.00
2017.06.20 09:06:11.181,1.41651,1.41661,2.06,1.00
2017.06.20 09:06:12.086,1.41654,1.41661,1.00,1.00
2017.06.20 09:06:12.139,1.41653,1.41663,1.12,1.00
2017.06.20 09:06:12.243,1.41655,1.41663,1.12,1.00
2017.06.20 09:06:12.550,1.41659,1.41663,1.00,1.00
2017.06.20 09:06:14.889,1.41657,1.41663,1.00,1.00
2017.06.20 09:06:15.009,1.41655,1.41663,1.00,1.00
2017.06.20 09:06:15.146,1.41658,1.41663,1.00,1.00
2017.06.20 09:06:15.717,1.41655,1.41663,1.00,1.00
2017.06.20 09:06:16.076,1.41657,1.41663,1.00,1.00
2017.06.20 09:06:17.577,1.41655,1.41663,1.87,1.00
2017.06.20 09:06:18.118,1.41653,1.41663,3.37,1.00
2017.06.20 09:06:18.618,1.41652,1.41663,1.87,1.00
2017.06.20 09:06:19.222,1.41653,1.41663,1.00,1.00
2017.06.20 09:06:19.725,1.41652,1.41663,1.50,1.00
2017.06.20 09:06:24.362,1.41654,1.41663,1.00,1.00
2017.06.20 09:06:24.669,1.41657,1.41663,1.00,1.00
2017.06.20 09:06:24.721,1.41657,1.41666,1.00,1.00
2017.06.20 09:06:25.227,1.41658,1.41666,1.12,1.00
2017.06.20 09:06:30.064,1.41659,1.41666,1.00,1.00
2017.06.20 09:06:30.422,1.41659,1.41669,1.00,1.50
2017.06.20 09:06:30.557,1.4166,1.41674,2.06,1.50
2017.06.20 09:06:30.611,1.41665,1.41676,1.00,1.12
2017.06.20 09:06:30.920,1.41663,1.41673,1.12,1.00
2017.06.20 09:06:31.329,1.41662,1.41671,1.75,1.00
2017.06.20 09:06:31.483,1.41661,1.4167,1.00,1.00
2017.06.20 09:06:32.536,1.41658,1.4167,1.37,1.00
2017.06.20 09:06:32.587,1.41658,1.41668,1.37,1.00
2017.06.20 09:06:32.934,1.41657,1.41666,1.37,1.00
2017.06.20 09:06:33.120,1.41655,1.41668,1.12,1.00
2017.06.20 09:06:33.336,1.41655,1.41666,1.12,1.00
2017.06.20 09:06:34.042,1.41655,1.41668,3.19,1.00
2017.06.20 09:06:34.568,1.41658,1.41669,1.00,1.00
2017.06.20 09:06:35.189,1.41657,1.41668,1.37,1.00
2017.06.20 09:06:37.161,1.41657,1.41669,1.37,1.50
2017.06.20 09:06:37.213,1.41659,1.41671,1.87,1.00
2017.06.20 09:06:37.562,1.41658,1.41668,1.37,1.00
2017.06.20 09:06:38.182,1.41658,1.41668,1.00,1.00
2017.06.20 09:06:39.067,1.41658,1.41669,1.00,1.10
2017.06.20 09:06:40.638,1.41658,1.41668,1.00,1.00
2017.06.20 09:06:41.246,1.41657,1.41667,1.37,1.00
2017.06.20 09:06:45.330,1.41658,1.41665,1.00,1.00
2017.06.20 09:06:45.483,1.41656,1.41665,1.12,1.00
2017.06.20 09:06:47.246,1.41655,1.41663,1.37,1.00
2017.06.20 09:06:47.586,1.41651,1.41661,3.00,1.00
2017.06.20 09:06:47.944,1.41651,1.41659,3.00,1.00
2017.06.20 09:06:47.995,1.41651,1.4166,1.12,1.00
2017.06.20 09:06:48.892,1.41651,1.4166,1.50,1.00
2017.06.20 09:06:50.319,1.41651,1.4166,1.50,1.00
2017.06.20 09:06:52.400,1.41651,1.41661,1.50,1.00
2017.06.20 09:06:53.320,1.41651,1.41659,1.50,1.00
2017.06.20 09:06:53.476,1.41647,1.41659,3.00,1.00
2017.06.20 09:06:54.579,1.41647,1.41658,2.62,1.00
2017.06.20 09:06:55.116,1.41649,1.4166,1.00,1.00
2017.06.20 09:06:55.219,1.41651,1.41661,1.00,1.00
2017.06.20 09:06:55.727,1.41651,1.4166,1.37,1.00
2017.06.20 09:07:00.862,1.4165,1.4166,1.87,1.00
2017.06.20 09:07:01.169,1.4165,1.41662,2.06,1.00
2017.06.20 09:07:01.222,1.41652,1.41662,1.31,1.00
2017.06.20 09:07:01.553,1.41654,1.41662,2.44,1.00
2017.06.20 09:07:02.712,1.41655,1.41667,1.19,1.50
2017.06.20 09:07:02.853,1.41656,1.41665,1.12,1.00
2017.06.20 09:07:03.441,1.41655,1.41665,1.31,1.00
2017.06.20 09:07:05.675,1.41657,1.41667,1.00,1.50
2017.06.20 09:07:05.831,1.41657,1.41669,1.94,1.00
2017.06.20 09:07:06.362,1.41659,1.4167,1.00,1.00
2017.06.20 09:07:06.856,1.41657,1.4167,1.25,1.00
2017.06.20 09:07:09.793,1.41657,1.41669,1.00,1.00
2017.06.20 09:07:10.687,1.41655,1.41667,3.00,1.00
2017.06.20 09:07:17.080,1.41655,1.41667,1.12,1.00
2017.06.20 09:07:17.582,1.41656,1.41667,1.37,1.00
2017.06.20 09:07:18.219,1.41654,1.41663,1.12,1.00
2017.06.20 09:07:18.373,1.41649,1.41663,2.44,1.00
2017.06.20 09:07:18.875,1.4165,1.41661,1.37,1.00
2017.06.20 09:07:19.234,1.41649,1.41663,2.25,1.00
2017.06.20 09:07:19.286,1.41648,1.41661,2.62,1.00
2017.06.20 09:07:19.825,1.41648,1.41661,1.87,1.00
2017.06.20 09:07:20.373,1.41648,1.41663,3.00,1.00
2017.06.20 09:07:20.709,1.41653,1.41664,1.00,1.00
2017.06.20 09:07:21.229,1.41652,1.41664,1.75,1.00
2017.06.20 09:07:21.754,1.41653,1.41664,1.00,1.00
2017.06.20 09:07:24.754,1.41655,1.41667,1.25,1.00
2017.06.20 09:07:24.806,1.41656,1.41667,1.37,1.00
2017.06.20 09:07:25.345,1.41658,1.41667,1.87,1.00
2017.06.20 09:07:26.073,1.41659,1.4167,1.00,1.00
2017.06.20 09:07:27.494,1.41659,1.41669,1.00,1.00
2017.06.20 09:07:27.789,1.41659,1.41667,1.00,1.00
2017.06.20 09:07:28.480,1.41658,1.41667,1.00,1.00
2017.06.20 09:07:28.850,1.41655,1.41665,2.06,1.00
2017.06.20 09:07:29.389,1.41653,1.41664,4.39,1.00
2017.06.20 09:07:29.595,1.41653,1.41663,3.37,1.00
2017.06.20 09:07:30.106,1.41653,1.41663,1.50,1.00
2017.06.20 09:07:30.639,1.41653,1.41662,1.12,1.00
2017.06.20 09:07:34.390,1.41652,1.41662,1.00,1.00
2017.06.20 09:07:35.464,1.41651,1.41662,1.85,1.00
2017.06.20 09:07:37.206,1.41651,1.41661,1.85,1.00
2017.06.20 09:07:37.684,1.41651,1.41659,1.12,1.00
2017.06.20 09:07:38.489,1.4165,1.41659,2.25,1.00
2017.06.20 09:07:40.368,1.4165,1.41661,2.89,1.50
2017.06.20 09:07:40.608,1.4165,1.41663,3.64,1.00
2017.06.20 09:07:41.149,1.4165,1.41663,3.26,1.00
2017.06.20 09:07:41.672,1.4165,1.41663,2.89,1.00
2017.06.20 09:07:41.725,1.4165,1.4166,2.81,1.00
2017.06.20 09:07:42.678,1.4165,1.4166,2.62,1.00
2017.06.20 09:07:43.582,1.4165,1.41662,1.20,1.00
2017.06.20 09:07:43.975,1.4165,1.4166,2.62,1.00
2017.06.20 09:07:44.488,1.4165,1.41661,1.37,1.00
2017.06.20 09:07:45.280,1.4165,1.41662,1.47,1.00
2017.06.20 09:07:45.600,1.41653,1.41663,1.00,1.00
2017.06.20 09:07:46.192,1.41652,1.41662,1.37,1.00
2017.06.20 09:07:47.191,1.41652,1.41662,1.00,1.00
2017.06.20 09:07:48.249,1.41651,1.41662,1.20,1.00
2017.06.20 09:07:49.371,1.41652,1.41664,1.75,1.50
2017.06.20 09:07:50.998,1.41652,1.41664,1.10,1.50
2017.06.20 09:08:00.342,1.4165,1.41663,2.32,1.00
2017.06.20 09:08:04.009,1.41652,1.41664,1.00,1.50
2017.06.20 09:08:07.643,1.41657,1.41667,2.70,1.00
2017.06.20 09:08:08.109,1.41654,1.41665,2.14,1.00
2017.06.20 09:08:08.404,1.41654,1.41667,1.25,1.00
2017.06.20 09:08:08.852,1.41654,1.41665,1.25,1.00
2017.06.20 09:08:08.956,1.41652,1.41664,1.00,1.00
2017.06.20 09:08:11.496,1.4165,1.41663,1.57,1.00
2017.06.20 09:08:12.001,1.4165,1.41663,1.19,1.00
2017.06.20 09:08:13.642,1.4165,1.41662,1.19,1.00
2017.06.20 09:08:14.852,1.41648,1.41662,2.14,1.00
2017.06.20 09:08:16.092,1.41647,1.41662,4.12,1.00
2017.06.20 09:08:16.302,1.41647,1.4166,4.12,1.00
2017.06.20 09:08:17.187,1.41648,1.4166,1.31,1.00
2017.06.20 09:08:17.747,1.41648,1.4166,1.62,1.00
2017.06.20 09:08:18.415,1.41648,1.4166,1.31,1.00
2017.06.20 09:08:18.768,1.4165,1.41662,2.25,1.00
2017.06.20 09:08:18.819,1.41651,1.41662,1.95,1.00
2017.06.20 09:08:19.149,1.41659,1.4167,1.57,1.00
2017.06.20 09:08:19.201,1.4166,1.4167,1.76,1.00
2017.06.20 09:08:19.935,1.41659,1.4167,2.44,1.00
2017.06.20 09:08:20.089,1.41659,1.41669,1.00,1.00
2017.06.20 09:08:20.348,1.41657,1.4167,2.06,1.50
2017.06.20 09:08:22.523,1.41657,1.41669,1.00,1.00
2017.06.20 09:08:23.049,1.41657,1.4167,2.51,1.50
2017.06.20 09:08:24.172,1.41657,1.4167,3.26,1.50
2017.06.20 09:08:25.953,1.41659,1.4167,2.36,1.00
2017.06.20 09:08:26.005,1.4166,1.4167,1.76,1.00
2017.06.20 09:08:26.523,1.41662,1.4167,1.45,1.00
2017.06.20 09:08:27.039,1.41662,1.4167,2.70,1.00
2017.06.20 09:08:28.199,1.41663,1.41674,1.05,1.00
2017.06.20 09:08:28.796,1.41663,1.41674,1.20,1.00
2017.06.20 09:08:30.075,1.41665,1.41674,1.20,1.00
2017.06.20 09:08:30.611,1.41665,1.41674,1.20,1.00
2017.06.20 09:08:31.281,1.41665,1.41674,1.47,1.00
2017.06.20 09:08:32.701,1.41665,1.41674,1.20,1.00
2017.06.20 09:08:35.388,1.41664,1.41674,1.00,1.50
2017.06.20 09:08:38.380,1.41663,1.41674,1.10,1.50
2017.06.20 09:08:38.925,1.41662,1.41674,1.20,1.50
2017.06.20 09:08:41.314,1.41662,1.41674,1.45,1.50
2017.06.20 09:08:42.307,1.41662,1.41674,1.12,1.50
2017.06.20 09:08:43.284,1.41663,1.41674,1.00,1.50
2017.06.20 09:08:44.267,1.41663,1.41674,1.07,1.00
2017.06.20 09:08:44.422,1.41662,1.41676,2.55,1.00
2017.06.20 09:08:44.938,1.41665,1.41677,1.12,1.50
2017.06.20 09:08:45.416,1.41665,1.41677,2.32,1.50
2017.06.20 09:08:46.030,1.41666,1.41677,1.10,1.50
2017.06.20 09:08:48.233,1.41665,1.41677,2.32,1.00
2017.06.20 09:08:49.374,1.41665,1.41677,1.87,1.00
2017.06.20 09:08:51.326,1.41665,1.41675,1.87,1.00
2017.06.20 09:08:52.011,1.41665,1.41675,1.87,1.00
2017.06.20 09:08:55.461,1.41665,1.41675,2.06,1.00
2017.06.20 09:08:55.751,1.41665,1.41677,1.87,1.50
2017.06.20 09:08:56.732,1.41665,1.41676,1.00,1.50
2017.06.20 09:08:56.783,1.41663,1.41674,1.37,1.00
2017.06.20 09:08:57.261,1.41663,1.41676,2.06,1.00
2017.06.20 09:08:57.415,1.41667,1.41678,2.32,1.00
2017.06.20 09:08:57.724,1.41667,1.41676,1.39,1.00
2017.06.20 09:08:57.776,1.41667,1.41677,1.25,1.00
2017.06.20 09:08:58.419,1.41667,1.41678,1.69,1.00
2017.06.20 09:08:58.961,1.41668,1.41678,1.37,1.00
2017.06.20 09:08:59.576,1.4167,1.41678,1.00,1.50
2017.06.20 09:09:00.780,1.41668,1.41678,1.37,1.50
2017.06.20 09:09:01.308,1.41668,1.41677,1.37,1.00
2017.06.20 09:09:02.029,1.41668,1.41681,1.87,1.50
2017.06.20 09:09:02.080,1.41669,1.41681,1.87,1.00
2017.06.20 09:09:02.387,1.41672,1.41681,2.14,1.00
2017.06.20 09:09:02.899,1.41671,1.4168,2.25,1.00
2017.06.20 09:09:04.498,1.4167,1.41678,1.89,1.00
2017.06.20 09:09:04.550,1.4167,1.41678,1.20,1.00
2017.06.20 09:09:07.020,1.41669,1.41679,2.14,1.00
2017.06.20 09:09:08.280,1.4167,1.41679,1.10,1.00
2017.06.20 09:09:08.933,1.4167,1.41678,1.10,1.00
2017.06.20 09:09:09.627,1.41669,1.41679,1.57,1.00
2017.06.20 09:09:15.683,1.41669,1.41679,1.45,1.00
2017.06.20 09:09:16.626,1.41669,1.41678,1.75,1.00
2017.06.20 09:09:17.654,1.41668,1.41678,1.95,1.00
2017.06.20 09:09:19.070,1.41669,1.41677,1.50,1.00
2017.06.20 09:09:19.173,1.41666,1.41677,2.25,1.00
2017.06.20 09:09:20.164,1.41665,1.41677,1.50,1.00
2017.06.20 09:09:20.267,1.41665,1.41677,1.12,1.00
2017.06.20 09:09:22.037,1.41665,1.41676,1.50,1.00
2017.06.20 09:09:22.211,1.41665,1.41676,1.50,1.00
2017.06.20 09:09:23.215,1.41664,1.41675,2.25,1.00
2017.06.20 09:09:23.266,1.41665,1.41675,1.00,1.00
2017.06.20 09:09:24.442,1.41664,1.41675,1.37,1.00
2017.06.20 09:09:26.460,1.41663,1.41673,2.25,1.00
2017.06.20 09:09:26.565,1.41662,1.41672,1.50,1.00
2017.06.20 09:09:30.021,1.41662,1.41672,1.87,1.00
2017.06.20 09:09:33.177,1.41662,1.41672,1.37,1.00
2017.06.20 09:09:34.008,1.41662,1.41671,1.37,1.00
2017.06.20 09:09:35.552,1.41662,1.41671,1.50,1.00
2017.06.20 09:09:36.624,1.41661,1.41671,3.07,1.00
2017.06.20 09:09:38.876,1.41661,1.41671,1.87,1.00
2017.06.20 09:09:39.379,1.41662,1.41672,1.37,1.00
2017.06.20 09:09:40.522,1.41662,1.4167,1.37,1.00
2017.06.20 09:09:41.129,1.41662,1.41669,1.12,1.00
2017.06.20 09:09:42.242,1.4166,1.41669,1.00,1.00
2017.06.20 09:09:43.219,1.41658,1.41668,1.87,1.00
2017.06.20 09:09:44.772,1.41659,1.41668,1.00,1.00
2017.06.20 09:09:45.746,1.41657,1.41667,1.37,1.00
2017.06.20 09:09:45.798,1.41657,1.41666,1.00,1.00
2017.06.20 09:09:46.411,1.41655,1.41667,3.37,1.00
2017.06.20 09:09:49.216,1.41656,1.41667,1.00,1.00
2017.06.20 09:09:50.205,1.41655,1.41667,3.37,1.00
2017.06.20 09:09:53.910,1.41656,1.41667,1.50,1.00
2017.06.20 09:09:55.244,1.41656,1.41666,1.50,1.00
2017.06.20 09:09:58.595,1.41655,1.41666,1.20,1.00
2017.06.20 09:09:58.939,1.41655,1.41664,1.20,1.00
2017.06.20 09:09:59.696,1.41656,1.41664,1.00,1.00
2017.06.20 09:10:02.577,1.41656,1.41665,1.00,1.00
2017.06.20 09:10:02.884,1.41658,1.41667,1.00,1.00
2017.06.20 09:10:03.784,1.41657,1.41667,1.37,1.00
2017.06.20 09:10:07.214,1.41658,1.41667,1.00,1.00
2017.06.20 09:10:07.824,1.41658,1.41666,1.00,1.00
2017.06.20 09:10:08.434,1.41657,1.41666,1.12,1.00
2017.06.20 09:10:09.199,1.41658,1.41666,1.00,1.00
2017.06.20 09:10:14.706,1.41657,1.41665,1.37,1.00
2017.06.20 09:10:15.116,1.41656,1.41664,1.00,1.00
2017.06.20 09:10:15.168,1.41654,1.41662,1.87,1.00
2017.06.20 09:10:15.745,1.41654,1.41663,1.50,1.00
2017.06.20 09:10:16.275,1.41654,1.41661,1.00,1.00
2017.06.20 09:10:21.150,1.41653,1.41661,1.00,1.00
2017.06.20 09:10:22.847,1.41651,1.41661,1.85,1.00
2017.06.20 09:10:23.341,1.41656,1.41663,1.00,1.00
2017.06.20 09:10:24.575,1.41654,1.41663,1.00,1.00
2017.06.20 09:10:24.628,1.41653,1.41661,1.00,1.00
2017.06.20 09:10:24.679,1.41651,1.41661,1.50,1.00
2017.06.20 09:10:24.731,1.41653,1.41661,1.00,1.00
2017.06.20 09:10:24.783,1.41649,1.41661,1.12,1.00
2017.06.20 09:10:25.008,1.4165,1.41664,2.70,2.62
2017.06.20 09:10:25.317,1.4165,1.4166,1.95,1.00
2017.06.20 09:10:26.084,1.4165,1.4166,2.32,1.00
2017.06.20 09:10:26.637,1.41651,1.4166,1.45,1.00
2017.06.20 09:10:29.131,1.41651,1.41661,2.07,1.00
2017.06.20 09:10:29.441,1.41663,1.4167,1.50,1.00
2017.06.20 09:10:29.953,1.41661,1.41669,1.75,1.00
2017.06.20 09:10:30.055,1.41661,1.41667,1.50,1.00
2017.06.20 09:10:30.158,1.41658,1.41667,2.25,1.00
2017.06.20 09:10:30.264,1.4166,1.41669,1.37,1.00
2017.06.20 09:10:30.940,1.41661,1.4167,1.50,1.50
2017.06.20 09:10:31.455,1.41661,1.4167,1.76,1.00
2017.06.20 09:10:32.069,1.41662,1.4167,3.19,1.00
2017.06.20 09:10:32.413,1.41665,1.41673,2.14,1.00
2017.06.20 09:10:33.279,1.41667,1.41674,1.57,1.00
2017.06.20 09:10:35.353,1.41665,1.41673,1.37,1.50
2017.06.20 09:10:35.507,1.41664,1.41671,1.37,1.00
2017.06.20 09:10:35.609,1.41662,1.41671,2.14,1.00
2017.06.20 09:10:36.545,1.41662,1.4167,2.06,1.00
2017.06.20 09:10:37.059,1.41662,1.41671,1.37,1.00
2017.06.20 09:10:38.958,1.41661,1.41671,1.76,1.00
2017.06.20 09:10:40.035,1.41661,1.41671,1.01,1.00
2017.06.20 09:10:41.978,1.41661,1.41673,1.12,1.00
2017.06.20 09:10:42.690,1.41661,1.41672,1.81,1.00
2017.06.20 09:10:42.743,1.41661,1.4167,1.62,1.00
2017.06.20 09:10:43.253,1.4166,1.41673,3.00,1.00
2017.06.20 09:10:44.820,1.41661,1.41673,1.62,1.00
2017.06.20 09:10:45.137,1.41661,1.4167,1.62,1.00
2017.06.20 09:10:48.547,1.41662,1.41672,2.25,1.00
2017.06.20 09:10:49.140,1.41664,1.41673,1.87,1.00
2017.06.20 09:10:52.172,1.41665,1.41673,1.37,1.00
2017.06.20 09:10:53.276,1.41664,1.41673,1.87,1.00
2017.06.20 09:10:57.389,1.41665,1.41673,1.37,1.00
2017.06.20 09:10:57.492,1.41665,1.41675,2.06,1.00
2017.06.20 09:10:58.005,1.41666,1.41674,1.62,1.00
2017.06.20 09:10:58.476,1.41666,1.41674,2.44,1.00
2017.06.20 09:10:59.023,1.41666,1.41673,2.06,1.00
2017.06.20 09:10:59.560,1.41666,1.41673,1.31,1.00
2017.06.20 09:11:02.084,1.41666,1.41675,1.56,1.00
2017.06.20 09:11:03.104,1.41666,1.41675,2.06,1.00
2017.06.20 09:11:05.324,1.41669,1.41677,1.00,1.00
2017.06.20 09:11:05.427,1.41668,1.41677,1.75,1.00
2017.06.20 09:11:05.871,1.41671,1.41678,1.37,1.50
2017.06.20 09:11:06.387,1.41671,1.41679,1.75,1.00
2017.06.20 09:11:06.934,1.41669,1.41679,1.87,1.50
2017.06.20 09:11:07.538,1.41669,1.41678,1.37,1.00
2017.06.20 09:11:08.084,1.41668,1.41675,1.37,1.00
2017.06.20 09:11:11.494,1.41668,1.41675,1.12,1.00
2017.06.20 09:11:13.431,1.41668,1.41675,1.50,1.00
2017.06.20 09:11:14.028,1.41668,1.41677,3.07,1.00
2017.06.20 09:11:15.805,1.41669,1.41677,1.75,1.00
2017.06.20 09:11:16.385,1.41669,1.41679,1.75,1.00
2017.06.20 09:11:17.227,1.41669,1.41677,1.75,1.00
2017.06.20 09:11:19.045,1.41668,1.41677,2.70,1.00
2017.06.20 09:11:21.454,1.41668,1.41677,1.37,1.00
2017.06.20 09:11:21.979,1.41668,1.41678,1.37,1.00
2017.06.20 09:11:23.783,1.41668,1.41678,1.47,1.00
2017.06.20 09:11:24.269,1.41669,1.41678,1.50,1.50
2017.06.20 09:11:24.789,1.41671,1.41678,1.12,1.00
2017.06.20 09:11:25.301,1.41674,1.4168,1.00,1.00
2017.06.20 09:11:28.821,1.41672,1.4168,1.00,1.00
2017.06.20 09:11:29.519,1.41671,1.4168,1.12,1.00
2017.06.20 09:11:30.762,1.41672,1.4168,1.00,1.00
2017.06.20 09:11:32.562,1.41672,1.4168,1.87,1.00
2017.06.20 09:11:32.819,1.41672,1.41683,2.44,1.00
2017.06.20 09:11:33.700,1.41673,1.41683,2.00,1.00
2017.06.20 09:11:34.726,1.41674,1.41683,1.37,1.00
2017.06.20 09:11:35.778,1.41674,1.41683,1.37,1.00
2017.06.20 09:11:36.251,1.41679,1.41686,1.00,1.00
2017.06.20 09:11:40.936,1.41678,1.41686,1.00,1.00
2017.06.20 09:11:45.612,1.4168,1.41686,1.00,1.00
2017.06.20 09:11:46.080,1.41678,1.41686,1.00,1.00
2017.06.20 09:11:49.443,1.41679,1.41686,1.00,1.00
2017.06.20 09:11:49.495,1.41677,1.41686,1.00,1.00
2017.06.20 09:11:55.258,1.41678,1.41686,1.00,1.00
2017.06.20 09:11:55.310,1.41671,1.41686,3.64,1.00
2017.06.20 09:11:55.624,1.41672,1.41686,1.12,1.00
2017.06.20 09:11:55.676,1.4167,1.41682,1.76,1.00
2017.06.20 09:11:56.224,1.41669,1.41682,1.50,1.00
2017.06.20 09:11:56.886,1.41669,1.41682,1.50,1.00
2017.06.20 09:11:57.399,1.41669,1.41682,2.06,1.00
2017.06.20 09:11:58.122,1.41669,1.41682,2.06,1.00
2017.06.20 09:11:59.129,1.41669,1.41682,2.44,1.00
2017.06.20 09:12:00.100,1.41669,1.41682,2.06,1.00
2017.06.20 09:12:02.885,1.41668,1.41676,2.51,1.00
2017.06.20 09:12:03.505,1.41668,1.41677,2.00,1.00
2017.06.20 09:12:04.699,1.41668,1.41675,1.31,1.00
2017.06.20 09:12:05.327,1.41669,1.41677,1.31,1.00
2017.06.20 09:12:05.378,1.41671,1.4168,1.62,1.00
2017.06.20 09:12:05.974,1.41672,1.41681,1.69,1.00
2017.06.20 09:12:06.615,1.41672,1.41681,1.69,1.00
2017.06.20 09:12:08.456,1.41671,1.4168,1.69,1.00
2017.06.20 09:12:09.034,1.4167,1.4168,1.94,1.00
2017.06.20 09:12:09.695,1.41669,1.4168,3.94,1.00
2017.06.20 09:12:09.747,1.41669,1.41678,3.56,1.00
2017.06.20 09:12:09.901,1.41669,1.4168,2.81,1.00
2017.06.20 09:12:11.202,1.4167,1.4168,1.37,1.00
2017.06.20 09:12:12.337,1.41669,1.4168,2.70,1.00
2017.06.20 09:12:13.389,1.4167,1.4168,1.12,1.00
2017.06.20 09:12:14.259,1.4167,1.41677,1.00,1.00
2017.06.20 09:12:14.409,1.41666,1.41676,2.06,1.00
2017.06.20 09:12:14.993,1.41666,1.41675,2.00,1.00
2017.06.20 09:12:15.532,1.41666,1.41675,1.62,1.00
2017.06.20 09:12:18.620,1.41666,1.41675,1.12,1.00
2017.06.20 09:12:19.629,1.41667,1.41675,1.00,1.00
2017.06.20 09:12:24.903,1.41667,1.41675,2.25,1.00
2017.06.20 09:12:27.464,1.41664,1.41671,2.25,1.00
2017.06.20 09:12:29.242,1.41664,1.41671,1.37,1.00
2017.06.20 09:12:30.319,1.41662,1.41669,1.50,1.00
2017.06.20 09:12:30.372,1.41661,1.41668,1.87,1.00
2017.06.20 09:12:30.885,1.4166,1.41668,1.37,1.00
2017.06.20 09:12:31.438,1.41659,1.41667,1.87,1.00
2017.06.20 09:12:31.942,1.41658,1.41666,2.62,1.00
2017.06.20 09:12:33.640,1.41659,1.41666,1.00,1.00
2017.06.20 09:12:34.693,1.41659,1.41666,1.50,1.00
2017.06.20 09:12:35.684,1.4166,1.41666,1.37,1.00
2017.06.20 09:12:36.388,1.4166,1.41667,1.37,1.50
2017.06.20 09:12:36.708,1.41658,1.41667,1.87,1.50
2017.06.20 09:12:37.086,1.41658,1.41665,1.87,1.00
2017.06.20 09:12:38.031,1.41657,1.41666,2.00,1.00
2017.06.20 09:12:38.699,1.4166,1.41666,1.37,1.00
2017.06.20 09:12:39.752,1.41658,1.41666,2.06,1.00
2017.06.20 09:12:40.872,1.41658,1.41666,1.12,1.00
2017.06.20 09:12:44.188,1.41659,1.41666,1.37,1.00
2017.06.20 09:12:45.565,1.4166,1.41666,1.87,1.00
2017.06.20 09:12:48.032,1.4166,1.41667,1.37,1.50
2017.06.20 09:12:48.202,1.4166,1.4167,1.47,2.25
2017.06.20 09:12:49.070,1.41662,1.41667,1.00,1.00
2017.06.20 09:12:49.876,1.41659,1.4167,1.95,1.50
2017.06.20 09:12:50.049,1.41659,1.41666,1.95,1.00
2017.06.20 09:12:50.923,1.41661,1.41667,1.37,1.00
2017.06.20 09:12:55.293,1.41661,1.41669,1.37,1.00
2017.06.20 09:12:56.431,1.4166,1.41669,1.50,1.00
2017.06.20 09:12:57.431,1.4166,1.41669,2.25,1.00
2017.06.20 09:12:58.279,1.4166,1.4167,2.25,1.00
2017.06.20 09:13:00.248,1.4166,1.41668,1.50,1.00
2017.06.20 09:13:00.300,1.4166,1.4167,1.50,1.50
2017.06.20 09:13:00.826,1.4166,1.41669,1.37,1.00
2017.06.20 09:13:00.878,1.41659,1.41669,1.12,1.00
2017.06.20 09:13:01.513,1.41658,1.41668,2.62,1.00
2017.06.20 09:13:01.895,1.41659,1.41668,1.37,1.00
2017.06.20 09:13:02.426,1.41659,1.41669,1.37,1.00
2017.06.20 09:13:05.125,1.41658,1.41669,2.25,1.00
2017.06.20 09:13:07.122,1.41659,1.4167,1.37,1.00
2017.06.20 09:13:08.442,1.4166,1.4167,2.62,1.00
2017.06.20 09:13:09.598,1.4166,1.4167,1.87,1.00
2017.06.20 09:13:12.077,1.4166,1.4167,2.62,1.00
2017.06.20 09:13:13.082,1.41661,1.4167,1.37,1.00
2017.06.20 09:13:14.233,1.41661,1.4167,1.37,1.00
2017.06.20 09:13:16.401,1.4166,1.4167,1.37,1.00
2017.06.20 09:13:17.421,1.41662,1.4167,1.75,1.00
2017.06.20 09:13:17.936,1.41665,1.4167,1.12,1.00
2017.06.20 09:13:18.373,1.41665,1.41671,1.87,1.00
2017.06.20 09:13:18.508,1.41665,1.4167,1.12,1.00
2017.06.20 09:13:19.044,1.41662,1.4167,1.37,1.00
2017.06.20 09:13:19.880,1.41661,1.4167,1.37,1.00
2017.06.20 09:13:21.032,1.4166,1.4167,1.37,1.00
2017.06.20 09:13:21.569,1.4166,1.41669,1.37,1.00
2017.06.20 09:13:21.621,1.41658,1.41669,1.37,1.00
2017.06.20 09:13:22.285,1.41656,1.41669,3.00,1.00
2017.06.20 09:13:24.279,1.41656,1.41669,3.37,1.00
2017.06.20 09:13:24.782,1.4166,1.4167,1.00,1.12
2017.06.20 09:13:24.833,1.4166,1.41668,1.37,1.00
2017.06.20 09:13:25.173,1.41663,1.4167,1.87,1.00
2017.06.20 09:13:25.764,1.41662,1.41669,1.75,1.00
2017.06.20 09:13:25.816,1.4166,1.41666,1.00,1.00
2017.06.20 09:13:26.871,1.41659,1.41666,1.00,1.00
2017.06.20 09:13:27.674,1.41659,1.41667,1.00,1.00
2017.06.20 09:13:27.725,1.41659,1.41665,1.00,1.00
2017.06.20 09:13:27.973,1.41659,1.41667,1.00,1.00
2017.06.20 09:13:28.024,1.41659,1.41665,1.00,1.00
2017.06.20 09:13:28.872,1.41658,1.41665,1.50,1.00
2017.06.20 09:13:30.150,1.41658,1.41665,2.25,1.00
2017.06.20 09:13:31.966,1.41658,1.41665,2.25,1.00
2017.06.20 09:13:36.322,1.41658,1.41665,1.50,1.00
2017.06.20 09:13:36.373,1.41658,1.41667,1.50,1.00
2017.06.20 09:13:37.374,1.41657,1.41664,1.62,1.00
2017.06.20 09:13:38.573,1.41657,1.41664,1.62,1.00
2017.06.20 09:13:39.085,1.41657,1.41663,1.62,1.00
2017.06.20 09:13:39.342,1.41658,1.41665,1.37,1.00
2017.06.20 09:13:39.854,1.41658,1.41666,1.37,1.00
2017.06.20 09:13:40.355,1.41657,1.41665,1.87,1.00
2017.06.20 09:13:41.408,1.41658,1.41665,1.37,1.00
2017.06.20 09:13:41.716,1.41659,1.41667,1.37,1.50
2017.06.20 09:13:42.118,1.41659,1.41664,1.37,1.00
2017.06.20 09:13:42.632,1.41657,1.41663,1.87,1.00
2017.06.20 09:13:44.869,1.41655,1.41663,2.62,1.00
2017.06.20 09:13:45.965,1.41656,1.41662,1.37,1.00
2017.06.20 09:13:46.992,1.41655,1.41662,1.87,1.00
2017.06.20 09:13:48.222,1.41656,1.41662,1.37,1.00
2017.06.20 09:13:50.628,1.41655,1.41662,1.87,1.00
2017.06.20 09:13:51.778,1.41656,1.41662,1.37,1.00
2017.06.20 09:13:52.734,1.41655,1.41662,1.87,1.00
2017.06.20 09:13:53.260,1.41655,1.41661,1.37,1.00
2017.06.20 09:13:53.434,1.41654,1.4166,1.62,1.00
2017.06.20 09:13:53.486,1.41651,1.41656,1.62,1.00
2017.06.20 09:13:53.845,1.4165,1.41656,1.62,1.00
2017.06.20 09:13:54.872,1.4165,1.41656,1.87,1.00
2017.06.20 09:13:59.745,1.41648,1.41655,2.25,1.00
2017.06.20 09:13:59.847,1.41646,1.41652,1.87,1.00
2017.06.20 09:13:59.899,1.41646,1.41652,1.00,1.00
2017.06.20 09:13:59.951,1.41648,1.41652,1.12,1.00
2017.06.20 09:14:00.270,1.41645,1.4165,4.12,1.00
2017.06.20 09:14:01.116,1.41647,1.41651,1.12,1.00
2017.06.20 09:14:03.038,1.41647,1.41651,1.12,1.50
2017.06.20 09:14:05.261,1.41647,1.41651,1.12,1.50
2017.06.20 09:14:06.226,1.41648,1.41651,1.37,1.00
2017.06.20 09:14:08.220,1.41649,1.41651,1.50,1.50
2017.06.20 09:14:08.723,1.41649,1.4165,1.50,1.00
2017.06.20 09:14:10.328,1.41649,1.41651,1.12,1.00
2017.06.20 09:14:11.750,1.41648,1.4165,1.50,1.00
2017.06.20 09:14:13.447,1.41647,1.41651,2.62,1.00
2017.06.20 09:14:13.975,1.41648,1.41652,1.87,1.50
2017.06.20 09:14:14.682,1.41648,1.41653,1.37,1.50
2017.06.20 09:14:15.301,1.4165,1.41655,1.37,1.50
2017.06.20 09:14:15.353,1.41652,1.41657,1.37,1.00
2017.06.20 09:14:15.508,1.41652,1.41657,3.37,1.00
2017.06.20 09:14:15.560,1.41654,1.41658,1.37,1.00
2017.06.20 09:14:15.898,1.41654,1.41656,1.00,1.00
2017.06.20 09:14:19.188,1.41653,1.41658,1.37,1.50
2017.06.20 09:14:21.258,1.41651,1.41655,1.00,1.00
2017.06.20 09:14:21.362,1.41647,1.41652,3.37,1.00
2017.06.20 09:14:21.669,1.41647,1.41655,3.37,1.00
2017.06.20 09:14:21.721,1.41648,1.41652,1.87,1.00
2017.06.20 09:14:21.772,1.4165,1.41656,2.62,1.50
2017.06.20 09:14:21.875,1.41652,1.41656,1.12,1.50
2017.06.20 09:14:22.182,1.41653,1.41657,1.37,1.00
2017.06.20 09:14:25.719,1.41654,1.41658,1.12,1.00
2017.06.20 09:14:33.180,1.41654,1.41658,1.12,1.00
2017.06.20 09:14:33.768,1.41655,1.41659,1.12,1.50
2017.06.20 09:14:35.689,1.41657,1.41659,1.00,1.50
2017.06.20 09:14:36.548,1.41657,1.41661,1.12,1.50
2017.06.20 09:14:37.325,1.41659,1.41664,1.37,1.50
2017.06.20 09:14:38.877,1.41659,1.41664,1.37,1.50
2017.06.20 09:14:39.875,1.41659,1.41664,1.37,1.50
2017.06.20 09:14:40.402,1.41658,1.41664,1.37,1.50
2017.06.20 09:14:41.324,1.41658,1.41663,1.37,1.00
2017.06.20 09:14:42.076,1.41658,1.41664,1.37,1.50
2017.06.20 09:14:42.903,1.41658,1.41663,1.37,1.00
2017.06.20 09:14:43.426,1.41658,1.41662,1.12,1.00
2017.06.20 09:14:44.214,1.4166,1.41664,1.37,1.00
2017.06.20 09:14:44.266,1.4166,1.41664,1.12,1.50
2017.06.20 09:14:44.318,1.4166,1.41662,1.00,1.00
2017.06.20 09:14:45.276,1.41659,1.41664,1.37,1.50
2017.06.20 09:14:46.292,1.4166,1.41664,1.37,1.00
2017.06.20 09:14:47.323,1.41659,1.41664,1.37,1.50
2017.06.20 09:14:47.374,1.41659,1.41664,1.37,1.00
2017.06.20 09:14:47.579,1.41656,1.41663,1.87,1.00
2017.06.20 09:14:49.201,1.41656,1.41664,1.37,1.50
2017.06.20 09:14:53.986,1.41657,1.41664,1.37,1.00
2017.06.20 09:15:00.454,1.41655,1.41664,1.87,1.00
2017.06.20 09:15:00.936,1.41654,1.41664,1.37,1.50
2017.06.20 09:15:01.468,1.41653,1.41664,1.37,1.50
2017.06.20 09:15:03.082,1.41655,1.41664,1.37,1.00
2017.06.20 09:15:04.192,1.41655,1.41664,1.12,1.00
2017.06.20 09:15:06.023,1.41652,1.41662,3.75,1.00
2017.06.20 09:15:06.433,1.41653,1.41662,1.00,1.00
2017.06.20 09:15:06.484,1.41652,1.4166,1.50,1.50
2017.06.20 09:15:06.677,1.41648,1.41659,1.37,1.00
2017.06.20 09:15:07.024,1.4165,1.4166,1.87,1.50
2017.06.20 09:15:08.103,1.41649,1.4166,1.37,1.00
2017.06.20 09:15:08.667,1.41649,1.41659,1.50,1.00
2017.06.20 09:15:11.248,1.41648,1.41659,1.87,1.00
2017.06.20 09:15:12.900,1.41647,1.41658,2.25,1.00
2017.06.20 09:15:13.424,1.41647,1.41658,1.37,1.00
2017.06.20 09:15:14.049,1.41647,1.41656,1.00,1.00
2017.06.20 09:15:14.391,1.41644,1.41654,1.50,1.00
2017.06.20 09:15:14.802,1.41643,1.41651,1.75,1.00
2017.06.20 09:15:15.110,1.41641,1.41651,1.50,1.00
2017.06.20 09:15:15.481,1.41643,1.41653,1.87,1.00
2017.06.20 09:15:16.096,1.41643,1.41654,3.75,1.50
2017.06.20 09:15:19.224,1.41646,1.41653,1.00,1.00
2017.06.20 09:15:21.774,1.41644,1.41653,1.12,1.00
2017.06.20 09:15:23.982,1.41642,1.41653,3.00,1.00
2017.06.20 09:15:24.520,1.41645,1.41654,1.87,1.00
2017.06.20 09:15:24.936,1.41646,1.41651,1.87,1.00
2017.06.20 09:15:26.426,1.41646,1.4165,1.00,1.00
2017.06.20 09:15:27.771,1.41643,1.41647,1.12,1.00
2017.06.20 09:15:29.057,1.41643,1.41647,1.00,1.00
2017.06.20 09:15:29.366,1.41638,1.41643,1.87,1.00
2017.06.20 09:15:30.023,1.41638,1.41643,1.12,1.00
2017.06.20 09:15:32.557,1.41638,1.41643,1.37,1.00
2017.06.20 09:15:33.063,1.41638,1.41644,1.37,1.00
2017.06.20 09:15:33.525,1.41639,1.41645,1.69,1.00
2017.06.20 09:15:33.680,1.41639,1.41646,2.00,1.00
2017.06.20 09:15:34.779,1.4164,1.41645,1.12,1.00
2017.06.20 09:15:37.247,1.41639,1.41649,1.37,1.00
2017.06.20 09:15:37.401,1.41639,1.41646,1.50,1.00
2017.06.20 09:15:37.555,1.41638,1.41646,1.00,1.00
2017.06.20 09:15:38.092,1.41637,1.41646,1.00,1.00
2017.06.20 09:15:39.544,1.41637,1.41647,1.00,1.00
2017.06.20 09:15:39.595,1.41635,1.41647,3.37,1.00
2017.06.20 09:15:40.747,1.41638,1.41648,1.37,1.50
2017.06.20 09:15:41.309,1.41638,1.41649,1.87,1.00
2017.06.20 09:15:41.866,1.4164,1.41649,1.75,1.00
2017.06.20 09:15:49.793,1.41642,1.41652,2.25,1.00
2017.06.20 09:15:49.844,1.41642,1.41652,1.50,1.00
2017.06.20 09:15:50.371,1.41645,1.41651,1.00,1.00
2017.06.20 09:15:50.993,1.41644,1.41651,1.37,1.00
2017.06.20 09:15:51.045,1.41644,1.4165,1.12,1.00
2017.06.20 09:15:53.789,1.41641,1.4165,3.37,1.00
2017.06.20 09:15:53.841,1.41641,1.4165,3.00,1.00
2017.06.20 09:15:54.388,1.41643,1.41651,2.25,1.00
2017.06.20 09:15:55.310,1.41643,1.41652,3.00,1.00
2017.06.20 09:15:55.812,1.41644,1.41652,2.25,1.00
2017.06.20 09:15:56.456,1.41645,1.41652,1.37,1.00
2017.06.20 09:15:58.723,1.41644,1.41652,2.25,1.00
2017.06.20 09:15:59.378,1.41645,1.41652,1.00,1.00
2017.06.20 09:15:59.628,1.41644,1.41652,2.25,1.00
2017.06.20 09:15:59.924,1.41645,1.41652,1.00,1.00
2017.06.20 09:16:00.123,1.41644,1.41652,2.25,1.00
2017.06.20 09:16:00.331,1.41646,1.41654,1.12,1.00
2017.06.20 09:16:00.382,1.41643,1.41652,1.00,1.00
2017.06.20 09:16:00.435,1.41642,1.4165,1.00,1.00
2017.06.20 09:16:00.745,1.41642,1.41648,1.12,1.00
2017.06.20 09:16:01.454,1.41639,1.41646,1.37,1.00
2017.06.20 09:16:01.557,1.41638,1.41645,1.12,1.00
2017.06.20 09:16:02.070,1.41638,1.41644,1.00,1.00
2017.06.20 09:16:02.321,1.41635,1.41645,1.50,1.00
2017.06.20 09:16:03.334,1.41635,1.41644,1.87,1.00
2017.06.20 09:16:03.488,1.41637,1.41645,1.00,1.00
2017.06.20 09:16:03.831,1.41636,1.41647,1.95,1.00
2017.06.20 09:16:04.794,1.41638,1.41647,1.12,1.00
2017.06.20 09:16:05.612,1.41639,1.41647,1.12,1.00
2017.06.20 09:16:06.702,1.41639,1.41649,1.87,1.00
2017.06.20 09:16:06.753,1.4164,1.41647,1.00,1.00
2017.06.20 09:16:07.264,1.41639,1.41646,1.50,1.00
2017.06.20 09:16:07.575,1.41643,1.41651,1.87,1.00
2017.06.20 09:16:07.678,1.41643,1.41649,1.50,1.00
2017.06.20 09:16:09.202,1.4164,1.41649,3.00,1.00
2017.06.20 09:16:09.678,1.4164,1.41648,1.12,1.00
2017.06.20 09:16:09.731,1.41639,1.41644,1.50,1.00
2017.06.20 09:16:09.835,1.41632,1.41641,1.87,1.00
2017.06.20 09:16:09.937,1.41631,1.41644,1.82,1.12
2017.06.20 09:16:10.092,1.41634,1.41643,1.95,1.00
2017.06.20 09:16:10.144,1.41634,1.41644,1.20,1.00
2017.06.20 09:16:10.682,1.41635,1.41644,1.20,1.00
2017.06.20 09:16:10.992,1.41635,1.41647,1.50,1.00
2017.06.20 09:16:11.853,1.41634,1.41643,3.07,1.00
2017.06.20 09:16:11.956,1.41633,1.41643,1.20,1.00
2017.06.20 09:16:12.059,1.41633,1.41644,1.07,1.12
2017.06.20 09:16:12.593,1.41635,1.41644,1.07,1.00
2017.06.20 09:16:12.900,1.41637,1.41648,1.95,1.12
2017.06.20 09:16:13.160,1.41644,1.41656,1.57,1.00
2017.06.20 09:16:13.703,1.41644,1.41655,1.95,1.00
2017.06.20 09:16:14.111,1.41644,1.41659,1.95,1.50
2017.06.20 09:16:14.163,1.4165,1.41662,1.20,1.87
2017.06.20 09:16:14.265,1.41651,1.41663,1.37,1.12
2017.06.20 09:16:14.317,1.41651,1.41663,1.50,1.00
2017.06.20 09:16:14.368,1.41652,1.41663,1.45,1.00
2017.06.20 09:16:14.675,1.41649,1.41658,1.57,1.00
2017.06.20 09:16:15.230,1.41647,1.41658,2.32,1.00
2017.06.20 09:16:15.742,1.41647,1.41657,1.45,1.00
2017.06.20 09:16:16.108,1.41646,1.41655,1.45,1.00
2017.06.20 09:16:16.161,1.41644,1.41653,1.95,1.00
2017.06.20 09:16:16.268,1.41643,1.41654,1.20,1.00
2017.06.20 09:16:17.766,1.41643,1.41651,1.45,1.00
2017.06.20 09:16:18.171,1.41642,1.41653,3.45,1.00
2017.06.20 09:16:18.223,1.41642,1.41651,1.50,1.00
2017.06.20 09:16:18.767,1.41642,1.41651,1.85,1.00
2017.06.20 09:16:18.921,1.41642,1.41653,2.32,1.00
2017.06.20 09:16:22.135,1.41643,1.41653,1.45,1.00
2017.06.20 09:16:22.880,1.41642,1.41652,1.85,1.00
2017.06.20 09:16:22.932,1.41642,1.41652,1.95,1.00
2017.06.20 09:16:23.825,1.41642,1.41652,3.07,1.00
2017.06.20 09:16:25.435,1.41646,1.41652,1.00,1.00
2017.06.20 09:16:25.486,1.41646,1.41654,1.00,1.00
2017.06.20 09:16:26.096,1.41646,1.41654,1.37,1.00
2017.06.20 09:16:27.045,1.41646,1.41654,1.37,1.00
2017.06.20 09:16:27.149,1.41646,1.41656,1.37,1.00
2017.06.20 09:16:27.561,1.41649,1.41656,1.00,1.00
2017.06.20 09:16:27.887,1.41647,1.41652,1.00,1.00
2017.06.20 09:16:28.402,1.41647,1.41654,1.00,1.00
2017.06.20 09:16:28.681,1.41647,1.41656,1.10,1.00
2017.06.20 09:16:28.807,1.41647,1.41655,1.47,1.00
2017.06.20 09:16:29.912,1.41647,1.41655,1.82,1.00
2017.06.20 09:16:30.016,1.41648,1.41654,1.10,1.00
2017.06.20 09:16:30.120,1.41649,1.41656,1.00,1.00
2017.06.20 09:16:31.556,1.41649,1.41657,1.00,1.00
2017.06.20 09:16:33.380,1.41647,1.41653,1.12,1.00
2017.06.20 09:16:33.431,1.41644,1.41656,1.37,1.00
2017.06.20 09:16:33.483,1.41644,1.41652,1.00,1.00
2017.06.20 09:16:33.793,1.41644,1.41648,1.00,1.00
2017.06.20 09:16:33.845,1.41642,1.41648,1.00,1.00
2017.06.20 09:16:34.819,1.41641,1.41645,1.00,1.00
2017.06.20 09:16:34.871,1.4164,1.41645,1.00,1.00
2017.06.20 09:16:34.923,1.4164,1.41647,1.00,1.00
2017.06.20 09:16:35.792,1.4164,1.41646,1.00,1.00
2017.06.20 09:16:38.003,1.41643,1.41653,1.50,1.37
2017.06.20 09:16:38.157,1.41649,1.41658,1.00,1.00
2017.06.20 09:16:38.413,1.41649,1.41654,1.00,1.00
2017.06.20 09:16:38.517,1.41649,1.41657,1.00,1.00
2017.06.20 09:16:38.722,1.41651,1.41655,1.00,1.00
2017.06.20 09:16:42.874,1.41651,1.41658,1.00,1.00
2017.06.20 09:16:43.173,1.41651,1.4166,1.00,1.00
2017.06.20 09:16:44.627,1.41651,1.41657,1.00,1.00
2017.06.20 09:16:44.933,1.41648,1.41654,1.00,1.00
2017.06.20 09:16:45.241,1.41642,1.41647,1.00,1.00
2017.06.20 09:16:45.757,1.41642,1.41652,1.45,1.00
2017.06.20 09:16:45.861,1.41646,1.41655,1.00,1.87
2017.06.20 09:16:45.913,1.41646,1.41655,1.00,1.12
2017.06.20 09:16:45.965,1.41646,1.41655,1.37,1.00
2017.06.20 09:16:46.490,1.41646,1.41655,1.37,1.00
2017.06.20 09:16:47.041,1.41646,1.41655,1.00,1.00
2017.06.20 09:16:48.630,1.41646,1.41656,1.12,1.00
2017.06.20 09:16:49.230,1.41646,1.41656,1.00,1.37
2017.06.20 09:16:49.742,1.41646,1.41654,1.00,1.00
2017.06.20 09:16:51.149,1.41646,1.41655,1.00,1.00
2017.06.20 09:16:51.639,1.41646,1.41651,1.00,1.00
2017.06.20 09:16:51.691,1.41646,1.41654,1.00,1.00
2017.06.20 09:16:53.102,1.41646,1.41654,1.00,1.37
2017.06.20 09:16:54.299,1.41646,1.41655,1.00,1.12
2017.06.20 09:16:54.809,1.41646,1.41653,1.12,1.00
2017.06.20 09:16:54.861,1.41646,1.41658,1.12,2.62
2017.06.20 09:16:55.373,1.41646,1.41657,1.00,1.00
2017.06.20 09:16:55.665,1.41652,1.41658,1.00,2.62
2017.06.20 09:16:56.554,1.41655,1.41659,1.00,1.12
2017.06.20 09:16:56.658,1.41649,1.41662,1.95,1.37
2017.06.20 09:16:56.709,1.41659,1.41663,1.00,1.00
2017.06.20 09:16:56.914,1.41658,1.41664,1.00,1.31
2017.06.20 09:16:58.183,1.41657,1.41661,1.00,1.00
2017.06.20 09:16:59.045,1.41658,1.41662,1.50,1.00
2017.06.20 09:16:59.250,1.41662,1.41666,1.00,1.87
2017.06.20 09:16:59.405,1.41669,1.41673,1.00,1.00
2017.06.20 09:16:59.508,1.41669,1.41675,1.00,1.12
2017.06.20 09:16:59.611,1.41672,1.41676,1.00,1.00
2017.06.20 09:17:00.513,1.41672,1.41678,1.00,1.12
2017.06.20 09:17:00.833,1.4167,1.41677,1.00,1.12
2017.06.20 09:17:01.755,1.41668,1.41676,1.50,2.21
2017.06.20 09:17:02.928,1.41669,1.41675,1.00,2.96
2017.06.20 09:17:03.731,1.41671,1.41676,1.00,1.87
2017.06.20 09:17:04.238,1.41672,1.41678,1.00,1.12
2017.06.20 09:17:04.776,1.41672,1.41677,1.00,1.00
2017.06.20 09:17:05.134,1.41672,1.41681,1.00,1.87
2017.06.20 09:17:05.186,1.41672,1.41681,1.00,1.00
2017.06.20 09:17:06.727,1.41672,1.4168,1.00,1.00
2017.06.20 09:17:07.241,1.41672,1.41681,1.00,1.12
2017.06.20 09:17:07.746,1.41672,1.41681,1.00,1.50
2017.06.20 09:17:08.292,1.41672,1.4168,1.00,1.37
2017.06.20 09:17:10.240,1.41675,1.41683,1.00,2.25
2017.06.20 09:17:10.342,1.41675,1.41686,1.00,1.50
2017.06.20 09:17:10.446,1.41675,1.41687,1.00,1.50
2017.06.20 09:17:10.650,1.4168,1.41688,1.00,1.37
2017.06.20 09:17:10.702,1.41677,1.41688,1.00,1.37
2017.06.20 09:17:14.429,1.41677,1.41685,1.00,1.00
2017.06.20 09:17:15.712,1.41677,1.41687,1.00,1.00
2017.06.20 09:17:16.810,1.41678,1.41687,1.00,1.00
2017.06.20 09:17:17.016,1.41678,1.41689,1.00,1.00
2017.06.20 09:17:17.118,1.4168,1.41689,1.00,1.00
2017.06.20 09:17:17.918,1.41678,1.4169,1.00,1.87
2017.06.20 09:17:21.111,1.41677,1.4169,1.50,1.87
2017.06.20 09:17:21.841,1.41677,1.41688,1.00,1.12
2017.06.20 09:17:21.923,1.41677,1.41688,1.00,1.87
2017.06.20 09:17:21.975,1.41675,1.41686,1.00,1.50
2017.06.20 09:17:22.028,1.41673,1.41686,1.00,1.50
2017.06.20 09:17:22.541,1.41672,1.41685,1.00,1.37
2017.06.20 09:17:24.387,1.41671,1.41685,1.12,1.37
2017.06.20 09:17:28.270,1.41677,1.41685,1.00,1.37
2017.06.20 09:17:28.323,1.41677,1.41689,1.12,1.75
2017.06.20 09:17:28.834,1.41678,1.41691,1.12,1.75
2017.06.20 09:17:28.938,1.41678,1.41691,1.12,1.12
2017.06.20 09:17:29.144,1.41682,1.41694,1.00,1.12
2017.06.20 09:17:29.315,1.41682,1.41696,1.12,1.50
2017.06.20 09:17:29.672,1.41685,1.41697,1.00,1.50
2017.06.20 09:17:29.775,1.41682,1.41698,1.95,2.62
2017.06.20 09:17:30.427,1.41682,1.41696,1.95,1.50
2017.06.20 09:17:30.712,1.41681,1.41695,1.01,1.00
2017.06.20 09:17:30.763,1.41683,1.41696,1.00,1.50
2017.06.20 09:17:31.121,1.41682,1.41694,1.37,1.00
2017.06.20 09:17:31.224,1.41682,1.41694,1.12,1.00
2017.06.20 09:17:31.630,1.41682,1.41694,1.85,1.00
2017.06.20 09:17:31.989,1.41682,1.41697,2.70,1.12
2017.06.20 09:17:32.527,1.41684,1.41698,1.10,1.00
2017.06.20 09:17:33.127,1.41684,1.41698,1.50,1.12
2017.06.20 09:17:34.141,1.41684,1.41698,1.12,1.12
2017.06.20 09:17:35.004,1.41682,1.41697,1.76,1.00
2017.06.20 09:17:35.635,1.41683,1.41697,1.10,1.00
2017.06.20 09:17:36.884,1.41682,1.41697,1.76,1.00
2017.06.20 09:17:36.987,1.41683,1.41697,1.82,1.00
2017.06.20 09:17:37.038,1.41682,1.41698,4.01,1.00
2017.06.20 09:17:37.345,1.41682,1.41696,2.70,1.00
2017.06.20 09:17:37.861,1.41682,1.41696,2.70,1.12
2017.06.20 09:17:38.748,1.41684,1.41697,1.47,1.12
2017.06.20 09:17:39.210,1.41684,1.41697,1.57,1.00
2017.06.20 09:17:41.290,1.41684,1.41698,2.32,1.00
2017.06.20 09:17:41.872,1.41686,1.41699,1.00,1.00
2017.06.20 09:17:42.183,1.41688,1.41701,1.07,1.00
2017.06.20 09:17:42.235,1.41687,1.41703,1.76,1.00
2017.06.20 09:17:42.286,1.41688,1.41701,1.50,1.00
2017.06.20 09:17:42.931,1.41688,1.41699,1.10,1.00
2017.06.20 09:17:43.637,1.41687,1.417,1.01,1.00
2017.06.20 09:17:44.139,1.41687,1.41699,1.01,1.00
2017.06.20 09:17:44.824,1.41687,1.41699,1.01,1.00
2017.06.20 09:17:45.353,1.41688,1.41698,1.01,1.00
2017.06.20 09:17:47.582,1.41686,1.41696,2.70,1.00
2017.06.20 09:17:47.633,1.41686,1.41695,1.95,1.00
2017.06.20 09:17:47.789,1.41684,1.4169,1.37,1.00
2017.06.20 09:17:47.841,1.41681,1.41691,1.01,1.00
2017.06.20 09:17:48.365,1.4168,1.4169,1.47,1.00
2017.06.20 09:17:50.449,1.4168,1.4169,2.32,1.00
2017.06.20 09:17:50.598,1.41683,1.41693,1.57,1.00
2017.06.20 09:17:51.099,1.41683,1.41693,2.04,1.00
2017.06.20 09:17:53.602,1.41683,1.41693,2.14,1.00
2017.06.20 09:17:54.116,1.41684,1.41693,1.69,1.00
2017.06.20 09:17:54.410,1.41682,1.41693,2.32,1.00
2017.06.20 09:17:55.543,1.41683,1.41693,1.50,1.00
2017.06.20 09:17:56.345,1.41683,1.41692,1.50,1.00
2017.06.20 09:17:56.858,1.41683,1.41693,1.37,1.00
2017.06.20 09:17:57.012,1.41681,1.41693,1.87,1.00
2017.06.20 09:17:58.283,1.41682,1.41693,1.37,1.00
2017.06.20 09:17:58.825,1.41682,1.41692,1.37,1.00
2017.06.20 09:18:00.003,1.41683,1.41692,1.37,1.00
2017.06.20 09:18:01.135,1.41683,1.41691,1.37,1.00
2017.06.20 09:18:01.187,1.41681,1.41691,1.87,1.00
2017.06.20 09:18:01.546,1.41681,1.41693,1.87,1.00
2017.06.20 09:18:01.853,1.41683,1.41693,1.37,1.00
2017.06.20 09:18:02.397,1.41684,1.41693,1.37,1.00
2017.06.20 09:18:02.914,1.41684,1.41694,1.37,1.00
2017.06.20 09:18:03.460,1.41685,1.41694,1.37,1.00
2017.06.20 09:18:04.233,1.41686,1.41694,1.37,1.00
2017.06.20 09:18:07.486,1.41683,1.41694,1.50,1.00
2017.06.20 09:18:13.102,1.41681,1.41692,2.06,1.00
2017.06.20 09:18:13.618,1.41678,1.41689,1.87,1.00
2017.06.20 09:18:13.670,1.41677,1.41687,1.39,1.00
2017.06.20 09:18:14.725,1.41677,1.41687,1.25,1.00
2017.06.20 09:18:15.791,1.41676,1.41687,1.94,1.00
2017.06.20 09:18:16.098,1.41676,1.41685,1.31,1.00
2017.06.20 09:18:19.138,1.41676,1.41685,1.56,1.00
2017.06.20 09:18:20.109,1.41674,1.41685,2.06,1.00
2017.06.20 09:18:21.208,1.41673,1.41685,1.50,1.00
2017.06.20 09:18:23.486,1.41673,1.41685,1.75,1.00
2017.06.20 09:18:24.279,1.41672,1.41685,1.31,1.00
2017.06.20 09:18:24.847,1.41674,1.41685,1.25,1.00
2017.06.20 09:18:24.898,1.41673,1.41685,1.94,1.00
2017.06.20 09:18:25.241,1.41678,1.41686,1.00,1.00
2017.06.20 09:18:25.878,1.41678,1.41687,1.00,1.00
2017.06.20 09:18:26.391,1.41676,1.41687,2.06,1.00
2017.06.20 09:18:27.232,1.41676,1.41687,1.62,1.00
2017.06.20 09:18:29.960,1.41677,1.41686,1.00,1.00
2017.06.20 09:18:33.684,1.41677,1.41685,1.00,1.00
2017.06.20 09:18:34.200,1.41676,1.41684,1.37,1.00
2017.06.20 09:18:35.148,1.41675,1.41684,1.37,1.00
2017.06.20 09:18:36.231,1.41674,1.41684,1.12,1.00
2017.06.20 09:18:37.380,1.41674,1.41684,1.87,1.00
2017.06.20 09:18:38.286,1.41674,1.41685,1.87,1.00
2017.06.20 09:18:38.974,1.41677,1.41684,1.00,1.00
2017.06.20 09:18:39.078,1.41677,1.41686,1.00,1.00
2017.06.20 09:18:39.622,1.41677,1.41685,1.00,1.00
2017.06.20 09:18:39.827,1.41678,1.41687,1.00,1.00
2017.06.20 09:18:39.879,1.4168,1.41687,1.37,1.00
2017.06.20 09:18:40.102,1.4168,1.41689,1.37,1.00
2017.06.20 09:18:41.837,1.4168,1.41689,1.37,1.00
2017.06.20 09:18:43.635,1.41682,1.41689,1.37,1.00
2017.06.20 09:18:43.687,1.41683,1.41691,1.37,1.00
2017.06.20 09:18:44.232,1.41683,1.41692,1.37,1.00
2017.06.20 09:18:44.541,1.41687,1.41696,1.50,1.00
2017.06.20 09:18:44.952,1.41687,1.41694,1.50,1.00
2017.06.20 09:18:45.550,1.41688,1.41695,1.50,1.00
2017.06.20 09:18:45.960,1.4169,1.41696,1.50,1.00
2017.06.20 09:18:47.280,1.41688,1.41695,1.37,1.00
2017.06.20 09:18:48.276,1.41688,1.41694,1.37,1.00
2017.06.20 09:18:49.469,1.41688,1.41695,1.37,1.00
2017.06.20 09:18:49.520,1.41686,1.41695,1.37,1.00
2017.06.20 09:18:51.599,1.41686,1.41694,1.37,1.00
2017.06.20 09:18:52.573,1.41685,1.41694,1.50,1.00
2017.06.20 09:18:53.019,1.41685,1.41692,1.37,1.00
2017.06.20 09:18:53.122,1.41685,1.41694,1.37,1.00
2017.06.20 09:18:53.225,1.41683,1.41692,1.37,1.00
2017.06.20 09:18:53.589,1.41683,1.4169,1.37,1.00
2017.06.20 09:18:54.802,1.41681,1.41689,1.50,1.00
2017.06.20 09:18:55.319,1.41681,1.41688,1.50,1.00
2017.06.20 09:18:56.324,1.41681,1.41689,1.50,1.00
2017.06.20 09:18:56.852,1.41681,1.41689,1.50,1.00
2017.06.20 09:18:57.414,1.41683,1.41689,1.00,1.00
2017.06.20 09:18:57.926,1.4168,1.4169,1.95,1.00
2017.06.20 09:18:58.654,1.4168,1.4169,2.70,1.00
2017.06.20 09:18:59.182,1.4168,1.41689,1.37,1.00
2017.06.20 09:18:59.993,1.41679,1.41689,2.17,1.00
2017.06.20 09:19:01.058,1.41679,1.41689,1.20,1.00
2017.06.20 09:19:01.576,1.4168,1.41689,1.45,1.00
2017.06.20 09:19:02.087,1.41681,1.41689,1.10,1.00
2017.06.20 09:19:02.315,1.41681,1.41689,1.20,1.00
2017.06.20 09:19:02.764,1.41679,1.41687,1.07,1.00
2017.06.20 09:19:02.816,1.41678,1.41685,1.07,1.00
2017.06.20 09:19:03.124,1.41677,1.41685,1.07,1.00
2017.06.20 09:19:03.651,1.41679,1.41687,1.05,1.00
2017.06.20 09:19:03.703,1.41679,1.41687,1.84,1.00
2017.06.20 09:19:03.756,1.4168,1.41687,1.07,1.00
2017.06.20 09:19:04.312,1.4168,1.41688,1.45,1.00
2017.06.20 09:19:04.415,1.41681,1.41689,1.07,1.00
2017.06.20 09:19:04.929,1.41682,1.4169,1.45,1.00
2017.06.20 09:19:05.083,1.41679,1.41689,1.96,1.00
2017.06.20 09:19:05.135,1.41679,1.41688,1.45,1.00
2017.06.20 09:19:05.526,1.41679,1.41687,1.45,1.00
2017.06.20 09:19:05.839,1.41675,1.41683,1.69,1.00
2017.06.20 09:19:05.892,1.41673,1.41682,3.82,1.00
2017.06.20 09:19:05.944,1.41673,1.4168,1.20,1.00
2017.06.20 09:19:06.202,1.41673,1.41679,1.00,1.00
2017.06.20 09:19:06.306,1.41673,1.4168,1.00,1.00
2017.06.20 09:19:06.829,1.41673,1.4168,1.05,1.00
2017.06.20 09:19:09.640,1.4167,1.41679,1.75,1.00
2017.06.20 09:19:10.581,1.4167,1.41679,1.20,1.00
2017.06.20 09:19:11.167,1.4167,1.41678,1.20,1.00
2017.06.20 09:19:11.219,1.41671,1.41677,1.00,1.00
2017.06.20 09:19:11.322,1.4167,1.41676,1.00,1.00
2017.06.20 09:19:11.846,1.41666,1.41676,1.82,1.00
2017.06.20 09:19:12.362,1.41667,1.41676,1.45,1.00
2017.06.20 09:19:12.892,1.41666,1.41675,1.95,1.00
2017.06.20 09:19:13.202,1.41667,1.41677,1.45,1.00
2017.06.20 09:19:13.848,1.41667,1.41678,1.45,1.00
2017.06.20 09:19:16.020,1.41667,1.41677,1.20,1.00
2017.06.20 09:19:16.435,1.41666,1.41677,1.45,1.00
2017.06.20 09:19:16.590,1.41665,1.41675,1.45,1.00
2017.06.20 09:19:17.109,1.41664,1.41675,1.76,1.00
2017.06.20 09:19:17.671,1.41664,1.41675,2.92,1.00
2017.06.20 09:19:18.521,1.41664,1.41676,2.92,1.00
2017.06.20 09:19:19.822,1.41665,1.41676,1.45,1.00
2017.06.20 09:19:20.372,1.41665,1.41676,1.45,1.00
2017.06.20 09:19:20.862,1.41664,1.41674,1.57,1.00
2017.06.20 09:19:22.010,1.41664,1.41675,1.57,1.00
2017.06.20 09:19:23.986,1.41665,1.41677,1.20,1.00
2017.06.20 09:19:24.160,1.41666,1.41679,2.51,1.00
2017.06.20 09:19:25.185,1.41667,1.41679,1.20,1.00
2017.06.20 09:19:25.493,1.41667,1.41677,1.00,1.00
2017.06.20 09:19:25.835,1.41667,1.41676,1.57,1.00
2017.06.20 09:19:25.886,1.41667,1.41678,1.57,1.00
2017.06.20 09:19:26.041,1.41669,1.4168,1.45,1.00
2017.06.20 09:19:26.552,1.4167,1.4168,1.57,1.00
2017.06.20 09:19:27.282,1.41671,1.41681,1.07,1.00
2017.06.20 09:19:27.821,1.4167,1.41681,1.82,1.00
2017.06.20 09:19:28.367,1.41671,1.41681,1.07,1.00
2017.06.20 09:19:28.918,1.41671,1.4168,1.00,1.00
2017.06.20 09:19:29.258,1.41668,1.41678,1.87,1.00
2017.06.20 09:19:29.310,1.41668,1.41678,1.00,1.00
2017.06.20 09:19:29.900,1.41666,1.41677,1.80,1.00
2017.06.20 09:19:30.455,1.41666,1.41677,1.80,1.00
2017.06.20 09:19:32.675,1.41667,1.41679,1.56,1.00
2017.06.20 09:19:33.017,1.41667,1.41677,1.50,1.00
2017.06.20 09:19:33.069,1.41667,1.41677,1.12,1.00
2017.06.20 09:19:33.581,1.41667,1.41677,1.20,1.00
2017.06.20 09:19:34.124,1.41667,1.41676,1.10,1.00
2017.06.20 09:19:34.545,1.41667,1.41679,1.45,1.00
2017.06.20 09:19:35.059,1.4167,1.41679,1.20,1.00
2017.06.20 09:19:35.982,1.4167,1.41679,1.07,1.00
2017.06.20 09:19:36.578,1.41668,1.41679,1.82,1.00
2017.06.20 09:19:37.132,1.41669,1.41679,1.20,1.00
2017.06.20 09:19:38.190,1.4167,1.41679,1.45,1.00
2017.06.20 09:19:38.241,1.4167,1.41681,1.45,1.00
2017.06.20 09:19:38.752,1.4167,1.41681,1.95,1.00
2017.06.20 09:19:41.304,1.41672,1.41683,1.01,1.00
2017.06.20 09:19:41.612,1.41675,1.41684,1.24,1.00
2017.06.20 09:19:41.768,1.41675,1.41686,1.99,1.00
2017.06.20 09:19:41.973,1.41676,1.41685,1.10,1.00
2017.06.20 09:19:42.025,1.41674,1.41685,1.20,1.00
2017.06.20 09:19:42.077,1.41673,1.41683,1.45,1.00
2017.06.20 09:19:43.706,1.41673,1.41682,1.00,1.00
2017.06.20 09:19:44.058,1.4166,1.41668,1.12,1.00
2017.06.20 09:19:44.111,1.41659,1.41671,1.75,1.00
2017.06.20 09:19:44.163,1.41664,1.41673,1.00,1.00
2017.06.20 09:19:44.471,1.4166,1.41669,2.14,1.00
2017.06.20 09:19:44.523,1.4166,1.41669,1.39,1.00
2017.06.20 09:19:44.951,1.4166,1.41668,1.00,1.00
2017.06.20 09:19:45.669,1.41658,1.41667,1.75,1.00
2017.06.20 09:19:46.210,1.41659,1.41667,1.12,1.00
2017.06.20 09:19:47.584,1.41656,1.41666,1.12,1.00
2017.06.20 09:19:47.636,1.41659,1.41669,1.87,1.00
2017.06.20 09:19:47.687,1.41661,1.41671,3.04,1.00
2017.06.20 09:19:47.841,1.41663,1.41675,2.89,1.00
2017.06.20 09:19:47.944,1.41664,1.41673,1.12,1.00
2017.06.20 09:19:48.047,1.41665,1.41673,1.00,1.00
2017.06.20 09:19:48.202,1.41664,1.41674,1.75,1.00
2017.06.20 09:19:49.624,1.41664,1.41674,1.12,1.00
2017.06.20 09:19:49.830,1.41662,1.41672,1.50,1.00
2017.06.20 09:19:50.001,1.41658,1.41668,1.75,1.00
2017.06.20 09:19:50.598,1.41658,1.41669,1.75,1.00
2017.06.20 09:19:50.925,1.41657,1.41668,1.67,1.00
2017.06.20 09:19:51.028,1.41656,1.41666,2.10,1.00
2017.06.20 09:19:51.543,1.41655,1.41665,1.12,1.00
2017.06.20 09:19:52.332,1.41655,1.41665,1.12,1.00
2017.06.20 09:19:53.397,1.41654,1.41665,1.50,1.00
2017.06.20 09:19:54.065,1.41654,1.41667,1.75,1.00
2017.06.20 09:19:57.287,1.41653,1.41662,1.75,1.00
2017.06.20 09:19:57.391,1.4165,1.41659,1.00,1.00
2017.06.20 09:19:58.065,1.41651,1.41662,1.37,1.00
2017.06.20 09:19:58.372,1.4165,1.41659,1.12,1.00
2017.06.20 09:19:58.884,1.41649,1.41659,1.12,1.00
2017.06.20 09:19:59.830,1.4165,1.41659,1.00,1.00
2017.06.20 09:20:00.312,1.41649,1.41661,1.12,1.00
2017.06.20 09:20:00.766,1.41648,1.4166,2.62,1.00
2017.06.20 09:20:00.818,1.41649,1.41662,3.00,1.00
2017.06.20 09:20:01.347,1.4165,1.41661,1.75,1.00
2017.06.20 09:20:02.503,1.41651,1.41661,1.00,1.00
2017.06.20 09:20:03.889,1.41652,1.41663,1.37,1.00
2017.06.20 09:20:04.402,1.41649,1.41662,2.22,1.00
2017.06.20 09:20:04.911,1.41652,1.41661,1.00,1.00
2017.06.20 09:20:06.120,1.41649,1.41661,2.55,1.00
2017.06.20 09:20:06.647,1.41652,1.41661,1.00,1.00
2017.06.20 09:20:08.104,1.41651,1.41661,1.00,1.00
2017.06.20 09:20:09.214,1.41648,1.4166,1.37,1.00
2017.06.20 09:20:09.724,1.41647,1.4166,2.62,1.00
2017.06.20 09:20:10.287,1.41648,1.4166,1.75,1.00
2017.06.20 09:20:10.963,1.41649,1.41662,2.05,1.00
2017.06.20 09:20:11.528,1.4165,1.41664,1.37,1.50
2017.06.20 09:20:12.136,1.4165,1.41664,1.75,1.50
2017.06.20 09:20:13.286,1.41651,1.41664,1.00,1.12
2017.06.20 09:20:13.839,1.41651,1.41663,1.00,1.00
2017.06.20 09:20:15.681,1.41649,1.41663,3.22,1.00
2017.06.20 09:20:17.965,1.41651,1.41663,1.00,1.00
2017.06.20 09:20:18.679,1.4165,1.41663,1.00,1.00
2017.06.20 09:20:19.827,1.41649,1.41663,1.12,1.00
2017.06.20 09:20:20.332,1.41649,1.41663,1.87,1.37
2017.06.20 09:20:20.843,1.41649,1.41663,2.25,1.12
2017.06.20 09:20:22.239,1.41649,1.41663,2.47,1.12
2017.06.20 09:20:22.597,1.41649,1.41662,1.00,1.00
2017.06.20 09:20:22.751,1.41646,1.4166,3.37,1.00
2017.06.20 09:20:23.273,1.41647,1.4166,1.00,1.00
2017.06.20 09:20:24.004,1.41646,1.4166,1.87,1.00
2017.06.20 09:20:24.617,1.41647,1.4166,1.00,1.00
2017.06.20 09:20:25.134,1.41644,1.41655,1.00,1.00
2017.06.20 09:20:25.237,1.4164,1.41653,1.37,1.12
2017.06.20 09:20:25.750,1.41639,1.41652,1.37,1.00
2017.06.20 09:20:26.302,1.41639,1.41652,1.12,1.00
2017.06.20 09:20:26.816,1.41639,1.41651,1.12,1.00
2017.06.20 09:20:28.370,1.41637,1.41649,1.37,1.00
2017.06.20 09:20:28.889,1.41638,1.4165,1.75,1.00
2017.06.20 09:20:29.106,1.41638,1.41652,1.75,1.00
2017.06.20 09:20:30.021,1.41638,1.41652,1.50,1.00
2017.06.20 09:20:30.996,1.41639,1.41652,1.50,1.00
2017.06.20 09:20:31.853,1.41636,1.4165,3.37,1.00
2017.06.20 09:20:31.904,1.41636,1.41649,1.50,1.00
2017.06.20 09:20:32.416,1.41635,1.41649,2.25,1.12
2017.06.20 09:20:32.962,1.41638,1.4165,1.12,1.00
2017.06.20 09:20:33.014,1.41638,1.41652,3.37,1.00
2017.06.20 09:20:33.321,1.41642,1.41655,1.12,1.50
2017.06.20 09:20:33.373,1.41642,1.41657,1.12,1.00
2017.06.20 09:20:33.993,1.41643,1.41657,1.87,1.00
2017.06.20 09:20:35.336,1.41645,1.41658,1.20,1.12
2017.06.20 09:20:35.388,1.41645,1.4166,1.47,1.00
2017.06.20 09:20:35.934,1.41644,1.4166,5.17,1.00
2017.06.20 09:20:36.613,1.41647,1.4166,1.00,1.00
2017.06.20 09:20:37.127,1.41644,1.41659,1.50,1.00
2017.06.20 09:20:37.434,1.41644,1.41657,1.50,1.00
2017.06.20 09:20:37.991,1.41643,1.41657,1.75,1.00
2017.06.20 09:20:39.098,1.41643,1.41657,3.00,1.00
2017.06.20 09:20:39.626,1.41643,1.41657,1.75,1.00
2017.06.20 09:20:40.517,1.41642,1.41657,1.20,1.00
2017.06.20 09:20:40.824,1.41644,1.41656,1.45,1.00
2017.06.20 09:20:41.131,1.41644,1.41658,1.57,1.00
2017.06.20 09:20:41.388,1.41647,1.4166,1.57,1.00
2017.06.20 09:20:42.985,1.41647,1.4166,1.10,1.00
2017.06.20 09:20:43.036,1.41647,1.41662,1.10,1.00
2017.06.20 09:20:43.088,1.41646,1.4166,3.45,1.12
2017.06.20 09:20:43.398,1.41645,1.41657,1.50,1.12
2017.06.20 09:20:43.928,1.41644,1.41656,1.00,1.12
2017.06.20 09:20:44.439,1.41643,1.41656,1.42,1.00
2017.06.20 09:20:44.985,1.41643,1.41656,1.61,1.00
2017.06.20 09:20:45.506,1.41643,1.41657,2.36,1.00
2017.06.20 09:20:45.814,1.41645,1.4166,1.82,1.00
2017.06.20 09:20:46.336,1.41646,1.4166,1.75,1.00
2017.06.20 09:20:50.062,1.41648,1.4166,1.45,1.00
2017.06.20 09:20:51.089,1.41648,1.4166,1.47,1.00
2017.06.20 09:20:52.076,1.41649,1.4166,1.07,1.00
2017.06.20 09:20:52.578,1.41649,1.41662,1.07,1.00
2017.06.20 09:20:53.123,1.41649,1.41662,1.10,1.00
2017.06.20 09:20:53.431,1.41649,1.41662,1.24,1.00
2017.06.20 09:20:53.825,1.4165,1.41664,1.42,1.50
2017.06.20 09:20:53.878,1.41649,1.41662,1.95,1.00
2017.06.20 09:20:54.179,1.41651,1.41664,1.24,1.12
2017.06.20 09:20:54.282,1.41651,1.41665,2.16,1.12
2017.06.20 09:20:54.819,1.41651,1.41664,1.99,1.00
2017.06.20 09:20:55.127,1.41651,1.41662,1.42,1.00
2017.06.20 09:20:55.647,1.41651,1.41663,1.27,1.00
2017.06.20 09:20:56.348,1.41653,1.41665,2.10,1.37
2017.06.20 09:20:56.503,1.41651,1.41662,2.07,1.00
2017.06.20 09:20:56.605,1.41651,1.4166,1.20,1.00
2017.06.20 09:20:57.145,1.41651,1.4166,1.75,1.00
2017.06.20 09:20:57.685,1.41649,1.41659,2.55,1.00
2017.06.20 09:20:58.188,1.41651,1.41659,1.00,1.00
2017.06.20 09:20:59.445,1.41647,1.41659,2.51,1.00
2017.06.20 09:21:00.009,1.41649,1.41659,1.45,1.00
2017.06.20 09:21:00.112,1.41651,1.41661,1.10,1.00
2017.06.20 09:21:00.856,1.41651,1.41661,1.55,1.00
2017.06.20 09:21:01.375,1.41651,1.41661,1.42,1.00
2017.06.20 09:21:02.018,1.4165,1.41661,1.05,1.00
2017.06.20 09:21:02.568,1.41651,1.41661,1.20,1.00
2017.06.20 09:21:02.673,1.41651,1.41664,2.36,1.00
2017.06.20 09:21:02.776,1.41652,1.41665,3.11,1.00
2017.06.20 09:21:03.289,1.41653,1.41665,1.57,1.00
2017.06.20 09:21:03.828,1.41653,1.41665,2.32,1.00
2017.06.20 09:21:04.831,1.41653,1.41665,1.95,1.00
2017.06.20 09:21:05.832,1.41653,1.41665,1.07,1.00
2017.06.20 09:21:06.375,1.41654,1.41666,1.20,1.00
2017.06.20 09:21:06.992,1.41653,1.41666,1.57,1.00
2017.06.20 09:21:07.746,1.41653,1.41666,1.57,1.00
2017.06.20 09:21:09.339,1.41653,1.41667,1.95,1.50
2017.06.20 09:21:09.683,1.41655,1.41665,2.25,1.00
2017.06.20 09:21:09.735,1.41656,1.41668,1.89,1.00
2017.06.20 09:21:09.838,1.41656,1.41668,1.00,1.00
2017.06.20 09:21:10.148,1.41655,1.41668,1.42,1.00
2017.06.20 09:21:10.251,1.41653,1.41666,3.45,1.00
2017.06.20 09:21:10.428,1.41653,1.41664,1.07,1.00
2017.06.20 09:21:12.321,1.4165,1.41662,3.82,1.00
2017.06.20 09:21:12.817,1.4165,1.4166,1.20,1.00
2017.06.20 09:21:12.920,1.41647,1.41661,4.20,1.00
2017.06.20 09:21:13.023,1.41648,1.41659,1.45,1.00
2017.06.20 09:21:13.730,1.41646,1.41658,2.70,1.00
2017.06.20 09:21:14.336,1.41647,1.41658,1.07,1.00
2017.06.20 09:21:14.894,1.41647,1.41658,1.20,1.00
2017.06.20 09:21:15.398,1.41647,1.41658,1.42,1.00
2017.06.20 09:21:17.588,1.41647,1.41657,1.37,1.00
2017.06.20 09:21:17.947,1.41647,1.4166,1.37,1.00
2017.06.20 09:21:18.760,1.41647,1.41659,2.70,1.00
2017.06.20 09:21:19.229,1.41647,1.41658,1.45,1.00
2017.06.20 09:21:22.974,1.41644,1.41655,3.07,1.00
2017.06.20 09:21:23.434,1.41645,1.41657,1.47,1.00
2017.06.20 09:21:24.708,1.41645,1.41657,1.47,1.00
2017.06.20 09:21:25.071,1.41645,1.41655,1.47,1.00
2017.06.20 09:21:26.333,1.41645,1.41656,1.99,1.00
2017.06.20 09:21:27.874,1.41645,1.41657,3.49,1.00
2017.06.20 09:21:28.402,1.41647,1.41657,1.20,1.00
2017.06.20 09:21:28.963,1.41647,1.41657,1.47,1.00
2017.06.20 09:21:29.270,1.41648,1.41659,2.32,1.00
2017.06.20 09:21:30.074,1.41648,1.41659,3.07,1.00
2017.06.20 09:21:30.382,1.41648,1.4166,1.20,1.00
2017.06.20 09:21:30.844,1.41648,1.41658,3.00,1.00
2017.06.20 09:21:31.153,1.41644,1.41656,2.32,1.00
2017.06.20 09:21:31.445,1.41644,1.41654,1.50,1.00
2017.06.20 09:21:32.007,1.41643,1.41654,2.32,1.00
2017.06.20 09:21:32.315,1.41643,1.41654,2.32,1.00
2017.06.20 09:21:33.437,1.41642,1.41653,2.44,1.00
2017.06.20 09:21:33.590,1.41644,1.41655,2.62,1.00
2017.06.20 09:21:34.105,1.41645,1.41655,1.20,1.00
2017.06.20 09:21:36.735,1.41645,1.41655,1.50,1.00
2017.06.20 09:21:38.888,1.41645,1.41655,1.50,1.00
2017.06.20 09:21:40.663,1.41645,1.41655,2.06,1.00
2017.06.20 09:21:44.473,1.41647,1.41657,1.50,1.00
2017.06.20 09:21:45.074,1.41647,1.41657,1.00,1.00
2017.06.20 09:21:45.412,1.41651,1.41658,1.00,1.00
2017.06.20 09:21:48.730,1.4165,1.41658,1.00,1.00
2017.06.20 09:21:52.565,1.41649,1.41658,1.00,1.00
2017.06.20 09:21:54.030,1.4165,1.41658,1.00,1.00
2017.06.20 09:21:54.235,1.41648,1.41658,1.00,1.00
2017.06.20 09:21:58.234,1.41647,1.41658,1.00,1.00
2017.06.20 09:21:58.286,1.41644,1.41658,1.87,1.50
2017.06.20 09:21:58.889,1.41644,1.41656,1.87,1.00
2017.06.20 09:21:59.405,1.41644,1.41656,1.50,1.00
2017.06.20 09:22:00.354,1.41641,1.41654,1.37,1.50
2017.06.20 09:22:02.096,1.41641,1.41654,1.00,2.25
2017.06.20 09:22:02.198,1.41638,1.41652,1.87,1.00
2017.06.20 09:22:02.250,1.41638,1.41652,1.00,1.00
2017.06.20 09:22:03.239,1.41638,1.41651,1.00,1.00
2017.06.20 09:22:04.471,1.41637,1.41651,2.25,1.00
2017.06.20 09:22:05.020,1.41638,1.41652,2.62,1.50
2017.06.20 09:22:07.661,1.41638,1.41652,2.62,1.50
2017.06.20 09:22:15.892,1.41637,1.41652,1.87,1.87
2017.06.20 09:22:17.005,1.41638,1.41652,1.50,1.87
2017.06.20 09:22:19.367,1.41637,1.41652,1.87,1.87
2017.06.20 09:22:19.419,1.41644,1.41652,1.00,1.12
2017.06.20 09:22:19.940,1.41644,1.41652,1.00,1.37
2017.06.20 09:22:20.831,1.41646,1.41652,1.00,1.00
2017.06.20 09:22:20.882,1.41644,1.41652,1.00,1.00
2017.06.20 09:22:20.934,1.41642,1.41652,1.00,1.00
2017.06.20 09:22:22.790,1.41639,1.41647,1.00,1.00
2017.06.20 09:22:22.978,1.41636,1.41645,1.50,1.00
2017.06.20 09:22:23.338,1.41637,1.41645,1.37,1.00
2017.06.20 09:22:23.858,1.41637,1.41646,1.12,1.00
2017.06.20 09:22:24.296,1.41635,1.41644,2.14,1.00
2017.06.20 09:22:24.502,1.41638,1.41646,1.00,1.00
2017.06.20 09:22:24.554,1.41637,1.41646,1.87,1.00
2017.06.20 09:22:25.992,1.41638,1.41646,1.37,1.00
2017.06.20 09:22:28.875,1.41636,1.41646,1.39,1.00
2017.06.20 09:22:29.247,1.41634,1.41644,2.25,1.00
2017.06.20 09:22:31.023,1.41634,1.41644,1.85,1.00
2017.06.20 09:22:33.154,1.41635,1.41644,1.12,1.00
2017.06.20 09:22:35.350,1.41635,1.41644,1.50,1.00
2017.06.20 09:22:35.661,1.41632,1.41637,1.12,1.00
2017.06.20 09:22:35.815,1.41629,1.41637,1.37,1.00
2017.06.20 09:22:36.326,1.41629,1.41636,1.37,1.00
2017.06.20 09:22:36.887,1.41628,1.41637,1.87,1.00
2017.06.20 09:22:39.136,1.41627,1.41637,1.66,1.00
2017.06.20 09:22:39.391,1.41628,1.41639,2.81,1.00
2017.06.20 09:22:40.144,1.41629,1.41639,1.00,1.00
2017.06.20 09:22:40.697,1.41629,1.41638,1.12,1.00
2017.06.20 09:22:41.213,1.41628,1.41638,1.00,1.00
2017.06.20 09:22:41.316,1.41629,1.41639,1.37,1.00
2017.06.20 09:22:41.368,1.4163,1.41639,1.12,1.00
2017.06.20 09:22:41.419,1.4163,1.41641,1.12,1.00
2017.06.20 09:22:41.471,1.4163,1.41641,1.37,1.00
2017.06.20 09:22:42.791,1.41637,1.41644,1.00,1.00
2017.06.20 09:22:42.995,1.41637,1.41646,1.00,1.00
2017.06.20 09:22:43.201,1.41637,1.41649,1.00,1.12
2017.06.20 09:22:44.538,1.41637,1.41646,1.00,1.00
2017.06.20 09:22:45.568,1.41638,1.41646,1.00,1.00
2017.06.20 09:22:46.294,1.41637,1.41646,1.00,1.00
2017.06.20 09:22:49.020,1.41638,1.41646,1.00,1.00
2017.06.20 09:22:50.521,1.41632,1.41646,1.87,1.00
2017.06.20 09:22:53.154,1.41633,1.41646,1.00,1.00
2017.06.20 09:22:54.594,1.41639,1.41646,1.00,1.00
2017.06.20 09:22:58.157,1.41636,1.41646,1.00,1.00
2017.06.20 09:23:01.891,1.41637,1.41646,1.00,1.00
2017.06.20 09:23:02.402,1.41636,1.41646,1.00,1.00
2017.06.20 09:23:03.087,1.41634,1.41646,1.37,1.00
2017.06.20 09:23:03.631,1.41634,1.41646,1.12,1.00
2017.06.20 09:23:05.852,1.41636,1.41646,1.00,1.00
2017.06.20 09:23:09.436,1.41633,1.41646,1.50,1.00
2017.06.20 09:23:10.016,1.41634,1.41646,1.00,1.00
2017.06.20 09:23:10.547,1.41634,1.41647,1.00,1.00
2017.06.20 09:23:12.192,1.41633,1.41647,2.62,1.00
2017.06.20 09:23:15.458,1.41633,1.41647,2.25,1.00
2017.06.20 09:23:15.817,1.41634,1.41645,1.87,1.00
2017.06.20 09:23:19.090,1.41631,1.41644,1.20,1.00
2017.06.20 09:23:20.782,1.41632,1.41644,1.37,1.00
2017.06.20 09:23:21.627,1.41635,1.41648,1.00,1.12
2017.06.20 09:23:23.146,1.41636,1.41648,1.00,1.00
2017.06.20 09:23:23.250,1.41637,1.41651,1.00,1.50
2017.06.20 09:23:23.302,1.41639,1.41651,1.00,1.50
2017.06.20 09:23:23.833,1.41639,1.41649,1.00,1.00
2017.06.20 09:23:24.360,1.41638,1.41649,1.00,1.00
2017.06.20 09:23:25.788,1.41637,1.41649,1.00,1.00
2017.06.20 09:23:29.597,1.41638,1.41649,1.00,1.12
2017.06.20 09:23:31.012,1.41636,1.41648,1.00,1.45
2017.06.20 09:23:31.117,1.41638,1.41649,1.00,1.50
2017.06.20 09:23:31.255,1.41633,1.41645,1.00,1.50
2017.06.20 09:23:31.932,1.41633,1.41645,1.00,1.57
2017.06.20 09:23:32.290,1.41632,1.4164,1.00,1.00
2017.06.20 09:23:32.534,1.41633,1.41645,1.50,1.00
2017.06.20 09:23:32.638,1.41633,1.41647,3.60,1.00
2017.06.20 09:23:32.692,1.41636,1.41648,1.37,1.00
2017.06.20 09:23:33.206,1.41635,1.41649,3.37,1.00
2017.06.20 09:23:33.604,1.41635,1.41648,2.62,1.00
2017.06.20 09:23:33.707,1.41635,1.41646,2.25,1.00
2017.06.20 09:23:34.279,1.41633,1.41646,1.50,1.00
2017.06.20 09:23:34.808,1.41632,1.41645,1.00,1.00
2017.06.20 09:23:35.332,1.41634,1.41648,1.00,1.00
2017.06.20 09:23:35.387,1.41639,1.4165,1.50,1.87
2017.06.20 09:23:35.490,1.41642,1.41656,1.87,1.75
2017.06.20 09:23:35.593,1.41643,1.41656,1.00,1.00
2017.06.20 09:23:35.698,1.41645,1.41657,1.87,1.00
2017.06.20 09:23:35.853,1.41647,1.41661,1.50,1.50
2017.06.20 09:23:36.263,1.41649,1.41661,1.37,1.00
2017.06.20 09:23:36.452,1.4165,1.41664,1.37,1.00
2017.06.20 09:23:37.627,1.4165,1.41664,1.37,1.00
2017.06.20 09:23:38.560,1.41651,1.41665,3.37,1.00
2017.06.20 09:23:38.713,1.41651,1.41667,4.54,1.00
2017.06.20 09:23:38.816,1.41654,1.4167,1.37,1.87
2017.06.20 09:23:38.868,1.41654,1.4167,5.06,1.50
2017.06.20 09:23:39.023,1.41658,1.41672,1.87,1.00
2017.06.20 09:23:39.076,1.4166,1.41673,1.00,1.00
2017.06.20 09:23:39.624,1.41658,1.41672,2.62,1.00
2017.06.20 09:23:40.770,1.41658,1.41674,4.12,1.50
2017.06.20 09:23:41.008,1.41658,1.41672,1.87,1.00
2017.06.20 09:23:41.341,1.41658,1.4167,3.37,1.00
2017.06.20 09:23:42.638,1.41658,1.4167,3.37,1.00
2017.06.20 09:23:43.742,1.41658,1.41671,1.95,1.00
2017.06.20 09:23:43.794,1.41661,1.41677,1.37,1.95
2017.06.20 09:23:43.845,1.41667,1.41677,1.00,1.10
2017.06.20 09:23:43.948,1.41668,1.41679,1.00,1.00
2017.06.20 09:23:44.479,1.41667,1.41679,1.00,1.00
2017.06.20 09:23:44.993,1.41666,1.41679,1.00,1.00
2017.06.20 09:23:45.248,1.41668,1.41679,1.00,1.00
2017.06.20 09:23:45.724,1.4167,1.41682,1.00,1.00
2017.06.20 09:23:45.828,1.41672,1.41684,1.00,1.82
2017.06.20 09:23:45.880,1.4167,1.41683,1.00,1.50
2017.06.20 09:23:45.983,1.41673,1.41683,1.00,1.00
2017.06.20 09:23:46.343,1.41675,1.41684,1.00,1.00
2017.06.20 09:23:47.877,1.41675,1.41687,1.00,1.00
2017.06.20 09:23:49.274,1.41673,1.41687,1.00,1.00
2017.06.20 09:23:50.621,1.4168,1.41687,1.00,1.00
2017.06.20 09:23:50.776,1.4168,1.41694,1.91,1.00
2017.06.20 09:23:50.984,1.41684,1.41694,1.75,1.00
2017.06.20 09:23:51.088,1.41683,1.41693,1.50,1.00
2017.06.20 09:23:51.992,1.41685,1.41699,1.00,1.87
2017.06.20 09:23:53.671,1.41689,1.41697,1.00,1.00
2017.06.20 09:23:54.661,1.41687,1.417,1.00,1.95
2017.06.20 09:23:54.714,1.41689,1.417,1.00,1.95
2017.06.20 09:23:55.257,1.4169,1.417,1.00,1.75
2017.06.20 09:23:56.311,1.4169,1.41701,1.00,2.32
2017.06.20 09:23:56.885,1.4169,1.41699,1.00,1.37
2017.06.20 09:23:57.208,1.4169,1.41699,1.00,1.37
2017.06.20 09:23:57.363,1.4169,1.417,1.00,1.12
2017.06.20 09:23:57.467,1.41693,1.41702,1.00,1.12
2017.06.20 09:23:57.776,1.41699,1.41709,1.00,1.75
2017.06.20 09:23:57.930,1.41701,1.4171,1.00,1.12
2017.06.20 09:23:58.535,1.41701,1.41713,1.00,1.82
2017.06.20 09:23:59.049,1.41701,1.41713,1.00,1.75
2017.06.20 09:23:59.593,1.41702,1.41711,1.00,1.00
2017.06.20 09:24:00.108,1.41698,1.41711,1.00,1.00
2017.06.20 09:24:00.391,1.41698,1.4171,1.00,1.95
2017.06.20 09:24:00.494,1.41696,1.4171,1.00,1.20
2017.06.20 09:24:01.006,1.41696,1.41711,1.00,3.82
2017.06.20 09:24:01.572,1.41697,1.41712,1.00,2.32
2017.06.20 09:24:01.867,1.41697,1.41712,1.00,1.57
2017.06.20 09:24:02.378,1.41696,1.41712,1.00,2.70
2017.06.20 09:24:02.982,1.41696,1.41712,1.00,3.07
2017.06.20 09:24:04.733,1.41697,1.41712,1.00,2.32
2017.06.20 09:24:05.296,1.41697,1.41712,1.00,2.32
2017.06.20 09:24:05.851,1.41701,1.41712,1.00,2.32
2017.06.20 09:24:06.157,1.41699,1.41709,1.00,1.57
2017.06.20 09:24:07.153,1.41695,1.41708,1.00,2.25
2017.06.20 09:24:09.975,1.41694,1.41711,1.37,1.47
2017.06.20 09:24:10.027,1.41701,1.41711,1.00,1.47
2017.06.20 09:24:10.544,1.41701,1.41709,1.00,1.10
2017.06.20 09:24:11.385,1.41701,1.4171,1.00,1.12
2017.06.20 09:24:11.747,1.41699,1.4171,1.00,1.12
2017.06.20 09:24:11.798,1.41699,1.41708,1.00,1.00
2017.06.20 09:24:16.827,1.41695,1.41708,1.00,1.00
2017.06.20 09:24:17.919,1.41696,1.41708,1.00,1.00
2017.06.20 09:24:17.971,1.41697,1.4171,1.00,1.10
2017.06.20 09:24:20.046,1.41694,1.41706,1.37,1.00
2017.06.20 09:24:20.357,1.41695,1.41711,1.12,1.87
2017.06.20 09:24:22.272,1.41695,1.41711,1.12,1.95
2017.06.20 09:24:23.230,1.41695,1.41711,1.12,3.37
2017.06.20 09:24:25.026,1.41696,1.41711,1.00,2.62
2017.06.20 09:24:25.539,1.41696,1.41711,1.00,2.62
2017.06.20 09:24:27.616,1.41698,1.41711,1.00,2.62
2017.06.20 09:24:28.051,1.41704,1.41714,1.00,1.00
2017.06.20 09:24:28.556,1.41703,1.41714,1.00,1.00
2017.06.20 09:24:29.142,1.41704,1.41714,1.00,1.00
2017.06.20 09:24:32.861,1.41704,1.41718,1.00,1.00
2017.06.20 09:24:33.921,1.41701,1.41714,1.00,1.00
2017.06.20 09:24:34.392,1.417,1.41714,2.06,1.00
2017.06.20 09:24:35.492,1.41701,1.41714,1.37,1.00
2017.06.20 09:24:36.170,1.41701,1.41714,1.31,1.00
2017.06.20 09:24:36.709,1.41701,1.41714,1.62,1.00
2017.06.20 09:24:39.761,1.41701,1.41714,1.62,1.00
2017.06.20 09:24:40.288,1.417,1.41713,2.14,1.00
2017.06.20 09:24:40.626,1.417,1.41711,1.25,1.00
2017.06.20 09:24:40.729,1.417,1.41719,1.25,3.45
2017.06.20 09:24:41.244,1.417,1.41719,1.20,1.88
2017.06.20 09:24:41.703,1.41702,1.41714,1.00,1.00
2017.06.20 09:24:42.653,1.41706,1.41717,1.00,1.00
2017.06.20 09:24:42.705,1.41706,1.4172,2.25,1.48
2017.06.20 09:24:42.807,1.41708,1.41722,1.84,1.00
2017.06.20 09:24:42.859,1.41711,1.41722,1.37,1.00
2017.06.20 09:24:42.910,1.41712,1.41724,1.00,1.00
2017.06.20 09:24:43.771,1.41713,1.41725,1.00,1.00
2017.06.20 09:24:44.309,1.41711,1.41725,1.50,1.50
2017.06.20 09:24:45.106,1.4171,1.41725,1.12,1.95
2017.06.20 09:24:45.209,1.41708,1.41724,2.25,1.57
2017.06.20 09:24:45.311,1.41708,1.41722,1.50,1.10
2017.06.20 09:24:47.531,1.41715,1.41725,1.00,2.70
2017.06.20 09:24:47.583,1.4171,1.41725,1.25,3.45
2017.06.20 09:24:47.635,1.41713,1.41722,1.37,1.00
2017.06.20 09:24:47.789,1.41708,1.4172,1.12,1.00
2017.06.20 09:24:48.349,1.4171,1.41719,1.00,1.00
2017.06.20 09:24:48.845,1.41708,1.41716,1.00,1.00
2017.06.20 09:24:49.193,1.41704,1.41714,1.12,1.00
2017.06.20 09:24:50.029,1.41704,1.41713,1.12,1.00
2017.06.20 09:24:51.739,1.41705,1.41718,1.87,1.00
2017.06.20 09:24:52.325,1.41705,1.41718,2.25,1.00
2017.06.20 09:24:53.027,1.41706,1.41718,1.00,1.00
2017.06.20 09:24:53.231,1.41708,1.41718,1.00,1.00
2017.06.20 09:24:55.883,1.41706,1.41718,1.50,1.00
2017.06.20 09:25:01.522,1.41706,1.41718,1.37,1.00
2017.06.20 09:25:03.923,1.41707,1.41721,1.00,1.95
2017.06.20 09:25:06.129,1.41706,1.41717,1.00,1.00
2017.06.20 09:25:06.641,1.41705,1.41717,1.00,1.00
2017.06.20 09:25:09.811,1.41706,1.41717,1.00,1.00
2017.06.20 09:25:10.329,1.41705,1.41717,1.12,1.00
2017.06.20 09:25:10.858,1.41705,1.41717,1.37,1.00
2017.06.20 09:25:11.164,1.41705,1.41719,1.37,1.10
2017.06.20 09:25:11.728,1.41704,1.41718,2.25,1.00
2017.06.20 09:25:12.301,1.41705,1.41719,1.50,1.00
2017.06.20 09:25:12.717,1.41707,1.4172,1.12,1.10
2017.06.20 09:25:13.241,1.41705,1.41719,1.37,1.10
2017.06.20 09:25:13.293,1.41704,1.41719,1.12,1.10
2017.06.20 09:25:13.498,1.41704,1.41719,1.50,1.95
2017.06.20 09:25:14.033,1.41704,1.41717,1.12,1.00
2017.06.20 09:25:15.178,1.41701,1.41717,1.50,1.50
2017.06.20 09:25:15.766,1.41701,1.41717,1.37,1.87
2017.06.20 09:25:16.094,1.41701,1.41715,1.50,1.10
2017.06.20 09:25:16.644,1.41701,1.41715,1.50,1.00
2017.06.20 09:25:17.183,1.41701,1.41714,1.12,1.00
2017.06.20 09:25:17.491,1.417,1.41716,1.50,1.50
2017.06.20 09:25:17.961,1.41703,1.41716,1.00,1.57
2017.06.20 09:25:19.222,1.41703,1.41716,1.37,1.00
2017.06.20 09:25:19.768,1.41702,1.41716,1.50,2.25
2017.06.20 09:25:20.229,1.41702,1.41716,1.37,2.25
2017.06.20 09:25:20.561,1.41699,1.41711,1.37,1.57
2017.06.20 09:25:20.717,1.41693,1.41706,1.37,1.00
2017.06.20 09:25:21.514,1.41693,1.41706,1.12,1.12
2017.06.20 09:25:26.225,1.4169,1.41703,1.31,1.00
2017.06.20 09:25:29.374,1.4169,1.41704,2.06,1.00
2017.06.20 09:25:29.739,1.4169,1.41706,1.87,1.87
2017.06.20 09:25:30.132,1.4169,1.41706,1.87,1.87
2017.06.20 09:25:32.411,1.4169,1.41703,1.37,1.00
2017.06.20 09:25:33.478,1.4169,1.41703,1.37,1.00
2017.06.20 09:25:35.758,1.4169,1.41702,1.00,1.00
2017.06.20 09:25:36.782,1.41688,1.41702,3.00,1.00
2017.06.20 09:25:37.322,1.41688,1.41701,3.00,1.00
2017.06.20 09:25:39.043,1.41689,1.41701,2.25,1.00
2017.06.20 09:25:39.546,1.41689,1.41701,2.25,1.00
2017.06.20 09:25:40.180,1.41688,1.41701,2.25,1.00
2017.06.20 09:25:41.298,1.41688,1.41699,2.25,1.00
2017.06.20 09:25:41.773,1.41688,1.41698,1.00,1.00
2017.06.20 09:25:42.324,1.41686,1.41697,2.25,1.00
2017.06.20 09:25:43.901,1.41685,1.41697,2.62,1.00
2017.06.20 09:25:45.120,1.41685,1.41696,1.12,1.00
2017.06.20 09:25:45.668,1.41685,1.41696,1.12,1.00
2017.06.20 09:25:46.583,1.41686,1.41696,1.00,1.00
2017.06.20 09:25:47.129,1.41686,1.41697,1.00,1.00
2017.06.20 09:25:47.649,1.41685,1.41697,1.12,1.00
2017.06.20 09:25:50.104,1.41685,1.41697,1.37,1.00
2017.06.20 09:25:52.621,1.41685,1.41697,1.37,1.00
2017.06.20 09:25:53.957,1.41685,1.41697,1.12,1.00
2017.06.20 09:25:55.807,1.41685,1.41698,1.87,1.00
2017.06.20 09:25:57.071,1.41685,1.41698,1.87,1.00
2017.06.20 09:25:57.696,1.41687,1.41697,1.00,1.00
2017.06.20 09:25:59.901,1.41685,1.41698,1.87,1.00
2017.06.20 09:26:00.427,1.41685,1.41698,1.37,1.00
2017.06.20 09:26:00.734,1.41685,1.41696,1.37,1.00
2017.06.20 09:26:01.578,1.41685,1.41697,1.12,1.00
2017.06.20 09:26:02.121,1.41686,1.41697,1.00,1.00
2017.06.20 09:26:04.985,1.41687,1.41697,1.50,1.00
2017.06.20 09:26:05.037,1.41686,1.417,3.07,1.12
2017.06.20 09:26:05.141,1.41686,1.41698,3.00,1.00
2017.06.20 09:26:05.662,1.41687,1.41698,1.50,1.00
2017.06.20 09:26:06.741,1.41684,1.41697,1.37,1.00
2017.06.20 09:26:06.845,1.41683,1.41694,1.50,1.00
2017.06.20 09:26:07.151,1.4168,1.41692,1.95,1.00
2017.06.20 09:26:07.461,1.41681,1.41696,2.62,1.37
2017.06.20 09:26:07.513,1.4168,1.41691,1.50,1.00
2017.06.20 09:26:07.984,1.41679,1.4169,1.95,1.00
2017.06.20 09:26:09.068,1.41678,1.41691,2.32,1.37
2017.06.20 09:26:10.004,1.41678,1.41691,1.87,1.12
2017.06.20 09:26:10.522,1.41679,1.4169,1.87,1.12
2017.06.20 09:26:11.624,1.41678,1.4169,2.32,1.12
2017.06.20 09:26:12.140,1.41679,1.4169,1.87,1.00
2017.06.20 09:26:12.594,1.41679,1.41687,1.50,1.00
2017.06.20 09:26:12.782,1.41677,1.41687,1.12,1.00
2017.06.20 09:26:13.727,1.41677,1.41688,1.12,1.00
2017.06.20 09:26:13.778,1.41675,1.41686,3.00,1.00
2017.06.20 09:26:13.830,1.41675,1.41685,3.00,1.00
2017.06.20 09:26:14.207,1.41675,1.41682,1.00,1.00
2017.06.20 09:26:14.398,1.41672,1.41681,1.50,1.00
2017.06.20 09:26:14.885,1.41669,1.41679,2.44,1.00
2017.06.20 09:26:16.424,1.4167,1.41679,1.00,1.00
2017.06.20 09:26:19.932,1.4167,1.41677,1.87,1.00
2017.06.20 09:26:20.189,1.41669,1.4168,2.25,1.12
2017.06.20 09:26:20.353,1.41669,1.41678,2.25,1.00
2017.06.20 09:26:22.527,1.41668,1.41678,2.62,1.00
2017.06.20 09:26:24.547,1.41668,1.41678,2.25,1.00
2017.06.20 09:26:24.752,1.41666,1.4168,2.81,1.12
2017.06.20 09:26:24.855,1.41666,1.41679,3.64,1.00
2017.06.20 09:26:25.502,1.41669,1.4168,1.75,1.00
2017.06.20 09:26:26.118,1.4167,1.4168,1.12,1.00
2017.06.20 09:26:31.739,1.41671,1.4168,1.00,1.00
2017.06.20 09:26:42.657,1.41669,1.41679,2.62,1.00
2017.06.20 09:26:43.692,1.41669,1.41679,2.62,1.00
2017.06.20 09:26:44.422,1.41669,1.41678,2.25,1.00
2017.06.20 09:26:44.987,1.41669,1.41677,1.87,1.00
2017.06.20 09:26:45.672,1.4167,1.41677,1.50,1.00
2017.06.20 09:26:46.880,1.4167,1.41677,1.87,1.00
2017.06.20 09:26:47.911,1.4167,1.41678,1.87,1.00
2017.06.20 09:26:48.079,1.4167,1.41681,1.87,1.00
2017.06.20 09:26:48.736,1.41669,1.4168,2.25,1.00
2017.06.20 09:26:49.276,1.41669,1.4168,2.25,1.00
2017.06.20 09:26:50.062,1.41669,1.4168,2.25,1.00
2017.06.20 09:26:50.922,1.41669,1.41678,2.25,1.00
2017.06.20 09:26:51.473,1.41669,1.41678,2.25,1.00
2017.06.20 09:26:52.571,1.41667,1.41679,2.25,1.00
2017.06.20 09:26:56.765,1.41667,1.41678,1.62,1.00
2017.06.20 09:26:56.867,1.41671,1.41682,1.00,1.00
2017.06.20 09:26:57.068,1.41671,1.41682,1.20,1.00
2017.06.20 09:26:57.120,1.41674,1.41684,1.12,1.00
2017.06.20 09:26:57.427,1.41676,1.41684,1.50,1.00
2017.06.20 09:27:00.169,1.41675,1.41684,1.00,1.00
2017.06.20 09:27:00.486,1.41672,1.41681,1.37,1.00
2017.06.20 09:27:00.742,1.41669,1.4168,3.75,1.00
2017.06.20 09:27:01.540,1.41669,1.41678,3.37,1.00
2017.06.20 09:27:02.042,1.4167,1.41679,1.00,1.00
2017.06.20 09:27:02.531,1.4167,1.41681,1.00,1.00
2017.06.20 09:27:03.141,1.41669,1.41679,2.25,1.00
2017.06.20 09:27:03.653,1.41669,1.41679,1.50,1.00
2017.06.20 09:27:05.268,1.41669,1.41679,3.00,1.00
2017.06.20 09:27:05.924,1.41669,1.4168,2.25,1.00
2017.06.20 09:27:06.510,1.41669,1.4168,2.25,1.00
2017.06.20 09:27:08.476,1.41669,1.41683,3.00,1.00
2017.06.20 09:27:08.640,1.41669,1.41683,3.75,1.00
2017.06.20 09:27:09.421,1.41669,1.41682,1.47,1.00
2017.06.20 09:27:09.936,1.41669,1.41682,1.87,1.00
2017.06.20 09:27:10.488,1.41672,1.41686,1.50,1.87
2017.06.20 09:27:10.643,1.41673,1.41688,1.00,1.00
2017.06.20 09:27:11.696,1.41672,1.41688,2.70,1.00
2017.06.20 09:27:13.830,1.41673,1.41688,1.00,1.00
2017.06.20 09:27:13.998,1.41673,1.41685,1.12,1.00
2017.06.20 09:27:14.613,1.41672,1.41684,1.00,1.00
2017.06.20 09:27:15.203,1.41671,1.41683,1.00,1.00
2017.06.20 09:27:16.347,1.4167,1.41682,1.87,1.00
2017.06.20 09:27:17.496,1.41668,1.41682,1.37,1.00
2017.06.20 09:27:18.679,1.41668,1.41682,1.50,1.00
2017.06.20 09:27:19.832,1.41668,1.41681,1.50,1.00
2017.06.20 09:27:22.161,1.41668,1.41682,2.32,1.00
2017.06.20 09:27:23.338,1.41669,1.41683,1.37,1.00
2017.06.20 09:27:29.246,1.41669,1.41684,1.50,1.00
2017.06.20 09:27:29.385,1.41669,1.41684,1.69,1.00
2017.06.20 09:27:29.911,1.41672,1.41685,1.00,1.00
2017.06.20 09:27:30.461,1.41671,1.41685,1.87,1.00
2017.06.20 09:27:32.414,1.41671,1.41683,1.12,1.00
2017.06.20 09:27:32.657,1.4167,1.41682,1.50,1.00
2017.06.20 09:27:33.191,1.41667,1.41681,2.70,1.00
2017.06.20 09:27:33.243,1.41667,1.41681,1.47,1.00
2017.06.20 09:27:34.262,1.41667,1.41681,1.47,1.00
2017.06.20 09:27:35.920,1.41667,1.41681,1.47,1.00
2017.06.20 09:27:38.091,1.41666,1.41681,1.95,1.00
2017.06.20 09:27:39.423,1.41666,1.4168,2.70,1.00
2017.06.20 09:27:39.987,1.41667,1.41681,3.45,1.00
2017.06.20 09:27:40.247,1.41668,1.41683,1.47,1.00
2017.06.20 09:27:40.402,1.41668,1.41684,2.32,1.00
2017.06.20 09:27:41.081,1.41669,1.41683,1.87,1.00
2017.06.20 09:27:41.597,1.41668,1.41683,1.50,1.00
2017.06.20 09:27:42.722,1.41667,1.41683,2.25,1.50
2017.06.20 09:27:43.791,1.41667,1.41683,2.25,1.50
2017.06.20 09:27:48.102,1.41667,1.41683,3.07,1.50
2017.06.20 09:27:51.363,1.41669,1.41682,1.37,1.00
2017.06.20 09:27:51.415,1.41669,1.41682,1.12,1.00
2017.06.20 09:27:52.445,1.41668,1.41682,2.62,1.00
2017.06.20 09:27:53.657,1.41668,1.41681,1.12,1.00
2017.06.20 09:27:54.801,1.41667,1.41681,1.87,1.00
2017.06.20 09:27:55.025,1.41667,1.4168,1.00,1.00
2017.06.20 09:27:55.230,1.41665,1.41678,1.00,1.50
2017.06.20 09:27:55.765,1.41663,1.41676,2.70,1.00
2017.06.20 09:27:56.874,1.41663,1.41675,1.37,1.00
2017.06.20 09:27:57.377,1.41663,1.41675,1.12,1.00
2017.06.20 09:27:58.223,1.41663,1.41676,1.12,1.00
2017.06.20 09:27:59.472,1.41663,1.41672,1.12,1.00
2017.06.20 09:28:00.256,1.41661,1.41671,1.57,1.00
2017.06.20 09:28:00.778,1.41661,1.41671,1.57,1.00
2017.06.20 09:28:01.322,1.41662,1.41672,1.12,1.00
2017.06.20 09:28:01.909,1.41662,1.41672,1.37,1.00
2017.06.20 09:28:05.228,1.41664,1.41672,1.10,1.00
2017.06.20 09:28:05.280,1.41664,1.41674,1.47,1.00
2017.06.20 09:28:05.739,1.41663,1.41672,3.07,1.00
2017.06.20 09:28:06.262,1.41663,1.41673,1.57,1.00
2017.06.20 09:28:06.693,1.41663,1.41678,1.57,1.00
2017.06.20 09:28:07.532,1.41664,1.41678,1.37,1.00
2017.06.20 09:28:08.379,1.41666,1.41678,1.50,1.00
2017.06.20 09:28:08.433,1.41667,1.41683,2.62,2.62
2017.06.20 09:28:08.537,1.41668,1.41682,1.50,1.00
2017.06.20 09:28:11.526,1.41667,1.41681,1.87,1.37
2017.06.20 09:28:11.629,1.41667,1.41681,1.00,1.37
2017.06.20 09:28:11.893,1.41665,1.41681,1.87,1.37
2017.06.20 09:28:11.995,1.41667,1.41681,1.00,1.37
2017.06.20 09:28:16.500,1.41665,1.41682,1.87,1.37
2017.06.20 09:28:16.671,1.41666,1.41683,2.81,2.70
2017.06.20 09:28:16.826,1.41667,1.41684,3.07,1.50
2017.06.20 09:28:17.329,1.41667,1.41684,3.45,1.12
2017.06.20 09:28:17.853,1.41667,1.41684,3.82,1.12
2017.06.20 09:28:19.448,1.4167,1.41684,1.00,1.12
2017.06.20 09:28:19.950,1.41667,1.41683,4.20,1.00
2017.06.20 09:28:20.213,1.41671,1.41685,1.20,1.00
2017.06.20 09:28:20.525,1.41673,1.41686,1.37,1.00
2017.06.20 09:28:20.729,1.41673,1.41688,1.37,1.00
2017.06.20 09:28:21.592,1.41673,1.41688,1.12,1.00
2017.06.20 09:28:22.170,1.41673,1.41687,1.87,1.00
2017.06.20 09:28:23.691,1.41674,1.41687,1.00,1.00
2017.06.20 09:28:26.831,1.41673,1.41687,2.62,1.00
2017.06.20 09:28:27.950,1.41673,1.41687,2.62,1.00
2017.06.20 09:28:32.463,1.41674,1.41689,1.00,1.12
2017.06.20 09:28:33.052,1.41675,1.41689,1.00,1.12
2017.06.20 09:28:33.154,1.41675,1.41689,1.75,1.00
2017.06.20 09:28:33.615,1.41675,1.41691,1.12,1.87
2017.06.20 09:28:34.154,1.41676,1.41691,1.00,1.50
2017.06.20 09:28:35.169,1.41675,1.41691,1.37,1.50
2017.06.20 09:28:35.774,1.41676,1.4169,1.50,1.00
2017.06.20 09:28:36.321,1.41675,1.41689,1.95,1.00
2017.06.20 09:28:36.824,1.41675,1.41689,1.95,1.00
2017.06.20 09:28:37.175,1.41678,1.41689,1.00,1.00
2017.06.20 09:28:37.227,1.41677,1.41691,1.50,1.00
2017.06.20 09:28:37.747,1.41678,1.41692,1.10,1.00
2017.06.20 09:28:38.810,1.41677,1.41689,1.45,1.00
2017.06.20 09:28:41.087,1.41677,1.41692,2.70,1.00
2017.06.20 09:28:41.602,1.41677,1.41692,3.64,1.00
2017.06.20 09:28:42.252,1.41677,1.41691,4.01,1.00
2017.06.20 09:28:42.776,1.41677,1.41692,1.39,1.00
2017.06.20 09:28:43.210,1.41681,1.41693,1.87,1.00
2017.06.20 09:28:43.745,1.41681,1.41694,3.07,1.00
2017.06.20 09:28:47.343,1.41681,1.41695,2.32,1.00
2017.06.20 09:28:48.867,1.41681,1.41694,1.50,1.00
2017.06.20 09:28:50.547,1.41681,1.41694,2.32,1.00
2017.06.20 09:28:54.811,1.41681,1.41694,3.07,1.00
2017.06.20 09:28:59.206,1.41681,1.41694,3.07,1.00
2017.06.20 09:28:59.986,1.41681,1.41693,3.07,1.00
2017.06.20 09:29:00.569,1.41681,1.41693,3.07,1.00
2017.06.20 09:29:02.993,1.41681,1.41693,2.25,1.00
2017.06.20 09:29:04.132,1.41681,1.41693,2.32,1.00
2017.06.20 09:29:05.322,1.41682,1.41693,1.47,1.00
2017.06.20 09:29:06.690,1.41682,1.41693,1.37,1.00
2017.06.20 09:29:07.386,1.41682,1.41692,1.12,1.00
2017.06.20 09:29:07.932,1.41683,1.41691,1.00,1.00
2017.06.20 09:29:09.001,1.41681,1.41691,3.07,1.00
2017.06.20 09:29:09.511,1.41682,1.4169,1.12,1.00
2017.06.20 09:29:10.002,1.41683,1.4169,1.00,1.00
2017.06.20 09:29:10.903,1.41683,1.41692,1.50,1.00
2017.06.20 09:29:11.007,1.41683,1.41689,1.75,1.00
2017.06.20 09:29:11.058,1.41683,1.41688,1.00,1.00
2017.06.20 09:29:11.162,1.41678,1.41687,1.87,1.00
2017.06.20 09:29:11.666,1.41676,1.41684,2.81,1.00
2017.06.20 09:29:12.131,1.41676,1.41684,1.57,1.00
2017.06.20 09:29:14.184,1.41675,1.41686,2.51,1.00
2017.06.20 09:29:14.694,1.41677,1.41685,1.00,1.00
2017.06.20 09:29:17.739,1.41674,1.41683,1.87,1.00
2017.06.20 09:29:18.820,1.41674,1.41682,2.25,1.00
2017.06.20 09:29:19.924,1.41675,1.41684,1.50,1.00
2017.06.20 09:29:20.220,1.41675,1.41682,1.50,1.00
2017.06.20 09:29:20.374,1.41673,1.41682,1.47,1.00
2017.06.20 09:29:20.967,1.41672,1.41682,1.20,1.00
2017.06.20 09:29:23.358,1.41672,1.4168,1.20,1.00
2017.06.20 09:29:24.636,1.41673,1.4168,1.00,1.00
2017.06.20 09:29:24.942,1.41671,1.41678,1.12,1.00
2017.06.20 09:29:25.711,1.41672,1.41678,1.00,1.00
2017.06.20 09:29:26.367,1.41672,1.41678,1.00,1.00
2017.06.20 09:29:26.902,1.41669,1.41676,1.12,1.00
2017.06.20 09:29:27.275,1.41668,1.41676,1.87,1.00
2017.06.20 09:29:27.377,1.41668,1.41676,1.50,1.00
2017.06.20 09:29:27.428,1.41668,1.41674,1.00,1.00
2017.06.20 09:29:27.531,1.41666,1.41674,1.00,1.00
2017.06.20 09:29:27.710,1.41666,1.41676,1.00,1.00
2017.06.20 09:29:27.762,1.41666,1.41673,1.00,1.00
2017.06.20 09:29:28.221,1.41666,1.41675,1.00,1.00
2017.06.20 09:29:28.731,1.41665,1.41675,2.25,1.00
2017.06.20 09:29:29.581,1.41666,1.41675,1.00,1.00
2017.06.20 09:29:29.839,1.41667,1.41676,1.01,1.00
2017.06.20 09:29:29.942,1.41668,1.41678,1.95,1.00
2017.06.20 09:29:29.995,1.41672,1.41679,1.00,1.00
2017.06.20 09:29:30.180,1.41668,1.41678,1.12,1.00
2017.06.20 09:29:30.692,1.41668,1.41677,1.20,1.00
2017.06.20 09:29:31.829,1.41668,1.4168,1.39,1.00
2017.06.20 09:29:32.374,1.4167,1.4168,1.01,1.00
2017.06.20 09:29:33.495,1.41669,1.4168,3.11,1.00
2017.06.20 09:29:34.006,1.41669,1.41679,3.30,1.00
2017.06.20 09:29:34.212,1.41669,1.41681,4.05,1.00
2017.06.20 09:29:35.512,1.41671,1.41681,1.37,1.00
2017.06.20 09:29:36.610,1.4167,1.41681,2.55,1.00
2017.06.20 09:29:41.908,1.4167,1.41681,2.32,1.00
2017.06.20 09:29:43.237,1.4167,1.41681,2.55,1.00
2017.06.20 09:29:43.738,1.4167,1.4168,2.17,1.00
2017.06.20 09:29:44.392,1.4167,1.41681,2.36,1.00
2017.06.20 09:29:44.495,1.41674,1.41682,1.50,1.00
2017.06.20 09:29:45.474,1.41674,1.41682,1.69,1.00
2017.06.20 09:29:46.727,1.41675,1.41685,1.65,1.00
2017.06.20 09:29:46.779,1.41677,1.41685,1.12,1.00
2017.06.20 09:29:46.831,1.41677,1.41687,1.12,1.00
2017.06.20 09:29:47.802,1.41677,1.41687,2.25,1.00
2017.06.20 09:29:49.020,1.41678,1.41687,1.37,1.00
2017.06.20 09:29:49.225,1.41681,1.41689,1.87,1.00
2017.06.20 09:29:49.327,1.41678,1.41687,2.55,1.00
2017.06.20 09:29:50.255,1.41677,1.41687,2.00,1.00
2017.06.20 09:29:50.771,1.41677,1.41686,1.69,1.00
2017.06.20 09:29:51.473,1.41677,1.41686,1.62,1.00
2017.06.20 09:29:53.574,1.41677,1.41686,1.69,1.00
2017.06.20 09:29:54.611,1.41677,1.41686,1.69,1.00
2017.06.20 09:29:56.090,1.41677,1.41686,2.06,1.00
2017.06.20 09:29:56.295,1.41679,1.41688,3.19,1.00
2017.06.20 09:29:56.346,1.41681,1.41689,1.75,1.00
2017.06.20 09:29:57.029,1.41682,1.4169,2.06,1.00
2017.06.20 09:29:57.588,1.41682,1.41691,2.06,1.00
2017.06.20 09:29:58.264,1.41682,1.41691,2.06,1.00
2017.06.20 09:29:59.211,1.41682,1.41691,2.06,1.00
2017.06.20 09:30:00.213,1.41682,1.41691,2.81,1.00
2017.06.20 09:30:00.524,1.41682,1.41693,2.81,1.00
2017.06.20 09:30:00.978,1.41684,1.41693,1.50,1.00
2017.06.20 09:30:01.525,1.41685,1.41693,1.12,1.00
2017.06.20 09:30:02.049,1.41686,1.41693,1.00,1.00
2017.06.20 09:30:02.679,1.41686,1.41692,1.00,1.00
2017.06.20 09:30:04.420,1.41686,1.41693,1.00,1.00
2017.06.20 09:30:04.471,1.41686,1.41692,1.00,1.00
2017.06.20 09:30:05.018,1.41686,1.41692,1.00,1.00
2017.06.20 09:30:05.530,1.41685,1.41692,1.12,1.00
2017.06.20 09:30:06.697,1.41686,1.41692,1.00,1.00
2017.06.20 09:30:11.190,1.41686,1.41691,1.00,1.00
2017.06.20 09:30:11.384,1.41682,1.4169,1.45,1.00
2017.06.20 09:30:11.541,1.41682,1.41693,1.37,1.00
2017.06.20 09:30:12.053,1.41684,1.41693,1.00,1.00
2017.06.20 09:30:12.258,1.41684,1.41693,1.37,1.00
2017.06.20 09:30:13.349,1.41684,1.41692,1.37,1.00
2017.06.20 09:30:13.609,1.41681,1.41691,1.62,1.00
2017.06.20 09:30:13.803,1.41679,1.4169,2.07,1.00
2017.06.20 09:30:13.855,1.41678,1.41688,3.45,1.00
2017.06.20 09:30:14.370,1.41678,1.41689,2.32,1.00
2017.06.20 09:30:14.884,1.41678,1.41688,1.50,1.00
2017.06.20 09:30:15.238,1.41678,1.4169,1.50,1.00
2017.06.20 09:30:15.751,1.41679,1.4169,1.87,1.00
2017.06.20 09:30:16.012,1.41679,1.41688,1.12,1.00
2017.06.20 09:30:16.548,1.41677,1.41687,1.37,1.00
2017.06.20 09:30:16.651,1.41677,1.41687,1.25,1.00
2017.06.20 09:30:17.162,1.41675,1.41686,2.06,1.00
2017.06.20 09:30:18.516,1.41675,1.41685,1.56,1.00
2017.06.20 09:30:19.028,1.41673,1.41683,1.94,1.00
2017.06.20 09:30:20.535,1.41674,1.41681,1.31,1.00
2017.06.20 09:30:21.261,1.41675,1.41681,1.00,1.00
2017.06.20 09:30:21.517,1.41671,1.41679,1.00,1.00
2017.06.20 09:30:22.031,1.41671,1.41678,1.00,1.00
2017.06.20 09:30:22.567,1.41669,1.41679,1.85,1.00
2017.06.20 09:30:23.078,1.4167,1.41678,1.00,1.00
2017.06.20 09:30:23.529,1.41668,1.41678,3.64,1.00
2017.06.20 09:30:27.075,1.41669,1.41677,1.12,1.00
2017.06.20 09:30:27.127,1.41668,1.41677,1.12,1.00
2017.06.20 09:30:27.334,1.41668,1.41678,1.62,1.00
2017.06.20 09:30:27.914,1.4167,1.41679,1.57,1.00
2017.06.20 09:30:28.119,1.41672,1.41682,1.20,1.00
2017.06.20 09:30:28.457,1.41672,1.4168,1.20,1.00
2017.06.20 09:30:28.611,1.41671,1.41678,1.00,1.00
2017.06.20 09:30:28.662,1.41671,1.4168,1.00,1.00
2017.06.20 09:30:29.509,1.41668,1.41678,2.70,1.00
2017.06.20 09:30:30.039,1.41668,1.41679,2.14,1.00
2017.06.20 09:30:31.532,1.41668,1.41678,1.47,1.00
2017.06.20 09:30:33.552,1.41671,1.41679,1.66,1.00
2017.06.20 09:30:34.647,1.41672,1.41679,1.76,1.00
2017.06.20 09:30:35.170,1.41672,1.4168,1.01,1.00
2017.06.20 09:30:35.691,1.41672,1.4168,1.01,1.00
2017.06.20 09:30:37.047,1.41671,1.4168,3.41,1.00
2017.06.20 09:30:39.226,1.41672,1.41681,1.16,1.00
2017.06.20 09:30:40.094,1.41672,1.41681,1.16,1.00
2017.06.20 09:30:41.761,1.41671,1.4168,3.04,1.00
2017.06.20 09:30:42.326,1.4167,1.4168,2.51,1.00
2017.06.20 09:30:42.864,1.41667,1.41679,3.07,1.00
2017.06.20 09:30:43.375,1.41669,1.4168,1.01,1.00
2017.06.20 09:30:44.078,1.41669,1.4168,2.51,1.00
2017.06.20 09:30:45.154,1.41669,1.4168,1.76,1.00
2017.06.20 09:30:46.677,1.41672,1.41682,1.47,1.00
2017.06.20 09:30:47.710,1.41671,1.41682,1.76,1.00
2017.06.20 09:30:48.013,1.4167,1.4168,1.95,1.00
2017.06.20 09:30:48.326,1.41668,1.41678,1.76,1.00
2017.06.20 09:30:48.837,1.41668,1.41677,1.01,1.00
2017.06.20 09:30:49.785,1.41667,1.41677,2.32,1.00
2017.06.20 09:30:51.788,1.41667,1.41679,2.14,1.00
2017.06.20 09:30:52.400,1.41668,1.4168,1.57,1.00
2017.06.20 09:30:53.177,1.41667,1.4168,2.32,1.00
2017.06.20 09:30:53.752,1.4167,1.4168,1.07,1.00
2017.06.20 09:30:54.316,1.4167,1.41682,1.95,1.00
2017.06.20 09:30:54.368,1.41673,1.41682,1.37,1.00
2017.06.20 09:30:54.419,1.41673,1.41684,1.57,1.00
2017.06.20 09:30:54.940,1.41676,1.41685,1.95,1.00
2017.06.20 09:30:55.375,1.41676,1.41683,1.20,1.00
2017.06.20 09:30:55.581,1.41673,1.41682,1.50,1.00
2017.06.20 09:30:55.940,1.41672,1.41685,1.80,1.00
2017.06.20 09:30:56.103,1.41674,1.41683,1.00,1.00
2017.06.20 09:30:56.614,1.41674,1.41683,1.37,1.00
2017.06.20 09:30:57.802,1.41675,1.41682,1.00,1.00
2017.06.20 09:31:00.158,1.41674,1.41682,1.37,1.00
2017.06.20 09:31:00.312,1.41674,1.41684,1.57,1.00
2017.06.20 09:31:02.180,1.41673,1.41684,2.74,1.00
2017.06.20 09:31:02.394,1.41673,1.41681,1.37,1.00
2017.06.20 09:31:02.445,1.41672,1.41683,1.47,1.50
2017.06.20 09:31:02.497,1.41672,1.41681,1.37,1.00
2017.06.20 09:31:02.969,1.4167,1.41683,1.99,1.50
2017.06.20 09:31:03.021,1.41673,1.41683,1.37,1.00
2017.06.20 09:31:04.726,1.41672,1.41681,2.06,1.00
2017.06.20 09:31:04.829,1.41672,1.41684,2.14,1.00
2017.06.20 09:31:05.300,1.41675,1.41685,1.50,1.00
2017.06.20 09:31:06.298,1.41675,1.41685,1.76,1.00
2017.06.20 09:31:06.926,1.41677,1.41685,1.37,1.00
2017.06.20 09:31:07.081,1.41675,1.41684,1.50,1.00
2017.06.20 09:31:07.133,1.41673,1.41682,1.37,1.00
2017.06.20 09:31:07.236,1.4167,1.41682,2.10,1.00
2017.06.20 09:31:07.813,1.41669,1.41682,1.20,1.00
2017.06.20 09:31:07.866,1.41669,1.41682,1.99,1.00
2017.06.20 09:31:08.737,1.41669,1.41682,1.80,1.00
2017.06.20 09:31:09.283,1.41671,1.41682,2.17,1.00
2017.06.20 09:31:10.306,1.4167,1.41682,2.17,1.00
2017.06.20 09:31:12.894,1.41673,1.41683,1.00,1.00
2017.06.20 09:31:13.406,1.41673,1.41684,1.35,1.00
2017.06.20 09:31:13.917,1.41673,1.41684,1.67,1.00
2017.06.20 09:31:16.188,1.41673,1.41684,1.54,1.00
2017.06.20 09:31:17.282,1.41672,1.41684,2.92,1.00
2017.06.20 09:31:18.392,1.41673,1.41685,1.24,1.50
2017.06.20 09:31:19.357,1.41674,1.41685,1.45,1.00
2017.06.20 09:31:20.491,1.41674,1.41685,2.14,1.00
2017.06.20 09:31:21.684,1.41674,1.41685,2.14,1.00
2017.06.20 09:31:24.329,1.41677,1.41686,1.00,1.00
2017.06.20 09:31:24.383,1.41678,1.41689,1.00,1.00
2017.06.20 09:31:24.897,1.41678,1.41689,1.47,1.00
2017.06.20 09:31:25.000,1.41678,1.41689,1.12,1.00
2017.06.20 09:31:25.642,1.41677,1.41688,1.00,1.00
2017.06.20 09:31:25.796,1.41674,1.41686,3.11,1.00
2017.06.20 09:31:26.325,1.41676,1.41687,1.47,1.00
2017.06.20 09:31:27.082,1.41676,1.41687,2.89,1.00
2017.06.20 09:31:28.600,1.41676,1.41689,2.70,1.00
2017.06.20 09:31:29.619,1.41676,1.41689,2.70,1.00
2017.06.20 09:31:30.799,1.41677,1.41689,1.50,1.00
2017.06.20 09:31:31.056,1.41677,1.41691,2.55,1.50
2017.06.20 09:31:32.207,1.41678,1.41691,1.00,1.50
2017.06.20 09:31:32.758,1.41677,1.4169,1.37,1.00
2017.06.20 09:31:33.688,1.41677,1.41689,1.37,1.00
2017.06.20 09:31:35.620,1.41676,1.41689,1.91,1.00
2017.06.20 09:31:36.277,1.41676,1.4169,2.44,1.00
2017.06.20 09:31:37.276,1.41676,1.4169,4.54,1.00
2017.06.20 09:31:38.377,1.41676,1.4169,3.49,1.00
2017.06.20 09:31:39.528,1.41679,1.41693,1.91,1.00
2017.06.20 09:31:40.059,1.41681,1.41694,1.37,1.00
2017.06.20 09:31:40.559,1.41681,1.41694,1.31,1.00
2017.06.20 09:31:41.070,1.41684,1.41695,1.00,1.00
2017.06.20 09:31:42.652,1.41682,1.41695,2.89,1.50
2017.06.20 09:31:44.087,1.41682,1.41695,1.95,1.50
2017.06.20 09:31:44.293,1.41682,1.41695,1.00,1.50
2017.06.20 09:31:44.345,1.41682,1.41692,1.00,1.00
2017.06.20 09:31:44.397,1.41679,1.4169,1.87,1.00
2017.06.20 09:31:44.840,1.41678,1.41692,1.50,1.00
2017.06.20 09:31:45.249,1.41677,1.41689,1.75,1.00
2017.06.20 09:31:45.352,1.41676,1.41689,1.00,1.00
2017.06.20 09:31:45.736,1.41673,1.41687,1.75,1.00
2017.06.20 09:31:46.353,1.41673,1.41687,1.00,1.00
2017.06.20 09:31:46.508,1.41673,1.41685,1.00,1.00
2017.06.20 09:31:47.044,1.41672,1.41685,1.37,1.00
2017.06.20 09:31:47.719,1.41671,1.41685,1.50,1.00
2017.06.20 09:31:48.762,1.41673,1.41687,1.01,1.00
2017.06.20 09:31:49.069,1.41678,1.4169,1.12,1.50
2017.06.20 09:31:49.635,1.41678,1.4169,1.07,1.50
2017.06.20 09:31:50.992,1.41678,1.4169,1.10,1.00
2017.06.20 09:31:51.363,1.41678,1.4169,1.95,1.00
2017.06.20 09:31:51.618,1.41679,1.41692,1.07,1.00
2017.06.20 09:31:51.868,1.41681,1.41695,2.17,1.00
2017.06.20 09:31:52.022,1.41682,1.41697,1.42,1.69
2017.06.20 09:31:52.962,1.41684,1.41697,1.37,1.00
2017.06.20 09:31:53.938,1.41683,1.41698,2.32,1.50
2017.06.20 09:31:54.705,1.41682,1.41695,2.32,1.00
2017.06.20 09:31:55.036,1.41684,1.41695,1.47,1.00
2017.06.20 09:31:55.142,1.41684,1.41697,1.57,1.00
2017.06.20 09:31:55.245,1.41684,1.41699,1.95,1.00
2017.06.20 09:31:55.348,1.41685,1.41701,2.74,1.12
2017.06.20 09:31:55.400,1.41686,1.41702,2.32,1.50
2017.06.20 09:31:55.941,1.41688,1.41701,1.20,1.00
2017.06.20 09:31:56.454,1.41689,1.41701,1.37,1.00
2017.06.20 09:31:57.474,1.41689,1.41701,1.37,1.00
2017.06.20 09:31:57.976,1.4169,1.41702,1.50,1.50
2017.06.20 09:31:58.658,1.4169,1.41702,1.50,1.00
2017.06.20 09:31:59.228,1.4169,1.417,1.37,1.00
2017.06.20 09:31:59.485,1.41691,1.41705,1.10,1.50
2017.06.20 09:31:59.537,1.41692,1.41707,3.07,1.12
2017.06.20 09:31:59.641,1.41695,1.41709,2.51,1.00
2017.06.20 09:31:59.846,1.41697,1.41708,1.00,1.00
2017.06.20 09:31:59.949,1.41695,1.41711,1.87,1.87
2017.06.20 09:32:00.642,1.41695,1.41707,1.37,1.00
2017.06.20 09:32:00.972,1.41694,1.41708,1.12,1.00
2017.06.20 09:32:01.075,1.41696,1.41708,1.00,1.00
2017.06.20 09:32:01.587,1.41697,1.41708,1.00,1.00
2017.06.20 09:32:02.382,1.41698,1.41708,1.00,1.00
2017.06.20 09:32:03.335,1.41701,1.41712,1.20,1.00
2017.06.20 09:32:03.387,1.417,1.41714,1.95,1.12
2017.06.20 09:32:03.679,1.41699,1.41714,1.50,1.12
2017.06.20 09:32:03.884,1.41698,1.41712,1.50,1.00
2017.06.20 09:32:04.395,1.41698,1.41712,1.00,1.87
2017.06.20 09:32:05.333,1.41696,1.4171,1.50,1.00
2017.06.20 09:32:06.051,1.41697,1.41711,1.12,1.00
2017.06.20 09:32:06.563,1.41698,1.41711,1.00,1.00
2017.06.20 09:32:06.870,1.41696,1.41709,1.75,1.00
2017.06.20 09:32:07.392,1.41695,1.41709,1.50,1.50
2017.06.20 09:32:07.916,1.41695,1.41709,1.50,1.50
2017.06.20 09:32:12.427,1.41695,1.4171,2.21,1.00
2017.06.20 09:32:12.531,1.41698,1.41712,1.10,1.00
2017.06.20 09:32:13.038,1.41699,1.41714,1.10,1.37
2017.06.20 09:32:13.579,1.41699,1.41714,1.57,1.12
2017.06.20 09:32:14.119,1.417,1.41714,1.00,1.12
2017.06.20 09:32:14.635,1.41699,1.41714,1.57,1.12
2017.06.20 09:32:15.146,1.41701,1.41715,1.00,1.50
2017.06.20 09:32:15.454,1.417,1.41716,1.80,1.00
2017.06.20 09:32:16.875,1.41703,1.41717,1.07,1.50
2017.06.20 09:32:17.110,1.41708,1.4172,1.42,1.00
2017.06.20 09:32:17.270,1.41707,1.4172,1.00,1.00
2017.06.20 09:32:17.631,1.41705,1.41719,1.50,1.37
2017.06.20 09:32:18.144,1.41706,1.4172,1.00,2.25
2017.06.20 09:32:18.467,1.41705,1.41721,1.50,1.00
2017.06.20 09:32:18.991,1.41706,1.4172,1.31,1.00
2017.06.20 09:32:19.351,1.41704,1.41718,1.00,1.37
2017.06.20 09:32:19.681,1.41702,1.41716,1.00,1.50
2017.06.20 09:32:20.295,1.41701,1.41715,1.10,1.12
2017.06.20 09:32:20.809,1.41699,1.41715,1.95,1.87
2017.06.20 09:32:21.116,1.41704,1.41719,3.00,4.72
2017.06.20 09:32:21.220,1.41705,1.41718,1.47,1.00
2017.06.20 09:32:21.272,1.41705,1.41715,1.20,1.00
2017.06.20 09:32:21.375,1.41702,1.41714,1.00,1.00
2017.06.20 09:32:21.886,1.41699,1.41713,1.85,1.00
2017.06.20 09:32:22.409,1.41699,1.41713,1.47,1.00
2017.06.20 09:32:23.180,1.41699,1.41715,1.57,1.50
2017.06.20 09:32:23.700,1.41701,1.41715,1.00,1.50
2017.06.20 09:32:24.432,1.41702,1.41715,1.00,1.00
2017.06.20 09:32:25.633,1.41702,1.41716,1.00,1.50
2017.06.20 09:32:26.168,1.41702,1.41716,1.00,1.50
2017.06.20 09:32:26.687,1.41701,1.41715,1.00,2.62
2017.06.20 09:32:27.221,1.417,1.41713,1.00,1.00
2017.06.20 09:32:27.562,1.41704,1.41714,1.00,1.00
2017.06.20 09:32:28.074,1.41705,1.41715,1.00,1.87
2017.06.20 09:32:28.641,1.41703,1.41715,1.00,2.25
2017.06.20 09:32:29.403,1.41702,1.41714,1.00,1.00
2017.06.20 09:32:29.608,1.41702,1.41711,1.00,1.00
2017.06.20 09:32:29.660,1.41697,1.41711,1.10,1.00
2017.06.20 09:32:29.814,1.41697,1.41711,1.05,1.00
2017.06.20 09:32:30.552,1.41696,1.41711,1.80,1.00
2017.06.20 09:32:30.706,1.41702,1.41711,1.00,1.00
2017.06.20 09:32:31.882,1.41702,1.41714,1.00,1.12
2017.06.20 09:32:31.934,1.41704,1.41714,1.00,1.12
2017.06.20 09:32:32.241,1.41704,1.41711,1.00,1.00
2017.06.20 09:32:32.396,1.41705,1.41715,1.00,1.00
2017.06.20 09:32:35.809,1.41706,1.41715,1.00,1.12
2017.06.20 09:32:37.358,1.41701,1.41715,1.95,1.50
2017.06.20 09:32:37.461,1.41701,1.41715,1.10,1.50
2017.06.20 09:32:37.973,1.41701,1.41715,1.37,1.50
2017.06.20 09:32:38.527,1.41701,1.41715,1.12,1.50
2017.06.20 09:32:39.041,1.41701,1.41715,1.37,1.50
2017.06.20 09:32:39.542,1.41701,1.41715,1.12,1.50
2017.06.20 09:32:41.158,1.417,1.41713,1.00,1.50
2017.06.20 09:32:41.413,1.41698,1.41712,3.00,1.00
2017.06.20 09:32:42.631,1.41697,1.41711,2.70,1.00
2017.06.20 09:32:43.736,1.41697,1.41713,2.25,1.87
2017.06.20 09:32:44.472,1.41698,1.41713,1.07,1.87
2017.06.20 09:32:44.655,1.41697,1.41711,2.32,1.00
2017.06.20 09:32:45.193,1.41697,1.41711,1.12,1.00
2017.06.20 09:32:45.500,1.41699,1.41712,1.07,1.00
2017.06.20 09:32:45.809,1.41697,1.41707,1.37,1.00
2017.06.20 09:32:46.313,1.41695,1.41707,1.45,1.00
2017.06.20 09:32:46.569,1.41695,1.41707,1.00,1.00
2017.06.20 09:32:46.621,1.41695,1.41705,1.00,1.00
2017.06.20 09:32:47.874,1.41695,1.41707,1.57,1.00
2017.06.20 09:32:47.926,1.41695,1.4171,1.57,1.12
2017.06.20 09:32:48.030,1.41696,1.41708,1.85,1.00
2017.06.20 09:32:48.561,1.41696,1.41707,1.95,1.00
2017.06.20 09:32:49.233,1.41696,1.41705,1.47,1.00
2017.06.20 09:32:49.336,1.41694,1.41706,1.75,1.00
2017.06.20 09:32:49.439,1.41694,1.41706,1.45,1.00
2017.06.20 09:32:50.193,1.41694,1.41706,1.57,1.00
2017.06.20 09:32:51.450,1.41695,1.41705,1.12,1.00
2017.06.20 09:32:51.501,1.41695,1.41705,1.57,1.00
2017.06.20 09:32:51.553,1.41701,1.41713,1.24,2.62
2017.06.20 09:32:51.605,1.41702,1.41716,1.05,1.50
2017.06.20 09:32:51.657,1.41704,1.41716,1.24,1.12
2017.06.20 09:32:51.966,1.41706,1.41714,1.00,1.00
2017.06.20 09:32:52.223,1.41702,1.41714,2.12,1.00
2017.06.20 09:32:52.616,1.41702,1.41714,1.10,1.00
2017.06.20 09:32:52.667,1.41701,1.4171,1.45,1.00
2017.06.20 09:32:52.719,1.417,1.41709,1.00,1.00
2017.06.20 09:32:52.771,1.41698,1.41707,1.30,1.00
2017.06.20 09:32:52.874,1.41697,1.41709,1.92,1.00
2017.06.20 09:32:52.978,1.41698,1.41709,1.42,1.00
2017.06.20 09:32:53.522,1.41699,1.41709,1.82,1.00
2017.06.20 09:32:53.906,1.41706,1.41716,1.72,1.00
2017.06.20 09:32:54.265,1.41705,1.41716,1.20,1.00
2017.06.20 09:32:54.778,1.41706,1.41716,1.00,1.00
2017.06.20 09:32:55.317,1.41706,1.41715,1.00,1.00
2017.06.20 09:32:56.218,1.41705,1.41715,1.20,1.00
2017.06.20 09:32:56.629,1.41714,1.41722,1.32,1.00
2017.06.20 09:32:56.681,1.41716,1.41725,1.10,1.50
2017.06.20 09:32:56.732,1.41716,1.41726,1.57,1.37
2017.06.20 09:32:56.990,1.41716,1.41726,1.12,1.00
2017.06.20 09:32:57.506,1.41714,1.41723,2.25,1.00
2017.06.20 09:32:57.966,1.41714,1.41724,1.12,1.00
2017.06.20 09:32:58.334,1.41715,1.41726,3.82,1.50
2017.06.20 09:32:58.535,1.41718,1.41728,1.20,1.00
2017.06.20 09:32:58.587,1.41718,1.41726,1.20,1.00
2017.06.20 09:32:59.100,1.41718,1.41726,1.37,1.00
2017.06.20 09:32:59.202,1.41718,1.41726,1.00,1.00
2017.06.20 09:33:00.645,1.41717,1.41727,1.47,1.00
2017.06.20 09:33:01.155,1.41717,1.41727,2.70,1.00
2017.06.20 09:33:01.901,1.41718,1.41729,1.75,1.00
2017.06.20 09:33:02.417,1.4172,1.41728,1.00,1.00
2017.06.20 09:33:02.826,1.41726,1.41736,1.87,2.62
2017.06.20 09:33:03.017,1.41727,1.41739,1.87,1.00
2017.06.20 09:33:03.529,1.41729,1.4174,1.12,1.00
2017.06.20 09:33:04.887,1.41729,1.41743,1.50,1.50
2017.06.20 09:33:05.534,1.41742,1.41746,1.12,1.87
2017.06.20 09:33:05.714,1.4174,1.41751,1.00,3.67
2017.06.20 09:33:05.767,1.41739,1.4175,1.57,1.00
2017.06.20 09:33:05.922,1.4174,1.41754,2.32,1.00
2017.06.20 09:33:06.126,1.41744,1.41755,1.00,1.00
2017.06.20 09:33:06.542,1.41751,1.41758,1.95,1.87
2017.06.20 09:33:06.747,1.41765,1.41777,1.00,1.50
2017.06.20 09:33:06.801,1.41766,1.41777,1.00,1.00
2017.06.20 09:33:07.007,1.41765,1.41777,1.00,1.44
2017.06.20 09:33:07.162,1.41757,1.4177,1.00,3.64
2017.06.20 09:33:07.214,1.41755,1.4177,1.00,4.76
2017.06.20 09:33:07.265,1.41755,1.41767,1.00,1.19
2017.06.20 09:33:07.569,1.41754,1.41765,1.00,1.19
2017.06.20 09:33:07.879,1.41755,1.41768,1.00,3.64
2017.06.20 09:33:08.340,1.41758,1.41768,1.00,1.29
2017.06.20 09:33:08.495,1.41758,1.41769,1.00,1.01
2017.06.20 09:33:08.661,1.4176,1.4177,1.00,1.56
2017.06.20 09:33:08.714,1.41761,1.41773,1.00,1.00
2017.06.20 09:33:08.767,1.4176,1.41774,1.00,1.62
2017.06.20 09:33:09.130,1.41764,1.41775,1.00,2.32
2017.06.20 09:33:09.285,1.41763,1.41775,1.00,1.50
2017.06.20 09:33:09.390,1.41762,1.41775,1.50,3.19
2017.06.20 09:33:09.493,1.4176,1.41774,1.00,1.64
2017.06.20 09:33:09.698,1.41762,1.41774,1.00,1.01
2017.06.20 09:33:10.143,1.41756,1.41769,1.50,1.00
2017.06.20 09:33:10.194,1.41756,1.41767,1.50,1.00
2017.06.20 09:33:10.349,1.41756,1.41769,2.81,1.00
2017.06.20 09:33:10.400,1.41761,1.41772,2.25,1.00
2017.06.20 09:33:10.608,1.41767,1.41779,1.00,2.81
2017.06.20 09:33:11.161,1.41767,1.41779,1.00,1.19
2017.06.20 09:33:12.092,1.41768,1.4178,1.00,2.06
2017.06.20 09:33:13.435,1.41769,1.4178,1.00,2.06
2017.06.20 09:33:13.772,1.41774,1.4178,1.00,1.37
2017.06.20 09:33:13.824,1.41772,1.4178,1.00,1.37
2017.06.20 09:33:13.876,1.41773,1.41781,1.00,1.25
2017.06.20 09:33:13.928,1.41771,1.41783,1.00,1.01
2017.06.20 09:33:14.400,1.41768,1.41781,1.00,1.12
2017.06.20 09:33:14.917,1.41767,1.4178,1.00,1.00
2017.06.20 09:33:15.608,1.41766,1.41779,1.31,1.00
2017.06.20 09:33:16.521,1.41765,1.41778,1.12,1.57
2017.06.20 09:33:16.573,1.41763,1.41777,1.00,1.39
2017.06.20 09:33:16.703,1.41761,1.41776,1.24,1.66
2017.06.20 09:33:17.215,1.41759,1.41774,1.24,1.39
2017.06.20 09:33:17.533,1.41763,1.41778,1.50,1.31
2017.06.20 09:33:17.584,1.41765,1.41778,1.00,1.31
2017.06.20 09:33:17.687,1.41763,1.41779,1.50,1.66
2017.06.20 09:33:17.790,1.41765,1.41778,1.00,1.31
2017.06.20 09:33:18.091,1.4176,1.41772,1.24,1.62
2017.06.20 09:33:18.195,1.4176,1.41773,1.11,1.69
2017.06.20 09:33:18.451,1.41764,1.41776,1.00,1.19
2017.06.20 09:33:18.556,1.41765,1.41777,1.00,1.19
2017.06.20 09:33:19.091,1.41762,1.41776,1.99,1.19
2017.06.20 09:33:19.665,1.41762,1.41776,1.52,1.19
2017.06.20 09:33:19.927,1.41764,1.41777,1.19,1.25
2017.06.20 09:33:20.398,1.41763,1.41777,1.25,1.25
2017.06.20 09:33:20.758,1.41763,1.41777,1.25,1.39
2017.06.20 09:33:21.067,1.4176,1.41773,1.05,1.00
2017.06.20 09:33:21.568,1.41759,1.41772,1.44,1.00
2017.06.20 09:33:21.927,1.41763,1.41776,1.50,1.37
2017.06.20 09:33:21.979,1.41763,1.41777,1.87,1.57
2017.06.20 09:33:22.338,1.41764,1.41778,1.50,1.31
2017.06.20 09:33:22.807,1.41762,1.41776,1.24,1.00
2017.06.20 09:33:22.910,1.41761,1.41777,1.61,1.20
2017.06.20 09:33:23.013,1.41763,1.41777,1.69,1.00
2017.06.20 09:33:24.052,1.4177,1.41781,1.00,1.31
2017.06.20 09:33:25.195,1.41767,1.41779,1.00,1.01
2017.06.20 09:33:25.247,1.41762,1.41776,1.87,1.45
2017.06.20 09:33:25.299,1.4176,1.41776,1.86,1.70
2017.06.20 09:33:25.350,1.41759,1.41772,2.00,1.76
2017.06.20 09:33:25.864,1.41757,1.41771,1.36,1.37
2017.06.20 09:33:26.434,1.41756,1.41772,1.37,2.14
2017.06.20 09:33:26.936,1.41757,1.41773,1.36,3.26
2017.06.20 09:33:27.450,1.41755,1.41769,2.12,1.00
2017.06.20 09:33:29.174,1.41755,1.41769,1.75,1.37
2017.06.20 09:33:29.721,1.41754,1.41768,2.68,1.12
2017.06.20 09:33:30.245,1.41755,1.41768,1.03,1.00
2017.06.20 09:33:30.751,1.41755,1.41768,1.03,1.00
2017.06.20 09:33:31.263,1.41755,1.41769,2.09,1.12
2017.06.20 09:33:31.520,1.41758,1.41771,1.40,1.12
2017.06.20 09:33:32.349,1.41758,1.41772,1.53,1.00
2017.06.20 09:33:33.440,1.41757,1.41771,1.53,1.00
2017.06.20 09:33:33.543,1.41756,1.41769,1.34,1.00
2017.06.20 09:33:33.687,1.41757,1.41771,1.15,1.69
2017.06.20 09:33:33.946,1.4176,1.41773,1.15,1.00
2017.06.20 09:33:34.479,1.4176,1.41773,1.90,1.00
2017.06.20 09:33:34.532,1.4176,1.41776,2.28,2.06
2017.06.20 09:33:35.049,1.41764,1.41775,1.00,1.00
2017.06.20 09:33:35.355,1.41764,1.41775,1.37,1.00
2017.06.20 09:33:35.896,1.41763,1.41775,1.75,1.00
2017.06.20 09:33:36.154,1.41761,1.41773,1.72,1.00
2017.06.20 09:33:36.658,1.4176,1.41772,1.03,1.00
2017.06.20 09:33:37.273,1.41759,1.41772,1.53,1.00
2017.06.20 09:33:37.964,1.41759,1.41772,2.65,1.00
2017.06.20 09:33:39.482,1.41761,1.41775,1.15,1.37
2017.06.20 09:33:39.988,1.41761,1.41775,1.15,1.12
2017.06.20 09:33:41.534,1.41762,1.41773,1.00,1.37
2017.06.20 09:33:43.587,1.41762,1.41774,1.04,1.37
2017.06.20 09:33:44.772,1.41759,1.41772,2.62,1.37
2017.06.20 09:33:44.978,1.41756,1.41769,1.00,3.37
2017.06.20 09:33:45.029,1.41753,1.41766,2.09,1.00
2017.06.20 09:33:45.286,1.41755,1.41768,1.87,1.00
2017.06.20 09:33:45.800,1.41757,1.41768,2.25,1.00
2017.06.20 09:33:45.904,1.41766,1.41772,1.00,1.62
2017.06.20 09:33:46.060,1.41779,1.41785,1.00,2.06
2017.06.20 09:33:46.111,1.4178,1.41786,1.00,1.25
2017.06.20 09:33:47.011,1.41782,1.41788,1.00,1.62
2017.06.20 09:33:48.650,1.41783,1.41789,1.00,1.56
2017.06.20 09:33:49.237,1.41783,1.41789,1.00,1.56
2017.06.20 09:33:50.127,1.4178,1.41789,1.00,1.56
2017.06.20 09:33:50.723,1.4178,1.4179,1.00,1.37
2017.06.20 09:33:50.981,1.41778,1.4179,1.00,1.37
2017.06.20 09:33:51.810,1.41778,1.41791,1.00,2.06
2017.06.20 09:33:52.889,1.41778,1.4179,1.00,1.37
2017.06.20 09:33:53.667,1.41776,1.4179,1.87,1.87
2017.06.20 09:33:54.216,1.41776,1.4179,1.50,1.37
2017.06.20 09:33:57.187,1.41776,1.4179,1.87,1.87
2017.06.20 09:33:57.494,1.41778,1.41792,1.50,1.12
2017.06.20 09:33:57.657,1.41778,1.41792,2.25,1.12
2017.06.20 09:33:58.711,1.41779,1.41793,1.45,1.12
2017.06.20 09:33:58.763,1.41779,1.41795,2.32,1.87
2017.06.20 09:33:59.073,1.41781,1.41794,1.45,1.37
2017.06.20 09:33:59.431,1.41781,1.41795,1.57,1.00
2017.06.20 09:34:00.089,1.41781,1.41795,1.20,1.00
2017.06.20 09:34:00.612,1.41781,1.41795,1.00,1.37
2017.06.20 09:34:00.868,1.41779,1.41795,2.25,1.37
2017.06.20 09:34:01.225,1.41778,1.41792,2.25,1.00
2017.06.20 09:34:03.091,1.41779,1.41793,1.50,1.12
2017.06.20 09:34:03.593,1.41779,1.41792,1.12,1.00
2017.06.20 09:34:04.132,1.41777,1.41792,1.75,1.37
2017.06.20 09:34:04.355,1.41777,1.41792,1.12,2.25
2017.06.20 09:34:05.161,1.41778,1.41792,1.00,1.87
2017.06.20 09:34:05.639,1.41776,1.41792,1.00,2.25
2017.06.20 09:34:06.184,1.41775,1.41789,1.00,1.00
2017.06.20 09:34:06.708,1.41775,1.41789,1.00,1.37
2017.06.20 09:34:08.642,1.41773,1.41778,1.00,1.00
2017.06.20 09:34:09.323,1.41765,1.41776,1.60,1.00
2017.06.20 09:34:09.425,1.41765,1.41778,1.15,1.00
2017.06.20 09:34:09.946,1.41765,1.41777,1.23,1.00
2017.06.20 09:34:10.204,1.41763,1.41774,1.40,1.00
2017.06.20 09:34:10.751,1.41763,1.41778,1.40,1.00
2017.06.20 09:34:11.007,1.41763,1.41772,1.00,4.50
2017.06.20 09:34:13.539,1.41763,1.41769,1.00,1.00
2017.06.20 09:34:13.661,1.4176,1.41769,1.37,1.00
2017.06.20 09:34:13.816,1.41759,1.4177,1.12,1.00
2017.06.20 09:34:14.020,1.41758,1.41768,2.81,1.00
2017.06.20 09:34:14.123,1.41758,1.41768,2.25,1.00
2017.06.20 09:34:14.307,1.41758,1.4177,3.00,1.00
2017.06.20 09:34:15.028,1.41758,1.4177,1.87,1.00
2017.06.20 09:34:15.183,1.41757,1.41769,1.00,1.00
2017.06.20 09:34:15.773,1.41756,1.41769,1.00,1.00
2017.06.20 09:34:19.263,1.41759,1.41773,1.00,2.25
2017.06.20 09:34:19.316,1.41759,1.41773,1.00,1.50
2017.06.20 09:34:19.470,1.41764,1.41775,1.00,1.50
2017.06.20 09:34:19.523,1.41764,1.41777,1.00,1.00
2017.06.20 09:34:19.677,1.41768,1.41778,1.00,1.00
2017.06.20 09:34:20.226,1.41767,1.41778,1.00,1.00
2017.06.20 09:34:20.859,1.41767,1.41776,1.00,1.00
2017.06.20 09:34:21.322,1.41766,1.41773,1.00,1.00
2017.06.20 09:34:21.873,1.41764,1.41772,1.00,1.00
2017.06.20 09:34:21.925,1.41764,1.41775,1.00,1.00
2017.06.20 09:34:22.079,1.41766,1.41776,1.00,1.00
2017.06.20 09:34:22.182,1.41765,1.41778,1.12,1.00
2017.06.20 09:34:22.500,1.41767,1.41778,1.00,1.00
2017.06.20 09:34:23.141,1.4177,1.41782,1.00,1.95
2017.06.20 09:34:24.828,1.4177,1.41782,1.00,1.12
2017.06.20 09:34:24.931,1.41768,1.41782,1.12,1.20
2017.06.20 09:34:25.450,1.41767,1.41782,1.00,1.95
2017.06.20 09:34:25.758,1.41767,1.41782,1.00,2.70
2017.06.20 09:34:25.964,1.41767,1.4178,1.00,1.07
2017.06.20 09:34:26.499,1.41766,1.4178,1.50,1.82
2017.06.20 09:34:27.096,1.41764,1.41779,1.00,1.95
2017.06.20 09:34:27.614,1.41763,1.41778,1.12,1.57
2017.06.20 09:34:28.183,1.41763,1.41777,1.00,3.07
2017.06.20 09:34:28.288,1.41761,1.41777,1.00,3.07
2017.06.20 09:34:28.927,1.41763,1.41777,1.00,1.57
2017.06.20 09:34:29.440,1.41762,1.41776,1.00,1.20
2017.06.20 09:34:29.755,1.4176,1.41774,1.50,1.00
2017.06.20 09:34:30.386,1.4176,1.41774,1.50,1.00
2017.06.20 09:34:31.527,1.41759,1.41773,1.37,1.00
2017.06.20 09:34:31.683,1.41757,1.41771,1.00,1.10
2017.06.20 09:34:32.287,1.41758,1.41773,1.12,1.57
2017.06.20 09:34:32.391,1.4176,1.41774,1.00,1.57
2017.06.20 09:34:32.720,1.41758,1.41774,1.12,1.57
2017.06.20 09:34:32.874,1.41757,1.41769,1.50,1.00
2017.06.20 09:34:33.182,1.41758,1.4177,1.87,1.00
2017.06.20 09:34:34.388,1.4176,1.41768,1.00,1.00
2017.06.20 09:34:34.646,1.41755,1.41766,1.75,1.00
2017.06.20 09:34:34.748,1.41753,1.41765,1.50,1.00
2017.06.20 09:34:34.902,1.41753,1.41767,1.75,1.00
2017.06.20 09:34:35.064,1.41754,1.41765,1.00,1.00
2017.06.20 09:34:35.787,1.41753,1.41766,1.50,1.00
2017.06.20 09:34:36.294,1.41753,1.41766,1.50,1.00
2017.06.20 09:34:39.273,1.41753,1.41764,1.12,1.00
2017.06.20 09:34:39.784,1.4175,1.41763,1.37,1.12
2017.06.20 09:34:39.838,1.4175,1.41763,1.00,1.12
2017.06.20 09:34:40.036,1.4175,1.41764,4.50,1.00
2017.06.20 09:34:40.243,1.41754,1.41767,1.87,1.00
2017.06.20 09:34:40.295,1.41754,1.41769,2.25,1.75
2017.06.20 09:34:40.398,1.41755,1.41769,1.37,1.00
2017.06.20 09:34:40.873,1.41754,1.41769,1.50,1.00
2017.06.20 09:34:40.925,1.41754,1.4177,1.50,1.12
2017.06.20 09:34:41.264,1.41753,1.41767,3.00,1.00
2017.06.20 09:34:41.316,1.41754,1.41767,1.00,1.00
2017.06.20 09:34:43.439,1.41753,1.41768,2.25,1.00
2017.06.20 09:34:43.949,1.41754,1.41768,1.37,1.00
2017.06.20 09:34:45.047,1.41754,1.41769,1.37,1.20
2017.06.20 09:34:45.302,1.41754,1.41767,1.37,1.00
2017.06.20 09:34:45.883,1.41752,1.41766,1.75,1.00
2017.06.20 09:34:46.395,1.41752,1.41767,1.75,1.12
2017.06.20 09:34:46.702,1.41751,1.41763,1.12,1.00
2017.06.20 09:34:46.907,1.41751,1.41765,2.06,1.12
2017.06.20 09:34:47.192,1.41751,1.41765,1.69,1.00
2017.06.20 09:34:47.707,1.41751,1.41764,1.37,1.00
2017.06.20 09:34:47.861,1.41749,1.41763,1.37,1.12
2017.06.20 09:34:47.913,1.41748,1.41761,1.75,1.00
2017.06.20 09:34:48.016,1.41748,1.41761,1.00,1.00
2017.06.20 09:34:48.790,1.41748,1.4176,1.00,1.00
2017.06.20 09:34:49.387,1.41747,1.41759,1.00,1.00
2017.06.20 09:34:49.938,1.41747,1.4176,1.37,1.00
2017.06.20 09:34:50.166,1.41752,1.41764,1.00,1.00
2017.06.20 09:34:50.476,1.41751,1.41764,2.32,1.00
2017.06.20 09:34:52.340,1.41754,1.41766,1.37,1.00
2017.06.20 09:34:52.442,1.41754,1.41766,1.50,1.00
2017.06.20 09:34:57.625,1.41755,1.41766,1.00,1.00
2017.06.20 09:34:59.497,1.41757,1.41766,1.00,1.00
2017.06.20 09:34:59.548,1.41755,1.41766,1.87,1.00
2017.06.20 09:35:00.331,1.41757,1.41766,1.00,1.00
2017.06.20 09:35:00.383,1.41755,1.41766,1.87,1.00
2017.06.20 09:35:00.889,1.41755,1.41766,1.50,1.00
2017.06.20 09:35:03.506,1.41755,1.41766,1.12,1.50
2017.06.20 09:35:04.151,1.41755,1.41766,1.50,1.00
2017.06.20 09:35:04.671,1.41757,1.41766,1.12,1.00
2017.06.20 09:35:11.107,1.41757,1.41766,1.50,1.00
2017.06.20 09:35:11.960,1.41765,1.41769,1.00,1.00
2017.06.20 09:35:12.113,1.41765,1.41769,1.00,1.00
2017.06.20 09:35:15.265,1.41764,1.41769,1.00,1.00
2017.06.20 09:35:15.777,1.41765,1.41769,1.00,1.00
2017.06.20 09:35:26.729,1.41762,1.41769,1.00,1.00
2017.06.20 09:35:27.311,1.4176,1.41769,1.00,1.00
2017.06.20 09:35:27.826,1.41761,1.41769,1.00,1.00
2017.06.20 09:35:31.294,1.4176,1.41769,1.00,1.00
2017.06.20 09:35:31.346,1.41757,1.41769,1.00,1.07
2017.06.20 09:35:31.448,1.41756,1.41764,1.00,1.00
2017.06.20 09:35:33.347,1.41757,1.41764,1.00,1.00
2017.06.20 09:35:34.479,1.41755,1.41764,1.00,1.00
2017.06.20 09:35:35.003,1.41758,1.41764,1.00,1.00
2017.06.20 09:35:35.157,1.4176,1.41767,1.00,1.00
2017.06.20 09:35:35.688,1.41759,1.41767,1.00,1.00
2017.06.20 09:35:36.201,1.41758,1.41767,1.00,1.00
2017.06.20 09:35:36.725,1.41757,1.41767,1.00,1.00
2017.06.20 09:35:38.178,1.41755,1.41767,1.00,1.47
2017.06.20 09:35:39.572,1.41755,1.41767,1.00,1.00
2017.06.20 09:35:42.650,1.41755,1.41767,1.00,1.47
2017.06.20 09:35:43.761,1.41755,1.41767,1.00,1.00
2017.06.20 09:35:44.085,1.41752,1.41766,1.00,1.00
2017.06.20 09:35:49.881,1.41751,1.41765,2.25,1.00
2017.06.20 09:35:50.429,1.41748,1.41761,2.25,1.00
2017.06.20 09:35:50.638,1.41742,1.41755,1.37,1.00
2017.06.20 09:35:50.741,1.4174,1.41753,2.25,1.50
2017.06.20 09:35:50.793,1.4174,1.41753,1.12,1.50
2017.06.20 09:35:51.335,1.41739,1.41752,1.50,1.00
2017.06.20 09:35:51.850,1.41739,1.41752,1.00,1.00
2017.06.20 09:35:52.231,1.41737,1.4175,1.37,1.00
2017.06.20 09:35:52.333,1.41736,1.4175,1.87,1.00
2017.06.20 09:35:54.437,1.41736,1.41749,1.50,1.00
2017.06.20 09:35:54.808,1.41736,1.41748,1.37,1.00
2017.06.20 09:35:54.912,1.41736,1.41748,1.00,1.00
2017.06.20 09:35:55.065,1.41736,1.41749,1.37,1.00
2017.06.20 09:35:55.483,1.41736,1.41749,1.00,1.00
2017.06.20 09:35:55.861,1.41736,1.41746,1.00,1.00
2017.06.20 09:35:55.913,1.41732,1.41746,4.87,1.00
2017.06.20 09:35:56.114,1.41732,1.41745,2.25,1.00
2017.06.20 09:35:57.440,1.41731,1.41747,2.25,1.50
2017.06.20 09:36:00.548,1.41732,1.41745,1.12,1.00
2017.06.20 09:36:00.882,1.41729,1.4174,1.87,1.00
2017.06.20 09:36:01.337,1.41728,1.41738,1.37,1.00
2017.06.20 09:36:01.963,1.41728,1.41738,1.00,1.00
2017.06.20 09:36:04.979,1.41726,1.41737,1.12,1.00
2017.06.20 09:36:06.620,1.41725,1.41737,1.50,1.00
2017.06.20 09:36:08.180,1.41727,1.41738,1.12,1.00
2017.06.20 09:36:08.335,1.41729,1.41738,1.37,1.00
2017.06.20 09:36:08.906,1.41728,1.4174,2.25,1.00
2017.06.20 09:36:09.041,1.41728,1.41738,1.75,1.00
2017.06.20 09:36:09.144,1.41728,1.41738,1.12,1.00
2017.06.20 09:36:10.728,1.41728,1.41737,1.12,1.00
2017.06.20 09:36:11.333,1.41722,1.41731,1.37,1.00
2017.06.20 09:36:11.692,1.41719,1.41731,1.50,1.00
2017.06.20 09:36:11.969,1.41719,1.41729,1.37,1.00
2017.06.20 09:36:12.482,1.41718,1.4173,1.87,1.00
2017.06.20 09:36:13.081,1.41719,1.41729,1.87,1.00
2017.06.20 09:36:14.017,1.41721,1.41731,1.12,1.00
2017.06.20 09:36:16.080,1.41719,1.41732,1.12,1.00
2017.06.20 09:36:16.692,1.41718,1.41732,3.75,1.00
2017.06.20 09:36:17.777,1.41722,1.41736,1.00,1.37
2017.06.20 09:36:19.611,1.41724,1.41736,1.00,1.87
2017.06.20 09:36:20.193,1.41724,1.41736,1.00,1.87
2017.06.20 09:36:20.927,1.41724,1.41736,1.00,1.37
2017.06.20 09:36:22.054,1.41724,1.41736,1.00,1.12
2017.06.20 09:36:23.078,1.41724,1.41736,1.00,1.37
2017.06.20 09:36:23.420,1.41722,1.41736,1.00,1.37
2017.06.20 09:36:24.779,1.41725,1.41736,1.00,1.87
2017.06.20 09:36:25.316,1.41726,1.41738,1.00,3.64
2017.06.20 09:36:25.934,1.41732,1.41738,1.00,1.00
2017.06.20 09:36:26.142,1.41736,1.41744,1.00,1.00
2017.06.20 09:36:26.871,1.41735,1.41744,1.00,1.00
2017.06.20 09:36:27.531,1.41736,1.41744,1.00,1.00
2017.06.20 09:36:29.649,1.41734,1.41744,1.00,1.12
2017.06.20 09:36:30.645,1.41736,1.41744,1.00,1.00
2017.06.20 09:36:30.945,1.41733,1.41744,1.00,1.00
2017.06.20 09:36:31.049,1.41733,1.41742,1.00,1.37
2017.06.20 09:36:31.153,1.41731,1.41742,1.00,2.06
2017.06.20 09:36:31.204,1.41731,1.4174,1.00,1.37
2017.06.20 09:36:31.410,1.41729,1.4174,1.00,1.37
2017.06.20 09:36:32.090,1.41729,1.41741,1.00,1.37
2017.06.20 09:36:33.788,1.41728,1.41741,1.00,1.37
2017.06.20 09:36:34.737,1.41727,1.41738,1.00,1.37
2017.06.20 09:36:35.084,1.41729,1.41738,1.00,1.37
2017.06.20 09:36:35.186,1.41726,1.41737,1.00,1.37
2017.06.20 09:36:36.238,1.41726,1.41737,1.12,1.00
2017.06.20 09:36:36.442,1.41728,1.41739,1.12,2.25
2017.06.20 09:36:37.643,1.41728,1.41739,1.12,1.12
2017.06.20 09:36:39.821,1.41727,1.41738,1.37,1.37
2017.06.20 09:36:44.296,1.41726,1.41739,1.50,1.37
2017.06.20 09:36:46.643,1.41726,1.41739,1.12,1.37
2017.06.20 09:36:47.627,1.41726,1.41739,1.12,1.87
2017.06.20 09:36:49.894,1.41723,1.41738,1.75,1.37
2017.06.20 09:36:50.616,1.41723,1.41739,3.00,2.70
2017.06.20 09:36:50.668,1.41723,1.41735,3.00,1.37
2017.06.20 09:36:50.770,1.41721,1.41735,1.87,1.87
2017.06.20 09:36:50.873,1.4172,1.41732,1.00,1.37
2017.06.20 09:36:50.976,1.41718,1.41731,1.12,1.37
2017.06.20 09:36:51.945,1.41718,1.4173,1.12,1.37
2017.06.20 09:36:53.268,1.41716,1.4173,1.00,1.37
2017.06.20 09:36:56.658,1.41716,1.41729,1.00,1.12
2017.06.20 09:36:57.395,1.41714,1.41727,2.25,1.12
2017.06.20 09:36:57.704,1.41713,1.41726,1.50,1.37
2017.06.20 09:36:58.869,1.41711,1.41724,1.00,1.12
2017.06.20 09:37:00.667,1.41709,1.41722,1.50,1.00
2017.06.20 09:37:01.532,1.41708,1.41721,3.75,1.00
2017.06.20 09:37:02.075,1.41709,1.41724,1.90,1.87
2017.06.20 09:37:02.127,1.41712,1.41722,1.87,1.00
2017.06.20 09:37:02.282,1.4171,1.41722,1.00,1.00
2017.06.20 09:37:02.525,1.41709,1.4172,1.37,1.00
2017.06.20 09:37:02.781,1.41708,1.4172,1.50,1.37
2017.06.20 09:37:03.662,1.41707,1.4172,3.00,1.12
2017.06.20 09:37:04.127,1.41705,1.41719,2.25,1.37
2017.06.20 09:37:04.639,1.41703,1.41715,1.50,1.00
2017.06.20 09:37:04.844,1.41699,1.41713,1.87,1.50
2017.06.20 09:37:04.897,1.41699,1.41711,1.87,1.00
2017.06.20 09:37:05.051,1.41695,1.41709,1.37,1.00
2017.06.20 09:37:05.102,1.41694,1.41706,1.12,1.00
2017.06.20 09:37:05.616,1.41695,1.41705,1.50,1.00
2017.06.20 09:37:06.315,1.41696,1.41705,1.50,1.00
2017.06.20 09:37:06.624,1.41699,1.41708,1.00,1.37
2017.06.20 09:37:06.830,1.41701,1.41711,1.00,1.75
2017.06.20 09:37:06.934,1.41704,1.41713,1.00,1.37
2017.06.20 09:37:07.486,1.41703,1.41713,1.00,1.37
2017.06.20 09:37:08.083,1.41703,1.41714,1.00,1.37
2017.06.20 09:37:08.794,1.41703,1.41708,1.00,1.84
2017.06.20 09:37:08.848,1.41695,1.41707,1.00,1.62
2017.06.20 09:37:09.054,1.41695,1.41709,1.00,1.75
2017.06.20 09:37:09.158,1.41697,1.41709,1.50,1.75
2017.06.20 09:37:09.312,1.41697,1.41712,2.62,1.37
2017.06.20 09:37:09.364,1.41699,1.41712,1.00,1.37
2017.06.20 09:37:09.466,1.41702,1.41717,2.25,1.50
2017.06.20 09:37:09.518,1.41705,1.41718,1.00,1.00
2017.06.20 09:37:10.062,1.41706,1.4172,1.00,1.56
2017.06.20 09:37:10.240,1.41704,1.4172,1.00,1.56
2017.06.20 09:37:11.079,1.41707,1.4172,1.00,1.56
2017.06.20 09:37:11.387,1.4171,1.4172,1.00,1.56
2017.06.20 09:37:11.694,1.41714,1.41725,1.00,4.31
2017.06.20 09:37:12.103,1.41712,1.41723,1.00,1.56
2017.06.20 09:37:12.397,1.41714,1.41723,1.00,2.44
2017.06.20 09:37:12.911,1.41715,1.41724,1.00,1.37
2017.06.20 09:37:13.522,1.41715,1.41725,1.00,1.62
2017.06.20 09:37:13.779,1.41717,1.41726,1.00,1.69
2017.06.20 09:37:13.831,1.41717,1.41728,1.00,2.06
2017.06.20 09:37:13.969,1.41716,1.41727,1.00,1.70
2017.06.20 09:37:14.559,1.41717,1.41727,1.00,1.39
2017.06.20 09:37:15.074,1.41717,1.41727,1.00,2.14
2017.06.20 09:37:16.275,1.41712,1.41726,1.00,1.66
2017.06.20 09:37:16.981,1.41709,1.41722,1.12,1.00
2017.06.20 09:37:18.383,1.41709,1.41722,1.50,1.00
2017.06.20 09:37:19.719,1.41708,1.41722,2.25,1.00
2017.06.20 09:37:20.252,1.41708,1.41722,1.87,1.87
2017.06.20 09:37:22.173,1.41708,1.4172,1.87,1.00
2017.06.20 09:37:22.532,1.41706,1.41719,1.00,1.12
2017.06.20 09:37:23.050,1.41706,1.41719,1.07,1.12
2017.06.20 09:37:23.512,1.41704,1.41718,2.70,1.00
2017.06.20 09:37:24.054,1.41704,1.41719,1.10,1.87
2017.06.20 09:37:24.157,1.41706,1.41719,2.25,1.87
2017.06.20 09:37:24.670,1.41706,1.41719,3.07,1.12
2017.06.20 09:37:25.210,1.41706,1.41719,3.07,1.12
2017.06.20 09:37:25.716,1.41706,1.41719,1.82,1.12
2017.06.20 09:37:26.915,1.41707,1.41719,1.85,1.00
2017.06.20 09:37:30.136,1.41707,1.41715,1.12,1.37
2017.06.20 09:37:30.188,1.41705,1.41715,1.00,1.37
2017.06.20 09:37:30.597,1.41705,1.41716,1.00,1.00
2017.06.20 09:37:31.116,1.41705,1.41717,1.12,3.37
2017.06.20 09:37:32.341,1.41705,1.41714,1.00,1.12
2017.06.20 09:37:32.444,1.41702,1.41714,1.37,1.12
2017.06.20 09:37:32.955,1.41701,1.41713,1.20,1.00
2017.06.20 09:37:34.417,1.41701,1.41713,1.12,1.87
2017.06.20 09:37:35.541,1.41701,1.41713,1.12,1.00
2017.06.20 09:37:36.476,1.41701,1.41711,1.00,1.87
2017.06.20 09:37:36.783,1.41695,1.41707,1.12,1.37
2017.06.20 09:37:37.142,1.41695,1.41707,2.70,1.37
2017.06.20 09:37:37.194,1.41696,1.41709,1.00,1.87
2017.06.20 09:37:37.939,1.41696,1.41707,1.10,1.00
2017.06.20 09:37:39.222,1.41696,1.41706,1.10,1.00
2017.06.20 09:37:39.325,1.41696,1.41706,1.57,1.00
2017.06.20 09:37:39.959,1.41695,1.41707,1.82,1.87
2017.06.20 09:37:40.770,1.41696,1.41708,1.20,1.00
2017.06.20 09:37:41.078,1.41696,1.41706,1.12,1.00
2017.06.20 09:37:42.576,1.41695,1.41707,1.20,1.87
2017.06.20 09:37:43.399,1.41695,1.41708,1.20,2.62
2017.06.20 09:37:43.906,1.41695,1.41706,1.20,1.00
2017.06.20 09:37:44.429,1.41695,1.41706,1.20,1.00
2017.06.20 09:37:44.713,1.41694,1.41706,2.32,1.00
2017.06.20 09:37:45.266,1.41696,1.41707,1.95,1.12
2017.06.20 09:37:49.070,1.41694,1.41706,1.82,1.00
2017.06.20 09:37:51.321,1.41695,1.41705,1.47,2.06
2017.06.20 09:37:51.375,1.41693,1.41702,1.12,2.62
2017.06.20 09:37:51.428,1.41689,1.417,1.95,1.00
2017.06.20 09:37:51.480,1.41688,1.41702,2.32,1.00
2017.06.20 09:37:51.584,1.41689,1.41702,2.32,1.00
2017.06.20 09:37:52.131,1.41691,1.41703,1.47,1.00
2017.06.20 09:37:52.787,1.41691,1.41704,1.57,3.37
2017.06.20 09:37:53.288,1.41693,1.41705,1.20,1.12
2017.06.20 09:37:53.631,1.41692,1.41697,1.12,2.06
2017.06.20 09:37:53.735,1.41682,1.41691,1.47,3.75
2017.06.20 09:37:53.838,1.4168,1.41692,1.10,4.50
2017.06.20 09:37:53.941,1.41682,1.41694,1.45,1.87
2017.06.20 09:37:54.249,1.4168,1.41689,1.12,1.62
2017.06.20 09:37:54.352,1.41677,1.41689,3.00,1.62
2017.06.20 09:37:54.892,1.41677,1.41689,1.87,1.56
2017.06.20 09:37:57.495,1.41679,1.41691,1.10,1.37
2017.06.20 09:37:57.903,1.41678,1.41689,1.82,1.12
2017.06.20 09:37:58.885,1.41678,1.41691,1.85,1.37
2017.06.20 09:37:59.244,1.41677,1.41691,2.70,3.37
2017.06.20 09:37:59.296,1.41677,1.41689,1.12,2.62
2017.06.20 09:37:59.632,1.4167,1.41683,3.45,1.87
2017.06.20 09:38:00.167,1.4167,1.41683,1.87,1.87
2017.06.20 09:38:00.270,1.4167,1.41683,1.50,3.37
2017.06.20 09:38:00.515,1.4167,1.41681,1.12,1.37
2017.06.20 09:38:01.030,1.4167,1.41681,1.07,1.37
2017.06.20 09:38:01.691,1.4167,1.41682,1.45,1.87
2017.06.20 09:38:03.829,1.4167,1.41682,1.20,1.87
2017.06.20 09:38:05.179,1.4167,1.41682,1.57,1.12
2017.06.20 09:38:05.486,1.41673,1.41682,1.00,1.12
2017.06.20 09:38:06.164,1.41674,1.41682,1.00,1.12
2017.06.20 09:38:07.381,1.41674,1.41685,1.00,1.37
2017.06.20 09:38:07.968,1.41675,1.41685,1.00,1.37
2017.06.20 09:38:08.833,1.41675,1.41686,1.00,1.37
2017.06.20 09:38:09.132,1.41675,1.41683,1.00,1.37
2017.06.20 09:38:09.792,1.41673,1.41683,1.00,1.37
2017.06.20 09:38:10.163,1.41671,1.41683,1.00,1.37
2017.06.20 09:38:10.558,1.41671,1.4168,1.00,1.37
2017.06.20 09:38:10.661,1.41669,1.4168,1.00,2.62
2017.06.20 09:38:14.786,1.41669,1.41679,1.50,1.37
2017.06.20 09:38:16.021,1.41669,1.41679,1.00,1.12
2017.06.20 09:38:16.580,1.4167,1.41679,1.50,1.12
2017.06.20 09:38:18.065,1.41671,1.41679,1.50,1.12
2017.06.20 09:38:18.597,1.41671,1.41681,1.50,1.37
2017.06.20 09:38:19.770,1.41673,1.4168,1.00,1.12
2017.06.20 09:38:19.873,1.41674,1.41683,1.00,1.37
2017.06.20 09:38:20.420,1.41674,1.41681,1.00,1.12
2017.06.20 09:38:20.472,1.41672,1.41681,1.00,1.12
2017.06.20 09:38:20.574,1.4167,1.41681,1.12,1.12
2017.06.20 09:38:20.824,1.41674,1.41681,1.00,1.12
2017.06.20 09:38:20.876,1.41672,1.41681,1.00,1.12
2017.06.20 09:38:21.388,1.41672,1.41683,1.00,2.62
2017.06.20 09:38:21.747,1.41674,1.41683,1.00,1.37
2017.06.20 09:38:23.139,1.4167,1.41682,2.62,1.12
2017.06.20 09:38:23.712,1.4167,1.41681,1.12,1.12
2017.06.20 09:38:24.153,1.41668,1.4168,1.50,1.37
2017.06.20 09:38:24.256,1.41668,1.41679,1.12,1.37
2017.06.20 09:38:24.789,1.41667,1.41677,1.12,1.12
2017.06.20 09:38:25.399,1.41666,1.41677,1.00,1.12
2017.06.20 09:38:25.907,1.41666,1.41677,1.00,1.37
2017.06.20 09:38:26.882,1.41665,1.41677,1.00,1.37
2017.06.20 09:38:26.934,1.41664,1.41674,1.50,1.12
2017.06.20 09:38:27.243,1.41661,1.41671,1.00,1.37
2017.06.20 09:38:30.035,1.41661,1.41671,1.00,1.12
2017.06.20 09:38:30.597,1.4166,1.41671,1.12,1.12
2017.06.20 09:38:32.034,1.41661,1.41671,1.00,1.12
2017.06.20 09:38:32.539,1.41661,1.41671,1.00,1.37
2017.06.20 09:38:33.663,1.41661,1.41672,1.00,1.37
2017.06.20 09:38:35.708,1.41662,1.41672,1.00,1.37
2017.06.20 09:38:35.862,1.41662,1.41673,1.00,1.12
2017.06.20 09:38:37.082,1.41663,1.41674,1.00,1.37
2017.06.20 09:38:37.723,1.41661,1.41674,1.00,1.37
2017.06.20 09:38:37.774,1.41663,1.41674,1.00,1.37
2017.06.20 09:38:38.300,1.41663,1.41674,1.50,1.12
2017.06.20 09:38:39.629,1.41664,1.41676,1.00,1.12
2017.06.20 09:38:39.834,1.41666,1.41677,1.00,1.37
2017.06.20 09:38:40.340,1.41665,1.41676,1.12,1.37
2017.06.20 09:38:41.098,1.41666,1.41676,1.00,2.62
2017.06.20 09:38:41.302,1.41664,1.41676,1.00,1.37
2017.06.20 09:38:42.077,1.41664,1.41675,1.00,2.62
2017.06.20 09:38:42.797,1.41665,1.41675,1.00,2.62
2017.06.20 09:38:42.849,1.41667,1.41675,1.00,1.37
2017.06.20 09:38:42.900,1.41664,1.41675,1.00,1.37
2017.06.20 09:38:43.409,1.41665,1.41675,1.00,1.37
2017.06.20 09:38:43.677,1.41662,1.41675,1.57,1.37
2017.06.20 09:38:44.356,1.41665,1.41675,1.00,1.37
2017.06.20 09:38:44.662,1.41662,1.41672,1.00,1.37
2017.06.20 09:38:45.492,1.41662,1.41673,1.00,1.37
2017.06.20 09:38:47.369,1.41662,1.41673,1.00,1.12
2017.06.20 09:38:48.397,1.41659,1.4167,1.50,1.00
2017.06.20 09:38:49.392,1.4166,1.41669,1.00,1.00
2017.06.20 09:38:50.033,1.41659,1.41669,1.10,1.00
2017.06.20 09:38:51.042,1.41658,1.41667,1.10,1.00
2017.06.20 09:38:51.145,1.41656,1.41666,1.12,1.00
2017.06.20 09:38:52.030,1.41655,1.41666,1.00,1.00
2017.06.20 09:38:52.742,1.41655,1.41665,1.00,1.00
2017.06.20 09:38:53.076,1.41655,1.41667,1.00,1.00
2017.06.20 09:38:53.399,1.41655,1.41665,1.00,1.00
2017.06.20 09:38:54.056,1.41653,1.41664,1.37,1.00
2017.06.20 09:38:54.594,1.41653,1.41665,1.87,1.12
2017.06.20 09:38:55.768,1.41653,1.41667,1.37,1.87
2017.06.20 09:38:55.820,1.41653,1.41665,1.37,1.00
2017.06.20 09:38:56.236,1.41653,1.41667,1.37,1.87
2017.06.20 09:38:56.338,1.41653,1.41665,1.37,1.00
2017.06.20 09:38:56.875,1.41653,1.41667,1.37,1.87
2017.06.20 09:38:57.080,1.41653,1.41665,1.37,1.00
2017.06.20 09:38:57.609,1.41652,1.41665,1.87,1.37
2017.06.20 09:38:57.763,1.41653,1.41666,1.45,1.00
2017.06.20 09:38:57.943,1.41653,1.41666,1.95,1.00
2017.06.20 09:38:58.045,1.41655,1.41669,1.45,1.87
2017.06.20 09:38:58.303,1.4166,1.4167,1.00,1.37
2017.06.20 09:38:58.725,1.41662,1.4167,1.00,1.37
2017.06.20 09:38:59.283,1.41662,1.41671,1.00,1.37
2017.06.20 09:38:59.923,1.41662,1.41671,1.00,1.12
2017.06.20 09:39:00.265,1.4166,1.41671,1.00,1.12
2017.06.20 09:39:00.367,1.41659,1.41668,1.00,1.12
2017.06.20 09:39:00.689,1.41659,1.41667,1.00,1.37
2017.06.20 09:39:00.920,1.41656,1.41665,1.00,1.37
2017.06.20 09:39:01.023,1.41655,1.41663,1.00,1.37
2017.06.20 09:39:01.696,1.41656,1.41663,1.00,1.37
2017.06.20 09:39:02.484,1.41656,1.41663,1.00,1.12
2017.06.20 09:39:04.871,1.41658,1.41665,1.00,1.37
2017.06.20 09:39:05.025,1.41656,1.41665,1.00,1.37
2017.06.20 09:39:05.129,1.41657,1.41667,1.00,1.37
2017.06.20 09:39:05.251,1.41658,1.41669,1.00,1.50
2017.06.20 09:39:05.356,1.41661,1.4167,1.00,1.50
2017.06.20 09:39:05.665,1.4166,1.41668,1.00,1.37
2017.06.20 09:39:06.264,1.41661,1.4167,1.00,1.12
2017.06.20 09:39:07.124,1.4166,1.4167,1.00,1.12
2017.06.20 09:39:07.227,1.41662,1.4167,1.00,1.12
2017.06.20 09:39:07.773,1.41663,1.41671,1.00,1.50
2017.06.20 09:39:08.510,1.41661,1.41671,1.37,1.37
2017.06.20 09:39:09.036,1.41661,1.41671,1.00,1.12
2017.06.20 09:39:09.855,1.41661,1.41671,1.00,1.37
2017.06.20 09:39:10.193,1.41663,1.41671,1.00,1.37
2017.06.20 09:39:10.927,1.41663,1.41672,1.00,1.37
2017.06.20 09:39:11.236,1.41665,1.41672,1.00,1.37
2017.06.20 09:39:13.310,1.41665,1.41673,1.00,1.37
2017.06.20 09:39:16.329,1.41665,1.41672,1.00,1.37
2017.06.20 09:39:16.650,1.41667,1.41672,1.00,1.37
2017.06.20 09:39:17.403,1.41667,1.41672,1.00,1.12
2017.06.20 09:39:17.914,1.41668,1.41672,1.00,1.12
2017.06.20 09:39:18.429,1.41667,1.41672,1.00,1.12
2017.06.20 09:39:19.722,1.41667,1.41671,1.00,1.12
2017.06.20 09:39:19.825,1.41667,1.41674,1.00,2.62
2017.06.20 09:39:20.986,1.41667,1.41673,1.00,1.37
2017.06.20 09:39:21.452,1.41665,1.41672,1.00,1.37
2017.06.20 09:39:22.436,1.41665,1.4167,1.00,1.37
2017.06.20 09:39:24.606,1.41665,1.41671,1.00,1.37
2017.06.20 09:39:25.589,1.41665,1.4167,1.00,1.37
2017.06.20 09:39:26.864,1.41664,1.4167,1.00,1.37
2017.06.20 09:39:27.621,1.41656,1.41667,1.47,1.00
2017.06.20 09:39:28.441,1.41655,1.41667,1.12,1.87
2017.06.20 09:39:28.492,1.41654,1.41664,1.50,1.00
2017.06.20 09:39:28.544,1.41653,1.41664,1.12,1.00
2017.06.20 09:39:29.967,1.41652,1.41664,1.10,1.12
2017.06.20 09:39:30.776,1.41652,1.41664,1.10,1.87
2017.06.20 09:39:31.021,1.4165,1.41661,1.87,1.00
2017.06.20 09:39:31.175,1.41649,1.4166,1.00,1.00
2017.06.20 09:39:32.529,1.41653,1.41661,1.00,1.37
2017.06.20 09:39:33.305,1.41653,1.41661,1.00,1.12
2017.06.20 09:39:33.829,1.41652,1.41661,1.00,1.12
2017.06.20 09:39:35.310,1.41653,1.41662,1.00,1.37
2017.06.20 09:39:35.464,1.41651,1.41662,1.00,1.37
2017.06.20 09:39:35.716,1.41654,1.41662,1.00,1.37
2017.06.20 09:39:36.231,1.41655,1.41662,1.00,1.37
2017.06.20 09:39:36.487,1.41656,1.41666,1.00,1.87
2017.06.20 09:39:37.012,1.41655,1.41666,1.00,3.37
2017.06.20 09:39:37.222,1.41657,1.41666,1.00,1.87
2017.06.20 09:39:37.738,1.41658,1.41666,1.00,1.00
2017.06.20 09:39:39.137,1.41658,1.4167,1.00,1.87
2017.06.20 09:39:41.298,1.41658,1.4167,1.00,1.37
2017.06.20 09:39:41.826,1.41658,1.4167,1.00,1.37
2017.06.20 09:39:42.249,1.4166,1.41671,1.00,1.37
2017.06.20 09:39:42.781,1.41661,1.41673,1.00,1.37
2017.06.20 09:39:43.328,1.41661,1.41674,1.00,1.87
2017.06.20 09:39:45.956,1.4166,1.41671,1.00,1.37
2017.06.20 09:39:46.110,1.41658,1.4167,1.00,1.37
2017.06.20 09:39:46.684,1.41659,1.4167,1.00,1.37
2017.06.20 09:39:47.192,1.41659,1.41669,1.00,1.37
2017.06.20 09:39:48.415,1.41659,1.41671,1.00,1.37
2017.06.20 09:39:48.774,1.41661,1.41673,1.00,1.37
2017.06.20 09:39:49.834,1.41661,1.41674,1.00,1.37
2017.06.20 09:39:50.335,1.4166,1.41673,1.00,1.37
2017.06.20 09:39:50.874,1.41661,1.41673,1.00,1.37
2017.06.20 09:39:51.598,1.4166,1.41673,1.00,1.37
2017.06.20 09:39:52.113,1.4166,1.41673,1.00,1.37
2017.06.20 09:39:52.624,1.4166,1.41671,1.00,1.87
2017.06.20 09:39:53.249,1.41658,1.41671,1.00,1.37
2017.06.20 09:39:53.300,1.41661,1.41671,1.00,1.37
2017.06.20 09:39:54.269,1.41661,1.41672,1.00,1.37
2017.06.20 09:39:55.380,1.41663,1.41672,1.00,1.37
2017.06.20 09:39:55.483,1.4166,1.41672,1.00,1.37
2017.06.20 09:39:56.435,1.4166,1.41673,1.00,1.37
2017.06.20 09:39:56.764,1.41658,1.41674,1.10,1.37
2017.06.20 09:39:56.816,1.41658,1.41672,1.00,1.37
2017.06.20 09:39:57.193,1.41658,1.4167,1.00,1.37
2017.06.20 09:39:57.986,1.41658,1.41669,1.00,1.37
2017.06.20 09:39:59.128,1.41658,1.4167,1.00,1.37
2017.06.20 09:40:00.137,1.41658,1.41669,1.00,1.37
2017.06.20 09:40:01.316,1.41657,1.41669,1.00,1.37
2017.06.20 09:40:02.226,1.41656,1.4167,1.95,1.37
2017.06.20 09:40:02.278,1.41658,1.4167,1.50,1.37
2017.06.20 09:40:04.115,1.41659,1.41673,2.62,1.87
2017.06.20 09:40:04.620,1.41659,1.41674,1.95,1.37
2017.06.20 09:40:04.672,1.41659,1.41674,2.32,1.37
2017.06.20 09:40:05.592,1.41661,1.41675,1.50,1.37
2017.06.20 09:40:05.903,1.4166,1.41673,1.00,1.87
2017.06.20 09:40:06.534,1.41659,1.41673,1.12,1.87
2017.06.20 09:40:07.045,1.41659,1.41673,1.12,1.37
2017.06.20 09:40:07.506,1.41656,1.41669,2.25,1.00
2017.06.20 09:40:07.877,1.41655,1.41666,1.10,1.00
2017.06.20 09:40:08.214,1.41651,1.41663,1.57,1.00
2017.06.20 09:40:08.266,1.41651,1.41663,1.20,1.00
2017.06.20 09:40:09.003,1.41652,1.41662,1.00,1.00
2017.06.20 09:40:09.650,1.41652,1.41661,1.00,1.00
2017.06.20 09:40:10.141,1.41652,1.41663,1.00,1.12
2017.06.20 09:40:11.209,1.41652,1.41664,1.00,1.12
2017.06.20 09:40:11.832,1.41651,1.41666,1.00,1.87
2017.06.20 09:40:12.199,1.41651,1.41666,1.12,1.50
2017.06.20 09:40:13.572,1.41652,1.41666,1.00,1.50
2017.06.20 09:40:15.668,1.41651,1.41667,1.95,1.00
2017.06.20 09:40:15.720,1.41652,1.41667,1.20,1.00
2017.06.20 09:40:16.232,1.41653,1.41668,2.32,1.00
2017.06.20 09:40:16.386,1.41653,1.41668,1.57,1.00
2017.06.20 09:40:17.099,1.41655,1.41668,1.12,1.00
2017.06.20 09:40:17.150,1.41656,1.4167,1.00,2.25
2017.06.20 09:40:19.915,1.41656,1.41672,1.20,1.87
2017.06.20 09:40:20.017,1.41657,1.41672,1.07,1.00
2017.06.20 09:40:20.324,1.41656,1.4167,2.32,1.00
2017.06.20 09:40:22.706,1.41657,1.41669,1.00,1.00
2017.06.20 09:40:22.815,1.41653,1.41666,1.10,1.00
2017.06.20 09:40:22.867,1.41653,1.41664,1.00,1.00
2017.06.20 09:40:23.398,1.41652,1.41664,1.50,1.00
2017.06.20 09:40:23.941,1.4165,1.41664,3.82,1.00
2017.06.20 09:40:24.498,1.4165,1.41663,3.07,1.00
2017.06.20 09:40:25.025,1.4165,1.41662,2.32,1.00
2017.06.20 09:40:27.380,1.4165,1.41661,1.95,1.12
2017.06.20 09:40:28.406,1.4165,1.4166,1.50,1.12
2017.06.20 09:40:28.784,1.41647,1.41659,3.37,1.37
2017.06.20 09:40:29.914,1.41646,1.41657,1.95,1.00
2017.06.20 09:40:31.365,1.41646,1.41656,1.00,1.12
2017.06.20 09:40:31.725,1.41643,1.41653,2.32,1.12
2017.06.20 09:40:31.777,1.41643,1.41653,1.12,1.12
2017.06.20 09:40:32.028,1.41641,1.41651,1.95,1.87
2017.06.20 09:40:32.545,1.4164,1.41651,1.07,1.87
2017.06.20 09:40:33.054,1.41639,1.41651,4.20,1.12
2017.06.20 09:40:33.562,1.41639,1.4165,3.07,1.00
2017.06.20 09:40:35.970,1.41639,1.4165,2.32,1.00
2017.06.20 09:40:36.489,1.41639,1.4165,2.89,1.00
2017.06.20 09:40:37.016,1.41639,1.4165,2.51,1.00
2017.06.20 09:40:37.333,1.41635,1.41645,1.57,1.00
2017.06.20 09:40:37.435,1.41633,1.41644,1.10,1.87
2017.06.20 09:40:38.049,1.41632,1.41644,1.82,1.87
2017.06.20 09:40:38.620,1.41632,1.41644,1.95,1.87
2017.06.20 09:40:39.006,1.41633,1.41646,1.01,1.12
2017.06.20 09:40:39.370,1.41635,1.41647,1.20,2.62
2017.06.20 09:40:40.151,1.41635,1.41647,1.20,1.12
2017.06.20 09:40:41.219,1.41635,1.41647,1.45,1.37
2017.06.20 09:40:41.461,1.41638,1.41649,1.00,1.12
2017.06.20 09:40:42.139,1.41639,1.41651,1.20,1.37
2017.06.20 09:40:42.242,1.41639,1.41652,1.95,1.12
2017.06.20 09:40:42.762,1.41642,1.41655,1.00,1.50
2017.06.20 09:40:42.903,1.41642,1.41653,1.45,1.37
2017.06.20 09:40:42.956,1.41641,1.41653,1.45,1.37
2017.06.20 09:40:43.059,1.41641,1.41654,1.20,2.62
2017.06.20 09:40:44.171,1.41639,1.41652,3.07,1.37
2017.06.20 09:40:44.376,1.41639,1.41652,1.45,1.37
2017.06.20 09:40:44.895,1.41638,1.41652,4.01,1.37
2017.06.20 09:40:44.948,1.41638,1.4165,2.32,1.37
2017.06.20 09:40:46.414,1.41638,1.4165,2.32,1.37
2017.06.20 09:40:47.041,1.41638,1.41651,3.26,1.12
2017.06.20 09:40:47.557,1.41638,1.41651,2.14,1.12
2017.06.20 09:40:47.865,1.41641,1.41653,1.20,1.37
2017.06.20 09:40:47.968,1.41641,1.41654,1.07,1.12
2017.06.20 09:40:48.873,1.4164,1.41656,1.82,2.62
2017.06.20 09:40:49.376,1.4164,1.41656,1.57,1.87
2017.06.20 09:40:49.479,1.41644,1.41657,1.00,1.37
2017.06.20 09:40:49.530,1.41646,1.41659,1.00,1.50
2017.06.20 09:40:50.070,1.41644,1.41659,1.57,1.37
2017.06.20 09:40:50.121,1.41645,1.41659,1.07,1.37
2017.06.20 09:40:50.391,1.41645,1.4166,1.07,1.12
2017.06.20 09:40:50.910,1.41646,1.4166,1.95,1.12
2017.06.20 09:40:51.321,1.41645,1.4166,1.39,1.12
2017.06.20 09:40:51.581,1.41647,1.4166,1.10,1.12
2017.06.20 09:40:52.471,1.41648,1.41661,1.00,1.37
2017.06.20 09:40:53.349,1.41646,1.4166,2.32,1.12
2017.06.20 09:40:54.504,1.41646,1.41659,1.37,1.00
2017.06.20 09:40:54.676,1.41648,1.41661,1.01,1.00
2017.06.20 09:40:54.831,1.41644,1.41657,1.95,1.00
2017.06.20 09:40:55.139,1.41649,1.4166,1.00,1.50
2017.06.20 09:40:55.454,1.41649,1.41659,1.00,1.37
2017.06.20 09:40:56.543,1.41649,1.41659,1.00,1.37
2017.06.20 09:40:56.595,1.41643,1.41659,1.50,1.87
2017.06.20 09:40:58.090,1.41645,1.41659,1.00,1.37
2017.06.20 09:40:58.615,1.41645,1.41659,1.00,1.87
2017.06.20 09:40:59.133,1.41646,1.41659,1.12,1.00
2017.06.20 09:40:59.783,1.41645,1.4166,1.37,1.12
2017.06.20 09:41:00.393,1.41652,1.4166,1.00,1.12
2017.06.20 09:41:00.671,1.41647,1.4166,1.00,1.12
2017.06.20 09:41:01.089,1.41649,1.4166,1.00,1.12
2017.06.20 09:41:02.551,1.4165,1.41661,1.00,1.00
2017.06.20 09:41:02.604,1.41652,1.41661,1.00,1.00
2017.06.20 09:41:02.656,1.41652,1.41663,1.00,1.00
2017.06.20 09:41:02.709,1.4165,1.41664,1.00,1.37
2017.06.20 09:41:02.907,1.41648,1.41661,1.12,1.37
2017.06.20 09:41:03.215,1.41647,1.41659,1.00,1.75
2017.06.20 09:41:03.734,1.41646,1.41659,1.00,2.25
2017.06.20 09:41:05.368,1.41646,1.41658,1.00,1.87
2017.06.20 09:41:07.656,1.41646,1.41658,1.00,1.37
2017.06.20 09:41:08.405,1.41645,1.41658,1.00,1.37
2017.06.20 09:41:09.964,1.41645,1.41658,1.00,1.87
2017.06.20 09:41:12.509,1.41644,1.41658,1.00,2.25
2017.06.20 09:41:13.031,1.41643,1.41657,1.00,1.87
2017.06.20 09:41:14.664,1.41643,1.41656,1.00,1.50
2017.06.20 09:41:16.752,1.41645,1.41656,1.00,1.50
2017.06.20 09:41:17.336,1.41649,1.41661,2.66,4.80
2017.06.20 09:41:17.389,1.4165,1.41661,1.54,1.12
2017.06.20 09:41:17.443,1.41651,1.41666,1.34,2.25
2017.06.20 09:41:17.495,1.41655,1.41667,1.00,1.50
2017.06.20 09:41:17.548,1.41653,1.41667,1.87,1.12
2017.06.20 09:41:18.179,1.41654,1.41668,1.00,1.37
2017.06.20 09:41:18.929,1.41654,1.41669,1.00,2.25
2017.06.20 09:41:19.420,1.41656,1.41669,1.00,2.25
2017.06.20 09:41:19.756,1.41661,1.41675,1.00,1.25
2017.06.20 09:41:20.066,1.41662,1.41676,1.00,3.56
2017.06.20 09:41:20.160,1.4166,1.41676,1.00,4.31
2017.06.20 09:41:20.686,1.41661,1.41674,1.00,1.57
2017.06.20 09:41:20.994,1.41659,1.41674,1.00,1.57
2017.06.20 09:41:22.158,1.41659,1.41673,1.00,1.50
2017.06.20 09:41:23.293,1.41659,1.41673,1.00,1.87
2017.06.20 09:41:23.787,1.41662,1.41673,1.00,1.50
2017.06.20 09:41:25.206,1.41662,1.41676,1.00,3.00
2017.06.20 09:41:25.613,1.41657,1.41672,2.21,1.00
2017.06.20 09:41:25.938,1.41657,1.41672,1.84,1.00
2017.06.20 09:41:27.076,1.41655,1.4167,5.62,1.00
2017.06.20 09:41:27.242,1.41655,1.41668,1.00,1.00
2017.06.20 09:41:27.751,1.41655,1.41667,1.00,1.00
2017.06.20 09:41:28.389,1.41655,1.41667,1.37,1.00
2017.06.20 09:41:28.847,1.41654,1.41669,1.76,1.00
2017.06.20 09:41:28.899,1.41659,1.41672,1.95,1.00
2017.06.20 09:41:29.002,1.4166,1.41674,1.50,1.00
2017.06.20 09:41:29.054,1.41662,1.41675,1.00,1.00
2017.06.20 09:41:29.363,1.41662,1.41676,1.82,1.00
2017.06.20 09:41:29.671,1.41665,1.41678,1.47,1.00
2017.06.20 09:41:29.872,1.41665,1.4168,1.72,1.00
2017.06.20 09:41:30.078,1.41665,1.41678,1.72,1.00
2017.06.20 09:41:30.769,1.41667,1.4168,1.00,1.00
2017.06.20 09:41:31.402,1.41667,1.41681,1.95,1.00
2017.06.20 09:41:31.505,1.41666,1.41678,1.20,1.00
2017.06.20 09:41:31.608,1.41664,1.41678,1.12,1.00
2017.06.20 09:41:32.187,1.41662,1.41678,1.87,1.00
2017.06.20 09:41:32.341,1.41661,1.41675,1.87,1.00
2017.06.20 09:41:34.421,1.41662,1.41676,2.21,1.00
2017.06.20 09:41:34.758,1.41664,1.41678,1.95,1.00
2017.06.20 09:41:35.287,1.41665,1.41679,1.12,1.00
2017.06.20 09:41:35.798,1.41666,1.41678,1.37,1.00
2017.06.20 09:41:36.161,1.41662,1.41675,1.12,1.00
2017.06.20 09:41:36.672,1.41661,1.41674,3.37,1.00
2017.06.20 09:41:36.852,1.41661,1.41676,2.70,1.00
2017.06.20 09:41:37.405,1.41662,1.41675,1.37,1.00
2017.06.20 09:41:37.457,1.41662,1.41675,1.00,1.00
2017.06.20 09:41:37.713,1.41662,1.41676,1.47,1.00
2017.06.20 09:41:38.258,1.41664,1.41676,1.45,1.00
2017.06.20 09:41:38.362,1.41664,1.41678,1.75,1.00
2017.06.20 09:41:38.414,1.41664,1.41676,1.75,1.00
2017.06.20 09:41:38.539,1.41666,1.41678,1.00,1.00
2017.06.20 09:41:38.642,1.41666,1.4168,3.00,1.00
2017.06.20 09:41:38.693,1.41668,1.4168,1.00,1.00
2017.06.20 09:41:39.509,1.41668,1.41679,1.00,1.00
2017.06.20 09:41:39.663,1.41668,1.41682,1.00,1.37
2017.06.20 09:41:40.434,1.41668,1.4168,1.10,1.00
2017.06.20 09:41:41.402,1.41668,1.41681,1.00,1.00
2017.06.20 09:41:42.457,1.41668,1.4168,1.00,1.00
2017.06.20 09:41:43.065,1.41668,1.41682,1.00,1.12
2017.06.20 09:41:43.826,1.41668,1.4168,1.00,1.00
2017.06.20 09:41:44.367,1.41666,1.4168,1.37,1.00
2017.06.20 09:41:44.902,1.41666,1.4168,1.20,1.00
2017.06.20 09:41:45.657,1.41667,1.4168,1.00,1.00
2017.06.20 09:41:46.200,1.41665,1.4168,1.62,1.00
2017.06.20 09:41:46.508,1.41664,1.41678,1.47,1.00
2017.06.20 09:41:46.560,1.41664,1.41679,1.10,1.00
2017.06.20 09:41:47.758,1.41663,1.41679,2.25,1.37
2017.06.20 09:41:48.977,1.41664,1.41679,1.00,1.12
2017.06.20 09:41:49.490,1.41664,1.41678,1.00,1.00
2017.06.20 09:41:50.000,1.41664,1.41677,1.00,1.00
2017.06.20 09:41:51.092,1.41664,1.41678,1.00,1.00
2017.06.20 09:41:52.473,1.41664,1.41677,1.00,1.00
2017.06.20 09:41:52.681,1.41661,1.41677,2.62,1.37
2017.06.20 09:41:52.997,1.41664,1.41678,1.00,2.25
2017.06.20 09:41:53.049,1.41664,1.41678,1.00,2.25
2017.06.20 09:41:54.218,1.41662,1.41678,1.50,1.50
2017.06.20 09:41:55.365,1.41662,1.41678,1.50,1.87
2017.06.20 09:41:55.417,1.41664,1.41678,1.00,1.87
2017.06.20 09:41:56.276,1.41665,1.41678,1.00,1.37
2017.06.20 09:41:56.738,1.41666,1.4168,1.00,3.00
2017.06.20 09:41:57.722,1.41666,1.4168,1.00,2.25
2017.06.20 09:41:58.168,1.41667,1.4168,1.95,1.50
2017.06.20 09:41:58.475,1.41673,1.41686,1.00,1.12
2017.06.20 09:41:59.100,1.41672,1.41686,1.10,1.12
2017.06.20 09:42:00.936,1.41672,1.41685,1.12,1.00
2017.06.20 09:42:01.129,1.41672,1.41683,1.12,1.00
2017.06.20 09:42:01.443,1.41666,1.4168,3.07,1.00
2017.06.20 09:42:01.752,1.41665,1.41677,2.32,1.00
2017.06.20 09:42:01.804,1.41665,1.41677,1.57,1.00
2017.06.20 09:42:02.061,1.41665,1.41674,1.00,1.00
2017.06.20 09:42:02.214,1.41663,1.41673,1.12,1.00
2017.06.20 09:42:02.266,1.41663,1.41671,1.12,1.00
2017.06.20 09:42:02.368,1.41661,1.41671,1.00,1.00
2017.06.20 09:42:03.090,1.41659,1.41671,3.26,1.00
2017.06.20 09:42:03.545,1.41661,1.41669,1.00,1.00
2017.06.20 09:42:04.902,1.41659,1.41671,3.45,1.00
2017.06.20 09:42:06.340,1.41659,1.41671,3.82,1.00
2017.06.20 09:42:06.535,1.4166,1.41671,1.20,1.00
2017.06.20 09:42:07.345,1.41661,1.41673,1.20,1.00
2017.06.20 09:42:07.603,1.41663,1.41675,1.47,1.00
2017.06.20 09:42:07.810,1.41664,1.41677,1.54,1.00
2017.06.20 09:42:08.339,1.41666,1.41678,1.85,1.00
2017.06.20 09:42:08.850,1.41666,1.41678,1.57,1.00
2017.06.20 09:42:09.172,1.41668,1.4168,1.45,1.00
2017.06.20 09:42:09.716,1.41669,1.4168,1.10,1.00
2017.06.20 09:42:10.177,1.4167,1.4168,1.47,1.00
2017.06.20 09:42:10.336,1.41669,1.41683,1.82,1.00
2017.06.20 09:42:10.887,1.41669,1.41683,2.32,1.00
2017.06.20 09:42:15.484,1.41671,1.41681,1.37,1.00
2017.06.20 09:42:15.587,1.41669,1.41681,1.47,1.00
2017.06.20 09:42:16.132,1.4167,1.41682,1.95,1.00
2017.06.20 09:42:16.274,1.41673,1.41684,1.91,1.00
2017.06.20 09:42:16.326,1.41674,1.41686,1.01,1.00
2017.06.20 09:42:16.429,1.41679,1.41688,1.10,1.00
2017.06.20 09:42:16.480,1.41678,1.41691,1.76,1.00
2017.06.20 09:42:16.635,1.41683,1.41692,1.07,1.00
2017.06.20 09:42:16.687,1.41683,1.41695,1.20,1.00
2017.06.20 09:42:16.739,1.41685,1.41697,1.16,1.00
2017.06.20 09:42:16.945,1.4169,1.41702,1.20,1.00
2017.06.20 09:42:17.047,1.41692,1.41703,1.37,1.00
2017.06.20 09:42:17.574,1.41692,1.41704,1.47,1.00
2017.06.20 09:42:17.988,1.41692,1.41706,1.95,1.00
2017.06.20 09:42:18.982,1.41694,1.41706,1.00,1.00
2017.06.20 09:42:19.033,1.41696,1.41707,1.00,1.00
2017.06.20 09:42:20.188,1.41696,1.41705,1.00,1.00
2017.06.20 09:42:21.820,1.41695,1.41705,1.00,1.00
2017.06.20 09:42:22.574,1.41695,1.41704,1.00,1.00
2017.06.20 09:42:22.780,1.41692,1.41706,2.32,1.00
2017.06.20 09:42:23.305,1.41694,1.41707,1.95,1.00
2017.06.20 09:42:23.955,1.41694,1.41707,2.32,1.00
2017.06.20 09:42:24.402,1.41697,1.41711,1.00,1.50
2017.06.20 09:42:25.728,1.41695,1.41706,1.47,1.00
2017.06.20 09:42:28.601,1.41695,1.41706,1.20,1.00
2017.06.20 09:42:29.160,1.41695,1.41707,1.20,1.00
2017.06.20 09:42:29.695,1.41695,1.41707,1.50,1.00
2017.06.20 09:42:29.999,1.41696,1.41708,1.45,1.00
2017.06.20 09:42:30.052,1.41698,1.41712,1.07,1.00
2017.06.20 09:42:31.250,1.41697,1.41712,3.07,1.00
2017.06.20 09:42:32.447,1.41698,1.4171,1.87,1.00
2017.06.20 09:42:33.164,1.41696,1.4171,3.07,1.00
2017.06.20 09:42:33.937,1.41697,1.4171,1.95,1.00
2017.06.20 09:42:34.266,1.41697,1.4171,1.95,1.00
2017.06.20 09:42:34.419,1.41698,1.4171,1.10,1.00
2017.06.20 09:42:34.573,1.41696,1.41708,1.20,1.00
2017.06.20 09:42:34.830,1.41698,1.41711,1.76,1.00
2017.06.20 09:42:34.882,1.41698,1.41711,3.64,1.00
2017.06.20 09:42:35.261,1.417,1.41714,1.20,1.12
2017.06.20 09:42:36.045,1.417,1.41713,1.20,1.00
2017.06.20 09:42:36.096,1.417,1.41715,1.20,1.00
2017.06.20 09:42:37.467,1.417,1.41712,1.12,1.00
2017.06.20 09:42:37.519,1.41697,1.4171,1.20,1.12
2017.06.20 09:42:37.571,1.41695,1.41708,2.25,1.00
2017.06.20 09:42:37.674,1.41695,1.41708,1.12,1.00
2017.06.20 09:42:38.186,1.41695,1.41708,1.50,1.00
2017.06.20 09:42:39.721,1.417,1.41712,1.00,1.12
2017.06.20 09:42:41.322,1.417,1.41712,1.00,1.87
2017.06.20 09:42:41.745,1.417,1.41711,1.00,1.00
2017.06.20 09:42:43.737,1.41699,1.41711,1.00,1.12
2017.06.20 09:42:43.789,1.41697,1.41711,1.00,1.12
2017.06.20 09:42:43.840,1.41697,1.41711,1.00,1.37
2017.06.20 09:42:44.810,1.41697,1.41708,1.00,1.00
2017.06.20 09:42:48.229,1.41695,1.41708,1.00,1.37
2017.06.20 09:42:48.434,1.41693,1.41705,1.00,1.00
2017.06.20 09:42:48.587,1.41693,1.41705,1.00,1.87
2017.06.20 09:42:49.075,1.41691,1.41705,1.00,2.81
2017.06.20 09:42:51.139,1.41691,1.41702,1.00,1.50
2017.06.20 09:42:52.172,1.41691,1.41702,1.00,1.69
2017.06.20 09:42:54.345,1.4169,1.41702,1.00,1.69
2017.06.20 09:42:55.325,1.41689,1.41702,1.00,1.62
2017.06.20 09:42:55.848,1.41689,1.41702,1.00,1.69
2017.06.20 09:42:56.382,1.4169,1.41702,1.00,1.00
2017.06.20 09:42:57.690,1.4169,1.41704,1.45,1.12
2017.06.20 09:42:57.742,1.4169,1.41704,1.45,1.12
2017.06.20 09:42:58.804,1.4169,1.41706,1.95,1.00
2017.06.20 09:42:59.391,1.4169,1.41706,1.95,1.00
2017.06.20 09:42:59.932,1.4169,1.41706,1.95,1.50
2017.06.20 09:43:00.417,1.4169,1.41706,1.95,1.50
2017.06.20 09:43:00.935,1.4169,1.41706,1.95,1.12
2017.06.20 09:43:01.244,1.4169,1.41704,1.95,1.00
2017.06.20 09:43:02.068,1.4169,1.41703,1.45,1.00
2017.06.20 09:43:02.634,1.41691,1.41704,1.10,1.00
2017.06.20 09:43:03.422,1.4169,1.41704,1.95,1.00
2017.06.20 09:43:03.526,1.4169,1.41704,1.20,1.00
2017.06.20 09:43:04.037,1.4169,1.41705,1.20,1.12
2017.06.20 09:43:04.545,1.4169,1.41702,1.00,1.00
2017.06.20 09:43:05.108,1.41691,1.41702,1.00,1.00
2017.06.20 09:43:06.499,1.41689,1.41701,1.00,1.00
2017.06.20 09:43:07.022,1.41688,1.41701,1.00,1.57
2017.06.20 09:43:07.594,1.41688,1.417,1.00,1.12
2017.06.20 09:43:08.444,1.41688,1.41701,1.00,2.89
2017.06.20 09:43:08.989,1.41687,1.417,1.00,1.37
2017.06.20 09:43:09.493,1.41688,1.41701,1.00,1.62
2017.06.20 09:43:09.904,1.41688,1.41701,1.00,1.00
2017.06.20 09:43:10.211,1.41692,1.41704,1.00,1.31
2017.06.20 09:43:10.857,1.41694,1.41707,1.00,1.75
2017.06.20 09:43:11.287,1.41694,1.41706,1.00,1.00
2017.06.20 09:43:11.799,1.41695,1.41706,1.00,1.00
2017.06.20 09:43:13.065,1.41695,1.41707,1.00,1.12
2017.06.20 09:43:13.615,1.41694,1.41707,1.00,1.00
2017.06.20 09:43:14.118,1.41695,1.41707,1.00,1.00
2017.06.20 09:43:14.837,1.41694,1.41707,1.00,1.25
2017.06.20 09:43:14.890,1.41692,1.41707,1.00,1.31
2017.06.20 09:43:15.145,1.41694,1.41707,1.00,2.89
2017.06.20 09:43:16.774,1.41695,1.41707,1.00,1.37
2017.06.20 09:43:17.290,1.41696,1.41708,1.00,1.62
2017.06.20 09:43:19.746,1.41692,1.41705,1.00,1.12
2017.06.20 09:43:20.052,1.41692,1.41703,1.00,1.00
2017.06.20 09:43:21.112,1.41693,1.41703,1.00,1.00
2017.06.20 09:43:22.339,1.41695,1.41703,1.00,1.00
2017.06.20 09:43:22.391,1.41694,1.41705,1.00,1.25
2017.06.20 09:43:22.595,1.41697,1.41708,1.00,1.31
2017.06.20 09:43:22.902,1.41699,1.41709,1.00,1.31
2017.06.20 09:43:23.414,1.41699,1.41709,1.00,1.31
2017.06.20 09:43:24.503,1.41699,1.41711,1.00,1.39
2017.06.20 09:43:25.167,1.41699,1.41711,1.00,1.25
2017.06.20 09:43:30.052,1.41696,1.41708,1.37,1.00
2017.06.20 09:43:30.256,1.41692,1.41706,2.25,1.00
2017.06.20 09:43:30.553,1.41691,1.41703,1.75,1.00
2017.06.20 09:43:30.656,1.41688,1.41701,1.37,1.00
2017.06.20 09:43:30.862,1.41687,1.41698,1.12,1.00
2017.06.20 09:43:30.964,1.41687,1.41699,1.12,1.00
2017.06.20 09:43:31.510,1.41685,1.41698,2.62,1.00
2017.06.20 09:43:32.038,1.41685,1.41699,3.37,1.00
2017.06.20 09:43:32.647,1.41686,1.41699,1.87,1.00
2017.06.20 09:43:33.214,1.41687,1.41699,1.00,1.00
2017.06.20 09:43:34.049,1.41686,1.41696,1.37,1.00
2017.06.20 09:43:34.269,1.41678,1.41692,1.20,1.00
2017.06.20 09:43:36.302,1.41678,1.41693,1.87,1.00
2017.06.20 09:43:36.639,1.4168,1.41695,1.12,1.12
2017.06.20 09:43:36.794,1.41685,1.41698,1.00,1.50
2017.06.20 09:43:37.102,1.41687,1.41701,1.87,1.69
2017.06.20 09:43:37.509,1.41689,1.41699,1.00,1.00
2017.06.20 09:43:38.427,1.41689,1.417,1.00,1.00
2017.06.20 09:43:39.154,1.41689,1.41701,1.00,1.69
2017.06.20 09:43:42.568,1.41689,1.41701,1.00,1.76
2017.06.20 09:43:43.098,1.41688,1.41701,1.00,2.14
2017.06.20 09:43:45.714,1.41687,1.41701,1.50,2.14
2017.06.20 09:43:47.282,1.41687,1.41701,1.50,2.14
2017.06.20 09:43:47.932,1.41687,1.41701,1.50,2.14
2017.06.20 09:43:48.383,1.41687,1.41698,1.00,1.50
2017.06.20 09:43:48.486,1.41682,1.41695,1.37,1.00
2017.06.20 09:43:48.588,1.41681,1.41695,1.12,1.00
2017.06.20 09:43:49.193,1.41681,1.41695,1.87,1.00
2017.06.20 09:43:50.388,1.41683,1.41697,1.12,1.00
2017.06.20 09:43:50.514,1.41685,1.41697,1.00,1.00
2017.06.20 09:43:50.566,1.41681,1.41696,2.25,1.10
2017.06.20 09:43:50.670,1.4168,1.41694,2.25,1.00
2017.06.20 09:43:52.239,1.41681,1.41694,1.12,1.00
2017.06.20 09:43:58.139,1.41681,1.41695,1.12,1.00
2017.06.20 09:43:58.687,1.4168,1.41694,1.87,1.00
2017.06.20 09:43:59.310,1.4168,1.41694,1.50,1.12
2017.06.20 09:43:59.948,1.4168,1.41693,1.50,1.00
2017.06.20 09:44:00.254,1.4168,1.41695,1.50,1.00
2017.06.20 09:44:00.766,1.41681,1.41695,1.12,1.00
2017.06.20 09:44:01.285,1.41681,1.41695,1.50,1.00
2017.06.20 09:44:03.131,1.41683,1.41698,1.00,1.95
2017.06.20 09:44:03.336,1.41684,1.41697,1.00,1.20
2017.06.20 09:44:04.002,1.41683,1.41697,1.12,1.07
2017.06.20 09:44:04.574,1.41683,1.41697,1.12,1.45
2017.06.20 09:44:05.093,1.41682,1.41696,1.00,1.12
2017.06.20 09:44:07.163,1.41682,1.41697,1.00,1.12
2017.06.20 09:44:07.745,1.41682,1.41698,1.00,2.51
2017.06.20 09:44:08.126,1.41684,1.41697,1.00,1.31
2017.06.20 09:44:08.683,1.41684,1.41698,1.00,1.57
2017.06.20 09:44:11.293,1.41684,1.41698,1.00,1.50
2017.06.20 09:44:11.938,1.41683,1.41698,1.12,1.57
2017.06.20 09:44:12.457,1.41683,1.41698,1.00,1.61
2017.06.20 09:44:16.911,1.41683,1.41698,1.00,2.25
2017.06.20 09:44:17.743,1.41683,1.41698,1.37,1.50
2017.06.20 09:44:18.052,1.41683,1.41696,1.00,1.37
2017.06.20 09:44:18.359,1.4168,1.41692,1.12,1.00
2017.06.20 09:44:18.666,1.4168,1.4169,1.12,1.00
2017.06.20 09:44:19.200,1.4168,1.41691,1.12,1.00
2017.06.20 09:44:21.047,1.4168,1.41691,1.75,1.00
2017.06.20 09:44:22.752,1.4168,1.4169,1.87,1.00
2017.06.20 09:44:25.071,1.4168,1.41693,1.87,1.00
2017.06.20 09:44:25.653,1.41683,1.41695,1.50,1.50
2017.06.20 09:44:26.844,1.41685,1.41695,1.00,1.00
2017.06.20 09:44:27.370,1.41683,1.41695,1.50,1.12
2017.06.20 09:44:27.626,1.41683,1.41695,1.50,1.50
2017.06.20 09:44:28.151,1.41683,1.41695,1.00,2.32
2017.06.20 09:44:28.338,1.41681,1.41695,1.00,3.45
2017.06.20 09:44:28.791,1.41683,1.41693,1.00,1.00
2017.06.20 09:44:28.945,1.4168,1.41691,1.00,1.00
2017.06.20 09:44:28.997,1.41681,1.41691,1.00,1.37
2017.06.20 09:44:29.048,1.4168,1.41692,1.00,1.54
2017.06.20 09:44:29.637,1.4168,1.41691,1.00,1.12
2017.06.20 09:44:31.093,1.41679,1.41693,1.12,1.82
2017.06.20 09:44:32.302,1.4168,1.41693,1.00,2.00
2017.06.20 09:44:32.405,1.41682,1.41693,1.00,1.70
2017.06.20 09:44:32.457,1.4168,1.41693,1.00,1.70
2017.06.20 09:44:34.511,1.41679,1.41693,1.12,2.51
2017.06.20 09:44:35.264,1.41679,1.41693,1.12,2.51
2017.06.20 09:44:35.857,1.41679,1.41693,1.12,3.26
2017.06.20 09:44:36.359,1.41679,1.41692,1.12,1.76
2017.06.20 09:44:36.910,1.41679,1.41691,1.37,1.01
2017.06.20 09:44:37.685,1.41681,1.41693,1.00,1.76
2017.06.20 09:44:37.737,1.41683,1.41695,1.00,2.81
2017.06.20 09:44:37.872,1.41684,1.41696,1.50,1.19
2017.06.20 09:44:38.028,1.41686,1.41698,1.00,1.76
2017.06.20 09:44:39.063,1.41686,1.41698,1.00,1.69
2017.06.20 09:44:39.895,1.41686,1.41698,1.00,1.69
2017.06.20 09:44:40.606,1.41685,1.41698,1.12,1.56
2017.06.20 09:44:40.914,1.41687,1.41698,1.00,1.56
2017.06.20 09:44:42.791,1.41685,1.41699,1.50,1.37
2017.06.20 09:44:43.436,1.41683,1.41698,1.75,1.37
2017.06.20 09:44:44.250,1.41683,1.41698,1.87,1.62
2017.06.20 09:44:44.895,1.41683,1.41696,1.12,1.12
2017.06.20 09:44:47.369,1.41689,1.41701,1.00,3.37
2017.06.20 09:44:47.555,1.41693,1.41706,1.57,1.00
2017.06.20 09:44:48.126,1.41694,1.41706,1.20,1.00
2017.06.20 09:44:48.634,1.41692,1.41704,1.37,1.00
2017.06.20 09:44:49.166,1.41692,1.41703,1.37,1.00
2017.06.20 09:44:50.646,1.4169,1.41701,1.75,1.00
2017.06.20 09:44:50.802,1.41686,1.41698,1.12,1.00
2017.06.20 09:44:51.111,1.41683,1.41696,1.75,1.00
2017.06.20 09:44:51.642,1.41683,1.41695,1.12,1.00
2017.06.20 09:44:52.132,1.41683,1.41694,1.37,1.00
2017.06.20 09:44:54.689,1.41685,1.41698,1.00,1.39
2017.06.20 09:44:56.786,1.41685,1.41698,1.00,1.12
2017.06.20 09:44:57.707,1.41685,1.41698,1.00,1.47
2017.06.20 09:44:58.037,1.41686,1.41698,1.00,1.10
2017.06.20 09:44:58.141,1.41688,1.41701,1.00,1.07
2017.06.20 09:44:58.449,1.41685,1.41699,3.67,1.00
2017.06.20 09:44:58.552,1.41683,1.41698,1.50,1.50
2017.06.20 09:44:58.842,1.41683,1.41698,1.00,1.37
2017.06.20 09:44:58.894,1.41685,1.41698,1.00,1.87
2017.06.20 09:44:59.753,1.41682,1.41695,1.12,1.00
2017.06.20 09:44:59.907,1.41679,1.41694,1.50,1.95
2017.06.20 09:45:01.063,1.4168,1.41694,2.25,1.00
2017.06.20 09:45:01.370,1.41683,1.41694,1.00,1.00
2017.06.20 09:45:01.543,1.41681,1.41694,1.50,1.00
2017.06.20 09:45:04.475,1.41678,1.41693,4.31,1.00
2017.06.20 09:45:05.437,1.41679,1.41692,2.25,1.00
2017.06.20 09:45:07.307,1.41679,1.41692,2.25,1.00
2017.06.20 09:45:08.343,1.41679,1.41692,1.50,1.00
2017.06.20 09:45:08.963,1.41679,1.41692,1.50,1.20
2017.06.20 09:45:09.271,1.41674,1.41687,2.44,1.10
2017.06.20 09:45:09.784,1.41674,1.41687,2.06,1.00
2017.06.20 09:45:12.961,1.41674,1.41689,1.25,2.25
2017.06.20 09:45:13.473,1.41674,1.41689,1.00,2.32
2017.06.20 09:45:14.699,1.41676,1.41689,1.00,1.50
2017.06.20 09:45:16.395,1.41677,1.41689,1.00,1.50
2017.06.20 09:45:16.939,1.41677,1.41689,1.00,1.12
2017.06.20 09:45:17.758,1.41677,1.4169,1.12,1.00
2017.06.20 09:45:18.349,1.41677,1.41691,1.12,1.20
2017.06.20 09:45:19.654,1.41677,1.41691,1.37,1.07
2017.06.20 09:45:20.328,1.41677,1.41691,1.12,1.07
2017.06.20 09:45:20.929,1.41677,1.41691,1.37,1.20
2017.06.20 09:45:21.032,1.41677,1.41691,1.12,1.20
2017.06.20 09:45:24.417,1.41677,1.41691,1.12,1.57
2017.06.20 09:45:24.571,1.41677,1.41691,1.12,1.95
2017.06.20 09:45:24.833,1.41677,1.41691,1.12,1.10
2017.06.20 09:45:24.885,1.41679,1.41691,1.00,1.10
2017.06.20 09:45:25.602,1.41679,1.41691,1.00,1.07
2017.06.20 09:45:26.451,1.41677,1.41691,1.87,1.07
2017.06.20 09:45:26.708,1.41677,1.41691,1.00,1.57
2017.06.20 09:45:26.811,1.41674,1.41687,1.75,1.95
2017.06.20 09:45:26.863,1.41671,1.41684,1.87,1.00
2017.06.20 09:45:26.966,1.41671,1.41684,1.00,1.57
2017.06.20 09:45:27.018,1.41669,1.41684,1.00,1.07
2017.06.20 09:45:27.194,1.41669,1.4168,1.12,1.00
2017.06.20 09:45:27.298,1.41667,1.4168,1.00,1.12
2017.06.20 09:45:28.191,1.41666,1.4168,1.00,1.95
2017.06.20 09:45:28.243,1.41666,1.4168,1.00,2.32
2017.06.20 09:45:28.757,1.41665,1.41679,1.00,1.45
2017.06.20 09:45:30.064,1.41665,1.41678,1.00,1.07
2017.06.20 09:45:30.352,1.41663,1.41678,1.12,1.57
2017.06.20 09:45:30.455,1.41663,1.41678,1.00,1.20
2017.06.20 09:45:30.557,1.41663,1.41678,1.00,1.95
2017.06.20 09:45:30.928,1.41665,1.41678,1.00,1.57
2017.06.20 09:45:31.136,1.41665,1.41678,1.00,1.20
2017.06.20 09:45:31.239,1.41665,1.41678,1.00,1.57
2017.06.20 09:45:31.880,1.41666,1.41678,1.00,1.57
2017.06.20 09:45:31.982,1.41666,1.41678,1.00,1.20
2017.06.20 09:45:32.034,1.41666,1.41678,1.00,1.95
2017.06.20 09:45:32.446,1.41666,1.41678,1.00,1.20
2017.06.20 09:45:32.651,1.41666,1.41678,1.00,1.95
2017.06.20 09:45:33.168,1.41666,1.41678,1.00,1.57
2017.06.20 09:45:33.480,1.41663,1.41678,1.00,1.57
2017.06.20 09:45:34.547,1.41663,1.41678,1.00,1.50
2017.06.20 09:45:34.650,1.41664,1.41678,1.00,1.57
2017.06.20 09:45:34.752,1.41662,1.41676,1.00,1.10
2017.06.20 09:45:35.360,1.41662,1.41676,1.00,1.57
2017.06.20 09:45:35.577,1.41662,1.41676,1.00,1.95
2017.06.20 09:45:35.732,1.4166,1.41674,1.00,1.07
2017.06.20 09:45:35.837,1.41657,1.41667,1.00,1.07
2017.06.20 09:45:35.889,1.41654,1.41667,1.12,1.07
2017.06.20 09:45:36.096,1.41657,1.41669,1.00,1.57
2017.06.20 09:45:36.147,1.41657,1.41669,1.00,1.20
2017.06.20 09:45:36.199,1.41655,1.41669,1.00,1.00
2017.06.20 09:45:37.158,1.41658,1.41669,1.00,1.12
2017.06.20 09:45:37.595,1.41656,1.41669,1.00,1.47
2017.06.20 09:45:37.894,1.41654,1.41669,1.12,1.47
2017.06.20 09:45:38.595,1.41654,1.41669,1.50,1.20
2017.06.20 09:45:39.124,1.41655,1.41668,1.00,1.00
2017.06.20 09:45:39.176,1.41653,1.41668,1.50,1.37
2017.06.20 09:45:39.746,1.41654,1.41668,1.00,1.37
2017.06.20 09:45:39.856,1.41657,1.41669,1.00,1.95
2017.06.20 09:45:39.959,1.4166,1.41672,1.00,1.10
2017.06.20 09:45:40.727,1.41659,1.41673,1.00,3.07
2017.06.20 09:45:44.708,1.41658,1.41672,1.00,1.20
2017.06.20 09:45:44.759,1.41655,1.41671,1.50,1.95
2017.06.20 09:45:45.066,1.41655,1.41669,1.00,2.70
2017.06.20 09:45:45.812,1.41655,1.41669,1.00,2.25
2017.06.20 09:45:48.116,1.41655,1.41668,1.00,1.00
2017.06.20 09:45:48.828,1.41658,1.41669,1.00,1.95
2017.06.20 09:45:49.374,1.41657,1.41669,1.00,1.00
2017.06.20 09:45:49.906,1.41657,1.41671,1.00,1.95
2017.06.20 09:45:50.215,1.41651,1.41665,1.00,1.12
2017.06.20 09:45:50.603,1.41652,1.41666,1.00,1.95
2017.06.20 09:45:51.439,1.41648,1.4166,1.37,1.10
2017.06.20 09:45:51.594,1.41643,1.41655,1.00,1.00
2017.06.20 09:45:51.697,1.41641,1.41655,1.31,1.00
2017.06.20 09:45:55.779,1.41639,1.41655,1.12,2.51
2017.06.20 09:45:56.102,1.41634,1.41648,1.00,1.20
2017.06.20 09:45:57.934,1.41634,1.41648,1.00,1.87
2017.06.20 09:45:58.669,1.4163,1.41641,1.69,1.00
2017.06.20 09:45:59.719,1.4163,1.41639,1.94,1.00
2017.06.20 09:46:00.198,1.41631,1.41639,1.00,1.00
2017.06.20 09:46:00.749,1.41629,1.41638,1.19,1.00
2017.06.20 09:46:02.275,1.41624,1.41636,3.00,1.00
2017.06.20 09:46:03.004,1.41623,1.41635,2.81,1.00
2017.06.20 09:46:03.537,1.41623,1.41635,2.06,1.00
2017.06.20 09:46:04.878,1.41623,1.41637,1.56,1.00
2017.06.20 09:46:05.404,1.41626,1.41638,1.19,1.00
2017.06.20 09:46:06.045,1.41625,1.41638,2.81,1.00
2017.06.20 09:46:06.728,1.41625,1.41639,2.06,1.00
2017.06.20 09:46:09.436,1.41626,1.4164,1.31,1.00
2017.06.20 09:46:10.467,1.41627,1.4164,1.69,1.00
2017.06.20 09:46:10.570,1.41628,1.41642,1.69,1.00
2017.06.20 09:46:11.108,1.41629,1.41642,1.07,1.00
2017.06.20 09:46:11.344,1.41632,1.41642,1.00,1.00
2017.06.20 09:46:11.689,1.41629,1.41639,1.00,1.00
2017.06.20 09:46:12.179,1.41627,1.41636,1.87,1.00
2017.06.20 09:46:12.282,1.41626,1.41636,1.50,1.00
2017.06.20 09:46:13.067,1.41626,1.41635,1.37,1.00
2017.06.20 09:46:13.120,1.41626,1.41637,1.37,1.00
2017.06.20 09:46:13.171,1.41624,1.41633,1.37,1.00
2017.06.20 09:46:13.222,1.4162,1.41632,1.75,1.00
2017.06.20 09:46:13.274,1.41619,1.41632,2.00,1.00
2017.06.20 09:46:14.081,1.41619,1.41632,1.87,1.00
2017.06.20 09:46:14.238,1.41618,1.4163,2.06,1.00
2017.06.20 09:46:14.569,1.41617,1.41628,1.56,1.00
2017.06.20 09:46:15.082,1.41617,1.41629,1.56,1.00
2017.06.20 09:46:16.127,1.41617,1.41631,2.06,1.00
2017.06.20 09:46:16.639,1.41622,1.41634,1.00,1.57
2017.06.20 09:46:17.144,1.41622,1.41635,1.00,1.45
2017.06.20 09:46:17.715,1.41622,1.41635,1.00,2.32
2017.06.20 09:46:18.304,1.41622,1.41635,1.00,2.70
2017.06.20 09:46:19.380,1.41624,1.41635,1.00,1.95
2017.06.20 09:46:19.943,1.41624,1.41635,1.00,1.57
2017.06.20 09:46:20.175,1.41617,1.41627,1.87,1.00
2017.06.20 09:46:20.278,1.41617,1.41624,1.50,1.00
2017.06.20 09:46:20.383,1.41613,1.41623,1.50,1.00
2017.06.20 09:46:20.435,1.41613,1.41621,1.00,1.00
2017.06.20 09:46:20.488,1.4161,1.41624,3.94,1.00
2017.06.20 09:46:20.629,1.41613,1.41623,1.56,1.00
2017.06.20 09:46:20.688,1.41612,1.41622,1.37,1.00
2017.06.20 09:46:20.739,1.4161,1.4162,1.69,1.00
2017.06.20 09:46:21.246,1.41608,1.41619,2.25,1.00
2017.06.20 09:46:21.297,1.41608,1.41619,2.25,1.00
2017.06.20 09:46:22.128,1.41608,1.41619,1.87,1.00
2017.06.20 09:46:22.231,1.41607,1.41617,1.12,1.00
2017.06.20 09:46:22.767,1.41607,1.41618,1.87,1.00
2017.06.20 09:46:23.301,1.41608,1.4162,1.50,1.00
2017.06.20 09:46:23.509,1.41609,1.41621,1.37,1.00
2017.06.20 09:46:25.344,1.41608,1.41622,2.25,1.00
2017.06.20 09:46:27.478,1.4161,1.41621,1.37,1.00
2017.06.20 09:46:28.432,1.41611,1.41624,1.00,1.00
2017.06.20 09:46:28.484,1.41615,1.41627,1.37,1.37
2017.06.20 09:46:28.536,1.41615,1.41628,1.87,1.00
2017.06.20 09:46:28.690,1.41619,1.4163,1.12,1.00
2017.06.20 09:46:28.741,1.41621,1.41633,2.81,1.00
2017.06.20 09:46:28.895,1.41624,1.41636,1.37,1.00
2017.06.20 09:46:29.723,1.41627,1.41637,1.12,1.00
2017.06.20 09:46:30.310,1.41627,1.41637,1.37,1.00
2017.06.20 09:46:30.828,1.41625,1.41636,1.69,1.00
2017.06.20 09:46:31.032,1.41625,1.41634,1.56,1.00
2017.06.20 09:46:31.084,1.41625,1.41634,1.00,1.00
2017.06.20 09:46:31.136,1.41623,1.41632,1.12,1.00
2017.06.20 09:46:31.188,1.41621,1.41632,1.12,1.00
2017.06.20 09:46:31.241,1.41618,1.41629,2.62,1.00
2017.06.20 09:46:31.293,1.41617,1.41629,1.87,1.00
2017.06.20 09:46:31.500,1.41616,1.41628,2.81,1.00
2017.06.20 09:46:32.164,1.41616,1.41628,1.69,1.00
2017.06.20 09:46:33.558,1.41616,1.41628,1.31,1.00
2017.06.20 09:46:33.829,1.41616,1.41628,1.12,1.00
2017.06.20 09:46:34.007,1.41617,1.41626,1.00,1.00
2017.06.20 09:46:34.520,1.41615,1.41626,1.69,1.00
2017.06.20 09:46:35.951,1.41614,1.41625,1.69,1.00
2017.06.20 09:46:36.542,1.41614,1.41625,1.31,1.00
2017.06.20 09:46:37.057,1.41614,1.41625,1.62,1.00
2017.06.20 09:46:38.055,1.41613,1.41625,1.56,1.00
2017.06.20 09:46:39.047,1.41613,1.41626,2.04,1.00
2017.06.20 09:46:40.156,1.41616,1.4163,1.12,1.00
2017.06.20 09:46:40.696,1.41616,1.4163,1.12,1.37
2017.06.20 09:46:41.639,1.41616,1.4163,1.12,1.00
2017.06.20 09:46:42.231,1.41616,1.4163,1.37,1.37
2017.06.20 09:46:42.938,1.41617,1.4163,1.12,1.50
2017.06.20 09:46:43.737,1.41617,1.4163,1.12,1.87
2017.06.20 09:46:44.250,1.41619,1.4163,1.00,1.00
2017.06.20 09:46:44.456,1.41623,1.41635,1.00,1.00
2017.06.20 09:46:44.992,1.41623,1.41635,1.37,1.00
2017.06.20 09:46:45.888,1.41623,1.41635,1.12,1.00
2017.06.20 09:46:47.579,1.41621,1.41637,2.44,1.50
2017.06.20 09:46:50.946,1.41624,1.41637,1.00,1.00
2017.06.20 09:46:51.290,1.41627,1.41637,1.00,1.00
2017.06.20 09:46:52.096,1.41626,1.41637,1.00,1.00
2017.06.20 09:46:53.784,1.41631,1.41638,1.00,1.00
2017.06.20 09:46:53.989,1.41633,1.41645,1.00,1.37
2017.06.20 09:46:54.143,1.41635,1.41645,1.00,1.12
2017.06.20 09:46:54.681,1.41636,1.41648,1.00,1.00
2017.06.20 09:46:54.938,1.41635,1.41646,1.00,1.00
2017.06.20 09:46:55.522,1.41634,1.41645,1.00,1.00
2017.06.20 09:46:58.329,1.41633,1.41645,1.00,1.00
2017.06.20 09:46:58.878,1.41632,1.41645,1.00,1.12
2017.06.20 09:47:00.463,1.41632,1.41642,1.00,1.00
2017.06.20 09:47:00.671,1.41618,1.41633,2.25,1.87
2017.06.20 09:47:00.826,1.41619,1.4163,1.00,1.00
2017.06.20 09:47:01.391,1.4162,1.41631,1.00,1.00
2017.06.20 09:47:01.599,1.41615,1.41628,1.12,1.12
2017.06.20 09:47:01.703,1.41618,1.41629,1.00,1.50
2017.06.20 09:47:01.909,1.41619,1.41631,1.37,1.00
2017.06.20 09:47:01.961,1.41618,1.41631,1.00,1.00
2017.06.20 09:47:02.116,1.41616,1.41631,1.00,1.37
2017.06.20 09:47:02.666,1.41616,1.41628,1.00,1.00
2017.06.20 09:47:03.205,1.41617,1.41628,1.00,1.00
2017.06.20 09:47:03.553,1.41614,1.41625,1.50,1.00
2017.06.20 09:47:03.862,1.4162,1.41627,1.00,1.75
2017.06.20 09:47:03.914,1.41621,1.41629,1.00,1.75
2017.06.20 09:47:04.134,1.41619,1.41629,1.00,1.37
2017.06.20 09:47:04.735,1.4162,1.41629,1.00,1.37
2017.06.20 09:47:05.152,1.41615,1.41625,1.00,1.00
2017.06.20 09:47:05.306,1.41613,1.41621,1.00,1.00
2017.06.20 09:47:05.672,1.41619,1.41627,1.00,1.00
2017.06.20 09:47:05.963,1.4162,1.4163,1.00,1.37
2017.06.20 09:47:06.474,1.41619,1.4163,1.00,1.50
2017.06.20 09:47:06.731,1.41621,1.4163,1.00,1.00
2017.06.20 09:47:07.247,1.4162,1.4163,1.00,1.00
2017.06.20 09:47:08.779,1.41617,1.41625,1.00,1.00
2017.06.20 09:47:08.831,1.41614,1.41627,1.00,1.50
2017.06.20 09:47:09.024,1.41614,1.41622,1.00,1.00
2017.06.20 09:47:09.332,1.41619,1.41629,1.00,2.92
2017.06.20 09:47:09.383,1.4162,1.4163,1.00,1.12
2017.06.20 09:47:09.639,1.41623,1.41633,1.00,1.50
2017.06.20 09:47:09.691,1.41621,1.41633,1.00,1.50
2017.06.20 09:47:09.742,1.41623,1.41633,1.00,1.50
2017.06.20 09:47:09.846,1.41623,1.41634,1.00,1.00
2017.06.20 09:47:09.898,1.41625,1.41636,1.00,1.87
2017.06.20 09:47:10.257,1.4162,1.41635,1.50,1.00
2017.06.20 09:47:11.581,1.41619,1.41632,2.62,1.00
2017.06.20 09:47:11.684,1.41618,1.41631,1.00,1.12
2017.06.20 09:47:11.864,1.41615,1.4163,1.37,1.00
2017.06.20 09:47:12.181,1.41613,1.41626,2.32,1.00
2017.06.20 09:47:12.387,1.41609,1.41622,2.62,1.00
2017.06.20 09:47:12.950,1.41608,1.41621,1.37,1.00
2017.06.20 09:47:13.207,1.41606,1.4162,1.50,1.37
2017.06.20 09:47:13.383,1.41605,1.41618,1.00,1.00
2017.06.20 09:47:14.459,1.41603,1.41616,3.00,1.00
2017.06.20 09:47:15.108,1.41608,1.41618,1.00,1.00
2017.06.20 09:47:15.681,1.41608,1.4162,1.00,1.00
2017.06.20 09:47:16.404,1.41608,1.41621,1.00,2.25
2017.06.20 09:47:16.946,1.41607,1.41621,1.00,1.50
2017.06.20 09:47:17.488,1.41606,1.41621,1.00,2.62
2017.06.20 09:47:18.039,1.41606,1.41621,1.00,2.62
2017.06.20 09:47:19.515,1.41605,1.41619,1.00,1.37
2017.06.20 09:47:19.894,1.41603,1.41613,1.37,1.00
2017.06.20 09:47:20.127,1.41605,1.41619,1.00,1.87
2017.06.20 09:47:21.563,1.41603,1.41618,1.12,1.12
2017.06.20 09:47:21.717,1.41605,1.41618,1.00,1.12
2017.06.20 09:47:22.025,1.41604,1.41616,1.00,1.00
2017.06.20 09:47:23.051,1.41605,1.41616,1.00,1.00
2017.06.20 09:47:23.358,1.41608,1.41616,1.00,1.00
2017.06.20 09:47:24.962,1.41604,1.41616,1.12,1.00
2017.06.20 09:47:27.094,1.41605,1.41616,1.00,1.12
2017.06.20 09:47:30.197,1.41604,1.41616,1.00,1.12
2017.06.20 09:47:30.734,1.41605,1.41616,1.00,1.12
2017.06.20 09:47:32.669,1.41606,1.41616,1.00,1.12
2017.06.20 09:47:33.199,1.41605,1.41616,1.00,1.12
2017.06.20 09:47:36.766,1.41602,1.41615,1.87,1.00
2017.06.20 09:47:38.617,1.41602,1.41616,1.87,1.50
2017.06.20 09:47:43.690,1.41602,1.41616,1.69,1.50
2017.06.20 09:47:45.124,1.41606,1.41616,1.00,1.00
2017.06.20 09:47:46.218,1.41607,1.41618,1.00,1.50
2017.06.20 09:47:46.474,1.41605,1.41618,1.00,1.50
2017.06.20 09:47:46.983,1.41606,1.41618,1.00,1.00
2017.06.20 09:47:48.310,1.41606,1.41618,1.00,1.37
2017.06.20 09:47:49.677,1.41606,1.41618,1.00,1.87
2017.06.20 09:47:50.296,1.41604,1.41618,1.25,1.87
2017.06.20 09:47:50.831,1.41604,1.41618,1.25,1.87
2017.06.20 09:47:54.604,1.41604,1.41618,1.25,1.87
2017.06.20 09:47:55.141,1.41605,1.41618,1.00,1.87
2017.06.20 09:47:56.901,1.41605,1.41618,1.00,1.50
2017.06.20 09:47:57.004,1.41608,1.41619,1.00,1.75
2017.06.20 09:47:57.313,1.41617,1.41626,1.00,1.50
2017.06.20 09:47:57.838,1.41618,1.4163,1.00,3.00
2017.06.20 09:47:58.302,1.41617,1.4163,1.00,1.12
2017.06.20 09:47:58.354,1.41622,1.41631,1.00,1.37
2017.06.20 09:47:58.508,1.41626,1.41636,1.00,2.25
2017.06.20 09:47:59.025,1.41627,1.41636,1.00,1.25
2017.06.20 09:47:59.591,1.41625,1.41636,1.25,1.37
2017.06.20 09:47:59.695,1.41625,1.41633,1.00,1.12
2017.06.20 09:48:00.002,1.41624,1.41633,1.00,1.56
2017.06.20 09:48:00.156,1.41622,1.41633,1.00,2.06
2017.06.20 09:48:00.354,1.4162,1.4163,1.00,1.31
2017.06.20 09:48:00.510,1.41618,1.4163,1.00,2.51
2017.06.20 09:48:00.716,1.41622,1.4163,1.00,2.14
2017.06.20 09:48:00.768,1.4162,1.41626,1.00,1.00
2017.06.20 09:48:00.820,1.41615,1.41625,1.00,1.56
2017.06.20 09:48:00.974,1.41612,1.41625,1.00,2.44
2017.06.20 09:48:01.730,1.41613,1.41625,1.00,2.06
2017.06.20 09:48:01.783,1.41613,1.41627,1.00,3.19
2017.06.20 09:48:01.835,1.41616,1.41627,1.00,2.06
2017.06.20 09:48:02.145,1.41614,1.41627,1.50,1.56
2017.06.20 09:48:02.196,1.41614,1.41627,1.50,2.06
2017.06.20 09:48:02.702,1.41614,1.41628,1.50,2.06
2017.06.20 09:48:03.086,1.41619,1.41629,1.00,1.56
2017.06.20 09:48:03.680,1.41619,1.41628,1.00,1.87
2017.06.20 09:48:04.192,1.4162,1.41627,1.00,1.87
2017.06.20 09:48:04.743,1.41617,1.41627,1.00,2.25
2017.06.20 09:48:05.147,1.41619,1.41627,1.00,2.25
2017.06.20 09:48:05.256,1.41617,1.41627,1.00,2.25
2017.06.20 09:48:05.946,1.4162,1.4163,1.00,2.62
2017.06.20 09:48:06.049,1.41621,1.4163,1.00,1.00
2017.06.20 09:48:07.125,1.41621,1.41631,1.00,1.50
2017.06.20 09:48:09.497,1.41621,1.41633,1.00,1.12
2017.06.20 09:48:09.650,1.41623,1.41633,1.00,1.00
2017.06.20 09:48:10.174,1.41622,1.41633,1.00,1.50
2017.06.20 09:48:10.741,1.41623,1.41633,1.00,1.50
2017.06.20 09:48:11.275,1.41622,1.41633,1.00,1.50
2017.06.20 09:48:13.228,1.41623,1.41633,1.00,1.37
2017.06.20 09:48:15.158,1.41623,1.41634,1.00,1.50
2017.06.20 09:48:17.494,1.41623,1.41634,1.00,1.50
2017.06.20 09:48:19.486,1.41622,1.41634,1.00,1.50
2017.06.20 09:48:23.291,1.41624,1.41634,1.00,1.12
2017.06.20 09:48:23.342,1.41622,1.41636,1.00,1.75
2017.06.20 09:48:23.963,1.41623,1.41636,1.00,2.25
2017.06.20 09:48:26.056,1.41624,1.41634,1.00,1.00
2017.06.20 09:48:27.088,1.41624,1.41633,1.00,1.00
2017.06.20 09:48:37.105,1.41622,1.41633,1.00,1.12
2017.06.20 09:48:42.333,1.41623,1.41633,1.00,1.00
2017.06.20 09:48:42.385,1.41621,1.41633,1.00,1.00
2017.06.20 09:48:44.966,1.41623,1.41633,1.00,1.00
2017.06.20 09:48:45.308,1.4164,1.41653,1.00,2.62
2017.06.20 09:48:45.359,1.4164,1.41653,1.25,1.50
2017.06.20 09:48:45.897,1.4164,1.41654,1.25,1.50
2017.06.20 09:48:46.102,1.41642,1.41655,1.00,1.37
2017.06.20 09:48:46.441,1.41652,1.41662,1.00,1.87
2017.06.20 09:48:46.749,1.41652,1.41666,1.19,1.52
2017.06.20 09:48:47.266,1.41654,1.41667,1.00,3.49
2017.06.20 09:48:47.817,1.41654,1.41667,1.00,1.99
2017.06.20 09:48:48.326,1.41654,1.41667,1.00,1.99
2017.06.20 09:48:50.922,1.41654,1.41667,1.00,1.99
2017.06.20 09:48:51.446,1.41654,1.41667,1.00,1.99
2017.06.20 09:48:54.372,1.41652,1.41667,1.69,1.99
2017.06.20 09:48:54.874,1.41652,1.41667,1.50,2.06
2017.06.20 09:48:57.254,1.41653,1.41668,1.00,1.87
2017.06.20 09:48:57.410,1.41649,1.41663,1.31,1.56
2017.06.20 09:48:57.513,1.4165,1.41663,1.50,2.25
2017.06.20 09:48:57.686,1.41652,1.41665,1.00,2.62
2017.06.20 09:48:58.302,1.41652,1.41667,1.12,3.37
2017.06.20 09:48:58.920,1.41652,1.41665,1.00,1.00
2017.06.20 09:48:59.523,1.41654,1.41666,1.00,1.00
2017.06.20 09:48:59.679,1.41656,1.41671,1.00,3.75
2017.06.20 09:48:59.936,1.41658,1.41671,1.00,2.25
2017.06.20 09:49:00.150,1.4166,1.41673,1.00,1.50
2017.06.20 09:49:00.669,1.41661,1.41674,1.00,1.00
2017.06.20 09:49:01.194,1.41662,1.41675,1.00,1.25
2017.06.20 09:49:01.798,1.41664,1.41676,1.00,1.37
2017.06.20 09:49:02.405,1.41664,1.41677,1.00,1.37
2017.06.20 09:49:02.746,1.41667,1.4168,1.00,2.25
2017.06.20 09:49:02.798,1.41668,1.41681,1.00,1.87
2017.06.20 09:49:03.311,1.41667,1.4168,1.00,1.00
2017.06.20 09:49:03.478,1.41669,1.41682,1.25,3.00
2017.06.20 09:49:03.841,1.41673,1.41684,1.00,1.12
2017.06.20 09:49:04.343,1.41672,1.41685,1.25,1.12
2017.06.20 09:49:07.592,1.4167,1.41683,2.02,1.00
2017.06.20 09:49:09.485,1.4167,1.41681,1.27,1.00
2017.06.20 09:49:14.954,1.41671,1.41682,1.66,1.00
2017.06.20 09:49:15.892,1.41671,1.41682,1.57,1.00
2017.06.20 09:49:16.974,1.41671,1.41682,1.50,1.00
2017.06.20 09:49:18.971,1.41671,1.41686,2.06,1.12
2017.06.20 09:49:21.524,1.41671,1.41686,1.31,1.12
2017.06.20 09:49:21.985,1.41671,1.41686,1.31,1.12
2017.06.20 09:49:22.693,1.41671,1.41681,1.19,1.00
2017.06.20 09:49:22.875,1.4167,1.4168,1.00,1.00
2017.06.20 09:49:22.926,1.41665,1.41674,1.31,1.00
2017.06.20 09:49:23.468,1.41665,1.41674,1.69,1.00
2017.06.20 09:49:23.985,1.41664,1.41673,1.19,1.00
2017.06.20 09:49:24.515,1.41664,1.41674,1.69,1.00
2017.06.20 09:49:24.567,1.41664,1.41673,1.50,1.00
2017.06.20 09:49:24.619,1.41663,1.41671,1.37,1.00
2017.06.20 09:49:24.791,1.41658,1.4167,1.56,1.00
2017.06.20 09:49:24.947,1.41661,1.41671,3.15,1.00
2017.06.20 09:49:25.152,1.41664,1.41676,1.65,1.00
2017.06.20 09:49:25.663,1.41665,1.41676,1.25,1.00
2017.06.20 09:49:26.258,1.41665,1.41675,1.31,1.00
2017.06.20 09:49:26.820,1.41663,1.41673,1.90,1.00
2017.06.20 09:49:26.986,1.41663,1.41675,1.90,1.00
2017.06.20 09:49:27.344,1.41662,1.41672,2.81,1.00
2017.06.20 09:49:27.499,1.4166,1.41671,2.06,1.00
2017.06.20 09:49:27.629,1.4166,1.41671,2.81,1.00
2017.06.20 09:49:27.682,1.41665,1.41677,2.44,1.00
2017.06.20 09:49:27.734,1.41666,1.4168,2.06,1.00
2017.06.20 09:49:27.940,1.41667,1.41682,2.02,1.12
2017.06.20 09:49:28.884,1.41669,1.41683,1.25,1.00
2017.06.20 09:49:29.405,1.41669,1.41683,1.62,1.00
2017.06.20 09:49:29.610,1.41663,1.41678,2.81,1.37
2017.06.20 09:49:29.662,1.41663,1.41678,2.06,1.00
2017.06.20 09:49:30.122,1.41663,1.41678,1.25,1.87
2017.06.20 09:49:30.174,1.41665,1.41678,1.25,1.12
2017.06.20 09:49:30.277,1.41667,1.41681,1.00,1.12
2017.06.20 09:49:30.329,1.41668,1.41682,1.19,1.12
2017.06.20 09:49:30.841,1.41668,1.41681,1.00,1.00
2017.06.20 09:49:31.353,1.41668,1.41683,1.09,1.12
2017.06.20 09:49:31.405,1.41671,1.41684,1.19,1.00
2017.06.20 09:49:31.457,1.41671,1.41686,1.56,1.12
2017.06.20 09:49:31.611,1.4167,1.41684,1.69,1.50
2017.06.20 09:49:33.315,1.41669,1.41685,1.69,1.00
2017.06.20 09:49:33.753,1.41674,1.41686,1.00,1.87
2017.06.20 09:49:34.198,1.41674,1.41686,1.00,1.00
2017.06.20 09:49:34.843,1.41675,1.41688,1.00,1.87
2017.06.20 09:49:34.946,1.41676,1.41688,1.00,1.00
2017.06.20 09:49:35.279,1.41674,1.41688,1.00,3.45
2017.06.20 09:49:35.802,1.41674,1.41687,1.00,1.95
2017.06.20 09:49:36.417,1.41672,1.41687,1.19,1.10
2017.06.20 09:49:37.506,1.41673,1.41686,1.25,1.00
2017.06.20 09:49:38.048,1.41673,1.41686,1.25,1.87
2017.06.20 09:49:38.551,1.41673,1.41686,1.25,2.62
2017.06.20 09:49:39.259,1.41673,1.41686,1.25,2.62
2017.06.20 09:49:40.255,1.41673,1.41686,1.25,2.62
2017.06.20 09:49:40.495,1.41673,1.41686,1.00,3.00
2017.06.20 09:49:41.039,1.41673,1.41685,1.00,1.12
2017.06.20 09:49:42.331,1.41673,1.41685,1.00,1.50
2017.06.20 09:49:42.695,1.41676,1.41686,1.00,2.25
2017.06.20 09:49:43.255,1.41676,1.41686,1.00,1.37
2017.06.20 09:49:44.030,1.41675,1.41686,1.00,1.57
2017.06.20 09:49:44.337,1.41674,1.41684,1.00,2.32
2017.06.20 09:49:46.050,1.41671,1.41678,1.00,1.87
2017.06.20 09:49:46.204,1.41668,1.41676,1.00,1.19
2017.06.20 09:49:46.255,1.41666,1.41673,1.00,1.00
2017.06.20 09:49:46.307,1.41668,1.41673,1.00,1.00
2017.06.20 09:49:46.475,1.41668,1.41678,1.00,1.45
2017.06.20 09:49:46.732,1.41668,1.41679,1.00,3.07
2017.06.20 09:49:47.040,1.41665,1.41677,1.00,1.07
2017.06.20 09:49:49.359,1.41665,1.41679,1.00,1.95
2017.06.20 09:49:49.957,1.41666,1.41678,1.00,1.07
2017.06.20 09:49:50.474,1.41666,1.41678,1.00,1.95
2017.06.20 09:49:51.026,1.41667,1.41678,1.00,1.95
2017.06.20 09:49:52.806,1.41665,1.41678,1.00,2.32
2017.06.20 09:49:52.857,1.41664,1.41674,1.00,1.50
2017.06.20 09:49:52.909,1.41661,1.41675,1.12,1.57
2017.06.20 09:49:53.114,1.41661,1.41675,1.00,3.07
2017.06.20 09:49:53.638,1.41661,1.41672,1.00,1.00
2017.06.20 09:49:57.148,1.41661,1.41673,1.00,1.76
2017.06.20 09:49:58.670,1.41661,1.41673,1.00,1.01
2017.06.20 09:49:59.019,1.41655,1.41666,1.00,3.26
2017.06.20 09:49:59.174,1.41647,1.41658,1.25,1.50
2017.06.20 09:49:59.431,1.41645,1.41659,1.00,1.20
2017.06.20 09:49:59.535,1.41645,1.41659,1.00,1.00
2017.06.20 09:49:59.587,1.41645,1.41659,1.00,1.45
2017.06.20 09:49:59.638,1.41643,1.41657,1.87,1.45
2017.06.20 09:49:59.741,1.4164,1.41651,1.50,1.70
2017.06.20 09:49:59.947,1.41635,1.4165,1.87,1.57
2017.06.20 09:50:00.244,1.41635,1.41651,1.87,2.51
2017.06.20 09:50:01.355,1.41636,1.41652,1.00,2.44
2017.06.20 09:50:01.407,1.41641,1.41652,1.00,1.00
2017.06.20 09:50:01.510,1.41643,1.41655,1.25,1.00
2017.06.20 09:50:03.353,1.41644,1.41658,1.00,1.76
2017.06.20 09:50:03.455,1.41644,1.41658,1.00,1.31
2017.06.20 09:50:04.037,1.4164,1.41659,2.81,1.31
2017.06.20 09:50:04.654,1.41642,1.41659,1.19,1.00
2017.06.20 09:50:04.858,1.41643,1.41661,2.06,1.00
2017.06.20 09:50:06.128,1.41645,1.41663,2.06,1.87
2017.06.20 09:50:06.180,1.41646,1.41663,1.25,1.87
2017.06.20 09:50:06.693,1.41644,1.41663,1.94,1.87
2017.06.20 09:50:09.892,1.41644,1.41663,1.94,1.95
2017.06.20 09:50:10.045,1.41644,1.41663,1.94,1.95
2017.06.20 09:50:10.366,1.41644,1.41663,2.06,1.95
2017.06.20 09:50:11.485,1.41645,1.41663,2.06,1.50
2017.06.20 09:50:12.137,1.41645,1.41662,2.06,1.00
2017.06.20 09:50:12.670,1.41644,1.41662,3.94,1.10
2017.06.20 09:50:13.576,1.41644,1.41662,2.44,1.31
2017.06.20 09:50:13.628,1.41644,1.4166,1.94,1.37
2017.06.20 09:50:13.731,1.41643,1.4166,1.69,1.37
2017.06.20 09:50:14.090,1.41645,1.41661,1.31,1.95
2017.06.20 09:50:14.553,1.41647,1.41662,1.19,1.50
2017.06.20 09:50:14.604,1.41647,1.41664,1.39,1.69
2017.06.20 09:50:14.860,1.41648,1.41664,1.39,1.25
2017.06.20 09:50:16.876,1.41647,1.41664,2.06,1.57
2017.06.20 09:50:17.422,1.41646,1.41664,2.06,2.14
2017.06.20 09:50:17.832,1.41648,1.41664,1.56,1.12
2017.06.20 09:50:18.063,1.41651,1.41667,1.31,1.50
2017.06.20 09:50:18.524,1.41653,1.41667,1.31,1.00
2017.06.20 09:50:19.725,1.41656,1.4167,1.69,1.37
2017.06.20 09:50:19.828,1.4166,1.41674,1.19,1.12
2017.06.20 09:50:19.931,1.4166,1.41676,1.31,1.10
2017.06.20 09:50:19.983,1.4166,1.41673,1.19,1.12
2017.06.20 09:50:20.240,1.4166,1.41677,1.56,1.20
2017.06.20 09:50:20.841,1.4166,1.41677,1.56,1.12
2017.06.20 09:50:21.974,1.4166,1.41677,2.06,1.07
2017.06.20 09:50:22.077,1.41659,1.41676,1.56,1.32
2017.06.20 09:50:23.033,1.41658,1.41676,2.44,1.95
2017.06.20 09:50:23.137,1.41658,1.41676,2.44,3.07
2017.06.20 09:50:24.484,1.41658,1.41676,1.69,3.64
2017.06.20 09:50:25.072,1.41658,1.41672,1.69,1.00
2017.06.20 09:50:25.124,1.41656,1.41672,2.06,1.00
2017.06.20 09:50:25.176,1.41655,1.41672,2.44,1.95
2017.06.20 09:50:25.670,1.41659,1.41672,1.19,1.87
2017.06.20 09:50:25.773,1.41659,1.41672,1.56,1.00
2017.06.20 09:50:25.824,1.41657,1.41672,1.69,1.00
2017.06.20 09:50:25.876,1.41656,1.41672,2.06,1.75
2017.06.20 09:50:25.929,1.41655,1.41672,2.06,1.85
2017.06.20 09:50:26.185,1.41656,1.4167,1.25,1.25
2017.06.20 09:50:26.237,1.41654,1.4167,2.06,1.76
2017.06.20 09:50:27.168,1.41654,1.41669,1.56,1.00
2017.06.20 09:50:28.534,1.41654,1.41668,2.06,1.00
2017.06.20 09:50:29.741,1.41654,1.41662,2.06,1.00
2017.06.20 09:50:29.844,1.4165,1.41659,1.37,1.37
2017.06.20 09:50:29.895,1.41648,1.41661,1.62,1.31
2017.06.20 09:50:30.125,1.41646,1.41658,1.00,1.00
2017.06.20 09:50:30.643,1.41644,1.41658,1.31,1.12
2017.06.20 09:50:31.186,1.41644,1.41658,1.31,1.37
2017.06.20 09:50:32.936,1.41647,1.4166,1.00,1.39
2017.06.20 09:50:33.980,1.41647,1.41659,1.00,1.00
2017.06.20 09:50:35.905,1.4165,1.41661,1.19,1.57
2017.06.20 09:50:36.008,1.41655,1.41667,1.19,1.37
2017.06.20 09:50:36.060,1.41653,1.41668,1.31,1.12
2017.06.20 09:50:36.112,1.41653,1.41666,1.69,1.00
2017.06.20 09:50:36.267,1.41653,1.41664,1.00,1.00
2017.06.20 09:50:36.319,1.4165,1.41659,2.06,1.00
2017.06.20 09:50:36.590,1.41634,1.41647,5.36,1.00
2017.06.20 09:50:36.642,1.41634,1.41647,2.81,1.00
2017.06.20 09:50:36.746,1.41634,1.41647,2.06,1.00
2017.06.20 09:50:37.207,1.41633,1.41644,1.19,1.00
2017.06.20 09:50:37.258,1.41631,1.41644,1.69,1.00
2017.06.20 09:50:37.771,1.4163,1.41643,1.19,1.00
2017.06.20 09:50:37.978,1.4163,1.41641,1.19,1.00
2017.06.20 09:50:38.494,1.41628,1.41641,3.94,1.00
2017.06.20 09:50:38.803,1.41628,1.41639,1.69,1.00
2017.06.20 09:50:39.148,1.4162,1.4163,2.44,1.00
2017.06.20 09:50:39.659,1.4162,1.41629,1.50,1.00
2017.06.20 09:50:39.999,1.41619,1.41631,2.06,1.00
2017.06.20 09:50:40.231,1.41621,1.41633,2.06,1.00
2017.06.20 09:50:40.435,1.41624,1.41635,1.19,1.00
2017.06.20 09:50:41.244,1.41624,1.41635,1.00,1.00
2017.06.20 09:50:41.869,1.41624,1.41634,1.00,1.00
2017.06.20 09:50:42.381,1.41624,1.41635,1.00,1.00
2017.06.20 09:50:44.494,1.41624,1.41636,1.00,1.00
2017.06.20 09:50:44.750,1.41629,1.41639,1.00,1.00
2017.06.20 09:50:44.955,1.41627,1.41641,1.87,1.00
2017.06.20 09:50:45.264,1.41629,1.41645,1.12,1.57
2017.06.20 09:50:46.463,1.41629,1.41643,1.12,1.00
2017.06.20 09:50:46.617,1.41632,1.41644,1.00,1.00
2017.06.20 09:50:46.721,1.4163,1.41646,1.00,2.32
2017.06.20 09:50:46.938,1.41629,1.41643,1.00,1.87
2017.06.20 09:50:47.145,1.41626,1.41642,1.00,2.70
2017.06.20 09:50:47.605,1.41623,1.41637,1.50,1.00
2017.06.20 09:50:48.183,1.41622,1.41638,2.62,1.00
2017.06.20 09:50:48.728,1.41622,1.41638,2.62,1.00
2017.06.20 09:50:49.267,1.41623,1.41638,1.00,1.12
2017.06.20 09:50:49.781,1.41627,1.41638,1.00,1.12
2017.06.20 09:50:50.190,1.41627,1.41641,1.00,2.25
2017.06.20 09:50:50.242,1.41627,1.41641,1.37,2.25
2017.06.20 09:50:50.344,1.41627,1.41641,1.00,2.25
2017.06.20 09:50:50.845,1.41624,1.41639,1.12,1.10
2017.06.20 09:50:51.361,1.41629,1.4164,1.00,1.00
2017.06.20 09:50:51.511,1.41628,1.41644,2.62,1.10
2017.06.20 09:50:51.666,1.41628,1.41644,2.25,1.20
2017.06.20 09:50:52.180,1.41628,1.41643,1.87,1.10
2017.06.20 09:50:53.037,1.41629,1.41643,1.87,1.00
2017.06.20 09:50:53.370,1.41629,1.41641,1.00,1.00
2017.06.20 09:50:53.524,1.41623,1.41636,1.50,1.12
2017.06.20 09:50:55.237,1.41622,1.41636,1.12,1.12
2017.06.20 09:50:56.214,1.41621,1.41637,1.87,1.50
2017.06.20 09:50:56.901,1.41622,1.41637,1.12,1.50
2017.06.20 09:50:59.243,1.41622,1.41636,1.50,1.20
2017.06.20 09:50:59.755,1.41623,1.41638,1.00,1.57
2017.06.20 09:51:00.273,1.41623,1.41636,1.09,1.00
2017.06.20 09:51:00.488,1.41626,1.41637,1.12,1.00
2017.06.20 09:51:00.642,1.41627,1.41642,1.12,1.75
2017.06.20 09:51:00.796,1.41628,1.41642,1.12,1.12
2017.06.20 09:51:01.257,1.41627,1.41642,1.87,1.37
2017.06.20 09:51:01.955,1.41627,1.41639,1.00,1.20
2017.06.20 09:51:02.109,1.4162,1.41634,1.37,1.10
2017.06.20 09:51:02.314,1.41617,1.41633,1.87,1.07
2017.06.20 09:51:03.159,1.41617,1.41633,1.50,1.10
2017.06.20 09:51:03.210,1.41617,1.41632,1.00,1.00
2017.06.20 09:51:03.367,1.41617,1.41632,1.00,1.45
2017.06.20 09:51:03.908,1.41617,1.4163,1.00,1.00
2017.06.20 09:51:04.267,1.4162,1.41633,1.37,1.07
2017.06.20 09:51:04.479,1.41619,1.41634,1.87,1.10
2017.06.20 09:51:04.787,1.41618,1.41634,1.87,1.57
2017.06.20 09:51:04.889,1.41618,1.41631,1.12,1.07
2017.06.20 09:51:05.402,1.41616,1.41629,1.50,1.00
2017.06.20 09:51:05.814,1.41616,1.41632,1.50,1.20
2017.06.20 09:51:05.989,1.41619,1.41633,1.12,1.20
2017.06.20 09:51:06.041,1.41619,1.41633,1.50,1.00
2017.06.20 09:51:06.247,1.41619,1.41635,1.50,1.12
2017.06.20 09:51:07.344,1.41619,1.41635,1.50,1.12
2017.06.20 09:51:07.917,1.41622,1.41636,1.50,1.57
2017.06.20 09:51:08.426,1.41624,1.41639,1.37,1.82
2017.06.20 09:51:08.632,1.41626,1.41642,1.37,1.95
2017.06.20 09:51:08.788,1.41626,1.41642,2.25,1.07
2017.06.20 09:51:08.841,1.41628,1.41643,1.37,1.10
2017.06.20 09:51:09.426,1.41628,1.41643,1.50,1.20
2017.06.20 09:51:09.529,1.41626,1.41639,1.12,1.57
2017.06.20 09:51:09.633,1.41625,1.41637,1.00,1.07
2017.06.20 09:51:09.736,1.41623,1.41637,1.50,1.00
2017.06.20 09:51:10.094,1.41623,1.41634,1.00,1.00
2017.06.20 09:51:11.243,1.41622,1.41637,1.37,1.00
2017.06.20 09:51:11.601,1.4162,1.41636,2.44,1.07
2017.06.20 09:51:12.132,1.4162,1.41636,1.50,1.50
2017.06.20 09:51:12.770,1.4162,1.41634,1.50,1.00
2017.06.20 09:51:12.873,1.4162,1.41634,1.50,1.00
2017.06.20 09:51:14.258,1.4162,1.41634,1.50,1.00
2017.06.20 09:51:15.087,1.4162,1.4163,1.00,1.00
2017.06.20 09:51:15.416,1.41619,1.4163,1.12,1.00
2017.06.20 09:51:16.214,1.41619,1.41631,1.12,1.00
2017.06.20 09:51:18.111,1.41622,1.41633,1.00,1.00
2017.06.20 09:51:18.820,1.41621,1.41632,1.37,1.00
2017.06.20 09:51:23.215,1.41621,1.41632,1.12,1.00
2017.06.20 09:51:24.293,1.41622,1.41632,1.00,1.00
2017.06.20 09:51:27.303,1.41622,1.41633,1.09,1.00
2017.06.20 09:51:27.458,1.41628,1.41641,2.02,1.00
2017.06.20 09:51:27.970,1.41631,1.41642,1.00,1.00
2017.06.20 09:51:39.029,1.41629,1.4164,1.87,1.00
2017.06.20 09:51:41.206,1.41631,1.41641,1.37,1.00
2017.06.20 09:51:41.360,1.41631,1.41643,1.37,1.10
2017.06.20 09:51:41.463,1.41631,1.41643,1.37,1.00
2017.06.20 09:51:45.174,1.41633,1.41643,1.00,1.00
2017.06.20 09:51:46.157,1.41633,1.41637,1.00,1.00
2017.06.20 09:51:46.209,1.41632,1.41637,1.37,1.00
2017.06.20 09:51:46.261,1.41628,1.41636,2.25,1.07
2017.06.20 09:51:46.313,1.41623,1.4163,1.12,1.00
2017.06.20 09:51:46.416,1.41619,1.4163,2.25,1.00
2017.06.20 09:51:47.487,1.41619,1.4163,1.75,1.00
2017.06.20 09:51:48.750,1.41619,1.41631,1.75,1.00
2017.06.20 09:51:50.452,1.41619,1.41629,2.62,1.00
2017.06.20 09:51:50.987,1.41619,1.41628,1.37,1.00
2017.06.20 09:51:51.243,1.4162,1.4163,1.37,1.00
2017.06.20 09:51:51.450,1.41621,1.41629,1.12,1.00
2017.06.20 09:51:53.441,1.41618,1.41629,1.37,1.00
2017.06.20 09:51:54.630,1.41618,1.41629,2.62,1.00
2017.06.20 09:51:55.412,1.41618,1.4163,2.62,1.00
2017.06.20 09:51:55.992,1.41618,1.4163,1.87,1.00
2017.06.20 09:51:57.616,1.41618,1.41629,1.50,1.00
2017.06.20 09:51:58.126,1.41618,1.41629,2.25,1.00
2017.06.20 09:51:58.633,1.41618,1.4163,2.25,1.00
2017.06.20 09:51:59.150,1.41618,1.4163,1.50,1.00
2017.06.20 09:52:00.084,1.41618,1.4163,1.50,1.00
2017.06.20 09:52:01.054,1.41618,1.41631,1.87,1.00
2017.06.20 09:52:01.686,1.41618,1.4163,1.87,1.00
2017.06.20 09:52:03.383,1.41619,1.4163,1.37,1.00
2017.06.20 09:52:03.435,1.41622,1.41634,1.00,1.00
2017.06.20 09:52:03.486,1.41622,1.41635,1.37,1.12
2017.06.20 09:52:04.564,1.41622,1.41635,3.75,1.00
2017.06.20 09:52:05.607,1.41622,1.41635,2.62,1.00
2017.06.20 09:52:06.115,1.41623,1.41635,1.00,1.00
2017.06.20 09:52:06.218,1.41622,1.41632,1.50,1.00
2017.06.20 09:52:07.187,1.41622,1.41632,1.00,1.00
2017.06.20 09:52:07.503,1.41621,1.4163,1.00,1.12
2017.06.20 09:52:07.658,1.41615,1.41625,1.00,1.00
2017.06.20 09:52:07.956,1.41613,1.41624,1.50,1.00
2017.06.20 09:52:08.418,1.41612,1.41624,2.81,1.00
2017.06.20 09:52:08.962,1.41614,1.41625,1.87,1.00
2017.06.20 09:52:10.012,1.41614,1.41624,1.87,1.00
2017.06.20 09:52:12.543,1.41613,1.41624,2.40,1.00
2017.06.20 09:52:12.799,1.41624,1.41636,1.00,1.87
2017.06.20 09:52:12.852,1.41624,1.41636,1.00,1.87
2017.06.20 09:52:13.465,1.41626,1.41636,1.00,1.12
2017.06.20 09:52:17.874,1.41625,1.41636,1.00,1.00
2017.06.20 09:52:18.428,1.41625,1.41637,1.00,2.70
2017.06.20 09:52:18.940,1.41624,1.41636,1.00,1.87
2017.06.20 09:52:18.992,1.41622,1.41634,1.00,1.10
2017.06.20 09:52:19.147,1.41621,1.41632,1.00,1.00
2017.06.20 09:52:19.483,1.41621,1.41632,1.00,1.12
2017.06.20 09:52:20.248,1.4162,1.41632,1.00,1.75
2017.06.20 09:52:21.087,1.41621,1.41632,1.00,1.75
2017.06.20 09:52:21.626,1.4162,1.41632,1.00,1.75
2017.06.20 09:52:21.933,1.41624,1.41633,1.00,1.00
2017.06.20 09:52:22.444,1.41623,1.41633,1.00,1.00
2017.06.20 09:52:22.597,1.41619,1.41632,1.12,1.00
2017.06.20 09:52:22.748,1.41616,1.41623,1.50,1.87
2017.06.20 09:52:22.800,1.41606,1.41621,1.12,3.37
2017.06.20 09:52:23.158,1.41606,1.41621,1.37,1.50
2017.06.20 09:52:23.672,1.41606,1.4162,1.37,1.00
2017.06.20 09:52:23.882,1.41609,1.41623,1.50,1.12
2017.06.20 09:52:24.038,1.4161,1.41625,1.00,1.00
2017.06.20 09:52:24.552,1.4161,1.41626,2.62,1.12
2017.06.20 09:52:24.995,1.4161,1.41626,2.62,1.12
2017.06.20 09:52:25.877,1.4161,1.41619,1.50,1.37
2017.06.20 09:52:25.981,1.41606,1.41618,1.37,1.87
2017.06.20 09:52:26.087,1.41602,1.41617,1.75,1.12
2017.06.20 09:52:26.223,1.416,1.41613,1.50,1.00
2017.06.20 09:52:26.279,1.41599,1.41613,1.50,1.00
2017.06.20 09:52:26.687,1.41601,1.41615,1.00,1.00
2017.06.20 09:52:26.739,1.41608,1.41618,1.00,1.50
2017.06.20 09:52:26.791,1.41609,1.41618,1.12,1.12
2017.06.20 09:52:26.842,1.41609,1.4162,1.95,1.00
2017.06.20 09:52:26.945,1.41611,1.41622,1.09,1.00
2017.06.20 09:52:26.996,1.41611,1.41628,2.21,1.12
2017.06.20 09:52:27.552,1.41613,1.41629,1.09,1.00
2017.06.20 09:52:28.024,1.41613,1.41624,1.09,1.00
2017.06.20 09:52:28.331,1.41614,1.41626,1.50,1.00
2017.06.20 09:52:28.798,1.41616,1.41628,1.37,1.00
2017.06.20 09:52:28.900,1.41617,1.4163,1.37,1.00
2017.06.20 09:52:29.492,1.41617,1.4163,1.12,1.00
2017.06.20 09:52:30.419,1.41615,1.41629,1.87,1.26
2017.06.20 09:52:30.573,1.41609,1.41622,1.75,1.00
2017.06.20 09:52:30.625,1.41607,1.41619,1.12,1.00
2017.06.20 09:52:30.677,1.41605,1.41617,1.75,1.00
2017.06.20 09:52:30.782,1.41604,1.41616,1.12,1.00
2017.06.20 09:52:30.834,1.41604,1.41618,1.12,1.00
2017.06.20 09:52:30.937,1.41604,1.41614,1.12,1.00
2017.06.20 09:52:31.177,1.41604,1.41614,1.12,1.00
2017.06.20 09:52:33.231,1.41604,1.41617,1.00,1.00
2017.06.20 09:52:34.143,1.41604,1.41612,1.00,1.00
2017.06.20 09:52:34.357,1.41598,1.41611,1.37,1.00
2017.06.20 09:52:35.084,1.41598,1.41608,1.37,1.00
2017.06.20 09:52:35.187,1.41598,1.41611,1.37,1.00
2017.06.20 09:52:35.290,1.41595,1.41611,3.07,1.00
2017.06.20 09:52:35.877,1.41597,1.41611,1.00,1.00
2017.06.20 09:52:36.187,1.41601,1.41612,1.00,1.12
2017.06.20 09:52:36.238,1.41601,1.41614,1.00,1.12
2017.06.20 09:52:36.773,1.41599,1.41613,2.62,1.00
2017.06.20 09:52:36.948,1.41598,1.41611,1.50,1.00
2017.06.20 09:52:37.102,1.41595,1.41609,3.37,1.00
2017.06.20 09:52:37.613,1.41595,1.41608,1.37,1.00
2017.06.20 09:52:38.173,1.41597,1.41608,1.00,1.00
2017.06.20 09:52:38.781,1.41595,1.41608,1.50,1.00
2017.06.20 09:52:40.230,1.41598,1.41612,1.50,1.10
2017.06.20 09:52:40.831,1.41599,1.41613,1.00,1.00
2017.06.20 09:52:41.445,1.41598,1.41612,1.00,1.00
2017.06.20 09:52:41.674,1.41596,1.41612,1.00,1.00
2017.06.20 09:52:42.201,1.41596,1.4161,1.50,1.00
2017.06.20 09:52:42.737,1.41596,1.41609,1.00,1.00
2017.06.20 09:52:43.251,1.41598,1.41613,1.00,1.50
2017.06.20 09:52:43.355,1.41598,1.41612,1.31,1.00
2017.06.20 09:52:43.871,1.41599,1.41613,1.00,1.00
2017.06.20 09:52:44.384,1.41599,1.41612,1.12,1.00
2017.06.20 09:52:44.926,1.41599,1.41611,1.50,1.00
2017.06.20 09:52:45.438,1.416,1.41613,1.00,1.00
2017.06.20 09:52:45.490,1.41599,1.41611,1.87,1.00
2017.06.20 09:52:45.840,1.41599,1.41611,1.12,1.00
2017.06.20 09:52:46.048,1.41599,1.41614,2.00,1.00
2017.06.20 09:52:46.201,1.41603,1.41616,1.56,1.00
2017.06.20 09:52:46.304,1.41605,1.41619,2.81,1.00
2017.06.20 09:52:46.611,1.41606,1.41615,1.12,1.00
2017.06.20 09:52:46.864,1.41599,1.41612,1.31,1.00
2017.06.20 09:52:47.377,1.41598,1.41612,2.44,1.00
2017.06.20 09:52:47.890,1.41598,1.41611,2.17,1.00
2017.06.20 09:52:48.426,1.41598,1.41611,2.55,1.00
2017.06.20 09:52:48.939,1.41597,1.41608,1.37,1.00
2017.06.20 09:52:49.042,1.41595,1.41606,1.50,1.00
2017.06.20 09:52:49.925,1.41595,1.41607,1.19,1.00
2017.06.20 09:52:50.437,1.41594,1.41608,3.19,1.00
2017.06.20 09:52:50.751,1.41595,1.41606,1.75,1.00
2017.06.20 09:52:51.211,1.41597,1.41609,1.50,1.00
2017.06.20 09:52:51.466,1.41599,1.41615,1.50,1.07
2017.06.20 09:52:52.114,1.41599,1.41615,1.37,1.20
2017.06.20 09:52:52.165,1.41599,1.41615,1.37,1.47
2017.06.20 09:52:52.514,1.41595,1.41608,3.94,1.00
2017.06.20 09:52:54.853,1.41603,1.41615,1.00,1.20
2017.06.20 09:52:55.830,1.41603,1.41615,1.00,1.37
2017.06.20 09:52:56.511,1.41603,1.41614,1.00,1.47
2017.06.20 09:52:57.083,1.41602,1.41614,1.00,1.47
2017.06.20 09:52:57.287,1.416,1.41614,1.00,1.95
2017.06.20 09:52:57.492,1.41601,1.41613,1.00,1.45
2017.06.20 09:52:59.634,1.41601,1.41613,1.00,1.37
2017.06.20 09:52:59.789,1.41599,1.41614,1.12,1.39
2017.06.20 09:52:59.892,1.41598,1.41612,1.00,1.20
2017.06.20 09:53:00.046,1.41596,1.4161,1.12,1.12
2017.06.20 09:53:00.098,1.41598,1.4161,1.00,1.00
2017.06.20 09:53:00.403,1.41602,1.41616,1.00,1.75
2017.06.20 09:53:00.914,1.41603,1.41617,1.00,1.87
2017.06.20 09:53:01.609,1.41607,1.41614,1.00,1.00
2017.06.20 09:53:01.814,1.41607,1.41619,1.00,1.87
2017.06.20 09:53:02.121,1.41604,1.41618,1.00,2.62
2017.06.20 09:53:02.795,1.41603,1.41615,1.00,1.37
2017.06.20 09:53:03.886,1.41601,1.41615,1.00,1.50
2017.06.20 09:53:05.125,1.41602,1.41614,1.00,1.00
2017.06.20 09:53:05.693,1.41602,1.41615,1.00,1.85
2017.06.20 09:53:07.220,1.41602,1.41614,1.00,1.00
2017.06.20 09:53:07.424,1.41604,1.41614,1.00,1.00
2017.06.20 09:53:07.476,1.41602,1.41614,1.00,1.00
2017.06.20 09:53:07.527,1.416,1.41614,1.00,1.00
2017.06.20 09:53:07.579,1.41598,1.41611,1.12,1.57
2017.06.20 09:53:08.094,1.41597,1.41608,1.00,1.37
2017.06.20 09:53:08.863,1.41598,1.41609,1.00,1.12
2017.06.20 09:53:09.017,1.416,1.41613,1.00,2.62
2017.06.20 09:53:09.531,1.41601,1.41615,1.00,3.75
2017.06.20 09:53:10.046,1.41601,1.41614,1.00,1.12
2017.06.20 09:53:11.033,1.41601,1.41614,1.00,1.37
2017.06.20 09:53:12.227,1.41602,1.41614,1.00,1.50
2017.06.20 09:53:16.774,1.41601,1.41614,1.00,1.00
2017.06.20 09:53:16.879,1.41601,1.41614,1.00,2.25
2017.06.20 09:53:17.199,1.41599,1.41611,1.00,1.50
2017.06.20 09:53:18.173,1.416,1.41611,1.00,1.37
2017.06.20 09:53:18.715,1.41601,1.41613,1.00,1.12
2017.06.20 09:53:19.029,1.41601,1.41613,1.00,1.00
2017.06.20 09:53:21.447,1.41601,1.41614,1.00,1.12
2017.06.20 09:53:21.602,1.416,1.41612,1.00,1.87
2017.06.20 09:53:21.705,1.41598,1.41612,1.00,1.87
2017.06.20 09:53:22.193,1.416,1.41612,1.00,1.87
2017.06.20 09:53:22.733,1.41599,1.41612,1.00,1.87
2017.06.20 09:53:23.193,1.41597,1.41612,1.00,2.62
2017.06.20 09:53:24.282,1.41598,1.41611,1.25,1.00
2017.06.20 09:53:24.334,1.41602,1.41611,1.00,1.00
2017.06.20 09:53:24.487,1.41605,1.41619,1.00,3.00
2017.06.20 09:53:24.641,1.41605,1.41619,1.25,2.25
2017.06.20 09:53:25.739,1.41605,1.41619,1.25,2.25
2017.06.20 09:53:25.842,1.41608,1.4162,1.00,1.12
2017.06.20 09:53:25.998,1.41611,1.41626,1.19,1.87
2017.06.20 09:53:26.149,1.41612,1.41626,1.00,1.12
2017.06.20 09:53:27.012,1.41612,1.41627,1.50,1.00
2017.06.20 09:53:29.879,1.41611,1.41626,1.00,1.00
2017.06.20 09:53:29.930,1.41609,1.41625,1.37,1.12
2017.06.20 09:53:29.982,1.41606,1.41622,1.87,1.00
2017.06.20 09:53:30.347,1.41606,1.41622,1.12,1.37
2017.06.20 09:53:30.656,1.4161,1.41625,1.00,2.25
2017.06.20 09:53:31.589,1.41608,1.41625,1.12,1.37
2017.06.20 09:53:32.343,1.41608,1.41622,1.12,1.00
2017.06.20 09:53:32.894,1.41608,1.41622,1.00,1.37
2017.06.20 09:53:33.378,1.41606,1.41622,1.50,1.57
2017.06.20 09:53:33.916,1.41605,1.41622,1.87,1.47
2017.06.20 09:53:34.427,1.41605,1.41622,1.50,2.32
2017.06.20 09:53:37.025,1.41605,1.41621,1.00,1.82
2017.06.20 09:53:38.539,1.41604,1.41621,1.12,2.32
2017.06.20 09:53:41.756,1.41603,1.41617,1.50,1.00
2017.06.20 09:53:42.658,1.41603,1.41618,3.75,1.00
2017.06.20 09:53:42.984,1.41606,1.41619,1.37,1.00
2017.06.20 09:53:45.139,1.41608,1.41623,1.00,1.20
2017.06.20 09:53:45.650,1.41609,1.41624,1.00,1.00
2017.06.20 09:53:46.193,1.41608,1.41623,1.50,1.00
2017.06.20 09:53:49.400,1.41608,1.41622,1.12,1.00
2017.06.20 09:53:49.452,1.41607,1.4162,1.50,1.00
2017.06.20 09:53:49.656,1.41604,1.41617,1.00,1.00
2017.06.20 09:53:52.157,1.41602,1.41617,1.50,1.00
2017.06.20 09:53:52.785,1.41602,1.41617,1.12,1.00
2017.06.20 09:53:52.837,1.41601,1.41615,2.25,1.00
2017.06.20 09:53:53.147,1.41598,1.41611,1.37,1.00
2017.06.20 09:53:53.250,1.41598,1.41613,1.37,1.00
2017.06.20 09:53:53.962,1.41605,1.41615,1.00,1.12
2017.06.20 09:53:56.684,1.41605,1.41617,1.00,1.95
2017.06.20 09:53:56.942,1.41607,1.41621,1.00,1.95
2017.06.20 09:53:57.045,1.41607,1.4162,1.00,1.20
2017.06.20 09:54:05.310,1.41608,1.41621,1.00,2.00
2017.06.20 09:54:05.413,1.4161,1.41621,1.00,1.31
2017.06.20 09:54:05.517,1.41606,1.4162,1.00,2.14
2017.06.20 09:54:05.723,1.41608,1.4162,1.00,2.06
2017.06.20 09:54:06.126,1.4161,1.41622,1.00,2.14
2017.06.20 09:54:06.267,1.4161,1.41622,1.00,1.69
2017.06.20 09:54:06.320,1.41612,1.41625,1.00,2.70
2017.06.20 09:54:06.838,1.41611,1.41624,1.00,1.70
2017.06.20 09:54:07.526,1.41613,1.41623,1.00,1.00
2017.06.20 09:54:08.037,1.41612,1.41625,1.00,2.14
2017.06.20 09:54:08.581,1.41613,1.41625,1.00,2.14
2017.06.20 09:54:09.123,1.41613,1.41624,1.00,1.00
2017.06.20 09:54:11.914,1.41613,1.41625,1.00,1.57
2017.06.20 09:54:13.298,1.41614,1.41625,1.00,1.12
2017.06.20 09:54:13.440,1.41615,1.41627,1.00,1.00
2017.06.20 09:54:14.149,1.41614,1.41629,1.00,1.39
2017.06.20 09:54:14.692,1.41614,1.41629,1.00,1.20
2017.06.20 09:54:15.613,1.41613,1.41628,1.00,1.57
2017.06.20 09:54:16.511,1.41611,1.41628,1.50,1.50
2017.06.20 09:54:16.665,1.41611,1.41626,1.12,1.37
2017.06.20 09:54:16.823,1.41608,1.41624,1.37,1.12
2017.06.20 09:54:17.339,1.41608,1.41623,1.37,1.00
2017.06.20 09:54:17.860,1.41607,1.41624,1.87,1.95
2017.06.20 09:54:19.962,1.41607,1.41623,1.50,1.12
2017.06.20 09:54:20.573,1.41608,1.41625,1.50,1.95
2017.06.20 09:54:20.624,1.41611,1.41625,1.00,1.47
2017.06.20 09:54:21.125,1.41611,1.41626,1.12,1.95
2017.06.20 09:54:21.647,1.4161,1.41625,1.37,1.57
2017.06.20 09:54:22.157,1.4161,1.41625,1.00,1.37
2017.06.20 09:54:22.681,1.4161,1.41625,1.00,1.12
2017.06.20 09:54:23.029,1.41607,1.41619,1.00,1.00
2017.06.20 09:54:23.132,1.41608,1.41622,1.00,1.37
2017.06.20 09:54:23.440,1.41609,1.41624,1.00,1.87
2017.06.20 09:54:23.594,1.4161,1.41625,1.12,1.87
2017.06.20 09:54:24.483,1.4161,1.41625,1.12,1.87
2017.06.20 09:54:25.136,1.41611,1.41626,1.19,1.50
2017.06.20 09:54:25.188,1.41612,1.41626,1.31,1.00
2017.06.20 09:54:25.715,1.41614,1.41629,1.12,1.57
2017.06.20 09:54:27.315,1.41614,1.41629,1.00,1.82
2017.06.20 09:54:28.298,1.41614,1.41629,1.00,1.76
2017.06.20 09:54:28.835,1.41614,1.41629,1.37,1.57
2017.06.20 09:54:29.584,1.41614,1.41629,1.37,1.20
2017.06.20 09:54:30.827,1.41615,1.4163,1.12,1.95
2017.06.20 09:54:31.395,1.41613,1.41624,1.37,1.00
2017.06.20 09:54:31.702,1.4161,1.4162,1.62,1.00
2017.06.20 09:54:31.754,1.4161,1.4162,1.31,1.00
2017.06.20 09:54:32.619,1.41608,1.4162,1.50,1.00
2017.06.20 09:54:34.734,1.41608,1.4162,1.12,1.00
2017.06.20 09:54:35.165,1.41608,1.41622,1.31,1.00
2017.06.20 09:54:35.542,1.41609,1.41624,1.00,1.00
2017.06.20 09:54:37.080,1.41609,1.41626,1.50,1.00
2017.06.20 09:54:37.234,1.4161,1.41627,1.50,2.62
2017.06.20 09:54:37.768,1.41612,1.41627,1.00,3.00
2017.06.20 09:54:39.476,1.41612,1.41627,1.00,2.62
2017.06.20 09:54:40.429,1.41613,1.41627,1.00,1.87
2017.06.20 09:54:40.740,1.41618,1.41635,1.50,1.57
2017.06.20 09:54:41.290,1.41621,1.41636,1.12,1.50
2017.06.20 09:54:42.323,1.41621,1.41638,1.50,1.87
2017.06.20 09:54:42.839,1.41622,1.41638,1.00,1.00
2017.06.20 09:54:43.663,1.41622,1.41639,1.87,2.25
2017.06.20 09:54:47.995,1.41621,1.41638,1.87,1.50
2017.06.20 09:54:48.955,1.41621,1.41632,1.37,1.00
2017.06.20 09:54:49.476,1.41621,1.41633,1.87,1.00
2017.06.20 09:54:49.578,1.41621,1.41635,1.87,1.00
2017.06.20 09:54:50.087,1.41621,1.41636,2.25,1.00
2017.06.20 09:54:50.631,1.41622,1.41637,1.37,1.00
2017.06.20 09:54:50.948,1.41624,1.41639,1.50,1.12
2017.06.20 09:54:51.428,1.41624,1.41635,1.00,1.00
2017.06.20 09:54:51.687,1.41621,1.41635,1.00,1.00
2017.06.20 09:54:56.335,1.4162,1.41633,1.37,1.00
2017.06.20 09:54:56.876,1.4162,1.41633,1.00,1.00
2017.06.20 09:54:57.662,1.4162,1.41634,1.00,1.00
2017.06.20 09:54:58.661,1.41624,1.41639,1.00,2.62
2017.06.20 09:54:58.712,1.41624,1.41638,2.25,1.00
2017.06.20 09:54:58.764,1.41626,1.41638,1.37,1.37
2017.06.20 09:54:58.867,1.41624,1.41637,1.75,1.12
2017.06.20 09:54:58.919,1.41625,1.41637,1.00,1.12
2017.06.20 09:54:59.598,1.41623,1.41636,1.00,1.00
2017.06.20 09:55:00.284,1.41623,1.41638,1.50,1.50
2017.06.20 09:55:00.387,1.41624,1.41639,1.87,1.00
2017.06.20 09:55:00.916,1.41626,1.4164,1.37,1.00
2017.06.20 09:55:01.466,1.41626,1.41642,1.87,1.37
2017.06.20 09:55:01.988,1.41627,1.41642,1.37,1.12
2017.06.20 09:55:02.311,1.41641,1.41654,3.26,1.00
2017.06.20 09:55:02.624,1.41645,1.41656,1.37,1.00
2017.06.20 09:55:03.135,1.41645,1.41657,1.12,1.00
2017.06.20 09:55:03.857,1.41645,1.41657,1.50,1.00
2017.06.20 09:55:04.386,1.41645,1.41657,1.50,1.00
2017.06.20 09:55:05.916,1.41643,1.41654,1.12,1.00
2017.06.20 09:55:06.224,1.41638,1.41649,1.12,1.00
2017.06.20 09:55:06.608,1.41639,1.4165,2.25,1.00
2017.06.20 09:55:07.072,1.41639,1.41656,1.87,1.50
2017.06.20 09:55:07.665,1.41639,1.41651,1.87,1.00
2017.06.20 09:55:09.010,1.41638,1.41651,1.37,1.00
2017.06.20 09:55:09.215,1.41637,1.41651,1.37,1.12
2017.06.20 09:55:10.311,1.41638,1.41653,1.12,1.57
2017.06.20 09:55:11.176,1.41638,1.41653,1.37,1.50
2017.06.20 09:55:12.143,1.41638,1.41653,1.50,1.47
2017.06.20 09:55:14.746,1.41638,1.41653,1.50,1.12
2017.06.20 09:55:15.288,1.41638,1.41652,1.12,1.00
2017.06.20 09:55:15.825,1.41638,1.41653,1.12,1.95
2017.06.20 09:55:16.033,1.41638,1.41653,1.87,1.20
2017.06.20 09:55:16.869,1.41638,1.41653,1.50,1.20
2017.06.20 09:55:17.432,1.41638,1.41653,1.50,1.20
2017.06.20 09:55:18.881,1.41638,1.41653,1.87,1.57
2017.06.20 09:55:20.996,1.41638,1.41653,1.50,1.50
2017.06.20 09:55:21.599,1.41638,1.41653,1.50,1.50
2017.06.20 09:55:22.113,1.41638,1.41653,1.12,1.50
2017.06.20 09:55:24.025,1.41638,1.41653,1.12,1.50
2017.06.20 09:55:25.929,1.41638,1.41654,1.00,1.57
2017.06.20 09:55:26.467,1.41638,1.41654,1.00,1.57
2017.06.20 09:55:26.969,1.41638,1.41654,1.00,1.50
2017.06.20 09:55:27.634,1.41637,1.41654,2.25,1.95
2017.06.20 09:55:29.933,1.41638,1.41654,1.00,1.45
2017.06.20 09:55:31.743,1.41638,1.41654,1.50,1.20
2017.06.20 09:55:32.248,1.41638,1.41654,2.25,1.12
2017.06.20 09:55:32.555,1.41638,1.41654,1.75,1.57
2017.06.20 09:55:32.917,1.41638,1.41652,1.00,1.00
2017.06.20 09:55:33.150,1.41637,1.41652,2.25,1.20
2017.06.20 09:55:33.611,1.41637,1.41653,1.50,1.57
2017.06.20 09:55:33.664,1.41636,1.41653,3.37,1.57
2017.06.20 09:55:34.128,1.4164,1.41653,1.00,1.10
2017.06.20 09:55:34.413,1.4164,1.41653,1.00,1.20
2017.06.20 09:55:35.470,1.4164,1.41652,1.00,1.00
2017.06.20 09:55:35.980,1.4164,1.41652,1.00,1.47
2017.06.20 09:55:36.964,1.4164,1.41652,1.00,1.00
2017.06.20 09:55:37.512,1.41637,1.41653,2.62,1.10
2017.06.20 09:55:41.268,1.4164,1.41652,1.00,1.50
2017.06.20 09:55:41.526,1.41621,1.41638,1.87,1.50
2017.06.20 09:55:41.578,1.41623,1.41638,1.12,1.37
2017.06.20 09:55:42.129,1.41622,1.41637,1.37,1.37
2017.06.20 09:55:42.961,1.41622,1.41637,1.37,1.12
2017.06.20 09:55:44.024,1.41626,1.41639,1.00,3.64
2017.06.20 09:55:44.467,1.41624,1.41639,1.00,4.01
2017.06.20 09:55:44.673,1.41622,1.41637,1.37,1.45
2017.06.20 09:55:45.217,1.41622,1.41637,1.37,1.45
2017.06.20 09:55:45.727,1.41622,1.41638,1.37,1.39
2017.06.20 09:55:45.994,1.41622,1.41637,1.37,1.00
2017.06.20 09:55:46.646,1.41626,1.4164,1.00,2.25
2017.06.20 09:55:46.699,1.41626,1.4164,1.00,1.50
2017.06.20 09:55:46.802,1.41629,1.41644,1.00,3.82
2017.06.20 09:55:47.058,1.41629,1.41644,1.00,2.32
2017.06.20 09:55:49.126,1.4163,1.41645,1.00,2.51
2017.06.20 09:55:50.375,1.4163,1.41645,1.00,2.51
2017.06.20 09:55:50.940,1.41631,1.41646,1.00,1.87
2017.06.20 09:55:51.566,1.41631,1.41644,1.00,1.00
2017.06.20 09:55:52.110,1.41632,1.41644,1.00,1.00
2017.06.20 09:55:52.738,1.41632,1.41646,1.00,1.12
2017.06.20 09:55:53.593,1.41632,1.41645,1.00,1.00
2017.06.20 09:55:54.815,1.41632,1.41646,1.00,1.12
2017.06.20 09:55:56.790,1.41632,1.41646,1.00,1.12
2017.06.20 09:55:57.874,1.41632,1.41646,1.00,1.12
2017.06.20 09:56:00.673,1.41628,1.41644,1.37,1.00
2017.06.20 09:56:01.741,1.41628,1.41644,1.00,1.00
2017.06.20 09:56:05.595,1.41633,1.41646,1.00,1.62
2017.06.20 09:56:05.647,1.41633,1.41647,1.00,1.37
2017.06.20 09:56:05.750,1.41635,1.41649,1.00,1.12
2017.06.20 09:56:05.802,1.41636,1.4165,1.00,1.37
2017.06.20 09:56:06.351,1.41634,1.41648,1.37,1.00
2017.06.20 09:56:06.403,1.41634,1.41648,1.37,1.00
2017.06.20 09:56:07.327,1.41634,1.41649,1.50,1.50
2017.06.20 09:56:12.094,1.41634,1.41649,1.12,1.12
2017.06.20 09:56:12.990,1.41634,1.41649,1.12,1.37
2017.06.20 09:56:14.401,1.41634,1.41649,1.12,1.00
2017.06.20 09:56:15.660,1.41634,1.41649,1.12,1.37
2017.06.20 09:56:16.713,1.41633,1.4165,1.37,4.35
2017.06.20 09:56:19.029,1.41633,1.41649,1.50,1.12
2017.06.20 09:56:19.563,1.41631,1.41648,1.75,2.29
2017.06.20 09:56:19.717,1.41631,1.41646,1.50,2.21
2017.06.20 09:56:20.838,1.41631,1.41646,1.00,1.50
2017.06.20 09:56:21.920,1.41631,1.41646,1.00,1.50
2017.06.20 09:56:22.977,1.41629,1.41646,1.10,1.50
2017.06.20 09:56:23.441,1.41629,1.41644,1.00,2.21
2017.06.20 09:56:23.546,1.41627,1.41644,2.25,2.21
2017.06.20 09:56:24.058,1.41628,1.41643,1.12,1.00
2017.06.20 09:56:24.820,1.41628,1.41645,1.12,2.25
2017.06.20 09:56:25.132,1.4163,1.41645,1.00,2.25
2017.06.20 09:56:25.234,1.41627,1.41645,2.62,2.25
2017.06.20 09:56:26.002,1.4163,1.41645,1.00,2.25
2017.06.20 09:56:26.468,1.41629,1.41645,1.00,2.25
2017.06.20 09:56:26.571,1.41631,1.41645,1.00,2.25
2017.06.20 09:56:26.897,1.41629,1.41645,1.00,2.25
2017.06.20 09:56:27.215,1.41631,1.41645,1.00,2.25
2017.06.20 09:56:27.551,1.41629,1.41645,1.12,2.25
2017.06.20 09:56:28.068,1.41629,1.41644,1.12,1.00
2017.06.20 09:56:28.671,1.41629,1.41645,1.00,2.25
2017.06.20 09:56:28.773,1.41629,1.41645,1.00,2.25
2017.06.20 09:56:29.140,1.41629,1.41645,1.00,2.25
2017.06.20 09:56:29.694,1.41628,1.41645,1.12,2.25
2017.06.20 09:56:30.759,1.41628,1.41645,1.00,2.25
2017.06.20 09:56:31.840,1.41627,1.41645,1.87,2.25
2017.06.20 09:56:33.019,1.41628,1.41645,1.00,2.59
2017.06.20 09:56:34.639,1.41627,1.41645,1.87,2.59
2017.06.20 09:56:35.707,1.41627,1.41645,1.50,2.59
2017.06.20 09:56:42.753,1.41627,1.41645,2.25,2.59
2017.06.20 09:56:43.979,1.41627,1.41645,1.37,2.21
2017.06.20 09:56:44.369,1.41635,1.41646,1.00,2.21
2017.06.20 09:56:45.051,1.41635,1.41646,1.00,2.21
2017.06.20 09:56:49.673,1.41635,1.41647,1.00,1.76
2017.06.20 09:56:50.265,1.41636,1.41648,1.00,2.62
2017.06.20 09:56:50.813,1.41636,1.41648,1.00,2.62
2017.06.20 09:56:51.716,1.41636,1.41648,1.00,2.21
2017.06.20 09:56:52.811,1.41636,1.41648,1.00,2.21
2017.06.20 09:56:55.700,1.41634,1.41647,1.00,1.00
2017.06.20 09:56:55.855,1.41635,1.41648,1.00,1.84
2017.06.20 09:56:56.008,1.41632,1.41645,1.00,2.21
2017.06.20 09:56:56.060,1.41632,1.41643,1.00,1.50
2017.06.20 09:56:56.111,1.41628,1.4164,1.87,1.00
2017.06.20 09:56:56.163,1.41628,1.41639,1.12,2.21
2017.06.20 09:56:56.419,1.41626,1.41638,1.00,2.21
2017.06.20 09:56:57.187,1.41627,1.41637,1.00,1.00
2017.06.20 09:56:57.646,1.41627,1.41639,1.00,2.96
2017.06.20 09:56:57.749,1.41627,1.41638,1.00,1.50
2017.06.20 09:56:58.114,1.41629,1.41639,1.00,2.62
2017.06.20 09:56:58.616,1.41629,1.41639,1.00,2.25
2017.06.20 09:56:59.312,1.41629,1.41639,1.00,2.25
2017.06.20 09:56:59.823,1.41631,1.4164,1.00,1.47
2017.06.20 09:56:59.925,1.41631,1.41643,1.00,2.85
2017.06.20 09:57:00.726,1.41633,1.41643,1.00,2.25
2017.06.20 09:57:01.236,1.41633,1.41643,1.00,1.87
2017.06.20 09:57:02.860,1.41633,1.41643,1.00,1.00
2017.06.20 09:57:04.340,1.41633,1.41643,1.00,1.46
2017.06.20 09:57:04.870,1.41634,1.41643,1.00,1.46
2017.06.20 09:57:06.009,1.41634,1.41643,1.00,1.54
2017.06.20 09:57:06.520,1.41634,1.41643,1.00,1.00
2017.06.20 09:57:07.371,1.41635,1.41643,1.00,1.00
2017.06.20 09:57:08.067,1.41635,1.41644,1.00,1.57
2017.06.20 09:57:08.612,1.41635,1.41644,1.00,1.54
2017.06.20 09:57:09.849,1.41635,1.41644,1.00,1.05
2017.06.20 09:57:10.248,1.41635,1.41645,1.00,1.79
2017.06.20 09:57:10.522,1.41636,1.41646,1.00,3.75
2017.06.20 09:57:10.574,1.41638,1.41646,1.00,1.12
2017.06.20 09:57:11.098,1.41639,1.41648,1.00,1.70
2017.06.20 09:57:11.558,1.41637,1.41649,1.00,2.29
2017.06.20 09:57:21.396,1.41638,1.41646,1.00,1.50
2017.06.20 09:57:24.020,1.41638,1.41647,1.00,2.29
2017.06.20 09:57:30.071,1.41638,1.41647,1.00,2.21
2017.06.20 09:57:30.263,1.4164,1.41651,1.00,3.37
2017.06.20 09:57:30.367,1.41641,1.41651,1.00,1.50
2017.06.20 09:57:30.521,1.41638,1.4165,1.00,1.00
2017.06.20 09:57:30.676,1.41638,1.41648,1.00,1.09
2017.06.20 09:57:31.137,1.41636,1.4165,1.00,2.96
2017.06.20 09:57:31.674,1.41637,1.4165,1.00,1.84
2017.06.20 09:57:32.015,1.41639,1.41651,1.00,1.37
2017.06.20 09:57:32.322,1.41638,1.4165,1.00,3.52
2017.06.20 09:57:32.904,1.41637,1.41648,1.00,1.37
2017.06.20 09:57:33.642,1.4164,1.41648,1.00,1.37
2017.06.20 09:57:33.796,1.41645,1.41653,1.00,1.00
2017.06.20 09:57:34.331,1.41646,1.41658,1.00,2.62
2017.06.20 09:57:34.988,1.41647,1.41658,1.00,1.69
2017.06.20 09:57:35.412,1.41648,1.4166,1.00,1.87
2017.06.20 09:57:35.835,1.41648,1.41659,1.00,4.65
2017.06.20 09:57:36.347,1.41647,1.41658,1.00,2.00
2017.06.20 09:57:36.553,1.41649,1.41659,1.00,2.25
2017.06.20 09:57:36.861,1.41647,1.41659,1.00,2.21
2017.06.20 09:57:37.369,1.41646,1.41658,1.00,2.40
2017.06.20 09:57:38.439,1.41646,1.41658,1.00,2.06
2017.06.20 09:57:40.122,1.41646,1.41658,1.00,1.69
2017.06.20 09:57:41.109,1.41646,1.41658,1.00,1.69
2017.06.20 09:57:41.372,1.41645,1.41656,1.00,3.34
2017.06.20 09:57:41.874,1.41645,1.41655,1.00,1.00
2017.06.20 09:57:43.963,1.41645,1.41657,1.00,1.31
2017.06.20 09:57:45.795,1.41645,1.41657,1.00,1.31
2017.06.20 09:57:46.799,1.41645,1.41654,1.00,1.00
2017.06.20 09:57:48.295,1.41648,1.4166,1.00,1.12
2017.06.20 09:57:48.450,1.41646,1.41659,1.00,1.00
2017.06.20 09:57:48.604,1.41646,1.41659,1.00,1.37
2017.06.20 09:57:49.380,1.41646,1.4166,1.00,1.31
2017.06.20 09:57:49.897,1.41647,1.41661,1.00,2.44
2017.06.20 09:57:50.419,1.41646,1.41659,1.00,1.12
2017.06.20 09:57:55.540,1.41648,1.41659,1.00,1.12
2017.06.20 09:57:55.879,1.41649,1.41662,1.75,1.00
2017.06.20 09:57:55.931,1.41649,1.41663,1.00,1.84
2017.06.20 09:57:55.982,1.41651,1.41663,1.00,1.75
2017.06.20 09:57:56.087,1.41649,1.41661,1.00,1.87
2017.06.20 09:57:56.599,1.41649,1.41661,1.00,2.25
2017.06.20 09:57:56.754,1.41651,1.41663,1.00,1.20
2017.06.20 09:57:57.175,1.41649,1.41661,1.00,1.87
2017.06.20 09:57:57.736,1.4165,1.41661,1.00,1.87
2017.06.20 09:57:57.891,1.4165,1.41663,1.00,1.00
2017.06.20 09:57:57.943,1.41653,1.41663,1.00,1.00
2017.06.20 09:57:58.046,1.41649,1.41661,1.12,1.00
2017.06.20 09:57:58.098,1.4165,1.41665,1.00,3.26
2017.06.20 09:57:58.608,1.41651,1.41664,1.00,2.06
2017.06.20 09:58:00.361,1.4165,1.41663,1.00,1.46
2017.06.20 09:58:00.821,1.41652,1.41664,1.00,2.25
2017.06.20 09:58:00.873,1.4165,1.41664,1.00,1.71
2017.06.20 09:58:00.925,1.4165,1.41663,1.00,1.09
2017.06.20 09:58:01.440,1.41651,1.41665,1.00,4.65
2017.06.20 09:58:02.563,1.41651,1.41664,1.00,1.62
2017.06.20 09:58:02.666,1.4165,1.41664,1.00,1.25
2017.06.20 09:58:03.180,1.4165,1.41664,1.00,1.39
2017.06.20 09:58:03.996,1.4165,1.41664,1.00,2.06
2017.06.20 09:58:04.153,1.4165,1.41664,1.00,2.06
2017.06.20 09:58:04.205,1.4165,1.41664,1.00,2.06
2017.06.20 09:58:06.227,1.4165,1.41664,1.00,2.44
2017.06.20 09:58:06.618,1.41653,1.41664,1.00,2.77
2017.06.20 09:58:07.101,1.41651,1.41663,1.00,1.00
2017.06.20 09:58:07.204,1.41649,1.41663,1.00,1.00
2017.06.20 09:58:07.255,1.41651,1.41664,1.00,2.25
2017.06.20 09:58:07.358,1.41651,1.41665,1.00,1.50
2017.06.20 09:58:07.725,1.41649,1.41665,1.10,1.37
2017.06.20 09:58:07.879,1.41649,1.41664,1.10,2.40
2017.06.20 09:58:07.982,1.41647,1.41662,1.12,1.87
2017.06.20 09:58:08.905,1.41647,1.41662,1.20,2.25
2017.06.20 09:58:09.058,1.41647,1.41662,1.20,2.25
2017.06.20 09:58:09.217,1.41647,1.41662,1.20,2.25
2017.06.20 09:58:10.041,1.41648,1.41662,1.00,1.75
2017.06.20 09:58:10.555,1.41647,1.41662,1.00,2.25
2017.06.20 09:58:11.582,1.41643,1.41658,1.95,1.12
2017.06.20 09:58:11.634,1.41643,1.41657,1.50,1.00
2017.06.20 09:58:11.738,1.41642,1.41657,1.57,2.25
2017.06.20 09:58:11.790,1.41642,1.41657,1.20,2.62
2017.06.20 09:58:12.046,1.41643,1.41657,1.00,1.87
2017.06.20 09:58:12.448,1.41645,1.41657,1.07,1.37
2017.06.20 09:58:12.500,1.41644,1.41659,1.57,1.50
2017.06.20 09:58:13.012,1.41645,1.41659,1.07,1.12
2017.06.20 09:58:14.353,1.41648,1.4166,1.00,1.12
2017.06.20 09:58:14.507,1.41648,1.41663,1.20,1.50
2017.06.20 09:58:14.845,1.41652,1.41664,1.00,4.50
2017.06.20 09:58:14.999,1.41651,1.41667,1.57,1.37
2017.06.20 09:58:15.052,1.41655,1.41668,1.47,1.12
2017.06.20 09:58:15.156,1.41656,1.4167,1.87,1.37
2017.06.20 09:58:15.415,1.41655,1.4167,1.37,2.62
2017.06.20 09:58:16.472,1.41655,1.41671,1.57,1.87
2017.06.20 09:58:16.935,1.41656,1.41671,1.45,1.87
2017.06.20 09:58:17.949,1.41657,1.41671,1.47,1.50
2017.06.20 09:58:20.288,1.41659,1.41674,1.50,1.75
2017.06.20 09:58:20.391,1.41659,1.41674,1.50,1.00
2017.06.20 09:58:20.443,1.4166,1.41674,1.37,1.00
2017.06.20 09:58:21.510,1.41659,1.41674,2.32,1.00
2017.06.20 09:58:22.381,1.41659,1.4167,1.95,1.00
2017.06.20 09:58:22.924,1.4166,1.4167,1.47,1.00
2017.06.20 09:58:24.370,1.41658,1.4167,1.95,1.00
2017.06.20 09:58:25.805,1.41656,1.4167,2.70,1.00
2017.06.20 09:58:26.494,1.41656,1.4167,2.70,1.00
2017.06.20 09:58:26.545,1.41658,1.4167,1.45,1.00
2017.06.20 09:58:27.526,1.41659,1.41675,3.79,1.50
2017.06.20 09:58:27.629,1.41664,1.41677,1.47,1.50
2017.06.20 09:58:27.732,1.41664,1.41678,1.95,1.00
2017.06.20 09:58:27.943,1.41667,1.41682,1.00,2.00
2017.06.20 09:58:28.523,1.41669,1.41683,1.00,2.81
2017.06.20 09:58:29.115,1.41668,1.41683,1.12,2.81
2017.06.20 09:58:29.438,1.41672,1.41685,1.00,1.37
2017.06.20 09:58:29.850,1.41672,1.41683,1.12,1.37
2017.06.20 09:58:30.399,1.41671,1.41683,1.00,1.84
2017.06.20 09:58:32.287,1.41671,1.41681,1.12,1.00
2017.06.20 09:58:33.966,1.41671,1.41684,1.37,1.12
2017.06.20 09:58:34.073,1.41673,1.41686,1.12,1.75
2017.06.20 09:58:34.280,1.41673,1.41686,1.12,1.00
2017.06.20 09:58:34.822,1.41673,1.41686,1.37,1.12
2017.06.20 09:58:35.541,1.41674,1.41687,1.37,1.50
2017.06.20 09:58:36.061,1.41675,1.41689,1.57,1.00
2017.06.20 09:58:36.708,1.41675,1.41689,2.32,1.00
2017.06.20 09:58:39.123,1.41677,1.4169,1.12,1.00
2017.06.20 09:58:39.788,1.41677,1.4169,1.37,1.00
2017.06.20 09:58:40.153,1.41676,1.41688,1.37,1.00
2017.06.20 09:58:40.867,1.41675,1.41688,1.37,1.00
2017.06.20 09:58:41.178,1.41679,1.41691,1.37,1.12
2017.06.20 09:58:42.752,1.41682,1.41693,1.37,1.87
2017.06.20 09:58:43.969,1.41681,1.41693,1.37,1.12
2017.06.20 09:58:47.545,1.41678,1.41693,1.75,1.12
2017.06.20 09:58:48.056,1.41682,1.41696,1.37,1.37
2017.06.20 09:58:48.618,1.41681,1.41696,2.00,1.12
2017.06.20 09:58:49.130,1.41681,1.41696,1.50,1.12
2017.06.20 09:58:50.279,1.4168,1.41694,1.37,1.00
2017.06.20 09:58:50.791,1.4168,1.41695,1.50,1.12
2017.06.20 09:58:51.251,1.4168,1.41694,1.50,1.00
2017.06.20 09:58:52.240,1.4168,1.41695,1.57,1.87
2017.06.20 09:58:52.742,1.4168,1.41695,1.57,1.50
2017.06.20 09:58:53.365,1.4168,1.41695,1.57,1.87
2017.06.20 09:58:55.096,1.41683,1.41696,1.00,1.12
2017.06.20 09:58:55.323,1.41681,1.41696,1.47,1.00
2017.06.20 09:58:55.871,1.41681,1.41696,1.57,1.37
2017.06.20 09:58:57.050,1.41681,1.41696,1.20,1.50
2017.06.20 09:58:59.819,1.4168,1.41696,1.57,1.87
2017.06.20 09:59:00.654,1.41683,1.41697,1.00,1.12
2017.06.20 09:59:00.911,1.41687,1.41699,1.00,2.62
2017.06.20 09:59:00.963,1.41684,1.41699,1.00,2.62
2017.06.20 09:59:01.482,1.41685,1.41699,1.00,2.62
2017.06.20 09:59:02.982,1.41683,1.41699,1.57,2.62
2017.06.20 09:59:03.489,1.41683,1.41699,1.57,3.00
2017.06.20 09:59:03.695,1.4168,1.41696,1.57,1.00
2017.06.20 09:59:03.749,1.41678,1.41693,1.57,1.34
2017.06.20 09:59:03.896,1.41677,1.41688,1.00,1.09
2017.06.20 09:59:03.965,1.41673,1.41687,1.20,1.09
2017.06.20 09:59:04.017,1.41673,1.41687,1.12,1.46
2017.06.20 09:59:04.120,1.41672,1.41686,1.37,1.00
2017.06.20 09:59:04.171,1.41671,1.41685,1.57,1.00
2017.06.20 09:59:04.223,1.41669,1.41682,1.39,1.00
2017.06.20 09:59:04.531,1.41668,1.4168,1.95,1.00
2017.06.20 09:59:04.824,1.41668,1.4168,1.20,1.00
2017.06.20 09:59:05.346,1.41668,1.41681,1.20,1.00
2017.06.20 09:59:06.007,1.41668,1.41681,1.07,1.00
2017.06.20 09:59:08.040,1.41668,1.41681,1.10,1.00
2017.06.20 09:59:08.142,1.41668,1.41681,1.20,1.00
2017.06.20 09:59:08.653,1.41668,1.41681,1.57,1.00
2017.06.20 09:59:08.706,1.41666,1.41679,1.45,1.00
2017.06.20 09:59:08.809,1.41665,1.41677,1.20,1.00
2017.06.20 09:59:08.912,1.41662,1.41675,2.32,1.00
2017.06.20 09:59:09.320,1.41662,1.41675,1.57,1.00
2017.06.20 09:59:10.036,1.41661,1.41675,2.14,1.00
2017.06.20 09:59:10.365,1.41661,1.41672,1.62,1.00
2017.06.20 09:59:10.571,1.41661,1.41674,1.31,1.00
2017.06.20 09:59:11.084,1.41661,1.41673,1.39,1.00
2017.06.20 09:59:11.136,1.41661,1.4167,1.00,1.00
2017.06.20 09:59:11.416,1.41653,1.41665,1.01,1.00
2017.06.20 09:59:12.035,1.41651,1.41661,2.32,1.00
2017.06.20 09:59:12.138,1.41649,1.41661,2.70,1.00
2017.06.20 09:59:12.242,1.41649,1.41657,1.37,1.00
2017.06.20 09:59:12.293,1.41646,1.41657,1.95,1.00
2017.06.20 09:59:12.345,1.41646,1.41656,1.00,1.00
2017.06.20 09:59:12.397,1.41646,1.41654,1.00,1.00
2017.06.20 09:59:12.685,1.41644,1.41654,1.00,1.00
2017.06.20 09:59:13.227,1.41644,1.41655,1.00,1.00
2017.06.20 09:59:13.772,1.41643,1.41655,1.20,1.00
2017.06.20 09:59:14.772,1.41644,1.41655,1.01,1.00
2017.06.20 09:59:15.698,1.41645,1.41658,1.20,1.12
2017.06.20 09:59:16.230,1.41646,1.41659,1.20,1.00
2017.06.20 09:59:16.779,1.41649,1.41658,1.00,1.00
2017.06.20 09:59:17.592,1.41646,1.41658,1.37,1.00
2017.06.20 09:59:18.667,1.41648,1.41658,1.00,1.00
2017.06.20 09:59:19.025,1.41648,1.4166,1.69,1.00
2017.06.20 09:59:19.447,1.41649,1.4166,1.01,1.00
2017.06.20 09:59:19.652,1.41648,1.41659,1.56,1.00
2017.06.20 09:59:20.161,1.41648,1.41659,1.12,1.00
2017.06.20 09:59:20.955,1.41649,1.41659,1.00,1.00
2017.06.20 09:59:22.274,1.41644,1.41654,1.12,1.00
2017.06.20 09:59:22.327,1.41642,1.41652,1.37,1.00
2017.06.20 09:59:22.430,1.41639,1.41648,1.00,1.09
2017.06.20 09:59:22.585,1.41635,1.41648,1.19,1.12
2017.06.20 09:59:22.636,1.41635,1.41646,1.19,1.00
2017.06.20 09:59:23.139,1.41635,1.41647,1.45,1.00
2017.06.20 09:59:23.345,1.41636,1.4165,1.82,1.00
2017.06.20 09:59:23.989,1.41636,1.4165,1.85,1.00
2017.06.20 09:59:26.306,1.41641,1.41654,1.00,3.00
2017.06.20 09:59:28.763,1.41643,1.41654,1.00,1.12
2017.06.20 09:59:28.866,1.41643,1.41657,1.00,1.37
2017.06.20 09:59:28.917,1.41645,1.41657,1.00,1.37
2017.06.20 09:59:29.173,1.41643,1.41657,1.00,1.37
2017.06.20 09:59:29.745,1.41642,1.41655,1.12,1.37
2017.06.20 09:59:30.260,1.41642,1.41656,1.00,1.50
2017.06.20 09:59:31.637,1.41643,1.41656,1.00,1.37
2017.06.20 09:59:32.147,1.41643,1.41657,1.00,1.62
2017.06.20 09:59:32.199,1.41641,1.41656,1.12,1.65
2017.06.20 09:59:32.251,1.41641,1.41654,1.00,1.09
2017.06.20 09:59:32.302,1.41639,1.41653,1.00,1.19
2017.06.20 09:59:32.460,1.4164,1.41653,1.00,1.94
2017.06.20 09:59:32.512,1.41638,1.41652,1.12,1.31
2017.06.20 09:59:34.637,1.4164,1.41652,1.00,1.12
2017.06.20 09:59:34.792,1.41641,1.41654,1.12,1.12
2017.06.20 09:59:35.305,1.41642,1.41655,1.00,1.31
2017.06.20 09:59:35.726,1.4164,1.41655,1.00,2.06
2017.06.20 09:59:36.808,1.4164,1.41655,1.37,1.69
2017.06.20 09:59:37.350,1.4164,1.41655,1.12,1.50
2017.06.20 09:59:37.403,1.41641,1.41656,1.76,2.44
2017.06.20 09:59:37.714,1.4165,1.41662,1.75,1.00
2017.06.20 09:59:37.765,1.41649,1.41661,1.95,1.00
2017.06.20 09:59:37.920,1.41649,1.41659,1.00,1.00
2017.06.20 09:59:38.438,1.41649,1.4166,1.00,1.00
2017.06.20 09:59:38.750,1.41649,1.4166,1.47,1.00
2017.06.20 09:59:39.264,1.41649,1.41661,1.47,1.00
2017.06.20 09:59:39.776,1.41648,1.41661,1.20,1.00
2017.06.20 09:59:40.083,1.41647,1.41657,1.47,1.00
2017.06.20 09:59:40.630,1.41647,1.41657,1.00,1.00
2017.06.20 09:59:41.239,1.41645,1.41658,1.95,1.00
2017.06.20 09:59:41.648,1.41643,1.41658,1.95,1.00
2017.06.20 09:59:41.700,1.41643,1.41656,1.95,1.00
2017.06.20 09:59:42.210,1.41643,1.41656,1.37,1.00
2017.06.20 09:59:42.262,1.41642,1.41655,1.62,1.00
2017.06.20 09:59:42.701,1.41642,1.41655,1.62,1.00
2017.06.20 09:59:43.204,1.41643,1.41656,1.39,1.00
2017.06.20 09:59:45.131,1.41642,1.41656,2.07,1.00
2017.06.20 09:59:48.388,1.41643,1.41657,1.45,1.00
2017.06.20 09:59:48.898,1.41644,1.41658,1.10,1.00
2017.06.20 09:59:49.103,1.41643,1.41658,2.07,1.00
2017.06.20 09:59:50.260,1.41645,1.41658,1.12,1.00
2017.06.20 09:59:50.721,1.41646,1.41658,1.50,1.00
2017.06.20 09:59:52.074,1.41645,1.41658,1.12,1.00
2017.06.20 09:59:52.178,1.41645,1.41658,1.12,1.00
2017.06.20 09:59:53.554,1.41644,1.41656,1.37,1.00
2017.06.20 09:59:53.860,1.41645,1.41656,1.47,1.00
2017.06.20 09:59:53.964,1.41644,1.41656,1.95,1.00
2017.06.20 09:59:54.513,1.41645,1.41656,1.00,1.00
2017.06.20 09:59:54.617,1.41645,1.41656,1.37,1.00
2017.06.20 09:59:54.920,1.41645,1.41656,1.20,1.00
2017.06.20 09:59:55.856,1.41645,1.41656,1.37,1.00
2017.06.20 09:59:56.476,1.41645,1.41656,1.00,1.00
2017.06.20 09:59:57.931,1.41645,1.41656,1.37,1.00
2017.06.20 09:59:58.510,1.41646,1.41657,1.00,1.00
2017.06.20 09:59:58.997,1.41644,1.41657,1.12,1.00
2017.06.20 09:59:59.559,1.41648,1.41657,1.00,1.00
2017.06.20 09:59:59.611,1.41644,1.41658,1.87,1.00
