2014.09.22 04:00:00.417,1.77888,1.77905,2.25,1.19
2014.09.22 04:00:00.872,1.77888,1.77902,1.00,1.00
2014.09.22 04:00:00.974,1.77885,1.77902,1.57,1.25
2014.09.22 04:00:01.328,1.77885,1.77902,1.00,1.26
2014.09.22 04:00:01.531,1.77886,1.77903,1.87,1.01
2014.09.22 04:00:01.733,1.77883,1.779,1.07,1.00
2014.09.22 04:00:02.037,1.77882,1.77897,1.00,1.25
2014.09.22 04:00:02.189,1.7788,1.77897,1.50,1.25
2014.09.22 04:00:03.328,1.7788,1.77899,2.25,1.50
2014.09.22 04:00:04.064,1.7788,1.77897,2.25,1.50
2014.09.22 04:00:04.368,1.77878,1.77895,2.25,1.00
2014.09.22 04:00:04.691,1.77878,1.77893,1.00,1.00
2014.09.22 04:00:15.033,1.77876,1.77893,1.00,1.00
2014.09.22 04:00:15.395,1.77875,1.7789,1.00,1.00
2014.09.22 04:00:15.915,1.77873,1.7789,2.40,1.25
2014.09.22 04:00:18.920,1.77874,1.7789,1.00,1.69
2014.09.22 04:00:20.924,1.77874,1.7789,1.00,1.69
2014.09.22 04:00:22.027,1.77874,1.7789,1.37,1.25
2014.09.22 04:00:22.129,1.77878,1.77894,1.20,1.00
2014.09.22 04:00:22.332,1.77878,1.77895,1.47,1.50
2014.09.22 04:00:22.434,1.77881,1.77897,1.00,1.00
2014.09.22 04:00:23.040,1.77883,1.77897,1.00,1.00
2014.09.22 04:00:23.379,1.77883,1.77894,1.00,1.00
2014.09.22 04:00:23.582,1.77881,1.77894,1.00,1.00
2014.09.22 04:00:23.734,1.77878,1.77894,2.25,1.25
2014.09.22 04:00:24.643,1.77878,1.77895,1.57,1.69
2014.09.22 04:00:24.896,1.77883,1.77895,1.00,1.69
2014.09.22 04:00:27.590,1.77883,1.77895,1.00,1.69
2014.09.22 04:00:27.897,1.77878,1.77894,2.25,1.01
2014.09.22 04:00:27.948,1.77878,1.77892,2.25,1.00
2014.09.22 04:00:28.512,1.77878,1.77893,1.00,1.10
2014.09.22 04:00:28.816,1.77883,1.77896,1.00,1.00
2014.09.22 04:00:29.079,1.77879,1.77896,1.00,1.00
2014.09.22 04:00:29.180,1.77879,1.77896,1.00,1.76
2014.09.22 04:00:29.690,1.77878,1.77895,1.00,1.19
2014.09.22 04:00:30.196,1.77878,1.77895,1.00,1.69
2014.09.22 04:00:30.857,1.77877,1.77895,1.50,1.69
2014.09.22 04:00:31.405,1.77877,1.77895,1.50,1.69
2014.09.22 04:00:31.734,1.77878,1.77892,1.00,1.00
2014.09.22 04:00:32.348,1.77878,1.77891,1.00,1.00
2014.09.22 04:00:35.285,1.77878,1.77891,1.00,1.69
2014.09.22 04:00:35.336,1.77876,1.77891,1.00,1.69
2014.09.22 04:00:35.488,1.77874,1.77891,1.00,1.76
2014.09.22 04:00:38.266,1.77874,1.77891,1.00,2.51
2014.09.22 04:00:39.301,1.77874,1.77891,1.00,2.51
2014.09.22 04:00:40.893,1.77873,1.77891,1.00,2.51
2014.09.22 04:00:40.995,1.77873,1.77891,1.00,3.26
2014.09.22 04:00:41.551,1.77873,1.77891,1.37,1.84
2014.09.22 04:00:41.703,1.77876,1.77893,1.00,1.01
2014.09.22 04:00:41.754,1.77876,1.77893,1.47,1.25
2014.09.22 04:00:42.800,1.77878,1.77895,1.12,1.10
2014.09.22 04:00:43.880,1.77878,1.77894,1.12,1.00
2014.09.22 04:00:44.607,1.77877,1.77891,1.00,1.19
2014.09.22 04:00:44.860,1.77873,1.77888,1.00,1.19
2014.09.22 04:00:45.214,1.77873,1.77883,1.00,1.00
2014.09.22 04:00:45.265,1.7787,1.77883,1.00,1.00
2014.09.22 04:00:45.417,1.77868,1.77883,1.00,1.00
2014.09.22 04:00:45.947,1.77867,1.77883,1.00,1.50
2014.09.22 04:00:46.305,1.77867,1.77877,1.00,1.00
2014.09.22 04:00:46.407,1.77863,1.77878,1.50,1.36
2014.09.22 04:00:46.609,1.7786,1.77877,1.12,1.01
2014.09.22 04:00:47.078,1.77858,1.77877,2.62,1.01
2014.09.22 04:00:47.180,1.77858,1.77877,2.70,1.39
2014.09.22 04:00:47.485,1.77862,1.77877,1.00,1.01
2014.09.22 04:00:50.456,1.77864,1.77877,1.00,1.25
2014.09.22 04:00:51.394,1.77864,1.77878,1.12,1.25
2014.09.22 04:00:52.851,1.77862,1.77878,1.12,1.25
2014.09.22 04:00:55.041,1.77863,1.77878,1.00,1.25
2014.09.22 04:00:56.208,1.77863,1.77878,1.37,1.25
2014.09.22 04:00:57.628,1.77863,1.77881,1.37,1.29
2014.09.22 04:00:59.823,1.77863,1.77881,1.12,1.19
2014.09.22 04:01:00.026,1.77863,1.77881,1.00,2.14
2014.09.22 04:01:00.528,1.77862,1.7788,1.87,1.01
2014.09.22 04:01:10.254,1.77862,1.77879,1.00,2.21
2014.09.22 04:01:10.305,1.77859,1.77876,1.00,1.66
2014.09.22 04:01:10.457,1.77855,1.77872,1.50,1.19
2014.09.22 04:01:10.822,1.77853,1.77869,1.50,1.50
2014.09.22 04:01:11.075,1.77851,1.7787,1.00,1.01
2014.09.22 04:01:11.176,1.77853,1.77871,1.00,1.29
2014.09.22 04:01:11.581,1.77855,1.77873,1.00,1.31
2014.09.22 04:01:11.884,1.7786,1.77875,1.00,1.64
2014.09.22 04:01:12.036,1.77861,1.77879,1.00,1.00
2014.09.22 04:01:12.087,1.77863,1.77879,1.00,1.00
2014.09.22 04:01:12.239,1.77865,1.77882,1.00,1.00
2014.09.22 04:01:12.678,1.77871,1.77884,1.00,1.00
2014.09.22 04:01:12.729,1.77871,1.77887,1.00,1.00
2014.09.22 04:01:12.780,1.77873,1.77887,1.00,1.00
2014.09.22 04:01:12.831,1.77873,1.7789,1.00,1.25
2014.09.22 04:01:12.984,1.77876,1.7789,1.50,1.00
2014.09.22 04:01:13.035,1.77876,1.77892,1.50,1.00
2014.09.22 04:01:13.869,1.77878,1.77892,1.00,1.00
2014.09.22 04:01:14.584,1.77878,1.77892,1.00,1.19
2014.09.22 04:01:14.787,1.77875,1.77892,1.50,1.29
2014.09.22 04:01:14.889,1.77875,1.77892,1.00,1.29
2014.09.22 04:01:15.193,1.77872,1.77888,1.00,1.29
2014.09.22 04:01:15.294,1.77868,1.77885,1.10,1.25
2014.09.22 04:01:15.345,1.77868,1.77883,1.00,1.07
2014.09.22 04:01:15.649,1.77866,1.77874,1.00,1.00
2014.09.22 04:01:15.801,1.77859,1.77874,1.00,1.00
2014.09.22 04:01:16.307,1.77858,1.77874,1.00,1.19
2014.09.22 04:01:17.076,1.77858,1.77874,1.00,1.25
2014.09.22 04:01:17.915,1.77857,1.77874,1.20,1.25
2014.09.22 04:01:18.067,1.77857,1.77874,1.20,1.19
2014.09.22 04:01:18.543,1.77854,1.77873,1.00,1.19
2014.09.22 04:01:18.983,1.77854,1.77873,1.00,1.19
2014.09.22 04:01:19.287,1.77853,1.77871,1.00,2.51
2014.09.22 04:01:19.828,1.77852,1.77868,1.00,1.19
2014.09.22 04:01:21.286,1.77852,1.77868,1.00,1.84
2014.09.22 04:01:21.751,1.77848,1.77868,1.50,1.84
2014.09.22 04:01:22.275,1.77848,1.77868,1.50,1.84
2014.09.22 04:01:23.316,1.77848,1.77868,2.25,1.84
2014.09.22 04:01:25.282,1.77848,1.77868,2.25,1.84
2014.09.22 04:01:31.307,1.77848,1.77868,2.32,1.69
2014.09.22 04:01:31.631,1.77848,1.77868,2.32,1.69
2014.09.22 04:01:33.095,1.77848,1.77868,2.32,1.69
2014.09.22 04:01:35.098,1.77848,1.77868,2.32,1.69
2014.09.22 04:01:36.101,1.77848,1.77868,2.32,1.69
2014.09.22 04:01:37.103,1.77848,1.77868,2.32,1.69
2014.09.22 04:01:38.105,1.77848,1.77868,2.32,1.69
2014.09.22 04:01:39.106,1.77848,1.77868,2.32,1.69
2014.09.22 04:01:42.111,1.77848,1.77868,1.57,1.69
2014.09.22 04:01:42.644,1.77849,1.77868,1.00,1.19
2014.09.22 04:01:43.164,1.77849,1.77868,1.00,1.19
2014.09.22 04:01:44.115,1.77849,1.77868,1.00,1.19
2014.09.22 04:01:44.616,1.77849,1.77868,1.00,1.25
2014.09.22 04:01:46.403,1.77849,1.77866,1.00,1.00
2014.09.22 04:01:46.842,1.77852,1.77862,1.00,1.00
2014.09.22 04:01:47.146,1.77852,1.77862,1.00,2.44
2014.09.22 04:01:47.197,1.77843,1.77854,1.00,1.00
2014.09.22 04:01:47.248,1.77842,1.77854,1.50,1.19
2014.09.22 04:01:47.501,1.77839,1.77853,1.00,1.19
2014.09.22 04:01:51.231,1.77839,1.77852,1.00,1.00
2014.09.22 04:01:52.992,1.77839,1.77854,1.00,1.19
2014.09.22 04:01:56.722,1.77838,1.77855,1.00,1.69
2014.09.22 04:01:58.244,1.77838,1.77854,1.00,1.19
2014.09.22 04:02:03.972,1.77838,1.77854,1.00,1.00
2014.09.22 04:02:04.125,1.77838,1.77856,1.47,1.25
2014.09.22 04:02:04.277,1.77839,1.7786,1.65,1.69
2014.09.22 04:02:05.059,1.77841,1.7786,1.10,1.19
2014.09.22 04:02:09.068,1.77841,1.77861,1.10,1.76
2014.09.22 04:02:13.279,1.77841,1.77861,1.10,1.29
2014.09.22 04:02:14.070,1.77843,1.77861,1.00,1.29
2014.09.22 04:02:17.893,1.77843,1.77861,1.12,1.25
2014.09.22 04:02:17.944,1.77844,1.77863,1.37,1.29
2014.09.22 04:02:18.249,1.77846,1.77865,1.45,1.19
2014.09.22 04:02:18.504,1.77846,1.77865,1.45,1.25
2014.09.22 04:02:19.516,1.77847,1.77865,1.20,1.19
2014.09.22 04:02:23.537,1.77847,1.77865,1.95,1.25
2014.09.22 04:02:24.053,1.77847,1.77865,2.02,1.25
2014.09.22 04:02:26.580,1.77849,1.77871,1.10,1.34
2014.09.22 04:02:28.617,1.77849,1.77871,1.10,1.84
2014.09.22 04:02:29.586,1.77849,1.77871,1.10,1.34
2014.09.22 04:02:31.539,1.77849,1.77871,1.55,1.26
2014.09.22 04:02:31.842,1.77854,1.77874,1.00,1.36
2014.09.22 04:02:32.607,1.77854,1.77875,1.00,2.51
2014.09.22 04:02:34.629,1.77854,1.77874,1.00,1.36
2014.09.22 04:02:36.800,1.77854,1.77873,1.00,1.26
2014.09.22 04:02:44.816,1.77854,1.77872,1.00,1.29
2014.09.22 04:02:45.818,1.77854,1.77874,1.00,1.36
2014.09.22 04:02:46.821,1.77854,1.77874,1.10,1.36
2014.09.22 04:02:49.826,1.77854,1.77873,1.10,1.29
2014.09.22 04:02:51.628,1.77854,1.77874,1.10,1.36
2014.09.22 04:02:54.649,1.77854,1.77873,1.10,1.29
2014.09.22 04:02:55.837,1.77854,1.77875,1.10,1.84
2014.09.22 04:02:56.844,1.77854,1.77872,1.10,1.19
2014.09.22 04:02:57.871,1.77854,1.77873,1.10,1.29
2014.09.22 04:03:01.778,1.77854,1.77876,2.25,1.69
2014.09.22 04:03:01.980,1.77856,1.77878,2.25,1.19
2014.09.22 04:03:02.389,1.77861,1.7788,1.00,1.19
2014.09.22 04:03:02.878,1.77863,1.7788,1.00,1.19
2014.09.22 04:03:03.183,1.77863,1.77881,1.00,1.19
2014.09.22 04:03:03.898,1.77862,1.77881,1.00,1.19
2014.09.22 04:03:04.958,1.77861,1.77881,1.65,1.69
2014.09.22 04:03:05.479,1.77861,1.77879,1.65,1.19
2014.09.22 04:03:06.282,1.77861,1.77879,1.65,1.19
2014.09.22 04:03:08.519,1.77861,1.77877,1.00,1.19
2014.09.22 04:03:08.823,1.77853,1.77868,1.87,1.19
2014.09.22 04:03:09.127,1.77847,1.77863,1.50,1.19
2014.09.22 04:03:09.431,1.77844,1.77857,1.00,1.19
2014.09.22 04:03:09.744,1.77839,1.77857,1.00,1.84
2014.09.22 04:03:09.896,1.77839,1.77855,1.00,1.39
2014.09.22 04:03:11.708,1.77839,1.77852,1.00,1.19
2014.09.22 04:03:11.861,1.77835,1.77852,1.00,1.19
2014.09.22 04:03:11.912,1.77833,1.77852,1.10,1.19
2014.09.22 04:03:12.519,1.77833,1.77852,1.10,1.00
2014.09.22 04:03:13.597,1.77833,1.77852,1.47,1.00
2014.09.22 04:03:19.608,1.77833,1.77852,1.10,1.00
2014.09.22 04:03:24.636,1.77833,1.77852,1.50,1.25
2014.09.22 04:03:27.513,1.77835,1.77855,1.15,1.69
2014.09.22 04:03:30.629,1.77836,1.77854,1.20,1.19
2014.09.22 04:03:31.645,1.77836,1.77855,1.20,1.19
2014.09.22 04:03:32.624,1.77836,1.77854,1.20,1.19
2014.09.22 04:03:33.645,1.77836,1.77853,1.20,1.19
2014.09.22 04:03:37.686,1.77836,1.77854,1.20,1.19
2014.09.22 04:03:38.644,1.77836,1.77854,1.20,1.19
2014.09.22 04:03:39.637,1.77836,1.77854,1.20,1.19
2014.09.22 04:03:40.640,1.77836,1.77853,1.20,1.19
2014.09.22 04:03:43.678,1.77836,1.77854,1.20,1.19
2014.09.22 04:03:43.848,1.77836,1.77855,1.20,1.19
2014.09.22 04:03:44.757,1.77836,1.77854,1.20,1.19
2014.09.22 04:03:45.279,1.77836,1.77854,1.17,1.19
2014.09.22 04:03:46.829,1.77836,1.77854,1.57,1.19
2014.09.22 04:03:46.981,1.77838,1.77856,1.17,1.19
2014.09.22 04:03:47.990,1.77838,1.77854,1.17,1.19
2014.09.22 04:03:49.998,1.77838,1.77853,1.17,1.19
2014.09.22 04:03:54.002,1.77837,1.77852,1.15,1.19
2014.09.22 04:03:55.053,1.77837,1.77852,1.00,1.19
2014.09.22 04:03:55.410,1.77837,1.77855,1.00,1.19
2014.09.22 04:03:58.379,1.77837,1.77854,1.10,1.19
2014.09.22 04:04:01.385,1.77837,1.77853,1.10,1.19
2014.09.22 04:04:04.389,1.77836,1.77852,1.17,1.19
2014.09.22 04:04:05.230,1.77836,1.77853,1.17,1.19
2014.09.22 04:04:06.194,1.77836,1.77855,1.07,1.69
2014.09.22 04:04:16.338,1.77836,1.77853,1.07,1.19
2014.09.22 04:04:17.320,1.77836,1.77854,1.07,1.19
2014.09.22 04:04:19.320,1.77836,1.77855,1.07,1.19
2014.09.22 04:04:20.340,1.77836,1.77855,1.07,1.69
2014.09.22 04:04:21.324,1.77836,1.77855,1.07,1.19
2014.09.22 04:04:22.356,1.77836,1.77855,1.07,1.69
2014.09.22 04:04:25.581,1.77836,1.77855,1.07,1.19
2014.09.22 04:04:27.898,1.77836,1.77855,1.10,1.19
2014.09.22 04:04:28.310,1.77837,1.77855,1.34,1.69
2014.09.22 04:04:28.616,1.77842,1.7786,1.87,1.19
2014.09.22 04:04:28.718,1.77843,1.7786,1.00,1.19
2014.09.22 04:04:29.290,1.77843,1.77858,1.00,1.19
2014.09.22 04:04:29.594,1.77839,1.77856,1.57,1.19
2014.09.22 04:04:29.746,1.77838,1.77854,1.17,1.19
2014.09.22 04:04:32.690,1.77838,1.77855,1.17,1.00
2014.09.22 04:04:32.792,1.77838,1.77855,1.17,1.69
2014.09.22 04:04:35.012,1.77838,1.77855,1.85,1.69
2014.09.22 04:04:35.063,1.77839,1.77855,1.50,1.25
2014.09.22 04:04:35.560,1.77838,1.77855,1.57,1.25
2014.09.22 04:04:37.659,1.77838,1.77855,1.57,1.19
2014.09.22 04:04:38.857,1.77838,1.77855,1.17,1.19
2014.09.22 04:04:40.665,1.77838,1.77855,1.17,1.25
2014.09.22 04:04:42.708,1.77838,1.77855,1.17,1.19
2014.09.22 04:04:45.517,1.77837,1.77854,1.65,1.19
2014.09.22 04:04:45.568,1.77837,1.77854,1.50,1.19
2014.09.22 04:04:45.821,1.77837,1.77853,1.00,1.69
2014.09.22 04:04:46.329,1.77834,1.77853,1.65,1.69
2014.09.22 04:04:46.668,1.77834,1.77853,2.25,1.19
2014.09.22 04:04:51.889,1.77836,1.77853,1.15,1.25
2014.09.22 04:04:53.894,1.77838,1.77853,1.10,1.19
2014.09.22 04:04:54.931,1.77838,1.77854,1.10,1.19
2014.09.22 04:04:57.902,1.77838,1.77854,1.00,1.69
2014.09.22 04:04:58.905,1.77838,1.77854,1.00,1.19
2014.09.22 04:04:59.006,1.77836,1.77854,1.00,1.19
2014.09.22 04:04:59.951,1.77834,1.77851,1.10,1.19
2014.09.22 04:05:00.254,1.7783,1.77837,1.00,1.00
2014.09.22 04:05:00.305,1.77827,1.77837,1.50,1.00
2014.09.22 04:05:00.356,1.77825,1.77834,1.00,1.00
2014.09.22 04:05:00.609,1.7782,1.77834,1.00,1.00
2014.09.22 04:05:00.661,1.77822,1.77834,1.00,1.00
2014.09.22 04:05:00.763,1.7782,1.77834,1.00,1.00
2014.09.22 04:05:01.294,1.77819,1.77834,1.00,1.00
2014.09.22 04:05:01.802,1.77817,1.77834,1.17,1.00
2014.09.22 04:05:02.311,1.77816,1.77833,1.15,1.25
2014.09.22 04:05:03.158,1.77816,1.77833,1.15,1.19
2014.09.22 04:05:03.330,1.77816,1.77833,1.00,1.19
2014.09.22 04:05:04.119,1.77816,1.77833,1.00,1.19
2014.09.22 04:05:05.121,1.77816,1.77833,1.00,1.19
2014.09.22 04:05:05.749,1.77817,1.77833,1.00,1.89
2014.09.22 04:05:06.264,1.77817,1.77833,1.00,1.19
2014.09.22 04:05:07.124,1.77817,1.77833,1.00,1.19
2014.09.22 04:05:08.126,1.77817,1.77833,1.00,1.19
2014.09.22 04:05:09.128,1.77817,1.77833,1.00,1.19
2014.09.22 04:05:11.131,1.77817,1.77833,1.00,1.19
2014.09.22 04:05:11.969,1.77817,1.77833,1.00,1.69
2014.09.22 04:05:12.981,1.77817,1.77833,1.00,1.69
2014.09.22 04:05:14.137,1.77817,1.77833,1.00,1.19
2014.09.22 04:05:15.130,1.77817,1.77833,1.00,1.19
2014.09.22 04:05:16.031,1.77817,1.77833,1.00,1.19
2014.09.22 04:05:16.537,1.77817,1.77833,1.37,1.19
2014.09.22 04:05:17.134,1.77817,1.77833,1.37,1.19
2014.09.22 04:05:19.394,1.77817,1.77833,1.12,1.19
2014.09.22 04:05:19.889,1.77815,1.7783,1.37,1.19
2014.09.22 04:05:20.454,1.77812,1.7783,2.32,1.19
2014.09.22 04:05:21.811,1.77814,1.7783,1.20,1.19
2014.09.22 04:05:22.014,1.77813,1.77828,1.17,1.00
2014.09.22 04:05:22.420,1.77813,1.77831,1.20,1.69
2014.09.22 04:05:22.774,1.77814,1.77834,1.20,1.19
2014.09.22 04:05:22.825,1.77816,1.77834,1.57,1.19
2014.09.22 04:05:25.664,1.77816,1.77831,1.10,1.00
2014.09.22 04:05:26.120,1.77815,1.77831,1.20,1.25
2014.09.22 04:05:26.474,1.77813,1.77832,1.00,1.69
2014.09.22 04:05:26.981,1.77812,1.77826,1.20,1.00
2014.09.22 04:05:27.134,1.77812,1.77826,1.95,1.00
2014.09.22 04:05:27.640,1.77812,1.77829,1.57,1.19
2014.09.22 04:05:28.373,1.77812,1.77829,1.95,1.00
2014.09.22 04:05:31.887,1.77812,1.77828,2.32,1.00
2014.09.22 04:05:34.429,1.77814,1.77833,1.27,1.69
2014.09.22 04:05:35.411,1.77816,1.77833,1.20,1.25
2014.09.22 04:05:36.398,1.77816,1.77833,1.27,1.19
2014.09.22 04:05:39.484,1.77816,1.77833,1.27,1.19
2014.09.22 04:05:41.487,1.77816,1.77834,1.65,1.19
2014.09.22 04:05:43.798,1.77816,1.77834,1.65,1.19
2014.09.22 04:05:44.311,1.77814,1.7783,1.17,1.25
2014.09.22 04:05:44.845,1.77814,1.7783,1.17,1.19
2014.09.22 04:05:45.836,1.77814,1.7783,1.17,1.25
2014.09.22 04:05:46.243,1.77815,1.77832,1.55,1.00
2014.09.22 04:05:46.773,1.77816,1.77834,3.52,1.19
2014.09.22 04:05:47.237,1.77818,1.77834,1.57,1.19
2014.09.22 04:05:50.256,1.77822,1.77836,1.00,1.19
2014.09.22 04:05:50.307,1.77822,1.77837,1.00,1.00
2014.09.22 04:05:50.358,1.77821,1.77839,1.07,1.00
2014.09.22 04:05:50.409,1.7782,1.77839,2.62,1.19
2014.09.22 04:05:51.449,1.77822,1.77839,1.27,1.19
2014.09.22 04:05:51.759,1.7782,1.77837,2.62,1.19
2014.09.22 04:05:51.861,1.77817,1.77835,1.57,1.56
2014.09.22 04:05:51.912,1.77815,1.77835,3.45,1.19
2014.09.22 04:05:51.963,1.77815,1.77833,2.02,1.19
2014.09.22 04:05:52.014,1.77815,1.77831,1.95,1.19
2014.09.22 04:05:52.217,1.77813,1.77831,1.10,1.19
2014.09.22 04:05:52.521,1.77812,1.77832,1.00,1.84
2014.09.22 04:05:53.026,1.77813,1.77831,1.10,1.19
2014.09.22 04:05:54.698,1.77812,1.77828,1.57,1.19
2014.09.22 04:05:54.952,1.77809,1.77826,2.25,1.00
2014.09.22 04:05:56.227,1.77809,1.77828,1.17,1.19
2014.09.22 04:05:56.796,1.77811,1.77828,1.00,1.19
2014.09.22 04:05:57.555,1.77811,1.77828,1.50,1.00
2014.09.22 04:05:58.072,1.77811,1.77829,1.65,1.25
2014.09.22 04:05:59.087,1.77813,1.77829,1.00,1.25
2014.09.22 04:05:59.628,1.77813,1.77829,1.00,1.19
2014.09.22 04:06:01.631,1.77813,1.77829,1.00,1.00
2014.09.22 04:06:02.133,1.77813,1.77829,2.25,1.00
2014.09.22 04:06:02.234,1.7782,1.77834,1.20,1.10
2014.09.22 04:06:02.336,1.77823,1.77836,1.45,1.00
2014.09.22 04:06:02.438,1.77826,1.77842,1.07,1.50
2014.09.22 04:06:02.969,1.77827,1.77842,1.10,1.69
2014.09.22 04:06:04.130,1.77826,1.77842,1.00,1.69
2014.09.22 04:06:04.946,1.77824,1.77842,2.25,1.69
2014.09.22 04:06:05.047,1.77824,1.77842,2.25,1.69
2014.09.22 04:06:05.609,1.77828,1.77842,1.00,1.69
2014.09.22 04:06:05.963,1.77824,1.77839,1.20,1.00
2014.09.22 04:06:06.477,1.77823,1.77839,2.02,1.19
2014.09.22 04:06:12.978,1.77823,1.77835,1.15,1.00
2014.09.22 04:06:13.181,1.77823,1.77839,1.00,1.19
2014.09.22 04:06:14.181,1.77823,1.77839,1.20,1.00
2014.09.22 04:06:14.948,1.77825,1.77842,1.07,2.44
2014.09.22 04:06:15.251,1.77825,1.77839,1.95,1.00
2014.09.22 04:06:15.403,1.77825,1.77842,1.95,1.19
2014.09.22 04:06:16.110,1.77826,1.77842,1.20,1.25
2014.09.22 04:06:20.345,1.77827,1.77844,1.17,1.19
2014.09.22 04:06:22.489,1.77827,1.77844,1.17,1.19
2014.09.22 04:06:22.997,1.77827,1.77845,1.00,1.19
2014.09.22 04:06:23.202,1.77827,1.77846,1.50,1.19
2014.09.22 04:06:24.083,1.77828,1.77846,1.15,1.19
2014.09.22 04:06:24.984,1.77828,1.77846,1.15,1.19
2014.09.22 04:06:25.529,1.77828,1.77846,1.17,1.19
2014.09.22 04:06:26.210,1.77828,1.77846,1.17,1.69
2014.09.22 04:06:28.197,1.77827,1.77846,1.15,1.69
2014.09.22 04:06:30.144,1.77828,1.77846,1.17,1.19
2014.09.22 04:06:31.966,1.77827,1.77844,1.65,1.00
2014.09.22 04:06:32.504,1.77827,1.77846,1.65,1.19
2014.09.22 04:06:39.117,1.77828,1.77846,1.17,1.19
2014.09.22 04:06:39.442,1.77828,1.77846,1.17,1.00
2014.09.22 04:06:43.338,1.77827,1.77846,1.57,1.50
2014.09.22 04:06:43.865,1.77827,1.77846,1.00,1.50
2014.09.22 04:06:43.916,1.77825,1.77844,1.17,1.00
2014.09.22 04:06:44.236,1.77824,1.7784,1.00,1.00
2014.09.22 04:06:44.742,1.77823,1.7784,1.00,1.50
2014.09.22 04:06:45.284,1.77823,1.77839,1.00,1.00
2014.09.22 04:06:47.975,1.77821,1.77838,1.00,1.00
2014.09.22 04:06:49.644,1.77822,1.77838,1.00,1.00
2014.09.22 04:06:49.695,1.77825,1.77838,1.37,1.00
2014.09.22 04:06:49.746,1.77827,1.77845,1.00,1.15
2014.09.22 04:06:49.797,1.77827,1.77845,1.00,1.10
2014.09.22 04:06:50.050,1.77829,1.77846,1.00,1.00
2014.09.22 04:06:50.404,1.77831,1.77848,1.00,1.10
2014.09.22 04:06:50.506,1.77828,1.77846,1.10,1.00
2014.09.22 04:06:50.607,1.77828,1.77846,1.17,1.00
2014.09.22 04:06:50.708,1.77828,1.77846,1.10,1.00
2014.09.22 04:06:51.187,1.77827,1.77844,1.17,1.00
2014.09.22 04:06:51.591,1.77825,1.77844,1.00,1.10
2014.09.22 04:06:52.046,1.77825,1.77844,1.00,1.29
2014.09.22 04:06:52.349,1.77824,1.77838,1.10,1.00
2014.09.22 04:06:52.501,1.77822,1.77838,1.10,1.00
2014.09.22 04:06:53.047,1.7782,1.77838,1.00,1.50
2014.09.22 04:06:53.552,1.7782,1.77837,1.00,1.00
2014.09.22 04:06:53.856,1.77819,1.77835,1.00,1.00
2014.09.22 04:06:54.168,1.77817,1.77833,1.00,1.00
2014.09.22 04:06:54.703,1.77816,1.77833,1.00,1.00
2014.09.22 04:07:01.496,1.77817,1.77835,1.00,1.00
2014.09.22 04:07:03.630,1.77817,1.77835,1.17,1.00
2014.09.22 04:07:03.933,1.77817,1.77832,1.00,1.00
2014.09.22 04:07:04.135,1.77815,1.77832,1.57,1.00
2014.09.22 04:07:04.237,1.77815,1.7783,1.00,1.00
2014.09.22 04:07:04.388,1.77812,1.77829,1.07,1.00
2014.09.22 04:07:04.935,1.77812,1.77829,1.00,1.00
2014.09.22 04:07:05.448,1.77812,1.77829,1.37,1.00
2014.09.22 04:07:05.499,1.77816,1.77829,1.00,1.00
2014.09.22 04:07:05.601,1.77818,1.77835,1.45,1.07
2014.09.22 04:07:05.703,1.77819,1.77837,1.20,1.87
2014.09.22 04:07:06.210,1.77821,1.77839,1.57,1.00
2014.09.22 04:07:06.311,1.77821,1.77836,1.57,1.00
2014.09.22 04:07:08.062,1.77821,1.77836,1.00,1.00
2014.09.22 04:07:10.397,1.77819,1.77836,1.15,1.00
2014.09.22 04:07:11.566,1.77819,1.77838,1.15,1.69
2014.09.22 04:07:11.718,1.77822,1.77838,1.00,1.25
2014.09.22 04:07:13.454,1.77822,1.77837,1.00,1.00
2014.09.22 04:07:16.470,1.77822,1.77837,1.17,1.00
2014.09.22 04:07:16.774,1.77823,1.77839,1.17,1.19
2014.09.22 04:07:17.216,1.77824,1.77842,2.32,1.25
2014.09.22 04:07:18.765,1.77824,1.77842,1.15,1.25
2014.09.22 04:07:22.959,1.77824,1.77843,2.40,1.50
2014.09.22 04:07:23.513,1.77827,1.77843,1.00,1.00
2014.09.22 04:07:26.855,1.77827,1.77844,1.00,1.00
2014.09.22 04:07:28.324,1.77827,1.77842,1.00,1.00
2014.09.22 04:07:28.729,1.77827,1.77844,1.00,1.50
2014.09.22 04:07:29.537,1.77829,1.77846,1.00,1.00
2014.09.22 04:07:30.512,1.77829,1.77846,1.65,1.00
2014.09.22 04:07:31.023,1.7783,1.77847,1.57,1.00
2014.09.22 04:07:31.527,1.77831,1.77847,1.00,1.00
2014.09.22 04:07:38.453,1.77831,1.7785,1.50,1.50
2014.09.22 04:07:40.326,1.77831,1.7785,1.65,1.00
2014.09.22 04:07:42.409,1.77833,1.7785,1.00,1.00
2014.09.22 04:07:43.373,1.77832,1.7785,1.10,1.00
2014.09.22 04:08:04.911,1.77833,1.7785,1.10,1.00
2014.09.22 04:08:05.417,1.77834,1.77851,1.10,1.00
2014.09.22 04:08:05.620,1.77838,1.77851,1.00,1.00
2014.09.22 04:08:06.354,1.77834,1.77851,1.10,1.00
2014.09.22 04:08:07.326,1.77834,1.77851,1.47,1.00
2014.09.22 04:08:07.377,1.77837,1.77854,1.00,1.10
2014.09.22 04:08:07.428,1.77837,1.77854,1.45,1.10
2014.09.22 04:08:07.630,1.77839,1.77858,2.32,1.00
2014.09.22 04:08:07.884,1.7784,1.77858,1.00,1.00
2014.09.22 04:08:07.985,1.7784,1.77858,1.65,1.00
2014.09.22 04:08:12.675,1.77842,1.77859,1.10,1.00
2014.09.22 04:08:13.087,1.77842,1.77857,1.10,1.00
2014.09.22 04:08:13.340,1.77835,1.77851,1.50,1.00
2014.09.22 04:08:13.543,1.77833,1.77851,1.10,1.00
2014.09.22 04:08:13.644,1.77832,1.77849,1.17,1.00
2014.09.22 04:08:13.998,1.77831,1.77848,1.10,1.50
2014.09.22 04:08:14.100,1.77827,1.77846,2.59,1.00
2014.09.22 04:08:17.630,1.77829,1.77846,1.00,1.00
2014.09.22 04:08:21.916,1.77829,1.77846,1.07,1.00
2014.09.22 04:08:22.447,1.77831,1.77848,1.00,1.00
2014.09.22 04:08:34.134,1.77831,1.77848,1.57,1.00
2014.09.22 04:08:34.592,1.77833,1.7785,1.10,1.00
2014.09.22 04:08:52.958,1.77833,1.7785,1.00,1.37
2014.09.22 04:08:53.363,1.77833,1.77847,1.00,1.37
2014.09.22 04:08:53.464,1.7783,1.77847,1.00,1.37
2014.09.22 04:08:55.216,1.7783,1.77848,1.00,1.57
2014.09.22 04:08:56.296,1.7783,1.77847,1.00,1.45
2014.09.22 04:08:56.550,1.77827,1.77844,1.00,1.27
2014.09.22 04:08:57.617,1.77827,1.77844,1.00,1.57
2014.09.22 04:09:09.267,1.77827,1.77844,1.00,1.20
2014.09.22 04:09:10.342,1.77828,1.77845,1.00,2.02
2014.09.22 04:09:16.694,1.77828,1.77845,1.00,1.95
2014.09.22 04:09:31.217,1.77827,1.77844,1.00,1.00
2014.09.22 04:09:31.678,1.77829,1.77846,1.00,1.25
2014.09.22 04:09:36.370,1.77831,1.77848,1.00,1.69
2014.09.22 04:09:37.326,1.77831,1.77848,1.00,1.69
2014.09.22 04:09:38.349,1.77831,1.77848,1.00,1.69
2014.09.22 04:09:40.331,1.77831,1.77848,1.00,1.00
2014.09.22 04:09:42.966,1.77832,1.77849,1.00,1.00
2014.09.22 04:09:43.271,1.77834,1.7785,1.50,1.00
2014.09.22 04:09:43.596,1.77837,1.77849,1.00,1.00
2014.09.22 04:09:44.069,1.77835,1.77849,1.00,1.00
2014.09.22 04:09:47.915,1.77833,1.7785,1.00,1.10
2014.09.22 04:09:48.422,1.77834,1.77849,1.00,1.00
2014.09.22 04:09:50.405,1.77834,1.77851,1.00,1.00
2014.09.22 04:09:50.458,1.77829,1.77845,1.50,1.00
2014.09.22 04:09:50.610,1.77827,1.77841,1.07,1.69
2014.09.22 04:09:50.661,1.77824,1.77832,1.00,1.00
2014.09.22 04:09:50.762,1.77828,1.77837,1.00,1.00
2014.09.22 04:09:50.914,1.77823,1.7784,1.00,1.62
2014.09.22 04:09:51.117,1.77824,1.77837,1.07,1.00
2014.09.22 04:09:51.623,1.77825,1.77842,1.17,1.56
2014.09.22 04:09:52.129,1.77824,1.77841,1.15,1.00
2014.09.22 04:09:52.672,1.77824,1.77841,1.00,1.07
2014.09.22 04:09:55.149,1.77821,1.7784,1.00,1.10
2014.09.22 04:09:56.527,1.77821,1.7784,1.57,1.00
2014.09.22 04:09:56.629,1.77825,1.77842,1.00,1.76
2014.09.22 04:10:14.190,1.77825,1.77844,1.69,1.57
2014.09.22 04:10:14.494,1.77847,1.77857,1.19,1.00
2014.09.22 04:10:14.595,1.77844,1.7786,1.39,1.00
2014.09.22 04:10:14.646,1.77847,1.77862,1.19,1.00
2014.09.22 04:10:14.697,1.77849,1.77864,1.26,1.00
2014.09.22 04:10:14.798,1.7785,1.77866,1.39,1.00
2014.09.22 04:10:15.304,1.77852,1.77867,1.84,1.00
2014.09.22 04:10:15.456,1.77852,1.77871,1.84,1.00
2014.09.22 04:10:15.659,1.77855,1.77873,1.00,1.00
2014.09.22 04:10:16.195,1.77856,1.77876,1.00,1.01
2014.09.22 04:10:17.739,1.77857,1.77873,1.00,1.00
2014.09.22 04:10:17.841,1.77857,1.77877,1.10,1.20
2014.09.22 04:10:17.993,1.7786,1.77877,1.00,1.00
2014.09.22 04:10:18.152,1.7786,1.77879,1.10,1.00
2014.09.22 04:10:18.737,1.77861,1.77881,1.10,1.07
2014.09.22 04:10:18.838,1.77864,1.77885,1.00,1.34
2014.09.22 04:10:19.748,1.77864,1.77886,1.57,1.76
2014.09.22 04:10:20.256,1.77865,1.77886,1.00,1.01
2014.09.22 04:10:20.771,1.77865,1.77885,1.10,1.07
2014.09.22 04:10:21.074,1.77868,1.77887,1.00,1.57
2014.09.22 04:10:21.686,1.77868,1.77888,1.00,2.32
2014.09.22 04:10:21.943,1.77866,1.77885,1.00,1.15
2014.09.22 04:10:21.994,1.77866,1.77885,1.00,1.57
2014.09.22 04:10:22.146,1.77863,1.77885,1.19,1.57
2014.09.22 04:10:22.354,1.77861,1.7788,2.06,1.00
2014.09.22 04:10:22.662,1.77867,1.7788,1.00,1.00
2014.09.22 04:10:22.713,1.77864,1.77883,1.25,1.17
2014.09.22 04:10:22.765,1.77864,1.77883,2.07,1.00
2014.09.22 04:10:22.816,1.77867,1.77887,1.07,1.10
2014.09.22 04:10:22.867,1.77867,1.77887,1.00,1.15
2014.09.22 04:10:23.788,1.77865,1.77885,1.66,1.10
2014.09.22 04:10:24.416,1.77865,1.77885,1.01,1.10
2014.09.22 04:10:24.964,1.77865,1.77885,1.20,1.39
2014.09.22 04:10:25.268,1.77862,1.77881,1.00,2.62
2014.09.22 04:10:25.369,1.77859,1.7788,1.19,1.57
2014.09.22 04:10:25.471,1.77858,1.77876,1.00,1.17
2014.09.22 04:10:26.127,1.77859,1.77876,1.00,1.17
2014.09.22 04:10:27.854,1.77857,1.77876,1.50,1.17
2014.09.22 04:10:27.968,1.77857,1.77876,1.50,1.57
2014.09.22 04:10:28.424,1.77853,1.77872,1.29,1.00
2014.09.22 04:10:28.930,1.77854,1.77872,1.00,1.20
2014.09.22 04:10:29.434,1.77853,1.77872,1.69,1.20
2014.09.22 04:10:29.649,1.77853,1.77872,1.69,1.17
2014.09.22 04:10:31.935,1.77855,1.77872,1.00,1.15
2014.09.22 04:10:34.701,1.77856,1.77872,1.00,1.00
2014.09.22 04:10:35.150,1.77857,1.77877,1.00,1.57
2014.09.22 04:10:39.122,1.77857,1.77874,1.00,1.15
2014.09.22 04:10:39.426,1.77857,1.77874,1.00,1.10
2014.09.22 04:10:39.964,1.77858,1.77874,1.00,1.10
2014.09.22 04:10:41.029,1.77858,1.77877,1.00,2.25
2014.09.22 04:10:41.393,1.7786,1.77879,1.00,1.76
2014.09.22 04:10:41.444,1.7786,1.77879,1.00,1.09
2014.09.22 04:10:41.495,1.77858,1.77876,1.12,1.00
2014.09.22 04:10:42.047,1.77858,1.77876,1.12,1.07
2014.09.22 04:10:43.062,1.77864,1.77876,1.00,1.07
2014.09.22 04:10:43.262,1.77862,1.77883,1.87,1.57
2014.09.22 04:10:43.365,1.77862,1.77883,1.87,1.20
2014.09.22 04:10:43.720,1.77869,1.77887,1.00,1.22
2014.09.22 04:10:43.771,1.77869,1.77888,1.00,1.36
2014.09.22 04:10:43.923,1.77867,1.77888,1.50,1.36
2014.09.22 04:10:44.429,1.77868,1.77888,1.00,1.26
2014.09.22 04:10:45.107,1.77869,1.77888,1.00,1.07
2014.09.22 04:10:45.651,1.77868,1.77888,1.01,1.07
2014.09.22 04:10:46.729,1.77868,1.77888,1.39,1.07
2014.09.22 04:10:47.278,1.77868,1.77888,1.01,1.07
2014.09.22 04:10:47.785,1.77868,1.77888,1.29,1.07
2014.09.22 04:10:48.505,1.77867,1.77888,1.39,1.07
2014.09.22 04:10:49.071,1.77867,1.77888,1.31,1.17
2014.09.22 04:10:51.369,1.77867,1.77888,1.74,1.17
2014.09.22 04:10:51.982,1.77867,1.77888,1.46,1.17
2014.09.22 04:10:52.784,1.77867,1.77888,1.56,1.15
2014.09.22 04:10:53.528,1.77867,1.77888,1.12,1.15
2014.09.22 04:10:54.552,1.77867,1.77888,1.37,1.15
2014.09.22 04:10:55.895,1.77874,1.7789,1.00,2.25
2014.09.22 04:10:55.997,1.77874,1.77893,1.37,1.50
2014.09.22 04:10:56.149,1.77876,1.77897,1.62,2.77
2014.09.22 04:10:56.301,1.77876,1.77897,2.06,2.70
2014.09.22 04:11:00.149,1.77876,1.77897,1.87,2.89
2014.09.22 04:11:00.683,1.77876,1.77896,1.37,1.20
2014.09.22 04:11:01.473,1.77876,1.77894,1.00,1.07
2014.09.22 04:11:01.625,1.77874,1.77892,1.00,1.57
2014.09.22 04:11:01.676,1.77874,1.77891,1.00,1.12
2014.09.22 04:11:01.727,1.77869,1.77889,1.20,1.75
2014.09.22 04:11:02.182,1.77867,1.77889,1.92,1.57
2014.09.22 04:11:02.687,1.7787,1.7789,1.00,1.65
2014.09.22 04:11:12.543,1.77871,1.7789,1.00,1.34
2014.09.22 04:11:13.085,1.7787,1.7789,1.37,1.15
2014.09.22 04:11:13.857,1.77871,1.77893,1.37,2.51
2014.09.22 04:11:19.742,1.77871,1.77887,1.37,1.00
2014.09.22 04:11:20.621,1.77871,1.77887,1.12,1.00
2014.09.22 04:11:20.874,1.77867,1.77887,1.12,1.15
2014.09.22 04:11:20.925,1.77867,1.77887,1.37,1.57
2014.09.22 04:11:21.441,1.77867,1.77887,1.37,1.57
2014.09.22 04:11:24.607,1.77866,1.77882,2.62,1.00
2014.09.22 04:11:25.572,1.77866,1.77886,2.62,1.17
2014.09.22 04:11:29.332,1.77867,1.77886,1.47,1.10
2014.09.22 04:11:29.484,1.77868,1.77888,1.37,1.00
2014.09.22 04:11:33.813,1.77868,1.77888,1.37,1.00
2014.09.22 04:11:38.333,1.77868,1.77887,1.37,1.00
2014.09.22 04:11:39.011,1.77868,1.77888,1.37,1.00
2014.09.22 04:11:40.219,1.77868,1.77888,1.37,1.00
2014.09.22 04:11:40.989,1.77868,1.77887,1.37,1.00
2014.09.22 04:11:41.645,1.77868,1.77888,1.37,1.07
2014.09.22 04:11:43.937,1.77869,1.77889,1.37,2.32
2014.09.22 04:11:56.679,1.77869,1.77889,1.87,1.57
2014.09.22 04:11:57.040,1.77869,1.77889,1.87,1.17
2014.09.22 04:11:57.582,1.77869,1.77889,1.87,1.17
2014.09.22 04:12:04.186,1.77869,1.77889,1.87,1.17
2014.09.22 04:12:04.490,1.77869,1.77889,1.87,1.17
2014.09.22 04:12:05.343,1.77869,1.77889,1.37,1.17
2014.09.22 04:12:07.597,1.77869,1.77889,1.00,1.17
2014.09.22 04:12:28.311,1.77869,1.77889,1.76,1.10
2014.09.22 04:12:32.323,1.77869,1.77889,1.50,1.17
2014.09.22 04:12:33.710,1.77869,1.77889,1.57,1.10
2014.09.22 04:12:35.819,1.77869,1.77889,1.50,1.65
2014.09.22 04:12:37.781,1.7787,1.77889,1.50,1.20
2014.09.22 04:12:43.052,1.7787,1.77892,1.57,2.21
2014.09.22 04:12:43.879,1.7787,1.77892,1.65,2.21
2014.09.22 04:12:44.402,1.7787,1.77892,1.65,2.21
2014.09.22 04:12:45.034,1.7787,1.77892,1.65,2.21
2014.09.22 04:12:47.784,1.7787,1.77892,1.57,2.21
2014.09.22 04:12:48.333,1.7787,1.77892,1.57,2.21
2014.09.22 04:12:56.674,1.77872,1.77891,1.00,1.15
2014.09.22 04:13:20.923,1.77874,1.77891,1.00,1.17
2014.09.22 04:13:21.227,1.77883,1.77902,1.50,2.32
2014.09.22 04:13:21.329,1.77883,1.77902,1.50,1.57
2014.09.22 04:13:22.236,1.77883,1.77902,1.65,1.50
2014.09.22 04:13:22.895,1.77888,1.77904,1.00,1.10
2014.09.22 04:13:41.562,1.77888,1.77904,1.00,1.37
2014.09.22 04:13:42.123,1.77886,1.77904,1.17,1.00
2014.09.22 04:13:43.167,1.77886,1.77904,1.00,1.00
2014.09.22 04:13:43.691,1.77885,1.77904,1.10,1.00
2014.09.22 04:13:49.965,1.77885,1.77904,1.57,1.12
2014.09.22 04:13:50.992,1.77885,1.77904,1.57,1.00
2014.09.22 04:13:55.202,1.77887,1.77906,1.20,1.10
2014.09.22 04:13:55.507,1.77894,1.77914,1.87,1.10
2014.09.22 04:13:55.659,1.77897,1.77916,1.26,1.00
2014.09.22 04:13:55.761,1.77898,1.77918,2.14,1.00
2014.09.22 04:13:55.812,1.77898,1.77918,2.89,1.00
2014.09.22 04:13:55.862,1.77901,1.7792,1.29,1.00
2014.09.22 04:13:56.116,1.77903,1.77922,1.07,1.50
2014.09.22 04:13:56.217,1.77904,1.77924,1.26,1.00
2014.09.22 04:13:56.321,1.77905,1.77926,1.76,1.00
2014.09.22 04:13:56.524,1.77902,1.77922,1.25,1.17
2014.09.22 04:13:56.727,1.77902,1.77921,1.00,1.69
2014.09.22 04:13:57.084,1.77899,1.77919,1.20,1.07
2014.09.22 04:13:59.319,1.77899,1.77919,1.45,1.00
2014.09.22 04:13:59.370,1.77899,1.77919,1.82,1.00
2014.09.22 04:13:59.876,1.77901,1.7792,1.64,1.12
2014.09.22 04:14:00.180,1.77899,1.77919,1.37,1.55
2014.09.22 04:14:00.786,1.77897,1.77917,1.01,1.10
2014.09.22 04:14:02.036,1.77896,1.77917,1.20,1.76
2014.09.22 04:14:02.584,1.77899,1.77917,1.00,1.66
2014.09.22 04:14:04.463,1.77899,1.77918,1.00,2.14
2014.09.22 04:14:04.766,1.77899,1.77921,2.70,1.76
2014.09.22 04:14:04.817,1.77899,1.77921,2.02,1.69
2014.09.22 04:14:05.532,1.77899,1.77921,2.02,1.25
2014.09.22 04:14:06.039,1.77899,1.77921,1.84,1.00
2014.09.22 04:14:06.686,1.77899,1.77921,2.51,1.00
2014.09.22 04:14:10.036,1.77899,1.77921,1.65,1.00
2014.09.22 04:14:10.563,1.77899,1.77921,1.50,2.77
2014.09.22 04:14:14.013,1.77899,1.77916,1.00,1.00
2014.09.22 04:14:14.877,1.77899,1.77918,1.00,1.09
2014.09.22 04:14:16.264,1.77899,1.77918,1.00,1.00
2014.09.22 04:14:17.226,1.77896,1.77916,1.34,1.50
2014.09.22 04:14:17.548,1.77896,1.77916,1.19,1.65
2014.09.22 04:14:18.061,1.77896,1.77916,1.00,1.65
2014.09.22 04:14:20.418,1.77896,1.77912,1.00,1.00
2014.09.22 04:14:20.520,1.77894,1.77913,1.00,2.02
2014.09.22 04:14:20.622,1.77892,1.77912,1.25,1.65
2014.09.22 04:14:26.153,1.77894,1.77912,1.00,1.46
2014.09.22 04:14:26.305,1.77894,1.77913,1.50,1.00
2014.09.22 04:14:26.356,1.77894,1.77915,2.32,1.10
2014.09.22 04:14:26.559,1.77896,1.77916,1.00,1.87
2014.09.22 04:14:30.531,1.77896,1.77916,2.40,1.00
2014.09.22 04:14:42.171,1.779,1.7792,1.00,1.17
2014.09.22 04:14:42.222,1.779,1.7792,1.10,1.10
2014.09.22 04:14:42.323,1.779,1.77919,1.00,1.15
2014.09.22 04:14:42.525,1.779,1.7792,1.00,1.00
2014.09.22 04:14:42.728,1.77901,1.7792,1.39,1.00
2014.09.22 04:14:43.033,1.77905,1.77922,1.00,1.00
2014.09.22 04:14:43.538,1.77905,1.77924,1.00,1.07
2014.09.22 04:14:48.147,1.77905,1.77924,1.57,1.00
2014.09.22 04:14:49.674,1.77907,1.77924,1.00,1.00
2014.09.22 04:14:59.459,1.77907,1.77926,2.25,1.07
2014.09.22 04:15:00.414,1.77907,1.77924,1.00,1.00
2014.09.22 04:15:00.464,1.77904,1.77923,1.50,1.00
2014.09.22 04:15:01.207,1.77904,1.77922,1.00,1.00
2014.09.22 04:15:01.563,1.77901,1.77919,1.00,1.10
2014.09.22 04:15:02.985,1.77901,1.77919,1.47,1.00
2014.09.22 04:15:03.087,1.77904,1.77923,1.00,1.00
2014.09.22 04:15:03.239,1.77905,1.77923,2.02,1.00
2014.09.22 04:15:03.290,1.77906,1.77927,1.37,1.46
2014.09.22 04:15:03.442,1.77908,1.77927,1.00,1.09
2014.09.22 04:15:03.745,1.77911,1.77927,1.00,1.10
2014.09.22 04:15:03.847,1.77909,1.77927,1.00,1.10
2014.09.22 04:15:06.292,1.77911,1.77931,1.50,1.10
2014.09.22 04:15:06.394,1.77916,1.77932,1.00,1.09
2014.09.22 04:15:06.597,1.77916,1.77933,1.00,1.00
2014.09.22 04:15:07.069,1.77914,1.77934,1.00,2.21
2014.09.22 04:15:07.171,1.77913,1.77932,1.00,2.51
2014.09.22 04:15:07.274,1.77911,1.7793,1.50,1.17
2014.09.22 04:15:07.376,1.77913,1.7793,1.00,2.32
2014.09.22 04:15:07.477,1.77911,1.7793,1.00,2.32
2014.09.22 04:15:08.001,1.7791,1.77929,1.00,3.64
2014.09.22 04:15:08.548,1.77909,1.77929,1.00,3.64
2014.09.22 04:15:23.197,1.77909,1.77927,1.00,2.40
2014.09.22 04:15:23.652,1.77912,1.77927,1.00,3.52
2014.09.22 04:15:24.208,1.77909,1.77927,1.00,3.52
2014.09.22 04:15:27.020,1.77909,1.77927,1.00,2.96
2014.09.22 04:15:27.172,1.77913,1.77927,1.00,2.96
2014.09.22 04:15:27.274,1.77909,1.77927,1.00,2.96
2014.09.22 04:15:27.426,1.77912,1.77927,1.00,2.96
2014.09.22 04:15:29.472,1.77912,1.77927,1.00,1.87
2014.09.22 04:15:30.485,1.77916,1.77927,1.00,1.87
2014.09.22 04:15:30.688,1.7791,1.77927,1.00,1.87
2014.09.22 04:15:31.900,1.77912,1.77927,1.00,1.87
2014.09.22 04:15:32.702,1.7791,1.77927,1.00,1.00
2014.09.22 04:15:38.509,1.77909,1.77927,1.00,1.12
2014.09.22 04:15:38.611,1.77911,1.77927,1.00,1.12
2014.09.22 04:15:40.600,1.77911,1.77927,1.00,1.37
2014.09.22 04:15:43.899,1.77914,1.77927,1.00,1.37
2014.09.22 04:15:44.428,1.7791,1.77927,1.00,1.37
2014.09.22 04:15:49.182,1.7791,1.77927,1.00,1.45
2014.09.22 04:15:55.338,1.77909,1.77927,1.00,1.52
2014.09.22 04:15:58.189,1.77907,1.77927,1.50,1.52
2014.09.22 04:16:00.420,1.77907,1.77926,1.50,1.20
2014.09.22 04:16:00.956,1.7791,1.77926,1.00,1.95
2014.09.22 04:16:03.012,1.7791,1.77926,1.00,2.62
2014.09.22 04:16:03.242,1.77907,1.77925,1.00,1.20
2014.09.22 04:16:07.431,1.77905,1.77925,2.25,1.20
2014.09.22 04:16:10.217,1.77908,1.77926,1.00,2.81
2014.09.22 04:16:10.322,1.77906,1.77926,1.00,2.81
2014.09.22 04:16:10.726,1.77906,1.77927,1.50,2.21
2014.09.22 04:16:14.004,1.77906,1.77924,1.00,1.12
2014.09.22 04:16:14.055,1.77904,1.77924,1.50,3.37
2014.09.22 04:16:14.569,1.77903,1.77921,1.00,1.20
2014.09.22 04:16:15.119,1.77902,1.77921,1.00,1.20
2014.09.22 04:16:15.428,1.77902,1.77921,1.00,1.57
2014.09.22 04:16:16.058,1.77902,1.77921,1.00,1.15
2014.09.22 04:16:22.039,1.77903,1.77924,1.00,1.01
2014.09.22 04:16:22.140,1.77903,1.77925,1.00,4.31
2014.09.22 04:16:22.292,1.77905,1.77922,1.00,1.10
2014.09.22 04:16:23.260,1.77908,1.77925,1.00,1.65
2014.09.22 04:16:23.772,1.77908,1.77925,1.10,1.00
2014.09.22 04:16:24.640,1.77909,1.77925,1.00,1.00
2014.09.22 04:16:33.012,1.77908,1.77925,1.10,1.00
2014.09.22 04:16:43.753,1.77907,1.77924,1.50,1.00
2014.09.22 04:16:47.281,1.77907,1.77924,1.50,1.07
2014.09.22 04:16:47.787,1.77907,1.77922,1.00,1.00
2014.09.22 04:16:56.120,1.77907,1.77922,1.00,1.17
2014.09.22 04:16:57.597,1.77903,1.77922,2.25,1.65
2014.09.22 04:16:59.172,1.77902,1.77921,1.57,1.10
2014.09.22 04:16:59.682,1.77902,1.77917,1.10,1.00
2014.09.22 04:16:59.885,1.77902,1.7792,1.00,1.17
2014.09.22 04:17:00.398,1.77901,1.77918,1.00,1.00
2014.09.22 04:17:05.094,1.77902,1.77918,1.00,1.00
2014.09.22 04:17:09.330,1.77902,1.77918,1.37,1.00
2014.09.22 04:17:09.381,1.77906,1.77922,1.37,1.57
2014.09.22 04:17:09.893,1.77906,1.77922,1.37,1.00
2014.09.22 04:17:10.554,1.77907,1.77926,1.20,1.76
2014.09.22 04:17:10.605,1.7791,1.77926,1.12,1.10
2014.09.22 04:17:10.909,1.77914,1.77928,1.00,1.00
2014.09.22 04:17:11.112,1.77912,1.77928,1.01,1.00
2014.09.22 04:17:11.617,1.77913,1.77928,1.00,1.00
2014.09.22 04:17:11.921,1.77911,1.77928,1.00,1.00
2014.09.22 04:17:12.022,1.77909,1.77926,1.56,1.00
2014.09.22 04:17:12.949,1.77909,1.77926,1.00,1.00
2014.09.22 04:17:20.194,1.77909,1.77926,1.00,1.07
2014.09.22 04:17:20.598,1.77906,1.77924,2.06,1.10
2014.09.22 04:17:20.902,1.77906,1.77922,3.56,1.00
2014.09.22 04:17:21.861,1.77906,1.77924,3.56,1.10
2014.09.22 04:17:23.327,1.77906,1.77924,3.37,1.10
2014.09.22 04:17:26.410,1.77906,1.77924,2.62,1.10
2014.09.22 04:17:33.116,1.77906,1.77924,2.62,1.10
2014.09.22 04:17:35.927,1.77906,1.77924,2.06,1.15
2014.09.22 04:17:35.978,1.77908,1.77921,1.00,1.37
2014.09.22 04:17:36.180,1.77904,1.77921,1.37,1.20
2014.09.22 04:17:36.332,1.77903,1.77919,1.37,1.00
2014.09.22 04:17:36.737,1.77899,1.77916,3.94,1.00
2014.09.22 04:17:36.889,1.77899,1.77916,1.25,1.00
2014.09.22 04:17:36.991,1.77898,1.77914,1.19,1.00
2014.09.22 04:17:37.572,1.779,1.77914,1.00,1.00
2014.09.22 04:17:42.881,1.77899,1.77914,1.00,1.00
2014.09.22 04:17:44.296,1.77901,1.77914,1.00,1.50
2014.09.22 04:17:44.826,1.779,1.77914,1.00,1.00
2014.09.22 04:17:45.130,1.77904,1.77918,1.00,1.17
2014.09.22 04:17:45.631,1.77904,1.77918,1.00,1.00
2014.09.22 04:17:47.356,1.77905,1.77918,1.00,1.00
2014.09.22 04:17:48.346,1.77902,1.77918,2.25,1.00
2014.09.22 04:17:51.926,1.77901,1.77918,1.12,1.00
2014.09.22 04:17:51.977,1.77904,1.77918,1.00,1.10
2014.09.22 04:17:52.458,1.77899,1.77918,1.29,1.47
2014.09.22 04:17:52.509,1.77898,1.77915,1.50,1.17
2014.09.22 04:17:52.812,1.77893,1.77909,1.87,1.00
2014.09.22 04:17:53.167,1.7789,1.77909,1.50,1.10
2014.09.22 04:17:53.701,1.7789,1.77909,1.50,1.15
2014.09.22 04:17:56.242,1.77889,1.77906,1.00,1.50
2014.09.22 04:18:05.004,1.77888,1.77903,1.50,1.00
2014.09.22 04:18:06.219,1.77888,1.77904,2.25,1.00
2014.09.22 04:18:07.630,1.77887,1.77904,1.69,1.20
2014.09.22 04:18:09.139,1.77888,1.77904,1.00,1.00
2014.09.22 04:18:10.682,1.77887,1.77904,3.19,1.00
2014.09.22 04:18:14.504,1.77887,1.77907,3.94,1.17
2014.09.22 04:18:15.171,1.77888,1.77907,1.00,1.17
2014.09.22 04:18:20.533,1.77888,1.77907,1.00,1.20
2014.09.22 04:18:23.173,1.77889,1.7791,1.00,1.84
2014.09.22 04:18:23.325,1.77892,1.7791,1.00,1.01
2014.09.22 04:18:23.528,1.77894,1.77913,1.57,1.50
2014.09.22 04:18:23.610,1.77896,1.77913,1.00,1.50
2014.09.22 04:18:23.915,1.77899,1.77915,1.00,1.00
2014.09.22 04:18:28.275,1.77898,1.77915,1.00,1.00
2014.09.22 04:18:30.385,1.77896,1.77915,3.37,1.00
2014.09.22 04:18:32.329,1.77896,1.77915,3.19,1.00
2014.09.22 04:18:32.532,1.77897,1.77917,2.32,1.10
2014.09.22 04:18:38.871,1.77898,1.77917,1.00,1.15
2014.09.22 04:18:42.617,1.77897,1.77917,1.50,1.52
2014.09.22 04:18:43.559,1.77897,1.77916,1.00,1.20
2014.09.22 04:18:43.762,1.77895,1.77912,1.00,1.10
2014.09.22 04:18:43.863,1.77895,1.77912,1.00,2.32
2014.09.22 04:18:43.916,1.77893,1.77912,1.00,3.52
2014.09.22 04:18:43.967,1.77892,1.77909,1.00,1.07
2014.09.22 04:18:44.473,1.77888,1.77907,2.14,1.00
2014.09.22 04:18:45.000,1.77888,1.77907,2.14,1.00
2014.09.22 04:18:45.103,1.77888,1.77907,1.76,1.00
2014.09.22 04:18:45.455,1.77893,1.77907,1.00,1.00
2014.09.22 04:18:46.683,1.77888,1.77907,1.10,1.00
2014.09.22 04:18:52.974,1.77888,1.77907,1.50,1.07
2014.09.22 04:19:01.116,1.77888,1.77907,1.00,2.40
2014.09.22 04:19:02.009,1.77887,1.77904,1.00,1.00
2014.09.22 04:19:03.300,1.77889,1.77907,1.10,1.50
2014.09.22 04:19:03.452,1.77894,1.77909,1.00,1.19
2014.09.22 04:19:03.554,1.77894,1.77911,1.00,1.50
2014.09.22 04:19:03.605,1.77896,1.77911,1.00,1.00
2014.09.22 04:19:03.808,1.77902,1.77919,1.10,1.00
2014.09.22 04:19:03.859,1.77904,1.77921,1.00,1.69
2014.09.22 04:19:04.693,1.77904,1.77921,1.00,1.76
2014.09.22 04:19:08.366,1.77902,1.77919,1.00,1.00
2014.09.22 04:19:08.418,1.77902,1.77918,1.00,2.51
2014.09.22 04:19:08.671,1.77898,1.77914,1.17,1.00
2014.09.22 04:19:08.722,1.77898,1.77917,1.50,1.15
2014.09.22 04:19:09.267,1.77901,1.77919,1.00,1.00
2014.09.22 04:19:09.572,1.77905,1.77922,1.00,1.76
2014.09.22 04:19:10.080,1.77905,1.77922,1.00,1.10
2014.09.22 04:19:16.336,1.77905,1.77922,1.00,1.15
2014.09.22 04:19:16.671,1.77905,1.7792,1.00,1.30
2014.09.22 04:19:16.773,1.77899,1.77916,1.00,1.50
2014.09.22 04:19:16.926,1.77897,1.77913,1.00,1.17
2014.09.22 04:19:17.129,1.77896,1.77913,1.00,1.57
2014.09.22 04:19:17.636,1.77895,1.77912,1.25,1.17
2014.09.22 04:19:18.324,1.77893,1.77912,1.50,1.17
2014.09.22 04:19:18.477,1.77897,1.77912,1.00,1.17
2014.09.22 04:19:18.697,1.77895,1.77912,1.00,1.17
2014.09.22 04:19:18.849,1.77895,1.77911,1.00,1.87
2014.09.22 04:19:18.900,1.77893,1.77911,1.00,1.50
2014.09.22 04:19:19.406,1.77892,1.77909,1.00,1.15
2014.09.22 04:19:20.563,1.77893,1.77909,1.00,1.27
2014.09.22 04:19:21.019,1.7789,1.77909,1.00,1.17
2014.09.22 04:19:21.272,1.77893,1.77908,1.00,1.00
2014.09.22 04:19:22.495,1.77893,1.7791,1.00,2.25
2014.09.22 04:19:30.473,1.77895,1.7791,1.00,1.00
2014.09.22 04:19:35.258,1.77895,1.7791,1.07,1.00
2014.09.22 04:19:36.784,1.77895,1.77912,1.07,1.87
2014.09.22 04:19:38.565,1.77895,1.77912,1.00,1.87
2014.09.22 04:19:41.235,1.77895,1.77912,1.10,1.87
2014.09.22 04:19:43.064,1.77895,1.77912,1.10,1.50
2014.09.22 04:19:43.694,1.77895,1.77912,1.10,1.87
2014.09.22 04:19:44.965,1.77895,1.77912,1.10,2.62
2014.09.22 04:19:48.265,1.77895,1.77912,1.00,3.07
2014.09.22 04:19:53.884,1.779,1.77912,1.00,1.50
2014.09.22 04:19:53.935,1.779,1.77914,1.00,1.10
2014.09.22 04:19:53.986,1.77898,1.77914,1.00,1.00
2014.09.22 04:19:54.240,1.77896,1.77915,1.50,1.27
2014.09.22 04:19:57.302,1.77897,1.77915,1.00,2.02
2014.09.22 04:19:58.004,1.77896,1.77915,1.00,2.02
2014.09.22 04:19:58.975,1.77894,1.77913,1.10,1.00
2014.09.22 04:20:01.016,1.77896,1.77913,1.00,1.00
2014.09.22 04:20:01.118,1.77894,1.77913,1.10,1.00
2014.09.22 04:20:01.269,1.77896,1.77913,1.00,1.00
2014.09.22 04:20:07.282,1.77894,1.77913,1.10,1.00
2014.09.22 04:20:09.258,1.77896,1.77913,1.00,1.00
2014.09.22 04:20:10.691,1.77896,1.77913,1.00,1.37
2014.09.22 04:20:11.228,1.77896,1.77913,1.00,1.00
2014.09.22 04:20:13.350,1.77896,1.77913,1.00,1.07
2014.09.22 04:20:14.771,1.77896,1.77913,1.00,1.00
2014.09.22 04:20:18.275,1.77894,1.77913,1.00,1.00
2014.09.22 04:20:18.730,1.77896,1.77913,1.00,1.00
2014.09.22 04:20:18.967,1.77894,1.77913,1.00,1.00
2014.09.22 04:20:19.070,1.77896,1.77913,1.57,1.00
2014.09.22 04:20:19.121,1.77898,1.77917,1.17,1.69
2014.09.22 04:20:19.629,1.77898,1.77917,1.17,1.69
2014.09.22 04:20:27.565,1.77898,1.77917,1.95,1.50
2014.09.22 04:20:30.106,1.77898,1.77917,1.37,1.50
2014.09.22 04:20:30.207,1.77898,1.77917,1.50,1.95
2014.09.22 04:20:30.309,1.77903,1.77917,1.00,1.20
2014.09.22 04:20:30.513,1.77903,1.7792,1.25,1.10
2014.09.22 04:20:30.665,1.77903,1.77922,2.44,1.10
2014.09.22 04:20:30.716,1.77907,1.77922,1.00,1.00
2014.09.22 04:20:30.818,1.77905,1.77922,1.10,1.00
2014.09.22 04:20:30.970,1.77903,1.7792,1.84,1.00
2014.09.22 04:20:31.122,1.77905,1.77922,1.10,1.00
2014.09.22 04:20:31.325,1.77903,1.7792,1.00,1.00
2014.09.22 04:20:31.628,1.779,1.77917,1.26,1.00
2014.09.22 04:20:32.134,1.779,1.77917,1.10,1.00
2014.09.22 04:20:32.438,1.77903,1.77917,1.10,1.00
2014.09.22 04:20:32.539,1.77901,1.77917,1.20,1.00
2014.09.22 04:20:33.046,1.779,1.77917,1.00,1.76
2014.09.22 04:20:33.551,1.779,1.77917,1.00,2.59
2014.09.22 04:20:34.662,1.779,1.77916,1.00,2.51
2014.09.22 04:20:34.713,1.77896,1.77913,1.00,1.39
2014.09.22 04:20:35.269,1.77894,1.77911,1.20,1.25
2014.09.22 04:20:35.624,1.77894,1.77909,1.20,1.00
2014.09.22 04:20:36.839,1.77894,1.77909,1.17,1.00
2014.09.22 04:20:38.074,1.77895,1.77912,1.15,1.00
2014.09.22 04:20:38.226,1.77895,1.77912,2.25,1.00
2014.09.22 04:20:40.332,1.77898,1.77912,1.10,1.00
2014.09.22 04:20:41.150,1.77898,1.77912,1.17,1.00
2014.09.22 04:20:41.712,1.77898,1.77912,1.00,1.00
2014.09.22 04:20:46.625,1.77898,1.77914,1.00,1.10
2014.09.22 04:20:51.169,1.77898,1.77915,1.00,1.00
2014.09.22 04:20:51.675,1.77899,1.77915,1.10,1.00
2014.09.22 04:20:51.963,1.77903,1.77915,1.00,1.00
2014.09.22 04:20:52.015,1.77903,1.77918,1.00,1.69
2014.09.22 04:20:52.066,1.77901,1.77918,1.00,1.69
2014.09.22 04:20:52.726,1.77902,1.77918,1.00,1.50
2014.09.22 04:20:53.455,1.77901,1.77918,1.00,1.50
2014.09.22 04:20:53.708,1.77903,1.77918,1.00,1.50
2014.09.22 04:20:53.809,1.77901,1.77918,1.00,1.00
2014.09.22 04:20:54.699,1.77903,1.77918,1.00,1.00
2014.09.22 04:20:54.852,1.77903,1.7792,1.50,1.00
2014.09.22 04:20:54.903,1.77903,1.77922,1.50,2.06
2014.09.22 04:20:55.207,1.77903,1.7792,1.00,1.00
2014.09.22 04:20:56.273,1.77904,1.77921,1.00,1.12
2014.09.22 04:20:56.579,1.77904,1.77922,1.65,1.25
2014.09.22 04:20:57.085,1.77907,1.77924,1.20,1.00
2014.09.22 04:20:57.591,1.77909,1.77926,1.00,1.69
2014.09.22 04:20:58.695,1.77909,1.77926,1.07,1.00
2014.09.22 04:20:59.201,1.77911,1.77927,1.00,1.00
2014.09.22 04:20:59.504,1.77909,1.77926,1.00,1.00
2014.09.22 04:21:00.156,1.77908,1.77924,1.00,1.00
2014.09.22 04:21:00.562,1.7791,1.77929,1.50,1.07
2014.09.22 04:21:00.663,1.7791,1.77929,1.00,1.50
2014.09.22 04:21:01.170,1.77909,1.77925,1.00,1.00
2014.09.22 04:21:01.221,1.77906,1.77925,1.25,1.50
2014.09.22 04:21:01.780,1.77906,1.77925,1.76,1.50
2014.09.22 04:21:02.285,1.77906,1.77925,1.57,1.69
2014.09.22 04:21:04.458,1.77906,1.77925,1.07,1.50
2014.09.22 04:21:05.959,1.77912,1.77927,1.00,1.00
2014.09.22 04:21:06.061,1.77912,1.77929,1.00,1.00
2014.09.22 04:21:06.162,1.77912,1.77929,1.07,1.00
2014.09.22 04:21:06.213,1.77913,1.77931,1.07,1.00
2014.09.22 04:21:06.718,1.77914,1.77932,1.15,1.00
2014.09.22 04:21:06.931,1.77917,1.77932,1.00,1.00
2014.09.22 04:21:07.133,1.77914,1.77932,1.15,1.00
2014.09.22 04:21:07.486,1.77917,1.77932,1.00,1.00
2014.09.22 04:21:07.649,1.77917,1.77934,1.00,1.12
2014.09.22 04:21:08.065,1.77917,1.77937,1.65,2.44
2014.09.22 04:21:08.117,1.7792,1.77937,1.00,2.44
2014.09.22 04:21:08.624,1.77921,1.77939,1.00,1.00
2014.09.22 04:21:09.857,1.77921,1.77939,1.07,1.00
2014.09.22 04:21:10.061,1.77923,1.77939,1.50,1.00
2014.09.22 04:21:10.162,1.77926,1.77944,1.10,1.19
2014.09.22 04:21:10.414,1.77926,1.77944,1.10,1.00
2014.09.22 04:21:11.889,1.77927,1.77944,1.00,1.00
2014.09.22 04:21:12.396,1.77928,1.77946,1.00,1.31
2014.09.22 04:21:12.944,1.77928,1.77948,1.00,3.19
2014.09.22 04:21:13.096,1.77929,1.77948,1.07,1.69
2014.09.22 04:21:13.198,1.77931,1.77948,1.10,1.00
2014.09.22 04:21:13.251,1.77931,1.7795,1.20,1.50
2014.09.22 04:21:14.463,1.77931,1.7795,1.07,1.00
2014.09.22 04:21:14.969,1.77935,1.77952,1.00,1.69
2014.09.22 04:21:15.394,1.77935,1.77953,1.50,1.50
2014.09.22 04:21:15.647,1.77936,1.77955,1.65,1.25
2014.09.22 04:21:15.982,1.77937,1.77958,1.17,1.10
2014.09.22 04:21:16.496,1.77939,1.77958,1.00,1.10
2014.09.22 04:21:17.226,1.7794,1.77959,1.00,1.17
2014.09.22 04:21:17.770,1.7794,1.77959,1.10,1.00
2014.09.22 04:21:18.635,1.77938,1.77959,1.40,1.37
2014.09.22 04:21:19.160,1.77938,1.77959,1.40,1.00
2014.09.22 04:21:19.709,1.77938,1.77959,1.07,1.01
2014.09.22 04:21:20.726,1.77941,1.7796,1.00,1.26
2014.09.22 04:21:21.283,1.77944,1.7796,1.00,1.26
2014.09.22 04:21:21.694,1.77942,1.77958,1.00,1.25
2014.09.22 04:21:24.867,1.77943,1.77958,1.00,1.00
2014.09.22 04:21:25.018,1.77943,1.77961,1.00,1.25
2014.09.22 04:21:26.743,1.77943,1.77961,1.00,1.47
2014.09.22 04:21:27.511,1.77943,1.77961,1.00,1.20
2014.09.22 04:21:29.267,1.77944,1.77961,1.00,1.00
2014.09.22 04:21:29.623,1.77944,1.77964,1.00,1.07
2014.09.22 04:21:29.724,1.7795,1.77965,1.00,1.10
2014.09.22 04:21:29.927,1.7795,1.77968,1.00,1.65
2014.09.22 04:21:30.079,1.77951,1.77968,1.57,1.00
2014.09.22 04:21:30.180,1.7795,1.77968,1.15,1.00
2014.09.22 04:21:30.231,1.7795,1.77968,1.07,1.37
2014.09.22 04:21:30.360,1.77948,1.77968,1.07,1.64
2014.09.22 04:21:30.411,1.77945,1.77967,1.17,1.09
2014.09.22 04:21:30.917,1.77948,1.77967,1.00,2.46
2014.09.22 04:21:31.322,1.77947,1.77966,1.50,1.61
2014.09.22 04:21:31.626,1.77949,1.77965,1.00,1.05
2014.09.22 04:21:31.929,1.77951,1.77965,1.00,2.70
2014.09.22 04:21:33.403,1.77945,1.77965,1.00,2.70
2014.09.22 04:21:33.707,1.77945,1.77965,1.10,1.50
2014.09.22 04:21:33.858,1.77947,1.77965,1.00,1.50
2014.09.22 04:21:33.960,1.77944,1.77965,1.84,1.50
2014.09.22 04:21:34.501,1.77944,1.77964,1.50,1.95
2014.09.22 04:21:34.653,1.77944,1.77964,1.50,2.70
2014.09.22 04:21:37.850,1.77947,1.77962,1.00,1.15
2014.09.22 04:21:37.951,1.77945,1.77962,1.00,1.65
2014.09.22 04:21:38.456,1.77945,1.77962,1.00,1.00
2014.09.22 04:21:38.507,1.77948,1.77962,1.00,1.00
2014.09.22 04:21:40.600,1.77948,1.77965,1.00,1.00
2014.09.22 04:21:40.702,1.77948,1.77967,1.00,1.95
2014.09.22 04:21:41.106,1.77948,1.77967,1.00,2.02
2014.09.22 04:21:41.409,1.77947,1.77962,1.00,1.00
2014.09.22 04:21:42.477,1.77947,1.77962,1.00,1.37
2014.09.22 04:21:42.579,1.77945,1.77962,1.00,1.45
2014.09.22 04:21:50.023,1.77945,1.77962,1.00,1.52
2014.09.22 04:21:54.743,1.77943,1.7796,1.00,1.12
2014.09.22 04:21:56.675,1.7794,1.7796,1.65,1.87
2014.09.22 04:22:03.945,1.7794,1.7796,1.17,1.95
2014.09.22 04:22:04.457,1.7794,1.7796,1.10,1.95
2014.09.22 04:22:05.180,1.7794,1.7796,1.10,1.95
2014.09.22 04:22:05.382,1.7794,1.7796,1.55,1.87
2014.09.22 04:22:05.697,1.77941,1.7796,1.20,1.50
2014.09.22 04:22:06.345,1.77941,1.7796,1.46,1.50
2014.09.22 04:22:06.396,1.77941,1.7796,1.76,1.50
2014.09.22 04:22:11.206,1.77941,1.7796,1.76,1.50
2014.09.22 04:22:12.241,1.77941,1.7796,1.57,1.50
2014.09.22 04:22:15.314,1.77941,1.7796,1.57,1.37
2014.09.22 04:22:15.517,1.7794,1.7796,1.46,1.00
2014.09.22 04:22:15.921,1.7794,1.7796,1.46,1.87
2014.09.22 04:22:16.435,1.7794,1.77959,1.00,1.47
2014.09.22 04:22:17.910,1.77938,1.77958,1.17,1.12
2014.09.22 04:22:18.219,1.77938,1.77958,1.17,1.37
2014.09.22 04:22:19.934,1.77938,1.77956,1.17,1.87
2014.09.22 04:22:20.035,1.77935,1.77955,2.21,1.00
2014.09.22 04:22:20.137,1.77935,1.77953,1.46,1.00
2014.09.22 04:22:20.713,1.77933,1.77953,1.39,1.00
2014.09.22 04:22:21.378,1.77932,1.77953,3.19,1.00
2014.09.22 04:22:21.429,1.77932,1.77953,1.69,1.00
2014.09.22 04:22:22.283,1.77932,1.77953,1.00,2.01
2014.09.22 04:22:23.202,1.77931,1.77953,1.10,2.76
2014.09.22 04:22:29.309,1.77932,1.77951,1.00,1.00
2014.09.22 04:22:34.305,1.77931,1.77951,1.10,1.00
2014.09.22 04:22:36.695,1.7793,1.7795,1.84,1.00
2014.09.22 04:22:37.394,1.7793,1.7795,1.84,1.10
2014.09.22 04:22:53.763,1.7793,1.77948,1.10,1.00
2014.09.22 04:22:56.213,1.77928,1.77948,1.09,1.00
2014.09.22 04:23:01.824,1.77928,1.77948,1.32,1.00
2014.09.22 04:23:11.044,1.77928,1.77948,1.20,1.10
2014.09.22 04:23:11.671,1.77927,1.77948,1.69,1.57
2014.09.22 04:23:11.721,1.77926,1.77945,1.69,1.00
2014.09.22 04:23:12.025,1.77922,1.77941,1.00,1.17
2014.09.22 04:23:12.329,1.77918,1.77937,1.69,1.10
2014.09.22 04:23:12.582,1.77916,1.77937,1.01,1.17
2014.09.22 04:23:13.089,1.77916,1.77937,1.25,1.57
2014.09.22 04:23:14.476,1.77915,1.77937,1.00,1.57
2014.09.22 04:23:16.663,1.77914,1.77933,1.76,1.00
2014.09.22 04:23:28.700,1.77914,1.77933,1.57,1.00
2014.09.22 04:23:32.356,1.77914,1.77933,1.32,1.75
2014.09.22 04:23:32.457,1.77911,1.77932,1.50,2.25
2014.09.22 04:23:32.509,1.77908,1.7793,2.25,1.40
2014.09.22 04:23:32.661,1.77908,1.77929,1.00,1.07
2014.09.22 04:23:32.814,1.77905,1.77927,1.25,1.15
2014.09.22 04:23:32.865,1.77905,1.77927,1.25,1.82
2014.09.22 04:23:33.237,1.77907,1.77926,1.00,1.57
2014.09.22 04:23:33.338,1.77907,1.77926,1.00,1.00
2014.09.22 04:23:34.712,1.77907,1.77926,1.50,1.19
2014.09.22 04:23:35.237,1.77903,1.77923,1.50,1.19
2014.09.22 04:23:37.116,1.77903,1.77923,1.57,1.19
2014.09.22 04:23:37.624,1.77903,1.77923,1.17,1.19
2014.09.22 04:23:37.942,1.77903,1.77923,1.10,1.29
2014.09.22 04:23:38.144,1.77903,1.77923,1.10,1.29
2014.09.22 04:23:38.839,1.77903,1.77923,1.50,1.19
2014.09.22 04:23:39.799,1.77903,1.77923,1.50,1.19
2014.09.22 04:23:45.811,1.77903,1.77923,1.57,1.29
2014.09.22 04:23:47.815,1.77903,1.77923,1.10,1.29
2014.09.22 04:23:49.920,1.77903,1.77923,1.10,1.29
2014.09.22 04:23:53.600,1.77903,1.77923,1.95,1.29
2014.09.22 04:23:53.854,1.77905,1.77925,1.00,1.19
2014.09.22 04:23:54.867,1.77905,1.77925,1.00,1.26
2014.09.22 04:23:57.202,1.77908,1.77925,1.00,1.36
2014.09.22 04:23:58.784,1.77908,1.77925,1.00,1.19
2014.09.22 04:23:59.303,1.77908,1.77925,1.00,1.50
2014.09.22 04:24:00.291,1.77909,1.77925,2.06,1.00
2014.09.22 04:24:00.342,1.77912,1.77929,1.10,1.00
2014.09.22 04:24:00.393,1.77912,1.77934,2.81,1.10
2014.09.22 04:24:00.798,1.77912,1.77934,1.84,1.95
2014.09.22 04:24:00.899,1.77912,1.77934,1.10,2.21
2014.09.22 04:24:00.951,1.77912,1.77929,1.10,1.00
2014.09.22 04:24:01.255,1.77908,1.77926,1.19,1.50
2014.09.22 04:24:01.710,1.77907,1.77926,1.00,1.19
2014.09.22 04:24:02.301,1.77907,1.77926,1.00,1.19
2014.09.22 04:24:04.013,1.77907,1.77925,1.00,1.19
2014.09.22 04:24:08.036,1.77907,1.77925,1.00,1.19
2014.09.22 04:24:08.566,1.77906,1.77925,1.00,1.19
2014.09.22 04:24:09.113,1.77906,1.77925,1.00,1.19
2014.09.22 04:24:10.998,1.77906,1.77925,1.00,1.31
2014.09.22 04:24:12.392,1.77909,1.77925,1.00,1.19
2014.09.22 04:24:12.443,1.77909,1.77925,1.00,1.19
2014.09.22 04:24:12.966,1.7791,1.77926,1.00,1.19
2014.09.22 04:24:13.448,1.7791,1.77926,1.00,1.25
2014.09.22 04:24:13.650,1.77911,1.77933,2.25,2.14
2014.09.22 04:24:14.155,1.77911,1.77933,2.25,1.71
2014.09.22 04:24:14.206,1.77911,1.77932,2.25,1.76
2014.09.22 04:24:14.408,1.77908,1.77926,1.10,1.31
2014.09.22 04:24:15.329,1.77908,1.77926,1.10,1.19
2014.09.22 04:24:16.827,1.77908,1.77926,1.17,1.19
2014.09.22 04:24:18.442,1.77906,1.77926,2.40,1.19
2014.09.22 04:24:30.152,1.77907,1.77926,1.57,1.19
2014.09.22 04:24:30.355,1.77908,1.77927,1.00,1.19
2014.09.22 04:24:32.755,1.77908,1.77927,1.00,2.44
2014.09.22 04:24:33.971,1.77907,1.77926,1.10,1.19
2014.09.22 04:24:37.776,1.77906,1.77926,1.65,1.19
2014.09.22 04:24:40.787,1.77905,1.77926,2.40,1.19
2014.09.22 04:24:41.191,1.77905,1.77926,1.84,1.00
2014.09.22 04:24:41.701,1.77908,1.77927,1.00,1.50
2014.09.22 04:24:42.208,1.77908,1.77927,1.15,1.50
2014.09.22 04:24:45.304,1.77906,1.77927,2.25,2.62
2014.09.22 04:24:45.816,1.77906,1.77927,1.15,1.87
2014.09.22 04:24:55.911,1.77905,1.77925,1.57,2.81
2014.09.22 04:24:55.962,1.77905,1.77922,1.50,1.00
2014.09.22 04:24:56.012,1.77903,1.77922,1.00,1.00
2014.09.22 04:24:56.164,1.77902,1.77917,1.25,1.00
2014.09.22 04:24:56.316,1.77894,1.77914,2.62,1.00
2014.09.22 04:24:56.367,1.77894,1.77914,1.00,1.07
2014.09.22 04:24:56.418,1.77894,1.77907,1.00,1.00
2014.09.22 04:24:56.520,1.77888,1.77906,2.51,1.00
2014.09.22 04:24:56.622,1.77888,1.77908,3.07,1.00
2014.09.22 04:24:56.775,1.7789,1.77912,1.17,1.19
2014.09.22 04:24:56.927,1.7789,1.77912,1.57,1.69
2014.09.22 04:24:57.231,1.77891,1.77912,2.51,1.00
2014.09.22 04:24:57.383,1.77895,1.77915,2.25,1.00
2014.09.22 04:24:57.535,1.77901,1.77916,1.75,1.00
2014.09.22 04:24:57.636,1.77902,1.77921,1.57,1.50
2014.09.22 04:24:57.738,1.77905,1.77926,1.07,1.10
2014.09.22 04:24:57.941,1.77906,1.77926,1.26,1.00
2014.09.22 04:24:59.740,1.77911,1.7793,1.50,1.00
2014.09.22 04:24:59.842,1.77911,1.7793,1.15,1.00
2014.09.22 04:25:01.641,1.77911,1.7793,1.10,1.00
2014.09.22 04:25:01.863,1.77911,1.77928,1.00,1.00
2014.09.22 04:25:02.116,1.77906,1.77927,1.39,1.00
2014.09.22 04:25:02.730,1.77905,1.77927,3.26,1.10
2014.09.22 04:25:03.342,1.77905,1.77927,2.59,1.10
2014.09.22 04:25:05.714,1.77905,1.77927,3.26,1.00
2014.09.22 04:25:05.815,1.77905,1.77927,2.59,1.07
2014.09.22 04:25:06.321,1.77905,1.77927,1.32,1.57
2014.09.22 04:25:13.630,1.77905,1.77927,1.32,1.50
2014.09.22 04:25:14.410,1.77905,1.77923,1.34,1.00
2014.09.22 04:25:14.562,1.77905,1.77927,1.34,1.50
2014.09.22 04:25:15.056,1.77907,1.77927,1.07,1.00
2014.09.22 04:25:20.943,1.77905,1.77927,1.34,1.10
2014.09.22 04:25:22.794,1.77905,1.77927,1.34,1.57
2014.09.22 04:25:28.776,1.77905,1.77927,1.34,1.57
2014.09.22 04:25:29.552,1.77907,1.77927,1.40,1.50
2014.09.22 04:25:30.160,1.77905,1.77927,1.34,1.50
2014.09.22 04:25:30.820,1.77907,1.77927,1.76,1.50
2014.09.22 04:25:31.132,1.77908,1.77927,1.39,1.00
2014.09.22 04:25:36.097,1.77908,1.77928,1.39,1.00
2014.09.22 04:25:37.012,1.77907,1.77924,1.50,1.00
2014.09.22 04:25:37.063,1.77905,1.77923,1.00,1.10
2014.09.22 04:25:37.570,1.77906,1.77923,1.12,1.00
2014.09.22 04:25:38.076,1.77906,1.77923,1.27,1.00
2014.09.22 04:25:38.624,1.77909,1.77923,1.37,1.00
2014.09.22 04:25:38.675,1.77909,1.77926,1.87,1.00
2014.09.22 04:25:39.079,1.77908,1.77923,1.76,1.00
2014.09.22 04:25:39.231,1.77908,1.77926,2.51,1.00
2014.09.22 04:25:39.737,1.77908,1.77926,1.84,1.00
2014.09.22 04:25:39.954,1.77908,1.77926,1.65,1.00
2014.09.22 04:25:40.207,1.77906,1.77922,1.84,1.00
2014.09.22 04:25:40.744,1.77906,1.77922,1.84,1.00
2014.09.22 04:25:41.252,1.77906,1.77922,1.84,1.00
2014.09.22 04:25:50.166,1.77906,1.77922,1.65,1.00
2014.09.22 04:25:54.389,1.77906,1.77922,1.57,1.00
2014.09.22 04:25:56.815,1.77906,1.77924,1.57,1.00
2014.09.22 04:25:57.902,1.77905,1.7792,1.25,1.00
2014.09.22 04:25:59.140,1.77903,1.7792,1.76,1.00
2014.09.22 04:26:01.189,1.77903,1.7792,1.69,1.00
2014.09.22 04:26:03.149,1.77903,1.7792,1.69,1.00
2014.09.22 04:26:09.440,1.77906,1.77925,1.07,1.00
2014.09.22 04:26:10.719,1.77906,1.77925,1.36,1.00
2014.09.22 04:26:31.253,1.77906,1.77925,1.20,1.00
2014.09.22 04:26:34.199,1.77906,1.77925,1.17,1.00
2014.09.22 04:26:34.837,1.77908,1.77925,1.17,1.00
2014.09.22 04:26:40.062,1.77908,1.77927,1.65,1.00
2014.09.22 04:26:45.704,1.77908,1.77927,1.00,1.50
2014.09.22 04:26:45.856,1.77907,1.77924,1.00,1.00
2014.09.22 04:26:48.576,1.77907,1.77922,1.00,1.00
2014.09.22 04:26:48.831,1.779,1.77917,1.00,1.10
2014.09.22 04:26:48.933,1.77899,1.77915,1.00,1.00
2014.09.22 04:26:49.237,1.779,1.77917,1.17,1.00
2014.09.22 04:26:49.389,1.77898,1.77915,2.51,1.00
2014.09.22 04:26:53.347,1.77897,1.77913,1.25,1.00
2014.09.22 04:26:53.601,1.77898,1.77915,1.87,1.00
2014.09.22 04:26:54.110,1.77897,1.77915,1.31,1.10
2014.09.22 04:26:56.727,1.77896,1.77915,1.00,1.20
2014.09.22 04:26:56.829,1.77896,1.77915,1.00,1.27
2014.09.22 04:26:57.132,1.7789,1.77907,1.31,1.00
2014.09.22 04:26:57.639,1.77892,1.77908,1.25,1.00
2014.09.22 04:26:57.740,1.77892,1.7791,1.09,1.00
2014.09.22 04:26:58.254,1.77892,1.7791,1.36,1.00
2014.09.22 04:27:00.969,1.77892,1.7791,1.40,1.00
2014.09.22 04:27:02.325,1.77891,1.7791,1.00,1.10
2014.09.22 04:27:02.478,1.77893,1.77908,1.00,1.00
2014.09.22 04:27:02.579,1.77894,1.77912,1.00,1.10
2014.09.22 04:27:02.681,1.77894,1.77909,1.19,1.00
2014.09.22 04:27:02.833,1.77892,1.77912,1.34,1.00
2014.09.22 04:27:02.884,1.77891,1.77912,1.76,1.50
2014.09.22 04:27:02.935,1.77892,1.77909,1.00,1.10
2014.09.22 04:27:03.037,1.77892,1.77913,2.32,1.50
2014.09.22 04:27:03.138,1.77892,1.77912,1.50,1.15
2014.09.22 04:27:03.442,1.77892,1.77912,1.69,1.00
2014.09.22 04:27:03.544,1.77892,1.77913,1.84,1.57
2014.09.22 04:27:03.949,1.77894,1.77915,1.65,1.00
2014.09.22 04:27:04.471,1.77897,1.77915,1.10,1.00
2014.09.22 04:27:05.463,1.77897,1.77916,1.17,1.00
2014.09.22 04:27:05.766,1.77901,1.77917,1.50,1.00
2014.09.22 04:27:05.868,1.77901,1.77919,1.69,1.00
2014.09.22 04:27:06.021,1.77901,1.7792,1.76,1.00
2014.09.22 04:27:06.122,1.77903,1.77923,1.57,1.10
2014.09.22 04:27:06.675,1.77903,1.77923,1.76,1.10
2014.09.22 04:27:06.928,1.77903,1.77923,2.44,1.00
2014.09.22 04:27:08.057,1.77906,1.77923,1.15,1.00
2014.09.22 04:27:08.210,1.77907,1.77927,1.17,2.25
2014.09.22 04:27:08.513,1.77906,1.77925,1.40,1.00
2014.09.22 04:27:09.022,1.77906,1.77925,1.32,1.00
2014.09.22 04:27:09.427,1.77908,1.77927,1.07,1.00
2014.09.22 04:27:13.852,1.77908,1.77924,1.76,1.00
2014.09.22 04:27:13.954,1.77906,1.77924,1.76,1.00
2014.09.22 04:27:14.156,1.77905,1.77924,1.20,1.00
2014.09.22 04:27:14.207,1.77905,1.7792,1.10,1.00
2014.09.22 04:27:14.459,1.77903,1.77919,1.09,1.00
2014.09.22 04:27:15.646,1.77903,1.7792,1.20,1.00
2014.09.22 04:27:16.171,1.77903,1.77918,1.10,1.00
2014.09.22 04:27:16.711,1.77903,1.77916,1.00,1.00
2014.09.22 04:27:16.863,1.77901,1.77918,1.39,1.00
2014.09.22 04:27:17.217,1.77899,1.77916,1.15,1.00
2014.09.22 04:27:17.268,1.77899,1.77916,1.10,1.00
2014.09.22 04:27:18.296,1.77899,1.77915,1.10,1.00
2014.09.22 04:27:18.897,1.77899,1.77916,1.00,1.00
2014.09.22 04:27:20.277,1.77899,1.77916,1.00,1.65
2014.09.22 04:27:20.429,1.77896,1.77911,1.25,1.00
2014.09.22 04:27:31.321,1.77897,1.77911,1.00,1.00
2014.09.22 04:27:31.524,1.77899,1.77916,1.10,1.00
2014.09.22 04:27:32.029,1.77899,1.77916,2.02,1.00
2014.09.22 04:27:32.636,1.77897,1.77914,1.84,1.00
2014.09.22 04:27:32.687,1.77897,1.77914,1.00,1.10
2014.09.22 04:27:33.091,1.77894,1.77913,2.25,1.10
2014.09.22 04:27:33.496,1.77892,1.77911,2.25,1.00
2014.09.22 04:27:33.874,1.77897,1.77911,1.10,1.00
2014.09.22 04:27:33.926,1.77897,1.77914,2.32,1.00
2014.09.22 04:27:33.977,1.77897,1.77914,3.26,1.00
2014.09.22 04:27:34.182,1.77901,1.77917,1.19,1.00
2014.09.22 04:27:34.283,1.779,1.77914,1.29,1.00
2014.09.22 04:27:34.385,1.77901,1.77918,1.84,1.00
2014.09.22 04:27:34.436,1.77905,1.77918,1.00,1.00
2014.09.22 04:27:34.693,1.77908,1.77922,1.01,1.00
2014.09.22 04:27:35.153,1.77902,1.77919,1.84,1.00
2014.09.22 04:27:35.507,1.77902,1.77919,1.00,1.00
2014.09.22 04:27:35.609,1.77903,1.77922,1.00,2.44
2014.09.22 04:27:35.660,1.77903,1.77917,1.00,1.00
2014.09.22 04:27:35.786,1.77903,1.7792,1.00,1.00
2014.09.22 04:27:36.298,1.779,1.77919,2.21,1.00
2014.09.22 04:27:36.602,1.779,1.77916,1.46,1.00
2014.09.22 04:27:37.123,1.77901,1.77916,2.96,1.00
2014.09.22 04:27:37.376,1.77899,1.77916,2.21,1.00
2014.09.22 04:27:37.528,1.77899,1.77916,1.00,1.50
2014.09.22 04:27:37.579,1.77895,1.77911,1.15,1.00
2014.09.22 04:27:37.630,1.77895,1.77911,1.00,1.00
2014.09.22 04:27:38.136,1.77894,1.77911,1.25,1.10
2014.09.22 04:27:38.440,1.77891,1.7791,1.10,1.00
2014.09.22 04:27:38.591,1.7789,1.77905,1.00,1.00
2014.09.22 04:27:48.430,1.77891,1.77905,1.00,1.00
2014.09.22 04:27:48.582,1.77892,1.7791,1.20,1.00
2014.09.22 04:27:48.734,1.77892,1.7791,1.39,1.00
2014.09.22 04:27:48.887,1.77895,1.77912,2.25,1.00
2014.09.22 04:27:48.939,1.77896,1.77912,1.15,1.00
2014.09.22 04:27:49.142,1.77898,1.77914,1.09,1.00
2014.09.22 04:27:49.243,1.77899,1.77916,1.69,1.00
2014.09.22 04:27:49.345,1.77901,1.77918,1.36,1.00
2014.09.22 04:27:49.650,1.77903,1.7792,1.69,1.00
2014.09.22 04:27:49.803,1.77905,1.77923,1.19,1.00
2014.09.22 04:27:50.351,1.77905,1.77924,1.19,1.00
2014.09.22 04:27:51.105,1.77905,1.77924,1.19,1.00
2014.09.22 04:27:51.332,1.77905,1.77924,1.19,1.50
2014.09.22 04:27:51.873,1.77904,1.77922,1.76,1.00
2014.09.22 04:27:52.344,1.77903,1.77922,1.09,1.00
2014.09.22 04:27:56.562,1.77908,1.77922,1.00,1.00
2014.09.22 04:27:56.714,1.77908,1.77925,1.65,1.00
2014.09.22 04:27:57.170,1.77908,1.77923,1.17,1.00
2014.09.22 04:27:57.373,1.77908,1.77927,1.65,1.00
2014.09.22 04:28:00.128,1.77908,1.77929,1.36,1.00
2014.09.22 04:28:00.712,1.77908,1.77928,1.09,1.00
2014.09.22 04:28:00.763,1.77908,1.77923,1.17,1.00
2014.09.22 04:28:00.865,1.77904,1.77923,1.84,1.00
2014.09.22 04:28:00.966,1.77904,1.77922,1.00,1.19
2014.09.22 04:28:01.017,1.77899,1.7792,1.50,1.19
2014.09.22 04:28:01.068,1.779,1.7792,1.00,1.34
2014.09.22 04:28:01.272,1.77901,1.7792,1.20,1.00
2014.09.22 04:28:01.594,1.77903,1.7792,1.00,1.00
2014.09.22 04:28:01.898,1.77906,1.77923,1.07,1.00
2014.09.22 04:28:02.410,1.77905,1.77924,1.17,1.00
2014.09.22 04:28:02.461,1.77905,1.77924,1.00,1.00
2014.09.22 04:28:02.563,1.77905,1.77924,1.00,1.57
2014.09.22 04:28:02.968,1.77903,1.7792,1.00,1.00
2014.09.22 04:28:03.069,1.77899,1.77918,1.69,1.00
2014.09.22 04:28:03.991,1.77899,1.77918,1.50,1.00
2014.09.22 04:28:11.185,1.77899,1.77917,1.50,1.00
2014.09.22 04:28:11.893,1.77899,1.77918,1.00,1.00
2014.09.22 04:28:15.777,1.779,1.77918,1.00,1.00
2014.09.22 04:28:15.829,1.77904,1.77917,1.00,1.00
2014.09.22 04:28:15.981,1.77908,1.77924,1.07,1.00
2014.09.22 04:28:16.083,1.77909,1.77924,1.29,1.00
2014.09.22 04:28:16.184,1.77911,1.77926,1.39,1.00
2014.09.22 04:28:17.384,1.77912,1.77928,1.25,1.00
2014.09.22 04:28:17.486,1.77912,1.77932,1.69,1.00
2014.09.22 04:28:33.730,1.77913,1.77932,1.00,1.00
2014.09.22 04:28:36.612,1.77913,1.7793,1.00,1.00
2014.09.22 04:28:56.767,1.77911,1.7793,1.39,1.00
2014.09.22 04:28:56.869,1.77911,1.77928,1.25,1.00
2014.09.22 04:28:57.072,1.77911,1.7793,1.25,1.00
2014.09.22 04:29:00.103,1.77912,1.77929,1.00,1.00
2014.09.22 04:29:16.909,1.77912,1.77929,1.19,1.00
2014.09.22 04:29:17.865,1.77912,1.77929,1.19,1.00
2014.09.22 04:29:18.467,1.77912,1.77929,1.00,1.00
2014.09.22 04:29:18.786,1.77912,1.77928,1.00,1.17
2014.09.22 04:29:19.039,1.77912,1.77929,1.00,1.00
2014.09.22 04:29:19.090,1.77912,1.77927,1.00,1.00
2014.09.22 04:29:19.495,1.77912,1.77929,1.00,1.00
2014.09.22 04:29:20.050,1.77912,1.77929,1.00,1.15
2014.09.22 04:29:23.121,1.7791,1.77927,1.00,1.00
2014.09.22 04:29:27.146,1.77908,1.77925,1.17,1.00
2014.09.22 04:29:53.110,1.77911,1.77928,1.00,1.10
2014.09.22 04:29:56.038,1.77911,1.77928,1.00,1.57
2014.09.22 04:29:56.139,1.77911,1.77924,1.00,1.00
2014.09.22 04:29:56.191,1.77905,1.77921,1.07,1.00
2014.09.22 04:29:56.292,1.77903,1.77918,1.00,1.00
2014.09.22 04:29:56.814,1.77901,1.77918,1.39,1.00
2014.09.22 04:29:57.351,1.77901,1.77918,1.20,1.00
2014.09.22 04:30:00.471,1.77904,1.77918,1.57,1.00
2014.09.22 04:30:00.522,1.77905,1.77921,1.10,1.00
2014.09.22 04:30:01.031,1.77905,1.77922,1.00,1.00
2014.09.22 04:30:06.116,1.77905,1.77921,1.00,1.00
2014.09.22 04:30:09.962,1.77901,1.77916,1.15,1.00
2014.09.22 04:30:14.878,1.77901,1.77916,1.09,1.00
2014.09.22 04:30:15.384,1.77901,1.77916,1.20,1.00
2014.09.22 04:30:16.842,1.779,1.77916,1.00,1.00
2014.09.22 04:30:17.349,1.77899,1.77916,1.25,1.00
2014.09.22 04:30:17.854,1.77898,1.77914,1.19,1.00
2014.09.22 04:30:18.615,1.77898,1.77914,1.00,1.00
2014.09.22 04:30:22.838,1.77893,1.7791,1.84,1.00
2014.09.22 04:30:23.807,1.77893,1.7791,1.00,1.20
2014.09.22 04:30:27.323,1.77893,1.7791,1.00,1.17
2014.09.22 04:30:32.179,1.7789,1.77907,1.19,1.00
2014.09.22 04:30:32.432,1.77888,1.77905,2.25,1.00
2014.09.22 04:30:32.787,1.77886,1.77904,1.62,1.17
2014.09.22 04:30:33.140,1.77883,1.77902,1.56,1.20
2014.09.22 04:30:33.192,1.77883,1.77902,1.56,1.17
2014.09.22 04:30:33.546,1.77883,1.77902,1.69,1.57
2014.09.22 04:30:37.689,1.77883,1.779,1.12,1.00
2014.09.22 04:30:38.529,1.77883,1.779,3.19,1.00
2014.09.22 04:30:40.530,1.77883,1.779,2.44,1.00
2014.09.22 04:30:54.022,1.77882,1.779,1.00,1.10
2014.09.22 04:30:54.326,1.77882,1.779,1.00,1.57
2014.09.22 04:30:54.528,1.77877,1.77896,1.00,1.57
2014.09.22 04:30:54.731,1.77873,1.77893,3.64,1.10
2014.09.22 04:30:55.597,1.77873,1.77893,2.21,1.00
2014.09.22 04:30:57.432,1.77873,1.77893,2.89,1.00
2014.09.22 04:30:57.774,1.77873,1.77893,2.21,1.00
2014.09.22 04:31:01.298,1.77873,1.77893,2.21,1.00
2014.09.22 04:31:02.300,1.77876,1.77895,1.37,1.10
2014.09.22 04:31:02.929,1.77876,1.77896,1.17,1.00
2014.09.22 04:31:04.583,1.77876,1.77896,1.12,1.20
2014.09.22 04:31:05.586,1.77876,1.77896,1.37,1.09
2014.09.22 04:31:07.489,1.77876,1.77896,1.37,1.20
2014.09.22 04:31:09.197,1.77876,1.77896,1.27,1.00
2014.09.22 04:31:12.998,1.77878,1.77897,1.00,1.10
2014.09.22 04:31:13.100,1.77879,1.77897,1.07,1.10
2014.09.22 04:31:13.303,1.77886,1.77907,1.47,2.70
2014.09.22 04:31:13.506,1.77887,1.77907,1.19,1.12
2014.09.22 04:31:13.913,1.77886,1.77904,1.00,1.10
2014.09.22 04:31:14.421,1.77884,1.77904,1.69,1.17
2014.09.22 04:31:14.943,1.77884,1.77904,1.50,1.17
2014.09.22 04:31:15.468,1.77884,1.77902,1.50,1.00
2014.09.22 04:31:18.095,1.77886,1.77904,1.00,1.25
2014.09.22 04:31:18.399,1.77889,1.77907,1.00,1.00
2014.09.22 04:31:18.703,1.77886,1.77907,1.57,1.15
2014.09.22 04:31:19.216,1.77886,1.77907,1.00,3.07
2014.09.22 04:31:20.810,1.77886,1.77907,1.00,2.96
2014.09.22 04:31:21.509,1.77886,1.77904,1.00,1.00
2014.09.22 04:31:22.027,1.77886,1.77904,1.00,1.19
2014.09.22 04:31:22.938,1.77886,1.77904,1.00,1.69
2014.09.22 04:31:26.921,1.77886,1.77905,1.00,1.01
2014.09.22 04:31:27.226,1.77888,1.77905,1.00,1.10
2014.09.22 04:31:27.327,1.77886,1.77905,1.00,1.10
2014.09.22 04:31:28.732,1.77886,1.77903,1.01,1.00
2014.09.22 04:31:28.885,1.77881,1.77902,1.00,1.95
2014.09.22 04:31:28.936,1.77883,1.77901,1.50,1.47
2014.09.22 04:31:29.241,1.77889,1.77909,1.00,1.36
2014.09.22 04:31:29.545,1.77886,1.77908,1.69,2.32
2014.09.22 04:31:30.662,1.77886,1.77905,1.69,1.10
2014.09.22 04:31:35.510,1.77886,1.77901,1.00,1.87
2014.09.22 04:31:35.561,1.77884,1.77901,1.00,1.95
2014.09.22 04:31:35.662,1.77882,1.77901,1.10,2.14
2014.09.22 04:31:35.714,1.77882,1.77898,1.10,1.00
2014.09.22 04:31:36.019,1.7788,1.77896,1.00,1.25
2014.09.22 04:31:36.626,1.77877,1.77896,1.00,1.69
2014.09.22 04:31:36.779,1.77877,1.77896,1.39,1.50
2014.09.22 04:31:36.981,1.77881,1.779,1.19,1.00
2014.09.22 04:31:37.286,1.77881,1.779,2.21,1.00
2014.09.22 04:31:37.590,1.77889,1.77906,1.76,1.00
2014.09.22 04:31:37.641,1.77892,1.77909,1.17,1.37
2014.09.22 04:31:37.742,1.77892,1.77909,1.57,1.37
2014.09.22 04:31:37.844,1.77895,1.77912,1.00,1.57
2014.09.22 04:32:09.425,1.77895,1.77912,1.00,2.44
2014.09.22 04:32:16.697,1.77893,1.7791,1.00,1.17
2014.09.22 04:32:17.201,1.77892,1.77909,1.00,1.10
2014.09.22 04:32:21.723,1.77892,1.77907,1.00,1.00
2014.09.22 04:32:21.944,1.77892,1.77909,1.00,1.10
2014.09.22 04:32:22.046,1.77892,1.77907,1.00,1.00
2014.09.22 04:32:22.198,1.77892,1.77909,1.00,1.20
2014.09.22 04:32:22.400,1.77892,1.77907,1.00,1.00
2014.09.22 04:32:22.483,1.77892,1.77909,1.00,1.20
2014.09.22 04:32:22.703,1.77892,1.77907,1.00,1.00
2014.09.22 04:32:22.855,1.77892,1.77909,1.00,1.20
2014.09.22 04:32:22.957,1.77892,1.77907,1.00,1.00
2014.09.22 04:32:23.705,1.77889,1.77906,1.00,1.50
2014.09.22 04:32:24.110,1.77889,1.77904,1.00,1.00
2014.09.22 04:32:24.467,1.77884,1.77903,1.25,1.10
2014.09.22 04:32:27.870,1.77884,1.77903,1.00,2.51
2014.09.22 04:32:29.815,1.77884,1.77903,1.00,1.76
2014.09.22 04:32:40.016,1.77882,1.77899,1.20,1.00
2014.09.22 04:32:40.433,1.77881,1.77898,1.00,1.07
2014.09.22 04:32:40.940,1.77881,1.77898,1.00,1.15
2014.09.22 04:32:56.839,1.77878,1.77897,1.00,1.17
2014.09.22 04:32:58.303,1.77878,1.77897,1.00,1.00
2014.09.22 04:33:01.334,1.77878,1.77894,1.00,1.00
2014.09.22 04:33:03.165,1.77878,1.77894,1.00,1.57
2014.09.22 04:33:03.469,1.77876,1.77891,1.00,1.10
2014.09.22 04:33:11.763,1.77877,1.77894,1.00,1.00
2014.09.22 04:33:12.268,1.77878,1.77894,1.00,1.00
2014.09.22 04:33:17.043,1.77877,1.77894,1.50,1.00
2014.09.22 04:33:19.692,1.77878,1.77894,1.00,1.00
2014.09.22 04:33:21.075,1.77879,1.77896,1.00,1.25
2014.09.22 04:33:21.176,1.7788,1.77897,1.20,1.00
2014.09.22 04:33:21.379,1.77883,1.77902,1.00,1.45
2014.09.22 04:33:21.481,1.77887,1.77902,1.00,1.00
2014.09.22 04:33:25.185,1.77887,1.779,1.00,1.00
2014.09.22 04:33:34.004,1.77887,1.77901,1.50,1.00
2014.09.22 04:33:35.104,1.77888,1.77901,1.00,1.00
2014.09.22 04:33:36.738,1.77888,1.77902,1.00,1.00
2014.09.22 04:33:37.534,1.77888,1.779,1.00,1.00
2014.09.22 04:33:38.633,1.77883,1.779,1.00,1.00
2014.09.22 04:33:40.251,1.77884,1.77903,1.00,1.15
2014.09.22 04:33:40.582,1.77888,1.77903,1.00,1.15
2014.09.22 04:33:42.575,1.77884,1.77903,1.00,1.46
2014.09.22 04:33:47.378,1.77884,1.77903,1.10,1.25
2014.09.22 04:33:54.591,1.77884,1.77903,1.47,1.00
2014.09.22 04:33:54.642,1.77887,1.77903,1.00,1.00
2014.09.22 04:33:54.948,1.77894,1.77907,1.10,1.00
2014.09.22 04:33:54.999,1.77894,1.77909,1.10,1.00
2014.09.22 04:33:55.049,1.77897,1.77909,1.00,1.00
2014.09.22 04:33:55.454,1.77897,1.77912,1.00,1.00
2014.09.22 04:33:55.555,1.77897,1.77916,1.50,1.20
2014.09.22 04:33:57.149,1.77897,1.77916,1.50,2.06
2014.09.22 04:34:01.062,1.77897,1.77916,2.25,1.07
2014.09.22 04:34:01.712,1.77897,1.77916,2.25,1.00
2014.09.22 04:34:02.260,1.77897,1.77916,2.32,1.00
2014.09.22 04:34:05.730,1.77897,1.77916,2.32,1.00
2014.09.22 04:34:20.121,1.77898,1.77916,1.00,1.00
2014.09.22 04:34:20.627,1.77897,1.77916,2.25,1.00
2014.09.22 04:34:47.774,1.77897,1.77916,1.00,1.19
2014.09.22 04:34:49.146,1.77897,1.77916,1.00,1.00
2014.09.22 04:34:51.895,1.77897,1.77906,1.00,1.50
2014.09.22 04:34:51.997,1.77891,1.77904,1.00,1.56
2014.09.22 04:34:52.301,1.77885,1.77901,1.00,1.95
2014.09.22 04:34:52.658,1.77882,1.77901,1.00,1.10
2014.09.22 04:34:53.215,1.77884,1.77901,1.00,1.10
2014.09.22 04:34:54.205,1.77884,1.77902,1.00,1.20
2014.09.22 04:34:54.509,1.77889,1.77902,1.00,1.20
2014.09.22 04:34:58.220,1.77889,1.77903,1.00,2.77
2014.09.22 04:34:58.271,1.77886,1.779,1.00,1.00
2014.09.22 04:34:58.474,1.77883,1.779,1.00,1.00
2014.09.22 04:34:59.000,1.77881,1.779,1.19,1.00
2014.09.22 04:34:59.530,1.77881,1.779,1.00,1.00
2014.09.22 04:35:00.699,1.77884,1.779,1.00,1.10
2014.09.22 04:35:01.103,1.77884,1.77902,1.50,1.00
2014.09.22 04:35:01.678,1.77885,1.77902,1.00,1.00
2014.09.22 04:35:01.845,1.77885,1.77901,1.00,1.07
2014.09.22 04:35:02.048,1.77882,1.779,1.00,1.10
2014.09.22 04:35:03.117,1.77882,1.77898,1.00,1.00
2014.09.22 04:35:03.218,1.7788,1.77897,1.50,1.00
2014.09.22 04:35:03.730,1.7788,1.779,1.50,1.15
2014.09.22 04:35:04.861,1.7788,1.77897,1.00,1.00
2014.09.22 04:35:07.378,1.7788,1.77898,1.00,1.10
2014.09.22 04:35:08.945,1.77878,1.77898,1.10,1.20
2014.09.22 04:35:08.996,1.77878,1.77898,1.10,1.27
2014.09.22 04:35:09.503,1.77877,1.77895,1.00,1.10
2014.09.22 04:35:09.605,1.77875,1.77895,1.00,2.32
2014.09.22 04:35:10.110,1.77875,1.77895,1.17,2.32
2014.09.22 04:35:20.074,1.77875,1.77895,1.00,1.57
2014.09.22 04:35:20.379,1.77875,1.77895,1.00,2.70
2014.09.22 04:35:20.504,1.77875,1.77895,1.00,1.95
2014.09.22 04:35:41.958,1.77875,1.77895,1.10,1.76
2014.09.22 04:35:44.063,1.77875,1.77895,1.10,1.76
2014.09.22 04:35:49.272,1.77875,1.77895,1.10,1.76
2014.09.22 04:35:51.275,1.77875,1.77895,1.10,1.76
2014.09.22 04:35:52.277,1.77875,1.77895,1.10,1.76
2014.09.22 04:35:53.323,1.77875,1.77895,1.47,1.57
2014.09.22 04:35:53.848,1.77875,1.77895,1.00,1.17
2014.09.22 04:35:56.439,1.77874,1.77893,1.00,1.00
2014.09.22 04:35:56.717,1.77873,1.77892,1.00,1.15
2014.09.22 04:35:56.819,1.77871,1.77891,1.50,1.46
2014.09.22 04:35:57.021,1.77869,1.7789,1.50,2.14
2014.09.22 04:35:57.526,1.7787,1.7789,1.00,1.76
2014.09.22 04:35:58.263,1.77869,1.7789,1.50,1.76
2014.09.22 04:36:00.788,1.77869,1.7789,1.50,1.84
2014.09.22 04:36:06.042,1.77869,1.77887,1.50,1.00
2014.09.22 04:36:16.716,1.77869,1.77884,1.00,1.00
2014.09.22 04:36:18.584,1.77868,1.77884,1.00,1.00
2014.09.22 04:36:19.923,1.7787,1.77884,1.12,1.00
2014.09.22 04:36:20.025,1.77872,1.77889,1.10,1.19
2014.09.22 04:36:20.228,1.77873,1.7789,1.12,1.50
2014.09.22 04:36:45.365,1.77871,1.7789,1.95,1.00
2014.09.22 04:36:55.201,1.77871,1.77891,2.32,1.00
2014.09.22 04:36:57.406,1.77873,1.77891,1.12,1.00
2014.09.22 04:36:57.763,1.77874,1.77891,1.20,1.00
2014.09.22 04:36:58.016,1.77873,1.77891,1.12,1.00
2014.09.22 04:36:58.118,1.77871,1.77891,1.57,1.01
2014.09.22 04:36:58.169,1.77871,1.77886,1.10,1.00
2014.09.22 04:36:58.270,1.77869,1.77886,1.00,1.50
2014.09.22 04:36:58.422,1.77864,1.77885,2.59,1.10
2014.09.22 04:36:58.937,1.77864,1.77885,1.84,1.10
2014.09.22 04:36:59.446,1.77864,1.77885,2.02,1.10
2014.09.22 04:36:59.699,1.77866,1.77885,1.95,1.00
2014.09.22 04:37:00.002,1.77869,1.77886,1.37,1.00
2014.09.22 04:37:00.155,1.77869,1.77889,1.87,1.00
2014.09.22 04:37:01.694,1.7787,1.77886,1.62,1.00
2014.09.22 04:37:01.897,1.77868,1.77884,1.12,1.00
2014.09.22 04:37:02.480,1.77867,1.77884,1.00,1.17
2014.09.22 04:37:02.683,1.77863,1.77882,2.70,1.50
2014.09.22 04:37:14.017,1.77863,1.77879,1.00,1.00
2014.09.22 04:37:14.473,1.77861,1.77879,1.31,1.00
2014.09.22 04:37:19.733,1.77861,1.77878,1.00,1.00
2014.09.22 04:37:20.290,1.77861,1.77879,1.00,1.00
2014.09.22 04:37:21.402,1.77859,1.77879,1.15,1.00
2014.09.22 04:37:23.667,1.77858,1.77877,2.40,1.00
2014.09.22 04:37:24.066,1.77858,1.77877,2.40,1.00
2014.09.22 04:37:24.556,1.77856,1.77875,1.84,1.00
2014.09.22 04:37:24.860,1.77855,1.77875,1.25,1.00
2014.09.22 04:37:25.214,1.77853,1.7787,1.26,1.00
2014.09.22 04:37:25.721,1.77852,1.7787,2.70,1.00
2014.09.22 04:37:25.800,1.77852,1.7787,2.62,1.00
2014.09.22 04:37:26.473,1.77851,1.7787,2.02,1.00
2014.09.22 04:37:26.757,1.77851,1.7787,2.77,1.00
2014.09.22 04:37:31.283,1.77855,1.7787,1.00,1.00
2014.09.22 04:37:31.384,1.77856,1.77877,1.57,1.50
2014.09.22 04:37:31.639,1.77861,1.77877,1.00,1.00
2014.09.22 04:37:31.740,1.77861,1.77879,1.10,1.00
2014.09.22 04:37:31.841,1.77863,1.77879,1.00,1.00
2014.09.22 04:37:32.146,1.77865,1.77879,1.00,1.00
2014.09.22 04:37:35.815,1.77863,1.77879,1.12,1.00
2014.09.22 04:37:40.023,1.77862,1.77879,1.31,1.00
2014.09.22 04:37:40.529,1.77861,1.77878,1.10,1.69
2014.09.22 04:37:40.579,1.77861,1.77878,1.00,2.51
2014.09.22 04:37:40.731,1.77858,1.77876,1.12,1.07
2014.09.22 04:37:41.392,1.77859,1.77875,1.00,1.00
2014.09.22 04:37:41.645,1.77855,1.77872,1.65,1.00
2014.09.22 04:37:42.159,1.77856,1.77872,1.00,1.00
2014.09.22 04:37:42.666,1.77856,1.77871,1.00,1.00
2014.09.22 04:37:42.717,1.77854,1.77871,1.00,1.10
2014.09.22 04:37:43.983,1.77854,1.77871,1.00,1.07
2014.09.22 04:37:44.136,1.77852,1.77871,1.00,1.15
2014.09.22 04:37:44.288,1.77853,1.77871,1.45,1.07
2014.09.22 04:37:44.592,1.77857,1.77873,1.07,1.00
2014.09.22 04:37:45.200,1.77855,1.77873,2.02,1.00
2014.09.22 04:37:45.504,1.77852,1.77873,1.15,2.32
2014.09.22 04:37:45.656,1.77852,1.77873,1.10,1.57
2014.09.22 04:37:46.172,1.77851,1.77871,1.76,1.00
2014.09.22 04:37:47.241,1.77851,1.77871,1.76,1.07
2014.09.22 04:37:52.118,1.77851,1.77871,1.57,1.10
2014.09.22 04:37:52.423,1.77853,1.77872,3.64,1.00
2014.09.22 04:37:52.627,1.77856,1.77875,1.55,1.00
2014.09.22 04:37:53.186,1.7786,1.77875,1.00,1.00
2014.09.22 04:37:54.617,1.7786,1.77877,1.00,1.10
2014.09.22 04:37:54.718,1.7786,1.77875,1.00,1.00
2014.09.22 04:37:54.819,1.77861,1.77878,1.00,1.50
2014.09.22 04:37:56.339,1.77856,1.7787,1.32,1.00
2014.09.22 04:37:56.491,1.77855,1.7787,1.12,1.00
2014.09.22 04:37:56.795,1.77854,1.77872,2.02,1.00
2014.09.22 04:37:56.947,1.77855,1.77872,1.39,1.00
2014.09.22 04:37:56.998,1.77857,1.77876,1.15,1.50
2014.09.22 04:37:57.100,1.77857,1.77876,1.10,1.50
2014.09.22 04:37:57.150,1.77855,1.77872,1.46,1.00
2014.09.22 04:37:57.656,1.77856,1.77872,1.57,1.00
2014.09.22 04:37:58.178,1.77855,1.77872,2.21,1.00
2014.09.22 04:38:01.096,1.77855,1.77872,1.50,1.00
2014.09.22 04:38:02.964,1.77854,1.7787,1.00,1.00
2014.09.22 04:38:03.495,1.77852,1.7787,2.06,1.00
2014.09.22 04:38:04.137,1.77852,1.7787,1.50,1.00
2014.09.22 04:38:09.403,1.77853,1.7787,1.00,1.00
2014.09.22 04:38:09.912,1.77854,1.7787,1.00,1.00
2014.09.22 04:38:10.431,1.77853,1.7787,1.69,1.00
2014.09.22 04:38:12.108,1.77853,1.7787,1.69,1.00
2014.09.22 04:38:13.197,1.77856,1.7787,1.00,1.00
2014.09.22 04:38:13.637,1.77854,1.7787,1.25,1.00
2014.09.22 04:38:16.288,1.77855,1.7787,1.00,1.00
2014.09.22 04:38:19.896,1.77854,1.7787,1.25,1.00
2014.09.22 04:38:21.130,1.77854,1.77868,1.00,1.00
2014.09.22 04:38:21.434,1.77852,1.77867,1.00,1.00
2014.09.22 04:38:21.950,1.77852,1.77868,1.00,1.00
2014.09.22 04:38:26.828,1.77852,1.77863,1.00,1.00
2014.09.22 04:38:26.929,1.77845,1.77862,1.00,3.37
2014.09.22 04:38:26.980,1.77845,1.77861,1.00,1.31
2014.09.22 04:38:27.183,1.77839,1.77853,1.00,1.00
2014.09.22 04:38:35.092,1.77839,1.77856,1.00,1.10
2014.09.22 04:38:35.648,1.77837,1.77856,1.50,1.10
2014.09.22 04:38:36.600,1.77836,1.77853,1.20,1.00
2014.09.22 04:38:37.135,1.77837,1.77854,1.00,1.00
2014.09.22 04:38:38.624,1.77837,1.77854,1.37,1.00
2014.09.22 04:38:38.927,1.77841,1.77854,1.00,1.00
2014.09.22 04:38:39.029,1.77841,1.77857,1.00,1.00
2014.09.22 04:38:39.130,1.77843,1.77857,1.00,1.00
2014.09.22 04:38:39.906,1.77841,1.77857,1.00,1.00
2014.09.22 04:38:40.447,1.77839,1.77857,2.14,1.00
2014.09.22 04:38:43.125,1.77841,1.77857,1.00,1.00
2014.09.22 04:38:43.327,1.77842,1.77857,1.37,1.00
2014.09.22 04:38:43.514,1.77847,1.77862,1.37,2.25
2014.09.22 04:38:43.565,1.7785,1.77864,1.00,1.00
2014.09.22 04:38:43.666,1.77852,1.77866,1.00,1.07
2014.09.22 04:38:43.768,1.7785,1.77866,1.57,1.00
2014.09.22 04:38:43.819,1.7785,1.77866,1.65,1.00
2014.09.22 04:38:43.870,1.7785,1.77869,1.65,1.00
2014.09.22 04:38:57.574,1.77851,1.77869,1.00,1.00
2014.09.22 04:39:14.495,1.77851,1.77869,1.15,1.00
2014.09.22 04:39:16.822,1.7785,1.77869,2.21,1.00
2014.09.22 04:39:19.104,1.7785,1.77869,1.27,1.00
2014.09.22 04:39:21.812,1.7785,1.77867,1.46,1.00
2014.09.22 04:39:24.926,1.77852,1.77867,1.00,1.00
2014.09.22 04:39:30.877,1.77852,1.77867,1.37,1.00
2014.09.22 04:39:30.979,1.77853,1.77871,2.70,1.00
2014.09.22 04:39:31.282,1.77857,1.77871,1.00,1.00
2014.09.22 04:39:46.258,1.77856,1.77871,1.00,1.00
2014.09.22 04:39:50.901,1.77855,1.77871,1.87,1.00
2014.09.22 04:39:54.057,1.77855,1.77868,1.12,1.00
2014.09.22 04:39:56.184,1.77854,1.77868,1.00,1.00
2014.09.22 04:40:06.612,1.77853,1.77868,1.50,1.00
2014.09.22 04:40:07.119,1.77852,1.77868,1.50,1.00
2014.09.22 04:40:07.423,1.77852,1.77865,1.50,1.00
2014.09.22 04:40:11.753,1.77852,1.77869,1.50,1.00
2014.09.22 04:40:12.007,1.77854,1.77869,1.01,1.00
2014.09.22 04:40:14.281,1.77852,1.77869,1.65,1.00
2014.09.22 04:40:24.093,1.77852,1.77869,3.52,1.00
2014.09.22 04:40:25.270,1.77853,1.77872,1.65,1.00
2014.09.22 04:40:25.423,1.77856,1.77873,1.00,1.00
2014.09.22 04:40:25.727,1.77853,1.77871,1.27,1.00
2014.09.22 04:40:29.511,1.77853,1.77871,1.10,1.00
2014.09.22 04:40:30.816,1.77854,1.77871,1.00,1.00
2014.09.22 04:40:31.730,1.77854,1.77871,1.37,1.00
2014.09.22 04:40:32.236,1.77856,1.77871,1.20,1.00
2014.09.22 04:40:32.337,1.7786,1.77875,1.00,1.00
2014.09.22 04:40:32.540,1.77857,1.77873,1.30,1.00
2014.09.22 04:40:32.641,1.77855,1.77873,1.71,1.00
2014.09.22 04:40:33.147,1.77854,1.77873,1.47,1.00
2014.09.22 04:40:33.197,1.77852,1.77868,2.96,1.00
2014.09.22 04:40:33.350,1.77852,1.77867,1.65,1.00
2014.09.22 04:40:33.401,1.77852,1.77867,1.50,1.00
2014.09.22 04:40:33.553,1.77849,1.77866,1.01,1.00
2014.09.22 04:40:36.416,1.77847,1.77864,1.39,1.00
2014.09.22 04:40:36.719,1.77847,1.77862,1.20,1.00
2014.09.22 04:40:37.175,1.77847,1.77864,1.20,1.00
2014.09.22 04:40:38.357,1.77847,1.77863,1.20,1.00
2014.09.22 04:40:38.976,1.77847,1.77864,1.20,1.00
2014.09.22 04:40:39.388,1.77845,1.7786,1.52,1.00
2014.09.22 04:40:39.691,1.77837,1.77855,1.95,1.00
2014.09.22 04:40:39.843,1.77837,1.77852,1.07,1.00
2014.09.22 04:40:39.945,1.77837,1.77854,1.65,1.00
2014.09.22 04:40:40.046,1.77837,1.77852,1.00,1.00
2014.09.22 04:40:40.350,1.77834,1.77849,2.14,1.00
2014.09.22 04:40:40.861,1.77834,1.7785,2.06,1.00
2014.09.22 04:40:40.962,1.77834,1.7785,1.50,1.00
2014.09.22 04:40:41.013,1.77834,1.77846,1.00,1.00
2014.09.22 04:40:41.165,1.77832,1.77846,1.00,1.00
2014.09.22 04:40:41.266,1.77829,1.77845,1.12,1.00
2014.09.22 04:40:41.519,1.77829,1.77845,1.80,1.00
2014.09.22 04:40:41.671,1.77831,1.77849,1.00,1.00
2014.09.22 04:40:41.924,1.77834,1.77849,1.00,1.00
2014.09.22 04:40:42.963,1.77834,1.77849,1.19,1.00
2014.09.22 04:40:45.071,1.77834,1.77849,1.25,1.00
2014.09.22 04:40:45.528,1.77835,1.77851,1.17,1.00
2014.09.22 04:40:45.730,1.77839,1.77855,1.00,1.00
2014.09.22 04:40:46.135,1.77837,1.77855,1.00,1.00
2014.09.22 04:40:46.640,1.77838,1.77855,1.12,1.00
2014.09.22 04:40:48.517,1.77835,1.77855,1.69,1.20
2014.09.22 04:40:53.473,1.77835,1.77855,1.17,1.00
2014.09.22 04:40:55.127,1.77838,1.77855,1.00,1.00
2014.09.22 04:40:57.438,1.77839,1.77855,1.00,1.00
2014.09.22 04:41:06.111,1.77839,1.77856,1.00,1.00
2014.09.22 04:41:07.573,1.77837,1.77856,1.27,1.00
2014.09.22 04:41:08.233,1.77834,1.77855,3.56,1.00
2014.09.22 04:41:08.284,1.77834,1.77853,2.14,1.00
2014.09.22 04:41:08.335,1.77834,1.77853,1.10,1.00
2014.09.22 04:41:08.436,1.77837,1.77853,1.00,1.00
2014.09.22 04:41:08.588,1.77834,1.77853,1.10,1.00
2014.09.22 04:41:08.842,1.77834,1.77855,2.32,1.69
2014.09.22 04:41:09.498,1.77834,1.77855,3.82,1.50
2014.09.22 04:41:15.578,1.77835,1.77853,1.20,1.00
2014.09.22 04:41:15.780,1.77834,1.77853,2.21,1.12
2014.09.22 04:41:15.932,1.77834,1.77855,1.01,1.45
2014.09.22 04:41:16.235,1.77833,1.77852,1.26,1.00
2014.09.22 04:41:16.438,1.7783,1.77849,1.46,1.00
2014.09.22 04:41:16.791,1.7783,1.77849,2.21,1.00
2014.09.22 04:41:17.500,1.77831,1.77849,1.20,1.00
2014.09.22 04:41:17.652,1.77833,1.77851,1.07,1.00
2014.09.22 04:41:18.326,1.77833,1.77851,1.45,1.00
2014.09.22 04:41:23.487,1.77832,1.77851,1.09,1.00
2014.09.22 04:41:28.013,1.77832,1.77851,3.82,1.00
2014.09.22 04:41:29.399,1.77835,1.77853,1.10,1.00
2014.09.22 04:41:29.500,1.77835,1.77853,1.17,1.00
2014.09.22 04:41:29.703,1.77834,1.77853,2.77,1.00
2014.09.22 04:41:29.754,1.77834,1.77851,2.02,1.00
2014.09.22 04:41:30.575,1.77837,1.77851,1.00,1.00
2014.09.22 04:41:30.626,1.77837,1.77855,1.20,1.00
2014.09.22 04:41:33.399,1.77836,1.77852,1.25,1.00
2014.09.22 04:41:33.704,1.77833,1.77852,1.57,1.00
2014.09.22 04:41:34.014,1.77833,1.77852,2.40,1.00
2014.09.22 04:41:34.319,1.77835,1.77853,1.15,1.00
2014.09.22 04:41:34.623,1.77838,1.77852,1.15,1.00
2014.09.22 04:41:34.724,1.77835,1.77852,2.70,1.00
2014.09.22 04:41:34.826,1.77835,1.77855,2.70,1.00
2014.09.22 04:41:35.344,1.77836,1.77855,2.14,1.10
2014.09.22 04:41:37.400,1.77838,1.77855,1.00,1.10
2014.09.22 04:41:37.502,1.7784,1.77855,1.00,1.00
2014.09.22 04:41:37.552,1.7784,1.77858,1.00,1.00
2014.09.22 04:41:42.307,1.77839,1.77858,1.25,1.20
2014.09.22 04:41:53.271,1.77838,1.77855,1.95,1.00
2014.09.22 04:41:57.538,1.77838,1.77855,1.00,1.00
2014.09.22 04:41:57.887,1.77838,1.77853,1.00,1.00
2014.09.22 04:42:02.066,1.77838,1.77855,1.00,1.00
2014.09.22 04:42:04.245,1.77838,1.77855,1.57,1.00
2014.09.22 04:42:04.750,1.77839,1.77855,1.01,1.00
2014.09.22 04:42:08.746,1.7784,1.77855,1.00,1.00
2014.09.22 04:42:09.549,1.77839,1.77855,1.10,1.00
2014.09.22 04:42:12.240,1.7784,1.77855,1.00,1.00
2014.09.22 04:42:12.744,1.77839,1.77855,1.10,1.00
2014.09.22 04:42:15.626,1.77838,1.77855,2.44,1.00
2014.09.22 04:42:15.929,1.77836,1.77852,1.00,1.00
2014.09.22 04:42:16.231,1.77833,1.7785,2.44,1.00
2014.09.22 04:42:16.737,1.77833,1.77849,1.69,1.00
2014.09.22 04:42:16.788,1.77833,1.77849,1.50,1.00
2014.09.22 04:42:19.673,1.77833,1.77846,1.00,1.00
2014.09.22 04:42:19.774,1.7783,1.77846,1.00,1.00
2014.09.22 04:42:20.027,1.77829,1.77844,1.01,1.00
2014.09.22 04:42:20.230,1.77827,1.77844,1.00,1.00
2014.09.22 04:42:20.672,1.77829,1.77844,1.75,1.00
2014.09.22 04:42:20.773,1.77832,1.77847,1.30,1.00
2014.09.22 04:42:20.926,1.77835,1.77851,1.29,1.00
2014.09.22 04:42:21.657,1.77837,1.77854,1.00,1.00
2014.09.22 04:42:21.758,1.77837,1.77856,1.50,1.00
2014.09.22 04:42:21.910,1.77842,1.77857,1.00,1.00
2014.09.22 04:42:22.445,1.77842,1.77853,1.00,1.00
2014.09.22 04:42:24.428,1.77842,1.77857,1.00,1.00
2014.09.22 04:42:24.726,1.77839,1.77856,1.15,1.00
2014.09.22 04:42:32.563,1.77839,1.77856,1.00,1.00
2014.09.22 04:42:32.867,1.77839,1.77852,1.00,1.00
2014.09.22 04:42:33.119,1.77839,1.77856,1.00,1.00
2014.09.22 04:42:35.919,1.77839,1.77856,1.50,1.00
2014.09.22 04:42:36.073,1.77841,1.77858,1.07,1.00
2014.09.22 04:42:36.124,1.77842,1.77858,1.07,1.00
2014.09.22 04:42:48.425,1.77846,1.77858,1.00,1.00
2014.09.22 04:42:48.931,1.77846,1.77863,1.57,1.00
2014.09.22 04:42:51.616,1.77849,1.77863,1.00,1.00
2014.09.22 04:42:51.920,1.77851,1.77867,1.00,1.29
2014.09.22 04:42:52.478,1.77851,1.77867,1.00,1.00
2014.09.22 04:42:53.073,1.77852,1.77867,1.00,1.00
2014.09.22 04:42:54.301,1.77849,1.77867,1.15,1.00
2014.09.22 04:42:55.424,1.77853,1.77867,1.00,1.00
2014.09.22 04:42:56.211,1.77849,1.77867,1.15,1.00
2014.09.22 04:42:56.262,1.77849,1.77867,1.57,1.00
2014.09.22 04:42:56.773,1.77851,1.77868,1.57,1.00
2014.09.22 04:43:02.576,1.77854,1.77871,1.07,1.25
2014.09.22 04:43:02.831,1.77861,1.77876,1.00,1.00
2014.09.22 04:43:02.883,1.77865,1.77876,1.00,1.00
2014.09.22 04:43:02.934,1.77865,1.7788,1.00,1.00
2014.09.22 04:43:02.986,1.77867,1.7788,1.10,1.00
2014.09.22 04:43:03.036,1.77867,1.77882,1.10,1.00
2014.09.22 04:43:03.391,1.77864,1.77882,1.32,1.00
2014.09.22 04:43:03.798,1.77862,1.77882,1.07,1.00
2014.09.22 04:43:04.678,1.77862,1.77882,1.00,1.10
2014.09.22 04:43:05.185,1.77861,1.77882,1.00,1.84
2014.09.22 04:43:07.407,1.77861,1.77882,1.00,2.96
2014.09.22 04:43:12.385,1.77862,1.77881,1.00,1.00
2014.09.22 04:43:12.638,1.77863,1.77883,1.65,2.51
2014.09.22 04:43:13.143,1.77863,1.77883,1.10,1.29
2014.09.22 04:43:13.447,1.77866,1.77885,1.07,1.50
2014.09.22 04:43:13.600,1.77863,1.77884,1.76,1.10
2014.09.22 04:43:18.010,1.77864,1.77885,2.32,1.50
2014.09.22 04:43:20.086,1.77863,1.77881,1.01,1.00
2014.09.22 04:43:20.811,1.77862,1.77881,1.36,1.00
2014.09.22 04:43:35.725,1.77862,1.77881,1.00,1.00
2014.09.22 04:43:36.665,1.77861,1.77881,1.65,1.00
2014.09.22 04:43:36.773,1.77863,1.77881,1.00,1.00
2014.09.22 04:43:38.204,1.77861,1.77881,1.65,1.00
2014.09.22 04:43:43.540,1.77861,1.77881,1.27,1.00
2014.09.22 04:43:46.333,1.77863,1.77881,1.65,1.00
2014.09.22 04:43:46.434,1.77865,1.77884,1.20,1.00
2014.09.22 04:43:46.485,1.77866,1.77887,1.12,1.84
2014.09.22 04:43:46.537,1.77866,1.77887,1.87,1.76
2014.09.22 04:43:46.993,1.77872,1.77887,1.00,1.00
2014.09.22 04:43:47.297,1.77877,1.77891,1.00,1.00
2014.09.22 04:43:47.450,1.77877,1.77895,1.00,1.00
2014.09.22 04:43:47.956,1.77878,1.77896,1.00,1.00
2014.09.22 04:43:48.459,1.77877,1.77896,1.50,1.00
2014.09.22 04:43:49.167,1.77878,1.77896,1.20,1.00
2014.09.22 04:43:50.335,1.77878,1.77896,1.57,1.00
2014.09.22 04:43:53.284,1.77878,1.77896,1.00,1.00
2014.09.22 04:43:59.765,1.77877,1.77893,1.00,1.00
2014.09.22 04:43:59.867,1.77874,1.77893,1.10,1.50
2014.09.22 04:43:59.918,1.77874,1.77891,1.10,1.00
2014.09.22 04:44:01.605,1.77872,1.77891,1.57,1.00
2014.09.22 04:44:03.103,1.77872,1.77891,1.00,2.40
2014.09.22 04:44:03.204,1.77869,1.77888,1.25,2.02
2014.09.22 04:44:03.306,1.77867,1.77885,1.00,1.00
2014.09.22 04:44:03.813,1.77865,1.77885,1.26,1.00
2014.09.22 04:44:05.516,1.77866,1.77885,1.65,1.00
2014.09.22 04:44:05.618,1.77868,1.77885,1.57,1.00
2014.09.22 04:44:06.124,1.77868,1.77888,4.50,1.37
2014.09.22 04:44:06.630,1.77868,1.77888,2.40,1.37
2014.09.22 04:44:06.732,1.77868,1.77888,2.59,1.00
2014.09.22 04:44:07.424,1.77868,1.77887,1.65,1.62
2014.09.22 04:44:07.695,1.77862,1.77881,1.10,1.10
2014.09.22 04:44:07.797,1.77862,1.7788,1.00,1.65
2014.09.22 04:44:07.848,1.7786,1.7788,1.25,1.65
2014.09.22 04:44:07.898,1.7786,1.7788,1.84,1.00
2014.09.22 04:44:09.430,1.7786,1.7788,1.69,1.00
2014.09.22 04:44:09.935,1.7786,1.7788,1.00,1.87
2014.09.22 04:44:11.659,1.7786,1.7788,1.00,1.50
2014.09.22 04:44:12.825,1.7786,1.7788,1.15,1.00
2014.09.22 04:44:13.843,1.7786,1.7788,1.19,1.57
2014.09.22 04:44:14.478,1.77858,1.7788,2.51,2.32
2014.09.22 04:44:17.559,1.77858,1.7788,2.89,3.07
2014.09.22 04:44:17.661,1.77858,1.77876,1.25,1.12
2014.09.22 04:44:17.964,1.77858,1.77873,1.50,1.00
2014.09.22 04:44:18.138,1.77855,1.77873,1.31,1.57
2014.09.22 04:44:18.653,1.77854,1.77872,2.81,1.00
2014.09.22 04:44:18.805,1.77855,1.77874,1.34,1.00
2014.09.22 04:44:19.234,1.77856,1.77876,1.09,1.50
2014.09.22 04:44:21.315,1.77856,1.77874,1.17,1.00
2014.09.22 04:44:21.518,1.77853,1.77871,1.10,1.00
2014.09.22 04:44:21.721,1.77851,1.77871,1.00,1.17
2014.09.22 04:44:22.228,1.7785,1.77871,1.84,1.00
2014.09.22 04:44:23.754,1.7785,1.77871,2.02,1.19
2014.09.22 04:44:24.757,1.7785,1.77871,2.02,1.25
2014.09.22 04:44:25.703,1.77853,1.77871,1.12,1.25
2014.09.22 04:44:26.007,1.77853,1.77871,1.84,1.00
2014.09.22 04:44:26.526,1.77853,1.77872,3.26,1.00
2014.09.22 04:44:29.883,1.77854,1.77874,1.15,1.00
2014.09.22 04:44:30.552,1.77854,1.77875,1.15,2.44
2014.09.22 04:44:33.543,1.77857,1.77875,1.12,1.00
2014.09.22 04:44:33.594,1.77857,1.77875,1.95,1.00
2014.09.22 04:44:34.109,1.7786,1.77876,1.00,1.00
2014.09.22 04:44:34.635,1.7786,1.77877,1.00,1.00
2014.09.22 04:44:36.339,1.77858,1.77877,1.17,1.00
2014.09.22 04:44:36.860,1.77858,1.77878,1.17,1.95
2014.09.22 04:44:37.379,1.77857,1.77877,2.77,1.00
2014.09.22 04:44:37.924,1.77857,1.77878,3.52,1.10
2014.09.22 04:44:49.532,1.77861,1.77878,1.00,1.10
2014.09.22 04:44:51.452,1.77859,1.77878,1.10,1.20
2014.09.22 04:44:51.623,1.77861,1.77878,1.00,1.20
2014.09.22 04:44:55.253,1.77858,1.77878,1.57,1.00
2014.09.22 04:44:55.597,1.77861,1.77878,1.00,1.00
2014.09.22 04:45:01.069,1.77861,1.77878,1.15,1.00
2014.09.22 04:45:01.376,1.77867,1.77884,1.15,1.00
2014.09.22 04:45:01.477,1.77869,1.77887,1.20,1.50
2014.09.22 04:45:03.564,1.77869,1.77887,1.95,1.00
2014.09.22 04:45:03.716,1.77874,1.77889,1.00,2.25
2014.09.22 04:45:03.969,1.77871,1.77889,1.10,2.25
2014.09.22 04:45:04.423,1.77874,1.77889,1.00,1.50
2014.09.22 04:45:12.176,1.77874,1.77891,1.20,1.00
2014.09.22 04:45:15.538,1.77873,1.77891,1.10,1.00
2014.09.22 04:45:17.525,1.77873,1.77891,1.15,1.00
2014.09.22 04:45:25.416,1.77873,1.77891,1.10,1.00
2014.09.22 04:45:34.944,1.77873,1.77891,1.15,1.00
2014.09.22 04:45:38.246,1.77873,1.77891,1.12,1.00
2014.09.22 04:45:40.931,1.77873,1.77891,1.17,1.00
2014.09.22 04:45:50.063,1.77873,1.7789,1.00,1.00
2014.09.22 04:45:50.165,1.77869,1.77888,1.15,1.00
2014.09.22 04:45:50.317,1.77866,1.77884,2.14,1.00
2014.09.22 04:45:50.368,1.77865,1.77884,1.37,1.00
2014.09.22 04:45:50.471,1.77863,1.7788,2.59,1.00
2014.09.22 04:45:50.919,1.77862,1.7788,1.65,1.00
2014.09.22 04:45:51.506,1.77864,1.7788,1.17,1.50
2014.09.22 04:45:51.557,1.77865,1.7788,1.95,1.00
2014.09.22 04:45:51.659,1.77868,1.77883,1.20,1.00
2014.09.22 04:45:51.965,1.77868,1.77885,2.14,1.00
2014.09.22 04:45:52.066,1.77868,1.77887,3.56,1.00
2014.09.22 04:45:52.372,1.7787,1.77887,2.70,1.00
2014.09.22 04:45:57.500,1.77871,1.7789,1.57,1.50
2014.09.22 04:45:57.602,1.77871,1.77888,2.32,1.00
2014.09.22 04:46:08.617,1.77872,1.77888,1.34,1.00
2014.09.22 04:46:13.521,1.77873,1.77888,1.26,1.00
2014.09.22 04:46:13.623,1.77871,1.77888,1.00,1.10
2014.09.22 04:46:13.724,1.77868,1.77886,1.37,1.65
2014.09.22 04:46:14.028,1.77864,1.7788,1.94,1.00
2014.09.22 04:46:14.231,1.77864,1.7788,1.19,1.00
2014.09.22 04:46:14.433,1.77864,1.7788,1.25,1.00
2014.09.22 04:46:14.485,1.77864,1.7788,1.19,1.00
2014.09.22 04:46:14.778,1.77864,1.77882,1.36,1.50
2014.09.22 04:46:15.722,1.77864,1.77882,1.84,1.50
2014.09.22 04:46:19.734,1.77867,1.77882,1.84,1.50
2014.09.22 04:46:19.835,1.77867,1.77884,2.59,1.00
2014.09.22 04:46:23.738,1.77869,1.77884,1.84,1.00
2014.09.22 04:46:23.839,1.77868,1.77884,1.46,1.00
2014.09.22 04:46:24.042,1.77868,1.77885,1.29,1.00
2014.09.22 04:46:25.559,1.77871,1.77886,2.06,1.00
2014.09.22 04:46:26.082,1.77872,1.77887,1.25,1.00
2014.09.22 04:46:26.184,1.77872,1.77889,1.25,1.00
2014.09.22 04:46:26.771,1.77872,1.77889,1.19,1.00
2014.09.22 04:46:27.034,1.77874,1.77891,1.00,1.50
2014.09.22 04:46:27.135,1.77874,1.77891,1.19,1.50
2014.09.22 04:46:29.727,1.77875,1.77891,1.19,1.00
2014.09.22 04:46:30.030,1.7788,1.77894,1.00,1.00
2014.09.22 04:46:30.233,1.7788,1.77896,1.19,1.00
2014.09.22 04:46:30.738,1.7788,1.77897,1.19,1.00
2014.09.22 04:46:31.465,1.7788,1.77897,1.69,1.00
2014.09.22 04:46:35.578,1.7788,1.77897,1.84,1.50
2014.09.22 04:46:35.729,1.7788,1.77894,1.00,1.00
2014.09.22 04:46:37.585,1.7788,1.77894,1.19,1.00
2014.09.22 04:46:43.144,1.7788,1.77894,1.25,1.00
2014.09.22 04:46:44.183,1.7788,1.77894,1.19,1.00
2014.09.22 04:46:44.662,1.7788,1.77897,1.19,2.62
2014.09.22 04:46:45.548,1.7788,1.77897,1.19,2.62
2014.09.22 04:46:46.551,1.7788,1.77897,1.19,2.62
2014.09.22 04:46:52.562,1.7788,1.77897,1.19,2.62
2014.09.22 04:46:54.565,1.7788,1.77897,1.19,2.62
2014.09.22 04:46:56.568,1.7788,1.77897,1.19,2.62
2014.09.22 04:46:59.601,1.7788,1.77897,1.25,2.62
2014.09.22 04:46:59.674,1.7788,1.77897,1.19,2.62
2014.09.22 04:47:03.582,1.77881,1.77897,1.69,2.25
2014.09.22 04:47:04.584,1.77881,1.77897,1.69,2.25
2014.09.22 04:47:06.597,1.77881,1.77897,1.69,2.25
2014.09.22 04:47:09.865,1.7788,1.77897,1.19,1.87
2014.09.22 04:47:10.572,1.77883,1.77897,1.00,2.25
2014.09.22 04:47:10.775,1.77887,1.77903,1.26,1.00
2014.09.22 04:47:10.825,1.77888,1.77904,1.36,1.00
2014.09.22 04:47:10.978,1.77891,1.77907,1.00,1.00
2014.09.22 04:47:11.483,1.77891,1.77908,1.19,1.50
2014.09.22 04:47:12.039,1.77891,1.77908,1.19,1.50
2014.09.22 04:47:12.818,1.77893,1.7791,1.19,1.00
2014.09.22 04:47:13.021,1.77893,1.77912,1.29,1.87
2014.09.22 04:47:13.375,1.77893,1.77908,1.29,1.00
2014.09.22 04:47:14.392,1.77893,1.77912,1.29,1.50
2014.09.22 04:47:14.898,1.77896,1.77912,1.00,1.00
2014.09.22 04:47:15.454,1.77896,1.77912,1.26,1.00
2014.09.22 04:47:15.555,1.77896,1.77913,1.76,1.50
2014.09.22 04:47:15.909,1.77896,1.77916,2.14,1.50
2014.09.22 04:47:16.611,1.77896,1.77916,2.14,1.50
2014.09.22 04:47:18.614,1.77896,1.77916,2.51,1.50
2014.09.22 04:47:22.954,1.77898,1.77916,1.19,1.07
2014.09.22 04:47:26.630,1.77898,1.77916,1.31,1.07
2014.09.22 04:47:27.775,1.77898,1.77916,1.19,1.07
2014.09.22 04:47:31.842,1.77898,1.77916,1.19,1.07
2014.09.22 04:47:31.943,1.77898,1.77917,1.29,1.10
2014.09.22 04:47:32.449,1.77898,1.77917,1.19,1.07
2014.09.22 04:47:33.770,1.77897,1.77916,1.19,1.10
2014.09.22 04:47:36.783,1.77897,1.77916,1.19,1.10
2014.09.22 04:47:37.753,1.77897,1.77916,1.19,1.10
2014.09.22 04:47:39.873,1.77897,1.77916,1.19,1.10
2014.09.22 04:47:44.427,1.77897,1.77912,1.19,1.00
2014.09.22 04:47:44.940,1.77897,1.77912,1.19,1.00
2014.09.22 04:47:47.909,1.77896,1.77912,1.39,1.00
2014.09.22 04:47:48.873,1.77897,1.77912,1.19,1.00
2014.09.22 04:47:49.482,1.77899,1.77912,1.39,1.00
2014.09.22 04:47:49.584,1.77899,1.77916,1.31,1.00
2014.09.22 04:47:49.686,1.77899,1.77916,1.76,1.00
2014.09.22 04:47:49.788,1.779,1.7792,1.29,1.10
2014.09.22 04:47:50.726,1.77903,1.7792,1.69,1.10
2014.09.22 04:47:50.981,1.77905,1.77922,1.34,1.00
2014.09.22 04:47:51.134,1.77907,1.77924,1.29,1.00
2014.09.22 04:47:51.184,1.77907,1.77924,1.26,1.00
2014.09.22 04:47:51.493,1.77912,1.77927,1.19,1.00
2014.09.22 04:47:52.237,1.7791,1.7793,1.19,1.17
2014.09.22 04:47:52.795,1.77911,1.7793,1.29,1.00
2014.09.22 04:47:53.301,1.77911,1.7793,1.29,1.00
2014.09.22 04:47:54.286,1.77911,1.7793,1.29,1.00
2014.09.22 04:47:57.290,1.77911,1.7793,1.29,1.00
2014.09.22 04:47:58.002,1.77911,1.77931,1.29,1.10
2014.09.22 04:48:01.399,1.77911,1.77931,1.29,1.10
2014.09.22 04:48:04.354,1.77911,1.77931,1.29,1.10
2014.09.22 04:48:09.926,1.77914,1.77931,1.36,1.00
2014.09.22 04:48:12.540,1.77916,1.77931,1.66,1.00
2014.09.22 04:48:12.844,1.77919,1.77934,1.66,1.00
2014.09.22 04:48:13.350,1.7792,1.77935,1.56,1.00
2014.09.22 04:48:17.374,1.77919,1.77938,1.29,1.00
2014.09.22 04:48:17.476,1.77919,1.77934,1.29,1.00
2014.09.22 04:48:17.577,1.77919,1.77934,1.29,1.00
2014.09.22 04:48:22.559,1.77919,1.77934,1.00,1.00
2014.09.22 04:48:23.065,1.77915,1.77934,1.39,1.10
2014.09.22 04:48:23.576,1.77916,1.77934,1.56,1.10
2014.09.22 04:48:24.577,1.77916,1.77934,1.39,1.00
2014.09.22 04:48:28.582,1.77915,1.77934,1.64,1.00
2014.09.22 04:48:29.569,1.77915,1.77934,1.76,1.00
2014.09.22 04:48:31.560,1.77915,1.77934,1.76,1.50
2014.09.22 04:48:32.581,1.77916,1.77934,1.39,1.00
2014.09.22 04:48:34.590,1.77916,1.77934,1.39,1.00
2014.09.22 04:48:36.042,1.77916,1.77934,1.66,1.00
2014.09.22 04:48:36.345,1.77917,1.77936,1.39,1.50
2014.09.22 04:48:39.042,1.77916,1.77936,1.84,2.25
2014.09.22 04:48:39.296,1.77918,1.77936,1.39,1.00
2014.09.22 04:48:39.752,1.77921,1.77938,1.19,1.00
2014.09.22 04:48:40.430,1.77921,1.77938,1.19,1.00
2014.09.22 04:48:40.532,1.77921,1.7794,1.19,1.00
2014.09.22 04:48:42.227,1.7792,1.77939,1.84,1.00
2014.09.22 04:48:42.733,1.77919,1.77938,1.01,1.57
2014.09.22 04:48:43.247,1.7792,1.77937,1.19,1.00
2014.09.22 04:48:43.913,1.77918,1.77934,1.36,1.00
2014.09.22 04:48:44.421,1.77916,1.77934,1.39,1.00
2014.09.22 04:48:44.730,1.77915,1.77932,1.66,1.00
2014.09.22 04:48:45.239,1.77915,1.77932,2.14,1.00
2014.09.22 04:48:47.218,1.77915,1.77932,1.39,1.00
2014.09.22 04:48:48.309,1.77915,1.77932,2.14,1.00
2014.09.22 04:48:53.154,1.77916,1.77933,1.36,1.00
2014.09.22 04:48:54.005,1.77916,1.77933,1.74,1.00
2014.09.22 04:48:56.008,1.77916,1.77933,1.84,1.00
2014.09.22 04:48:57.023,1.77916,1.77933,1.84,1.00
2014.09.22 04:49:01.254,1.77916,1.77933,1.84,1.00
2014.09.22 04:49:02.183,1.77918,1.77933,1.39,1.00
2014.09.22 04:49:02.386,1.77918,1.77935,2.14,1.00
2014.09.22 04:49:03.288,1.7792,1.77935,1.19,1.00
2014.09.22 04:49:04.580,1.77921,1.77935,1.19,1.00
2014.09.22 04:49:04.834,1.77921,1.77937,1.19,1.00
2014.09.22 04:49:06.581,1.77921,1.77937,1.31,1.00
2014.09.22 04:49:07.585,1.77921,1.77937,1.69,1.00
2014.09.22 04:49:08.906,1.77922,1.77937,1.01,1.00
2014.09.22 04:49:09.007,1.77922,1.7794,2.89,1.00
2014.09.22 04:49:09.108,1.77925,1.77942,1.65,1.00
2014.09.22 04:49:09.614,1.77925,1.77943,2.21,1.00
2014.09.22 04:49:10.482,1.77925,1.77943,1.10,1.95
2014.09.22 04:49:10.533,1.77923,1.7794,1.39,1.00
2014.09.22 04:49:10.836,1.77915,1.77933,1.12,1.07
2014.09.22 04:49:11.139,1.77911,1.77927,1.55,1.00
2014.09.22 04:49:12.630,1.77911,1.77927,1.46,1.00
2014.09.22 04:49:14.297,1.77911,1.77929,1.84,1.00
2014.09.22 04:49:14.802,1.77911,1.77928,1.84,1.00
2014.09.22 04:49:15.569,1.77911,1.7793,1.84,1.00
2014.09.22 04:49:15.721,1.77911,1.77927,1.65,1.00
2014.09.22 04:49:15.924,1.77911,1.77927,1.12,1.00
2014.09.22 04:49:16.940,1.77908,1.77927,2.21,1.50
2014.09.22 04:49:20.529,1.77908,1.77927,2.89,1.00
2014.09.22 04:49:23.096,1.77908,1.77927,2.21,1.50
2014.09.22 04:49:24.089,1.77909,1.77927,1.74,1.00
2014.09.22 04:49:25.434,1.77909,1.77926,1.36,1.00
2014.09.22 04:49:25.946,1.77909,1.77927,1.46,1.50
2014.09.22 04:49:26.048,1.7791,1.77927,1.29,1.00
2014.09.22 04:49:26.554,1.77909,1.77926,2.21,1.50
2014.09.22 04:49:26.756,1.77909,1.77926,1.27,1.50
2014.09.22 04:49:26.908,1.77909,1.77926,1.20,1.50
2014.09.22 04:49:26.959,1.77909,1.77923,1.12,1.00
2014.09.22 04:49:28.036,1.77901,1.77917,2.51,1.00
2014.09.22 04:49:28.542,1.779,1.77917,1.37,1.50
2014.09.22 04:49:28.593,1.779,1.77917,1.00,1.50
2014.09.22 04:49:28.795,1.77897,1.77916,2.96,1.00
2014.09.22 04:49:28.897,1.77897,1.77914,2.81,1.00
2014.09.22 04:49:28.998,1.77897,1.77916,2.81,1.57
2014.09.22 04:49:29.308,1.77898,1.77916,1.62,1.57
2014.09.22 04:49:29.613,1.77898,1.77916,1.12,1.57
2014.09.22 04:49:31.210,1.77898,1.77916,1.50,1.57
2014.09.22 04:49:31.715,1.77898,1.77916,3.82,1.00
2014.09.22 04:49:33.450,1.77898,1.77916,3.45,1.00
2014.09.22 04:49:34.210,1.77897,1.77916,1.00,1.10
2014.09.22 04:49:40.722,1.77895,1.77915,1.84,1.00
2014.09.22 04:49:40.773,1.77895,1.77915,1.45,1.50
2014.09.22 04:49:41.295,1.77893,1.77911,1.50,1.10
2014.09.22 04:49:41.599,1.77893,1.77909,1.50,1.00
2014.09.22 04:49:41.979,1.77893,1.77909,1.12,1.00
2014.09.22 04:49:43.441,1.77891,1.77909,2.70,1.00
2014.09.22 04:49:50.048,1.77891,1.77909,1.12,1.57
2014.09.22 04:49:50.624,1.77892,1.77909,1.00,1.57
2014.09.22 04:49:51.079,1.77891,1.77909,1.00,2.21
2014.09.22 04:49:51.232,1.77888,1.77907,1.50,1.65
2014.09.22 04:49:51.333,1.77887,1.77904,1.75,1.00
2014.09.22 04:49:55.938,1.77889,1.77906,1.00,1.50
2014.09.22 04:49:56.833,1.77887,1.77906,2.32,1.50
2014.09.22 04:50:01.117,1.77889,1.77906,1.47,1.50
2014.09.22 04:50:01.320,1.77889,1.77909,1.76,1.10
2014.09.22 04:50:01.371,1.77889,1.77909,1.76,1.10
2014.09.22 04:50:02.245,1.77893,1.77911,1.00,1.00
2014.09.22 04:50:04.190,1.77892,1.77911,1.76,1.00
2014.09.22 04:50:05.336,1.77892,1.77911,1.76,1.00
2014.09.22 04:50:05.844,1.77891,1.7791,1.29,1.57
2014.09.22 04:50:06.350,1.77891,1.7791,1.10,1.57
2014.09.22 04:50:09.617,1.7789,1.7791,1.69,1.17
2014.09.22 04:50:10.231,1.7789,1.7791,1.69,1.17
2014.09.22 04:50:10.595,1.7789,1.7791,1.69,1.17
2014.09.22 04:50:11.101,1.77891,1.7791,1.47,1.00
2014.09.22 04:50:19.250,1.77892,1.7791,1.94,1.00
2014.09.22 04:50:19.352,1.77893,1.77912,2.06,1.65
2014.09.22 04:50:19.554,1.77895,1.7791,1.62,1.00
2014.09.22 04:50:19.605,1.77896,1.77912,1.37,1.00
2014.09.22 04:50:19.757,1.77893,1.77911,2.14,1.00
2014.09.22 04:50:20.262,1.77896,1.77913,1.00,1.00
2014.09.22 04:50:20.364,1.77896,1.77915,1.26,1.00
2014.09.22 04:50:20.466,1.77898,1.77916,1.50,1.00
2014.09.22 04:50:20.972,1.77896,1.77915,4.76,1.10
2014.09.22 04:50:21.533,1.77898,1.77917,1.20,1.00
2014.09.22 04:50:21.688,1.779,1.77919,1.37,1.57
2014.09.22 04:50:22.221,1.779,1.77919,1.00,1.57
2014.09.22 04:50:22.272,1.77898,1.77915,1.07,1.00
2014.09.22 04:50:22.374,1.77893,1.77911,1.87,1.00
2014.09.22 04:50:22.627,1.77891,1.77911,1.75,2.40
2014.09.22 04:50:22.930,1.7789,1.77907,4.12,1.00
2014.09.22 04:50:23.739,1.77891,1.77907,1.12,1.00
2014.09.22 04:50:24.149,1.77888,1.77905,1.50,1.00
2014.09.22 04:50:27.838,1.77889,1.77905,2.06,1.00
2014.09.22 04:50:27.989,1.7789,1.77907,1.37,1.00
2014.09.22 04:50:28.040,1.7789,1.77907,1.37,1.00
2014.09.22 04:50:28.293,1.7789,1.77909,1.47,1.50
2014.09.22 04:50:28.836,1.7789,1.77909,1.47,1.50
2014.09.22 04:50:32.577,1.77892,1.77909,1.00,1.50
2014.09.22 04:50:33.149,1.7789,1.77909,1.95,1.50
2014.09.22 04:50:33.880,1.77892,1.77909,1.00,1.50
2014.09.22 04:50:34.404,1.77893,1.77909,1.00,1.50
2014.09.22 04:50:34.910,1.77892,1.77909,1.00,1.50
2014.09.22 04:50:37.203,1.77893,1.77909,1.37,1.50
2014.09.22 04:50:38.390,1.77892,1.77909,1.12,1.00
2014.09.22 04:50:38.895,1.77891,1.7791,1.50,1.10
2014.09.22 04:50:38.946,1.77891,1.77908,1.50,1.00
2014.09.22 04:50:39.249,1.77889,1.77903,1.37,1.00
2014.09.22 04:50:39.653,1.77889,1.77906,2.70,1.00
2014.09.22 04:50:39.855,1.77889,1.77908,1.57,1.50
2014.09.22 04:50:40.563,1.77889,1.77908,1.10,1.50
2014.09.22 04:50:40.867,1.77888,1.77906,1.20,1.00
2014.09.22 04:50:41.380,1.77888,1.77906,1.12,1.00
2014.09.22 04:50:43.102,1.77891,1.77906,1.00,1.00
2014.09.22 04:50:43.612,1.77892,1.77906,1.00,1.00
2014.09.22 04:50:44.368,1.77891,1.77906,1.00,1.00
2014.09.22 04:50:52.709,1.77892,1.77906,1.00,1.00
2014.09.22 04:50:53.276,1.77893,1.77906,1.00,1.00
2014.09.22 04:50:53.479,1.77892,1.77908,1.12,1.00
2014.09.22 04:50:53.530,1.77894,1.77908,1.12,1.00
2014.09.22 04:50:53.631,1.77894,1.7791,1.39,1.00
2014.09.22 04:50:53.682,1.77895,1.77912,1.00,1.00
2014.09.22 04:50:53.733,1.77895,1.77912,1.64,1.00
2014.09.22 04:50:53.935,1.77898,1.77915,2.21,1.00
2014.09.22 04:50:54.289,1.77899,1.77918,1.95,1.00
2014.09.22 04:50:54.824,1.77899,1.77918,2.32,1.00
2014.09.22 04:50:55.341,1.779,1.77918,1.00,1.00
2014.09.22 04:50:56.489,1.77901,1.77918,1.00,1.00
2014.09.22 04:50:57.850,1.77899,1.77918,1.12,1.10
2014.09.22 04:50:57.900,1.77898,1.77915,2.06,1.00
2014.09.22 04:50:58.204,1.77902,1.77916,1.00,1.00
2014.09.22 04:50:58.356,1.77901,1.77919,1.00,1.00
2014.09.22 04:50:58.999,1.77903,1.77919,1.00,1.00
2014.09.22 04:50:59.101,1.77901,1.77919,1.00,1.00
2014.09.22 04:51:00.009,1.779,1.77919,1.39,1.00
2014.09.22 04:51:00.262,1.77902,1.77919,1.00,1.00
2014.09.22 04:51:00.791,1.77902,1.77918,1.00,1.00
2014.09.22 04:51:01.296,1.77903,1.77918,1.00,1.00
2014.09.22 04:51:05.319,1.77905,1.77918,1.00,1.00
2014.09.22 04:51:06.399,1.77906,1.77918,1.00,1.00
2014.09.22 04:51:06.928,1.77905,1.77918,1.00,1.00
2014.09.22 04:51:10.312,1.77905,1.77922,2.06,1.00
2014.09.22 04:51:10.978,1.77905,1.77922,2.06,1.00
2014.09.22 04:51:12.169,1.77905,1.77922,1.19,1.07
2014.09.22 04:51:12.472,1.77904,1.7792,1.00,1.00
2014.09.22 04:51:12.972,1.77901,1.77919,3.26,1.00
2014.09.22 04:51:13.023,1.77901,1.77917,1.76,1.10
2014.09.22 04:51:13.326,1.77893,1.77908,1.69,1.00
2014.09.22 04:51:13.954,1.77892,1.77908,1.00,1.00
2014.09.22 04:51:14.156,1.77888,1.77907,3.19,1.07
2014.09.22 04:51:14.308,1.77888,1.77904,1.25,1.00
2014.09.22 04:51:14.831,1.77888,1.77903,1.25,1.00
2014.09.22 04:51:17.928,1.77889,1.77903,1.00,1.00
2014.09.22 04:51:18.131,1.77893,1.77908,1.00,1.00
2014.09.22 04:51:18.334,1.77893,1.77911,1.37,1.57
2014.09.22 04:51:18.688,1.77893,1.77911,1.37,2.32
2014.09.22 04:51:19.239,1.77893,1.77911,1.00,2.32
2014.09.22 04:51:20.790,1.77891,1.77911,1.12,3.07
2014.09.22 04:51:21.694,1.77891,1.77911,1.31,3.07
2014.09.22 04:51:22.199,1.77891,1.77907,1.31,1.00
2014.09.22 04:51:22.973,1.77891,1.77907,1.19,1.50
2014.09.22 04:51:26.075,1.77891,1.77907,1.19,1.00
2014.09.22 04:51:28.079,1.77891,1.77907,1.19,1.00
2014.09.22 04:51:29.121,1.77891,1.77907,1.19,1.00
2014.09.22 04:51:31.187,1.77891,1.77907,1.29,1.00
2014.09.22 04:51:31.339,1.77892,1.7791,1.46,1.00
2014.09.22 04:51:31.644,1.77893,1.7791,2.51,1.00
2014.09.22 04:51:32.785,1.77895,1.77914,1.17,2.25
2014.09.22 04:51:32.837,1.77895,1.77912,1.17,1.00
2014.09.22 04:51:32.938,1.77893,1.7791,1.01,1.00
2014.09.22 04:51:34.062,1.77891,1.77908,1.34,1.00
2014.09.22 04:51:34.838,1.77891,1.77908,1.34,1.00
2014.09.22 04:51:37.408,1.77891,1.77908,1.40,1.00
2014.09.22 04:51:39.562,1.77893,1.77908,1.32,1.00
2014.09.22 04:51:39.714,1.77892,1.77911,1.39,1.00
2014.09.22 04:51:40.602,1.77892,1.77911,1.25,1.00
2014.09.22 04:51:40.905,1.7789,1.77906,1.39,1.00
2014.09.22 04:51:43.717,1.7789,1.77906,1.39,1.00
2014.09.22 04:51:45.350,1.77889,1.77906,1.19,1.00
2014.09.22 04:51:45.866,1.77887,1.77905,2.89,1.00
2014.09.22 04:51:46.507,1.77889,1.77906,1.69,1.00
2014.09.22 04:51:47.063,1.77889,1.77906,2.44,1.00
2014.09.22 04:51:47.266,1.77891,1.7791,2.14,1.00
2014.09.22 04:51:47.876,1.77892,1.7791,1.20,1.00
2014.09.22 04:51:48.184,1.77894,1.77913,1.00,2.32
2014.09.22 04:51:50.313,1.77895,1.77913,1.19,1.07
2014.09.22 04:51:50.879,1.77894,1.77913,1.26,1.00
2014.09.22 04:51:51.441,1.77895,1.77913,1.29,1.00
2014.09.22 04:51:54.318,1.77895,1.77913,1.29,1.00
2014.09.22 04:51:57.528,1.77896,1.77914,1.25,1.00
2014.09.22 04:51:57.831,1.77897,1.77914,1.17,1.00
2014.09.22 04:51:58.355,1.77899,1.77915,1.00,1.00
2014.09.22 04:51:58.862,1.779,1.77915,1.00,1.00
2014.09.22 04:51:59.216,1.77898,1.77915,1.01,1.00
2014.09.22 04:51:59.267,1.77898,1.77915,1.29,1.00
2014.09.22 04:52:00.329,1.77898,1.77915,1.29,1.00
2014.09.22 04:52:05.482,1.77898,1.77915,1.76,1.00
2014.09.22 04:52:08.598,1.77898,1.77915,1.29,1.50
2014.09.22 04:52:08.649,1.77898,1.77914,1.10,1.37
2014.09.22 04:52:08.953,1.77895,1.77912,1.19,1.37
2014.09.22 04:52:09.471,1.77891,1.7791,1.69,1.87
2014.09.22 04:52:09.825,1.77892,1.7791,1.19,1.37
2014.09.22 04:52:10.837,1.77892,1.7791,1.29,1.00
2014.09.22 04:52:13.155,1.77894,1.77911,1.26,1.00
2014.09.22 04:52:13.862,1.77894,1.77911,1.76,1.00
2014.09.22 04:52:14.335,1.77896,1.77915,1.36,1.87
2014.09.22 04:52:14.854,1.77896,1.77913,1.36,1.00
2014.09.22 04:52:15.367,1.77896,1.77913,1.36,1.00
2014.09.22 04:52:17.904,1.77899,1.77913,1.19,1.00
2014.09.22 04:52:18.005,1.77898,1.77916,1.69,1.12
2014.09.22 04:52:25.924,1.77898,1.77917,1.76,1.37
2014.09.22 04:52:26.884,1.77898,1.77917,1.76,1.37
2014.09.22 04:52:27.893,1.77898,1.77917,1.76,1.37
2014.09.22 04:52:28.954,1.77898,1.77917,1.76,1.37
2014.09.22 04:52:29.502,1.77898,1.77917,1.76,1.12
2014.09.22 04:52:29.705,1.77898,1.77917,1.19,1.87
2014.09.22 04:52:30.218,1.77898,1.77917,1.69,1.37
2014.09.22 04:52:32.128,1.77898,1.77917,1.69,1.37
2014.09.22 04:52:32.661,1.77898,1.77917,1.69,1.00
2014.09.22 04:52:33.182,1.77898,1.77917,1.84,1.00
2014.09.22 04:52:35.001,1.77898,1.77917,1.84,1.00
2014.09.22 04:52:35.434,1.77904,1.77917,1.19,1.00
2014.09.22 04:52:35.485,1.77905,1.77921,1.19,1.00
2014.09.22 04:52:35.536,1.77906,1.77921,1.26,1.00
2014.09.22 04:52:35.587,1.77906,1.77925,3.34,1.00
2014.09.22 04:52:35.638,1.77908,1.77925,1.26,1.00
2014.09.22 04:52:35.688,1.77908,1.77927,1.84,1.12
2014.09.22 04:52:35.840,1.77914,1.77927,1.19,1.00
2014.09.22 04:52:36.812,1.77911,1.77927,1.29,1.00
2014.09.22 04:52:40.639,1.77913,1.77931,1.19,1.00
2014.09.22 04:52:41.579,1.77913,1.77932,1.19,1.50
2014.09.22 04:52:41.833,1.77913,1.77932,1.26,1.00
2014.09.22 04:52:42.465,1.77913,1.77932,1.76,1.00
2014.09.22 04:52:42.718,1.77916,1.77935,1.36,1.00
2014.09.22 04:52:43.074,1.77916,1.77933,1.36,1.00
2014.09.22 04:52:43.582,1.77916,1.77933,1.19,1.00
2014.09.22 04:52:44.149,1.77916,1.77931,1.25,1.12
2014.09.22 04:52:44.453,1.77912,1.77927,1.00,1.00
2014.09.22 04:52:44.756,1.77908,1.77925,1.25,1.00
2014.09.22 04:52:45.437,1.77908,1.77925,1.25,1.87
2014.09.22 04:52:45.690,1.77906,1.77922,1.19,1.00
2014.09.22 04:52:47.432,1.77905,1.77922,1.19,1.50
2014.09.22 04:52:47.947,1.77905,1.77922,1.25,1.50
2014.09.22 04:52:48.149,1.77905,1.77918,1.25,1.00
2014.09.22 04:52:48.975,1.77902,1.77918,1.29,1.00
2014.09.22 04:52:50.956,1.77902,1.77918,1.29,1.00
2014.09.22 04:52:51.941,1.77902,1.77918,1.19,1.00
2014.09.22 04:52:52.976,1.77902,1.77918,1.19,1.00
2014.09.22 04:52:54.734,1.77898,1.77917,1.36,1.00
2014.09.22 04:52:54.947,1.77898,1.77917,1.36,1.00
2014.09.22 04:52:55.949,1.77898,1.77917,1.39,1.00
2014.09.22 04:52:56.961,1.77898,1.77917,1.84,1.00
2014.09.22 04:52:57.955,1.77898,1.77917,1.39,1.00
2014.09.22 04:52:58.361,1.77897,1.77914,2.44,1.00
2014.09.22 04:52:58.870,1.77897,1.77914,1.19,1.20
2014.09.22 04:52:59.887,1.77897,1.77914,1.25,1.20
2014.09.22 04:53:02.864,1.77897,1.77914,1.19,1.20
2014.09.22 04:53:04.417,1.77897,1.77914,1.19,1.20
2014.09.22 04:53:04.913,1.77897,1.77914,1.76,1.12
2014.09.22 04:53:09.123,1.77897,1.77914,1.69,1.00
2014.09.22 04:53:11.086,1.77899,1.77914,1.26,1.00
2014.09.22 04:53:11.289,1.77901,1.77918,2.14,1.00
2014.09.22 04:53:11.391,1.77903,1.7792,1.36,1.00
2014.09.22 04:53:12.098,1.77903,1.7792,1.36,1.00
2014.09.22 04:53:13.120,1.77903,1.7792,1.36,1.00
2014.09.22 04:53:13.727,1.77906,1.7792,1.56,1.00
2014.09.22 04:53:13.980,1.77914,1.77931,2.14,1.00
2014.09.22 04:53:14.031,1.77914,1.77931,2.14,1.00
2014.09.22 04:53:14.183,1.77916,1.77933,1.69,1.50
2014.09.22 04:53:14.336,1.77918,1.77933,1.17,1.00
2014.09.22 04:53:14.538,1.77918,1.77937,1.17,2.25
2014.09.22 04:53:16.405,1.77918,1.77937,1.27,1.50
2014.09.22 04:53:18.075,1.77918,1.77937,1.65,1.00
2014.09.22 04:53:18.732,1.77919,1.77937,1.65,1.00
2014.09.22 04:53:19.035,1.77919,1.77937,2.62,1.00
2014.09.22 04:53:20.992,1.77919,1.77937,1.46,1.00
2014.09.22 04:53:24.041,1.77919,1.77935,1.15,1.00
2014.09.22 04:53:24.344,1.77917,1.77933,1.36,1.00
2014.09.22 04:53:26.672,1.77918,1.77934,1.07,1.00
2014.09.22 04:53:27.322,1.77917,1.77933,1.27,1.00
2014.09.22 04:53:30.310,1.77917,1.77927,1.00,1.00
2014.09.22 04:53:30.412,1.77917,1.7793,1.00,1.00
2014.09.22 04:53:30.513,1.77916,1.77925,1.00,1.00
2014.09.22 04:53:30.615,1.77916,1.7793,1.00,1.00
2014.09.22 04:53:30.968,1.77912,1.7793,1.57,1.00
2014.09.22 04:53:31.474,1.77912,1.77931,2.32,1.00
2014.09.22 04:53:31.936,1.77912,1.77929,1.57,1.00
2014.09.22 04:53:32.039,1.77906,1.77925,4.27,1.00
2014.09.22 04:53:32.091,1.77906,1.77922,1.20,1.00
2014.09.22 04:53:32.396,1.77903,1.77918,1.00,1.50
2014.09.22 04:53:32.699,1.77896,1.77912,1.07,1.00
2014.09.22 04:53:33.205,1.77896,1.77913,1.00,1.00
2014.09.22 04:53:34.573,1.77896,1.7791,1.00,1.00
2014.09.22 04:53:34.675,1.77896,1.77913,1.00,1.00
2014.09.22 04:53:34.726,1.77893,1.77913,1.39,1.00
2014.09.22 04:53:34.777,1.77893,1.77906,1.20,1.00
2014.09.22 04:53:35.283,1.77893,1.77905,1.20,1.00
2014.09.22 04:53:36.254,1.77896,1.77905,1.00,1.00
2014.09.22 04:53:36.456,1.77901,1.77917,1.00,1.50
2014.09.22 04:53:36.558,1.77901,1.77916,1.52,1.00
2014.09.22 04:53:36.762,1.77903,1.7792,1.76,1.00
2014.09.22 04:53:36.914,1.77908,1.77926,1.07,1.07
2014.09.22 04:53:36.965,1.77909,1.77926,1.01,1.00
2014.09.22 04:53:37.488,1.77911,1.77927,1.07,1.00
2014.09.22 04:53:38.001,1.77911,1.77928,1.45,1.00
2014.09.22 04:53:38.328,1.77911,1.7793,1.12,1.00
2014.09.22 04:53:38.912,1.7791,1.7793,1.29,2.25
2014.09.22 04:53:39.064,1.7791,1.77929,1.07,1.19
2014.09.22 04:53:39.571,1.77909,1.77926,1.00,1.00
2014.09.22 04:53:39.883,1.77906,1.77926,1.17,1.00
2014.09.22 04:53:40.388,1.77906,1.77926,1.00,1.00
2014.09.22 04:53:40.692,1.77907,1.77926,1.50,1.00
2014.09.22 04:53:40.743,1.77909,1.77929,1.57,1.00
2014.09.22 04:53:40.895,1.77914,1.77931,1.00,1.00
2014.09.22 04:53:41.097,1.77917,1.77932,1.00,1.00
2014.09.22 04:53:41.249,1.77916,1.77935,1.00,1.36
2014.09.22 04:53:41.754,1.77916,1.77935,1.17,1.19
2014.09.22 04:53:42.344,1.77916,1.77935,1.17,1.00
2014.09.22 04:53:43.966,1.77916,1.77932,1.17,1.00
2014.09.22 04:53:44.424,1.77916,1.77936,1.17,1.12
2014.09.22 04:53:47.839,1.77916,1.77933,1.09,1.00
2014.09.22 04:53:48.826,1.77916,1.77936,1.17,1.37
2014.09.22 04:53:49.395,1.77916,1.77934,1.17,1.00
2014.09.22 04:53:49.497,1.77916,1.7793,1.17,1.00
2014.09.22 04:53:49.548,1.77912,1.7793,1.50,1.87
2014.09.22 04:53:49.750,1.77911,1.77923,1.00,1.00
2014.09.22 04:53:49.801,1.77908,1.77922,1.00,1.00
2014.09.22 04:53:49.953,1.77907,1.77925,1.00,1.00
2014.09.22 04:53:50.004,1.77909,1.77927,1.00,1.65
2014.09.22 04:53:50.257,1.77911,1.77932,1.65,1.50
2014.09.22 04:53:50.358,1.77915,1.77932,1.00,1.00
2014.09.22 04:53:57.481,1.77916,1.77932,1.00,1.00
2014.09.22 04:54:03.321,1.77913,1.77931,1.19,1.00
2014.09.22 04:54:03.423,1.77913,1.77931,1.00,1.00
2014.09.22 04:54:06.073,1.77912,1.77931,1.00,1.00
2014.09.22 04:54:11.148,1.77912,1.77931,1.00,1.07
2014.09.22 04:54:11.601,1.77912,1.77927,1.00,1.00
2014.09.22 04:54:13.577,1.77912,1.77931,1.00,1.15
2014.09.22 04:54:19.044,1.77909,1.77926,1.25,1.00
2014.09.22 04:54:26.071,1.77909,1.77926,1.37,1.00
2014.09.22 04:54:28.069,1.77909,1.77926,1.37,1.00
2014.09.22 04:54:31.212,1.77909,1.77926,1.62,1.00
2014.09.22 04:54:33.400,1.77909,1.77926,2.06,1.00
2014.09.22 04:54:34.290,1.77909,1.77926,2.25,1.00
2014.09.22 04:54:36.974,1.77909,1.77925,1.00,1.00
2014.09.22 04:54:38.801,1.77909,1.77923,1.00,1.00
2014.09.22 04:54:38.954,1.77906,1.77922,1.50,1.55
2014.09.22 04:54:39.005,1.77903,1.77922,1.00,2.02
2014.09.22 04:54:39.309,1.77901,1.77917,1.12,1.00
2014.09.22 04:54:39.563,1.77899,1.77919,1.37,1.10
2014.09.22 04:54:39.715,1.77899,1.77918,1.00,1.00
2014.09.22 04:54:40.889,1.77899,1.77915,1.00,1.00
2014.09.22 04:54:41.042,1.77896,1.77915,1.69,1.50
2014.09.22 04:54:41.093,1.77896,1.77913,1.50,1.00
2014.09.22 04:54:41.497,1.77896,1.77911,1.00,1.50
2014.09.22 04:54:41.548,1.77893,1.77911,2.25,2.02
2014.09.22 04:54:41.650,1.77893,1.77907,1.50,1.00
2014.09.22 04:54:41.752,1.77888,1.77906,1.37,1.07
2014.09.22 04:54:41.803,1.77888,1.77903,1.00,1.00
2014.09.22 04:54:42.107,1.77886,1.77902,1.00,1.65
2014.09.22 04:54:42.416,1.77886,1.779,1.00,1.19
2014.09.22 04:54:42.467,1.77882,1.779,1.00,1.19
2014.09.22 04:54:42.720,1.77882,1.77901,1.00,1.57
2014.09.22 04:54:43.255,1.77881,1.77903,1.57,1.65
2014.09.22 04:54:46.228,1.77881,1.77903,2.14,1.65
2014.09.22 04:54:46.532,1.77891,1.77907,1.12,1.12
2014.09.22 04:54:46.735,1.77894,1.77913,1.57,1.50
2014.09.22 04:54:47.475,1.77894,1.77913,2.32,1.50
2014.09.22 04:54:47.948,1.77894,1.77911,2.25,1.00
2014.09.22 04:54:47.999,1.77894,1.77911,1.00,1.00
2014.09.22 04:54:48.152,1.77891,1.77907,1.57,1.00
2014.09.22 04:54:48.303,1.77889,1.77907,2.40,1.00
2014.09.22 04:54:49.134,1.77889,1.77908,1.65,2.25
2014.09.22 04:54:49.338,1.77891,1.77908,1.37,1.00
2014.09.22 04:54:49.540,1.77892,1.77912,1.57,1.00
2014.09.22 04:54:49.591,1.77894,1.77912,1.57,1.00
2014.09.22 04:54:50.268,1.77894,1.77913,1.57,1.00
2014.09.22 04:54:52.723,1.77894,1.77913,1.09,1.12
2014.09.22 04:54:53.047,1.77894,1.77913,1.10,1.45
2014.09.22 04:54:53.149,1.77891,1.77913,1.00,1.52
2014.09.22 04:54:53.301,1.77889,1.77908,1.00,1.00
2014.09.22 04:54:54.900,1.77889,1.77908,1.07,1.50
2014.09.22 04:54:55.501,1.77889,1.77908,1.15,1.50
2014.09.22 04:54:55.552,1.77889,1.77906,1.15,1.00
2014.09.22 04:54:56.760,1.77889,1.77901,1.07,1.37
2014.09.22 04:54:56.810,1.77883,1.77901,3.15,1.37
2014.09.22 04:54:56.962,1.77882,1.77896,1.84,1.00
2014.09.22 04:54:57.317,1.77879,1.779,2.32,1.37
2014.09.22 04:54:57.621,1.7788,1.77896,1.57,1.00
2014.09.22 04:54:57.925,1.77882,1.77899,1.97,1.00
2014.09.22 04:54:57.975,1.77882,1.77901,1.97,1.50
2014.09.22 04:54:58.079,1.77886,1.77905,1.17,1.25
2014.09.22 04:54:58.283,1.77888,1.77902,1.07,1.00
2014.09.22 04:54:58.487,1.77888,1.77906,1.00,1.69
2014.09.22 04:54:58.588,1.77888,1.77906,1.07,1.19
2014.09.22 04:54:58.690,1.77888,1.77907,1.57,1.50
2014.09.22 04:54:59.196,1.77889,1.77906,1.15,1.00
2014.09.22 04:54:59.702,1.77889,1.77907,1.15,1.50
2014.09.22 04:54:59.856,1.77889,1.77907,1.82,1.50
2014.09.22 04:55:00.939,1.77889,1.77906,2.25,1.00
2014.09.22 04:55:01.040,1.77889,1.77908,2.25,1.00
2014.09.22 04:55:01.584,1.77889,1.77907,2.25,1.00
2014.09.22 04:55:02.564,1.77889,1.77907,2.25,1.50
2014.09.22 04:55:03.220,1.77889,1.77908,2.62,1.50
2014.09.22 04:55:03.372,1.77889,1.77906,1.20,1.00
2014.09.22 04:55:03.474,1.77889,1.77908,1.20,1.50
2014.09.22 04:55:05.244,1.77889,1.77906,1.20,1.00
2014.09.22 04:55:05.750,1.77889,1.77908,1.20,2.25
2014.09.22 04:55:08.005,1.77889,1.77907,1.20,1.00
2014.09.22 04:55:08.563,1.77889,1.77908,1.45,1.50
2014.09.22 04:55:09.251,1.77889,1.77907,1.45,1.00
2014.09.22 04:55:09.302,1.77888,1.77903,1.17,1.00
2014.09.22 04:55:09.353,1.77888,1.77903,1.10,1.00
2014.09.22 04:55:09.404,1.77885,1.77902,1.20,1.00
2014.09.22 04:55:09.910,1.77883,1.77903,2.51,1.00
2014.09.22 04:55:09.961,1.77887,1.77904,1.10,1.00
2014.09.22 04:55:10.012,1.77887,1.77907,1.57,1.84
2014.09.22 04:55:10.063,1.77887,1.77907,1.57,1.76
2014.09.22 04:55:10.367,1.77889,1.7791,1.07,1.65
2014.09.22 04:55:10.897,1.77891,1.7791,1.00,1.57
2014.09.22 04:55:11.688,1.77893,1.7791,1.37,1.10
2014.09.22 04:55:11.941,1.77893,1.77913,1.00,1.09
2014.09.22 04:55:12.346,1.77893,1.77914,1.50,1.19
2014.09.22 04:55:12.855,1.77893,1.77914,1.76,1.00
2014.09.22 04:55:15.897,1.77896,1.77915,1.10,1.50
2014.09.22 04:55:16.243,1.77898,1.77915,1.00,1.50
2014.09.22 04:55:18.094,1.77898,1.77915,1.00,1.69
2014.09.22 04:55:18.246,1.77894,1.77912,1.00,1.00
2014.09.22 04:55:18.398,1.77896,1.77915,1.31,1.65
2014.09.22 04:55:18.601,1.77898,1.77918,1.27,1.00
2014.09.22 04:55:18.753,1.77902,1.77918,1.00,1.50
2014.09.22 04:55:18.955,1.77902,1.77922,1.15,2.44
2014.09.22 04:55:19.764,1.77903,1.77922,1.17,1.00
2014.09.22 04:55:21.135,1.77903,1.77917,1.17,1.00
2014.09.22 04:55:21.536,1.77903,1.77922,1.17,1.00
2014.09.22 04:55:22.664,1.77904,1.77923,1.07,1.50
2014.09.22 04:55:23.169,1.77904,1.77922,1.07,1.00
2014.09.22 04:55:23.321,1.77904,1.77925,1.07,1.76
2014.09.22 04:55:23.422,1.77904,1.77922,1.07,1.00
2014.09.22 04:55:23.669,1.77904,1.77925,1.07,1.76
2014.09.22 04:55:24.089,1.77904,1.77922,1.32,1.00
2014.09.22 04:55:24.342,1.77909,1.77927,1.00,1.00
2014.09.22 04:55:24.849,1.77909,1.77927,1.07,1.00
2014.09.22 04:55:25.001,1.77909,1.7793,1.07,2.32
2014.09.22 04:55:25.103,1.77909,1.7793,1.57,2.25
2014.09.22 04:55:25.653,1.77912,1.77931,1.10,1.00
2014.09.22 04:55:26.500,1.77912,1.77927,1.10,1.00
2014.09.22 04:55:26.601,1.77912,1.77931,1.10,1.00
2014.09.22 04:55:26.804,1.77912,1.77931,1.00,1.52
2014.09.22 04:55:27.114,1.77908,1.77922,1.00,1.00
2014.09.22 04:55:27.216,1.77908,1.77926,1.00,1.00
2014.09.22 04:55:27.418,1.77908,1.77927,1.65,1.00
2014.09.22 04:55:27.929,1.77911,1.77928,1.10,1.00
2014.09.22 04:55:28.135,1.77911,1.77932,1.10,2.25
2014.09.22 04:55:31.094,1.77913,1.77932,1.57,1.50
2014.09.22 04:55:31.398,1.77916,1.77933,1.17,1.00
2014.09.22 04:55:31.449,1.77919,1.77935,1.00,1.00
2014.09.22 04:55:31.500,1.77919,1.77937,1.00,1.00
2014.09.22 04:55:34.836,1.77922,1.77937,1.00,1.00
2014.09.22 04:55:35.089,1.77926,1.77942,1.00,1.12
2014.09.22 04:55:35.939,1.77923,1.77942,1.00,1.87
2014.09.22 04:55:42.562,1.77923,1.77942,1.00,1.87
2014.09.22 04:55:42.866,1.77923,1.77937,1.00,1.00
2014.09.22 04:55:43.372,1.77922,1.77938,1.00,1.12
2014.09.22 04:55:43.983,1.77922,1.77937,1.00,1.00
2014.09.22 04:55:44.337,1.77922,1.77938,1.00,2.62
2014.09.22 04:55:44.388,1.77917,1.77938,1.01,3.37
2014.09.22 04:55:44.439,1.77916,1.77938,2.89,3.52
2014.09.22 04:55:44.540,1.77916,1.77938,2.89,3.15
2014.09.22 04:55:44.641,1.77917,1.77938,1.01,3.37
2014.09.22 04:55:45.147,1.77919,1.77938,1.00,3.52
2014.09.22 04:55:45.834,1.77915,1.77935,1.26,1.37
2014.09.22 04:55:45.987,1.77915,1.77934,1.00,1.52
2014.09.22 04:55:46.038,1.77911,1.77931,2.40,1.37
2014.09.22 04:55:46.545,1.77911,1.77931,1.00,1.45
2014.09.22 04:55:47.443,1.77913,1.77932,1.00,1.84
2014.09.22 04:55:47.746,1.77916,1.77936,1.25,1.27
2014.09.22 04:55:47.848,1.77917,1.77937,1.07,1.50
2014.09.22 04:55:48.423,1.77917,1.77938,1.57,1.10
2014.09.22 04:55:55.890,1.77917,1.77938,1.76,2.70
2014.09.22 04:55:56.194,1.77917,1.77936,1.69,1.47
2014.09.22 04:55:56.497,1.77916,1.77933,1.29,1.12
2014.09.22 04:55:57.035,1.77916,1.77933,1.10,1.12
2014.09.22 04:55:57.548,1.77916,1.77932,1.10,1.37
2014.09.22 04:55:57.701,1.77912,1.7793,1.00,1.37
2014.09.22 04:55:57.802,1.7791,1.77928,1.00,1.27
2014.09.22 04:55:58.056,1.77905,1.77927,2.21,1.57
2014.09.22 04:55:58.561,1.77905,1.77927,2.21,1.95
2014.09.22 04:56:00.057,1.77905,1.77927,1.84,2.32
2014.09.22 04:56:01.399,1.77905,1.77927,1.84,1.95
2014.09.22 04:56:05.594,1.77905,1.77927,2.21,2.70
2014.09.22 04:56:06.100,1.77905,1.77927,2.89,2.62
2014.09.22 04:56:08.414,1.77905,1.77927,2.21,2.70
2014.09.22 04:56:16.621,1.77908,1.77927,1.00,1.10
2014.09.22 04:56:17.127,1.77908,1.77927,1.00,1.47
2014.09.22 04:56:25.422,1.77908,1.77927,1.00,1.20
2014.09.22 04:56:25.727,1.77908,1.77928,1.00,2.70
2014.09.22 04:56:26.030,1.77908,1.77922,1.00,1.00
2014.09.22 04:56:26.334,1.77905,1.77922,1.00,1.00
2014.09.22 04:56:29.231,1.77903,1.77923,1.17,1.95
2014.09.22 04:56:29.738,1.77905,1.77922,1.00,1.00
2014.09.22 04:56:37.327,1.77904,1.77917,1.07,1.00
2014.09.22 04:56:37.885,1.77902,1.77922,1.32,1.07
2014.09.22 04:56:38.138,1.77902,1.77912,1.00,1.00
2014.09.22 04:56:38.240,1.77902,1.77917,1.00,1.00
2014.09.22 04:56:38.291,1.77902,1.77917,1.50,1.00
2014.09.22 04:56:38.394,1.77902,1.77917,1.15,1.00
2014.09.22 04:56:38.647,1.77904,1.77921,1.10,1.25
2014.09.22 04:56:38.799,1.77904,1.77923,1.10,1.50
2014.09.22 04:56:38.850,1.77906,1.77923,1.00,1.50
2014.09.22 04:56:39.154,1.77906,1.77918,1.00,1.00
2014.09.22 04:56:39.445,1.77906,1.77923,1.50,1.50
2014.09.22 04:56:41.229,1.77906,1.77922,1.50,1.00
2014.09.22 04:56:41.381,1.77907,1.77922,1.87,1.00
2014.09.22 04:56:41.887,1.77907,1.77923,1.95,1.00
2014.09.22 04:56:48.134,1.77907,1.77925,2.14,1.00
2014.09.22 04:56:48.386,1.77908,1.77927,1.27,1.00
2014.09.22 04:56:48.538,1.77911,1.77927,1.00,1.00
2014.09.22 04:56:51.952,1.77911,1.77922,1.00,1.00
2014.09.22 04:56:52.864,1.77913,1.77927,1.00,1.00
2014.09.22 04:56:53.067,1.77913,1.77929,1.50,1.00
2014.09.22 04:56:53.431,1.77913,1.77932,1.50,2.70
2014.09.22 04:56:53.685,1.77921,1.77933,1.00,1.50
2014.09.22 04:56:54.039,1.77918,1.77933,1.10,1.50
2014.09.22 04:56:54.191,1.77921,1.77938,1.19,1.57
2014.09.22 04:56:54.595,1.77925,1.77942,1.00,1.50
2014.09.22 04:56:54.848,1.77924,1.77937,1.25,1.00
2014.09.22 04:56:55.151,1.77921,1.77937,1.00,1.00
2014.09.22 04:56:55.404,1.77921,1.77933,1.00,1.00
2014.09.22 04:56:55.682,1.77918,1.77932,1.50,1.00
2014.09.22 04:56:56.137,1.77916,1.77932,1.00,1.00
2014.09.22 04:56:58.482,1.77916,1.77927,1.12,1.00
2014.09.22 04:56:58.584,1.77917,1.77932,1.10,1.00
2014.09.22 04:56:58.685,1.77917,1.77935,1.57,1.00
2014.09.22 04:56:58.786,1.77916,1.77937,1.27,1.10
2014.09.22 04:56:59.140,1.77918,1.77932,1.00,1.00
2014.09.22 04:57:01.973,1.77918,1.77938,1.00,2.40
2014.09.22 04:57:02.074,1.77918,1.77932,1.00,1.00
2014.09.22 04:57:03.049,1.77916,1.77932,1.00,1.00
2014.09.22 04:57:09.662,1.77916,1.77936,1.00,1.57
2014.09.22 04:57:09.772,1.77916,1.77932,1.00,1.00
2014.09.22 04:57:10.817,1.77915,1.77932,1.25,1.00
2014.09.22 04:57:15.746,1.77915,1.77936,1.00,1.57
2014.09.22 04:57:18.427,1.77915,1.77932,1.00,1.00
2014.09.22 04:57:20.463,1.77915,1.77936,1.25,1.10
2014.09.22 04:57:21.128,1.77915,1.77933,1.25,1.00
2014.09.22 04:57:27.149,1.77915,1.77933,1.87,1.00
2014.09.22 04:57:27.404,1.7792,1.77937,1.00,1.00
2014.09.22 04:57:27.506,1.77921,1.77937,1.17,1.00
2014.09.22 04:57:27.913,1.77924,1.77937,1.00,1.00
2014.09.22 04:57:28.157,1.77924,1.77944,1.50,1.20
2014.09.22 04:57:34.321,1.77924,1.77943,1.00,1.00
2014.09.22 04:57:37.316,1.77924,1.77942,1.00,1.00
2014.09.22 04:57:38.118,1.77923,1.77942,1.50,1.50
2014.09.22 04:57:40.033,1.77925,1.77944,1.00,1.84
2014.09.22 04:57:41.442,1.77925,1.77943,1.00,1.00
2014.09.22 04:57:41.643,1.77923,1.77942,1.00,1.00
2014.09.22 04:57:42.148,1.77922,1.77942,2.59,1.00
2014.09.22 04:57:48.844,1.77922,1.77942,1.50,2.25
2014.09.22 04:57:48.945,1.77922,1.77942,1.50,1.17
2014.09.22 04:57:49.934,1.77923,1.77942,1.00,1.17
2014.09.22 04:57:50.884,1.77925,1.77942,1.00,1.17
2014.09.22 04:57:55.207,1.77925,1.77937,1.00,1.00
2014.09.22 04:57:55.258,1.77923,1.77937,1.00,1.00
2014.09.22 04:58:07.752,1.77923,1.77937,1.17,1.00
2014.09.22 04:58:08.502,1.77923,1.77942,1.17,2.25
2014.09.22 04:58:11.261,1.77923,1.77937,1.17,1.00
2014.09.22 04:58:13.351,1.77923,1.77942,1.17,2.25
2014.09.22 04:58:13.923,1.77923,1.77937,1.17,1.00
2014.09.22 04:58:15.001,1.77923,1.77942,2.02,1.50
2014.09.22 04:58:15.343,1.77923,1.77938,1.00,1.00
2014.09.22 04:58:15.802,1.77923,1.77938,1.15,1.00
2014.09.22 04:58:19.813,1.77926,1.77938,1.00,1.00
2014.09.22 04:58:19.966,1.77926,1.77943,1.00,1.50
2014.09.22 04:58:20.504,1.77926,1.77942,1.00,1.00
2014.09.22 04:58:30.252,1.77926,1.77943,1.00,1.50
2014.09.22 04:58:30.755,1.77926,1.77942,1.00,1.00
2014.09.22 04:58:31.271,1.77926,1.77942,1.00,1.07
2014.09.22 04:58:31.373,1.77922,1.77942,1.95,1.07
2014.09.22 04:58:31.972,1.77922,1.77942,1.95,1.00
2014.09.22 04:58:32.890,1.77922,1.77942,1.95,1.00
2014.09.22 04:58:34.408,1.77924,1.77942,1.00,1.00
2014.09.22 04:58:41.090,1.77925,1.77942,1.00,1.00
2014.09.22 04:58:44.562,1.77922,1.77943,2.44,1.15
2014.09.22 04:58:45.066,1.77922,1.77943,2.81,1.15
2014.09.22 04:58:45.617,1.77924,1.77943,1.95,1.00
2014.09.22 04:58:46.134,1.77927,1.77943,1.12,1.00
2014.09.22 04:58:46.387,1.77931,1.77943,1.00,1.00
2014.09.22 04:58:46.591,1.77927,1.77943,1.87,1.00
2014.09.22 04:58:47.101,1.77927,1.77945,1.87,1.17
2014.09.22 04:58:54.491,1.77927,1.77945,1.20,1.00
2014.09.22 04:58:57.845,1.77927,1.77945,1.47,1.00
2014.09.22 04:59:13.992,1.77928,1.77942,1.12,1.00
2014.09.22 04:59:14.499,1.77928,1.77942,1.37,1.00
2014.09.22 04:59:14.600,1.77926,1.77942,2.06,1.00
2014.09.22 04:59:15.211,1.77926,1.77943,1.31,1.00
2014.09.22 04:59:15.872,1.77926,1.77943,1.12,1.17
2014.09.22 04:59:18.148,1.77926,1.77943,1.12,1.00
2014.09.22 04:59:19.273,1.77926,1.77937,1.12,1.00
2014.09.22 04:59:27.428,1.77926,1.77942,1.12,1.00
2014.09.22 04:59:33.540,1.77926,1.77945,1.00,1.07
2014.09.22 04:59:39.932,1.77926,1.77942,1.00,1.00
2014.09.22 04:59:40.185,1.77926,1.77945,1.00,1.07
2014.09.22 04:59:40.291,1.77926,1.77942,1.00,1.00
2014.09.22 04:59:40.469,1.77926,1.77945,1.00,1.07
2014.09.22 04:59:41.979,1.77926,1.77941,1.00,1.00
2014.09.22 04:59:42.561,1.77926,1.77938,1.00,1.00
2014.09.22 04:59:44.429,1.77926,1.77941,1.00,1.00
2014.09.22 04:59:47.754,1.77925,1.77941,1.00,1.00
2014.09.22 04:59:58.590,1.77925,1.77941,1.50,1.00
2014.09.22 04:59:58.793,1.77925,1.77944,1.50,1.10
2014.09.22 04:59:58.894,1.7793,1.77947,1.37,1.76
2014.09.22 04:59:58.995,1.77932,1.77947,1.37,1.50
2014.09.22 04:59:59.299,1.77934,1.77951,1.00,1.65
2014.09.22 04:59:59.502,1.77936,1.77951,1.00,1.00
2014.09.22 04:59:59.654,1.77938,1.77954,1.00,1.10
