2013.05.20 06:00:00.041,1.56037,1.56061,1.50,2.82
2013.05.20 06:00:00.223,1.56037,1.5606,1.50,2.07
2013.05.20 06:00:00.654,1.56037,1.5606,1.50,1.32
2013.05.20 06:00:00.784,1.56037,1.5606,1.50,2.07
2013.05.20 06:00:01.332,1.56038,1.5606,1.50,2.07
2013.05.20 06:00:01.726,1.5604,1.5606,1.50,1.32
2013.05.20 06:00:02.272,1.5604,1.5606,1.50,1.32
2013.05.20 06:00:03.113,1.56046,1.56062,1.13,1.50
2013.05.20 06:00:03.412,1.56052,1.56071,1.13,1.69
2013.05.20 06:00:03.592,1.56054,1.56071,1.65,1.69
2013.05.20 06:00:03.712,1.56052,1.56071,1.88,1.69
2013.05.20 06:00:04.443,1.5605,1.5607,1.50,1.69
2013.05.20 06:00:04.682,1.56047,1.5607,4.88,1.69
2013.05.20 06:00:18.849,1.56056,1.5608,1.13,1.69
2013.05.20 06:00:20.039,1.56065,1.5609,1.50,1.50
2013.05.20 06:00:20.596,1.56065,1.5609,1.50,2.63
2013.05.20 06:00:21.222,1.56063,1.56088,1.50,2.63
2013.05.20 06:00:21.344,1.56061,1.56085,1.50,1.13
2013.05.20 06:00:21.473,1.56058,1.56081,1.13,1.84
2013.05.20 06:00:21.833,1.56058,1.56079,1.13,1.50
2013.05.20 06:00:21.893,1.56056,1.56079,1.69,1.13
2013.05.20 06:00:21.952,1.56057,1.56082,1.69,1.80
2013.05.20 06:00:22.014,1.56057,1.56081,1.69,1.13
2013.05.20 06:00:22.371,1.56058,1.56081,2.25,1.13
2013.05.20 06:00:22.913,1.56057,1.5608,2.44,1.13
2013.05.20 06:00:23.032,1.56058,1.5608,1.50,1.13
2013.05.20 06:00:23.394,1.56056,1.56078,1.69,1.28
2013.05.20 06:00:23.833,1.56053,1.56077,1.69,1.50
2013.05.20 06:00:24.283,1.56053,1.56075,1.69,1.50
2013.05.20 06:00:24.703,1.56053,1.56074,1.69,1.13
2013.05.20 06:00:24.823,1.56051,1.56074,2.25,1.13
2013.05.20 06:00:24.884,1.56051,1.56074,1.50,1.13
2013.05.20 06:00:25.012,1.56051,1.56075,1.50,1.50
2013.05.20 06:00:25.552,1.56051,1.56077,3.75,2.07
2013.05.20 06:00:27.244,1.56051,1.56075,2.44,2.40
2013.05.20 06:00:27.552,1.5604,1.56067,2.63,3.19
2013.05.20 06:00:28.093,1.56039,1.56063,2.07,1.50
2013.05.20 06:00:28.654,1.56036,1.56062,1.69,1.50
2013.05.20 06:00:29.842,1.56035,1.56062,2.07,2.25
2013.05.20 06:00:30.806,1.56036,1.56061,1.69,1.50
2013.05.20 06:00:30.993,1.56035,1.5606,2.07,1.50
2013.05.20 06:00:31.552,1.56035,1.56058,1.69,1.13
2013.05.20 06:00:31.852,1.56035,1.56058,1.69,1.13
2013.05.20 06:00:32.213,1.56031,1.56054,3.19,1.13
2013.05.20 06:00:32.333,1.56031,1.56054,3.94,1.13
2013.05.20 06:00:32.872,1.56032,1.56057,3.94,1.13
2013.05.20 06:00:33.371,1.56033,1.56057,1.69,1.13
2013.05.20 06:00:33.552,1.56036,1.56058,1.50,1.13
2013.05.20 06:00:33.918,1.56037,1.56062,2.25,1.47
2013.05.20 06:00:34.042,1.56038,1.56063,2.25,1.88
2013.05.20 06:00:34.102,1.56041,1.56063,1.50,1.13
2013.05.20 06:00:34.282,1.56038,1.56062,1.50,1.13
2013.05.20 06:00:34.402,1.56038,1.56062,1.50,1.13
2013.05.20 06:00:35.108,1.56038,1.56062,1.50,1.88
2013.05.20 06:00:35.632,1.56035,1.56061,2.44,1.13
2013.05.20 06:00:36.836,1.56037,1.56061,1.50,1.50
2013.05.20 06:00:36.908,1.56037,1.5606,1.50,1.50
2013.05.20 06:00:37.033,1.56037,1.56061,1.50,1.13
2013.05.20 06:00:37.433,1.56038,1.56061,1.50,1.13
2013.05.20 06:00:38.272,1.56038,1.5606,1.50,1.50
2013.05.20 06:00:38.633,1.56039,1.56061,1.50,1.13
2013.05.20 06:00:38.874,1.56041,1.56061,1.50,1.13
2013.05.20 06:00:39.451,1.56042,1.56064,1.50,1.13
2013.05.20 06:00:39.692,1.56039,1.56061,1.50,1.13
2013.05.20 06:00:39.752,1.56039,1.56061,1.50,1.13
2013.05.20 06:00:40.303,1.56037,1.56059,1.69,1.13
2013.05.20 06:00:43.093,1.56037,1.56061,1.69,1.13
2013.05.20 06:00:43.594,1.56039,1.56063,1.50,2.25
2013.05.20 06:00:43.783,1.56039,1.56063,1.50,2.25
2013.05.20 06:00:43.844,1.56039,1.56063,1.50,2.25
2013.05.20 06:00:44.124,1.56036,1.56062,2.44,1.13
2013.05.20 06:00:44.312,1.56037,1.56063,1.69,1.50
2013.05.20 06:00:44.853,1.56037,1.56063,2.44,2.25
2013.05.20 06:00:44.913,1.56038,1.56063,1.69,1.13
2013.05.20 06:00:45.293,1.56041,1.56065,1.69,1.50
2013.05.20 06:00:45.353,1.56043,1.56065,1.50,1.13
2013.05.20 06:00:46.032,1.56044,1.56065,1.50,1.13
2013.05.20 06:00:46.336,1.56046,1.56071,1.50,2.82
2013.05.20 06:00:46.462,1.56046,1.56071,1.50,2.07
2013.05.20 06:00:46.581,1.56044,1.56071,2.25,2.07
2013.05.20 06:00:47.874,1.56043,1.56071,1.69,2.07
2013.05.20 06:00:48.741,1.56044,1.56071,1.50,1.69
2013.05.20 06:00:48.981,1.56044,1.56071,1.50,1.32
2013.05.20 06:00:49.222,1.56046,1.56071,1.50,1.32
2013.05.20 06:00:49.626,1.56054,1.56079,1.50,1.69
2013.05.20 06:00:49.992,1.56054,1.5608,2.25,1.69
2013.05.20 06:00:50.962,1.56055,1.56081,2.25,2.44
2013.05.20 06:00:51.395,1.56056,1.56081,1.50,1.32
2013.05.20 06:00:51.764,1.56053,1.5608,1.50,1.88
2013.05.20 06:00:52.123,1.56055,1.56078,1.50,1.50
2013.05.20 06:00:52.242,1.56054,1.56078,1.50,1.50
2013.05.20 06:00:52.732,1.56054,1.56079,1.50,1.13
2013.05.20 06:00:53.353,1.56057,1.56079,1.50,1.13
2013.05.20 06:00:53.731,1.56058,1.56079,1.50,1.13
2013.05.20 06:00:54.233,1.56058,1.56081,1.50,2.07
2013.05.20 06:00:54.534,1.56048,1.56075,2.44,3.38
2013.05.20 06:00:54.602,1.56048,1.56075,1.69,1.88
2013.05.20 06:00:54.662,1.56051,1.56075,1.69,1.50
2013.05.20 06:00:54.723,1.56052,1.56075,1.69,1.88
2013.05.20 06:00:54.963,1.56055,1.56079,1.50,2.44
2013.05.20 06:00:55.082,1.56055,1.56079,1.50,2.44
2013.05.20 06:00:55.142,1.56055,1.56079,1.50,1.50
2013.05.20 06:00:55.322,1.56056,1.56082,1.50,2.97
2013.05.20 06:00:55.562,1.56056,1.56083,1.50,2.82
2013.05.20 06:00:56.262,1.56056,1.56083,1.50,2.78
2013.05.20 06:00:56.383,1.56055,1.56078,1.50,1.88
2013.05.20 06:00:56.562,1.56053,1.56077,2.63,1.13
2013.05.20 06:00:56.863,1.56053,1.56077,1.13,1.50
2013.05.20 06:00:57.103,1.5605,1.56073,1.69,1.13
2013.05.20 06:00:57.662,1.56049,1.56073,1.69,1.84
2013.05.20 06:00:57.902,1.56048,1.56073,1.69,1.09
2013.05.20 06:00:58.635,1.56051,1.56072,1.69,1.13
2013.05.20 06:00:59.703,1.56051,1.56076,2.44,1.50
2013.05.20 06:01:00.062,1.56056,1.56078,1.50,1.13
2013.05.20 06:01:00.995,1.56053,1.56078,1.50,1.13
2013.05.20 06:01:01.064,1.56054,1.56078,1.69,1.13
2013.05.20 06:01:01.673,1.56056,1.56078,1.69,1.13
2013.05.20 06:01:03.372,1.56055,1.56083,3.94,2.59
2013.05.20 06:01:03.433,1.56055,1.56078,3.94,1.50
2013.05.20 06:01:03.744,1.56055,1.56076,1.69,1.50
2013.05.20 06:01:04.412,1.56051,1.56076,2.44,1.88
2013.05.20 06:01:04.892,1.56056,1.56083,1.69,5.07
2013.05.20 06:01:04.952,1.56058,1.56083,1.50,2.82
2013.05.20 06:01:05.073,1.5606,1.56083,1.13,2.07
2013.05.20 06:01:05.613,1.56062,1.56083,2.07,1.13
2013.05.20 06:01:05.923,1.56062,1.56083,1.13,3.38
2013.05.20 06:01:05.993,1.56059,1.56079,1.69,1.50
2013.05.20 06:01:06.421,1.56054,1.56081,2.25,3.19
2013.05.20 06:01:09.422,1.56054,1.56081,2.25,2.82
2013.05.20 06:01:09.723,1.56057,1.56083,1.69,2.44
2013.05.20 06:01:10.400,1.56056,1.56081,1.69,1.13
2013.05.20 06:01:12.912,1.56056,1.56081,1.69,1.50
2013.05.20 06:01:12.972,1.56056,1.56079,1.69,1.50
2013.05.20 06:01:13.033,1.56056,1.56078,1.69,1.13
2013.05.20 06:01:13.271,1.56053,1.56078,1.69,3.00
2013.05.20 06:01:13.332,1.56053,1.56076,1.69,1.13
2013.05.20 06:01:13.910,1.56052,1.56074,2.82,1.13
2013.05.20 06:01:14.552,1.56052,1.56074,1.13,1.13
2013.05.20 06:01:15.212,1.56051,1.56074,1.50,1.88
2013.05.20 06:01:15.984,1.56049,1.56074,3.94,1.50
2013.05.20 06:01:16.962,1.5605,1.56073,1.50,1.50
2013.05.20 06:01:17.323,1.56053,1.56074,1.50,1.69
2013.05.20 06:01:17.443,1.56051,1.56074,1.50,1.69
2013.05.20 06:01:17.623,1.56054,1.56075,1.50,1.32
2013.05.20 06:01:18.242,1.56054,1.56075,1.50,1.32
2013.05.20 06:01:20.464,1.56052,1.56077,2.25,2.44
2013.05.20 06:01:21.478,1.56052,1.56077,2.25,2.25
2013.05.20 06:01:22.493,1.56054,1.56077,1.50,2.25
2013.05.20 06:01:23.010,1.56054,1.56073,1.50,1.13
2013.05.20 06:01:23.354,1.56054,1.56076,1.50,1.13
2013.05.20 06:01:23.482,1.56054,1.56076,1.50,1.13
2013.05.20 06:01:24.123,1.56055,1.56077,1.50,2.25
2013.05.20 06:01:24.431,1.56054,1.56077,1.50,2.25
2013.05.20 06:01:25.832,1.56052,1.56077,1.69,1.32
2013.05.20 06:01:26.404,1.56051,1.56077,2.44,1.32
2013.05.20 06:01:27.123,1.56051,1.56076,1.50,2.07
2013.05.20 06:01:27.914,1.56051,1.56076,2.25,1.69
2013.05.20 06:01:28.222,1.56049,1.56073,1.50,1.32
2013.05.20 06:01:28.404,1.56047,1.56072,1.88,1.50
2013.05.20 06:01:28.711,1.56047,1.56073,1.50,2.44
2013.05.20 06:01:29.144,1.56048,1.56073,1.50,2.07
2013.05.20 06:01:29.212,1.56048,1.56073,3.00,1.69
2013.05.20 06:01:29.454,1.5605,1.56074,1.13,1.69
2013.05.20 06:01:29.933,1.56053,1.56078,1.50,1.50
2013.05.20 06:01:30.113,1.56054,1.56078,1.50,1.50
2013.05.20 06:01:30.472,1.56057,1.56081,1.88,1.32
2013.05.20 06:01:31.474,1.56057,1.56079,1.88,1.13
2013.05.20 06:01:31.532,1.56055,1.56077,1.50,3.38
2013.05.20 06:01:31.712,1.56052,1.56075,1.50,1.13
2013.05.20 06:01:31.893,1.56054,1.56077,1.50,2.07
2013.05.20 06:01:32.201,1.56056,1.56078,1.50,1.69
2013.05.20 06:01:32.693,1.56061,1.56081,1.50,2.44
2013.05.20 06:01:32.872,1.56064,1.56082,1.50,1.50
2013.05.20 06:01:33.592,1.56062,1.56082,1.50,1.50
2013.05.20 06:01:33.653,1.56061,1.56082,2.25,1.50
2013.05.20 06:01:34.215,1.5606,1.56082,1.88,1.50
2013.05.20 06:01:34.733,1.56059,1.56082,1.50,1.50
2013.05.20 06:01:34.911,1.56058,1.56082,1.69,1.50
2013.05.20 06:01:36.442,1.56061,1.56082,1.50,1.50
2013.05.20 06:01:36.622,1.56057,1.56082,1.50,2.82
2013.05.20 06:01:37.213,1.56057,1.56081,1.50,1.69
2013.05.20 06:01:37.424,1.56057,1.56079,1.50,1.50
2013.05.20 06:01:37.552,1.56056,1.56079,1.50,2.25
2013.05.20 06:01:37.805,1.56056,1.5607,1.50,1.13
2013.05.20 06:01:38.053,1.56045,1.56069,1.50,1.69
2013.05.20 06:01:38.112,1.56044,1.56066,1.50,1.13
2013.05.20 06:01:38.172,1.56043,1.56066,2.44,1.13
2013.05.20 06:01:38.353,1.56043,1.56064,1.69,1.13
2013.05.20 06:01:38.412,1.56043,1.56066,1.69,2.25
2013.05.20 06:01:38.472,1.56043,1.56067,1.69,2.63
2013.05.20 06:01:38.892,1.56044,1.56067,1.50,1.13
2013.05.20 06:01:39.433,1.56045,1.56067,2.25,2.07
2013.05.20 06:01:39.816,1.5604,1.56067,2.44,2.44
2013.05.20 06:01:40.363,1.56042,1.56063,1.50,1.50
2013.05.20 06:01:41.115,1.56042,1.56064,1.50,1.50
2013.05.20 06:01:41.363,1.56043,1.56065,1.50,1.50
2013.05.20 06:01:41.673,1.56044,1.56064,1.50,1.50
2013.05.20 06:01:44.392,1.56045,1.56068,1.50,2.07
2013.05.20 06:01:45.983,1.56044,1.56067,1.50,1.13
2013.05.20 06:01:46.163,1.56043,1.56068,3.94,1.13
2013.05.20 06:01:47.361,1.56043,1.56067,3.94,1.13
2013.05.20 06:01:48.122,1.56043,1.56068,3.94,1.88
2013.05.20 06:01:48.711,1.56043,1.56068,3.94,1.88
2013.05.20 06:01:49.232,1.56043,1.56068,3.00,3.00
2013.05.20 06:01:49.471,1.56043,1.56067,2.25,1.50
2013.05.20 06:01:51.271,1.56043,1.56068,1.50,3.00
2013.05.20 06:01:52.023,1.56043,1.56068,2.25,3.00
2013.05.20 06:01:52.575,1.56043,1.56068,1.50,2.63
2013.05.20 06:01:55.002,1.56043,1.56068,1.50,2.25
2013.05.20 06:01:56.284,1.56042,1.56067,1.50,1.13
2013.05.20 06:01:56.792,1.5604,1.56065,2.44,2.25
2013.05.20 06:01:57.152,1.56039,1.56063,1.69,1.88
2013.05.20 06:01:57.521,1.56037,1.56062,1.69,3.00
2013.05.20 06:01:58.463,1.56038,1.56062,1.69,3.38
2013.05.20 06:02:00.062,1.56036,1.56061,3.94,1.88
2013.05.20 06:02:00.584,1.56036,1.56059,3.19,1.13
2013.05.20 06:02:01.682,1.56036,1.56059,1.69,1.13
2013.05.20 06:02:01.802,1.56036,1.56059,1.69,1.13
2013.05.20 06:02:02.062,1.56036,1.56059,1.69,1.13
2013.05.20 06:02:03.532,1.56034,1.56061,1.50,3.19
2013.05.20 06:02:03.810,1.56034,1.56061,1.50,2.07
2013.05.20 06:02:03.872,1.56036,1.56061,1.50,1.32
2013.05.20 06:02:03.933,1.56039,1.56061,1.50,1.32
2013.05.20 06:02:04.421,1.56037,1.56062,3.19,1.88
2013.05.20 06:02:04.673,1.56036,1.56062,3.19,1.88
2013.05.20 06:02:04.924,1.56036,1.56062,3.19,1.13
2013.05.20 06:02:05.232,1.56036,1.5606,2.44,1.50
2013.05.20 06:02:05.834,1.56039,1.5606,1.69,1.50
2013.05.20 06:02:05.903,1.56039,1.56063,2.22,2.25
2013.05.20 06:02:05.966,1.56039,1.56064,2.97,1.50
2013.05.20 06:02:06.035,1.56042,1.56066,1.50,1.69
2013.05.20 06:02:06.574,1.56044,1.56068,2.25,1.69
2013.05.20 06:02:06.973,1.56045,1.56069,1.50,3.19
2013.05.20 06:02:12.442,1.56046,1.56069,1.88,1.50
2013.05.20 06:02:12.743,1.56045,1.56069,1.69,2.25
2013.05.20 06:02:13.282,1.56046,1.56069,1.88,2.25
2013.05.20 06:02:15.102,1.56051,1.56072,1.13,2.44
2013.05.20 06:02:15.222,1.56051,1.56072,1.13,1.50
2013.05.20 06:02:15.403,1.56057,1.56076,1.13,1.13
2013.05.20 06:02:15.462,1.56057,1.5608,1.13,2.44
2013.05.20 06:02:15.823,1.56058,1.56083,1.88,3.19
2013.05.20 06:02:15.944,1.56059,1.56086,2.44,2.07
2013.05.20 06:02:16.012,1.56063,1.56087,1.13,2.82
2013.05.20 06:02:16.873,1.56063,1.56085,1.13,1.13
2013.05.20 06:02:17.234,1.56052,1.56075,1.28,1.50
2013.05.20 06:02:17.592,1.56052,1.56078,2.63,4.32
2013.05.20 06:02:18.364,1.56052,1.56077,2.25,1.69
2013.05.20 06:02:19.183,1.56052,1.56078,1.50,3.00
2013.05.20 06:02:19.641,1.56055,1.56079,1.13,2.44
2013.05.20 06:02:19.778,1.56055,1.5608,1.88,2.44
2013.05.20 06:02:20.954,1.56055,1.5608,1.13,3.94
2013.05.20 06:02:21.644,1.56052,1.56079,1.50,1.69
2013.05.20 06:02:21.831,1.56052,1.56079,1.50,1.69
2013.05.20 06:02:23.283,1.56054,1.56079,1.50,1.13
2013.05.20 06:02:23.642,1.56057,1.56081,1.50,2.44
2013.05.20 06:02:24.183,1.56056,1.56081,1.50,2.44
2013.05.20 06:02:24.544,1.56056,1.56081,1.50,1.69
2013.05.20 06:02:24.904,1.56059,1.56082,1.50,1.69
2013.05.20 06:02:25.943,1.56059,1.56082,1.50,1.69
2013.05.20 06:02:27.062,1.56061,1.56083,1.50,1.32
2013.05.20 06:02:30.332,1.56061,1.56085,1.50,2.44
2013.05.20 06:02:30.634,1.56061,1.56085,1.50,2.59
2013.05.20 06:02:30.763,1.5606,1.56085,1.50,3.34
2013.05.20 06:02:30.948,1.56061,1.56085,1.50,1.69
2013.05.20 06:02:31.073,1.56062,1.56084,1.13,1.50
2013.05.20 06:02:31.193,1.56065,1.56087,1.50,2.25
2013.05.20 06:02:31.377,1.56064,1.5609,2.82,1.65
2013.05.20 06:02:31.922,1.56066,1.56092,1.50,1.84
2013.05.20 06:02:32.042,1.56066,1.56092,1.50,1.69
2013.05.20 06:02:32.103,1.56066,1.56092,1.50,1.32
2013.05.20 06:02:32.884,1.56066,1.56091,1.50,1.69
2013.05.20 06:02:33.193,1.56062,1.56086,2.07,1.50
2013.05.20 06:02:33.497,1.56061,1.56084,2.44,1.50
2013.05.20 06:02:33.565,1.56061,1.56086,3.19,1.50
2013.05.20 06:02:33.637,1.56061,1.56087,1.69,2.25
2013.05.20 06:02:33.882,1.56061,1.56087,2.44,1.13
2013.05.20 06:02:34.422,1.56061,1.56087,1.69,1.50
2013.05.20 06:02:36.033,1.56059,1.56085,1.13,1.50
2013.05.20 06:02:36.554,1.56059,1.56082,1.13,1.50
2013.05.20 06:02:38.404,1.56059,1.56081,1.13,1.69
2013.05.20 06:02:42.034,1.56061,1.56082,1.50,1.69
2013.05.20 06:02:42.613,1.56061,1.56081,1.50,1.50
2013.05.20 06:02:42.972,1.56056,1.56073,1.13,1.13
2013.05.20 06:02:43.035,1.5605,1.56068,1.13,2.44
2013.05.20 06:02:43.104,1.5605,1.56068,1.50,3.94
2013.05.20 06:02:43.164,1.56047,1.56062,1.13,1.50
2013.05.20 06:02:43.534,1.56043,1.56064,1.13,2.63
2013.05.20 06:02:43.665,1.56047,1.56069,1.50,2.25
2013.05.20 06:02:43.734,1.56052,1.56071,1.50,1.50
2013.05.20 06:02:43.805,1.56056,1.56076,1.13,1.50
2013.05.20 06:02:44.053,1.56055,1.56078,1.13,1.50
2013.05.20 06:02:44.415,1.56056,1.56081,3.38,1.69
2013.05.20 06:02:45.265,1.56057,1.56082,2.25,1.69
2013.05.20 06:02:45.394,1.5606,1.56082,1.50,1.69
2013.05.20 06:02:46.272,1.56062,1.56082,1.50,1.69
2013.05.20 06:02:46.573,1.56063,1.56084,1.50,1.69
2013.05.20 06:02:46.692,1.56063,1.56089,1.13,2.44
2013.05.20 06:02:46.824,1.56063,1.56089,1.13,2.44
2013.05.20 06:02:47.123,1.56066,1.56089,1.50,2.44
2013.05.20 06:02:48.043,1.56066,1.56089,1.50,3.19
2013.05.20 06:02:48.254,1.56066,1.56089,1.50,3.19
2013.05.20 06:02:49.563,1.56066,1.56087,1.50,1.50
2013.05.20 06:02:50.954,1.56069,1.56087,1.50,1.50
2013.05.20 06:02:51.457,1.56069,1.56089,1.50,2.44
2013.05.20 06:02:51.792,1.56069,1.56088,1.50,1.50
2013.05.20 06:02:52.222,1.56064,1.56088,1.13,1.50
2013.05.20 06:02:53.403,1.56066,1.56088,1.50,2.25
2013.05.20 06:02:55.278,1.56071,1.56088,1.50,2.25
2013.05.20 06:02:55.645,1.56074,1.56089,2.25,2.25
2013.05.20 06:02:55.713,1.56074,1.56099,2.25,2.63
2013.05.20 06:02:55.774,1.56073,1.56096,1.13,1.65
2013.05.20 06:02:55.963,1.56073,1.56088,1.13,1.50
2013.05.20 06:02:56.083,1.56071,1.56087,1.50,1.50
2013.05.20 06:02:56.145,1.56067,1.56087,1.13,1.50
2013.05.20 06:02:56.332,1.56065,1.56085,1.13,1.50
2013.05.20 06:02:56.393,1.56065,1.56084,1.13,1.50
2013.05.20 06:02:56.573,1.56065,1.56084,1.13,1.50
2013.05.20 06:02:56.635,1.56062,1.56084,1.13,2.44
2013.05.20 06:02:56.942,1.56058,1.56084,1.50,1.69
2013.05.20 06:02:57.123,1.56058,1.5608,1.50,1.50
2013.05.20 06:02:57.303,1.56061,1.56086,1.13,1.88
2013.05.20 06:02:57.543,1.56069,1.56087,1.47,1.50
2013.05.20 06:02:57.603,1.56072,1.56088,1.13,1.50
2013.05.20 06:02:57.663,1.56073,1.56092,1.13,2.25
2013.05.20 06:02:57.724,1.56076,1.56094,1.13,1.50
2013.05.20 06:02:57.793,1.56077,1.56095,1.13,1.50
2013.05.20 06:02:57.915,1.56077,1.56099,1.13,1.50
2013.05.20 06:02:58.413,1.5608,1.56103,1.50,2.63
2013.05.20 06:02:58.653,1.56077,1.56103,2.63,1.88
2013.05.20 06:02:58.715,1.56077,1.56103,3.75,1.13
2013.05.20 06:02:59.263,1.56081,1.56105,1.13,2.25
2013.05.20 06:02:59.325,1.56079,1.56103,1.50,1.50
2013.05.20 06:02:59.635,1.56078,1.56098,1.13,1.50
2013.05.20 06:03:00.143,1.56078,1.56098,1.13,1.50
2013.05.20 06:03:00.276,1.5608,1.561,1.50,1.50
2013.05.20 06:03:00.465,1.5608,1.56102,1.50,1.69
2013.05.20 06:03:00.536,1.5608,1.561,1.50,1.50
2013.05.20 06:03:01.264,1.56076,1.56099,1.88,2.25
2013.05.20 06:03:01.337,1.56076,1.56098,1.50,1.50
2013.05.20 06:03:01.465,1.56076,1.56096,1.50,1.88
2013.05.20 06:03:01.854,1.56073,1.56094,1.32,1.50
2013.05.20 06:03:02.372,1.56072,1.56096,2.44,1.13
2013.05.20 06:03:02.432,1.56072,1.56097,2.44,1.50
2013.05.20 06:03:02.493,1.56072,1.56097,2.44,1.50
2013.05.20 06:03:02.853,1.56074,1.56097,1.13,1.50
2013.05.20 06:03:03.452,1.56074,1.56098,1.13,1.50
2013.05.20 06:03:03.515,1.56074,1.56098,1.13,1.50
2013.05.20 06:03:03.912,1.56073,1.56097,1.69,1.50
2013.05.20 06:03:03.973,1.56073,1.56096,1.69,1.50
2013.05.20 06:03:04.334,1.56073,1.56093,1.69,1.50
2013.05.20 06:03:04.832,1.56071,1.56094,1.69,2.63
2013.05.20 06:03:05.072,1.56071,1.56094,1.69,1.13
2013.05.20 06:03:05.542,1.56071,1.56094,1.69,2.63
2013.05.20 06:03:06.392,1.56073,1.56092,1.50,1.50
2013.05.20 06:03:06.693,1.56075,1.56094,1.13,1.88
2013.05.20 06:03:06.813,1.56075,1.56095,1.88,1.13
2013.05.20 06:03:07.776,1.56077,1.561,1.50,1.88
2013.05.20 06:03:08.093,1.56077,1.561,1.50,1.13
2013.05.20 06:03:08.273,1.56081,1.56102,1.13,1.13
2013.05.20 06:03:09.591,1.56081,1.56103,1.13,2.63
2013.05.20 06:03:10.123,1.56081,1.56103,1.13,3.38
2013.05.20 06:03:11.002,1.56081,1.56102,1.13,1.50
2013.05.20 06:03:11.652,1.56081,1.56103,1.88,2.63
2013.05.20 06:03:11.833,1.56083,1.56108,1.13,1.13
2013.05.20 06:03:11.893,1.56088,1.56108,1.13,1.13
2013.05.20 06:03:12.028,1.56088,1.56109,1.13,1.13
2013.05.20 06:03:12.097,1.56084,1.56107,1.88,1.50
2013.05.20 06:03:12.343,1.56083,1.56105,1.50,1.50
2013.05.20 06:03:12.870,1.5608,1.56105,1.88,2.25
2013.05.20 06:03:13.313,1.56088,1.56103,1.50,1.13
2013.05.20 06:03:13.503,1.56092,1.56114,1.13,2.82
2013.05.20 06:03:13.694,1.56089,1.56115,1.88,2.25
2013.05.20 06:03:13.764,1.56085,1.56113,4.88,1.50
2013.05.20 06:03:13.942,1.56085,1.5611,2.63,2.25
2013.05.20 06:03:14.004,1.56084,1.56108,1.13,1.50
2013.05.20 06:03:14.312,1.56081,1.56107,1.88,2.25
2013.05.20 06:03:14.433,1.56081,1.56107,1.13,3.00
2013.05.20 06:03:14.552,1.56081,1.56105,1.13,1.50
2013.05.20 06:03:15.562,1.56085,1.56102,1.50,1.13
2013.05.20 06:03:15.743,1.56081,1.56106,2.03,3.00
2013.05.20 06:03:15.803,1.56081,1.56106,1.88,1.50
2013.05.20 06:03:15.923,1.56081,1.56105,1.88,1.50
2013.05.20 06:03:15.983,1.56081,1.56103,1.88,1.50
2013.05.20 06:03:16.043,1.56081,1.56101,1.88,2.25
2013.05.20 06:03:17.715,1.56081,1.561,1.13,1.13
2013.05.20 06:03:19.293,1.56082,1.56103,2.25,1.50
2013.05.20 06:03:19.353,1.56082,1.56104,2.25,1.88
2013.05.20 06:03:19.913,1.56082,1.56104,2.25,1.13
2013.05.20 06:03:20.275,1.56079,1.56104,3.00,1.88
2013.05.20 06:03:20.344,1.56082,1.56103,1.50,2.25
2013.05.20 06:03:20.657,1.56081,1.56098,1.50,2.25
2013.05.20 06:03:20.883,1.56081,1.56102,2.25,1.50
2013.05.20 06:03:21.333,1.56076,1.561,2.40,1.88
2013.05.20 06:03:21.454,1.56073,1.56097,1.65,1.50
2013.05.20 06:03:21.586,1.56072,1.56086,1.09,1.13
2013.05.20 06:03:21.892,1.56064,1.56085,1.13,2.07
2013.05.20 06:03:22.173,1.56055,1.56077,2.25,2.07
2013.05.20 06:03:22.232,1.56053,1.56077,1.50,2.07
2013.05.20 06:03:22.293,1.5605,1.56077,1.50,2.07
2013.05.20 06:03:22.353,1.56048,1.56077,1.88,2.07
2013.05.20 06:03:23.014,1.5605,1.56077,1.50,2.07
2013.05.20 06:03:23.204,1.56051,1.56077,2.25,2.07
2013.05.20 06:03:23.516,1.56061,1.56082,1.50,1.13
2013.05.20 06:03:23.643,1.56063,1.56082,1.50,1.13
2013.05.20 06:03:23.882,1.56057,1.56082,1.50,1.13
2013.05.20 06:03:23.942,1.56056,1.56082,3.94,1.13
2013.05.20 06:03:24.282,1.56058,1.56083,1.50,1.13
2013.05.20 06:03:24.787,1.56057,1.56083,2.25,1.88
2013.05.20 06:03:24.915,1.56056,1.56082,1.69,1.13
2013.05.20 06:03:25.533,1.56055,1.56082,2.44,1.88
2013.05.20 06:03:26.034,1.56056,1.56079,1.50,1.50
2013.05.20 06:03:26.353,1.56057,1.56082,1.50,3.19
2013.05.20 06:03:26.413,1.56057,1.56082,1.50,2.44
2013.05.20 06:03:26.774,1.5606,1.56082,1.50,1.13
2013.05.20 06:03:27.082,1.56064,1.56088,3.00,2.07
2013.05.20 06:03:27.619,1.56067,1.56088,1.50,1.32
2013.05.20 06:03:28.144,1.56067,1.56091,1.50,2.25
2013.05.20 06:03:28.322,1.56067,1.56091,1.50,2.25
2013.05.20 06:03:28.873,1.5607,1.56091,1.50,1.13
2013.05.20 06:03:29.174,1.56073,1.56093,1.50,1.50
2013.05.20 06:03:29.296,1.56076,1.56093,1.50,1.50
2013.05.20 06:03:29.863,1.56076,1.56093,1.50,1.50
2013.05.20 06:03:30.610,1.56073,1.56093,1.50,1.50
2013.05.20 06:03:31.302,1.56073,1.56093,2.25,1.50
2013.05.20 06:03:32.953,1.56073,1.56093,1.69,1.50
2013.05.20 06:03:33.254,1.56072,1.56093,1.69,1.50
2013.05.20 06:03:33.802,1.56072,1.56092,1.50,1.13
2013.05.20 06:03:33.922,1.56072,1.56092,1.50,1.13
2013.05.20 06:03:34.230,1.56072,1.56092,1.50,1.13
2013.05.20 06:03:34.832,1.56071,1.56092,3.19,1.13
2013.05.20 06:03:35.123,1.56071,1.56093,3.19,1.50
2013.05.20 06:03:35.542,1.56071,1.56093,3.19,1.50
2013.05.20 06:03:35.664,1.56074,1.56093,1.50,1.50
2013.05.20 06:03:36.454,1.56071,1.56093,1.50,1.50
2013.05.20 06:03:38.033,1.56071,1.56093,1.50,2.22
2013.05.20 06:03:38.094,1.56071,1.56093,1.50,2.97
2013.05.20 06:03:38.163,1.56071,1.56088,1.50,1.50
2013.05.20 06:03:38.342,1.5606,1.56085,1.13,2.44
2013.05.20 06:03:38.854,1.56059,1.56084,1.13,2.07
2013.05.20 06:03:38.913,1.56056,1.56084,2.44,2.07
2013.05.20 06:03:39.092,1.56057,1.56084,1.69,2.07
2013.05.20 06:03:39.393,1.56063,1.56087,1.50,1.69
2013.05.20 06:03:39.933,1.56059,1.56087,2.44,1.32
2013.05.20 06:03:40.053,1.56059,1.56086,2.44,1.50
2013.05.20 06:03:40.412,1.56061,1.56088,1.50,2.44
2013.05.20 06:03:41.183,1.56061,1.56088,1.50,2.44
2013.05.20 06:03:41.443,1.56061,1.56086,1.50,1.50
2013.05.20 06:03:41.503,1.5606,1.56084,1.50,1.50
2013.05.20 06:03:41.803,1.56059,1.56082,1.69,1.50
2013.05.20 06:03:42.125,1.56053,1.56079,2.63,1.50
2013.05.20 06:03:42.197,1.56052,1.56079,1.88,2.25
2013.05.20 06:03:42.692,1.5605,1.56077,2.44,1.50
2013.05.20 06:03:43.272,1.5605,1.56077,1.69,1.50
2013.05.20 06:03:43.952,1.5605,1.56077,1.50,2.25
2013.05.20 06:03:44.572,1.5605,1.56075,1.50,1.50
2013.05.20 06:03:45.860,1.5605,1.56076,1.50,1.50
2013.05.20 06:03:46.163,1.56053,1.56078,1.50,1.50
2013.05.20 06:03:46.712,1.56052,1.56079,2.25,1.50
2013.05.20 06:03:47.015,1.56058,1.56083,2.25,1.50
2013.05.20 06:03:47.829,1.56058,1.56083,1.50,1.50
2013.05.20 06:03:48.715,1.56058,1.56083,1.50,1.50
2013.05.20 06:03:49.202,1.56057,1.56083,1.50,1.50
2013.05.20 06:03:49.743,1.56056,1.56078,1.69,1.50
2013.05.20 06:03:50.043,1.56052,1.56077,1.69,1.13
2013.05.20 06:03:50.605,1.56053,1.56078,1.69,1.13
2013.05.20 06:03:51.657,1.56055,1.56077,1.50,1.50
2013.05.20 06:03:52.325,1.56055,1.56077,1.50,1.50
2013.05.20 06:03:52.532,1.56055,1.56077,2.25,1.50
2013.05.20 06:03:52.941,1.5606,1.56083,1.69,3.75
2013.05.20 06:03:53.202,1.56061,1.56083,1.69,2.25
2013.05.20 06:03:53.263,1.56066,1.56083,1.50,1.88
2013.05.20 06:03:53.743,1.56066,1.56088,2.44,1.50
2013.05.20 06:03:53.983,1.56066,1.56089,2.44,1.88
2013.05.20 06:03:54.165,1.56067,1.5609,1.69,1.50
2013.05.20 06:03:54.664,1.56067,1.56089,2.44,1.50
2013.05.20 06:03:55.373,1.56066,1.56089,1.69,1.50
2013.05.20 06:03:57.032,1.56065,1.56089,1.69,1.50
2013.05.20 06:04:02.139,1.56063,1.56085,1.32,1.50
2013.05.20 06:04:02.683,1.56063,1.56083,1.13,1.50
2013.05.20 06:04:02.803,1.56063,1.56086,1.13,2.25
2013.05.20 06:04:02.862,1.56063,1.56085,1.13,1.50
2013.05.20 06:04:03.473,1.56063,1.56086,1.13,2.25
2013.05.20 06:04:04.096,1.56064,1.56086,1.13,1.50
2013.05.20 06:04:04.347,1.56064,1.56089,1.13,2.25
2013.05.20 06:04:04.534,1.56066,1.5609,1.50,2.63
2013.05.20 06:04:04.747,1.56066,1.56089,1.50,1.50
2013.05.20 06:04:06.463,1.56064,1.56087,1.32,2.25
2013.05.20 06:04:06.642,1.56063,1.56086,1.69,2.25
2013.05.20 06:04:07.722,1.56063,1.56085,1.69,1.50
2013.05.20 06:04:08.859,1.56061,1.56085,1.50,2.25
2013.05.20 06:04:09.515,1.56061,1.56084,1.50,1.50
2013.05.20 06:04:09.644,1.56061,1.5608,1.50,1.50
2013.05.20 06:04:10.198,1.56061,1.56079,1.50,1.50
2013.05.20 06:04:10.682,1.56061,1.5608,1.50,2.25
2013.05.20 06:04:11.213,1.56059,1.56079,2.44,1.88
2013.05.20 06:04:11.573,1.56055,1.56077,2.44,1.50
2013.05.20 06:04:13.812,1.56055,1.56077,1.69,2.25
2013.05.20 06:04:14.236,1.56056,1.56079,1.50,1.13
2013.05.20 06:04:15.463,1.56057,1.56079,1.50,1.13
2013.05.20 06:04:16.623,1.56054,1.56075,1.69,1.13
2013.05.20 06:04:17.395,1.56051,1.56071,1.50,1.13
2013.05.20 06:04:17.645,1.56043,1.56068,2.44,1.13
2013.05.20 06:04:17.833,1.56043,1.56066,1.69,2.25
2013.05.20 06:04:18.738,1.56039,1.56062,3.19,1.28
2013.05.20 06:04:18.818,1.56034,1.56057,1.69,1.50
2013.05.20 06:04:19.602,1.56032,1.56053,2.44,1.13
2013.05.20 06:04:20.354,1.56032,1.56053,1.69,1.13
2013.05.20 06:04:20.653,1.56034,1.56054,1.50,2.25
2013.05.20 06:04:20.835,1.5603,1.56054,1.50,1.50
2013.05.20 06:04:20.904,1.56032,1.56056,3.00,1.32
2013.05.20 06:04:21.024,1.5603,1.56056,2.25,1.32
2013.05.20 06:04:21.262,1.56031,1.56057,2.25,1.69
2013.05.20 06:04:21.622,1.56037,1.56062,1.50,1.09
2013.05.20 06:04:21.743,1.56036,1.56063,1.13,3.19
2013.05.20 06:04:22.478,1.56037,1.56063,1.50,3.19
2013.05.20 06:04:22.793,1.5604,1.56064,1.69,1.50
2013.05.20 06:04:23.333,1.56038,1.56064,1.69,2.25
2013.05.20 06:04:24.406,1.56039,1.56064,1.69,1.50
2013.05.20 06:04:25.012,1.56041,1.56063,1.50,1.50
2013.05.20 06:04:25.371,1.56038,1.56061,1.69,1.50
2013.05.20 06:04:25.932,1.56034,1.56059,1.69,1.50
2013.05.20 06:04:26.303,1.5604,1.56063,1.50,1.69
2013.05.20 06:04:26.424,1.56043,1.56067,1.50,1.50
2013.05.20 06:04:26.483,1.56044,1.56069,1.13,2.44
2013.05.20 06:04:26.843,1.56049,1.56072,1.13,1.50
2013.05.20 06:04:27.322,1.56049,1.5607,1.13,1.50
2013.05.20 06:04:27.635,1.56044,1.56067,1.13,1.50
2013.05.20 06:04:28.729,1.56044,1.56067,1.88,1.88
2013.05.20 06:04:28.811,1.56039,1.56063,1.50,1.88
2013.05.20 06:04:28.875,1.56038,1.56062,1.32,1.13
2013.05.20 06:04:28.944,1.56038,1.56061,1.32,1.50
2013.05.20 06:04:29.373,1.56034,1.56055,1.69,1.13
2013.05.20 06:04:29.553,1.56032,1.56055,2.25,1.13
2013.05.20 06:04:29.733,1.56031,1.56055,1.50,1.88
2013.05.20 06:04:29.912,1.56029,1.56054,1.32,1.50
2013.05.20 06:04:30.752,1.5603,1.56055,1.69,1.13
2013.05.20 06:04:31.002,1.56031,1.56055,1.50,1.88
2013.05.20 06:04:31.551,1.56029,1.56054,1.88,1.50
2013.05.20 06:04:33.592,1.56029,1.56054,1.50,1.50
2013.05.20 06:04:33.897,1.56024,1.56046,1.69,1.65
2013.05.20 06:04:34.023,1.56022,1.56046,1.88,1.65
2013.05.20 06:04:34.262,1.56022,1.56045,1.88,1.65
2013.05.20 06:04:34.624,1.56022,1.56045,1.13,1.65
2013.05.20 06:04:35.293,1.5602,1.56045,1.69,2.40
2013.05.20 06:04:35.412,1.5602,1.56045,1.69,2.40
2013.05.20 06:04:35.756,1.5602,1.56045,1.69,2.40
2013.05.20 06:04:36.408,1.5602,1.56043,1.50,1.50
2013.05.20 06:04:37.292,1.56022,1.56043,1.50,1.50
2013.05.20 06:04:37.952,1.5602,1.56043,1.88,2.25
2013.05.20 06:04:38.472,1.56019,1.56043,3.00,2.25
2013.05.20 06:04:39.307,1.56019,1.56043,3.00,2.25
2013.05.20 06:04:39.374,1.56019,1.56043,3.00,2.25
2013.05.20 06:04:40.002,1.56021,1.56043,2.25,2.25
2013.05.20 06:04:40.447,1.56021,1.56043,2.25,2.25
2013.05.20 06:04:41.702,1.5602,1.56043,1.50,1.50
2013.05.20 06:04:41.823,1.56021,1.56044,2.25,1.50
2013.05.20 06:04:42.122,1.56019,1.56043,1.50,1.50
2013.05.20 06:04:42.813,1.56019,1.56043,1.50,1.50
2013.05.20 06:04:42.995,1.56019,1.56043,1.50,1.50
2013.05.20 06:04:43.245,1.56021,1.56043,1.50,1.50
2013.05.20 06:04:43.554,1.5603,1.56043,1.50,1.50
2013.05.20 06:04:43.684,1.5603,1.56048,1.50,1.13
2013.05.20 06:04:43.862,1.56028,1.56048,3.75,1.13
2013.05.20 06:04:43.923,1.56028,1.56048,2.25,1.13
2013.05.20 06:04:44.282,1.56026,1.56048,2.25,1.13
2013.05.20 06:04:47.953,1.56026,1.56049,2.25,1.50
2013.05.20 06:04:48.823,1.56028,1.56052,2.82,1.50
2013.05.20 06:04:48.943,1.56028,1.56052,2.07,1.50
2013.05.20 06:04:50.063,1.56028,1.56052,1.32,1.50
2013.05.20 06:04:50.363,1.56027,1.56053,1.69,2.63
2013.05.20 06:04:51.185,1.56024,1.56048,2.07,1.50
2013.05.20 06:04:51.742,1.56023,1.56048,2.44,1.50
2013.05.20 06:04:55.886,1.56023,1.56048,2.07,1.50
2013.05.20 06:04:56.444,1.56023,1.56048,1.32,2.63
2013.05.20 06:04:56.514,1.56023,1.56047,1.32,1.50
2013.05.20 06:04:57.053,1.56023,1.56047,2.07,1.50
2013.05.20 06:04:57.114,1.56026,1.56049,1.88,1.50
2013.05.20 06:04:57.662,1.56027,1.56049,1.13,1.50
2013.05.20 06:04:58.190,1.56027,1.56049,1.13,1.50
2013.05.20 06:05:02.753,1.56028,1.56052,1.32,1.65
2013.05.20 06:05:02.875,1.56025,1.56049,1.50,1.88
2013.05.20 06:05:02.945,1.56024,1.56049,1.32,3.38
2013.05.20 06:05:03.077,1.56022,1.56045,2.82,1.13
2013.05.20 06:05:03.263,1.56022,1.56043,1.13,1.28
2013.05.20 06:05:03.443,1.56019,1.56043,1.88,1.28
2013.05.20 06:05:03.623,1.56016,1.5604,1.69,1.50
2013.05.20 06:05:04.944,1.56014,1.5604,2.07,2.25
2013.05.20 06:05:05.343,1.56015,1.5604,2.44,1.50
2013.05.20 06:05:05.702,1.56019,1.56043,1.69,1.50
2013.05.20 06:05:06.212,1.56021,1.56045,2.82,1.50
2013.05.20 06:05:06.744,1.5602,1.56045,1.69,1.50
2013.05.20 06:05:07.922,1.56021,1.56045,1.32,1.50
2013.05.20 06:05:08.924,1.56022,1.56048,1.13,1.50
2013.05.20 06:05:09.913,1.56023,1.56049,1.13,1.50
2013.05.20 06:05:10.154,1.56023,1.56049,1.50,1.50
2013.05.20 06:05:10.462,1.56028,1.56053,1.13,2.25
2013.05.20 06:05:11.035,1.56028,1.56053,1.50,2.25
2013.05.20 06:05:11.601,1.56028,1.56052,1.50,1.50
2013.05.20 06:05:12.156,1.56028,1.56052,1.50,1.50
2013.05.20 06:05:12.575,1.56028,1.56051,1.50,1.50
2013.05.20 06:05:12.893,1.56028,1.56053,1.13,3.00
2013.05.20 06:05:13.674,1.5603,1.56053,1.13,1.50
2013.05.20 06:05:14.093,1.56028,1.56052,1.88,1.50
2013.05.20 06:05:14.625,1.56027,1.56049,2.25,1.50
2013.05.20 06:05:15.150,1.56027,1.56049,1.50,1.50
2013.05.20 06:05:17.094,1.56026,1.56049,2.44,1.50
2013.05.20 06:05:18.223,1.56026,1.56053,3.19,2.25
2013.05.20 06:05:18.433,1.56026,1.56049,3.19,1.50
2013.05.20 06:05:22.134,1.56026,1.56049,3.19,1.50
2013.05.20 06:05:22.442,1.56027,1.56049,1.69,1.50
2013.05.20 06:05:23.103,1.56027,1.56049,1.69,1.50
2013.05.20 06:05:24.453,1.56027,1.56049,2.07,1.50
2013.05.20 06:05:24.873,1.56029,1.5605,1.88,1.50
2013.05.20 06:05:24.933,1.56032,1.56053,2.25,1.50
2013.05.20 06:05:24.993,1.56032,1.56053,3.00,1.50
2013.05.20 06:05:25.534,1.56031,1.56053,1.69,1.50
2013.05.20 06:05:28.243,1.56036,1.56056,1.13,1.50
2013.05.20 06:05:28.303,1.56036,1.56056,2.25,1.50
2013.05.20 06:05:29.022,1.56036,1.56059,1.50,3.00
2013.05.20 06:05:29.566,1.56032,1.56059,1.69,3.00
2013.05.20 06:05:30.272,1.56031,1.56059,2.44,3.00
2013.05.20 06:05:34.717,1.56031,1.56059,2.44,2.25
2013.05.20 06:05:35.092,1.56031,1.56059,3.19,2.25
2013.05.20 06:05:35.514,1.56031,1.56057,2.44,1.50
2013.05.20 06:05:36.084,1.56031,1.56057,2.44,1.50
2013.05.20 06:05:36.578,1.56036,1.56061,1.50,1.88
2013.05.20 06:05:36.944,1.56035,1.56058,1.69,1.50
2013.05.20 06:05:37.496,1.56035,1.56058,1.69,1.50
2013.05.20 06:05:40.375,1.56041,1.56057,1.28,1.50
2013.05.20 06:05:40.454,1.56042,1.56059,1.50,1.50
2013.05.20 06:05:40.523,1.56039,1.56059,1.32,1.50
2013.05.20 06:05:41.132,1.56038,1.56059,1.69,1.50
2013.05.20 06:05:41.252,1.56037,1.56059,1.32,1.50
2013.05.20 06:05:43.473,1.56032,1.56057,2.07,1.50
2013.05.20 06:05:44.012,1.56034,1.56058,1.13,2.25
2013.05.20 06:05:44.510,1.56032,1.56056,3.57,1.50
2013.05.20 06:05:44.815,1.56031,1.56054,1.84,2.25
2013.05.20 06:05:45.004,1.56031,1.56052,1.65,1.50
2013.05.20 06:05:45.183,1.5603,1.5605,1.28,1.50
2013.05.20 06:05:47.433,1.56028,1.5605,1.13,2.25
2013.05.20 06:05:48.654,1.56028,1.5605,1.13,2.25
2013.05.20 06:05:49.173,1.56029,1.5605,1.13,1.50
2013.05.20 06:05:49.294,1.56029,1.56052,1.13,2.25
2013.05.20 06:05:49.354,1.56029,1.56052,1.88,1.50
2013.05.20 06:05:49.486,1.56029,1.56052,1.50,1.50
2013.05.20 06:05:49.912,1.56028,1.56052,1.13,1.50
2013.05.20 06:05:50.092,1.56029,1.56052,1.50,1.50
2013.05.20 06:05:50.393,1.56029,1.56053,2.25,3.75
2013.05.20 06:05:50.693,1.56028,1.5605,1.13,1.50
2013.05.20 06:05:51.233,1.56027,1.5605,1.50,1.50
2013.05.20 06:05:51.473,1.56026,1.5605,1.13,2.25
2013.05.20 06:05:51.652,1.56027,1.56052,1.50,1.32
2013.05.20 06:05:52.272,1.56026,1.5605,1.50,1.50
2013.05.20 06:05:53.592,1.56026,1.56051,1.13,1.50
2013.05.20 06:05:54.393,1.56025,1.56051,2.63,2.25
2013.05.20 06:05:55.734,1.56026,1.56051,1.13,1.50
2013.05.20 06:05:56.424,1.56027,1.56053,1.88,1.69
2013.05.20 06:05:56.998,1.56028,1.56052,1.13,1.50
2013.05.20 06:05:57.073,1.56025,1.56048,1.13,3.75
2013.05.20 06:05:57.383,1.56025,1.56047,1.13,1.13
2013.05.20 06:05:57.503,1.56025,1.56048,1.13,3.00
2013.05.20 06:05:57.802,1.56023,1.56048,1.13,3.00
2013.05.20 06:06:00.203,1.56024,1.56048,1.13,3.00
2013.05.20 06:06:00.323,1.56025,1.56048,1.88,1.50
2013.05.20 06:06:01.355,1.56032,1.56049,1.13,1.50
2013.05.20 06:06:01.543,1.56034,1.56055,2.22,1.50
2013.05.20 06:06:01.602,1.56035,1.56055,1.09,1.50
2013.05.20 06:06:01.903,1.56043,1.56062,1.13,1.50
2013.05.20 06:06:02.084,1.56044,1.56069,1.88,1.69
2013.05.20 06:06:02.513,1.56043,1.56064,1.32,2.25
2013.05.20 06:06:03.352,1.56041,1.56063,1.69,1.50
2013.05.20 06:06:03.533,1.56039,1.56061,1.13,1.50
2013.05.20 06:06:03.832,1.5604,1.56056,1.13,1.50
2013.05.20 06:06:04.013,1.56032,1.56058,1.88,2.44
2013.05.20 06:06:04.072,1.56032,1.56055,1.50,1.50
2013.05.20 06:06:04.193,1.56031,1.56051,1.32,1.50
2013.05.20 06:06:04.733,1.56029,1.56046,1.13,1.09
2013.05.20 06:06:04.853,1.56021,1.56046,1.88,1.84
2013.05.20 06:06:05.153,1.56024,1.56047,1.50,1.69
2013.05.20 06:06:05.863,1.56021,1.56047,1.88,1.32
2013.05.20 06:06:06.127,1.56019,1.56044,1.69,1.50
2013.05.20 06:06:06.194,1.56018,1.56044,2.07,1.50
2013.05.20 06:06:06.432,1.56019,1.56044,1.69,1.50
2013.05.20 06:06:06.673,1.5602,1.56047,1.50,4.69
2013.05.20 06:06:07.214,1.5602,1.56045,1.50,1.69
2013.05.20 06:06:07.334,1.56019,1.56044,1.50,1.69
2013.05.20 06:06:07.695,1.5602,1.56045,1.50,1.69
2013.05.20 06:06:07.764,1.5602,1.56045,1.50,1.69
2013.05.20 06:06:08.074,1.56025,1.56045,1.13,1.69
2013.05.20 06:06:08.316,1.56025,1.56042,1.13,1.50
2013.05.20 06:06:08.504,1.56025,1.56043,1.13,1.50
2013.05.20 06:06:08.624,1.56025,1.56045,1.13,1.50
2013.05.20 06:06:08.743,1.56025,1.56047,1.13,2.44
2013.05.20 06:06:09.145,1.56025,1.56047,1.13,1.69
2013.05.20 06:06:09.782,1.56025,1.56045,1.13,1.50
2013.05.20 06:06:09.923,1.56025,1.56045,1.13,1.50
2013.05.20 06:06:10.555,1.56023,1.56045,1.88,1.50
2013.05.20 06:06:10.923,1.56022,1.56043,1.13,1.50
2013.05.20 06:06:11.462,1.5602,1.56043,1.13,1.50
2013.05.20 06:06:15.303,1.56021,1.56048,1.50,2.25
2013.05.20 06:06:15.863,1.56022,1.56047,1.13,1.50
2013.05.20 06:06:16.102,1.56021,1.56046,1.50,3.00
2013.05.20 06:06:16.872,1.56021,1.56046,1.50,3.00
2013.05.20 06:06:18.312,1.56021,1.56043,1.50,1.50
2013.05.20 06:06:18.633,1.56021,1.56046,1.50,3.00
2013.05.20 06:06:20.473,1.5602,1.56046,2.07,1.50
2013.05.20 06:06:20.640,1.5602,1.56046,2.07,2.25
2013.05.20 06:06:21.503,1.5602,1.56044,2.07,1.50
2013.05.20 06:06:21.686,1.56018,1.56041,1.88,1.50
2013.05.20 06:06:21.814,1.56017,1.56039,1.50,1.69
2013.05.20 06:06:22.006,1.56012,1.56034,2.44,1.50
2013.05.20 06:06:22.298,1.56012,1.56033,1.69,1.50
2013.05.20 06:06:22.504,1.56005,1.56031,2.82,1.50
2013.05.20 06:06:22.695,1.56006,1.56033,1.69,1.69
2013.05.20 06:06:23.253,1.56007,1.56031,2.25,1.69
2013.05.20 06:06:23.554,1.56007,1.56031,1.50,1.69
2013.05.20 06:06:23.734,1.5601,1.56033,1.50,1.50
2013.05.20 06:06:23.805,1.56012,1.56036,1.50,1.13
2013.05.20 06:06:24.126,1.56016,1.56038,1.50,2.59
2013.05.20 06:06:24.496,1.56018,1.56042,1.69,1.13
2013.05.20 06:06:24.566,1.56019,1.56044,1.13,1.69
2013.05.20 06:06:24.936,1.5602,1.56044,2.03,1.69
2013.05.20 06:06:25.330,1.56029,1.5605,1.50,1.50
2013.05.20 06:06:25.486,1.56033,1.56058,2.25,1.32
2013.05.20 06:06:25.671,1.56035,1.5606,2.97,1.50
2013.05.20 06:06:25.983,1.56037,1.56062,1.13,1.69
2013.05.20 06:06:26.523,1.56037,1.56062,1.13,1.69
2013.05.20 06:06:27.823,1.56039,1.56061,1.50,1.32
2013.05.20 06:06:28.182,1.56034,1.56058,2.44,1.50
2013.05.20 06:06:28.649,1.56034,1.56055,1.69,2.25
2013.05.20 06:06:29.503,1.56034,1.56053,1.69,1.50
2013.05.20 06:06:29.583,1.56028,1.56052,2.25,1.13
2013.05.20 06:06:29.806,1.56026,1.56049,1.69,1.50
2013.05.20 06:06:29.947,1.56023,1.56049,3.19,1.50
2013.05.20 06:06:30.283,1.56022,1.56044,1.13,1.69
2013.05.20 06:06:30.347,1.56022,1.56043,1.13,1.50
2013.05.20 06:06:30.417,1.56017,1.56042,1.50,1.88
2013.05.20 06:06:30.558,1.56015,1.56041,2.07,1.50
2013.05.20 06:06:30.804,1.56016,1.56042,1.69,1.88
2013.05.20 06:06:31.389,1.56016,1.56042,1.69,2.63
2013.05.20 06:06:31.791,1.56018,1.56042,1.50,2.63
2013.05.20 06:06:32.164,1.56018,1.56042,1.50,1.88
2013.05.20 06:06:32.717,1.56016,1.56042,1.69,1.88
2013.05.20 06:06:32.783,1.56015,1.5604,1.69,1.50
2013.05.20 06:06:33.383,1.56015,1.56038,1.69,1.50
2013.05.20 06:06:33.903,1.56015,1.56037,1.69,1.50
2013.05.20 06:06:34.485,1.56015,1.56036,1.69,1.50
2013.05.20 06:06:35.182,1.56014,1.56037,1.69,1.50
2013.05.20 06:06:35.713,1.56014,1.56037,1.69,1.50
2013.05.20 06:06:35.775,1.56014,1.56036,1.69,3.00
2013.05.20 06:06:35.904,1.56013,1.56036,1.88,2.25
2013.05.20 06:06:35.963,1.56014,1.56036,1.13,1.50
2013.05.20 06:06:36.023,1.56014,1.56036,1.13,1.50
2013.05.20 06:06:36.563,1.56015,1.56037,1.50,1.50
2013.05.20 06:06:36.923,1.56016,1.56038,2.82,1.50
2013.05.20 06:06:37.044,1.56021,1.56042,1.13,1.50
2013.05.20 06:06:37.104,1.56021,1.56042,1.13,1.50
2013.05.20 06:06:37.225,1.56021,1.56045,1.13,1.69
2013.05.20 06:06:37.353,1.5602,1.56043,1.50,1.50
2013.05.20 06:06:37.413,1.5602,1.56041,1.50,1.50
2013.05.20 06:06:37.594,1.56018,1.5604,1.50,2.25
2013.05.20 06:06:38.094,1.56018,1.56041,1.50,1.50
2013.05.20 06:06:38.153,1.56018,1.56041,1.50,1.50
2013.05.20 06:06:38.334,1.56016,1.56039,2.07,1.50
2013.05.20 06:06:38.453,1.56016,1.56041,1.32,1.50
2013.05.20 06:06:38.873,1.56014,1.56039,1.50,1.69
2013.05.20 06:06:38.999,1.56011,1.56038,2.44,4.47
2013.05.20 06:06:39.066,1.5601,1.56031,2.44,1.13
2013.05.20 06:06:39.684,1.56009,1.5603,1.09,1.50
2013.05.20 06:06:39.744,1.56012,1.56032,1.13,1.50
2013.05.20 06:06:39.803,1.56012,1.56035,1.13,1.50
2013.05.20 06:06:39.863,1.56014,1.56037,1.13,1.69
2013.05.20 06:06:39.984,1.56013,1.56039,2.25,1.69
2013.05.20 06:06:40.532,1.56015,1.5604,1.50,1.69
2013.05.20 06:06:40.712,1.56015,1.56041,2.25,1.32
2013.05.20 06:06:40.953,1.56015,1.56041,3.00,1.32
2013.05.20 06:06:41.075,1.56015,1.56043,3.19,1.69
2013.05.20 06:06:41.670,1.56015,1.56042,1.69,1.50
2013.05.20 06:06:43.962,1.56015,1.56041,1.69,1.50
2013.05.20 06:06:44.523,1.56015,1.5604,1.32,1.50
2013.05.20 06:06:45.395,1.56017,1.56038,1.13,1.50
2013.05.20 06:06:45.582,1.5602,1.56044,2.78,1.50
2013.05.20 06:06:45.882,1.56019,1.56044,2.82,2.25
2013.05.20 06:06:47.115,1.5602,1.56043,1.13,2.25
2013.05.20 06:06:49.523,1.5602,1.56043,1.13,1.50
2013.05.20 06:06:49.645,1.5602,1.56043,1.13,1.50
2013.05.20 06:06:51.034,1.56019,1.56044,1.88,3.00
2013.05.20 06:06:51.634,1.56019,1.56043,1.50,2.25
2013.05.20 06:06:51.692,1.56019,1.56043,1.50,3.00
2013.05.20 06:06:51.932,1.56017,1.56041,1.32,1.50
2013.05.20 06:06:52.593,1.56017,1.56041,1.32,1.50
2013.05.20 06:06:52.652,1.56017,1.56041,1.32,1.50
2013.05.20 06:06:53.204,1.56017,1.56041,1.32,2.25
2013.05.20 06:06:55.548,1.56018,1.56039,1.13,1.50
2013.05.20 06:06:57.669,1.56018,1.56039,1.13,1.50
2013.05.20 06:06:58.123,1.56018,1.56039,1.13,1.50
2013.05.20 06:06:58.803,1.56018,1.56039,1.13,1.50
2013.05.20 06:06:59.102,1.56018,1.56039,1.13,1.50
2013.05.20 06:06:59.523,1.56018,1.5604,1.32,1.50
2013.05.20 06:06:59.583,1.56018,1.56041,1.32,1.50
2013.05.20 06:07:00.261,1.56018,1.56043,1.32,1.50
2013.05.20 06:07:00.491,1.56018,1.56043,1.32,1.50
2013.05.20 06:07:00.675,1.56018,1.5604,1.32,1.50
2013.05.20 06:07:05.133,1.56018,1.56042,1.32,2.63
2013.05.20 06:07:05.678,1.56016,1.56038,1.32,1.13
2013.05.20 06:07:05.803,1.56013,1.56038,2.07,1.88
2013.05.20 06:07:05.983,1.56013,1.56037,2.07,2.25
2013.05.20 06:07:06.503,1.56013,1.56035,2.07,1.50
2013.05.20 06:07:07.645,1.56011,1.56035,1.32,1.50
2013.05.20 06:07:07.982,1.56011,1.56035,1.32,1.50
2013.05.20 06:07:08.173,1.56011,1.56035,1.32,1.50
2013.05.20 06:07:08.233,1.56011,1.56035,1.32,2.25
2013.05.20 06:07:08.413,1.56009,1.56033,1.32,1.50
2013.05.20 06:07:08.652,1.56009,1.56035,1.32,1.50
2013.05.20 06:07:09.193,1.56008,1.56035,2.44,1.50
2013.05.20 06:07:09.563,1.56008,1.56033,1.69,1.50
2013.05.20 06:07:09.742,1.56007,1.56032,1.69,1.50
2013.05.20 06:07:10.682,1.56003,1.56028,1.32,1.50
2013.05.20 06:07:11.153,1.56003,1.56027,1.32,2.25
2013.05.20 06:07:11.492,1.56002,1.56026,2.07,1.50
2013.05.20 06:07:12.232,1.56002,1.56026,2.82,1.50
2013.05.20 06:07:12.473,1.56002,1.56026,2.07,1.50
2013.05.20 06:07:12.772,1.56004,1.56028,1.32,2.25
2013.05.20 06:07:14.492,1.56005,1.56028,1.50,2.25
2013.05.20 06:07:14.554,1.56005,1.56028,2.25,1.50
2013.05.20 06:07:14.913,1.56011,1.56033,1.13,1.69
2013.05.20 06:07:15.272,1.56011,1.56038,1.13,1.84
2013.05.20 06:07:15.652,1.56012,1.56038,1.13,1.84
2013.05.20 06:07:17.932,1.56012,1.56033,1.50,1.50
2013.05.20 06:07:18.235,1.56009,1.56028,1.13,1.50
2013.05.20 06:07:18.490,1.56009,1.56028,1.13,2.25
2013.05.20 06:07:18.569,1.56004,1.56022,1.13,2.25
2013.05.20 06:07:18.813,1.56002,1.56024,1.32,2.25
2013.05.20 06:07:19.293,1.56002,1.56025,2.44,1.50
2013.05.20 06:07:20.053,1.56002,1.56025,2.44,1.50
2013.05.20 06:07:20.173,1.56003,1.56029,1.32,2.44
2013.05.20 06:07:20.473,1.56006,1.56028,1.50,1.50
2013.05.20 06:07:20.892,1.56006,1.56029,1.50,1.50
2013.05.20 06:07:23.203,1.56003,1.56029,1.88,1.50
2013.05.20 06:07:23.262,1.56003,1.56028,1.88,2.25
2013.05.20 06:07:24.003,1.56003,1.56026,2.07,1.50
2013.05.20 06:07:24.749,1.56002,1.56026,1.50,1.50
2013.05.20 06:07:26.232,1.56002,1.56025,1.13,1.50
2013.05.20 06:07:26.552,1.56001,1.56024,1.13,3.00
2013.05.20 06:07:26.853,1.55999,1.56021,1.13,1.50
2013.05.20 06:07:27.153,1.55998,1.56018,1.32,1.50
2013.05.20 06:07:27.515,1.55993,1.56019,1.65,1.50
2013.05.20 06:07:27.645,1.55992,1.56016,1.28,1.50
2013.05.20 06:07:28.193,1.55992,1.56014,1.28,1.50
2013.05.20 06:07:28.933,1.55994,1.56016,1.13,2.25
2013.05.20 06:07:29.293,1.55994,1.56017,1.13,1.50
2013.05.20 06:07:29.713,1.55996,1.56017,1.88,3.00
2013.05.20 06:07:29.834,1.55996,1.56017,1.88,1.50
2013.05.20 06:07:29.896,1.55996,1.56019,1.88,2.63
2013.05.20 06:07:30.273,1.55992,1.56019,1.88,3.38
2013.05.20 06:07:30.343,1.55996,1.56018,1.13,2.25
2013.05.20 06:07:30.882,1.55996,1.56019,1.13,1.88
2013.05.20 06:07:31.191,1.55996,1.56017,1.13,1.50
2013.05.20 06:07:31.893,1.55995,1.56015,1.13,1.50
2013.05.20 06:07:32.194,1.55986,1.56005,1.13,1.50
2013.05.20 06:07:32.314,1.55978,1.56003,1.69,1.50
2013.05.20 06:07:32.373,1.55978,1.56003,1.69,2.25
2013.05.20 06:07:32.853,1.55978,1.56003,1.69,1.50
2013.05.20 06:07:33.165,1.55983,1.56009,1.50,2.63
2013.05.20 06:07:33.414,1.55982,1.56009,1.50,2.63
2013.05.20 06:07:33.474,1.55983,1.56009,1.50,1.88
2013.05.20 06:07:33.663,1.5598,1.56006,1.50,1.13
2013.05.20 06:07:34.204,1.55981,1.56008,1.50,2.25
2013.05.20 06:07:34.684,1.55981,1.56006,1.50,1.50
2013.05.20 06:07:34.865,1.5598,1.56006,2.63,1.50
2013.05.20 06:07:35.183,1.5598,1.56006,2.63,1.50
2013.05.20 06:07:35.242,1.5598,1.56006,1.88,1.50
2013.05.20 06:07:35.363,1.5598,1.56006,1.13,2.25
2013.05.20 06:07:35.544,1.55981,1.56006,1.50,3.00
2013.05.20 06:07:35.666,1.5598,1.56005,1.13,1.13
2013.05.20 06:07:36.044,1.55976,1.56001,1.88,1.50
2013.05.20 06:07:36.363,1.55971,1.55998,1.50,1.50
2013.05.20 06:07:36.725,1.5597,1.55996,1.13,1.50
2013.05.20 06:07:37.035,1.55968,1.55993,1.13,2.03
2013.05.20 06:07:37.105,1.55965,1.55987,1.13,1.50
2013.05.20 06:07:37.166,1.55965,1.55988,1.13,1.50
2013.05.20 06:07:37.354,1.55964,1.55984,2.25,1.13
2013.05.20 06:07:37.546,1.5596,1.55984,1.50,2.25
2013.05.20 06:07:37.616,1.55957,1.55985,2.25,1.88
2013.05.20 06:07:37.935,1.5596,1.55985,1.50,1.13
2013.05.20 06:07:38.124,1.55957,1.55984,1.50,1.88
2013.05.20 06:07:38.603,1.55956,1.55984,1.13,3.38
2013.05.20 06:07:39.542,1.55961,1.55984,1.13,1.50
2013.05.20 06:07:39.862,1.55961,1.55986,1.88,1.50
2013.05.20 06:07:39.928,1.55961,1.55988,2.82,3.00
2013.05.20 06:07:41.325,1.55964,1.55983,1.13,1.13
2013.05.20 06:07:41.458,1.55957,1.55982,1.95,1.50
2013.05.20 06:07:41.528,1.55957,1.55978,1.50,1.50
2013.05.20 06:07:41.656,1.55956,1.55978,1.13,2.25
2013.05.20 06:07:41.844,1.55947,1.55969,2.03,1.50
2013.05.20 06:07:42.204,1.55945,1.55967,2.07,1.50
2013.05.20 06:07:42.265,1.55942,1.55967,3.94,1.50
2013.05.20 06:07:42.633,1.55942,1.55967,1.50,1.50
2013.05.20 06:07:42.753,1.55942,1.55969,3.38,1.50
2013.05.20 06:07:43.373,1.55946,1.55969,1.50,1.50
2013.05.20 06:07:43.855,1.55946,1.55969,1.50,1.88
2013.05.20 06:07:44.113,1.55941,1.55964,2.25,2.40
2013.05.20 06:07:44.415,1.55942,1.55964,2.25,1.50
2013.05.20 06:07:44.783,1.55943,1.55964,2.25,1.50
2013.05.20 06:07:45.295,1.55944,1.55964,1.50,1.50
2013.05.20 06:07:45.604,1.55946,1.55968,1.50,1.88
2013.05.20 06:07:45.725,1.55946,1.55968,1.50,1.13
2013.05.20 06:07:45.975,1.55942,1.55963,1.50,1.28
2013.05.20 06:07:46.169,1.55935,1.55961,1.50,1.88
2013.05.20 06:07:46.356,1.55934,1.55954,1.50,1.13
2013.05.20 06:07:46.425,1.55934,1.55955,1.50,1.28
2013.05.20 06:07:46.494,1.55932,1.55954,1.50,1.13
2013.05.20 06:07:46.795,1.5593,1.55953,3.00,1.28
2013.05.20 06:07:47.017,1.5593,1.55953,3.75,1.28
2013.05.20 06:07:47.093,1.55931,1.55954,1.50,1.50
2013.05.20 06:07:47.166,1.55933,1.55956,1.50,1.88
2013.05.20 06:07:47.503,1.55937,1.55956,2.25,1.88
2013.05.20 06:07:48.083,1.55939,1.5596,1.50,1.88
2013.05.20 06:07:48.158,1.55943,1.5596,1.50,1.88
2013.05.20 06:07:48.226,1.55943,1.55967,1.50,1.50
2013.05.20 06:07:48.295,1.55949,1.55968,1.50,2.63
2013.05.20 06:07:48.364,1.55951,1.55968,1.50,1.88
2013.05.20 06:07:48.674,1.55953,1.5597,1.50,1.65
2013.05.20 06:07:49.514,1.55955,1.55971,1.50,1.65
2013.05.20 06:07:49.875,1.55959,1.55977,1.65,1.13
2013.05.20 06:07:49.944,1.55961,1.5598,1.50,1.50
2013.05.20 06:07:50.004,1.55962,1.55984,2.25,1.50
2013.05.20 06:07:50.066,1.55962,1.55987,3.00,1.65
2013.05.20 06:07:50.314,1.55963,1.55989,1.69,1.28
2013.05.20 06:07:51.044,1.55965,1.55989,1.69,1.13
2013.05.20 06:07:51.357,1.55965,1.55989,1.50,1.13
2013.05.20 06:07:52.393,1.55966,1.55984,1.50,1.13
2013.05.20 06:07:52.754,1.5596,1.55982,2.44,1.65
2013.05.20 06:07:52.824,1.5596,1.55982,1.69,1.05
2013.05.20 06:07:53.135,1.5596,1.55978,2.40,2.40
2013.05.20 06:07:53.863,1.55959,1.55974,1.43,1.28
2013.05.20 06:07:53.984,1.55956,1.55974,1.69,1.28
2013.05.20 06:07:54.535,1.55954,1.55974,1.50,1.28
2013.05.20 06:07:54.784,1.55954,1.55974,1.50,1.28
2013.05.20 06:07:54.904,1.55955,1.55975,1.50,1.13
2013.05.20 06:07:55.444,1.55959,1.5598,1.88,1.05
2013.05.20 06:07:55.506,1.55959,1.55974,1.13,1.28
2013.05.20 06:07:55.636,1.55953,1.55972,2.63,1.13
2013.05.20 06:07:55.883,1.55949,1.55971,1.32,1.50
2013.05.20 06:07:55.943,1.55949,1.55971,1.32,1.50
2013.05.20 06:07:56.214,1.55949,1.55968,1.32,1.13
2013.05.20 06:07:57.961,1.55947,1.5596,1.09,1.13
2013.05.20 06:07:58.158,1.5594,1.55958,3.90,1.28
2013.05.20 06:07:58.285,1.55944,1.55961,1.50,1.65
2013.05.20 06:07:58.414,1.55946,1.55967,1.88,1.65
2013.05.20 06:07:58.486,1.55953,1.55965,1.09,1.50
2013.05.20 06:07:58.813,1.55963,1.55981,1.09,1.50
2013.05.20 06:07:58.873,1.55965,1.55984,1.32,1.50
2013.05.20 06:07:58.934,1.55965,1.55987,1.32,1.88
2013.05.20 06:07:59.685,1.55965,1.55988,1.69,1.88
2013.05.20 06:07:59.814,1.55965,1.55988,1.32,1.88
2013.05.20 06:08:00.124,1.55965,1.55988,2.07,1.88
2013.05.20 06:08:00.435,1.55965,1.55987,1.09,1.13
2013.05.20 06:08:00.625,1.55965,1.55987,1.47,1.13
2013.05.20 06:08:00.695,1.55965,1.55987,2.07,1.13
2013.05.20 06:08:01.064,1.55967,1.55984,1.09,1.13
2013.05.20 06:08:01.123,1.55963,1.55984,1.32,1.50
2013.05.20 06:08:01.184,1.55963,1.55984,1.69,1.50
2013.05.20 06:08:01.246,1.55961,1.55982,3.19,1.50
2013.05.20 06:08:01.554,1.55953,1.55975,1.47,1.28
2013.05.20 06:08:01.615,1.55953,1.55975,1.47,2.03
2013.05.20 06:08:01.685,1.55953,1.55972,1.47,1.13
2013.05.20 06:08:01.993,1.5595,1.55969,1.50,1.13
2013.05.20 06:08:02.055,1.55947,1.55969,1.69,1.13
2013.05.20 06:08:02.184,1.55947,1.55972,2.44,1.13
2013.05.20 06:08:02.483,1.55948,1.55972,1.69,1.13
2013.05.20 06:08:02.664,1.55951,1.55975,1.50,1.13
2013.05.20 06:08:03.215,1.55951,1.55975,1.69,1.13
2013.05.20 06:08:04.253,1.55951,1.55976,2.44,2.40
2013.05.20 06:08:04.325,1.55951,1.55976,3.19,1.65
2013.05.20 06:08:04.393,1.55951,1.55976,2.44,1.65
2013.05.20 06:08:04.949,1.55951,1.55976,1.69,2.40
2013.05.20 06:08:05.465,1.55951,1.55976,1.69,1.65
2013.05.20 06:08:05.662,1.55952,1.55977,1.69,1.65
2013.05.20 06:08:05.745,1.55954,1.55977,1.50,1.65
2013.05.20 06:08:06.341,1.55956,1.55976,3.00,1.65
2013.05.20 06:08:06.446,1.55958,1.55983,1.50,1.65
2013.05.20 06:08:06.775,1.55959,1.55984,2.44,1.13
2013.05.20 06:08:06.850,1.55961,1.55986,1.50,1.88
2013.05.20 06:08:06.917,1.55963,1.55986,1.13,1.50
2013.05.20 06:08:07.185,1.55969,1.55995,1.50,1.65
2013.05.20 06:08:07.254,1.55969,1.55995,1.50,1.65
2013.05.20 06:08:07.373,1.55972,1.55998,1.50,1.50
2013.05.20 06:08:07.615,1.55973,1.55999,2.25,1.50
2013.05.20 06:08:07.688,1.55973,1.55999,1.65,1.50
2013.05.20 06:08:07.813,1.55975,1.56003,1.50,3.00
2013.05.20 06:08:08.114,1.55979,1.56006,2.25,2.40
2013.05.20 06:08:08.174,1.55979,1.56006,2.25,2.40
2013.05.20 06:08:08.413,1.55979,1.56004,1.50,1.88
2013.05.20 06:08:09.635,1.55977,1.56002,2.25,2.40
2013.05.20 06:08:09.943,1.55977,1.56002,1.69,3.90
2013.05.20 06:08:10.824,1.55972,1.55998,3.19,3.00
2013.05.20 06:08:11.520,1.55972,1.55996,3.94,1.50
2013.05.20 06:08:12.599,1.55972,1.55998,3.19,2.25
2013.05.20 06:08:12.903,1.55993,1.56015,2.07,2.03
2013.05.20 06:08:12.965,1.55993,1.56015,2.07,1.50
2013.05.20 06:08:13.096,1.55993,1.56014,2.07,1.50
2013.05.20 06:08:13.166,1.55993,1.56014,1.13,1.50
2013.05.20 06:08:13.309,1.55993,1.56014,1.13,2.25
2013.05.20 06:08:13.449,1.55986,1.56011,1.69,1.50
2013.05.20 06:08:13.616,1.55985,1.56007,1.69,1.50
2013.05.20 06:08:14.174,1.55984,1.56007,1.69,1.50
2013.05.20 06:08:14.293,1.55982,1.56007,2.44,1.50
2013.05.20 06:08:14.869,1.55982,1.56007,2.44,1.50
2013.05.20 06:08:16.083,1.55982,1.56007,1.50,1.65
2013.05.20 06:08:16.264,1.5598,1.56005,1.69,1.50
2013.05.20 06:08:16.745,1.55982,1.56008,2.25,1.50
2013.05.20 06:08:16.815,1.55982,1.56008,1.50,1.50
2013.05.20 06:08:17.363,1.55981,1.56006,1.69,1.50
2013.05.20 06:08:18.036,1.55981,1.56006,1.69,1.50
2013.05.20 06:08:18.284,1.55983,1.5601,1.69,1.50
2013.05.20 06:08:18.346,1.55985,1.5601,1.50,1.50
2013.05.20 06:08:18.474,1.55987,1.56013,1.13,2.25
2013.05.20 06:08:18.595,1.55988,1.56013,1.69,1.50
2013.05.20 06:08:18.953,1.55991,1.56019,1.50,2.40
2013.05.20 06:08:19.075,1.55991,1.56019,1.50,2.40
2013.05.20 06:08:19.744,1.5599,1.56019,1.69,3.15
2013.05.20 06:08:20.269,1.55992,1.56017,1.50,1.50
2013.05.20 06:08:20.596,1.55992,1.56017,1.50,1.50
2013.05.20 06:08:21.073,1.55988,1.56013,2.44,1.50
2013.05.20 06:08:21.633,1.55989,1.56013,2.44,1.50
2013.05.20 06:08:22.146,1.55991,1.56014,3.38,1.50
2013.05.20 06:08:22.456,1.55996,1.56023,1.88,2.25
2013.05.20 06:08:22.607,1.55996,1.56023,1.88,1.50
2013.05.20 06:08:22.913,1.55996,1.56023,1.88,1.50
2013.05.20 06:08:23.041,1.55996,1.56022,1.69,1.50
2013.05.20 06:08:23.354,1.55996,1.56021,1.69,1.50
2013.05.20 06:08:24.074,1.55995,1.56021,2.44,2.25
2013.05.20 06:08:24.385,1.55993,1.56015,1.50,2.03
2013.05.20 06:08:24.503,1.55991,1.56014,1.50,1.65
2013.05.20 06:08:25.053,1.55988,1.56014,2.44,2.40
2013.05.20 06:08:25.733,1.55989,1.56013,1.50,1.65
2013.05.20 06:08:26.325,1.55988,1.56013,2.25,1.65
2013.05.20 06:08:26.825,1.5599,1.56017,1.50,2.78
2013.05.20 06:08:27.085,1.55992,1.56017,1.50,1.65
2013.05.20 06:08:28.864,1.55987,1.56012,1.50,1.50
2013.05.20 06:08:28.935,1.55986,1.56011,1.69,1.50
2013.05.20 06:08:29.124,1.55985,1.56009,1.69,1.50
2013.05.20 06:08:29.654,1.55985,1.56009,1.69,1.50
2013.05.20 06:08:30.243,1.55981,1.56009,3.94,2.25
2013.05.20 06:08:30.883,1.55984,1.56009,1.50,1.50
2013.05.20 06:08:33.855,1.55983,1.56008,1.69,1.50
2013.05.20 06:08:36.024,1.55986,1.5601,1.50,1.50
2013.05.20 06:08:36.264,1.5599,1.56014,2.25,1.65
2013.05.20 06:08:39.082,1.55991,1.56013,1.69,1.65
2013.05.20 06:08:40.623,1.5599,1.56013,1.69,2.40
2013.05.20 06:08:40.864,1.55987,1.56012,2.44,1.50
2013.05.20 06:08:40.932,1.55987,1.56012,2.44,1.50
2013.05.20 06:08:41.113,1.55987,1.5601,1.50,1.88
2013.05.20 06:08:41.173,1.55987,1.5601,1.50,1.88
2013.05.20 06:08:41.233,1.55983,1.56008,1.69,1.50
2013.05.20 06:08:41.774,1.55983,1.56008,1.69,1.65
2013.05.20 06:08:42.233,1.55981,1.56008,3.19,1.65
2013.05.20 06:08:42.903,1.55984,1.56009,1.50,1.65
2013.05.20 06:08:43.153,1.55982,1.56009,1.69,2.40
2013.05.20 06:08:43.654,1.5598,1.56004,1.50,1.50
2013.05.20 06:08:43.714,1.55979,1.56004,1.13,1.50
2013.05.20 06:08:43.773,1.55978,1.56004,1.69,1.50
2013.05.20 06:08:43.833,1.55993,1.56003,1.13,1.50
2013.05.20 06:08:44.291,1.55995,1.56019,3.94,1.50
2013.05.20 06:08:44.363,1.55997,1.56024,1.69,1.50
2013.05.20 06:08:44.913,1.55996,1.56024,2.44,1.28
2013.05.20 06:08:44.975,1.55996,1.56024,3.19,1.28
2013.05.20 06:08:45.953,1.55997,1.56023,1.69,1.13
2013.05.20 06:08:46.884,1.55997,1.56023,2.82,1.13
2013.05.20 06:08:47.595,1.55997,1.56024,3.57,1.88
2013.05.20 06:08:47.873,1.55997,1.56024,3.57,1.88
2013.05.20 06:08:48.412,1.55997,1.56024,3.57,2.03
2013.05.20 06:08:48.923,1.55997,1.56024,3.57,2.03
2013.05.20 06:08:49.653,1.55997,1.56024,2.07,2.03
2013.05.20 06:08:49.843,1.55997,1.56023,2.07,1.05
2013.05.20 06:08:50.204,1.55993,1.56018,2.25,1.50
2013.05.20 06:08:50.323,1.55988,1.56013,1.69,2.40
2013.05.20 06:08:50.503,1.55986,1.56012,1.69,1.50
2013.05.20 06:08:50.563,1.55984,1.56012,1.32,1.50
2013.05.20 06:08:51.283,1.55983,1.5601,1.50,1.13
2013.05.20 06:08:51.714,1.55987,1.5601,1.50,1.13
2013.05.20 06:08:52.026,1.55992,1.56013,2.25,1.88
2013.05.20 06:08:52.455,1.55992,1.56016,3.00,1.28
2013.05.20 06:08:52.573,1.55992,1.56016,2.25,2.03
2013.05.20 06:08:52.635,1.55992,1.56013,1.50,1.65
2013.05.20 06:08:52.764,1.55987,1.56012,2.25,1.88
2013.05.20 06:08:52.833,1.55987,1.56011,1.50,2.25
2013.05.20 06:08:52.955,1.55982,1.56006,2.03,1.13
2013.05.20 06:08:53.084,1.55982,1.56006,3.72,1.13
2013.05.20 06:08:53.144,1.55984,1.56007,1.09,1.50
2013.05.20 06:08:53.264,1.55988,1.56007,1.50,1.50
2013.05.20 06:08:53.563,1.55992,1.56015,2.25,1.50
2013.05.20 06:08:53.914,1.55997,1.56021,1.65,1.13
2013.05.20 06:08:54.154,1.56,1.56025,2.40,2.63
2013.05.20 06:08:54.214,1.56,1.56025,2.40,1.88
2013.05.20 06:08:54.275,1.56003,1.56026,1.50,1.13
2013.05.20 06:08:54.584,1.56009,1.56028,1.50,2.63
2013.05.20 06:08:54.846,1.56009,1.56028,1.50,1.13
2013.05.20 06:08:54.918,1.5601,1.56034,1.50,1.69
2013.05.20 06:08:55.226,1.56022,1.5604,1.88,1.13
2013.05.20 06:08:55.655,1.56022,1.56049,1.69,1.50
2013.05.20 06:08:56.204,1.56022,1.5605,2.59,1.69
2013.05.20 06:08:56.389,1.56025,1.56051,1.50,2.44
2013.05.20 06:08:56.644,1.56023,1.5605,1.88,2.44
2013.05.20 06:08:56.984,1.56022,1.56047,1.47,1.50
2013.05.20 06:08:57.233,1.56021,1.56045,1.69,1.50
2013.05.20 06:08:57.414,1.56021,1.56043,1.13,3.00
2013.05.20 06:08:57.774,1.56014,1.56038,1.50,2.25
2013.05.20 06:08:58.283,1.56012,1.56037,2.25,1.50
2013.05.20 06:08:58.666,1.56013,1.56034,1.50,1.50
2013.05.20 06:08:58.979,1.56006,1.56032,1.69,1.50
2013.05.20 06:08:59.104,1.56006,1.56032,1.69,1.50
2013.05.20 06:08:59.874,1.56006,1.5603,1.69,1.50
2013.05.20 06:09:00.643,1.56006,1.5603,1.69,1.50
2013.05.20 06:09:01.480,1.56006,1.56027,1.69,1.50
2013.05.20 06:09:07.123,1.56006,1.56029,1.50,1.50
2013.05.20 06:09:07.242,1.56005,1.56031,1.69,1.69
2013.05.20 06:09:07.363,1.56006,1.56031,1.50,1.69
2013.05.20 06:09:07.843,1.56006,1.56031,1.50,1.69
2013.05.20 06:09:08.083,1.56005,1.56031,1.69,1.69
2013.05.20 06:09:10.425,1.56005,1.56031,1.69,1.69
2013.05.20 06:09:14.716,1.56008,1.56032,1.09,2.25
2013.05.20 06:09:14.783,1.56008,1.56032,1.09,3.00
2013.05.20 06:09:14.963,1.56007,1.56029,1.32,1.50
2013.05.20 06:09:15.022,1.56006,1.56029,2.97,1.50
2013.05.20 06:09:15.230,1.56006,1.56029,2.97,1.50
2013.05.20 06:09:16.221,1.56007,1.56029,2.07,1.50
2013.05.20 06:09:17.032,1.56007,1.56029,1.32,1.50
2013.05.20 06:09:17.924,1.56004,1.56026,1.69,1.50
2013.05.20 06:09:17.994,1.56001,1.56026,2.25,2.25
2013.05.20 06:09:18.113,1.56001,1.56025,1.50,1.50
2013.05.20 06:09:19.012,1.55998,1.56025,3.34,1.69
2013.05.20 06:09:19.313,1.55998,1.56025,3.34,1.69
2013.05.20 06:09:19.562,1.56003,1.56025,1.13,1.50
2013.05.20 06:09:19.625,1.56002,1.56025,2.22,1.50
2013.05.20 06:09:19.755,1.56004,1.56028,1.88,1.13
2013.05.20 06:09:20.115,1.56006,1.5603,1.28,2.44
2013.05.20 06:09:20.175,1.56006,1.5603,2.03,1.69
2013.05.20 06:09:20.303,1.56007,1.5603,1.13,1.69
2013.05.20 06:09:20.543,1.56004,1.56029,1.09,1.69
2013.05.20 06:09:23.708,1.56003,1.56029,1.65,1.50
2013.05.20 06:09:23.894,1.56004,1.5603,1.13,1.50
2013.05.20 06:09:23.953,1.56004,1.56032,1.50,1.69
2013.05.20 06:09:24.073,1.56011,1.56033,1.50,1.50
2013.05.20 06:09:24.324,1.56012,1.56038,1.88,1.32
2013.05.20 06:09:24.444,1.56013,1.5604,1.50,2.44
2013.05.20 06:09:24.505,1.56013,1.5604,2.82,1.50
2013.05.20 06:09:24.814,1.56012,1.56036,1.13,1.88
2013.05.20 06:09:24.873,1.56009,1.56035,1.50,2.03
2013.05.20 06:09:24.993,1.56007,1.56033,1.50,2.59
2013.05.20 06:09:25.234,1.56001,1.56025,1.32,1.50
2013.05.20 06:09:25.293,1.55997,1.56024,1.69,2.25
2013.05.20 06:09:25.353,1.55996,1.56023,1.69,1.50
2013.05.20 06:09:25.477,1.55991,1.56018,1.13,1.13
2013.05.20 06:09:25.604,1.55991,1.56018,1.13,1.13
2013.05.20 06:09:25.856,1.5598,1.56008,2.82,2.25
2013.05.20 06:09:25.925,1.5598,1.56008,1.13,3.00
2013.05.20 06:09:26.312,1.55978,1.56004,1.13,1.50
2013.05.20 06:09:26.527,1.55976,1.56004,2.44,1.50
2013.05.20 06:09:26.835,1.55976,1.56001,2.25,1.50
2013.05.20 06:09:27.366,1.55973,1.55993,1.50,1.13
2013.05.20 06:09:27.450,1.55969,1.55995,1.50,1.13
2013.05.20 06:09:27.575,1.55967,1.55994,2.59,1.50
2013.05.20 06:09:27.704,1.55969,1.55994,1.13,1.50
2013.05.20 06:09:28.214,1.55971,1.55997,1.69,1.50
2013.05.20 06:09:28.576,1.55976,1.55998,1.50,2.25
2013.05.20 06:09:29.133,1.55976,1.56,1.13,2.25
2013.05.20 06:09:29.643,1.55978,1.56,1.13,1.50
2013.05.20 06:09:29.884,1.55978,1.56002,1.69,1.50
2013.05.20 06:09:30.246,1.55978,1.56004,2.44,1.50
2013.05.20 06:09:30.793,1.55978,1.56002,1.69,1.50
2013.05.20 06:09:31.184,1.55979,1.56002,1.50,1.50
2013.05.20 06:09:31.315,1.55982,1.56006,1.13,1.88
2013.05.20 06:09:31.447,1.55984,1.56006,2.25,1.13
2013.05.20 06:09:31.514,1.55985,1.56006,1.13,1.13
2013.05.20 06:09:31.584,1.55986,1.56012,2.07,1.50
2013.05.20 06:09:31.714,1.55988,1.56013,1.13,1.13
2013.05.20 06:09:31.893,1.55988,1.56013,1.50,1.13
2013.05.20 06:09:32.437,1.55989,1.56013,1.50,1.13
2013.05.20 06:09:33.935,1.55988,1.56012,1.69,1.50
2013.05.20 06:09:33.994,1.55986,1.5601,2.44,1.50
2013.05.20 06:09:34.543,1.55988,1.56014,3.19,2.25
2013.05.20 06:09:35.724,1.55987,1.56012,1.88,1.50
2013.05.20 06:09:36.143,1.55986,1.56011,1.13,1.50
2013.05.20 06:09:36.263,1.55985,1.56011,1.32,1.50
2013.05.20 06:09:36.808,1.55985,1.56009,1.13,1.50
2013.05.20 06:09:37.275,1.55987,1.56012,3.94,1.50
2013.05.20 06:09:37.765,1.55987,1.56013,3.94,1.50
2013.05.20 06:09:37.978,1.55989,1.56018,1.88,2.25
2013.05.20 06:09:38.117,1.5599,1.56018,1.50,1.50
2013.05.20 06:09:38.845,1.55991,1.56016,1.50,1.50
2013.05.20 06:09:39.083,1.5599,1.56014,1.32,1.50
2013.05.20 06:09:39.382,1.55989,1.56014,2.07,1.50
2013.05.20 06:09:39.824,1.55989,1.56014,1.32,1.50
2013.05.20 06:09:40.062,1.55989,1.56015,2.07,1.50
2013.05.20 06:09:40.894,1.55989,1.56014,1.32,1.50
2013.05.20 06:09:42.823,1.55991,1.56014,1.50,1.50
2013.05.20 06:09:42.884,1.55991,1.56017,1.50,2.25
2013.05.20 06:09:43.004,1.55993,1.56018,1.69,1.50
2013.05.20 06:09:43.184,1.55997,1.56022,1.50,1.50
2013.05.20 06:09:43.302,1.55997,1.56023,1.50,3.00
2013.05.20 06:09:43.664,1.56002,1.56024,1.69,2.25
2013.05.20 06:09:44.011,1.56001,1.56028,1.32,1.50
2013.05.20 06:09:44.077,1.56001,1.56027,2.07,1.50
2013.05.20 06:09:44.643,1.56001,1.56026,2.07,2.25
2013.05.20 06:09:45.733,1.56001,1.56026,1.32,1.50
2013.05.20 06:09:48.243,1.56001,1.56028,2.07,2.25
2013.05.20 06:09:48.362,1.56001,1.56027,1.32,1.50
2013.05.20 06:09:48.873,1.56001,1.56027,2.07,1.50
2013.05.20 06:09:48.992,1.56002,1.56028,1.69,3.00
2013.05.20 06:09:49.864,1.56001,1.56026,2.82,1.50
2013.05.20 06:09:50.670,1.56001,1.56026,2.82,1.50
2013.05.20 06:09:51.329,1.56001,1.56026,2.82,1.50
2013.05.20 06:09:52.893,1.56001,1.56028,3.57,2.44
2013.05.20 06:09:53.533,1.56001,1.56027,2.07,1.50
2013.05.20 06:09:53.850,1.56003,1.56027,1.50,1.50
2013.05.20 06:09:54.175,1.56004,1.5603,2.44,1.88
2013.05.20 06:09:54.308,1.56004,1.56028,2.44,1.50
2013.05.20 06:09:54.733,1.56004,1.56028,2.44,1.50
2013.05.20 06:09:55.164,1.56011,1.56031,1.13,1.50
2013.05.20 06:09:55.232,1.56011,1.56031,1.13,1.50
2013.05.20 06:09:55.773,1.56007,1.56032,1.88,1.88
2013.05.20 06:09:56.633,1.56011,1.56031,1.13,1.50
2013.05.20 06:09:56.814,1.56016,1.56032,1.50,1.50
2013.05.20 06:09:56.935,1.56018,1.56036,1.13,2.25
2013.05.20 06:09:57.065,1.5602,1.5604,1.88,1.69
2013.05.20 06:09:57.134,1.5602,1.5604,2.63,1.69
2013.05.20 06:09:57.321,1.56025,1.56048,1.50,1.69
2013.05.20 06:09:57.444,1.56024,1.56049,1.50,1.69
2013.05.20 06:09:57.924,1.56025,1.56052,2.63,1.69
2013.05.20 06:09:58.043,1.56027,1.56053,1.50,1.69
2013.05.20 06:09:58.403,1.56031,1.56058,1.50,2.44
2013.05.20 06:09:58.705,1.56033,1.56053,1.50,1.50
2013.05.20 06:09:58.774,1.5603,1.56053,1.50,1.88
2013.05.20 06:09:58.954,1.56029,1.56053,2.25,1.50
2013.05.20 06:09:59.504,1.56028,1.56055,1.50,3.15
2013.05.20 06:09:59.563,1.56028,1.56053,1.50,1.50
2013.05.20 06:09:59.865,1.56029,1.5605,1.50,1.88
2013.05.20 06:09:59.924,1.56027,1.5605,1.50,1.88
2013.05.20 06:10:00.103,1.56022,1.56045,2.25,1.13
2013.05.20 06:10:00.225,1.56022,1.56045,1.50,1.50
2013.05.20 06:10:00.914,1.56021,1.56044,1.13,1.50
2013.05.20 06:10:01.113,1.56021,1.56044,1.13,1.50
2013.05.20 06:10:01.658,1.56019,1.56044,1.32,1.50
2013.05.20 06:10:01.903,1.56019,1.56044,2.07,1.50
2013.05.20 06:10:04.524,1.56019,1.56044,3.00,1.50
2013.05.20 06:10:04.957,1.56023,1.56045,2.07,1.50
2013.05.20 06:10:05.247,1.56023,1.56048,1.50,1.69
2013.05.20 06:10:05.794,1.56019,1.56045,1.69,2.25
2013.05.20 06:10:06.153,1.56019,1.56044,1.47,3.00
2013.05.20 06:10:06.773,1.56019,1.56043,1.47,2.25
2013.05.20 06:10:07.172,1.56019,1.56043,1.47,1.50
2013.05.20 06:10:10.315,1.56021,1.56044,1.13,1.50
2013.05.20 06:10:10.634,1.5602,1.56044,2.07,1.50
2013.05.20 06:10:11.053,1.56016,1.5604,1.13,2.44
2013.05.20 06:10:11.114,1.56016,1.56038,1.13,1.50
2013.05.20 06:10:11.173,1.56013,1.56038,1.69,2.25
2013.05.20 06:10:11.234,1.56013,1.56036,1.69,1.88
2013.05.20 06:10:11.473,1.56009,1.56034,1.09,1.50
2013.05.20 06:10:11.594,1.56008,1.56032,1.84,1.50
2013.05.20 06:10:11.953,1.5601,1.56036,1.50,2.25
2013.05.20 06:10:12.537,1.5601,1.56035,2.25,1.13
2013.05.20 06:10:12.606,1.5601,1.56034,2.25,1.50
2013.05.20 06:10:16.444,1.5601,1.56033,1.88,1.50
2013.05.20 06:10:16.683,1.56008,1.56033,1.47,1.13
2013.05.20 06:10:16.924,1.56008,1.5603,1.09,1.50
2013.05.20 06:10:17.226,1.56002,1.56028,1.69,1.13
2013.05.20 06:10:17.773,1.56001,1.56024,1.69,1.50
2013.05.20 06:10:17.899,1.55999,1.56024,1.88,2.25
2013.05.20 06:10:18.202,1.56,1.56024,1.13,1.88
2013.05.20 06:10:19.855,1.56,1.56023,1.88,1.50
2013.05.20 06:10:20.352,1.56,1.56021,2.07,1.13
2013.05.20 06:10:22.155,1.56,1.56021,1.13,1.13
2013.05.20 06:10:22.645,1.55993,1.56015,1.69,1.50
2013.05.20 06:10:22.713,1.5599,1.56013,1.32,1.88
2013.05.20 06:10:22.773,1.55989,1.56013,2.07,1.88
2013.05.20 06:10:22.898,1.55987,1.56011,1.28,1.50
2013.05.20 06:10:22.963,1.55983,1.56008,3.87,1.50
2013.05.20 06:10:23.204,1.55985,1.56007,1.65,1.13
2013.05.20 06:10:23.863,1.55986,1.5601,1.65,1.50
2013.05.20 06:10:25.136,1.55986,1.56009,1.65,3.00
2013.05.20 06:10:25.443,1.55987,1.56007,1.50,1.50
2013.05.20 06:10:25.684,1.55981,1.56005,1.32,1.50
2013.05.20 06:10:25.744,1.55978,1.56005,1.99,1.50
2013.05.20 06:10:25.863,1.55979,1.56007,1.09,2.25
2013.05.20 06:10:26.164,1.55982,1.56006,1.50,1.50
2013.05.20 06:10:26.223,1.5598,1.56004,1.13,1.50
2013.05.20 06:10:26.343,1.55981,1.56003,1.50,1.50
2013.05.20 06:10:26.464,1.5598,1.56003,1.88,1.50
2013.05.20 06:10:26.585,1.5598,1.56001,1.13,1.50
2013.05.20 06:10:27.934,1.55977,1.56,2.25,1.50
2013.05.20 06:10:29.985,1.55978,1.56003,1.32,3.00
2013.05.20 06:10:30.114,1.5598,1.56003,1.13,1.50
2013.05.20 06:10:30.235,1.55982,1.56007,1.13,3.75
2013.05.20 06:10:30.296,1.55985,1.56007,1.13,1.50
2013.05.20 06:10:30.367,1.55991,1.56008,1.13,1.13
2013.05.20 06:10:30.676,1.55992,1.56008,1.50,1.13
2013.05.20 06:10:30.863,1.55993,1.5601,1.13,1.50
2013.05.20 06:10:31.104,1.55993,1.56016,2.44,1.13
2013.05.20 06:10:31.164,1.55996,1.56016,1.88,1.13
2013.05.20 06:10:31.407,1.56,1.56025,1.13,2.25
2013.05.20 06:10:31.473,1.56002,1.56025,1.32,1.50
2013.05.20 06:10:31.837,1.56004,1.56028,1.13,2.44
2013.05.20 06:10:32.089,1.56004,1.56028,1.13,2.44
2013.05.20 06:10:32.522,1.56002,1.56027,3.57,1.50
2013.05.20 06:10:32.882,1.56007,1.5603,2.59,1.50
2013.05.20 06:10:33.186,1.56012,1.56036,1.13,3.19
2013.05.20 06:10:33.258,1.56012,1.56035,1.13,1.32
2013.05.20 06:10:33.445,1.56011,1.56035,1.13,1.32
2013.05.20 06:10:35.823,1.56012,1.56035,1.13,1.69
2013.05.20 06:10:35.885,1.56012,1.56032,1.13,1.50
2013.05.20 06:10:40.706,1.56009,1.56029,1.32,1.50
2013.05.20 06:10:40.835,1.56006,1.56029,3.57,3.75
2013.05.20 06:10:40.964,1.56003,1.56029,2.82,3.75
2013.05.20 06:10:41.143,1.56002,1.56027,1.69,1.50
2013.05.20 06:10:41.205,1.56001,1.56023,1.32,1.50
2013.05.20 06:10:41.277,1.56,1.56022,1.32,1.50
2013.05.20 06:10:41.345,1.56,1.56022,1.32,1.50
2013.05.20 06:10:41.654,1.56,1.56021,1.13,1.50
2013.05.20 06:10:41.953,1.56,1.56025,1.13,1.50
2013.05.20 06:10:42.520,1.56001,1.56025,1.13,1.50
2013.05.20 06:10:43.766,1.56001,1.56025,1.50,1.50
2013.05.20 06:10:47.903,1.56002,1.56029,1.69,2.25
2013.05.20 06:10:54.145,1.56,1.56024,2.44,2.25
2013.05.20 06:10:54.213,1.55999,1.56019,1.50,1.13
2013.05.20 06:10:54.334,1.55996,1.5602,2.07,1.13
2013.05.20 06:10:54.394,1.55996,1.5602,1.32,1.50
2013.05.20 06:10:55.136,1.55995,1.56018,2.44,1.13
2013.05.20 06:10:56.354,1.55994,1.56018,2.44,1.13
2013.05.20 06:10:57.839,1.55996,1.56023,1.50,1.50
2013.05.20 06:10:59.587,1.55996,1.56014,1.50,1.50
2013.05.20 06:10:59.656,1.55989,1.56008,1.50,1.50
2013.05.20 06:10:59.784,1.55984,1.56007,4.69,1.50
2013.05.20 06:10:59.844,1.55984,1.56006,1.69,1.13
2013.05.20 06:10:59.965,1.55979,1.56006,2.82,1.13
2013.05.20 06:11:00.274,1.5598,1.56006,1.69,1.88
2013.05.20 06:11:00.335,1.5598,1.56007,2.07,1.50
2013.05.20 06:11:00.394,1.55983,1.56008,2.44,1.50
2013.05.20 06:11:00.453,1.55985,1.56008,1.50,1.50
2013.05.20 06:11:00.633,1.55988,1.56013,2.07,1.88
2013.05.20 06:11:00.693,1.55988,1.56015,2.07,1.50
2013.05.20 06:11:00.934,1.55989,1.56017,2.44,1.88
2013.05.20 06:11:01.174,1.55993,1.5602,1.13,2.25
2013.05.20 06:11:01.353,1.55993,1.56019,1.13,1.50
2013.05.20 06:11:01.694,1.55996,1.56019,1.50,1.50
2013.05.20 06:11:02.003,1.55996,1.56019,1.50,1.50
2013.05.20 06:11:02.064,1.55994,1.56019,1.50,1.88
2013.05.20 06:11:02.633,1.55991,1.56017,1.50,1.50
2013.05.20 06:11:02.693,1.55991,1.56015,1.13,1.50
2013.05.20 06:11:02.993,1.55988,1.56014,2.44,2.25
2013.05.20 06:11:04.083,1.55988,1.56013,1.13,1.50
2013.05.20 06:11:04.205,1.55987,1.56008,1.50,1.65
2013.05.20 06:11:04.275,1.55984,1.56004,1.13,1.50
2013.05.20 06:11:04.404,1.55982,1.56008,1.50,2.40
2013.05.20 06:11:04.465,1.5598,1.56003,1.69,1.88
2013.05.20 06:11:04.653,1.55976,1.56001,1.50,1.13
2013.05.20 06:11:05.214,1.55978,1.56002,1.50,1.50
2013.05.20 06:11:05.473,1.55978,1.56003,3.19,1.50
2013.05.20 06:11:05.994,1.55978,1.56004,1.32,2.25
2013.05.20 06:11:06.332,1.55978,1.56003,1.32,1.50
2013.05.20 06:11:07.412,1.55978,1.56003,1.32,1.50
2013.05.20 06:11:08.014,1.55978,1.56003,1.32,1.50
2013.05.20 06:11:11.453,1.55984,1.56003,1.50,1.50
2013.05.20 06:11:11.514,1.55984,1.56004,1.50,2.25
2013.05.20 06:11:12.124,1.55983,1.56004,2.25,1.50
2013.05.20 06:11:12.303,1.55985,1.56008,1.13,1.50
2013.05.20 06:11:12.920,1.55983,1.56008,2.44,1.50
2013.05.20 06:11:13.215,1.55984,1.56009,1.32,2.25
2013.05.20 06:11:13.733,1.55985,1.56008,2.44,1.50
2013.05.20 06:11:13.914,1.55985,1.56006,2.44,1.65
2013.05.20 06:11:14.034,1.5598,1.56003,1.13,1.50
2013.05.20 06:11:14.225,1.5598,1.56003,1.13,1.50
2013.05.20 06:11:15.243,1.55979,1.56004,1.69,2.25
2013.05.20 06:11:15.762,1.5598,1.56004,1.13,1.50
2013.05.20 06:11:15.884,1.55981,1.56003,1.88,1.50
2013.05.20 06:11:16.423,1.55981,1.56003,1.13,2.63
2013.05.20 06:11:16.486,1.55981,1.56003,1.13,2.63
2013.05.20 06:11:17.166,1.55977,1.56003,2.44,3.38
2013.05.20 06:11:17.691,1.55977,1.55999,2.44,1.13
2013.05.20 06:11:18.006,1.55976,1.55997,1.88,1.50
2013.05.20 06:11:18.314,1.55978,1.56001,1.69,1.28
2013.05.20 06:11:18.373,1.55982,1.56001,1.13,1.28
2013.05.20 06:11:18.856,1.55982,1.56004,1.88,1.50
2013.05.20 06:11:19.263,1.55982,1.56004,1.88,1.50
2013.05.20 06:11:20.494,1.55982,1.56004,1.13,1.50
2013.05.20 06:11:20.613,1.55982,1.56005,1.88,1.50
2013.05.20 06:11:21.085,1.5598,1.56004,1.69,2.25
2013.05.20 06:11:21.276,1.55977,1.56003,1.69,1.50
2013.05.20 06:11:21.722,1.55977,1.56003,2.44,1.50
2013.05.20 06:11:21.843,1.55977,1.56003,2.44,1.50
2013.05.20 06:11:22.054,1.55978,1.56005,2.44,1.50
2013.05.20 06:11:22.114,1.5598,1.56006,1.13,1.13
2013.05.20 06:11:22.414,1.55985,1.56013,2.07,1.50
2013.05.20 06:11:22.593,1.55987,1.56014,1.50,3.00
2013.05.20 06:11:23.134,1.55991,1.56016,1.50,1.50
2013.05.20 06:11:23.674,1.5599,1.56013,1.69,1.50
2013.05.20 06:11:24.177,1.5599,1.56014,1.13,2.25
2013.05.20 06:11:24.484,1.55984,1.5601,3.94,1.50
2013.05.20 06:11:24.784,1.55984,1.56006,1.13,1.50
2013.05.20 06:11:25.096,1.55976,1.56002,2.44,1.50
2013.05.20 06:11:25.224,1.55976,1.56001,1.69,1.50
2013.05.20 06:11:25.285,1.55975,1.55999,1.69,3.00
2013.05.20 06:11:26.176,1.55973,1.55998,1.32,1.50
2013.05.20 06:11:26.244,1.55972,1.55997,1.32,1.50
2013.05.20 06:11:26.424,1.55973,1.55996,1.69,1.50
2013.05.20 06:11:26.965,1.55972,1.55998,3.19,1.50
2013.05.20 06:11:27.324,1.55975,1.56,1.13,1.50
2013.05.20 06:11:27.564,1.55977,1.56001,1.69,2.25
2013.05.20 06:11:27.924,1.55981,1.56006,1.50,1.28
2013.05.20 06:11:28.497,1.55981,1.56007,1.50,1.13
2013.05.20 06:11:28.564,1.55981,1.56008,1.50,2.25
2013.05.20 06:11:28.625,1.55981,1.56009,2.25,1.50
2013.05.20 06:11:28.874,1.55984,1.56012,1.50,1.88
2013.05.20 06:11:29.336,1.55987,1.56013,2.25,2.25
2013.05.20 06:11:29.564,1.55997,1.56024,1.50,2.25
2013.05.20 06:11:29.701,1.55997,1.56024,1.50,2.25
2013.05.20 06:11:29.842,1.55993,1.56023,3.57,1.50
2013.05.20 06:11:29.917,1.55993,1.56021,3.57,1.50
2013.05.20 06:11:30.234,1.55993,1.56019,2.07,1.50
2013.05.20 06:11:30.787,1.55993,1.56019,1.13,1.50
2013.05.20 06:11:30.915,1.55993,1.5602,1.13,1.50
2013.05.20 06:11:31.273,1.55993,1.56019,1.13,1.50
2013.05.20 06:11:31.773,1.55993,1.56016,1.13,1.50
2013.05.20 06:11:32.025,1.55992,1.56019,1.13,2.25
2013.05.20 06:11:32.097,1.55992,1.56017,1.13,1.50
2013.05.20 06:11:32.593,1.55992,1.56017,1.88,1.50
2013.05.20 06:11:32.953,1.55995,1.56021,1.50,1.50
2013.05.20 06:11:33.014,1.55995,1.56019,1.50,1.50
2013.05.20 06:11:33.073,1.55995,1.56021,1.50,1.50
2013.05.20 06:11:33.622,1.55997,1.56022,1.50,1.88
2013.05.20 06:11:34.733,1.55997,1.56022,1.50,1.88
2013.05.20 06:11:35.093,1.56002,1.56028,2.25,1.88
2013.05.20 06:11:35.153,1.56005,1.56028,1.50,1.50
2013.05.20 06:11:35.274,1.56007,1.56031,1.50,1.69
2013.05.20 06:11:35.945,1.56005,1.56029,2.07,1.13
2013.05.20 06:11:36.073,1.56005,1.56029,1.13,1.13
2013.05.20 06:11:36.254,1.56001,1.56028,1.69,2.25
2013.05.20 06:11:36.317,1.56,1.56022,2.44,1.50
2013.05.20 06:11:36.385,1.56,1.56026,3.19,1.50
2013.05.20 06:11:36.933,1.56,1.56026,1.50,1.50
2013.05.20 06:11:37.295,1.56001,1.56028,1.50,2.44
2013.05.20 06:11:37.535,1.56001,1.56028,1.50,1.69
2013.05.20 06:11:37.836,1.56001,1.56028,1.50,1.50
2013.05.20 06:11:37.905,1.56001,1.56029,1.50,2.63
2013.05.20 06:11:38.144,1.56001,1.56028,1.50,1.50
2013.05.20 06:11:38.813,1.55999,1.56026,2.44,1.50
2013.05.20 06:11:39.174,1.56001,1.56028,1.88,1.50
2013.05.20 06:11:39.897,1.56003,1.56027,1.50,1.13
2013.05.20 06:11:39.964,1.56005,1.56027,1.13,1.13
2013.05.20 06:11:40.452,1.56004,1.56028,1.13,1.50
2013.05.20 06:11:41.003,1.56003,1.56028,2.25,1.50
2013.05.20 06:11:42.193,1.56007,1.56028,1.13,1.50
2013.05.20 06:11:42.866,1.56002,1.56028,1.88,2.25
2013.05.20 06:11:43.430,1.56002,1.56026,1.32,1.50
2013.05.20 06:11:43.953,1.56002,1.56028,1.32,3.75
2013.05.20 06:11:44.073,1.56002,1.56026,1.13,1.50
2013.05.20 06:11:44.553,1.56002,1.56028,1.13,3.75
2013.05.20 06:11:44.802,1.56002,1.56028,1.88,2.25
2013.05.20 06:11:45.624,1.56004,1.56028,1.50,2.25
2013.05.20 06:11:46.294,1.56004,1.56029,2.25,1.50
2013.05.20 06:11:46.415,1.56004,1.56029,1.50,2.25
2013.05.20 06:11:46.553,1.56004,1.56029,1.50,1.50
2013.05.20 06:11:46.614,1.56004,1.56029,1.50,1.50
2013.05.20 06:11:49.269,1.56004,1.56025,1.50,1.50
2013.05.20 06:11:49.393,1.56,1.56024,2.07,2.25
2013.05.20 06:11:49.577,1.56002,1.56025,1.13,3.00
2013.05.20 06:11:49.706,1.56002,1.56025,1.13,2.25
2013.05.20 06:11:50.134,1.56,1.56024,2.07,1.50
2013.05.20 06:11:50.384,1.56,1.56024,2.07,1.50
2013.05.20 06:11:52.332,1.56002,1.56028,3.00,1.69
2013.05.20 06:11:52.454,1.56002,1.56029,3.19,1.50
2013.05.20 06:11:52.995,1.56004,1.56031,1.50,2.44
2013.05.20 06:11:53.184,1.56005,1.56032,1.88,1.69
2013.05.20 06:11:53.365,1.56011,1.56034,1.13,1.88
2013.05.20 06:11:53.663,1.56011,1.56038,2.63,2.82
2013.05.20 06:11:53.723,1.56013,1.56038,1.50,2.82
2013.05.20 06:11:53.783,1.56013,1.56038,2.25,1.13
2013.05.20 06:11:54.324,1.56013,1.5604,1.13,1.50
2013.05.20 06:11:55.187,1.56013,1.5604,1.13,1.50
2013.05.20 06:11:57.544,1.56014,1.56039,1.13,1.50
2013.05.20 06:11:57.604,1.56014,1.56039,1.13,1.50
2013.05.20 06:11:57.724,1.56015,1.56043,1.88,2.25
2013.05.20 06:11:57.784,1.56017,1.56045,1.13,2.44
2013.05.20 06:11:57.845,1.56023,1.56045,1.50,1.50
2013.05.20 06:11:57.914,1.56023,1.56047,2.63,1.13
2013.05.20 06:11:58.035,1.56026,1.5605,1.13,2.25
2013.05.20 06:11:58.153,1.56024,1.56052,1.69,2.25
2013.05.20 06:11:58.274,1.56027,1.5605,1.50,1.50
2013.05.20 06:11:58.394,1.56024,1.5605,1.32,1.50
2013.05.20 06:11:58.694,1.56023,1.5605,2.07,1.50
2013.05.20 06:11:58.754,1.56023,1.5605,2.07,1.50
2013.05.20 06:11:59.173,1.56023,1.56046,1.32,1.50
2013.05.20 06:11:59.293,1.56017,1.56045,3.19,1.50
2013.05.20 06:11:59.414,1.56017,1.56041,2.44,1.50
2013.05.20 06:11:59.834,1.56017,1.56041,1.69,3.00
2013.05.20 06:12:00.375,1.56016,1.56041,1.32,2.25
2013.05.20 06:12:00.745,1.56014,1.5604,2.07,3.00
2013.05.20 06:12:01.751,1.56016,1.5604,1.69,2.25
2013.05.20 06:12:02.076,1.56016,1.56036,1.69,2.25
2013.05.20 06:12:02.149,1.56016,1.56036,1.32,2.25
2013.05.20 06:12:02.277,1.56016,1.56037,1.32,3.75
2013.05.20 06:12:02.343,1.56016,1.56037,2.07,1.50
2013.05.20 06:12:02.704,1.56013,1.56037,2.44,1.50
2013.05.20 06:12:03.304,1.56011,1.56036,1.69,2.25
2013.05.20 06:12:03.363,1.56011,1.56035,1.69,1.50
2013.05.20 06:12:06.314,1.5601,1.56034,1.32,2.25
2013.05.20 06:12:06.856,1.56009,1.56033,1.69,1.50
2013.05.20 06:12:07.225,1.56005,1.56032,2.25,2.25
2013.05.20 06:12:07.616,1.56006,1.56032,1.32,3.00
2013.05.20 06:12:07.686,1.56006,1.56032,2.44,3.00
2013.05.20 06:12:07.873,1.56006,1.56031,1.69,1.50
2013.05.20 06:12:08.413,1.56005,1.56031,2.82,1.50
2013.05.20 06:12:08.963,1.56005,1.56031,2.82,1.50
2013.05.20 06:12:10.413,1.56005,1.56031,2.07,1.50
2013.05.20 06:12:13.153,1.56005,1.56031,2.07,1.50
2013.05.20 06:12:14.284,1.56003,1.56028,2.44,1.88
2013.05.20 06:12:14.658,1.56003,1.56026,2.07,1.50
2013.05.20 06:12:14.729,1.56004,1.56029,1.13,1.50
2013.05.20 06:12:15.104,1.56002,1.56027,2.44,1.50
2013.05.20 06:12:15.283,1.56003,1.56028,1.32,1.50
2013.05.20 06:12:15.344,1.56008,1.56029,1.13,1.50
2013.05.20 06:12:17.924,1.56007,1.56033,1.69,3.00
2013.05.20 06:12:19.575,1.56007,1.56032,2.44,1.50
2013.05.20 06:12:19.945,1.56007,1.56032,2.44,1.50
2013.05.20 06:12:23.063,1.56008,1.56029,1.32,1.50
2013.05.20 06:12:23.444,1.5601,1.5603,2.25,3.00
2013.05.20 06:12:23.943,1.5601,1.5603,2.25,1.50
2013.05.20 06:12:24.483,1.56011,1.56032,1.13,1.50
2013.05.20 06:12:24.603,1.56011,1.56036,1.88,1.50
2013.05.20 06:12:25.143,1.56011,1.56036,3.38,1.50
2013.05.20 06:12:25.453,1.56011,1.56034,3.38,1.50
2013.05.20 06:12:26.084,1.56011,1.56032,2.63,1.50
2013.05.20 06:12:26.503,1.56011,1.56031,1.88,2.25
2013.05.20 06:12:26.563,1.56008,1.56031,1.13,2.25
2013.05.20 06:12:26.624,1.56008,1.56026,1.13,1.50
2013.05.20 06:12:26.924,1.56006,1.56028,1.69,1.50
2013.05.20 06:12:26.985,1.56003,1.56029,3.94,1.50
2013.05.20 06:12:27.533,1.56006,1.56028,1.69,1.50
2013.05.20 06:12:28.464,1.56006,1.56027,1.69,2.25
2013.05.20 06:12:28.763,1.56005,1.56028,1.69,1.50
2013.05.20 06:12:29.494,1.56005,1.56028,1.69,1.50
2013.05.20 06:12:30.195,1.56005,1.56026,1.69,1.50
2013.05.20 06:12:31.583,1.56003,1.56025,1.69,1.50
2013.05.20 06:12:32.393,1.56002,1.56025,2.44,2.25
2013.05.20 06:12:33.224,1.56002,1.56025,2.07,2.25
2013.05.20 06:12:33.344,1.56002,1.56026,2.07,1.50
2013.05.20 06:12:33.704,1.56001,1.56025,2.44,1.13
2013.05.20 06:12:34.545,1.56002,1.56026,1.32,1.13
2013.05.20 06:12:34.853,1.56002,1.56026,1.13,1.88
2013.05.20 06:12:35.519,1.56003,1.56027,1.50,1.50
2013.05.20 06:12:43.464,1.56003,1.5603,1.50,1.50
2013.05.20 06:12:43.644,1.56003,1.56028,1.50,1.50
2013.05.20 06:12:45.534,1.56002,1.56028,2.82,2.25
2013.05.20 06:12:45.653,1.56003,1.56028,1.69,1.50
2013.05.20 06:12:46.176,1.56007,1.56032,1.13,1.50
2013.05.20 06:12:46.308,1.56007,1.5603,1.13,1.50
2013.05.20 06:12:46.435,1.56006,1.56031,1.50,1.50
2013.05.20 06:12:46.744,1.56007,1.56033,1.50,2.63
2013.05.20 06:12:46.995,1.56005,1.5603,1.32,1.50
2013.05.20 06:12:47.185,1.56006,1.56032,1.88,1.50
2013.05.20 06:12:47.256,1.56006,1.56032,1.88,1.50
2013.05.20 06:12:47.566,1.56013,1.56038,1.69,1.50
2013.05.20 06:12:47.695,1.56014,1.56039,1.69,1.50
2013.05.20 06:12:48.006,1.56016,1.56044,1.50,2.25
2013.05.20 06:12:48.075,1.56016,1.56043,1.50,1.50
2013.05.20 06:12:48.194,1.56016,1.56044,1.50,3.00
2013.05.20 06:12:48.731,1.56016,1.56043,1.50,1.50
2013.05.20 06:12:48.973,1.56014,1.56041,1.69,1.50
2013.05.20 06:12:49.277,1.56015,1.56038,1.13,1.50
2013.05.20 06:12:49.825,1.56015,1.56037,1.13,3.00
2013.05.20 06:12:50.343,1.56013,1.56037,1.69,1.50
2013.05.20 06:12:50.524,1.56006,1.56033,2.82,1.50
2013.05.20 06:12:50.825,1.56009,1.56034,1.69,1.50
2013.05.20 06:12:50.899,1.56009,1.56035,1.69,2.25
2013.05.20 06:12:50.967,1.56007,1.56034,3.19,1.50
2013.05.20 06:12:51.213,1.56011,1.56037,1.13,2.25
2013.05.20 06:12:51.274,1.56011,1.56037,1.13,1.50
2013.05.20 06:12:51.335,1.56011,1.56037,1.13,2.25
2013.05.20 06:12:51.886,1.56011,1.56035,1.88,1.50
2013.05.20 06:12:52.395,1.56011,1.56034,1.13,1.50
2013.05.20 06:12:52.993,1.56009,1.56033,1.69,1.69
2013.05.20 06:12:54.493,1.56008,1.56033,1.88,1.69
2013.05.20 06:12:55.873,1.56008,1.56032,1.88,1.69
2013.05.20 06:12:55.933,1.56008,1.56033,1.88,1.69
2013.05.20 06:12:57.553,1.56008,1.56033,1.13,1.69
2013.05.20 06:12:58.264,1.56008,1.56034,1.88,2.25
2013.05.20 06:12:58.565,1.56008,1.56032,2.63,1.50
2013.05.20 06:12:58.637,1.56009,1.56034,1.69,1.50
2013.05.20 06:12:58.770,1.56011,1.56036,1.50,1.69
2013.05.20 06:12:59.014,1.56013,1.56037,1.50,2.82
2013.05.20 06:13:02.334,1.56013,1.56036,1.13,2.07
2013.05.20 06:13:02.554,1.56013,1.56036,1.13,2.07
2013.05.20 06:13:06.423,1.56014,1.56037,2.07,1.50
2013.05.20 06:13:06.730,1.56014,1.56035,2.07,1.50
2013.05.20 06:13:07.246,1.56014,1.56035,1.32,1.50
2013.05.20 06:13:07.574,1.56011,1.56032,1.13,1.50
2013.05.20 06:13:07.993,1.56011,1.56034,1.13,2.25
2013.05.20 06:13:08.054,1.56012,1.56035,1.13,1.50
2013.05.20 06:13:08.114,1.56012,1.56035,1.13,1.50
2013.05.20 06:13:08.473,1.56012,1.56035,1.13,1.50
2013.05.20 06:13:15.364,1.56011,1.56037,1.13,1.50
2013.05.20 06:13:15.888,1.56009,1.56033,2.07,1.50
2013.05.20 06:13:17.241,1.56009,1.56032,1.69,1.50
2013.05.20 06:13:17.794,1.56009,1.56032,1.69,1.50
2013.05.20 06:13:18.227,1.56009,1.56032,1.69,1.50
2013.05.20 06:13:18.584,1.56008,1.56032,1.69,1.50
2013.05.20 06:13:18.823,1.56007,1.56029,1.69,1.50
2013.05.20 06:13:19.364,1.56007,1.56029,1.69,1.50
2013.05.20 06:13:19.603,1.56007,1.56031,1.69,1.50
2013.05.20 06:13:20.073,1.56008,1.56033,1.69,1.50
2013.05.20 06:13:20.313,1.56011,1.56033,1.13,1.50
2013.05.20 06:13:20.373,1.56008,1.56033,1.32,2.25
2013.05.20 06:13:20.614,1.56008,1.56033,1.32,2.25
2013.05.20 06:13:20.854,1.56009,1.56033,2.40,2.25
2013.05.20 06:13:22.524,1.56012,1.56034,1.50,1.50
2013.05.20 06:13:24.972,1.56013,1.56035,1.50,2.25
2013.05.20 06:13:25.092,1.56013,1.56035,1.50,2.25
2013.05.20 06:13:28.568,1.56013,1.56035,1.50,1.50
2013.05.20 06:13:30.814,1.56014,1.56037,1.47,2.25
2013.05.20 06:13:30.933,1.56014,1.56037,1.47,1.50
2013.05.20 06:13:31.114,1.56016,1.56041,1.50,1.50
2013.05.20 06:13:31.173,1.56016,1.56043,1.50,2.25
2013.05.20 06:13:31.753,1.56016,1.56041,2.63,1.50
2013.05.20 06:13:37.177,1.56016,1.56039,1.88,1.50
2013.05.20 06:13:44.356,1.56014,1.56032,2.07,2.25
2013.05.20 06:13:46.319,1.56012,1.56034,1.32,1.50
2013.05.20 06:13:46.446,1.56014,1.56034,1.69,1.50
2013.05.20 06:13:46.537,1.56014,1.56036,1.69,1.50
2013.05.20 06:13:46.674,1.56014,1.56038,1.69,1.50
2013.05.20 06:13:46.734,1.56014,1.56038,1.69,1.50
2013.05.20 06:13:47.056,1.56014,1.56035,1.69,1.50
2013.05.20 06:13:50.224,1.56014,1.56037,1.69,1.50
2013.05.20 06:13:51.036,1.56014,1.56038,1.69,1.50
2013.05.20 06:13:53.824,1.56017,1.56038,1.88,1.50
2013.05.20 06:13:54.204,1.56022,1.56041,1.13,1.50
2013.05.20 06:13:55.343,1.56021,1.5604,1.84,1.50
2013.05.20 06:13:57.075,1.56021,1.56043,2.40,3.00
2013.05.20 06:13:57.614,1.56023,1.56044,1.32,1.50
2013.05.20 06:13:58.138,1.56023,1.56043,1.69,3.00
2013.05.20 06:13:58.324,1.56027,1.56048,1.13,1.50
2013.05.20 06:13:58.445,1.56027,1.56051,1.32,1.50
2013.05.20 06:13:59.274,1.5603,1.5605,1.32,1.50
2013.05.20 06:14:03.366,1.56029,1.56049,1.13,1.50
2013.05.20 06:14:03.435,1.56029,1.56049,1.13,1.50
2013.05.20 06:14:03.504,1.56026,1.56047,2.44,1.50
2013.05.20 06:14:03.565,1.56021,1.56043,1.65,2.25
2013.05.20 06:14:03.744,1.56017,1.5604,2.82,1.50
2013.05.20 06:14:03.925,1.56015,1.56036,1.13,1.50
2013.05.20 06:14:04.283,1.56012,1.56035,1.32,2.25
2013.05.20 06:14:04.593,1.56011,1.5603,1.13,1.50
2013.05.20 06:14:04.774,1.56007,1.56028,2.22,1.50
2013.05.20 06:14:05.013,1.56007,1.56027,2.07,1.50
2013.05.20 06:14:05.314,1.56004,1.56024,2.40,2.25
2013.05.20 06:14:05.554,1.56004,1.56026,3.15,1.50
2013.05.20 06:14:06.113,1.56007,1.56026,1.13,1.50
2013.05.20 06:14:06.725,1.56006,1.56026,1.13,1.50
2013.05.20 06:14:08.464,1.56006,1.56027,1.13,1.50
2013.05.20 06:14:08.990,1.56006,1.56028,1.13,2.25
2013.05.20 06:14:12.834,1.56004,1.56028,2.40,2.25
2013.05.20 06:14:13.882,1.56004,1.56028,2.40,2.25
2013.05.20 06:14:14.724,1.56004,1.56027,1.65,1.69
2013.05.20 06:14:14.903,1.56004,1.56027,1.50,3.00
2013.05.20 06:14:15.264,1.56,1.56023,1.65,1.50
2013.05.20 06:14:15.625,1.55996,1.56019,1.47,1.50
2013.05.20 06:14:15.683,1.55993,1.56019,2.07,1.50
2013.05.20 06:14:16.225,1.55995,1.5602,1.65,1.88
2013.05.20 06:14:16.733,1.55996,1.5602,1.65,1.88
2013.05.20 06:14:17.347,1.55995,1.5602,1.84,2.63
2013.05.20 06:14:18.234,1.55995,1.56019,3.34,1.50
2013.05.20 06:14:19.004,1.55995,1.56019,1.84,1.88
2013.05.20 06:14:19.806,1.55996,1.56019,1.65,1.13
2013.05.20 06:14:20.664,1.55997,1.56023,2.25,3.19
2013.05.20 06:14:21.209,1.55998,1.56023,1.50,1.69
2013.05.20 06:14:21.763,1.56,1.56024,1.65,1.13
2013.05.20 06:14:21.823,1.56,1.56024,2.63,1.13
2013.05.20 06:14:22.129,1.56002,1.56028,1.88,2.82
2013.05.20 06:14:22.197,1.56004,1.56028,1.28,1.88
2013.05.20 06:14:25.373,1.56006,1.5603,1.13,1.69
2013.05.20 06:14:26.284,1.56006,1.56031,1.13,1.88
2013.05.20 06:14:26.664,1.56006,1.5603,1.13,1.50
2013.05.20 06:14:27.284,1.56006,1.5603,1.88,1.50
2013.05.20 06:14:27.794,1.56006,1.5603,1.13,1.50
2013.05.20 06:14:33.804,1.56006,1.5603,1.28,1.50
2013.05.20 06:14:34.337,1.56005,1.5603,1.28,1.50
2013.05.20 06:14:39.693,1.56006,1.5603,1.13,1.69
2013.05.20 06:14:40.099,1.56004,1.56028,1.88,1.50
2013.05.20 06:14:40.405,1.56006,1.56029,1.13,2.25
2013.05.20 06:14:40.464,1.56012,1.56029,1.50,1.50
2013.05.20 06:14:40.524,1.56013,1.56035,1.13,1.50
2013.05.20 06:14:40.766,1.56017,1.56041,1.65,1.13
2013.05.20 06:14:40.895,1.5602,1.56041,1.13,1.13
2013.05.20 06:14:40.955,1.5602,1.56046,1.88,1.13
2013.05.20 06:14:41.025,1.56022,1.56047,3.15,1.32
2013.05.20 06:14:41.085,1.56022,1.56047,3.15,1.32
2013.05.20 06:14:41.444,1.56025,1.56049,1.13,1.69
2013.05.20 06:14:42.615,1.56025,1.5605,1.28,1.50
2013.05.20 06:14:42.864,1.56026,1.56053,2.03,2.25
2013.05.20 06:14:42.929,1.56026,1.56053,2.03,2.25
2013.05.20 06:14:43.234,1.56026,1.56047,1.13,1.50
2013.05.20 06:14:43.594,1.56026,1.56047,1.13,1.50
2013.05.20 06:14:43.654,1.56022,1.56047,1.80,1.50
2013.05.20 06:14:43.834,1.56018,1.56039,1.80,1.50
2013.05.20 06:14:43.894,1.56015,1.56039,1.05,1.50
2013.05.20 06:14:43.953,1.56015,1.56039,1.05,1.50
2013.05.20 06:14:44.255,1.56012,1.56032,1.88,1.69
2013.05.20 06:14:44.493,1.56012,1.56032,1.13,2.44
2013.05.20 06:14:44.854,1.5601,1.5603,1.13,1.50
2013.05.20 06:14:45.396,1.56009,1.56031,1.28,3.00
2013.05.20 06:14:49.364,1.56011,1.56032,1.13,1.69
2013.05.20 06:14:50.424,1.56011,1.56032,1.13,1.50
2013.05.20 06:14:50.545,1.56011,1.56032,1.13,1.50
2013.05.20 06:14:52.754,1.56011,1.56036,1.13,1.69
2013.05.20 06:14:53.139,1.56013,1.56037,1.13,2.44
2013.05.20 06:14:53.504,1.56016,1.56038,1.13,1.13
2013.05.20 06:14:53.805,1.56025,1.56043,1.80,1.50
2013.05.20 06:14:53.866,1.56025,1.56047,1.80,2.07
2013.05.20 06:14:54.055,1.56028,1.56047,1.65,1.13
2013.05.20 06:14:54.595,1.56032,1.56047,1.69,1.13
2013.05.20 06:14:54.715,1.56026,1.56047,1.80,1.13
2013.05.20 06:14:54.848,1.56025,1.56045,1.32,1.69
2013.05.20 06:14:55.155,1.56025,1.56042,1.32,1.88
2013.05.20 06:14:56.292,1.56024,1.56047,2.07,1.13
2013.05.20 06:14:56.831,1.56024,1.56051,2.07,2.63
2013.05.20 06:14:56.953,1.56025,1.56047,1.32,1.13
2013.05.20 06:14:57.723,1.56025,1.56051,1.32,1.88
2013.05.20 06:14:57.967,1.56025,1.56047,1.32,1.13
2013.05.20 06:14:58.297,1.56025,1.56045,1.32,1.50
2013.05.20 06:14:58.663,1.56025,1.56046,1.32,3.00
2013.05.20 06:14:58.903,1.56025,1.56046,1.09,1.50
2013.05.20 06:14:58.964,1.56025,1.56046,1.09,2.25
2013.05.20 06:14:59.505,1.56023,1.56047,1.09,1.50
2013.05.20 06:14:59.746,1.56023,1.56047,1.09,1.50
2013.05.20 06:14:59.935,1.56023,1.56047,1.09,1.50
2013.05.20 06:15:02.728,1.56023,1.56047,1.09,1.50
2013.05.20 06:15:03.273,1.56022,1.56047,1.32,1.50
2013.05.20 06:15:03.613,1.56022,1.56048,2.07,1.13
2013.05.20 06:15:05.905,1.56021,1.56045,1.69,1.50
2013.05.20 06:15:06.083,1.56019,1.56044,3.19,1.50
2013.05.20 06:15:09.053,1.56021,1.56044,1.32,1.50
2013.05.20 06:15:09.533,1.5602,1.56047,2.59,3.72
2013.05.20 06:15:09.653,1.56022,1.56047,1.32,3.19
2013.05.20 06:15:12.145,1.56022,1.56045,1.32,1.69
2013.05.20 06:15:12.205,1.56028,1.56046,1.13,1.69
2013.05.20 06:15:12.346,1.56032,1.5605,1.13,1.69
2013.05.20 06:15:12.475,1.56031,1.56051,1.13,2.44
2013.05.20 06:15:12.654,1.5603,1.56052,1.05,1.69
2013.05.20 06:15:13.255,1.56028,1.5605,1.13,1.69
2013.05.20 06:15:19.264,1.56028,1.56053,2.63,1.50
2013.05.20 06:15:19.444,1.56034,1.56058,1.65,1.13
2013.05.20 06:15:19.564,1.56036,1.56061,1.50,2.07
2013.05.20 06:15:19.624,1.56042,1.56061,1.13,1.32
2013.05.20 06:15:20.125,1.56042,1.56063,1.88,2.25
2013.05.20 06:15:21.116,1.56042,1.56061,1.13,1.50
2013.05.20 06:15:26.005,1.56041,1.5606,1.28,3.00
2013.05.20 06:15:27.766,1.56041,1.5606,1.28,1.50
2013.05.20 06:15:28.407,1.56041,1.5606,1.28,2.25
2013.05.20 06:15:30.524,1.56041,1.56059,1.13,1.69
2013.05.20 06:15:30.584,1.56037,1.56056,1.65,2.25
2013.05.20 06:15:31.064,1.56036,1.56057,1.13,1.50
2013.05.20 06:15:33.989,1.56036,1.56057,1.13,1.50
2013.05.20 06:15:34.059,1.56036,1.56056,1.13,1.50
2013.05.20 06:15:37.074,1.56033,1.56056,1.65,2.25
2013.05.20 06:15:37.278,1.56029,1.56054,1.80,1.50
2013.05.20 06:15:37.346,1.56027,1.56051,2.40,1.50
2013.05.20 06:15:37.998,1.56027,1.56048,1.28,1.50
2013.05.20 06:15:38.583,1.56027,1.56047,1.28,1.50
2013.05.20 06:15:39.235,1.56027,1.56047,1.28,1.50
2013.05.20 06:15:39.893,1.56027,1.56047,1.28,1.50
2013.05.20 06:15:40.426,1.56027,1.56047,1.28,1.50
2013.05.20 06:15:42.223,1.56026,1.5605,2.03,1.50
2013.05.20 06:15:42.730,1.56026,1.5605,2.78,1.50
2013.05.20 06:15:42.984,1.56026,1.5605,2.78,1.50
2013.05.20 06:15:43.656,1.56026,1.56052,2.78,2.25
2013.05.20 06:15:44.064,1.56026,1.5605,2.03,1.50
2013.05.20 06:15:44.725,1.56025,1.5605,1.05,1.50
2013.05.20 06:15:44.904,1.56022,1.56047,3.19,1.50
2013.05.20 06:15:45.204,1.56024,1.56047,1.13,1.50
2013.05.20 06:15:51.225,1.56022,1.56046,1.28,2.25
2013.05.20 06:15:51.294,1.56021,1.56046,1.65,2.25
2013.05.20 06:15:51.778,1.5602,1.56044,2.25,2.25
2013.05.20 06:15:53.206,1.5602,1.56042,1.13,1.50
2013.05.20 06:15:53.514,1.5602,1.56039,1.13,1.50
2013.05.20 06:15:53.575,1.56018,1.56037,1.13,1.50
2013.05.20 06:15:53.814,1.56018,1.56034,1.13,2.25
2013.05.20 06:15:53.993,1.56009,1.56029,1.13,1.50
2013.05.20 06:15:54.234,1.56008,1.56027,1.13,1.50
2013.05.20 06:15:54.415,1.56,1.56024,1.88,2.03
2013.05.20 06:15:55.051,1.55999,1.56024,1.13,1.28
2013.05.20 06:15:55.667,1.55998,1.56023,1.88,1.88
2013.05.20 06:15:56.324,1.55998,1.56023,1.50,1.13
2013.05.20 06:15:57.463,1.55998,1.56023,1.50,1.88
2013.05.20 06:15:57.824,1.55995,1.56018,1.32,1.65
2013.05.20 06:15:58.323,1.55995,1.56023,1.28,3.72
2013.05.20 06:15:58.564,1.55997,1.56023,1.50,1.32
2013.05.20 06:15:58.865,1.55999,1.56021,1.50,2.25
2013.05.20 06:15:58.995,1.55997,1.56019,1.50,1.28
2013.05.20 06:15:59.066,1.55993,1.56018,1.50,1.50
2013.05.20 06:15:59.137,1.55997,1.56021,1.50,1.65
2013.05.20 06:15:59.264,1.55999,1.56021,1.50,1.50
2013.05.20 06:15:59.895,1.55999,1.56025,1.50,1.65
2013.05.20 06:16:00.243,1.55999,1.56023,1.50,1.13
2013.05.20 06:16:00.947,1.55998,1.56022,1.65,1.50
2013.05.20 06:16:01.134,1.55998,1.56023,2.40,1.50
2013.05.20 06:16:01.924,1.55996,1.56022,2.25,1.50
2013.05.20 06:16:02.165,1.55994,1.56021,1.09,2.40
2013.05.20 06:16:02.283,1.55992,1.56019,2.44,1.50
2013.05.20 06:16:03.004,1.55994,1.56019,2.25,1.65
2013.05.20 06:16:03.324,1.55997,1.56025,2.40,1.50
2013.05.20 06:16:03.816,1.56001,1.56027,1.50,1.09
2013.05.20 06:16:04.123,1.56001,1.56027,1.50,1.09
2013.05.20 06:16:05.265,1.56002,1.56027,1.65,1.32
2013.05.20 06:16:05.573,1.56002,1.56026,2.25,1.65
2013.05.20 06:16:05.633,1.56002,1.56027,2.25,1.47
2013.05.20 06:16:05.756,1.55998,1.56026,2.40,1.65
2013.05.20 06:16:05.957,1.55998,1.56025,1.65,1.50
2013.05.20 06:16:06.094,1.55995,1.56023,2.63,3.00
2013.05.20 06:16:06.156,1.55995,1.56023,1.13,3.00
2013.05.20 06:16:06.483,1.55994,1.56023,2.97,3.15
2013.05.20 06:16:07.934,1.55994,1.56021,1.65,1.09
2013.05.20 06:16:08.001,1.55993,1.56021,1.65,1.09
2013.05.20 06:16:08.245,1.55994,1.56019,2.59,1.50
2013.05.20 06:16:08.555,1.56,1.56025,2.40,1.50
2013.05.20 06:16:09.034,1.55998,1.56023,1.50,1.50
2013.05.20 06:16:09.215,1.55996,1.5602,1.09,1.50
2013.05.20 06:16:09.277,1.55995,1.56019,1.13,1.50
2013.05.20 06:16:09.346,1.55994,1.56019,1.50,1.50
2013.05.20 06:16:09.417,1.55994,1.56019,1.13,1.50
2013.05.20 06:16:09.667,1.55991,1.56016,1.50,1.65
2013.05.20 06:16:10.155,1.55987,1.56016,1.65,2.40
2013.05.20 06:16:10.215,1.55987,1.56014,1.50,1.65
2013.05.20 06:16:10.522,1.55989,1.56013,1.50,1.65
2013.05.20 06:16:10.826,1.55994,1.56013,1.50,1.65
2013.05.20 06:16:11.145,1.55995,1.56014,1.50,1.65
2013.05.20 06:16:11.394,1.55988,1.56014,1.50,1.65
2013.05.20 06:16:11.576,1.55985,1.56012,1.69,1.65
2013.05.20 06:16:12.110,1.55985,1.5601,2.07,1.50
2013.05.20 06:16:12.233,1.55985,1.56012,2.07,1.65
2013.05.20 06:16:12.790,1.55988,1.56014,1.50,2.40
2013.05.20 06:16:12.915,1.55986,1.56013,1.65,1.50
2013.05.20 06:16:13.176,1.55986,1.56013,2.03,1.50
2013.05.20 06:16:13.624,1.55988,1.56015,1.69,1.65
2013.05.20 06:16:13.877,1.55991,1.56017,1.50,1.65
2013.05.20 06:16:14.385,1.55991,1.56018,2.25,2.03
2013.05.20 06:16:14.725,1.5599,1.56017,1.50,2.40
2013.05.20 06:16:15.274,1.5599,1.56017,1.50,2.40
2013.05.20 06:16:15.654,1.55988,1.56016,1.69,1.65
2013.05.20 06:16:16.134,1.5599,1.56018,1.50,2.40
2013.05.20 06:16:16.436,1.55993,1.56018,1.28,1.50
2013.05.20 06:16:16.745,1.56002,1.56025,1.65,2.07
2013.05.20 06:16:17.055,1.56004,1.56027,1.65,1.13
2013.05.20 06:16:17.650,1.56004,1.56028,1.13,2.25
2013.05.20 06:16:17.727,1.56004,1.56028,1.13,2.25
2013.05.20 06:16:18.414,1.56003,1.56028,1.28,2.25
2013.05.20 06:16:18.933,1.56002,1.56026,1.65,2.25
2013.05.20 06:16:19.514,1.56001,1.56027,1.32,1.50
2013.05.20 06:16:20.055,1.56001,1.56029,1.32,2.25
2013.05.20 06:16:20.116,1.56001,1.56026,1.32,1.50
2013.05.20 06:16:20.515,1.55999,1.56024,1.13,1.50
2013.05.20 06:16:21.054,1.55999,1.56022,1.13,1.50
2013.05.20 06:16:21.557,1.56003,1.56023,1.50,1.50
2013.05.20 06:16:21.629,1.56003,1.56025,1.50,1.50
2013.05.20 06:16:21.873,1.56,1.56025,1.13,1.50
2013.05.20 06:16:22.068,1.55999,1.56025,1.50,1.50
2013.05.20 06:16:22.136,1.55999,1.56024,1.50,1.50
2013.05.20 06:16:22.443,1.55999,1.56022,1.50,2.25
2013.05.20 06:16:23.054,1.56,1.56022,1.13,1.50
2013.05.20 06:16:23.334,1.56,1.56025,1.13,1.50
2013.05.20 06:16:24.997,1.56,1.56023,1.13,1.50
2013.05.20 06:16:25.507,1.55999,1.56017,1.13,1.50
2013.05.20 06:16:25.578,1.55993,1.56016,1.88,1.50
2013.05.20 06:16:25.764,1.55993,1.56017,1.88,1.50
2013.05.20 06:16:25.823,1.55993,1.56017,1.13,1.50
2013.05.20 06:16:26.605,1.55993,1.56017,1.88,1.50
2013.05.20 06:16:27.405,1.55998,1.56017,1.13,1.50
2013.05.20 06:16:27.656,1.55999,1.56021,1.28,1.69
2013.05.20 06:16:28.213,1.55999,1.56021,1.13,1.69
2013.05.20 06:16:28.453,1.55999,1.56022,1.88,2.44
2013.05.20 06:16:28.695,1.56002,1.56029,1.28,2.25
2013.05.20 06:16:28.994,1.56002,1.56028,1.05,2.25
2013.05.20 06:16:29.053,1.56002,1.56027,1.05,1.50
2013.05.20 06:16:29.114,1.56002,1.56028,1.65,2.25
2013.05.20 06:16:29.234,1.56001,1.56027,1.13,1.50
2013.05.20 06:16:29.933,1.56002,1.56027,1.65,2.25
2013.05.20 06:16:30.790,1.56005,1.56027,1.50,2.25
2013.05.20 06:16:31.285,1.56003,1.56024,1.65,1.50
2013.05.20 06:16:31.824,1.56003,1.56022,1.50,1.50
2013.05.20 06:16:32.465,1.56,1.56022,1.50,1.65
2013.05.20 06:16:32.584,1.56,1.5602,1.50,1.50
2013.05.20 06:16:32.763,1.55996,1.56019,1.69,1.50
2013.05.20 06:16:33.544,1.55994,1.56021,2.59,1.50
2013.05.20 06:16:33.634,1.55994,1.56022,2.59,1.50
2013.05.20 06:16:34.136,1.56,1.56021,1.50,1.50
2013.05.20 06:16:40.023,1.55999,1.56025,1.65,1.13
2013.05.20 06:16:40.527,1.56,1.56024,1.65,1.50
2013.05.20 06:16:45.207,1.55997,1.56024,1.65,1.50
2013.05.20 06:16:45.393,1.55996,1.56023,2.44,1.50
2013.05.20 06:16:47.493,1.55999,1.5602,1.65,1.50
2013.05.20 06:16:47.794,1.55991,1.56014,1.69,3.15
2013.05.20 06:16:47.866,1.55988,1.56013,2.25,1.65
2013.05.20 06:16:48.239,1.55986,1.56012,1.13,1.65
2013.05.20 06:16:48.423,1.5599,1.56014,1.65,1.50
2013.05.20 06:16:48.664,1.55991,1.56016,1.50,1.50
2013.05.20 06:16:49.574,1.55989,1.56014,2.03,1.50
2013.05.20 06:16:49.933,1.55993,1.56015,1.88,1.13
2013.05.20 06:16:49.993,1.55994,1.56015,1.65,1.13
2013.05.20 06:16:50.426,1.55994,1.56014,1.28,1.50
2013.05.20 06:16:51.094,1.55994,1.5602,1.28,1.50
2013.05.20 06:16:51.155,1.55994,1.56021,1.28,1.50
2013.05.20 06:16:51.694,1.55995,1.56022,1.65,1.28
2013.05.20 06:16:51.753,1.55996,1.56024,1.50,3.53
2013.05.20 06:16:51.934,1.55997,1.56022,1.50,1.28
2013.05.20 06:16:52.236,1.55999,1.56026,1.88,1.50
2013.05.20 06:16:52.308,1.56002,1.56028,1.28,2.82
2013.05.20 06:16:52.555,1.56003,1.56028,2.25,1.13
2013.05.20 06:16:52.855,1.56002,1.56028,1.65,1.13
2013.05.20 06:16:53.158,1.56002,1.56028,1.65,3.38
2013.05.20 06:16:53.405,1.55996,1.5602,2.25,1.28
2013.05.20 06:16:53.524,1.55996,1.5602,2.63,1.13
2013.05.20 06:16:53.825,1.56001,1.56025,1.65,1.50
2013.05.20 06:16:54.363,1.56002,1.56029,1.65,2.25
2013.05.20 06:16:55.404,1.56003,1.56029,1.80,3.00
2013.05.20 06:16:55.943,1.56004,1.56031,1.43,2.40
2013.05.20 06:16:56.233,1.56004,1.56031,1.65,2.25
2013.05.20 06:16:56.474,1.56004,1.56028,1.50,1.50
2013.05.20 06:16:56.594,1.56002,1.56028,1.69,2.03
2013.05.20 06:16:56.715,1.55998,1.56024,2.07,1.65
2013.05.20 06:16:56.893,1.55998,1.56024,1.32,1.65
2013.05.20 06:16:57.035,1.55998,1.56024,1.32,1.50
2013.05.20 06:16:57.514,1.55997,1.56024,2.44,1.50
2013.05.20 06:16:57.913,1.55998,1.56022,1.32,1.50
2013.05.20 06:16:59.566,1.55997,1.56024,1.69,1.50
2013.05.20 06:16:59.753,1.55998,1.56022,1.69,1.50
2013.05.20 06:17:00.574,1.55996,1.56019,1.13,1.50
2013.05.20 06:17:00.633,1.55996,1.56019,1.13,2.25
2013.05.20 06:17:00.695,1.55992,1.56019,2.44,3.15
2013.05.20 06:17:00.934,1.55991,1.56016,1.88,1.50
2013.05.20 06:17:01.487,1.55988,1.56014,1.88,1.50
2013.05.20 06:17:01.944,1.55988,1.56012,1.13,1.50
2013.05.20 06:17:02.005,1.55986,1.56012,2.07,1.50
2013.05.20 06:17:02.184,1.55985,1.56013,2.25,2.25
2013.05.20 06:17:02.544,1.55985,1.56013,2.25,1.50
2013.05.20 06:17:03.144,1.55987,1.56014,1.50,2.25
2013.05.20 06:17:03.694,1.55988,1.56016,3.19,3.00
2013.05.20 06:17:03.755,1.55989,1.56016,1.50,3.00
2013.05.20 06:17:04.293,1.55989,1.56017,2.25,1.50
2013.05.20 06:17:05.335,1.55992,1.56018,1.88,1.50
2013.05.20 06:17:05.645,1.56001,1.56025,1.50,1.50
2013.05.20 06:17:06.294,1.56003,1.56027,1.50,1.50
2013.05.20 06:17:06.413,1.56003,1.56028,1.50,1.50
2013.05.20 06:17:07.334,1.56003,1.56029,2.25,1.50
2013.05.20 06:17:07.900,1.56002,1.56028,2.25,1.50
2013.05.20 06:17:08.238,1.56003,1.56029,1.50,2.25
2013.05.20 06:17:08.305,1.56002,1.56029,1.50,2.25
2013.05.20 06:17:08.365,1.56002,1.56028,1.50,1.50
2013.05.20 06:17:08.545,1.55999,1.56026,1.69,1.50
2013.05.20 06:17:10.287,1.56,1.56027,1.50,1.50
2013.05.20 06:17:10.804,1.55998,1.56026,1.69,1.50
2013.05.20 06:17:11.365,1.55996,1.56024,2.44,1.50
2013.05.20 06:17:11.735,1.56,1.56025,1.50,1.50
2013.05.20 06:17:11.914,1.55999,1.56027,1.50,1.50
2013.05.20 06:17:12.154,1.55999,1.56028,1.50,2.25
2013.05.20 06:17:12.333,1.55999,1.56028,1.50,3.75
2013.05.20 06:17:12.634,1.56002,1.56027,1.13,1.50
2013.05.20 06:17:12.874,1.56002,1.56028,1.13,1.50
2013.05.20 06:17:12.994,1.56003,1.5603,1.50,3.00
2013.05.20 06:17:14.163,1.56005,1.5603,1.50,1.69
2013.05.20 06:17:14.225,1.56002,1.5603,1.88,1.69
2013.05.20 06:17:16.051,1.56002,1.56031,1.88,2.44
2013.05.20 06:17:16.354,1.56002,1.5603,2.82,1.69
2013.05.20 06:17:16.898,1.56002,1.5603,2.82,1.69
2013.05.20 06:17:17.295,1.56004,1.56031,1.69,2.25
2013.05.20 06:17:17.355,1.56007,1.56033,1.69,1.47
2013.05.20 06:17:18.863,1.56007,1.56032,1.69,1.09
2013.05.20 06:17:19.833,1.56004,1.56028,1.69,1.50
2013.05.20 06:17:19.894,1.56003,1.56028,1.32,1.09
2013.05.20 06:17:20.135,1.56002,1.56025,1.69,1.13
2013.05.20 06:17:20.385,1.56001,1.56024,2.44,1.13
2013.05.20 06:17:20.686,1.56004,1.56029,1.50,3.19
2013.05.20 06:17:21.233,1.56006,1.56028,1.50,1.69
2013.05.20 06:17:21.727,1.56008,1.56033,1.50,5.82
2013.05.20 06:17:21.795,1.56009,1.56033,1.69,3.38
2013.05.20 06:17:21.915,1.56011,1.56033,2.25,1.13
2013.05.20 06:17:22.241,1.56013,1.56035,2.25,1.32
2013.05.20 06:17:22.424,1.56013,1.56035,1.50,1.32
2013.05.20 06:17:22.723,1.56013,1.56038,1.50,1.69
2013.05.20 06:17:23.063,1.56016,1.56038,1.50,1.69
2013.05.20 06:17:24.055,1.56016,1.56041,1.50,1.32
2013.05.20 06:17:27.214,1.56016,1.56041,2.25,1.69
2013.05.20 06:17:27.393,1.56016,1.56038,1.50,1.13
2013.05.20 06:17:27.454,1.56016,1.56038,1.50,1.13
2013.05.20 06:17:27.695,1.56013,1.56039,3.19,1.88
2013.05.20 06:17:27.824,1.56013,1.56039,3.94,2.03
2013.05.20 06:17:28.364,1.56011,1.56036,2.44,1.65
2013.05.20 06:17:29.294,1.56013,1.56036,2.44,1.50
2013.05.20 06:17:29.354,1.56014,1.56039,1.69,2.25
2013.05.20 06:17:29.416,1.56014,1.56039,2.44,2.63
2013.05.20 06:17:29.723,1.56016,1.56041,1.50,3.19
2013.05.20 06:17:29.787,1.56016,1.56041,1.50,3.19
2013.05.20 06:17:30.645,1.56016,1.56039,2.25,1.50
2013.05.20 06:17:32.163,1.56022,1.56041,1.50,1.32
2013.05.20 06:17:32.497,1.56026,1.56049,1.50,2.07
2013.05.20 06:17:32.804,1.56026,1.56049,1.50,1.69
2013.05.20 06:17:34.606,1.56026,1.56046,1.50,1.69
2013.05.20 06:17:34.736,1.56023,1.56039,1.50,1.13
2013.05.20 06:17:34.925,1.56016,1.56039,2.25,1.09
2013.05.20 06:17:35.285,1.56016,1.5604,2.25,1.47
2013.05.20 06:17:35.417,1.5602,1.56042,1.50,1.09
2013.05.20 06:17:35.484,1.56019,1.56042,1.50,1.09
2013.05.20 06:17:35.545,1.56015,1.56042,1.50,1.84
2013.05.20 06:17:35.604,1.56014,1.56039,2.44,1.69
2013.05.20 06:17:35.915,1.56011,1.56036,1.13,2.44
2013.05.20 06:17:36.422,1.56009,1.56034,1.32,1.69
2013.05.20 06:17:38.693,1.56008,1.56033,2.82,1.69
2013.05.20 06:17:40.514,1.5601,1.56033,1.13,3.19
2013.05.20 06:17:40.754,1.56008,1.56033,2.07,3.19
2013.05.20 06:17:42.977,1.56011,1.56033,1.13,1.69
2013.05.20 06:17:43.390,1.56007,1.5603,2.59,1.50
2013.05.20 06:17:43.934,1.56007,1.5603,2.59,1.50
2013.05.20 06:17:47.350,1.56007,1.5603,1.09,1.50
2013.05.20 06:17:50.194,1.56007,1.56029,1.32,1.50
2013.05.20 06:17:50.504,1.56006,1.56027,1.69,1.13
2013.05.20 06:17:50.863,1.56004,1.56028,1.69,1.13
2013.05.20 06:17:51.046,1.56005,1.56025,3.19,1.13
2013.05.20 06:17:51.175,1.56005,1.56028,1.69,1.13
2013.05.20 06:17:51.354,1.56002,1.56028,2.44,1.32
2013.05.20 06:17:51.906,1.56003,1.56027,2.44,1.69
2013.05.20 06:17:52.397,1.56005,1.56029,1.50,1.84
2013.05.20 06:17:52.926,1.56006,1.56029,1.50,1.09
2013.05.20 06:17:53.906,1.56006,1.5603,1.69,1.65
2013.05.20 06:17:56.626,1.56005,1.56029,3.94,1.13
2013.05.20 06:17:58.733,1.56006,1.5603,2.44,1.05
2013.05.20 06:18:00.356,1.56008,1.56033,1.69,1.28
2013.05.20 06:18:00.826,1.56015,1.56036,1.50,1.32
2013.05.20 06:18:01.014,1.56017,1.56042,1.69,1.84
2013.05.20 06:18:01.136,1.56018,1.5604,1.50,1.09
2013.05.20 06:18:01.444,1.56018,1.56042,1.50,1.84
2013.05.20 06:18:01.505,1.56018,1.56042,1.50,2.44
2013.05.20 06:18:01.806,1.56017,1.5604,1.69,1.09
2013.05.20 06:18:01.925,1.56015,1.56039,2.44,1.88
2013.05.20 06:18:02.089,1.56014,1.56038,1.69,1.09
2013.05.20 06:18:02.285,1.56011,1.56035,1.50,1.09
2013.05.20 06:18:02.833,1.5601,1.56035,1.69,1.09
2013.05.20 06:18:04.544,1.5601,1.56035,1.50,1.84
2013.05.20 06:18:07.917,1.56012,1.56035,1.50,1.84
2013.05.20 06:18:07.987,1.56013,1.56036,1.50,1.65
2013.05.20 06:18:08.114,1.56013,1.56036,1.50,1.65
2013.05.20 06:18:08.235,1.56013,1.56036,1.50,1.50
2013.05.20 06:18:08.479,1.56013,1.56037,1.50,1.09
2013.05.20 06:18:08.984,1.56012,1.56037,1.69,1.09
2013.05.20 06:18:10.315,1.56012,1.56036,1.69,1.65
2013.05.20 06:18:10.455,1.56008,1.56033,1.69,1.69
2013.05.20 06:18:10.763,1.56007,1.56033,2.07,1.47
2013.05.20 06:18:11.144,1.56006,1.56029,1.69,2.03
2013.05.20 06:18:11.385,1.55999,1.56026,1.69,1.65
2013.05.20 06:18:11.506,1.55997,1.56024,2.22,1.69
2013.05.20 06:18:12.192,1.55998,1.56022,1.69,1.32
2013.05.20 06:18:16.884,1.56,1.56026,2.25,1.84
2013.05.20 06:18:17.004,1.56002,1.56026,1.50,1.84
2013.05.20 06:18:18.118,1.56,1.56026,1.50,1.09
2013.05.20 06:18:18.247,1.56003,1.56028,1.50,1.84
2013.05.20 06:18:18.315,1.56005,1.56031,2.44,2.59
2013.05.20 06:18:18.375,1.56007,1.56031,1.50,1.84
2013.05.20 06:18:18.676,1.56012,1.56036,3.00,2.07
2013.05.20 06:18:18.984,1.56016,1.56038,1.50,1.32
2013.05.20 06:18:20.800,1.56016,1.5604,1.50,1.09
2013.05.20 06:18:23.324,1.56015,1.5604,1.50,1.09
2013.05.20 06:18:24.155,1.56012,1.56037,1.50,1.09
2013.05.20 06:18:24.226,1.56012,1.56037,2.25,1.09
2013.05.20 06:18:24.754,1.5601,1.56036,1.69,1.09
2013.05.20 06:18:25.387,1.56007,1.56033,3.19,1.69
2013.05.20 06:18:28.135,1.56013,1.56033,1.50,1.69
2013.05.20 06:18:35.925,1.56008,1.56033,1.50,1.32
2013.05.20 06:18:36.049,1.56007,1.56031,1.09,1.69
2013.05.20 06:18:36.115,1.56007,1.56031,1.09,1.69
2013.05.20 06:18:36.670,1.56007,1.56028,1.09,1.13
2013.05.20 06:18:36.848,1.56004,1.56025,1.28,1.69
2013.05.20 06:18:36.918,1.55999,1.5602,2.03,1.69
2013.05.20 06:18:37.934,1.55995,1.5602,1.09,2.44
2013.05.20 06:18:38.053,1.55995,1.5602,1.09,2.44
2013.05.20 06:18:38.354,1.55997,1.56021,1.50,1.69
2013.05.20 06:18:38.474,1.55997,1.56021,1.50,1.69
2013.05.20 06:18:39.015,1.55997,1.56021,1.50,1.69
2013.05.20 06:18:39.455,1.55997,1.56021,1.50,1.69
2013.05.20 06:18:39.874,1.55997,1.56021,1.50,1.69
2013.05.20 06:18:44.105,1.55997,1.56021,1.50,2.07
2013.05.20 06:18:45.824,1.55997,1.56019,1.50,1.69
2013.05.20 06:18:46.274,1.55997,1.56019,1.50,1.69
2013.05.20 06:18:46.554,1.55997,1.56019,1.50,1.69
2013.05.20 06:18:48.784,1.55997,1.56019,1.50,1.69
2013.05.20 06:18:50.741,1.55995,1.56019,1.65,1.69
2013.05.20 06:18:53.384,1.55996,1.56021,1.09,2.82
2013.05.20 06:18:53.624,1.55999,1.56021,1.65,1.69
2013.05.20 06:18:54.564,1.55999,1.56021,1.65,1.69
2013.05.20 06:18:54.924,1.55999,1.56022,1.65,1.69
2013.05.20 06:18:55.409,1.56004,1.56022,1.13,1.69
2013.05.20 06:18:55.477,1.56004,1.56024,1.13,1.69
2013.05.20 06:18:55.673,1.56007,1.56029,1.13,2.82
2013.05.20 06:18:55.797,1.56009,1.56029,1.88,1.13
2013.05.20 06:18:56.224,1.56012,1.56034,1.50,1.69
2013.05.20 06:18:57.394,1.56012,1.56034,1.50,1.69
2013.05.20 06:18:57.946,1.56013,1.56033,1.50,1.69
2013.05.20 06:18:58.016,1.56013,1.56033,1.50,1.69
2013.05.20 06:18:58.264,1.56009,1.56033,2.07,2.44
2013.05.20 06:18:58.324,1.56009,1.56033,2.07,2.44
2013.05.20 06:18:58.568,1.56006,1.56031,1.32,1.50
2013.05.20 06:18:58.635,1.56006,1.56029,1.13,1.69
2013.05.20 06:18:59.012,1.56003,1.56026,1.13,1.69
2013.05.20 06:18:59.516,1.56002,1.56028,2.97,2.44
2013.05.20 06:18:59.893,1.55998,1.56023,1.50,1.69
2013.05.20 06:19:00.194,1.55993,1.56017,1.69,1.13
2013.05.20 06:19:00.734,1.55993,1.56017,1.69,1.13
2013.05.20 06:19:02.184,1.55995,1.56017,1.84,1.13
2013.05.20 06:19:02.245,1.55997,1.56018,1.13,3.19
2013.05.20 06:19:02.304,1.55997,1.56018,1.88,3.19
2013.05.20 06:19:03.506,1.55998,1.56018,1.88,1.69
2013.05.20 06:19:04.844,1.56,1.56018,1.13,1.69
2013.05.20 06:19:05.145,1.55998,1.56018,1.50,1.69
2013.05.20 06:19:05.204,1.55998,1.56018,1.50,1.69
2013.05.20 06:19:05.563,1.55998,1.56018,1.50,1.69
2013.05.20 06:19:05.914,1.55998,1.56018,1.50,1.69
2013.05.20 06:19:07.353,1.55998,1.56021,1.50,1.69
2013.05.20 06:19:07.745,1.55998,1.56023,1.50,1.09
2013.05.20 06:19:08.414,1.56001,1.56026,3.30,1.69
2013.05.20 06:19:08.475,1.56003,1.56027,1.32,2.07
2013.05.20 06:19:08.654,1.56006,1.56027,1.13,1.32
2013.05.20 06:19:09.014,1.56007,1.56029,2.63,1.69
2013.05.20 06:19:09.444,1.56009,1.56029,1.50,1.69
2013.05.20 06:19:12.884,1.56011,1.56032,1.50,1.09
2013.05.20 06:19:13.705,1.56011,1.56032,1.50,1.32
2013.05.20 06:19:13.886,1.56008,1.56031,1.50,1.32
2013.05.20 06:19:14.255,1.56005,1.5603,1.69,2.40
2013.05.20 06:19:14.315,1.56003,1.56027,1.50,1.69
2013.05.20 06:19:14.524,1.56001,1.56027,2.22,1.69
2013.05.20 06:19:14.583,1.56002,1.56027,1.65,1.69
2013.05.20 06:19:14.885,1.56002,1.56027,1.65,1.69
2013.05.20 06:19:15.188,1.56002,1.56027,1.65,1.69
2013.05.20 06:19:15.374,1.56002,1.56027,1.65,1.69
2013.05.20 06:19:16.355,1.56003,1.56027,1.50,1.69
2013.05.20 06:19:16.732,1.56001,1.56024,1.28,2.44
2013.05.20 06:19:22.224,1.56001,1.56025,1.88,1.69
2013.05.20 06:19:25.065,1.56004,1.56023,1.50,1.69
2013.05.20 06:19:25.304,1.55997,1.56022,1.84,1.32
2013.05.20 06:19:26.850,1.55997,1.56022,1.84,2.07
2013.05.20 06:19:29.154,1.55997,1.56022,1.84,1.69
2013.05.20 06:19:31.904,1.55997,1.56022,1.65,1.69
2013.05.20 06:19:32.464,1.55997,1.56024,1.65,3.72
2013.05.20 06:19:32.674,1.55997,1.56023,1.65,1.69
2013.05.20 06:19:36.303,1.55997,1.56023,1.84,1.69
2013.05.20 06:19:37.887,1.55997,1.56021,1.84,1.69
2013.05.20 06:19:38.460,1.56001,1.56023,1.50,1.69
2013.05.20 06:19:38.550,1.56001,1.56025,2.25,1.69
2013.05.20 06:19:38.616,1.56002,1.56025,1.50,1.84
2013.05.20 06:19:38.956,1.56017,1.5603,1.50,1.24
2013.05.20 06:19:39.027,1.56018,1.56033,1.13,1.50
2013.05.20 06:19:39.335,1.56021,1.56042,1.28,1.69
2013.05.20 06:19:39.635,1.56022,1.56043,2.40,1.32
2013.05.20 06:19:39.886,1.56018,1.56043,1.13,1.32
2013.05.20 06:19:40.355,1.5602,1.56043,1.13,1.32
2013.05.20 06:19:40.426,1.5602,1.56043,1.13,1.32
2013.05.20 06:19:40.555,1.56023,1.56046,1.50,1.69
2013.05.20 06:19:40.676,1.56023,1.56047,1.50,1.69
2013.05.20 06:19:41.804,1.56022,1.56048,1.65,2.82
2013.05.20 06:19:41.865,1.56022,1.56046,2.40,1.69
2013.05.20 06:19:45.413,1.56022,1.56043,1.65,1.69
2013.05.20 06:19:45.964,1.5602,1.56043,1.13,3.19
2013.05.20 06:19:46.336,1.56017,1.56042,2.40,1.69
2013.05.20 06:19:46.405,1.56017,1.5604,2.40,1.69
2013.05.20 06:19:46.465,1.56015,1.56038,1.13,1.69
2013.05.20 06:19:46.715,1.56011,1.56036,1.13,1.69
2013.05.20 06:19:46.835,1.56008,1.56034,2.25,1.69
2013.05.20 06:19:46.894,1.56008,1.56032,1.88,1.69
2013.05.20 06:19:47.135,1.56006,1.56033,1.65,2.44
2013.05.20 06:19:47.194,1.56006,1.56031,1.65,1.69
2013.05.20 06:19:47.435,1.56009,1.56031,1.13,1.69
2013.05.20 06:19:47.495,1.56008,1.56035,1.28,1.69
2013.05.20 06:19:47.845,1.5601,1.56035,1.13,1.69
2013.05.20 06:19:48.164,1.5601,1.56035,1.13,1.69
2013.05.20 06:19:48.231,1.5601,1.56035,1.50,1.69
2013.05.20 06:19:48.743,1.56016,1.56041,1.88,1.69
2013.05.20 06:19:48.815,1.56018,1.56043,1.65,1.69
2013.05.20 06:19:49.012,1.56016,1.5604,1.13,1.69
2013.05.20 06:19:51.774,1.56015,1.56037,1.13,1.69
2013.05.20 06:19:52.388,1.56017,1.56035,1.50,1.69
2013.05.20 06:19:52.935,1.56018,1.56038,1.50,2.44
2013.05.20 06:19:53.200,1.56019,1.56039,1.50,2.44
2013.05.20 06:19:53.385,1.56016,1.56039,2.25,2.44
2013.05.20 06:19:54.067,1.56018,1.56039,1.50,2.44
2013.05.20 06:19:54.314,1.56019,1.56042,1.65,2.07
2013.05.20 06:19:54.615,1.56023,1.56042,2.25,1.32
2013.05.20 06:19:55.126,1.56022,1.56044,2.25,2.44
2013.05.20 06:19:55.195,1.56019,1.56042,1.50,1.69
2013.05.20 06:19:55.255,1.56016,1.56042,2.44,1.69
2013.05.20 06:19:55.325,1.56016,1.56039,2.25,2.44
2013.05.20 06:20:00.526,1.56014,1.56038,1.50,2.44
2013.05.20 06:20:00.595,1.56011,1.56038,1.84,3.94
2013.05.20 06:20:00.654,1.56011,1.56037,1.65,1.69
2013.05.20 06:20:01.186,1.56011,1.56035,1.28,1.69
2013.05.20 06:20:01.586,1.56015,1.56038,1.50,2.44
2013.05.20 06:20:01.656,1.56015,1.56038,1.50,2.44
2013.05.20 06:20:02.015,1.56011,1.56038,2.82,3.34
2013.05.20 06:20:02.437,1.56012,1.56037,1.32,1.69
2013.05.20 06:20:02.504,1.56011,1.56037,1.69,1.69
2013.05.20 06:20:02.566,1.56011,1.56033,2.25,1.69
2013.05.20 06:20:04.105,1.5601,1.56033,1.65,1.69
2013.05.20 06:20:06.464,1.56009,1.56033,1.50,1.69
2013.05.20 06:20:06.523,1.56007,1.56033,1.88,1.69
2013.05.20 06:20:06.584,1.56007,1.56032,1.88,1.69
2013.05.20 06:20:06.824,1.56007,1.56028,1.13,1.09
2013.05.20 06:20:07.376,1.56003,1.56028,1.50,1.09
2013.05.20 06:20:07.755,1.55999,1.56026,2.22,2.44
2013.05.20 06:20:07.815,1.55998,1.56025,1.65,1.69
2013.05.20 06:20:08.606,1.55997,1.56021,1.50,1.32
2013.05.20 06:20:08.938,1.55992,1.56017,1.13,1.69
2013.05.20 06:20:09.245,1.55991,1.56014,2.25,1.69
2013.05.20 06:20:09.428,1.55991,1.56013,2.63,1.09
2013.05.20 06:20:09.858,1.55992,1.56018,1.88,1.09
2013.05.20 06:20:11.923,1.5599,1.56014,1.32,1.69
2013.05.20 06:20:12.544,1.55992,1.56016,1.50,1.69
2013.05.20 06:20:13.245,1.55993,1.56018,1.13,1.09
2013.05.20 06:20:13.695,1.55992,1.56018,1.88,1.09
2013.05.20 06:20:14.295,1.55994,1.56019,1.28,2.07
2013.05.20 06:20:14.655,1.56002,1.56025,3.00,1.32
2013.05.20 06:20:15.077,1.56001,1.56025,1.69,1.32
2013.05.20 06:20:15.385,1.56003,1.56028,1.13,1.69
2013.05.20 06:20:16.225,1.56004,1.56029,1.65,3.19
2013.05.20 06:20:17.135,1.56004,1.56029,1.65,1.69
2013.05.20 06:20:18.685,1.56002,1.56027,2.70,1.09
2013.05.20 06:20:18.863,1.56002,1.56027,1.13,1.09
2013.05.20 06:20:19.044,1.56001,1.56027,2.25,1.47
2013.05.20 06:20:19.348,1.55999,1.56023,2.25,1.84
2013.05.20 06:20:19.416,1.55996,1.56021,1.69,1.69
2013.05.20 06:20:19.488,1.55995,1.56021,1.69,1.69
2013.05.20 06:20:19.674,1.55995,1.56019,1.50,1.69
2013.05.20 06:20:20.034,1.55994,1.56019,1.65,1.69
2013.05.20 06:20:20.544,1.55992,1.56017,1.13,1.69
2013.05.20 06:20:20.725,1.5599,1.56016,1.09,1.69
2013.05.20 06:20:20.785,1.55989,1.56015,2.40,1.69
2013.05.20 06:20:21.725,1.55991,1.56015,1.13,1.69
2013.05.20 06:20:21.913,1.55993,1.56017,1.13,1.69
2013.05.20 06:20:22.154,1.55994,1.56019,1.65,1.69
2013.05.20 06:20:22.476,1.56,1.56019,1.50,1.69
2013.05.20 06:20:22.719,1.55997,1.56021,2.40,1.69
2013.05.20 06:20:22.789,1.56,1.56021,1.50,1.69
2013.05.20 06:20:23.034,1.56001,1.56029,2.44,3.19
2013.05.20 06:20:23.574,1.56002,1.56029,1.50,1.69
2013.05.20 06:20:24.037,1.56002,1.56029,1.65,1.69
2013.05.20 06:20:24.764,1.56005,1.5603,1.50,1.69
2013.05.20 06:20:25.290,1.56005,1.5603,1.50,1.69
2013.05.20 06:20:27.067,1.56006,1.5603,1.50,1.69
2013.05.20 06:20:27.255,1.5601,1.56035,1.50,1.69
2013.05.20 06:20:27.375,1.56011,1.56035,1.50,1.69
2013.05.20 06:20:27.734,1.56014,1.56038,1.50,2.82
2013.05.20 06:20:27.913,1.56012,1.56038,3.15,2.07
2013.05.20 06:20:28.093,1.56016,1.56038,1.13,2.07
2013.05.20 06:20:28.394,1.56019,1.56041,2.63,1.32
2013.05.20 06:20:28.754,1.56022,1.56043,1.50,1.69
2013.05.20 06:20:28.875,1.56022,1.56043,1.50,1.69
2013.05.20 06:20:29.194,1.5602,1.56043,1.50,1.69
2013.05.20 06:20:29.554,1.56022,1.56043,1.50,1.69
2013.05.20 06:20:29.924,1.56022,1.56046,1.50,2.07
2013.05.20 06:20:30.295,1.56021,1.56046,2.25,1.32
2013.05.20 06:20:30.654,1.5602,1.56046,1.50,1.32
2013.05.20 06:20:34.376,1.56019,1.56041,2.25,1.69
2013.05.20 06:20:34.564,1.56017,1.56041,2.25,1.69
2013.05.20 06:20:34.924,1.56015,1.56041,1.32,2.44
2013.05.20 06:20:35.295,1.56016,1.56041,1.50,3.19
2013.05.20 06:20:36.175,1.56013,1.56038,2.03,2.44
2013.05.20 06:20:36.535,1.56012,1.56037,1.88,1.69
2013.05.20 06:20:36.595,1.56012,1.56037,1.13,1.69
2013.05.20 06:20:36.836,1.5601,1.56034,1.69,1.50
2013.05.20 06:20:37.194,1.5601,1.56034,1.50,1.69
2013.05.20 06:20:37.963,1.56008,1.56035,3.00,1.69
2013.05.20 06:20:38.543,1.56009,1.56035,1.50,1.69
2013.05.20 06:20:39.733,1.5601,1.56036,1.50,1.69
2013.05.20 06:20:40.994,1.5601,1.56036,1.69,1.69
2013.05.20 06:20:42.156,1.56009,1.56032,2.25,1.69
2013.05.20 06:20:42.394,1.56004,1.56031,3.38,1.69
2013.05.20 06:20:42.514,1.56004,1.56028,1.88,1.69
2013.05.20 06:20:42.574,1.56004,1.56031,2.63,1.69
2013.05.20 06:20:43.235,1.56006,1.5603,2.25,1.69
2013.05.20 06:20:43.534,1.56008,1.56031,1.50,1.69
2013.05.20 06:20:43.595,1.56008,1.56031,3.00,1.69
2013.05.20 06:20:43.955,1.56008,1.56031,1.50,1.69
2013.05.20 06:20:45.084,1.56006,1.5603,1.50,2.44
2013.05.20 06:20:45.454,1.56008,1.5603,1.50,1.69
2013.05.20 06:20:45.946,1.56008,1.5603,1.69,1.69
2013.05.20 06:20:46.256,1.56008,1.56031,1.69,1.69
2013.05.20 06:20:46.805,1.56005,1.56028,1.50,1.32
2013.05.20 06:20:47.224,1.56002,1.56027,1.69,1.69
2013.05.20 06:20:47.566,1.56002,1.56023,1.50,1.69
2013.05.20 06:20:47.874,1.55998,1.56024,1.13,2.44
2013.05.20 06:20:48.164,1.55999,1.56024,1.50,2.44
2013.05.20 06:20:51.494,1.55998,1.56022,1.50,1.69
2013.05.20 06:20:52.064,1.56001,1.56022,1.50,1.69
2013.05.20 06:20:53.666,1.56,1.56022,1.50,1.69
2013.05.20 06:20:54.035,1.55999,1.56022,1.50,1.69
2013.05.20 06:20:55.585,1.56001,1.56022,1.50,1.69
2013.05.20 06:20:55.945,1.56003,1.56026,1.50,1.32
2013.05.20 06:20:57.433,1.56003,1.56025,3.00,1.69
2013.05.20 06:20:57.815,1.56007,1.56023,1.50,1.69
2013.05.20 06:20:58.056,1.56008,1.56029,1.50,1.69
2013.05.20 06:20:58.125,1.56008,1.56029,2.25,1.69
2013.05.20 06:20:59.885,1.56008,1.56028,2.25,1.69
2013.05.20 06:21:00.111,1.56006,1.56028,1.50,1.69
2013.05.20 06:21:00.176,1.56005,1.56028,1.50,1.69
2013.05.20 06:21:05.704,1.56005,1.56027,2.25,2.07
2013.05.20 06:21:07.824,1.56005,1.56025,1.50,2.44
2013.05.20 06:21:10.656,1.56002,1.56023,1.13,1.84
2013.05.20 06:21:13.770,1.55997,1.56021,1.69,2.59
2013.05.20 06:21:17.354,1.55996,1.5602,1.69,3.19
2013.05.20 06:21:18.633,1.55996,1.5602,1.50,2.44
2013.05.20 06:21:18.716,1.55998,1.5602,1.50,1.69
2013.05.20 06:21:19.385,1.56001,1.56025,1.88,1.09
2013.05.20 06:21:19.685,1.56002,1.56028,1.65,1.69
2013.05.20 06:21:19.804,1.56004,1.5603,1.88,3.34
2013.05.20 06:21:20.970,1.56004,1.56025,1.69,1.69
2013.05.20 06:21:21.215,1.55998,1.56021,1.13,1.32
2013.05.20 06:21:21.337,1.55996,1.56017,1.88,1.32
2013.05.20 06:21:21.408,1.55992,1.5601,3.00,1.69
2013.05.20 06:21:21.477,1.5599,1.56009,1.13,1.69
2013.05.20 06:21:21.546,1.55987,1.56005,1.13,1.69
2013.05.20 06:21:21.964,1.55979,1.56003,1.09,2.25
2013.05.20 06:21:22.025,1.55977,1.55999,1.88,1.69
2013.05.20 06:21:22.204,1.55974,1.55998,1.09,3.19
2013.05.20 06:21:22.325,1.55974,1.55998,1.09,3.19
2013.05.20 06:21:24.055,1.55972,1.55997,1.69,1.69
2013.05.20 06:21:25.046,1.55974,1.55997,1.09,1.69
2013.05.20 06:21:29.454,1.55976,1.56,1.50,1.69
2013.05.20 06:21:29.876,1.5598,1.56004,1.13,2.44
2013.05.20 06:21:29.935,1.55982,1.56005,1.13,2.44
2013.05.20 06:21:30.054,1.55983,1.56008,1.50,2.44
2013.05.20 06:21:30.175,1.55984,1.56008,1.65,1.69
2013.05.20 06:21:30.485,1.55987,1.56013,1.50,3.94
2013.05.20 06:21:31.450,1.55989,1.56013,1.28,2.44
2013.05.20 06:21:31.635,1.55992,1.56018,1.50,3.19
2013.05.20 06:21:32.115,1.55995,1.56018,1.50,1.69
2013.05.20 06:21:33.235,1.55996,1.56021,1.13,1.69
2013.05.20 06:21:33.751,1.55997,1.56022,2.25,1.69
2013.05.20 06:21:34.174,1.55997,1.56022,2.25,1.69
2013.05.20 06:21:34.722,1.55997,1.56022,2.25,1.69
2013.05.20 06:21:34.845,1.55999,1.56023,1.50,1.69
2013.05.20 06:21:35.404,1.55999,1.56022,1.50,1.69
2013.05.20 06:21:35.743,1.55999,1.56021,1.50,1.69
2013.05.20 06:21:35.868,1.55997,1.56021,1.50,1.32
2013.05.20 06:21:43.842,1.55997,1.56018,1.50,1.32
2013.05.20 06:21:44.865,1.55997,1.56018,1.50,1.32
2013.05.20 06:21:45.985,1.55996,1.5602,1.50,2.07
2013.05.20 06:21:46.045,1.55996,1.5602,1.50,2.07
2013.05.20 06:21:46.165,1.55998,1.56022,1.50,1.69
2013.05.20 06:21:46.848,1.56001,1.56026,2.25,2.44
2013.05.20 06:21:49.334,1.56001,1.56015,2.25,1.32
2013.05.20 06:21:49.636,1.5599,1.56007,1.50,1.69
2013.05.20 06:21:49.755,1.55981,1.56008,1.50,2.07
2013.05.20 06:21:51.658,1.55975,1.56002,1.50,2.07
2013.05.20 06:21:51.964,1.55976,1.56002,1.50,1.32
2013.05.20 06:21:52.265,1.5598,1.56003,1.13,1.69
2013.05.20 06:21:52.385,1.5598,1.56004,1.13,1.69
2013.05.20 06:21:52.566,1.55983,1.56008,2.25,2.82
2013.05.20 06:21:52.755,1.55988,1.56008,1.88,1.32
2013.05.20 06:21:53.054,1.55987,1.56009,1.50,2.44
2013.05.20 06:21:53.115,1.55987,1.56009,2.25,2.44
2013.05.20 06:21:53.234,1.55986,1.56009,1.50,1.69
2013.05.20 06:21:54.133,1.55985,1.56009,2.44,1.69
2013.05.20 06:21:54.375,1.55986,1.56009,1.50,1.69
2013.05.20 06:21:54.690,1.55987,1.56009,3.00,1.69
2013.05.20 06:21:55.174,1.5599,1.56011,2.25,1.69
2013.05.20 06:21:56.807,1.5599,1.56012,2.25,1.69
2013.05.20 06:21:56.875,1.55987,1.5601,1.50,1.50
2013.05.20 06:21:56.935,1.55986,1.56009,1.13,1.69
2013.05.20 06:21:57.711,1.55984,1.56007,1.13,1.69
2013.05.20 06:21:58.014,1.55982,1.56003,1.50,1.69
2013.05.20 06:21:58.254,1.55977,1.56002,2.40,1.69
2013.05.20 06:21:58.379,1.55979,1.56003,2.25,1.69
2013.05.20 06:21:58.685,1.55982,1.56008,1.50,2.59
2013.05.20 06:21:58.924,1.55982,1.56006,1.88,1.69
2013.05.20 06:22:02.366,1.55987,1.56006,1.50,1.69
2013.05.20 06:22:02.544,1.55989,1.56013,1.13,1.69
2013.05.20 06:22:02.604,1.55991,1.56013,2.25,1.69
2013.05.20 06:22:02.664,1.55991,1.56015,2.25,1.47
2013.05.20 06:22:02.724,1.55989,1.56014,1.32,1.69
2013.05.20 06:22:02.904,1.55989,1.56015,2.07,1.09
2013.05.20 06:22:03.145,1.55987,1.56014,2.44,1.69
2013.05.20 06:22:03.264,1.55987,1.56013,1.50,1.69
2013.05.20 06:22:05.435,1.55986,1.56012,1.32,1.69
2013.05.20 06:22:06.936,1.55986,1.56011,1.13,1.69
2013.05.20 06:22:07.204,1.55987,1.56012,1.50,1.69
2013.05.20 06:22:07.514,1.5599,1.56015,2.25,1.84
2013.05.20 06:22:07.575,1.5599,1.56015,3.00,1.84
2013.05.20 06:22:07.754,1.55992,1.56018,1.50,1.69
2013.05.20 06:22:08.055,1.56006,1.56028,1.65,1.69
2013.05.20 06:22:08.295,1.56008,1.56036,2.97,1.69
2013.05.20 06:22:09.795,1.5601,1.56037,1.69,1.69
2013.05.20 06:22:10.404,1.5601,1.56038,1.69,3.94
2013.05.20 06:22:11.394,1.56011,1.56038,1.50,3.19
2013.05.20 06:22:11.935,1.5601,1.56038,2.44,3.19
2013.05.20 06:22:12.295,1.56013,1.5604,1.50,2.44
2013.05.20 06:22:12.354,1.5601,1.56037,1.69,2.44
2013.05.20 06:22:12.656,1.5601,1.56036,1.69,2.25
2013.05.20 06:22:14.035,1.56007,1.56032,1.50,1.69
2013.05.20 06:22:14.154,1.56004,1.56032,2.59,2.44
2013.05.20 06:22:15.516,1.56004,1.56029,2.44,1.50
2013.05.20 06:22:15.727,1.56001,1.56027,1.69,1.69
2013.05.20 06:22:16.336,1.56002,1.56029,3.94,1.69
2013.05.20 06:22:16.594,1.56005,1.56032,1.50,1.69
2013.05.20 06:22:16.805,1.56006,1.56032,1.50,1.69
2013.05.20 06:22:17.515,1.56006,1.56032,2.25,1.69
2013.05.20 06:22:17.694,1.56006,1.56032,1.50,1.69
2013.05.20 06:22:18.354,1.56006,1.56032,2.25,2.44
2013.05.20 06:22:18.655,1.56007,1.56029,1.13,2.44
2013.05.20 06:22:22.054,1.56002,1.56026,1.32,1.69
2013.05.20 06:22:22.176,1.56002,1.56026,1.13,1.84
2013.05.20 06:22:22.538,1.56002,1.56021,1.13,1.50
2013.05.20 06:22:22.605,1.55997,1.56021,3.38,1.50
2013.05.20 06:22:22.814,1.55999,1.56021,1.13,1.50
2013.05.20 06:22:23.125,1.55995,1.56021,2.82,1.69
2013.05.20 06:22:23.436,1.55995,1.56012,1.13,1.09
2013.05.20 06:22:23.496,1.55992,1.56012,1.50,1.09
2013.05.20 06:22:23.618,1.55986,1.56012,1.69,1.84
2013.05.20 06:22:23.805,1.55985,1.5601,1.50,2.59
2013.05.20 06:22:24.105,1.55984,1.56008,1.88,1.69
2013.05.20 06:22:24.344,1.55985,1.56009,1.50,1.09
2013.05.20 06:22:24.705,1.55985,1.56013,1.50,3.34
2013.05.20 06:22:24.764,1.55987,1.56013,2.25,1.84
2013.05.20 06:22:36.576,1.55989,1.56011,1.69,1.50
2013.05.20 06:22:37.215,1.55989,1.56012,2.44,1.13
2013.05.20 06:22:41.285,1.55992,1.56015,2.25,1.32
2013.05.20 06:22:41.346,1.55994,1.56017,1.50,1.88
2013.05.20 06:22:41.538,1.55998,1.56018,1.50,1.32
2013.05.20 06:22:41.665,1.55998,1.56021,1.50,2.22
2013.05.20 06:22:42.085,1.55998,1.56024,2.25,1.32
2013.05.20 06:22:45.215,1.56001,1.56023,2.25,1.09
2013.05.20 06:22:45.396,1.56001,1.56025,1.50,1.84
2013.05.20 06:22:54.564,1.56,1.56024,2.44,1.69
2013.05.20 06:22:54.686,1.55999,1.56022,2.25,1.32
2013.05.20 06:22:55.187,1.55998,1.56022,2.25,1.69
2013.05.20 06:22:56.115,1.55998,1.5602,3.00,1.47
2013.05.20 06:22:57.835,1.55996,1.56019,1.69,1.50
2013.05.20 06:22:58.294,1.55991,1.56016,2.25,1.09
2013.05.20 06:22:58.594,1.5599,1.56018,1.69,2.97
2013.05.20 06:22:59.202,1.55993,1.56018,1.50,2.22
2013.05.20 06:23:01.655,1.55994,1.56018,1.50,1.09
2013.05.20 06:23:02.987,1.55989,1.56014,2.25,1.32
2013.05.20 06:23:03.174,1.55987,1.56014,3.57,2.07
2013.05.20 06:23:03.354,1.55987,1.56013,2.07,2.07
2013.05.20 06:23:03.534,1.55985,1.5601,1.50,1.47
2013.05.20 06:23:03.595,1.55985,1.56008,1.50,1.13
2013.05.20 06:23:05.705,1.55985,1.56009,2.25,1.09
2013.05.20 06:23:06.305,1.55985,1.56012,2.25,2.59
2013.05.20 06:23:06.425,1.55987,1.56013,1.32,1.09
2013.05.20 06:23:06.484,1.55987,1.56014,2.07,2.59
2013.05.20 06:23:06.855,1.55986,1.5601,1.69,1.13
2013.05.20 06:23:09.029,1.55987,1.56008,2.63,1.09
2013.05.20 06:23:09.276,1.55987,1.56014,1.13,2.59
2013.05.20 06:23:10.551,1.5599,1.56016,1.88,1.69
2013.05.20 06:23:12.094,1.55991,1.56016,1.13,1.69
2013.05.20 06:23:13.853,1.55991,1.56016,1.13,1.69
2013.05.20 06:23:15.809,1.55991,1.56017,1.13,3.19
2013.05.20 06:23:21.615,1.5599,1.56014,1.69,1.69
2013.05.20 06:23:21.915,1.55988,1.56014,1.13,2.44
2013.05.20 06:23:23.042,1.55987,1.5601,1.50,1.69
2013.05.20 06:23:23.546,1.55987,1.56008,2.25,1.69
2013.05.20 06:23:24.735,1.55988,1.56011,1.88,1.69
2013.05.20 06:23:26.772,1.55988,1.56011,1.50,1.69
2013.05.20 06:23:26.896,1.55986,1.56011,2.25,2.44
2013.05.20 06:23:27.385,1.55984,1.56009,2.63,1.32
2013.05.20 06:23:27.446,1.55982,1.56007,2.25,1.32
2013.05.20 06:23:27.515,1.55982,1.56003,1.50,1.13
2013.05.20 06:23:27.636,1.5598,1.56002,1.50,1.09
2013.05.20 06:23:28.144,1.5598,1.56005,3.00,1.69
2013.05.20 06:23:30.070,1.55979,1.56003,1.50,1.69
2013.05.20 06:23:30.655,1.55979,1.56003,1.50,1.69
2013.05.20 06:23:31.665,1.55979,1.56003,1.50,1.69
2013.05.20 06:23:32.186,1.55981,1.56005,1.50,2.82
2013.05.20 06:23:32.556,1.55984,1.56009,1.50,2.07
2013.05.20 06:23:32.686,1.55988,1.56009,1.50,2.07
2013.05.20 06:23:34.186,1.55989,1.56009,1.50,1.13
2013.05.20 06:23:34.785,1.55991,1.56009,1.50,1.13
2013.05.20 06:23:34.905,1.55989,1.56009,1.50,1.13
2013.05.20 06:23:35.266,1.55988,1.56013,2.44,1.47
2013.05.20 06:23:35.446,1.55988,1.56013,1.69,1.09
2013.05.20 06:23:35.746,1.55988,1.56011,1.69,1.32
2013.05.20 06:23:36.055,1.5599,1.56011,1.50,1.32
2013.05.20 06:23:36.239,1.55995,1.56018,1.50,2.44
2013.05.20 06:23:39.135,1.55996,1.56018,1.50,1.69
2013.05.20 06:23:39.385,1.55997,1.56022,1.50,2.07
2013.05.20 06:23:40.426,1.55997,1.56018,2.25,1.32
2013.05.20 06:23:41.100,1.55997,1.56022,3.00,1.69
2013.05.20 06:23:44.223,1.55998,1.56022,1.50,1.69
2013.05.20 06:23:50.807,1.55998,1.5602,1.50,1.13
2013.05.20 06:23:50.942,1.55995,1.56018,1.88,1.69
2013.05.20 06:23:51.137,1.55991,1.56015,1.50,1.69
2013.05.20 06:23:51.387,1.55988,1.56014,1.69,1.84
2013.05.20 06:23:51.696,1.55991,1.56016,1.88,3.19
2013.05.20 06:23:52.005,1.55992,1.56016,2.25,1.69
2013.05.20 06:23:52.306,1.55991,1.56015,1.13,1.69
2013.05.20 06:23:52.426,1.55988,1.56013,1.32,1.69
2013.05.20 06:23:52.852,1.55986,1.56012,1.09,2.82
2013.05.20 06:23:52.919,1.55985,1.56012,1.69,2.22
2013.05.20 06:23:53.026,1.55985,1.56012,1.69,2.97
2013.05.20 06:23:53.917,1.55986,1.5601,2.25,1.69
2013.05.20 06:23:54.104,1.55986,1.56009,1.65,1.50
2013.05.20 06:23:55.136,1.55986,1.56009,1.50,1.50
2013.05.20 06:23:55.474,1.55985,1.56006,2.44,1.50
2013.05.20 06:23:55.716,1.55985,1.56009,2.44,1.50
2013.05.20 06:23:56.036,1.55987,1.56012,2.25,1.47
2013.05.20 06:23:56.169,1.55986,1.56009,1.50,1.50
2013.05.20 06:23:56.237,1.55986,1.56011,2.25,1.69
2013.05.20 06:23:56.803,1.55987,1.56008,1.50,1.50
2013.05.20 06:23:56.943,1.55987,1.56013,1.50,1.69
2013.05.20 06:23:57.194,1.55986,1.56014,1.50,2.44
2013.05.20 06:23:57.254,1.55986,1.56013,3.00,1.69
2013.05.20 06:23:57.574,1.55988,1.56013,1.50,3.04
2013.05.20 06:23:58.339,1.55985,1.56009,2.44,1.50
2013.05.20 06:23:58.406,1.55985,1.5601,2.44,1.69
2013.05.20 06:23:59.595,1.55987,1.56013,1.13,3.57
2013.05.20 06:24:00.814,1.55987,1.56013,2.63,2.82
2013.05.20 06:24:01.644,1.55987,1.56012,1.50,1.69
2013.05.20 06:24:02.306,1.55987,1.56012,1.50,1.69
2013.05.20 06:24:02.378,1.55987,1.56012,1.50,1.69
2013.05.20 06:24:02.509,1.55987,1.56012,1.50,1.69
2013.05.20 06:24:02.636,1.55988,1.56015,2.25,2.07
2013.05.20 06:24:02.817,1.55991,1.56014,1.50,1.32
2013.05.20 06:24:02.957,1.55996,1.56019,1.50,1.50
2013.05.20 06:24:03.087,1.56001,1.56024,2.44,2.25
2013.05.20 06:24:03.159,1.56002,1.56025,1.69,1.69
2013.05.20 06:24:03.705,1.56005,1.56031,1.50,1.69
2013.05.20 06:24:04.895,1.56006,1.5603,1.50,1.69
2013.05.20 06:24:05.464,1.56006,1.5603,1.50,1.69
2013.05.20 06:24:05.914,1.56005,1.56028,2.25,1.69
2013.05.20 06:24:06.381,1.56002,1.56023,1.50,1.69
2013.05.20 06:24:07.644,1.56001,1.56023,2.25,1.69
2013.05.20 06:24:09.674,1.56002,1.56023,1.50,1.69
2013.05.20 06:24:10.436,1.55999,1.56023,2.44,2.44
2013.05.20 06:24:11.054,1.55997,1.56021,1.69,3.00
2013.05.20 06:24:11.395,1.55997,1.56019,1.69,1.50
2013.05.20 06:24:11.515,1.55997,1.5602,1.69,1.50
2013.05.20 06:24:11.916,1.55997,1.56019,1.69,1.50
2013.05.20 06:24:12.970,1.55995,1.56019,2.44,2.25
2013.05.20 06:24:14.845,1.55995,1.56019,1.50,2.44
2013.05.20 06:24:17.525,1.55995,1.56018,2.25,1.69
2013.05.20 06:24:31.836,1.55995,1.56018,2.25,1.69
2013.05.20 06:24:32.914,1.55995,1.56018,1.50,1.69
2013.05.20 06:24:33.284,1.55993,1.56018,1.32,1.69
2013.05.20 06:24:33.465,1.55993,1.56018,1.32,1.69
2013.05.20 06:24:33.824,1.55993,1.56018,1.32,1.69
2013.05.20 06:24:34.915,1.55993,1.56018,1.32,1.69
2013.05.20 06:24:35.094,1.55993,1.56018,1.13,1.69
2013.05.20 06:24:35.725,1.55993,1.56018,2.63,1.69
2013.05.20 06:24:35.909,1.55995,1.5602,1.50,2.44
2013.05.20 06:24:37.138,1.55992,1.56019,3.19,1.69
2013.05.20 06:24:37.446,1.55993,1.56019,1.50,1.69
2013.05.20 06:24:37.807,1.55995,1.5602,1.50,2.44
2013.05.20 06:24:39.306,1.55998,1.5602,1.50,1.69
2013.05.20 06:24:39.545,1.56002,1.56028,1.50,2.44
2013.05.20 06:24:39.665,1.56002,1.56028,1.13,1.69
2013.05.20 06:24:39.965,1.56005,1.56029,1.50,1.09
2013.05.20 06:24:40.265,1.56006,1.56032,1.69,2.07
2013.05.20 06:24:40.326,1.56005,1.56028,1.69,1.13
2013.05.20 06:24:40.456,1.56001,1.56026,1.88,1.65
2013.05.20 06:24:40.516,1.56001,1.56024,1.50,1.69
2013.05.20 06:24:40.996,1.56001,1.5602,1.13,1.69
2013.05.20 06:24:41.545,1.55995,1.56018,2.82,1.50
2013.05.20 06:24:42.016,1.55998,1.56023,2.25,2.44
2013.05.20 06:24:42.205,1.55998,1.56024,1.69,1.69
2013.05.20 06:24:42.516,1.56002,1.56029,1.13,2.59
2013.05.20 06:24:42.579,1.56001,1.56028,2.25,1.69
2013.05.20 06:24:42.647,1.56002,1.56029,2.63,1.84
2013.05.20 06:24:42.716,1.56005,1.5603,1.50,1.28
2013.05.20 06:24:44.004,1.56005,1.5603,1.50,1.69
2013.05.20 06:24:44.790,1.56003,1.56029,1.69,1.69
2013.05.20 06:24:44.915,1.56004,1.56029,1.69,1.69
2013.05.20 06:24:45.107,1.56004,1.56027,1.84,1.50
2013.05.20 06:24:45.236,1.56006,1.56031,1.69,1.50
2013.05.20 06:24:45.425,1.56012,1.56034,1.50,2.44
2013.05.20 06:24:45.485,1.56014,1.56039,1.50,2.07
2013.05.20 06:24:45.545,1.56014,1.5604,1.69,1.84
2013.05.20 06:24:45.604,1.56016,1.56042,1.50,1.09
2013.05.20 06:24:46.154,1.56017,1.56043,2.25,1.32
2013.05.20 06:24:46.515,1.56019,1.56044,1.50,1.32
2013.05.20 06:24:47.426,1.56019,1.56043,1.50,2.07
2013.05.20 06:24:47.934,1.56019,1.56043,1.69,1.32
2013.05.20 06:24:48.717,1.56019,1.56045,1.69,1.47
2013.05.20 06:24:48.905,1.5602,1.56045,2.25,1.47
2013.05.20 06:24:48.966,1.56021,1.56049,1.69,2.59
2013.05.20 06:24:49.025,1.56025,1.56049,1.50,1.47
2013.05.20 06:24:49.384,1.56026,1.56049,1.50,1.47
2013.05.20 06:24:49.564,1.56024,1.56049,1.50,1.84
2013.05.20 06:24:50.115,1.56024,1.56049,1.50,2.22
2013.05.20 06:24:50.355,1.56024,1.56049,1.50,2.22
2013.05.20 06:24:51.005,1.56021,1.56047,3.19,1.47
2013.05.20 06:24:52.695,1.56022,1.56044,1.69,2.25
2013.05.20 06:24:52.874,1.56017,1.56043,3.57,2.59
2013.05.20 06:24:53.115,1.56013,1.5604,3.19,1.69
2013.05.20 06:24:53.732,1.56018,1.56043,1.69,2.59
2013.05.20 06:24:55.775,1.56017,1.56041,1.69,1.09
2013.05.20 06:24:56.395,1.56017,1.56041,3.19,1.09
2013.05.20 06:24:56.755,1.56021,1.56041,1.50,1.09
2013.05.20 06:24:56.934,1.5602,1.56041,1.50,1.09
2013.05.20 06:25:00.214,1.56018,1.56043,1.69,2.03
2013.05.20 06:25:00.458,1.56017,1.56041,2.44,1.09
2013.05.20 06:25:00.868,1.56017,1.5604,1.69,1.09
2013.05.20 06:25:01.057,1.56012,1.56037,1.69,1.32
2013.05.20 06:25:01.186,1.56012,1.56033,1.50,1.84
2013.05.20 06:25:01.427,1.56007,1.56032,1.50,1.69
2013.05.20 06:25:01.555,1.56004,1.56031,1.69,2.44
2013.05.20 06:25:02.732,1.56003,1.5603,1.84,1.69
2013.05.20 06:25:03.746,1.56003,1.5603,1.84,1.69
2013.05.20 06:25:04.176,1.56003,1.5603,1.69,1.69
2013.05.20 06:25:04.425,1.56003,1.5603,1.69,1.69
2013.05.20 06:25:04.924,1.56006,1.56032,2.44,2.03
2013.05.20 06:25:05.762,1.56006,1.56032,2.44,2.03
2013.05.20 06:25:08.867,1.56006,1.56031,1.69,1.88
2013.05.20 06:25:15.966,1.56006,1.56031,1.69,1.69
2013.05.20 06:25:16.275,1.56013,1.56036,2.44,1.49
2013.05.20 06:25:16.336,1.56017,1.56038,1.50,1.88
2013.05.20 06:25:16.455,1.56017,1.56044,3.90,1.69
2013.05.20 06:25:17.596,1.56017,1.56045,3.94,2.44
2013.05.20 06:25:18.257,1.56017,1.56045,3.94,1.69
2013.05.20 06:25:18.735,1.56017,1.56043,3.19,1.50
2013.05.20 06:25:19.252,1.56017,1.56043,2.44,3.00
2013.05.20 06:25:19.374,1.56017,1.56041,1.50,1.69
2013.05.20 06:25:19.715,1.56017,1.56038,1.50,1.50
2013.05.20 06:25:20.285,1.56016,1.56035,1.50,1.69
2013.05.20 06:25:20.468,1.56006,1.56027,1.69,1.13
2013.05.20 06:25:20.535,1.56006,1.56029,1.69,2.03
2013.05.20 06:25:20.598,1.56005,1.56027,1.50,2.59
2013.05.20 06:25:20.665,1.56001,1.56026,1.69,2.44
2013.05.20 06:25:20.726,1.56001,1.56026,1.69,3.94
2013.05.20 06:25:21.207,1.55997,1.56021,2.07,1.69
2013.05.20 06:25:21.607,1.55997,1.56022,2.07,1.32
2013.05.20 06:25:21.689,1.56006,1.56025,1.50,1.09
2013.05.20 06:25:22.135,1.55999,1.56025,1.69,1.47
2013.05.20 06:25:22.675,1.55999,1.56022,1.69,1.65
2013.05.20 06:25:22.795,1.55997,1.56019,1.50,1.09
2013.05.20 06:25:22.916,1.55992,1.56017,1.50,1.69
2013.05.20 06:25:23.277,1.55992,1.5601,1.50,1.09
2013.05.20 06:25:23.345,1.55983,1.56009,2.44,1.84
2013.05.20 06:25:23.406,1.55983,1.56009,2.44,2.59
2013.05.20 06:25:23.825,1.55989,1.56016,1.88,2.07
2013.05.20 06:25:23.885,1.55992,1.56017,1.50,2.44
2013.05.20 06:25:23.944,1.55992,1.56017,2.44,1.69
2013.05.20 06:25:24.515,1.55993,1.5602,3.19,2.44
2013.05.20 06:25:24.575,1.55995,1.5602,1.13,2.44
2013.05.20 06:25:27.935,1.55996,1.56022,1.13,1.69
2013.05.20 06:25:29.191,1.55996,1.56022,1.50,2.44
2013.05.20 06:25:29.384,1.55996,1.56021,1.50,1.69
2013.05.20 06:25:29.876,1.55996,1.56021,2.25,1.69
2013.05.20 06:25:32.804,1.55996,1.56023,2.25,2.07
2013.05.20 06:25:33.044,1.55996,1.56021,2.25,1.69
2013.05.20 06:25:33.266,1.55996,1.56023,2.25,2.07
2013.05.20 06:25:33.626,1.55999,1.56024,1.69,1.32
2013.05.20 06:25:34.225,1.55999,1.56024,1.69,1.69
2013.05.20 06:25:39.906,1.55999,1.56024,1.69,1.69
2013.05.20 06:25:40.396,1.55997,1.56022,3.19,1.69
2013.05.20 06:25:40.755,1.55997,1.56021,2.44,1.50
2013.05.20 06:25:41.115,1.55994,1.56021,2.07,1.69
2013.05.20 06:25:41.357,1.55994,1.56021,1.32,1.69
2013.05.20 06:25:42.017,1.55993,1.56018,1.69,1.50
2013.05.20 06:25:44.026,1.55992,1.5602,1.69,1.69
2013.05.20 06:25:44.336,1.55991,1.56014,1.69,1.69
2013.05.20 06:25:44.577,1.55991,1.56016,1.69,1.69
2013.05.20 06:25:44.895,1.55991,1.56016,2.44,1.69
2013.05.20 06:25:49.243,1.55991,1.56016,2.25,2.44
2013.05.20 06:25:49.305,1.55992,1.56017,1.69,1.65
2013.05.20 06:25:49.366,1.55995,1.56019,2.25,1.47
2013.05.20 06:25:49.605,1.56,1.56023,1.50,1.69
2013.05.20 06:25:49.725,1.56,1.56026,1.50,3.19
2013.05.20 06:25:49.785,1.55999,1.56026,1.50,3.19
2013.05.20 06:25:50.148,1.56,1.56025,1.50,1.32
2013.05.20 06:25:51.274,1.56,1.56025,1.50,1.32
2013.05.20 06:25:51.686,1.55999,1.56024,1.50,2.07
2013.05.20 06:25:51.805,1.55997,1.56023,1.32,2.44
2013.05.20 06:25:51.865,1.55997,1.56022,1.32,1.69
2013.05.20 06:25:52.983,1.55997,1.56022,1.32,1.69
2013.05.20 06:26:02.962,1.55992,1.56013,1.69,1.65
2013.05.20 06:26:03.025,1.5599,1.56013,2.63,3.15
2013.05.20 06:26:03.146,1.55986,1.5601,3.19,1.50
2013.05.20 06:26:03.215,1.55986,1.56009,3.19,1.50
2013.05.20 06:26:03.715,1.55986,1.56008,1.50,2.44
2013.05.20 06:26:04.642,1.55985,1.56007,1.13,1.69
2013.05.20 06:26:05.366,1.55981,1.56007,1.88,3.19
2013.05.20 06:26:05.677,1.55977,1.56003,2.25,3.19
2013.05.20 06:26:05.865,1.55974,1.56002,2.44,1.84
2013.05.20 06:26:06.428,1.55974,1.55999,1.69,1.50
2013.05.20 06:26:06.955,1.55974,1.55999,2.44,1.50
2013.05.20 06:26:07.075,1.55974,1.55999,1.69,1.50
2013.05.20 06:26:07.837,1.55973,1.55999,2.44,2.25
2013.05.20 06:26:08.447,1.55973,1.55999,2.44,1.50
2013.05.20 06:26:13.008,1.55973,1.55999,1.69,1.50
2013.05.20 06:26:13.255,1.55972,1.55997,1.32,2.44
2013.05.20 06:26:13.794,1.55972,1.55997,1.32,2.44
2013.05.20 06:26:16.316,1.55972,1.55998,1.69,1.69
2013.05.20 06:26:18.346,1.55975,1.55999,1.13,1.69
2013.05.20 06:26:18.466,1.55975,1.56,1.32,1.69
2013.05.20 06:26:18.654,1.55976,1.56003,2.44,1.69
2013.05.20 06:26:18.775,1.55977,1.56004,1.69,2.44
2013.05.20 06:26:18.896,1.55978,1.56002,1.32,1.28
2013.05.20 06:26:19.315,1.55977,1.55994,1.69,1.50
2013.05.20 06:26:19.393,1.55969,1.55992,1.32,1.50
2013.05.20 06:26:19.458,1.55968,1.55992,2.25,1.50
2013.05.20 06:26:19.766,1.55968,1.55992,1.13,1.50
2013.05.20 06:26:20.015,1.55972,1.55997,1.69,1.84
2013.05.20 06:26:20.076,1.55974,1.55997,2.44,1.50
2013.05.20 06:26:20.195,1.55977,1.56001,1.88,1.69
2013.05.20 06:26:20.436,1.55977,1.56004,1.88,2.44
2013.05.20 06:26:21.045,1.55977,1.56004,1.13,3.19
2013.05.20 06:26:21.418,1.55977,1.56001,1.32,1.50
2013.05.20 06:26:21.798,1.55978,1.56004,1.69,1.50
2013.05.20 06:26:22.106,1.55981,1.56008,3.57,1.84
2013.05.20 06:26:22.465,1.55983,1.56009,1.69,1.65
2013.05.20 06:26:25.505,1.55984,1.56004,1.69,1.50
2013.05.20 06:26:25.934,1.55981,1.56003,1.69,2.25
2013.05.20 06:26:26.514,1.55978,1.56003,1.69,1.50
2013.05.20 06:26:27.282,1.55978,1.56003,1.69,2.25
2013.05.20 06:26:27.565,1.55978,1.56003,1.69,2.25
2013.05.20 06:26:27.832,1.55978,1.56003,1.69,2.25
2013.05.20 06:26:28.446,1.55983,1.56003,1.32,2.25
2013.05.20 06:26:28.517,1.55985,1.56008,1.69,2.25
2013.05.20 06:26:28.585,1.55986,1.56008,3.75,1.50
2013.05.20 06:26:28.771,1.55987,1.56014,1.69,3.19
2013.05.20 06:26:29.325,1.55986,1.56011,1.32,1.50
2013.05.20 06:26:29.685,1.55981,1.56005,1.32,1.50
2013.05.20 06:26:30.692,1.55981,1.56003,1.32,1.50
2013.05.20 06:26:37.035,1.55981,1.56005,1.69,2.25
2013.05.20 06:26:37.506,1.55981,1.56005,1.69,2.25
2013.05.20 06:26:38.265,1.55984,1.56005,1.32,1.50
2013.05.20 06:26:38.386,1.55984,1.56008,1.32,1.50
2013.05.20 06:26:38.566,1.55984,1.56004,1.32,1.50
2013.05.20 06:26:38.627,1.5598,1.56004,2.82,2.25
2013.05.20 06:26:38.697,1.5598,1.56004,1.32,1.50
2013.05.20 06:26:38.947,1.55979,1.56001,1.32,2.25
2013.05.20 06:26:39.495,1.55978,1.55999,1.69,1.50
2013.05.20 06:26:39.925,1.55975,1.56002,1.69,2.25
2013.05.20 06:26:40.175,1.55975,1.56001,2.44,1.50
2013.05.20 06:26:41.074,1.55976,1.56001,2.44,1.13
2013.05.20 06:26:41.345,1.55976,1.56001,1.69,1.88
2013.05.20 06:26:41.947,1.55976,1.56,1.32,2.25
2013.05.20 06:26:42.015,1.55976,1.55998,1.32,1.50
2013.05.20 06:26:42.255,1.55976,1.55999,2.07,3.00
2013.05.20 06:26:42.815,1.55974,1.55999,2.82,1.50
2013.05.20 06:26:43.155,1.55974,1.55999,2.82,2.25
2013.05.20 06:26:44.535,1.55974,1.55999,3.57,2.25
2013.05.20 06:26:44.834,1.55974,1.55998,2.82,1.50
2013.05.20 06:26:46.004,1.55974,1.55999,2.82,1.50
2013.05.20 06:26:46.524,1.55976,1.55999,1.69,1.50
2013.05.20 06:26:46.586,1.55976,1.56001,1.69,1.69
2013.05.20 06:26:46.944,1.55982,1.56003,2.25,2.07
2013.05.20 06:26:48.347,1.55982,1.56006,3.19,1.50
2013.05.20 06:27:09.967,1.55985,1.56006,1.32,1.50
2013.05.20 06:27:10.275,1.55986,1.56009,2.44,1.13
2013.05.20 06:27:11.564,1.55988,1.56013,1.69,1.13
2013.05.20 06:27:11.625,1.55991,1.56013,1.69,1.13
2013.05.20 06:27:11.745,1.55989,1.56013,2.44,1.13
2013.05.20 06:27:12.127,1.55989,1.56013,1.69,1.88
2013.05.20 06:27:12.195,1.55991,1.56014,1.69,1.13
2013.05.20 06:27:12.256,1.55992,1.56018,1.13,3.57
2013.05.20 06:27:12.556,1.55992,1.56018,2.82,1.50
2013.05.20 06:27:12.615,1.55992,1.56019,4.32,3.19
2013.05.20 06:27:13.650,1.55994,1.56019,1.69,1.69
2013.05.20 06:27:16.375,1.55993,1.56018,1.69,1.13
2013.05.20 06:27:16.556,1.5599,1.56015,1.32,1.28
2013.05.20 06:27:17.135,1.5599,1.56015,1.32,1.13
2013.05.20 06:27:17.655,1.5599,1.56013,2.07,1.50
2013.05.20 06:27:18.014,1.55993,1.56018,1.50,2.07
2013.05.20 06:27:18.574,1.55994,1.56018,1.50,2.07
2013.05.20 06:27:19.074,1.55993,1.56018,1.50,2.82
2013.05.20 06:27:19.597,1.55993,1.56018,1.50,1.32
2013.05.20 06:27:20.464,1.55996,1.56018,2.25,1.32
2013.05.20 06:27:27.595,1.55996,1.56019,1.50,2.22
2013.05.20 06:27:28.256,1.55997,1.56019,2.25,1.47
2013.05.20 06:27:28.436,1.55998,1.56018,3.19,1.13
2013.05.20 06:27:29.701,1.55997,1.56022,1.69,2.25
2013.05.20 06:27:31.245,1.55996,1.56021,1.69,1.50
2013.05.20 06:27:31.865,1.55995,1.56021,1.69,1.69
2013.05.20 06:27:32.205,1.55995,1.56021,1.69,1.69
2013.05.20 06:27:32.774,1.55996,1.56022,1.69,1.69
2013.05.20 06:27:34.468,1.55995,1.5602,1.69,1.69
2013.05.20 06:27:36.247,1.55995,1.5602,1.69,2.44
2013.05.20 06:27:36.374,1.55995,1.56018,1.69,1.50
2013.05.20 06:27:37.575,1.55995,1.56019,1.69,1.50
2013.05.20 06:27:37.876,1.56002,1.56023,1.50,1.13
2013.05.20 06:27:38.125,1.56006,1.56025,1.13,1.69
2013.05.20 06:27:39.453,1.56006,1.56025,1.13,1.69
2013.05.20 06:27:41.377,1.56005,1.56025,1.50,1.50
2013.05.20 06:27:41.685,1.56013,1.56036,1.65,3.19
2013.05.20 06:27:41.745,1.5601,1.56036,1.13,3.19
2013.05.20 06:27:41.805,1.5601,1.56035,1.65,1.69
2013.05.20 06:27:41.985,1.5601,1.56035,1.65,1.69
2013.05.20 06:27:42.312,1.56009,1.56033,1.47,1.50
2013.05.20 06:27:42.955,1.56009,1.56033,1.47,1.50
2013.05.20 06:27:43.076,1.56009,1.56031,1.13,1.69
2013.05.20 06:27:43.315,1.56008,1.5603,1.13,2.44
2013.05.20 06:27:43.556,1.56008,1.56029,1.13,1.69
2013.05.20 06:27:43.616,1.56004,1.56029,2.07,1.69
2013.05.20 06:27:43.915,1.56004,1.56026,2.07,1.50
2013.05.20 06:27:44.246,1.56004,1.56025,1.13,1.69
2013.05.20 06:27:44.424,1.56002,1.56025,1.13,1.69
2013.05.20 06:27:45.006,1.56001,1.56022,2.25,1.50
2013.05.20 06:27:45.065,1.56001,1.56022,2.25,2.25
2013.05.20 06:27:45.866,1.56001,1.56026,1.50,2.44
2013.05.20 06:27:46.115,1.56004,1.56026,1.13,2.44
2013.05.20 06:27:46.575,1.56004,1.56022,1.13,1.50
2013.05.20 06:27:47.847,1.56004,1.56024,1.13,1.50
2013.05.20 06:27:47.915,1.56004,1.56026,1.13,1.69
2013.05.20 06:27:50.996,1.56001,1.56026,1.13,1.69
2013.05.20 06:27:52.445,1.56001,1.56027,2.82,1.32
2013.05.20 06:27:52.565,1.56001,1.56029,3.57,3.57
2013.05.20 06:27:52.866,1.56009,1.56029,1.13,2.07
2013.05.20 06:27:53.046,1.56012,1.56033,1.50,1.13
2013.05.20 06:27:53.106,1.56012,1.56033,1.50,1.13
2013.05.20 06:27:53.166,1.56012,1.56037,1.50,1.69
2013.05.20 06:27:54.395,1.56013,1.5604,1.69,2.82
2013.05.20 06:27:54.650,1.56011,1.56036,2.44,1.50
2013.05.20 06:27:54.716,1.56011,1.56036,1.50,2.44
2013.05.20 06:27:55.023,1.5601,1.56034,1.09,1.50
2013.05.20 06:27:57.034,1.5601,1.56034,1.09,1.13
2013.05.20 06:27:57.355,1.5601,1.56037,1.84,3.57
2013.05.20 06:27:57.595,1.5601,1.56035,1.65,1.69
2013.05.20 06:28:01.626,1.56011,1.56037,1.69,1.32
2013.05.20 06:28:03.894,1.5601,1.56037,1.69,1.32
2013.05.20 06:28:04.445,1.5601,1.56034,1.69,2.40
2013.05.20 06:28:04.646,1.56004,1.56032,1.69,2.82
2013.05.20 06:28:04.706,1.56002,1.56029,2.44,1.09
2013.05.20 06:28:06.816,1.56004,1.5603,1.69,1.09
2013.05.20 06:28:06.875,1.56005,1.5603,1.50,1.09
2013.05.20 06:28:06.995,1.56002,1.5603,3.94,1.69
2013.05.20 06:28:07.114,1.56002,1.5603,3.94,2.07
2013.05.20 06:28:07.365,1.56003,1.5603,1.69,1.69
2013.05.20 06:28:11.516,1.56005,1.5603,3.94,1.50
2013.05.20 06:28:11.755,1.56009,1.56034,1.88,1.69
2013.05.20 06:28:12.345,1.56009,1.56033,2.63,1.69
2013.05.20 06:28:13.554,1.56009,1.56033,1.88,1.69
2013.05.20 06:28:13.817,1.56009,1.56033,2.07,1.50
2013.05.20 06:28:17.965,1.56009,1.56034,1.69,1.69
2013.05.20 06:28:18.267,1.5601,1.56034,1.84,1.69
2013.05.20 06:28:20.090,1.5601,1.56035,1.84,1.69
2013.05.20 06:28:28.746,1.5601,1.56035,1.65,1.69
2013.05.20 06:28:30.465,1.5601,1.56035,1.65,1.69
2013.05.20 06:28:30.705,1.56008,1.5603,1.32,1.50
2013.05.20 06:28:30.885,1.56008,1.56029,1.32,1.50
2013.05.20 06:28:31.476,1.56004,1.56028,1.65,1.69
2013.05.20 06:28:31.835,1.56004,1.56028,1.50,1.69
2013.05.20 06:28:31.895,1.56004,1.56028,1.50,1.69
2013.05.20 06:28:33.366,1.56002,1.56027,1.13,1.69
2013.05.20 06:28:33.425,1.56001,1.56024,2.25,1.09
2013.05.20 06:28:33.965,1.56001,1.56025,1.50,1.69
2013.05.20 06:28:34.735,1.55997,1.56024,2.44,1.69
2013.05.20 06:28:35.415,1.55997,1.56022,1.69,1.50
2013.05.20 06:28:35.475,1.55997,1.56024,1.69,1.69
2013.05.20 06:28:36.167,1.55996,1.56024,2.44,1.69
2013.05.20 06:28:36.344,1.55996,1.56023,2.44,1.13
2013.05.20 06:28:36.946,1.55997,1.56024,2.44,1.47
2013.05.20 06:28:37.677,1.55998,1.56025,1.69,2.22
2013.05.20 06:28:38.446,1.55998,1.56024,2.44,1.84
2013.05.20 06:28:39.027,1.55995,1.5602,1.69,1.09
2013.05.20 06:28:39.298,1.55995,1.5602,1.69,1.09
2013.05.20 06:28:41.225,1.55997,1.56023,2.44,2.25
2013.05.20 06:28:41.590,1.55999,1.56023,1.69,1.50
2013.05.20 06:28:41.895,1.55997,1.56023,2.44,1.50
2013.05.20 06:28:44.615,1.55996,1.56022,3.19,1.09
2013.05.20 06:28:46.036,1.55995,1.56021,1.69,1.65
2013.05.20 06:28:51.487,1.55995,1.5602,1.69,2.40
2013.05.20 06:28:51.611,1.55995,1.56018,1.69,1.50
2013.05.20 06:28:55.316,1.55995,1.56019,1.32,1.69
2013.05.20 06:28:57.725,1.55995,1.5602,1.32,2.44
2013.05.20 06:28:58.965,1.55996,1.56022,1.69,1.47
2013.05.20 06:28:59.905,1.55997,1.56024,1.69,2.44
2013.05.20 06:28:59.969,1.55997,1.56024,2.07,2.44
2013.05.20 06:29:00.275,1.55999,1.56024,1.13,2.59
2013.05.20 06:29:00.735,1.55997,1.56022,1.32,1.09
2013.05.20 06:29:00.813,1.55997,1.56019,1.32,1.50
2013.05.20 06:29:00.995,1.55996,1.56018,1.32,1.50
2013.05.20 06:29:01.544,1.55993,1.56017,1.32,1.65
2013.05.20 06:29:01.727,1.55995,1.56017,1.50,1.50
2013.05.20 06:29:01.905,1.55997,1.56021,1.13,3.72
2013.05.20 06:29:03.475,1.55997,1.56021,1.88,1.47
2013.05.20 06:29:04.035,1.55996,1.56021,1.13,2.97
2013.05.20 06:29:07.634,1.55994,1.56018,1.13,1.09
2013.05.20 06:29:07.935,1.55992,1.56015,1.32,1.13
2013.05.20 06:29:08.474,1.55991,1.56014,2.25,1.84
2013.05.20 06:29:09.043,1.55989,1.56016,1.69,2.82
2013.05.20 06:29:09.596,1.55991,1.56015,1.50,1.69
2013.05.20 06:29:15.665,1.55989,1.56016,2.44,2.07
2013.05.20 06:29:18.880,1.55988,1.56013,2.44,2.40
2013.05.20 06:29:19.596,1.55983,1.56009,2.59,2.25
2013.05.20 06:29:20.521,1.55983,1.56005,2.44,1.50
2013.05.20 06:29:20.620,1.5599,1.56013,1.50,1.24
2013.05.20 06:29:22.748,1.5599,1.56013,1.50,1.24
2013.05.20 06:29:23.046,1.5599,1.56013,1.69,1.05
2013.05.20 06:29:23.179,1.55992,1.56016,1.50,1.09
2013.05.20 06:29:23.846,1.5599,1.56017,1.69,1.32
2013.05.20 06:29:24.745,1.55991,1.56018,1.50,3.72
2013.05.20 06:29:25.294,1.55993,1.56018,1.50,2.59
2013.05.20 06:29:25.726,1.55993,1.56018,1.69,1.84
2013.05.20 06:29:25.964,1.55993,1.56018,1.69,2.07
2013.05.20 06:29:26.145,1.5599,1.56015,2.25,1.84
2013.05.20 06:29:26.205,1.55988,1.56013,1.69,1.09
2013.05.20 06:29:26.744,1.55987,1.56013,2.44,1.84
2013.05.20 06:29:28.434,1.55987,1.56013,1.69,1.84
2013.05.20 06:29:29.105,1.55988,1.56013,1.69,1.84
2013.05.20 06:29:29.408,1.55996,1.56019,1.50,1.32
2013.05.20 06:29:29.476,1.55998,1.56021,1.50,1.84
2013.05.20 06:29:29.535,1.55998,1.56021,2.25,1.09
2013.05.20 06:29:30.075,1.56,1.56023,2.44,1.88
2013.05.20 06:29:30.875,1.56,1.56025,2.44,1.09
2013.05.20 06:29:31.578,1.56,1.56024,2.44,1.47
2013.05.20 06:29:32.895,1.55998,1.56024,2.44,1.28
2013.05.20 06:29:38.461,1.55998,1.56025,2.44,2.59
2013.05.20 06:29:38.768,1.56,1.56025,1.69,2.59
2013.05.20 06:29:39.197,1.56002,1.56027,2.44,1.13
2013.05.20 06:29:39.736,1.55998,1.56024,2.44,2.59
2013.05.20 06:29:39.857,1.55996,1.56024,3.19,2.59
2013.05.20 06:29:41.355,1.55996,1.56021,1.50,3.19
2013.05.20 06:29:41.967,1.55996,1.56021,2.25,2.44
2013.05.20 06:29:42.297,1.55994,1.5602,2.07,1.65
2013.05.20 06:29:42.607,1.55996,1.56022,1.32,1.69
2013.05.20 06:29:42.676,1.55998,1.56024,1.32,3.57
2013.05.20 06:29:42.856,1.56001,1.56027,1.69,1.69
2013.05.20 06:29:43.395,1.56002,1.56028,2.44,1.32
2013.05.20 06:29:43.945,1.56001,1.56028,1.69,2.82
2013.05.20 06:29:44.496,1.55999,1.56026,3.19,1.50
2013.05.20 06:29:45.036,1.56001,1.56028,1.69,1.69
2013.05.20 06:29:45.105,1.56002,1.56028,1.50,1.69
2013.05.20 06:29:45.226,1.56001,1.56028,1.69,1.69
2013.05.20 06:29:45.733,1.56002,1.56028,1.50,2.44
2013.05.20 06:29:46.250,1.56001,1.56028,2.44,2.44
2013.05.20 06:29:46.785,1.56001,1.56028,1.69,2.44
2013.05.20 06:29:47.567,1.56001,1.56028,2.07,2.44
2013.05.20 06:29:47.829,1.56002,1.56028,1.28,1.69
2013.05.20 06:29:48.413,1.56003,1.56029,1.65,2.07
2013.05.20 06:29:50.134,1.56005,1.56029,1.50,1.69
2013.05.20 06:29:54.207,1.56005,1.56031,2.25,1.69
2013.05.20 06:29:55.237,1.56005,1.5603,1.50,1.69
2013.05.20 06:29:55.426,1.56003,1.56029,1.32,1.69
2013.05.20 06:29:55.991,1.56002,1.56029,3.94,1.69
2013.05.20 06:29:56.297,1.56002,1.56026,2.82,2.25
2013.05.20 06:29:57.705,1.56003,1.56032,1.32,3.19
2013.05.20 06:29:57.945,1.56004,1.56032,1.69,3.19
2013.05.20 06:30:00.076,1.56005,1.56033,2.25,2.59
2013.05.20 06:30:00.135,1.56007,1.56033,2.44,1.09
2013.05.20 06:30:00.197,1.56011,1.56035,1.50,1.09
2013.05.20 06:30:00.734,1.5601,1.56039,2.63,1.69
2013.05.20 06:30:01.035,1.56013,1.56039,1.50,1.69
2013.05.20 06:30:01.345,1.56014,1.56041,1.32,1.84
2013.05.20 06:30:02.233,1.56013,1.56039,1.69,1.09
2013.05.20 06:30:02.310,1.56012,1.56036,1.32,1.69
2013.05.20 06:30:02.381,1.5601,1.56036,1.69,1.69
2013.05.20 06:30:02.598,1.56016,1.56038,1.13,2.44
2013.05.20 06:30:02.726,1.56018,1.56042,1.13,1.09
2013.05.20 06:30:03.275,1.56018,1.56041,1.13,1.69
2013.05.20 06:30:03.753,1.56014,1.56041,1.32,1.69
2013.05.20 06:30:04.355,1.56013,1.56039,3.57,1.09
2013.05.20 06:30:04.535,1.56013,1.56039,2.82,1.09
2013.05.20 06:30:04.875,1.56015,1.56041,2.44,1.69
2013.05.20 06:30:04.995,1.56015,1.56041,3.19,1.69
2013.05.20 06:30:05.795,1.56015,1.56041,3.19,1.69
2013.05.20 06:30:07.482,1.56016,1.56041,1.13,1.69
2013.05.20 06:30:08.035,1.56013,1.5604,1.69,1.69
2013.05.20 06:30:09.585,1.56015,1.5604,1.69,1.69
2013.05.20 06:30:10.202,1.56015,1.5604,1.69,1.69
2013.05.20 06:30:14.256,1.56015,1.56039,1.69,2.44
2013.05.20 06:30:14.615,1.56011,1.56035,1.69,1.65
2013.05.20 06:30:14.676,1.5601,1.56035,3.19,2.40
2013.05.20 06:30:14.736,1.5601,1.56033,2.07,1.13
2013.05.20 06:30:14.805,1.56008,1.56033,1.69,1.47
2013.05.20 06:30:14.925,1.56006,1.56033,1.84,1.47
2013.05.20 06:30:14.985,1.56006,1.56032,1.84,1.50
2013.05.20 06:30:15.225,1.56006,1.56032,1.09,1.65
2013.05.20 06:30:15.655,1.56003,1.56025,1.69,1.13
2013.05.20 06:30:15.777,1.56002,1.56023,2.82,1.13
2013.05.20 06:30:16.674,1.56002,1.56023,1.69,1.13
2013.05.20 06:30:21.266,1.56002,1.56025,1.69,1.65
2013.05.20 06:30:21.325,1.56002,1.56027,1.69,1.09
2013.05.20 06:30:21.386,1.56002,1.56027,1.69,1.09
2013.05.20 06:30:22.415,1.56002,1.56027,2.44,1.09
2013.05.20 06:30:22.776,1.56005,1.56028,1.50,1.84
2013.05.20 06:30:23.806,1.56005,1.56028,1.69,1.65
2013.05.20 06:30:24.504,1.56007,1.56031,1.50,1.32
2013.05.20 06:30:25.735,1.56007,1.56032,1.50,1.24
2013.05.20 06:30:25.854,1.56007,1.56033,1.50,1.84
2013.05.20 06:30:26.156,1.56006,1.56029,1.69,1.65
2013.05.20 06:30:26.515,1.56003,1.56026,2.07,1.65
2013.05.20 06:30:27.895,1.56003,1.56028,1.32,1.84
2013.05.20 06:30:28.196,1.56003,1.56027,1.32,1.65
2013.05.20 06:30:28.485,1.56003,1.56027,1.32,1.65
2013.05.20 06:30:28.545,1.56003,1.56018,1.32,1.50
2013.05.20 06:30:28.605,1.56,1.56018,1.32,1.50
2013.05.20 06:30:28.667,1.55998,1.56011,1.32,1.50
2013.05.20 06:30:28.798,1.55991,1.56008,1.13,2.25
2013.05.20 06:30:28.927,1.55991,1.56004,1.13,1.58
2013.05.20 06:30:29.171,1.55982,1.55995,1.13,1.50
2013.05.20 06:30:29.384,1.55977,1.55994,2.40,1.77
2013.05.20 06:30:29.519,1.55969,1.55991,1.32,1.58
2013.05.20 06:30:29.588,1.55969,1.55993,1.32,2.44
2013.05.20 06:30:29.992,1.55972,1.55994,2.25,2.44
2013.05.20 06:30:30.059,1.55973,1.55993,1.69,1.50
2013.05.20 06:30:30.125,1.55973,1.55997,1.69,1.09
2013.05.20 06:30:30.186,1.55974,1.55997,1.69,1.09
2013.05.20 06:30:30.498,1.55976,1.55999,2.25,1.54
2013.05.20 06:30:32.270,1.55977,1.55997,1.50,1.32
2013.05.20 06:30:32.885,1.55977,1.55998,1.50,1.09
2013.05.20 06:30:33.125,1.55977,1.55997,1.50,1.09
2013.05.20 06:30:34.025,1.55978,1.55998,1.50,1.28
2013.05.20 06:30:34.205,1.55972,1.55993,1.69,1.13
2013.05.20 06:30:34.456,1.55972,1.55997,1.69,1.09
2013.05.20 06:30:35.005,1.55972,1.55997,1.69,1.09
2013.05.20 06:30:35.536,1.55972,1.55997,1.69,1.09
2013.05.20 06:30:36.583,1.55974,1.55994,1.69,1.65
2013.05.20 06:30:37.345,1.55976,1.55998,1.50,1.84
2013.05.20 06:30:37.647,1.55982,1.56001,1.69,1.50
2013.05.20 06:30:37.777,1.55981,1.56004,1.84,1.50
2013.05.20 06:30:38.273,1.55979,1.55999,1.69,1.05
2013.05.20 06:30:38.478,1.55966,1.55987,3.00,1.28
2013.05.20 06:30:38.607,1.55966,1.55987,2.25,1.88
2013.05.20 06:30:38.737,1.55961,1.55985,1.69,1.65
2013.05.20 06:30:38.809,1.55961,1.55985,2.44,1.13
2013.05.20 06:30:38.937,1.5596,1.55985,1.69,1.65
2013.05.20 06:30:39.186,1.55965,1.55987,1.50,1.13
2013.05.20 06:30:39.499,1.55965,1.55986,1.50,1.28
2013.05.20 06:30:39.847,1.55956,1.55981,1.69,1.09
2013.05.20 06:30:40.410,1.55955,1.55982,2.44,2.44
2013.05.20 06:30:40.925,1.55955,1.5598,2.44,1.69
2013.05.20 06:30:41.166,1.55955,1.5598,3.19,2.44
2013.05.20 06:30:41.229,1.55959,1.5598,1.50,1.50
2013.05.20 06:30:41.356,1.5596,1.55983,2.25,1.69
2013.05.20 06:30:41.667,1.55961,1.55986,1.69,1.69
2013.05.20 06:30:41.809,1.55967,1.55991,1.69,2.25
2013.05.20 06:30:42.116,1.5597,1.55993,1.50,3.00
2013.05.20 06:30:42.366,1.5597,1.55993,1.50,1.50
2013.05.20 06:30:42.485,1.55969,1.55993,1.69,1.50
2013.05.20 06:30:42.546,1.55969,1.55993,1.69,1.50
2013.05.20 06:30:43.188,1.55967,1.55993,1.69,1.65
2013.05.20 06:30:43.436,1.55966,1.55987,1.69,1.50
2013.05.20 06:30:43.677,1.55965,1.55988,1.69,3.00
2013.05.20 06:30:43.799,1.55965,1.55987,1.69,1.50
2013.05.20 06:30:44.480,1.55966,1.5599,3.19,1.50
2013.05.20 06:30:44.547,1.55968,1.5599,1.50,1.50
2013.05.20 06:30:44.609,1.5597,1.55994,1.69,3.19
2013.05.20 06:30:44.976,1.55969,1.55992,1.69,3.15
2013.05.20 06:30:45.277,1.55971,1.55994,1.50,2.44
2013.05.20 06:30:45.634,1.55971,1.55994,2.25,1.69
2013.05.20 06:30:46.567,1.55972,1.55995,2.44,2.25
2013.05.20 06:30:46.806,1.55972,1.55995,2.44,2.25
2013.05.20 06:30:47.605,1.55973,1.55996,2.44,1.47
2013.05.20 06:30:47.727,1.55977,1.56,2.25,1.32
2013.05.20 06:30:47.846,1.55978,1.56002,1.50,1.84
2013.05.20 06:30:48.398,1.55979,1.56002,1.50,1.09
2013.05.20 06:30:48.527,1.5598,1.56001,1.50,1.28
2013.05.20 06:30:48.887,1.5598,1.56002,1.50,1.47
2013.05.20 06:30:48.947,1.5598,1.56002,1.50,1.09
2013.05.20 06:30:49.817,1.5598,1.56002,2.25,2.22
2013.05.20 06:30:50.138,1.55977,1.55999,1.69,2.03
2013.05.20 06:30:50.267,1.55975,1.55995,1.69,1.50
2013.05.20 06:30:50.348,1.55974,1.55995,2.44,1.50
2013.05.20 06:30:50.759,1.55971,1.55992,1.50,1.13
2013.05.20 06:30:50.825,1.55971,1.55997,1.50,3.57
2013.05.20 06:30:50.886,1.55973,1.55997,1.13,3.19
2013.05.20 06:30:51.188,1.55974,1.55999,2.44,2.44
2013.05.20 06:30:51.546,1.55974,1.55998,3.19,1.50
2013.05.20 06:30:52.241,1.55976,1.55998,1.69,2.25
2013.05.20 06:30:52.796,1.55975,1.55998,1.32,2.25
2013.05.20 06:30:53.316,1.55975,1.55998,1.69,1.50
2013.05.20 06:30:54.072,1.55974,1.55995,1.32,1.50
2013.05.20 06:30:55.727,1.55974,1.55996,1.32,1.50
2013.05.20 06:30:56.266,1.55974,1.55997,2.07,2.25
2013.05.20 06:30:59.026,1.55974,1.55998,1.69,1.50
2013.05.20 06:30:59.576,1.55974,1.55998,1.69,3.00
2013.05.20 06:31:00.426,1.55974,1.55996,1.69,1.50
2013.05.20 06:31:00.618,1.55976,1.55996,1.09,1.50
2013.05.20 06:31:01.000,1.55973,1.55995,2.07,2.25
2013.05.20 06:31:01.188,1.55971,1.55993,1.32,3.00
2013.05.20 06:31:01.261,1.55971,1.55993,1.69,1.50
2013.05.20 06:31:01.567,1.5597,1.55988,2.07,1.50
2013.05.20 06:31:01.897,1.5597,1.55991,1.32,2.25
2013.05.20 06:31:01.967,1.5597,1.55991,1.32,1.50
2013.05.20 06:31:02.147,1.55968,1.55991,1.88,2.07
2013.05.20 06:31:02.922,1.55967,1.5599,1.69,1.84
2013.05.20 06:31:03.667,1.55967,1.55987,1.69,1.88
2013.05.20 06:31:03.868,1.55966,1.55987,1.50,1.09
2013.05.20 06:31:04.139,1.55967,1.55988,1.50,1.69
2013.05.20 06:31:04.519,1.55963,1.55987,1.69,1.69
2013.05.20 06:31:04.711,1.55962,1.55984,2.59,1.50
2013.05.20 06:31:05.021,1.55958,1.55982,3.57,1.50
2013.05.20 06:31:05.388,1.55958,1.5598,1.32,1.50
2013.05.20 06:31:05.647,1.55953,1.55977,3.19,1.50
2013.05.20 06:31:05.724,1.55952,1.55977,2.59,1.88
2013.05.20 06:31:06.048,1.55951,1.55972,1.69,1.50
2013.05.20 06:31:07.718,1.55949,1.55972,2.44,1.50
2013.05.20 06:31:08.366,1.55949,1.55971,2.44,1.50
2013.05.20 06:31:10.917,1.55951,1.55971,1.09,1.50
2013.05.20 06:31:11.228,1.55953,1.55976,2.44,1.50
2013.05.20 06:31:11.537,1.55957,1.55978,3.94,1.50
2013.05.20 06:31:11.887,1.55958,1.55982,2.44,1.50
2013.05.20 06:31:12.077,1.55958,1.55982,2.44,1.50
2013.05.20 06:31:12.538,1.55958,1.55982,1.69,1.50
2013.05.20 06:31:13.066,1.55958,1.55981,2.44,1.50
2013.05.20 06:31:13.629,1.5596,1.55981,1.50,1.50
2013.05.20 06:31:15.960,1.5596,1.55981,1.50,1.50
2013.05.20 06:31:16.207,1.55962,1.55985,2.97,1.13
2013.05.20 06:31:16.387,1.55968,1.55988,1.50,1.50
2013.05.20 06:31:16.458,1.55968,1.55992,3.00,3.19
2013.05.20 06:31:16.527,1.5597,1.55992,1.50,3.19
2013.05.20 06:31:16.906,1.55971,1.55989,1.50,1.50
2013.05.20 06:31:17.146,1.55967,1.55989,2.44,1.50
2013.05.20 06:31:17.447,1.55965,1.55987,1.69,2.25
2013.05.20 06:31:17.768,1.55965,1.55987,1.69,1.50
2013.05.20 06:31:18.129,1.55965,1.55987,2.44,1.50
2013.05.20 06:31:18.638,1.55967,1.55989,2.44,2.25
2013.05.20 06:31:22.257,1.55968,1.55992,2.25,3.19
2013.05.20 06:31:23.606,1.55967,1.55989,1.69,1.50
2013.05.20 06:31:28.288,1.55966,1.55989,2.82,1.50
2013.05.20 06:31:28.892,1.55968,1.5599,1.69,1.50
2013.05.20 06:31:30.355,1.55968,1.55989,1.69,1.50
2013.05.20 06:31:30.626,1.55968,1.5599,1.69,2.25
2013.05.20 06:31:30.869,1.55966,1.55989,1.69,1.50
2013.05.20 06:31:31.537,1.55965,1.55986,2.07,1.50
2013.05.20 06:31:32.059,1.55965,1.55985,1.69,1.50
2013.05.20 06:31:32.317,1.55967,1.5599,1.50,1.69
2013.05.20 06:31:33.206,1.55968,1.55991,1.50,1.69
2013.05.20 06:31:34.457,1.55968,1.55988,1.50,1.50
2013.05.20 06:31:34.518,1.55966,1.55986,1.50,1.50
2013.05.20 06:31:34.587,1.55964,1.55986,1.69,2.25
2013.05.20 06:31:34.706,1.55962,1.55986,3.19,2.25
2013.05.20 06:31:34.828,1.55965,1.55986,1.50,1.50
2013.05.20 06:31:35.136,1.55968,1.55989,1.69,2.25
2013.05.20 06:31:35.698,1.55966,1.55983,1.69,1.50
2013.05.20 06:31:35.828,1.55965,1.55986,2.44,1.13
2013.05.20 06:31:35.963,1.55965,1.55987,1.69,1.50
2013.05.20 06:31:36.968,1.55964,1.55987,1.69,2.25
2013.05.20 06:31:37.276,1.55961,1.55982,1.69,1.13
2013.05.20 06:31:37.852,1.55959,1.5598,1.69,1.50
2013.05.20 06:31:38.626,1.55956,1.5598,3.19,1.50
2013.05.20 06:31:38.827,1.55956,1.55979,3.19,1.50
2013.05.20 06:31:39.137,1.55952,1.55975,2.44,1.50
2013.05.20 06:31:40.666,1.55954,1.55973,1.69,1.50
2013.05.20 06:31:42.539,1.55953,1.55973,1.69,1.50
2013.05.20 06:31:43.053,1.55955,1.55976,1.69,2.03
2013.05.20 06:31:43.395,1.55963,1.55984,1.69,2.25
2013.05.20 06:31:43.467,1.55969,1.55985,1.50,1.50
2013.05.20 06:31:43.977,1.55973,1.55988,1.50,2.40
2013.05.20 06:31:44.288,1.55976,1.55993,2.25,1.13
2013.05.20 06:31:44.836,1.55978,1.55997,1.69,1.13
2013.05.20 06:31:44.979,1.55978,1.55999,1.69,1.50
2013.05.20 06:31:45.530,1.55978,1.55999,1.69,1.50
2013.05.20 06:31:45.987,1.55978,1.56003,2.44,3.00
2013.05.20 06:31:46.368,1.55979,1.56003,1.69,2.25
2013.05.20 06:31:46.924,1.55981,1.56003,1.69,2.25
2013.05.20 06:31:47.418,1.55981,1.56002,1.69,1.50
2013.05.20 06:31:48.728,1.55982,1.56,1.69,1.50
2013.05.20 06:31:48.798,1.5598,1.56,1.13,1.50
2013.05.20 06:31:48.931,1.5598,1.56,1.13,1.50
2013.05.20 06:31:49.437,1.5598,1.56001,1.88,1.50
2013.05.20 06:31:51.917,1.5598,1.56001,2.25,2.40
2013.05.20 06:31:52.036,1.55978,1.55998,1.69,1.65
2013.05.20 06:31:52.157,1.55977,1.55998,1.69,1.65
2013.05.20 06:31:52.277,1.55979,1.56001,1.69,1.50
2013.05.20 06:31:52.396,1.55979,1.56002,1.69,2.44
2013.05.20 06:31:53.076,1.55979,1.56002,1.69,2.44
2013.05.20 06:31:55.266,1.55979,1.55999,1.69,1.50
2013.05.20 06:31:55.568,1.55977,1.55996,1.69,1.50
2013.05.20 06:31:55.758,1.55978,1.56001,1.69,2.25
2013.05.20 06:31:59.545,1.5598,1.56001,2.07,1.50
2013.05.20 06:32:01.126,1.55981,1.56002,1.69,3.00
2013.05.20 06:32:06.077,1.55981,1.56001,2.44,1.50
2013.05.20 06:32:06.266,1.55982,1.56004,1.69,2.25
2013.05.20 06:32:06.387,1.55981,1.56004,2.44,3.00
2013.05.20 06:32:07.587,1.55983,1.56004,1.32,1.50
2013.05.20 06:32:07.706,1.55983,1.56006,1.32,2.25
2013.05.20 06:32:08.846,1.55984,1.56004,1.69,1.50
2013.05.20 06:32:09.266,1.55984,1.56006,1.69,1.50
2013.05.20 06:32:09.781,1.55985,1.56006,1.69,2.25
2013.05.20 06:32:11.536,1.55986,1.56006,1.69,1.50
2013.05.20 06:32:12.837,1.55986,1.56005,1.69,1.50
2013.05.20 06:32:12.967,1.55987,1.56007,1.69,2.25
2013.05.20 06:32:13.112,1.55987,1.56007,1.69,2.25
2013.05.20 06:32:13.237,1.55987,1.56007,2.44,1.50
2013.05.20 06:32:13.429,1.55987,1.56007,2.44,2.25
2013.05.20 06:32:13.856,1.55987,1.56008,2.44,1.50
2013.05.20 06:32:15.606,1.55987,1.56008,2.44,1.50
2013.05.20 06:32:16.229,1.55987,1.56008,2.44,1.50
2013.05.20 06:32:16.547,1.55987,1.56008,2.44,2.25
2013.05.20 06:32:17.209,1.55987,1.56008,2.44,1.50
2013.05.20 06:32:17.556,1.55987,1.56008,2.44,1.50
2013.05.20 06:32:19.315,1.55987,1.56008,1.69,1.50
2013.05.20 06:32:20.395,1.55987,1.56008,1.69,1.50
2013.05.20 06:32:21.985,1.55985,1.56008,2.44,2.25
2013.05.20 06:32:22.287,1.55984,1.56003,1.50,1.50
2013.05.20 06:32:22.594,1.55982,1.55996,1.50,1.50
2013.05.20 06:32:22.776,1.55975,1.55997,3.57,1.50
2013.05.20 06:32:23.298,1.55975,1.55998,3.57,1.50
2013.05.20 06:32:24.096,1.55977,1.55999,1.69,2.25
2013.05.20 06:32:24.156,1.55979,1.55999,1.69,2.25
2013.05.20 06:32:25.236,1.55981,1.55999,1.69,1.50
2013.05.20 06:32:25.366,1.55983,1.56006,2.44,1.13
2013.05.20 06:32:26.516,1.55986,1.56006,1.69,1.50
2013.05.20 06:32:27.836,1.55986,1.56007,1.69,2.25
2013.05.20 06:32:28.086,1.55986,1.56006,1.69,1.50
2013.05.20 06:32:33.949,1.55986,1.56008,1.69,1.50
2013.05.20 06:32:34.206,1.55986,1.56007,1.69,1.50
2013.05.20 06:32:35.785,1.55986,1.56007,1.69,1.50
2013.05.20 06:32:37.057,1.55987,1.56007,1.69,1.50
2013.05.20 06:32:39.006,1.55987,1.56008,1.69,1.50
2013.05.20 06:32:39.287,1.55987,1.56007,1.69,1.50
2013.05.20 06:32:40.219,1.55987,1.56009,1.69,1.88
2013.05.20 06:32:40.586,1.55987,1.56007,2.44,1.50
2013.05.20 06:32:41.456,1.55987,1.56009,3.19,1.88
2013.05.20 06:32:41.697,1.55987,1.56007,2.44,1.50
2013.05.20 06:32:44.017,1.55987,1.56005,1.69,1.13
2013.05.20 06:32:44.399,1.55981,1.55996,1.69,1.50
2013.05.20 06:32:44.471,1.55981,1.56001,1.50,2.40
2013.05.20 06:32:44.721,1.55984,1.56003,1.69,1.50
2013.05.20 06:32:45.267,1.55984,1.56004,2.44,1.50
2013.05.20 06:32:45.447,1.55989,1.56009,1.13,1.50
2013.05.20 06:32:45.792,1.55991,1.5601,2.07,2.25
2013.05.20 06:32:46.321,1.5599,1.56012,1.69,1.50
2013.05.20 06:32:47.690,1.55989,1.5601,2.44,1.50
2013.05.20 06:32:48.027,1.55989,1.56012,1.69,2.25
2013.05.20 06:32:54.996,1.55989,1.56009,1.69,1.50
2013.05.20 06:32:55.347,1.55987,1.56011,2.44,1.50
2013.05.20 06:32:55.537,1.55987,1.56009,1.69,2.63
2013.05.20 06:32:56.077,1.55987,1.56007,1.69,1.50
2013.05.20 06:32:56.456,1.55989,1.5601,1.69,1.50
2013.05.20 06:32:56.997,1.55987,1.56008,2.44,1.50
2013.05.20 06:32:57.677,1.55987,1.56009,2.44,1.50
2013.05.20 06:32:57.997,1.55987,1.56008,2.44,1.50
2013.05.20 06:33:05.839,1.55984,1.56004,1.69,1.13
2013.05.20 06:33:06.156,1.55982,1.56,1.32,1.50
2013.05.20 06:33:07.060,1.55982,1.56004,2.07,1.88
2013.05.20 06:33:07.193,1.55986,1.56006,1.69,1.50
2013.05.20 06:33:07.736,1.55986,1.56006,1.69,1.50
2013.05.20 06:33:08.376,1.55986,1.56006,1.69,2.25
2013.05.20 06:33:08.954,1.55986,1.56006,1.69,1.50
2013.05.20 06:33:09.488,1.55986,1.56006,1.69,2.25
2013.05.20 06:33:09.677,1.55984,1.56006,1.69,2.25
2013.05.20 06:33:12.337,1.55986,1.56008,2.44,2.25
2013.05.20 06:33:12.709,1.55987,1.5601,2.44,2.25
2013.05.20 06:33:12.777,1.55987,1.5601,2.44,1.50
2013.05.20 06:33:13.027,1.55987,1.5601,2.44,2.25
2013.05.20 06:33:13.799,1.55987,1.5601,2.44,1.50
2013.05.20 06:33:14.354,1.5599,1.5601,1.69,2.25
2013.05.20 06:33:16.056,1.5599,1.5601,1.69,1.50
2013.05.20 06:33:17.157,1.55987,1.5601,1.69,2.25
2013.05.20 06:33:18.006,1.5599,1.5601,1.69,1.50
2013.05.20 06:33:18.097,1.55987,1.5601,2.44,1.50
2013.05.20 06:33:22.630,1.55987,1.5601,2.44,1.50
2013.05.20 06:33:26.018,1.55989,1.56008,1.69,1.50
2013.05.20 06:33:26.088,1.55989,1.5601,3.19,1.50
2013.05.20 06:33:26.337,1.55989,1.56009,2.44,1.50
2013.05.20 06:33:26.637,1.55986,1.56008,2.44,1.50
2013.05.20 06:33:26.756,1.55986,1.56008,2.44,3.00
2013.05.20 06:33:27.719,1.55986,1.56006,2.44,1.50
2013.05.20 06:33:28.847,1.55986,1.56008,2.44,2.25
2013.05.20 06:33:28.967,1.55986,1.56009,2.44,3.00
2013.05.20 06:33:29.767,1.55986,1.56008,2.44,2.25
2013.05.20 06:33:30.374,1.55989,1.56008,1.69,2.25
2013.05.20 06:33:30.918,1.55986,1.56008,2.44,2.25
2013.05.20 06:33:31.437,1.55987,1.56008,1.69,1.50
2013.05.20 06:33:31.736,1.55991,1.56012,2.07,1.50
2013.05.20 06:33:31.855,1.55992,1.56013,2.44,2.25
2013.05.20 06:33:31.917,1.55992,1.56015,2.44,1.50
2013.05.20 06:33:37.736,1.55992,1.56014,1.69,1.50
2013.05.20 06:33:38.191,1.5599,1.56013,2.44,1.50
2013.05.20 06:33:43.012,1.55991,1.56013,1.69,1.50
2013.05.20 06:33:44.526,1.55991,1.56013,1.69,1.50
2013.05.20 06:33:45.214,1.55991,1.56011,1.69,2.25
2013.05.20 06:33:45.527,1.55987,1.56009,1.69,3.00
2013.05.20 06:33:46.126,1.55987,1.56009,1.69,2.25
2013.05.20 06:33:47.191,1.55986,1.56009,2.44,2.25
2013.05.20 06:33:47.947,1.55986,1.56006,1.69,1.50
2013.05.20 06:33:48.249,1.55983,1.56006,1.69,2.25
2013.05.20 06:33:49.509,1.55981,1.56004,1.69,2.25
2013.05.20 06:33:49.708,1.55981,1.56002,1.69,1.65
2013.05.20 06:33:49.778,1.55978,1.55999,1.69,1.50
2013.05.20 06:33:51.359,1.55979,1.55999,1.69,1.50
2013.05.20 06:33:51.908,1.55978,1.56,1.69,1.50
2013.05.20 06:33:53.647,1.55978,1.55999,1.69,1.50
2013.05.20 06:33:54.184,1.55981,1.56001,1.69,1.50
2013.05.20 06:33:54.747,1.55981,1.56001,3.19,1.50
2013.05.20 06:33:55.273,1.55981,1.56001,2.44,1.50
2013.05.20 06:33:56.747,1.55982,1.56001,2.44,1.50
2013.05.20 06:33:56.880,1.55983,1.56007,3.19,1.69
2013.05.20 06:33:56.949,1.55986,1.56009,2.25,1.69
2013.05.20 06:33:57.019,1.55988,1.56011,1.69,2.25
2013.05.20 06:33:57.149,1.55988,1.56011,1.69,2.25
2013.05.20 06:33:57.459,1.55982,1.56005,3.19,1.88
2013.05.20 06:33:57.528,1.55982,1.56003,2.44,1.65
2013.05.20 06:33:58.047,1.55978,1.56,1.69,1.50
2013.05.20 06:34:01.007,1.55978,1.56,1.69,1.50
2013.05.20 06:34:02.018,1.55976,1.55999,2.44,1.50
2013.05.20 06:34:03.968,1.55974,1.55995,1.69,2.25
2013.05.20 06:34:04.158,1.55969,1.55991,2.82,2.40
2013.05.20 06:34:05.338,1.55972,1.55991,1.69,1.50
2013.05.20 06:34:05.587,1.55976,1.55998,2.40,3.94
2013.05.20 06:34:05.887,1.55977,1.56001,1.69,2.44
2013.05.20 06:34:06.024,1.55977,1.56002,2.44,2.44
2013.05.20 06:34:06.754,1.55979,1.56002,1.69,2.25
2013.05.20 06:34:07.356,1.5598,1.56001,1.69,2.25
2013.05.20 06:34:08.896,1.5598,1.56,2.44,1.50
2013.05.20 06:34:09.569,1.55977,1.55999,2.44,1.50
2013.05.20 06:34:09.756,1.55977,1.56,1.69,2.25
2013.05.20 06:34:09.977,1.55977,1.55999,1.69,1.50
2013.05.20 06:34:10.571,1.55977,1.55999,1.69,1.50
2013.05.20 06:34:11.087,1.55976,1.55997,3.19,2.25
2013.05.20 06:34:11.388,1.55975,1.55995,1.69,1.50
2013.05.20 06:34:11.697,1.55975,1.55992,1.69,1.50
2013.05.20 06:34:12.658,1.55972,1.55991,1.69,1.50
2013.05.20 06:34:13.817,1.55972,1.55991,1.69,1.50
2013.05.20 06:34:15.408,1.55972,1.55992,1.69,1.50
2013.05.20 06:34:15.658,1.55968,1.55992,3.19,1.50
2013.05.20 06:34:15.907,1.55972,1.55993,2.44,2.25
2013.05.20 06:34:17.568,1.55972,1.55993,2.44,2.25
2013.05.20 06:34:19.682,1.55972,1.55993,2.44,2.25
2013.05.20 06:34:19.878,1.55972,1.55993,2.44,1.50
2013.05.20 06:34:21.479,1.55972,1.55995,1.69,2.25
2013.05.20 06:34:21.608,1.55971,1.55993,1.50,1.50
2013.05.20 06:34:21.798,1.5597,1.5599,1.69,1.50
2013.05.20 06:34:22.057,1.5597,1.55992,3.19,1.50
2013.05.20 06:34:23.156,1.5597,1.55992,2.44,1.50
2013.05.20 06:34:24.632,1.5597,1.55992,1.69,1.50
2013.05.20 06:34:25.121,1.55973,1.55993,1.50,1.69
2013.05.20 06:34:25.308,1.55973,1.55995,1.50,1.69
2013.05.20 06:34:29.359,1.55973,1.55993,1.69,2.25
2013.05.20 06:34:29.427,1.55973,1.55993,1.69,2.25
2013.05.20 06:34:30.087,1.55971,1.55991,1.50,3.00
2013.05.20 06:34:34.611,1.55972,1.5599,1.50,1.50
2013.05.20 06:34:34.868,1.55972,1.5599,1.50,1.50
2013.05.20 06:34:35.625,1.55972,1.55991,1.50,3.00
2013.05.20 06:34:36.686,1.55968,1.5599,2.07,1.50
2013.05.20 06:34:37.594,1.55971,1.55988,1.50,1.50
2013.05.20 06:34:37.674,1.55971,1.55988,1.50,1.50
2013.05.20 06:34:41.868,1.55966,1.55985,1.69,1.50
2013.05.20 06:34:41.996,1.55964,1.55987,1.69,2.25
2013.05.20 06:34:42.536,1.5597,1.55987,1.50,2.25
2013.05.20 06:34:50.357,1.5597,1.5599,1.50,1.50
2013.05.20 06:34:50.508,1.5597,1.5599,1.50,1.50
2013.05.20 06:34:52.438,1.5597,1.5599,1.50,1.50
2013.05.20 06:34:53.368,1.5597,1.5599,1.50,3.00
2013.05.20 06:34:56.428,1.5597,1.55987,1.50,1.13
2013.05.20 06:34:56.726,1.55965,1.55987,1.69,4.13
2013.05.20 06:34:56.792,1.55965,1.55987,1.69,3.75
2013.05.20 06:34:56.856,1.55965,1.55987,1.69,2.25
2013.05.20 06:34:56.976,1.55965,1.55987,1.69,1.50
2013.05.20 06:34:57.217,1.55965,1.55988,1.69,1.50
2013.05.20 06:34:57.337,1.55965,1.55988,1.69,1.50
2013.05.20 06:34:58.498,1.55965,1.55988,1.50,1.69
2013.05.20 06:34:58.947,1.55965,1.55988,1.50,2.44
2013.05.20 06:34:59.187,1.55964,1.55987,2.25,2.97
2013.05.20 06:34:59.498,1.55961,1.55982,1.50,2.78
2013.05.20 06:35:00.169,1.55959,1.55978,1.50,1.69
2013.05.20 06:35:01.005,1.55959,1.55979,1.50,1.69
2013.05.20 06:35:01.247,1.55959,1.5598,1.50,3.00
2013.05.20 06:35:01.507,1.55961,1.55984,1.69,1.58
2013.05.20 06:35:01.567,1.55961,1.55984,3.19,1.50
2013.05.20 06:35:01.901,1.55973,1.55992,1.50,1.69
2013.05.20 06:35:02.157,1.55973,1.55993,1.50,1.69
2013.05.20 06:35:02.689,1.55973,1.55995,1.50,2.44
2013.05.20 06:35:02.887,1.55975,1.55995,1.50,1.69
2013.05.20 06:35:02.958,1.55976,1.55998,1.50,2.44
2013.05.20 06:35:03.029,1.55977,1.55998,1.50,1.69
2013.05.20 06:35:03.157,1.55977,1.55998,2.25,1.69
2013.05.20 06:35:03.460,1.55981,1.55999,1.50,1.50
2013.05.20 06:35:05.636,1.55978,1.55999,2.82,1.50
2013.05.20 06:35:07.631,1.5598,1.55999,1.50,1.50
2013.05.20 06:35:08.058,1.5598,1.55997,1.50,1.50
2013.05.20 06:35:08.252,1.55977,1.55997,2.44,1.50
2013.05.20 06:35:14.177,1.55976,1.55995,1.69,2.25
2013.05.20 06:35:14.859,1.55976,1.55996,1.69,1.50
2013.05.20 06:35:14.987,1.55977,1.55998,1.69,2.25
2013.05.20 06:35:15.107,1.55978,1.55998,1.69,1.50
2013.05.20 06:35:15.880,1.55978,1.55999,1.69,2.25
2013.05.20 06:35:18.148,1.55979,1.56,1.50,1.50
2013.05.20 06:35:18.613,1.55981,1.56002,1.50,1.50
2013.05.20 06:35:18.857,1.55979,1.56002,1.50,2.25
2013.05.20 06:35:19.566,1.55978,1.56002,2.82,2.25
2013.05.20 06:35:20.119,1.55978,1.56,2.82,1.50
2013.05.20 06:35:27.240,1.55979,1.56002,1.69,1.50
2013.05.20 06:35:27.306,1.55979,1.56003,2.44,2.25
2013.05.20 06:35:27.788,1.5598,1.56002,1.69,1.88
2013.05.20 06:35:28.348,1.5598,1.56002,1.69,1.88
2013.05.20 06:35:29.428,1.55982,1.56003,1.50,2.25
2013.05.20 06:35:29.738,1.55982,1.56003,1.50,2.63
2013.05.20 06:35:29.987,1.55984,1.56005,1.50,2.59
2013.05.20 06:35:30.379,1.55986,1.56005,1.50,1.84
2013.05.20 06:35:30.464,1.55988,1.56007,1.50,1.50
2013.05.20 06:35:30.528,1.55988,1.56009,1.69,2.25
2013.05.20 06:35:31.137,1.55988,1.56009,1.69,1.50
2013.05.20 06:35:32.387,1.55989,1.56012,1.50,2.07
2013.05.20 06:35:33.158,1.55989,1.5601,2.25,1.50
2013.05.20 06:35:33.711,1.55987,1.5601,3.94,1.50
2013.05.20 06:35:37.448,1.55988,1.56009,1.32,1.50
2013.05.20 06:35:38.377,1.55988,1.56009,1.69,2.25
2013.05.20 06:35:39.416,1.55989,1.56009,1.50,2.25
2013.05.20 06:35:39.536,1.55988,1.56009,1.69,2.25
2013.05.20 06:35:40.342,1.55988,1.56009,3.19,1.50
2013.05.20 06:35:40.657,1.55992,1.56012,3.19,1.50
2013.05.20 06:35:41.107,1.55989,1.56008,1.69,1.88
2013.05.20 06:35:41.468,1.55995,1.5601,1.50,1.50
2013.05.20 06:35:41.589,1.55995,1.56012,1.50,1.50
2013.05.20 06:35:41.660,1.55996,1.56012,1.50,1.50
2013.05.20 06:35:41.848,1.55996,1.56012,2.25,1.50
2013.05.20 06:35:42.218,1.55996,1.56014,1.50,2.25
2013.05.20 06:35:44.028,1.55992,1.56011,2.59,1.50
2013.05.20 06:35:44.157,1.55992,1.56014,1.84,2.25
2013.05.20 06:35:44.337,1.55992,1.56014,1.84,1.50
2013.05.20 06:35:44.459,1.55995,1.56014,2.25,1.50
2013.05.20 06:35:45.807,1.55996,1.56016,1.50,1.69
2013.05.20 06:35:46.047,1.55994,1.56014,1.69,1.50
2013.05.20 06:35:46.288,1.55992,1.56012,1.84,1.50
2013.05.20 06:35:46.357,1.55992,1.5601,1.84,1.50
2013.05.20 06:35:47.611,1.5599,1.56008,1.69,1.50
2013.05.20 06:35:47.756,1.55989,1.56008,1.09,1.50
2013.05.20 06:35:48.448,1.5599,1.56008,1.50,2.25
2013.05.20 06:35:49.748,1.55991,1.56008,1.69,2.25
2013.05.20 06:35:50.548,1.55991,1.56008,1.69,1.13
2013.05.20 06:35:50.618,1.55991,1.56008,1.69,1.88
2013.05.20 06:35:51.476,1.5599,1.56006,1.69,1.50
2013.05.20 06:35:51.972,1.5599,1.56006,1.69,1.50
2013.05.20 06:35:54.577,1.55987,1.56003,1.50,1.50
2013.05.20 06:35:54.760,1.55983,1.56006,2.44,2.25
2013.05.20 06:35:55.187,1.55982,1.56003,1.69,1.50
2013.05.20 06:35:56.906,1.55983,1.56006,1.69,1.50
2013.05.20 06:36:00.363,1.55982,1.56004,1.69,1.50
2013.05.20 06:36:01.127,1.55981,1.56004,2.59,1.50
2013.05.20 06:36:01.186,1.55981,1.56006,2.59,1.69
2013.05.20 06:36:01.696,1.55981,1.56004,1.84,1.50
2013.05.20 06:36:01.938,1.55983,1.56005,1.09,2.25
2013.05.20 06:36:02.457,1.55984,1.56007,2.59,1.50
2013.05.20 06:36:02.999,1.55983,1.56005,1.13,1.50
2013.05.20 06:36:03.187,1.55982,1.56004,1.69,2.25
2013.05.20 06:36:03.427,1.55981,1.56003,1.69,1.50
2013.05.20 06:36:03.937,1.5598,1.56001,2.07,1.65
2013.05.20 06:36:05.257,1.55977,1.55999,1.69,1.50
2013.05.20 06:36:05.779,1.55978,1.56,1.69,1.50
2013.05.20 06:36:06.507,1.55978,1.55999,1.50,1.50
2013.05.20 06:36:06.627,1.55976,1.55996,1.50,1.50
2013.05.20 06:36:08.608,1.55975,1.55995,1.69,1.50
2013.05.20 06:36:13.056,1.55975,1.55996,1.69,1.50
2013.05.20 06:36:13.427,1.55976,1.55995,1.69,1.50
2013.05.20 06:36:13.759,1.55979,1.55998,2.25,1.50
2013.05.20 06:36:14.066,1.55976,1.55995,1.69,2.25
2013.05.20 06:36:16.577,1.55978,1.55995,1.50,2.25
2013.05.20 06:36:16.887,1.55974,1.5599,1.69,2.70
2013.05.20 06:36:16.949,1.55974,1.55989,2.25,1.50
2013.05.20 06:36:17.020,1.55969,1.55987,1.69,1.13
2013.05.20 06:36:17.087,1.55967,1.55984,1.69,1.50
2013.05.20 06:36:17.148,1.55966,1.55984,1.69,1.50
2013.05.20 06:36:17.694,1.55965,1.55984,1.69,1.50
2013.05.20 06:36:18.127,1.55963,1.55982,1.50,2.25
2013.05.20 06:36:18.199,1.55963,1.55984,1.50,2.25
2013.05.20 06:36:18.268,1.55961,1.55984,3.34,2.63
2013.05.20 06:36:18.398,1.55965,1.55984,1.50,1.13
2013.05.20 06:36:20.568,1.55965,1.55984,1.50,2.25
2013.05.20 06:36:20.699,1.55966,1.55984,1.50,2.25
2013.05.20 06:36:20.887,1.55966,1.55984,1.50,2.25
2013.05.20 06:36:21.143,1.55966,1.55984,1.50,2.25
2013.05.20 06:36:21.657,1.55966,1.55984,1.50,2.25
2013.05.20 06:36:22.211,1.55966,1.55984,1.50,1.50
2013.05.20 06:36:24.470,1.55966,1.55984,1.50,1.50
2013.05.20 06:36:25.027,1.55966,1.55984,1.50,1.50
2013.05.20 06:36:25.619,1.55966,1.55984,1.65,1.50
2013.05.20 06:36:26.150,1.55967,1.55986,1.69,1.50
2013.05.20 06:36:26.590,1.55968,1.55986,1.69,1.50
2013.05.20 06:36:26.757,1.55966,1.55986,3.34,1.50
2013.05.20 06:36:29.218,1.55966,1.55983,1.69,1.50
2013.05.20 06:36:29.766,1.55966,1.55985,2.59,1.50
2013.05.20 06:36:32.220,1.55966,1.55985,2.44,1.50
2013.05.20 06:36:32.810,1.55966,1.55983,2.44,1.50
2013.05.20 06:36:33.469,1.55965,1.55983,2.25,1.50
2013.05.20 06:36:37.369,1.55966,1.55983,1.50,2.25
2013.05.20 06:36:37.917,1.55962,1.55983,1.84,3.00
2013.05.20 06:36:43.188,1.55962,1.55981,1.84,1.50
2013.05.20 06:36:43.319,1.55962,1.55978,1.84,1.50
2013.05.20 06:36:43.689,1.5596,1.55982,2.44,1.50
2013.05.20 06:36:43.878,1.55961,1.55982,2.82,2.25
2013.05.20 06:36:44.458,1.5596,1.5598,1.09,1.50
2013.05.20 06:36:45.348,1.55961,1.5598,2.44,1.50
2013.05.20 06:36:46.142,1.55962,1.5598,2.44,1.50
2013.05.20 06:36:47.856,1.55963,1.55981,1.50,1.50
2013.05.20 06:36:48.159,1.5596,1.55977,1.09,1.50
2013.05.20 06:36:48.289,1.5596,1.55977,1.09,1.50
2013.05.20 06:36:48.359,1.55959,1.55977,1.69,1.50
2013.05.20 06:36:48.488,1.55959,1.55977,1.69,1.50
2013.05.20 06:36:48.677,1.55958,1.55977,1.69,2.25
2013.05.20 06:36:49.227,1.55958,1.55978,1.69,1.13
2013.05.20 06:36:49.507,1.55959,1.55977,1.69,1.50
2013.05.20 06:36:50.078,1.55959,1.55978,1.69,1.13
2013.05.20 06:36:50.628,1.55962,1.55978,1.69,1.13
2013.05.20 06:36:53.319,1.55962,1.55981,1.50,1.50
2013.05.20 06:36:53.388,1.55963,1.55981,1.50,1.50
2013.05.20 06:36:53.727,1.55965,1.55982,1.50,1.13
2013.05.20 06:36:53.967,1.55963,1.55981,1.50,1.50
2013.05.20 06:36:54.027,1.55963,1.55977,1.50,1.13
2013.05.20 06:36:54.087,1.55961,1.55977,2.44,1.13
2013.05.20 06:36:54.617,1.55962,1.55977,1.50,1.13
2013.05.20 06:36:55.980,1.55967,1.55981,1.50,1.50
2013.05.20 06:36:59.210,1.55964,1.55982,1.69,1.13
2013.05.20 06:36:59.280,1.55964,1.55982,1.69,1.13
2013.05.20 06:37:00.567,1.55963,1.55981,2.44,1.13
2013.05.20 06:37:00.747,1.55965,1.55981,2.25,1.13
2013.05.20 06:37:04.437,1.55967,1.55981,1.50,1.13
2013.05.20 06:37:04.688,1.5597,1.55989,2.25,1.69
2013.05.20 06:37:04.878,1.55971,1.55992,1.50,2.82
2013.05.20 06:37:04.948,1.55973,1.55992,2.25,2.07
2013.05.20 06:37:05.508,1.55976,1.55992,1.50,1.88
2013.05.20 06:37:08.056,1.55974,1.55992,1.50,1.50
2013.05.20 06:37:11.856,1.55977,1.55992,1.65,1.50
2013.05.20 06:37:11.976,1.5598,1.56001,1.13,2.44
2013.05.20 06:37:12.037,1.5598,1.55998,1.13,2.40
2013.05.20 06:37:12.338,1.55978,1.55993,1.13,1.50
2013.05.20 06:37:12.396,1.55978,1.55995,1.13,1.50
2013.05.20 06:37:12.518,1.55978,1.55996,1.88,1.88
2013.05.20 06:37:12.698,1.5598,1.55999,1.13,1.13
2013.05.20 06:37:16.159,1.55979,1.55994,1.50,1.13
2013.05.20 06:37:16.297,1.55975,1.55991,2.25,1.50
2013.05.20 06:37:16.357,1.55972,1.55991,2.82,1.50
2013.05.20 06:37:18.298,1.55966,1.55989,4.28,2.63
2013.05.20 06:37:18.370,1.55966,1.55989,2.78,2.63
2013.05.20 06:37:18.677,1.55969,1.55989,1.13,2.25
2013.05.20 06:37:18.737,1.55969,1.55989,1.88,1.50
2013.05.20 06:37:18.977,1.55971,1.55991,1.50,1.69
2013.05.20 06:37:19.857,1.5597,1.55991,1.65,1.69
2013.05.20 06:37:28.938,1.55973,1.55991,1.50,1.50
2013.05.20 06:37:29.139,1.55976,1.55992,1.50,1.50
2013.05.20 06:37:30.548,1.55977,1.55993,3.00,1.13
2013.05.20 06:37:30.666,1.55977,1.55996,3.00,1.50
2013.05.20 06:37:30.848,1.55979,1.55997,1.50,1.50
2013.05.20 06:37:31.168,1.55977,1.55996,1.50,1.50
2013.05.20 06:37:31.236,1.55977,1.55997,1.50,2.25
2013.05.20 06:37:31.850,1.55977,1.55996,2.25,1.50
2013.05.20 06:37:32.191,1.55977,1.55994,3.00,1.13
2013.05.20 06:37:32.728,1.55977,1.55995,2.25,1.50
2013.05.20 06:37:34.117,1.55976,1.55996,2.25,2.25
2013.05.20 06:37:43.967,1.55977,1.55994,1.50,1.88
2013.05.20 06:37:44.527,1.55975,1.55993,1.69,1.13
2013.05.20 06:37:45.901,1.55972,1.55992,1.69,2.63
2013.05.20 06:37:54.113,1.55969,1.55992,3.34,2.63
2013.05.20 06:37:54.297,1.55973,1.55992,2.25,1.88
2013.05.20 06:37:54.598,1.55977,1.55996,2.40,1.50
2013.05.20 06:37:54.728,1.55978,1.56002,3.34,1.50
2013.05.20 06:37:54.859,1.55981,1.56003,1.50,1.69
2013.05.20 06:37:55.480,1.5598,1.56003,2.44,2.44
2013.05.20 06:37:55.788,1.55982,1.56003,1.50,1.69
2013.05.20 06:37:56.888,1.55984,1.56003,1.13,1.69
2013.05.20 06:37:57.188,1.55991,1.56014,2.82,2.44
2013.05.20 06:37:57.262,1.55991,1.5601,1.13,1.32
2013.05.20 06:37:57.568,1.55983,1.56004,1.69,1.50
2013.05.20 06:37:57.868,1.55979,1.56001,1.84,1.50
2013.05.20 06:37:57.997,1.55978,1.56001,2.07,3.00
2013.05.20 06:37:58.429,1.55979,1.55999,1.32,2.25
2013.05.20 06:37:58.699,1.5598,1.56004,1.65,3.19
2013.05.20 06:37:59.007,1.5598,1.56003,1.84,1.69
2013.05.20 06:37:59.308,1.55975,1.55995,1.69,2.25
2013.05.20 06:37:59.378,1.55976,1.55992,1.13,1.32
2013.05.20 06:37:59.449,1.55976,1.55992,1.13,2.44
2013.05.20 06:38:00.173,1.55977,1.55994,1.65,1.50
2013.05.20 06:38:00.308,1.55977,1.55995,1.50,1.88
2013.05.20 06:38:00.500,1.55977,1.55995,1.50,1.13
2013.05.20 06:38:01.019,1.55975,1.55994,1.50,1.28
2013.05.20 06:38:01.147,1.55974,1.55996,1.50,2.63
2013.05.20 06:38:01.267,1.55973,1.55996,1.88,1.13
2013.05.20 06:38:01.868,1.55979,1.55996,1.50,1.13
2013.05.20 06:38:02.141,1.55982,1.56004,1.50,3.94
2013.05.20 06:38:02.208,1.55982,1.56004,1.50,2.44
2013.05.20 06:38:02.278,1.55982,1.56004,1.50,2.82
2013.05.20 06:38:02.407,1.55982,1.56001,1.50,1.13
2013.05.20 06:38:02.708,1.55982,1.55996,1.50,1.13
2013.05.20 06:38:03.258,1.55979,1.55996,1.69,1.13
2013.05.20 06:38:03.509,1.55979,1.56002,1.69,1.50
2013.05.20 06:38:03.767,1.55978,1.55998,1.69,1.88
2013.05.20 06:38:04.008,1.55978,1.55995,1.69,1.13
2013.05.20 06:38:04.138,1.55978,1.55996,1.69,1.13
2013.05.20 06:38:06.237,1.55978,1.56,1.50,2.78
2013.05.20 06:38:06.536,1.55982,1.56,1.50,1.28
2013.05.20 06:38:06.734,1.55982,1.56,1.50,1.13
2013.05.20 06:38:08.109,1.55981,1.56,1.50,1.88
2013.05.20 06:38:08.650,1.55977,1.55999,1.50,2.25
2013.05.20 06:38:08.959,1.55976,1.55998,1.69,2.03
2013.05.20 06:38:09.027,1.55977,1.55998,1.50,2.78
2013.05.20 06:38:09.564,1.55977,1.55998,2.25,2.78
2013.05.20 06:38:10.089,1.55978,1.55998,1.50,1.28
2013.05.20 06:38:10.416,1.55974,1.55991,1.69,1.28
2013.05.20 06:38:10.720,1.55973,1.55987,1.69,1.13
2013.05.20 06:38:10.849,1.55972,1.55991,1.50,1.28
2013.05.20 06:38:19.128,1.55978,1.55992,1.50,1.28
2013.05.20 06:38:19.419,1.55978,1.55997,1.50,2.03
2013.05.20 06:38:19.741,1.55978,1.55997,2.25,1.50
2013.05.20 06:38:19.940,1.55978,1.55998,2.25,1.65
2013.05.20 06:38:20.247,1.55978,1.55998,2.25,1.65
2013.05.20 06:38:22.757,1.55978,1.55994,2.25,1.13
2013.05.20 06:38:22.995,1.55974,1.55992,2.44,1.28
2013.05.20 06:38:23.537,1.55974,1.5599,1.69,2.25
2013.05.20 06:38:23.698,1.55974,1.5599,1.69,2.40
2013.05.20 06:38:24.347,1.55974,1.55988,2.44,1.28
2013.05.20 06:38:24.867,1.55974,1.55987,2.44,1.65
2013.05.20 06:38:32.832,1.55975,1.55996,1.69,2.25
2013.05.20 06:38:32.972,1.55974,1.55992,1.69,1.13
2013.05.20 06:38:36.207,1.55975,1.55991,1.69,2.25
2013.05.20 06:38:37.188,1.55975,1.55991,1.50,1.50
2013.05.20 06:38:38.489,1.55976,1.55995,1.69,1.13
2013.05.20 06:38:39.227,1.55979,1.55995,1.50,1.13
2013.05.20 06:38:39.570,1.55982,1.55997,1.50,1.13
2013.05.20 06:38:40.117,1.55979,1.55996,2.44,1.50
2013.05.20 06:38:40.418,1.55979,1.5599,1.69,1.50
2013.05.20 06:38:40.598,1.55975,1.5599,1.50,2.25
2013.05.20 06:38:40.979,1.55972,1.5599,1.84,1.50
2013.05.20 06:38:41.058,1.55972,1.5599,1.69,1.50
2013.05.20 06:38:41.749,1.55972,1.5599,1.69,1.50
2013.05.20 06:38:41.997,1.55971,1.5599,4.32,1.50
2013.05.20 06:38:42.282,1.55971,1.5599,3.94,1.50
2013.05.20 06:38:42.648,1.55972,1.55989,1.69,1.13
2013.05.20 06:38:42.897,1.55971,1.5599,3.19,1.50
2013.05.20 06:38:43.086,1.55975,1.55992,2.25,1.50
2013.05.20 06:38:44.446,1.55975,1.55993,1.69,1.50
2013.05.20 06:38:44.747,1.55965,1.55984,1.69,1.13
2013.05.20 06:38:44.869,1.55964,1.55984,2.82,1.13
2013.05.20 06:38:45.004,1.55964,1.55982,1.69,1.65
2013.05.20 06:38:45.068,1.55961,1.55979,1.69,1.50
2013.05.20 06:38:45.327,1.55961,1.55982,1.09,3.00
2013.05.20 06:38:45.398,1.55961,1.55982,1.69,1.50
2013.05.20 06:38:45.458,1.55961,1.55984,1.69,1.88
2013.05.20 06:38:45.647,1.55961,1.55984,2.44,1.88
2013.05.20 06:38:46.757,1.55961,1.55983,2.44,1.50
2013.05.20 06:38:47.397,1.55961,1.55983,2.44,1.50
2013.05.20 06:38:48.518,1.55961,1.55977,2.44,1.88
2013.05.20 06:38:49.907,1.55961,1.55976,1.69,1.88
2013.05.20 06:38:51.667,1.5596,1.55975,1.50,1.50
2013.05.20 06:38:52.203,1.5596,1.55976,1.50,1.88
2013.05.20 06:38:52.658,1.55959,1.55975,1.69,1.50
2013.05.20 06:38:53.017,1.55955,1.55971,2.25,1.13
2013.05.20 06:38:53.278,1.55955,1.55975,3.00,1.50
2013.05.20 06:38:53.578,1.55957,1.55975,1.50,1.50
2013.05.20 06:38:54.198,1.5596,1.55975,1.50,1.50
2013.05.20 06:38:56.100,1.55959,1.55974,2.44,1.50
2013.05.20 06:38:56.228,1.5596,1.55977,1.50,1.50
2013.05.20 06:38:56.718,1.5596,1.55978,1.65,1.50
2013.05.20 06:38:56.909,1.55961,1.55981,3.38,1.13
2013.05.20 06:38:57.158,1.55964,1.55984,1.13,1.50
2013.05.20 06:38:57.217,1.55964,1.55982,1.88,1.13
2013.05.20 06:38:58.428,1.55966,1.55982,1.13,1.13
2013.05.20 06:38:58.500,1.55966,1.55984,1.88,1.50
2013.05.20 06:38:58.629,1.55972,1.55987,1.13,1.50
2013.05.20 06:38:59.153,1.55972,1.5599,3.00,1.69
2013.05.20 06:38:59.339,1.55972,1.55986,2.25,1.50
2013.05.20 06:38:59.469,1.55969,1.55986,1.50,1.50
2013.05.20 06:38:59.657,1.55965,1.55983,1.69,1.50
2013.05.20 06:38:59.897,1.55963,1.55982,1.13,2.25
2013.05.20 06:38:59.958,1.55963,1.55983,1.13,1.50
2013.05.20 06:39:00.159,1.55966,1.55985,1.50,1.50
2013.05.20 06:39:00.227,1.55966,1.55987,2.63,1.69
2013.05.20 06:39:00.298,1.55966,1.55989,3.38,3.94
2013.05.20 06:39:00.498,1.55972,1.55992,1.13,3.19
2013.05.20 06:39:01.258,1.55972,1.55989,2.25,1.69
2013.05.20 06:39:01.388,1.5597,1.55987,2.25,1.50
2013.05.20 06:39:01.698,1.55966,1.55979,2.07,1.50
2013.05.20 06:39:02.063,1.55957,1.55976,1.69,1.50
2013.05.20 06:39:02.578,1.55956,1.55975,1.50,1.50
2013.05.20 06:39:03.678,1.55954,1.55975,2.59,1.88
2013.05.20 06:39:04.069,1.5596,1.55973,1.13,1.50
2013.05.20 06:39:04.317,1.55961,1.55976,1.65,1.50
2013.05.20 06:39:04.618,1.55959,1.55977,1.50,1.50
2013.05.20 06:39:05.227,1.55959,1.55978,1.88,1.50
2013.05.20 06:39:05.776,1.55961,1.55983,1.50,1.69
2013.05.20 06:39:05.840,1.55962,1.55983,1.13,1.69
2013.05.20 06:39:06.098,1.55971,1.5599,1.50,3.75
2013.05.20 06:39:06.598,1.55968,1.5599,1.50,2.07
2013.05.20 06:39:07.116,1.55967,1.55987,1.50,1.32
2013.05.20 06:39:07.988,1.55967,1.55988,1.50,1.50
2013.05.20 06:39:08.192,1.5597,1.55989,1.50,1.13
2013.05.20 06:39:08.265,1.5597,1.55991,1.50,1.69
2013.05.20 06:39:08.388,1.5597,1.55991,2.25,1.69
2013.05.20 06:39:08.637,1.55971,1.55991,1.50,1.69
2013.05.20 06:39:09.009,1.55971,1.55991,1.50,1.69
2013.05.20 06:39:09.518,1.55972,1.55992,1.50,1.88
2013.05.20 06:39:09.648,1.55975,1.55998,2.25,2.44
2013.05.20 06:39:09.717,1.55975,1.55997,2.25,1.69
2013.05.20 06:39:10.018,1.55974,1.55988,1.13,1.13
2013.05.20 06:39:10.267,1.5597,1.55988,1.50,1.13
2013.05.20 06:39:11.051,1.55967,1.55988,1.50,1.32
2013.05.20 06:39:11.648,1.55971,1.5599,1.50,1.69
2013.05.20 06:39:12.297,1.55971,1.5599,1.50,1.50
2013.05.20 06:39:13.787,1.55971,1.55991,1.50,1.13
2013.05.20 06:39:14.769,1.55971,1.55991,1.50,1.88
2013.05.20 06:39:15.597,1.55971,1.55993,2.25,1.69
2013.05.20 06:39:15.969,1.55974,1.55995,1.50,1.32
2013.05.20 06:39:18.279,1.55973,1.55992,1.50,1.13
2013.05.20 06:39:18.599,1.5597,1.55992,1.69,1.88
2013.05.20 06:39:18.849,1.55969,1.5599,1.69,1.28
2013.05.20 06:39:19.158,1.55968,1.55988,2.25,1.13
2013.05.20 06:39:19.287,1.55967,1.55988,3.00,1.13
2013.05.20 06:39:19.789,1.55968,1.55988,1.50,1.13
2013.05.20 06:39:20.300,1.55968,1.55988,1.50,1.13
2013.05.20 06:39:20.487,1.55969,1.5599,1.50,1.50
2013.05.20 06:39:23.398,1.55968,1.5599,2.25,1.69
2013.05.20 06:39:27.388,1.55972,1.55991,1.50,2.25
2013.05.20 06:39:28.700,1.55972,1.55991,1.65,1.50
2013.05.20 06:39:28.887,1.55974,1.55998,1.50,2.44
2013.05.20 06:39:30.094,1.55976,1.55995,1.50,2.44
2013.05.20 06:39:30.161,1.55976,1.55993,1.50,1.50
2013.05.20 06:39:32.618,1.55972,1.55993,1.50,2.44
2013.05.20 06:39:33.117,1.55968,1.55991,3.15,1.69
2013.05.20 06:39:38.107,1.55971,1.55989,1.50,1.69
2013.05.20 06:39:42.047,1.55969,1.55986,1.50,2.25
2013.05.20 06:39:46.988,1.55969,1.55987,1.50,1.50
2013.05.20 06:39:47.735,1.55969,1.55989,1.50,1.69
2013.05.20 06:39:48.057,1.55964,1.55984,1.50,2.07
2013.05.20 06:39:48.489,1.55965,1.55982,1.50,1.50
2013.05.20 06:39:48.677,1.55962,1.55981,1.50,1.88
2013.05.20 06:39:48.857,1.5596,1.55983,2.63,1.69
2013.05.20 06:39:49.171,1.55962,1.55984,1.88,1.69
2013.05.20 06:39:49.246,1.55962,1.55984,2.63,1.69
2013.05.20 06:39:49.325,1.55963,1.55985,1.13,1.69
2013.05.20 06:39:49.462,1.55963,1.55985,1.13,1.69
2013.05.20 06:39:49.979,1.55967,1.55986,1.13,2.44
2013.05.20 06:39:50.048,1.55966,1.55986,1.50,1.69
2013.05.20 06:39:50.123,1.55966,1.55988,2.25,1.69
2013.05.20 06:39:50.388,1.55967,1.55986,1.50,1.50
2013.05.20 06:39:51.857,1.55965,1.55987,1.50,2.25
2013.05.20 06:39:52.047,1.55963,1.55985,1.32,1.50
2013.05.20 06:39:52.107,1.55963,1.55982,2.07,1.50
2013.05.20 06:39:52.288,1.55966,1.55981,1.13,1.50
2013.05.20 06:39:52.347,1.55959,1.55979,1.50,1.50
2013.05.20 06:39:52.587,1.55959,1.55981,2.63,1.13
2013.05.20 06:39:52.766,1.55959,1.55981,1.88,1.13
2013.05.20 06:39:53.947,1.55959,1.55981,1.50,1.50
2013.05.20 06:39:54.565,1.55962,1.55983,1.50,2.44
2013.05.20 06:39:59.243,1.5596,1.55983,2.63,2.44
2013.05.20 06:39:59.989,1.5596,1.55982,2.63,1.50
2013.05.20 06:40:00.997,1.55958,1.55981,1.50,2.82
2013.05.20 06:40:01.528,1.55959,1.55981,1.13,1.69
2013.05.20 06:40:01.876,1.55957,1.55978,1.50,1.50
2013.05.20 06:40:02.588,1.55959,1.55981,1.13,2.44
2013.05.20 06:40:03.089,1.55957,1.55978,2.25,1.50
2013.05.20 06:40:04.498,1.5596,1.55982,1.13,1.69
2013.05.20 06:40:04.557,1.5596,1.55982,1.13,1.69
2013.05.20 06:40:04.737,1.55958,1.55981,2.25,2.07
2013.05.20 06:40:05.421,1.55957,1.55978,1.50,1.69
2013.05.20 06:40:06.764,1.55958,1.55979,1.50,1.69
2013.05.20 06:40:06.961,1.55958,1.55979,1.50,1.69
2013.05.20 06:40:09.009,1.55961,1.55981,1.65,1.50
2013.05.20 06:40:09.567,1.55966,1.55985,1.13,1.69
2013.05.20 06:40:09.627,1.55966,1.55986,2.40,2.44
2013.05.20 06:40:09.877,1.55966,1.55989,4.09,2.25
2013.05.20 06:40:10.187,1.55967,1.55989,1.50,1.50
2013.05.20 06:40:12.263,1.55966,1.5599,1.84,3.75
2013.05.20 06:40:12.578,1.55965,1.55987,2.44,1.50
2013.05.20 06:40:13.538,1.55965,1.55986,1.50,1.50
2013.05.20 06:40:14.418,1.55965,1.55986,1.50,1.13
2013.05.20 06:40:14.547,1.55965,1.55986,1.50,1.88
2013.05.20 06:40:14.913,1.55965,1.55986,1.50,1.88
2013.05.20 06:40:15.328,1.55965,1.55986,1.50,1.88
2013.05.20 06:40:15.515,1.55965,1.55986,1.50,1.88
2013.05.20 06:40:15.986,1.55965,1.55986,1.50,1.88
2013.05.20 06:40:16.447,1.55965,1.55983,1.50,1.88
2013.05.20 06:40:16.747,1.5596,1.55981,2.59,2.25
2013.05.20 06:40:17.696,1.5596,1.55981,1.84,2.25
2013.05.20 06:40:18.177,1.55957,1.55977,1.13,1.50
2013.05.20 06:40:18.237,1.55962,1.55979,1.13,3.19
2013.05.20 06:40:18.778,1.55956,1.55976,1.32,2.25
2013.05.20 06:40:19.172,1.55954,1.55974,1.32,2.25
2013.05.20 06:40:19.480,1.55949,1.5597,1.69,1.50
2013.05.20 06:40:19.608,1.55947,1.5597,1.32,2.25
2013.05.20 06:40:20.148,1.55947,1.5597,1.32,3.00
2013.05.20 06:40:20.398,1.55942,1.55964,1.32,1.50
2013.05.20 06:40:20.578,1.55939,1.55961,2.97,1.50
2013.05.20 06:40:20.757,1.5594,1.5596,1.69,1.50
2013.05.20 06:40:21.066,1.55939,1.5596,1.69,2.25
2013.05.20 06:40:22.938,1.5594,1.5596,1.69,2.25
2013.05.20 06:40:24.017,1.5594,1.5596,1.69,2.25
2013.05.20 06:40:24.739,1.5594,1.55956,1.69,1.13
2013.05.20 06:40:24.988,1.55939,1.55959,1.69,2.25
2013.05.20 06:40:25.507,1.55941,1.55959,1.69,1.50
2013.05.20 06:40:26.251,1.55944,1.5596,1.69,1.50
2013.05.20 06:40:26.322,1.55944,1.55964,1.69,1.50
2013.05.20 06:40:26.508,1.55947,1.55964,1.50,1.50
2013.05.20 06:40:27.078,1.55947,1.55963,1.50,1.50
2013.05.20 06:40:29.741,1.55949,1.55968,1.50,1.50
2013.05.20 06:40:30.047,1.5595,1.55965,1.50,1.50
2013.05.20 06:40:30.228,1.55947,1.55965,2.44,1.50
2013.05.20 06:40:32.609,1.55948,1.55965,1.69,1.50
2013.05.20 06:40:33.167,1.55952,1.55969,1.50,1.50
2013.05.20 06:40:33.288,1.55952,1.55972,1.50,1.65
2013.05.20 06:40:33.538,1.55953,1.55974,1.50,1.84
2013.05.20 06:40:33.877,1.55956,1.55975,1.50,2.25
2013.05.20 06:40:34.087,1.55957,1.55975,1.50,1.88
2013.05.20 06:40:34.269,1.55958,1.55977,1.50,1.65
2013.05.20 06:40:34.579,1.55958,1.55975,1.50,2.25
2013.05.20 06:40:34.848,1.55956,1.5597,1.84,1.13
2013.05.20 06:40:34.980,1.55956,1.55974,1.69,1.50
2013.05.20 06:40:35.228,1.55957,1.55971,1.50,1.13
2013.05.20 06:40:35.408,1.55954,1.55973,1.69,1.65
2013.05.20 06:40:35.718,1.55955,1.55971,1.69,1.13
2013.05.20 06:40:35.968,1.55955,1.55974,1.69,1.50
2013.05.20 06:40:36.517,1.55956,1.55974,2.44,1.50
2013.05.20 06:40:40.277,1.55954,1.55975,3.19,2.25
2013.05.20 06:40:40.458,1.55951,1.55973,1.69,1.50
2013.05.20 06:40:40.809,1.55952,1.55973,2.44,1.50
2013.05.20 06:40:49.228,1.5595,1.55972,2.59,1.50
2013.05.20 06:40:50.536,1.5595,1.55975,4.09,1.88
2013.05.20 06:40:50.837,1.55953,1.55975,1.50,1.13
2013.05.20 06:40:51.138,1.55951,1.55973,1.32,1.13
2013.05.20 06:40:51.209,1.55951,1.55972,1.32,1.50
2013.05.20 06:40:51.718,1.5595,1.55973,1.13,2.07
2013.05.20 06:40:54.227,1.55951,1.55972,1.13,1.50
2013.05.20 06:40:54.528,1.55953,1.55972,1.69,2.25
2013.05.20 06:40:55.320,1.55951,1.55972,2.44,2.25
2013.05.20 06:40:56.805,1.55952,1.55972,2.44,1.50
2013.05.20 06:40:56.876,1.55952,1.55972,2.44,1.50
2013.05.20 06:40:57.749,1.55949,1.5597,1.84,1.50
2013.05.20 06:41:01.838,1.55949,1.55969,2.44,1.50
2013.05.20 06:41:02.917,1.55951,1.5597,1.50,1.50
2013.05.20 06:41:03.238,1.55952,1.5597,2.44,1.50
2013.05.20 06:41:03.308,1.55951,1.5597,2.44,1.50
2013.05.20 06:41:03.928,1.55953,1.5597,1.69,1.50
2013.05.20 06:41:04.469,1.55951,1.5597,2.44,1.50
2013.05.20 06:41:07.389,1.55949,1.55969,2.44,1.88
2013.05.20 06:41:12.128,1.55946,1.55969,3.19,1.50
2013.05.20 06:41:14.037,1.55947,1.5597,2.25,2.82
2013.05.20 06:41:14.157,1.55947,1.55969,2.44,1.50
2013.05.20 06:41:15.810,1.55947,1.5597,1.69,2.82
2013.05.20 06:41:16.408,1.55948,1.55969,2.25,1.50
2013.05.20 06:41:16.607,1.55949,1.55969,1.50,1.50
2013.05.20 06:41:20.989,1.55951,1.55969,1.50,1.50
2013.05.20 06:41:21.297,1.55964,1.55978,1.13,1.13
2013.05.20 06:41:21.477,1.55959,1.55978,1.50,1.13
2013.05.20 06:41:21.718,1.55958,1.5598,1.50,1.99
2013.05.20 06:41:22.019,1.55959,1.55974,1.50,1.13
2013.05.20 06:41:22.088,1.5596,1.55983,2.25,1.69
2013.05.20 06:41:22.619,1.55961,1.55983,1.50,1.69
2013.05.20 06:41:22.868,1.55961,1.55985,1.50,3.57
2013.05.20 06:41:25.117,1.55962,1.55983,2.25,1.69
2013.05.20 06:41:28.387,1.55962,1.55982,1.50,2.07
2013.05.20 06:41:29.048,1.55962,1.55979,1.50,1.88
2013.05.20 06:41:29.169,1.55957,1.55978,1.50,1.13
2013.05.20 06:41:29.299,1.55957,1.55977,2.25,1.13
2013.05.20 06:41:29.920,1.55955,1.55975,2.44,2.03
2013.05.20 06:41:30.358,1.55956,1.55975,3.75,1.13
2013.05.20 06:41:30.429,1.55958,1.55978,1.50,1.32
2013.05.20 06:41:31.988,1.55956,1.55978,1.50,1.13
2013.05.20 06:41:32.134,1.55954,1.55977,2.44,1.13
2013.05.20 06:41:32.320,1.55953,1.55977,2.44,1.13
2013.05.20 06:41:32.448,1.55956,1.55979,1.65,1.50
2013.05.20 06:41:32.579,1.55957,1.5598,2.03,1.69
2013.05.20 06:41:32.647,1.55963,1.55983,1.13,2.82
2013.05.20 06:41:32.717,1.55964,1.55985,1.47,1.50
2013.05.20 06:41:33.147,1.55963,1.55988,2.82,3.57
2013.05.20 06:41:33.767,1.55963,1.55987,2.44,1.69
2013.05.20 06:41:33.967,1.55962,1.55982,1.69,1.88
2013.05.20 06:41:38.207,1.55964,1.55982,1.69,1.50
2013.05.20 06:41:38.569,1.55968,1.55985,2.40,1.50
2013.05.20 06:41:38.759,1.55971,1.55992,2.25,1.69
2013.05.20 06:41:39.187,1.55973,1.55992,1.50,1.50
2013.05.20 06:41:39.427,1.55973,1.55993,3.00,2.25
2013.05.20 06:41:39.548,1.55975,1.55993,2.44,1.50
2013.05.20 06:41:40.037,1.55976,1.55995,1.50,1.50
2013.05.20 06:41:40.399,1.55977,1.55995,1.50,1.50
2013.05.20 06:41:41.358,1.55977,1.55994,1.50,1.50
2013.05.20 06:41:41.608,1.55975,1.55994,2.44,1.50
2013.05.20 06:41:42.157,1.55976,1.55994,1.50,1.50
2013.05.20 06:41:42.737,1.55975,1.55992,1.69,2.78
2013.05.20 06:41:45.262,1.55974,1.5599,2.44,2.25
2013.05.20 06:41:45.569,1.55968,1.55981,1.50,1.65
2013.05.20 06:41:45.939,1.55967,1.55977,2.25,1.13
2013.05.20 06:41:46.068,1.5597,1.55984,1.50,1.13
2013.05.20 06:41:46.129,1.5597,1.55984,1.50,1.13
2013.05.20 06:41:46.868,1.55971,1.55982,1.50,1.13
2013.05.20 06:41:47.173,1.5597,1.55983,1.50,1.13
2013.05.20 06:41:47.239,1.5597,1.55983,1.50,1.13
2013.05.20 06:41:47.510,1.5597,1.55986,1.50,1.65
2013.05.20 06:41:47.580,1.5597,1.55986,1.50,1.65
2013.05.20 06:41:47.650,1.55972,1.55986,1.50,1.50
2013.05.20 06:41:47.719,1.55972,1.5599,2.25,2.40
2013.05.20 06:41:47.791,1.55972,1.55988,2.25,1.65
2013.05.20 06:41:47.919,1.55972,1.55989,2.25,1.65
2013.05.20 06:41:48.410,1.55975,1.5599,2.25,1.65
2013.05.20 06:41:48.947,1.55975,1.5599,2.25,1.50
2013.05.20 06:41:50.941,1.55973,1.5599,1.50,1.50
2013.05.20 06:41:56.857,1.55972,1.55991,2.44,2.25
2013.05.20 06:42:01.187,1.55971,1.55991,2.44,2.25
2013.05.20 06:42:02.327,1.55972,1.55989,1.50,1.50
2013.05.20 06:42:02.837,1.55971,1.55991,2.44,2.25
2013.05.20 06:42:03.282,1.55971,1.55988,1.50,1.88
2013.05.20 06:42:03.349,1.55966,1.55987,2.44,1.88
2013.05.20 06:42:03.419,1.55966,1.55986,1.69,1.88
2013.05.20 06:42:03.547,1.55966,1.55988,1.84,2.63
2013.05.20 06:42:04.052,1.55966,1.55988,3.34,1.88
2013.05.20 06:42:04.117,1.55968,1.55988,1.50,1.88
2013.05.20 06:42:04.477,1.5597,1.55991,2.25,1.69
2013.05.20 06:42:04.978,1.5597,1.55989,2.25,1.50
2013.05.20 06:42:05.759,1.55969,1.55988,1.69,1.50
2013.05.20 06:42:06.748,1.55969,1.55989,1.84,1.50
2013.05.20 06:42:07.089,1.5597,1.55989,1.50,1.50
2013.05.20 06:42:08.857,1.5597,1.55988,1.50,1.50
2013.05.20 06:42:09.299,1.5597,1.55988,1.50,1.50
2013.05.20 06:42:15.219,1.55969,1.5599,3.19,1.50
2013.05.20 06:42:21.708,1.55971,1.5599,1.50,1.50
2013.05.20 06:42:26.707,1.55972,1.5599,1.50,1.50
2013.05.20 06:42:27.657,1.55972,1.55991,1.50,1.50
2013.05.20 06:42:28.278,1.55974,1.55991,1.50,1.50
2013.05.20 06:42:28.986,1.55972,1.55991,2.25,1.50
2013.05.20 06:42:29.125,1.55971,1.55991,1.69,1.50
2013.05.20 06:42:30.937,1.55972,1.55991,2.25,1.50
2013.05.20 06:42:30.997,1.55973,1.55991,1.50,1.50
2013.05.20 06:42:34.339,1.55971,1.55991,1.69,1.50
2013.05.20 06:42:37.992,1.55971,1.55991,1.69,1.50
2013.05.20 06:42:42.277,1.5597,1.55988,2.44,1.50
2013.05.20 06:42:46.187,1.55969,1.55988,1.84,1.50
2013.05.20 06:42:52.137,1.55969,1.55988,1.09,1.50
2013.05.20 06:42:58.429,1.55967,1.55987,1.09,1.50
2013.05.20 06:42:59.128,1.55967,1.55986,1.09,1.50
2013.05.20 06:42:59.802,1.55967,1.55986,1.09,1.50
2013.05.20 06:43:05.887,1.55967,1.55989,1.09,1.50
2013.05.20 06:43:08.199,1.55965,1.55986,1.84,3.15
2013.05.20 06:43:08.329,1.55962,1.55983,1.50,2.25
2013.05.20 06:43:08.399,1.55958,1.5598,1.69,1.50
2013.05.20 06:43:08.588,1.55957,1.55977,1.69,1.13
2013.05.20 06:43:08.659,1.55956,1.55977,1.13,1.32
2013.05.20 06:43:09.208,1.55953,1.55975,1.50,1.88
2013.05.20 06:43:09.828,1.55953,1.55977,2.03,2.44
2013.05.20 06:43:10.337,1.55953,1.55974,1.65,1.50
2013.05.20 06:43:11.098,1.55953,1.55973,1.84,1.50
2013.05.20 06:43:13.136,1.55953,1.55974,2.59,1.50
2013.05.20 06:43:13.246,1.55953,1.55974,1.84,2.25
2013.05.20 06:43:13.497,1.55951,1.55974,2.44,3.00
2013.05.20 06:43:15.908,1.55953,1.55974,2.07,2.25
2013.05.20 06:43:16.037,1.55954,1.55976,1.65,1.88
2013.05.20 06:43:17.008,1.55955,1.55977,1.65,1.50
2013.05.20 06:43:17.852,1.55956,1.55978,1.50,2.44
2013.05.20 06:43:19.197,1.55956,1.55978,1.50,1.69
2013.05.20 06:43:19.378,1.55955,1.55978,1.84,1.69
2013.05.20 06:43:21.118,1.55956,1.55976,3.00,1.50
2013.05.20 06:43:23.427,1.55952,1.55974,1.50,1.50
2013.05.20 06:43:23.671,1.55951,1.55972,1.69,1.13
2013.05.20 06:43:23.918,1.5595,1.5597,1.13,1.69
2013.05.20 06:43:24.178,1.55943,1.55965,3.19,1.50
2013.05.20 06:43:24.548,1.55942,1.55963,1.69,2.25
2013.05.20 06:43:25.397,1.55939,1.55962,2.63,1.09
2013.05.20 06:43:25.518,1.55939,1.55961,1.13,1.69
2013.05.20 06:43:25.819,1.55931,1.55952,1.69,1.28
2013.05.20 06:43:25.888,1.55929,1.55952,3.19,1.28
2013.05.20 06:43:27.940,1.5593,1.55951,1.69,1.28
2013.05.20 06:43:28.460,1.55931,1.55951,1.69,1.28
2013.05.20 06:43:30.221,1.55931,1.55953,1.69,1.50
2013.05.20 06:43:30.468,1.55932,1.55955,1.69,2.07
2013.05.20 06:43:31.358,1.55932,1.55955,1.88,1.88
2013.05.20 06:43:31.838,1.55932,1.55955,2.63,1.88
2013.05.20 06:43:32.018,1.55934,1.55959,3.15,3.19
2013.05.20 06:43:32.077,1.55935,1.55959,1.09,2.25
2013.05.20 06:43:33.185,1.55936,1.5596,2.44,1.88
2013.05.20 06:43:33.698,1.55939,1.5596,1.50,1.13
2013.05.20 06:43:34.238,1.55941,1.55961,1.69,1.50
2013.05.20 06:43:34.598,1.5594,1.55959,1.69,1.50
2013.05.20 06:43:34.908,1.55939,1.55963,1.84,2.25
2013.05.20 06:43:35.097,1.55939,1.55964,2.59,3.19
2013.05.20 06:43:35.277,1.55942,1.55964,1.65,2.44
2013.05.20 06:43:35.337,1.55942,1.55964,3.15,1.69
2013.05.20 06:43:35.457,1.55947,1.55968,1.50,3.94
2013.05.20 06:43:35.878,1.55948,1.5597,2.25,1.69
2013.05.20 06:43:37.928,1.55948,1.55971,2.25,1.88
2013.05.20 06:43:41.197,1.55948,1.5597,2.25,1.50
2013.05.20 06:43:42.836,1.55948,1.5597,1.50,2.25
2013.05.20 06:43:43.599,1.55937,1.5596,2.25,2.44
2013.05.20 06:43:43.669,1.55937,1.5596,1.50,2.44
2013.05.20 06:43:43.979,1.55938,1.5596,1.50,2.44
2013.05.20 06:43:44.223,1.5594,1.55963,2.44,2.25
2013.05.20 06:43:44.898,1.5594,1.55963,2.44,1.50
2013.05.20 06:43:47.729,1.55941,1.55963,1.69,1.50
2013.05.20 06:43:49.038,1.5594,1.55963,2.44,1.50
2013.05.20 06:43:51.579,1.55941,1.55963,1.69,2.25
2013.05.20 06:43:52.537,1.55943,1.55962,1.50,1.50
2013.05.20 06:43:52.867,1.55943,1.55964,3.34,1.50
2013.05.20 06:43:53.388,1.55945,1.55964,1.84,1.50
2013.05.20 06:43:53.569,1.55946,1.55967,1.50,1.50
2013.05.20 06:43:55.088,1.55945,1.55967,2.59,1.50
2013.05.20 06:43:55.159,1.55944,1.55966,1.69,1.50
2013.05.20 06:43:55.717,1.55942,1.55965,2.44,1.50
2013.05.20 06:43:56.282,1.55941,1.55964,3.19,1.50
2013.05.20 06:43:56.838,1.55942,1.55964,2.25,1.50
2013.05.20 06:43:56.958,1.55944,1.55964,1.50,1.50
2013.05.20 06:43:58.970,1.55945,1.55964,1.65,1.50
2013.05.20 06:43:59.106,1.55947,1.55968,2.25,1.50
2013.05.20 06:43:59.169,1.55947,1.55968,3.00,1.50
2013.05.20 06:43:59.419,1.55947,1.5597,3.75,1.69
2013.05.20 06:43:59.778,1.55947,1.5597,2.25,1.69
2013.05.20 06:44:05.289,1.55947,1.5597,2.25,1.69
2013.05.20 06:44:05.501,1.55947,1.5597,1.50,1.69
2013.05.20 06:44:06.219,1.55946,1.55968,1.50,1.50
2013.05.20 06:44:10.078,1.55946,1.55968,1.50,1.50
2013.05.20 06:44:10.609,1.55947,1.55969,1.50,1.69
2013.05.20 06:44:11.940,1.55945,1.55969,2.59,1.69
2013.05.20 06:44:18.790,1.55945,1.55968,1.28,1.69
2013.05.20 06:44:19.129,1.55945,1.55966,1.13,2.25
2013.05.20 06:44:19.759,1.55945,1.55966,1.13,1.50
2013.05.20 06:44:20.360,1.55942,1.55963,1.69,1.50
2013.05.20 06:44:20.608,1.55942,1.55963,2.44,1.50
2013.05.20 06:44:20.920,1.55945,1.55965,2.03,1.50
2013.05.20 06:44:21.749,1.55946,1.55966,1.50,1.50
2013.05.20 06:44:22.449,1.55946,1.55967,2.44,1.50
2013.05.20 06:44:22.577,1.55946,1.55971,2.44,2.44
2013.05.20 06:44:22.709,1.55947,1.55971,1.50,2.44
2013.05.20 06:44:23.019,1.55947,1.55968,1.50,1.50
2013.05.20 06:44:23.328,1.55946,1.55969,1.69,1.50
2013.05.20 06:44:23.616,1.55946,1.55968,1.69,1.50
2013.05.20 06:44:24.386,1.55946,1.55969,1.69,1.50
2013.05.20 06:44:24.988,1.55946,1.55968,1.69,1.50
2013.05.20 06:44:25.299,1.55945,1.55966,2.97,1.50
2013.05.20 06:44:26.087,1.55945,1.55966,2.22,1.50
2013.05.20 06:44:26.639,1.55945,1.55964,1.65,1.50
2013.05.20 06:44:27.878,1.55945,1.55966,2.40,1.50
2013.05.20 06:44:30.988,1.55945,1.55968,3.15,3.19
2013.05.20 06:44:31.969,1.55945,1.55965,2.40,1.50
2013.05.20 06:44:32.406,1.55945,1.55968,3.34,2.44
2013.05.20 06:44:36.280,1.55945,1.55966,1.09,1.50
2013.05.20 06:44:37.248,1.55944,1.55966,2.03,2.25
2013.05.20 06:44:38.568,1.55945,1.55966,1.65,1.50
2013.05.20 06:44:38.629,1.55945,1.55966,2.40,1.50
2013.05.20 06:44:38.758,1.55947,1.55968,1.50,2.44
2013.05.20 06:44:40.357,1.55947,1.55968,1.50,2.44
2013.05.20 06:44:47.079,1.55942,1.55965,1.50,3.19
2013.05.20 06:44:47.208,1.55941,1.55962,1.28,1.50
2013.05.20 06:44:47.327,1.5594,1.55962,3.34,2.25
2013.05.20 06:44:47.828,1.5594,1.55959,1.50,3.00
2013.05.20 06:44:48.260,1.55938,1.55959,1.50,2.25
2013.05.20 06:44:49.005,1.55938,1.55959,1.50,2.25
2013.05.20 06:44:49.129,1.55933,1.55955,2.44,1.50
2013.05.20 06:44:49.270,1.55932,1.55952,2.03,1.50
2013.05.20 06:44:49.579,1.55931,1.55947,1.50,1.50
2013.05.20 06:44:49.839,1.55924,1.55946,1.65,1.50
2013.05.20 06:44:50.135,1.55924,1.55946,1.65,1.50
2013.05.20 06:44:50.958,1.55923,1.5594,2.07,1.50
2013.05.20 06:44:52.093,1.5592,1.55941,2.97,1.50
2013.05.20 06:44:53.238,1.5592,1.55939,2.22,1.50
2013.05.20 06:44:54.617,1.5592,1.55942,2.97,2.25
2013.05.20 06:44:57.611,1.55922,1.55944,1.50,2.44
2013.05.20 06:44:59.048,1.55921,1.55945,3.90,2.44
2013.05.20 06:44:59.288,1.55921,1.55945,2.40,2.44
2013.05.20 06:44:59.818,1.55921,1.55945,2.40,2.44
2013.05.20 06:45:00.548,1.55921,1.55943,3.15,1.13
2013.05.20 06:45:00.849,1.55923,1.55945,1.69,1.50
2013.05.20 06:45:00.919,1.55924,1.55943,1.69,1.13
2013.05.20 06:45:03.008,1.55923,1.55945,1.69,1.50
2013.05.20 06:45:03.129,1.55924,1.55944,1.69,1.50
2013.05.20 06:45:04.738,1.55923,1.55943,1.69,1.50
2013.05.20 06:45:05.779,1.55918,1.55936,1.69,1.50
2013.05.20 06:45:06.099,1.55917,1.55935,1.84,1.50
2013.05.20 06:45:06.229,1.55919,1.55935,1.69,1.50
2013.05.20 06:45:06.838,1.55919,1.55936,1.69,1.50
2013.05.20 06:45:06.960,1.55919,1.55938,1.69,1.50
2013.05.20 06:45:07.717,1.55917,1.55938,1.09,2.25
2013.05.20 06:45:09.438,1.55917,1.55938,1.09,1.50
2013.05.20 06:45:10.051,1.55917,1.55938,1.09,2.25
2013.05.20 06:45:11.737,1.55917,1.55937,1.09,1.50
2013.05.20 06:45:11.979,1.55914,1.55932,1.69,1.50
2013.05.20 06:45:12.049,1.55912,1.55929,1.69,1.50
2013.05.20 06:45:12.359,1.55906,1.55928,2.07,1.50
2013.05.20 06:45:12.907,1.55909,1.55929,1.09,1.88
2013.05.20 06:45:12.967,1.55909,1.55929,1.09,1.88
2013.05.20 06:45:14.571,1.5591,1.55929,1.69,2.25
2013.05.20 06:45:15.155,1.55912,1.55928,1.69,1.50
2013.05.20 06:45:15.291,1.559,1.55919,1.69,1.50
2013.05.20 06:45:15.477,1.55901,1.55924,2.44,2.40
2013.05.20 06:45:15.598,1.55905,1.55922,1.09,1.65
2013.05.20 06:45:15.720,1.55905,1.55926,3.34,1.50
2013.05.20 06:45:15.789,1.55907,1.55926,1.69,1.50
2013.05.20 06:45:15.919,1.5591,1.55927,1.69,1.50
2013.05.20 06:45:18.549,1.55908,1.55927,1.69,1.88
2013.05.20 06:45:18.858,1.55904,1.55923,1.09,1.50
2013.05.20 06:45:19.359,1.55904,1.55923,1.09,1.50
2013.05.20 06:45:19.560,1.559,1.55915,2.44,1.50
2013.05.20 06:45:19.629,1.55896,1.55913,1.32,1.50
2013.05.20 06:45:19.696,1.55896,1.55915,2.07,1.13
2013.05.20 06:45:20.069,1.55896,1.55917,2.59,1.13
2013.05.20 06:45:20.138,1.55896,1.55917,2.59,1.13
2013.05.20 06:45:20.257,1.55899,1.55919,1.09,1.50
2013.05.20 06:45:20.798,1.55901,1.5592,1.69,1.88
2013.05.20 06:45:21.038,1.55901,1.5592,1.69,1.88
2013.05.20 06:45:21.930,1.559,1.55918,1.69,2.25
2013.05.20 06:45:22.603,1.55898,1.55918,1.69,3.75
2013.05.20 06:45:22.948,1.55897,1.55916,1.69,1.28
2013.05.20 06:45:23.307,1.55897,1.55914,1.84,2.25
2013.05.20 06:45:23.366,1.55897,1.55914,1.84,1.13
2013.05.20 06:45:23.547,1.55897,1.55915,1.84,2.25
2013.05.20 06:45:24.108,1.55897,1.55916,1.84,1.50
2013.05.20 06:45:24.409,1.55896,1.55915,2.44,1.65
2013.05.20 06:45:24.480,1.55895,1.55913,2.44,1.50
2013.05.20 06:45:25.028,1.55894,1.55913,1.69,1.50
2013.05.20 06:45:25.988,1.55892,1.55913,3.19,1.50
2013.05.20 06:45:26.311,1.55884,1.55906,1.69,1.28
2013.05.20 06:45:26.617,1.55886,1.55908,1.69,2.41
2013.05.20 06:45:26.738,1.55886,1.55908,1.69,2.41
2013.05.20 06:45:26.978,1.55887,1.55904,1.69,1.69
2013.05.20 06:45:27.098,1.55883,1.55904,1.69,2.97
2013.05.20 06:45:27.217,1.55883,1.55905,1.69,1.50
2013.05.20 06:45:27.397,1.55886,1.55905,1.69,1.28
2013.05.20 06:45:27.980,1.55886,1.55908,1.69,2.03
2013.05.20 06:45:28.528,1.55882,1.55907,1.69,1.13
2013.05.20 06:45:28.588,1.55882,1.55905,1.69,1.50
2013.05.20 06:45:29.377,1.55887,1.55901,1.69,1.50
2013.05.20 06:45:29.983,1.55887,1.55901,1.69,1.50
2013.05.20 06:45:31.568,1.55883,1.55902,1.69,1.50
2013.05.20 06:45:31.688,1.55884,1.55902,1.69,1.50
2013.05.20 06:45:32.019,1.55886,1.55902,1.69,1.50
2013.05.20 06:45:32.329,1.55886,1.55902,1.69,1.50
2013.05.20 06:45:33.708,1.5589,1.55902,1.69,1.50
2013.05.20 06:45:34.383,1.55891,1.5591,1.32,1.58
2013.05.20 06:45:34.451,1.55897,1.55913,1.69,1.50
2013.05.20 06:45:35.211,1.55891,1.55915,2.44,1.50
2013.05.20 06:45:35.340,1.55891,1.55915,2.44,1.50
2013.05.20 06:45:35.469,1.55891,1.55915,2.44,1.50
2013.05.20 06:45:36.126,1.55892,1.55914,2.44,1.50
2013.05.20 06:45:36.599,1.55892,1.55914,2.44,1.50
2013.05.20 06:45:36.789,1.55892,1.55908,1.69,1.50
2013.05.20 06:45:36.983,1.55892,1.55912,1.69,2.25
2013.05.20 06:45:37.668,1.55891,1.55913,1.69,2.40
2013.05.20 06:45:38.227,1.55891,1.55911,1.69,2.25
2013.05.20 06:45:39.369,1.55891,1.55912,1.69,1.50
2013.05.20 06:45:39.966,1.55892,1.55915,2.44,3.00
2013.05.20 06:45:41.358,1.55894,1.5591,2.44,1.50
2013.05.20 06:45:41.548,1.55895,1.55916,2.44,1.50
2013.05.20 06:45:45.981,1.55897,1.55916,1.69,1.50
2013.05.20 06:45:49.360,1.55897,1.55917,2.44,1.50
2013.05.20 06:45:49.429,1.55897,1.55919,2.44,2.40
2013.05.20 06:45:50.020,1.55898,1.55918,1.69,1.50
2013.05.20 06:45:50.268,1.559,1.55919,1.69,2.40
2013.05.20 06:45:50.622,1.559,1.55919,1.69,1.65
2013.05.20 06:45:50.766,1.55901,1.55919,1.50,1.65
2013.05.20 06:45:51.029,1.55902,1.55924,1.69,1.50
2013.05.20 06:45:51.158,1.55904,1.55926,1.50,1.84
2013.05.20 06:45:51.705,1.55905,1.55925,1.50,1.65
2013.05.20 06:45:53.849,1.55907,1.55924,1.50,1.50
2013.05.20 06:45:53.920,1.55901,1.55921,3.19,1.65
2013.05.20 06:45:54.168,1.55897,1.55918,3.57,1.13
2013.05.20 06:45:55.206,1.55897,1.55918,1.69,1.13
2013.05.20 06:45:58.490,1.55896,1.55915,3.19,1.65
2013.05.20 06:45:58.677,1.55897,1.5592,1.69,1.65
2013.05.20 06:45:59.208,1.55897,1.5592,2.44,1.65
2013.05.20 06:45:59.700,1.55895,1.55917,3.94,1.88
2013.05.20 06:45:59.769,1.55892,1.55916,2.44,1.50
2013.05.20 06:45:59.840,1.55892,1.55913,1.69,1.50
2013.05.20 06:46:00.088,1.55891,1.55912,2.44,1.50
2013.05.20 06:46:00.208,1.55891,1.55913,2.44,1.50
2013.05.20 06:46:00.448,1.55894,1.55917,1.50,1.50
2013.05.20 06:46:00.508,1.55895,1.55918,1.50,3.19
2013.05.20 06:46:00.809,1.55897,1.55918,2.44,1.50
2013.05.20 06:46:01.118,1.55898,1.55919,2.44,1.50
2013.05.20 06:46:01.668,1.55898,1.55919,2.44,1.50
2013.05.20 06:46:02.290,1.55898,1.55919,2.44,1.50
2013.05.20 06:46:02.804,1.55899,1.55919,1.69,1.50
2013.05.20 06:46:04.838,1.55902,1.5592,2.44,1.65
2013.05.20 06:46:05.018,1.559,1.5592,1.69,1.65
2013.05.20 06:46:09.137,1.55899,1.55918,2.44,1.50
2013.05.20 06:46:09.659,1.55899,1.55918,1.69,1.50
2013.05.20 06:46:09.948,1.55898,1.55918,2.44,1.50
2013.05.20 06:46:11.558,1.55899,1.5592,1.09,1.50
2013.05.20 06:46:11.679,1.559,1.55921,1.84,1.50
2013.05.20 06:46:11.748,1.55901,1.55924,1.69,1.50
2013.05.20 06:46:11.808,1.55901,1.55924,1.69,2.25
2013.05.20 06:46:12.469,1.55901,1.55924,1.69,2.25
2013.05.20 06:46:12.539,1.55903,1.55924,1.50,1.50
2013.05.20 06:46:12.670,1.55903,1.55923,2.44,1.50
2013.05.20 06:46:12.748,1.55903,1.55924,3.34,3.00
2013.05.20 06:46:12.987,1.55905,1.55924,2.44,1.50
2013.05.20 06:46:15.758,1.55905,1.55926,3.19,2.25
2013.05.20 06:46:16.128,1.55906,1.55926,1.50,2.25
2013.05.20 06:46:16.689,1.55907,1.55927,1.50,1.58
2013.05.20 06:46:17.305,1.55907,1.55927,1.50,1.58
2013.05.20 06:46:17.573,1.55907,1.55927,1.50,1.58
2013.05.20 06:46:18.309,1.55906,1.55927,3.94,1.58
2013.05.20 06:46:18.619,1.55906,1.55927,3.94,1.58
2013.05.20 06:46:18.929,1.55906,1.55929,3.94,1.50
2013.05.20 06:46:18.999,1.5591,1.55929,1.50,1.50
2013.05.20 06:46:19.308,1.55909,1.55929,1.50,2.63
2013.05.20 06:46:19.989,1.55908,1.55929,2.25,2.63
2013.05.20 06:46:21.969,1.55908,1.55928,1.50,1.13
2013.05.20 06:46:22.115,1.55906,1.55929,2.44,2.63
2013.05.20 06:46:22.183,1.55906,1.55929,2.44,2.63
2013.05.20 06:46:22.380,1.55904,1.55925,1.69,1.88
2013.05.20 06:46:22.448,1.55902,1.55923,3.94,1.50
2013.05.20 06:46:22.948,1.55902,1.55923,2.44,1.50
2013.05.20 06:46:24.607,1.55905,1.55928,1.50,2.82
2013.05.20 06:46:24.667,1.55906,1.55928,1.50,2.82
2013.05.20 06:46:24.850,1.55908,1.55928,1.50,2.63
2013.05.20 06:46:26.047,1.55908,1.55928,1.50,2.25
2013.05.20 06:46:29.028,1.55909,1.55928,1.50,1.13
2013.05.20 06:46:30.288,1.55909,1.55928,1.50,1.13
2013.05.20 06:46:30.348,1.55909,1.55928,1.50,1.13
2013.05.20 06:46:30.900,1.55908,1.55928,2.25,1.13
2013.05.20 06:46:31.188,1.5591,1.55929,1.50,1.50
2013.05.20 06:46:31.248,1.5591,1.5593,2.25,2.25
2013.05.20 06:46:31.307,1.5591,1.55929,2.25,1.50
2013.05.20 06:46:31.677,1.5591,1.55927,1.50,1.50
2013.05.20 06:46:31.917,1.55908,1.55928,1.69,1.50
2013.05.20 06:46:32.426,1.55908,1.55927,1.69,1.88
2013.05.20 06:46:34.461,1.55908,1.55927,1.69,1.88
2013.05.20 06:46:39.297,1.55908,1.55926,1.50,1.50
2013.05.20 06:46:39.828,1.55908,1.55926,1.50,1.50
2013.05.20 06:46:42.458,1.55908,1.55926,1.50,1.50
2013.05.20 06:46:42.723,1.55911,1.55929,1.50,1.50
2013.05.20 06:46:43.028,1.55911,1.55929,1.50,1.50
2013.05.20 06:46:43.968,1.55911,1.55929,1.50,1.50
2013.05.20 06:46:44.503,1.55911,1.55929,1.50,1.50
2013.05.20 06:46:45.008,1.55909,1.55931,1.50,1.50
2013.05.20 06:46:47.338,1.5591,1.5593,2.44,1.50
2013.05.20 06:46:47.639,1.55915,1.55933,1.50,2.25
2013.05.20 06:46:47.778,1.55915,1.55933,1.50,1.50
2013.05.20 06:46:47.838,1.55915,1.55933,1.50,1.50
2013.05.20 06:46:47.898,1.55914,1.55933,1.50,1.50
2013.05.20 06:46:48.387,1.55911,1.55929,3.19,1.50
2013.05.20 06:46:48.448,1.55914,1.55929,1.50,1.50
2013.05.20 06:46:48.688,1.55914,1.55934,1.50,2.44
2013.05.20 06:46:50.207,1.55917,1.55937,1.50,1.13
2013.05.20 06:46:50.388,1.55917,1.55934,1.50,1.28
2013.05.20 06:46:50.449,1.55912,1.55933,2.44,1.28
2013.05.20 06:46:50.509,1.55912,1.55929,2.44,1.50
2013.05.20 06:46:51.059,1.55912,1.55932,2.44,1.50
2013.05.20 06:46:51.417,1.55915,1.55932,1.50,1.50
2013.05.20 06:46:51.538,1.55914,1.55932,1.50,1.50
2013.05.20 06:46:53.798,1.55914,1.55934,1.13,1.50
2013.05.20 06:46:53.860,1.55918,1.55935,1.50,1.50
2013.05.20 06:46:54.111,1.55923,1.55941,1.50,1.69
2013.05.20 06:46:54.179,1.55925,1.55944,1.50,2.82
2013.05.20 06:46:54.240,1.55925,1.55944,1.50,2.07
2013.05.20 06:46:54.428,1.55924,1.55944,1.69,2.63
2013.05.20 06:46:54.608,1.55924,1.55943,1.69,1.13
2013.05.20 06:47:04.471,1.55924,1.55944,1.50,2.25
2013.05.20 06:47:04.602,1.55925,1.55944,1.50,1.50
2013.05.20 06:47:11.563,1.55927,1.55946,1.50,1.50
2013.05.20 06:47:11.689,1.55927,1.55946,1.50,1.50
2013.05.20 06:47:11.930,1.55927,1.55946,1.50,1.50
2013.05.20 06:47:13.198,1.55921,1.55942,2.44,2.25
2013.05.20 06:47:13.288,1.55921,1.55941,1.69,1.50
2013.05.20 06:47:17.298,1.55921,1.55939,2.44,1.50
2013.05.20 06:47:17.490,1.5592,1.5594,3.19,2.25
2013.05.20 06:47:18.001,1.5592,1.5594,2.59,2.25
2013.05.20 06:47:18.479,1.5592,1.55936,2.44,1.13
2013.05.20 06:47:18.608,1.55918,1.55933,1.13,1.50
2013.05.20 06:47:18.907,1.55913,1.55935,1.69,1.13
2013.05.20 06:47:18.968,1.55913,1.55936,2.44,1.50
2013.05.20 06:47:19.087,1.55915,1.55935,1.13,1.13
2013.05.20 06:47:19.210,1.55918,1.5594,1.13,2.82
2013.05.20 06:47:19.338,1.55918,1.5594,1.13,2.07
2013.05.20 06:47:19.648,1.55916,1.55936,1.50,1.50
2013.05.20 06:47:19.708,1.55916,1.55936,1.50,1.50
2013.05.20 06:47:19.828,1.55913,1.55933,1.69,1.50
2013.05.20 06:47:20.369,1.55915,1.55934,1.32,1.50
2013.05.20 06:47:20.500,1.55915,1.55937,3.72,1.50
2013.05.20 06:47:20.570,1.55918,1.5594,1.13,3.19
2013.05.20 06:47:20.638,1.55919,1.5594,1.32,1.50
2013.05.20 06:47:21.504,1.55918,1.5594,2.44,2.63
2013.05.20 06:47:27.950,1.55918,1.55938,2.07,1.50
2013.05.20 06:47:32.118,1.55918,1.55941,1.50,1.50
2013.05.20 06:47:34.439,1.55917,1.55936,3.57,1.50
2013.05.20 06:47:34.631,1.55915,1.55934,1.50,2.25
2013.05.20 06:47:34.819,1.55916,1.55937,1.50,1.50
2013.05.20 06:47:35.384,1.55917,1.55939,1.50,1.69
2013.05.20 06:47:36.118,1.55918,1.55939,1.50,1.50
2013.05.20 06:47:36.269,1.55926,1.55943,2.25,2.25
2013.05.20 06:47:36.460,1.55926,1.55944,2.25,1.88
2013.05.20 06:47:37.059,1.55926,1.55948,1.50,2.07
2013.05.20 06:47:38.276,1.55928,1.55944,1.50,1.50
2013.05.20 06:47:38.397,1.55928,1.55944,2.25,1.50
2013.05.20 06:47:40.626,1.55928,1.55944,1.50,1.50
2013.05.20 06:47:42.410,1.55928,1.55947,2.25,1.50
2013.05.20 06:47:42.661,1.5593,1.55948,2.25,1.50
2013.05.20 06:47:42.731,1.55931,1.55948,1.50,1.50
2013.05.20 06:47:43.169,1.55933,1.55948,2.25,1.50
2013.05.20 06:47:43.421,1.55934,1.55953,2.25,2.25
2013.05.20 06:47:43.610,1.55937,1.55955,1.50,2.25
2013.05.20 06:47:43.928,1.55938,1.55954,2.25,1.50
2013.05.20 06:47:44.052,1.55938,1.55955,2.25,1.50
2013.05.20 06:47:44.238,1.55939,1.55955,1.50,1.50
2013.05.20 06:47:45.618,1.55937,1.55956,2.44,2.25
2013.05.20 06:47:46.168,1.55939,1.55956,1.50,3.00
2013.05.20 06:47:46.701,1.55939,1.55953,1.50,1.50
2013.05.20 06:47:47.489,1.55936,1.55952,1.69,1.50
2013.05.20 06:47:49.199,1.55934,1.55952,2.44,1.50
2013.05.20 06:47:50.648,1.55936,1.55953,1.50,1.50
2013.05.20 06:47:50.888,1.55938,1.55953,1.50,1.50
2013.05.20 06:47:54.849,1.5594,1.55953,1.50,1.50
2013.05.20 06:47:54.981,1.5594,1.55958,1.50,2.25
2013.05.20 06:47:55.109,1.5594,1.55958,2.25,1.50
2013.05.20 06:47:55.706,1.5594,1.55959,2.25,1.50
2013.05.20 06:47:56.375,1.5594,1.55958,2.25,1.50
2013.05.20 06:48:01.673,1.55941,1.55958,1.50,1.50
2013.05.20 06:48:02.034,1.55939,1.55956,2.40,1.50
2013.05.20 06:48:04.587,1.55939,1.55956,2.59,2.25
2013.05.20 06:48:05.189,1.55939,1.55954,1.65,1.50
2013.05.20 06:48:05.499,1.55939,1.55948,1.65,1.50
2013.05.20 06:48:05.628,1.55935,1.55948,2.07,1.50
2013.05.20 06:48:07.933,1.55934,1.55948,1.50,1.88
2013.05.20 06:48:08.239,1.5593,1.55948,1.50,2.25
2013.05.20 06:48:08.299,1.55931,1.55948,1.50,1.50
2013.05.20 06:48:09.179,1.55932,1.55947,1.50,1.50
2013.05.20 06:48:12.449,1.5593,1.55947,1.50,1.50
2013.05.20 06:48:15.450,1.5593,1.55947,1.50,1.50
2013.05.20 06:48:16.469,1.55928,1.55948,1.65,2.25
2013.05.20 06:48:18.035,1.55928,1.55948,1.84,1.50
2013.05.20 06:48:18.748,1.55928,1.55949,2.59,2.25
2013.05.20 06:48:19.369,1.55928,1.55949,2.59,3.00
2013.05.20 06:48:20.035,1.55928,1.55948,1.84,1.50
2013.05.20 06:48:23.607,1.55928,1.55945,1.69,1.50
2013.05.20 06:48:24.032,1.55926,1.55943,3.53,1.50
2013.05.20 06:48:24.477,1.55926,1.55943,1.28,1.50
2013.05.20 06:48:25.493,1.55924,1.55943,2.44,2.25
2013.05.20 06:48:25.740,1.55924,1.55941,1.32,1.50
2013.05.20 06:48:26.310,1.55924,1.5594,1.13,1.50
2013.05.20 06:48:27.359,1.55924,1.55943,1.13,3.19
2013.05.20 06:48:28.033,1.55922,1.55943,1.88,2.44
2013.05.20 06:48:30.439,1.55922,1.55943,1.88,1.50
2013.05.20 06:48:31.083,1.55923,1.55943,1.13,1.50
2013.05.20 06:48:32.747,1.55923,1.55943,1.13,1.50
2013.05.20 06:48:34.708,1.55922,1.55943,1.88,1.50
2013.05.20 06:48:35.259,1.55922,1.55943,1.88,1.50
2013.05.20 06:48:36.067,1.55922,1.55943,3.38,2.25
2013.05.20 06:48:36.820,1.55922,1.55944,3.38,2.44
2013.05.20 06:48:37.558,1.55924,1.55944,1.50,2.44
2013.05.20 06:48:40.491,1.55926,1.55944,1.50,2.25
2013.05.20 06:48:40.868,1.55923,1.55943,2.07,2.25
2013.05.20 06:48:42.629,1.55923,1.55943,1.69,2.25
2013.05.20 06:48:42.938,1.55922,1.55941,1.50,1.28
2013.05.20 06:48:43.202,1.55921,1.55941,1.50,1.28
2013.05.20 06:48:52.768,1.55922,1.55943,2.63,2.25
2013.05.20 06:48:53.756,1.55922,1.55942,2.63,2.40
2013.05.20 06:48:56.408,1.55922,1.55942,2.63,2.40
2013.05.20 06:48:56.952,1.55922,1.55942,2.63,2.40
2013.05.20 06:48:57.209,1.55922,1.55942,1.88,2.40
2013.05.20 06:48:58.931,1.55922,1.55942,2.63,2.40
2013.05.20 06:48:59.951,1.55922,1.55942,1.88,2.40
2013.05.20 06:49:01.609,1.55922,1.55942,2.63,2.40
2013.05.20 06:49:03.868,1.55923,1.55942,1.88,1.65
2013.05.20 06:49:04.049,1.55924,1.55945,1.69,1.50
2013.05.20 06:49:04.308,1.55926,1.55945,1.50,1.50
2013.05.20 06:49:05.909,1.55926,1.55945,2.63,1.50
2013.05.20 06:49:08.798,1.55926,1.55945,2.82,1.50
2013.05.20 06:49:09.320,1.55926,1.55945,2.07,2.25
2013.05.20 06:49:11.991,1.55927,1.55945,1.13,2.25
2013.05.20 06:49:12.508,1.55928,1.55949,1.32,1.65
2013.05.20 06:49:12.821,1.55928,1.5595,1.32,1.28
2013.05.20 06:49:15.369,1.55929,1.5595,1.88,1.50
2013.05.20 06:49:16.280,1.55931,1.55949,1.50,1.50
2013.05.20 06:49:16.708,1.55932,1.5595,1.88,1.65
2013.05.20 06:49:16.828,1.55933,1.5595,1.13,1.65
2013.05.20 06:49:23.098,1.55932,1.5595,1.88,1.65
2013.05.20 06:49:24.872,1.55933,1.5595,1.13,1.65
2013.05.20 06:49:25.119,1.55933,1.55953,1.13,1.50
2013.05.20 06:49:26.138,1.55933,1.55953,1.32,1.88
2013.05.20 06:49:26.260,1.55932,1.5595,1.69,1.13
2013.05.20 06:49:26.330,1.55932,1.55949,1.69,1.13
2013.05.20 06:49:26.400,1.5593,1.55946,1.50,1.28
2013.05.20 06:49:26.470,1.5593,1.55945,1.50,1.50
2013.05.20 06:49:26.729,1.55927,1.55947,2.07,2.25
2013.05.20 06:49:27.090,1.55926,1.55947,1.69,2.25
2013.05.20 06:49:28.959,1.55927,1.55947,2.25,2.25
2013.05.20 06:49:29.801,1.55926,1.55947,1.69,2.25
2013.05.20 06:49:32.349,1.55926,1.55947,1.69,1.50
2013.05.20 06:49:32.477,1.55927,1.55947,1.88,1.50
2013.05.20 06:49:33.638,1.5593,1.55947,1.50,1.50
2013.05.20 06:49:34.669,1.5593,1.55944,1.69,1.50
2013.05.20 06:49:34.919,1.55924,1.5594,1.50,1.13
2013.05.20 06:49:34.990,1.55925,1.55947,1.50,1.50
2013.05.20 06:49:35.058,1.55926,1.55947,1.50,1.50
2013.05.20 06:49:38.839,1.55931,1.55949,1.50,1.50
2013.05.20 06:49:39.088,1.55931,1.55949,1.50,1.50
2013.05.20 06:49:40.118,1.55931,1.55947,1.50,1.28
2013.05.20 06:49:40.238,1.55931,1.55947,1.50,1.28
2013.05.20 06:49:40.662,1.55927,1.55947,2.82,1.28
2013.05.20 06:49:45.659,1.55931,1.55947,1.13,1.28
2013.05.20 06:49:48.059,1.55931,1.55949,1.88,2.25
2013.05.20 06:50:01.838,1.55929,1.55944,1.13,2.25
2013.05.20 06:50:02.139,1.55923,1.55943,1.32,2.25
2013.05.20 06:50:02.259,1.55918,1.55937,3.19,1.13
2013.05.20 06:50:02.916,1.55918,1.55937,1.69,1.13
2013.05.20 06:50:03.412,1.55915,1.55935,1.69,1.50
2013.05.20 06:50:05.375,1.55914,1.55934,1.69,1.50
2013.05.20 06:50:08.042,1.55915,1.55936,1.50,1.65
2013.05.20 06:50:08.659,1.55914,1.55936,1.69,1.65
2013.05.20 06:50:09.168,1.55915,1.55936,1.50,1.65
2013.05.20 06:50:09.780,1.55914,1.55936,2.44,1.65
2013.05.20 06:50:11.402,1.55915,1.55936,1.50,1.65
2013.05.20 06:50:17.219,1.55915,1.55936,1.69,1.65
2013.05.20 06:50:18.118,1.55915,1.55936,1.69,1.50
2013.05.20 06:50:20.248,1.55915,1.55934,1.69,1.50
2013.05.20 06:50:22.039,1.55915,1.55934,1.69,1.50
2013.05.20 06:50:22.928,1.55914,1.55934,2.44,1.50
2013.05.20 06:50:23.502,1.55915,1.55934,1.69,1.50
2013.05.20 06:50:24.100,1.55915,1.55934,1.69,1.88
2013.05.20 06:50:24.851,1.55915,1.55934,1.69,1.50
2013.05.20 06:50:37.339,1.55916,1.55934,2.44,1.50
2013.05.20 06:50:40.070,1.55914,1.55934,1.69,2.25
2013.05.20 06:50:40.410,1.55917,1.55931,1.50,1.13
2013.05.20 06:50:42.518,1.55916,1.55934,1.50,1.50
2013.05.20 06:50:42.998,1.55915,1.55934,1.50,1.50
2013.05.20 06:50:44.788,1.55917,1.55934,1.69,1.50
2013.05.20 06:50:50.974,1.55918,1.55934,1.69,1.50
2013.05.20 06:50:57.072,1.55917,1.55934,2.44,1.50
2013.05.20 06:51:00.638,1.55917,1.55934,2.44,1.50
2013.05.20 06:51:02.128,1.55917,1.55934,2.44,1.50
2013.05.20 06:51:04.094,1.55917,1.55936,1.69,2.03
2013.05.20 06:51:04.879,1.55917,1.55936,1.69,1.65
2013.05.20 06:51:16.080,1.55918,1.55936,1.69,1.65
2013.05.20 06:51:16.708,1.55917,1.55936,2.44,1.65
2013.05.20 06:51:22.539,1.55918,1.55936,1.69,1.65
2013.05.20 06:51:26.908,1.55917,1.55936,1.69,1.50
2013.05.20 06:51:27.459,1.55917,1.55937,1.69,2.40
2013.05.20 06:51:28.013,1.55917,1.55937,2.44,2.40
2013.05.20 06:51:29.305,1.55919,1.55939,3.19,1.50
2013.05.20 06:51:29.428,1.5592,1.55941,1.69,1.50
2013.05.20 06:51:29.739,1.55922,1.55941,1.50,1.50
2013.05.20 06:51:30.258,1.55922,1.55941,2.25,1.50
2013.05.20 06:51:33.168,1.55921,1.55938,2.44,2.25
2013.05.20 06:51:33.288,1.55919,1.55942,3.19,1.88
2013.05.20 06:51:33.420,1.55921,1.55938,1.69,1.65
2013.05.20 06:51:33.489,1.55921,1.55939,1.69,1.13
2013.05.20 06:51:33.559,1.55921,1.55938,1.69,1.50
2013.05.20 06:51:33.869,1.55922,1.55942,1.50,2.25
2013.05.20 06:51:34.270,1.55922,1.55942,1.50,1.50
2013.05.20 06:51:34.517,1.55921,1.55942,3.19,1.50
2013.05.20 06:51:34.577,1.55921,1.55942,2.44,2.25
2013.05.20 06:51:35.528,1.55921,1.55942,2.44,1.50
2013.05.20 06:51:35.588,1.55921,1.55942,2.44,2.25
2013.05.20 06:51:36.009,1.55921,1.55942,1.69,1.50
2013.05.20 06:51:36.080,1.55922,1.55942,1.50,1.50
2013.05.20 06:51:36.608,1.55922,1.55942,1.13,2.25
2013.05.20 06:51:37.218,1.55922,1.55941,1.13,2.25
2013.05.20 06:51:38.679,1.55921,1.55944,1.84,2.25
2013.05.20 06:51:38.748,1.55923,1.55944,1.65,1.50
2013.05.20 06:51:39.066,1.55934,1.55952,1.50,1.09
2013.05.20 06:51:39.258,1.55933,1.55953,3.19,1.50
2013.05.20 06:51:39.378,1.55933,1.5595,3.19,1.50
2013.05.20 06:51:39.620,1.55931,1.55951,1.69,1.65
2013.05.20 06:51:40.168,1.55931,1.55951,1.69,1.65
2013.05.20 06:51:40.598,1.55931,1.55951,1.69,1.65
2013.05.20 06:51:40.659,1.55931,1.55951,1.69,1.65
2013.05.20 06:51:41.019,1.55931,1.55948,1.69,1.28
2013.05.20 06:51:41.618,1.55928,1.55948,1.69,1.28
2013.05.20 06:51:41.949,1.55928,1.55948,1.69,1.28
2013.05.20 06:51:42.349,1.55928,1.55948,1.69,1.28
2013.05.20 06:51:43.730,1.55928,1.55945,1.69,1.50
2013.05.20 06:51:44.445,1.55928,1.55945,1.69,1.50
2013.05.20 06:51:47.149,1.55929,1.55948,1.69,3.00
2013.05.20 06:51:47.278,1.55929,1.5595,1.69,1.50
2013.05.20 06:51:47.518,1.5593,1.55949,1.69,1.50
2013.05.20 06:51:47.958,1.5593,1.55951,1.69,1.50
2013.05.20 06:51:48.505,1.5593,1.55949,1.69,1.50
2013.05.20 06:51:49.185,1.55929,1.55949,1.69,1.50
2013.05.20 06:51:50.159,1.5593,1.55949,1.69,1.50
2013.05.20 06:51:51.098,1.5593,1.55951,1.69,1.50
2013.05.20 06:51:51.837,1.5593,1.55949,1.69,1.50
2013.05.20 06:51:52.410,1.5593,1.55949,1.69,1.50
2013.05.20 06:51:52.719,1.55932,1.55951,1.69,2.25
2013.05.20 06:51:53.227,1.55932,1.55951,1.69,1.50
2013.05.20 06:51:55.724,1.55933,1.55951,2.44,1.50
2013.05.20 06:51:57.733,1.55933,1.55952,2.44,1.50
2013.05.20 06:51:58.740,1.55933,1.55953,2.44,2.25
2013.05.20 06:52:01.579,1.55934,1.55953,1.69,3.00
2013.05.20 06:52:03.548,1.55934,1.55952,1.69,1.50
2013.05.20 06:52:04.329,1.55934,1.5595,1.69,1.50
2013.05.20 06:52:04.568,1.55932,1.55952,1.69,2.63
2013.05.20 06:52:05.118,1.55933,1.55952,1.69,1.50
2013.05.20 06:52:05.679,1.55933,1.55952,1.69,2.25
2013.05.20 06:52:13.452,1.55933,1.55952,1.69,2.25
2013.05.20 06:52:13.703,1.55933,1.55948,1.69,1.50
2013.05.20 06:52:13.771,1.55931,1.55948,1.50,2.25
2013.05.20 06:52:13.959,1.55928,1.55948,1.69,2.25
2013.05.20 06:52:14.018,1.55926,1.55948,1.69,2.25
2013.05.20 06:52:15.329,1.55927,1.55948,1.69,1.50
2013.05.20 06:52:16.144,1.55929,1.55952,2.44,2.25
2013.05.20 06:52:16.449,1.55931,1.55952,1.50,2.25
2013.05.20 06:52:17.198,1.55931,1.55951,1.50,1.50
2013.05.20 06:52:17.698,1.55931,1.55951,1.50,1.50
2013.05.20 06:52:18.140,1.55931,1.55951,1.69,1.50
2013.05.20 06:52:20.319,1.55931,1.55951,2.44,1.50
2013.05.20 06:52:22.539,1.55932,1.55952,2.44,1.50
2013.05.20 06:52:22.668,1.55937,1.55956,1.69,1.50
2013.05.20 06:52:22.728,1.55937,1.55958,1.69,1.65
2013.05.20 06:52:23.038,1.55939,1.55961,2.44,1.88
2013.05.20 06:52:23.579,1.55939,1.55962,1.69,2.40
2013.05.20 06:52:24.670,1.55942,1.55962,1.69,1.65
2013.05.20 06:52:27.398,1.5594,1.55961,1.69,1.50
2013.05.20 06:52:36.320,1.55941,1.55962,1.32,1.65
2013.05.20 06:52:37.281,1.5594,1.55962,1.69,1.65
2013.05.20 06:52:39.439,1.5594,1.55963,2.44,2.03
2013.05.20 06:52:42.739,1.55941,1.55961,1.69,1.50
2013.05.20 06:52:44.261,1.5594,1.55961,1.69,1.50
2013.05.20 06:52:45.638,1.55942,1.55961,1.69,1.50
2013.05.20 06:52:46.578,1.55942,1.55962,1.69,1.65
2013.05.20 06:52:47.279,1.55942,1.55962,1.69,1.28
2013.05.20 06:52:48.181,1.55942,1.55961,1.69,1.50
2013.05.20 06:52:48.569,1.55939,1.55958,1.69,1.65
2013.05.20 06:52:50.788,1.55941,1.55958,1.69,1.65
2013.05.20 06:52:53.599,1.55941,1.5596,2.82,1.88
2013.05.20 06:52:53.963,1.55947,1.55964,2.07,2.40
2013.05.20 06:52:54.269,1.55942,1.55962,1.69,1.65
2013.05.20 06:52:54.338,1.55942,1.5596,1.69,1.13
2013.05.20 06:52:54.910,1.55935,1.55956,1.32,1.50
2013.05.20 06:52:55.789,1.55935,1.55957,2.07,1.65
2013.05.20 06:52:56.791,1.55938,1.55958,2.44,2.25
2013.05.20 06:52:56.919,1.55939,1.55962,2.44,2.22
2013.05.20 06:53:00.219,1.55941,1.5596,1.69,1.50
2013.05.20 06:53:00.278,1.55941,1.55959,1.69,1.50
2013.05.20 06:53:00.800,1.55938,1.55959,1.69,1.50
2013.05.20 06:53:01.308,1.55936,1.55959,3.19,1.50
2013.05.20 06:53:06.527,1.55936,1.5596,2.44,2.25
2013.05.20 06:53:08.124,1.55936,1.5596,2.44,2.25
2013.05.20 06:53:11.047,1.55936,1.5596,1.69,1.50
2013.05.20 06:53:11.110,1.55936,1.55958,1.69,1.65
2013.05.20 06:53:11.660,1.55937,1.55956,1.50,2.78
2013.05.20 06:53:12.223,1.55936,1.55956,1.50,1.65
2013.05.20 06:53:12.528,1.55937,1.55956,1.50,1.65
2013.05.20 06:53:13.188,1.5594,1.55959,1.50,2.07
2013.05.20 06:53:13.489,1.5594,1.55961,2.40,1.50
2013.05.20 06:53:13.978,1.55942,1.5596,1.50,1.50
2013.05.20 06:53:14.483,1.55942,1.55961,1.50,2.25
2013.05.20 06:53:14.791,1.55942,1.55963,1.50,1.50
2013.05.20 06:53:15.129,1.55942,1.55963,3.19,1.50
2013.05.20 06:53:15.435,1.55942,1.55963,2.44,1.50
2013.05.20 06:53:15.977,1.55942,1.55963,3.19,1.50
2013.05.20 06:53:17.810,1.55942,1.55963,2.44,1.50
2013.05.20 06:53:18.319,1.55942,1.55963,3.19,2.25
2013.05.20 06:53:20.708,1.55942,1.55964,2.44,3.00
2013.05.20 06:53:21.294,1.55942,1.55963,2.44,1.50
2013.05.20 06:53:25.482,1.55941,1.55964,1.69,2.25
2013.05.20 06:53:26.539,1.55941,1.55963,1.69,2.25
2013.05.20 06:53:27.121,1.55941,1.55961,1.69,1.50
2013.05.20 06:53:27.772,1.55939,1.5596,2.44,1.50
2013.05.20 06:53:28.139,1.55939,1.55959,1.69,1.50
2013.05.20 06:53:28.869,1.55939,1.5596,1.69,2.25
2013.05.20 06:53:30.579,1.55941,1.55961,1.50,1.65
2013.05.20 06:53:32.478,1.55941,1.55961,1.50,1.65
2013.05.20 06:53:35.773,1.55941,1.55962,1.50,2.40
2013.05.20 06:53:38.398,1.55941,1.55961,1.50,1.65
2013.05.20 06:53:40.048,1.55941,1.55962,1.50,2.40
2013.05.20 06:53:40.704,1.55941,1.55962,2.44,1.65
2013.05.20 06:53:41.476,1.55941,1.55961,1.69,2.40
2013.05.20 06:53:42.310,1.55941,1.5596,2.44,1.50
2013.05.20 06:53:42.920,1.55941,1.55962,2.44,1.50
2013.05.20 06:53:43.720,1.55942,1.55962,1.69,1.50
2013.05.20 06:53:43.794,1.55943,1.55962,1.50,1.50
2013.05.20 06:53:43.979,1.55945,1.55965,1.50,3.19
2013.05.20 06:53:44.039,1.55945,1.55965,1.50,2.44
2013.05.20 06:53:46.159,1.55947,1.55968,1.50,3.00
2013.05.20 06:53:46.278,1.55947,1.55968,1.50,1.50
2013.05.20 06:53:46.339,1.55947,1.55968,1.50,1.50
2013.05.20 06:53:46.889,1.55947,1.55968,1.50,2.25
2013.05.20 06:53:48.191,1.55947,1.55968,2.44,2.25
2013.05.20 06:53:50.370,1.55946,1.55966,1.50,1.50
2013.05.20 06:53:50.879,1.55947,1.55968,2.44,2.25
2013.05.20 06:53:51.419,1.55947,1.55968,2.44,1.50
2013.05.20 06:53:51.543,1.55947,1.55968,3.19,1.50
2013.05.20 06:53:52.357,1.55947,1.55967,2.44,1.50
2013.05.20 06:53:54.140,1.55946,1.55968,1.69,2.63
2013.05.20 06:54:01.224,1.55944,1.55963,1.69,1.13
2013.05.20 06:54:01.289,1.5594,1.55959,2.44,1.13
2013.05.20 06:54:01.660,1.55936,1.55956,1.69,1.50
2013.05.20 06:54:01.910,1.55934,1.55955,2.44,1.50
2013.05.20 06:54:02.290,1.55934,1.55954,1.69,1.50
2013.05.20 06:54:03.989,1.55932,1.55952,2.44,1.50
2013.05.20 06:54:04.350,1.55933,1.55952,1.69,1.50
2013.05.20 06:54:04.720,1.55938,1.55958,1.69,1.13
2013.05.20 06:54:05.268,1.55938,1.55959,1.69,2.25
2013.05.20 06:54:06.139,1.55936,1.55956,3.19,1.50
2013.05.20 06:54:07.760,1.55937,1.55956,1.69,1.50
2013.05.20 06:54:12.719,1.55939,1.55954,1.69,1.50
2013.05.20 06:54:12.790,1.55939,1.55954,1.69,2.25
2013.05.20 06:54:13.110,1.55933,1.5595,1.69,1.50
2013.05.20 06:54:14.422,1.55931,1.5595,2.44,1.50
2013.05.20 06:54:14.488,1.55932,1.55953,1.69,1.50
2013.05.20 06:54:14.611,1.55939,1.55954,2.25,1.13
2013.05.20 06:54:14.740,1.55941,1.55962,1.50,2.78
2013.05.20 06:54:14.811,1.55944,1.55962,1.69,2.03
2013.05.20 06:54:16.499,1.55945,1.55964,2.44,3.00
2013.05.20 06:54:16.680,1.55946,1.55965,1.69,1.50
2013.05.20 06:54:18.665,1.55946,1.55964,1.69,1.13
2013.05.20 06:54:18.970,1.55945,1.55963,1.69,3.75
2013.05.20 06:54:19.479,1.55942,1.55961,1.69,1.50
2013.05.20 06:54:21.400,1.55942,1.5596,1.69,1.50
2013.05.20 06:54:21.708,1.55942,1.55958,1.69,1.50
2013.05.20 06:54:23.999,1.55942,1.5596,2.44,1.50
2013.05.20 06:54:24.058,1.55942,1.55958,2.44,1.50
2013.05.20 06:54:24.249,1.55942,1.55959,2.44,1.50
2013.05.20 06:54:24.791,1.55942,1.5596,1.69,1.50
2013.05.20 06:54:26.540,1.55942,1.5596,2.44,1.50
2013.05.20 06:54:27.069,1.55946,1.55961,1.69,1.50
2013.05.20 06:54:27.592,1.55946,1.55962,1.69,1.50
2013.05.20 06:54:28.128,1.55942,1.55961,1.69,1.50
2013.05.20 06:54:30.871,1.55944,1.55962,1.69,1.50
2013.05.20 06:54:30.940,1.55944,1.55965,1.69,2.25
2013.05.20 06:54:31.441,1.55945,1.55964,1.69,1.88
2013.05.20 06:54:33.440,1.55942,1.55964,2.44,1.50
2013.05.20 06:54:34.049,1.55943,1.55965,1.69,3.38
2013.05.20 06:54:38.360,1.55943,1.55964,1.69,1.28
2013.05.20 06:54:38.430,1.55943,1.55961,1.69,1.50
2013.05.20 06:54:38.857,1.55942,1.55963,2.44,1.13
2013.05.20 06:54:40.689,1.55942,1.55964,2.44,1.13
2013.05.20 06:54:41.155,1.55942,1.55961,1.69,1.50
2013.05.20 06:54:41.398,1.55937,1.5596,2.44,2.25
2013.05.20 06:54:45.130,1.55937,1.55959,1.69,2.25
2013.05.20 06:54:46.979,1.55937,1.55959,2.44,2.25
2013.05.20 06:54:48.789,1.55937,1.55959,3.19,1.50
2013.05.20 06:54:49.339,1.55938,1.55961,1.09,1.50
2013.05.20 06:54:49.889,1.5594,1.55962,1.88,2.25
2013.05.20 06:54:51.828,1.5594,1.55962,2.07,2.25
2013.05.20 06:54:55.398,1.5594,1.55962,2.82,1.50
2013.05.20 06:54:56.509,1.5594,1.55961,2.07,1.50
2013.05.20 06:54:56.881,1.55937,1.55959,2.44,1.50
2013.05.20 06:54:56.949,1.55937,1.55961,3.94,1.50
2013.05.20 06:54:57.070,1.55939,1.5596,1.28,1.50
2013.05.20 06:54:57.628,1.5594,1.55961,1.13,1.50
2013.05.20 06:54:58.170,1.5594,1.55962,2.82,1.50
2013.05.20 06:54:59.124,1.55941,1.55963,1.50,1.50
2013.05.20 06:54:59.308,1.55942,1.55963,1.69,1.50
2013.05.20 06:55:03.799,1.55942,1.55963,1.69,2.25
2013.05.20 06:55:05.010,1.55941,1.55963,3.19,1.50
2013.05.20 06:55:05.729,1.55941,1.55964,3.19,2.25
2013.05.20 06:55:06.389,1.55941,1.55963,2.44,1.50
2013.05.20 06:55:06.749,1.55941,1.55962,2.44,2.25
2013.05.20 06:55:08.319,1.55936,1.55956,1.50,1.65
2013.05.20 06:55:08.391,1.55934,1.55956,2.82,1.65
2013.05.20 06:55:08.923,1.55933,1.55954,1.69,1.50
2013.05.20 06:55:11.200,1.55932,1.55954,2.44,1.50
2013.05.20 06:55:23.220,1.55936,1.55955,1.69,1.50
2013.05.20 06:55:26.491,1.55937,1.55953,1.69,1.13
2013.05.20 06:55:26.680,1.55937,1.55953,1.69,1.13
2013.05.20 06:55:26.944,1.55937,1.5595,1.69,1.13
2013.05.20 06:55:27.489,1.55934,1.55948,1.69,1.28
2013.05.20 06:55:29.669,1.55933,1.55948,1.69,1.28
2013.05.20 06:55:31.251,1.55933,1.55948,2.44,1.28
2013.05.20 06:55:36.908,1.55931,1.55948,2.44,1.28
2013.05.20 06:55:38.229,1.55931,1.55948,2.44,1.28
2013.05.20 06:55:39.099,1.55931,1.55948,2.44,1.28
2013.05.20 06:55:39.351,1.55933,1.55952,1.69,2.03
2013.05.20 06:55:39.542,1.55933,1.55954,1.69,2.03
2013.05.20 06:55:39.614,1.55933,1.55952,1.69,1.50
2013.05.20 06:55:50.369,1.55936,1.55953,1.69,1.65
2013.05.20 06:55:58.219,1.55936,1.55953,1.69,1.65
2013.05.20 06:56:00.310,1.55935,1.55953,1.69,1.65
2013.05.20 06:56:10.322,1.55935,1.55954,1.69,3.15
2013.05.20 06:56:10.774,1.55934,1.55953,2.44,1.65
2013.05.20 06:56:11.103,1.55935,1.55954,1.69,2.40
2013.05.20 06:56:15.372,1.55935,1.55954,1.50,2.40
2013.05.20 06:56:15.441,1.55934,1.55954,2.44,3.15
2013.05.20 06:56:16.194,1.55935,1.55954,1.50,2.40
2013.05.20 06:56:33.809,1.55937,1.55953,1.69,1.50
2013.05.20 06:56:35.860,1.55937,1.55953,2.44,1.50
2013.05.20 06:56:36.390,1.55937,1.55953,2.44,1.50
2013.05.20 06:56:36.900,1.55937,1.55953,2.44,1.50
2013.05.20 06:56:37.800,1.55939,1.55953,1.69,1.50
2013.05.20 06:56:38.125,1.55944,1.55963,2.44,1.88
2013.05.20 06:56:38.450,1.55949,1.55963,1.69,1.13
2013.05.20 06:56:38.801,1.55952,1.55965,1.69,1.13
2013.05.20 06:56:39.143,1.55952,1.55969,1.69,1.50
2013.05.20 06:56:39.211,1.55952,1.55965,1.69,1.50
2013.05.20 06:56:39.439,1.55951,1.55967,1.69,1.50
2013.05.20 06:56:39.654,1.55951,1.5597,2.44,2.03
2013.05.20 06:56:40.579,1.55951,1.5597,1.69,2.03
2013.05.20 06:56:42.001,1.55955,1.5597,1.69,2.03
2013.05.20 06:56:42.542,1.55955,1.5597,1.69,2.03
2013.05.20 06:56:44.480,1.55953,1.5597,1.69,2.03
2013.05.20 06:56:48.271,1.55955,1.55968,1.69,1.88
2013.05.20 06:56:48.468,1.55955,1.55967,1.69,1.65
2013.05.20 06:56:48.673,1.55955,1.55968,1.69,1.65
2013.05.20 06:56:51.833,1.55955,1.55969,1.69,1.50
2013.05.20 06:56:52.579,1.55955,1.55969,1.69,1.50
2013.05.20 06:56:54.719,1.55955,1.55969,1.69,1.50
2013.05.20 06:56:55.347,1.55955,1.55969,1.69,1.50
2013.05.20 06:56:58.528,1.55955,1.5597,1.69,1.28
2013.05.20 06:56:59.038,1.55955,1.5597,1.69,1.28
2013.05.20 06:56:59.611,1.55955,1.55969,1.69,1.13
2013.05.20 06:56:59.929,1.55952,1.55966,1.69,2.25
2013.05.20 06:57:00.078,1.55951,1.55966,2.44,2.25
2013.05.20 06:57:00.144,1.55951,1.55968,1.69,1.65
2013.05.20 06:57:00.209,1.55952,1.55969,1.69,1.65
2013.05.20 06:57:00.279,1.55952,1.5597,1.69,1.80
2013.05.20 06:57:00.549,1.55952,1.55969,1.69,1.50
2013.05.20 06:57:01.060,1.55948,1.55969,1.69,2.25
2013.05.20 06:57:01.135,1.55952,1.55969,1.69,1.50
2013.05.20 06:57:01.341,1.55952,1.55968,1.69,1.50
2013.05.20 06:57:01.470,1.55952,1.55969,1.69,1.50
2013.05.20 06:57:02.338,1.55952,1.55969,1.69,1.50
2013.05.20 06:57:03.097,1.55952,1.55969,1.69,1.50
2013.05.20 06:57:06.129,1.55952,1.55969,1.69,1.50
2013.05.20 06:57:06.674,1.55952,1.5597,1.69,1.65
2013.05.20 06:57:07.129,1.55952,1.55972,1.69,2.63
2013.05.20 06:57:08.158,1.55952,1.55972,1.69,2.63
2013.05.20 06:57:09.370,1.55951,1.55972,1.50,2.63
2013.05.20 06:57:10.199,1.55951,1.55972,1.50,1.88
2013.05.20 06:57:10.776,1.55952,1.55972,1.69,1.88
2013.05.20 06:57:15.514,1.55952,1.55969,1.69,1.50
2013.05.20 06:57:20.409,1.5595,1.55968,1.69,2.25
2013.05.20 06:57:20.598,1.5595,1.55968,1.69,2.25
2013.05.20 06:57:23.949,1.55951,1.55967,1.69,1.50
2013.05.20 06:57:24.511,1.55952,1.55972,1.28,1.50
2013.05.20 06:57:24.578,1.55953,1.55973,1.13,1.65
2013.05.20 06:57:24.638,1.55952,1.55974,2.25,1.09
2013.05.20 06:57:24.698,1.55952,1.55974,2.25,1.09
2013.05.20 06:57:24.940,1.55957,1.55978,2.82,1.65
2013.05.20 06:57:25.119,1.55957,1.55977,3.57,1.50
2013.05.20 06:57:27.250,1.55957,1.55977,1.69,1.65
2013.05.20 06:57:27.560,1.55953,1.55969,2.44,1.50
2013.05.20 06:57:27.689,1.55952,1.55967,2.82,1.50
2013.05.20 06:57:27.930,1.55952,1.55969,1.32,2.25
2013.05.20 06:57:29.919,1.55953,1.55969,1.69,1.50
2013.05.20 06:57:30.439,1.55953,1.55972,1.69,1.50
2013.05.20 06:57:32.889,1.55953,1.55973,1.69,1.50
2013.05.20 06:57:33.978,1.55953,1.55973,1.69,3.75
2013.05.20 06:57:34.099,1.55953,1.55972,1.69,2.25
2013.05.20 06:57:35.702,1.55953,1.55969,1.69,1.50
2013.05.20 06:57:38.232,1.5595,1.55969,1.69,1.50
2013.05.20 06:57:38.646,1.55947,1.55969,2.44,1.50
2013.05.20 06:57:39.290,1.55948,1.55969,1.69,2.40
2013.05.20 06:57:39.848,1.55947,1.55967,1.69,1.50
2013.05.20 06:57:43.828,1.55947,1.55967,1.69,1.50
2013.05.20 06:57:46.309,1.55946,1.55967,1.69,2.25
2013.05.20 06:57:48.859,1.55946,1.55967,2.44,1.50
2013.05.20 06:57:51.089,1.55946,1.55967,1.69,1.50
2013.05.20 06:57:54.348,1.55947,1.55967,1.32,1.50
2013.05.20 06:57:54.471,1.55951,1.55968,1.50,1.50
2013.05.20 06:57:54.539,1.55951,1.55971,1.50,1.65
2013.05.20 06:57:58.022,1.55952,1.55973,1.50,1.84
2013.05.20 06:57:58.799,1.55952,1.55973,2.44,1.65
2013.05.20 06:58:00.669,1.55952,1.55974,2.44,1.50
2013.05.20 06:58:00.740,1.55953,1.55974,1.32,1.50
2013.05.20 06:58:02.320,1.55955,1.55974,1.69,1.50
2013.05.20 06:58:02.473,1.55955,1.55974,1.69,1.50
2013.05.20 06:58:03.219,1.55955,1.55974,1.69,2.25
2013.05.20 06:58:03.340,1.5595,1.55968,1.69,2.25
2013.05.20 06:58:03.528,1.55945,1.55968,1.32,2.25
2013.05.20 06:58:04.290,1.55945,1.55968,1.32,2.25
2013.05.20 06:58:04.819,1.55944,1.55968,2.82,2.25
2013.05.20 06:58:05.329,1.55944,1.55968,2.82,2.25
2013.05.20 06:58:07.349,1.55946,1.55968,1.69,2.25
2013.05.20 06:58:09.729,1.55945,1.55968,1.69,3.38
2013.05.20 06:58:10.249,1.55944,1.55967,2.82,3.75
2013.05.20 06:58:10.601,1.55944,1.55966,2.82,1.50
2013.05.20 06:58:11.149,1.55942,1.55963,3.19,2.25
2013.05.20 06:58:11.269,1.55942,1.55963,1.50,3.00
2013.05.20 06:58:11.859,1.55942,1.55963,1.50,3.00
2013.05.20 06:58:16.832,1.55941,1.55962,1.50,1.50
2013.05.20 06:58:17.467,1.55941,1.55963,1.50,3.00
2013.05.20 06:58:21.599,1.55941,1.55962,1.69,1.50
2013.05.20 06:58:24.215,1.55942,1.55963,1.88,3.00
2013.05.20 06:58:25.920,1.55942,1.55963,2.63,3.00
2013.05.20 06:58:26.280,1.55942,1.55964,3.38,1.50
2013.05.20 06:58:26.529,1.55942,1.55964,2.63,2.25
2013.05.20 06:58:26.940,1.55942,1.55964,4.32,2.25
2013.05.20 06:58:28.158,1.55943,1.55964,1.69,2.25
2013.05.20 06:58:31.130,1.55943,1.55964,1.32,2.25
2013.05.20 06:58:35.522,1.55943,1.55964,1.32,2.25
2013.05.20 06:58:36.063,1.55943,1.55963,1.32,1.50
2013.05.20 06:58:36.619,1.55942,1.55964,2.07,1.50
2013.05.20 06:58:37.249,1.55942,1.55963,2.07,1.50
2013.05.20 06:58:40.920,1.55942,1.55963,2.07,1.50
2013.05.20 06:58:41.250,1.55942,1.55963,2.82,1.50
2013.05.20 06:58:43.057,1.55942,1.55963,2.82,1.50
2013.05.20 06:58:44.613,1.55946,1.55965,1.13,1.50
2013.05.20 06:58:45.240,1.55946,1.55966,1.13,3.00
2013.05.20 06:58:45.927,1.55946,1.55964,1.13,1.50
2013.05.20 06:58:46.490,1.55946,1.55964,1.13,1.50
2013.05.20 06:58:47.271,1.55947,1.55966,1.13,1.50
2013.05.20 06:58:47.471,1.55947,1.55966,1.13,1.50
2013.05.20 06:58:48.720,1.55947,1.55968,1.13,3.00
2013.05.20 06:58:51.609,1.55946,1.55968,1.69,3.15
2013.05.20 06:58:51.969,1.55948,1.55968,1.13,1.50
2013.05.20 06:58:53.598,1.55947,1.55968,1.13,2.25
2013.05.20 06:58:54.415,1.55947,1.55968,1.13,2.25
2013.05.20 06:58:54.480,1.55947,1.55968,1.13,1.50
2013.05.20 06:58:58.618,1.55946,1.55969,2.07,2.25
2013.05.20 06:58:59.190,1.55946,1.55968,2.07,1.50
2013.05.20 06:58:59.551,1.55944,1.55965,3.19,1.50
2013.05.20 06:58:59.810,1.55945,1.55967,1.32,2.25
2013.05.20 06:58:59.999,1.55945,1.55966,1.32,1.13
2013.05.20 06:59:00.300,1.55936,1.55958,1.69,2.40
2013.05.20 06:59:01.521,1.55944,1.55963,1.50,1.13
2013.05.20 06:59:01.592,1.5594,1.55961,3.57,1.13
2013.05.20 06:59:01.901,1.55946,1.55963,1.88,1.13
2013.05.20 06:59:02.030,1.55943,1.55963,2.44,1.13
2013.05.20 06:59:02.579,1.55944,1.55966,1.13,2.25
2013.05.20 06:59:04.169,1.55943,1.55964,1.69,1.65
2013.05.20 06:59:04.721,1.55941,1.55963,1.69,1.50
2013.05.20 06:59:05.470,1.55939,1.55957,1.69,1.13
2013.05.20 06:59:05.814,1.55933,1.55948,1.32,1.50
2013.05.20 06:59:06.070,1.55927,1.55948,1.32,1.88
2013.05.20 06:59:06.140,1.55927,1.55944,1.32,1.50
2013.05.20 06:59:06.449,1.55924,1.55945,1.69,1.13
2013.05.20 06:59:06.990,1.55924,1.55945,1.69,1.13
2013.05.20 06:59:09.310,1.55924,1.55946,1.69,1.50
2013.05.20 06:59:09.369,1.55926,1.55946,1.69,1.65
2013.05.20 06:59:10.461,1.55926,1.55945,3.19,1.13
2013.05.20 06:59:10.589,1.55924,1.55944,1.69,1.05
2013.05.20 06:59:10.651,1.55924,1.5594,1.69,1.50
2013.05.20 06:59:10.721,1.55922,1.55939,1.32,1.50
2013.05.20 06:59:10.793,1.55923,1.55939,1.69,1.50
2013.05.20 06:59:10.997,1.55927,1.55946,1.50,3.00
2013.05.20 06:59:11.134,1.55927,1.55943,1.50,1.13
2013.05.20 06:59:11.499,1.55923,1.55946,2.44,1.50
2013.05.20 06:59:11.853,1.55926,1.5595,1.69,1.50
2013.05.20 06:59:11.925,1.55929,1.5595,1.69,1.50
2013.05.20 06:59:12.120,1.55929,1.55954,3.19,1.88
2013.05.20 06:59:12.621,1.55929,1.55954,3.19,1.50
2013.05.20 06:59:13.640,1.55929,1.55952,3.19,1.13
2013.05.20 06:59:13.820,1.55923,1.55946,1.69,1.65
2013.05.20 06:59:14.370,1.55923,1.55942,1.69,1.50
2013.05.20 06:59:14.677,1.55923,1.55941,1.69,1.50
2013.05.20 06:59:14.981,1.55922,1.55938,1.69,1.50
2013.05.20 06:59:16.230,1.55919,1.55938,1.69,1.50
2013.05.20 06:59:17.331,1.5592,1.55941,1.69,1.65
2013.05.20 06:59:18.219,1.55919,1.55941,2.07,1.50
2013.05.20 06:59:18.760,1.55919,1.55939,2.07,1.50
2013.05.20 06:59:21.866,1.55919,1.55942,2.07,3.00
2013.05.20 06:59:24.099,1.55919,1.55942,2.07,3.00
2013.05.20 06:59:26.405,1.55919,1.5594,1.32,1.50
2013.05.20 06:59:26.947,1.55921,1.55942,1.32,1.50
2013.05.20 06:59:27.149,1.55922,1.55942,1.69,1.50
2013.05.20 06:59:27.210,1.55924,1.55943,1.13,1.50
2013.05.20 06:59:27.282,1.55922,1.55945,1.69,2.07
2013.05.20 06:59:27.352,1.55922,1.55943,1.69,1.50
2013.05.20 06:59:27.541,1.55926,1.55947,1.32,2.25
2013.05.20 06:59:27.616,1.55926,1.55947,2.59,2.25
2013.05.20 06:59:27.680,1.55927,1.55947,1.47,1.50
2013.05.20 06:59:28.222,1.55926,1.55947,3.19,1.50
2013.05.20 06:59:28.365,1.55924,1.55946,1.69,1.50
2013.05.20 06:59:28.434,1.55922,1.55944,3.94,1.50
2013.05.20 06:59:28.762,1.55931,1.55947,2.03,3.00
2013.05.20 06:59:28.832,1.55932,1.55947,1.28,1.50
2013.05.20 06:59:28.901,1.55932,1.55953,2.03,1.13
2013.05.20 06:59:28.973,1.55932,1.55951,1.88,1.13
2013.05.20 06:59:29.231,1.55927,1.55945,1.88,1.50
2013.05.20 06:59:29.303,1.55927,1.55946,1.88,1.50
2013.05.20 06:59:29.372,1.55927,1.55947,1.88,1.13
2013.05.20 06:59:29.642,1.55928,1.55948,1.32,1.88
2013.05.20 06:59:30.069,1.55923,1.55941,3.19,1.50
2013.05.20 06:59:30.250,1.55922,1.55943,1.69,1.50
2013.05.20 06:59:30.321,1.55923,1.55943,2.44,1.50
2013.05.20 06:59:30.688,1.55927,1.55948,1.50,2.03
2013.05.20 06:59:30.831,1.55931,1.55948,1.69,1.28
2013.05.20 06:59:31.482,1.55931,1.55951,2.07,1.13
2013.05.20 06:59:31.790,1.55933,1.55956,1.50,2.82
2013.05.20 06:59:31.971,1.55935,1.55956,1.50,1.69
2013.05.20 06:59:32.103,1.55933,1.55955,2.18,1.32
2013.05.20 06:59:32.659,1.55932,1.55954,3.00,1.69
2013.05.20 06:59:33.340,1.55931,1.55953,1.69,1.50
2013.05.20 06:59:34.131,1.55933,1.55953,1.84,1.13
2013.05.20 06:59:34.203,1.55937,1.55957,1.65,1.50
2013.05.20 06:59:34.449,1.55937,1.5596,2.03,1.13
2013.05.20 06:59:34.960,1.55937,1.5596,2.03,1.13
2013.05.20 06:59:35.686,1.55938,1.55959,2.40,1.50
2013.05.20 06:59:35.890,1.55937,1.55958,1.13,1.50
2013.05.20 06:59:36.440,1.55937,1.55956,1.13,1.50
2013.05.20 06:59:36.741,1.55943,1.55961,2.25,1.13
2013.05.20 06:59:36.999,1.55948,1.55966,1.50,1.88
2013.05.20 06:59:37.062,1.55948,1.55966,1.50,1.13
2013.05.20 06:59:37.609,1.55948,1.55966,1.69,1.13
2013.05.20 06:59:37.669,1.55948,1.55966,2.44,1.13
2013.05.20 06:59:38.060,1.55948,1.55966,1.69,1.13
2013.05.20 06:59:38.181,1.55951,1.55966,1.50,1.13
2013.05.20 06:59:38.250,1.55951,1.55972,1.50,1.28
2013.05.20 06:59:38.500,1.55952,1.55972,1.50,1.13
2013.05.20 06:59:38.811,1.55954,1.55976,1.69,1.13
2013.05.20 06:59:39.721,1.55956,1.55976,2.25,1.13
2013.05.20 06:59:39.970,1.55956,1.55977,1.50,1.69
2013.05.20 06:59:40.220,1.55958,1.55977,1.28,1.69
2013.05.20 06:59:41.216,1.55959,1.55979,1.65,1.13
2013.05.20 06:59:41.559,1.55958,1.55977,1.09,1.50
2013.05.20 06:59:41.871,1.55954,1.55973,3.19,1.13
2013.05.20 06:59:42.409,1.55954,1.55973,1.50,1.13
2013.05.20 06:59:43.710,1.55954,1.55977,1.88,2.44
2013.05.20 06:59:43.951,1.5596,1.5598,1.50,1.69
2013.05.20 06:59:44.459,1.5596,1.55982,1.50,2.07
2013.05.20 06:59:44.849,1.5596,1.55982,1.50,1.32
2013.05.20 06:59:47.381,1.5596,1.55982,1.88,1.32
2013.05.20 06:59:48.290,1.5596,1.55982,1.50,1.32
2013.05.20 06:59:49.200,1.55965,1.55982,1.13,1.32
2013.05.20 06:59:49.396,1.55965,1.55983,1.13,1.50
2013.05.20 06:59:49.464,1.55965,1.55983,1.13,3.00
2013.05.20 06:59:49.790,1.55962,1.55983,1.13,1.88
2013.05.20 06:59:49.860,1.55962,1.55983,1.13,1.50
2013.05.20 06:59:50.411,1.55961,1.55983,1.69,1.13
2013.05.20 06:59:51.196,1.55961,1.55982,1.69,1.28
2013.05.20 06:59:51.690,1.55961,1.55981,1.50,1.28
2013.05.20 06:59:52.872,1.5596,1.55982,1.65,1.32
2013.05.20 06:59:53.431,1.55959,1.5598,1.50,1.50
2013.05.20 06:59:53.750,1.55961,1.55983,1.65,1.32
2013.05.20 06:59:54.759,1.55961,1.55983,1.65,1.88
2013.05.20 06:59:54.882,1.5596,1.55981,1.32,1.50
2013.05.20 06:59:55.212,1.55953,1.55973,2.40,2.25
2013.05.20 06:59:55.521,1.55958,1.55973,1.28,1.69
2013.05.20 06:59:55.710,1.55956,1.55973,1.50,1.69
2013.05.20 06:59:56.210,1.55953,1.5597,1.50,1.69
2013.05.20 06:59:56.408,1.55953,1.55968,2.25,1.50
2013.05.20 06:59:56.621,1.55953,1.55969,2.25,1.50
2013.05.20 06:59:57.147,1.55953,1.55971,2.25,1.69
2013.05.20 06:59:57.513,1.55953,1.5597,1.88,1.69
2013.05.20 06:59:57.831,1.55949,1.55969,1.88,1.50
2013.05.20 06:59:57.900,1.55947,1.55965,1.09,1.50
2013.05.20 06:59:58.332,1.55946,1.55966,1.65,2.25
2013.05.20 06:59:58.870,1.55946,1.55966,1.65,2.25
2013.05.20 06:59:59.409,1.55946,1.55965,1.65,1.50
2013.05.20 06:59:59.590,1.55951,1.55964,1.13,1.50
2013.05.20 06:59:59.649,1.55951,1.55967,1.13,2.07
2013.05.20 06:59:59.713,1.55951,1.55966,1.13,1.50
