2015.02.24 09:00:00.280,1.84272,1.84289,1.00,1.19
2015.02.24 09:00:00.584,1.84273,1.84286,1.00,1.00
2015.02.24 09:00:00.685,1.84269,1.84286,1.25,1.00
2015.02.24 09:00:01.041,1.84263,1.84281,1.29,1.00
2015.02.24 09:00:01.368,1.84259,1.84278,1.19,1.00
2015.02.24 09:00:01.674,1.84262,1.84279,1.19,1.00
2015.02.24 09:00:01.928,1.84264,1.84283,1.69,1.00
2015.02.24 09:00:02.234,1.84267,1.84284,1.00,1.00
2015.02.24 09:00:03.314,1.84269,1.84284,1.00,1.00
2015.02.24 09:00:03.365,1.84269,1.84289,1.00,1.25
2015.02.24 09:00:03.679,1.84271,1.84288,1.00,1.00
2015.02.24 09:00:04.444,1.84272,1.84288,1.00,1.00
2015.02.24 09:00:04.748,1.84273,1.84292,1.00,1.19
2015.02.24 09:00:05.693,1.84273,1.84292,1.00,1.25
2015.02.24 09:00:08.315,1.84273,1.84292,1.62,1.00
2015.02.24 09:00:08.366,1.84288,1.84292,1.00,1.00
2015.02.24 09:00:08.417,1.84288,1.84299,1.00,1.00
2015.02.24 09:00:08.518,1.8429,1.84304,1.00,1.12
2015.02.24 09:00:08.569,1.8429,1.84307,1.00,1.00
2015.02.24 09:00:09.598,1.84292,1.84307,1.00,1.00
2015.02.24 09:00:09.700,1.84294,1.84311,1.00,1.00
2015.02.24 09:00:10.613,1.84294,1.84311,1.37,1.00
2015.02.24 09:00:10.715,1.84299,1.84318,1.12,1.19
2015.02.24 09:00:11.221,1.843,1.84318,1.00,1.37
2015.02.24 09:00:11.373,1.84298,1.84315,1.00,1.00
2015.02.24 09:00:12.006,1.84298,1.84314,1.00,1.00
2015.02.24 09:00:12.866,1.84297,1.84314,1.00,1.00
2015.02.24 09:00:14.031,1.84298,1.84314,1.00,1.00
2015.02.24 09:00:14.132,1.84301,1.84318,1.12,1.00
2015.02.24 09:00:14.890,1.84304,1.84321,1.00,1.12
2015.02.24 09:00:15.398,1.84304,1.84321,1.00,1.62
2015.02.24 09:00:15.866,1.84301,1.8432,1.25,1.12
2015.02.24 09:00:16.120,1.84301,1.8432,1.00,2.40
2015.02.24 09:00:16.323,1.84299,1.84316,1.00,1.00
2015.02.24 09:00:17.985,1.84301,1.84318,1.00,1.62
2015.02.24 09:00:18.289,1.84294,1.84313,1.87,1.19
2015.02.24 09:00:18.391,1.84292,1.8431,1.20,1.52
2015.02.24 09:00:18.492,1.84291,1.8431,1.00,1.19
2015.02.24 09:00:19.014,1.8429,1.84307,1.00,1.19
2015.02.24 09:00:19.370,1.8429,1.84307,1.00,1.56
2015.02.24 09:00:19.421,1.84288,1.84303,1.00,1.00
2015.02.24 09:00:20.081,1.84287,1.84303,1.00,1.00
2015.02.24 09:00:21.601,1.84287,1.84303,1.19,1.00
2015.02.24 09:00:22.819,1.84287,1.84303,1.25,1.00
2015.02.24 09:00:24.336,1.84286,1.84303,1.19,1.00
2015.02.24 09:00:25.761,1.84284,1.84301,1.66,1.00
2015.02.24 09:00:25.813,1.84284,1.84301,1.10,1.00
2015.02.24 09:00:25.863,1.84284,1.84301,1.10,1.46
2015.02.24 09:00:26.168,1.84283,1.84296,1.00,1.00
2015.02.24 09:00:26.219,1.84279,1.84296,1.69,1.00
2015.02.24 09:00:26.674,1.84283,1.84296,1.00,1.00
2015.02.24 09:00:27.136,1.84279,1.84296,1.00,1.00
2015.02.24 09:00:28.252,1.84279,1.84296,1.00,1.19
2015.02.24 09:00:29.366,1.84279,1.84296,1.00,1.25
2015.02.24 09:00:30.074,1.84279,1.84296,1.00,1.62
2015.02.24 09:00:30.377,1.84277,1.84293,1.00,2.44
2015.02.24 09:00:30.884,1.84277,1.84292,1.00,2.25
2015.02.24 09:00:31.428,1.84278,1.84292,1.00,2.25
2015.02.24 09:00:31.934,1.84277,1.84292,1.87,2.25
2015.02.24 09:00:32.465,1.84278,1.84292,1.00,3.00
2015.02.24 09:00:32.971,1.84273,1.84289,1.87,2.17
2015.02.24 09:00:33.123,1.84273,1.84289,1.87,2.25
2015.02.24 09:00:33.173,1.84278,1.84289,1.00,1.17
2015.02.24 09:00:33.679,1.84278,1.84289,1.00,1.00
2015.02.24 09:00:35.158,1.84275,1.84289,2.81,1.00
2015.02.24 09:00:35.665,1.84276,1.84291,2.62,1.00
2015.02.24 09:00:36.478,1.84278,1.84291,2.17,1.00
2015.02.24 09:00:36.965,1.8428,1.84291,2.17,1.00
2015.02.24 09:00:37.117,1.84284,1.84299,2.55,1.00
2015.02.24 09:00:37.270,1.84288,1.843,2.17,1.00
2015.02.24 09:00:37.472,1.84283,1.84297,2.62,1.12
2015.02.24 09:00:37.574,1.84281,1.84297,2.25,1.62
2015.02.24 09:00:38.080,1.8428,1.84297,3.75,1.62
2015.02.24 09:00:38.585,1.8428,1.84297,3.75,1.62
2015.02.24 09:00:39.095,1.8428,1.84297,3.75,1.12
2015.02.24 09:00:40.470,1.84282,1.84297,2.17,1.00
2015.02.24 09:00:41.188,1.84284,1.84297,2.17,1.00
2015.02.24 09:00:41.391,1.84289,1.84303,4.35,1.00
2015.02.24 09:00:41.645,1.84291,1.84303,2.25,1.00
2015.02.24 09:00:41.952,1.84292,1.84307,2.25,1.25
2015.02.24 09:00:43.490,1.84294,1.84308,2.25,1.00
2015.02.24 09:00:44.611,1.84295,1.84308,2.25,1.00
2015.02.24 09:00:45.410,1.84293,1.84308,4.54,1.00
2015.02.24 09:00:46.972,1.84293,1.84308,3.00,1.37
2015.02.24 09:00:47.023,1.84293,1.84305,1.17,1.00
2015.02.24 09:00:47.124,1.84288,1.84302,1.17,1.12
2015.02.24 09:00:47.226,1.84285,1.84302,1.09,1.37
2015.02.24 09:00:47.580,1.84288,1.84302,1.19,1.00
2015.02.24 09:00:47.885,1.84291,1.84304,2.44,1.00
2015.02.24 09:00:47.987,1.84291,1.84308,3.19,1.00
2015.02.24 09:00:49.022,1.84291,1.84308,3.19,1.00
2015.02.24 09:00:52.384,1.84291,1.84308,3.00,1.00
2015.02.24 09:00:52.435,1.84291,1.84308,1.00,3.00
2015.02.24 09:00:52.941,1.8429,1.84307,2.44,1.00
2015.02.24 09:00:53.421,1.84292,1.84307,2.44,1.00
2015.02.24 09:00:53.940,1.84291,1.84308,1.76,1.10
2015.02.24 09:00:54.455,1.84291,1.84308,3.94,1.00
2015.02.24 09:00:54.766,1.84293,1.84308,1.29,1.00
2015.02.24 09:00:55.530,1.84293,1.84308,1.29,1.00
2015.02.24 09:00:55.909,1.84291,1.84308,3.19,1.00
2015.02.24 09:00:56.011,1.84291,1.84308,3.19,1.37
2015.02.24 09:00:56.315,1.84288,1.84305,1.01,1.74
2015.02.24 09:00:56.366,1.84286,1.84301,2.44,1.00
2015.02.24 09:00:56.468,1.84284,1.84301,1.10,1.27
2015.02.24 09:00:56.519,1.84284,1.84301,1.29,1.27
2015.02.24 09:00:57.227,1.84284,1.84301,1.19,3.37
2015.02.24 09:00:57.420,1.84284,1.84301,1.00,3.56
2015.02.24 09:00:58.588,1.84283,1.84301,1.00,3.56
2015.02.24 09:00:59.501,1.84283,1.84301,1.19,3.37
2015.02.24 09:01:00.972,1.84283,1.84298,1.19,1.00
2015.02.24 09:01:03.071,1.84283,1.843,2.06,1.17
2015.02.24 09:01:03.172,1.84285,1.843,3.56,1.00
2015.02.24 09:01:03.678,1.84285,1.843,3.19,1.00
2015.02.24 09:01:04.191,1.84285,1.843,1.29,1.00
2015.02.24 09:01:04.393,1.84288,1.84303,1.00,1.10
2015.02.24 09:01:04.646,1.84288,1.84303,1.39,1.00
2015.02.24 09:01:06.081,1.84288,1.84303,1.39,1.00
2015.02.24 09:01:08.546,1.84288,1.84303,1.39,1.00
2015.02.24 09:01:09.751,1.84287,1.84303,1.34,1.37
2015.02.24 09:01:09.852,1.84288,1.84303,1.39,1.37
2015.02.24 09:01:10.933,1.84286,1.84303,4.54,1.00
2015.02.24 09:01:11.086,1.84284,1.84303,1.39,1.46
2015.02.24 09:01:11.541,1.84287,1.84303,1.00,1.46
2015.02.24 09:01:11.763,1.84284,1.84303,1.39,1.46
2015.02.24 09:01:12.557,1.84284,1.84303,2.51,1.17
2015.02.24 09:01:12.861,1.84287,1.84303,3.19,1.00
2015.02.24 09:01:14.973,1.84287,1.84305,3.19,1.10
2015.02.24 09:01:16.105,1.84288,1.84305,1.36,1.10
2015.02.24 09:01:17.081,1.84287,1.84305,3.56,1.10
2015.02.24 09:01:18.569,1.84287,1.84305,3.56,1.10
2015.02.24 09:01:19.993,1.84289,1.84308,3.94,1.00
2015.02.24 09:01:20.095,1.84289,1.84308,3.94,1.00
2015.02.24 09:01:21.147,1.84289,1.84308,3.94,1.00
2015.02.24 09:01:21.980,1.84289,1.84308,3.94,1.25
2015.02.24 09:01:26.796,1.84292,1.84308,1.19,1.00
2015.02.24 09:01:26.999,1.84289,1.84308,3.94,1.00
2015.02.24 09:01:27.486,1.84289,1.84308,3.19,1.75
2015.02.24 09:01:27.538,1.84288,1.84304,1.00,1.52
2015.02.24 09:01:27.690,1.84288,1.843,1.00,1.00
2015.02.24 09:01:27.995,1.84288,1.84298,1.00,1.00
2015.02.24 09:01:28.046,1.84282,1.84298,1.26,1.00
2015.02.24 09:01:28.248,1.84282,1.84298,1.19,3.00
2015.02.24 09:01:28.553,1.84283,1.84294,1.00,1.00
2015.02.24 09:01:28.604,1.8428,1.84297,1.29,1.17
2015.02.24 09:01:28.706,1.8428,1.84297,1.07,1.10
2015.02.24 09:01:28.808,1.8428,1.84297,3.19,1.07
2015.02.24 09:01:29.314,1.84282,1.84297,2.44,1.00
2015.02.24 09:01:29.977,1.84282,1.84297,1.29,1.00
2015.02.24 09:01:30.556,1.84282,1.84301,1.36,1.10
2015.02.24 09:01:31.249,1.84288,1.84301,1.25,1.10
2015.02.24 09:01:33.104,1.84283,1.84301,1.29,1.01
2015.02.24 09:01:33.256,1.84282,1.84301,1.84,1.39
2015.02.24 09:01:33.409,1.84282,1.843,1.09,1.00
2015.02.24 09:01:33.460,1.84282,1.84297,1.01,1.00
2015.02.24 09:01:33.765,1.84283,1.84298,1.19,1.00
2015.02.24 09:01:33.917,1.8428,1.84298,4.54,1.00
2015.02.24 09:01:34.069,1.84277,1.84297,1.46,1.65
2015.02.24 09:01:34.373,1.84282,1.84297,2.44,1.00
2015.02.24 09:01:34.879,1.84282,1.84299,3.52,1.00
2015.02.24 09:01:34.930,1.84282,1.84299,3.45,1.00
2015.02.24 09:01:35.233,1.84285,1.84303,3.11,2.17
2015.02.24 09:01:35.284,1.84291,1.84307,1.25,4.72
2015.02.24 09:01:35.437,1.84291,1.84308,1.29,3.30
2015.02.24 09:01:35.589,1.84291,1.84308,1.39,1.00
2015.02.24 09:01:35.741,1.84292,1.84311,1.29,3.30
2015.02.24 09:01:35.792,1.84292,1.84311,1.36,1.20
2015.02.24 09:01:36.045,1.84292,1.84311,1.84,1.47
2015.02.24 09:01:36.551,1.84293,1.84308,2.81,1.12
2015.02.24 09:01:36.961,1.84294,1.84311,3.56,1.12
2015.02.24 09:01:37.214,1.84296,1.84311,1.01,1.00
2015.02.24 09:01:37.264,1.84299,1.84317,4.91,1.00
2015.02.24 09:01:37.430,1.84299,1.84319,5.66,1.20
2015.02.24 09:01:37.936,1.84302,1.84319,2.81,1.00
2015.02.24 09:01:38.241,1.84305,1.84319,2.44,1.00
2015.02.24 09:01:38.394,1.84309,1.84329,2.44,2.25
2015.02.24 09:01:38.495,1.84307,1.84327,2.44,3.75
2015.02.24 09:01:38.647,1.84304,1.84325,2.44,2.25
2015.02.24 09:01:39.962,1.84301,1.84323,5.66,5.47
2015.02.24 09:01:40.266,1.84303,1.8432,1.00,1.17
2015.02.24 09:01:40.570,1.843,1.84317,1.29,1.17
2015.02.24 09:01:40.672,1.843,1.84317,1.10,1.17
2015.02.24 09:01:40.976,1.84297,1.84315,1.20,1.15
2015.02.24 09:01:41.027,1.84295,1.84312,5.29,1.00
2015.02.24 09:01:41.533,1.84295,1.84312,1.66,1.00
2015.02.24 09:01:42.052,1.84295,1.84312,1.19,1.15
2015.02.24 09:01:42.154,1.84291,1.84312,4.91,1.15
2015.02.24 09:01:42.417,1.84293,1.8431,1.76,1.00
2015.02.24 09:01:42.772,1.84295,1.84312,1.20,1.10
2015.02.24 09:01:43.278,1.84293,1.84311,2.81,1.12
2015.02.24 09:01:43.785,1.84292,1.8431,1.74,1.00
2015.02.24 09:01:45.939,1.84292,1.8431,1.74,1.00
2015.02.24 09:01:46.193,1.8429,1.84308,1.76,1.20
2015.02.24 09:01:46.295,1.8429,1.84308,1.46,1.20
2015.02.24 09:01:46.549,1.84288,1.84304,3.11,2.17
2015.02.24 09:01:46.600,1.84288,1.84303,1.00,2.25
2015.02.24 09:01:46.651,1.84284,1.84301,1.07,3.00
2015.02.24 09:01:46.753,1.84284,1.84299,1.00,2.25
2015.02.24 09:01:47.259,1.84283,1.84298,1.25,1.17
2015.02.24 09:01:49.387,1.84283,1.84299,1.66,2.17
2015.02.24 09:01:49.438,1.84283,1.84302,1.76,1.15
2015.02.24 09:01:49.489,1.84283,1.84302,1.74,1.07
2015.02.24 09:01:49.641,1.84287,1.84305,1.46,1.17
2015.02.24 09:01:49.743,1.84287,1.84306,5.66,1.00
2015.02.24 09:01:50.249,1.84287,1.84305,4.72,1.00
2015.02.24 09:01:50.301,1.84287,1.84305,2.17,2.92
2015.02.24 09:01:50.456,1.84283,1.84305,6.41,5.47
2015.02.24 09:01:50.558,1.84283,1.84302,1.64,2.25
2015.02.24 09:01:50.712,1.84283,1.84302,1.32,4.35
2015.02.24 09:01:50.764,1.84283,1.843,1.25,2.25
2015.02.24 09:01:51.575,1.84284,1.84303,2.81,2.17
2015.02.24 09:01:51.677,1.84285,1.84305,2.81,3.56
2015.02.24 09:01:52.183,1.84288,1.84303,1.00,1.07
2015.02.24 09:01:52.234,1.84284,1.84303,2.14,1.07
2015.02.24 09:01:52.606,1.84288,1.84303,1.00,1.07
2015.02.24 09:01:53.121,1.84284,1.84303,2.14,1.07
2015.02.24 09:01:53.476,1.84284,1.84302,2.14,2.25
2015.02.24 09:01:53.982,1.84284,1.84303,2.14,3.00
2015.02.24 09:01:54.496,1.84284,1.84303,2.21,1.15
2015.02.24 09:01:54.805,1.84284,1.84302,2.06,4.35
2015.02.24 09:01:55.141,1.84288,1.84302,1.00,4.35
2015.02.24 09:01:56.396,1.84284,1.84302,1.56,4.35
2015.02.24 09:01:56.598,1.84284,1.843,1.56,2.25
2015.02.24 09:01:56.902,1.8428,1.84296,1.31,2.25
2015.02.24 09:01:57.441,1.8428,1.84296,1.31,2.25
2015.02.24 09:01:58.098,1.8428,1.84295,1.31,2.25
2015.02.24 09:01:58.554,1.8428,1.84297,1.00,5.10
2015.02.24 09:01:58.706,1.8428,1.84297,3.49,2.92
2015.02.24 09:01:58.758,1.84281,1.84297,2.44,1.00
2015.02.24 09:01:59.429,1.84283,1.84297,1.55,1.00
2015.02.24 09:01:59.531,1.84284,1.84297,2.62,1.00
2015.02.24 09:01:59.834,1.84285,1.84299,2.36,1.00
2015.02.24 09:01:59.885,1.84282,1.84299,5.06,1.00
2015.02.24 09:01:59.936,1.84288,1.84299,1.00,1.00
2015.02.24 09:02:00.089,1.84284,1.84299,1.20,1.00
2015.02.24 09:02:00.494,1.84283,1.84297,2.25,1.00
2015.02.24 09:02:00.596,1.8428,1.84297,1.10,3.56
2015.02.24 09:02:00.697,1.84278,1.84293,1.12,1.07
2015.02.24 09:02:01.001,1.84276,1.84292,2.06,2.25
2015.02.24 09:02:01.255,1.84276,1.84293,1.31,1.10
2015.02.24 09:02:01.509,1.84278,1.84293,1.00,5.66
2015.02.24 09:02:01.617,1.84273,1.8429,1.00,2.25
2015.02.24 09:02:01.668,1.84273,1.84288,1.00,2.17
2015.02.24 09:02:01.821,1.8427,1.84287,1.76,1.17
2015.02.24 09:02:02.176,1.84273,1.84287,1.00,1.10
2015.02.24 09:02:02.686,1.84272,1.84287,1.00,1.00
2015.02.24 09:02:05.889,1.84273,1.84287,1.00,1.00
2015.02.24 09:02:06.193,1.84273,1.84289,1.29,1.10
2015.02.24 09:02:07.509,1.84274,1.84291,1.74,1.10
2015.02.24 09:02:07.560,1.84278,1.84291,1.00,1.10
2015.02.24 09:02:07.864,1.84274,1.8429,1.31,2.25
2015.02.24 09:02:08.386,1.84272,1.84288,1.31,1.00
2015.02.24 09:02:08.706,1.84274,1.84288,2.36,1.00
2015.02.24 09:02:09.165,1.84272,1.84288,2.44,1.00
2015.02.24 09:02:09.267,1.84271,1.84288,1.09,1.00
2015.02.24 09:02:09.420,1.84268,1.84285,1.34,1.00
2015.02.24 09:02:09.622,1.84268,1.84285,1.29,1.07
2015.02.24 09:02:10.194,1.84268,1.84285,3.11,1.00
2015.02.24 09:02:17.922,1.84268,1.84285,1.00,2.02
2015.02.24 09:02:17.977,1.84265,1.84282,1.29,1.10
2015.02.24 09:02:18.331,1.84265,1.84282,1.19,3.00
2015.02.24 09:02:18.447,1.84265,1.84282,1.25,3.19
2015.02.24 09:02:18.599,1.84265,1.8428,1.25,2.25
2015.02.24 09:02:19.467,1.84263,1.8428,1.50,3.00
2015.02.24 09:02:19.620,1.84263,1.8428,1.65,1.10
2015.02.24 09:02:20.038,1.84263,1.8428,1.00,3.00
2015.02.24 09:02:21.388,1.84263,1.8428,1.87,1.32
2015.02.24 09:02:21.692,1.84266,1.84283,1.00,1.29
2015.02.24 09:02:21.996,1.84268,1.84283,1.00,1.29
2015.02.24 09:02:22.299,1.84273,1.84283,1.00,1.10
2015.02.24 09:02:22.429,1.84268,1.84283,1.00,1.10
2015.02.24 09:02:22.936,1.84266,1.84283,1.19,1.10
2015.02.24 09:02:23.037,1.84263,1.8428,2.14,1.10
2015.02.24 09:02:23.139,1.84263,1.8428,2.14,1.10
2015.02.24 09:02:24.238,1.84263,1.8428,1.64,1.10
2015.02.24 09:02:25.257,1.84263,1.8428,1.26,1.01
2015.02.24 09:02:25.560,1.84262,1.84275,2.17,1.00
2015.02.24 09:02:25.611,1.84257,1.84275,2.25,1.20
2015.02.24 09:02:25.662,1.84257,1.8427,2.36,1.00
2015.02.24 09:02:25.764,1.84255,1.84268,1.00,1.10
2015.02.24 09:02:26.068,1.84258,1.84268,1.00,1.20
2015.02.24 09:02:26.238,1.84252,1.84268,1.31,1.20
2015.02.24 09:02:26.569,1.84254,1.8427,1.26,2.17
2015.02.24 09:02:26.620,1.84255,1.84271,2.81,1.00
2015.02.24 09:02:27.561,1.84258,1.84271,1.00,1.00
2015.02.24 09:02:27.663,1.84263,1.84271,1.00,1.00
2015.02.24 09:02:27.966,1.84263,1.84274,1.00,1.00
2015.02.24 09:02:28.031,1.84268,1.84274,1.00,1.00
2015.02.24 09:02:28.082,1.84268,1.84277,1.07,1.00
2015.02.24 09:02:28.133,1.84269,1.84279,2.25,1.00
2015.02.24 09:02:28.234,1.84272,1.84285,2.25,1.00
2015.02.24 09:02:28.740,1.84272,1.84288,2.25,1.00
2015.02.24 09:02:28.931,1.84272,1.84288,2.62,1.00
2015.02.24 09:02:29.234,1.84281,1.84295,2.25,1.00
2015.02.24 09:02:30.169,1.84281,1.84295,2.25,2.06
2015.02.24 09:02:30.271,1.84278,1.84295,2.25,2.06
2015.02.24 09:02:30.576,1.84278,1.84294,2.25,1.31
2015.02.24 09:02:30.627,1.84276,1.84294,3.00,1.39
2015.02.24 09:02:30.729,1.84276,1.84294,1.10,3.56
2015.02.24 09:02:30.880,1.84274,1.84289,2.25,1.00
2015.02.24 09:02:31.235,1.84273,1.84289,1.10,1.00
2015.02.24 09:02:32.988,1.84273,1.84292,1.19,4.12
2015.02.24 09:02:33.292,1.84278,1.84293,2.25,1.00
2015.02.24 09:02:34.260,1.84279,1.84296,1.46,1.10
2015.02.24 09:02:38.391,1.84279,1.84296,1.36,1.10
2015.02.24 09:02:42.206,1.84279,1.84296,1.34,1.00
2015.02.24 09:02:43.398,1.84279,1.84296,1.71,1.00
2015.02.24 09:02:44.819,1.84279,1.84296,1.46,1.01
2015.02.24 09:02:45.851,1.84281,1.84296,2.25,1.00
2015.02.24 09:02:45.953,1.84279,1.84296,1.31,1.10
2015.02.24 09:02:46.522,1.84282,1.84296,2.17,1.00
2015.02.24 09:02:49.910,1.84281,1.84296,2.25,1.00
2015.02.24 09:02:50.513,1.8428,1.84296,2.81,1.00
2015.02.24 09:02:52.719,1.84279,1.84296,1.10,1.00
2015.02.24 09:02:53.073,1.84277,1.84293,2.81,1.00
2015.02.24 09:02:53.732,1.84277,1.8429,2.25,1.00
2015.02.24 09:02:54.514,1.84277,1.84295,2.25,1.62
2015.02.24 09:02:55.074,1.84277,1.84295,2.25,1.62
2015.02.24 09:02:57.371,1.84277,1.84295,2.44,1.00
2015.02.24 09:02:57.421,1.84279,1.84295,2.17,1.00
2015.02.24 09:02:57.725,1.84276,1.84291,1.10,2.36
2015.02.24 09:02:57.776,1.84272,1.84291,1.32,2.81
2015.02.24 09:02:57.928,1.84273,1.84291,2.25,1.31
2015.02.24 09:02:58.496,1.84273,1.84289,4.54,1.00
2015.02.24 09:03:00.441,1.84272,1.84289,1.34,1.00
2015.02.24 09:03:01.656,1.84272,1.84289,1.34,1.00
2015.02.24 09:03:01.858,1.84271,1.84292,6.41,1.20
2015.02.24 09:03:01.909,1.84275,1.84292,2.17,1.10
2015.02.24 09:03:02.314,1.84277,1.84297,2.74,5.66
2015.02.24 09:03:04.318,1.84277,1.84297,2.25,3.00
2015.02.24 09:03:04.471,1.84274,1.84294,1.26,3.56
2015.02.24 09:03:04.935,1.84271,1.84287,2.92,3.30
2015.02.24 09:03:04.986,1.84271,1.84287,1.00,3.37
2015.02.24 09:03:05.037,1.84271,1.84284,1.00,2.55
2015.02.24 09:03:05.291,1.84264,1.84284,2.25,2.62
2015.02.24 09:03:06.392,1.84264,1.8428,2.25,1.00
2015.02.24 09:03:06.700,1.84262,1.8428,2.44,1.10
2015.02.24 09:03:08.039,1.84264,1.8428,2.17,1.00
2015.02.24 09:03:08.444,1.84264,1.84282,2.44,1.10
2015.02.24 09:03:08.546,1.84266,1.84284,2.17,1.09
2015.02.24 09:03:09.876,1.84266,1.8428,2.44,1.00
2015.02.24 09:03:11.562,1.84263,1.8428,1.36,1.00
2015.02.24 09:03:12.057,1.84263,1.8428,1.74,1.00
2015.02.24 09:03:12.108,1.84265,1.84285,1.19,3.00
2015.02.24 09:03:13.197,1.84265,1.84285,1.19,3.00
2015.02.24 09:03:13.704,1.84265,1.84285,1.34,2.02
2015.02.24 09:03:14.318,1.84265,1.84285,1.40,2.02
2015.02.24 09:03:15.059,1.84265,1.84283,1.09,2.17
2015.02.24 09:03:15.363,1.84263,1.84281,1.26,2.17
2015.02.24 09:03:15.869,1.84261,1.84278,1.39,1.00
2015.02.24 09:03:18.808,1.84264,1.84281,1.29,1.17
2015.02.24 09:03:19.012,1.84266,1.84285,1.29,2.81
2015.02.24 09:03:19.670,1.84266,1.84284,1.01,1.64
2015.02.24 09:03:20.125,1.84261,1.8428,5.29,1.00
2015.02.24 09:03:20.176,1.84261,1.8428,5.29,1.00
2015.02.24 09:03:21.188,1.84261,1.8428,5.10,1.31
2015.02.24 09:03:21.390,1.84261,1.84278,1.00,1.20
2015.02.24 09:03:21.492,1.84258,1.84276,5.10,1.00
2015.02.24 09:03:22.690,1.84258,1.84277,5.10,1.12
2015.02.24 09:03:23.510,1.84258,1.84277,5.29,1.31
2015.02.24 09:03:24.586,1.84258,1.84278,5.29,1.76
2015.02.24 09:03:25.799,1.84258,1.84278,5.29,1.46
2015.02.24 09:03:26.835,1.84259,1.84279,2.81,1.69
2015.02.24 09:03:27.836,1.84259,1.84279,2.81,1.69
2015.02.24 09:03:30.506,1.8426,1.84279,1.46,1.19
2015.02.24 09:03:31.187,1.8426,1.84279,1.74,1.00
2015.02.24 09:03:31.542,1.84264,1.8428,1.01,1.10
2015.02.24 09:03:31.593,1.84267,1.84284,2.74,2.92
2015.02.24 09:03:31.644,1.84267,1.84284,2.81,1.00
2015.02.24 09:03:31.695,1.8427,1.84287,1.25,1.10
2015.02.24 09:03:32.255,1.8427,1.84287,1.62,1.10
2015.02.24 09:03:32.767,1.8427,1.84287,1.25,1.20
2015.02.24 09:03:32.869,1.84267,1.84288,2.81,1.55
2015.02.24 09:03:32.920,1.84264,1.84284,3.37,1.20
2015.02.24 09:03:33.022,1.84267,1.84284,2.25,1.00
2015.02.24 09:03:33.174,1.8427,1.84288,4.35,1.00
2015.02.24 09:03:33.686,1.84269,1.84288,2.44,1.17
2015.02.24 09:03:33.738,1.84266,1.84288,4.54,1.15
2015.02.24 09:03:34.263,1.84266,1.84288,4.54,1.65
2015.02.24 09:03:34.314,1.84266,1.84286,2.44,2.25
2015.02.24 09:03:35.898,1.84265,1.84287,2.81,2.25
2015.02.24 09:03:36.202,1.84268,1.84289,2.62,2.62
2015.02.24 09:03:37.337,1.84269,1.8429,4.72,1.52
2015.02.24 09:03:38.148,1.84269,1.84288,4.72,1.00
2015.02.24 09:03:38.199,1.84269,1.84285,2.17,1.37
2015.02.24 09:03:38.250,1.84265,1.84285,4.91,1.37
2015.02.24 09:03:38.301,1.84271,1.84285,2.55,1.00
2015.02.24 09:03:38.604,1.84271,1.84287,3.00,1.00
2015.02.24 09:03:38.706,1.84273,1.84288,2.17,1.12
2015.02.24 09:03:38.909,1.84271,1.84287,4.35,1.00
2015.02.24 09:03:39.414,1.84272,1.84289,1.07,1.47
2015.02.24 09:03:39.922,1.84272,1.84289,1.45,1.10
2015.02.24 09:03:41.790,1.84274,1.84291,1.00,3.37
2015.02.24 09:03:41.942,1.84271,1.84288,1.31,1.10
2015.02.24 09:03:42.196,1.84271,1.84287,1.17,1.37
2015.02.24 09:03:42.248,1.8427,1.84287,1.00,3.37
2015.02.24 09:03:42.609,1.84272,1.84286,2.17,1.10
2015.02.24 09:03:42.660,1.84272,1.84289,3.00,1.50
2015.02.24 09:03:45.704,1.84272,1.84289,3.56,1.00
2015.02.24 09:03:45.856,1.84275,1.84293,2.62,1.10
2015.02.24 09:03:45.958,1.84279,1.84298,2.44,2.02
2015.02.24 09:03:46.477,1.84279,1.84298,2.81,1.55
2015.02.24 09:03:47.838,1.8428,1.84298,3.37,1.00
2015.02.24 09:03:48.244,1.8428,1.84299,1.27,1.52
2015.02.24 09:03:50.011,1.8428,1.84299,1.00,5.47
2015.02.24 09:03:51.604,1.84276,1.84299,5.66,5.47
2015.02.24 09:03:51.908,1.84276,1.84299,5.66,5.47
2015.02.24 09:03:52.060,1.84276,1.84296,3.56,2.25
2015.02.24 09:03:52.111,1.84276,1.84296,3.56,2.62
2015.02.24 09:03:52.466,1.84276,1.84294,1.66,2.25
2015.02.24 09:03:52.820,1.84281,1.84294,1.00,2.62
2015.02.24 09:03:59.449,1.84281,1.84293,1.00,2.17
2015.02.24 09:03:59.805,1.84281,1.84295,1.00,3.37
2015.02.24 09:03:59.856,1.84275,1.84295,2.81,3.37
2015.02.24 09:04:00.362,1.84273,1.84294,2.81,2.62
2015.02.24 09:04:00.413,1.84273,1.84294,2.81,2.62
2015.02.24 09:04:00.971,1.84275,1.84295,2.81,2.62
2015.02.24 09:04:01.973,1.84274,1.84293,2.17,2.92
2015.02.24 09:04:02.024,1.84271,1.84293,4.54,5.17
2015.02.24 09:04:02.126,1.84269,1.84288,1.32,2.62
2015.02.24 09:04:02.178,1.84267,1.84286,1.55,3.37
2015.02.24 09:04:02.382,1.8427,1.84286,1.46,1.00
2015.02.24 09:04:02.689,1.84267,1.84287,2.44,2.25
2015.02.24 09:04:03.989,1.84267,1.84287,2.44,2.25
2015.02.24 09:04:04.666,1.84266,1.84287,1.74,2.62
2015.02.24 09:04:04.919,1.8427,1.84287,1.00,4.72
2015.02.24 09:04:06.180,1.8427,1.84287,1.00,4.72
2015.02.24 09:04:06.799,1.8427,1.84285,1.00,2.62
2015.02.24 09:04:08.283,1.8427,1.84282,1.00,2.55
2015.02.24 09:04:08.435,1.84268,1.84282,1.00,2.62
2015.02.24 09:04:09.369,1.84268,1.8428,1.00,2.17
2015.02.24 09:04:09.420,1.84266,1.8428,1.00,4.35
2015.02.24 09:04:09.623,1.84266,1.84282,1.00,2.25
2015.02.24 09:04:11.696,1.84264,1.84281,1.12,1.47
2015.02.24 09:04:11.900,1.84264,1.84278,1.00,2.17
2015.02.24 09:04:11.951,1.84261,1.84278,1.69,3.00
2015.02.24 09:04:12.002,1.84261,1.84276,1.25,2.55
2015.02.24 09:04:13.999,1.84261,1.84276,1.00,2.62
2015.02.24 09:04:14.151,1.84259,1.84276,1.00,3.37
2015.02.24 09:04:14.669,1.84259,1.84274,1.00,2.81
2015.02.24 09:04:15.383,1.84259,1.84274,1.00,3.19
2015.02.24 09:04:15.891,1.84258,1.84272,1.00,2.81
2015.02.24 09:04:17.489,1.84258,1.84273,1.00,1.74
2015.02.24 09:04:18.006,1.84255,1.8427,1.00,2.55
2015.02.24 09:04:19.443,1.84255,1.84269,1.00,1.45
2015.02.24 09:04:19.596,1.84255,1.84269,1.00,1.70
2015.02.24 09:04:20.993,1.84255,1.84269,1.00,2.74
2015.02.24 09:04:21.456,1.84255,1.84271,1.00,3.56
2015.02.24 09:04:22.310,1.84255,1.84271,1.00,3.56
2015.02.24 09:04:22.816,1.84255,1.84269,1.00,2.81
2015.02.24 09:04:24.842,1.84255,1.84269,1.00,2.81
2015.02.24 09:04:26.920,1.84255,1.84269,1.00,2.81
2015.02.24 09:04:27.432,1.84255,1.84269,1.00,2.81
2015.02.24 09:04:34.632,1.84255,1.84266,1.00,2.17
2015.02.24 09:04:38.712,1.84255,1.84267,1.00,2.25
2015.02.24 09:04:38.813,1.84255,1.84269,1.00,2.81
2015.02.24 09:04:40.752,1.84255,1.8427,1.00,5.66
2015.02.24 09:04:45.451,1.84255,1.8427,1.00,1.07
2015.02.24 09:04:45.552,1.84255,1.84271,1.00,1.01
2015.02.24 09:04:46.058,1.84255,1.84272,1.07,1.29
2015.02.24 09:04:46.159,1.84255,1.84273,1.17,2.47
2015.02.24 09:04:46.676,1.84255,1.84272,1.27,1.00
2015.02.24 09:04:48.244,1.84257,1.84273,2.17,2.02
2015.02.24 09:04:48.750,1.84258,1.84273,1.10,1.00
2015.02.24 09:04:49.332,1.84258,1.84273,1.47,1.00
2015.02.24 09:04:49.929,1.84259,1.84273,1.37,1.00
2015.02.24 09:04:50.233,1.84261,1.84275,2.55,1.00
2015.02.24 09:04:50.385,1.84261,1.84277,2.62,1.00
2015.02.24 09:04:50.807,1.84261,1.84279,2.44,1.76
2015.02.24 09:04:51.312,1.8426,1.84279,2.81,1.76
2015.02.24 09:04:52.555,1.84258,1.84276,1.66,2.25
2015.02.24 09:04:53.622,1.84258,1.84276,1.39,2.25
2015.02.24 09:04:54.472,1.84258,1.84276,1.62,4.35
2015.02.24 09:04:54.979,1.84258,1.84275,1.12,1.34
2015.02.24 09:04:56.159,1.84257,1.84274,1.62,1.20
2015.02.24 09:04:56.362,1.84259,1.84273,1.00,2.25
2015.02.24 09:04:56.881,1.84259,1.84276,1.00,2.62
2015.02.24 09:04:57.505,1.84259,1.84274,1.12,3.00
2015.02.24 09:04:58.011,1.84257,1.84273,1.37,3.00
2015.02.24 09:04:58.994,1.84257,1.84273,1.39,1.10
2015.02.24 09:04:59.507,1.84257,1.84273,1.39,1.10
2015.02.24 09:05:00.286,1.84259,1.84277,1.39,1.10
2015.02.24 09:05:00.805,1.8426,1.84277,2.44,1.00
2015.02.24 09:05:01.008,1.84265,1.84277,2.25,1.00
2015.02.24 09:05:01.059,1.84265,1.84281,2.25,1.00
2015.02.24 09:05:01.110,1.84265,1.84283,2.25,1.20
2015.02.24 09:05:01.423,1.84265,1.8428,2.25,1.00
2015.02.24 09:05:02.099,1.84265,1.84282,3.37,1.00
2015.02.24 09:05:02.150,1.84265,1.84282,3.37,1.00
2015.02.24 09:05:03.646,1.84266,1.84282,2.81,1.00
2015.02.24 09:05:03.990,1.84266,1.8428,2.81,1.00
2015.02.24 09:05:05.519,1.84268,1.84284,2.25,1.00
2015.02.24 09:05:05.722,1.8427,1.84287,1.10,2.21
2015.02.24 09:05:06.742,1.84268,1.84284,2.44,1.00
2015.02.24 09:05:06.844,1.8427,1.84287,1.10,1.36
2015.02.24 09:05:07.048,1.84268,1.84284,2.25,1.00
2015.02.24 09:05:07.353,1.84268,1.84282,2.25,1.00
2015.02.24 09:05:08.218,1.84265,1.84282,1.17,1.10
2015.02.24 09:05:08.322,1.84263,1.84281,1.57,2.25
2015.02.24 09:05:08.728,1.84265,1.84282,4.35,1.00
2015.02.24 09:05:10.104,1.84266,1.84282,4.54,1.00
2015.02.24 09:05:11.672,1.84266,1.84283,5.66,1.00
2015.02.24 09:05:12.763,1.8427,1.84287,1.00,1.65
2015.02.24 09:05:13.096,1.84266,1.84284,4.91,1.00
2015.02.24 09:05:13.617,1.84266,1.84284,4.91,1.00
2015.02.24 09:05:13.669,1.8427,1.84287,1.00,1.84
2015.02.24 09:05:14.074,1.84269,1.84286,2.62,1.69
2015.02.24 09:05:15.088,1.84269,1.84286,2.25,1.00
2015.02.24 09:05:15.594,1.84269,1.84286,2.25,1.19
2015.02.24 09:05:16.218,1.84269,1.84286,2.25,1.25
2015.02.24 09:05:21.519,1.84267,1.84283,1.07,1.25
2015.02.24 09:05:22.335,1.8427,1.84286,1.00,2.44
2015.02.24 09:05:22.709,1.8427,1.84284,1.00,2.44
2015.02.24 09:05:22.810,1.8427,1.84285,1.00,1.00
2015.02.24 09:05:22.913,1.84266,1.84285,4.54,1.69
2015.02.24 09:05:23.015,1.84265,1.84284,1.00,1.36
2015.02.24 09:05:23.319,1.84266,1.84286,2.25,3.19
2015.02.24 09:05:24.097,1.84266,1.84286,2.44,3.19
2015.02.24 09:05:25.440,1.84268,1.84286,2.25,1.10
2015.02.24 09:05:25.745,1.8427,1.84289,2.25,1.36
2015.02.24 09:05:26.297,1.84272,1.84288,1.00,2.44
2015.02.24 09:05:26.398,1.84269,1.84288,1.17,3.19
2015.02.24 09:05:26.500,1.84268,1.84284,2.25,1.19
2015.02.24 09:05:26.552,1.84265,1.84284,2.21,1.39
2015.02.24 09:05:28.151,1.84265,1.84283,1.29,2.44
2015.02.24 09:05:28.202,1.84265,1.84283,1.10,2.44
2015.02.24 09:05:28.405,1.84261,1.8428,1.71,1.00
2015.02.24 09:05:28.508,1.84263,1.8428,1.77,1.00
2015.02.24 09:05:29.014,1.84264,1.84283,1.20,1.34
2015.02.24 09:05:29.317,1.84265,1.8428,4.72,1.00
2015.02.24 09:05:29.722,1.84265,1.84283,4.35,1.19
2015.02.24 09:05:29.924,1.84265,1.8428,4.91,1.00
2015.02.24 09:05:30.127,1.84266,1.84283,1.40,1.25
2015.02.24 09:05:30.640,1.84268,1.84283,1.00,1.25
2015.02.24 09:05:33.056,1.84268,1.84283,3.00,1.25
2015.02.24 09:05:33.664,1.8427,1.84288,2.44,1.29
2015.02.24 09:05:33.868,1.84272,1.84289,3.19,1.19
2015.02.24 09:05:34.383,1.84272,1.84289,3.56,1.00
2015.02.24 09:05:35.971,1.84275,1.84289,2.25,1.00
2015.02.24 09:05:46.079,1.84278,1.84291,2.17,1.00
2015.02.24 09:05:46.383,1.84281,1.84291,2.25,1.00
2015.02.24 09:05:46.922,1.84282,1.84291,2.25,1.00
2015.02.24 09:05:47.425,1.84282,1.84298,2.25,1.19
2015.02.24 09:05:47.578,1.84282,1.84298,2.25,1.25
2015.02.24 09:05:48.084,1.84284,1.84301,1.17,1.19
2015.02.24 09:05:48.944,1.84283,1.843,3.56,1.00
2015.02.24 09:05:51.252,1.84283,1.843,3.71,1.00
2015.02.24 09:05:52.343,1.84283,1.843,3.71,1.00
2015.02.24 09:05:52.849,1.84283,1.843,3.64,1.00
2015.02.24 09:05:53.367,1.84285,1.843,2.81,1.00
2015.02.24 09:05:53.469,1.84288,1.84308,2.25,3.19
2015.02.24 09:05:53.875,1.84289,1.84308,4.91,1.00
2015.02.24 09:05:54.380,1.84289,1.84308,1.64,1.07
2015.02.24 09:05:54.899,1.84289,1.84308,3.56,1.19
2015.02.24 09:05:56.984,1.84289,1.84308,3.56,1.19
2015.02.24 09:05:57.294,1.84288,1.84305,1.57,1.25
2015.02.24 09:05:57.497,1.84288,1.84305,1.20,1.31
2015.02.24 09:05:57.700,1.84284,1.84301,1.34,1.00
2015.02.24 09:05:58.688,1.84284,1.84301,1.40,1.19
2015.02.24 09:06:00.315,1.84284,1.84301,1.00,1.39
2015.02.24 09:06:00.972,1.84284,1.84301,1.00,1.39
2015.02.24 09:06:02.105,1.84284,1.84301,1.25,1.39
2015.02.24 09:06:04.077,1.84284,1.84301,1.00,1.39
2015.02.24 09:06:05.688,1.84284,1.84301,1.57,1.19
2015.02.24 09:06:05.890,1.84284,1.84301,1.57,1.00
2015.02.24 09:06:06.093,1.84284,1.84301,1.00,3.00
2015.02.24 09:06:06.448,1.84282,1.84299,1.31,1.10
2015.02.24 09:06:07.384,1.84282,1.84299,1.31,1.29
2015.02.24 09:06:08.530,1.84282,1.84299,1.31,1.01
2015.02.24 09:06:13.821,1.84282,1.84299,1.39,1.00
2015.02.24 09:06:14.801,1.84282,1.84299,1.20,1.00
2015.02.24 09:06:16.936,1.84283,1.84299,2.25,1.00
2015.02.24 09:06:21.111,1.84285,1.84299,2.25,1.00
2015.02.24 09:06:21.416,1.84287,1.84299,2.25,1.00
2015.02.24 09:06:21.619,1.84287,1.84303,4.35,1.19
2015.02.24 09:06:21.823,1.84289,1.84306,1.17,1.00
2015.02.24 09:06:21.925,1.84289,1.84306,1.74,1.00
2015.02.24 09:06:22.231,1.84294,1.84309,2.25,1.19
2015.02.24 09:06:22.738,1.84295,1.84309,4.54,1.00
2015.02.24 09:06:22.958,1.84295,1.84312,5.66,1.25
2015.02.24 09:06:23.009,1.84297,1.84312,2.25,1.25
2015.02.24 09:06:23.521,1.84299,1.84316,1.20,1.69
2015.02.24 09:06:23.623,1.843,1.84316,2.25,1.69
2015.02.24 09:06:24.130,1.84301,1.84318,1.00,1.34
2015.02.24 09:06:24.181,1.84297,1.84318,4.54,1.34
2015.02.24 09:06:24.332,1.84296,1.84316,2.81,2.25
2015.02.24 09:06:24.637,1.84294,1.8431,2.44,1.00
2015.02.24 09:06:25.144,1.84296,1.8431,2.25,1.00
2015.02.24 09:06:25.246,1.84294,1.8431,2.44,1.00
2015.02.24 09:06:26.207,1.84293,1.8431,2.44,1.10
2015.02.24 09:06:26.258,1.84291,1.8431,3.19,1.01
2015.02.24 09:06:26.309,1.84291,1.8431,1.34,3.11
2015.02.24 09:06:26.869,1.8429,1.84309,2.25,1.36
2015.02.24 09:06:27.025,1.84288,1.84309,1.34,1.34
2015.02.24 09:06:27.967,1.84288,1.84309,1.34,1.34
2015.02.24 09:06:30.535,1.84288,1.84309,1.34,1.34
2015.02.24 09:06:33.754,1.84289,1.84309,1.09,3.19
2015.02.24 09:06:34.020,1.8429,1.84309,2.17,1.34
2015.02.24 09:06:35.551,1.84291,1.84308,3.56,1.19
2015.02.24 09:06:35.957,1.84293,1.84308,2.81,1.00
2015.02.24 09:06:36.271,1.84298,1.84308,2.25,1.00
2015.02.24 09:06:36.373,1.84298,1.84314,2.25,1.19
2015.02.24 09:06:36.474,1.84295,1.84314,5.66,1.19
2015.02.24 09:06:36.627,1.84298,1.84314,2.17,1.19
2015.02.24 09:06:37.035,1.843,1.84315,2.25,1.00
2015.02.24 09:06:37.849,1.84298,1.84315,1.34,1.00
2015.02.24 09:06:38.052,1.84306,1.84315,2.25,1.00
2015.02.24 09:06:38.154,1.84306,1.8432,2.62,1.00
2015.02.24 09:06:38.255,1.84306,1.84322,2.25,1.00
2015.02.24 09:06:38.407,1.84306,1.84324,2.25,1.00
2015.02.24 09:06:38.569,1.84308,1.84324,4.35,1.00
2015.02.24 09:06:39.078,1.84307,1.84324,2.25,1.00
2015.02.24 09:06:39.742,1.84305,1.84324,1.52,1.09
2015.02.24 09:06:40.198,1.84306,1.84321,4.91,1.00
2015.02.24 09:06:41.935,1.84309,1.84321,2.17,1.00
2015.02.24 09:06:41.986,1.84309,1.84325,4.35,1.00
2015.02.24 09:06:42.136,1.8431,1.84327,1.15,1.00
2015.02.24 09:06:42.239,1.84312,1.84329,3.37,1.19
2015.02.24 09:06:43.200,1.84312,1.84329,3.00,1.00
2015.02.24 09:06:43.735,1.84312,1.84329,1.07,1.10
2015.02.24 09:06:44.246,1.84312,1.84329,1.00,1.20
2015.02.24 09:06:44.757,1.84309,1.84328,5.10,1.25
2015.02.24 09:06:45.061,1.84309,1.84327,1.10,2.25
2015.02.24 09:06:45.365,1.84309,1.84327,1.47,2.25
2015.02.24 09:06:45.885,1.84309,1.84327,1.66,2.25
2015.02.24 09:06:46.244,1.84309,1.84328,3.56,1.07
2015.02.24 09:06:47.985,1.84309,1.84328,3.00,1.26
2015.02.24 09:06:48.087,1.84309,1.84326,1.00,2.44
2015.02.24 09:06:50.353,1.84309,1.84328,1.10,3.19
2015.02.24 09:06:50.861,1.84306,1.84325,3.56,1.32
2015.02.24 09:06:52.716,1.84306,1.84325,3.56,1.32
2015.02.24 09:06:52.970,1.84311,1.84328,3.37,1.19
2015.02.24 09:06:53.427,1.84311,1.84328,3.00,1.25
2015.02.24 09:06:54.365,1.84313,1.84328,2.81,1.00
2015.02.24 09:06:54.416,1.84313,1.84332,3.56,1.25
2015.02.24 09:06:54.873,1.84313,1.84332,1.01,1.27
2015.02.24 09:06:55.100,1.84313,1.84331,1.25,2.25
2015.02.24 09:06:55.962,1.84313,1.84332,3.49,3.94
2015.02.24 09:06:56.063,1.84315,1.84334,5.66,1.25
2015.02.24 09:06:56.165,1.84319,1.84336,1.00,5.29
2015.02.24 09:06:57.300,1.84319,1.84336,1.00,6.04
2015.02.24 09:06:57.605,1.84313,1.84329,1.56,2.25
2015.02.24 09:06:58.119,1.84313,1.84328,1.56,2.25
2015.02.24 09:06:58.271,1.84313,1.8433,1.56,2.25
2015.02.24 09:06:58.598,1.84313,1.84332,1.66,1.36
2015.02.24 09:06:59.509,1.84313,1.84332,1.10,1.36
2015.02.24 09:07:00.277,1.84313,1.84329,1.00,2.25
2015.02.24 09:07:00.784,1.8431,1.84329,1.46,3.19
2015.02.24 09:07:01.215,1.84309,1.84326,2.25,1.19
2015.02.24 09:07:01.520,1.84305,1.84318,1.00,2.25
2015.02.24 09:07:02.027,1.84302,1.84318,1.19,2.25
2015.02.24 09:07:02.381,1.84302,1.84319,1.66,1.00
2015.02.24 09:07:02.584,1.84301,1.8432,2.04,2.44
2015.02.24 09:07:02.685,1.84302,1.84323,1.84,4.54
2015.02.24 09:07:02.787,1.84303,1.84323,1.09,4.54
2015.02.24 09:07:03.090,1.84302,1.84323,1.71,4.54
2015.02.24 09:07:03.616,1.84305,1.84322,1.46,1.00
2015.02.24 09:07:04.122,1.84305,1.84325,1.46,5.66
2015.02.24 09:07:04.174,1.84305,1.84323,1.39,2.25
2015.02.24 09:07:04.697,1.84305,1.84325,1.46,1.40
2015.02.24 09:07:05.211,1.84308,1.84325,1.00,1.34
2015.02.24 09:07:06.655,1.84308,1.84325,1.00,2.92
2015.02.24 09:07:06.706,1.84303,1.84319,1.12,1.36
2015.02.24 09:07:07.246,1.84302,1.84319,1.00,1.36
2015.02.24 09:07:07.753,1.84302,1.84319,1.09,1.00
2015.02.24 09:07:09.429,1.84302,1.84319,1.76,1.00
2015.02.24 09:07:09.732,1.84303,1.84322,1.77,1.39
2015.02.24 09:07:10.239,1.84308,1.84324,1.00,1.29
2015.02.24 09:07:10.672,1.84304,1.84321,1.31,1.09
2015.02.24 09:07:11.348,1.84304,1.84321,1.62,1.09
2015.02.24 09:07:11.500,1.84304,1.8432,1.25,2.25
2015.02.24 09:07:11.905,1.84301,1.84318,1.07,1.10
2015.02.24 09:07:12.412,1.84301,1.84317,1.00,2.44
2015.02.24 09:07:12.721,1.84301,1.84318,1.45,1.29
2015.02.24 09:07:13.025,1.84306,1.84322,1.00,2.44
2015.02.24 09:07:13.550,1.84306,1.84322,1.25,2.44
2015.02.24 09:07:14.005,1.84306,1.84323,1.01,1.19
2015.02.24 09:07:14.208,1.8431,1.84325,1.00,1.36
2015.02.24 09:07:15.659,1.8431,1.84325,1.00,1.17
2015.02.24 09:07:15.710,1.8431,1.84325,3.00,1.00
2015.02.24 09:07:15.812,1.84311,1.8433,3.56,1.01
2015.02.24 09:07:15.863,1.84314,1.84328,1.31,1.00
2015.02.24 09:07:16.166,1.84316,1.84331,1.00,1.05
2015.02.24 09:07:16.419,1.84313,1.84327,1.00,1.19
2015.02.24 09:07:16.874,1.84312,1.84327,1.00,1.25
2015.02.24 09:07:17.600,1.8431,1.84327,1.37,1.20
2015.02.24 09:07:17.702,1.84313,1.84329,1.00,5.66
2015.02.24 09:07:17.811,1.84311,1.84328,1.12,1.15
2015.02.24 09:07:18.317,1.84312,1.84329,1.00,6.41
2015.02.24 09:07:18.520,1.8431,1.84327,1.00,1.17
2015.02.24 09:07:18.838,1.84312,1.84328,1.00,2.44
2015.02.24 09:07:18.952,1.84308,1.84325,1.37,1.00
2015.02.24 09:07:19.517,1.84307,1.84324,1.47,1.00
2015.02.24 09:07:20.482,1.84307,1.84324,1.47,1.00
2015.02.24 09:07:20.587,1.84309,1.84326,1.00,1.57
2015.02.24 09:07:20.639,1.84309,1.84323,1.00,1.10
2015.02.24 09:07:20.690,1.84306,1.84323,1.17,1.57
2015.02.24 09:07:20.741,1.84306,1.84321,1.17,1.00
2015.02.24 09:07:21.046,1.8431,1.84326,1.27,1.50
2015.02.24 09:07:21.249,1.84312,1.84326,1.00,1.00
2015.02.24 09:07:21.451,1.84307,1.84324,1.00,4.31
2015.02.24 09:07:21.553,1.84304,1.8432,2.44,1.00
2015.02.24 09:07:21.808,1.84306,1.84323,1.10,1.46
2015.02.24 09:07:22.011,1.84308,1.84324,1.00,2.62
2015.02.24 09:07:22.417,1.84308,1.84325,1.00,1.42
2015.02.24 09:07:23.460,1.84308,1.84325,1.31,1.20
2015.02.24 09:07:23.510,1.84309,1.84325,2.74,1.10
2015.02.24 09:07:23.662,1.84314,1.84331,1.47,1.00
2015.02.24 09:07:24.770,1.84314,1.84331,1.66,1.00
2015.02.24 09:07:26.860,1.84317,1.84334,1.25,2.44
2015.02.24 09:07:27.517,1.84316,1.84333,1.25,1.36
2015.02.24 09:07:27.951,1.84316,1.84332,1.25,3.52
2015.02.24 09:07:28.053,1.84316,1.84332,1.01,1.35
2015.02.24 09:07:28.206,1.84318,1.84332,1.00,1.72
2015.02.24 09:07:28.410,1.84314,1.84332,1.01,2.81
2015.02.24 09:07:28.663,1.84315,1.84328,1.00,1.00
2015.02.24 09:07:29.222,1.84315,1.84328,1.00,1.39
2015.02.24 09:07:29.375,1.84311,1.84327,1.07,1.00
2015.02.24 09:07:30.389,1.84314,1.84327,1.00,1.00
2015.02.24 09:07:31.508,1.84314,1.84326,1.00,1.00
2015.02.24 09:07:31.610,1.84311,1.84326,1.00,1.00
2015.02.24 09:07:32.167,1.84311,1.84326,1.00,1.37
2015.02.24 09:07:33.764,1.84309,1.84326,1.10,1.56
2015.02.24 09:07:34.577,1.84309,1.84326,1.00,1.76
2015.02.24 09:07:35.574,1.84309,1.84326,1.00,1.76
2015.02.24 09:07:35.675,1.84309,1.84326,1.19,1.20
2015.02.24 09:07:35.726,1.84311,1.84326,2.17,1.10
2015.02.24 09:07:36.231,1.84314,1.84331,1.10,2.89
2015.02.24 09:07:36.535,1.84314,1.84331,2.92,1.19
2015.02.24 09:07:36.839,1.8432,1.84335,1.00,3.15
2015.02.24 09:07:37.713,1.8432,1.84336,1.00,3.30
2015.02.24 09:07:38.792,1.8432,1.84334,1.00,1.80
2015.02.24 09:07:39.299,1.84316,1.84332,1.00,1.56
2015.02.24 09:07:41.187,1.84316,1.84332,1.00,1.56
2015.02.24 09:07:42.966,1.84316,1.84331,1.00,2.44
2015.02.24 09:07:46.561,1.84316,1.84328,1.00,2.17
2015.02.24 09:07:46.916,1.84312,1.84328,1.00,5.29
2015.02.24 09:07:47.017,1.84315,1.84328,1.00,1.01
2015.02.24 09:07:47.291,1.84315,1.8433,1.00,1.25
2015.02.24 09:07:47.394,1.84315,1.84332,1.20,1.00
2015.02.24 09:07:47.597,1.84318,1.84335,1.00,3.56
2015.02.24 09:07:48.009,1.84316,1.84333,1.10,1.01
2015.02.24 09:07:50.659,1.84318,1.84335,1.00,3.15
2015.02.24 09:07:51.018,1.84318,1.84334,1.00,1.64
2015.02.24 09:07:51.221,1.84316,1.84333,1.00,3.56
2015.02.24 09:07:52.044,1.84316,1.84333,1.00,3.56
2015.02.24 09:07:52.576,1.84316,1.84333,1.00,1.46
2015.02.24 09:07:54.525,1.84316,1.84331,1.00,2.25
2015.02.24 09:07:55.611,1.84312,1.84331,1.26,3.56
2015.02.24 09:07:56.131,1.84312,1.84331,1.26,3.56
2015.02.24 09:07:56.943,1.84316,1.84331,1.00,2.81
2015.02.24 09:07:57.449,1.84316,1.8433,1.00,4.54
2015.02.24 09:07:57.987,1.84316,1.84332,1.00,4.91
2015.02.24 09:07:58.495,1.84316,1.84333,1.00,4.31
2015.02.24 09:07:59.035,1.84316,1.84333,1.07,1.76
2015.02.24 09:07:59.238,1.84318,1.84333,2.62,1.00
2015.02.24 09:07:59.347,1.84319,1.84336,1.07,1.29
2015.02.24 09:07:59.399,1.84321,1.84338,2.17,1.39
2015.02.24 09:07:59.754,1.84321,1.84338,3.00,1.00
2015.02.24 09:08:00.263,1.84324,1.8434,1.00,1.36
2015.02.24 09:08:01.827,1.84324,1.84339,1.00,2.81
2015.02.24 09:08:02.377,1.84323,1.84338,1.00,1.46
2015.02.24 09:08:03.213,1.8432,1.84337,1.10,1.10
2015.02.24 09:08:03.725,1.8432,1.84337,1.10,1.19
2015.02.24 09:08:03.877,1.84324,1.84338,1.00,1.29
2015.02.24 09:08:05.345,1.84324,1.84338,1.00,1.01
2015.02.24 09:08:05.396,1.84318,1.84337,3.56,1.00
2015.02.24 09:08:05.649,1.84321,1.84337,2.25,1.00
2015.02.24 09:08:06.196,1.84323,1.84338,1.10,1.25
2015.02.24 09:08:06.702,1.84323,1.84338,1.00,1.29
2015.02.24 09:08:07.157,1.84326,1.84338,1.00,1.29
2015.02.24 09:08:07.259,1.84322,1.84338,1.00,1.29
2015.02.24 09:08:08.554,1.84322,1.84335,1.00,2.25
2015.02.24 09:08:08.706,1.84319,1.84335,1.00,2.25
2015.02.24 09:08:11.055,1.84319,1.84334,1.00,4.91
2015.02.24 09:08:11.107,1.84312,1.84331,5.29,1.12
2015.02.24 09:08:11.620,1.84315,1.84333,1.00,1.71
2015.02.24 09:08:11.772,1.84315,1.84332,1.00,2.81
2015.02.24 09:08:12.279,1.84314,1.84329,1.00,2.81
2015.02.24 09:08:12.431,1.84311,1.84328,1.00,2.25
2015.02.24 09:08:13.551,1.84311,1.84329,1.00,2.81
2015.02.24 09:08:17.148,1.84311,1.84329,1.00,2.81
2015.02.24 09:08:17.656,1.8431,1.84327,1.10,1.47
2015.02.24 09:08:18.364,1.84312,1.84329,1.00,2.81
2015.02.24 09:08:19.300,1.84312,1.84326,1.00,2.62
2015.02.24 09:08:20.022,1.8431,1.84326,1.00,2.62
2015.02.24 09:08:21.495,1.8431,1.84327,1.00,1.31
2015.02.24 09:08:21.698,1.84313,1.8433,1.00,5.06
2015.02.24 09:08:22.322,1.84313,1.8433,1.00,4.31
2015.02.24 09:08:25.428,1.84313,1.8433,1.00,4.31
2015.02.24 09:08:28.399,1.84313,1.8433,1.00,4.31
2015.02.24 09:08:30.490,1.84313,1.8433,1.00,4.31
2015.02.24 09:08:32.443,1.84315,1.8433,1.00,3.56
2015.02.24 09:08:32.963,1.84315,1.8433,1.00,1.46
2015.02.24 09:08:34.396,1.84315,1.8433,1.00,1.46
2015.02.24 09:08:34.924,1.84312,1.84329,3.56,1.00
2015.02.24 09:08:34.975,1.84315,1.84332,1.00,1.74
2015.02.24 09:08:35.481,1.84315,1.84334,1.07,3.56
2015.02.24 09:08:36.037,1.84316,1.84334,1.10,2.81
2015.02.24 09:08:37.239,1.84315,1.84334,1.07,3.56
2015.02.24 09:08:38.254,1.84315,1.84332,1.07,1.66
2015.02.24 09:08:39.435,1.84315,1.84332,1.07,1.66
2015.02.24 09:08:39.700,1.84315,1.84331,1.00,2.44
2015.02.24 09:08:40.982,1.84315,1.84331,1.00,4.91
2015.02.24 09:08:41.235,1.84311,1.84329,1.00,4.91
2015.02.24 09:08:41.539,1.84311,1.84326,1.00,2.25
2015.02.24 09:08:46.421,1.84308,1.84326,1.39,2.81
2015.02.24 09:08:48.119,1.84308,1.84326,1.00,2.81
2015.02.24 09:08:48.170,1.84306,1.84323,1.00,1.12
2015.02.24 09:08:48.757,1.84306,1.84323,1.00,3.30
2015.02.24 09:08:49.705,1.84303,1.8432,3.94,1.00
2015.02.24 09:08:51.179,1.84303,1.8432,1.46,1.07
2015.02.24 09:08:51.433,1.84303,1.8432,2.15,1.00
2015.02.24 09:08:51.483,1.84306,1.84323,1.00,1.15
2015.02.24 09:08:55.775,1.84306,1.84323,1.07,1.17
2015.02.24 09:08:56.281,1.84306,1.84323,1.70,1.10
2015.02.24 09:08:57.417,1.84306,1.84323,1.70,1.10
2015.02.24 09:08:58.138,1.84306,1.84323,1.62,1.07
2015.02.24 09:09:02.162,1.84306,1.84323,1.12,1.17
2015.02.24 09:09:03.128,1.84306,1.84325,1.20,1.17
2015.02.24 09:09:03.655,1.84306,1.84325,1.47,1.17
2015.02.24 09:09:04.337,1.8431,1.84326,1.00,2.25
2015.02.24 09:09:04.683,1.84307,1.84324,1.12,1.10
2015.02.24 09:09:12.479,1.84313,1.84328,1.00,5.66
2015.02.24 09:09:16.801,1.84309,1.84326,1.00,1.46
2015.02.24 09:09:17.819,1.84309,1.84326,1.00,1.46
2015.02.24 09:09:17.870,1.84312,1.84328,1.00,5.66
2015.02.24 09:09:18.482,1.84312,1.84325,1.00,2.25
2015.02.24 09:09:18.892,1.84309,1.84323,1.00,1.10
2015.02.24 09:09:19.409,1.84305,1.84322,3.19,1.00
2015.02.24 09:09:19.926,1.84305,1.84322,3.19,1.00
2015.02.24 09:09:21.202,1.84305,1.84322,3.56,1.00
2015.02.24 09:09:21.404,1.84309,1.84326,1.00,1.46
2015.02.24 09:09:22.891,1.84309,1.84326,1.19,1.46
2015.02.24 09:09:22.941,1.84309,1.84326,1.19,3.56
2015.02.24 09:09:23.931,1.84313,1.84326,1.00,2.44
2015.02.24 09:09:24.032,1.84309,1.84328,1.74,3.19
2015.02.24 09:09:24.285,1.84312,1.84328,1.00,2.25
2015.02.24 09:09:24.791,1.84312,1.84327,1.00,4.35
2015.02.24 09:09:24.943,1.8431,1.84327,1.20,1.20
2015.02.24 09:09:25.045,1.84311,1.84327,2.17,1.00
2015.02.24 09:09:25.352,1.84312,1.84331,1.46,3.56
2015.02.24 09:09:25.555,1.84313,1.84331,2.17,1.36
2015.02.24 09:09:26.062,1.84313,1.84331,2.81,1.10
2015.02.24 09:09:26.366,1.84319,1.84331,2.74,1.00
2015.02.24 09:09:26.469,1.8432,1.84337,1.17,2.14
2015.02.24 09:09:26.621,1.84323,1.84337,2.81,1.00
2015.02.24 09:09:27.127,1.84323,1.84338,2.81,1.00
2015.02.24 09:09:27.229,1.84319,1.84338,3.56,1.00
2015.02.24 09:09:27.331,1.84319,1.84338,3.56,1.00
2015.02.24 09:09:29.529,1.84319,1.84337,1.25,5.66
2015.02.24 09:09:30.034,1.84317,1.84334,1.00,3.56
2015.02.24 09:09:30.548,1.84313,1.8433,1.19,2.25
2015.02.24 09:09:31.129,1.84311,1.84328,3.56,1.00
2015.02.24 09:09:32.528,1.84313,1.84328,1.10,1.00
2015.02.24 09:09:32.629,1.84314,1.84328,2.25,1.00
2015.02.24 09:09:33.035,1.84315,1.84328,2.81,1.00
2015.02.24 09:09:33.085,1.84315,1.84334,3.56,1.10
2015.02.24 09:09:33.339,1.84315,1.84333,1.66,2.25
2015.02.24 09:09:33.541,1.84315,1.84334,1.74,1.10
2015.02.24 09:09:34.350,1.84315,1.8433,1.00,4.35
2015.02.24 09:09:34.655,1.84307,1.84323,2.81,1.00
2015.02.24 09:09:34.707,1.84309,1.84327,1.20,2.62
2015.02.24 09:09:34.758,1.84309,1.84323,1.00,2.25
2015.02.24 09:09:34.809,1.84307,1.84323,1.12,2.25
2015.02.24 09:09:34.861,1.84307,1.84324,1.00,1.17
2015.02.24 09:09:34.912,1.84304,1.84319,2.81,1.00
2015.02.24 09:09:35.216,1.84311,1.84325,2.25,1.00
2015.02.24 09:09:35.571,1.84311,1.84329,2.25,1.10
2015.02.24 09:09:35.774,1.8431,1.84328,1.10,2.25
2015.02.24 09:09:36.078,1.84313,1.84328,1.00,2.62
2015.02.24 09:09:36.451,1.8431,1.84325,1.00,2.25
2015.02.24 09:09:36.603,1.84306,1.84325,1.00,3.00
2015.02.24 09:09:36.806,1.84306,1.84322,1.00,2.25
2015.02.24 09:09:39.098,1.84306,1.84324,1.00,2.25
2015.02.24 09:09:39.200,1.84308,1.84324,1.00,2.25
2015.02.24 09:09:40.484,1.84308,1.84322,1.00,2.25
2015.02.24 09:09:40.535,1.84306,1.84322,1.00,2.25
2015.02.24 09:09:40.636,1.84304,1.84322,1.10,2.25
2015.02.24 09:09:40.789,1.84306,1.84321,1.00,2.25
2015.02.24 09:09:41.294,1.84302,1.84321,1.00,3.37
2015.02.24 09:09:41.598,1.84304,1.84321,1.10,1.07
2015.02.24 09:09:41.851,1.84306,1.84325,5.66,1.00
2015.02.24 09:09:41.903,1.84309,1.84325,3.37,1.00
2015.02.24 09:09:41.953,1.84309,1.84327,3.56,1.10
2015.02.24 09:09:42.004,1.84315,1.84327,2.25,1.00
2015.02.24 09:09:42.264,1.84312,1.84327,1.10,1.00
2015.02.24 09:09:42.315,1.8431,1.84325,2.25,1.00
2015.02.24 09:09:42.629,1.84313,1.84322,2.25,1.00
2015.02.24 09:09:42.733,1.84318,1.84331,4.35,1.00
2015.02.24 09:09:42.784,1.84321,1.84331,2.92,1.00
2015.02.24 09:09:42.835,1.84321,1.84335,3.00,1.50
2015.02.24 09:09:42.988,1.84322,1.8433,1.07,1.00
2015.02.24 09:09:43.090,1.84322,1.84336,1.07,1.00
2015.02.24 09:09:43.192,1.84327,1.84341,4.35,1.00
2015.02.24 09:09:43.294,1.84327,1.84339,2.17,1.00
2015.02.24 09:09:43.396,1.84325,1.8433,1.00,1.00
2015.02.24 09:09:43.499,1.84325,1.84337,1.00,1.10
2015.02.24 09:09:43.601,1.84323,1.84337,1.00,1.17
2015.02.24 09:09:43.702,1.84323,1.84336,1.00,2.25
2015.02.24 09:09:43.804,1.84321,1.84336,1.12,2.25
2015.02.24 09:09:44.007,1.84324,1.84336,1.00,2.25
2015.02.24 09:09:44.109,1.84321,1.84339,1.20,3.00
2015.02.24 09:09:44.159,1.84321,1.84337,1.10,2.25
2015.02.24 09:09:44.696,1.84321,1.84336,1.12,2.25
2015.02.24 09:09:45.911,1.84321,1.84336,1.00,1.00
2015.02.24 09:09:46.115,1.84319,1.84336,1.00,3.00
2015.02.24 09:09:46.419,1.84312,1.84329,1.00,3.00
2015.02.24 09:09:46.521,1.8431,1.84329,1.65,1.15
2015.02.24 09:09:47.037,1.8431,1.84329,4.57,1.10
2015.02.24 09:09:47.349,1.84316,1.84331,1.00,1.20
2015.02.24 09:09:47.872,1.84317,1.84333,1.00,4.54
2015.02.24 09:09:47.923,1.84314,1.84332,1.12,1.15
2015.02.24 09:09:48.025,1.84315,1.84331,1.00,2.25
2015.02.24 09:09:48.329,1.84315,1.84329,1.00,4.35
2015.02.24 09:09:49.243,1.8431,1.84327,1.50,1.20
2015.02.24 09:09:49.344,1.8431,1.84321,1.00,1.00
2015.02.24 09:09:49.453,1.8431,1.84327,1.00,1.20
2015.02.24 09:09:49.958,1.84311,1.84327,1.10,1.00
2015.02.24 09:09:50.262,1.84313,1.84327,1.00,1.00
2015.02.24 09:09:50.515,1.84313,1.8433,1.50,1.39
2015.02.24 09:09:51.110,1.84313,1.8433,1.50,1.20
2015.02.24 09:09:52.403,1.84313,1.8433,6.22,1.00
2015.02.24 09:09:53.615,1.84315,1.84334,1.65,1.15
2015.02.24 09:09:54.146,1.84315,1.84332,1.20,1.00
2015.02.24 09:09:55.925,1.84318,1.84335,1.00,3.00
2015.02.24 09:09:56.283,1.84318,1.84335,1.37,1.07
2015.02.24 09:10:01.626,1.84319,1.84336,1.00,3.00
2015.02.24 09:10:04.337,1.84319,1.84336,1.10,1.17
2015.02.24 09:10:04.640,1.8432,1.84336,2.25,1.00
2015.02.24 09:10:04.742,1.84322,1.8434,1.10,2.25
2015.02.24 09:10:05.340,1.84322,1.84337,1.00,2.25
2015.02.24 09:10:05.391,1.84317,1.84336,3.19,1.17
2015.02.24 09:10:06.455,1.84317,1.84336,1.39,3.00
2015.02.24 09:10:08.241,1.84319,1.84335,3.00,1.00
2015.02.24 09:10:08.344,1.84327,1.84341,1.00,2.25
2015.02.24 09:10:08.395,1.84322,1.84339,1.55,1.10
2015.02.24 09:10:08.497,1.84324,1.84343,1.27,3.19
2015.02.24 09:10:09.000,1.84324,1.84342,2.02,1.09
2015.02.24 09:10:10.445,1.84324,1.84343,2.02,3.19
2015.02.24 09:10:10.835,1.84324,1.84338,1.07,2.17
2015.02.24 09:10:10.886,1.84322,1.84336,1.00,1.20
2015.02.24 09:10:10.988,1.84319,1.84336,1.00,3.00
2015.02.24 09:10:11.965,1.8432,1.84336,1.00,1.10
2015.02.24 09:10:12.168,1.8432,1.84336,1.09,1.00
2015.02.24 09:10:12.219,1.84321,1.8434,1.66,1.17
2015.02.24 09:10:12.270,1.84324,1.8434,2.62,1.00
2015.02.24 09:10:12.423,1.84329,1.84347,1.20,1.20
2015.02.24 09:10:13.243,1.84329,1.84348,1.10,3.19
2015.02.24 09:10:13.293,1.84329,1.84346,1.00,2.25
2015.02.24 09:10:13.599,1.8435,1.84365,3.00,1.00
2015.02.24 09:10:13.906,1.84375,1.8439,1.55,1.75
2015.02.24 09:10:14.160,1.84403,1.84426,1.19,1.00
2015.02.24 09:10:14.262,1.84413,1.84438,1.00,1.50
2015.02.24 09:10:14.426,1.84413,1.84438,1.87,1.19
2015.02.24 09:10:14.480,1.84413,1.84435,1.12,4.54
2015.02.24 09:10:14.582,1.84413,1.84438,1.12,4.31
2015.02.24 09:10:14.634,1.8441,1.84432,1.25,1.00
2015.02.24 09:10:14.735,1.84404,1.84429,1.84,1.00
2015.02.24 09:10:14.787,1.84404,1.84429,1.57,2.17
2015.02.24 09:10:14.838,1.84403,1.84421,1.12,1.00
2015.02.24 09:10:15.143,1.84373,1.84397,1.00,4.54
2015.02.24 09:10:15.194,1.84372,1.84383,1.00,1.00
2015.02.24 09:10:15.245,1.84366,1.84383,1.00,1.00
2015.02.24 09:10:15.398,1.8437,1.84382,1.00,1.00
2015.02.24 09:10:15.500,1.84359,1.84383,1.00,1.50
2015.02.24 09:10:15.602,1.84365,1.84382,1.00,1.00
2015.02.24 09:10:16.130,1.84364,1.84383,1.25,1.00
2015.02.24 09:10:16.434,1.84364,1.84378,1.25,1.00
2015.02.24 09:10:16.588,1.84364,1.84383,1.25,1.00
2015.02.24 09:10:17.053,1.84365,1.84387,1.19,1.00
2015.02.24 09:10:17.356,1.84368,1.84388,1.19,1.10
2015.02.24 09:10:17.458,1.84368,1.84393,2.44,1.76
2015.02.24 09:10:17.969,1.84368,1.84392,1.19,1.19
2015.02.24 09:10:18.778,1.84366,1.84391,1.56,1.19
2015.02.24 09:10:19.289,1.84366,1.84388,1.56,1.00
2015.02.24 09:10:19.857,1.84366,1.84388,1.56,1.25
2015.02.24 09:10:20.368,1.84366,1.84387,1.56,1.00
2015.02.24 09:10:20.673,1.84365,1.84387,2.06,1.31
2015.02.24 09:10:20.978,1.84358,1.84383,1.65,1.62
2015.02.24 09:10:21.130,1.84355,1.84372,1.00,1.00
2015.02.24 09:10:21.231,1.84353,1.84377,1.69,1.19
2015.02.24 09:10:21.586,1.84351,1.84376,1.00,2.36
2015.02.24 09:10:21.637,1.84347,1.84367,1.12,1.00
2015.02.24 09:10:22.093,1.84347,1.84371,1.19,1.25
2015.02.24 09:10:22.800,1.84349,1.84373,1.69,1.19
2015.02.24 09:10:24.376,1.84349,1.84373,1.69,1.19
2015.02.24 09:10:25.971,1.84349,1.84373,1.69,1.19
2015.02.24 09:10:27.048,1.84349,1.84369,1.00,1.56
2015.02.24 09:10:27.098,1.84344,1.84369,1.20,1.56
2015.02.24 09:10:27.149,1.84342,1.84363,1.25,1.31
2015.02.24 09:10:27.403,1.84344,1.84367,1.00,1.17
2015.02.24 09:10:27.453,1.84345,1.84368,1.37,3.15
2015.02.24 09:10:27.504,1.84346,1.84368,1.31,1.20
2015.02.24 09:10:27.556,1.84346,1.84371,1.29,1.25
2015.02.24 09:10:27.607,1.84346,1.84363,1.29,1.00
2015.02.24 09:10:27.708,1.84349,1.84373,1.00,1.69
2015.02.24 09:10:27.810,1.84349,1.84375,1.19,1.36
2015.02.24 09:10:28.165,1.84349,1.84367,1.69,1.00
2015.02.24 09:10:28.825,1.84349,1.84362,1.69,1.00
2015.02.24 09:10:30.301,1.84349,1.84362,1.69,1.00
2015.02.24 09:10:31.023,1.84349,1.84367,1.19,1.00
2015.02.24 09:10:31.276,1.84352,1.84367,1.00,1.00
2015.02.24 09:10:31.579,1.84352,1.84372,1.00,1.25
2015.02.24 09:10:32.136,1.84351,1.84373,1.31,1.19
2015.02.24 09:10:32.677,1.84353,1.84373,1.00,1.31
2015.02.24 09:10:33.335,1.84355,1.84376,1.12,1.00
2015.02.24 09:10:33.387,1.84355,1.84376,2.06,1.00
2015.02.24 09:10:33.438,1.84361,1.84379,1.00,1.12
2015.02.24 09:10:33.539,1.84361,1.84385,1.00,2.14
2015.02.24 09:10:33.590,1.84363,1.84385,1.00,2.14
2015.02.24 09:10:34.423,1.84363,1.84385,1.00,1.56
2015.02.24 09:10:35.491,1.84363,1.84385,1.00,1.19
2015.02.24 09:10:36.607,1.84363,1.84385,1.19,1.19
2015.02.24 09:10:37.012,1.84363,1.84387,2.06,1.25
2015.02.24 09:10:37.519,1.84367,1.8439,1.00,1.29
2015.02.24 09:10:37.621,1.8437,1.8439,1.00,1.10
2015.02.24 09:10:37.722,1.84369,1.84392,1.37,1.00
2015.02.24 09:10:37.874,1.84375,1.84392,1.00,1.00
2015.02.24 09:10:38.380,1.84372,1.84397,2.81,1.25
2015.02.24 09:10:39.037,1.84373,1.84392,1.19,1.00
2015.02.24 09:10:40.032,1.84373,1.84392,1.19,1.00
2015.02.24 09:10:40.235,1.84375,1.84398,1.12,1.25
2015.02.24 09:10:40.488,1.84375,1.84397,1.47,1.00
2015.02.24 09:10:40.792,1.8438,1.84399,1.00,1.19
2015.02.24 09:10:41.485,1.84376,1.84399,1.01,1.00
2015.02.24 09:10:41.821,1.84376,1.84399,1.01,1.00
2015.02.24 09:10:42.495,1.8438,1.84399,1.00,1.00
2015.02.24 09:10:42.596,1.84377,1.84399,1.31,1.00
2015.02.24 09:10:42.778,1.84377,1.84399,1.94,1.00
2015.02.24 09:10:42.981,1.84391,1.84406,1.10,1.20
2015.02.24 09:10:43.032,1.84392,1.84406,1.19,1.20
2015.02.24 09:10:43.083,1.84392,1.84412,1.19,1.00
2015.02.24 09:10:43.236,1.84399,1.84417,1.00,1.50
2015.02.24 09:10:43.338,1.84398,1.84422,1.00,1.25
2015.02.24 09:10:43.390,1.84398,1.84422,1.37,1.25
2015.02.24 09:10:43.542,1.84398,1.84422,1.00,1.25
2015.02.24 09:10:44.048,1.84397,1.84421,1.01,1.00
2015.02.24 09:10:44.352,1.84405,1.84422,1.00,1.50
2015.02.24 09:10:44.656,1.84408,1.84431,1.19,1.00
2015.02.24 09:10:44.757,1.84411,1.84433,1.19,1.25
2015.02.24 09:10:45.304,1.84411,1.84432,1.56,1.00
2015.02.24 09:10:50.051,1.8441,1.84432,2.06,1.25
2015.02.24 09:10:50.255,1.84412,1.84435,1.62,1.19
2015.02.24 09:10:50.560,1.84414,1.84439,1.94,3.00
2015.02.24 09:10:50.611,1.84414,1.84439,1.94,1.10
2015.02.24 09:10:50.663,1.84421,1.84442,1.31,1.19
2015.02.24 09:10:50.764,1.84421,1.84446,1.12,4.69
2015.02.24 09:10:51.249,1.8442,1.84447,2.06,2.51
2015.02.24 09:10:51.937,1.8442,1.84447,2.06,1.76
2015.02.24 09:10:53.309,1.8442,1.84444,1.56,1.00
2015.02.24 09:10:53.680,1.8442,1.84447,2.44,1.29
2015.02.24 09:10:54.191,1.8442,1.84445,1.69,1.00
2015.02.24 09:10:54.647,1.84422,1.84445,2.00,1.00
2015.02.24 09:10:55.074,1.84423,1.84448,1.69,1.50
2015.02.24 09:10:55.428,1.84423,1.84445,1.56,1.00
2015.02.24 09:10:55.732,1.84439,1.84458,1.37,1.00
2015.02.24 09:10:55.783,1.84439,1.84463,1.37,1.19
2015.02.24 09:10:55.834,1.84437,1.8446,1.31,1.00
2015.02.24 09:10:55.885,1.84435,1.8446,1.56,1.00
2015.02.24 09:10:55.986,1.84435,1.84457,1.56,1.00
2015.02.24 09:10:56.091,1.84435,1.84459,1.56,1.00
2015.02.24 09:10:56.813,1.84434,1.84459,1.56,1.57
2015.02.24 09:10:57.321,1.84434,1.84459,1.31,1.56
2015.02.24 09:10:57.988,1.84432,1.84459,1.62,3.49
2015.02.24 09:10:58.089,1.84431,1.84455,1.56,1.25
2015.02.24 09:10:58.140,1.84431,1.84451,1.56,1.00
2015.02.24 09:10:58.191,1.84427,1.84451,2.04,1.25
2015.02.24 09:10:58.495,1.84425,1.84449,1.66,1.12
2015.02.24 09:10:58.596,1.84425,1.84447,1.66,1.25
2015.02.24 09:10:59.123,1.84424,1.84449,1.56,1.19
2015.02.24 09:10:59.275,1.84424,1.84447,1.00,1.25
2015.02.24 09:10:59.781,1.84424,1.84449,1.87,1.19
2015.02.24 09:11:00.300,1.84423,1.84445,4.54,4.54
2015.02.24 09:11:00.725,1.84422,1.84443,3.56,2.25
2015.02.24 09:11:00.877,1.84422,1.84442,1.10,2.44
2015.02.24 09:11:01.282,1.84422,1.84442,1.29,2.44
2015.02.24 09:11:01.333,1.84422,1.84444,5.66,4.91
2015.02.24 09:11:01.840,1.84422,1.84442,2.81,2.44
2015.02.24 09:11:02.194,1.84423,1.84442,1.39,2.25
2015.02.24 09:11:02.346,1.84431,1.84447,2.36,1.10
2015.02.24 09:11:02.447,1.84434,1.84452,2.36,1.20
2015.02.24 09:11:02.802,1.84434,1.84452,2.44,1.10
2015.02.24 09:11:02.904,1.84436,1.84456,2.36,4.35
2015.02.24 09:11:02.955,1.8444,1.84457,2.17,2.17
2015.02.24 09:11:03.057,1.8444,1.8446,2.25,2.44
2015.02.24 09:11:03.159,1.84443,1.84462,2.17,3.00
2015.02.24 09:11:03.671,1.84443,1.84463,2.25,3.64
2015.02.24 09:11:04.129,1.84445,1.84463,1.39,2.25
2015.02.24 09:11:04.333,1.84445,1.84465,3.49,4.54
2015.02.24 09:11:04.642,1.84443,1.84461,1.76,2.17
2015.02.24 09:11:04.745,1.84445,1.84463,1.39,4.35
2015.02.24 09:11:04.998,1.84442,1.84462,1.27,4.35
2015.02.24 09:11:05.049,1.84442,1.84459,1.87,2.25
2015.02.24 09:11:05.934,1.84442,1.84462,2.81,2.44
2015.02.24 09:11:06.456,1.84442,1.84461,2.81,1.17
2015.02.24 09:11:06.861,1.8444,1.8446,2.81,2.25
2015.02.24 09:11:07.266,1.84448,1.84457,2.17,1.00
2015.02.24 09:11:07.368,1.84449,1.84467,2.25,1.20
2015.02.24 09:11:07.570,1.84453,1.84473,2.25,3.56
2015.02.24 09:11:07.874,1.84456,1.84474,2.25,1.10
2015.02.24 09:11:08.178,1.84456,1.84472,2.25,1.00
2015.02.24 09:11:08.331,1.84453,1.84472,2.25,1.00
2015.02.24 09:11:08.837,1.84453,1.84475,4.35,5.10
2015.02.24 09:11:09.265,1.84453,1.84472,2.25,1.07
2015.02.24 09:11:09.569,1.84457,1.84469,1.37,2.25
2015.02.24 09:11:09.671,1.84459,1.84477,1.10,2.25
2015.02.24 09:11:09.772,1.84461,1.84482,2.25,1.09
2015.02.24 09:11:09.975,1.84465,1.84485,2.25,2.25
2015.02.24 09:11:10.380,1.84465,1.84473,2.25,1.00
2015.02.24 09:11:10.481,1.8446,1.84477,4.80,1.00
2015.02.24 09:11:10.532,1.8446,1.84477,4.80,1.19
2015.02.24 09:11:10.583,1.84452,1.84472,3.00,3.19
2015.02.24 09:11:11.592,1.84453,1.84467,1.07,1.00
2015.02.24 09:11:11.795,1.84455,1.84472,3.00,1.00
2015.02.24 09:11:11.948,1.84455,1.84468,3.00,1.00
2015.02.24 09:11:12.051,1.84453,1.84468,5.10,1.00
2015.02.24 09:11:12.557,1.84457,1.84467,1.00,1.00
2015.02.24 09:11:12.608,1.84457,1.84473,1.00,1.00
2015.02.24 09:11:12.659,1.8446,1.84473,2.25,1.00
2015.02.24 09:11:12.710,1.84463,1.84478,1.00,1.20
2015.02.24 09:11:12.761,1.84464,1.84478,2.25,1.00
2015.02.24 09:11:12.913,1.84467,1.84487,3.00,2.44
2015.02.24 09:11:12.964,1.84471,1.84487,2.25,1.19
2015.02.24 09:11:13.117,1.84472,1.84491,2.25,1.31
2015.02.24 09:11:13.471,1.8447,1.8449,2.25,2.51
2015.02.24 09:11:13.978,1.84473,1.84491,1.10,2.44
2015.02.24 09:11:14.233,1.84471,1.84491,3.00,2.44
2015.02.24 09:11:14.588,1.84474,1.84492,2.25,1.66
2015.02.24 09:11:14.690,1.84471,1.84492,1.17,3.19
2015.02.24 09:11:14.792,1.84473,1.84492,2.25,1.46
2015.02.24 09:11:16.016,1.84474,1.84493,1.46,2.25
2015.02.24 09:11:16.332,1.84479,1.84499,2.62,2.44
2015.02.24 09:11:17.104,1.84479,1.84499,2.62,2.44
2015.02.24 09:11:17.357,1.84477,1.84497,2.62,2.44
2015.02.24 09:11:17.652,1.84485,1.84507,5.47,1.46
2015.02.24 09:11:17.703,1.84485,1.84503,1.20,2.36
2015.02.24 09:11:17.755,1.84485,1.84507,1.17,3.19
2015.02.24 09:11:17.938,1.84485,1.84507,1.84,2.44
2015.02.24 09:11:18.446,1.84487,1.84507,1.46,2.44
2015.02.24 09:11:18.961,1.8449,1.8451,1.00,2.44
2015.02.24 09:11:19.012,1.8449,1.8451,1.37,2.81
2015.02.24 09:11:19.064,1.84491,1.84511,2.55,4.91
2015.02.24 09:11:19.368,1.84501,1.84512,2.17,1.00
2015.02.24 09:11:19.572,1.84499,1.84512,3.37,1.00
2015.02.24 09:11:20.079,1.84502,1.84512,1.07,1.00
2015.02.24 09:11:20.181,1.84502,1.84518,3.00,1.19
2015.02.24 09:11:20.282,1.84504,1.84518,2.25,1.00
2015.02.24 09:11:20.789,1.84507,1.84517,1.00,1.00
2015.02.24 09:11:20.840,1.84509,1.84523,1.00,1.00
2015.02.24 09:11:20.942,1.8451,1.84523,1.87,1.00
2015.02.24 09:11:20.993,1.8451,1.84528,4.05,1.00
2015.02.24 09:11:21.044,1.8451,1.84533,4.24,1.00
2015.02.24 09:11:21.246,1.84521,1.84533,1.00,1.00
2015.02.24 09:11:21.297,1.84521,1.8454,1.00,1.10
2015.02.24 09:11:21.348,1.84525,1.8454,1.00,1.10
2015.02.24 09:11:21.450,1.84528,1.84545,1.00,1.00
2015.02.24 09:11:21.501,1.84528,1.84547,1.07,1.00
2015.02.24 09:11:21.709,1.84529,1.84552,1.00,1.31
2015.02.24 09:11:21.861,1.84531,1.84552,1.00,1.31
2015.02.24 09:11:22.165,1.84536,1.84558,1.00,1.76
2015.02.24 09:11:22.673,1.84535,1.84558,1.00,2.06
2015.02.24 09:11:23.011,1.84535,1.84553,1.00,1.37
2015.02.24 09:11:23.316,1.84533,1.84552,1.00,1.37
2015.02.24 09:11:23.622,1.84531,1.84553,1.00,2.44
2015.02.24 09:11:23.976,1.84529,1.84553,1.00,2.44
2015.02.24 09:11:24.482,1.84527,1.84547,2.44,1.12
2015.02.24 09:11:24.584,1.84527,1.84542,2.25,1.00
2015.02.24 09:11:24.888,1.84527,1.84546,1.12,1.37
2015.02.24 09:11:24.989,1.84525,1.84546,1.25,1.37
2015.02.24 09:11:25.040,1.84525,1.84542,1.25,1.00
2015.02.24 09:11:25.344,1.84522,1.84537,1.66,1.00
2015.02.24 09:11:25.445,1.84522,1.84537,1.47,1.00
2015.02.24 09:11:25.952,1.8452,1.84537,2.06,1.00
2015.02.24 09:11:26.542,1.84521,1.84537,1.01,1.00
2015.02.24 09:11:27.320,1.84522,1.84537,1.01,1.00
2015.02.24 09:11:27.421,1.84522,1.84542,1.01,1.25
2015.02.24 09:11:27.592,1.84522,1.84542,1.39,1.00
2015.02.24 09:11:27.764,1.84526,1.84547,1.01,2.06
2015.02.24 09:11:28.276,1.84526,1.84543,1.01,1.00
2015.02.24 09:11:28.478,1.84523,1.84542,1.50,1.62
2015.02.24 09:11:28.631,1.84516,1.8454,1.57,1.56
2015.02.24 09:11:28.683,1.84513,1.8454,3.37,1.94
2015.02.24 09:11:28.886,1.84512,1.84532,2.89,3.19
2015.02.24 09:11:28.938,1.84512,1.84532,2.17,5.29
2015.02.24 09:11:28.989,1.84509,1.84528,3.00,1.25
2015.02.24 09:11:29.425,1.84507,1.84528,4.54,1.09
2015.02.24 09:11:29.526,1.84507,1.84528,2.44,3.94
2015.02.24 09:11:29.830,1.84506,1.84526,2.17,2.81
2015.02.24 09:11:30.133,1.84504,1.84524,2.25,2.81
2015.02.24 09:11:30.538,1.84504,1.84523,2.17,2.81
2015.02.24 09:11:30.590,1.84502,1.84522,2.25,2.81
2015.02.24 09:11:30.692,1.845,1.8452,3.00,2.81
2015.02.24 09:11:30.742,1.845,1.84519,2.17,2.81
2015.02.24 09:11:30.793,1.84497,1.84517,3.94,2.44
2015.02.24 09:11:30.945,1.84497,1.84512,2.25,1.19
2015.02.24 09:11:31.048,1.84489,1.84509,1.15,4.72
2015.02.24 09:11:31.150,1.84487,1.84507,1.17,2.44
2015.02.24 09:11:31.252,1.84479,1.84504,1.00,2.81
2015.02.24 09:11:31.354,1.84479,1.84501,1.00,2.44
2015.02.24 09:11:31.405,1.84475,1.84493,1.00,1.00
2015.02.24 09:11:31.507,1.8447,1.84493,1.50,1.00
2015.02.24 09:11:31.610,1.84466,1.84493,1.69,1.00
2015.02.24 09:11:31.864,1.84477,1.84494,1.00,1.19
2015.02.24 09:11:32.168,1.84471,1.84492,1.25,1.00
2015.02.24 09:11:32.270,1.84475,1.84492,1.00,1.00
2015.02.24 09:11:32.472,1.84475,1.84498,1.12,1.56
2015.02.24 09:11:32.776,1.84475,1.84493,1.00,1.69
2015.02.24 09:11:32.827,1.84472,1.84498,1.12,2.44
2015.02.24 09:11:33.030,1.8447,1.84495,1.10,2.04
2015.02.24 09:11:33.131,1.84472,1.84498,1.25,2.44
2015.02.24 09:11:33.182,1.84474,1.84498,1.00,1.25
2015.02.24 09:11:33.233,1.84477,1.84498,1.00,1.25
2015.02.24 09:11:33.284,1.84477,1.84502,1.00,2.06
2015.02.24 09:11:33.385,1.8448,1.84502,1.00,1.25
2015.02.24 09:11:33.689,1.84483,1.84507,1.00,1.56
2015.02.24 09:11:34.158,1.84487,1.84508,1.37,1.37
2015.02.24 09:11:34.209,1.84487,1.84508,1.50,1.12
2015.02.24 09:11:34.481,1.84494,1.84512,1.00,1.56
2015.02.24 09:11:34.583,1.84492,1.84507,1.00,1.00
2015.02.24 09:11:35.091,1.84492,1.84507,1.50,1.00
2015.02.24 09:11:36.588,1.84492,1.84508,1.69,1.00
2015.02.24 09:11:37.091,1.84493,1.84507,1.10,1.00
2015.02.24 09:11:37.450,1.84493,1.84512,1.10,1.25
2015.02.24 09:11:38.614,1.84493,1.84516,1.25,1.01
2015.02.24 09:11:39.119,1.84492,1.84516,1.31,1.01
2015.02.24 09:11:39.322,1.84492,1.84512,1.31,1.62
2015.02.24 09:11:39.626,1.84488,1.84508,1.50,1.39
2015.02.24 09:11:39.728,1.84482,1.84505,1.00,1.01
2015.02.24 09:11:39.880,1.84478,1.84502,1.69,2.06
2015.02.24 09:11:40.336,1.84476,1.84497,1.19,1.56
2015.02.24 09:11:40.526,1.84476,1.84497,1.19,1.39
2015.02.24 09:11:40.578,1.84474,1.84497,1.00,1.46
2015.02.24 09:11:40.680,1.84469,1.84489,3.37,2.44
2015.02.24 09:11:40.731,1.84468,1.84487,2.44,2.36
2015.02.24 09:11:40.834,1.84467,1.84484,1.29,2.17
2015.02.24 09:11:41.088,1.84465,1.84487,3.19,2.81
2015.02.24 09:11:41.595,1.84466,1.84486,2.44,2.81
2015.02.24 09:11:41.912,1.84471,1.84486,1.00,2.62
2015.02.24 09:11:42.216,1.84473,1.84493,1.30,4.72
2015.02.24 09:11:42.317,1.84473,1.8449,1.00,2.25
2015.02.24 09:11:42.419,1.84469,1.84488,1.32,2.62
2015.02.24 09:11:42.722,1.84466,1.84487,5.29,3.49
2015.02.24 09:11:43.231,1.84465,1.84485,3.19,2.17
2015.02.24 09:11:43.687,1.84465,1.84485,1.27,4.91
2015.02.24 09:11:43.738,1.84463,1.84482,3.64,2.55
2015.02.24 09:11:44.042,1.8446,1.84476,1.00,2.25
2015.02.24 09:11:44.093,1.84458,1.84476,1.10,2.25
2015.02.24 09:11:44.980,1.84461,1.84476,1.00,2.25
2015.02.24 09:11:45.082,1.84458,1.84476,1.10,2.25
2015.02.24 09:11:45.593,1.84457,1.84475,1.00,2.25
2015.02.24 09:11:45.797,1.84457,1.84477,1.10,2.44
2015.02.24 09:11:46.838,1.84457,1.84477,1.01,2.81
2015.02.24 09:11:46.939,1.84461,1.84478,2.55,2.17
2015.02.24 09:11:46.990,1.84461,1.84483,4.72,4.35
2015.02.24 09:11:47.041,1.84465,1.84483,2.55,2.25
2015.02.24 09:11:47.092,1.84465,1.84485,2.62,3.56
2015.02.24 09:11:49.016,1.84468,1.84484,1.00,1.07
2015.02.24 09:11:49.524,1.84467,1.84484,2.25,1.25
2015.02.24 09:11:50.061,1.84467,1.84483,2.25,1.00
2015.02.24 09:11:50.666,1.84466,1.84483,3.00,1.31
2015.02.24 09:11:50.767,1.84466,1.84483,1.20,1.32
2015.02.24 09:11:50.970,1.84466,1.84483,1.10,1.70
2015.02.24 09:11:51.223,1.84463,1.8448,1.17,1.47
2015.02.24 09:11:51.325,1.8446,1.84477,3.19,1.00
2015.02.24 09:11:51.628,1.8446,1.84474,2.44,1.00
2015.02.24 09:11:53.046,1.84459,1.84474,3.00,1.00
2015.02.24 09:11:53.207,1.84456,1.84474,3.19,1.10
2015.02.24 09:11:53.360,1.84456,1.84474,3.19,1.47
2015.02.24 09:11:53.664,1.84458,1.84474,2.44,1.12
2015.02.24 09:11:54.172,1.84463,1.84478,1.00,3.19
2015.02.24 09:11:54.324,1.84459,1.84476,1.17,1.76
2015.02.24 09:11:54.627,1.84459,1.84476,1.17,1.76
2015.02.24 09:11:55.387,1.84458,1.84474,2.62,1.00
2015.02.24 09:11:55.437,1.84462,1.84474,1.00,1.00
2015.02.24 09:11:55.746,1.84467,1.84483,2.17,2.04
2015.02.24 09:11:55.798,1.84464,1.84482,1.15,1.69
2015.02.24 09:11:56.153,1.84464,1.84483,1.15,2.14
2015.02.24 09:11:56.255,1.84464,1.84483,1.15,2.14
2015.02.24 09:11:56.609,1.84461,1.84477,1.40,1.37
2015.02.24 09:11:57.071,1.84461,1.84474,1.40,1.00
2015.02.24 09:11:57.173,1.84461,1.84478,1.84,1.37
2015.02.24 09:11:57.224,1.84461,1.84478,1.84,1.00
2015.02.24 09:11:57.325,1.84462,1.84479,3.19,1.12
2015.02.24 09:11:57.838,1.84463,1.84479,2.25,1.12
2015.02.24 09:11:59.465,1.84463,1.84482,1.07,4.50
2015.02.24 09:11:59.769,1.84462,1.84479,1.00,1.90
2015.02.24 09:11:59.921,1.8446,1.84477,1.00,1.37
2015.02.24 09:12:00.085,1.84469,1.84482,1.00,2.62
2015.02.24 09:12:00.136,1.84463,1.8448,1.07,1.47
2015.02.24 09:12:00.846,1.84463,1.8448,1.00,3.75
2015.02.24 09:12:01.391,1.8446,1.84477,4.12,1.00
2015.02.24 09:12:02.030,1.84463,1.8448,1.00,4.91
2015.02.24 09:12:02.081,1.84463,1.84478,1.00,2.62
2015.02.24 09:12:02.234,1.84459,1.84476,1.07,2.25
2015.02.24 09:12:02.538,1.84457,1.84476,1.25,5.10
2015.02.24 09:12:02.691,1.84459,1.84476,1.10,1.00
2015.02.24 09:12:02.995,1.84463,1.84477,2.25,1.00
2015.02.24 09:12:03.654,1.84463,1.8448,1.10,1.17
2015.02.24 09:12:03.869,1.84461,1.84477,3.37,1.00
2015.02.24 09:12:03.971,1.84463,1.8448,1.10,1.17
2015.02.24 09:12:04.436,1.84465,1.84481,1.00,2.44
2015.02.24 09:12:04.994,1.84462,1.84478,1.00,2.25
2015.02.24 09:12:05.197,1.84459,1.84476,1.25,3.37
2015.02.24 09:12:05.533,1.84458,1.84472,1.00,2.25
2015.02.24 09:12:05.950,1.84455,1.84472,1.31,2.25
2015.02.24 09:12:06.001,1.84455,1.84472,1.31,3.41
2015.02.24 09:12:06.103,1.84455,1.84472,1.31,2.25
2015.02.24 09:12:06.643,1.84455,1.84472,1.37,2.25
2015.02.24 09:12:06.745,1.8446,1.84472,1.00,2.25
2015.02.24 09:12:06.796,1.8446,1.84477,1.00,1.20
2015.02.24 09:12:06.948,1.84464,1.84479,1.00,2.44
2015.02.24 09:12:07.050,1.8446,1.84476,1.27,1.00
2015.02.24 09:12:07.151,1.84463,1.84479,1.00,2.25
2015.02.24 09:12:07.304,1.84463,1.8448,1.10,1.00
2015.02.24 09:12:07.662,1.84463,1.84476,1.00,2.25
2015.02.24 09:12:07.713,1.84455,1.84474,3.94,1.10
2015.02.24 09:12:07.764,1.84455,1.84473,1.76,2.25
2015.02.24 09:12:08.087,1.84458,1.84473,1.00,2.25
2015.02.24 09:12:08.188,1.84456,1.84472,1.12,1.07
2015.02.24 09:12:08.729,1.84455,1.84472,4.31,1.00
2015.02.24 09:12:09.033,1.84459,1.84475,1.00,2.25
2015.02.24 09:12:09.493,1.8446,1.84479,1.00,5.29
2015.02.24 09:12:09.595,1.84458,1.84475,1.62,3.00
2015.02.24 09:12:09.696,1.84458,1.84475,1.65,1.10
2015.02.24 09:12:10.203,1.84458,1.84475,1.00,1.34
2015.02.24 09:12:10.304,1.84457,1.84474,1.00,2.44
2015.02.24 09:12:10.761,1.84457,1.84472,1.00,2.44
2015.02.24 09:12:11.267,1.84457,1.84473,1.00,2.44
2015.02.24 09:12:11.734,1.84455,1.84472,1.10,1.36
2015.02.24 09:12:12.894,1.84457,1.84473,1.00,2.81
2015.02.24 09:12:13.198,1.84455,1.84469,1.00,2.44
2015.02.24 09:12:13.249,1.84451,1.84469,1.39,2.44
2015.02.24 09:12:14.624,1.84451,1.84469,1.39,2.44
2015.02.24 09:12:15.149,1.84451,1.84468,1.37,2.25
2015.02.24 09:12:15.655,1.84451,1.84468,1.12,2.25
2015.02.24 09:12:16.677,1.84451,1.8447,3.19,1.09
2015.02.24 09:12:16.829,1.84455,1.84471,1.00,2.44
2015.02.24 09:12:17.288,1.84455,1.84469,1.00,4.35
2015.02.24 09:12:17.845,1.84449,1.84469,2.89,2.25
2015.02.24 09:12:17.946,1.84454,1.84469,1.00,2.25
2015.02.24 09:12:18.188,1.84454,1.84471,1.00,3.19
2015.02.24 09:12:19.396,1.84453,1.8447,1.01,1.17
2015.02.24 09:12:20.012,1.84453,1.8447,1.00,1.20
2015.02.24 09:12:21.746,1.84453,1.8447,1.00,3.00
2015.02.24 09:12:22.273,1.84453,1.8447,1.10,1.17
2015.02.24 09:12:22.880,1.84455,1.84471,1.00,2.44
2015.02.24 09:12:25.731,1.84455,1.84469,1.00,2.17
2015.02.24 09:12:26.035,1.84455,1.84471,1.00,2.25
2015.02.24 09:12:26.554,1.84455,1.84472,1.00,3.00
2015.02.24 09:12:27.514,1.84451,1.84468,1.39,1.00
2015.02.24 09:12:27.615,1.84452,1.84471,1.25,1.17
2015.02.24 09:12:27.768,1.84455,1.84472,1.00,3.56
2015.02.24 09:12:27.970,1.8445,1.84469,1.74,1.00
2015.02.24 09:12:28.497,1.8445,1.84469,1.74,1.00
2015.02.24 09:12:28.994,1.8445,1.84469,1.74,1.00
2015.02.24 09:12:29.723,1.84456,1.84472,1.00,3.56
2015.02.24 09:12:29.824,1.84452,1.84471,1.00,1.09
2015.02.24 09:12:30.844,1.8445,1.84469,3.19,1.07
2015.02.24 09:12:31.320,1.84454,1.8447,1.00,2.25
2015.02.24 09:12:31.523,1.84456,1.84473,1.00,5.29
2015.02.24 09:12:31.726,1.84455,1.84474,1.46,1.36
2015.02.24 09:12:31.777,1.84456,1.84474,2.92,1.29
2015.02.24 09:12:31.930,1.84463,1.84479,4.72,1.00
2015.02.24 09:12:31.981,1.84465,1.84479,2.25,1.00
2015.02.24 09:12:32.234,1.8447,1.84487,1.00,2.81
2015.02.24 09:12:32.655,1.84471,1.84488,2.17,3.49
2015.02.24 09:12:32.706,1.84471,1.84488,2.25,1.56
2015.02.24 09:12:32.910,1.84471,1.8448,2.81,1.00
2015.02.24 09:12:33.013,1.8448,1.84492,2.62,1.12
2015.02.24 09:12:33.063,1.84483,1.84492,2.55,1.12
2015.02.24 09:12:33.216,1.84485,1.84495,4.35,1.00
2015.02.24 09:12:33.317,1.84489,1.84503,4.35,1.10
2015.02.24 09:12:33.419,1.84486,1.84506,2.25,2.81
2015.02.24 09:12:33.520,1.84483,1.84503,2.44,2.44
2015.02.24 09:12:33.975,1.84485,1.84504,2.17,2.44
2015.02.24 09:12:34.179,1.84483,1.84504,2.44,2.36
2015.02.24 09:12:34.601,1.84482,1.84503,4.54,1.71
2015.02.24 09:12:34.703,1.84482,1.84503,4.54,2.21
2015.02.24 09:12:34.804,1.84482,1.84503,4.35,2.21
2015.02.24 09:12:34.957,1.84481,1.84501,1.32,2.81
2015.02.24 09:12:35.160,1.84481,1.84498,1.25,2.17
2015.02.24 09:12:35.465,1.84471,1.8448,1.12,2.74
2015.02.24 09:12:35.516,1.84463,1.8448,1.37,4.91
2015.02.24 09:12:35.567,1.8446,1.84476,1.35,1.07
2015.02.24 09:12:35.618,1.84463,1.84476,1.00,1.17
2015.02.24 09:12:35.928,1.84468,1.8448,1.00,2.25
2015.02.24 09:12:35.980,1.84464,1.8448,1.50,2.25
2015.02.24 09:12:36.082,1.84467,1.84481,1.00,2.17
2015.02.24 09:12:36.133,1.84467,1.84485,1.00,2.44
2015.02.24 09:12:36.336,1.84472,1.84485,1.00,2.44
2015.02.24 09:12:36.437,1.84469,1.84485,1.00,2.44
2015.02.24 09:12:36.884,1.84474,1.84485,1.00,2.25
2015.02.24 09:12:36.985,1.84466,1.84485,1.57,3.00
2015.02.24 09:12:38.096,1.84468,1.84485,1.00,2.81
2015.02.24 09:12:38.248,1.84468,1.84487,1.00,3.19
2015.02.24 09:12:38.299,1.84475,1.84487,1.00,2.44
2015.02.24 09:12:38.501,1.84469,1.84486,1.17,1.10
2015.02.24 09:12:38.653,1.84475,1.84488,1.00,2.81
2015.02.24 09:12:38.957,1.84464,1.84477,1.47,2.17
2015.02.24 09:12:39.008,1.84464,1.84477,1.00,2.17
2015.02.24 09:12:39.059,1.8446,1.84477,1.01,1.17
2015.02.24 09:12:39.161,1.84463,1.84479,1.64,1.07
2015.02.24 09:12:39.212,1.84464,1.84482,1.46,1.20
2015.02.24 09:12:39.313,1.84467,1.84484,1.00,4.54
2015.02.24 09:12:39.718,1.84473,1.84485,1.00,2.25
2015.02.24 09:12:39.819,1.84465,1.84482,3.56,1.00
2015.02.24 09:12:40.514,1.84465,1.84477,2.81,1.00
2015.02.24 09:12:40.919,1.84465,1.84481,2.81,1.00
2015.02.24 09:12:41.487,1.84472,1.84485,1.00,2.25
2015.02.24 09:12:41.588,1.84467,1.84484,1.10,1.07
2015.02.24 09:12:42.263,1.84471,1.84485,1.00,2.25
2015.02.24 09:12:42.365,1.84465,1.84482,3.56,1.00
2015.02.24 09:12:43.272,1.84465,1.84482,1.39,1.10
2015.02.24 09:12:43.373,1.84463,1.8448,1.91,1.00
2015.02.24 09:12:43.677,1.84463,1.84478,1.91,1.00
2015.02.24 09:12:43.778,1.84463,1.8448,2.36,1.00
2015.02.24 09:12:44.961,1.84463,1.8448,2.21,1.07
2015.02.24 09:12:45.119,1.84471,1.84481,1.00,2.25
2015.02.24 09:12:45.222,1.84464,1.84481,1.19,3.00
2015.02.24 09:12:45.430,1.84462,1.84481,1.09,3.00
2015.02.24 09:12:45.978,1.84462,1.8448,1.25,4.35
2015.02.24 09:12:46.566,1.84462,1.84478,1.00,2.25
2015.02.24 09:12:46.871,1.84468,1.84478,1.00,2.25
2015.02.24 09:12:46.972,1.8446,1.84476,1.31,1.10
2015.02.24 09:12:47.225,1.84465,1.84478,1.00,2.25
2015.02.24 09:12:47.327,1.8446,1.84477,1.31,1.17
2015.02.24 09:12:48.219,1.84465,1.84478,1.00,2.25
2015.02.24 09:12:48.320,1.84462,1.84478,1.00,2.25
2015.02.24 09:12:48.796,1.8446,1.84476,1.12,1.10
2015.02.24 09:12:49.406,1.84463,1.84478,1.00,2.25
2015.02.24 09:12:49.558,1.84463,1.8448,1.25,1.20
2015.02.24 09:12:49.611,1.84464,1.8448,2.17,1.10
2015.02.24 09:12:49.865,1.84467,1.84484,1.00,2.25
2015.02.24 09:12:50.389,1.84465,1.84482,1.26,1.10
2015.02.24 09:12:51.099,1.84465,1.84482,1.07,1.29
2015.02.24 09:12:51.201,1.84465,1.84481,1.00,2.36
2015.02.24 09:12:51.302,1.84461,1.84478,2.51,1.00
2015.02.24 09:12:51.930,1.84465,1.84481,1.00,2.44
2015.02.24 09:12:52.503,1.84461,1.84478,1.76,1.00
2015.02.24 09:12:53.981,1.84461,1.84477,1.31,2.17
2015.02.24 09:12:54.588,1.84457,1.84472,2.81,1.00
2015.02.24 09:12:54.892,1.84455,1.84469,1.12,2.17
2015.02.24 09:12:55.208,1.84455,1.8447,2.74,2.17
2015.02.24 09:12:55.309,1.84455,1.84474,3.56,1.36
2015.02.24 09:12:55.462,1.84459,1.84475,1.00,2.44
2015.02.24 09:12:55.568,1.84455,1.84472,3.56,1.00
2015.02.24 09:12:56.027,1.84454,1.84468,3.56,1.00
2015.02.24 09:12:56.128,1.84455,1.84473,1.39,2.44
2015.02.24 09:12:56.230,1.84459,1.84473,1.00,2.44
2015.02.24 09:12:56.534,1.84459,1.8447,1.00,2.17
2015.02.24 09:12:56.585,1.84453,1.8447,1.37,2.25
2015.02.24 09:12:56.636,1.84452,1.84469,1.31,2.25
2015.02.24 09:12:56.687,1.84458,1.84469,1.00,2.25
2015.02.24 09:12:56.789,1.84452,1.8447,4.24,2.17
2015.02.24 09:12:56.891,1.84459,1.84473,1.00,2.25
2015.02.24 09:12:56.994,1.84455,1.84472,1.56,1.07
2015.02.24 09:12:57.504,1.84457,1.84473,1.00,2.44
2015.02.24 09:12:57.555,1.84459,1.84473,1.00,2.44
2015.02.24 09:12:57.656,1.84453,1.8447,1.76,1.00
2015.02.24 09:12:59.228,1.84453,1.8447,1.76,1.00
2015.02.24 09:12:59.750,1.84453,1.8447,1.76,1.00
2015.02.24 09:12:59.852,1.84452,1.84468,1.47,2.17
2015.02.24 09:12:59.953,1.84452,1.84469,1.76,1.15
2015.02.24 09:13:00.218,1.84458,1.8447,1.00,2.25
2015.02.24 09:13:00.421,1.84451,1.84468,1.69,1.15
2015.02.24 09:13:01.287,1.84456,1.84469,1.00,4.35
2015.02.24 09:13:01.389,1.84449,1.84465,2.14,1.00
2015.02.24 09:13:01.491,1.84457,1.84469,1.00,4.35
2015.02.24 09:13:01.592,1.84457,1.84472,1.00,2.25
2015.02.24 09:13:02.108,1.84457,1.84473,1.00,2.44
2015.02.24 09:13:02.959,1.84462,1.84473,1.00,2.25
2015.02.24 09:13:03.062,1.84458,1.84473,1.00,2.25
2015.02.24 09:13:03.163,1.84462,1.84473,1.00,2.25
2015.02.24 09:13:03.265,1.84459,1.84473,1.00,2.25
2015.02.24 09:13:03.618,1.84455,1.84472,1.39,1.17
2015.02.24 09:13:04.899,1.84455,1.84472,1.10,1.09
2015.02.24 09:13:05.853,1.84455,1.84472,1.07,1.01
2015.02.24 09:13:06.130,1.8446,1.84472,1.00,2.36
2015.02.24 09:13:06.232,1.84456,1.84472,1.00,2.44
2015.02.24 09:13:06.687,1.84453,1.84471,1.01,1.07
2015.02.24 09:13:07.445,1.84454,1.84465,1.12,1.00
2015.02.24 09:13:07.546,1.84456,1.8447,1.00,2.25
2015.02.24 09:13:07.902,1.84451,1.84468,2.51,1.10
2015.02.24 09:13:08.004,1.84456,1.8447,1.00,2.25
2015.02.24 09:13:08.106,1.84451,1.84467,2.07,1.00
2015.02.24 09:13:08.208,1.84452,1.84467,1.01,1.00
2015.02.24 09:13:08.462,1.84463,1.84479,2.17,1.00
2015.02.24 09:13:08.564,1.84463,1.84482,4.50,1.07
2015.02.24 09:13:09.366,1.84476,1.84483,2.55,1.10
2015.02.24 09:13:09.417,1.84476,1.8449,2.62,1.00
2015.02.24 09:13:09.468,1.84484,1.84491,2.55,1.00
2015.02.24 09:13:09.671,1.84501,1.84513,2.17,1.20
2015.02.24 09:13:09.722,1.84501,1.84517,2.25,1.12
2015.02.24 09:13:09.773,1.84507,1.84519,2.17,1.12
2015.02.24 09:13:09.824,1.84507,1.84527,2.25,3.19
2015.02.24 09:13:09.875,1.84506,1.84522,2.17,2.36
2015.02.24 09:13:09.926,1.84502,1.84522,2.62,3.19
2015.02.24 09:13:09.977,1.84506,1.84522,2.17,1.32
2015.02.24 09:13:10.130,1.84501,1.84521,2.70,2.25
2015.02.24 09:13:10.181,1.845,1.84519,1.60,2.17
2015.02.24 09:13:10.485,1.84499,1.84517,1.20,2.81
2015.02.24 09:13:10.689,1.84501,1.8452,1.84,3.75
2015.02.24 09:13:11.095,1.84506,1.84518,1.00,1.00
2015.02.24 09:13:11.197,1.84501,1.84518,2.44,1.00
2015.02.24 09:13:11.299,1.84502,1.84516,1.19,1.00
2015.02.24 09:13:11.402,1.84502,1.84521,4.31,1.17
2015.02.24 09:13:11.655,1.84504,1.84513,1.00,2.25
2015.02.24 09:13:11.757,1.845,1.84513,1.00,2.25
2015.02.24 09:13:11.808,1.845,1.84513,1.37,2.25
2015.02.24 09:13:11.960,1.845,1.84515,1.50,3.00
2015.02.24 09:13:12.062,1.84508,1.84517,1.00,2.25
2015.02.24 09:13:12.366,1.84507,1.84523,6.41,1.00
2015.02.24 09:13:12.467,1.8451,1.84527,1.00,2.81
2015.02.24 09:13:12.518,1.84505,1.84527,2.44,2.81
2015.02.24 09:13:12.569,1.84503,1.84523,1.46,4.35
2015.02.24 09:13:12.620,1.84502,1.84523,1.71,4.54
2015.02.24 09:13:13.637,1.84501,1.84523,4.91,5.66
2015.02.24 09:13:13.688,1.845,1.8452,2.81,2.25
2015.02.24 09:13:14.206,1.845,1.8452,2.81,2.44
2015.02.24 09:13:14.887,1.845,1.8452,2.81,2.44
2015.02.24 09:13:14.988,1.84503,1.84523,2.81,3.19
2015.02.24 09:13:15.090,1.84503,1.84517,2.81,1.00
2015.02.24 09:13:15.640,1.84504,1.84518,4.91,1.00
2015.02.24 09:13:15.691,1.84504,1.84522,4.91,1.00
2015.02.24 09:13:15.945,1.84504,1.84522,4.72,1.37
2015.02.24 09:13:16.097,1.84497,1.84513,2.25,1.12
2015.02.24 09:13:16.148,1.84497,1.84513,2.25,1.31
2015.02.24 09:13:16.199,1.84494,1.84512,2.25,1.19
2015.02.24 09:13:16.452,1.84494,1.84508,2.25,1.00
2015.02.24 09:13:16.756,1.84494,1.84512,2.44,1.00
2015.02.24 09:13:16.857,1.84494,1.84515,4.12,1.27
2015.02.24 09:13:16.909,1.84505,1.84515,2.25,1.10
2015.02.24 09:13:17.011,1.84508,1.84522,2.25,1.37
2015.02.24 09:13:17.112,1.84508,1.84528,2.25,3.94
2015.02.24 09:13:17.163,1.84508,1.84528,2.25,3.94
2015.02.24 09:13:17.668,1.84509,1.8453,4.54,1.39
2015.02.24 09:13:17.770,1.84513,1.8453,2.25,1.19
2015.02.24 09:13:17.871,1.84514,1.84532,2.25,1.19
2015.02.24 09:13:17.973,1.84518,1.84532,2.25,1.00
2015.02.24 09:13:18.074,1.84518,1.84535,2.25,1.00
2015.02.24 09:13:18.343,1.84519,1.84537,4.35,1.25
2015.02.24 09:13:18.597,1.84516,1.84537,2.25,2.44
2015.02.24 09:13:18.648,1.84516,1.84532,2.25,1.00
2015.02.24 09:13:18.901,1.84514,1.84532,1.46,1.17
2015.02.24 09:13:19.154,1.84514,1.84532,1.74,1.17
2015.02.24 09:13:19.407,1.84516,1.84535,1.70,2.44
2015.02.24 09:13:19.913,1.84516,1.84535,1.64,2.25
2015.02.24 09:13:20.441,1.84516,1.84535,1.64,2.25
2015.02.24 09:13:21.464,1.84516,1.84535,1.64,2.25
2015.02.24 09:13:22.680,1.84517,1.84537,2.74,5.29
2015.02.24 09:13:24.756,1.84523,1.84537,1.00,2.62
2015.02.24 09:13:24.807,1.84525,1.84545,3.00,2.70
2015.02.24 09:13:24.858,1.84526,1.84545,1.09,2.70
2015.02.24 09:13:25.011,1.84538,1.84553,1.10,1.00
2015.02.24 09:13:25.062,1.84538,1.84553,1.29,1.00
2015.02.24 09:13:25.214,1.84541,1.8456,4.35,1.00
2015.02.24 09:13:25.315,1.84542,1.84562,2.44,1.12
2015.02.24 09:13:25.366,1.84548,1.84562,1.00,1.00
2015.02.24 09:13:25.822,1.84547,1.84567,2.44,2.44
2015.02.24 09:13:26.359,1.84546,1.84565,2.81,2.17
2015.02.24 09:13:26.412,1.84545,1.84562,3.19,1.00
2015.02.24 09:13:26.918,1.84543,1.84563,2.44,2.62
2015.02.24 09:13:26.969,1.84543,1.84563,2.25,2.81
2015.02.24 09:13:27.020,1.84542,1.8456,1.10,2.25
2015.02.24 09:13:27.552,1.84541,1.84562,2.44,2.44
2015.02.24 09:13:27.661,1.84541,1.84558,2.44,1.00
2015.02.24 09:13:28.294,1.84539,1.84552,5.36,1.00
2015.02.24 09:13:28.446,1.84539,1.84558,5.74,1.00
2015.02.24 09:13:29.142,1.84539,1.84557,1.76,2.25
2015.02.24 09:13:29.448,1.84539,1.84552,1.76,1.00
2015.02.24 09:13:29.500,1.84539,1.84557,1.84,3.00
2015.02.24 09:13:29.602,1.84539,1.84551,1.10,2.17
2015.02.24 09:13:29.754,1.84533,1.84552,1.10,4.72
2015.02.24 09:13:30.008,1.84536,1.84552,1.00,2.44
2015.02.24 09:13:30.261,1.84535,1.84553,1.00,1.34
2015.02.24 09:13:30.312,1.84535,1.84551,1.00,2.55
2015.02.24 09:13:30.830,1.84531,1.8455,1.31,2.25
2015.02.24 09:13:31.360,1.84531,1.8455,1.31,2.44
2015.02.24 09:13:32.994,1.84529,1.8455,1.84,2.44
2015.02.24 09:13:33.096,1.84529,1.8455,1.74,2.81
2015.02.24 09:13:33.248,1.84532,1.84552,2.62,2.81
2015.02.24 09:13:33.804,1.84532,1.84552,2.44,2.81
2015.02.24 09:13:34.322,1.84531,1.84551,3.19,4.35
2015.02.24 09:13:34.526,1.84537,1.84555,1.29,4.35
2015.02.24 09:13:34.779,1.84539,1.84557,1.10,2.44
2015.02.24 09:13:34.881,1.84539,1.84557,1.29,2.25
2015.02.24 09:13:35.185,1.84543,1.8456,1.56,2.25
2015.02.24 09:13:35.235,1.84543,1.84562,1.29,3.19
2015.02.24 09:13:35.842,1.84543,1.8456,1.19,2.25
2015.02.24 09:13:35.944,1.84543,1.84562,3.56,1.19
2015.02.24 09:13:36.450,1.84544,1.84562,1.46,1.19
2015.02.24 09:13:37.058,1.84542,1.84562,3.19,2.81
2015.02.24 09:13:37.210,1.84542,1.84558,1.19,1.00
2015.02.24 09:13:37.716,1.84541,1.84557,1.29,1.00
2015.02.24 09:13:38.093,1.84541,1.84562,1.01,2.89
2015.02.24 09:13:38.937,1.84541,1.84559,1.01,2.17
2015.02.24 09:13:39.695,1.8454,1.84558,1.17,1.74
2015.02.24 09:13:39.999,1.84531,1.84549,1.01,2.25
2015.02.24 09:13:40.203,1.84529,1.84549,1.69,4.91
2015.02.24 09:13:40.515,1.84529,1.84549,1.00,4.91
2015.02.24 09:13:40.566,1.84528,1.84546,1.01,2.25
2015.02.24 09:13:40.870,1.84524,1.8454,1.56,2.25
2015.02.24 09:13:41.560,1.84523,1.84543,1.76,4.91
2015.02.24 09:13:42.515,1.84523,1.84543,1.76,4.91
2015.02.24 09:13:42.707,1.84523,1.84543,1.76,4.91
2015.02.24 09:13:43.016,1.84522,1.84539,1.57,2.81
2015.02.24 09:13:43.067,1.84522,1.84539,1.57,2.81
2015.02.24 09:13:43.371,1.84521,1.84537,1.01,2.62
2015.02.24 09:13:43.675,1.84518,1.84537,1.09,2.81
2015.02.24 09:13:43.726,1.84522,1.84537,1.10,2.81
2015.02.24 09:13:44.231,1.84516,1.84532,1.96,1.00
2015.02.24 09:13:44.744,1.84516,1.84532,1.96,1.00
2015.02.24 09:13:45.256,1.84516,1.84532,1.96,1.00
2015.02.24 09:13:46.011,1.84521,1.84533,1.05,1.00
2015.02.24 09:13:46.114,1.84521,1.84537,1.42,1.17
2015.02.24 09:13:46.165,1.84521,1.84537,1.91,1.17
2015.02.24 09:13:46.267,1.84524,1.84542,3.19,1.29
2015.02.24 09:13:46.370,1.84526,1.84543,3.00,1.19
2015.02.24 09:13:46.421,1.84528,1.84543,1.39,1.00
2015.02.24 09:13:46.928,1.84528,1.84546,1.39,2.81
2015.02.24 09:13:47.130,1.84528,1.84546,1.01,2.81
2015.02.24 09:13:47.660,1.84528,1.84548,1.64,2.81
2015.02.24 09:13:48.421,1.84528,1.8455,1.84,4.91
2015.02.24 09:13:49.342,1.84529,1.8455,1.09,4.91
2015.02.24 09:13:49.649,1.84528,1.84541,1.07,2.17
2015.02.24 09:13:49.701,1.84522,1.84541,1.01,2.62
2015.02.24 09:13:49.904,1.84523,1.84541,1.01,2.44
2015.02.24 09:13:50.044,1.84523,1.84543,1.84,3.56
2015.02.24 09:13:50.563,1.84524,1.84542,2.62,1.29
2015.02.24 09:13:51.070,1.84524,1.84542,2.81,1.47
2015.02.24 09:13:51.576,1.84524,1.84542,2.81,1.47
2015.02.24 09:13:51.728,1.84524,1.84538,2.81,1.00
2015.02.24 09:13:52.285,1.84524,1.84542,2.62,1.56
2015.02.24 09:13:52.387,1.84526,1.84544,3.30,2.06
2015.02.24 09:13:52.690,1.8453,1.84547,1.65,1.19
2015.02.24 09:13:52.741,1.8453,1.84547,1.65,1.10
2015.02.24 09:13:52.843,1.8453,1.84547,5.10,1.12
2015.02.24 09:13:52.944,1.84528,1.84547,2.44,1.10
2015.02.24 09:13:53.349,1.84533,1.84548,2.17,1.07
2015.02.24 09:13:53.451,1.84533,1.84552,5.10,1.19
2015.02.24 09:13:53.653,1.84542,1.84552,2.17,1.00
2015.02.24 09:13:53.956,1.84544,1.84552,2.17,1.00
2015.02.24 09:13:54.007,1.84538,1.84552,4.72,1.00
2015.02.24 09:13:54.058,1.84538,1.84557,2.62,1.26
2015.02.24 09:13:54.109,1.84538,1.84557,1.20,1.36
2015.02.24 09:13:54.638,1.84535,1.84554,2.81,1.10
2015.02.24 09:13:54.845,1.84534,1.84554,2.21,1.15
2015.02.24 09:13:55.098,1.84534,1.84553,2.21,1.57
2015.02.24 09:13:55.631,1.84534,1.84552,1.39,1.45
2015.02.24 09:13:56.087,1.84532,1.84548,1.84,1.00
2015.02.24 09:13:56.600,1.84531,1.84548,4.91,1.00
2015.02.24 09:13:56.986,1.84533,1.84548,2.17,1.00
2015.02.24 09:13:57.088,1.84534,1.84553,1.09,3.94
2015.02.24 09:13:57.611,1.84535,1.84553,1.20,3.56
2015.02.24 09:13:58.149,1.84534,1.84552,3.56,1.25
2015.02.24 09:13:58.971,1.84534,1.84552,2.21,2.74
2015.02.24 09:13:59.479,1.8453,1.84548,5.29,1.10
2015.02.24 09:13:59.783,1.8453,1.84548,1.56,2.25
2015.02.24 09:13:59.885,1.8453,1.84548,1.56,2.25
2015.02.24 09:14:00.088,1.84529,1.84548,1.69,2.25
2015.02.24 09:14:00.342,1.84529,1.84547,1.69,1.17
2015.02.24 09:14:00.566,1.84529,1.84547,1.00,1.84
2015.02.24 09:14:01.660,1.84528,1.84542,1.76,1.00
2015.02.24 09:14:02.066,1.84531,1.84548,1.00,3.94
2015.02.24 09:14:02.269,1.84531,1.84546,1.00,2.36
2015.02.24 09:14:02.320,1.84527,1.84546,1.47,3.11
2015.02.24 09:14:02.421,1.84527,1.84542,1.00,1.00
2015.02.24 09:14:02.725,1.84527,1.84546,1.00,5.29
2015.02.24 09:14:02.776,1.84525,1.84542,1.77,1.00
2015.02.24 09:14:03.738,1.84525,1.84542,1.31,1.10
2015.02.24 09:14:04.042,1.84525,1.84537,1.00,2.25
2015.02.24 09:14:04.093,1.84522,1.84537,1.30,2.25
2015.02.24 09:14:04.346,1.84526,1.84539,1.00,2.25
2015.02.24 09:14:04.599,1.84522,1.84536,1.07,1.00
2015.02.24 09:14:04.650,1.84525,1.84541,1.00,2.44
2015.02.24 09:14:04.752,1.84521,1.84538,3.79,1.00
2015.02.24 09:14:04.853,1.84525,1.84541,1.00,2.44
2015.02.24 09:14:05.106,1.84522,1.84541,1.42,3.19
2015.02.24 09:14:05.616,1.84522,1.8454,1.30,4.54
2015.02.24 09:14:05.769,1.84525,1.8454,1.00,4.54
2015.02.24 09:14:05.870,1.8452,1.84539,1.69,1.40
2015.02.24 09:14:06.402,1.84525,1.84538,1.00,2.62
2015.02.24 09:14:07.090,1.84522,1.84538,1.30,2.25
2015.02.24 09:14:07.630,1.84522,1.84539,1.35,3.00
2015.02.24 09:14:07.934,1.84527,1.84539,1.00,2.25
2015.02.24 09:14:08.086,1.84524,1.8454,1.57,2.17
2015.02.24 09:14:08.137,1.84524,1.84541,2.02,1.25
2015.02.24 09:14:08.238,1.84527,1.84545,1.75,1.34
2015.02.24 09:14:08.340,1.84527,1.84545,1.37,1.34
2015.02.24 09:14:08.398,1.84527,1.84543,1.25,2.17
2015.02.24 09:14:08.705,1.84523,1.84539,2.89,1.00
2015.02.24 09:14:08.858,1.84524,1.84542,1.36,1.17
2015.02.24 09:14:09.062,1.84524,1.84543,4.31,1.57
2015.02.24 09:14:10.463,1.84525,1.84543,1.16,1.57
2015.02.24 09:14:10.565,1.84525,1.84537,1.16,1.00
2015.02.24 09:14:10.880,1.84526,1.84542,1.01,1.00
2015.02.24 09:14:11.390,1.84527,1.84543,1.01,1.00
2015.02.24 09:14:11.765,1.84527,1.84544,1.91,1.10
2015.02.24 09:14:12.270,1.8453,1.84544,1.19,1.10
2015.02.24 09:14:12.372,1.84527,1.84544,1.54,1.10
2015.02.24 09:14:12.675,1.84527,1.84544,1.46,1.10
2015.02.24 09:14:13.188,1.84531,1.84546,1.00,2.25
2015.02.24 09:14:14.730,1.84531,1.84545,1.25,2.25
2015.02.24 09:14:15.387,1.84527,1.84544,1.94,1.07
2015.02.24 09:14:15.783,1.84527,1.84543,1.94,2.17
2015.02.24 09:14:16.155,1.84527,1.84538,1.56,1.00
2015.02.24 09:14:16.257,1.84527,1.84543,1.56,2.25
2015.02.24 09:14:16.618,1.8453,1.84537,1.12,1.00
2015.02.24 09:14:17.192,1.84526,1.84535,1.00,2.17
2015.02.24 09:14:17.395,1.84522,1.84534,1.16,2.25
2015.02.24 09:14:17.901,1.84523,1.84534,1.00,2.25
2015.02.24 09:14:18.328,1.84518,1.84532,1.89,1.00
2015.02.24 09:14:19.156,1.84521,1.84536,1.35,2.25
2015.02.24 09:14:19.308,1.84521,1.84528,1.35,2.17
2015.02.24 09:14:19.511,1.84512,1.84525,1.62,2.25
2015.02.24 09:14:19.562,1.84512,1.84525,1.69,2.25
2015.02.24 09:14:19.714,1.84516,1.84526,1.00,2.25
2015.02.24 09:14:19.917,1.84516,1.84527,1.00,1.17
2015.02.24 09:14:19.968,1.84511,1.84526,1.09,1.00
2015.02.24 09:14:20.069,1.84516,1.84527,1.00,1.00
2015.02.24 09:14:20.120,1.84516,1.84531,1.00,2.25
2015.02.24 09:14:20.171,1.84511,1.84526,2.81,1.00
2015.02.24 09:14:20.291,1.84511,1.8453,3.56,1.07
2015.02.24 09:14:20.507,1.84519,1.84529,1.00,2.17
2015.02.24 09:14:20.609,1.84514,1.84529,1.12,2.25
2015.02.24 09:14:21.318,1.84514,1.84523,1.00,1.00
2015.02.24 09:14:21.623,1.84519,1.84523,1.00,1.00
2015.02.24 09:14:21.674,1.84519,1.84527,1.00,1.20
2015.02.24 09:14:21.725,1.84518,1.84526,1.00,2.17
2015.02.24 09:14:21.929,1.84507,1.84521,1.76,1.00
2015.02.24 09:14:22.030,1.84508,1.84524,1.56,2.17
2015.02.24 09:14:22.904,1.84508,1.84521,1.56,2.17
2015.02.24 09:14:23.311,1.84505,1.84521,1.56,3.00
2015.02.24 09:14:23.413,1.84505,1.84513,1.00,2.17
2015.02.24 09:14:23.565,1.84501,1.84512,1.50,4.35
2015.02.24 09:14:23.616,1.84501,1.8451,1.00,2.25
2015.02.24 09:14:23.667,1.84498,1.8451,1.37,2.25
2015.02.24 09:14:24.187,1.84492,1.84507,1.76,1.00
2015.02.24 09:14:24.542,1.8449,1.84508,5.06,1.50
2015.02.24 09:14:25.053,1.8449,1.84507,4.91,1.00
2015.02.24 09:14:25.662,1.84498,1.84507,1.00,1.00
2015.02.24 09:14:25.865,1.84491,1.84507,1.71,1.00
2015.02.24 09:14:26.170,1.84494,1.84502,1.62,1.00
2015.02.24 09:14:26.590,1.84494,1.84507,1.62,1.00
2015.02.24 09:14:27.378,1.84494,1.84503,1.25,1.00
2015.02.24 09:14:28.351,1.84494,1.84502,1.25,1.00
2015.02.24 09:14:28.865,1.84494,1.84502,1.19,1.00
2015.02.24 09:14:29.121,1.84494,1.84508,1.19,1.00
2015.02.24 09:14:29.634,1.84494,1.84511,1.00,5.10
2015.02.24 09:14:29.787,1.84494,1.84507,1.00,1.00
2015.02.24 09:14:30.298,1.84494,1.84508,1.00,1.00
2015.02.24 09:14:30.508,1.845,1.84516,1.24,1.00
2015.02.24 09:14:30.610,1.84498,1.84511,4.61,1.00
2015.02.24 09:14:30.712,1.845,1.84517,1.39,1.00
2015.02.24 09:14:31.219,1.84501,1.8452,1.19,5.10
2015.02.24 09:14:31.727,1.84501,1.8452,3.19,1.17
2015.02.24 09:14:32.239,1.84501,1.8452,3.19,1.17
2015.02.24 09:14:35.960,1.84501,1.84517,3.19,1.00
2015.02.24 09:14:36.466,1.84506,1.8452,1.00,3.00
2015.02.24 09:14:36.990,1.84506,1.8452,1.00,1.07
2015.02.24 09:14:37.294,1.84508,1.84519,1.00,2.25
2015.02.24 09:14:39.738,1.84508,1.8452,1.00,1.17
2015.02.24 09:14:42.821,1.84508,1.84519,1.00,2.25
2015.02.24 09:14:43.529,1.84508,1.84518,1.00,2.25
2015.02.24 09:14:43.630,1.84508,1.8452,1.00,1.17
2015.02.24 09:14:44.288,1.84507,1.8452,1.00,1.07
2015.02.24 09:14:44.807,1.84506,1.8452,1.00,1.07
2015.02.24 09:14:45.463,1.84507,1.84521,1.25,2.25
2015.02.24 09:14:45.565,1.84507,1.84523,1.25,2.44
2015.02.24 09:14:46.223,1.84511,1.84525,1.00,2.81
2015.02.24 09:14:46.325,1.84509,1.84525,1.00,2.81
2015.02.24 09:14:46.477,1.84506,1.84523,1.32,1.01
2015.02.24 09:14:47.758,1.84506,1.84523,1.19,1.26
2015.02.24 09:14:49.959,1.84506,1.84523,1.25,1.26
2015.02.24 09:14:50.707,1.84507,1.84523,1.00,1.39
2015.02.24 09:14:51.218,1.84507,1.84522,1.00,2.25
2015.02.24 09:14:53.596,1.84507,1.84519,1.00,1.00
2015.02.24 09:14:53.647,1.84503,1.84519,1.36,1.00
2015.02.24 09:14:55.018,1.84506,1.84522,1.00,2.25
2015.02.24 09:14:55.374,1.84503,1.84519,1.19,1.10
2015.02.24 09:14:55.677,1.84503,1.84519,1.19,1.10
2015.02.24 09:14:56.363,1.84503,1.84519,1.25,1.10
2015.02.24 09:14:57.366,1.84506,1.84521,1.00,2.25
2015.02.24 09:14:58.124,1.84503,1.8452,1.00,1.17
2015.02.24 09:14:58.649,1.84503,1.8452,1.15,1.00
2015.02.24 09:14:59.257,1.84503,1.8452,1.01,1.10
2015.02.24 09:14:59.308,1.84506,1.84522,1.00,2.25
2015.02.24 09:14:59.865,1.84506,1.84522,1.00,1.17
2015.02.24 09:15:00.920,1.84506,1.84517,1.00,1.00
2015.02.24 09:15:01.278,1.84506,1.84522,1.00,1.17
2015.02.24 09:15:02.905,1.84506,1.84517,1.00,1.00
2015.02.24 09:15:03.007,1.84506,1.84522,1.00,5.29
2015.02.24 09:15:03.112,1.84503,1.84518,1.19,1.00
2015.02.24 09:15:03.569,1.845,1.84515,1.69,2.17
2015.02.24 09:15:03.620,1.845,1.84515,1.19,2.17
2015.02.24 09:15:03.721,1.84498,1.84513,1.19,1.10
2015.02.24 09:15:03.924,1.84496,1.84512,1.76,1.12
2015.02.24 09:15:04.048,1.84496,1.84512,1.76,1.12
2015.02.24 09:15:04.454,1.845,1.84513,1.29,1.00
2015.02.24 09:15:04.505,1.845,1.84517,1.76,1.00
2015.02.24 09:15:04.912,1.84506,1.84522,4.05,2.17
2015.02.24 09:15:04.963,1.84506,1.84523,4.12,1.00
2015.02.24 09:15:05.014,1.84511,1.84523,1.00,1.00
2015.02.24 09:15:05.268,1.84504,1.84521,1.29,1.70
2015.02.24 09:15:05.319,1.84504,1.84517,1.29,1.00
2015.02.24 09:15:05.887,1.84505,1.84521,1.25,1.32
2015.02.24 09:15:07.117,1.84504,1.84521,1.57,1.07
2015.02.24 09:15:07.875,1.84504,1.8452,1.50,2.17
2015.02.24 09:15:08.389,1.84504,1.84517,1.00,1.00
2015.02.24 09:15:08.910,1.84504,1.8452,1.00,3.37
2015.02.24 09:15:09.062,1.84502,1.8452,1.01,3.37
2015.02.24 09:15:09.572,1.84504,1.8452,1.00,2.25
2015.02.24 09:15:10.430,1.84502,1.84517,1.10,1.00
2015.02.24 09:15:10.955,1.84502,1.84516,1.00,1.10
2015.02.24 09:15:11.458,1.84502,1.84516,1.19,1.10
2015.02.24 09:15:14.560,1.84502,1.84516,1.00,1.10
2015.02.24 09:15:14.763,1.84499,1.84516,1.26,1.10
2015.02.24 09:15:15.292,1.84499,1.84516,1.19,1.07
2015.02.24 09:15:15.394,1.84503,1.84516,4.35,1.00
2015.02.24 09:15:15.496,1.84504,1.84521,5.10,1.00
2015.02.24 09:15:15.597,1.84507,1.8452,3.00,1.12
2015.02.24 09:15:15.800,1.84504,1.84521,1.39,1.37
2015.02.24 09:15:15.902,1.84504,1.84518,1.39,1.00
2015.02.24 09:15:16.425,1.84502,1.84517,1.36,1.00
2015.02.24 09:15:16.528,1.84502,1.84519,1.36,1.10
2015.02.24 09:15:16.680,1.84508,1.84521,1.00,2.17
2015.02.24 09:15:16.739,1.84508,1.84524,1.00,4.91
2015.02.24 09:15:16.944,1.84504,1.84521,1.20,1.00
2015.02.24 09:15:17.391,1.84506,1.84521,2.17,1.00
2015.02.24 09:15:17.902,1.8451,1.84522,1.00,1.07
2015.02.24 09:15:19.172,1.8451,1.84521,1.00,2.25
2015.02.24 09:15:19.223,1.84504,1.84521,1.19,4.35
2015.02.24 09:15:20.147,1.84502,1.84519,1.19,1.20
2015.02.24 09:15:20.652,1.84506,1.84522,1.00,3.00
2015.02.24 09:15:21.164,1.84506,1.84518,1.00,1.00
2015.02.24 09:15:22.733,1.84506,1.84522,1.00,3.00
2015.02.24 09:15:23.474,1.84506,1.84518,1.00,1.00
2015.02.24 09:15:23.930,1.84506,1.84522,1.19,3.00
2015.02.24 09:15:24.967,1.84506,1.84522,1.00,3.00
2015.02.24 09:15:25.119,1.84506,1.84517,1.00,1.00
2015.02.24 09:15:25.372,1.84506,1.84522,1.00,3.00
2015.02.24 09:15:26.133,1.84506,1.84518,1.00,1.00
2015.02.24 09:15:26.336,1.84506,1.84522,5.29,1.00
2015.02.24 09:15:26.452,1.84508,1.84522,2.25,1.00
2015.02.24 09:15:26.554,1.84509,1.84526,1.15,1.31
2015.02.24 09:15:27.060,1.8451,1.84523,1.20,1.00
2015.02.24 09:15:27.568,1.84509,1.84522,1.15,1.00
2015.02.24 09:15:27.962,1.84509,1.84522,1.34,1.00
2015.02.24 09:15:28.266,1.84521,1.84532,1.27,1.00
2015.02.24 09:15:28.316,1.84527,1.8454,2.62,1.00
2015.02.24 09:15:28.519,1.84525,1.8454,2.62,1.00
2015.02.24 09:15:28.722,1.8453,1.84547,2.44,1.00
2015.02.24 09:15:28.824,1.84535,1.84548,4.35,1.00
2015.02.24 09:15:29.128,1.84535,1.84547,1.00,1.50
2015.02.24 09:15:29.179,1.84532,1.84544,1.00,1.12
2015.02.24 09:15:29.635,1.84529,1.84545,1.37,1.00
2015.02.24 09:15:29.941,1.84529,1.84542,1.12,1.00
2015.02.24 09:15:30.621,1.84529,1.84542,1.37,1.00
2015.02.24 09:15:32.208,1.84527,1.84542,1.37,3.00
2015.02.24 09:15:32.633,1.84526,1.84538,1.00,1.00
2015.02.24 09:15:32.684,1.84526,1.84543,1.37,3.00
2015.02.24 09:15:32.735,1.84526,1.84543,1.00,3.00
2015.02.24 09:15:33.277,1.84525,1.8454,1.12,1.00
2015.02.24 09:15:36.515,1.84525,1.84536,1.00,1.00
2015.02.24 09:15:36.667,1.84525,1.8454,1.00,1.00
2015.02.24 09:15:36.769,1.84525,1.84537,1.00,1.00
2015.02.24 09:15:39.713,1.84525,1.84541,1.00,5.66
2015.02.24 09:15:39.764,1.84523,1.84539,1.00,2.25
2015.02.24 09:15:40.271,1.84523,1.84537,1.00,1.17
2015.02.24 09:15:40.322,1.84521,1.84537,1.00,1.17
2015.02.24 09:15:43.672,1.84521,1.84533,1.00,1.00
2015.02.24 09:15:43.925,1.8452,1.84537,1.25,1.17
2015.02.24 09:15:44.026,1.8452,1.84534,1.25,1.00
2015.02.24 09:15:44.932,1.84519,1.84534,1.01,1.00
2015.02.24 09:15:45.351,1.8452,1.84532,1.00,1.00
2015.02.24 09:15:49.077,1.84517,1.84532,1.50,5.10
2015.02.24 09:15:49.230,1.84515,1.84532,1.20,5.10
2015.02.24 09:15:49.281,1.84514,1.84529,2.25,2.17
2015.02.24 09:15:49.333,1.84514,1.84529,1.50,2.17
2015.02.24 09:15:49.384,1.84514,1.84521,1.00,1.00
2015.02.24 09:15:49.435,1.84511,1.84521,1.57,1.00
2015.02.24 09:15:50.289,1.84511,1.84525,1.57,1.00
2015.02.24 09:15:50.801,1.84513,1.84525,1.00,1.00
2015.02.24 09:15:51.349,1.84512,1.84525,1.10,1.00
2015.02.24 09:15:54.041,1.84512,1.8453,1.57,2.44
2015.02.24 09:15:54.547,1.8451,1.84526,1.76,1.00
2015.02.24 09:15:55.659,1.8451,1.84526,1.29,1.00
2015.02.24 09:15:57.662,1.8451,1.84526,2.44,1.00
2015.02.24 09:15:57.967,1.84512,1.84531,1.17,3.19
2015.02.24 09:15:58.221,1.84511,1.84527,2.44,1.00
2015.02.24 09:15:58.525,1.84514,1.84531,1.00,3.19
2015.02.24 09:15:59.846,1.84511,1.84527,2.44,1.00
2015.02.24 09:16:02.392,1.84512,1.84528,1.46,1.00
2015.02.24 09:16:02.900,1.84512,1.84527,1.91,1.00
2015.02.24 09:16:03.209,1.84512,1.84529,1.91,1.00
2015.02.24 09:16:03.722,1.84512,1.84528,1.91,1.00
2015.02.24 09:16:04.711,1.84512,1.84528,1.91,1.00
2015.02.24 09:16:05.709,1.84512,1.84528,1.91,1.00
2015.02.24 09:16:06.168,1.84512,1.84522,1.46,1.00
2015.02.24 09:16:06.271,1.84512,1.84527,1.46,1.00
2015.02.24 09:16:06.689,1.84512,1.84527,1.46,1.00
2015.02.24 09:16:07.049,1.84512,1.84522,1.46,1.00
2015.02.24 09:16:07.150,1.84512,1.84529,1.46,1.00
2015.02.24 09:16:07.554,1.8451,1.84527,5.81,1.00
2015.02.24 09:16:08.074,1.8451,1.84527,5.81,1.00
2015.02.24 09:16:09.100,1.8451,1.84527,5.66,1.00
2015.02.24 09:16:10.176,1.84509,1.84523,2.44,1.00
2015.02.24 09:16:10.680,1.84509,1.84523,2.44,1.00
2015.02.24 09:16:12.630,1.84511,1.84528,1.01,1.57
2015.02.24 09:16:13.148,1.84509,1.84526,2.44,1.00
2015.02.24 09:16:14.634,1.84509,1.84526,2.44,1.00
2015.02.24 09:16:15.361,1.84511,1.84528,1.29,1.07
2015.02.24 09:16:15.868,1.84511,1.84528,1.39,1.07
2015.02.24 09:16:16.920,1.84511,1.84528,1.39,1.07
2015.02.24 09:16:17.021,1.84509,1.84525,2.81,1.00
2015.02.24 09:16:17.224,1.8451,1.84527,1.64,1.10
2015.02.24 09:16:17.376,1.8451,1.84527,1.64,1.10
2015.02.24 09:16:19.585,1.8451,1.84527,5.66,1.00
2015.02.24 09:16:19.738,1.84513,1.8453,1.56,1.09
2015.02.24 09:16:20.351,1.84513,1.8453,1.56,1.09
2015.02.24 09:16:22.677,1.84513,1.8453,1.31,1.20
2015.02.24 09:16:22.899,1.84513,1.84527,1.31,2.17
2015.02.24 09:16:23.355,1.84513,1.84526,1.69,4.35
2015.02.24 09:16:23.405,1.84513,1.84524,1.69,4.35
2015.02.24 09:16:23.911,1.84513,1.84528,1.62,4.35
2015.02.24 09:16:24.530,1.84513,1.84527,1.25,2.25
2015.02.24 09:16:24.632,1.84513,1.84525,1.25,4.35
2015.02.24 09:16:25.145,1.84513,1.84525,1.37,4.35
2015.02.24 09:16:25.954,1.84513,1.84525,1.12,4.35
2015.02.24 09:16:26.826,1.84508,1.84525,2.14,5.10
2015.02.24 09:16:27.896,1.84508,1.84521,1.66,1.00
2015.02.24 09:16:28.776,1.84508,1.84525,2.21,2.17
2015.02.24 09:16:28.827,1.84509,1.84527,2.74,1.17
2015.02.24 09:16:29.345,1.84515,1.84526,1.00,1.00
2015.02.24 09:16:29.447,1.84515,1.84529,1.00,1.10
2015.02.24 09:16:31.185,1.84515,1.84527,1.10,1.00
2015.02.24 09:16:31.287,1.84515,1.84531,1.10,1.10
2015.02.24 09:16:31.643,1.84515,1.84528,1.10,1.00
2015.02.24 09:16:32.200,1.84515,1.84533,1.76,2.25
2015.02.24 09:16:35.005,1.84515,1.84533,1.29,2.25
2015.02.24 09:16:36.069,1.84515,1.84533,1.10,2.44
2015.02.24 09:16:36.170,1.84515,1.84528,1.66,1.00
2015.02.24 09:16:36.272,1.84521,1.84534,1.19,1.10
2015.02.24 09:16:36.373,1.84521,1.84539,1.17,1.10
2015.02.24 09:16:36.475,1.84521,1.84538,1.00,1.17
2015.02.24 09:16:36.829,1.84524,1.84541,1.00,6.04
2015.02.24 09:16:37.233,1.84521,1.84537,1.20,1.00
2015.02.24 09:16:37.284,1.8452,1.84535,1.15,1.00
2015.02.24 09:16:37.487,1.84513,1.84531,1.19,4.35
2015.02.24 09:16:37.790,1.84512,1.84529,1.25,1.20
2015.02.24 09:16:37.841,1.84512,1.84527,1.25,4.35
2015.02.24 09:16:37.892,1.84508,1.84526,1.39,1.15
2015.02.24 09:16:38.398,1.84505,1.84524,6.41,1.00
2015.02.24 09:16:38.550,1.8451,1.84527,1.00,1.09
2015.02.24 09:16:38.853,1.8451,1.84526,1.00,2.25
2015.02.24 09:16:38.904,1.84507,1.84526,1.76,3.00
2015.02.24 09:16:39.107,1.84507,1.84526,1.26,3.00
2015.02.24 09:16:39.410,1.84507,1.84522,4.54,1.00
2015.02.24 09:16:40.213,1.84507,1.84526,5.29,1.00
2015.02.24 09:16:40.540,1.84507,1.84522,4.35,1.00
2015.02.24 09:16:41.043,1.84506,1.84522,2.25,1.00
2015.02.24 09:16:41.764,1.84505,1.84522,1.07,1.10
2015.02.24 09:16:42.272,1.84505,1.84522,1.10,1.00
2015.02.24 09:16:42.788,1.84506,1.84521,2.25,1.00
2015.02.24 09:16:42.990,1.84509,1.84526,1.07,1.20
2015.02.24 09:16:43.194,1.84507,1.84524,2.51,1.10
2015.02.24 09:16:43.664,1.84508,1.84527,1.09,1.57
2015.02.24 09:16:43.971,1.8451,1.84529,3.00,1.32
2015.02.24 09:16:44.275,1.8451,1.84525,1.10,1.00
2015.02.24 09:16:47.060,1.84509,1.84523,1.36,1.00
2015.02.24 09:16:47.465,1.84508,1.84525,3.94,1.00
2015.02.24 09:16:48.021,1.84508,1.84524,2.44,1.00
2015.02.24 09:16:49.553,1.84509,1.84526,1.36,1.10
2015.02.24 09:16:49.709,1.84509,1.84526,1.36,1.10
2015.02.24 09:16:51.148,1.84509,1.84526,1.36,1.10
2015.02.24 09:16:51.453,1.84508,1.84524,2.44,1.00
2015.02.24 09:16:51.555,1.84505,1.84522,1.07,1.17
2015.02.24 09:16:51.606,1.84503,1.8452,1.87,2.25
2015.02.24 09:16:51.910,1.84503,1.84516,1.12,1.00
2015.02.24 09:16:52.440,1.84503,1.84516,1.27,1.00
2015.02.24 09:16:52.896,1.84504,1.84516,2.25,1.00
2015.02.24 09:16:53.302,1.8451,1.84518,2.17,1.00
2015.02.24 09:16:53.404,1.84511,1.84521,2.25,1.00
2015.02.24 09:16:53.608,1.84508,1.84521,2.17,1.00
2015.02.24 09:16:53.710,1.84505,1.84521,2.44,1.00
2015.02.24 09:16:53.761,1.84505,1.84518,2.25,1.00
2015.02.24 09:16:54.298,1.84504,1.84519,2.25,1.00
2015.02.24 09:16:55.617,1.84504,1.84517,2.44,1.00
2015.02.24 09:16:59.188,1.84503,1.84517,2.44,1.00
2015.02.24 09:17:01.176,1.84502,1.84517,1.36,1.00
2015.02.24 09:17:01.683,1.84501,1.84517,2.25,1.00
2015.02.24 09:17:03.536,1.84502,1.84517,2.25,1.00
2015.02.24 09:17:04.065,1.84503,1.84517,2.25,1.00
2015.02.24 09:17:05.612,1.84503,1.84515,2.25,1.00
2015.02.24 09:17:05.764,1.84507,1.8452,2.17,1.00
2015.02.24 09:17:06.017,1.84504,1.84521,6.86,1.00
2015.02.24 09:17:09.103,1.84504,1.84521,1.84,1.00
2015.02.24 09:17:09.356,1.84504,1.84518,1.20,1.00
2015.02.24 09:17:09.862,1.84503,1.84517,1.15,1.00
2015.02.24 09:17:10.065,1.84501,1.84517,1.10,1.10
2015.02.24 09:17:10.166,1.84501,1.84515,1.20,1.00
2015.02.24 09:17:10.671,1.845,1.84515,3.00,1.00
2015.02.24 09:17:11.034,1.84498,1.84515,2.70,1.00
2015.02.24 09:17:11.546,1.84497,1.84515,3.64,1.10
2015.02.24 09:17:12.060,1.84497,1.84515,4.31,1.17
2015.02.24 09:17:12.566,1.84499,1.84515,1.00,3.19
2015.02.24 09:17:13.072,1.84498,1.84515,1.87,2.44
2015.02.24 09:17:13.849,1.84498,1.84514,1.00,2.44
2015.02.24 09:17:14.104,1.84496,1.84513,1.00,2.25
2015.02.24 09:17:14.409,1.84491,1.84507,2.44,1.00
2015.02.24 09:17:14.510,1.84489,1.84507,1.61,1.00
2015.02.24 09:17:14.561,1.84493,1.84509,1.00,2.44
2015.02.24 09:17:14.663,1.8449,1.84508,1.25,2.25
2015.02.24 09:17:14.866,1.84487,1.84503,3.11,1.00
2015.02.24 09:17:15.371,1.8449,1.84506,2.17,2.17
2015.02.24 09:17:15.422,1.84491,1.84507,2.25,1.00
2015.02.24 09:17:15.980,1.84491,1.84507,2.25,1.19
2015.02.24 09:17:16.524,1.84491,1.84507,2.25,1.56
2015.02.24 09:17:17.425,1.84488,1.84507,5.29,1.62
2015.02.24 09:17:20.642,1.84488,1.84507,1.01,1.66
2015.02.24 09:17:21.483,1.84486,1.84503,3.94,1.00
2015.02.24 09:17:25.243,1.84486,1.84503,3.56,1.00
2015.02.24 09:17:25.763,1.84486,1.84503,3.19,1.00
2015.02.24 09:17:32.276,1.84484,1.84503,2.14,3.00
2015.02.24 09:17:32.916,1.84484,1.84503,2.14,3.00
2015.02.24 09:17:33.320,1.84484,1.84503,1.20,3.75
2015.02.24 09:17:33.371,1.84484,1.84501,1.20,2.62
2015.02.24 09:17:33.472,1.84481,1.84499,1.37,3.37
2015.02.24 09:17:33.523,1.84481,1.84499,1.00,3.56
2015.02.24 09:17:33.574,1.84477,1.84494,1.70,1.37
2015.02.24 09:17:33.675,1.84477,1.84494,1.10,3.56
2015.02.24 09:17:33.777,1.84474,1.84491,1.36,1.20
2015.02.24 09:17:33.878,1.84473,1.84489,2.89,1.00
2015.02.24 09:17:34.587,1.84473,1.84489,2.51,1.37
2015.02.24 09:17:35.167,1.84478,1.84489,1.00,1.37
2015.02.24 09:17:36.135,1.84473,1.84489,2.44,1.37
2015.02.24 09:17:36.236,1.84473,1.84489,3.19,1.00
2015.02.24 09:17:36.744,1.84473,1.8449,3.19,1.12
2015.02.24 09:17:37.109,1.84473,1.84488,2.44,1.00
2015.02.24 09:17:37.822,1.84476,1.84488,2.17,1.00
2015.02.24 09:17:37.975,1.8448,1.84498,1.07,1.47
2015.02.24 09:17:38.026,1.84481,1.84498,2.25,1.47
2015.02.24 09:17:38.279,1.84482,1.84499,2.17,1.00
2015.02.24 09:17:38.380,1.8448,1.84499,1.17,1.10
2015.02.24 09:17:38.431,1.84479,1.84497,2.44,1.00
2015.02.24 09:17:40.411,1.84483,1.845,1.00,1.09
2015.02.24 09:17:40.816,1.84481,1.84498,1.01,2.92
2015.02.24 09:17:41.271,1.84479,1.84496,1.20,1.20
2015.02.24 09:17:42.333,1.84479,1.84496,1.25,3.00
2015.02.24 09:17:42.840,1.84476,1.84495,1.84,3.00
2015.02.24 09:17:43.373,1.84478,1.84495,2.32,1.00
2015.02.24 09:17:43.886,1.84481,1.84498,1.25,2.25
2015.02.24 09:17:45.761,1.84479,1.84494,1.17,1.00
2015.02.24 09:17:45.914,1.84479,1.84497,2.92,1.17
2015.02.24 09:17:45.965,1.84479,1.84497,1.00,1.15
2015.02.24 09:17:46.229,1.84477,1.84492,1.46,1.00
2015.02.24 09:17:46.802,1.84476,1.84492,5.29,1.00
2015.02.24 09:17:47.309,1.84478,1.84492,2.89,1.00
2015.02.24 09:17:47.827,1.84477,1.84492,2.44,1.00
2015.02.24 09:17:55.493,1.84479,1.84492,2.17,1.00
2015.02.24 09:17:58.429,1.84478,1.84492,2.44,1.00
2015.02.24 09:18:00.089,1.8448,1.84498,1.20,2.55
2015.02.24 09:18:00.369,1.84481,1.84495,2.17,1.37
2015.02.24 09:18:00.880,1.84482,1.84495,2.25,1.37
2015.02.24 09:18:01.387,1.84482,1.84495,2.25,1.00
2015.02.24 09:18:03.923,1.84482,1.84494,2.25,1.00
2015.02.24 09:18:04.902,1.84482,1.84499,5.10,1.37
2015.02.24 09:18:05.004,1.84485,1.84499,2.25,1.37
2015.02.24 09:18:05.157,1.84486,1.84505,1.17,1.74
2015.02.24 09:18:05.208,1.84487,1.84505,2.25,1.66
2015.02.24 09:18:05.511,1.84487,1.845,2.25,1.00
2015.02.24 09:18:05.815,1.84487,1.84498,2.25,1.00
2015.02.24 09:18:05.917,1.84487,1.84504,3.00,1.31
2015.02.24 09:18:06.069,1.84487,1.84504,2.92,1.70
2015.02.24 09:18:06.373,1.84485,1.84498,2.40,1.00
2015.02.24 09:18:06.575,1.84487,1.84501,4.35,1.00
2015.02.24 09:18:06.677,1.84487,1.84498,4.35,1.00
2015.02.24 09:18:07.184,1.84487,1.84505,4.35,1.37
2015.02.24 09:18:07.588,1.84487,1.84502,2.17,2.62
2015.02.24 09:18:07.741,1.84487,1.84501,1.00,1.37
2015.02.24 09:18:07.792,1.84483,1.845,3.11,1.37
2015.02.24 09:18:07.994,1.84482,1.84493,2.44,1.00
2015.02.24 09:18:08.195,1.84479,1.84493,5.29,1.00
2015.02.24 09:18:08.246,1.84485,1.84501,1.00,2.62
2015.02.24 09:18:08.682,1.84482,1.84497,2.44,1.00
2015.02.24 09:18:11.647,1.84481,1.84497,2.44,1.00
2015.02.24 09:18:11.952,1.84478,1.84491,2.25,1.00
2015.02.24 09:18:12.256,1.84476,1.84485,2.25,1.00
2015.02.24 09:18:12.307,1.84476,1.84488,2.25,1.00
2015.02.24 09:18:12.408,1.84476,1.84483,2.25,1.00
2015.02.24 09:18:12.729,1.84473,1.84483,2.25,1.00
2015.02.24 09:18:13.601,1.84473,1.84488,2.25,1.00
2015.02.24 09:18:14.212,1.84473,1.84488,2.44,1.37
2015.02.24 09:18:14.465,1.84471,1.84488,4.61,1.37
2015.02.24 09:18:15.112,1.84471,1.84488,4.61,1.37
2015.02.24 09:18:17.639,1.84473,1.84488,2.44,1.37
2015.02.24 09:18:18.144,1.84472,1.84485,2.25,1.37
2015.02.24 09:18:18.763,1.84469,1.84483,2.44,1.37
2015.02.24 09:18:19.932,1.84471,1.84483,2.44,1.37
2015.02.24 09:18:20.443,1.8447,1.84483,2.44,1.37
2015.02.24 09:18:23.132,1.84468,1.84483,2.44,1.37
2015.02.24 09:18:23.335,1.84473,1.8448,2.25,1.00
2015.02.24 09:18:23.437,1.84473,1.84484,2.25,1.00
2015.02.24 09:18:23.791,1.84474,1.8449,4.35,1.00
2015.02.24 09:18:23.893,1.84477,1.84496,1.00,1.77
2015.02.24 09:18:24.435,1.84474,1.84491,4.54,1.00
2015.02.24 09:18:27.635,1.84474,1.84488,4.54,1.00
2015.02.24 09:18:28.086,1.84476,1.84493,1.20,1.31
2015.02.24 09:18:28.290,1.84474,1.8449,4.54,1.00
2015.02.24 09:18:28.717,1.84472,1.84489,6.11,1.00
2015.02.24 09:18:28.920,1.84475,1.84488,4.35,1.62
2015.02.24 09:18:29.079,1.84472,1.84486,3.00,1.12
2015.02.24 09:18:29.130,1.84475,1.84486,2.25,1.37
2015.02.24 09:18:29.534,1.84478,1.84489,2.25,1.00
2015.02.24 09:18:29.585,1.84478,1.84489,2.25,1.00
2015.02.24 09:18:29.688,1.84478,1.84489,2.25,1.00
2015.02.24 09:18:29.789,1.84477,1.84489,2.17,1.37
2015.02.24 09:18:30.822,1.84477,1.84492,2.25,1.56
2015.02.24 09:18:30.923,1.84481,1.84495,1.00,2.81
2015.02.24 09:18:31.227,1.84475,1.84491,5.10,1.37
2015.02.24 09:18:31.581,1.84475,1.84491,5.10,1.37
2015.02.24 09:18:34.336,1.84475,1.84491,4.54,1.37
2015.02.24 09:18:35.409,1.84474,1.84491,4.01,1.37
2015.02.24 09:18:35.957,1.84476,1.84494,1.01,2.44
2015.02.24 09:18:36.500,1.84474,1.84491,3.26,1.00
2015.02.24 09:18:39.940,1.84478,1.84495,1.10,3.56
2015.02.24 09:18:40.637,1.84478,1.84493,2.17,1.00
2015.02.24 09:18:40.941,1.84481,1.84493,4.35,1.00
2015.02.24 09:18:41.246,1.84484,1.84496,2.25,1.00
2015.02.24 09:18:41.397,1.84485,1.84498,2.17,1.12
2015.02.24 09:18:41.827,1.84483,1.84498,2.25,1.00
2015.02.24 09:18:42.492,1.84483,1.84496,2.25,1.00
2015.02.24 09:18:42.943,1.8448,1.84496,2.51,1.00
2015.02.24 09:18:43.247,1.84488,1.84496,2.17,1.00
2015.02.24 09:18:43.348,1.84488,1.84503,2.25,1.00
2015.02.24 09:18:43.501,1.84488,1.84506,2.25,1.00
2015.02.24 09:18:44.737,1.8449,1.84506,2.25,1.00
2015.02.24 09:18:47.509,1.8449,1.84506,4.35,1.19
2015.02.24 09:18:47.600,1.84493,1.84507,1.00,2.55
2015.02.24 09:18:47.651,1.84488,1.84502,2.17,1.00
2015.02.24 09:18:47.955,1.84486,1.84499,2.25,1.00
2015.02.24 09:18:48.259,1.84486,1.84496,2.25,1.00
2015.02.24 09:18:48.310,1.84486,1.84499,2.25,1.00
2015.02.24 09:18:48.816,1.84486,1.845,2.25,1.00
2015.02.24 09:18:48.968,1.84488,1.84503,4.35,1.00
2015.02.24 09:18:49.069,1.84492,1.84503,2.25,1.00
2015.02.24 09:18:49.626,1.84492,1.84506,2.25,1.00
2015.02.24 09:18:50.803,1.84492,1.84506,3.00,1.00
2015.02.24 09:18:51.310,1.84495,1.84506,3.00,1.00
2015.02.24 09:18:51.817,1.84493,1.84506,3.00,1.00
2015.02.24 09:18:52.882,1.84493,1.84506,1.01,1.37
2015.02.24 09:18:53.034,1.84491,1.84506,2.44,1.37
2015.02.24 09:18:53.974,1.84494,1.84509,2.25,1.37
2015.02.24 09:18:55.222,1.84494,1.84511,2.25,1.37
2015.02.24 09:18:55.477,1.84496,1.84511,2.25,1.37
2015.02.24 09:18:55.882,1.84494,1.84511,5.10,1.37
2015.02.24 09:18:56.042,1.84497,1.84511,2.17,1.37
2015.02.24 09:18:56.501,1.84495,1.84511,1.36,1.37
2015.02.24 09:19:00.380,1.84496,1.84511,4.35,1.37
2015.02.24 09:19:01.298,1.84498,1.84511,2.25,1.37
2015.02.24 09:19:01.606,1.845,1.84511,2.25,1.37
2015.02.24 09:19:02.888,1.84499,1.84511,2.25,1.37
2015.02.24 09:19:03.298,1.84497,1.84511,2.25,1.37
2015.02.24 09:19:03.836,1.84496,1.84511,4.54,1.37
2015.02.24 09:19:06.019,1.84496,1.84511,4.35,1.00
2015.02.24 09:19:06.719,1.84499,1.84511,2.17,1.00
2015.02.24 09:19:07.024,1.84501,1.84511,2.25,1.00
2015.02.24 09:19:07.327,1.84507,1.84515,2.17,1.00
2015.02.24 09:19:07.479,1.84507,1.84519,2.25,1.00
2015.02.24 09:19:07.581,1.84505,1.84513,2.25,1.00
2015.02.24 09:19:07.683,1.84505,1.84517,2.25,1.25
2015.02.24 09:19:07.785,1.84502,1.84517,4.35,1.25
2015.02.24 09:19:07.987,1.845,1.84516,2.44,1.00
2015.02.24 09:19:08.493,1.84499,1.84516,2.25,1.19
2015.02.24 09:19:08.546,1.84499,1.84512,2.25,1.00
2015.02.24 09:19:09.428,1.84498,1.84512,2.62,1.00
2015.02.24 09:19:09.479,1.84496,1.84512,5.29,1.00
2015.02.24 09:19:11.608,1.84496,1.84512,4.54,1.37
2015.02.24 09:19:12.219,1.84499,1.84512,2.17,1.37
2015.02.24 09:19:12.380,1.84499,1.84512,2.25,1.00
2015.02.24 09:19:12.572,1.84499,1.84512,2.25,1.37
2015.02.24 09:19:13.098,1.84498,1.84512,2.25,1.37
2015.02.24 09:19:13.402,1.84501,1.84512,4.35,1.37
2015.02.24 09:19:13.909,1.845,1.84512,2.25,1.37
2015.02.24 09:19:14.213,1.84502,1.84512,2.25,1.37
2015.02.24 09:19:14.264,1.84502,1.84512,2.44,1.00
2015.02.24 09:19:14.771,1.84502,1.84517,2.44,1.37
2015.02.24 09:19:15.406,1.84505,1.84517,2.17,1.37
2015.02.24 09:19:15.457,1.84505,1.84517,4.35,1.12
2015.02.24 09:19:15.660,1.84508,1.84517,2.25,1.12
2015.02.24 09:19:16.081,1.84512,1.8452,2.17,1.00
2015.02.24 09:19:16.132,1.84513,1.84525,2.25,1.37
2015.02.24 09:19:16.234,1.84515,1.84525,2.25,1.37
2015.02.24 09:19:16.985,1.84512,1.84528,4.54,1.37
2015.02.24 09:19:20.374,1.84511,1.84528,3.00,1.56
2015.02.24 09:19:21.868,1.84509,1.84527,2.44,1.66
2015.02.24 09:19:23.393,1.84509,1.84527,2.44,1.39
2015.02.24 09:19:23.992,1.84509,1.84527,2.44,1.39
2015.02.24 09:19:24.349,1.84509,1.84527,2.44,1.39
2015.02.24 09:19:24.671,1.84509,1.84523,2.25,1.37
2015.02.24 09:19:24.823,1.84509,1.84523,2.44,1.37
2015.02.24 09:19:26.096,1.84507,1.84524,1.36,1.37
2015.02.24 09:19:28.005,1.84507,1.84524,1.36,1.37
2015.02.24 09:19:30.114,1.84507,1.84524,1.36,1.37
2015.02.24 09:19:30.635,1.8451,1.84524,2.44,1.37
2015.02.24 09:19:31.040,1.84512,1.84524,2.25,1.37
2015.02.24 09:19:31.608,1.84513,1.84524,2.25,1.37
2015.02.24 09:19:32.431,1.84511,1.84524,2.25,1.37
2015.02.24 09:19:33.490,1.84513,1.84524,2.17,1.37
2015.02.24 09:19:33.720,1.84513,1.84524,2.25,1.37
2015.02.24 09:19:35.354,1.84513,1.84524,2.44,1.00
2015.02.24 09:19:35.557,1.84511,1.84524,2.44,1.00
2015.02.24 09:19:37.677,1.84511,1.84524,2.44,1.37
2015.02.24 09:19:37.766,1.84511,1.84524,2.44,1.37
2015.02.24 09:19:38.948,1.84509,1.84524,2.44,1.37
2015.02.24 09:19:42.038,1.84511,1.84524,2.25,1.37
2015.02.24 09:19:42.733,1.84511,1.84524,2.44,1.37
2015.02.24 09:19:43.342,1.84509,1.84524,2.44,1.37
2015.02.24 09:19:43.849,1.84509,1.84524,2.44,1.37
2015.02.24 09:19:44.992,1.84509,1.84524,2.36,1.37
2015.02.24 09:19:45.043,1.84508,1.84524,2.36,4.42
2015.02.24 09:19:45.144,1.84501,1.8452,5.66,1.20
2015.02.24 09:19:45.195,1.84505,1.84521,1.00,1.45
2015.02.24 09:19:45.499,1.84506,1.84522,4.54,1.37
2015.02.24 09:19:46.269,1.84509,1.84524,2.36,1.56
2015.02.24 09:19:46.573,1.84511,1.84521,2.25,1.00
2015.02.24 09:19:48.321,1.84509,1.84521,2.44,1.00
2015.02.24 09:19:50.093,1.8451,1.84521,2.25,1.00
2015.02.24 09:19:50.245,1.8451,1.84525,4.35,1.00
2015.02.24 09:19:50.346,1.84513,1.84525,2.25,1.00
2015.02.24 09:19:50.853,1.84514,1.84525,4.35,1.00
2015.02.24 09:19:51.367,1.84514,1.84526,2.17,1.00
2015.02.24 09:19:51.523,1.84509,1.84526,5.29,1.00
2015.02.24 09:19:51.776,1.84509,1.84522,2.25,1.00
2015.02.24 09:19:51.985,1.84509,1.84525,2.25,1.00
2015.02.24 09:19:53.015,1.8451,1.84522,1.07,1.00
2015.02.24 09:19:53.817,1.8451,1.84522,3.00,1.00
2015.02.24 09:19:53.970,1.84508,1.84523,2.44,1.00
2015.02.24 09:19:54.123,1.84511,1.84525,1.07,1.00
2015.02.24 09:19:54.326,1.84533,1.84553,3.19,1.09
2015.02.24 09:19:54.377,1.84533,1.84552,3.19,1.01
2015.02.24 09:19:54.529,1.84542,1.8456,2.25,1.47
2015.02.24 09:19:54.637,1.84544,1.84566,1.17,2.81
2015.02.24 09:19:54.890,1.84544,1.84566,3.19,2.81
2015.02.24 09:19:55.194,1.84548,1.84568,4.35,2.74
2015.02.24 09:19:55.498,1.8455,1.84563,2.25,1.00
2015.02.24 09:19:55.599,1.84553,1.8457,2.17,2.55
2015.02.24 09:19:55.650,1.84554,1.84565,2.25,1.00
2015.02.24 09:19:55.752,1.84554,1.84567,2.25,1.12
2015.02.24 09:19:56.055,1.84552,1.84567,3.19,1.00
2015.02.24 09:19:56.258,1.84552,1.84569,1.25,5.47
2015.02.24 09:19:56.410,1.84553,1.84571,2.25,2.55
2015.02.24 09:19:57.109,1.84555,1.8457,2.25,1.37
2015.02.24 09:19:58.580,1.84555,1.84575,2.25,3.56
2015.02.24 09:19:58.784,1.84555,1.84571,2.81,1.00
2015.02.24 09:19:58.988,1.84558,1.84578,2.25,1.01
2015.02.24 09:19:59.140,1.84558,1.84577,4.35,1.56
2015.02.24 09:19:59.343,1.84559,1.84579,1.46,1.34
2015.02.24 09:19:59.444,1.84561,1.84579,2.25,1.29
2015.02.24 09:19:59.957,1.8456,1.84579,1.01,1.17
2015.02.24 09:20:00.262,1.84567,1.84584,1.64,1.55
2015.02.24 09:20:00.566,1.84567,1.84584,3.11,1.10
2015.02.24 09:20:01.023,1.84565,1.84586,4.54,1.34
2015.02.24 09:20:01.327,1.84568,1.84586,1.39,3.00
2015.02.24 09:20:01.432,1.84572,1.84591,1.19,1.00
2015.02.24 09:20:01.483,1.84572,1.84597,1.76,1.76
2015.02.24 09:20:01.534,1.84579,1.84597,1.00,1.00
2015.02.24 09:20:01.585,1.84579,1.84603,2.92,1.57
2015.02.24 09:20:01.636,1.84582,1.84603,1.19,1.00
2015.02.24 09:20:01.687,1.84583,1.84609,1.26,1.00
2015.02.24 09:20:01.737,1.84583,1.84609,1.84,1.00
2015.02.24 09:20:02.042,1.8459,1.84611,1.19,1.00
2015.02.24 09:20:02.355,1.84603,1.84616,1.12,1.27
2015.02.24 09:20:02.457,1.84612,1.84632,1.10,1.00
2015.02.24 09:20:02.508,1.84623,1.84632,1.00,1.00
2015.02.24 09:20:02.559,1.84623,1.84645,1.00,2.51
2015.02.24 09:20:02.661,1.84619,1.84641,1.00,2.44
2015.02.24 09:20:02.772,1.84626,1.84645,1.00,2.62
2015.02.24 09:20:02.942,1.84627,1.84649,1.19,1.25
2015.02.24 09:20:03.044,1.84627,1.84653,1.36,1.62
2015.02.24 09:20:03.453,1.84628,1.84654,1.15,1.01
2015.02.24 09:20:03.707,1.84637,1.84657,2.17,1.56
2015.02.24 09:20:03.860,1.84633,1.8466,1.37,3.26
2015.02.24 09:20:03.962,1.84633,1.8466,3.56,1.19
2015.02.24 09:20:04.014,1.84638,1.8466,2.17,1.19
2015.02.24 09:20:04.065,1.84638,1.84662,2.25,1.20
2015.02.24 09:20:04.167,1.84635,1.8466,1.17,1.37
2015.02.24 09:20:04.473,1.84632,1.84657,2.44,1.56
2015.02.24 09:20:04.643,1.84629,1.84656,3.64,2.06
2015.02.24 09:20:04.745,1.84629,1.84653,2.51,1.31
2015.02.24 09:20:05.322,1.84628,1.84651,2.89,1.31
2015.02.24 09:20:05.627,1.84619,1.84637,4.05,1.00
2015.02.24 09:20:05.678,1.84619,1.84637,1.00,1.31
2015.02.24 09:20:05.830,1.84617,1.84637,1.00,1.25
2015.02.24 09:20:06.085,1.84615,1.84634,1.00,3.11
2015.02.24 09:20:06.189,1.84606,1.84632,1.87,1.29
2015.02.24 09:20:06.241,1.84606,1.84633,1.20,1.36
2015.02.24 09:20:06.761,1.84608,1.8463,1.20,1.19
2015.02.24 09:20:07.166,1.84609,1.84634,1.00,1.31
2015.02.24 09:20:07.217,1.84609,1.84634,1.37,1.31
2015.02.24 09:20:07.623,1.84608,1.84632,1.10,1.19
2015.02.24 09:20:07.982,1.84609,1.84634,1.20,1.20
2015.02.24 09:20:08.085,1.8461,1.84632,4.35,1.19
2015.02.24 09:20:08.288,1.8461,1.84632,1.00,1.19
2015.02.24 09:20:08.390,1.84608,1.84629,4.35,1.40
2015.02.24 09:20:08.712,1.84606,1.84626,2.25,2.25
2015.02.24 09:20:09.016,1.84606,1.84622,2.25,1.00
2015.02.24 09:20:09.118,1.84604,1.84622,2.62,1.10
2015.02.24 09:20:09.219,1.84603,1.84623,1.46,1.17
2015.02.24 09:20:09.422,1.84601,1.84623,3.19,1.65
2015.02.24 09:20:09.726,1.84598,1.84619,3.56,2.25
2015.02.24 09:20:10.030,1.84602,1.84614,2.25,1.00
2015.02.24 09:20:10.131,1.84597,1.84615,4.72,1.00
2015.02.24 09:20:10.435,1.84599,1.84615,2.25,1.00
2015.02.24 09:20:10.689,1.84599,1.84619,2.36,5.10
2015.02.24 09:20:10.740,1.84597,1.84617,3.56,2.25
2015.02.24 09:20:10.994,1.84624,1.8464,4.35,1.00
2015.02.24 09:20:11.045,1.84624,1.84647,4.35,5.47
2015.02.24 09:20:11.163,1.84624,1.84642,2.25,1.10
2015.02.24 09:20:11.214,1.84621,1.8464,2.25,1.00
2015.02.24 09:20:11.316,1.84618,1.84637,4.35,1.00
2015.02.24 09:20:11.520,1.8462,1.84641,2.25,1.50
2015.02.24 09:20:11.621,1.84623,1.84641,2.25,1.76
2015.02.24 09:20:11.926,1.84621,1.84641,2.25,3.19
2015.02.24 09:20:12.078,1.84614,1.84635,3.00,2.25
2015.02.24 09:20:12.281,1.84614,1.84634,1.29,2.25
2015.02.24 09:20:12.332,1.84621,1.84639,2.25,1.10
2015.02.24 09:20:12.788,1.84622,1.84636,4.35,1.00
2015.02.24 09:20:12.890,1.84621,1.8464,2.25,1.64
2015.02.24 09:20:13.347,1.84617,1.84637,2.25,2.25
2015.02.24 09:20:14.506,1.84615,1.84637,1.91,2.25
2015.02.24 09:20:14.608,1.84615,1.84637,1.91,2.25
2015.02.24 09:20:15.115,1.84616,1.84632,1.60,2.25
2015.02.24 09:20:15.166,1.84614,1.84632,2.44,2.25
2015.02.24 09:20:15.318,1.84614,1.84634,1.67,4.54
2015.02.24 09:20:15.622,1.84612,1.8463,1.32,4.35
2015.02.24 09:20:15.926,1.84637,1.84651,2.25,1.00
2015.02.24 09:20:16.028,1.84642,1.84661,4.35,1.62
2015.02.24 09:20:16.177,1.84642,1.84663,4.54,1.27
2015.02.24 09:20:16.433,1.84639,1.84659,2.44,2.25
2015.02.24 09:20:17.110,1.8464,1.8466,2.81,2.25
2015.02.24 09:20:17.415,1.84643,1.84661,2.25,1.01
2015.02.24 09:20:17.719,1.84646,1.84666,3.30,2.44
2015.02.24 09:20:17.922,1.84657,1.84675,2.25,2.21
2015.02.24 09:20:17.973,1.84657,1.84672,2.25,1.00
2015.02.24 09:20:18.176,1.84655,1.84675,2.25,3.56
2015.02.24 09:20:18.277,1.84652,1.84672,4.54,1.20
2015.02.24 09:20:18.429,1.8465,1.84662,2.62,2.17
2015.02.24 09:20:18.633,1.84641,1.84656,2.32,2.17
2015.02.24 09:20:18.736,1.84636,1.84656,3.19,2.25
2015.02.24 09:20:18.837,1.84637,1.84658,2.89,2.25
2015.02.24 09:20:18.888,1.84637,1.84654,2.89,1.00
2015.02.24 09:20:19.093,1.84626,1.84647,4.35,1.34
2015.02.24 09:20:19.195,1.84626,1.84647,4.35,1.34
2015.02.24 09:20:19.246,1.84622,1.84643,3.19,2.44
2015.02.24 09:20:19.347,1.84621,1.84641,3.37,2.44
2015.02.24 09:20:19.602,1.84629,1.84649,2.25,3.00
2015.02.24 09:20:19.653,1.8463,1.84649,4.35,1.00
2015.02.24 09:20:19.856,1.84631,1.84654,2.89,2.44
2015.02.24 09:20:20.160,1.84631,1.84651,2.89,2.25
2015.02.24 09:20:20.737,1.84632,1.8465,1.74,2.17
2015.02.24 09:20:21.043,1.8463,1.8465,2.89,2.25
2015.02.24 09:20:21.094,1.8463,1.8465,2.89,2.25
2015.02.24 09:20:21.247,1.84629,1.84647,1.66,2.62
2015.02.24 09:20:21.500,1.84626,1.84645,1.31,2.62
2015.02.24 09:20:21.551,1.84626,1.84643,1.31,2.17
2015.02.24 09:20:22.362,1.84626,1.84641,1.31,2.25
2015.02.24 09:20:22.514,1.84626,1.84641,1.19,4.35
2015.02.24 09:20:22.882,1.84623,1.8464,1.31,4.35
2015.02.24 09:20:22.933,1.84623,1.84638,1.25,2.25
2015.02.24 09:20:23.187,1.84617,1.84634,1.10,2.25
2015.02.24 09:20:23.238,1.84613,1.84629,2.51,2.17
2015.02.24 09:20:23.491,1.84611,1.84628,1.00,2.25
2015.02.24 09:20:23.543,1.84606,1.84626,1.09,2.55
2015.02.24 09:20:23.849,1.84612,1.8463,2.17,1.47
2015.02.24 09:20:23.952,1.84614,1.8463,2.17,1.00
2015.02.24 09:20:24.003,1.84614,1.84633,2.25,1.29
2015.02.24 09:20:24.156,1.84612,1.84631,2.25,2.17
2015.02.24 09:20:24.207,1.8461,1.84631,2.32,2.25
2015.02.24 09:20:24.308,1.84607,1.8463,3.56,3.94
2015.02.24 09:20:24.360,1.84607,1.84625,1.71,2.55
2015.02.24 09:20:24.411,1.84605,1.84625,3.00,2.62
2015.02.24 09:20:24.513,1.84606,1.84626,4.54,1.27
2015.02.24 09:20:24.564,1.84617,1.84628,2.17,2.55
2015.02.24 09:20:24.615,1.84617,1.84632,2.25,1.20
2015.02.24 09:20:24.717,1.84617,1.84635,2.17,1.12
2015.02.24 09:20:24.768,1.84614,1.84637,2.25,4.12
2015.02.24 09:20:24.819,1.84616,1.84637,2.44,3.37
2015.02.24 09:20:25.123,1.8462,1.84639,2.25,2.14
2015.02.24 09:20:25.352,1.84617,1.84637,2.44,2.62
2015.02.24 09:20:25.454,1.84615,1.84635,2.44,2.25
2015.02.24 09:20:25.978,1.84612,1.84634,3.56,2.62
2015.02.24 09:20:26.384,1.84611,1.84631,2.81,2.25
2015.02.24 09:20:26.688,1.84612,1.84631,1.64,2.25
2015.02.24 09:20:26.802,1.84614,1.84636,5.66,5.66
2015.02.24 09:20:27.561,1.84613,1.84635,5.29,4.72
2015.02.24 09:20:27.764,1.84611,1.84631,1.74,2.25
2015.02.24 09:20:27.815,1.84611,1.84631,1.74,2.25
2015.02.24 09:20:28.524,1.8461,1.84629,2.74,2.25
2015.02.24 09:20:29.031,1.84607,1.84627,2.81,2.25
2015.02.24 09:20:29.234,1.84606,1.84626,3.49,4.35
2015.02.24 09:20:29.285,1.84604,1.84624,3.56,2.25
2015.02.24 09:20:29.841,1.84604,1.84624,3.56,2.25
2015.02.24 09:20:29.943,1.84604,1.84621,3.49,2.17
2015.02.24 09:20:30.217,1.84604,1.8462,1.56,2.25
2015.02.24 09:20:30.369,1.84604,1.84618,1.19,2.25
2015.02.24 09:20:30.420,1.84604,1.84618,1.00,2.25
2015.02.24 09:20:30.471,1.84599,1.84616,1.69,4.35
2015.02.24 09:20:30.789,1.84601,1.8462,1.26,2.62
2015.02.24 09:20:30.841,1.846,1.8462,3.19,2.62
2015.02.24 09:20:31.096,1.84599,1.84621,4.54,4.72
2015.02.24 09:20:31.402,1.84607,1.84626,2.44,1.90
2015.02.24 09:20:31.505,1.84606,1.84628,2.44,2.62
2015.02.24 09:20:31.912,1.84611,1.84631,2.44,2.70
2015.02.24 09:20:32.218,1.84617,1.84635,2.44,1.37
2015.02.24 09:20:32.420,1.84617,1.84639,2.44,3.00
2015.02.24 09:20:32.946,1.84614,1.84636,4.54,4.72
2015.02.24 09:20:33.356,1.84613,1.84634,2.59,2.25
2015.02.24 09:20:33.862,1.84613,1.84633,1.69,4.35
2015.02.24 09:20:33.913,1.84613,1.84633,1.56,4.35
2015.02.24 09:20:34.268,1.84613,1.8463,1.56,2.25
2015.02.24 09:20:34.839,1.84619,1.84634,1.94,2.25
2015.02.24 09:20:34.890,1.84619,1.84637,1.94,4.35
2015.02.24 09:20:34.992,1.8462,1.84641,3.56,2.25
2015.02.24 09:20:35.044,1.8462,1.84641,3.19,2.44
2015.02.24 09:20:35.096,1.84616,1.84638,5.66,4.35
2015.02.24 09:20:35.400,1.84626,1.84646,2.44,2.25
2015.02.24 09:20:35.502,1.84632,1.84649,2.44,1.25
2015.02.24 09:20:35.554,1.84632,1.84654,2.44,3.00
2015.02.24 09:20:35.606,1.84629,1.8465,3.19,2.25
2015.02.24 09:20:35.911,1.84629,1.8465,2.44,2.25
2015.02.24 09:20:36.214,1.84634,1.84652,2.81,1.10
2015.02.24 09:20:36.417,1.84641,1.84659,2.81,1.20
2015.02.24 09:20:36.468,1.84639,1.84659,4.91,1.00
2015.02.24 09:20:36.671,1.84643,1.84663,2.89,3.37
2015.02.24 09:20:36.773,1.84643,1.84663,2.96,2.62
2015.02.24 09:20:37.077,1.84643,1.8466,1.39,2.25
2015.02.24 09:20:37.381,1.84652,1.8467,1.36,1.00
2015.02.24 09:20:37.432,1.84652,1.84671,1.36,1.00
2015.02.24 09:20:37.588,1.84669,1.8469,1.76,1.37
2015.02.24 09:20:37.640,1.84673,1.8469,1.19,1.00
2015.02.24 09:20:37.691,1.84673,1.84694,3.19,2.25
2015.02.24 09:20:37.742,1.84675,1.84694,1.01,2.25
2015.02.24 09:20:37.794,1.84678,1.84699,1.46,4.35
2015.02.24 09:20:37.946,1.84682,1.84699,1.01,2.25
2015.02.24 09:20:37.997,1.84682,1.84702,1.39,2.17
2015.02.24 09:20:38.251,1.84681,1.84703,1.29,2.62
2015.02.24 09:20:38.554,1.84677,1.84693,1.12,1.56
2015.02.24 09:20:38.656,1.84666,1.84685,1.12,2.62
2015.02.24 09:20:38.707,1.84664,1.84678,1.75,2.25
2015.02.24 09:20:38.758,1.84662,1.84678,1.07,2.25
2015.02.24 09:20:38.911,1.8466,1.84679,1.12,2.81
2015.02.24 09:20:39.059,1.84652,1.84669,2.04,2.25
2015.02.24 09:20:39.110,1.84652,1.84668,1.29,2.25
2015.02.24 09:20:39.414,1.84647,1.84664,1.64,2.25
2015.02.24 09:20:39.668,1.84646,1.84664,1.00,2.25
2015.02.24 09:20:39.769,1.84643,1.84657,2.25,2.17
2015.02.24 09:20:39.821,1.84641,1.84656,1.31,2.25
2015.02.24 09:20:39.978,1.84643,1.84663,1.19,2.25
2015.02.24 09:20:40.080,1.84641,1.84662,1.29,2.25
2015.02.24 09:20:40.182,1.84642,1.84664,2.25,2.44
2015.02.24 09:20:40.385,1.84643,1.84666,1.36,2.25
2015.02.24 09:20:40.487,1.84642,1.84663,2.62,2.25
2015.02.24 09:20:40.792,1.84639,1.84656,1.29,2.62
2015.02.24 09:20:40.994,1.84638,1.84659,1.46,3.37
2015.02.24 09:20:41.096,1.84638,1.84659,5.29,1.15
2015.02.24 09:20:41.400,1.84644,1.84659,1.19,1.00
2015.02.24 09:20:41.857,1.84645,1.84662,1.19,2.62
2015.02.24 09:20:42.110,1.84643,1.84662,1.29,2.62
2015.02.24 09:20:42.415,1.84636,1.84658,3.82,2.62
2015.02.24 09:20:42.517,1.84637,1.84656,1.56,2.62
2015.02.24 09:20:42.568,1.84638,1.84656,1.31,2.62
2015.02.24 09:20:42.882,1.84637,1.84655,1.64,2.55
2015.02.24 09:20:43.187,1.84637,1.84658,3.56,1.55
2015.02.24 09:20:43.693,1.84645,1.84657,4.72,1.00
2015.02.24 09:20:43.798,1.84649,1.84662,2.62,1.00
2015.02.24 09:20:43.849,1.84649,1.84664,2.81,2.25
2015.02.24 09:20:44.002,1.84646,1.8466,2.44,1.37
2015.02.24 09:20:44.406,1.84648,1.84664,2.44,1.50
2015.02.24 09:20:44.611,1.84645,1.84663,4.54,1.37
2015.02.24 09:20:44.814,1.84645,1.84664,4.35,1.37
2015.02.24 09:20:44.916,1.84641,1.84663,4.91,5.47
2015.02.24 09:20:45.018,1.8464,1.84661,1.62,4.72
2015.02.24 09:20:45.069,1.8464,1.84661,1.81,4.72
2015.02.24 09:20:45.374,1.84639,1.84662,4.35,5.66
2015.02.24 09:20:45.425,1.84637,1.84655,1.10,2.62
2015.02.24 09:20:45.578,1.84632,1.84651,1.84,2.62
2015.02.24 09:20:45.836,1.84632,1.84655,5.29,4.72
2015.02.24 09:20:46.348,1.84632,1.84652,3.19,2.62
2015.02.24 09:20:46.665,1.84632,1.84652,2.44,2.62
2015.02.24 09:20:46.868,1.84631,1.84648,1.19,2.62
2015.02.24 09:20:47.020,1.84627,1.84644,1.19,2.62
2015.02.24 09:20:47.122,1.84626,1.84647,2.81,2.62
2015.02.24 09:20:47.173,1.84626,1.84647,2.89,2.62
2015.02.24 09:20:47.275,1.84626,1.84647,2.89,2.62
2015.02.24 09:20:48.238,1.84628,1.84648,2.44,2.62
2015.02.24 09:20:48.656,1.84633,1.8465,2.17,1.47
2015.02.24 09:20:49.140,1.8463,1.8465,2.25,2.62
2015.02.24 09:20:49.545,1.84626,1.84646,2.44,2.62
2015.02.24 09:20:50.000,1.84625,1.84644,1.17,2.55
2015.02.24 09:20:50.102,1.84624,1.84644,1.32,2.62
2015.02.24 09:20:50.608,1.84623,1.84643,2.44,3.37
2015.02.24 09:20:51.122,1.84621,1.84642,3.56,2.62
2015.02.24 09:20:51.426,1.84623,1.84642,1.20,2.81
2015.02.24 09:20:51.730,1.84616,1.84633,1.19,4.35
2015.02.24 09:20:51.832,1.84618,1.84637,1.19,5.47
2015.02.24 09:20:52.035,1.84623,1.84639,1.00,2.62
2015.02.24 09:20:52.086,1.84623,1.8464,1.10,2.62
2015.02.24 09:20:52.188,1.84623,1.84643,2.92,3.37
2015.02.24 09:20:53.060,1.84622,1.84641,2.17,3.30
2015.02.24 09:20:53.566,1.8462,1.84637,2.36,2.17
2015.02.24 09:20:53.871,1.84608,1.84628,2.25,2.81
2015.02.24 09:20:54.092,1.84611,1.84631,2.25,3.56
2015.02.24 09:20:54.448,1.84613,1.8463,2.25,1.12
2015.02.24 09:20:54.752,1.84612,1.84627,1.17,1.00
2015.02.24 09:20:54.803,1.84612,1.84632,1.17,1.66
2015.02.24 09:20:54.855,1.84617,1.84632,2.17,2.06
2015.02.24 09:20:55.159,1.8462,1.84632,2.25,1.12
2015.02.24 09:20:55.463,1.84627,1.84634,2.25,1.12
2015.02.24 09:20:55.767,1.84631,1.84646,2.17,1.00
2015.02.24 09:20:55.819,1.84631,1.84646,2.17,1.37
2015.02.24 09:20:55.971,1.84629,1.84637,2.25,1.12
2015.02.24 09:20:56.022,1.84627,1.84638,2.25,1.37
2015.02.24 09:20:56.073,1.84627,1.84638,2.25,1.37
2015.02.24 09:20:56.579,1.84626,1.84643,2.25,1.37
2015.02.24 09:20:56.984,1.84629,1.8464,2.17,1.37
2015.02.24 09:20:57.035,1.84629,1.8464,4.54,1.12
2015.02.24 09:20:57.137,1.84632,1.8464,2.17,1.00
2015.02.24 09:20:57.238,1.84633,1.84643,2.17,1.00
2015.02.24 09:20:57.289,1.84631,1.84643,2.25,1.00
2015.02.24 09:20:57.340,1.84631,1.84647,2.25,1.00
2015.02.24 09:20:57.441,1.84631,1.84644,2.25,1.00
2015.02.24 09:20:57.847,1.84633,1.84643,2.25,1.00
2015.02.24 09:20:58.052,1.84631,1.84643,4.35,1.00
2015.02.24 09:20:58.306,1.84632,1.84646,2.25,1.00
2015.02.24 09:20:58.408,1.8463,1.84646,2.44,1.00
2015.02.24 09:20:58.564,1.8463,1.84643,2.44,1.00
2015.02.24 09:20:58.717,1.84627,1.84643,5.29,1.00
2015.02.24 09:20:59.190,1.84633,1.84643,2.17,1.00
2015.02.24 09:20:59.291,1.84639,1.84655,1.00,4.91
2015.02.24 09:20:59.393,1.84639,1.84648,1.00,1.00
2015.02.24 09:20:59.597,1.84634,1.84651,3.56,1.00
2015.02.24 09:20:59.649,1.84636,1.84655,1.29,1.01
2015.02.24 09:20:59.852,1.84636,1.84652,1.29,1.00
2015.02.24 09:21:00.157,1.84636,1.84653,1.39,1.00
2015.02.24 09:21:00.259,1.84636,1.84653,1.39,1.00
2015.02.24 09:21:00.512,1.84637,1.84657,2.44,3.56
2015.02.24 09:21:00.615,1.84636,1.84652,2.44,1.00
2015.02.24 09:21:00.717,1.84635,1.84655,2.44,1.70
2015.02.24 09:21:00.819,1.84634,1.84653,1.26,2.36
2015.02.24 09:21:01.129,1.84624,1.84644,5.66,1.39
2015.02.24 09:21:01.535,1.84626,1.84642,1.29,2.17
2015.02.24 09:21:02.346,1.84628,1.84642,1.00,3.00
2015.02.24 09:21:02.447,1.84628,1.84639,1.00,2.25
2015.02.24 09:21:02.751,1.84622,1.84637,1.19,1.01
2015.02.24 09:21:03.258,1.84622,1.84638,1.19,2.25
2015.02.24 09:21:03.762,1.84617,1.84635,1.01,1.10
2015.02.24 09:21:03.813,1.84625,1.84637,1.00,2.25
2015.02.24 09:21:03.965,1.84625,1.84637,1.19,1.10
2015.02.24 09:21:04.017,1.84625,1.84632,1.19,1.00
2015.02.24 09:21:04.221,1.84622,1.84638,1.19,2.25
2015.02.24 09:21:04.273,1.8462,1.84637,1.10,1.17
2015.02.24 09:21:04.326,1.8462,1.84631,1.10,2.17
2015.02.24 09:21:04.479,1.8461,1.84627,1.84,1.00
2015.02.24 09:21:04.530,1.8461,1.84624,1.76,2.17
2015.02.24 09:21:04.682,1.8461,1.84624,1.00,2.25
2015.02.24 09:21:04.734,1.8461,1.84625,1.19,4.35
2015.02.24 09:21:04.887,1.8461,1.84626,1.29,1.10
2015.02.24 09:21:04.989,1.84609,1.84624,1.19,4.35
2015.02.24 09:21:05.091,1.84609,1.84626,1.19,3.75
2015.02.24 09:21:05.244,1.84607,1.84624,1.19,2.17
2015.02.24 09:21:05.448,1.84603,1.84622,1.34,1.20
2015.02.24 09:21:05.550,1.84603,1.84622,1.29,3.00
2015.02.24 09:21:05.703,1.84607,1.84626,1.29,3.00
2015.02.24 09:21:05.753,1.84609,1.84617,2.44,1.00
2015.02.24 09:21:06.108,1.84616,1.84628,1.00,3.00
2015.02.24 09:21:06.463,1.84606,1.84617,3.19,1.00
2015.02.24 09:21:06.566,1.84604,1.84617,1.39,1.00
2015.02.24 09:21:06.667,1.84604,1.84617,1.19,2.25
2015.02.24 09:21:07.073,1.84599,1.84616,1.29,1.00
2015.02.24 09:21:07.331,1.84597,1.84612,2.44,1.00
2015.02.24 09:21:07.382,1.84596,1.84612,2.25,1.00
2015.02.24 09:21:07.433,1.84596,1.84609,2.25,1.00
2015.02.24 09:21:07.484,1.84592,1.84609,3.56,1.00
2015.02.24 09:21:07.585,1.84594,1.84608,1.00,2.62
2015.02.24 09:21:07.687,1.84586,1.84601,2.44,1.00
2015.02.24 09:21:07.789,1.8458,1.846,2.44,2.25
2015.02.24 09:21:07.839,1.8458,1.846,2.44,2.62
2015.02.24 09:21:07.891,1.84578,1.84592,1.10,2.55
2015.02.24 09:21:08.054,1.84571,1.8459,2.62,2.55
2015.02.24 09:21:08.108,1.84572,1.84583,1.00,2.17
2015.02.24 09:21:08.261,1.84576,1.84593,1.00,2.62
2015.02.24 09:21:08.362,1.84575,1.84594,2.25,1.47
2015.02.24 09:21:08.413,1.84573,1.8459,5.29,1.37
2015.02.24 09:21:08.465,1.84577,1.8459,1.00,1.00
2015.02.24 09:21:08.516,1.84577,1.84588,1.00,2.17
2015.02.24 09:21:08.567,1.84569,1.84588,1.36,3.00
2015.02.24 09:21:08.668,1.84572,1.84588,1.00,3.00
2015.02.24 09:21:09.085,1.84565,1.84583,3.56,1.00
2015.02.24 09:21:09.607,1.84562,1.84584,2.96,3.37
2015.02.24 09:21:09.862,1.84564,1.84584,2.81,1.55
2015.02.24 09:21:10.166,1.84562,1.84577,1.20,1.00
2015.02.24 09:21:10.471,1.84546,1.84568,5.66,5.85
2015.02.24 09:21:10.573,1.84547,1.84567,4.54,1.37
2015.02.24 09:21:10.927,1.84548,1.84568,4.54,1.57
2015.02.24 09:21:11.130,1.84548,1.84569,4.54,1.52
2015.02.24 09:21:11.333,1.84551,1.84569,2.36,1.45
2015.02.24 09:21:11.687,1.84551,1.84569,4.54,1.87
2015.02.24 09:21:12.144,1.84548,1.84563,2.44,1.12
2015.02.24 09:21:12.499,1.84544,1.84563,2.44,1.87
2015.02.24 09:21:12.550,1.84543,1.84561,2.36,2.55
2015.02.24 09:21:12.675,1.84542,1.84559,2.44,1.12
2015.02.24 09:21:12.776,1.84538,1.84558,4.54,1.20
2015.02.24 09:21:13.334,1.84538,1.84558,2.44,1.17
2015.02.24 09:21:13.894,1.84536,1.84559,3.26,4.12
2015.02.24 09:21:13.996,1.84536,1.84559,3.19,4.31
2015.02.24 09:21:14.047,1.84536,1.84553,1.01,2.17
2015.02.24 09:21:14.199,1.84535,1.84556,4.91,2.02
2015.02.24 09:21:14.250,1.84535,1.84552,2.36,2.17
2015.02.24 09:21:14.402,1.84535,1.84555,4.72,1.87
2015.02.24 09:21:14.554,1.84535,1.84554,4.72,1.00
2015.02.24 09:21:14.605,1.84535,1.84555,2.44,1.12
2015.02.24 09:21:15.011,1.84529,1.84554,1.01,1.19
2015.02.24 09:21:15.113,1.84528,1.84554,1.31,1.12
2015.02.24 09:21:15.214,1.84529,1.84555,1.66,1.87
2015.02.24 09:21:15.316,1.84528,1.84553,1.69,1.62
2015.02.24 09:21:15.432,1.84528,1.84552,1.76,1.37
2015.02.24 09:21:15.483,1.84528,1.84554,1.76,1.37
2015.02.24 09:21:15.585,1.84534,1.84555,2.44,1.00
2015.02.24 09:21:15.687,1.84534,1.84561,3.19,1.12
2015.02.24 09:21:15.839,1.84534,1.8456,2.44,1.37
2015.02.24 09:21:15.890,1.84534,1.8456,2.36,1.37
2015.02.24 09:21:16.448,1.84531,1.84555,1.84,1.00
2015.02.24 09:21:16.499,1.8453,1.84554,1.84,1.37
2015.02.24 09:21:16.803,1.84517,1.84541,1.74,1.37
2015.02.24 09:21:16.854,1.84518,1.84541,1.56,1.87
2015.02.24 09:21:16.906,1.84519,1.84541,1.01,1.37
2015.02.24 09:21:16.957,1.84519,1.84543,1.09,1.00
2015.02.24 09:21:17.007,1.84528,1.84545,1.19,1.00
2015.02.24 09:21:17.159,1.84526,1.84549,2.44,1.00
2015.02.24 09:21:17.666,1.84527,1.84551,1.46,1.37
2015.02.24 09:21:17.818,1.84527,1.84551,1.46,1.37
2015.02.24 09:21:17.970,1.84526,1.84548,2.89,1.00
2015.02.24 09:21:18.422,1.84526,1.8455,1.01,1.87
2015.02.24 09:21:18.473,1.84526,1.8455,1.01,1.87
2015.02.24 09:21:18.727,1.84529,1.8455,1.01,1.00
2015.02.24 09:21:19.133,1.84529,1.84552,1.09,1.12
2015.02.24 09:21:19.723,1.84532,1.84552,1.94,1.12
2015.02.24 09:21:20.027,1.84538,1.84557,1.25,1.37
2015.02.24 09:21:20.534,1.84532,1.84556,1.29,1.87
2015.02.24 09:21:20.585,1.84534,1.84556,2.36,1.87
2015.02.24 09:21:20.636,1.84543,1.84556,1.19,1.37
2015.02.24 09:21:20.789,1.84538,1.8456,1.29,1.37
2015.02.24 09:21:21.326,1.84543,1.84563,1.00,1.37
2015.02.24 09:21:21.377,1.84547,1.84563,1.00,1.37
2015.02.24 09:21:22.104,1.84547,1.84563,1.00,1.37
2015.02.24 09:21:22.358,1.84537,1.84558,1.26,1.37
2015.02.24 09:21:22.865,1.84543,1.84558,1.00,1.37
2015.02.24 09:21:24.192,1.84543,1.84557,1.00,1.37
2015.02.24 09:21:24.761,1.84542,1.8456,1.00,1.37
2015.02.24 09:21:25.419,1.84542,1.84556,1.00,1.50
2015.02.24 09:21:25.479,1.84538,1.84555,1.00,1.37
2015.02.24 09:21:25.530,1.84538,1.84555,1.00,1.37
2015.02.24 09:21:25.632,1.84538,1.84554,1.00,1.37
2015.02.24 09:21:26.139,1.84535,1.84553,4.35,1.37
2015.02.24 09:21:26.646,1.84535,1.84553,4.54,1.37
2015.02.24 09:21:27.052,1.84535,1.84551,4.54,1.37
2015.02.24 09:21:27.357,1.84538,1.84551,2.25,1.00
2015.02.24 09:21:27.819,1.84541,1.84555,2.25,1.00
2015.02.24 09:21:27.869,1.84543,1.84555,2.25,1.00
2015.02.24 09:21:28.088,1.84539,1.84552,2.25,1.00
2015.02.24 09:21:28.140,1.84539,1.84548,2.17,1.00
2015.02.24 09:21:28.191,1.84537,1.84548,2.25,1.00
2015.02.24 09:21:28.446,1.84537,1.84544,2.17,1.10
2015.02.24 09:21:28.497,1.84527,1.84544,1.10,1.17
2015.02.24 09:21:28.702,1.84526,1.84547,2.44,3.37
2015.02.24 09:21:29.022,1.84536,1.84547,2.25,1.00
2015.02.24 09:21:29.327,1.84534,1.84548,2.25,1.00
2015.02.24 09:21:29.684,1.84532,1.84545,2.25,1.37
2015.02.24 09:21:30.596,1.84532,1.84546,2.25,1.37
2015.02.24 09:21:31.203,1.84528,1.84546,5.47,1.37
2015.02.24 09:21:31.254,1.84528,1.84546,4.72,1.37
2015.02.24 09:21:31.810,1.84528,1.84544,4.72,1.37
2015.02.24 09:21:31.913,1.84528,1.84544,2.25,1.37
2015.02.24 09:21:32.015,1.84526,1.84543,2.62,1.37
2015.02.24 09:21:32.218,1.84528,1.84544,3.00,1.37
2015.02.24 09:21:32.420,1.84528,1.84544,1.00,1.55
2015.02.24 09:21:32.623,1.84524,1.84544,2.44,1.55
2015.02.24 09:21:32.876,1.84527,1.84541,1.07,1.00
2015.02.24 09:21:33.202,1.84527,1.84543,2.25,1.87
2015.02.24 09:21:33.571,1.84527,1.84543,2.25,1.37
2015.02.24 09:21:34.043,1.84525,1.84545,2.44,2.62
2015.02.24 09:21:34.145,1.84527,1.84546,2.25,1.70
2015.02.24 09:21:34.247,1.84525,1.84545,2.44,2.62
2015.02.24 09:21:34.349,1.84525,1.84545,2.81,2.62
2015.02.24 09:21:34.451,1.84527,1.84547,2.81,1.95
2015.02.24 09:21:34.707,1.84538,1.84558,1.20,5.47
2015.02.24 09:21:34.758,1.84542,1.84558,2.17,2.55
2015.02.24 09:21:35.062,1.84545,1.84561,4.35,1.62
2015.02.24 09:21:35.416,1.84545,1.84561,4.35,1.37
2015.02.24 09:21:35.467,1.84548,1.84561,2.25,1.37
2015.02.24 09:21:35.858,1.84551,1.84565,2.17,1.37
2015.02.24 09:21:36.366,1.84553,1.84568,2.25,1.37
2015.02.24 09:21:36.873,1.84552,1.84568,2.25,1.37
2015.02.24 09:21:36.975,1.84549,1.84568,2.81,1.37
2015.02.24 09:21:37.329,1.84549,1.84567,2.81,1.37
2015.02.24 09:21:37.380,1.84551,1.84569,1.46,1.55
2015.02.24 09:21:37.691,1.84557,1.84575,2.62,1.37
2015.02.24 09:21:37.742,1.84557,1.84575,2.62,1.37
2015.02.24 09:21:38.308,1.84557,1.84575,2.25,1.37
2015.02.24 09:21:38.409,1.84555,1.84573,2.81,1.47
2015.02.24 09:21:38.460,1.84558,1.84576,2.17,3.37
2015.02.24 09:21:38.511,1.84558,1.84576,2.25,1.47
2015.02.24 09:21:38.866,1.8456,1.84579,2.74,2.62
2015.02.24 09:21:38.958,1.8456,1.84579,2.74,2.25
2015.02.24 09:21:39.009,1.84564,1.84583,2.62,1.10
2015.02.24 09:21:39.111,1.84565,1.84586,4.35,1.40
2015.02.24 09:21:39.162,1.84565,1.84585,2.25,2.25
2015.02.24 09:21:39.213,1.84563,1.84585,2.25,2.25
2015.02.24 09:21:39.516,1.84562,1.84584,1.15,4.35
2015.02.24 09:21:40.022,1.84562,1.84581,1.15,1.00
2015.02.24 09:21:40.451,1.84562,1.84578,1.27,1.00
2015.02.24 09:21:40.555,1.84562,1.84584,1.27,5.10
2015.02.24 09:21:40.910,1.84563,1.8458,1.00,4.35
2015.02.24 09:21:41.011,1.84565,1.84587,5.66,4.35
2015.02.24 09:21:41.214,1.84565,1.84582,1.00,2.25
2015.02.24 09:21:41.419,1.84566,1.84584,4.35,1.00
2015.02.24 09:21:41.885,1.84566,1.84588,4.35,5.10
2015.02.24 09:21:41.986,1.84566,1.84584,2.17,2.17
2015.02.24 09:21:42.037,1.84563,1.84584,2.25,2.25
2015.02.24 09:21:42.190,1.84562,1.84582,2.25,2.17
2015.02.24 09:21:42.597,1.8456,1.84579,1.74,2.25
2015.02.24 09:21:42.698,1.84566,1.84582,1.12,1.00
2015.02.24 09:21:42.749,1.84567,1.84586,1.91,4.35
2015.02.24 09:21:42.800,1.84568,1.84588,2.44,3.37
2015.02.24 09:21:42.851,1.84572,1.84588,1.00,3.45
2015.02.24 09:21:43.155,1.84587,1.84599,1.00,1.00
2015.02.24 09:21:43.206,1.84587,1.84604,1.17,1.47
2015.02.24 09:21:43.307,1.8459,1.84606,5.10,1.00
2015.02.24 09:21:43.622,1.84602,1.84622,2.25,1.66
2015.02.24 09:21:44.007,1.84599,1.84619,2.25,2.81
2015.02.24 09:21:44.210,1.84599,1.84618,1.00,4.54
2015.02.24 09:21:44.262,1.84599,1.84618,1.19,4.35
2015.02.24 09:21:44.567,1.84604,1.8462,2.44,1.37
2015.02.24 09:21:44.871,1.84606,1.84626,2.44,2.81
2015.02.24 09:21:45.124,1.84606,1.84626,2.44,2.81
2015.02.24 09:21:45.327,1.84606,1.84626,2.44,2.81
2015.02.24 09:21:45.580,1.84606,1.84626,2.25,2.81
2015.02.24 09:21:45.631,1.84605,1.84624,1.07,2.81
2015.02.24 09:21:45.884,1.84605,1.84624,1.07,2.81
2015.02.24 09:21:46.188,1.84606,1.84626,2.25,3.56
2015.02.24 09:21:46.239,1.84604,1.84625,2.81,2.81
2015.02.24 09:21:46.544,1.84602,1.84624,4.91,4.91
2015.02.24 09:21:47.051,1.846,1.84621,1.91,2.62
2015.02.24 09:21:47.305,1.846,1.84621,1.91,2.62
2015.02.24 09:21:47.559,1.846,1.84621,1.91,2.62
2015.02.24 09:21:47.763,1.846,1.84621,1.54,2.62
2015.02.24 09:21:47.987,1.84601,1.84621,1.57,2.62
2015.02.24 09:21:48.038,1.84602,1.84623,4.72,1.71
2015.02.24 09:21:48.343,1.84599,1.84619,1.09,4.72
2015.02.24 09:21:48.444,1.84597,1.84619,5.36,4.91
2015.02.24 09:21:48.748,1.84596,1.84616,3.19,2.62
2015.02.24 09:21:48.850,1.84596,1.84615,2.70,1.46
2015.02.24 09:21:48.952,1.84592,1.8461,1.76,2.62
2015.02.24 09:21:49.003,1.84592,1.8461,1.00,2.81
2015.02.24 09:21:49.206,1.84591,1.84611,2.44,2.62
2015.02.24 09:21:49.359,1.8459,1.8461,1.09,4.72
2015.02.24 09:21:49.614,1.84588,1.84608,2.25,2.62
2015.02.24 09:21:49.666,1.84586,1.84606,2.44,2.62
2015.02.24 09:21:49.870,1.84584,1.84603,1.26,2.62
2015.02.24 09:21:50.073,1.8458,1.84602,6.41,4.72
2015.02.24 09:21:50.175,1.84586,1.84606,1.29,2.62
2015.02.24 09:21:50.480,1.84588,1.84607,1.17,2.62
2015.02.24 09:21:50.784,1.84586,1.84605,1.26,2.62
2015.02.24 09:21:51.037,1.84585,1.84603,1.10,2.25
2015.02.24 09:21:51.088,1.84585,1.84597,1.00,3.00
2015.02.24 09:21:51.140,1.84576,1.84597,3.07,3.00
2015.02.24 09:21:51.191,1.84575,1.84593,1.50,4.72
2015.02.24 09:21:51.292,1.84572,1.84593,1.34,4.72
2015.02.24 09:21:51.394,1.84571,1.84593,5.29,5.47
2015.02.24 09:21:51.611,1.84571,1.8459,1.36,2.62
2015.02.24 09:21:51.816,1.84573,1.84593,1.20,4.91
2015.02.24 09:21:51.918,1.84571,1.84591,1.10,2.62
2015.02.24 09:21:51.969,1.84574,1.84593,2.44,1.55
2015.02.24 09:21:52.021,1.84574,1.84594,3.19,2.25
2015.02.24 09:21:52.173,1.84577,1.84596,1.36,3.37
2015.02.24 09:21:52.476,1.84578,1.84597,2.17,2.62
2015.02.24 09:21:52.781,1.84592,1.84611,2.44,1.07
2015.02.24 09:21:52.831,1.84592,1.84611,2.44,1.07
2015.02.24 09:21:52.882,1.84594,1.84611,2.17,1.10
2015.02.24 09:21:53.048,1.84594,1.84613,4.35,1.00
2015.02.24 09:21:53.304,1.84599,1.84618,2.36,1.15
2015.02.24 09:21:53.774,1.84601,1.84622,2.44,2.25
2015.02.24 09:21:53.876,1.84603,1.84623,1.39,4.35
2015.02.24 09:21:53.978,1.84612,1.84629,2.25,1.37
2015.02.24 09:21:54.130,1.84612,1.84631,2.25,1.09
2015.02.24 09:21:54.181,1.84608,1.84628,1.49,4.35
2015.02.24 09:21:54.282,1.8461,1.8463,1.39,4.35
2015.02.24 09:21:54.587,1.84618,1.84639,4.35,2.77
2015.02.24 09:21:54.898,1.84616,1.84636,2.25,2.62
2015.02.24 09:21:55.458,1.84616,1.84636,2.25,2.62
2015.02.24 09:21:55.560,1.84616,1.84636,2.25,2.62
2015.02.24 09:21:56.065,1.84616,1.84636,2.25,2.62
2015.02.24 09:21:56.622,1.84621,1.84636,1.00,4.35
2015.02.24 09:21:56.723,1.84621,1.84639,1.10,3.00
2015.02.24 09:21:56.976,1.84617,1.84637,3.19,2.62
2015.02.24 09:21:57.129,1.84617,1.84637,2.25,3.56
2015.02.24 09:21:57.180,1.84612,1.84629,1.75,3.00
2015.02.24 09:21:57.281,1.84609,1.84631,4.35,4.91
2015.02.24 09:21:57.332,1.84609,1.84631,4.35,4.72
2015.02.24 09:21:57.484,1.84612,1.84632,2.25,2.62
2015.02.24 09:21:57.638,1.84612,1.84632,2.32,3.56
2015.02.24 09:21:57.690,1.8461,1.8463,1.00,2.81
2015.02.24 09:21:57.741,1.84607,1.8463,2.32,3.94
2015.02.24 09:21:57.792,1.84612,1.84624,1.00,2.25
2015.02.24 09:21:57.995,1.84619,1.84639,3.00,2.81
2015.02.24 09:21:58.098,1.84616,1.84636,2.25,2.25
2015.02.24 09:21:58.200,1.84621,1.8464,2.25,1.70
2015.02.24 09:21:58.302,1.84619,1.84636,1.00,2.62
2015.02.24 09:21:58.657,1.84617,1.84636,1.26,2.25
2015.02.24 09:21:58.810,1.84617,1.84639,5.29,5.47
2015.02.24 09:21:59.347,1.84617,1.84639,5.29,5.47
2015.02.24 09:21:59.934,1.8462,1.84638,1.00,2.62
2015.02.24 09:21:59.985,1.8462,1.84639,1.00,2.62
2015.02.24 09:22:00.492,1.84619,1.8464,2.70,2.81
2015.02.24 09:22:01.083,1.84619,1.8464,2.62,3.19
2015.02.24 09:22:01.186,1.84617,1.84637,2.51,3.00
2015.02.24 09:22:01.389,1.84617,1.84639,2.44,1.84
2015.02.24 09:22:01.916,1.84617,1.84638,1.35,5.85
2015.02.24 09:22:02.439,1.84614,1.84637,4.54,5.85
2015.02.24 09:22:02.946,1.84616,1.84637,4.54,2.15
2015.02.24 09:22:03.606,1.84615,1.84633,2.36,2.92
2015.02.24 09:22:04.141,1.84613,1.84633,1.39,5.10
2015.02.24 09:22:04.445,1.84611,1.84631,1.54,2.62
2015.02.24 09:22:04.547,1.8461,1.84631,2.21,2.62
2015.02.24 09:22:04.598,1.8461,1.84631,2.21,2.62
2015.02.24 09:22:05.062,1.84609,1.84627,2.81,2.55
2015.02.24 09:22:05.164,1.84608,1.84621,1.50,2.17
2015.02.24 09:22:05.469,1.84597,1.84614,3.00,1.07
2015.02.24 09:22:05.521,1.84597,1.84617,2.32,2.62
2015.02.24 09:22:05.572,1.84597,1.84617,2.25,2.62
2015.02.24 09:22:05.677,1.84599,1.84618,2.17,3.37
2015.02.24 09:22:06.142,1.84597,1.84618,2.25,2.55
2015.02.24 09:22:06.345,1.84596,1.84615,2.44,1.62
2015.02.24 09:22:06.548,1.84596,1.84615,2.44,1.62
2015.02.24 09:22:06.650,1.84599,1.84613,2.17,1.37
2015.02.24 09:22:06.701,1.84599,1.84613,2.62,1.00
2015.02.24 09:22:06.752,1.84603,1.8462,2.17,2.17
2015.02.24 09:22:06.803,1.84603,1.84624,4.35,1.52
2015.02.24 09:22:07.208,1.84603,1.84622,4.54,1.87
2015.02.24 09:22:07.461,1.84601,1.8462,2.55,2.55
2015.02.24 09:22:07.664,1.84593,1.84615,4.99,4.91
2015.02.24 09:22:07.882,1.84592,1.84608,1.12,2.62
2015.02.24 09:22:08.086,1.8459,1.84609,1.31,2.62
2015.02.24 09:22:08.290,1.84589,1.84608,1.01,2.62
2015.02.24 09:22:08.392,1.8459,1.8461,2.89,2.62
2015.02.24 09:22:08.494,1.84595,1.84615,2.25,4.31
2015.02.24 09:22:08.798,1.84591,1.84611,2.51,2.62
2015.02.24 09:22:08.901,1.84598,1.84611,1.00,2.62
2015.02.24 09:22:09.105,1.84598,1.84612,1.00,1.00
2015.02.24 09:22:09.157,1.84595,1.8461,1.19,1.00
2015.02.24 09:22:09.258,1.84595,1.84614,1.19,1.17
2015.02.24 09:22:09.975,1.84592,1.84615,3.41,2.25
2015.02.24 09:22:10.187,1.84594,1.84615,3.11,2.25
2015.02.24 09:22:10.614,1.84594,1.84613,1.09,2.25
2015.02.24 09:22:10.918,1.84592,1.8461,2.51,5.10
2015.02.24 09:22:11.223,1.8459,1.84605,1.10,2.62
2015.02.24 09:22:11.477,1.84578,1.84598,3.19,2.25
2015.02.24 09:22:11.781,1.84578,1.84593,5.29,1.00
2015.02.24 09:22:13.043,1.84581,1.84593,2.25,1.00
2015.02.24 09:22:13.772,1.84581,1.84599,2.25,2.32
2015.02.24 09:22:13.823,1.84578,1.84597,1.09,2.62
2015.02.24 09:22:14.683,1.84575,1.84595,1.84,1.55
2015.02.24 09:22:14.936,1.84577,1.84596,1.29,2.62
2015.02.24 09:22:15.239,1.84572,1.84587,1.46,1.00
2015.02.24 09:22:15.291,1.84572,1.84587,1.46,1.00
2015.02.24 09:22:15.443,1.84576,1.84594,1.25,4.72
2015.02.24 09:22:16.104,1.84578,1.84594,1.00,2.62
2015.02.24 09:22:16.357,1.84576,1.84592,2.44,1.00
2015.02.24 09:22:16.459,1.84577,1.84592,2.25,1.37
2015.02.24 09:22:16.661,1.8457,1.84589,1.65,2.21
2015.02.24 09:22:16.814,1.84576,1.84584,2.25,1.00
2015.02.24 09:22:17.120,1.84583,1.84592,2.25,1.00
2015.02.24 09:22:17.429,1.84584,1.84599,2.25,1.37
2015.02.24 09:22:17.480,1.84584,1.84599,2.25,1.37
2015.02.24 09:22:17.531,1.84579,1.84596,1.05,1.37
2015.02.24 09:22:17.582,1.84579,1.84595,1.30,1.56
2015.02.24 09:22:17.684,1.84571,1.84585,1.75,2.62
2015.02.24 09:22:17.790,1.84571,1.84586,1.31,5.47
2015.02.24 09:22:17.994,1.84568,1.84582,1.07,1.00
2015.02.24 09:22:18.045,1.84566,1.84582,1.16,1.37
2015.02.24 09:22:18.198,1.84563,1.8458,1.84,1.47
2015.02.24 09:22:18.300,1.84567,1.84584,1.19,1.07
2015.02.24 09:22:18.605,1.84576,1.84593,1.10,1.45
2015.02.24 09:22:18.706,1.84572,1.84588,2.70,1.37
2015.02.24 09:22:19.215,1.84572,1.84588,2.70,1.37
2015.02.24 09:22:19.419,1.84574,1.84587,2.25,1.37
2015.02.24 09:22:19.724,1.84573,1.84586,1.17,1.12
2015.02.24 09:22:19.826,1.84573,1.84584,1.00,1.00
2015.02.24 09:22:19.927,1.84569,1.84586,3.19,1.00
2015.02.24 09:22:20.029,1.84578,1.84589,1.25,2.25
2015.02.24 09:22:20.132,1.84576,1.84592,2.44,1.00
2015.02.24 09:22:20.284,1.84576,1.84588,4.54,1.37
2015.02.24 09:22:20.386,1.84574,1.84588,2.59,1.00
2015.02.24 09:22:20.487,1.84574,1.84586,2.32,1.00
2015.02.24 09:22:20.741,1.8457,1.84585,2.32,1.00
2015.02.24 09:22:21.145,1.84572,1.84585,4.35,1.00
2015.02.24 09:22:21.449,1.84584,1.84599,2.25,1.19
2015.02.24 09:22:21.550,1.84581,1.8459,2.25,1.37
2015.02.24 09:22:22.131,1.84583,1.84595,2.25,1.00
2015.02.24 09:22:22.486,1.84583,1.84594,2.25,1.37
2015.02.24 09:22:22.588,1.84583,1.84594,2.25,1.12
2015.02.24 09:22:22.639,1.84586,1.84594,2.25,1.12
2015.02.24 09:22:23.145,1.84587,1.84596,4.35,1.37
2015.02.24 09:22:23.550,1.84585,1.84596,2.25,1.37
2015.02.24 09:22:23.771,1.84582,1.84596,2.25,1.37
2015.02.24 09:22:24.307,1.84583,1.84593,1.00,1.00
2015.02.24 09:22:25.060,1.8458,1.84593,2.44,1.00
2015.02.24 09:22:28.241,1.84583,1.84593,2.25,1.00
2015.02.24 09:22:29.154,1.84583,1.84597,2.25,1.37
2015.02.24 09:22:29.456,1.84585,1.84595,2.25,1.37
2015.02.24 09:22:29.823,1.84585,1.84599,2.25,1.00
2015.02.24 09:22:30.481,1.84585,1.84597,2.62,1.00
2015.02.24 09:22:31.147,1.84588,1.84597,1.00,1.00
2015.02.24 09:22:31.606,1.84588,1.84595,1.00,1.00
2015.02.24 09:22:32.013,1.84582,1.84595,3.94,1.00
2015.02.24 09:22:32.128,1.84587,1.84595,1.00,1.00
2015.02.24 09:22:32.635,1.84588,1.84595,1.00,1.00
2015.02.24 09:22:33.151,1.84587,1.84595,1.00,1.00
2015.02.24 09:22:33.673,1.84588,1.84595,1.00,1.00
2015.02.24 09:22:34.350,1.84588,1.84599,1.00,1.37
2015.02.24 09:22:34.654,1.84585,1.84596,2.44,1.00
2015.02.24 09:22:35.490,1.84582,1.84596,1.36,1.00
2015.02.24 09:22:36.259,1.84582,1.84596,1.36,1.00
2015.02.24 09:22:36.868,1.84583,1.84599,1.29,1.37
2015.02.24 09:22:37.084,1.84587,1.84599,1.00,1.37
2015.02.24 09:22:37.388,1.84583,1.84599,4.54,1.37
2015.02.24 09:22:37.904,1.84583,1.84596,5.29,1.00
2015.02.24 09:22:40.711,1.84583,1.84596,4.54,1.00
2015.02.24 09:22:41.146,1.84588,1.84596,1.00,1.00
2015.02.24 09:22:41.299,1.84585,1.84599,2.44,1.12
2015.02.24 09:22:41.400,1.84585,1.84599,2.44,1.37
2015.02.24 09:22:41.911,1.84584,1.84596,2.25,1.37
2015.02.24 09:22:42.559,1.84586,1.84596,2.17,1.37
2015.02.24 09:22:43.065,1.84587,1.84596,1.07,1.00
2015.02.24 09:22:44.460,1.84586,1.84603,4.35,1.37
2015.02.24 09:22:44.979,1.84586,1.846,4.35,1.00
2015.02.24 09:22:45.650,1.84586,1.84603,4.35,1.37
2015.02.24 09:22:45.701,1.84588,1.84603,2.25,1.37
2015.02.24 09:22:46.006,1.84591,1.84605,4.35,1.37
2015.02.24 09:22:46.461,1.84591,1.84599,4.35,1.00
2015.02.24 09:22:46.615,1.84597,1.84608,2.25,1.12
2015.02.24 09:22:46.666,1.846,1.84608,2.17,1.00
2015.02.24 09:22:46.718,1.846,1.84612,2.25,1.50
2015.02.24 09:22:46.769,1.84603,1.84612,2.17,1.00
2015.02.24 09:22:46.820,1.84603,1.84618,2.62,1.87
2015.02.24 09:22:46.871,1.84605,1.84618,2.25,1.87
2015.02.24 09:22:47.226,1.84603,1.84616,4.35,1.37
2015.02.24 09:22:47.530,1.84601,1.84614,2.25,1.00
2015.02.24 09:22:47.581,1.84604,1.84614,2.17,1.00
2015.02.24 09:22:47.890,1.84609,1.84621,2.25,1.00
2015.02.24 09:22:47.993,1.84609,1.84621,2.25,1.37
2015.02.24 09:22:48.095,1.84609,1.84621,4.35,1.37
2015.02.24 09:22:48.298,1.84615,1.84623,2.17,1.37
2015.02.24 09:22:48.502,1.84607,1.84617,2.25,1.00
2015.02.24 09:22:48.604,1.84607,1.84613,2.25,1.00
2015.02.24 09:22:48.706,1.84604,1.84613,2.25,1.00
2015.02.24 09:22:48.758,1.84604,1.84611,2.17,1.37
2015.02.24 09:22:48.809,1.84601,1.84611,4.35,1.37
2015.02.24 09:22:48.910,1.84603,1.84612,2.25,1.37
2015.02.24 09:22:49.012,1.84599,1.84608,2.25,1.00
2015.02.24 09:22:49.115,1.84606,1.84622,4.35,1.47
2015.02.24 09:22:49.217,1.84609,1.8462,2.25,1.00
2015.02.24 09:22:49.723,1.8461,1.84621,4.54,1.00
2015.02.24 09:22:50.028,1.84639,1.84649,4.35,1.00
2015.02.24 09:22:50.130,1.84645,1.84663,4.35,1.12
2015.02.24 09:22:50.181,1.84647,1.84666,2.25,1.82
2015.02.24 09:22:50.232,1.84647,1.84669,4.35,4.35
2015.02.24 09:22:50.284,1.84653,1.84669,2.17,2.55
2015.02.24 09:22:50.335,1.84653,1.84673,2.25,2.62
2015.02.24 09:22:50.641,1.84654,1.84674,2.25,2.44
2015.02.24 09:22:50.692,1.8466,1.84675,2.17,2.36
2015.02.24 09:22:50.820,1.84656,1.8468,1.10,1.00
2015.02.24 09:22:50.871,1.84657,1.84683,1.00,2.44
2015.02.24 09:22:51.178,1.84634,1.84658,3.75,1.19
2015.02.24 09:22:51.229,1.84634,1.84658,1.12,1.00
2015.02.24 09:22:51.280,1.84634,1.84656,1.12,1.00
2015.02.24 09:22:51.584,1.84642,1.84665,1.50,1.19
2015.02.24 09:22:51.888,1.84647,1.8467,1.00,3.19
2015.02.24 09:22:52.502,1.84645,1.8467,1.00,1.76
2015.02.24 09:22:53.019,1.84645,1.8467,2.92,1.56
2015.02.24 09:22:53.526,1.84648,1.84671,1.00,1.56
2015.02.24 09:22:53.627,1.8465,1.84671,1.07,1.19
2015.02.24 09:22:54.083,1.84646,1.84673,1.65,1.69
2015.02.24 09:22:54.236,1.84645,1.8467,1.76,1.56
2015.02.24 09:22:54.337,1.84642,1.84667,1.12,1.29
2015.02.24 09:22:54.851,1.84642,1.84666,1.00,1.19
2015.02.24 09:22:55.155,1.84642,1.84666,1.50,1.19
2015.02.24 09:22:55.257,1.84642,1.84667,1.00,1.69
2015.02.24 09:22:55.763,1.84643,1.84667,1.10,2.06
2015.02.24 09:22:56.222,1.84648,1.84665,1.10,1.29
2015.02.24 09:22:56.476,1.84641,1.84661,2.25,2.81
2015.02.24 09:22:56.527,1.84637,1.84659,2.02,4.54
2015.02.24 09:22:56.629,1.8464,1.84662,2.25,4.31
2015.02.24 09:22:57.034,1.84644,1.84666,4.35,4.35
2015.02.24 09:22:57.135,1.84643,1.84663,2.25,2.44
2015.02.24 09:22:57.440,1.84638,1.84659,2.25,2.44
2015.02.24 09:22:57.541,1.84638,1.84659,2.25,2.44
2015.02.24 09:22:57.643,1.84637,1.84656,1.07,2.25
2015.02.24 09:22:58.132,1.84638,1.84653,1.00,2.17
2015.02.24 09:22:58.645,1.84637,1.84654,1.00,2.81
2015.02.24 09:22:58.950,1.84632,1.84649,1.00,2.25
2015.02.24 09:22:59.212,1.84632,1.84651,1.00,2.81
2015.02.24 09:22:59.627,1.84638,1.84652,1.00,2.81
2015.02.24 09:22:59.730,1.84633,1.84652,1.00,2.81
2015.02.24 09:22:59.831,1.84637,1.84652,1.00,2.81
2015.02.24 09:23:00.152,1.84632,1.84646,1.00,2.62
2015.02.24 09:23:00.456,1.84628,1.84645,1.00,4.91
2015.02.24 09:23:00.812,1.84623,1.84643,2.44,2.81
2015.02.24 09:23:00.863,1.84622,1.84643,3.19,3.56
2015.02.24 09:23:00.914,1.84628,1.84642,1.00,2.81
2015.02.24 09:23:01.167,1.84622,1.84639,1.19,2.81
2015.02.24 09:23:01.637,1.84622,1.84641,3.11,2.81
2015.02.24 09:23:01.739,1.84624,1.84644,2.36,2.81
2015.02.24 09:23:02.043,1.84628,1.84642,1.00,2.74
2015.02.24 09:23:02.357,1.84633,1.84649,1.00,4.91
2015.02.24 09:23:02.509,1.84633,1.84649,1.00,2.74
2015.02.24 09:23:02.560,1.84627,1.84649,1.84,4.91
2015.02.24 09:23:02.611,1.84627,1.84649,1.84,4.91
2015.02.24 09:23:02.813,1.84632,1.84647,1.00,4.72
2015.02.24 09:23:03.350,1.84633,1.84647,1.00,4.72
2015.02.24 09:23:03.654,1.84628,1.84643,1.00,4.91
2015.02.24 09:23:04.176,1.84627,1.84643,1.00,5.29
2015.02.24 09:23:04.227,1.84622,1.84643,1.15,5.29
2015.02.24 09:23:04.434,1.84622,1.84639,1.07,1.39
2015.02.24 09:23:04.638,1.84618,1.84632,1.00,2.62
2015.02.24 09:23:04.691,1.84618,1.84633,1.00,1.52
2015.02.24 09:23:04.742,1.84612,1.84623,1.07,2.17
2015.02.24 09:23:04.895,1.84612,1.84624,1.00,4.35
2015.02.24 09:23:04.946,1.84612,1.84622,1.00,2.25
2015.02.24 09:23:04.997,1.84608,1.84622,1.10,2.25
2015.02.24 09:23:05.048,1.84608,1.84618,1.00,2.17
2015.02.24 09:23:05.556,1.84608,1.84616,1.00,2.17
2015.02.24 09:23:05.759,1.84603,1.84616,1.69,2.25
2015.02.24 09:23:05.962,1.84603,1.84616,1.25,2.25
2015.02.24 09:23:06.471,1.84603,1.84616,1.39,2.25
2015.02.24 09:23:06.522,1.84608,1.84617,1.00,2.25
2015.02.24 09:23:06.692,1.84619,1.84629,2.25,1.00
2015.02.24 09:23:06.743,1.84618,1.84636,3.56,2.55
2015.02.24 09:23:06.846,1.8462,1.84631,1.00,2.17
2015.02.24 09:23:06.999,1.84618,1.84633,1.00,1.37
2015.02.24 09:23:07.102,1.84615,1.84634,2.62,1.74
2015.02.24 09:23:07.153,1.84614,1.8463,2.92,2.55
2015.02.24 09:23:07.204,1.84612,1.8463,1.10,2.62
2015.02.24 09:23:07.458,1.84612,1.84626,1.00,2.55
2015.02.24 09:23:07.560,1.8461,1.84626,1.00,4.72
2015.02.24 09:23:07.662,1.84609,1.84623,1.25,2.55
2015.02.24 09:23:07.763,1.84609,1.84625,1.25,4.72
2015.02.24 09:23:07.865,1.84608,1.84623,1.19,2.55
2015.02.24 09:23:08.017,1.84608,1.84625,1.25,2.62
2015.02.24 09:23:08.220,1.84608,1.84623,1.25,2.55
2015.02.24 09:23:08.727,1.84613,1.84625,1.00,2.62
2015.02.24 09:23:09.315,1.84607,1.84626,2.62,2.62
2015.02.24 09:23:09.821,1.84608,1.84623,1.37,2.62
2015.02.24 09:23:10.024,1.84608,1.84619,1.00,2.17
2015.02.24 09:23:10.176,1.84603,1.84619,1.57,2.44
2015.02.24 09:23:10.226,1.84603,1.84615,1.00,2.17
2015.02.24 09:23:10.530,1.84607,1.84615,1.00,4.35
2015.02.24 09:23:10.632,1.84599,1.84614,1.87,2.25
2015.02.24 09:23:10.784,1.84598,1.84614,1.25,3.00
2015.02.24 09:23:11.037,1.84598,1.84611,1.00,2.17
2015.02.24 09:23:12.605,1.84597,1.84611,1.00,3.00
2015.02.24 09:23:12.709,1.84595,1.84611,1.31,3.00
2015.02.24 09:23:12.862,1.84594,1.84607,1.10,2.74
2015.02.24 09:23:13.167,1.84581,1.84592,1.50,2.25
2015.02.24 09:23:13.218,1.84581,1.84592,1.10,2.25
2015.02.24 09:23:14.145,1.8458,1.84593,1.12,2.25
2015.02.24 09:23:14.453,1.84583,1.84593,1.00,2.25
2015.02.24 09:23:14.556,1.84583,1.84595,1.00,2.25
2015.02.24 09:23:15.222,1.84583,1.84593,1.00,2.25
2015.02.24 09:23:15.891,1.84582,1.84593,1.00,4.35
2015.02.24 09:23:16.347,1.8458,1.84593,1.20,4.35
2015.02.24 09:23:16.549,1.84582,1.84594,1.00,2.25
2015.02.24 09:23:16.651,1.8458,1.84594,1.20,2.25
2015.02.24 09:23:17.008,1.84582,1.84594,1.00,2.25
2015.02.24 09:23:18.104,1.84579,1.84594,1.45,2.25
2015.02.24 09:23:18.459,1.84579,1.84597,1.37,2.62
2015.02.24 09:23:18.560,1.84583,1.84596,1.00,2.25
2015.02.24 09:23:18.864,1.84583,1.84599,1.50,1.15
2015.02.24 09:23:18.966,1.84583,1.84599,2.25,1.15
2015.02.24 09:23:19.495,1.84583,1.84599,1.12,1.15
2015.02.24 09:23:22.789,1.84583,1.84602,2.06,4.35
2015.02.24 09:23:23.295,1.84583,1.84603,2.21,5.29
2015.02.24 09:23:23.845,1.84584,1.84603,2.70,1.36
2015.02.24 09:23:24.152,1.84583,1.84602,2.21,2.44
2015.02.24 09:23:25.586,1.84583,1.84601,1.50,2.25
2015.02.24 09:23:26.757,1.84583,1.84603,1.09,5.29
2015.02.24 09:23:27.061,1.84584,1.84603,2.00,5.29
2015.02.24 09:23:28.719,1.84584,1.84603,1.76,5.29
2015.02.24 09:23:29.022,1.84592,1.84604,2.62,1.00
2015.02.24 09:23:29.124,1.84592,1.84608,2.62,1.00
2015.02.24 09:23:29.376,1.84594,1.84608,2.44,1.00
2015.02.24 09:23:29.883,1.84594,1.8461,2.25,1.62
2015.02.24 09:23:30.202,1.84596,1.84611,2.25,1.56
2015.02.24 09:23:30.355,1.84599,1.84616,1.87,1.20
2015.02.24 09:23:30.473,1.84605,1.84611,2.25,1.00
2015.02.24 09:23:30.628,1.84605,1.84616,2.25,1.00
2015.02.24 09:23:30.730,1.84605,1.84618,2.25,1.00
2015.02.24 09:23:31.388,1.84605,1.84622,2.25,1.56
2015.02.24 09:23:31.489,1.84603,1.84622,1.65,3.56
2015.02.24 09:23:32.159,1.84602,1.84617,2.32,1.00
2015.02.24 09:23:33.188,1.84603,1.84622,1.27,3.56
2015.02.24 09:23:33.700,1.84603,1.84622,1.09,3.56
2015.02.24 09:23:34.227,1.84603,1.84622,5.29,1.56
2015.02.24 09:23:35.393,1.84604,1.84621,1.52,1.00
2015.02.24 09:23:35.596,1.84605,1.84624,1.46,1.46
2015.02.24 09:23:35.647,1.84605,1.84624,2.05,1.27
2015.02.24 09:23:35.850,1.84611,1.84628,1.09,1.45
2015.02.24 09:23:35.901,1.84611,1.84625,2.44,1.00
2015.02.24 09:23:36.155,1.84611,1.84627,2.44,1.12
2015.02.24 09:23:36.578,1.84609,1.84626,1.84,1.00
2015.02.24 09:23:36.887,1.84609,1.84626,1.10,1.00
2015.02.24 09:23:37.192,1.84609,1.84626,1.00,2.92
2015.02.24 09:23:37.344,1.84609,1.84626,1.10,1.10
2015.02.24 09:23:38.311,1.84609,1.84628,3.19,1.47
2015.02.24 09:23:38.661,1.84613,1.84628,1.00,1.10
2015.02.24 09:23:38.863,1.84615,1.84633,1.00,2.81
2015.02.24 09:23:39.016,1.84617,1.84634,1.00,3.56
2015.02.24 09:23:39.320,1.84617,1.84634,1.00,3.56
2015.02.24 09:23:40.254,1.84617,1.84634,1.00,3.56
2015.02.24 09:23:40.764,1.84614,1.8463,2.25,1.00
2015.02.24 09:23:41.331,1.84618,1.84634,1.00,2.44
2015.02.24 09:23:41.643,1.84619,1.84634,2.25,1.19
2015.02.24 09:23:41.967,1.84622,1.84638,2.25,1.19
2015.02.24 09:23:42.020,1.84621,1.84638,1.00,1.39
2015.02.24 09:23:42.526,1.84618,1.84637,6.79,1.19
2015.02.24 09:23:42.903,1.84618,1.84637,2.51,1.29
2015.02.24 09:23:43.802,1.84618,1.84637,1.10,1.29
2015.02.24 09:23:44.288,1.84622,1.84639,1.00,2.44
2015.02.24 09:23:44.389,1.84619,1.84636,1.00,1.25
2015.02.24 09:23:44.491,1.84622,1.84639,1.00,3.19
2015.02.24 09:23:44.794,1.84622,1.84636,1.00,2.44
2015.02.24 09:23:44.845,1.84619,1.84635,1.00,2.25
2015.02.24 09:23:44.896,1.84619,1.84634,1.00,2.44
2015.02.24 09:23:44.998,1.84613,1.8463,2.25,3.19
2015.02.24 09:23:45.100,1.84613,1.84627,1.00,2.44
2015.02.24 09:23:45.303,1.8461,1.84627,1.47,2.44
2015.02.24 09:23:45.607,1.84607,1.84624,3.00,1.25
2015.02.24 09:23:45.709,1.84609,1.84625,2.70,1.19
2015.02.24 09:23:46.063,1.84613,1.84628,1.00,1.29
2015.02.24 09:23:46.685,1.84608,1.84623,2.25,1.25
2015.02.24 09:23:46.939,1.84614,1.84626,4.72,1.00
2015.02.24 09:23:47.040,1.84618,1.84632,2.25,1.00
2015.02.24 09:23:47.294,1.84619,1.84636,4.35,1.00
2015.02.24 09:23:47.345,1.84619,1.84631,4.35,1.00
2015.02.24 09:23:47.447,1.84621,1.84639,1.20,1.39
2015.02.24 09:23:47.498,1.84623,1.84639,2.17,1.29
2015.02.24 09:23:47.809,1.84623,1.84638,3.00,1.19
2015.02.24 09:23:47.913,1.84627,1.84645,2.92,3.86
2015.02.24 09:23:48.015,1.84631,1.84645,2.17,1.00
2015.02.24 09:23:48.522,1.8463,1.84647,1.17,1.76
2015.02.24 09:23:48.775,1.84628,1.84643,2.62,1.00
2015.02.24 09:23:49.184,1.84629,1.8465,1.65,1.84
2015.02.24 09:23:49.235,1.84633,1.8465,2.17,1.29
2015.02.24 09:23:49.539,1.84635,1.84652,2.17,1.26
2015.02.24 09:23:49.590,1.84633,1.84652,1.10,1.36
2015.02.24 09:23:49.641,1.84633,1.84652,2.92,1.39
2015.02.24 09:23:50.046,1.84637,1.84648,2.25,1.25
2015.02.24 09:23:50.199,1.84637,1.84654,2.25,1.69
2015.02.24 09:23:50.250,1.84639,1.84654,2.25,1.69
2015.02.24 09:23:50.554,1.84639,1.84652,2.25,1.19
2015.02.24 09:23:51.316,1.84639,1.84653,2.25,1.19
2015.02.24 09:23:51.519,1.84646,1.8466,2.17,3.11
2015.02.24 09:23:51.621,1.84644,1.84662,2.25,1.76
2015.02.24 09:23:52.131,1.84643,1.84663,2.25,2.81
2015.02.24 09:23:52.651,1.84644,1.84665,2.25,3.56
2015.02.24 09:23:53.154,1.84646,1.84665,2.17,1.74
2015.02.24 09:23:53.308,1.84648,1.84665,1.10,1.29
2015.02.24 09:23:53.663,1.84644,1.84664,2.25,2.81
2015.02.24 09:23:54.438,1.84644,1.84664,2.25,2.81
2015.02.24 09:23:54.792,1.84644,1.84664,2.25,3.56
2015.02.24 09:23:54.894,1.84639,1.8466,1.65,4.91
2015.02.24 09:23:54.996,1.84638,1.84657,1.15,2.44
2015.02.24 09:23:55.350,1.84634,1.84654,3.37,2.44
2015.02.24 09:23:56.212,1.84634,1.84654,2.25,2.44
2015.02.24 09:23:56.465,1.84633,1.84654,1.37,2.44
2015.02.24 09:23:56.567,1.84635,1.84655,2.17,4.54
2015.02.24 09:23:57.045,1.84633,1.84652,4.12,2.36
2015.02.24 09:23:57.350,1.84633,1.84649,1.00,2.44
2015.02.24 09:23:57.668,1.84633,1.84647,1.00,2.25
2015.02.24 09:23:58.180,1.84629,1.84647,1.95,2.25
2015.02.24 09:23:58.342,1.84629,1.84647,1.10,2.44
2015.02.24 09:23:58.747,1.84628,1.84643,1.57,2.36
2015.02.24 09:23:59.052,1.84626,1.84643,1.07,2.44
2015.02.24 09:23:59.153,1.84624,1.8464,1.95,2.36
2015.02.24 09:23:59.306,1.84618,1.84633,1.12,2.25
2015.02.24 09:23:59.459,1.84616,1.84632,1.76,2.17
2015.02.24 09:23:59.662,1.84618,1.84634,1.12,2.25
2015.02.24 09:23:59.866,1.84615,1.84635,3.30,1.40
2015.02.24 09:23:59.917,1.84616,1.84631,1.20,1.00
2015.02.24 09:24:00.120,1.84615,1.84633,1.46,2.25
2015.02.24 09:24:00.171,1.84618,1.84634,2.17,2.17
2015.02.24 09:24:00.222,1.84618,1.84636,2.25,1.01
2015.02.24 09:24:00.779,1.84619,1.84638,2.92,1.65
2015.02.24 09:24:00.880,1.84626,1.84638,1.00,1.10
2015.02.24 09:24:01.084,1.84621,1.84638,1.10,1.29
2015.02.24 09:24:01.135,1.84621,1.84633,1.00,2.17
2015.02.24 09:24:01.337,1.84613,1.84628,1.20,2.17
2015.02.24 09:24:01.439,1.84609,1.84626,1.00,1.29
2015.02.24 09:24:01.541,1.84606,1.84622,3.19,1.00
2015.02.24 09:24:01.844,1.8461,1.84627,1.00,1.36
2015.02.24 09:24:02.361,1.84609,1.84626,1.00,1.01
2015.02.24 09:24:02.413,1.84616,1.84628,1.00,2.44
2015.02.24 09:24:02.514,1.84614,1.84629,1.00,2.36
2015.02.24 09:24:02.566,1.84614,1.84632,1.45,1.36
2015.02.24 09:24:02.769,1.84616,1.84629,2.55,1.00
2015.02.24 09:24:02.972,1.84616,1.84635,3.56,1.36
2015.02.24 09:24:03.073,1.84622,1.84636,1.00,2.44
2015.02.24 09:24:03.529,1.84616,1.84632,2.81,1.00
2015.02.24 09:24:03.689,1.84615,1.84632,2.44,1.00
2015.02.24 09:24:03.841,1.8462,1.84637,1.00,1.39
2015.02.24 09:24:04.145,1.84616,1.84631,4.35,1.00
2015.02.24 09:24:04.461,1.84622,1.84638,1.00,1.34
2015.02.24 09:24:05.746,1.84616,1.84635,1.00,5.29
2015.02.24 09:24:05.849,1.84614,1.84631,1.85,1.29
2015.02.24 09:24:05.900,1.84614,1.84631,1.10,1.29
2015.02.24 09:24:06.154,1.84618,1.84629,1.00,2.44
2015.02.24 09:24:06.722,1.84611,1.84629,1.57,2.44
2015.02.24 09:24:06.874,1.84614,1.84633,3.00,1.29
2015.02.24 09:24:07.179,1.84613,1.84629,1.16,1.19
2015.02.24 09:24:07.382,1.84617,1.84629,1.00,2.44
2015.02.24 09:24:07.687,1.84617,1.84625,1.00,2.44
2015.02.24 09:24:07.839,1.84612,1.84625,1.00,2.44
2015.02.24 09:24:08.348,1.84612,1.84622,1.00,2.44
2015.02.24 09:24:08.501,1.84604,1.84617,1.39,4.35
2015.02.24 09:24:09.068,1.84604,1.84616,1.00,2.44
2015.02.24 09:24:09.595,1.84604,1.84617,1.00,2.44
2015.02.24 09:24:10.247,1.84599,1.84616,1.20,1.36
2015.02.24 09:24:10.298,1.84599,1.84609,1.12,2.25
2015.02.24 09:24:10.401,1.84593,1.84606,1.37,2.44
2015.02.24 09:24:10.502,1.84593,1.84604,1.37,2.25
2015.02.24 09:24:10.604,1.84588,1.84604,1.56,2.25
2015.02.24 09:24:10.806,1.84592,1.84606,1.00,2.44
2015.02.24 09:24:10.908,1.84592,1.84608,1.00,4.54
2015.02.24 09:24:11.798,1.84592,1.84608,1.00,4.54
2015.02.24 09:24:12.359,1.84586,1.84605,1.39,1.36
2015.02.24 09:24:12.460,1.84591,1.84607,1.00,2.44
2015.02.24 09:24:12.663,1.84584,1.84601,1.20,3.86
2015.02.24 09:24:12.765,1.84582,1.84599,1.20,3.11
2015.02.24 09:24:12.867,1.84578,1.84596,1.95,1.26
2015.02.24 09:24:12.969,1.84578,1.84596,1.47,1.34
2015.02.24 09:24:13.324,1.84578,1.84597,1.00,5.29
2015.02.24 09:24:13.886,1.84574,1.84596,5.36,1.34
2015.02.24 09:24:14.092,1.84579,1.84596,2.62,1.19
2015.02.24 09:24:14.194,1.84582,1.84598,1.95,1.19
2015.02.24 09:24:14.347,1.84582,1.84598,1.57,1.19
2015.02.24 09:24:14.398,1.84579,1.84597,1.57,2.44
2015.02.24 09:24:14.500,1.84579,1.84595,1.00,1.34
2015.02.24 09:24:15.073,1.84578,1.84597,1.37,3.94
2015.02.24 09:24:15.326,1.84578,1.84597,1.12,3.94
2015.02.24 09:24:15.853,1.84578,1.84597,1.12,3.94
2015.02.24 09:24:16.592,1.84577,1.84597,2.81,3.56
2015.02.24 09:24:16.896,1.84576,1.84597,2.25,3.56
2015.02.24 09:24:17.301,1.84576,1.84597,2.81,3.19
2015.02.24 09:24:17.402,1.84578,1.84597,2.62,3.11
2015.02.24 09:24:17.908,1.84579,1.84598,2.25,1.46
2015.02.24 09:24:18.313,1.84576,1.84598,2.81,1.46
2015.02.24 09:24:21.131,1.84578,1.84598,2.62,1.26
2015.02.24 09:24:21.441,1.84569,1.84586,2.74,2.17
2015.02.24 09:24:21.594,1.84568,1.84583,1.37,4.54
2015.02.24 09:24:21.797,1.84565,1.84585,3.37,2.44
2015.02.24 09:24:23.024,1.84566,1.84588,5.29,6.04
2015.02.24 09:24:23.125,1.8457,1.84587,4.35,1.69
2015.02.24 09:24:23.437,1.84574,1.84589,2.25,1.19
2015.02.24 09:24:23.538,1.84571,1.84589,2.25,1.19
2015.02.24 09:24:23.589,1.84573,1.84589,2.17,1.19
2015.02.24 09:24:24.105,1.84574,1.84588,2.17,1.19
2015.02.24 09:24:24.624,1.84575,1.84589,4.35,1.25
2015.02.24 09:24:25.588,1.84576,1.84591,2.25,1.19
2015.02.24 09:24:25.690,1.84575,1.84588,2.17,1.00
2015.02.24 09:24:25.741,1.84572,1.84588,2.32,1.00
2015.02.24 09:24:25.792,1.84572,1.84587,2.25,1.19
2015.02.24 09:24:25.944,1.84568,1.84587,2.77,1.36
2015.02.24 09:24:26.096,1.84568,1.84587,2.77,1.36
2015.02.24 09:24:26.653,1.84567,1.84585,1.95,2.44
2015.02.24 09:24:26.754,1.84567,1.84585,6.41,1.25
2015.02.24 09:24:27.294,1.84567,1.84585,2.21,1.09
2015.02.24 09:24:28.707,1.84568,1.84587,3.26,2.17
2015.02.24 09:24:28.758,1.84569,1.8459,1.09,2.44
2015.02.24 09:24:28.809,1.84573,1.84591,1.07,3.19
2015.02.24 09:24:29.316,1.84573,1.84592,1.45,3.19
2015.02.24 09:24:29.821,1.84574,1.84594,2.62,2.44
2015.02.24 09:24:30.278,1.84574,1.84594,2.62,2.44
2015.02.24 09:24:30.330,1.8458,1.84596,2.62,1.00
2015.02.24 09:24:30.381,1.8458,1.84596,2.25,1.00
2015.02.24 09:24:30.533,1.84575,1.84594,3.26,1.25
2015.02.24 09:24:30.634,1.84574,1.84594,1.01,3.19
2015.02.24 09:24:30.787,1.84573,1.84594,2.81,3.19
2015.02.24 09:24:30.838,1.84575,1.84594,2.81,1.36
2015.02.24 09:24:30.939,1.84573,1.84592,1.16,1.71
2015.02.24 09:24:31.041,1.8457,1.8459,2.81,2.44
2015.02.24 09:24:31.245,1.84572,1.84593,3.56,1.36
2015.02.24 09:24:31.296,1.84572,1.84593,3.56,1.36
2015.02.24 09:24:31.347,1.84572,1.84593,2.62,1.36
2015.02.24 09:24:31.681,1.84572,1.84592,2.25,1.29
2015.02.24 09:24:32.250,1.84566,1.84589,5.17,5.66
2015.02.24 09:24:33.253,1.84566,1.84589,4.72,6.41
2015.02.24 09:24:33.422,1.8457,1.84588,2.17,1.17
2015.02.24 09:24:33.932,1.84569,1.84587,2.62,1.29
2015.02.24 09:24:34.034,1.84567,1.84587,1.52,1.46
2015.02.24 09:24:34.139,1.84568,1.84587,2.62,1.00
2015.02.24 09:24:34.191,1.84568,1.84585,3.00,1.00
2015.02.24 09:24:34.495,1.84574,1.84591,2.62,1.19
2015.02.24 09:24:35.008,1.84574,1.84591,2.25,1.19
2015.02.24 09:24:35.753,1.84574,1.84591,2.25,1.19
2015.02.24 09:24:36.260,1.84574,1.84591,2.25,1.19
2015.02.24 09:24:36.715,1.84578,1.84594,2.55,1.29
2015.02.24 09:24:36.766,1.84578,1.84594,4.72,1.00
2015.02.24 09:24:36.817,1.84578,1.84597,4.72,1.25
2015.02.24 09:24:36.919,1.84582,1.84597,2.17,1.19
2015.02.24 09:24:37.121,1.84582,1.846,4.72,1.19
2015.02.24 09:24:38.104,1.84585,1.846,1.00,1.00
2015.02.24 09:24:38.620,1.84582,1.846,4.54,1.50
2015.02.24 09:24:39.177,1.84582,1.846,2.36,1.69
2015.02.24 09:24:39.684,1.84585,1.84602,1.00,1.29
2015.02.24 09:24:39.887,1.84587,1.84602,1.00,1.39
2015.02.24 09:24:41.181,1.84587,1.84602,1.00,1.39
2015.02.24 09:24:41.866,1.84584,1.846,1.10,1.19
2015.02.24 09:24:42.367,1.84584,1.846,1.10,1.19
2015.02.24 09:24:42.876,1.84584,1.846,1.17,1.19
2015.02.24 09:24:42.978,1.84587,1.84601,1.00,1.19
2015.02.24 09:24:43.498,1.84584,1.84602,2.44,1.69
2015.02.24 09:24:44.041,1.84587,1.84601,1.00,3.19
2015.02.24 09:24:44.093,1.84583,1.84601,1.29,3.19
2015.02.24 09:24:44.246,1.84583,1.84602,1.74,1.69
2015.02.24 09:24:44.449,1.84586,1.84602,4.54,1.00
2015.02.24 09:24:44.754,1.84595,1.84612,2.81,1.00
2015.02.24 09:24:44.856,1.84597,1.84613,2.44,1.00
2015.02.24 09:24:45.211,1.84602,1.84616,1.00,1.19
2015.02.24 09:24:46.175,1.846,1.84616,1.00,1.19
2015.02.24 09:24:46.277,1.84596,1.84613,2.02,1.19
2015.02.24 09:24:46.811,1.84596,1.84613,1.00,1.29
2015.02.24 09:24:47.171,1.84592,1.84613,2.44,3.19
2015.02.24 09:24:47.380,1.84592,1.84613,3.00,3.56
2015.02.24 09:24:48.356,1.84592,1.84613,2.44,3.56
2015.02.24 09:24:48.705,1.84594,1.84613,2.25,1.74
2015.02.24 09:24:49.188,1.8459,1.8461,3.19,1.39
2015.02.24 09:24:49.737,1.84591,1.8461,4.54,1.31
2015.02.24 09:24:50.193,1.84591,1.8461,2.81,1.36
2015.02.24 09:24:50.295,1.84591,1.8461,2.81,1.09
2015.02.24 09:24:50.397,1.84592,1.8461,3.19,1.32
2015.02.24 09:24:50.914,1.84594,1.8461,2.81,1.25
2015.02.24 09:24:51.508,1.84596,1.84614,1.47,2.81
2015.02.24 09:24:52.465,1.84596,1.84614,1.47,2.81
2015.02.24 09:24:53.012,1.84596,1.84613,1.47,1.64
2015.02.24 09:24:53.063,1.84596,1.84612,1.00,2.81
2015.02.24 09:24:53.164,1.84596,1.84611,1.37,1.26
2015.02.24 09:24:53.367,1.84592,1.84612,1.19,5.66
2015.02.24 09:24:53.570,1.8459,1.8461,1.10,3.86
2015.02.24 09:24:53.621,1.8459,1.8461,1.47,3.86
2015.02.24 09:24:53.723,1.84591,1.8461,1.10,1.74
2015.02.24 09:24:53.824,1.84591,1.8461,1.62,2.36
2015.02.24 09:24:54.826,1.84599,1.84612,1.00,2.81
2015.02.24 09:24:55.050,1.84593,1.84612,1.62,2.81
2015.02.24 09:24:55.268,1.84593,1.84612,1.25,2.81
2015.02.24 09:24:55.526,1.84598,1.84613,1.00,4.91
2015.02.24 09:24:56.286,1.84598,1.8461,1.00,2.44
2015.02.24 09:24:56.597,1.84598,1.8461,1.00,2.44
2015.02.24 09:24:56.851,1.84586,1.84606,1.07,3.56
2015.02.24 09:24:56.902,1.84586,1.84604,1.10,4.54
2015.02.24 09:24:57.206,1.84582,1.84601,1.37,5.66
2015.02.24 09:24:58.218,1.84582,1.84598,2.74,1.07
2015.02.24 09:24:58.270,1.84582,1.84602,4.91,1.39
2015.02.24 09:24:58.592,1.84583,1.846,1.46,1.25
2015.02.24 09:25:00.008,1.84581,1.846,2.81,1.17
2015.02.24 09:25:00.312,1.84585,1.846,2.62,1.00
2015.02.24 09:25:00.363,1.84585,1.84603,2.62,1.10
2015.02.24 09:25:00.414,1.84585,1.84603,2.81,1.10
2015.02.24 09:25:00.648,1.84588,1.84605,2.81,1.50
2015.02.24 09:25:00.699,1.8459,1.84606,2.74,1.50
2015.02.24 09:25:01.155,1.84593,1.8461,1.36,1.00
2015.02.24 09:25:01.510,1.84593,1.8461,1.09,1.25
2015.02.24 09:25:02.505,1.84593,1.8461,1.20,1.39
2015.02.24 09:25:03.481,1.84593,1.8461,1.07,1.39
2015.02.24 09:25:03.836,1.84593,1.84608,1.10,1.56
2015.02.24 09:25:03.938,1.84589,1.84606,3.19,1.25
2015.02.24 09:25:04.089,1.84589,1.84604,2.44,1.00
2015.02.24 09:25:04.833,1.84587,1.84604,3.56,1.00
2015.02.24 09:25:04.884,1.84587,1.84604,1.39,2.92
2015.02.24 09:25:05.592,1.84587,1.84604,1.56,3.00
2015.02.24 09:25:06.097,1.84584,1.84603,1.56,6.41
2015.02.24 09:25:06.692,1.84588,1.84603,2.92,3.86
2015.02.24 09:25:06.743,1.84594,1.8461,1.00,3.19
2015.02.24 09:25:06.794,1.84594,1.8461,1.45,1.32
2015.02.24 09:25:06.845,1.84596,1.84611,1.37,1.00
2015.02.24 09:25:07.256,1.84602,1.84618,1.27,2.44
2015.02.24 09:25:09.294,1.84598,1.84617,1.76,3.11
2015.02.24 09:25:10.369,1.84598,1.84617,1.37,4.31
2015.02.24 09:25:10.471,1.84594,1.8461,1.20,2.25
2015.02.24 09:25:10.522,1.84594,1.84607,1.10,2.36
2015.02.24 09:25:10.825,1.8459,1.84607,1.25,6.04
2015.02.24 09:25:10.927,1.8459,1.84607,1.00,6.41
2015.02.24 09:25:12.164,1.84588,1.84605,3.19,1.25
2015.02.24 09:25:13.131,1.84589,1.84605,2.17,1.00
2015.02.24 09:25:13.233,1.84591,1.84609,3.37,1.10
2015.02.24 09:25:13.334,1.84597,1.8461,2.17,1.00
2015.02.24 09:25:13.537,1.84597,1.84613,2.25,1.25
2015.02.24 09:25:14.441,1.84596,1.84613,1.00,3.56
2015.02.24 09:25:14.746,1.84592,1.84605,1.00,1.29
2015.02.24 09:25:15.101,1.84588,1.84603,1.07,1.00
2015.02.24 09:25:15.835,1.84588,1.84603,1.07,1.19
2015.02.24 09:25:16.652,1.84588,1.84605,1.45,1.29
2015.02.24 09:25:17.229,1.84588,1.84605,1.95,1.29
2015.02.24 09:25:17.842,1.84592,1.84608,2.55,1.69
2015.02.24 09:25:18.360,1.84592,1.84605,2.25,1.00
2015.02.24 09:25:20.166,1.84589,1.84606,1.45,1.29
2015.02.24 09:25:20.318,1.84589,1.84606,1.45,1.29
2015.02.24 09:25:21.266,1.84589,1.84606,1.45,1.29
2015.02.24 09:25:22.398,1.84589,1.84605,1.00,1.36
2015.02.24 09:25:22.918,1.84589,1.84605,1.37,1.36
2015.02.24 09:25:23.121,1.84586,1.84605,1.17,1.84
2015.02.24 09:25:23.173,1.84591,1.84605,2.25,1.50
2015.02.24 09:25:23.274,1.84588,1.84605,5.85,1.00
2015.02.24 09:25:23.376,1.84588,1.84603,1.00,1.19
2015.02.24 09:25:23.579,1.84586,1.84603,1.27,1.19
2015.02.24 09:25:23.984,1.84588,1.84603,1.00,1.19
2015.02.24 09:25:24.503,1.84586,1.84603,1.57,1.19
2015.02.24 09:25:25.446,1.84586,1.84603,1.57,1.25
2015.02.24 09:25:25.951,1.84586,1.84603,1.20,1.19
2015.02.24 09:25:26.458,1.84586,1.84603,1.00,3.94
2015.02.24 09:25:26.964,1.84586,1.84602,1.00,2.44
2015.02.24 09:25:27.217,1.84583,1.846,2.06,1.10
2015.02.24 09:25:27.774,1.84583,1.846,1.12,1.76
2015.02.24 09:25:28.280,1.84583,1.84599,1.00,4.54
2015.02.24 09:25:35.930,1.84583,1.84598,1.00,1.10
2015.02.24 09:25:42.906,1.84583,1.846,1.37,3.19
2015.02.24 09:25:43.918,1.84583,1.846,1.56,3.00
2015.02.24 09:25:44.530,1.84585,1.846,4.54,1.00
2015.02.24 09:25:45.037,1.84585,1.846,4.54,1.00
2015.02.24 09:25:45.427,1.84593,1.846,2.25,1.00
2015.02.24 09:25:45.580,1.84598,1.84609,2.25,1.50
2015.02.24 09:25:45.631,1.84602,1.84609,2.25,1.50
2015.02.24 09:25:45.682,1.84602,1.84612,2.25,1.00
2015.02.24 09:25:45.733,1.84605,1.84612,2.25,1.00
2015.02.24 09:25:45.783,1.84605,1.84614,2.25,1.00
2015.02.24 09:25:45.885,1.84605,1.84617,2.25,1.00
2015.02.24 09:25:46.336,1.84605,1.84619,2.25,1.00
2015.02.24 09:25:47.811,1.84609,1.84619,2.25,1.00
2015.02.24 09:25:47.913,1.84609,1.84621,2.25,1.50
2015.02.24 09:25:48.065,1.84609,1.84621,2.25,1.37
2015.02.24 09:25:48.116,1.84607,1.84624,1.10,1.95
2015.02.24 09:25:48.218,1.84603,1.84621,3.19,1.39
2015.02.24 09:25:48.319,1.84603,1.84618,3.19,1.00
2015.02.24 09:25:48.724,1.84605,1.84618,2.17,1.00
2015.02.24 09:25:48.896,1.84612,1.84626,1.00,2.17
2015.02.24 09:25:48.947,1.84612,1.84629,1.20,1.07
2015.02.24 09:25:48.998,1.84617,1.8463,1.00,2.36
2015.02.24 09:25:49.049,1.84617,1.84632,1.00,1.26
2015.02.24 09:25:49.561,1.84616,1.84632,1.00,1.39
2015.02.24 09:25:49.915,1.84613,1.84629,1.15,1.25
2015.02.24 09:25:50.218,1.84615,1.84629,2.25,1.25
2015.02.24 09:25:50.528,1.84615,1.84631,2.25,1.00
2015.02.24 09:25:50.630,1.84614,1.84631,1.10,1.07
2015.02.24 09:25:51.368,1.84614,1.84631,1.37,1.15
2015.02.24 09:25:51.676,1.84614,1.84631,1.31,1.15
2015.02.24 09:25:51.727,1.84611,1.84628,1.91,1.00
2015.02.24 09:25:52.074,1.84608,1.84622,1.37,4.35
2015.02.24 09:25:52.125,1.84608,1.84622,1.37,4.35
2015.02.24 09:25:52.836,1.84604,1.84619,1.37,2.25
2015.02.24 09:25:53.979,1.84602,1.84619,2.06,2.25
2015.02.24 09:25:54.341,1.84604,1.84621,1.01,1.17
2015.02.24 09:25:55.919,1.84604,1.84621,1.50,2.25
2015.02.24 09:25:57.178,1.84604,1.84621,1.19,2.25
2015.02.24 09:25:58.373,1.84604,1.84621,1.56,2.25
2015.02.24 09:26:00.468,1.84604,1.84623,1.01,3.00
2015.02.24 09:26:00.570,1.84604,1.84623,6.04,1.10
2015.02.24 09:26:00.772,1.84607,1.84623,3.04,1.00
2015.02.24 09:26:01.445,1.84607,1.84623,6.04,1.00
2015.02.24 09:26:01.751,1.84607,1.84623,4.21,1.00
2015.02.24 09:26:02.568,1.84607,1.84623,4.01,1.00
2015.02.24 09:26:02.922,1.84608,1.84623,1.46,1.00
2015.02.24 09:26:03.953,1.84606,1.84623,3.56,1.10
2015.02.24 09:26:07.341,1.84607,1.84623,2.62,1.00
2015.02.24 09:26:09.419,1.84608,1.84623,1.09,1.00
2015.02.24 09:26:09.672,1.84614,1.84631,2.21,1.10
2015.02.24 09:26:09.774,1.84616,1.84633,1.46,1.50
2015.02.24 09:26:09.824,1.84616,1.84633,3.56,1.50
2015.02.24 09:26:10.128,1.84618,1.84637,2.92,3.11
2015.02.24 09:26:10.458,1.84616,1.84633,1.36,1.00
2015.02.24 09:26:10.863,1.84616,1.8463,1.09,1.00
2015.02.24 09:26:11.167,1.84619,1.84628,1.00,1.00
2015.02.24 09:26:11.218,1.84611,1.8463,1.10,1.17
2015.02.24 09:26:11.269,1.84614,1.8463,4.91,1.00
2015.02.24 09:26:11.333,1.84614,1.84632,4.91,1.00
2015.02.24 09:26:11.485,1.84617,1.84632,2.62,1.00
2015.02.24 09:26:11.840,1.84617,1.84634,3.00,1.00
2015.02.24 09:26:12.144,1.8462,1.84635,2.17,1.57
2015.02.24 09:26:12.397,1.84623,1.84639,2.25,1.00
2015.02.24 09:26:12.650,1.84631,1.84639,2.25,1.00
2015.02.24 09:26:12.752,1.84626,1.84643,4.35,1.00
2015.02.24 09:26:12.853,1.84628,1.84646,2.25,1.29
2015.02.24 09:26:12.904,1.84628,1.84646,2.25,1.10
2015.02.24 09:26:13.057,1.84632,1.84646,2.25,1.00
2015.02.24 09:26:13.577,1.84632,1.84645,2.25,1.00
2015.02.24 09:26:13.985,1.84629,1.84645,2.44,1.25
2015.02.24 09:26:14.188,1.84629,1.84648,2.81,1.50
2015.02.24 09:26:14.238,1.84629,1.84648,3.19,1.50
2015.02.24 09:26:14.542,1.84639,1.84654,2.25,1.00
2015.02.24 09:26:14.846,1.84638,1.84652,4.35,1.00
2015.02.24 09:26:14.897,1.84636,1.84652,2.89,1.00
2015.02.24 09:26:15.399,1.84635,1.84653,2.51,1.00
2015.02.24 09:26:15.501,1.84637,1.84657,4.72,1.00
2015.02.24 09:26:15.804,1.84642,1.84662,2.81,3.00
2015.02.24 09:26:16.262,1.84644,1.84664,2.44,2.44
2015.02.24 09:26:16.976,1.84644,1.84664,2.81,2.44
2015.02.24 09:26:17.078,1.84647,1.84667,2.81,2.44
2015.02.24 09:26:17.689,1.84647,1.84667,2.62,3.19
2015.02.24 09:26:17.790,1.84644,1.84666,3.19,2.81
2015.02.24 09:26:18.612,1.84644,1.84666,2.81,2.44
2015.02.24 09:26:19.429,1.84644,1.84662,2.81,1.00
2015.02.24 09:26:19.683,1.8464,1.84661,4.99,1.15
2015.02.24 09:26:19.987,1.84639,1.84659,1.09,1.01
2015.02.24 09:26:20.089,1.84639,1.84658,1.01,2.25
2015.02.24 09:26:20.857,1.84638,1.84658,1.16,2.25
2015.02.24 09:26:20.962,1.84639,1.84659,3.56,1.10
2015.02.24 09:26:21.014,1.84642,1.84662,1.64,2.25
2015.02.24 09:26:21.116,1.84641,1.84662,3.64,2.25
2015.02.24 09:26:21.428,1.84641,1.8466,2.81,2.25
2015.02.24 09:26:22.004,1.8464,1.8466,2.21,2.25
2015.02.24 09:26:22.106,1.84641,1.84661,1.05,1.15
2015.02.24 09:26:22.740,1.8464,1.84661,1.84,1.40
2015.02.24 09:26:23.598,1.84642,1.84661,2.44,1.25
2015.02.24 09:26:24.522,1.84644,1.84661,2.25,1.25
2015.02.24 09:26:25.029,1.84642,1.84661,2.44,1.07
2015.02.24 09:26:25.333,1.84639,1.84659,2.96,1.00
2015.02.24 09:26:25.890,1.84641,1.84659,2.36,1.00
2015.02.24 09:26:26.396,1.84642,1.84659,2.44,1.00
2015.02.24 09:26:26.944,1.84639,1.84659,2.81,1.17
2015.02.24 09:26:27.510,1.84638,1.84659,1.91,4.35
2015.02.24 09:26:27.936,1.84638,1.84659,1.16,4.35
2015.02.24 09:26:28.447,1.84637,1.84656,1.84,2.25
2015.02.24 09:26:28.650,1.84636,1.84656,3.19,2.25
2015.02.24 09:26:29.170,1.84635,1.84655,2.29,4.35
2015.02.24 09:26:30.440,1.84635,1.84652,1.32,5.10
2015.02.24 09:26:30.541,1.84635,1.84649,1.22,2.25
2015.02.24 09:26:30.948,1.84629,1.84649,1.71,4.35
2015.02.24 09:26:31.050,1.84627,1.84645,2.04,2.25
2015.02.24 09:26:31.153,1.84626,1.84645,1.09,2.25
2015.02.24 09:26:31.305,1.84624,1.84643,1.01,2.25
2015.02.24 09:26:31.356,1.84622,1.84643,3.56,2.25
2015.02.24 09:26:31.407,1.84622,1.84638,1.56,2.25
2015.02.24 09:26:31.458,1.84618,1.84638,2.70,2.25
2015.02.24 09:26:31.509,1.84617,1.8464,5.85,4.35
2015.02.24 09:26:31.560,1.84617,1.84634,4.72,1.25
2015.02.24 09:26:31.866,1.84611,1.84629,1.09,2.25
2015.02.24 09:26:32.170,1.84609,1.84627,1.01,2.25
2015.02.24 09:26:32.919,1.84609,1.84628,1.09,2.25
2015.02.24 09:26:33.509,1.8461,1.8463,2.81,4.35
2015.02.24 09:26:34.027,1.8461,1.8463,2.89,2.25
2015.02.24 09:26:34.639,1.84613,1.84632,2.44,1.17
2015.02.24 09:26:34.741,1.84616,1.84632,2.25,1.00
2015.02.24 09:26:34.945,1.84617,1.84635,2.25,1.19
2015.02.24 09:26:35.047,1.8462,1.84639,2.62,1.17
2015.02.24 09:26:35.148,1.84626,1.8464,1.47,1.00
2015.02.24 09:26:35.199,1.84624,1.8464,2.81,1.00
2015.02.24 09:26:35.301,1.84629,1.84648,2.81,1.76
2015.02.24 09:26:35.352,1.84627,1.84647,2.81,2.25
2015.02.24 09:26:35.453,1.84624,1.84644,4.31,1.10
2015.02.24 09:26:35.606,1.84624,1.84645,3.94,1.17
2015.02.24 09:26:35.758,1.84624,1.84643,1.74,3.00
2015.02.24 09:26:36.165,1.8462,1.8464,4.31,3.00
2015.02.24 09:26:36.671,1.8462,1.84637,2.25,1.00
2015.02.24 09:26:37.181,1.84622,1.84639,1.10,1.17
2015.02.24 09:26:37.539,1.84622,1.84638,1.00,2.25
2015.02.24 09:26:37.953,1.84622,1.84636,1.00,2.25
2015.02.24 09:26:38.054,1.84619,1.84636,1.37,3.37
2015.02.24 09:26:38.200,1.84619,1.84631,1.00,2.25
2015.02.24 09:26:38.252,1.84612,1.84626,1.22,1.17
2015.02.24 09:26:38.354,1.84609,1.84624,2.06,2.25
2015.02.24 09:26:38.608,1.84606,1.84621,1.84,1.00
2015.02.24 09:26:39.169,1.84607,1.84622,1.00,2.25
2015.02.24 09:26:39.272,1.84604,1.84621,1.29,3.00
2015.02.24 09:26:39.373,1.84603,1.84622,3.56,1.07
2015.02.24 09:26:39.576,1.84604,1.84622,1.09,1.07
2015.02.24 09:26:40.080,1.84605,1.84622,2.51,1.00
2015.02.24 09:26:40.769,1.84605,1.84622,2.81,1.00
2015.02.24 09:26:41.022,1.84613,1.84632,1.66,1.17
2015.02.24 09:26:41.530,1.84614,1.84632,2.44,1.10
2015.02.24 09:26:41.806,1.84614,1.84632,2.81,1.10
2015.02.24 09:26:42.110,1.84614,1.84632,3.19,1.10
2015.02.24 09:26:42.262,1.84615,1.84632,1.39,2.25
2015.02.24 09:26:42.869,1.84614,1.8463,1.69,2.25
2015.02.24 09:26:42.970,1.84617,1.84632,1.87,3.00
2015.02.24 09:26:43.072,1.84618,1.84635,1.55,1.00
2015.02.24 09:26:43.541,1.84621,1.84639,1.47,2.44
2015.02.24 09:26:43.644,1.84626,1.84642,2.62,1.00
2015.02.24 09:26:43.926,1.84626,1.84642,2.44,1.00
2015.02.24 09:26:44.432,1.84626,1.84642,2.36,1.07
2015.02.24 09:26:44.888,1.84627,1.84646,4.31,1.00
2015.02.24 09:26:44.989,1.84629,1.84646,1.94,3.00
2015.02.24 09:26:45.091,1.84628,1.84646,4.54,1.00
2015.02.24 09:26:45.243,1.84628,1.84646,2.36,3.00
2015.02.24 09:26:45.295,1.84625,1.84642,1.36,1.00
2015.02.24 09:26:45.346,1.84625,1.8464,1.19,2.25
2015.02.24 09:26:45.397,1.84621,1.8464,1.46,3.00
2015.02.24 09:26:45.498,1.84621,1.8464,1.46,3.00
2015.02.24 09:26:45.701,1.84621,1.8464,1.26,3.00
2015.02.24 09:26:45.803,1.84621,1.8464,1.19,3.19
2015.02.24 09:26:46.479,1.84623,1.8464,1.25,1.36
2015.02.24 09:26:46.994,1.84623,1.8464,1.19,1.17
2015.02.24 09:26:47.674,1.84623,1.8464,1.19,1.17
2015.02.24 09:26:48.079,1.84623,1.8464,1.25,1.17
2015.02.24 09:26:48.180,1.84623,1.84638,1.25,2.25
2015.02.24 09:26:48.590,1.84619,1.84636,1.56,2.25
2015.02.24 09:26:49.361,1.84619,1.84638,3.94,1.09
2015.02.24 09:26:49.412,1.84619,1.84638,3.94,1.17
2015.02.24 09:26:49.463,1.84622,1.84641,1.74,3.19
2015.02.24 09:26:53.294,1.84622,1.84641,1.36,3.00
2015.02.24 09:26:54.291,1.84622,1.84641,1.46,3.00
2015.02.24 09:26:56.620,1.84627,1.84642,1.29,1.00
2015.02.24 09:26:57.129,1.84626,1.84643,1.19,2.25
2015.02.24 09:26:57.780,1.84626,1.84642,1.19,2.25
2015.02.24 09:26:58.084,1.84625,1.84639,1.19,2.25
2015.02.24 09:26:58.399,1.84622,1.84637,1.01,5.10
2015.02.24 09:26:58.501,1.8462,1.84633,1.87,2.25
2015.02.24 09:26:58.602,1.8462,1.84636,1.47,4.35
2015.02.24 09:26:58.704,1.8462,1.8463,1.37,2.17
2015.02.24 09:26:59.009,1.84614,1.84628,1.37,2.25
2015.02.24 09:26:59.059,1.84614,1.84628,1.37,2.25
2015.02.24 09:26:59.161,1.84611,1.84628,1.56,3.00
2015.02.24 09:26:59.212,1.84611,1.84626,1.62,2.17
2015.02.24 09:26:59.466,1.84609,1.84624,1.56,4.35
2015.02.24 09:26:59.618,1.84608,1.84623,1.25,2.17
2015.02.24 09:26:59.721,1.84603,1.84617,1.40,2.17
2015.02.24 09:27:00.127,1.84599,1.84617,2.14,2.25
2015.02.24 09:27:00.229,1.84602,1.84619,1.56,3.00
2015.02.24 09:27:00.735,1.84602,1.84615,1.56,2.17
2015.02.24 09:27:01.089,1.84602,1.84612,1.00,2.25
2015.02.24 09:27:02.409,1.846,1.84617,1.56,1.15
2015.02.24 09:27:03.926,1.846,1.84617,1.66,1.10
2015.02.24 09:27:04.563,1.846,1.84617,1.66,1.10
2015.02.24 09:27:05.069,1.846,1.84617,1.56,1.15
2015.02.24 09:27:07.520,1.84602,1.84619,1.12,1.20
2015.02.24 09:27:08.596,1.84602,1.84619,1.62,1.20
2015.02.24 09:27:08.849,1.84602,1.84619,1.31,1.20
2015.02.24 09:27:09.001,1.84602,1.84619,2.06,1.20
2015.02.24 09:27:09.520,1.84602,1.84618,2.06,2.25
2015.02.24 09:27:09.824,1.84604,1.84619,3.19,1.00
2015.02.24 09:27:10.027,1.84602,1.84619,1.69,3.00
2015.02.24 09:27:10.280,1.84601,1.84618,1.84,1.07
2015.02.24 09:27:11.137,1.84601,1.84618,1.39,1.00
2015.02.24 09:27:11.643,1.84601,1.84618,1.26,1.00
2015.02.24 09:27:13.841,1.84601,1.84617,1.19,1.10
2015.02.24 09:27:14.356,1.84601,1.84618,2.21,1.00
2015.02.24 09:27:15.079,1.84602,1.84618,2.81,1.50
2015.02.24 09:27:15.433,1.84604,1.84621,1.29,1.10
2015.02.24 09:27:15.652,1.84604,1.84617,1.29,1.00
2015.02.24 09:27:16.057,1.84604,1.84621,1.29,1.10
2015.02.24 09:27:17.371,1.84604,1.84621,1.19,1.20
2015.02.24 09:27:18.244,1.84605,1.84624,1.76,3.00
2015.02.24 09:27:18.346,1.84606,1.84624,2.81,1.10
2015.02.24 09:27:18.397,1.84606,1.84624,2.81,1.10
2015.02.24 09:27:19.056,1.84608,1.84627,3.19,1.57
2015.02.24 09:27:20.043,1.84608,1.84627,1.46,1.65
2015.02.24 09:27:20.595,1.84608,1.84627,1.84,1.65
2015.02.24 09:27:21.692,1.84608,1.84627,1.84,1.15
2015.02.24 09:27:22.762,1.84608,1.84627,1.84,1.15
2015.02.24 09:27:23.791,1.84608,1.84627,2.59,1.15
2015.02.24 09:27:24.550,1.84608,1.84623,1.76,2.17
2015.02.24 09:27:24.601,1.84608,1.84623,1.01,2.92
2015.02.24 09:27:25.106,1.84606,1.84623,1.31,1.07
2015.02.24 09:27:25.359,1.84606,1.84621,1.19,2.17
2015.02.24 09:27:25.901,1.84606,1.84621,1.19,2.25
2015.02.24 09:27:25.952,1.84606,1.84623,1.19,3.00
2015.02.24 09:27:26.281,1.84606,1.84621,1.19,2.25
2015.02.24 09:27:26.383,1.84606,1.84623,1.19,1.15
2015.02.24 09:27:26.917,1.84606,1.84623,1.19,1.15
2015.02.24 09:27:29.668,1.84606,1.84623,1.36,1.10
2015.02.24 09:27:31.264,1.84606,1.84622,1.19,2.25
2015.02.24 09:27:31.780,1.84606,1.84622,1.19,2.25
2015.02.24 09:27:32.050,1.84606,1.84623,1.07,1.00
2015.02.24 09:27:33.131,1.84608,1.84625,1.00,1.26
2015.02.24 09:27:33.232,1.8461,1.84625,2.74,1.07
2015.02.24 09:27:33.284,1.84612,1.84629,1.17,1.29
2015.02.24 09:27:33.807,1.84612,1.84629,1.00,1.29
2015.02.24 09:27:34.313,1.84612,1.84629,1.00,3.19
2015.02.24 09:27:35.710,1.84612,1.84629,1.19,3.00
2015.02.24 09:27:36.015,1.84622,1.84639,3.00,1.87
2015.02.24 09:27:36.066,1.84622,1.84639,1.00,1.65
2015.02.24 09:27:36.571,1.84622,1.84638,1.39,1.00
2015.02.24 09:27:37.114,1.84622,1.84637,1.76,1.00
2015.02.24 09:27:37.320,1.84623,1.84637,2.36,1.00
2015.02.24 09:27:37.421,1.84623,1.84639,4.91,1.00
2015.02.24 09:27:37.523,1.84623,1.84637,2.81,1.00
2015.02.24 09:27:37.675,1.84624,1.84642,1.76,1.20
2015.02.24 09:27:37.928,1.84624,1.84642,1.76,2.25
2015.02.24 09:27:38.081,1.84624,1.84642,1.46,3.00
2015.02.24 09:27:38.437,1.84624,1.84643,1.84,1.32
2015.02.24 09:27:38.604,1.84624,1.8464,1.46,2.17
2015.02.24 09:27:38.858,1.84622,1.84637,1.01,1.00
2015.02.24 09:27:38.909,1.84621,1.84637,2.51,2.92
2015.02.24 09:27:39.010,1.84621,1.84638,1.29,2.25
2015.02.24 09:27:39.571,1.8462,1.84637,1.26,1.10
2015.02.24 09:27:40.683,1.8462,1.84633,1.26,1.00
2015.02.24 09:27:40.986,1.8462,1.84628,1.70,1.00
2015.02.24 09:27:41.038,1.8462,1.84632,1.62,1.00
2015.02.24 09:27:41.696,1.84621,1.84637,1.39,1.00
2015.02.24 09:27:42.205,1.84621,1.84637,1.39,1.00
2015.02.24 09:27:44.268,1.84621,1.84637,3.56,1.00
2015.02.24 09:27:45.394,1.84621,1.84637,3.56,1.00
2015.02.24 09:27:45.635,1.84621,1.84633,3.56,1.00
2015.02.24 09:27:45.737,1.84621,1.8464,3.56,1.07
2015.02.24 09:27:45.851,1.84622,1.84637,2.81,1.00
2015.02.24 09:27:46.003,1.84622,1.8464,2.81,1.00
2015.02.24 09:27:46.531,1.84621,1.8464,3.56,1.07
2015.02.24 09:27:46.898,1.84621,1.84636,2.25,1.00
2015.02.24 09:27:47.202,1.84616,1.84632,1.00,2.25
2015.02.24 09:27:47.253,1.84613,1.8463,1.00,3.37
2015.02.24 09:27:47.468,1.8461,1.84627,1.31,3.00
2015.02.24 09:27:48.296,1.8461,1.84627,1.25,3.19
2015.02.24 09:27:48.904,1.8461,1.84626,1.25,2.25
2015.02.24 09:27:49.878,1.84608,1.84625,1.25,1.07
2015.02.24 09:27:53.891,1.84608,1.84625,3.19,1.37
2015.02.24 09:27:54.617,1.8461,1.84625,2.25,1.37
2015.02.24 09:27:55.134,1.8461,1.84625,2.25,1.00
2015.02.24 09:27:57.139,1.8461,1.84625,2.81,1.00
2015.02.24 09:27:57.241,1.84612,1.84629,4.91,1.00
2015.02.24 09:27:57.292,1.84616,1.84629,2.25,1.00
2015.02.24 09:27:57.806,1.84617,1.84634,2.62,1.37
2015.02.24 09:27:58.614,1.84619,1.84634,2.25,1.37
2015.02.24 09:28:02.053,1.8462,1.84637,2.44,1.37
2015.02.24 09:28:02.947,1.84618,1.84637,3.56,1.37
2015.02.24 09:28:04.146,1.84618,1.84637,3.56,1.37
2015.02.24 09:28:04.653,1.84618,1.84637,3.56,1.37
2015.02.24 09:28:04.907,1.8462,1.84637,2.62,1.37
2015.02.24 09:28:05.161,1.84622,1.84638,2.25,1.37
2015.02.24 09:28:05.619,1.84621,1.84638,3.19,1.37
2015.02.24 09:28:05.772,1.84621,1.84638,1.01,2.02
2015.02.24 09:28:05.925,1.84621,1.84638,1.01,2.02
2015.02.24 09:28:06.029,1.84621,1.84638,1.09,1.45
2015.02.24 09:28:06.131,1.84621,1.84638,3.19,1.00
2015.02.24 09:28:06.283,1.84621,1.84638,3.56,1.37
2015.02.24 09:28:06.384,1.84621,1.84638,3.19,1.37
2015.02.24 09:28:06.486,1.84621,1.84638,3.19,1.37
2015.02.24 09:28:06.588,1.84624,1.84641,1.00,2.62
2015.02.24 09:28:06.639,1.84625,1.84643,2.25,1.66
2015.02.24 09:28:07.147,1.84624,1.84643,3.00,1.74
2015.02.24 09:28:07.807,1.84627,1.84644,1.00,3.56
2015.02.24 09:28:08.212,1.84627,1.84643,2.17,1.45
2015.02.24 09:28:08.526,1.84633,1.84645,2.62,1.37
2015.02.24 09:28:08.577,1.84633,1.84649,4.72,1.37
2015.02.24 09:28:08.679,1.84633,1.84649,4.91,1.00
2015.02.24 09:28:08.933,1.84635,1.84652,2.44,1.62
2015.02.24 09:28:09.034,1.84635,1.84652,4.54,1.62
2015.02.24 09:28:09.237,1.84635,1.84652,4.54,1.62
2015.02.24 09:28:09.543,1.84644,1.84657,4.35,1.37
2015.02.24 09:28:09.850,1.84646,1.84662,2.25,2.06
2015.02.24 09:28:10.003,1.84641,1.84658,1.40,1.37
2015.02.24 09:28:10.106,1.84642,1.84658,2.25,1.37
2015.02.24 09:28:10.207,1.84643,1.84658,2.25,1.37
2015.02.24 09:28:10.309,1.84643,1.84658,2.44,1.37
2015.02.24 09:28:10.563,1.84643,1.84662,1.26,3.56
2015.02.24 09:28:10.716,1.84646,1.84662,2.25,2.06
2015.02.24 09:28:10.919,1.84641,1.84659,4.54,1.56
2015.02.24 09:28:11.021,1.8464,1.84659,1.39,1.64
2015.02.24 09:28:11.172,1.8464,1.84652,1.39,1.00
2015.02.24 09:28:11.275,1.8464,1.84658,1.39,1.39
2015.02.24 09:28:12.187,1.84642,1.84657,2.17,1.31
2015.02.24 09:28:12.694,1.84642,1.84661,3.56,1.46
2015.02.24 09:28:12.949,1.8464,1.84657,1.46,1.87
2015.02.24 09:28:13.304,1.84642,1.84657,2.17,1.37
2015.02.24 09:28:14.423,1.8464,1.84657,1.01,1.70
2015.02.24 09:28:14.524,1.84637,1.84653,1.62,4.35
2015.02.24 09:28:14.676,1.84634,1.84652,1.69,2.25
2015.02.24 09:28:14.727,1.84634,1.8465,1.69,2.25
2015.02.24 09:28:15.250,1.84633,1.84649,1.36,1.10
2015.02.24 09:28:15.561,1.84632,1.84649,1.19,3.00
2015.02.24 09:28:15.869,1.84632,1.84649,1.00,3.19
2015.02.24 09:28:15.920,1.84632,1.84646,1.00,2.25
2015.02.24 09:28:16.123,1.84629,1.84646,2.21,1.10
2015.02.24 09:28:16.630,1.84629,1.84646,1.56,1.07
2015.02.24 09:28:17.148,1.84629,1.84646,1.19,1.07
2015.02.24 09:28:17.250,1.84627,1.84642,1.19,3.00
2015.02.24 09:28:17.555,1.84625,1.8464,2.14,4.35
2015.02.24 09:28:17.607,1.84625,1.8464,2.14,4.35
2015.02.24 09:28:18.064,1.84625,1.84634,1.07,2.25
2015.02.24 09:28:18.369,1.84616,1.8463,1.31,2.25
2015.02.24 09:28:18.990,1.84616,1.8463,1.62,2.25
2015.02.24 09:28:19.447,1.84614,1.84628,2.44,2.25
2015.02.24 09:28:20.409,1.84615,1.84628,1.76,2.25
2015.02.24 09:28:20.460,1.84615,1.84631,1.76,2.25
2015.02.24 09:28:20.983,1.84615,1.84632,1.56,3.94
2015.02.24 09:28:21.488,1.84615,1.84632,1.31,3.19
2015.02.24 09:28:22.137,1.84615,1.84631,1.56,2.25
2015.02.24 09:28:22.891,1.84615,1.84631,1.37,4.54
2015.02.24 09:28:23.144,1.84604,1.84618,1.69,1.15
2015.02.24 09:28:23.195,1.84604,1.84617,1.31,2.25
2015.02.24 09:28:24.073,1.84601,1.84618,2.06,1.20
2015.02.24 09:28:24.444,1.84601,1.84618,2.06,3.00
2015.02.24 09:28:24.697,1.84601,1.84618,2.14,1.10
2015.02.24 09:28:25.153,1.84604,1.84621,1.75,2.17
2015.02.24 09:28:25.305,1.84607,1.84622,2.32,1.10
2015.02.24 09:28:25.357,1.84607,1.84623,1.17,1.00
2015.02.24 09:28:25.408,1.84606,1.84619,2.81,1.37
2015.02.24 09:28:25.509,1.84604,1.84619,1.25,1.39
2015.02.24 09:28:26.015,1.84602,1.84619,1.76,1.25
2015.02.24 09:28:26.535,1.84602,1.84619,1.47,1.19
2015.02.24 09:28:27.504,1.84602,1.84619,1.39,1.25
2015.02.24 09:28:27.757,1.84602,1.84619,1.39,1.25
2015.02.24 09:28:28.587,1.84606,1.84622,1.00,2.81
2015.02.24 09:28:29.094,1.84606,1.84622,1.00,2.81
2015.02.24 09:28:30.184,1.84603,1.84619,1.31,4.35
2015.02.24 09:28:30.826,1.84603,1.84619,1.31,4.54
2015.02.24 09:28:31.406,1.846,1.84617,1.56,3.00
2015.02.24 09:28:31.456,1.846,1.84617,1.37,3.19
2015.02.24 09:28:32.285,1.846,1.84614,1.37,2.17
2015.02.24 09:28:32.437,1.84598,1.84612,1.07,1.29
2015.02.24 09:28:32.489,1.84596,1.84608,1.12,2.17
2015.02.24 09:28:32.590,1.84595,1.84608,1.20,2.25
2015.02.24 09:28:32.692,1.84593,1.84608,1.50,2.25
2015.02.24 09:28:32.996,1.84593,1.8461,1.12,3.56
2015.02.24 09:28:33.574,1.84593,1.84607,1.00,1.00
2015.02.24 09:28:33.879,1.84593,1.8461,1.07,1.27
2015.02.24 09:28:34.425,1.84593,1.8461,1.07,1.20
2015.02.24 09:28:34.678,1.84598,1.8461,2.17,1.12
2015.02.24 09:28:35.063,1.84596,1.8461,2.25,1.12
2015.02.24 09:28:35.880,1.84595,1.8461,2.25,1.12
2015.02.24 09:28:36.335,1.84594,1.8461,2.25,1.19
2015.02.24 09:28:36.487,1.84591,1.84602,1.00,1.00
2015.02.24 09:28:36.538,1.84588,1.84602,1.10,1.00
2015.02.24 09:28:36.589,1.84588,1.84598,1.00,1.00
2015.02.24 09:28:36.640,1.84585,1.84598,1.31,1.00
2015.02.24 09:28:36.691,1.84588,1.84602,2.17,1.00
2015.02.24 09:28:37.205,1.8459,1.84602,1.09,1.00
2015.02.24 09:28:37.256,1.8459,1.84607,1.09,1.00
2015.02.24 09:28:37.617,1.84592,1.84609,2.17,1.19
2015.02.24 09:28:38.173,1.84592,1.84607,2.25,1.00
2015.02.24 09:28:38.223,1.8459,1.84607,2.44,1.00
2015.02.24 09:28:38.745,1.84589,1.84607,5.10,1.19
2015.02.24 09:28:39.364,1.84589,1.84607,1.17,1.84
2015.02.24 09:28:41.419,1.84589,1.84607,2.81,1.76
2015.02.24 09:28:41.673,1.84589,1.84607,4.35,1.19
2015.02.24 09:28:41.978,1.84588,1.84602,1.17,1.00
2015.02.24 09:28:42.484,1.84588,1.84605,1.00,2.44
2015.02.24 09:28:43.045,1.84588,1.84605,1.00,2.44
2015.02.24 09:28:43.657,1.84584,1.84601,3.37,1.26
2015.02.24 09:28:43.961,1.84577,1.84593,1.20,2.36
2015.02.24 09:28:44.012,1.84576,1.84593,1.10,2.81
2015.02.24 09:28:44.114,1.84574,1.84592,1.09,2.81
2015.02.24 09:28:44.215,1.84572,1.84588,1.00,2.81
2015.02.24 09:28:44.317,1.84569,1.84586,1.75,2.25
2015.02.24 09:28:44.469,1.84568,1.84586,1.39,2.25
2015.02.24 09:28:44.874,1.84569,1.84589,1.10,3.19
2015.02.24 09:28:45.133,1.84569,1.84587,1.10,2.17
2015.02.24 09:28:45.438,1.84565,1.84583,1.20,2.44
2015.02.24 09:28:45.944,1.84566,1.84584,1.10,2.25
2015.02.24 09:28:46.466,1.84564,1.84584,2.14,3.56
2015.02.24 09:28:47.336,1.84564,1.84584,1.46,3.56
2015.02.24 09:28:47.788,1.84564,1.84584,1.76,3.56
2015.02.24 09:28:48.995,1.84567,1.84584,1.00,1.29
2015.02.24 09:28:49.874,1.84568,1.84586,1.32,1.34
2015.02.24 09:28:50.381,1.84568,1.84586,1.09,1.39
2015.02.24 09:28:50.684,1.8457,1.84588,1.10,3.00
2015.02.24 09:28:50.786,1.84574,1.84588,1.00,3.19
2015.02.24 09:28:51.291,1.84574,1.84588,1.00,1.00
2015.02.24 09:28:51.342,1.84574,1.84592,1.00,3.19
2015.02.24 09:28:51.849,1.84575,1.84592,1.00,2.44
2015.02.24 09:28:52.102,1.84575,1.84594,1.10,3.19
2015.02.24 09:28:52.415,1.84577,1.84597,2.25,1.39
2015.02.24 09:28:53.707,1.84576,1.84597,2.32,4.31
2015.02.24 09:28:54.020,1.84578,1.84597,2.25,2.21
2015.02.24 09:28:56.023,1.84578,1.84597,2.25,1.74
2015.02.24 09:28:57.293,1.84578,1.84593,2.32,1.19
2015.02.24 09:28:57.804,1.84585,1.84597,2.25,1.37
2015.02.24 09:28:57.855,1.84585,1.84599,2.25,1.00
2015.02.24 09:28:57.906,1.84587,1.846,2.25,1.12
2015.02.24 09:28:58.058,1.84587,1.84603,3.19,1.69
2015.02.24 09:28:58.210,1.8459,1.84607,2.44,2.06
2015.02.24 09:28:58.515,1.84594,1.84608,2.44,1.37
2015.02.24 09:28:58.616,1.84593,1.84611,1.09,1.19
2015.02.24 09:28:58.719,1.84594,1.84611,1.60,1.39
2015.02.24 09:28:58.870,1.84592,1.84611,1.84,1.46
2015.02.24 09:28:58.922,1.84592,1.84611,1.09,1.46
2015.02.24 09:28:59.143,1.84592,1.84611,6.04,1.19
2015.02.24 09:28:59.707,1.84593,1.84611,1.46,1.19
2015.02.24 09:29:00.168,1.84594,1.84613,1.39,3.56
2015.02.24 09:29:00.321,1.84591,1.84608,1.75,2.62
2015.02.24 09:29:00.422,1.84589,1.8461,2.02,5.66
2015.02.24 09:29:00.473,1.84589,1.84607,1.65,1.37
2015.02.24 09:29:00.777,1.8459,1.84607,2.25,1.37
2015.02.24 09:29:03.325,1.84594,1.84608,2.17,1.00
2015.02.24 09:29:03.477,1.84596,1.84613,1.10,1.12
2015.02.24 09:29:03.831,1.84596,1.84613,1.10,1.19
2015.02.24 09:29:05.432,1.84596,1.84613,1.10,1.19
2015.02.24 09:29:08.869,1.84597,1.84616,1.00,4.31
2015.02.24 09:29:09.175,1.84597,1.84616,3.00,2.21
2015.02.24 09:29:09.479,1.84597,1.84616,1.00,4.69
2015.02.24 09:29:09.530,1.84597,1.84613,2.17,1.31
2015.02.24 09:29:09.834,1.84596,1.84612,1.17,1.62
2015.02.24 09:29:11.162,1.84593,1.84612,3.07,1.66
2015.02.24 09:29:11.468,1.84597,1.84612,1.07,1.00
2015.02.24 09:29:11.773,1.84609,1.84626,2.25,1.56
2015.02.24 09:29:12.077,1.84612,1.84627,2.25,2.25
2015.02.24 09:29:12.594,1.84611,1.84626,2.25,1.37
2015.02.24 09:29:13.791,1.84613,1.84626,2.62,1.00
2015.02.24 09:29:14.450,1.84613,1.84626,4.35,1.37
2015.02.24 09:29:14.961,1.84612,1.84626,2.44,1.37
2015.02.24 09:29:17.172,1.8461,1.84626,2.89,1.37
2015.02.24 09:29:23.883,1.84612,1.84626,2.81,1.37
2015.02.24 09:29:25.752,1.84612,1.84633,2.70,2.81
2015.02.24 09:29:25.904,1.84615,1.84633,2.62,1.47
2015.02.24 09:29:26.107,1.84613,1.84633,1.74,1.46
2015.02.24 09:29:26.976,1.84612,1.84631,1.54,2.62
2015.02.24 09:29:27.178,1.84611,1.8463,1.76,2.81
2015.02.24 09:29:27.279,1.84611,1.84628,1.69,2.44
2015.02.24 09:29:27.785,1.84609,1.84628,2.59,3.56
2015.02.24 09:29:27.887,1.84609,1.84627,1.01,2.81
2015.02.24 09:29:29.910,1.84608,1.84625,1.00,1.39
2015.02.24 09:29:30.724,1.84608,1.84625,3.49,1.10
2015.02.24 09:29:31.028,1.84614,1.84626,2.17,2.92
2015.02.24 09:29:31.079,1.84606,1.8462,1.65,1.00
2015.02.24 09:29:31.231,1.84602,1.8462,3.19,1.10
2015.02.24 09:29:31.383,1.84602,1.8462,2.44,1.47
2015.02.24 09:29:31.701,1.84599,1.84616,3.94,1.00
2015.02.24 09:29:32.733,1.846,1.84619,1.74,1.20
2015.02.24 09:29:33.483,1.846,1.84619,1.36,1.20
2015.02.24 09:29:33.635,1.84601,1.84619,2.44,1.10
2015.02.24 09:29:33.940,1.84609,1.84625,2.17,2.55
2015.02.24 09:29:34.041,1.84611,1.84627,2.25,1.25
2015.02.24 09:29:34.092,1.84612,1.84627,2.25,1.19
2015.02.24 09:29:34.194,1.84608,1.84627,1.34,1.76
2015.02.24 09:29:34.498,1.84606,1.84623,1.36,1.20
2015.02.24 09:29:35.939,1.84605,1.84621,2.55,1.07
2015.02.24 09:29:36.244,1.84603,1.8462,3.19,1.62
2015.02.24 09:29:36.551,1.84601,1.84615,2.17,3.30
2015.02.24 09:29:36.602,1.84598,1.84615,1.00,5.66
2015.02.24 09:29:37.362,1.84598,1.84615,1.00,1.20
2015.02.24 09:29:37.514,1.84598,1.84615,1.19,1.20
2015.02.24 09:29:38.020,1.846,1.84615,2.44,1.00
2015.02.24 09:29:38.121,1.84599,1.84615,1.46,1.00
2015.02.24 09:29:38.324,1.84603,1.84617,1.00,1.25
2015.02.24 09:29:38.628,1.84598,1.84616,1.10,2.44
2015.02.24 09:29:38.730,1.84598,1.84616,1.10,2.44
2015.02.24 09:29:38.831,1.84598,1.84616,1.10,2.44
2015.02.24 09:29:39.034,1.84598,1.84616,1.10,2.44
2015.02.24 09:29:39.867,1.84598,1.84616,1.47,2.44
2015.02.24 09:29:40.528,1.84598,1.84615,1.15,1.19
2015.02.24 09:29:40.782,1.84596,1.84613,1.00,3.19
2015.02.24 09:29:42.584,1.84594,1.84611,1.26,1.09
2015.02.24 09:29:42.736,1.84594,1.84611,1.25,3.19
2015.02.24 09:29:44.269,1.84594,1.84608,1.00,2.36
2015.02.24 09:29:44.370,1.84591,1.84607,1.25,1.07
2015.02.24 09:29:44.472,1.84591,1.84608,1.25,1.20
2015.02.24 09:29:44.979,1.84591,1.84607,1.25,1.09
2015.02.24 09:29:45.333,1.84598,1.84608,1.00,1.15
2015.02.24 09:29:45.485,1.84598,1.8461,1.37,1.00
2015.02.24 09:29:45.587,1.84595,1.8461,1.20,1.00
2015.02.24 09:29:45.840,1.84595,1.84608,1.19,1.10
2015.02.24 09:29:46.707,1.84596,1.84612,2.44,2.25
2015.02.24 09:29:46.809,1.84601,1.84613,1.37,1.00
2015.02.24 09:29:46.914,1.84602,1.84616,1.47,1.00
2015.02.24 09:29:47.120,1.84603,1.84619,1.62,1.00
2015.02.24 09:29:47.373,1.84604,1.84621,1.31,1.20
2015.02.24 09:29:47.525,1.84604,1.84621,2.04,1.00
2015.02.24 09:29:47.627,1.84611,1.84628,1.56,1.10
2015.02.24 09:29:48.133,1.84612,1.8463,1.46,1.17
2015.02.24 09:29:48.235,1.84612,1.84627,1.46,1.00
2015.02.24 09:29:48.640,1.8461,1.84627,2.14,3.00
2015.02.24 09:29:49.147,1.8461,1.84626,1.66,2.25
2015.02.24 09:29:50.521,1.8461,1.84627,1.66,3.00
2015.02.24 09:29:52.903,1.8461,1.84624,2.14,2.17
2015.02.24 09:29:53.251,1.84605,1.8462,2.14,2.25
2015.02.24 09:29:53.454,1.84605,1.8462,1.31,2.62
2015.02.24 09:29:54.451,1.84605,1.8462,1.31,2.62
2015.02.24 09:29:54.626,1.84605,1.8462,1.31,2.25
2015.02.24 09:29:55.030,1.84603,1.8462,1.56,3.19
2015.02.24 09:29:56.064,1.84603,1.8462,1.56,3.00
2015.02.24 09:29:57.698,1.84607,1.8462,1.00,2.25
2015.02.24 09:29:57.851,1.84607,1.84623,1.00,2.44
2015.02.24 09:29:58.362,1.84606,1.84627,2.89,2.44
2015.02.24 09:29:59.338,1.84606,1.84627,2.89,2.44
2015.02.24 09:29:59.866,1.84606,1.84625,1.64,2.25
2015.02.24 09:30:00.372,1.84605,1.84624,1.76,4.35
2015.02.24 09:30:00.979,1.84604,1.84624,1.74,2.44
2015.02.24 09:30:01.643,1.84603,1.84624,4.09,2.44
2015.02.24 09:30:02.154,1.84607,1.84623,1.62,2.25
2015.02.24 09:30:02.458,1.84609,1.84617,1.00,2.25
2015.02.24 09:30:02.559,1.84603,1.84617,1.25,2.25
2015.02.24 09:30:03.078,1.846,1.84617,2.44,3.00
2015.02.24 09:30:03.281,1.846,1.84614,1.69,2.25
2015.02.24 09:30:03.863,1.846,1.84613,1.19,2.25
2015.02.24 09:30:04.380,1.846,1.84613,1.19,2.25
2015.02.24 09:30:04.642,1.84597,1.84612,1.76,2.25
2015.02.24 09:30:04.743,1.84596,1.84612,1.20,3.00
2015.02.24 09:30:05.250,1.84595,1.84611,1.37,2.44
2015.02.24 09:30:05.981,1.84595,1.84612,1.37,1.39
2015.02.24 09:30:06.739,1.84597,1.84612,1.00,2.44
2015.02.24 09:30:07.195,1.84597,1.84612,1.00,2.44
2015.02.24 09:30:07.807,1.846,1.84613,1.00,2.44
2015.02.24 09:30:07.959,1.84596,1.84613,1.00,2.44
2015.02.24 09:30:08.164,1.846,1.84613,1.00,2.44
2015.02.24 09:30:08.519,1.846,1.84606,1.00,2.36
2015.02.24 09:30:08.670,1.84599,1.84609,1.00,4.54
2015.02.24 09:30:08.721,1.84586,1.84603,2.17,2.92
2015.02.24 09:30:08.772,1.84585,1.84602,1.10,2.44
2015.02.24 09:30:09.295,1.84583,1.84605,4.54,4.54
2015.02.24 09:30:10.109,1.84584,1.84605,1.40,4.54
2015.02.24 09:30:11.096,1.84587,1.84605,1.00,4.54
2015.02.24 09:30:11.400,1.84589,1.84605,1.25,2.25
2015.02.24 09:30:11.704,1.84586,1.846,1.10,4.35
2015.02.24 09:30:12.109,1.8458,1.846,4.76,2.25
2015.02.24 09:30:12.465,1.8458,1.84602,4.76,2.44
2015.02.24 09:30:12.987,1.8458,1.84602,3.94,2.25
2015.02.24 09:30:13.088,1.84583,1.84603,2.44,2.25
2015.02.24 09:30:15.949,1.84583,1.84602,2.17,2.44
2015.02.24 09:30:16.000,1.84582,1.84601,1.84,2.25
2015.02.24 09:30:16.203,1.84581,1.84597,3.00,1.00
2015.02.24 09:30:16.506,1.8458,1.84597,1.09,1.10
2015.02.24 09:30:17.012,1.8458,1.84597,1.10,1.26
2015.02.24 09:30:17.316,1.8458,1.84597,3.00,1.19
2015.02.24 09:30:17.901,1.8458,1.84597,3.00,1.19
2015.02.24 09:30:18.274,1.8458,1.84597,1.00,3.19
2015.02.24 09:30:18.713,1.8458,1.84595,1.10,3.49
2015.02.24 09:30:19.017,1.8458,1.8459,1.00,2.36
2015.02.24 09:30:19.068,1.84572,1.84588,2.25,1.10
2015.02.24 09:30:19.545,1.84571,1.84588,2.17,1.29
2015.02.24 09:30:19.596,1.84569,1.84588,2.25,1.36
2015.02.24 09:30:19.900,1.84571,1.84588,3.00,1.19
2015.02.24 09:30:20.001,1.84571,1.84588,3.00,1.00
2015.02.24 09:30:20.103,1.84571,1.84588,3.00,1.19
2015.02.24 09:30:20.205,1.84569,1.84586,1.15,1.25
2015.02.24 09:30:20.622,1.8457,1.84586,2.25,1.00
2015.02.24 09:30:21.333,1.84569,1.84586,1.10,1.27
2015.02.24 09:30:21.536,1.84569,1.84586,3.00,1.12
2015.02.24 09:30:22.049,1.8457,1.84586,2.25,1.00
2015.02.24 09:30:22.556,1.84569,1.84583,2.17,1.00
2015.02.24 09:30:22.607,1.84566,1.84583,3.94,1.00
2015.02.24 09:30:23.116,1.84566,1.84583,1.17,1.00
2015.02.24 09:30:23.319,1.84563,1.84581,1.17,1.07
2015.02.24 09:30:23.831,1.84567,1.84581,2.17,2.92
2015.02.24 09:30:23.933,1.84567,1.84581,2.17,1.12
2015.02.24 09:30:24.077,1.84562,1.8458,2.92,2.25
2015.02.24 09:30:24.128,1.84562,1.84575,1.00,2.17
2015.02.24 09:30:24.331,1.84562,1.84579,1.00,2.44
2015.02.24 09:30:24.845,1.84561,1.8458,1.10,1.29
2015.02.24 09:30:25.151,1.84561,1.84578,1.10,2.74
2015.02.24 09:30:25.354,1.84558,1.84577,1.07,4.72
2015.02.24 09:30:25.455,1.84555,1.84575,5.44,2.81
2015.02.24 09:30:26.123,1.84555,1.84575,3.75,2.81
2015.02.24 09:30:26.427,1.84559,1.84576,1.34,1.19
2015.02.24 09:30:26.630,1.84559,1.84579,1.34,2.21
2015.02.24 09:30:27.135,1.84559,1.84579,1.34,1.84
2015.02.24 09:30:28.164,1.84559,1.84578,1.76,2.44
2015.02.24 09:30:28.570,1.84558,1.84575,1.19,4.35
2015.02.24 09:30:28.671,1.84555,1.84573,1.19,2.81
2015.02.24 09:30:28.874,1.84555,1.84573,1.25,3.19
2015.02.24 09:30:29.247,1.84553,1.84571,1.66,2.44
2015.02.24 09:30:29.758,1.84552,1.84571,1.64,2.44
2015.02.24 09:30:30.263,1.84552,1.84573,1.64,3.19
2015.02.24 09:30:30.943,1.84551,1.84561,3.30,2.17
2015.02.24 09:30:30.994,1.84551,1.8456,2.17,2.17
2015.02.24 09:30:31.045,1.8455,1.8456,1.00,2.62
2015.02.24 09:30:31.147,1.84544,1.8456,1.00,2.81
2015.02.24 09:30:31.248,1.84538,1.84557,2.70,1.19
2015.02.24 09:30:31.769,1.84538,1.84557,2.62,1.19
2015.02.24 09:30:32.279,1.84535,1.84556,1.66,2.81
2015.02.24 09:30:33.049,1.84535,1.84555,3.56,2.44
2015.02.24 09:30:33.555,1.84538,1.84556,1.47,2.44
2015.02.24 09:30:33.808,1.84537,1.84546,1.10,1.50
2015.02.24 09:30:33.910,1.84516,1.84525,3.67,2.51
2015.02.24 09:30:34.011,1.84522,1.84533,1.00,2.17
2015.02.24 09:30:34.062,1.84516,1.84535,1.50,4.54
2015.02.24 09:30:34.163,1.84516,1.84535,1.69,4.35
2015.02.24 09:30:34.467,1.84522,1.84539,1.00,2.25
2015.02.24 09:30:34.568,1.84522,1.84541,1.00,4.35
2015.02.24 09:30:35.074,1.84523,1.84542,2.17,2.44
2015.02.24 09:30:35.175,1.84523,1.84544,2.25,4.54
2015.02.24 09:30:35.683,1.84527,1.84546,2.17,2.81
2015.02.24 09:30:35.785,1.84527,1.84547,2.25,2.81
2015.02.24 09:30:35.887,1.84525,1.84544,2.25,2.17
2015.02.24 09:30:36.089,1.84528,1.84548,2.25,2.44
2015.02.24 09:30:36.191,1.84531,1.84549,3.67,2.25
2015.02.24 09:30:36.293,1.84538,1.84552,2.74,2.92
2015.02.24 09:30:36.445,1.84538,1.84558,2.44,2.44
2015.02.24 09:30:36.597,1.84547,1.84559,2.17,2.17
2015.02.24 09:30:36.727,1.84547,1.84567,3.00,2.44
2015.02.24 09:30:36.778,1.84549,1.84568,2.17,2.74
2015.02.24 09:30:37.308,1.84551,1.84572,1.17,2.81
2015.02.24 09:30:37.667,1.8455,1.84572,3.37,2.81
2015.02.24 09:30:38.283,1.84553,1.84573,2.62,3.19
2015.02.24 09:30:38.587,1.84548,1.84567,1.95,2.81
2015.02.24 09:30:38.689,1.84545,1.84559,1.75,2.25
2015.02.24 09:30:38.740,1.84542,1.84559,1.00,2.25
2015.02.24 09:30:38.893,1.84541,1.84557,1.00,2.25
2015.02.24 09:30:38.945,1.84539,1.84557,1.10,2.25
2015.02.24 09:30:38.996,1.84535,1.8455,1.57,2.25
2015.02.24 09:30:39.303,1.8453,1.8454,1.19,2.25
2015.02.24 09:30:39.506,1.84529,1.84546,1.19,2.25
2015.02.24 09:30:39.609,1.84529,1.84543,1.00,2.17
2015.02.24 09:30:39.811,1.84529,1.84548,3.11,2.17
2015.02.24 09:30:40.116,1.84526,1.84544,1.26,2.17
2015.02.24 09:30:40.268,1.84526,1.84546,1.00,4.54
2015.02.24 09:30:40.521,1.84526,1.84546,2.25,1.29
2015.02.24 09:30:40.884,1.84531,1.84548,2.25,1.25
2015.02.24 09:30:41.217,1.84529,1.8455,1.40,4.72
2015.02.24 09:30:41.268,1.8453,1.8455,2.25,2.55
2015.02.24 09:30:43.721,1.84531,1.84553,4.72,4.54
2015.02.24 09:30:43.823,1.84534,1.84555,2.25,1.74
2015.02.24 09:30:43.925,1.84534,1.84555,2.44,1.74
2015.02.24 09:30:44.299,1.84534,1.84555,2.44,1.74
2015.02.24 09:30:44.809,1.84531,1.84553,4.72,5.66
2015.02.24 09:30:45.323,1.84531,1.84553,4.35,5.66
2015.02.24 09:30:45.831,1.8453,1.8455,2.25,2.44
2015.02.24 09:30:46.341,1.8453,1.8455,2.25,2.44
2015.02.24 09:30:47.201,1.84528,1.84549,3.00,2.81
2015.02.24 09:30:47.303,1.84528,1.84549,2.25,2.81
2015.02.24 09:30:47.505,1.84523,1.84543,2.70,2.25
2015.02.24 09:30:48.788,1.84523,1.84542,2.32,1.36
2015.02.24 09:30:49.210,1.84528,1.84545,2.25,1.19
2015.02.24 09:30:49.312,1.84528,1.84546,2.25,1.39
2015.02.24 09:30:49.616,1.84529,1.84546,1.01,1.10
2015.02.24 09:30:49.718,1.84538,1.84555,2.25,1.12
2015.02.24 09:30:49.819,1.84538,1.84557,2.25,1.76
2015.02.24 09:30:50.929,1.84535,1.84557,4.91,5.66
2015.02.24 09:30:51.031,1.84534,1.84555,2.81,2.25
2015.02.24 09:30:51.544,1.84533,1.84553,2.81,2.25
2015.02.24 09:30:51.797,1.84533,1.84556,4.91,5.66
2015.02.24 09:30:52.238,1.84533,1.84553,2.81,2.25
2015.02.24 09:30:53.983,1.84533,1.84553,2.44,2.81
2015.02.24 09:30:54.034,1.8453,1.8455,3.07,2.81
2015.02.24 09:30:54.136,1.84528,1.84547,1.00,4.91
2015.02.24 09:30:54.238,1.84523,1.84541,1.20,2.25
2015.02.24 09:30:54.566,1.8452,1.84539,1.55,2.25
2015.02.24 09:30:54.871,1.8452,1.84539,1.17,2.25
2015.02.24 09:30:55.023,1.84521,1.84541,2.25,2.25
2015.02.24 09:30:59.624,1.84518,1.8454,4.69,2.25
2015.02.24 09:31:00.028,1.84519,1.84537,1.09,2.25
2015.02.24 09:31:00.332,1.84513,1.84533,5.14,2.25
2015.02.24 09:31:00.602,1.84516,1.84536,2.81,2.44
2015.02.24 09:31:01.226,1.84518,1.84538,2.25,2.81
2015.02.24 09:31:01.548,1.84518,1.84538,2.44,2.81
2015.02.24 09:31:01.700,1.84518,1.84538,2.44,2.44
2015.02.24 09:31:02.155,1.8452,1.8454,2.25,2.44
2015.02.24 09:31:02.661,1.84522,1.84542,3.19,2.25
2015.02.24 09:31:02.762,1.84525,1.84545,2.44,2.81
2015.02.24 09:31:02.813,1.84525,1.84545,3.19,2.44
2015.02.24 09:31:02.965,1.84532,1.84554,4.91,5.92
2015.02.24 09:31:03.066,1.84534,1.84556,4.54,2.96
2015.02.24 09:31:03.117,1.84536,1.84556,2.44,2.51
2015.02.24 09:31:04.028,1.84536,1.84556,2.44,1.66
2015.02.24 09:31:04.533,1.84536,1.84556,2.44,1.66
2015.02.24 09:31:05.178,1.84536,1.84556,2.44,1.66
2015.02.24 09:31:05.685,1.84535,1.84556,2.44,3.56
2015.02.24 09:31:06.367,1.84533,1.84555,4.54,4.91
2015.02.24 09:31:07.271,1.84533,1.84555,4.54,4.91
2015.02.24 09:31:07.574,1.8453,1.84549,1.19,4.35
2015.02.24 09:31:08.138,1.84531,1.84551,2.44,2.81
2015.02.24 09:31:08.243,1.8453,1.84549,1.26,2.25
2015.02.24 09:31:08.749,1.8453,1.84549,1.39,2.25
2015.02.24 09:31:09.537,1.84533,1.84551,1.00,2.81
2015.02.24 09:31:10.464,1.8453,1.84549,1.26,2.44
2015.02.24 09:31:10.515,1.8453,1.84549,1.32,2.44
2015.02.24 09:31:10.566,1.84531,1.8455,2.25,1.74
2015.02.24 09:31:10.768,1.84523,1.84541,1.00,4.54
2015.02.24 09:31:11.292,1.84519,1.84541,5.74,4.54
2015.02.24 09:31:11.808,1.8452,1.84541,1.46,4.35
2015.02.24 09:31:11.960,1.84521,1.84542,4.54,1.46
2015.02.24 09:31:12.887,1.84521,1.84542,4.35,1.39
2015.02.24 09:31:14.127,1.84521,1.84542,4.35,1.20
2015.02.24 09:31:17.216,1.84521,1.84543,4.35,1.71
2015.02.24 09:31:17.269,1.84518,1.84538,3.56,2.25
2015.02.24 09:31:17.472,1.84518,1.84538,1.25,4.72
2015.02.24 09:31:18.079,1.84518,1.84535,1.25,2.25
2015.02.24 09:31:21.345,1.84518,1.84535,1.57,2.17
2015.02.24 09:31:21.462,1.84522,1.84542,2.25,2.44
2015.02.24 09:31:21.565,1.84523,1.84545,5.29,4.61
2015.02.24 09:31:21.666,1.84519,1.8454,2.51,2.25
2015.02.24 09:31:21.971,1.84518,1.84536,1.31,2.25
2015.02.24 09:31:22.274,1.84518,1.8454,1.46,4.35
2015.02.24 09:31:22.477,1.84522,1.84542,2.25,3.19
2015.02.24 09:31:24.849,1.84522,1.8454,2.17,2.25
2015.02.24 09:31:24.900,1.84519,1.84539,2.51,2.25
2015.02.24 09:31:25.001,1.84517,1.84539,1.84,4.35
2015.02.24 09:31:27.077,1.84518,1.84539,1.46,6.41
2015.02.24 09:31:27.483,1.84514,1.84532,1.39,2.25
2015.02.24 09:31:27.585,1.84515,1.84533,2.44,1.39
2015.02.24 09:31:27.838,1.84513,1.84532,2.44,1.10
2015.02.24 09:31:30.894,1.84511,1.84532,2.44,1.09
2015.02.24 09:31:31.552,1.84511,1.8453,2.44,1.00
2015.02.24 09:31:31.854,1.84511,1.8453,2.44,1.00
2015.02.24 09:31:32.358,1.84511,1.84531,2.44,1.01
2015.02.24 09:31:32.969,1.84513,1.84533,1.39,5.06
2015.02.24 09:31:33.172,1.84511,1.84529,3.19,1.00
2015.02.24 09:31:33.683,1.84511,1.84528,2.44,1.00
2015.02.24 09:31:34.820,1.84509,1.84529,2.51,1.57
2015.02.24 09:31:35.634,1.84509,1.84528,3.56,1.00
2015.02.24 09:31:36.153,1.84509,1.84528,3.19,1.00
2015.02.24 09:31:36.757,1.84509,1.84529,3.19,1.10
2015.02.24 09:31:37.268,1.84509,1.84528,3.19,1.00
2015.02.24 09:31:38.380,1.84509,1.84531,2.44,2.44
2015.02.24 09:31:38.788,1.84511,1.84533,2.44,5.81
2015.02.24 09:31:38.890,1.84511,1.84528,2.44,1.00
2015.02.24 09:31:38.991,1.84511,1.84532,2.44,1.36
2015.02.24 09:31:39.195,1.84514,1.84532,2.25,1.29
2015.02.24 09:31:39.499,1.84514,1.84528,2.25,1.00
2015.02.24 09:31:39.807,1.84515,1.84533,4.35,1.00
2015.02.24 09:31:39.909,1.84515,1.84534,4.54,2.81
2015.02.24 09:31:40.011,1.84517,1.84534,2.32,1.25
2015.02.24 09:31:40.113,1.84519,1.84537,2.25,1.57
2015.02.24 09:31:40.416,1.84521,1.84537,2.25,1.00
2015.02.24 09:31:41.034,1.84521,1.84537,3.00,1.00
2015.02.24 09:31:41.085,1.8453,1.84545,4.35,1.50
2015.02.24 09:31:41.186,1.84532,1.84545,4.35,1.00
2015.02.24 09:31:41.237,1.84532,1.84547,4.72,1.00
2015.02.24 09:31:41.288,1.84536,1.84551,4.35,1.50
2015.02.24 09:31:41.390,1.84536,1.84554,4.35,1.00
2015.02.24 09:31:41.595,1.84538,1.84554,2.25,1.00
2015.02.24 09:31:41.647,1.84538,1.84557,2.25,1.31
2015.02.24 09:31:42.103,1.8454,1.84557,2.25,1.19
2015.02.24 09:31:42.609,1.8454,1.84557,2.25,1.00
2015.02.24 09:31:43.325,1.8454,1.84553,2.25,1.37
2015.02.24 09:31:43.427,1.84534,1.84547,3.56,1.00
2015.02.24 09:31:43.478,1.84534,1.84553,5.10,1.07
2015.02.24 09:31:43.529,1.84536,1.84555,2.70,1.07
2015.02.24 09:31:43.833,1.84538,1.84556,2.25,1.01
2015.02.24 09:31:47.724,1.84536,1.84556,2.44,1.09
2015.02.24 09:31:48.403,1.84538,1.84556,2.25,1.76
2015.02.24 09:31:48.504,1.84534,1.84556,1.40,6.41
2015.02.24 09:31:48.814,1.84533,1.84551,5.66,1.00
2015.02.24 09:31:49.120,1.8453,1.84547,1.46,1.10
2015.02.24 09:31:49.432,1.84524,1.84541,2.51,1.00
2015.02.24 09:31:49.887,1.84528,1.84543,2.17,2.92
2015.02.24 09:31:49.963,1.84529,1.84543,2.25,1.00
2015.02.24 09:31:50.015,1.84525,1.8454,2.44,1.00
2015.02.24 09:31:50.903,1.84523,1.8454,1.09,1.10
2015.02.24 09:31:51.004,1.84523,1.8454,1.00,3.19
2015.02.24 09:31:51.156,1.84519,1.84538,1.39,1.17
2015.02.24 09:31:51.207,1.84519,1.84536,1.31,2.25
2015.02.24 09:31:51.511,1.84522,1.84536,1.00,2.25
2015.02.24 09:31:51.562,1.8452,1.84536,1.00,2.25
2015.02.24 09:31:51.714,1.84523,1.84537,1.00,1.20
2015.02.24 09:31:51.815,1.8452,1.84537,1.00,1.20
2015.02.24 09:31:51.917,1.84518,1.84534,1.19,2.25
2015.02.24 09:31:52.169,1.84517,1.84534,1.00,2.25
2015.02.24 09:31:52.730,1.84517,1.84536,1.10,3.94
2015.02.24 09:31:53.307,1.84517,1.84536,3.00,1.84
2015.02.24 09:31:53.814,1.8452,1.84539,3.37,1.19
2015.02.24 09:31:54.118,1.84523,1.8454,3.19,1.00
2015.02.24 09:31:55.115,1.84523,1.8454,1.25,1.10
2015.02.24 09:31:58.339,1.84523,1.8454,1.09,1.00
2015.02.24 09:31:59.049,1.84524,1.8454,4.35,1.00
2015.02.24 09:31:59.580,1.84525,1.84544,1.15,1.76
2015.02.24 09:32:00.237,1.84525,1.84544,1.15,1.76
2015.02.24 09:32:00.540,1.84525,1.84544,1.15,1.76
2015.02.24 09:32:01.607,1.84525,1.84544,1.15,1.76
2015.02.24 09:32:03.713,1.84525,1.84544,1.15,1.76
2015.02.24 09:32:04.854,1.84525,1.84542,1.10,1.29
2015.02.24 09:32:05.361,1.84525,1.84544,1.15,1.76
2015.02.24 09:32:06.617,1.84526,1.84544,1.20,1.39
2015.02.24 09:32:07.956,1.84529,1.84546,1.00,5.66
2015.02.24 09:32:08.613,1.84531,1.84546,1.37,4.54
2015.02.24 09:32:08.664,1.84531,1.84548,1.37,5.10
2015.02.24 09:32:08.715,1.84534,1.84548,1.00,4.35
2015.02.24 09:32:08.766,1.84534,1.84551,1.09,1.29
2015.02.24 09:32:08.817,1.84537,1.84553,1.00,3.19
2015.02.24 09:32:09.941,1.84537,1.84553,1.00,2.44
2015.02.24 09:32:11.834,1.84537,1.84549,1.00,2.55
2015.02.24 09:32:12.088,1.84529,1.84546,1.00,1.71
2015.02.24 09:32:13.553,1.84529,1.84546,1.00,1.66
2015.02.24 09:32:14.589,1.84529,1.84546,1.00,5.66
2015.02.24 09:32:14.892,1.84526,1.84543,1.65,1.19
2015.02.24 09:32:15.145,1.84526,1.84543,1.57,1.64
2015.02.24 09:32:15.448,1.84518,1.84535,1.10,1.46
2015.02.24 09:32:15.966,1.84518,1.84535,1.10,1.36
2015.02.24 09:32:16.269,1.84518,1.84535,1.20,1.36
2015.02.24 09:32:16.371,1.84519,1.84535,2.25,1.19
2015.02.24 09:32:16.573,1.84519,1.84535,2.62,1.25
2015.02.24 09:32:16.674,1.84521,1.84535,2.25,1.31
2015.02.24 09:32:16.776,1.84522,1.84539,1.17,1.10
2015.02.24 09:32:16.877,1.84526,1.84542,1.10,1.25
2015.02.24 09:32:17.181,1.84533,1.84547,1.00,3.19
2015.02.24 09:32:17.232,1.84531,1.84547,1.00,3.19
2015.02.24 09:32:17.283,1.84531,1.84547,1.00,3.19
2015.02.24 09:32:17.472,1.84529,1.84547,1.10,3.19
2015.02.24 09:32:18.635,1.84529,1.84543,1.20,1.00
2015.02.24 09:32:19.605,1.84529,1.84545,1.46,1.25
2015.02.24 09:32:19.911,1.84531,1.84547,1.00,1.25
2015.02.24 09:32:20.429,1.84531,1.84547,1.17,1.25
2015.02.24 09:32:20.953,1.84533,1.84547,2.25,1.25
2015.02.24 09:32:21.257,1.84541,1.84551,4.35,1.00
2015.02.24 09:32:21.358,1.8454,1.84556,1.10,1.69
2015.02.24 09:32:21.460,1.84532,1.84549,1.27,1.12
2015.02.24 09:32:21.511,1.84532,1.84548,1.17,1.56
2015.02.24 09:32:21.562,1.84528,1.84544,1.47,1.10
2015.02.24 09:32:21.613,1.84528,1.84544,1.10,1.10
2015.02.24 09:32:21.714,1.84528,1.84542,1.00,1.00
2015.02.24 09:32:21.765,1.84525,1.84542,1.50,1.15
2015.02.24 09:32:21.816,1.84525,1.84539,1.00,1.19
2015.02.24 09:32:22.322,1.84525,1.84539,1.00,1.00
2015.02.24 09:32:24.151,1.84526,1.84539,1.10,1.00
2015.02.24 09:32:25.664,1.84526,1.84543,1.10,1.46
2015.02.24 09:32:25.816,1.84524,1.84543,3.75,1.74
2015.02.24 09:32:25.867,1.84524,1.84542,1.57,2.81
2015.02.24 09:32:26.372,1.84522,1.84539,2.25,1.25
2015.02.24 09:32:27.470,1.84523,1.84539,2.25,1.25
2015.02.24 09:32:28.084,1.84526,1.84539,2.25,1.00
2015.02.24 09:32:28.490,1.84526,1.84541,2.25,1.00
2015.02.24 09:32:28.591,1.84524,1.84541,2.25,1.00
2015.02.24 09:32:29.056,1.84527,1.84541,2.25,1.00
2015.02.24 09:32:29.359,1.84529,1.84544,2.25,1.19
2015.02.24 09:32:29.410,1.84529,1.84544,2.25,1.00
2015.02.24 09:32:31.518,1.84529,1.84547,2.25,1.29
2015.02.24 09:32:32.215,1.8453,1.84547,4.35,1.19
2015.02.24 09:32:33.311,1.84532,1.84551,1.20,1.84
2015.02.24 09:32:33.413,1.84532,1.84547,1.20,1.69
2015.02.24 09:32:33.464,1.84527,1.84545,1.50,1.01
2015.02.24 09:32:33.817,1.84522,1.8454,2.44,1.10
2015.02.24 09:32:33.969,1.84524,1.8454,4.54,1.00
2015.02.24 09:32:34.706,1.84524,1.8454,4.35,1.19
2015.02.24 09:32:35.856,1.84524,1.8454,4.35,1.19
2015.02.24 09:32:35.907,1.84522,1.8454,4.72,1.19
2015.02.24 09:32:36.911,1.84522,1.8454,4.35,1.19
2015.02.24 09:32:37.268,1.84521,1.8454,1.10,1.29
2015.02.24 09:32:37.420,1.8452,1.84537,1.17,1.19
2015.02.24 09:32:37.622,1.84518,1.84535,1.00,1.10
2015.02.24 09:32:37.673,1.84518,1.84532,1.00,4.35
2015.02.24 09:32:37.774,1.84516,1.84533,1.00,3.19
2015.02.24 09:32:37.978,1.84517,1.84533,1.10,1.01
2015.02.24 09:32:38.028,1.84523,1.84533,1.00,1.29
2015.02.24 09:32:38.130,1.84512,1.84529,2.25,1.25
2015.02.24 09:32:38.282,1.84511,1.84528,1.15,1.25
2015.02.24 09:32:38.434,1.84508,1.84529,4.35,1.65
2015.02.24 09:32:38.486,1.84513,1.84529,2.25,1.00
2015.02.24 09:32:38.638,1.84515,1.84533,2.25,1.10
2015.02.24 09:32:38.689,1.84513,1.84533,2.25,2.25
2015.02.24 09:32:38.917,1.84515,1.84537,2.25,2.44
2015.02.24 09:32:38.969,1.84517,1.84538,2.17,3.19
2015.02.24 09:32:39.275,1.84519,1.84536,5.10,1.00
2015.02.24 09:32:39.479,1.84519,1.84536,1.10,1.26
2015.02.24 09:32:39.530,1.84517,1.84533,2.25,1.19
2015.02.24 09:32:39.885,1.84515,1.84532,2.25,1.19
2015.02.24 09:32:40.088,1.84514,1.84524,1.00,2.25
2015.02.24 09:32:40.190,1.84509,1.84525,1.20,1.00
2015.02.24 09:32:40.291,1.84506,1.84524,1.10,2.25
2015.02.24 09:32:40.596,1.84504,1.84523,3.00,1.84
2015.02.24 09:32:41.709,1.84504,1.84522,1.00,2.44
2015.02.24 09:32:42.833,1.84504,1.84522,1.00,2.44
2015.02.24 09:32:43.191,1.84504,1.84519,1.00,2.44
2015.02.24 09:32:44.108,1.84504,1.84522,1.00,2.44
2015.02.24 09:32:44.900,1.84504,1.84522,1.17,1.36
2015.02.24 09:32:45.153,1.84504,1.84521,1.17,1.29
2015.02.24 09:32:45.763,1.84503,1.84517,2.25,1.00
2015.02.24 09:32:46.273,1.84503,1.84519,2.25,1.69
2015.02.24 09:32:46.527,1.845,1.84519,1.55,1.69
2015.02.24 09:32:47.346,1.845,1.84519,1.74,1.69
2015.02.24 09:32:47.397,1.84501,1.84519,4.91,1.25
2015.02.24 09:32:47.700,1.84504,1.8452,2.25,1.19
2015.02.24 09:32:48.224,1.84504,1.8452,2.62,1.00
2015.02.24 09:32:50.979,1.84504,1.8452,2.62,1.19
2015.02.24 09:32:51.490,1.84504,1.8452,2.62,1.00
2015.02.24 09:32:53.757,1.84504,1.84518,2.25,1.50
2015.02.24 09:32:53.808,1.84498,1.84516,1.20,2.25
2015.02.24 09:32:53.910,1.84494,1.84511,3.75,1.00
2015.02.24 09:32:54.425,1.84494,1.84511,2.25,1.50
2015.02.24 09:32:55.036,1.84492,1.84511,1.55,3.00
2015.02.24 09:32:55.351,1.84492,1.84508,1.12,2.25
2015.02.24 09:32:58.437,1.84492,1.84511,1.12,3.94
2015.02.24 09:32:58.489,1.84492,1.84511,1.37,3.00
2015.02.24 09:32:58.743,1.84492,1.84511,2.02,1.20
2015.02.24 09:32:59.274,1.84492,1.84511,2.02,1.20
2015.02.24 09:32:59.325,1.84492,1.84509,1.95,2.25
2015.02.24 09:32:59.376,1.84492,1.84509,1.10,2.44
2015.02.24 09:32:59.427,1.8449,1.84504,1.47,2.25
2015.02.24 09:32:59.580,1.84488,1.84504,1.00,3.00
2015.02.24 09:32:59.985,1.84485,1.84502,1.65,1.07
2015.02.24 09:33:00.490,1.84485,1.84502,1.72,1.10
2015.02.24 09:33:01.202,1.84485,1.84499,1.27,1.00
2015.02.24 09:33:01.405,1.84476,1.84492,1.67,1.25
2015.02.24 09:33:01.507,1.84476,1.84492,1.85,1.29
2015.02.24 09:33:01.659,1.84475,1.84492,1.17,1.29
2015.02.24 09:33:01.811,1.84478,1.84494,1.00,2.44
2015.02.24 09:33:01.912,1.84474,1.84494,2.51,2.44
2015.02.24 09:33:02.013,1.84473,1.84493,2.59,2.44
2015.02.24 09:33:02.065,1.84474,1.84493,2.00,2.44
2015.02.24 09:33:02.620,1.84473,1.84493,1.76,2.44
2015.02.24 09:33:03.163,1.84473,1.84493,1.76,2.44
2015.02.24 09:33:03.902,1.84473,1.84493,1.39,2.44
2015.02.24 09:33:04.992,1.84473,1.84493,1.76,2.44
2015.02.24 09:33:05.863,1.84473,1.84493,1.39,3.19
2015.02.24 09:33:06.839,1.84472,1.84489,1.00,2.81
2015.02.24 09:33:06.890,1.8447,1.84489,1.50,2.81
2015.02.24 09:33:06.941,1.8447,1.84489,1.00,3.19
2015.02.24 09:33:07.042,1.84468,1.84488,1.01,2.81
2015.02.24 09:33:07.301,1.84472,1.84488,1.00,2.44
2015.02.24 09:33:07.605,1.84468,1.8449,5.81,5.66
2015.02.24 09:33:07.757,1.84468,1.84488,1.46,4.54
2015.02.24 09:33:08.124,1.84468,1.84488,1.46,5.29
2015.02.24 09:33:08.226,1.84468,1.84488,1.54,5.29
2015.02.24 09:33:08.327,1.84468,1.84488,3.26,3.19
2015.02.24 09:33:08.580,1.84467,1.84488,2.29,4.54
2015.02.24 09:33:08.732,1.84473,1.84488,1.00,4.54
2015.02.24 09:33:08.833,1.84468,1.84488,1.46,4.54
2015.02.24 09:33:09.464,1.84468,1.84487,4.91,1.19
2015.02.24 09:33:09.932,1.84467,1.84487,1.46,1.36
2015.02.24 09:33:10.923,1.84467,1.84488,1.46,3.19
2015.02.24 09:33:10.974,1.8447,1.84488,2.25,1.01
2015.02.24 09:33:11.308,1.84473,1.84491,1.07,1.32
2015.02.24 09:33:15.721,1.84473,1.84491,1.07,1.26
2015.02.24 09:33:16.758,1.84473,1.84491,1.07,1.26
2015.02.24 09:33:17.062,1.84476,1.84496,3.56,2.44
2015.02.24 09:33:17.579,1.84476,1.84497,1.77,1.34
2015.02.24 09:33:18.142,1.84476,1.84497,1.71,1.34
2015.02.24 09:33:18.430,1.84476,1.84497,1.71,1.40
2015.02.24 09:33:18.481,1.84476,1.84497,2.59,1.40
2015.02.24 09:33:18.987,1.84479,1.84497,3.37,1.01
2015.02.24 09:33:19.291,1.84472,1.84491,3.37,2.02
2015.02.24 09:33:19.392,1.84468,1.84487,1.19,3.19
2015.02.24 09:33:19.595,1.84469,1.84488,2.81,1.69
2015.02.24 09:33:20.201,1.84468,1.84487,3.56,1.01
2015.02.24 09:33:20.858,1.84468,1.84483,2.81,1.00
2015.02.24 09:33:21.112,1.84471,1.84488,2.62,1.19
2015.02.24 09:33:21.895,1.84471,1.84488,2.25,1.00
2015.02.24 09:33:22.396,1.84471,1.84491,2.25,3.19
2015.02.24 09:33:23.264,1.8447,1.84488,2.17,2.74
2015.02.24 09:33:23.315,1.84469,1.84488,1.50,4.91
2015.02.24 09:33:23.366,1.84469,1.84484,1.00,2.36
2015.02.24 09:33:23.418,1.84465,1.84484,1.17,2.44
2015.02.24 09:33:23.519,1.84462,1.84483,3.37,2.25
2015.02.24 09:33:23.570,1.84461,1.84479,3.56,2.17
2015.02.24 09:33:23.773,1.8446,1.84479,1.76,4.35
2015.02.24 09:33:24.320,1.8446,1.84479,1.27,4.35
2015.02.24 09:33:25.179,1.8446,1.84479,2.92,2.25
2015.02.24 09:33:25.711,1.8446,1.8448,3.00,3.00
2015.02.24 09:33:28.305,1.84468,1.84481,2.17,2.17
2015.02.24 09:33:28.356,1.84468,1.84483,2.25,1.00
2015.02.24 09:33:28.458,1.84466,1.84487,2.81,3.19
2015.02.24 09:33:28.610,1.84465,1.84483,2.51,2.17
2015.02.24 09:33:28.661,1.84464,1.84483,1.69,2.25
2015.02.24 09:33:28.712,1.84464,1.84483,1.31,2.25
2015.02.24 09:33:28.814,1.84461,1.84481,3.94,1.01
2015.02.24 09:33:29.169,1.8446,1.8448,3.45,2.36
2015.02.24 09:33:29.372,1.8446,1.8448,1.30,5.29
2015.02.24 09:33:29.979,1.8446,1.8448,3.00,3.19
2015.02.24 09:33:30.179,1.8446,1.8448,3.00,1.01
2015.02.24 09:33:30.281,1.8446,1.84479,1.15,2.55
2015.02.24 09:33:31.263,1.8446,1.84479,1.07,2.81
2015.02.24 09:33:32.245,1.84461,1.84479,2.25,2.36
2015.02.24 09:33:32.397,1.84461,1.8448,4.35,1.19
2015.02.24 09:33:32.549,1.84466,1.8448,2.17,1.00
2015.02.24 09:33:32.752,1.8447,1.84488,2.25,1.07
2015.02.24 09:33:32.853,1.8447,1.8449,4.35,1.46
2015.02.24 09:33:33.670,1.8447,1.8449,4.54,1.09
2015.02.24 09:33:33.771,1.8447,1.84489,2.36,2.17
2015.02.24 09:33:33.822,1.84469,1.84488,1.36,2.25
2015.02.24 09:33:35.176,1.84469,1.84488,3.75,2.92
2015.02.24 09:33:35.227,1.8447,1.8449,3.37,3.19
2015.02.24 09:33:35.480,1.8447,1.84489,1.00,2.44
2015.02.24 09:33:35.986,1.84467,1.84489,2.62,2.81
2015.02.24 09:33:37.822,1.84469,1.84488,1.10,1.36
2015.02.24 09:33:38.431,1.84469,1.84487,1.00,4.54
2015.02.24 09:33:40.464,1.84469,1.84487,1.20,2.17
2015.02.24 09:33:40.565,1.84469,1.84489,3.37,3.00
2015.02.24 09:33:41.121,1.8447,1.84489,1.55,2.25
2015.02.24 09:33:41.626,1.8447,1.84489,1.17,2.44
2015.02.24 09:33:42.294,1.8447,1.84489,1.17,2.44
2015.02.24 09:33:42.445,1.84467,1.84484,1.00,2.25
2015.02.24 09:33:42.698,1.84467,1.84486,1.10,3.19
2015.02.24 09:33:42.800,1.84467,1.84486,1.34,1.20
2015.02.24 09:33:43.002,1.84469,1.84486,2.25,1.00
2015.02.24 09:33:43.521,1.84471,1.84488,1.10,1.09
2015.02.24 09:33:43.831,1.84474,1.84488,2.25,1.00
2015.02.24 09:33:43.882,1.84474,1.84491,2.92,1.25
2015.02.24 09:33:43.933,1.84474,1.84491,1.10,1.26
2015.02.24 09:33:44.003,1.84474,1.8449,1.10,2.44
2015.02.24 09:33:44.104,1.84471,1.84488,1.00,3.00
2015.02.24 09:33:46.892,1.84473,1.84488,2.17,2.92
2015.02.24 09:33:46.943,1.84476,1.84493,1.07,1.76
2015.02.24 09:33:47.247,1.84476,1.84492,1.00,2.44
2015.02.24 09:33:47.399,1.84473,1.8449,1.07,1.10
2015.02.24 09:33:48.339,1.84473,1.8449,1.00,3.00
2015.02.24 09:33:51.528,1.84473,1.8449,1.19,3.00
2015.02.24 09:33:51.629,1.84476,1.84493,1.47,1.00
2015.02.24 09:33:51.730,1.84478,1.84494,4.35,1.00
2015.02.24 09:33:52.039,1.84482,1.84499,1.00,1.34
2015.02.24 09:33:52.141,1.84482,1.84499,1.00,1.40
2015.02.24 09:33:53.814,1.84483,1.84499,1.07,1.07
2015.02.24 09:33:53.865,1.84484,1.84503,1.17,3.19
2015.02.24 09:33:54.169,1.84488,1.84503,1.00,3.19
2015.02.24 09:33:54.497,1.84484,1.84503,1.17,3.19
2015.02.24 09:33:55.012,1.84484,1.84503,1.27,3.19
2015.02.24 09:33:55.451,1.84485,1.84503,2.25,1.25
2015.02.24 09:33:55.957,1.84484,1.84503,1.71,1.09
2015.02.24 09:33:58.339,1.84484,1.84503,1.77,1.20
2015.02.24 09:33:58.642,1.84484,1.84502,1.01,2.25
2015.02.24 09:34:01.311,1.84486,1.84502,2.17,2.36
2015.02.24 09:34:01.362,1.84488,1.84503,2.25,1.00
2015.02.24 09:34:01.463,1.84487,1.84504,1.10,1.27
2015.02.24 09:34:01.666,1.84492,1.84505,1.00,2.40
2015.02.24 09:34:01.767,1.84492,1.84509,1.17,2.14
2015.02.24 09:34:01.818,1.84492,1.84509,3.00,1.01
2015.02.24 09:34:01.919,1.84494,1.84509,2.25,1.00
2015.02.24 09:34:02.073,1.84495,1.84515,2.25,2.44
2015.02.24 09:34:02.809,1.84495,1.84515,2.25,2.44
2015.02.24 09:34:03.315,1.84497,1.84514,2.02,1.07
2015.02.24 09:34:03.820,1.84497,1.84514,2.02,1.00
2015.02.24 09:34:05.074,1.84497,1.84514,1.10,1.32
2015.02.24 09:34:05.529,1.84494,1.84511,2.36,2.17
2015.02.24 09:34:05.579,1.84493,1.8451,1.50,2.25
2015.02.24 09:34:05.884,1.84491,1.84508,1.25,1.15
2015.02.24 09:34:07.170,1.84491,1.84508,1.62,1.15
2015.02.24 09:34:07.675,1.84491,1.84508,1.46,1.10
2015.02.24 09:34:10.896,1.84491,1.84508,1.74,1.10
2015.02.24 09:34:12.149,1.84493,1.8451,1.57,1.25
2015.02.24 09:34:15.523,1.84493,1.8451,1.27,1.25
2015.02.24 09:34:17.153,1.84493,1.84509,1.20,2.17
2015.02.24 09:34:17.304,1.8449,1.84507,2.06,1.20
2015.02.24 09:34:17.459,1.84491,1.84506,2.17,1.00
2015.02.24 09:34:17.579,1.84488,1.84506,2.81,1.10
2015.02.24 09:34:18.476,1.84489,1.84506,2.81,1.10
2015.02.24 09:34:20.606,1.8449,1.84507,1.52,1.00
2015.02.24 09:34:20.912,1.84491,1.8451,2.02,1.34
2015.02.24 09:34:21.065,1.84493,1.8451,2.17,1.26
2015.02.24 09:34:21.267,1.84491,1.8451,6.22,1.19
2015.02.24 09:34:21.811,1.84491,1.8451,6.41,1.25
2015.02.24 09:34:23.850,1.84491,1.8451,6.60,1.00
2015.02.24 09:34:23.901,1.84494,1.84513,1.37,1.40
2015.02.24 09:34:23.952,1.84497,1.84513,2.17,1.07
2015.02.24 09:34:24.003,1.84499,1.84516,1.10,1.09
2015.02.24 09:34:24.256,1.84499,1.84516,3.11,1.10
2015.02.24 09:34:24.660,1.84502,1.84519,1.00,1.26
2015.02.24 09:34:25.166,1.84502,1.84519,1.17,1.39
2015.02.24 09:34:25.217,1.84501,1.84514,2.25,1.00
2015.02.24 09:34:25.268,1.84495,1.84514,1.10,1.34
2015.02.24 09:34:25.571,1.84495,1.84514,3.00,1.36
2015.02.24 09:34:26.330,1.84495,1.84514,3.19,1.09
2015.02.24 09:34:26.835,1.84498,1.84515,1.00,3.19
2015.02.24 09:34:28.388,1.84498,1.84515,3.00,1.00
2015.02.24 09:34:30.179,1.84498,1.8451,2.25,1.00
2015.02.24 09:34:30.282,1.84491,1.8451,4.57,1.07
2015.02.24 09:34:31.293,1.84491,1.84509,1.01,2.25
2015.02.24 09:34:31.395,1.84488,1.84507,1.20,1.39
2015.02.24 09:34:33.031,1.84488,1.84507,1.57,1.39
2015.02.24 09:34:33.334,1.84495,1.84512,3.00,1.12
2015.02.24 09:34:33.840,1.84497,1.84513,1.10,1.01
2015.02.24 09:34:34.144,1.84495,1.84511,2.25,1.00
2015.02.24 09:34:34.809,1.84495,1.84513,1.00,1.36
2015.02.24 09:34:35.450,1.84495,1.84513,1.00,1.36
2015.02.24 09:34:36.992,1.84495,1.84513,1.25,1.36
2015.02.24 09:34:37.460,1.84495,1.84513,1.00,1.36
2015.02.24 09:34:37.864,1.84492,1.84511,1.09,1.34
2015.02.24 09:34:38.572,1.84492,1.84511,1.20,1.34
2015.02.24 09:34:38.623,1.8449,1.84507,1.10,1.17
2015.02.24 09:34:39.860,1.8449,1.84507,1.10,1.36
2015.02.24 09:34:40.989,1.8449,1.84507,1.10,1.36
2015.02.24 09:34:42.152,1.84494,1.84508,1.00,2.44
2015.02.24 09:34:42.507,1.84492,1.84509,1.00,1.36
2015.02.24 09:34:43.014,1.84492,1.84509,1.00,1.17
2015.02.24 09:34:43.546,1.84489,1.84507,1.36,1.00
2015.02.24 09:34:44.441,1.84489,1.84508,1.36,1.01
2015.02.24 09:34:44.492,1.84489,1.84508,1.09,1.29
2015.02.24 09:34:45.876,1.84489,1.84508,1.17,1.29
2015.02.24 09:34:46.202,1.84489,1.84505,1.00,1.56
2015.02.24 09:34:46.253,1.84487,1.84503,1.00,2.44
2015.02.24 09:34:46.304,1.84487,1.84503,1.00,2.44
2015.02.24 09:34:46.355,1.84483,1.845,3.00,1.56
2015.02.24 09:34:46.406,1.84483,1.84499,1.00,4.91
2015.02.24 09:34:46.457,1.84479,1.84498,1.20,1.34
2015.02.24 09:34:46.508,1.84479,1.84495,1.00,2.44
2015.02.24 09:34:46.559,1.84477,1.84492,1.10,1.00
2015.02.24 09:34:46.661,1.84475,1.84489,3.00,1.00
2015.02.24 09:34:46.915,1.84474,1.84489,1.00,1.00
2015.02.24 09:34:47.425,1.84472,1.84489,1.34,1.00
2015.02.24 09:34:47.781,1.84478,1.84493,1.00,4.35
2015.02.24 09:34:47.831,1.84478,1.84495,1.00,3.00
2015.02.24 09:34:47.934,1.84478,1.84495,3.00,1.00
2015.02.24 09:34:48.441,1.84476,1.84495,2.14,1.17
2015.02.24 09:34:48.493,1.84476,1.84492,1.95,1.00
2015.02.24 09:34:48.595,1.84473,1.8449,1.07,1.10
2015.02.24 09:34:48.645,1.84473,1.8449,1.00,5.10
2015.02.24 09:34:48.696,1.84471,1.8449,1.31,5.10
2015.02.24 09:34:48.848,1.8447,1.84486,1.56,2.25
2015.02.24 09:34:50.023,1.84471,1.84489,1.01,2.25
2015.02.24 09:34:50.251,1.84471,1.8449,1.74,1.10
2015.02.24 09:34:50.456,1.84471,1.8449,1.74,1.10
2015.02.24 09:34:50.970,1.84473,1.8449,2.62,1.00
2015.02.24 09:34:51.325,1.84476,1.84492,2.25,1.25
2015.02.24 09:34:54.996,1.84476,1.84492,2.25,1.19
2015.02.24 09:34:55.047,1.84473,1.84491,3.75,1.01
2015.02.24 09:34:55.755,1.84474,1.84491,4.54,1.00
2015.02.24 09:34:56.680,1.84474,1.84491,4.91,1.00
2015.02.24 09:34:56.781,1.84478,1.84497,1.20,1.40
2015.02.24 09:34:56.832,1.84479,1.84497,2.44,1.29
2015.02.24 09:34:58.290,1.84479,1.84492,2.44,1.00
2015.02.24 09:34:58.442,1.84473,1.84492,1.36,3.75
2015.02.24 09:34:58.543,1.84473,1.84492,1.36,4.31
2015.02.24 09:34:58.955,1.84473,1.8449,1.19,2.81
2015.02.24 09:34:59.618,1.84473,1.8449,1.00,2.44
2015.02.24 09:35:00.653,1.84472,1.84489,1.10,1.09
2015.02.24 09:35:01.162,1.84472,1.84489,1.00,5.29
2015.02.24 09:35:01.264,1.84472,1.84489,1.20,1.25
2015.02.24 09:35:01.772,1.84472,1.84489,1.39,1.00
2015.02.24 09:35:02.756,1.84472,1.84489,1.09,1.25
2015.02.24 09:35:03.626,1.8447,1.84484,4.35,1.00
2015.02.24 09:35:03.677,1.84467,1.84484,1.00,3.00
2015.02.24 09:35:03.728,1.84464,1.84481,1.57,1.25
2015.02.24 09:35:03.779,1.84464,1.84479,1.50,2.25
2015.02.24 09:35:03.880,1.84461,1.84479,1.10,2.44
2015.02.24 09:35:04.444,1.84461,1.84479,2.21,2.17
2015.02.24 09:35:04.495,1.84461,1.8448,4.31,1.00
2015.02.24 09:35:05.001,1.84465,1.84483,1.00,5.10
2015.02.24 09:35:05.511,1.84464,1.84483,1.00,5.29
2015.02.24 09:35:07.015,1.84462,1.84481,1.65,1.20
2015.02.24 09:35:07.977,1.84464,1.84481,2.25,1.00
2015.02.24 09:35:09.254,1.84465,1.84481,2.25,1.00
2015.02.24 09:35:09.897,1.84467,1.84482,1.20,1.00
2015.02.24 09:35:10.201,1.84468,1.84484,2.25,1.00
2015.02.24 09:35:10.454,1.8447,1.84487,1.10,2.51
2015.02.24 09:35:11.013,1.8447,1.84486,1.00,2.25
2015.02.24 09:35:11.215,1.8447,1.84487,1.00,1.20
2015.02.24 09:35:11.367,1.8447,1.84487,1.00,3.75
2015.02.24 09:35:12.768,1.8447,1.84485,1.00,2.25
2015.02.24 09:35:12.870,1.84465,1.84484,1.84,1.15
2015.02.24 09:35:13.382,1.84465,1.84484,2.21,1.00
2015.02.24 09:35:13.904,1.84466,1.84484,1.46,1.25
2015.02.24 09:35:14.766,1.84465,1.84484,1.84,1.32
2015.02.24 09:35:14.868,1.84465,1.84484,1.84,1.07
2015.02.24 09:35:14.919,1.84469,1.84486,1.31,1.09
2015.02.24 09:35:14.970,1.84469,1.84486,3.49,1.07
2015.02.24 09:35:15.283,1.84472,1.84489,1.10,1.00
2015.02.24 09:35:15.488,1.84473,1.84489,2.17,1.10
2015.02.24 09:35:15.591,1.84475,1.84491,1.07,1.01
2015.02.24 09:35:16.098,1.84475,1.84492,1.00,3.94
2015.02.24 09:35:16.200,1.84473,1.84492,3.00,1.01
2015.02.24 09:35:16.722,1.84476,1.84492,1.00,1.01
2015.02.24 09:35:16.875,1.84477,1.84494,1.09,1.26
2015.02.24 09:35:17.381,1.84477,1.84494,3.00,1.25
2015.02.24 09:35:17.634,1.84477,1.84494,1.10,1.09
2015.02.24 09:35:17.888,1.84476,1.84491,2.44,1.00
2015.02.24 09:35:18.142,1.84478,1.84494,2.25,1.00
2015.02.24 09:35:18.448,1.84475,1.84494,1.10,1.17
2015.02.24 09:35:18.600,1.84475,1.84494,3.00,1.07
2015.02.24 09:35:19.005,1.84477,1.84494,2.25,1.00
2015.02.24 09:35:19.208,1.8448,1.84499,1.07,3.19
2015.02.24 09:35:19.563,1.8448,1.84497,1.00,2.25
2015.02.24 09:35:19.665,1.84476,1.84493,1.00,1.17
2015.02.24 09:35:19.818,1.84472,1.8449,1.29,2.25
2015.02.24 09:35:19.920,1.84472,1.8449,1.01,2.44
2015.02.24 09:35:20.423,1.8447,1.84487,3.00,1.69
2015.02.24 09:35:20.625,1.8447,1.84487,1.00,1.32
2015.02.24 09:35:20.930,1.8447,1.84485,2.44,1.00
2015.02.24 09:35:21.031,1.84468,1.84485,1.65,1.00
2015.02.24 09:35:21.573,1.84468,1.84485,1.50,1.07
2015.02.24 09:35:21.624,1.84469,1.84485,2.92,1.07
2015.02.24 09:35:21.675,1.8447,1.84489,2.92,3.19
2015.02.24 09:35:21.776,1.8447,1.84488,1.10,2.25
2015.02.24 09:35:22.084,1.8447,1.84483,1.10,1.00
2015.02.24 09:35:22.339,1.8447,1.84487,1.10,1.09
2015.02.24 09:35:22.441,1.84468,1.84485,1.20,1.07
2015.02.24 09:35:22.846,1.84469,1.84485,2.25,1.00
2015.02.24 09:35:23.050,1.84468,1.84485,1.17,1.00
2015.02.24 09:35:23.578,1.84468,1.84485,1.20,1.25
2015.02.24 09:35:23.828,1.84468,1.84483,1.20,1.00
2015.02.24 09:35:23.984,1.84468,1.84485,1.20,1.25
2015.02.24 09:35:24.087,1.84468,1.84482,1.20,1.00
2015.02.24 09:35:25.624,1.84468,1.84483,1.20,1.00
2015.02.24 09:35:26.180,1.84468,1.84485,1.20,1.19
2015.02.24 09:35:27.291,1.84468,1.84485,1.20,1.56
2015.02.24 09:35:27.595,1.84468,1.84485,1.00,1.76
2015.02.24 09:35:28.629,1.84468,1.84485,1.00,1.46
2015.02.24 09:35:30.899,1.84468,1.84482,1.00,1.00
2015.02.24 09:35:31.407,1.84468,1.84485,1.10,1.46
2015.02.24 09:35:33.123,1.84468,1.84483,1.00,3.19
2015.02.24 09:35:34.160,1.84468,1.84483,1.00,4.54
2015.02.24 09:35:36.554,1.84468,1.84483,1.00,2.44
2015.02.24 09:35:36.757,1.84468,1.84485,1.12,3.19
2015.02.24 09:35:36.809,1.84468,1.84485,1.47,1.25
2015.02.24 09:35:36.961,1.8447,1.84487,1.12,1.25
2015.02.24 09:35:37.012,1.8447,1.84487,3.37,1.25
2015.02.24 09:35:37.316,1.8447,1.84487,1.10,1.01
2015.02.24 09:35:37.367,1.8447,1.84487,1.10,1.66
2015.02.24 09:35:37.469,1.8447,1.84487,1.10,1.76
2015.02.24 09:35:37.825,1.8447,1.84486,1.00,4.91
2015.02.24 09:35:38.500,1.84468,1.84485,1.00,1.15
2015.02.24 09:35:39.715,1.84468,1.84483,1.00,1.00
2015.02.24 09:35:40.023,1.84468,1.84483,1.00,1.37
2015.02.24 09:35:40.327,1.84465,1.84482,1.10,1.26
2015.02.24 09:35:40.684,1.84467,1.84483,1.00,3.19
2015.02.24 09:35:41.806,1.84467,1.84481,1.00,2.36
2015.02.24 09:35:42.817,1.84467,1.84483,1.00,2.44
2015.02.24 09:35:43.324,1.84467,1.84484,1.00,2.44
2015.02.24 09:35:44.735,1.84465,1.84483,1.07,1.32
2015.02.24 09:35:47.089,1.84464,1.84483,3.56,1.26
2015.02.24 09:35:47.660,1.84464,1.84483,3.19,1.32
2015.02.24 09:35:47.812,1.84467,1.84483,2.55,1.25
2015.02.24 09:35:47.964,1.84466,1.84482,1.00,1.50
2015.02.24 09:35:48.471,1.84465,1.84482,1.84,1.00
2015.02.24 09:35:48.926,1.84465,1.84481,1.76,2.17
2015.02.24 09:35:50.709,1.84463,1.84481,1.01,3.19
2015.02.24 09:35:52.462,1.84462,1.84481,1.55,3.19
2015.02.24 09:35:52.881,1.84462,1.84481,1.84,3.19
2015.02.24 09:35:53.084,1.84464,1.84481,1.65,1.25
2015.02.24 09:35:53.236,1.84465,1.84484,1.57,1.34
2015.02.24 09:35:53.905,1.84467,1.84485,1.37,4.54
2015.02.24 09:35:55.519,1.84469,1.84482,2.55,1.00
2015.02.24 09:35:56.037,1.84469,1.84483,3.37,1.25
2015.02.24 09:35:59.623,1.84469,1.84488,3.00,2.51
2015.02.24 09:35:59.927,1.84473,1.84488,1.00,1.01
2015.02.24 09:35:59.978,1.84473,1.84488,5.10,1.25
2015.02.24 09:36:00.333,1.84474,1.8449,2.17,1.00
2015.02.24 09:36:00.384,1.84474,1.8449,4.35,1.37
2015.02.24 09:36:00.537,1.84473,1.8449,1.09,1.00
2015.02.24 09:36:00.942,1.84476,1.84494,2.17,1.36
2015.02.24 09:36:01.526,1.84476,1.84492,2.25,1.00
2015.02.24 09:36:01.830,1.84475,1.84492,1.17,1.10
2015.02.24 09:36:04.041,1.84475,1.84492,1.01,1.10
2015.02.24 09:36:04.696,1.84475,1.84494,1.09,3.19
2015.02.24 09:36:09.247,1.84475,1.84492,1.17,1.29
2015.02.24 09:36:10.310,1.84475,1.84493,1.17,1.09
2015.02.24 09:36:10.613,1.84475,1.84487,1.00,2.44
2015.02.24 09:36:10.816,1.84471,1.84487,1.00,2.44
2015.02.24 09:36:10.917,1.84471,1.84488,1.00,1.39
2015.02.24 09:36:11.894,1.84471,1.84487,1.00,2.36
2015.02.24 09:36:12.430,1.84471,1.84487,1.00,2.44
2015.02.24 09:36:13.550,1.84471,1.84487,1.00,2.44
2015.02.24 09:36:14.388,1.84471,1.84486,1.00,2.36
2015.02.24 09:36:15.048,1.84471,1.84486,1.00,2.44
2015.02.24 09:36:15.934,1.84471,1.84483,1.00,2.36
2015.02.24 09:36:15.985,1.84468,1.84481,1.00,2.25
2015.02.24 09:36:16.188,1.84468,1.84484,1.00,2.44
2015.02.24 09:36:17.624,1.84468,1.84485,1.00,1.09
2015.02.24 09:36:19.870,1.84468,1.84485,1.50,1.09
2015.02.24 09:36:20.338,1.8447,1.84486,1.37,2.44
2015.02.24 09:36:20.388,1.8447,1.84485,1.00,2.44
2015.02.24 09:36:21.010,1.8447,1.84487,1.37,1.84
2015.02.24 09:36:21.060,1.8447,1.84487,1.62,1.46
2015.02.24 09:36:21.212,1.84472,1.84487,2.62,1.00
2015.02.24 09:36:21.517,1.8447,1.84487,1.20,1.00
2015.02.24 09:36:21.568,1.8447,1.84487,1.20,1.19
2015.02.24 09:36:21.669,1.8447,1.84487,1.20,1.00
2015.02.24 09:36:21.720,1.84472,1.84489,1.00,1.46
2015.02.24 09:36:22.024,1.84466,1.84484,1.20,4.72
2015.02.24 09:36:22.328,1.84467,1.84481,1.00,2.17
2015.02.24 09:36:22.661,1.84467,1.84482,1.00,1.39
2015.02.24 09:36:22.763,1.84467,1.84483,1.00,1.74
2015.02.24 09:36:22.864,1.84467,1.84483,1.00,1.84
2015.02.24 09:36:23.687,1.84467,1.84482,1.00,1.39
2015.02.24 09:36:23.942,1.84467,1.84483,1.55,1.56
2015.02.24 09:36:24.299,1.84467,1.84484,1.55,1.76
2015.02.24 09:36:24.552,1.8447,1.84487,3.75,2.02
2015.02.24 09:36:24.603,1.8447,1.84487,3.37,1.95
2015.02.24 09:36:24.654,1.84471,1.84487,4.72,1.87
2015.02.24 09:36:24.756,1.84472,1.84487,2.17,1.50
2015.02.24 09:36:24.807,1.84472,1.84487,2.55,1.50
2015.02.24 09:36:25.111,1.84472,1.84487,2.17,2.55
2015.02.24 09:36:25.314,1.84471,1.84487,1.00,1.34
2015.02.24 09:36:25.365,1.84474,1.84488,1.10,1.19
2015.02.24 09:36:25.467,1.84475,1.84488,1.00,5.10
2015.02.24 09:36:25.612,1.84472,1.84488,1.15,1.00
2015.02.24 09:36:25.665,1.84475,1.84492,1.20,1.00
2015.02.24 09:36:25.767,1.84479,1.84496,1.00,2.25
2015.02.24 09:36:26.072,1.84487,1.84502,1.20,1.00
2015.02.24 09:36:26.375,1.8449,1.84502,1.20,1.00
2015.02.24 09:36:26.527,1.8449,1.84507,1.65,1.00
2015.02.24 09:36:26.578,1.84489,1.84507,1.07,1.76
2015.02.24 09:36:26.680,1.84487,1.84505,1.10,1.19
2015.02.24 09:36:27.185,1.84485,1.84502,2.25,1.25
2015.02.24 09:36:27.439,1.84487,1.84502,2.25,1.00
2015.02.24 09:36:27.844,1.84489,1.84502,2.25,1.00
2015.02.24 09:36:28.401,1.84489,1.84497,2.62,1.00
2015.02.24 09:36:28.452,1.84485,1.84497,3.07,1.00
2015.02.24 09:36:28.554,1.84481,1.84498,2.02,1.39
2015.02.24 09:36:28.626,1.84481,1.84497,1.27,1.19
2015.02.24 09:36:28.677,1.84479,1.84497,1.65,1.36
2015.02.24 09:36:28.728,1.84479,1.84493,1.65,1.00
2015.02.24 09:36:29.033,1.84474,1.84488,1.00,1.25
2015.02.24 09:36:29.135,1.84474,1.84487,1.87,1.10
2015.02.24 09:36:29.186,1.84474,1.84491,2.02,1.10
2015.02.24 09:36:29.389,1.84476,1.84492,2.25,1.50
2015.02.24 09:36:29.592,1.84474,1.84492,1.07,1.57
2015.02.24 09:36:30.114,1.84474,1.84492,3.00,1.50
2015.02.24 09:36:30.216,1.84478,1.84492,1.00,1.00
2015.02.24 09:36:30.470,1.84483,1.845,1.20,3.49
2015.02.24 09:36:30.988,1.84483,1.84501,1.95,1.46
2015.02.24 09:36:31.540,1.84484,1.84498,1.37,1.09
2015.02.24 09:36:32.052,1.84484,1.84498,1.12,1.00
2015.02.24 09:36:32.558,1.84483,1.84498,2.62,1.00
2015.02.24 09:36:35.102,1.84483,1.84498,2.62,1.00
2015.02.24 09:36:35.507,1.84486,1.84498,1.52,1.00
2015.02.24 09:36:35.558,1.84486,1.84502,4.12,1.00
2015.02.24 09:36:35.609,1.84487,1.84502,2.62,1.00
2015.02.24 09:36:35.661,1.84487,1.84505,2.62,1.25
2015.02.24 09:36:35.762,1.84487,1.84505,2.62,1.25
2015.02.24 09:36:36.117,1.84487,1.84502,3.75,1.00
2015.02.24 09:36:36.321,1.84492,1.84507,1.55,1.50
2015.02.24 09:36:36.778,1.84492,1.84508,3.37,1.00
2015.02.24 09:36:37.285,1.84492,1.84509,1.57,1.31
2015.02.24 09:36:37.828,1.8449,1.84507,4.72,1.00
2015.02.24 09:36:38.587,1.8449,1.84507,5.29,1.00
2015.02.24 09:36:38.689,1.84496,1.84507,1.10,1.00
2015.02.24 09:36:38.841,1.84495,1.84509,3.00,1.00
2015.02.24 09:36:38.892,1.84495,1.84512,2.17,1.00
2015.02.24 09:36:38.943,1.84493,1.84512,2.62,1.10
2015.02.24 09:36:39.044,1.84492,1.84512,4.12,3.00
2015.02.24 09:36:42.441,1.84493,1.8451,1.55,1.00
2015.02.24 09:36:43.034,1.84492,1.84505,2.62,1.00
2015.02.24 09:36:43.567,1.84492,1.84505,2.81,1.00
2015.02.24 09:36:44.638,1.84492,1.84505,3.19,1.00
2015.02.24 09:36:44.919,1.84491,1.84504,1.37,4.35
2015.02.24 09:36:45.122,1.8449,1.84504,1.00,2.25
2015.02.24 09:36:45.275,1.84487,1.84504,1.20,3.19
2015.02.24 09:36:45.529,1.84487,1.84504,1.12,5.66
2015.02.24 09:36:45.631,1.84487,1.84506,1.20,2.21
2015.02.24 09:36:46.963,1.84487,1.84503,1.37,1.26
2015.02.24 09:36:47.385,1.84487,1.84506,1.37,2.21
2015.02.24 09:36:47.436,1.84487,1.84506,1.37,2.21
2015.02.24 09:36:49.618,1.84487,1.84505,1.54,1.36
2015.02.24 09:36:50.125,1.84487,1.84504,1.07,1.76
2015.02.24 09:36:50.658,1.84487,1.84505,1.10,1.01
2015.02.24 09:36:50.860,1.84487,1.84505,1.10,1.01
2015.02.24 09:36:51.367,1.84483,1.845,2.14,1.12
2015.02.24 09:36:52.015,1.84483,1.845,1.39,1.12
2015.02.24 09:36:52.521,1.84483,1.845,1.39,1.31
2015.02.24 09:36:53.148,1.84483,1.845,1.39,1.00
2015.02.24 09:36:53.300,1.84488,1.84503,1.00,2.81
2015.02.24 09:36:53.806,1.84483,1.845,3.19,1.12
2015.02.24 09:36:54.050,1.84483,1.845,3.19,1.31
2015.02.24 09:36:57.186,1.84483,1.845,1.39,1.64
2015.02.24 09:36:57.729,1.84483,1.845,1.01,2.14
2015.02.24 09:36:59.054,1.84483,1.845,3.11,2.06
2015.02.24 09:36:59.155,1.84483,1.845,3.19,2.06
2015.02.24 09:36:59.459,1.84486,1.84497,1.00,2.17
2015.02.24 09:36:59.560,1.84481,1.84494,1.20,2.17
2015.02.24 09:36:59.712,1.84479,1.84493,1.00,1.52
2015.02.24 09:36:59.763,1.84476,1.84493,1.00,2.21
2015.02.24 09:37:00.269,1.84476,1.84492,1.17,1.56
2015.02.24 09:37:01.522,1.84478,1.84494,1.00,1.46
2015.02.24 09:37:01.573,1.84478,1.84495,1.25,3.37
2015.02.24 09:37:01.624,1.84479,1.84495,2.17,3.30
2015.02.24 09:37:01.675,1.8448,1.84495,2.62,1.25
2015.02.24 09:37:01.777,1.84482,1.84499,2.44,1.87
2015.02.24 09:37:01.879,1.8448,1.84497,1.00,1.57
2015.02.24 09:37:01.930,1.8448,1.84497,2.92,1.47
2015.02.24 09:37:02.436,1.84481,1.84497,2.44,1.37
2015.02.24 09:37:03.874,1.84481,1.84497,2.25,1.25
2015.02.24 09:37:04.382,1.8448,1.84499,1.84,3.75
2015.02.24 09:37:04.636,1.84488,1.84504,1.00,3.19
2015.02.24 09:37:04.906,1.84488,1.84502,1.20,2.25
2015.02.24 09:37:05.110,1.84478,1.84497,1.36,3.00
2015.02.24 09:37:05.161,1.84481,1.84494,1.50,2.25
2015.02.24 09:37:05.313,1.84478,1.84493,1.12,2.44
2015.02.24 09:37:05.365,1.84478,1.84495,1.12,2.44
2015.02.24 09:37:05.517,1.84476,1.84492,1.20,1.19
2015.02.24 09:37:05.670,1.84475,1.84491,1.12,2.44
2015.02.24 09:37:06.176,1.84472,1.84489,2.14,1.01
2015.02.24 09:37:06.378,1.84476,1.84493,1.10,1.70
2015.02.24 09:37:06.834,1.84479,1.84494,3.30,2.17
2015.02.24 09:37:06.885,1.8448,1.84496,2.81,1.00
2015.02.24 09:37:07.037,1.84482,1.84499,1.46,1.00
2015.02.24 09:37:07.341,1.84483,1.84499,2.44,1.00
2015.02.24 09:37:07.854,1.84484,1.84499,2.25,1.00
2015.02.24 09:37:08.617,1.84484,1.84501,2.44,1.00
2015.02.24 09:37:08.833,1.84484,1.845,2.44,1.37
2015.02.24 09:37:09.390,1.84484,1.845,1.25,1.47
2015.02.24 09:37:09.936,1.84481,1.84498,1.91,1.00
2015.02.24 09:37:10.443,1.84481,1.84498,1.91,1.00
2015.02.24 09:37:12.706,1.84481,1.84498,1.91,1.00
2015.02.24 09:37:16.122,1.84481,1.84498,1.91,1.00
2015.02.24 09:37:17.897,1.84481,1.84498,1.72,1.31
2015.02.24 09:37:18.203,1.84474,1.84488,1.01,2.25
2015.02.24 09:37:18.305,1.84473,1.84491,1.46,2.81
2015.02.24 09:37:19.518,1.84473,1.84489,1.09,1.10
2015.02.24 09:37:19.670,1.84477,1.84491,1.19,1.00
2015.02.24 09:37:19.721,1.84477,1.84491,1.01,1.00
2015.02.24 09:37:19.772,1.84479,1.84496,3.11,3.67
2015.02.24 09:37:19.823,1.8448,1.84496,2.44,1.00
2015.02.24 09:37:19.925,1.8448,1.84496,2.81,1.00
2015.02.24 09:37:20.129,1.84482,1.84499,1.39,1.17
2015.02.24 09:37:20.483,1.84485,1.84499,2.44,1.00
2015.02.24 09:37:20.585,1.84484,1.84499,1.29,1.00
2015.02.24 09:37:20.839,1.84484,1.84501,1.29,1.10
2015.02.24 09:37:21.345,1.84484,1.84501,3.19,1.00
2015.02.24 09:37:21.862,1.84484,1.84502,3.56,1.10
2015.02.24 09:37:23.107,1.84484,1.84503,3.56,1.17
2015.02.24 09:37:23.603,1.84487,1.84503,2.81,1.00
2015.02.24 09:37:23.907,1.8448,1.84497,4.39,1.37
2015.02.24 09:37:24.162,1.8448,1.84496,1.47,1.25
2015.02.24 09:37:24.263,1.8448,1.84491,1.37,2.17
2015.02.24 09:37:24.365,1.84473,1.84487,1.95,1.00
2015.02.24 09:37:24.467,1.84469,1.84487,2.81,1.10
2015.02.24 09:37:24.568,1.84468,1.84485,2.21,1.00
2015.02.24 09:37:24.670,1.84467,1.84484,1.76,1.00
2015.02.24 09:37:25.025,1.84467,1.84482,1.17,1.00
2015.02.24 09:37:25.531,1.84467,1.84484,1.01,1.45
2015.02.24 09:37:25.835,1.84469,1.84488,3.19,1.95
2015.02.24 09:37:26.170,1.84469,1.84485,4.54,1.00
2015.02.24 09:37:29.378,1.84471,1.84485,1.74,1.00
2015.02.24 09:37:29.682,1.84477,1.84492,2.25,2.25
2015.02.24 09:37:29.936,1.84475,1.84492,1.15,2.70
2015.02.24 09:37:30.240,1.84472,1.8449,1.34,1.50
2015.02.24 09:37:30.770,1.84471,1.84485,4.54,1.00
2015.02.24 09:37:31.317,1.8447,1.84485,2.44,1.00
2015.02.24 09:37:34.528,1.84469,1.84485,2.81,1.00
2015.02.24 09:37:37.329,1.84468,1.84485,1.36,1.10
2015.02.24 09:37:37.975,1.84468,1.84485,1.36,1.10
2015.02.24 09:37:38.858,1.84468,1.84485,1.36,1.10
2015.02.24 09:37:39.994,1.84468,1.84485,1.46,1.10
2015.02.24 09:37:40.855,1.84472,1.84485,2.44,1.00
2015.02.24 09:37:44.656,1.84472,1.84487,2.44,1.00
2015.02.24 09:37:45.162,1.84472,1.84489,2.44,1.62
2015.02.24 09:37:46.425,1.84472,1.8449,2.44,1.95
2015.02.24 09:37:47.582,1.84472,1.8449,2.44,1.95
2015.02.24 09:37:47.908,1.84472,1.8449,2.44,1.95
2015.02.24 09:37:48.454,1.84473,1.8449,2.44,1.87
2015.02.24 09:37:48.972,1.84472,1.84489,1.34,1.00
2015.02.24 09:37:50.010,1.84472,1.84489,1.34,1.00
2015.02.24 09:37:52.998,1.84475,1.84492,1.19,1.52
2015.02.24 09:37:53.100,1.84475,1.84492,3.56,1.12
2015.02.24 09:37:53.308,1.84475,1.84492,3.56,1.12
2015.02.24 09:37:54.947,1.84475,1.84492,1.66,1.27
2015.02.24 09:37:55.462,1.84475,1.84492,1.29,1.27
2015.02.24 09:37:55.971,1.84475,1.84492,3.56,1.00
2015.02.24 09:37:56.487,1.84475,1.84492,3.19,1.00
2015.02.24 09:37:57.277,1.84475,1.84492,3.19,1.50
2015.02.24 09:37:57.784,1.84472,1.84489,1.36,1.12
2015.02.24 09:37:58.320,1.84472,1.84489,1.36,1.12
2015.02.24 09:38:00.531,1.84472,1.84489,1.19,1.10
2015.02.24 09:38:01.494,1.84472,1.84489,1.39,1.37
2015.02.24 09:38:01.647,1.84472,1.84489,1.39,1.69
2015.02.24 09:38:03.350,1.8447,1.84487,6.04,1.00
2015.02.24 09:38:04.233,1.8447,1.84487,1.76,1.47
2015.02.24 09:38:04.436,1.84469,1.84484,2.44,1.00
2015.02.24 09:38:04.639,1.84469,1.84484,2.25,1.56
2015.02.24 09:38:04.690,1.84467,1.84483,3.07,1.56
2015.02.24 09:38:04.741,1.84467,1.84483,3.00,2.81
2015.02.24 09:38:04.792,1.84467,1.84479,1.00,1.62
2015.02.24 09:38:04.843,1.84462,1.84479,3.75,2.00
2015.02.24 09:38:05.302,1.84461,1.84478,1.20,1.12
2015.02.24 09:38:05.808,1.84462,1.84477,1.00,1.10
2015.02.24 09:38:06.325,1.8446,1.84478,1.76,3.00
2015.02.24 09:38:06.841,1.84462,1.84478,1.00,1.07
2015.02.24 09:38:09.475,1.84462,1.84477,1.25,3.00
2015.02.24 09:38:09.781,1.84457,1.84473,1.39,1.10
2015.02.24 09:38:10.190,1.84456,1.84473,1.99,1.10
2015.02.24 09:38:10.700,1.84456,1.84473,1.09,1.39
2015.02.24 09:38:11.106,1.84456,1.84473,1.25,3.56
2015.02.24 09:38:11.612,1.84454,1.84471,1.39,1.10
2015.02.24 09:38:12.559,1.84454,1.84471,1.39,1.10
2015.02.24 09:38:12.863,1.84452,1.84468,1.36,1.00
2015.02.24 09:38:14.639,1.84451,1.84467,3.19,1.50
2015.02.24 09:38:14.791,1.84449,1.84465,1.71,1.37
2015.02.24 09:38:15.864,1.84448,1.84465,3.19,1.37
2015.02.24 09:38:16.387,1.8445,1.84465,2.25,1.00
2015.02.24 09:38:17.881,1.84448,1.84465,3.19,1.00
2015.02.24 09:38:18.772,1.84453,1.84468,1.12,3.00
2015.02.24 09:38:18.823,1.84453,1.8447,1.20,1.57
2015.02.24 09:38:18.874,1.84453,1.8447,1.29,1.57
2015.02.24 09:38:19.178,1.84461,1.84478,1.17,1.50
2015.02.24 09:38:19.685,1.84461,1.84478,6.04,1.00
2015.02.24 09:38:20.186,1.84462,1.84478,1.54,1.00
2015.02.24 09:38:21.006,1.8447,1.84478,2.25,1.00
2015.02.24 09:38:21.058,1.8447,1.8448,2.25,1.00
2015.02.24 09:38:21.159,1.84465,1.84482,5.66,1.00
2015.02.24 09:38:21.668,1.84465,1.84483,4.91,1.00
2015.02.24 09:38:21.925,1.84465,1.8448,4.35,1.00
2015.02.24 09:38:22.178,1.84465,1.84482,5.10,1.00
2015.02.24 09:38:22.380,1.84462,1.84479,3.56,1.00
2015.02.24 09:38:22.482,1.84462,1.84483,2.81,1.47
2015.02.24 09:38:23.103,1.84462,1.84485,3.94,3.37
2015.02.24 09:38:23.607,1.84465,1.84485,2.81,1.20
2015.02.24 09:38:23.709,1.84465,1.84487,2.81,2.62
2015.02.24 09:38:23.811,1.84468,1.84488,2.44,1.95
2015.02.24 09:38:24.013,1.84468,1.84484,2.44,1.00
2015.02.24 09:38:24.115,1.84468,1.84487,2.44,1.20
2015.02.24 09:38:24.737,1.84466,1.84487,2.89,1.27
2015.02.24 09:38:25.588,1.84466,1.84481,2.89,1.00
2015.02.24 09:38:25.892,1.84466,1.84482,2.51,1.00
2015.02.24 09:38:27.116,1.84466,1.84482,2.51,1.00
2015.02.24 09:38:27.922,1.84465,1.84482,1.54,1.00
2015.02.24 09:38:29.040,1.84465,1.84482,1.39,1.00
2015.02.24 09:38:29.804,1.84465,1.84482,1.39,1.00
2015.02.24 09:38:31.128,1.84465,1.84482,1.39,1.00
2015.02.24 09:38:31.707,1.84465,1.84482,1.39,1.00
2015.02.24 09:38:33.831,1.84463,1.8448,1.76,1.00
2015.02.24 09:38:34.729,1.84463,1.8448,1.19,1.00
2015.02.24 09:38:34.830,1.84463,1.8448,1.00,5.29
2015.02.24 09:38:35.034,1.84461,1.84478,1.20,1.25
2015.02.24 09:38:35.137,1.8446,1.84475,1.20,3.19
2015.02.24 09:38:35.189,1.84458,1.84475,1.76,3.19
2015.02.24 09:38:35.657,1.84455,1.84472,6.86,1.00
2015.02.24 09:38:36.569,1.84455,1.84475,1.91,4.35
2015.02.24 09:38:36.721,1.84458,1.84478,2.25,3.56
2015.02.24 09:38:37.428,1.84458,1.84469,2.44,1.00
2015.02.24 09:38:37.652,1.84454,1.84469,2.44,1.00
2015.02.24 09:38:37.855,1.84454,1.84469,2.25,1.00
2015.02.24 09:38:39.231,1.84456,1.84469,2.25,1.00
2015.02.24 09:38:41.221,1.84458,1.84469,2.25,1.00
2015.02.24 09:38:41.527,1.84455,1.84469,2.25,1.00
2015.02.24 09:38:42.135,1.84457,1.84469,4.35,1.00
2015.02.24 09:38:42.187,1.84457,1.84475,4.35,1.56
2015.02.24 09:38:42.947,1.84457,1.84469,4.35,1.00
2015.02.24 09:38:43.453,1.84456,1.8447,2.25,1.00
2015.02.24 09:38:46.095,1.84456,1.84468,2.25,1.00
2015.02.24 09:38:46.147,1.84454,1.84468,4.54,1.00
2015.02.24 09:38:46.249,1.84452,1.84468,1.35,1.00
2015.02.24 09:38:46.300,1.84452,1.84468,1.35,1.37
2015.02.24 09:38:46.503,1.84449,1.84467,2.62,1.37
2015.02.24 09:38:46.604,1.84449,1.84463,2.25,1.00
2015.02.24 09:38:46.909,1.84461,1.84471,4.35,1.10
2015.02.24 09:38:46.960,1.84457,1.84473,1.87,1.19
2015.02.24 09:38:47.062,1.84459,1.84473,2.62,1.00
2015.02.24 09:38:47.113,1.84461,1.84477,1.10,1.10
2015.02.24 09:38:47.164,1.84461,1.84477,3.00,1.00
2015.02.24 09:38:47.670,1.84461,1.84478,1.17,1.19
2015.02.24 09:38:47.982,1.84464,1.84481,1.15,1.25
2015.02.24 09:38:48.185,1.84464,1.84481,1.65,1.25
2015.02.24 09:38:48.489,1.84476,1.84486,2.25,1.00
2015.02.24 09:38:48.540,1.84476,1.84492,2.25,1.10
2015.02.24 09:38:49.551,1.84475,1.84492,2.62,1.10
2015.02.24 09:38:49.602,1.84475,1.84492,2.25,1.47
2015.02.24 09:38:49.652,1.84474,1.84492,1.17,1.47
2015.02.24 09:38:50.159,1.84474,1.84492,1.57,1.47
2015.02.24 09:38:50.907,1.84474,1.84492,1.57,1.50
2015.02.24 09:38:51.428,1.84472,1.84489,1.47,1.55
2015.02.24 09:38:51.734,1.8447,1.84487,3.37,1.50
2015.02.24 09:38:51.800,1.8447,1.84483,1.65,2.55
2015.02.24 09:38:51.952,1.84471,1.84486,1.37,2.25
2015.02.24 09:38:52.373,1.84471,1.84488,1.37,1.84
2015.02.24 09:38:52.474,1.84471,1.84488,1.45,1.20
2015.02.24 09:38:52.577,1.84475,1.84492,1.00,4.50
2015.02.24 09:38:53.125,1.84475,1.84491,1.00,2.25
2015.02.24 09:38:53.605,1.84475,1.84491,1.00,2.62
2015.02.24 09:38:54.145,1.84475,1.84492,1.00,2.77
2015.02.24 09:38:54.658,1.84475,1.84492,1.00,2.02
2015.02.24 09:38:54.963,1.84475,1.84492,1.37,1.52
2015.02.24 09:38:55.268,1.84475,1.84492,1.37,1.52
2015.02.24 09:38:56.515,1.84475,1.84492,1.37,1.52
2015.02.24 09:38:57.398,1.84475,1.84492,1.37,1.52
2015.02.24 09:38:58.878,1.84472,1.84487,1.45,1.56
2015.02.24 09:38:58.929,1.84471,1.84487,2.55,1.56
2015.02.24 09:38:59.385,1.84469,1.84488,3.56,2.02
2015.02.24 09:38:59.891,1.84469,1.84488,3.56,1.55
2015.02.24 09:39:00.094,1.84474,1.8449,1.37,2.62
2015.02.24 09:39:00.195,1.84474,1.84491,1.47,1.67
2015.02.24 09:39:00.657,1.84474,1.84491,1.47,1.47
2015.02.24 09:39:01.479,1.84474,1.84491,1.20,1.47
2015.02.24 09:39:02.375,1.84472,1.84489,1.45,1.27
2015.02.24 09:39:02.799,1.84475,1.84491,1.37,2.62
2015.02.24 09:39:02.951,1.84475,1.84492,3.37,1.50
2015.02.24 09:39:03.052,1.84475,1.84492,3.37,1.87
2015.02.24 09:39:03.205,1.84475,1.84492,1.20,1.95
2015.02.24 09:39:03.664,1.84475,1.84492,1.10,1.55
2015.02.24 09:39:05.232,1.84475,1.84492,1.29,1.65
2015.02.24 09:39:05.283,1.84482,1.84493,1.12,1.07
2015.02.24 09:39:05.385,1.84482,1.84496,2.92,1.00
2015.02.24 09:39:05.436,1.84482,1.845,2.92,2.74
2015.02.24 09:39:05.487,1.84483,1.84501,2.25,2.14
2015.02.24 09:39:05.892,1.84482,1.84501,1.15,2.21
2015.02.24 09:39:06.398,1.84482,1.84501,1.65,3.19
2015.02.24 09:39:06.600,1.84482,1.84501,1.91,1.20
2015.02.24 09:39:07.105,1.84482,1.84501,1.91,1.57
2015.02.24 09:39:08.709,1.84483,1.84501,1.17,1.20
2015.02.24 09:39:09.215,1.84482,1.84501,1.62,1.20
2015.02.24 09:39:09.592,1.84482,1.84501,1.62,1.20
2015.02.24 09:39:10.104,1.84484,1.84501,4.91,1.00
2015.02.24 09:39:10.673,1.84487,1.84504,2.25,1.00
2015.02.24 09:39:11.181,1.84487,1.84507,2.81,2.25
2015.02.24 09:39:12.006,1.84488,1.84507,1.24,2.25
2015.02.24 09:39:12.107,1.84499,1.84513,1.00,3.00
2015.02.24 09:39:12.189,1.84499,1.84513,1.00,1.00
2015.02.24 09:39:12.242,1.84499,1.84517,1.50,1.65
2015.02.24 09:39:12.294,1.845,1.84517,4.72,1.00
2015.02.24 09:39:12.345,1.84504,1.84522,1.12,5.29
2015.02.24 09:39:12.499,1.84504,1.8452,1.00,4.91
2015.02.24 09:39:12.550,1.84502,1.8452,1.00,5.29
2015.02.24 09:39:12.601,1.84502,1.84519,1.87,1.15
2015.02.24 09:39:12.702,1.84498,1.84518,2.14,2.25
2015.02.24 09:39:13.348,1.845,1.84517,1.76,1.17
2015.02.24 09:39:13.399,1.84503,1.84519,2.62,1.00
2015.02.24 09:39:13.500,1.84504,1.84521,4.72,1.00
2015.02.24 09:39:13.804,1.84502,1.84521,5.74,1.00
2015.02.24 09:39:15.096,1.84502,1.84521,1.35,1.27
2015.02.24 09:39:17.888,1.84502,1.84521,3.45,1.20
2015.02.24 09:39:18.344,1.84504,1.84521,2.81,1.00
2015.02.24 09:39:18.395,1.84505,1.84523,1.17,1.95
2015.02.24 09:39:19.116,1.84505,1.84522,1.35,1.00
2015.02.24 09:39:19.623,1.84505,1.84522,1.20,2.21
2015.02.24 09:39:19.675,1.84503,1.84519,2.70,1.00
2015.02.24 09:39:20.048,1.845,1.84517,1.15,1.56
2015.02.24 09:39:20.352,1.84506,1.84521,1.07,1.10
2015.02.24 09:39:20.403,1.84507,1.84525,4.35,1.19
2015.02.24 09:39:20.556,1.84509,1.84528,1.20,1.84
2015.02.24 09:39:21.169,1.84507,1.84526,4.35,1.00
2015.02.24 09:39:22.003,1.84507,1.84522,4.35,1.00
2015.02.24 09:39:22.205,1.84507,1.84526,4.35,1.00
2015.02.24 09:39:22.952,1.84506,1.84526,2.51,3.00
2015.02.24 09:39:24.118,1.84515,1.84528,2.25,1.00
2015.02.24 09:39:24.270,1.84518,1.84535,2.25,1.12
2015.02.24 09:39:24.321,1.84515,1.84535,2.81,1.27
2015.02.24 09:39:24.422,1.84513,1.84534,1.46,4.72
2015.02.24 09:39:24.473,1.84513,1.84534,1.16,4.35
2015.02.24 09:39:25.247,1.84512,1.84532,2.70,2.21
2015.02.24 09:39:25.752,1.84511,1.84532,1.27,1.40
2015.02.24 09:39:26.415,1.84511,1.8453,1.27,2.17
2015.02.24 09:39:26.930,1.84512,1.84532,3.00,4.54
2015.02.24 09:39:27.345,1.84514,1.84533,2.17,1.46
2015.02.24 09:39:27.851,1.84514,1.84534,2.25,2.81
2015.02.24 09:39:28.680,1.84514,1.84532,2.25,1.47
2015.02.24 09:39:30.168,1.84514,1.84532,2.25,1.10
2015.02.24 09:39:31.414,1.84514,1.84534,2.25,2.81
2015.02.24 09:39:32.372,1.84514,1.84532,2.25,1.39
2015.02.24 09:39:32.882,1.84513,1.84531,2.32,1.00
2015.02.24 09:39:33.186,1.84516,1.84532,2.25,1.00
2015.02.24 09:39:33.338,1.84513,1.84532,5.47,1.37
2015.02.24 09:39:33.855,1.84514,1.84532,2.70,1.45
2015.02.24 09:39:34.358,1.84513,1.84532,3.37,1.45
2015.02.24 09:39:36.262,1.84514,1.84532,2.55,1.00
2015.02.24 09:39:36.465,1.84517,1.84532,2.17,1.00
2015.02.24 09:39:36.516,1.84517,1.84535,2.25,1.47
2015.02.24 09:39:36.891,1.84517,1.84535,2.25,1.47
2015.02.24 09:39:37.044,1.84514,1.84532,4.35,1.62
2015.02.24 09:39:40.096,1.84514,1.84532,4.35,1.87
2015.02.24 09:39:40.604,1.84514,1.84533,4.54,1.00
2015.02.24 09:39:42.105,1.84514,1.84534,4.91,1.20
2015.02.24 09:39:42.992,1.84514,1.84536,4.91,4.72
2015.02.24 09:39:43.504,1.84516,1.84536,2.70,2.39
2015.02.24 09:39:46.191,1.84516,1.84532,2.44,1.00
2015.02.24 09:39:46.722,1.84516,1.84533,2.44,1.31
2015.02.24 09:39:48.148,1.84516,1.84536,2.81,1.70
2015.02.24 09:39:48.250,1.84516,1.84532,2.81,1.00
2015.02.24 09:39:50.073,1.84517,1.84532,1.01,1.00
2015.02.24 09:39:50.478,1.84517,1.84535,1.09,1.66
2015.02.24 09:39:51.126,1.84517,1.84535,1.01,3.56
2015.02.24 09:39:51.676,1.84517,1.84532,1.65,1.00
2015.02.24 09:39:52.302,1.84515,1.84535,3.07,2.81
2015.02.24 09:39:52.867,1.84516,1.84535,1.20,2.81
2015.02.24 09:39:53.172,1.84515,1.84531,1.45,2.55
2015.02.24 09:39:53.355,1.8451,1.84529,1.84,2.81
2015.02.24 09:39:53.406,1.8451,1.84527,1.76,4.35
2015.02.24 09:39:53.721,1.84509,1.84527,1.12,4.91
2015.02.24 09:39:54.081,1.84508,1.84525,1.05,1.57
2015.02.24 09:39:54.182,1.84508,1.84519,1.12,1.12
2015.02.24 09:39:54.233,1.84508,1.84518,1.12,2.55
2015.02.24 09:39:54.387,1.84502,1.84516,1.50,1.00
2015.02.24 09:39:54.843,1.845,1.84518,1.39,1.17
2015.02.24 09:39:54.945,1.84501,1.84518,1.50,1.07
2015.02.24 09:39:55.198,1.84504,1.84522,2.77,1.50
2015.02.24 09:39:55.249,1.84507,1.84522,1.12,1.00
2015.02.24 09:39:56.732,1.84507,1.84523,1.12,1.00
2015.02.24 09:39:57.036,1.84507,1.84517,1.12,1.00
2015.02.24 09:39:57.188,1.84507,1.84521,1.00,2.44
2015.02.24 09:39:57.239,1.84505,1.84521,1.20,2.44
2015.02.24 09:39:57.340,1.84503,1.8451,1.10,2.55
2015.02.24 09:39:57.493,1.84494,1.84507,1.50,1.57
2015.02.24 09:39:57.595,1.84498,1.84511,1.50,2.25
2015.02.24 09:39:57.696,1.845,1.84513,1.47,1.00
2015.02.24 09:39:57.798,1.84501,1.84517,1.12,1.84
2015.02.24 09:39:57.899,1.845,1.84517,1.95,1.84
2015.02.24 09:39:58.051,1.845,1.84507,1.20,1.00
2015.02.24 09:39:58.153,1.845,1.84517,3.75,1.76
2015.02.24 09:39:58.356,1.84504,1.84517,1.00,1.00
2015.02.24 09:39:58.610,1.84502,1.84521,2.02,1.15
2015.02.24 09:39:58.914,1.84507,1.84521,1.00,1.00
2015.02.24 09:39:59.218,1.8451,1.84525,2.25,1.19
2015.02.24 09:39:59.319,1.84508,1.84525,5.29,1.19
2015.02.24 09:39:59.735,1.84508,1.84525,1.09,1.66
2015.02.24 09:40:00.855,1.84508,1.84523,1.00,2.81
2015.02.24 09:40:02.172,1.84508,1.84521,1.00,2.25
2015.02.24 09:40:02.629,1.84504,1.84521,1.19,3.00
2015.02.24 09:40:03.084,1.84504,1.84521,1.00,3.00
2015.02.24 09:40:04.962,1.84504,1.84521,1.10,1.10
2015.02.24 09:40:05.582,1.84504,1.84521,1.29,1.10
2015.02.24 09:40:06.205,1.84504,1.84521,1.29,1.10
2015.02.24 09:40:06.712,1.84502,1.84519,3.37,1.50
2015.02.24 09:40:06.763,1.84502,1.84518,1.12,5.10
2015.02.24 09:40:06.967,1.84486,1.84501,1.12,2.25
2015.02.24 09:40:07.019,1.84483,1.84501,2.70,2.25
2015.02.24 09:40:07.529,1.84483,1.845,2.32,1.07
2015.02.24 09:40:07.580,1.84486,1.84501,1.00,2.25
2015.02.24 09:40:07.894,1.84483,1.84498,1.10,1.00
2015.02.24 09:40:07.945,1.84483,1.84496,1.00,2.17
2015.02.24 09:40:08.249,1.84479,1.84487,1.00,1.00
2015.02.24 09:40:09.169,1.84479,1.84488,2.32,1.00
2015.02.24 09:40:09.476,1.84482,1.84488,1.20,1.00
2015.02.24 09:40:10.196,1.84482,1.84498,1.17,1.25
2015.02.24 09:40:10.399,1.84482,1.84489,3.00,1.00
2015.02.24 09:40:10.501,1.84482,1.84492,1.10,1.00
2015.02.24 09:40:10.805,1.84482,1.84499,1.00,5.66
2015.02.24 09:40:11.161,1.84482,1.84492,1.00,1.00
2015.02.24 09:40:11.364,1.84482,1.84499,1.00,5.29
2015.02.24 09:40:12.030,1.84482,1.84499,1.00,5.29
2015.02.24 09:40:12.384,1.84482,1.84492,1.00,1.00
2015.02.24 09:40:12.756,1.84482,1.84499,1.62,5.10
2015.02.24 09:40:13.060,1.84482,1.84492,1.70,1.00
2015.02.24 09:40:13.364,1.84484,1.84503,3.37,1.84
2015.02.24 09:40:13.415,1.84484,1.84503,4.20,1.76
2015.02.24 09:40:13.567,1.84484,1.84497,4.12,1.00
2015.02.24 09:40:13.669,1.84484,1.84502,2.02,2.74
2015.02.24 09:40:13.770,1.84484,1.84497,1.95,1.00
2015.02.24 09:40:13.872,1.84484,1.84497,1.95,1.00
2015.02.24 09:40:14.423,1.84484,1.84497,1.57,1.00
2015.02.24 09:40:14.948,1.84484,1.84498,1.50,1.25
2015.02.24 09:40:15.468,1.84484,1.84501,1.69,4.91
2015.02.24 09:40:15.569,1.84484,1.84497,1.69,1.00
2015.02.24 09:40:16.085,1.84484,1.84497,1.84,1.00
2015.02.24 09:40:16.747,1.84484,1.84503,2.36,3.94
2015.02.24 09:40:16.848,1.84484,1.84493,1.80,1.00
2015.02.24 09:40:17.321,1.84484,1.84502,1.37,1.74
2015.02.24 09:40:17.838,1.84483,1.845,2.89,1.00
2015.02.24 09:40:17.991,1.84483,1.84493,2.89,1.00
2015.02.24 09:40:18.093,1.84483,1.84497,3.26,1.00
2015.02.24 09:40:18.295,1.84483,1.84493,3.26,1.00
2015.02.24 09:40:18.397,1.84485,1.84497,1.27,1.00
2015.02.24 09:40:18.498,1.84485,1.84493,1.27,1.00
2015.02.24 09:40:18.802,1.84488,1.84493,1.00,1.00
2015.02.24 09:40:18.853,1.84488,1.84497,1.00,1.00
2015.02.24 09:40:18.904,1.8449,1.84497,2.17,1.00
2015.02.24 09:40:19.234,1.84492,1.84499,2.92,1.00
2015.02.24 09:40:19.388,1.84492,1.84503,3.00,1.00
2015.02.24 09:40:19.642,1.84492,1.84499,2.92,1.00
2015.02.24 09:40:20.302,1.84492,1.84499,1.19,1.00
2015.02.24 09:40:20.404,1.84492,1.84503,1.31,1.00
2015.02.24 09:40:20.557,1.84495,1.84503,1.87,1.00
2015.02.24 09:40:20.861,1.845,1.84516,1.00,5.36
2015.02.24 09:40:20.912,1.845,1.84508,1.00,1.00
2015.02.24 09:40:21.064,1.84497,1.84505,1.94,1.00
2015.02.24 09:40:21.217,1.84497,1.84504,1.19,1.00
2015.02.24 09:40:21.369,1.84497,1.84508,1.39,1.00
2015.02.24 09:40:21.889,1.84497,1.84508,1.10,1.00
2015.02.24 09:40:22.762,1.84497,1.84508,1.17,1.00
2015.02.24 09:40:23.273,1.84497,1.84508,3.00,1.00
2015.02.24 09:40:24.138,1.84497,1.84512,3.94,1.25
2015.02.24 09:40:24.747,1.84497,1.84513,3.64,1.00
2015.02.24 09:40:25.297,1.84497,1.84512,3.64,1.00
2015.02.24 09:40:25.826,1.84497,1.84513,1.46,1.10
2015.02.24 09:40:25.978,1.84497,1.84513,1.27,1.74
2015.02.24 09:40:26.080,1.84493,1.8451,1.57,1.39
2015.02.24 09:40:26.233,1.84491,1.84507,1.00,1.09
2015.02.24 09:40:26.992,1.84491,1.84502,1.00,1.00
2015.02.24 09:40:27.752,1.84491,1.84508,1.00,4.31
2015.02.24 09:40:28.238,1.84494,1.84507,1.00,1.26
2015.02.24 09:40:28.542,1.84499,1.84512,1.10,1.00
2015.02.24 09:40:28.643,1.84501,1.84517,1.00,2.36
2015.02.24 09:40:29.049,1.84502,1.84518,1.20,1.26
2015.02.24 09:40:29.555,1.84502,1.84519,1.20,2.44
2015.02.24 09:40:30.062,1.84502,1.84519,1.57,2.36
2015.02.24 09:40:30.113,1.84505,1.84522,1.00,5.29
2015.02.24 09:40:30.417,1.84505,1.84517,1.10,1.00
2015.02.24 09:40:32.852,1.84505,1.84514,1.00,2.17
2015.02.24 09:40:32.903,1.84503,1.84514,1.27,2.17
2015.02.24 09:40:33.107,1.84499,1.84513,2.17,1.10
2015.02.24 09:40:33.158,1.84497,1.84507,1.00,1.00
2015.02.24 09:40:33.310,1.84491,1.84506,1.20,1.25
2015.02.24 09:40:33.361,1.8449,1.84506,1.01,1.26
2015.02.24 09:40:33.464,1.84489,1.84506,1.19,1.46
2015.02.24 09:40:33.616,1.84491,1.84508,1.17,1.57
2015.02.24 09:40:34.122,1.84491,1.84508,3.19,1.69
2015.02.24 09:40:35.098,1.84493,1.8451,1.01,1.19
2015.02.24 09:40:35.620,1.84493,1.84511,1.62,2.44
2015.02.24 09:40:36.125,1.84493,1.84512,1.61,1.84
2015.02.24 09:40:36.533,1.84494,1.84512,2.81,1.29
2015.02.24 09:40:37.368,1.84494,1.84512,2.81,1.29
2015.02.24 09:40:37.733,1.84496,1.84512,2.25,1.69
2015.02.24 09:40:38.671,1.84497,1.84513,1.17,1.25
2015.02.24 09:40:39.178,1.84497,1.84514,3.75,1.19
2015.02.24 09:40:39.392,1.845,1.84514,3.30,1.00
2015.02.24 09:40:39.645,1.84509,1.84526,2.62,1.00
2015.02.24 09:40:40.568,1.84511,1.84527,1.00,1.09
2015.02.24 09:40:41.076,1.84511,1.84528,1.10,1.17
2015.02.24 09:40:42.469,1.84511,1.84528,1.20,1.55
2015.02.24 09:40:42.974,1.84511,1.84527,1.20,2.62
2015.02.24 09:40:43.476,1.84511,1.84528,1.37,1.01
2015.02.24 09:40:43.578,1.84512,1.84527,1.45,2.17
2015.02.24 09:40:43.781,1.84508,1.84525,1.76,3.00
2015.02.24 09:40:43.882,1.84513,1.84528,1.50,1.17
2015.02.24 09:40:44.136,1.84512,1.84527,1.00,2.25
2015.02.24 09:40:44.339,1.84516,1.8453,1.12,2.25
2015.02.24 09:40:44.895,1.84514,1.8453,1.12,2.62
2015.02.24 09:40:45.553,1.84514,1.84531,1.00,1.76
2015.02.24 09:40:45.856,1.84514,1.84529,1.00,1.37
2015.02.24 09:40:46.160,1.84507,1.84518,1.12,1.37
2015.02.24 09:40:46.312,1.84501,1.84517,1.90,1.56
2015.02.24 09:40:46.414,1.845,1.84517,3.86,2.06
2015.02.24 09:40:46.617,1.84499,1.84517,1.71,2.14
2015.02.24 09:40:46.972,1.84498,1.84515,1.01,1.66
2015.02.24 09:40:47.225,1.84496,1.84513,1.65,1.37
2015.02.24 09:40:47.630,1.84491,1.84509,2.81,1.20
2015.02.24 09:40:47.953,1.8449,1.84509,4.31,1.20
2015.02.24 09:40:48.055,1.8449,1.84509,2.21,1.27
2015.02.24 09:40:48.157,1.8449,1.84509,2.21,1.46
2015.02.24 09:40:48.666,1.8449,1.84507,1.74,1.00
2015.02.24 09:40:49.901,1.8449,1.84507,1.74,1.00
2015.02.24 09:40:50.354,1.8449,1.84504,1.62,1.10
2015.02.24 09:40:50.608,1.84487,1.84502,2.40,1.00
2015.02.24 09:40:50.659,1.84487,1.84504,2.32,1.10
2015.02.24 09:40:50.711,1.84487,1.84504,1.20,1.76
2015.02.24 09:40:51.016,1.84487,1.84502,1.12,2.81
2015.02.24 09:40:51.320,1.84486,1.84497,1.12,1.10
2015.02.24 09:40:51.371,1.84481,1.84497,1.66,1.10
2015.02.24 09:40:51.877,1.84481,1.84498,1.66,1.20
2015.02.24 09:40:52.029,1.84481,1.84498,1.39,1.39
2015.02.24 09:40:52.616,1.84481,1.84497,1.47,1.29
2015.02.24 09:40:53.645,1.84481,1.84497,1.47,1.29
2015.02.24 09:40:53.816,1.84481,1.84493,1.47,1.00
2015.02.24 09:40:54.119,1.84481,1.84498,1.57,1.76
2015.02.24 09:40:54.389,1.84479,1.84497,1.82,3.19
2015.02.24 09:40:54.491,1.84484,1.84498,1.37,1.32
2015.02.24 09:40:55.022,1.84484,1.84497,1.00,1.00
2015.02.24 09:40:55.551,1.84484,1.84501,1.37,3.19
2015.02.24 09:40:56.140,1.84484,1.84501,1.37,3.56
2015.02.24 09:40:56.759,1.84484,1.84501,1.00,3.56
2015.02.24 09:40:57.417,1.8448,1.84499,1.36,1.36
2015.02.24 09:40:57.638,1.8448,1.84499,1.92,1.17
2015.02.24 09:40:57.942,1.84489,1.84502,1.37,4.20
2015.02.24 09:40:59.609,1.84489,1.84502,1.37,4.35
2015.02.24 09:40:59.964,1.84487,1.84502,1.37,5.29
2015.02.24 09:41:00.116,1.84487,1.845,1.37,2.25
2015.02.24 09:41:00.420,1.84487,1.84502,1.57,3.19
2015.02.24 09:41:01.027,1.84487,1.84504,1.57,3.19
2015.02.24 09:41:01.306,1.84488,1.84507,2.32,4.31
2015.02.24 09:41:02.032,1.84479,1.84489,1.25,4.35
2015.02.24 09:41:02.135,1.8448,1.84492,1.00,4.12
2015.02.24 09:41:02.237,1.84472,1.84488,1.87,1.00
2015.02.24 09:41:02.339,1.84473,1.84486,1.12,2.25
2015.02.24 09:41:02.389,1.8447,1.84486,1.50,2.44
2015.02.24 09:41:02.491,1.84469,1.84486,1.10,2.81
2015.02.24 09:41:02.694,1.84469,1.84484,1.10,2.17
2015.02.24 09:41:03.201,1.84465,1.84484,2.47,3.19
2015.02.24 09:41:04.044,1.84465,1.84484,1.17,3.56
2015.02.24 09:41:05.050,1.84465,1.84484,2.59,3.19
2015.02.24 09:41:05.836,1.84466,1.84484,1.01,1.07
2015.02.24 09:41:06.140,1.84467,1.84484,3.94,1.00
2015.02.24 09:41:06.658,1.84468,1.84484,3.19,1.00
2015.02.24 09:41:06.861,1.8447,1.84488,1.09,1.39
2015.02.24 09:41:07.427,1.84468,1.84488,4.31,2.01
2015.02.24 09:41:07.995,1.84469,1.84488,1.52,2.01
2015.02.24 09:41:08.300,1.84471,1.84488,2.32,1.00
2015.02.24 09:41:08.609,1.84473,1.84488,2.25,1.00
2015.02.24 09:41:08.711,1.84471,1.84488,2.25,1.00
2015.02.24 09:41:10.626,1.8447,1.84488,3.37,1.12
2015.02.24 09:41:10.880,1.84468,1.84487,2.14,3.11
2015.02.24 09:41:10.931,1.84468,1.84487,1.95,4.31
2015.02.24 09:41:11.373,1.84468,1.84483,2.32,1.00
2015.02.24 09:41:14.216,1.84468,1.84483,2.25,1.19
2015.02.24 09:41:14.969,1.84468,1.84477,2.25,1.00
2015.02.24 09:41:15.253,1.84466,1.84477,3.19,1.00
2015.02.24 09:41:15.304,1.84466,1.84477,1.01,1.00
2015.02.24 09:41:15.406,1.84466,1.84483,1.01,2.06
2015.02.24 09:41:16.147,1.84466,1.84478,1.10,1.00
2015.02.24 09:41:16.451,1.84463,1.84477,1.17,1.00
2015.02.24 09:41:16.552,1.84464,1.84477,2.17,1.00
2015.02.24 09:41:16.603,1.84464,1.84482,2.25,3.64
2015.02.24 09:41:16.704,1.84464,1.84477,2.25,1.00
2015.02.24 09:41:16.755,1.84463,1.84477,1.15,1.00
2015.02.24 09:41:17.059,1.84463,1.8448,1.00,1.27
2015.02.24 09:41:17.363,1.84463,1.84478,1.00,1.00
2015.02.24 09:41:17.667,1.84464,1.84478,2.17,1.00
2015.02.24 09:41:17.718,1.84464,1.84482,2.25,1.76
2015.02.24 09:41:18.022,1.84464,1.84482,2.25,1.29
2015.02.24 09:41:18.123,1.84464,1.84482,2.44,1.01
2015.02.24 09:41:18.832,1.84466,1.84482,2.17,1.25
2015.02.24 09:41:19.341,1.84466,1.84482,2.25,1.31
2015.02.24 09:41:20.021,1.84466,1.84482,2.25,1.56
2015.02.24 09:41:20.122,1.84463,1.84482,1.29,4.31
2015.02.24 09:41:20.375,1.84465,1.84482,2.17,1.76
2015.02.24 09:41:20.477,1.84463,1.84482,3.19,1.26
2015.02.24 09:41:20.730,1.84463,1.84482,1.36,2.51
2015.02.24 09:41:21.135,1.84465,1.84482,2.17,4.24
2015.02.24 09:41:21.340,1.84463,1.84482,1.54,1.95
2015.02.24 09:41:21.845,1.84465,1.84482,1.12,1.74
2015.02.24 09:41:21.947,1.84465,1.8448,1.07,1.37
2015.02.24 09:41:22.150,1.84463,1.84481,1.00,2.81
2015.02.24 09:41:22.656,1.84462,1.84479,1.10,1.39
2015.02.24 09:41:22.707,1.8446,1.84477,2.81,1.00
2015.02.24 09:41:23.010,1.8446,1.84477,2.25,1.31
2015.02.24 09:41:23.162,1.84464,1.84481,3.00,1.47
2015.02.24 09:41:23.263,1.84466,1.84482,1.00,1.84
2015.02.24 09:41:23.466,1.84466,1.84482,1.07,1.01
2015.02.24 09:41:23.669,1.84467,1.84483,2.25,1.00
2015.02.24 09:41:23.973,1.8446,1.84471,2.17,2.17
2015.02.24 09:41:24.025,1.84456,1.84471,1.12,2.25
2015.02.24 09:41:24.076,1.84457,1.84472,2.17,2.17
2015.02.24 09:41:24.127,1.84459,1.84476,1.10,1.00
2015.02.24 09:41:24.228,1.84459,1.84476,3.19,1.00
2015.02.24 09:41:24.381,1.84461,1.8448,1.17,3.19
2015.02.24 09:41:24.482,1.84463,1.84482,1.17,1.46
2015.02.24 09:41:24.822,1.84466,1.84486,2.25,2.70
2015.02.24 09:41:25.278,1.84468,1.84486,2.25,1.00
2015.02.24 09:41:25.783,1.84468,1.84486,2.25,1.56
2015.02.24 09:41:26.354,1.84468,1.84486,2.25,1.56
2015.02.24 09:41:26.457,1.84464,1.84482,1.00,2.81
2015.02.24 09:41:26.660,1.84467,1.84485,1.17,1.76
2015.02.24 09:41:26.964,1.84465,1.84481,1.00,4.91
2015.02.24 09:41:27.015,1.84462,1.84479,1.00,1.76
2015.02.24 09:41:27.371,1.84462,1.84479,1.25,1.20
2015.02.24 09:41:27.422,1.84468,1.84481,1.00,4.35
2015.02.24 09:41:27.473,1.84468,1.84484,1.29,1.45
2015.02.24 09:41:27.676,1.84468,1.84485,1.00,3.56
2015.02.24 09:41:27.879,1.8447,1.84484,1.00,2.25
2015.02.24 09:41:27.980,1.8447,1.84487,1.07,1.01
2015.02.24 09:41:28.133,1.84472,1.84489,1.07,1.17
2015.02.24 09:41:28.437,1.84476,1.84493,1.10,2.92
2015.02.24 09:41:28.741,1.84476,1.84493,3.75,1.00
2015.02.24 09:41:30.161,1.8448,1.84493,4.35,1.00
2015.02.24 09:41:30.212,1.8448,1.84497,4.35,1.20
2015.02.24 09:41:30.263,1.84483,1.84497,2.25,1.20
2015.02.24 09:41:30.380,1.84484,1.84501,1.17,1.47
2015.02.24 09:41:30.664,1.84485,1.84501,2.25,1.37
2015.02.24 09:41:31.177,1.84485,1.84501,2.25,1.69
2015.02.24 09:41:31.279,1.84484,1.84499,1.00,2.81
2015.02.24 09:41:31.380,1.84484,1.84501,1.00,3.37
2015.02.24 09:41:31.886,1.84484,1.84501,3.00,1.25
2015.02.24 09:41:32.677,1.84484,1.84501,3.00,1.37
2015.02.24 09:41:32.779,1.84484,1.84501,3.00,1.37
2015.02.24 09:41:32.880,1.84484,1.84501,1.00,1.37
2015.02.24 09:41:33.791,1.84484,1.84501,1.20,1.37
2015.02.24 09:41:35.417,1.84484,1.84501,1.20,1.37
2015.02.24 09:41:35.468,1.84487,1.84504,1.00,6.11
2015.02.24 09:41:35.620,1.84487,1.84503,1.10,1.39
2015.02.24 09:41:35.721,1.84487,1.84503,3.75,1.00
2015.02.24 09:41:35.924,1.84493,1.84511,2.17,1.35
2015.02.24 09:41:36.240,1.84496,1.84514,1.57,1.17
2015.02.24 09:41:36.291,1.84498,1.84517,2.25,2.21
2015.02.24 09:41:40.005,1.84497,1.84513,2.25,1.00
2015.02.24 09:41:40.516,1.84496,1.84513,3.37,1.00
2015.02.24 09:41:42.187,1.84496,1.84515,4.12,1.45
2015.02.24 09:41:42.491,1.84501,1.84518,1.50,1.47
2015.02.24 09:41:43.008,1.84501,1.84518,1.50,1.47
2015.02.24 09:41:43.319,1.84501,1.84514,1.50,2.92
2015.02.24 09:41:43.643,1.84488,1.84502,1.00,1.20
2015.02.24 09:41:43.846,1.84489,1.84506,1.00,3.56
2015.02.24 09:41:44.099,1.84489,1.84506,1.07,1.12
2015.02.24 09:41:44.150,1.84492,1.84508,1.00,1.20
2015.02.24 09:41:44.555,1.84492,1.84509,1.50,1.20
2015.02.24 09:41:44.606,1.84494,1.84509,1.00,1.20
2015.02.24 09:41:44.911,1.84503,1.84518,1.00,2.62
2015.02.24 09:41:45.621,1.84503,1.84519,1.00,2.62
2015.02.24 09:41:46.339,1.84503,1.8452,1.00,1.47
2015.02.24 09:41:46.952,1.84503,1.8452,1.00,1.10
2015.02.24 09:41:47.459,1.84503,1.8452,1.00,1.47
2015.02.24 09:41:47.763,1.84496,1.84513,1.57,1.57
2015.02.24 09:41:48.117,1.84494,1.84511,1.10,1.37
2015.02.24 09:41:48.218,1.84497,1.84514,1.00,3.56
2015.02.24 09:41:49.644,1.84497,1.84513,1.00,2.62
2015.02.24 09:41:52.896,1.84497,1.84512,1.07,1.07
2015.02.24 09:41:53.199,1.845,1.84511,1.00,1.00
2015.02.24 09:41:53.301,1.84498,1.84511,1.10,1.00
2015.02.24 09:41:53.623,1.84498,1.84514,1.00,1.57
2015.02.24 09:41:54.134,1.84497,1.84514,1.10,1.10
2015.02.24 09:41:54.185,1.84499,1.84516,1.00,3.56
2015.02.24 09:41:54.692,1.84499,1.84516,1.65,1.56
2015.02.24 09:41:55.315,1.84499,1.84515,1.10,2.74
2015.02.24 09:41:55.620,1.84497,1.84513,1.00,1.17
2015.02.24 09:41:57.056,1.84496,1.84513,1.10,1.17
2015.02.24 09:42:00.148,1.84496,1.84513,2.02,1.07
2015.02.24 09:42:00.452,1.84499,1.84513,1.00,1.00
2015.02.24 09:42:00.756,1.84505,1.84519,1.50,2.36
2015.02.24 09:42:00.806,1.84505,1.84522,1.50,1.76
2015.02.24 09:42:01.326,1.84505,1.84522,1.50,2.21
2015.02.24 09:42:01.377,1.84505,1.84522,1.50,1.76
2015.02.24 09:42:01.984,1.84502,1.8452,5.10,1.56
2015.02.24 09:42:02.476,1.84502,1.84519,1.00,2.81
2015.02.24 09:42:02.982,1.84502,1.84519,1.00,2.81
2015.02.24 09:42:03.640,1.84501,1.84519,1.10,2.81
2015.02.24 09:42:03.691,1.84501,1.84519,2.14,2.25
2015.02.24 09:42:03.996,1.84513,1.84526,1.00,1.01
2015.02.24 09:42:04.047,1.8451,1.84526,1.00,1.01
2015.02.24 09:42:04.386,1.8451,1.84529,1.27,2.81
2015.02.24 09:42:04.437,1.84511,1.84524,1.00,2.25
2015.02.24 09:42:04.539,1.84508,1.84524,1.20,4.35
2015.02.24 09:42:04.895,1.84511,1.84525,1.00,2.25
2015.02.24 09:42:05.100,1.84509,1.84526,1.00,2.25
2015.02.24 09:42:05.308,1.84511,1.84526,1.00,2.25
2015.02.24 09:42:05.511,1.84512,1.84528,1.00,3.37
2015.02.24 09:42:07.625,1.84512,1.84528,1.00,1.00
2015.02.24 09:42:07.726,1.84516,1.84531,1.00,5.29
2015.02.24 09:42:07.828,1.84516,1.84534,1.00,5.66
2015.02.24 09:42:07.929,1.84516,1.84534,1.10,1.20
2015.02.24 09:42:08.031,1.84517,1.84534,2.25,1.37
2015.02.24 09:42:08.132,1.84516,1.84534,1.20,1.57
2015.02.24 09:42:10.292,1.84515,1.84534,2.21,1.27
2015.02.24 09:42:10.667,1.84515,1.84534,3.56,1.27
2015.02.24 09:42:12.122,1.84517,1.84534,2.40,1.00
2015.02.24 09:42:12.637,1.84519,1.84536,1.10,1.20
2015.02.24 09:42:12.942,1.84525,1.8454,2.62,1.00
2015.02.24 09:42:13.297,1.84525,1.84541,3.26,1.00
2015.02.24 09:42:13.652,1.84531,1.84541,2.25,1.00
2015.02.24 09:42:14.278,1.84531,1.84548,2.25,1.00
2015.02.24 09:42:14.790,1.84531,1.8455,3.00,1.84
2015.02.24 09:42:15.301,1.84531,1.8455,3.00,1.45
2015.02.24 09:42:16.110,1.84531,1.8455,3.37,1.45
2015.02.24 09:42:16.621,1.84531,1.8455,3.00,1.45
2015.02.24 09:42:16.989,1.84531,1.84542,2.92,1.75
2015.02.24 09:42:17.041,1.84525,1.84542,1.12,1.95
2015.02.24 09:42:17.093,1.84525,1.84542,1.12,1.20
2015.02.24 09:42:17.206,1.84523,1.8454,1.15,1.00
2015.02.24 09:42:17.303,1.84523,1.84543,1.77,1.15
2015.02.24 09:42:17.355,1.84528,1.84545,1.10,1.84
2015.02.24 09:42:18.064,1.84529,1.84547,2.25,1.47
2015.02.24 09:42:18.115,1.84529,1.84547,2.81,1.10
2015.02.24 09:42:18.166,1.84532,1.84544,4.35,1.00
2015.02.24 09:42:18.268,1.84532,1.84551,4.35,2.06
2015.02.24 09:42:18.521,1.84533,1.84552,1.27,1.20
2015.02.24 09:42:18.624,1.84535,1.84553,2.17,1.95
2015.02.24 09:42:19.138,1.84535,1.84555,4.35,1.86
2015.02.24 09:42:19.443,1.84539,1.84557,2.17,1.07
2015.02.24 09:42:19.595,1.84536,1.84556,1.27,4.72
2015.02.24 09:42:20.503,1.84534,1.84556,5.36,4.72
2015.02.24 09:42:20.908,1.84534,1.84556,4.42,5.29
2015.02.24 09:42:21.009,1.84534,1.84556,4.42,4.91
2015.02.24 09:42:21.111,1.84534,1.84556,4.42,5.29
2015.02.24 09:42:22.219,1.84534,1.84555,4.72,1.16
2015.02.24 09:42:22.623,1.84534,1.84547,4.35,1.00
2015.02.24 09:42:23.079,1.84534,1.84553,4.72,1.56
2015.02.24 09:42:23.839,1.84535,1.84556,1.27,4.35
2015.02.24 09:42:23.890,1.84539,1.84556,2.17,2.17
2015.02.24 09:42:23.941,1.84539,1.84557,2.25,1.09
2015.02.24 09:42:24.045,1.84539,1.84552,2.25,1.00
2015.02.24 09:42:24.197,1.84539,1.84553,1.10,1.00
2015.02.24 09:42:24.703,1.84536,1.84556,2.62,2.62
2015.02.24 09:42:25.396,1.84539,1.84557,2.17,1.09
2015.02.24 09:42:25.708,1.84537,1.84554,2.81,2.17
2015.02.24 09:42:25.860,1.84534,1.84554,3.94,2.81
2015.02.24 09:42:26.113,1.84534,1.84555,3.56,2.32
2015.02.24 09:42:26.164,1.84534,1.84557,3.56,3.94
2015.02.24 09:42:26.367,1.84538,1.84557,2.17,1.09
2015.02.24 09:42:26.875,1.8454,1.84557,2.17,1.00
2015.02.24 09:42:27.877,1.84543,1.84558,2.17,1.00
2015.02.24 09:42:28.385,1.84543,1.84561,2.25,1.64
2015.02.24 09:42:28.914,1.84543,1.84562,2.25,1.91
2015.02.24 09:42:29.988,1.84542,1.84562,2.25,4.01
2015.02.24 09:42:30.089,1.8454,1.84562,4.91,6.11
2015.02.24 09:42:30.777,1.8454,1.84558,4.91,1.00
2015.02.24 09:42:30.979,1.8454,1.84562,4.91,6.86
2015.02.24 09:42:31.481,1.8454,1.84558,2.81,2.17
2015.02.24 09:42:32.035,1.84538,1.84558,2.81,2.25
2015.02.24 09:42:32.549,1.84536,1.84557,1.91,2.25
2015.02.24 09:42:32.867,1.84537,1.84557,1.76,2.25
2015.02.24 09:42:33.035,1.84537,1.84557,1.20,3.56
2015.02.24 09:42:33.086,1.84535,1.84554,2.77,2.74
2015.02.24 09:42:33.390,1.84533,1.84548,1.00,2.25
2015.02.24 09:42:33.696,1.8453,1.84548,1.66,2.25
2015.02.24 09:42:34.378,1.8453,1.84548,1.10,2.25
2015.02.24 09:42:38.648,1.8453,1.8455,1.55,2.44
2015.02.24 09:42:40.002,1.8453,1.84549,1.07,2.62
2015.02.24 09:42:40.053,1.8453,1.84547,1.00,2.62
2015.02.24 09:42:40.558,1.8453,1.84546,1.00,2.25
2015.02.24 09:42:41.064,1.84529,1.84547,1.10,2.81
2015.02.24 09:42:47.617,1.84529,1.84546,1.00,2.62
2015.02.24 09:42:49.942,1.84529,1.84547,1.00,3.56
2015.02.24 09:42:50.452,1.8453,1.84547,1.00,2.81
2015.02.24 09:42:50.960,1.8453,1.84548,1.10,1.74
2015.02.24 09:42:51.480,1.8453,1.84548,1.01,1.74
2015.02.24 09:42:52.327,1.8453,1.84547,3.19,1.31
2015.02.24 09:42:52.681,1.8453,1.84549,3.56,1.00
2015.02.24 09:42:53.144,1.84534,1.84552,2.25,2.14
2015.02.24 09:42:54.398,1.84534,1.84543,2.17,1.37
2015.02.24 09:42:54.449,1.84531,1.84539,1.10,2.62
2015.02.24 09:42:54.642,1.84525,1.84537,1.00,1.10
2015.02.24 09:42:54.694,1.84521,1.84535,1.27,1.37
2015.02.24 09:42:54.898,1.84515,1.84532,1.00,4.31
2015.02.24 09:42:55.050,1.8451,1.84529,1.57,1.27
2015.02.24 09:42:55.569,1.84508,1.84525,5.66,1.00
2015.02.24 09:42:56.074,1.8451,1.84529,1.57,1.46
2015.02.24 09:42:58.390,1.84508,1.84526,4.91,1.00
2015.02.24 09:42:58.827,1.84509,1.84528,1.52,1.50
2015.02.24 09:42:59.080,1.84509,1.84528,1.25,1.87
2015.02.24 09:42:59.586,1.84507,1.84526,3.37,1.70
2015.02.24 09:43:03.196,1.84507,1.84526,3.00,1.70
2015.02.24 09:43:03.676,1.84507,1.84524,1.00,2.62
2015.02.24 09:43:04.452,1.84507,1.84526,1.17,3.56
2015.02.24 09:43:04.958,1.84507,1.84526,1.17,3.56
2015.02.24 09:43:07.151,1.84508,1.84526,2.17,1.74
2015.02.24 09:43:07.665,1.84508,1.84526,2.25,1.39
2015.02.24 09:43:08.206,1.84508,1.84526,2.25,1.39
2015.02.24 09:43:09.006,1.84508,1.84526,2.25,1.39
2015.02.24 09:43:10.117,1.84508,1.84526,2.25,2.21
2015.02.24 09:43:10.168,1.84507,1.84525,1.00,2.81
2015.02.24 09:43:10.371,1.84505,1.84523,1.01,2.25
2015.02.24 09:43:10.675,1.84505,1.8452,1.00,2.25
2015.02.24 09:43:11.184,1.84503,1.84519,1.19,4.35
2015.02.24 09:43:11.715,1.84503,1.84519,1.25,4.35
2015.02.24 09:43:13.506,1.84503,1.8452,1.00,3.56
2015.02.24 09:43:17.659,1.84507,1.8452,1.00,2.25
2015.02.24 09:43:17.913,1.84507,1.84523,1.00,2.81
2015.02.24 09:43:19.177,1.84507,1.84524,1.20,1.20
2015.02.24 09:43:19.228,1.84507,1.84522,1.20,1.37
2015.02.24 09:43:19.329,1.84503,1.8452,2.81,1.10
2015.02.24 09:43:19.736,1.84507,1.84521,1.00,2.44
2015.02.24 09:43:19.888,1.84507,1.84524,1.00,3.19
2015.02.24 09:43:20.394,1.84506,1.84523,1.10,1.46
2015.02.24 09:43:22.408,1.84506,1.84522,1.00,2.25
2015.02.24 09:43:22.954,1.84507,1.84522,1.00,2.25
2015.02.24 09:43:23.258,1.84504,1.84522,1.39,2.25
2015.02.24 09:43:23.612,1.84504,1.8452,1.25,4.35
2015.02.24 09:43:24.507,1.84504,1.84519,1.00,2.81
2015.02.24 09:43:25.775,1.84501,1.84518,1.25,1.34
2015.02.24 09:43:27.498,1.84501,1.84518,1.07,1.76
2015.02.24 09:43:28.969,1.84501,1.84518,1.07,1.84
2015.02.24 09:43:29.391,1.84501,1.84516,1.00,3.07
2015.02.24 09:43:29.443,1.84496,1.84512,2.92,1.20
2015.02.24 09:43:29.494,1.84493,1.84512,3.00,1.84
2015.02.24 09:43:29.596,1.84492,1.84507,1.00,2.62
2015.02.24 09:43:29.748,1.84486,1.84503,1.09,1.00
2015.02.24 09:43:30.041,1.84488,1.84505,1.00,1.52
2015.02.24 09:43:30.577,1.84488,1.84505,1.00,1.27
2015.02.24 09:43:30.679,1.8449,1.84505,1.19,1.27
2015.02.24 09:43:30.986,1.84495,1.84512,2.25,1.50
2015.02.24 09:43:31.241,1.84498,1.84509,1.00,2.55
2015.02.24 09:43:31.291,1.84494,1.84509,2.17,3.49
2015.02.24 09:43:31.343,1.8449,1.84508,1.10,2.62
2015.02.24 09:43:31.546,1.84493,1.84505,1.00,1.00
2015.02.24 09:43:31.749,1.84487,1.84505,1.47,3.37
2015.02.24 09:43:32.257,1.84488,1.84505,1.20,1.87
2015.02.24 09:43:32.409,1.84486,1.84502,4.35,1.00
2015.02.24 09:43:32.814,1.84488,1.84505,3.00,1.50
2015.02.24 09:43:33.322,1.84488,1.84505,3.00,1.50
2015.02.24 09:43:33.628,1.84475,1.84492,1.57,1.46
2015.02.24 09:43:33.730,1.84474,1.84491,1.00,1.47
2015.02.24 09:43:34.236,1.84471,1.8449,2.44,1.12
2015.02.24 09:43:34.756,1.84473,1.84493,1.39,4.31
2015.02.24 09:43:35.019,1.84475,1.84492,2.25,1.00
2015.02.24 09:43:35.525,1.84477,1.84495,1.10,2.62
2015.02.24 09:43:35.778,1.84477,1.84497,5.10,2.29
2015.02.24 09:43:36.286,1.84477,1.84497,5.66,1.72
2015.02.24 09:43:36.805,1.84478,1.84497,2.25,1.65
2015.02.24 09:43:36.957,1.84481,1.84497,2.25,1.50
2015.02.24 09:43:39.667,1.84479,1.84497,3.19,1.00
2015.02.24 09:43:40.124,1.84479,1.84495,1.71,1.00
2015.02.24 09:43:40.436,1.84482,1.84498,2.25,1.50
2015.02.24 09:43:40.588,1.84478,1.84495,1.25,2.25
2015.02.24 09:43:41.850,1.84476,1.84495,1.32,3.00
2015.02.24 09:43:42.482,1.84476,1.84493,1.25,2.17
2015.02.24 09:43:42.635,1.84474,1.84493,1.01,4.91
2015.02.24 09:43:43.343,1.84473,1.84493,1.39,5.66
2015.02.24 09:43:44.092,1.84473,1.84489,1.29,2.17
2015.02.24 09:43:46.104,1.84473,1.84487,1.25,1.10
2015.02.24 09:43:46.672,1.8447,1.84492,6.04,4.91
2015.02.24 09:43:47.197,1.84472,1.84493,3.94,1.46
2015.02.24 09:43:47.349,1.84475,1.84491,1.31,2.25
2015.02.24 09:43:47.955,1.84475,1.84491,1.01,2.25
2015.02.24 09:43:48.636,1.84474,1.84491,1.69,2.25
2015.02.24 09:43:48.940,1.84473,1.84493,1.46,1.15
2015.02.24 09:43:48.991,1.84478,1.84493,1.00,1.15
2015.02.24 09:43:49.244,1.84473,1.84492,1.46,1.20
2015.02.24 09:43:49.636,1.84473,1.84492,1.46,1.09
2015.02.24 09:43:50.215,1.84478,1.84494,1.00,4.54
2015.02.24 09:43:50.418,1.84475,1.84494,1.00,4.54
2015.02.24 09:43:51.473,1.84475,1.84491,1.25,2.17
2015.02.24 09:43:52.220,1.84472,1.84491,1.31,2.25
2015.02.24 09:43:53.378,1.84472,1.84487,1.19,2.17
2015.02.24 09:43:53.839,1.8447,1.84487,1.25,2.25
2015.02.24 09:43:54.353,1.84469,1.84489,3.56,2.81
2015.02.24 09:43:59.273,1.84469,1.84489,3.37,2.51
2015.02.24 09:43:59.476,1.84462,1.8448,2.36,1.20
2015.02.24 09:43:59.578,1.84464,1.8448,2.36,1.00
2015.02.24 09:43:59.836,1.84466,1.84483,2.55,1.25
2015.02.24 09:43:59.887,1.84472,1.84485,2.17,1.57
2015.02.24 09:43:59.989,1.84471,1.84488,3.00,1.94
2015.02.24 09:44:00.242,1.84471,1.84488,1.15,1.10
2015.02.24 09:44:00.344,1.8447,1.84486,4.35,1.00
2015.02.24 09:44:00.445,1.84471,1.84491,1.15,2.96
2015.02.24 09:44:00.497,1.84471,1.84491,1.15,2.59
2015.02.24 09:44:00.952,1.84471,1.84487,1.15,1.00
2015.02.24 09:44:01.055,1.84471,1.84491,1.15,2.59
2015.02.24 09:44:01.644,1.84471,1.84491,1.52,1.72
2015.02.24 09:44:01.696,1.84471,1.84491,1.52,1.72
2015.02.24 09:44:02.448,1.84471,1.84491,1.84,1.91
2015.02.24 09:44:02.752,1.84473,1.84488,4.72,1.00
2015.02.24 09:44:02.803,1.84473,1.84491,4.72,1.76
2015.02.24 09:44:03.573,1.84475,1.84491,1.20,1.25
2015.02.24 09:44:04.032,1.84475,1.84487,1.20,1.00
2015.02.24 09:44:04.396,1.84477,1.84487,1.00,1.00
2015.02.24 09:44:04.800,1.84477,1.84491,1.00,1.25
2015.02.24 09:44:05.512,1.84474,1.84491,1.27,1.25
2015.02.24 09:44:06.066,1.84474,1.84491,1.00,1.76
2015.02.24 09:44:06.269,1.8447,1.84487,1.76,1.07
2015.02.24 09:44:06.370,1.84473,1.84488,1.00,3.19
2015.02.24 09:44:08.570,1.84473,1.84487,1.00,1.71
2015.02.24 09:44:08.722,1.84468,1.84487,1.00,2.96
2015.02.24 09:44:08.975,1.84468,1.84487,3.11,1.32
2015.02.24 09:44:09.279,1.84473,1.84488,1.00,1.36
2015.02.24 09:44:10.297,1.84473,1.8449,1.10,1.36
2015.02.24 09:44:10.803,1.84475,1.84487,1.00,1.00
2015.02.24 09:44:11.318,1.84475,1.84491,1.00,3.71
2015.02.24 09:44:12.097,1.84475,1.84491,1.10,3.07
2015.02.24 09:44:12.148,1.84475,1.84492,1.20,1.69
2015.02.24 09:44:12.199,1.84475,1.84489,4.35,1.00
2015.02.24 09:44:12.351,1.84475,1.84492,5.10,1.25
2015.02.24 09:44:13.626,1.84475,1.8449,4.54,1.00
2015.02.24 09:44:13.778,1.84475,1.84493,4.54,1.19
2015.02.24 09:44:15.107,1.84474,1.84493,1.34,1.19
2015.02.24 09:44:15.616,1.84474,1.84493,1.40,1.25
2015.02.24 09:44:16.174,1.84473,1.84491,2.81,1.00
2015.02.24 09:44:17.323,1.84475,1.84492,1.17,1.19
2015.02.24 09:44:17.829,1.84475,1.84492,1.17,1.25
2015.02.24 09:44:18.340,1.84475,1.84492,1.10,1.01
2015.02.24 09:44:19.455,1.84475,1.84492,1.47,1.57
2015.02.24 09:44:21.430,1.84475,1.84492,1.09,1.07
2015.02.24 09:44:21.940,1.84475,1.84492,1.01,1.07
2015.02.24 09:44:23.113,1.84475,1.84492,1.17,1.57
2015.02.24 09:44:23.633,1.84475,1.84492,3.00,1.25
2015.02.24 09:44:23.734,1.84475,1.84492,1.10,1.01
2015.02.24 09:44:23.836,1.84475,1.84492,3.00,1.25
2015.02.24 09:44:24.342,1.84476,1.84492,1.67,1.00
2015.02.24 09:44:24.545,1.84479,1.84496,1.39,1.17
2015.02.24 09:44:24.596,1.8448,1.84496,2.55,1.07
2015.02.24 09:44:24.647,1.84484,1.84498,1.00,1.00
2015.02.24 09:44:24.699,1.84484,1.84501,1.00,1.10
2015.02.24 09:44:24.749,1.84482,1.84499,3.56,1.00
2015.02.24 09:44:25.003,1.84484,1.84503,5.10,1.19
2015.02.24 09:44:25.307,1.84486,1.84502,2.25,1.25
2015.02.24 09:44:25.833,1.84487,1.84502,2.25,1.00
2015.02.24 09:44:26.138,1.8449,1.84503,2.62,1.00
2015.02.24 09:44:26.442,1.84496,1.84512,4.35,1.50
2015.02.24 09:44:26.544,1.84498,1.84512,1.00,4.12
2015.02.24 09:44:26.645,1.84494,1.84511,1.10,1.70
2015.02.24 09:44:26.747,1.8449,1.84506,2.62,1.00
2015.02.24 09:44:26.949,1.84489,1.84506,1.61,1.00
2015.02.24 09:44:27.477,1.84491,1.84507,1.00,1.01
2015.02.24 09:44:27.629,1.8449,1.84507,1.00,3.19
2015.02.24 09:44:27.735,1.84487,1.84504,1.84,1.00
2015.02.24 09:44:28.196,1.84487,1.84502,1.46,1.00
2015.02.24 09:44:30.111,1.84488,1.84502,2.25,1.00
2015.02.24 09:44:30.212,1.84489,1.84504,3.00,1.00
2015.02.24 09:44:30.414,1.84489,1.84502,1.16,1.00
2015.02.24 09:44:30.566,1.84489,1.84502,1.30,1.00
2015.02.24 09:44:30.617,1.84489,1.84502,2.47,1.00
2015.02.24 09:44:30.668,1.8449,1.84507,2.62,1.00
2015.02.24 09:44:30.719,1.84492,1.84507,2.25,1.00
2015.02.24 09:44:31.023,1.84494,1.84508,2.17,1.00
2015.02.24 09:44:31.074,1.84492,1.84508,2.25,1.00
2015.02.24 09:44:31.276,1.8449,1.84508,2.25,1.10
2015.02.24 09:44:31.429,1.8449,1.84503,2.25,1.00
2015.02.24 09:44:31.985,1.8449,1.84502,2.25,1.00
2015.02.24 09:44:32.941,1.8449,1.84508,2.25,1.76
2015.02.24 09:44:33.143,1.84495,1.84507,1.00,1.00
2015.02.24 09:44:33.447,1.84495,1.84507,2.25,1.00
2015.02.24 09:44:33.903,1.84499,1.84507,2.17,1.00
2015.02.24 09:44:33.954,1.84501,1.8451,2.25,1.00
2015.02.24 09:44:34.005,1.84503,1.84516,2.25,1.20
2015.02.24 09:44:34.056,1.84504,1.84512,2.44,1.00
2015.02.24 09:44:34.157,1.84507,1.84521,2.25,1.00
2015.02.24 09:44:34.513,1.84508,1.84523,2.25,1.50
2015.02.24 09:44:34.564,1.84506,1.84523,5.10,1.50
2015.02.24 09:44:34.817,1.84509,1.84526,1.00,1.09
2015.02.24 09:44:35.077,1.84509,1.84522,1.00,1.00
2015.02.24 09:44:35.482,1.84509,1.84526,1.00,1.20
2015.02.24 09:44:35.736,1.84509,1.84526,1.00,3.00
2015.02.24 09:44:36.252,1.84509,1.84525,1.00,2.44
2015.02.24 09:44:36.660,1.84509,1.84526,1.10,1.29
2015.02.24 09:44:37.192,1.84507,1.84524,2.62,1.00
2015.02.24 09:44:37.420,1.84515,1.84527,2.17,1.57
2015.02.24 09:44:37.624,1.84518,1.84532,1.37,1.10
2015.02.24 09:44:37.725,1.84521,1.84537,1.01,2.25
2015.02.24 09:44:37.777,1.84522,1.84539,1.29,1.65
2015.02.24 09:44:38.292,1.84523,1.8454,1.62,2.25
2015.02.24 09:44:38.343,1.84524,1.84546,2.62,4.31
2015.02.24 09:44:38.647,1.84523,1.84542,1.45,2.25
2015.02.24 09:44:38.859,1.84521,1.84541,1.20,3.00
2015.02.24 09:44:39.316,1.8452,1.84539,1.46,2.25
2015.02.24 09:44:39.620,1.84522,1.84542,2.62,2.62
2015.02.24 09:44:40.392,1.84524,1.84542,2.62,1.10
2015.02.24 09:44:42.181,1.84524,1.84544,2.25,2.70
2015.02.24 09:44:42.650,1.84519,1.84541,2.81,2.62
2015.02.24 09:44:43.190,1.84519,1.8454,2.81,1.27
2015.02.24 09:44:43.694,1.84519,1.8454,2.25,1.75
2015.02.24 09:44:44.189,1.84518,1.84538,3.00,3.75
2015.02.24 09:44:44.341,1.84515,1.84535,2.55,3.37
2015.02.24 09:44:44.493,1.84512,1.84532,1.20,2.62
2015.02.24 09:44:44.595,1.8451,1.84532,2.62,2.77
2015.02.24 09:44:45.269,1.8451,1.8453,2.62,1.07
2015.02.24 09:44:45.572,1.8451,1.8453,2.62,1.57
2015.02.24 09:44:46.089,1.84509,1.84528,2.44,1.95
2015.02.24 09:44:46.602,1.84509,1.84522,3.19,1.00
2015.02.24 09:44:46.858,1.84508,1.84517,1.00,1.00
2015.02.24 09:44:46.910,1.84502,1.84517,2.25,1.00
2015.02.24 09:44:46.961,1.84501,1.84517,1.10,3.00
2015.02.24 09:44:47.062,1.84496,1.84515,2.02,2.25
2015.02.24 09:44:47.113,1.84497,1.84515,1.10,2.25
2015.02.24 09:44:47.266,1.84498,1.84517,1.20,1.15
2015.02.24 09:44:47.367,1.84501,1.84516,1.00,2.25
2015.02.24 09:44:47.673,1.84502,1.8452,1.00,2.44
2015.02.24 09:44:47.977,1.84502,1.8452,1.20,1.20
2015.02.24 09:44:48.028,1.84505,1.8452,1.00,1.20
2015.02.24 09:44:48.331,1.84514,1.84529,1.00,2.17
2015.02.24 09:44:48.382,1.84514,1.84531,1.00,2.81
2015.02.24 09:44:48.433,1.84511,1.84529,2.92,2.25
2015.02.24 09:44:48.484,1.84511,1.84528,1.00,2.25
2015.02.24 09:44:48.586,1.84511,1.84528,1.17,1.00
2015.02.24 09:44:48.637,1.8451,1.84524,2.92,1.07
2015.02.24 09:44:48.744,1.84504,1.84524,3.00,2.25
2015.02.24 09:44:48.897,1.84504,1.84522,1.10,3.00
2015.02.24 09:44:48.999,1.84504,1.84524,1.17,1.35
2015.02.24 09:44:49.305,1.84503,1.84521,2.25,1.00
2015.02.24 09:44:49.609,1.84503,1.8452,1.50,2.25
2015.02.24 09:44:50.086,1.845,1.84519,1.09,3.00
2015.02.24 09:44:50.188,1.845,1.84519,1.54,1.00
2015.02.24 09:44:50.290,1.84503,1.84522,1.00,4.35
2015.02.24 09:44:50.593,1.84511,1.84519,1.00,2.25
2015.02.24 09:44:50.695,1.84504,1.84519,1.00,2.25
2015.02.24 09:44:50.852,1.84501,1.84519,1.00,2.25
2015.02.24 09:44:50.954,1.84504,1.84519,1.00,2.25
2015.02.24 09:44:51.056,1.845,1.84516,1.09,1.00
2015.02.24 09:44:51.208,1.84503,1.84519,1.00,2.62
2015.02.24 09:44:51.512,1.84502,1.84519,1.37,2.25
2015.02.24 09:44:51.615,1.84507,1.84522,3.00,1.00
2015.02.24 09:44:51.666,1.84507,1.84522,2.25,1.00
2015.02.24 09:44:51.717,1.84507,1.84524,3.00,1.00
2015.02.24 09:44:51.818,1.84507,1.84524,1.00,3.56
2015.02.24 09:44:52.123,1.84502,1.84519,1.00,3.37
2015.02.24 09:44:52.477,1.84499,1.84512,2.25,1.00
2015.02.24 09:44:52.984,1.84501,1.84512,2.25,1.00
2015.02.24 09:44:53.035,1.84504,1.84521,1.00,1.27
2015.02.24 09:44:53.137,1.84501,1.84517,2.25,1.00
2015.02.24 09:44:53.239,1.84505,1.84522,1.00,3.56
2015.02.24 09:44:53.341,1.84501,1.84519,2.25,1.00
2015.02.24 09:44:53.696,1.84503,1.84519,2.25,1.00
2015.02.24 09:44:55.913,1.84505,1.84523,1.10,2.25
2015.02.24 09:44:56.216,1.84507,1.84523,1.00,2.25
2015.02.24 09:44:58.613,1.84507,1.84524,1.00,1.17
2015.02.24 09:44:59.137,1.84507,1.84524,1.17,1.10
2015.02.24 09:44:59.188,1.84508,1.84524,2.25,1.00
2015.02.24 09:44:59.812,1.84507,1.84524,1.10,1.17
2015.02.24 09:45:00.217,1.84507,1.84524,1.47,1.17
2015.02.24 09:45:00.420,1.8451,1.84526,1.01,1.10
2015.02.24 09:45:00.522,1.84515,1.84532,1.00,3.75
2015.02.24 09:45:00.826,1.84512,1.84529,1.57,1.00
2015.02.24 09:45:02.883,1.84512,1.84529,1.54,1.00
2015.02.24 09:45:03.035,1.84515,1.84532,1.10,1.57
2015.02.24 09:45:03.137,1.84513,1.84529,2.62,1.00
2015.02.24 09:45:03.390,1.84514,1.84533,1.07,6.41
2015.02.24 09:45:03.441,1.84514,1.84531,1.00,2.25
2015.02.24 09:45:03.962,1.84512,1.84529,1.20,1.10
2015.02.24 09:45:04.281,1.84511,1.84527,2.70,1.00
2015.02.24 09:45:04.586,1.84515,1.84531,1.00,2.44
2015.02.24 09:45:04.907,1.84511,1.84527,2.70,1.00
2015.02.24 09:45:06.235,1.84512,1.84531,1.20,3.56
2015.02.24 09:45:06.757,1.84512,1.84531,1.20,3.19
2015.02.24 09:45:07.907,1.84512,1.84531,1.52,1.31
2015.02.24 09:45:08.249,1.84512,1.84527,1.52,1.00
2015.02.24 09:45:08.402,1.84512,1.84531,1.27,1.19
2015.02.24 09:45:09.213,1.84515,1.84532,1.00,1.39
2015.02.24 09:45:09.501,1.84513,1.8453,1.20,1.25
2015.02.24 09:45:10.429,1.84513,1.8453,1.46,1.00
2015.02.24 09:45:10.581,1.84521,1.8453,2.25,1.00
2015.02.24 09:45:10.633,1.8452,1.84533,4.35,1.00
2015.02.24 09:45:10.734,1.84522,1.84537,1.10,1.19
2015.02.24 09:45:11.089,1.8452,1.84537,1.00,1.36
2015.02.24 09:45:11.314,1.84516,1.84533,3.94,1.00
2015.02.24 09:45:11.416,1.84519,1.84538,1.00,3.56
2015.02.24 09:45:11.720,1.84516,1.84533,3.94,1.00
2015.02.24 09:45:12.175,1.84515,1.84534,1.20,3.56
2015.02.24 09:45:12.327,1.84515,1.84532,1.37,2.17
2015.02.24 09:45:12.479,1.84515,1.84534,3.37,1.26
2015.02.24 09:45:12.935,1.84515,1.84534,1.10,3.49
2015.02.24 09:45:13.441,1.84514,1.84531,1.84,1.00
2015.02.24 09:45:14.614,1.84514,1.84531,1.65,1.25
2015.02.24 09:45:14.716,1.84522,1.84534,1.17,1.00
2015.02.24 09:45:14.818,1.84519,1.84534,2.25,1.00
2015.02.24 09:45:14.921,1.84519,1.8453,1.10,1.00
2015.02.24 09:45:15.124,1.84514,1.8453,3.37,1.00
2015.02.24 09:45:15.225,1.84513,1.8453,1.27,1.00
2015.02.24 09:45:15.377,1.84512,1.84525,1.00,2.36
2015.02.24 09:45:15.530,1.84508,1.84525,1.00,2.44
2015.02.24 09:45:15.885,1.84508,1.84521,1.00,2.25
2015.02.24 09:45:15.986,1.84508,1.84524,1.00,2.89
2015.02.24 09:45:16.240,1.84504,1.84521,1.57,1.00
2015.02.24 09:45:16.494,1.84502,1.84521,1.27,3.56
2015.02.24 09:45:17.017,1.84501,1.84518,1.00,1.09
2015.02.24 09:45:17.068,1.84501,1.84518,1.00,1.39
2015.02.24 09:45:18.142,1.84501,1.84518,1.00,1.39
2015.02.24 09:45:19.492,1.84501,1.84518,1.00,1.39
2015.02.24 09:45:20.445,1.84501,1.84518,1.00,1.39
2015.02.24 09:45:21.561,1.84501,1.84518,1.00,1.39
2015.02.24 09:45:21.764,1.84501,1.84518,1.00,1.71
2015.02.24 09:45:21.916,1.84495,1.84511,4.42,1.31
2015.02.24 09:45:22.017,1.84494,1.84511,1.32,1.39
2015.02.24 09:45:22.068,1.84497,1.84513,1.00,2.81
2015.02.24 09:45:22.321,1.84497,1.84514,1.57,1.10
2015.02.24 09:45:22.844,1.84497,1.84514,1.57,1.29
2015.02.24 09:45:24.285,1.84497,1.84514,1.57,1.10
2015.02.24 09:45:27.206,1.84497,1.84516,1.27,3.56
2015.02.24 09:45:27.611,1.84495,1.84509,1.00,2.62
2015.02.24 09:45:27.916,1.84488,1.845,1.00,2.81
2015.02.24 09:45:28.017,1.84483,1.84499,1.00,2.44
2015.02.24 09:45:28.123,1.84479,1.84498,1.57,1.46
2015.02.24 09:45:28.174,1.84479,1.84498,1.20,1.46
2015.02.24 09:45:29.545,1.8448,1.84499,1.00,3.56
2015.02.24 09:45:29.646,1.8448,1.84499,1.17,1.01
2015.02.24 09:45:30.542,1.84481,1.84499,4.72,1.31
2015.02.24 09:45:30.847,1.84488,1.84502,3.37,1.00
2015.02.24 09:45:31.151,1.84492,1.84507,2.25,1.19
2015.02.24 09:45:31.404,1.84492,1.8451,2.25,2.14
2015.02.24 09:45:31.659,1.84492,1.84507,2.25,1.00
2015.02.24 09:45:32.645,1.84492,1.84508,2.25,1.31
2015.02.24 09:45:33.169,1.84492,1.84507,2.25,1.50
2015.02.24 09:45:33.581,1.84492,1.84507,2.25,1.87
2015.02.24 09:45:33.632,1.84488,1.84507,1.17,4.31
2015.02.24 09:45:33.937,1.84487,1.84503,2.25,1.00
2015.02.24 09:45:34.406,1.84487,1.845,2.25,1.00
2015.02.24 09:45:39.371,1.84485,1.845,2.25,1.00
2015.02.24 09:45:39.897,1.84489,1.84506,1.37,3.00
2015.02.24 09:45:39.948,1.84492,1.84506,2.25,1.00
2015.02.24 09:45:40.100,1.84492,1.84508,2.25,1.20
2015.02.24 09:45:40.310,1.84492,1.84508,2.25,1.47
2015.02.24 09:45:40.361,1.84491,1.84508,1.20,1.47
2015.02.24 09:45:41.403,1.84495,1.84509,1.00,1.84
2015.02.24 09:45:41.555,1.84487,1.84506,1.57,3.37
2015.02.24 09:45:41.606,1.84487,1.84506,1.07,3.56
2015.02.24 09:45:41.912,1.84486,1.845,2.25,1.00
2015.02.24 09:45:43.088,1.84486,1.84504,2.62,1.20
2015.02.24 09:45:43.139,1.84486,1.845,2.17,2.74
2015.02.24 09:45:43.292,1.84481,1.84496,1.12,1.47
2015.02.24 09:45:43.343,1.84479,1.84496,1.07,1.74
2015.02.24 09:45:43.395,1.84478,1.84488,1.00,1.00
2015.02.24 09:45:43.497,1.84476,1.84495,2.02,1.54
2015.02.24 09:45:44.169,1.84478,1.84495,4.35,1.39
2015.02.24 09:45:45.757,1.84481,1.84495,2.25,1.10
2015.02.24 09:45:46.364,1.84481,1.84497,2.25,1.57
2015.02.24 09:45:46.667,1.84484,1.84497,2.62,1.10
2015.02.24 09:45:46.719,1.84487,1.84501,1.00,1.69
2015.02.24 09:45:47.224,1.84485,1.84502,1.27,1.12
2015.02.24 09:45:47.376,1.84487,1.84502,2.25,1.12
2015.02.24 09:45:47.682,1.8449,1.84502,2.25,1.00
2015.02.24 09:45:47.988,1.84492,1.84502,4.35,1.00
2015.02.24 09:45:48.140,1.84492,1.84506,4.35,1.00
2015.02.24 09:45:48.815,1.84492,1.84509,5.10,1.56
2015.02.24 09:45:49.960,1.84492,1.84509,5.10,1.25
2015.02.24 09:45:50.097,1.84492,1.84507,4.35,1.00
2015.02.24 09:45:51.685,1.8449,1.84507,3.37,1.00
2015.02.24 09:45:51.786,1.84494,1.84507,2.25,1.00
2015.02.24 09:45:51.887,1.8449,1.84507,3.37,1.00
2015.02.24 09:45:52.242,1.84493,1.8451,1.00,1.74
2015.02.24 09:45:52.293,1.8449,1.84507,1.00,2.81
2015.02.24 09:45:52.344,1.8449,1.84507,1.00,2.81
2015.02.24 09:45:52.446,1.84492,1.84506,1.00,5.10
2015.02.24 09:45:52.498,1.84492,1.84507,1.20,1.12
2015.02.24 09:45:52.550,1.8449,1.84506,4.35,1.39
2015.02.24 09:45:52.601,1.84489,1.84506,1.27,1.39
2015.02.24 09:45:52.652,1.84489,1.84506,1.52,1.00
2015.02.24 09:45:52.956,1.84492,1.84507,2.62,1.00
2015.02.24 09:45:53.491,1.84491,1.84507,3.37,1.00
2015.02.24 09:45:54.010,1.84491,1.84507,3.56,1.00
2015.02.24 09:45:54.971,1.84493,1.8451,1.00,2.62
2015.02.24 09:45:55.477,1.8449,1.84509,3.00,1.39
2015.02.24 09:45:56.012,1.8449,1.84509,3.00,2.14
2015.02.24 09:45:56.617,1.84492,1.84509,1.10,1.26
2015.02.24 09:45:56.948,1.84492,1.84508,1.00,2.44
2015.02.24 09:45:57.454,1.84491,1.84508,1.50,3.19
2015.02.24 09:45:58.781,1.84491,1.84508,1.50,3.19
2015.02.24 09:45:59.034,1.84489,1.84506,1.10,1.31
2015.02.24 09:45:59.540,1.84489,1.84506,1.10,1.12
2015.02.24 09:45:59.591,1.84493,1.84508,1.00,1.84
2015.02.24 09:45:59.692,1.84487,1.84505,2.62,1.00
2015.02.24 09:46:00.792,1.84487,1.84505,2.62,1.00
2015.02.24 09:46:00.894,1.84491,1.84508,3.37,1.00
2015.02.24 09:46:01.198,1.84493,1.8451,3.00,1.00
2015.02.24 09:46:01.502,1.8449,1.84506,4.01,1.00
2015.02.24 09:46:01.812,1.84494,1.8451,1.00,2.25
2015.02.24 09:46:01.913,1.84492,1.84509,1.01,1.17
2015.02.24 09:46:03.276,1.84493,1.8451,1.00,3.00
2015.02.24 09:46:03.690,1.84493,1.8451,1.20,1.00
2015.02.24 09:46:04.506,1.84491,1.84508,5.29,1.00
2015.02.24 09:46:06.314,1.84493,1.84508,2.25,1.00
2015.02.24 09:46:06.618,1.84493,1.8451,3.56,1.00
2015.02.24 09:46:06.719,1.84496,1.8451,2.25,1.00
2015.02.24 09:46:06.821,1.84494,1.8451,2.32,1.00
2015.02.24 09:46:08.590,1.84496,1.84513,3.37,1.07
2015.02.24 09:46:09.115,1.84497,1.84513,2.25,1.00
2015.02.24 09:46:09.684,1.84497,1.84507,2.17,1.00
2015.02.24 09:46:09.736,1.84495,1.84507,2.25,1.00
2015.02.24 09:46:09.787,1.84496,1.84512,1.07,2.74
2015.02.24 09:46:09.990,1.84496,1.84509,1.00,2.62
2015.02.24 09:46:10.041,1.84494,1.84508,1.00,2.25
2015.02.24 09:46:10.209,1.8449,1.84506,2.25,1.00
2015.02.24 09:46:11.434,1.84489,1.84506,1.17,1.10
2015.02.24 09:46:11.984,1.84489,1.84506,3.00,1.10
2015.02.24 09:46:12.521,1.8449,1.84506,2.25,1.00
2015.02.24 09:46:13.438,1.8449,1.84509,3.00,1.65
2015.02.24 09:46:13.539,1.8449,1.84504,2.25,1.00
2015.02.24 09:46:13.641,1.84487,1.84504,3.00,1.00
2015.02.24 09:46:13.692,1.84487,1.84504,2.92,3.30
2015.02.24 09:46:13.996,1.84483,1.845,1.12,5.10
2015.02.24 09:46:16.543,1.84483,1.845,1.27,1.01
2015.02.24 09:46:17.407,1.84487,1.84502,1.00,2.44
2015.02.24 09:46:17.508,1.84483,1.84502,1.46,3.19
2015.02.24 09:46:18.017,1.84482,1.84499,2.81,1.00
2015.02.24 09:46:19.204,1.84484,1.84499,2.25,1.00
2015.02.24 09:46:19.255,1.84485,1.84502,2.25,1.00
2015.02.24 09:46:19.407,1.84486,1.84505,3.37,4.42
2015.02.24 09:46:19.609,1.84492,1.84509,1.27,1.95
2015.02.24 09:46:19.711,1.84492,1.84506,2.25,1.00
2015.02.24 09:46:19.813,1.84492,1.84511,3.00,1.95
2015.02.24 09:46:19.864,1.84492,1.84511,3.00,1.20
2015.02.24 09:46:19.914,1.84492,1.84511,3.00,1.57
2015.02.24 09:46:20.067,1.84492,1.8451,1.00,4.72
2015.02.24 09:46:20.269,1.84488,1.84507,6.41,1.00
2015.02.24 09:46:20.523,1.84489,1.84506,3.56,1.00
2015.02.24 09:46:20.675,1.84492,1.84511,1.31,3.45
2015.02.24 09:46:21.724,1.84492,1.84511,1.31,3.37
2015.02.24 09:46:21.927,1.84492,1.84511,3.11,2.92
2015.02.24 09:46:21.978,1.84494,1.84511,1.17,1.00
2015.02.24 09:46:22.433,1.84493,1.84505,2.17,1.00
2015.02.24 09:46:22.484,1.84489,1.84505,1.27,1.00
2015.02.24 09:46:22.637,1.84488,1.84505,1.57,3.26
2015.02.24 09:46:23.092,1.84484,1.84503,1.29,1.17
2015.02.24 09:46:23.244,1.84488,1.84503,1.00,5.17
2015.02.24 09:46:23.564,1.84486,1.845,1.00,3.07
2015.02.24 09:46:23.716,1.84482,1.84498,1.12,1.35
2015.02.24 09:46:23.767,1.84481,1.84497,1.00,2.25
2015.02.24 09:46:24.274,1.84481,1.84498,1.57,1.17
2015.02.24 09:46:24.325,1.84481,1.84491,1.10,2.55
2015.02.24 09:46:24.426,1.84476,1.84489,1.10,2.62
2015.02.24 09:46:24.477,1.84475,1.84485,1.00,2.17
2015.02.24 09:46:24.731,1.84474,1.84487,1.00,2.25
2015.02.24 09:46:24.832,1.84473,1.84491,1.10,2.25
2015.02.24 09:46:24.883,1.84473,1.84489,1.00,2.17
2015.02.24 09:46:25.035,1.84474,1.84491,1.10,1.10
2015.02.24 09:46:25.187,1.84477,1.84493,1.00,2.25
2015.02.24 09:46:25.642,1.84477,1.84494,1.00,1.30
2015.02.24 09:46:25.744,1.84477,1.84494,1.00,1.54
2015.02.24 09:46:26.048,1.84476,1.84492,1.00,2.81
2015.02.24 09:46:26.402,1.84478,1.8449,1.00,2.62
2015.02.24 09:46:26.749,1.84476,1.8449,1.00,2.62
2015.02.24 09:46:26.850,1.84473,1.84486,1.00,1.12
2015.02.24 09:46:27.514,1.84475,1.84491,1.00,3.19
2015.02.24 09:46:27.565,1.84475,1.84491,1.00,2.81
2015.02.24 09:46:27.616,1.84478,1.84491,1.00,2.81
2015.02.24 09:46:27.718,1.84476,1.84491,1.00,2.81
2015.02.24 09:46:28.182,1.84473,1.84488,1.10,1.00
2015.02.24 09:46:28.435,1.84475,1.84488,1.12,1.00
2015.02.24 09:46:28.486,1.84477,1.84493,1.00,4.54
2015.02.24 09:46:28.588,1.84478,1.84494,2.17,2.92
2015.02.24 09:46:28.740,1.84472,1.84489,1.25,1.00
2015.02.24 09:46:28.792,1.84474,1.84489,1.07,1.00
2015.02.24 09:46:28.994,1.84477,1.84495,1.10,1.76
2015.02.24 09:46:29.096,1.84478,1.84496,1.00,1.09
2015.02.24 09:46:29.400,1.84475,1.84493,2.25,1.00
2015.02.24 09:46:29.703,1.84478,1.84495,2.55,1.39
2015.02.24 09:46:30.209,1.84478,1.84495,2.62,1.00
2015.02.24 09:46:30.903,1.8448,1.84497,1.10,2.29
2015.02.24 09:46:32.580,1.8448,1.84497,1.07,2.21
2015.02.24 09:46:34.211,1.84481,1.84498,1.47,1.10
2015.02.24 09:46:34.677,1.84481,1.84498,1.27,1.00
2015.02.24 09:46:35.182,1.84481,1.84498,1.57,1.00
2015.02.24 09:46:35.284,1.84481,1.84498,1.20,1.07
2015.02.24 09:46:35.385,1.84481,1.84498,1.37,1.17
2015.02.24 09:46:35.897,1.84481,1.84498,1.12,1.17
2015.02.24 09:46:36.391,1.84485,1.84498,1.37,1.10
2015.02.24 09:46:36.641,1.84491,1.84507,1.12,2.32
2015.02.24 09:46:36.894,1.84491,1.84509,1.20,3.19
2015.02.24 09:46:37.400,1.84491,1.84508,1.20,1.39
2015.02.24 09:46:37.860,1.84489,1.84506,3.64,1.00
2015.02.24 09:46:38.468,1.84489,1.84506,3.45,1.00
2015.02.24 09:46:38.520,1.84489,1.84506,1.20,1.00
2015.02.24 09:46:38.621,1.84489,1.84506,1.10,3.11
2015.02.24 09:46:38.773,1.84486,1.84503,1.10,1.39
2015.02.24 09:46:38.824,1.84486,1.84501,1.10,2.17
2015.02.24 09:46:39.512,1.84484,1.84501,1.45,1.34
2015.02.24 09:46:39.765,1.84482,1.84501,3.64,1.46
2015.02.24 09:46:40.372,1.84482,1.84501,3.45,1.74
2015.02.24 09:46:40.524,1.84482,1.84499,1.27,2.74
2015.02.24 09:46:41.085,1.84482,1.84499,1.00,2.44
2015.02.24 09:46:42.107,1.84482,1.84501,1.12,6.04
2015.02.24 09:46:42.631,1.84482,1.84501,3.00,5.29
2015.02.24 09:46:42.936,1.84485,1.84501,1.20,1.39
2015.02.24 09:46:43.241,1.84484,1.84497,1.75,1.00
2015.02.24 09:46:43.396,1.8448,1.84497,1.72,1.00
2015.02.24 09:46:43.447,1.84479,1.84494,1.37,1.00
2015.02.24 09:46:43.918,1.8448,1.84497,1.10,1.17
2015.02.24 09:46:44.020,1.84478,1.84494,2.59,1.00
2015.02.24 09:46:45.442,1.84481,1.84498,1.00,2.25
2015.02.24 09:46:45.999,1.84478,1.84493,3.94,1.00
2015.02.24 09:46:46.100,1.84479,1.84496,1.65,1.10
2015.02.24 09:46:46.769,1.84478,1.84491,3.75,1.00
2015.02.24 09:46:46.871,1.84479,1.84496,1.65,1.10
2015.02.24 09:46:47.734,1.84479,1.84495,1.57,2.17
2015.02.24 09:46:48.189,1.84478,1.8449,1.75,1.00
2015.02.24 09:46:49.213,1.84477,1.8449,1.45,1.00
2015.02.24 09:46:52.291,1.84477,1.84489,1.12,1.00
2015.02.24 09:46:52.845,1.84475,1.84489,1.12,1.00
2015.02.24 09:46:55.263,1.84473,1.84489,1.52,1.00
2015.02.24 09:46:56.462,1.84474,1.84492,1.27,2.25
2015.02.24 09:46:57.962,1.84474,1.84493,3.37,3.00
2015.02.24 09:46:58.318,1.8448,1.84494,1.00,2.25
2015.02.24 09:46:58.369,1.8448,1.84495,1.10,1.25
2015.02.24 09:46:58.420,1.84482,1.84495,1.00,1.25
2015.02.24 09:46:58.521,1.84478,1.84496,3.37,1.29
2015.02.24 09:46:58.572,1.84481,1.84497,2.25,1.69
2015.02.24 09:46:58.979,1.84483,1.845,1.17,1.25
2015.02.24 09:46:59.698,1.84483,1.845,1.17,1.19
2015.02.24 09:47:00.212,1.84483,1.84499,1.00,1.32
2015.02.24 09:47:00.825,1.8448,1.84497,2.25,1.00
2015.02.24 09:47:02.767,1.8448,1.84497,3.37,2.44
2015.02.24 09:47:02.919,1.84478,1.84493,2.32,1.25
2015.02.24 09:47:03.425,1.84479,1.84494,1.52,1.00
2015.02.24 09:47:05.598,1.84479,1.84496,1.27,1.20
2015.02.24 09:47:06.523,1.8448,1.84496,2.25,1.12
2015.02.24 09:47:07.338,1.84482,1.84496,2.17,1.00
2015.02.24 09:47:10.043,1.8448,1.84496,3.07,1.00
2015.02.24 09:47:11.328,1.84479,1.84496,1.30,1.36
2015.02.24 09:47:11.429,1.84477,1.84493,3.75,1.00
2015.02.24 09:47:11.835,1.84474,1.84493,2.32,3.00
2015.02.24 09:47:13.319,1.84479,1.84493,2.17,2.92
2015.02.24 09:47:13.370,1.84481,1.84495,3.00,1.00
2015.02.24 09:47:13.421,1.84481,1.84498,1.07,1.01
2015.02.24 09:47:13.522,1.84483,1.845,1.12,5.29
2015.02.24 09:47:13.623,1.8448,1.84496,1.00,2.81
2015.02.24 09:47:14.331,1.8448,1.84497,1.00,1.46
2015.02.24 09:47:14.836,1.84481,1.845,1.46,2.59
2015.02.24 09:47:15.342,1.84481,1.845,1.46,1.09
2015.02.24 09:47:15.856,1.84481,1.845,1.91,1.09
2015.02.24 09:47:16.161,1.84481,1.84499,1.76,1.17
2015.02.24 09:47:16.466,1.84482,1.845,2.62,1.00
2015.02.24 09:47:17.146,1.84481,1.845,3.82,1.26
2015.02.24 09:47:17.349,1.8448,1.84497,1.10,1.07
2015.02.24 09:47:17.451,1.8448,1.84496,1.00,2.44
2015.02.24 09:47:17.553,1.84477,1.84494,1.07,1.10
2015.02.24 09:47:17.654,1.84475,1.84492,4.50,1.25
2015.02.24 09:47:17.959,1.84471,1.84488,1.12,3.19
2015.02.24 09:47:18.263,1.8447,1.84484,1.09,1.00
2015.02.24 09:47:18.679,1.84467,1.84484,5.25,1.12
2015.02.24 09:47:19.197,1.84467,1.84484,4.50,1.19
2015.02.24 09:47:20.879,1.84469,1.84484,2.62,1.25
2015.02.24 09:47:21.385,1.84471,1.84484,2.62,1.00
2015.02.24 09:47:21.538,1.84473,1.8449,1.00,3.56
2015.02.24 09:47:21.639,1.84471,1.84486,2.81,1.00
2015.02.24 09:47:21.969,1.84473,1.84486,2.25,1.00
2015.02.24 09:47:22.962,1.8447,1.84486,2.44,1.00
2015.02.24 09:47:23.584,1.8447,1.84486,3.00,1.19
2015.02.24 09:47:23.837,1.84472,1.84489,1.07,1.31
2015.02.24 09:47:23.946,1.84471,1.84484,2.25,1.00
2015.02.24 09:47:25.369,1.84472,1.84484,4.35,1.00
2015.02.24 09:47:25.622,1.84472,1.84489,5.10,1.19
2015.02.24 09:47:26.263,1.84472,1.84487,4.35,1.00
2015.02.24 09:47:26.777,1.8448,1.84487,2.25,1.00
2015.02.24 09:47:26.828,1.8448,1.84493,2.25,1.10
2015.02.24 09:47:26.980,1.84481,1.84496,2.25,1.69
2015.02.24 09:47:27.335,1.84485,1.84502,1.00,4.39
2015.02.24 09:47:27.386,1.84485,1.84502,1.10,1.84
2015.02.24 09:47:28.053,1.84485,1.84502,2.92,1.76
2015.02.24 09:47:28.601,1.84487,1.84505,1.10,3.56
2015.02.24 09:47:29.115,1.84488,1.84503,1.00,1.01
2015.02.24 09:47:29.622,1.84488,1.84502,1.15,1.00
2015.02.24 09:47:29.673,1.84488,1.84505,1.15,1.69
2015.02.24 09:47:30.263,1.84488,1.84505,1.15,1.00
2015.02.24 09:47:32.873,1.84491,1.84505,1.00,1.00
2015.02.24 09:47:33.320,1.84491,1.84507,1.00,1.09
2015.02.24 09:47:33.421,1.84489,1.84505,4.72,1.00
2015.02.24 09:47:34.080,1.84491,1.84508,1.20,1.69
2015.02.24 09:47:34.591,1.84489,1.84505,4.72,1.00
2015.02.24 09:47:34.743,1.8449,1.84508,1.27,1.25
2015.02.24 09:47:34.935,1.84489,1.84505,4.72,1.00
2015.02.24 09:47:35.289,1.84492,1.84508,1.00,1.25
2015.02.24 09:47:35.390,1.84491,1.84504,2.25,1.00
2015.02.24 09:47:35.492,1.84491,1.84507,2.25,1.25
2015.02.24 09:47:35.746,1.84491,1.84508,1.00,2.06
2015.02.24 09:47:36.356,1.84488,1.84505,3.64,1.00
2015.02.24 09:47:36.929,1.84488,1.84505,1.35,1.00
2015.02.24 09:47:37.233,1.84491,1.84508,1.00,2.21
2015.02.24 09:47:37.763,1.84491,1.84508,1.27,2.14
2015.02.24 09:47:38.406,1.84491,1.84508,1.17,1.76
2015.02.24 09:47:40.797,1.84495,1.84508,2.55,1.50
2015.02.24 09:47:41.001,1.84497,1.84511,2.17,1.10
2015.02.24 09:47:41.052,1.84493,1.84512,1.27,1.46
2015.02.24 09:47:41.634,1.84492,1.8451,2.25,1.00
2015.02.24 09:47:41.851,1.84498,1.84511,1.00,1.10
2015.02.24 09:47:42.155,1.84504,1.84519,4.35,1.12
2015.02.24 09:47:42.409,1.84505,1.84522,1.15,2.25
2015.02.24 09:47:44.855,1.84507,1.84523,2.62,1.50
2015.02.24 09:47:45.109,1.8451,1.84527,1.07,1.57
2015.02.24 09:47:45.314,1.8451,1.84526,1.00,2.17
2015.02.24 09:47:45.618,1.84509,1.84524,1.10,2.17
2015.02.24 09:47:45.770,1.84505,1.84524,1.57,5.47
2015.02.24 09:47:46.190,1.84505,1.84524,1.10,6.79
2015.02.24 09:47:46.494,1.84498,1.84512,1.00,2.81
2015.02.24 09:47:46.545,1.84494,1.84512,1.10,2.81
2015.02.24 09:47:47.318,1.84491,1.84508,2.40,1.00
2015.02.24 09:47:47.744,1.84493,1.84512,1.12,3.56
2015.02.24 09:47:48.098,1.84491,1.84508,1.27,1.00
2015.02.24 09:47:49.858,1.84492,1.84508,2.32,1.00
2015.02.24 09:47:52.885,1.84495,1.84508,2.25,1.00
2015.02.24 09:47:52.987,1.84493,1.84508,3.00,1.00
2015.02.24 09:47:53.291,1.84495,1.84508,2.25,1.00
2015.02.24 09:47:53.797,1.84495,1.84505,2.25,1.00
2015.02.24 09:47:54.015,1.84495,1.84511,2.25,2.06
2015.02.24 09:47:54.384,1.84493,1.84511,2.25,2.06
2015.02.24 09:47:54.926,1.84493,1.84511,2.25,2.06
2015.02.24 09:47:56.319,1.84493,1.84507,2.25,1.00
2015.02.24 09:48:04.702,1.84493,1.8451,2.25,1.50
2015.02.24 09:48:05.412,1.84498,1.8451,1.00,1.00
2015.02.24 09:48:05.716,1.84505,1.84519,2.25,1.50
2015.02.24 09:48:05.920,1.84505,1.84522,3.00,1.00
2015.02.24 09:48:06.022,1.84508,1.84522,2.25,1.00
2015.02.24 09:48:08.357,1.84508,1.84523,2.25,1.50
2015.02.24 09:48:09.912,1.84506,1.84523,1.17,1.57
2015.02.24 09:48:11.275,1.84506,1.84523,1.17,1.29
2015.02.24 09:48:11.326,1.84511,1.84523,1.00,3.56
2015.02.24 09:48:11.428,1.84505,1.84522,1.00,2.81
2015.02.24 09:48:11.529,1.84499,1.84518,4.27,1.36
2015.02.24 09:48:11.732,1.84496,1.84515,4.31,1.00
2015.02.24 09:48:12.006,1.84496,1.84515,1.10,1.46
2015.02.24 09:48:12.310,1.84498,1.84515,1.00,1.09
2015.02.24 09:48:12.614,1.84501,1.84515,1.00,2.55
2015.02.24 09:48:12.715,1.84497,1.84516,1.00,3.56
2015.02.24 09:48:12.817,1.84497,1.84513,1.00,2.36
2015.02.24 09:48:12.969,1.84495,1.84513,1.10,2.44
2015.02.24 09:48:13.424,1.84496,1.84513,2.92,1.00
2015.02.24 09:48:13.627,1.84496,1.84513,1.00,1.15
2015.02.24 09:48:14.032,1.84493,1.8451,1.20,1.25
2015.02.24 09:48:14.335,1.84496,1.84513,1.00,6.41
2015.02.24 09:48:14.690,1.84498,1.84513,1.00,4.91
2015.02.24 09:48:14.994,1.84499,1.84516,2.59,1.10
2015.02.24 09:48:15.197,1.84502,1.84519,1.00,3.64
2015.02.24 09:48:15.248,1.84499,1.84515,1.10,2.74
2015.02.24 09:48:16.127,1.84495,1.84512,1.47,1.00
2015.02.24 09:48:16.690,1.84495,1.84512,1.47,1.19
2015.02.24 09:48:17.841,1.84495,1.84512,1.47,1.19
2015.02.24 09:48:18.399,1.84495,1.84512,1.57,1.19
2015.02.24 09:48:18.551,1.84499,1.84515,1.37,2.44
2015.02.24 09:48:18.955,1.84497,1.84514,1.37,1.36
2015.02.24 09:48:19.461,1.84495,1.84511,1.20,1.00
2015.02.24 09:48:19.764,1.84496,1.84513,1.57,1.29
2015.02.24 09:48:20.627,1.84495,1.84511,1.50,1.32
2015.02.24 09:48:21.138,1.84496,1.84512,1.37,2.44
2015.02.24 09:48:21.442,1.84496,1.84509,1.00,4.54
2015.02.24 09:48:22.324,1.84492,1.84509,1.00,4.91
2015.02.24 09:48:22.375,1.84492,1.84509,1.87,4.91
2015.02.24 09:48:22.578,1.84495,1.84506,1.50,4.54
2015.02.24 09:48:22.629,1.84495,1.84507,1.50,1.00
2015.02.24 09:48:22.730,1.84496,1.84506,1.37,2.25
2015.02.24 09:48:22.832,1.84496,1.84513,2.62,1.39
2015.02.24 09:48:22.941,1.84497,1.84512,1.12,3.56
2015.02.24 09:48:23.245,1.84491,1.84506,1.87,1.10
2015.02.24 09:48:24.330,1.84491,1.84506,1.37,1.29
2015.02.24 09:48:25.966,1.8449,1.84506,1.57,1.29
2015.02.24 09:48:26.466,1.84492,1.84508,1.50,2.25
2015.02.24 09:48:28.168,1.84492,1.84509,1.37,1.19
2015.02.24 09:48:28.320,1.84492,1.84509,1.37,1.19
2015.02.24 09:48:28.775,1.84492,1.84505,1.00,1.00
2015.02.24 09:48:28.928,1.84492,1.8451,1.37,1.39
2015.02.24 09:48:29.081,1.84492,1.84509,1.37,1.00
2015.02.24 09:48:29.233,1.84492,1.84509,1.95,1.25
2015.02.24 09:48:32.370,1.84495,1.84512,1.37,1.39
2015.02.24 09:48:33.436,1.84495,1.84512,1.55,1.19
2015.02.24 09:48:34.352,1.84499,1.84512,3.37,1.19
2015.02.24 09:48:34.454,1.84499,1.84518,3.75,1.57
2015.02.24 09:48:34.506,1.845,1.84516,1.82,1.50
2015.02.24 09:48:34.607,1.84502,1.84516,2.25,1.25
2015.02.24 09:48:34.658,1.845,1.84516,1.17,1.19
2015.02.24 09:48:34.860,1.84497,1.84513,3.82,1.00
2015.02.24 09:48:34.911,1.84497,1.84513,3.82,1.00
2015.02.24 09:48:35.215,1.84497,1.84511,1.65,1.00
2015.02.24 09:48:35.581,1.84497,1.84511,1.65,1.00
2015.02.24 09:48:35.733,1.84498,1.84515,1.85,1.76
2015.02.24 09:48:36.498,1.84499,1.84516,1.95,1.17
2015.02.24 09:48:36.549,1.84501,1.84516,3.00,1.00
2015.02.24 09:48:36.875,1.84507,1.8452,1.55,1.00
2015.02.24 09:48:36.926,1.84511,1.84528,3.30,3.67
2015.02.24 09:48:37.028,1.84513,1.84528,1.52,1.00
2015.02.24 09:48:37.537,1.84513,1.84532,4.12,1.19
2015.02.24 09:48:37.639,1.84513,1.84532,3.37,1.19
2015.02.24 09:48:38.145,1.84513,1.84532,4.01,1.19
2015.02.24 09:48:38.754,1.84513,1.84532,2.66,1.34
2015.02.24 09:48:39.109,1.84513,1.84531,2.10,1.09
2015.02.24 09:48:39.161,1.84517,1.84534,1.37,1.84
2015.02.24 09:48:39.263,1.84518,1.84534,2.62,1.00
2015.02.24 09:48:39.618,1.8452,1.84537,1.47,1.36
2015.02.24 09:48:40.024,1.84521,1.84538,2.32,1.01
2015.02.24 09:48:40.378,1.84522,1.84538,1.55,1.01
2015.02.24 09:48:40.631,1.84522,1.84538,1.55,1.01
2015.02.24 09:48:41.148,1.84521,1.84538,1.47,1.17
2015.02.24 09:48:42.607,1.84521,1.84538,3.67,1.10
2015.02.24 09:48:43.113,1.84521,1.84538,4.69,1.00
2015.02.24 09:48:44.235,1.84522,1.84538,3.00,1.00
2015.02.24 09:48:44.286,1.84521,1.84538,2.00,1.31
2015.02.24 09:48:44.794,1.84519,1.84535,1.65,1.00
2015.02.24 09:48:45.301,1.8452,1.84539,3.75,1.69
2015.02.24 09:48:45.917,1.84521,1.84539,1.55,1.69
2015.02.24 09:48:46.426,1.84522,1.84539,1.07,1.19
2015.02.24 09:48:47.241,1.84521,1.84539,1.55,1.19
2015.02.24 09:48:47.761,1.84521,1.84539,2.21,1.25
2015.02.24 09:48:48.065,1.84524,1.84539,2.62,1.25
2015.02.24 09:48:48.290,1.84522,1.84539,3.37,1.25
2015.02.24 09:48:50.617,1.84523,1.84539,1.62,1.25
2015.02.24 09:48:51.049,1.84525,1.84541,1.12,1.36
2015.02.24 09:48:53.484,1.84523,1.84539,3.56,1.25
2015.02.24 09:48:54.015,1.84523,1.84541,4.12,1.19
2015.02.24 09:48:54.369,1.84526,1.84541,2.62,1.19
2015.02.24 09:48:54.825,1.84524,1.84542,3.64,1.19
2015.02.24 09:48:55.106,1.84526,1.84542,1.75,1.19
2015.02.24 09:48:55.611,1.84526,1.84542,1.47,1.19
2015.02.24 09:48:57.343,1.84523,1.84542,3.34,1.26
2015.02.24 09:48:57.849,1.84525,1.84542,1.45,1.26
2015.02.24 09:48:58.392,1.84523,1.84542,2.02,1.26
2015.02.24 09:48:59.132,1.84523,1.84542,1.95,1.39
2015.02.24 09:48:59.437,1.84523,1.84542,1.57,1.46
2015.02.24 09:49:00.347,1.84524,1.8454,1.12,1.19
2015.02.24 09:49:01.347,1.84524,1.8454,1.12,1.19
2015.02.24 09:49:04.854,1.84526,1.84542,1.37,2.44
2015.02.24 09:49:06.028,1.84524,1.8454,1.47,1.29
2015.02.24 09:49:07.136,1.84523,1.8454,1.85,1.34
2015.02.24 09:49:08.383,1.84521,1.84537,1.95,1.19
2015.02.24 09:49:08.485,1.84521,1.84537,1.87,1.10
2015.02.24 09:49:08.537,1.84521,1.84537,1.75,1.47
2015.02.24 09:49:08.640,1.8452,1.84535,1.12,3.49
2015.02.24 09:49:08.951,1.84516,1.8453,1.12,5.29
2015.02.24 09:49:09.104,1.84511,1.84527,1.01,1.00
2015.02.24 09:49:09.306,1.84511,1.84527,1.01,1.00
2015.02.24 09:49:11.849,1.8451,1.84527,1.54,1.00
2015.02.24 09:49:12.001,1.84514,1.84531,1.37,1.34
2015.02.24 09:49:12.305,1.84512,1.84529,2.21,1.25
2015.02.24 09:49:12.865,1.84514,1.84529,1.62,1.25
2015.02.24 09:49:13.371,1.84512,1.8453,1.46,1.39
2015.02.24 09:49:13.826,1.84512,1.8453,1.54,1.20
2015.02.24 09:49:14.079,1.84512,1.8453,1.54,1.20
2015.02.24 09:49:14.584,1.84514,1.8453,1.09,1.00
2015.02.24 09:49:15.039,1.84515,1.8453,1.25,1.00
2015.02.24 09:49:16.478,1.84513,1.8453,1.09,1.00
2015.02.24 09:49:17.076,1.84511,1.84526,3.45,1.12
2015.02.24 09:49:17.380,1.84506,1.84521,1.37,2.44
2015.02.24 09:49:17.684,1.84503,1.84519,3.19,1.00
2015.02.24 09:49:18.012,1.84503,1.84516,3.19,1.00
2015.02.24 09:49:18.164,1.84504,1.84519,1.82,1.00
2015.02.24 09:49:19.190,1.84508,1.84522,1.37,4.54
2015.02.24 09:49:19.343,1.84508,1.84523,1.75,1.15
2015.02.24 09:49:19.394,1.84511,1.84526,1.37,2.44
2015.02.24 09:49:19.445,1.84511,1.84526,1.12,2.44
2015.02.24 09:49:19.812,1.84509,1.84524,1.37,2.44
2015.02.24 09:49:20.445,1.84506,1.84524,1.10,3.19
2015.02.24 09:49:20.496,1.84506,1.84522,1.00,2.62
2015.02.24 09:49:20.800,1.84499,1.84513,1.37,2.25
2015.02.24 09:49:22.617,1.845,1.84516,1.12,2.70
2015.02.24 09:49:22.719,1.845,1.84511,1.12,2.25
2015.02.24 09:49:23.638,1.84498,1.84511,1.87,2.25
2015.02.24 09:49:23.740,1.84499,1.84512,1.37,1.20
2015.02.24 09:49:23.942,1.84499,1.84515,2.02,1.00
2015.02.24 09:49:24.246,1.84499,1.84512,1.37,1.00
2015.02.24 09:49:25.619,1.84497,1.84512,1.76,1.00
2015.02.24 09:49:26.215,1.84497,1.84516,2.51,3.26
2015.02.24 09:49:26.997,1.84497,1.84512,1.76,1.00
2015.02.24 09:49:28.335,1.84498,1.84512,1.75,1.00
2015.02.24 09:49:28.437,1.84501,1.84518,1.37,3.07
2015.02.24 09:49:28.488,1.84501,1.84518,1.47,1.15
2015.02.24 09:49:28.640,1.84502,1.84519,1.95,1.00
2015.02.24 09:49:29.098,1.84508,1.84523,1.12,2.44
2015.02.24 09:49:30.457,1.84505,1.84521,1.20,1.10
2015.02.24 09:49:30.762,1.84521,1.84536,1.01,1.00
2015.02.24 09:49:31.421,1.84526,1.84536,1.37,1.00
2015.02.24 09:49:31.472,1.84526,1.84542,1.37,3.19
2015.02.24 09:49:31.523,1.84526,1.84542,1.57,1.10
2015.02.24 09:49:31.574,1.84526,1.84542,1.57,1.10
2015.02.24 09:49:31.713,1.84525,1.84542,1.50,3.19
2015.02.24 09:49:32.017,1.84525,1.84542,1.92,1.10
2015.02.24 09:49:32.776,1.84525,1.84542,1.92,1.10
2015.02.24 09:49:32.928,1.84527,1.84545,1.95,1.09
2015.02.24 09:49:32.978,1.84526,1.84545,4.27,1.09
2015.02.24 09:49:33.332,1.8453,1.84547,1.12,4.54
2015.02.24 09:49:33.838,1.84529,1.84545,1.87,1.20
2015.02.24 09:49:34.537,1.84529,1.84544,1.50,2.25
2015.02.24 09:49:35.061,1.84525,1.84541,2.10,1.00
2015.02.24 09:49:35.369,1.84525,1.84541,1.27,1.00
2015.02.24 09:49:35.673,1.84521,1.84537,5.66,1.00
2015.02.24 09:49:35.724,1.84521,1.84537,4.91,1.00
2015.02.24 09:49:37.393,1.84523,1.84537,2.36,1.00
2015.02.24 09:49:37.647,1.84524,1.84542,5.10,1.10
2015.02.24 09:49:37.698,1.8453,1.84542,2.17,1.10
2015.02.24 09:49:37.850,1.84531,1.84548,1.20,1.29
2015.02.24 09:49:38.399,1.84531,1.84548,1.70,1.10
2015.02.24 09:49:39.632,1.8453,1.84545,2.44,1.00
2015.02.24 09:49:39.945,1.8453,1.84545,2.81,1.00
2015.02.24 09:49:40.555,1.84531,1.84545,1.07,1.00
2015.02.24 09:49:41.061,1.84528,1.84545,1.94,1.10
2015.02.24 09:49:43.874,1.84528,1.84545,1.25,1.10
2015.02.24 09:49:44.381,1.84525,1.84542,3.19,1.00
2015.02.24 09:49:44.594,1.84525,1.84544,3.94,1.00
2015.02.24 09:49:45.228,1.84525,1.84544,3.94,1.00
2015.02.24 09:49:45.279,1.84525,1.84544,3.49,2.92
2015.02.24 09:49:45.330,1.84525,1.84543,1.39,2.25
2015.02.24 09:49:45.482,1.84523,1.84541,3.30,2.81
2015.02.24 09:49:45.533,1.84523,1.8454,1.00,2.81
2015.02.24 09:49:45.584,1.8452,1.84536,2.25,1.00
2015.02.24 09:49:45.635,1.84519,1.84536,1.50,1.00
2015.02.24 09:49:45.787,1.84517,1.84533,1.46,1.00
2015.02.24 09:49:46.128,1.84515,1.8453,1.64,1.00
2015.02.24 09:49:46.178,1.84515,1.8453,1.64,1.00
2015.02.24 09:49:46.485,1.84512,1.84531,3.94,1.07
2015.02.24 09:49:46.839,1.84515,1.84529,1.00,2.25
2015.02.24 09:49:47.092,1.84512,1.84529,1.12,3.00
2015.02.24 09:49:47.863,1.84511,1.84526,1.01,1.00
2015.02.24 09:49:49.543,1.8451,1.84526,1.19,1.07
2015.02.24 09:49:50.096,1.8451,1.84526,1.25,1.07
2015.02.24 09:49:50.607,1.84509,1.84526,2.51,1.07
2015.02.24 09:49:51.118,1.84509,1.84526,2.59,1.07
2015.02.24 09:49:51.826,1.84509,1.84526,1.84,1.20
2015.02.24 09:49:51.877,1.84509,1.84526,1.27,1.20
2015.02.24 09:49:51.928,1.84509,1.84524,1.20,2.17
2015.02.24 09:49:52.453,1.84505,1.84521,1.16,1.00
2015.02.24 09:49:53.322,1.84504,1.84521,1.26,3.30
2015.02.24 09:49:53.373,1.84503,1.84516,1.01,1.00
2015.02.24 09:49:53.677,1.84496,1.84514,1.76,3.37
2015.02.24 09:49:53.880,1.84496,1.84514,1.10,3.56
2015.02.24 09:49:53.931,1.84496,1.84511,1.10,2.17
2015.02.24 09:49:54.235,1.84494,1.84509,1.09,1.10
2015.02.24 09:49:55.262,1.84493,1.84509,1.46,1.00
2015.02.24 09:49:56.347,1.84492,1.84509,4.01,1.00
2015.02.24 09:49:56.854,1.84492,1.84509,4.01,1.00
2015.02.24 09:49:58.129,1.84495,1.84512,1.25,1.10
2015.02.24 09:49:58.670,1.84495,1.84512,1.19,1.10
2015.02.24 09:49:59.436,1.84497,1.84512,1.00,1.10
2015.02.24 09:50:00.088,1.84496,1.84512,1.25,1.10
2015.02.24 09:50:00.981,1.84499,1.84514,1.00,3.19
2015.02.24 09:50:01.082,1.84494,1.84512,2.24,1.10
2015.02.24 09:50:01.409,1.845,1.84514,1.00,3.00
2015.02.24 09:50:01.614,1.84495,1.84514,1.69,3.75
2015.02.24 09:50:01.767,1.84499,1.84517,1.55,1.17
2015.02.24 09:50:02.275,1.84501,1.8452,1.35,3.19
2015.02.24 09:50:03.045,1.84501,1.8452,3.56,1.07
2015.02.24 09:50:03.348,1.84506,1.8452,2.25,1.00
2015.02.24 09:50:03.500,1.84506,1.84522,2.25,1.25
2015.02.24 09:50:03.653,1.84508,1.84522,2.17,1.25
2015.02.24 09:50:04.159,1.84511,1.84527,1.00,1.26
2015.02.24 09:50:04.709,1.84508,1.84525,3.56,1.00
2015.02.24 09:50:05.219,1.84508,1.84525,1.39,1.17
2015.02.24 09:50:07.925,1.84512,1.84527,1.00,1.17
2015.02.24 09:50:08.099,1.84508,1.84525,3.56,1.00
2015.02.24 09:50:08.563,1.84512,1.84527,1.00,1.17
2015.02.24 09:50:08.868,1.84514,1.84527,2.25,1.00
2015.02.24 09:50:08.919,1.84514,1.8453,2.25,1.10
2015.02.24 09:50:09.378,1.84512,1.84529,1.17,1.10
2015.02.24 09:50:09.479,1.84512,1.84529,1.10,1.64
2015.02.24 09:50:09.682,1.84509,1.84528,1.17,3.56
2015.02.24 09:50:09.885,1.84508,1.84523,2.44,1.00
2015.02.24 09:50:10.189,1.84508,1.84521,2.44,1.00
2015.02.24 09:50:10.346,1.84508,1.84523,2.44,1.00
2015.02.24 09:50:11.105,1.84506,1.84523,3.19,1.00
2015.02.24 09:50:13.405,1.84506,1.8452,2.44,1.00
2015.02.24 09:50:15.036,1.84507,1.84524,1.17,1.31
2015.02.24 09:50:15.647,1.84507,1.84524,1.17,1.12
2015.02.24 09:50:17.761,1.84508,1.84524,1.10,1.76
2015.02.24 09:50:18.017,1.84494,1.8451,2.44,1.00
2015.02.24 09:50:18.119,1.84493,1.8451,1.57,1.16
2015.02.24 09:50:18.220,1.84491,1.84504,2.44,1.00
2015.02.24 09:50:18.323,1.84488,1.84504,1.09,1.00
2015.02.24 09:50:18.374,1.84488,1.84506,1.65,1.10
2015.02.24 09:50:18.425,1.84489,1.84506,3.00,1.10
2015.02.24 09:50:18.733,1.84491,1.84508,3.19,1.00
2015.02.24 09:50:18.886,1.84493,1.8451,1.29,1.00
2015.02.24 09:50:19.302,1.84494,1.8451,2.81,1.00
2015.02.24 09:50:19.607,1.84497,1.84513,1.00,1.19
2015.02.24 09:50:20.130,1.84498,1.84513,1.00,1.00
2015.02.24 09:50:20.694,1.84497,1.84513,1.07,1.32
2015.02.24 09:50:21.001,1.84497,1.8451,1.00,1.00
2015.02.24 09:50:21.528,1.84494,1.8451,3.19,1.00
2015.02.24 09:50:21.832,1.84496,1.8451,3.45,1.00
2015.02.24 09:50:21.985,1.84498,1.84513,1.10,1.00
2015.02.24 09:50:22.086,1.845,1.84517,1.00,2.14
2015.02.24 09:50:22.187,1.84498,1.84515,1.57,1.25
2015.02.24 09:50:22.707,1.84499,1.84515,1.10,1.25
2015.02.24 09:50:27.774,1.84498,1.84515,1.46,1.00
2015.02.24 09:50:27.876,1.84498,1.84515,1.25,1.31
2015.02.24 09:50:28.139,1.84495,1.84511,3.19,1.00
2015.02.24 09:50:28.595,1.84496,1.84513,1.29,1.20
2015.02.24 09:50:29.128,1.84496,1.84513,1.29,1.10
2015.02.24 09:50:29.661,1.84498,1.84513,1.10,1.62
2015.02.24 09:50:29.863,1.84497,1.84513,1.00,3.56
2015.02.24 09:50:30.015,1.84492,1.84509,1.65,1.00
2015.02.24 09:50:30.586,1.8449,1.84506,4.87,1.00
2015.02.24 09:50:30.692,1.84492,1.84509,1.20,1.00
2015.02.24 09:50:31.202,1.84492,1.84509,1.20,1.10
2015.02.24 09:50:31.455,1.84489,1.84507,1.91,1.00
2015.02.24 09:50:34.530,1.84492,1.84507,2.25,1.00
2015.02.24 09:50:34.733,1.8449,1.84507,2.81,1.00
2015.02.24 09:50:35.521,1.84491,1.84503,2.81,1.00
2015.02.24 09:50:35.708,1.84491,1.84508,2.81,1.00
2015.02.24 09:50:37.087,1.84491,1.84508,2.25,1.19
2015.02.24 09:50:38.117,1.84491,1.84508,2.25,1.25
2015.02.24 09:50:38.269,1.84489,1.84508,3.56,1.32
2015.02.24 09:50:40.645,1.84491,1.84508,2.25,1.00
2015.02.24 09:50:41.209,1.84493,1.8451,1.10,1.36
2015.02.24 09:50:42.214,1.84491,1.84507,2.81,1.00
2015.02.24 09:50:43.380,1.84492,1.84507,2.25,1.00
2015.02.24 09:50:56.879,1.84495,1.8451,2.25,1.00
2015.02.24 09:50:57.487,1.84495,1.84512,3.00,1.19
2015.02.24 09:50:58.114,1.84495,1.84512,3.19,1.25
2015.02.24 09:51:00.104,1.84495,1.84512,3.56,1.37
2015.02.24 09:51:00.625,1.84495,1.8451,2.81,1.00
2015.02.24 09:51:04.992,1.84493,1.8451,1.46,1.00
2015.02.24 09:51:06.145,1.84493,1.8451,1.65,1.19
2015.02.24 09:51:06.652,1.84493,1.8451,1.10,1.36
2015.02.24 09:51:06.754,1.84491,1.84507,2.81,1.00
2015.02.24 09:51:07.921,1.84492,1.84507,4.91,1.00
2015.02.24 09:51:08.095,1.84491,1.84507,1.71,1.00
2015.02.24 09:51:08.450,1.84492,1.84511,1.46,1.46
2015.02.24 09:51:08.895,1.84491,1.84507,1.71,1.00
2015.02.24 09:51:09.404,1.84491,1.84507,1.71,1.00
2015.02.24 09:51:10.139,1.84491,1.84507,1.71,1.00
2015.02.24 09:51:10.190,1.84493,1.84512,1.62,4.24
2015.02.24 09:51:10.544,1.84497,1.84513,1.00,3.19
2015.02.24 09:51:12.330,1.84497,1.84512,1.00,2.25
2015.02.24 09:51:12.838,1.84494,1.84509,1.19,1.00
2015.02.24 09:51:13.193,1.84493,1.84509,1.31,1.00
2015.02.24 09:51:15.256,1.84493,1.84509,1.31,1.00
2015.02.24 09:51:15.610,1.84493,1.84506,1.54,1.00
2015.02.24 09:51:15.711,1.84493,1.84509,1.54,1.00
2015.02.24 09:51:16.014,1.84492,1.84506,1.46,1.00
2015.02.24 09:51:16.519,1.84491,1.84506,2.81,1.00
2015.02.24 09:51:19.564,1.8449,1.84504,1.46,1.00
2015.02.24 09:51:21.883,1.8449,1.84507,1.46,1.10
2015.02.24 09:51:22.085,1.84489,1.84504,3.71,1.00
2015.02.24 09:51:22.611,1.8449,1.84504,2.81,1.00
2015.02.24 09:51:23.974,1.8449,1.84507,3.00,1.25
2015.02.24 09:51:24.076,1.8449,1.84502,2.25,1.00
2015.02.24 09:51:24.483,1.8449,1.84507,3.00,1.25
2015.02.24 09:51:24.534,1.8449,1.84507,1.00,1.25
2015.02.24 09:51:24.697,1.84488,1.84503,1.46,1.00
2015.02.24 09:51:25.220,1.84488,1.84503,3.56,1.00
2015.02.24 09:51:25.271,1.84492,1.8451,1.57,2.44
2015.02.24 09:51:25.373,1.84492,1.84511,1.95,1.39
2015.02.24 09:51:25.626,1.84494,1.84506,1.00,1.00
2015.02.24 09:51:25.677,1.84491,1.84506,1.10,1.10
2015.02.24 09:51:25.779,1.84489,1.84506,1.12,1.17
2015.02.24 09:51:25.983,1.84487,1.84504,2.89,1.07
2015.02.24 09:51:26.489,1.84486,1.84502,1.74,1.00
2015.02.24 09:51:26.793,1.84484,1.845,1.12,1.25
2015.02.24 09:51:26.844,1.84481,1.845,1.74,1.32
2015.02.24 09:51:27.148,1.8448,1.84496,3.19,1.00
2015.02.24 09:51:27.452,1.8448,1.84491,3.19,1.00
2015.02.24 09:51:28.796,1.8448,1.84497,3.00,1.25
2015.02.24 09:51:28.897,1.8448,1.84497,1.10,1.01
2015.02.24 09:51:28.999,1.84478,1.84491,2.62,1.00
2015.02.24 09:51:30.659,1.84479,1.84497,1.07,1.46
2015.02.24 09:51:31.171,1.84478,1.84493,2.25,1.00
2015.02.24 09:51:33.424,1.84478,1.84493,2.44,1.37
2015.02.24 09:51:33.975,1.84478,1.84493,2.44,1.37
2015.02.24 09:51:34.098,1.84478,1.84493,2.44,1.37
2015.02.24 09:51:35.323,1.84478,1.84493,2.81,1.37
2015.02.24 09:51:36.391,1.84478,1.84493,2.81,1.87
2015.02.24 09:51:38.582,1.84478,1.84492,2.44,1.37
2015.02.24 09:51:38.734,1.84476,1.84493,3.19,1.37
2015.02.24 09:51:40.053,1.84476,1.84493,3.56,1.37
2015.02.24 09:51:40.816,1.84477,1.84493,4.54,1.37
2015.02.24 09:51:42.939,1.84476,1.84493,1.76,4.50
2015.02.24 09:51:43.145,1.84476,1.84493,1.76,4.50
2015.02.24 09:51:44.274,1.84479,1.84493,1.00,1.37
2015.02.24 09:51:44.325,1.84479,1.84495,1.20,1.00
2015.02.24 09:51:44.377,1.84479,1.84495,1.39,1.00
2015.02.24 09:51:44.680,1.8448,1.84497,1.19,1.75
2015.02.24 09:51:44.782,1.8448,1.84497,1.25,1.75
2015.02.24 09:51:45.238,1.8448,1.84491,1.00,3.00
2015.02.24 09:51:45.390,1.84473,1.84486,1.01,1.00
2015.02.24 09:51:45.643,1.84472,1.84488,1.19,1.55
2015.02.24 09:51:45.853,1.84475,1.8449,2.44,1.00
2015.02.24 09:51:46.157,1.84472,1.8449,3.56,1.37
2015.02.24 09:51:46.208,1.84472,1.8449,3.56,1.47
2015.02.24 09:51:46.613,1.84471,1.84488,1.29,1.20
2015.02.24 09:51:46.764,1.84474,1.84488,1.19,1.20
2015.02.24 09:51:47.070,1.84474,1.84487,1.20,2.25
2015.02.24 09:51:47.273,1.84469,1.84486,2.51,1.45
2015.02.24 09:51:47.780,1.84472,1.84489,1.54,1.37
2015.02.24 09:51:47.940,1.84472,1.84489,1.54,1.37
2015.02.24 09:51:48.194,1.8447,1.84484,1.20,2.62
2015.02.24 09:51:48.700,1.84467,1.84484,1.76,1.47
2015.02.24 09:51:49.057,1.84467,1.84484,1.29,1.12
2015.02.24 09:51:49.158,1.8447,1.84484,2.17,1.00
2015.02.24 09:51:49.311,1.84468,1.84484,1.36,1.00
2015.02.24 09:51:49.565,1.84465,1.84481,1.31,2.92
2015.02.24 09:51:49.667,1.84464,1.84479,1.00,2.17
2015.02.24 09:51:49.718,1.84462,1.84479,1.00,2.25
2015.02.24 09:51:49.824,1.84459,1.84475,1.00,2.25
2015.02.24 09:51:50.140,1.84453,1.84469,1.00,2.25
2015.02.24 09:51:50.445,1.84453,1.84471,1.00,2.25
2015.02.24 09:51:50.700,1.84453,1.8447,1.00,2.62
2015.02.24 09:51:51.186,1.84451,1.8447,1.00,5.47
2015.02.24 09:51:51.339,1.84455,1.8447,1.00,5.47
2015.02.24 09:51:51.648,1.84452,1.84469,1.00,5.47
2015.02.24 09:51:51.961,1.84452,1.84469,3.00,1.37
2015.02.24 09:51:52.265,1.84452,1.84469,1.00,3.56
2015.02.24 09:51:52.367,1.84446,1.84462,1.76,1.00
2015.02.24 09:51:52.571,1.84443,1.8446,1.84,1.00
2015.02.24 09:51:52.673,1.84442,1.8446,5.36,1.00
2015.02.24 09:51:52.775,1.84442,1.8446,3.94,2.17
2015.02.24 09:51:53.080,1.84441,1.84457,1.97,1.07
2015.02.24 09:51:53.737,1.84439,1.84455,1.09,1.00
2015.02.24 09:51:54.009,1.84438,1.84455,2.89,1.00
2015.02.24 09:51:55.388,1.84439,1.84455,2.36,1.00
2015.02.24 09:51:55.743,1.84439,1.84458,2.44,1.07
2015.02.24 09:51:56.106,1.84439,1.84456,2.44,1.50
2015.02.24 09:51:56.310,1.84439,1.84456,2.44,1.12
2015.02.24 09:51:56.817,1.84439,1.84459,2.51,3.00
2015.02.24 09:51:57.323,1.84441,1.84461,2.44,3.19
2015.02.24 09:51:57.526,1.84441,1.84459,2.25,1.01
2015.02.24 09:51:57.861,1.84444,1.84463,4.35,2.25
2015.02.24 09:51:58.370,1.84444,1.84463,4.35,2.51
2015.02.24 09:51:59.372,1.84444,1.84463,4.54,1.50
2015.02.24 09:51:59.627,1.84446,1.84466,2.44,1.01
2015.02.24 09:51:59.931,1.84443,1.84458,1.82,1.00
2015.02.24 09:52:00.033,1.84443,1.8446,1.12,1.09
2015.02.24 09:52:00.185,1.84441,1.84461,1.10,3.75
2015.02.24 09:52:00.712,1.84436,1.84455,2.81,1.10
2015.02.24 09:52:01.534,1.84436,1.84455,2.44,1.10
2015.02.24 09:52:02.150,1.84436,1.84457,2.44,1.54
2015.02.24 09:52:03.017,1.84436,1.84456,2.25,1.84
2015.02.24 09:52:03.068,1.84433,1.84453,3.00,3.00
2015.02.24 09:52:03.120,1.84433,1.8445,1.10,2.55
2015.02.24 09:52:03.222,1.8443,1.84449,1.57,2.92
2015.02.24 09:52:03.476,1.84428,1.84449,1.16,3.19
2015.02.24 09:52:03.842,1.84432,1.84449,2.25,1.37
2015.02.24 09:52:03.893,1.84432,1.84452,2.25,3.37
2015.02.24 09:52:04.045,1.8443,1.84449,1.84,2.62
2015.02.24 09:52:04.096,1.84431,1.84449,1.36,2.62
2015.02.24 09:52:04.148,1.84432,1.84449,1.01,2.62
2015.02.24 09:52:04.350,1.84428,1.84446,1.64,2.62
2015.02.24 09:52:04.452,1.84428,1.84446,1.70,3.00
2015.02.24 09:52:04.705,1.84425,1.84443,1.09,3.00
2015.02.24 09:52:04.806,1.84423,1.84443,2.89,3.75
2015.02.24 09:52:06.537,1.84422,1.84443,2.81,1.90
2015.02.24 09:52:06.639,1.84436,1.84445,2.17,2.17
2015.02.24 09:52:06.690,1.84436,1.84449,2.25,1.50
2015.02.24 09:52:06.842,1.84438,1.84454,2.17,1.50
2015.02.24 09:52:06.944,1.84436,1.84455,4.42,1.82
2015.02.24 09:52:06.996,1.84436,1.84456,2.32,3.00
2015.02.24 09:52:07.047,1.84434,1.84454,5.47,2.55
2015.02.24 09:52:07.300,1.84434,1.84454,3.37,2.81
2015.02.24 09:52:07.503,1.84432,1.84451,3.00,1.45
2015.02.24 09:52:07.755,1.8443,1.84449,3.07,3.49
2015.02.24 09:52:07.988,1.84419,1.8444,1.91,5.10
2015.02.24 09:52:08.142,1.84421,1.8444,2.17,2.62
2015.02.24 09:52:08.244,1.84419,1.84438,2.44,2.55
2015.02.24 09:52:08.345,1.84421,1.84438,2.17,1.45
2015.02.24 09:52:08.650,1.84424,1.84443,1.37,2.44
2015.02.24 09:52:08.954,1.84425,1.84444,3.30,2.44
2015.02.24 09:52:09.460,1.84425,1.84445,3.37,2.81
2015.02.24 09:52:09.781,1.84425,1.84443,1.39,2.62
2015.02.24 09:52:10.288,1.84423,1.84442,3.00,1.27
2015.02.24 09:52:10.593,1.84426,1.84442,4.54,1.00
2015.02.24 09:52:10.694,1.84426,1.84445,4.54,1.12
2015.02.24 09:52:11.049,1.84428,1.84445,1.20,1.50
2015.02.24 09:52:11.404,1.84426,1.84443,4.54,1.75
2015.02.24 09:52:11.709,1.84424,1.84443,2.44,1.82
2015.02.24 09:52:11.814,1.84424,1.84443,2.44,1.82
2015.02.24 09:52:12.653,1.84424,1.84443,2.44,1.82
2015.02.24 09:52:13.673,1.84422,1.84441,4.54,2.07
2015.02.24 09:52:14.245,1.84421,1.8444,4.35,1.31
2015.02.24 09:52:14.297,1.84418,1.84437,1.32,3.19
2015.02.24 09:52:14.348,1.84418,1.84436,1.32,2.07
2015.02.24 09:52:14.501,1.84414,1.84434,2.44,1.20
2015.02.24 09:52:14.806,1.84415,1.84435,2.44,3.75
2015.02.24 09:52:14.908,1.84414,1.8443,1.00,2.81
2015.02.24 09:52:15.061,1.84411,1.84429,1.26,1.45
2015.02.24 09:52:15.365,1.84411,1.84431,2.44,1.27
2015.02.24 09:52:15.871,1.84409,1.84431,4.54,5.10
2015.02.24 09:52:16.377,1.8441,1.84431,1.34,5.10
2015.02.24 09:52:16.884,1.84412,1.84431,2.17,2.81
2015.02.24 09:52:17.396,1.84412,1.84432,2.25,2.81
2015.02.24 09:52:17.803,1.84418,1.84436,2.25,2.04
2015.02.24 09:52:17.855,1.84418,1.84437,2.25,1.16
2015.02.24 09:52:17.912,1.8442,1.84437,2.17,1.01
2015.02.24 09:52:18.064,1.8442,1.8444,2.81,2.25
2015.02.24 09:52:18.115,1.84423,1.84443,2.25,3.07
2015.02.24 09:52:18.419,1.84429,1.8445,2.44,3.71
2015.02.24 09:52:18.622,1.84426,1.84447,5.10,1.52
2015.02.24 09:52:18.774,1.84426,1.84443,2.17,2.17
2015.02.24 09:52:18.825,1.84421,1.84443,2.81,2.25
2015.02.24 09:52:18.876,1.8442,1.84436,3.75,2.55
2015.02.24 09:52:19.113,1.84412,1.84432,1.65,4.35
2015.02.24 09:52:19.214,1.84412,1.84434,6.22,4.35
2015.02.24 09:52:19.519,1.84412,1.84433,1.20,2.62
2015.02.24 09:52:19.722,1.84409,1.84429,3.82,2.62
2015.02.24 09:52:20.229,1.84409,1.84429,3.15,2.62
2015.02.24 09:52:20.381,1.84407,1.84429,3.34,2.62
2015.02.24 09:52:20.786,1.8441,1.8443,2.36,4.80
2015.02.24 09:52:20.989,1.84413,1.84433,2.25,1.57
2015.02.24 09:52:21.193,1.84412,1.84429,2.17,2.55
2015.02.24 09:52:21.244,1.84411,1.84429,1.00,2.62
2015.02.24 09:52:21.396,1.84409,1.84431,2.36,4.35
2015.02.24 09:52:21.498,1.84412,1.84431,2.36,2.17
2015.02.24 09:52:21.548,1.84412,1.84434,4.54,4.99
2015.02.24 09:52:21.600,1.84412,1.84429,2.17,2.17
2015.02.24 09:52:21.651,1.84409,1.84429,1.39,4.35
2015.02.24 09:52:21.854,1.84408,1.84429,1.24,4.72
2015.02.24 09:52:22.157,1.8441,1.8443,2.44,2.70
2015.02.24 09:52:22.613,1.8441,1.84425,2.17,2.55
2015.02.24 09:52:22.664,1.84406,1.84425,1.71,2.62
2015.02.24 09:52:22.715,1.84405,1.84425,3.26,2.62
2015.02.24 09:52:23.271,1.84404,1.84425,1.46,4.72
2015.02.24 09:52:23.625,1.84404,1.84422,1.52,2.17
2015.02.24 09:52:24.246,1.84402,1.84422,3.56,2.62
2015.02.24 09:52:24.398,1.84402,1.8442,1.71,2.17
2015.02.24 09:52:24.701,1.84402,1.84418,1.12,2.17
2015.02.24 09:52:24.905,1.844,1.84418,1.31,2.25
2015.02.24 09:52:25.413,1.844,1.84419,1.01,3.37
2015.02.24 09:52:25.920,1.84404,1.84417,2.17,1.00
2015.02.24 09:52:25.971,1.84404,1.8442,2.25,1.00
2015.02.24 09:52:26.022,1.84402,1.8442,2.32,1.20
2015.02.24 09:52:26.224,1.84401,1.84419,1.54,2.17
2015.02.24 09:52:26.831,1.84401,1.8442,3.56,2.25
2015.02.24 09:52:27.186,1.84404,1.84421,1.19,2.25
2015.02.24 09:52:27.238,1.84404,1.84423,3.11,2.25
2015.02.24 09:52:27.746,1.84404,1.84424,3.19,2.25
2015.02.24 09:52:28.217,1.84407,1.84425,2.17,3.00
2015.02.24 09:52:28.370,1.84404,1.84425,2.51,3.19
2015.02.24 09:52:28.996,1.84405,1.84426,2.44,2.81
2015.02.24 09:52:29.300,1.84405,1.84427,2.25,1.91
2015.02.24 09:52:29.809,1.8441,1.84427,2.17,1.65
2015.02.24 09:52:29.860,1.8441,1.84427,2.25,1.57
2015.02.24 09:52:29.911,1.84412,1.84427,2.17,1.57
2015.02.24 09:52:30.145,1.84412,1.8443,2.25,1.37
2015.02.24 09:52:30.247,1.84414,1.8443,2.17,1.37
2015.02.24 09:52:30.552,1.84416,1.84433,4.35,1.37
2015.02.24 09:52:30.653,1.84416,1.84435,4.35,1.69
2015.02.24 09:52:31.280,1.84416,1.84437,4.54,2.14
2015.02.24 09:52:31.786,1.84415,1.84434,2.25,1.76
2015.02.24 09:52:32.388,1.84415,1.84432,2.25,1.37
2015.02.24 09:52:32.540,1.84413,1.84432,4.54,1.45
2015.02.24 09:52:33.077,1.84413,1.84432,2.44,1.55
2015.02.24 09:52:33.715,1.84413,1.84432,2.44,1.55
2015.02.24 09:52:34.407,1.84416,1.84434,2.17,4.76
2015.02.24 09:52:34.711,1.84427,1.8444,2.17,1.73
2015.02.24 09:52:34.813,1.84427,1.84442,2.25,2.23
2015.02.24 09:52:34.914,1.84429,1.84445,2.17,1.56
2015.02.24 09:52:35.117,1.84429,1.84446,2.25,1.50
2015.02.24 09:52:35.219,1.84429,1.84444,2.25,1.00
2015.02.24 09:52:35.981,1.84429,1.84447,2.25,1.01
2015.02.24 09:52:36.244,1.84429,1.84443,2.25,1.00
2015.02.24 09:52:36.721,1.84432,1.84445,2.17,1.37
2015.02.24 09:52:36.772,1.84432,1.84445,2.17,1.37
2015.02.24 09:52:37.295,1.84431,1.84444,2.25,1.00
2015.02.24 09:52:38.431,1.84427,1.84444,5.10,1.12
2015.02.24 09:52:38.736,1.84427,1.84444,6.22,1.37
2015.02.24 09:52:38.943,1.84427,1.84444,5.29,1.37
2015.02.24 09:52:38.994,1.84427,1.84441,5.29,1.00
2015.02.24 09:52:39.410,1.8443,1.84441,2.17,1.00
2015.02.24 09:52:39.714,1.84432,1.84444,2.25,1.37
2015.02.24 09:52:40.230,1.84435,1.84444,2.25,1.00
2015.02.24 09:52:40.545,1.84444,1.84452,4.35,1.00
2015.02.24 09:52:40.596,1.84444,1.84452,4.35,1.00
2015.02.24 09:52:40.647,1.84444,1.84454,4.35,1.00
2015.02.24 09:52:40.749,1.84447,1.84464,1.00,1.91
2015.02.24 09:52:40.851,1.84443,1.84454,1.00,1.00
2015.02.24 09:52:41.054,1.84439,1.84454,3.56,1.00
2015.02.24 09:52:41.411,1.84439,1.84454,1.09,1.37
2015.02.24 09:52:41.818,1.84438,1.84454,2.44,1.37
2015.02.24 09:52:45.093,1.84438,1.84454,2.51,1.37
2015.02.24 09:52:45.295,1.84438,1.84454,2.51,1.37
2015.02.24 09:52:45.649,1.84438,1.84454,3.00,1.37
2015.02.24 09:52:47.639,1.84438,1.84451,3.00,1.00
2015.02.24 09:52:48.634,1.84438,1.84454,2.25,1.37
2015.02.24 09:52:50.072,1.84438,1.84454,2.25,1.50
2015.02.24 09:52:50.840,1.84438,1.84452,2.25,1.37
2015.02.24 09:52:51.348,1.84438,1.84453,2.32,1.37
2015.02.24 09:52:51.906,1.84438,1.84452,2.25,1.37
2015.02.24 09:52:52.159,1.84438,1.84451,2.25,1.37
2015.02.24 09:52:52.564,1.84438,1.84452,2.32,1.12
2015.02.24 09:52:53.070,1.84437,1.84452,1.54,1.00
2015.02.24 09:52:53.577,1.84436,1.84451,1.76,1.37
2015.02.24 09:52:54.351,1.84436,1.84451,2.32,1.00
2015.02.24 09:52:54.503,1.84437,1.84456,1.07,3.75
2015.02.24 09:52:54.554,1.84437,1.84456,1.07,3.75
2015.02.24 09:52:54.858,1.84441,1.84452,2.44,1.00
2015.02.24 09:52:55.163,1.84445,1.84457,2.25,1.37
2015.02.24 09:52:55.213,1.84445,1.84457,2.25,1.37
2015.02.24 09:52:55.467,1.84443,1.84457,2.25,1.37
2015.02.24 09:52:55.968,1.84444,1.84457,2.36,1.37
2015.02.24 09:52:56.778,1.84441,1.84453,2.36,1.00
2015.02.24 09:52:56.880,1.84441,1.84457,2.44,1.37
2015.02.24 09:52:57.083,1.84444,1.84462,2.44,1.95
2015.02.24 09:52:57.642,1.84445,1.84458,1.17,1.37
2015.02.24 09:52:57.693,1.8445,1.84463,2.25,1.37
2015.02.24 09:52:58.216,1.84451,1.84466,2.44,1.87
2015.02.24 09:52:58.318,1.84451,1.84466,2.44,1.37
2015.02.24 09:52:58.623,1.84453,1.84466,1.34,1.37
2015.02.24 09:52:58.927,1.84455,1.84469,2.32,1.37
2015.02.24 09:52:59.403,1.84457,1.84469,2.32,1.37
2015.02.24 09:53:00.122,1.84459,1.84469,2.25,1.00
2015.02.24 09:53:00.629,1.84456,1.84469,2.70,1.37
2015.02.24 09:53:00.730,1.84458,1.84472,2.25,1.12
2015.02.24 09:53:00.781,1.84458,1.84469,2.25,1.00
2015.02.24 09:53:00.832,1.84456,1.84469,1.17,1.00
2015.02.24 09:53:00.883,1.84456,1.84465,1.17,1.00
2015.02.24 09:53:00.985,1.84456,1.84473,1.10,2.55
2015.02.24 09:53:01.240,1.84452,1.84463,2.21,1.00
2015.02.24 09:53:01.341,1.84453,1.8447,1.54,1.00
2015.02.24 09:53:01.392,1.84453,1.8447,1.46,2.92
2015.02.24 09:53:01.494,1.84453,1.8447,1.39,1.10
2015.02.24 09:53:02.296,1.84453,1.8447,1.20,2.92
2015.02.24 09:53:02.811,1.84453,1.8447,1.27,1.20
2015.02.24 09:53:03.419,1.84452,1.84466,1.20,1.00
2015.02.24 09:53:04.092,1.84452,1.8447,1.20,1.57
2015.02.24 09:53:04.633,1.84451,1.84466,2.70,1.00
2015.02.24 09:53:05.612,1.84453,1.84466,2.36,1.00
2015.02.24 09:53:05.714,1.84456,1.8447,2.17,1.00
2015.02.24 09:53:05.815,1.84458,1.8447,2.17,1.00
2015.02.24 09:53:05.866,1.84458,1.84473,2.62,1.12
2015.02.24 09:53:06.420,1.84459,1.84475,1.82,1.37
2015.02.24 09:53:06.953,1.84458,1.84478,3.26,3.75
2015.02.24 09:53:07.004,1.84458,1.84477,1.09,2.55
2015.02.24 09:53:07.543,1.84456,1.84477,2.21,3.37
2015.02.24 09:53:08.437,1.84456,1.84475,1.87,5.10
2015.02.24 09:53:08.589,1.84453,1.84472,1.85,3.37
2015.02.24 09:53:08.741,1.84455,1.84472,2.44,2.25
2015.02.24 09:53:10.937,1.84457,1.84472,2.44,1.87
2015.02.24 09:53:11.039,1.84457,1.84472,2.44,1.87
2015.02.24 09:53:11.345,1.84457,1.84475,2.25,1.47
2015.02.24 09:53:12.157,1.84457,1.84476,2.25,1.27
2015.02.24 09:53:12.208,1.84461,1.84476,2.17,1.20
2015.02.24 09:53:12.512,1.84469,1.84477,2.17,1.10
2015.02.24 09:53:12.563,1.84469,1.8448,2.25,1.20
2015.02.24 09:53:12.614,1.84473,1.8448,2.17,1.20
2015.02.24 09:53:12.665,1.84473,1.84485,2.25,1.00
2015.02.24 09:53:12.767,1.84474,1.84488,4.35,1.12
2015.02.24 09:53:12.871,1.84474,1.84493,4.35,1.12
2015.02.24 09:53:13.671,1.84474,1.84493,4.35,1.37
2015.02.24 09:53:15.045,1.84477,1.84492,2.17,1.12
2015.02.24 09:53:16.047,1.8448,1.84498,2.17,4.50
2015.02.24 09:53:17.123,1.84482,1.845,2.17,1.92
2015.02.24 09:53:17.326,1.84482,1.84499,2.25,1.12
2015.02.24 09:53:18.338,1.8448,1.84501,4.54,3.67
2015.02.24 09:53:18.961,1.84481,1.84501,4.35,1.90
2015.02.24 09:53:19.063,1.84483,1.84501,2.25,1.50
2015.02.24 09:53:19.379,1.84485,1.84502,2.25,2.25
2015.02.24 09:53:19.682,1.84484,1.84502,2.25,1.85
2015.02.24 09:53:19.834,1.84485,1.84502,2.25,1.75
2015.02.24 09:53:20.352,1.84483,1.84502,2.25,1.82
2015.02.24 09:53:20.607,1.84482,1.84503,2.25,3.19
2015.02.24 09:53:20.861,1.84483,1.84503,4.35,1.09
2015.02.24 09:53:21.836,1.84488,1.84505,2.17,4.61
2015.02.24 09:53:21.887,1.84488,1.84505,2.25,1.50
2015.02.24 09:53:21.989,1.84491,1.84507,2.17,1.10
2015.02.24 09:53:22.141,1.84491,1.84513,5.10,5.10
2015.02.24 09:53:22.344,1.84493,1.84514,2.62,1.01
2015.02.24 09:53:24.037,1.84493,1.84515,2.25,2.02
2015.02.24 09:53:24.345,1.8449,1.84508,2.70,1.12
2015.02.24 09:53:24.446,1.84486,1.84502,1.12,3.00
2015.02.24 09:53:24.548,1.8448,1.845,2.51,3.00
2015.02.24 09:53:25.055,1.8448,1.84499,2.51,1.09
2015.02.24 09:53:25.684,1.8448,1.845,2.51,3.19
2015.02.24 09:53:27.085,1.84485,1.845,1.07,2.55
2015.02.24 09:53:27.187,1.84485,1.84505,3.37,3.56
2015.02.24 09:53:27.339,1.84485,1.84503,3.19,1.47
2015.02.24 09:53:27.441,1.84485,1.84503,1.25,1.92
2015.02.24 09:53:27.542,1.84482,1.84502,2.51,1.95
2015.02.24 09:53:27.846,1.84481,1.84501,2.44,1.39
2015.02.24 09:53:28.200,1.8448,1.84501,2.51,1.85
2015.02.24 09:53:28.504,1.84484,1.84495,2.25,1.12
2015.02.24 09:53:28.607,1.84475,1.84493,1.12,2.14
2015.02.24 09:53:28.741,1.84475,1.84484,1.12,1.00
2015.02.24 09:53:28.792,1.84466,1.84484,1.52,1.84
2015.02.24 09:53:28.895,1.84462,1.84483,4.35,1.52
2015.02.24 09:53:29.200,1.84459,1.84478,1.12,4.72
2015.02.24 09:53:29.402,1.84459,1.84478,1.12,4.72
2015.02.24 09:53:29.505,1.84461,1.84478,1.12,4.72
2015.02.24 09:53:29.656,1.84461,1.84478,1.12,4.72
2015.02.24 09:53:29.809,1.84462,1.84478,1.12,4.72
2015.02.24 09:53:30.214,1.84462,1.8448,1.20,3.00
2015.02.24 09:53:30.722,1.84464,1.84477,1.75,1.00
2015.02.24 09:53:30.976,1.84464,1.84477,1.75,1.37
2015.02.24 09:53:31.281,1.84463,1.84477,2.32,1.50
2015.02.24 09:53:31.383,1.84463,1.84472,2.32,1.00
2015.02.24 09:53:31.788,1.84464,1.84477,1.52,1.12
2015.02.24 09:53:31.940,1.84461,1.84479,3.37,1.85
2015.02.24 09:53:32.143,1.84457,1.84473,3.56,1.37
2015.02.24 09:53:32.498,1.84457,1.84473,3.56,1.37
2015.02.24 09:53:33.377,1.84457,1.8447,1.55,1.00
2015.02.24 09:53:33.581,1.84457,1.84475,1.27,1.37
2015.02.24 09:53:33.683,1.8446,1.84475,1.45,1.37
2015.02.24 09:53:34.376,1.84464,1.84474,2.17,1.37
2015.02.24 09:53:34.579,1.84465,1.84479,2.25,1.00
2015.02.24 09:53:34.783,1.84469,1.84481,2.17,1.37
2015.02.24 09:53:34.884,1.84471,1.84484,2.17,1.00
2015.02.24 09:53:34.986,1.84474,1.84484,2.17,1.00
2015.02.24 09:53:35.190,1.84472,1.84486,4.42,1.00
2015.02.24 09:53:35.293,1.84475,1.84486,2.17,1.00
2015.02.24 09:53:35.597,1.84475,1.84484,2.25,1.00
2015.02.24 09:53:35.648,1.84475,1.84491,2.25,1.37
2015.02.24 09:53:36.155,1.84474,1.84489,2.25,1.37
2015.02.24 09:53:36.813,1.84474,1.84488,2.44,1.00
2015.02.24 09:53:36.915,1.84474,1.84493,3.19,1.62
2015.02.24 09:53:37.118,1.84472,1.84489,1.65,1.10
2015.02.24 09:53:37.321,1.84471,1.84484,3.26,1.00
2015.02.24 09:53:37.524,1.84472,1.84489,4.12,1.31
2015.02.24 09:53:37.626,1.8447,1.84486,1.46,1.00
2015.02.24 09:53:37.829,1.84473,1.84489,4.54,1.00
2015.02.24 09:53:37.879,1.84475,1.84489,2.44,1.00
2015.02.24 09:53:37.981,1.84476,1.84493,1.15,1.12
2015.02.24 09:53:38.504,1.84477,1.84494,1.35,1.37
2015.02.24 09:53:38.605,1.84477,1.84489,4.80,1.00
2015.02.24 09:53:38.707,1.84477,1.84495,4.80,1.37
2015.02.24 09:53:39.162,1.84477,1.8449,4.80,1.00
2015.02.24 09:53:39.517,1.84477,1.84492,2.25,1.12
2015.02.24 09:53:39.618,1.84477,1.84489,2.25,1.00
2015.02.24 09:53:39.720,1.84477,1.84491,2.25,1.00
2015.02.24 09:53:39.923,1.84477,1.84494,3.45,1.37
2015.02.24 09:53:40.337,1.84477,1.84493,1.46,1.37
2015.02.24 09:53:40.616,1.8448,1.84496,2.25,1.00
2015.02.24 09:53:40.668,1.8448,1.84496,2.25,1.37
2015.02.24 09:53:41.181,1.84478,1.84493,2.25,1.37
2015.02.24 09:53:41.232,1.84476,1.84493,3.19,1.37
2015.02.24 09:53:41.537,1.84476,1.84492,1.01,1.47
2015.02.24 09:53:41.741,1.84473,1.84483,1.10,1.00
2015.02.24 09:53:41.944,1.84474,1.84487,2.25,1.12
2015.02.24 09:53:41.995,1.84473,1.84487,1.15,1.12
2015.02.24 09:53:42.249,1.84477,1.84492,1.00,3.64
2015.02.24 09:53:42.351,1.84473,1.8449,1.17,1.66
2015.02.24 09:53:42.452,1.84472,1.84485,2.25,1.00
2015.02.24 09:53:42.554,1.84468,1.84485,4.61,1.00
2015.02.24 09:53:42.605,1.84472,1.84487,1.00,2.55
2015.02.24 09:53:42.913,1.8447,1.84487,1.17,1.20
2015.02.24 09:53:43.217,1.8447,1.84487,1.17,1.76
2015.02.24 09:53:43.371,1.84467,1.84482,2.44,1.00
2015.02.24 09:53:43.422,1.84469,1.84485,2.36,1.37
2015.02.24 09:53:43.625,1.8447,1.84487,1.26,1.47
2015.02.24 09:53:43.777,1.84469,1.84484,2.44,1.00
2015.02.24 09:53:44.340,1.84472,1.84489,1.00,3.56
2015.02.24 09:53:44.554,1.84469,1.84484,2.25,1.00
2015.02.24 09:53:44.656,1.8447,1.84487,1.07,1.47
2015.02.24 09:53:45.162,1.8447,1.84487,3.00,1.37
2015.02.24 09:53:45.903,1.8447,1.84487,1.17,1.47
2015.02.24 09:53:46.055,1.8447,1.84486,1.00,1.29
2015.02.24 09:53:46.359,1.8447,1.84486,3.00,1.19
2015.02.24 09:53:46.662,1.84473,1.84488,2.25,1.37
2015.02.24 09:53:47.224,1.84473,1.84488,2.25,1.56
2015.02.24 09:53:47.327,1.84472,1.84487,2.25,1.12
2015.02.24 09:53:47.378,1.8447,1.84487,2.25,1.00
2015.02.24 09:53:47.531,1.84474,1.84487,2.17,1.00
2015.02.24 09:53:47.734,1.84472,1.84487,4.54,1.00
2015.02.24 09:53:48.627,1.84472,1.84488,2.25,1.00
2015.02.24 09:53:49.082,1.84472,1.84485,2.25,1.00
2015.02.24 09:53:50.834,1.8447,1.84485,2.44,1.00
2015.02.24 09:53:50.885,1.84468,1.84485,3.64,1.00
2015.02.24 09:53:55.099,1.8447,1.84489,1.01,1.46
2015.02.24 09:53:55.150,1.8447,1.84489,3.11,1.39
2015.02.24 09:53:55.453,1.84477,1.84492,1.00,2.59
2015.02.24 09:53:55.554,1.84473,1.8449,1.10,1.69
2015.02.24 09:54:00.089,1.84473,1.8449,1.29,1.37
2015.02.24 09:54:00.393,1.84476,1.84492,2.25,1.37
2015.02.24 09:54:05.404,1.84477,1.84494,3.00,1.66
2015.02.24 09:54:05.860,1.84478,1.84494,2.25,1.69
2015.02.24 09:54:06.063,1.84479,1.84494,4.35,1.56
2015.02.24 09:54:06.367,1.84484,1.84495,1.00,1.69
2015.02.24 09:54:06.468,1.84478,1.84495,2.25,1.94
2015.02.24 09:54:06.570,1.84477,1.84495,1.09,2.14
2015.02.24 09:54:06.823,1.84477,1.84493,4.35,1.57
2015.02.24 09:54:07.127,1.84478,1.84493,2.25,1.50
2015.02.24 09:54:07.228,1.84475,1.84492,2.44,1.37
2015.02.24 09:54:07.279,1.84475,1.84492,2.44,1.37
2015.02.24 09:54:07.380,1.84475,1.84492,2.44,1.12
2015.02.24 09:54:07.886,1.84477,1.84493,1.00,3.19
2015.02.24 09:54:09.019,1.84477,1.84493,1.10,1.01
2015.02.24 09:54:10.221,1.84477,1.84494,1.10,2.21
2015.02.24 09:54:15.020,1.84477,1.84494,1.10,2.21
2015.02.24 09:54:16.745,1.84477,1.84494,1.10,2.21
2015.02.24 09:54:17.758,1.84476,1.84494,1.17,1.55
2015.02.24 09:54:18.366,1.84476,1.84494,3.19,1.39
2015.02.24 09:54:18.670,1.84476,1.84494,1.09,1.62
2015.02.24 09:54:19.441,1.84476,1.84494,1.20,1.12
2015.02.24 09:54:20.330,1.84476,1.84494,1.39,1.31
2015.02.24 09:54:23.933,1.84476,1.84494,1.09,1.31
2015.02.24 09:54:24.445,1.84476,1.84495,1.09,2.29
2015.02.24 09:54:25.063,1.84476,1.84495,1.09,2.21
2015.02.24 09:54:25.374,1.84476,1.84491,1.19,2.25
2015.02.24 09:54:25.834,1.84473,1.8449,1.29,1.07
2015.02.24 09:54:26.801,1.84476,1.84489,1.00,1.10
2015.02.24 09:54:27.107,1.84488,1.84506,2.44,2.04
2015.02.24 09:54:27.309,1.84491,1.84508,1.09,1.29
2015.02.24 09:54:28.111,1.84491,1.84507,1.36,1.19
2015.02.24 09:54:28.992,1.84491,1.84508,1.17,1.66
2015.02.24 09:54:29.044,1.84491,1.84507,1.07,2.74
2015.02.24 09:54:29.398,1.84491,1.84508,1.19,2.06
2015.02.24 09:54:29.500,1.8449,1.84508,1.20,2.44
2015.02.24 09:54:29.551,1.84489,1.84505,1.32,2.17
2015.02.24 09:54:29.804,1.84488,1.84505,1.00,2.44
2015.02.24 09:54:30.057,1.84488,1.84502,1.00,2.55
2015.02.24 09:54:30.360,1.84488,1.845,1.00,2.25
2015.02.24 09:54:30.998,1.84484,1.84501,1.19,1.20
2015.02.24 09:54:31.099,1.84484,1.84501,1.25,1.09
2015.02.24 09:54:31.352,1.84484,1.84501,1.62,1.09
2015.02.24 09:54:32.634,1.84484,1.84501,1.37,1.39
2015.02.24 09:54:34.119,1.84484,1.84501,1.37,1.09
2015.02.24 09:54:35.260,1.84484,1.84501,1.37,1.46
2015.02.24 09:54:36.363,1.84484,1.84501,1.37,1.09
2015.02.24 09:54:37.274,1.84484,1.84501,1.00,1.09
2015.02.24 09:54:37.794,1.84483,1.84502,1.39,1.52
2015.02.24 09:54:38.460,1.84483,1.84502,3.19,1.45
2015.02.24 09:54:40.312,1.84483,1.84498,4.35,1.00
2015.02.24 09:54:41.088,1.84482,1.84498,2.25,1.00
2015.02.24 09:54:41.866,1.84482,1.84497,2.25,1.00
2015.02.24 09:54:42.019,1.84481,1.84498,1.32,1.00
2015.02.24 09:54:42.323,1.84481,1.84498,1.07,1.37
2015.02.24 09:54:42.627,1.84479,1.84495,1.00,2.25
2015.02.24 09:54:42.729,1.84479,1.84496,1.00,2.02
2015.02.24 09:54:43.242,1.84479,1.84496,1.15,1.20
2015.02.24 09:54:45.201,1.84481,1.84496,2.17,1.00
2015.02.24 09:54:45.742,1.84482,1.845,1.17,1.65
2015.02.24 09:54:46.222,1.84483,1.84501,2.17,1.17
2015.02.24 09:54:46.767,1.84483,1.84502,3.00,1.16
2015.02.24 09:54:51.235,1.84483,1.84502,3.19,1.27
2015.02.24 09:54:51.839,1.84485,1.84502,2.36,1.20
2015.02.24 09:54:52.205,1.84487,1.84501,2.17,1.00
2015.02.24 09:54:52.688,1.84487,1.84503,2.25,1.12
2015.02.24 09:54:52.892,1.84487,1.845,2.25,1.00
2015.02.24 09:54:53.214,1.84491,1.845,2.25,1.00
2015.02.24 09:54:53.418,1.84489,1.84505,4.35,1.00
2015.02.24 09:54:53.621,1.84489,1.84499,2.25,1.00
2015.02.24 09:54:53.773,1.84489,1.84504,2.25,1.12
2015.02.24 09:54:54.077,1.84489,1.84498,2.62,1.00
2015.02.24 09:54:54.178,1.84491,1.84506,2.25,1.12
2015.02.24 09:54:54.331,1.84495,1.84507,2.17,1.47
2015.02.24 09:54:54.535,1.84495,1.84508,2.25,1.00
2015.02.24 09:54:55.069,1.84495,1.8451,2.25,1.20
2015.02.24 09:54:55.727,1.84494,1.84507,3.00,1.00
2015.02.24 09:54:55.778,1.84494,1.84507,1.10,1.00
2015.02.24 09:54:55.879,1.8449,1.84506,2.44,1.00
2015.02.24 09:54:56.285,1.84489,1.84502,2.44,1.00
2015.02.24 09:54:56.487,1.84489,1.84506,3.19,1.00
2015.02.24 09:54:56.993,1.84489,1.84506,1.10,1.27
2015.02.24 09:54:57.044,1.84489,1.84506,2.92,1.57
2015.02.24 09:54:57.348,1.84483,1.84497,1.00,1.87
2015.02.24 09:54:57.653,1.84485,1.84499,2.25,1.00
2015.02.24 09:54:57.704,1.84485,1.84502,5.10,1.25
2015.02.24 09:54:58.188,1.84485,1.84504,5.10,1.12
2015.02.24 09:54:58.588,1.84485,1.84502,5.10,1.00
2015.02.24 09:54:58.812,1.84485,1.84504,5.47,1.12
2015.02.24 09:54:58.863,1.84485,1.84504,6.41,1.00
2015.02.24 09:54:59.166,1.84495,1.84512,1.07,1.57
2015.02.24 09:54:59.470,1.84494,1.84506,4.35,1.00
2015.02.24 09:54:59.672,1.84494,1.84511,5.10,1.12
2015.02.24 09:55:00.027,1.84497,1.84513,1.00,1.10
2015.02.24 09:55:00.367,1.84495,1.84512,1.15,1.50
2015.02.24 09:55:00.671,1.84497,1.84514,2.25,1.25
2015.02.24 09:55:00.722,1.84495,1.84512,5.47,1.00
2015.02.24 09:55:01.042,1.84499,1.84514,1.00,1.22
2015.02.24 09:55:01.347,1.84495,1.84512,1.10,2.70
2015.02.24 09:55:01.448,1.845,1.8451,1.00,1.17
2015.02.24 09:55:01.550,1.84494,1.84506,1.00,1.00
2015.02.24 09:55:01.602,1.84494,1.8451,1.00,5.92
2015.02.24 09:55:01.653,1.84491,1.84509,1.07,1.90
2015.02.24 09:55:01.957,1.845,1.8451,1.00,1.65
2015.02.24 09:55:02.008,1.84496,1.8451,1.00,1.75
2015.02.24 09:55:02.113,1.84496,1.8451,1.00,2.40
2015.02.24 09:55:02.216,1.84492,1.8451,1.17,2.40
2015.02.24 09:55:03.847,1.84494,1.8451,1.00,2.02
2015.02.24 09:55:03.999,1.84498,1.84509,1.00,3.00
2015.02.24 09:55:04.101,1.84495,1.84509,1.00,2.25
2015.02.24 09:55:04.152,1.84495,1.84507,1.00,2.17
2015.02.24 09:55:04.203,1.84492,1.84507,1.00,4.35
2015.02.24 09:55:04.405,1.84485,1.84503,1.91,1.00
2015.02.24 09:55:04.507,1.84491,1.84507,1.00,4.35
2015.02.24 09:55:04.984,1.84491,1.84507,1.00,1.10
2015.02.24 09:55:05.085,1.84491,1.84502,1.00,1.00
2015.02.24 09:55:05.410,1.84493,1.84507,1.10,1.00
2015.02.24 09:55:05.885,1.84493,1.84511,1.10,3.37
2015.02.24 09:55:05.987,1.84493,1.84507,1.10,1.00
2015.02.24 09:55:06.211,1.84493,1.84511,1.10,2.62
2015.02.24 09:55:07.650,1.84493,1.84512,2.92,1.72
2015.02.24 09:55:07.957,1.84495,1.84512,2.17,2.02
2015.02.24 09:55:08.486,1.84495,1.84512,2.25,1.50
2015.02.24 09:55:09.005,1.84498,1.84513,1.00,1.10
2015.02.24 09:55:09.612,1.84498,1.84512,1.00,1.00
2015.02.24 09:55:10.866,1.84498,1.84512,1.12,1.07
2015.02.24 09:55:11.396,1.84498,1.84513,1.00,1.35
2015.02.24 09:55:11.701,1.84496,1.8451,1.00,2.17
2015.02.24 09:55:11.904,1.84493,1.8451,1.12,3.94
2015.02.24 09:55:13.232,1.84493,1.84508,1.00,2.25
2015.02.24 09:55:13.738,1.84491,1.84507,1.62,2.25
2015.02.24 09:55:14.851,1.84493,1.84507,1.00,2.25
2015.02.24 09:55:15.207,1.84489,1.84506,1.66,1.17
2015.02.24 09:55:15.308,1.84489,1.84506,1.66,1.17
2015.02.24 09:55:15.514,1.84492,1.84511,1.66,1.74
2015.02.24 09:55:15.616,1.84492,1.84511,3.94,1.37
2015.02.24 09:55:15.667,1.84493,1.84511,1.74,1.00
2015.02.24 09:55:15.769,1.84496,1.84513,1.70,1.10
2015.02.24 09:55:15.820,1.84496,1.84513,1.70,1.10
2015.02.24 09:55:15.922,1.84496,1.84513,1.07,1.10
2015.02.24 09:55:15.972,1.84499,1.84516,1.00,1.20
2015.02.24 09:55:16.327,1.84498,1.84515,3.00,1.47
2015.02.24 09:55:17.062,1.84498,1.84512,2.25,1.57
2015.02.24 09:55:17.268,1.84496,1.84512,2.25,1.57
2015.02.24 09:55:17.679,1.84498,1.84513,2.25,1.87
2015.02.24 09:55:17.831,1.84498,1.84513,2.25,1.20
2015.02.24 09:55:17.882,1.84498,1.84515,2.25,1.12
2015.02.24 09:55:18.710,1.84494,1.8451,4.91,1.12
2015.02.24 09:55:18.812,1.84498,1.84512,1.00,1.37
2015.02.24 09:55:18.864,1.84498,1.84515,1.00,2.47
2015.02.24 09:55:19.472,1.84497,1.84512,2.25,1.12
2015.02.24 09:55:19.994,1.84498,1.84515,5.10,1.39
2015.02.24 09:55:20.977,1.84497,1.84513,2.25,1.37
2015.02.24 09:55:21.180,1.84496,1.84513,1.27,1.37
2015.02.24 09:55:21.694,1.84496,1.84515,1.52,2.02
2015.02.24 09:55:22.079,1.84498,1.84515,2.25,1.47
2015.02.24 09:55:22.428,1.84498,1.84515,2.25,1.47
2015.02.24 09:55:22.631,1.84499,1.84515,1.17,1.12
2015.02.24 09:55:23.036,1.84498,1.84514,3.00,1.20
2015.02.24 09:55:23.239,1.84505,1.8452,2.62,1.45
2015.02.24 09:55:23.746,1.84505,1.84521,4.72,1.37
2015.02.24 09:55:24.050,1.84507,1.84522,1.00,1.39
2015.02.24 09:55:24.354,1.84506,1.84522,1.20,1.12
2015.02.24 09:55:24.668,1.84508,1.84521,1.00,1.07
2015.02.24 09:55:24.989,1.84507,1.8452,1.00,1.47
2015.02.24 09:55:25.495,1.84504,1.8452,2.62,1.47
2015.02.24 09:55:25.810,1.84504,1.8452,2.62,1.20
2015.02.24 09:55:26.114,1.84507,1.84522,1.20,1.87
2015.02.24 09:55:26.367,1.84508,1.84521,1.00,1.07
2015.02.24 09:55:26.519,1.84503,1.84521,2.81,1.57
2015.02.24 09:55:26.570,1.84503,1.84521,2.81,2.32
2015.02.24 09:55:26.773,1.84508,1.84521,1.00,1.12
2015.02.24 09:55:27.131,1.84505,1.84521,3.37,1.57
2015.02.24 09:55:27.587,1.84505,1.84521,3.37,1.57
2015.02.24 09:55:28.062,1.84508,1.84524,1.00,1.76
2015.02.24 09:55:28.610,1.84508,1.84524,1.00,1.76
2015.02.24 09:55:29.123,1.84508,1.84524,1.20,1.69
2015.02.24 09:55:29.275,1.84512,1.84526,1.00,2.24
2015.02.24 09:55:29.841,1.84508,1.84526,3.37,1.66
2015.02.24 09:55:30.651,1.84508,1.84526,3.75,1.66
2015.02.24 09:55:30.861,1.84515,1.8453,2.25,1.37
2015.02.24 09:55:31.388,1.84515,1.84532,3.00,1.50
2015.02.24 09:55:32.615,1.84515,1.84532,3.00,1.50
2015.02.24 09:55:34.129,1.84515,1.84532,3.00,2.25
2015.02.24 09:55:34.180,1.84515,1.84532,3.00,2.25
2015.02.24 09:55:35.317,1.84519,1.84532,1.00,1.37
2015.02.24 09:55:35.572,1.84516,1.84532,1.00,1.65
2015.02.24 09:55:35.825,1.84516,1.84531,1.00,2.62
2015.02.24 09:55:35.977,1.84511,1.84527,1.47,1.37
2015.02.24 09:55:36.180,1.84511,1.84528,1.69,3.37
2015.02.24 09:55:36.485,1.84517,1.8453,1.12,1.47
2015.02.24 09:55:36.688,1.84517,1.84532,1.62,1.57
2015.02.24 09:55:36.790,1.84517,1.84533,3.49,1.65
2015.02.24 09:55:36.942,1.8452,1.84533,2.62,2.32
2015.02.24 09:55:37.043,1.8452,1.84534,2.62,1.12
2015.02.24 09:55:37.145,1.84522,1.84536,2.25,1.57
2015.02.24 09:55:37.681,1.84524,1.84536,1.10,1.37
2015.02.24 09:55:38.173,1.84522,1.84536,3.00,1.37
2015.02.24 09:55:38.581,1.84528,1.84542,1.10,2.44
2015.02.24 09:55:38.682,1.84528,1.84542,1.39,1.50
2015.02.24 09:55:38.835,1.84534,1.84547,2.62,1.00
2015.02.24 09:55:38.885,1.84534,1.84547,2.62,1.00
2015.02.24 09:55:39.113,1.84534,1.84548,2.17,1.87
2015.02.24 09:55:39.444,1.84537,1.84547,2.44,1.00
2015.02.24 09:55:39.647,1.84537,1.84547,2.44,1.37
2015.02.24 09:55:39.900,1.84537,1.84552,2.10,2.25
2015.02.24 09:55:39.951,1.84533,1.84548,2.25,1.37
2015.02.24 09:55:40.079,1.84532,1.84548,1.10,1.47
2015.02.24 09:55:40.434,1.84534,1.84547,2.25,1.37
2015.02.24 09:55:40.636,1.84534,1.84551,2.25,1.37
2015.02.24 09:55:41.872,1.84534,1.84547,2.25,1.00
2015.02.24 09:55:42.276,1.84533,1.84542,2.44,1.00
2015.02.24 09:55:42.378,1.84533,1.84548,3.19,1.00
2015.02.24 09:55:42.530,1.8454,1.84548,4.35,1.00
2015.02.24 09:55:42.581,1.8454,1.84553,4.72,1.00
2015.02.24 09:55:42.733,1.84542,1.84557,2.25,1.19
2015.02.24 09:55:43.250,1.84539,1.84557,2.25,1.81
2015.02.24 09:55:43.352,1.84534,1.84554,3.00,2.81
2015.02.24 09:55:43.555,1.84532,1.84553,1.34,5.10
2015.02.24 09:55:43.757,1.84534,1.84552,2.25,1.10
2015.02.24 09:55:44.062,1.84531,1.84552,4.61,1.40
2015.02.24 09:55:44.113,1.84531,1.84552,4.35,1.44
2015.02.24 09:55:44.635,1.84531,1.84547,4.35,1.50
2015.02.24 09:55:44.939,1.84531,1.84542,4.35,1.00
2015.02.24 09:55:45.041,1.84529,1.84547,2.44,1.57
2015.02.24 09:55:45.243,1.84531,1.84543,2.25,1.00
2015.02.24 09:55:45.405,1.84531,1.84547,2.25,1.37
2015.02.24 09:55:45.867,1.84527,1.84547,4.54,1.84
2015.02.24 09:55:46.323,1.84527,1.84543,4.54,1.00
2015.02.24 09:55:46.678,1.84527,1.84547,4.54,2.96
2015.02.24 09:55:47.046,1.84525,1.84546,2.44,1.09
2015.02.24 09:55:47.254,1.84525,1.84546,2.81,1.09
2015.02.24 09:55:48.561,1.84527,1.84547,2.44,2.14
2015.02.24 09:55:48.865,1.84529,1.84547,2.25,2.51
2015.02.24 09:55:50.251,1.84527,1.84547,1.34,1.65
2015.02.24 09:55:50.767,1.84525,1.84542,2.36,2.55
2015.02.24 09:55:50.870,1.84521,1.84541,4.39,2.62
2015.02.24 09:55:51.073,1.84521,1.84539,1.31,2.25
2015.02.24 09:55:51.191,1.84523,1.84539,1.25,2.25
2015.02.24 09:55:51.444,1.84522,1.84536,1.19,2.17
2015.02.24 09:55:51.749,1.84522,1.84534,1.19,2.17
2015.02.24 09:55:52.053,1.84522,1.84536,1.19,2.25
2015.02.24 09:55:52.104,1.84522,1.84538,1.31,2.25
2015.02.24 09:55:52.156,1.84522,1.84538,1.31,2.25
2015.02.24 09:55:52.257,1.84523,1.84538,1.25,2.25
2015.02.24 09:55:52.662,1.84523,1.84536,1.00,2.25
2015.02.24 09:55:53.151,1.8452,1.84536,1.31,2.25
2015.02.24 09:55:53.661,1.8452,1.84535,1.25,2.25
2015.02.24 09:55:53.969,1.8452,1.84537,1.25,1.10
2015.02.24 09:55:54.479,1.84522,1.84537,2.25,1.00
2015.02.24 09:55:55.042,1.84523,1.84542,1.17,2.32
2015.02.24 09:55:55.551,1.84525,1.84542,1.00,3.82
2015.02.24 09:55:55.602,1.84525,1.84542,5.10,1.57
2015.02.24 09:55:55.905,1.84525,1.84537,5.10,1.00
2015.02.24 09:55:56.349,1.84525,1.8454,4.54,1.00
2015.02.24 09:55:56.400,1.84528,1.8454,2.25,1.00
2015.02.24 09:55:56.552,1.84528,1.84545,3.00,3.34
2015.02.24 09:55:56.906,1.84528,1.84542,4.72,1.00
2015.02.24 09:55:57.056,1.8453,1.84545,1.09,1.84
2015.02.24 09:55:57.799,1.84531,1.84547,4.35,1.37
2015.02.24 09:55:58.102,1.84533,1.84547,4.35,1.37
2015.02.24 09:55:59.374,1.84534,1.8455,2.25,1.37
2015.02.24 09:55:59.677,1.84537,1.84548,2.25,1.00
2015.02.24 09:55:59.779,1.84538,1.84552,2.25,1.00
2015.02.24 09:56:00.295,1.8454,1.84557,2.25,1.54
2015.02.24 09:56:01.011,1.8454,1.84557,1.39,1.19
2015.02.24 09:56:01.517,1.8454,1.84558,1.39,1.31
2015.02.24 09:56:01.821,1.84544,1.84557,1.00,1.00
2015.02.24 09:56:03.614,1.84544,1.84558,1.00,1.00
2015.02.24 09:56:06.119,1.84544,1.84558,1.17,1.00
2015.02.24 09:56:06.221,1.84546,1.84558,2.44,1.00
2015.02.24 09:56:06.273,1.84546,1.84562,2.81,1.16
2015.02.24 09:56:06.325,1.84549,1.84562,2.25,1.16
2015.02.24 09:56:06.630,1.84552,1.84563,1.07,1.00
2015.02.24 09:56:07.144,1.84551,1.84562,3.00,1.00
2015.02.24 09:56:07.499,1.84553,1.84562,2.25,1.00
2015.02.24 09:56:08.453,1.84553,1.84567,4.35,1.00
2015.02.24 09:56:08.504,1.84555,1.84567,2.25,1.00
2015.02.24 09:56:09.015,1.84556,1.84567,2.25,1.00
2015.02.24 09:56:09.469,1.84552,1.84567,4.35,1.00
2015.02.24 09:56:10.556,1.84551,1.84567,2.44,1.00
2015.02.24 09:56:10.860,1.84549,1.84567,2.44,1.31
2015.02.24 09:56:11.113,1.84548,1.84567,2.25,1.64
2015.02.24 09:56:11.466,1.84547,1.84562,1.10,1.00
2015.02.24 09:56:11.972,1.84547,1.84566,2.25,1.76
2015.02.24 09:56:12.124,1.84548,1.84567,2.44,3.11
2015.02.24 09:56:12.276,1.8455,1.8457,2.25,1.35
2015.02.24 09:56:12.428,1.8455,1.8457,2.44,1.24
2015.02.24 09:56:12.530,1.84557,1.8457,1.00,1.24
2015.02.24 09:56:12.631,1.84552,1.8457,3.37,1.05
2015.02.24 09:56:12.833,1.84558,1.84572,1.00,1.20
2015.02.24 09:56:13.137,1.84563,1.84572,1.00,1.20
2015.02.24 09:56:13.296,1.84553,1.84572,2.25,1.95
2015.02.24 09:56:13.852,1.84553,1.84573,2.81,3.64
2015.02.24 09:56:13.904,1.84558,1.84573,2.36,3.00
2015.02.24 09:56:14.057,1.84558,1.84577,4.61,1.31
2015.02.24 09:56:14.108,1.84558,1.84578,4.61,1.84
2015.02.24 09:56:14.159,1.84563,1.84578,1.00,1.46
2015.02.24 09:56:14.463,1.84565,1.84583,4.54,1.56
2015.02.24 09:56:14.564,1.84565,1.84583,4.54,1.00
2015.02.24 09:56:14.818,1.84567,1.84586,2.25,1.64
2015.02.24 09:56:15.327,1.84566,1.84586,2.44,3.56
2015.02.24 09:56:16.350,1.84566,1.84586,2.44,3.64
2015.02.24 09:56:17.634,1.84566,1.8458,2.17,1.31
2015.02.24 09:56:17.686,1.84564,1.8458,2.25,2.06
2015.02.24 09:56:17.788,1.84562,1.84575,1.00,2.81
2015.02.24 09:56:17.839,1.84556,1.84575,1.91,2.81
2015.02.24 09:56:18.263,1.84555,1.84572,2.89,1.31
2015.02.24 09:56:18.632,1.84555,1.84572,2.17,1.39
2015.02.24 09:56:18.682,1.84552,1.84572,5.47,1.39
2015.02.24 09:56:18.784,1.8455,1.84571,1.39,2.44
2015.02.24 09:56:18.890,1.8455,1.84569,1.29,1.01
2015.02.24 09:56:19.851,1.84548,1.84567,3.11,2.81
2015.02.24 09:56:20.003,1.84544,1.84565,4.31,2.44
2015.02.24 09:56:20.207,1.84544,1.84563,1.74,2.81
2015.02.24 09:56:20.933,1.84544,1.84563,1.74,2.81
2015.02.24 09:56:21.287,1.84542,1.84562,1.84,2.81
2015.02.24 09:56:21.389,1.84542,1.84562,1.39,2.81
2015.02.24 09:56:21.544,1.84545,1.84562,1.00,2.81
2015.02.24 09:56:21.747,1.84542,1.84562,1.01,3.64
2015.02.24 09:56:21.950,1.84544,1.84562,1.00,3.64
2015.02.24 09:56:22.253,1.84544,1.84558,1.00,2.17
2015.02.24 09:56:22.506,1.84542,1.84559,1.00,2.81
2015.02.24 09:56:23.006,1.84541,1.84556,1.25,2.25
2015.02.24 09:56:23.714,1.84542,1.84559,1.00,1.74
2015.02.24 09:56:24.368,1.84542,1.84559,1.17,1.66
2015.02.24 09:56:24.672,1.84544,1.84561,1.00,3.34
2015.02.24 09:56:24.773,1.84544,1.84562,1.39,1.76
2015.02.24 09:56:24.824,1.8455,1.84563,1.00,3.49
2015.02.24 09:56:24.926,1.84548,1.84563,1.00,1.31
2015.02.24 09:56:25.280,1.84553,1.84562,1.00,1.10
2015.02.24 09:56:25.489,1.8455,1.84563,1.00,1.12
2015.02.24 09:56:26.068,1.8455,1.84563,1.00,1.00
2015.02.24 09:56:26.624,1.8455,1.84562,1.00,1.00
2015.02.24 09:56:26.675,1.84548,1.84562,1.10,1.00
2015.02.24 09:56:27.186,1.84548,1.84565,1.10,2.17
2015.02.24 09:56:27.390,1.84548,1.84565,3.00,1.76
2015.02.24 09:56:27.896,1.84551,1.84567,1.10,1.19
2015.02.24 09:56:28.776,1.84551,1.84567,1.01,1.25
2015.02.24 09:56:29.183,1.84552,1.84567,2.62,1.00
2015.02.24 09:56:29.502,1.84556,1.84568,1.17,1.00
2015.02.24 09:56:30.363,1.84556,1.84567,1.09,1.00
2015.02.24 09:56:30.910,1.84556,1.84568,1.00,1.37
2015.02.24 09:56:31.113,1.84551,1.84568,1.00,4.01
2015.02.24 09:56:32.073,1.84554,1.84568,1.00,2.81
2015.02.24 09:56:32.225,1.84551,1.84568,1.25,3.56
2015.02.24 09:56:32.327,1.84554,1.84568,1.00,2.81
2015.02.24 09:56:33.214,1.84554,1.8457,1.00,1.05
2015.02.24 09:56:37.156,1.84554,1.84567,1.25,1.00
2015.02.24 09:56:38.156,1.84551,1.84567,2.44,1.69
2015.02.24 09:56:38.512,1.84552,1.84567,4.91,1.50
2015.02.24 09:56:38.816,1.84559,1.84573,2.44,2.59
2015.02.24 09:56:38.968,1.84563,1.84575,2.17,1.00
2015.02.24 09:56:39.019,1.84563,1.8458,5.47,1.10
2015.02.24 09:56:39.070,1.84569,1.8458,2.17,1.10
2015.02.24 09:56:39.121,1.84569,1.84582,4.35,1.09
2015.02.24 09:56:39.223,1.84568,1.84582,1.00,1.16
2015.02.24 09:56:39.375,1.8457,1.84582,1.00,1.09
2015.02.24 09:56:39.896,1.84574,1.84583,1.00,1.34
2015.02.24 09:56:39.998,1.84567,1.84583,3.00,1.34
2015.02.24 09:56:40.696,1.84565,1.84582,3.00,1.09
2015.02.24 09:56:41.113,1.84568,1.84584,2.62,1.00
2015.02.24 09:56:41.418,1.84571,1.84583,1.20,1.00
2015.02.24 09:56:41.773,1.84569,1.84585,1.55,1.00
2015.02.24 09:56:42.279,1.84568,1.84585,3.00,1.00
2015.02.24 09:56:42.812,1.84568,1.84585,1.27,1.10
2015.02.24 09:56:42.863,1.84568,1.84583,1.07,2.17
2015.02.24 09:56:43.169,1.84568,1.84581,1.00,4.35
2015.02.24 09:56:44.205,1.84568,1.84582,1.00,1.17
2015.02.24 09:56:44.255,1.84568,1.84579,1.00,2.17
2015.02.24 09:56:44.306,1.84563,1.84578,1.95,2.25
2015.02.24 09:56:44.358,1.84563,1.84575,1.57,2.17
2015.02.24 09:56:44.510,1.84561,1.84575,1.50,4.35
2015.02.24 09:56:44.560,1.84561,1.84573,1.00,2.25
2015.02.24 09:56:45.084,1.84561,1.84572,1.00,2.25
2015.02.24 09:56:45.642,1.84562,1.84572,1.00,2.25
2015.02.24 09:56:46.729,1.84562,1.84578,1.00,3.19
2015.02.24 09:56:46.780,1.84562,1.84577,1.75,2.44
2015.02.24 09:56:47.083,1.84562,1.84574,1.75,2.25
2015.02.24 09:56:47.257,1.84562,1.84574,1.00,2.25
2015.02.24 09:56:47.763,1.84562,1.84573,1.00,2.25
2015.02.24 09:56:49.128,1.84557,1.84573,1.31,2.25
2015.02.24 09:56:49.914,1.84557,1.84576,1.12,5.66
2015.02.24 09:56:50.116,1.84557,1.84576,1.50,5.29
2015.02.24 09:56:50.419,1.8456,1.84574,1.12,4.35
2015.02.24 09:56:51.138,1.8456,1.84574,1.50,4.35
2015.02.24 09:56:51.290,1.8456,1.84574,2.25,2.25
2015.02.24 09:56:51.937,1.8456,1.84575,2.25,2.25
2015.02.24 09:56:53.121,1.84564,1.84581,1.87,1.10
2015.02.24 09:56:53.374,1.8457,1.84582,1.00,1.09
2015.02.24 09:56:53.425,1.84572,1.84583,1.00,3.64
2015.02.24 09:56:53.526,1.84566,1.8458,1.37,2.25
2015.02.24 09:56:53.729,1.84565,1.84578,1.37,2.25
2015.02.24 09:56:54.136,1.84563,1.84578,1.19,2.25
2015.02.24 09:56:54.648,1.84563,1.84578,1.00,2.25
2015.02.24 09:56:55.535,1.84561,1.84578,1.57,3.00
2015.02.24 09:56:55.637,1.84565,1.84578,1.00,2.25
2015.02.24 09:56:55.839,1.84563,1.84578,1.00,2.25
2015.02.24 09:56:56.386,1.84563,1.84577,1.00,2.25
2015.02.24 09:56:56.889,1.84563,1.84576,1.00,4.35
2015.02.24 09:56:56.940,1.84563,1.84574,1.00,2.25
2015.02.24 09:56:57.244,1.8456,1.8457,1.12,2.25
2015.02.24 09:56:59.756,1.84557,1.84571,1.47,2.25
2015.02.24 09:57:05.880,1.84557,1.84571,1.00,2.44
2015.02.24 09:57:05.982,1.84557,1.84568,1.00,2.17
2015.02.24 09:57:06.134,1.84555,1.84568,1.00,2.25
2015.02.24 09:57:06.185,1.84553,1.84568,1.00,3.00
2015.02.24 09:57:06.287,1.84552,1.84565,1.00,1.07
2015.02.24 09:57:06.338,1.8455,1.84565,1.00,1.07
2015.02.24 09:57:06.390,1.84552,1.84565,1.00,2.17
2015.02.24 09:57:06.643,1.84549,1.84565,1.87,2.25
2015.02.24 09:57:06.856,1.84554,1.84565,1.00,2.25
2015.02.24 09:57:06.958,1.84549,1.84565,1.12,3.00
2015.02.24 09:57:07.778,1.84549,1.84565,1.10,1.20
2015.02.24 09:57:08.081,1.84554,1.84567,1.00,2.44
2015.02.24 09:57:08.183,1.84552,1.84567,1.00,2.44
2015.02.24 09:57:10.935,1.84552,1.84567,1.12,2.62
2015.02.24 09:57:11.087,1.84547,1.84566,3.45,1.74
2015.02.24 09:57:11.138,1.84547,1.84561,2.17,1.10
2015.02.24 09:57:11.189,1.84545,1.84561,1.00,1.17
2015.02.24 09:57:11.240,1.8455,1.8456,1.00,2.25
2015.02.24 09:57:11.594,1.84546,1.84559,1.00,2.25
2015.02.24 09:57:11.696,1.84549,1.84565,1.00,2.25
2015.02.24 09:57:11.747,1.84553,1.84565,1.00,2.17
2015.02.24 09:57:12.080,1.84553,1.84569,1.37,4.35
2015.02.24 09:57:12.383,1.84552,1.84569,1.12,4.35
2015.02.24 09:57:12.434,1.84552,1.84566,1.12,2.17
2015.02.24 09:57:12.561,1.8455,1.84566,1.00,4.72
2015.02.24 09:57:12.612,1.84548,1.84566,1.69,4.72
2015.02.24 09:57:12.663,1.84548,1.84557,1.00,1.00
2015.02.24 09:57:12.764,1.84548,1.84563,1.00,3.00
2015.02.24 09:57:12.866,1.84548,1.84563,1.00,1.00
2015.02.24 09:57:12.917,1.84548,1.84554,1.00,1.00
2015.02.24 09:57:13.019,1.84548,1.84559,1.00,1.00
2015.02.24 09:57:13.275,1.84546,1.84559,1.00,1.00
2015.02.24 09:57:13.912,1.84546,1.84555,1.25,1.00
2015.02.24 09:57:14.115,1.8455,1.84565,1.00,1.00
2015.02.24 09:57:14.319,1.8455,1.84562,1.37,1.00
2015.02.24 09:57:14.421,1.84552,1.84567,1.12,4.91
2015.02.24 09:57:14.472,1.84552,1.84562,1.12,1.00
2015.02.24 09:57:14.675,1.84551,1.84567,1.00,5.29
2015.02.24 09:57:14.777,1.84551,1.84567,1.37,1.25
2015.02.24 09:57:14.879,1.84548,1.84563,5.29,1.00
2015.02.24 09:57:14.981,1.84554,1.84568,1.12,1.20
2015.02.24 09:57:15.082,1.8455,1.84566,1.09,1.00
2015.02.24 09:57:15.336,1.84552,1.8457,1.37,4.54
2015.02.24 09:57:15.848,1.84552,1.84571,1.55,3.19
2015.02.24 09:57:16.365,1.84552,1.84571,1.65,3.19
2015.02.24 09:57:20.183,1.84551,1.84567,2.44,1.00
2015.02.24 09:57:20.487,1.84552,1.84567,1.46,1.00
2015.02.24 09:57:21.260,1.84552,1.84571,2.59,3.19
2015.02.24 09:57:23.606,1.84552,1.84571,3.94,1.07
2015.02.24 09:57:23.708,1.84556,1.84572,1.37,1.20
2015.02.24 09:57:23.811,1.84556,1.84568,1.37,1.00
2015.02.24 09:57:24.014,1.84558,1.84572,2.55,1.00
2015.02.24 09:57:24.115,1.84561,1.84572,2.55,1.00
2015.02.24 09:57:24.622,1.84561,1.84573,2.62,1.00
2015.02.24 09:57:24.926,1.84561,1.84576,2.62,1.09
2015.02.24 09:57:25.115,1.84561,1.84576,3.00,1.09
2015.02.24 09:57:25.522,1.84563,1.84576,2.17,1.09
2015.02.24 09:57:25.775,1.84561,1.84576,2.62,1.09
2015.02.24 09:57:26.184,1.84559,1.84576,1.47,1.54
2015.02.24 09:57:26.235,1.84559,1.84572,1.47,1.00
2015.02.24 09:57:26.755,1.84557,1.84572,2.62,1.00
2015.02.24 09:57:27.261,1.84555,1.84572,1.95,1.17
2015.02.24 09:57:27.566,1.84555,1.84567,1.47,1.00
2015.02.24 09:57:28.732,1.84555,1.84572,1.95,1.65
2015.02.24 09:57:28.936,1.84555,1.84568,1.47,1.00
2015.02.24 09:57:29.089,1.84555,1.84572,1.95,1.65
2015.02.24 09:57:29.875,1.84555,1.84567,1.95,1.00
2015.02.24 09:57:29.976,1.84555,1.84572,1.95,1.65
2015.02.24 09:57:31.052,1.84556,1.84572,1.00,1.17
2015.02.24 09:57:31.507,1.84555,1.84571,1.87,2.17
2015.02.24 09:57:32.064,1.84557,1.84571,1.00,2.89
2015.02.24 09:57:32.285,1.84553,1.8457,1.57,1.07
2015.02.24 09:57:33.110,1.84553,1.84569,1.50,2.55
2015.02.24 09:57:33.617,1.84553,1.84566,1.00,1.12
2015.02.24 09:57:34.128,1.84553,1.84566,1.37,1.12
2015.02.24 09:57:35.095,1.84549,1.84565,2.59,1.00
2015.02.24 09:57:35.147,1.84549,1.84564,1.95,2.17
2015.02.24 09:57:35.350,1.84545,1.84561,1.27,1.00
2015.02.24 09:57:35.502,1.84552,1.84566,1.37,1.00
2015.02.24 09:57:35.554,1.84552,1.84567,1.37,1.20
2015.02.24 09:57:35.705,1.84551,1.84566,1.12,1.20
2015.02.24 09:57:36.777,1.84551,1.84566,1.00,1.57
2015.02.24 09:57:36.879,1.84551,1.84562,1.00,1.47
2015.02.24 09:57:36.930,1.84549,1.84562,1.00,1.57
2015.02.24 09:57:36.981,1.84547,1.84562,1.10,2.62
2015.02.24 09:57:37.082,1.84545,1.84557,1.50,1.00
2015.02.24 09:57:37.387,1.84543,1.84553,1.00,1.00
2015.02.24 09:57:37.489,1.8454,1.84553,1.65,1.00
2015.02.24 09:57:37.540,1.8454,1.84558,1.65,1.46
2015.02.24 09:57:37.641,1.8454,1.84552,1.65,1.00
2015.02.24 09:57:39.196,1.84541,1.84559,1.10,4.91
2015.02.24 09:57:39.399,1.8454,1.84555,1.12,1.00
2015.02.24 09:57:39.500,1.84542,1.84559,1.00,5.66
2015.02.24 09:57:39.652,1.8454,1.84552,1.12,1.00
2015.02.24 09:57:39.753,1.84542,1.84559,1.00,5.66
2015.02.24 09:57:39.855,1.8454,1.84555,1.12,1.00
2015.02.24 09:57:40.310,1.84543,1.8456,1.00,1.39
2015.02.24 09:57:40.412,1.84546,1.84562,1.00,2.81
2015.02.24 09:57:40.513,1.84541,1.84558,2.02,1.00
2015.02.24 09:57:42.601,1.84541,1.84553,1.20,1.07
2015.02.24 09:57:42.703,1.84537,1.84553,1.20,4.12
2015.02.24 09:57:42.905,1.84536,1.84551,1.50,1.47
2015.02.24 09:57:43.159,1.84529,1.84544,1.27,1.00
2015.02.24 09:57:43.675,1.84532,1.84548,1.00,3.56
2015.02.24 09:57:43.932,1.84528,1.84545,2.89,1.00
2015.02.24 09:57:44.134,1.84529,1.84545,1.16,1.00
2015.02.24 09:57:44.438,1.84539,1.84552,2.62,1.00
2015.02.24 09:57:44.489,1.84544,1.84558,1.00,1.27
2015.02.24 09:57:44.540,1.84544,1.84562,1.10,3.56
2015.02.24 09:57:44.592,1.84547,1.84562,1.00,4.31
2015.02.24 09:57:44.920,1.84544,1.84557,1.10,1.00
2015.02.24 09:57:45.027,1.84546,1.84562,1.07,1.00
2015.02.24 09:57:45.547,1.84546,1.84563,1.07,1.10
2015.02.24 09:57:46.429,1.84546,1.84563,1.07,1.39
2015.02.24 09:57:46.632,1.84546,1.84563,1.07,2.14
2015.02.24 09:57:46.950,1.8455,1.84564,1.00,1.64
2015.02.24 09:57:47.001,1.84546,1.84563,1.07,1.39
2015.02.24 09:57:47.861,1.84546,1.84563,1.00,1.76
2015.02.24 09:57:48.013,1.84544,1.84559,1.20,1.00
2015.02.24 09:57:48.064,1.84544,1.84559,5.10,1.00
2015.02.24 09:57:48.223,1.84544,1.84561,1.20,1.00
2015.02.24 09:57:48.426,1.84546,1.84563,1.00,1.46
2015.02.24 09:57:48.730,1.84546,1.84563,1.00,1.71
2015.02.24 09:57:49.374,1.84546,1.84563,1.00,1.71
2015.02.24 09:57:49.886,1.84546,1.84563,1.00,1.15
2015.02.24 09:57:50.396,1.84546,1.84563,1.17,1.37
2015.02.24 09:57:50.447,1.84546,1.84563,1.17,1.12
2015.02.24 09:57:50.649,1.84544,1.8456,1.84,1.00
2015.02.24 09:57:50.953,1.84548,1.84565,1.00,5.66
2015.02.24 09:57:51.663,1.84548,1.84565,1.00,5.66
2015.02.24 09:57:51.714,1.84545,1.84561,1.05,1.00
2015.02.24 09:57:51.816,1.84545,1.84564,1.80,1.71
2015.02.24 09:57:52.774,1.84545,1.84564,1.80,1.52
2015.02.24 09:57:54.465,1.84545,1.84564,1.65,1.71
2015.02.24 09:57:55.488,1.84545,1.84564,1.84,1.71
2015.02.24 09:57:55.642,1.84545,1.84561,1.76,2.17
2015.02.24 09:57:55.845,1.84545,1.84564,1.09,3.56
2015.02.24 09:57:56.162,1.84548,1.84564,1.00,2.81
2015.02.24 09:57:56.364,1.84544,1.84561,3.56,1.00
2015.02.24 09:57:56.466,1.84549,1.84564,1.00,2.44
2015.02.24 09:57:56.901,1.84544,1.84561,3.37,1.00
2015.02.24 09:57:57.406,1.84547,1.84564,1.00,2.44
2015.02.24 09:57:58.066,1.84545,1.84564,1.26,1.70
2015.02.24 09:57:58.541,1.8455,1.84567,1.00,5.89
2015.02.24 09:57:58.643,1.84546,1.84565,1.17,1.57
2015.02.24 09:57:59.162,1.84548,1.84565,1.00,1.57
2015.02.24 09:57:59.263,1.84548,1.84565,1.00,1.47
2015.02.24 09:57:59.770,1.84545,1.84562,2.25,1.12
2015.02.24 09:58:00.307,1.84545,1.84562,2.25,1.37
2015.02.24 09:58:00.961,1.84544,1.84562,2.44,1.20
2015.02.24 09:58:01.063,1.84543,1.84561,1.39,2.25
2015.02.24 09:58:01.366,1.84547,1.84561,1.00,2.25
2015.02.24 09:58:01.518,1.84544,1.84561,1.19,3.07
2015.02.24 09:58:01.822,1.84541,1.84558,4.12,1.25
2015.02.24 09:58:01.873,1.84541,1.84558,1.57,1.70
2015.02.24 09:58:02.194,1.84538,1.84553,1.00,1.15
2015.02.24 09:58:02.600,1.84538,1.84557,1.07,1.84
2015.02.24 09:58:02.854,1.84537,1.8455,2.25,1.00
2015.02.24 09:58:03.057,1.84539,1.84557,1.10,1.32
2015.02.24 09:58:03.360,1.8454,1.84553,1.00,2.25
2015.02.24 09:58:03.512,1.84535,1.8455,1.20,1.00
2015.02.24 09:58:03.614,1.84535,1.84548,1.10,1.00
2015.02.24 09:58:03.833,1.84535,1.8455,1.10,1.00
2015.02.24 09:58:03.934,1.84539,1.84553,1.00,2.25
2015.02.24 09:58:04.036,1.84535,1.84553,1.10,2.25
2015.02.24 09:58:04.138,1.84534,1.84548,1.07,1.00
2015.02.24 09:58:04.254,1.84537,1.84553,1.00,2.62
2015.02.24 09:58:04.609,1.84533,1.8455,4.12,1.00
2015.02.24 09:58:05.014,1.84538,1.84555,1.00,2.02
2015.02.24 09:58:05.116,1.84534,1.84547,4.91,1.00
2015.02.24 09:58:05.420,1.84539,1.84551,2.25,1.00
2015.02.24 09:58:05.774,1.8454,1.84555,2.25,1.00
2015.02.24 09:58:05.825,1.8454,1.84553,2.25,1.00
2015.02.24 09:58:06.331,1.8454,1.8455,2.25,1.00
2015.02.24 09:58:06.584,1.8454,1.84553,2.25,1.00
2015.02.24 09:58:07.102,1.8454,1.84555,2.25,1.00
2015.02.24 09:58:07.608,1.84543,1.84554,2.25,1.00
2015.02.24 09:58:08.125,1.84543,1.84556,2.25,1.00
2015.02.24 09:58:08.428,1.84543,1.8456,3.00,1.10
2015.02.24 09:58:09.514,1.84543,1.8456,1.20,1.00
2015.02.24 09:58:09.919,1.84544,1.84561,2.62,1.12
2015.02.24 09:58:10.282,1.84546,1.8456,2.62,1.00
2015.02.24 09:58:10.536,1.84549,1.84567,1.17,1.84
2015.02.24 09:58:11.043,1.84549,1.84567,1.17,2.21
2015.02.24 09:58:11.217,1.84546,1.84563,1.55,1.12
2015.02.24 09:58:11.321,1.84551,1.84567,1.00,3.94
2015.02.24 09:58:11.745,1.84548,1.84565,1.17,1.20
2015.02.24 09:58:11.948,1.84551,1.84567,1.00,2.02
2015.02.24 09:58:12.311,1.84551,1.84565,1.00,1.75
2015.02.24 09:58:12.919,1.84551,1.84562,1.00,2.70
2015.02.24 09:58:12.971,1.84543,1.84562,1.01,4.57
2015.02.24 09:58:13.022,1.84543,1.84559,1.00,2.25
2015.02.24 09:58:13.548,1.84544,1.84559,1.00,2.32
2015.02.24 09:58:13.806,1.84544,1.8456,1.00,1.46
2015.02.24 09:58:14.317,1.84544,1.84562,1.10,2.06
2015.02.24 09:58:14.621,1.84545,1.84564,1.25,1.27
2015.02.24 09:58:14.722,1.84546,1.84564,2.81,1.10
2015.02.24 09:58:15.032,1.84549,1.84568,5.10,2.70
2015.02.24 09:58:15.235,1.84547,1.84565,2.62,1.00
2015.02.24 09:58:15.898,1.84546,1.84565,1.32,3.00
2015.02.24 09:58:16.202,1.84546,1.84561,1.00,1.10
2015.02.24 09:58:16.517,1.84546,1.84558,1.00,1.00
2015.02.24 09:58:17.025,1.84545,1.84557,1.10,1.00
2015.02.24 09:58:17.336,1.84548,1.84557,1.00,1.00
2015.02.24 09:58:17.998,1.84548,1.84561,1.00,1.10
2015.02.24 09:58:20.886,1.84543,1.84559,2.62,1.00
2015.02.24 09:58:21.395,1.84544,1.84559,1.20,1.00
2015.02.24 09:58:22.661,1.84544,1.84557,1.20,1.00
2015.02.24 09:58:22.868,1.84544,1.84559,1.20,1.00
2015.02.24 09:58:23.529,1.84544,1.84558,5.47,1.50
2015.02.24 09:58:23.784,1.84539,1.84553,1.65,1.12
2015.02.24 09:58:23.835,1.8454,1.84555,2.40,1.37
2015.02.24 09:58:23.886,1.8454,1.84555,3.00,1.00
2015.02.24 09:58:23.937,1.84543,1.84558,2.25,1.00
2015.02.24 09:58:24.089,1.84547,1.84564,4.42,1.00
2015.02.24 09:58:24.191,1.84549,1.84566,1.20,1.00
2015.02.24 09:58:24.242,1.84549,1.84566,3.00,1.00
2015.02.24 09:58:24.566,1.84552,1.84569,3.00,1.31
2015.02.24 09:58:24.720,1.84552,1.84569,1.00,2.59
2015.02.24 09:58:25.633,1.84552,1.84567,1.00,2.62
2015.02.24 09:58:32.354,1.84552,1.84567,1.00,3.00
2015.02.24 09:58:32.657,1.84544,1.84563,1.17,3.75
2015.02.24 09:58:34.079,1.84543,1.8456,2.25,1.00
2015.02.24 09:58:35.363,1.84547,1.84563,1.00,3.00
2015.02.24 09:58:36.286,1.84544,1.84561,1.17,1.10
2015.02.24 09:58:36.829,1.84547,1.84562,1.00,1.17
2015.02.24 09:58:37.032,1.84543,1.84562,3.00,1.65
2015.02.24 09:58:38.259,1.84543,1.84558,2.25,1.00
2015.02.24 09:58:38.379,1.84544,1.84561,1.17,1.20
2015.02.24 09:58:38.481,1.84547,1.84563,1.00,2.62
2015.02.24 09:58:38.684,1.84544,1.84561,1.17,1.39
2015.02.24 09:58:39.235,1.84543,1.84557,2.25,1.00
2015.02.24 09:58:39.387,1.84544,1.84561,1.17,1.01
2015.02.24 09:58:40.352,1.84549,1.84563,1.00,2.62
2015.02.24 09:58:41.268,1.84549,1.84565,1.00,2.81
2015.02.24 09:58:41.420,1.84552,1.84566,1.00,1.39
2015.02.24 09:58:41.471,1.84552,1.84567,1.00,1.84
2015.02.24 09:58:41.572,1.84548,1.84567,1.00,2.59
2015.02.24 09:58:41.900,1.84545,1.84564,1.65,1.10
2015.02.24 09:58:42.003,1.84548,1.84565,1.00,1.84
2015.02.24 09:58:42.109,1.84546,1.84563,1.05,1.12
2015.02.24 09:58:42.313,1.84546,1.84563,1.10,2.32
2015.02.24 09:58:42.415,1.84546,1.84563,1.00,2.02
2015.02.24 09:58:42.769,1.84551,1.84562,1.00,1.00
2015.02.24 09:58:42.871,1.84543,1.84558,2.25,1.00
2015.02.24 09:58:42.972,1.84543,1.8456,3.00,1.00
2015.02.24 09:58:43.294,1.84542,1.84561,1.07,1.07
2015.02.24 09:58:43.496,1.84543,1.84559,1.00,2.17
2015.02.24 09:58:44.015,1.84544,1.84559,1.00,2.25
2015.02.24 09:58:44.167,1.84541,1.84558,1.10,1.17
2015.02.24 09:58:44.777,1.84543,1.84559,1.00,2.44
2015.02.24 09:58:44.828,1.8454,1.84557,1.17,1.10
2015.02.24 09:58:44.933,1.84539,1.84553,2.25,1.00
2015.02.24 09:58:45.043,1.8454,1.84559,1.17,3.19
2015.02.24 09:58:45.514,1.84544,1.84559,1.00,2.44
2015.02.24 09:58:45.618,1.84541,1.84558,1.10,1.17
2015.02.24 09:58:45.719,1.84543,1.84559,1.00,2.62
2015.02.24 09:58:46.026,1.8454,1.84556,1.00,2.25
2015.02.24 09:58:46.078,1.84537,1.84556,1.17,3.00
2015.02.24 09:58:46.129,1.84537,1.84554,1.10,2.17
2015.02.24 09:58:46.435,1.84534,1.84545,3.19,1.00
2015.02.24 09:58:46.850,1.84534,1.84554,2.25,2.25
2015.02.24 09:58:46.952,1.84547,1.84554,1.00,2.25
2015.02.24 09:58:47.054,1.84534,1.84545,2.25,1.00
2015.02.24 09:58:47.155,1.84534,1.84554,2.25,2.25
2015.02.24 09:58:47.259,1.84543,1.84554,1.00,2.25
2015.02.24 09:58:47.361,1.84534,1.84554,2.25,2.25
2015.02.24 09:58:47.463,1.84538,1.84554,1.00,2.25
2015.02.24 09:58:48.603,1.84534,1.84547,2.25,1.00
2015.02.24 09:58:48.704,1.84534,1.84551,1.27,1.00
2015.02.24 09:58:48.806,1.84533,1.84555,2.02,2.62
2015.02.24 09:58:48.907,1.84538,1.84555,1.10,1.84
2015.02.24 09:58:49.160,1.84534,1.84553,5.10,1.07
2015.02.24 09:58:49.363,1.84541,1.84554,1.00,2.25
2015.02.24 09:58:49.668,1.84539,1.84557,1.10,3.26
2015.02.24 09:58:50.024,1.84536,1.84552,1.17,1.00
2015.02.24 09:58:50.495,1.84537,1.84551,1.00,2.17
2015.02.24 09:58:50.889,1.84534,1.84551,1.00,2.25
2015.02.24 09:58:50.991,1.84537,1.84551,1.00,2.25
2015.02.24 09:58:51.299,1.84534,1.84546,1.00,1.00
2015.02.24 09:58:51.350,1.84538,1.84553,1.00,4.54
2015.02.24 09:58:51.912,1.84534,1.84551,1.17,1.00
2015.02.24 09:58:52.120,1.84537,1.84554,1.00,3.26
2015.02.24 09:58:52.424,1.84535,1.84554,1.10,3.26
2015.02.24 09:58:52.525,1.84538,1.84554,1.00,2.51
2015.02.24 09:58:52.779,1.84533,1.84553,4.35,1.27
2015.02.24 09:58:52.829,1.84535,1.84553,2.25,1.27
2015.02.24 09:58:53.234,1.84538,1.84555,1.00,1.20
2015.02.24 09:58:53.336,1.84541,1.84557,1.00,1.65
2015.02.24 09:58:53.437,1.84538,1.84555,1.00,1.00
2015.02.24 09:58:53.741,1.84545,1.84557,1.00,1.65
2015.02.24 09:58:53.995,1.84533,1.84547,1.00,2.17
2015.02.24 09:58:54.046,1.84531,1.8455,1.17,3.00
2015.02.24 09:58:54.097,1.84532,1.8455,1.55,2.17
2015.02.24 09:58:54.147,1.84532,1.84552,1.52,1.17
2015.02.24 09:58:54.406,1.84532,1.8454,1.00,1.00
2015.02.24 09:58:54.507,1.8453,1.84549,1.27,3.00
2015.02.24 09:58:54.660,1.84529,1.84547,2.25,1.20
2015.02.24 09:58:54.712,1.84527,1.84547,1.15,1.27
2015.02.24 09:58:54.763,1.84527,1.84547,1.65,1.25
2015.02.24 09:58:54.814,1.84527,1.84545,1.57,2.25
2015.02.24 09:58:55.169,1.84536,1.84545,1.00,2.25
2015.02.24 09:58:55.321,1.84532,1.84545,1.00,2.25
2015.02.24 09:58:55.523,1.84525,1.84542,4.31,1.00
2015.02.24 09:58:55.676,1.84526,1.84542,1.57,1.00
2015.02.24 09:58:55.828,1.84532,1.84548,1.00,2.25
2015.02.24 09:58:55.980,1.84527,1.84548,1.57,2.25
2015.02.24 09:58:56.249,1.84538,1.84549,1.00,2.25
2015.02.24 09:58:56.300,1.84529,1.84541,2.32,1.00
2015.02.24 09:58:56.401,1.84532,1.84549,1.00,3.00
2015.02.24 09:58:56.816,1.84538,1.84551,1.00,2.25
2015.02.24 09:58:56.968,1.84533,1.8455,1.00,1.17
2015.02.24 09:58:57.170,1.84535,1.84552,1.00,2.25
2015.02.24 09:58:57.626,1.84538,1.84552,1.00,2.25
2015.02.24 09:58:58.183,1.84533,1.84549,1.17,1.00
2015.02.24 09:58:58.385,1.84536,1.84552,1.00,2.25
2015.02.24 09:58:58.840,1.84532,1.84551,3.37,1.17
2015.02.24 09:58:59.359,1.84535,1.84552,1.00,2.25
2015.02.24 09:59:00.427,1.84535,1.84553,1.10,2.44
2015.02.24 09:59:00.532,1.84535,1.84554,1.10,1.36
2015.02.24 09:59:02.100,1.84535,1.84552,1.10,1.00
2015.02.24 09:59:02.353,1.8454,1.84555,1.00,2.62
2015.02.24 09:59:02.556,1.84535,1.84554,1.10,1.17
2015.02.24 09:59:02.859,1.84535,1.84553,1.12,2.17
2015.02.24 09:59:03.238,1.84539,1.84554,1.00,2.25
2015.02.24 09:59:03.594,1.84538,1.84554,5.17,1.00
2015.02.24 09:59:03.646,1.84542,1.84559,1.12,1.27
2015.02.24 09:59:04.152,1.84543,1.8456,1.00,5.47
2015.02.24 09:59:04.406,1.8454,1.84557,1.84,1.00
2015.02.24 09:59:04.760,1.84543,1.84562,1.95,1.65
2015.02.24 09:59:05.267,1.84543,1.84562,1.17,3.37
2015.02.24 09:59:05.571,1.84544,1.84559,2.17,1.00
2015.02.24 09:59:05.623,1.84544,1.84561,2.25,1.10
2015.02.24 09:59:05.978,1.84545,1.84556,4.35,1.00
2015.02.24 09:59:06.079,1.84545,1.84558,4.35,1.00
2015.02.24 09:59:06.635,1.84546,1.84563,1.15,1.00
2015.02.24 09:59:06.737,1.84545,1.84558,4.35,1.00
2015.02.24 09:59:06.838,1.84545,1.84562,5.10,1.00
2015.02.24 09:59:06.940,1.84549,1.84566,1.00,2.59
2015.02.24 09:59:07.244,1.84544,1.84557,2.62,1.00
2015.02.24 09:59:07.294,1.84546,1.84564,1.10,2.25
2015.02.24 09:59:07.345,1.84546,1.84565,3.00,1.00
2015.02.24 09:59:07.497,1.84546,1.84556,2.25,1.00
2015.02.24 09:59:07.750,1.84546,1.84562,2.25,1.00
2015.02.24 09:59:08.238,1.84548,1.84562,2.25,1.00
2015.02.24 09:59:09.837,1.84546,1.84562,2.62,1.00
2015.02.24 09:59:10.610,1.84546,1.84562,2.62,1.00
2015.02.24 09:59:11.472,1.84551,1.84568,1.00,5.14
2015.02.24 09:59:11.573,1.84546,1.84565,3.37,1.00
2015.02.24 09:59:11.674,1.84551,1.84568,1.00,5.14
2015.02.24 09:59:11.980,1.84546,1.84563,2.62,1.00
2015.02.24 09:59:12.540,1.84546,1.84563,2.25,1.00
2015.02.24 09:59:13.102,1.84546,1.84558,2.25,1.00
2015.02.24 09:59:13.256,1.84544,1.84558,5.10,1.00
2015.02.24 09:59:13.360,1.84544,1.84561,5.10,1.00
2015.02.24 09:59:13.461,1.84542,1.84561,5.47,1.00
2015.02.24 09:59:13.562,1.84541,1.84556,4.72,1.00
2015.02.24 09:59:13.664,1.84541,1.84558,4.72,1.00
2015.02.24 09:59:14.169,1.84542,1.84561,1.00,5.47
2015.02.24 09:59:14.458,1.84539,1.84557,4.72,1.00
2015.02.24 09:59:14.963,1.8454,1.84557,2.25,1.50
2015.02.24 09:59:15.670,1.84538,1.84557,3.37,1.17
2015.02.24 09:59:18.671,1.84538,1.84557,5.47,1.00
2015.02.24 09:59:18.924,1.84538,1.84553,2.62,1.00
2015.02.24 09:59:19.381,1.84539,1.84556,3.37,1.00
2015.02.24 09:59:19.584,1.84539,1.84556,1.10,1.17
2015.02.24 09:59:19.635,1.84539,1.84556,3.00,1.07
2015.02.24 09:59:19.938,1.8454,1.84552,2.25,1.00
2015.02.24 09:59:20.241,1.84543,1.84552,2.25,1.00
2015.02.24 09:59:20.393,1.84541,1.84552,2.25,1.00
2015.02.24 09:59:20.595,1.84541,1.84556,2.25,1.00
2015.02.24 09:59:21.138,1.8454,1.84556,2.62,1.00
2015.02.24 09:59:30.038,1.84541,1.84556,2.25,1.00
2015.02.24 09:59:30.557,1.8454,1.84556,3.00,1.00
2015.02.24 09:59:31.064,1.8454,1.84556,1.10,1.10
2015.02.24 09:59:31.721,1.84539,1.84552,1.20,1.00
2015.02.24 09:59:32.284,1.84542,1.84556,2.17,1.00
2015.02.24 09:59:32.588,1.8454,1.84553,1.27,1.00
2015.02.24 09:59:32.691,1.84542,1.84557,2.17,1.00
2015.02.24 09:59:32.894,1.84544,1.84555,1.00,2.17
2015.02.24 09:59:33.147,1.84538,1.84552,1.20,2.25
2015.02.24 09:59:33.299,1.84538,1.84545,1.10,2.17
2015.02.24 09:59:33.451,1.8453,1.84543,1.50,2.25
2015.02.24 09:59:33.603,1.84528,1.84543,1.00,2.25
2015.02.24 09:59:33.705,1.84528,1.84541,1.00,2.17
2015.02.24 09:59:33.857,1.84526,1.84541,1.00,4.35
2015.02.24 09:59:33.908,1.84526,1.84535,1.00,2.17
2015.02.24 09:59:34.009,1.84518,1.84536,1.12,3.00
2015.02.24 09:59:34.111,1.84521,1.84537,1.00,4.35
2015.02.24 09:59:34.416,1.84518,1.84532,2.92,1.00
2015.02.24 09:59:34.468,1.8452,1.84537,1.10,1.07
2015.02.24 09:59:34.670,1.84518,1.84533,3.00,1.00
2015.02.24 09:59:34.771,1.84522,1.84538,1.00,2.25
2015.02.24 09:59:35.027,1.84518,1.84533,3.00,1.00
2015.02.24 09:59:35.432,1.84521,1.84538,1.00,2.32
2015.02.24 09:59:35.656,1.84518,1.84533,3.00,1.00
2015.02.24 09:59:35.758,1.8452,1.84537,1.10,1.07
2015.02.24 09:59:37.184,1.84519,1.84536,1.45,1.10
2015.02.24 09:59:37.437,1.84525,1.8454,1.00,2.32
2015.02.24 09:59:37.488,1.84525,1.84543,1.20,3.37
2015.02.24 09:59:37.539,1.84523,1.84534,2.62,1.00
2015.02.24 09:59:37.843,1.84532,1.84548,1.00,1.42
2015.02.24 09:59:37.894,1.84532,1.84548,1.00,1.92
2015.02.24 09:59:38.097,1.84532,1.84549,1.12,3.45
2015.02.24 09:59:38.518,1.8453,1.84543,2.62,1.00
2015.02.24 09:59:38.874,1.84534,1.84548,1.00,1.10
2015.02.24 09:59:40.428,1.84534,1.84551,1.10,1.17
2015.02.24 09:59:40.630,1.84534,1.84547,1.10,1.00
2015.02.24 09:59:40.936,1.84538,1.84548,1.00,1.00
2015.02.24 09:59:41.190,1.84533,1.84548,2.17,1.00
2015.02.24 09:59:41.241,1.84531,1.84548,1.07,1.10
2015.02.24 09:59:41.752,1.84531,1.84549,1.10,2.25
2015.02.24 09:59:41.955,1.84527,1.84547,2.02,1.17
2015.02.24 09:59:42.056,1.84532,1.84548,1.00,2.25
2015.02.24 09:59:42.360,1.84536,1.84545,2.25,1.00
2015.02.24 09:59:42.470,1.84536,1.84548,2.17,1.00
2015.02.24 09:59:42.521,1.84534,1.84548,2.25,1.00
2015.02.24 09:59:42.573,1.84536,1.84548,2.25,1.00
2015.02.24 09:59:43.029,1.84538,1.84557,1.20,2.40
2015.02.24 09:59:43.130,1.84536,1.84553,5.10,1.00
2015.02.24 09:59:43.383,1.84538,1.84555,1.20,1.10
2015.02.24 09:59:43.587,1.84536,1.84551,2.17,1.00
2015.02.24 09:59:43.638,1.84533,1.84551,3.00,1.10
2015.02.24 09:59:43.791,1.84533,1.84549,3.00,1.00
2015.02.24 09:59:44.248,1.84535,1.84553,1.10,2.25
2015.02.24 09:59:44.773,1.84538,1.84553,1.00,2.25
2015.02.24 09:59:44.882,1.84534,1.84551,1.07,1.10
2015.02.24 09:59:45.244,1.84538,1.84549,1.00,2.17
2015.02.24 09:59:45.449,1.84528,1.84547,2.40,2.17
2015.02.24 09:59:45.970,1.84529,1.84546,1.10,1.17
2015.02.24 09:59:46.489,1.8453,1.84547,1.00,3.00
2015.02.24 09:59:47.102,1.84527,1.84547,3.00,3.00
2015.02.24 09:59:47.761,1.84526,1.84544,2.25,2.17
2015.02.24 09:59:47.812,1.84526,1.84544,1.10,2.25
2015.02.24 09:59:47.965,1.84527,1.84545,2.17,2.17
2015.02.24 09:59:48.015,1.84527,1.84547,2.25,1.10
2015.02.24 09:59:48.447,1.84527,1.84542,2.25,1.00
2015.02.24 09:59:48.751,1.84533,1.84542,5.10,1.00
2015.02.24 09:59:48.802,1.84533,1.8455,5.10,1.00
2015.02.24 09:59:49.106,1.84535,1.84554,1.17,1.20
2015.02.24 09:59:49.158,1.84537,1.84554,2.17,1.10
2015.02.24 09:59:49.411,1.84537,1.84554,1.10,1.27
2015.02.24 09:59:49.463,1.84537,1.84554,2.92,1.20
2015.02.24 09:59:49.776,1.8454,1.84554,2.25,1.10
2015.02.24 09:59:50.183,1.84537,1.84551,2.25,1.00
2015.02.24 09:59:50.285,1.84537,1.84553,3.00,1.00
2015.02.24 09:59:50.387,1.84539,1.84553,2.25,1.00
2015.02.24 09:59:50.691,1.84541,1.84557,3.00,1.87
2015.02.24 09:59:50.792,1.84541,1.84557,3.00,1.20
2015.02.24 09:59:50.844,1.84541,1.84557,3.00,1.57
2015.02.24 09:59:51.004,1.84541,1.84558,3.00,1.20
2015.02.24 09:59:51.308,1.84543,1.84558,4.35,1.50
2015.02.24 09:59:51.409,1.84543,1.84561,4.35,1.20
2015.02.24 09:59:51.511,1.84543,1.84557,4.35,1.00
2015.02.24 09:59:51.636,1.84543,1.84561,4.35,1.20
2015.02.24 09:59:51.738,1.84543,1.84557,4.35,1.00
2015.02.24 09:59:52.244,1.84543,1.84558,4.35,1.00
2015.02.24 09:59:52.511,1.84543,1.84561,4.35,1.00
2015.02.24 09:59:52.614,1.84543,1.84557,4.35,1.00
2015.02.24 09:59:52.925,1.84547,1.84562,2.25,1.50
2015.02.24 09:59:53.182,1.84547,1.84557,2.25,1.00
2015.02.24 09:59:53.390,1.84543,1.84557,3.00,1.00
2015.02.24 09:59:53.593,1.84549,1.84557,2.25,1.00
2015.02.24 09:59:53.644,1.84549,1.84562,2.25,1.00
2015.02.24 09:59:53.746,1.8455,1.84568,2.25,2.25
2015.02.24 09:59:53.797,1.84552,1.84568,2.25,2.25
2015.02.24 09:59:53.848,1.84552,1.84568,2.25,1.50
2015.02.24 09:59:54.001,1.8455,1.84568,2.25,1.57
2015.02.24 09:59:54.274,1.8455,1.84565,2.25,1.00
2015.02.24 09:59:54.325,1.84546,1.84565,3.00,1.17
2015.02.24 09:59:54.854,1.84546,1.84563,3.00,1.00
2015.02.24 09:59:55.157,1.84546,1.84557,1.00,1.00
2015.02.24 09:59:55.583,1.84546,1.84562,1.00,1.00
2015.02.24 09:59:55.684,1.8455,1.84562,1.00,1.00
2015.02.24 09:59:55.786,1.84546,1.84562,1.00,1.00
2015.02.24 09:59:55.837,1.84546,1.84558,1.00,1.00
2015.02.24 09:59:55.939,1.84546,1.84562,1.00,1.00
2015.02.24 09:59:56.041,1.84544,1.84561,1.10,1.00
2015.02.24 09:59:56.607,1.84548,1.84561,1.00,1.00
2015.02.24 09:59:56.658,1.84548,1.84564,1.00,1.50
2015.02.24 09:59:56.810,1.84548,1.84561,1.00,1.00
2015.02.24 09:59:57.274,1.84544,1.84561,1.00,1.00
2015.02.24 09:59:57.376,1.84548,1.84561,1.00,1.00
2015.02.24 09:59:57.680,1.84544,1.84561,1.00,1.00
2015.02.24 09:59:58.137,1.84548,1.84561,1.00,1.00
2015.02.24 09:59:58.448,1.84553,1.84561,1.00,1.00
2015.02.24 09:59:58.904,1.84544,1.84561,1.00,1.00
2015.02.24 09:59:59.359,1.84546,1.84561,1.00,1.00
2015.02.24 09:59:59.511,1.84552,1.84569,1.00,1.00
2015.02.24 09:59:59.562,1.84552,1.84567,1.00,1.00
