2017.11.20 04:00:00.158,1.47861,1.47877,1.87,1.62
2017.11.20 04:00:00.695,1.4786,1.47877,1.12,4.88
2017.11.20 04:00:01.998,1.4786,1.47876,1.31,1.62
2017.11.20 04:00:02.785,1.47863,1.47879,1.12,1.56
2017.11.20 04:00:02.837,1.47865,1.4788,1.00,1.13
2017.11.20 04:00:03.348,1.47863,1.47876,1.37,1.00
2017.11.20 04:00:03.776,1.47863,1.47878,1.44,2.44
2017.11.20 04:00:04.155,1.47863,1.47876,1.19,1.00
2017.11.20 04:00:04.692,1.47863,1.47879,1.44,1.69
2017.11.20 04:00:05.611,1.47863,1.47879,1.50,1.69
2017.11.20 04:00:06.064,1.47863,1.47878,1.19,3.37
2017.11.20 04:00:09.970,1.47863,1.47876,1.19,1.31
2017.11.20 04:00:10.896,1.47863,1.47875,1.19,1.00
2017.11.20 04:00:12.499,1.4786,1.47875,1.50,1.00
2017.11.20 04:00:17.421,1.4786,1.47876,1.50,1.50
2017.11.20 04:00:20.187,1.47862,1.47876,1.50,1.69
2017.11.20 04:00:20.707,1.47862,1.47876,1.50,1.50
2017.11.20 04:00:21.208,1.47862,1.47876,1.50,1.50
2017.11.20 04:00:22.953,1.47862,1.47876,2.62,2.25
2017.11.20 04:00:23.415,1.47863,1.47877,2.25,1.12
2017.11.20 04:00:23.467,1.47866,1.47881,1.50,3.94
2017.11.20 04:00:23.519,1.47867,1.47882,1.00,1.56
2017.11.20 04:00:23.570,1.47867,1.47881,2.44,1.00
2017.11.20 04:00:23.622,1.4787,1.47884,1.12,2.44
2017.11.20 04:00:23.725,1.47871,1.47886,1.50,2.44
2017.11.20 04:00:23.827,1.47873,1.47889,1.00,5.37
2017.11.20 04:00:23.974,1.47871,1.47887,1.75,2.25
2017.11.20 04:00:24.180,1.47871,1.47887,1.69,4.25
2017.11.20 04:00:25.263,1.47871,1.47887,1.19,2.62
2017.11.20 04:00:25.576,1.47871,1.47886,1.31,2.62
2017.11.20 04:00:26.797,1.4787,1.47884,1.12,1.31
2017.11.20 04:00:27.104,1.4787,1.47881,1.00,1.19
2017.11.20 04:00:29.275,1.4787,1.47884,1.00,3.37
2017.11.20 04:00:29.784,1.4787,1.47882,1.00,1.19
2017.11.20 04:00:30.328,1.4787,1.47884,1.00,2.06
2017.11.20 04:00:30.792,1.47867,1.47882,1.00,2.44
2017.11.20 04:00:31.329,1.47867,1.4788,1.00,1.19
2017.11.20 04:00:31.586,1.47869,1.47882,1.00,1.56
2017.11.20 04:00:33.071,1.47868,1.47882,1.25,1.56
2017.11.20 04:00:38.447,1.47867,1.47882,2.44,1.50
2017.11.20 04:00:47.091,1.4787,1.47885,1.12,3.37
2017.11.20 04:00:47.143,1.4787,1.47882,1.12,1.19
2017.11.20 04:01:00.452,1.4787,1.4788,1.12,1.00
2017.11.20 04:01:04.488,1.47867,1.47876,1.00,1.00
2017.11.20 04:01:04.591,1.47865,1.47875,1.50,1.00
2017.11.20 04:01:05.120,1.47865,1.47874,1.00,1.00
2017.11.20 04:01:07.400,1.47862,1.47872,1.00,1.25
2017.11.20 04:01:07.503,1.47861,1.4787,1.00,1.00
2017.11.20 04:01:07.710,1.47861,1.47873,1.12,1.25
2017.11.20 04:01:08.241,1.47861,1.47872,1.12,1.00
2017.11.20 04:01:08.772,1.47861,1.47873,1.12,1.25
2017.11.20 04:01:09.888,1.47864,1.47878,1.00,2.62
2017.11.20 04:01:10.401,1.47865,1.47876,1.12,1.31
2017.11.20 04:01:10.810,1.47865,1.47874,1.12,1.00
2017.11.20 04:01:14.354,1.47863,1.47874,1.12,1.25
2017.11.20 04:01:17.110,1.47863,1.47873,1.12,1.00
2017.11.20 04:01:19.651,1.47865,1.47876,1.00,1.25
2017.11.20 04:01:20.011,1.47863,1.47874,1.50,1.00
2017.11.20 04:01:20.610,1.47863,1.47874,1.50,1.00
2017.11.20 04:01:20.815,1.47863,1.47876,1.50,1.25
2017.11.20 04:01:21.529,1.47863,1.47874,1.50,1.00
2017.11.20 04:01:21.757,1.47863,1.47877,1.50,1.31
2017.11.20 04:01:22.267,1.47864,1.47875,1.00,1.25
2017.11.20 04:01:23.913,1.47866,1.47874,1.00,1.00
2017.11.20 04:01:26.724,1.47866,1.47875,1.00,1.25
2017.11.20 04:01:27.285,1.47866,1.47874,1.00,1.00
2017.11.20 04:01:27.387,1.47863,1.47873,1.00,1.00
2017.11.20 04:01:27.906,1.47863,1.47874,1.00,1.00
2017.11.20 04:01:30.228,1.47862,1.47872,1.00,1.00
2017.11.20 04:01:31.698,1.4786,1.47871,1.50,1.00
2017.11.20 04:01:34.689,1.4786,1.47872,1.50,1.31
2017.11.20 04:01:54.299,1.4786,1.47873,2.44,1.25
2017.11.20 04:02:00.601,1.47863,1.47874,1.00,1.19
2017.11.20 04:02:01.112,1.47863,1.47874,1.00,1.00
2017.11.20 04:02:26.705,1.47863,1.47874,1.00,1.19
2017.11.20 04:02:27.254,1.47863,1.47874,1.00,1.25
2017.11.20 04:02:28.575,1.47863,1.47874,1.00,1.19
2017.11.20 04:02:28.780,1.47861,1.47872,1.00,1.25
2017.11.20 04:02:29.696,1.47861,1.47871,1.12,1.00
2017.11.20 04:02:30.236,1.47861,1.47872,1.12,1.25
2017.11.20 04:02:31.312,1.47861,1.47871,1.12,1.00
2017.11.20 04:02:32.700,1.47861,1.47872,1.12,1.00
2017.11.20 04:02:35.797,1.47861,1.4787,1.00,1.25
2017.11.20 04:02:36.743,1.47861,1.47869,1.00,1.00
2017.11.20 04:02:36.998,1.47857,1.47868,1.69,1.00
2017.11.20 04:02:40.782,1.47853,1.47863,1.31,1.25
2017.11.20 04:02:41.335,1.47853,1.47865,1.00,1.19
2017.11.20 04:02:42.311,1.47853,1.47864,1.00,1.19
2017.11.20 04:02:42.826,1.47852,1.47864,1.25,1.19
2017.11.20 04:02:43.921,1.47852,1.47866,1.25,2.62
2017.11.20 04:02:44.847,1.47852,1.47862,1.00,1.00
2017.11.20 04:02:46.497,1.47852,1.47861,1.00,1.00
2017.11.20 04:02:46.549,1.4785,1.47861,1.00,1.12
2017.11.20 04:02:46.755,1.4785,1.47859,1.00,1.00
2017.11.20 04:02:52.322,1.47848,1.47859,1.00,1.00
2017.11.20 04:02:53.352,1.47848,1.47861,1.00,1.31
2017.11.20 04:02:53.903,1.47848,1.47859,1.00,1.00
2017.11.20 04:02:55.244,1.47848,1.47858,1.00,1.31
2017.11.20 04:02:55.360,1.47845,1.47853,1.00,1.00
2017.11.20 04:02:55.413,1.47843,1.47852,1.00,1.00
2017.11.20 04:02:55.567,1.4784,1.47853,1.50,1.00
2017.11.20 04:02:55.618,1.4784,1.47851,1.00,1.00
2017.11.20 04:02:56.145,1.47837,1.4785,1.69,1.00
2017.11.20 04:02:56.664,1.47837,1.4785,1.50,1.00
2017.11.20 04:02:57.173,1.47837,1.47851,1.69,1.00
2017.11.20 04:02:58.264,1.47839,1.47854,1.12,1.25
2017.11.20 04:02:58.572,1.47844,1.47857,1.19,1.00
2017.11.20 04:02:58.674,1.47845,1.47859,1.25,1.25
2017.11.20 04:02:59.220,1.47845,1.47859,1.69,1.25
2017.11.20 04:02:59.271,1.47848,1.47859,1.00,1.25
2017.11.20 04:03:00.728,1.47845,1.47859,1.31,1.44
2017.11.20 04:03:01.278,1.47845,1.47858,1.69,1.25
2017.11.20 04:03:02.850,1.47845,1.47857,1.50,1.00
2017.11.20 04:03:03.105,1.47843,1.47857,1.50,1.00
2017.11.20 04:03:03.625,1.47843,1.47856,1.12,1.00
2017.11.20 04:03:03.676,1.47843,1.47854,1.12,1.00
2017.11.20 04:03:03.939,1.47843,1.47856,1.12,1.00
2017.11.20 04:03:04.477,1.47843,1.47855,1.12,1.00
2017.11.20 04:03:05.462,1.47843,1.47854,1.00,1.00
2017.11.20 04:03:05.771,1.47843,1.47852,1.00,1.00
2017.11.20 04:03:05.924,1.47839,1.47851,1.00,1.00
2017.11.20 04:03:06.028,1.47839,1.47849,1.00,1.00
2017.11.20 04:03:07.092,1.47839,1.4785,1.00,1.00
2017.11.20 04:03:07.899,1.47839,1.47853,1.87,1.25
2017.11.20 04:03:08.002,1.4784,1.47855,1.81,1.00
2017.11.20 04:03:08.511,1.47841,1.47854,1.12,4.12
2017.11.20 04:03:08.563,1.47841,1.47852,1.12,1.69
2017.11.20 04:03:08.615,1.47838,1.47848,1.00,1.87
2017.11.20 04:03:08.666,1.47835,1.47847,1.00,2.44
2017.11.20 04:03:08.718,1.47832,1.47846,1.00,1.87
2017.11.20 04:03:08.887,1.47829,1.47846,2.25,4.12
2017.11.20 04:03:09.363,1.47829,1.47845,3.00,1.37
2017.11.20 04:03:09.415,1.47832,1.47848,1.00,1.87
2017.11.20 04:03:09.467,1.47834,1.47849,1.87,1.12
2017.11.20 04:03:09.723,1.47837,1.47853,1.12,1.50
2017.11.20 04:03:10.069,1.47837,1.47853,1.00,1.75
2017.11.20 04:03:10.376,1.47837,1.4785,1.00,1.37
2017.11.20 04:03:10.683,1.47835,1.47847,1.00,1.50
2017.11.20 04:03:10.991,1.47835,1.47846,1.00,1.37
2017.11.20 04:03:11.221,1.47832,1.47846,1.00,1.37
2017.11.20 04:03:13.054,1.4783,1.47843,1.12,1.25
2017.11.20 04:03:13.208,1.4783,1.47842,1.00,1.19
2017.11.20 04:03:13.412,1.47828,1.47842,1.12,1.50
2017.11.20 04:03:14.679,1.47828,1.47839,1.12,1.00
2017.11.20 04:03:14.987,1.47828,1.47837,1.00,1.25
2017.11.20 04:03:15.039,1.47825,1.47835,1.00,1.25
2017.11.20 04:03:15.090,1.47822,1.47833,1.37,1.25
2017.11.20 04:03:15.621,1.47822,1.47832,1.00,1.00
2017.11.20 04:03:16.150,1.47821,1.47832,1.12,1.00
2017.11.20 04:03:16.707,1.47821,1.47831,1.00,1.00
2017.11.20 04:03:16.991,1.47821,1.47833,1.00,1.25
2017.11.20 04:03:17.164,1.47821,1.47831,1.00,1.00
2017.11.20 04:03:17.268,1.47821,1.47833,1.00,1.25
2017.11.20 04:03:18.022,1.47821,1.47833,1.00,1.44
2017.11.20 04:03:18.442,1.47817,1.47831,1.50,1.25
2017.11.20 04:03:18.493,1.47817,1.4783,1.37,1.44
2017.11.20 04:03:19.003,1.47817,1.4783,1.31,1.12
2017.11.20 04:03:19.573,1.47817,1.4783,1.62,1.12
2017.11.20 04:03:20.118,1.47817,1.47829,1.37,1.00
2017.11.20 04:03:20.322,1.47815,1.47828,1.31,1.44
2017.11.20 04:03:20.870,1.47815,1.47828,1.12,1.12
2017.11.20 04:03:21.389,1.47815,1.47827,1.12,1.25
2017.11.20 04:03:21.593,1.47816,1.47829,1.00,1.00
2017.11.20 04:03:21.747,1.47817,1.47827,1.00,1.25
2017.11.20 04:03:22.298,1.47816,1.47827,1.00,1.25
2017.11.20 04:03:22.834,1.47816,1.47828,1.31,1.00
2017.11.20 04:03:23.142,1.47816,1.47826,1.00,1.00
2017.11.20 04:03:23.696,1.47816,1.47827,1.00,1.00
2017.11.20 04:03:24.494,1.47816,1.47826,1.00,1.00
2017.11.20 04:03:24.596,1.47816,1.47828,1.00,1.25
2017.11.20 04:03:25.132,1.47816,1.47827,1.00,1.00
2017.11.20 04:03:27.514,1.47816,1.4783,1.87,1.69
2017.11.20 04:03:27.616,1.47817,1.4783,1.25,1.25
2017.11.20 04:03:27.873,1.47817,1.47829,1.00,1.19
2017.11.20 04:03:28.283,1.47816,1.47827,1.00,1.19
2017.11.20 04:03:28.334,1.47816,1.47828,1.25,1.00
2017.11.20 04:03:28.488,1.47813,1.47825,1.87,1.00
2017.11.20 04:03:28.591,1.47813,1.47828,1.69,1.31
2017.11.20 04:03:28.642,1.47813,1.47826,1.69,1.00
2017.11.20 04:03:29.148,1.47813,1.47825,3.00,1.00
2017.11.20 04:03:29.658,1.47813,1.47825,3.19,1.00
2017.11.20 04:03:30.199,1.47813,1.47825,2.44,1.00
2017.11.20 04:03:30.701,1.47813,1.47825,2.06,1.00
2017.11.20 04:03:30.803,1.47813,1.47827,2.06,1.00
2017.11.20 04:03:31.349,1.47813,1.47825,2.06,1.00
2017.11.20 04:03:31.899,1.47813,1.47827,1.69,1.00
2017.11.20 04:03:32.340,1.47813,1.47825,1.50,1.00
2017.11.20 04:03:32.560,1.47813,1.47827,1.50,1.25
2017.11.20 04:03:32.850,1.47813,1.47825,1.50,1.00
2017.11.20 04:03:33.343,1.47813,1.47826,2.62,1.00
2017.11.20 04:03:34.311,1.47813,1.47828,3.75,1.25
2017.11.20 04:03:34.819,1.47813,1.47827,3.75,1.00
2017.11.20 04:03:35.358,1.47813,1.47826,2.62,1.00
2017.11.20 04:03:35.772,1.47819,1.47829,1.19,1.25
2017.11.20 04:03:35.874,1.47819,1.47832,1.19,1.00
2017.11.20 04:03:35.926,1.4782,1.47832,1.19,1.19
2017.11.20 04:03:37.716,1.4782,1.47832,1.19,1.25
2017.11.20 04:03:38.256,1.4782,1.47831,1.19,1.00
2017.11.20 04:03:38.998,1.4782,1.47832,1.31,1.00
2017.11.20 04:03:39.309,1.4782,1.47831,1.19,1.19
2017.11.20 04:03:40.085,1.4782,1.47832,1.31,1.19
2017.11.20 04:03:40.341,1.4782,1.47833,1.31,1.25
2017.11.20 04:03:40.750,1.47823,1.47833,1.19,1.25
2017.11.20 04:03:41.428,1.47825,1.47835,1.19,1.00
2017.11.20 04:03:41.480,1.47826,1.47836,1.19,1.25
2017.11.20 04:03:41.993,1.47826,1.47837,1.19,1.25
2017.11.20 04:03:43.149,1.47826,1.47839,1.19,1.19
2017.11.20 04:03:43.660,1.47826,1.47837,1.19,1.00
2017.11.20 04:03:44.170,1.47826,1.47838,1.19,1.25
2017.11.20 04:03:44.835,1.47826,1.47837,1.19,1.00
2017.11.20 04:03:45.704,1.47826,1.47839,1.19,1.69
2017.11.20 04:03:46.340,1.47826,1.47837,1.19,1.00
2017.11.20 04:03:47.017,1.47826,1.47838,1.19,1.25
2017.11.20 04:03:47.620,1.47826,1.47837,1.19,1.00
2017.11.20 04:03:47.977,1.47824,1.47836,1.69,1.00
2017.11.20 04:03:48.990,1.47824,1.47835,1.19,1.00
2017.11.20 04:03:52.015,1.47823,1.47833,1.19,1.25
2017.11.20 04:03:52.117,1.47822,1.47833,1.19,1.19
2017.11.20 04:03:52.169,1.4782,1.47832,1.69,1.31
2017.11.20 04:03:52.527,1.4782,1.4783,1.25,1.19
2017.11.20 04:03:52.680,1.47817,1.47827,1.19,1.25
2017.11.20 04:03:52.783,1.47817,1.47829,1.19,1.31
2017.11.20 04:03:52.834,1.47817,1.47829,1.19,1.69
2017.11.20 04:03:52.886,1.47817,1.47829,1.19,1.31
2017.11.20 04:03:52.937,1.47819,1.47831,1.19,1.00
2017.11.20 04:03:53.244,1.47816,1.47826,1.19,1.19
2017.11.20 04:03:53.398,1.47814,1.47825,1.19,1.19
2017.11.20 04:03:54.508,1.47814,1.47825,1.19,1.25
2017.11.20 04:03:55.261,1.47814,1.47824,1.19,1.00
2017.11.20 04:03:55.847,1.47814,1.47826,1.19,1.19
2017.11.20 04:03:56.663,1.47814,1.47824,1.19,1.00
2017.11.20 04:03:57.427,1.47814,1.47825,1.19,1.25
2017.11.20 04:03:58.859,1.47814,1.47828,1.19,2.00
2017.11.20 04:03:59.440,1.47815,1.47827,1.19,1.19
2017.11.20 04:03:59.949,1.47814,1.47825,1.19,1.31
2017.11.20 04:04:00.459,1.47814,1.47827,1.19,1.31
2017.11.20 04:04:01.974,1.47815,1.47827,1.19,1.19
2017.11.20 04:04:02.586,1.47814,1.47827,1.19,1.19
2017.11.20 04:04:03.108,1.47814,1.47828,1.19,1.31
2017.11.20 04:04:12.848,1.47814,1.47828,1.19,1.12
2017.11.20 04:04:13.362,1.47814,1.47829,1.19,2.62
2017.11.20 04:04:14.225,1.47816,1.47829,1.19,1.69
2017.11.20 04:04:14.278,1.47816,1.4783,1.19,3.56
2017.11.20 04:04:14.329,1.47818,1.47829,1.19,1.19
2017.11.20 04:04:14.840,1.47818,1.4783,1.19,1.31
2017.11.20 04:04:15.164,1.47818,1.47832,1.69,2.06
2017.11.20 04:04:15.630,1.4782,1.47834,1.19,1.19
2017.11.20 04:04:15.733,1.47819,1.47834,2.44,1.12
2017.11.20 04:04:15.990,1.47819,1.47834,2.44,1.87
2017.11.20 04:04:16.041,1.47819,1.47834,1.69,1.87
2017.11.20 04:04:16.144,1.47819,1.47834,2.44,1.44
2017.11.20 04:04:21.600,1.47819,1.47834,2.06,1.19
2017.11.20 04:04:24.262,1.4782,1.47835,1.19,1.50
2017.11.20 04:04:25.409,1.4782,1.47836,1.69,5.06
2017.11.20 04:04:30.619,1.4782,1.47835,1.69,1.31
2017.11.20 04:04:31.688,1.4782,1.47835,1.69,1.31
2017.11.20 04:04:33.136,1.47821,1.47836,1.19,3.56
2017.11.20 04:04:34.153,1.47823,1.47836,1.00,3.37
2017.11.20 04:04:36.312,1.47825,1.47838,1.19,1.69
2017.11.20 04:04:36.415,1.47826,1.47838,1.69,1.31
2017.11.20 04:04:36.517,1.47828,1.47843,1.69,3.37
2017.11.20 04:04:36.569,1.47832,1.47845,1.19,3.75
2017.11.20 04:04:36.672,1.47832,1.47846,1.69,1.69
2017.11.20 04:04:36.775,1.47835,1.47848,1.19,1.87
2017.11.20 04:04:36.877,1.47832,1.47845,1.19,1.00
2017.11.20 04:04:37.893,1.47831,1.47845,1.69,1.19
2017.11.20 04:04:38.098,1.47832,1.47847,1.19,2.81
2017.11.20 04:04:38.251,1.47832,1.47847,1.69,1.31
2017.11.20 04:04:38.353,1.47832,1.47846,1.69,1.25
2017.11.20 04:04:38.932,1.47832,1.47847,1.69,2.06
2017.11.20 04:04:39.442,1.47832,1.47848,1.69,1.62
2017.11.20 04:04:40.253,1.47833,1.47848,1.25,2.44
2017.11.20 04:04:40.457,1.47833,1.47848,1.25,2.25
2017.11.20 04:04:40.793,1.47834,1.47848,1.19,2.06
2017.11.20 04:04:41.302,1.47836,1.4785,1.19,1.81
2017.11.20 04:04:41.558,1.47833,1.47847,1.69,1.13
2017.11.20 04:04:42.635,1.47833,1.47847,1.25,1.31
2017.11.20 04:04:44.116,1.47833,1.47846,1.00,1.12
2017.11.20 04:04:46.785,1.47832,1.47846,1.25,1.56
2017.11.20 04:04:48.617,1.47831,1.47843,1.19,1.19
2017.11.20 04:04:48.774,1.47828,1.47841,1.00,3.37
2017.11.20 04:04:48.881,1.47825,1.4784,1.69,1.94
2017.11.20 04:04:49.188,1.47829,1.47842,1.69,1.19
2017.11.20 04:04:51.754,1.47829,1.47843,1.69,1.31
2017.11.20 04:04:56.091,1.47829,1.47842,1.69,1.19
2017.11.20 04:04:57.096,1.47826,1.47841,2.06,1.56
2017.11.20 04:04:57.252,1.47827,1.47838,1.25,1.19
2017.11.20 04:04:57.569,1.47825,1.47836,1.00,2.44
2017.11.20 04:04:57.929,1.47825,1.47834,1.00,1.19
2017.11.20 04:04:58.454,1.47823,1.47834,1.19,1.19
2017.11.20 04:05:00.780,1.47823,1.47835,1.19,1.19
2017.11.20 04:05:01.981,1.47823,1.47834,1.19,1.19
2017.11.20 04:05:04.527,1.47823,1.47835,1.19,1.31
2017.11.20 04:05:05.650,1.47823,1.47835,1.19,1.50
2017.11.20 04:05:06.990,1.47823,1.47835,1.19,2.25
2017.11.20 04:05:09.941,1.4782,1.47833,1.00,1.56
2017.11.20 04:05:09.994,1.4782,1.4783,1.00,1.00
2017.11.20 04:05:10.302,1.47818,1.47829,1.00,3.19
2017.11.20 04:05:10.432,1.47815,1.47829,1.19,3.75
2017.11.20 04:05:10.687,1.47814,1.47828,2.44,1.31
2017.11.20 04:05:14.417,1.47811,1.47824,1.19,1.31
2017.11.20 04:05:14.519,1.4781,1.47822,1.19,1.56
2017.11.20 04:05:14.572,1.47806,1.47821,1.69,1.19
2017.11.20 04:05:14.674,1.47806,1.47821,1.19,1.12
2017.11.20 04:05:15.002,1.47806,1.4782,1.69,2.06
2017.11.20 04:05:18.627,1.47805,1.4782,1.19,2.06
2017.11.20 04:05:19.813,1.47806,1.47818,1.19,1.19
2017.11.20 04:05:20.487,1.47806,1.47819,1.19,1.69
2017.11.20 04:05:21.556,1.47806,1.47819,1.19,3.37
2017.11.20 04:05:22.873,1.47806,1.47817,1.19,1.19
2017.11.20 04:05:23.495,1.47806,1.47819,1.19,2.81
2017.11.20 04:05:25.267,1.47808,1.4782,1.19,1.12
2017.11.20 04:05:25.458,1.47808,1.47822,1.19,3.00
2017.11.20 04:05:25.977,1.47808,1.4782,1.19,1.19
2017.11.20 04:05:28.196,1.47808,1.47822,1.19,3.37
2017.11.20 04:05:30.213,1.47807,1.4782,1.19,2.44
2017.11.20 04:05:30.264,1.47807,1.4782,1.25,2.81
2017.11.20 04:05:30.779,1.47805,1.47818,1.19,1.19
2017.11.20 04:05:33.973,1.47806,1.47819,1.69,2.81
2017.11.20 04:05:34.479,1.47806,1.47819,1.69,2.06
2017.11.20 04:05:39.129,1.47807,1.4782,1.19,3.75
2017.11.20 04:05:39.721,1.47807,1.47818,1.19,2.44
2017.11.20 04:05:41.845,1.47805,1.47818,1.19,2.44
2017.11.20 04:05:45.425,1.47805,1.47818,1.19,2.44
2017.11.20 04:05:49.459,1.47805,1.47819,1.69,3.56
2017.11.20 04:05:50.490,1.47805,1.47819,1.69,1.69
2017.11.20 04:05:51.830,1.47805,1.47819,1.19,2.25
2017.11.20 04:05:54.587,1.47805,1.47819,1.69,1.81
2017.11.20 04:05:54.893,1.47806,1.47821,1.19,2.44
2017.11.20 04:05:56.088,1.47806,1.47821,1.69,1.87
2017.11.20 04:05:56.404,1.4781,1.47822,1.00,1.69
2017.11.20 04:05:56.506,1.47812,1.47824,1.19,2.44
2017.11.20 04:05:57.146,1.47814,1.47827,1.69,2.62
2017.11.20 04:05:57.951,1.47814,1.47827,1.69,1.19
2017.11.20 04:05:59.401,1.47814,1.47829,1.69,2.25
2017.11.20 04:06:00.176,1.47814,1.47829,1.69,2.62
2017.11.20 04:06:02.823,1.47814,1.47828,1.69,1.12
2017.11.20 04:06:03.458,1.47813,1.47826,1.19,2.19
2017.11.20 04:06:05.393,1.47813,1.47822,1.25,1.19
2017.11.20 04:06:05.939,1.47811,1.47824,1.69,2.62
2017.11.20 04:06:09.823,1.47811,1.4782,1.00,1.19
2017.11.20 04:06:16.559,1.47811,1.47822,1.00,3.56
2017.11.20 04:06:20.065,1.47811,1.4782,1.00,1.19
2017.11.20 04:06:22.076,1.47811,1.47823,1.69,3.00
2017.11.20 04:06:22.648,1.47811,1.47821,1.19,1.19
2017.11.20 04:06:24.721,1.47811,1.47821,1.69,1.19
2017.11.20 04:06:26.555,1.47811,1.47823,1.69,2.44
2017.11.20 04:06:31.613,1.47811,1.47821,1.19,1.19
2017.11.20 04:06:32.123,1.47811,1.47824,1.19,3.94
2017.11.20 04:06:32.629,1.47811,1.47823,1.25,1.69
2017.11.20 04:06:33.154,1.47811,1.47819,1.25,1.19
2017.11.20 04:06:34.250,1.47811,1.47819,1.25,1.31
2017.11.20 04:06:36.272,1.47808,1.47818,1.19,1.19
2017.11.20 04:06:36.908,1.47808,1.47817,1.19,1.19
2017.11.20 04:06:41.392,1.47808,1.47821,1.19,1.87
2017.11.20 04:06:43.503,1.47808,1.47821,1.19,1.12
2017.11.20 04:06:46.250,1.47808,1.47821,1.19,3.00
2017.11.20 04:06:48.750,1.47808,1.4782,1.19,2.62
2017.11.20 04:06:50.094,1.47811,1.47822,1.25,2.06
2017.11.20 04:06:50.200,1.47811,1.47824,1.69,3.19
2017.11.20 04:06:50.354,1.47813,1.47824,1.69,1.19
2017.11.20 04:06:50.864,1.47816,1.47827,1.25,1.19
2017.11.20 04:07:05.120,1.47815,1.4783,1.19,2.44
2017.11.20 04:07:06.078,1.47814,1.47829,1.19,3.00
2017.11.20 04:07:07.395,1.47814,1.47826,1.19,1.19
2017.11.20 04:07:10.294,1.47814,1.47828,1.19,2.44
2017.11.20 04:07:13.292,1.47813,1.47826,1.69,1.19
2017.11.20 04:07:14.253,1.47813,1.47827,1.69,2.25
2017.11.20 04:07:15.421,1.47813,1.47828,2.44,3.56
2017.11.20 04:07:16.592,1.47813,1.47827,2.44,1.12
2017.11.20 04:07:18.379,1.47813,1.47826,1.19,1.69
2017.11.20 04:07:18.595,1.47813,1.47826,1.19,1.19
2017.11.20 04:07:19.141,1.47813,1.47828,1.19,2.81
2017.11.20 04:07:19.974,1.47813,1.47826,1.19,1.19
2017.11.20 04:07:28.444,1.47815,1.47827,1.25,1.87
2017.11.20 04:07:34.190,1.47815,1.47829,1.25,2.81
2017.11.20 04:07:34.747,1.47815,1.47829,1.25,1.56
2017.11.20 04:07:35.326,1.47815,1.47829,1.25,1.11
2017.11.20 04:07:35.739,1.47815,1.47829,1.19,2.17
2017.11.20 04:07:36.250,1.47815,1.47828,1.19,1.19
2017.11.20 04:07:41.024,1.47814,1.47827,1.19,1.19
2017.11.20 04:07:41.075,1.47813,1.47827,1.19,1.19
2017.11.20 04:07:42.600,1.47813,1.47828,1.19,1.50
2017.11.20 04:07:44.309,1.47813,1.47828,1.19,2.19
2017.11.20 04:07:46.202,1.47813,1.47827,1.69,1.19
2017.11.20 04:07:47.799,1.47814,1.47827,1.19,1.19
2017.11.20 04:07:52.680,1.47816,1.47828,1.25,1.19
2017.11.20 04:07:53.262,1.47816,1.47829,1.19,1.12
2017.11.20 04:07:56.563,1.47815,1.47828,1.19,1.50
2017.11.20 04:07:57.351,1.47815,1.47828,1.19,1.31
2017.11.20 04:07:58.426,1.47815,1.47829,1.19,3.37
2017.11.20 04:08:00.015,1.47815,1.47829,1.19,1.31
2017.11.20 04:08:03.649,1.47815,1.47829,1.19,1.12
2017.11.20 04:08:11.830,1.47816,1.47829,1.25,1.56
2017.11.20 04:08:13.050,1.47817,1.4783,1.00,3.19
2017.11.20 04:08:21.899,1.47817,1.47829,1.69,1.62
2017.11.20 04:08:26.000,1.47818,1.47829,1.19,1.12
2017.11.20 04:08:29.239,1.47818,1.4783,1.19,1.50
2017.11.20 04:08:29.843,1.47818,1.47829,1.19,1.00
2017.11.20 04:08:30.396,1.47823,1.47834,1.19,5.25
2017.11.20 04:08:30.550,1.47823,1.47836,1.19,3.00
2017.11.20 04:08:31.556,1.47823,1.47835,1.19,2.25
2017.11.20 04:08:40.601,1.47822,1.47833,1.25,2.44
2017.11.20 04:08:40.703,1.47822,1.47832,1.25,1.31
2017.11.20 04:08:40.755,1.47822,1.47833,1.25,3.00
2017.11.20 04:08:41.268,1.47822,1.47831,1.25,1.19
2017.11.20 04:08:44.052,1.47819,1.47831,1.19,1.56
2017.11.20 04:08:48.963,1.47819,1.47831,1.19,1.69
2017.11.20 04:08:53.553,1.47819,1.4783,1.19,1.19
2017.11.20 04:08:55.701,1.47819,1.47832,1.19,2.81
2017.11.20 04:08:57.380,1.47819,1.47831,1.19,1.31
2017.11.20 04:08:57.990,1.47819,1.4783,1.19,1.19
2017.11.20 04:08:59.495,1.47819,1.47831,1.19,2.44
2017.11.20 04:08:59.547,1.47818,1.47829,1.69,2.44
2017.11.20 04:08:59.752,1.47815,1.47826,1.69,1.19
2017.11.20 04:08:59.956,1.47815,1.47827,1.69,1.56
2017.11.20 04:09:00.652,1.47818,1.47829,1.25,1.19
2017.11.20 04:09:01.255,1.4782,1.47831,1.19,3.37
2017.11.20 04:09:01.562,1.47821,1.47831,1.19,1.31
2017.11.20 04:09:02.586,1.47821,1.47833,1.19,1.19
2017.11.20 04:09:03.101,1.47819,1.47834,2.44,2.63
2017.11.20 04:09:03.715,1.47824,1.47834,1.19,1.19
2017.11.20 04:09:03.768,1.47824,1.47837,1.19,1.88
2017.11.20 04:09:03.820,1.47827,1.47838,1.19,1.19
2017.11.20 04:09:04.984,1.47827,1.4784,1.69,4.69
2017.11.20 04:09:06.153,1.47826,1.47839,1.69,2.06
2017.11.20 04:09:06.805,1.47828,1.4784,1.19,3.56
2017.11.20 04:09:07.327,1.47828,1.4784,1.19,2.81
2017.11.20 04:09:11.354,1.4783,1.47841,1.19,1.56
2017.11.20 04:09:11.405,1.47831,1.47841,1.19,1.19
2017.11.20 04:09:11.926,1.4783,1.47843,1.69,1.31
2017.11.20 04:09:12.461,1.4783,1.47844,1.69,2.62
2017.11.20 04:09:12.966,1.4783,1.47844,1.69,2.06
2017.11.20 04:09:13.880,1.4783,1.4784,1.19,1.00
2017.11.20 04:09:19.176,1.47831,1.4784,1.19,1.00
2017.11.20 04:09:20.987,1.47831,1.4784,1.19,1.00
2017.11.20 04:09:21.765,1.47831,1.4784,1.19,1.00
2017.11.20 04:09:22.486,1.47834,1.4784,1.19,1.00
2017.11.20 04:09:23.451,1.47834,1.47842,1.19,1.19
2017.11.20 04:09:23.935,1.47832,1.47841,1.19,1.00
2017.11.20 04:09:28.948,1.47832,1.4784,1.19,1.00
2017.11.20 04:09:29.168,1.47832,1.47843,1.19,1.12
2017.11.20 04:09:29.678,1.47833,1.47844,1.19,2.62
2017.11.20 04:09:29.882,1.47834,1.47844,1.19,1.87
2017.11.20 04:09:35.102,1.47834,1.47845,1.19,4.12
2017.11.20 04:09:42.538,1.47834,1.47845,1.69,1.31
2017.11.20 04:09:44.731,1.47837,1.47848,1.19,1.25
2017.11.20 04:09:45.038,1.4784,1.4785,1.69,1.25
2017.11.20 04:09:45.584,1.4784,1.47854,1.69,3.81
2017.11.20 04:09:46.099,1.4784,1.47853,1.69,2.62
2017.11.20 04:09:51.954,1.47836,1.4785,1.62,3.00
2017.11.20 04:09:52.057,1.47835,1.47848,1.25,1.12
2017.11.20 04:09:52.365,1.47834,1.47845,1.19,2.06
2017.11.20 04:09:53.815,1.47834,1.47848,1.19,4.31
2017.11.20 04:09:54.914,1.47834,1.47847,1.19,1.19
2017.11.20 04:09:56.706,1.47834,1.47847,1.19,1.19
2017.11.20 04:09:57.724,1.47834,1.47845,1.19,2.06
2017.11.20 04:09:59.341,1.47834,1.47848,1.19,3.37
2017.11.20 04:10:04.227,1.47834,1.47848,1.19,1.69
2017.11.20 04:10:04.278,1.47834,1.47847,1.19,1.19
2017.11.20 04:10:05.144,1.47832,1.47845,2.44,2.06
2017.11.20 04:10:09.799,1.47835,1.47848,1.19,1.31
2017.11.20 04:10:10.493,1.47834,1.47849,1.19,2.62
2017.11.20 04:10:11.809,1.47834,1.47849,1.19,3.56
2017.11.20 04:10:12.881,1.47834,1.47849,1.19,3.37
2017.11.20 04:10:25.727,1.47834,1.47847,1.19,1.69
2017.11.20 04:10:28.246,1.47833,1.47848,1.69,3.37
2017.11.20 04:10:28.763,1.47834,1.47848,1.19,3.37
2017.11.20 04:10:29.355,1.47834,1.47848,1.19,3.37
2017.11.20 04:10:30.864,1.47835,1.47848,1.31,1.19
2017.11.20 04:10:30.966,1.47836,1.47849,1.31,1.25
2017.11.20 04:10:31.018,1.47836,1.47849,1.31,2.25
2017.11.20 04:10:32.681,1.47836,1.47847,1.19,1.00
2017.11.20 04:10:32.984,1.47836,1.47847,1.19,2.06
2017.11.20 04:10:33.138,1.47833,1.47847,1.69,2.63
2017.11.20 04:10:33.648,1.47833,1.47846,1.19,1.12
2017.11.20 04:10:33.944,1.47833,1.47846,1.19,1.87
2017.11.20 04:10:34.158,1.47833,1.47846,1.19,1.31
2017.11.20 04:10:34.209,1.47835,1.47847,1.19,2.25
2017.11.20 04:10:34.755,1.47835,1.47847,1.19,3.19
2017.11.20 04:10:35.436,1.47834,1.47847,1.19,3.19
2017.11.20 04:10:36.066,1.47834,1.47847,1.19,2.62
2017.11.20 04:10:36.743,1.47834,1.47847,1.19,2.62
2017.11.20 04:10:36.948,1.47834,1.47847,1.19,2.62
2017.11.20 04:10:37.270,1.47834,1.47847,1.19,2.81
2017.11.20 04:10:37.490,1.47834,1.47848,2.44,1.56
2017.11.20 04:10:37.644,1.47837,1.47849,1.19,1.69
2017.11.20 04:10:37.747,1.47837,1.47852,1.19,3.00
2017.11.20 04:10:38.257,1.47837,1.47853,1.94,4.13
2017.11.20 04:10:39.339,1.47836,1.47852,3.56,1.87
2017.11.20 04:10:40.242,1.47836,1.47853,4.12,1.50
2017.11.20 04:10:40.751,1.47838,1.47853,2.06,1.31
2017.11.20 04:10:40.854,1.47836,1.47853,3.00,3.94
2017.11.20 04:10:43.216,1.47837,1.47852,1.94,2.44
2017.11.20 04:10:47.147,1.47837,1.47852,1.31,2.81
2017.11.20 04:10:49.018,1.47836,1.4785,2.44,1.19
2017.11.20 04:10:50.193,1.47836,1.47852,2.44,4.31
2017.11.20 04:10:52.649,1.47836,1.47852,4.87,1.56
2017.11.20 04:10:53.183,1.47839,1.47854,1.00,4.50
2017.11.20 04:10:54.297,1.47839,1.47854,1.00,2.25
2017.11.20 04:10:55.443,1.47839,1.47854,1.00,2.62
2017.11.20 04:10:56.747,1.47839,1.47854,1.12,2.25
2017.11.20 04:10:58.507,1.47839,1.47854,1.00,1.25
2017.11.20 04:10:58.951,1.47839,1.47854,1.19,1.25
2017.11.20 04:10:59.527,1.47839,1.47854,1.19,1.25
2017.11.20 04:11:01.000,1.47839,1.47853,1.69,1.00
2017.11.20 04:11:01.456,1.47839,1.47851,1.69,1.00
2017.11.20 04:11:04.389,1.47839,1.47851,1.12,1.00
2017.11.20 04:11:04.696,1.47839,1.47851,2.06,1.12
2017.11.20 04:11:04.798,1.47839,1.47851,1.31,1.12
2017.11.20 04:11:05.303,1.47839,1.4785,1.31,1.00
2017.11.20 04:11:09.354,1.47839,1.47849,1.31,1.00
2017.11.20 04:11:19.473,1.47839,1.4785,1.31,1.00
2017.11.20 04:11:19.976,1.47839,1.47851,1.31,1.00
2017.11.20 04:11:33.365,1.47839,1.47852,2.25,1.00
2017.11.20 04:11:34.136,1.47839,1.47853,2.06,1.12
2017.11.20 04:11:35.973,1.47839,1.47853,2.06,2.62
2017.11.20 04:11:41.559,1.47839,1.47854,2.06,1.69
2017.11.20 04:11:46.496,1.47839,1.47854,2.06,1.25
2017.11.20 04:11:51.259,1.47839,1.47854,1.31,1.12
2017.11.20 04:11:51.790,1.47839,1.47854,1.31,1.19
2017.11.20 04:11:54.245,1.47839,1.47855,1.31,1.87
2017.11.20 04:11:59.197,1.47839,1.47854,1.31,1.50
2017.11.20 04:12:04.130,1.47839,1.47853,1.69,1.25
2017.11.20 04:12:06.597,1.47839,1.47853,1.69,1.19
2017.11.20 04:12:14.884,1.47839,1.47853,1.69,1.25
2017.11.20 04:12:18.256,1.47839,1.47851,1.69,1.00
2017.11.20 04:12:21.106,1.47839,1.47852,1.69,1.00
2017.11.20 04:12:24.912,1.47842,1.47854,1.31,1.50
2017.11.20 04:12:24.964,1.47843,1.47856,1.19,1.31
2017.11.20 04:12:25.067,1.47846,1.47857,1.19,1.00
2017.11.20 04:12:25.272,1.47845,1.47859,1.69,1.31
2017.11.20 04:12:25.324,1.47847,1.47859,1.19,1.31
2017.11.20 04:12:25.852,1.47847,1.47858,1.31,1.00
2017.11.20 04:12:26.507,1.47847,1.47859,1.31,1.00
2017.11.20 04:12:30.257,1.47847,1.47858,1.31,1.00
2017.11.20 04:12:32.666,1.47847,1.4786,1.31,1.25
2017.11.20 04:12:36.106,1.47846,1.4786,1.69,1.69
2017.11.20 04:12:36.208,1.47844,1.47859,1.69,2.81
2017.11.20 04:12:36.362,1.47841,1.47854,1.31,1.25
2017.11.20 04:12:36.872,1.47841,1.47853,1.31,1.00
2017.11.20 04:12:37.738,1.47839,1.47852,2.81,1.00
2017.11.20 04:12:38.260,1.4784,1.47853,2.06,1.00
2017.11.20 04:12:39.038,1.4784,1.47854,2.06,1.50
2017.11.20 04:12:45.044,1.47839,1.47853,2.44,1.00
2017.11.20 04:12:45.995,1.47839,1.47853,2.44,1.19
2017.11.20 04:12:47.015,1.47841,1.47853,1.25,1.00
2017.11.20 04:12:50.996,1.47839,1.47854,2.81,2.44
2017.11.20 04:12:52.197,1.47839,1.47854,2.81,2.06
2017.11.20 04:12:52.746,1.47839,1.47853,2.81,1.00
2017.11.20 04:12:53.359,1.47839,1.47853,2.44,1.19
2017.11.20 04:12:53.946,1.47839,1.47852,1.69,1.25
2017.11.20 04:13:00.900,1.47839,1.4785,1.25,1.00
2017.11.20 04:13:01.104,1.47839,1.47852,1.25,1.12
2017.11.20 04:13:02.918,1.47839,1.47851,1.31,1.00
2017.11.20 04:13:06.601,1.47839,1.47853,1.12,1.56
2017.11.20 04:13:07.344,1.4785,1.47856,1.12,1.00
2017.11.20 04:13:07.395,1.47846,1.47858,1.50,1.69
2017.11.20 04:13:07.447,1.47846,1.47858,1.25,1.00
2017.11.20 04:13:07.499,1.47847,1.47859,1.37,1.69
2017.11.20 04:13:08.437,1.47847,1.47861,1.37,1.25
2017.11.20 04:13:09.594,1.47847,1.47861,1.37,1.19
2017.11.20 04:13:13.159,1.47847,1.47861,1.62,1.25
2017.11.20 04:13:13.735,1.47849,1.47861,1.50,1.25
2017.11.20 04:13:15.106,1.47849,1.47862,1.50,1.25
2017.11.20 04:13:15.707,1.4785,1.47862,1.00,1.25
2017.11.20 04:13:15.759,1.4785,1.47864,2.44,2.62
2017.11.20 04:13:16.066,1.4785,1.47863,2.06,1.31
2017.11.20 04:13:16.219,1.47849,1.47863,2.81,1.31
2017.11.20 04:13:17.113,1.47849,1.47863,2.81,1.19
2017.11.20 04:13:17.656,1.47849,1.47861,3.56,1.00
2017.11.20 04:13:20.734,1.47851,1.47865,1.69,1.69
2017.11.20 04:13:20.844,1.47852,1.47865,1.56,1.94
2017.11.20 04:13:20.898,1.47851,1.47865,3.19,1.31
2017.11.20 04:13:21.205,1.47855,1.47868,2.44,2.81
2017.11.20 04:13:21.618,1.47854,1.47866,1.31,1.12
2017.11.20 04:13:22.146,1.47854,1.47867,1.69,1.12
2017.11.20 04:13:22.412,1.47857,1.47868,1.19,1.37
2017.11.20 04:13:23.387,1.47857,1.47868,1.19,1.00
2017.11.20 04:13:25.926,1.47858,1.47871,1.25,2.62
2017.11.20 04:13:25.977,1.47858,1.47872,1.69,2.06
2017.11.20 04:13:26.080,1.4786,1.47871,1.31,1.00
2017.11.20 04:13:26.740,1.47861,1.47876,1.69,3.75
2017.11.20 04:13:26.792,1.47862,1.47876,2.06,3.56
2017.11.20 04:13:26.895,1.47864,1.47877,1.69,1.12
2017.11.20 04:13:28.027,1.47864,1.47878,2.44,1.00
2017.11.20 04:13:30.160,1.47866,1.47878,1.19,1.00
2017.11.20 04:13:30.971,1.47865,1.47877,1.69,1.00
2017.11.20 04:13:31.180,1.47858,1.47871,1.31,1.00
2017.11.20 04:13:31.386,1.47858,1.4787,1.19,1.69
2017.11.20 04:13:31.642,1.47856,1.47868,1.31,1.31
2017.11.20 04:13:32.342,1.47856,1.47867,1.31,1.00
2017.11.20 04:13:33.772,1.47856,1.47868,1.19,1.31
2017.11.20 04:13:38.262,1.47856,1.47867,1.31,1.00
2017.11.20 04:13:38.810,1.47856,1.47868,1.31,1.12
2017.11.20 04:13:46.655,1.47854,1.47866,1.31,1.25
2017.11.20 04:13:47.198,1.47854,1.47865,1.31,1.00
2017.11.20 04:13:47.532,1.47856,1.47866,1.19,1.00
2017.11.20 04:13:47.838,1.47856,1.47868,1.19,1.12
2017.11.20 04:13:49.372,1.47858,1.4787,1.19,1.69
2017.11.20 04:13:49.526,1.47858,1.47872,1.19,3.19
2017.11.20 04:13:50.077,1.47858,1.47871,1.19,2.18
2017.11.20 04:13:50.831,1.47858,1.47871,1.19,3.31
2017.11.20 04:13:50.933,1.47858,1.47871,1.19,3.56
2017.11.20 04:13:51.847,1.47858,1.47871,1.19,3.19
2017.11.20 04:13:52.223,1.47858,1.47868,1.19,1.19
2017.11.20 04:13:52.387,1.47858,1.4787,1.19,3.37
2017.11.20 04:13:52.697,1.47858,1.47868,1.19,1.19
2017.11.20 04:13:52.851,1.47858,1.4787,1.19,2.62
2017.11.20 04:13:53.365,1.47858,1.47868,1.19,1.19
2017.11.20 04:13:53.875,1.47858,1.4787,1.19,2.44
2017.11.20 04:13:55.654,1.4786,1.47873,1.31,2.06
2017.11.20 04:13:55.757,1.47863,1.47874,1.56,2.06
2017.11.20 04:13:56.267,1.47865,1.47877,1.31,2.44
2017.11.20 04:13:56.889,1.47865,1.47878,1.31,2.81
2017.11.20 04:13:58.044,1.47865,1.47878,1.31,3.19
2017.11.20 04:13:58.260,1.47865,1.47878,1.31,1.87
2017.11.20 04:13:58.567,1.47865,1.47878,1.31,1.69
2017.11.20 04:13:59.042,1.47865,1.47878,1.31,1.31
2017.11.20 04:14:00.141,1.47865,1.47878,1.31,1.19
2017.11.20 04:14:00.294,1.47865,1.47879,1.31,2.44
2017.11.20 04:14:00.858,1.47863,1.47878,3.19,1.31
2017.11.20 04:14:01.437,1.47863,1.47877,1.69,1.00
2017.11.20 04:14:03.162,1.47865,1.47877,1.19,1.25
2017.11.20 04:14:04.247,1.47863,1.47878,1.69,1.19
2017.11.20 04:14:04.349,1.47864,1.47878,1.19,1.19
2017.11.20 04:14:07.187,1.47863,1.47876,1.19,2.81
2017.11.20 04:14:07.957,1.47863,1.47877,1.31,2.81
2017.11.20 04:14:08.008,1.4786,1.47876,2.06,3.00
2017.11.20 04:14:08.111,1.4786,1.47874,1.56,2.62
2017.11.20 04:14:08.569,1.47861,1.47874,1.19,1.69
2017.11.20 04:14:08.879,1.47863,1.47876,1.19,1.19
2017.11.20 04:14:09.738,1.47863,1.47877,1.31,1.69
2017.11.20 04:14:11.184,1.47863,1.47877,1.31,1.56
2017.11.20 04:14:13.996,1.47865,1.47878,1.19,1.19
2017.11.20 04:14:24.156,1.47863,1.47876,1.19,1.12
2017.11.20 04:14:24.258,1.47862,1.47874,1.31,1.00
2017.11.20 04:14:24.767,1.47862,1.47874,1.69,1.00
2017.11.20 04:14:37.025,1.47862,1.47875,2.44,1.25
2017.11.20 04:14:42.246,1.47863,1.47875,1.19,1.25
2017.11.20 04:14:42.401,1.47865,1.47879,2.81,1.31
2017.11.20 04:14:42.504,1.47868,1.47879,1.19,1.31
2017.11.20 04:14:43.026,1.47867,1.47878,2.44,1.00
2017.11.20 04:14:43.450,1.47867,1.4788,2.81,1.25
2017.11.20 04:14:43.502,1.47867,1.47878,1.31,1.00
2017.11.20 04:14:43.862,1.47867,1.47876,1.00,1.00
2017.11.20 04:14:44.957,1.47867,1.47875,1.00,1.00
2017.11.20 04:14:45.466,1.47864,1.47874,1.69,1.00
2017.11.20 04:14:45.946,1.47864,1.47874,1.25,1.00
2017.11.20 04:14:47.758,1.47864,1.47874,1.19,1.12
2017.11.20 04:14:47.809,1.47862,1.47875,2.81,1.62
2017.11.20 04:14:55.922,1.47863,1.47875,1.31,1.31
2017.11.20 04:14:56.437,1.47863,1.47874,1.31,1.00
2017.11.20 04:14:58.448,1.47865,1.47878,1.19,1.50
2017.11.20 04:14:58.550,1.47868,1.4788,1.19,1.69
2017.11.20 04:14:58.959,1.4787,1.4788,1.19,1.00
2017.11.20 04:14:59.735,1.4787,1.47882,1.31,1.69
2017.11.20 04:15:00.267,1.4787,1.47882,1.31,1.50
2017.11.20 04:15:01.030,1.47868,1.47881,1.31,1.00
2017.11.20 04:15:01.568,1.47867,1.47882,3.00,1.50
2017.11.20 04:15:05.737,1.47867,1.47878,1.00,1.25
2017.11.20 04:15:05.962,1.47863,1.47876,2.62,1.00
2017.11.20 04:15:06.489,1.47863,1.47875,1.69,1.00
2017.11.20 04:15:07.802,1.47863,1.47874,1.69,1.00
2017.11.20 04:15:11.697,1.47863,1.47874,1.69,1.00
2017.11.20 04:15:12.201,1.47863,1.47874,1.31,1.19
2017.11.20 04:15:12.767,1.4786,1.47874,3.94,1.25
2017.11.20 04:15:14.491,1.4786,1.47874,2.62,1.19
2017.11.20 04:15:15.597,1.4786,1.47874,2.81,1.25
2017.11.20 04:15:20.674,1.47861,1.47874,1.12,1.19
2017.11.20 04:15:21.797,1.47861,1.47874,1.12,1.00
2017.11.20 04:15:23.878,1.4786,1.47873,3.94,1.00
2017.11.20 04:15:29.406,1.47861,1.47874,3.19,1.25
2017.11.20 04:15:30.262,1.4786,1.47872,3.00,1.00
2017.11.20 04:15:33.782,1.4786,1.47873,2.62,1.00
2017.11.20 04:15:52.992,1.47861,1.47874,1.31,1.25
2017.11.20 04:15:55.339,1.47861,1.47872,1.12,1.00
2017.11.20 04:15:55.443,1.47859,1.47869,1.00,1.00
2017.11.20 04:15:55.495,1.47856,1.47867,2.44,1.00
2017.11.20 04:15:55.871,1.47856,1.47869,2.81,1.00
2017.11.20 04:15:56.399,1.47858,1.47868,1.25,1.00
2017.11.20 04:15:56.606,1.47858,1.4787,1.00,1.00
2017.11.20 04:15:56.870,1.47858,1.47868,1.00,1.00
2017.11.20 04:15:57.024,1.47856,1.4787,1.87,1.00
2017.11.20 04:15:57.075,1.47856,1.47868,1.87,1.00
2017.11.20 04:15:57.610,1.47856,1.47868,1.50,1.25
2017.11.20 04:15:57.916,1.47856,1.47866,1.50,1.00
2017.11.20 04:15:59.307,1.47855,1.47866,1.00,1.00
2017.11.20 04:16:01.452,1.47855,1.47865,1.00,1.00
2017.11.20 04:16:02.681,1.47855,1.47866,2.44,1.00
2017.11.20 04:16:02.733,1.47856,1.47868,1.69,1.00
2017.11.20 04:16:03.244,1.47855,1.47866,1.31,1.00
2017.11.20 04:16:03.748,1.47855,1.47865,1.00,1.00
2017.11.20 04:16:14.441,1.47855,1.47866,1.00,1.25
2017.11.20 04:16:27.627,1.47855,1.47868,1.25,1.00
2017.11.20 04:16:31.290,1.47855,1.47868,1.31,1.00
2017.11.20 04:16:31.828,1.47855,1.47868,1.12,1.25
2017.11.20 04:16:32.597,1.47855,1.47868,1.31,1.25
2017.11.20 04:16:33.104,1.47855,1.47868,1.25,1.00
2017.11.20 04:16:37.717,1.47855,1.47868,1.87,1.25
2017.11.20 04:16:39.528,1.47855,1.47868,1.69,1.31
2017.11.20 04:16:40.075,1.47855,1.47868,1.69,1.12
2017.11.20 04:17:04.736,1.47852,1.47862,1.50,1.00
2017.11.20 04:17:04.840,1.4785,1.47863,1.12,1.50
2017.11.20 04:17:04.891,1.4785,1.4786,1.00,1.25
2017.11.20 04:17:05.097,1.47846,1.47859,1.50,1.50
2017.11.20 04:17:07.409,1.47846,1.47856,1.00,1.00
2017.11.20 04:17:07.944,1.47844,1.47856,2.25,1.00
2017.11.20 04:17:08.946,1.47844,1.47857,2.06,1.00
2017.11.20 04:17:10.163,1.47844,1.47859,2.62,1.19
2017.11.20 04:17:11.044,1.47847,1.4786,1.25,1.00
2017.11.20 04:17:14.309,1.47847,1.47861,1.44,1.25
2017.11.20 04:17:14.639,1.47849,1.47861,1.87,1.00
2017.11.20 04:17:14.691,1.47849,1.47861,1.87,1.00
2017.11.20 04:17:14.998,1.4785,1.47864,1.69,1.62
2017.11.20 04:17:15.573,1.4785,1.47864,1.87,1.25
2017.11.20 04:17:17.233,1.47854,1.47865,1.25,1.00
2017.11.20 04:17:17.490,1.47859,1.47871,1.25,1.00
2017.11.20 04:17:17.695,1.47858,1.47869,1.00,1.00
2017.11.20 04:17:18.002,1.47858,1.47867,1.00,1.00
2017.11.20 04:17:26.356,1.47855,1.47867,1.50,1.00
2017.11.20 04:17:36.248,1.47855,1.47867,2.81,1.00
2017.11.20 04:17:36.927,1.47855,1.47867,3.19,1.00
2017.11.20 04:17:49.511,1.47855,1.47866,2.44,1.00
2017.11.20 04:17:54.248,1.47855,1.47866,1.25,1.00
2017.11.20 04:17:54.752,1.47855,1.47866,1.19,1.00
2017.11.20 04:17:55.306,1.47855,1.47865,1.19,1.00
2017.11.20 04:17:59.262,1.47855,1.47866,1.19,1.00
2017.11.20 04:18:01.049,1.47854,1.47865,1.19,1.00
2017.11.20 04:18:01.245,1.47853,1.47865,3.37,1.00
2017.11.20 04:18:01.947,1.47852,1.47862,1.00,1.00
2017.11.20 04:18:02.256,1.47848,1.47859,3.19,1.00
2017.11.20 04:18:20.284,1.47851,1.47863,2.06,1.00
2017.11.20 04:18:20.388,1.47854,1.47866,1.12,1.50
2017.11.20 04:18:20.889,1.47854,1.47866,3.00,1.00
2017.11.20 04:18:21.427,1.47854,1.47866,3.75,1.00
2017.11.20 04:18:38.198,1.47854,1.47867,4.12,1.00
2017.11.20 04:18:39.239,1.47854,1.47866,4.12,1.00
2017.11.20 04:18:49.039,1.47854,1.47868,4.50,1.12
2017.11.20 04:18:51.895,1.47854,1.47866,2.62,1.00
2017.11.20 04:18:56.047,1.47854,1.47866,3.00,1.00
2017.11.20 04:18:59.259,1.47854,1.47865,1.87,1.00
2017.11.20 04:19:01.282,1.47854,1.47867,4.12,1.00
2017.11.20 04:19:01.541,1.47857,1.47868,1.31,1.12
2017.11.20 04:19:02.059,1.47857,1.47869,2.25,1.00
2017.11.20 04:19:04.210,1.47857,1.47868,2.44,1.00
2017.11.20 04:19:04.728,1.47857,1.47869,1.87,1.00
2017.11.20 04:19:08.879,1.47857,1.47868,1.87,1.00
2017.11.20 04:19:16.229,1.47856,1.47869,2.62,1.00
2017.11.20 04:19:16.730,1.47856,1.47868,3.00,1.00
2017.11.20 04:19:19.925,1.47856,1.47869,3.00,1.00
2017.11.20 04:19:20.442,1.47856,1.47868,3.00,1.00
2017.11.20 04:19:24.042,1.47856,1.47867,1.25,1.00
2017.11.20 04:19:24.560,1.47856,1.47866,1.25,1.00
2017.11.20 04:19:26.383,1.47856,1.47867,1.25,1.00
2017.11.20 04:19:33.487,1.47852,1.47864,4.12,1.00
2017.11.20 04:19:33.593,1.47851,1.47862,1.12,1.00
2017.11.20 04:19:34.104,1.47848,1.47861,2.44,1.00
2017.11.20 04:19:34.662,1.47848,1.4786,2.06,1.00
2017.11.20 04:19:42.890,1.47848,1.47861,4.87,1.00
2017.11.20 04:19:43.399,1.4785,1.47861,1.19,1.00
2017.11.20 04:19:47.576,1.4785,1.47863,2.06,1.00
2017.11.20 04:19:47.678,1.47852,1.47864,1.69,1.00
2017.11.20 04:19:47.984,1.47854,1.47866,1.19,1.25
2017.11.20 04:19:51.285,1.47855,1.47866,1.19,1.00
2017.11.20 04:19:57.369,1.47855,1.47865,1.19,1.00
2017.11.20 04:19:58.135,1.47855,1.47867,1.19,1.37
2017.11.20 04:19:59.104,1.47855,1.47865,1.19,1.00
2017.11.20 04:20:00.152,1.47855,1.47867,1.19,1.37
2017.11.20 04:20:00.809,1.47854,1.47867,2.44,1.37
2017.11.20 04:20:01.408,1.47855,1.47866,1.19,1.12
2017.11.20 04:20:02.021,1.47856,1.47865,1.00,1.00
2017.11.20 04:20:02.072,1.47854,1.47865,1.12,1.00
2017.11.20 04:20:07.221,1.47853,1.47863,1.19,1.00
2017.11.20 04:20:07.536,1.4785,1.47861,1.19,1.00
2017.11.20 04:20:10.970,1.47853,1.47864,1.19,1.87
2017.11.20 04:20:11.416,1.47851,1.47864,4.12,1.00
2017.11.20 04:20:13.117,1.47852,1.47864,2.81,1.00
2017.11.20 04:20:14.052,1.47852,1.47866,2.06,1.87
2017.11.20 04:20:15.292,1.47852,1.47865,2.62,1.00
2017.11.20 04:20:18.319,1.47853,1.47866,1.87,1.50
2017.11.20 04:20:20.508,1.47853,1.47865,1.12,1.00
2017.11.20 04:20:21.052,1.47854,1.47865,1.62,1.00
2017.11.20 04:20:21.104,1.47855,1.47865,1.31,1.00
2017.11.20 04:20:21.222,1.47853,1.47866,2.62,1.50
2017.11.20 04:20:21.274,1.47853,1.47864,2.44,1.00
2017.11.20 04:20:21.478,1.47852,1.47864,1.31,1.00
2017.11.20 04:20:21.992,1.47852,1.47864,1.31,1.00
2017.11.20 04:20:22.552,1.47852,1.47864,2.06,1.00
2017.11.20 04:20:26.199,1.47852,1.47862,2.06,1.00
2017.11.20 04:20:27.349,1.47853,1.47864,1.19,1.87
2017.11.20 04:20:27.453,1.47853,1.47865,1.19,1.50
2017.11.20 04:20:27.783,1.47853,1.47862,1.19,1.00
2017.11.20 04:20:27.885,1.47852,1.47862,1.19,1.00
2017.11.20 04:20:28.398,1.47852,1.47863,1.19,1.00
2017.11.20 04:20:28.551,1.47853,1.47864,1.31,1.00
2017.11.20 04:20:29.746,1.47853,1.47863,1.31,1.00
2017.11.20 04:20:31.438,1.47852,1.47862,1.44,1.00
2017.11.20 04:20:31.619,1.47851,1.47861,1.25,1.00
2017.11.20 04:20:32.246,1.4785,1.47859,1.19,1.00
2017.11.20 04:20:32.756,1.47848,1.47858,1.50,1.00
2017.11.20 04:20:35.013,1.47849,1.47858,1.19,1.00
2017.11.20 04:20:35.555,1.47849,1.47859,1.81,1.00
2017.11.20 04:20:37.684,1.47849,1.4786,2.25,1.00
2017.11.20 04:20:42.412,1.47849,1.47861,1.81,1.12
2017.11.20 04:20:57.249,1.47849,1.4786,1.19,1.00
2017.11.20 04:20:57.758,1.47848,1.4786,3.00,1.00
2017.11.20 04:20:58.991,1.47847,1.47859,1.31,1.00
2017.11.20 04:20:59.145,1.47848,1.47861,1.31,1.12
2017.11.20 04:20:59.708,1.47847,1.47861,2.62,1.37
2017.11.20 04:21:00.217,1.47848,1.4786,1.50,1.00
2017.11.20 04:21:01.417,1.47848,1.47861,1.50,1.12
2017.11.20 04:21:05.109,1.47848,1.47863,2.62,1.12
2017.11.20 04:21:14.031,1.47854,1.47866,2.81,1.12
2017.11.20 04:21:14.135,1.47858,1.47872,1.31,1.00
2017.11.20 04:21:14.767,1.47859,1.47874,1.12,1.69
2017.11.20 04:21:17.433,1.47859,1.47874,2.44,1.12
2017.11.20 04:21:17.606,1.47861,1.47874,1.19,1.12
2017.11.20 04:21:23.912,1.47861,1.47872,1.19,1.00
2017.11.20 04:21:25.651,1.47861,1.47873,1.19,1.12
2017.11.20 04:21:26.192,1.47861,1.47872,1.19,1.00
2017.11.20 04:21:38.558,1.47862,1.47873,1.19,1.00
2017.11.20 04:21:39.179,1.47862,1.47872,1.69,1.00
2017.11.20 04:21:39.682,1.47862,1.47872,1.69,1.00
2017.11.20 04:21:43.774,1.4786,1.47872,2.25,1.00
2017.11.20 04:21:44.351,1.4786,1.47874,3.00,1.12
2017.11.20 04:21:44.402,1.4786,1.47871,1.87,1.00
2017.11.20 04:21:45.287,1.4786,1.4787,1.12,1.00
2017.11.20 04:21:45.492,1.47857,1.47868,1.00,1.00
2017.11.20 04:21:45.911,1.47857,1.47868,1.31,1.00
2017.11.20 04:21:45.962,1.47857,1.47868,1.12,1.00
2017.11.20 04:21:46.065,1.47857,1.47869,2.25,1.00
2017.11.20 04:21:46.578,1.47859,1.4787,2.44,1.00
2017.11.20 04:21:47.082,1.47859,1.47871,1.00,1.00
2017.11.20 04:21:47.627,1.47858,1.47871,1.87,1.00
2017.11.20 04:21:49.947,1.47859,1.4787,1.50,1.00
2017.11.20 04:21:50.466,1.47859,1.4787,1.31,1.00
2017.11.20 04:21:51.117,1.47859,1.4787,1.50,1.00
2017.11.20 04:21:51.529,1.47859,1.47873,1.31,1.12
2017.11.20 04:21:52.102,1.47859,1.47873,1.50,1.12
2017.11.20 04:21:52.724,1.47859,1.47873,1.50,1.12
2017.11.20 04:21:53.278,1.47861,1.47875,1.19,1.87
2017.11.20 04:21:53.585,1.47864,1.47877,1.19,1.12
2017.11.20 04:21:55.058,1.47862,1.47877,1.87,3.37
2017.11.20 04:21:55.364,1.47861,1.47874,1.19,3.56
2017.11.20 04:21:57.669,1.47861,1.47874,1.19,2.06
2017.11.20 04:22:02.781,1.47863,1.47874,1.00,1.37
2017.11.20 04:22:03.947,1.47865,1.47874,1.00,1.37
2017.11.20 04:22:04.501,1.47863,1.47874,1.19,1.12
2017.11.20 04:22:05.011,1.47863,1.47874,1.00,1.31
2017.11.20 04:22:15.648,1.47863,1.47874,1.19,1.12
2017.11.20 04:22:16.220,1.47863,1.47874,1.00,1.12
2017.11.20 04:22:24.761,1.47866,1.47874,1.00,1.12
2017.11.20 04:22:25.290,1.47865,1.47874,1.00,1.12
2017.11.20 04:22:25.720,1.47863,1.47876,1.00,2.81
2017.11.20 04:22:26.232,1.47864,1.47876,1.00,2.44
2017.11.20 04:22:29.393,1.47864,1.47876,1.00,1.12
2017.11.20 04:22:31.735,1.47864,1.47876,1.00,1.12
2017.11.20 04:22:32.890,1.47864,1.47877,1.00,4.87
2017.11.20 04:22:37.094,1.47864,1.47876,1.00,1.31
2017.11.20 04:22:37.603,1.47864,1.47877,1.00,4.12
2017.11.20 04:22:39.340,1.47866,1.47877,1.00,3.19
2017.11.20 04:22:39.798,1.47865,1.47878,1.25,2.25
2017.11.20 04:22:39.850,1.47867,1.47877,1.00,1.12
2017.11.20 04:22:40.156,1.47865,1.47877,1.25,1.31
2017.11.20 04:22:40.346,1.47865,1.47877,1.25,1.69
2017.11.20 04:22:40.644,1.47865,1.47877,1.25,1.31
2017.11.20 04:22:40.954,1.47867,1.47877,1.00,1.31
2017.11.20 04:22:41.463,1.47868,1.47878,1.00,1.37
2017.11.20 04:22:42.082,1.47867,1.47878,1.00,1.12
2017.11.20 04:22:42.625,1.47868,1.47878,1.00,1.12
2017.11.20 04:22:43.148,1.47867,1.47879,1.00,1.31
2017.11.20 04:22:45.298,1.47868,1.47879,1.00,1.31
2017.11.20 04:22:45.401,1.47863,1.47876,1.00,2.44
2017.11.20 04:22:45.453,1.4786,1.47873,1.25,2.81
2017.11.20 04:22:45.759,1.47862,1.47872,1.00,3.00
2017.11.20 04:22:45.810,1.47862,1.47872,1.00,1.12
2017.11.20 04:22:45.862,1.4786,1.47872,1.00,1.12
2017.11.20 04:22:45.913,1.47862,1.47872,1.00,1.12
2017.11.20 04:22:46.435,1.47861,1.47872,1.00,1.12
2017.11.20 04:22:48.580,1.47861,1.47872,1.00,1.87
2017.11.20 04:22:49.247,1.47861,1.47872,1.00,1.12
2017.11.20 04:22:50.470,1.47861,1.47872,1.00,2.06
2017.11.20 04:22:54.663,1.47861,1.47872,1.00,1.31
2017.11.20 04:22:55.522,1.47865,1.47874,1.00,1.12
2017.11.20 04:22:55.625,1.47865,1.47877,1.00,2.81
2017.11.20 04:22:55.677,1.47867,1.47877,1.00,1.50
2017.11.20 04:22:55.779,1.47867,1.47879,1.19,1.00
2017.11.20 04:22:56.326,1.47868,1.47882,1.25,4.31
2017.11.20 04:22:57.452,1.47868,1.47882,1.25,2.44
2017.11.20 04:22:59.216,1.47871,1.47882,1.00,1.56
2017.11.20 04:23:00.267,1.47871,1.47882,1.00,1.00
2017.11.20 04:23:01.680,1.47869,1.47882,1.19,1.50
2017.11.20 04:23:02.241,1.47871,1.47882,1.00,1.69
2017.11.20 04:23:02.714,1.47869,1.47882,1.00,2.62
2017.11.20 04:23:03.072,1.47869,1.4788,1.00,1.87
2017.11.20 04:23:06.282,1.47869,1.4788,1.75,1.87
2017.11.20 04:23:06.334,1.47873,1.47884,1.00,1.25
2017.11.20 04:23:06.388,1.47871,1.47884,1.00,1.25
2017.11.20 04:23:06.492,1.47871,1.47883,1.00,2.81
2017.11.20 04:23:07.004,1.47871,1.47882,1.00,2.81
2017.11.20 04:23:07.056,1.47868,1.47881,1.00,1.87
2017.11.20 04:23:07.606,1.47869,1.47881,1.00,1.87
2017.11.20 04:23:10.701,1.47869,1.47882,1.00,2.62
2017.11.20 04:23:17.181,1.47869,1.47882,1.25,1.62
2017.11.20 04:23:17.283,1.47871,1.47882,1.00,1.62
2017.11.20 04:23:19.171,1.47871,1.47882,1.00,1.31
2017.11.20 04:23:26.203,1.47871,1.47882,1.00,1.31
2017.11.20 04:23:26.735,1.47871,1.47882,1.00,2.06
2017.11.20 04:23:28.754,1.4787,1.47882,1.00,3.00
2017.11.20 04:23:29.772,1.4787,1.47882,1.00,1.25
2017.11.20 04:23:30.611,1.47871,1.47882,1.00,1.25
2017.11.20 04:23:32.902,1.47871,1.47883,1.00,1.25
2017.11.20 04:23:33.416,1.47871,1.47882,1.00,1.00
2017.11.20 04:23:34.025,1.47871,1.47883,1.00,1.00
2017.11.20 04:23:34.533,1.47871,1.47882,1.00,1.00
2017.11.20 04:23:35.048,1.47871,1.47883,1.00,1.25
2017.11.20 04:23:35.720,1.47869,1.47883,1.00,1.25
2017.11.20 04:23:35.875,1.47871,1.47882,1.00,1.00
2017.11.20 04:23:36.636,1.47871,1.47883,1.00,1.25
2017.11.20 04:23:37.144,1.47871,1.47882,1.00,1.00
2017.11.20 04:23:38.793,1.47871,1.47883,1.00,1.25
2017.11.20 04:23:39.302,1.47871,1.47882,1.00,1.00
2017.11.20 04:23:39.838,1.47871,1.47883,1.00,1.25
2017.11.20 04:23:40.279,1.47871,1.47882,1.00,1.62
2017.11.20 04:23:40.825,1.47871,1.47883,1.00,1.56
2017.11.20 04:23:46.436,1.4787,1.47882,1.50,1.12
2017.11.20 04:23:48.195,1.47871,1.47882,1.00,1.12
2017.11.20 04:23:48.736,1.4787,1.47882,1.50,1.12
2017.11.20 04:23:49.279,1.47871,1.47882,1.00,1.31
2017.11.20 04:23:50.478,1.47871,1.47883,1.00,2.81
2017.11.20 04:23:50.882,1.4787,1.47883,1.50,1.31
2017.11.20 04:23:51.422,1.4787,1.47883,1.50,1.31
2017.11.20 04:23:52.685,1.4787,1.47883,1.50,1.69
2017.11.20 04:23:53.244,1.4787,1.47882,1.50,1.00
2017.11.20 04:23:53.752,1.47871,1.47883,1.00,1.31
2017.11.20 04:23:54.269,1.47871,1.47882,1.00,1.00
2017.11.20 04:23:54.812,1.4787,1.47882,1.50,1.00
2017.11.20 04:23:55.129,1.47872,1.47883,1.00,1.50
2017.11.20 04:23:55.655,1.47872,1.47882,1.00,1.00
2017.11.20 04:23:56.198,1.47872,1.47883,1.00,1.50
2017.11.20 04:23:56.892,1.47872,1.47882,1.00,1.00
2017.11.20 04:23:57.452,1.47872,1.47883,1.00,1.31
2017.11.20 04:23:57.956,1.47872,1.47882,1.00,1.00
2017.11.20 04:23:58.627,1.47871,1.47883,1.00,1.31
2017.11.20 04:24:00.007,1.4787,1.47883,1.50,1.19
2017.11.20 04:24:00.765,1.4787,1.47883,1.50,1.25
2017.11.20 04:24:01.289,1.4787,1.47882,1.50,1.00
2017.11.20 04:24:01.793,1.4787,1.47883,1.50,1.25
2017.11.20 04:24:02.387,1.4787,1.47882,1.50,1.00
2017.11.20 04:24:03.216,1.47871,1.47882,1.00,1.25
2017.11.20 04:24:04.113,1.47871,1.47885,1.69,2.44
2017.11.20 04:24:04.420,1.47875,1.47888,1.00,3.56
2017.11.20 04:24:04.471,1.47873,1.47885,1.00,1.00
2017.11.20 04:24:04.726,1.47871,1.47884,1.25,1.12
2017.11.20 04:24:07.285,1.47872,1.47885,1.00,6.00
2017.11.20 04:24:07.804,1.4787,1.47885,1.50,4.69
2017.11.20 04:24:08.353,1.47871,1.47885,1.00,5.25
2017.11.20 04:24:08.887,1.47871,1.47885,1.00,4.50
2017.11.20 04:24:11.672,1.47871,1.47883,1.00,2.06
2017.11.20 04:24:12.760,1.4787,1.47883,1.00,1.87
2017.11.20 04:24:13.272,1.4787,1.47882,1.00,2.44
2017.11.20 04:24:13.879,1.47868,1.47882,1.25,2.06
2017.11.20 04:24:14.544,1.47868,1.47882,1.19,2.06
2017.11.20 04:24:15.638,1.4787,1.47882,1.19,1.87
2017.11.20 04:24:15.691,1.47869,1.47882,2.06,2.25
2017.11.20 04:24:18.681,1.47869,1.4788,1.00,2.06
2017.11.20 04:24:18.784,1.47863,1.47876,1.31,2.44
2017.11.20 04:24:18.938,1.47865,1.47879,1.19,3.19
2017.11.20 04:24:20.064,1.47866,1.47879,2.81,1.12
2017.11.20 04:24:21.600,1.47866,1.4788,2.06,1.50
2017.11.20 04:24:22.331,1.47868,1.47879,1.25,1.00
2017.11.20 04:24:26.663,1.47868,1.4788,1.25,1.00
2017.11.20 04:24:27.173,1.47868,1.47879,1.25,1.00
2017.11.20 04:24:28.161,1.47868,1.4788,1.25,1.50
2017.11.20 04:24:29.135,1.47868,1.47879,1.25,1.00
2017.11.20 04:24:29.638,1.47868,1.4788,1.25,1.00
2017.11.20 04:24:30.290,1.47868,1.47879,1.25,1.00
2017.11.20 04:24:30.798,1.47868,1.4788,1.25,1.00
2017.11.20 04:24:31.349,1.47868,1.47879,1.25,1.00
2017.11.20 04:24:31.908,1.47868,1.4788,1.25,1.00
2017.11.20 04:24:32.450,1.47868,1.47879,1.25,1.00
2017.11.20 04:24:33.058,1.47868,1.4788,1.25,1.00
2017.11.20 04:24:33.737,1.47868,1.47879,1.25,1.00
2017.11.20 04:24:34.980,1.47868,1.4788,1.25,1.00
2017.11.20 04:24:35.545,1.47868,1.47879,1.25,1.00
2017.11.20 04:24:36.796,1.47868,1.4788,1.25,1.00
2017.11.20 04:24:37.326,1.47868,1.47879,1.25,1.00
2017.11.20 04:24:37.806,1.47868,1.47881,1.25,1.12
2017.11.20 04:24:41.806,1.47868,1.47883,1.31,1.62
2017.11.20 04:24:45.028,1.47872,1.47884,1.00,3.37
2017.11.20 04:24:47.686,1.47872,1.47884,1.00,1.12
2017.11.20 04:24:47.881,1.47874,1.47885,1.00,1.50
2017.11.20 04:24:47.933,1.47872,1.47886,1.25,2.81
2017.11.20 04:24:48.443,1.47875,1.47887,1.00,2.25
2017.11.20 04:24:48.495,1.47872,1.47885,1.25,1.31
2017.11.20 04:24:48.699,1.4787,1.47884,1.50,1.37
2017.11.20 04:24:48.954,1.47872,1.47885,1.00,3.75
2017.11.20 04:24:49.464,1.47871,1.47884,1.00,1.87
2017.11.20 04:24:50.017,1.47872,1.47884,1.00,2.62
2017.11.20 04:24:50.542,1.47871,1.47884,1.00,2.81
2017.11.20 04:24:57.814,1.47873,1.47885,1.00,1.87
2017.11.20 04:24:57.969,1.4788,1.47892,1.00,1.31
2017.11.20 04:24:58.480,1.47881,1.47894,1.00,4.13
2017.11.20 04:25:00.058,1.47881,1.47893,1.00,1.00
2017.11.20 04:25:02.240,1.47883,1.47894,1.00,1.81
2017.11.20 04:25:02.447,1.47881,1.47893,1.00,1.00
2017.11.20 04:25:03.120,1.47882,1.47894,1.00,1.62
2017.11.20 04:25:03.629,1.47883,1.47895,1.00,2.44
2017.11.20 04:25:05.102,1.47883,1.47897,1.00,3.94
2017.11.20 04:25:05.154,1.47885,1.47897,1.00,4.13
2017.11.20 04:25:05.664,1.47884,1.47895,1.00,1.44
2017.11.20 04:25:06.184,1.47884,1.47895,1.00,1.25
2017.11.20 04:25:07.335,1.47884,1.47896,1.00,1.75
2017.11.20 04:25:07.386,1.47882,1.47895,1.00,1.12
2017.11.20 04:25:07.692,1.47882,1.47895,1.00,1.19
2017.11.20 04:25:07.896,1.47882,1.47896,1.00,1.56
2017.11.20 04:25:08.510,1.47884,1.47895,1.00,1.00
2017.11.20 04:25:09.483,1.47884,1.47895,1.00,1.44
2017.11.20 04:25:10.022,1.47883,1.47895,1.00,1.12
2017.11.20 04:25:10.816,1.47883,1.47895,1.00,1.31
2017.11.20 04:25:11.348,1.47883,1.47895,1.00,1.12
2017.11.20 04:25:12.165,1.47883,1.47896,1.00,3.75
2017.11.20 04:25:12.468,1.47883,1.47894,1.00,2.06
2017.11.20 04:25:14.482,1.47882,1.47894,1.00,2.44
2017.11.20 04:25:14.993,1.47881,1.47894,1.00,2.44
2017.11.20 04:25:15.523,1.47881,1.47893,1.00,1.87
2017.11.20 04:25:17.428,1.47882,1.47893,1.00,2.25
2017.11.20 04:25:23.202,1.47883,1.47893,1.00,1.87
2017.11.20 04:25:23.253,1.47883,1.47894,1.00,1.12
2017.11.20 04:25:23.763,1.47882,1.47896,1.00,4.69
2017.11.20 04:25:25.022,1.47883,1.47895,1.00,1.12
2017.11.20 04:25:26.145,1.47881,1.47895,1.00,2.06
2017.11.20 04:25:26.467,1.47883,1.47895,1.00,1.81
2017.11.20 04:25:26.570,1.47881,1.47895,1.00,1.69
2017.11.20 04:25:27.119,1.47882,1.47895,1.00,1.69
2017.11.20 04:25:27.635,1.47881,1.47894,1.00,2.62
2017.11.20 04:25:34.907,1.47883,1.47894,1.00,2.25
2017.11.20 04:25:35.215,1.47886,1.47897,1.00,3.37
2017.11.20 04:25:35.420,1.47884,1.47897,1.00,3.00
2017.11.20 04:25:40.330,1.47887,1.47898,1.00,2.81
2017.11.20 04:25:43.076,1.47887,1.47899,1.00,1.31
2017.11.20 04:25:43.382,1.47885,1.47898,1.00,1.19
2017.11.20 04:25:44.480,1.47885,1.47898,1.00,1.25
2017.11.20 04:25:45.341,1.47885,1.47898,1.00,1.44
2017.11.20 04:25:46.398,1.47885,1.47896,1.00,1.00
2017.11.20 04:25:46.501,1.47882,1.47896,1.00,1.00
2017.11.20 04:25:47.937,1.47882,1.47895,1.00,1.00
2017.11.20 04:25:48.438,1.47882,1.47894,1.00,1.00
2017.11.20 04:25:48.982,1.4788,1.47894,1.50,1.00
2017.11.20 04:25:49.492,1.47882,1.47893,1.00,1.00
2017.11.20 04:25:50.646,1.47882,1.47894,1.00,1.00
2017.11.20 04:25:52.382,1.47882,1.47895,1.31,1.00
2017.11.20 04:25:53.283,1.47882,1.47894,1.25,1.00
2017.11.20 04:25:55.181,1.47883,1.47895,2.62,1.00
2017.11.20 04:25:55.491,1.47886,1.47899,1.50,1.00
2017.11.20 04:25:59.047,1.47887,1.47899,1.87,1.00
2017.11.20 04:25:59.100,1.47887,1.47901,2.25,1.87
2017.11.20 04:26:00.686,1.47887,1.47901,3.00,1.50
2017.11.20 04:26:02.046,1.47888,1.47901,1.44,1.50
2017.11.20 04:26:05.627,1.47887,1.47901,2.25,1.50
2017.11.20 04:26:06.540,1.47885,1.47898,4.31,1.12
2017.11.20 04:26:06.592,1.47885,1.47896,1.00,1.00
2017.11.20 04:26:06.696,1.47882,1.47895,1.87,1.00
2017.11.20 04:26:07.259,1.47882,1.47896,3.37,1.50
2017.11.20 04:26:08.061,1.47883,1.47896,1.37,1.50
2017.11.20 04:26:08.572,1.47884,1.47896,1.00,1.00
2017.11.20 04:26:09.161,1.47883,1.47896,3.56,1.00
2017.11.20 04:26:09.649,1.47884,1.47898,1.75,1.50
2017.11.20 04:26:10.058,1.47889,1.47901,1.00,1.00
2017.11.20 04:26:10.326,1.47888,1.47899,1.19,1.00
2017.11.20 04:26:10.530,1.47886,1.47898,1.25,1.00
2017.11.20 04:26:11.052,1.47886,1.47897,1.25,1.00
2017.11.20 04:26:11.652,1.47886,1.47897,1.69,1.00
2017.11.20 04:26:12.830,1.47886,1.47897,1.25,1.00
2017.11.20 04:26:13.922,1.47886,1.47897,1.19,1.00
2017.11.20 04:26:14.329,1.47887,1.47899,1.81,1.00
2017.11.20 04:26:14.837,1.47886,1.47898,2.62,1.00
2017.11.20 04:26:15.680,1.47886,1.47898,1.25,1.00
2017.11.20 04:26:16.188,1.47886,1.47897,1.12,1.00
2017.11.20 04:26:16.494,1.47886,1.47899,1.12,1.00
2017.11.20 04:26:17.226,1.47884,1.47897,2.62,1.00
2017.11.20 04:26:17.737,1.47884,1.47898,2.62,1.00
2017.11.20 04:26:18.259,1.47885,1.47898,1.87,1.00
2017.11.20 04:26:19.607,1.47885,1.47897,1.37,1.00
2017.11.20 04:26:20.131,1.47885,1.47898,1.44,1.00
2017.11.20 04:26:20.643,1.47885,1.47897,1.44,1.00
2017.11.20 04:26:22.643,1.47884,1.47897,2.25,1.00
2017.11.20 04:26:23.217,1.47885,1.47897,1.44,1.00
2017.11.20 04:26:23.778,1.47885,1.47897,1.50,1.00
2017.11.20 04:26:24.711,1.47885,1.47898,1.19,1.25
2017.11.20 04:26:24.916,1.47882,1.47895,1.00,1.25
2017.11.20 04:26:25.069,1.47882,1.47894,1.69,1.00
2017.11.20 04:26:25.477,1.47882,1.47897,2.62,1.00
2017.11.20 04:26:26.295,1.47884,1.47896,1.69,1.00
2017.11.20 04:26:27.278,1.47884,1.47898,2.06,1.00
2017.11.20 04:26:27.788,1.47885,1.47897,1.19,1.00
2017.11.20 04:26:30.115,1.47886,1.47898,1.50,1.00
2017.11.20 04:26:30.217,1.47886,1.479,1.50,1.25
2017.11.20 04:26:30.945,1.47886,1.47899,2.25,1.00
2017.11.20 04:26:31.465,1.47886,1.47899,2.62,1.00
2017.11.20 04:26:32.093,1.47886,1.47899,2.25,1.00
2017.11.20 04:26:32.144,1.47886,1.47899,3.56,1.00
2017.11.20 04:26:32.450,1.47887,1.47901,1.69,1.19
2017.11.20 04:26:34.311,1.47887,1.47902,1.81,1.00
2017.11.20 04:26:34.850,1.47887,1.47902,1.97,1.25
2017.11.20 04:26:35.849,1.47888,1.47902,1.56,1.25
2017.11.20 04:26:36.399,1.47888,1.47903,1.44,2.06
2017.11.20 04:26:37.240,1.47888,1.47901,1.44,1.00
2017.11.20 04:26:38.020,1.47887,1.47901,2.41,1.00
2017.11.20 04:26:38.855,1.47891,1.47904,1.44,1.00
2017.11.20 04:26:38.958,1.47892,1.47904,2.62,1.00
2017.11.20 04:26:39.009,1.47893,1.47906,1.44,1.00
2017.11.20 04:26:39.264,1.47896,1.47906,1.00,1.00
2017.11.20 04:26:40.310,1.47896,1.47908,1.25,1.19
2017.11.20 04:26:45.252,1.47895,1.47907,1.19,1.25
2017.11.20 04:26:49.197,1.47893,1.47907,3.56,1.25
2017.11.20 04:26:52.504,1.47896,1.47908,2.06,1.00
2017.11.20 04:26:52.761,1.479,1.47914,1.31,1.00
2017.11.20 04:26:52.814,1.479,1.47913,1.56,1.00
2017.11.20 04:26:54.125,1.47906,1.47913,1.00,1.00
2017.11.20 04:26:54.230,1.479,1.47913,3.37,1.00
2017.11.20 04:26:54.282,1.47908,1.47917,2.19,1.00
2017.11.20 04:26:54.334,1.47915,1.47928,2.44,1.50
2017.11.20 04:26:54.439,1.47914,1.4793,1.00,3.38
2017.11.20 04:26:54.651,1.47909,1.47925,1.37,1.19
2017.11.20 04:26:55.315,1.47909,1.47922,1.37,1.00
2017.11.20 04:26:55.573,1.47909,1.47924,1.75,1.25
2017.11.20 04:26:56.551,1.47909,1.47924,1.75,1.25
2017.11.20 04:26:57.709,1.47909,1.47924,1.75,1.25
2017.11.20 04:26:58.242,1.47909,1.47923,1.87,1.00
2017.11.20 04:26:58.859,1.47909,1.47923,1.87,1.00
2017.11.20 04:26:59.394,1.47912,1.47925,1.12,1.00
2017.11.20 04:27:00.125,1.47911,1.47924,1.87,1.00
2017.11.20 04:27:00.657,1.4791,1.47923,2.25,1.00
2017.11.20 04:27:01.166,1.47909,1.47922,1.12,1.00
2017.11.20 04:27:01.675,1.47908,1.47922,2.25,1.00
2017.11.20 04:27:02.185,1.47908,1.47921,1.00,1.00
2017.11.20 04:27:02.237,1.47907,1.47919,1.25,1.00
2017.11.20 04:27:03.527,1.47907,1.47919,1.50,1.00
2017.11.20 04:27:04.049,1.47907,1.4792,1.50,1.00
2017.11.20 04:27:04.413,1.47907,1.47923,1.50,1.00
2017.11.20 04:27:04.464,1.47908,1.47924,1.50,2.06
2017.11.20 04:27:08.104,1.47908,1.47923,2.25,1.00
2017.11.20 04:27:08.409,1.47908,1.47923,2.25,1.00
2017.11.20 04:27:09.031,1.47908,1.47925,2.06,1.19
2017.11.20 04:27:09.646,1.4791,1.47925,1.12,1.19
2017.11.20 04:27:10.017,1.47911,1.47926,1.87,1.25
2017.11.20 04:27:11.437,1.47912,1.47926,2.25,1.25
2017.11.20 04:27:13.557,1.4791,1.47925,1.87,1.00
2017.11.20 04:27:14.085,1.47911,1.47926,1.12,1.25
2017.11.20 04:27:15.161,1.47912,1.47925,1.44,1.00
2017.11.20 04:27:16.268,1.4791,1.47925,1.87,1.00
2017.11.20 04:27:17.396,1.4791,1.47925,1.87,1.00
2017.11.20 04:27:18.522,1.47915,1.47928,1.75,1.00
2017.11.20 04:27:18.574,1.47915,1.4793,1.75,1.25
2017.11.20 04:27:18.882,1.47917,1.47932,1.37,1.25
2017.11.20 04:27:19.354,1.47917,1.47932,1.37,1.00
2017.11.20 04:27:20.334,1.47923,1.47932,1.81,1.00
2017.11.20 04:27:20.386,1.47925,1.47936,1.44,1.00
2017.11.20 04:27:20.440,1.47925,1.4794,1.44,1.25
2017.11.20 04:27:20.491,1.47925,1.47938,1.44,1.00
2017.11.20 04:27:21.000,1.47925,1.47937,1.44,1.00
2017.11.20 04:27:21.510,1.47924,1.47938,1.12,1.00
2017.11.20 04:27:22.234,1.47924,1.47936,1.12,1.00
2017.11.20 04:27:23.792,1.47925,1.47939,1.44,1.00
2017.11.20 04:27:26.190,1.47925,1.47939,1.12,1.00
2017.11.20 04:27:27.384,1.47924,1.47939,1.37,1.00
2017.11.20 04:27:27.435,1.47924,1.47937,1.37,1.00
2017.11.20 04:27:29.127,1.47922,1.47936,2.62,1.00
2017.11.20 04:27:31.335,1.47924,1.47938,1.37,1.00
2017.11.20 04:27:33.587,1.47924,1.47939,1.12,1.00
2017.11.20 04:27:35.491,1.47924,1.47939,2.25,1.00
2017.11.20 04:27:36.293,1.47924,1.47938,2.62,1.00
2017.11.20 04:27:36.999,1.47924,1.4794,2.25,1.00
2017.11.20 04:27:37.603,1.47924,1.4794,2.25,1.00
2017.11.20 04:27:37.756,1.47924,1.47938,1.87,1.00
2017.11.20 04:27:39.716,1.47926,1.47941,1.31,1.31
2017.11.20 04:27:39.771,1.47926,1.47942,1.25,2.62
2017.11.20 04:27:39.822,1.47928,1.47942,1.56,1.00
2017.11.20 04:27:39.925,1.4793,1.47945,1.62,2.06
2017.11.20 04:27:39.977,1.4793,1.47942,1.44,1.00
2017.11.20 04:27:40.029,1.4793,1.47944,1.87,1.25
2017.11.20 04:27:40.285,1.47932,1.47947,1.12,1.25
2017.11.20 04:27:40.337,1.47933,1.47947,1.00,1.25
2017.11.20 04:27:40.795,1.47933,1.47945,1.00,1.00
2017.11.20 04:27:41.337,1.47932,1.47945,2.25,1.00
2017.11.20 04:27:46.417,1.47936,1.47949,1.50,1.00
2017.11.20 04:27:46.476,1.47937,1.47951,1.00,1.50
2017.11.20 04:27:46.528,1.47936,1.47949,2.44,1.00
2017.11.20 04:27:46.580,1.47936,1.47951,1.44,1.25
2017.11.20 04:27:46.632,1.47936,1.47949,1.44,1.00
2017.11.20 04:27:46.940,1.47943,1.47956,1.81,1.00
2017.11.20 04:27:48.094,1.47944,1.47956,1.69,1.00
2017.11.20 04:27:53.116,1.47945,1.47958,1.56,1.19
2017.11.20 04:27:55.016,1.47945,1.47956,1.56,1.00
2017.11.20 04:27:55.867,1.47943,1.47952,1.81,1.00
2017.11.20 04:27:55.921,1.47941,1.47953,3.60,1.00
2017.11.20 04:27:55.974,1.47938,1.47953,5.10,1.00
2017.11.20 04:27:56.027,1.47938,1.47951,3.79,1.25
2017.11.20 04:27:56.553,1.4794,1.47952,2.66,1.00
2017.11.20 04:27:56.605,1.47942,1.47955,1.35,1.00
2017.11.20 04:27:57.111,1.47942,1.47955,3.04,1.00
2017.11.20 04:27:58.071,1.47944,1.47955,1.43,1.00
2017.11.20 04:28:02.512,1.47943,1.47957,2.25,1.25
2017.11.20 04:28:04.025,1.47943,1.47957,2.06,1.25
2017.11.20 04:28:05.313,1.47943,1.47957,2.62,1.25
2017.11.20 04:28:06.949,1.47944,1.47957,1.12,1.00
2017.11.20 04:28:09.135,1.47946,1.47959,1.31,1.00
2017.11.20 04:28:09.644,1.47946,1.47958,3.19,1.00
2017.11.20 04:28:11.015,1.47946,1.47959,2.62,1.00
2017.11.20 04:28:13.027,1.47947,1.47959,1.31,1.00
2017.11.20 04:28:13.232,1.47949,1.47961,1.25,1.00
2017.11.20 04:28:13.590,1.47948,1.4796,2.19,1.00
2017.11.20 04:28:13.642,1.47948,1.4796,2.06,1.00
2017.11.20 04:28:14.805,1.47949,1.47962,1.19,1.25
2017.11.20 04:28:15.315,1.47949,1.47961,1.87,1.00
2017.11.20 04:28:17.079,1.47949,1.47961,1.69,1.00
2017.11.20 04:28:18.367,1.47949,1.4796,2.44,1.00
2017.11.20 04:28:18.792,1.4795,1.47962,1.31,1.00
2017.11.20 04:28:20.450,1.47949,1.47961,1.19,1.00
2017.11.20 04:28:21.584,1.47948,1.47962,2.44,1.25
2017.11.20 04:28:22.093,1.4795,1.47962,1.31,1.25
2017.11.20 04:28:23.142,1.4795,1.4796,1.19,1.00
2017.11.20 04:28:23.470,1.47948,1.4796,1.69,1.25
2017.11.20 04:28:23.521,1.47948,1.47959,1.31,1.00
2017.11.20 04:28:23.674,1.47948,1.47959,1.69,1.00
2017.11.20 04:28:24.976,1.47946,1.47959,1.31,1.00
2017.11.20 04:28:25.416,1.47946,1.47956,1.00,1.00
2017.11.20 04:28:25.984,1.47945,1.47955,1.31,1.00
2017.11.20 04:28:35.118,1.47942,1.47955,2.25,1.00
2017.11.20 04:28:35.169,1.47942,1.47954,1.56,1.19
2017.11.20 04:28:35.221,1.4794,1.47952,2.25,1.00
2017.11.20 04:28:35.751,1.4794,1.47952,1.19,1.00
2017.11.20 04:28:36.579,1.4794,1.47952,1.31,1.00
2017.11.20 04:28:37.723,1.4794,1.47952,1.19,1.00
2017.11.20 04:28:38.961,1.4794,1.47952,1.25,1.00
2017.11.20 04:28:40.095,1.4794,1.47951,1.00,1.00
2017.11.20 04:28:40.147,1.47938,1.47951,1.69,1.19
2017.11.20 04:28:40.659,1.47938,1.47949,1.50,1.00
2017.11.20 04:28:40.965,1.4794,1.47953,1.00,1.31
2017.11.20 04:28:41.596,1.47939,1.47954,1.00,2.06
2017.11.20 04:28:43.747,1.47938,1.47952,1.69,1.56
2017.11.20 04:28:44.079,1.47936,1.47951,1.00,1.50
2017.11.20 04:28:44.830,1.47936,1.47951,1.00,1.50
2017.11.20 04:28:45.140,1.47938,1.47951,1.00,1.12
2017.11.20 04:28:51.552,1.47936,1.47952,1.25,1.81
2017.11.20 04:28:51.603,1.47936,1.4795,1.00,1.31
2017.11.20 04:28:52.119,1.47937,1.4795,1.00,1.31
2017.11.20 04:29:00.702,1.47936,1.4795,1.00,2.44
2017.11.20 04:29:01.211,1.47937,1.47949,1.25,1.19
2017.11.20 04:29:01.721,1.47938,1.47949,1.00,1.69
2017.11.20 04:29:01.773,1.47935,1.47949,1.00,1.69
2017.11.20 04:29:02.316,1.47936,1.47949,1.00,1.50
2017.11.20 04:29:03.219,1.47935,1.47949,1.00,2.06
2017.11.20 04:29:03.373,1.47932,1.47947,1.00,1.87
2017.11.20 04:29:04.993,1.47931,1.47947,1.00,4.12
2017.11.20 04:29:05.249,1.4793,1.47945,1.25,3.00
2017.11.20 04:29:06.147,1.47931,1.47945,1.00,3.00
2017.11.20 04:29:11.489,1.47936,1.47945,1.00,1.87
2017.11.20 04:29:11.591,1.47939,1.47951,1.00,1.37
2017.11.20 04:29:12.138,1.4794,1.47951,1.00,1.37
2017.11.20 04:29:15.403,1.47941,1.47951,1.00,1.44
2017.11.20 04:29:15.456,1.47942,1.47953,1.00,1.19
2017.11.20 04:29:15.507,1.47944,1.47954,1.00,1.25
2017.11.20 04:29:15.610,1.47944,1.47956,1.00,1.25
2017.11.20 04:29:15.712,1.47944,1.47956,1.00,1.50
2017.11.20 04:29:16.335,1.47944,1.47956,1.00,1.19
2017.11.20 04:29:16.590,1.47942,1.47956,1.00,1.19
2017.11.20 04:29:18.540,1.47941,1.47956,1.12,1.44
2017.11.20 04:29:21.352,1.47941,1.47956,1.00,1.50
2017.11.20 04:29:23.812,1.4794,1.47955,1.00,2.44
2017.11.20 04:29:24.135,1.47937,1.47952,1.50,1.87
2017.11.20 04:29:29.374,1.47936,1.47952,1.00,1.87
2017.11.20 04:29:30.565,1.47935,1.47952,1.87,2.44
2017.11.20 04:29:32.214,1.4794,1.47953,1.00,1.19
2017.11.20 04:29:32.744,1.4794,1.47953,1.00,1.13
2017.11.20 04:29:33.592,1.47939,1.47954,1.00,2.63
2017.11.20 04:29:34.143,1.47938,1.47954,1.00,2.44
2017.11.20 04:29:36.350,1.47938,1.47952,1.00,1.44
2017.11.20 04:29:42.121,1.47936,1.47951,1.00,1.44
2017.11.20 04:29:42.670,1.47935,1.47951,1.50,1.50
2017.11.20 04:29:43.201,1.47935,1.47951,1.50,2.06
2017.11.20 04:29:43.304,1.47936,1.47951,1.00,2.62
2017.11.20 04:29:44.606,1.47933,1.47947,1.00,2.44
2017.11.20 04:29:44.790,1.47928,1.47944,1.00,2.63
2017.11.20 04:29:44.945,1.47927,1.47941,1.00,1.19
2017.11.20 04:29:45.448,1.47926,1.47942,1.25,2.06
2017.11.20 04:29:48.098,1.47925,1.47942,2.44,2.44
2017.11.20 04:29:49.968,1.47927,1.47942,1.25,2.62
2017.11.20 04:29:50.486,1.47928,1.47942,1.00,2.06
2017.11.20 04:29:50.815,1.4793,1.47942,1.00,1.81
2017.11.20 04:29:51.466,1.4793,1.47942,1.00,1.56
2017.11.20 04:29:52.144,1.47929,1.47944,1.00,2.25
2017.11.20 04:29:53.412,1.47931,1.47944,1.00,2.06
2017.11.20 04:29:56.714,1.4793,1.47944,1.00,1.87
2017.11.20 04:29:57.349,1.47931,1.47944,1.00,2.25
2017.11.20 04:29:59.082,1.4793,1.47944,1.00,2.25
2017.11.20 04:29:59.589,1.47931,1.47944,1.00,2.25
2017.11.20 04:30:00.097,1.4793,1.47944,1.00,2.25
2017.11.20 04:30:00.523,1.4793,1.47944,2.44,1.00
2017.11.20 04:30:00.575,1.47932,1.47946,1.37,1.00
2017.11.20 04:30:00.678,1.47936,1.47949,1.00,1.00
2017.11.20 04:30:01.928,1.47937,1.47951,1.00,1.37
2017.11.20 04:30:11.493,1.47937,1.47951,1.25,1.12
2017.11.20 04:30:12.210,1.47938,1.47951,1.00,1.25
2017.11.20 04:30:12.762,1.4794,1.47953,1.00,1.69
2017.11.20 04:30:13.272,1.47941,1.47955,1.50,1.50
2017.11.20 04:30:16.708,1.4794,1.47955,2.81,1.50
2017.11.20 04:30:17.014,1.4794,1.47955,2.44,2.25
2017.11.20 04:30:17.528,1.4794,1.47953,1.00,1.50
2017.11.20 04:30:20.798,1.47938,1.47952,1.00,1.37
2017.11.20 04:30:22.440,1.47939,1.47952,1.00,1.37
2017.11.20 04:30:22.967,1.47939,1.47952,1.44,1.19
2017.11.20 04:30:36.003,1.47939,1.47954,1.19,3.56
2017.11.20 04:30:36.798,1.47939,1.47953,1.19,2.06
2017.11.20 04:30:37.496,1.47939,1.47955,1.19,3.56
2017.11.20 04:30:37.548,1.47939,1.47955,1.19,1.87
2017.11.20 04:30:37.753,1.47939,1.47955,1.19,2.06
2017.11.20 04:30:38.111,1.47939,1.47955,1.87,2.06
2017.11.20 04:30:38.443,1.4794,1.47955,1.69,1.25
2017.11.20 04:30:38.825,1.47941,1.47958,2.06,2.62
2017.11.20 04:30:43.361,1.47942,1.47958,1.25,2.06
2017.11.20 04:30:43.514,1.47942,1.47958,1.19,3.56
2017.11.20 04:30:44.025,1.47942,1.47958,2.81,1.62
2017.11.20 04:30:45.979,1.47942,1.47958,1.50,1.00
2017.11.20 04:30:50.264,1.47941,1.47958,2.25,2.06
2017.11.20 04:30:50.796,1.47941,1.47958,2.25,1.69
2017.11.20 04:30:52.270,1.47943,1.47958,1.19,1.87
2017.11.20 04:30:52.849,1.47943,1.47958,1.19,1.87
2017.11.20 04:30:58.188,1.47943,1.47958,1.19,1.69
2017.11.20 04:30:58.861,1.47943,1.47958,1.25,1.69
2017.11.20 04:31:01.015,1.47942,1.47957,1.31,1.37
2017.11.20 04:31:01.517,1.47942,1.47958,1.44,1.87
2017.11.20 04:31:06.241,1.47942,1.47958,1.44,4.31
2017.11.20 04:31:06.634,1.47941,1.47955,1.00,1.69
2017.11.20 04:31:07.160,1.4794,1.47955,1.00,3.94
2017.11.20 04:31:11.245,1.4794,1.47955,1.87,1.31
2017.11.20 04:31:14.627,1.4794,1.47956,1.25,2.25
2017.11.20 04:31:15.163,1.47939,1.47955,2.06,1.62
2017.11.20 04:31:16.858,1.47939,1.47954,1.00,1.75
2017.11.20 04:31:17.266,1.47937,1.47952,1.50,1.00
2017.11.20 04:31:17.775,1.47937,1.47953,1.69,1.13
2017.11.20 04:31:18.339,1.47937,1.47954,1.69,2.63
2017.11.20 04:31:18.849,1.47937,1.47953,1.69,1.13
2017.11.20 04:31:20.468,1.47938,1.47953,1.25,1.38
2017.11.20 04:31:20.990,1.47937,1.47953,1.19,1.75
2017.11.20 04:31:21.846,1.47937,1.47953,1.19,1.50
2017.11.20 04:31:22.646,1.47937,1.47953,1.19,1.75
2017.11.20 04:31:23.115,1.47937,1.47952,1.25,1.13
2017.11.20 04:31:23.476,1.47937,1.47952,1.69,1.37
2017.11.20 04:31:23.528,1.47937,1.47954,1.87,3.00
2017.11.20 04:31:23.732,1.47937,1.47953,1.69,1.50
2017.11.20 04:31:24.455,1.47937,1.47952,1.19,1.12
2017.11.20 04:31:24.747,1.47937,1.47952,1.19,1.63
2017.11.20 04:31:25.286,1.47937,1.47952,1.19,1.63
2017.11.20 04:31:25.949,1.47937,1.47952,1.19,1.69
2017.11.20 04:31:33.505,1.47937,1.47952,1.19,3.94
2017.11.20 04:31:34.104,1.47937,1.47952,1.25,3.38
2017.11.20 04:31:34.616,1.47936,1.47951,1.69,2.81
2017.11.20 04:31:35.217,1.47935,1.47949,1.50,3.19
2017.11.20 04:31:35.802,1.47935,1.47949,1.00,1.37
2017.11.20 04:31:38.393,1.47936,1.4795,1.00,2.25
2017.11.20 04:31:38.902,1.47935,1.4795,1.00,2.25
2017.11.20 04:31:39.417,1.47935,1.4795,1.19,1.56
2017.11.20 04:31:41.358,1.47935,1.4795,1.19,1.25
2017.11.20 04:31:42.312,1.47933,1.47949,1.69,1.12
2017.11.20 04:31:42.861,1.47933,1.47948,1.00,2.06
2017.11.20 04:31:43.742,1.47932,1.47946,1.69,1.69
2017.11.20 04:31:45.366,1.47933,1.47947,1.25,1.81
2017.11.20 04:31:45.882,1.47932,1.47946,1.69,1.19
2017.11.20 04:31:46.697,1.47933,1.47946,1.25,1.25
2017.11.20 04:31:48.995,1.47933,1.47946,1.19,1.25
2017.11.20 04:31:50.491,1.47934,1.47947,1.25,1.87
2017.11.20 04:31:50.542,1.47932,1.47947,2.06,2.06
2017.11.20 04:31:50.594,1.47932,1.47947,2.06,2.06
2017.11.20 04:31:51.930,1.47933,1.47947,1.19,1.19
2017.11.20 04:31:52.803,1.47933,1.47947,1.69,1.19
2017.11.20 04:31:52.958,1.47936,1.4795,1.31,1.12
2017.11.20 04:31:53.482,1.47938,1.47952,1.00,2.06
2017.11.20 04:31:57.441,1.47938,1.47952,1.00,2.06
2017.11.20 04:31:58.240,1.47937,1.47952,1.19,1.62
2017.11.20 04:31:58.496,1.47938,1.47953,1.69,1.19
2017.11.20 04:31:58.598,1.47938,1.47953,1.69,1.19
2017.11.20 04:31:59.624,1.47938,1.47954,1.69,2.62
2017.11.20 04:32:00.613,1.47938,1.47953,1.31,1.50
2017.11.20 04:32:02.144,1.47936,1.4795,1.31,1.19
2017.11.20 04:32:04.859,1.47936,1.47951,1.19,1.31
2017.11.20 04:32:08.005,1.47935,1.47951,1.69,1.56
2017.11.20 04:32:10.610,1.47935,1.4795,1.19,1.31
2017.11.20 04:32:10.713,1.47935,1.4795,1.00,1.87
2017.11.20 04:32:11.601,1.47935,1.47949,1.00,1.12
2017.11.20 04:32:14.163,1.47935,1.47949,1.00,1.12
2017.11.20 04:32:16.505,1.47935,1.47949,1.00,1.12
2017.11.20 04:32:17.674,1.47935,1.4795,1.00,3.00
2017.11.20 04:32:19.253,1.47935,1.47949,1.00,2.62
2017.11.20 04:32:20.962,1.47935,1.4795,1.00,1.12
2017.11.20 04:32:22.408,1.47935,1.47949,1.25,1.31
2017.11.20 04:32:22.945,1.47933,1.47948,1.19,1.19
2017.11.20 04:32:23.741,1.47933,1.47948,1.19,1.25
2017.11.20 04:32:25.041,1.47933,1.47948,1.31,1.19
2017.11.20 04:32:26.270,1.47933,1.47948,1.31,1.31
2017.11.20 04:32:28.727,1.47934,1.47948,1.19,1.31
2017.11.20 04:32:31.169,1.47934,1.47948,1.19,1.31
2017.11.20 04:32:33.751,1.47934,1.47948,1.19,1.19
2017.11.20 04:32:37.347,1.47933,1.47948,1.69,2.44
2017.11.20 04:32:38.143,1.4793,1.47947,1.69,2.06
2017.11.20 04:32:38.297,1.47929,1.47947,2.44,3.37
2017.11.20 04:32:43.701,1.47934,1.47947,1.00,1.87
2017.11.20 04:32:43.804,1.47935,1.47947,1.00,1.25
2017.11.20 04:32:44.328,1.47935,1.47949,1.19,2.44
2017.11.20 04:32:44.978,1.47934,1.47949,1.19,1.69
2017.11.20 04:32:48.279,1.47934,1.47949,1.31,1.69
2017.11.20 04:32:49.587,1.47937,1.47949,1.00,1.25
2017.11.20 04:32:50.133,1.47936,1.47949,1.25,1.31
2017.11.20 04:32:54.861,1.47933,1.47948,1.12,1.12
2017.11.20 04:32:54.913,1.47931,1.47948,2.62,3.56
2017.11.20 04:32:55.955,1.47931,1.47947,2.44,1.31
2017.11.20 04:32:56.261,1.47932,1.47949,1.69,1.69
2017.11.20 04:32:56.587,1.47932,1.47949,1.69,1.56
2017.11.20 04:33:05.851,1.47932,1.47949,1.87,2.06
2017.11.20 04:33:07.150,1.47933,1.47949,1.31,1.19
2017.11.20 04:33:10.884,1.47933,1.47949,1.44,2.06
2017.11.20 04:33:14.297,1.47933,1.47949,1.31,1.87
2017.11.20 04:33:21.358,1.47933,1.47949,1.31,1.50
2017.11.20 04:33:23.401,1.47933,1.47949,1.19,1.69
2017.11.20 04:33:24.595,1.47933,1.47949,1.19,1.87
2017.11.20 04:33:25.755,1.47933,1.47949,1.19,1.50
2017.11.20 04:33:26.288,1.47933,1.47949,1.44,1.88
2017.11.20 04:33:26.802,1.47935,1.47949,1.69,1.19
2017.11.20 04:33:26.904,1.47935,1.47951,2.06,1.37
2017.11.20 04:33:27.414,1.47935,1.47951,2.62,1.00
2017.11.20 04:33:29.205,1.47935,1.47951,2.81,1.25
2017.11.20 04:33:29.836,1.47935,1.47951,3.56,1.25
2017.11.20 04:33:32.065,1.47939,1.47952,1.31,1.19
2017.11.20 04:33:32.269,1.47939,1.47953,2.06,1.00
2017.11.20 04:33:32.422,1.47942,1.47956,1.12,1.50
2017.11.20 04:33:35.461,1.47941,1.47955,1.12,1.00
2017.11.20 04:33:36.955,1.4794,1.47951,1.19,1.00
2017.11.20 04:33:37.058,1.4794,1.47951,1.00,1.37
2017.11.20 04:33:37.570,1.47937,1.47953,1.56,4.12
2017.11.20 04:33:38.080,1.47937,1.47951,1.44,1.25
2017.11.20 04:33:39.662,1.47937,1.47952,1.19,2.06
2017.11.20 04:33:40.182,1.47937,1.47951,1.19,1.12
2017.11.20 04:33:49.030,1.47935,1.47948,1.00,2.44
2017.11.20 04:33:49.268,1.47928,1.47944,1.62,2.25
2017.11.20 04:33:49.793,1.47927,1.47943,2.25,1.69
2017.11.20 04:33:54.170,1.47929,1.47944,1.25,1.87
2017.11.20 04:33:54.222,1.4793,1.47945,1.19,1.87
2017.11.20 04:33:54.484,1.47932,1.47948,1.87,1.25
2017.11.20 04:33:56.402,1.47934,1.47949,1.69,1.00
2017.11.20 04:33:57.212,1.47934,1.47948,1.25,1.00
2017.11.20 04:33:57.699,1.47934,1.47949,1.25,2.44
2017.11.20 04:33:58.319,1.47934,1.47949,1.31,1.19
2017.11.20 04:33:58.580,1.47934,1.47949,1.31,1.31
2017.11.20 04:34:03.732,1.47934,1.47949,1.19,1.19
2017.11.20 04:34:05.248,1.47934,1.47949,1.19,1.31
2017.11.20 04:34:06.941,1.47934,1.47949,1.19,1.31
2017.11.20 04:34:09.552,1.47934,1.47949,1.19,1.31
2017.11.20 04:34:16.303,1.47934,1.47949,1.19,1.69
2017.11.20 04:34:20.932,1.47934,1.47949,1.19,2.06
2017.11.20 04:34:21.551,1.47934,1.47949,1.19,2.44
2017.11.20 04:34:24.355,1.47934,1.47949,4.12,1.31
2017.11.20 04:34:26.500,1.47934,1.47949,2.81,1.69
2017.11.20 04:34:26.955,1.47934,1.47949,1.69,3.75
2017.11.20 04:34:27.601,1.47934,1.47949,1.19,1.87
2017.11.20 04:34:28.181,1.47934,1.47949,1.19,1.44
2017.11.20 04:34:28.751,1.47934,1.47949,1.19,1.50
2017.11.20 04:34:28.908,1.47934,1.47946,1.00,1.87
2017.11.20 04:34:28.960,1.47931,1.47945,1.00,1.56
2017.11.20 04:34:29.011,1.47928,1.47943,1.31,1.19
2017.11.20 04:34:29.571,1.47929,1.47943,1.19,1.50
2017.11.20 04:34:29.626,1.47931,1.47941,1.19,2.24
2017.11.20 04:34:29.678,1.47927,1.47941,1.19,2.61
2017.11.20 04:34:29.730,1.47925,1.4794,1.31,1.37
2017.11.20 04:34:29.781,1.47925,1.4794,2.25,1.12
2017.11.20 04:34:29.884,1.47925,1.4794,2.44,2.25
2017.11.20 04:34:40.152,1.47925,1.4794,2.00,1.12
2017.11.20 04:34:40.410,1.47932,1.47948,3.56,1.00
2017.11.20 04:34:40.685,1.47936,1.47948,1.37,1.00
2017.11.20 04:34:40.787,1.47936,1.4795,1.50,1.50
2017.11.20 04:34:40.839,1.47938,1.47953,1.87,1.00
2017.11.20 04:34:41.197,1.47941,1.47955,1.19,1.50
2017.11.20 04:34:42.153,1.47941,1.47955,1.19,1.62
2017.11.20 04:34:42.256,1.47939,1.47954,1.31,1.31
2017.11.20 04:34:42.308,1.47936,1.47951,1.37,1.31
2017.11.20 04:34:42.411,1.47935,1.4795,1.12,1.37
2017.11.20 04:34:43.091,1.47935,1.47949,1.25,1.31
2017.11.20 04:34:43.452,1.47929,1.47945,1.44,3.94
2017.11.20 04:34:44.476,1.47927,1.47943,1.50,1.37
2017.11.20 04:34:44.579,1.47926,1.47943,3.19,2.62
2017.11.20 04:34:44.682,1.47925,1.47941,1.44,5.06
2017.11.20 04:34:45.157,1.47922,1.47937,1.87,3.00
2017.11.20 04:34:45.208,1.47922,1.47937,1.37,3.00
2017.11.20 04:34:46.243,1.47923,1.47936,1.44,1.37
2017.11.20 04:34:46.345,1.47925,1.47939,1.12,1.31
2017.11.20 04:34:46.499,1.47926,1.47939,1.37,1.00
2017.11.20 04:34:46.705,1.47924,1.47939,1.81,1.13
2017.11.20 04:34:47.219,1.47924,1.47939,1.37,1.37
2017.11.20 04:34:47.728,1.47924,1.47939,1.44,1.56
2017.11.20 04:34:48.232,1.47926,1.4794,1.25,1.25
2017.11.20 04:34:48.752,1.47926,1.4794,1.25,1.44
2017.11.20 04:34:49.260,1.47926,1.4794,1.12,1.25
2017.11.20 04:34:49.833,1.47926,1.4794,1.44,1.25
2017.11.20 04:34:50.375,1.47926,1.4794,1.50,1.25
2017.11.20 04:34:52.394,1.47925,1.4794,1.50,1.25
2017.11.20 04:34:52.699,1.47925,1.4794,1.31,1.19
2017.11.20 04:34:54.316,1.47925,1.4794,1.25,1.19
2017.11.20 04:34:55.054,1.47923,1.47937,1.25,1.37
2017.11.20 04:34:55.259,1.4792,1.47934,1.12,1.31
2017.11.20 04:34:55.685,1.47919,1.47931,1.69,1.00
2017.11.20 04:34:57.112,1.47921,1.47935,1.25,1.25
2017.11.20 04:34:57.164,1.47921,1.47935,2.62,1.00
2017.11.20 04:34:57.568,1.47923,1.47936,2.00,1.00
2017.11.20 04:34:57.722,1.47923,1.47936,2.25,1.00
2017.11.20 04:34:57.824,1.47925,1.47936,1.50,1.00
2017.11.20 04:34:58.079,1.47925,1.4794,2.25,1.12
2017.11.20 04:34:59.182,1.47927,1.4794,1.19,1.12
2017.11.20 04:35:00.358,1.47927,1.4794,1.31,1.12
2017.11.20 04:35:00.890,1.47927,1.4794,3.19,1.00
2017.11.20 04:35:01.632,1.47927,1.4794,2.62,1.00
2017.11.20 04:35:02.143,1.47928,1.4794,1.31,1.00
2017.11.20 04:35:03.025,1.47929,1.4794,1.25,1.00
2017.11.20 04:35:04.215,1.47927,1.4794,2.44,1.00
2017.11.20 04:35:04.623,1.47927,1.4794,1.87,1.00
2017.11.20 04:35:06.061,1.4793,1.4794,1.44,1.00
2017.11.20 04:35:06.839,1.47929,1.4794,1.50,1.00
2017.11.20 04:35:07.999,1.47928,1.4794,2.62,1.00
2017.11.20 04:35:09.152,1.47928,1.4794,1.69,1.12
2017.11.20 04:35:09.254,1.47926,1.4794,1.25,1.00
2017.11.20 04:35:09.459,1.47924,1.47939,2.25,1.56
2017.11.20 04:35:09.663,1.4792,1.47935,3.19,1.00
2017.11.20 04:35:09.767,1.4792,1.47935,1.12,1.69
2017.11.20 04:35:09.819,1.47918,1.47933,4.31,1.37
2017.11.20 04:35:09.871,1.47918,1.47931,1.00,1.00
2017.11.20 04:35:10.789,1.47916,1.47931,1.87,1.12
2017.11.20 04:35:11.509,1.47916,1.47931,1.87,1.12
2017.11.20 04:35:12.120,1.47918,1.47931,1.62,1.12
2017.11.20 04:35:12.172,1.47921,1.47934,1.00,1.87
2017.11.20 04:35:12.223,1.47922,1.47934,1.69,1.00
2017.11.20 04:35:12.569,1.47923,1.47934,2.06,1.00
2017.11.20 04:35:12.932,1.47923,1.47937,2.25,1.00
2017.11.20 04:35:14.659,1.47922,1.47937,2.06,1.12
2017.11.20 04:35:15.401,1.47923,1.47937,1.81,1.12
2017.11.20 04:35:17.134,1.47924,1.47937,1.87,1.00
2017.11.20 04:35:17.769,1.47924,1.47937,2.25,1.00
2017.11.20 04:35:20.065,1.47924,1.47937,2.00,1.00
2017.11.20 04:35:20.871,1.47924,1.47937,2.25,1.00
2017.11.20 04:35:40.992,1.47922,1.47937,1.12,1.62
2017.11.20 04:35:41.146,1.4792,1.47935,1.31,1.00
2017.11.20 04:35:41.350,1.47922,1.47935,1.44,1.00
2017.11.20 04:35:43.771,1.47922,1.47937,2.25,1.12
2017.11.20 04:35:45.748,1.47922,1.47937,3.37,1.12
2017.11.20 04:35:46.265,1.47924,1.47937,1.19,1.00
2017.11.20 04:35:46.861,1.47924,1.47937,1.00,1.00
2017.11.20 04:35:47.372,1.47923,1.47937,1.87,1.00
2017.11.20 04:35:51.069,1.47924,1.47937,1.19,1.50
2017.11.20 04:35:51.120,1.47921,1.47936,1.62,2.06
2017.11.20 04:35:51.172,1.4792,1.47935,3.56,1.62
2017.11.20 04:35:51.274,1.47918,1.47933,1.50,2.44
2017.11.20 04:35:51.326,1.47918,1.47935,3.56,1.37
2017.11.20 04:35:51.378,1.4792,1.47935,1.88,1.00
2017.11.20 04:35:51.669,1.47923,1.47938,1.12,1.69
2017.11.20 04:36:03.027,1.47923,1.47938,1.25,1.25
2017.11.20 04:36:05.371,1.47923,1.47938,1.25,1.37
2017.11.20 04:36:06.015,1.47923,1.47938,1.44,1.54
2017.11.20 04:36:06.864,1.47923,1.47939,1.44,3.94
2017.11.20 04:36:07.403,1.47923,1.47938,1.44,1.00
2017.11.20 04:36:09.587,1.47921,1.47936,1.31,1.00
2017.11.20 04:36:10.773,1.4792,1.47936,3.19,2.06
2017.11.20 04:36:20.680,1.4792,1.47936,3.00,1.69
2017.11.20 04:36:21.187,1.47923,1.47936,1.00,1.31
2017.11.20 04:36:23.428,1.47922,1.47936,1.00,1.50
2017.11.20 04:36:26.071,1.47923,1.47936,1.00,1.50
2017.11.20 04:36:30.042,1.47921,1.47936,1.25,1.81
2017.11.20 04:36:30.756,1.47922,1.47936,1.00,1.81
2017.11.20 04:36:32.998,1.47921,1.47936,1.25,1.44
2017.11.20 04:36:33.972,1.47921,1.47936,1.00,1.87
2017.11.20 04:36:48.456,1.47918,1.47932,1.87,1.94
2017.11.20 04:36:48.713,1.47929,1.47944,1.00,1.69
2017.11.20 04:36:48.765,1.4793,1.47943,1.00,1.50
2017.11.20 04:36:48.867,1.47925,1.47938,1.12,1.69
2017.11.20 04:36:48.919,1.4793,1.47941,1.00,1.69
2017.11.20 04:36:48.971,1.4793,1.47944,1.00,1.94
2017.11.20 04:36:49.240,1.47932,1.47943,1.00,1.50
2017.11.20 04:36:49.343,1.47929,1.47943,1.00,1.50
2017.11.20 04:36:50.490,1.47929,1.47943,1.00,1.12
2017.11.20 04:36:50.797,1.47931,1.47943,1.00,1.00
2017.11.20 04:36:51.334,1.47932,1.47944,1.00,1.56
2017.11.20 04:36:51.878,1.47931,1.47944,1.00,1.37
2017.11.20 04:36:52.406,1.4793,1.47944,1.00,1.37
2017.11.20 04:36:53.094,1.47929,1.47944,1.00,1.81
2017.11.20 04:36:53.400,1.47931,1.47944,1.00,1.81
2017.11.20 04:36:56.297,1.47931,1.47943,1.00,1.19
2017.11.20 04:36:56.807,1.47929,1.47944,1.19,1.69
2017.11.20 04:36:57.070,1.47925,1.47939,1.00,1.50
2017.11.20 04:36:57.579,1.47923,1.47938,1.37,1.87
2017.11.20 04:36:58.544,1.47923,1.47937,1.37,1.12
2017.11.20 04:36:59.054,1.47922,1.47936,1.62,1.00
2017.11.20 04:37:00.268,1.47922,1.47937,1.37,1.87
2017.11.20 04:37:00.642,1.47922,1.47937,1.00,1.87
2017.11.20 04:37:00.846,1.4792,1.47934,1.00,1.69
2017.11.20 04:37:01.102,1.47916,1.47931,1.00,1.87
2017.11.20 04:37:01.273,1.47916,1.47929,1.00,1.12
2017.11.20 04:37:01.580,1.47914,1.47928,1.00,1.69
2017.11.20 04:37:02.091,1.47913,1.47928,1.25,1.87
2017.11.20 04:37:02.998,1.47912,1.47924,1.44,1.00
2017.11.20 04:37:03.670,1.47912,1.47925,1.00,1.12
2017.11.20 04:37:04.332,1.47912,1.47924,1.00,1.00
2017.11.20 04:37:05.290,1.47909,1.47924,2.62,1.50
2017.11.20 04:37:05.342,1.47908,1.47923,1.31,2.25
2017.11.20 04:37:05.394,1.47908,1.47921,1.12,1.19
2017.11.20 04:37:05.529,1.47905,1.4792,1.69,1.12
2017.11.20 04:37:06.296,1.47905,1.4792,1.12,1.12
2017.11.20 04:37:06.974,1.47905,1.47919,1.12,1.56
2017.11.20 04:37:08.106,1.47905,1.4792,1.25,1.56
2017.11.20 04:37:08.626,1.47905,1.4792,1.25,1.12
2017.11.20 04:37:09.268,1.47904,1.47919,1.12,1.37
2017.11.20 04:37:09.524,1.47904,1.47921,1.69,1.69
2017.11.20 04:37:09.575,1.47905,1.47922,1.87,2.81
2017.11.20 04:37:09.679,1.47908,1.47924,1.69,1.56
2017.11.20 04:37:09.782,1.47911,1.47927,2.06,1.87
2017.11.20 04:37:10.089,1.47914,1.47928,1.37,1.00
2017.11.20 04:37:10.590,1.47914,1.47928,1.62,1.19
2017.11.20 04:37:10.693,1.47914,1.4793,1.87,1.37
2017.11.20 04:37:10.897,1.47917,1.4793,1.00,1.00
2017.11.20 04:37:11.289,1.47917,1.47934,1.69,3.37
2017.11.20 04:37:12.245,1.47917,1.47933,1.19,1.31
2017.11.20 04:37:13.398,1.47915,1.47931,2.06,1.12
2017.11.20 04:37:13.627,1.47915,1.4793,1.25,1.12
2017.11.20 04:37:13.935,1.47911,1.47927,2.00,2.25
2017.11.20 04:37:14.244,1.47914,1.47928,2.06,1.31
2017.11.20 04:37:15.289,1.47914,1.47929,1.12,1.31
2017.11.20 04:37:16.668,1.47913,1.47929,1.56,1.19
2017.11.20 04:37:18.194,1.47913,1.47929,1.56,1.31
2017.11.20 04:37:18.246,1.47913,1.47926,1.62,1.25
2017.11.20 04:37:18.451,1.47912,1.47929,3.56,2.06
2017.11.20 04:37:19.888,1.47915,1.47929,1.19,1.25
2017.11.20 04:37:21.363,1.47917,1.47929,1.19,1.00
2017.11.20 04:37:21.415,1.47918,1.47932,1.69,1.31
2017.11.20 04:37:21.726,1.47918,1.47932,1.31,1.56
2017.11.20 04:37:21.879,1.47918,1.47933,1.31,1.31
2017.11.20 04:37:22.084,1.47916,1.47929,1.25,1.19
2017.11.20 04:37:22.758,1.47915,1.47928,1.12,1.19
2017.11.20 04:37:23.383,1.47914,1.47928,2.06,1.25
2017.11.20 04:37:24.557,1.47914,1.47928,1.69,1.31
2017.11.20 04:37:25.094,1.47911,1.47927,1.56,2.25
2017.11.20 04:37:25.502,1.47912,1.47927,1.31,1.31
2017.11.20 04:37:26.011,1.47912,1.47927,1.31,2.06
2017.11.20 04:37:26.456,1.47912,1.47927,1.31,2.25
2017.11.20 04:37:28.784,1.47909,1.47924,2.81,1.31
2017.11.20 04:37:29.946,1.47909,1.47923,2.06,1.19
2017.11.20 04:37:29.998,1.47909,1.47924,1.69,1.56
2017.11.20 04:37:31.383,1.47909,1.47924,2.44,1.00
2017.11.20 04:37:31.903,1.47912,1.47924,1.69,1.00
2017.11.20 04:37:32.640,1.47912,1.47926,1.69,1.25
2017.11.20 04:37:34.107,1.47912,1.47926,1.69,1.19
2017.11.20 04:37:35.242,1.47912,1.47926,1.37,1.25
2017.11.20 04:37:41.121,1.47916,1.47929,1.69,1.12
2017.11.20 04:37:41.173,1.47918,1.47932,1.19,1.31
2017.11.20 04:37:41.328,1.47918,1.47932,1.31,1.25
2017.11.20 04:37:45.135,1.47919,1.47934,2.62,1.00
2017.11.20 04:37:49.908,1.47919,1.47934,1.69,1.31
2017.11.20 04:37:50.061,1.47919,1.47934,1.19,1.69
2017.11.20 04:37:50.338,1.47916,1.4793,1.31,1.37
2017.11.20 04:37:50.595,1.47916,1.47931,1.31,1.87
2017.11.20 04:37:50.647,1.47916,1.47931,1.31,1.50
2017.11.20 04:37:51.495,1.47916,1.47931,1.31,1.31
2017.11.20 04:37:59.171,1.47915,1.4793,1.56,1.00
2017.11.20 04:37:59.639,1.47917,1.4793,1.50,1.00
2017.11.20 04:37:59.769,1.47917,1.47934,3.00,2.44
2017.11.20 04:38:00.524,1.47918,1.47934,1.81,1.31
2017.11.20 04:38:00.577,1.47919,1.47934,2.62,1.25
2017.11.20 04:38:01.780,1.4792,1.47934,1.31,1.00
2017.11.20 04:38:02.123,1.47924,1.47936,1.12,1.00
2017.11.20 04:38:02.277,1.47922,1.47936,1.31,1.00
2017.11.20 04:38:02.943,1.47921,1.47936,2.19,1.00
2017.11.20 04:38:06.217,1.4792,1.47936,1.31,1.69
2017.11.20 04:38:06.370,1.4792,1.47936,1.31,1.50
2017.11.20 04:38:06.919,1.4792,1.47936,1.44,2.44
2017.11.20 04:38:08.992,1.4792,1.47935,1.25,1.31
2017.11.20 04:38:09.572,1.4792,1.47934,1.25,2.81
2017.11.20 04:38:09.707,1.47917,1.47933,1.62,2.81
2017.11.20 04:38:11.281,1.47918,1.47932,1.19,1.50
2017.11.20 04:38:14.207,1.47918,1.47932,1.19,1.12
2017.11.20 04:38:14.736,1.4792,1.47932,1.19,1.00
2017.11.20 04:38:14.788,1.4792,1.47935,1.19,2.62
2017.11.20 04:38:18.116,1.47919,1.47935,1.19,1.25
2017.11.20 04:38:21.340,1.47921,1.47936,1.19,1.31
2017.11.20 04:38:28.662,1.47921,1.47936,1.87,1.25
2017.11.20 04:38:33.778,1.47922,1.47936,1.44,1.00
2017.11.20 04:38:34.309,1.47922,1.47936,1.62,1.00
2017.11.20 04:38:34.845,1.47923,1.47938,1.44,1.19
2017.11.20 04:38:36.543,1.47923,1.47939,1.19,2.44
2017.11.20 04:38:40.666,1.47923,1.47934,1.19,1.00
2017.11.20 04:38:53.553,1.47923,1.47934,1.00,1.00
2017.11.20 04:38:53.604,1.4792,1.47934,1.69,1.25
2017.11.20 04:38:53.707,1.4792,1.47933,1.00,1.19
2017.11.20 04:38:54.010,1.47916,1.47927,1.19,1.25
2017.11.20 04:38:59.087,1.47916,1.47927,1.00,1.25
2017.11.20 04:39:03.382,1.47916,1.47928,1.00,1.25
2017.11.20 04:39:03.693,1.47914,1.47926,1.00,1.12
2017.11.20 04:39:04.217,1.47914,1.47926,1.44,1.12
2017.11.20 04:39:04.817,1.47914,1.47925,1.19,1.00
2017.11.20 04:39:05.353,1.47914,1.47924,1.19,1.00
2017.11.20 04:39:06.011,1.47914,1.47925,1.00,1.19
2017.11.20 04:39:06.536,1.47914,1.47923,1.00,1.00
2017.11.20 04:39:08.758,1.47914,1.47922,1.00,1.00
2017.11.20 04:39:08.810,1.47911,1.47923,1.12,1.37
2017.11.20 04:39:09.320,1.47911,1.47923,1.00,1.81
2017.11.20 04:39:09.591,1.47912,1.47925,1.00,1.50
2017.11.20 04:39:09.745,1.47913,1.47927,1.69,1.00
2017.11.20 04:39:10.265,1.47914,1.47928,1.31,1.69
2017.11.20 04:39:10.807,1.47914,1.47928,1.19,1.50
2017.11.20 04:39:11.319,1.47916,1.47928,1.00,1.00
2017.11.20 04:39:11.870,1.47916,1.47928,1.00,1.19
2017.11.20 04:39:12.393,1.47915,1.47928,1.25,1.19
2017.11.20 04:39:12.915,1.47915,1.47928,1.25,1.25
2017.11.20 04:39:14.437,1.47916,1.47931,1.19,2.62
2017.11.20 04:39:14.975,1.47918,1.47931,1.00,1.50
2017.11.20 04:39:15.559,1.47918,1.47931,1.00,1.12
2017.11.20 04:39:16.968,1.47918,1.47931,1.00,1.44
2017.11.20 04:39:17.594,1.47918,1.47931,1.25,1.25
2017.11.20 04:39:17.974,1.47919,1.47931,1.19,1.25
2017.11.20 04:39:18.495,1.47919,1.47934,1.62,1.69
2017.11.20 04:39:18.546,1.4792,1.47934,1.44,1.31
2017.11.20 04:39:18.751,1.4792,1.47936,2.62,1.00
2017.11.20 04:39:18.802,1.47922,1.47936,1.31,1.00
2017.11.20 04:39:19.355,1.47922,1.47937,1.50,1.25
2017.11.20 04:39:19.668,1.47927,1.47941,1.19,1.19
2017.11.20 04:39:19.874,1.47927,1.47941,1.00,2.06
2017.11.20 04:39:19.978,1.47925,1.47939,1.00,1.69
2017.11.20 04:39:20.289,1.47921,1.47936,1.69,2.06
2017.11.20 04:39:21.183,1.47921,1.47936,1.19,2.06
2017.11.20 04:39:23.419,1.47927,1.47934,1.00,1.31
2017.11.20 04:39:23.521,1.47922,1.47935,1.19,1.69
2017.11.20 04:39:24.559,1.4792,1.47935,1.19,1.50
2017.11.20 04:39:29.393,1.47919,1.47935,1.50,2.06
2017.11.20 04:39:29.601,1.47917,1.47932,1.69,2.44
2017.11.20 04:39:29.703,1.47917,1.47931,1.00,1.44
2017.11.20 04:39:30.211,1.47915,1.47929,1.62,1.00
2017.11.20 04:39:31.390,1.47917,1.47929,1.00,1.00
2017.11.20 04:39:32.039,1.47916,1.47929,1.12,1.00
2017.11.20 04:39:35.242,1.47916,1.47929,1.44,1.00
2017.11.20 04:39:35.736,1.47918,1.47932,1.25,1.19
2017.11.20 04:39:35.991,1.47919,1.47932,1.19,1.19
2017.11.20 04:39:36.894,1.47919,1.47932,1.19,1.25
2017.11.20 04:39:39.038,1.47919,1.47932,1.31,1.25
2017.11.20 04:39:39.191,1.47921,1.47935,1.25,1.19
2017.11.20 04:39:39.395,1.47922,1.47935,1.44,1.00
2017.11.20 04:39:39.936,1.47922,1.47937,1.44,1.19
2017.11.20 04:39:40.509,1.47923,1.47937,1.19,1.25
2017.11.20 04:39:42.960,1.47923,1.47937,1.19,1.19
2017.11.20 04:39:44.228,1.47923,1.47937,1.19,1.25
2017.11.20 04:39:45.386,1.47923,1.47937,1.19,1.19
2017.11.20 04:39:46.597,1.47923,1.47937,1.19,1.25
2017.11.20 04:39:47.768,1.47923,1.47937,1.19,1.19
2017.11.20 04:39:51.398,1.47922,1.47937,1.19,1.31
2017.11.20 04:39:51.922,1.47922,1.47937,1.19,1.62
2017.11.20 04:39:54.676,1.47922,1.47937,3.19,1.25
2017.11.20 04:39:54.828,1.47924,1.47939,1.44,1.00
2017.11.20 04:39:54.884,1.47925,1.47942,1.50,2.44
2017.11.20 04:39:55.394,1.47926,1.47942,1.12,1.50
2017.11.20 04:39:55.985,1.47926,1.47942,1.50,1.69
2017.11.20 04:39:56.527,1.47927,1.47944,1.87,2.62
2017.11.20 04:39:59.398,1.47927,1.47944,1.12,2.62
2017.11.20 04:40:00.009,1.47927,1.47944,1.87,2.25
2017.11.20 04:40:00.594,1.47927,1.47944,1.31,2.62
2017.11.20 04:40:01.119,1.47927,1.47944,1.19,2.62
2017.11.20 04:40:01.878,1.47927,1.47944,1.44,2.06
2017.11.20 04:40:04.381,1.47927,1.47942,1.19,1.50
2017.11.20 04:40:04.702,1.47922,1.47935,1.44,1.00
2017.11.20 04:40:06.300,1.47924,1.47937,1.50,1.00
2017.11.20 04:40:06.352,1.47924,1.47939,2.44,1.00
2017.11.20 04:40:06.405,1.47924,1.47937,1.31,1.31
2017.11.20 04:40:06.712,1.4792,1.47932,2.06,1.00
2017.11.20 04:40:07.593,1.47921,1.47935,1.19,1.12
2017.11.20 04:40:08.597,1.4792,1.47934,2.06,1.00
2017.11.20 04:40:10.705,1.4792,1.47932,1.50,1.00
2017.11.20 04:40:10.859,1.47917,1.47928,1.25,1.00
2017.11.20 04:40:10.910,1.47916,1.47926,1.00,1.00
2017.11.20 04:40:11.234,1.47912,1.47924,1.69,1.00
2017.11.20 04:40:11.338,1.47912,1.47923,1.31,1.00
2017.11.20 04:40:11.389,1.47912,1.47921,1.00,1.00
2017.11.20 04:40:11.492,1.47911,1.47926,1.81,1.00
2017.11.20 04:40:11.645,1.47915,1.47927,1.00,1.00
2017.11.20 04:40:12.203,1.47915,1.47928,1.31,1.00
2017.11.20 04:40:13.201,1.47914,1.47928,1.87,1.00
2017.11.20 04:40:13.787,1.47915,1.47927,1.00,1.00
2017.11.20 04:40:15.589,1.47914,1.47925,1.69,1.00
2017.11.20 04:40:16.104,1.47914,1.47924,1.12,1.00
2017.11.20 04:40:18.644,1.47912,1.47925,2.06,1.00
2017.11.20 04:40:18.927,1.47913,1.47927,2.00,1.00
2017.11.20 04:40:19.490,1.47915,1.47927,1.69,1.00
2017.11.20 04:40:20.103,1.47915,1.47928,1.19,1.00
2017.11.20 04:40:20.409,1.47915,1.47926,1.50,1.00
2017.11.20 04:40:20.950,1.47915,1.47927,1.00,1.00
2017.11.20 04:40:22.298,1.47914,1.47927,1.12,1.00
2017.11.20 04:40:22.828,1.47914,1.47927,1.87,1.00
2017.11.20 04:40:23.628,1.47914,1.47925,1.19,1.00
2017.11.20 04:40:23.889,1.47914,1.47927,1.69,1.00
2017.11.20 04:40:23.941,1.47915,1.47929,1.75,1.00
2017.11.20 04:40:24.044,1.47915,1.47931,2.63,1.25
2017.11.20 04:40:24.097,1.47917,1.47929,1.19,1.00
2017.11.20 04:40:24.148,1.47917,1.47931,2.25,1.00
2017.11.20 04:40:24.660,1.47918,1.47931,1.56,1.00
2017.11.20 04:40:25.195,1.47917,1.47931,2.62,1.00
2017.11.20 04:40:25.537,1.47916,1.47929,2.25,1.31
2017.11.20 04:40:25.844,1.47916,1.47926,1.00,1.00
2017.11.20 04:40:26.452,1.47914,1.47926,2.25,1.00
2017.11.20 04:40:26.658,1.47915,1.47929,2.44,1.87
2017.11.20 04:40:27.068,1.47915,1.47929,2.06,1.25
2017.11.20 04:40:27.376,1.47918,1.47928,1.00,1.00
2017.11.20 04:40:27.891,1.47916,1.47928,1.50,1.00
2017.11.20 04:40:27.942,1.47916,1.4793,1.19,1.25
2017.11.20 04:40:28.299,1.47916,1.47928,1.62,1.00
2017.11.20 04:40:28.645,1.47916,1.4793,2.62,1.00
2017.11.20 04:40:29.261,1.47916,1.47931,2.44,1.25
2017.11.20 04:40:29.567,1.47916,1.47929,2.81,1.00
2017.11.20 04:40:30.322,1.47916,1.47927,1.19,1.00
2017.11.20 04:40:31.214,1.47916,1.47926,1.44,1.00
2017.11.20 04:40:31.775,1.47916,1.47931,1.00,1.87
2017.11.20 04:40:32.649,1.47916,1.47931,1.00,1.87
2017.11.20 04:40:35.409,1.47916,1.47931,1.25,1.87
2017.11.20 04:40:35.615,1.47916,1.47932,2.06,1.00
2017.11.20 04:40:35.939,1.47916,1.47932,2.25,1.50
2017.11.20 04:40:35.991,1.47916,1.47932,2.25,1.31
2017.11.20 04:40:38.271,1.47917,1.47932,1.00,1.12
2017.11.20 04:40:38.373,1.47916,1.47932,1.31,2.06
2017.11.20 04:40:38.680,1.47914,1.47929,1.19,2.06
2017.11.20 04:40:39.453,1.47914,1.47929,1.19,2.81
2017.11.20 04:40:39.800,1.47916,1.47931,1.31,2.06
2017.11.20 04:40:39.903,1.47913,1.4793,3.56,3.00
2017.11.20 04:40:40.647,1.47913,1.47929,2.62,2.62
2017.11.20 04:40:40.753,1.47912,1.47926,1.19,1.31
2017.11.20 04:40:40.824,1.47912,1.47926,1.25,2.25
2017.11.20 04:40:42.051,1.47912,1.47927,1.31,2.06
2017.11.20 04:40:42.307,1.47912,1.47927,1.31,2.44
2017.11.20 04:40:43.196,1.47912,1.47926,1.25,1.56
2017.11.20 04:40:43.745,1.47909,1.47923,1.62,1.56
2017.11.20 04:40:44.172,1.47909,1.47923,1.44,1.00
2017.11.20 04:40:44.805,1.47909,1.47925,1.50,2.25
2017.11.20 04:40:44.857,1.47912,1.47925,2.25,1.00
2017.11.20 04:40:44.908,1.47912,1.47929,3.00,1.69
2017.11.20 04:40:44.960,1.47912,1.47929,3.37,1.12
2017.11.20 04:40:45.216,1.47915,1.47929,1.25,1.12
2017.11.20 04:40:47.212,1.47912,1.47926,1.19,1.62
2017.11.20 04:40:48.915,1.4791,1.47925,2.06,1.37
2017.11.20 04:40:49.416,1.4791,1.47925,1.19,1.87
2017.11.20 04:40:50.607,1.4791,1.47925,1.31,2.06
2017.11.20 04:40:52.401,1.4791,1.47925,1.19,2.06
2017.11.20 04:40:55.765,1.47907,1.47924,3.37,2.06
2017.11.20 04:40:56.772,1.47907,1.47924,3.37,2.25
2017.11.20 04:40:56.874,1.47908,1.47924,1.31,1.69
2017.11.20 04:40:58.181,1.47907,1.47924,3.19,2.63
2017.11.20 04:40:58.723,1.47907,1.47924,2.81,2.63
2017.11.20 04:40:59.333,1.47907,1.47924,2.62,2.44
2017.11.20 04:40:59.588,1.47912,1.47926,1.56,1.00
2017.11.20 04:40:59.741,1.47913,1.47929,3.37,1.12
2017.11.20 04:41:00.200,1.47913,1.47925,1.87,1.12
2017.11.20 04:41:00.396,1.47913,1.47925,1.25,1.50
2017.11.20 04:41:00.447,1.47911,1.47923,1.19,1.00
2017.11.20 04:41:00.957,1.47908,1.47922,2.62,1.00
2017.11.20 04:41:01.495,1.47908,1.47921,1.69,1.00
2017.11.20 04:41:03.943,1.47908,1.4792,1.31,1.00
2017.11.20 04:41:04.732,1.47908,1.47921,1.31,1.00
2017.11.20 04:41:05.469,1.47908,1.47922,1.69,1.00
2017.11.20 04:41:06.003,1.47908,1.47921,1.62,1.00
2017.11.20 04:41:06.612,1.47908,1.47922,1.50,1.00
2017.11.20 04:41:06.950,1.47908,1.4792,1.69,1.00
2017.11.20 04:41:08.000,1.47908,1.47921,1.69,1.00
2017.11.20 04:41:08.497,1.47908,1.47923,1.69,1.00
2017.11.20 04:41:11.036,1.47908,1.47921,1.50,1.00
2017.11.20 04:41:11.192,1.47908,1.47922,1.31,1.00
2017.11.20 04:41:11.246,1.47909,1.47923,1.13,1.00
2017.11.20 04:41:11.298,1.47911,1.47927,1.88,2.62
2017.11.20 04:41:11.401,1.47911,1.47927,1.50,2.62
2017.11.20 04:41:11.960,1.47911,1.47926,2.00,1.25
2017.11.20 04:41:12.064,1.47914,1.47929,1.69,1.69
2017.11.20 04:41:12.166,1.47914,1.47929,2.81,1.50
2017.11.20 04:41:13.702,1.47914,1.47929,2.62,1.87
2017.11.20 04:41:13.823,1.47913,1.47925,1.69,1.00
2017.11.20 04:41:14.693,1.47913,1.47925,1.19,1.00
2017.11.20 04:41:17.667,1.47913,1.47927,1.19,1.19
2017.11.20 04:41:18.163,1.47913,1.47924,1.19,1.00
2017.11.20 04:41:18.214,1.47911,1.47923,1.44,1.00
2017.11.20 04:41:18.730,1.47911,1.47922,1.19,1.00
2017.11.20 04:41:19.236,1.47913,1.47924,1.44,1.00
2017.11.20 04:41:19.338,1.47918,1.47931,1.81,1.50
2017.11.20 04:41:19.698,1.47919,1.47933,1.81,1.50
2017.11.20 04:41:20.246,1.47919,1.47932,1.44,1.00
2017.11.20 04:41:21.489,1.47918,1.47931,2.06,1.00
2017.11.20 04:41:21.748,1.4792,1.47933,1.25,1.00
2017.11.20 04:41:22.004,1.47919,1.47933,2.62,1.00
2017.11.20 04:41:22.513,1.47919,1.47932,1.81,1.00
2017.11.20 04:41:23.087,1.47919,1.47933,1.81,1.00
2017.11.20 04:41:24.486,1.47919,1.47932,1.50,1.00
2017.11.20 04:41:26.446,1.47926,1.47938,1.37,1.50
2017.11.20 04:41:26.760,1.47929,1.47942,1.50,1.00
2017.11.20 04:41:28.000,1.47929,1.47943,1.62,1.00
2017.11.20 04:41:28.914,1.4793,1.47942,1.19,1.00
2017.11.20 04:41:29.397,1.4793,1.47941,1.00,1.00
2017.11.20 04:41:29.857,1.47928,1.4794,1.31,1.25
2017.11.20 04:41:30.536,1.47926,1.4794,2.25,1.25
2017.11.20 04:41:30.791,1.47926,1.47938,1.12,1.00
2017.11.20 04:41:31.582,1.47926,1.47939,1.12,1.00
2017.11.20 04:41:32.945,1.47926,1.47941,1.88,1.19
2017.11.20 04:41:33.099,1.47929,1.47944,1.12,1.19
2017.11.20 04:41:33.150,1.4793,1.47944,1.19,1.00
2017.11.20 04:41:33.304,1.4793,1.47946,1.69,1.25
2017.11.20 04:41:33.832,1.47931,1.47945,1.69,1.00
2017.11.20 04:41:34.346,1.47931,1.47945,1.69,1.00
2017.11.20 04:41:36.350,1.47931,1.47945,1.81,1.00
2017.11.20 04:41:36.925,1.47932,1.47944,1.50,1.00
2017.11.20 04:41:37.436,1.47932,1.47945,2.06,1.00
2017.11.20 04:41:38.595,1.47935,1.4795,1.87,1.44
2017.11.20 04:41:38.800,1.47936,1.47952,3.94,1.00
2017.11.20 04:41:39.794,1.47938,1.47952,1.62,1.00
2017.11.20 04:41:43.401,1.47937,1.47952,2.62,1.00
2017.11.20 04:41:43.897,1.47937,1.4795,1.50,1.00
2017.11.20 04:41:44.000,1.47937,1.4795,1.31,1.00
2017.11.20 04:41:44.545,1.47937,1.47949,1.25,1.00
2017.11.20 04:41:45.061,1.47937,1.47948,1.25,1.00
2017.11.20 04:41:47.250,1.47934,1.47948,1.25,1.00
2017.11.20 04:41:47.354,1.47934,1.47946,1.25,1.00
2017.11.20 04:41:47.863,1.47932,1.47945,2.06,1.00
2017.11.20 04:41:49.538,1.47929,1.4794,1.69,1.00
2017.11.20 04:41:49.591,1.47923,1.47935,1.19,1.00
2017.11.20 04:41:49.643,1.47921,1.47935,2.06,1.00
2017.11.20 04:41:50.154,1.47921,1.47934,1.25,1.00
2017.11.20 04:41:51.891,1.47919,1.47932,1.87,1.00
2017.11.20 04:41:52.413,1.47919,1.47933,1.87,1.00
2017.11.20 04:41:52.902,1.47919,1.4793,1.37,1.00
2017.11.20 04:41:53.005,1.47917,1.4793,1.50,1.00
2017.11.20 04:41:53.210,1.47917,1.47928,1.25,1.00
2017.11.20 04:41:53.749,1.47914,1.47927,2.62,1.00
2017.11.20 04:41:54.878,1.47913,1.47927,3.37,1.00
2017.11.20 04:41:55.388,1.47914,1.47927,2.06,1.00
2017.11.20 04:41:55.891,1.47913,1.47927,2.00,1.00
2017.11.20 04:41:56.504,1.47913,1.47925,1.25,1.00
2017.11.20 04:41:56.913,1.47912,1.47926,1.69,1.25
2017.11.20 04:41:57.853,1.47912,1.47926,1.69,1.25
2017.11.20 04:41:58.383,1.47912,1.47926,1.81,1.00
2017.11.20 04:41:58.962,1.47913,1.47927,1.00,1.25
2017.11.20 04:41:59.622,1.47912,1.47927,2.00,1.00
2017.11.20 04:42:00.634,1.47912,1.47926,1.81,1.00
2017.11.20 04:42:02.546,1.47913,1.47927,1.31,1.00
2017.11.20 04:42:11.554,1.47913,1.47926,1.44,1.00
2017.11.20 04:42:12.684,1.47913,1.47927,1.50,1.00
2017.11.20 04:42:13.887,1.47916,1.47931,1.12,2.06
2017.11.20 04:42:14.397,1.47915,1.4793,1.62,1.00
2017.11.20 04:42:15.111,1.47915,1.47929,1.87,1.25
2017.11.20 04:42:16.800,1.47915,1.47928,1.69,1.25
2017.11.20 04:42:17.390,1.47915,1.47928,1.25,1.25
2017.11.20 04:42:18.530,1.47915,1.47928,2.06,1.25
2017.11.20 04:42:19.050,1.47915,1.47928,1.12,1.25
2017.11.20 04:42:20.293,1.47915,1.47928,1.87,1.00
2017.11.20 04:42:20.844,1.47915,1.47928,1.87,1.00
2017.11.20 04:42:21.400,1.47915,1.4793,1.25,1.37
2017.11.20 04:42:22.038,1.47915,1.4793,2.06,1.37
2017.11.20 04:42:22.696,1.47915,1.4793,1.87,1.37
2017.11.20 04:42:23.102,1.47914,1.4793,1.50,1.75
2017.11.20 04:42:25.632,1.47914,1.47929,1.19,1.44
2017.11.20 04:42:28.910,1.47914,1.47926,1.19,1.00
2017.11.20 04:42:32.269,1.47914,1.47926,1.00,1.00
2017.11.20 04:42:32.473,1.47912,1.47926,1.00,1.00
2017.11.20 04:42:32.983,1.47912,1.47925,1.00,1.00
2017.11.20 04:42:37.489,1.47912,1.47927,2.06,1.25
2017.11.20 04:42:37.996,1.47912,1.47926,2.62,1.00
2017.11.20 04:42:38.616,1.47912,1.47927,1.87,1.00
2017.11.20 04:42:39.405,1.47912,1.47927,2.62,1.25
2017.11.20 04:42:39.915,1.47913,1.47927,1.31,1.00
2017.11.20 04:42:39.966,1.47913,1.47927,1.87,1.00
2017.11.20 04:42:43.691,1.47913,1.47928,3.37,1.25
2017.11.20 04:42:44.001,1.47923,1.47935,1.50,1.00
2017.11.20 04:42:44.634,1.47923,1.47937,1.31,1.19
2017.11.20 04:42:45.799,1.47922,1.47937,1.00,1.19
2017.11.20 04:42:46.159,1.47922,1.47936,1.50,1.19
2017.11.20 04:42:46.363,1.47921,1.47936,2.81,1.00
2017.11.20 04:42:46.909,1.47922,1.47935,1.25,1.00
2017.11.20 04:42:47.506,1.47922,1.47936,1.25,1.00
2017.11.20 04:42:48.052,1.47921,1.47936,2.62,1.00
2017.11.20 04:42:48.590,1.47922,1.47936,1.25,1.00
2017.11.20 04:42:49.256,1.47922,1.47935,1.12,1.00
2017.11.20 04:42:51.821,1.47922,1.47935,1.31,1.00
2017.11.20 04:42:52.334,1.47921,1.47935,2.44,1.00
2017.11.20 04:42:53.270,1.47922,1.47935,1.44,1.00
2017.11.20 04:42:53.998,1.47921,1.47935,2.25,1.00
2017.11.20 04:42:54.551,1.47921,1.47935,1.00,1.44
2017.11.20 04:42:55.082,1.47922,1.47935,1.25,1.19
2017.11.20 04:42:55.236,1.4792,1.47935,1.50,1.19
2017.11.20 04:42:55.441,1.47923,1.47935,1.00,1.00
2017.11.20 04:42:55.746,1.47922,1.47935,1.00,1.19
2017.11.20 04:42:55.900,1.47922,1.47935,2.06,1.25
2017.11.20 04:42:56.464,1.47922,1.47935,1.12,1.25
2017.11.20 04:42:57.155,1.47922,1.47934,1.69,1.00
2017.11.20 04:43:00.693,1.47921,1.47934,1.12,1.00
2017.11.20 04:43:01.252,1.47922,1.47935,1.00,1.25
2017.11.20 04:43:01.956,1.47921,1.47935,1.12,1.25
2017.11.20 04:43:03.282,1.47922,1.47935,1.25,1.25
2017.11.20 04:43:04.077,1.47921,1.47934,1.12,1.00
2017.11.20 04:43:04.754,1.47922,1.47934,1.00,1.00
2017.11.20 04:43:05.264,1.47921,1.47934,1.50,1.00
2017.11.20 04:43:05.807,1.47922,1.47934,1.00,1.00
2017.11.20 04:43:07.003,1.47921,1.47934,1.50,1.00
2017.11.20 04:43:07.106,1.47919,1.47934,1.62,1.19
2017.11.20 04:43:07.312,1.47916,1.47929,1.00,1.25
2017.11.20 04:43:07.919,1.47916,1.47928,1.00,1.00
2017.11.20 04:43:11.153,1.47916,1.47927,1.00,1.00
2017.11.20 04:43:14.112,1.47913,1.47927,2.44,1.00
2017.11.20 04:43:14.646,1.47914,1.47926,1.25,1.00
2017.11.20 04:43:15.275,1.47914,1.47926,1.69,1.00
2017.11.20 04:43:15.378,1.47914,1.47928,2.44,1.25
2017.11.20 04:43:15.532,1.47913,1.47927,2.25,1.00
2017.11.20 04:43:16.045,1.47913,1.47926,1.12,1.00
2017.11.20 04:43:17.477,1.47915,1.47925,1.00,1.00
2017.11.20 04:43:17.528,1.47913,1.47926,1.31,1.00
2017.11.20 04:43:17.886,1.47913,1.47928,3.37,1.12
2017.11.20 04:43:18.406,1.47913,1.47927,1.00,1.00
2017.11.20 04:43:18.927,1.47913,1.47926,1.00,1.25
2017.11.20 04:43:28.255,1.47913,1.47925,1.12,1.00
2017.11.20 04:43:29.859,1.47913,1.47926,1.12,1.25
2017.11.20 04:43:33.806,1.47914,1.47926,2.81,1.25
2017.11.20 04:43:34.112,1.47915,1.47926,1.00,1.50
2017.11.20 04:43:38.207,1.47912,1.47924,1.87,1.25
2017.11.20 04:43:42.218,1.47912,1.47924,2.81,1.25
2017.11.20 04:43:43.102,1.47912,1.47924,2.81,1.25
2017.11.20 04:43:43.939,1.47912,1.47924,2.81,1.19
2017.11.20 04:43:45.995,1.47912,1.47924,2.81,1.44
2017.11.20 04:43:46.360,1.47912,1.47924,2.81,1.44
2017.11.20 04:43:46.597,1.47912,1.47924,2.44,1.12
2017.11.20 04:43:46.739,1.47912,1.47925,2.44,1.37
2017.11.20 04:43:49.216,1.47913,1.47925,1.37,1.25
2017.11.20 04:43:52.164,1.47912,1.47925,1.31,1.25
2017.11.20 04:44:01.540,1.47912,1.47925,1.44,1.25
2017.11.20 04:44:01.700,1.47913,1.47928,1.69,1.25
2017.11.20 04:44:01.753,1.47914,1.47926,2.44,1.00
2017.11.20 04:44:02.263,1.47916,1.47927,1.00,1.00
2017.11.20 04:44:03.610,1.47916,1.47926,1.00,1.00
2017.11.20 04:44:04.229,1.47916,1.47927,1.00,1.00
2017.11.20 04:44:04.763,1.47914,1.47927,1.44,1.25
2017.11.20 04:44:05.264,1.47914,1.47927,1.25,1.25
2017.11.20 04:44:07.047,1.47914,1.47927,1.25,1.19
2017.11.20 04:44:07.741,1.47914,1.47925,1.25,1.00
2017.11.20 04:44:08.476,1.47914,1.47927,1.25,1.25
2017.11.20 04:44:09.044,1.47915,1.47927,1.00,1.00
2017.11.20 04:44:10.053,1.47914,1.47929,2.81,1.69
2017.11.20 04:44:10.105,1.47918,1.4793,1.00,1.19
2017.11.20 04:44:10.208,1.47918,1.47931,2.06,1.00
2017.11.20 04:44:12.330,1.47919,1.47931,1.50,1.00
2017.11.20 04:44:34.029,1.4792,1.47933,1.62,1.19
2017.11.20 04:44:43.431,1.47919,1.4793,1.37,1.00
2017.11.20 04:44:43.536,1.47915,1.47928,1.62,1.19
2017.11.20 04:44:43.997,1.47913,1.47927,1.69,1.25
2017.11.20 04:44:44.099,1.47913,1.47925,1.12,1.00
2017.11.20 04:44:46.678,1.47915,1.4793,1.31,2.06
2017.11.20 04:44:46.782,1.47916,1.47929,1.75,1.25
2017.11.20 04:44:46.834,1.47917,1.47931,1.37,1.00
2017.11.20 04:44:47.370,1.47919,1.47932,1.25,1.25
2017.11.20 04:44:48.593,1.47919,1.47931,1.25,1.00
2017.11.20 04:44:49.120,1.47919,1.47932,1.25,1.31
2017.11.20 04:44:49.636,1.47919,1.4793,1.25,1.00
2017.11.20 04:44:51.573,1.47919,1.47931,1.31,1.00
2017.11.20 04:44:52.093,1.47919,1.47932,1.31,1.00
2017.11.20 04:44:52.624,1.47919,1.47932,1.50,1.00
2017.11.20 04:44:54.418,1.47919,1.47931,1.31,1.00
2017.11.20 04:44:55.648,1.47922,1.47933,1.69,1.00
2017.11.20 04:44:55.754,1.47917,1.47932,1.00,1.69
2017.11.20 04:44:55.805,1.47917,1.4793,1.19,1.87
2017.11.20 04:44:56.112,1.47917,1.47928,1.00,1.00
2017.11.20 04:44:57.799,1.47917,1.47928,1.00,1.19
2017.11.20 04:44:58.509,1.47917,1.47928,1.00,1.00
2017.11.20 04:44:59.020,1.47917,1.47927,1.00,1.00
2017.11.20 04:45:04.010,1.47917,1.47929,1.00,1.87
2017.11.20 04:45:04.215,1.47915,1.47927,1.37,1.69
2017.11.20 04:45:04.531,1.4791,1.4792,1.00,1.00
2017.11.20 04:45:04.589,1.47907,1.47918,1.19,1.00
2017.11.20 04:45:05.101,1.47907,1.47918,1.00,1.00
2017.11.20 04:45:09.496,1.47907,1.47919,1.00,1.00
2017.11.20 04:45:09.755,1.47905,1.47919,1.12,1.12
2017.11.20 04:45:09.807,1.47905,1.47917,1.25,1.00
2017.11.20 04:45:09.961,1.47902,1.47915,1.25,1.12
2017.11.20 04:45:10.166,1.47903,1.47917,1.12,1.00
2017.11.20 04:45:10.402,1.47905,1.47919,2.44,1.00
2017.11.20 04:45:10.454,1.47906,1.47921,2.44,1.25
2017.11.20 04:45:10.614,1.4791,1.47925,2.06,1.00
2017.11.20 04:45:10.666,1.47911,1.47927,1.12,1.19
2017.11.20 04:45:10.975,1.47908,1.47919,1.25,1.31
2017.11.20 04:45:11.078,1.47908,1.47919,1.00,1.00
2017.11.20 04:45:11.129,1.47908,1.47921,1.00,1.25
2017.11.20 04:45:11.656,1.47909,1.47921,1.12,1.25
2017.11.20 04:45:12.545,1.47908,1.47922,2.25,1.00
2017.11.20 04:45:13.056,1.47908,1.47923,2.25,1.25
2017.11.20 04:45:13.126,1.47908,1.47921,2.25,1.00
2017.11.20 04:45:13.351,1.47908,1.47923,2.25,1.25
2017.11.20 04:45:13.876,1.47908,1.47922,1.69,1.25
2017.11.20 04:45:14.105,1.47908,1.4792,1.00,1.19
2017.11.20 04:45:14.209,1.47907,1.4792,1.12,1.25
2017.11.20 04:45:14.722,1.47907,1.47919,1.12,1.00
2017.11.20 04:45:15.156,1.47903,1.47916,1.44,1.00
2017.11.20 04:45:15.697,1.47902,1.47915,1.44,1.00
2017.11.20 04:45:15.800,1.47902,1.47917,1.50,1.25
2017.11.20 04:45:16.178,1.47902,1.47914,1.44,1.00
2017.11.20 04:45:16.744,1.47902,1.47914,1.44,1.00
2017.11.20 04:45:17.340,1.47902,1.47913,1.44,1.00
2017.11.20 04:45:17.995,1.47902,1.47912,1.19,1.00
2017.11.20 04:45:20.624,1.47903,1.47917,1.50,1.00
2017.11.20 04:45:20.676,1.47905,1.47919,1.69,1.00
2017.11.20 04:45:20.932,1.47905,1.47919,2.62,1.00
2017.11.20 04:45:21.743,1.47905,1.47919,2.25,1.00
2017.11.20 04:45:29.832,1.47905,1.47919,2.06,1.00
2017.11.20 04:45:30.379,1.47905,1.47919,1.69,1.00
2017.11.20 04:45:31.005,1.47905,1.47918,1.69,1.00
2017.11.20 04:45:31.520,1.47905,1.47918,2.25,1.00
2017.11.20 04:45:33.617,1.47905,1.47919,2.25,1.00
2017.11.20 04:45:34.292,1.47905,1.47918,1.87,1.00
2017.11.20 04:45:38.306,1.47906,1.47918,1.69,1.00
2017.11.20 04:45:38.675,1.47906,1.47919,1.12,1.56
2017.11.20 04:45:38.747,1.47906,1.47918,1.25,1.00
2017.11.20 04:45:39.256,1.47907,1.47919,1.25,1.00
2017.11.20 04:45:45.073,1.47909,1.47921,1.69,1.00
2017.11.20 04:45:45.321,1.47911,1.47923,1.25,1.00
2017.11.20 04:45:45.833,1.47911,1.47922,1.25,1.00
2017.11.20 04:45:47.305,1.47911,1.47923,1.25,1.00
2017.11.20 04:45:47.663,1.47911,1.47921,1.00,1.00
2017.11.20 04:45:48.553,1.47911,1.4792,1.00,1.00
2017.11.20 04:45:48.690,1.47908,1.4792,1.12,1.00
2017.11.20 04:45:49.463,1.47909,1.47922,1.50,1.00
2017.11.20 04:45:54.554,1.47909,1.47923,1.62,1.31
2017.11.20 04:45:56.985,1.47912,1.47923,1.00,1.12
2017.11.20 04:45:57.711,1.47912,1.47922,1.00,1.00
2017.11.20 04:45:58.236,1.47912,1.47923,1.00,1.00
2017.11.20 04:46:01.374,1.47912,1.47926,2.06,1.00
2017.11.20 04:46:01.426,1.47914,1.47928,1.44,1.12
2017.11.20 04:46:01.835,1.47914,1.47926,1.56,1.00
2017.11.20 04:46:02.170,1.47914,1.47923,1.00,1.00
2017.11.20 04:46:05.571,1.47911,1.47923,1.25,1.00
2017.11.20 04:46:05.745,1.47911,1.47921,1.00,1.00
2017.11.20 04:46:06.213,1.47911,1.47923,1.00,1.25
2017.11.20 04:46:07.576,1.47911,1.47921,1.00,1.25
2017.11.20 04:46:07.943,1.47909,1.4792,1.00,1.00
2017.11.20 04:46:08.683,1.47909,1.47922,1.00,1.44
2017.11.20 04:46:10.429,1.47909,1.47922,1.00,1.81
2017.11.20 04:46:10.638,1.47909,1.47922,1.00,1.44
2017.11.20 04:46:13.285,1.47909,1.47922,1.00,1.50
2017.11.20 04:46:22.331,1.47909,1.47922,1.00,1.44
2017.11.20 04:46:25.901,1.47909,1.47921,1.00,1.19
2017.11.20 04:46:26.108,1.4791,1.4792,1.69,1.00
2017.11.20 04:46:26.160,1.47909,1.47924,1.87,1.69
2017.11.20 04:46:26.214,1.47909,1.47923,1.19,1.69
2017.11.20 04:46:26.406,1.47906,1.47921,1.19,1.69
2017.11.20 04:46:26.662,1.47904,1.47919,1.44,2.06
2017.11.20 04:46:26.764,1.47904,1.47917,1.00,1.19
2017.11.20 04:46:26.867,1.47904,1.47919,1.25,2.06
2017.11.20 04:46:27.390,1.47904,1.47919,1.44,1.12
2017.11.20 04:46:28.374,1.47904,1.47919,1.25,1.31
2017.11.20 04:46:28.889,1.47904,1.47919,1.25,3.00
2017.11.20 04:46:29.398,1.47904,1.47919,1.25,2.06
2017.11.20 04:46:34.505,1.47904,1.47919,1.44,1.31
2017.11.20 04:46:35.611,1.47904,1.47919,1.12,1.19
2017.11.20 04:46:36.107,1.47906,1.47921,1.81,1.00
2017.11.20 04:46:36.362,1.47909,1.47924,1.25,1.00
2017.11.20 04:46:39.243,1.47909,1.47925,1.31,1.69
2017.11.20 04:46:39.826,1.47909,1.47925,1.12,1.69
2017.11.20 04:46:40.498,1.47909,1.47925,1.19,1.69
2017.11.20 04:46:44.006,1.47909,1.47924,1.12,1.25
2017.11.20 04:46:46.247,1.47909,1.47924,1.31,1.25
2017.11.20 04:46:47.516,1.47909,1.47925,1.12,1.87
2017.11.20 04:46:48.708,1.47909,1.47925,1.44,1.69
2017.11.20 04:46:54.244,1.47909,1.47925,1.19,1.69
2017.11.20 04:46:58.208,1.47909,1.47925,3.75,1.19
2017.11.20 04:46:58.715,1.47911,1.47926,1.00,1.19
2017.11.20 04:46:59.254,1.47911,1.47926,1.44,1.19
2017.11.20 04:47:00.890,1.47911,1.47924,1.69,1.19
2017.11.20 04:47:00.942,1.47911,1.47926,2.63,1.25
2017.11.20 04:47:01.481,1.47914,1.47926,1.00,1.25
2017.11.20 04:47:02.313,1.47914,1.47927,1.00,1.25
2017.11.20 04:47:02.823,1.47914,1.47926,1.00,1.00
2017.11.20 04:47:03.465,1.47911,1.47925,1.37,1.00
2017.11.20 04:47:03.567,1.47911,1.4792,1.00,1.00
2017.11.20 04:47:03.672,1.47908,1.47921,1.25,1.00
2017.11.20 04:47:03.877,1.47908,1.47919,1.00,1.00
2017.11.20 04:47:04.004,1.47905,1.47918,1.87,1.00
2017.11.20 04:47:04.551,1.47905,1.47917,1.00,1.00
2017.11.20 04:47:05.061,1.47905,1.47916,1.00,1.00
2017.11.20 04:47:06.434,1.47905,1.47915,1.00,1.00
2017.11.20 04:47:07.308,1.47905,1.47917,1.00,1.00
2017.11.20 04:47:07.842,1.47905,1.47918,1.25,1.00
2017.11.20 04:47:08.349,1.47905,1.47919,1.25,1.00
2017.11.20 04:47:08.960,1.47905,1.47917,1.25,1.00
2017.11.20 04:47:10.087,1.47905,1.47918,1.25,1.00
2017.11.20 04:47:10.357,1.47903,1.47918,1.31,1.87
2017.11.20 04:47:10.460,1.47903,1.47916,1.12,1.00
2017.11.20 04:47:11.371,1.47903,1.47916,1.69,1.00
2017.11.20 04:47:11.899,1.47903,1.47916,2.44,1.00
2017.11.20 04:47:12.414,1.47903,1.47916,1.87,1.00
2017.11.20 04:47:12.865,1.47903,1.47918,1.87,1.50
2017.11.20 04:47:15.311,1.47903,1.47915,1.31,1.00
2017.11.20 04:47:15.838,1.47903,1.47916,1.31,1.00
2017.11.20 04:47:20.928,1.47903,1.47916,1.25,1.00
2017.11.20 04:47:24.627,1.47903,1.47916,1.12,1.19
2017.11.20 04:47:37.628,1.47903,1.47917,2.25,1.25
2017.11.20 04:47:38.129,1.47903,1.47917,1.69,1.25
2017.11.20 04:47:38.635,1.47903,1.47917,1.12,1.25
2017.11.20 04:47:38.943,1.47904,1.47917,1.44,1.25
2017.11.20 04:47:39.465,1.47904,1.47918,1.69,1.00
2017.11.20 04:47:39.995,1.47904,1.47918,1.87,1.00
2017.11.20 04:47:40.780,1.47904,1.47918,1.69,1.00
2017.11.20 04:47:42.027,1.47904,1.47917,1.69,1.00
2017.11.20 04:47:43.047,1.47904,1.47918,2.44,1.00
2017.11.20 04:47:43.567,1.47904,1.47918,1.69,1.00
2017.11.20 04:47:43.858,1.47904,1.47918,1.31,1.00
2017.11.20 04:47:44.394,1.47904,1.47918,1.50,1.00
2017.11.20 04:47:44.894,1.47907,1.47921,1.38,1.00
2017.11.20 04:47:44.996,1.4791,1.47924,1.12,1.00
2017.11.20 04:47:45.149,1.4791,1.47924,1.00,1.31
2017.11.20 04:47:45.252,1.47907,1.47921,1.62,1.69
2017.11.20 04:47:45.304,1.47907,1.47919,1.25,1.19
2017.11.20 04:47:47.832,1.47907,1.47922,1.87,1.69
2017.11.20 04:47:47.934,1.4791,1.47924,1.25,1.62
2017.11.20 04:47:48.240,1.47911,1.47927,2.81,1.44
2017.11.20 04:47:48.550,1.47911,1.47927,1.12,1.44
2017.11.20 04:47:49.288,1.47911,1.47927,1.87,1.44
2017.11.20 04:47:49.339,1.47914,1.47927,1.00,1.44
2017.11.20 04:47:57.591,1.47914,1.47926,1.44,1.25
2017.11.20 04:47:58.125,1.47914,1.47928,1.12,1.37
2017.11.20 04:48:10.475,1.47914,1.47926,1.00,1.44
2017.11.20 04:48:10.806,1.47908,1.47921,1.00,1.75
2017.11.20 04:48:11.317,1.47908,1.47919,1.00,1.50
2017.11.20 04:48:11.649,1.47905,1.47915,1.00,1.44
2017.11.20 04:48:11.703,1.47903,1.47914,1.00,1.19
2017.11.20 04:48:11.806,1.47899,1.47913,1.25,1.12
2017.11.20 04:48:12.316,1.47899,1.47912,1.25,1.12
2017.11.20 04:48:12.674,1.47894,1.4791,1.87,1.87
2017.11.20 04:48:12.849,1.47889,1.47903,1.69,1.00
2017.11.20 04:48:13.002,1.47888,1.47903,2.06,1.00
2017.11.20 04:48:13.053,1.47889,1.47901,1.00,1.00
2017.11.20 04:48:13.564,1.47888,1.47904,1.25,1.81
2017.11.20 04:48:14.772,1.47886,1.47903,1.50,1.75
2017.11.20 04:48:15.297,1.47886,1.47902,1.25,1.62
2017.11.20 04:48:16.644,1.47885,1.47902,1.50,2.06
2017.11.20 04:48:16.983,1.47887,1.47903,1.31,1.12
2017.11.20 04:48:17.719,1.47887,1.47904,1.81,2.62
2017.11.20 04:48:17.821,1.47887,1.47904,1.81,2.62
2017.11.20 04:48:18.443,1.47888,1.47904,1.12,1.37
2017.11.20 04:48:18.969,1.47887,1.47904,2.62,1.12
2017.11.20 04:48:19.746,1.47887,1.47904,2.62,1.37
2017.11.20 04:48:20.964,1.47888,1.47905,1.00,1.75
2017.11.20 04:48:21.118,1.47888,1.47904,2.25,1.12
2017.11.20 04:48:23.443,1.47889,1.47905,1.00,1.25
2017.11.20 04:48:24.244,1.4789,1.47905,1.00,1.25
2017.11.20 04:48:24.754,1.4789,1.47904,1.50,1.12
2017.11.20 04:48:25.264,1.4789,1.47905,1.69,1.44
2017.11.20 04:48:25.315,1.47893,1.47905,1.00,1.00
2017.11.20 04:48:25.621,1.47893,1.47905,1.00,1.44
2017.11.20 04:48:26.208,1.47893,1.47906,1.00,1.75
2017.11.20 04:48:33.369,1.47893,1.47905,1.00,1.12
2017.11.20 04:48:33.420,1.47893,1.47906,1.00,1.75
2017.11.20 04:48:37.094,1.47893,1.47905,1.00,1.44
2017.11.20 04:48:41.259,1.47893,1.47907,1.00,1.75
2017.11.20 04:48:41.834,1.47893,1.47908,1.50,1.12
2017.11.20 04:48:43.309,1.47895,1.4791,1.50,1.31
2017.11.20 04:48:43.619,1.47895,1.4791,2.06,1.12
2017.11.20 04:48:44.347,1.47895,1.4791,2.81,1.12
2017.11.20 04:48:44.881,1.47896,1.4791,1.44,1.19
2017.11.20 04:48:47.865,1.47898,1.47913,1.44,2.06
2017.11.20 04:48:47.917,1.47899,1.47914,1.69,1.69
2017.11.20 04:48:47.969,1.479,1.47916,1.19,1.69
2017.11.20 04:48:48.121,1.47901,1.47916,1.19,1.87
2017.11.20 04:48:48.326,1.47898,1.47915,2.44,2.25
2017.11.20 04:48:48.837,1.47898,1.47914,1.19,1.56
2017.11.20 04:48:49.297,1.47896,1.47913,2.06,1.12
2017.11.20 04:48:50.592,1.47896,1.47912,2.06,1.69
2017.11.20 04:48:51.663,1.47896,1.47912,1.44,1.87
2017.11.20 04:48:55.186,1.47893,1.47908,2.44,1.56
2017.11.20 04:48:55.238,1.47893,1.47906,1.62,1.81
2017.11.20 04:48:55.342,1.4789,1.47906,1.25,2.25
2017.11.20 04:48:55.495,1.4789,1.47905,1.19,1.56
2017.11.20 04:48:55.931,1.4789,1.47905,1.19,1.31
2017.11.20 04:48:55.982,1.4789,1.47905,1.44,1.69
2017.11.20 04:48:57.038,1.4789,1.47905,1.19,1.31
2017.11.20 04:48:57.091,1.47894,1.47908,1.12,1.19
2017.11.20 04:48:57.144,1.47894,1.47911,2.44,1.87
2017.11.20 04:48:57.196,1.47896,1.47911,1.00,1.19
2017.11.20 04:48:57.247,1.47896,1.47911,1.50,1.19
2017.11.20 04:48:58.648,1.47896,1.47911,1.69,1.25
2017.11.20 04:49:00.376,1.479,1.47914,1.63,1.19
2017.11.20 04:49:00.531,1.47902,1.47916,1.00,1.31
2017.11.20 04:49:00.633,1.47902,1.47915,1.00,1.50
2017.11.20 04:49:00.736,1.47899,1.47914,1.00,1.44
2017.11.20 04:49:01.400,1.47899,1.47914,1.31,1.87
2017.11.20 04:49:02.535,1.47899,1.47914,1.31,2.06
2017.11.20 04:49:03.410,1.479,1.47914,1.00,1.50
2017.11.20 04:49:04.289,1.47899,1.47914,2.06,1.50
2017.11.20 04:49:04.795,1.47899,1.47914,1.69,1.87
2017.11.20 04:49:06.892,1.47899,1.47914,1.69,1.31
2017.11.20 04:49:08.811,1.479,1.47914,1.00,1.00
2017.11.20 04:49:09.324,1.47901,1.47914,1.19,1.00
2017.11.20 04:49:09.426,1.47903,1.47918,1.25,2.25
2017.11.20 04:49:09.783,1.47901,1.47918,1.25,4.87
2017.11.20 04:49:09.988,1.479,1.47915,1.50,1.12
2017.11.20 04:49:14.548,1.479,1.47914,1.00,1.12
2017.11.20 04:49:15.157,1.479,1.47913,1.00,1.19
2017.11.20 04:49:19.118,1.47899,1.47914,1.00,1.69
2017.11.20 04:49:22.809,1.47902,1.47914,1.00,1.00
2017.11.20 04:49:23.116,1.47904,1.4792,2.44,1.69
2017.11.20 04:49:24.169,1.47904,1.4792,1.87,2.44
2017.11.20 04:49:24.605,1.47904,1.4792,2.62,2.25
2017.11.20 04:49:25.113,1.47905,1.4792,1.00,2.25
2017.11.20 04:49:25.679,1.47905,1.4792,1.37,2.44
2017.11.20 04:49:27.960,1.47905,1.4792,1.12,2.44
2017.11.20 04:49:28.649,1.47905,1.4792,1.37,2.44
2017.11.20 04:49:29.760,1.47905,1.4792,1.00,2.44
2017.11.20 04:49:30.955,1.47904,1.4792,1.87,3.19
2017.11.20 04:49:31.556,1.47904,1.4792,1.87,3.19
2017.11.20 04:49:36.171,1.47904,1.47915,1.37,1.00
2017.11.20 04:49:36.495,1.47904,1.47914,1.00,1.19
2017.11.20 04:49:36.546,1.479,1.47914,1.25,1.19
2017.11.20 04:49:36.649,1.47899,1.47911,1.00,1.25
2017.11.20 04:49:36.956,1.47899,1.47909,1.00,1.00
2017.11.20 04:49:38.658,1.47896,1.47909,1.31,1.00
2017.11.20 04:49:38.812,1.4789,1.47904,1.62,1.56
2017.11.20 04:49:38.863,1.47888,1.479,1.19,1.00
2017.11.20 04:49:38.915,1.47888,1.479,1.25,1.00
2017.11.20 04:49:40.313,1.47888,1.47899,1.00,1.00
2017.11.20 04:49:40.619,1.47886,1.47899,1.25,1.25
2017.11.20 04:49:41.180,1.47886,1.47898,1.25,1.00
2017.11.20 04:49:46.506,1.47883,1.47895,1.19,1.25
2017.11.20 04:49:46.557,1.47883,1.47895,1.00,1.00
2017.11.20 04:49:46.660,1.47879,1.47896,3.19,1.87
2017.11.20 04:49:47.165,1.47881,1.47897,1.25,2.25
2017.11.20 04:49:49.005,1.4788,1.47896,1.62,1.44
2017.11.20 04:49:50.472,1.47881,1.47896,1.25,1.44
2017.11.20 04:49:51.223,1.47885,1.47899,1.00,1.50
2017.11.20 04:49:51.735,1.47886,1.47901,1.31,1.44
2017.11.20 04:49:53.716,1.47886,1.47901,1.31,1.50
2017.11.20 04:49:59.378,1.47886,1.47901,1.31,1.81
2017.11.20 04:49:59.481,1.47883,1.47899,1.44,1.75
2017.11.20 04:49:59.737,1.47882,1.47898,1.00,1.12
2017.11.20 04:50:00.922,1.47883,1.47897,1.12,1.37
2017.11.20 04:50:01.075,1.47885,1.47899,1.00,1.37
2017.11.20 04:50:01.592,1.47886,1.47899,1.00,1.00
2017.11.20 04:50:12.105,1.47882,1.47898,2.06,1.87
2017.11.20 04:50:12.517,1.47883,1.47897,1.37,1.19
2017.11.20 04:50:12.671,1.47884,1.479,1.00,1.50
2017.11.20 04:50:13.204,1.47884,1.47901,2.06,2.25
2017.11.20 04:50:15.582,1.47884,1.47898,1.00,1.25
2017.11.20 04:50:15.634,1.47881,1.47898,4.87,1.87
2017.11.20 04:50:16.222,1.47881,1.47898,1.56,2.06
2017.11.20 04:50:17.661,1.47881,1.47898,1.37,2.19
2017.11.20 04:50:25.300,1.47882,1.47898,1.87,1.50
2017.11.20 04:50:25.454,1.47884,1.479,2.44,1.37
2017.11.20 04:50:25.959,1.47885,1.479,1.37,1.44
2017.11.20 04:50:27.413,1.47885,1.47901,1.87,1.75
2017.11.20 04:50:27.568,1.47885,1.479,2.06,1.44
2017.11.20 04:50:28.824,1.47885,1.479,1.87,1.81
2017.11.20 04:50:30.047,1.47885,1.479,2.06,1.50
2017.11.20 04:50:31.158,1.47885,1.479,2.06,1.81
2017.11.20 04:50:33.459,1.47885,1.479,2.06,1.50
2017.11.20 04:50:34.968,1.47885,1.47902,2.44,2.06
2017.11.20 04:50:36.350,1.47885,1.47899,1.00,1.87
2017.11.20 04:50:36.861,1.47883,1.47899,1.44,2.81
2017.11.20 04:50:37.167,1.47883,1.47898,1.00,1.69
2017.11.20 04:50:38.080,1.47883,1.47894,1.00,1.00
2017.11.20 04:50:38.671,1.47883,1.47895,1.00,1.00
2017.11.20 04:50:39.717,1.47883,1.47894,1.00,1.00
2017.11.20 04:50:42.030,1.47883,1.47895,1.12,1.25
2017.11.20 04:50:43.069,1.47883,1.47893,1.12,1.00
2017.11.20 04:50:44.643,1.47883,1.47892,1.00,1.00
2017.11.20 04:50:45.358,1.47883,1.47893,1.00,1.00
2017.11.20 04:50:45.869,1.47883,1.47892,1.00,1.00
2017.11.20 04:50:46.211,1.47883,1.47896,2.25,1.00
2017.11.20 04:50:46.314,1.47886,1.47899,1.31,1.00
2017.11.20 04:50:46.860,1.47886,1.47898,1.31,1.00
2017.11.20 04:50:53.158,1.47886,1.47897,1.12,1.00
2017.11.20 04:50:54.049,1.47886,1.47898,1.12,1.25
2017.11.20 04:50:54.992,1.47886,1.47897,1.12,1.00
2017.11.20 04:50:55.992,1.47886,1.47898,1.12,1.00
2017.11.20 04:50:56.542,1.47886,1.47897,1.12,1.00
2017.11.20 04:50:56.962,1.47886,1.47894,1.00,1.00
2017.11.20 04:50:57.065,1.47881,1.47893,1.00,1.25
2017.11.20 04:51:01.460,1.47881,1.47892,1.00,1.00
2017.11.20 04:51:03.119,1.47881,1.47893,1.00,1.25
2017.11.20 04:51:03.760,1.47881,1.47894,1.12,1.00
2017.11.20 04:51:05.993,1.47881,1.47893,1.12,1.25
2017.11.20 04:51:10.752,1.47881,1.47893,1.00,1.19
2017.11.20 04:51:17.792,1.47881,1.47897,1.50,3.19
2017.11.20 04:51:17.843,1.47881,1.47897,1.50,3.19
2017.11.20 04:51:19.155,1.47881,1.47897,1.69,3.19
2017.11.20 04:51:21.011,1.47881,1.47897,1.88,2.62
2017.11.20 04:51:21.553,1.47881,1.47897,1.00,2.25
2017.11.20 04:51:21.604,1.47881,1.47897,1.00,1.87
2017.11.20 04:51:23.450,1.47882,1.47897,1.00,1.37
2017.11.20 04:51:24.942,1.47882,1.47897,1.25,1.44
2017.11.20 04:51:27.917,1.47881,1.47895,1.00,2.63
2017.11.20 04:51:28.023,1.47879,1.47892,1.12,1.12
2017.11.20 04:51:28.074,1.47878,1.47892,1.37,1.87
2017.11.20 04:51:28.126,1.4788,1.47892,1.00,1.00
2017.11.20 04:51:28.659,1.4788,1.47895,1.00,1.12
2017.11.20 04:51:31.670,1.4788,1.47896,1.00,3.00
2017.11.20 04:51:32.812,1.4788,1.47895,1.25,1.12
2017.11.20 04:51:34.568,1.47879,1.47895,1.25,1.12
2017.11.20 04:51:34.752,1.47884,1.47896,1.25,1.56
2017.11.20 04:51:34.854,1.47885,1.47898,1.12,1.00
2017.11.20 04:51:34.906,1.47886,1.47901,1.31,1.19
2017.11.20 04:51:35.418,1.47886,1.47901,1.87,1.19
2017.11.20 04:51:35.732,1.47888,1.47901,2.06,1.12
2017.11.20 04:51:35.938,1.47887,1.47902,1.69,1.31
2017.11.20 04:51:36.144,1.47888,1.47904,1.75,2.25
2017.11.20 04:51:36.451,1.47887,1.47903,2.25,1.56
2017.11.20 04:51:37.562,1.47888,1.47904,1.87,2.25
2017.11.20 04:51:38.300,1.47888,1.47903,1.69,1.44
2017.11.20 04:51:38.875,1.47886,1.47901,1.12,1.50
2017.11.20 04:51:39.028,1.47885,1.47899,1.25,1.12
2017.11.20 04:51:39.354,1.47883,1.47895,1.00,1.44
2017.11.20 04:51:39.405,1.47879,1.47895,2.25,1.87
2017.11.20 04:51:39.457,1.47879,1.47895,2.25,1.87
2017.11.20 04:51:39.610,1.47879,1.47895,2.25,1.87
2017.11.20 04:51:39.751,1.47879,1.47895,2.25,1.87
2017.11.20 04:51:40.951,1.47879,1.47895,1.50,1.87
2017.11.20 04:51:43.287,1.47879,1.47892,1.69,1.19
2017.11.20 04:51:43.789,1.47879,1.47894,1.62,1.12
2017.11.20 04:51:44.314,1.47879,1.47892,1.62,1.19
2017.11.20 04:51:45.516,1.47879,1.47894,1.69,2.19
2017.11.20 04:51:48.201,1.47879,1.47894,2.06,1.12
2017.11.20 04:51:48.710,1.47879,1.47894,1.87,1.12
2017.11.20 04:51:48.914,1.47881,1.47895,2.06,1.25
2017.11.20 04:51:49.018,1.47883,1.47897,1.50,1.50
2017.11.20 04:51:49.700,1.47885,1.479,1.62,1.56
2017.11.20 04:51:49.859,1.47887,1.479,1.00,1.19
2017.11.20 04:51:51.188,1.47886,1.479,1.37,1.25
2017.11.20 04:51:52.521,1.47885,1.479,2.25,1.44
2017.11.20 04:51:53.670,1.47885,1.479,1.75,1.50
2017.11.20 04:51:55.009,1.47884,1.479,1.94,2.25
2017.11.20 04:51:55.560,1.47884,1.479,1.12,2.81
2017.11.20 04:51:55.932,1.47884,1.47897,1.00,2.00
2017.11.20 04:51:56.187,1.47881,1.47897,1.62,1.75
2017.11.20 04:51:56.340,1.4788,1.47896,1.12,1.75
2017.11.20 04:51:56.890,1.47884,1.47898,1.31,1.56
2017.11.20 04:51:57.097,1.47884,1.47898,1.00,1.81
2017.11.20 04:51:59.648,1.47884,1.47898,1.00,1.75
2017.11.20 04:52:00.288,1.47884,1.47898,1.00,1.75
2017.11.20 04:52:01.803,1.47881,1.47896,1.69,1.12
2017.11.20 04:52:02.007,1.47878,1.47894,2.25,1.81
2017.11.20 04:52:02.058,1.47878,1.47894,2.25,2.06
2017.11.20 04:52:02.884,1.47878,1.47893,1.31,1.87
2017.11.20 04:52:04.385,1.47877,1.47892,1.81,1.56
2017.11.20 04:52:05.157,1.47876,1.47891,1.69,1.87
2017.11.20 04:52:05.412,1.47876,1.47891,1.25,1.44
2017.11.20 04:52:05.492,1.47876,1.47891,1.25,1.12
2017.11.20 04:52:06.056,1.47876,1.47892,1.31,3.19
2017.11.20 04:52:06.568,1.47876,1.47891,1.25,1.87
2017.11.20 04:52:10.080,1.47876,1.47887,1.25,1.31
2017.11.20 04:52:11.562,1.47876,1.47891,2.44,1.69
2017.11.20 04:52:11.614,1.47879,1.4789,2.44,1.19
2017.11.20 04:52:11.666,1.4788,1.47893,1.31,1.31
2017.11.20 04:52:11.820,1.4788,1.47889,1.00,1.56
2017.11.20 04:52:11.974,1.47876,1.47888,1.69,1.31
2017.11.20 04:52:12.291,1.47876,1.47887,1.19,1.56
2017.11.20 04:52:12.771,1.47876,1.47887,1.19,1.19
2017.11.20 04:52:13.611,1.47876,1.47885,1.19,1.00
2017.11.20 04:52:15.438,1.47876,1.47887,2.25,1.00
2017.11.20 04:52:15.961,1.47876,1.47888,3.56,1.31
2017.11.20 04:52:16.660,1.47876,1.47888,3.56,1.19
2017.11.20 04:52:18.146,1.47876,1.47889,3.56,1.19
2017.11.20 04:52:19.594,1.47877,1.47889,1.69,1.69
2017.11.20 04:52:20.410,1.47877,1.47888,1.69,1.00
2017.11.20 04:52:21.040,1.47877,1.47889,1.69,1.31
2017.11.20 04:52:21.092,1.47877,1.47889,1.69,1.69
2017.11.20 04:52:21.630,1.47876,1.47888,2.00,1.19
2017.11.20 04:52:22.161,1.47876,1.47888,1.62,1.19
2017.11.20 04:52:22.704,1.47876,1.47888,1.62,1.31
2017.11.20 04:52:23.360,1.47876,1.47888,1.62,1.56
2017.11.20 04:52:24.544,1.47876,1.47888,1.62,1.31
2017.11.20 04:52:25.746,1.47876,1.47888,1.62,1.56
2017.11.20 04:52:26.901,1.47876,1.47888,1.62,1.31
2017.11.20 04:52:28.047,1.47876,1.47888,1.62,1.56
2017.11.20 04:52:28.598,1.47876,1.47888,1.62,1.31
2017.11.20 04:52:29.308,1.47876,1.47887,1.62,1.25
2017.11.20 04:52:30.546,1.47876,1.47887,1.62,1.31
2017.11.20 04:52:32.712,1.47876,1.47887,1.00,1.19
2017.11.20 04:52:33.233,1.47876,1.47887,1.25,1.25
2017.11.20 04:52:34.748,1.47874,1.47887,2.44,2.25
2017.11.20 04:52:34.853,1.47872,1.47881,1.37,1.25
2017.11.20 04:52:34.905,1.47871,1.47881,1.25,1.25
2017.11.20 04:52:35.364,1.47868,1.4788,2.25,1.19
2017.11.20 04:52:35.534,1.47864,1.47875,1.19,1.25
2017.11.20 04:52:35.586,1.47863,1.47872,1.25,1.25
2017.11.20 04:52:36.147,1.47858,1.47868,2.25,1.00
2017.11.20 04:52:36.454,1.47856,1.47865,1.00,1.19
2017.11.20 04:52:37.020,1.47854,1.47864,1.44,1.25
2017.11.20 04:52:37.999,1.47853,1.47864,2.44,1.19
2017.11.20 04:52:40.168,1.47853,1.47863,2.06,1.19
2017.11.20 04:52:41.247,1.47853,1.47863,1.56,1.31
2017.11.20 04:52:43.596,1.47852,1.47863,1.31,1.19
2017.11.20 04:52:43.887,1.47851,1.47863,2.06,1.19
2017.11.20 04:52:47.133,1.47851,1.47864,2.06,1.56
2017.11.20 04:52:48.346,1.47851,1.47864,2.44,1.31
2017.11.20 04:52:50.777,1.47852,1.47864,1.00,1.56
2017.11.20 04:52:52.271,1.47851,1.47863,2.06,1.56
2017.11.20 04:52:52.427,1.47845,1.47858,1.81,1.69
2017.11.20 04:52:52.937,1.47845,1.47855,1.00,1.19
2017.11.20 04:52:55.106,1.47845,1.47859,2.25,1.31
2017.11.20 04:52:55.210,1.47847,1.47862,1.50,1.31
2017.11.20 04:52:55.262,1.47847,1.47862,1.50,1.25
2017.11.20 04:52:55.773,1.47849,1.47862,2.06,1.25
2017.11.20 04:52:56.462,1.47849,1.47862,2.06,1.25
2017.11.20 04:52:57.448,1.47849,1.47862,2.44,1.25
2017.11.20 04:52:58.534,1.47849,1.47862,2.44,1.25
2017.11.20 04:52:59.138,1.4785,1.47862,1.00,1.25
2017.11.20 04:52:59.744,1.4785,1.47862,1.19,1.25
2017.11.20 04:53:00.305,1.4785,1.47862,1.00,1.25
2017.11.20 04:53:00.806,1.47849,1.47861,2.44,1.00
2017.11.20 04:53:01.252,1.4785,1.47864,2.44,1.19
2017.11.20 04:53:01.764,1.47851,1.47863,1.81,1.25
2017.11.20 04:53:02.496,1.47851,1.47863,1.75,1.25
2017.11.20 04:53:03.589,1.47851,1.47863,2.25,1.00
2017.11.20 04:53:03.943,1.47853,1.47864,1.19,1.00
2017.11.20 04:53:03.995,1.47853,1.47866,1.62,1.00
2017.11.20 04:53:04.047,1.47853,1.47866,1.56,1.31
2017.11.20 04:53:04.417,1.47853,1.47864,1.12,1.00
2017.11.20 04:53:06.306,1.47853,1.47866,1.19,1.25
2017.11.20 04:53:11.370,1.47853,1.47864,1.19,1.00
2017.11.20 04:53:11.889,1.47853,1.47865,1.19,1.25
2017.11.20 04:53:14.838,1.47853,1.47864,1.00,1.25
2017.11.20 04:53:17.200,1.47853,1.47865,1.25,1.31
2017.11.20 04:53:18.384,1.47853,1.47864,1.25,1.25
2017.11.20 04:53:19.539,1.47853,1.47865,1.25,1.31
2017.11.20 04:53:20.782,1.47853,1.47864,1.00,1.19
2017.11.20 04:53:22.259,1.47853,1.47864,1.25,1.25
2017.11.20 04:53:22.379,1.47855,1.47868,1.19,1.69
2017.11.20 04:53:22.431,1.47855,1.47869,1.19,1.25
2017.11.20 04:53:22.941,1.47857,1.47869,1.31,1.25
2017.11.20 04:53:24.081,1.47857,1.4787,2.00,1.19
2017.11.20 04:53:24.625,1.47857,1.47871,2.06,1.31
2017.11.20 04:53:24.729,1.47857,1.47871,2.44,1.00
2017.11.20 04:53:28.882,1.47857,1.4787,2.81,1.00
2017.11.20 04:53:30.668,1.47858,1.47872,1.62,1.19
2017.11.20 04:53:30.770,1.47858,1.47873,2.06,1.25
2017.11.20 04:53:30.987,1.47859,1.47873,1.69,1.31
2017.11.20 04:53:31.229,1.47859,1.47873,1.69,1.25
2017.11.20 04:53:35.731,1.47859,1.47872,1.56,1.00
2017.11.20 04:53:36.950,1.47859,1.47872,1.56,1.00
2017.11.20 04:53:41.644,1.47859,1.47872,1.69,1.00
2017.11.20 04:53:42.303,1.47859,1.47872,1.69,1.00
2017.11.20 04:53:50.267,1.47859,1.47873,1.94,1.00
2017.11.20 04:53:50.785,1.47861,1.47873,1.12,1.00
2017.11.20 04:53:52.038,1.47861,1.47873,1.31,1.00
2017.11.20 04:53:52.542,1.47861,1.47872,1.00,1.25
2017.11.20 04:53:53.055,1.47861,1.47871,1.00,1.00
2017.11.20 04:53:56.240,1.47861,1.47871,1.19,1.25
2017.11.20 04:53:56.749,1.47861,1.47872,1.00,1.00
2017.11.20 04:53:57.736,1.47861,1.47871,1.25,1.00
2017.11.20 04:54:10.592,1.47861,1.4787,1.25,1.00
2017.11.20 04:54:12.298,1.47861,1.47872,1.00,1.19
2017.11.20 04:54:29.294,1.47861,1.47876,1.00,2.19
2017.11.20 04:54:30.560,1.47861,1.47876,1.25,2.25
2017.11.20 04:54:35.947,1.47861,1.47872,1.25,1.19
2017.11.20 04:54:37.208,1.47864,1.47872,1.00,1.19
2017.11.20 04:54:47.728,1.47861,1.47872,1.00,1.12
2017.11.20 04:54:47.780,1.4786,1.4787,1.00,1.87
2017.11.20 04:54:47.883,1.47857,1.47868,1.00,1.31
2017.11.20 04:54:48.088,1.47853,1.47864,1.12,1.19
2017.11.20 04:54:49.208,1.47853,1.47865,1.50,1.12
2017.11.20 04:54:52.698,1.47853,1.47864,1.00,1.19
2017.11.20 04:54:53.847,1.47853,1.47865,1.00,1.12
2017.11.20 04:54:55.001,1.47853,1.47865,1.00,1.12
2017.11.20 04:54:58.496,1.47852,1.47865,1.44,1.12
2017.11.20 04:54:59.070,1.47852,1.47865,1.25,1.12
2017.11.20 04:54:59.727,1.47852,1.47865,1.25,1.12
2017.11.20 04:55:00.651,1.47852,1.47865,1.44,1.44
2017.11.20 04:55:01.153,1.47852,1.47865,1.25,1.12
2017.11.20 04:55:01.727,1.47853,1.47865,1.25,1.12
2017.11.20 04:55:02.526,1.47852,1.47865,1.44,1.44
2017.11.20 04:55:03.251,1.47852,1.47865,1.44,1.12
2017.11.20 04:55:05.022,1.47852,1.47865,1.00,1.12
2017.11.20 04:55:05.681,1.47853,1.47865,1.00,1.12
2017.11.20 04:55:06.747,1.47853,1.47866,1.00,1.12
2017.11.20 04:55:07.425,1.47852,1.47866,1.25,1.12
2017.11.20 04:55:07.957,1.47852,1.47866,1.25,1.12
2017.11.20 04:55:08.472,1.47853,1.47866,1.00,1.12
2017.11.20 04:55:09.050,1.47852,1.47866,1.25,1.12
2017.11.20 04:55:10.248,1.4785,1.47866,1.81,2.19
2017.11.20 04:55:10.799,1.4785,1.47864,1.75,1.19
2017.11.20 04:55:11.337,1.4785,1.47862,1.62,1.25
2017.11.20 04:55:11.495,1.4785,1.47862,1.81,1.31
2017.11.20 04:55:11.852,1.47849,1.4786,1.87,1.19
2017.11.20 04:55:12.006,1.47847,1.47857,1.00,1.19
2017.11.20 04:55:13.150,1.47845,1.47857,2.06,1.19
2017.11.20 04:55:13.753,1.47845,1.4786,3.75,1.12
2017.11.20 04:55:13.804,1.47846,1.47861,1.56,1.69
2017.11.20 04:55:13.856,1.47847,1.47862,1.56,1.69
2017.11.20 04:55:14.009,1.4785,1.47862,1.69,1.19
2017.11.20 04:55:14.543,1.4785,1.47862,1.69,1.00
2017.11.20 04:55:14.945,1.4785,1.47862,2.00,1.00
2017.11.20 04:55:15.200,1.4785,1.47863,1.31,1.25
2017.11.20 04:55:15.717,1.4785,1.47863,1.69,1.19
2017.11.20 04:55:16.952,1.4785,1.47863,1.69,1.19
2017.11.20 04:55:17.003,1.4785,1.47863,1.50,1.19
2017.11.20 04:55:17.714,1.4785,1.47863,1.69,1.19
2017.11.20 04:55:21.338,1.4785,1.47863,1.50,1.19
2017.11.20 04:55:22.436,1.4785,1.47863,1.69,1.19
2017.11.20 04:55:22.985,1.4785,1.47863,1.69,1.19
2017.11.20 04:55:23.205,1.4785,1.47863,1.50,1.19
2017.11.20 04:55:23.729,1.4785,1.47863,1.62,1.19
2017.11.20 04:55:24.236,1.4785,1.47863,1.44,1.19
2017.11.20 04:55:24.844,1.4785,1.47863,1.62,1.19
2017.11.20 04:55:25.242,1.4785,1.47863,1.12,1.19
2017.11.20 04:55:25.651,1.4785,1.47863,1.31,1.19
2017.11.20 04:55:26.162,1.4785,1.47863,1.44,1.19
2017.11.20 04:55:27.100,1.4785,1.47863,1.12,1.19
2017.11.20 04:55:27.821,1.4785,1.47863,1.62,1.19
2017.11.20 04:55:28.243,1.4785,1.47863,1.12,1.00
2017.11.20 04:55:28.498,1.4785,1.47863,1.62,1.00
2017.11.20 04:55:29.023,1.4785,1.47863,1.69,1.00
2017.11.20 04:55:29.640,1.4785,1.47863,1.69,1.25
2017.11.20 04:55:30.788,1.4785,1.47863,1.69,1.25
2017.11.20 04:55:31.773,1.4785,1.47863,1.62,1.25
2017.11.20 04:55:32.288,1.4785,1.47863,1.69,1.25
2017.11.20 04:55:32.899,1.47851,1.47863,1.19,1.25
2017.11.20 04:55:33.521,1.47851,1.47863,1.00,1.25
2017.11.20 04:55:34.045,1.47851,1.47863,1.19,1.19
2017.11.20 04:55:34.557,1.4785,1.47863,1.62,1.19
2017.11.20 04:55:36.102,1.47849,1.47863,1.62,1.19
2017.11.20 04:55:36.280,1.47849,1.47864,1.62,1.50
2017.11.20 04:55:36.578,1.47849,1.47862,1.62,1.19
2017.11.20 04:55:36.681,1.47849,1.47863,1.62,1.25
2017.11.20 04:55:37.210,1.47849,1.47863,1.56,1.25
2017.11.20 04:55:37.742,1.47849,1.47864,2.06,1.31
2017.11.20 04:55:37.797,1.47849,1.47864,2.06,1.69
2017.11.20 04:55:37.848,1.47849,1.47864,2.06,1.31
2017.11.20 04:55:38.108,1.47855,1.47866,1.00,3.75
2017.11.20 04:55:38.636,1.47856,1.47867,1.00,2.25
2017.11.20 04:55:40.043,1.47856,1.47867,1.00,1.87
2017.11.20 04:55:41.404,1.47856,1.47867,1.00,1.87
2017.11.20 04:55:42.553,1.47856,1.47867,1.00,1.87
2017.11.20 04:55:43.795,1.47856,1.47867,1.00,1.87
2017.11.20 04:55:47.445,1.47856,1.47867,1.00,1.87
2017.11.20 04:55:49.056,1.47856,1.47867,1.00,2.44
2017.11.20 04:55:52.001,1.47855,1.47867,1.00,2.44
2017.11.20 04:55:52.547,1.47856,1.47867,1.00,2.44
2017.11.20 04:55:53.094,1.47855,1.47867,1.00,2.44
2017.11.20 04:55:58.301,1.47856,1.47867,1.00,2.44
2017.11.20 04:56:01.283,1.47859,1.47867,1.00,1.81
2017.11.20 04:56:01.335,1.47861,1.47871,1.00,1.81
2017.11.20 04:56:01.643,1.47859,1.47869,1.00,1.12
2017.11.20 04:56:02.108,1.47858,1.47869,1.00,3.37
2017.11.20 04:56:05.891,1.47861,1.47871,1.00,4.87
2017.11.20 04:56:05.994,1.47859,1.47871,1.00,2.25
2017.11.20 04:56:06.097,1.47859,1.4787,1.00,1.81
2017.11.20 04:56:06.148,1.47859,1.47871,1.00,1.87
2017.11.20 04:56:06.615,1.47859,1.47871,1.00,2.44
2017.11.20 04:56:06.844,1.47859,1.4787,1.00,1.19
2017.11.20 04:56:07.137,1.47861,1.4787,1.00,1.19
2017.11.20 04:56:08.298,1.47861,1.47871,1.00,2.44
2017.11.20 04:56:08.350,1.47862,1.47872,1.00,2.06
2017.11.20 04:56:08.861,1.47863,1.47872,1.00,1.56
2017.11.20 04:56:09.661,1.47863,1.47872,1.00,1.31
2017.11.20 04:56:22.472,1.47864,1.47875,1.00,2.44
2017.11.20 04:56:23.345,1.47864,1.47874,1.00,1.81
2017.11.20 04:56:27.005,1.47862,1.47872,1.00,1.12
2017.11.20 04:56:27.057,1.47862,1.47874,1.00,1.87
2017.11.20 04:56:27.108,1.47862,1.47872,1.00,2.25
2017.11.20 04:56:27.160,1.47859,1.4787,1.00,2.81
2017.11.20 04:56:27.263,1.47856,1.47865,1.00,1.19
2017.11.20 04:56:27.776,1.47855,1.47867,1.00,1.31
2017.11.20 04:56:28.546,1.47855,1.47865,1.00,1.19
2017.11.20 04:56:29.947,1.47855,1.47865,1.00,1.19
2017.11.20 04:56:33.280,1.47854,1.47867,1.00,2.25
2017.11.20 04:56:39.947,1.47854,1.47865,1.00,1.19
2017.11.20 04:56:53.912,1.47853,1.47867,1.00,2.44
2017.11.20 04:56:54.441,1.47854,1.47867,1.00,2.25
2017.11.20 04:57:03.284,1.47855,1.47866,1.00,1.19
2017.11.20 04:57:03.541,1.47857,1.47867,1.00,1.69
2017.11.20 04:57:03.777,1.47855,1.47869,1.00,2.25
2017.11.20 04:57:03.829,1.47854,1.47865,1.25,1.19
2017.11.20 04:57:05.169,1.47854,1.47865,1.25,1.19
2017.11.20 04:57:08.229,1.47853,1.47865,1.00,1.94
2017.11.20 04:57:10.545,1.47853,1.47863,1.00,1.19
2017.11.20 04:57:13.046,1.47853,1.47865,1.00,1.94
2017.11.20 04:57:19.448,1.47852,1.47864,1.00,2.25
2017.11.20 04:57:19.500,1.47849,1.47859,1.00,1.19
2017.11.20 04:57:19.989,1.47847,1.47859,1.00,1.19
2017.11.20 04:57:20.845,1.47847,1.4786,1.00,2.44
2017.11.20 04:57:21.704,1.47849,1.47858,1.00,1.19
2017.11.20 04:57:22.235,1.47848,1.47859,1.00,1.56
2017.11.20 04:57:28.951,1.47848,1.47859,1.00,1.56
2017.11.20 04:57:29.477,1.47847,1.47859,1.00,1.56
2017.11.20 04:57:30.046,1.47847,1.47858,1.00,1.19
2017.11.20 04:57:31.939,1.47848,1.47858,1.00,1.19
2017.11.20 04:57:32.317,1.4785,1.4786,1.00,1.56
2017.11.20 04:57:32.368,1.47851,1.47863,1.00,2.06
2017.11.20 04:57:32.420,1.47851,1.47863,1.25,1.31
2017.11.20 04:57:32.574,1.4785,1.47861,1.00,1.19
2017.11.20 04:57:32.876,1.47849,1.47861,1.00,2.06
2017.11.20 04:57:34.935,1.47848,1.47859,1.00,1.19
2017.11.20 04:57:35.339,1.47848,1.4786,1.00,2.06
2017.11.20 04:57:37.796,1.47848,1.47859,1.00,1.69
2017.11.20 04:57:39.093,1.47848,1.47859,1.00,1.69
2017.11.20 04:57:39.860,1.47847,1.47859,1.00,1.69
2017.11.20 04:57:44.280,1.47845,1.47859,1.19,1.69
2017.11.20 04:57:53.701,1.47844,1.47859,2.06,2.44
2017.11.20 04:57:56.095,1.47844,1.47859,1.31,2.81
2017.11.20 04:58:02.493,1.47844,1.47859,1.31,2.44
2017.11.20 04:58:02.799,1.47844,1.47858,1.00,1.12
2017.11.20 04:58:03.338,1.47844,1.47859,1.19,2.06
2017.11.20 04:58:03.947,1.47844,1.47859,1.00,3.00
2017.11.20 04:58:11.757,1.47844,1.47859,2.06,2.81
2017.11.20 04:58:14.451,1.47844,1.47858,2.06,1.19
2017.11.20 04:58:15.505,1.47844,1.47859,1.31,2.44
2017.11.20 04:58:22.456,1.47844,1.47859,1.31,1.87
2017.11.20 04:58:26.117,1.47844,1.47859,1.69,1.87
2017.11.20 04:58:27.643,1.47844,1.47859,1.69,1.37
2017.11.20 04:58:27.883,1.47844,1.47859,2.06,1.12
2017.11.20 04:58:28.245,1.47847,1.47864,1.31,2.62
2017.11.20 04:58:28.652,1.4785,1.47864,1.19,1.87
2017.11.20 04:58:29.046,1.4785,1.47864,1.19,1.12
2017.11.20 04:58:31.860,1.4785,1.47864,1.00,1.50
2017.11.20 04:58:35.061,1.4785,1.47864,1.00,1.69
2017.11.20 04:58:35.708,1.4785,1.47864,1.00,1.31
2017.11.20 04:58:39.302,1.47853,1.47864,1.00,1.31
2017.11.20 04:58:42.497,1.47851,1.47856,1.00,1.63
2017.11.20 04:58:42.549,1.47845,1.47854,1.00,1.37
2017.11.20 04:58:42.601,1.47844,1.47857,1.00,1.75
2017.11.20 04:58:42.653,1.47843,1.47855,1.00,2.44
2017.11.20 04:58:42.757,1.47839,1.47852,1.00,1.31
2017.11.20 04:58:43.095,1.47837,1.47849,1.00,1.00
2017.11.20 04:58:43.402,1.47836,1.47849,1.00,2.81
2017.11.20 04:58:43.916,1.47837,1.47849,1.00,2.44
2017.11.20 04:58:45.983,1.47836,1.47849,1.00,2.25
2017.11.20 04:58:46.486,1.47837,1.47849,1.00,2.25
2017.11.20 04:58:47.707,1.47839,1.47851,1.00,2.00
2017.11.20 04:58:48.292,1.47838,1.47852,1.00,5.44
2017.11.20 04:58:49.746,1.47836,1.47852,1.12,3.56
2017.11.20 04:58:50.996,1.47835,1.47849,1.50,1.19
2017.11.20 04:58:51.509,1.47834,1.47849,1.12,1.19
2017.11.20 04:58:52.863,1.47836,1.47849,1.00,1.19
2017.11.20 04:58:53.407,1.47835,1.47849,1.00,1.19
2017.11.20 04:58:56.080,1.47839,1.47849,1.00,1.19
2017.11.20 04:59:03.448,1.47838,1.47849,1.00,1.19
2017.11.20 04:59:03.755,1.47837,1.47847,1.00,1.37
2017.11.20 04:59:03.807,1.47838,1.47849,1.00,2.44
2017.11.20 04:59:05.964,1.47837,1.47848,1.00,1.87
2017.11.20 04:59:06.475,1.47836,1.47848,1.00,1.87
2017.11.20 04:59:06.836,1.47837,1.4785,1.00,2.25
2017.11.20 04:59:07.091,1.4784,1.47851,1.00,1.56
2017.11.20 04:59:07.398,1.47845,1.47857,1.00,1.87
2017.11.20 04:59:07.931,1.47846,1.47857,1.00,1.44
2017.11.20 04:59:09.487,1.47847,1.47859,1.00,1.69
2017.11.20 04:59:09.634,1.47849,1.47859,1.00,1.87
2017.11.20 04:59:09.845,1.47847,1.47859,1.00,1.87
2017.11.20 04:59:10.349,1.47848,1.47859,1.00,1.69
2017.11.20 04:59:11.106,1.47849,1.47859,1.00,1.19
2017.11.20 04:59:11.616,1.47847,1.47857,1.00,1.19
2017.11.20 04:59:12.140,1.47846,1.47858,1.00,2.25
2017.11.20 04:59:12.726,1.47847,1.47858,1.00,2.25
2017.11.20 04:59:13.258,1.47846,1.47858,1.00,1.12
2017.11.20 04:59:18.724,1.47846,1.47857,1.00,1.31
2017.11.20 04:59:19.266,1.47845,1.47857,1.00,3.00
2017.11.20 04:59:20.437,1.47844,1.47857,1.00,2.81
2017.11.20 04:59:22.703,1.47846,1.47857,1.00,3.94
2017.11.20 04:59:23.826,1.47847,1.47857,1.00,1.19
2017.11.20 04:59:33.510,1.47847,1.47859,1.00,2.25
2017.11.20 04:59:33.765,1.47849,1.4786,1.00,1.81
2017.11.20 04:59:35.878,1.47849,1.47861,1.00,3.37
2017.11.20 04:59:36.385,1.47849,1.4786,1.00,1.56
2017.11.20 04:59:36.901,1.47849,1.47861,1.00,3.94
2017.11.20 04:59:37.699,1.47847,1.47858,1.00,1.44
2017.11.20 04:59:37.903,1.47847,1.47858,1.00,1.00
2017.11.20 04:59:38.439,1.47847,1.47859,1.00,1.31
2017.11.20 04:59:40.737,1.47847,1.47859,1.00,2.25
2017.11.20 04:59:41.574,1.47847,1.47859,1.00,1.31
2017.11.20 04:59:42.093,1.47846,1.47859,1.00,1.31
2017.11.20 04:59:42.656,1.47846,1.47859,1.00,1.75
2017.11.20 04:59:44.214,1.47845,1.47858,1.00,2.25
2017.11.20 04:59:44.725,1.47845,1.47858,1.00,3.37
2017.11.20 04:59:46.898,1.47846,1.47858,1.00,2.81
2017.11.20 04:59:47.468,1.47845,1.47858,1.00,1.50
2017.11.20 04:59:47.951,1.47845,1.47858,1.00,1.00
2017.11.20 04:59:48.003,1.47847,1.47858,1.00,1.00
2017.11.20 04:59:48.341,1.47852,1.47863,1.00,1.19
2017.11.20 04:59:48.897,1.47853,1.47863,1.00,1.00
2017.11.20 04:59:50.576,1.47853,1.47863,1.00,1.62
2017.11.20 04:59:50.833,1.4785,1.47859,1.00,1.69
2017.11.20 04:59:50.935,1.47848,1.47859,1.00,1.31
2017.11.20 04:59:54.861,1.47847,1.47859,1.12,1.31
2017.11.20 04:59:55.454,1.47852,1.47862,1.00,1.00
2017.11.20 04:59:55.762,1.47855,1.47863,1.00,1.00
2017.11.20 04:59:56.095,1.47855,1.47866,1.00,1.50
2017.11.20 04:59:56.459,1.47855,1.47866,1.00,2.44
2017.11.20 04:59:56.656,1.47853,1.47865,1.00,1.37
2017.11.20 04:59:56.709,1.47851,1.47865,1.25,2.62
2017.11.20 04:59:56.862,1.47853,1.47865,1.00,1.62
2017.11.20 04:59:57.373,1.47851,1.47863,1.00,1.00
2017.11.20 04:59:58.461,1.47848,1.47861,1.87,1.12
2017.11.20 04:59:59.229,1.4785,1.47864,1.12,1.50
2017.11.20 04:59:59.335,1.47852,1.47866,1.12,1.00
2017.11.20 04:59:59.652,1.47856,1.47869,1.81,2.25
2017.11.20 04:59:59.960,1.47861,1.47874,1.19,1.87
