2010.05.10 03:00:04.618,1.3765,1.37685,1.60,4.40
2010.05.10 03:00:04.829,1.3765,1.37685,2.00,1.00
2010.05.10 03:00:08.977,1.3765,1.37685,1.60,4.40
2010.05.10 03:00:09.076,1.3764,1.3768,3.00,1.00
2010.05.10 03:00:14.283,1.37645,1.3768,1.00,2.40
2010.05.10 03:00:14.382,1.37645,1.3768,1.00,1.00
2010.05.10 03:00:27.232,1.37645,1.3768,1.60,1.00
2010.05.10 03:00:27.430,1.37645,1.3768,2.00,1.00
2010.05.10 03:00:38.681,1.37655,1.37685,1.00,1.60
2010.05.10 03:00:38.839,1.37655,1.3769,1.00,3.60
2010.05.10 03:00:43.871,1.37655,1.3769,1.00,2.00
2010.05.10 03:00:44.357,1.3765,1.3768,1.00,1.00
2010.05.10 03:00:44.590,1.37645,1.3768,2.00,1.00
2010.05.10 03:00:47.381,1.37655,1.37685,1.00,2.00
2010.05.10 03:00:47.556,1.37655,1.37685,1.00,1.60
2010.05.10 03:00:47.626,1.37655,1.3769,1.00,2.00
2010.05.10 03:01:00.358,1.37655,1.3769,1.00,1.20
2010.05.10 03:01:00.505,1.37655,1.3769,1.00,1.00
2010.05.10 03:01:12.287,1.37655,1.37685,1.00,1.00
2010.05.10 03:01:12.388,1.3765,1.3768,1.00,1.00
2010.05.10 03:01:33.976,1.3765,1.3768,1.00,2.40
2010.05.10 03:01:35.378,1.3764,1.37675,1.30,1.00
2010.05.10 03:01:35.588,1.37635,1.37665,1.00,1.00
2010.05.10 03:02:09.082,1.3763,1.37665,2.60,1.00
2010.05.10 03:02:09.240,1.3763,1.37665,2.00,1.00
2010.05.10 03:02:10.286,1.3763,1.37665,1.60,1.00
2010.05.10 03:02:13.957,1.37625,1.37655,1.00,1.00
2010.05.10 03:02:14.038,1.37625,1.3764,1.00,1.00
2010.05.10 03:02:14.078,1.37625,1.3764,1.00,1.00
2010.05.10 03:02:14.217,1.37615,1.37645,1.00,1.20
2010.05.10 03:02:14.258,1.3761,1.37645,2.40,1.20
2010.05.10 03:02:14.326,1.3761,1.37645,1.00,1.20
2010.05.10 03:02:15.119,1.37605,1.37635,1.00,1.20
2010.05.10 03:02:15.382,1.37605,1.37635,1.00,1.00
2010.05.10 03:02:34.267,1.3761,1.37645,1.60,1.00
2010.05.10 03:02:35.164,1.3761,1.37645,3.20,1.00
2010.05.10 03:02:42.608,1.3762,1.3765,1.00,1.00
2010.05.10 03:02:42.899,1.3762,1.37655,1.00,1.00
2010.05.10 03:02:43.400,1.3763,1.37665,1.00,1.20
2010.05.10 03:02:47.176,1.37635,1.37665,1.00,1.00
2010.05.10 03:02:47.417,1.37635,1.3767,1.00,1.20
2010.05.10 03:02:52.694,1.3764,1.3767,1.00,1.00
2010.05.10 03:02:52.736,1.3764,1.37675,1.00,1.20
2010.05.10 03:02:53.897,1.37645,1.37675,1.60,1.00
2010.05.10 03:02:54.302,1.37645,1.37675,2.40,1.00
2010.05.10 03:02:54.456,1.3766,1.377,1.60,1.00
2010.05.10 03:02:54.604,1.3766,1.37695,1.60,1.00
2010.05.10 03:02:54.889,1.37655,1.3769,1.40,1.00
2010.05.10 03:02:55.229,1.37655,1.3769,1.00,1.00
2010.05.10 03:02:56.490,1.37655,1.37685,1.00,1.00
2010.05.10 03:02:59.976,1.3766,1.3769,1.60,1.00
2010.05.10 03:03:00.137,1.3766,1.37695,1.60,1.00
2010.05.10 03:03:00.297,1.3766,1.37695,3.20,1.00
2010.05.10 03:03:00.717,1.3766,1.37695,1.60,1.00
2010.05.10 03:03:02.345,1.37655,1.37685,3.40,1.00
2010.05.10 03:03:02.429,1.37655,1.3768,2.60,1.00
2010.05.10 03:03:02.478,1.37655,1.3768,2.20,1.00
2010.05.10 03:03:02.819,1.3765,1.3768,3.20,1.00
2010.05.10 03:03:03.244,1.37655,1.37685,1.00,1.00
2010.05.10 03:03:03.594,1.37655,1.37685,1.00,1.00
2010.05.10 03:03:05.311,1.3766,1.37695,4.10,1.00
2010.05.10 03:03:06.282,1.3766,1.37695,4.60,1.00
2010.05.10 03:03:06.635,1.37665,1.377,1.00,1.00
2010.05.10 03:03:06.983,1.37665,1.377,1.00,1.00
2010.05.10 03:03:07.933,1.37665,1.377,1.00,1.00
2010.05.10 03:03:08.158,1.37665,1.377,1.00,1.00
2010.05.10 03:03:08.841,1.37665,1.377,1.00,1.00
2010.05.10 03:03:09.577,1.3766,1.37695,4.50,1.00
2010.05.10 03:03:09.759,1.3766,1.37695,3.20,1.00
2010.05.10 03:03:12.297,1.3766,1.37695,3.40,1.00
2010.05.10 03:03:12.736,1.3766,1.37695,3.60,1.00
2010.05.10 03:03:14.672,1.3766,1.37695,3.40,1.00
2010.05.10 03:03:14.922,1.3766,1.37695,1.60,1.00
2010.05.10 03:03:15.167,1.3766,1.37695,1.60,1.00
2010.05.10 03:03:15.407,1.3766,1.37695,1.60,1.00
2010.05.10 03:03:15.648,1.3766,1.37695,1.60,1.00
2010.05.10 03:03:16.594,1.3766,1.37695,1.80,1.00
2010.05.10 03:03:17.488,1.3766,1.37695,2.00,1.00
2010.05.10 03:03:17.950,1.37665,1.37695,1.00,1.00
2010.05.10 03:03:18.263,1.37665,1.37695,1.00,1.00
2010.05.10 03:03:18.569,1.37665,1.37695,1.00,1.00
2010.05.10 03:03:18.879,1.37665,1.37695,1.00,1.00
2010.05.10 03:03:19.831,1.3767,1.37695,1.00,1.00
2010.05.10 03:03:20.099,1.37665,1.37695,1.00,1.00
2010.05.10 03:03:20.690,1.3767,1.37695,1.00,1.00
2010.05.10 03:03:24.537,1.37665,1.37695,1.00,1.00
2010.05.10 03:03:25.083,1.3767,1.37705,2.40,1.00
2010.05.10 03:03:25.407,1.3768,1.37705,1.60,1.00
2010.05.10 03:03:25.568,1.3769,1.3771,1.00,1.00
2010.05.10 03:03:26.285,1.37695,1.37725,1.00,1.20
2010.05.10 03:03:26.641,1.37695,1.37725,1.60,1.00
2010.05.10 03:03:26.853,1.377,1.3773,1.00,1.00
2010.05.10 03:03:26.961,1.37705,1.37735,1.00,1.00
2010.05.10 03:03:28.249,1.3771,1.37735,1.00,1.00
2010.05.10 03:03:28.593,1.3771,1.37745,3.20,1.00
2010.05.10 03:03:28.738,1.3771,1.37745,3.40,1.00
2010.05.10 03:03:28.887,1.3771,1.37745,1.60,1.00
2010.05.10 03:03:32.903,1.3771,1.37745,3.20,1.00
2010.05.10 03:03:33.101,1.3771,1.37745,3.30,1.00
2010.05.10 03:03:33.299,1.3771,1.37745,3.20,1.00
2010.05.10 03:03:34.117,1.3772,1.3775,1.00,1.00
2010.05.10 03:03:37.686,1.3772,1.3775,1.00,1.00
2010.05.10 03:03:38.476,1.3772,1.3775,1.00,1.00
2010.05.10 03:03:40.299,1.37725,1.3776,1.60,1.00
2010.05.10 03:03:40.518,1.3772,1.3775,1.80,1.00
2010.05.10 03:03:40.587,1.3772,1.3775,1.20,1.00
2010.05.10 03:03:40.686,1.3772,1.3775,1.00,1.00
2010.05.10 03:03:41.269,1.3772,1.3775,2.40,1.00
2010.05.10 03:03:41.893,1.3772,1.3775,1.00,1.00
2010.05.10 03:03:41.969,1.37725,1.37755,1.60,1.00
2010.05.10 03:03:42.336,1.37725,1.3776,1.60,1.00
2010.05.10 03:03:44.937,1.3772,1.3775,2.00,1.00
2010.05.10 03:03:45.028,1.3772,1.3775,1.80,1.00
2010.05.10 03:03:45.207,1.3772,1.3775,1.00,1.00
2010.05.10 03:03:45.540,1.37715,1.37745,1.00,1.00
2010.05.10 03:03:46.240,1.3771,1.37745,4.20,1.00
2010.05.10 03:03:46.530,1.3772,1.37745,1.00,1.00
2010.05.10 03:03:46.667,1.3771,1.37745,4.20,1.00
2010.05.10 03:03:48.476,1.3772,1.3775,1.00,1.20
2010.05.10 03:03:48.657,1.3772,1.3775,1.00,1.00
2010.05.10 03:03:49.107,1.3772,1.3775,1.00,1.00
2010.05.10 03:03:49.806,1.3772,1.3775,1.00,1.00
2010.05.10 03:03:51.339,1.3773,1.37755,1.00,1.20
2010.05.10 03:03:51.687,1.3774,1.37765,3.20,1.00
2010.05.10 03:03:52.553,1.3774,1.37775,3.60,1.00
2010.05.10 03:03:53.118,1.37745,1.37775,1.60,1.00
2010.05.10 03:03:53.441,1.3776,1.3778,1.00,1.00
2010.05.10 03:03:53.982,1.3776,1.3779,1.00,1.60
2010.05.10 03:03:54.176,1.37755,1.3779,4.40,1.00
2010.05.10 03:03:54.362,1.3776,1.3779,1.60,1.00
2010.05.10 03:03:54.550,1.37765,1.37795,1.60,1.20
2010.05.10 03:03:55.038,1.3776,1.37795,4.00,1.00
2010.05.10 03:03:55.387,1.3777,1.37805,2.40,1.20
2010.05.10 03:03:56.083,1.3777,1.37805,1.00,1.20
2010.05.10 03:03:56.616,1.37775,1.37805,1.00,1.00
2010.05.10 03:03:56.964,1.37785,1.3781,2.00,1.00
2010.05.10 03:03:57.704,1.37795,1.37825,1.00,1.20
2010.05.10 03:03:57.989,1.37815,1.37865,1.60,1.00
2010.05.10 03:03:58.653,1.37835,1.37885,1.00,1.60
2010.05.10 03:03:59.015,1.3785,1.37885,1.00,2.40
2010.05.10 03:03:59.756,1.37855,1.3789,1.00,3.60
2010.05.10 03:04:00.111,1.37865,1.379,1.00,2.00
2010.05.10 03:04:00.466,1.37865,1.379,1.60,1.20
2010.05.10 03:04:01.490,1.37855,1.37885,1.00,1.60
2010.05.10 03:04:01.745,1.3785,1.37885,1.30,1.00
2010.05.10 03:04:02.006,1.3786,1.3788,1.00,2.00
2010.05.10 03:04:02.630,1.3786,1.37875,1.00,1.00
2010.05.10 03:04:02.975,1.37855,1.37885,1.00,1.00
2010.05.10 03:04:05.910,1.3786,1.3789,1.00,1.00
2010.05.10 03:04:06.218,1.3786,1.37895,2.00,1.00
2010.05.10 03:04:06.819,1.3786,1.37895,1.20,1.00
2010.05.10 03:04:07.120,1.3786,1.37895,1.00,1.00
2010.05.10 03:04:07.811,1.37855,1.37885,1.70,1.00
2010.05.10 03:04:08.096,1.37855,1.37885,1.00,1.00
2010.05.10 03:04:09.933,1.3785,1.3788,1.00,1.00
2010.05.10 03:04:10.639,1.37845,1.37875,1.00,1.00
2010.05.10 03:04:11.199,1.3784,1.37875,1.00,1.00
2010.05.10 03:04:12.074,1.37845,1.3788,1.00,1.00
2010.05.10 03:04:13.672,1.3784,1.3787,1.00,1.00
2010.05.10 03:04:15.544,1.37835,1.3786,1.00,1.60
2010.05.10 03:04:15.783,1.37835,1.3786,1.00,1.60
2010.05.10 03:04:16.027,1.3785,1.37875,1.00,1.60
2010.05.10 03:04:16.630,1.37845,1.3788,1.60,2.40
2010.05.10 03:04:16.951,1.3784,1.37875,1.00,1.00
2010.05.10 03:04:18.889,1.37835,1.37865,1.60,1.00
2010.05.10 03:04:19.288,1.3784,1.37875,1.00,1.00
2010.05.10 03:04:20.816,1.37835,1.37865,1.20,1.00
2010.05.10 03:04:20.931,1.37835,1.37865,1.00,1.00
2010.05.10 03:04:21.150,1.37835,1.37865,1.30,1.00
2010.05.10 03:04:21.370,1.3784,1.3787,1.00,1.00
2010.05.10 03:04:21.479,1.3784,1.37875,1.00,1.00
2010.05.10 03:04:22.622,1.37835,1.37865,1.20,1.00
2010.05.10 03:04:22.971,1.3784,1.3787,1.00,1.00
2010.05.10 03:04:23.448,1.37845,1.3787,1.00,1.00
2010.05.10 03:04:23.689,1.37845,1.37875,1.00,1.00
2010.05.10 03:04:25.731,1.3785,1.3788,1.00,1.20
2010.05.10 03:04:26.009,1.3785,1.3788,1.00,1.00
2010.05.10 03:04:26.289,1.37855,1.37885,1.60,1.00
2010.05.10 03:04:26.629,1.37855,1.3789,1.00,1.00
2010.05.10 03:04:27.363,1.37855,1.37885,1.00,1.60
2010.05.10 03:04:31.204,1.3785,1.37875,1.00,2.40
2010.05.10 03:04:31.549,1.3784,1.37875,1.00,2.40
2010.05.10 03:04:33.633,1.3784,1.37875,1.00,2.50
2010.05.10 03:04:33.841,1.3784,1.37875,1.00,1.00
2010.05.10 03:04:34.050,1.3784,1.37875,1.00,1.00
2010.05.10 03:04:35.454,1.37845,1.37875,1.00,1.00
2010.05.10 03:04:35.609,1.3784,1.37875,1.00,1.00
2010.05.10 03:04:35.934,1.37855,1.37885,1.00,2.10
2010.05.10 03:04:36.091,1.37855,1.3789,1.00,2.40
2010.05.10 03:04:36.248,1.37855,1.37885,1.00,1.00
2010.05.10 03:04:36.408,1.37855,1.3788,1.00,1.00
2010.05.10 03:04:37.346,1.3786,1.3789,1.00,1.60
2010.05.10 03:04:37.690,1.3786,1.37895,1.00,2.80
2010.05.10 03:04:39.889,1.37865,1.379,2.00,1.00
2010.05.10 03:04:40.354,1.37865,1.37885,1.00,2.40
2010.05.10 03:04:40.653,1.3786,1.37895,1.00,1.20
2010.05.10 03:04:42.548,1.37865,1.37895,1.60,1.00
2010.05.10 03:04:42.686,1.37865,1.379,2.00,1.00
2010.05.10 03:04:49.161,1.37875,1.37905,1.00,1.60
2010.05.10 03:04:49.878,1.3787,1.379,1.00,1.00
2010.05.10 03:04:50.087,1.3787,1.379,1.00,2.40
2010.05.10 03:04:50.807,1.37865,1.379,2.00,2.40
2010.05.10 03:04:51.347,1.37865,1.379,2.00,1.00
2010.05.10 03:04:51.528,1.3787,1.379,1.00,1.00
2010.05.10 03:04:51.709,1.37865,1.379,2.00,1.00
2010.05.10 03:04:59.548,1.37875,1.37905,1.00,2.00
2010.05.10 03:04:59.699,1.37875,1.3791,1.00,2.80
2010.05.10 03:05:00.176,1.37875,1.37905,1.00,1.00
2010.05.10 03:05:00.516,1.37875,1.3791,1.00,2.80
2010.05.10 03:05:00.707,1.37875,1.379,1.00,1.60
2010.05.10 03:05:00.896,1.3788,1.379,1.00,1.60
2010.05.10 03:05:01.914,1.3789,1.37905,1.00,1.60
2010.05.10 03:05:02.857,1.3789,1.3791,1.00,1.60
2010.05.10 03:05:04.183,1.3789,1.37905,1.00,1.60
2010.05.10 03:05:06.307,1.37885,1.37905,1.00,1.60
2010.05.10 03:05:06.581,1.3788,1.37905,1.00,1.60
2010.05.10 03:05:07.599,1.37875,1.37905,1.00,1.60
2010.05.10 03:05:07.943,1.3787,1.379,1.20,2.40
2010.05.10 03:05:08.290,1.3786,1.37885,1.20,1.00
2010.05.10 03:05:09.000,1.37855,1.3789,1.60,1.20
2010.05.10 03:05:09.170,1.37855,1.3789,1.60,1.00
2010.05.10 03:05:10.878,1.37845,1.37875,1.70,1.00
2010.05.10 03:05:11.170,1.37845,1.37875,1.60,1.00
2010.05.10 03:05:12.178,1.3784,1.37875,3.30,1.00
2010.05.10 03:05:12.318,1.3784,1.37875,3.20,1.00
2010.05.10 03:05:15.026,1.3784,1.37875,3.30,1.00
2010.05.10 03:05:15.141,1.3784,1.37875,3.20,1.00
2010.05.10 03:05:18.984,1.3784,1.37875,2.40,1.60
2010.05.10 03:05:19.296,1.3784,1.37875,2.40,2.00
2010.05.10 03:05:21.816,1.3784,1.3786,1.60,1.00
2010.05.10 03:05:21.978,1.37835,1.3786,1.60,1.00
2010.05.10 03:05:22.403,1.3783,1.3786,1.60,1.00
2010.05.10 03:05:22.554,1.37835,1.37855,1.60,1.00
2010.05.10 03:05:22.697,1.3784,1.37855,1.60,1.00
2010.05.10 03:05:23.858,1.3784,1.3785,1.60,1.00
2010.05.10 03:05:24.040,1.37835,1.3785,1.60,1.00
2010.05.10 03:05:24.220,1.37835,1.37855,1.60,1.00
2010.05.10 03:05:27.288,1.3783,1.37855,1.60,1.00
2010.05.10 03:05:28.596,1.37835,1.37855,1.60,1.00
2010.05.10 03:05:29.542,1.3783,1.37855,1.60,1.00
2010.05.10 03:05:30.097,1.3783,1.37855,1.70,1.00
2010.05.10 03:05:31.227,1.3783,1.37855,1.60,1.00
2010.05.10 03:05:33.126,1.37835,1.37855,1.60,1.00
2010.05.10 03:05:33.677,1.3783,1.37855,1.60,1.00
2010.05.10 03:05:36.568,1.3783,1.37865,3.20,1.00
2010.05.10 03:05:36.687,1.37835,1.37865,1.60,1.00
2010.05.10 03:05:37.170,1.37835,1.3785,1.60,1.00
2010.05.10 03:05:37.288,1.37825,1.3785,3.00,1.00
2010.05.10 03:05:37.410,1.3783,1.37855,1.60,1.00
2010.05.10 03:05:37.529,1.37835,1.3787,1.60,1.00
2010.05.10 03:05:41.617,1.37835,1.3786,1.60,1.00
2010.05.10 03:05:41.808,1.37825,1.3786,3.20,1.20
2010.05.10 03:05:41.998,1.37825,1.3786,2.40,1.20
2010.05.10 03:05:42.367,1.37825,1.3786,1.00,1.20
2010.05.10 03:05:47.445,1.37825,1.37855,1.00,1.00
2010.05.10 03:05:47.597,1.37825,1.37855,1.00,1.00
2010.05.10 03:05:48.128,1.37825,1.37855,1.00,1.00
2010.05.10 03:05:48.848,1.37825,1.37855,1.00,1.00
2010.05.10 03:05:50.179,1.3783,1.3786,1.00,1.00
2010.05.10 03:05:50.410,1.37825,1.37855,3.40,1.00
2010.05.10 03:05:51.023,1.3783,1.37855,1.60,1.00
2010.05.10 03:05:51.251,1.37825,1.37855,1.00,1.00
2010.05.10 03:05:51.491,1.3783,1.3786,1.60,1.00
2010.05.10 03:05:51.720,1.37835,1.3787,1.60,1.20
2010.05.10 03:05:51.951,1.37835,1.3787,2.00,1.00
2010.05.10 03:05:53.878,1.3783,1.37865,2.40,1.20
2010.05.10 03:05:54.099,1.3783,1.37865,2.40,1.00
2010.05.10 03:05:54.539,1.3783,1.37865,2.40,1.60
2010.05.10 03:05:55.078,1.3783,1.3786,2.40,1.00
2010.05.10 03:05:55.504,1.3783,1.3786,1.00,1.00
2010.05.10 03:05:55.694,1.3783,1.3786,1.20,1.00
2010.05.10 03:05:55.879,1.3783,1.3786,1.00,1.00
2010.05.10 03:06:03.189,1.37825,1.37855,1.00,1.00
2010.05.10 03:06:03.398,1.3782,1.37855,1.00,1.00
2010.05.10 03:06:03.960,1.37815,1.3785,2.00,1.00
2010.05.10 03:06:04.067,1.37815,1.3785,1.00,1.00
2010.05.10 03:06:04.798,1.37825,1.3786,1.00,2.00
2010.05.10 03:06:09.827,1.3782,1.3785,1.00,1.00
2010.05.10 03:06:09.956,1.37815,1.3785,1.00,1.00
2010.05.10 03:06:10.142,1.37815,1.3785,2.40,1.00
2010.05.10 03:06:10.643,1.37825,1.37855,1.00,1.00
2010.05.10 03:06:10.693,1.37825,1.3786,1.00,2.00
2010.05.10 03:06:11.105,1.3783,1.37865,1.00,1.00
2010.05.10 03:06:19.416,1.3783,1.37865,1.00,2.40
2010.05.10 03:06:19.507,1.37825,1.3786,2.50,1.00
2010.05.10 03:06:19.596,1.37825,1.3786,3.20,1.00
2010.05.10 03:06:19.776,1.37825,1.37855,1.00,1.00
2010.05.10 03:06:19.957,1.3782,1.37855,2.60,1.00
2010.05.10 03:06:20.136,1.3782,1.37855,2.90,1.00
2010.05.10 03:06:21.217,1.3782,1.37855,3.20,1.00
2010.05.10 03:06:22.547,1.3782,1.37855,2.20,1.00
2010.05.10 03:06:27.376,1.3782,1.37855,2.20,1.00
2010.05.10 03:06:27.657,1.3782,1.37855,3.20,1.00
2010.05.10 03:06:27.937,1.3782,1.37855,2.20,1.00
2010.05.10 03:06:28.126,1.3782,1.37855,3.20,1.00
2010.05.10 03:06:29.915,1.3782,1.37855,2.20,1.00
2010.05.10 03:06:34.016,1.3782,1.37855,3.20,1.00
2010.05.10 03:06:34.596,1.3782,1.37855,2.00,1.00
2010.05.10 03:06:34.997,1.3782,1.37855,2.50,1.00
2010.05.10 03:06:41.358,1.37825,1.3786,1.60,1.30
2010.05.10 03:06:41.526,1.37825,1.3786,2.00,1.00
2010.05.10 03:06:42.537,1.37825,1.37855,1.00,1.60
2010.05.10 03:06:43.046,1.37825,1.3786,2.00,1.00
2010.05.10 03:06:43.131,1.37825,1.3786,2.00,1.00
2010.05.10 03:06:43.217,1.37825,1.3786,2.00,1.00
2010.05.10 03:06:47.337,1.37825,1.37855,1.00,1.60
2010.05.10 03:06:47.936,1.3782,1.37855,1.00,2.00
2010.05.10 03:06:49.131,1.3781,1.37845,3.60,1.00
2010.05.10 03:06:49.338,1.3781,1.37845,2.00,1.00
2010.05.10 03:07:16.778,1.3781,1.37845,2.00,1.00
2010.05.10 03:07:16.912,1.3781,1.3784,1.00,1.60
2010.05.10 03:07:17.051,1.3781,1.3783,1.00,1.00
2010.05.10 03:07:17.537,1.378,1.3783,1.50,1.00
2010.05.10 03:07:17.677,1.37805,1.37835,1.00,1.00
2010.05.10 03:07:18.357,1.37805,1.3784,1.00,3.60
2010.05.10 03:07:27.258,1.37805,1.3784,1.00,1.00
2010.05.10 03:07:27.437,1.37805,1.3784,1.00,2.40
2010.05.10 03:07:28.093,1.37805,1.3784,1.00,1.00
2010.05.10 03:07:30.142,1.37805,1.3784,1.00,2.40
2010.05.10 03:07:31.950,1.37805,1.37835,1.00,1.60
2010.05.10 03:07:32.430,1.378,1.3783,1.00,2.40
2010.05.10 03:07:33.152,1.37805,1.37835,1.00,1.60
2010.05.10 03:07:33.923,1.378,1.3783,1.30,1.00
2010.05.10 03:07:34.131,1.378,1.3783,1.30,2.40
2010.05.10 03:07:34.648,1.378,1.3783,1.00,1.00
2010.05.10 03:07:39.409,1.378,1.3783,1.00,2.40
2010.05.10 03:07:42.647,1.37805,1.3783,1.00,1.60
2010.05.10 03:07:42.799,1.378,1.3783,1.50,1.00
2010.05.10 03:07:42.948,1.378,1.3783,1.30,1.00
2010.05.10 03:07:43.288,1.378,1.3783,1.00,2.40
2010.05.10 03:07:52.056,1.37795,1.3783,1.00,2.40
2010.05.10 03:07:53.402,1.37795,1.37825,1.00,1.60
2010.05.10 03:07:55.145,1.37805,1.3783,1.00,1.60
2010.05.10 03:07:57.939,1.37805,1.37825,1.00,1.60
2010.05.10 03:07:58.583,1.37805,1.3782,1.00,1.60
2010.05.10 03:07:58.694,1.37765,1.37805,1.60,1.00
2010.05.10 03:07:59.040,1.3776,1.37805,2.50,1.00
2010.05.10 03:07:59.380,1.3776,1.37805,2.40,1.00
2010.05.10 03:07:59.719,1.3777,1.37805,2.50,1.00
2010.05.10 03:08:00.297,1.3777,1.37805,2.80,1.00
2010.05.10 03:08:00.588,1.37775,1.37805,1.00,1.00
2010.05.10 03:08:01.146,1.37775,1.3781,1.00,1.20
2010.05.10 03:08:01.296,1.37785,1.37815,1.60,1.00
2010.05.10 03:08:01.721,1.3779,1.3782,1.00,1.00
2010.05.10 03:08:02.560,1.37785,1.3782,2.00,1.00
2010.05.10 03:08:04.320,1.3779,1.3782,1.00,1.00
2010.05.10 03:08:04.615,1.37795,1.37825,1.00,1.60
2010.05.10 03:08:06.920,1.37785,1.3782,2.00,1.00
2010.05.10 03:08:09.471,1.37785,1.3782,1.20,1.00
2010.05.10 03:08:09.638,1.37785,1.3782,1.00,2.40
2010.05.10 03:08:11.414,1.3778,1.37805,1.00,1.00
2010.05.10 03:08:11.658,1.3778,1.3781,1.70,1.00
2010.05.10 03:08:11.778,1.3778,1.3781,1.30,1.00
2010.05.10 03:08:12.017,1.3778,1.3781,1.00,1.00
2010.05.10 03:08:15.330,1.3778,1.3781,1.00,1.00
2010.05.10 03:08:16.198,1.3778,1.37815,1.00,3.60
2010.05.10 03:08:16.508,1.3778,1.37815,1.00,3.60
2010.05.10 03:08:16.962,1.3778,1.37815,1.00,2.00
2010.05.10 03:08:17.587,1.3778,1.37815,1.30,2.00
2010.05.10 03:08:19.417,1.3778,1.3781,1.30,1.00
2010.05.10 03:08:19.548,1.3778,1.3781,1.00,1.00
2010.05.10 03:08:20.117,1.3778,1.3781,1.00,1.00
2010.05.10 03:08:23.853,1.37775,1.378,1.30,1.60
2010.05.10 03:08:24.094,1.37775,1.37795,1.00,1.00
2010.05.10 03:08:24.869,1.3776,1.3778,1.60,1.00
2010.05.10 03:08:25.514,1.37755,1.37785,2.90,1.00
2010.05.10 03:08:26.072,1.3776,1.37785,2.40,1.00
2010.05.10 03:08:26.426,1.37765,1.37795,1.60,1.00
2010.05.10 03:08:27.578,1.37765,1.37795,1.70,1.00
2010.05.10 03:08:28.196,1.37765,1.37795,2.00,1.00
2010.05.10 03:08:28.375,1.3777,1.37795,1.00,1.00
2010.05.10 03:08:28.840,1.37765,1.37795,2.00,1.00
2010.05.10 03:08:28.938,1.37765,1.37795,1.70,1.00
2010.05.10 03:08:30.791,1.3777,1.37795,1.00,1.00
2010.05.10 03:08:32.359,1.3777,1.378,1.70,2.00
2010.05.10 03:08:33.047,1.37785,1.37815,1.00,1.00
2010.05.10 03:08:33.731,1.3778,1.3781,1.00,1.00
2010.05.10 03:08:36.410,1.37775,1.37805,2.50,1.00
2010.05.10 03:08:36.587,1.37775,1.37805,1.00,1.00
2010.05.10 03:08:36.677,1.3777,1.37805,2.40,1.00
2010.05.10 03:08:37.167,1.3777,1.37805,1.00,1.00
2010.05.10 03:08:41.181,1.37765,1.37795,1.00,1.00
2010.05.10 03:08:42.489,1.37755,1.3779,2.40,1.00
2010.05.10 03:08:42.617,1.37755,1.3779,1.00,1.00
2010.05.10 03:08:47.776,1.37755,1.3779,2.40,1.00
2010.05.10 03:08:48.574,1.37755,1.3779,1.00,1.00
2010.05.10 03:08:55.997,1.3775,1.3778,2.10,1.00
2010.05.10 03:08:56.427,1.3775,1.37775,1.00,1.00
2010.05.10 03:08:56.514,1.37745,1.37775,1.00,1.00
2010.05.10 03:08:56.879,1.3774,1.37775,1.00,1.00
2010.05.10 03:08:59.022,1.37745,1.3777,1.00,1.00
2010.05.10 03:08:59.262,1.37735,1.3777,1.00,2.00
2010.05.10 03:08:59.501,1.3774,1.37775,1.00,1.00
2010.05.10 03:08:59.740,1.37735,1.3777,1.60,1.60
2010.05.10 03:09:00.173,1.37735,1.3777,1.20,1.60
2010.05.10 03:09:00.533,1.377,1.37745,3.00,1.00
2010.05.10 03:09:00.884,1.377,1.3775,2.00,1.00
2010.05.10 03:09:01.142,1.377,1.3775,1.00,1.00
2010.05.10 03:09:04.586,1.377,1.37735,2.40,1.00
2010.05.10 03:09:06.729,1.37695,1.3773,5.60,1.00
2010.05.10 03:09:07.073,1.37695,1.3773,3.60,1.00
2010.05.10 03:09:07.659,1.37695,1.3773,3.60,1.00
2010.05.10 03:09:09.497,1.37695,1.3773,3.70,1.00
2010.05.10 03:09:11.671,1.377,1.3773,1.60,1.00
2010.05.10 03:09:14.447,1.37705,1.37735,1.00,1.00
2010.05.10 03:09:14.507,1.37705,1.3774,1.00,2.00
2010.05.10 03:09:16.069,1.377,1.37725,1.00,1.00
2010.05.10 03:09:16.310,1.377,1.3773,1.00,1.00
2010.05.10 03:09:16.550,1.37705,1.3774,1.00,2.00
2010.05.10 03:09:17.517,1.377,1.37715,1.00,1.00
2010.05.10 03:09:17.655,1.377,1.37715,1.00,1.00
2010.05.10 03:09:18.298,1.3769,1.37725,1.00,1.00
2010.05.10 03:09:18.432,1.3769,1.3773,2.50,1.20
2010.05.10 03:09:18.784,1.37695,1.3772,1.00,1.00
2010.05.10 03:09:19.537,1.37685,1.3772,1.00,2.00
2010.05.10 03:09:19.716,1.3769,1.3772,1.00,2.00
2010.05.10 03:09:20.059,1.3769,1.37715,1.00,1.00
2010.05.10 03:09:20.598,1.3769,1.37715,1.00,1.00
2010.05.10 03:09:20.943,1.3769,1.3771,1.00,2.00
2010.05.10 03:09:21.296,1.3769,1.37705,1.00,1.00
2010.05.10 03:09:21.644,1.37685,1.3771,1.00,2.00
2010.05.10 03:09:21.954,1.37685,1.37715,1.00,2.00
2010.05.10 03:09:23.398,1.37685,1.37715,1.00,2.00
2010.05.10 03:09:23.587,1.37685,1.37715,1.00,2.00
2010.05.10 03:09:24.020,1.37685,1.37715,1.00,2.00
2010.05.10 03:09:24.466,1.3769,1.37715,1.00,2.00
2010.05.10 03:09:24.709,1.3769,1.3771,1.00,2.00
2010.05.10 03:09:25.548,1.3769,1.3771,1.00,2.00
2010.05.10 03:09:25.759,1.3769,1.3771,1.00,2.00
2010.05.10 03:09:26.487,1.37665,1.377,1.00,1.00
2010.05.10 03:09:26.834,1.3766,1.377,4.10,1.00
2010.05.10 03:09:27.013,1.37665,1.377,1.60,1.00
2010.05.10 03:09:27.188,1.3767,1.377,1.00,1.00
2010.05.10 03:09:28.120,1.3767,1.37695,2.30,1.60
2010.05.10 03:09:28.370,1.3767,1.37695,1.60,2.00
2010.05.10 03:09:28.622,1.37665,1.377,2.40,1.00
2010.05.10 03:09:29.120,1.37675,1.377,1.00,1.00
2010.05.10 03:09:29.998,1.3766,1.37695,3.30,2.00
2010.05.10 03:09:30.132,1.37665,1.37695,1.00,2.00
2010.05.10 03:09:30.529,1.3766,1.37695,2.50,2.00
2010.05.10 03:09:31.050,1.37665,1.37695,1.00,2.00
2010.05.10 03:09:31.806,1.37665,1.37695,1.00,1.00
2010.05.10 03:09:32.491,1.3767,1.3769,1.00,1.00
2010.05.10 03:09:32.781,1.3767,1.37695,1.00,1.00
2010.05.10 03:09:33.649,1.37665,1.37695,2.50,1.00
2010.05.10 03:09:33.828,1.37665,1.377,2.50,2.00
2010.05.10 03:09:36.711,1.37665,1.3769,1.70,1.00
2010.05.10 03:09:36.859,1.37665,1.3769,1.00,1.00
2010.05.10 03:09:37.701,1.37665,1.3769,1.70,1.00
2010.05.10 03:09:42.908,1.37665,1.3769,1.00,1.00
2010.05.10 03:09:43.035,1.37665,1.3769,1.70,1.00
2010.05.10 03:09:43.437,1.37665,1.37695,4.90,1.00
2010.05.10 03:09:43.467,1.3767,1.37705,2.40,1.20
2010.05.10 03:09:43.494,1.37675,1.37705,1.00,1.20
2010.05.10 03:09:43.928,1.37675,1.37705,1.00,1.00
2010.05.10 03:09:44.651,1.37675,1.37705,2.40,1.00
2010.05.10 03:09:44.791,1.37675,1.3771,1.00,1.00
2010.05.10 03:09:45.597,1.37675,1.3771,2.50,1.00
2010.05.10 03:09:46.187,1.37675,1.3771,2.80,1.00
2010.05.10 03:09:46.799,1.3768,1.3771,1.00,1.00
2010.05.10 03:09:46.967,1.3768,1.3771,1.00,1.00
2010.05.10 03:09:47.308,1.3768,1.37705,1.00,1.00
2010.05.10 03:09:47.480,1.3769,1.37715,1.00,1.60
2010.05.10 03:09:47.649,1.37685,1.3772,1.00,2.00
2010.05.10 03:09:48.507,1.37675,1.3771,1.00,1.00
2010.05.10 03:09:48.822,1.3768,1.3771,1.00,1.00
2010.05.10 03:09:49.247,1.3768,1.3771,1.00,1.00
2010.05.10 03:09:49.727,1.37685,1.3771,1.00,1.00
2010.05.10 03:09:51.296,1.3768,1.3771,1.00,1.00
2010.05.10 03:09:51.929,1.37675,1.3771,2.40,1.00
2010.05.10 03:09:52.137,1.37675,1.3771,1.00,1.00
2010.05.10 03:09:53.179,1.3767,1.377,3.10,1.00
2010.05.10 03:09:53.654,1.3767,1.37685,2.70,1.60
2010.05.10 03:09:53.787,1.37635,1.37685,1.00,2.00
2010.05.10 03:09:53.919,1.3763,1.3768,3.20,2.00
2010.05.10 03:09:54.449,1.3763,1.3768,1.00,2.00
2010.05.10 03:09:56.236,1.37645,1.37675,1.60,1.00
2010.05.10 03:09:56.345,1.37645,1.3768,3.60,1.00
2010.05.10 03:09:56.451,1.37655,1.3769,1.00,2.00
2010.05.10 03:09:57.099,1.3765,1.3768,1.50,1.00
2010.05.10 03:09:57.419,1.37645,1.3768,2.00,1.00
2010.05.10 03:09:58.869,1.37655,1.37685,1.00,2.00
2010.05.10 03:09:59.119,1.37655,1.37685,1.00,1.20
2010.05.10 03:09:59.716,1.37655,1.37685,1.00,1.00
2010.05.10 03:10:01.560,1.3765,1.37685,1.90,1.00
2010.05.10 03:10:01.963,1.3765,1.3767,1.10,1.00
2010.05.10 03:10:02.705,1.37645,1.37675,1.00,1.00
2010.05.10 03:10:02.965,1.37645,1.3768,1.00,2.00
2010.05.10 03:10:05.722,1.3765,1.37685,1.00,1.00
2010.05.10 03:10:05.802,1.3765,1.37685,1.90,1.60
2010.05.10 03:10:07.033,1.37645,1.37675,1.00,1.00
2010.05.10 03:10:09.018,1.37655,1.3768,1.60,1.00
2010.05.10 03:10:09.230,1.37655,1.3769,4.70,1.00
2010.05.10 03:10:09.440,1.3766,1.3769,1.60,1.00
2010.05.10 03:10:09.861,1.3766,1.37685,1.60,1.00
2010.05.10 03:10:10.050,1.3765,1.37685,2.90,1.00
2010.05.10 03:10:10.472,1.3765,1.37685,1.30,1.00
2010.05.10 03:10:10.666,1.37645,1.37675,1.00,1.00
2010.05.10 03:10:18.368,1.3764,1.3767,1.70,1.00
2010.05.10 03:10:18.459,1.3764,1.3767,1.20,1.00
2010.05.10 03:10:18.779,1.37635,1.37665,1.70,1.00
2010.05.10 03:10:19.172,1.37635,1.37665,1.30,1.00
2010.05.10 03:10:19.410,1.37635,1.37665,1.00,1.00
2010.05.10 03:10:19.649,1.3763,1.3765,1.00,1.00
2010.05.10 03:10:19.871,1.3763,1.3766,1.00,1.00
2010.05.10 03:10:19.988,1.37625,1.3766,3.40,1.00
2010.05.10 03:10:20.320,1.37635,1.37665,1.00,1.00
2010.05.10 03:10:22.368,1.3763,1.3766,2.00,1.00
2010.05.10 03:10:22.549,1.3763,1.3766,1.60,1.00
2010.05.10 03:10:27.227,1.3763,1.3765,1.60,1.00
2010.05.10 03:10:27.297,1.37625,1.3765,2.50,1.00
2010.05.10 03:10:27.437,1.37625,1.3765,1.60,1.00
2010.05.10 03:10:27.898,1.3762,1.3765,1.60,1.00
2010.05.10 03:10:28.573,1.37615,1.37645,2.50,1.60
2010.05.10 03:10:28.920,1.37615,1.37645,2.50,2.00
2010.05.10 03:10:29.260,1.37615,1.37645,2.40,1.00
2010.05.10 03:10:29.599,1.3762,1.3765,1.60,2.00
2010.05.10 03:10:35.680,1.3762,1.3765,2.40,1.20
2010.05.10 03:10:35.867,1.37625,1.3765,1.60,1.20
2010.05.10 03:10:36.425,1.37625,1.3765,1.60,1.00
2010.05.10 03:10:36.949,1.3763,1.3765,1.60,1.00
2010.05.10 03:10:38.329,1.37625,1.3765,1.60,1.00
2010.05.10 03:10:59.757,1.3763,1.3765,1.60,1.00
2010.05.10 03:11:06.159,1.3763,1.37655,1.60,1.20
2010.05.10 03:11:06.905,1.3764,1.3766,1.60,1.00
2010.05.10 03:11:07.248,1.37635,1.3766,1.60,1.00
2010.05.10 03:11:09.239,1.3763,1.3766,2.40,1.00
2010.05.10 03:11:14.042,1.37625,1.37655,1.60,1.00
2010.05.10 03:11:15.359,1.3762,1.37645,2.50,1.00
2010.05.10 03:11:19.297,1.3762,1.3765,3.30,1.00
2010.05.10 03:11:19.529,1.3762,1.37655,3.30,1.00
2010.05.10 03:11:20.049,1.37625,1.37655,1.60,1.00
2010.05.10 03:11:20.573,1.37625,1.37645,1.60,1.00
2010.05.10 03:11:20.831,1.3762,1.37645,1.60,1.00
2010.05.10 03:11:23.101,1.3761,1.3763,2.50,1.20
2010.05.10 03:11:23.210,1.37615,1.3763,1.00,1.00
2010.05.10 03:11:23.321,1.37615,1.37655,1.00,2.80
2010.05.10 03:11:23.431,1.3762,1.37655,1.00,2.00
2010.05.10 03:11:23.741,1.3761,1.37645,2.50,1.60
2010.05.10 03:11:24.051,1.3761,1.37645,1.60,1.60
2010.05.10 03:11:32.297,1.37605,1.3764,3.30,1.60
2010.05.10 03:11:34.571,1.376,1.3763,2.40,1.00
2010.05.10 03:11:36.938,1.376,1.3763,1.60,1.00
2010.05.10 03:11:49.729,1.376,1.37625,1.60,1.60
2010.05.10 03:11:49.947,1.37595,1.37625,1.60,1.60
2010.05.10 03:11:50.059,1.3759,1.37625,3.30,2.00
2010.05.10 03:11:51.388,1.3759,1.3762,1.70,1.00
2010.05.10 03:11:51.700,1.3759,1.3762,1.60,1.00
2010.05.10 03:11:53.442,1.3759,1.37615,1.00,1.60
2010.05.10 03:11:53.661,1.3759,1.3762,1.00,1.20
2010.05.10 03:11:53.870,1.3759,1.3762,1.00,1.00
2010.05.10 03:11:54.038,1.3759,1.3762,1.30,1.00
2010.05.10 03:12:00.838,1.3759,1.37615,1.00,1.60
2010.05.10 03:12:01.049,1.3758,1.37615,3.20,1.60
2010.05.10 03:12:05.946,1.37585,1.37615,1.60,1.60
2010.05.10 03:12:07.347,1.3758,1.37615,3.20,1.60
2010.05.10 03:12:21.318,1.3758,1.3761,2.40,1.00
2010.05.10 03:12:21.884,1.3758,1.37605,1.00,1.00
2010.05.10 03:12:22.070,1.3758,1.37605,1.60,1.00
2010.05.10 03:12:22.249,1.37575,1.376,1.00,1.00
2010.05.10 03:12:22.429,1.3757,1.37595,2.40,1.00
2010.05.10 03:12:22.610,1.3757,1.37595,1.60,1.00
2010.05.10 03:12:24.678,1.37565,1.37595,2.40,1.00
2010.05.10 03:12:25.442,1.37565,1.376,3.20,2.00
2010.05.10 03:12:25.766,1.37555,1.37585,1.60,1.60
2010.05.10 03:12:28.818,1.3755,1.37575,1.60,1.00
2010.05.10 03:12:29.160,1.37545,1.3757,1.60,1.60
2010.05.10 03:12:32.677,1.3754,1.3757,1.00,1.60
2010.05.10 03:12:33.377,1.3754,1.3757,1.00,1.60
2010.05.10 03:12:33.799,1.3754,1.37575,1.20,1.20
2010.05.10 03:12:33.978,1.3754,1.37575,3.50,1.00
2010.05.10 03:12:34.667,1.37545,1.37575,1.00,1.00
2010.05.10 03:12:34.848,1.3754,1.37575,3.50,1.00
2010.05.10 03:12:38.747,1.3754,1.37575,3.30,1.00
2010.05.10 03:12:38.834,1.3755,1.37585,1.30,1.60
2010.05.10 03:12:39.518,1.3755,1.37585,1.50,1.60
2010.05.10 03:12:43.300,1.3755,1.37585,1.00,3.20
2010.05.10 03:12:43.422,1.37545,1.3757,1.00,1.60
2010.05.10 03:12:43.520,1.37545,1.37565,1.00,1.60
2010.05.10 03:12:43.618,1.3754,1.37565,1.70,1.60
2010.05.10 03:12:43.818,1.3754,1.3756,1.70,1.00
2010.05.10 03:12:45.208,1.37545,1.3756,1.60,1.00
2010.05.10 03:12:46.521,1.37545,1.3756,1.70,1.00
2010.05.10 03:12:48.627,1.37545,1.3756,1.60,1.00
2010.05.10 03:12:49.167,1.3755,1.3756,1.60,1.00
2010.05.10 03:12:53.807,1.37545,1.3756,1.60,1.00
2010.05.10 03:12:56.518,1.37545,1.37565,1.60,1.00
2010.05.10 03:12:57.082,1.3755,1.37565,1.60,1.00
2010.05.10 03:12:57.307,1.3755,1.3757,1.60,1.60
2010.05.10 03:12:58.071,1.3755,1.37575,1.60,1.20
2010.05.10 03:12:58.459,1.3755,1.37575,1.60,1.00
2010.05.10 03:12:58.859,1.37555,1.3758,1.60,1.00
2010.05.10 03:12:59.060,1.37555,1.37585,1.60,1.60
2010.05.10 03:12:59.449,1.37555,1.3758,1.60,1.60
2010.05.10 03:13:00.155,1.3756,1.37585,1.60,1.00
2010.05.10 03:13:03.270,1.37575,1.37625,1.00,2.00
2010.05.10 03:13:03.549,1.37575,1.37625,3.10,2.00
2010.05.10 03:13:04.997,1.37585,1.37615,1.60,2.00
2010.05.10 03:13:05.768,1.37585,1.37615,1.60,1.20
2010.05.10 03:13:05.808,1.37585,1.37615,1.60,1.00
2010.05.10 03:13:07.607,1.37595,1.3762,1.00,1.00
2010.05.10 03:13:07.747,1.37595,1.3763,1.00,1.00
2010.05.10 03:13:12.196,1.3761,1.37635,1.30,1.00
2010.05.10 03:13:12.293,1.3762,1.3765,1.00,1.00
2010.05.10 03:13:12.390,1.37615,1.3764,1.00,2.00
2010.05.10 03:13:12.480,1.37605,1.3764,1.00,2.00
2010.05.10 03:13:12.570,1.37605,1.3764,2.40,2.00
2010.05.10 03:13:12.659,1.37605,1.3764,1.00,2.00
2010.05.10 03:13:13.531,1.376,1.3763,1.00,1.00
2010.05.10 03:13:14.590,1.37595,1.3763,1.00,1.00
2010.05.10 03:13:17.427,1.376,1.3763,1.00,1.00
2010.05.10 03:13:19.649,1.3759,1.37625,2.40,1.00
2010.05.10 03:13:20.030,1.3759,1.37625,2.50,1.00
2010.05.10 03:13:20.471,1.3759,1.37625,2.40,1.00
2010.05.10 03:13:21.058,1.37595,1.37625,1.60,1.00
2010.05.10 03:13:24.707,1.376,1.3763,1.00,1.20
2010.05.10 03:13:24.816,1.376,1.3763,1.00,1.00
2010.05.10 03:13:25.768,1.37595,1.37615,2.80,1.00
2010.05.10 03:13:25.899,1.37595,1.37615,1.60,1.00
2010.05.10 03:13:26.028,1.3759,1.37615,1.70,1.00
2010.05.10 03:13:26.288,1.3759,1.37615,1.60,1.00
2010.05.10 03:13:26.782,1.3759,1.3762,1.60,1.20
2010.05.10 03:13:27.073,1.376,1.37635,1.00,1.00
2010.05.10 03:13:27.920,1.37615,1.37645,1.00,1.00
2010.05.10 03:13:28.209,1.37615,1.3765,1.00,1.00
2010.05.10 03:13:29.089,1.3761,1.37645,2.00,1.60
2010.05.10 03:13:29.309,1.3761,1.37645,1.60,2.00
2010.05.10 03:13:29.529,1.3761,1.37645,1.00,2.00
2010.05.10 03:13:43.257,1.3762,1.37645,1.00,1.00
2010.05.10 03:13:43.348,1.3762,1.3765,1.00,1.20
2010.05.10 03:13:43.401,1.37625,1.3765,1.00,1.00
2010.05.10 03:13:43.551,1.37625,1.37655,1.00,1.20
2010.05.10 03:13:45.547,1.37625,1.37655,1.00,1.00
2010.05.10 03:13:53.477,1.37625,1.37655,1.00,1.20
2010.05.10 03:13:53.539,1.3762,1.3765,1.00,1.00
2010.05.10 03:13:53.797,1.37615,1.3765,1.00,1.00
2010.05.10 03:14:24.330,1.3761,1.3764,1.20,1.00
2010.05.10 03:14:25.097,1.3761,1.3764,1.00,1.00
2010.05.10 03:14:45.621,1.376,1.37635,1.00,1.00
2010.05.10 03:14:47.700,1.376,1.37635,1.00,2.40
2010.05.10 03:14:52.857,1.37595,1.3763,1.60,1.00
2010.05.10 03:14:53.038,1.37595,1.3763,1.00,1.00
2010.05.10 03:14:55.562,1.37595,1.37625,1.00,1.00
2010.05.10 03:15:06.538,1.3759,1.37625,3.30,1.00
2010.05.10 03:15:18.686,1.3759,1.37625,3.20,1.00
2010.05.10 03:15:26.310,1.3759,1.37625,2.70,1.00
2010.05.10 03:15:33.197,1.3759,1.37625,2.50,1.00
2010.05.10 03:15:33.677,1.37595,1.37625,1.00,1.00
2010.05.10 03:15:34.599,1.3759,1.3762,1.20,1.00
2010.05.10 03:15:34.900,1.3758,1.3761,1.20,1.00
2010.05.10 03:15:35.200,1.37585,1.3762,1.00,1.00
2010.05.10 03:15:35.774,1.3758,1.3761,2.90,1.00
2010.05.10 03:15:35.882,1.3758,1.3761,1.00,1.00
2010.05.10 03:15:39.027,1.3758,1.37615,1.00,2.00
2010.05.10 03:15:41.800,1.37575,1.376,1.00,1.00
2010.05.10 03:15:41.982,1.3757,1.37605,1.00,1.00
2010.05.10 03:15:42.171,1.37565,1.376,1.30,2.00
2010.05.10 03:15:42.743,1.37565,1.376,1.00,2.00
2010.05.10 03:15:44.708,1.3756,1.3759,1.10,1.00
2010.05.10 03:15:44.830,1.3756,1.3759,1.00,1.00
2010.05.10 03:15:44.950,1.37555,1.37585,2.30,2.00
2010.05.10 03:15:45.382,1.37555,1.37585,1.00,2.00
2010.05.10 03:15:46.877,1.3755,1.37585,2.50,2.00
2010.05.10 03:15:47.328,1.3755,1.37585,3.20,2.00
2010.05.10 03:15:48.108,1.3755,1.37585,3.10,2.00
2010.05.10 03:15:50.266,1.3755,1.37585,2.40,2.00
2010.05.10 03:15:51.458,1.3755,1.37575,1.60,1.00
2010.05.10 03:15:51.629,1.37545,1.37575,1.00,1.00
2010.05.10 03:15:51.798,1.37545,1.37575,1.60,1.00
2010.05.10 03:15:53.144,1.3754,1.3757,1.00,2.00
2010.05.10 03:15:53.261,1.3754,1.3757,1.00,2.00
2010.05.10 03:15:53.489,1.37545,1.37575,1.00,1.00
2010.05.10 03:15:55.170,1.3755,1.37575,1.00,1.00
2010.05.10 03:15:55.387,1.37545,1.37575,1.00,1.00
2010.05.10 03:15:57.017,1.3754,1.37575,4.40,1.00
2010.05.10 03:15:58.098,1.3755,1.3758,1.00,1.00
2010.05.10 03:15:58.279,1.3755,1.37585,1.00,2.00
2010.05.10 03:15:58.957,1.3755,1.37585,1.50,2.00
2010.05.10 03:16:00.139,1.3755,1.3757,1.00,1.60
2010.05.10 03:16:00.363,1.3755,1.37575,1.00,1.00
2010.05.10 03:16:00.802,1.3755,1.3758,1.00,1.00
2010.05.10 03:16:01.022,1.37555,1.3758,1.00,1.00
2010.05.10 03:16:01.672,1.3754,1.3757,1.00,1.00
2010.05.10 03:16:01.995,1.37545,1.3757,1.60,1.20
2010.05.10 03:16:02.314,1.37545,1.37565,1.60,1.60
2010.05.10 03:16:03.132,1.3754,1.37565,2.30,1.60
2010.05.10 03:16:04.110,1.3754,1.37565,2.30,1.00
2010.05.10 03:16:04.469,1.37545,1.37565,1.60,1.00
2010.05.10 03:16:05.018,1.3754,1.37565,2.30,1.00
2010.05.10 03:16:05.275,1.3754,1.37575,3.50,1.60
2010.05.10 03:16:07.873,1.3755,1.37575,1.00,1.00
2010.05.10 03:16:08.134,1.3755,1.37575,2.30,1.00
2010.05.10 03:16:17.689,1.3755,1.37575,1.00,1.00
2010.05.10 03:16:36.611,1.3755,1.37585,1.50,1.00
2010.05.10 03:16:36.827,1.37555,1.37585,1.00,1.00
2010.05.10 03:16:36.940,1.3756,1.3759,1.00,1.00
2010.05.10 03:16:37.048,1.3756,1.3759,1.40,1.00
2010.05.10 03:16:37.160,1.37565,1.376,1.20,2.40
2010.05.10 03:16:37.931,1.3757,1.37595,1.00,1.00
2010.05.10 03:16:38.273,1.37565,1.37595,1.00,1.00
2010.05.10 03:16:40.618,1.37565,1.37595,1.00,4.00
2010.05.10 03:16:40.778,1.37565,1.37595,1.00,2.40
2010.05.10 03:16:40.909,1.37565,1.37595,1.00,1.00
2010.05.10 03:16:43.801,1.37575,1.37605,1.00,3.60
2010.05.10 03:16:43.826,1.37575,1.37605,1.00,2.00
2010.05.10 03:16:43.889,1.37575,1.37605,1.00,1.00
2010.05.10 03:16:43.947,1.37575,1.3761,1.00,2.40
2010.05.10 03:16:44.247,1.37575,1.3761,1.00,1.00
2010.05.10 03:16:50.816,1.3757,1.37595,1.00,1.00
2010.05.10 03:16:51.099,1.37575,1.376,1.00,1.60
2010.05.10 03:16:51.178,1.37575,1.37605,1.00,1.60
2010.05.10 03:16:51.548,1.37575,1.3761,1.00,1.00
2010.05.10 03:17:10.747,1.3757,1.376,1.80,1.00
2010.05.10 03:17:10.848,1.3757,1.376,1.00,1.00
2010.05.10 03:17:11.128,1.37575,1.37605,1.00,1.00
2010.05.10 03:17:11.228,1.37575,1.3761,1.00,1.00
2010.05.10 03:17:32.438,1.3759,1.37615,1.00,2.00
2010.05.10 03:17:32.569,1.3759,1.37615,1.00,1.60
2010.05.10 03:17:32.699,1.3759,1.3762,1.00,1.00
2010.05.10 03:17:33.124,1.37585,1.37615,1.00,1.00
2010.05.10 03:17:33.274,1.3759,1.37625,1.00,2.40
2010.05.10 03:17:34.739,1.37595,1.3763,1.60,2.80
2010.05.10 03:17:35.038,1.37595,1.3763,2.00,2.40
2010.05.10 03:17:35.338,1.376,1.37635,1.60,2.80
2010.05.10 03:17:36.138,1.376,1.37635,2.00,2.40
2010.05.10 03:17:44.509,1.37605,1.37635,1.00,2.40
2010.05.10 03:17:47.688,1.3761,1.37635,1.00,1.60
2010.05.10 03:17:47.929,1.3761,1.3764,1.00,1.60
2010.05.10 03:17:49.739,1.3762,1.3764,1.00,1.60
2010.05.10 03:17:49.909,1.3762,1.37645,1.00,1.60
2010.05.10 03:17:50.399,1.37625,1.37655,1.00,2.10
2010.05.10 03:17:50.576,1.37625,1.37655,1.00,1.00
2010.05.10 03:17:51.640,1.3762,1.3765,1.20,1.00
2010.05.10 03:17:52.316,1.3762,1.3765,1.00,1.00
2010.05.10 03:17:52.559,1.37615,1.3765,2.00,1.00
2010.05.10 03:17:56.257,1.3762,1.3765,1.00,1.00
2010.05.10 03:17:58.377,1.37615,1.3765,1.20,1.00
2010.05.10 03:17:58.668,1.37615,1.3765,1.00,1.00
2010.05.10 03:18:05.250,1.3761,1.37655,1.00,1.00
2010.05.10 03:18:05.610,1.37615,1.3765,1.00,1.00
2010.05.10 03:18:13.988,1.3761,1.3764,1.00,1.00
2010.05.10 03:18:14.209,1.37605,1.3764,2.00,1.00
2010.05.10 03:18:23.578,1.37605,1.3764,1.20,1.60
2010.05.10 03:18:23.740,1.37605,1.3764,1.00,1.60
2010.05.10 03:18:23.987,1.37605,1.3764,1.00,2.00
2010.05.10 03:18:24.779,1.376,1.37625,2.30,1.00
2010.05.10 03:18:25.112,1.376,1.37635,1.10,2.40
2010.05.10 03:18:25.451,1.37605,1.3764,1.00,2.00
2010.05.10 03:18:25.590,1.376,1.37635,2.40,1.00
2010.05.10 03:18:27.170,1.37615,1.37645,1.00,1.00
2010.05.10 03:18:27.593,1.3761,1.37645,1.50,1.60
2010.05.10 03:18:27.841,1.3761,1.37645,1.00,2.00
2010.05.10 03:18:28.318,1.37605,1.37635,2.30,1.00
2010.05.10 03:18:28.560,1.37605,1.37635,1.60,1.00
2010.05.10 03:18:28.739,1.376,1.37635,2.40,1.00
2010.05.10 03:18:28.918,1.376,1.3763,1.60,1.00
2010.05.10 03:18:37.131,1.37595,1.3763,2.40,1.00
2010.05.10 03:18:37.262,1.376,1.3763,1.60,1.00
2010.05.10 03:18:38.928,1.376,1.3763,1.60,1.60
2010.05.10 03:18:39.187,1.376,1.3763,1.60,2.00
2010.05.10 03:18:42.268,1.376,1.3763,2.40,1.00
2010.05.10 03:18:42.458,1.376,1.37635,2.40,2.00
2010.05.10 03:18:43.029,1.37605,1.37635,2.90,1.00
2010.05.10 03:18:43.219,1.3761,1.3764,1.00,1.00
2010.05.10 03:18:43.398,1.37615,1.37645,1.00,1.00
2010.05.10 03:18:47.897,1.3761,1.3764,1.20,1.60
2010.05.10 03:18:48.048,1.3761,1.3764,1.00,2.00
2010.05.10 03:18:48.198,1.37605,1.3764,1.00,2.00
2010.05.10 03:18:49.169,1.376,1.3763,2.80,1.00
2010.05.10 03:18:49.368,1.376,1.3763,1.60,1.00
2010.05.10 03:18:51.600,1.37605,1.3763,1.60,1.00
2010.05.10 03:18:53.308,1.37605,1.37635,1.60,1.00
2010.05.10 03:18:56.121,1.37615,1.3765,1.00,3.60
2010.05.10 03:18:56.174,1.3762,1.3765,1.60,2.00
2010.05.10 03:18:56.269,1.37625,1.3765,1.00,1.00
2010.05.10 03:18:56.323,1.3763,1.37655,1.00,1.20
2010.05.10 03:18:56.737,1.37625,1.37655,1.00,1.00
2010.05.10 03:18:56.794,1.3765,1.3767,1.60,1.00
2010.05.10 03:18:56.845,1.3765,1.3768,1.60,6.90
2010.05.10 03:18:56.893,1.3764,1.3768,1.60,5.30
2010.05.10 03:18:57.345,1.3764,1.3768,3.20,2.10
2010.05.10 03:18:57.699,1.3765,1.3769,1.00,1.60
2010.05.10 03:18:58.420,1.3767,1.377,1.00,1.00
2010.05.10 03:18:58.736,1.3767,1.377,1.00,1.60
2010.05.10 03:19:00.037,1.3767,1.377,1.00,1.00
2010.05.10 03:19:00.384,1.37655,1.37685,1.00,1.00
2010.05.10 03:19:01.115,1.37665,1.3767,1.00,1.00
2010.05.10 03:19:01.468,1.37665,1.3767,1.00,2.80
2010.05.10 03:19:02.112,1.37655,1.3766,1.00,1.00
2010.05.10 03:19:02.971,1.37615,1.3766,2.00,1.00
2010.05.10 03:19:08.527,1.37625,1.3766,1.20,1.00
2010.05.10 03:19:08.597,1.37625,1.3766,1.00,1.00
2010.05.10 03:19:09.193,1.37625,1.3766,2.00,1.00
2010.05.10 03:19:09.618,1.37625,1.3766,1.20,1.00
2010.05.10 03:19:10.298,1.37625,1.3766,1.00,1.00
2010.05.10 03:19:20.217,1.37625,1.3766,2.00,1.00
2010.05.10 03:19:25.102,1.37625,1.3765,1.00,1.00
2010.05.10 03:19:25.360,1.3762,1.3765,1.00,1.00
2010.05.10 03:19:32.222,1.37625,1.3766,2.40,1.00
2010.05.10 03:19:32.363,1.37625,1.37645,3.10,1.00
2010.05.10 03:19:32.501,1.37635,1.37645,1.60,1.00
2010.05.10 03:19:32.631,1.376,1.37645,4.00,1.00
2010.05.10 03:19:32.889,1.376,1.37645,2.40,1.00
2010.05.10 03:19:33.151,1.37615,1.3765,1.00,1.00
2010.05.10 03:19:33.492,1.37625,1.37665,1.00,6.00
2010.05.10 03:19:34.198,1.37635,1.37665,1.00,1.20
2010.05.10 03:19:34.307,1.37635,1.3766,1.00,1.00
2010.05.10 03:19:34.399,1.3763,1.3766,1.00,1.00
2010.05.10 03:19:41.488,1.37635,1.37665,1.00,1.20
2010.05.10 03:19:41.608,1.37635,1.37665,1.00,1.00
2010.05.10 03:19:42.209,1.37635,1.37665,1.20,1.00
2010.05.10 03:19:42.521,1.3764,1.37675,1.00,1.00
2010.05.10 03:19:43.453,1.3763,1.37665,3.60,1.00
2010.05.10 03:19:43.582,1.3763,1.37665,2.00,1.00
2010.05.10 03:19:43.958,1.3763,1.37665,1.60,1.00
2010.05.10 03:19:45.999,1.3763,1.37665,3.20,1.00
2010.05.10 03:19:46.320,1.37635,1.37665,1.00,1.00
2010.05.10 03:19:46.774,1.37645,1.3768,3.20,1.00
2010.05.10 03:19:47.009,1.37645,1.3768,3.30,1.00
2010.05.10 03:19:47.150,1.37645,1.3768,3.20,1.00
2010.05.10 03:19:48.074,1.37645,1.3768,1.60,1.00
2010.05.10 03:19:48.759,1.3764,1.37675,3.20,1.00
2010.05.10 03:19:49.101,1.3764,1.37675,1.00,1.20
2010.05.10 03:19:54.260,1.37635,1.37665,1.00,1.00
2010.05.10 03:19:54.390,1.3764,1.3767,1.00,1.00
2010.05.10 03:19:54.749,1.3764,1.37675,1.00,1.20
2010.05.10 03:19:56.728,1.3764,1.37675,1.50,1.20
2010.05.10 03:19:57.283,1.37645,1.37675,3.20,1.00
2010.05.10 03:19:57.463,1.3764,1.37665,3.60,1.00
2010.05.10 03:19:58.196,1.3764,1.37665,1.00,1.00
2010.05.10 03:19:58.546,1.37635,1.37665,1.60,1.00
2010.05.10 03:19:59.963,1.3763,1.37665,3.20,1.00
2010.05.10 03:20:00.316,1.3763,1.3766,1.60,1.20
2010.05.10 03:20:01.282,1.37625,1.3766,2.40,1.20
2010.05.10 03:20:04.287,1.37625,1.3766,1.00,1.20
2010.05.10 03:20:04.871,1.37625,1.3766,2.40,1.20
2010.05.10 03:20:07.469,1.37635,1.37665,1.00,1.00
2010.05.10 03:20:07.793,1.37635,1.37665,2.40,1.00
2010.05.10 03:20:09.599,1.37635,1.37665,1.00,1.00
2010.05.10 03:20:13.998,1.37635,1.37665,2.40,1.00
2010.05.10 03:20:15.610,1.37635,1.37665,1.00,1.00
2010.05.10 03:20:19.399,1.3764,1.3767,1.00,1.20
2010.05.10 03:20:19.578,1.3764,1.3767,1.00,1.00
2010.05.10 03:20:21.308,1.3764,1.3767,1.20,1.00
2010.05.10 03:20:29.559,1.37645,1.37675,1.60,1.00
2010.05.10 03:20:29.687,1.37645,1.37675,2.60,1.00
2010.05.10 03:20:29.749,1.37645,1.3768,3.00,1.00
2010.05.10 03:20:29.789,1.3765,1.37685,1.60,1.20
2010.05.10 03:20:29.948,1.3765,1.37685,2.00,1.00
2010.05.10 03:20:30.294,1.37655,1.3769,1.60,1.20
2010.05.10 03:20:31.020,1.3767,1.37695,1.00,1.00
2010.05.10 03:20:31.214,1.3768,1.3771,1.00,2.00
2010.05.10 03:20:31.409,1.3768,1.37715,1.00,2.90
2010.05.10 03:20:32.168,1.3768,1.3771,1.00,1.60
2010.05.10 03:20:36.178,1.3768,1.37715,1.00,2.90
2010.05.10 03:20:41.087,1.3768,1.3771,1.00,1.60
2010.05.10 03:20:42.250,1.3768,1.37705,1.00,1.60
2010.05.10 03:20:43.371,1.3768,1.3771,1.00,1.60
2010.05.10 03:20:44.631,1.3768,1.37705,1.00,1.60
2010.05.10 03:20:46.987,1.3768,1.37715,1.00,2.80
2010.05.10 03:20:47.568,1.3768,1.37715,1.20,2.80
2010.05.10 03:20:54.921,1.3768,1.37715,1.30,1.20
2010.05.10 03:20:54.981,1.37695,1.37715,1.00,1.20
2010.05.10 03:20:55.040,1.37695,1.37715,1.00,2.80
2010.05.10 03:20:55.381,1.3768,1.37715,1.20,2.80
2010.05.10 03:20:56.410,1.3768,1.37715,1.60,2.80
2010.05.10 03:20:56.626,1.37685,1.37715,2.00,1.60
2010.05.10 03:21:02.963,1.37685,1.3772,2.00,2.40
2010.05.10 03:21:03.648,1.37685,1.37715,2.00,1.60
2010.05.10 03:21:06.121,1.377,1.37715,2.00,1.60
2010.05.10 03:21:06.513,1.377,1.37725,2.00,1.60
2010.05.10 03:21:06.614,1.3771,1.37735,1.00,1.60
2010.05.10 03:21:07.830,1.37705,1.37735,1.00,2.40
2010.05.10 03:21:08.041,1.377,1.37735,2.40,2.40
2010.05.10 03:21:08.289,1.377,1.37725,2.40,1.60
2010.05.10 03:21:11.108,1.377,1.37725,1.60,1.60
2010.05.10 03:21:11.184,1.377,1.37725,1.20,1.60
2010.05.10 03:21:12.108,1.377,1.3773,1.20,1.60
2010.05.10 03:21:13.848,1.37705,1.3773,1.00,1.60
2010.05.10 03:21:31.014,1.37705,1.37735,1.00,2.40
2010.05.10 03:21:31.119,1.37705,1.3773,1.00,1.60
2010.05.10 03:21:32.028,1.37705,1.37725,1.00,1.00
2010.05.10 03:21:32.240,1.37705,1.3773,1.00,1.60
2010.05.10 03:21:34.290,1.37705,1.37725,1.00,1.00
2010.05.10 03:21:34.388,1.37695,1.37725,3.80,1.00
2010.05.10 03:21:34.489,1.37695,1.37725,1.20,1.00
2010.05.10 03:21:34.788,1.377,1.37725,1.00,1.00
2010.05.10 03:21:36.984,1.377,1.3773,1.00,3.60
2010.05.10 03:21:37.456,1.377,1.3773,1.20,2.40
2010.05.10 03:21:47.550,1.377,1.3773,1.00,2.40
2010.05.10 03:21:49.537,1.37705,1.3773,1.60,1.60
2010.05.10 03:21:54.842,1.37715,1.3773,1.00,1.60
2010.05.10 03:21:55.149,1.3772,1.37735,1.00,1.60
2010.05.10 03:22:04.367,1.3772,1.3774,1.00,1.60
2010.05.10 03:22:35.706,1.3772,1.37735,1.00,1.60
2010.05.10 03:22:38.863,1.3772,1.3774,1.00,1.60
2010.05.10 03:22:49.851,1.3772,1.37745,1.00,1.60
2010.05.10 03:22:51.279,1.3772,1.3774,1.00,1.60
2010.05.10 03:22:53.733,1.3772,1.37745,1.00,1.60
2010.05.10 03:22:54.073,1.3772,1.3774,1.00,1.60
2010.05.10 03:23:03.871,1.3772,1.37745,1.00,1.60
2010.05.10 03:23:04.109,1.3772,1.3775,1.00,2.40
2010.05.10 03:23:07.775,1.3772,1.3775,1.00,1.00
2010.05.10 03:23:09.106,1.37725,1.37755,1.00,1.00
2010.05.10 03:23:13.661,1.3772,1.3775,3.40,1.00
2010.05.10 03:23:13.888,1.3772,1.3775,1.80,1.00
2010.05.10 03:23:14.117,1.3773,1.37755,2.00,1.00
2010.05.10 03:23:14.766,1.3774,1.3778,1.00,2.00
2010.05.10 03:23:16.834,1.37735,1.3777,1.00,2.00
2010.05.10 03:23:22.683,1.3774,1.37775,2.00,1.00
2010.05.10 03:23:27.249,1.3774,1.37775,1.60,1.20
2010.05.10 03:23:27.593,1.37735,1.3777,3.60,1.00
2010.05.10 03:23:27.939,1.3774,1.3777,1.00,1.00
2010.05.10 03:23:28.281,1.37745,1.3778,1.00,1.00
2010.05.10 03:23:30.749,1.37745,1.3778,1.00,1.60
2010.05.10 03:23:30.909,1.37745,1.3778,1.00,2.00
2010.05.10 03:23:34.260,1.3776,1.3778,1.00,1.00
2010.05.10 03:23:34.389,1.3776,1.3779,2.40,1.00
2010.05.10 03:23:48.151,1.3776,1.3779,1.00,1.00
2010.05.10 03:23:51.631,1.37775,1.37795,1.00,1.00
2010.05.10 03:23:51.995,1.37775,1.37805,1.00,2.40
2010.05.10 03:23:52.309,1.37775,1.37805,1.00,1.00
2010.05.10 03:23:53.548,1.37775,1.3781,1.00,4.00
2010.05.10 03:23:53.890,1.37775,1.3781,1.00,3.60
2010.05.10 03:24:00.367,1.3777,1.37805,3.60,1.00
2010.05.10 03:24:02.282,1.3777,1.378,2.00,1.00
2010.05.10 03:24:02.478,1.37765,1.378,4.50,1.00
2010.05.10 03:24:02.578,1.37765,1.378,2.90,1.00
2010.05.10 03:24:03.735,1.37765,1.378,2.40,1.00
2010.05.10 03:24:04.469,1.37765,1.378,2.50,1.00
2010.05.10 03:24:04.670,1.37765,1.378,2.40,1.00
2010.05.10 03:24:05.859,1.37765,1.378,2.50,1.00
2010.05.10 03:24:06.851,1.37765,1.378,2.90,1.00
2010.05.10 03:24:07.118,1.37765,1.378,2.80,1.00
2010.05.10 03:24:07.720,1.37765,1.378,1.20,1.00
2010.05.10 03:24:12.250,1.3777,1.37805,1.60,1.20
2010.05.10 03:24:12.299,1.37785,1.3781,1.60,2.00
2010.05.10 03:24:12.348,1.37785,1.3781,1.60,1.00
2010.05.10 03:24:12.400,1.3779,1.37815,1.00,1.60
2010.05.10 03:24:12.850,1.37795,1.37825,1.00,1.60
2010.05.10 03:24:13.192,1.378,1.37835,2.00,1.00
2010.05.10 03:24:13.531,1.378,1.3783,1.00,1.00
2010.05.10 03:24:13.871,1.3781,1.37835,1.20,1.60
2010.05.10 03:24:14.562,1.3781,1.3784,1.00,1.00
2010.05.10 03:24:14.870,1.37805,1.3784,5.10,1.00
2010.05.10 03:24:15.183,1.3781,1.3784,1.00,1.00
2010.05.10 03:24:16.970,1.37785,1.37825,3.10,1.00
2010.05.10 03:24:17.143,1.37795,1.37825,1.00,1.00
2010.05.10 03:24:17.314,1.3778,1.37825,2.00,1.00
2010.05.10 03:24:18.164,1.37785,1.3782,3.60,1.00
2010.05.10 03:24:19.261,1.37785,1.3782,2.00,1.00
2010.05.10 03:24:22.077,1.37785,1.3782,1.20,1.00
2010.05.10 03:24:22.641,1.37785,1.3782,2.80,1.00
2010.05.10 03:24:22.825,1.37785,1.3782,1.60,1.00
2010.05.10 03:24:23.188,1.37785,1.3782,2.00,1.00
2010.05.10 03:24:28.768,1.37785,1.3782,3.60,1.00
2010.05.10 03:24:28.878,1.37785,1.3782,5.20,1.00
2010.05.10 03:24:28.988,1.37785,1.3782,6.30,1.00
2010.05.10 03:24:32.495,1.37795,1.3783,1.00,1.00
2010.05.10 03:24:32.734,1.378,1.37835,1.60,2.80
2010.05.10 03:24:33.457,1.3781,1.37845,1.00,2.00
2010.05.10 03:24:36.152,1.37805,1.37835,2.00,1.00
2010.05.10 03:24:36.359,1.378,1.37835,5.20,1.00
2010.05.10 03:24:37.139,1.37805,1.37835,1.00,1.00
2010.05.10 03:24:37.249,1.378,1.37835,4.70,1.00
2010.05.10 03:24:39.707,1.37785,1.3782,4.70,1.00
2010.05.10 03:24:41.798,1.37795,1.3783,1.00,1.00
2010.05.10 03:24:42.572,1.378,1.37835,1.60,1.20
2010.05.10 03:24:43.015,1.378,1.37835,4.70,1.00
2010.05.10 03:24:46.900,1.37805,1.3784,1.60,1.20
2010.05.10 03:24:47.244,1.37805,1.3784,2.00,1.00
2010.05.10 03:24:49.300,1.37805,1.37835,1.00,1.00
2010.05.10 03:24:50.202,1.378,1.37835,4.70,1.00
2010.05.10 03:24:50.443,1.3781,1.3784,1.00,1.00
2010.05.10 03:24:51.166,1.3781,1.37845,1.00,3.60
2010.05.10 03:24:52.280,1.3781,1.37845,1.00,2.80
2010.05.10 03:24:52.490,1.3781,1.37845,1.00,1.00
2010.05.10 03:24:52.939,1.3781,1.37845,1.00,2.00
2010.05.10 03:24:53.642,1.3781,1.37845,1.00,3.60
2010.05.10 03:24:53.941,1.3781,1.37845,1.00,2.00
2010.05.10 03:24:55.911,1.37835,1.37845,1.60,1.00
2010.05.10 03:24:56.123,1.37835,1.3788,2.50,1.00
2010.05.10 03:24:56.333,1.3784,1.37885,1.00,1.60
2010.05.10 03:24:56.763,1.37855,1.3789,1.00,1.00
2010.05.10 03:24:56.978,1.37865,1.37905,1.00,1.00
2010.05.10 03:24:57.300,1.3786,1.37895,2.00,1.00
2010.05.10 03:24:58.252,1.37865,1.37895,2.50,1.00
2010.05.10 03:24:58.876,1.3787,1.37905,1.00,2.80
2010.05.10 03:24:59.132,1.3787,1.37905,1.00,1.00
2010.05.10 03:24:59.391,1.3788,1.37915,1.00,1.00
2010.05.10 03:25:00.560,1.37895,1.3792,1.00,1.60
2010.05.10 03:25:00.824,1.37895,1.3793,1.00,2.40
2010.05.10 03:25:02.356,1.37895,1.3793,1.00,1.00
2010.05.10 03:25:02.707,1.3791,1.37935,1.60,1.00
2010.05.10 03:25:02.941,1.37905,1.37935,1.00,1.00
2010.05.10 03:25:03.173,1.37905,1.37945,1.10,1.00
2010.05.10 03:25:03.411,1.37905,1.37945,1.00,1.00
2010.05.10 03:25:03.640,1.37905,1.37945,1.00,2.40
2010.05.10 03:25:04.021,1.37905,1.3793,1.00,1.00
2010.05.10 03:25:04.530,1.3789,1.3793,2.00,1.00
2010.05.10 03:25:04.694,1.37895,1.37935,1.00,1.00
2010.05.10 03:25:04.850,1.3789,1.3793,1.10,1.00
2010.05.10 03:25:05.283,1.37895,1.37925,1.00,1.00
2010.05.10 03:25:05.551,1.37895,1.3793,1.00,1.00
2010.05.10 03:25:09.880,1.37885,1.3792,3.60,1.00
2010.05.10 03:25:10.200,1.37885,1.3792,2.00,1.00
2010.05.10 03:25:12.622,1.379,1.3793,2.00,1.60
2010.05.10 03:25:12.733,1.37895,1.37915,1.00,1.00
2010.05.10 03:25:14.132,1.37855,1.379,2.00,1.00
2010.05.10 03:25:16.504,1.3786,1.37895,1.10,1.00
2010.05.10 03:25:16.731,1.3786,1.37895,1.00,1.00
2010.05.10 03:25:16.961,1.37865,1.379,2.00,1.00
2010.05.10 03:25:17.771,1.3787,1.37895,1.00,1.00
2010.05.10 03:25:18.118,1.37875,1.3791,1.00,2.00
2010.05.10 03:25:18.461,1.3787,1.379,1.00,1.00
2010.05.10 03:25:18.800,1.37865,1.379,1.00,1.00
2010.05.10 03:25:19.629,1.3788,1.37925,1.60,1.20
2010.05.10 03:25:19.976,1.3788,1.37925,2.00,1.00
2010.05.10 03:25:20.225,1.37875,1.3792,1.00,1.00
2010.05.10 03:25:27.349,1.3788,1.37915,1.00,1.00
2010.05.10 03:25:27.530,1.37885,1.37915,1.00,1.00
2010.05.10 03:25:27.958,1.3788,1.37915,1.00,1.00
2010.05.10 03:25:30.511,1.3788,1.37915,1.00,1.00
2010.05.10 03:25:33.317,1.37875,1.37905,1.00,1.00
2010.05.10 03:25:33.578,1.3787,1.37905,1.20,1.60
2010.05.10 03:25:34.217,1.3787,1.37905,1.00,1.60
2010.05.10 03:25:34.568,1.3787,1.37905,1.00,1.00
2010.05.10 03:25:35.573,1.3786,1.37895,4.70,1.00
2010.05.10 03:25:36.079,1.3786,1.37895,4.30,1.20
2010.05.10 03:25:36.204,1.3785,1.3788,1.10,1.00
2010.05.10 03:25:36.433,1.3785,1.3788,1.00,1.00
2010.05.10 03:25:36.661,1.3786,1.37885,1.60,1.00
2010.05.10 03:25:37.146,1.3786,1.37895,2.00,1.00
2010.05.10 03:25:37.496,1.3787,1.37905,1.00,1.00
2010.05.10 03:25:37.851,1.37865,1.37895,1.60,1.00
2010.05.10 03:25:38.886,1.3786,1.3789,1.30,1.00
2010.05.10 03:25:39.238,1.3786,1.37885,1.00,1.00
2010.05.10 03:25:39.670,1.3786,1.3789,1.10,1.20
2010.05.10 03:25:39.969,1.37865,1.37895,2.40,1.20
2010.05.10 03:25:40.904,1.3789,1.37895,1.00,1.00
2010.05.10 03:25:41.255,1.37855,1.37965,2.40,2.40
2010.05.10 03:25:41.799,1.37855,1.37965,4.00,2.00
2010.05.10 03:25:42.130,1.37895,1.37955,2.00,1.00
2010.05.10 03:25:42.456,1.37895,1.37935,1.20,1.00
2010.05.10 03:25:43.148,1.3789,1.37925,1.20,1.00
2010.05.10 03:25:43.497,1.3789,1.37925,1.00,1.00
2010.05.10 03:25:44.753,1.379,1.37925,1.00,1.00
2010.05.10 03:25:45.067,1.37895,1.3791,1.00,1.00
2010.05.10 03:25:45.376,1.37895,1.37905,1.00,1.00
2010.05.10 03:25:46.202,1.37855,1.37885,1.30,1.00
2010.05.10 03:25:46.526,1.37905,1.3791,1.00,2.00
2010.05.10 03:25:47.229,1.37905,1.3791,1.00,1.20
2010.05.10 03:25:47.539,1.379,1.3791,1.30,1.20
2010.05.10 03:25:47.843,1.379,1.3791,1.00,1.20
2010.05.10 03:25:48.140,1.3789,1.3791,1.60,1.20
2010.05.10 03:25:48.796,1.3789,1.3791,1.60,1.00
2010.05.10 03:25:49.047,1.37885,1.3791,1.00,1.00
2010.05.10 03:25:49.299,1.37885,1.37905,2.40,1.00
2010.05.10 03:25:49.896,1.37885,1.3791,1.00,1.00
2010.05.10 03:25:50.243,1.3788,1.37915,1.00,1.00
2010.05.10 03:25:50.594,1.37875,1.3791,1.00,1.00
2010.05.10 03:25:51.643,1.3787,1.379,1.60,1.00
2010.05.10 03:25:52.191,1.3787,1.37885,1.00,1.00
2010.05.10 03:25:52.590,1.37865,1.37885,1.30,1.00
2010.05.10 03:25:53.344,1.37875,1.37885,1.00,1.00
2010.05.10 03:25:53.622,1.3787,1.37885,1.60,1.00
2010.05.10 03:25:53.894,1.37865,1.3788,1.30,1.00
2010.05.10 03:25:54.473,1.3787,1.3788,1.00,1.00
2010.05.10 03:25:54.785,1.37865,1.3788,1.00,1.00
2010.05.10 03:25:56.025,1.37855,1.37885,2.40,1.00
2010.05.10 03:25:56.355,1.3785,1.37875,1.00,1.60
2010.05.10 03:25:56.574,1.37845,1.37875,1.60,2.00
2010.05.10 03:25:57.358,1.37845,1.3788,3.60,1.00
2010.05.10 03:25:57.701,1.37845,1.3788,2.10,1.00
2010.05.10 03:25:58.042,1.3786,1.37885,1.00,1.00
2010.05.10 03:25:58.801,1.37875,1.37925,1.00,1.00
2010.05.10 03:25:59.494,1.3789,1.3793,1.00,1.00
2010.05.10 03:26:01.754,1.3789,1.37915,1.00,1.00
2010.05.10 03:26:02.739,1.3789,1.3792,1.00,1.00
2010.05.10 03:26:03.419,1.37885,1.3792,3.30,1.00
2010.05.10 03:26:04.070,1.37885,1.3792,2.50,1.60
2010.05.10 03:26:04.632,1.37885,1.3792,2.10,2.00
2010.05.10 03:26:04.960,1.3789,1.3792,1.00,1.00
2010.05.10 03:26:05.223,1.37895,1.3792,1.00,1.60
2010.05.10 03:26:05.497,1.37895,1.37915,1.60,1.00
2010.05.10 03:26:06.115,1.37885,1.37915,4.10,1.00
2010.05.10 03:26:06.376,1.37885,1.37915,3.70,1.00
2010.05.10 03:26:06.634,1.37885,1.37915,2.10,1.00
2010.05.10 03:26:10.599,1.3789,1.3792,1.00,1.20
2010.05.10 03:26:10.871,1.379,1.3793,1.60,1.00
2010.05.10 03:26:11.470,1.37905,1.37935,1.00,1.00
2010.05.10 03:26:11.656,1.37915,1.37945,1.00,1.20
2010.05.10 03:26:11.829,1.37915,1.37945,1.00,1.00
2010.05.10 03:26:12.371,1.37915,1.3794,1.00,1.60
2010.05.10 03:26:12.827,1.3791,1.3794,1.30,1.60
2010.05.10 03:26:13.178,1.379,1.37935,1.30,2.00
2010.05.10 03:26:13.523,1.379,1.3793,1.00,1.00
2010.05.10 03:26:13.875,1.37905,1.37935,1.00,2.00
2010.05.10 03:26:14.569,1.37905,1.3794,2.10,1.00
2010.05.10 03:26:14.873,1.3791,1.3794,1.00,1.00
2010.05.10 03:26:15.192,1.3791,1.37935,1.00,1.00
2010.05.10 03:26:15.759,1.37905,1.3792,1.30,1.00
2010.05.10 03:26:16.078,1.3791,1.37955,1.00,1.00
2010.05.10 03:26:16.396,1.37915,1.37955,1.00,1.00
2010.05.10 03:26:16.713,1.37915,1.3795,1.30,1.00
2010.05.10 03:26:17.366,1.3791,1.3794,1.30,1.00
2010.05.10 03:26:22.450,1.37915,1.37945,1.00,1.00
2010.05.10 03:26:22.613,1.37915,1.3795,1.30,2.10
2010.05.10 03:26:23.336,1.3791,1.3794,1.30,1.00
2010.05.10 03:26:24.910,1.3791,1.37935,1.30,1.00
2010.05.10 03:26:25.080,1.37905,1.37935,1.30,1.00
2010.05.10 03:26:27.184,1.37905,1.3793,1.00,2.00
2010.05.10 03:26:27.462,1.37905,1.37925,1.00,1.00
2010.05.10 03:26:27.745,1.37895,1.3792,1.30,1.00
2010.05.10 03:26:28.023,1.379,1.37925,1.00,2.00
2010.05.10 03:26:28.760,1.3789,1.37925,2.50,1.00
2010.05.10 03:26:29.909,1.37895,1.37925,1.00,1.00
2010.05.10 03:26:30.558,1.37885,1.3792,2.10,2.00
2010.05.10 03:26:30.949,1.37885,1.3792,1.00,2.00
2010.05.10 03:26:32.814,1.3788,1.3791,1.70,1.00
2010.05.10 03:26:32.981,1.37885,1.37905,1.00,1.00
2010.05.10 03:26:33.140,1.37875,1.37905,1.00,1.60
2010.05.10 03:26:33.303,1.37875,1.37905,1.60,1.00
2010.05.10 03:26:34.006,1.3787,1.37905,1.00,2.00
2010.05.10 03:26:34.366,1.37875,1.3791,2.00,1.00
2010.05.10 03:26:38.572,1.37875,1.3791,1.00,1.00
2010.05.10 03:26:40.380,1.3787,1.379,2.90,1.00
2010.05.10 03:26:40.611,1.3787,1.379,1.60,1.00
2010.05.10 03:26:41.071,1.37875,1.3791,2.40,1.20
2010.05.10 03:26:41.301,1.3788,1.3791,1.60,1.20
2010.05.10 03:26:41.450,1.3788,1.3791,1.60,1.00
2010.05.10 03:26:44.498,1.3788,1.3791,2.40,1.00
2010.05.10 03:26:46.959,1.3788,1.3791,1.00,1.00
2010.05.10 03:26:47.857,1.3788,1.3791,2.40,1.00
2010.05.10 03:26:49.756,1.3789,1.3792,2.40,1.00
2010.05.10 03:26:51.023,1.3789,1.379,1.60,1.00
2010.05.10 03:26:51.358,1.3785,1.379,3.30,1.00
2010.05.10 03:26:51.684,1.3785,1.37895,2.40,1.00
2010.05.10 03:26:52.013,1.37845,1.37895,1.00,1.00
2010.05.10 03:26:52.691,1.37855,1.37875,1.00,1.00
2010.05.10 03:26:52.984,1.37845,1.37875,1.60,1.20
2010.05.10 03:26:53.283,1.3784,1.3787,1.00,1.00
2010.05.10 03:26:53.623,1.37845,1.3788,2.10,1.00
2010.05.10 03:26:56.040,1.37865,1.37885,1.60,1.00
2010.05.10 03:26:56.424,1.3788,1.3794,2.00,1.20
2010.05.10 03:26:56.605,1.3789,1.3794,1.00,1.00
2010.05.10 03:26:56.780,1.3789,1.3795,1.00,2.00
2010.05.10 03:26:57.510,1.37895,1.3792,1.00,1.00
2010.05.10 03:26:57.856,1.3787,1.3792,2.10,1.00
2010.05.10 03:26:58.815,1.3789,1.3792,1.00,2.00
2010.05.10 03:26:59.443,1.37885,1.3792,1.60,1.00
2010.05.10 03:26:59.718,1.37895,1.37935,1.00,2.00
2010.05.10 03:27:00.751,1.37905,1.37935,1.60,1.00
2010.05.10 03:27:00.929,1.37905,1.3794,2.00,1.00
2010.05.10 03:27:02.181,1.37905,1.3794,2.10,1.00
2010.05.10 03:27:02.308,1.37905,1.3794,2.00,1.00
2010.05.10 03:27:02.439,1.37915,1.37945,1.00,1.00
2010.05.10 03:27:02.699,1.37915,1.3795,1.00,3.30
2010.05.10 03:27:02.922,1.3791,1.3794,1.00,1.00
2010.05.10 03:27:03.140,1.37905,1.3794,2.00,1.00
2010.05.10 03:27:03.580,1.37905,1.3794,2.10,1.00
2010.05.10 03:27:04.849,1.37905,1.3794,2.00,1.00
2010.05.10 03:27:05.129,1.37905,1.3794,2.10,1.00
2010.05.10 03:27:05.410,1.3791,1.3794,1.00,1.00
2010.05.10 03:27:08.451,1.37905,1.37935,1.00,1.00
2010.05.10 03:27:08.654,1.37895,1.37925,2.40,1.00
2010.05.10 03:27:08.863,1.379,1.37935,1.00,1.20
2010.05.10 03:27:09.062,1.37895,1.37925,3.20,1.00
2010.05.10 03:27:09.263,1.37895,1.37925,1.00,1.00
2010.05.10 03:27:09.877,1.37895,1.37925,1.00,1.00
2010.05.10 03:27:10.115,1.37895,1.37925,1.00,1.20
2010.05.10 03:27:11.466,1.3792,1.37935,1.60,2.00
2010.05.10 03:27:11.695,1.3792,1.37945,2.00,1.00
2010.05.10 03:27:11.927,1.37925,1.3796,1.00,1.00
2010.05.10 03:27:12.418,1.37915,1.3795,1.20,1.00
2010.05.10 03:27:12.657,1.3793,1.37935,1.00,1.00
2010.05.10 03:27:13.007,1.3793,1.37935,1.20,1.00
2010.05.10 03:27:13.773,1.3792,1.3793,1.20,1.00
2010.05.10 03:27:14.119,1.3791,1.3793,1.00,1.20
2010.05.10 03:27:14.847,1.3791,1.37915,1.20,1.00
2010.05.10 03:27:15.184,1.37905,1.37915,1.00,1.00
2010.05.10 03:27:16.141,1.379,1.3792,1.00,1.00
2010.05.10 03:27:16.450,1.37885,1.3792,1.50,1.20
2010.05.10 03:27:17.114,1.37885,1.3791,1.00,1.00
2010.05.10 03:27:17.469,1.3788,1.3791,1.50,1.00
2010.05.10 03:27:17.817,1.37885,1.37915,1.60,1.00
2010.05.10 03:27:18.543,1.37885,1.3792,2.00,1.00
2010.05.10 03:27:18.899,1.37885,1.3792,1.00,1.20
2010.05.10 03:27:19.474,1.3789,1.3791,1.00,1.00
2010.05.10 03:27:19.703,1.3788,1.3791,1.20,1.00
2010.05.10 03:27:20.942,1.37875,1.37905,1.60,1.00
2010.05.10 03:27:21.130,1.37875,1.3791,2.10,1.00
2010.05.10 03:27:21.320,1.37875,1.3791,2.80,1.00
2010.05.10 03:27:21.702,1.37875,1.37905,1.20,1.00
2010.05.10 03:27:22.397,1.3786,1.37895,3.40,1.00
2010.05.10 03:27:23.584,1.3786,1.37895,3.20,1.00
2010.05.10 03:27:26.712,1.3786,1.37885,1.20,1.00
2010.05.10 03:27:26.750,1.3786,1.37885,1.60,1.00
2010.05.10 03:27:26.870,1.3787,1.37885,1.00,1.00
2010.05.10 03:27:26.909,1.3787,1.379,1.00,1.00
2010.05.10 03:27:27.340,1.37875,1.379,1.60,1.00
2010.05.10 03:27:27.499,1.37875,1.37905,2.00,1.00
2010.05.10 03:27:27.539,1.37875,1.37905,2.50,1.00
2010.05.10 03:27:35.788,1.37875,1.37905,1.70,1.00
2010.05.10 03:27:35.980,1.37875,1.37905,1.30,1.00
2010.05.10 03:27:38.431,1.37875,1.37895,1.00,1.00
2010.05.10 03:27:38.772,1.37865,1.3789,1.00,1.00
2010.05.10 03:27:39.426,1.3786,1.3789,2.00,1.00
2010.05.10 03:27:40.416,1.3786,1.37885,1.20,1.00
2010.05.10 03:27:41.106,1.37855,1.37885,1.00,1.00
2010.05.10 03:27:42.595,1.37855,1.37885,1.00,1.00
2010.05.10 03:27:46.695,1.37855,1.37875,1.00,1.00
2010.05.10 03:27:46.920,1.37855,1.37885,1.00,1.00
2010.05.10 03:27:48.187,1.3785,1.37875,1.60,1.00
2010.05.10 03:27:48.847,1.3785,1.3788,1.00,1.20
2010.05.10 03:27:49.035,1.37845,1.3788,2.50,1.20
2010.05.10 03:27:49.581,1.37855,1.3788,1.00,1.00
2010.05.10 03:27:50.112,1.37845,1.37875,1.00,1.00
2010.05.10 03:27:50.372,1.3784,1.3787,1.00,1.00
2010.05.10 03:27:53.165,1.37855,1.37885,1.00,1.00
2010.05.10 03:27:57.702,1.3786,1.37895,2.00,2.80
2010.05.10 03:27:58.043,1.3786,1.37895,2.50,1.20
2010.05.10 03:27:59.621,1.3787,1.37895,1.00,1.00
2010.05.10 03:27:59.978,1.3787,1.379,1.00,1.20
2010.05.10 03:28:01.990,1.37865,1.37895,1.00,1.00
2010.05.10 03:28:02.122,1.37865,1.37885,1.00,1.20
2010.05.10 03:28:02.250,1.3786,1.37885,1.20,1.20
2010.05.10 03:28:02.513,1.3786,1.37885,2.00,1.00
2010.05.10 03:28:02.641,1.3786,1.37885,1.20,1.00
2010.05.10 03:28:03.501,1.3786,1.3789,1.30,1.00
2010.05.10 03:28:03.846,1.3786,1.37895,1.30,1.00
2010.05.10 03:28:05.170,1.3786,1.37885,1.00,1.00
2010.05.10 03:28:05.334,1.37855,1.37885,1.00,1.00
2010.05.10 03:28:07.682,1.3786,1.3789,1.00,1.00
2010.05.10 03:28:07.922,1.3786,1.37885,1.00,1.00
2010.05.10 03:28:08.530,1.37855,1.37885,1.00,1.00
2010.05.10 03:28:13.858,1.37855,1.37885,1.20,1.00
2010.05.10 03:28:14.203,1.3785,1.3788,1.00,1.00
2010.05.10 03:28:14.382,1.37845,1.3788,2.00,1.00
2010.05.10 03:28:14.740,1.37855,1.37885,1.00,1.20
2010.05.10 03:28:14.919,1.37855,1.37885,1.00,1.00
2010.05.10 03:28:18.869,1.3785,1.3788,1.00,1.00
2010.05.10 03:28:19.072,1.37845,1.3788,2.00,1.20
2010.05.10 03:28:21.240,1.37845,1.3787,1.20,1.20
2010.05.10 03:28:21.956,1.3784,1.3787,1.00,1.20
2010.05.10 03:28:23.385,1.37845,1.3788,1.30,1.20
2010.05.10 03:28:25.118,1.37845,1.3788,1.30,1.00
2010.05.10 03:28:25.226,1.3784,1.3787,1.00,1.00
2010.05.10 03:28:25.430,1.3784,1.3787,1.50,1.00
2010.05.10 03:28:25.929,1.3784,1.37875,1.50,2.00
2010.05.10 03:28:26.539,1.3784,1.37875,1.60,2.00
2010.05.10 03:28:28.582,1.3784,1.37875,1.50,2.00
2010.05.10 03:28:29.603,1.3783,1.37865,3.20,1.00
2010.05.10 03:28:30.209,1.37835,1.37865,1.00,1.00
2010.05.10 03:28:30.773,1.37835,1.37865,1.30,1.00
2010.05.10 03:28:31.114,1.3784,1.37875,1.00,1.20
2010.05.10 03:28:31.460,1.3784,1.37875,1.00,1.00
2010.05.10 03:28:39.588,1.3784,1.37875,2.40,1.00
2010.05.10 03:28:40.857,1.3784,1.37875,2.50,1.00
2010.05.10 03:28:41.590,1.37845,1.37875,1.00,1.00
2010.05.10 03:28:44.019,1.37835,1.3786,2.70,1.00
2010.05.10 03:28:44.254,1.3784,1.37865,1.00,1.00
2010.05.10 03:28:46.410,1.3784,1.3786,1.00,1.00
2010.05.10 03:28:46.823,1.37835,1.3786,2.50,1.00
2010.05.10 03:28:46.948,1.37825,1.3786,1.00,1.00
2010.05.10 03:28:48.354,1.37835,1.37865,1.00,1.00
2010.05.10 03:28:48.595,1.3783,1.37865,2.50,1.00
2010.05.10 03:28:50.430,1.3784,1.3787,1.00,1.00
2010.05.10 03:28:50.732,1.3783,1.37865,3.20,1.00
2010.05.10 03:28:51.021,1.3784,1.37875,1.00,2.00
2010.05.10 03:28:51.743,1.3784,1.3787,1.00,1.00
2010.05.10 03:28:52.520,1.37845,1.37875,1.00,1.00
2010.05.10 03:28:52.692,1.37855,1.37885,1.00,1.20
2010.05.10 03:28:52.941,1.37855,1.37885,1.00,1.00
2010.05.10 03:28:53.919,1.3787,1.3789,1.00,1.00
2010.05.10 03:28:54.201,1.3787,1.379,1.00,1.00
2010.05.10 03:28:56.870,1.37875,1.37905,1.00,1.00
2010.05.10 03:28:56.969,1.37875,1.3791,1.30,2.40
2010.05.10 03:28:57.070,1.37875,1.3791,1.30,1.00
2010.05.10 03:28:57.637,1.3788,1.3791,1.00,1.00
2010.05.10 03:28:57.975,1.37875,1.3791,2.00,1.00
2010.05.10 03:28:58.653,1.37875,1.379,1.20,1.00
2010.05.10 03:28:59.384,1.37885,1.37905,1.00,1.00
2010.05.10 03:28:59.738,1.3789,1.3793,1.00,2.40
2010.05.10 03:28:59.903,1.3789,1.37925,1.30,1.00
2010.05.10 03:29:00.073,1.3788,1.37915,1.10,1.00
2010.05.10 03:29:00.613,1.3788,1.37915,1.00,1.00
2010.05.10 03:29:00.776,1.37875,1.3791,2.00,1.00
2010.05.10 03:29:02.712,1.3788,1.37915,1.00,1.20
2010.05.10 03:29:02.910,1.3788,1.3791,1.00,1.00
2010.05.10 03:29:03.201,1.37875,1.3791,2.00,1.00
2010.05.10 03:29:05.591,1.3787,1.379,1.00,1.00
2010.05.10 03:29:06.824,1.37865,1.379,4.00,1.00
2010.05.10 03:29:07.210,1.37875,1.37905,1.00,1.00
2010.05.10 03:29:07.949,1.3788,1.37905,1.60,1.00
2010.05.10 03:29:08.298,1.3788,1.37915,3.60,1.00
2010.05.10 03:29:09.320,1.3788,1.379,1.20,1.00
2010.05.10 03:29:09.505,1.3787,1.379,1.60,1.00
2010.05.10 03:29:09.692,1.3788,1.379,1.00,1.00
2010.05.10 03:29:09.871,1.37875,1.379,1.60,1.00
2010.05.10 03:29:11.463,1.3787,1.37905,3.30,1.20
2010.05.10 03:29:11.670,1.3787,1.37905,3.60,1.00
2010.05.10 03:29:12.080,1.3787,1.37905,4.10,1.00
2010.05.10 03:29:12.901,1.3787,1.37905,4.30,1.00
2010.05.10 03:29:14.621,1.3787,1.3789,2.50,1.00
2010.05.10 03:29:14.680,1.3787,1.37885,2.00,1.00
2010.05.10 03:29:14.739,1.3787,1.37885,1.60,1.00
2010.05.10 03:29:15.135,1.37855,1.37885,2.40,1.00
2010.05.10 03:29:15.195,1.37865,1.37905,1.60,1.20
2010.05.10 03:29:15.389,1.37865,1.37905,2.70,1.00
2010.05.10 03:29:15.449,1.3787,1.37905,1.60,1.00
2010.05.10 03:29:17.119,1.3787,1.379,1.70,1.00
2010.05.10 03:29:17.430,1.3787,1.37895,1.70,1.00
2010.05.10 03:29:17.589,1.3787,1.37895,1.00,1.00
2010.05.10 03:29:17.970,1.37865,1.37895,1.60,1.00
2010.05.10 03:29:18.349,1.37865,1.3789,1.60,1.00
2010.05.10 03:29:18.540,1.37865,1.37885,1.60,1.00
2010.05.10 03:29:18.730,1.37855,1.37885,1.70,1.00
2010.05.10 03:29:19.031,1.3786,1.37885,1.00,1.00
2010.05.10 03:29:19.330,1.37855,1.37885,1.70,1.00
2010.05.10 03:29:19.950,1.37855,1.37885,2.20,1.00
2010.05.10 03:29:20.041,1.3785,1.37885,5.20,1.00
2010.05.10 03:29:23.170,1.3785,1.3788,1.00,1.00
2010.05.10 03:29:23.239,1.3785,1.3788,2.40,1.00
2010.05.10 03:29:23.371,1.37855,1.37885,1.00,1.00
2010.05.10 03:29:23.780,1.37855,1.3789,1.00,1.00
2010.05.10 03:29:28.061,1.3786,1.3789,1.60,1.00
2010.05.10 03:29:28.092,1.3786,1.37895,2.40,1.20
2010.05.10 03:29:28.270,1.3786,1.37895,2.40,1.00
2010.05.10 03:29:28.402,1.3786,1.37895,2.90,1.00
2010.05.10 03:29:29.502,1.3786,1.37895,1.30,1.00
2010.05.10 03:29:29.601,1.37865,1.37895,1.00,1.00
2010.05.10 03:29:29.752,1.37865,1.37895,2.10,1.00
2010.05.10 03:29:30.138,1.37865,1.37895,2.50,1.00
2010.05.10 03:29:30.251,1.37865,1.37895,2.10,1.00
2010.05.10 03:29:30.301,1.37865,1.37895,2.90,1.00
2010.05.10 03:29:30.401,1.37865,1.37895,1.30,1.00
2010.05.10 03:29:32.040,1.3787,1.379,1.60,1.00
2010.05.10 03:29:32.213,1.3787,1.37905,1.60,1.00
2010.05.10 03:29:33.190,1.3787,1.37905,1.00,1.60
2010.05.10 03:29:33.410,1.3787,1.37905,1.00,1.00
2010.05.10 03:29:39.562,1.37865,1.37895,1.00,1.00
2010.05.10 03:29:39.741,1.37865,1.3789,1.00,1.00
2010.05.10 03:29:39.919,1.37865,1.3789,1.00,1.00
2010.05.10 03:29:40.099,1.3786,1.3789,1.00,1.00
2010.05.10 03:29:42.499,1.3786,1.3789,1.00,2.40
2010.05.10 03:29:44.408,1.3786,1.3789,1.00,1.00
2010.05.10 03:29:47.201,1.3786,1.3789,1.80,1.00
2010.05.10 03:29:47.400,1.3786,1.3789,1.00,1.00
2010.05.10 03:29:47.803,1.37855,1.3788,1.60,1.00
2010.05.10 03:29:48.010,1.3785,1.3788,3.40,1.00
2010.05.10 03:29:48.602,1.3785,1.3788,3.60,1.00
2010.05.10 03:29:48.914,1.3785,1.3788,3.40,1.00
2010.05.10 03:29:49.231,1.3785,1.3788,1.80,1.00
2010.05.10 03:29:49.529,1.3785,1.3788,3.40,1.00
2010.05.10 03:29:49.831,1.3785,1.3788,1.80,1.00
2010.05.10 03:29:50.516,1.3785,1.3788,3.40,1.00
2010.05.10 03:29:50.784,1.3785,1.3788,1.80,1.00
2010.05.10 03:29:52.149,1.37875,1.3788,1.60,1.00
2010.05.10 03:29:52.495,1.3786,1.37885,2.40,1.00
2010.05.10 03:29:52.717,1.3787,1.37925,1.00,1.00
2010.05.10 03:29:53.319,1.37895,1.37935,1.20,1.00
2010.05.10 03:29:53.534,1.3789,1.3793,1.20,1.00
2010.05.10 03:29:53.882,1.3789,1.3792,1.30,1.00
2010.05.10 03:29:54.424,1.37895,1.37925,1.60,1.00
2010.05.10 03:29:54.779,1.37905,1.3794,1.00,2.40
2010.05.10 03:29:55.223,1.37905,1.3794,1.00,1.00
2010.05.10 03:29:55.795,1.37905,1.3795,1.00,1.60
2010.05.10 03:29:56.130,1.3787,1.37925,3.90,1.00
2010.05.10 03:29:56.458,1.37865,1.3792,4.70,1.00
2010.05.10 03:29:58.149,1.37875,1.3791,4.80,1.00
2010.05.10 03:29:58.493,1.3789,1.37925,1.00,1.00
2010.05.10 03:29:58.835,1.3788,1.37915,3.10,1.00
2010.05.10 03:29:59.351,1.3788,1.3791,1.50,1.00
2010.05.10 03:29:59.491,1.37875,1.3791,2.40,1.00
2010.05.10 03:30:00.329,1.3788,1.3791,1.60,1.00
2010.05.10 03:30:01.263,1.37895,1.37915,1.00,1.00
2010.05.10 03:30:01.761,1.37895,1.3792,1.00,1.60
2010.05.10 03:30:01.887,1.37905,1.37935,1.00,1.60
2010.05.10 03:30:02.011,1.379,1.37935,1.30,1.60
2010.05.10 03:30:02.131,1.379,1.3794,1.30,1.60
2010.05.10 03:30:02.249,1.379,1.3794,1.00,1.60
2010.05.10 03:30:03.031,1.3791,1.3794,1.00,1.70
2010.05.10 03:30:04.730,1.3791,1.37935,1.00,1.60
2010.05.10 03:30:05.309,1.3791,1.3794,1.00,2.50
2010.05.10 03:30:05.889,1.3791,1.37935,1.00,1.60
2010.05.10 03:30:06.607,1.37885,1.37925,1.00,2.40
2010.05.10 03:30:06.781,1.3788,1.3792,1.00,1.00
2010.05.10 03:30:08.100,1.37885,1.3792,1.00,2.40
2010.05.10 03:30:08.323,1.37895,1.3792,1.00,1.60
2010.05.10 03:30:08.554,1.379,1.37925,1.00,1.00
2010.05.10 03:30:09.323,1.379,1.37925,1.00,1.60
2010.05.10 03:30:10.001,1.37895,1.37925,2.30,1.60
2010.05.10 03:30:10.140,1.37895,1.37925,1.90,1.60
2010.05.10 03:30:10.701,1.37895,1.37925,2.70,1.60
2010.05.10 03:30:12.869,1.37895,1.37925,1.90,1.60
2010.05.10 03:30:12.988,1.379,1.3793,1.00,1.60
2010.05.10 03:30:13.532,1.379,1.37935,1.00,2.80
2010.05.10 03:30:13.859,1.379,1.37935,1.00,2.40
2010.05.10 03:30:16.389,1.37895,1.3793,3.10,1.00
2010.05.10 03:30:18.251,1.37895,1.3793,2.30,1.00
2010.05.10 03:30:18.710,1.37895,1.3793,1.90,1.00
2010.05.10 03:30:19.251,1.37905,1.37935,1.00,2.40
2010.05.10 03:30:19.431,1.37905,1.37935,1.00,1.00
2010.05.10 03:30:20.646,1.379,1.37935,1.00,2.00
2010.05.10 03:30:20.779,1.379,1.37935,1.00,1.20
2010.05.10 03:30:20.920,1.379,1.37935,1.00,1.00
2010.05.10 03:30:21.059,1.379,1.37935,1.00,2.40
2010.05.10 03:30:21.329,1.37895,1.37925,1.00,1.00
2010.05.10 03:30:21.471,1.379,1.3793,1.00,1.60
2010.05.10 03:30:21.870,1.379,1.37935,1.00,2.40
2010.05.10 03:30:22.746,1.37905,1.37935,1.00,2.40
2010.05.10 03:30:22.883,1.37905,1.3794,2.00,2.40
2010.05.10 03:30:28.902,1.37905,1.3794,2.00,1.00
2010.05.10 03:30:32.701,1.37905,1.37935,1.20,1.00
2010.05.10 03:30:32.940,1.37905,1.3793,1.00,1.00
2010.05.10 03:30:33.060,1.379,1.3793,1.00,1.00
2010.05.10 03:30:33.420,1.3791,1.37935,1.60,1.00
2010.05.10 03:30:33.908,1.3792,1.37945,1.00,1.00
2010.05.10 03:30:34.259,1.37915,1.3795,2.00,1.00
2010.05.10 03:30:35.630,1.37925,1.37955,1.60,2.00
2010.05.10 03:30:35.870,1.37925,1.37955,1.60,1.60
2010.05.10 03:30:36.408,1.37925,1.3796,1.60,2.40
2010.05.10 03:30:37.433,1.37915,1.37945,1.00,1.00
2010.05.10 03:30:37.781,1.3791,1.37945,1.60,1.00
2010.05.10 03:30:38.462,1.37905,1.3793,1.00,1.00
2010.05.10 03:30:38.726,1.37905,1.37925,1.00,2.10
2010.05.10 03:30:39.222,1.37905,1.3791,1.00,1.00
2010.05.10 03:30:39.487,1.37865,1.37905,1.00,1.00
2010.05.10 03:30:39.711,1.37855,1.37905,1.00,2.40
2010.05.10 03:30:39.942,1.37855,1.379,1.00,1.00
2010.05.10 03:30:40.174,1.3785,1.37895,1.20,1.00
2010.05.10 03:30:40.401,1.3787,1.379,1.00,1.60
2010.05.10 03:30:40.631,1.3788,1.37895,1.00,1.60
2010.05.10 03:30:41.347,1.37875,1.37905,1.00,1.00
2010.05.10 03:30:41.673,1.3789,1.37915,1.00,1.70
2010.05.10 03:30:41.760,1.3789,1.37915,1.00,1.60
2010.05.10 03:30:41.852,1.3789,1.3792,1.00,3.20
2010.05.10 03:30:41.940,1.3789,1.3792,1.00,2.40
2010.05.10 03:30:42.280,1.3789,1.3792,1.20,2.40
2010.05.10 03:30:42.371,1.37895,1.3792,1.00,1.60
2010.05.10 03:30:42.540,1.37895,1.37925,1.00,1.70
2010.05.10 03:30:43.373,1.37895,1.37925,1.00,1.60
2010.05.10 03:30:44.650,1.379,1.3793,1.60,1.60
2010.05.10 03:30:44.994,1.379,1.3793,2.00,1.60
2010.05.10 03:30:46.402,1.37875,1.37915,1.00,1.60
2010.05.10 03:30:46.744,1.3787,1.3791,1.30,1.00
2010.05.10 03:30:46.976,1.3787,1.3791,1.30,1.20
2010.05.10 03:30:47.471,1.37875,1.37905,1.00,1.20
2010.05.10 03:30:47.822,1.37865,1.379,1.00,1.00
2010.05.10 03:30:48.516,1.37875,1.37905,1.00,1.00
2010.05.10 03:30:49.252,1.37875,1.3791,1.00,2.80
2010.05.10 03:30:51.062,1.37865,1.379,2.10,1.00
2010.05.10 03:30:51.360,1.37865,1.379,1.60,2.40
2010.05.10 03:30:52.045,1.37865,1.379,1.00,2.40
2010.05.10 03:30:52.395,1.37875,1.379,1.00,1.60
2010.05.10 03:30:53.087,1.3787,1.37895,1.00,1.60
2010.05.10 03:30:53.649,1.3786,1.3789,1.20,1.00
2010.05.10 03:31:01.731,1.37865,1.37895,1.00,2.00
2010.05.10 03:31:01.871,1.3786,1.3789,1.80,1.00
2010.05.10 03:31:02.398,1.3786,1.3789,1.00,1.00
2010.05.10 03:31:02.671,1.3786,1.37895,1.00,2.80
2010.05.10 03:31:04.513,1.3786,1.3789,1.00,1.60
2010.05.10 03:31:11.471,1.3786,1.37895,1.00,2.80
2010.05.10 03:31:11.652,1.3786,1.37895,1.00,4.40
2010.05.10 03:31:11.830,1.3786,1.37895,1.00,1.20
2010.05.10 03:31:14.619,1.3786,1.3789,1.00,1.60
2010.05.10 03:31:14.749,1.3786,1.37895,1.00,1.20
2010.05.10 03:31:16.789,1.3786,1.37895,1.00,2.80
2010.05.10 03:31:20.974,1.3786,1.3789,1.00,1.60
2010.05.10 03:31:25.194,1.37855,1.37885,1.00,1.00
2010.05.10 03:31:25.922,1.3786,1.3789,1.00,1.60
2010.05.10 03:31:29.629,1.3786,1.37895,1.00,2.80
2010.05.10 03:31:40.150,1.3786,1.37895,1.00,1.20
2010.05.10 03:31:41.491,1.3786,1.37895,1.00,2.80
2010.05.10 03:31:41.733,1.3786,1.37895,1.00,1.20
2010.05.10 03:31:44.602,1.3786,1.3789,1.00,1.00
2010.05.10 03:31:44.924,1.3782,1.37875,4.30,1.00
2010.05.10 03:31:45.593,1.37815,1.3787,2.40,1.00
2010.05.10 03:31:47.218,1.37835,1.3787,1.00,2.80
2010.05.10 03:31:47.565,1.37835,1.37865,1.00,1.00
2010.05.10 03:31:56.148,1.37835,1.3787,1.00,1.20
2010.05.10 03:31:59.409,1.37835,1.37865,1.00,1.00
2010.05.10 03:32:01.329,1.3784,1.3787,1.00,1.00
2010.05.10 03:32:01.442,1.3784,1.37875,1.00,2.40
2010.05.10 03:32:01.545,1.3784,1.37875,1.00,1.00
2010.05.10 03:32:01.798,1.3784,1.3786,1.00,1.00
2010.05.10 03:32:02.435,1.3783,1.37865,1.00,1.00
2010.05.10 03:32:02.689,1.37825,1.3786,2.80,2.40
2010.05.10 03:32:03.985,1.3783,1.37855,1.00,1.00
2010.05.10 03:32:04.232,1.37825,1.37855,1.60,1.00
2010.05.10 03:32:09.281,1.37825,1.37855,3.20,1.00
2010.05.10 03:32:09.889,1.37825,1.37855,1.60,1.00
2010.05.10 03:32:10.100,1.37835,1.3786,1.00,1.00
2010.05.10 03:32:10.934,1.37835,1.37865,2.40,1.00
2010.05.10 03:32:12.725,1.37835,1.37865,1.00,1.00
2010.05.10 03:32:13.268,1.3785,1.3787,1.00,1.00
2010.05.10 03:32:14.164,1.3785,1.3788,1.00,1.00
2010.05.10 03:32:15.080,1.37845,1.3787,2.30,1.00
2010.05.10 03:32:15.381,1.3784,1.3787,2.40,1.00
2010.05.10 03:32:18.687,1.3784,1.37855,1.60,1.00
2010.05.10 03:32:18.872,1.37815,1.37845,1.60,1.00
2010.05.10 03:32:19.046,1.3781,1.37845,1.60,1.00
2010.05.10 03:32:19.225,1.3781,1.3785,1.60,2.10
2010.05.10 03:32:20.112,1.37815,1.3785,1.60,2.00
2010.05.10 03:32:20.451,1.37815,1.3785,1.60,2.10
2010.05.10 03:32:22.032,1.37815,1.3785,1.60,2.00
2010.05.10 03:32:22.552,1.37815,1.37835,1.00,1.00
2010.05.10 03:32:22.703,1.37805,1.3784,2.00,1.30
2010.05.10 03:32:22.853,1.37805,1.37825,3.60,1.00
2010.05.10 03:32:23.194,1.378,1.37835,1.00,2.10
2010.05.10 03:32:23.933,1.37805,1.3784,2.00,1.00
2010.05.10 03:32:25.766,1.37815,1.3785,1.30,2.00
2010.05.10 03:32:32.970,1.37815,1.3785,2.90,2.00
2010.05.10 03:32:33.314,1.37815,1.3785,1.30,3.60
2010.05.10 03:32:33.669,1.3779,1.3781,2.00,1.00
2010.05.10 03:32:34.017,1.37755,1.378,2.40,2.00
2010.05.10 03:32:34.738,1.3774,1.3778,1.00,1.00
2010.05.10 03:32:34.935,1.3774,1.37785,1.20,2.00
2010.05.10 03:32:38.072,1.3774,1.3777,1.00,1.00
2010.05.10 03:32:38.361,1.37745,1.37775,1.00,1.00
2010.05.10 03:32:38.646,1.3774,1.37775,1.50,1.00
2010.05.10 03:32:39.031,1.3774,1.37775,2.00,1.00
2010.05.10 03:32:39.316,1.3773,1.3776,2.00,1.00
2010.05.10 03:32:39.662,1.3773,1.3776,1.20,1.00
2010.05.10 03:32:40.007,1.37725,1.37755,1.60,1.00
2010.05.10 03:32:40.357,1.37735,1.37765,1.00,1.00
2010.05.10 03:32:41.278,1.37735,1.37765,2.40,1.00
2010.05.10 03:32:41.628,1.37745,1.37775,1.00,1.00
2010.05.10 03:32:41.967,1.3775,1.37785,1.00,2.00
2010.05.10 03:32:42.587,1.37735,1.3776,1.90,1.00
2010.05.10 03:32:42.819,1.37745,1.3776,1.00,1.00
2010.05.10 03:32:43.055,1.3773,1.37775,1.60,2.00
2010.05.10 03:32:43.284,1.3773,1.3778,3.60,1.00
2010.05.10 03:32:43.514,1.3773,1.3778,2.00,1.00
2010.05.10 03:32:43.904,1.3774,1.3777,1.00,1.00
2010.05.10 03:32:44.259,1.37745,1.37775,1.60,2.00
2010.05.10 03:32:44.865,1.3775,1.37775,1.00,1.60
2010.05.10 03:32:45.517,1.3776,1.3779,2.00,1.00
2010.05.10 03:32:45.779,1.37765,1.37775,1.00,2.00
2010.05.10 03:32:46.066,1.37765,1.3778,1.00,1.00
2010.05.10 03:32:46.709,1.37755,1.3778,1.00,2.40
2010.05.10 03:32:46.997,1.3773,1.37765,1.00,1.60
2010.05.10 03:32:47.255,1.37725,1.37765,1.60,2.00
2010.05.10 03:32:47.760,1.3772,1.37765,2.80,2.00
2010.05.10 03:32:48.011,1.3773,1.3776,1.60,2.00
2010.05.10 03:32:48.311,1.37725,1.37755,1.60,1.00
2010.05.10 03:32:49.472,1.37725,1.3776,2.40,2.00
2010.05.10 03:32:49.611,1.37725,1.3776,1.00,2.00
2010.05.10 03:32:49.890,1.3773,1.3776,1.60,1.00
2010.05.10 03:32:50.315,1.3773,1.37765,2.00,1.00
2010.05.10 03:32:51.622,1.37715,1.3775,3.80,1.00
2010.05.10 03:32:52.260,1.37715,1.3775,3.60,1.00
2010.05.10 03:32:54.348,1.37715,1.37745,1.60,1.00
2010.05.10 03:32:55.581,1.37715,1.3775,3.20,1.20
2010.05.10 03:32:56.311,1.37715,1.3775,1.60,1.20
2010.05.10 03:32:56.530,1.37715,1.3775,2.00,1.00
2010.05.10 03:32:56.910,1.37715,1.3775,1.60,1.20
2010.05.10 03:32:57.081,1.37715,1.3775,3.20,1.20
2010.05.10 03:32:57.251,1.37715,1.3774,1.60,1.00
2010.05.10 03:32:57.421,1.3771,1.3774,4.00,1.00
2010.05.10 03:32:57.941,1.3771,1.3774,1.60,1.00
2010.05.10 03:32:58.821,1.37705,1.37735,2.40,1.00
2010.05.10 03:32:59.041,1.3771,1.37735,1.60,1.00
2010.05.10 03:32:59.757,1.37705,1.37735,2.40,1.00
2010.05.10 03:33:00.104,1.37705,1.3773,1.00,1.00
2010.05.10 03:33:00.254,1.37705,1.37735,3.90,1.00
2010.05.10 03:33:00.404,1.3771,1.37745,2.90,2.00
2010.05.10 03:33:00.703,1.3771,1.37745,1.60,2.00
2010.05.10 03:33:01.786,1.37715,1.3775,2.00,1.60
2010.05.10 03:33:02.133,1.37725,1.37755,1.00,1.60
2010.05.10 03:33:02.850,1.3772,1.3774,1.00,1.60
2010.05.10 03:33:03.170,1.3771,1.3774,1.00,1.00
2010.05.10 03:33:03.488,1.3772,1.37755,1.60,1.20
2010.05.10 03:33:03.820,1.3772,1.37755,2.00,1.00
2010.05.10 03:33:04.526,1.37715,1.3775,1.20,1.00
2010.05.10 03:33:06.799,1.37715,1.3775,2.80,1.00
2010.05.10 03:33:07.031,1.3772,1.37755,2.80,1.00
2010.05.10 03:33:07.330,1.3772,1.3775,1.20,1.00
2010.05.10 03:33:07.481,1.3772,1.3775,1.00,1.00
2010.05.10 03:33:08.167,1.3772,1.3774,1.00,1.00
2010.05.10 03:33:08.423,1.3772,1.37745,1.00,1.00
2010.05.10 03:33:08.678,1.37715,1.37745,2.80,1.00
2010.05.10 03:33:08.924,1.37715,1.3775,2.80,1.00
2010.05.10 03:33:09.895,1.3772,1.37755,2.00,1.00
2010.05.10 03:33:10.241,1.3772,1.37755,4.40,1.00
2010.05.10 03:33:11.551,1.3772,1.37755,2.80,1.00
2010.05.10 03:33:12.242,1.3773,1.3776,1.00,1.00
2010.05.10 03:33:12.590,1.3773,1.37765,1.00,1.00
2010.05.10 03:33:14.975,1.37725,1.37755,1.20,1.00
2010.05.10 03:33:15.073,1.3773,1.37765,1.00,1.00
2010.05.10 03:33:15.614,1.37735,1.3777,1.60,1.20
2010.05.10 03:33:15.701,1.37735,1.3777,2.40,1.20
2010.05.10 03:33:15.786,1.37735,1.3777,2.80,1.00
2010.05.10 03:33:17.234,1.37735,1.37765,1.20,1.00
2010.05.10 03:33:17.584,1.3773,1.37765,1.00,1.00
2010.05.10 03:33:25.891,1.3773,1.37765,1.00,1.00
2010.05.10 03:33:26.160,1.3773,1.37765,1.00,1.00
2010.05.10 03:33:26.431,1.3773,1.37765,1.00,1.00
2010.05.10 03:33:39.121,1.3774,1.37765,1.00,1.00
2010.05.10 03:33:39.462,1.3773,1.37765,1.00,1.00
2010.05.10 03:33:50.558,1.3773,1.37765,2.40,1.00
2010.05.10 03:33:56.043,1.3773,1.3776,1.60,1.00
2010.05.10 03:33:56.293,1.3773,1.37765,2.40,1.20
2010.05.10 03:33:56.849,1.3773,1.37765,2.40,1.00
2010.05.10 03:33:57.199,1.37725,1.37755,2.40,1.00
2010.05.10 03:33:57.546,1.3772,1.37755,3.10,1.00
2010.05.10 03:33:57.651,1.3772,1.37755,1.50,1.00
2010.05.10 03:33:57.970,1.3772,1.37755,1.10,1.00
2010.05.10 03:34:03.183,1.3772,1.37745,1.00,1.00
2010.05.10 03:34:03.855,1.3772,1.3773,1.00,1.00
2010.05.10 03:34:04.947,1.37695,1.37725,1.00,1.00
2010.05.10 03:34:05.191,1.3769,1.37725,1.60,1.00
2010.05.10 03:34:05.432,1.3769,1.37725,3.20,1.00
2010.05.10 03:34:06.361,1.37685,1.3771,1.00,1.00
2010.05.10 03:34:06.705,1.37685,1.37715,1.00,2.00
2010.05.10 03:34:07.440,1.37685,1.37705,1.00,1.00
2010.05.10 03:34:07.762,1.37685,1.377,1.00,1.00
2010.05.10 03:34:08.413,1.3767,1.377,1.60,1.00
2010.05.10 03:34:10.140,1.37665,1.377,2.40,1.00
2010.05.10 03:34:10.760,1.3767,1.377,1.60,1.00
2010.05.10 03:34:12.876,1.3767,1.37695,1.60,1.00
2010.05.10 03:34:13.130,1.3767,1.377,1.60,1.00
2010.05.10 03:34:13.784,1.3767,1.377,2.00,1.00
2010.05.10 03:34:14.135,1.3767,1.377,2.40,1.00
2010.05.10 03:34:15.163,1.3767,1.377,1.00,1.00
2010.05.10 03:34:15.457,1.3768,1.37695,1.00,1.00
2010.05.10 03:34:15.761,1.37675,1.377,1.00,1.00
2010.05.10 03:34:16.054,1.3768,1.377,1.00,1.00
2010.05.10 03:34:16.352,1.3768,1.377,1.00,1.00
2010.05.10 03:34:16.640,1.3768,1.377,1.50,1.00
2010.05.10 03:34:17.154,1.37685,1.37725,1.00,2.00
2010.05.10 03:34:17.280,1.37685,1.37725,1.20,2.00
2010.05.10 03:34:19.352,1.37685,1.3772,1.20,1.20
2010.05.10 03:34:19.535,1.377,1.37725,1.00,1.00
2010.05.10 03:34:19.724,1.377,1.3774,1.00,2.00
2010.05.10 03:34:19.912,1.377,1.37735,1.00,1.00
2010.05.10 03:34:20.518,1.37705,1.3774,1.00,1.20
2010.05.10 03:34:20.808,1.3771,1.3774,1.00,1.00
2010.05.10 03:34:22.740,1.37705,1.37735,1.20,1.00
2010.05.10 03:34:22.934,1.37705,1.37735,1.00,1.00
2010.05.10 03:34:23.661,1.377,1.3773,1.20,1.00
2010.05.10 03:34:23.856,1.377,1.3773,1.00,1.60
2010.05.10 03:34:24.206,1.3769,1.37725,1.00,2.00
2010.05.10 03:34:25.017,1.3769,1.3772,1.00,1.00
2010.05.10 03:34:25.253,1.3769,1.37725,1.00,2.00
2010.05.10 03:34:26.410,1.3769,1.37725,1.00,1.00
2010.05.10 03:34:29.199,1.3769,1.37725,1.20,1.00
2010.05.10 03:34:30.057,1.3769,1.37725,1.30,1.00
2010.05.10 03:34:30.309,1.377,1.37735,1.00,1.20
2010.05.10 03:34:31.232,1.37705,1.37735,1.60,1.00
2010.05.10 03:34:31.556,1.37705,1.3774,1.60,1.00
2010.05.10 03:34:32.967,1.37715,1.37745,1.00,1.00
2010.05.10 03:34:33.208,1.37715,1.37745,1.00,1.00
2010.05.10 03:34:33.433,1.37715,1.3775,1.30,1.20
2010.05.10 03:34:33.864,1.37715,1.3775,1.30,1.00
2010.05.10 03:34:34.217,1.37705,1.37735,1.00,1.00
2010.05.10 03:34:34.564,1.37705,1.3774,2.90,1.20
2010.05.10 03:34:35.156,1.37705,1.3774,2.90,1.00
2010.05.10 03:34:35.506,1.3771,1.37745,1.60,1.00
2010.05.10 03:34:38.645,1.37705,1.3774,2.40,1.00
2010.05.10 03:34:39.943,1.37715,1.3775,1.00,1.00
2010.05.10 03:34:40.177,1.37715,1.3775,2.10,1.00
2010.05.10 03:34:41.399,1.37725,1.3776,1.00,1.20
2010.05.10 03:34:41.742,1.37725,1.3776,1.00,1.00
2010.05.10 03:34:45.730,1.3773,1.37765,1.00,1.20
2010.05.10 03:34:53.112,1.37735,1.3777,1.00,1.20
2010.05.10 03:34:53.347,1.3774,1.37775,1.00,2.80
2010.05.10 03:34:53.581,1.3774,1.37775,1.00,1.20
2010.05.10 03:35:00.569,1.3774,1.37775,1.00,1.00
2010.05.10 03:35:01.991,1.3775,1.3778,1.00,1.20
2010.05.10 03:35:02.524,1.37745,1.3778,2.00,1.00
2010.05.10 03:35:02.613,1.37745,1.3778,2.10,1.00
2010.05.10 03:35:03.703,1.3776,1.37785,1.00,1.00
2010.05.10 03:35:03.965,1.37765,1.3781,1.00,3.60
2010.05.10 03:35:04.602,1.37785,1.3781,1.00,1.00
2010.05.10 03:35:04.945,1.37785,1.3783,1.00,1.00
2010.05.10 03:35:05.711,1.37785,1.37805,1.20,1.00
2010.05.10 03:35:05.811,1.37785,1.37805,1.00,1.00
2010.05.10 03:35:05.913,1.3778,1.37815,1.30,3.20
2010.05.10 03:35:06.411,1.37775,1.37815,1.00,1.60
2010.05.10 03:35:06.855,1.3777,1.37805,1.00,2.00
2010.05.10 03:35:07.201,1.3777,1.37805,1.00,1.20
2010.05.10 03:35:07.541,1.3777,1.37805,1.00,1.00
2010.05.10 03:35:07.760,1.3777,1.37805,1.00,1.60
2010.05.10 03:35:08.322,1.3777,1.37805,1.00,2.00
2010.05.10 03:35:10.940,1.37775,1.37805,1.60,1.00
2010.05.10 03:35:11.438,1.37775,1.3781,2.00,1.00
2010.05.10 03:35:13.659,1.3778,1.37815,1.00,2.00
2010.05.10 03:35:17.619,1.3778,1.37815,1.00,1.20
2010.05.10 03:35:17.698,1.3778,1.37815,1.00,1.00
2010.05.10 03:35:21.800,1.3779,1.3782,1.00,1.00
2010.05.10 03:35:22.151,1.37795,1.3783,1.00,1.00
2010.05.10 03:35:23.122,1.3779,1.37825,2.00,1.00
2010.05.10 03:35:23.361,1.3779,1.37825,1.00,1.00
2010.05.10 03:35:23.830,1.37785,1.3782,2.80,1.00
2010.05.10 03:35:24.072,1.37785,1.3782,2.00,1.00
2010.05.10 03:35:24.753,1.37785,1.3781,1.00,1.00
2010.05.10 03:35:25.058,1.37775,1.3781,3.30,1.00
2010.05.10 03:35:25.553,1.37775,1.37805,2.10,1.00
2010.05.10 03:35:26.166,1.3779,1.3782,1.00,1.00
2010.05.10 03:35:26.436,1.37785,1.37815,1.00,1.00
2010.05.10 03:35:37.593,1.37785,1.3782,1.00,2.00
2010.05.10 03:35:38.709,1.37785,1.3782,1.00,1.00
2010.05.10 03:35:46.449,1.37785,1.3782,1.00,1.60
2010.05.10 03:35:46.540,1.37785,1.3782,1.00,2.00
2010.05.10 03:35:50.474,1.378,1.3783,1.00,1.00
2010.05.10 03:35:50.803,1.3781,1.3783,1.00,1.00
2010.05.10 03:35:50.912,1.3781,1.37845,1.00,1.60
2010.05.10 03:35:51.020,1.3781,1.3785,1.00,1.00
2010.05.10 03:35:51.134,1.37805,1.37845,2.00,1.00
2010.05.10 03:35:51.637,1.3782,1.3785,1.60,1.00
2010.05.10 03:35:51.945,1.37825,1.3785,1.00,1.00
2010.05.10 03:35:52.253,1.37825,1.37855,1.00,1.00
2010.05.10 03:35:52.551,1.37825,1.37855,1.20,1.00
2010.05.10 03:35:57.199,1.37825,1.37855,2.80,1.00
2010.05.10 03:36:01.500,1.3783,1.3786,1.00,1.20
2010.05.10 03:36:01.662,1.3783,1.3786,1.20,1.00
2010.05.10 03:36:02.724,1.3783,1.37855,1.00,1.00
2010.05.10 03:36:09.480,1.3783,1.3786,2.80,1.20
2010.05.10 03:36:10.146,1.3783,1.3785,2.00,1.60
2010.05.10 03:36:10.332,1.3783,1.3785,1.60,2.00
2010.05.10 03:36:10.422,1.37825,1.3784,2.10,1.60
2010.05.10 03:36:10.977,1.37825,1.3784,1.00,1.60
2010.05.10 03:36:11.330,1.3781,1.3784,1.00,1.00
2010.05.10 03:36:11.674,1.37815,1.3784,1.00,1.00
2010.05.10 03:36:16.581,1.37805,1.3784,4.10,1.00
2010.05.10 03:36:16.773,1.37805,1.3784,3.30,1.00
2010.05.10 03:36:16.960,1.37805,1.3784,1.70,1.00
2010.05.10 03:36:17.151,1.37805,1.3784,1.70,1.00
2010.05.10 03:36:17.341,1.3781,1.3784,1.00,1.00
2010.05.10 03:36:18.228,1.3781,1.3784,1.60,1.00
2010.05.10 03:36:18.568,1.37825,1.3785,1.00,1.00
2010.05.10 03:36:18.721,1.37825,1.3786,1.20,2.00
2010.05.10 03:36:18.881,1.3783,1.3786,1.00,2.00
2010.05.10 03:36:19.490,1.3784,1.3786,1.00,1.00
2010.05.10 03:36:19.651,1.3784,1.3787,1.00,1.00
2010.05.10 03:36:19.841,1.37835,1.37865,1.20,1.00
2010.05.10 03:36:20.398,1.3784,1.3787,1.00,1.20
2010.05.10 03:36:20.586,1.37835,1.37865,1.20,1.00
2010.05.10 03:36:21.115,1.3785,1.3787,1.00,1.00
2010.05.10 03:36:21.464,1.3785,1.37875,1.00,1.00
2010.05.10 03:36:21.813,1.37855,1.379,1.20,1.00
2010.05.10 03:36:21.952,1.37855,1.37895,1.00,1.00
2010.05.10 03:36:30.039,1.3786,1.3789,1.00,1.00
2010.05.10 03:36:30.551,1.3785,1.37875,1.00,1.00
2010.05.10 03:36:30.686,1.3784,1.37875,1.00,1.00
2010.05.10 03:36:32.955,1.37835,1.3787,1.20,1.00
2010.05.10 03:36:33.961,1.3785,1.37875,1.00,2.00
2010.05.10 03:36:34.232,1.3785,1.37885,1.20,1.40
2010.05.10 03:36:34.371,1.3785,1.37885,1.20,1.00
2010.05.10 03:36:36.600,1.3785,1.3787,1.00,1.00
2010.05.10 03:36:36.740,1.3784,1.3787,1.60,1.00
2010.05.10 03:36:36.810,1.37835,1.3786,3.80,1.00
2010.05.10 03:36:37.250,1.37835,1.3786,2.20,1.00
2010.05.10 03:36:37.266,1.37835,1.3786,1.00,1.00
2010.05.10 03:36:37.347,1.37825,1.3786,2.00,1.20
2010.05.10 03:36:37.561,1.37825,1.3786,2.00,1.00
2010.05.10 03:36:38.171,1.37825,1.3786,3.60,1.00
2010.05.10 03:36:41.100,1.3783,1.37865,1.60,1.20
2010.05.10 03:36:41.501,1.3783,1.37865,4.10,1.00
2010.05.10 03:36:44.268,1.37815,1.3785,1.60,1.00
2010.05.10 03:36:44.885,1.37815,1.37855,2.00,2.40
2010.05.10 03:36:45.191,1.37815,1.37855,2.50,1.00
2010.05.10 03:36:46.516,1.3781,1.3784,1.20,1.00
2010.05.10 03:36:46.720,1.3781,1.3784,1.00,1.00
2010.05.10 03:36:47.121,1.37805,1.37825,2.80,1.00
2010.05.10 03:36:47.221,1.3779,1.37825,2.00,1.00
2010.05.10 03:36:47.621,1.3779,1.37825,1.00,1.00
2010.05.10 03:36:47.904,1.37795,1.3783,1.20,1.00
2010.05.10 03:36:48.576,1.37795,1.3783,1.00,1.00
2010.05.10 03:36:49.712,1.37805,1.37835,1.00,1.20
2010.05.10 03:36:49.971,1.37805,1.37835,1.00,1.00
2010.05.10 03:36:56.352,1.3781,1.3784,1.00,1.00
2010.05.10 03:36:56.574,1.3782,1.3785,1.00,2.40
2010.05.10 03:36:56.792,1.3782,1.3785,1.50,1.00
2010.05.10 03:37:00.242,1.3782,1.37835,1.00,1.00
2010.05.10 03:37:00.492,1.3781,1.37835,1.20,1.00
2010.05.10 03:37:00.743,1.37795,1.37835,2.40,1.00
2010.05.10 03:37:01.240,1.37795,1.37835,1.00,1.00
2010.05.10 03:37:01.953,1.37795,1.3783,3.60,1.00
2010.05.10 03:37:02.220,1.378,1.3783,1.00,1.00
2010.05.10 03:37:04.259,1.37795,1.37825,2.70,1.00
2010.05.10 03:37:04.473,1.37795,1.37825,1.00,1.00
2010.05.10 03:37:04.932,1.3779,1.37825,1.00,1.00
2010.05.10 03:37:05.145,1.3779,1.37825,1.30,1.00
2010.05.10 03:37:11.015,1.378,1.3783,1.00,1.00
2010.05.10 03:37:11.155,1.37805,1.37835,1.00,2.00
2010.05.10 03:37:11.638,1.37795,1.37825,2.70,1.00
2010.05.10 03:37:11.948,1.3779,1.37825,1.00,1.00
2010.05.10 03:37:12.241,1.3779,1.37825,1.00,2.00
2010.05.10 03:37:17.220,1.37795,1.37825,1.60,1.00
2010.05.10 03:37:17.360,1.37795,1.3783,3.60,1.00
2010.05.10 03:37:17.501,1.37805,1.3784,1.00,2.00
2010.05.10 03:37:21.985,1.37805,1.37835,1.00,1.00
2010.05.10 03:37:22.174,1.378,1.37835,1.90,2.40
2010.05.10 03:37:22.364,1.378,1.37825,1.00,1.00
2010.05.10 03:37:22.553,1.37795,1.37825,1.20,1.00
2010.05.10 03:37:24.313,1.37795,1.3782,1.20,1.00
2010.05.10 03:37:25.308,1.3779,1.3782,1.00,1.00
2010.05.10 03:37:30.390,1.37785,1.3782,1.00,1.00
2010.05.10 03:37:41.693,1.3779,1.3782,1.00,1.00
2010.05.10 03:37:48.711,1.37795,1.37825,1.00,2.00
2010.05.10 03:37:49.033,1.378,1.3783,1.00,1.00
2010.05.10 03:37:49.353,1.37805,1.37835,1.00,1.00
2010.05.10 03:37:49.693,1.378,1.37835,1.90,1.60
2010.05.10 03:37:50.507,1.378,1.37835,1.00,2.00
2010.05.10 03:37:52.802,1.37785,1.3782,2.10,2.00
2010.05.10 03:37:53.603,1.37785,1.3782,1.60,2.00
2010.05.10 03:37:55.074,1.3779,1.3782,1.60,1.00
2010.05.10 03:37:55.175,1.378,1.37835,1.00,1.00
2010.05.10 03:38:01.233,1.37815,1.3784,1.00,1.60
2010.05.10 03:38:01.503,1.3781,1.3784,1.00,1.00
2010.05.10 03:38:01.929,1.37805,1.3784,3.30,1.00
2010.05.10 03:38:02.839,1.37805,1.3784,2.80,1.00
2010.05.10 03:38:05.740,1.3782,1.37845,1.00,1.00
2010.05.10 03:38:05.932,1.37805,1.37835,1.00,1.00
2010.05.10 03:38:06.114,1.37815,1.37835,1.00,1.00
2010.05.10 03:38:06.292,1.3779,1.37835,1.00,1.00
2010.05.10 03:38:06.832,1.37785,1.37825,3.30,1.00
2010.05.10 03:38:07.385,1.37795,1.37825,1.50,1.00
2010.05.10 03:38:07.735,1.3779,1.37825,3.60,1.00
2010.05.10 03:38:16.800,1.3779,1.3782,2.00,1.00
2010.05.10 03:38:17.294,1.37785,1.3782,1.00,2.40
2010.05.10 03:38:17.457,1.37785,1.3782,1.00,1.00
2010.05.10 03:38:19.671,1.37785,1.37815,1.00,1.00
2010.05.10 03:38:20.150,1.37785,1.3782,1.00,1.20
2010.05.10 03:38:22.179,1.37785,1.37815,1.00,1.00
2010.05.10 03:38:22.991,1.37785,1.37815,1.00,1.00
2010.05.10 03:38:26.014,1.37785,1.37815,1.00,1.00
2010.05.10 03:38:26.260,1.37785,1.37815,1.00,1.00
2010.05.10 03:38:31.955,1.37785,1.37815,1.00,1.00
2010.05.10 03:38:32.310,1.3779,1.3782,1.00,1.00
2010.05.10 03:38:34.570,1.3779,1.3782,1.00,1.00
2010.05.10 03:38:36.499,1.37785,1.37815,1.00,1.00
2010.05.10 03:38:36.699,1.3778,1.37815,3.10,1.00
2010.05.10 03:38:38.789,1.3778,1.37815,3.10,1.00
2010.05.10 03:38:42.453,1.3778,1.3781,1.00,1.00
2010.05.10 03:38:42.783,1.37775,1.37805,1.00,1.00
2010.05.10 03:38:52.109,1.37775,1.37805,1.00,1.00
2010.05.10 03:38:53.369,1.37775,1.37805,1.00,1.00
2010.05.10 03:38:54.249,1.37775,1.37805,1.00,1.00
2010.05.10 03:38:56.581,1.37775,1.37795,1.00,1.00
2010.05.10 03:38:56.821,1.3777,1.37795,1.50,1.70
2010.05.10 03:38:57.063,1.3776,1.37795,1.30,2.00
2010.05.10 03:38:57.757,1.3776,1.37795,3.50,2.00
2010.05.10 03:39:01.323,1.3776,1.37795,1.90,2.00
2010.05.10 03:39:01.603,1.3776,1.37795,1.60,2.00
2010.05.10 03:39:01.885,1.37765,1.37795,1.00,1.00
2010.05.10 03:39:02.104,1.37765,1.378,3.50,1.00
2010.05.10 03:39:04.400,1.37775,1.37805,1.00,2.00
2010.05.10 03:39:04.600,1.37775,1.37805,1.90,1.60
2010.05.10 03:39:04.700,1.37775,1.3781,1.90,1.00
2010.05.10 03:39:04.800,1.37775,1.3781,3.50,1.00
2010.05.10 03:39:12.070,1.37775,1.3781,1.90,1.00
2010.05.10 03:39:12.202,1.37785,1.37815,1.00,3.60
2010.05.10 03:39:12.331,1.37785,1.37815,1.00,1.60
2010.05.10 03:39:12.462,1.37785,1.3782,1.00,3.60
2010.05.10 03:39:12.722,1.3779,1.3782,1.00,2.00
2010.05.10 03:39:13.152,1.3779,1.3782,1.00,1.60
2010.05.10 03:39:13.424,1.3779,1.37825,1.90,2.50
2010.05.10 03:39:13.942,1.3779,1.37825,1.90,2.40
2010.05.10 03:39:15.404,1.3779,1.3782,1.90,1.60
2010.05.10 03:39:15.570,1.3779,1.37825,1.90,2.40
2010.05.10 03:39:20.897,1.37765,1.3781,3.20,2.00
2010.05.10 03:39:21.143,1.37765,1.3781,2.40,2.00
2010.05.10 03:39:21.393,1.3777,1.37815,1.00,1.00
2010.05.10 03:39:29.731,1.3777,1.37805,1.00,1.60
2010.05.10 03:39:29.900,1.3777,1.37805,1.00,2.00
2010.05.10 03:39:33.149,1.3777,1.37805,2.40,2.00
2010.05.10 03:39:35.310,1.37775,1.37805,1.60,2.00
2010.05.10 03:39:35.410,1.37785,1.37805,1.00,1.00
2010.05.10 03:39:35.876,1.37785,1.37815,1.20,1.60
2010.05.10 03:39:35.987,1.37785,1.3782,1.00,3.60
2010.05.10 03:39:36.090,1.37785,1.3782,1.00,2.00
2010.05.10 03:39:40.320,1.3778,1.3781,2.00,1.00
2010.05.10 03:39:40.768,1.37775,1.37805,2.70,1.60
2010.05.10 03:39:40.915,1.3777,1.37805,2.40,2.00
2010.05.10 03:39:41.493,1.37785,1.3781,1.00,1.60
2010.05.10 03:39:41.773,1.37785,1.37805,1.60,1.00
2010.05.10 03:39:42.052,1.3778,1.37805,1.60,1.00
2010.05.10 03:39:42.517,1.37775,1.37805,2.40,1.00
2010.05.10 03:39:42.744,1.37775,1.37805,1.00,1.00
2010.05.10 03:39:42.970,1.37775,1.37805,2.40,1.00
2010.05.10 03:39:46.611,1.3778,1.3781,1.00,1.20
2010.05.10 03:39:46.700,1.3778,1.3781,1.00,1.00
2010.05.10 03:39:46.791,1.3778,1.3781,2.40,1.00
2010.05.10 03:39:48.361,1.37785,1.37815,1.00,2.80
2010.05.10 03:39:48.421,1.37785,1.37815,2.40,2.80
2010.05.10 03:39:48.480,1.37785,1.37815,2.40,2.40
2010.05.10 03:39:48.542,1.37785,1.3782,3.20,2.80
2010.05.10 03:39:48.701,1.37785,1.3782,3.60,2.40
2010.05.10 03:39:48.761,1.3779,1.37825,3.20,2.80
2010.05.10 03:39:48.980,1.3779,1.37825,3.20,1.20
2010.05.10 03:39:49.040,1.3779,1.37825,4.30,1.20
2010.05.10 03:39:49.103,1.37795,1.37825,1.60,1.00
2010.05.10 03:39:49.563,1.3779,1.37825,4.70,1.00
2010.05.10 03:39:53.720,1.3779,1.3782,3.10,1.00
2010.05.10 03:39:53.891,1.3779,1.37825,3.20,2.80
2010.05.10 03:39:54.060,1.3779,1.37825,3.60,1.00
2010.05.10 03:39:57.765,1.3779,1.37825,2.00,1.00
2010.05.10 03:39:57.876,1.37785,1.37815,3.10,1.60
2010.05.10 03:39:59.961,1.3779,1.37815,1.60,1.60
2010.05.10 03:40:00.131,1.3779,1.3782,2.50,2.10
2010.05.10 03:40:00.300,1.3779,1.3782,3.10,2.10
2010.05.10 03:40:01.674,1.3779,1.3782,3.10,2.00
2010.05.10 03:40:04.981,1.3779,1.3782,3.10,1.00
2010.05.10 03:40:05.909,1.378,1.37825,2.00,1.00
2010.05.10 03:40:06.541,1.378,1.3783,2.00,3.70
2010.05.10 03:40:07.504,1.378,1.37825,2.00,1.00
2010.05.10 03:40:08.340,1.378,1.3783,2.00,3.70
2010.05.10 03:40:08.839,1.378,1.37825,2.00,1.00
2010.05.10 03:40:09.463,1.378,1.3783,2.00,3.70
2010.05.10 03:40:10.620,1.378,1.37825,2.00,1.00
2010.05.10 03:40:14.299,1.378,1.37825,1.60,1.00
2010.05.10 03:40:15.048,1.37795,1.3781,1.00,1.00
2010.05.10 03:40:15.207,1.37795,1.3782,2.00,1.60
2010.05.10 03:40:15.365,1.37795,1.3782,2.50,1.60
2010.05.10 03:40:15.523,1.37795,1.37825,1.00,2.90
2010.05.10 03:40:15.683,1.3779,1.3782,1.70,2.40
2010.05.10 03:40:15.902,1.3779,1.3782,1.00,2.80
2010.05.10 03:40:16.620,1.3779,1.3782,1.00,2.90
2010.05.10 03:40:17.524,1.3779,1.3782,1.00,2.50
2010.05.10 03:40:18.154,1.3779,1.3781,1.00,1.00
2010.05.10 03:40:18.814,1.3779,1.3782,1.00,1.00
2010.05.10 03:40:19.153,1.3779,1.37825,2.00,2.40
2010.05.10 03:40:19.783,1.37795,1.37825,2.00,1.60
2010.05.10 03:40:20.131,1.37795,1.3783,2.00,2.40
2010.05.10 03:40:22.208,1.37795,1.3783,2.80,1.00
2010.05.10 03:40:24.066,1.37805,1.37835,1.00,3.60
2010.05.10 03:40:24.311,1.3781,1.3783,1.00,1.00
2010.05.10 03:40:24.580,1.378,1.3783,1.00,2.40
2010.05.10 03:40:25.102,1.37795,1.3783,2.00,2.40
2010.05.10 03:40:31.431,1.37805,1.3783,1.00,1.60
2010.05.10 03:40:31.827,1.378,1.3783,1.00,2.40
2010.05.10 03:40:32.133,1.37795,1.3783,2.00,2.40
2010.05.10 03:40:32.912,1.37805,1.3783,1.00,1.60
2010.05.10 03:40:33.093,1.37805,1.37835,1.00,1.60
2010.05.10 03:40:36.649,1.378,1.3783,1.00,2.80
2010.05.10 03:40:36.902,1.37795,1.3783,2.00,2.80
2010.05.10 03:40:37.101,1.37795,1.3783,2.40,2.40
2010.05.10 03:40:39.934,1.37805,1.3783,1.00,1.60
2010.05.10 03:40:40.275,1.37805,1.37835,1.00,1.60
2010.05.10 03:40:43.073,1.3781,1.37835,1.00,1.60
2010.05.10 03:40:43.559,1.3781,1.3784,1.00,3.60
2010.05.10 03:40:43.747,1.37795,1.3783,1.00,4.00
2010.05.10 03:40:45.763,1.3779,1.37825,2.10,1.00
2010.05.10 03:40:46.003,1.3779,1.37825,1.30,2.40
2010.05.10 03:40:46.649,1.37785,1.3782,1.70,1.00
2010.05.10 03:40:46.897,1.3779,1.3782,1.00,1.60
2010.05.10 03:40:47.215,1.37785,1.3782,1.00,2.40
2010.05.10 03:40:50.955,1.3778,1.37805,1.00,1.00
2010.05.10 03:40:51.187,1.3779,1.3782,2.00,1.60
2010.05.10 03:40:53.176,1.3779,1.37815,2.00,1.60
2010.05.10 03:40:55.021,1.378,1.3782,1.00,1.60
2010.05.10 03:40:55.679,1.37815,1.3782,1.00,1.60
2010.05.10 03:40:55.889,1.3781,1.37835,1.00,2.50
2010.05.10 03:40:56.054,1.37795,1.37825,1.00,1.00
2010.05.10 03:40:56.224,1.378,1.37825,1.00,1.60
2010.05.10 03:40:56.911,1.3779,1.37825,2.50,1.00
2010.05.10 03:40:57.082,1.3779,1.37825,2.00,1.00
2010.05.10 03:40:59.021,1.37795,1.3783,1.60,2.80
2010.05.10 03:40:59.793,1.37795,1.3783,2.00,1.00
2010.05.10 03:41:00.350,1.37795,1.3783,2.40,1.00
2010.05.10 03:41:00.636,1.37805,1.37835,1.00,1.60
2010.05.10 03:41:00.894,1.37805,1.3783,1.00,1.60
2010.05.10 03:41:02.305,1.3782,1.3787,2.00,4.00
2010.05.10 03:41:02.584,1.3783,1.3787,1.00,1.60
2010.05.10 03:41:02.862,1.3783,1.3788,1.00,3.60
2010.05.10 03:41:03.031,1.3783,1.37875,1.30,1.60
2010.05.10 03:41:03.203,1.37845,1.37875,1.00,1.60
2010.05.10 03:41:03.611,1.3785,1.3787,1.00,1.60
2010.05.10 03:41:05.576,1.3785,1.37875,1.00,1.60
2010.05.10 03:41:09.862,1.37855,1.3788,2.00,1.60
2010.05.10 03:41:10.032,1.37855,1.37885,2.00,1.60
2010.05.10 03:41:10.203,1.37855,1.3789,2.00,2.40
2010.05.10 03:41:11.389,1.37855,1.3789,2.00,4.00
2010.05.10 03:41:11.560,1.37855,1.3789,2.00,2.40
2010.05.10 03:41:16.389,1.37855,1.37885,1.00,1.00
2010.05.10 03:41:16.561,1.3785,1.37885,2.50,2.40
2010.05.10 03:41:16.732,1.3785,1.37885,2.00,2.40
2010.05.10 03:41:17.631,1.3785,1.3787,1.00,1.00
2010.05.10 03:41:17.854,1.37845,1.3787,1.00,1.00
2010.05.10 03:41:18.277,1.37835,1.3787,1.00,1.00
2010.05.10 03:41:18.518,1.37835,1.37875,2.00,2.40
2010.05.10 03:41:18.759,1.37835,1.37865,2.00,1.60
2010.05.10 03:41:19.387,1.37835,1.3787,2.00,1.00
2010.05.10 03:41:21.484,1.37845,1.37875,1.00,3.20
2010.05.10 03:41:21.723,1.37845,1.37875,1.00,1.60
2010.05.10 03:41:22.043,1.37845,1.3788,1.00,5.20
2010.05.10 03:41:23.685,1.37845,1.3787,1.00,1.00
2010.05.10 03:41:23.852,1.37845,1.37875,1.00,1.70
2010.05.10 03:41:24.591,1.37835,1.3787,2.00,1.00
2010.05.10 03:41:25.208,1.37835,1.3787,2.00,2.50
2010.05.10 03:41:28.499,1.37845,1.3787,1.00,1.70
2010.05.10 03:41:28.946,1.37845,1.37875,1.00,1.70
2010.05.10 03:41:29.129,1.37845,1.3787,1.00,1.60
2010.05.10 03:41:30.204,1.37845,1.37875,1.00,1.60
2010.05.10 03:41:30.591,1.37845,1.3788,1.00,5.20
2010.05.10 03:41:32.326,1.37845,1.37875,1.00,1.60
2010.05.10 03:41:35.689,1.3785,1.37875,1.60,1.60
2010.05.10 03:41:35.851,1.3785,1.37885,2.00,2.50
2010.05.10 03:41:36.011,1.3785,1.37885,2.00,2.40
2010.05.10 03:41:36.613,1.3785,1.37885,2.00,1.00
2010.05.10 03:41:43.249,1.37855,1.3789,1.60,2.80
2010.05.10 03:41:43.361,1.37855,1.3789,2.00,3.00
2010.05.10 03:41:43.470,1.37855,1.3789,1.20,3.00
2010.05.10 03:41:43.875,1.37855,1.3789,1.20,2.40
2010.05.10 03:41:44.185,1.37855,1.3789,1.00,1.00
2010.05.10 03:41:47.220,1.37865,1.37895,1.00,1.00
2010.05.10 03:41:47.566,1.3788,1.3793,1.00,2.40
2010.05.10 03:41:47.778,1.37895,1.37925,1.00,1.60
2010.05.10 03:41:48.478,1.3788,1.3793,1.00,2.40
2010.05.10 03:41:49.004,1.3789,1.3792,1.00,2.40
2010.05.10 03:41:49.323,1.3789,1.37915,1.00,1.60
2010.05.10 03:41:53.546,1.3788,1.3791,1.00,2.40
2010.05.10 03:41:56.034,1.37875,1.37905,1.00,1.00
2010.05.10 03:41:56.245,1.3787,1.37905,1.90,2.40
2010.05.10 03:41:57.026,1.37865,1.37895,1.70,2.40
2010.05.10 03:41:57.856,1.3786,1.3789,1.00,1.00
2010.05.10 03:41:58.460,1.37855,1.3789,1.00,1.00
2010.05.10 03:42:01.618,1.37865,1.37895,1.00,1.00
2010.05.10 03:42:01.944,1.37865,1.37895,1.70,1.00
2010.05.10 03:42:02.274,1.37865,1.37895,1.30,1.00
2010.05.10 03:42:03.844,1.3787,1.379,1.00,1.60
2010.05.10 03:42:03.954,1.3787,1.37905,1.00,1.00
2010.05.10 03:42:05.665,1.3788,1.3791,1.00,2.10
2010.05.10 03:42:06.082,1.3788,1.3791,1.00,1.70
2010.05.10 03:42:06.278,1.37895,1.3791,1.00,1.00
2010.05.10 03:42:06.456,1.37885,1.37905,1.60,1.00
2010.05.10 03:42:07.009,1.3787,1.37905,1.00,1.00
2010.05.10 03:42:08.843,1.3788,1.3791,1.00,1.00
2010.05.10 03:42:09.321,1.37885,1.3791,1.00,1.00
2010.05.10 03:42:09.561,1.37885,1.3792,1.00,1.00
2010.05.10 03:42:12.785,1.37885,1.3792,1.00,2.40
2010.05.10 03:42:13.709,1.3788,1.3791,1.70,1.00
2010.05.10 03:42:14.057,1.3788,1.3791,1.00,1.00
2010.05.10 03:42:15.127,1.37885,1.37915,1.00,1.00
2010.05.10 03:42:16.545,1.37885,1.3792,1.00,1.00
2010.05.10 03:42:17.148,1.37885,1.3792,1.00,2.40
2010.05.10 03:42:21.612,1.37885,1.3792,1.00,1.00
2010.05.10 03:42:22.012,1.37885,1.3792,1.00,2.40
2010.05.10 03:42:25.796,1.37895,1.3792,1.00,1.60
2010.05.10 03:42:25.882,1.379,1.3792,1.00,1.60
2010.05.10 03:42:26.041,1.379,1.3793,1.00,3.70
2010.05.10 03:42:26.122,1.37895,1.37925,1.00,1.00
2010.05.10 03:42:26.443,1.3789,1.37915,1.00,1.00
2010.05.10 03:42:26.830,1.3789,1.37915,1.00,1.00
2010.05.10 03:42:27.177,1.3788,1.37915,3.10,1.00
2010.05.10 03:42:34.241,1.3788,1.37915,2.30,1.00
2010.05.10 03:42:34.361,1.3788,1.37915,1.90,1.00
2010.05.10 03:42:39.171,1.3788,1.3791,1.00,2.00
2010.05.10 03:42:39.341,1.3788,1.379,1.00,1.00
2010.05.10 03:42:39.391,1.3787,1.379,1.00,1.00
2010.05.10 03:42:40.138,1.37875,1.3791,1.00,3.60
2010.05.10 03:42:43.820,1.3787,1.379,1.40,1.00
2010.05.10 03:42:43.881,1.37865,1.379,3.40,1.00
2010.05.10 03:42:43.940,1.37865,1.379,1.80,1.00
2010.05.10 03:42:44.242,1.3787,1.37905,1.00,1.20
2010.05.10 03:42:44.300,1.3787,1.37905,1.00,1.00
2010.05.10 03:42:52.932,1.37875,1.37905,1.00,1.00
2010.05.10 03:42:53.276,1.3788,1.3791,1.00,1.00
2010.05.10 03:43:04.290,1.37885,1.37915,1.00,2.00
2010.05.10 03:43:04.421,1.37885,1.37915,1.00,1.00
2010.05.10 03:43:04.552,1.37885,1.3792,1.00,2.40
2010.05.10 03:43:04.942,1.37895,1.3792,1.00,1.60
2010.05.10 03:43:05.639,1.3789,1.37925,1.00,2.40
2010.05.10 03:43:08.022,1.3789,1.37925,2.40,1.00
2010.05.10 03:43:08.731,1.379,1.3793,1.00,1.00
2010.05.10 03:43:09.469,1.3791,1.37935,1.00,2.00
2010.05.10 03:43:09.654,1.3791,1.37945,1.00,2.40
2010.05.10 03:43:09.824,1.3791,1.37945,1.60,2.40
2010.05.10 03:43:10.164,1.3791,1.37945,2.00,2.40
2010.05.10 03:43:11.212,1.3792,1.37945,1.00,1.60
2010.05.10 03:43:11.386,1.3792,1.3795,1.00,2.00
2010.05.10 03:43:11.945,1.3791,1.37945,3.00,2.40
2010.05.10 03:43:12.298,1.3791,1.37945,2.00,1.00
2010.05.10 03:43:13.694,1.3791,1.37945,2.00,2.40
2010.05.10 03:43:15.683,1.3791,1.3794,2.00,1.60
2010.05.10 03:43:17.492,1.379,1.3793,1.20,4.10
2010.05.10 03:43:17.664,1.37895,1.37925,2.60,1.60
2010.05.10 03:43:18.433,1.3789,1.37925,1.00,3.20
2010.05.10 03:43:18.584,1.3789,1.3792,1.00,1.60
2010.05.10 03:43:19.180,1.3789,1.37925,1.00,4.80
2010.05.10 03:43:20.023,1.37895,1.37925,1.60,2.40
2010.05.10 03:43:20.673,1.3791,1.3794,2.00,1.60
2010.05.10 03:43:20.872,1.3791,1.37945,2.00,2.40
2010.05.10 03:43:27.122,1.37925,1.37945,2.00,1.60
2010.05.10 03:43:27.291,1.37925,1.37955,2.00,1.60
2010.05.10 03:43:36.369,1.37935,1.37955,1.00,1.00
2010.05.10 03:43:36.437,1.37925,1.3796,1.30,1.00
2010.05.10 03:43:36.501,1.37925,1.3796,1.30,2.40
2010.05.10 03:43:36.621,1.37925,1.37955,1.30,3.20
2010.05.10 03:43:36.683,1.37925,1.3795,1.00,1.00
2010.05.10 03:43:36.802,1.37925,1.3795,1.00,2.40
2010.05.10 03:43:37.040,1.3792,1.3795,1.30,2.40
2010.05.10 03:43:37.633,1.3792,1.3795,1.30,1.00
2010.05.10 03:43:37.976,1.3792,1.3795,1.30,2.40
2010.05.10 03:43:39.401,1.37935,1.3795,1.00,1.60
2010.05.10 03:43:39.512,1.37935,1.37955,1.00,2.00
2010.05.10 03:43:39.622,1.37935,1.3796,1.00,1.60
2010.05.10 03:43:40.360,1.3793,1.3796,1.00,2.40
2010.05.10 03:43:40.684,1.37925,1.3796,1.00,2.40
2010.05.10 03:43:47.669,1.37925,1.3796,1.00,4.00
2010.05.10 03:43:48.600,1.3793,1.3796,1.00,4.00
2010.05.10 03:43:48.781,1.37935,1.3796,1.00,3.20
2010.05.10 03:43:48.842,1.37935,1.3796,1.00,1.60
2010.05.10 03:43:48.931,1.37935,1.37965,1.00,2.40
2010.05.10 03:43:49.394,1.37935,1.37965,1.00,1.00
2010.05.10 03:43:50.364,1.3795,1.37975,1.00,1.00
2010.05.10 03:43:50.582,1.3795,1.3798,1.00,2.40
2010.05.10 03:43:51.222,1.37945,1.37975,1.00,1.00
2010.05.10 03:43:51.302,1.3794,1.37975,1.00,2.40
2010.05.10 03:43:51.901,1.3794,1.37975,1.00,3.60
2010.05.10 03:43:53.133,1.37945,1.3798,2.00,3.00
2010.05.10 03:43:53.383,1.37945,1.3798,2.00,2.40
2010.05.10 03:43:53.632,1.37945,1.37975,1.60,1.00
2010.05.10 03:43:53.830,1.37945,1.37975,2.00,1.60
2010.05.10 03:43:53.931,1.37945,1.3798,2.00,2.40
2010.05.10 03:43:54.031,1.37945,1.3798,2.00,1.00
2010.05.10 03:43:54.232,1.37945,1.37975,1.00,1.60
2010.05.10 03:43:54.332,1.37945,1.37975,1.00,3.20
2010.05.10 03:43:54.430,1.3794,1.37975,1.00,3.60
2010.05.10 03:43:56.763,1.37945,1.37975,1.60,2.00
2010.05.10 03:43:56.913,1.3795,1.37975,1.00,2.00
2010.05.10 03:43:57.063,1.3795,1.37975,1.00,1.00
2010.05.10 03:43:57.211,1.3795,1.3798,1.00,2.40
2010.05.10 03:44:00.180,1.37945,1.37975,1.00,1.00
2010.05.10 03:44:00.320,1.37945,1.37975,1.00,2.40
2010.05.10 03:44:00.463,1.37955,1.37985,1.00,1.60
2010.05.10 03:44:00.693,1.37955,1.3799,1.00,4.60
2010.05.10 03:44:00.921,1.37955,1.3799,1.00,4.00
2010.05.10 03:44:01.153,1.37965,1.37995,1.00,1.00
2010.05.10 03:44:01.381,1.3796,1.37995,2.30,1.00
2010.05.10 03:44:01.612,1.3796,1.37995,2.00,1.00
2010.05.10 03:44:03.574,1.3797,1.38005,1.00,5.20
2010.05.10 03:44:03.772,1.3797,1.38005,1.00,5.30
2010.05.10 03:44:03.972,1.3797,1.38005,1.00,5.20
2010.05.10 03:44:04.172,1.3797,1.38005,1.00,3.60
2010.05.10 03:44:05.428,1.37985,1.3801,1.00,1.00
2010.05.10 03:44:06.331,1.37985,1.3802,1.20,3.20
2010.05.10 03:44:06.614,1.37985,1.3802,1.00,3.60
2010.05.10 03:44:07.173,1.3799,1.3802,1.00,3.60
2010.05.10 03:44:07.453,1.37985,1.38015,1.00,1.60
2010.05.10 03:44:07.734,1.37985,1.3802,1.00,3.60
2010.05.10 03:44:08.448,1.37985,1.3802,1.20,3.20
2010.05.10 03:44:08.625,1.3799,1.3802,1.00,1.60
2010.05.10 03:44:08.802,1.3799,1.38025,1.00,1.00
2010.05.10 03:44:09.653,1.37995,1.3803,1.20,1.60
2010.05.10 03:44:10.606,1.37985,1.3802,1.70,1.00
2010.05.10 03:44:13.310,1.37985,1.38005,1.00,1.00
2010.05.10 03:44:14.662,1.37985,1.38015,1.00,3.20
2010.05.10 03:44:15.216,1.3798,1.38015,1.00,3.20
2010.05.10 03:44:15.740,1.3798,1.38015,1.00,1.60
2010.05.10 03:44:18.332,1.37985,1.3802,1.00,1.20
2010.05.10 03:44:18.461,1.37985,1.3802,1.00,1.00
2010.05.10 03:44:18.936,1.37985,1.38005,2.10,1.00
2010.05.10 03:44:19.001,1.37985,1.38005,1.00,1.00
2010.05.10 03:44:19.073,1.37975,1.38005,1.70,1.00
2010.05.10 03:44:19.142,1.37975,1.38005,1.60,1.00
2010.05.10 03:44:19.574,1.3797,1.38005,2.90,1.00
2010.05.10 03:44:19.873,1.3797,1.38005,1.30,1.00
2010.05.10 03:44:20.474,1.37985,1.38015,1.30,1.60
2010.05.10 03:44:20.683,1.37985,1.3802,1.30,2.40
2010.05.10 03:44:21.496,1.3798,1.3801,1.00,1.00
2010.05.10 03:44:22.511,1.37995,1.38015,1.00,2.00
2010.05.10 03:44:22.763,1.37995,1.38015,1.00,1.60
2010.05.10 03:44:23.012,1.3798,1.38015,1.00,1.60
2010.05.10 03:44:23.262,1.37975,1.38015,1.00,1.60
2010.05.10 03:44:26.060,1.3798,1.38015,1.00,1.70
2010.05.10 03:44:26.290,1.3798,1.38015,1.00,1.60
2010.05.10 03:44:26.500,1.3798,1.38015,1.00,1.70
2010.05.10 03:44:27.452,1.3798,1.38005,1.00,1.00
2010.05.10 03:44:27.673,1.3798,1.38015,1.00,1.70
2010.05.10 03:44:28.071,1.37975,1.38005,1.00,1.00
2010.05.10 03:44:28.210,1.3797,1.38005,1.70,1.00
2010.05.10 03:44:28.911,1.37975,1.38005,1.00,1.00
2010.05.10 03:44:29.072,1.37975,1.38005,1.00,1.00
2010.05.10 03:44:29.546,1.37975,1.38005,1.00,1.00
2010.05.10 03:44:29.720,1.3798,1.38015,1.00,1.00
2010.05.10 03:44:33.945,1.37985,1.38015,1.00,1.00
2010.05.10 03:44:34.031,1.37985,1.3802,1.00,4.80
2010.05.10 03:44:34.269,1.37985,1.3802,1.00,3.20
2010.05.10 03:44:34.390,1.37985,1.3802,1.00,1.60
2010.05.10 03:44:36.422,1.37985,1.38015,1.00,1.00
2010.05.10 03:44:36.811,1.3799,1.38025,1.00,2.80
2010.05.10 03:44:36.943,1.3799,1.3802,1.00,1.60
2010.05.10 03:44:37.071,1.3799,1.3802,1.30,1.60
2010.05.10 03:44:38.174,1.3799,1.38015,1.00,1.00
2010.05.10 03:44:38.231,1.37985,1.38015,1.20,1.00
2010.05.10 03:44:38.713,1.37975,1.3801,1.70,1.00
2010.05.10 03:44:38.831,1.37975,1.3801,1.20,1.00
2010.05.10 03:44:38.954,1.3797,1.38005,2.50,1.00
2010.05.10 03:44:39.648,1.3797,1.38005,2.00,1.00
2010.05.10 03:44:40.211,1.3797,1.38,1.00,1.60
2010.05.10 03:44:40.503,1.37965,1.38,1.00,1.60
2010.05.10 03:44:40.982,1.37965,1.37995,1.00,1.00
2010.05.10 03:44:45.051,1.37955,1.3798,1.00,1.00
2010.05.10 03:44:45.506,1.37945,1.3798,1.90,1.00
2010.05.10 03:44:45.647,1.3796,1.37985,1.60,1.00
2010.05.10 03:44:45.946,1.37945,1.3798,2.70,1.00
2010.05.10 03:44:46.245,1.3794,1.37975,2.40,1.00
2010.05.10 03:44:46.833,1.3795,1.3798,1.00,1.20
2010.05.10 03:44:47.054,1.37955,1.3799,1.00,1.00
2010.05.10 03:44:47.768,1.37955,1.3799,1.00,1.60
2010.05.10 03:44:48.252,1.37955,1.3799,1.00,2.00
2010.05.10 03:44:48.575,1.3796,1.37995,2.40,1.00
2010.05.10 03:44:49.238,1.3796,1.37985,1.60,1.00
2010.05.10 03:44:49.550,1.37955,1.37985,1.00,1.00
2010.05.10 03:44:51.071,1.3795,1.37985,1.50,1.00
2010.05.10 03:44:51.202,1.3795,1.37985,1.20,1.00
2010.05.10 03:44:51.240,1.3795,1.3798,1.00,1.60
2010.05.10 03:44:51.313,1.37945,1.3798,3.20,2.00
2010.05.10 03:44:51.886,1.37945,1.3798,2.40,2.00
2010.05.10 03:44:52.086,1.3795,1.3798,1.00,1.00
2010.05.10 03:44:52.282,1.3795,1.37985,1.20,1.00
2010.05.10 03:44:54.429,1.3795,1.3798,1.00,1.60
2010.05.10 03:44:54.566,1.37945,1.3798,1.00,2.00
2010.05.10 03:44:54.961,1.37945,1.3798,2.40,2.00
2010.05.10 03:44:55.192,1.3795,1.3798,1.00,1.00
2010.05.10 03:44:55.421,1.3795,1.37985,1.20,1.00
2010.05.10 03:44:56.973,1.3795,1.3798,1.00,1.60
2010.05.10 03:44:57.664,1.37945,1.3798,1.00,2.00
2010.05.10 03:44:57.861,1.37945,1.3798,2.40,2.00
2010.05.10 03:44:58.711,1.3795,1.37985,1.20,1.00
2010.05.10 03:45:00.833,1.37955,1.37985,1.00,1.00
2010.05.10 03:45:00.994,1.3796,1.37995,1.00,2.00
2010.05.10 03:45:01.153,1.3796,1.37995,1.00,3.60
2010.05.10 03:45:01.474,1.3796,1.37995,1.00,2.00
2010.05.10 03:45:02.053,1.37955,1.37985,1.00,1.00
2010.05.10 03:45:02.343,1.3795,1.37985,1.20,1.00
2010.05.10 03:45:05.972,1.3795,1.3798,1.00,1.00
2010.05.10 03:45:06.162,1.37945,1.3798,1.60,2.00
2010.05.10 03:45:08.962,1.37945,1.3798,3.20,2.00
2010.05.10 03:45:13.671,1.37945,1.3798,3.20,1.60
2010.05.10 03:45:18.581,1.37945,1.37975,3.20,1.00
2010.05.10 03:45:18.610,1.37945,1.37975,2.40,1.00
2010.05.10 03:45:19.040,1.37945,1.37975,1.60,1.00
2010.05.10 03:45:19.340,1.37945,1.3797,1.60,1.00
2010.05.10 03:45:20.127,1.37935,1.3797,2.50,1.00
2010.05.10 03:45:20.402,1.37935,1.3797,2.40,1.00
2010.05.10 03:45:22.002,1.37935,1.3797,1.00,1.00
2010.05.10 03:45:22.752,1.37935,1.3797,2.40,1.00
2010.05.10 03:45:23.721,1.37935,1.37965,1.60,1.60
2010.05.10 03:45:23.963,1.3793,1.37965,1.00,2.00
2010.05.10 03:45:24.851,1.3793,1.37965,2.40,2.00
2010.05.10 03:45:26.044,1.37935,1.3797,2.40,1.00
2010.05.10 03:45:39.103,1.37935,1.37965,1.60,2.00
2010.05.10 03:45:39.181,1.3793,1.37965,2.40,2.00
2010.05.10 03:45:42.197,1.37935,1.37965,1.60,2.00
2010.05.10 03:45:42.380,1.3793,1.37965,2.40,2.00
2010.05.10 03:45:45.523,1.37935,1.37965,1.00,1.00
2010.05.10 03:45:46.021,1.3794,1.37965,1.60,1.00
2010.05.10 03:45:46.166,1.37935,1.3797,2.40,1.00
2010.05.10 03:45:46.301,1.3793,1.37965,3.10,1.00
2010.05.10 03:45:46.581,1.3793,1.37965,3.20,1.00
2010.05.10 03:45:48.861,1.3793,1.37965,1.60,1.00
2010.05.10 03:45:49.810,1.37925,1.37955,2.00,1.00
2010.05.10 03:45:50.158,1.3792,1.37955,3.60,1.00
2010.05.10 03:45:51.958,1.3792,1.37955,2.00,1.00
2010.05.10 03:45:57.280,1.3792,1.37955,2.00,2.40
2010.05.10 03:45:57.617,1.3792,1.3794,1.20,1.00
2010.05.10 03:45:58.401,1.3791,1.3794,1.60,1.00
2010.05.10 03:46:00.472,1.3791,1.37935,1.00,1.00
2010.05.10 03:46:00.633,1.37905,1.37935,1.00,1.00
2010.05.10 03:46:00.864,1.37905,1.37925,1.00,1.00
2010.05.10 03:46:01.457,1.37895,1.37925,3.20,1.00
2010.05.10 03:46:03.215,1.37895,1.37925,1.60,1.00
2010.05.10 03:46:04.993,1.37895,1.37925,1.00,1.00
2010.05.10 03:46:05.254,1.37885,1.3792,2.00,1.60
2010.05.10 03:46:05.514,1.37885,1.3792,1.00,2.00
2010.05.10 03:46:07.332,1.3788,1.37915,1.50,1.60
2010.05.10 03:46:08.197,1.3787,1.37905,3.20,1.60
2010.05.10 03:46:09.541,1.3787,1.37905,1.60,1.60
2010.05.10 03:46:10.432,1.3787,1.379,1.00,1.60
2010.05.10 03:46:11.145,1.37865,1.37895,1.60,1.00
2010.05.10 03:46:11.635,1.37865,1.37895,1.60,1.60
2010.05.10 03:46:12.277,1.3786,1.37895,3.20,1.60
2010.05.10 03:46:20.475,1.3786,1.37895,1.60,1.60
2010.05.10 03:46:23.001,1.3786,1.37895,1.60,1.70
2010.05.10 03:46:25.192,1.3786,1.37895,1.60,1.60
2010.05.10 03:46:26.513,1.3786,1.37895,1.60,1.70
2010.05.10 03:46:27.424,1.3786,1.3788,1.00,1.60
2010.05.10 03:46:27.633,1.37845,1.3787,2.70,1.00
2010.05.10 03:46:28.227,1.37845,1.3788,3.20,1.60
2010.05.10 03:46:30.202,1.3786,1.3789,1.00,3.60
2010.05.10 03:46:30.292,1.3786,1.3789,1.10,1.00
2010.05.10 03:46:30.532,1.3786,1.37895,1.10,1.60
2010.05.10 03:46:32.231,1.3786,1.37885,1.00,1.00
2010.05.10 03:46:32.414,1.37855,1.3788,1.00,1.00
2010.05.10 03:46:32.665,1.3785,1.37875,1.00,1.00
2010.05.10 03:46:32.915,1.3784,1.37875,3.20,1.00
2010.05.10 03:46:33.378,1.3784,1.3787,1.60,1.00
2010.05.10 03:46:34.453,1.37835,1.3787,2.00,1.00
2010.05.10 03:46:34.874,1.37835,1.37865,1.00,2.00
2010.05.10 03:46:35.083,1.3783,1.37855,1.00,1.00
2010.05.10 03:46:40.837,1.3783,1.37855,1.00,1.00
2010.05.10 03:46:41.432,1.3783,1.3784,1.00,1.00
2010.05.10 03:46:41.612,1.37795,1.3784,2.90,1.00
2010.05.10 03:46:41.955,1.3781,1.37845,1.00,1.00
2010.05.10 03:46:42.134,1.3781,1.37855,1.60,1.30
2010.05.10 03:46:42.304,1.3781,1.37855,1.60,1.20
2010.05.10 03:46:42.812,1.3782,1.37855,1.60,1.00
2010.05.10 03:46:45.207,1.3782,1.37845,1.30,1.00
2010.05.10 03:46:45.541,1.3782,1.37855,1.10,1.00
2010.05.10 03:46:48.597,1.3782,1.37845,1.00,1.00
2010.05.10 03:46:48.798,1.3782,1.37855,1.00,1.00
2010.05.10 03:46:48.993,1.3782,1.37855,1.30,1.00
2010.05.10 03:46:50.801,1.37825,1.3783,3.30,1.00
2010.05.10 03:46:51.078,1.3782,1.3783,1.00,1.00
2010.05.10 03:46:51.348,1.37785,1.3784,3.70,1.00
2010.05.10 03:46:52.266,1.37785,1.3782,1.00,1.00
2010.05.10 03:46:54.060,1.378,1.3783,1.00,1.00
2010.05.10 03:46:55.605,1.378,1.37835,1.60,1.20
2010.05.10 03:46:55.826,1.37805,1.3784,1.60,1.20
2010.05.10 03:46:56.449,1.3781,1.3784,1.00,1.00
2010.05.10 03:46:57.813,1.37805,1.37835,1.00,1.60
2010.05.10 03:46:58.136,1.37805,1.37835,1.00,1.60
2010.05.10 03:46:58.452,1.378,1.37835,1.00,2.00
2010.05.10 03:47:00.173,1.378,1.37835,1.00,2.10
2010.05.10 03:47:01.906,1.37805,1.37835,1.00,1.20
2010.05.10 03:47:02.012,1.3781,1.37835,1.00,1.00
2010.05.10 03:47:02.112,1.3781,1.3784,1.00,2.80
2010.05.10 03:47:02.411,1.3781,1.3784,1.00,1.20
2010.05.10 03:47:02.511,1.3781,1.3784,1.00,1.00
2010.05.10 03:47:02.612,1.37815,1.37845,1.00,2.90
2010.05.10 03:47:02.713,1.37815,1.37845,1.00,2.80
2010.05.10 03:47:02.812,1.3781,1.3783,1.00,1.00
2010.05.10 03:47:03.154,1.37805,1.3783,1.00,1.00
2010.05.10 03:47:03.889,1.378,1.37835,2.00,1.00
2010.05.10 03:47:04.132,1.37815,1.3784,1.20,1.00
2010.05.10 03:47:04.262,1.37815,1.3784,2.00,1.00
2010.05.10 03:47:04.391,1.37815,1.3785,2.00,2.80
2010.05.10 03:47:07.043,1.3782,1.3785,1.00,2.00
2010.05.10 03:47:07.220,1.3782,1.3785,1.20,1.60
2010.05.10 03:47:07.534,1.37825,1.3785,1.00,1.60
2010.05.10 03:47:08.188,1.37825,1.37855,1.00,2.80
2010.05.10 03:47:08.363,1.3782,1.3785,2.00,1.60
2010.05.10 03:47:10.772,1.37825,1.37855,1.60,2.00
2010.05.10 03:47:11.226,1.3783,1.37855,1.00,1.60
2010.05.10 03:47:11.519,1.3783,1.3786,2.00,1.60
2010.05.10 03:47:11.583,1.37835,1.3786,1.00,1.60
2010.05.10 03:47:11.711,1.37835,1.3786,1.60,1.60
2010.05.10 03:47:11.783,1.37835,1.37865,1.60,2.10
2010.05.10 03:47:13.173,1.37835,1.37865,1.00,2.10
2010.05.10 03:47:14.382,1.37835,1.3786,1.00,1.00
2010.05.10 03:47:14.642,1.37835,1.37865,1.00,2.00
2010.05.10 03:47:14.773,1.37835,1.3786,1.00,1.60
2010.05.10 03:47:14.903,1.3783,1.3786,1.00,1.60
2010.05.10 03:47:15.307,1.3783,1.37865,1.00,1.60
2010.05.10 03:47:15.656,1.3783,1.37865,1.00,1.70
2010.05.10 03:47:18.252,1.3783,1.3786,1.00,1.00
2010.05.10 03:47:18.370,1.3783,1.3786,1.00,1.70
2010.05.10 03:47:19.755,1.37825,1.3786,1.00,1.70
2010.05.10 03:47:19.995,1.3782,1.3785,1.00,1.60
2010.05.10 03:47:20.534,1.37815,1.3785,1.00,1.60
2010.05.10 03:47:22.067,1.3783,1.3786,1.00,1.70
2010.05.10 03:47:22.242,1.3783,1.37855,1.00,1.60
2010.05.10 03:47:22.452,1.3782,1.37855,1.00,1.60
2010.05.10 03:47:24.704,1.37805,1.3785,1.00,3.60
2010.05.10 03:47:24.832,1.37805,1.37845,1.00,1.00
2010.05.10 03:47:25.223,1.37805,1.37835,1.00,1.00
2010.05.10 03:47:25.354,1.37805,1.37835,1.00,2.10
2010.05.10 03:47:25.484,1.37795,1.37835,2.40,2.10
2010.05.10 03:47:25.613,1.37795,1.37835,1.00,2.10
2010.05.10 03:47:26.510,1.37795,1.37835,2.40,2.10
2010.05.10 03:47:26.857,1.3781,1.3784,1.00,1.60
2010.05.10 03:47:26.952,1.3782,1.3784,1.00,1.60
2010.05.10 03:47:27.043,1.3782,1.37845,1.00,1.60
2010.05.10 03:47:27.312,1.3782,1.3785,1.00,1.60
2010.05.10 03:47:29.299,1.3781,1.3785,2.40,1.00
2010.05.10 03:47:29.523,1.3781,1.3785,1.00,2.00
2010.05.10 03:47:31.295,1.3781,1.3784,1.00,1.00
2010.05.10 03:47:31.563,1.37805,1.3784,1.00,1.00
2010.05.10 03:47:32.182,1.37805,1.3784,2.40,1.00
2010.05.10 03:47:33.598,1.3782,1.3785,1.00,2.00
2010.05.10 03:47:36.093,1.3782,1.37845,1.00,1.00
2010.05.10 03:47:36.261,1.3781,1.37845,1.00,1.00
2010.05.10 03:47:37.303,1.3781,1.3784,1.00,1.60
2010.05.10 03:47:37.511,1.3781,1.3784,1.00,2.00
2010.05.10 03:47:37.720,1.3781,1.37835,1.00,3.60
2010.05.10 03:47:37.928,1.3781,1.3783,1.00,1.60
2010.05.10 03:47:38.470,1.3781,1.3783,1.00,3.20
2010.05.10 03:47:38.824,1.37785,1.37815,1.00,2.00
2010.05.10 03:47:39.170,1.3777,1.37815,2.40,2.00
2010.05.10 03:47:40.540,1.37785,1.37815,1.00,1.60
2010.05.10 03:47:40.882,1.37785,1.3782,1.00,1.60
2010.05.10 03:47:41.004,1.37785,1.3782,1.00,1.60
2010.05.10 03:47:41.122,1.3779,1.3782,1.00,1.60
2010.05.10 03:47:41.602,1.3779,1.37825,1.00,2.00
2010.05.10 03:47:43.321,1.3779,1.37825,1.00,1.60
2010.05.10 03:47:46.184,1.3779,1.37815,1.00,1.00
2010.05.10 03:47:46.375,1.37775,1.3781,1.00,1.60
2010.05.10 03:47:46.732,1.37785,1.37815,1.00,1.00
2010.05.10 03:47:47.072,1.37785,1.3782,1.00,2.00
2010.05.10 03:47:47.401,1.37785,1.3782,1.00,1.60
2010.05.10 03:47:49.591,1.37785,1.3782,1.00,2.00
2010.05.10 03:47:50.501,1.37785,1.3782,1.00,1.60
2010.05.10 03:47:50.785,1.37785,1.37815,1.00,1.60
2010.05.10 03:47:51.061,1.37785,1.3782,1.00,2.00
2010.05.10 03:47:52.032,1.37785,1.3782,1.00,1.60
2010.05.10 03:47:53.542,1.37785,1.3781,1.00,1.60
2010.05.10 03:48:00.592,1.37785,1.3781,1.00,2.00
2010.05.10 03:48:01.680,1.37785,1.3781,1.00,1.60
2010.05.10 03:48:02.271,1.37785,1.3781,1.00,2.00
2010.05.10 03:48:03.290,1.37785,1.3781,1.00,1.00
2010.05.10 03:48:04.310,1.37785,1.37805,1.00,1.00
2010.05.10 03:48:04.590,1.3778,1.3781,1.00,1.60
2010.05.10 03:48:05.381,1.3778,1.3781,1.00,1.60
2010.05.10 03:48:05.727,1.3778,1.37815,1.00,1.60
2010.05.10 03:48:06.754,1.3778,1.378,1.00,1.60
2010.05.10 03:48:07.034,1.3777,1.37805,1.00,1.60
2010.05.10 03:48:07.593,1.37775,1.3781,1.00,1.60
2010.05.10 03:48:09.305,1.37765,1.3781,1.10,3.20
2010.05.10 03:48:09.899,1.3776,1.37805,1.60,1.60
2010.05.10 03:48:11.651,1.3776,1.37805,1.60,3.20
2010.05.10 03:48:13.815,1.3776,1.37805,1.60,3.60
2010.05.10 03:48:14.234,1.3776,1.37805,1.60,2.00
2010.05.10 03:48:16.524,1.3776,1.378,1.60,1.00
2010.05.10 03:48:18.400,1.3776,1.37805,1.60,2.00
2010.05.10 03:48:23.250,1.3776,1.37805,1.60,1.00
2010.05.10 03:48:24.033,1.3776,1.378,1.60,1.00
2010.05.10 03:48:31.671,1.3776,1.378,1.60,2.00
2010.05.10 03:48:35.642,1.3776,1.37795,1.60,1.00
2010.05.10 03:48:36.696,1.37755,1.37785,1.00,1.00
2010.05.10 03:48:37.045,1.3775,1.37785,1.60,1.00
2010.05.10 03:48:37.383,1.3775,1.37785,1.00,1.00
2010.05.10 03:48:38.264,1.37755,1.37785,1.00,1.00
2010.05.10 03:48:40.321,1.37755,1.3779,1.00,1.00
2010.05.10 03:48:42.656,1.3777,1.3779,1.00,1.00
2010.05.10 03:48:42.742,1.3777,1.37805,1.00,3.20
2010.05.10 03:48:43.085,1.3778,1.37815,1.00,2.00
2010.05.10 03:48:43.423,1.3778,1.37815,1.00,1.00
2010.05.10 03:48:47.125,1.3778,1.3782,1.00,1.60
2010.05.10 03:48:47.223,1.3778,1.3783,2.10,1.00
2010.05.10 03:48:47.642,1.37795,1.3783,1.00,1.00
2010.05.10 03:48:47.733,1.37785,1.3782,1.00,1.00
2010.05.10 03:48:49.549,1.37795,1.37835,1.00,2.00
2010.05.10 03:48:49.790,1.378,1.37835,1.00,2.00
2010.05.10 03:48:50.023,1.378,1.37835,1.00,1.00
2010.05.10 03:48:51.232,1.3782,1.3786,1.00,1.60
2010.05.10 03:48:51.414,1.37825,1.37865,1.00,2.00
2010.05.10 03:48:51.594,1.37825,1.3787,1.00,2.00
2010.05.10 03:48:51.774,1.3781,1.37865,1.10,2.00
2010.05.10 03:48:51.953,1.37805,1.37865,1.10,2.00
2010.05.10 03:48:52.132,1.3781,1.3786,1.00,1.00
2010.05.10 03:48:52.666,1.37815,1.37855,1.00,1.60
2010.05.10 03:48:53.810,1.37815,1.37855,1.00,2.00
2010.05.10 03:48:55.564,1.37815,1.37865,2.40,2.00
2010.05.10 03:48:55.643,1.3783,1.37865,1.00,1.00
2010.05.10 03:48:56.121,1.3783,1.3787,1.00,2.00
2010.05.10 03:48:56.455,1.3783,1.3787,1.00,1.00
2010.05.10 03:48:57.846,1.3783,1.3787,1.00,2.00
2010.05.10 03:49:01.831,1.37845,1.3787,1.00,1.00
2010.05.10 03:49:01.895,1.37845,1.37885,1.00,2.00
2010.05.10 03:49:02.344,1.37845,1.3788,1.00,1.00
2010.05.10 03:49:02.919,1.37845,1.37875,1.00,1.00
2010.05.10 03:49:03.629,1.3783,1.37875,1.00,2.00
2010.05.10 03:49:03.874,1.37835,1.3788,1.10,2.00
2010.05.10 03:49:04.105,1.3783,1.3788,1.10,2.00
2010.05.10 03:49:05.977,1.37835,1.37875,1.00,1.60
2010.05.10 03:49:06.143,1.37835,1.3788,1.00,2.00
2010.05.10 03:49:06.464,1.37835,1.3788,1.10,1.60
2010.05.10 03:49:06.628,1.37835,1.37885,1.10,2.00
2010.05.10 03:49:06.794,1.37845,1.3788,1.00,1.00
2010.05.10 03:49:07.593,1.37835,1.3788,1.10,1.00
2010.05.10 03:49:07.934,1.37835,1.3788,1.10,2.00
2010.05.10 03:49:10.287,1.37845,1.3788,1.00,2.00
2010.05.10 03:49:10.579,1.37835,1.3788,1.60,1.00
2010.05.10 03:49:10.865,1.37835,1.37885,1.60,2.00
2010.05.10 03:49:11.803,1.3783,1.3788,1.10,1.60
2010.05.10 03:49:13.551,1.3784,1.3788,1.00,1.60
2010.05.10 03:49:14.028,1.3784,1.3789,1.10,2.00
2010.05.10 03:49:14.063,1.3784,1.37885,1.10,1.60
2010.05.10 03:49:14.100,1.37835,1.37885,1.00,1.60
2010.05.10 03:49:14.152,1.37835,1.37885,1.00,2.00
2010.05.10 03:49:15.660,1.3783,1.3788,1.10,2.00
2010.05.10 03:49:15.853,1.3783,1.3788,1.60,2.00
2010.05.10 03:49:18.414,1.37825,1.3787,2.70,1.00
2010.05.10 03:49:18.611,1.37825,1.37865,1.10,1.60
2010.05.10 03:49:19.202,1.3782,1.37865,1.10,1.60
2010.05.10 03:49:33.090,1.37815,1.37865,2.70,1.60
2010.05.10 03:49:36.861,1.37815,1.37865,2.70,2.00
2010.05.10 03:49:37.041,1.37815,1.37865,3.20,2.00
2010.05.10 03:49:38.230,1.37815,1.3786,3.20,1.00
2010.05.10 03:49:41.440,1.37815,1.3786,2.40,1.00
2010.05.10 03:49:42.411,1.37815,1.3786,1.00,1.00
2010.05.10 03:49:46.634,1.37815,1.37865,1.00,2.00
2010.05.10 03:49:51.082,1.37815,1.37865,1.10,2.00
2010.05.10 03:49:52.413,1.37815,1.37865,1.10,1.00
2010.05.10 03:49:52.965,1.37815,1.37865,1.00,1.00
2010.05.10 03:49:53.221,1.3782,1.37875,4.00,1.00
2010.05.10 03:49:53.475,1.3783,1.37875,1.00,1.00
2010.05.10 03:49:54.494,1.37825,1.3787,1.00,1.00
2010.05.10 03:49:54.815,1.3782,1.3787,1.00,2.00
2010.05.10 03:49:58.243,1.37815,1.37865,1.00,1.60
2010.05.10 03:49:58.443,1.37815,1.3786,1.00,1.00
2010.05.10 03:50:03.476,1.37815,1.3785,1.00,1.00
2010.05.10 03:50:04.068,1.378,1.3785,2.70,1.00
2010.05.10 03:50:04.632,1.378,1.3785,3.20,1.00
2010.05.10 03:50:04.916,1.37805,1.3786,2.10,1.00
2010.05.10 03:50:06.977,1.378,1.3785,2.70,1.00
2010.05.10 03:50:08.341,1.378,1.3785,3.20,1.00
2010.05.10 03:50:09.081,1.378,1.37845,3.20,1.60
2010.05.10 03:50:09.172,1.378,1.3784,3.20,1.00
2010.05.10 03:50:09.262,1.3779,1.3784,2.70,1.00
2010.05.10 03:50:09.840,1.3779,1.3784,1.10,1.00
2010.05.10 03:50:10.691,1.3779,1.3784,2.70,1.00
2010.05.10 03:50:10.861,1.37795,1.3784,1.00,1.00
2010.05.10 03:50:12.621,1.3779,1.37835,1.10,1.00
2010.05.10 03:50:12.781,1.37785,1.37835,3.20,1.00
2010.05.10 03:50:14.868,1.37785,1.37835,2.40,1.00
2010.05.10 03:50:18.249,1.3779,1.3784,1.00,1.00
2010.05.10 03:50:18.564,1.37795,1.3784,1.10,1.00
2010.05.10 03:50:26.610,1.37795,1.3784,1.00,1.00
2010.05.10 03:50:38.070,1.37795,1.37835,1.00,1.00
2010.05.10 03:50:39.764,1.37795,1.37835,1.10,1.00
2010.05.10 03:50:42.500,1.37795,1.37835,1.00,1.00
2010.05.10 03:50:44.344,1.37795,1.37835,1.10,1.00
2010.05.10 03:50:48.715,1.3779,1.37835,1.60,1.00
2010.05.10 03:50:49.983,1.3779,1.37835,3.20,1.00
2010.05.10 03:50:56.482,1.37785,1.3783,2.40,1.00
2010.05.10 03:51:08.750,1.37785,1.37835,2.40,2.00
2010.05.10 03:51:08.903,1.3779,1.37835,1.00,1.00
2010.05.10 03:51:11.265,1.3779,1.3783,1.00,1.00
2010.05.10 03:51:11.542,1.3779,1.37835,1.00,1.00
2010.05.10 03:51:14.785,1.37795,1.37835,1.00,1.00
2010.05.10 03:51:14.831,1.37795,1.3784,1.00,1.00
2010.05.10 03:51:14.921,1.37795,1.3784,2.40,1.00
2010.05.10 03:51:14.971,1.37795,1.3784,1.60,1.00
2010.05.10 03:51:15.214,1.3779,1.3784,1.00,1.00
2010.05.10 03:51:17.532,1.3779,1.37835,1.00,1.00
2010.05.10 03:51:20.774,1.3779,1.3784,1.00,1.00
2010.05.10 03:51:26.642,1.3779,1.37835,1.00,1.00
2010.05.10 03:51:41.491,1.3779,1.37825,1.00,1.00
2010.05.10 03:51:41.701,1.37785,1.37825,2.40,1.00
2010.05.10 03:51:43.142,1.37785,1.3783,2.40,1.00
2010.05.10 03:51:47.472,1.37785,1.3783,1.00,1.00
2010.05.10 03:51:47.542,1.3778,1.3782,1.60,1.00
2010.05.10 03:51:48.109,1.37775,1.3782,1.60,1.00
2010.05.10 03:51:50.232,1.37775,1.3781,1.60,1.00
2010.05.10 03:51:50.482,1.37765,1.3781,2.70,1.00
2010.05.10 03:51:50.943,1.3777,1.3781,1.00,1.00
2010.05.10 03:51:51.971,1.37765,1.3781,2.70,1.00
2010.05.10 03:51:53.071,1.37765,1.37815,2.70,1.00
2010.05.10 03:51:54.362,1.3777,1.37815,1.60,1.00
2010.05.10 03:51:59.441,1.3777,1.37815,2.40,1.00
2010.05.10 03:52:02.610,1.3777,1.3782,2.40,1.00
2010.05.10 03:52:05.203,1.37775,1.3782,1.00,1.00
2010.05.10 03:52:06.045,1.3777,1.3782,2.70,1.00
2010.05.10 03:52:06.654,1.3777,1.3782,2.40,1.00
2010.05.10 03:52:08.155,1.37765,1.3781,1.60,1.00
2010.05.10 03:52:10.331,1.3774,1.378,1.60,1.60
2010.05.10 03:52:10.402,1.3774,1.3779,1.60,1.00
2010.05.10 03:52:11.082,1.37735,1.3779,3.20,1.00
2010.05.10 03:52:11.762,1.3774,1.3779,2.70,1.00
2010.05.10 03:52:13.290,1.37745,1.37785,1.00,1.00
2010.05.10 03:52:13.593,1.37745,1.3779,1.00,1.00
2010.05.10 03:52:17.239,1.37735,1.378,1.60,3.60
2010.05.10 03:52:17.361,1.37735,1.37795,1.60,1.00
2010.05.10 03:52:19.515,1.37735,1.3779,1.60,2.00
2010.05.10 03:52:19.912,1.37735,1.3779,1.60,1.60
2010.05.10 03:52:20.113,1.37735,1.37795,1.60,2.00
2010.05.10 03:52:20.312,1.37735,1.3779,1.60,1.60
2010.05.10 03:52:21.041,1.37735,1.3779,1.60,2.00
2010.05.10 03:52:29.567,1.37735,1.3779,1.60,3.20
2010.05.10 03:52:30.342,1.37735,1.3779,1.60,1.60
2010.05.10 03:52:34.493,1.37725,1.37785,2.70,1.60
2010.05.10 03:52:35.081,1.37725,1.37785,1.60,1.60
2010.05.10 03:52:35.312,1.37725,1.3778,1.60,1.60
2010.05.10 03:52:35.880,1.3772,1.3778,2.70,1.60
2010.05.10 03:52:36.143,1.37725,1.37785,1.60,1.60
2010.05.10 03:52:37.632,1.3772,1.3778,2.70,1.60
2010.05.10 03:52:37.812,1.3772,1.37775,1.60,1.60
2010.05.10 03:52:39.890,1.3772,1.37775,1.60,3.20
2010.05.10 03:52:40.434,1.37715,1.3777,1.10,1.60
2010.05.10 03:52:40.497,1.37715,1.3777,1.10,3.20
2010.05.10 03:52:40.512,1.3771,1.3777,2.00,1.60
2010.05.10 03:52:40.544,1.37715,1.37775,1.60,2.40
2010.05.10 03:52:40.555,1.37715,1.37775,1.60,3.20
2010.05.10 03:52:40.617,1.37715,1.37775,1.60,2.40
2010.05.10 03:52:40.644,1.37715,1.3777,1.60,1.60
2010.05.10 03:52:40.762,1.3771,1.3777,1.60,1.60
2010.05.10 03:52:41.523,1.3771,1.3777,1.60,3.20
2010.05.10 03:52:41.875,1.3771,1.3777,2.40,1.60
2010.05.10 03:52:46.181,1.3771,1.3777,2.80,1.60
2010.05.10 03:52:46.417,1.3772,1.37775,1.60,1.60
2010.05.10 03:52:47.070,1.37735,1.3779,1.60,1.60
2010.05.10 03:52:47.417,1.3775,1.37805,1.10,1.60
2010.05.10 03:52:47.739,1.37755,1.3781,1.10,1.60
2010.05.10 03:52:48.057,1.37755,1.3781,1.10,3.20
2010.05.10 03:52:48.742,1.3775,1.3781,1.10,3.20
2010.05.10 03:52:51.257,1.3774,1.37795,1.00,1.60
2010.05.10 03:52:51.483,1.37735,1.37795,1.10,1.60
2010.05.10 03:52:51.715,1.3774,1.378,1.00,1.60
2010.05.10 03:52:51.942,1.37735,1.37795,1.10,1.60
2010.05.10 03:52:53.801,1.3773,1.3778,2.70,1.60
2010.05.10 03:52:54.092,1.3773,1.3778,1.10,1.60
2010.05.10 03:52:54.191,1.37725,1.3778,1.10,1.60
2010.05.10 03:52:54.988,1.3773,1.3778,1.00,1.60
2010.05.10 03:52:58.166,1.3773,1.3779,1.10,1.60
2010.05.10 03:52:58.354,1.37735,1.3779,1.00,1.60
2010.05.10 03:52:59.041,1.3774,1.3779,1.00,1.60
2010.05.10 03:53:02.021,1.3774,1.37775,1.00,1.60
2010.05.10 03:53:02.203,1.3774,1.37775,1.10,1.60
2010.05.10 03:53:02.675,1.37725,1.37775,2.70,1.60
2010.05.10 03:53:02.802,1.37725,1.3778,2.70,1.60
2010.05.10 03:53:02.874,1.3773,1.3778,1.60,1.60
2010.05.10 03:53:03.016,1.3773,1.3778,2.10,1.60
2010.05.10 03:53:03.846,1.37735,1.3778,1.60,1.60
2010.05.10 03:53:07.913,1.37735,1.37785,1.60,1.60
2010.05.10 03:53:08.370,1.3774,1.37785,2.70,1.60
2010.05.10 03:53:08.472,1.37745,1.37795,1.00,1.60
2010.05.10 03:53:08.652,1.37745,1.37795,2.40,1.60
2010.05.10 03:53:08.984,1.3775,1.378,1.60,1.60
2010.05.10 03:53:09.313,1.3775,1.3781,2.40,3.20
2010.05.10 03:53:10.117,1.37755,1.3781,1.00,3.20
2010.05.10 03:53:10.354,1.37755,1.3781,1.00,1.60
2010.05.10 03:53:10.584,1.37755,1.3781,2.40,1.60
2010.05.10 03:53:15.940,1.37755,1.3781,2.70,1.60
2010.05.10 03:53:19.144,1.37755,1.3781,1.10,3.20
2010.05.10 03:53:22.293,1.37755,1.3781,1.00,3.20
2010.05.10 03:53:22.740,1.37755,1.3781,1.00,3.20
2010.05.10 03:53:22.780,1.37755,1.3781,1.00,4.80
2010.05.10 03:53:23.208,1.37755,1.37805,1.00,1.60
2010.05.10 03:53:23.237,1.3775,1.378,1.60,1.60
2010.05.10 03:53:23.893,1.3775,1.37795,1.60,1.60
2010.05.10 03:53:24.212,1.37745,1.37795,1.60,1.60
2010.05.10 03:53:28.401,1.3775,1.37795,1.60,1.60
2010.05.10 03:53:28.450,1.3775,1.378,1.60,1.60
2010.05.10 03:53:28.666,1.3775,1.378,1.90,1.60
2010.05.10 03:53:31.302,1.37755,1.378,1.60,1.60
2010.05.10 03:53:31.441,1.3775,1.378,1.90,1.60
2010.05.10 03:53:34.761,1.3775,1.378,3.20,1.60
2010.05.10 03:53:34.834,1.3775,1.3781,3.20,3.20
2010.05.10 03:53:35.041,1.3775,1.3781,3.60,3.20
2010.05.10 03:53:35.111,1.3775,1.3781,5.20,3.20
2010.05.10 03:53:35.182,1.37765,1.3781,1.60,1.60
2010.05.10 03:53:35.323,1.37775,1.3781,1.00,1.60
2010.05.10 03:53:36.050,1.37785,1.3782,1.00,1.60
2010.05.10 03:53:36.398,1.37785,1.3782,1.00,1.60
2010.05.10 03:53:37.507,1.37785,1.3781,1.00,1.60
2010.05.10 03:53:37.714,1.37745,1.378,1.00,1.60
2010.05.10 03:53:37.903,1.37745,1.37795,1.00,1.60
2010.05.10 03:53:40.458,1.37755,1.378,1.00,1.60
2010.05.10 03:53:40.605,1.3775,1.378,2.40,1.60
2010.05.10 03:53:40.743,1.3775,1.37805,2.70,1.60
2010.05.10 03:53:40.887,1.3776,1.3781,1.60,1.60
2010.05.10 03:53:41.194,1.3776,1.37815,1.60,1.60
2010.05.10 03:53:44.128,1.3776,1.3781,1.60,1.60
2010.05.10 03:53:55.782,1.37755,1.3781,2.40,1.60
2010.05.10 03:54:01.800,1.3776,1.3781,1.60,1.60
2010.05.10 03:54:02.868,1.3775,1.3781,2.70,1.60
2010.05.10 03:54:03.047,1.3775,1.3781,2.70,3.20
2010.05.10 03:54:03.225,1.3775,1.37805,2.70,1.60
2010.05.10 03:54:03.781,1.3775,1.37805,2.40,1.60
2010.05.10 03:54:06.377,1.3775,1.37805,1.00,1.60
2010.05.10 03:54:11.512,1.3775,1.378,1.00,1.60
2010.05.10 03:54:17.611,1.37745,1.378,1.00,3.20
2010.05.10 03:54:19.862,1.37745,1.378,1.00,3.30
2010.05.10 03:54:22.615,1.37745,1.378,1.00,3.20
2010.05.10 03:54:23.101,1.37745,1.378,1.00,3.30
2010.05.10 03:54:23.775,1.37745,1.378,1.00,3.20
2010.05.10 03:54:24.252,1.37745,1.378,1.00,3.30
2010.05.10 03:54:24.491,1.37745,1.378,1.00,3.20
2010.05.10 03:54:26.605,1.37745,1.37795,1.00,1.60
2010.05.10 03:54:37.052,1.37745,1.37795,1.00,3.20
2010.05.10 03:54:38.442,1.37745,1.37795,1.00,1.60
2010.05.10 03:54:50.421,1.37745,1.37795,1.00,3.20
2010.05.10 03:54:53.113,1.37735,1.37785,2.70,1.00
2010.05.10 03:54:53.257,1.37735,1.3778,1.10,1.00
2010.05.10 03:54:53.670,1.377,1.37765,1.00,1.70
2010.05.10 03:54:54.019,1.3772,1.3779,1.60,1.00
2010.05.10 03:54:54.625,1.37725,1.37795,2.40,1.00
2010.05.10 03:54:54.802,1.3774,1.37795,1.60,1.00
2010.05.10 03:54:57.038,1.3774,1.37795,1.60,3.60
2010.05.10 03:54:57.805,1.37755,1.37795,1.00,2.00
2010.05.10 03:54:58.220,1.37755,1.37795,1.00,1.60
2010.05.10 03:54:58.653,1.3776,1.37795,1.60,1.60
2010.05.10 03:54:58.966,1.3776,1.3782,1.60,1.60
2010.05.10 03:54:59.275,1.37765,1.37825,1.60,3.20
2010.05.10 03:54:59.584,1.3777,1.37825,1.00,3.20
2010.05.10 03:55:00.050,1.3777,1.3782,1.70,1.60
2010.05.10 03:55:00.241,1.37785,1.3783,3.20,1.60
2010.05.10 03:55:00.435,1.37785,1.37835,4.80,1.60
2010.05.10 03:55:02.388,1.37785,1.37835,5.60,1.60
2010.05.10 03:55:02.563,1.378,1.37835,1.00,1.60
2010.05.10 03:55:03.016,1.378,1.37825,1.00,1.60
2010.05.10 03:55:03.074,1.378,1.37825,1.00,1.70
2010.05.10 03:55:03.132,1.378,1.3782,1.00,1.60
2010.05.10 03:55:03.303,1.37765,1.3782,1.60,1.60
2010.05.10 03:55:05.712,1.3778,1.3782,1.00,1.60
2010.05.10 03:55:05.893,1.3778,1.37825,1.00,1.60
2010.05.10 03:55:05.984,1.37785,1.3783,1.00,1.60
2010.05.10 03:55:06.075,1.37795,1.3783,1.00,1.60
2010.05.10 03:55:06.164,1.37795,1.37835,1.70,3.20
2010.05.10 03:55:06.505,1.3781,1.3785,1.00,1.60
2010.05.10 03:55:07.320,1.3781,1.37855,1.00,1.60
2010.05.10 03:55:08.395,1.37815,1.37855,1.00,1.70
2010.05.10 03:55:08.674,1.37805,1.3785,1.00,3.20
2010.05.10 03:55:11.274,1.37815,1.3785,1.00,1.60
2010.05.10 03:55:11.813,1.37815,1.37855,1.00,1.60
2010.05.10 03:55:15.657,1.37815,1.3785,1.00,1.60
2010.05.10 03:55:15.761,1.37805,1.3785,2.40,1.60
2010.05.10 03:55:15.882,1.37805,1.3785,1.00,3.20
2010.05.10 03:55:16.134,1.37805,1.3785,1.00,3.30
2010.05.10 03:55:16.842,1.37805,1.3785,1.00,3.20
2010.05.10 03:55:17.196,1.37805,1.3785,1.00,3.30
2010.05.10 03:55:17.271,1.37805,1.3785,1.00,3.20
2010.05.10 03:55:18.513,1.37815,1.3785,1.00,1.60
2010.05.10 03:55:18.802,1.37815,1.37855,1.00,1.60
2010.05.10 03:55:19.652,1.37815,1.37855,1.00,1.70
2010.05.10 03:55:19.742,1.37805,1.3785,1.00,3.20
2010.05.10 03:55:21.464,1.37805,1.37845,1.00,1.00
2010.05.10 03:55:21.645,1.378,1.37845,1.00,1.00
2010.05.10 03:55:21.785,1.378,1.3784,1.00,1.70
2010.05.10 03:55:21.925,1.3779,1.37835,2.40,1.60
2010.05.10 03:55:22.065,1.3779,1.3783,1.00,1.60
2010.05.10 03:55:22.719,1.3779,1.37835,1.00,3.20
2010.05.10 03:55:22.982,1.3779,1.3783,1.00,1.60
2010.05.10 03:55:23.236,1.3779,1.3784,1.00,1.70
2010.05.10 03:55:23.482,1.3779,1.37835,1.00,1.00
2010.05.10 03:55:24.315,1.3779,1.3784,1.00,3.20
2010.05.10 03:55:24.857,1.3779,1.3784,4.00,1.60
2010.05.10 03:55:25.005,1.378,1.37835,1.00,1.60
2010.05.10 03:55:25.141,1.378,1.3783,1.00,1.60
2010.05.10 03:55:25.647,1.378,1.3783,1.00,1.60
2010.05.10 03:55:26.643,1.378,1.3783,1.00,1.70
2010.05.10 03:55:26.983,1.378,1.3783,1.00,1.60
2010.05.10 03:55:27.112,1.378,1.3783,1.00,1.70
2010.05.10 03:55:27.242,1.378,1.3783,1.00,1.60
2010.05.10 03:55:28.273,1.37815,1.3783,1.00,1.60
2010.05.10 03:55:28.514,1.3781,1.3784,1.00,1.60
2010.05.10 03:55:32.435,1.37805,1.3784,1.00,1.60
2010.05.10 03:55:32.738,1.37805,1.3784,1.00,3.20
2010.05.10 03:55:32.893,1.37795,1.3784,1.00,3.30
2010.05.10 03:55:33.043,1.37795,1.37835,1.00,1.60
2010.05.10 03:55:34.548,1.37795,1.3784,1.00,1.60
2010.05.10 03:55:36.932,1.37795,1.37835,1.00,1.60
2010.05.10 03:55:46.823,1.3779,1.37835,1.60,1.60
2010.05.10 03:55:46.964,1.3779,1.3784,1.60,1.60
2010.05.10 03:55:47.470,1.37795,1.3784,1.00,1.60
2010.05.10 03:55:48.142,1.3779,1.3784,3.20,3.20
2010.05.10 03:55:48.312,1.3779,1.3784,1.60,3.20
2010.05.10 03:55:48.485,1.3779,1.37835,1.60,1.70
2010.05.10 03:55:48.653,1.3778,1.37825,1.00,1.60
2010.05.10 03:55:49.359,1.3778,1.3782,1.00,1.60
2010.05.10 03:55:49.711,1.37775,1.3781,1.60,1.60
2010.05.10 03:55:49.886,1.3776,1.3781,1.00,1.60
2010.05.10 03:55:50.056,1.37775,1.37805,1.00,1.00
2010.05.10 03:55:50.227,1.3774,1.378,1.60,2.10
2010.05.10 03:55:50.396,1.3774,1.378,1.00,1.60
2010.05.10 03:55:50.565,1.3774,1.378,2.40,1.70
2010.05.10 03:55:51.059,1.3774,1.37795,1.00,1.60
2010.05.10 03:55:51.350,1.3775,1.378,2.40,1.60
2010.05.10 03:55:52.824,1.37765,1.37805,1.00,1.60
2010.05.10 03:55:53.312,1.37765,1.37815,1.00,1.60
2010.05.10 03:55:53.491,1.37765,1.3782,2.40,1.60
2010.05.10 03:55:54.200,1.3777,1.3782,4.00,1.60
2010.05.10 03:55:54.594,1.3778,1.37825,1.00,1.60
2010.05.10 03:55:56.662,1.3778,1.37825,1.00,3.20
2010.05.10 03:55:56.773,1.3777,1.37825,2.40,3.20
2010.05.10 03:55:56.883,1.3777,1.3782,2.40,1.60
2010.05.10 03:56:00.552,1.3777,1.3782,1.00,1.60
2010.05.10 03:56:00.661,1.37765,1.3782,1.60,1.60
2010.05.10 03:56:00.691,1.37765,1.3782,1.60,3.20
2010.05.10 03:56:00.864,1.37765,1.37815,1.60,1.60
2010.05.10 03:56:11.111,1.37765,1.378,1.60,1.00
2010.05.10 03:56:11.201,1.37765,1.37815,1.60,1.60
2010.05.10 03:56:11.292,1.3774,1.378,3.30,1.60
2010.05.10 03:56:11.784,1.3775,1.37815,3.20,1.60
2010.05.10 03:56:12.036,1.37745,1.37805,1.60,1.60
2010.05.10 03:56:12.283,1.37745,1.3781,3.20,3.20
2010.05.10 03:56:12.993,1.3775,1.37805,2.10,3.20
2010.05.10 03:56:13.232,1.3775,1.37805,2.40,3.20
2010.05.10 03:56:13.475,1.37765,1.37815,1.60,1.60
2010.05.10 03:56:13.634,1.37765,1.3781,1.60,1.00
2010.05.10 03:56:14.171,1.3775,1.37805,2.40,3.20
2010.05.10 03:56:14.340,1.37755,1.37805,1.60,1.60
2010.05.10 03:56:14.536,1.37755,1.3781,3.20,1.00
2010.05.10 03:56:14.733,1.37755,1.3781,1.60,1.60
2010.05.10 03:56:14.923,1.37755,1.37815,3.20,1.60
2010.05.10 03:56:15.753,1.37755,1.3781,3.20,1.00
2010.05.10 03:56:16.374,1.37745,1.37795,4.00,1.60
2010.05.10 03:56:16.640,1.37745,1.3779,4.00,1.60
2010.05.10 03:56:16.992,1.37745,1.37785,1.00,1.60
2010.05.10 03:56:17.169,1.37745,1.37785,1.00,3.20
2010.05.10 03:56:17.586,1.37735,1.37785,2.40,3.20
2010.05.10 03:56:17.881,1.37725,1.3777,1.00,2.40
2010.05.10 03:56:18.176,1.37715,1.3777,1.60,1.60
2010.05.10 03:56:19.367,1.37715,1.3776,1.60,1.70
2010.05.10 03:56:19.720,1.3772,1.3776,1.60,1.00
2010.05.10 03:56:19.906,1.3772,1.37765,2.40,1.00
2010.05.10 03:56:20.096,1.3772,1.37765,2.40,1.70
2010.05.10 03:56:20.632,1.3772,1.37765,4.00,1.00
2010.05.10 03:56:20.818,1.37725,1.3778,1.00,2.50
2010.05.10 03:56:21.170,1.37725,1.37785,1.00,4.00
2010.05.10 03:56:21.517,1.37725,1.37785,4.00,3.20
2010.05.10 03:56:22.255,1.3773,1.3778,1.60,1.60
2010.05.10 03:56:22.595,1.3773,1.37785,1.60,3.20
2010.05.10 03:56:24.092,1.37735,1.37785,1.60,1.60
2010.05.10 03:56:24.680,1.3774,1.37785,2.40,1.60
2010.05.10 03:56:24.750,1.3775,1.378,2.40,1.60
2010.05.10 03:56:24.808,1.3775,1.378,2.60,1.60
2010.05.10 03:56:24.863,1.37755,1.3781,1.60,1.60
2010.05.10 03:56:24.964,1.37765,1.37815,1.60,1.60
2010.05.10 03:56:25.796,1.37765,1.3782,2.40,1.60
2010.05.10 03:56:26.743,1.37765,1.3782,1.90,1.60
2010.05.10 03:56:27.013,1.37755,1.37805,4.30,1.00
2010.05.10 03:56:27.284,1.3775,1.378,1.90,1.60
2010.05.10 03:56:27.553,1.3775,1.37795,1.60,1.60
2010.05.10 03:56:29.405,1.37745,1.37795,1.60,3.20
2010.05.10 03:56:29.685,1.37745,1.37795,1.60,1.60
2010.05.10 03:56:29.963,1.37745,1.37795,4.00,1.60
2010.05.10 03:56:32.112,1.37745,1.37795,2.40,3.20
2010.05.10 03:56:32.672,1.3775,1.37795,1.00,1.60
2010.05.10 03:56:32.867,1.3775,1.378,1.60,1.60
2010.05.10 03:56:33.054,1.3774,1.378,2.40,3.20
2010.05.10 03:56:34.432,1.3774,1.378,2.70,3.20
2010.05.10 03:56:36.040,1.3774,1.378,2.40,3.20
2010.05.10 03:56:40.041,1.3774,1.3779,2.40,1.60
2010.05.10 03:56:40.313,1.3774,1.3779,1.60,1.60
2010.05.10 03:56:41.986,1.3774,1.37795,1.60,3.20
2010.05.10 03:56:43.163,1.3774,1.3779,1.60,3.20
2010.05.10 03:56:43.430,1.37735,1.3777,1.00,1.60
2010.05.10 03:56:43.687,1.3772,1.3778,1.60,3.20
2010.05.10 03:56:43.949,1.3772,1.3779,4.00,1.60
2010.05.10 03:56:44.662,1.37725,1.37785,1.00,3.20
2010.05.10 03:56:46.583,1.37725,1.37775,1.00,3.20
2010.05.10 03:56:46.997,1.3772,1.37775,1.00,3.20
2010.05.10 03:56:47.274,1.3772,1.37775,1.10,3.20
2010.05.10 03:56:47.422,1.3772,1.3777,1.00,3.20
2010.05.10 03:56:47.573,1.3772,1.3777,1.00,1.60
2010.05.10 03:56:47.724,1.3772,1.3777,1.10,3.20
2010.05.10 03:56:47.876,1.3772,1.3777,1.10,1.60
2010.05.10 03:56:48.034,1.3772,1.3777,1.00,1.60
2010.05.10 03:56:48.783,1.3772,1.3777,1.10,1.60
2010.05.10 03:56:50.296,1.37715,1.3777,1.10,3.20
2010.05.10 03:56:50.422,1.37715,1.37765,1.10,1.60
2010.05.10 03:56:55.171,1.37715,1.3777,1.10,3.20
2010.05.10 03:56:57.672,1.37715,1.37765,1.10,1.60
2010.05.10 03:57:00.051,1.3772,1.37765,1.00,1.60
2010.05.10 03:57:01.752,1.3772,1.3777,1.00,1.60
2010.05.10 03:57:14.501,1.3772,1.3777,1.00,1.70
2010.05.10 03:57:14.671,1.3772,1.3777,1.00,1.60
2010.05.10 03:57:17.411,1.3772,1.3777,1.00,1.70
2010.05.10 03:57:17.611,1.3772,1.3777,1.00,1.60
2010.05.10 03:57:17.813,1.3772,1.3777,1.00,1.70
2010.05.10 03:57:19.720,1.3772,1.3777,1.00,2.50
2010.05.10 03:57:19.879,1.3772,1.3776,1.00,1.60
2010.05.10 03:57:20.032,1.3772,1.3776,1.00,3.20
2010.05.10 03:57:20.342,1.3772,1.3776,1.00,3.30
2010.05.10 03:57:22.458,1.3772,1.3776,1.00,1.60
2010.05.10 03:57:30.672,1.3772,1.37755,1.00,1.60
2010.05.10 03:57:30.732,1.3772,1.37755,1.00,1.70
2010.05.10 03:57:30.792,1.37715,1.37755,1.00,1.70
2010.05.10 03:57:30.902,1.37715,1.37755,1.00,1.60
2010.05.10 03:57:34.340,1.37715,1.37755,1.00,1.70
2010.05.10 03:57:36.950,1.37715,1.37755,1.00,1.60
2010.05.10 03:57:42.571,1.37715,1.37755,1.00,1.70
2010.05.10 03:57:45.182,1.37715,1.37755,1.00,1.60
2010.05.10 03:57:45.282,1.37715,1.37755,1.00,1.70
2010.05.10 03:57:45.451,1.3771,1.37755,1.60,1.70
2010.05.10 03:57:46.435,1.3771,1.37755,1.60,3.30
2010.05.10 03:57:47.393,1.3771,1.3775,1.60,1.00
2010.05.10 03:57:52.867,1.37705,1.3775,2.40,1.70
2010.05.10 03:57:56.068,1.37705,1.3775,2.40,1.60
2010.05.10 03:57:58.652,1.37705,1.37745,1.00,1.60
2010.05.10 03:57:58.753,1.377,1.37745,1.60,3.20
2010.05.10 03:57:58.853,1.37695,1.3774,3.20,1.60
2010.05.10 03:57:58.952,1.37695,1.3774,1.60,1.60
2010.05.10 03:57:59.054,1.37695,1.3774,1.60,3.20
2010.05.10 03:57:59.153,1.37695,1.37735,1.60,1.60
2010.05.10 03:57:59.253,1.37695,1.37735,1.60,3.20
2010.05.10 03:57:59.452,1.37695,1.37735,1.60,1.60
2010.05.10 03:58:00.211,1.3769,1.37735,1.00,1.60
2010.05.10 03:58:00.560,1.37685,1.37725,1.90,1.60
2010.05.10 03:58:00.959,1.37685,1.37725,1.60,1.60
2010.05.10 03:58:01.157,1.37685,1.3773,1.60,1.60
2010.05.10 03:58:01.553,1.3769,1.37735,1.00,1.70
2010.05.10 03:58:01.883,1.3769,1.37735,2.10,1.70
2010.05.10 03:58:03.554,1.3769,1.3773,2.10,1.00
2010.05.10 03:58:03.910,1.3769,1.37735,2.10,2.50
2010.05.10 03:58:04.186,1.3769,1.3773,1.00,1.60
2010.05.10 03:58:04.462,1.3769,1.37735,2.10,4.10
2010.05.10 03:58:06.531,1.3769,1.3773,2.10,1.00
2010.05.10 03:58:06.622,1.3769,1.3772,2.10,1.00
2010.05.10 03:58:06.713,1.37685,1.37715,1.60,1.00
2010.05.10 03:58:06.802,1.37675,1.37715,1.00,3.30
2010.05.10 03:58:06.896,1.3767,1.37715,2.40,3.30
2010.05.10 03:58:07.478,1.37675,1.3771,1.00,1.60
2010.05.10 03:58:07.793,1.37675,1.3772,1.00,3.20
2010.05.10 03:58:08.732,1.37675,1.3772,1.00,3.30
2010.05.10 03:58:09.962,1.37675,1.3772,1.00,1.60
2010.05.10 03:58:10.063,1.37675,1.3772,1.00,3.20
2010.05.10 03:58:10.474,1.37675,1.3772,1.00,3.30
2010.05.10 03:58:10.588,1.37675,1.3772,1.00,3.20
2010.05.10 03:58:10.645,1.37675,1.3772,1.00,3.30
2010.05.10 03:58:10.769,1.37675,1.37705,1.00,1.00
2010.05.10 03:58:12.445,1.37675,1.37705,1.00,1.60
2010.05.10 03:58:12.802,1.37675,1.37705,1.00,2.00
2010.05.10 03:58:13.912,1.37675,1.37705,1.00,1.20
2010.05.10 03:58:14.251,1.37675,1.37705,1.00,1.00
2010.05.10 03:58:16.958,1.3768,1.37715,1.60,2.00
2010.05.10 03:58:17.160,1.3768,1.37715,3.20,2.00
2010.05.10 03:58:18.265,1.3768,1.3771,2.40,2.00
2010.05.10 03:58:18.606,1.37675,1.3771,3.60,1.00
2010.05.10 03:58:19.310,1.3768,1.3771,1.00,1.00
2010.05.10 03:58:19.672,1.37685,1.3772,2.00,1.00
2010.05.10 03:58:20.013,1.37685,1.3772,2.00,1.00
2010.05.10 03:58:20.772,1.37685,1.3772,2.00,1.00
2010.05.10 03:58:20.955,1.37685,1.3772,2.00,1.00
2010.05.10 03:58:21.467,1.37685,1.37715,2.00,1.00
2010.05.10 03:58:21.816,1.3768,1.37715,1.00,1.00
2010.05.10 03:58:24.743,1.3768,1.37715,1.00,2.50
2010.05.10 03:58:26.059,1.3768,1.37715,1.00,1.00
2010.05.10 03:58:26.271,1.3768,1.37715,1.00,1.00
2010.05.10 03:58:27.382,1.3768,1.37715,1.00,1.00
2010.05.10 03:58:28.632,1.3768,1.37715,1.00,1.00
2010.05.10 03:58:29.478,1.3768,1.37715,1.00,1.00
2010.05.10 03:58:34.442,1.3768,1.3771,1.00,1.00
2010.05.10 03:58:34.751,1.3768,1.37715,1.00,1.00
2010.05.10 03:58:37.211,1.3768,1.37715,1.00,2.50
2010.05.10 03:58:38.718,1.3768,1.3771,1.00,1.00
2010.05.10 03:58:38.895,1.3768,1.3771,1.00,1.00
2010.05.10 03:58:39.582,1.3768,1.37705,1.00,1.00
2010.05.10 03:58:40.337,1.3768,1.377,1.00,1.00
2010.05.10 03:58:41.064,1.3768,1.37705,1.00,1.00
2010.05.10 03:58:41.372,1.3768,1.3771,1.00,1.00
2010.05.10 03:58:44.752,1.37675,1.37705,1.30,1.60
2010.05.10 03:58:44.923,1.3767,1.377,1.30,1.60
2010.05.10 03:58:45.500,1.37665,1.377,2.10,2.00
2010.05.10 03:58:50.034,1.37665,1.377,2.10,2.10
2010.05.10 03:58:50.192,1.37665,1.377,2.10,2.00
2010.05.10 03:58:54.605,1.3768,1.3771,1.00,4.10
2010.05.10 03:58:54.896,1.3768,1.3771,1.00,1.00
2010.05.10 03:58:55.479,1.3768,1.3771,1.00,1.00
2010.05.10 03:58:55.649,1.37685,1.37715,1.60,2.00
2010.05.10 03:58:55.814,1.37685,1.37715,2.50,1.60
2010.05.10 03:58:56.874,1.37685,1.3772,2.50,2.40
2010.05.10 03:58:58.506,1.37685,1.3772,2.50,2.50
2010.05.10 03:58:58.810,1.37685,1.3772,2.50,2.40
2010.05.10 03:58:59.515,1.3769,1.37725,2.50,1.00
2010.05.10 03:59:01.142,1.3769,1.37725,4.10,1.00
2010.05.10 03:59:01.563,1.3769,1.37725,4.40,1.00
2010.05.10 03:59:01.754,1.3769,1.37725,3.30,1.00
2010.05.10 03:59:05.471,1.37695,1.37725,1.00,1.00
2010.05.10 03:59:05.562,1.37695,1.3773,1.30,2.10
2010.05.10 03:59:06.774,1.37695,1.3773,1.30,2.00
2010.05.10 03:59:07.433,1.37695,1.3773,2.90,2.00
2010.05.10 03:59:09.954,1.377,1.37735,1.30,1.00
2010.05.10 03:59:10.353,1.377,1.37735,2.90,1.00
2010.05.10 03:59:11.059,1.37705,1.3774,1.30,1.00
2010.05.10 03:59:13.322,1.37705,1.37735,1.00,1.00
2010.05.10 03:59:13.932,1.377,1.37735,3.70,1.00
2010.05.10 03:59:19.672,1.3771,1.3774,1.00,1.00
2010.05.10 03:59:19.802,1.3771,1.37745,1.30,2.00
2010.05.10 03:59:20.191,1.3771,1.37745,2.90,2.00
2010.05.10 03:59:20.970,1.377,1.37735,3.70,1.60
2010.05.10 03:59:29.852,1.37705,1.37735,1.60,1.60
2010.05.10 03:59:36.461,1.377,1.37735,3.70,1.60
2010.05.10 03:59:36.513,1.377,1.37735,5.30,1.60
2010.05.10 03:59:36.541,1.377,1.37735,5.40,1.60
2010.05.10 03:59:36.576,1.3771,1.37745,1.00,2.40
2010.05.10 03:59:36.602,1.3771,1.37745,1.00,2.80
2010.05.10 03:59:36.944,1.3771,1.37745,3.30,1.00
2010.05.10 03:59:37.284,1.37725,1.3776,1.30,4.00
2010.05.10 03:59:37.711,1.37725,1.3776,1.30,2.40
2010.05.10 03:59:37.891,1.3773,1.37765,2.40,1.00
2010.05.10 03:59:38.236,1.3773,1.37765,1.00,1.00
2010.05.10 03:59:41.089,1.3778,1.3782,1.00,1.00
2010.05.10 03:59:41.205,1.37775,1.37835,1.00,1.60
2010.05.10 03:59:41.326,1.37765,1.3783,2.00,1.60
2010.05.10 03:59:41.856,1.37795,1.37855,1.00,1.60
2010.05.10 03:59:41.978,1.3779,1.37855,2.00,2.40
2010.05.10 03:59:42.330,1.37805,1.3784,1.20,2.40
2010.05.10 03:59:42.861,1.37805,1.37835,1.00,1.00
2010.05.10 03:59:43.215,1.3779,1.37825,1.70,2.40
2010.05.10 03:59:43.468,1.37785,1.3782,1.60,2.80
2010.05.10 03:59:43.728,1.37785,1.37815,1.00,1.60
2010.05.10 03:59:44.632,1.37785,1.37815,1.00,3.60
2010.05.10 03:59:44.901,1.37775,1.3781,1.60,1.00
2010.05.10 03:59:45.167,1.37775,1.3781,1.00,1.00
2010.05.10 03:59:47.487,1.3779,1.37815,1.00,1.60
2010.05.10 03:59:47.724,1.3779,1.37825,1.00,2.40
2010.05.10 03:59:47.913,1.3779,1.3782,1.00,1.60
2010.05.10 03:59:48.517,1.37795,1.37825,1.00,2.40
2010.05.10 03:59:49.373,1.378,1.37825,1.00,1.60
2010.05.10 03:59:49.595,1.378,1.37835,1.30,2.80
2010.05.10 03:59:51.182,1.378,1.37835,1.30,2.40
2010.05.10 03:59:51.352,1.378,1.37835,1.30,1.00
2010.05.10 03:59:55.271,1.378,1.37835,1.50,2.40
2010.05.10 03:59:55.432,1.378,1.37835,1.50,1.00
2010.05.10 03:59:55.972,1.378,1.37835,1.30,1.00
2010.05.10 03:59:56.256,1.37815,1.3784,1.00,2.00
2010.05.10 03:59:56.396,1.3782,1.3784,1.00,1.20
2010.05.10 03:59:56.546,1.3782,1.3784,1.00,1.00
2010.05.10 03:59:56.897,1.37805,1.3784,1.00,2.80
2010.05.10 03:59:57.246,1.37815,1.37845,1.00,1.00
2010.05.10 03:59:59.922,1.37815,1.37845,1.00,2.40
