2017.08.14 02:00:00.036,1.42319,1.42336,1.00,1.87
2017.08.14 02:00:00.399,1.42317,1.42335,1.87,1.12
2017.08.14 02:00:00.451,1.42317,1.42335,1.00,3.00
2017.08.14 02:00:00.598,1.42315,1.42332,1.12,1.12
2017.08.14 02:00:00.905,1.42316,1.42333,2.06,1.69
2017.08.14 02:00:01.007,1.42318,1.42333,1.00,1.87
2017.08.14 02:00:01.110,1.42315,1.42333,1.25,1.87
2017.08.14 02:00:01.619,1.42316,1.42333,1.00,5.81
2017.08.14 02:00:02.029,1.42314,1.42332,1.50,1.50
2017.08.14 02:00:02.185,1.42313,1.42331,1.00,1.12
2017.08.14 02:00:02.528,1.42311,1.4233,1.00,2.06
2017.08.14 02:00:02.939,1.42311,1.42327,1.00,1.13
2017.08.14 02:00:03.093,1.42309,1.42327,1.25,1.88
2017.08.14 02:00:03.196,1.42306,1.42323,1.75,1.69
2017.08.14 02:00:03.320,1.42304,1.42323,1.37,6.19
2017.08.14 02:00:03.372,1.42308,1.42322,1.00,3.19
2017.08.14 02:00:03.732,1.42308,1.42322,1.00,5.00
2017.08.14 02:00:03.886,1.42306,1.42322,1.00,5.25
2017.08.14 02:00:04.858,1.42307,1.42322,1.00,6.75
2017.08.14 02:00:04.962,1.42309,1.42322,1.00,6.56
2017.08.14 02:00:05.013,1.42308,1.42322,1.00,3.50
2017.08.14 02:00:05.635,1.42308,1.42322,1.00,3.75
2017.08.14 02:00:06.146,1.42307,1.42321,1.00,1.87
2017.08.14 02:00:06.300,1.42308,1.42321,1.00,3.75
2017.08.14 02:00:06.811,1.42308,1.4232,1.00,2.06
2017.08.14 02:00:07.220,1.42307,1.4232,1.00,5.25
2017.08.14 02:00:07.323,1.42306,1.4232,1.00,4.13
2017.08.14 02:00:07.833,1.42306,1.4232,1.00,3.37
2017.08.14 02:00:08.211,1.42305,1.4232,1.00,3.69
2017.08.14 02:00:08.722,1.42305,1.42318,1.00,1.12
2017.08.14 02:00:09.244,1.42307,1.42318,1.00,1.31
2017.08.14 02:00:09.778,1.42307,1.42318,1.00,1.88
2017.08.14 02:00:10.392,1.42307,1.42319,1.00,1.56
2017.08.14 02:00:10.721,1.42305,1.42318,1.00,3.19
2017.08.14 02:00:10.772,1.42302,1.42314,1.00,1.12
2017.08.14 02:00:10.877,1.42299,1.42313,1.25,1.50
2017.08.14 02:00:11.032,1.42297,1.42313,1.00,4.75
2017.08.14 02:00:11.085,1.42297,1.42313,1.00,5.19
2017.08.14 02:00:11.341,1.42294,1.42313,1.56,2.81
2017.08.14 02:00:11.510,1.42294,1.42313,1.19,1.31
2017.08.14 02:00:11.664,1.42294,1.42313,1.88,1.50
2017.08.14 02:00:11.716,1.42293,1.42315,3.37,1.12
2017.08.14 02:00:11.767,1.42295,1.42315,1.44,1.25
2017.08.14 02:00:12.074,1.42297,1.42316,2.06,2.06
2017.08.14 02:00:12.428,1.42301,1.42318,1.25,1.37
2017.08.14 02:00:12.939,1.42299,1.42318,1.88,1.75
2017.08.14 02:00:13.043,1.42299,1.42318,1.19,2.25
2017.08.14 02:00:13.554,1.42299,1.42318,1.50,2.00
2017.08.14 02:00:14.093,1.42299,1.42318,1.44,1.63
2017.08.14 02:00:14.450,1.423,1.42318,2.19,2.25
2017.08.14 02:00:14.575,1.42299,1.42319,3.75,1.87
2017.08.14 02:00:14.679,1.423,1.42319,1.25,1.75
2017.08.14 02:00:14.732,1.423,1.42319,1.00,4.75
2017.08.14 02:00:14.783,1.42306,1.42318,1.00,3.00
2017.08.14 02:00:15.295,1.42305,1.42318,1.00,1.25
2017.08.14 02:00:16.535,1.42305,1.42318,1.00,3.50
2017.08.14 02:00:17.062,1.42304,1.42318,1.00,1.50
2017.08.14 02:00:18.067,1.42304,1.42319,1.00,2.63
2017.08.14 02:00:18.119,1.42304,1.42319,1.00,2.62
2017.08.14 02:00:18.693,1.42304,1.42319,1.00,1.13
2017.08.14 02:00:19.198,1.42308,1.42321,1.00,1.37
2017.08.14 02:00:19.252,1.42308,1.42323,1.13,1.37
2017.08.14 02:00:19.305,1.42315,1.42325,1.00,1.87
2017.08.14 02:00:19.460,1.42318,1.42331,1.00,1.00
2017.08.14 02:00:19.512,1.4232,1.42331,1.00,1.25
2017.08.14 02:00:19.717,1.42321,1.42334,1.00,1.25
2017.08.14 02:00:19.769,1.42324,1.42336,1.00,1.37
2017.08.14 02:00:19.873,1.42327,1.42339,1.00,1.31
2017.08.14 02:00:20.390,1.42328,1.42342,1.00,1.31
2017.08.14 02:00:20.934,1.42329,1.42342,1.00,1.12
2017.08.14 02:00:21.291,1.42328,1.4234,1.00,2.44
2017.08.14 02:00:21.445,1.42327,1.4234,1.00,2.24
2017.08.14 02:00:21.642,1.42329,1.42341,1.00,1.31
2017.08.14 02:00:22.151,1.42329,1.42341,1.00,1.25
2017.08.14 02:00:22.885,1.42329,1.42342,1.00,1.25
2017.08.14 02:00:23.424,1.4233,1.42342,1.00,1.69
2017.08.14 02:00:23.579,1.42327,1.42341,1.00,3.56
2017.08.14 02:00:23.682,1.42326,1.42339,1.00,2.25
2017.08.14 02:00:23.733,1.42323,1.42339,1.00,5.43
2017.08.14 02:00:23.938,1.42327,1.42339,1.00,2.25
2017.08.14 02:00:24.162,1.42325,1.42339,1.00,4.69
2017.08.14 02:00:24.420,1.42327,1.42339,1.00,2.99
2017.08.14 02:00:24.831,1.42328,1.42342,1.00,1.87
2017.08.14 02:00:24.884,1.4233,1.42342,1.00,1.31
2017.08.14 02:00:24.986,1.42328,1.42342,1.00,2.25
2017.08.14 02:00:25.147,1.42327,1.4234,1.00,1.87
2017.08.14 02:00:25.353,1.42327,1.4234,1.00,2.81
2017.08.14 02:00:25.863,1.42326,1.42341,1.00,1.69
2017.08.14 02:00:25.915,1.42328,1.42341,1.00,2.44
2017.08.14 02:00:26.017,1.42328,1.42343,1.00,2.62
2017.08.14 02:00:26.221,1.42328,1.42343,1.00,3.13
2017.08.14 02:00:26.273,1.42328,1.42343,1.00,2.62
2017.08.14 02:00:26.800,1.42329,1.42343,1.00,3.13
2017.08.14 02:00:27.334,1.42329,1.42343,1.00,2.62
2017.08.14 02:00:27.792,1.42328,1.42342,1.00,1.12
2017.08.14 02:00:27.996,1.42328,1.42343,1.00,2.62
2017.08.14 02:00:28.200,1.42329,1.42343,1.00,6.56
2017.08.14 02:00:28.252,1.42327,1.4234,1.00,1.87
2017.08.14 02:00:28.563,1.42327,1.42341,1.00,1.69
2017.08.14 02:00:28.818,1.42329,1.42341,1.00,1.25
2017.08.14 02:00:29.125,1.4233,1.42343,1.00,1.31
2017.08.14 02:00:29.375,1.42331,1.42343,1.00,2.25
2017.08.14 02:00:29.427,1.42329,1.42342,1.00,1.50
2017.08.14 02:00:30.140,1.4233,1.42342,1.00,1.00
2017.08.14 02:00:30.243,1.4233,1.42344,1.00,2.44
2017.08.14 02:00:30.345,1.42332,1.42344,1.00,1.69
2017.08.14 02:00:30.496,1.4233,1.42344,1.00,2.06
2017.08.14 02:00:30.702,1.42332,1.42344,1.00,1.50
2017.08.14 02:00:31.216,1.42332,1.42344,1.00,2.06
2017.08.14 02:00:31.267,1.42332,1.42344,1.00,1.69
2017.08.14 02:00:31.798,1.42332,1.42344,1.00,1.87
2017.08.14 02:00:32.246,1.42333,1.42345,1.00,1.00
2017.08.14 02:00:32.807,1.42333,1.42346,1.00,1.25
2017.08.14 02:00:33.285,1.42327,1.42346,2.81,1.69
2017.08.14 02:00:33.787,1.42328,1.42346,1.12,1.87
2017.08.14 02:00:34.687,1.42327,1.42346,2.06,1.31
2017.08.14 02:00:34.999,1.42331,1.42347,1.31,1.37
2017.08.14 02:00:35.306,1.42336,1.42352,1.19,1.44
2017.08.14 02:00:35.613,1.42336,1.42353,1.31,1.69
2017.08.14 02:00:36.124,1.42335,1.42354,3.00,2.25
2017.08.14 02:00:36.634,1.42335,1.42354,2.06,1.50
2017.08.14 02:00:37.144,1.42335,1.42354,1.69,2.94
2017.08.14 02:00:37.447,1.42335,1.42354,1.87,4.12
2017.08.14 02:00:37.499,1.42335,1.42354,1.87,4.12
2017.08.14 02:00:37.857,1.42335,1.42354,1.87,3.56
2017.08.14 02:00:37.961,1.42335,1.42354,1.69,3.37
2017.08.14 02:00:38.014,1.42334,1.42352,1.00,3.75
2017.08.14 02:00:38.065,1.42332,1.42352,2.25,6.00
2017.08.14 02:00:38.373,1.42331,1.42349,1.87,1.50
2017.08.14 02:00:38.425,1.42331,1.42349,1.87,2.25
2017.08.14 02:00:38.740,1.42331,1.42349,2.06,2.56
2017.08.14 02:00:39.353,1.42331,1.42349,1.19,2.56
2017.08.14 02:00:40.471,1.42328,1.42347,1.50,1.50
2017.08.14 02:00:40.574,1.42326,1.42345,1.25,1.87
2017.08.14 02:00:40.625,1.42326,1.42343,1.00,1.12
2017.08.14 02:00:40.678,1.42325,1.42342,1.00,1.69
2017.08.14 02:00:40.781,1.42325,1.42342,1.44,2.13
2017.08.14 02:00:41.037,1.42328,1.42344,1.00,1.50
2017.08.14 02:00:41.088,1.42331,1.42344,1.00,1.63
2017.08.14 02:00:41.346,1.42331,1.42346,1.00,1.87
2017.08.14 02:00:42.634,1.42332,1.42346,1.00,3.19
2017.08.14 02:00:43.174,1.42332,1.42346,1.00,1.69
2017.08.14 02:00:43.482,1.42332,1.42346,1.00,3.19
2017.08.14 02:00:44.021,1.42331,1.42346,1.00,2.00
2017.08.14 02:00:44.614,1.4233,1.42344,1.00,1.12
2017.08.14 02:00:45.123,1.42331,1.42344,1.00,2.25
2017.08.14 02:00:45.673,1.4233,1.42344,1.00,1.50
2017.08.14 02:00:46.132,1.42332,1.42344,1.00,1.50
2017.08.14 02:00:46.644,1.42331,1.42344,1.00,1.00
2017.08.14 02:00:49.625,1.42331,1.42343,1.00,1.31
2017.08.14 02:00:49.779,1.42332,1.42347,1.00,1.87
2017.08.14 02:00:49.881,1.42334,1.42347,1.00,1.12
2017.08.14 02:00:50.136,1.42331,1.42347,1.00,2.62
2017.08.14 02:00:50.392,1.42331,1.42347,1.00,3.37
2017.08.14 02:00:50.443,1.42331,1.42347,1.00,3.37
2017.08.14 02:00:50.494,1.42331,1.42344,1.00,1.13
2017.08.14 02:00:50.699,1.42327,1.42343,1.00,2.06
2017.08.14 02:00:51.326,1.42328,1.42343,1.00,3.56
2017.08.14 02:00:51.581,1.42327,1.42342,1.00,3.56
2017.08.14 02:00:51.684,1.42325,1.42342,1.25,4.00
2017.08.14 02:00:52.194,1.42326,1.4234,1.00,1.69
2017.08.14 02:00:52.706,1.42326,1.4234,1.00,2.81
2017.08.14 02:00:53.215,1.42325,1.4234,1.00,2.81
2017.08.14 02:00:53.725,1.42319,1.42331,1.00,1.87
2017.08.14 02:00:53.827,1.42315,1.4233,1.00,1.69
2017.08.14 02:00:53.981,1.42314,1.4233,1.00,3.56
2017.08.14 02:00:54.291,1.42311,1.42326,1.00,2.06
2017.08.14 02:00:54.343,1.42309,1.42326,1.00,4.50
2017.08.14 02:00:55.349,1.42309,1.42325,1.00,1.12
2017.08.14 02:00:55.400,1.42309,1.42325,1.00,2.56
2017.08.14 02:00:55.853,1.42312,1.42325,1.00,2.06
2017.08.14 02:00:55.981,1.4231,1.42325,1.00,1.88
2017.08.14 02:00:56.032,1.42313,1.42325,1.00,1.88
2017.08.14 02:00:56.338,1.42311,1.42325,1.00,1.00
2017.08.14 02:00:57.252,1.42314,1.42325,1.00,1.00
2017.08.14 02:00:57.944,1.42314,1.42327,1.00,1.00
2017.08.14 02:00:57.995,1.42316,1.4233,1.00,1.50
2017.08.14 02:00:58.303,1.42319,1.42332,1.00,1.00
2017.08.14 02:00:58.813,1.4232,1.42332,1.00,1.00
2017.08.14 02:00:59.541,1.4232,1.42332,1.00,1.13
2017.08.14 02:00:59.592,1.42318,1.42332,1.00,2.31
2017.08.14 02:01:00.117,1.42317,1.42332,1.00,1.88
2017.08.14 02:01:00.569,1.42317,1.42332,1.00,3.19
2017.08.14 02:01:01.258,1.42317,1.42332,1.00,4.69
2017.08.14 02:01:01.849,1.42317,1.42332,1.00,3.94
2017.08.14 02:01:02.358,1.42318,1.42332,1.00,3.94
2017.08.14 02:01:03.148,1.42318,1.42333,1.00,1.62
2017.08.14 02:01:03.251,1.4232,1.42334,1.25,1.69
2017.08.14 02:01:03.354,1.42322,1.42335,1.00,1.37
2017.08.14 02:01:03.561,1.42324,1.42337,1.00,1.25
2017.08.14 02:01:03.663,1.42324,1.42339,1.00,1.69
2017.08.14 02:01:03.715,1.42326,1.42339,1.00,1.44
2017.08.14 02:01:04.561,1.42326,1.42339,1.00,1.25
2017.08.14 02:01:05.195,1.42326,1.42339,1.00,1.44
2017.08.14 02:01:05.752,1.42325,1.42339,1.00,1.44
2017.08.14 02:01:05.804,1.42326,1.4234,1.00,2.06
2017.08.14 02:01:06.320,1.42326,1.4234,1.00,2.31
2017.08.14 02:01:06.532,1.42326,1.4234,1.00,1.31
2017.08.14 02:01:07.118,1.42327,1.4234,1.00,1.12
2017.08.14 02:01:07.632,1.42327,1.4234,1.00,2.56
2017.08.14 02:01:08.202,1.42327,1.4234,1.00,3.37
2017.08.14 02:01:09.015,1.42326,1.4234,1.00,1.69
2017.08.14 02:01:09.323,1.42329,1.42342,1.00,1.50
2017.08.14 02:01:09.427,1.42329,1.42345,1.00,3.00
2017.08.14 02:01:09.479,1.42331,1.42345,1.00,1.00
2017.08.14 02:01:09.787,1.42333,1.42346,1.00,1.69
2017.08.14 02:01:10.822,1.42333,1.42346,1.00,1.50
2017.08.14 02:01:10.873,1.4233,1.42346,1.00,1.81
2017.08.14 02:01:10.924,1.4233,1.42345,1.00,1.88
2017.08.14 02:01:10.976,1.42328,1.42345,1.00,2.81
2017.08.14 02:01:11.282,1.42327,1.42343,1.00,1.50
2017.08.14 02:01:11.588,1.42327,1.42341,1.00,1.50
2017.08.14 02:01:11.692,1.42326,1.42341,1.00,2.56
2017.08.14 02:01:12.946,1.42327,1.42341,1.00,3.37
2017.08.14 02:01:13.289,1.42329,1.42342,1.00,1.50
2017.08.14 02:01:13.728,1.42329,1.42343,1.00,1.25
2017.08.14 02:01:14.415,1.42329,1.42343,1.00,1.44
2017.08.14 02:01:14.721,1.42331,1.42343,1.00,1.88
2017.08.14 02:01:15.833,1.42331,1.42344,1.00,1.00
2017.08.14 02:01:16.143,1.42333,1.42346,1.00,2.25
2017.08.14 02:01:16.662,1.42332,1.42346,1.00,3.94
2017.08.14 02:01:16.919,1.4233,1.42346,1.00,5.50
2017.08.14 02:01:17.123,1.4233,1.42345,1.00,1.88
2017.08.14 02:01:17.634,1.42329,1.42345,1.12,4.38
2017.08.14 02:01:18.299,1.42329,1.42345,1.12,3.56
2017.08.14 02:01:18.402,1.42329,1.42345,1.12,3.94
2017.08.14 02:01:18.708,1.4233,1.42343,1.00,1.13
2017.08.14 02:01:19.240,1.4233,1.42343,1.00,1.25
2017.08.14 02:01:19.598,1.42332,1.42344,1.00,3.00
2017.08.14 02:01:20.032,1.42334,1.42345,1.00,2.06
2017.08.14 02:01:21.217,1.42334,1.42346,1.00,2.44
2017.08.14 02:01:21.767,1.42334,1.42346,1.00,3.75
2017.08.14 02:01:22.428,1.42333,1.42346,1.00,3.19
2017.08.14 02:01:22.531,1.42333,1.42346,1.00,4.31
2017.08.14 02:01:22.888,1.42331,1.42346,1.00,3.56
2017.08.14 02:01:23.194,1.42331,1.42346,1.00,3.38
2017.08.14 02:01:23.399,1.42331,1.42346,1.00,3.37
2017.08.14 02:01:23.909,1.42331,1.42346,1.00,4.00
2017.08.14 02:01:24.062,1.4233,1.42345,1.00,1.31
2017.08.14 02:01:24.597,1.42329,1.42344,1.00,1.69
2017.08.14 02:01:25.158,1.42329,1.42344,1.00,4.50
2017.08.14 02:01:25.677,1.42329,1.42343,1.00,1.69
2017.08.14 02:01:26.624,1.42328,1.42343,1.00,3.06
2017.08.14 02:01:30.972,1.42326,1.42341,1.00,1.13
2017.08.14 02:01:31.452,1.42322,1.42338,1.13,1.50
2017.08.14 02:01:31.554,1.4232,1.42338,2.06,2.56
2017.08.14 02:01:32.065,1.4232,1.42338,2.06,2.50
2017.08.14 02:01:33.269,1.42321,1.42338,1.56,3.25
2017.08.14 02:01:33.785,1.42321,1.42338,1.56,2.50
2017.08.14 02:01:33.837,1.4232,1.42338,2.06,2.31
2017.08.14 02:01:34.371,1.42321,1.42338,1.56,2.50
2017.08.14 02:01:34.728,1.4232,1.42337,1.50,1.13
2017.08.14 02:01:35.310,1.42319,1.42337,1.56,3.63
2017.08.14 02:01:35.821,1.42318,1.42336,2.44,2.50
2017.08.14 02:01:35.872,1.42319,1.42336,1.00,2.50
2017.08.14 02:01:36.229,1.42319,1.42336,1.19,1.00
2017.08.14 02:01:36.280,1.42319,1.42336,1.00,1.00
2017.08.14 02:01:36.484,1.42317,1.42335,1.13,2.31
2017.08.14 02:01:36.538,1.42316,1.42334,1.69,1.88
2017.08.14 02:01:36.641,1.42313,1.42332,1.69,1.12
2017.08.14 02:01:36.952,1.42313,1.4233,1.31,1.69
2017.08.14 02:01:37.258,1.42313,1.4233,1.31,1.00
2017.08.14 02:01:37.309,1.42314,1.4233,1.69,1.00
2017.08.14 02:01:37.361,1.42313,1.4233,1.56,1.00
2017.08.14 02:01:37.771,1.42313,1.4233,2.25,1.00
2017.08.14 02:01:38.380,1.42313,1.4233,1.13,1.00
2017.08.14 02:01:38.693,1.42313,1.4233,1.88,1.00
2017.08.14 02:01:39.203,1.42313,1.4233,1.88,1.00
2017.08.14 02:01:39.720,1.42314,1.4233,1.81,1.00
2017.08.14 02:01:40.231,1.42313,1.4233,1.88,1.00
2017.08.14 02:01:40.763,1.42314,1.4233,1.81,1.00
2017.08.14 02:01:41.272,1.42313,1.4233,1.13,1.00
2017.08.14 02:01:41.787,1.42313,1.4233,1.13,1.13
2017.08.14 02:01:42.041,1.42313,1.4233,1.13,1.00
2017.08.14 02:01:42.550,1.42313,1.4233,1.88,1.00
2017.08.14 02:01:42.768,1.42313,1.4233,1.13,1.25
2017.08.14 02:01:43.345,1.42314,1.4233,1.31,1.00
2017.08.14 02:01:43.499,1.42314,1.4233,1.50,1.00
2017.08.14 02:01:43.996,1.42314,1.4233,1.00,1.25
2017.08.14 02:01:44.506,1.42314,1.4233,1.88,1.25
2017.08.14 02:01:44.838,1.42314,1.4233,1.13,1.25
2017.08.14 02:01:44.992,1.42313,1.4233,3.00,1.00
2017.08.14 02:01:45.043,1.42313,1.4233,3.00,1.25
2017.08.14 02:01:45.145,1.42314,1.4233,1.00,1.25
2017.08.14 02:01:45.604,1.42314,1.4233,1.25,1.38
2017.08.14 02:01:46.065,1.42314,1.4233,1.50,1.25
2017.08.14 02:01:46.473,1.42314,1.4233,1.69,1.44
2017.08.14 02:01:46.661,1.42314,1.4233,1.50,1.00
2017.08.14 02:01:47.171,1.42314,1.42331,1.69,1.88
2017.08.14 02:01:47.725,1.42314,1.42331,1.00,2.25
2017.08.14 02:01:48.257,1.42313,1.42331,3.56,1.88
2017.08.14 02:01:49.178,1.42314,1.42331,1.13,2.25
2017.08.14 02:01:49.767,1.42313,1.42331,3.75,1.88
2017.08.14 02:01:50.306,1.42314,1.42331,1.13,2.56
2017.08.14 02:01:50.814,1.42314,1.42331,1.25,1.25
2017.08.14 02:01:51.000,1.42314,1.4233,1.25,1.12
2017.08.14 02:01:51.052,1.42313,1.42329,1.50,1.12
2017.08.14 02:01:51.104,1.42312,1.42328,2.06,1.12
2017.08.14 02:01:51.206,1.42309,1.42327,2.25,1.50
2017.08.14 02:01:51.309,1.42308,1.42325,2.06,1.12
2017.08.14 02:01:51.462,1.42308,1.42325,1.31,2.94
2017.08.14 02:01:51.692,1.42306,1.42324,2.06,1.12
2017.08.14 02:01:52.254,1.42306,1.42324,3.19,2.13
2017.08.14 02:01:52.972,1.42311,1.42326,1.31,1.12
2017.08.14 02:01:53.177,1.42315,1.42331,1.00,2.25
2017.08.14 02:01:53.229,1.42315,1.42331,1.31,1.25
2017.08.14 02:01:53.485,1.42312,1.42331,1.50,2.63
2017.08.14 02:01:53.537,1.42313,1.42329,1.13,1.87
2017.08.14 02:01:54.073,1.42313,1.42329,1.44,1.00
2017.08.14 02:01:54.481,1.42312,1.42329,2.25,1.38
2017.08.14 02:01:54.532,1.42313,1.42329,1.19,1.00
2017.08.14 02:01:54.940,1.42312,1.42329,1.69,1.38
2017.08.14 02:01:55.094,1.42313,1.42329,1.19,1.00
2017.08.14 02:01:55.145,1.42312,1.4233,3.19,2.06
2017.08.14 02:01:55.196,1.42314,1.4233,1.00,2.25
2017.08.14 02:01:55.609,1.42312,1.42329,1.69,1.69
2017.08.14 02:01:55.660,1.42312,1.42329,1.69,3.25
2017.08.14 02:01:56.170,1.42312,1.42329,2.06,3.31
2017.08.14 02:01:57.867,1.42312,1.42329,1.00,1.00
2017.08.14 02:01:58.020,1.42312,1.42329,1.00,2.13
2017.08.14 02:01:58.072,1.42312,1.42329,1.50,1.13
2017.08.14 02:01:58.328,1.42315,1.4233,1.00,1.50
2017.08.14 02:01:58.541,1.42315,1.42331,2.62,1.50
2017.08.14 02:01:58.747,1.42317,1.42333,1.12,1.12
2017.08.14 02:01:58.798,1.42317,1.42333,1.12,2.25
2017.08.14 02:01:58.851,1.42317,1.42333,1.12,1.69
2017.08.14 02:01:58.954,1.42319,1.42334,1.00,1.31
2017.08.14 02:01:59.284,1.42318,1.42334,1.12,3.75
2017.08.14 02:01:59.592,1.42319,1.42333,1.00,1.50
2017.08.14 02:01:59.644,1.42319,1.42333,1.00,2.44
2017.08.14 02:02:00.012,1.42318,1.42334,1.00,3.75
2017.08.14 02:02:00.063,1.42318,1.42334,1.44,3.38
2017.08.14 02:02:00.319,1.42317,1.42334,1.12,3.81
2017.08.14 02:02:00.370,1.42317,1.42334,1.12,5.13
2017.08.14 02:02:00.676,1.42317,1.42334,1.00,7.13
2017.08.14 02:02:01.097,1.42317,1.42333,1.00,2.06
2017.08.14 02:02:01.149,1.42318,1.42332,1.00,1.12
2017.08.14 02:02:01.200,1.42315,1.42332,1.87,4.13
2017.08.14 02:02:01.820,1.42314,1.42332,1.69,4.06
2017.08.14 02:02:02.179,1.42317,1.42332,1.00,1.25
2017.08.14 02:02:02.332,1.42314,1.42332,1.50,3.69
2017.08.14 02:02:02.487,1.42316,1.42331,1.00,1.50
2017.08.14 02:02:02.794,1.42312,1.42331,1.50,6.75
2017.08.14 02:02:02.897,1.4231,1.42329,1.00,3.00
2017.08.14 02:02:03.157,1.42312,1.42328,1.00,2.62
2017.08.14 02:02:03.674,1.42312,1.42328,1.00,4.88
2017.08.14 02:02:04.706,1.42312,1.42328,1.00,5.25
2017.08.14 02:02:05.525,1.42312,1.42327,1.00,1.50
2017.08.14 02:02:05.833,1.4231,1.42326,1.00,1.12
2017.08.14 02:02:06.208,1.42313,1.42326,1.00,1.00
2017.08.14 02:02:06.517,1.42315,1.42327,1.00,1.50
2017.08.14 02:02:07.032,1.42314,1.42327,1.00,2.25
2017.08.14 02:02:07.695,1.42314,1.42328,1.00,3.00
2017.08.14 02:02:08.207,1.42314,1.42328,1.00,3.75
2017.08.14 02:02:08.753,1.42314,1.42328,1.00,3.75
2017.08.14 02:02:09.264,1.42315,1.42328,1.00,3.75
2017.08.14 02:02:09.648,1.42311,1.42326,1.38,1.00
2017.08.14 02:02:09.700,1.4231,1.42326,1.63,2.13
2017.08.14 02:02:09.853,1.4231,1.42326,1.13,1.00
2017.08.14 02:02:10.109,1.42311,1.42326,1.00,1.00
2017.08.14 02:02:10.314,1.42311,1.42324,1.00,2.25
2017.08.14 02:02:10.365,1.42309,1.42323,1.00,1.12
2017.08.14 02:02:10.467,1.42307,1.42322,1.63,2.31
2017.08.14 02:02:10.775,1.42305,1.42321,1.00,1.00
2017.08.14 02:02:11.285,1.42305,1.4232,1.00,3.06
2017.08.14 02:02:11.336,1.42302,1.42318,1.00,1.00
2017.08.14 02:02:11.490,1.423,1.42316,2.00,1.00
2017.08.14 02:02:11.593,1.423,1.42314,1.00,1.13
2017.08.14 02:02:11.696,1.42298,1.42313,1.50,1.00
2017.08.14 02:02:11.747,1.42298,1.42313,1.31,1.00
2017.08.14 02:02:11.952,1.42298,1.42313,1.88,1.00
2017.08.14 02:02:12.055,1.42297,1.42313,1.88,1.00
2017.08.14 02:02:12.107,1.423,1.42313,1.00,1.00
2017.08.14 02:02:12.410,1.42304,1.42316,1.00,1.69
2017.08.14 02:02:12.564,1.42306,1.42319,1.00,1.00
2017.08.14 02:02:12.718,1.42304,1.4232,1.00,1.50
2017.08.14 02:02:12.769,1.42305,1.4232,1.00,2.50
2017.08.14 02:02:12.821,1.42303,1.4232,1.00,3.00
2017.08.14 02:02:13.330,1.42303,1.4232,1.13,2.50
2017.08.14 02:02:13.625,1.42305,1.4232,1.00,3.63
2017.08.14 02:02:14.355,1.42305,1.42318,1.00,1.13
2017.08.14 02:02:14.874,1.42305,1.42318,1.00,1.00
2017.08.14 02:02:15.335,1.42302,1.42318,2.25,3.63
2017.08.14 02:02:15.438,1.42301,1.42315,1.00,1.13
2017.08.14 02:02:15.956,1.42298,1.42314,1.13,1.88
2017.08.14 02:02:16.364,1.42297,1.42314,2.06,3.63
2017.08.14 02:02:16.467,1.42298,1.42313,1.38,1.13
2017.08.14 02:02:17.222,1.42297,1.42314,2.25,1.88
2017.08.14 02:02:17.874,1.42297,1.42314,3.00,2.63
2017.08.14 02:02:18.643,1.42298,1.42314,1.50,2.63
2017.08.14 02:02:19.813,1.42297,1.42314,2.62,3.00
2017.08.14 02:02:20.324,1.42297,1.42314,3.00,2.25
2017.08.14 02:02:20.873,1.42298,1.42314,2.44,2.25
2017.08.14 02:02:20.975,1.42298,1.42314,2.44,2.25
2017.08.14 02:02:21.481,1.42298,1.42314,2.63,2.25
2017.08.14 02:02:22.940,1.42299,1.42314,1.37,1.13
2017.08.14 02:02:23.754,1.42299,1.42314,1.37,1.88
2017.08.14 02:02:24.364,1.42299,1.42314,1.37,2.25
2017.08.14 02:02:24.890,1.42299,1.42314,1.37,1.88
2017.08.14 02:02:25.419,1.42301,1.42314,1.00,1.00
2017.08.14 02:02:25.989,1.42299,1.42314,1.37,2.25
2017.08.14 02:02:26.504,1.42301,1.42314,1.00,2.13
2017.08.14 02:02:27.013,1.42298,1.42314,2.81,1.13
2017.08.14 02:02:27.521,1.42299,1.42314,1.37,1.38
2017.08.14 02:02:30.276,1.42298,1.42314,1.50,2.81
2017.08.14 02:02:33.025,1.42297,1.42313,3.00,1.13
2017.08.14 02:02:33.590,1.42298,1.42313,1.38,2.13
2017.08.14 02:02:33.692,1.42298,1.42313,1.13,1.13
2017.08.14 02:02:34.223,1.42299,1.42313,1.37,1.38
2017.08.14 02:02:34.275,1.42299,1.42313,1.37,1.00
2017.08.14 02:02:34.908,1.42299,1.42313,1.37,1.88
2017.08.14 02:02:35.723,1.42299,1.42313,1.87,1.25
2017.08.14 02:02:36.282,1.42299,1.42313,1.37,1.44
2017.08.14 02:02:36.889,1.423,1.42313,1.12,1.25
2017.08.14 02:02:37.550,1.42299,1.42313,2.06,1.88
2017.08.14 02:02:38.051,1.42299,1.42313,1.87,1.13
2017.08.14 02:02:38.552,1.42299,1.42313,1.87,1.38
2017.08.14 02:02:39.097,1.42299,1.42313,1.87,1.13
2017.08.14 02:02:42.898,1.42301,1.42313,1.00,1.25
2017.08.14 02:02:43.423,1.423,1.42313,1.12,1.13
2017.08.14 02:02:43.932,1.423,1.42313,1.12,1.38
2017.08.14 02:02:44.498,1.423,1.42313,1.12,1.25
2017.08.14 02:02:44.702,1.423,1.42313,1.12,1.38
2017.08.14 02:02:44.753,1.42299,1.42313,1.87,1.13
2017.08.14 02:02:45.110,1.42299,1.42313,1.87,1.38
2017.08.14 02:02:45.161,1.42299,1.42313,1.87,1.44
2017.08.14 02:02:45.670,1.42301,1.42313,1.00,1.25
2017.08.14 02:02:46.160,1.42299,1.42313,1.37,1.38
2017.08.14 02:02:46.466,1.42299,1.42313,1.12,1.00
2017.08.14 02:02:46.983,1.423,1.42313,1.00,1.00
2017.08.14 02:02:47.492,1.42299,1.42313,1.87,2.63
2017.08.14 02:02:47.594,1.42301,1.42313,1.00,1.88
2017.08.14 02:02:48.080,1.42303,1.42316,1.00,3.56
2017.08.14 02:02:48.132,1.42303,1.42316,1.00,2.81
2017.08.14 02:02:48.183,1.42301,1.42316,1.87,3.94
2017.08.14 02:02:48.388,1.42301,1.42316,1.00,5.69
2017.08.14 02:02:48.695,1.42304,1.42316,1.00,1.00
2017.08.14 02:02:48.850,1.42308,1.42323,1.87,1.37
2017.08.14 02:02:48.902,1.42308,1.42323,1.88,1.12
2017.08.14 02:02:48.954,1.42308,1.42324,1.69,1.13
2017.08.14 02:02:49.089,1.4231,1.42324,1.50,1.88
2017.08.14 02:02:49.702,1.4231,1.42324,1.00,1.31
2017.08.14 02:02:50.212,1.42311,1.42324,1.00,1.88
2017.08.14 02:02:50.752,1.4231,1.42324,1.50,2.13
2017.08.14 02:02:51.271,1.42309,1.42324,1.50,2.25
2017.08.14 02:02:51.425,1.42309,1.42324,1.00,2.81
2017.08.14 02:02:51.527,1.42309,1.42324,1.00,3.75
2017.08.14 02:02:52.395,1.42309,1.42324,1.50,3.38
2017.08.14 02:02:52.917,1.42309,1.42324,1.50,3.38
2017.08.14 02:02:53.430,1.42309,1.42324,1.50,2.63
2017.08.14 02:02:53.932,1.4231,1.42324,1.00,3.38
2017.08.14 02:02:54.451,1.42309,1.42324,2.25,1.25
2017.08.14 02:02:54.982,1.42309,1.42324,1.69,1.00
2017.08.14 02:02:55.913,1.42309,1.42324,1.88,2.81
2017.08.14 02:02:56.424,1.4231,1.42324,1.00,1.88
2017.08.14 02:02:56.956,1.4231,1.42324,1.00,1.13
2017.08.14 02:02:57.263,1.42308,1.42324,1.87,1.38
2017.08.14 02:02:57.468,1.42309,1.42324,1.13,1.50
2017.08.14 02:02:57.978,1.4231,1.42324,1.50,2.06
2017.08.14 02:02:58.029,1.4231,1.42324,1.50,3.25
2017.08.14 02:02:58.538,1.4231,1.42324,1.00,3.00
2017.08.14 02:02:59.202,1.42308,1.42324,1.00,5.06
2017.08.14 02:02:59.407,1.42305,1.42321,1.44,1.12
2017.08.14 02:02:59.944,1.42305,1.42321,1.00,3.75
2017.08.14 02:03:00.462,1.42307,1.42321,1.00,3.38
2017.08.14 02:03:00.776,1.4231,1.42321,1.00,1.88
2017.08.14 02:03:01.321,1.42311,1.42321,1.00,1.31
2017.08.14 02:03:01.525,1.42309,1.42321,1.00,1.31
2017.08.14 02:03:01.892,1.42312,1.42324,1.00,2.06
2017.08.14 02:03:02.072,1.42313,1.42324,1.00,1.00
2017.08.14 02:03:02.226,1.42315,1.42327,1.00,1.87
2017.08.14 02:03:02.635,1.42317,1.42328,1.00,2.25
2017.08.14 02:03:02.789,1.42315,1.42328,1.00,2.06
2017.08.14 02:03:02.891,1.4232,1.42329,1.00,1.50
2017.08.14 02:03:02.994,1.42318,1.42329,1.00,1.13
2017.08.14 02:03:03.461,1.42316,1.42329,1.00,1.69
2017.08.14 02:03:04.165,1.42315,1.42329,1.00,2.25
2017.08.14 02:03:04.318,1.42315,1.42329,1.00,1.69
2017.08.14 02:03:04.472,1.42317,1.4233,1.00,2.25
2017.08.14 02:03:04.524,1.42318,1.4233,1.00,3.25
2017.08.14 02:03:04.627,1.42316,1.4233,1.00,1.13
2017.08.14 02:03:05.133,1.42317,1.4233,1.00,1.13
2017.08.14 02:03:05.637,1.42316,1.4233,1.00,1.00
2017.08.14 02:03:07.086,1.42316,1.4233,1.00,1.13
2017.08.14 02:03:07.526,1.42315,1.42329,1.00,1.31
2017.08.14 02:03:07.578,1.42312,1.42329,1.00,4.19
2017.08.14 02:03:07.629,1.42314,1.42328,1.00,2.25
2017.08.14 02:03:07.936,1.42315,1.42328,1.00,2.62
2017.08.14 02:03:08.441,1.42315,1.42328,1.00,3.38
2017.08.14 02:03:08.769,1.42315,1.42328,1.00,3.38
2017.08.14 02:03:09.025,1.42312,1.42327,1.00,1.50
2017.08.14 02:03:09.127,1.4231,1.42327,2.44,3.75
2017.08.14 02:03:09.636,1.42311,1.42327,1.00,3.75
2017.08.14 02:03:10.187,1.42309,1.42326,1.63,2.25
2017.08.14 02:03:10.803,1.42311,1.42325,1.00,1.31
2017.08.14 02:03:10.855,1.42311,1.42325,1.00,2.13
2017.08.14 02:03:11.163,1.42308,1.42324,1.63,1.13
2017.08.14 02:03:11.574,1.42307,1.42324,1.12,1.00
2017.08.14 02:03:11.625,1.42307,1.42324,2.00,1.00
2017.08.14 02:03:11.874,1.42306,1.42323,1.12,1.00
2017.08.14 02:03:12.387,1.42306,1.42322,1.19,1.00
2017.08.14 02:03:12.490,1.42306,1.42322,1.00,1.00
2017.08.14 02:03:12.643,1.42306,1.42322,1.19,1.00
2017.08.14 02:03:12.796,1.42306,1.42322,1.25,1.00
2017.08.14 02:03:12.848,1.42305,1.42322,2.25,1.00
2017.08.14 02:03:13.001,1.42304,1.42322,4.13,1.00
2017.08.14 02:03:13.155,1.42304,1.4232,1.56,1.13
2017.08.14 02:03:13.408,1.42301,1.42319,2.06,1.13
2017.08.14 02:03:13.918,1.42303,1.42319,1.00,2.50
2017.08.14 02:03:14.989,1.42303,1.42319,1.19,3.44
2017.08.14 02:03:15.772,1.42304,1.42319,1.13,1.00
2017.08.14 02:03:15.824,1.42304,1.42319,1.00,1.00
2017.08.14 02:03:16.182,1.42303,1.42319,1.37,1.00
2017.08.14 02:03:16.793,1.42303,1.42319,3.38,1.00
2017.08.14 02:03:17.098,1.42305,1.42319,1.00,1.00
2017.08.14 02:03:17.150,1.42304,1.42319,1.50,1.00
2017.08.14 02:03:17.825,1.42305,1.42319,1.69,1.00
2017.08.14 02:03:17.877,1.42305,1.4232,1.00,1.50
2017.08.14 02:03:18.082,1.42304,1.4232,3.00,2.63
2017.08.14 02:03:18.620,1.42304,1.4232,1.50,1.69
2017.08.14 02:03:19.127,1.42304,1.4232,1.31,1.50
2017.08.14 02:03:19.637,1.42303,1.4232,2.81,1.00
2017.08.14 02:03:20.404,1.42303,1.4232,3.00,1.00
2017.08.14 02:03:20.455,1.42303,1.4232,2.81,1.00
2017.08.14 02:03:21.552,1.42304,1.4232,1.31,1.00
2017.08.14 02:03:22.344,1.42304,1.4232,2.25,1.00
2017.08.14 02:03:22.855,1.42304,1.4232,1.87,1.00
2017.08.14 02:03:25.849,1.42304,1.4232,1.50,1.00
2017.08.14 02:03:26.155,1.42306,1.42321,1.00,1.00
2017.08.14 02:03:26.398,1.42307,1.42321,1.31,1.00
2017.08.14 02:03:26.908,1.42307,1.42321,2.25,1.00
2017.08.14 02:03:27.694,1.42307,1.42321,2.06,1.00
2017.08.14 02:03:28.155,1.42307,1.42323,2.25,1.00
2017.08.14 02:03:28.682,1.42307,1.42323,2.25,1.00
2017.08.14 02:03:29.673,1.42307,1.42323,2.25,1.00
2017.08.14 02:03:30.228,1.42307,1.42323,2.06,1.00
2017.08.14 02:03:30.739,1.42307,1.42323,2.25,1.00
2017.08.14 02:03:31.271,1.42307,1.42323,3.00,1.00
2017.08.14 02:03:33.006,1.42307,1.42323,2.25,1.44
2017.08.14 02:03:33.551,1.42307,1.42323,2.25,1.25
2017.08.14 02:03:33.843,1.42307,1.42323,2.81,1.00
2017.08.14 02:03:34.352,1.42307,1.42323,2.81,1.00
2017.08.14 02:03:34.505,1.42307,1.42323,2.62,1.00
2017.08.14 02:03:34.556,1.42307,1.42323,2.81,1.00
2017.08.14 02:03:34.760,1.42307,1.42323,2.62,1.00
2017.08.14 02:03:35.268,1.42307,1.42323,2.06,1.38
2017.08.14 02:03:35.797,1.42307,1.42323,2.06,1.25
2017.08.14 02:03:36.001,1.42307,1.42323,2.06,1.00
2017.08.14 02:03:36.358,1.42307,1.42323,2.81,1.00
2017.08.14 02:03:36.764,1.42307,1.42323,2.62,1.00
2017.08.14 02:03:37.273,1.42307,1.42323,2.81,1.00
2017.08.14 02:03:37.784,1.42307,1.42323,3.00,1.25
2017.08.14 02:03:38.987,1.42307,1.42323,2.62,1.00
2017.08.14 02:03:39.505,1.42307,1.42323,1.88,2.38
2017.08.14 02:03:39.760,1.42307,1.42323,1.25,3.94
2017.08.14 02:03:39.965,1.42302,1.42318,1.87,2.25
2017.08.14 02:03:40.220,1.42303,1.42318,1.50,2.50
2017.08.14 02:03:40.424,1.42302,1.42318,3.56,1.00
2017.08.14 02:03:40.931,1.42302,1.42318,3.56,1.00
2017.08.14 02:03:43.412,1.42304,1.42318,1.50,1.13
2017.08.14 02:03:43.914,1.42304,1.42318,1.00,1.00
2017.08.14 02:03:44.397,1.42306,1.42318,1.00,1.13
2017.08.14 02:03:44.931,1.42305,1.42318,1.00,1.13
2017.08.14 02:03:45.464,1.42305,1.42318,1.00,1.44
2017.08.14 02:03:45.979,1.42305,1.42318,1.00,1.00
2017.08.14 02:03:46.488,1.42304,1.42318,1.87,1.25
2017.08.14 02:03:46.795,1.423,1.42317,2.62,1.12
2017.08.14 02:03:47.297,1.42302,1.42317,1.00,1.13
2017.08.14 02:03:47.807,1.423,1.42317,3.19,1.50
2017.08.14 02:03:48.284,1.423,1.42317,2.62,2.25
2017.08.14 02:03:48.795,1.42302,1.42318,1.50,1.44
2017.08.14 02:03:53.431,1.42308,1.4232,1.00,2.25
2017.08.14 02:03:54.329,1.42308,1.4232,1.00,3.19
2017.08.14 02:03:56.868,1.42308,1.42319,1.00,2.44
2017.08.14 02:03:56.920,1.42305,1.42319,1.00,3.19
2017.08.14 02:03:56.972,1.42305,1.42319,1.00,3.00
2017.08.14 02:03:57.125,1.42305,1.42319,1.00,2.82
2017.08.14 02:03:57.228,1.42303,1.42317,1.00,2.25
2017.08.14 02:03:57.695,1.42304,1.42317,1.00,1.88
2017.08.14 02:03:57.798,1.42306,1.42317,1.00,2.25
2017.08.14 02:03:58.053,1.42307,1.4232,1.00,1.69
2017.08.14 02:03:58.578,1.42307,1.4232,1.00,2.81
2017.08.14 02:03:59.088,1.42308,1.4232,1.00,2.50
2017.08.14 02:03:59.139,1.42306,1.4232,1.00,2.50
2017.08.14 02:03:59.894,1.42305,1.4232,1.00,1.00
2017.08.14 02:04:00.320,1.42305,1.4232,1.00,2.88
2017.08.14 02:04:00.371,1.42305,1.4232,1.00,2.25
2017.08.14 02:04:00.642,1.42305,1.4232,1.00,2.63
2017.08.14 02:04:00.796,1.42304,1.4232,1.00,1.87
2017.08.14 02:04:00.949,1.42308,1.4232,1.00,1.62
2017.08.14 02:04:01.052,1.42308,1.42322,1.00,1.12
2017.08.14 02:04:01.205,1.4231,1.42323,1.00,2.06
2017.08.14 02:04:01.358,1.42308,1.42324,1.00,4.50
2017.08.14 02:04:01.563,1.42311,1.42324,1.00,2.25
2017.08.14 02:04:01.753,1.42309,1.42324,1.00,1.75
2017.08.14 02:04:01.855,1.42309,1.42324,1.00,3.25
2017.08.14 02:04:01.906,1.42309,1.42324,1.00,1.88
2017.08.14 02:04:01.958,1.42309,1.42324,1.00,3.25
2017.08.14 02:04:02.470,1.42306,1.42324,2.81,1.38
2017.08.14 02:04:02.979,1.42306,1.42324,2.81,1.50
2017.08.14 02:04:03.676,1.42306,1.42323,1.50,1.87
2017.08.14 02:04:04.185,1.42307,1.42322,1.00,1.13
2017.08.14 02:04:04.692,1.42306,1.42322,1.00,2.13
2017.08.14 02:04:05.371,1.42305,1.42322,2.06,1.00
2017.08.14 02:04:05.918,1.42307,1.42322,1.13,1.00
2017.08.14 02:04:06.274,1.42307,1.42322,1.13,1.00
2017.08.14 02:04:06.784,1.42308,1.42322,1.25,1.00
2017.08.14 02:04:07.714,1.42311,1.42324,1.63,1.12
2017.08.14 02:04:08.016,1.42311,1.42325,2.25,1.00
2017.08.14 02:04:08.271,1.42311,1.42326,2.25,1.00
2017.08.14 02:04:08.476,1.42314,1.42326,1.00,1.00
2017.08.14 02:04:08.629,1.42312,1.42326,2.44,1.00
2017.08.14 02:04:09.037,1.42315,1.42326,1.00,1.00
2017.08.14 02:04:09.578,1.42313,1.42326,1.38,1.00
2017.08.14 02:04:09.893,1.42313,1.42326,1.00,1.00
2017.08.14 02:04:10.444,1.42313,1.42326,1.13,1.00
2017.08.14 02:04:10.755,1.42315,1.42327,1.00,1.00
2017.08.14 02:04:11.010,1.42313,1.42327,1.00,1.00
2017.08.14 02:04:11.541,1.42313,1.42327,1.44,1.00
2017.08.14 02:04:12.093,1.42313,1.42327,1.00,1.00
2017.08.14 02:04:12.987,1.42313,1.42327,1.38,1.00
2017.08.14 02:04:13.303,1.42313,1.42327,1.13,1.00
2017.08.14 02:04:13.936,1.42313,1.42327,1.44,1.00
2017.08.14 02:04:14.447,1.42313,1.42327,1.25,1.00
2017.08.14 02:04:14.499,1.42313,1.42327,1.38,1.00
2017.08.14 02:04:14.903,1.42313,1.42327,1.50,1.00
2017.08.14 02:04:15.477,1.42313,1.42327,1.31,1.00
2017.08.14 02:04:15.579,1.42319,1.4233,1.00,1.81
2017.08.14 02:04:17.102,1.4232,1.42331,1.00,2.00
2017.08.14 02:04:17.732,1.4232,1.42331,1.00,3.00
2017.08.14 02:04:18.241,1.4232,1.42331,1.00,1.81
2017.08.14 02:04:20.151,1.4232,1.42331,1.00,1.19
2017.08.14 02:04:20.507,1.42316,1.42329,1.00,1.31
2017.08.14 02:04:20.559,1.42316,1.42329,1.00,6.00
2017.08.14 02:04:20.720,1.42316,1.42327,1.00,1.87
2017.08.14 02:04:20.772,1.42316,1.42327,1.00,3.25
2017.08.14 02:04:20.875,1.42317,1.42327,1.00,1.50
2017.08.14 02:04:20.926,1.42315,1.42327,1.00,3.75
2017.08.14 02:04:21.182,1.42316,1.42327,1.00,3.75
2017.08.14 02:04:21.335,1.42316,1.42326,1.00,1.31
2017.08.14 02:04:21.794,1.42316,1.42326,1.00,1.50
2017.08.14 02:04:21.911,1.42316,1.42326,1.00,2.88
2017.08.14 02:04:22.218,1.42316,1.42326,1.00,1.50
2017.08.14 02:04:22.525,1.42316,1.42326,1.00,2.56
2017.08.14 02:04:23.182,1.42316,1.42326,1.00,2.25
2017.08.14 02:04:23.690,1.42316,1.42326,1.00,3.37
2017.08.14 02:04:24.565,1.42316,1.42326,1.00,1.69
2017.08.14 02:04:25.422,1.42316,1.42326,1.00,1.69
2017.08.14 02:04:25.674,1.42316,1.42326,1.00,1.25
2017.08.14 02:04:25.827,1.42315,1.42326,1.00,3.75
2017.08.14 02:04:25.930,1.42315,1.42326,1.00,5.25
2017.08.14 02:04:26.134,1.42315,1.42325,1.00,1.31
2017.08.14 02:04:26.237,1.42315,1.42325,1.00,3.19
2017.08.14 02:04:26.442,1.42315,1.42325,1.00,1.00
2017.08.14 02:04:26.751,1.42315,1.42325,1.00,1.50
2017.08.14 02:04:26.802,1.42315,1.42325,1.00,1.25
2017.08.14 02:04:26.855,1.4231,1.42325,1.00,2.94
2017.08.14 02:04:27.422,1.4231,1.42325,1.00,1.00
2017.08.14 02:04:27.824,1.42315,1.42325,1.00,1.00
2017.08.14 02:04:30.338,1.42314,1.42325,1.00,1.00
2017.08.14 02:04:30.871,1.42315,1.42325,1.00,1.44
2017.08.14 02:04:31.490,1.42315,1.42325,1.00,1.00
2017.08.14 02:04:32.000,1.42316,1.42325,1.00,2.38
2017.08.14 02:04:32.503,1.42316,1.42325,1.00,1.00
2017.08.14 02:04:33.013,1.42315,1.42325,1.00,1.00
2017.08.14 02:04:33.474,1.42315,1.42325,1.00,1.69
2017.08.14 02:04:33.525,1.42315,1.42325,1.00,2.25
2017.08.14 02:04:34.074,1.42315,1.42325,1.00,3.75
2017.08.14 02:04:34.505,1.42316,1.42325,1.00,3.19
2017.08.14 02:04:34.709,1.42316,1.42325,1.00,2.50
2017.08.14 02:04:35.028,1.42314,1.42322,1.00,1.69
2017.08.14 02:04:35.131,1.42314,1.42322,1.00,1.31
2017.08.14 02:04:35.641,1.42314,1.42322,1.00,1.88
2017.08.14 02:04:36.192,1.42312,1.42321,1.50,1.50
2017.08.14 02:04:36.243,1.42309,1.42319,1.00,1.12
2017.08.14 02:04:36.398,1.42309,1.42319,1.00,1.44
2017.08.14 02:04:36.603,1.42311,1.42319,1.00,1.44
2017.08.14 02:04:36.757,1.42309,1.42319,1.00,1.13
2017.08.14 02:04:37.064,1.4231,1.4232,1.00,1.88
2017.08.14 02:04:37.269,1.4231,1.4232,1.00,1.19
2017.08.14 02:04:37.320,1.4231,1.4232,1.00,1.25
2017.08.14 02:04:37.626,1.42311,1.4232,1.00,1.50
2017.08.14 02:04:37.780,1.42311,1.4232,1.00,1.25
2017.08.14 02:04:38.036,1.42311,1.42321,1.00,1.50
2017.08.14 02:04:38.229,1.42314,1.42324,1.00,2.44
2017.08.14 02:04:38.841,1.42314,1.42324,1.00,3.00
2017.08.14 02:04:39.351,1.42314,1.42324,1.00,2.44
2017.08.14 02:04:40.063,1.42314,1.42324,1.00,1.69
2017.08.14 02:04:40.583,1.42314,1.42324,1.00,1.69
2017.08.14 02:04:42.729,1.42315,1.42327,1.00,2.25
2017.08.14 02:04:42.782,1.42315,1.42327,1.00,2.13
2017.08.14 02:04:45.075,1.42315,1.42327,1.00,2.06
2017.08.14 02:04:45.618,1.42314,1.42325,1.00,1.50
2017.08.14 02:04:46.372,1.42314,1.42325,1.00,3.19
2017.08.14 02:04:46.892,1.42314,1.42325,1.00,2.62
2017.08.14 02:04:47.378,1.42314,1.42325,1.00,3.94
2017.08.14 02:04:47.838,1.42314,1.42324,1.00,1.50
2017.08.14 02:04:48.384,1.42314,1.42324,1.00,3.19
2017.08.14 02:04:48.944,1.42314,1.42324,1.00,2.81
2017.08.14 02:04:49.448,1.42314,1.42324,1.00,2.44
2017.08.14 02:04:49.963,1.42314,1.42324,1.00,2.81
2017.08.14 02:04:50.511,1.42313,1.42324,1.00,1.00
2017.08.14 02:04:51.020,1.42314,1.42324,1.00,1.00
2017.08.14 02:04:51.537,1.42314,1.42324,1.00,1.00
2017.08.14 02:04:53.287,1.42315,1.42324,1.00,1.88
2017.08.14 02:04:53.833,1.42315,1.42324,1.00,1.44
2017.08.14 02:04:54.370,1.42315,1.42324,1.00,1.00
2017.08.14 02:04:54.980,1.42313,1.42324,1.00,1.50
2017.08.14 02:04:55.257,1.4231,1.42323,1.50,1.69
2017.08.14 02:04:55.414,1.42311,1.42323,1.00,4.32
2017.08.14 02:04:55.569,1.42311,1.4232,1.00,1.87
2017.08.14 02:04:55.672,1.42309,1.4232,1.00,2.31
2017.08.14 02:04:55.876,1.42309,1.4232,1.00,1.50
2017.08.14 02:04:55.928,1.42309,1.4232,1.00,1.25
2017.08.14 02:04:56.434,1.42309,1.4232,1.00,1.50
2017.08.14 02:04:56.536,1.42309,1.4232,1.00,1.12
2017.08.14 02:04:56.587,1.42309,1.4232,1.00,1.88
2017.08.14 02:04:57.101,1.42309,1.4232,1.00,3.00
2017.08.14 02:04:57.764,1.42309,1.4232,1.00,2.75
2017.08.14 02:04:58.335,1.42309,1.4232,1.00,3.38
2017.08.14 02:04:58.693,1.42309,1.4232,1.00,3.82
2017.08.14 02:04:58.897,1.42309,1.4232,1.00,3.82
2017.08.14 02:04:59.356,1.42308,1.4232,1.00,3.50
2017.08.14 02:04:59.407,1.42308,1.4232,1.00,2.68
2017.08.14 02:04:59.612,1.4231,1.4232,1.00,2.62
2017.08.14 02:04:59.664,1.4231,1.4232,1.00,3.62
2017.08.14 02:04:59.715,1.42308,1.4232,1.00,3.12
2017.08.14 02:05:00.262,1.4231,1.4232,1.00,4.38
2017.08.14 02:05:00.364,1.42307,1.42319,1.00,1.12
2017.08.14 02:05:00.416,1.42307,1.42319,1.00,1.12
2017.08.14 02:05:00.723,1.42306,1.42318,1.00,2.06
2017.08.14 02:05:01.030,1.42306,1.42318,1.00,4.50
2017.08.14 02:05:01.540,1.42306,1.42318,1.00,3.75
2017.08.14 02:05:01.585,1.42309,1.42318,1.00,1.12
2017.08.14 02:05:01.840,1.42308,1.42319,1.00,1.13
2017.08.14 02:05:02.045,1.42309,1.42319,1.00,1.44
2017.08.14 02:05:02.096,1.42309,1.42319,1.00,1.00
2017.08.14 02:05:02.249,1.42308,1.42319,1.00,1.31
2017.08.14 02:05:02.505,1.42308,1.42319,1.00,2.06
2017.08.14 02:05:02.811,1.42308,1.42319,1.00,2.06
2017.08.14 02:05:02.965,1.42309,1.4232,1.00,1.69
2017.08.14 02:05:03.205,1.42309,1.4232,1.00,3.69
2017.08.14 02:05:03.257,1.42307,1.4232,1.00,5.19
2017.08.14 02:05:03.360,1.42304,1.42315,1.00,1.31
2017.08.14 02:05:03.411,1.42304,1.42313,1.00,1.50
2017.08.14 02:05:03.666,1.42303,1.42313,1.00,1.00
2017.08.14 02:05:04.126,1.42299,1.42313,1.25,1.00
2017.08.14 02:05:04.741,1.42299,1.42312,1.00,1.50
2017.08.14 02:05:05.149,1.42297,1.42312,1.50,2.50
2017.08.14 02:05:05.715,1.42297,1.42312,1.50,1.00
2017.08.14 02:05:06.228,1.42297,1.4231,1.00,1.12
2017.08.14 02:05:06.761,1.42295,1.4231,2.63,1.00
2017.08.14 02:05:07.899,1.42294,1.4231,1.88,1.12
2017.08.14 02:05:08.200,1.42299,1.4231,1.00,1.69
2017.08.14 02:05:08.865,1.42297,1.4231,1.00,1.00
2017.08.14 02:05:08.967,1.42294,1.4231,1.12,2.38
2017.08.14 02:05:09.377,1.42296,1.4231,1.00,2.94
2017.08.14 02:05:09.907,1.42296,1.4231,1.00,1.25
2017.08.14 02:05:10.934,1.42298,1.4231,1.00,1.19
2017.08.14 02:05:12.160,1.42298,1.4231,1.00,1.56
2017.08.14 02:05:12.670,1.42297,1.4231,1.50,1.19
2017.08.14 02:05:12.772,1.42298,1.4231,1.25,1.00
2017.08.14 02:05:13.322,1.42297,1.4231,2.44,1.00
2017.08.14 02:05:13.782,1.42301,1.42312,1.00,1.50
2017.08.14 02:05:14.283,1.42301,1.42312,1.00,1.00
2017.08.14 02:05:14.745,1.42299,1.42312,1.25,1.00
2017.08.14 02:05:15.329,1.42299,1.42312,1.25,1.00
2017.08.14 02:05:15.690,1.42299,1.42312,1.00,1.00
2017.08.14 02:05:16.201,1.42299,1.42312,1.00,1.00
2017.08.14 02:05:16.509,1.42299,1.42312,1.00,1.00
2017.08.14 02:05:17.017,1.42299,1.42311,1.00,1.13
2017.08.14 02:05:20.958,1.42298,1.42311,1.00,1.00
2017.08.14 02:05:21.526,1.42295,1.42311,1.75,2.13
2017.08.14 02:05:22.765,1.42296,1.42311,1.50,2.31
2017.08.14 02:05:24.987,1.42296,1.42311,1.25,1.00
2017.08.14 02:05:26.218,1.42295,1.42309,1.12,1.13
2017.08.14 02:05:26.525,1.42294,1.42309,1.12,1.00
2017.08.14 02:05:26.576,1.42294,1.42309,1.12,1.00
2017.08.14 02:05:27.156,1.42295,1.42309,1.00,1.00
2017.08.14 02:05:27.682,1.42294,1.42309,1.87,1.00
2017.08.14 02:05:31.312,1.42294,1.42309,2.44,1.88
2017.08.14 02:05:32.931,1.42294,1.42309,2.06,1.44
2017.08.14 02:05:33.467,1.42294,1.42309,1.50,1.00
2017.08.14 02:05:35.068,1.42296,1.42309,1.00,1.00
2017.08.14 02:05:35.170,1.42294,1.42309,3.94,1.00
2017.08.14 02:05:35.922,1.42295,1.42309,1.00,1.00
2017.08.14 02:05:42.412,1.42295,1.42309,1.00,1.50
2017.08.14 02:05:42.947,1.42294,1.42309,1.00,1.25
2017.08.14 02:05:43.488,1.42293,1.42309,1.37,1.00
2017.08.14 02:05:45.007,1.42291,1.42308,1.75,1.12
2017.08.14 02:05:45.359,1.42287,1.42304,2.25,2.06
2017.08.14 02:05:46.325,1.42287,1.42303,2.25,1.12
2017.08.14 02:05:46.874,1.42287,1.42303,2.25,2.12
2017.08.14 02:05:47.506,1.42287,1.42302,2.25,1.13
2017.08.14 02:05:48.007,1.42287,1.42302,2.25,2.12
2017.08.14 02:05:49.072,1.42287,1.42302,1.50,2.12
2017.08.14 02:05:52.348,1.42287,1.42302,1.50,1.00
2017.08.14 02:05:52.840,1.42288,1.42302,1.19,1.00
2017.08.14 02:05:52.891,1.42289,1.42304,1.00,1.12
2017.08.14 02:05:52.943,1.42288,1.42304,2.81,1.00
2017.08.14 02:05:53.547,1.42291,1.42304,1.37,1.31
2017.08.14 02:05:53.599,1.4229,1.42304,2.44,1.25
2017.08.14 02:05:54.109,1.42291,1.42304,1.00,1.19
2017.08.14 02:05:55.237,1.42293,1.42304,1.00,1.19
2017.08.14 02:05:55.949,1.42293,1.42304,1.00,1.00
2017.08.14 02:05:57.466,1.42293,1.42304,1.00,1.44
2017.08.14 02:05:58.217,1.4229,1.42303,1.00,2.06
2017.08.14 02:05:59.661,1.42288,1.42302,1.56,1.12
2017.08.14 02:06:00.261,1.4229,1.42302,1.00,2.13
2017.08.14 02:06:00.595,1.4229,1.42302,1.00,1.50
2017.08.14 02:06:00.800,1.4229,1.42305,2.06,1.87
2017.08.14 02:06:00.903,1.42291,1.42305,3.75,1.31
2017.08.14 02:06:00.955,1.42292,1.42305,1.88,1.56
2017.08.14 02:06:01.058,1.42293,1.42305,1.69,1.00
2017.08.14 02:06:01.160,1.42295,1.42308,1.00,1.50
2017.08.14 02:06:01.365,1.42295,1.42308,2.25,1.56
2017.08.14 02:06:01.417,1.42295,1.42308,2.25,1.00
2017.08.14 02:06:01.965,1.42295,1.42308,2.44,1.00
2017.08.14 02:06:02.469,1.42295,1.42308,1.63,1.00
2017.08.14 02:06:03.281,1.42296,1.42308,1.00,1.00
2017.08.14 02:06:07.104,1.42293,1.42308,1.12,3.82
2017.08.14 02:06:07.206,1.42291,1.42307,1.88,1.12
2017.08.14 02:06:07.410,1.42291,1.42307,2.06,2.12
2017.08.14 02:06:07.564,1.42291,1.42307,2.44,2.12
2017.08.14 02:06:07.666,1.42292,1.42307,1.44,2.31
2017.08.14 02:06:08.175,1.42291,1.42307,2.25,2.13
2017.08.14 02:06:08.482,1.42291,1.42307,2.25,3.37
2017.08.14 02:06:08.533,1.42292,1.42307,1.63,1.00
2017.08.14 02:06:08.636,1.42292,1.42307,3.00,1.00
2017.08.14 02:06:08.687,1.42293,1.42307,1.63,1.00
2017.08.14 02:06:08.837,1.42295,1.42308,1.00,1.25
2017.08.14 02:06:11.016,1.42295,1.42308,1.37,1.00
2017.08.14 02:06:11.545,1.42295,1.42308,1.63,1.00
2017.08.14 02:06:12.069,1.42295,1.42308,1.12,1.00
2017.08.14 02:06:12.459,1.42295,1.42309,1.12,1.00
2017.08.14 02:06:13.210,1.42295,1.42309,1.12,1.00
2017.08.14 02:06:14.069,1.42296,1.42309,2.06,1.00
2017.08.14 02:06:14.121,1.42296,1.42311,3.75,1.00
2017.08.14 02:06:14.224,1.42296,1.42311,2.63,1.00
2017.08.14 02:06:14.515,1.42296,1.42311,1.13,1.00
2017.08.14 02:06:14.873,1.42294,1.4231,1.69,1.50
2017.08.14 02:06:15.403,1.42295,1.4231,1.00,2.50
2017.08.14 02:06:16.268,1.42294,1.4231,1.63,2.12
2017.08.14 02:06:17.022,1.42293,1.4231,3.19,2.12
2017.08.14 02:06:17.285,1.42293,1.4231,2.44,1.00
2017.08.14 02:06:18.041,1.42301,1.42311,1.00,2.44
2017.08.14 02:06:18.550,1.42302,1.42311,1.00,2.69
2017.08.14 02:06:18.816,1.423,1.42311,1.00,1.00
2017.08.14 02:06:20.486,1.423,1.42311,1.00,1.81
2017.08.14 02:06:21.034,1.423,1.42311,1.00,1.69
2017.08.14 02:06:21.469,1.42302,1.42311,1.00,1.88
2017.08.14 02:06:21.916,1.423,1.42311,1.00,2.06
2017.08.14 02:06:23.427,1.42302,1.42312,1.00,1.13
2017.08.14 02:06:23.734,1.423,1.42312,1.00,2.31
2017.08.14 02:06:24.041,1.42302,1.42313,1.00,2.19
2017.08.14 02:06:24.194,1.42303,1.42314,1.00,1.69
2017.08.14 02:06:24.375,1.42306,1.42315,1.00,1.87
2017.08.14 02:06:24.630,1.42304,1.42315,1.00,1.31
2017.08.14 02:06:24.886,1.42304,1.42315,1.00,3.13
2017.08.14 02:06:25.396,1.42304,1.42315,1.00,2.50
2017.08.14 02:06:26.849,1.42303,1.42315,1.00,2.69
2017.08.14 02:06:27.359,1.42304,1.42315,1.00,1.81
2017.08.14 02:06:27.891,1.42303,1.42315,1.00,1.81
2017.08.14 02:06:28.719,1.42302,1.42315,1.00,2.25
2017.08.14 02:06:28.975,1.42301,1.42313,1.00,1.13
2017.08.14 02:06:29.026,1.42303,1.42313,1.00,2.13
2017.08.14 02:06:29.367,1.42299,1.42313,1.00,4.50
2017.08.14 02:06:29.470,1.42298,1.42309,1.00,1.12
2017.08.14 02:06:29.624,1.42298,1.42309,1.00,1.25
2017.08.14 02:06:30.134,1.42299,1.42312,1.00,3.19
2017.08.14 02:06:30.656,1.42299,1.42312,1.00,3.13
2017.08.14 02:06:30.758,1.42299,1.42312,1.00,3.75
2017.08.14 02:06:31.281,1.42299,1.42311,1.00,1.13
2017.08.14 02:06:31.785,1.42299,1.42311,1.00,1.50
2017.08.14 02:06:32.904,1.42299,1.42311,1.00,2.13
2017.08.14 02:06:33.408,1.423,1.42311,1.00,3.31
2017.08.14 02:06:33.963,1.423,1.42311,1.00,1.88
2017.08.14 02:06:34.167,1.42296,1.42311,1.00,3.75
2017.08.14 02:06:34.684,1.42297,1.42311,1.00,1.81
2017.08.14 02:06:34.940,1.42299,1.42313,1.00,1.69
2017.08.14 02:06:35.144,1.42297,1.42313,2.25,1.56
2017.08.14 02:06:35.298,1.423,1.42314,1.00,1.44
2017.08.14 02:06:35.810,1.42301,1.42314,1.00,1.44
2017.08.14 02:06:36.116,1.42301,1.42314,1.00,1.19
2017.08.14 02:06:36.664,1.42302,1.42314,1.00,2.81
2017.08.14 02:06:42.651,1.42301,1.42314,1.00,1.31
2017.08.14 02:06:43.917,1.42302,1.42314,1.00,1.69
2017.08.14 02:06:46.190,1.42301,1.42314,1.00,3.19
2017.08.14 02:06:48.377,1.42298,1.42313,1.88,1.31
2017.08.14 02:06:53.581,1.42297,1.42312,1.13,1.13
2017.08.14 02:06:54.120,1.42297,1.42312,1.13,2.06
2017.08.14 02:06:58.536,1.42298,1.42312,1.00,3.19
2017.08.14 02:06:58.739,1.42297,1.42312,2.44,1.31
2017.08.14 02:06:58.790,1.42297,1.42313,2.06,2.44
2017.08.14 02:06:59.303,1.42297,1.42313,1.88,2.81
2017.08.14 02:06:59.456,1.42297,1.42313,1.69,2.44
2017.08.14 02:07:00.704,1.42297,1.42313,2.06,2.06
2017.08.14 02:07:00.894,1.42297,1.42313,1.69,2.44
2017.08.14 02:07:02.388,1.42297,1.42313,1.88,1.69
2017.08.14 02:07:03.029,1.42297,1.42313,2.06,2.81
2017.08.14 02:07:03.537,1.42297,1.42313,1.88,1.69
2017.08.14 02:07:04.510,1.42298,1.42313,1.38,1.88
2017.08.14 02:07:07.980,1.42298,1.42313,1.13,1.56
2017.08.14 02:07:09.027,1.42299,1.42313,1.00,2.25
2017.08.14 02:07:09.832,1.42299,1.42313,1.25,1.88
2017.08.14 02:07:10.342,1.42299,1.42313,1.00,3.38
2017.08.14 02:07:10.852,1.42298,1.42313,1.25,1.50
2017.08.14 02:07:11.203,1.42305,1.42318,1.00,3.00
2017.08.14 02:07:12.841,1.42303,1.42318,1.44,3.75
2017.08.14 02:07:12.944,1.42302,1.42318,1.50,3.00
2017.08.14 02:07:14.800,1.42301,1.42317,1.00,1.50
2017.08.14 02:07:14.851,1.42298,1.42315,1.50,2.62
2017.08.14 02:07:14.903,1.42296,1.42314,1.37,1.13
2017.08.14 02:07:15.005,1.42299,1.42314,1.38,1.87
2017.08.14 02:07:15.159,1.42301,1.42316,1.13,2.25
2017.08.14 02:07:15.663,1.42302,1.42316,1.00,2.25
2017.08.14 02:07:16.437,1.42305,1.42321,1.00,2.25
2017.08.14 02:07:16.489,1.42308,1.42322,1.50,1.75
2017.08.14 02:07:16.732,1.42311,1.42328,2.81,1.69
2017.08.14 02:07:16.836,1.42315,1.42328,1.00,1.00
2017.08.14 02:07:17.143,1.42317,1.42328,1.44,1.00
2017.08.14 02:07:17.297,1.42317,1.4233,1.38,1.00
2017.08.14 02:07:17.503,1.42317,1.4233,1.25,1.00
2017.08.14 02:07:17.708,1.42318,1.4233,1.38,1.00
2017.08.14 02:07:18.238,1.42316,1.4233,1.38,1.00
2017.08.14 02:07:18.750,1.42319,1.4233,1.13,1.00
2017.08.14 02:07:19.308,1.42315,1.4233,3.38,1.00
2017.08.14 02:07:19.513,1.42315,1.4233,3.19,1.00
2017.08.14 02:07:19.820,1.42317,1.4233,1.13,1.00
2017.08.14 02:07:20.324,1.42315,1.4233,2.44,1.00
2017.08.14 02:07:20.833,1.42315,1.4233,1.69,1.00
2017.08.14 02:07:20.885,1.42315,1.4233,1.31,1.00
2017.08.14 02:07:20.987,1.42315,1.4233,2.06,1.00
2017.08.14 02:07:21.547,1.42315,1.4233,3.19,1.00
2017.08.14 02:07:22.051,1.42315,1.4233,1.69,1.00
2017.08.14 02:07:22.510,1.42315,1.42329,1.00,1.00
2017.08.14 02:07:23.052,1.42315,1.42329,1.44,1.00
2017.08.14 02:07:23.104,1.42315,1.42329,2.25,1.00
2017.08.14 02:07:23.605,1.42315,1.42329,1.87,1.00
2017.08.14 02:07:24.004,1.42317,1.42329,1.25,1.00
2017.08.14 02:07:24.621,1.42317,1.42329,1.25,1.00
2017.08.14 02:07:25.451,1.42318,1.42329,1.00,1.00
2017.08.14 02:07:25.813,1.4232,1.42329,1.31,1.00
2017.08.14 02:07:25.866,1.42323,1.42337,1.00,1.50
2017.08.14 02:07:26.173,1.42324,1.42339,1.12,1.50
2017.08.14 02:07:26.714,1.42323,1.42339,2.25,1.00
2017.08.14 02:07:27.236,1.42324,1.42339,1.12,2.50
2017.08.14 02:07:28.019,1.42324,1.42338,1.12,1.00
2017.08.14 02:07:28.071,1.42324,1.42338,1.12,1.00
2017.08.14 02:07:28.173,1.42324,1.42338,1.69,1.00
2017.08.14 02:07:28.480,1.42324,1.42338,1.12,1.00
2017.08.14 02:07:28.787,1.42324,1.42338,1.69,1.00
2017.08.14 02:07:29.343,1.42324,1.42338,1.69,1.00
2017.08.14 02:07:29.866,1.42326,1.42338,1.00,1.00
2017.08.14 02:07:31.545,1.42326,1.42338,1.00,1.00
2017.08.14 02:07:32.054,1.42326,1.42338,1.00,1.00
2017.08.14 02:07:32.304,1.42325,1.42338,1.50,1.00
2017.08.14 02:07:32.664,1.42323,1.42338,3.00,1.00
2017.08.14 02:07:32.929,1.42321,1.42337,1.69,1.00
2017.08.14 02:07:32.981,1.42319,1.42336,2.44,1.31
2017.08.14 02:07:33.032,1.42319,1.42333,1.69,1.00
2017.08.14 02:07:33.390,1.42318,1.42332,1.00,1.31
2017.08.14 02:07:34.620,1.4232,1.42332,1.00,2.31
2017.08.14 02:07:34.825,1.42317,1.42332,1.88,2.50
2017.08.14 02:07:35.131,1.42318,1.42331,1.00,1.00
2017.08.14 02:07:35.437,1.42316,1.42331,1.25,1.00
2017.08.14 02:07:35.957,1.42317,1.42331,1.50,1.00
2017.08.14 02:07:36.517,1.42318,1.42331,1.00,1.00
2017.08.14 02:07:36.619,1.42318,1.42331,1.00,1.00
2017.08.14 02:07:36.873,1.42316,1.42331,1.31,1.00
2017.08.14 02:07:37.382,1.42316,1.42331,1.13,1.00
2017.08.14 02:07:37.947,1.42316,1.42331,1.63,1.00
2017.08.14 02:07:37.998,1.42316,1.42331,1.25,1.00
2017.08.14 02:07:38.050,1.42318,1.42331,1.00,1.00
2017.08.14 02:07:38.101,1.42316,1.42331,1.25,1.00
2017.08.14 02:07:38.204,1.42316,1.42331,1.13,1.00
2017.08.14 02:07:38.712,1.42317,1.42331,1.25,1.00
2017.08.14 02:07:39.253,1.42315,1.4233,2.06,1.00
2017.08.14 02:07:39.304,1.42315,1.4233,1.69,1.00
2017.08.14 02:07:39.459,1.42317,1.4233,1.00,1.00
2017.08.14 02:07:40.009,1.42318,1.4233,1.00,1.00
2017.08.14 02:07:41.614,1.42318,1.4233,1.25,1.00
2017.08.14 02:07:42.937,1.42316,1.4233,1.25,1.00
2017.08.14 02:07:43.244,1.4232,1.4233,1.00,1.00
2017.08.14 02:07:43.551,1.42317,1.4233,2.06,1.00
2017.08.14 02:07:43.907,1.42317,1.42329,1.25,1.00
2017.08.14 02:07:44.425,1.42317,1.42329,1.00,1.00
2017.08.14 02:07:45.504,1.42317,1.42329,1.13,1.00
2017.08.14 02:07:46.017,1.42317,1.42329,1.00,1.00
2017.08.14 02:07:46.492,1.42315,1.42329,3.00,1.00
2017.08.14 02:07:47.002,1.42315,1.42329,2.25,1.00
2017.08.14 02:07:47.054,1.42317,1.42329,1.00,1.00
2017.08.14 02:07:47.563,1.42317,1.42329,1.00,1.00
2017.08.14 02:07:48.457,1.42317,1.42329,1.00,1.00
2017.08.14 02:07:48.509,1.42314,1.42328,2.81,1.00
2017.08.14 02:07:48.613,1.42313,1.42328,3.38,1.00
2017.08.14 02:07:49.071,1.42316,1.42328,1.00,1.00
2017.08.14 02:07:49.351,1.42314,1.42328,1.13,1.00
2017.08.14 02:07:50.009,1.42313,1.42328,1.25,1.00
2017.08.14 02:07:50.060,1.42315,1.42328,1.00,1.00
2017.08.14 02:07:50.366,1.42313,1.42328,1.69,1.00
2017.08.14 02:07:50.468,1.42315,1.42328,1.00,1.00
2017.08.14 02:07:51.380,1.42314,1.42328,1.44,1.00
2017.08.14 02:07:51.793,1.42314,1.42328,1.44,1.00
2017.08.14 02:07:52.314,1.42315,1.42328,1.44,1.00
2017.08.14 02:07:52.554,1.42314,1.42328,1.13,1.00
2017.08.14 02:07:52.812,1.42314,1.42328,1.88,1.00
2017.08.14 02:07:53.156,1.42315,1.42328,1.00,1.00
2017.08.14 02:07:53.884,1.42312,1.42328,2.62,1.00
2017.08.14 02:07:53.936,1.42312,1.42327,1.87,1.00
2017.08.14 02:07:54.294,1.42312,1.42326,1.56,1.00
2017.08.14 02:07:54.601,1.42314,1.42326,2.25,1.00
2017.08.14 02:07:54.745,1.42313,1.42326,2.25,1.00
2017.08.14 02:07:54.797,1.42314,1.42325,1.31,1.00
2017.08.14 02:07:55.104,1.42311,1.42325,2.06,1.00
2017.08.14 02:07:55.463,1.42311,1.42325,1.87,1.00
2017.08.14 02:07:55.616,1.42313,1.42325,1.00,1.00
2017.08.14 02:07:55.668,1.42311,1.42325,1.87,1.00
2017.08.14 02:07:56.208,1.42311,1.42325,1.88,1.00
2017.08.14 02:07:56.813,1.42311,1.42325,2.06,1.00
2017.08.14 02:07:56.916,1.42312,1.42324,1.50,1.00
2017.08.14 02:07:56.968,1.42314,1.42324,1.50,1.00
2017.08.14 02:07:57.554,1.42313,1.42324,2.00,1.00
2017.08.14 02:07:57.755,1.42313,1.42324,1.50,1.00
2017.08.14 02:07:58.010,1.42312,1.42324,1.44,1.00
2017.08.14 02:07:58.215,1.42311,1.42324,2.62,1.00
2017.08.14 02:07:58.368,1.42311,1.42324,1.31,1.00
2017.08.14 02:07:58.879,1.4231,1.42323,1.63,1.00
2017.08.14 02:07:59.161,1.42309,1.42322,1.00,1.00
2017.08.14 02:07:59.519,1.42309,1.42322,1.00,1.00
2017.08.14 02:07:59.674,1.42309,1.42322,1.50,1.00
2017.08.14 02:08:00.060,1.42309,1.42322,1.50,1.00
2017.08.14 02:08:00.264,1.4231,1.42322,1.19,1.00
2017.08.14 02:08:00.521,1.42313,1.42322,1.88,1.00
2017.08.14 02:08:00.725,1.42312,1.42324,2.06,1.00
2017.08.14 02:08:00.929,1.42314,1.42324,1.69,1.00
2017.08.14 02:08:01.082,1.42314,1.4233,1.44,1.00
2017.08.14 02:08:01.491,1.42313,1.4233,1.87,1.00
2017.08.14 02:08:01.644,1.42313,1.4233,2.44,1.00
2017.08.14 02:08:01.899,1.42313,1.4233,1.87,2.13
2017.08.14 02:08:02.002,1.42313,1.42327,2.44,1.00
2017.08.14 02:08:02.500,1.42313,1.42327,1.69,1.00
2017.08.14 02:08:03.012,1.42311,1.42324,1.25,1.00
2017.08.14 02:08:03.525,1.42309,1.42324,3.00,1.00
2017.08.14 02:08:03.679,1.42309,1.42324,3.38,1.00
2017.08.14 02:08:03.934,1.4231,1.42323,1.13,1.00
2017.08.14 02:08:04.342,1.42308,1.42323,1.81,1.00
2017.08.14 02:08:04.547,1.42308,1.42323,1.13,1.00
2017.08.14 02:08:04.866,1.42308,1.42322,1.75,1.00
2017.08.14 02:08:05.019,1.42308,1.42322,1.13,1.00
2017.08.14 02:08:05.545,1.42308,1.42322,1.88,1.00
2017.08.14 02:08:06.117,1.42309,1.42322,1.00,1.00
2017.08.14 02:08:06.628,1.42308,1.42322,2.25,1.00
2017.08.14 02:08:07.153,1.42309,1.42322,2.06,1.00
2017.08.14 02:08:07.204,1.42313,1.42322,1.13,1.00
2017.08.14 02:08:07.404,1.42313,1.42325,1.31,1.00
2017.08.14 02:08:07.456,1.42314,1.42325,1.38,1.00
2017.08.14 02:08:07.508,1.42316,1.42327,1.13,1.00
2017.08.14 02:08:07.610,1.42316,1.42327,1.38,1.00
2017.08.14 02:08:08.018,1.42316,1.42327,1.88,1.00
2017.08.14 02:08:08.563,1.42316,1.42327,1.88,1.00
2017.08.14 02:08:09.571,1.42314,1.42327,3.00,1.00
2017.08.14 02:08:10.122,1.42316,1.42327,1.88,1.00
2017.08.14 02:08:10.927,1.42316,1.42327,1.00,1.00
2017.08.14 02:08:12.605,1.42316,1.42327,1.88,1.00
2017.08.14 02:08:13.118,1.42318,1.42327,1.00,1.00
2017.08.14 02:08:13.423,1.42316,1.42327,1.13,1.00
2017.08.14 02:08:13.475,1.42314,1.42326,1.25,1.00
2017.08.14 02:08:13.833,1.4231,1.42326,1.87,1.00
2017.08.14 02:08:14.421,1.42313,1.42326,1.00,1.00
2017.08.14 02:08:14.473,1.42311,1.42324,1.25,1.00
2017.08.14 02:08:14.830,1.42312,1.42324,1.00,1.00
2017.08.14 02:08:14.882,1.4231,1.42324,1.50,1.00
2017.08.14 02:08:15.963,1.4231,1.42323,1.12,1.00
2017.08.14 02:08:16.500,1.42308,1.42323,1.63,1.00
2017.08.14 02:08:18.417,1.42308,1.42323,1.44,1.00
2017.08.14 02:08:18.961,1.42308,1.42323,2.06,1.00
2017.08.14 02:08:20.138,1.42308,1.42322,1.63,1.00
2017.08.14 02:08:20.455,1.4231,1.42322,1.13,1.00
2017.08.14 02:08:21.075,1.42308,1.42322,1.88,1.00
2017.08.14 02:08:24.945,1.42308,1.42322,1.69,1.00
2017.08.14 02:08:25.647,1.42308,1.42322,1.38,1.00
2017.08.14 02:08:25.803,1.42309,1.42322,1.44,1.00
2017.08.14 02:08:26.305,1.42308,1.42322,1.44,1.00
2017.08.14 02:08:27.201,1.42308,1.42322,1.44,1.00
2017.08.14 02:08:27.546,1.42308,1.42322,1.75,1.00
2017.08.14 02:08:28.055,1.4231,1.42322,2.25,1.00
2017.08.14 02:08:28.600,1.4231,1.42322,1.31,1.00
2017.08.14 02:08:28.946,1.4232,1.42326,1.00,1.00
2017.08.14 02:08:29.048,1.4232,1.42328,1.00,1.00
2017.08.14 02:08:29.101,1.4232,1.42328,1.13,1.00
2017.08.14 02:08:29.610,1.42317,1.42328,2.44,1.00
2017.08.14 02:08:29.814,1.4232,1.42329,1.00,1.00
2017.08.14 02:08:29.865,1.4232,1.42329,1.13,1.00
2017.08.14 02:08:30.377,1.42318,1.42329,1.75,1.00
2017.08.14 02:08:30.735,1.42319,1.4233,1.50,1.00
2017.08.14 02:08:30.838,1.42322,1.42331,2.00,1.00
2017.08.14 02:08:30.941,1.42322,1.42333,2.44,1.00
2017.08.14 02:08:31.542,1.42324,1.42333,2.81,1.00
2017.08.14 02:08:32.158,1.42324,1.42334,1.88,1.00
2017.08.14 02:08:32.210,1.42326,1.42334,1.00,1.00
2017.08.14 02:08:32.312,1.42324,1.42334,1.88,1.00
2017.08.14 02:08:32.831,1.42324,1.42334,1.88,1.00
2017.08.14 02:08:34.043,1.42324,1.42334,1.25,1.00
2017.08.14 02:08:34.331,1.42326,1.42334,1.13,1.00
2017.08.14 02:08:34.435,1.42325,1.42336,1.38,1.00
2017.08.14 02:08:34.691,1.42325,1.42336,1.25,1.00
2017.08.14 02:08:35.218,1.42326,1.42336,1.25,1.00
2017.08.14 02:08:37.326,1.42326,1.42336,1.13,1.00
2017.08.14 02:08:37.845,1.42325,1.42336,1.31,1.00
2017.08.14 02:08:39.295,1.42325,1.42336,1.50,1.00
2017.08.14 02:08:39.832,1.42326,1.42336,1.00,1.00
2017.08.14 02:08:40.085,1.42326,1.42336,1.00,1.00
2017.08.14 02:08:40.937,1.42325,1.42336,1.50,1.00
2017.08.14 02:08:41.294,1.42325,1.42336,1.25,1.00
2017.08.14 02:08:41.447,1.42321,1.42336,1.37,1.00
2017.08.14 02:08:41.500,1.4232,1.42334,1.88,1.00
2017.08.14 02:08:41.552,1.4232,1.42334,1.00,1.00
2017.08.14 02:08:41.860,1.42318,1.42332,2.25,1.00
2017.08.14 02:08:42.486,1.42318,1.42331,1.31,1.00
2017.08.14 02:08:42.990,1.42316,1.4233,1.25,1.00
2017.08.14 02:08:43.397,1.42316,1.4233,2.06,1.00
2017.08.14 02:08:45.437,1.42316,1.4233,2.44,1.00
2017.08.14 02:08:45.947,1.42317,1.4233,1.62,1.00
2017.08.14 02:08:46.725,1.42316,1.4233,1.88,1.00
2017.08.14 02:08:47.233,1.42316,1.4233,1.31,1.00
2017.08.14 02:08:47.864,1.42316,1.4233,1.88,1.00
2017.08.14 02:08:48.374,1.42316,1.4233,1.44,1.00
2017.08.14 02:08:48.768,1.42316,1.4233,1.50,1.00
2017.08.14 02:08:50.314,1.42319,1.4233,1.00,1.00
2017.08.14 02:08:50.828,1.42317,1.4233,1.44,1.00
2017.08.14 02:08:51.885,1.42317,1.42331,1.44,1.00
2017.08.14 02:08:53.212,1.42317,1.42333,1.69,1.88
2017.08.14 02:08:53.263,1.42316,1.42333,2.44,2.50
2017.08.14 02:08:54.476,1.42316,1.42333,2.63,2.88
2017.08.14 02:08:54.883,1.42318,1.42333,1.31,1.13
2017.08.14 02:08:56.111,1.4232,1.42333,1.00,1.13
2017.08.14 02:08:56.983,1.42321,1.42333,1.00,1.13
2017.08.14 02:08:57.085,1.42319,1.42333,1.00,1.44
2017.08.14 02:08:58.364,1.42319,1.42333,1.00,1.38
2017.08.14 02:08:58.870,1.42319,1.42333,1.00,1.44
2017.08.14 02:08:59.410,1.4232,1.42333,1.00,1.44
2017.08.14 02:08:59.925,1.42319,1.42333,1.00,1.44
2017.08.14 02:09:00.512,1.42319,1.42333,1.00,1.13
2017.08.14 02:09:00.925,1.42317,1.42333,1.69,2.88
2017.08.14 02:09:01.433,1.42317,1.42332,1.88,1.13
2017.08.14 02:09:01.943,1.42317,1.42332,1.13,2.13
2017.08.14 02:09:02.706,1.42318,1.42332,1.00,1.00
2017.08.14 02:09:02.808,1.42318,1.42333,1.44,2.63
2017.08.14 02:09:02.911,1.42318,1.42334,1.63,1.50
2017.08.14 02:09:03.014,1.42319,1.42335,1.38,2.25
2017.08.14 02:09:03.117,1.42322,1.42335,1.00,1.44
2017.08.14 02:09:03.169,1.42319,1.42335,2.25,1.69
2017.08.14 02:09:03.220,1.42319,1.42335,1.88,2.13
2017.08.14 02:09:03.577,1.42321,1.42335,1.13,1.88
2017.08.14 02:09:04.093,1.4232,1.42335,3.00,1.44
2017.08.14 02:09:04.606,1.4232,1.42335,1.12,1.00
2017.08.14 02:09:04.760,1.42318,1.42335,1.50,2.56
2017.08.14 02:09:05.287,1.42317,1.42335,3.56,3.37
2017.08.14 02:09:05.798,1.42317,1.42335,2.06,2.25
2017.08.14 02:09:06.325,1.42318,1.42335,1.00,2.25
2017.08.14 02:09:07.070,1.42318,1.42335,1.13,2.25
2017.08.14 02:09:08.922,1.42318,1.42335,1.44,1.50
2017.08.14 02:09:09.451,1.42318,1.42335,1.00,2.62
2017.08.14 02:09:10.685,1.42318,1.42335,1.88,1.50
2017.08.14 02:09:12.358,1.42318,1.42335,1.00,3.63
2017.08.14 02:09:13.239,1.42318,1.42333,1.44,1.50
2017.08.14 02:09:13.818,1.42317,1.42333,2.63,2.31
2017.08.14 02:09:14.744,1.42317,1.42333,1.56,2.50
2017.08.14 02:09:15.253,1.42318,1.42333,1.31,2.50
2017.08.14 02:09:15.610,1.42316,1.42333,1.50,3.00
2017.08.14 02:09:16.937,1.42318,1.42333,1.38,1.00
2017.08.14 02:09:17.040,1.42317,1.42333,2.44,1.25
2017.08.14 02:09:17.092,1.4232,1.42333,1.00,1.00
2017.08.14 02:09:17.617,1.42317,1.42333,1.69,2.13
2017.08.14 02:09:18.587,1.42317,1.42333,2.25,1.00
2017.08.14 02:09:19.114,1.42317,1.42333,1.69,2.13
2017.08.14 02:09:19.908,1.42317,1.42333,1.69,2.13
2017.08.14 02:09:20.427,1.42315,1.42332,1.00,1.50
2017.08.14 02:09:20.479,1.42314,1.42331,1.25,1.31
2017.08.14 02:09:20.836,1.42312,1.42329,1.50,1.50
2017.08.14 02:09:20.887,1.42315,1.42329,1.13,1.00
2017.08.14 02:09:20.990,1.42313,1.42329,1.50,1.00
2017.08.14 02:09:21.041,1.42317,1.42329,1.38,1.00
2017.08.14 02:09:21.234,1.42316,1.42331,1.38,1.69
2017.08.14 02:09:21.286,1.42316,1.42331,1.19,1.00
2017.08.14 02:09:21.594,1.42316,1.42331,1.69,1.00
2017.08.14 02:09:21.696,1.42316,1.42331,1.25,1.00
2017.08.14 02:09:21.900,1.42316,1.42331,1.25,1.00
2017.08.14 02:09:22.155,1.42316,1.42331,1.00,1.00
2017.08.14 02:09:22.664,1.42316,1.42331,1.25,1.00
2017.08.14 02:09:23.250,1.42315,1.42331,1.87,1.00
2017.08.14 02:09:23.557,1.42316,1.42331,1.00,1.00
2017.08.14 02:09:24.066,1.42316,1.42331,1.00,1.00
2017.08.14 02:09:24.574,1.42314,1.42331,2.25,2.50
2017.08.14 02:09:25.083,1.42313,1.42331,2.06,2.50
2017.08.14 02:09:25.347,1.42312,1.42328,1.31,2.25
2017.08.14 02:09:25.450,1.42309,1.42327,2.63,1.12
2017.08.14 02:09:25.757,1.42311,1.42327,1.44,3.25
2017.08.14 02:09:25.961,1.4231,1.42326,1.31,1.12
2017.08.14 02:09:26.116,1.4231,1.42326,1.50,1.00
2017.08.14 02:09:26.665,1.4231,1.42326,1.31,1.00
2017.08.14 02:09:26.716,1.42311,1.42326,1.25,2.50
2017.08.14 02:09:27.227,1.4231,1.42326,1.31,1.00
2017.08.14 02:09:27.926,1.4231,1.42326,1.31,1.00
2017.08.14 02:09:28.562,1.4231,1.42326,1.69,2.69
2017.08.14 02:09:29.066,1.4231,1.42326,1.88,1.00
2017.08.14 02:09:29.614,1.4231,1.42326,1.88,1.00
2017.08.14 02:09:30.248,1.4231,1.42326,1.88,2.69
2017.08.14 02:09:30.452,1.4231,1.42326,1.31,2.50
2017.08.14 02:09:31.064,1.4231,1.42325,1.31,1.12
2017.08.14 02:09:31.573,1.4231,1.42325,1.31,1.12
2017.08.14 02:09:31.855,1.4231,1.42325,1.50,1.00
2017.08.14 02:09:32.217,1.4231,1.42325,1.75,1.00
2017.08.14 02:09:32.269,1.42308,1.42325,3.75,1.00
2017.08.14 02:09:32.320,1.42309,1.42325,1.94,1.00
2017.08.14 02:09:32.371,1.42308,1.42325,4.13,1.00
2017.08.14 02:09:32.881,1.42311,1.42325,1.25,1.00
2017.08.14 02:09:33.190,1.42317,1.42328,1.69,1.00
2017.08.14 02:09:33.292,1.42318,1.42328,2.06,1.00
2017.08.14 02:09:33.345,1.42318,1.4233,1.63,1.00
2017.08.14 02:09:33.447,1.42318,1.4233,1.25,1.00
2017.08.14 02:09:33.993,1.42318,1.4233,1.88,1.00
2017.08.14 02:09:34.401,1.42317,1.4233,2.81,1.00
2017.08.14 02:09:34.759,1.42319,1.4233,1.25,1.00
2017.08.14 02:09:35.066,1.42319,1.4233,1.00,1.00
2017.08.14 02:09:35.588,1.42319,1.4233,1.44,1.00
2017.08.14 02:09:36.332,1.42321,1.4233,1.00,1.00
2017.08.14 02:09:36.602,1.4232,1.4233,1.00,1.00
2017.08.14 02:09:37.829,1.4232,1.4233,1.44,1.00
2017.08.14 02:09:38.349,1.4232,1.4233,1.13,1.00
2017.08.14 02:09:39.282,1.4232,1.4233,1.38,1.00
2017.08.14 02:09:39.333,1.42322,1.42332,1.31,1.00
2017.08.14 02:09:39.436,1.42323,1.42335,2.25,1.12
2017.08.14 02:09:39.539,1.42323,1.42337,3.56,1.00
2017.08.14 02:09:39.641,1.42324,1.42339,2.06,1.12
2017.08.14 02:09:42.853,1.42327,1.42339,1.00,1.00
2017.08.14 02:09:43.391,1.42326,1.42339,1.88,1.12
2017.08.14 02:09:44.020,1.42326,1.42339,1.88,1.12
2017.08.14 02:09:44.679,1.42326,1.42339,1.69,1.12
2017.08.14 02:09:45.340,1.42326,1.42339,1.88,1.12
2017.08.14 02:09:47.116,1.42326,1.42339,2.63,1.12
2017.08.14 02:09:47.624,1.42324,1.42339,2.25,1.12
2017.08.14 02:09:48.176,1.42326,1.42339,1.00,1.12
2017.08.14 02:09:48.817,1.42324,1.42339,2.06,1.00
2017.08.14 02:09:49.327,1.42326,1.4234,1.00,1.37
2017.08.14 02:09:50.658,1.42326,1.4234,1.00,1.12
2017.08.14 02:09:51.001,1.42324,1.4234,1.31,1.87
2017.08.14 02:09:51.052,1.42322,1.4234,3.00,3.31
2017.08.14 02:09:51.360,1.4232,1.42339,1.69,4.50
2017.08.14 02:09:51.871,1.42321,1.42336,1.63,1.50
2017.08.14 02:09:52.372,1.42321,1.42336,1.44,1.50
2017.08.14 02:09:52.883,1.4232,1.42336,3.56,1.50
2017.08.14 02:09:53.189,1.42326,1.42339,1.75,1.00
2017.08.14 02:09:53.395,1.42326,1.42341,2.44,1.12
2017.08.14 02:09:53.864,1.42326,1.42341,1.00,1.00
2017.08.14 02:09:54.485,1.42325,1.42341,2.44,2.13
2017.08.14 02:09:54.994,1.42326,1.42341,1.13,1.00
2017.08.14 02:09:55.771,1.42326,1.42341,1.44,2.69
2017.08.14 02:09:56.430,1.42326,1.42341,1.00,2.50
2017.08.14 02:09:56.937,1.42326,1.42341,1.44,2.69
2017.08.14 02:09:57.243,1.42331,1.42343,1.13,1.00
2017.08.14 02:09:57.768,1.42331,1.42344,1.00,1.00
2017.08.14 02:09:58.497,1.4233,1.42344,1.25,1.12
2017.08.14 02:09:59.046,1.4233,1.42344,1.00,1.00
2017.08.14 02:09:59.352,1.42332,1.42345,1.00,1.69
2017.08.14 02:10:00.650,1.42332,1.42345,1.44,1.12
2017.08.14 02:10:01.164,1.42332,1.42345,1.00,1.50
2017.08.14 02:10:01.490,1.42329,1.42344,1.88,1.50
2017.08.14 02:10:01.653,1.42325,1.42343,4.13,1.88
2017.08.14 02:10:01.705,1.42325,1.42341,2.25,2.50
2017.08.14 02:10:01.858,1.42324,1.42341,3.38,2.62
2017.08.14 02:10:02.348,1.42324,1.42341,2.25,3.62
2017.08.14 02:10:02.758,1.42324,1.4234,1.38,1.88
2017.08.14 02:10:03.282,1.42323,1.42339,2.63,1.50
2017.08.14 02:10:03.794,1.42323,1.42339,3.38,2.50
2017.08.14 02:10:04.301,1.42324,1.42339,1.38,1.00
2017.08.14 02:10:04.812,1.42323,1.42339,2.63,2.50
2017.08.14 02:10:04.863,1.42323,1.42339,2.63,2.50
2017.08.14 02:10:05.032,1.42323,1.42339,2.63,1.00
2017.08.14 02:10:05.364,1.42323,1.42339,2.63,2.50
2017.08.14 02:10:05.577,1.42323,1.42339,3.38,1.00
2017.08.14 02:10:06.086,1.42323,1.42339,2.63,2.50
2017.08.14 02:10:06.252,1.42323,1.42339,2.63,2.50
2017.08.14 02:10:07.136,1.42323,1.42339,3.38,1.00
2017.08.14 02:10:07.751,1.42323,1.42339,3.38,2.50
2017.08.14 02:10:08.336,1.42323,1.42339,2.63,1.00
2017.08.14 02:10:08.525,1.42324,1.42339,1.31,2.50
2017.08.14 02:10:08.882,1.42325,1.42339,3.38,1.00
2017.08.14 02:10:09.239,1.42325,1.42339,2.25,1.00
2017.08.14 02:10:10.080,1.42325,1.42339,2.25,1.00
2017.08.14 02:10:10.276,1.42326,1.42339,1.31,1.00
2017.08.14 02:10:10.430,1.42325,1.42339,3.75,1.00
2017.08.14 02:10:10.940,1.42325,1.42339,1.69,1.00
2017.08.14 02:10:11.480,1.42326,1.42339,1.00,1.00
2017.08.14 02:10:11.584,1.42327,1.4234,1.38,1.12
2017.08.14 02:10:11.686,1.42326,1.42342,3.19,1.87
2017.08.14 02:10:11.890,1.4233,1.42343,2.06,1.00
2017.08.14 02:10:12.424,1.42332,1.42345,1.50,1.37
2017.08.14 02:10:12.969,1.42333,1.42345,1.00,2.62
2017.08.14 02:10:13.434,1.42331,1.42345,1.50,2.62
2017.08.14 02:10:13.942,1.42332,1.42345,1.13,2.62
2017.08.14 02:10:14.758,1.42331,1.42345,1.50,2.87
2017.08.14 02:10:15.285,1.42331,1.42345,1.12,3.06
2017.08.14 02:10:15.479,1.4233,1.42344,2.44,1.13
2017.08.14 02:10:15.785,1.42326,1.42342,1.25,1.31
2017.08.14 02:10:15.888,1.42324,1.4234,4.31,1.50
2017.08.14 02:10:16.398,1.42325,1.4234,1.88,3.37
2017.08.14 02:10:16.988,1.42325,1.4234,1.88,3.37
2017.08.14 02:10:17.568,1.42325,1.4234,1.88,3.37
2017.08.14 02:10:18.340,1.42324,1.4234,3.00,1.87
2017.08.14 02:10:18.647,1.42325,1.4234,1.50,1.75
2017.08.14 02:10:18.956,1.42328,1.4234,1.13,1.50
2017.08.14 02:10:19.720,1.42328,1.4234,1.38,1.50
2017.08.14 02:10:19.823,1.42325,1.4234,3.00,1.00
2017.08.14 02:10:19.875,1.42325,1.4234,1.88,1.00
2017.08.14 02:10:20.325,1.42325,1.4234,1.81,1.00
2017.08.14 02:10:20.480,1.42326,1.4234,1.50,1.00
2017.08.14 02:10:20.635,1.42329,1.4234,1.13,1.00
2017.08.14 02:10:20.841,1.42328,1.42343,3.38,1.00
2017.08.14 02:10:21.359,1.42328,1.42343,4.50,1.00
2017.08.14 02:10:21.565,1.42329,1.42344,1.13,1.00
2017.08.14 02:10:21.820,1.42328,1.42344,3.19,1.00
2017.08.14 02:10:22.330,1.42328,1.42344,4.50,1.00
2017.08.14 02:10:22.484,1.42331,1.42344,1.00,1.00
2017.08.14 02:10:22.794,1.42329,1.42344,1.44,1.00
2017.08.14 02:10:23.303,1.42329,1.42344,1.63,1.00
2017.08.14 02:10:23.712,1.42329,1.42344,1.63,1.00
2017.08.14 02:10:24.170,1.4233,1.42344,1.00,1.00
2017.08.14 02:10:24.475,1.4233,1.42344,1.38,1.00
2017.08.14 02:10:24.526,1.4233,1.42344,1.13,1.00
2017.08.14 02:10:25.110,1.4233,1.42344,1.44,1.00
2017.08.14 02:10:25.315,1.42329,1.42344,1.44,1.00
2017.08.14 02:10:25.836,1.4233,1.42344,1.25,1.00
2017.08.14 02:10:25.989,1.4233,1.42344,1.31,1.00
2017.08.14 02:10:26.142,1.42329,1.42344,1.25,1.00
2017.08.14 02:10:26.650,1.4233,1.42344,1.13,1.25
2017.08.14 02:10:27.262,1.42329,1.42344,1.31,1.00
2017.08.14 02:10:28.372,1.4233,1.42344,1.25,1.00
2017.08.14 02:10:28.576,1.4233,1.42345,1.31,1.12
2017.08.14 02:10:28.678,1.4233,1.42345,1.31,1.00
2017.08.14 02:10:29.187,1.4233,1.42345,1.25,1.00
2017.08.14 02:10:29.738,1.4233,1.42345,1.44,1.00
2017.08.14 02:10:30.044,1.4233,1.42345,1.44,1.31
2017.08.14 02:10:30.248,1.4233,1.42345,1.44,1.00
2017.08.14 02:10:30.796,1.4233,1.42345,1.25,1.00
2017.08.14 02:10:31.315,1.42331,1.42345,1.00,1.12
2017.08.14 02:10:31.834,1.4233,1.42345,2.06,1.12
2017.08.14 02:10:32.370,1.4233,1.42345,1.63,2.13
2017.08.14 02:10:32.478,1.4233,1.42345,1.25,1.00
2017.08.14 02:10:32.631,1.4233,1.42345,1.63,1.12
2017.08.14 02:10:33.190,1.4233,1.42345,1.63,2.12
2017.08.14 02:10:33.722,1.4233,1.42345,1.44,1.00
2017.08.14 02:10:34.928,1.4233,1.42345,1.38,1.12
2017.08.14 02:10:35.945,1.42331,1.42345,1.38,1.12
2017.08.14 02:10:36.250,1.42332,1.42345,1.31,1.50
2017.08.14 02:10:36.405,1.42333,1.42347,2.06,1.00
2017.08.14 02:10:36.457,1.42333,1.42349,2.06,1.50
2017.08.14 02:10:36.763,1.42336,1.42349,1.63,1.00
2017.08.14 02:10:37.454,1.42337,1.4235,1.31,1.00
2017.08.14 02:10:37.760,1.42336,1.4235,1.44,1.00
2017.08.14 02:10:37.964,1.42336,1.4235,2.81,1.00
2017.08.14 02:10:38.779,1.42336,1.4235,1.00,1.00
2017.08.14 02:10:38.881,1.42332,1.4235,1.87,2.50
2017.08.14 02:10:39.188,1.42332,1.42348,2.06,1.69
2017.08.14 02:10:39.290,1.42332,1.42348,1.44,3.19
2017.08.14 02:10:39.341,1.42332,1.42348,1.44,3.44
2017.08.14 02:10:39.393,1.42332,1.42348,2.62,2.88
2017.08.14 02:10:39.848,1.42332,1.42347,2.81,1.69
2017.08.14 02:10:40.103,1.42332,1.42347,1.87,1.50
2017.08.14 02:10:40.358,1.42332,1.42347,1.87,2.50
2017.08.14 02:10:40.960,1.42332,1.42347,1.44,2.88
2017.08.14 02:10:41.011,1.42332,1.42347,2.44,2.50
2017.08.14 02:10:41.521,1.42333,1.42347,1.31,1.50
2017.08.14 02:10:41.777,1.42332,1.42347,1.69,1.00
2017.08.14 02:10:41.930,1.42332,1.42347,1.87,1.50
2017.08.14 02:10:42.134,1.42332,1.42347,1.19,2.50
2017.08.14 02:10:42.763,1.42332,1.42347,1.44,3.06
2017.08.14 02:10:43.272,1.42332,1.42347,3.00,3.06
2017.08.14 02:10:43.883,1.42332,1.42346,2.44,1.50
2017.08.14 02:10:44.392,1.42332,1.42346,1.69,1.00
2017.08.14 02:10:44.646,1.42332,1.42346,2.44,1.00
2017.08.14 02:10:45.215,1.42332,1.42346,1.69,1.00
2017.08.14 02:10:47.270,1.42332,1.42345,2.62,1.00
2017.08.14 02:10:47.424,1.42332,1.42345,2.62,1.00
2017.08.14 02:10:47.916,1.42332,1.42345,2.62,1.00
2017.08.14 02:10:48.222,1.42332,1.42345,2.44,1.00
2017.08.14 02:10:48.476,1.42332,1.42345,2.62,1.00
2017.08.14 02:10:48.977,1.42332,1.42345,1.87,1.00
2017.08.14 02:10:49.283,1.42332,1.42345,1.87,1.00
2017.08.14 02:10:49.890,1.42332,1.42345,2.44,1.00
2017.08.14 02:10:50.420,1.42332,1.42345,2.62,1.00
2017.08.14 02:10:51.186,1.42332,1.42345,1.25,1.00
2017.08.14 02:10:51.288,1.42332,1.42345,1.25,1.00
2017.08.14 02:10:51.596,1.42331,1.42345,1.56,1.00
2017.08.14 02:10:51.760,1.42331,1.42345,1.50,1.00
2017.08.14 02:10:52.272,1.42332,1.42346,1.25,1.37
2017.08.14 02:10:52.783,1.42332,1.42346,1.25,1.00
2017.08.14 02:10:53.293,1.4233,1.42346,2.63,2.50
2017.08.14 02:10:53.885,1.4233,1.42346,1.50,2.50
2017.08.14 02:10:54.040,1.42329,1.42346,3.94,2.25
2017.08.14 02:10:54.245,1.4233,1.42346,1.50,1.12
2017.08.14 02:10:54.500,1.4233,1.42346,1.69,1.00
2017.08.14 02:10:54.603,1.42331,1.42346,2.06,2.06
2017.08.14 02:10:54.858,1.42329,1.42346,2.81,2.12
2017.08.14 02:10:55.316,1.4233,1.42346,3.00,1.50
2017.08.14 02:10:55.854,1.4233,1.42346,1.63,1.00
2017.08.14 02:10:56.210,1.4233,1.42346,2.44,1.87
2017.08.14 02:10:56.465,1.4233,1.42346,1.69,2.69
2017.08.14 02:10:56.569,1.4233,1.42346,1.50,1.31
2017.08.14 02:10:57.078,1.4233,1.42346,1.50,2.12
2017.08.14 02:10:57.391,1.42329,1.42346,3.19,1.00
2017.08.14 02:10:57.578,1.42331,1.42346,1.63,1.12
2017.08.14 02:10:58.086,1.4233,1.42346,1.69,1.00
2017.08.14 02:10:58.243,1.4233,1.42346,1.69,2.50
2017.08.14 02:10:58.651,1.4233,1.42346,2.44,1.00
2017.08.14 02:10:59.159,1.42329,1.42346,3.38,2.50
2017.08.14 02:10:59.684,1.42331,1.42346,1.31,2.25
2017.08.14 02:11:00.363,1.4233,1.42346,2.63,1.00
2017.08.14 02:11:00.466,1.42333,1.42346,1.00,1.12
2017.08.14 02:11:00.620,1.42334,1.42348,1.88,1.00
2017.08.14 02:11:00.722,1.42335,1.42349,1.50,1.00
2017.08.14 02:11:00.773,1.42335,1.42349,1.31,1.00
2017.08.14 02:11:00.928,1.42332,1.42349,2.63,3.25
2017.08.14 02:11:01.430,1.42332,1.42347,1.50,1.87
2017.08.14 02:11:01.482,1.42332,1.42347,1.50,2.49
2017.08.14 02:11:02.416,1.42333,1.42347,1.38,3.69
2017.08.14 02:11:02.468,1.42333,1.42347,1.00,3.43
2017.08.14 02:11:03.243,1.42333,1.42346,1.19,1.69
2017.08.14 02:11:03.797,1.42333,1.42346,1.00,2.50
2017.08.14 02:11:04.528,1.42333,1.42346,1.44,2.69
2017.08.14 02:11:05.203,1.42333,1.42346,1.00,1.50
2017.08.14 02:11:05.837,1.42333,1.42346,1.44,2.87
2017.08.14 02:11:06.093,1.42332,1.42346,1.13,2.62
2017.08.14 02:11:06.632,1.42332,1.42346,1.63,2.87
2017.08.14 02:11:06.786,1.42332,1.42346,1.69,2.25
2017.08.14 02:11:06.888,1.42332,1.42346,2.06,2.62
2017.08.14 02:11:07.243,1.42332,1.42346,1.88,2.62
2017.08.14 02:11:07.295,1.42332,1.42346,2.06,2.62
2017.08.14 02:11:07.448,1.42332,1.42346,1.25,2.25
2017.08.14 02:11:07.652,1.42332,1.42346,1.38,2.87
2017.08.14 02:11:08.355,1.42332,1.42346,1.44,2.62
2017.08.14 02:11:08.863,1.42332,1.42346,1.38,2.87
2017.08.14 02:11:09.430,1.42332,1.42346,1.88,2.62
2017.08.14 02:11:09.945,1.42332,1.42346,1.38,2.25
2017.08.14 02:11:09.996,1.42332,1.42346,1.13,2.81
2017.08.14 02:11:10.149,1.42332,1.42346,1.38,2.81
2017.08.14 02:11:10.404,1.42332,1.42346,1.69,2.62
2017.08.14 02:11:10.608,1.42332,1.42346,1.88,1.12
2017.08.14 02:11:11.222,1.42332,1.42346,2.44,1.31
2017.08.14 02:11:12.211,1.42332,1.42346,1.25,1.12
2017.08.14 02:11:12.517,1.4233,1.42346,2.44,1.00
2017.08.14 02:11:12.824,1.42325,1.4234,1.12,1.12
2017.08.14 02:11:12.926,1.42324,1.4234,1.75,1.31
2017.08.14 02:11:13.309,1.42331,1.42344,1.50,1.00
2017.08.14 02:11:13.412,1.42331,1.42344,1.12,1.00
2017.08.14 02:11:14.031,1.42331,1.42345,1.50,1.50
2017.08.14 02:11:15.082,1.4233,1.42345,2.81,1.50
2017.08.14 02:11:16.421,1.4233,1.42345,2.81,1.50
2017.08.14 02:11:16.924,1.4233,1.42345,3.38,1.50
2017.08.14 02:11:17.932,1.42331,1.42345,1.31,1.50
2017.08.14 02:11:18.443,1.42331,1.42345,2.06,1.12
2017.08.14 02:11:19.094,1.42331,1.42345,2.63,1.12
2017.08.14 02:11:19.791,1.42331,1.42345,1.31,1.12
2017.08.14 02:11:20.038,1.4233,1.42345,1.94,1.00
2017.08.14 02:11:20.141,1.42335,1.42349,1.00,1.50
2017.08.14 02:11:20.193,1.42335,1.42349,1.56,1.37
2017.08.14 02:11:20.245,1.42335,1.42349,1.12,1.00
2017.08.14 02:11:20.297,1.42335,1.4235,1.69,1.37
2017.08.14 02:11:20.348,1.42335,1.4235,1.31,1.37
2017.08.14 02:11:20.451,1.42335,1.4235,1.69,1.12
2017.08.14 02:11:21.173,1.42334,1.4235,2.81,1.37
2017.08.14 02:11:21.734,1.42334,1.4235,2.81,1.37
2017.08.14 02:11:22.116,1.42336,1.4235,1.19,1.12
2017.08.14 02:11:22.422,1.42334,1.4235,2.81,1.00
2017.08.14 02:11:22.779,1.42334,1.4235,3.94,1.00
2017.08.14 02:11:22.984,1.42334,1.4235,2.25,2.50
2017.08.14 02:11:23.086,1.42334,1.42349,1.88,1.12
2017.08.14 02:11:23.189,1.42336,1.42349,1.88,1.00
2017.08.14 02:11:23.495,1.42336,1.42349,1.00,1.00
2017.08.14 02:11:23.800,1.42335,1.42348,1.00,1.00
2017.08.14 02:11:23.851,1.42332,1.42348,3.38,3.81
2017.08.14 02:11:24.159,1.42332,1.42345,1.50,1.00
2017.08.14 02:11:24.466,1.42332,1.42345,1.00,1.00
2017.08.14 02:11:24.774,1.42331,1.42345,2.44,1.00
2017.08.14 02:11:24.876,1.42332,1.42345,1.19,1.00
2017.08.14 02:11:25.338,1.42331,1.42345,1.00,1.00
2017.08.14 02:11:25.389,1.42331,1.42344,1.00,1.00
2017.08.14 02:11:25.910,1.42329,1.42343,1.44,1.00
2017.08.14 02:11:26.216,1.4233,1.42343,1.44,1.00
2017.08.14 02:11:26.268,1.4233,1.42343,1.88,1.00
2017.08.14 02:11:26.778,1.42329,1.42343,2.44,1.00
2017.08.14 02:11:26.982,1.42328,1.42343,4.50,1.00
2017.08.14 02:11:27.084,1.42329,1.42343,1.38,1.00
2017.08.14 02:11:27.594,1.42329,1.42343,3.00,1.00
2017.08.14 02:11:27.759,1.42329,1.42343,1.12,1.00
2017.08.14 02:11:28.065,1.42328,1.42343,2.25,1.00
2017.08.14 02:11:28.116,1.42328,1.42342,2.63,1.00
2017.08.14 02:11:28.626,1.42329,1.42342,1.00,1.00
2017.08.14 02:11:28.881,1.42329,1.42342,1.50,1.00
2017.08.14 02:11:29.295,1.42328,1.42342,1.31,1.00
2017.08.14 02:11:29.807,1.42327,1.42342,2.63,1.00
2017.08.14 02:11:30.154,1.42327,1.42342,2.63,1.00
2017.08.14 02:11:30.495,1.42327,1.42342,3.38,1.00
2017.08.14 02:11:31.370,1.42328,1.42342,1.31,1.00
2017.08.14 02:11:31.422,1.42326,1.42342,1.50,1.00
2017.08.14 02:11:31.884,1.42324,1.4234,4.13,1.00
2017.08.14 02:11:32.038,1.42325,1.4234,1.62,1.00
2017.08.14 02:11:32.242,1.42325,1.4234,2.44,1.00
2017.08.14 02:11:32.686,1.42324,1.4234,3.38,1.00
2017.08.14 02:11:32.737,1.42325,1.4234,1.31,1.00
2017.08.14 02:11:32.789,1.42325,1.4234,1.88,1.00
2017.08.14 02:11:33.302,1.42325,1.4234,1.88,1.12
2017.08.14 02:11:33.507,1.42329,1.42343,1.44,1.00
2017.08.14 02:11:33.610,1.4233,1.42343,1.13,1.00
2017.08.14 02:11:33.955,1.4233,1.42343,1.38,1.00
2017.08.14 02:11:34.480,1.42329,1.42343,3.00,1.00
2017.08.14 02:11:34.786,1.42329,1.42344,2.44,1.00
2017.08.14 02:11:35.245,1.4233,1.42344,1.44,1.00
2017.08.14 02:11:35.665,1.4233,1.42344,1.69,1.00
2017.08.14 02:11:35.924,1.42329,1.42344,3.56,1.00
2017.08.14 02:11:36.129,1.42329,1.42344,2.44,1.00
2017.08.14 02:11:36.537,1.42328,1.42344,3.56,1.50
2017.08.14 02:11:36.588,1.42329,1.42344,1.38,1.50
2017.08.14 02:11:37.098,1.4233,1.42344,1.25,2.88
2017.08.14 02:11:37.607,1.42329,1.42344,1.13,1.50
2017.08.14 02:11:37.659,1.4233,1.42344,1.44,1.50
2017.08.14 02:11:37.812,1.42329,1.42344,1.00,3.06
2017.08.14 02:11:38.139,1.42328,1.42343,2.25,1.50
2017.08.14 02:11:38.191,1.42328,1.42343,2.62,2.50
2017.08.14 02:11:38.720,1.42329,1.42343,1.88,2.69
2017.08.14 02:11:39.747,1.42329,1.42342,1.13,1.00
2017.08.14 02:11:40.426,1.4233,1.42342,1.25,1.00
2017.08.14 02:11:40.579,1.42332,1.42342,1.00,1.00
2017.08.14 02:11:40.783,1.42327,1.42342,1.38,2.13
2017.08.14 02:11:40.886,1.42328,1.42342,1.00,2.13
2017.08.14 02:11:44.923,1.42328,1.42342,1.00,2.50
2017.08.14 02:11:45.632,1.42328,1.42342,1.44,2.50
2017.08.14 02:11:46.164,1.42328,1.42342,1.13,2.69
2017.08.14 02:11:46.713,1.42328,1.42342,1.13,1.00
2017.08.14 02:11:50.586,1.42326,1.42339,1.00,1.13
2017.08.14 02:11:50.740,1.42324,1.42339,1.25,2.69
2017.08.14 02:11:51.156,1.42323,1.42337,2.06,1.31
2017.08.14 02:11:51.542,1.42319,1.42333,1.25,1.00
2017.08.14 02:11:52.104,1.42318,1.42333,1.25,2.88
2017.08.14 02:11:52.633,1.42318,1.42332,1.00,2.12
2017.08.14 02:11:53.380,1.42316,1.42332,2.06,1.00
2017.08.14 02:11:53.887,1.42317,1.42332,1.63,1.00
2017.08.14 02:11:54.616,1.42316,1.42332,2.81,1.00
2017.08.14 02:11:55.154,1.42317,1.42332,1.63,1.00
2017.08.14 02:11:55.663,1.42316,1.42332,2.81,1.00
2017.08.14 02:11:56.247,1.42312,1.42328,4.87,1.00
2017.08.14 02:11:56.401,1.42312,1.42327,1.31,2.13
2017.08.14 02:11:56.860,1.42311,1.42325,1.13,1.00
2017.08.14 02:11:56.963,1.42312,1.42325,1.13,2.24
2017.08.14 02:11:57.167,1.42311,1.42325,1.25,1.00
2017.08.14 02:11:57.726,1.4231,1.42325,2.06,2.50
2017.08.14 02:11:58.185,1.42314,1.42325,1.25,1.00
2017.08.14 02:11:58.836,1.42313,1.42325,1.13,1.00
2017.08.14 02:11:59.146,1.42314,1.42325,1.00,1.00
2017.08.14 02:11:59.708,1.42313,1.42325,1.50,1.00
2017.08.14 02:12:00.218,1.42314,1.42325,1.25,1.00
2017.08.14 02:12:00.371,1.42314,1.42325,1.38,1.00
2017.08.14 02:12:00.581,1.42314,1.42325,1.25,1.00
2017.08.14 02:12:00.843,1.42314,1.42325,1.38,1.00
2017.08.14 02:12:01.132,1.42313,1.42325,1.44,1.00
2017.08.14 02:12:01.285,1.42312,1.42326,1.88,1.25
2017.08.14 02:12:02.041,1.42312,1.42326,2.25,1.25
2017.08.14 02:12:02.195,1.42314,1.42329,2.63,1.50
2017.08.14 02:12:02.247,1.42315,1.42331,1.31,1.75
2017.08.14 02:12:02.298,1.42315,1.42331,1.31,1.00
2017.08.14 02:12:02.707,1.42315,1.42331,2.81,1.00
2017.08.14 02:12:02.855,1.42315,1.42331,1.50,1.00
2017.08.14 02:12:02.908,1.42314,1.4233,1.44,1.69
2017.08.14 02:12:03.220,1.42317,1.4233,1.13,1.50
2017.08.14 02:12:03.530,1.42314,1.4233,1.44,1.00
2017.08.14 02:12:03.787,1.42314,1.4233,2.06,2.50
2017.08.14 02:12:04.094,1.42316,1.4233,2.06,1.37
2017.08.14 02:12:04.146,1.42316,1.42331,1.38,2.25
2017.08.14 02:12:04.197,1.42316,1.42331,2.44,2.25
2017.08.14 02:12:04.645,1.42314,1.4233,1.56,2.06
2017.08.14 02:12:05.158,1.42314,1.42329,1.44,1.12
2017.08.14 02:12:05.695,1.42314,1.42329,1.25,2.13
2017.08.14 02:12:06.079,1.42314,1.42329,1.25,2.88
2017.08.14 02:12:06.132,1.42313,1.42329,1.44,2.88
2017.08.14 02:12:06.633,1.42313,1.42329,1.44,2.12
2017.08.14 02:12:06.685,1.42314,1.42329,1.38,2.50
2017.08.14 02:12:06.787,1.42314,1.42329,1.38,1.25
2017.08.14 02:12:07.349,1.42314,1.42329,2.44,1.00
2017.08.14 02:12:07.866,1.42316,1.4233,1.63,1.00
2017.08.14 02:12:07.918,1.42316,1.4233,1.63,1.00
2017.08.14 02:12:08.122,1.42317,1.42331,1.44,1.00
2017.08.14 02:12:08.632,1.42316,1.42331,1.38,1.87
2017.08.14 02:12:09.605,1.42316,1.42331,1.19,1.87
2017.08.14 02:12:10.115,1.42317,1.42331,1.88,1.37
2017.08.14 02:12:10.495,1.42316,1.42333,2.25,2.06
2017.08.14 02:12:10.802,1.42318,1.42333,1.88,2.06
2017.08.14 02:12:11.478,1.42319,1.42333,1.13,1.56
2017.08.14 02:12:12.042,1.42319,1.42333,1.38,1.56
2017.08.14 02:12:12.349,1.42321,1.42335,1.38,2.06
2017.08.14 02:12:12.502,1.42321,1.42335,1.25,1.56
2017.08.14 02:12:12.766,1.4232,1.42335,1.88,1.56
2017.08.14 02:12:13.517,1.4232,1.42335,1.88,1.56
2017.08.14 02:12:14.171,1.4232,1.42335,1.88,1.56
2017.08.14 02:12:14.463,1.4232,1.42335,3.00,1.56
2017.08.14 02:12:14.704,1.4232,1.42335,2.25,1.56
2017.08.14 02:12:15.226,1.4232,1.42335,2.25,1.56
2017.08.14 02:12:15.917,1.4232,1.42335,2.25,1.56
2017.08.14 02:12:16.346,1.4232,1.42335,1.88,1.56
2017.08.14 02:12:16.398,1.4232,1.42335,1.88,1.56
2017.08.14 02:12:16.956,1.42321,1.42335,1.13,1.56
2017.08.14 02:12:17.676,1.42321,1.42335,1.44,1.56
2017.08.14 02:12:21.755,1.42321,1.42335,1.44,1.37
2017.08.14 02:12:22.215,1.42324,1.42337,1.38,1.12
2017.08.14 02:12:22.266,1.42324,1.42337,1.25,2.12
2017.08.14 02:12:22.369,1.42324,1.42337,1.38,1.00
2017.08.14 02:12:22.420,1.42326,1.4234,1.38,1.19
2017.08.14 02:12:22.922,1.42326,1.4234,1.88,1.19
2017.08.14 02:12:23.381,1.42324,1.4234,2.06,2.81
2017.08.14 02:12:23.740,1.42323,1.42338,1.13,1.31
2017.08.14 02:12:23.945,1.42322,1.42338,1.88,2.93
2017.08.14 02:12:24.050,1.42323,1.42338,1.50,1.50
2017.08.14 02:12:24.408,1.42323,1.42339,1.00,1.56
2017.08.14 02:12:24.919,1.42324,1.42339,1.13,3.37
2017.08.14 02:12:25.501,1.42324,1.42339,1.44,2.44
2017.08.14 02:12:25.774,1.42322,1.42338,2.25,3.44
2017.08.14 02:12:26.408,1.42322,1.42338,1.50,2.69
2017.08.14 02:12:26.718,1.42325,1.42338,2.62,2.50
2017.08.14 02:12:26.873,1.42331,1.42341,1.75,1.00
2017.08.14 02:12:27.078,1.42338,1.42346,1.13,1.00
2017.08.14 02:12:27.129,1.42338,1.42348,1.13,1.00
2017.08.14 02:12:27.282,1.42336,1.42348,1.00,1.00
2017.08.14 02:12:27.334,1.42336,1.42348,1.00,1.00
2017.08.14 02:12:27.844,1.42335,1.42348,1.13,1.25
2017.08.14 02:12:28.346,1.42334,1.42348,1.00,1.25
2017.08.14 02:12:29.056,1.42333,1.42348,1.88,1.25
2017.08.14 02:12:29.621,1.42334,1.42348,1.00,1.25
2017.08.14 02:12:30.134,1.42333,1.42348,1.00,2.88
2017.08.14 02:12:30.505,1.42333,1.42348,1.88,3.81
2017.08.14 02:12:30.667,1.42334,1.42348,1.44,3.18
2017.08.14 02:12:31.446,1.42334,1.42348,1.38,2.87
2017.08.14 02:12:31.860,1.42334,1.42348,1.69,1.00
2017.08.14 02:12:31.913,1.42336,1.42348,1.12,1.00
2017.08.14 02:12:31.965,1.42337,1.42348,1.38,1.00
2017.08.14 02:12:32.324,1.42337,1.42351,1.38,1.31
2017.08.14 02:12:32.427,1.42337,1.42351,1.00,1.00
2017.08.14 02:12:32.683,1.42338,1.42351,1.38,1.00
2017.08.14 02:12:32.836,1.42337,1.42351,1.25,1.31
2017.08.14 02:12:33.373,1.42335,1.42351,4.31,1.19
2017.08.14 02:12:33.578,1.42336,1.42351,1.12,1.25
2017.08.14 02:12:33.629,1.42335,1.42351,3.94,1.25
2017.08.14 02:12:33.783,1.42338,1.42351,1.44,1.31
2017.08.14 02:12:33.987,1.42336,1.42351,2.44,1.19
2017.08.14 02:12:34.242,1.42336,1.42351,1.38,1.12
2017.08.14 02:12:34.293,1.42335,1.42351,2.81,1.12
2017.08.14 02:12:34.345,1.42335,1.42351,3.19,1.00
2017.08.14 02:12:34.703,1.42338,1.42351,1.44,1.31
2017.08.14 02:12:35.213,1.42336,1.42351,1.50,1.00
2017.08.14 02:12:35.520,1.42336,1.42351,2.44,1.25
2017.08.14 02:12:35.725,1.42338,1.42351,1.38,1.25
2017.08.14 02:12:36.487,1.42337,1.42351,1.44,1.25
2017.08.14 02:12:36.820,1.42337,1.42351,1.38,1.00
2017.08.14 02:12:37.125,1.42337,1.42351,1.38,1.00
2017.08.14 02:12:37.633,1.42337,1.42351,1.38,1.00
2017.08.14 02:12:37.990,1.42337,1.42351,1.50,1.00
2017.08.14 02:12:38.221,1.42337,1.42351,2.81,1.00
2017.08.14 02:12:38.967,1.42337,1.42351,2.06,1.00
2017.08.14 02:12:39.147,1.42337,1.42351,2.06,1.00
2017.08.14 02:12:39.678,1.42337,1.42351,1.50,1.00
2017.08.14 02:12:40.185,1.42337,1.42351,1.88,1.00
2017.08.14 02:12:40.551,1.42337,1.42351,1.31,1.00
2017.08.14 02:12:40.806,1.42335,1.42351,1.25,2.43
2017.08.14 02:12:41.062,1.42335,1.42351,1.38,1.50
2017.08.14 02:12:41.114,1.42335,1.42351,1.88,2.81
2017.08.14 02:12:41.267,1.42335,1.4235,1.88,1.13
2017.08.14 02:12:41.872,1.42335,1.4235,1.44,2.43
2017.08.14 02:12:42.383,1.42335,1.4235,1.88,2.88
2017.08.14 02:12:42.915,1.42334,1.4235,2.81,2.81
2017.08.14 02:12:45.974,1.42334,1.4235,1.88,2.62
2017.08.14 02:12:46.971,1.42334,1.4235,2.25,1.12
2017.08.14 02:12:47.530,1.42334,1.4235,2.63,2.43
2017.08.14 02:12:47.582,1.42335,1.4235,1.44,2.43
2017.08.14 02:12:48.091,1.42334,1.4235,1.50,1.12
2017.08.14 02:12:48.601,1.42336,1.4235,1.13,2.81
2017.08.14 02:12:50.179,1.42334,1.4235,2.25,1.12
2017.08.14 02:12:50.964,1.42334,1.4235,2.63,1.12
2017.08.14 02:12:51.870,1.42334,1.4235,2.25,1.12
2017.08.14 02:12:52.490,1.42334,1.4235,2.63,1.12
2017.08.14 02:12:53.148,1.42335,1.4235,1.38,2.62
2017.08.14 02:12:53.671,1.42335,1.4235,1.38,2.43
2017.08.14 02:12:54.193,1.42334,1.4235,2.63,1.12
2017.08.14 02:12:55.015,1.42334,1.4235,1.50,1.12
2017.08.14 02:12:55.564,1.42334,1.4235,1.88,2.62
2017.08.14 02:12:56.972,1.42334,1.4235,1.25,1.88
2017.08.14 02:12:57.175,1.42334,1.42349,1.38,1.88
2017.08.14 02:12:57.482,1.42334,1.42349,1.25,3.13
2017.08.14 02:12:58.023,1.42334,1.42349,1.44,2.75
2017.08.14 02:12:58.686,1.42334,1.42349,1.38,2.94
2017.08.14 02:13:00.619,1.42334,1.42349,1.44,1.25
2017.08.14 02:13:01.246,1.42334,1.42349,1.28,2.94
2017.08.14 02:13:01.297,1.42334,1.42349,1.00,2.94
2017.08.14 02:13:01.501,1.42334,1.42349,1.38,1.25
2017.08.14 02:13:02.072,1.42334,1.42349,1.25,1.25
2017.08.14 02:13:02.581,1.42334,1.42349,1.33,2.38
2017.08.14 02:13:03.309,1.42334,1.42349,1.25,1.25
2017.08.14 02:13:03.911,1.42334,1.42349,1.19,1.25
2017.08.14 02:13:05.171,1.42334,1.42349,1.25,1.25
2017.08.14 02:13:05.975,1.42333,1.42349,2.25,2.82
2017.08.14 02:13:06.492,1.42334,1.42349,1.38,1.31
2017.08.14 02:13:07.096,1.42335,1.42349,1.13,1.56
2017.08.14 02:13:07.403,1.42338,1.4235,1.25,1.25
2017.08.14 02:13:08.190,1.42338,1.4235,1.88,1.25
2017.08.14 02:13:09.290,1.42337,1.4235,1.00,1.13
2017.08.14 02:13:09.392,1.42336,1.4235,1.00,1.25
2017.08.14 02:13:09.598,1.42334,1.4235,1.25,3.37
2017.08.14 02:13:11.120,1.42336,1.42349,1.00,1.13
2017.08.14 02:13:11.659,1.42334,1.42349,1.25,1.69
2017.08.14 02:13:12.203,1.42334,1.42349,1.44,1.69
2017.08.14 02:13:14.011,1.42334,1.42349,1.25,1.87
2017.08.14 02:13:14.568,1.42335,1.42349,1.25,3.00
2017.08.14 02:13:15.522,1.42334,1.42349,1.25,1.50
2017.08.14 02:13:16.721,1.42334,1.42349,1.13,2.81
2017.08.14 02:13:17.321,1.42333,1.42349,1.13,2.94
2017.08.14 02:13:17.372,1.42332,1.42348,2.06,1.31
2017.08.14 02:13:17.932,1.42332,1.42348,1.38,2.31
2017.08.14 02:13:19.251,1.42332,1.42348,1.88,1.00
2017.08.14 02:13:19.823,1.42332,1.42348,1.88,3.06
2017.08.14 02:13:20.083,1.42329,1.42347,3.00,2.44
2017.08.14 02:13:20.185,1.42329,1.42346,1.00,2.63
2017.08.14 02:13:20.237,1.42328,1.42346,2.81,2.69
2017.08.14 02:13:20.620,1.42329,1.42345,2.06,1.13
2017.08.14 02:13:21.171,1.4233,1.42345,1.13,1.00
2017.08.14 02:13:21.686,1.42329,1.42345,2.81,1.25
2017.08.14 02:13:23.188,1.42329,1.42345,1.88,1.00
2017.08.14 02:13:23.721,1.42329,1.42345,2.06,1.25
2017.08.14 02:13:24.620,1.42329,1.42345,1.88,1.00
2017.08.14 02:13:25.128,1.42328,1.42345,3.00,1.00
2017.08.14 02:13:25.434,1.4233,1.42345,1.88,1.25
2017.08.14 02:13:27.275,1.4233,1.42345,2.25,1.25
2017.08.14 02:13:27.631,1.4233,1.42345,1.88,1.25
2017.08.14 02:13:29.448,1.42329,1.42345,1.31,2.69
2017.08.14 02:13:29.981,1.4233,1.42345,1.13,1.00
2017.08.14 02:13:30.236,1.42329,1.42345,1.50,1.00
2017.08.14 02:13:30.744,1.42329,1.42345,1.50,1.25
2017.08.14 02:13:31.101,1.42329,1.42345,1.50,1.25
2017.08.14 02:13:31.635,1.4233,1.42345,1.13,1.00
2017.08.14 02:13:32.115,1.4233,1.42345,1.38,1.00
2017.08.14 02:13:33.083,1.42328,1.42345,4.31,1.00
2017.08.14 02:13:33.490,1.42329,1.42345,1.88,1.00
2017.08.14 02:13:33.999,1.42331,1.42345,1.44,1.00
2017.08.14 02:13:35.173,1.42331,1.42345,1.88,1.00
2017.08.14 02:13:35.714,1.42331,1.42345,1.50,1.25
2017.08.14 02:13:36.236,1.42332,1.42345,1.44,1.25
2017.08.14 02:13:38.321,1.42331,1.42345,3.19,1.31
2017.08.14 02:13:38.941,1.42331,1.42345,3.00,1.31
2017.08.14 02:13:39.631,1.42332,1.42345,1.00,1.31
2017.08.14 02:13:40.857,1.42331,1.42345,1.12,1.00
2017.08.14 02:13:41.367,1.42331,1.42345,1.44,1.00
2017.08.14 02:13:42.152,1.42331,1.42345,1.25,1.00
2017.08.14 02:13:42.695,1.42331,1.42345,1.44,1.00
2017.08.14 02:13:43.287,1.42331,1.42345,1.25,1.00
2017.08.14 02:13:43.802,1.4233,1.42345,1.50,1.00
2017.08.14 02:13:44.084,1.4233,1.42345,1.25,1.00
2017.08.14 02:13:44.204,1.42331,1.42345,1.44,1.00
2017.08.14 02:13:44.732,1.4233,1.42345,1.19,1.00
2017.08.14 02:13:45.294,1.4233,1.42345,1.50,1.00
2017.08.14 02:13:45.807,1.42331,1.42345,1.25,1.00
2017.08.14 02:13:46.332,1.4233,1.42345,1.50,1.00
2017.08.14 02:13:46.874,1.4233,1.42345,1.44,1.00
2017.08.14 02:13:47.630,1.4233,1.42345,1.00,1.00
2017.08.14 02:13:48.172,1.4233,1.42345,1.44,1.00
2017.08.14 02:13:48.676,1.4233,1.42345,1.25,1.00
2017.08.14 02:13:48.982,1.4233,1.42345,1.38,1.00
2017.08.14 02:13:49.529,1.4233,1.42345,1.19,1.00
2017.08.14 02:13:50.308,1.4233,1.42345,1.38,1.00
2017.08.14 02:13:50.809,1.4233,1.42345,1.44,1.00
2017.08.14 02:13:51.489,1.4233,1.42345,1.44,1.00
2017.08.14 02:13:51.642,1.4233,1.42345,1.25,1.00
2017.08.14 02:13:51.914,1.4233,1.42345,1.50,1.00
2017.08.14 02:13:52.168,1.4233,1.42345,1.50,1.31
2017.08.14 02:13:52.297,1.4233,1.42345,1.25,1.31
2017.08.14 02:13:52.806,1.42331,1.42345,1.38,1.00
2017.08.14 02:13:52.858,1.42331,1.42345,2.44,1.69
2017.08.14 02:13:52.910,1.42332,1.42346,1.88,1.37
2017.08.14 02:13:52.961,1.42333,1.42346,1.50,1.00
2017.08.14 02:13:53.370,1.42335,1.42349,1.88,1.31
2017.08.14 02:13:54.521,1.42332,1.42347,1.25,1.13
2017.08.14 02:13:54.726,1.4233,1.42346,1.00,2.81
2017.08.14 02:13:54.934,1.42328,1.42344,2.06,2.06
2017.08.14 02:13:55.036,1.42328,1.42343,1.25,1.69
2017.08.14 02:13:55.241,1.42324,1.42342,3.56,3.63
2017.08.14 02:13:55.612,1.42322,1.42337,1.31,1.50
2017.08.14 02:13:56.122,1.42323,1.42336,1.25,1.87
2017.08.14 02:13:56.725,1.42323,1.42336,1.19,3.18
2017.08.14 02:13:57.234,1.42323,1.42336,1.25,2.43
2017.08.14 02:13:57.777,1.42323,1.42336,1.19,2.43
2017.08.14 02:13:58.291,1.42323,1.42336,1.25,2.43
2017.08.14 02:13:58.444,1.42321,1.42336,1.31,3.18
2017.08.14 02:13:58.602,1.42321,1.42336,1.50,3.37
2017.08.14 02:13:58.653,1.42321,1.42336,2.25,3.18
2017.08.14 02:13:58.806,1.42321,1.42335,2.25,1.12
2017.08.14 02:13:59.338,1.42321,1.42335,2.25,2.75
2017.08.14 02:13:59.847,1.42321,1.42335,1.13,3.44
2017.08.14 02:14:00.479,1.42323,1.42335,1.00,2.69
2017.08.14 02:14:01.371,1.42326,1.42335,1.00,1.00
2017.08.14 02:14:01.474,1.42326,1.42338,1.25,1.19
2017.08.14 02:14:01.576,1.42328,1.42339,1.00,1.13
2017.08.14 02:14:02.641,1.42326,1.4234,1.00,3.56
2017.08.14 02:14:06.233,1.42326,1.42339,1.00,1.69
2017.08.14 02:14:06.641,1.42325,1.42339,1.19,1.50
2017.08.14 02:14:06.794,1.4233,1.42342,1.00,2.06
2017.08.14 02:14:07.130,1.42337,1.42348,1.00,1.38
2017.08.14 02:14:07.182,1.42338,1.4235,1.00,1.69
2017.08.14 02:14:07.743,1.42338,1.4235,1.00,3.25
2017.08.14 02:14:07.896,1.42335,1.42348,1.00,1.12
2017.08.14 02:14:08.507,1.42337,1.42348,1.00,3.06
2017.08.14 02:14:10.303,1.42335,1.42348,1.00,2.06
2017.08.14 02:14:10.861,1.42334,1.42348,1.00,3.94
2017.08.14 02:14:11.370,1.42333,1.42347,1.00,1.87
2017.08.14 02:14:11.889,1.42332,1.42347,1.00,2.81
2017.08.14 02:14:12.681,1.42331,1.42346,1.00,1.88
2017.08.14 02:14:13.194,1.42331,1.42345,1.00,1.31
2017.08.14 02:14:13.411,1.42331,1.42344,1.00,1.88
2017.08.14 02:14:13.771,1.42329,1.42343,1.00,1.50
2017.08.14 02:14:14.284,1.4233,1.42343,1.00,1.25
2017.08.14 02:14:14.809,1.42331,1.42343,1.00,1.69
2017.08.14 02:14:15.686,1.42332,1.42343,1.00,1.69
2017.08.14 02:14:15.890,1.4233,1.42343,1.00,1.69
2017.08.14 02:14:16.403,1.42331,1.42343,1.00,1.69
2017.08.14 02:14:16.673,1.42332,1.42343,1.00,1.00
2017.08.14 02:14:17.217,1.42331,1.42343,1.00,1.00
2017.08.14 02:14:17.727,1.42332,1.42343,1.00,1.00
2017.08.14 02:14:19.428,1.42331,1.42343,1.00,1.00
2017.08.14 02:14:19.937,1.42332,1.42343,1.00,1.00
2017.08.14 02:14:20.943,1.42332,1.42344,1.00,1.31
2017.08.14 02:14:21.210,1.42332,1.42346,1.12,1.13
2017.08.14 02:14:21.363,1.42333,1.42346,1.00,4.87
2017.08.14 02:14:21.415,1.4233,1.42344,1.00,1.69
2017.08.14 02:14:21.670,1.42333,1.42344,1.00,2.06
2017.08.14 02:14:22.005,1.42332,1.42344,1.00,2.44
2017.08.14 02:14:22.312,1.42331,1.42347,1.50,1.37
2017.08.14 02:14:22.364,1.42335,1.42348,1.00,1.31
2017.08.14 02:14:22.773,1.42337,1.4235,1.00,1.69
2017.08.14 02:14:23.379,1.42335,1.4235,1.38,1.19
2017.08.14 02:14:23.888,1.42335,1.4235,1.25,1.19
2017.08.14 02:14:24.775,1.42334,1.4235,1.69,1.44
2017.08.14 02:14:25.131,1.42336,1.4235,1.00,2.06
2017.08.14 02:14:25.675,1.42334,1.4235,1.88,1.69
2017.08.14 02:14:25.981,1.42334,1.4235,1.75,1.25
2017.08.14 02:14:26.543,1.42335,1.42351,2.25,1.31
2017.08.14 02:14:26.697,1.42333,1.42351,1.25,3.19
2017.08.14 02:14:26.800,1.42333,1.42348,1.00,1.87
2017.08.14 02:14:27.114,1.4233,1.42346,1.63,1.50
2017.08.14 02:14:27.318,1.42331,1.42347,1.88,3.00
2017.08.14 02:14:27.370,1.42332,1.42347,1.69,2.63
2017.08.14 02:14:27.676,1.42332,1.42347,1.00,1.69
2017.08.14 02:14:28.034,1.4233,1.42347,1.50,4.50
2017.08.14 02:14:28.341,1.4233,1.42346,1.50,2.63
2017.08.14 02:14:29.643,1.42331,1.42346,1.00,1.87
2017.08.14 02:14:30.154,1.42331,1.42347,2.25,3.00
2017.08.14 02:14:30.257,1.42333,1.42347,1.44,2.44
2017.08.14 02:14:30.309,1.42332,1.42347,1.00,1.94
2017.08.14 02:14:30.361,1.42332,1.42347,1.25,1.13
2017.08.14 02:14:30.635,1.42333,1.42347,1.25,1.31
2017.08.14 02:14:30.687,1.42333,1.42347,1.00,1.31
2017.08.14 02:14:30.789,1.42333,1.42347,1.38,1.31
2017.08.14 02:14:32.438,1.42335,1.42349,1.44,2.81
2017.08.14 02:14:32.742,1.42334,1.42349,3.38,1.31
2017.08.14 02:14:33.254,1.42335,1.42349,1.00,2.44
2017.08.14 02:14:34.390,1.42341,1.42349,1.00,1.37
2017.08.14 02:14:34.442,1.42341,1.42353,1.25,1.37
2017.08.14 02:14:34.493,1.42341,1.42353,1.25,1.00
2017.08.14 02:14:34.851,1.4234,1.42353,1.00,2.75
2017.08.14 02:14:34.903,1.42338,1.42353,1.25,2.43
2017.08.14 02:14:35.412,1.42337,1.42353,1.44,1.31
2017.08.14 02:14:35.926,1.42338,1.42352,1.00,1.12
2017.08.14 02:14:35.979,1.42333,1.42349,1.19,2.25
2017.08.14 02:14:36.287,1.42332,1.42349,1.69,4.12
2017.08.14 02:14:36.797,1.42331,1.42348,1.50,2.06
2017.08.14 02:14:36.900,1.42331,1.42348,1.88,3.38
2017.08.14 02:14:37.054,1.42333,1.42348,2.25,1.81
2017.08.14 02:14:40.246,1.42334,1.42348,1.50,1.19
2017.08.14 02:14:40.977,1.42334,1.4235,2.25,1.87
2017.08.14 02:14:41.183,1.42334,1.4235,1.50,3.13
2017.08.14 02:14:41.439,1.42333,1.4235,1.00,4.31
2017.08.14 02:14:41.491,1.42331,1.42348,2.44,1.31
2017.08.14 02:14:41.850,1.42332,1.42347,1.25,1.31
2017.08.14 02:14:41.901,1.42331,1.42346,1.25,1.13
2017.08.14 02:14:42.124,1.42328,1.42343,1.25,1.12
2017.08.14 02:14:42.176,1.42328,1.42343,1.63,2.25
2017.08.14 02:14:42.279,1.42328,1.42343,1.00,1.69
2017.08.14 02:14:42.484,1.42328,1.42343,1.00,1.50
2017.08.14 02:14:42.637,1.42326,1.42343,3.19,2.50
2017.08.14 02:14:42.741,1.42326,1.42343,3.56,2.50
2017.08.14 02:14:43.251,1.42328,1.42343,1.69,3.06
2017.08.14 02:14:43.507,1.42328,1.42343,1.19,2.25
2017.08.14 02:14:43.559,1.42327,1.42343,1.88,3.31
2017.08.14 02:14:43.610,1.42327,1.42343,1.56,3.12
2017.08.14 02:14:43.954,1.42328,1.42343,2.62,1.69
2017.08.14 02:14:44.158,1.42329,1.42343,1.38,1.12
2017.08.14 02:14:44.680,1.42329,1.42343,1.25,1.12
2017.08.14 02:14:45.142,1.42329,1.42344,1.44,1.69
2017.08.14 02:14:45.474,1.42329,1.42344,1.25,1.69
2017.08.14 02:14:45.916,1.42332,1.42345,1.00,3.19
2017.08.14 02:14:46.428,1.42332,1.42346,1.44,1.56
2017.08.14 02:14:46.683,1.42331,1.42346,2.44,1.56
2017.08.14 02:14:47.203,1.42332,1.42346,1.25,2.25
2017.08.14 02:14:47.746,1.42332,1.42346,1.50,2.06
2017.08.14 02:14:48.001,1.4233,1.42346,2.44,1.31
2017.08.14 02:14:48.512,1.42331,1.42346,1.00,1.31
2017.08.14 02:14:49.985,1.4233,1.42346,1.31,2.62
2017.08.14 02:14:50.190,1.4233,1.42344,1.12,1.12
2017.08.14 02:14:50.699,1.42329,1.42344,1.69,1.50
2017.08.14 02:14:52.339,1.42331,1.42344,1.88,1.00
2017.08.14 02:14:52.391,1.42331,1.42346,3.00,1.12
2017.08.14 02:14:58.678,1.42333,1.42347,1.25,1.50
2017.08.14 02:14:59.217,1.42332,1.42348,1.25,3.00
2017.08.14 02:14:59.768,1.42333,1.42348,1.13,3.19
2017.08.14 02:15:00.314,1.42335,1.42348,1.00,2.44
2017.08.14 02:15:01.513,1.42336,1.42348,1.00,1.75
2017.08.14 02:15:01.655,1.42334,1.42348,1.00,1.75
2017.08.14 02:15:02.732,1.42336,1.42348,1.00,1.75
2017.08.14 02:15:03.267,1.42335,1.42348,1.00,1.75
2017.08.14 02:15:03.714,1.42331,1.42348,2.06,3.18
2017.08.14 02:15:03.970,1.42329,1.42346,1.50,2.63
2017.08.14 02:15:04.481,1.42329,1.42346,2.25,3.63
2017.08.14 02:15:05.352,1.42329,1.42345,1.50,1.12
2017.08.14 02:15:05.877,1.42329,1.42345,1.44,1.12
2017.08.14 02:15:06.411,1.42331,1.42345,1.00,1.00
2017.08.14 02:15:06.978,1.42333,1.42347,1.12,2.00
2017.08.14 02:15:07.784,1.42333,1.42348,1.12,1.69
2017.08.14 02:15:08.323,1.42333,1.42348,1.50,1.69
2017.08.14 02:15:17.511,1.42334,1.42348,1.25,1.19
2017.08.14 02:15:17.767,1.42337,1.42353,1.12,1.87
2017.08.14 02:15:18.022,1.42337,1.42354,1.50,3.19
2017.08.14 02:15:18.627,1.42338,1.42354,1.00,3.18
2017.08.14 02:15:19.001,1.4234,1.42355,1.00,2.81
2017.08.14 02:15:19.712,1.4234,1.42357,1.00,3.37
2017.08.14 02:15:20.464,1.4234,1.42357,1.00,3.00
2017.08.14 02:15:21.314,1.4234,1.42357,1.00,3.37
2017.08.14 02:15:21.835,1.42339,1.42355,1.25,1.69
2017.08.14 02:15:22.341,1.4234,1.42355,1.00,2.44
2017.08.14 02:15:27.602,1.42339,1.42354,1.00,2.62
2017.08.14 02:15:27.908,1.42336,1.42353,1.25,5.62
2017.08.14 02:15:28.453,1.42335,1.42353,1.88,2.99
2017.08.14 02:15:28.965,1.42337,1.42353,1.00,3.19
2017.08.14 02:15:31.055,1.42338,1.42353,1.44,1.50
2017.08.14 02:15:31.106,1.42338,1.42353,1.63,1.12
2017.08.14 02:15:31.659,1.4234,1.42354,1.00,1.69
2017.08.14 02:15:34.499,1.42339,1.42354,1.00,1.25
2017.08.14 02:15:34.703,1.42337,1.42354,1.25,4.87
2017.08.14 02:15:34.805,1.42336,1.42353,1.25,1.31
2017.08.14 02:15:35.190,1.42334,1.4235,3.19,1.31
2017.08.14 02:15:35.708,1.42335,1.4235,1.12,1.25
2017.08.14 02:15:37.141,1.42336,1.42351,1.13,2.81
2017.08.14 02:15:38.214,1.42336,1.42351,2.06,1.25
2017.08.14 02:15:38.862,1.42335,1.42351,2.06,1.25
2017.08.14 02:15:39.472,1.42336,1.42351,1.00,1.25
2017.08.14 02:15:39.982,1.42337,1.42351,1.44,1.25
2017.08.14 02:15:40.527,1.42337,1.42351,1.69,1.13
2017.08.14 02:15:41.913,1.42338,1.42351,1.38,1.25
2017.08.14 02:15:42.237,1.42338,1.42352,1.25,1.94
2017.08.14 02:15:43.205,1.42337,1.42352,1.25,2.06
2017.08.14 02:15:43.731,1.42338,1.42353,1.00,2.19
2017.08.14 02:15:44.122,1.42335,1.42352,1.13,1.69
2017.08.14 02:15:44.376,1.42335,1.42352,1.25,2.69
2017.08.14 02:15:45.159,1.42335,1.42352,1.44,2.12
2017.08.14 02:15:45.789,1.42335,1.42352,1.25,2.69
2017.08.14 02:15:46.342,1.42335,1.42352,1.44,2.69
2017.08.14 02:15:46.871,1.42335,1.42352,1.25,2.69
2017.08.14 02:15:47.442,1.42336,1.42352,1.13,2.87
2017.08.14 02:15:48.075,1.42336,1.42352,1.13,2.87
2017.08.14 02:15:48.582,1.42335,1.42351,1.25,1.12
2017.08.14 02:15:54.759,1.42335,1.42351,1.38,1.00
2017.08.14 02:15:55.319,1.42335,1.42351,1.25,1.00
2017.08.14 02:15:55.905,1.42336,1.42351,1.00,1.00
2017.08.14 02:15:56.543,1.42335,1.42351,1.88,1.00
2017.08.14 02:15:57.070,1.42336,1.42351,1.13,1.00
2017.08.14 02:15:59.660,1.42335,1.42351,1.88,1.00
2017.08.14 02:16:00.205,1.42335,1.42351,1.56,1.00
2017.08.14 02:16:01.207,1.42335,1.42351,1.88,1.00
2017.08.14 02:16:01.886,1.42337,1.42351,1.56,1.00
2017.08.14 02:16:02.417,1.42337,1.42351,2.06,1.00
2017.08.14 02:16:03.225,1.42337,1.42351,1.31,1.00
2017.08.14 02:16:03.772,1.42337,1.42351,1.56,1.00
2017.08.14 02:16:03.926,1.42337,1.42351,1.87,1.00
2017.08.14 02:16:04.886,1.42337,1.42351,1.44,1.00
2017.08.14 02:16:05.920,1.42337,1.42351,1.87,1.00
2017.08.14 02:16:06.480,1.42337,1.42351,1.87,1.00
2017.08.14 02:16:07.341,1.42337,1.42354,1.37,1.50
2017.08.14 02:16:08.472,1.42335,1.42353,2.62,1.69
2017.08.14 02:16:08.780,1.42335,1.42353,1.87,2.44
2017.08.14 02:16:14.345,1.42333,1.42352,2.19,2.06
2017.08.14 02:16:14.398,1.42331,1.42348,1.31,1.12
2017.08.14 02:16:14.502,1.42328,1.42346,3.00,1.69
2017.08.14 02:16:14.707,1.4233,1.42346,1.31,1.87
2017.08.14 02:16:14.758,1.42331,1.42346,2.44,1.12
2017.08.14 02:16:15.331,1.42331,1.42347,1.69,1.00
2017.08.14 02:16:17.745,1.42331,1.42347,1.81,1.00
2017.08.14 02:16:18.052,1.42333,1.42349,1.87,2.44
2017.08.14 02:16:29.265,1.42333,1.42349,2.06,1.50
2017.08.14 02:16:29.784,1.42333,1.42351,3.56,2.81
2017.08.14 02:16:33.074,1.42333,1.42349,2.06,1.12
2017.08.14 02:16:33.282,1.42331,1.42348,1.87,1.31
2017.08.14 02:16:33.820,1.4233,1.42348,1.12,2.62
2017.08.14 02:16:39.131,1.42332,1.42348,1.81,1.00
2017.08.14 02:16:40.076,1.42332,1.42348,1.81,1.00
2017.08.14 02:16:40.804,1.42333,1.42348,2.00,1.00
2017.08.14 02:16:41.365,1.42333,1.42348,1.25,1.00
2017.08.14 02:16:41.467,1.42333,1.42348,1.25,1.00
2017.08.14 02:16:42.354,1.42333,1.42348,1.44,1.00
2017.08.14 02:16:42.901,1.42333,1.42348,1.44,1.00
2017.08.14 02:16:43.410,1.42333,1.42348,1.25,1.00
2017.08.14 02:16:43.923,1.42333,1.42348,1.50,1.00
2017.08.14 02:16:44.874,1.42333,1.42348,1.25,1.00
2017.08.14 02:16:45.413,1.42333,1.42348,1.44,1.00
2017.08.14 02:16:48.025,1.42333,1.42348,1.25,1.00
2017.08.14 02:16:48.230,1.42329,1.42345,1.81,1.12
2017.08.14 02:16:48.384,1.42328,1.42344,1.56,1.12
2017.08.14 02:16:48.710,1.42326,1.42343,2.62,1.50
2017.08.14 02:16:56.434,1.42326,1.42343,2.19,1.00
2017.08.14 02:16:56.946,1.42327,1.42343,2.25,1.00
2017.08.14 02:16:57.490,1.42327,1.42343,1.81,1.00
2017.08.14 02:16:58.109,1.42328,1.42343,1.44,1.00
2017.08.14 02:16:58.660,1.42327,1.42343,1.81,1.00
2017.08.14 02:16:58.980,1.42332,1.42346,1.00,1.37
2017.08.14 02:16:59.186,1.42331,1.42346,4.87,1.00
2017.08.14 02:16:59.498,1.42334,1.42346,1.56,1.00
2017.08.14 02:16:59.922,1.42334,1.42347,1.50,1.00
2017.08.14 02:16:59.973,1.42334,1.42349,1.50,1.12
2017.08.14 02:17:01.023,1.42333,1.42349,2.06,1.00
2017.08.14 02:17:01.655,1.42333,1.42349,2.06,1.00
2017.08.14 02:17:02.012,1.42333,1.42349,1.69,1.00
2017.08.14 02:17:07.889,1.42333,1.42349,2.81,1.00
2017.08.14 02:17:09.664,1.42336,1.42349,1.62,1.00
2017.08.14 02:17:09.717,1.42336,1.42349,1.37,1.00
2017.08.14 02:17:09.769,1.42336,1.42349,1.31,1.00
2017.08.14 02:17:09.821,1.42339,1.42351,1.44,1.00
2017.08.14 02:17:10.170,1.42341,1.42351,1.50,1.00
2017.08.14 02:17:10.696,1.42341,1.42352,1.50,1.00
2017.08.14 02:17:11.358,1.42341,1.42352,1.25,1.00
2017.08.14 02:17:15.980,1.42338,1.42352,1.87,1.00
2017.08.14 02:17:16.083,1.42337,1.42352,1.50,1.00
2017.08.14 02:17:16.185,1.42337,1.42352,1.87,1.00
2017.08.14 02:17:17.233,1.42337,1.42352,1.31,1.00
2017.08.14 02:17:17.830,1.42337,1.42352,1.87,1.00
2017.08.14 02:17:18.408,1.42337,1.42352,1.31,1.00
2017.08.14 02:17:19.191,1.42337,1.42352,1.69,1.00
2017.08.14 02:17:19.294,1.42338,1.42352,2.06,1.00
2017.08.14 02:17:19.397,1.42341,1.42354,1.00,1.00
2017.08.14 02:17:19.551,1.42341,1.42354,1.37,1.00
2017.08.14 02:17:20.074,1.4234,1.42354,1.37,1.00
2017.08.14 02:17:20.296,1.42339,1.42354,2.62,1.00
2017.08.14 02:17:20.648,1.42337,1.42354,1.12,1.00
2017.08.14 02:17:20.906,1.42335,1.42353,1.50,2.31
2017.08.14 02:17:21.212,1.42333,1.4235,1.87,1.12
2017.08.14 02:17:28.821,1.42333,1.4235,3.00,1.00
2017.08.14 02:17:28.924,1.42341,1.42354,1.00,1.37
2017.08.14 02:17:29.071,1.42338,1.42354,1.31,2.31
2017.08.14 02:17:29.632,1.42336,1.42354,2.25,2.50
2017.08.14 02:17:30.323,1.42336,1.42353,1.87,1.31
2017.08.14 02:17:30.885,1.42335,1.42353,3.00,3.06
2017.08.14 02:17:31.968,1.42335,1.42353,2.62,2.31
2017.08.14 02:17:32.474,1.42335,1.42353,2.62,3.06
2017.08.14 02:17:33.022,1.42336,1.42353,1.44,2.87
2017.08.14 02:17:35.475,1.42336,1.42353,1.69,2.87
2017.08.14 02:17:36.020,1.42335,1.42352,1.37,1.12
2017.08.14 02:17:37.082,1.42335,1.42352,1.25,2.12
2017.08.14 02:17:37.620,1.42335,1.42352,1.37,2.12
2017.08.14 02:17:39.731,1.42335,1.42352,1.00,2.12
2017.08.14 02:17:40.232,1.42334,1.42352,2.25,2.12
2017.08.14 02:17:40.459,1.42335,1.42352,1.00,2.12
2017.08.14 02:17:40.704,1.42334,1.42352,3.00,2.12
2017.08.14 02:17:40.954,1.42335,1.42352,1.00,2.12
2017.08.14 02:17:41.302,1.42334,1.42352,2.25,2.12
2017.08.14 02:17:41.459,1.42335,1.42352,1.00,2.12
2017.08.14 02:17:41.709,1.42334,1.42352,3.00,2.12
2017.08.14 02:17:42.260,1.42334,1.42352,1.87,2.12
2017.08.14 02:17:42.809,1.42334,1.42352,2.25,2.12
2017.08.14 02:17:42.962,1.42335,1.42352,1.00,2.12
2017.08.14 02:17:43.511,1.42334,1.42352,2.25,2.12
2017.08.14 02:17:44.119,1.42335,1.42352,1.37,2.31
2017.08.14 02:17:44.630,1.42334,1.42352,1.87,2.31
2017.08.14 02:17:44.834,1.42335,1.42352,1.31,1.00
2017.08.14 02:17:45.372,1.42335,1.42352,1.12,2.50
2017.08.14 02:17:46.450,1.42337,1.42352,1.50,1.00
2017.08.14 02:17:46.757,1.42339,1.42352,1.44,1.00
2017.08.14 02:17:47.682,1.42339,1.42353,1.50,1.00
2017.08.14 02:17:54.210,1.42341,1.42355,1.25,1.00
2017.08.14 02:17:55.222,1.42341,1.42355,2.06,1.00
2017.08.14 02:17:57.332,1.42341,1.42355,1.00,1.00
2017.08.14 02:17:57.691,1.42341,1.42355,1.00,1.00
2017.08.14 02:17:59.364,1.42341,1.42355,1.12,1.00
2017.08.14 02:18:05.117,1.42341,1.42355,1.00,1.00
2017.08.14 02:18:05.617,1.42341,1.42355,1.00,1.00
2017.08.14 02:18:07.901,1.42339,1.42354,2.25,1.00
2017.08.14 02:18:08.004,1.42336,1.42353,1.00,2.31
2017.08.14 02:18:08.416,1.42334,1.42351,1.87,2.31
2017.08.14 02:18:08.974,1.42334,1.42351,1.87,2.31
2017.08.14 02:18:11.467,1.42334,1.42351,1.69,2.31
2017.08.14 02:18:11.969,1.42334,1.4235,1.69,1.00
2017.08.14 02:18:14.878,1.42334,1.4235,1.69,1.00
2017.08.14 02:18:15.210,1.42333,1.4235,1.44,2.50
2017.08.14 02:18:15.822,1.42329,1.42346,1.69,1.31
2017.08.14 02:18:16.406,1.42328,1.42346,2.19,3.06
2017.08.14 02:18:23.149,1.42328,1.42346,2.19,3.06
2017.08.14 02:18:23.470,1.4233,1.42346,1.75,1.00
2017.08.14 02:18:23.623,1.42332,1.42347,1.50,1.00
2017.08.14 02:18:23.779,1.42332,1.42347,1.87,1.00
2017.08.14 02:18:24.291,1.42334,1.42348,1.50,1.00
2017.08.14 02:18:24.835,1.42334,1.42348,2.25,1.00
2017.08.14 02:18:25.264,1.42332,1.42348,1.50,1.00
2017.08.14 02:18:27.061,1.42332,1.42348,2.62,1.00
2017.08.14 02:18:29.159,1.42332,1.42349,2.62,1.31
2017.08.14 02:18:33.771,1.42333,1.42349,3.94,1.00
2017.08.14 02:18:35.012,1.42333,1.42349,3.00,1.00
2017.08.14 02:18:36.263,1.42333,1.42349,3.94,1.00
2017.08.14 02:18:37.129,1.42334,1.4235,2.25,1.69
2017.08.14 02:18:45.207,1.42333,1.4235,2.25,1.50
2017.08.14 02:18:45.673,1.42333,1.4235,1.12,1.00
2017.08.14 02:18:46.710,1.42333,1.4235,1.69,2.12
2017.08.14 02:18:47.991,1.42333,1.4235,1.69,2.12
2017.08.14 02:18:49.218,1.42333,1.4235,1.69,2.12
2017.08.14 02:18:50.460,1.42333,1.4235,1.31,1.00
2017.08.14 02:18:51.720,1.42333,1.4235,1.69,1.00
2017.08.14 02:18:52.264,1.42333,1.4235,2.44,1.00
2017.08.14 02:18:52.418,1.42338,1.42354,1.25,1.50
2017.08.14 02:18:52.725,1.42346,1.42358,1.00,1.50
2017.08.14 02:18:53.031,1.42348,1.4236,1.00,3.19
2017.08.14 02:18:54.262,1.42348,1.4236,1.00,1.50
2017.08.14 02:18:55.879,1.42346,1.4236,1.00,1.50
2017.08.14 02:19:04.889,1.42345,1.4236,1.00,4.68
2017.08.14 02:19:04.941,1.42342,1.42356,1.00,1.31
2017.08.14 02:19:05.043,1.4234,1.42356,1.00,3.75
2017.08.14 02:19:05.503,1.42337,1.42353,1.00,2.25
2017.08.14 02:19:06.270,1.42338,1.42353,1.00,4.69
2017.08.14 02:19:10.061,1.42337,1.42352,1.00,1.87
2017.08.14 02:19:10.164,1.42337,1.42352,1.00,1.81
2017.08.14 02:19:10.681,1.42336,1.42352,1.00,3.56
2017.08.14 02:19:11.222,1.42335,1.42351,1.00,2.06
2017.08.14 02:19:12.112,1.42334,1.42351,1.00,2.25
2017.08.14 02:19:13.031,1.42333,1.42351,1.25,1.50
2017.08.14 02:19:13.778,1.42333,1.42351,1.44,4.25
2017.08.14 02:19:16.884,1.42335,1.42351,1.00,1.12
2017.08.14 02:19:17.361,1.42335,1.42351,1.00,2.25
2017.08.14 02:19:18.672,1.42335,1.4235,1.00,2.81
2017.08.14 02:19:19.391,1.42334,1.4235,1.12,1.00
2017.08.14 02:19:19.910,1.42334,1.4235,2.06,1.62
2017.08.14 02:19:21.582,1.42334,1.4235,2.25,1.50
2017.08.14 02:19:22.551,1.42334,1.4235,2.06,1.56
2017.08.14 02:19:23.134,1.42334,1.4235,1.31,1.69
2017.08.14 02:19:29.004,1.42336,1.4235,1.00,1.37
2017.08.14 02:19:29.534,1.42335,1.4235,1.00,1.37
2017.08.14 02:19:30.055,1.42334,1.4235,1.69,1.37
2017.08.14 02:19:31.167,1.42336,1.4235,1.00,1.37
2017.08.14 02:19:31.682,1.42335,1.4235,1.00,1.62
2017.08.14 02:19:32.211,1.42334,1.4235,1.25,1.62
2017.08.14 02:19:32.763,1.42335,1.4235,1.00,1.62
2017.08.14 02:19:32.866,1.42337,1.42352,1.69,1.69
2017.08.14 02:19:32.918,1.42338,1.42355,1.31,2.81
2017.08.14 02:19:32.970,1.42339,1.42355,1.56,2.06
2017.08.14 02:19:33.572,1.42341,1.42355,1.00,1.12
2017.08.14 02:19:33.726,1.42341,1.42357,1.00,2.62
2017.08.14 02:19:34.308,1.42341,1.42357,1.00,1.44
2017.08.14 02:19:34.832,1.42341,1.42357,1.00,1.50
2017.08.14 02:19:35.160,1.42341,1.42358,2.44,2.25
2017.08.14 02:19:35.773,1.42341,1.42358,2.00,2.50
2017.08.14 02:19:36.989,1.42343,1.42358,1.37,3.56
2017.08.14 02:19:37.245,1.42336,1.42355,2.62,2.25
2017.08.14 02:19:37.844,1.42336,1.42354,1.37,2.25
2017.08.14 02:19:38.817,1.42336,1.42354,1.12,4.87
2017.08.14 02:19:39.660,1.42335,1.42352,1.12,1.87
2017.08.14 02:19:40.865,1.42335,1.42352,1.12,2.62
2017.08.14 02:19:41.413,1.42335,1.42352,1.87,1.00
2017.08.14 02:19:42.888,1.42336,1.42352,1.12,2.25
2017.08.14 02:19:45.079,1.42335,1.42352,1.00,2.44
2017.08.14 02:19:45.283,1.42334,1.42352,2.00,2.69
2017.08.14 02:19:45.864,1.42334,1.42352,1.62,2.69
2017.08.14 02:19:47.053,1.42334,1.42352,1.37,2.44
2017.08.14 02:19:51.638,1.42333,1.42352,2.44,1.00
2017.08.14 02:19:52.514,1.42333,1.42352,2.62,1.00
2017.08.14 02:19:52.704,1.42332,1.42351,2.62,1.31
2017.08.14 02:19:53.241,1.42332,1.42351,1.19,3.69
2017.08.14 02:19:53.496,1.42331,1.42349,1.31,2.44
2017.08.14 02:19:53.650,1.4233,1.42348,1.12,2.81
2017.08.14 02:19:54.162,1.42329,1.42347,1.25,3.75
2017.08.14 02:19:54.721,1.42328,1.42347,2.44,3.56
2017.08.14 02:19:59.012,1.42327,1.42345,2.25,1.12
2017.08.14 02:19:59.116,1.42327,1.42345,2.25,4.24
2017.08.14 02:19:59.660,1.42327,1.42343,1.50,1.12
2017.08.14 02:20:00.207,1.42326,1.42343,2.62,2.24
2017.08.14 02:20:00.613,1.42326,1.42343,1.25,1.31
2017.08.14 02:20:00.666,1.42331,1.42344,1.00,1.50
2017.08.14 02:20:01.007,1.42332,1.42348,1.12,1.12
2017.08.14 02:20:01.263,1.42335,1.4235,1.12,1.87
2017.08.14 02:20:02.526,1.42336,1.42351,1.50,1.50
2017.08.14 02:20:03.737,1.42335,1.42351,1.87,1.50
2017.08.14 02:20:03.840,1.42335,1.42351,2.25,1.00
2017.08.14 02:20:04.442,1.42333,1.42351,1.25,3.56
2017.08.14 02:20:04.545,1.42333,1.42351,1.00,5.62
2017.08.14 02:20:04.853,1.42335,1.42351,1.37,4.06
2017.08.14 02:20:05.365,1.42333,1.42351,1.37,4.81
2017.08.14 02:20:05.955,1.42333,1.4235,1.87,1.12
2017.08.14 02:20:06.161,1.42333,1.4235,2.25,2.25
2017.08.14 02:20:06.263,1.42333,1.42348,1.00,1.87
2017.08.14 02:20:06.907,1.42333,1.42348,1.00,2.81
2017.08.14 02:20:07.436,1.42333,1.42349,1.37,3.37
2017.08.14 02:20:07.965,1.42333,1.42349,1.00,4.49
2017.08.14 02:20:08.949,1.42333,1.42348,1.00,1.87
2017.08.14 02:20:09.255,1.42333,1.42348,1.37,2.94
2017.08.14 02:20:09.359,1.42333,1.42348,1.00,1.25
2017.08.14 02:20:10.877,1.42333,1.42348,1.37,1.00
2017.08.14 02:20:14.905,1.42333,1.4235,2.62,1.50
2017.08.14 02:20:15.009,1.42336,1.42351,1.75,1.12
2017.08.14 02:20:15.214,1.42336,1.42353,3.00,1.69
2017.08.14 02:20:15.471,1.42339,1.42355,1.50,1.25
2017.08.14 02:20:17.773,1.42339,1.42355,1.87,1.00
2017.08.14 02:20:18.325,1.42339,1.42355,1.87,1.00
2017.08.14 02:20:18.847,1.42339,1.42355,1.69,1.00
2017.08.14 02:20:20.120,1.42339,1.42356,1.69,1.25
2017.08.14 02:20:20.872,1.42339,1.42356,1.50,1.50
2017.08.14 02:20:21.415,1.42339,1.42356,1.12,1.00
2017.08.14 02:20:24.462,1.42339,1.42356,1.25,1.75
2017.08.14 02:20:25.626,1.42339,1.42356,1.00,2.44
2017.08.14 02:20:25.830,1.42337,1.42354,1.00,1.50
2017.08.14 02:20:25.984,1.42335,1.42352,1.75,2.25
2017.08.14 02:20:26.866,1.42334,1.42351,2.25,1.31
2017.08.14 02:20:27.171,1.42336,1.42351,1.00,1.25
2017.08.14 02:20:27.630,1.42334,1.42351,4.13,1.00
2017.08.14 02:20:27.879,1.42338,1.42353,1.50,1.25
2017.08.14 02:20:28.549,1.42338,1.42354,1.00,1.69
2017.08.14 02:20:28.702,1.42338,1.42354,1.00,2.25
2017.08.14 02:20:29.373,1.42337,1.42354,1.12,2.44
2017.08.14 02:20:30.680,1.42336,1.42354,1.50,3.38
2017.08.14 02:20:31.222,1.42336,1.42354,1.69,2.81
2017.08.14 02:20:31.978,1.42338,1.42354,1.00,2.81
2017.08.14 02:20:32.029,1.42338,1.42354,1.00,3.00
2017.08.14 02:20:32.132,1.42337,1.42354,1.12,2.81
2017.08.14 02:20:32.768,1.42337,1.42354,1.12,2.63
2017.08.14 02:20:33.283,1.42336,1.42354,3.75,3.31
2017.08.14 02:20:33.784,1.42338,1.42354,1.00,2.44
2017.08.14 02:20:34.486,1.42338,1.42354,1.25,3.31
2017.08.14 02:20:35.258,1.42338,1.42354,1.00,3.00
2017.08.14 02:20:35.799,1.42338,1.42354,1.00,3.25
2017.08.14 02:20:36.527,1.42337,1.42354,1.50,2.69
2017.08.14 02:20:36.833,1.42344,1.42357,1.00,1.75
2017.08.14 02:20:36.885,1.42341,1.42357,2.06,1.88
2017.08.14 02:20:36.937,1.42344,1.42359,1.00,1.69
2017.08.14 02:20:36.988,1.42344,1.42359,1.00,1.88
2017.08.14 02:20:37.040,1.42348,1.42359,1.00,1.32
2017.08.14 02:20:37.303,1.42342,1.42359,1.87,1.38
2017.08.14 02:20:37.355,1.42345,1.42359,1.00,1.13
2017.08.14 02:20:37.508,1.42345,1.42359,1.00,1.50
2017.08.14 02:20:37.561,1.42343,1.42359,1.00,2.45
2017.08.14 02:20:37.818,1.4234,1.42358,1.50,1.50
2017.08.14 02:20:38.024,1.42336,1.42355,1.88,1.31
2017.08.14 02:20:38.128,1.42335,1.42354,2.25,1.31
2017.08.14 02:20:38.439,1.42333,1.42352,2.63,1.31
2017.08.14 02:20:38.953,1.42333,1.42352,1.31,3.06
2017.08.14 02:20:39.464,1.42333,1.42352,2.44,2.94
2017.08.14 02:20:39.618,1.42333,1.42352,1.69,3.38
2017.08.14 02:20:39.669,1.42332,1.42352,2.81,3.44
2017.08.14 02:20:40.021,1.42336,1.42353,1.81,1.50
2017.08.14 02:20:40.328,1.42344,1.42355,1.00,1.00
2017.08.14 02:20:40.839,1.42343,1.42355,1.12,1.00
2017.08.14 02:20:41.144,1.42342,1.42355,1.00,1.25
2017.08.14 02:20:41.409,1.4234,1.42355,1.00,2.50
2017.08.14 02:20:41.563,1.4234,1.42354,1.00,1.00
2017.08.14 02:20:41.970,1.4234,1.42354,1.00,1.00
2017.08.14 02:20:42.471,1.4234,1.42354,1.00,1.00
2017.08.14 02:20:43.489,1.42337,1.42354,3.19,1.00
2017.08.14 02:20:45.620,1.42337,1.42354,2.63,1.00
2017.08.14 02:20:46.125,1.42337,1.42354,2.44,1.00
2017.08.14 02:20:46.641,1.42337,1.42354,2.44,1.00
2017.08.14 02:20:46.692,1.42338,1.42354,1.00,1.00
2017.08.14 02:20:46.744,1.42338,1.42353,1.00,1.00
2017.08.14 02:20:47.971,1.42338,1.42353,1.00,1.00
2017.08.14 02:20:49.585,1.42338,1.42353,1.00,1.00
2017.08.14 02:20:50.146,1.42338,1.42353,1.00,1.00
2017.08.14 02:20:50.592,1.42335,1.42351,1.00,1.50
2017.08.14 02:20:50.643,1.42332,1.4235,1.31,1.00
2017.08.14 02:20:50.746,1.42332,1.42348,1.00,1.00
2017.08.14 02:20:51.053,1.42329,1.42347,1.19,3.38
2017.08.14 02:20:51.105,1.42328,1.42346,2.44,1.13
2017.08.14 02:20:51.157,1.42328,1.42346,1.87,2.50
2017.08.14 02:20:51.209,1.42328,1.42345,2.06,1.00
2017.08.14 02:20:51.740,1.42329,1.42345,1.56,1.00
2017.08.14 02:20:52.047,1.4233,1.42345,1.37,1.00
2017.08.14 02:20:52.150,1.42329,1.42345,3.19,1.13
2017.08.14 02:20:52.662,1.4233,1.42346,2.06,1.00
2017.08.14 02:20:53.215,1.4233,1.42346,1.69,1.25
2017.08.14 02:20:53.726,1.4233,1.42346,1.62,1.00
2017.08.14 02:20:54.336,1.42331,1.42347,1.88,1.00
2017.08.14 02:20:54.883,1.4233,1.42347,3.00,1.13
2017.08.14 02:20:55.395,1.42331,1.42347,1.12,1.25
2017.08.14 02:20:55.955,1.42331,1.42347,1.00,1.44
2017.08.14 02:20:56.513,1.4233,1.42347,1.69,1.25
2017.08.14 02:20:57.026,1.4233,1.42347,2.25,1.38
2017.08.14 02:20:57.587,1.4233,1.42347,2.25,1.19
2017.08.14 02:20:57.639,1.4233,1.42347,2.25,1.31
2017.08.14 02:20:58.359,1.4233,1.42347,1.50,1.50
2017.08.14 02:20:58.870,1.42329,1.42347,2.62,1.31
2017.08.14 02:20:59.391,1.4233,1.42347,2.06,1.00
2017.08.14 02:20:59.951,1.4233,1.42347,2.06,1.25
2017.08.14 02:21:00.488,1.4233,1.42348,1.69,1.63
2017.08.14 02:21:01.001,1.4233,1.42348,2.00,1.00
2017.08.14 02:21:01.510,1.4233,1.42348,1.62,1.31
2017.08.14 02:21:01.765,1.42331,1.42348,1.38,1.25
2017.08.14 02:21:01.816,1.4233,1.42348,3.75,1.25
2017.08.14 02:21:01.969,1.4233,1.42348,2.63,1.44
2017.08.14 02:21:02.309,1.42331,1.42348,1.50,1.31
2017.08.14 02:21:02.767,1.42334,1.42348,1.50,1.25
2017.08.14 02:21:02.870,1.42334,1.42352,1.25,2.44
2017.08.14 02:21:02.922,1.42336,1.42352,1.00,1.19
2017.08.14 02:21:03.237,1.42331,1.4235,1.31,2.44
2017.08.14 02:21:03.390,1.42331,1.42348,1.25,2.25
2017.08.14 02:21:03.531,1.42329,1.42348,2.81,4.31
2017.08.14 02:21:03.583,1.42329,1.42348,2.25,3.68
2017.08.14 02:21:03.634,1.42329,1.42348,2.81,3.56
2017.08.14 02:21:03.686,1.42329,1.42348,2.06,3.19
2017.08.14 02:21:03.790,1.42329,1.42348,2.06,2.62
2017.08.14 02:21:04.097,1.42328,1.42348,2.25,3.18
2017.08.14 02:21:04.149,1.42329,1.42348,1.63,1.63
2017.08.14 02:21:04.303,1.42328,1.42348,2.25,2.06
2017.08.14 02:21:04.507,1.42329,1.42348,1.81,3.69
2017.08.14 02:21:05.053,1.4233,1.42348,1.25,3.37
2017.08.14 02:21:05.464,1.4233,1.42348,1.38,2.06
2017.08.14 02:21:06.033,1.4233,1.42348,1.44,2.06
2017.08.14 02:21:06.555,1.4233,1.42348,1.38,2.06
2017.08.14 02:21:06.657,1.4233,1.42348,1.13,2.43
2017.08.14 02:21:07.255,1.4233,1.42348,1.56,1.62
2017.08.14 02:21:07.879,1.4233,1.42348,1.13,1.25
2017.08.14 02:21:08.237,1.4233,1.42348,1.00,1.63
2017.08.14 02:21:08.288,1.42329,1.42348,1.31,2.56
2017.08.14 02:21:08.798,1.4233,1.42348,1.13,3.32
2017.08.14 02:21:09.304,1.4233,1.42348,1.13,1.69
2017.08.14 02:21:09.784,1.4233,1.42348,1.38,1.31
2017.08.14 02:21:10.294,1.4233,1.42348,1.50,1.25
2017.08.14 02:21:11.275,1.42331,1.42348,1.19,2.25
2017.08.14 02:21:11.807,1.4233,1.42348,1.50,1.25
2017.08.14 02:21:12.016,1.42329,1.42347,1.12,1.12
2017.08.14 02:21:12.171,1.42328,1.42347,3.38,3.00
2017.08.14 02:21:12.478,1.42329,1.42347,1.00,3.75
2017.08.14 02:21:13.038,1.42329,1.42347,1.81,3.57
2017.08.14 02:21:13.545,1.42328,1.42346,1.31,1.50
2017.08.14 02:21:13.647,1.42328,1.42346,1.63,1.12
2017.08.14 02:21:13.890,1.42328,1.42346,1.50,1.12
2017.08.14 02:21:14.093,1.42329,1.42346,1.38,1.12
2017.08.14 02:21:14.145,1.42329,1.42346,1.25,1.50
2017.08.14 02:21:14.373,1.42328,1.42346,2.44,1.50
2017.08.14 02:21:14.729,1.42329,1.42346,1.25,1.12
2017.08.14 02:21:14.882,1.42328,1.42346,2.06,2.13
2017.08.14 02:21:15.399,1.42328,1.42346,1.50,2.13
2017.08.14 02:21:15.918,1.42328,1.42346,2.06,2.13
2017.08.14 02:21:16.672,1.42328,1.42346,1.50,1.00
2017.08.14 02:21:17.211,1.42329,1.42346,1.38,1.12
2017.08.14 02:21:17.722,1.42328,1.42346,1.50,1.12
2017.08.14 02:21:18.271,1.42328,1.42346,1.50,1.12
2017.08.14 02:21:18.866,1.42328,1.42346,2.06,1.50
2017.08.14 02:21:19.270,1.42328,1.42346,2.25,1.31
2017.08.14 02:21:19.876,1.42328,1.42346,1.69,1.50
2017.08.14 02:21:19.928,1.42328,1.42346,1.31,1.12
2017.08.14 02:21:19.979,1.42328,1.42346,1.69,1.31
2017.08.14 02:21:20.175,1.42328,1.42346,1.50,1.31
2017.08.14 02:21:20.633,1.42327,1.42346,3.94,3.25
2017.08.14 02:21:21.152,1.42327,1.42346,3.19,2.93
2017.08.14 02:21:21.849,1.42328,1.42346,2.63,1.37
2017.08.14 02:21:24.719,1.42328,1.42346,2.81,3.00
2017.08.14 02:21:25.947,1.42328,1.42346,2.63,1.12
2017.08.14 02:21:26.457,1.42327,1.42346,5.44,2.13
2017.08.14 02:21:26.508,1.42328,1.42346,1.50,2.13
2017.08.14 02:21:27.137,1.42329,1.42346,1.38,1.38
2017.08.14 02:21:27.720,1.42327,1.42346,3.94,2.13
2017.08.14 02:21:28.459,1.42328,1.42346,1.69,2.13
2017.08.14 02:21:29.019,1.42326,1.42343,1.00,3.56
2017.08.14 02:21:29.427,1.42324,1.42341,1.50,1.31
2017.08.14 02:21:29.947,1.42324,1.42341,1.38,1.00
2017.08.14 02:21:30.308,1.42324,1.4234,1.13,1.00
2017.08.14 02:21:30.411,1.42323,1.4234,1.94,1.00
2017.08.14 02:21:34.441,1.42327,1.4234,1.19,1.00
2017.08.14 02:21:34.956,1.42327,1.4234,1.13,1.00
2017.08.14 02:21:35.008,1.42327,1.4234,1.19,1.00
2017.08.14 02:21:35.164,1.42326,1.4234,2.06,1.00
2017.08.14 02:21:35.722,1.42326,1.4234,2.06,1.00
2017.08.14 02:21:36.508,1.42326,1.4234,2.25,1.00
2017.08.14 02:21:37.041,1.42327,1.4234,1.19,1.00
2017.08.14 02:21:37.616,1.42326,1.4234,2.44,1.00
2017.08.14 02:21:37.971,1.42328,1.42341,1.44,1.00
2017.08.14 02:21:38.671,1.42328,1.42341,1.00,1.00
2017.08.14 02:21:39.221,1.42328,1.42341,1.88,1.00
2017.08.14 02:21:39.732,1.42328,1.42341,1.00,1.00
2017.08.14 02:21:40.531,1.42328,1.42341,1.88,1.00
2017.08.14 02:21:40.868,1.42326,1.42341,1.19,1.00
2017.08.14 02:21:40.970,1.42327,1.42341,1.63,1.00
2017.08.14 02:21:41.173,1.42328,1.42341,1.38,1.00
2017.08.14 02:21:41.276,1.42328,1.42341,1.25,1.00
2017.08.14 02:21:41.784,1.42328,1.42341,1.00,1.00
2017.08.14 02:21:42.292,1.42328,1.42341,1.25,1.00
2017.08.14 02:21:42.800,1.42328,1.42341,1.00,1.00
2017.08.14 02:21:43.309,1.42328,1.42341,1.25,1.00
2017.08.14 02:21:43.835,1.42326,1.42341,2.62,1.00
2017.08.14 02:21:43.887,1.42326,1.42341,3.56,1.00
2017.08.14 02:21:44.192,1.42328,1.42341,1.13,1.00
2017.08.14 02:21:44.345,1.42326,1.42341,1.56,1.00
2017.08.14 02:21:44.854,1.42328,1.42341,1.19,1.00
2017.08.14 02:21:45.059,1.42328,1.42341,1.38,1.00
2017.08.14 02:21:45.780,1.42328,1.42341,1.00,1.00
2017.08.14 02:21:46.153,1.42327,1.42341,2.06,1.00
2017.08.14 02:21:46.407,1.42328,1.42341,1.13,1.00
2017.08.14 02:21:46.917,1.42328,1.42341,1.44,1.00
2017.08.14 02:21:47.528,1.42328,1.42341,1.88,1.00
2017.08.14 02:21:48.038,1.42328,1.42341,1.38,1.00
2017.08.14 02:21:48.547,1.42328,1.42341,1.13,1.00
2017.08.14 02:21:49.423,1.42326,1.42341,2.62,1.00
2017.08.14 02:21:49.729,1.42324,1.42338,1.75,1.88
2017.08.14 02:21:49.782,1.42324,1.42339,1.13,1.87
2017.08.14 02:21:49.886,1.42327,1.42341,1.38,1.00
2017.08.14 02:21:50.040,1.42326,1.42341,2.81,1.00
2017.08.14 02:21:50.092,1.42326,1.42341,2.81,1.00
2017.08.14 02:21:50.145,1.42326,1.42341,2.81,1.00
2017.08.14 02:21:50.401,1.42326,1.42341,3.75,1.00
2017.08.14 02:21:50.653,1.42326,1.42341,3.00,1.00
2017.08.14 02:21:50.907,1.42327,1.42341,1.13,1.00
2017.08.14 02:21:50.959,1.42327,1.42341,1.88,1.00
2017.08.14 02:21:51.010,1.42327,1.42341,1.38,1.00
2017.08.14 02:21:51.519,1.42327,1.42342,1.13,1.00
2017.08.14 02:21:51.672,1.42327,1.42342,1.31,1.00
2017.08.14 02:21:52.182,1.42328,1.42342,1.38,1.00
2017.08.14 02:21:52.233,1.42327,1.42342,1.50,1.00
2017.08.14 02:21:52.692,1.42327,1.42342,2.06,1.00
2017.08.14 02:21:52.940,1.42326,1.42342,1.13,1.00
2017.08.14 02:21:53.196,1.42323,1.42341,3.75,3.19
2017.08.14 02:21:53.298,1.42323,1.42341,3.19,3.81
2017.08.14 02:21:53.350,1.42323,1.42341,2.44,1.50
2017.08.14 02:21:53.554,1.42325,1.42341,1.13,3.57
2017.08.14 02:21:53.606,1.42324,1.4234,1.63,1.13
2017.08.14 02:21:54.267,1.42322,1.4234,2.44,2.12
2017.08.14 02:21:54.370,1.42323,1.4234,1.31,1.37
2017.08.14 02:21:54.421,1.42325,1.4234,1.38,1.00
2017.08.14 02:21:54.882,1.42324,1.4234,1.63,1.25
2017.08.14 02:21:55.241,1.42323,1.4234,2.25,1.50
2017.08.14 02:21:55.292,1.42324,1.4234,1.63,1.50
2017.08.14 02:21:55.904,1.42323,1.4234,3.00,1.50
2017.08.14 02:21:56.413,1.42323,1.4234,2.81,1.50
2017.08.14 02:21:56.616,1.42324,1.4234,1.69,1.50
2017.08.14 02:21:56.668,1.42324,1.4234,1.88,1.50
2017.08.14 02:21:57.184,1.42324,1.4234,1.38,1.00
2017.08.14 02:21:57.694,1.42324,1.4234,1.13,1.88
2017.08.14 02:21:57.898,1.42324,1.4234,1.63,1.00
2017.08.14 02:21:58.407,1.42324,1.4234,1.38,2.50
2017.08.14 02:21:59.132,1.42323,1.4234,4.13,2.69
2017.08.14 02:21:59.285,1.42323,1.4234,4.31,2.50
2017.08.14 02:21:59.336,1.42324,1.4234,1.38,2.12
2017.08.14 02:21:59.623,1.42324,1.4234,1.25,2.50
2017.08.14 02:21:59.833,1.42324,1.4234,1.38,2.24
2017.08.14 02:22:00.103,1.42323,1.4234,3.00,2.24
2017.08.14 02:22:00.308,1.42324,1.4234,1.38,2.24
2017.08.14 02:22:00.461,1.42323,1.4234,3.00,1.12
2017.08.14 02:22:00.766,1.42324,1.4234,1.88,1.00
2017.08.14 02:22:01.274,1.42324,1.4234,1.50,1.12
2017.08.14 02:22:01.620,1.42323,1.4234,3.38,2.12
2017.08.14 02:22:02.147,1.42323,1.4234,2.00,2.31
2017.08.14 02:22:02.668,1.42323,1.4234,1.69,2.12
2017.08.14 02:22:02.974,1.42324,1.4234,1.13,2.12
2017.08.14 02:22:03.076,1.42323,1.4234,1.88,2.12
2017.08.14 02:22:03.196,1.42323,1.4234,2.44,2.12
2017.08.14 02:22:03.453,1.42323,1.4234,2.25,2.12
2017.08.14 02:22:03.695,1.42323,1.4234,2.44,2.31
2017.08.14 02:22:04.204,1.42324,1.4234,1.88,1.00
2017.08.14 02:22:04.509,1.42324,1.4234,1.88,1.00
2017.08.14 02:22:04.612,1.42324,1.4234,1.31,1.00
2017.08.14 02:22:04.663,1.42324,1.4234,1.50,1.00
2017.08.14 02:22:05.290,1.42325,1.4234,1.13,1.00
2017.08.14 02:22:05.708,1.42325,1.4234,1.13,1.19
2017.08.14 02:22:06.318,1.42325,1.4234,1.38,1.19
2017.08.14 02:22:06.726,1.42324,1.4234,1.31,1.00
2017.08.14 02:22:06.828,1.42324,1.4234,1.13,1.00
2017.08.14 02:22:06.880,1.42325,1.4234,1.19,1.00
2017.08.14 02:22:06.932,1.42324,1.42338,1.37,1.50
2017.08.14 02:22:07.085,1.42323,1.42338,1.44,1.19
2017.08.14 02:22:07.137,1.42326,1.42339,1.69,1.12
2017.08.14 02:22:07.188,1.42326,1.42339,1.50,1.12
2017.08.14 02:22:07.291,1.42325,1.42339,2.62,1.00
2017.08.14 02:22:07.801,1.42326,1.4234,1.50,1.25
2017.08.14 02:22:08.764,1.42325,1.4234,2.63,1.00
2017.08.14 02:22:09.830,1.42325,1.4234,3.19,1.00
2017.08.14 02:22:10.441,1.42325,1.4234,3.19,1.00
2017.08.14 02:22:11.266,1.42325,1.4234,3.19,1.00
2017.08.14 02:22:11.794,1.42325,1.4234,3.38,1.00
2017.08.14 02:22:12.440,1.42325,1.4234,3.19,1.00
2017.08.14 02:22:12.982,1.42326,1.4234,1.13,1.00
2017.08.14 02:22:13.091,1.42326,1.42341,1.13,1.19
2017.08.14 02:22:13.817,1.42326,1.42341,1.88,1.19
2017.08.14 02:22:14.178,1.42325,1.42341,2.00,1.69
2017.08.14 02:22:14.333,1.42323,1.4234,1.87,1.50
2017.08.14 02:22:14.758,1.42322,1.4234,1.50,1.69
2017.08.14 02:22:15.574,1.42322,1.42338,1.62,1.50
2017.08.14 02:22:15.728,1.42323,1.42338,1.75,2.06
2017.08.14 02:22:15.780,1.42322,1.42338,3.00,2.06
2017.08.14 02:22:15.833,1.42325,1.42338,1.00,1.69
2017.08.14 02:22:16.343,1.42325,1.42338,1.44,1.19
2017.08.14 02:22:16.935,1.42325,1.42338,1.13,1.19
2017.08.14 02:22:17.441,1.42325,1.42338,1.38,1.19
2017.08.14 02:22:18.644,1.42324,1.42338,1.37,1.69
2017.08.14 02:22:18.953,1.42323,1.42338,1.25,1.19
2017.08.14 02:22:19.715,1.42322,1.42338,2.25,1.19
2017.08.14 02:22:19.766,1.42322,1.42338,1.13,1.19
2017.08.14 02:22:20.272,1.42322,1.42338,1.13,1.19
2017.08.14 02:22:20.778,1.42321,1.42338,2.63,1.19
2017.08.14 02:22:21.287,1.42322,1.42338,1.88,1.19
2017.08.14 02:22:21.797,1.42323,1.42338,1.38,1.19
2017.08.14 02:22:22.000,1.42322,1.42338,1.56,1.19
2017.08.14 02:22:22.203,1.42323,1.42338,1.38,1.19
2017.08.14 02:22:22.255,1.42323,1.42338,1.44,1.19
2017.08.14 02:22:22.306,1.42323,1.42338,1.88,1.25
2017.08.14 02:22:22.357,1.42324,1.42338,1.75,1.25
2017.08.14 02:22:22.409,1.42326,1.42339,1.13,1.19
2017.08.14 02:22:22.713,1.42329,1.42341,1.19,1.69
2017.08.14 02:22:22.765,1.42328,1.42341,1.87,1.69
2017.08.14 02:22:23.180,1.42328,1.42341,1.50,1.69
2017.08.14 02:22:23.282,1.42328,1.42341,1.25,1.69
2017.08.14 02:22:23.860,1.42328,1.42341,2.06,1.69
2017.08.14 02:22:24.477,1.42327,1.42341,1.75,1.69
2017.08.14 02:22:25.005,1.42327,1.42341,1.50,1.69
2017.08.14 02:22:25.107,1.42327,1.42341,1.25,1.19
2017.08.14 02:22:25.311,1.42327,1.42341,1.81,1.19
2017.08.14 02:22:25.515,1.42327,1.42341,1.00,1.69
2017.08.14 02:22:25.668,1.42328,1.42341,1.31,1.19
2017.08.14 02:22:26.277,1.42327,1.42341,1.94,1.19
2017.08.14 02:22:26.813,1.42327,1.42341,1.69,1.19
2017.08.14 02:22:27.372,1.42327,1.42341,1.94,1.19
2017.08.14 02:22:27.899,1.42327,1.42341,1.69,1.19
2017.08.14 02:22:28.671,1.42327,1.42341,1.44,1.19
2017.08.14 02:22:29.182,1.42326,1.42341,1.56,1.19
2017.08.14 02:22:29.488,1.42326,1.42341,2.25,1.19
2017.08.14 02:22:29.793,1.42326,1.42341,1.50,1.19
2017.08.14 02:22:29.946,1.42326,1.42341,1.50,1.19
2017.08.14 02:22:29.997,1.42326,1.42341,2.25,1.19
2017.08.14 02:22:30.321,1.42326,1.42341,2.25,1.69
2017.08.14 02:22:30.474,1.42326,1.42341,2.25,2.44
2017.08.14 02:22:30.780,1.42326,1.42341,2.44,2.44
2017.08.14 02:22:31.086,1.42326,1.42341,1.69,1.19
2017.08.14 02:22:31.342,1.42325,1.42341,1.37,1.19
2017.08.14 02:22:31.846,1.42325,1.42341,1.13,1.19
2017.08.14 02:22:32.380,1.42324,1.42341,3.19,1.19
2017.08.14 02:22:32.613,1.42325,1.42341,1.13,1.69
2017.08.14 02:22:33.123,1.42325,1.42341,1.13,1.19
2017.08.14 02:22:33.731,1.42325,1.42341,1.31,1.69
2017.08.14 02:22:33.993,1.42324,1.42341,3.38,1.19
2017.08.14 02:22:34.821,1.42325,1.42341,1.13,1.69
2017.08.14 02:22:35.380,1.42324,1.42341,4.13,1.69
2017.08.14 02:22:36.065,1.42325,1.42341,1.75,1.69
2017.08.14 02:22:36.830,1.42325,1.42341,1.56,1.69
2017.08.14 02:22:36.983,1.4233,1.42341,1.00,1.19
2017.08.14 02:22:37.523,1.42329,1.42341,1.00,1.19
2017.08.14 02:22:38.566,1.4233,1.42341,1.00,1.19
2017.08.14 02:22:39.107,1.42331,1.42341,1.00,1.19
2017.08.14 02:22:42.518,1.4233,1.42341,1.00,1.19
2017.08.14 02:22:43.052,1.42332,1.42341,1.00,1.19
2017.08.14 02:22:43.205,1.42332,1.42342,1.00,1.19
2017.08.14 02:22:44.454,1.4233,1.42342,1.00,1.44
2017.08.14 02:22:44.981,1.42331,1.42342,1.00,1.19
2017.08.14 02:22:45.484,1.4233,1.42341,1.00,1.50
2017.08.14 02:22:45.994,1.42329,1.42341,1.00,1.19
2017.08.14 02:22:46.300,1.42331,1.42341,1.00,1.19
2017.08.14 02:22:47.788,1.4233,1.42341,1.00,1.19
2017.08.14 02:22:49.259,1.4233,1.42341,1.00,1.19
2017.08.14 02:22:51.759,1.4233,1.42341,1.00,1.19
2017.08.14 02:22:52.640,1.4233,1.42341,1.00,1.69
2017.08.14 02:22:57.981,1.4233,1.42341,1.00,1.19
2017.08.14 02:22:58.202,1.42328,1.42341,1.00,2.69
2017.08.14 02:22:58.255,1.4233,1.4234,1.00,1.13
2017.08.14 02:22:58.561,1.4233,1.4234,1.00,1.19
2017.08.14 02:22:58.612,1.42329,1.4234,1.00,1.19
2017.08.14 02:22:59.123,1.42329,1.4234,1.00,1.19
2017.08.14 02:23:00.238,1.42329,1.4234,1.00,1.25
2017.08.14 02:23:00.747,1.42329,1.4234,1.00,1.25
2017.08.14 02:23:01.358,1.42328,1.4234,1.00,2.38
2017.08.14 02:23:01.815,1.42327,1.42339,1.00,1.13
2017.08.14 02:23:02.528,1.42329,1.42339,1.00,1.19
2017.08.14 02:23:02.833,1.42329,1.42339,1.00,1.19
2017.08.14 02:23:03.349,1.42329,1.4234,1.00,1.19
2017.08.14 02:23:03.859,1.4233,1.4234,1.00,1.19
2017.08.14 02:23:04.578,1.4233,1.4234,1.00,1.69
2017.08.14 02:23:04.630,1.42328,1.4234,1.00,1.69
2017.08.14 02:23:12.126,1.42326,1.42339,1.00,1.31
2017.08.14 02:23:12.280,1.42328,1.42339,1.00,2.56
2017.08.14 02:23:12.789,1.42327,1.42339,1.00,2.37
2017.08.14 02:23:14.365,1.42328,1.42339,1.00,1.19
2017.08.14 02:23:14.673,1.4233,1.42339,1.00,1.19
2017.08.14 02:23:14.980,1.42332,1.42339,1.00,1.19
2017.08.14 02:23:15.558,1.42331,1.42339,1.00,1.19
2017.08.14 02:23:15.777,1.42329,1.42339,1.00,1.19
2017.08.14 02:23:16.288,1.42329,1.42339,1.25,1.19
2017.08.14 02:23:16.797,1.42331,1.42339,1.00,1.19
2017.08.14 02:23:18.640,1.42327,1.42339,1.13,1.19
2017.08.14 02:23:20.773,1.42326,1.42339,1.50,1.19
2017.08.14 02:23:21.298,1.42326,1.42339,1.31,1.19
2017.08.14 02:23:21.552,1.42326,1.42339,1.50,1.19
2017.08.14 02:23:21.961,1.42326,1.42339,1.31,1.19
2017.08.14 02:23:22.419,1.42324,1.42339,2.63,1.00
2017.08.14 02:23:22.470,1.42324,1.42339,2.62,1.00
2017.08.14 02:23:22.521,1.42324,1.42339,2.62,1.00
2017.08.14 02:23:23.031,1.42325,1.42339,1.38,1.00
2017.08.14 02:23:23.285,1.42324,1.42339,1.50,1.50
2017.08.14 02:23:23.490,1.42324,1.42339,2.06,1.50
2017.08.14 02:23:23.979,1.42324,1.42339,1.50,1.50
2017.08.14 02:23:24.486,1.42324,1.42339,1.69,1.50
2017.08.14 02:23:24.822,1.42324,1.42339,1.00,1.50
2017.08.14 02:23:24.924,1.42324,1.42339,1.38,1.50
2017.08.14 02:23:26.241,1.42323,1.42339,3.75,1.50
2017.08.14 02:23:26.741,1.42324,1.42339,1.88,1.00
2017.08.14 02:23:27.491,1.42324,1.42339,1.69,1.00
2017.08.14 02:23:28.134,1.42326,1.42339,1.44,1.00
2017.08.14 02:23:28.644,1.42326,1.42339,1.13,1.00
2017.08.14 02:23:29.154,1.42325,1.42339,1.13,1.00
2017.08.14 02:23:29.690,1.42325,1.42339,1.38,1.00
2017.08.14 02:23:30.281,1.42325,1.42339,1.38,1.00
2017.08.14 02:23:30.811,1.42325,1.42339,1.38,1.00
2017.08.14 02:23:31.975,1.42325,1.42339,1.13,1.00
2017.08.14 02:23:32.478,1.42325,1.42339,1.69,1.00
2017.08.14 02:23:33.051,1.42325,1.42339,1.69,1.00
2017.08.14 02:23:33.615,1.42325,1.42339,1.38,1.00
2017.08.14 02:23:34.072,1.42324,1.42339,1.50,1.00
2017.08.14 02:23:34.581,1.42323,1.42339,2.00,1.19
2017.08.14 02:23:34.869,1.42324,1.42339,1.00,1.19
2017.08.14 02:23:35.073,1.42323,1.42339,2.25,1.19
2017.08.14 02:23:35.175,1.42323,1.42339,3.00,1.19
2017.08.14 02:23:35.686,1.42324,1.42339,1.38,1.19
2017.08.14 02:23:35.839,1.42324,1.42339,1.25,1.63
2017.08.14 02:23:36.043,1.42324,1.42339,1.00,1.19
2017.08.14 02:23:36.554,1.42324,1.42339,1.50,2.75
2017.08.14 02:23:37.104,1.42323,1.42339,2.44,2.31
2017.08.14 02:23:37.615,1.42323,1.42339,1.50,2.94
2017.08.14 02:23:38.482,1.42323,1.42339,2.44,3.13
2017.08.14 02:23:39.022,1.42323,1.42339,1.69,3.50
2017.08.14 02:23:40.295,1.42322,1.42339,2.44,4.63
2017.08.14 02:23:40.803,1.42323,1.42338,1.50,1.50
2017.08.14 02:23:40.905,1.42323,1.42338,1.69,3.82
2017.08.14 02:23:41.414,1.42321,1.42337,3.37,1.50
2017.08.14 02:23:41.906,1.42318,1.42334,2.06,1.50
2017.08.14 02:23:42.417,1.42318,1.42334,1.50,1.69
2017.08.14 02:23:42.723,1.42319,1.42334,1.38,2.44
2017.08.14 02:23:42.774,1.42319,1.42334,1.00,2.44
2017.08.14 02:23:42.927,1.42319,1.42334,1.50,2.44
2017.08.14 02:23:43.836,1.42318,1.42334,1.31,2.44
2017.08.14 02:23:43.888,1.42318,1.42334,1.88,2.44
2017.08.14 02:23:44.499,1.42319,1.42334,2.44,1.69
2017.08.14 02:23:44.762,1.42319,1.42334,1.44,1.69
2017.08.14 02:23:45.170,1.42319,1.42334,1.75,1.69
2017.08.14 02:23:45.425,1.42318,1.42334,2.44,2.44
2017.08.14 02:23:45.527,1.42319,1.42334,1.75,1.69
2017.08.14 02:23:45.833,1.42319,1.42334,1.38,1.69
2017.08.14 02:23:45.936,1.42319,1.42334,1.38,1.69
2017.08.14 02:23:46.531,1.42318,1.42334,2.63,1.69
2017.08.14 02:23:46.758,1.42318,1.42334,3.19,1.69
2017.08.14 02:23:47.032,1.42318,1.42334,3.19,1.69
2017.08.14 02:23:47.541,1.42318,1.42334,3.19,1.69
2017.08.14 02:23:48.132,1.42318,1.42334,3.19,1.69
2017.08.14 02:23:48.642,1.42318,1.42334,3.00,1.69
2017.08.14 02:23:50.630,1.42319,1.42334,1.38,1.69
2017.08.14 02:23:51.141,1.4232,1.42334,1.25,1.69
2017.08.14 02:23:52.193,1.4232,1.42334,1.38,1.69
2017.08.14 02:23:52.814,1.4232,1.42334,1.50,1.69
2017.08.14 02:23:53.359,1.4232,1.42334,1.44,1.69
2017.08.14 02:23:53.890,1.4232,1.42334,1.50,1.69
2017.08.14 02:23:54.083,1.4232,1.42334,2.25,1.25
2017.08.14 02:23:54.592,1.4232,1.42334,1.69,1.25
2017.08.14 02:23:54.643,1.4232,1.42334,1.88,1.69
2017.08.14 02:23:56.443,1.4232,1.42334,1.31,1.69
2017.08.14 02:23:56.973,1.4232,1.42334,1.44,1.69
2017.08.14 02:23:57.738,1.42319,1.42334,1.69,1.69
2017.08.14 02:23:57.789,1.4232,1.42334,1.13,1.69
2017.08.14 02:23:58.295,1.4232,1.42334,1.38,1.69
2017.08.14 02:23:58.843,1.4232,1.42334,1.13,1.69
2017.08.14 02:23:59.354,1.42319,1.42334,2.00,1.69
2017.08.14 02:23:59.784,1.4232,1.42334,1.13,1.69
2017.08.14 02:24:00.192,1.4232,1.42334,1.38,1.69
2017.08.14 02:24:00.243,1.4232,1.42334,1.13,1.69
2017.08.14 02:24:00.396,1.4232,1.42334,1.38,1.69
2017.08.14 02:24:00.601,1.4232,1.42334,1.25,1.69
2017.08.14 02:24:01.185,1.42319,1.42334,1.38,1.69
2017.08.14 02:24:01.288,1.42319,1.42334,1.25,1.69
2017.08.14 02:24:01.557,1.4232,1.42334,1.88,1.69
2017.08.14 02:24:02.505,1.4232,1.42334,1.25,1.69
2017.08.14 02:24:03.014,1.42319,1.42334,1.63,1.69
2017.08.14 02:24:03.065,1.42319,1.42334,1.25,1.69
2017.08.14 02:24:03.570,1.42318,1.42334,2.06,1.69
2017.08.14 02:24:04.079,1.42319,1.42334,1.38,2.44
2017.08.14 02:24:04.589,1.42318,1.42334,1.69,1.69
2017.08.14 02:24:05.886,1.42318,1.42334,2.44,1.69
2017.08.14 02:24:07.918,1.42319,1.42334,1.13,2.81
2017.08.14 02:24:08.122,1.42319,1.42334,1.38,2.63
2017.08.14 02:24:08.274,1.42319,1.42334,1.25,2.63
2017.08.14 02:24:08.671,1.42319,1.42334,2.25,1.69
2017.08.14 02:24:08.722,1.4232,1.42334,1.50,1.25
2017.08.14 02:24:09.028,1.4232,1.42334,2.25,1.69
2017.08.14 02:24:09.335,1.42319,1.42334,1.12,1.69
2017.08.14 02:24:09.387,1.42322,1.42334,1.25,1.00
2017.08.14 02:24:09.700,1.42323,1.42336,1.50,1.00
2017.08.14 02:24:10.213,1.42323,1.42336,2.44,1.00
2017.08.14 02:24:10.714,1.42324,1.42336,1.38,1.00
2017.08.14 02:24:10.816,1.42324,1.42336,1.25,1.00
2017.08.14 02:24:11.327,1.42324,1.42336,1.38,1.00
2017.08.14 02:24:12.113,1.42324,1.42336,1.38,1.00
2017.08.14 02:24:12.267,1.42324,1.42336,1.25,1.00
2017.08.14 02:24:12.577,1.42323,1.42336,2.25,1.00
2017.08.14 02:24:12.628,1.42326,1.4234,1.00,2.81
2017.08.14 02:24:12.731,1.42326,1.4234,1.38,1.19
2017.08.14 02:24:12.885,1.42325,1.4234,2.44,1.19
2017.08.14 02:24:13.485,1.42326,1.4234,1.44,1.19
2017.08.14 02:24:14.030,1.42326,1.4234,1.38,1.19
2017.08.14 02:24:14.286,1.42326,1.4234,1.00,2.94
2017.08.14 02:24:14.389,1.42322,1.42337,1.00,1.87
2017.08.14 02:24:14.696,1.42322,1.42335,1.00,2.06
2017.08.14 02:24:14.747,1.42317,1.42332,1.50,1.31
2017.08.14 02:24:14.900,1.42314,1.42329,1.00,1.13
2017.08.14 02:24:15.864,1.42315,1.42329,1.25,2.75
2017.08.14 02:24:17.340,1.42314,1.42329,1.00,2.81
2017.08.14 02:24:17.663,1.42312,1.42329,1.25,4.31
2017.08.14 02:24:18.181,1.42313,1.42328,1.00,1.69
2017.08.14 02:24:18.691,1.42311,1.42328,2.81,3.69
2017.08.14 02:24:19.482,1.42312,1.42328,1.00,1.13
2017.08.14 02:24:20.011,1.42312,1.42328,1.25,3.07
2017.08.14 02:24:22.373,1.42312,1.42328,1.25,1.38
2017.08.14 02:24:22.632,1.42312,1.42328,1.00,1.00
2017.08.14 02:24:22.848,1.42312,1.42328,1.25,1.38
2017.08.14 02:24:23.099,1.42312,1.42328,1.25,1.25
2017.08.14 02:24:23.622,1.42312,1.42328,1.25,1.38
2017.08.14 02:24:24.141,1.42312,1.42328,1.00,1.00
2017.08.14 02:24:24.699,1.42312,1.42328,1.25,1.38
2017.08.14 02:24:25.258,1.42312,1.42328,1.00,1.13
2017.08.14 02:24:25.361,1.42312,1.42328,1.25,1.38
2017.08.14 02:24:25.607,1.42312,1.42328,1.25,1.25
2017.08.14 02:24:25.770,1.42312,1.42328,1.25,1.50
2017.08.14 02:24:25.872,1.42313,1.42328,1.00,1.25
2017.08.14 02:24:28.846,1.42313,1.42328,1.00,1.19
2017.08.14 02:24:28.897,1.42311,1.42328,1.88,1.38
2017.08.14 02:24:28.999,1.42311,1.42328,1.50,2.56
2017.08.14 02:24:29.578,1.42313,1.42328,1.00,2.56
2017.08.14 02:24:29.985,1.42313,1.42328,1.00,1.50
2017.08.14 02:24:30.138,1.42313,1.42328,1.00,2.56
2017.08.14 02:24:30.381,1.42311,1.42328,1.69,1.50
2017.08.14 02:24:30.597,1.42311,1.42328,1.50,2.56
2017.08.14 02:24:30.750,1.42312,1.42328,1.44,1.50
2017.08.14 02:24:31.324,1.42313,1.42328,1.00,2.56
2017.08.14 02:24:31.767,1.42313,1.42328,1.87,1.38
2017.08.14 02:24:31.869,1.42314,1.42329,1.13,1.87
2017.08.14 02:24:32.378,1.42316,1.42331,1.12,1.37
2017.08.14 02:24:32.429,1.42316,1.42331,1.38,1.00
2017.08.14 02:24:32.735,1.42314,1.4233,1.00,1.69
2017.08.14 02:24:33.249,1.42314,1.4233,1.00,2.50
2017.08.14 02:24:33.805,1.42315,1.4233,1.00,4.12
2017.08.14 02:24:34.314,1.42316,1.4233,1.00,2.06
2017.08.14 02:24:34.836,1.42315,1.4233,1.00,2.81
2017.08.14 02:24:35.731,1.42315,1.4233,1.00,2.25
2017.08.14 02:24:36.238,1.42315,1.4233,1.00,3.00
2017.08.14 02:24:36.785,1.42315,1.4233,1.00,2.06
2017.08.14 02:24:37.327,1.42315,1.4233,1.50,1.63
2017.08.14 02:24:38.467,1.42315,1.42331,1.00,2.81
2017.08.14 02:24:39.017,1.42314,1.4233,1.00,1.50
2017.08.14 02:24:39.542,1.42314,1.4233,1.25,1.13
2017.08.14 02:24:39.656,1.42314,1.4233,1.00,1.44
2017.08.14 02:24:40.227,1.42314,1.4233,1.25,1.88
2017.08.14 02:24:40.431,1.42312,1.42329,1.88,2.44
2017.08.14 02:24:40.482,1.42312,1.42329,1.88,3.94
2017.08.14 02:24:40.635,1.42312,1.42329,1.31,3.88
2017.08.14 02:24:40.687,1.42314,1.42329,1.00,3.06
2017.08.14 02:24:40.938,1.42312,1.42329,1.25,3.69
2017.08.14 02:24:41.296,1.42314,1.42329,1.00,3.44
2017.08.14 02:24:41.449,1.42312,1.42329,1.12,3.69
2017.08.14 02:24:41.704,1.42313,1.42329,1.25,2.94
2017.08.14 02:24:41.755,1.42315,1.42329,1.00,2.56
2017.08.14 02:24:41.908,1.42313,1.42329,1.13,3.18
2017.08.14 02:24:41.960,1.42313,1.42329,1.38,1.25
2017.08.14 02:24:42.011,1.42313,1.42329,1.12,1.00
2017.08.14 02:24:42.063,1.42315,1.4233,1.00,2.25
2017.08.14 02:24:42.167,1.42316,1.42333,2.06,2.81
2017.08.14 02:24:42.218,1.42317,1.42333,1.44,1.50
2017.08.14 02:24:42.525,1.42316,1.42333,1.50,4.25
2017.08.14 02:24:43.073,1.42317,1.42333,1.00,2.50
2017.08.14 02:24:43.125,1.42317,1.42333,1.00,2.25
2017.08.14 02:24:43.317,1.42317,1.42333,1.00,2.50
2017.08.14 02:24:43.633,1.42316,1.42333,1.12,2.44
2017.08.14 02:24:43.837,1.42317,1.42333,1.44,3.19
2017.08.14 02:24:44.434,1.42317,1.42333,1.25,3.38
2017.08.14 02:24:44.974,1.42317,1.42333,1.25,3.19
2017.08.14 02:24:45.282,1.42319,1.42333,1.00,2.06
2017.08.14 02:24:45.899,1.42319,1.42333,1.00,2.44
2017.08.14 02:24:46.459,1.42319,1.42333,1.00,2.44
2017.08.14 02:24:47.061,1.42318,1.42333,1.25,3.37
2017.08.14 02:24:47.631,1.42318,1.42333,1.00,3.19
2017.08.14 02:24:47.937,1.42319,1.42333,1.00,2.81
2017.08.14 02:24:48.205,1.42319,1.42333,1.00,2.44
2017.08.14 02:24:49.060,1.42318,1.42333,1.00,3.19
2017.08.14 02:24:49.538,1.42318,1.42333,1.25,3.88
2017.08.14 02:24:49.741,1.42318,1.42333,1.00,2.44
2017.08.14 02:24:50.270,1.42317,1.42333,1.13,2.81
2017.08.14 02:24:50.779,1.42319,1.42333,1.00,2.44
2017.08.14 02:24:51.085,1.42316,1.42333,1.25,2.69
2017.08.14 02:24:51.647,1.42315,1.42333,1.13,3.06
2017.08.14 02:24:51.973,1.42316,1.42332,1.19,1.00
2017.08.14 02:24:52.485,1.42317,1.42332,1.44,1.00
2017.08.14 02:24:52.537,1.42317,1.42332,1.44,1.00
2017.08.14 02:24:53.069,1.42316,1.42332,1.50,1.00
2017.08.14 02:24:53.578,1.42316,1.42332,1.31,1.00
2017.08.14 02:24:54.621,1.42316,1.42332,1.50,1.00
2017.08.14 02:24:55.129,1.42315,1.42332,2.44,1.00
2017.08.14 02:24:55.639,1.42316,1.42332,1.88,1.00
2017.08.14 02:24:55.690,1.42317,1.42332,1.38,1.00
2017.08.14 02:24:56.363,1.42317,1.42332,1.50,1.00
2017.08.14 02:24:56.871,1.42316,1.42332,2.25,1.00
2017.08.14 02:24:57.534,1.42316,1.42332,1.31,1.00
2017.08.14 02:24:57.891,1.42317,1.42332,1.44,2.13
2017.08.14 02:24:58.350,1.42317,1.42332,1.00,1.00
2017.08.14 02:24:58.886,1.42316,1.42332,1.12,1.00
2017.08.14 02:24:59.191,1.42315,1.42332,1.81,1.00
2017.08.14 02:24:59.396,1.42316,1.42332,1.12,1.00
2017.08.14 02:25:00.102,1.42316,1.42332,1.50,1.00
2017.08.14 02:25:01.282,1.42317,1.42332,1.81,1.00
2017.08.14 02:25:01.588,1.42319,1.42332,1.13,1.00
2017.08.14 02:25:01.742,1.4232,1.42332,1.38,1.00
2017.08.14 02:25:01.999,1.4232,1.42332,1.00,1.00
2017.08.14 02:25:02.615,1.4232,1.42332,1.44,1.00
2017.08.14 02:25:02.871,1.4232,1.42332,1.00,1.00
2017.08.14 02:25:03.643,1.4232,1.42332,1.38,1.00
2017.08.14 02:25:03.694,1.4232,1.42332,1.38,1.00
2017.08.14 02:25:03.910,1.4232,1.42332,1.38,1.00
2017.08.14 02:25:04.420,1.4232,1.42332,1.44,1.00
2017.08.14 02:25:04.675,1.42321,1.42333,1.00,1.00
2017.08.14 02:25:05.032,1.4232,1.42333,1.00,1.00
2017.08.14 02:25:05.542,1.4232,1.42333,1.25,1.00
2017.08.14 02:25:05.797,1.4232,1.42333,1.88,1.00
2017.08.14 02:25:05.901,1.4232,1.42333,1.00,1.00
2017.08.14 02:25:06.254,1.42319,1.42335,1.63,1.00
2017.08.14 02:25:06.305,1.42319,1.42335,2.63,1.00
2017.08.14 02:25:06.663,1.42321,1.42335,2.63,1.00
2017.08.14 02:25:06.970,1.42323,1.42338,1.63,1.50
2017.08.14 02:25:07.479,1.42324,1.42338,1.25,1.00
2017.08.14 02:25:08.028,1.42324,1.42339,1.50,1.00
2017.08.14 02:25:08.531,1.42324,1.42339,1.50,1.00
2017.08.14 02:25:09.065,1.42324,1.42339,1.50,1.00
2017.08.14 02:25:09.684,1.42324,1.42339,1.13,1.00
2017.08.14 02:25:10.235,1.42324,1.4234,1.25,1.50
2017.08.14 02:25:10.484,1.42324,1.4234,1.44,1.00
2017.08.14 02:25:10.980,1.42324,1.4234,1.31,1.69
2017.08.14 02:25:11.983,1.42324,1.4234,1.12,3.31
2017.08.14 02:25:12.188,1.42321,1.42337,1.25,1.12
2017.08.14 02:25:12.341,1.42318,1.42337,1.31,2.31
2017.08.14 02:25:12.443,1.42317,1.42337,3.38,2.50
2017.08.14 02:25:12.861,1.42317,1.42336,3.19,1.69
2017.08.14 02:25:13.219,1.42318,1.42336,1.75,3.81
2017.08.14 02:25:13.576,1.42318,1.42336,1.69,3.81
2017.08.14 02:25:13.627,1.42318,1.42336,1.88,3.62
2017.08.14 02:25:13.882,1.42319,1.42336,1.00,3.81
2017.08.14 02:25:14.708,1.42317,1.42336,2.25,3.81
2017.08.14 02:25:14.759,1.4232,1.42336,1.13,4.31
2017.08.14 02:25:15.627,1.4232,1.42336,1.44,3.37
2017.08.14 02:25:16.174,1.4232,1.42336,1.25,3.62
2017.08.14 02:25:16.733,1.4232,1.42336,1.44,2.99
2017.08.14 02:25:17.242,1.4232,1.42336,1.25,3.13
2017.08.14 02:25:17.743,1.4232,1.42336,1.00,3.25
2017.08.14 02:25:18.000,1.4232,1.42335,1.00,2.06
2017.08.14 02:25:18.156,1.4232,1.42336,1.13,2.62
2017.08.14 02:25:18.309,1.4232,1.42336,1.25,2.43
2017.08.14 02:25:18.830,1.42319,1.42336,1.69,3.56
2017.08.14 02:25:19.378,1.42319,1.42336,1.12,3.57
2017.08.14 02:25:19.840,1.42321,1.42336,1.00,3.19
2017.08.14 02:25:20.378,1.42319,1.42336,1.31,3.57
2017.08.14 02:25:20.847,1.42319,1.42336,1.31,2.82
2017.08.14 02:25:20.899,1.42319,1.42336,1.31,2.88
2017.08.14 02:25:21.154,1.42319,1.42336,1.50,2.62
2017.08.14 02:25:21.563,1.4232,1.42335,1.00,1.12
2017.08.14 02:25:21.615,1.4232,1.42335,1.00,1.12
2017.08.14 02:25:22.123,1.4232,1.42335,1.00,2.94
2017.08.14 02:25:22.647,1.42319,1.42334,1.12,1.13
2017.08.14 02:25:23.158,1.4232,1.42334,1.00,2.63
2017.08.14 02:25:23.667,1.4232,1.42334,1.00,1.00
2017.08.14 02:25:25.227,1.42322,1.42334,1.00,1.25
2017.08.14 02:25:25.737,1.42323,1.42334,1.00,1.13
2017.08.14 02:25:26.583,1.42325,1.42334,1.00,1.88
2017.08.14 02:25:26.787,1.42323,1.42334,1.00,1.13
2017.08.14 02:25:27.298,1.42324,1.42334,1.00,1.50
2017.08.14 02:25:29.045,1.42325,1.42334,1.00,1.00
2017.08.14 02:25:29.299,1.42323,1.42334,1.00,1.50
2017.08.14 02:25:29.818,1.42323,1.42334,1.00,1.44
2017.08.14 02:25:30.326,1.42323,1.42334,1.00,1.00
2017.08.14 02:25:30.829,1.42324,1.42336,1.00,2.63
2017.08.14 02:25:31.339,1.42323,1.42336,1.00,3.56
2017.08.14 02:25:31.411,1.42321,1.42336,1.00,3.56
2017.08.14 02:25:31.770,1.42323,1.42336,1.00,2.81
2017.08.14 02:25:32.091,1.42321,1.42336,1.00,2.63
2017.08.14 02:25:32.573,1.42323,1.42336,1.00,2.81
2017.08.14 02:25:32.625,1.42321,1.42336,1.00,4.32
2017.08.14 02:25:32.871,1.42323,1.42336,1.00,3.81
2017.08.14 02:25:33.178,1.42321,1.42336,1.00,2.81
2017.08.14 02:25:33.331,1.42322,1.42336,1.00,3.19
2017.08.14 02:25:33.384,1.42322,1.42336,1.00,5.82
2017.08.14 02:25:33.591,1.42317,1.42331,1.00,1.13
2017.08.14 02:25:34.051,1.42315,1.4233,1.00,1.50
2017.08.14 02:25:34.355,1.42317,1.4233,1.00,2.44
2017.08.14 02:25:35.272,1.42317,1.4233,1.00,1.50
2017.08.14 02:25:35.679,1.42318,1.4233,1.00,1.50
2017.08.14 02:25:36.209,1.42317,1.4233,1.00,1.50
2017.08.14 02:25:36.777,1.42317,1.4233,1.00,1.31
2017.08.14 02:25:39.052,1.42318,1.4233,1.00,1.12
2017.08.14 02:25:39.564,1.42318,1.4233,1.00,1.38
2017.08.14 02:25:40.022,1.42316,1.4233,1.00,1.13
2017.08.14 02:25:40.722,1.42317,1.4233,1.00,1.13
2017.08.14 02:25:41.246,1.42317,1.4233,1.00,1.44
2017.08.14 02:25:41.773,1.42317,1.4233,1.00,1.00
2017.08.14 02:25:44.559,1.42317,1.4233,1.00,1.38
2017.08.14 02:25:45.070,1.42317,1.4233,1.00,1.13
2017.08.14 02:25:45.458,1.42317,1.4233,1.00,1.38
2017.08.14 02:25:45.972,1.42318,1.4233,1.00,1.38
2017.08.14 02:25:46.511,1.42318,1.4233,1.00,1.13
2017.08.14 02:25:47.252,1.42318,1.4233,1.00,1.38
2017.08.14 02:25:47.774,1.42318,1.4233,1.00,1.88
2017.08.14 02:25:48.311,1.42318,1.4233,1.00,1.88
2017.08.14 02:25:48.819,1.42318,1.4233,1.00,1.13
2017.08.14 02:25:49.385,1.42318,1.4233,1.00,1.38
2017.08.14 02:25:50.222,1.42318,1.4233,1.00,1.25
2017.08.14 02:25:50.654,1.42319,1.4233,1.00,1.44
2017.08.14 02:25:50.756,1.42317,1.4233,1.00,1.50
2017.08.14 02:25:50.959,1.42317,1.4233,1.00,1.50
2017.08.14 02:25:51.273,1.42317,1.4233,1.00,1.31
2017.08.14 02:25:51.823,1.42317,1.4233,1.00,1.50
2017.08.14 02:25:52.431,1.42317,1.4233,1.00,1.50
2017.08.14 02:25:56.919,1.42317,1.4233,1.00,1.50
2017.08.14 02:25:57.021,1.42315,1.4233,1.00,1.50
2017.08.14 02:25:57.679,1.42315,1.4233,1.00,1.31
2017.08.14 02:25:58.183,1.42315,1.4233,1.00,1.50
2017.08.14 02:25:58.877,1.42315,1.4233,1.00,1.00
2017.08.14 02:25:58.980,1.42313,1.4233,1.44,2.13
2017.08.14 02:25:59.518,1.42313,1.4233,1.44,2.13
2017.08.14 02:25:59.886,1.42313,1.4233,1.44,2.13
2017.08.14 02:26:00.410,1.42313,1.4233,1.38,2.13
2017.08.14 02:26:00.953,1.42313,1.4233,1.44,2.13
2017.08.14 02:26:02.020,1.42312,1.4233,3.38,1.00
2017.08.14 02:26:02.385,1.42313,1.4233,1.00,1.00
2017.08.14 02:26:04.626,1.42312,1.4233,1.31,2.88
2017.08.14 02:26:05.174,1.42313,1.4233,1.13,2.88
2017.08.14 02:26:05.561,1.42312,1.4233,2.06,2.88
2017.08.14 02:26:06.114,1.42312,1.4233,2.25,2.13
2017.08.14 02:26:06.700,1.42312,1.4233,2.06,2.13
2017.08.14 02:26:07.269,1.42312,1.4233,2.06,2.69
2017.08.14 02:26:08.098,1.42313,1.4233,1.13,3.44
2017.08.14 02:26:08.492,1.42312,1.4233,2.06,2.88
2017.08.14 02:26:08.743,1.42312,1.4233,2.81,2.69
2017.08.14 02:26:08.846,1.42312,1.4233,2.06,2.88
2017.08.14 02:26:09.074,1.42313,1.4233,1.13,3.44
2017.08.14 02:26:09.353,1.42312,1.4233,2.06,3.63
2017.08.14 02:26:09.871,1.42313,1.4233,1.63,3.63
2017.08.14 02:26:10.711,1.42312,1.42329,2.06,1.31
2017.08.14 02:26:11.250,1.42312,1.42329,2.06,1.12
2017.08.14 02:26:11.765,1.42312,1.42329,2.81,2.43
2017.08.14 02:26:12.310,1.42312,1.42329,2.44,1.12
2017.08.14 02:26:12.362,1.42312,1.42329,3.19,2.69
2017.08.14 02:26:12.872,1.42312,1.42329,3.00,1.00
2017.08.14 02:26:13.394,1.42312,1.42329,2.63,2.13
2017.08.14 02:26:13.446,1.42312,1.42329,2.25,1.00
2017.08.14 02:26:13.499,1.42311,1.42328,2.63,1.13
2017.08.14 02:26:13.951,1.42312,1.42328,1.50,1.00
2017.08.14 02:26:14.462,1.42311,1.42328,2.44,1.00
2017.08.14 02:26:15.424,1.42313,1.42328,1.13,1.00
2017.08.14 02:26:15.749,1.42316,1.42328,2.00,1.12
2017.08.14 02:26:16.331,1.42317,1.42328,1.00,1.00
2017.08.14 02:26:20.072,1.42314,1.42328,1.50,1.37
2017.08.14 02:26:20.381,1.42312,1.42328,1.31,1.00
2017.08.14 02:26:20.902,1.42313,1.42328,1.31,1.50
2017.08.14 02:26:21.291,1.42313,1.42328,1.50,1.12
2017.08.14 02:26:22.522,1.42312,1.42328,2.00,2.62
2017.08.14 02:26:23.064,1.42313,1.42328,1.00,1.50
2017.08.14 02:26:23.572,1.42313,1.42328,1.00,2.62
2017.08.14 02:26:29.180,1.42311,1.42328,1.12,1.88
2017.08.14 02:26:29.707,1.42311,1.42328,1.50,2.50
2017.08.14 02:26:30.220,1.42311,1.42327,1.88,1.31
2017.08.14 02:26:30.746,1.4231,1.42327,2.06,2.50
2017.08.14 02:26:31.294,1.42311,1.42327,1.81,1.12
2017.08.14 02:26:31.652,1.42311,1.42328,2.25,1.12
2017.08.14 02:26:32.215,1.42311,1.42328,2.06,1.12
2017.08.14 02:26:32.521,1.42311,1.42327,1.69,1.50
2017.08.14 02:26:33.029,1.4231,1.42327,2.63,2.88
2017.08.14 02:26:34.146,1.42311,1.42327,1.87,1.00
2017.08.14 02:26:34.248,1.42311,1.42327,1.37,1.00
2017.08.14 02:26:37.674,1.4231,1.42327,2.63,2.31
2017.08.14 02:26:38.298,1.4231,1.42327,1.87,2.12
2017.08.14 02:26:38.866,1.4231,1.42327,1.87,1.00
2017.08.14 02:26:39.383,1.4231,1.42327,2.25,1.00
2017.08.14 02:26:39.920,1.4231,1.42327,2.06,1.00
2017.08.14 02:26:40.429,1.42311,1.42327,1.19,1.00
2017.08.14 02:26:40.937,1.42311,1.42327,1.00,1.00
2017.08.14 02:26:41.451,1.4231,1.42327,2.25,1.00
2017.08.14 02:26:41.654,1.4231,1.42327,2.63,1.50
2017.08.14 02:26:41.757,1.4231,1.42327,2.44,1.00
2017.08.14 02:26:42.063,1.4231,1.42326,1.50,1.69
2017.08.14 02:26:42.569,1.4231,1.42326,1.63,1.00
2017.08.14 02:26:43.111,1.42311,1.42326,1.25,1.50
2017.08.14 02:26:43.665,1.42311,1.42326,1.50,1.00
2017.08.14 02:26:44.192,1.42312,1.42327,1.00,2.44
2017.08.14 02:26:44.502,1.42316,1.42328,1.00,1.75
2017.08.14 02:26:45.774,1.42315,1.42328,1.00,3.25
2017.08.14 02:26:46.364,1.42316,1.42328,1.00,3.19
2017.08.14 02:26:46.874,1.42318,1.42328,1.00,2.25
2017.08.14 02:26:47.180,1.42316,1.42326,1.00,1.87
2017.08.14 02:26:47.435,1.42314,1.42326,1.00,1.69
2017.08.14 02:26:47.487,1.42316,1.42326,1.00,1.69
2017.08.14 02:26:48.010,1.42315,1.42326,1.00,2.63
2017.08.14 02:26:49.413,1.42316,1.42327,1.00,3.38
2017.08.14 02:26:50.305,1.42317,1.42327,1.00,2.25
2017.08.14 02:26:50.408,1.42318,1.42327,1.00,1.00
2017.08.14 02:26:50.459,1.42316,1.42327,1.00,1.13
2017.08.14 02:26:51.476,1.42317,1.42327,1.00,2.81
2017.08.14 02:26:51.990,1.42316,1.42327,1.00,2.81
2017.08.14 02:26:52.615,1.42317,1.42327,1.00,3.75
2017.08.14 02:26:53.930,1.42315,1.42327,1.00,1.62
2017.08.14 02:26:53.981,1.42317,1.42328,1.00,1.62
2017.08.14 02:26:54.033,1.42318,1.42328,1.00,1.25
2017.08.14 02:26:54.237,1.42317,1.42329,1.00,3.00
2017.08.14 02:26:54.339,1.42315,1.42328,1.00,1.13
2017.08.14 02:26:54.441,1.42315,1.42328,1.00,2.62
2017.08.14 02:26:54.594,1.42315,1.42328,1.00,3.94
2017.08.14 02:26:54.645,1.42317,1.42328,1.00,3.19
2017.08.14 02:26:55.174,1.42316,1.42328,1.00,2.94
2017.08.14 02:26:55.522,1.42316,1.42328,1.00,3.94
2017.08.14 02:26:55.833,1.42317,1.42328,1.00,3.00
2017.08.14 02:26:56.445,1.42317,1.42329,1.00,2.44
2017.08.14 02:26:56.548,1.42317,1.42329,1.00,3.19
2017.08.14 02:26:57.058,1.42319,1.42329,1.00,2.43
2017.08.14 02:26:57.560,1.4232,1.42329,1.00,1.37
2017.08.14 02:26:58.121,1.4232,1.4233,1.00,1.44
2017.08.14 02:26:58.381,1.42318,1.4233,1.00,1.37
2017.08.14 02:26:58.635,1.4232,1.4233,1.00,1.44
2017.08.14 02:26:59.042,1.42321,1.42332,1.00,1.44
2017.08.14 02:26:59.750,1.42321,1.42332,1.00,1.63
2017.08.14 02:26:59.801,1.42321,1.42333,1.00,2.81
2017.08.14 02:26:59.954,1.42321,1.42333,1.00,3.18
2017.08.14 02:27:00.107,1.42321,1.42333,1.00,2.62
2017.08.14 02:27:00.622,1.4232,1.42333,1.00,3.56
2017.08.14 02:27:00.973,1.4232,1.42333,1.00,3.44
2017.08.14 02:27:01.228,1.4232,1.42333,1.00,2.25
2017.08.14 02:27:01.483,1.4232,1.42333,1.00,3.06
2017.08.14 02:27:01.637,1.4232,1.42333,1.00,2.25
2017.08.14 02:27:02.198,1.4232,1.42333,1.00,2.81
2017.08.14 02:27:02.452,1.42322,1.42333,1.00,1.88
2017.08.14 02:27:03.089,1.42322,1.42333,1.00,2.81
2017.08.14 02:27:03.885,1.42322,1.42333,1.00,2.62
2017.08.14 02:27:04.662,1.42322,1.42333,1.00,1.69
2017.08.14 02:27:04.917,1.42321,1.42333,1.00,3.44
2017.08.14 02:27:05.019,1.42321,1.42333,1.00,1.31
2017.08.14 02:27:05.122,1.42323,1.42333,1.00,1.50
2017.08.14 02:27:05.533,1.4232,1.42333,1.00,2.44
2017.08.14 02:27:06.054,1.42321,1.42333,1.00,2.44
2017.08.14 02:27:06.581,1.42321,1.42333,1.00,2.44
2017.08.14 02:27:06.633,1.42321,1.42333,1.00,1.69
2017.08.14 02:27:07.343,1.42321,1.42333,1.00,1.69
2017.08.14 02:27:07.445,1.42321,1.42333,1.00,1.25
2017.08.14 02:27:07.958,1.42321,1.42333,1.00,2.25
2017.08.14 02:27:08.366,1.42321,1.42333,1.00,2.81
2017.08.14 02:27:08.468,1.42321,1.42333,1.00,2.06
2017.08.14 02:27:08.804,1.42321,1.42333,1.00,2.44
2017.08.14 02:27:09.222,1.42321,1.42333,1.00,2.06
2017.08.14 02:27:09.883,1.42321,1.42333,1.00,3.56
2017.08.14 02:27:10.243,1.42321,1.42333,1.00,1.87
2017.08.14 02:27:10.447,1.42321,1.42333,1.00,1.31
2017.08.14 02:27:10.549,1.42321,1.42333,1.00,1.31
2017.08.14 02:27:11.019,1.42321,1.42333,1.00,1.69
2017.08.14 02:27:11.281,1.42321,1.42333,1.00,1.25
2017.08.14 02:27:11.383,1.42321,1.42333,1.00,2.44
2017.08.14 02:27:11.892,1.42321,1.42333,1.00,2.44
2017.08.14 02:27:12.197,1.42321,1.42333,1.00,1.69
2017.08.14 02:27:12.248,1.42321,1.42333,1.00,1.69
2017.08.14 02:27:13.217,1.42321,1.42333,1.00,1.69
2017.08.14 02:27:13.811,1.42321,1.42333,1.00,1.19
2017.08.14 02:27:14.370,1.42321,1.42333,1.00,1.25
2017.08.14 02:27:14.472,1.42321,1.42333,1.00,1.69
2017.08.14 02:27:14.676,1.42321,1.42333,1.00,1.25
2017.08.14 02:27:15.032,1.42321,1.42333,1.00,1.69
2017.08.14 02:27:15.539,1.42321,1.42333,1.00,1.19
2017.08.14 02:27:16.098,1.42321,1.42333,1.00,1.69
2017.08.14 02:27:16.606,1.42321,1.42333,1.00,1.50
2017.08.14 02:27:17.185,1.42321,1.42333,1.00,1.25
2017.08.14 02:27:17.592,1.42321,1.42333,1.00,1.69
2017.08.14 02:27:17.644,1.42321,1.42333,1.00,1.25
2017.08.14 02:27:18.153,1.42321,1.42333,1.00,1.69
2017.08.14 02:27:18.669,1.42321,1.42333,1.00,1.69
2017.08.14 02:27:19.375,1.42321,1.42333,1.00,1.63
2017.08.14 02:27:19.684,1.42321,1.42333,1.00,1.25
2017.08.14 02:27:20.091,1.42321,1.42333,1.00,1.63
2017.08.14 02:27:20.143,1.42321,1.42333,1.00,1.25
2017.08.14 02:27:20.381,1.42321,1.42333,1.00,1.31
2017.08.14 02:27:20.893,1.42321,1.42333,1.00,1.13
2017.08.14 02:27:21.452,1.4232,1.42333,1.00,1.19
2017.08.14 02:27:21.910,1.4232,1.42333,1.00,3.75
2017.08.14 02:27:22.439,1.42319,1.42332,1.00,2.25
2017.08.14 02:27:23.371,1.42318,1.42332,1.00,1.31
2017.08.14 02:27:23.727,1.4232,1.42332,1.00,1.19
2017.08.14 02:27:23.779,1.4232,1.42333,1.00,1.31
2017.08.14 02:27:24.471,1.4232,1.42333,1.00,1.50
2017.08.14 02:27:25.001,1.42322,1.42334,1.00,1.63
2017.08.14 02:27:25.256,1.42321,1.42334,1.00,1.69
2017.08.14 02:27:25.461,1.42323,1.42335,1.00,1.00
2017.08.14 02:27:25.614,1.42321,1.42335,1.25,1.13
2017.08.14 02:27:25.716,1.42323,1.42336,1.00,1.50
2017.08.14 02:27:25.872,1.42321,1.42337,1.25,3.56
2017.08.14 02:27:25.925,1.42321,1.42337,1.25,2.81
2017.08.14 02:27:25.977,1.42323,1.42337,1.00,3.00
2017.08.14 02:27:26.486,1.42322,1.42336,1.00,1.31
2017.08.14 02:27:27.040,1.42321,1.42336,1.00,1.50
2017.08.14 02:27:27.348,1.42323,1.42336,1.00,2.06
2017.08.14 02:27:27.958,1.42324,1.42336,1.00,1.50
2017.08.14 02:27:28.467,1.42323,1.42336,1.00,2.25
2017.08.14 02:27:28.876,1.42321,1.42336,1.00,1.31
2017.08.14 02:27:28.978,1.42323,1.42337,1.00,3.19
2017.08.14 02:27:29.284,1.42325,1.42337,1.00,1.00
2017.08.14 02:27:29.386,1.42323,1.42337,1.00,1.25
2017.08.14 02:27:29.532,1.42323,1.42337,1.00,1.38
2017.08.14 02:27:29.889,1.42324,1.42337,1.00,1.13
2017.08.14 02:27:29.940,1.42324,1.42337,1.00,1.38
2017.08.14 02:27:30.296,1.42324,1.42337,1.00,1.44
2017.08.14 02:27:30.449,1.42324,1.42337,1.00,1.38
2017.08.14 02:27:30.808,1.42325,1.42337,1.00,1.25
2017.08.14 02:27:31.012,1.42325,1.42337,1.00,1.38
2017.08.14 02:27:31.318,1.42323,1.42337,1.00,1.38
2017.08.14 02:27:31.369,1.42323,1.42337,1.00,1.88
2017.08.14 02:27:31.625,1.42324,1.42337,1.00,1.88
2017.08.14 02:27:31.676,1.42324,1.42337,1.00,1.50
2017.08.14 02:27:32.033,1.42322,1.42337,1.00,2.25
2017.08.14 02:27:32.284,1.42323,1.42337,1.00,1.69
2017.08.14 02:27:32.488,1.42324,1.42337,1.00,1.69
2017.08.14 02:27:33.017,1.42325,1.42337,1.00,1.38
2017.08.14 02:27:33.323,1.42325,1.42337,1.00,1.88
2017.08.14 02:27:33.527,1.42325,1.42337,1.00,1.50
2017.08.14 02:27:33.832,1.42325,1.42337,1.00,1.75
2017.08.14 02:27:33.884,1.42323,1.42336,1.00,1.12
2017.08.14 02:27:33.986,1.42322,1.42337,1.00,2.81
2017.08.14 02:27:34.089,1.42322,1.42337,1.00,3.62
2017.08.14 02:27:34.301,1.42322,1.42337,1.00,3.75
2017.08.14 02:27:34.556,1.42322,1.42337,1.00,3.63
2017.08.14 02:27:34.710,1.42324,1.42337,1.00,3.75
2017.08.14 02:27:34.864,1.42324,1.42337,1.00,3.00
2017.08.14 02:27:35.272,1.42324,1.42337,1.00,3.94
2017.08.14 02:27:35.477,1.42324,1.42336,1.00,1.12
2017.08.14 02:27:35.630,1.42324,1.42336,1.00,1.31
2017.08.14 02:27:35.733,1.42324,1.42336,1.00,1.50
2017.08.14 02:27:36.243,1.42324,1.42336,1.00,1.50
2017.08.14 02:27:36.345,1.42324,1.42336,1.00,1.50
2017.08.14 02:27:36.873,1.42324,1.42336,1.00,1.50
2017.08.14 02:27:37.078,1.42324,1.42336,1.00,1.50
2017.08.14 02:27:37.129,1.42325,1.42336,1.00,2.25
2017.08.14 02:27:37.643,1.42325,1.42336,1.00,1.50
2017.08.14 02:27:38.123,1.42325,1.42336,1.00,1.50
2017.08.14 02:27:38.276,1.42325,1.42337,1.00,3.00
2017.08.14 02:27:38.631,1.42325,1.42337,1.00,3.56
2017.08.14 02:27:38.950,1.42325,1.42337,1.00,3.56
2017.08.14 02:27:39.461,1.42325,1.42337,1.00,2.81
2017.08.14 02:27:39.513,1.42323,1.42337,1.00,2.87
2017.08.14 02:27:39.754,1.42325,1.42337,1.00,2.62
2017.08.14 02:27:40.263,1.42326,1.42337,1.00,1.12
2017.08.14 02:27:40.568,1.42325,1.42337,1.00,1.50
2017.08.14 02:27:40.671,1.42327,1.42339,1.00,1.12
2017.08.14 02:27:40.773,1.42332,1.42343,1.00,1.13
2017.08.14 02:27:40.926,1.42331,1.42345,1.00,2.44
2017.08.14 02:27:40.978,1.42329,1.42345,1.00,5.31
2017.08.14 02:27:41.029,1.4233,1.42342,1.00,1.13
2017.08.14 02:27:41.081,1.42328,1.42342,1.00,1.50
2017.08.14 02:27:41.235,1.42329,1.42341,1.00,1.69
2017.08.14 02:27:41.288,1.42329,1.42341,1.00,3.00
2017.08.14 02:27:41.649,1.42331,1.42342,1.00,1.31
2017.08.14 02:27:41.700,1.42331,1.42343,1.00,3.94
2017.08.14 02:27:41.955,1.4233,1.42343,1.00,4.94
2017.08.14 02:27:42.007,1.4233,1.42343,1.00,4.31
2017.08.14 02:27:42.059,1.42331,1.42342,1.00,1.87
2017.08.14 02:27:42.315,1.42331,1.42341,1.00,1.13
2017.08.14 02:27:42.723,1.42333,1.42341,1.00,1.00
2017.08.14 02:27:43.233,1.42332,1.42341,1.00,1.25
2017.08.14 02:27:43.768,1.42333,1.42341,1.00,1.50
2017.08.14 02:27:43.871,1.42331,1.42341,1.00,1.50
2017.08.14 02:27:44.397,1.4233,1.42341,1.00,1.44
2017.08.14 02:27:44.449,1.42332,1.42341,1.00,1.50
2017.08.14 02:27:44.602,1.42332,1.42341,1.00,1.88
2017.08.14 02:27:44.653,1.42332,1.42341,1.00,1.50
2017.08.14 02:27:45.162,1.42331,1.42341,1.00,1.69
2017.08.14 02:27:45.214,1.42329,1.42341,1.00,1.50
2017.08.14 02:27:45.266,1.42332,1.42341,1.00,1.00
2017.08.14 02:27:45.758,1.42331,1.42341,1.00,1.50
2017.08.14 02:27:45.860,1.42331,1.42341,1.00,1.25
2017.08.14 02:27:46.014,1.42332,1.42344,1.00,3.71
2017.08.14 02:27:46.117,1.42334,1.42344,1.00,1.50
2017.08.14 02:27:46.423,1.42332,1.42344,1.00,3.12
2017.08.14 02:27:46.933,1.42334,1.42344,1.00,4.75
2017.08.14 02:27:47.447,1.42334,1.42343,1.00,1.13
2017.08.14 02:27:47.819,1.42326,1.42343,1.00,1.44
2017.08.14 02:27:48.483,1.42333,1.42342,1.00,1.13
2017.08.14 02:27:48.992,1.42332,1.42342,1.00,2.50
2017.08.14 02:27:49.500,1.42333,1.42342,1.00,1.31
2017.08.14 02:27:50.051,1.42332,1.42342,1.00,1.31
2017.08.14 02:27:50.572,1.42332,1.42342,1.00,2.44
2017.08.14 02:27:51.438,1.42332,1.42342,1.00,1.00
2017.08.14 02:27:51.947,1.42333,1.42343,1.00,2.44
2017.08.14 02:27:51.999,1.42331,1.42343,1.00,3.19
2017.08.14 02:27:52.502,1.42331,1.42343,1.00,2.81
2017.08.14 02:27:52.669,1.42332,1.42343,1.00,1.31
2017.08.14 02:27:53.331,1.42333,1.42343,1.00,1.13
2017.08.14 02:27:53.636,1.42332,1.42343,1.00,1.13
2017.08.14 02:27:53.687,1.42332,1.42343,1.00,1.44
2017.08.14 02:27:54.192,1.42332,1.42343,1.00,1.13
2017.08.14 02:27:54.698,1.42333,1.42343,1.00,1.13
2017.08.14 02:27:55.110,1.42333,1.42343,1.00,1.00
2017.08.14 02:27:55.162,1.42332,1.42343,1.00,1.50
2017.08.14 02:27:55.472,1.42333,1.42344,1.00,2.06
2017.08.14 02:27:55.837,1.42333,1.42344,1.00,1.38
2017.08.14 02:27:55.889,1.42331,1.42344,1.00,2.06
2017.08.14 02:27:56.420,1.42329,1.42343,1.00,1.12
2017.08.14 02:27:56.472,1.42331,1.42344,1.00,2.06
2017.08.14 02:27:56.982,1.42331,1.42344,1.00,3.19
2017.08.14 02:27:57.522,1.42331,1.42344,1.00,1.38
2017.08.14 02:27:57.726,1.42331,1.42344,1.00,1.56
2017.08.14 02:27:58.150,1.42333,1.42344,1.00,2.06
2017.08.14 02:27:58.661,1.42332,1.42344,1.00,2.88
2017.08.14 02:27:59.171,1.42331,1.42344,1.00,3.44
2017.08.14 02:27:59.715,1.4233,1.42344,1.00,3.00
2017.08.14 02:28:00.225,1.4233,1.42344,1.00,3.00
2017.08.14 02:28:00.429,1.4233,1.42344,1.00,1.63
2017.08.14 02:28:01.039,1.42324,1.42337,1.87,1.12
2017.08.14 02:28:01.142,1.42323,1.42338,1.00,1.50
2017.08.14 02:28:01.449,1.42326,1.42338,1.00,2.31
2017.08.14 02:28:01.805,1.42324,1.42338,1.00,1.69
2017.08.14 02:28:02.114,1.42326,1.4234,1.00,2.06
2017.08.14 02:28:02.366,1.42328,1.42342,1.00,2.44
2017.08.14 02:28:02.624,1.42328,1.42342,1.12,1.88
2017.08.14 02:28:02.930,1.42325,1.42339,1.50,1.13
2017.08.14 02:28:03.445,1.42324,1.4234,1.88,1.69
2017.08.14 02:28:03.880,1.42325,1.4234,1.13,1.50
2017.08.14 02:28:03.983,1.42325,1.4234,1.38,1.00
2017.08.14 02:28:04.494,1.42325,1.4234,1.37,2.06
2017.08.14 02:28:05.432,1.42324,1.4234,2.25,1.25
2017.08.14 02:28:05.943,1.42324,1.42341,2.25,3.19
2017.08.14 02:28:06.504,1.42326,1.42341,1.12,3.50
2017.08.14 02:28:07.013,1.42326,1.42341,1.50,3.19
2017.08.14 02:28:07.602,1.42325,1.42341,1.50,2.25
2017.08.14 02:28:08.263,1.42326,1.42341,1.12,1.31
2017.08.14 02:28:08.569,1.42326,1.42341,1.12,2.25
2017.08.14 02:28:09.333,1.42325,1.42341,1.75,2.50
2017.08.14 02:28:09.844,1.42325,1.42341,2.63,1.12
2017.08.14 02:28:10.352,1.42326,1.42341,1.00,2.25
2017.08.14 02:28:11.021,1.42326,1.42341,1.12,1.12
2017.08.14 02:28:11.529,1.42326,1.42341,1.50,2.25
2017.08.14 02:28:12.076,1.42326,1.42341,1.50,1.50
2017.08.14 02:28:12.585,1.42325,1.42341,1.56,1.50
2017.08.14 02:28:13.094,1.42326,1.42341,1.31,2.25
2017.08.14 02:28:13.785,1.42325,1.42341,1.81,1.50
2017.08.14 02:28:14.293,1.42327,1.42342,1.25,1.88
2017.08.14 02:28:14.883,1.42326,1.42342,1.50,2.25
2017.08.14 02:28:15.192,1.4234,1.42353,1.75,1.50
2017.08.14 02:28:15.295,1.4234,1.42354,2.06,1.00
2017.08.14 02:28:15.804,1.42342,1.42355,1.00,1.12
2017.08.14 02:28:16.444,1.42341,1.42356,1.00,1.69
2017.08.14 02:28:16.953,1.42342,1.42356,1.00,1.88
2017.08.14 02:28:17.158,1.4234,1.42356,1.31,1.87
2017.08.14 02:28:17.670,1.42339,1.42355,2.63,1.31
2017.08.14 02:28:18.220,1.4234,1.42355,1.00,2.12
2017.08.14 02:28:18.374,1.4234,1.42356,1.44,1.88
2017.08.14 02:28:18.885,1.4234,1.42356,1.50,2.44
2017.08.14 02:28:19.397,1.42341,1.42356,1.25,1.88
2017.08.14 02:28:19.909,1.42342,1.42356,1.00,1.88
2017.08.14 02:28:20.686,1.42342,1.42356,1.00,1.00
2017.08.14 02:28:20.737,1.42342,1.42357,1.50,1.50
2017.08.14 02:28:20.840,1.42348,1.42361,1.50,1.12
2017.08.14 02:28:20.891,1.42348,1.42362,1.69,1.12
2017.08.14 02:28:21.200,1.42347,1.42359,1.25,1.00
2017.08.14 02:28:21.608,1.42345,1.42359,1.25,1.00
2017.08.14 02:28:21.814,1.42345,1.42359,1.19,1.00
2017.08.14 02:28:21.865,1.42345,1.42359,1.50,1.00
2017.08.14 02:28:22.223,1.42344,1.42359,1.75,1.00
2017.08.14 02:28:22.274,1.42343,1.42359,2.44,1.00
2017.08.14 02:28:22.562,1.42343,1.42358,1.25,2.13
2017.08.14 02:28:22.869,1.4234,1.42355,2.06,1.00
2017.08.14 02:28:22.972,1.42339,1.42354,1.00,1.00
2017.08.14 02:28:23.278,1.42337,1.42352,1.56,1.00
2017.08.14 02:28:23.842,1.42337,1.42352,1.25,1.00
2017.08.14 02:28:24.474,1.42337,1.42352,1.19,1.00
2017.08.14 02:28:24.983,1.42337,1.42352,1.00,1.00
2017.08.14 02:28:25.290,1.42341,1.42352,1.25,1.00
2017.08.14 02:28:25.341,1.42341,1.42354,1.25,1.00
2017.08.14 02:28:25.444,1.42342,1.42354,1.62,1.00
2017.08.14 02:28:25.803,1.4234,1.42354,1.56,1.00
2017.08.14 02:28:25.854,1.42339,1.42354,2.81,1.00
2017.08.14 02:28:26.110,1.42339,1.42354,1.88,1.00
2017.08.14 02:28:26.619,1.42339,1.42354,1.88,1.00
2017.08.14 02:28:26.722,1.42338,1.42354,3.94,1.00
2017.08.14 02:28:26.991,1.42337,1.42352,1.13,1.00
2017.08.14 02:28:27.552,1.42336,1.42352,2.63,1.00
2017.08.14 02:28:27.705,1.42336,1.42352,1.69,1.00
2017.08.14 02:28:27.909,1.42336,1.42352,2.00,1.00
2017.08.14 02:28:28.062,1.42336,1.42351,1.56,1.00
2017.08.14 02:28:28.571,1.42336,1.42351,2.00,1.00
2017.08.14 02:28:29.122,1.42336,1.42351,1.69,1.00
2017.08.14 02:28:29.225,1.42337,1.42351,1.88,1.00
2017.08.14 02:28:29.479,1.42336,1.42351,1.87,1.00
2017.08.14 02:28:29.887,1.42337,1.42351,1.56,1.00
2017.08.14 02:28:30.193,1.42336,1.42351,1.37,1.00
2017.08.14 02:28:30.346,1.42336,1.42351,2.00,1.00
2017.08.14 02:28:30.552,1.42337,1.42351,1.38,1.00
2017.08.14 02:28:30.603,1.42337,1.42351,1.38,1.00
2017.08.14 02:28:31.013,1.42336,1.42351,1.31,1.00
2017.08.14 02:28:31.064,1.42336,1.42351,1.31,1.00
2017.08.14 02:28:31.322,1.4234,1.42351,1.00,1.00
2017.08.14 02:28:31.425,1.42341,1.42351,1.00,1.00
2017.08.14 02:28:31.528,1.42343,1.42351,1.32,1.00
2017.08.14 02:28:31.579,1.42343,1.42353,2.07,1.00
2017.08.14 02:28:31.631,1.42346,1.42355,1.00,1.00
2017.08.14 02:28:31.944,1.42348,1.42356,1.50,1.00
2017.08.14 02:28:32.048,1.4235,1.42362,1.00,1.00
2017.08.14 02:28:32.100,1.42352,1.42362,1.38,1.00
2017.08.14 02:28:32.151,1.42355,1.42364,1.12,1.00
2017.08.14 02:28:32.203,1.42355,1.42364,1.50,1.00
2017.08.14 02:28:32.357,1.42353,1.42364,1.50,1.00
2017.08.14 02:28:32.715,1.42353,1.42364,2.25,1.00
2017.08.14 02:28:33.268,1.42353,1.42364,1.88,1.00
2017.08.14 02:28:33.320,1.42353,1.42364,1.50,1.00
2017.08.14 02:28:33.936,1.42353,1.42364,1.00,1.00
2017.08.14 02:28:34.140,1.42352,1.42364,1.88,1.00
2017.08.14 02:28:34.447,1.42348,1.42364,2.62,1.00
2017.08.14 02:28:34.754,1.42348,1.42361,1.00,1.00
2017.08.14 02:28:34.857,1.42348,1.42361,1.00,1.00
2017.08.14 02:28:35.105,1.42348,1.42361,1.00,1.00
2017.08.14 02:28:35.767,1.42348,1.42361,1.69,1.00
2017.08.14 02:28:35.819,1.42348,1.42361,1.00,1.00
2017.08.14 02:28:36.176,1.42346,1.42361,1.25,1.00
2017.08.14 02:28:36.734,1.42347,1.42361,1.38,1.00
2017.08.14 02:28:36.787,1.42346,1.42361,1.19,1.00
2017.08.14 02:28:37.296,1.42346,1.42361,1.44,1.00
2017.08.14 02:28:37.770,1.42346,1.4236,1.38,1.00
2017.08.14 02:28:38.124,1.42346,1.4236,1.38,1.00
2017.08.14 02:28:38.771,1.42346,1.4236,1.25,1.00
2017.08.14 02:28:39.318,1.42346,1.4236,1.38,1.00
2017.08.14 02:28:40.079,1.42346,1.4236,1.38,1.00
2017.08.14 02:28:40.283,1.42346,1.4236,1.25,1.00
2017.08.14 02:28:40.792,1.42346,1.4236,1.13,1.00
2017.08.14 02:28:41.300,1.42346,1.4236,1.44,1.00
2017.08.14 02:28:41.812,1.42344,1.4236,1.37,1.00
2017.08.14 02:28:42.322,1.42344,1.4236,1.44,1.00
2017.08.14 02:28:42.850,1.42344,1.4236,1.38,1.00
2017.08.14 02:28:43.270,1.42344,1.4236,1.25,1.00
2017.08.14 02:28:43.611,1.42344,1.4236,1.38,1.00
2017.08.14 02:28:43.815,1.42344,1.4236,1.25,1.00
2017.08.14 02:28:44.007,1.42344,1.4236,1.38,1.00
2017.08.14 02:28:44.312,1.42344,1.42358,1.19,1.00
2017.08.14 02:28:44.752,1.42344,1.42358,1.44,1.00
2017.08.14 02:28:44.854,1.42344,1.42358,1.38,1.00
2017.08.14 02:28:45.242,1.42344,1.42358,1.44,1.00
2017.08.14 02:28:45.786,1.42344,1.42358,1.50,1.00
2017.08.14 02:28:46.041,1.42345,1.42358,2.44,1.00
2017.08.14 02:28:46.092,1.42347,1.42358,1.56,1.00
2017.08.14 02:28:46.197,1.42349,1.42358,1.31,1.00
2017.08.14 02:28:46.248,1.4235,1.4236,1.19,1.00
2017.08.14 02:28:46.596,1.42352,1.42363,1.88,1.00
2017.08.14 02:28:46.699,1.42351,1.42363,2.06,1.00
2017.08.14 02:28:46.853,1.42351,1.42363,1.50,1.00
2017.08.14 02:28:47.363,1.42353,1.42363,1.25,1.00
2017.08.14 02:28:48.078,1.42353,1.42363,1.25,1.00
2017.08.14 02:28:48.607,1.42353,1.42363,1.00,1.00
2017.08.14 02:28:49.159,1.42353,1.42363,1.44,1.00
2017.08.14 02:28:49.211,1.42353,1.42363,1.25,1.00
2017.08.14 02:28:49.721,1.42353,1.42363,1.00,1.00
2017.08.14 02:28:50.231,1.42353,1.42363,1.00,1.00
2017.08.14 02:28:50.679,1.42353,1.42363,2.00,1.00
2017.08.14 02:28:50.886,1.42352,1.42363,1.00,1.00
2017.08.14 02:28:51.091,1.42352,1.42363,1.13,1.00
2017.08.14 02:28:51.142,1.42352,1.42366,1.69,1.25
2017.08.14 02:28:51.651,1.42353,1.42367,1.00,1.00
2017.08.14 02:28:52.109,1.42353,1.42369,1.69,1.69
2017.08.14 02:28:52.415,1.42352,1.42366,1.75,1.00
2017.08.14 02:28:53.233,1.42357,1.42367,1.75,1.00
2017.08.14 02:28:53.337,1.42356,1.42367,1.62,1.00
2017.08.14 02:28:53.850,1.42357,1.42367,1.31,1.00
2017.08.14 02:28:53.901,1.42357,1.42368,1.44,1.00
2017.08.14 02:28:53.953,1.42358,1.42368,2.06,1.00
2017.08.14 02:28:54.004,1.42361,1.42373,2.62,1.25
2017.08.14 02:28:54.209,1.42363,1.42373,1.37,1.00
2017.08.14 02:28:54.634,1.42359,1.42373,3.37,1.00
2017.08.14 02:28:54.686,1.4236,1.42373,1.75,1.00
2017.08.14 02:28:54.839,1.4236,1.42373,1.50,1.00
2017.08.14 02:28:54.941,1.42361,1.42373,1.00,1.00
2017.08.14 02:28:54.993,1.4236,1.42373,1.75,1.00
2017.08.14 02:28:55.529,1.42361,1.42373,1.00,1.00
2017.08.14 02:28:56.040,1.4236,1.42373,2.06,1.00
2017.08.14 02:28:56.722,1.4236,1.42373,1.87,1.00
2017.08.14 02:28:57.227,1.4236,1.42373,1.56,1.00
2017.08.14 02:28:57.585,1.4236,1.42373,2.00,1.00
2017.08.14 02:28:57.740,1.4236,1.42373,1.69,1.00
2017.08.14 02:28:58.249,1.4236,1.42373,1.81,1.00
2017.08.14 02:28:58.757,1.4236,1.42373,1.81,1.00
2017.08.14 02:28:58.860,1.42365,1.42374,1.00,1.00
2017.08.14 02:28:59.014,1.42367,1.42379,1.88,1.00
2017.08.14 02:28:59.065,1.42368,1.42379,1.00,1.00
2017.08.14 02:28:59.368,1.42366,1.42379,1.50,1.00
2017.08.14 02:28:59.471,1.42366,1.42379,1.00,1.00
2017.08.14 02:28:59.624,1.42363,1.42379,1.37,1.00
2017.08.14 02:29:00.136,1.42363,1.42378,1.87,1.00
2017.08.14 02:29:00.646,1.42363,1.42377,1.00,1.00
2017.08.14 02:29:00.748,1.42363,1.42377,1.44,1.00
2017.08.14 02:29:01.105,1.42363,1.42376,1.00,1.00
2017.08.14 02:29:01.391,1.42363,1.42376,1.19,1.00
2017.08.14 02:29:01.902,1.42363,1.42376,1.25,1.00
2017.08.14 02:29:02.412,1.42363,1.42376,1.25,1.00
2017.08.14 02:29:02.566,1.42363,1.42376,1.25,1.00
2017.08.14 02:29:02.770,1.42361,1.42376,1.63,1.00
2017.08.14 02:29:02.822,1.42361,1.42376,1.75,1.00
2017.08.14 02:29:02.874,1.42362,1.42376,1.31,1.00
2017.08.14 02:29:02.976,1.42362,1.42377,2.06,1.00
2017.08.14 02:29:03.486,1.42363,1.42377,1.44,1.00
2017.08.14 02:29:03.996,1.42362,1.42377,1.62,1.00
2017.08.14 02:29:04.510,1.42362,1.42377,2.06,1.00
2017.08.14 02:29:05.020,1.42362,1.42377,1.69,1.00
2017.08.14 02:29:05.226,1.42363,1.42377,1.13,1.00
2017.08.14 02:29:05.731,1.42363,1.42377,1.13,1.00
2017.08.14 02:29:06.241,1.42363,1.42377,1.75,1.00
2017.08.14 02:29:06.754,1.42363,1.42378,1.88,1.00
2017.08.14 02:29:07.265,1.42363,1.42378,2.25,1.00
2017.08.14 02:29:07.571,1.42363,1.42378,1.75,1.00
2017.08.14 02:29:07.623,1.42363,1.42378,1.75,1.00
2017.08.14 02:29:07.877,1.42363,1.42378,1.75,1.00
2017.08.14 02:29:08.201,1.42363,1.42378,1.13,1.00
2017.08.14 02:29:08.424,1.42363,1.42378,1.56,1.00
2017.08.14 02:29:08.811,1.42363,1.42378,1.38,1.00
2017.08.14 02:29:08.965,1.42363,1.42378,1.00,1.00
2017.08.14 02:29:09.068,1.42363,1.42378,1.25,1.00
2017.08.14 02:29:09.119,1.42363,1.42378,1.00,1.00
2017.08.14 02:29:09.476,1.42363,1.42378,1.25,1.00
2017.08.14 02:29:09.630,1.42363,1.42378,1.38,1.00
2017.08.14 02:29:09.783,1.42363,1.42378,1.38,1.00
2017.08.14 02:29:10.293,1.42363,1.42378,1.75,1.00
2017.08.14 02:29:10.344,1.42363,1.42378,1.00,1.00
2017.08.14 02:29:10.498,1.42363,1.42378,1.00,1.00
2017.08.14 02:29:11.023,1.42363,1.42378,1.00,2.12
2017.08.14 02:29:11.321,1.42363,1.42378,1.50,1.00
2017.08.14 02:29:11.832,1.42363,1.42378,1.19,1.00
2017.08.14 02:29:12.341,1.42363,1.42378,1.19,1.00
2017.08.14 02:29:12.698,1.42366,1.42382,1.00,2.25
2017.08.14 02:29:12.851,1.42364,1.42382,1.00,3.87
2017.08.14 02:29:12.954,1.42363,1.42382,1.00,4.13
2017.08.14 02:29:13.262,1.42366,1.42381,1.25,1.69
2017.08.14 02:29:13.364,1.42364,1.42381,1.00,2.37
2017.08.14 02:29:13.415,1.42363,1.42381,1.50,2.06
2017.08.14 02:29:13.964,1.42363,1.42381,1.00,1.88
2017.08.14 02:29:14.271,1.4236,1.42378,1.13,2.44
2017.08.14 02:29:14.323,1.42358,1.42376,1.94,1.87
2017.08.14 02:29:14.527,1.42357,1.42374,1.50,1.50
2017.08.14 02:29:14.680,1.42356,1.42373,1.12,3.00
2017.08.14 02:29:14.834,1.42356,1.42373,1.12,3.38
2017.08.14 02:29:15.410,1.42355,1.42373,1.12,4.00
2017.08.14 02:29:16.076,1.42354,1.42372,1.19,1.12
2017.08.14 02:29:16.384,1.42362,1.42378,1.00,1.69
2017.08.14 02:29:16.486,1.42358,1.42378,2.81,2.24
2017.08.14 02:29:16.844,1.42363,1.42378,1.00,1.63
2017.08.14 02:29:17.150,1.42367,1.4238,1.00,1.87
2017.08.14 02:29:17.297,1.42368,1.42385,1.62,1.69
2017.08.14 02:29:17.757,1.42365,1.42382,3.19,1.13
2017.08.14 02:29:18.369,1.42365,1.42382,2.81,2.62
2017.08.14 02:29:18.472,1.42365,1.42381,1.50,1.31
2017.08.14 02:29:18.626,1.42362,1.42379,1.88,1.50
2017.08.14 02:29:19.137,1.42362,1.42379,1.00,4.06
2017.08.14 02:29:19.593,1.42364,1.42379,1.00,1.50
2017.08.14 02:29:19.900,1.42366,1.4238,1.00,1.69
2017.08.14 02:29:20.104,1.42363,1.4238,1.00,3.07
2017.08.14 02:29:20.359,1.42363,1.4238,1.00,3.19
2017.08.14 02:29:20.665,1.42364,1.4238,1.00,3.50
2017.08.14 02:29:21.175,1.42365,1.4238,1.00,1.69
2017.08.14 02:29:21.698,1.42364,1.4238,1.00,1.69
2017.08.14 02:29:22.004,1.42366,1.4238,1.00,1.00
2017.08.14 02:29:22.412,1.42366,1.42383,1.25,2.63
2017.08.14 02:29:22.463,1.42365,1.42383,1.12,3.25
2017.08.14 02:29:22.771,1.42367,1.42383,1.00,2.87
2017.08.14 02:29:22.958,1.42368,1.42383,1.00,2.44
2017.08.14 02:29:23.469,1.42367,1.42383,1.00,2.06
2017.08.14 02:29:24.085,1.42367,1.42383,1.25,2.63
2017.08.14 02:29:24.795,1.42367,1.42383,1.25,1.88
2017.08.14 02:29:25.345,1.42367,1.42383,1.00,2.75
2017.08.14 02:29:26.045,1.42368,1.42383,1.00,2.06
2017.08.14 02:29:26.097,1.42366,1.42382,1.00,1.69
2017.08.14 02:29:26.648,1.42365,1.42382,1.25,2.50
2017.08.14 02:29:27.158,1.42365,1.42382,1.44,3.00
2017.08.14 02:29:27.868,1.42365,1.42382,1.25,3.00
2017.08.14 02:29:28.426,1.42365,1.42382,1.31,2.31
2017.08.14 02:29:28.477,1.42365,1.42382,1.69,2.69
2017.08.14 02:29:28.529,1.42365,1.42382,1.63,2.06
2017.08.14 02:29:29.752,1.42367,1.42382,1.50,1.25
2017.08.14 02:29:30.274,1.42367,1.42382,1.31,1.69
2017.08.14 02:29:30.844,1.42366,1.42382,1.88,1.00
2017.08.14 02:29:31.346,1.42366,1.42382,1.69,1.88
2017.08.14 02:29:32.340,1.42366,1.42382,1.50,1.44
2017.08.14 02:29:32.391,1.42365,1.42382,1.94,2.13
2017.08.14 02:29:32.594,1.42366,1.42382,1.38,1.00
2017.08.14 02:29:34.166,1.42366,1.42382,1.13,1.00
2017.08.14 02:29:34.693,1.42366,1.42382,1.62,1.00
2017.08.14 02:29:35.259,1.42366,1.42382,1.13,2.88
2017.08.14 02:29:36.827,1.42365,1.42382,2.44,2.13
2017.08.14 02:29:37.365,1.42365,1.42382,2.44,2.13
2017.08.14 02:29:37.905,1.42366,1.42382,1.38,1.00
2017.08.14 02:29:38.366,1.42364,1.42382,1.87,1.00
2017.08.14 02:29:38.877,1.42362,1.42381,1.94,1.31
2017.08.14 02:29:39.283,1.42363,1.42381,2.06,1.25
2017.08.14 02:29:39.819,1.42364,1.42381,1.88,1.00
2017.08.14 02:29:40.182,1.42363,1.42381,2.06,1.00
2017.08.14 02:29:40.740,1.42365,1.42381,1.13,1.00
2017.08.14 02:29:41.148,1.42365,1.42381,1.38,1.00
2017.08.14 02:29:41.480,1.42365,1.42381,1.13,1.00
2017.08.14 02:29:41.589,1.42365,1.42381,1.38,1.00
2017.08.14 02:29:41.933,1.42365,1.42381,1.25,1.00
2017.08.14 02:29:42.457,1.42365,1.42381,1.44,1.00
2017.08.14 02:29:43.003,1.42363,1.42381,2.00,2.13
2017.08.14 02:29:43.054,1.42363,1.42381,2.81,1.00
2017.08.14 02:29:43.465,1.42363,1.42381,2.00,1.00
2017.08.14 02:29:43.996,1.42363,1.4238,2.44,1.13
2017.08.14 02:29:45.444,1.42365,1.4238,1.00,1.00
2017.08.14 02:29:46.043,1.42364,1.4238,1.88,1.00
2017.08.14 02:29:46.209,1.42364,1.4238,1.69,1.00
2017.08.14 02:29:46.311,1.42365,1.4238,1.44,1.00
2017.08.14 02:29:46.362,1.42363,1.4238,2.44,1.00
2017.08.14 02:29:47.336,1.42364,1.4238,1.13,1.00
2017.08.14 02:29:47.870,1.42363,1.4238,2.06,1.00
2017.08.14 02:29:48.405,1.42365,1.4238,1.00,1.00
2017.08.14 02:29:49.189,1.42363,1.4238,2.06,1.00
2017.08.14 02:29:49.341,1.42364,1.4238,1.13,1.00
2017.08.14 02:29:49.884,1.42364,1.4238,1.13,1.00
2017.08.14 02:29:50.420,1.42364,1.4238,1.13,1.00
2017.08.14 02:29:50.672,1.42364,1.4238,1.13,1.00
2017.08.14 02:29:51.196,1.42364,1.4238,1.88,1.00
2017.08.14 02:29:51.628,1.42367,1.42381,1.00,1.00
2017.08.14 02:29:51.832,1.42367,1.42381,1.19,1.00
2017.08.14 02:29:51.883,1.42367,1.42381,1.00,1.00
2017.08.14 02:29:51.935,1.42366,1.42381,1.31,1.00
2017.08.14 02:29:52.501,1.42367,1.42381,1.00,1.00
2017.08.14 02:29:53.011,1.42364,1.42381,2.19,1.00
2017.08.14 02:29:53.544,1.42365,1.42381,1.75,1.00
2017.08.14 02:29:54.323,1.42364,1.42381,2.19,1.00
2017.08.14 02:29:54.719,1.42364,1.42381,2.25,1.00
2017.08.14 02:29:56.205,1.42365,1.42381,1.00,2.13
2017.08.14 02:29:56.307,1.42372,1.42382,1.12,1.12
2017.08.14 02:29:56.409,1.42374,1.42387,1.25,1.00
2017.08.14 02:29:56.531,1.42377,1.42387,1.88,1.00
2017.08.14 02:29:56.584,1.42377,1.42389,1.37,1.00
2017.08.14 02:29:56.788,1.42377,1.42389,1.00,1.00
2017.08.14 02:29:56.840,1.42377,1.4239,2.81,1.00
2017.08.14 02:29:56.891,1.4238,1.42392,1.00,1.00
2017.08.14 02:29:56.994,1.42378,1.42392,1.87,1.00
2017.08.14 02:29:57.096,1.4238,1.42392,1.00,1.25
2017.08.14 02:29:57.453,1.42377,1.42392,1.69,1.00
2017.08.14 02:29:58.478,1.42376,1.42392,2.81,1.00
2017.08.14 02:29:58.886,1.42376,1.42391,2.44,1.00
2017.08.14 02:29:59.206,1.42377,1.42391,1.56,1.00
2017.08.14 02:29:59.734,1.42375,1.42387,1.75,1.31
2017.08.14 02:29:59.947,1.4237,1.42385,1.63,2.31
2017.08.14 02:30:00.254,1.42369,1.42385,1.00,2.13
2017.08.14 02:30:00.305,1.42368,1.42383,1.69,1.00
2017.08.14 02:30:00.357,1.42368,1.42383,2.63,1.00
2017.08.14 02:30:00.615,1.42372,1.42385,1.00,1.56
2017.08.14 02:30:02.642,1.42372,1.42385,1.00,1.13
2017.08.14 02:30:02.948,1.42372,1.42385,1.19,1.13
2017.08.14 02:30:03.051,1.42372,1.42386,1.19,2.25
2017.08.14 02:30:03.409,1.42372,1.42386,1.00,4.50
2017.08.14 02:30:03.715,1.42371,1.42385,1.25,1.50
2017.08.14 02:30:03.766,1.42375,1.42386,1.00,1.37
2017.08.14 02:30:04.092,1.42377,1.42389,1.00,1.31
2017.08.14 02:30:04.246,1.42382,1.42391,1.00,1.62
2017.08.14 02:30:04.297,1.42378,1.42391,1.25,1.37
2017.08.14 02:30:04.349,1.4238,1.42391,1.12,1.37
2017.08.14 02:30:04.605,1.42377,1.42391,1.44,1.00
2017.08.14 02:30:05.727,1.42374,1.42389,2.81,1.00
2017.08.14 02:30:05.830,1.42376,1.42389,1.00,1.00
2017.08.14 02:30:06.397,1.42375,1.42389,1.37,1.00
2017.08.14 02:30:06.906,1.42375,1.42389,1.37,1.00
2017.08.14 02:30:07.212,1.42375,1.42388,1.19,1.00
2017.08.14 02:30:07.364,1.42375,1.42388,1.19,1.00
2017.08.14 02:30:07.416,1.42375,1.42388,1.19,1.00
2017.08.14 02:30:07.874,1.42373,1.42388,1.81,1.00
2017.08.14 02:30:08.123,1.42373,1.42385,1.19,1.00
2017.08.14 02:30:08.429,1.42372,1.42385,1.75,1.00
2017.08.14 02:30:09.194,1.42372,1.42385,1.69,1.00
2017.08.14 02:30:09.449,1.42373,1.42385,1.19,1.00
2017.08.14 02:30:09.893,1.42372,1.42385,2.00,1.00
2017.08.14 02:30:09.945,1.42372,1.42385,2.00,1.00
2017.08.14 02:30:09.996,1.42372,1.42385,2.00,1.00
2017.08.14 02:30:10.418,1.42372,1.42385,2.00,1.00
2017.08.14 02:30:10.979,1.42372,1.42385,2.00,1.00
2017.08.14 02:30:11.705,1.42372,1.42385,1.81,1.00
2017.08.14 02:30:12.416,1.42372,1.42385,1.81,1.00
2017.08.14 02:30:12.893,1.42372,1.42383,1.56,1.00
2017.08.14 02:30:12.944,1.42372,1.42383,1.81,1.00
2017.08.14 02:30:13.983,1.42372,1.42383,1.56,1.00
2017.08.14 02:30:14.492,1.42372,1.42383,2.25,1.00
2017.08.14 02:30:14.747,1.42372,1.42383,2.00,1.00
2017.08.14 02:30:15.206,1.42373,1.42383,1.63,1.00
2017.08.14 02:30:15.258,1.42375,1.42387,1.69,1.00
2017.08.14 02:30:15.309,1.42377,1.42389,1.69,1.00
2017.08.14 02:30:15.412,1.42379,1.42389,1.38,1.00
2017.08.14 02:30:15.618,1.42379,1.42389,1.31,1.00
2017.08.14 02:30:15.669,1.42381,1.42389,1.63,1.00
2017.08.14 02:30:15.721,1.42381,1.42392,1.31,1.00
2017.08.14 02:30:16.231,1.42381,1.42392,1.69,1.00
2017.08.14 02:30:16.535,1.4238,1.42392,1.56,1.00
2017.08.14 02:30:16.638,1.42378,1.42392,1.87,1.00
2017.08.14 02:30:17.443,1.42378,1.42391,2.06,1.00
2017.08.14 02:30:17.978,1.42378,1.42391,2.06,1.00
2017.08.14 02:30:18.754,1.42378,1.42391,1.87,1.00
2017.08.14 02:30:18.958,1.42378,1.42391,1.87,1.00
2017.08.14 02:30:19.727,1.42377,1.4239,1.00,1.00
2017.08.14 02:30:20.339,1.42377,1.4239,1.19,1.00
2017.08.14 02:30:20.849,1.42377,1.4239,1.00,1.00
2017.08.14 02:30:21.806,1.42377,1.4239,1.44,1.00
2017.08.14 02:30:22.362,1.42376,1.4239,1.87,1.00
2017.08.14 02:30:28.594,1.42378,1.4239,1.37,1.00
2017.08.14 02:30:28.645,1.42377,1.4239,1.75,1.00
2017.08.14 02:30:34.632,1.42376,1.4239,2.44,1.00
2017.08.14 02:30:35.167,1.42376,1.4239,2.44,1.00
2017.08.14 02:30:36.490,1.42376,1.4239,2.25,1.00
2017.08.14 02:30:37.032,1.42376,1.4239,2.25,1.00
2017.08.14 02:30:39.132,1.42375,1.4239,1.31,1.00
2017.08.14 02:30:39.544,1.42375,1.42387,1.19,1.00
2017.08.14 02:30:40.771,1.42375,1.42387,2.06,1.00
2017.08.14 02:30:40.822,1.42376,1.42387,1.69,1.00
2017.08.14 02:30:41.332,1.42376,1.42387,2.81,1.00
2017.08.14 02:30:41.848,1.42376,1.42387,2.81,1.00
2017.08.14 02:30:42.361,1.42376,1.42387,2.81,1.00
2017.08.14 02:30:42.900,1.42377,1.42387,2.00,1.00
2017.08.14 02:30:43.408,1.42377,1.42387,1.69,1.00
2017.08.14 02:30:44.204,1.42378,1.42387,1.19,1.00
2017.08.14 02:30:44.714,1.42377,1.42387,1.19,1.00
2017.08.14 02:30:44.918,1.42377,1.42388,1.19,1.00
2017.08.14 02:30:45.107,1.42377,1.42388,1.19,1.00
2017.08.14 02:30:45.757,1.42377,1.42388,1.12,1.00
2017.08.14 02:30:46.318,1.42377,1.42388,1.44,1.00
2017.08.14 02:30:46.725,1.4238,1.42388,1.00,1.00
2017.08.14 02:30:46.777,1.42382,1.42393,2.06,1.00
2017.08.14 02:30:46.828,1.42386,1.42393,1.69,1.00
2017.08.14 02:30:46.880,1.42385,1.42396,1.69,1.00
2017.08.14 02:30:46.982,1.42386,1.42397,1.19,1.00
2017.08.14 02:30:47.348,1.42386,1.42397,1.62,1.00
2017.08.14 02:30:47.858,1.42386,1.42397,1.56,1.00
2017.08.14 02:30:48.164,1.42386,1.42398,1.00,1.00
2017.08.14 02:30:48.216,1.42386,1.42398,1.25,1.00
2017.08.14 02:30:50.012,1.42384,1.42398,1.75,1.00
2017.08.14 02:30:50.929,1.42383,1.42398,3.56,1.00
2017.08.14 02:30:50.981,1.42383,1.42398,2.25,1.00
2017.08.14 02:30:51.033,1.4238,1.42398,1.31,1.00
2017.08.14 02:30:51.488,1.42379,1.42396,1.62,1.13
2017.08.14 02:30:54.459,1.42379,1.42396,1.12,1.00
2017.08.14 02:30:55.921,1.4238,1.42396,1.19,1.00
2017.08.14 02:30:56.458,1.42379,1.42396,1.81,1.00
2017.08.14 02:30:58.756,1.42379,1.42396,2.06,1.00
2017.08.14 02:30:59.171,1.42381,1.42397,2.06,1.37
2017.08.14 02:30:59.222,1.42382,1.42397,1.44,1.00
2017.08.14 02:30:59.734,1.42383,1.42399,1.50,1.00
2017.08.14 02:31:00.040,1.42383,1.42399,1.69,1.00
2017.08.14 02:31:00.091,1.42383,1.42399,1.12,1.00
2017.08.14 02:31:00.620,1.42383,1.42399,2.63,1.00
2017.08.14 02:31:00.966,1.42383,1.42399,1.31,1.00
2017.08.14 02:31:01.491,1.42383,1.42399,2.81,1.00
2017.08.14 02:31:02.028,1.42383,1.42399,2.06,1.00
2017.08.14 02:31:02.579,1.42383,1.42399,1.31,1.00
2017.08.14 02:31:03.087,1.42383,1.42399,1.31,1.00
2017.08.14 02:31:04.216,1.42383,1.42399,1.56,1.00
2017.08.14 02:31:04.325,1.42383,1.42399,1.69,1.00
2017.08.14 02:31:04.427,1.42383,1.42399,1.56,1.00
2017.08.14 02:31:04.732,1.42382,1.42399,1.12,2.12
2017.08.14 02:31:05.038,1.4238,1.42397,1.50,1.00
2017.08.14 02:31:05.552,1.4238,1.42397,1.25,1.00
2017.08.14 02:31:06.248,1.42379,1.42395,1.56,1.00
2017.08.14 02:31:10.497,1.42377,1.42393,1.12,1.00
2017.08.14 02:31:11.741,1.42377,1.42393,1.37,1.00
2017.08.14 02:31:11.792,1.42377,1.42393,1.12,1.00
2017.08.14 02:31:11.843,1.42376,1.42393,1.12,1.00
2017.08.14 02:31:13.030,1.42376,1.42391,1.12,1.00
2017.08.14 02:31:13.438,1.42378,1.42391,1.25,1.00
2017.08.14 02:31:13.541,1.42376,1.42391,1.31,1.00
2017.08.14 02:31:13.643,1.42376,1.42391,1.12,1.00
2017.08.14 02:31:15.733,1.42378,1.42391,1.81,1.00
2017.08.14 02:31:16.267,1.42378,1.42391,1.81,1.00
2017.08.14 02:31:16.369,1.42378,1.42391,1.81,1.00
2017.08.14 02:31:16.879,1.42378,1.42391,1.81,1.00
2017.08.14 02:31:19.897,1.4238,1.42391,1.19,1.00
2017.08.14 02:31:20.456,1.42378,1.42391,2.25,1.00
2017.08.14 02:31:22.870,1.4238,1.42391,1.19,1.00
2017.08.14 02:31:23.387,1.42378,1.42391,2.25,1.00
2017.08.14 02:31:23.896,1.4238,1.42391,1.19,1.00
2017.08.14 02:31:24.455,1.42378,1.42391,2.06,1.00
2017.08.14 02:31:25.198,1.42379,1.42391,1.31,1.00
2017.08.14 02:31:25.712,1.42378,1.42391,1.81,1.00
2017.08.14 02:31:25.917,1.42378,1.42392,2.00,1.00
2017.08.14 02:31:26.427,1.42379,1.42392,1.31,1.00
2017.08.14 02:31:26.973,1.42378,1.42392,1.50,1.00
2017.08.14 02:31:27.584,1.42378,1.42392,2.25,1.00
2017.08.14 02:31:28.092,1.42378,1.42392,1.69,1.00
2017.08.14 02:31:28.418,1.42378,1.42392,1.94,1.00
2017.08.14 02:31:28.469,1.42378,1.42392,2.00,1.00
2017.08.14 02:31:29.268,1.42378,1.42392,1.81,1.00
2017.08.14 02:31:29.857,1.4238,1.42392,1.19,1.00
2017.08.14 02:31:30.365,1.42379,1.42392,1.63,1.00
2017.08.14 02:31:30.775,1.4238,1.42392,2.81,1.00
2017.08.14 02:31:30.879,1.42386,1.42398,1.00,1.62
2017.08.14 02:31:30.983,1.4239,1.424,1.00,1.87
2017.08.14 02:31:31.036,1.4239,1.42401,1.00,1.12
2017.08.14 02:31:31.193,1.42392,1.42403,1.00,1.50
2017.08.14 02:31:31.728,1.42392,1.42403,1.00,1.44
2017.08.14 02:31:32.237,1.42392,1.42403,1.00,1.88
2017.08.14 02:31:33.330,1.42392,1.42403,1.00,2.12
2017.08.14 02:31:33.432,1.4239,1.42402,1.00,1.12
2017.08.14 02:31:33.689,1.42388,1.42401,1.00,1.12
2017.08.14 02:31:34.074,1.42387,1.424,1.00,2.06
2017.08.14 02:31:34.382,1.42386,1.42399,1.00,3.00
2017.08.14 02:31:36.895,1.42387,1.42399,1.00,5.44
2017.08.14 02:31:37.667,1.42385,1.42398,1.00,1.12
2017.08.14 02:31:39.788,1.42386,1.42398,1.00,2.25
2017.08.14 02:31:46.136,1.42388,1.42398,1.00,1.37
2017.08.14 02:31:46.290,1.42388,1.42401,1.00,1.31
2017.08.14 02:31:46.341,1.42391,1.42401,1.00,2.44
2017.08.14 02:31:46.953,1.42391,1.42402,1.00,1.00
2017.08.14 02:31:49.493,1.42394,1.42404,1.00,1.75
2017.08.14 02:31:49.545,1.42392,1.42404,1.00,1.37
2017.08.14 02:31:49.597,1.42392,1.42404,1.00,1.00
2017.08.14 02:31:49.699,1.42394,1.42404,1.00,1.00
2017.08.14 02:31:50.207,1.42393,1.42405,1.00,1.50
2017.08.14 02:31:50.820,1.42392,1.42405,1.00,1.88
2017.08.14 02:31:51.376,1.42393,1.42405,1.00,1.50
2017.08.14 02:31:51.632,1.42391,1.42405,1.00,1.44
2017.08.14 02:31:52.163,1.42391,1.42405,1.00,1.25
2017.08.14 02:31:52.638,1.42393,1.42405,1.00,1.00
2017.08.14 02:31:53.201,1.42392,1.42405,1.00,1.25
2017.08.14 02:31:54.560,1.42389,1.42404,1.00,1.69
2017.08.14 02:31:54.713,1.42386,1.42402,1.00,1.12
2017.08.14 02:31:54.765,1.42388,1.42401,1.00,1.69
2017.08.14 02:31:55.275,1.42387,1.42401,1.00,3.57
2017.08.14 02:31:59.819,1.42392,1.42402,1.00,3.37
2017.08.14 02:31:59.974,1.42399,1.4241,1.00,1.31
2017.08.14 02:32:00.025,1.42399,1.42412,1.00,3.00
2017.08.14 02:32:00.129,1.42401,1.42413,1.00,1.75
2017.08.14 02:32:00.231,1.42404,1.42415,1.00,1.12
2017.08.14 02:32:00.283,1.42406,1.42415,1.00,1.12
2017.08.14 02:32:00.386,1.42404,1.42416,1.25,1.37
2017.08.14 02:32:00.437,1.42402,1.42416,1.31,1.00
2017.08.14 02:32:00.967,1.42401,1.42416,1.56,1.00
2017.08.14 02:32:01.477,1.424,1.42416,3.56,1.00
2017.08.14 02:32:02.957,1.424,1.42416,1.62,1.00
2017.08.14 02:32:03.466,1.42401,1.42416,1.00,1.00
2017.08.14 02:32:04.148,1.424,1.42416,1.12,1.00
2017.08.14 02:32:04.671,1.424,1.42416,1.63,1.00
2017.08.14 02:32:04.772,1.424,1.42416,1.12,1.00
2017.08.14 02:32:05.284,1.424,1.42416,1.00,3.81
2017.08.14 02:32:05.797,1.42397,1.42416,1.87,4.56
2017.08.14 02:32:06.209,1.42398,1.42416,1.00,3.06
2017.08.14 02:32:07.601,1.42397,1.42415,2.63,1.12
2017.08.14 02:32:08.160,1.42398,1.42415,1.00,2.50
2017.08.14 02:32:08.211,1.42397,1.42415,1.87,2.50
2017.08.14 02:32:09.048,1.42398,1.42415,1.19,1.00
2017.08.14 02:32:09.607,1.42397,1.42415,2.06,2.12
2017.08.14 02:32:09.658,1.42397,1.42415,1.81,2.50
2017.08.14 02:32:10.253,1.42398,1.42415,1.19,1.00
2017.08.14 02:32:10.812,1.42397,1.42415,1.25,2.50
2017.08.14 02:32:11.322,1.42395,1.42414,1.69,2.25
2017.08.14 02:32:11.890,1.42396,1.42414,1.44,2.50
2017.08.14 02:32:11.993,1.42395,1.42413,2.06,1.12
2017.08.14 02:32:12.095,1.42395,1.42413,2.00,2.12
2017.08.14 02:32:12.614,1.42395,1.42413,1.69,2.12
2017.08.14 02:32:12.920,1.42393,1.42412,1.69,2.87
2017.08.14 02:32:13.074,1.42391,1.4241,1.44,3.63
2017.08.14 02:32:13.621,1.42391,1.42409,1.12,2.69
2017.08.14 02:32:14.209,1.4239,1.42408,1.19,2.69
2017.08.14 02:32:14.719,1.42387,1.42408,3.37,3.44
2017.08.14 02:32:15.025,1.42389,1.42407,1.81,1.00
2017.08.14 02:32:15.077,1.42388,1.42407,2.19,1.00
2017.08.14 02:32:15.334,1.4239,1.42407,1.69,1.00
2017.08.14 02:32:15.538,1.4239,1.42407,1.12,1.00
2017.08.14 02:32:16.379,1.4239,1.42407,1.19,1.00
2017.08.14 02:32:16.735,1.42391,1.42407,1.25,1.19
2017.08.14 02:32:17.183,1.42386,1.42406,2.44,1.31
2017.08.14 02:32:17.234,1.42386,1.42406,2.06,6.37
2017.08.14 02:32:17.744,1.42384,1.42402,1.87,1.12
2017.08.14 02:32:18.145,1.42384,1.42402,1.25,3.37
2017.08.14 02:32:18.349,1.42382,1.42401,1.88,2.25
2017.08.14 02:32:18.553,1.42382,1.42401,1.12,2.87
2017.08.14 02:32:19.071,1.42382,1.42401,1.31,3.25
2017.08.14 02:32:19.671,1.42382,1.42401,1.25,2.31
2017.08.14 02:32:20.212,1.42382,1.42401,1.44,2.50
2017.08.14 02:32:21.061,1.42382,1.42401,1.25,2.31
2017.08.14 02:32:22.063,1.42382,1.42401,1.50,2.50
2017.08.14 02:32:22.653,1.42382,1.424,1.00,1.12
2017.08.14 02:32:22.806,1.42382,1.424,2.00,1.00
2017.08.14 02:32:23.112,1.42384,1.424,2.06,1.00
2017.08.14 02:32:23.215,1.42383,1.424,1.87,1.00
2017.08.14 02:32:23.266,1.42386,1.42402,1.00,1.44
2017.08.14 02:32:23.860,1.42386,1.42402,1.00,1.69
2017.08.14 02:32:24.472,1.42387,1.42402,1.00,1.50
2017.08.14 02:32:25.331,1.42386,1.42402,1.12,1.25
2017.08.14 02:32:25.892,1.42386,1.42402,1.00,1.81
2017.08.14 02:32:26.427,1.42387,1.42402,1.00,1.50
2017.08.14 02:32:26.997,1.42384,1.42402,1.50,2.31
2017.08.14 02:32:27.304,1.42386,1.42402,1.00,1.00
2017.08.14 02:32:28.650,1.42385,1.42402,1.94,1.12
2017.08.14 02:32:28.855,1.42388,1.42405,2.00,1.12
2017.08.14 02:32:29.096,1.42389,1.42405,1.12,2.06
2017.08.14 02:32:29.606,1.42387,1.42405,1.00,2.81
2017.08.14 02:32:29.963,1.42386,1.42404,1.87,1.88
2017.08.14 02:32:30.328,1.42383,1.42403,2.44,3.38
2017.08.14 02:32:30.838,1.42383,1.42402,1.50,1.31
2017.08.14 02:32:30.889,1.42383,1.42402,1.31,2.31
2017.08.14 02:32:31.432,1.42383,1.42402,2.62,2.31
2017.08.14 02:32:32.043,1.42383,1.42401,2.06,1.31
2017.08.14 02:32:32.859,1.42383,1.42401,1.44,2.69
2017.08.14 02:32:33.402,1.42383,1.42401,1.31,2.69
2017.08.14 02:32:33.916,1.42384,1.42401,1.00,2.50
2017.08.14 02:32:34.428,1.42382,1.42401,1.87,2.43
2017.08.14 02:32:34.918,1.42382,1.42401,1.88,3.06
2017.08.14 02:32:35.699,1.42383,1.42401,1.00,1.00
2017.08.14 02:32:36.250,1.42382,1.42401,1.69,2.12
2017.08.14 02:32:36.870,1.42382,1.42401,1.88,2.12
2017.08.14 02:32:37.395,1.42382,1.42401,1.88,2.69
2017.08.14 02:32:38.309,1.42383,1.42401,1.44,1.00
2017.08.14 02:32:38.656,1.42382,1.42401,2.25,2.12
2017.08.14 02:32:38.809,1.42383,1.42401,1.13,2.12
2017.08.14 02:32:38.961,1.42382,1.42401,2.06,1.00
2017.08.14 02:32:39.469,1.42383,1.42401,1.44,1.00
2017.08.14 02:32:40.008,1.42383,1.42401,1.25,1.00
2017.08.14 02:32:40.518,1.42383,1.42401,1.19,1.00
2017.08.14 02:32:41.028,1.42382,1.42401,1.50,1.00
2017.08.14 02:32:41.926,1.42383,1.42401,1.44,2.31
2017.08.14 02:32:43.169,1.42383,1.42401,1.00,2.31
2017.08.14 02:32:43.696,1.42383,1.42401,1.44,2.50
2017.08.14 02:32:44.259,1.42382,1.42401,1.87,2.12
2017.08.14 02:32:44.793,1.42382,1.42401,2.06,2.12
2017.08.14 02:32:45.352,1.42382,1.42401,1.81,1.00
2017.08.14 02:32:45.918,1.42382,1.42401,2.06,2.12
2017.08.14 02:32:46.427,1.42382,1.42401,1.81,2.12
2017.08.14 02:32:46.774,1.42383,1.42401,3.00,1.00
2017.08.14 02:32:47.285,1.42386,1.42401,1.88,1.00
2017.08.14 02:32:47.845,1.42386,1.42401,2.25,1.00
2017.08.14 02:32:47.998,1.42386,1.42401,2.25,1.00
2017.08.14 02:32:48.279,1.42386,1.42401,2.06,1.00
2017.08.14 02:32:48.330,1.42386,1.42401,2.25,1.00
2017.08.14 02:32:48.534,1.42386,1.42401,2.25,1.00
2017.08.14 02:32:49.099,1.42386,1.42401,2.25,1.00
2017.08.14 02:32:49.150,1.42386,1.42401,1.88,1.00
2017.08.14 02:32:49.252,1.42386,1.42401,2.25,1.00
2017.08.14 02:32:49.303,1.42386,1.42401,1.69,1.00
2017.08.14 02:32:49.355,1.42386,1.42401,2.25,1.00
2017.08.14 02:32:49.862,1.42386,1.42401,3.19,1.00
2017.08.14 02:32:50.170,1.42392,1.42404,1.81,1.00
2017.08.14 02:32:50.221,1.42392,1.42404,1.00,1.00
2017.08.14 02:32:50.680,1.42392,1.42405,2.81,1.00
2017.08.14 02:32:51.239,1.42391,1.42405,1.37,1.00
2017.08.14 02:32:51.751,1.42391,1.42406,1.69,1.00
2017.08.14 02:32:52.268,1.42389,1.42405,1.69,1.13
2017.08.14 02:32:52.780,1.42389,1.42405,2.44,1.00
2017.08.14 02:32:53.334,1.42391,1.42405,1.44,1.00
2017.08.14 02:32:53.865,1.4239,1.42405,1.56,1.00
2017.08.14 02:32:55.558,1.42389,1.42405,2.25,1.00
2017.08.14 02:32:55.763,1.42389,1.42405,1.56,1.00
2017.08.14 02:32:56.272,1.42389,1.42405,1.81,1.00
2017.08.14 02:32:56.813,1.4239,1.42405,1.05,1.00
2017.08.14 02:32:57.317,1.42389,1.42405,1.71,1.00
2017.08.14 02:32:58.058,1.42389,1.42405,1.05,1.00
2017.08.14 02:32:58.604,1.42389,1.42405,1.92,1.00
2017.08.14 02:33:00.022,1.42387,1.42405,1.61,2.43
2017.08.14 02:33:00.124,1.42386,1.42404,1.36,1.31
2017.08.14 02:33:00.633,1.42386,1.42403,1.00,1.12
2017.08.14 02:33:01.842,1.42386,1.42403,1.31,2.87
2017.08.14 02:33:02.382,1.42386,1.42403,1.00,2.69
2017.08.14 02:33:02.816,1.42386,1.42403,1.31,2.69
2017.08.14 02:33:03.135,1.42389,1.42404,1.94,1.00
2017.08.14 02:33:03.187,1.4239,1.42404,1.00,1.25
2017.08.14 02:33:03.296,1.42389,1.42404,1.56,1.00
2017.08.14 02:33:03.551,1.42388,1.42404,1.12,1.00
2017.08.14 02:33:03.806,1.42389,1.42404,1.44,1.00
2017.08.14 02:33:04.316,1.42388,1.42404,1.69,1.00
2017.08.14 02:33:05.484,1.42389,1.42405,1.81,1.00
2017.08.14 02:33:05.536,1.42389,1.42406,1.81,1.12
2017.08.14 02:33:06.045,1.42393,1.42406,1.69,1.00
2017.08.14 02:33:06.525,1.42391,1.42406,1.50,1.00
2017.08.14 02:33:06.628,1.42391,1.42406,1.00,1.50
2017.08.14 02:33:06.969,1.42385,1.42401,1.75,2.25
2017.08.14 02:33:07.275,1.42385,1.42401,1.12,2.25
2017.08.14 02:33:08.924,1.42383,1.42401,2.00,3.06
2017.08.14 02:33:09.586,1.42383,1.424,1.69,1.50
2017.08.14 02:33:10.120,1.42383,1.424,1.69,1.00
2017.08.14 02:33:10.812,1.42383,1.424,1.12,2.13
2017.08.14 02:33:11.298,1.42382,1.42399,1.12,1.00
2017.08.14 02:33:11.451,1.42378,1.42397,1.50,2.69
2017.08.14 02:33:11.504,1.42378,1.42394,1.00,1.00
2017.08.14 02:33:11.556,1.42376,1.42393,1.00,1.12
2017.08.14 02:33:11.760,1.42376,1.42392,1.00,1.00
2017.08.14 02:33:12.032,1.42376,1.42392,1.00,1.00
2017.08.14 02:33:12.563,1.42376,1.42392,1.00,1.00
2017.08.14 02:33:13.271,1.42375,1.42391,1.81,1.00
2017.08.14 02:33:15.336,1.42374,1.42391,1.69,1.00
2017.08.14 02:33:15.678,1.42372,1.42389,2.62,1.00
2017.08.14 02:33:16.135,1.42373,1.42389,2.44,1.00
2017.08.14 02:33:16.187,1.42372,1.42389,2.25,1.00
2017.08.14 02:33:16.289,1.42373,1.42389,1.81,1.00
2017.08.14 02:33:16.799,1.42371,1.42389,1.50,2.31
2017.08.14 02:33:17.272,1.42374,1.42389,3.38,1.00
2017.08.14 02:33:17.375,1.42375,1.4239,1.75,1.00
2017.08.14 02:33:17.427,1.42374,1.4239,3.75,1.00
2017.08.14 02:33:17.479,1.42374,1.4239,1.44,1.00
2017.08.14 02:33:17.530,1.42375,1.4239,1.25,1.00
2017.08.14 02:33:17.582,1.42375,1.4239,2.06,1.00
2017.08.14 02:33:17.938,1.42374,1.4239,1.25,1.00
2017.08.14 02:33:18.516,1.42374,1.4239,1.31,1.00
2017.08.14 02:33:19.040,1.42374,1.4239,1.00,1.00
2017.08.14 02:33:19.448,1.42375,1.4239,1.44,1.00
2017.08.14 02:33:19.967,1.42374,1.4239,1.69,1.00
2017.08.14 02:33:20.517,1.42375,1.4239,1.44,1.00
2017.08.14 02:33:21.052,1.42373,1.4239,3.00,1.00
2017.08.14 02:33:21.793,1.42373,1.4239,1.87,1.00
2017.08.14 02:33:22.271,1.42381,1.42393,1.00,2.00
2017.08.14 02:33:22.780,1.42382,1.42393,1.00,1.75
2017.08.14 02:33:23.084,1.42394,1.42405,1.37,1.37
2017.08.14 02:33:23.187,1.42393,1.42405,1.81,1.37
2017.08.14 02:33:23.341,1.42396,1.42408,1.00,1.87
2017.08.14 02:33:23.445,1.42398,1.42408,1.00,1.00
2017.08.14 02:33:24.058,1.42396,1.42408,1.00,1.00
2017.08.14 02:33:24.470,1.42396,1.42408,1.37,1.00
2017.08.14 02:33:25.420,1.42395,1.42408,1.00,1.50
2017.08.14 02:33:25.472,1.42393,1.42408,1.12,2.49
2017.08.14 02:33:25.983,1.42392,1.42408,1.00,4.31
2017.08.14 02:33:26.502,1.4239,1.42408,1.31,4.31
2017.08.14 02:33:27.022,1.4239,1.42406,1.31,1.31
2017.08.14 02:33:33.020,1.42389,1.42406,1.81,2.75
2017.08.14 02:33:33.349,1.42393,1.42405,1.00,1.12
2017.08.14 02:33:33.760,1.42394,1.42407,1.00,1.25
2017.08.14 02:33:33.967,1.42394,1.42407,1.00,2.69
2017.08.14 02:33:34.477,1.42392,1.42407,1.37,2.81
2017.08.14 02:33:34.986,1.42394,1.42407,1.00,3.25
2017.08.14 02:33:35.292,1.42394,1.42407,1.00,4.69
2017.08.14 02:33:35.801,1.42393,1.42407,1.12,4.68
2017.08.14 02:33:40.585,1.42393,1.42407,1.50,6.44
2017.08.14 02:33:46.766,1.42393,1.42407,1.50,3.74
2017.08.14 02:33:49.006,1.42393,1.42407,1.50,1.87
2017.08.14 02:33:50.019,1.42393,1.42407,1.50,2.06
2017.08.14 02:33:52.686,1.42394,1.42406,1.37,1.31
2017.08.14 02:33:55.048,1.42394,1.42406,1.12,1.50
2017.08.14 02:33:58.424,1.42395,1.42408,1.37,3.19
2017.08.14 02:33:58.628,1.42395,1.42408,1.00,3.75
2017.08.14 02:33:58.782,1.42395,1.42408,1.00,6.63
2017.08.14 02:34:00.241,1.42393,1.42407,1.37,1.50
2017.08.14 02:34:00.343,1.42393,1.42408,1.37,5.06
2017.08.14 02:34:00.395,1.42393,1.42408,1.37,2.06
2017.08.14 02:34:00.906,1.42395,1.42409,1.62,1.12
2017.08.14 02:34:01.365,1.42398,1.42409,1.37,1.12
2017.08.14 02:34:01.574,1.42398,1.42411,1.37,3.94
2017.08.14 02:34:01.988,1.42399,1.42411,1.12,1.87
2017.08.14 02:34:02.347,1.42398,1.42411,1.37,1.31
2017.08.14 02:34:02.400,1.42399,1.42412,1.12,1.69
2017.08.14 02:34:02.795,1.424,1.42412,1.00,2.68
2017.08.14 02:34:02.900,1.424,1.42412,1.00,2.63
2017.08.14 02:34:03.156,1.42398,1.42412,1.12,2.44
2017.08.14 02:34:03.820,1.42399,1.42412,1.00,2.44
2017.08.14 02:34:04.361,1.42399,1.42412,1.37,1.88
2017.08.14 02:34:04.719,1.42398,1.42413,1.37,3.00
2017.08.14 02:34:05.077,1.42399,1.42413,1.37,1.88
2017.08.14 02:34:05.486,1.42399,1.42413,1.37,1.69
2017.08.14 02:34:05.987,1.42399,1.42413,1.37,1.69
2017.08.14 02:34:06.328,1.424,1.42413,1.00,2.06
2017.08.14 02:34:06.380,1.42398,1.42412,1.00,1.12
2017.08.14 02:34:06.937,1.42397,1.42412,1.50,2.44
2017.08.14 02:34:07.515,1.42397,1.42412,1.00,2.75
2017.08.14 02:34:08.071,1.42397,1.42412,1.00,2.81
2017.08.14 02:34:08.480,1.42399,1.42412,1.00,1.87
2017.08.14 02:34:08.908,1.42399,1.42412,1.00,3.25
2017.08.14 02:34:09.522,1.42399,1.42412,1.00,1.19
2017.08.14 02:34:10.032,1.42399,1.42412,1.00,2.50
2017.08.14 02:34:11.243,1.42399,1.42412,1.00,1.75
2017.08.14 02:34:11.865,1.42399,1.42412,1.00,1.12
2017.08.14 02:34:12.729,1.42399,1.42412,1.00,1.75
2017.08.14 02:34:13.061,1.42398,1.42411,1.12,1.31
2017.08.14 02:34:13.418,1.42398,1.42411,1.12,2.25
2017.08.14 02:34:13.623,1.42398,1.42411,1.12,2.81
2017.08.14 02:34:13.930,1.42394,1.42409,1.00,3.52
2017.08.14 02:34:14.187,1.42395,1.42409,1.00,2.75
2017.08.14 02:34:14.596,1.42397,1.4241,1.00,1.69
2017.08.14 02:34:15.276,1.42397,1.4241,1.00,1.88
2017.08.14 02:34:15.794,1.42397,1.4241,1.37,1.50
2017.08.14 02:34:16.390,1.42397,1.4241,1.37,1.69
2017.08.14 02:34:16.967,1.42396,1.42409,1.37,1.13
2017.08.14 02:34:17.273,1.42394,1.42409,1.37,1.81
2017.08.14 02:34:17.783,1.42393,1.42408,1.37,2.06
2017.08.14 02:34:18.470,1.42394,1.42408,1.37,1.13
2017.08.14 02:34:19.045,1.42394,1.42409,1.37,3.00
2017.08.14 02:34:19.480,1.42394,1.42409,1.37,3.38
2017.08.14 02:34:19.839,1.42394,1.42408,1.37,1.31
2017.08.14 02:34:21.571,1.42394,1.42408,1.37,2.00
2017.08.14 02:34:22.029,1.42397,1.4241,1.37,1.50
2017.08.14 02:34:22.132,1.42394,1.4241,2.25,1.00
2017.08.14 02:34:22.419,1.42395,1.42411,1.75,1.12
2017.08.14 02:34:22.625,1.42395,1.42412,1.75,1.63
2017.08.14 02:34:22.934,1.42395,1.42412,3.00,1.31
2017.08.14 02:34:23.087,1.42395,1.42412,3.00,1.50
2017.08.14 02:34:23.745,1.42394,1.42412,1.87,1.62
2017.08.14 02:34:24.347,1.42395,1.42412,1.37,1.25
2017.08.14 02:34:24.576,1.42395,1.42412,1.37,1.50
2017.08.14 02:34:25.087,1.42395,1.42411,1.37,1.12
2017.08.14 02:34:25.667,1.42395,1.42411,1.37,1.25
2017.08.14 02:34:26.177,1.42394,1.42411,1.50,1.25
2017.08.14 02:34:26.678,1.42394,1.42412,1.50,1.69
2017.08.14 02:34:27.313,1.42394,1.42412,1.50,2.31
2017.08.14 02:34:27.850,1.42394,1.42412,2.25,2.43
2017.08.14 02:34:28.369,1.42394,1.42412,1.69,2.63
2017.08.14 02:34:32.288,1.42395,1.42412,1.50,1.00
2017.08.14 02:34:32.594,1.42397,1.42414,1.87,1.19
2017.08.14 02:34:33.339,1.42397,1.42414,1.37,1.88
2017.08.14 02:34:33.848,1.42397,1.42414,1.62,2.12
2017.08.14 02:34:35.311,1.42398,1.42415,1.50,2.06
2017.08.14 02:34:35.821,1.42399,1.42415,1.00,2.06
2017.08.14 02:34:36.332,1.42398,1.42415,1.50,1.50
2017.08.14 02:34:37.048,1.42398,1.42416,1.50,3.94
2017.08.14 02:34:37.824,1.42399,1.42416,1.25,3.63
2017.08.14 02:34:38.368,1.424,1.42416,1.25,3.44
2017.08.14 02:34:39.537,1.424,1.42416,1.69,1.25
2017.08.14 02:34:40.046,1.42401,1.42417,1.50,2.06
2017.08.14 02:34:40.897,1.424,1.42417,2.25,1.88
2017.08.14 02:34:41.101,1.424,1.42417,2.25,1.62
2017.08.14 02:34:41.612,1.42401,1.42417,1.50,1.62
2017.08.14 02:34:42.121,1.42401,1.42417,1.12,2.06
2017.08.14 02:34:42.804,1.42401,1.42417,1.50,3.56
2017.08.14 02:34:43.314,1.42401,1.42417,1.12,1.87
2017.08.14 02:34:43.671,1.42402,1.42419,1.44,2.25
2017.08.14 02:34:43.978,1.42404,1.42421,1.50,1.31
2017.08.14 02:34:44.182,1.42405,1.42421,1.00,1.88
2017.08.14 02:34:44.692,1.42405,1.42421,1.00,1.69
2017.08.14 02:34:45.243,1.42405,1.42421,1.00,1.88
2017.08.14 02:34:45.374,1.42405,1.42421,1.00,1.31
2017.08.14 02:34:45.579,1.42407,1.42423,1.00,1.13
2017.08.14 02:34:46.093,1.42408,1.42423,1.00,1.31
2017.08.14 02:34:47.013,1.42408,1.42423,1.00,1.12
2017.08.14 02:34:47.336,1.42408,1.42425,1.12,2.44
2017.08.14 02:34:47.441,1.42408,1.42425,1.00,3.56
2017.08.14 02:34:47.747,1.42407,1.42424,1.00,1.12
2017.08.14 02:34:47.849,1.42405,1.42423,1.87,1.87
2017.08.14 02:34:48.003,1.42405,1.42423,1.25,3.63
2017.08.14 02:34:48.524,1.42405,1.42423,1.25,3.38
2017.08.14 02:34:49.069,1.42406,1.42423,1.25,2.94
2017.08.14 02:34:51.026,1.42405,1.42422,1.25,1.50
2017.08.14 02:34:51.585,1.42404,1.42422,1.50,3.25
2017.08.14 02:34:51.788,1.42404,1.42422,1.31,3.00
2017.08.14 02:34:52.127,1.42405,1.42422,1.19,2.25
2017.08.14 02:34:52.634,1.42404,1.42422,2.63,1.87
2017.08.14 02:34:53.144,1.42406,1.42422,1.25,2.00
2017.08.14 02:34:53.297,1.42406,1.42422,1.00,1.69
2017.08.14 02:34:53.400,1.42408,1.42422,1.00,1.38
2017.08.14 02:34:53.705,1.42408,1.42422,1.00,1.25
2017.08.14 02:34:54.010,1.42408,1.42422,1.00,2.56
2017.08.14 02:34:54.062,1.42408,1.42422,1.00,2.12
2017.08.14 02:34:55.270,1.42407,1.42422,1.00,1.56
2017.08.14 02:34:56.236,1.42408,1.42422,1.00,1.69
2017.08.14 02:34:58.338,1.42407,1.42422,1.00,1.00
2017.08.14 02:34:58.542,1.42409,1.42422,1.00,1.50
2017.08.14 02:35:02.817,1.42409,1.42423,1.00,1.25
2017.08.14 02:35:03.072,1.42409,1.42423,1.00,2.81
2017.08.14 02:35:03.593,1.42409,1.42423,1.00,2.06
2017.08.14 02:35:03.951,1.42409,1.42423,1.00,1.63
2017.08.14 02:35:04.003,1.42406,1.42423,1.00,3.37
2017.08.14 02:35:04.512,1.42405,1.42421,2.81,1.69
2017.08.14 02:35:04.768,1.42406,1.42421,1.56,2.63
2017.08.14 02:35:05.322,1.42406,1.42421,1.56,1.69
2017.08.14 02:35:05.680,1.42406,1.42421,1.00,1.38
2017.08.14 02:35:06.191,1.42406,1.42421,1.00,2.25
2017.08.14 02:35:06.720,1.42406,1.42421,1.00,2.25
2017.08.14 02:35:07.313,1.42405,1.42421,1.00,2.81
2017.08.14 02:35:09.825,1.42405,1.42421,1.00,1.50
2017.08.14 02:35:10.235,1.42405,1.42421,1.50,1.12
2017.08.14 02:35:10.794,1.42405,1.42421,1.00,1.50
2017.08.14 02:35:11.369,1.42405,1.42421,1.00,1.31
2017.08.14 02:35:12.385,1.42404,1.42421,1.31,2.63
2017.08.14 02:35:13.010,1.42405,1.42421,1.00,2.81
2017.08.14 02:35:13.536,1.42405,1.42421,1.00,3.19
2017.08.14 02:35:14.095,1.42405,1.42421,1.00,3.00
2017.08.14 02:35:14.147,1.42405,1.42421,1.56,2.63
2017.08.14 02:35:14.198,1.42405,1.42421,1.25,1.50
2017.08.14 02:35:14.707,1.42404,1.42421,1.25,3.19
2017.08.14 02:35:15.215,1.42405,1.42421,1.00,2.37
2017.08.14 02:35:15.986,1.42405,1.42421,1.00,3.00
2017.08.14 02:35:17.106,1.42405,1.42421,1.00,3.00
2017.08.14 02:35:17.670,1.42405,1.42421,1.00,3.00
2017.08.14 02:35:18.220,1.42405,1.42421,1.00,2.75
2017.08.14 02:35:18.744,1.42404,1.42421,1.25,3.13
2017.08.14 02:35:19.271,1.42404,1.42421,1.00,2.44
2017.08.14 02:35:19.779,1.42405,1.42421,1.00,2.82
2017.08.14 02:35:19.882,1.42407,1.42422,2.00,1.37
2017.08.14 02:35:19.986,1.42409,1.42425,1.00,2.25
2017.08.14 02:35:20.132,1.42407,1.42423,1.00,2.25
2017.08.14 02:35:20.439,1.42403,1.42419,3.00,1.00
2017.08.14 02:35:20.951,1.42403,1.42419,2.25,2.13
2017.08.14 02:35:21.461,1.42402,1.42418,1.94,1.12
2017.08.14 02:35:21.512,1.42403,1.42418,1.12,2.12
2017.08.14 02:35:21.564,1.42404,1.42418,1.44,1.00
2017.08.14 02:35:21.666,1.42403,1.42418,2.44,1.25
2017.08.14 02:35:21.973,1.42403,1.42418,2.25,1.00
2017.08.14 02:35:22.872,1.42403,1.42418,2.06,1.00
2017.08.14 02:35:23.382,1.42403,1.42418,2.25,2.12
2017.08.14 02:35:23.484,1.42403,1.42418,2.06,1.00
2017.08.14 02:35:23.993,1.42403,1.42418,2.25,1.00
2017.08.14 02:35:24.247,1.42403,1.42418,2.25,1.00
2017.08.14 02:35:24.502,1.42403,1.42418,1.50,1.00
2017.08.14 02:35:24.757,1.42403,1.42418,2.25,1.00
2017.08.14 02:35:25.003,1.42404,1.42418,1.25,1.00
2017.08.14 02:35:25.258,1.42403,1.42418,2.06,1.00
2017.08.14 02:35:25.513,1.42404,1.42418,1.25,1.00
2017.08.14 02:35:26.023,1.42403,1.42418,1.69,1.00
2017.08.14 02:35:26.481,1.42402,1.42418,2.19,1.00
2017.08.14 02:35:26.986,1.42402,1.42418,2.06,1.00
2017.08.14 02:35:27.496,1.42401,1.42417,1.31,1.13
2017.08.14 02:35:27.649,1.42398,1.42416,2.44,2.13
2017.08.14 02:35:28.362,1.42398,1.42415,2.44,1.00
2017.08.14 02:35:29.303,1.42398,1.42415,3.19,2.12
2017.08.14 02:35:29.812,1.42398,1.42415,3.19,1.00
2017.08.14 02:35:30.427,1.42398,1.42413,2.25,1.12
2017.08.14 02:35:30.936,1.42398,1.42413,3.75,1.00
2017.08.14 02:35:31.089,1.424,1.42413,1.00,1.00
2017.08.14 02:35:31.141,1.42398,1.42413,3.00,1.00
2017.08.14 02:35:31.671,1.424,1.42413,1.00,1.00
2017.08.14 02:35:31.722,1.424,1.42413,1.00,1.00
2017.08.14 02:35:32.267,1.424,1.42413,1.00,1.00
2017.08.14 02:35:33.551,1.42398,1.42413,3.75,1.00
2017.08.14 02:35:34.068,1.424,1.42413,1.00,1.00
2017.08.14 02:35:34.632,1.42399,1.42413,1.12,1.00
2017.08.14 02:35:35.797,1.424,1.42413,1.00,1.00
2017.08.14 02:35:36.305,1.42398,1.42413,3.19,1.00
2017.08.14 02:35:37.065,1.42399,1.42413,1.31,1.00
2017.08.14 02:35:37.616,1.42402,1.42413,1.25,1.00
2017.08.14 02:35:38.176,1.42402,1.42414,1.00,1.00
2017.08.14 02:35:38.713,1.42402,1.42414,1.00,1.00
2017.08.14 02:35:39.230,1.42401,1.42414,1.87,1.00
2017.08.14 02:35:39.845,1.42402,1.42415,1.44,1.00
2017.08.14 02:35:40.179,1.42406,1.42419,3.00,1.00
2017.08.14 02:35:42.034,1.42405,1.42419,2.25,1.00
2017.08.14 02:35:42.581,1.42406,1.42419,1.81,1.00
2017.08.14 02:35:43.194,1.42406,1.42419,1.50,1.00
2017.08.14 02:35:43.769,1.42406,1.42419,1.69,1.00
2017.08.14 02:35:44.291,1.42406,1.42419,1.50,1.00
2017.08.14 02:35:45.069,1.42406,1.42419,1.69,1.00
2017.08.14 02:35:45.585,1.42406,1.42419,1.00,1.00
2017.08.14 02:35:46.119,1.42406,1.42419,1.88,1.00
2017.08.14 02:35:46.640,1.42406,1.42419,1.00,1.00
2017.08.14 02:35:47.167,1.42406,1.42419,1.69,1.00
2017.08.14 02:35:47.675,1.42406,1.42419,1.69,1.00
2017.08.14 02:35:48.184,1.42406,1.42419,1.69,1.00
2017.08.14 02:35:48.694,1.42406,1.42419,1.50,1.00
2017.08.14 02:35:49.473,1.42406,1.42419,1.50,1.00
2017.08.14 02:35:49.626,1.42406,1.42419,1.50,1.00
2017.08.14 02:35:49.970,1.42406,1.42419,1.81,1.00
2017.08.14 02:35:50.225,1.42406,1.42419,1.56,1.00
2017.08.14 02:35:50.530,1.42406,1.42419,1.56,1.00
2017.08.14 02:35:51.154,1.42405,1.42419,1.81,1.00
2017.08.14 02:35:51.511,1.42405,1.42419,1.56,1.00
2017.08.14 02:35:51.962,1.42403,1.42419,1.50,1.00
2017.08.14 02:35:52.013,1.42402,1.42418,2.25,1.13
2017.08.14 02:35:52.524,1.42402,1.42418,2.25,4.00
2017.08.14 02:35:52.677,1.42402,1.42418,1.31,4.00
2017.08.14 02:35:53.148,1.42402,1.42418,1.31,3.44
2017.08.14 02:35:53.677,1.42402,1.42418,1.31,3.81
2017.08.14 02:35:54.460,1.42402,1.42418,2.06,2.88
2017.08.14 02:35:54.765,1.42402,1.42418,2.25,2.88
2017.08.14 02:35:55.630,1.42402,1.42418,2.06,2.50
2017.08.14 02:35:56.393,1.42402,1.42418,1.50,2.88
2017.08.14 02:35:56.699,1.42402,1.42418,2.25,2.12
2017.08.14 02:35:57.238,1.42402,1.42418,1.56,2.12
2017.08.14 02:35:57.544,1.42402,1.42418,1.75,2.12
2017.08.14 02:35:57.954,1.42402,1.42418,2.44,1.00
2017.08.14 02:35:59.376,1.42403,1.42418,1.44,1.00
2017.08.14 02:35:59.884,1.42402,1.42418,2.81,1.00
2017.08.14 02:36:00.412,1.42402,1.42418,3.00,1.00
2017.08.14 02:36:03.081,1.42403,1.42418,1.00,1.00
2017.08.14 02:36:03.243,1.42401,1.42418,1.25,2.31
2017.08.14 02:36:03.762,1.42401,1.42418,1.25,2.12
2017.08.14 02:36:04.272,1.42401,1.42418,1.50,1.00
2017.08.14 02:36:05.230,1.42401,1.42418,1.25,1.00
2017.08.14 02:36:05.781,1.42401,1.42418,1.50,2.13
2017.08.14 02:36:07.505,1.42401,1.42418,1.50,1.00
2017.08.14 02:36:08.084,1.42401,1.42418,1.50,1.00
2017.08.14 02:36:09.124,1.42401,1.42418,1.31,2.12
2017.08.14 02:36:10.423,1.424,1.42418,1.31,2.31
2017.08.14 02:36:10.525,1.42402,1.42418,1.12,4.38
2017.08.14 02:36:11.034,1.42403,1.42418,1.12,2.31
2017.08.14 02:36:12.076,1.42402,1.42418,1.12,1.00
2017.08.14 02:36:14.176,1.42404,1.42418,1.25,1.00
2017.08.14 02:36:14.822,1.42402,1.42418,2.62,1.00
2017.08.14 02:36:15.210,1.424,1.42418,2.00,1.00
2017.08.14 02:36:15.261,1.424,1.42418,1.88,2.69
2017.08.14 02:36:15.771,1.42401,1.42418,1.00,2.69
2017.08.14 02:36:16.336,1.42402,1.42418,2.44,2.69
2017.08.14 02:36:16.874,1.42402,1.42418,2.62,1.00
2017.08.14 02:36:17.582,1.42402,1.42418,2.44,1.00
2017.08.14 02:36:18.205,1.42399,1.42417,2.19,1.13
2017.08.14 02:36:18.720,1.424,1.42417,1.25,2.50
2017.08.14 02:36:18.934,1.42402,1.42417,1.25,2.31
2017.08.14 02:36:19.721,1.42402,1.42417,2.44,1.00
2017.08.14 02:36:20.078,1.424,1.42417,1.88,1.00
2017.08.14 02:36:20.587,1.424,1.42417,1.56,1.00
2017.08.14 02:36:20.826,1.42399,1.42417,2.44,1.00
2017.08.14 02:36:21.184,1.424,1.42417,1.25,1.00
2017.08.14 02:36:21.876,1.424,1.42417,1.44,1.00
2017.08.14 02:36:22.421,1.424,1.42417,1.44,2.13
2017.08.14 02:36:23.217,1.424,1.42417,1.13,2.31
2017.08.14 02:36:23.758,1.424,1.42417,1.25,2.13
2017.08.14 02:36:24.318,1.424,1.42417,1.44,2.13
2017.08.14 02:36:24.920,1.42402,1.42417,2.62,1.00
2017.08.14 02:36:25.277,1.42402,1.42417,1.81,1.00
2017.08.14 02:36:25.328,1.42401,1.42417,2.81,1.00
2017.08.14 02:36:25.838,1.42401,1.42417,2.25,1.00
2017.08.14 02:36:25.890,1.42402,1.42417,1.87,1.00
2017.08.14 02:36:26.917,1.42403,1.42417,1.12,1.00
2017.08.14 02:36:28.126,1.42402,1.42417,1.25,1.00
2017.08.14 02:36:28.636,1.424,1.42417,1.31,2.69
2017.08.14 02:36:28.687,1.424,1.42417,1.00,2.88
2017.08.14 02:36:28.892,1.424,1.42417,1.31,2.13
2017.08.14 02:36:29.405,1.424,1.42417,1.31,2.50
2017.08.14 02:36:29.751,1.424,1.42417,1.00,3.63
2017.08.14 02:36:30.260,1.424,1.42417,1.31,2.13
2017.08.14 02:36:30.832,1.42399,1.42417,2.25,2.13
2017.08.14 02:36:30.934,1.42399,1.42417,2.25,1.00
2017.08.14 02:36:31.438,1.42399,1.42417,1.12,3.06
2017.08.14 02:36:31.927,1.42399,1.42416,1.13,1.31
2017.08.14 02:36:31.979,1.42398,1.42416,3.00,2.13
2017.08.14 02:36:32.858,1.42399,1.42416,1.13,2.31
2017.08.14 02:36:33.021,1.42398,1.42416,2.44,2.62
2017.08.14 02:36:33.369,1.42399,1.42415,1.38,1.50
2017.08.14 02:36:33.604,1.42398,1.42415,2.25,2.12
2017.08.14 02:36:33.859,1.42399,1.42415,2.00,2.50
2017.08.14 02:36:34.368,1.42399,1.42415,2.00,1.00
2017.08.14 02:36:34.419,1.42399,1.42415,1.69,1.00
2017.08.14 02:36:34.524,1.42399,1.42415,2.00,1.00
2017.08.14 02:36:34.626,1.42399,1.42415,2.06,1.00
2017.08.14 02:36:34.677,1.42399,1.42415,2.25,1.00
2017.08.14 02:36:35.187,1.42399,1.42415,1.44,2.50
2017.08.14 02:36:35.738,1.42398,1.42415,1.31,2.31
2017.08.14 02:36:36.095,1.42399,1.42415,1.00,2.12
2017.08.14 02:36:36.147,1.42399,1.42415,1.38,1.00
2017.08.14 02:36:36.504,1.42399,1.42415,1.00,1.00
2017.08.14 02:36:36.555,1.42399,1.42415,1.44,2.50
2017.08.14 02:36:36.829,1.42398,1.42415,1.69,4.19
2017.08.14 02:36:36.881,1.42398,1.42414,2.06,1.00
2017.08.14 02:36:36.984,1.42398,1.42413,1.13,1.00
2017.08.14 02:36:37.036,1.42396,1.42413,1.31,1.00
2017.08.14 02:36:37.139,1.42396,1.42411,1.12,1.00
2017.08.14 02:36:37.445,1.42398,1.42411,1.44,1.00
2017.08.14 02:36:37.752,1.42406,1.42414,1.12,1.50
2017.08.14 02:36:37.943,1.42407,1.42421,2.44,1.00
2017.08.14 02:36:38.148,1.42407,1.42421,2.63,1.00
2017.08.14 02:36:38.455,1.42408,1.42421,1.13,1.00
2017.08.14 02:36:38.559,1.42407,1.42421,2.25,1.00
2017.08.14 02:36:38.661,1.42408,1.42421,1.13,1.00
2017.08.14 02:36:38.764,1.42407,1.42421,2.06,1.00
2017.08.14 02:36:38.866,1.42408,1.42421,1.13,1.00
2017.08.14 02:36:39.122,1.42407,1.42421,2.06,1.00
2017.08.14 02:36:39.326,1.42408,1.42421,1.13,1.00
2017.08.14 02:36:39.561,1.42407,1.42421,2.06,1.00
2017.08.14 02:36:40.071,1.42408,1.42421,1.19,1.00
2017.08.14 02:36:40.333,1.42409,1.42421,1.13,1.00
2017.08.14 02:36:40.384,1.42409,1.42423,1.13,1.00
2017.08.14 02:36:40.690,1.42409,1.42423,1.00,1.00
2017.08.14 02:36:40.792,1.42409,1.42423,1.13,1.00
2017.08.14 02:36:40.945,1.42408,1.42423,1.81,1.00
2017.08.14 02:36:40.997,1.42408,1.42423,1.44,1.00
2017.08.14 02:36:41.549,1.42408,1.42423,1.13,1.00
2017.08.14 02:36:41.652,1.42407,1.42423,2.44,2.13
2017.08.14 02:36:41.805,1.42408,1.42423,1.13,2.13
2017.08.14 02:36:42.059,1.42407,1.42423,2.02,1.00
2017.08.14 02:36:42.314,1.42408,1.42423,1.08,1.00
2017.08.14 02:36:42.416,1.42407,1.42423,2.02,1.00
2017.08.14 02:36:42.468,1.42408,1.42423,1.08,1.00
2017.08.14 02:36:42.570,1.42407,1.42423,1.45,1.00
2017.08.14 02:36:43.334,1.42408,1.42423,1.10,2.13
2017.08.14 02:36:43.588,1.42407,1.42423,2.42,2.13
2017.08.14 02:36:44.149,1.42407,1.42423,2.42,2.13
2017.08.14 02:36:44.672,1.42407,1.42423,1.48,1.00
2017.08.14 02:36:45.286,1.42408,1.42423,1.67,1.00
2017.08.14 02:36:45.693,1.42408,1.42423,1.10,1.00
2017.08.14 02:36:46.208,1.42408,1.42423,1.67,1.00
2017.08.14 02:36:46.750,1.42408,1.42423,1.10,1.00
2017.08.14 02:36:47.261,1.42408,1.42423,1.25,1.00
2017.08.14 02:36:47.774,1.42408,1.42423,1.12,1.00
2017.08.14 02:36:48.385,1.42409,1.42423,1.00,1.00
2017.08.14 02:36:48.910,1.42408,1.42423,1.69,1.00
2017.08.14 02:36:49.538,1.42408,1.42423,1.25,1.00
2017.08.14 02:36:49.794,1.42404,1.42421,2.44,1.88
2017.08.14 02:36:49.998,1.42406,1.42421,1.31,2.12
2017.08.14 02:36:50.254,1.42406,1.42421,1.31,1.00
2017.08.14 02:36:50.305,1.42406,1.42421,1.88,1.00
2017.08.14 02:36:50.562,1.42406,1.42421,1.25,1.00
2017.08.14 02:36:50.665,1.42404,1.42421,1.50,2.13
2017.08.14 02:36:51.267,1.42403,1.42419,1.50,1.12
2017.08.14 02:36:51.777,1.42403,1.42419,1.38,3.25
2017.08.14 02:36:51.930,1.42404,1.42419,1.00,2.69
2017.08.14 02:36:52.084,1.42402,1.42419,1.37,1.25
2017.08.14 02:36:52.237,1.42399,1.42416,1.62,1.13
2017.08.14 02:36:52.288,1.424,1.42416,1.12,1.00
2017.08.14 02:36:52.340,1.424,1.42416,1.19,1.00
2017.08.14 02:36:52.391,1.42401,1.42416,1.31,1.00
2017.08.14 02:36:52.493,1.42401,1.42416,1.00,1.00
2017.08.14 02:36:53.003,1.42401,1.42416,1.31,2.13
2017.08.14 02:36:53.504,1.42401,1.42416,1.12,1.00
2017.08.14 02:36:53.555,1.42404,1.42416,1.00,1.00
2017.08.14 02:36:53.608,1.42404,1.42416,1.31,1.00
2017.08.14 02:36:53.763,1.42406,1.42418,1.25,1.00
2017.08.14 02:36:53.865,1.42405,1.42418,1.13,1.00
2017.08.14 02:36:54.375,1.42404,1.42418,2.44,1.00
2017.08.14 02:36:54.786,1.42403,1.42418,1.69,1.00
2017.08.14 02:36:54.939,1.42404,1.42418,1.13,1.00
2017.08.14 02:36:55.244,1.42403,1.42418,2.06,1.00
2017.08.14 02:36:56.023,1.42404,1.42418,1.44,1.00
2017.08.14 02:36:56.533,1.42403,1.42418,2.44,1.00
2017.08.14 02:36:56.686,1.42404,1.42418,1.25,1.00
2017.08.14 02:36:57.197,1.42404,1.42418,1.31,1.00
2017.08.14 02:36:57.707,1.42404,1.42418,1.00,1.00
2017.08.14 02:36:58.316,1.42404,1.42418,1.00,1.00
2017.08.14 02:36:58.906,1.42404,1.42418,1.50,1.00
2017.08.14 02:36:59.163,1.42404,1.42418,1.00,1.00
2017.08.14 02:36:59.672,1.42404,1.42418,1.00,1.00
2017.08.14 02:37:00.184,1.42403,1.42418,1.13,1.00
2017.08.14 02:37:00.491,1.42399,1.42416,1.69,3.81
2017.08.14 02:37:00.799,1.42397,1.42414,1.38,1.00
2017.08.14 02:37:01.157,1.42397,1.42414,2.00,2.12
2017.08.14 02:37:01.277,1.42398,1.42414,1.63,1.00
2017.08.14 02:37:01.328,1.42397,1.42413,1.81,1.50
2017.08.14 02:37:01.379,1.42396,1.42412,1.31,1.00
2017.08.14 02:37:01.893,1.42397,1.42412,1.13,1.00
2017.08.14 02:37:02.149,1.42397,1.42412,1.38,1.00
2017.08.14 02:37:02.251,1.42396,1.42412,1.81,1.00
2017.08.14 02:37:02.455,1.42395,1.42412,1.12,1.00
2017.08.14 02:37:02.761,1.42397,1.42412,1.44,1.00
2017.08.14 02:37:02.812,1.42397,1.42412,1.44,1.00
2017.08.14 02:37:03.016,1.42397,1.42412,1.44,1.00
2017.08.14 02:37:03.551,1.42395,1.42412,1.12,2.13
2017.08.14 02:37:03.755,1.42397,1.42412,1.00,1.00
2017.08.14 02:37:03.807,1.42398,1.42412,1.19,1.00
2017.08.14 02:37:03.960,1.42399,1.42412,2.07,1.00
2017.08.14 02:37:04.063,1.42398,1.42412,1.57,1.00
2017.08.14 02:37:04.318,1.42396,1.42412,1.81,1.00
2017.08.14 02:37:04.828,1.42397,1.42412,1.63,1.00
2017.08.14 02:37:05.390,1.42397,1.42412,1.13,1.00
2017.08.14 02:37:05.696,1.42397,1.42412,1.13,1.00
2017.08.14 02:37:06.003,1.42397,1.42412,1.13,1.00
2017.08.14 02:37:06.309,1.42397,1.42412,1.70,1.00
2017.08.14 02:37:06.462,1.42397,1.42412,1.26,1.00
2017.08.14 02:37:06.768,1.42399,1.42412,1.75,1.00
2017.08.14 02:37:06.871,1.42399,1.42412,3.00,1.00
2017.08.14 02:37:07.381,1.42398,1.42412,2.81,1.00
2017.08.14 02:37:07.543,1.424,1.42412,1.37,1.00
2017.08.14 02:37:08.206,1.424,1.42412,1.37,1.00
2017.08.14 02:37:08.716,1.42399,1.42412,2.00,1.00
2017.08.14 02:37:08.870,1.424,1.42412,1.13,1.00
2017.08.14 02:37:08.922,1.42398,1.42412,3.94,1.00
2017.08.14 02:37:09.177,1.42398,1.42412,2.63,1.00
2017.08.14 02:37:09.482,1.42399,1.42412,1.26,1.00
2017.08.14 02:37:10.030,1.42398,1.42412,2.06,1.00
2017.08.14 02:37:10.132,1.42398,1.42412,2.06,1.00
2017.08.14 02:37:10.489,1.42398,1.42412,1.69,1.00
2017.08.14 02:37:10.642,1.42398,1.42412,2.06,1.00
2017.08.14 02:37:11.151,1.42398,1.42412,1.69,1.00
2017.08.14 02:37:11.304,1.42399,1.42412,1.88,1.00
2017.08.14 02:37:11.355,1.42398,1.42412,1.87,1.00
2017.08.14 02:37:11.864,1.42398,1.42412,2.44,1.00
2017.08.14 02:37:11.915,1.42398,1.42412,2.06,1.00
2017.08.14 02:37:12.424,1.42398,1.42412,1.50,1.00
2017.08.14 02:37:12.919,1.42399,1.42412,1.44,1.00
2017.08.14 02:37:12.971,1.42398,1.42412,2.25,1.00
2017.08.14 02:37:13.665,1.42398,1.42412,1.69,1.00
2017.08.14 02:37:14.226,1.42399,1.42412,1.88,1.00
2017.08.14 02:37:14.379,1.42399,1.42412,1.12,1.00
2017.08.14 02:37:14.890,1.42399,1.42412,1.44,1.00
2017.08.14 02:37:15.044,1.42399,1.42412,1.25,1.00
2017.08.14 02:37:15.198,1.42398,1.42412,2.19,1.00
2017.08.14 02:37:15.252,1.42399,1.42413,1.50,1.00
2017.08.14 02:37:15.408,1.424,1.42413,1.87,1.00
2017.08.14 02:37:15.563,1.424,1.42413,1.56,1.00
2017.08.14 02:37:15.921,1.42399,1.42413,3.00,1.00
2017.08.14 02:37:16.023,1.42399,1.42413,2.06,1.00
2017.08.14 02:37:16.537,1.42399,1.42413,2.63,1.00
2017.08.14 02:37:16.997,1.42399,1.42413,2.07,1.00
2017.08.14 02:37:17.157,1.42399,1.42413,2.07,1.00
2017.08.14 02:37:17.514,1.42399,1.42413,1.88,1.00
2017.08.14 02:37:17.566,1.42399,1.42413,2.63,1.00
2017.08.14 02:37:17.771,1.42399,1.42413,1.26,1.00
2017.08.14 02:37:18.028,1.42399,1.42413,1.64,1.00
2017.08.14 02:37:18.081,1.42398,1.42413,2.45,1.00
2017.08.14 02:37:18.184,1.42398,1.42413,1.87,1.00
2017.08.14 02:37:18.390,1.42399,1.42413,1.19,1.00
2017.08.14 02:37:18.441,1.42399,1.42413,1.00,1.00
2017.08.14 02:37:18.799,1.42399,1.42413,1.31,1.00
2017.08.14 02:37:18.850,1.42399,1.42413,1.00,1.00
2017.08.14 02:37:18.975,1.42399,1.42413,1.81,1.00
2017.08.14 02:37:19.283,1.42403,1.42413,1.13,1.00
2017.08.14 02:37:19.792,1.42401,1.42413,1.50,1.00
2017.08.14 02:37:20.125,1.42399,1.42413,2.26,1.00
2017.08.14 02:37:20.176,1.42401,1.42413,1.38,1.00
2017.08.14 02:37:20.433,1.42399,1.42413,2.07,1.00
2017.08.14 02:37:20.743,1.424,1.42413,1.64,1.00
2017.08.14 02:37:21.281,1.42399,1.42413,2.07,1.00
2017.08.14 02:37:21.332,1.42401,1.42413,1.38,1.00
2017.08.14 02:37:21.584,1.42399,1.42413,2.07,1.00
2017.08.14 02:37:21.788,1.42401,1.42413,1.38,1.00
2017.08.14 02:37:21.941,1.42402,1.42413,1.70,1.00
2017.08.14 02:37:22.095,1.42402,1.42413,2.07,1.00
2017.08.14 02:37:22.604,1.42402,1.42413,1.00,1.00
2017.08.14 02:37:23.113,1.42401,1.42413,1.50,1.00
2017.08.14 02:37:23.317,1.42401,1.42413,1.13,1.00
2017.08.14 02:37:23.419,1.42401,1.42413,1.13,1.00
2017.08.14 02:37:23.666,1.424,1.42413,2.07,1.00
2017.08.14 02:37:24.175,1.42401,1.42413,1.13,1.00
2017.08.14 02:37:24.699,1.42401,1.42413,1.13,1.00
2017.08.14 02:37:25.057,1.42398,1.42413,2.44,1.00
2017.08.14 02:37:25.160,1.42399,1.42413,1.13,1.00
2017.08.14 02:37:25.467,1.42402,1.42414,1.63,1.00
2017.08.14 02:37:25.570,1.42402,1.42414,1.19,1.00
2017.08.14 02:37:25.803,1.424,1.42414,1.94,1.00
2017.08.14 02:37:26.110,1.42401,1.42414,1.00,1.00
2017.08.14 02:37:26.264,1.424,1.42414,1.75,1.00
2017.08.14 02:37:26.519,1.424,1.42414,1.31,1.00
2017.08.14 02:37:26.774,1.424,1.42414,1.13,1.00
2017.08.14 02:37:27.293,1.42401,1.42414,1.50,1.00
2017.08.14 02:37:27.650,1.42402,1.42418,1.00,1.88
2017.08.14 02:37:28.159,1.42401,1.42418,1.31,2.13
2017.08.14 02:37:28.764,1.42401,1.42418,2.25,1.13
2017.08.14 02:37:29.341,1.42402,1.42418,1.38,2.06
2017.08.14 02:37:29.851,1.42401,1.42418,1.50,1.88
2017.08.14 02:37:30.359,1.42402,1.42418,1.44,1.88
2017.08.14 02:37:30.880,1.42402,1.42418,1.00,1.50
2017.08.14 02:37:30.932,1.42406,1.42418,2.19,1.00
2017.08.14 02:37:31.035,1.42407,1.4242,1.13,1.00
2017.08.14 02:37:31.139,1.42408,1.4242,2.06,1.00
2017.08.14 02:37:31.190,1.42409,1.42423,1.69,1.00
2017.08.14 02:37:31.923,1.42408,1.42423,1.56,1.00
2017.08.14 02:37:32.026,1.42408,1.42423,1.31,1.00
2017.08.14 02:37:32.275,1.42408,1.42423,2.06,1.00
2017.08.14 02:37:32.326,1.42407,1.42423,2.00,1.00
2017.08.14 02:37:32.530,1.42408,1.42423,1.31,1.00
2017.08.14 02:37:32.835,1.42409,1.42423,1.63,1.00
2017.08.14 02:37:32.938,1.42409,1.42424,1.69,1.00
2017.08.14 02:37:34.092,1.42408,1.42424,1.56,1.00
2017.08.14 02:37:34.982,1.42408,1.42424,1.88,1.00
2017.08.14 02:37:35.599,1.42408,1.42424,2.63,1.00
2017.08.14 02:37:36.332,1.42408,1.42424,1.88,1.00
2017.08.14 02:37:36.936,1.42408,1.42424,2.06,1.00
2017.08.14 02:37:36.987,1.42408,1.42424,2.63,1.00
2017.08.14 02:37:37.534,1.42409,1.42424,1.63,1.00
2017.08.14 02:37:38.721,1.42408,1.42424,2.63,1.00
2017.08.14 02:37:39.884,1.42408,1.42424,1.56,1.00
2017.08.14 02:37:40.506,1.42408,1.42424,1.81,1.00
2017.08.14 02:37:40.869,1.42409,1.42424,1.56,1.00
2017.08.14 02:37:41.074,1.42411,1.42427,1.69,1.50
2017.08.14 02:37:41.431,1.42413,1.42427,1.00,1.00
2017.08.14 02:37:41.585,1.42412,1.42427,2.19,1.00
2017.08.14 02:37:42.104,1.42412,1.42427,2.63,1.00
2017.08.14 02:37:42.593,1.42411,1.42427,1.63,1.00
2017.08.14 02:37:42.748,1.42408,1.42427,2.62,1.00
2017.08.14 02:37:42.903,1.42408,1.42426,1.87,1.12
2017.08.14 02:37:43.058,1.42408,1.42425,1.44,1.00
2017.08.14 02:37:43.316,1.42406,1.42424,1.44,1.31
2017.08.14 02:37:43.418,1.42406,1.42424,1.13,2.69
2017.08.14 02:37:43.571,1.42405,1.42424,1.56,2.31
2017.08.14 02:37:43.725,1.42406,1.42424,1.38,2.69
2017.08.14 02:37:44.271,1.42406,1.42424,1.44,2.31
2017.08.14 02:37:44.809,1.42405,1.42424,1.31,3.06
2017.08.14 02:37:45.443,1.42405,1.42422,1.31,1.50
2017.08.14 02:37:45.698,1.42405,1.42421,1.56,1.50
2017.08.14 02:37:45.800,1.42406,1.42421,1.50,2.13
2017.08.14 02:37:46.262,1.42406,1.42421,1.00,1.00
2017.08.14 02:37:46.314,1.42404,1.4242,3.00,2.13
2017.08.14 02:37:46.546,1.42406,1.4242,1.13,1.00
2017.08.14 02:37:46.803,1.42404,1.4242,1.56,1.00
2017.08.14 02:37:46.906,1.42406,1.4242,1.38,1.00
2017.08.14 02:37:47.420,1.42406,1.4242,1.13,1.00
2017.08.14 02:37:47.624,1.42406,1.4242,1.44,1.00
2017.08.14 02:37:47.944,1.42406,1.4242,1.38,1.00
2017.08.14 02:37:48.198,1.42404,1.4242,1.69,1.00
2017.08.14 02:37:48.454,1.42405,1.4242,1.13,1.00
2017.08.14 02:37:48.714,1.42404,1.4242,1.50,1.00
2017.08.14 02:37:48.889,1.42404,1.4242,2.25,1.00
2017.08.14 02:37:48.942,1.42406,1.4242,1.13,1.00
2017.08.14 02:37:49.252,1.42406,1.4242,1.13,1.00
2017.08.14 02:37:49.608,1.42406,1.4242,1.13,1.00
2017.08.14 02:37:49.659,1.42406,1.4242,1.44,1.00
2017.08.14 02:37:49.711,1.42406,1.4242,1.13,1.00
2017.08.14 02:37:49.965,1.42406,1.4242,1.13,1.00
2017.08.14 02:37:50.423,1.42406,1.4242,1.13,1.00
2017.08.14 02:37:50.576,1.42406,1.4242,1.44,1.00
2017.08.14 02:37:50.832,1.42406,1.4242,1.13,1.00
2017.08.14 02:37:51.040,1.42406,1.4242,1.44,1.00
2017.08.14 02:37:51.470,1.42406,1.4242,1.13,1.00
2017.08.14 02:37:51.572,1.42406,1.4242,1.44,1.00
2017.08.14 02:37:51.762,1.42406,1.4242,1.13,1.00
2017.08.14 02:37:52.273,1.42406,1.4242,1.13,1.00
2017.08.14 02:37:52.989,1.42406,1.4242,1.13,1.00
2017.08.14 02:37:53.828,1.42406,1.4242,1.13,1.00
2017.08.14 02:37:54.577,1.42406,1.4242,1.44,1.00
2017.08.14 02:37:54.730,1.42406,1.4242,1.13,1.00
2017.08.14 02:37:55.137,1.42406,1.4242,1.44,1.00
2017.08.14 02:37:55.401,1.42406,1.4242,1.13,1.00
2017.08.14 02:37:55.690,1.42406,1.4242,1.38,1.00
2017.08.14 02:37:55.741,1.42406,1.4242,1.13,1.00
2017.08.14 02:37:56.147,1.42406,1.4242,1.44,1.00
2017.08.14 02:37:56.198,1.42406,1.4242,1.88,1.00
2017.08.14 02:37:56.249,1.42406,1.4242,1.88,1.00
2017.08.14 02:37:56.813,1.42406,1.4242,1.13,1.00
2017.08.14 02:37:56.966,1.42405,1.4242,1.81,1.00
2017.08.14 02:37:57.428,1.42407,1.4242,2.19,1.00
2017.08.14 02:37:57.633,1.42406,1.4242,1.00,1.00
2017.08.14 02:37:57.685,1.42405,1.4242,1.87,1.00
2017.08.14 02:37:58.079,1.42406,1.42421,1.31,1.00
2017.08.14 02:37:58.130,1.42408,1.42421,1.50,1.00
2017.08.14 02:37:58.285,1.4241,1.42421,1.31,1.00
2017.08.14 02:37:58.387,1.42408,1.42421,1.56,1.00
2017.08.14 02:37:58.948,1.42408,1.42421,1.81,1.00
2017.08.14 02:37:59.505,1.42408,1.42421,1.12,1.00
2017.08.14 02:38:00.015,1.4241,1.42421,1.00,1.00
2017.08.14 02:38:00.628,1.42408,1.42421,2.00,1.00
2017.08.14 02:38:05.572,1.42408,1.42421,1.37,1.00
2017.08.14 02:38:08.175,1.42409,1.42421,1.13,1.00
2017.08.14 02:38:11.493,1.42408,1.42421,1.50,1.00
2017.08.14 02:38:12.734,1.42408,1.42421,1.88,1.00
2017.08.14 02:38:13.280,1.4241,1.42421,1.00,1.00
2017.08.14 02:38:16.963,1.4241,1.42422,1.00,1.00
2017.08.14 02:38:17.467,1.42408,1.42423,1.62,1.00
2017.08.14 02:38:17.978,1.42408,1.42425,1.88,2.63
2017.08.14 02:38:18.163,1.42408,1.42425,1.75,3.81
2017.08.14 02:38:18.673,1.42408,1.42425,1.75,2.88
2017.08.14 02:38:19.180,1.42409,1.42425,1.13,3.81
2017.08.14 02:38:19.998,1.42408,1.42425,1.50,3.81
2017.08.14 02:38:26.484,1.42409,1.42425,1.13,2.87
2017.08.14 02:38:26.992,1.4241,1.42425,1.00,2.12
2017.08.14 02:38:27.643,1.42408,1.42425,1.75,3.62
2017.08.14 02:38:28.152,1.42408,1.42425,1.75,1.00
2017.08.14 02:38:28.675,1.42408,1.42425,1.75,1.00
2017.08.14 02:38:29.195,1.4241,1.42425,1.00,2.12
2017.08.14 02:38:29.501,1.42417,1.42426,1.00,1.00
2017.08.14 02:38:29.553,1.42417,1.42428,1.25,1.00
2017.08.14 02:38:30.079,1.42417,1.42429,1.00,1.00
2017.08.14 02:38:30.792,1.42415,1.42429,2.62,1.00
2017.08.14 02:38:31.302,1.42415,1.42429,2.44,1.00
2017.08.14 02:38:32.133,1.42415,1.42429,2.44,1.00
2017.08.14 02:38:35.172,1.42415,1.42429,1.19,1.00
2017.08.14 02:38:35.523,1.42411,1.42428,2.00,3.06
2017.08.14 02:38:35.575,1.42408,1.42424,1.12,1.50
2017.08.14 02:38:35.627,1.42407,1.42424,1.00,2.69
2017.08.14 02:38:35.680,1.42404,1.42422,1.81,1.00
2017.08.14 02:38:35.991,1.42402,1.4242,1.31,1.00
2017.08.14 02:38:36.299,1.424,1.42417,2.81,1.00
2017.08.14 02:38:36.809,1.424,1.42416,3.00,1.00
2017.08.14 02:38:40.688,1.424,1.42415,1.62,1.00
2017.08.14 02:38:40.741,1.42399,1.42413,1.00,1.00
2017.08.14 02:38:40.844,1.42394,1.42413,3.19,2.31
2017.08.14 02:38:41.354,1.42394,1.42411,2.06,1.12
2017.08.14 02:38:42.377,1.42394,1.4241,2.00,1.00
2017.08.14 02:38:46.826,1.42393,1.4241,1.31,1.00
2017.08.14 02:38:47.339,1.42393,1.4241,2.00,1.00
2017.08.14 02:38:48.285,1.42395,1.4241,1.13,1.00
2017.08.14 02:38:48.795,1.42393,1.4241,3.19,1.00
2017.08.14 02:38:49.102,1.42394,1.4241,1.12,1.00
2017.08.14 02:38:49.650,1.42394,1.4241,1.12,1.00
2017.08.14 02:38:50.169,1.42394,1.4241,1.12,1.00
2017.08.14 02:38:50.750,1.42394,1.4241,1.31,1.00
2017.08.14 02:38:50.802,1.42394,1.4241,1.31,1.00
2017.08.14 02:38:51.980,1.42392,1.4241,1.62,1.00
2017.08.14 02:38:52.337,1.42394,1.4241,1.38,1.00
2017.08.14 02:38:52.439,1.42393,1.4241,1.13,1.00
2017.08.14 02:38:55.537,1.42394,1.42409,1.00,1.00
2017.08.14 02:38:56.044,1.42392,1.42409,1.12,1.00
2017.08.14 02:38:56.555,1.42392,1.42409,1.30,1.00
2017.08.14 02:38:57.013,1.42392,1.42409,2.24,1.00
2017.08.14 02:38:58.281,1.42393,1.42409,1.60,1.00
2017.08.14 02:38:59.032,1.42393,1.42409,1.37,1.00
2017.08.14 02:39:01.201,1.42394,1.42409,1.38,1.00
2017.08.14 02:39:01.252,1.42393,1.42409,1.50,1.00
2017.08.14 02:39:01.611,1.42393,1.42409,1.69,1.00
2017.08.14 02:39:02.173,1.42397,1.42412,1.00,2.06
2017.08.14 02:39:02.637,1.42397,1.42412,1.00,4.69
2017.08.14 02:39:02.843,1.42386,1.42403,1.00,2.44
2017.08.14 02:39:03.371,1.42386,1.42401,1.00,1.12
2017.08.14 02:39:03.887,1.42386,1.42401,1.00,3.87
2017.08.14 02:39:04.221,1.4238,1.42401,4.31,4.43
2017.08.14 02:39:04.273,1.42387,1.42401,1.00,4.43
2017.08.14 02:39:06.577,1.42393,1.42404,1.00,3.56
2017.08.14 02:39:06.630,1.42389,1.42404,2.25,2.25
2017.08.14 02:39:06.681,1.42394,1.42405,1.00,1.37
2017.08.14 02:39:06.734,1.42394,1.42406,1.00,1.31
2017.08.14 02:39:07.280,1.42394,1.42406,1.00,1.50
2017.08.14 02:39:07.791,1.42394,1.42406,1.00,1.31
2017.08.14 02:39:08.253,1.42392,1.42406,1.00,1.31
2017.08.14 02:39:08.561,1.42394,1.42406,1.00,1.44
2017.08.14 02:39:09.164,1.42396,1.42408,1.00,1.50
2017.08.14 02:39:09.677,1.42395,1.42411,1.00,1.50
2017.08.14 02:39:10.034,1.42397,1.42411,1.00,1.50
2017.08.14 02:39:11.505,1.42397,1.42411,1.00,1.56
2017.08.14 02:39:15.692,1.42398,1.42411,1.00,1.31
2017.08.14 02:39:18.830,1.42395,1.42411,1.00,1.94
2017.08.14 02:39:20.526,1.42394,1.42411,1.00,3.19
2017.08.14 02:39:21.273,1.42396,1.42411,1.00,3.19
2017.08.14 02:39:21.431,1.42394,1.42411,1.00,5.06
2017.08.14 02:39:21.686,1.42395,1.4241,1.00,1.12
2017.08.14 02:39:21.738,1.42395,1.4241,1.00,3.75
2017.08.14 02:39:22.247,1.42395,1.4241,1.00,3.56
2017.08.14 02:39:22.773,1.42395,1.4241,1.00,2.44
2017.08.14 02:39:23.334,1.42395,1.4241,1.00,2.81
2017.08.14 02:39:23.959,1.42395,1.4241,1.00,3.00
2017.08.14 02:39:24.207,1.42394,1.4241,1.00,3.75
2017.08.14 02:39:24.516,1.42389,1.424,1.00,1.13
2017.08.14 02:39:24.568,1.42387,1.424,1.00,1.25
2017.08.14 02:39:25.092,1.42387,1.42401,1.00,3.37
2017.08.14 02:39:25.617,1.42387,1.42401,1.00,3.19
2017.08.14 02:39:26.178,1.42387,1.42401,1.00,3.19
2017.08.14 02:39:26.447,1.42383,1.424,1.37,1.12
2017.08.14 02:39:26.759,1.42382,1.424,1.00,1.00
2017.08.14 02:39:28.316,1.42381,1.42398,1.00,2.06
2017.08.14 02:39:28.825,1.4238,1.42398,2.81,3.62
2017.08.14 02:39:29.345,1.4238,1.42398,2.44,3.44
2017.08.14 02:39:29.447,1.4238,1.42398,4.31,2.87
2017.08.14 02:39:33.796,1.4238,1.42398,1.50,3.44
2017.08.14 02:39:34.639,1.4238,1.42396,1.12,1.50
2017.08.14 02:39:35.152,1.42378,1.42396,1.50,2.50
2017.08.14 02:39:35.681,1.42379,1.42396,1.12,2.50
2017.08.14 02:39:36.248,1.42379,1.42396,1.12,2.50
2017.08.14 02:39:36.834,1.42378,1.42396,1.62,1.25
2017.08.14 02:39:37.089,1.42379,1.42396,1.31,2.12
2017.08.14 02:39:37.141,1.42378,1.42396,1.37,1.31
2017.08.14 02:39:37.295,1.42377,1.42395,2.06,1.87
2017.08.14 02:39:37.777,1.42379,1.42395,1.00,1.12
2017.08.14 02:39:37.828,1.4238,1.42396,1.13,1.37
2017.08.14 02:39:38.034,1.42385,1.42397,1.00,1.25
2017.08.14 02:39:38.544,1.42389,1.42398,1.00,1.50
2017.08.14 02:39:39.105,1.42389,1.42398,1.00,1.50
2017.08.14 02:39:39.614,1.42388,1.424,1.00,2.81
2017.08.14 02:39:40.125,1.42389,1.424,1.00,2.81
2017.08.14 02:39:41.023,1.42388,1.424,1.00,2.06
2017.08.14 02:39:43.123,1.42389,1.42401,1.00,2.81
2017.08.14 02:39:43.447,1.42389,1.42401,1.00,1.62
2017.08.14 02:39:43.498,1.42391,1.42401,1.00,1.81
2017.08.14 02:39:43.806,1.42391,1.42402,1.00,1.50
2017.08.14 02:39:44.215,1.4239,1.42401,1.00,2.25
2017.08.14 02:39:44.267,1.42386,1.424,1.00,4.69
2017.08.14 02:39:44.370,1.42382,1.42396,1.00,1.13
2017.08.14 02:39:44.901,1.42382,1.42396,1.00,2.44
2017.08.14 02:39:45.534,1.42384,1.42396,1.00,2.44
2017.08.14 02:39:47.488,1.42379,1.42395,1.50,1.50
2017.08.14 02:39:48.850,1.4238,1.42395,1.12,2.56
2017.08.14 02:39:50.058,1.42379,1.42395,1.50,1.00
2017.08.14 02:39:50.567,1.42379,1.42395,1.00,2.31
2017.08.14 02:39:51.262,1.4238,1.42395,1.00,2.37
2017.08.14 02:39:51.614,1.42378,1.42395,1.69,2.56
2017.08.14 02:39:52.474,1.4238,1.42395,1.00,2.56
2017.08.14 02:39:52.733,1.42378,1.42395,1.50,2.37
2017.08.14 02:39:56.521,1.42379,1.42396,1.75,1.69
2017.08.14 02:39:56.674,1.42383,1.42399,1.00,2.81
2017.08.14 02:39:57.221,1.42384,1.424,1.50,1.50
2017.08.14 02:39:57.748,1.42384,1.424,1.50,1.69
2017.08.14 02:39:58.257,1.42384,1.424,1.50,3.12
2017.08.14 02:39:58.563,1.42383,1.42399,1.00,1.87
2017.08.14 02:39:59.519,1.42383,1.42399,1.00,3.25
2017.08.14 02:40:00.028,1.42384,1.42399,1.12,1.00
2017.08.14 02:40:00.538,1.42384,1.424,1.12,1.62
2017.08.14 02:40:04.327,1.42385,1.424,1.00,2.50
2017.08.14 02:40:04.838,1.42385,1.42399,1.00,1.12
2017.08.14 02:40:06.586,1.42384,1.42399,1.00,2.06
2017.08.14 02:40:13.709,1.42382,1.42399,1.13,2.81
2017.08.14 02:40:14.167,1.42384,1.42399,1.00,1.94
2017.08.14 02:40:14.788,1.42384,1.42399,1.00,2.19
2017.08.14 02:40:15.298,1.42384,1.42399,1.00,3.81
2017.08.14 02:40:15.474,1.4238,1.42399,2.63,2.99
2017.08.14 02:40:15.823,1.42381,1.42399,1.44,2.81
2017.08.14 02:40:15.997,1.4238,1.42399,2.63,2.99
2017.08.14 02:40:16.153,1.42381,1.42399,1.44,2.81
2017.08.14 02:40:16.673,1.42381,1.42399,1.38,2.81
2017.08.14 02:40:17.283,1.4238,1.42399,2.25,2.43
2017.08.14 02:40:17.811,1.4238,1.42399,2.81,2.81
2017.08.14 02:40:18.361,1.42381,1.42399,1.00,2.81
2017.08.14 02:40:18.772,1.4238,1.42399,3.56,2.81
2017.08.14 02:40:18.874,1.4238,1.42399,2.81,2.81
2017.08.14 02:40:19.393,1.4238,1.42399,2.81,2.81
2017.08.14 02:40:19.912,1.4238,1.42399,2.25,2.43
2017.08.14 02:40:20.932,1.4238,1.42399,2.25,2.43
2017.08.14 02:40:21.507,1.4238,1.42399,2.81,2.81
2017.08.14 02:40:22.482,1.4238,1.42399,2.25,2.43
2017.08.14 02:40:22.824,1.42381,1.42399,1.31,2.24
2017.08.14 02:40:27.622,1.42382,1.42399,2.44,2.31
2017.08.14 02:40:27.775,1.42383,1.42399,1.00,2.12
2017.08.14 02:40:27.878,1.42382,1.42399,2.44,2.31
2017.08.14 02:40:27.980,1.42382,1.42399,1.69,2.12
2017.08.14 02:40:28.185,1.42378,1.42395,1.31,1.13
2017.08.14 02:40:28.699,1.42376,1.42395,1.31,2.50
2017.08.14 02:40:29.476,1.42376,1.42395,1.87,2.69
2017.08.14 02:40:30.020,1.42376,1.42395,1.31,3.06
2017.08.14 02:40:30.752,1.42376,1.42395,1.87,4.37
2017.08.14 02:40:31.406,1.42376,1.42395,1.31,3.44
2017.08.14 02:40:31.920,1.42376,1.42395,1.87,3.62
2017.08.14 02:40:32.856,1.42376,1.42395,1.31,3.44
2017.08.14 02:40:33.664,1.42376,1.42395,1.87,3.62
2017.08.14 02:40:34.171,1.42376,1.42395,1.31,3.44
2017.08.14 02:40:34.422,1.42374,1.42392,1.50,2.12
2017.08.14 02:40:34.576,1.42372,1.42388,1.44,1.31
2017.08.14 02:40:34.628,1.42373,1.42388,1.13,1.00
2017.08.14 02:40:34.680,1.42372,1.42388,1.62,1.00
2017.08.14 02:40:34.731,1.42373,1.42388,3.38,1.00
2017.08.14 02:40:34.834,1.42374,1.42389,1.56,1.00
2017.08.14 02:40:34.885,1.42374,1.42389,1.50,1.00
2017.08.14 02:40:35.023,1.42373,1.42389,1.31,1.00
2017.08.14 02:40:35.075,1.42373,1.42389,4.87,1.00
2017.08.14 02:40:35.126,1.42373,1.42389,1.69,1.00
2017.08.14 02:40:35.178,1.42374,1.42389,1.87,1.00
2017.08.14 02:40:35.281,1.42373,1.42389,1.00,1.00
2017.08.14 02:40:35.332,1.42372,1.42389,2.00,1.00
2017.08.14 02:40:35.384,1.42372,1.42389,1.44,1.00
2017.08.14 02:40:35.921,1.42372,1.42389,1.44,1.00
2017.08.14 02:40:35.972,1.42371,1.42389,2.25,1.00
2017.08.14 02:40:36.634,1.42372,1.42389,1.44,1.00
2017.08.14 02:40:37.146,1.42371,1.42389,2.25,1.00
2017.08.14 02:40:37.870,1.42372,1.42389,1.44,1.00
2017.08.14 02:40:38.472,1.42371,1.42389,2.25,1.00
2017.08.14 02:40:38.872,1.42371,1.42389,2.25,1.00
2017.08.14 02:40:39.433,1.42372,1.42389,1.44,1.00
2017.08.14 02:40:40.421,1.42371,1.42389,2.25,1.00
2017.08.14 02:40:40.952,1.42372,1.42389,1.44,1.00
2017.08.14 02:40:41.616,1.42371,1.42389,2.25,1.00
2017.08.14 02:40:42.126,1.42372,1.42389,1.44,1.00
2017.08.14 02:40:42.677,1.42371,1.42389,2.25,1.00
2017.08.14 02:40:45.398,1.42371,1.42389,1.81,1.00
2017.08.14 02:40:46.745,1.42372,1.42389,1.44,1.00
2017.08.14 02:40:47.280,1.4237,1.42389,2.81,1.00
2017.08.14 02:40:48.610,1.42372,1.42389,1.44,1.00
2017.08.14 02:40:49.120,1.42371,1.42389,1.81,1.00
2017.08.14 02:40:49.628,1.42372,1.42389,1.31,1.00
2017.08.14 02:40:49.885,1.42372,1.42389,2.06,1.00
2017.08.14 02:40:50.089,1.42372,1.42389,2.25,1.00
2017.08.14 02:40:50.657,1.42372,1.42389,1.37,1.00
2017.08.14 02:40:51.167,1.42371,1.42389,2.06,2.50
2017.08.14 02:40:51.269,1.42371,1.42389,1.87,2.50
2017.08.14 02:40:51.574,1.42371,1.42389,1.87,2.50
2017.08.14 02:40:52.084,1.42371,1.42389,1.31,3.44
2017.08.14 02:40:52.339,1.4237,1.42387,1.31,1.12
2017.08.14 02:40:52.878,1.42367,1.42386,2.25,4.75
2017.08.14 02:40:53.184,1.42368,1.42385,1.19,1.69
2017.08.14 02:40:53.390,1.42367,1.42385,2.25,2.50
2017.08.14 02:40:53.899,1.42367,1.42385,1.50,2.50
2017.08.14 02:40:54.560,1.42367,1.42385,2.00,2.69
2017.08.14 02:40:55.523,1.42368,1.42385,1.25,2.50
2017.08.14 02:40:56.072,1.42368,1.42385,1.69,2.50
2017.08.14 02:40:56.924,1.42368,1.42385,1.25,2.50
2017.08.14 02:40:57.382,1.42368,1.42385,1.38,2.50
2017.08.14 02:40:57.585,1.42368,1.42385,1.25,2.50
2017.08.14 02:40:58.144,1.42369,1.42385,1.19,1.00
2017.08.14 02:40:58.458,1.42371,1.42386,1.50,1.00
2017.08.14 02:40:58.715,1.42373,1.42389,1.88,1.00
2017.08.14 02:40:58.767,1.42374,1.42389,1.63,1.00
2017.08.14 02:40:59.280,1.42373,1.42389,2.25,1.00
2017.08.14 02:41:00.201,1.42373,1.42389,2.25,1.00
2017.08.14 02:41:00.719,1.42374,1.42389,1.13,1.00
2017.08.14 02:41:00.770,1.42374,1.42389,1.44,1.00
2017.08.14 02:41:01.285,1.42373,1.42389,1.88,1.00
2017.08.14 02:41:01.887,1.42373,1.42389,2.44,1.00
2017.08.14 02:41:02.396,1.42373,1.42389,2.44,1.00
2017.08.14 02:41:02.498,1.42374,1.42389,1.38,1.00
2017.08.14 02:41:02.723,1.42373,1.42389,1.69,1.00
2017.08.14 02:41:03.302,1.42374,1.42389,1.44,1.00
2017.08.14 02:41:03.825,1.42373,1.42389,2.63,1.00
2017.08.14 02:41:04.563,1.42374,1.42389,1.44,1.00
2017.08.14 02:41:05.223,1.42374,1.42389,1.00,1.00
2017.08.14 02:41:05.991,1.42374,1.42389,1.31,1.00
2017.08.14 02:41:06.550,1.42373,1.42389,1.69,1.00
2017.08.14 02:41:07.059,1.42373,1.42389,2.44,1.00
2017.08.14 02:41:07.572,1.42373,1.42389,1.88,1.00
2017.08.14 02:41:08.189,1.42373,1.42389,2.44,1.00
2017.08.14 02:41:08.732,1.42373,1.42389,1.87,1.00
2017.08.14 02:41:09.241,1.42372,1.42389,1.63,1.00
2017.08.14 02:41:09.394,1.4237,1.42387,1.12,2.44
2017.08.14 02:41:09.904,1.42369,1.42387,1.37,4.00
2017.08.14 02:41:10.465,1.42369,1.42387,1.44,3.62
2017.08.14 02:41:11.207,1.42369,1.42386,1.37,2.06
2017.08.14 02:41:11.719,1.42369,1.42386,1.50,1.00
2017.08.14 02:41:11.924,1.4237,1.42386,1.56,1.00
2017.08.14 02:41:12.434,1.4237,1.42386,1.69,1.00
2017.08.14 02:41:12.740,1.4237,1.42386,2.44,1.00
2017.08.14 02:41:13.071,1.4237,1.42386,1.13,1.00
2017.08.14 02:41:13.423,1.4237,1.42386,1.69,1.00
2017.08.14 02:41:13.684,1.4237,1.42386,1.25,1.00
2017.08.14 02:41:13.837,1.4237,1.42386,1.69,1.00
2017.08.14 02:41:14.194,1.4237,1.42386,1.25,1.00
2017.08.14 02:41:14.484,1.4237,1.42386,2.44,1.00
2017.08.14 02:41:14.536,1.4237,1.42386,1.88,1.00
2017.08.14 02:41:14.587,1.4237,1.42386,2.44,1.00
2017.08.14 02:41:14.689,1.4237,1.42386,1.69,1.00
2017.08.14 02:41:14.842,1.4237,1.42386,2.44,1.00
2017.08.14 02:41:15.351,1.4237,1.42386,2.25,1.00
2017.08.14 02:41:15.903,1.4237,1.42386,2.44,1.00
2017.08.14 02:41:16.313,1.4237,1.42386,1.13,1.00
2017.08.14 02:41:16.365,1.4237,1.42386,1.69,1.00
2017.08.14 02:41:16.933,1.4237,1.42386,1.88,1.00
2017.08.14 02:41:17.238,1.4237,1.42386,2.44,1.00
2017.08.14 02:41:17.753,1.4237,1.42386,2.25,1.00
2017.08.14 02:41:17.855,1.4237,1.42386,2.25,1.00
2017.08.14 02:41:18.478,1.4237,1.42386,1.50,1.00
2017.08.14 02:41:18.947,1.4237,1.42386,1.75,1.00
2017.08.14 02:41:19.151,1.4237,1.42386,1.50,1.00
2017.08.14 02:41:19.507,1.4237,1.42386,1.69,1.00
2017.08.14 02:41:19.559,1.42369,1.42386,2.62,1.00
2017.08.14 02:41:19.712,1.42367,1.42386,2.25,4.75
2017.08.14 02:41:19.814,1.42368,1.42386,1.38,4.00
2017.08.14 02:41:20.327,1.42367,1.42386,2.25,4.56
2017.08.14 02:41:20.850,1.42367,1.42386,2.25,4.56
2017.08.14 02:41:21.360,1.42367,1.42386,2.44,4.00
2017.08.14 02:41:22.073,1.42367,1.42386,2.44,4.00
2017.08.14 02:41:22.277,1.42367,1.42386,2.25,3.81
2017.08.14 02:41:22.430,1.42367,1.42386,2.25,4.00
2017.08.14 02:41:22.634,1.42367,1.42386,1.69,5.31
2017.08.14 02:41:22.787,1.42367,1.42386,2.81,5.50
2017.08.14 02:41:23.302,1.42367,1.42386,2.25,5.50
2017.08.14 02:41:23.780,1.42367,1.42386,1.88,5.31
2017.08.14 02:41:23.831,1.42367,1.42386,1.88,5.50
2017.08.14 02:41:24.396,1.42367,1.42386,1.88,5.31
2017.08.14 02:41:24.754,1.4237,1.42386,1.44,3.25
2017.08.14 02:41:25.162,1.42369,1.42385,1.25,1.50
2017.08.14 02:41:25.213,1.42369,1.42385,1.75,2.50
2017.08.14 02:41:25.520,1.42368,1.42385,3.56,2.50
2017.08.14 02:41:25.571,1.42368,1.42385,3.56,2.50
2017.08.14 02:41:25.971,1.42367,1.42385,2.06,2.87
2017.08.14 02:41:26.226,1.42369,1.42385,1.13,1.00
2017.08.14 02:41:26.889,1.42368,1.42385,1.87,1.00
2017.08.14 02:41:27.349,1.42369,1.42385,1.13,1.00
2017.08.14 02:41:27.400,1.42369,1.42385,1.44,1.00
2017.08.14 02:41:27.758,1.42368,1.42385,2.06,1.00
2017.08.14 02:41:28.284,1.42369,1.42385,1.88,1.00
2017.08.14 02:41:28.795,1.42367,1.42385,2.06,1.00
2017.08.14 02:41:29.308,1.42367,1.42385,2.81,1.00
2017.08.14 02:41:29.615,1.42369,1.42385,1.44,1.00
2017.08.14 02:41:30.216,1.42368,1.42385,1.19,1.00
2017.08.14 02:41:30.765,1.42367,1.42385,2.81,1.00
2017.08.14 02:41:31.287,1.42368,1.42385,1.19,1.00
2017.08.14 02:41:31.795,1.42367,1.42385,2.06,1.00
2017.08.14 02:41:32.322,1.42367,1.42385,2.06,1.00
2017.08.14 02:41:32.628,1.42367,1.42385,2.06,1.00
2017.08.14 02:41:32.730,1.42367,1.42385,2.06,1.00
2017.08.14 02:41:32.934,1.42367,1.42385,2.06,1.00
2017.08.14 02:41:33.533,1.42367,1.42385,2.06,1.00
2017.08.14 02:41:33.729,1.42367,1.42385,2.06,1.00
2017.08.14 02:41:33.940,1.42367,1.42385,2.06,1.00
2017.08.14 02:41:34.041,1.42367,1.42385,2.06,1.00
2017.08.14 02:41:34.143,1.42367,1.42385,1.88,1.00
2017.08.14 02:41:34.347,1.42367,1.42385,2.06,1.00
2017.08.14 02:41:34.449,1.42367,1.42385,1.88,1.00
2017.08.14 02:41:34.602,1.42367,1.42385,2.06,1.00
2017.08.14 02:41:34.963,1.42367,1.42385,1.88,1.00
2017.08.14 02:41:35.167,1.42367,1.42385,1.69,1.00
2017.08.14 02:41:35.574,1.42366,1.42385,1.69,3.19
2017.08.14 02:41:35.678,1.42366,1.42385,2.25,4.56
2017.08.14 02:41:35.730,1.42366,1.42384,1.88,1.12
2017.08.14 02:41:35.832,1.42368,1.42384,1.50,2.31
2017.08.14 02:41:35.885,1.42368,1.42384,1.37,2.31
2017.08.14 02:41:35.988,1.42367,1.42384,1.25,2.13
2017.08.14 02:41:36.093,1.42366,1.42384,1.88,2.31
2017.08.14 02:41:36.196,1.42366,1.42384,1.31,2.31
2017.08.14 02:41:36.679,1.42366,1.42384,2.06,1.00
2017.08.14 02:41:37.075,1.42366,1.42384,1.31,1.00
2017.08.14 02:41:37.322,1.42366,1.42384,2.06,1.00
2017.08.14 02:41:37.832,1.42366,1.42384,2.06,1.00
2017.08.14 02:41:38.188,1.42366,1.42384,1.88,1.00
2017.08.14 02:41:38.392,1.42366,1.42384,1.88,1.00
2017.08.14 02:41:38.638,1.42366,1.42384,1.50,1.00
2017.08.14 02:41:38.740,1.42366,1.42384,2.06,1.00
2017.08.14 02:41:39.249,1.42366,1.42384,2.06,1.00
2017.08.14 02:41:39.614,1.42366,1.42384,1.50,1.00
2017.08.14 02:41:39.716,1.42366,1.42384,2.06,1.00
2017.08.14 02:41:40.472,1.42366,1.42384,2.06,1.00
2017.08.14 02:41:40.993,1.42366,1.42384,1.50,1.00
2017.08.14 02:41:41.565,1.42366,1.42384,2.06,1.00
2017.08.14 02:41:42.091,1.42365,1.42384,2.44,1.00
2017.08.14 02:41:42.679,1.42366,1.42384,1.63,1.00
2017.08.14 02:41:42.730,1.42365,1.42384,2.44,1.00
2017.08.14 02:41:42.829,1.42366,1.42384,1.63,1.00
2017.08.14 02:41:43.034,1.42365,1.42384,3.19,1.00
2017.08.14 02:41:43.136,1.42365,1.42383,1.69,3.25
2017.08.14 02:41:43.875,1.42365,1.42383,1.12,3.25
2017.08.14 02:41:44.402,1.42365,1.42383,1.56,3.25
2017.08.14 02:41:44.980,1.42365,1.42383,1.12,3.25
2017.08.14 02:41:45.308,1.42374,1.42383,1.00,2.56
2017.08.14 02:41:51.183,1.42374,1.42383,1.00,2.31
2017.08.14 02:41:52.059,1.42375,1.42383,1.00,2.12
2017.08.14 02:41:52.579,1.42375,1.42383,1.00,1.12
2017.08.14 02:41:54.008,1.42376,1.42385,1.00,3.94
2017.08.14 02:41:59.745,1.42371,1.42383,1.00,2.62
2017.08.14 02:41:59.797,1.42369,1.42382,1.00,3.19
2017.08.14 02:41:59.849,1.42369,1.42379,1.00,2.06
2017.08.14 02:42:00.003,1.42367,1.42376,1.00,1.50
2017.08.14 02:42:00.520,1.42361,1.42376,1.00,3.24
2017.08.14 02:42:01.035,1.42366,1.42376,1.00,3.00
2017.08.14 02:42:03.022,1.42366,1.42376,1.00,4.69
2017.08.14 02:42:03.735,1.42365,1.42373,1.00,1.87
2017.08.14 02:42:04.143,1.42365,1.42374,1.00,1.00
2017.08.14 02:42:04.436,1.42364,1.42373,1.00,1.12
2017.08.14 02:42:04.590,1.42364,1.42374,1.00,1.69
2017.08.14 02:42:05.134,1.42365,1.42374,1.00,1.69
2017.08.14 02:42:05.645,1.42364,1.42374,1.00,2.62
2017.08.14 02:42:06.185,1.42365,1.42374,1.00,2.25
2017.08.14 02:42:06.701,1.42364,1.42374,1.00,2.82
2017.08.14 02:42:07.212,1.42364,1.42374,1.00,2.44
2017.08.14 02:42:08.478,1.42364,1.42374,1.00,1.87
2017.08.14 02:42:09.040,1.42364,1.42374,1.00,3.37
2017.08.14 02:42:09.555,1.42365,1.42374,1.00,2.62
2017.08.14 02:42:12.039,1.42367,1.42374,1.00,1.00
2017.08.14 02:42:12.192,1.42367,1.42377,1.00,1.62
2017.08.14 02:42:12.751,1.42368,1.42377,1.00,1.37
2017.08.14 02:42:13.261,1.42368,1.42377,1.00,1.00
2017.08.14 02:42:14.364,1.4237,1.42377,1.00,1.00
2017.08.14 02:42:14.867,1.42369,1.42377,1.00,1.31
2017.08.14 02:42:15.175,1.42372,1.42381,1.00,1.75
2017.08.14 02:42:16.731,1.42369,1.42379,1.00,1.69
2017.08.14 02:42:16.834,1.42366,1.42377,1.00,3.19
2017.08.14 02:42:17.039,1.42364,1.42375,1.00,1.31
2017.08.14 02:42:17.142,1.42366,1.42374,1.00,1.50
2017.08.14 02:42:21.334,1.42364,1.42374,1.00,1.69
2017.08.14 02:42:21.690,1.42366,1.42374,1.00,1.50
2017.08.14 02:42:21.844,1.42364,1.42374,1.00,1.50
2017.08.14 02:42:21.946,1.42366,1.42375,1.00,2.25
2017.08.14 02:42:22.507,1.42365,1.42375,1.00,1.50
2017.08.14 02:42:23.200,1.42366,1.42375,1.00,1.50
2017.08.14 02:42:23.733,1.42365,1.42375,1.00,2.44
2017.08.14 02:42:24.996,1.42364,1.42375,1.00,1.87
2017.08.14 02:42:25.507,1.42363,1.42374,1.00,3.56
2017.08.14 02:42:26.017,1.42362,1.42374,1.00,6.38
2017.08.14 02:42:26.381,1.42362,1.4237,1.00,1.12
2017.08.14 02:42:26.432,1.42358,1.42368,1.00,1.69
2017.08.14 02:42:26.485,1.42356,1.42367,1.00,1.31
2017.08.14 02:42:26.742,1.42354,1.42365,1.00,1.31
2017.08.14 02:42:27.252,1.42354,1.42365,1.00,4.06
2017.08.14 02:42:27.575,1.42353,1.42365,1.00,4.50
2017.08.14 02:42:28.238,1.42352,1.42364,1.00,2.62
2017.08.14 02:42:28.751,1.42351,1.42364,1.00,4.68
2017.08.14 02:42:29.261,1.42351,1.42363,1.00,1.69
2017.08.14 02:42:29.720,1.42349,1.42362,1.00,1.12
2017.08.14 02:42:29.873,1.42349,1.4236,1.00,1.12
2017.08.14 02:42:30.979,1.42348,1.4236,1.00,3.00
2017.08.14 02:42:33.747,1.42347,1.42358,1.00,2.25
2017.08.14 02:42:34.054,1.42347,1.42358,1.00,4.50
2017.08.14 02:42:34.418,1.4234,1.42357,1.31,3.00
2017.08.14 02:42:35.218,1.42339,1.42357,1.31,2.69
2017.08.14 02:42:35.474,1.42339,1.42357,1.63,1.00
2017.08.14 02:42:35.988,1.42339,1.42357,1.44,2.99
2017.08.14 02:42:36.091,1.42339,1.42357,1.25,2.24
2017.08.14 02:42:36.142,1.42338,1.42357,4.31,2.43
2017.08.14 02:42:36.449,1.4234,1.42357,2.63,2.50
2017.08.14 02:42:36.552,1.4234,1.42357,2.25,1.00
2017.08.14 02:42:37.083,1.4234,1.42357,2.63,2.69
2017.08.14 02:42:37.185,1.4234,1.42357,2.06,2.50
2017.08.14 02:42:37.372,1.4234,1.42357,2.63,2.69
2017.08.14 02:42:37.852,1.4234,1.42357,2.06,2.50
2017.08.14 02:42:37.954,1.4234,1.42357,2.63,2.69
2017.08.14 02:42:38.208,1.4234,1.42357,1.87,2.50
2017.08.14 02:42:38.464,1.4234,1.42357,2.25,1.00
2017.08.14 02:42:38.719,1.4234,1.42357,2.06,1.00
2017.08.14 02:42:38.771,1.4234,1.42357,2.25,1.00
2017.08.14 02:42:39.092,1.4234,1.42357,2.06,2.50
2017.08.14 02:42:39.195,1.4234,1.42357,2.25,2.69
2017.08.14 02:42:39.653,1.4234,1.42357,2.25,2.50
2017.08.14 02:42:39.915,1.4234,1.42357,2.63,1.00
2017.08.14 02:42:40.414,1.42343,1.42359,1.00,1.50
2017.08.14 02:42:40.924,1.42343,1.42359,1.00,1.00
2017.08.14 02:42:41.434,1.42342,1.42359,1.44,1.12
2017.08.14 02:42:41.947,1.42342,1.42359,1.25,1.50
2017.08.14 02:42:41.998,1.42342,1.42359,1.38,1.50
2017.08.14 02:42:42.253,1.42342,1.42359,1.25,1.62
2017.08.14 02:42:42.574,1.42344,1.42359,1.25,1.00
2017.08.14 02:42:43.083,1.42343,1.42359,1.38,2.69
2017.08.14 02:42:43.236,1.42342,1.42359,1.25,1.00
2017.08.14 02:42:43.338,1.42343,1.42359,1.50,1.00
2017.08.14 02:42:43.442,1.42344,1.4236,1.38,1.00
2017.08.14 02:42:43.493,1.42347,1.42361,1.44,1.31
2017.08.14 02:42:44.003,1.42347,1.42364,1.69,1.50
2017.08.14 02:42:44.552,1.42348,1.42364,1.00,1.37
2017.08.14 02:42:49.485,1.42348,1.42364,1.19,1.62
2017.08.14 02:42:50.013,1.42348,1.42364,1.25,1.37
2017.08.14 02:42:50.572,1.42348,1.42364,1.19,1.62
2017.08.14 02:42:51.082,1.42349,1.42365,1.25,2.25
2017.08.14 02:42:52.511,1.42349,1.42365,1.50,1.00
2017.08.14 02:42:52.563,1.42349,1.42366,1.50,1.50
2017.08.14 02:42:53.176,1.42351,1.42366,1.00,1.00
2017.08.14 02:42:53.431,1.42351,1.42367,1.00,2.25
2017.08.14 02:42:54.078,1.42355,1.42368,1.25,1.62
2017.08.14 02:42:54.181,1.42355,1.4237,1.25,1.62
2017.08.14 02:42:54.682,1.42356,1.4237,1.00,1.12
2017.08.14 02:42:54.786,1.42353,1.4237,1.50,3.18
2017.08.14 02:42:55.315,1.42353,1.4237,1.12,1.12
2017.08.14 02:42:59.651,1.42353,1.4237,1.12,3.00
2017.08.14 02:43:00.186,1.42353,1.4237,1.31,2.81
2017.08.14 02:43:01.257,1.42353,1.4237,1.50,3.37
2017.08.14 02:43:10.636,1.42353,1.4237,1.50,2.62
2017.08.14 02:43:10.687,1.42353,1.42369,1.50,1.87
2017.08.14 02:43:12.489,1.42352,1.42369,1.50,2.87
2017.08.14 02:43:12.921,1.42353,1.42369,1.31,1.00
2017.08.14 02:43:13.436,1.42356,1.42371,1.00,3.37
2017.08.14 02:43:13.971,1.42355,1.42371,1.00,2.62
2017.08.14 02:43:14.928,1.42357,1.42371,1.00,3.00
2017.08.14 02:43:30.573,1.42357,1.42371,1.00,2.12
2017.08.14 02:43:49.822,1.42358,1.42372,1.00,2.44
2017.08.14 02:43:49.925,1.42358,1.42372,1.00,1.50
2017.08.14 02:43:50.235,1.42359,1.42374,1.38,1.37
2017.08.14 02:43:50.745,1.42359,1.42375,1.13,2.00
2017.08.14 02:43:51.407,1.42358,1.42373,1.44,1.00
2017.08.14 02:43:51.560,1.42357,1.42373,1.25,1.00
2017.08.14 02:43:51.980,1.42356,1.42371,1.50,1.00
2017.08.14 02:43:52.490,1.42356,1.42371,1.25,1.00
2017.08.14 02:43:52.998,1.42356,1.4237,1.00,1.00
2017.08.14 02:43:55.484,1.42354,1.4237,2.62,1.00
2017.08.14 02:43:57.072,1.42354,1.4237,2.63,1.00
2017.08.14 02:43:57.640,1.42354,1.4237,1.88,1.00
2017.08.14 02:43:58.256,1.42354,1.4237,2.63,1.00
2017.08.14 02:43:58.793,1.42354,1.4237,2.63,1.00
2017.08.14 02:43:59.573,1.42354,1.4237,2.44,1.00
2017.08.14 02:44:00.573,1.42354,1.4237,1.88,1.00
2017.08.14 02:44:01.086,1.42354,1.4237,3.19,1.00
2017.08.14 02:44:01.588,1.42354,1.4237,3.19,1.00
2017.08.14 02:44:03.240,1.42354,1.4237,1.81,1.00
2017.08.14 02:44:03.761,1.42354,1.4237,1.13,1.00
2017.08.14 02:44:04.274,1.42353,1.4237,1.38,1.00
2017.08.14 02:44:04.530,1.42352,1.4237,1.87,1.00
2017.08.14 02:44:05.038,1.42353,1.4237,1.63,1.00
2017.08.14 02:44:05.548,1.42352,1.4237,2.06,1.00
2017.08.14 02:44:06.072,1.42352,1.4237,3.19,1.00
2017.08.14 02:44:06.642,1.42352,1.4237,2.81,1.00
2017.08.14 02:44:07.173,1.42352,1.4237,2.63,1.00
2017.08.14 02:44:08.191,1.42353,1.4237,1.69,1.00
2017.08.14 02:44:08.293,1.42353,1.4237,2.06,1.00
2017.08.14 02:44:08.802,1.42354,1.4237,1.31,1.00
2017.08.14 02:44:09.260,1.42354,1.4237,1.63,1.00
2017.08.14 02:44:09.515,1.42354,1.4237,1.69,1.00
2017.08.14 02:44:09.676,1.42354,1.4237,1.69,1.00
2017.08.14 02:44:10.236,1.42354,1.4237,1.38,1.00
2017.08.14 02:44:10.543,1.42354,1.4237,1.88,1.00
2017.08.14 02:44:11.053,1.42354,1.4237,1.88,1.00
2017.08.14 02:44:11.612,1.42355,1.4237,1.00,1.00
2017.08.14 02:44:11.821,1.42355,1.4237,1.88,1.00
2017.08.14 02:44:11.969,1.42355,1.4237,1.00,1.00
2017.08.14 02:44:12.515,1.42355,1.4237,1.44,1.00
2017.08.14 02:44:13.797,1.42356,1.4237,1.50,1.00
2017.08.14 02:44:14.326,1.42355,1.4237,1.50,1.00
2017.08.14 02:44:14.899,1.42355,1.4237,1.88,1.00
2017.08.14 02:44:15.419,1.42355,1.4237,1.88,1.00
2017.08.14 02:44:15.942,1.42355,1.4237,1.88,1.00
2017.08.14 02:44:16.507,1.42356,1.4237,1.00,1.00
2017.08.14 02:44:17.015,1.42355,1.4237,1.31,1.00
2017.08.14 02:44:17.537,1.42355,1.4237,1.56,1.00
2017.08.14 02:44:18.045,1.42356,1.4237,1.31,1.00
2017.08.14 02:44:18.096,1.42359,1.42373,1.00,1.62
2017.08.14 02:44:33.072,1.42356,1.42372,1.12,1.00
2017.08.14 02:44:33.573,1.42356,1.42372,1.31,2.50
2017.08.14 02:44:34.759,1.42356,1.42372,1.63,2.50
2017.08.14 02:44:34.912,1.42356,1.42372,1.12,2.50
2017.08.14 02:44:35.252,1.42356,1.42372,1.63,2.50
2017.08.14 02:44:35.972,1.42357,1.42372,1.12,1.00
2017.08.14 02:44:36.357,1.42357,1.42372,1.31,1.00
2017.08.14 02:44:36.409,1.42357,1.42372,1.25,1.00
2017.08.14 02:44:36.612,1.42357,1.42372,1.63,1.00
2017.08.14 02:44:37.028,1.42357,1.42372,1.12,1.00
2017.08.14 02:44:37.079,1.42357,1.42372,1.88,1.00
2017.08.14 02:44:37.299,1.42361,1.42372,1.44,1.00
2017.08.14 02:44:37.401,1.42361,1.42372,3.19,1.00
2017.08.14 02:44:37.708,1.42362,1.42373,1.31,1.00
2017.08.14 02:44:38.253,1.42363,1.42373,1.88,1.00
2017.08.14 02:44:38.835,1.42363,1.42373,1.69,1.00
2017.08.14 02:44:39.338,1.42363,1.42373,1.88,1.00
2017.08.14 02:44:39.990,1.42363,1.42373,1.69,1.00
2017.08.14 02:44:40.538,1.42363,1.42373,1.88,1.00
2017.08.14 02:44:41.232,1.42363,1.42373,1.12,1.00
2017.08.14 02:44:42.057,1.42363,1.42373,1.12,1.00
2017.08.14 02:44:43.112,1.42363,1.42373,1.12,1.00
2017.08.14 02:44:43.635,1.42363,1.42373,2.00,1.00
2017.08.14 02:44:44.464,1.42362,1.42373,1.12,1.00
2017.08.14 02:44:44.617,1.42362,1.42373,1.50,1.00
2017.08.14 02:44:45.125,1.42362,1.42373,1.38,1.00
2017.08.14 02:44:45.228,1.42362,1.42373,1.12,1.00
2017.08.14 02:44:45.567,1.42362,1.42373,1.38,1.00
2017.08.14 02:44:45.618,1.42361,1.42373,1.13,1.00
2017.08.14 02:44:45.983,1.42363,1.42373,1.38,1.00
2017.08.14 02:44:46.034,1.42361,1.42373,1.56,1.00
2017.08.14 02:44:46.492,1.42362,1.42373,1.38,1.00
2017.08.14 02:44:46.949,1.42362,1.42375,1.69,1.00
2017.08.14 02:44:47.103,1.42364,1.42377,3.00,1.00
2017.08.14 02:44:47.205,1.42368,1.42379,1.44,1.00
2017.08.14 02:44:47.257,1.42368,1.42382,1.75,1.00
2017.08.14 02:44:47.308,1.42368,1.42382,1.50,1.00
2017.08.14 02:44:47.360,1.42368,1.42382,2.06,1.00
2017.08.14 02:44:47.411,1.42372,1.42383,1.38,1.00
2017.08.14 02:44:47.514,1.42371,1.42383,1.25,1.00
2017.08.14 02:44:47.891,1.42371,1.42383,1.75,1.00
2017.08.14 02:44:48.095,1.42371,1.42383,1.13,1.00
2017.08.14 02:44:48.146,1.42371,1.42383,1.50,1.00
2017.08.14 02:44:48.655,1.42371,1.42383,1.25,1.00
2017.08.14 02:44:48.758,1.42371,1.42383,1.50,1.00
2017.08.14 02:44:49.244,1.42371,1.42383,1.13,1.00
2017.08.14 02:44:49.295,1.42372,1.42383,1.38,1.00
2017.08.14 02:44:49.550,1.4237,1.42383,2.25,1.00
2017.08.14 02:44:49.782,1.42372,1.42383,1.38,1.00
2017.08.14 02:44:50.177,1.4237,1.42383,2.25,1.00
2017.08.14 02:44:50.330,1.4237,1.42383,2.25,1.00
2017.08.14 02:44:50.534,1.4237,1.42383,2.25,1.00
2017.08.14 02:44:50.793,1.42372,1.42383,1.38,1.00
2017.08.14 02:44:51.310,1.42371,1.42383,1.50,1.00
2017.08.14 02:44:52.326,1.4237,1.42383,3.00,1.00
2017.08.14 02:44:52.743,1.42371,1.42383,1.63,1.00
2017.08.14 02:44:53.207,1.42371,1.42383,1.00,1.00
2017.08.14 02:44:53.309,1.42372,1.42383,1.38,1.00
2017.08.14 02:44:53.533,1.42371,1.42384,1.00,1.00
2017.08.14 02:44:53.584,1.42371,1.42386,1.50,1.00
2017.08.14 02:44:54.075,1.4237,1.42386,2.25,1.00
2017.08.14 02:44:54.622,1.42371,1.42386,1.19,1.00
2017.08.14 02:44:55.187,1.4237,1.42386,2.25,1.00
2017.08.14 02:44:56.008,1.42371,1.42386,1.19,1.00
2017.08.14 02:44:56.537,1.42371,1.42386,1.50,1.00
2017.08.14 02:44:56.690,1.42371,1.42386,1.88,1.00
2017.08.14 02:44:57.031,1.42371,1.42386,1.50,1.00
2017.08.14 02:44:57.083,1.42371,1.42386,1.25,1.00
2017.08.14 02:44:57.591,1.4237,1.42386,2.25,1.00
2017.08.14 02:44:58.124,1.4237,1.42386,1.88,1.00
2017.08.14 02:44:58.632,1.42371,1.42386,1.88,1.00
2017.08.14 02:44:59.221,1.42371,1.42386,1.88,1.00
2017.08.14 02:45:00.014,1.42371,1.42386,1.38,1.00
2017.08.14 02:45:00.522,1.42371,1.42386,1.88,1.00
2017.08.14 02:45:00.776,1.42371,1.42386,1.25,1.00
2017.08.14 02:45:00.878,1.42371,1.42386,1.69,1.00
2017.08.14 02:45:01.191,1.42371,1.42386,1.88,1.00
2017.08.14 02:45:01.712,1.42371,1.42386,1.44,1.00
2017.08.14 02:45:02.080,1.42372,1.42386,1.13,1.00
2017.08.14 02:45:02.590,1.42372,1.42386,1.13,1.00
2017.08.14 02:45:02.895,1.4237,1.42386,2.06,1.00
2017.08.14 02:45:03.048,1.4237,1.42386,1.69,1.00
2017.08.14 02:45:03.253,1.4237,1.42386,1.69,1.00
2017.08.14 02:45:03.508,1.42369,1.42386,1.88,1.00
2017.08.14 02:45:03.665,1.4237,1.42386,1.38,1.00
2017.08.14 02:45:04.174,1.4237,1.42386,1.38,1.00
2017.08.14 02:45:04.697,1.42369,1.42386,1.69,1.00
2017.08.14 02:45:05.215,1.42369,1.42386,1.69,1.00
2017.08.14 02:45:05.726,1.42369,1.42386,2.06,1.00
2017.08.14 02:45:06.047,1.4237,1.42386,1.19,1.00
2017.08.14 02:45:06.555,1.4237,1.42386,1.19,1.00
2017.08.14 02:45:06.975,1.42369,1.42386,2.81,1.00
2017.08.14 02:45:07.077,1.42369,1.42386,2.81,1.00
2017.08.14 02:45:07.586,1.4237,1.42386,1.63,1.00
2017.08.14 02:45:07.638,1.4237,1.42386,1.00,1.00
2017.08.14 02:45:07.740,1.42369,1.42386,3.56,1.00
2017.08.14 02:45:08.400,1.42369,1.42386,2.44,1.00
2017.08.14 02:45:08.937,1.4237,1.42386,1.50,1.00
2017.08.14 02:45:09.588,1.4237,1.42386,1.19,1.00
2017.08.14 02:45:10.120,1.42369,1.42386,2.25,1.00
2017.08.14 02:45:11.168,1.4237,1.42386,1.19,1.00
2017.08.14 02:45:11.830,1.4237,1.42386,1.50,1.00
2017.08.14 02:45:12.379,1.4237,1.42386,1.50,1.00
2017.08.14 02:45:12.903,1.42369,1.42386,3.00,1.00
2017.08.14 02:45:13.781,1.42369,1.42386,2.44,1.00
2017.08.14 02:45:14.340,1.42369,1.42386,2.81,1.00
2017.08.14 02:45:14.695,1.4237,1.42386,1.00,1.00
2017.08.14 02:45:14.797,1.42369,1.42386,2.81,1.00
2017.08.14 02:45:15.368,1.4237,1.42386,1.19,1.00
2017.08.14 02:45:15.920,1.42369,1.42386,3.00,1.00
2017.08.14 02:45:16.466,1.42369,1.42386,3.00,1.00
2017.08.14 02:45:16.974,1.42369,1.42386,3.00,1.00
2017.08.14 02:45:17.483,1.4237,1.42386,1.50,1.00
2017.08.14 02:45:18.582,1.4237,1.42386,1.50,1.00
2017.08.14 02:45:19.092,1.42369,1.42386,2.44,1.00
2017.08.14 02:45:19.703,1.4237,1.42386,1.69,1.00
2017.08.14 02:45:19.804,1.4237,1.42386,2.44,1.00
2017.08.14 02:45:19.907,1.4237,1.42386,2.44,1.00
2017.08.14 02:45:20.220,1.4237,1.42386,1.69,1.00
2017.08.14 02:45:20.369,1.42371,1.42386,1.13,1.00
2017.08.14 02:45:20.791,1.4237,1.42386,1.69,1.00
2017.08.14 02:45:21.300,1.42371,1.42386,1.63,1.00
2017.08.14 02:45:21.880,1.4237,1.42386,1.88,1.00
2017.08.14 02:45:22.588,1.42371,1.42386,1.63,1.00
2017.08.14 02:45:22.818,1.4237,1.42386,1.13,1.00
2017.08.14 02:45:22.920,1.4237,1.42386,1.69,1.00
2017.08.14 02:45:23.190,1.4237,1.42386,1.88,1.00
2017.08.14 02:45:23.728,1.4237,1.42386,1.13,1.00
2017.08.14 02:45:24.321,1.4237,1.42386,1.88,1.00
2017.08.14 02:45:24.423,1.42371,1.42386,1.63,1.00
2017.08.14 02:45:24.626,1.4237,1.42386,1.00,1.00
2017.08.14 02:45:24.942,1.4237,1.42386,2.44,1.00
2017.08.14 02:45:25.096,1.4237,1.42386,2.44,1.00
2017.08.14 02:45:25.597,1.4237,1.42386,2.63,1.00
2017.08.14 02:45:26.144,1.4237,1.42386,2.44,1.00
2017.08.14 02:45:26.648,1.4237,1.42386,1.69,1.00
2017.08.14 02:45:27.156,1.4237,1.42386,1.69,1.00
2017.08.14 02:45:27.688,1.4237,1.42386,1.38,1.00
2017.08.14 02:45:27.740,1.4237,1.42386,1.88,1.00
2017.08.14 02:45:27.893,1.4237,1.42386,2.25,1.00
2017.08.14 02:45:28.403,1.4237,1.42386,2.06,2.50
2017.08.14 02:45:29.225,1.4237,1.42386,1.13,2.50
2017.08.14 02:45:29.482,1.42368,1.42386,1.31,1.00
2017.08.14 02:45:29.533,1.42368,1.42386,2.06,1.00
2017.08.14 02:45:29.588,1.42369,1.42386,1.13,2.69
2017.08.14 02:45:29.640,1.4237,1.42386,1.25,2.50
2017.08.14 02:45:29.878,1.42372,1.42386,1.38,1.00
2017.08.14 02:45:30.133,1.42372,1.42386,1.25,1.00
2017.08.14 02:45:30.643,1.42372,1.42386,1.25,1.00
2017.08.14 02:45:31.313,1.42372,1.42386,1.38,1.00
2017.08.14 02:45:31.841,1.42372,1.42386,1.88,1.00
2017.08.14 02:45:32.583,1.42372,1.42386,1.88,1.00
2017.08.14 02:45:33.101,1.42372,1.42386,1.13,1.00
2017.08.14 02:45:33.611,1.42372,1.42386,1.38,1.00
2017.08.14 02:45:34.342,1.42372,1.42386,1.13,1.00
2017.08.14 02:45:34.863,1.42372,1.42386,1.38,1.00
2017.08.14 02:45:35.409,1.42372,1.42386,1.38,1.00
2017.08.14 02:45:36.067,1.42371,1.42386,2.25,1.00
2017.08.14 02:45:36.615,1.42372,1.42386,1.13,1.00
2017.08.14 02:45:36.849,1.42372,1.42386,1.13,1.00
2017.08.14 02:45:37.367,1.42372,1.42386,1.88,1.00
2017.08.14 02:45:37.914,1.42372,1.42386,1.38,1.00
2017.08.14 02:45:38.566,1.42372,1.42386,1.88,1.00
2017.08.14 02:45:39.098,1.42372,1.42386,1.88,1.00
2017.08.14 02:45:39.415,1.42372,1.42386,1.38,1.00
2017.08.14 02:45:39.599,1.42371,1.42386,2.25,1.00
2017.08.14 02:45:39.813,1.42372,1.42386,1.88,1.00
2017.08.14 02:45:40.075,1.42372,1.42386,1.38,1.00
2017.08.14 02:45:40.620,1.42371,1.42386,2.25,1.00
2017.08.14 02:45:41.166,1.42372,1.42386,1.13,1.00
2017.08.14 02:45:41.704,1.42371,1.42386,1.50,1.00
2017.08.14 02:45:42.592,1.42372,1.42386,1.25,1.00
2017.08.14 02:45:43.104,1.42372,1.42386,1.44,1.00
2017.08.14 02:45:43.633,1.42372,1.42386,1.25,1.00
2017.08.14 02:45:44.158,1.42372,1.42386,1.38,1.00
2017.08.14 02:45:44.669,1.42372,1.42386,1.88,1.00
2017.08.14 02:45:45.424,1.42372,1.42386,1.00,1.00
2017.08.14 02:45:45.678,1.42371,1.42386,2.25,1.00
2017.08.14 02:45:46.116,1.42371,1.42386,1.50,1.00
2017.08.14 02:45:46.720,1.4237,1.42386,1.31,1.00
2017.08.14 02:45:46.822,1.42371,1.42386,1.50,1.00
2017.08.14 02:45:47.468,1.4237,1.42386,1.31,1.00
2017.08.14 02:45:48.093,1.42371,1.42386,1.50,1.00
2017.08.14 02:45:48.399,1.42371,1.42386,1.50,1.00
2017.08.14 02:45:48.917,1.42371,1.42386,1.38,1.00
2017.08.14 02:45:49.467,1.42371,1.42386,1.13,1.00
2017.08.14 02:45:50.013,1.42371,1.42386,1.38,1.00
2017.08.14 02:45:50.217,1.42369,1.42386,3.00,1.00
2017.08.14 02:45:50.471,1.4237,1.42386,1.63,1.00
2017.08.14 02:45:50.712,1.42371,1.42386,1.13,1.00
2017.08.14 02:45:51.385,1.42369,1.42386,2.25,1.00
2017.08.14 02:45:51.437,1.4237,1.42386,1.69,1.00
2017.08.14 02:45:51.742,1.42369,1.42386,3.00,1.00
2017.08.14 02:45:51.997,1.4237,1.42386,1.38,1.00
2017.08.14 02:45:52.667,1.4237,1.42386,1.31,1.00
2017.08.14 02:45:52.769,1.42369,1.42386,2.81,1.00
2017.08.14 02:45:53.024,1.4237,1.42386,1.63,1.00
2017.08.14 02:45:53.177,1.42369,1.42386,2.25,1.00
2017.08.14 02:45:53.485,1.4237,1.42386,2.00,1.00
2017.08.14 02:45:53.791,1.4237,1.42386,1.69,1.00
2017.08.14 02:45:54.498,1.4237,1.42386,2.00,1.00
2017.08.14 02:45:54.916,1.42371,1.42386,1.13,1.00
2017.08.14 02:45:55.018,1.4237,1.42386,2.00,1.00
2017.08.14 02:45:55.371,1.4237,1.42386,1.69,1.00
2017.08.14 02:45:55.921,1.42371,1.42386,1.50,1.00
2017.08.14 02:45:56.433,1.42371,1.42386,1.13,1.00
2017.08.14 02:45:56.586,1.4237,1.42386,2.00,1.00
2017.08.14 02:45:56.738,1.4237,1.42386,1.69,1.00
2017.08.14 02:45:57.095,1.42369,1.42385,2.44,2.50
2017.08.14 02:45:57.198,1.42368,1.42384,1.19,2.50
2017.08.14 02:45:57.249,1.42367,1.42382,1.63,1.00
2017.08.14 02:45:57.505,1.42371,1.42382,1.13,1.00
2017.08.14 02:45:57.759,1.42369,1.42382,2.06,1.00
2017.08.14 02:45:58.268,1.42369,1.42382,2.63,1.00
2017.08.14 02:45:58.968,1.42369,1.42382,2.44,1.00
2017.08.14 02:45:59.473,1.4237,1.42382,1.50,1.00
2017.08.14 02:46:00.468,1.42369,1.42382,2.44,1.00
2017.08.14 02:46:00.994,1.42369,1.42382,2.25,1.00
2017.08.14 02:46:01.519,1.42371,1.42382,1.50,1.00
2017.08.14 02:46:02.149,1.42371,1.42382,1.38,1.00
2017.08.14 02:46:02.519,1.42372,1.42382,1.50,1.00
2017.08.14 02:46:02.974,1.42371,1.42382,1.50,1.00
2017.08.14 02:46:03.162,1.42369,1.42382,2.44,1.00
2017.08.14 02:46:03.602,1.4237,1.42382,1.75,1.00
2017.08.14 02:46:04.223,1.42369,1.42382,2.44,1.00
2017.08.14 02:46:04.404,1.42371,1.42382,1.13,1.00
2017.08.14 02:46:04.455,1.42369,1.42382,3.00,1.00
2017.08.14 02:46:05.004,1.42369,1.42382,3.19,1.00
2017.08.14 02:46:05.260,1.42369,1.42382,2.25,1.00
2017.08.14 02:46:07.532,1.42369,1.42382,1.25,1.00
2017.08.14 02:46:07.635,1.42369,1.42382,1.00,1.00
2017.08.14 02:46:07.816,1.42366,1.42382,2.62,1.00
2017.08.14 02:46:08.441,1.42368,1.42382,1.25,1.00
2017.08.14 02:46:13.149,1.42368,1.42382,1.00,1.00
2017.08.14 02:46:13.722,1.42366,1.42382,1.19,1.00
2017.08.14 02:46:14.248,1.42366,1.42382,1.00,1.00
2017.08.14 02:46:18.533,1.42366,1.42382,2.06,1.00
2017.08.14 02:46:19.044,1.42364,1.42382,2.44,2.87
2017.08.14 02:46:21.794,1.42364,1.42381,1.87,1.00
2017.08.14 02:46:22.736,1.42364,1.4238,1.37,1.00
2017.08.14 02:46:23.244,1.42364,1.4238,1.37,1.00
2017.08.14 02:46:23.346,1.42364,1.4238,1.37,1.00
2017.08.14 02:46:30.430,1.42363,1.4238,1.12,2.12
2017.08.14 02:46:30.993,1.42363,1.42379,1.25,2.50
2017.08.14 02:46:34.280,1.42363,1.42379,1.12,3.25
2017.08.14 02:46:35.531,1.42363,1.42379,1.12,2.50
2017.08.14 02:46:38.031,1.42363,1.42379,1.12,3.25
2017.08.14 02:46:39.299,1.42363,1.42379,1.12,3.25
2017.08.14 02:46:40.307,1.42363,1.42379,1.25,3.25
2017.08.14 02:46:40.530,1.42362,1.42379,1.50,3.25
2017.08.14 02:46:41.929,1.42363,1.42379,1.12,3.25
2017.08.14 02:46:42.549,1.42363,1.42379,1.12,3.25
2017.08.14 02:46:45.788,1.42363,1.42379,1.12,1.50
2017.08.14 02:46:47.651,1.42363,1.42379,2.44,1.50
2017.08.14 02:46:47.864,1.42365,1.4238,1.44,1.12
2017.08.14 02:46:48.481,1.42365,1.4238,1.12,1.12
2017.08.14 02:46:49.101,1.42365,1.4238,1.44,1.12
2017.08.14 02:46:51.732,1.42365,1.42381,1.87,1.37
2017.08.14 02:46:51.783,1.42364,1.42381,3.19,1.37
2017.08.14 02:46:52.153,1.42364,1.42381,2.25,1.75
2017.08.14 02:46:54.340,1.42368,1.42382,2.06,1.12
2017.08.14 02:46:54.392,1.42371,1.42385,1.00,1.75
2017.08.14 02:46:54.494,1.42371,1.42385,1.00,1.00
2017.08.14 02:46:55.077,1.4237,1.42385,1.25,1.50
2017.08.14 02:47:00.527,1.42371,1.42385,1.00,1.50
2017.08.14 02:47:03.067,1.4237,1.42386,1.25,2.25
2017.08.14 02:47:03.568,1.42369,1.42386,1.50,1.50
2017.08.14 02:47:04.213,1.42369,1.42386,1.50,2.44
2017.08.14 02:47:04.810,1.42367,1.42384,1.12,1.31
2017.08.14 02:47:04.862,1.42366,1.42384,1.87,3.37
2017.08.14 02:47:05.206,1.42364,1.42383,1.69,4.87
2017.08.14 02:47:11.380,1.42365,1.42381,1.12,1.69
2017.08.14 02:47:17.790,1.42364,1.42381,2.81,1.00
2017.08.14 02:47:22.370,1.42364,1.42381,1.50,2.50
2017.08.14 02:47:22.877,1.42364,1.42381,2.25,2.50
2017.08.14 02:47:23.392,1.42364,1.42381,2.06,1.00
2017.08.14 02:47:23.849,1.42366,1.42381,1.12,1.00
2017.08.14 02:47:24.436,1.42369,1.42383,1.38,1.50
2017.08.14 02:47:24.488,1.42369,1.42383,1.25,1.00
2017.08.14 02:47:24.795,1.42368,1.42383,1.31,1.00
2017.08.14 02:47:25.306,1.42368,1.42383,1.00,1.00
2017.08.14 02:47:25.840,1.42367,1.42383,2.63,1.00
2017.08.14 02:47:26.145,1.42372,1.42383,1.00,1.00
2017.08.14 02:47:26.660,1.42373,1.42383,1.00,1.00
2017.08.14 02:47:28.588,1.42372,1.42383,1.00,1.00
2017.08.14 02:47:29.097,1.42373,1.42383,1.00,1.00
2017.08.14 02:47:30.380,1.42373,1.42384,1.00,1.00
2017.08.14 02:47:30.896,1.42372,1.42384,1.25,1.00
2017.08.14 02:47:31.405,1.42373,1.42384,1.00,1.00
2017.08.14 02:47:33.554,1.42371,1.42384,1.31,1.00
2017.08.14 02:47:34.063,1.42371,1.42384,1.00,1.00
2017.08.14 02:47:34.576,1.42371,1.42384,1.31,1.00
2017.08.14 02:47:35.160,1.42371,1.42384,1.00,1.00
2017.08.14 02:47:35.469,1.42376,1.42389,1.00,1.81
2017.08.14 02:47:37.642,1.42376,1.42389,1.00,1.00
2017.08.14 02:47:37.746,1.42378,1.42392,1.31,1.00
2017.08.14 02:47:38.259,1.42378,1.42393,1.87,1.12
2017.08.14 02:47:44.409,1.42377,1.42393,1.50,1.50
2017.08.14 02:47:44.915,1.42377,1.42393,1.50,1.50
2017.08.14 02:47:45.442,1.42377,1.42393,1.87,1.50
2017.08.14 02:47:49.754,1.42377,1.42393,1.31,1.50
2017.08.14 02:47:58.882,1.42379,1.42393,1.88,1.50
2017.08.14 02:47:59.036,1.42381,1.42395,2.81,1.00
2017.08.14 02:47:59.362,1.42379,1.42395,1.00,2.88
2017.08.14 02:47:59.464,1.42377,1.42395,2.06,3.87
2017.08.14 02:47:59.772,1.42375,1.42392,2.44,1.12
2017.08.14 02:48:00.231,1.42375,1.42391,1.38,2.06
2017.08.14 02:48:00.538,1.42379,1.42393,1.25,1.00
2017.08.14 02:48:01.053,1.42379,1.42394,1.69,1.69
2017.08.14 02:48:01.207,1.42379,1.42394,1.00,1.00
2017.08.14 02:48:02.635,1.42378,1.42394,1.00,1.00
2017.08.14 02:48:03.161,1.42378,1.42394,1.19,1.00
2017.08.14 02:48:03.416,1.42379,1.42395,1.00,1.87
2017.08.14 02:48:04.913,1.42378,1.42394,2.06,2.06
2017.08.14 02:48:05.889,1.42376,1.42394,2.63,3.19
2017.08.14 02:48:06.427,1.42376,1.42394,3.94,3.75
2017.08.14 02:48:07.131,1.42378,1.42394,1.19,3.19
2017.08.14 02:48:07.575,1.42378,1.42394,1.69,3.06
2017.08.14 02:48:07.883,1.42378,1.42394,2.00,3.25
2017.08.14 02:48:08.428,1.42379,1.42394,1.69,2.50
2017.08.14 02:48:09.469,1.42379,1.42394,1.69,2.12
2017.08.14 02:48:10.094,1.42379,1.42394,1.44,2.50
2017.08.14 02:48:10.427,1.42382,1.42394,1.13,1.12
2017.08.14 02:48:10.479,1.42382,1.42394,1.25,1.00
2017.08.14 02:48:10.530,1.42382,1.42394,1.00,1.00
2017.08.14 02:48:11.244,1.4238,1.42394,1.25,1.00
2017.08.14 02:48:12.120,1.4238,1.42394,1.44,1.00
2017.08.14 02:48:12.852,1.42384,1.42398,1.13,1.87
2017.08.14 02:48:12.954,1.42385,1.42398,1.00,1.00
2017.08.14 02:48:13.160,1.42383,1.42398,1.87,1.00
2017.08.14 02:48:13.779,1.42384,1.42398,1.00,1.00
2017.08.14 02:48:13.985,1.42379,1.42396,1.00,1.69
2017.08.14 02:48:14.496,1.42377,1.42395,3.19,1.69
2017.08.14 02:48:15.245,1.4238,1.42395,1.25,2.31
2017.08.14 02:48:15.756,1.4238,1.42395,1.25,1.00
2017.08.14 02:48:16.288,1.42378,1.42395,1.69,3.06
2017.08.14 02:48:16.798,1.42379,1.42395,1.12,1.00
2017.08.14 02:48:18.622,1.42378,1.42395,1.50,2.69
2017.08.14 02:48:19.124,1.42377,1.42395,1.87,3.56
2017.08.14 02:48:19.327,1.42378,1.42395,1.00,3.06
2017.08.14 02:48:23.331,1.42376,1.42394,1.31,3.19
2017.08.14 02:48:23.877,1.42376,1.42393,1.31,1.31
2017.08.14 02:48:27.362,1.42376,1.42393,1.50,2.12
2017.08.14 02:48:28.123,1.42376,1.42393,1.12,2.12
2017.08.14 02:48:32.393,1.42375,1.42393,1.12,4.06
2017.08.14 02:48:32.910,1.42375,1.42393,1.31,3.25
2017.08.14 02:48:33.453,1.42374,1.42392,1.37,1.13
2017.08.14 02:48:51.524,1.42373,1.42391,1.69,1.31
2017.08.14 02:48:51.576,1.42373,1.42389,1.12,1.12
2017.08.14 02:48:52.188,1.42372,1.42389,1.69,2.31
2017.08.14 02:48:52.753,1.42373,1.42389,2.62,1.00
2017.08.14 02:48:53.212,1.42373,1.42389,2.25,1.00
2017.08.14 02:48:53.264,1.42379,1.42392,1.00,1.13
2017.08.14 02:48:53.921,1.42379,1.42392,1.00,1.13
2017.08.14 02:48:54.627,1.42379,1.42393,1.00,3.38
2017.08.14 02:48:55.178,1.42379,1.42393,1.00,3.75
2017.08.14 02:48:56.012,1.42379,1.42393,1.00,3.38
2017.08.14 02:48:56.575,1.42379,1.42393,1.00,3.00
2017.08.14 02:48:57.616,1.42379,1.42393,1.00,3.38
2017.08.14 02:48:58.127,1.42379,1.42393,1.00,3.75
2017.08.14 02:48:58.716,1.42379,1.42393,1.00,2.63
2017.08.14 02:48:59.265,1.42379,1.42393,1.00,3.00
2017.08.14 02:48:59.802,1.42379,1.42393,1.00,2.63
2017.08.14 02:49:00.586,1.42379,1.42393,1.00,2.25
2017.08.14 02:49:01.132,1.4238,1.42393,1.00,1.88
2017.08.14 02:49:02.118,1.4238,1.42393,1.00,1.88
2017.08.14 02:49:02.652,1.4238,1.42393,1.00,1.88
2017.08.14 02:49:03.558,1.4238,1.42393,1.00,1.88
2017.08.14 02:49:04.382,1.4238,1.42393,1.00,2.63
2017.08.14 02:49:05.077,1.4238,1.42393,1.00,2.63
2017.08.14 02:49:06.157,1.4238,1.42393,1.00,2.63
2017.08.14 02:49:06.557,1.4238,1.42393,1.00,4.12
2017.08.14 02:49:07.152,1.4238,1.42393,1.00,4.88
2017.08.14 02:49:07.529,1.42381,1.42393,1.00,4.00
2017.08.14 02:49:07.886,1.42379,1.42393,1.00,3.00
2017.08.14 02:49:08.490,1.42379,1.42393,1.00,3.37
2017.08.14 02:49:09.057,1.42379,1.42393,1.00,3.75
2017.08.14 02:49:10.301,1.42381,1.42393,1.00,4.87
2017.08.14 02:49:10.817,1.42381,1.42393,1.00,3.75
2017.08.14 02:49:11.367,1.4238,1.42393,1.00,4.13
2017.08.14 02:49:11.969,1.4238,1.42393,1.00,3.75
2017.08.14 02:49:12.481,1.4238,1.42393,1.00,4.50
2017.08.14 02:49:12.996,1.4238,1.42393,1.00,4.50
2017.08.14 02:49:13.604,1.4238,1.42393,1.00,3.75
2017.08.14 02:49:14.012,1.4238,1.42393,1.00,4.81
2017.08.14 02:49:14.537,1.4238,1.42393,1.00,4.00
2017.08.14 02:49:15.072,1.4238,1.42393,1.00,4.81
2017.08.14 02:49:15.771,1.4238,1.42393,1.00,4.75
2017.08.14 02:49:16.315,1.4238,1.42393,1.00,3.75
2017.08.14 02:49:16.878,1.4238,1.42393,1.00,5.63
2017.08.14 02:49:17.682,1.4238,1.42393,1.00,4.50
2017.08.14 02:49:18.326,1.4238,1.42393,1.00,3.75
2017.08.14 02:49:18.872,1.4238,1.42393,1.00,4.50
2017.08.14 02:49:19.444,1.4238,1.42393,1.00,3.75
2017.08.14 02:49:20.080,1.4238,1.42393,1.00,3.75
2017.08.14 02:49:20.625,1.4238,1.42393,1.00,4.13
2017.08.14 02:49:21.300,1.4238,1.42392,1.00,1.31
2017.08.14 02:49:21.674,1.4238,1.42392,1.00,1.88
2017.08.14 02:49:27.724,1.42377,1.42392,1.00,1.87
2017.08.14 02:49:37.615,1.42378,1.42392,1.00,2.25
2017.08.14 02:49:38.059,1.42378,1.42392,1.00,1.37
2017.08.14 02:49:43.909,1.42377,1.42392,1.00,3.25
2017.08.14 02:49:44.413,1.42378,1.42391,1.00,1.13
2017.08.14 02:49:44.931,1.42377,1.42391,1.00,2.13
2017.08.14 02:49:45.511,1.42377,1.42392,1.00,2.81
2017.08.14 02:49:46.020,1.42377,1.42392,1.00,2.06
2017.08.14 02:49:46.529,1.42378,1.42392,1.00,4.50
2017.08.14 02:49:47.053,1.42377,1.42392,1.00,4.32
2017.08.14 02:49:49.890,1.42377,1.42392,1.00,2.44
2017.08.14 02:49:49.992,1.42377,1.42392,1.00,2.81
2017.08.14 02:49:50.508,1.42378,1.42392,1.00,1.31
2017.08.14 02:49:52.085,1.42378,1.42393,1.00,3.56
2017.08.14 02:49:52.626,1.42378,1.42393,1.00,3.38
2017.08.14 02:49:53.353,1.42378,1.42393,1.00,3.13
2017.08.14 02:49:54.344,1.42378,1.42393,1.00,4.38
2017.08.14 02:49:54.494,1.42378,1.42393,1.00,3.62
2017.08.14 02:49:54.694,1.42381,1.42393,1.00,1.00
2017.08.14 02:49:54.797,1.42382,1.42395,1.00,1.25
2017.08.14 02:49:55.053,1.42384,1.42398,1.00,3.38
2017.08.14 02:49:55.563,1.42384,1.42398,1.00,2.25
2017.08.14 02:49:56.216,1.42384,1.42398,1.00,2.25
2017.08.14 02:49:56.818,1.42384,1.42398,1.00,1.13
2017.08.14 02:49:57.325,1.42384,1.42398,1.00,1.75
2017.08.14 02:49:57.826,1.42383,1.42398,1.00,1.75
2017.08.14 02:49:58.552,1.42383,1.42399,1.00,3.94
2017.08.14 02:49:59.078,1.42384,1.42399,1.00,4.69
2017.08.14 02:49:59.603,1.42384,1.42399,1.00,4.94
2017.08.14 02:50:00.130,1.42384,1.42399,1.00,4.94
2017.08.14 02:50:00.678,1.42384,1.42398,1.00,1.31
2017.08.14 02:50:01.235,1.42383,1.42398,1.00,1.81
2017.08.14 02:50:02.069,1.42383,1.42398,1.00,1.81
2017.08.14 02:50:02.667,1.42383,1.42399,1.00,3.19
2017.08.14 02:50:03.480,1.42383,1.42399,1.00,3.44
2017.08.14 02:50:04.205,1.42383,1.42399,1.00,3.94
2017.08.14 02:50:05.311,1.42383,1.42399,1.00,4.31
2017.08.14 02:50:06.614,1.42385,1.42399,1.00,3.75
2017.08.14 02:50:06.974,1.42383,1.42399,1.00,4.06
2017.08.14 02:50:07.624,1.42383,1.42399,1.00,4.32
2017.08.14 02:50:08.154,1.42383,1.42399,1.00,3.75
2017.08.14 02:50:09.220,1.42383,1.42398,1.00,1.87
2017.08.14 02:50:09.272,1.42377,1.42394,1.69,2.25
2017.08.14 02:50:09.375,1.42377,1.42393,1.00,1.12
2017.08.14 02:50:09.884,1.42376,1.42393,1.00,3.00
2017.08.14 02:50:10.782,1.42376,1.42393,1.00,4.89
2017.08.14 02:50:11.303,1.42376,1.42392,1.50,2.26
2017.08.14 02:50:12.075,1.42376,1.42392,1.50,1.88
2017.08.14 02:50:12.628,1.42376,1.42392,1.50,3.57
2017.08.14 02:50:13.194,1.42376,1.42392,1.50,1.88
2017.08.14 02:50:13.297,1.42376,1.42392,1.00,3.00
2017.08.14 02:50:13.766,1.42376,1.42392,1.50,1.88
2017.08.14 02:50:14.352,1.42376,1.42392,1.50,1.31
2017.08.14 02:50:14.769,1.42376,1.42392,1.50,3.00
2017.08.14 02:50:14.871,1.42376,1.42392,1.50,2.81
2017.08.14 02:50:15.176,1.42376,1.42392,1.50,3.00
2017.08.14 02:50:15.812,1.42376,1.42392,1.50,3.00
2017.08.14 02:50:15.864,1.42376,1.42392,1.50,2.43
2017.08.14 02:50:16.272,1.42376,1.42392,1.50,1.88
2017.08.14 02:50:16.426,1.42376,1.42392,1.88,1.50
2017.08.14 02:50:16.941,1.42376,1.42392,1.50,3.82
2017.08.14 02:50:17.527,1.42376,1.42392,1.50,1.50
2017.08.14 02:50:17.578,1.42375,1.42392,1.31,3.00
2017.08.14 02:50:17.630,1.42375,1.42392,1.31,4.12
2017.08.14 02:50:17.681,1.42375,1.42392,1.12,4.12
2017.08.14 02:50:17.834,1.42375,1.42392,1.31,3.37
2017.08.14 02:50:17.886,1.42375,1.42392,1.12,2.25
2017.08.14 02:50:18.488,1.42375,1.42392,1.12,3.57
2017.08.14 02:50:18.591,1.42375,1.42392,1.12,3.37
2017.08.14 02:50:19.316,1.42375,1.42392,1.12,1.69
2017.08.14 02:50:19.918,1.42375,1.42392,1.12,3.38
2017.08.14 02:50:20.242,1.42375,1.42392,1.12,3.37
2017.08.14 02:50:20.453,1.42375,1.42392,1.12,2.94
2017.08.14 02:50:20.796,1.42375,1.42392,1.12,3.56
2017.08.14 02:50:20.898,1.42375,1.42392,1.12,3.69
2017.08.14 02:50:21.421,1.42376,1.42392,1.50,1.37
2017.08.14 02:50:21.523,1.42378,1.42393,1.44,1.62
2017.08.14 02:50:21.575,1.4238,1.42395,1.00,2.81
2017.08.14 02:50:21.780,1.42379,1.42395,1.00,3.00
2017.08.14 02:50:22.186,1.4238,1.42395,1.00,1.25
2017.08.14 02:50:23.547,1.4238,1.42395,1.00,1.25
2017.08.14 02:50:24.066,1.4238,1.42395,1.50,1.31
2017.08.14 02:50:24.873,1.4238,1.42395,1.50,1.25
2017.08.14 02:50:25.556,1.4238,1.42395,1.50,1.63
2017.08.14 02:50:26.327,1.4238,1.42395,1.50,1.25
2017.08.14 02:50:26.576,1.4238,1.42395,1.50,1.63
2017.08.14 02:50:26.831,1.4238,1.42395,1.50,1.25
2017.08.14 02:50:27.137,1.4238,1.42395,1.50,1.31
2017.08.14 02:50:27.670,1.4238,1.42395,1.50,1.19
2017.08.14 02:50:28.366,1.4238,1.42395,1.00,1.25
2017.08.14 02:50:28.683,1.4238,1.42395,1.00,1.31
2017.08.14 02:50:29.305,1.4238,1.42395,1.00,1.31
2017.08.14 02:50:29.843,1.4238,1.42395,1.00,1.25
2017.08.14 02:50:30.169,1.42378,1.42394,1.00,1.31
2017.08.14 02:50:30.272,1.42376,1.42393,1.31,1.50
2017.08.14 02:50:30.885,1.42376,1.42393,1.87,5.26
2017.08.14 02:50:31.434,1.42376,1.42393,2.06,5.25
2017.08.14 02:50:31.587,1.42376,1.42393,1.87,4.44
2017.08.14 02:50:32.235,1.42376,1.42393,1.87,5.51
2017.08.14 02:50:32.778,1.42376,1.42393,1.87,4.19
2017.08.14 02:50:33.781,1.42376,1.42393,1.87,5.25
2017.08.14 02:50:34.321,1.42376,1.42393,1.87,5.51
2017.08.14 02:50:34.779,1.42376,1.42393,1.87,5.25
2017.08.14 02:50:34.881,1.42376,1.42393,1.87,4.19
2017.08.14 02:50:35.186,1.42376,1.42393,1.12,5.37
2017.08.14 02:50:35.237,1.42376,1.42393,1.12,5.37
2017.08.14 02:50:35.566,1.42376,1.42393,1.12,4.62
2017.08.14 02:50:36.088,1.42376,1.42393,1.12,4.11
2017.08.14 02:50:36.927,1.42376,1.42393,1.00,4.80
2017.08.14 02:50:37.428,1.42374,1.42391,1.31,1.00
2017.08.14 02:50:39.351,1.42373,1.4239,1.31,2.13
2017.08.14 02:50:39.902,1.42372,1.42389,1.63,1.00
2017.08.14 02:50:40.412,1.42372,1.42389,2.81,1.00
2017.08.14 02:50:40.922,1.42372,1.42389,1.87,1.00
2017.08.14 02:50:47.891,1.42372,1.42389,1.37,2.13
2017.08.14 02:50:49.154,1.42372,1.42387,1.13,1.00
2017.08.14 02:50:49.358,1.42371,1.42387,2.44,1.00
2017.08.14 02:50:49.868,1.42371,1.42387,1.69,1.00
2017.08.14 02:50:50.159,1.42371,1.42387,2.44,1.00
2017.08.14 02:50:50.689,1.42372,1.42387,1.00,1.00
2017.08.14 02:50:51.220,1.42372,1.42387,1.31,1.00
2017.08.14 02:50:51.729,1.42372,1.42387,1.31,1.00
2017.08.14 02:50:52.362,1.42372,1.42387,1.31,1.00
2017.08.14 02:50:52.880,1.42372,1.42387,1.00,1.00
2017.08.14 02:50:53.532,1.42372,1.42387,1.31,1.00
2017.08.14 02:50:54.288,1.42372,1.42387,1.13,1.00
2017.08.14 02:50:55.177,1.42371,1.42387,1.31,1.00
2017.08.14 02:50:55.733,1.42371,1.42387,2.25,1.00
2017.08.14 02:50:57.205,1.42372,1.42387,1.44,1.00
2017.08.14 02:50:57.579,1.42371,1.42387,2.25,1.00
2017.08.14 02:50:57.682,1.42371,1.42387,2.25,1.00
2017.08.14 02:50:57.784,1.42371,1.42387,1.31,1.00
2017.08.14 02:50:58.334,1.42371,1.42387,2.44,1.00
2017.08.14 02:50:58.906,1.42371,1.42387,2.44,1.00
2017.08.14 02:50:59.261,1.42371,1.42387,1.50,1.00
2017.08.14 02:51:00.098,1.42371,1.42387,2.44,1.00
2017.08.14 02:51:00.508,1.4237,1.42387,1.00,2.44
2017.08.14 02:51:00.610,1.42367,1.42384,1.37,1.31
2017.08.14 02:51:00.862,1.42367,1.42384,2.44,1.00
2017.08.14 02:51:00.914,1.42367,1.42384,3.00,1.00
2017.08.14 02:51:01.017,1.42369,1.42384,1.38,1.00
2017.08.14 02:51:01.069,1.42371,1.42385,1.44,1.00
2017.08.14 02:51:01.222,1.42377,1.42388,1.00,1.38
2017.08.14 02:51:01.530,1.42373,1.42385,1.00,1.12
2017.08.14 02:51:01.735,1.42374,1.42385,1.00,1.00
2017.08.14 02:51:01.889,1.42376,1.42388,1.00,1.81
2017.08.14 02:51:02.195,1.42374,1.42388,1.00,4.13
2017.08.14 02:51:02.378,1.42373,1.42386,1.00,2.07
2017.08.14 02:51:02.582,1.42373,1.42385,1.00,1.12
2017.08.14 02:51:02.786,1.42373,1.42385,1.00,1.88
2017.08.14 02:51:03.431,1.42373,1.42385,1.00,1.88
2017.08.14 02:51:03.941,1.42372,1.42385,1.00,4.14
2017.08.14 02:51:03.993,1.42372,1.42385,1.00,3.95
2017.08.14 02:51:04.146,1.42372,1.42385,1.00,3.95
2017.08.14 02:51:04.615,1.42372,1.42385,1.00,2.88
2017.08.14 02:51:04.666,1.42372,1.42385,1.00,2.63
2017.08.14 02:51:04.850,1.42372,1.42385,1.00,4.26
2017.08.14 02:51:05.229,1.42372,1.42385,1.00,3.95
2017.08.14 02:51:05.585,1.42372,1.42385,1.00,2.88
2017.08.14 02:51:05.756,1.42372,1.42385,1.00,3.95
2017.08.14 02:51:05.909,1.42372,1.42385,1.00,4.26
2017.08.14 02:51:06.278,1.42372,1.42385,1.00,2.82
2017.08.14 02:51:06.896,1.42372,1.42385,1.00,2.25
2017.08.14 02:51:07.597,1.42372,1.42385,1.00,2.25
2017.08.14 02:51:08.117,1.42372,1.42385,1.00,1.88
2017.08.14 02:51:08.588,1.42372,1.42385,1.00,2.25
2017.08.14 02:51:09.126,1.42372,1.42385,1.00,2.25
2017.08.14 02:51:09.335,1.42372,1.42385,1.00,2.25
2017.08.14 02:51:09.591,1.42372,1.42385,1.00,2.25
2017.08.14 02:51:10.125,1.42372,1.42385,1.00,1.88
2017.08.14 02:51:10.376,1.42372,1.42385,1.00,1.88
2017.08.14 02:51:10.427,1.42372,1.42385,1.00,1.88
2017.08.14 02:51:10.825,1.42372,1.42385,1.00,1.88
2017.08.14 02:51:11.373,1.42372,1.42385,1.00,1.88
2017.08.14 02:51:12.237,1.42372,1.42385,1.00,1.88
2017.08.14 02:51:12.288,1.42372,1.42385,1.00,1.88
2017.08.14 02:51:12.623,1.42372,1.42385,1.00,1.88
2017.08.14 02:51:13.147,1.42372,1.42385,1.00,1.88
2017.08.14 02:51:13.697,1.42372,1.42385,1.00,1.88
2017.08.14 02:51:13.867,1.42372,1.42385,1.00,1.88
2017.08.14 02:51:14.123,1.42372,1.42385,1.00,1.88
2017.08.14 02:51:14.346,1.42372,1.42385,1.00,2.25
2017.08.14 02:51:14.628,1.42372,1.42385,1.00,2.25
2017.08.14 02:51:15.076,1.42372,1.42385,1.00,2.25
2017.08.14 02:51:15.178,1.42372,1.42385,1.00,2.25
2017.08.14 02:51:15.327,1.42372,1.42385,1.00,2.25
2017.08.14 02:51:15.623,1.42372,1.42385,1.00,2.25
2017.08.14 02:51:16.327,1.42372,1.42385,1.00,1.88
2017.08.14 02:51:17.123,1.42372,1.42385,1.00,1.88
2017.08.14 02:51:17.542,1.42372,1.42385,1.00,1.31
2017.08.14 02:51:18.137,1.42372,1.42385,1.00,1.50
2017.08.14 02:51:18.827,1.42372,1.42385,1.00,1.88
2017.08.14 02:51:19.072,1.42372,1.42385,1.00,1.50
2017.08.14 02:51:19.123,1.42372,1.42385,1.00,1.88
2017.08.14 02:51:19.798,1.42372,1.42385,1.00,1.88
2017.08.14 02:51:19.951,1.42372,1.42385,1.00,1.88
2017.08.14 02:51:20.367,1.42372,1.42385,1.00,1.88
2017.08.14 02:51:20.470,1.42372,1.42385,1.00,1.88
2017.08.14 02:51:20.724,1.42374,1.42387,1.00,1.69
2017.08.14 02:51:20.939,1.42375,1.42389,1.00,1.87
2017.08.14 02:51:21.143,1.42376,1.42389,1.00,2.44
2017.08.14 02:51:21.704,1.42376,1.42389,1.00,2.06
2017.08.14 02:51:22.230,1.42377,1.42389,1.00,1.44
2017.08.14 02:51:22.739,1.42377,1.42389,1.00,1.38
2017.08.14 02:51:23.759,1.42377,1.42389,1.00,1.50
2017.08.14 02:51:24.267,1.42377,1.42389,1.00,2.06
2017.08.14 02:51:24.467,1.42377,1.42389,1.00,1.50
2017.08.14 02:51:24.627,1.42377,1.42389,1.00,2.06
2017.08.14 02:51:25.629,1.42377,1.42389,1.00,1.50
2017.08.14 02:51:26.294,1.42377,1.42389,1.00,1.88
2017.08.14 02:51:26.548,1.42377,1.42389,1.00,1.31
2017.08.14 02:51:26.700,1.42377,1.42389,1.00,2.06
2017.08.14 02:51:27.619,1.42377,1.42389,1.00,1.50
2017.08.14 02:51:28.166,1.42377,1.42389,1.00,2.06
2017.08.14 02:51:28.669,1.42377,1.42389,1.00,1.50
2017.08.14 02:51:29.673,1.42377,1.4239,1.00,2.44
2017.08.14 02:51:30.179,1.42376,1.4239,1.00,1.38
2017.08.14 02:51:30.356,1.42376,1.4239,1.00,1.44
2017.08.14 02:51:30.711,1.42376,1.4239,1.00,1.38
2017.08.14 02:51:31.226,1.42376,1.4239,1.00,1.75
2017.08.14 02:51:31.430,1.42377,1.42391,1.00,3.19
2017.08.14 02:51:31.532,1.42378,1.42391,1.00,1.00
2017.08.14 02:51:32.041,1.42378,1.42392,1.00,1.75
2017.08.14 02:51:32.632,1.42377,1.42392,1.00,1.50
2017.08.14 02:51:35.460,1.42377,1.42392,1.00,2.62
2017.08.14 02:51:35.613,1.42377,1.42392,1.00,1.50
2017.08.14 02:51:36.250,1.42377,1.42392,1.00,1.50
2017.08.14 02:51:36.759,1.42376,1.42392,1.50,1.50
2017.08.14 02:51:36.810,1.42376,1.42392,1.50,1.50
2017.08.14 02:51:36.862,1.42377,1.42392,1.44,1.00
2017.08.14 02:51:37.117,1.4238,1.42397,2.06,1.50
2017.08.14 02:51:37.219,1.42381,1.42397,1.00,1.13
2017.08.14 02:51:37.474,1.42381,1.42397,1.25,1.00
2017.08.14 02:51:37.678,1.42381,1.42397,1.00,1.13
2017.08.14 02:51:38.055,1.42381,1.42397,1.00,1.00
2017.08.14 02:51:38.276,1.42381,1.42397,1.00,1.13
2017.08.14 02:51:38.805,1.42381,1.42397,1.25,1.75
2017.08.14 02:51:39.279,1.42381,1.42397,1.00,2.25
2017.08.14 02:51:39.435,1.4238,1.42396,1.50,1.12
2017.08.14 02:51:39.487,1.42379,1.42396,2.06,4.76
2017.08.14 02:51:39.595,1.42376,1.42393,1.69,1.12
2017.08.14 02:51:40.113,1.42376,1.42393,1.25,3.57
2017.08.14 02:51:40.670,1.42374,1.42392,1.56,1.31
2017.08.14 02:51:40.773,1.42373,1.42391,1.50,2.44
2017.08.14 02:51:41.289,1.42372,1.42391,1.88,3.31
2017.08.14 02:51:41.392,1.42372,1.42391,1.50,3.88
2017.08.14 02:51:41.546,1.42372,1.42391,1.50,3.56
2017.08.14 02:51:41.654,1.42372,1.42391,1.50,3.88
2017.08.14 02:51:41.807,1.42372,1.42391,2.25,3.56
2017.08.14 02:51:42.325,1.42372,1.42391,1.88,3.19
2017.08.14 02:51:42.912,1.42372,1.4239,2.25,1.13
2017.08.14 02:51:43.461,1.42372,1.4239,2.06,2.69
2017.08.14 02:51:43.669,1.42372,1.4239,2.81,1.25
2017.08.14 02:51:43.926,1.42372,1.4239,2.06,2.69
2017.08.14 02:51:44.551,1.42372,1.4239,1.88,1.25
2017.08.14 02:51:44.726,1.42372,1.4239,2.81,1.44
2017.08.14 02:51:45.233,1.42372,1.4239,2.81,1.25
2017.08.14 02:51:45.427,1.42372,1.4239,2.81,1.38
2017.08.14 02:51:45.637,1.42372,1.4239,2.06,1.13
2017.08.14 02:51:46.476,1.42373,1.4239,1.00,1.38
2017.08.14 02:51:46.578,1.42373,1.4239,1.13,1.50
2017.08.14 02:51:46.680,1.42373,1.4239,1.00,1.38
2017.08.14 02:51:46.783,1.42373,1.4239,1.25,1.50
2017.08.14 02:51:47.293,1.42373,1.4239,1.44,1.25
2017.08.14 02:51:47.806,1.42374,1.4239,1.00,1.50
2017.08.14 02:51:47.909,1.42372,1.4239,1.50,2.63
2017.08.14 02:51:48.011,1.42371,1.42389,3.37,1.50
2017.08.14 02:51:48.630,1.42371,1.42389,3.37,2.75
2017.08.14 02:51:49.428,1.42371,1.42389,4.50,3.31
2017.08.14 02:51:49.662,1.42372,1.42389,2.81,1.69
2017.08.14 02:51:49.823,1.42375,1.42389,1.00,1.00
2017.08.14 02:51:50.333,1.42374,1.42389,1.00,1.13
2017.08.14 02:51:50.854,1.42375,1.4239,1.00,1.50
2017.08.14 02:51:51.367,1.42375,1.4239,1.00,1.00
2017.08.14 02:51:52.427,1.42375,1.4239,1.00,1.44
2017.08.14 02:51:52.915,1.42373,1.4239,1.25,2.94
2017.08.14 02:51:53.169,1.42373,1.4239,1.13,1.69
2017.08.14 02:51:53.220,1.42373,1.4239,1.38,1.69
2017.08.14 02:51:53.271,1.42373,1.4239,1.44,1.88
2017.08.14 02:51:53.478,1.42374,1.4239,1.00,1.75
2017.08.14 02:51:53.631,1.42374,1.4239,1.00,1.00
2017.08.14 02:51:54.478,1.42375,1.4239,1.00,1.25
2017.08.14 02:51:55.907,1.42375,1.4239,1.00,1.88
2017.08.14 02:51:55.991,1.42375,1.4239,1.00,1.88
2017.08.14 02:51:56.147,1.42373,1.4239,1.00,1.69
2017.08.14 02:51:56.249,1.42375,1.4239,1.00,1.69
2017.08.14 02:51:56.877,1.42375,1.4239,1.00,1.88
2017.08.14 02:51:57.121,1.42373,1.4239,1.13,1.88
2017.08.14 02:51:57.223,1.42375,1.4239,1.00,1.25
2017.08.14 02:51:57.739,1.42374,1.4239,1.25,1.88
2017.08.14 02:51:58.469,1.42374,1.4239,1.25,1.25
2017.08.14 02:51:58.876,1.42376,1.4239,1.00,1.44
2017.08.14 02:51:58.986,1.42376,1.42391,1.88,1.25
2017.08.14 02:51:59.344,1.42374,1.42391,2.81,1.00
2017.08.14 02:51:59.548,1.42374,1.42391,1.25,2.69
2017.08.14 02:52:00.176,1.42374,1.42391,1.19,1.00
2017.08.14 02:52:00.876,1.42374,1.42391,1.50,1.00
2017.08.14 02:52:01.428,1.42374,1.42391,1.44,1.00
2017.08.14 02:52:01.939,1.42374,1.42391,1.25,1.00
2017.08.14 02:52:02.042,1.42374,1.42391,1.38,1.00
2017.08.14 02:52:02.145,1.42374,1.42391,1.00,1.00
2017.08.14 02:52:02.565,1.42374,1.42391,1.50,2.31
2017.08.14 02:52:02.668,1.42374,1.42391,2.06,1.00
2017.08.14 02:52:02.770,1.42374,1.42391,2.81,1.00
2017.08.14 02:52:03.279,1.42375,1.42391,1.12,2.13
2017.08.14 02:52:03.637,1.42374,1.42391,1.50,1.00
2017.08.14 02:52:04.934,1.42373,1.42391,2.25,3.25
2017.08.14 02:52:05.505,1.42373,1.42391,2.44,2.31
2017.08.14 02:52:06.072,1.42373,1.42391,1.31,2.88
2017.08.14 02:52:06.225,1.42373,1.42391,1.69,2.69
2017.08.14 02:52:06.383,1.42372,1.42391,2.06,1.00
2017.08.14 02:52:06.434,1.42372,1.42391,2.25,1.00
2017.08.14 02:52:06.486,1.42372,1.42391,3.38,1.00
2017.08.14 02:52:07.181,1.42373,1.42391,1.31,2.69
2017.08.14 02:52:07.720,1.42373,1.42391,1.31,2.69
2017.08.14 02:52:08.515,1.42373,1.42391,1.44,1.00
2017.08.14 02:52:08.647,1.42372,1.42391,3.19,1.00
2017.08.14 02:52:08.926,1.42373,1.42391,1.38,2.69
2017.08.14 02:52:09.374,1.42372,1.42391,3.38,1.13
2017.08.14 02:52:09.425,1.42373,1.42391,1.00,1.00
2017.08.14 02:52:10.239,1.42372,1.42391,2.25,2.31
2017.08.14 02:52:10.756,1.42373,1.4239,1.31,1.13
2017.08.14 02:52:11.466,1.42373,1.4239,1.50,1.00
2017.08.14 02:52:12.117,1.42373,1.4239,2.25,1.00
2017.08.14 02:52:12.818,1.42373,1.4239,1.50,2.13
2017.08.14 02:52:13.390,1.42373,1.4239,1.50,2.13
2017.08.14 02:52:13.927,1.42373,1.4239,1.50,2.13
2017.08.14 02:52:14.650,1.42372,1.4239,2.06,1.00
2017.08.14 02:52:15.169,1.42372,1.4239,3.00,2.13
2017.08.14 02:52:15.804,1.42373,1.4239,1.25,1.00
2017.08.14 02:52:16.115,1.42373,1.4239,1.50,1.00
2017.08.14 02:52:16.326,1.42373,1.4239,1.00,1.00
2017.08.14 02:52:16.479,1.42373,1.4239,1.38,1.00
2017.08.14 02:52:16.733,1.42373,1.4239,1.25,1.00
2017.08.14 02:52:16.887,1.42373,1.4239,1.31,1.00
2017.08.14 02:52:17.193,1.42373,1.4239,1.25,1.00
2017.08.14 02:52:17.245,1.42373,1.4239,1.50,1.00
2017.08.14 02:52:17.703,1.42373,1.4239,1.25,1.00
2017.08.14 02:52:17.891,1.42373,1.4239,1.50,1.00
2017.08.14 02:52:18.398,1.42373,1.4239,3.00,1.00
2017.08.14 02:52:18.731,1.42376,1.4239,1.19,1.00
2017.08.14 02:52:18.833,1.42378,1.42394,1.69,1.12
2017.08.14 02:52:18.885,1.42379,1.42394,1.31,1.25
2017.08.14 02:52:19.193,1.42379,1.42394,1.69,1.00
2017.08.14 02:52:19.660,1.42379,1.42395,1.31,1.00
2017.08.14 02:52:19.966,1.4238,1.42396,1.38,1.31
2017.08.14 02:52:20.617,1.4238,1.42396,1.38,1.00
2017.08.14 02:52:20.669,1.42379,1.42396,2.25,1.00
2017.08.14 02:52:20.899,1.42379,1.42396,2.44,1.00
2017.08.14 02:52:21.058,1.42379,1.42396,1.69,1.69
2017.08.14 02:52:21.316,1.42379,1.42396,1.31,1.00
2017.08.14 02:52:21.618,1.42379,1.42396,1.87,1.31
2017.08.14 02:52:22.156,1.42379,1.42396,1.63,1.25
2017.08.14 02:52:22.688,1.42379,1.42396,2.06,1.69
2017.08.14 02:52:22.741,1.42379,1.42396,1.12,1.00
2017.08.14 02:52:22.792,1.42379,1.42396,1.63,1.00
2017.08.14 02:52:23.471,1.4238,1.42396,1.25,1.00
2017.08.14 02:52:23.981,1.42379,1.42396,1.44,1.00
2017.08.14 02:52:24.286,1.42379,1.42396,2.19,1.00
2017.08.14 02:52:24.822,1.42379,1.42396,2.06,1.00
2017.08.14 02:52:25.088,1.42379,1.42396,2.63,1.00
2017.08.14 02:52:25.139,1.42379,1.42396,2.25,1.00
2017.08.14 02:52:25.326,1.42379,1.42396,2.25,1.00
2017.08.14 02:52:25.530,1.42379,1.42396,2.63,1.00
2017.08.14 02:52:26.112,1.4238,1.42396,1.69,1.00
2017.08.14 02:52:26.625,1.4238,1.42396,1.25,1.00
2017.08.14 02:52:29.690,1.4238,1.42396,1.44,1.00
2017.08.14 02:52:30.221,1.42379,1.42396,2.63,1.00
2017.08.14 02:52:30.584,1.42379,1.42396,3.00,1.00
2017.08.14 02:52:31.176,1.42379,1.42396,1.50,3.63
2017.08.14 02:52:31.686,1.42378,1.42396,1.31,2.50
2017.08.14 02:52:32.197,1.42378,1.42396,1.31,2.56
2017.08.14 02:52:32.731,1.42378,1.42396,1.31,2.50
2017.08.14 02:52:33.282,1.42378,1.42396,2.06,2.56
2017.08.14 02:52:33.704,1.42378,1.42396,1.31,2.56
2017.08.14 02:52:33.806,1.42378,1.42396,1.31,2.56
2017.08.14 02:52:35.157,1.42378,1.42396,1.25,2.44
2017.08.14 02:52:35.704,1.42378,1.42396,1.25,1.44
2017.08.14 02:52:36.869,1.42378,1.42396,1.00,2.94
2017.08.14 02:52:39.686,1.42378,1.42395,1.00,1.12
2017.08.14 02:52:40.208,1.42378,1.42394,1.25,1.13
2017.08.14 02:52:40.550,1.42378,1.42394,1.38,1.00
2017.08.14 02:52:40.652,1.42378,1.42394,1.38,1.00
2017.08.14 02:52:40.978,1.42378,1.42394,1.88,1.00
2017.08.14 02:52:41.233,1.4238,1.42396,1.69,1.00
2017.08.14 02:52:41.742,1.4238,1.42396,1.87,1.00
2017.08.14 02:52:42.379,1.4238,1.42396,2.63,1.00
2017.08.14 02:52:42.912,1.4238,1.42396,2.44,1.00
2017.08.14 02:52:43.116,1.4238,1.42396,1.69,1.00
2017.08.14 02:52:43.634,1.4238,1.42396,1.25,2.13
2017.08.14 02:52:45.842,1.4238,1.42396,1.25,1.00
2017.08.14 02:52:45.995,1.42377,1.42394,1.25,1.50
2017.08.14 02:52:46.250,1.42375,1.42393,1.12,1.69
2017.08.14 02:52:46.301,1.42375,1.42393,1.12,3.06
2017.08.14 02:52:46.925,1.42375,1.42392,1.87,1.50
2017.08.14 02:52:47.435,1.42375,1.42392,1.25,2.50
2017.08.14 02:52:47.967,1.42375,1.42392,1.31,2.50
2017.08.14 02:52:49.413,1.42375,1.42392,1.25,2.88
2017.08.14 02:52:50.216,1.42375,1.42391,1.19,1.13
2017.08.14 02:52:50.776,1.42375,1.42391,1.25,2.62
2017.08.14 02:52:56.171,1.42379,1.42391,1.00,1.38
2017.08.14 02:53:10.601,1.42379,1.42391,1.00,1.88
2017.08.14 02:53:20.624,1.42381,1.42391,1.00,1.00
2017.08.14 02:53:21.166,1.42381,1.42391,1.00,1.13
2017.08.14 02:53:21.677,1.42381,1.42391,1.00,1.00
2017.08.14 02:53:22.368,1.42381,1.42391,1.00,1.13
2017.08.14 02:53:22.876,1.42381,1.42391,1.00,1.88
2017.08.14 02:53:23.525,1.42381,1.42391,1.00,1.88
2017.08.14 02:53:24.086,1.42381,1.42391,1.00,2.12
2017.08.14 02:53:26.432,1.42381,1.42391,1.00,1.13
2017.08.14 02:53:26.636,1.42379,1.42391,1.00,2.63
2017.08.14 02:53:27.160,1.4238,1.42391,1.00,2.87
2017.08.14 02:53:29.042,1.42381,1.42391,1.00,1.00
2017.08.14 02:53:29.145,1.42379,1.42391,1.00,1.88
2017.08.14 02:53:29.501,1.42381,1.42391,1.00,1.50
2017.08.14 02:53:30.628,1.42381,1.42391,1.00,1.88
2017.08.14 02:53:31.166,1.4238,1.42391,1.00,1.88
2017.08.14 02:53:36.442,1.42379,1.42391,1.00,1.38
2017.08.14 02:53:36.775,1.42382,1.42392,1.00,2.06
2017.08.14 02:53:36.929,1.42379,1.42391,1.00,1.12
2017.08.14 02:53:40.178,1.42379,1.42391,1.00,1.88
2017.08.14 02:53:40.720,1.42379,1.4239,1.00,1.12
2017.08.14 02:53:41.380,1.42379,1.4239,1.00,1.88
2017.08.14 02:53:41.918,1.42379,1.4239,1.00,1.88
2017.08.14 02:53:42.955,1.42379,1.4239,1.00,1.88
2017.08.14 02:53:43.614,1.42379,1.4239,1.00,1.38
2017.08.14 02:53:44.159,1.42379,1.4239,1.00,1.13
2017.08.14 02:53:44.682,1.4238,1.4239,1.00,1.13
2017.08.14 02:53:45.425,1.4238,1.4239,1.00,1.88
2017.08.14 02:53:45.933,1.4238,1.4239,1.00,1.88
2017.08.14 02:53:46.464,1.4238,1.4239,1.00,2.06
2017.08.14 02:53:46.997,1.42381,1.4239,1.00,2.87
2017.08.14 02:53:47.525,1.4238,1.4239,1.00,2.31
2017.08.14 02:53:48.818,1.4238,1.4239,1.00,1.13
2017.08.14 02:53:49.417,1.4238,1.4239,1.00,1.00
2017.08.14 02:53:49.925,1.42379,1.42391,1.00,2.06
2017.08.14 02:53:50.887,1.4238,1.42391,1.00,3.00
2017.08.14 02:53:51.395,1.42379,1.42391,1.00,3.06
2017.08.14 02:53:52.251,1.42381,1.42391,1.00,1.13
2017.08.14 02:53:52.603,1.42378,1.42391,1.00,2.69
2017.08.14 02:53:53.112,1.42379,1.42391,1.00,2.81
2017.08.14 02:53:53.640,1.4238,1.4239,1.00,1.31
2017.08.14 02:53:53.845,1.42382,1.42392,1.00,1.94
2017.08.14 02:53:53.948,1.42381,1.42392,1.00,1.69
2017.08.14 02:53:54.479,1.42382,1.42393,1.00,1.50
2017.08.14 02:53:54.583,1.42384,1.42395,1.00,1.88
2017.08.14 02:53:54.943,1.42385,1.42397,1.00,2.81
2017.08.14 02:53:55.046,1.42383,1.42396,1.00,2.06
2017.08.14 02:53:55.451,1.42386,1.42396,1.00,1.31
2017.08.14 02:53:55.917,1.42386,1.42397,1.00,2.81
2017.08.14 02:53:56.171,1.42386,1.42397,1.00,2.81
2017.08.14 02:53:56.478,1.42386,1.42397,1.00,2.62
2017.08.14 02:53:56.718,1.42385,1.42397,1.00,2.81
2017.08.14 02:53:57.189,1.42385,1.42397,1.00,2.82
2017.08.14 02:53:57.241,1.42385,1.42397,1.00,2.81
2017.08.14 02:53:57.547,1.42384,1.42397,1.00,2.82
2017.08.14 02:53:57.742,1.42384,1.42397,1.00,2.81
2017.08.14 02:53:58.402,1.42384,1.42397,1.00,3.06
2017.08.14 02:53:58.758,1.42384,1.42397,1.00,2.06
2017.08.14 02:53:59.012,1.42386,1.42397,1.00,2.81
2017.08.14 02:53:59.114,1.42386,1.42397,1.00,2.06
2017.08.14 02:53:59.521,1.42385,1.42397,1.00,2.82
2017.08.14 02:53:59.624,1.42385,1.42397,1.00,2.06
2017.08.14 02:53:59.807,1.42385,1.42397,1.00,2.06
2017.08.14 02:54:00.011,1.42385,1.42397,1.00,1.88
2017.08.14 02:54:00.316,1.42383,1.42397,1.00,3.00
2017.08.14 02:54:00.674,1.42385,1.42397,1.00,3.56
2017.08.14 02:54:00.980,1.42385,1.42397,1.00,2.94
2017.08.14 02:54:01.083,1.42385,1.42397,1.00,3.75
2017.08.14 02:54:01.134,1.42383,1.42397,1.00,4.06
2017.08.14 02:54:01.392,1.42385,1.42397,1.00,3.25
2017.08.14 02:54:01.444,1.42385,1.42397,1.00,2.81
2017.08.14 02:54:01.946,1.42385,1.42397,1.00,3.12
2017.08.14 02:54:02.353,1.42384,1.42397,1.00,3.37
2017.08.14 02:54:02.812,1.42379,1.42391,1.00,2.25
2017.08.14 02:54:02.864,1.42378,1.42391,1.00,4.88
2017.08.14 02:54:02.915,1.42377,1.42391,1.00,7.12
2017.08.14 02:54:03.032,1.42375,1.42388,1.00,2.06
2017.08.14 02:54:03.083,1.42375,1.42388,1.00,3.37
2017.08.14 02:54:03.493,1.42373,1.42386,1.00,1.13
2017.08.14 02:54:03.800,1.42374,1.42386,1.00,1.25
2017.08.14 02:54:03.954,1.42376,1.42386,1.00,1.00
2017.08.14 02:54:04.611,1.42374,1.42387,1.00,1.50
2017.08.14 02:54:05.124,1.42374,1.42387,1.00,1.50
2017.08.14 02:54:05.390,1.42374,1.42387,1.00,1.50
2017.08.14 02:54:05.647,1.42374,1.42387,1.00,1.50
2017.08.14 02:54:06.160,1.42374,1.42387,1.00,2.13
2017.08.14 02:54:07.338,1.42374,1.42387,1.00,1.44
2017.08.14 02:54:07.543,1.42376,1.42387,1.00,1.00
2017.08.14 02:54:07.646,1.42376,1.42388,1.00,2.81
2017.08.14 02:54:07.794,1.42374,1.42388,1.00,4.13
2017.08.14 02:54:08.800,1.42374,1.42388,1.00,4.12
2017.08.14 02:54:09.325,1.42374,1.42388,1.00,3.69
2017.08.14 02:54:09.681,1.42374,1.42388,1.00,3.00
2017.08.14 02:54:09.784,1.42377,1.42388,1.00,2.81
2017.08.14 02:54:10.309,1.42376,1.42388,1.00,2.25
2017.08.14 02:54:10.818,1.42376,1.42388,1.00,2.06
2017.08.14 02:54:10.869,1.42374,1.42388,1.00,1.31
2017.08.14 02:54:11.379,1.42375,1.42388,1.00,3.25
2017.08.14 02:54:11.838,1.42375,1.42388,1.00,4.12
2017.08.14 02:54:12.101,1.42375,1.42388,1.00,2.94
2017.08.14 02:54:12.255,1.42374,1.42388,1.00,2.94
2017.08.14 02:54:12.563,1.42376,1.42388,1.00,4.13
2017.08.14 02:54:12.818,1.42374,1.42388,1.00,3.19
2017.08.14 02:54:13.346,1.42374,1.42388,1.00,3.56
2017.08.14 02:54:13.850,1.42374,1.42388,1.00,4.12
2017.08.14 02:54:14.392,1.42374,1.42388,1.00,2.62
2017.08.14 02:54:14.986,1.42374,1.42388,1.00,1.50
2017.08.14 02:54:16.120,1.42374,1.42388,1.00,1.50
2017.08.14 02:54:16.666,1.42374,1.42388,1.00,1.50
2017.08.14 02:54:16.960,1.42374,1.42388,1.00,2.25
2017.08.14 02:54:17.646,1.42374,1.42388,1.00,3.19
2017.08.14 02:54:18.252,1.42375,1.42388,1.00,1.50
2017.08.14 02:54:18.869,1.42374,1.42388,1.00,3.00
2017.08.14 02:54:19.394,1.42375,1.42388,1.00,1.81
2017.08.14 02:54:21.243,1.42375,1.42388,1.00,3.37
2017.08.14 02:54:23.059,1.42376,1.42388,1.00,1.12
2017.08.14 02:54:23.263,1.42378,1.42388,1.00,1.00
2017.08.14 02:54:23.569,1.42372,1.42388,2.25,1.00
2017.08.14 02:54:25.439,1.42373,1.42388,1.75,1.00
2017.08.14 02:54:25.647,1.42372,1.42388,1.81,1.00
2017.08.14 02:54:25.750,1.42371,1.42387,2.06,1.00
2017.08.14 02:54:26.210,1.42371,1.42387,1.31,1.00
2017.08.14 02:54:26.570,1.42373,1.42387,1.50,1.00
2017.08.14 02:54:26.621,1.42371,1.42389,1.87,1.75
2017.08.14 02:54:26.775,1.42373,1.42389,1.00,2.44
2017.08.14 02:54:27.361,1.42371,1.42388,2.44,2.06
2017.08.14 02:54:28.249,1.42371,1.42388,2.44,3.06
2017.08.14 02:54:29.618,1.4237,1.42387,1.00,1.69
2017.08.14 02:54:29.722,1.42368,1.42386,1.25,2.62
2017.08.14 02:54:29.824,1.42367,1.42384,1.81,2.06
2017.08.14 02:54:30.181,1.42367,1.42383,1.37,1.88
2017.08.14 02:54:30.436,1.42366,1.42382,1.25,1.87
2017.08.14 02:54:30.488,1.42363,1.42381,2.06,1.87
2017.08.14 02:54:30.998,1.42364,1.42381,1.44,3.00
2017.08.14 02:54:31.508,1.42364,1.4238,1.44,1.69
2017.08.14 02:54:32.106,1.42364,1.4238,1.44,1.31
2017.08.14 02:54:32.616,1.42363,1.42381,2.44,3.00
2017.08.14 02:54:33.272,1.42363,1.42381,2.44,2.37
2017.08.14 02:54:33.783,1.42364,1.42381,1.00,3.12
2017.08.14 02:54:34.492,1.42363,1.42381,2.63,3.12
2017.08.14 02:54:35.094,1.42363,1.42381,2.44,2.50
2017.08.14 02:54:35.916,1.42363,1.42381,2.44,2.75
2017.08.14 02:54:36.441,1.42364,1.42381,1.50,1.50
2017.08.14 02:54:36.978,1.42363,1.42381,3.19,1.50
2017.08.14 02:54:37.448,1.42363,1.4238,1.69,1.12
2017.08.14 02:54:37.817,1.42363,1.4238,1.69,1.12
2017.08.14 02:54:38.467,1.42363,1.4238,2.44,1.12
2017.08.14 02:54:39.887,1.42364,1.4238,1.44,1.50
2017.08.14 02:54:40.786,1.42364,1.4238,1.00,1.12
2017.08.14 02:54:40.938,1.42364,1.4238,1.63,1.50
2017.08.14 02:54:43.178,1.42364,1.4238,1.44,1.50
2017.08.14 02:54:43.688,1.42363,1.4238,2.25,1.69
2017.08.14 02:54:44.399,1.42363,1.4238,3.00,1.88
2017.08.14 02:54:44.907,1.42362,1.4238,2.44,1.69
2017.08.14 02:54:46.126,1.42364,1.4238,1.00,1.69
2017.08.14 02:54:46.651,1.42363,1.4238,1.13,1.88
2017.08.14 02:54:47.178,1.42363,1.4238,1.88,1.88
2017.08.14 02:54:47.680,1.42363,1.4238,1.88,1.88
2017.08.14 02:54:48.244,1.42364,1.4238,1.50,1.88
2017.08.14 02:54:48.654,1.42363,1.4238,2.81,1.50
2017.08.14 02:54:49.111,1.42364,1.4238,1.00,1.50
2017.08.14 02:54:50.478,1.42363,1.4238,2.81,2.25
2017.08.14 02:54:51.018,1.42363,1.4238,2.63,1.88
2017.08.14 02:54:51.119,1.42363,1.4238,1.88,1.12
2017.08.14 02:54:51.628,1.42363,1.4238,1.88,1.12
2017.08.14 02:54:53.121,1.42363,1.4238,1.88,2.50
2017.08.14 02:54:53.650,1.42363,1.4238,2.06,1.50
2017.08.14 02:54:54.157,1.42363,1.4238,1.88,2.50
2017.08.14 02:54:54.717,1.42363,1.4238,2.63,2.25
2017.08.14 02:54:55.820,1.42364,1.4238,1.00,1.00
2017.08.14 02:54:56.440,1.42363,1.4238,1.88,2.31
2017.08.14 02:54:56.976,1.42363,1.4238,2.63,3.06
2017.08.14 02:54:58.905,1.42363,1.4238,2.81,3.44
2017.08.14 02:54:59.422,1.42365,1.4238,1.00,2.06
2017.08.14 02:54:59.946,1.42364,1.42379,1.50,1.31
2017.08.14 02:55:00.566,1.42365,1.42379,1.00,1.50
2017.08.14 02:55:01.648,1.42364,1.42379,1.31,2.31
2017.08.14 02:55:02.151,1.42363,1.42379,2.81,1.31
2017.08.14 02:55:02.461,1.42363,1.42379,2.81,1.63
2017.08.14 02:55:03.265,1.42364,1.42379,1.12,1.25
2017.08.14 02:55:05.470,1.42363,1.42379,2.81,1.00
2017.08.14 02:55:05.572,1.42363,1.42379,3.56,1.00
2017.08.14 02:55:05.623,1.42364,1.42381,1.31,1.50
2017.08.14 02:55:05.828,1.42366,1.42381,1.00,1.25
2017.08.14 02:55:06.355,1.42365,1.42381,1.31,1.44
2017.08.14 02:55:06.558,1.42366,1.42382,1.00,3.56
2017.08.14 02:55:07.066,1.42365,1.42382,1.13,3.75
2017.08.14 02:55:07.662,1.42364,1.42382,2.25,3.94
2017.08.14 02:55:08.184,1.42365,1.42382,1.00,3.37
2017.08.14 02:55:08.713,1.42364,1.42382,1.69,4.31
2017.08.14 02:55:09.264,1.42365,1.42382,1.00,3.37
2017.08.14 02:55:09.814,1.42366,1.42381,1.00,1.12
2017.08.14 02:55:10.325,1.42366,1.42381,1.00,2.56
2017.08.14 02:55:10.845,1.42365,1.42381,1.00,2.56
2017.08.14 02:55:11.362,1.42366,1.42381,1.00,2.56
2017.08.14 02:55:11.611,1.42364,1.42381,1.50,1.88
2017.08.14 02:55:12.672,1.42364,1.42381,1.69,1.88
2017.08.14 02:55:13.196,1.42364,1.42381,1.12,3.75
2017.08.14 02:55:13.744,1.42364,1.42381,1.31,3.75
2017.08.14 02:55:16.663,1.42364,1.42381,1.31,3.38
2017.08.14 02:55:17.172,1.42364,1.42381,1.12,3.75
2017.08.14 02:55:17.713,1.42363,1.42381,3.68,3.75
2017.08.14 02:55:18.865,1.42365,1.42381,1.00,3.38
2017.08.14 02:55:20.160,1.42364,1.42381,1.00,3.00
2017.08.14 02:55:21.530,1.42365,1.42381,1.00,3.00
2017.08.14 02:55:22.088,1.42366,1.42381,1.00,3.75
2017.08.14 02:55:22.609,1.42365,1.42381,1.00,3.75
2017.08.14 02:55:23.131,1.42365,1.4238,1.00,1.12
2017.08.14 02:55:23.927,1.42365,1.4238,1.00,1.88
2017.08.14 02:55:24.436,1.42365,1.4238,1.00,2.87
2017.08.14 02:55:24.963,1.42363,1.4238,1.69,2.13
2017.08.14 02:55:26.174,1.42364,1.4238,1.00,2.13
2017.08.14 02:55:26.726,1.42363,1.42379,1.12,1.50
2017.08.14 02:55:26.829,1.42361,1.42378,1.25,1.31
2017.08.14 02:55:26.881,1.42361,1.42377,1.69,1.50
2017.08.14 02:55:27.240,1.42361,1.42377,2.44,1.00
2017.08.14 02:55:27.291,1.42361,1.42377,1.88,1.00
2017.08.14 02:55:27.418,1.42361,1.42377,2.44,1.00
2017.08.14 02:55:27.930,1.42361,1.42377,2.25,1.00
2017.08.14 02:55:28.474,1.42361,1.42377,1.69,1.00
2017.08.14 02:55:29.066,1.42361,1.42377,2.25,1.00
2017.08.14 02:55:29.659,1.42361,1.42377,2.44,1.00
2017.08.14 02:55:29.974,1.42361,1.42377,1.69,1.00
2017.08.14 02:55:30.312,1.42361,1.42377,3.19,1.00
2017.08.14 02:55:30.548,1.42361,1.42377,1.69,1.00
2017.08.14 02:55:31.052,1.42361,1.42377,2.25,1.00
2017.08.14 02:55:31.257,1.42362,1.42378,1.75,1.00
2017.08.14 02:55:31.359,1.42362,1.42378,1.38,1.50
2017.08.14 02:55:31.461,1.42361,1.42378,2.25,2.13
2017.08.14 02:55:31.716,1.42361,1.42378,2.25,2.62
2017.08.14 02:55:32.291,1.42361,1.42378,2.25,3.00
2017.08.14 02:55:32.877,1.42361,1.42378,2.06,2.62
2017.08.14 02:55:33.415,1.42361,1.42378,2.25,3.00
2017.08.14 02:55:33.532,1.42361,1.42378,1.88,2.62
2017.08.14 02:55:33.685,1.42361,1.42378,2.25,2.63
2017.08.14 02:55:34.345,1.42361,1.42378,2.25,2.50
2017.08.14 02:55:34.703,1.42362,1.42378,1.50,2.69
2017.08.14 02:55:34.805,1.42362,1.42378,2.25,1.50
2017.08.14 02:55:35.314,1.42361,1.42378,3.38,2.69
2017.08.14 02:55:35.873,1.42361,1.42378,3.38,2.69
2017.08.14 02:55:36.387,1.42361,1.42378,3.38,2.69
2017.08.14 02:55:37.379,1.42361,1.42378,3.38,2.69
2017.08.14 02:55:37.481,1.42361,1.42378,3.19,2.50
2017.08.14 02:55:37.786,1.42361,1.42378,3.38,2.69
2017.08.14 02:55:37.946,1.42361,1.42378,3.38,2.50
2017.08.14 02:55:38.102,1.42361,1.42378,4.13,2.69
2017.08.14 02:55:38.153,1.42361,1.42378,3.38,2.50
2017.08.14 02:55:38.662,1.42361,1.42378,3.38,2.69
2017.08.14 02:55:38.922,1.42362,1.42378,1.75,2.69
2017.08.14 02:55:39.075,1.42363,1.42378,1.88,1.00
2017.08.14 02:55:39.127,1.42365,1.42378,1.50,1.00
2017.08.14 02:55:39.272,1.42365,1.42379,1.25,1.00
2017.08.14 02:55:39.781,1.42363,1.42379,1.88,1.00
2017.08.14 02:55:40.296,1.42364,1.42379,1.13,1.00
2017.08.14 02:55:41.132,1.42364,1.42379,1.13,1.00
2017.08.14 02:55:41.339,1.42363,1.42379,1.50,1.38
2017.08.14 02:55:41.873,1.42361,1.42378,1.50,2.44
2017.08.14 02:55:42.384,1.42362,1.42376,1.00,1.12
2017.08.14 02:55:42.435,1.42362,1.42376,1.00,1.87
2017.08.14 02:55:42.969,1.42361,1.42376,1.69,2.12
2017.08.14 02:55:43.476,1.4236,1.42376,3.00,1.00
2017.08.14 02:55:44.045,1.42361,1.42376,1.75,1.00
2017.08.14 02:55:44.147,1.42362,1.42376,1.00,1.12
2017.08.14 02:55:44.198,1.42362,1.42376,1.38,1.12
2017.08.14 02:55:44.454,1.42363,1.42376,1.87,1.00
2017.08.14 02:55:44.556,1.42363,1.42378,1.31,1.25
2017.08.14 02:55:44.607,1.42363,1.42378,1.31,2.13
2017.08.14 02:55:44.913,1.42362,1.42378,2.06,1.25
2017.08.14 02:55:45.271,1.42363,1.42379,1.50,1.69
2017.08.14 02:55:45.618,1.42363,1.42379,2.63,2.13
2017.08.14 02:55:46.026,1.42363,1.42379,1.50,1.00
2017.08.14 02:55:46.077,1.42363,1.42379,1.38,1.88
2017.08.14 02:55:46.332,1.42363,1.42379,2.06,1.00
2017.08.14 02:55:46.638,1.42363,1.42379,1.50,2.31
2017.08.14 02:55:46.791,1.42363,1.42379,2.25,2.31
2017.08.14 02:55:47.336,1.42363,1.42379,2.25,1.00
2017.08.14 02:55:47.872,1.42363,1.42379,2.25,1.00
2017.08.14 02:55:48.397,1.42363,1.42379,2.06,1.00
2017.08.14 02:55:49.388,1.42363,1.42379,1.46,1.00
2017.08.14 02:55:50.115,1.42363,1.42379,1.27,1.00
2017.08.14 02:55:50.400,1.42363,1.42379,1.46,1.00
2017.08.14 02:55:50.908,1.42364,1.42379,1.00,1.00
2017.08.14 02:55:51.927,1.42363,1.42379,2.21,1.00
2017.08.14 02:55:52.410,1.42363,1.42379,1.12,1.69
2017.08.14 02:55:52.961,1.42363,1.42379,1.27,1.69
2017.08.14 02:55:53.496,1.42363,1.42379,1.84,1.88
2017.08.14 02:55:54.071,1.42363,1.42379,1.84,1.88
2017.08.14 02:55:54.496,1.42362,1.42379,1.84,1.00
2017.08.14 02:55:54.649,1.42362,1.42379,2.02,1.00
2017.08.14 02:55:54.955,1.42363,1.42379,2.02,1.50
2017.08.14 02:55:55.209,1.42363,1.42379,1.46,2.13
2017.08.14 02:55:55.261,1.42363,1.42379,1.46,1.69
2017.08.14 02:55:56.639,1.42363,1.42379,1.84,1.25
2017.08.14 02:55:56.994,1.42363,1.42377,1.84,1.00
2017.08.14 02:55:57.046,1.42369,1.42378,1.00,1.25
2017.08.14 02:55:58.151,1.42368,1.42378,1.00,1.25
2017.08.14 02:55:58.591,1.4237,1.42378,1.00,1.25
2017.08.14 02:55:59.626,1.42368,1.42378,1.00,1.00
2017.08.14 02:56:02.368,1.42368,1.42378,1.00,3.56
2017.08.14 02:56:02.420,1.42366,1.42378,1.00,5.62
2017.08.14 02:56:02.779,1.42368,1.42378,1.00,4.32
2017.08.14 02:56:02.932,1.42366,1.42378,1.00,4.50
2017.08.14 02:56:03.414,1.42366,1.42378,1.00,3.00
2017.08.14 02:56:05.298,1.42368,1.42377,1.00,1.50
2017.08.14 02:56:05.554,1.42368,1.42378,1.00,1.13
2017.08.14 02:56:05.605,1.42368,1.42379,1.00,2.96
2017.08.14 02:56:05.810,1.4237,1.42379,1.00,1.58
2017.08.14 02:56:06.319,1.42369,1.42379,1.00,1.31
2017.08.14 02:56:06.830,1.4237,1.42379,1.00,1.12
2017.08.14 02:56:07.351,1.42369,1.42379,1.00,1.31
2017.08.14 02:56:07.657,1.42367,1.42378,1.00,1.12
2017.08.14 02:56:08.675,1.42366,1.42376,1.00,1.31
2017.08.14 02:56:09.110,1.42366,1.42376,1.00,1.38
2017.08.14 02:56:09.986,1.42366,1.42376,1.00,1.25
2017.08.14 02:56:10.502,1.42367,1.42376,1.00,1.25
2017.08.14 02:56:11.092,1.42367,1.42376,1.00,2.50
2017.08.14 02:56:14.663,1.42366,1.42376,1.00,2.56
2017.08.14 02:56:16.363,1.42368,1.42376,1.00,2.56
2017.08.14 02:56:16.414,1.42366,1.42376,1.00,2.56
2017.08.14 02:56:16.581,1.42364,1.42376,1.00,2.56
2017.08.14 02:56:17.437,1.42364,1.42377,1.00,1.88
2017.08.14 02:56:17.946,1.42365,1.42377,1.00,1.88
2017.08.14 02:56:18.157,1.42363,1.42377,1.00,1.88
2017.08.14 02:56:18.671,1.42364,1.42377,1.00,1.88
2017.08.14 02:56:19.202,1.42363,1.42377,1.00,2.25
2017.08.14 02:56:19.363,1.42365,1.42377,1.00,1.88
2017.08.14 02:56:19.669,1.42363,1.42376,1.00,1.87
2017.08.14 02:56:19.874,1.42365,1.42376,1.00,2.25
2017.08.14 02:56:20.163,1.42363,1.42376,1.00,1.88
2017.08.14 02:56:20.991,1.42363,1.42376,1.00,1.69
2017.08.14 02:56:21.499,1.42364,1.42376,1.00,3.00
2017.08.14 02:56:22.280,1.42364,1.42376,1.00,1.69
2017.08.14 02:56:22.791,1.42365,1.42378,1.00,1.88
2017.08.14 02:56:23.294,1.42365,1.42378,1.00,1.88
2017.08.14 02:56:23.803,1.42366,1.42378,1.00,1.38
2017.08.14 02:56:23.855,1.42366,1.42378,1.00,1.00
2017.08.14 02:56:24.366,1.42367,1.42379,1.00,2.25
2017.08.14 02:56:24.875,1.42367,1.42379,1.00,1.50
2017.08.14 02:56:26.093,1.42368,1.42379,1.00,1.50
2017.08.14 02:56:26.602,1.42368,1.4238,1.00,1.50
2017.08.14 02:56:27.111,1.42367,1.4238,1.00,1.38
2017.08.14 02:56:27.315,1.42369,1.4238,1.00,1.37
2017.08.14 02:56:27.520,1.42369,1.4238,1.00,1.50
2017.08.14 02:56:28.029,1.42368,1.4238,1.00,1.50
2017.08.14 02:56:28.537,1.42369,1.4238,1.00,1.44
2017.08.14 02:56:29.047,1.42368,1.4238,1.00,1.38
2017.08.14 02:56:30.134,1.42368,1.4238,1.00,1.13
2017.08.14 02:56:30.651,1.42366,1.4238,1.00,2.25
2017.08.14 02:56:31.214,1.42367,1.4238,1.00,1.50
2017.08.14 02:56:31.726,1.42366,1.4238,1.00,2.25
2017.08.14 02:56:32.267,1.42366,1.4238,1.00,1.31
2017.08.14 02:56:32.675,1.42366,1.4238,1.00,1.88
2017.08.14 02:56:33.196,1.42366,1.4238,1.00,1.44
2017.08.14 02:56:33.714,1.42366,1.4238,1.00,1.38
2017.08.14 02:56:34.265,1.42367,1.4238,1.00,1.38
2017.08.14 02:56:35.117,1.42367,1.4238,1.00,1.44
2017.08.14 02:56:35.662,1.42366,1.4238,1.00,1.88
2017.08.14 02:56:36.763,1.42367,1.4238,1.00,1.44
2017.08.14 02:56:37.315,1.42367,1.4238,1.00,1.38
2017.08.14 02:56:37.863,1.42367,1.4238,1.00,1.19
2017.08.14 02:56:38.175,1.42365,1.4238,1.12,1.25
2017.08.14 02:56:38.278,1.42368,1.4238,1.00,1.38
2017.08.14 02:56:38.657,1.42366,1.4238,1.00,1.13
2017.08.14 02:56:39.163,1.42366,1.4238,1.00,1.88
2017.08.14 02:56:39.265,1.42368,1.4238,1.00,1.38
2017.08.14 02:56:39.662,1.42366,1.4238,1.00,1.38
2017.08.14 02:56:40.213,1.42366,1.4238,1.00,2.63
2017.08.14 02:56:40.264,1.42366,1.4238,1.00,2.63
2017.08.14 02:56:40.520,1.42363,1.42379,1.12,1.88
2017.08.14 02:56:40.571,1.42363,1.42379,1.12,5.62
2017.08.14 02:56:40.726,1.42364,1.42378,1.00,1.69
2017.08.14 02:56:41.075,1.42365,1.42378,1.00,3.25
2017.08.14 02:56:41.178,1.42363,1.42378,1.00,3.75
2017.08.14 02:56:41.689,1.42363,1.42378,1.00,5.25
2017.08.14 02:56:41.913,1.42363,1.42378,1.00,5.62
2017.08.14 02:56:42.628,1.42362,1.42378,1.00,5.32
2017.08.14 02:56:43.216,1.42362,1.42377,1.00,1.12
2017.08.14 02:56:43.792,1.42362,1.42377,1.00,3.94
2017.08.14 02:56:44.666,1.42362,1.42377,1.00,3.37
2017.08.14 02:56:45.176,1.42362,1.42377,1.00,3.75
2017.08.14 02:56:45.884,1.42362,1.42377,1.00,1.88
2017.08.14 02:56:46.734,1.42362,1.42377,1.00,3.00
2017.08.14 02:56:47.619,1.42362,1.42377,1.00,3.37
2017.08.14 02:56:48.172,1.42362,1.42377,1.00,3.37
2017.08.14 02:56:49.611,1.42361,1.42377,1.50,3.37
2017.08.14 02:56:50.152,1.42361,1.42377,1.50,3.00
2017.08.14 02:56:50.824,1.42361,1.42377,1.50,3.63
2017.08.14 02:56:54.576,1.42362,1.42377,1.00,3.44
2017.08.14 02:56:55.296,1.42362,1.42377,1.00,2.94
2017.08.14 02:56:55.837,1.42361,1.42377,1.50,3.75
2017.08.14 02:56:56.373,1.42361,1.42377,1.50,3.75
2017.08.14 02:56:59.413,1.42361,1.42377,1.50,3.75
2017.08.14 02:57:00.138,1.42361,1.42375,1.00,1.12
2017.08.14 02:57:00.341,1.42361,1.42375,1.50,2.06
2017.08.14 02:57:00.877,1.42362,1.42375,1.00,1.38
2017.08.14 02:57:01.286,1.4236,1.42375,1.12,1.38
2017.08.14 02:57:01.388,1.42361,1.42375,1.00,1.88
2017.08.14 02:57:01.440,1.42358,1.42374,1.37,1.50
2017.08.14 02:57:01.543,1.42358,1.42374,1.87,3.25
2017.08.14 02:57:02.303,1.4236,1.42374,1.00,1.88
2017.08.14 02:57:02.840,1.42359,1.42374,1.12,3.00
2017.08.14 02:57:03.365,1.42359,1.42374,1.12,2.50
2017.08.14 02:57:04.129,1.42359,1.42374,1.12,2.63
2017.08.14 02:57:04.633,1.42359,1.42374,1.12,3.00
2017.08.14 02:57:04.836,1.42359,1.42374,1.31,2.56
2017.08.14 02:57:04.888,1.42359,1.42374,1.12,1.88
2017.08.14 02:57:05.397,1.4236,1.42374,1.00,2.25
2017.08.14 02:57:05.906,1.42359,1.42374,1.12,3.38
2017.08.14 02:57:06.518,1.42358,1.42374,1.75,2.56
2017.08.14 02:57:06.712,1.4236,1.42375,1.00,3.00
2017.08.14 02:57:06.815,1.4236,1.42375,1.00,1.88
2017.08.14 02:57:07.231,1.42359,1.42374,1.12,1.31
2017.08.14 02:57:07.741,1.42358,1.42373,1.13,1.31
2017.08.14 02:57:08.526,1.42358,1.42373,2.06,2.69
2017.08.14 02:57:08.577,1.42357,1.42373,2.06,1.50
2017.08.14 02:57:08.753,1.42358,1.42373,2.06,1.00
2017.08.14 02:57:08.804,1.42359,1.42373,1.13,1.00
2017.08.14 02:57:08.856,1.42358,1.42373,1.63,1.00
2017.08.14 02:57:09.009,1.42358,1.42373,1.25,1.00
2017.08.14 02:57:09.661,1.42358,1.42373,2.06,1.00
2017.08.14 02:57:10.110,1.42358,1.42373,2.06,1.00
2017.08.14 02:57:10.162,1.42358,1.42373,1.31,1.00
2017.08.14 02:57:10.264,1.42358,1.42373,2.06,1.00
2017.08.14 02:57:10.316,1.42358,1.42373,2.63,1.00
2017.08.14 02:57:10.418,1.42358,1.42373,2.06,1.00
2017.08.14 02:57:11.202,1.42357,1.42373,2.44,1.00
2017.08.14 02:57:13.432,1.42358,1.42373,1.00,1.00
2017.08.14 02:57:14.120,1.42358,1.42373,1.00,1.38
2017.08.14 02:57:14.936,1.42358,1.42373,1.00,1.00
2017.08.14 02:57:15.475,1.42358,1.42373,1.00,1.13
2017.08.14 02:57:16.422,1.42357,1.42373,1.88,2.13
2017.08.14 02:57:17.239,1.42357,1.42373,1.50,1.13
2017.08.14 02:57:17.880,1.42358,1.42373,1.00,1.13
2017.08.14 02:57:18.388,1.42357,1.42372,1.50,1.12
2017.08.14 02:57:18.921,1.42358,1.42372,1.00,1.38
2017.08.14 02:57:19.683,1.42357,1.42372,1.50,1.38
2017.08.14 02:57:20.209,1.42358,1.42372,1.00,1.38
2017.08.14 02:57:20.767,1.42357,1.42372,1.50,1.13
2017.08.14 02:57:21.277,1.42357,1.42372,1.50,1.19
2017.08.14 02:57:21.906,1.42357,1.42372,1.50,1.13
2017.08.14 02:57:22.417,1.42357,1.42372,1.00,1.44
2017.08.14 02:57:22.962,1.42358,1.42372,1.00,1.38
2017.08.14 02:57:23.471,1.42358,1.42372,1.00,1.13
2017.08.14 02:57:23.995,1.42357,1.42372,1.00,2.50
2017.08.14 02:57:24.147,1.42357,1.42372,1.00,2.38
2017.08.14 02:57:24.453,1.42357,1.42372,1.00,1.63
2017.08.14 02:57:24.759,1.42358,1.42372,1.00,2.69
2017.08.14 02:57:25.268,1.42357,1.42372,1.50,2.44
2017.08.14 02:57:25.422,1.42358,1.42372,1.00,2.69
2017.08.14 02:57:25.626,1.42357,1.42372,1.00,2.75
2017.08.14 02:57:25.830,1.42358,1.42372,1.00,1.56
2017.08.14 02:57:26.099,1.42356,1.42372,1.00,2.56
2017.08.14 02:57:26.405,1.42356,1.42372,1.00,2.50
2017.08.14 02:57:26.508,1.42356,1.42372,1.00,2.25
2017.08.14 02:57:26.815,1.42358,1.42372,1.00,1.44
2017.08.14 02:57:27.120,1.42356,1.42372,1.25,1.19
2017.08.14 02:57:27.172,1.42358,1.42372,1.00,1.00
2017.08.14 02:57:27.224,1.42355,1.42372,1.88,1.44
2017.08.14 02:57:27.377,1.42357,1.42372,1.00,1.63
2017.08.14 02:57:27.823,1.42356,1.42372,1.00,1.25
2017.08.14 02:57:27.874,1.42356,1.42372,1.25,1.56
2017.08.14 02:57:27.926,1.42357,1.42372,1.00,1.44
2017.08.14 02:57:28.640,1.42356,1.42372,1.50,1.00
2017.08.14 02:57:28.691,1.42359,1.42372,1.00,1.25
2017.08.14 02:57:28.997,1.42357,1.42372,1.31,1.50
2017.08.14 02:57:29.049,1.42358,1.42372,1.00,1.25
2017.08.14 02:57:29.558,1.42356,1.42372,1.69,1.44
2017.08.14 02:57:30.106,1.42358,1.42372,1.00,1.37
2017.08.14 02:57:30.158,1.42359,1.42373,1.00,1.00
2017.08.14 02:57:30.261,1.42359,1.42375,2.44,1.37
2017.08.14 02:57:30.781,1.42361,1.42375,1.13,1.37
2017.08.14 02:57:31.393,1.42361,1.42375,1.44,1.50
2017.08.14 02:57:31.967,1.4236,1.42375,1.13,1.12
2017.08.14 02:57:32.477,1.42359,1.42375,1.31,2.25
2017.08.14 02:57:32.631,1.4236,1.42375,1.88,1.62
2017.08.14 02:57:33.247,1.4236,1.42376,1.38,2.63
2017.08.14 02:57:33.775,1.4236,1.42376,1.44,2.25
2017.08.14 02:57:34.152,1.4236,1.42376,1.88,2.25
2017.08.14 02:57:34.662,1.42361,1.42376,1.50,1.00
2017.08.14 02:57:35.173,1.42362,1.42376,1.00,1.50
2017.08.14 02:57:36.673,1.42363,1.42376,1.00,1.88
2017.08.14 02:57:37.271,1.42362,1.42376,1.13,2.88
2017.08.14 02:57:37.805,1.42361,1.42376,2.25,1.50
2017.08.14 02:57:38.307,1.42362,1.42376,1.00,1.00
2017.08.14 02:57:38.871,1.42363,1.42376,1.00,1.88
2017.08.14 02:57:40.675,1.42362,1.42376,1.13,1.13
2017.08.14 02:57:40.879,1.42364,1.42377,1.25,1.69
2017.08.14 02:57:41.185,1.42366,1.42379,1.00,1.87
2017.08.14 02:57:41.782,1.42367,1.4238,1.00,1.87
2017.08.14 02:57:42.088,1.42367,1.42379,1.00,1.50
2017.08.14 02:57:42.446,1.42367,1.4238,1.00,2.25
2017.08.14 02:57:43.241,1.42367,1.4238,1.00,1.50
2017.08.14 02:57:43.777,1.42366,1.4238,1.00,1.50
2017.08.14 02:57:44.286,1.42366,1.4238,1.00,1.50
2017.08.14 02:57:44.438,1.42366,1.4238,1.00,3.00
2017.08.14 02:57:44.744,1.42364,1.42378,1.00,1.50
2017.08.14 02:57:45.253,1.42364,1.42378,1.00,2.69
2017.08.14 02:57:45.674,1.42366,1.42378,1.00,1.50
2017.08.14 02:57:45.998,1.42366,1.42378,1.00,1.13
2017.08.14 02:57:46.050,1.42366,1.42378,1.00,1.50
2017.08.14 02:57:46.623,1.42366,1.42378,1.00,1.50
2017.08.14 02:57:46.675,1.42366,1.42378,1.00,1.25
2017.08.14 02:57:46.985,1.42366,1.42378,1.00,1.50
2017.08.14 02:57:47.150,1.42366,1.42378,1.00,1.25
2017.08.14 02:57:47.869,1.42366,1.42378,1.00,1.50
2017.08.14 02:57:48.022,1.42366,1.42378,1.00,1.25
2017.08.14 02:57:48.531,1.42365,1.42378,1.00,1.25
2017.08.14 02:57:49.124,1.42365,1.42378,1.00,1.19
2017.08.14 02:57:49.635,1.42366,1.42378,1.00,1.25
2017.08.14 02:57:50.144,1.42366,1.42378,1.00,1.50
2017.08.14 02:57:50.349,1.42366,1.42379,1.00,1.13
2017.08.14 02:57:50.400,1.42366,1.4238,1.00,2.63
2017.08.14 02:57:50.706,1.42367,1.4238,1.00,3.19
2017.08.14 02:57:51.223,1.42367,1.4238,1.00,4.44
2017.08.14 02:57:51.642,1.42367,1.4238,1.00,3.94
2017.08.14 02:57:52.172,1.42367,1.4238,1.00,3.75
2017.08.14 02:57:52.722,1.42366,1.4238,1.00,3.75
2017.08.14 02:57:53.816,1.42366,1.4238,1.00,3.00
2017.08.14 02:57:54.249,1.42367,1.4238,1.00,1.50
2017.08.14 02:57:54.403,1.42368,1.4238,1.00,2.25
2017.08.14 02:57:54.912,1.42367,1.4238,1.00,4.13
2017.08.14 02:57:55.371,1.42367,1.4238,1.00,2.25
2017.08.14 02:57:55.883,1.42368,1.4238,1.00,1.00
2017.08.14 02:57:56.387,1.42368,1.42381,1.00,1.50
2017.08.14 02:57:56.591,1.42368,1.42381,1.00,3.00
2017.08.14 02:57:56.745,1.42366,1.42381,1.00,4.32
2017.08.14 02:57:57.272,1.42367,1.4238,1.00,1.31
2017.08.14 02:57:57.917,1.42367,1.4238,1.00,1.44
2017.08.14 02:57:58.223,1.42367,1.42382,1.00,2.25
2017.08.14 02:57:58.275,1.42367,1.42382,1.00,1.38
2017.08.14 02:57:58.802,1.42367,1.42381,1.00,1.50
2017.08.14 02:57:59.370,1.42367,1.4238,1.00,1.12
2017.08.14 02:57:59.932,1.42367,1.4238,1.00,1.56
2017.08.14 02:58:00.737,1.42366,1.4238,1.00,1.12
2017.08.14 02:58:01.496,1.42367,1.4238,1.00,1.12
2017.08.14 02:58:02.378,1.42366,1.4238,1.00,1.56
2017.08.14 02:58:02.708,1.42368,1.4238,1.00,1.12
2017.08.14 02:58:02.862,1.42365,1.4238,1.00,3.19
2017.08.14 02:58:03.370,1.42366,1.4238,1.00,2.81
2017.08.14 02:58:04.572,1.42366,1.4238,1.00,3.94
2017.08.14 02:58:04.624,1.42364,1.42378,1.00,1.12
2017.08.14 02:58:04.777,1.42362,1.42377,1.00,1.12
2017.08.14 02:58:05.966,1.42362,1.42377,1.00,3.87
2017.08.14 02:58:06.152,1.42364,1.42377,1.00,3.87
2017.08.14 02:58:06.203,1.42362,1.42377,1.00,3.12
2017.08.14 02:58:09.850,1.42362,1.42377,1.00,2.81
2017.08.14 02:58:10.359,1.42362,1.42377,1.00,3.06
2017.08.14 02:58:15.872,1.42364,1.42377,1.00,3.13
2017.08.14 02:58:16.523,1.42365,1.42377,1.00,3.06
2017.08.14 02:58:17.265,1.42367,1.42377,1.00,3.44
2017.08.14 02:58:18.126,1.42368,1.42377,1.00,3.12
2017.08.14 02:58:19.886,1.42368,1.42378,1.00,2.63
2017.08.14 02:58:20.396,1.42368,1.42378,1.00,3.56
2017.08.14 02:58:20.448,1.42362,1.42378,1.50,3.56
2017.08.14 02:58:20.956,1.42362,1.42378,1.50,3.88
2017.08.14 02:58:21.456,1.42368,1.42378,1.00,4.25
2017.08.14 02:58:21.813,1.42368,1.42379,1.00,1.00
2017.08.14 02:58:22.018,1.42369,1.42379,1.00,1.44
2017.08.14 02:58:22.069,1.42367,1.42379,1.00,1.31
2017.08.14 02:58:22.171,1.42367,1.4238,1.00,3.19
2017.08.14 02:58:22.427,1.42367,1.4238,1.00,3.50
2017.08.14 02:58:22.775,1.42369,1.4238,1.00,3.50
2017.08.14 02:58:22.878,1.42368,1.4238,1.00,1.69
2017.08.14 02:58:22.980,1.42369,1.4238,1.00,1.19
2017.08.14 02:58:23.032,1.42369,1.4238,1.00,1.69
2017.08.14 02:58:23.236,1.42367,1.4238,1.00,1.94
2017.08.14 02:58:23.643,1.42369,1.4238,1.00,1.19
2017.08.14 02:58:24.158,1.42368,1.4238,1.00,1.19
2017.08.14 02:58:24.362,1.42369,1.42381,1.00,1.88
2017.08.14 02:58:24.413,1.42369,1.42381,1.00,1.88
2017.08.14 02:58:24.719,1.42367,1.42381,1.00,2.25
2017.08.14 02:58:24.923,1.42365,1.42381,1.00,1.88
2017.08.14 02:58:25.444,1.42365,1.42381,1.00,2.25
2017.08.14 02:58:26.026,1.42365,1.42381,1.00,2.25
2017.08.14 02:58:26.623,1.42365,1.42381,1.00,1.69
2017.08.14 02:58:26.880,1.42366,1.4238,1.00,2.81
2017.08.14 02:58:26.983,1.42364,1.42379,1.00,1.13
2017.08.14 02:58:27.237,1.42368,1.42379,1.00,2.25
2017.08.14 02:58:27.289,1.42366,1.42379,1.00,2.00
2017.08.14 02:58:28.420,1.42365,1.42379,1.00,4.00
2017.08.14 02:58:28.642,1.42365,1.42378,1.00,1.12
2017.08.14 02:58:28.745,1.42366,1.42378,1.00,1.88
2017.08.14 02:58:28.899,1.42366,1.42378,1.00,2.25
2017.08.14 02:58:29.410,1.42365,1.42378,1.00,3.75
2017.08.14 02:58:29.924,1.42366,1.42378,1.00,2.25
2017.08.14 02:58:30.453,1.42364,1.42378,1.00,3.00
2017.08.14 02:58:30.964,1.42365,1.42378,1.00,4.12
2017.08.14 02:58:31.478,1.42364,1.42378,1.00,4.13
2017.08.14 02:58:31.986,1.42365,1.42378,1.00,3.75
2017.08.14 02:58:32.517,1.42366,1.42378,1.00,2.25
2017.08.14 02:58:32.671,1.42366,1.42378,1.00,1.50
2017.08.14 02:58:32.774,1.42366,1.42378,1.00,2.25
2017.08.14 02:58:32.825,1.42367,1.42378,1.00,1.25
2017.08.14 02:58:33.315,1.42365,1.42378,1.00,1.13
2017.08.14 02:58:33.527,1.42366,1.42379,1.00,1.50
2017.08.14 02:58:34.044,1.42367,1.4238,1.00,2.62
2017.08.14 02:58:34.657,1.42367,1.4238,1.00,2.06
2017.08.14 02:58:34.709,1.42369,1.4238,1.00,1.88
2017.08.14 02:58:34.761,1.42367,1.4238,1.00,1.50
2017.08.14 02:58:35.118,1.42367,1.42381,1.00,1.88
2017.08.14 02:58:35.526,1.42367,1.42381,1.00,2.56
2017.08.14 02:58:35.879,1.42367,1.42381,1.00,2.50
2017.08.14 02:58:36.122,1.42369,1.42381,1.00,2.25
2017.08.14 02:58:36.428,1.42369,1.42381,1.00,1.31
2017.08.14 02:58:36.683,1.42369,1.42382,1.00,3.38
2017.08.14 02:58:36.734,1.42367,1.42382,1.00,4.06
2017.08.14 02:58:36.786,1.42367,1.42382,1.00,4.69
2017.08.14 02:58:36.989,1.42368,1.42382,1.00,3.94
2017.08.14 02:58:37.194,1.4237,1.42382,1.00,2.94
2017.08.14 02:58:37.449,1.42368,1.42382,1.00,2.81
2017.08.14 02:58:37.502,1.4237,1.42382,1.00,1.31
2017.08.14 02:58:37.553,1.4237,1.42382,1.00,1.31
2017.08.14 02:58:37.757,1.4237,1.42382,1.00,2.06
2017.08.14 02:58:38.204,1.4237,1.42382,1.00,1.50
2017.08.14 02:58:38.256,1.4237,1.42382,1.00,1.44
2017.08.14 02:58:38.459,1.42369,1.42382,1.00,1.31
2017.08.14 02:58:38.613,1.42372,1.42382,1.00,1.19
2017.08.14 02:58:38.767,1.4237,1.42383,1.00,3.38
2017.08.14 02:58:38.818,1.4237,1.42383,1.00,3.13
2017.08.14 02:58:39.329,1.4237,1.42383,1.00,2.63
2017.08.14 02:58:39.432,1.4237,1.42383,1.00,1.69
2017.08.14 02:58:40.128,1.42372,1.42383,1.00,2.25
2017.08.14 02:58:40.230,1.4237,1.42383,1.00,3.07
2017.08.14 02:58:40.537,1.42372,1.42383,1.00,2.63
2017.08.14 02:58:41.045,1.42371,1.42383,1.00,2.75
2017.08.14 02:58:41.562,1.42372,1.42383,1.00,2.25
2017.08.14 02:58:41.765,1.4237,1.42383,1.00,4.25
2017.08.14 02:58:42.274,1.42371,1.42383,1.00,2.75
2017.08.14 02:58:42.441,1.42371,1.42383,1.00,2.44
2017.08.14 02:58:42.907,1.4237,1.42382,1.00,1.31
2017.08.14 02:58:43.434,1.42371,1.42382,1.00,1.19
2017.08.14 02:58:43.789,1.42369,1.42382,1.00,1.13
2017.08.14 02:58:43.891,1.42369,1.42382,1.00,1.69
2017.08.14 02:58:44.247,1.42371,1.42382,1.00,1.25
2017.08.14 02:58:44.552,1.4237,1.42382,1.00,1.75
2017.08.14 02:58:44.704,1.4237,1.42382,1.00,1.25
2017.08.14 02:58:45.214,1.42371,1.42382,1.00,1.50
2017.08.14 02:58:45.727,1.4237,1.42382,1.00,1.44
2017.08.14 02:58:46.084,1.42372,1.42383,1.00,1.62
2017.08.14 02:58:46.135,1.42372,1.42384,1.00,1.25
2017.08.14 02:58:46.493,1.42373,1.42386,1.00,2.44
2017.08.14 02:58:46.748,1.42374,1.42386,1.00,2.25
2017.08.14 02:58:46.850,1.42374,1.42386,1.00,2.25
2017.08.14 02:58:47.462,1.42374,1.42386,1.00,1.87
2017.08.14 02:58:48.011,1.42375,1.42386,1.00,2.06
2017.08.14 02:58:48.062,1.42373,1.42386,1.00,2.06
2017.08.14 02:58:48.316,1.42375,1.42386,1.00,2.81
2017.08.14 02:58:49.409,1.42373,1.42386,1.00,2.63
2017.08.14 02:58:49.511,1.42376,1.42386,1.00,2.81
2017.08.14 02:58:49.771,1.42374,1.42386,1.00,2.63
2017.08.14 02:58:50.279,1.42375,1.42386,1.00,3.06
2017.08.14 02:58:50.739,1.42373,1.42386,1.00,2.63
2017.08.14 02:58:50.842,1.42375,1.42386,1.00,3.38
2017.08.14 02:58:51.354,1.42375,1.42386,1.00,1.13
2017.08.14 02:58:51.711,1.42373,1.42386,1.00,1.69
2017.08.14 02:58:52.352,1.42374,1.42386,1.00,1.44
2017.08.14 02:58:52.861,1.42373,1.42386,1.00,3.07
2017.08.14 02:58:53.014,1.42375,1.42386,1.00,1.69
2017.08.14 02:58:53.725,1.42374,1.42386,1.00,2.31
2017.08.14 02:58:54.277,1.42373,1.42386,1.00,1.13
2017.08.14 02:58:54.430,1.42374,1.42386,1.00,1.50
2017.08.14 02:58:54.482,1.42374,1.42386,1.00,2.19
2017.08.14 02:58:54.533,1.42375,1.42386,1.00,2.06
2017.08.14 02:58:54.738,1.42374,1.42386,1.00,2.25
2017.08.14 02:58:54.840,1.42374,1.42386,1.00,2.25
2017.08.14 02:58:55.451,1.42374,1.42386,1.00,2.81
2017.08.14 02:58:55.858,1.42374,1.42386,1.00,2.06
2017.08.14 02:58:55.909,1.42374,1.42386,1.00,2.06
2017.08.14 02:58:56.317,1.42374,1.42386,1.00,2.06
2017.08.14 02:58:56.520,1.42374,1.42386,1.00,2.06
2017.08.14 02:58:56.572,1.42376,1.42387,1.00,1.31
2017.08.14 02:58:56.675,1.42373,1.42387,1.25,1.00
2017.08.14 02:58:56.778,1.42374,1.42389,1.87,1.00
2017.08.14 02:58:57.340,1.42375,1.42389,1.75,1.00
2017.08.14 02:58:57.975,1.42379,1.42392,1.00,1.87
2017.08.14 02:58:58.586,1.42379,1.42392,1.00,1.31
2017.08.14 02:58:59.066,1.42374,1.42392,2.81,2.12
2017.08.14 02:59:00.194,1.42375,1.42392,2.25,1.00
2017.08.14 02:59:00.717,1.42375,1.42392,1.75,1.00
2017.08.14 02:59:01.224,1.42376,1.42392,1.56,1.00
2017.08.14 02:59:01.276,1.42376,1.42391,1.37,1.00
2017.08.14 02:59:01.327,1.42377,1.42391,1.00,1.00
2017.08.14 02:59:01.839,1.42378,1.42391,1.12,1.00
2017.08.14 02:59:02.011,1.4238,1.42391,1.25,1.00
2017.08.14 02:59:02.518,1.42378,1.42391,1.50,1.00
2017.08.14 02:59:02.569,1.42378,1.42392,1.50,1.00
2017.08.14 02:59:03.029,1.42381,1.42393,1.00,1.00
2017.08.14 02:59:03.440,1.42382,1.42395,1.50,1.25
2017.08.14 02:59:03.962,1.4238,1.42396,1.88,1.25
2017.08.14 02:59:04.652,1.4238,1.42396,1.88,1.31
2017.08.14 02:59:05.214,1.42381,1.42396,2.06,1.25
2017.08.14 02:59:05.899,1.42381,1.42396,2.25,1.25
2017.08.14 02:59:06.359,1.4238,1.42396,1.38,1.31
2017.08.14 02:59:06.563,1.42379,1.42396,2.06,1.31
2017.08.14 02:59:06.615,1.42378,1.42396,3.00,2.56
2017.08.14 02:59:07.127,1.42378,1.42396,1.88,1.31
2017.08.14 02:59:07.637,1.42379,1.42395,1.12,1.13
2017.08.14 02:59:08.175,1.42378,1.42393,1.69,1.50
2017.08.14 02:59:08.635,1.42378,1.42393,1.00,2.31
2017.08.14 02:59:09.195,1.42378,1.42393,1.00,1.31
2017.08.14 02:59:09.353,1.42378,1.42393,1.00,2.31
2017.08.14 02:59:09.861,1.42376,1.42393,2.44,1.69
2017.08.14 02:59:10.015,1.42377,1.42392,1.50,1.12
2017.08.14 02:59:10.118,1.4237,1.42386,1.75,2.44
2017.08.14 02:59:10.221,1.42369,1.42384,1.37,1.13
2017.08.14 02:59:10.333,1.42369,1.42384,1.00,2.56
2017.08.14 02:59:10.435,1.42368,1.42384,3.19,1.00
2017.08.14 02:59:10.538,1.42368,1.42384,3.19,2.12
2017.08.14 02:59:10.895,1.42368,1.42384,3.00,1.00
2017.08.14 02:59:11.048,1.42368,1.42384,3.38,1.00
2017.08.14 02:59:11.354,1.42368,1.42384,1.88,1.00
2017.08.14 02:59:11.609,1.42369,1.42384,1.13,1.00
2017.08.14 02:59:12.119,1.42368,1.42384,3.00,1.00
2017.08.14 02:59:12.799,1.42368,1.42384,1.88,1.00
2017.08.14 02:59:13.421,1.42369,1.42384,1.00,1.00
2017.08.14 02:59:14.992,1.42368,1.42384,1.13,3.06
2017.08.14 02:59:15.145,1.42368,1.42384,1.25,3.31
2017.08.14 02:59:15.248,1.42368,1.42384,1.25,3.25
2017.08.14 02:59:15.933,1.42368,1.42384,1.50,2.69
2017.08.14 02:59:16.444,1.42368,1.42384,3.38,1.00
2017.08.14 02:59:16.949,1.42369,1.42384,1.25,1.00
2017.08.14 02:59:18.434,1.42369,1.42384,1.13,1.00
2017.08.14 02:59:19.248,1.4237,1.42384,1.00,1.00
2017.08.14 02:59:19.931,1.42369,1.42384,1.00,1.00
2017.08.14 02:59:21.341,1.42368,1.42384,1.50,1.00
2017.08.14 02:59:21.851,1.42367,1.42384,1.25,3.50
2017.08.14 02:59:21.954,1.42364,1.42382,1.50,1.50
2017.08.14 02:59:22.466,1.42364,1.42381,1.13,1.50
2017.08.14 02:59:23.434,1.42365,1.42381,1.00,2.69
2017.08.14 02:59:23.944,1.42364,1.42381,1.88,2.69
2017.08.14 02:59:24.455,1.42364,1.42381,1.50,2.69
2017.08.14 02:59:25.229,1.42364,1.42381,1.50,2.69
2017.08.14 02:59:25.739,1.42363,1.42381,1.87,2.75
2017.08.14 02:59:26.248,1.42363,1.42381,1.69,2.69
2017.08.14 02:59:26.553,1.42365,1.42381,1.00,2.50
2017.08.14 02:59:27.256,1.42364,1.42381,1.69,2.69
2017.08.14 02:59:27.563,1.42364,1.42381,1.25,2.31
2017.08.14 02:59:28.071,1.42364,1.42381,1.00,2.12
2017.08.14 02:59:29.458,1.42363,1.42381,1.25,2.12
2017.08.14 02:59:29.560,1.42363,1.42381,1.00,3.63
2017.08.14 02:59:29.866,1.4236,1.42377,1.44,1.12
2017.08.14 02:59:30.172,1.42359,1.42376,1.12,1.88
2017.08.14 02:59:30.693,1.4236,1.42374,1.25,1.12
2017.08.14 02:59:31.156,1.42359,1.42375,1.63,1.12
2017.08.14 02:59:31.259,1.42361,1.42375,1.44,1.00
2017.08.14 02:59:31.566,1.42359,1.42375,1.50,1.00
2017.08.14 02:59:32.068,1.4236,1.42375,1.00,2.38
2017.08.14 02:59:32.579,1.4236,1.42375,1.50,2.31
2017.08.14 02:59:33.089,1.42361,1.42375,1.00,2.06
2017.08.14 02:59:33.598,1.4236,1.42375,1.00,2.25
2017.08.14 02:59:33.752,1.4236,1.42375,1.00,3.13
2017.08.14 02:59:34.260,1.42359,1.42375,1.00,3.13
2017.08.14 02:59:34.414,1.42359,1.42375,1.00,2.81
2017.08.14 02:59:34.720,1.42359,1.42375,1.00,1.88
2017.08.14 02:59:34.873,1.42359,1.42375,1.00,2.81
2017.08.14 02:59:35.229,1.42359,1.42375,1.00,1.88
2017.08.14 02:59:35.576,1.42359,1.42374,1.25,2.44
2017.08.14 02:59:35.679,1.42355,1.42372,1.87,2.44
2017.08.14 02:59:35.731,1.42353,1.42371,2.19,3.25
2017.08.14 02:59:35.782,1.42353,1.42371,1.00,3.62
2017.08.14 02:59:36.292,1.42352,1.42368,1.50,2.06
2017.08.14 02:59:36.547,1.42357,1.42368,1.00,2.06
2017.08.14 02:59:37.007,1.42357,1.42368,1.00,1.31
2017.08.14 02:59:37.110,1.42356,1.42368,1.00,2.25
2017.08.14 02:59:37.212,1.42356,1.42368,1.00,2.63
2017.08.14 02:59:37.263,1.42355,1.42368,1.00,2.43
2017.08.14 02:59:37.598,1.42357,1.42368,1.00,1.31
2017.08.14 02:59:37.650,1.42358,1.42368,1.00,1.88
2017.08.14 02:59:37.701,1.42356,1.42368,1.00,1.88
2017.08.14 02:59:37.906,1.42356,1.42368,1.00,1.31
2017.08.14 02:59:37.957,1.42357,1.42368,1.00,2.06
2017.08.14 02:59:38.583,1.42357,1.42368,1.00,1.88
2017.08.14 02:59:38.736,1.42356,1.42368,1.00,1.88
2017.08.14 02:59:39.194,1.42357,1.42368,1.00,1.88
2017.08.14 02:59:39.499,1.42357,1.42368,1.00,1.31
2017.08.14 02:59:39.601,1.42354,1.42368,1.25,1.69
2017.08.14 02:59:39.958,1.42355,1.42369,1.44,1.25
2017.08.14 02:59:40.265,1.42355,1.42369,1.00,1.88
2017.08.14 02:59:40.368,1.42355,1.42369,1.00,1.69
2017.08.14 02:59:40.879,1.42354,1.42369,1.00,1.00
2017.08.14 02:59:41.592,1.42355,1.42369,1.00,1.50
2017.08.14 02:59:41.745,1.42354,1.42369,1.31,2.63
2017.08.14 02:59:41.949,1.42354,1.42369,1.31,1.69
2017.08.14 02:59:42.000,1.42353,1.42367,1.25,1.00
2017.08.14 02:59:42.513,1.42351,1.42367,2.06,1.00
2017.08.14 02:59:42.921,1.42351,1.42366,1.12,1.00
2017.08.14 02:59:43.279,1.42351,1.42366,1.87,1.00
2017.08.14 02:59:43.381,1.42351,1.42366,1.87,1.00
2017.08.14 02:59:43.562,1.42351,1.42366,2.06,1.00
2017.08.14 02:59:44.071,1.42351,1.42366,1.37,1.00
2017.08.14 02:59:44.732,1.42351,1.42366,1.56,1.00
2017.08.14 02:59:45.089,1.42351,1.42366,1.12,1.00
2017.08.14 02:59:45.500,1.42351,1.42366,1.38,1.00
2017.08.14 02:59:45.908,1.42351,1.42366,1.13,1.00
2017.08.14 02:59:46.265,1.42351,1.42366,1.38,1.00
2017.08.14 02:59:46.863,1.42351,1.42366,1.38,1.00
2017.08.14 02:59:47.072,1.42351,1.42366,1.19,1.00
2017.08.14 02:59:47.656,1.42351,1.42366,1.38,1.00
2017.08.14 02:59:47.711,1.42351,1.42366,1.25,1.00
2017.08.14 02:59:48.118,1.42351,1.42366,1.38,1.00
2017.08.14 02:59:48.312,1.42351,1.42366,1.13,1.00
2017.08.14 02:59:49.046,1.42351,1.42366,1.38,1.00
2017.08.14 02:59:49.266,1.42351,1.42366,1.00,1.00
2017.08.14 02:59:49.371,1.42351,1.42366,2.44,1.00
2017.08.14 02:59:49.754,1.42351,1.42366,1.25,1.00
2017.08.14 02:59:50.211,1.42358,1.42367,1.00,1.38
2017.08.14 02:59:50.436,1.42358,1.42369,1.00,2.44
2017.08.14 02:59:51.151,1.42356,1.42369,1.00,3.00
2017.08.14 02:59:51.304,1.42356,1.42369,1.00,3.19
2017.08.14 02:59:51.508,1.42356,1.42368,1.00,2.25
2017.08.14 02:59:52.143,1.42355,1.42368,1.00,3.00
2017.08.14 02:59:52.653,1.42356,1.42368,1.00,3.75
2017.08.14 02:59:53.232,1.42356,1.42368,1.00,3.56
2017.08.14 02:59:53.283,1.42356,1.42368,1.00,4.13
2017.08.14 02:59:53.540,1.42356,1.42368,1.00,1.50
2017.08.14 02:59:53.642,1.42355,1.42368,1.00,1.25
2017.08.14 02:59:54.029,1.42357,1.42368,1.00,2.32
2017.08.14 02:59:54.539,1.42358,1.42369,1.00,1.75
2017.08.14 02:59:55.050,1.42358,1.4237,1.00,2.63
2017.08.14 02:59:55.558,1.42358,1.4237,1.00,4.32
2017.08.14 02:59:56.077,1.42358,1.4237,1.00,3.37
2017.08.14 02:59:56.232,1.42356,1.4237,1.00,4.13
2017.08.14 02:59:56.334,1.42356,1.42369,1.00,1.50
2017.08.14 02:59:56.386,1.42358,1.42369,1.00,2.75
2017.08.14 02:59:56.902,1.42358,1.42369,1.00,5.25
2017.08.14 02:59:57.414,1.42357,1.42369,1.00,3.31
2017.08.14 02:59:58.127,1.42357,1.42369,1.00,3.57
2017.08.14 02:59:58.637,1.42358,1.42368,1.00,1.12
2017.08.14 02:59:59.166,1.42357,1.42368,1.00,2.87
2017.08.14 02:59:59.818,1.42357,1.42368,1.00,3.37
