2013.08.26 14:00:00.291,1.53358,1.53371,1.50,1.13
2013.08.26 14:00:00.480,1.53357,1.53371,1.13,1.13
2013.08.26 14:00:00.599,1.53354,1.53368,3.75,1.13
2013.08.26 14:00:01.118,1.53354,1.53369,2.93,1.13
2013.08.26 14:00:01.643,1.53355,1.53371,1.13,2.63
2013.08.26 14:00:02.190,1.53354,1.53367,3.00,1.88
2013.08.26 14:00:02.433,1.53354,1.53367,2.25,3.00
2013.08.26 14:00:02.750,1.5336,1.5337,1.13,1.50
2013.08.26 14:00:02.870,1.53357,1.53368,1.13,1.13
2013.08.26 14:00:03.050,1.53355,1.53366,1.80,1.50
2013.08.26 14:00:03.171,1.53354,1.53368,2.25,1.13
2013.08.26 14:00:04.162,1.53354,1.53368,2.25,1.13
2013.08.26 14:00:05.211,1.53353,1.53368,1.88,1.50
2013.08.26 14:00:05.629,1.53355,1.5337,1.13,1.88
2013.08.26 14:00:05.990,1.5336,1.53373,1.13,1.50
2013.08.26 14:00:06.323,1.53363,1.53372,1.50,1.88
2013.08.26 14:00:06.509,1.53359,1.53374,1.50,1.13
2013.08.26 14:00:06.568,1.53359,1.53373,1.50,1.50
2013.08.26 14:00:06.928,1.53361,1.53372,1.13,1.50
2013.08.26 14:00:07.288,1.5336,1.53369,1.13,1.13
2013.08.26 14:00:08.409,1.53361,1.53369,1.50,1.13
2013.08.26 14:00:10.139,1.53355,1.53366,1.88,1.50
2013.08.26 14:00:10.440,1.53355,1.53369,1.13,1.50
2013.08.26 14:00:10.679,1.53354,1.53367,2.25,1.13
2013.08.26 14:00:11.218,1.5335,1.53361,1.88,1.50
2013.08.26 14:00:11.279,1.53346,1.5336,1.65,1.50
2013.08.26 14:00:11.399,1.53344,1.53356,2.25,1.50
2013.08.26 14:00:11.459,1.53341,1.53351,1.50,1.13
2013.08.26 14:00:12.358,1.53339,1.53354,1.50,1.88
2013.08.26 14:00:12.599,1.53342,1.53356,1.13,2.63
2013.08.26 14:00:13.509,1.53342,1.53356,1.88,1.88
2013.08.26 14:00:14.053,1.53343,1.53357,1.88,1.88
2013.08.26 14:00:14.361,1.53342,1.53355,1.50,1.88
2013.08.26 14:00:14.558,1.53341,1.53355,1.50,1.88
2013.08.26 14:00:16.798,1.53344,1.53355,1.13,1.50
2013.08.26 14:00:17.099,1.53344,1.53355,1.88,1.50
2013.08.26 14:00:17.410,1.53349,1.53356,1.50,1.50
2013.08.26 14:00:17.854,1.53344,1.53358,1.88,1.50
2013.08.26 14:00:18.403,1.53349,1.53359,1.50,1.50
2013.08.26 14:00:18.831,1.53349,1.5336,1.50,1.13
2013.08.26 14:00:19.084,1.53349,1.53363,1.88,1.13
2013.08.26 14:00:19.402,1.53355,1.53367,1.13,1.32
2013.08.26 14:00:19.469,1.53356,1.53367,1.13,1.13
2013.08.26 14:00:19.530,1.53355,1.5337,1.88,1.13
2013.08.26 14:00:19.649,1.53356,1.5337,1.50,1.13
2013.08.26 14:00:19.949,1.53359,1.53369,1.50,1.13
2013.08.26 14:00:20.190,1.53362,1.53375,1.50,1.13
2013.08.26 14:00:20.549,1.53364,1.53377,1.50,1.13
2013.08.26 14:00:20.849,1.53364,1.53377,1.88,1.13
2013.08.26 14:00:21.668,1.53366,1.53378,1.50,1.13
2013.08.26 14:00:22.089,1.53366,1.53378,1.13,1.13
2013.08.26 14:00:22.938,1.53366,1.53378,1.13,1.13
2013.08.26 14:00:25.529,1.53366,1.5338,1.50,1.88
2013.08.26 14:00:25.649,1.53362,1.53377,1.50,1.13
2013.08.26 14:00:25.890,1.5336,1.53376,2.63,2.25
2013.08.26 14:00:26.079,1.53361,1.53376,1.50,2.25
2013.08.26 14:00:26.439,1.5336,1.53376,1.88,2.63
2013.08.26 14:00:26.499,1.53359,1.53374,1.13,1.13
2013.08.26 14:00:26.739,1.53357,1.53371,1.13,2.63
2013.08.26 14:00:26.859,1.53355,1.53371,1.13,2.63
2013.08.26 14:00:27.219,1.53356,1.53371,1.88,1.50
2013.08.26 14:00:27.759,1.53359,1.53371,1.50,1.13
2013.08.26 14:00:30.349,1.5336,1.53374,1.13,1.69
2013.08.26 14:00:30.469,1.5336,1.53375,1.88,1.50
2013.08.26 14:00:30.972,1.5336,1.53376,1.88,4.50
2013.08.26 14:00:31.778,1.5336,1.53376,2.25,4.13
2013.08.26 14:00:32.119,1.53364,1.53376,1.13,1.88
2013.08.26 14:00:32.240,1.53361,1.53376,1.88,3.00
2013.08.26 14:00:32.788,1.53359,1.53376,2.25,4.88
2013.08.26 14:00:33.298,1.5336,1.53373,1.50,1.13
2013.08.26 14:00:35.379,1.5336,1.53375,1.13,1.13
2013.08.26 14:00:35.861,1.53362,1.53376,1.88,2.25
2013.08.26 14:00:35.981,1.53367,1.53378,1.13,1.32
2013.08.26 14:00:36.219,1.53368,1.53381,1.13,2.63
2013.08.26 14:00:36.579,1.53368,1.53381,1.88,1.13
2013.08.26 14:00:37.178,1.53367,1.53381,1.13,1.13
2013.08.26 14:00:37.898,1.53367,1.53381,1.13,1.13
2013.08.26 14:00:38.019,1.53367,1.5338,1.13,1.13
2013.08.26 14:00:38.199,1.53359,1.53373,2.25,1.13
2013.08.26 14:00:38.562,1.53359,1.53368,1.88,1.13
2013.08.26 14:00:38.750,1.53357,1.53367,1.69,1.50
2013.08.26 14:00:39.050,1.53354,1.5337,2.63,2.25
2013.08.26 14:00:39.351,1.53351,1.53366,1.50,1.13
2013.08.26 14:00:39.709,1.53349,1.53365,1.32,1.13
2013.08.26 14:00:40.008,1.53349,1.53366,2.07,1.88
2013.08.26 14:00:40.130,1.53349,1.53365,1.32,1.13
2013.08.26 14:00:40.190,1.53348,1.53361,1.88,1.13
2013.08.26 14:00:40.310,1.53347,1.53358,1.13,1.50
2013.08.26 14:00:40.429,1.53343,1.53357,1.13,1.88
2013.08.26 14:00:40.491,1.5334,1.53356,1.13,1.50
2013.08.26 14:00:41.038,1.53339,1.53354,1.13,1.13
2013.08.26 14:00:41.339,1.53341,1.53352,1.50,1.13
2013.08.26 14:00:41.459,1.53339,1.53352,2.63,1.13
2013.08.26 14:00:42.009,1.53339,1.53352,1.13,1.13
2013.08.26 14:00:42.611,1.53339,1.53353,1.13,1.13
2013.08.26 14:00:42.849,1.53339,1.53354,1.13,1.50
2013.08.26 14:00:44.679,1.53339,1.53354,2.25,1.88
2013.08.26 14:00:45.018,1.53339,1.53353,1.88,1.13
2013.08.26 14:00:45.199,1.53339,1.53352,1.13,1.13
2013.08.26 14:00:45.379,1.53339,1.53352,1.13,1.13
2013.08.26 14:00:45.918,1.5334,1.53354,1.13,1.13
2013.08.26 14:00:47.089,1.53339,1.53353,1.50,1.13
2013.08.26 14:00:47.448,1.53335,1.53347,1.50,1.13
2013.08.26 14:00:48.818,1.53336,1.53346,1.13,1.13
2013.08.26 14:00:48.879,1.53332,1.53345,3.00,1.50
2013.08.26 14:00:48.938,1.53332,1.53341,1.50,1.13
2013.08.26 14:00:49.119,1.53327,1.53341,1.50,1.13
2013.08.26 14:00:49.239,1.53332,1.53345,1.13,1.88
2013.08.26 14:00:49.538,1.53339,1.53352,1.50,1.50
2013.08.26 14:00:49.598,1.53339,1.53353,1.50,1.13
2013.08.26 14:00:50.159,1.53339,1.53354,1.50,1.69
2013.08.26 14:00:50.278,1.53339,1.53354,1.13,1.69
2013.08.26 14:00:50.520,1.53339,1.53356,1.88,3.57
2013.08.26 14:00:51.498,1.53339,1.53356,2.25,3.57
2013.08.26 14:00:51.959,1.53339,1.53353,1.88,1.50
2013.08.26 14:00:52.079,1.53336,1.53346,1.13,1.13
2013.08.26 14:00:52.139,1.53334,1.53346,1.50,1.13
2013.08.26 14:00:52.198,1.53334,1.53346,1.50,1.13
2013.08.26 14:00:52.559,1.53335,1.53346,1.13,1.13
2013.08.26 14:00:53.948,1.53335,1.53342,1.13,1.13
2013.08.26 14:00:55.999,1.53335,1.53346,1.13,1.88
2013.08.26 14:00:56.579,1.53339,1.53352,1.50,2.44
2013.08.26 14:00:56.761,1.53339,1.53352,2.25,1.32
2013.08.26 14:00:57.719,1.53341,1.53354,1.13,1.32
2013.08.26 14:01:00.971,1.5334,1.53353,1.50,1.13
2013.08.26 14:01:01.508,1.53342,1.53355,1.13,1.13
2013.08.26 14:01:02.310,1.53342,1.53356,1.50,1.13
2013.08.26 14:01:02.371,1.53342,1.53356,1.50,1.13
2013.08.26 14:01:02.551,1.53344,1.53357,1.50,1.13
2013.08.26 14:01:02.612,1.53342,1.53352,1.50,1.13
2013.08.26 14:01:02.811,1.53339,1.53351,1.13,1.13
2013.08.26 14:01:03.109,1.53334,1.53347,1.13,1.13
2013.08.26 14:01:04.598,1.53337,1.53346,1.13,1.13
2013.08.26 14:01:04.718,1.53337,1.53349,1.13,1.13
2013.08.26 14:01:04.840,1.53338,1.53353,1.50,1.13
2013.08.26 14:01:04.899,1.53339,1.53353,2.25,1.13
2013.08.26 14:01:05.499,1.5334,1.53355,1.50,1.32
2013.08.26 14:01:06.588,1.5334,1.53355,1.50,1.32
2013.08.26 14:01:07.950,1.5334,1.53351,1.50,1.88
2013.08.26 14:01:08.011,1.53336,1.53351,2.63,1.88
2013.08.26 14:01:08.369,1.53335,1.53349,1.13,1.13
2013.08.26 14:01:08.548,1.53333,1.53346,1.88,1.13
2013.08.26 14:01:08.608,1.53332,1.53346,1.50,1.13
2013.08.26 14:01:09.029,1.53331,1.53344,1.13,1.13
2013.08.26 14:01:09.539,1.5333,1.53344,1.50,1.13
2013.08.26 14:01:10.138,1.53331,1.53344,1.13,1.13
2013.08.26 14:01:10.971,1.53331,1.53346,2.25,2.63
2013.08.26 14:01:15.099,1.53331,1.53346,2.22,1.88
2013.08.26 14:01:15.460,1.5334,1.53353,1.13,2.63
2013.08.26 14:01:16.118,1.53339,1.53353,1.50,2.63
2013.08.26 14:01:16.180,1.53339,1.53352,1.88,1.50
2013.08.26 14:01:16.359,1.5334,1.53351,1.50,2.25
2013.08.26 14:01:16.539,1.53339,1.53352,4.13,1.50
2013.08.26 14:01:16.599,1.53339,1.53353,2.25,1.50
2013.08.26 14:01:16.839,1.53342,1.53356,1.13,2.07
2013.08.26 14:01:17.019,1.53342,1.53356,1.50,2.07
2013.08.26 14:01:17.521,1.53343,1.53356,1.50,2.07
2013.08.26 14:01:18.048,1.53346,1.53356,1.50,2.07
2013.08.26 14:01:18.588,1.53346,1.53356,1.50,1.13
2013.08.26 14:01:19.359,1.53343,1.53356,2.25,1.13
2013.08.26 14:01:19.659,1.53343,1.53356,1.13,1.13
2013.08.26 14:01:20.141,1.5334,1.53346,1.13,1.13
2013.08.26 14:01:20.202,1.53337,1.53344,1.50,1.13
2013.08.26 14:01:20.260,1.53335,1.53346,1.13,2.25
2013.08.26 14:01:20.379,1.53334,1.53346,1.13,1.88
2013.08.26 14:01:20.919,1.53334,1.53347,1.13,1.88
2013.08.26 14:01:20.979,1.53332,1.53346,4.13,1.13
2013.08.26 14:01:21.339,1.53333,1.53346,1.13,1.13
2013.08.26 14:01:21.549,1.53333,1.53346,1.13,1.13
2013.08.26 14:01:21.729,1.53332,1.53346,1.13,1.13
2013.08.26 14:01:22.098,1.53332,1.53346,1.13,1.13
2013.08.26 14:01:22.608,1.53334,1.53346,1.13,1.13
2013.08.26 14:01:23.149,1.53334,1.53349,2.25,1.69
2013.08.26 14:01:23.670,1.53334,1.53347,1.88,1.50
2013.08.26 14:01:23.730,1.53334,1.53347,1.88,1.50
2013.08.26 14:01:24.098,1.53334,1.53346,1.50,1.50
2013.08.26 14:01:24.638,1.53333,1.53346,1.50,1.50
2013.08.26 14:01:25.260,1.53334,1.53346,2.25,1.50
2013.08.26 14:01:26.047,1.53334,1.53345,2.25,1.13
2013.08.26 14:01:27.300,1.53334,1.53345,1.50,1.13
2013.08.26 14:01:27.839,1.53334,1.53345,2.25,1.13
2013.08.26 14:01:28.349,1.53331,1.53345,1.50,1.13
2013.08.26 14:01:30.631,1.53334,1.53346,2.25,1.88
2013.08.26 14:01:32.382,1.53334,1.53343,2.25,1.13
2013.08.26 14:01:32.499,1.53334,1.53346,2.25,1.88
2013.08.26 14:01:33.034,1.53331,1.53346,1.50,1.88
2013.08.26 14:01:33.700,1.53331,1.53346,1.50,1.88
2013.08.26 14:01:33.959,1.53333,1.53346,1.13,1.88
2013.08.26 14:01:35.080,1.53334,1.53346,1.13,1.88
2013.08.26 14:01:35.268,1.53339,1.53351,1.13,1.13
2013.08.26 14:01:35.328,1.53342,1.53355,1.88,1.32
2013.08.26 14:01:35.449,1.53344,1.53357,1.13,1.88
2013.08.26 14:01:36.037,1.53344,1.53358,1.88,1.13
2013.08.26 14:01:36.419,1.53344,1.5336,1.88,1.13
2013.08.26 14:01:37.093,1.53344,1.53359,2.63,1.13
2013.08.26 14:01:37.681,1.53344,1.53361,2.63,2.63
2013.08.26 14:01:38.275,1.53347,1.53361,1.13,2.63
2013.08.26 14:01:39.218,1.53348,1.53361,1.50,1.88
2013.08.26 14:01:40.288,1.53348,1.53361,1.13,1.88
2013.08.26 14:01:40.841,1.53348,1.53361,1.88,1.13
2013.08.26 14:01:40.962,1.5335,1.53364,1.50,1.50
2013.08.26 14:01:41.148,1.53351,1.53364,1.13,1.13
2013.08.26 14:01:41.689,1.5335,1.53365,1.50,1.50
2013.08.26 14:01:42.049,1.53348,1.53361,1.50,1.13
2013.08.26 14:01:42.169,1.53347,1.53361,1.13,1.50
2013.08.26 14:01:42.290,1.53346,1.53361,1.13,1.50
2013.08.26 14:01:42.828,1.53344,1.53359,1.50,1.50
2013.08.26 14:01:43.469,1.53344,1.53359,1.88,1.69
2013.08.26 14:01:45.819,1.53344,1.53359,1.88,1.32
2013.08.26 14:01:46.459,1.53345,1.53359,1.13,1.32
2013.08.26 14:01:52.250,1.53345,1.53359,1.50,1.69
2013.08.26 14:01:52.769,1.53345,1.5336,1.50,2.07
2013.08.26 14:01:54.279,1.53346,1.5336,1.13,1.32
2013.08.26 14:01:54.339,1.53346,1.5336,1.13,1.32
2013.08.26 14:01:55.071,1.53347,1.5336,1.50,1.13
2013.08.26 14:01:55.870,1.53346,1.5336,1.88,1.13
2013.08.26 14:01:58.298,1.53347,1.5336,1.50,1.13
2013.08.26 14:01:58.840,1.53348,1.53361,2.63,1.13
2013.08.26 14:02:00.335,1.53348,1.53361,1.13,1.13
2013.08.26 14:02:00.820,1.53348,1.5336,1.13,1.13
2013.08.26 14:02:00.999,1.53348,1.53361,1.13,1.13
2013.08.26 14:02:01.539,1.53348,1.53361,1.50,1.13
2013.08.26 14:02:03.591,1.53348,1.53363,2.25,1.50
2013.08.26 14:02:04.098,1.53348,1.53361,1.50,1.13
2013.08.26 14:02:04.699,1.5335,1.53364,1.13,1.13
2013.08.26 14:02:04.759,1.53353,1.53366,1.13,1.13
2013.08.26 14:02:05.058,1.53354,1.53369,2.63,1.32
2013.08.26 14:02:05.239,1.53353,1.53369,1.50,1.32
2013.08.26 14:02:05.569,1.53354,1.53371,1.50,3.19
2013.08.26 14:02:06.892,1.53357,1.53371,1.13,1.50
2013.08.26 14:02:07.121,1.53357,1.53371,1.13,1.50
2013.08.26 14:02:08.248,1.53357,1.53368,1.13,1.13
2013.08.26 14:02:08.428,1.53355,1.5337,1.13,1.13
2013.08.26 14:02:09.630,1.53356,1.53369,1.50,1.13
2013.08.26 14:02:09.689,1.53355,1.53366,1.13,1.13
2013.08.26 14:02:10.228,1.53352,1.53366,2.25,1.13
2013.08.26 14:02:11.859,1.53352,1.53366,1.13,1.50
2013.08.26 14:02:11.980,1.53352,1.53363,1.13,1.88
2013.08.26 14:02:12.160,1.53347,1.53361,1.50,1.13
2013.08.26 14:02:12.219,1.53347,1.53361,1.88,1.13
2013.08.26 14:02:12.970,1.53347,1.53361,1.13,1.13
2013.08.26 14:02:13.509,1.53347,1.53361,1.50,1.50
2013.08.26 14:02:14.359,1.53349,1.53362,1.88,1.88
2013.08.26 14:02:15.730,1.53349,1.53362,1.50,2.25
2013.08.26 14:02:18.501,1.53349,1.53361,1.13,1.88
2013.08.26 14:02:21.679,1.53347,1.53361,1.13,2.25
2013.08.26 14:02:23.521,1.53349,1.53361,2.25,1.13
2013.08.26 14:02:24.009,1.5335,1.53366,1.13,1.50
2013.08.26 14:02:24.234,1.53351,1.53366,1.13,1.50
2013.08.26 14:02:26.841,1.53353,1.53368,1.50,1.32
2013.08.26 14:02:27.379,1.53351,1.53366,1.13,1.13
2013.08.26 14:02:35.559,1.53353,1.53366,1.13,1.50
2013.08.26 14:02:36.098,1.53351,1.53366,1.13,1.50
2013.08.26 14:02:37.469,1.53352,1.53366,1.13,1.13
2013.08.26 14:02:37.528,1.53355,1.53366,1.13,1.13
2013.08.26 14:02:37.648,1.53356,1.53366,1.50,1.13
2013.08.26 14:02:37.889,1.53358,1.53366,1.13,1.13
2013.08.26 14:02:40.540,1.53356,1.5337,1.50,1.32
2013.08.26 14:02:43.279,1.53356,1.53371,2.25,1.13
2013.08.26 14:02:43.399,1.53359,1.53371,1.13,1.13
2013.08.26 14:02:43.519,1.53359,1.53368,1.50,1.13
2013.08.26 14:02:43.639,1.53359,1.53371,1.88,1.13
2013.08.26 14:02:43.700,1.53359,1.53375,2.63,1.69
2013.08.26 14:02:43.758,1.53359,1.53375,2.63,1.69
2013.08.26 14:02:43.819,1.53359,1.53375,2.63,2.07
2013.08.26 14:02:44.059,1.53361,1.53375,1.13,2.07
2013.08.26 14:02:44.479,1.53363,1.53375,1.50,2.07
2013.08.26 14:02:44.658,1.53366,1.5338,1.13,1.32
2013.08.26 14:02:44.900,1.53366,1.5338,1.13,1.32
2013.08.26 14:02:45.390,1.53374,1.53383,1.50,1.50
2013.08.26 14:02:45.450,1.53374,1.53382,1.50,1.50
2013.08.26 14:02:45.509,1.53374,1.53385,1.13,1.13
2013.08.26 14:02:45.570,1.53374,1.53385,1.13,1.13
2013.08.26 14:02:46.109,1.53374,1.53387,1.50,1.88
2013.08.26 14:02:46.629,1.53374,1.53387,1.50,1.88
2013.08.26 14:02:48.620,1.53374,1.53387,1.50,1.13
2013.08.26 14:02:48.679,1.53375,1.53387,1.13,1.13
2013.08.26 14:02:48.799,1.53377,1.53389,1.13,1.50
2013.08.26 14:02:48.980,1.53378,1.53389,1.13,1.88
2013.08.26 14:02:49.219,1.53378,1.53391,1.13,1.13
2013.08.26 14:02:49.639,1.53379,1.53392,1.88,1.13
2013.08.26 14:02:49.698,1.53379,1.53392,1.88,1.13
2013.08.26 14:02:49.758,1.53379,1.53392,1.88,1.13
2013.08.26 14:02:50.298,1.53379,1.53392,3.00,1.13
2013.08.26 14:02:50.539,1.53381,1.53393,1.13,1.13
2013.08.26 14:02:50.900,1.53383,1.53395,1.13,1.13
2013.08.26 14:02:51.259,1.53383,1.53395,1.50,1.13
2013.08.26 14:02:51.499,1.53383,1.53395,2.25,1.13
2013.08.26 14:02:51.619,1.53383,1.53395,2.25,1.13
2013.08.26 14:02:52.020,1.53385,1.53396,1.13,2.44
2013.08.26 14:02:52.563,1.53385,1.53395,1.13,1.13
2013.08.26 14:02:52.799,1.53385,1.53395,1.50,1.13
2013.08.26 14:02:53.289,1.53386,1.53396,1.13,2.44
2013.08.26 14:02:55.371,1.53386,1.53395,1.13,1.13
2013.08.26 14:02:56.278,1.53387,1.53399,1.13,1.69
2013.08.26 14:02:57.069,1.53385,1.53396,1.50,1.13
2013.08.26 14:02:57.609,1.53387,1.534,1.13,1.32
2013.08.26 14:02:57.980,1.53384,1.53396,1.13,1.13
2013.08.26 14:02:59.031,1.53381,1.53395,1.13,1.50
2013.08.26 14:02:59.281,1.53379,1.53391,2.63,1.13
2013.08.26 14:02:59.460,1.53377,1.53391,1.50,1.88
2013.08.26 14:02:59.580,1.53375,1.53387,1.09,1.13
2013.08.26 14:03:00.359,1.53373,1.53389,2.63,1.13
2013.08.26 14:03:01.220,1.53373,1.53389,1.13,1.88
2013.08.26 14:03:01.579,1.5337,1.53384,1.13,1.13
2013.08.26 14:03:02.139,1.5337,1.53386,1.13,1.88
2013.08.26 14:03:02.320,1.5337,1.53381,1.13,1.13
2013.08.26 14:03:02.621,1.5337,1.53384,1.13,1.13
2013.08.26 14:03:03.853,1.53371,1.53385,1.13,1.88
2013.08.26 14:03:04.089,1.53371,1.53384,1.13,1.13
2013.08.26 14:03:04.449,1.53361,1.53376,1.13,1.50
2013.08.26 14:03:04.571,1.53359,1.53376,2.25,2.25
2013.08.26 14:03:05.229,1.53359,1.53375,1.13,1.13
2013.08.26 14:03:06.649,1.53359,1.53375,1.13,1.13
2013.08.26 14:03:06.709,1.53359,1.53375,1.13,1.13
2013.08.26 14:03:06.948,1.53359,1.53375,1.50,1.88
2013.08.26 14:03:08.269,1.53359,1.53375,1.50,1.88
2013.08.26 14:03:08.911,1.53359,1.53375,1.50,1.13
2013.08.26 14:03:09.041,1.5336,1.53376,1.13,1.13
2013.08.26 14:03:09.281,1.5336,1.53376,1.50,1.13
2013.08.26 14:03:11.889,1.53362,1.53376,2.25,1.13
2013.08.26 14:03:12.292,1.53364,1.53377,1.13,1.13
2013.08.26 14:03:12.871,1.53364,1.53379,1.50,1.32
2013.08.26 14:03:13.438,1.53365,1.5338,1.50,1.32
2013.08.26 14:03:13.918,1.53367,1.5338,1.13,1.32
2013.08.26 14:03:14.542,1.53369,1.53381,1.50,1.69
2013.08.26 14:03:14.669,1.5337,1.53384,1.50,1.88
2013.08.26 14:03:14.789,1.53372,1.53386,1.13,2.07
2013.08.26 14:03:15.329,1.53369,1.53386,2.25,1.32
2013.08.26 14:03:15.942,1.5337,1.53386,1.50,1.32
2013.08.26 14:03:20.929,1.5337,1.53385,1.50,1.13
2013.08.26 14:03:21.049,1.5337,1.53385,1.50,1.13
2013.08.26 14:03:23.459,1.53369,1.53385,1.13,1.50
2013.08.26 14:03:23.579,1.53365,1.53376,1.13,1.13
2013.08.26 14:03:23.640,1.53364,1.53376,1.13,1.50
2013.08.26 14:03:23.882,1.53364,1.53379,1.13,1.32
2013.08.26 14:03:24.069,1.53364,1.5338,1.13,1.32
2013.08.26 14:03:33.420,1.53366,1.5338,1.13,1.88
2013.08.26 14:03:33.958,1.53366,1.53383,1.50,1.69
2013.08.26 14:03:37.308,1.53366,1.53381,1.50,1.13
2013.08.26 14:03:37.904,1.53366,1.53379,1.13,1.13
2013.08.26 14:03:39.369,1.53369,1.53379,1.13,1.13
2013.08.26 14:03:39.429,1.53369,1.53383,1.13,2.07
2013.08.26 14:03:39.489,1.53369,1.53382,1.13,1.13
2013.08.26 14:03:40.379,1.53368,1.53378,1.13,1.13
2013.08.26 14:03:40.439,1.53366,1.53378,1.13,1.88
2013.08.26 14:03:40.499,1.53365,1.53375,1.13,1.13
2013.08.26 14:03:40.559,1.53359,1.53375,1.88,1.13
2013.08.26 14:03:41.130,1.53358,1.53374,1.13,1.13
2013.08.26 14:03:42.128,1.53358,1.53374,1.13,1.13
2013.08.26 14:03:42.638,1.53359,1.53374,1.50,1.13
2013.08.26 14:03:42.839,1.53363,1.53375,1.50,1.50
2013.08.26 14:03:42.959,1.53364,1.53377,1.13,1.50
2013.08.26 14:03:43.079,1.53364,1.53379,1.13,1.13
2013.08.26 14:03:43.140,1.53365,1.5338,1.50,1.13
2013.08.26 14:03:43.678,1.53367,1.53381,1.13,1.88
2013.08.26 14:03:44.039,1.53367,1.53381,1.13,1.13
2013.08.26 14:03:50.939,1.53366,1.53381,1.13,1.88
2013.08.26 14:03:51.470,1.53368,1.53381,1.50,1.50
2013.08.26 14:03:54.368,1.53366,1.53381,1.13,2.25
2013.08.26 14:03:54.949,1.53368,1.53381,1.13,2.25
2013.08.26 14:03:55.129,1.53369,1.53381,1.13,1.50
2013.08.26 14:03:57.259,1.5337,1.53385,1.13,1.88
2013.08.26 14:03:57.679,1.5337,1.53386,1.13,1.32
2013.08.26 14:03:58.193,1.5337,1.53386,1.13,1.32
2013.08.26 14:03:58.750,1.53372,1.53386,1.13,1.32
2013.08.26 14:04:00.799,1.5337,1.53385,1.88,1.13
2013.08.26 14:04:00.919,1.5337,1.53385,1.50,1.13
2013.08.26 14:04:01.513,1.5337,1.53384,1.88,1.13
2013.08.26 14:04:02.049,1.5337,1.53384,1.88,1.13
2013.08.26 14:04:03.949,1.53373,1.53384,1.88,1.13
2013.08.26 14:04:04.514,1.53374,1.53387,1.13,1.13
2013.08.26 14:04:04.918,1.53374,1.53387,1.88,1.13
2013.08.26 14:04:12.940,1.53376,1.53387,1.65,1.13
2013.08.26 14:04:13.059,1.5338,1.53393,1.50,1.13
2013.08.26 14:04:13.599,1.53381,1.53396,1.50,1.32
2013.08.26 14:04:15.119,1.53381,1.53396,2.25,1.32
2013.08.26 14:04:15.239,1.53382,1.53396,1.13,1.32
2013.08.26 14:04:16.739,1.53382,1.53396,1.13,1.32
2013.08.26 14:04:16.799,1.53382,1.53391,1.13,1.13
2013.08.26 14:04:17.039,1.53376,1.53389,1.13,1.13
2013.08.26 14:04:17.919,1.53377,1.53389,1.50,1.13
2013.08.26 14:04:18.338,1.53379,1.53392,1.50,1.88
2013.08.26 14:04:21.289,1.53379,1.53392,1.50,1.13
2013.08.26 14:04:21.810,1.53379,1.53392,1.50,1.13
2013.08.26 14:04:22.369,1.53379,1.53392,1.50,1.50
2013.08.26 14:04:23.701,1.53379,1.53392,1.50,1.50
2013.08.26 14:04:27.480,1.53374,1.53389,1.50,1.88
2013.08.26 14:04:28.540,1.53374,1.53389,1.50,2.25
2013.08.26 14:04:30.431,1.53374,1.53389,1.50,2.25
2013.08.26 14:04:31.260,1.53374,1.53389,1.50,2.25
2013.08.26 14:04:32.593,1.53374,1.53389,1.88,1.13
2013.08.26 14:04:33.141,1.53378,1.53389,1.13,1.13
2013.08.26 14:04:33.394,1.53375,1.53389,1.13,1.13
2013.08.26 14:04:38.719,1.53373,1.53384,1.13,1.13
2013.08.26 14:04:38.779,1.53371,1.53382,1.95,1.13
2013.08.26 14:04:38.959,1.53368,1.5338,1.50,1.13
2013.08.26 14:04:39.139,1.53369,1.53383,1.50,1.50
2013.08.26 14:04:39.269,1.5337,1.53383,1.50,1.13
2013.08.26 14:04:40.199,1.53369,1.53383,1.50,2.25
2013.08.26 14:04:40.259,1.53366,1.53381,2.07,1.50
2013.08.26 14:04:40.319,1.53366,1.53381,1.32,1.50
2013.08.26 14:04:45.305,1.53364,1.53378,1.50,1.13
2013.08.26 14:04:45.373,1.53362,1.53376,2.63,1.88
2013.08.26 14:04:45.619,1.53358,1.53371,2.63,1.13
2013.08.26 14:04:45.679,1.53358,1.53369,1.50,1.50
2013.08.26 14:04:45.859,1.53355,1.53369,2.25,1.50
2013.08.26 14:04:46.479,1.53357,1.53369,1.13,1.50
2013.08.26 14:04:46.899,1.53357,1.53369,1.13,1.50
2013.08.26 14:04:48.779,1.53355,1.53369,2.25,1.88
2013.08.26 14:04:48.959,1.53355,1.53369,1.88,1.88
2013.08.26 14:04:49.079,1.53355,1.53369,1.88,1.88
2013.08.26 14:04:53.170,1.53355,1.53371,1.88,1.50
2013.08.26 14:04:53.352,1.53353,1.53363,1.13,1.50
2013.08.26 14:04:53.652,1.53354,1.53365,1.13,1.50
2013.08.26 14:04:54.079,1.53354,1.53368,1.13,1.88
2013.08.26 14:04:54.691,1.53354,1.53368,2.25,1.13
2013.08.26 14:04:54.750,1.53354,1.53368,2.25,1.13
2013.08.26 14:04:55.758,1.53358,1.53371,1.13,2.63
2013.08.26 14:05:01.869,1.53358,1.53371,1.13,1.88
2013.08.26 14:05:01.989,1.53354,1.53368,2.25,1.88
2013.08.26 14:05:02.109,1.53354,1.53367,1.88,1.50
2013.08.26 14:05:02.921,1.53354,1.53368,1.88,3.38
2013.08.26 14:05:06.200,1.53354,1.53368,1.88,1.88
2013.08.26 14:05:06.749,1.53354,1.53368,1.88,1.88
2013.08.26 14:05:08.971,1.53354,1.53368,1.13,1.88
2013.08.26 14:05:09.150,1.53349,1.53362,1.13,1.13
2013.08.26 14:05:09.209,1.53347,1.53362,1.88,1.13
2013.08.26 14:05:09.269,1.53347,1.53361,1.13,1.13
2013.08.26 14:05:09.819,1.53346,1.53361,1.13,1.13
2013.08.26 14:05:10.185,1.53344,1.5336,1.88,2.07
2013.08.26 14:05:10.309,1.53344,1.5336,1.50,2.07
2013.08.26 14:05:10.369,1.53343,1.5336,1.13,2.44
2013.08.26 14:05:10.550,1.53344,1.5336,1.13,2.44
2013.08.26 14:05:12.669,1.53341,1.53356,1.13,1.88
2013.08.26 14:05:13.219,1.53341,1.53356,1.13,1.88
2013.08.26 14:05:13.521,1.53343,1.53356,1.50,1.13
2013.08.26 14:05:14.119,1.53341,1.53356,1.50,1.88
2013.08.26 14:05:14.658,1.5334,1.53356,1.13,1.88
2013.08.26 14:05:17.179,1.53343,1.53356,1.50,1.13
2013.08.26 14:05:17.718,1.53342,1.53356,1.50,1.13
2013.08.26 14:05:19.020,1.53343,1.53358,1.50,1.88
2013.08.26 14:05:20.159,1.53343,1.53358,1.50,1.88
2013.08.26 14:05:21.889,1.53343,1.53358,1.50,1.88
2013.08.26 14:05:26.469,1.53343,1.53357,1.88,1.50
2013.08.26 14:05:26.710,1.53344,1.53357,1.50,1.13
2013.08.26 14:05:27.269,1.53344,1.53357,2.25,1.13
2013.08.26 14:05:27.843,1.53346,1.53359,1.50,1.13
2013.08.26 14:05:28.349,1.53346,1.53359,1.50,1.13
2013.08.26 14:05:28.989,1.53344,1.53359,1.50,1.13
2013.08.26 14:05:31.510,1.53343,1.53356,1.13,1.13
2013.08.26 14:05:31.929,1.53341,1.53353,1.13,1.50
2013.08.26 14:05:32.469,1.53339,1.53351,2.82,1.13
2013.08.26 14:05:33.150,1.53341,1.53353,1.13,2.25
2013.08.26 14:05:33.589,1.53341,1.53353,1.13,1.50
2013.08.26 14:05:33.651,1.53345,1.53354,1.13,1.50
2013.08.26 14:05:33.949,1.53355,1.5336,1.13,1.13
2013.08.26 14:05:34.010,1.53357,1.53368,1.13,1.88
2013.08.26 14:05:34.130,1.53357,1.53366,1.13,1.13
2013.08.26 14:05:34.430,1.5335,1.53366,1.50,1.88
2013.08.26 14:05:36.429,1.53352,1.53366,1.13,1.88
2013.08.26 14:05:37.179,1.53352,1.53362,1.13,1.88
2013.08.26 14:05:37.480,1.53346,1.53359,1.13,1.88
2013.08.26 14:05:37.542,1.53344,1.53359,2.07,1.88
2013.08.26 14:05:38.083,1.53344,1.53357,1.32,1.13
2013.08.26 14:05:38.292,1.53344,1.53356,1.13,1.13
2013.08.26 14:05:38.999,1.53346,1.53358,1.50,1.50
2013.08.26 14:05:39.551,1.53346,1.53358,1.50,1.50
2013.08.26 14:05:39.950,1.53344,1.53357,1.88,1.13
2013.08.26 14:05:40.129,1.53344,1.53352,1.88,1.50
2013.08.26 14:05:40.190,1.53344,1.53351,1.88,1.13
2013.08.26 14:05:40.749,1.5334,1.53351,1.13,1.13
2013.08.26 14:05:40.810,1.53336,1.5335,2.18,1.50
2013.08.26 14:05:40.870,1.53337,1.5335,1.13,1.50
2013.08.26 14:05:40.930,1.53335,1.53351,1.50,2.44
2013.08.26 14:05:41.049,1.53337,1.53348,1.13,1.13
2013.08.26 14:05:41.170,1.5333,1.53346,1.43,1.50
2013.08.26 14:05:41.410,1.53334,1.53349,1.80,1.50
2013.08.26 14:05:41.530,1.53334,1.53349,1.80,1.13
2013.08.26 14:05:41.889,1.53337,1.53349,1.13,1.13
2013.08.26 14:05:44.919,1.53337,1.53349,1.13,1.13
2013.08.26 14:05:45.040,1.53334,1.53347,2.25,1.13
2013.08.26 14:05:45.341,1.53335,1.53345,1.13,2.63
2013.08.26 14:05:45.459,1.53334,1.53345,1.13,2.63
2013.08.26 14:05:45.519,1.53332,1.53341,1.13,1.13
2013.08.26 14:05:45.580,1.53328,1.53341,2.82,1.13
2013.08.26 14:05:45.640,1.53329,1.53343,1.13,1.13
2013.08.26 14:05:45.980,1.53328,1.53341,1.50,1.88
2013.08.26 14:05:47.109,1.53327,1.53339,1.13,1.13
2013.08.26 14:05:47.457,1.53324,1.53338,1.50,1.88
2013.08.26 14:05:47.849,1.53325,1.53339,1.50,1.13
2013.08.26 14:05:47.971,1.53328,1.5334,1.13,1.13
2013.08.26 14:05:48.330,1.53333,1.53345,1.13,1.13
2013.08.26 14:05:48.672,1.53333,1.53346,1.50,1.13
2013.08.26 14:05:48.899,1.53334,1.53346,1.50,1.13
2013.08.26 14:05:49.439,1.53333,1.53345,1.13,1.13
2013.08.26 14:05:49.740,1.53333,1.53346,1.13,1.50
2013.08.26 14:05:49.799,1.53333,1.53345,1.13,1.13
2013.08.26 14:05:50.130,1.53334,1.53346,1.50,1.13
2013.08.26 14:05:50.311,1.53336,1.53347,1.50,1.50
2013.08.26 14:05:53.680,1.53335,1.53349,1.50,1.13
2013.08.26 14:05:59.303,1.53337,1.5335,1.13,1.88
2013.08.26 14:05:59.930,1.53337,1.53346,1.13,1.13
2013.08.26 14:06:00.233,1.53344,1.53356,1.88,1.13
2013.08.26 14:06:00.299,1.53345,1.53357,1.13,1.13
2013.08.26 14:06:00.419,1.53344,1.53358,1.88,1.69
2013.08.26 14:06:00.900,1.53344,1.53358,1.50,1.32
2013.08.26 14:06:01.319,1.53344,1.53358,1.50,2.07
2013.08.26 14:06:01.499,1.53346,1.53359,1.13,1.50
2013.08.26 14:06:02.679,1.53347,1.53361,1.88,1.13
2013.08.26 14:06:03.229,1.53349,1.53362,1.50,2.44
2013.08.26 14:06:03.959,1.53349,1.53361,1.50,1.88
2013.08.26 14:06:05.700,1.53349,1.53361,1.50,1.13
2013.08.26 14:06:09.242,1.53344,1.53361,2.63,2.25
2013.08.26 14:06:09.312,1.53344,1.53359,1.88,1.50
2013.08.26 14:06:09.860,1.53342,1.53356,2.25,1.88
2013.08.26 14:06:10.950,1.53342,1.53353,1.88,1.50
2013.08.26 14:06:11.010,1.53342,1.53353,1.13,1.50
2013.08.26 14:06:11.432,1.53342,1.53355,1.50,1.13
2013.08.26 14:06:11.553,1.53344,1.53359,1.88,1.69
2013.08.26 14:06:11.621,1.53342,1.53352,1.88,1.13
2013.08.26 14:06:11.862,1.53336,1.53347,1.13,1.13
2013.08.26 14:06:11.921,1.53336,1.53347,1.13,1.13
2013.08.26 14:06:11.981,1.53334,1.53347,1.50,1.13
2013.08.26 14:06:12.100,1.5333,1.53347,2.25,1.88
2013.08.26 14:06:12.652,1.53332,1.53347,1.13,1.13
2013.08.26 14:06:12.833,1.53334,1.53348,1.50,1.13
2013.08.26 14:06:14.181,1.53334,1.5335,1.13,2.25
2013.08.26 14:06:14.660,1.53334,1.53348,1.88,1.13
2013.08.26 14:06:15.439,1.53334,1.53346,1.13,1.13
2013.08.26 14:06:15.989,1.53334,1.53346,1.50,1.13
2013.08.26 14:06:19.572,1.53334,1.53346,1.50,1.13
2013.08.26 14:06:19.645,1.53334,1.53347,1.50,2.25
2013.08.26 14:06:19.889,1.53334,1.53347,1.50,1.88
2013.08.26 14:06:23.921,1.53333,1.53347,1.13,1.88
2013.08.26 14:06:24.809,1.53334,1.53347,1.88,1.13
2013.08.26 14:06:24.869,1.53334,1.53347,1.88,1.13
2013.08.26 14:06:25.109,1.53344,1.53354,1.13,1.50
2013.08.26 14:06:25.229,1.53344,1.53358,1.88,1.13
2013.08.26 14:06:25.290,1.53347,1.53358,1.13,1.13
2013.08.26 14:06:25.829,1.53347,1.5336,1.13,2.07
2013.08.26 14:06:26.455,1.53347,1.5336,1.13,1.32
2013.08.26 14:06:26.985,1.53347,1.5336,1.13,1.13
2013.08.26 14:06:29.131,1.53347,1.5336,1.50,1.50
2013.08.26 14:06:29.504,1.53344,1.5336,2.25,1.50
2013.08.26 14:06:30.359,1.53344,1.53358,2.25,1.13
2013.08.26 14:06:33.069,1.53344,1.5336,2.25,1.50
2013.08.26 14:06:37.045,1.53347,1.5336,1.50,1.50
2013.08.26 14:06:41.459,1.53347,1.5336,1.50,1.50
2013.08.26 14:06:42.058,1.53344,1.5336,2.25,1.50
2013.08.26 14:06:42.240,1.5335,1.5336,1.13,1.13
2013.08.26 14:06:42.600,1.53357,1.53368,1.13,1.50
2013.08.26 14:06:43.019,1.53356,1.53371,1.13,1.13
2013.08.26 14:06:43.471,1.53354,1.53371,3.00,2.25
2013.08.26 14:06:43.939,1.53355,1.5337,1.13,1.50
2013.08.26 14:06:44.659,1.53355,1.53369,1.13,1.13
2013.08.26 14:06:45.200,1.53356,1.53371,1.88,1.13
2013.08.26 14:06:45.320,1.5336,1.53374,1.13,1.69
2013.08.26 14:06:45.499,1.5336,1.53376,1.50,1.88
2013.08.26 14:06:46.549,1.5336,1.53375,1.88,2.63
2013.08.26 14:06:48.000,1.53362,1.53374,1.50,1.13
2013.08.26 14:06:48.060,1.53361,1.53372,1.50,1.13
2013.08.26 14:06:50.159,1.53361,1.53371,1.50,1.50
2013.08.26 14:06:50.713,1.5336,1.5337,1.50,1.88
2013.08.26 14:06:51.409,1.53355,1.5337,1.50,1.88
2013.08.26 14:06:51.530,1.53355,1.53366,1.13,1.13
2013.08.26 14:06:51.590,1.53353,1.53363,1.13,1.50
2013.08.26 14:06:51.770,1.53351,1.53362,1.50,1.88
2013.08.26 14:06:52.010,1.53351,1.53366,1.13,2.25
2013.08.26 14:06:52.069,1.53353,1.53366,1.13,2.25
2013.08.26 14:06:52.249,1.53353,1.53368,1.50,1.50
2013.08.26 14:06:59.650,1.53354,1.53367,2.25,1.13
2013.08.26 14:06:59.949,1.53354,1.53367,2.25,1.13
2013.08.26 14:07:03.599,1.53357,1.5337,1.50,1.13
2013.08.26 14:07:03.659,1.53357,1.53371,1.50,2.25
2013.08.26 14:07:03.899,1.53355,1.5337,1.50,1.13
2013.08.26 14:07:04.721,1.53355,1.53366,1.50,1.13
2013.08.26 14:07:05.699,1.53354,1.53366,1.50,2.25
2013.08.26 14:07:06.130,1.53354,1.53366,1.50,2.63
2013.08.26 14:07:06.369,1.5335,1.53366,3.00,2.63
2013.08.26 14:07:06.430,1.5335,1.53366,3.38,3.00
2013.08.26 14:07:06.980,1.53353,1.53366,1.50,1.13
2013.08.26 14:07:07.100,1.53354,1.53369,1.88,2.07
2013.08.26 14:07:07.784,1.53354,1.53369,1.50,1.69
2013.08.26 14:07:08.091,1.53352,1.53366,1.88,2.25
2013.08.26 14:07:08.452,1.53344,1.53359,2.63,1.13
2013.08.26 14:07:08.630,1.53344,1.53361,1.88,2.07
2013.08.26 14:07:09.169,1.53344,1.53361,2.63,2.07
2013.08.26 14:07:10.095,1.53345,1.53361,1.13,2.07
2013.08.26 14:07:16.792,1.53345,1.53361,1.13,1.88
2013.08.26 14:07:18.420,1.53345,1.5336,1.13,1.13
2013.08.26 14:07:18.491,1.53344,1.53356,1.13,1.13
2013.08.26 14:07:18.849,1.53344,1.5336,1.88,2.82
2013.08.26 14:07:22.009,1.53344,1.53361,2.25,3.94
2013.08.26 14:07:22.310,1.53343,1.53356,1.13,2.82
2013.08.26 14:07:22.489,1.53344,1.53359,2.63,1.69
2013.08.26 14:07:22.669,1.53345,1.5336,1.50,1.69
2013.08.26 14:07:26.271,1.53349,1.53354,1.50,1.88
2013.08.26 14:07:26.391,1.53343,1.53351,1.50,1.50
2013.08.26 14:07:26.451,1.53339,1.5335,1.50,1.13
2013.08.26 14:07:26.569,1.53338,1.5335,1.50,1.13
2013.08.26 14:07:26.929,1.53338,1.53353,1.50,1.50
2013.08.26 14:07:27.440,1.53339,1.53354,1.13,1.88
2013.08.26 14:07:28.049,1.53339,1.53354,1.88,1.88
2013.08.26 14:07:35.170,1.53339,1.53353,1.88,1.50
2013.08.26 14:07:35.719,1.53342,1.53352,2.07,1.50
2013.08.26 14:07:38.120,1.53342,1.53354,2.07,1.50
2013.08.26 14:07:38.744,1.53342,1.53355,2.44,1.13
2013.08.26 14:07:39.583,1.53346,1.53354,1.50,1.13
2013.08.26 14:07:40.192,1.53343,1.53353,1.50,1.50
2013.08.26 14:07:41.159,1.53346,1.53356,1.50,1.69
2013.08.26 14:07:41.340,1.53346,1.53358,1.50,1.88
2013.08.26 14:07:41.579,1.53346,1.53355,1.50,1.50
2013.08.26 14:07:41.971,1.53344,1.53353,2.25,1.50
2013.08.26 14:07:42.400,1.53346,1.53354,1.50,1.50
2013.08.26 14:07:43.330,1.53346,1.53356,1.50,1.88
2013.08.26 14:07:45.030,1.53342,1.53356,1.88,2.25
2013.08.26 14:07:47.999,1.5334,1.53354,1.88,1.13
2013.08.26 14:07:51.001,1.5334,1.53355,1.13,1.88
2013.08.26 14:07:51.179,1.53338,1.53355,3.38,1.88
2013.08.26 14:07:51.239,1.53338,1.53351,2.63,1.50
2013.08.26 14:07:52.059,1.53338,1.53351,1.50,1.50
2013.08.26 14:07:52.909,1.53338,1.53351,1.50,1.50
2013.08.26 14:07:53.029,1.53338,1.53349,1.50,1.13
2013.08.26 14:07:53.775,1.53338,1.53349,1.50,1.50
2013.08.26 14:07:54.849,1.53339,1.5335,1.88,2.25
2013.08.26 14:07:54.970,1.53339,1.53352,1.88,1.13
2013.08.26 14:08:00.499,1.53339,1.53353,1.88,1.88
2013.08.26 14:08:00.919,1.5334,1.53353,1.50,1.50
2013.08.26 14:08:01.040,1.53341,1.53349,1.50,1.88
2013.08.26 14:08:01.220,1.53339,1.53349,1.13,1.13
2013.08.26 14:08:01.279,1.53338,1.53349,1.50,1.13
2013.08.26 14:08:01.579,1.53338,1.5335,1.88,1.50
2013.08.26 14:08:01.759,1.53344,1.53353,1.13,1.50
2013.08.26 14:08:02.439,1.53339,1.53353,1.50,1.50
2013.08.26 14:08:03.210,1.5334,1.53353,1.13,1.50
2013.08.26 14:08:03.270,1.53339,1.53353,1.50,1.50
2013.08.26 14:08:03.329,1.53338,1.53352,1.50,1.50
2013.08.26 14:08:03.510,1.53339,1.53352,1.13,1.13
2013.08.26 14:08:03.710,1.53344,1.53354,1.13,1.50
2013.08.26 14:08:04.283,1.53344,1.53354,1.13,1.50
2013.08.26 14:08:04.839,1.53344,1.53354,1.13,1.13
2013.08.26 14:08:05.292,1.53344,1.5336,1.13,3.00
2013.08.26 14:08:05.411,1.53344,1.53361,1.50,1.50
2013.08.26 14:08:05.590,1.53344,1.53361,1.88,1.13
2013.08.26 14:08:05.829,1.53344,1.53361,1.50,1.50
2013.08.26 14:08:17.170,1.53344,1.5336,1.88,1.50
2013.08.26 14:08:17.794,1.53344,1.5336,1.88,1.50
2013.08.26 14:08:19.820,1.53344,1.5336,1.88,1.50
2013.08.26 14:08:20.339,1.53344,1.5336,1.88,1.50
2013.08.26 14:08:24.760,1.53344,1.5336,1.88,1.50
2013.08.26 14:08:26.428,1.53345,1.53361,1.50,1.88
2013.08.26 14:08:26.979,1.53345,1.53361,1.50,1.88
2013.08.26 14:08:30.699,1.53345,1.53361,1.50,1.88
2013.08.26 14:08:30.819,1.53345,1.5336,1.13,1.50
2013.08.26 14:08:31.191,1.53345,1.5336,1.88,2.25
2013.08.26 14:08:36.752,1.53345,1.53356,1.13,1.50
2013.08.26 14:08:37.053,1.53344,1.53355,1.13,3.75
2013.08.26 14:08:37.239,1.53344,1.53355,1.50,1.88
2013.08.26 14:08:37.929,1.5334,1.53355,1.13,1.50
2013.08.26 14:08:38.110,1.53339,1.53353,2.25,1.13
2013.08.26 14:08:38.170,1.53344,1.53354,1.13,1.50
2013.08.26 14:08:38.859,1.53344,1.53354,1.13,1.50
2013.08.26 14:08:39.369,1.53344,1.53356,1.50,1.50
2013.08.26 14:08:39.489,1.53344,1.53356,1.50,1.13
2013.08.26 14:08:41.501,1.53344,1.53356,1.50,1.13
2013.08.26 14:08:42.123,1.53344,1.53355,1.50,1.50
2013.08.26 14:08:42.472,1.53344,1.53356,1.88,1.13
2013.08.26 14:08:42.601,1.53351,1.53363,1.88,2.63
2013.08.26 14:08:42.722,1.53351,1.53364,1.88,1.88
2013.08.26 14:08:42.841,1.53351,1.53363,1.13,1.50
2013.08.26 14:08:44.511,1.5335,1.53362,1.50,1.13
2013.08.26 14:08:45.156,1.53351,1.53363,1.13,1.50
2013.08.26 14:08:46.882,1.53351,1.53363,1.13,1.50
2013.08.26 14:08:47.001,1.53351,1.53365,1.50,1.88
2013.08.26 14:08:47.380,1.53359,1.53367,1.88,1.13
2013.08.26 14:08:47.440,1.53359,1.53368,1.50,1.13
2013.08.26 14:08:47.501,1.53361,1.53371,1.13,1.69
2013.08.26 14:08:47.619,1.53359,1.53371,1.50,1.69
2013.08.26 14:08:47.739,1.5336,1.53371,1.50,1.69
2013.08.26 14:08:48.041,1.53361,1.53371,1.13,1.69
2013.08.26 14:08:48.561,1.53361,1.53371,1.13,1.50
2013.08.26 14:08:49.419,1.53363,1.53371,1.13,1.50
2013.08.26 14:08:49.821,1.53361,1.53371,1.13,1.50
2013.08.26 14:08:50.119,1.53361,1.53371,1.13,1.50
2013.08.26 14:08:51.559,1.53361,1.5337,1.13,1.50
2013.08.26 14:08:54.309,1.53361,1.53373,1.13,1.13
2013.08.26 14:08:55.709,1.53361,1.53374,1.13,1.88
2013.08.26 14:08:56.244,1.53361,1.53375,1.13,1.13
2013.08.26 14:09:00.980,1.53363,1.53375,1.13,1.13
2013.08.26 14:09:07.121,1.53363,1.53377,1.13,1.50
2013.08.26 14:09:07.770,1.53362,1.53376,1.88,1.50
2013.08.26 14:09:07.949,1.53362,1.53375,1.13,1.13
2013.08.26 14:09:08.371,1.53362,1.53375,1.88,1.50
2013.08.26 14:09:12.441,1.5336,1.53375,1.88,1.88
2013.08.26 14:09:12.919,1.53362,1.53375,1.13,1.13
2013.08.26 14:09:14.829,1.53361,1.53375,1.13,1.13
2013.08.26 14:09:15.812,1.53361,1.53375,1.13,1.13
2013.08.26 14:09:16.500,1.5336,1.53368,1.50,1.13
2013.08.26 14:09:16.923,1.53361,1.53371,1.13,1.13
2013.08.26 14:09:21.740,1.5336,1.53368,1.50,1.13
2013.08.26 14:09:21.922,1.5336,1.5337,1.50,1.13
2013.08.26 14:09:29.790,1.5336,1.5337,1.13,1.13
2013.08.26 14:09:30.040,1.53357,1.5337,2.25,1.13
2013.08.26 14:09:30.221,1.53354,1.53366,1.50,1.50
2013.08.26 14:09:30.400,1.53352,1.53364,1.13,1.50
2013.08.26 14:09:30.460,1.53351,1.53363,1.50,1.13
2013.08.26 14:09:31.750,1.53352,1.53363,1.50,1.13
2013.08.26 14:09:33.260,1.53352,1.53363,1.13,1.88
2013.08.26 14:09:33.879,1.53354,1.53364,1.13,1.50
2013.08.26 14:09:36.030,1.53353,1.53363,1.13,1.50
2013.08.26 14:09:39.479,1.53353,1.53365,1.13,1.50
2013.08.26 14:09:41.819,1.53352,1.53364,1.50,1.13
2013.08.26 14:09:44.490,1.53355,1.53367,1.13,1.13
2013.08.26 14:09:44.552,1.53362,1.53376,1.13,1.13
2013.08.26 14:09:44.622,1.53365,1.53371,1.13,1.50
2013.08.26 14:09:44.691,1.53366,1.53376,1.13,1.88
2013.08.26 14:09:44.810,1.53367,1.53376,1.13,1.88
2013.08.26 14:09:44.990,1.53367,1.53378,1.13,1.50
2013.08.26 14:09:50.810,1.53367,1.53378,1.50,1.50
2013.08.26 14:09:50.991,1.53367,1.5338,1.88,1.88
2013.08.26 14:09:51.351,1.5337,1.53381,1.13,1.13
2013.08.26 14:09:52.140,1.53371,1.53381,1.13,1.13
2013.08.26 14:09:52.442,1.53375,1.53385,1.13,1.88
2013.08.26 14:09:52.690,1.53376,1.53386,1.13,1.88
2013.08.26 14:09:53.559,1.53374,1.53386,1.50,1.88
2013.08.26 14:09:53.620,1.53374,1.53385,1.50,1.50
2013.08.26 14:09:53.980,1.53369,1.53379,1.88,1.13
2013.08.26 14:09:54.339,1.53372,1.5338,1.13,1.50
2013.08.26 14:09:54.460,1.53369,1.5338,1.88,1.88
2013.08.26 14:09:54.700,1.53369,1.5338,1.13,1.13
2013.08.26 14:09:55.181,1.53366,1.5338,1.88,1.13
2013.08.26 14:09:55.700,1.53365,1.53377,1.13,1.13
2013.08.26 14:09:56.079,1.53365,1.53377,1.13,1.13
2013.08.26 14:09:56.441,1.53365,1.53377,1.13,1.13
2013.08.26 14:09:56.560,1.53371,1.53383,1.13,1.50
2013.08.26 14:09:56.620,1.53372,1.53383,1.50,1.13
2013.08.26 14:09:57.160,1.53372,1.53383,1.50,1.13
2013.08.26 14:10:00.823,1.53373,1.53383,1.50,1.13
2013.08.26 14:10:01.351,1.53373,1.53384,1.50,1.88
2013.08.26 14:10:01.573,1.53373,1.53385,1.50,1.13
2013.08.26 14:10:02.776,1.53374,1.53386,1.50,1.88
2013.08.26 14:10:03.301,1.53374,1.53386,1.50,1.13
2013.08.26 14:10:04.259,1.53374,1.53386,1.50,1.88
2013.08.26 14:10:08.590,1.53376,1.53386,1.13,1.13
2013.08.26 14:10:08.898,1.53379,1.5339,1.13,1.50
2013.08.26 14:10:09.203,1.5338,1.53394,1.13,1.50
2013.08.26 14:10:09.270,1.53382,1.53395,1.88,1.50
2013.08.26 14:10:09.389,1.53383,1.53395,1.13,1.50
2013.08.26 14:10:09.569,1.53384,1.53397,1.13,1.50
2013.08.26 14:10:10.150,1.53383,1.53395,1.13,1.50
2013.08.26 14:10:15.069,1.53383,1.53393,1.50,1.50
2013.08.26 14:10:15.370,1.53381,1.5339,1.50,1.88
2013.08.26 14:10:17.090,1.53379,1.5339,1.88,1.88
2013.08.26 14:10:17.725,1.53379,1.53389,1.50,1.13
2013.08.26 14:10:18.982,1.53381,1.53392,1.50,1.50
2013.08.26 14:10:19.281,1.53384,1.53396,1.13,1.50
2013.08.26 14:10:20.119,1.53383,1.53396,1.50,1.50
2013.08.26 14:10:25.550,1.53382,1.53395,1.50,1.50
2013.08.26 14:10:29.430,1.53381,1.53394,1.50,1.88
2013.08.26 14:10:29.490,1.53381,1.53393,1.50,1.13
2013.08.26 14:10:29.550,1.53379,1.53389,1.13,1.50
2013.08.26 14:10:29.669,1.53378,1.53391,1.50,2.25
2013.08.26 14:10:30.941,1.53378,1.53392,2.25,1.13
2013.08.26 14:10:31.060,1.53378,1.53389,2.63,1.50
2013.08.26 14:10:34.580,1.53378,1.53387,1.50,1.13
2013.08.26 14:10:34.890,1.53374,1.53386,1.50,1.50
2013.08.26 14:10:35.910,1.53379,1.5339,1.13,1.13
2013.08.26 14:10:36.685,1.53379,1.53391,1.13,1.50
2013.08.26 14:10:37.190,1.53379,1.53392,1.88,1.13
2013.08.26 14:10:37.692,1.53379,1.53393,1.88,1.13
2013.08.26 14:10:38.660,1.5338,1.53393,1.13,1.50
2013.08.26 14:10:40.102,1.5338,1.53394,1.88,1.13
2013.08.26 14:10:40.459,1.53384,1.53395,1.13,1.88
2013.08.26 14:10:47.480,1.53386,1.53398,2.07,1.13
2013.08.26 14:10:47.782,1.53388,1.53399,1.88,1.50
2013.08.26 14:10:54.379,1.53387,1.53398,2.63,1.13
2013.08.26 14:11:00.600,1.53386,1.53397,1.88,1.13
2013.08.26 14:11:01.859,1.53387,1.53401,1.50,1.13
2013.08.26 14:11:02.641,1.53389,1.53401,1.50,1.88
2013.08.26 14:11:02.761,1.53389,1.53401,1.50,4.50
2013.08.26 14:11:02.882,1.53389,1.534,1.50,2.07
2013.08.26 14:11:03.183,1.53386,1.53395,1.50,1.13
2013.08.26 14:11:03.243,1.53386,1.53395,2.25,1.13
2013.08.26 14:11:03.602,1.53385,1.53397,1.50,1.50
2013.08.26 14:11:03.960,1.53383,1.53394,2.25,1.13
2013.08.26 14:11:04.020,1.53383,1.53392,2.25,1.13
2013.08.26 14:11:04.321,1.53383,1.53393,1.50,1.50
2013.08.26 14:11:04.381,1.53384,1.53392,1.50,1.13
2013.08.26 14:11:04.561,1.53384,1.53394,1.50,1.13
2013.08.26 14:11:04.682,1.53384,1.53394,1.13,1.13
2013.08.26 14:11:05.225,1.53384,1.53394,1.50,1.13
2013.08.26 14:11:05.750,1.53383,1.53394,1.88,1.13
2013.08.26 14:11:07.721,1.53381,1.53393,1.50,1.13
2013.08.26 14:11:07.840,1.53379,1.53391,1.50,1.13
2013.08.26 14:11:08.244,1.53381,1.53391,1.50,1.13
2013.08.26 14:11:08.370,1.53381,1.53392,1.50,1.13
2013.08.26 14:11:08.920,1.53381,1.53391,2.25,1.13
2013.08.26 14:11:09.160,1.53381,1.53391,1.50,1.50
2013.08.26 14:11:09.280,1.53381,1.53391,2.25,1.13
2013.08.26 14:11:09.820,1.53384,1.53392,2.25,1.88
2013.08.26 14:11:10.122,1.53387,1.53394,1.50,1.50
2013.08.26 14:11:10.190,1.53384,1.53393,1.50,1.13
2013.08.26 14:11:10.369,1.53384,1.53395,1.50,1.13
2013.08.26 14:11:11.779,1.53385,1.53395,1.50,1.13
2013.08.26 14:11:12.200,1.53387,1.53398,1.50,1.50
2013.08.26 14:11:12.319,1.53387,1.53397,1.50,1.13
2013.08.26 14:11:12.559,1.53388,1.53398,1.13,1.88
2013.08.26 14:11:13.460,1.53389,1.53399,3.00,1.50
2013.08.26 14:11:13.820,1.53389,1.53397,1.88,1.50
2013.08.26 14:11:18.941,1.53389,1.53396,1.50,1.13
2013.08.26 14:11:21.659,1.53384,1.53398,1.50,1.13
2013.08.26 14:11:25.550,1.53385,1.53396,1.50,1.13
2013.08.26 14:11:27.806,1.53385,1.53396,1.50,1.13
2013.08.26 14:11:28.052,1.53384,1.53396,1.88,1.88
2013.08.26 14:11:28.360,1.53384,1.53392,1.88,1.50
2013.08.26 14:11:32.011,1.53384,1.53392,1.88,1.50
2013.08.26 14:11:33.241,1.53384,1.53393,1.50,1.13
2013.08.26 14:11:33.361,1.53384,1.53394,1.50,1.50
2013.08.26 14:11:33.980,1.53384,1.53393,3.00,1.50
2013.08.26 14:11:34.340,1.53383,1.53395,1.13,2.25
2013.08.26 14:11:34.580,1.53384,1.53393,1.13,1.50
2013.08.26 14:11:35.310,1.53384,1.53393,1.13,1.50
2013.08.26 14:11:36.244,1.53384,1.53399,1.50,2.25
2013.08.26 14:11:36.551,1.5339,1.53399,1.50,1.13
2013.08.26 14:11:38.072,1.53389,1.534,2.25,1.50
2013.08.26 14:11:38.834,1.53389,1.53399,2.25,1.50
2013.08.26 14:11:39.580,1.53389,1.53401,1.50,1.13
2013.08.26 14:11:39.701,1.53391,1.53404,1.13,1.32
2013.08.26 14:11:39.941,1.5339,1.53404,1.88,1.32
2013.08.26 14:11:40.302,1.53391,1.53404,1.13,1.32
2013.08.26 14:11:40.610,1.53394,1.53406,1.50,1.13
2013.08.26 14:11:41.632,1.53395,1.53408,1.13,1.50
2013.08.26 14:11:41.871,1.53394,1.53409,2.63,1.13
2013.08.26 14:11:42.241,1.53396,1.53409,1.13,1.13
2013.08.26 14:11:43.650,1.53396,1.5341,2.25,1.13
2013.08.26 14:11:44.660,1.53399,1.5341,1.50,1.13
2013.08.26 14:11:53.020,1.53398,1.5341,1.50,1.50
2013.08.26 14:11:55.160,1.53399,1.5341,1.13,1.50
2013.08.26 14:11:59.114,1.53401,1.53412,1.13,1.13
2013.08.26 14:11:59.281,1.53401,1.53415,1.13,1.88
2013.08.26 14:11:59.341,1.53404,1.53415,1.50,1.88
2013.08.26 14:11:59.400,1.53404,1.53418,1.50,2.07
2013.08.26 14:11:59.460,1.53404,1.5342,1.50,1.13
2013.08.26 14:11:59.581,1.53405,1.53421,1.50,1.50
2013.08.26 14:11:59.641,1.53405,1.53421,1.88,1.50
2013.08.26 14:11:59.761,1.53408,1.53421,1.13,1.50
2013.08.26 14:12:00.300,1.53408,1.53419,1.13,1.50
2013.08.26 14:12:01.621,1.53406,1.53418,1.13,1.13
2013.08.26 14:12:02.150,1.53406,1.53418,1.13,1.50
2013.08.26 14:12:03.551,1.53406,1.53418,1.88,1.50
2013.08.26 14:12:06.641,1.53406,1.53418,2.25,1.50
2013.08.26 14:12:07.362,1.53406,1.53418,2.25,1.50
2013.08.26 14:12:11.382,1.53402,1.53416,2.25,1.50
2013.08.26 14:12:11.444,1.53401,1.53415,1.88,1.88
2013.08.26 14:12:11.511,1.53399,1.53413,1.50,1.13
2013.08.26 14:12:11.871,1.53397,1.53405,1.50,1.13
2013.08.26 14:12:14.230,1.53393,1.53404,1.13,1.13
2013.08.26 14:12:14.790,1.53393,1.53404,1.13,1.13
2013.08.26 14:12:19.054,1.53393,1.53404,1.13,1.13
2013.08.26 14:12:19.240,1.53389,1.534,1.13,1.50
2013.08.26 14:12:19.360,1.53389,1.534,1.13,1.50
2013.08.26 14:12:19.481,1.53389,1.534,1.13,1.50
2013.08.26 14:12:19.660,1.53388,1.53401,1.13,2.25
2013.08.26 14:12:19.784,1.53385,1.53399,1.32,1.50
2013.08.26 14:12:20.310,1.53388,1.53398,1.13,1.13
2013.08.26 14:12:20.370,1.53388,1.53398,1.13,1.50
2013.08.26 14:12:20.609,1.53384,1.53395,1.69,1.50
2013.08.26 14:12:20.730,1.53382,1.53394,1.13,1.13
2013.08.26 14:12:20.790,1.53382,1.53394,1.13,1.13
2013.08.26 14:12:20.910,1.53385,1.53398,1.13,1.50
2013.08.26 14:12:21.390,1.53385,1.53398,1.13,1.50
2013.08.26 14:12:22.053,1.53382,1.53397,2.25,1.88
2013.08.26 14:12:23.359,1.53382,1.53397,1.88,1.50
2013.08.26 14:12:23.721,1.53382,1.53397,1.88,2.63
2013.08.26 14:12:26.670,1.53382,1.53397,2.25,1.50
2013.08.26 14:12:26.909,1.53382,1.53397,1.50,2.25
2013.08.26 14:12:26.970,1.53381,1.53396,3.00,1.13
2013.08.26 14:12:27.509,1.53382,1.53396,1.13,1.13
2013.08.26 14:12:27.860,1.53381,1.53396,2.25,1.50
2013.08.26 14:12:28.282,1.53381,1.53396,1.88,2.63
2013.08.26 14:12:28.829,1.53381,1.53396,2.63,1.50
2013.08.26 14:12:28.890,1.53382,1.53397,1.13,1.13
2013.08.26 14:12:28.951,1.53381,1.53396,2.25,1.88
2013.08.26 14:12:29.070,1.53381,1.53396,2.25,1.88
2013.08.26 14:12:29.723,1.53381,1.53395,1.88,1.13
2013.08.26 14:12:29.781,1.53389,1.53395,1.13,1.13
2013.08.26 14:12:29.960,1.53385,1.53398,1.88,1.13
2013.08.26 14:12:33.560,1.53389,1.534,1.13,1.13
2013.08.26 14:12:37.491,1.53389,1.53401,1.13,1.13
2013.08.26 14:12:39.109,1.53386,1.53401,1.88,1.50
2013.08.26 14:12:39.692,1.53386,1.53401,1.88,1.50
2013.08.26 14:12:40.542,1.53389,1.53401,1.13,1.50
2013.08.26 14:12:41.599,1.53386,1.53401,1.88,1.88
2013.08.26 14:12:45.250,1.53388,1.53402,1.13,1.13
2013.08.26 14:12:45.719,1.53388,1.53402,1.88,1.13
2013.08.26 14:12:47.230,1.53388,1.534,1.13,1.13
2013.08.26 14:12:48.439,1.53385,1.53401,1.50,1.88
2013.08.26 14:12:48.560,1.53384,1.53401,1.50,2.63
2013.08.26 14:12:49.071,1.53383,1.53398,1.88,1.88
2013.08.26 14:12:49.870,1.53383,1.53396,1.13,1.13
2013.08.26 14:12:50.229,1.5338,1.53396,1.13,1.88
2013.08.26 14:12:50.770,1.5338,1.53396,1.13,1.50
2013.08.26 14:12:52.230,1.53383,1.53395,1.88,1.13
2013.08.26 14:12:52.289,1.53383,1.53395,1.88,1.13
2013.08.26 14:12:52.469,1.53383,1.53397,1.88,1.13
2013.08.26 14:12:54.030,1.53383,1.53398,1.88,1.13
2013.08.26 14:12:54.869,1.53383,1.53398,1.50,1.88
2013.08.26 14:12:55.410,1.53383,1.53397,1.88,1.13
2013.08.26 14:12:57.760,1.53383,1.53397,1.88,1.13
2013.08.26 14:12:58.119,1.53383,1.53397,1.88,1.50
2013.08.26 14:13:07.420,1.53384,1.53395,1.50,1.13
2013.08.26 14:13:07.481,1.53384,1.53395,1.50,1.13
2013.08.26 14:13:08.550,1.53383,1.53395,1.50,1.88
2013.08.26 14:13:08.851,1.53378,1.53391,1.13,1.13
2013.08.26 14:13:11.090,1.53379,1.53391,1.13,1.88
2013.08.26 14:13:13.833,1.53379,1.5339,1.13,1.13
2013.08.26 14:13:13.963,1.53375,1.53387,1.13,1.88
2013.08.26 14:13:14.030,1.53374,1.53384,1.50,1.13
2013.08.26 14:13:14.213,1.53374,1.53386,1.13,1.50
2013.08.26 14:13:14.272,1.53375,1.53386,1.13,1.50
2013.08.26 14:13:14.391,1.53374,1.53386,1.50,1.13
2013.08.26 14:13:14.931,1.53377,1.53388,1.13,1.50
2013.08.26 14:13:15.455,1.53374,1.53387,1.50,1.13
2013.08.26 14:13:16.831,1.53374,1.53388,1.50,1.88
2013.08.26 14:13:17.379,1.53373,1.53387,1.88,1.13
2013.08.26 14:13:17.810,1.53373,1.53387,1.50,1.13
2013.08.26 14:13:19.432,1.53374,1.53386,1.50,1.13
2013.08.26 14:13:19.910,1.53374,1.53386,1.50,1.13
2013.08.26 14:13:28.280,1.53374,1.53388,1.88,1.13
2013.08.26 14:13:28.400,1.53377,1.53388,1.50,1.13
2013.08.26 14:13:29.573,1.53377,1.53388,1.88,1.13
2013.08.26 14:13:29.930,1.53369,1.53382,1.50,1.50
2013.08.26 14:13:30.052,1.53371,1.53384,1.13,1.13
2013.08.26 14:13:30.230,1.53375,1.53385,1.13,1.50
2013.08.26 14:13:30.470,1.53375,1.53383,1.13,1.50
2013.08.26 14:13:30.771,1.53375,1.53384,1.13,1.13
2013.08.26 14:13:30.892,1.53375,1.53383,1.13,1.50
2013.08.26 14:13:32.860,1.53373,1.53383,1.88,1.50
2013.08.26 14:13:35.270,1.53374,1.53383,1.13,1.50
2013.08.26 14:13:35.590,1.53374,1.53385,1.13,1.88
2013.08.26 14:13:37.349,1.53374,1.53385,1.13,1.13
2013.08.26 14:13:37.998,1.53374,1.53387,1.13,1.50
2013.08.26 14:13:38.727,1.53373,1.53386,1.88,1.13
2013.08.26 14:13:38.851,1.53373,1.53386,1.88,1.13
2013.08.26 14:13:38.911,1.53373,1.53387,1.88,1.13
2013.08.26 14:13:39.570,1.53373,1.53387,1.88,1.13
2013.08.26 14:13:40.080,1.53373,1.53387,2.25,1.13
2013.08.26 14:13:40.619,1.53373,1.53386,1.88,2.25
2013.08.26 14:13:40.741,1.53373,1.53386,1.88,1.50
2013.08.26 14:13:41.221,1.53378,1.53391,1.13,1.88
2013.08.26 14:13:41.342,1.53379,1.53391,1.13,1.50
2013.08.26 14:13:41.654,1.53378,1.53391,1.13,1.88
2013.08.26 14:13:42.690,1.53379,1.53391,1.88,2.25
2013.08.26 14:13:46.599,1.53381,1.53392,1.50,1.13
2013.08.26 14:13:47.351,1.53379,1.53391,1.50,1.13
2013.08.26 14:13:47.529,1.53379,1.53391,1.50,1.13
2013.08.26 14:13:47.711,1.53374,1.53389,2.07,1.13
2013.08.26 14:13:47.830,1.53374,1.53387,1.32,1.13
2013.08.26 14:13:48.374,1.53374,1.53387,1.13,1.88
2013.08.26 14:13:49.539,1.53375,1.53387,1.13,1.50
2013.08.26 14:13:51.032,1.53376,1.53388,1.13,1.50
2013.08.26 14:13:51.643,1.53376,1.53389,1.13,2.25
2013.08.26 14:13:51.776,1.53375,1.53387,1.13,1.50
2013.08.26 14:13:51.961,1.53377,1.53387,1.13,1.50
2013.08.26 14:13:52.763,1.53378,1.53386,1.13,1.50
2013.08.26 14:13:55.281,1.53376,1.53387,1.13,2.25
2013.08.26 14:13:55.401,1.53374,1.53387,1.13,1.88
2013.08.26 14:13:55.770,1.53375,1.53387,1.13,1.88
2013.08.26 14:14:00.720,1.53378,1.53388,1.13,2.63
2013.08.26 14:14:01.080,1.53379,1.5339,1.13,1.50
2013.08.26 14:14:01.200,1.53376,1.53388,1.13,1.50
2013.08.26 14:14:01.440,1.53374,1.53389,1.50,1.13
2013.08.26 14:14:01.680,1.53377,1.53389,1.50,1.88
2013.08.26 14:14:01.740,1.53377,1.53389,1.50,1.13
2013.08.26 14:14:01.920,1.53377,1.53389,1.50,1.13
2013.08.26 14:14:02.351,1.53377,1.53388,1.50,2.25
2013.08.26 14:14:02.411,1.53374,1.53386,1.50,1.50
2013.08.26 14:14:02.711,1.53375,1.53386,1.13,1.13
2013.08.26 14:14:02.830,1.53377,1.5339,1.13,1.50
2013.08.26 14:14:02.890,1.53377,1.5339,1.13,1.13
2013.08.26 14:14:03.970,1.5338,1.53392,1.50,1.50
2013.08.26 14:14:05.930,1.53377,1.5339,1.13,1.13
2013.08.26 14:14:06.170,1.5338,1.53391,1.50,1.13
2013.08.26 14:14:07.270,1.5338,1.53392,1.88,1.13
2013.08.26 14:14:07.820,1.5338,1.53394,1.13,1.88
2013.08.26 14:14:08.240,1.53382,1.53394,1.50,2.25
2013.08.26 14:14:08.541,1.53379,1.53391,1.50,1.13
2013.08.26 14:14:08.600,1.53379,1.5339,1.50,1.13
2013.08.26 14:14:08.720,1.53375,1.53389,1.50,1.13
2013.08.26 14:14:08.780,1.53374,1.53387,1.88,1.13
2013.08.26 14:14:09.431,1.53371,1.53386,1.50,1.13
2013.08.26 14:14:11.451,1.53375,1.53388,1.13,1.88
2013.08.26 14:14:11.510,1.53375,1.53388,1.13,1.88
2013.08.26 14:14:12.151,1.53377,1.5339,1.13,1.50
2013.08.26 14:14:13.890,1.53376,1.5339,1.13,1.50
2013.08.26 14:14:14.250,1.53374,1.53388,1.88,1.50
2013.08.26 14:14:14.551,1.53374,1.53387,1.50,1.13
2013.08.26 14:14:14.610,1.53374,1.53387,1.50,1.13
2013.08.26 14:14:15.143,1.53374,1.53387,1.50,1.88
2013.08.26 14:14:15.730,1.53374,1.53386,1.50,1.13
2013.08.26 14:14:15.850,1.53374,1.53387,1.50,1.50
2013.08.26 14:14:17.623,1.53375,1.53387,1.50,1.50
2013.08.26 14:14:18.160,1.53375,1.53388,1.50,2.63
2013.08.26 14:14:19.581,1.53375,1.53388,1.50,1.88
2013.08.26 14:14:25.980,1.53378,1.53391,1.50,2.25
2013.08.26 14:14:26.530,1.53378,1.53392,1.13,1.88
2013.08.26 14:14:26.920,1.53379,1.53392,1.50,1.13
2013.08.26 14:14:27.360,1.53378,1.53392,1.50,1.88
2013.08.26 14:14:27.720,1.53378,1.5339,1.50,1.50
2013.08.26 14:14:27.962,1.53373,1.53389,1.13,1.88
2013.08.26 14:14:28.140,1.53373,1.53389,1.13,1.88
2013.08.26 14:14:28.320,1.53375,1.53389,1.50,1.13
2013.08.26 14:14:28.880,1.53378,1.53391,1.50,2.25
2013.08.26 14:14:30.044,1.53379,1.53392,1.50,1.13
2013.08.26 14:14:30.400,1.53383,1.53396,1.13,1.13
2013.08.26 14:14:30.890,1.5338,1.53396,2.44,2.25
2013.08.26 14:14:31.461,1.5338,1.53393,1.32,1.13
2013.08.26 14:14:32.031,1.53379,1.53393,1.32,1.50
2013.08.26 14:14:37.161,1.53379,1.53392,1.13,1.50
2013.08.26 14:14:40.429,1.53376,1.5339,1.69,1.50
2013.08.26 14:14:40.490,1.53374,1.5339,3.00,1.50
2013.08.26 14:14:40.670,1.53375,1.53389,1.50,1.88
2013.08.26 14:14:40.911,1.53373,1.53389,1.50,1.50
2013.08.26 14:14:41.150,1.53373,1.53389,1.13,1.88
2013.08.26 14:14:41.570,1.53373,1.53388,2.25,1.13
2013.08.26 14:14:42.232,1.53373,1.53388,1.50,2.63
2013.08.26 14:14:42.630,1.53373,1.53386,1.13,1.13
2013.08.26 14:14:42.990,1.53374,1.53388,1.88,1.13
2013.08.26 14:14:43.050,1.53375,1.53391,1.13,3.57
2013.08.26 14:14:43.566,1.53374,1.53389,1.50,2.25
2013.08.26 14:14:45.601,1.53374,1.53388,1.50,1.50
2013.08.26 14:14:45.721,1.53374,1.53386,1.50,1.13
2013.08.26 14:14:46.080,1.53368,1.53383,1.13,1.50
2013.08.26 14:14:46.390,1.5337,1.53384,1.13,1.13
2013.08.26 14:14:46.930,1.53366,1.53383,2.63,1.50
2013.08.26 14:14:47.861,1.53369,1.53383,1.50,1.13
2013.08.26 14:14:50.820,1.53369,1.53383,1.88,1.13
2013.08.26 14:14:51.360,1.53374,1.53385,1.13,2.25
2013.08.26 14:14:54.010,1.53374,1.53384,1.13,2.25
2013.08.26 14:14:54.131,1.53371,1.53384,1.50,2.25
2013.08.26 14:14:54.430,1.53371,1.53384,1.50,2.25
2013.08.26 14:14:54.971,1.53374,1.53384,1.13,1.13
2013.08.26 14:14:55.030,1.53374,1.53387,1.13,1.88
2013.08.26 14:14:55.390,1.53372,1.53387,1.13,1.13
2013.08.26 14:14:55.451,1.5337,1.53386,2.25,1.13
2013.08.26 14:14:55.571,1.5337,1.53386,1.88,1.50
2013.08.26 14:14:55.902,1.53371,1.53386,1.13,1.13
2013.08.26 14:14:55.974,1.5337,1.53385,1.50,1.13
2013.08.26 14:14:56.225,1.53374,1.53388,1.13,2.63
2013.08.26 14:14:56.291,1.53374,1.53388,1.13,2.25
2013.08.26 14:14:56.592,1.53373,1.53386,1.50,1.13
2013.08.26 14:14:57.980,1.53373,1.53388,1.88,3.75
2013.08.26 14:15:00.020,1.53373,1.53386,2.25,2.25
2013.08.26 14:15:00.401,1.53369,1.53384,1.88,1.88
2013.08.26 14:15:00.460,1.53369,1.53384,1.13,1.88
2013.08.26 14:15:00.921,1.5337,1.53384,1.50,1.50
2013.08.26 14:15:01.040,1.53371,1.53385,1.50,1.50
2013.08.26 14:15:01.160,1.5337,1.53385,2.25,1.50
2013.08.26 14:15:01.460,1.5337,1.53385,1.88,2.63
2013.08.26 14:15:01.699,1.5337,1.53385,2.25,1.50
2013.08.26 14:15:01.940,1.5337,1.53385,2.25,1.88
2013.08.26 14:15:02.060,1.53371,1.53385,1.50,1.50
2013.08.26 14:15:02.120,1.5337,1.53385,1.50,1.13
2013.08.26 14:15:02.180,1.53369,1.53385,2.25,2.25
2013.08.26 14:15:02.540,1.53371,1.53385,1.50,1.50
2013.08.26 14:15:02.600,1.53371,1.53385,1.50,1.50
2013.08.26 14:15:02.660,1.53369,1.53385,2.25,1.88
2013.08.26 14:15:02.719,1.53369,1.53385,2.25,2.25
2013.08.26 14:15:03.020,1.53372,1.53385,1.50,1.50
2013.08.26 14:15:05.110,1.5337,1.53384,2.25,1.13
2013.08.26 14:15:09.440,1.53373,1.53386,1.50,2.25
2013.08.26 14:15:10.180,1.53373,1.53385,1.50,1.13
2013.08.26 14:15:10.810,1.53373,1.53386,1.50,1.13
2013.08.26 14:15:11.050,1.53378,1.53391,1.13,1.13
2013.08.26 14:15:11.110,1.53378,1.53391,1.13,1.13
2013.08.26 14:15:11.942,1.53375,1.53391,1.50,1.50
2013.08.26 14:15:12.135,1.53374,1.53386,1.50,1.32
2013.08.26 14:15:12.201,1.53372,1.53383,1.50,1.50
2013.08.26 14:15:12.803,1.53372,1.53383,1.50,1.13
2013.08.26 14:15:14.301,1.53374,1.53384,1.50,1.13
2013.08.26 14:15:14.420,1.53374,1.53388,1.50,2.63
2013.08.26 14:15:14.730,1.53375,1.53388,1.13,1.13
2013.08.26 14:15:14.909,1.53374,1.53388,1.50,1.50
2013.08.26 14:15:14.970,1.53374,1.53388,1.13,1.50
2013.08.26 14:15:15.510,1.53372,1.53384,1.50,1.13
2013.08.26 14:15:16.960,1.5337,1.53383,1.13,1.50
2013.08.26 14:15:17.021,1.53369,1.5338,1.13,1.13
2013.08.26 14:15:17.563,1.53362,1.53378,1.50,1.88
2013.08.26 14:15:18.042,1.53361,1.53378,1.88,1.13
2013.08.26 14:15:18.290,1.53362,1.53378,1.50,1.13
2013.08.26 14:15:18.351,1.53363,1.53379,1.13,1.88
2013.08.26 14:15:27.290,1.53366,1.53378,1.50,1.13
2013.08.26 14:15:27.350,1.53366,1.53378,1.50,1.13
2013.08.26 14:15:31.273,1.53368,1.5338,1.13,1.50
2013.08.26 14:15:31.333,1.53368,1.5338,1.13,1.13
2013.08.26 14:15:31.651,1.53368,1.53379,1.50,1.13
2013.08.26 14:15:34.169,1.53365,1.53376,1.18,1.13
2013.08.26 14:15:34.291,1.53362,1.53375,3.05,1.13
2013.08.26 14:15:34.350,1.53362,1.53374,1.93,1.13
2013.08.26 14:15:34.592,1.53358,1.53372,1.18,1.13
2013.08.26 14:15:34.653,1.53358,1.53374,1.50,2.07
2013.08.26 14:15:35.010,1.5336,1.53374,1.13,1.69
2013.08.26 14:15:35.070,1.5336,1.53374,1.13,1.32
2013.08.26 14:15:36.390,1.53363,1.53376,1.13,1.88
2013.08.26 14:15:36.630,1.53364,1.53379,1.50,3.19
2013.08.26 14:15:37.510,1.53366,1.53379,1.50,2.25
2013.08.26 14:15:38.740,1.53364,1.53379,1.50,1.88
2013.08.26 14:15:38.980,1.53366,1.53379,1.50,1.50
2013.08.26 14:15:39.040,1.53366,1.53379,1.50,1.50
2013.08.26 14:15:39.160,1.53366,1.53379,1.50,1.13
2013.08.26 14:15:40.805,1.53366,1.53379,1.50,1.50
2013.08.26 14:15:41.360,1.53364,1.53379,1.50,1.50
2013.08.26 14:15:41.480,1.53364,1.53379,1.50,1.88
2013.08.26 14:15:41.900,1.53366,1.53379,1.50,1.50
2013.08.26 14:15:42.020,1.53366,1.53379,1.50,1.50
2013.08.26 14:15:42.724,1.53366,1.53379,1.50,1.50
2013.08.26 14:15:44.704,1.53368,1.5338,1.13,1.50
2013.08.26 14:15:44.900,1.53366,1.53376,1.50,1.13
2013.08.26 14:15:45.451,1.53364,1.53376,1.50,1.13
2013.08.26 14:15:46.033,1.53364,1.53376,1.50,1.50
2013.08.26 14:15:46.211,1.53363,1.53376,1.13,2.25
2013.08.26 14:15:46.450,1.53363,1.53375,1.13,2.25
2013.08.26 14:15:46.920,1.53365,1.53378,1.50,1.50
2013.08.26 14:15:46.980,1.53365,1.53378,1.50,1.50
2013.08.26 14:15:47.220,1.53365,1.53378,1.50,1.50
2013.08.26 14:15:47.631,1.53361,1.53367,1.88,1.13
2013.08.26 14:15:47.750,1.53359,1.53366,2.25,1.50
2013.08.26 14:15:48.050,1.53358,1.5337,1.13,1.88
2013.08.26 14:15:48.480,1.53359,1.53368,1.88,1.50
2013.08.26 14:15:50.891,1.5336,1.53368,1.13,1.13
2013.08.26 14:15:51.192,1.5336,1.53373,1.50,1.88
2013.08.26 14:15:51.792,1.5336,1.53372,1.50,1.13
2013.08.26 14:15:53.281,1.5336,1.53372,1.50,1.13
2013.08.26 14:15:54.451,1.53359,1.53372,1.88,1.13
2013.08.26 14:15:54.810,1.53358,1.53372,1.50,1.13
2013.08.26 14:15:55.550,1.53358,1.53371,1.50,1.13
2013.08.26 14:15:56.130,1.53357,1.53371,1.50,1.13
2013.08.26 14:15:58.401,1.53355,1.5337,1.13,1.13
2013.08.26 14:15:58.640,1.53357,1.53371,1.50,3.00
2013.08.26 14:15:59.162,1.53357,1.53369,1.13,1.13
2013.08.26 14:15:59.562,1.53357,1.53368,1.50,1.13
2013.08.26 14:16:00.121,1.53355,1.53368,1.50,1.13
2013.08.26 14:16:00.243,1.53354,1.5336,1.13,1.13
2013.08.26 14:16:00.312,1.5335,1.53356,1.88,1.50
2013.08.26 14:16:00.374,1.53349,1.5336,1.50,1.13
2013.08.26 14:16:00.440,1.53348,1.53355,1.13,1.13
2013.08.26 14:16:00.800,1.53352,1.5336,1.13,1.13
2013.08.26 14:16:00.861,1.5335,1.53366,2.25,1.88
2013.08.26 14:16:01.400,1.53352,1.53366,1.50,3.00
2013.08.26 14:16:04.000,1.53351,1.53366,1.50,2.63
2013.08.26 14:16:04.060,1.53352,1.53366,1.50,2.63
2013.08.26 14:16:04.804,1.53352,1.53366,1.50,2.25
2013.08.26 14:16:04.930,1.53351,1.53363,1.13,1.13
2013.08.26 14:16:05.291,1.53349,1.5336,1.50,1.13
2013.08.26 14:16:06.130,1.5335,1.53359,1.50,1.13
2013.08.26 14:16:10.601,1.53354,1.53365,1.13,2.63
2013.08.26 14:16:10.842,1.53355,1.53365,1.13,1.13
2013.08.26 14:16:10.902,1.53355,1.53365,1.13,1.13
2013.08.26 14:16:11.023,1.53359,1.5337,1.88,1.13
2013.08.26 14:16:11.142,1.53361,1.53372,1.13,1.88
2013.08.26 14:16:11.570,1.5336,1.53372,1.13,1.50
2013.08.26 14:16:13.390,1.53361,1.53374,1.50,1.88
2013.08.26 14:16:13.788,1.53362,1.53376,1.50,1.88
2013.08.26 14:16:14.512,1.53362,1.53374,1.13,1.13
2013.08.26 14:16:19.864,1.53361,1.5337,1.50,1.50
2013.08.26 14:16:23.393,1.53359,1.5337,1.50,1.50
2013.08.26 14:16:23.571,1.53359,1.53372,1.50,1.88
2013.08.26 14:16:23.692,1.53359,1.53371,1.50,1.88
2013.08.26 14:16:23.754,1.53359,1.53371,1.13,2.63
2013.08.26 14:16:23.823,1.53359,1.53369,1.13,1.50
2013.08.26 14:16:24.183,1.53354,1.53365,2.63,1.50
2013.08.26 14:16:24.541,1.53353,1.53366,2.63,1.50
2013.08.26 14:16:24.661,1.5335,1.53365,1.50,1.50
2013.08.26 14:16:24.840,1.53351,1.53365,2.63,1.50
2013.08.26 14:16:24.900,1.53351,1.53365,2.63,1.50
2013.08.26 14:16:25.085,1.5335,1.53365,1.13,1.50
2013.08.26 14:16:25.390,1.5335,1.53366,1.13,1.50
2013.08.26 14:16:26.020,1.53351,1.53366,1.50,1.50
2013.08.26 14:16:26.180,1.53351,1.53366,2.25,1.50
2013.08.26 14:16:26.482,1.53354,1.53366,1.13,1.50
2013.08.26 14:16:30.511,1.5335,1.53366,1.88,2.25
2013.08.26 14:16:30.572,1.5335,1.53362,1.13,1.13
2013.08.26 14:16:30.751,1.53349,1.53361,1.50,1.13
2013.08.26 14:16:30.881,1.53347,1.53361,1.13,1.13
2013.08.26 14:16:31.062,1.53347,1.53357,1.13,1.13
2013.08.26 14:16:31.300,1.53347,1.53363,1.88,2.25
2013.08.26 14:16:31.481,1.53348,1.53363,1.13,2.25
2013.08.26 14:16:31.660,1.5335,1.53363,1.50,1.13
2013.08.26 14:16:31.721,1.5335,1.53364,1.50,1.13
2013.08.26 14:16:31.781,1.53351,1.53363,1.88,1.50
2013.08.26 14:16:32.020,1.53346,1.53362,1.13,1.13
2013.08.26 14:16:32.142,1.53344,1.53357,1.50,1.50
2013.08.26 14:16:32.261,1.53344,1.53357,1.13,1.50
2013.08.26 14:16:33.190,1.53344,1.53357,1.13,1.88
2013.08.26 14:16:33.511,1.53345,1.53357,1.13,1.88
2013.08.26 14:16:33.571,1.53345,1.53357,1.13,1.88
2013.08.26 14:16:34.050,1.53343,1.53359,1.13,2.25
2013.08.26 14:16:34.590,1.53344,1.53359,1.50,1.50
2013.08.26 14:16:35.190,1.53345,1.53357,1.13,1.13
2013.08.26 14:16:35.681,1.53344,1.53358,1.50,1.88
2013.08.26 14:16:35.920,1.53342,1.53356,1.88,1.13
2013.08.26 14:16:36.811,1.53342,1.53355,1.13,1.13
2013.08.26 14:16:38.740,1.5334,1.53355,1.13,1.50
2013.08.26 14:16:38.800,1.53342,1.53355,1.13,1.50
2013.08.26 14:16:41.061,1.53342,1.53355,1.13,1.50
2013.08.26 14:16:42.300,1.53342,1.53357,2.25,3.38
2013.08.26 14:16:45.086,1.53342,1.53357,2.25,3.38
2013.08.26 14:16:46.060,1.53349,1.53363,1.13,3.19
2013.08.26 14:16:46.482,1.53347,1.53363,1.13,3.19
2013.08.26 14:16:47.171,1.53349,1.53363,1.50,2.63
2013.08.26 14:16:47.710,1.53348,1.53363,1.13,1.88
2013.08.26 14:16:48.215,1.53349,1.53363,1.50,2.63
2013.08.26 14:16:49.080,1.53348,1.53362,1.13,1.13
2013.08.26 14:16:51.622,1.53347,1.53361,1.13,1.50
2013.08.26 14:16:53.170,1.53346,1.5336,1.13,1.50
2013.08.26 14:16:54.781,1.53346,1.5336,1.88,1.50
2013.08.26 14:16:55.022,1.53346,1.5336,1.13,1.50
2013.08.26 14:16:55.200,1.53346,1.53361,3.38,1.88
2013.08.26 14:16:56.111,1.53348,1.53361,1.13,1.13
2013.08.26 14:16:56.860,1.5335,1.53361,1.13,1.13
2013.08.26 14:16:57.439,1.53348,1.53356,1.13,1.13
2013.08.26 14:16:57.742,1.53336,1.53345,1.35,1.50
2013.08.26 14:16:57.801,1.53332,1.53344,1.13,1.13
2013.08.26 14:16:58.160,1.53331,1.53346,1.88,1.88
2013.08.26 14:17:00.050,1.53335,1.53346,1.13,1.13
2013.08.26 14:17:00.590,1.53336,1.53348,1.50,1.88
2013.08.26 14:17:01.130,1.53335,1.53348,1.13,1.88
2013.08.26 14:17:02.490,1.53336,1.53348,1.50,1.88
2013.08.26 14:17:02.980,1.53337,1.53348,1.13,1.88
2013.08.26 14:17:06.371,1.53335,1.53348,1.50,1.88
2013.08.26 14:17:07.088,1.53335,1.53348,1.13,1.88
2013.08.26 14:17:07.590,1.53336,1.53349,1.13,1.88
2013.08.26 14:17:07.771,1.5334,1.5335,1.88,1.13
2013.08.26 14:17:07.892,1.53342,1.53356,1.13,1.50
2013.08.26 14:17:08.070,1.53344,1.53358,1.13,2.25
2013.08.26 14:17:08.642,1.53344,1.53359,1.13,2.63
2013.08.26 14:17:09.180,1.53344,1.53358,1.88,1.88
2013.08.26 14:17:09.484,1.53344,1.53357,1.13,1.13
2013.08.26 14:17:09.613,1.53343,1.53356,1.13,2.63
2013.08.26 14:17:09.675,1.53342,1.53355,1.13,2.44
2013.08.26 14:17:09.922,1.53339,1.53353,1.88,1.13
2013.08.26 14:17:10.101,1.53339,1.53353,1.13,1.13
2013.08.26 14:17:10.350,1.53338,1.53353,1.13,1.13
2013.08.26 14:17:11.022,1.53337,1.53351,1.50,1.13
2013.08.26 14:17:11.156,1.5334,1.53354,1.50,1.88
2013.08.26 14:17:15.610,1.53343,1.53354,1.50,1.88
2013.08.26 14:17:16.520,1.53343,1.53354,1.50,1.88
2013.08.26 14:17:17.780,1.5334,1.53351,1.13,1.13
2013.08.26 14:17:18.310,1.53343,1.53354,1.50,2.25
2013.08.26 14:17:21.702,1.53342,1.53355,1.50,1.50
2013.08.26 14:17:21.882,1.53343,1.53355,1.50,1.50
2013.08.26 14:17:22.381,1.53344,1.53355,1.13,1.13
2013.08.26 14:17:22.981,1.53344,1.53357,1.13,3.00
2013.08.26 14:17:23.040,1.53344,1.53357,1.50,1.50
2013.08.26 14:17:24.770,1.53346,1.53359,1.13,2.63
2013.08.26 14:17:32.580,1.53347,1.53358,1.50,1.13
2013.08.26 14:17:32.640,1.53345,1.53358,1.50,1.13
2013.08.26 14:17:32.820,1.53343,1.53358,1.88,1.88
2013.08.26 14:17:33.330,1.53344,1.53358,1.50,1.50
2013.08.26 14:17:33.581,1.53343,1.53356,1.13,1.50
2013.08.26 14:17:33.640,1.53342,1.53354,1.13,1.50
2013.08.26 14:17:33.704,1.53341,1.53354,1.13,2.25
2013.08.26 14:17:33.950,1.53339,1.53354,1.50,1.88
2013.08.26 14:17:34.070,1.53339,1.53354,1.50,1.50
2013.08.26 14:17:34.191,1.53344,1.53357,1.50,1.69
2013.08.26 14:17:34.744,1.53339,1.53355,2.25,1.50
2013.08.26 14:17:34.884,1.53339,1.53355,1.50,1.88
2013.08.26 14:17:34.952,1.53339,1.53355,1.50,1.88
2013.08.26 14:17:35.071,1.53339,1.53355,1.13,2.25
2013.08.26 14:17:35.631,1.53339,1.53353,1.13,1.88
2013.08.26 14:17:36.261,1.53339,1.53352,1.50,1.13
2013.08.26 14:17:42.860,1.53342,1.53357,2.25,2.63
2013.08.26 14:17:44.113,1.53342,1.53356,2.25,1.50
2013.08.26 14:17:46.291,1.53339,1.53352,1.50,1.13
2013.08.26 14:17:47.230,1.53339,1.53352,1.50,1.13
2013.08.26 14:17:47.291,1.53339,1.53352,1.50,1.13
2013.08.26 14:17:47.410,1.53339,1.53352,1.50,1.13
2013.08.26 14:17:57.410,1.53339,1.53352,1.50,1.13
2013.08.26 14:18:03.891,1.53333,1.53346,1.50,1.50
2013.08.26 14:18:04.251,1.53335,1.53348,1.50,1.50
2013.08.26 14:18:04.681,1.53339,1.53348,1.50,1.50
2013.08.26 14:18:04.981,1.53334,1.53346,1.13,1.50
2013.08.26 14:18:05.541,1.53332,1.53345,1.13,1.13
2013.08.26 14:18:05.780,1.53329,1.53344,1.50,1.50
2013.08.26 14:18:05.900,1.53329,1.53344,1.88,1.50
2013.08.26 14:18:06.021,1.5333,1.53345,1.50,1.13
2013.08.26 14:18:06.320,1.53338,1.53349,2.25,1.13
2013.08.26 14:18:07.562,1.53339,1.53351,1.88,1.13
2013.08.26 14:18:07.980,1.53339,1.53353,1.88,1.50
2013.08.26 14:18:22.820,1.5334,1.53354,1.13,1.13
2013.08.26 14:18:23.176,1.53341,1.53354,1.50,1.13
2013.08.26 14:18:23.302,1.5334,1.53354,1.13,1.13
2013.08.26 14:18:23.421,1.53341,1.53355,1.13,1.88
2013.08.26 14:18:23.743,1.53341,1.53354,1.13,1.50
2013.08.26 14:18:23.810,1.5334,1.53351,1.13,1.13
2013.08.26 14:18:24.401,1.53341,1.53354,1.50,1.13
2013.08.26 14:18:25.162,1.5334,1.53354,1.13,1.13
2013.08.26 14:18:25.646,1.53342,1.53354,1.13,1.13
2013.08.26 14:18:25.832,1.53343,1.53356,1.13,1.50
2013.08.26 14:18:26.254,1.53344,1.53355,1.13,1.13
2013.08.26 14:18:26.561,1.53336,1.53346,1.50,1.50
2013.08.26 14:18:26.923,1.53335,1.53347,1.88,1.50
2013.08.26 14:18:27.410,1.53334,1.53346,1.13,1.13
2013.08.26 14:18:27.591,1.53332,1.53348,1.50,1.50
2013.08.26 14:18:28.672,1.53332,1.53347,1.50,1.13
2013.08.26 14:18:29.040,1.53334,1.53347,1.50,1.13
2013.08.26 14:18:29.770,1.53334,1.53347,1.50,1.13
2013.08.26 14:18:30.010,1.53334,1.53347,1.50,1.13
2013.08.26 14:18:30.602,1.53334,1.53347,1.50,1.88
2013.08.26 14:18:30.782,1.53334,1.53346,1.50,1.50
2013.08.26 14:18:33.880,1.53334,1.53346,1.50,1.50
2013.08.26 14:18:34.420,1.53329,1.53342,1.88,1.50
2013.08.26 14:18:34.840,1.5333,1.53342,1.13,1.50
2013.08.26 14:18:35.381,1.53332,1.53343,1.13,1.13
2013.08.26 14:18:35.741,1.53332,1.53345,1.13,1.50
2013.08.26 14:18:36.160,1.53334,1.53346,1.13,2.25
2013.08.26 14:18:42.092,1.53334,1.53343,1.13,1.50
2013.08.26 14:18:45.350,1.53332,1.53343,1.13,1.50
2013.08.26 14:18:46.950,1.53334,1.53347,2.25,1.13
2013.08.26 14:18:50.710,1.53334,1.53348,1.50,1.50
2013.08.26 14:18:51.681,1.53334,1.53348,1.50,1.50
2013.08.26 14:18:57.958,1.53333,1.53343,1.13,1.50
2013.08.26 14:18:58.201,1.53329,1.53343,1.50,1.50
2013.08.26 14:18:58.320,1.53329,1.53343,1.13,1.50
2013.08.26 14:18:58.682,1.53329,1.53342,1.88,1.13
2013.08.26 14:18:58.741,1.53329,1.53342,2.25,1.13
2013.08.26 14:18:58.981,1.53332,1.53344,1.50,1.13
2013.08.26 14:18:59.460,1.53333,1.53344,1.13,1.13
2013.08.26 14:19:00.066,1.53334,1.53344,1.13,1.13
2013.08.26 14:19:00.134,1.53332,1.53342,1.13,1.13
2013.08.26 14:19:00.320,1.53331,1.53341,1.50,1.13
2013.08.26 14:19:01.034,1.53331,1.53341,1.50,1.88
2013.08.26 14:19:01.168,1.53332,1.53342,1.50,1.13
2013.08.26 14:19:02.751,1.53332,1.53345,1.13,2.25
2013.08.26 14:19:04.391,1.53332,1.53345,1.50,1.88
2013.08.26 14:19:04.630,1.53336,1.53348,1.50,1.13
2013.08.26 14:19:04.811,1.53336,1.53348,1.50,1.13
2013.08.26 14:19:04.870,1.53337,1.53348,1.13,1.13
2013.08.26 14:19:04.996,1.53337,1.53348,1.13,1.13
2013.08.26 14:19:09.061,1.53337,1.5335,1.50,2.25
2013.08.26 14:19:16.306,1.53337,1.53349,1.50,1.13
2013.08.26 14:19:16.373,1.53336,1.53349,1.50,1.13
2013.08.26 14:19:17.422,1.53336,1.5335,1.50,1.13
2013.08.26 14:19:17.977,1.53337,1.5335,1.50,1.13
2013.08.26 14:19:20.411,1.53337,1.53351,1.50,2.78
2013.08.26 14:19:20.531,1.53334,1.53344,1.50,1.13
2013.08.26 14:19:21.070,1.53332,1.53342,1.13,1.13
2013.08.26 14:19:21.626,1.53332,1.53344,1.13,3.00
2013.08.26 14:19:22.950,1.53329,1.53342,1.13,1.13
2013.08.26 14:19:24.051,1.53329,1.53343,1.13,1.88
2013.08.26 14:19:25.312,1.53329,1.53342,1.13,1.13
2013.08.26 14:19:28.421,1.53329,1.53342,1.13,1.13
2013.08.26 14:19:30.032,1.53334,1.53345,1.13,1.13
2013.08.26 14:19:30.092,1.53339,1.53346,1.13,1.13
2013.08.26 14:19:30.570,1.53339,1.53349,1.13,1.13
2013.08.26 14:19:30.691,1.53336,1.53349,1.69,1.50
2013.08.26 14:19:33.042,1.53336,1.53349,1.88,1.88
2013.08.26 14:19:33.223,1.53334,1.53349,2.25,1.50
2013.08.26 14:19:33.281,1.53334,1.53347,2.25,1.13
2013.08.26 14:19:33.341,1.53334,1.53346,1.50,1.13
2013.08.26 14:19:33.521,1.53334,1.53347,3.00,1.13
2013.08.26 14:19:33.640,1.53334,1.53348,3.38,1.50
2013.08.26 14:19:37.000,1.53337,1.53352,1.88,2.44
2013.08.26 14:19:39.190,1.53337,1.53353,1.88,2.25
2013.08.26 14:19:39.610,1.53336,1.53348,1.50,1.13
2013.08.26 14:19:39.671,1.53335,1.53346,1.13,1.13
2013.08.26 14:19:39.732,1.53333,1.53346,1.13,1.88
2013.08.26 14:19:40.031,1.53324,1.53341,3.57,1.13
2013.08.26 14:19:40.331,1.53328,1.5334,1.50,1.13
2013.08.26 14:19:40.851,1.53328,1.53339,1.50,1.13
2013.08.26 14:19:41.921,1.53328,1.53338,1.50,1.50
2013.08.26 14:19:41.980,1.53322,1.53335,1.50,1.50
2013.08.26 14:19:42.041,1.53321,1.53335,1.69,1.88
2013.08.26 14:19:42.341,1.53323,1.53335,1.13,1.13
2013.08.26 14:19:42.401,1.53326,1.53336,1.13,2.25
2013.08.26 14:19:42.521,1.53322,1.53334,1.88,1.13
2013.08.26 14:19:42.761,1.53321,1.53333,1.13,2.25
2013.08.26 14:19:43.310,1.53319,1.5333,1.13,1.13
2013.08.26 14:19:45.820,1.53319,1.53329,1.13,1.13
2013.08.26 14:19:45.880,1.53315,1.53329,1.50,1.50
2013.08.26 14:19:46.000,1.53317,1.53329,1.13,1.13
2013.08.26 14:19:47.043,1.53316,1.53329,1.50,1.50
2013.08.26 14:19:47.761,1.53319,1.53331,1.13,1.88
2013.08.26 14:19:48.120,1.53319,1.53331,1.50,1.13
2013.08.26 14:19:48.361,1.53317,1.5333,1.69,1.50
2013.08.26 14:19:48.661,1.53314,1.53329,1.50,1.88
2013.08.26 14:19:49.539,1.53314,1.53329,2.63,1.50
2013.08.26 14:19:49.850,1.53314,1.53329,2.63,1.88
2013.08.26 14:19:50.400,1.53314,1.53329,1.88,1.88
2013.08.26 14:19:52.102,1.53314,1.53329,1.88,1.88
2013.08.26 14:19:55.242,1.53314,1.53326,1.50,1.13
2013.08.26 14:19:55.541,1.53314,1.53325,1.50,1.13
2013.08.26 14:19:56.252,1.53314,1.53326,1.50,1.50
2013.08.26 14:19:56.373,1.53314,1.53326,1.50,1.50
2013.08.26 14:19:56.431,1.53314,1.53326,1.88,1.50
2013.08.26 14:19:56.551,1.53318,1.53329,1.13,1.13
2013.08.26 14:19:56.611,1.5332,1.53334,1.13,3.75
2013.08.26 14:19:56.852,1.53322,1.53335,1.13,2.25
2013.08.26 14:19:56.911,1.5332,1.53335,1.50,2.25
2013.08.26 14:19:56.972,1.53322,1.53335,1.13,1.50
2013.08.26 14:19:57.850,1.53322,1.53334,1.13,1.13
2013.08.26 14:20:00.530,1.53322,1.53334,1.50,1.13
2013.08.26 14:20:04.560,1.53317,1.53334,1.69,1.13
2013.08.26 14:20:06.981,1.53319,1.53332,1.13,1.50
2013.08.26 14:20:07.332,1.53317,1.53332,2.63,1.50
2013.08.26 14:20:07.451,1.53315,1.53327,1.13,1.13
2013.08.26 14:20:07.571,1.53313,1.53327,1.32,1.13
2013.08.26 14:20:07.632,1.53314,1.53325,1.50,1.13
2013.08.26 14:20:07.691,1.53312,1.53322,1.13,1.13
2013.08.26 14:20:07.873,1.53311,1.53324,1.13,1.50
2013.08.26 14:20:08.351,1.53307,1.53323,1.88,1.88
2013.08.26 14:20:08.632,1.53308,1.53323,1.13,1.13
2013.08.26 14:20:08.910,1.53307,1.53323,1.88,1.88
2013.08.26 14:20:08.970,1.53308,1.53322,1.13,1.13
2013.08.26 14:20:09.330,1.53308,1.53323,1.13,1.88
2013.08.26 14:20:10.561,1.53309,1.53322,1.13,1.50
2013.08.26 14:20:11.100,1.53308,1.53319,1.88,1.13
2013.08.26 14:20:11.814,1.53308,1.53319,1.88,1.13
2013.08.26 14:20:12.363,1.53308,1.53319,1.88,1.13
2013.08.26 14:20:15.831,1.53308,1.53319,1.13,1.13
2013.08.26 14:20:15.891,1.53308,1.53323,1.50,2.25
2013.08.26 14:20:16.011,1.53308,1.53323,2.25,3.00
2013.08.26 14:20:16.313,1.5331,1.53325,1.50,1.88
2013.08.26 14:20:16.490,1.53312,1.53325,1.13,1.13
2013.08.26 14:20:18.952,1.53312,1.53326,1.88,1.88
2013.08.26 14:20:19.131,1.53309,1.53324,1.88,2.25
2013.08.26 14:20:19.490,1.53309,1.53324,2.25,1.50
2013.08.26 14:20:19.980,1.53309,1.53324,2.63,1.88
2013.08.26 14:20:21.081,1.53312,1.53324,1.13,1.88
2013.08.26 14:20:21.392,1.53309,1.53321,1.50,1.50
2013.08.26 14:20:21.964,1.53309,1.53321,1.50,1.50
2013.08.26 14:20:22.770,1.53308,1.53322,1.88,1.88
2013.08.26 14:20:23.141,1.53309,1.53322,1.13,1.88
2013.08.26 14:20:23.500,1.53311,1.53322,1.13,1.13
2013.08.26 14:20:25.250,1.53309,1.53323,1.50,1.13
2013.08.26 14:20:25.630,1.53308,1.53322,1.88,1.13
2013.08.26 14:20:26.150,1.53308,1.53322,1.88,1.13
2013.08.26 14:20:26.235,1.53308,1.53323,1.88,1.13
2013.08.26 14:20:27.261,1.53308,1.53322,1.88,1.13
2013.08.26 14:20:27.691,1.53308,1.53323,1.88,1.50
2013.08.26 14:20:28.426,1.53309,1.53323,1.50,1.13
2013.08.26 14:20:28.581,1.53309,1.53323,1.50,1.50
2013.08.26 14:20:28.702,1.53309,1.53323,1.50,1.13
2013.08.26 14:20:29.000,1.53312,1.53326,1.13,1.50
2013.08.26 14:20:30.231,1.53312,1.53325,1.13,1.88
2013.08.26 14:20:31.870,1.53313,1.53324,1.13,2.25
2013.08.26 14:20:32.830,1.53311,1.53323,1.13,1.13
2013.08.26 14:20:33.190,1.53312,1.53324,1.13,1.13
2013.08.26 14:20:34.522,1.53313,1.53326,1.50,1.13
2013.08.26 14:20:34.642,1.53313,1.53326,1.50,1.50
2013.08.26 14:20:35.281,1.53314,1.53326,1.50,1.88
2013.08.26 14:20:35.401,1.53314,1.53326,1.50,1.13
2013.08.26 14:20:36.360,1.53314,1.53324,1.50,1.13
2013.08.26 14:20:36.480,1.53314,1.53327,1.50,1.88
2013.08.26 14:20:39.310,1.53314,1.53327,1.50,1.50
2013.08.26 14:20:42.179,1.53314,1.53327,1.50,1.88
2013.08.26 14:20:43.204,1.53312,1.53324,1.50,1.50
2013.08.26 14:20:43.512,1.53312,1.53324,1.50,2.25
2013.08.26 14:20:45.822,1.53311,1.53323,1.13,1.88
2013.08.26 14:20:46.002,1.53312,1.53323,1.13,1.13
2013.08.26 14:20:46.786,1.53312,1.53323,1.88,1.13
2013.08.26 14:20:49.090,1.53312,1.53325,2.22,1.88
2013.08.26 14:20:49.151,1.53313,1.53325,1.09,1.13
2013.08.26 14:20:49.271,1.53316,1.53328,1.88,2.63
2013.08.26 14:20:49.390,1.53317,1.5333,1.13,1.13
2013.08.26 14:20:49.451,1.53319,1.53331,1.13,1.13
2013.08.26 14:20:49.511,1.53322,1.53333,1.50,1.50
2013.08.26 14:20:49.571,1.53319,1.53333,1.13,1.50
2013.08.26 14:20:49.690,1.53322,1.53334,1.13,1.88
2013.08.26 14:20:49.901,1.53322,1.53334,1.13,1.13
2013.08.26 14:20:50.021,1.53322,1.53338,1.50,1.69
2013.08.26 14:20:51.621,1.53322,1.53337,1.50,1.32
2013.08.26 14:20:51.841,1.53322,1.53337,2.25,1.32
2013.08.26 14:20:52.188,1.53324,1.53337,1.50,1.32
2013.08.26 14:20:55.171,1.53324,1.53337,1.50,1.32
2013.08.26 14:20:56.204,1.53324,1.53339,1.88,1.88
2013.08.26 14:20:56.272,1.53322,1.53333,1.88,1.13
2013.08.26 14:20:56.391,1.53322,1.53338,1.88,1.50
2013.08.26 14:20:56.810,1.53317,1.53334,2.82,1.13
2013.08.26 14:20:56.931,1.53317,1.53335,3.95,1.13
2013.08.26 14:20:58.323,1.53324,1.53335,1.13,1.13
2013.08.26 14:20:58.441,1.53324,1.53338,1.13,1.88
2013.08.26 14:20:59.121,1.53324,1.53339,1.50,1.50
2013.08.26 14:20:59.771,1.53324,1.53339,2.25,1.50
2013.08.26 14:21:00.411,1.53327,1.53339,1.50,1.88
2013.08.26 14:21:00.922,1.53327,1.53338,1.50,1.13
2013.08.26 14:21:01.461,1.53328,1.53339,1.13,1.13
2013.08.26 14:21:01.521,1.53328,1.53339,1.13,1.88
2013.08.26 14:21:02.214,1.53324,1.53338,1.13,1.13
2013.08.26 14:21:02.281,1.53322,1.53336,1.13,1.50
2013.08.26 14:21:02.401,1.53322,1.53338,1.50,1.13
2013.08.26 14:21:02.950,1.53324,1.53338,1.50,1.88
2013.08.26 14:21:03.670,1.53324,1.53338,1.50,1.88
2013.08.26 14:21:04.253,1.53324,1.53338,1.50,1.88
2013.08.26 14:21:05.601,1.53324,1.53338,1.50,1.88
2013.08.26 14:21:05.661,1.53324,1.53338,1.88,1.13
2013.08.26 14:21:06.200,1.53328,1.53339,1.13,1.13
2013.08.26 14:21:06.500,1.53328,1.5334,1.13,1.88
2013.08.26 14:21:07.683,1.53328,1.53339,1.13,1.13
2013.08.26 14:21:08.284,1.53328,1.53339,1.13,1.13
2013.08.26 14:21:08.351,1.53328,1.5334,1.13,1.88
2013.08.26 14:21:14.490,1.53328,1.53342,1.13,2.63
2013.08.26 14:21:17.695,1.53328,1.53338,1.13,1.13
2013.08.26 14:21:17.821,1.53324,1.53335,1.88,1.13
2013.08.26 14:21:17.881,1.53323,1.53335,1.13,1.88
2013.08.26 14:21:17.941,1.53322,1.53334,1.13,1.13
2013.08.26 14:21:18.302,1.53328,1.53338,1.13,1.13
2013.08.26 14:21:18.481,1.53328,1.5334,1.13,1.13
2013.08.26 14:21:18.722,1.53328,1.5334,1.13,1.13
2013.08.26 14:21:19.082,1.53326,1.53339,1.50,1.13
2013.08.26 14:21:19.141,1.53327,1.53339,1.50,1.13
2013.08.26 14:21:24.312,1.53324,1.53336,1.50,1.13
2013.08.26 14:21:24.431,1.53322,1.53333,1.13,1.88
2013.08.26 14:21:24.551,1.53318,1.53331,1.13,1.50
2013.08.26 14:21:25.101,1.53315,1.53329,1.13,1.13
2013.08.26 14:21:25.591,1.53316,1.53331,1.88,1.13
2013.08.26 14:21:26.171,1.5332,1.53332,1.50,1.13
2013.08.26 14:21:26.292,1.5332,1.53334,1.50,1.50
2013.08.26 14:21:26.410,1.53319,1.53334,1.88,2.25
2013.08.26 14:21:26.931,1.5332,1.53334,1.50,1.88
2013.08.26 14:21:27.288,1.53321,1.53334,1.13,1.88
2013.08.26 14:21:30.201,1.53324,1.53335,1.50,1.13
2013.08.26 14:21:30.441,1.53324,1.53338,1.88,1.88
2013.08.26 14:21:32.440,1.53324,1.53337,1.88,1.50
2013.08.26 14:21:35.430,1.53324,1.53338,1.88,1.88
2013.08.26 14:21:37.541,1.53324,1.53339,1.88,1.50
2013.08.26 14:21:38.062,1.53328,1.53339,1.13,1.13
2013.08.26 14:21:38.727,1.53328,1.5334,1.13,1.13
2013.08.26 14:21:41.672,1.53328,1.53343,2.25,2.63
2013.08.26 14:21:46.840,1.53329,1.53345,1.50,3.19
2013.08.26 14:21:50.291,1.5333,1.53345,1.13,2.63
2013.08.26 14:21:50.650,1.53331,1.53345,1.13,1.88
2013.08.26 14:21:51.011,1.5333,1.53341,1.50,1.13
2013.08.26 14:21:52.237,1.53331,1.53344,1.13,1.13
2013.08.26 14:21:52.360,1.5333,1.53341,1.50,1.13
2013.08.26 14:21:53.120,1.53333,1.53346,1.50,1.13
2013.08.26 14:21:54.415,1.53339,1.53348,1.13,2.63
2013.08.26 14:21:54.543,1.53337,1.53348,1.50,1.13
2013.08.26 14:21:54.842,1.53334,1.53348,1.69,1.13
2013.08.26 14:21:55.441,1.53335,1.53351,2.44,2.25
2013.08.26 14:21:55.800,1.53337,1.5335,1.13,2.18
2013.08.26 14:21:55.921,1.53339,1.53355,1.50,1.50
2013.08.26 14:21:56.040,1.53337,1.53352,1.88,1.58
2013.08.26 14:21:56.580,1.53344,1.53354,2.63,1.13
2013.08.26 14:21:56.820,1.53348,1.53364,1.13,1.50
2013.08.26 14:21:57.120,1.53348,1.53364,1.13,1.13
2013.08.26 14:21:57.551,1.53348,1.53364,1.50,1.50
2013.08.26 14:21:58.668,1.53349,1.53362,1.50,1.13
2013.08.26 14:22:08.031,1.53349,1.53361,1.50,1.50
2013.08.26 14:22:08.391,1.5335,1.5336,1.13,1.50
2013.08.26 14:22:08.452,1.5335,1.53365,1.50,2.63
2013.08.26 14:22:08.511,1.5335,1.53365,1.50,1.13
2013.08.26 14:22:09.184,1.53352,1.53365,1.50,1.13
2013.08.26 14:22:09.511,1.53352,1.53366,1.50,2.63
2013.08.26 14:22:09.630,1.53352,1.53365,1.13,1.13
2013.08.26 14:22:10.871,1.53352,1.53363,1.13,1.13
2013.08.26 14:22:11.460,1.53352,1.53365,1.13,1.50
2013.08.26 14:22:12.892,1.53353,1.53365,1.50,1.50
2013.08.26 14:22:14.501,1.53353,1.53365,1.50,2.25
2013.08.26 14:22:14.983,1.53353,1.53362,1.50,1.50
2013.08.26 14:22:15.281,1.53339,1.53351,1.88,1.13
2013.08.26 14:22:15.522,1.53339,1.53353,2.25,1.50
2013.08.26 14:22:15.581,1.53339,1.53354,2.25,1.50
2013.08.26 14:22:15.941,1.53339,1.53354,1.50,1.50
2013.08.26 14:22:16.180,1.53339,1.53355,2.25,1.88
2013.08.26 14:22:16.830,1.53339,1.53354,1.50,1.50
2013.08.26 14:22:17.897,1.53342,1.53355,1.13,1.50
2013.08.26 14:22:18.262,1.53341,1.53351,1.13,2.25
2013.08.26 14:22:18.324,1.53338,1.53349,1.13,1.13
2013.08.26 14:22:18.502,1.53338,1.5335,1.13,2.25
2013.08.26 14:22:18.562,1.53334,1.53347,2.82,1.13
2013.08.26 14:22:18.681,1.53334,1.5335,2.82,2.63
2013.08.26 14:22:19.241,1.53334,1.53349,2.07,1.50
2013.08.26 14:22:20.012,1.53334,1.53347,2.07,1.13
2013.08.26 14:22:20.951,1.53334,1.53345,2.44,1.13
2013.08.26 14:22:21.090,1.53334,1.53348,2.44,1.50
2013.08.26 14:22:23.082,1.53335,1.53348,1.32,1.50
2013.08.26 14:22:23.154,1.53335,1.53348,1.13,1.50
2013.08.26 14:22:23.272,1.53334,1.53348,1.50,1.50
2013.08.26 14:22:32.650,1.53334,1.53346,1.50,1.13
2013.08.26 14:22:33.661,1.53335,1.53347,1.50,1.13
2013.08.26 14:22:33.784,1.53336,1.53346,1.13,1.13
2013.08.26 14:22:33.849,1.53339,1.53351,1.13,1.13
2013.08.26 14:22:33.912,1.53343,1.53353,1.13,1.13
2013.08.26 14:22:33.972,1.53343,1.53353,1.13,1.13
2013.08.26 14:22:34.330,1.53341,1.53357,1.13,1.50
2013.08.26 14:22:34.750,1.53341,1.53355,1.13,1.13
2013.08.26 14:22:34.870,1.53341,1.53355,1.13,1.13
2013.08.26 14:22:35.680,1.53341,1.53355,1.13,1.88
2013.08.26 14:22:35.741,1.53341,1.53354,1.13,1.13
2013.08.26 14:22:35.984,1.5334,1.53352,1.50,2.25
2013.08.26 14:22:36.043,1.53337,1.53351,1.88,1.13
2013.08.26 14:22:36.410,1.53338,1.53351,1.13,1.88
2013.08.26 14:22:37.551,1.53339,1.53353,1.88,1.50
2013.08.26 14:22:37.850,1.53339,1.53353,2.25,1.13
2013.08.26 14:22:39.371,1.53339,1.53354,1.88,2.63
2013.08.26 14:22:40.812,1.53339,1.53354,2.25,2.63
2013.08.26 14:22:40.874,1.53339,1.53354,2.63,1.13
2013.08.26 14:22:41.544,1.53341,1.53355,1.13,1.13
2013.08.26 14:22:41.991,1.53341,1.53354,1.13,1.13
2013.08.26 14:22:44.024,1.53341,1.53356,1.13,1.88
2013.08.26 14:22:47.041,1.53341,1.53356,1.13,1.88
2013.08.26 14:22:47.171,1.53341,1.53355,1.13,1.13
2013.08.26 14:22:47.411,1.53341,1.53356,1.13,1.88
2013.08.26 14:22:55.893,1.53341,1.53352,1.13,1.13
2013.08.26 14:22:56.253,1.53334,1.53346,1.13,1.13
2013.08.26 14:22:56.312,1.53334,1.5335,1.13,2.63
2013.08.26 14:22:56.971,1.53331,1.53346,1.69,1.50
2013.08.26 14:22:57.047,1.53333,1.53347,1.13,1.13
2013.08.26 14:22:57.296,1.53332,1.53347,1.13,1.13
2013.08.26 14:23:01.492,1.53333,1.53344,1.50,1.13
2013.08.26 14:23:01.671,1.53333,1.53348,1.50,1.88
2013.08.26 14:23:02.118,1.53338,1.53347,1.13,1.13
2013.08.26 14:23:02.190,1.53339,1.5335,1.50,1.13
2013.08.26 14:23:02.255,1.53336,1.53351,1.13,1.50
2013.08.26 14:23:02.914,1.53337,1.53352,1.13,1.50
2013.08.26 14:23:03.651,1.53339,1.53353,1.88,1.88
2013.08.26 14:23:03.833,1.5334,1.53353,1.13,1.88
2013.08.26 14:23:04.552,1.53344,1.53353,1.13,1.50
2013.08.26 14:23:07.032,1.53344,1.53356,1.13,1.50
2013.08.26 14:23:08.501,1.53344,1.53356,1.13,1.50
2013.08.26 14:23:10.361,1.53344,1.53358,1.13,1.88
2013.08.26 14:23:13.193,1.53344,1.53358,1.13,1.50
2013.08.26 14:23:16.740,1.53344,1.53356,1.13,1.13
2013.08.26 14:23:20.041,1.53343,1.53355,1.50,1.50
2013.08.26 14:23:20.495,1.53345,1.53358,1.13,1.13
2013.08.26 14:23:25.212,1.53349,1.53362,1.13,1.88
2013.08.26 14:23:25.516,1.53352,1.53366,1.13,1.50
2013.08.26 14:23:26.099,1.53349,1.53365,1.13,1.50
2013.08.26 14:23:26.221,1.5335,1.53365,1.50,1.50
2013.08.26 14:23:28.501,1.53354,1.53365,1.88,1.50
2013.08.26 14:23:29.640,1.53354,1.53366,1.88,1.50
2013.08.26 14:23:29.865,1.53354,1.53366,1.13,1.50
2013.08.26 14:23:30.112,1.53359,1.53371,1.13,1.50
2013.08.26 14:23:30.292,1.53358,1.53371,1.88,1.13
2013.08.26 14:23:30.351,1.53355,1.5337,1.50,1.13
2013.08.26 14:23:30.411,1.53355,1.53368,1.50,1.13
2013.08.26 14:23:30.473,1.53354,1.53365,2.44,1.13
2013.08.26 14:23:30.831,1.53346,1.53358,1.13,1.88
2013.08.26 14:23:31.073,1.53346,1.53359,1.13,1.13
2013.08.26 14:23:33.251,1.53348,1.53359,1.50,1.13
2013.08.26 14:23:33.371,1.53348,1.5336,1.88,1.50
2013.08.26 14:23:34.144,1.53349,1.53361,1.50,1.88
2013.08.26 14:23:34.461,1.53349,1.53361,1.50,1.88
2013.08.26 14:23:36.331,1.53349,1.53363,2.25,1.13
2013.08.26 14:23:36.391,1.53352,1.53364,1.13,1.13
2013.08.26 14:23:36.452,1.53356,1.53366,1.50,1.50
2013.08.26 14:23:36.953,1.53359,1.53366,1.50,1.13
2013.08.26 14:23:37.961,1.53359,1.53367,1.50,1.50
2013.08.26 14:23:41.461,1.53355,1.53368,1.13,2.25
2013.08.26 14:23:43.590,1.53355,1.53368,1.13,2.25
2013.08.26 14:23:44.231,1.53358,1.53368,1.13,1.88
2013.08.26 14:23:45.642,1.53353,1.53362,1.13,1.50
2013.08.26 14:23:45.703,1.53354,1.53362,1.13,1.50
2013.08.26 14:23:46.311,1.53353,1.53362,1.13,1.50
2013.08.26 14:23:46.860,1.53351,1.53362,1.13,1.50
2013.08.26 14:23:47.900,1.53351,1.53362,1.13,1.50
2013.08.26 14:23:51.081,1.5335,1.53362,1.50,2.25
2013.08.26 14:23:51.981,1.5335,1.53362,1.88,1.88
2013.08.26 14:23:52.042,1.5335,1.53362,1.88,1.88
2013.08.26 14:23:53.600,1.5335,1.53362,1.50,2.25
2013.08.26 14:23:53.798,1.5335,1.53362,1.88,1.88
2013.08.26 14:23:55.031,1.5335,1.53362,2.25,1.13
2013.08.26 14:23:55.806,1.5335,1.53362,2.25,1.13
2013.08.26 14:23:56.280,1.5335,1.53362,2.25,1.13
2013.08.26 14:23:56.341,1.53352,1.5336,1.50,1.50
2013.08.26 14:23:56.912,1.5335,1.5336,1.13,1.13
2013.08.26 14:23:58.951,1.53355,1.53365,1.13,1.13
2013.08.26 14:23:59.191,1.53357,1.53366,1.50,1.50
2013.08.26 14:24:00.162,1.53357,1.53367,1.50,1.88
2013.08.26 14:24:00.402,1.53355,1.53367,1.13,1.88
2013.08.26 14:24:01.121,1.53353,1.53367,1.88,1.88
2013.08.26 14:24:04.794,1.53354,1.53367,1.50,1.50
2013.08.26 14:24:04.972,1.53354,1.53369,1.50,1.13
2013.08.26 14:24:05.151,1.53355,1.53369,1.13,1.13
2013.08.26 14:24:06.322,1.53354,1.53368,1.50,1.13
2013.08.26 14:24:07.571,1.53351,1.53367,1.13,1.50
2013.08.26 14:24:07.632,1.5335,1.53367,2.25,1.88
2013.08.26 14:24:08.161,1.5335,1.53366,1.13,2.25
2013.08.26 14:24:08.477,1.5335,1.53366,1.88,2.25
2013.08.26 14:24:08.781,1.5335,1.53366,1.13,2.25
2013.08.26 14:24:08.901,1.53349,1.53363,1.13,1.50
2013.08.26 14:24:09.261,1.53345,1.53361,1.50,2.63
2013.08.26 14:24:09.321,1.53345,1.53361,1.50,1.88
2013.08.26 14:24:09.381,1.53348,1.53361,1.13,1.88
2013.08.26 14:24:09.440,1.53345,1.5336,1.50,1.13
2013.08.26 14:24:10.831,1.53346,1.53361,1.50,2.25
2013.08.26 14:24:11.117,1.53346,1.53361,1.50,3.00
2013.08.26 14:24:11.431,1.53344,1.53359,3.38,1.13
2013.08.26 14:24:11.960,1.53345,1.53359,1.13,1.50
2013.08.26 14:24:13.311,1.53345,1.53359,1.13,3.00
2013.08.26 14:24:13.552,1.53344,1.53356,1.88,1.13
2013.08.26 14:24:13.611,1.53349,1.53359,1.13,2.25
2013.08.26 14:24:13.971,1.53351,1.53362,1.13,1.88
2013.08.26 14:24:14.031,1.5335,1.53364,1.50,1.13
2013.08.26 14:24:14.212,1.53351,1.53366,1.50,1.88
2013.08.26 14:24:14.580,1.53352,1.53363,1.13,1.13
2013.08.26 14:24:14.646,1.53351,1.53363,1.13,3.38
2013.08.26 14:24:14.953,1.53351,1.53361,1.13,1.50
2013.08.26 14:24:15.321,1.53351,1.53361,1.88,1.13
2013.08.26 14:24:19.152,1.53351,1.53361,1.88,1.88
2013.08.26 14:24:19.451,1.53349,1.53357,1.13,1.50
2013.08.26 14:24:19.572,1.53344,1.53356,1.50,1.13
2013.08.26 14:24:19.632,1.53344,1.53356,1.50,1.50
2013.08.26 14:24:20.147,1.53344,1.53356,1.50,1.50
2013.08.26 14:24:21.071,1.53344,1.53356,1.50,1.50
2013.08.26 14:24:21.851,1.53346,1.53356,1.13,1.50
2013.08.26 14:24:22.151,1.53348,1.5336,1.13,1.88
2013.08.26 14:24:23.101,1.53349,1.53359,1.50,1.50
2013.08.26 14:24:23.886,1.53348,1.53359,1.50,1.50
2013.08.26 14:24:30.092,1.53349,1.53359,1.50,1.88
2013.08.26 14:24:30.331,1.53348,1.53358,1.13,1.13
2013.08.26 14:24:30.951,1.53348,1.53359,2.25,1.13
2013.08.26 14:24:31.551,1.53349,1.53359,1.50,1.13
2013.08.26 14:24:32.452,1.53348,1.53361,2.25,1.13
2013.08.26 14:24:32.631,1.53349,1.53361,1.13,1.88
2013.08.26 14:24:33.111,1.53353,1.53359,1.13,1.13
2013.08.26 14:24:33.172,1.5335,1.53359,1.13,1.13
2013.08.26 14:24:33.466,1.53353,1.53359,1.13,1.13
2013.08.26 14:24:33.711,1.53353,1.53362,1.13,1.50
2013.08.26 14:24:35.352,1.5335,1.53362,2.25,1.13
2013.08.26 14:24:35.411,1.53353,1.53366,1.13,1.50
2013.08.26 14:24:35.657,1.53354,1.53366,1.50,1.13
2013.08.26 14:24:36.151,1.53357,1.53371,1.13,1.69
2013.08.26 14:24:38.953,1.53354,1.53369,1.50,2.63
2013.08.26 14:24:40.791,1.53353,1.53366,1.13,1.50
2013.08.26 14:24:42.031,1.53353,1.53365,1.13,1.88
2013.08.26 14:24:44.192,1.53357,1.53364,1.13,1.13
2013.08.26 14:24:44.253,1.53357,1.53364,1.13,1.50
2013.08.26 14:24:44.732,1.53357,1.53369,1.13,1.50
2013.08.26 14:24:45.222,1.53359,1.53369,1.50,1.13
2013.08.26 14:24:45.342,1.53359,1.53371,1.88,1.13
2013.08.26 14:24:45.702,1.53367,1.53376,1.13,2.63
2013.08.26 14:24:45.762,1.53364,1.53376,1.50,2.63
2013.08.26 14:24:45.823,1.53364,1.53377,1.13,1.13
2013.08.26 14:24:45.942,1.53363,1.53376,1.88,1.13
2013.08.26 14:24:46.361,1.53361,1.53376,1.88,1.50
2013.08.26 14:24:46.482,1.53364,1.53379,1.13,2.82
2013.08.26 14:24:46.842,1.53365,1.53381,2.25,2.44
2013.08.26 14:24:47.021,1.53367,1.53381,1.13,1.69
2013.08.26 14:24:47.535,1.53367,1.53381,1.13,1.50
2013.08.26 14:24:52.340,1.53368,1.53382,1.50,1.50
2013.08.26 14:24:52.893,1.53367,1.53381,1.13,1.13
2013.08.26 14:24:53.449,1.53368,1.53382,1.50,1.13
2013.08.26 14:24:54.070,1.53369,1.53381,1.50,1.13
2013.08.26 14:24:54.435,1.5337,1.53381,1.13,1.13
2013.08.26 14:24:57.941,1.5337,1.53381,1.13,1.13
2013.08.26 14:25:00.250,1.53367,1.53381,2.25,1.13
2013.08.26 14:25:00.371,1.53367,1.53381,1.50,1.13
2013.08.26 14:25:00.932,1.53367,1.53381,1.50,1.13
2013.08.26 14:25:01.053,1.53367,1.53381,1.50,1.13
2013.08.26 14:25:02.381,1.53367,1.53381,1.50,1.13
2013.08.26 14:25:02.501,1.53369,1.53383,1.88,1.13
2013.08.26 14:25:02.681,1.53374,1.53388,2.25,1.50
2013.08.26 14:25:02.861,1.53375,1.53388,1.50,1.13
2013.08.26 14:25:03.402,1.53375,1.53389,1.50,1.13
2013.08.26 14:25:03.463,1.53376,1.53388,1.13,1.13
2013.08.26 14:25:03.581,1.53376,1.53388,1.13,1.13
2013.08.26 14:25:03.881,1.53375,1.53388,1.13,1.13
2013.08.26 14:25:04.241,1.53373,1.53381,1.50,1.13
2013.08.26 14:25:04.728,1.53365,1.5338,2.44,1.50
2013.08.26 14:25:04.793,1.53365,1.5338,2.44,1.50
2013.08.26 14:25:05.981,1.53365,1.5338,3.57,1.13
2013.08.26 14:25:07.701,1.53365,1.53376,2.25,1.13
2013.08.26 14:25:09.140,1.53366,1.5338,1.13,1.13
2013.08.26 14:25:09.850,1.53365,1.53377,1.13,1.13
2013.08.26 14:25:13.412,1.53366,1.53379,1.50,1.13
2013.08.26 14:25:13.592,1.5337,1.53381,1.50,1.13
2013.08.26 14:25:13.892,1.5337,1.53381,2.25,1.13
2013.08.26 14:25:14.191,1.53371,1.53381,1.13,1.13
2013.08.26 14:25:14.820,1.53372,1.53381,1.13,1.13
2013.08.26 14:25:15.673,1.53371,1.53381,1.50,1.13
2013.08.26 14:25:18.152,1.53371,1.53381,1.88,1.13
2013.08.26 14:25:18.214,1.53372,1.53386,1.13,1.88
2013.08.26 14:25:18.512,1.5337,1.53383,2.25,1.13
2013.08.26 14:25:20.481,1.53367,1.53382,2.25,1.88
2013.08.26 14:25:20.782,1.5337,1.53381,1.88,1.13
2013.08.26 14:25:21.116,1.5337,1.53381,1.88,1.50
2013.08.26 14:25:21.801,1.5337,1.53381,1.88,1.13
2013.08.26 14:25:23.372,1.53367,1.53381,1.13,1.13
2013.08.26 14:25:26.323,1.53367,1.53381,1.13,1.13
2013.08.26 14:25:36.912,1.53366,1.53379,1.50,1.88
2013.08.26 14:25:37.211,1.53355,1.5337,2.07,1.13
2013.08.26 14:25:37.391,1.53355,1.5337,2.07,1.13
2013.08.26 14:25:37.452,1.53355,1.53371,2.07,2.63
2013.08.26 14:25:37.512,1.53355,1.53371,2.44,2.25
2013.08.26 14:25:37.821,1.53355,1.53371,2.44,1.88
2013.08.26 14:25:38.122,1.53359,1.53374,1.13,1.88
2013.08.26 14:25:38.541,1.53357,1.53372,1.50,1.13
2013.08.26 14:25:39.062,1.53359,1.53372,1.50,1.13
2013.08.26 14:25:42.191,1.53359,1.53372,1.50,1.13
2013.08.26 14:25:43.891,1.53359,1.53373,1.88,2.63
2013.08.26 14:25:44.407,1.53359,1.53373,1.50,1.88
2013.08.26 14:25:47.454,1.5336,1.53374,1.13,1.88
2013.08.26 14:25:47.696,1.53362,1.53376,1.13,2.44
2013.08.26 14:25:47.883,1.53363,1.53378,1.13,1.50
2013.08.26 14:25:48.391,1.53362,1.53378,3.00,1.13
2013.08.26 14:25:48.926,1.53364,1.53378,1.50,1.13
2013.08.26 14:25:49.201,1.53361,1.53376,1.50,2.63
2013.08.26 14:25:49.322,1.53361,1.53375,1.50,1.13
2013.08.26 14:25:49.501,1.53361,1.53375,2.25,1.13
2013.08.26 14:25:53.221,1.53361,1.53376,1.50,3.75
2013.08.26 14:25:53.282,1.53359,1.53376,1.88,3.00
2013.08.26 14:25:53.832,1.53359,1.5337,1.50,1.13
2013.08.26 14:25:54.893,1.53359,1.5337,1.50,1.13
2013.08.26 14:25:55.441,1.53357,1.5337,1.50,1.13
2013.08.26 14:26:06.143,1.53358,1.53371,1.13,1.13
2013.08.26 14:26:06.202,1.53359,1.53372,1.13,2.25
2013.08.26 14:26:07.061,1.5336,1.53373,1.13,1.13
2013.08.26 14:26:07.182,1.5336,1.53375,1.13,1.88
2013.08.26 14:26:07.242,1.53361,1.53375,1.13,1.50
2013.08.26 14:26:07.421,1.53364,1.53378,1.13,1.88
2013.08.26 14:26:07.482,1.53364,1.53378,1.13,1.88
2013.08.26 14:26:08.093,1.53364,1.53379,1.50,1.50
2013.08.26 14:26:08.631,1.53364,1.53379,1.88,1.88
2013.08.26 14:26:09.983,1.53368,1.53379,1.13,1.88
2013.08.26 14:26:10.641,1.53367,1.53376,1.13,2.25
2013.08.26 14:26:16.722,1.53368,1.53376,1.13,1.50
2013.08.26 14:26:17.501,1.53368,1.53381,1.13,2.63
2013.08.26 14:26:17.622,1.53368,1.53381,1.13,2.63
2013.08.26 14:26:17.801,1.53368,1.53379,1.13,1.50
2013.08.26 14:26:18.822,1.53367,1.53379,1.50,1.50
2013.08.26 14:26:19.002,1.53368,1.53379,1.50,1.50
2013.08.26 14:26:19.181,1.53368,1.53381,1.50,2.63
2013.08.26 14:26:19.721,1.53369,1.53381,1.50,2.25
2013.08.26 14:26:20.142,1.53369,1.53383,3.00,1.13
2013.08.26 14:26:20.502,1.53372,1.53383,1.50,1.13
2013.08.26 14:26:21.761,1.53374,1.53387,1.88,1.88
2013.08.26 14:26:24.712,1.53374,1.53387,1.88,1.88
2013.08.26 14:26:25.251,1.53374,1.53388,1.88,1.13
2013.08.26 14:26:25.311,1.53374,1.53388,1.88,1.13
2013.08.26 14:26:36.017,1.53376,1.53386,1.13,1.50
2013.08.26 14:26:36.401,1.53376,1.53384,1.13,1.88
2013.08.26 14:26:38.852,1.53373,1.53384,1.88,1.88
2013.08.26 14:26:39.532,1.53373,1.53384,1.88,1.13
2013.08.26 14:26:43.941,1.53373,1.53387,1.88,1.13
2013.08.26 14:26:44.181,1.53369,1.53384,1.88,1.13
2013.08.26 14:26:45.750,1.53368,1.53382,1.50,1.13
2013.08.26 14:26:46.421,1.53367,1.53381,1.13,1.13
2013.08.26 14:26:52.262,1.53367,1.53382,1.88,1.13
2013.08.26 14:27:05.991,1.53367,1.53382,2.63,1.88
2013.08.26 14:27:12.331,1.53367,1.5338,1.88,1.50
2013.08.26 14:27:24.253,1.53366,1.53376,1.50,1.88
2013.08.26 14:27:24.494,1.53362,1.53374,2.25,1.50
2013.08.26 14:27:24.554,1.53359,1.53374,1.69,2.25
2013.08.26 14:27:24.613,1.53357,1.53373,2.07,1.88
2013.08.26 14:27:26.551,1.53357,1.53371,1.69,1.13
2013.08.26 14:27:31.651,1.53355,1.53367,1.47,1.13
2013.08.26 14:27:31.952,1.5335,1.53362,1.50,1.50
2013.08.26 14:27:32.071,1.53346,1.53362,2.22,1.50
2013.08.26 14:27:33.092,1.5335,1.53363,1.13,1.88
2013.08.26 14:27:33.213,1.53354,1.53364,1.13,1.50
2013.08.26 14:27:33.272,1.53354,1.53368,1.50,1.13
2013.08.26 14:27:36.171,1.53355,1.5337,1.13,1.69
2013.08.26 14:27:36.231,1.53355,1.5337,1.50,1.69
2013.08.26 14:27:36.291,1.53354,1.53371,2.63,3.19
2013.08.26 14:27:37.026,1.53355,1.53371,1.13,3.57
2013.08.26 14:27:37.541,1.53355,1.53371,1.13,3.38
2013.08.26 14:27:37.831,1.53354,1.5337,2.25,1.50
2013.08.26 14:27:38.344,1.53354,1.53368,1.50,2.25
2013.08.26 14:27:39.068,1.53354,1.53369,1.50,1.88
2013.08.26 14:27:48.717,1.53354,1.53368,1.50,1.13
2013.08.26 14:27:48.871,1.53354,1.53368,1.50,1.13
2013.08.26 14:27:48.931,1.53354,1.53368,1.88,1.13
2013.08.26 14:27:49.051,1.53354,1.53368,1.50,1.13
2013.08.26 14:27:49.591,1.53354,1.53368,1.88,1.13
2013.08.26 14:27:52.411,1.53357,1.53368,1.13,1.13
2013.08.26 14:28:01.301,1.53357,1.53366,1.13,1.13
2013.08.26 14:28:01.841,1.53354,1.53366,1.13,1.88
2013.08.26 14:28:20.541,1.53359,1.53367,1.13,1.50
2013.08.26 14:28:20.661,1.53361,1.5337,1.13,1.13
2013.08.26 14:28:20.901,1.53362,1.53372,1.50,1.50
2013.08.26 14:28:21.220,1.53362,1.53371,1.50,1.13
2013.08.26 14:28:21.896,1.53361,1.53369,1.13,1.50
2013.08.26 14:28:35.223,1.53359,1.53369,1.13,1.50
2013.08.26 14:28:38.041,1.53361,1.53369,1.13,1.50
2013.08.26 14:28:38.401,1.53359,1.53369,1.13,1.50
2013.08.26 14:28:47.821,1.53359,1.5337,1.13,1.50
2013.08.26 14:28:48.481,1.53355,1.53369,1.13,2.25
2013.08.26 14:28:48.543,1.53354,1.53366,1.13,1.50
2013.08.26 14:28:48.663,1.53349,1.53366,2.63,3.75
2013.08.26 14:28:49.194,1.53349,1.53363,1.13,1.88
2013.08.26 14:28:49.732,1.53349,1.53361,1.13,1.13
2013.08.26 14:28:50.271,1.53349,1.53361,1.13,1.13
2013.08.26 14:28:52.491,1.53349,1.53359,1.13,1.50
2013.08.26 14:28:52.672,1.5335,1.53362,1.50,1.88
2013.08.26 14:28:52.731,1.5335,1.53362,1.50,1.50
2013.08.26 14:28:53.032,1.53357,1.53367,1.13,1.13
2013.08.26 14:28:56.551,1.53357,1.53368,1.50,1.13
2013.08.26 14:28:57.221,1.53355,1.53369,1.32,1.13
2013.08.26 14:28:57.521,1.53354,1.53369,3.57,1.13
2013.08.26 14:28:57.831,1.53354,1.5337,3.57,1.88
2013.08.26 14:28:57.891,1.53354,1.5337,3.57,2.25
2013.08.26 14:28:58.078,1.53355,1.5337,1.32,1.88
2013.08.26 14:28:58.407,1.53355,1.5337,2.07,1.88
2013.08.26 14:29:03.660,1.53355,1.5337,3.00,1.13
2013.08.26 14:29:03.783,1.53357,1.53371,1.13,1.50
2013.08.26 14:29:03.842,1.53359,1.53373,1.50,1.13
2013.08.26 14:29:04.142,1.53359,1.53371,1.50,1.13
2013.08.26 14:29:04.321,1.53359,1.53375,1.50,1.88
2013.08.26 14:29:04.514,1.53359,1.53376,2.25,3.75
2013.08.26 14:29:04.846,1.53362,1.53376,1.50,1.50
2013.08.26 14:29:05.271,1.53363,1.53376,1.50,2.63
2013.08.26 14:29:05.331,1.53362,1.53376,1.13,3.00
2013.08.26 14:29:05.571,1.53362,1.53376,1.50,3.00
2013.08.26 14:29:05.751,1.53362,1.53376,1.13,3.00
2013.08.26 14:29:06.282,1.53361,1.53376,2.25,3.00
2013.08.26 14:29:07.101,1.53364,1.53376,1.13,3.00
2013.08.26 14:29:07.282,1.53369,1.5338,1.50,1.88
2013.08.26 14:29:07.402,1.53369,1.53382,1.13,1.50
2013.08.26 14:29:07.462,1.53369,1.53382,1.13,1.13
2013.08.26 14:29:07.522,1.53369,1.53382,1.13,1.13
2013.08.26 14:29:07.942,1.53369,1.53383,1.88,1.13
2013.08.26 14:29:08.541,1.53369,1.53383,2.63,1.13
2013.08.26 14:29:08.661,1.53371,1.53383,1.88,1.13
2013.08.26 14:29:08.962,1.53373,1.53386,1.13,1.50
2013.08.26 14:29:09.391,1.53372,1.53385,1.88,1.13
2013.08.26 14:29:09.452,1.53374,1.53387,1.88,1.13
2013.08.26 14:29:09.751,1.53374,1.53386,1.50,1.50
2013.08.26 14:29:10.472,1.53373,1.53386,2.25,1.88
2013.08.26 14:29:12.442,1.53373,1.53386,1.88,1.88
2013.08.26 14:29:12.681,1.53373,1.53386,1.13,2.25
2013.08.26 14:29:14.651,1.53373,1.53386,1.13,1.88
2013.08.26 14:29:15.401,1.53373,1.53386,1.13,1.88
2013.08.26 14:29:15.863,1.53374,1.53386,1.13,1.13
2013.08.26 14:29:16.101,1.53373,1.53385,1.88,1.13
2013.08.26 14:29:16.653,1.53374,1.53385,2.63,1.13
2013.08.26 14:29:19.132,1.53375,1.53386,1.13,1.13
2013.08.26 14:29:19.192,1.53375,1.53389,1.13,1.13
2013.08.26 14:29:19.253,1.53376,1.53389,1.50,1.13
2013.08.26 14:29:19.311,1.53376,1.53389,1.13,1.13
2013.08.26 14:29:19.372,1.53376,1.53389,1.13,1.13
2013.08.26 14:29:22.231,1.53377,1.53389,1.50,1.13
2013.08.26 14:29:24.651,1.53377,1.53391,1.13,1.50
2013.08.26 14:29:25.030,1.53375,1.53389,1.13,1.50
2013.08.26 14:29:31.312,1.53376,1.53389,1.13,1.13
2013.08.26 14:29:31.853,1.53374,1.53389,2.25,1.88
2013.08.26 14:29:31.972,1.53374,1.53387,1.13,1.13
2013.08.26 14:29:32.272,1.53374,1.53388,1.05,2.63
2013.08.26 14:29:32.831,1.53377,1.53388,1.05,1.50
2013.08.26 14:29:33.501,1.53378,1.5339,1.50,1.13
2013.08.26 14:29:35.464,1.53378,1.5339,1.50,1.13
2013.08.26 14:29:36.001,1.53378,1.53391,1.88,1.88
2013.08.26 14:29:36.551,1.53376,1.5339,1.13,1.88
2013.08.26 14:29:37.031,1.53376,1.53388,1.13,1.13
2013.08.26 14:29:41.054,1.53376,1.53389,1.13,1.50
2013.08.26 14:29:41.412,1.53378,1.5339,1.13,1.13
2013.08.26 14:29:41.966,1.53377,1.53391,1.50,1.50
2013.08.26 14:29:54.402,1.53373,1.53386,1.13,1.50
2013.08.26 14:29:54.462,1.53373,1.53385,1.13,1.50
2013.08.26 14:29:54.644,1.53369,1.53382,2.44,1.13
2013.08.26 14:29:54.702,1.53369,1.53382,1.69,1.13
2013.08.26 14:29:55.641,1.53367,1.53378,1.32,1.50
2013.08.26 14:29:55.761,1.53365,1.53379,2.63,1.50
2013.08.26 14:29:55.941,1.53363,1.53376,1.88,1.50
2013.08.26 14:29:56.471,1.53363,1.53377,1.88,1.50
2013.08.26 14:29:57.021,1.53363,1.53376,1.88,1.13
2013.08.26 14:29:57.561,1.53364,1.53376,1.13,1.13
2013.08.26 14:29:58.449,1.53365,1.53376,1.50,1.13
2013.08.26 14:29:58.751,1.53365,1.5338,2.63,2.25
2013.08.26 14:29:58.931,1.53366,1.5338,1.88,1.50
2013.08.26 14:29:59.472,1.53369,1.53382,1.88,1.50
2013.08.26 14:29:59.831,1.53372,1.53386,1.50,1.50
2013.08.26 14:29:59.891,1.53372,1.53386,1.50,1.50
2013.08.26 14:30:00.401,1.53372,1.53386,1.88,1.50
2013.08.26 14:30:00.952,1.53375,1.53389,1.13,1.50
2013.08.26 14:30:01.531,1.53375,1.53389,1.88,1.13
2013.08.26 14:30:02.652,1.53375,1.53389,1.88,1.13
2013.08.26 14:30:03.206,1.53375,1.53389,1.88,1.13
2013.08.26 14:30:06.582,1.53375,1.53387,1.50,1.13
2013.08.26 14:30:08.023,1.53379,1.53386,1.50,1.13
2013.08.26 14:30:08.334,1.53379,1.53388,1.50,1.50
2013.08.26 14:30:08.513,1.53379,1.53396,1.50,4.13
2013.08.26 14:30:08.633,1.53379,1.53396,1.88,2.25
2013.08.26 14:30:09.172,1.53379,1.53394,1.50,1.13
2013.08.26 14:30:09.463,1.53379,1.53394,1.50,1.13
2013.08.26 14:30:09.642,1.53376,1.53391,1.88,1.88
2013.08.26 14:30:09.702,1.53376,1.53391,1.13,2.63
2013.08.26 14:30:10.003,1.53375,1.53389,1.32,2.63
2013.08.26 14:30:10.243,1.53376,1.5339,1.13,2.25
2013.08.26 14:30:10.893,1.53375,1.53389,1.13,1.13
2013.08.26 14:30:11.443,1.53375,1.53386,1.13,1.13
2013.08.26 14:30:14.563,1.53374,1.53389,1.13,1.13
2013.08.26 14:30:20.222,1.53374,1.5339,1.88,1.88
2013.08.26 14:30:20.285,1.53376,1.5339,1.13,1.88
2013.08.26 14:30:20.354,1.53376,1.5339,1.50,1.13
2013.08.26 14:30:20.902,1.53376,1.53393,1.88,2.63
2013.08.26 14:30:20.962,1.53376,1.53391,1.13,1.50
2013.08.26 14:30:22.052,1.53376,1.53391,1.88,1.50
2013.08.26 14:30:22.454,1.53374,1.53391,2.63,2.25
2013.08.26 14:30:23.015,1.53374,1.53389,1.50,1.50
2013.08.26 14:30:24.042,1.53374,1.53389,1.50,1.50
2013.08.26 14:30:24.602,1.53374,1.53389,1.50,1.50
2013.08.26 14:30:25.953,1.53374,1.53389,2.25,1.13
2013.08.26 14:30:26.637,1.53374,1.53389,2.25,1.13
2013.08.26 14:30:26.942,1.53376,1.53392,1.88,1.13
2013.08.26 14:30:27.003,1.53377,1.53392,1.50,1.13
2013.08.26 14:30:27.182,1.53379,1.53393,1.50,1.50
2013.08.26 14:30:27.862,1.53379,1.53393,1.88,1.50
2013.08.26 14:30:28.530,1.53384,1.53397,1.13,1.13
2013.08.26 14:30:29.073,1.53384,1.53397,1.13,1.13
2013.08.26 14:30:32.183,1.53385,1.534,1.13,1.13
2013.08.26 14:30:32.726,1.53386,1.53397,1.13,1.13
2013.08.26 14:30:36.771,1.53389,1.53401,1.88,1.50
2013.08.26 14:30:36.832,1.53389,1.53401,1.88,1.50
2013.08.26 14:30:36.892,1.53392,1.53402,1.32,1.13
2013.08.26 14:30:37.012,1.53394,1.53408,1.50,1.13
2013.08.26 14:30:37.072,1.53394,1.53409,1.50,1.13
2013.08.26 14:30:37.133,1.53395,1.53411,1.13,2.07
2013.08.26 14:30:37.492,1.53396,1.53406,1.13,1.13
2013.08.26 14:30:37.672,1.53399,1.53411,1.13,1.50
2013.08.26 14:30:37.853,1.53399,1.53411,1.13,1.50
2013.08.26 14:30:37.912,1.53399,1.53412,2.25,1.88
2013.08.26 14:30:37.972,1.534,1.53412,1.13,1.50
2013.08.26 14:30:38.642,1.53401,1.53416,1.13,1.88
2013.08.26 14:30:41.632,1.53403,1.53415,1.13,1.88
2013.08.26 14:30:42.931,1.534,1.53415,1.50,2.63
2013.08.26 14:30:46.032,1.534,1.53411,1.13,1.13
2013.08.26 14:30:46.211,1.53399,1.5341,1.13,1.13
2013.08.26 14:30:46.455,1.53399,1.5341,1.50,1.13
2013.08.26 14:30:46.572,1.53396,1.53406,1.50,1.13
2013.08.26 14:30:46.691,1.53395,1.53406,2.63,1.13
2013.08.26 14:30:46.931,1.53394,1.53406,2.25,1.13
2013.08.26 14:30:47.352,1.53395,1.53406,1.50,1.13
2013.08.26 14:30:49.503,1.53396,1.53409,1.50,1.13
2013.08.26 14:30:49.564,1.53399,1.53411,1.50,1.13
2013.08.26 14:30:49.623,1.53408,1.53416,1.13,1.13
2013.08.26 14:30:49.743,1.53409,1.53414,1.13,1.13
2013.08.26 14:30:49.864,1.53404,1.53416,1.32,1.13
2013.08.26 14:30:50.102,1.53404,1.53416,1.32,1.13
2013.08.26 14:30:50.462,1.53403,1.53416,1.69,1.13
2013.08.26 14:30:52.162,1.53405,1.53419,1.50,1.13
2013.08.26 14:30:52.222,1.53406,1.5342,1.13,1.50
2013.08.26 14:30:52.402,1.53407,1.5342,1.13,1.13
2013.08.26 14:30:52.944,1.53408,1.53422,1.13,1.50
2013.08.26 14:30:53.243,1.53408,1.53422,1.50,1.50
2013.08.26 14:30:53.782,1.53406,1.53421,1.50,1.88
2013.08.26 14:30:54.863,1.53404,1.5342,2.44,2.25
2013.08.26 14:30:55.404,1.53401,1.53416,1.13,1.50
2013.08.26 14:30:56.422,1.53403,1.53416,1.13,1.88
2013.08.26 14:30:56.733,1.53405,1.53419,1.50,1.88
2013.08.26 14:30:57.034,1.53403,1.53418,4.88,1.50
2013.08.26 14:30:57.094,1.53403,1.53418,2.25,1.50
2013.08.26 14:30:57.752,1.53406,1.53418,1.13,1.50
2013.08.26 14:30:58.894,1.53406,1.53416,1.13,1.50
2013.08.26 14:30:59.472,1.53403,1.53419,1.50,1.50
2013.08.26 14:30:59.593,1.534,1.53416,4.13,1.50
2013.08.26 14:30:59.952,1.53405,1.53416,1.50,1.50
2013.08.26 14:31:00.013,1.53405,1.53419,1.50,1.50
2013.08.26 14:31:00.193,1.53406,1.53419,1.13,1.50
2013.08.26 14:31:00.613,1.53405,1.53416,1.13,1.50
2013.08.26 14:31:00.973,1.53407,1.53416,1.13,1.50
2013.08.26 14:31:01.333,1.53405,1.53416,2.63,1.50
2013.08.26 14:31:01.876,1.53404,1.53417,3.38,1.13
2013.08.26 14:31:02.063,1.53405,1.53417,2.25,1.13
2013.08.26 14:31:02.123,1.53408,1.53421,1.13,2.25
2013.08.26 14:31:02.185,1.53407,1.53421,2.25,1.50
2013.08.26 14:31:02.254,1.53407,1.53421,1.88,1.50
2013.08.26 14:31:02.613,1.53407,1.53421,1.88,1.50
2013.08.26 14:31:02.942,1.53408,1.53422,1.50,3.23
2013.08.26 14:31:05.193,1.5341,1.53421,1.13,1.13
2013.08.26 14:31:05.312,1.5341,1.53422,1.50,1.13
2013.08.26 14:31:05.492,1.5341,1.53422,1.50,1.13
2013.08.26 14:31:06.436,1.5341,1.53421,2.25,1.13
2013.08.26 14:31:07.044,1.5341,1.53425,2.25,2.07
2013.08.26 14:31:07.913,1.5341,1.53425,2.25,1.88
2013.08.26 14:31:08.032,1.5341,1.5342,2.25,1.13
2013.08.26 14:31:08.932,1.5341,1.5342,2.25,1.13
2013.08.26 14:31:09.605,1.5341,1.53421,2.25,1.13
2013.08.26 14:31:10.113,1.5341,1.5342,2.25,1.13
2013.08.26 14:31:10.293,1.53408,1.53413,1.50,1.13
2013.08.26 14:31:10.354,1.53401,1.53411,1.50,1.13
2013.08.26 14:31:10.472,1.53401,1.53411,1.13,1.50
2013.08.26 14:31:10.592,1.53397,1.53411,1.50,1.50
2013.08.26 14:31:10.892,1.53398,1.53411,1.50,1.50
2013.08.26 14:31:11.073,1.53399,1.53411,1.50,1.13
2013.08.26 14:31:11.312,1.53398,1.53415,1.88,1.32
2013.08.26 14:31:12.163,1.53399,1.53415,1.88,1.13
2013.08.26 14:31:14.812,1.53401,1.53409,1.50,1.13
2013.08.26 14:31:15.352,1.534,1.53409,1.88,1.13
2013.08.26 14:31:16.052,1.534,1.53416,1.88,3.00
2013.08.26 14:31:16.682,1.534,1.53416,1.88,3.38
2013.08.26 14:31:17.042,1.53401,1.53415,1.50,1.13
2013.08.26 14:31:17.103,1.534,1.53414,1.50,1.13
2013.08.26 14:31:17.870,1.53401,1.53415,1.50,1.13
2013.08.26 14:31:18.774,1.53401,1.53415,1.50,1.13
2013.08.26 14:31:22.522,1.53401,1.53416,1.50,2.25
2013.08.26 14:31:22.934,1.53401,1.53416,2.25,1.50
2013.08.26 14:31:23.574,1.53403,1.53416,1.50,1.50
2013.08.26 14:31:31.992,1.53403,1.53415,1.13,2.25
2013.08.26 14:31:34.056,1.53403,1.53416,1.13,1.50
2013.08.26 14:31:34.303,1.53413,1.53422,1.13,1.13
2013.08.26 14:31:34.854,1.5341,1.53426,1.50,2.44
2013.08.26 14:31:35.393,1.5341,1.53424,1.50,1.13
2013.08.26 14:31:36.365,1.53411,1.5342,2.25,1.13
2013.08.26 14:31:36.722,1.53413,1.53424,1.88,1.13
2013.08.26 14:31:37.032,1.53413,1.53424,1.88,1.13
2013.08.26 14:31:38.233,1.53413,1.53424,2.25,1.13
2013.08.26 14:31:38.742,1.53411,1.53424,1.88,1.13
2013.08.26 14:31:39.113,1.53413,1.53424,1.50,1.13
2013.08.26 14:31:39.352,1.53413,1.53424,1.50,1.13
2013.08.26 14:31:43.322,1.53413,1.53424,1.50,1.13
2013.08.26 14:31:43.395,1.53413,1.53424,1.50,1.13
2013.08.26 14:31:47.152,1.53413,1.53424,1.50,1.13
2013.08.26 14:31:48.032,1.53414,1.53425,1.88,1.13
2013.08.26 14:31:48.392,1.53415,1.53426,1.13,1.13
2013.08.26 14:31:49.801,1.53414,1.53428,1.50,1.13
2013.08.26 14:31:50.281,1.53414,1.53428,1.50,1.13
2013.08.26 14:31:50.406,1.53413,1.53426,1.88,1.88
2013.08.26 14:31:50.658,1.5341,1.53423,1.13,1.88
2013.08.26 14:31:50.726,1.53411,1.53423,1.50,1.13
2013.08.26 14:31:51.214,1.53412,1.53417,1.13,1.88
2013.08.26 14:31:51.273,1.53406,1.53417,1.13,1.88
2013.08.26 14:31:51.334,1.53401,1.53413,1.50,1.13
2013.08.26 14:31:51.452,1.53399,1.53413,1.50,1.13
2013.08.26 14:31:52.232,1.534,1.53413,1.13,1.50
2013.08.26 14:31:52.413,1.53402,1.53413,2.63,1.13
2013.08.26 14:31:52.473,1.53406,1.53415,1.13,1.13
2013.08.26 14:31:52.713,1.53408,1.5342,1.13,1.32
2013.08.26 14:31:52.772,1.53408,1.5342,1.13,1.32
2013.08.26 14:31:53.072,1.53408,1.53422,2.25,1.32
2013.08.26 14:31:53.192,1.53408,1.53422,2.25,1.32
2013.08.26 14:31:53.732,1.53408,1.53421,1.50,1.32
2013.08.26 14:31:54.252,1.53408,1.53422,2.25,2.07
2013.08.26 14:31:54.792,1.53408,1.53422,2.63,1.50
2013.08.26 14:31:58.251,1.53408,1.53422,2.63,1.13
2013.08.26 14:31:58.792,1.53407,1.53419,2.25,1.13
2013.08.26 14:31:59.332,1.53407,1.53419,1.50,1.13
2013.08.26 14:31:59.633,1.53405,1.53413,1.13,1.69
2013.08.26 14:31:59.753,1.53401,1.53406,2.63,1.50
2013.08.26 14:31:59.814,1.53392,1.53404,1.50,1.32
2013.08.26 14:31:59.933,1.53393,1.53404,2.25,1.13
2013.08.26 14:32:00.112,1.53394,1.53404,1.88,1.13
2013.08.26 14:32:00.653,1.53394,1.53404,1.13,2.25
2013.08.26 14:32:00.772,1.53391,1.53404,1.88,2.25
2013.08.26 14:32:01.597,1.5339,1.53399,1.13,1.13
2013.08.26 14:32:01.663,1.53386,1.53399,2.07,1.13
2013.08.26 14:32:01.724,1.53386,1.53399,1.50,1.13
2013.08.26 14:32:01.783,1.53385,1.53399,1.50,1.50
2013.08.26 14:32:01.963,1.53385,1.534,1.50,2.07
2013.08.26 14:32:02.083,1.53391,1.53399,1.50,1.13
2013.08.26 14:32:02.205,1.53394,1.53401,1.50,1.50
2013.08.26 14:32:02.266,1.53394,1.53406,1.50,1.50
2013.08.26 14:32:02.333,1.53392,1.53404,1.50,1.50
2013.08.26 14:32:02.633,1.53389,1.53397,2.07,1.13
2013.08.26 14:32:02.693,1.5339,1.53399,1.13,1.50
2013.08.26 14:32:03.055,1.53384,1.53399,1.50,2.33
2013.08.26 14:32:03.773,1.53385,1.534,1.13,1.69
2013.08.26 14:32:03.893,1.53382,1.53397,1.32,2.55
2013.08.26 14:32:04.192,1.53384,1.53399,1.50,1.13
2013.08.26 14:32:04.312,1.5338,1.53396,1.50,1.95
2013.08.26 14:32:04.432,1.53384,1.53398,1.50,1.13
2013.08.26 14:32:04.493,1.53384,1.53397,1.50,1.32
2013.08.26 14:32:04.852,1.53377,1.53387,1.13,1.13
2013.08.26 14:32:05.212,1.53374,1.53387,1.32,1.13
2013.08.26 14:32:05.514,1.53376,1.5339,1.50,1.50
2013.08.26 14:32:05.573,1.53375,1.53387,1.13,1.13
2013.08.26 14:32:05.933,1.53364,1.5338,1.50,1.50
2013.08.26 14:32:06.292,1.53364,1.53378,1.13,2.48
2013.08.26 14:32:06.614,1.53364,1.5338,1.13,2.70
2013.08.26 14:32:07.275,1.53364,1.53377,2.63,1.13
2013.08.26 14:32:08.422,1.53365,1.53377,2.63,1.13
2013.08.26 14:32:10.642,1.53366,1.53378,1.13,1.13
2013.08.26 14:32:13.122,1.53366,1.5338,1.13,1.88
2013.08.26 14:32:13.242,1.53366,1.53378,1.13,1.13
2013.08.26 14:32:14.662,1.53366,1.5338,1.13,1.88
2013.08.26 14:32:14.783,1.53366,1.53378,1.13,1.13
2013.08.26 14:32:15.982,1.53366,1.5338,1.13,1.88
2013.08.26 14:32:16.301,1.53366,1.53378,1.13,1.13
2013.08.26 14:32:19.631,1.53366,1.5338,1.13,1.88
2013.08.26 14:32:21.252,1.53366,1.53378,1.13,1.13
2013.08.26 14:32:24.103,1.53367,1.53379,1.50,1.13
2013.08.26 14:32:24.223,1.53367,1.53379,1.50,1.13
2013.08.26 14:32:24.593,1.53367,1.53379,1.50,1.88
2013.08.26 14:32:25.132,1.53368,1.53379,1.13,1.88
2013.08.26 14:32:26.312,1.53372,1.5338,1.13,1.13
2013.08.26 14:32:26.432,1.53374,1.53389,2.63,1.13
2013.08.26 14:32:26.493,1.53378,1.53389,2.63,1.13
2013.08.26 14:32:26.853,1.53379,1.53387,1.50,1.50
2013.08.26 14:32:30.532,1.53379,1.53392,1.88,1.13
2013.08.26 14:32:30.712,1.53377,1.53392,2.25,2.85
2013.08.26 14:32:32.216,1.53376,1.53387,1.13,1.13
2013.08.26 14:32:32.401,1.53368,1.53383,2.63,1.95
2013.08.26 14:32:32.702,1.5337,1.53385,1.88,2.70
2013.08.26 14:32:32.821,1.53369,1.53385,1.32,2.70
2013.08.26 14:32:33.002,1.53371,1.5339,1.50,1.50
2013.08.26 14:32:33.242,1.53373,1.5339,1.13,1.50
2013.08.26 14:32:33.543,1.53381,1.53388,1.13,1.50
2013.08.26 14:32:33.604,1.53382,1.53393,1.88,1.50
2013.08.26 14:32:33.664,1.53383,1.53394,1.13,1.13
2013.08.26 14:32:33.723,1.53385,1.53394,1.50,1.13
2013.08.26 14:32:33.783,1.53385,1.53395,1.88,1.13
2013.08.26 14:32:33.903,1.53385,1.53395,1.50,1.13
2013.08.26 14:32:34.263,1.53386,1.53401,1.50,2.25
2013.08.26 14:32:34.382,1.53386,1.53401,1.88,1.13
2013.08.26 14:32:34.442,1.53386,1.53401,1.13,1.88
2013.08.26 14:32:35.226,1.53386,1.53402,1.50,1.13
2013.08.26 14:32:35.354,1.53386,1.53401,1.50,1.88
2013.08.26 14:32:35.415,1.53386,1.534,1.50,1.13
2013.08.26 14:32:35.722,1.53383,1.53395,1.13,1.13
2013.08.26 14:32:36.782,1.53384,1.53397,1.50,2.25
2013.08.26 14:32:37.504,1.53384,1.53396,1.50,1.50
2013.08.26 14:32:37.916,1.53383,1.53395,1.13,1.50
2013.08.26 14:32:38.092,1.53384,1.53396,1.50,1.50
2013.08.26 14:32:38.843,1.53384,1.53395,1.50,1.50
2013.08.26 14:32:39.518,1.53384,1.53396,1.50,1.50
2013.08.26 14:32:39.873,1.53386,1.53396,1.50,1.50
2013.08.26 14:32:40.113,1.53389,1.53406,2.63,4.50
2013.08.26 14:32:40.293,1.53389,1.53404,1.13,1.13
2013.08.26 14:32:40.353,1.53388,1.53403,1.50,1.13
2013.08.26 14:32:40.473,1.53387,1.53403,2.25,1.88
2013.08.26 14:32:40.775,1.53383,1.53396,1.88,1.50
2013.08.26 14:32:41.084,1.53382,1.53394,1.13,1.13
2013.08.26 14:32:41.586,1.53379,1.53394,1.50,1.50
2013.08.26 14:32:42.304,1.53379,1.53394,1.50,2.25
2013.08.26 14:32:42.606,1.53394,1.53403,1.69,1.50
2013.08.26 14:32:42.972,1.53387,1.53406,2.25,1.13
2013.08.26 14:32:43.742,1.53397,1.53407,1.69,1.13
2013.08.26 14:32:44.346,1.53397,1.53407,1.69,1.13
2013.08.26 14:32:47.302,1.5339,1.53405,1.88,1.88
2013.08.26 14:32:47.631,1.53396,1.53405,1.69,1.50
2013.08.26 14:32:48.412,1.53394,1.53406,1.13,1.88
2013.08.26 14:32:48.532,1.53404,1.53412,1.13,1.13
2013.08.26 14:32:48.592,1.53404,1.53414,1.13,1.13
2013.08.26 14:32:48.652,1.53404,1.53414,1.13,1.13
2013.08.26 14:32:48.892,1.53399,1.53414,1.13,2.63
2013.08.26 14:32:49.012,1.53395,1.53411,1.13,1.88
2013.08.26 14:32:49.251,1.53394,1.53409,1.88,1.13
2013.08.26 14:32:49.492,1.53394,1.53406,1.13,1.88
2013.08.26 14:32:49.852,1.53389,1.53404,1.50,1.50
2013.08.26 14:32:49.912,1.53389,1.53404,1.50,1.50
2013.08.26 14:32:50.032,1.53389,1.53404,2.25,1.50
2013.08.26 14:32:50.716,1.53387,1.53403,2.82,1.13
2013.08.26 14:32:50.784,1.53388,1.53404,1.32,1.13
2013.08.26 14:32:50.962,1.53387,1.53404,2.44,1.88
2013.08.26 14:32:51.044,1.53387,1.53404,2.44,1.88
2013.08.26 14:32:51.713,1.53388,1.53403,1.69,1.50
2013.08.26 14:32:52.014,1.53391,1.53402,1.13,2.25
2013.08.26 14:32:52.076,1.53389,1.53402,1.13,1.50
2013.08.26 14:32:52.148,1.53387,1.53401,1.69,1.50
2013.08.26 14:32:52.333,1.53384,1.534,1.50,1.88
2013.08.26 14:32:52.453,1.53384,1.534,1.50,1.50
2013.08.26 14:32:52.942,1.53386,1.534,1.88,1.13
2013.08.26 14:32:54.352,1.53386,1.53401,1.13,2.25
2013.08.26 14:32:54.533,1.53399,1.53408,1.50,1.50
2013.08.26 14:32:54.592,1.53399,1.53408,1.50,1.50
2013.08.26 14:32:54.654,1.53392,1.53406,1.50,1.50
2013.08.26 14:32:54.713,1.53392,1.53404,1.13,1.13
2013.08.26 14:32:55.073,1.53393,1.53407,1.13,1.13
2013.08.26 14:32:55.622,1.53393,1.5341,1.13,1.50
2013.08.26 14:32:55.742,1.53392,1.5341,2.25,1.50
2013.08.26 14:32:55.863,1.53393,1.53407,1.13,1.13
2013.08.26 14:32:56.103,1.53392,1.53406,1.50,1.50
2013.08.26 14:32:56.163,1.53389,1.53406,2.63,1.50
2013.08.26 14:32:56.222,1.53389,1.53405,1.88,1.50
2013.08.26 14:32:56.893,1.53388,1.53402,1.50,1.13
2013.08.26 14:32:57.253,1.53392,1.53405,1.13,2.25
2013.08.26 14:32:57.316,1.53396,1.53406,1.50,1.13
2013.08.26 14:32:57.443,1.53394,1.53404,1.50,1.13
2013.08.26 14:32:57.502,1.53393,1.53404,1.50,1.13
2013.08.26 14:32:58.612,1.53394,1.53406,1.50,1.13
2013.08.26 14:32:59.582,1.53391,1.53404,1.50,1.13
2013.08.26 14:33:00.122,1.5339,1.53404,1.50,1.88
2013.08.26 14:33:00.945,1.5339,1.53403,1.13,1.13
2013.08.26 14:33:01.073,1.53389,1.53402,1.50,1.13
2013.08.26 14:33:01.252,1.53385,1.53399,1.13,1.13
2013.08.26 14:33:01.612,1.53384,1.53399,1.13,1.13
2013.08.26 14:33:02.096,1.53384,1.53399,1.13,2.63
2013.08.26 14:33:02.404,1.53382,1.53391,1.50,1.50
2013.08.26 14:33:02.523,1.53382,1.53391,1.50,1.50
2013.08.26 14:33:02.644,1.53378,1.53389,1.13,1.50
2013.08.26 14:33:02.954,1.53374,1.53386,1.13,1.13
2013.08.26 14:33:03.074,1.53374,1.53386,1.50,1.13
2013.08.26 14:33:03.193,1.53373,1.53386,1.13,1.88
2013.08.26 14:33:03.493,1.53374,1.53387,1.50,1.13
2013.08.26 14:33:03.552,1.53374,1.53389,1.50,1.88
2013.08.26 14:33:03.613,1.53374,1.53389,1.50,1.88
2013.08.26 14:33:03.912,1.53372,1.53386,1.13,1.88
2013.08.26 14:33:04.033,1.53375,1.53386,1.13,1.88
2013.08.26 14:33:04.392,1.53377,1.53391,1.88,1.13
2013.08.26 14:33:04.815,1.53379,1.53392,1.50,1.50
2013.08.26 14:33:05.682,1.53377,1.53391,1.50,1.13
2013.08.26 14:33:05.863,1.5338,1.53391,1.13,1.13
2013.08.26 14:33:06.222,1.53382,1.53392,1.13,1.13
2013.08.26 14:33:07.003,1.53381,1.53392,1.13,1.13
2013.08.26 14:33:08.182,1.53384,1.53393,1.88,1.13
2013.08.26 14:33:08.243,1.53386,1.53397,1.13,1.13
2013.08.26 14:33:08.363,1.53389,1.534,2.25,2.63
2013.08.26 14:33:08.422,1.5339,1.534,1.50,1.88
2013.08.26 14:33:08.962,1.5339,1.53402,1.13,1.13
2013.08.26 14:33:09.972,1.5339,1.53404,1.13,1.13
2013.08.26 14:33:11.233,1.53391,1.53404,1.50,1.88
2013.08.26 14:33:11.473,1.53388,1.53401,1.13,1.13
2013.08.26 14:33:11.652,1.53388,1.534,1.50,1.13
2013.08.26 14:33:11.772,1.53384,1.534,2.25,1.50
2013.08.26 14:33:11.953,1.53384,1.53397,1.50,1.50
2013.08.26 14:33:12.013,1.53382,1.53393,1.88,1.13
2013.08.26 14:33:12.192,1.53379,1.53393,1.50,1.13
2013.08.26 14:33:12.749,1.53379,1.53394,2.25,1.13
2013.08.26 14:33:12.873,1.53379,1.53394,2.25,1.13
2013.08.26 14:33:13.402,1.53381,1.53394,1.13,1.13
2013.08.26 14:33:13.593,1.53379,1.53394,1.50,1.13
2013.08.26 14:33:13.713,1.53382,1.53396,1.88,1.50
2013.08.26 14:33:13.835,1.53382,1.53396,2.25,1.13
2013.08.26 14:33:13.962,1.53386,1.53393,1.13,1.13
2013.08.26 14:33:14.202,1.53387,1.53394,1.13,1.13
2013.08.26 14:33:14.382,1.53384,1.53394,1.88,1.13
2013.08.26 14:33:14.443,1.53384,1.53394,1.50,1.13
2013.08.26 14:33:14.742,1.53384,1.53396,1.50,1.13
2013.08.26 14:33:15.163,1.5338,1.53396,1.50,2.63
2013.08.26 14:33:15.282,1.53379,1.53389,1.13,1.13
2013.08.26 14:33:15.522,1.53374,1.53385,1.13,1.13
2013.08.26 14:33:15.702,1.53374,1.53386,1.50,1.13
2013.08.26 14:33:15.762,1.53374,1.53385,1.13,1.13
2013.08.26 14:33:15.942,1.53375,1.5339,1.50,1.88
2013.08.26 14:33:16.062,1.53375,1.53391,1.50,2.25
2013.08.26 14:33:17.525,1.53377,1.5339,1.50,1.13
2013.08.26 14:33:18.592,1.53377,1.5339,1.50,1.13
2013.08.26 14:33:18.713,1.53377,1.5339,1.50,1.50
2013.08.26 14:33:19.073,1.53376,1.53384,1.13,1.13
2013.08.26 14:33:20.264,1.53376,1.53388,1.13,1.13
2013.08.26 14:33:20.623,1.53378,1.53392,1.13,2.07
2013.08.26 14:33:20.802,1.53378,1.53387,1.13,1.13
2013.08.26 14:33:20.922,1.5338,1.5339,1.13,1.13
2013.08.26 14:33:21.184,1.5338,1.53389,1.13,1.13
2013.08.26 14:33:21.244,1.53377,1.53389,1.50,1.50
2013.08.26 14:33:21.422,1.53377,1.53387,1.13,1.13
2013.08.26 14:33:21.542,1.53377,1.53387,1.13,1.13
2013.08.26 14:33:23.723,1.53377,1.53389,1.13,1.88
2013.08.26 14:33:24.255,1.53377,1.53389,1.50,1.13
2013.08.26 14:33:24.312,1.53377,1.53389,1.50,1.13
2013.08.26 14:33:29.575,1.53375,1.53389,1.13,2.25
2013.08.26 14:33:29.694,1.53375,1.53385,1.13,1.50
2013.08.26 14:33:29.817,1.53372,1.53384,1.50,1.50
2013.08.26 14:33:29.884,1.53372,1.53385,1.50,1.88
2013.08.26 14:33:30.824,1.53374,1.53386,1.13,1.88
2013.08.26 14:33:30.884,1.53374,1.53387,1.88,1.13
2013.08.26 14:33:31.242,1.53383,1.53394,1.50,3.00
2013.08.26 14:33:31.364,1.53384,1.53396,1.50,1.13
2013.08.26 14:33:31.964,1.53382,1.53394,1.13,1.13
2013.08.26 14:33:32.023,1.53381,1.53395,1.13,1.50
2013.08.26 14:33:32.145,1.53379,1.53394,1.88,1.88
2013.08.26 14:33:32.263,1.53379,1.53394,2.63,1.13
2013.08.26 14:33:32.442,1.53379,1.53394,2.25,1.13
2013.08.26 14:33:32.982,1.5338,1.53392,1.13,1.50
2013.08.26 14:33:33.465,1.53383,1.53395,1.50,1.13
2013.08.26 14:33:33.534,1.53383,1.53394,1.50,1.13
2013.08.26 14:33:34.422,1.5338,1.53391,2.25,1.50
2013.08.26 14:33:35.322,1.53376,1.53386,1.13,1.50
2013.08.26 14:33:35.823,1.53376,1.53389,1.13,1.13
2013.08.26 14:33:36.302,1.53376,1.53389,2.63,1.13
2013.08.26 14:33:36.424,1.53376,1.5339,2.63,1.13
2013.08.26 14:33:36.542,1.53376,1.5339,2.63,1.13
2013.08.26 14:33:37.072,1.53376,1.53386,1.13,1.50
2013.08.26 14:33:37.192,1.53374,1.53388,1.50,1.50
2013.08.26 14:33:37.312,1.53373,1.53387,2.25,1.13
2013.08.26 14:33:37.493,1.53373,1.53389,2.25,1.50
2013.08.26 14:33:37.906,1.53373,1.53388,1.88,1.13
2013.08.26 14:33:38.214,1.53376,1.53388,1.13,1.13
2013.08.26 14:33:38.514,1.53376,1.5339,1.13,1.13
2013.08.26 14:33:40.012,1.53373,1.5339,1.50,1.13
2013.08.26 14:33:40.132,1.53373,1.5339,1.13,1.50
2013.08.26 14:33:40.494,1.53371,1.53386,1.50,1.88
2013.08.26 14:33:40.912,1.53368,1.53384,1.88,2.85
2013.08.26 14:33:41.273,1.53374,1.53389,2.25,2.25
2013.08.26 14:33:41.393,1.53376,1.5339,1.50,1.32
2013.08.26 14:33:41.634,1.53379,1.53391,1.13,1.13
2013.08.26 14:33:41.994,1.53377,1.5339,1.13,2.18
2013.08.26 14:33:42.605,1.53379,1.53391,1.50,2.40
2013.08.26 14:33:42.913,1.53376,1.5339,1.50,1.88
2013.08.26 14:33:42.972,1.53376,1.53387,1.50,1.50
2013.08.26 14:33:43.274,1.53371,1.53383,1.13,1.13
2013.08.26 14:33:43.396,1.53368,1.53381,1.50,1.50
2013.08.26 14:33:43.465,1.53369,1.53379,1.13,1.13
2013.08.26 14:33:43.584,1.53365,1.53373,1.13,1.13
2013.08.26 14:33:43.706,1.53363,1.53371,1.50,1.13
2013.08.26 14:33:44.028,1.53373,1.53379,1.50,1.13
2013.08.26 14:33:44.096,1.53374,1.53387,1.50,1.50
2013.08.26 14:33:44.163,1.53374,1.53383,1.13,1.13
2013.08.26 14:33:44.225,1.53376,1.5339,1.13,1.13
2013.08.26 14:33:44.355,1.53379,1.53392,1.13,1.69
2013.08.26 14:33:44.723,1.53375,1.53388,1.13,1.28
2013.08.26 14:33:45.353,1.53373,1.53387,1.88,1.13
2013.08.26 14:33:45.472,1.53376,1.53388,1.13,1.13
2013.08.26 14:33:45.773,1.53379,1.53395,1.50,2.07
2013.08.26 14:33:45.893,1.53379,1.53394,1.50,1.13
2013.08.26 14:33:46.014,1.53379,1.53394,1.50,1.32
2013.08.26 14:33:46.373,1.53379,1.53386,1.50,1.50
2013.08.26 14:33:46.674,1.53374,1.53389,1.88,1.13
2013.08.26 14:33:46.792,1.53377,1.53389,1.13,1.13
2013.08.26 14:33:46.913,1.53379,1.53389,1.50,1.13
2013.08.26 14:33:46.974,1.53379,1.53393,1.13,3.23
2013.08.26 14:33:47.092,1.53378,1.53392,3.00,1.13
2013.08.26 14:33:47.212,1.53382,1.53397,1.13,2.82
2013.08.26 14:33:47.333,1.53381,1.53395,1.88,1.13
2013.08.26 14:33:47.853,1.53381,1.53397,3.00,1.69
2013.08.26 14:33:48.094,1.53387,1.53403,1.88,1.13
2013.08.26 14:33:48.656,1.53383,1.534,2.25,1.50
2013.08.26 14:33:48.723,1.53385,1.534,1.13,1.88
2013.08.26 14:33:49.453,1.53389,1.534,1.50,1.88
2013.08.26 14:33:49.572,1.5339,1.53403,1.50,1.13
2013.08.26 14:33:49.752,1.5339,1.53406,1.50,1.88
2013.08.26 14:33:49.873,1.53391,1.53406,1.50,1.13
2013.08.26 14:33:50.295,1.5339,1.53404,1.13,1.50
2013.08.26 14:33:50.593,1.5339,1.53404,1.13,1.50
2013.08.26 14:33:50.892,1.5339,1.53403,1.13,1.13
2013.08.26 14:33:50.953,1.5339,1.53401,1.13,1.13
2013.08.26 14:33:51.073,1.53389,1.534,1.50,1.88
2013.08.26 14:33:51.193,1.53392,1.53403,1.50,1.13
2013.08.26 14:33:53.413,1.53391,1.53402,2.25,1.13
2013.08.26 14:33:53.473,1.53387,1.53402,1.88,1.13
2013.08.26 14:33:54.024,1.53387,1.53402,1.50,1.50
2013.08.26 14:33:54.143,1.53386,1.534,1.13,1.13
2013.08.26 14:33:54.326,1.53388,1.534,1.13,1.13
2013.08.26 14:33:55.543,1.53387,1.53401,1.13,1.50
2013.08.26 14:33:55.723,1.53384,1.53399,1.13,1.50
2013.08.26 14:33:55.963,1.53386,1.53399,1.50,1.13
2013.08.26 14:33:56.204,1.53388,1.53404,1.88,1.32
2013.08.26 14:33:56.263,1.53389,1.53405,1.50,1.69
2013.08.26 14:33:56.623,1.53395,1.53408,1.13,1.13
2013.08.26 14:33:57.173,1.53395,1.53408,1.13,1.88
2013.08.26 14:33:57.883,1.53393,1.53408,1.50,1.88
2013.08.26 14:33:58.404,1.53395,1.5341,1.88,1.13
2013.08.26 14:33:58.522,1.53396,1.53411,1.13,1.13
2013.08.26 14:33:58.642,1.53396,1.53411,1.13,1.13
2013.08.26 14:33:59.042,1.53396,1.53411,1.13,1.13
2013.08.26 14:33:59.561,1.53396,1.53407,1.13,1.13
2013.08.26 14:34:00.306,1.53395,1.53407,1.13,1.50
2013.08.26 14:34:01.193,1.53395,1.53408,1.13,1.88
2013.08.26 14:34:02.522,1.53395,1.53409,1.13,1.88
2013.08.26 14:34:02.824,1.53394,1.53409,1.88,1.88
2013.08.26 14:34:02.944,1.53394,1.53409,1.13,3.00
2013.08.26 14:34:03.063,1.53389,1.53405,2.44,1.13
2013.08.26 14:34:03.122,1.53389,1.53406,2.82,2.63
2013.08.26 14:34:03.182,1.53392,1.53406,1.13,2.25
2013.08.26 14:34:03.722,1.53394,1.53406,1.50,1.13
2013.08.26 14:34:04.082,1.53394,1.53404,1.50,1.50
2013.08.26 14:34:05.923,1.53389,1.53403,1.50,1.13
2013.08.26 14:34:05.983,1.53389,1.53403,1.50,1.13
2013.08.26 14:34:06.043,1.53388,1.534,1.13,1.13
2013.08.26 14:34:06.412,1.53388,1.53399,1.13,1.13
2013.08.26 14:34:06.532,1.53385,1.534,2.63,2.25
2013.08.26 14:34:06.592,1.53389,1.534,1.50,1.50
2013.08.26 14:34:06.833,1.53395,1.53406,1.13,1.50
2013.08.26 14:34:07.373,1.53392,1.53406,1.50,1.88
2013.08.26 14:34:07.432,1.53392,1.53404,3.38,1.13
2013.08.26 14:34:07.736,1.53393,1.53404,1.50,1.50
2013.08.26 14:34:07.923,1.53391,1.53406,1.50,2.25
2013.08.26 14:34:08.045,1.53392,1.53404,1.50,1.13
2013.08.26 14:34:08.113,1.53391,1.53404,2.63,1.13
2013.08.26 14:34:08.173,1.53393,1.53406,1.50,1.50
2013.08.26 14:34:08.412,1.53393,1.53408,2.25,1.13
2013.08.26 14:34:08.472,1.53393,1.53409,2.25,1.13
2013.08.26 14:34:08.664,1.53394,1.5341,1.50,1.13
2013.08.26 14:34:09.222,1.53395,1.5341,1.13,1.13
2013.08.26 14:34:09.884,1.53395,1.5341,1.13,1.13
2013.08.26 14:34:12.572,1.53399,1.53411,1.13,2.63
2013.08.26 14:34:13.623,1.53398,1.53412,1.13,1.13
2013.08.26 14:34:13.695,1.53399,1.53414,1.50,1.88
2013.08.26 14:34:13.815,1.53399,1.53414,1.50,1.88
2013.08.26 14:34:14.172,1.53399,1.53415,2.07,2.25
2013.08.26 14:34:14.712,1.53399,1.53415,2.07,2.25
2013.08.26 14:34:16.235,1.53399,1.53414,1.88,1.13
2013.08.26 14:34:16.295,1.53399,1.53414,1.88,2.25
2013.08.26 14:34:16.893,1.53396,1.5341,1.13,1.50
2013.08.26 14:34:16.953,1.53395,1.5341,1.32,1.50
2013.08.26 14:34:17.014,1.53395,1.53411,1.32,1.88
2013.08.26 14:34:17.086,1.53396,1.53411,1.13,1.13
2013.08.26 14:34:21.613,1.53397,1.53413,1.88,1.13
2013.08.26 14:34:22.153,1.53399,1.53413,1.88,1.13
2013.08.26 14:34:22.973,1.53399,1.53412,1.13,1.50
2013.08.26 14:34:23.334,1.53396,1.53409,1.13,1.88
2013.08.26 14:34:23.695,1.53395,1.53409,1.88,1.13
2013.08.26 14:34:26.963,1.53395,1.5341,1.88,2.63
2013.08.26 14:34:27.492,1.53395,1.5341,1.88,2.63
2013.08.26 14:34:31.402,1.53395,1.5341,1.50,2.63
2013.08.26 14:34:31.522,1.53395,1.5341,1.88,2.25
2013.08.26 14:34:31.823,1.53394,1.53408,1.50,1.88
2013.08.26 14:34:32.645,1.53394,1.53407,1.50,1.13
2013.08.26 14:34:33.073,1.53395,1.53409,1.13,1.50
2013.08.26 14:34:33.132,1.53394,1.53409,1.50,1.88
2013.08.26 14:34:34.513,1.53395,1.53409,1.50,1.88
2013.08.26 14:34:36.013,1.53395,1.53409,1.50,1.88
2013.08.26 14:34:36.192,1.53394,1.53406,1.50,1.50
2013.08.26 14:34:38.802,1.53392,1.53406,2.63,1.50
2013.08.26 14:34:39.935,1.53392,1.53406,1.88,1.13
2013.08.26 14:34:40.234,1.53392,1.53406,1.50,1.50
2013.08.26 14:34:40.962,1.5339,1.53405,1.88,1.13
2013.08.26 14:34:41.282,1.5339,1.53405,1.13,1.88
2013.08.26 14:34:43.043,1.53389,1.53403,1.88,1.13
2013.08.26 14:34:43.283,1.53392,1.53406,1.13,1.88
2013.08.26 14:34:43.878,1.53395,1.5341,1.88,1.13
2013.08.26 14:34:44.182,1.53399,1.53415,2.25,1.88
2013.08.26 14:34:44.543,1.53401,1.53415,1.13,1.13
2013.08.26 14:34:44.663,1.534,1.53415,1.50,1.50
2013.08.26 14:34:45.542,1.534,1.53416,2.63,1.50
2013.08.26 14:34:46.313,1.53402,1.53416,1.13,1.50
2013.08.26 14:34:50.062,1.53402,1.53415,1.13,1.50
2013.08.26 14:34:50.742,1.53402,1.53413,1.13,1.13
2013.08.26 14:34:50.803,1.53401,1.53413,1.13,1.13
2013.08.26 14:34:51.312,1.53399,1.53411,1.13,1.13
2013.08.26 14:34:57.674,1.53399,1.53411,1.13,1.13
2013.08.26 14:34:58.792,1.53397,1.53411,1.50,1.13
2013.08.26 14:34:59.322,1.53401,1.53415,1.13,2.63
2013.08.26 14:34:59.503,1.53402,1.53415,1.13,1.88
2013.08.26 14:35:00.502,1.53402,1.53415,1.13,1.50
2013.08.26 14:35:00.562,1.53402,1.53414,1.13,1.13
2013.08.26 14:35:00.982,1.53398,1.53411,1.13,1.88
2013.08.26 14:35:01.102,1.53398,1.53411,1.13,1.88
2013.08.26 14:35:01.283,1.534,1.53412,1.13,1.13
2013.08.26 14:35:03.595,1.534,1.53411,1.50,1.13
2013.08.26 14:35:03.652,1.53398,1.53411,1.13,1.88
2013.08.26 14:35:05.674,1.534,1.53414,1.50,1.13
2013.08.26 14:35:05.794,1.53404,1.53414,1.13,1.13
2013.08.26 14:35:06.343,1.53404,1.53417,1.13,1.13
2013.08.26 14:35:06.692,1.53404,1.53419,1.50,1.13
2013.08.26 14:35:06.812,1.53409,1.53419,1.13,1.13
2013.08.26 14:35:09.623,1.53406,1.53419,1.13,1.88
2013.08.26 14:35:09.682,1.53405,1.53419,1.88,1.88
2013.08.26 14:35:10.227,1.53405,1.53419,1.50,1.88
2013.08.26 14:35:11.552,1.53405,1.53419,1.13,1.88
2013.08.26 14:35:16.903,1.53405,1.53419,1.13,2.63
2013.08.26 14:35:17.444,1.53406,1.53416,1.50,1.88
2013.08.26 14:35:17.622,1.53403,1.53413,1.50,1.13
2013.08.26 14:35:17.802,1.53403,1.53411,1.50,1.13
2013.08.26 14:35:19.103,1.534,1.53411,1.88,1.13
2013.08.26 14:35:19.438,1.53399,1.53412,1.13,1.13
2013.08.26 14:35:19.803,1.53399,1.53407,1.13,1.50
2013.08.26 14:35:19.863,1.53398,1.53407,1.13,1.88
2013.08.26 14:35:19.924,1.53397,1.53407,1.13,1.13
2013.08.26 14:35:19.984,1.53397,1.53404,1.13,1.88
2013.08.26 14:35:20.103,1.53397,1.53404,1.13,1.50
2013.08.26 14:35:20.163,1.53394,1.53404,1.69,1.88
2013.08.26 14:35:20.403,1.53394,1.53402,1.50,1.88
2013.08.26 14:35:20.522,1.53393,1.53402,1.13,1.88
2013.08.26 14:35:21.054,1.53394,1.53402,1.50,1.88
2013.08.26 14:35:21.355,1.53395,1.53402,1.13,1.13
2013.08.26 14:35:21.473,1.53394,1.53402,1.50,1.13
2013.08.26 14:35:21.533,1.53395,1.53405,1.50,3.00
2013.08.26 14:35:21.833,1.53398,1.53408,1.13,1.13
2013.08.26 14:35:22.013,1.53397,1.53408,1.50,1.13
2013.08.26 14:35:24.514,1.53399,1.5341,1.13,1.50
2013.08.26 14:35:24.574,1.53399,1.5341,1.13,1.50
2013.08.26 14:35:27.455,1.53399,1.5341,1.13,1.50
2013.08.26 14:35:27.822,1.53397,1.53409,2.25,1.13
2013.08.26 14:35:27.943,1.53397,1.53409,1.50,1.13
2013.08.26 14:35:29.634,1.53397,1.53409,1.13,1.13
2013.08.26 14:35:29.696,1.53397,1.5341,1.13,1.50
2013.08.26 14:35:29.765,1.53401,1.5341,1.13,1.50
2013.08.26 14:35:29.942,1.53399,1.5341,1.13,1.50
2013.08.26 14:35:30.588,1.53399,1.5341,1.88,1.13
2013.08.26 14:35:30.734,1.53402,1.5341,1.13,1.13
2013.08.26 14:35:31.046,1.53399,1.5341,1.88,1.13
2013.08.26 14:35:31.663,1.53399,1.5341,1.88,1.13
2013.08.26 14:35:44.194,1.53399,1.5341,1.13,1.13
2013.08.26 14:35:47.062,1.53399,1.53411,1.13,1.13
2013.08.26 14:35:47.575,1.53399,1.5341,1.13,1.13
2013.08.26 14:35:55.793,1.53399,1.53411,2.63,1.13
2013.08.26 14:36:05.222,1.53399,1.53413,2.78,1.50
2013.08.26 14:36:05.284,1.53404,1.53414,1.50,1.50
2013.08.26 14:36:05.403,1.53405,1.53418,1.88,1.13
2013.08.26 14:36:05.523,1.53408,1.53422,1.50,1.50
2013.08.26 14:36:05.942,1.53406,1.53421,1.13,1.13
2013.08.26 14:36:06.002,1.53407,1.53421,1.13,1.13
2013.08.26 14:36:06.183,1.53404,1.5342,2.25,1.13
2013.08.26 14:36:06.362,1.53404,1.53419,1.88,1.13
2013.08.26 14:36:07.202,1.53405,1.53419,1.50,1.13
2013.08.26 14:36:07.759,1.53405,1.5342,1.50,2.63
2013.08.26 14:36:08.272,1.53405,1.5342,1.50,2.63
2013.08.26 14:36:09.393,1.53405,1.53416,1.50,1.13
2013.08.26 14:36:09.513,1.53402,1.53414,1.50,1.13
2013.08.26 14:36:10.093,1.534,1.53416,1.13,2.25
2013.08.26 14:36:10.632,1.534,1.53415,1.88,1.88
2013.08.26 14:36:18.293,1.53399,1.53414,1.13,1.50
2013.08.26 14:36:20.192,1.53399,1.53411,1.13,1.13
2013.08.26 14:36:20.372,1.53396,1.53411,1.69,1.88
2013.08.26 14:36:20.492,1.53396,1.53411,2.44,2.63
2013.08.26 14:36:20.792,1.53391,1.53406,1.88,1.50
2013.08.26 14:36:20.853,1.53391,1.53406,1.50,1.88
2013.08.26 14:36:21.032,1.5339,1.53406,1.88,1.88
2013.08.26 14:36:21.595,1.5339,1.53406,1.88,1.88
2013.08.26 14:36:21.832,1.5339,1.53406,1.88,1.88
2013.08.26 14:36:22.352,1.53392,1.53406,1.50,2.63
2013.08.26 14:36:22.593,1.53392,1.53406,1.50,2.63
2013.08.26 14:36:27.256,1.53393,1.53405,1.50,1.50
2013.08.26 14:36:32.862,1.53393,1.53406,1.50,1.50
2013.08.26 14:36:34.423,1.53393,1.53406,1.50,1.50
2013.08.26 14:36:38.782,1.53394,1.53407,1.50,1.13
2013.08.26 14:36:38.903,1.53393,1.53406,2.25,1.50
2013.08.26 14:36:42.786,1.53394,1.53406,1.50,1.13
2013.08.26 14:36:43.092,1.53398,1.5341,1.50,1.13
2013.08.26 14:36:43.214,1.53398,1.53411,1.50,1.50
2013.08.26 14:36:43.773,1.53398,1.53411,1.50,1.13
2013.08.26 14:36:44.633,1.53398,1.53411,1.50,1.13
2013.08.26 14:36:45.475,1.53399,1.53411,1.50,1.13
2013.08.26 14:36:45.725,1.53398,1.53411,1.88,1.13
2013.08.26 14:36:45.785,1.53398,1.53411,1.88,1.13
2013.08.26 14:36:45.904,1.53398,1.53411,1.50,1.13
2013.08.26 14:36:46.695,1.53396,1.53411,1.50,1.50
2013.08.26 14:36:48.782,1.53397,1.53411,1.13,1.13
2013.08.26 14:36:50.882,1.53397,1.53411,1.13,1.13
2013.08.26 14:36:51.442,1.53398,1.53411,3.00,1.13
2013.08.26 14:36:51.642,1.53398,1.53411,3.38,1.13
2013.08.26 14:36:52.512,1.53399,1.53411,2.25,1.13
2013.08.26 14:36:52.634,1.534,1.53411,1.13,1.13
2013.08.26 14:36:57.143,1.534,1.53412,1.13,1.13
2013.08.26 14:36:57.204,1.53404,1.53416,1.88,1.13
2013.08.26 14:36:57.264,1.53404,1.53416,2.63,1.13
2013.08.26 14:36:57.445,1.53404,1.53418,3.38,1.13
2013.08.26 14:36:58.323,1.53405,1.53421,1.50,1.69
2013.08.26 14:37:00.415,1.53407,1.53421,1.13,1.32
2013.08.26 14:37:00.594,1.53405,1.53419,1.13,1.50
2013.08.26 14:37:00.894,1.53404,1.53416,2.25,1.13
2013.08.26 14:37:01.014,1.53404,1.5342,2.25,1.13
2013.08.26 14:37:01.135,1.53406,1.53421,1.13,2.63
2013.08.26 14:37:01.253,1.53409,1.53418,1.13,1.13
2013.08.26 14:37:01.373,1.53407,1.53418,1.50,1.13
2013.08.26 14:37:01.922,1.53408,1.53423,2.25,2.07
2013.08.26 14:37:02.103,1.53409,1.53423,1.13,1.69
2013.08.26 14:37:03.512,1.53411,1.53425,1.13,2.25
2013.08.26 14:37:03.632,1.53411,1.53425,2.25,1.13
2013.08.26 14:37:06.193,1.5341,1.53424,1.50,1.13
2013.08.26 14:37:09.992,1.53409,1.53424,3.00,1.88
2013.08.26 14:37:11.114,1.5341,1.53426,1.88,1.13
2013.08.26 14:37:11.234,1.53412,1.53427,1.13,1.50
2013.08.26 14:37:11.413,1.53411,1.53426,1.50,1.13
2013.08.26 14:37:11.474,1.53412,1.53427,1.13,1.50
2013.08.26 14:37:15.422,1.53413,1.53427,1.50,1.13
2013.08.26 14:37:19.383,1.53413,1.53427,1.50,1.13
2013.08.26 14:37:19.922,1.53412,1.53426,1.50,2.63
2013.08.26 14:37:20.664,1.53412,1.53426,1.13,2.63
2013.08.26 14:37:21.165,1.53412,1.53426,1.13,2.63
2013.08.26 14:37:21.467,1.5341,1.53424,1.13,1.88
2013.08.26 14:37:21.773,1.53412,1.53421,1.13,1.13
2013.08.26 14:37:22.552,1.53412,1.53423,1.13,2.63
2013.08.26 14:37:30.793,1.53412,1.53421,1.13,1.13
2013.08.26 14:37:30.913,1.53411,1.53425,1.13,1.88
2013.08.26 14:37:31.093,1.53408,1.53423,1.88,1.50
2013.08.26 14:37:31.214,1.53407,1.53421,2.25,1.50
2013.08.26 14:37:31.333,1.53407,1.53421,1.88,1.50
2013.08.26 14:37:31.452,1.53407,1.53421,1.13,1.88
2013.08.26 14:37:31.992,1.53405,1.5342,2.44,1.50
2013.08.26 14:37:32.270,1.53405,1.5342,2.07,1.50
2013.08.26 14:37:32.341,1.53404,1.53418,2.44,1.13
2013.08.26 14:37:32.645,1.53401,1.53416,2.63,1.13
2013.08.26 14:37:32.704,1.53401,1.53416,1.88,1.13
2013.08.26 14:37:33.003,1.534,1.53415,1.50,1.13
2013.08.26 14:37:34.041,1.53399,1.53415,2.25,1.50
2013.08.26 14:37:34.224,1.53399,1.53415,1.88,1.88
2013.08.26 14:37:34.524,1.53399,1.53414,2.63,1.50
2013.08.26 14:37:35.062,1.53399,1.53414,3.38,1.50
2013.08.26 14:37:35.822,1.53399,1.53414,2.25,1.88
2013.08.26 14:37:35.942,1.53399,1.53414,2.25,1.88
2013.08.26 14:37:36.623,1.53399,1.53414,2.25,1.88
2013.08.26 14:37:36.863,1.53399,1.53414,2.25,1.88
2013.08.26 14:37:37.043,1.53399,1.53414,2.25,1.88
2013.08.26 14:37:37.593,1.53399,1.53414,2.25,1.13
2013.08.26 14:37:38.143,1.53399,1.53414,2.25,1.13
2013.08.26 14:37:40.053,1.53401,1.53414,1.13,1.13
2013.08.26 14:37:41.372,1.53401,1.53415,1.50,1.13
2013.08.26 14:37:41.793,1.53404,1.53416,1.13,1.13
2013.08.26 14:37:41.913,1.53404,1.53416,1.13,1.13
2013.08.26 14:37:45.332,1.53404,1.53418,1.13,1.88
2013.08.26 14:37:46.146,1.53404,1.53418,1.13,2.25
2013.08.26 14:37:47.062,1.53404,1.53418,1.13,2.25
2013.08.26 14:37:47.741,1.53399,1.53412,1.13,1.88
2013.08.26 14:37:48.043,1.53395,1.5341,1.13,1.88
2013.08.26 14:37:48.342,1.53394,1.5341,2.63,1.13
2013.08.26 14:37:48.403,1.53394,1.5341,2.25,1.13
2013.08.26 14:37:48.463,1.53394,1.53409,1.13,1.50
2013.08.26 14:37:48.822,1.53396,1.5341,1.13,1.13
2013.08.26 14:37:50.763,1.534,1.53409,1.13,1.13
2013.08.26 14:37:51.302,1.53399,1.53417,3.75,2.25
2013.08.26 14:37:51.604,1.53405,1.5342,1.13,1.88
2013.08.26 14:37:51.664,1.53408,1.53421,1.88,1.13
2013.08.26 14:37:52.236,1.53408,1.53423,1.88,1.13
2013.08.26 14:37:53.803,1.53408,1.5342,1.13,1.13
2013.08.26 14:37:53.864,1.53407,1.53419,1.13,1.13
2013.08.26 14:37:55.145,1.53409,1.53417,1.13,1.13
2013.08.26 14:37:55.205,1.53409,1.53419,1.50,1.88
2013.08.26 14:37:55.263,1.53409,1.53419,1.88,1.88
2013.08.26 14:37:55.743,1.53409,1.53419,1.13,1.13
2013.08.26 14:37:56.102,1.53408,1.53417,1.13,1.13
2013.08.26 14:37:56.675,1.53402,1.53416,1.13,1.50
2013.08.26 14:37:56.856,1.53398,1.53413,1.32,1.88
2013.08.26 14:37:56.983,1.53397,1.53412,1.69,1.13
2013.08.26 14:37:57.043,1.53398,1.53414,1.32,1.13
2013.08.26 14:37:57.343,1.53409,1.53418,1.13,1.13
2013.08.26 14:37:57.463,1.53409,1.53422,1.13,3.00
2013.08.26 14:37:57.702,1.53409,1.53422,1.13,2.25
2013.08.26 14:37:58.314,1.53409,1.53422,1.13,3.00
2013.08.26 14:37:58.522,1.53409,1.53421,1.13,1.13
2013.08.26 14:38:03.170,1.53409,1.53423,1.50,1.13
2013.08.26 14:38:03.235,1.53409,1.53423,2.25,1.13
2013.08.26 14:38:03.353,1.53409,1.53423,2.25,1.13
2013.08.26 14:38:03.792,1.53409,1.53423,2.25,1.13
2013.08.26 14:38:04.101,1.53409,1.53423,1.50,1.50
2013.08.26 14:38:04.226,1.53409,1.53423,1.50,1.88
2013.08.26 14:38:04.543,1.53409,1.53422,1.13,1.13
2013.08.26 14:38:07.333,1.53411,1.53422,1.13,1.13
2013.08.26 14:38:07.394,1.53412,1.53426,1.69,4.88
2013.08.26 14:38:07.453,1.53413,1.53426,1.50,1.88
2013.08.26 14:38:07.514,1.53414,1.53429,1.13,2.25
2013.08.26 14:38:07.573,1.53414,1.53431,2.63,4.13
2013.08.26 14:38:08.084,1.53418,1.53431,1.13,1.13
2013.08.26 14:38:08.622,1.53419,1.53431,1.13,1.13
2013.08.26 14:38:08.744,1.53417,1.53431,1.13,1.50
2013.08.26 14:38:08.923,1.53414,1.53426,2.25,1.13
2013.08.26 14:38:08.983,1.53413,1.53426,1.88,1.50
2013.08.26 14:38:09.983,1.53412,1.53427,2.25,1.88
2013.08.26 14:38:10.274,1.53414,1.53427,1.13,1.88
2013.08.26 14:38:10.392,1.53416,1.53429,1.50,1.50
2013.08.26 14:38:10.513,1.53416,1.5343,1.88,1.13
2013.08.26 14:38:11.141,1.53416,1.53431,1.88,1.88
2013.08.26 14:38:11.743,1.53418,1.53431,1.13,1.50
2013.08.26 14:38:12.259,1.5342,1.53431,1.13,1.50
2013.08.26 14:38:12.812,1.53418,1.53431,1.13,1.50
2013.08.26 14:38:13.053,1.53415,1.53429,1.13,1.13
2013.08.26 14:38:13.583,1.53414,1.53429,1.50,1.13
2013.08.26 14:38:14.552,1.53414,1.53429,2.25,2.25
2013.08.26 14:38:16.892,1.53415,1.53429,1.13,1.13
2013.08.26 14:38:17.290,1.53415,1.53431,1.13,3.00
2013.08.26 14:38:20.857,1.53415,1.5343,1.13,1.13
2013.08.26 14:38:20.983,1.53415,1.53431,1.50,2.25
2013.08.26 14:38:21.525,1.53418,1.53432,1.13,1.88
2013.08.26 14:38:22.515,1.53416,1.53431,1.50,2.25
2013.08.26 14:38:22.883,1.53418,1.53431,1.50,2.25
2013.08.26 14:38:23.243,1.53426,1.53438,1.13,2.63
2013.08.26 14:38:23.905,1.53424,1.53438,3.00,2.63
2013.08.26 14:38:23.965,1.53424,1.53441,3.00,2.63
2013.08.26 14:38:24.273,1.53428,1.53441,1.13,1.88
2013.08.26 14:38:24.823,1.53426,1.53441,1.13,1.88
2013.08.26 14:38:25.692,1.53429,1.53442,1.13,1.50
2013.08.26 14:38:26.215,1.53429,1.53443,1.13,1.88
2013.08.26 14:38:29.593,1.53429,1.53444,2.25,1.88
2013.08.26 14:38:29.652,1.53429,1.53444,2.25,1.50
2013.08.26 14:38:30.012,1.53429,1.53443,2.25,1.13
2013.08.26 14:38:30.313,1.53429,1.53442,1.88,1.13
2013.08.26 14:38:31.623,1.53429,1.53441,1.50,1.13
2013.08.26 14:38:31.982,1.53429,1.53442,2.63,1.13
2013.08.26 14:38:32.525,1.53429,1.53443,1.50,1.88
2013.08.26 14:38:32.832,1.53428,1.53441,1.13,1.88
2013.08.26 14:38:34.802,1.53426,1.53441,1.88,1.88
2013.08.26 14:38:35.774,1.53426,1.5344,1.88,1.13
2013.08.26 14:38:35.892,1.53426,1.5344,1.50,1.13
2013.08.26 14:38:36.472,1.53426,1.5344,1.50,1.13
2013.08.26 14:38:37.472,1.53423,1.53437,1.88,1.13
2013.08.26 14:38:38.149,1.53424,1.53437,1.50,1.13
2013.08.26 14:38:38.536,1.53421,1.53436,1.32,1.88
2013.08.26 14:38:38.605,1.53424,1.53436,1.13,1.13
2013.08.26 14:38:52.973,1.53424,1.53437,2.63,1.13
2013.08.26 14:38:53.485,1.53426,1.53441,1.50,2.63
2013.08.26 14:38:54.042,1.53427,1.53441,1.50,1.88
2013.08.26 14:38:55.377,1.53427,1.53441,1.50,1.88
2013.08.26 14:38:56.432,1.53425,1.53437,1.13,1.13
2013.08.26 14:38:56.492,1.53425,1.53437,1.13,1.13
2013.08.26 14:38:58.983,1.53423,1.53436,1.88,1.13
2013.08.26 14:38:59.547,1.53422,1.53436,1.13,1.88
2013.08.26 14:39:00.583,1.53422,1.53436,1.50,1.50
2013.08.26 14:39:01.583,1.53424,1.53436,1.13,1.50
2013.08.26 14:39:02.403,1.53424,1.53436,1.13,1.50
2013.08.26 14:39:02.467,1.53424,1.53437,1.88,2.63
2013.08.26 14:39:02.592,1.53424,1.53436,1.13,1.50
2013.08.26 14:39:02.772,1.53422,1.53436,1.50,1.50
2013.08.26 14:39:04.412,1.53422,1.53436,1.88,1.13
2013.08.26 14:39:08.312,1.53422,1.53436,1.13,1.13
2013.08.26 14:39:08.374,1.5342,1.53434,1.13,1.88
2013.08.26 14:39:08.493,1.53422,1.53436,1.13,2.63
2013.08.26 14:39:09.573,1.53422,1.53436,1.88,1.88
2013.08.26 14:39:22.095,1.53423,1.53436,1.88,1.13
2013.08.26 14:39:22.272,1.53423,1.53438,2.25,1.88
2013.08.26 14:39:23.332,1.53424,1.53436,1.50,1.13
2013.08.26 14:39:24.124,1.53424,1.53436,1.50,1.13
2013.08.26 14:39:26.633,1.53423,1.53436,1.13,1.13
2013.08.26 14:39:27.494,1.53421,1.53436,1.50,1.13
2013.08.26 14:39:32.153,1.53422,1.53436,1.13,1.88
2013.08.26 14:39:42.087,1.53422,1.53435,1.50,1.13
2013.08.26 14:39:43.734,1.53422,1.53436,1.13,1.50
2013.08.26 14:39:44.755,1.53422,1.53436,2.63,1.50
2013.08.26 14:39:50.483,1.53423,1.53437,1.50,1.13
2013.08.26 14:39:50.544,1.53424,1.53437,1.13,1.13
2013.08.26 14:39:50.724,1.53422,1.53437,1.88,1.13
2013.08.26 14:39:54.473,1.53422,1.53435,1.13,1.13
2013.08.26 14:39:55.043,1.53423,1.53435,1.50,1.13
2013.08.26 14:39:55.600,1.53422,1.53435,1.88,1.13
2013.08.26 14:39:59.084,1.53424,1.53435,1.50,1.13
2013.08.26 14:40:00.713,1.53422,1.53435,1.13,1.13
2013.08.26 14:40:02.253,1.53422,1.53435,1.13,1.50
2013.08.26 14:40:04.373,1.53422,1.53435,1.50,1.50
2013.08.26 14:40:04.733,1.53427,1.53441,1.50,2.07
2013.08.26 14:40:05.033,1.53427,1.53439,1.50,1.32
2013.08.26 14:40:05.102,1.53427,1.53439,1.50,1.32
2013.08.26 14:40:05.793,1.53427,1.53441,1.13,1.32
2013.08.26 14:40:06.093,1.53428,1.53441,1.13,1.13
2013.08.26 14:40:06.213,1.53427,1.53441,1.88,1.13
2013.08.26 14:40:06.275,1.53427,1.53441,1.50,1.13
2013.08.26 14:40:06.452,1.53427,1.53441,1.88,1.13
2013.08.26 14:40:06.994,1.53427,1.53441,1.88,1.13
2013.08.26 14:40:07.467,1.53427,1.53441,2.25,1.13
2013.08.26 14:40:07.533,1.53428,1.53441,1.13,1.13
2013.08.26 14:40:08.092,1.53427,1.53441,1.88,1.13
2013.08.26 14:40:08.213,1.53429,1.53444,3.00,1.88
2013.08.26 14:40:08.333,1.5343,1.53444,2.25,1.13
2013.08.26 14:40:08.872,1.53431,1.53446,1.13,2.07
2013.08.26 14:40:09.443,1.53431,1.53446,1.13,2.07
2013.08.26 14:40:09.683,1.53432,1.53446,1.50,2.07
2013.08.26 14:40:11.642,1.53435,1.53446,1.13,2.07
2013.08.26 14:40:13.213,1.53435,1.53446,1.13,2.07
2013.08.26 14:40:13.573,1.53443,1.53452,1.50,1.32
2013.08.26 14:40:13.693,1.53442,1.53452,1.88,1.13
2013.08.26 14:40:13.813,1.5344,1.53452,1.88,1.13
2013.08.26 14:40:14.359,1.53443,1.53452,1.50,1.13
2013.08.26 14:40:14.685,1.53443,1.53456,1.13,1.13
2013.08.26 14:40:17.273,1.53443,1.53456,2.63,1.13
2013.08.26 14:40:17.713,1.53443,1.53454,2.25,1.32
2013.08.26 14:40:18.015,1.53439,1.53451,1.50,1.32
2013.08.26 14:40:18.074,1.53438,1.53451,1.50,1.32
2013.08.26 14:40:18.642,1.53436,1.53451,1.13,1.32
2013.08.26 14:40:19.978,1.53438,1.53451,1.50,1.32
2013.08.26 14:40:20.322,1.53438,1.53451,1.50,1.69
2013.08.26 14:40:26.263,1.53438,1.53451,1.13,1.69
2013.08.26 14:40:26.442,1.53438,1.53451,1.88,1.69
2013.08.26 14:40:27.272,1.53438,1.53451,1.50,1.50
2013.08.26 14:40:27.423,1.53438,1.53451,1.50,1.50
2013.08.26 14:40:28.764,1.53438,1.53451,1.50,1.50
2013.08.26 14:40:30.553,1.53436,1.53449,1.13,1.32
2013.08.26 14:40:32.184,1.53438,1.5345,1.13,1.32
2013.08.26 14:40:33.113,1.53439,1.5345,1.13,1.32
2013.08.26 14:40:36.273,1.53439,1.53451,1.13,3.19
2013.08.26 14:40:38.593,1.53439,1.53451,1.88,1.32
2013.08.26 14:40:38.894,1.5344,1.53451,1.50,1.32
2013.08.26 14:40:41.752,1.53439,1.53451,1.88,1.32
2013.08.26 14:40:50.683,1.5344,1.53452,1.50,1.13
2013.08.26 14:40:50.802,1.5344,1.53452,1.13,1.13
2013.08.26 14:40:54.233,1.5344,1.53452,1.13,1.13
2013.08.26 14:40:56.463,1.5344,1.53454,1.13,1.50
2013.08.26 14:40:57.332,1.5344,1.53455,1.13,1.50
2013.08.26 14:40:57.693,1.5344,1.53455,1.50,2.44
2013.08.26 14:40:59.004,1.5344,1.53452,1.13,1.13
2013.08.26 14:40:59.424,1.53438,1.5345,1.13,1.13
2013.08.26 14:40:59.603,1.53434,1.5345,2.82,1.13
2013.08.26 14:40:59.663,1.53434,1.5345,2.82,1.13
2013.08.26 14:41:00.483,1.53435,1.5345,1.13,1.13
2013.08.26 14:41:00.543,1.53438,1.53451,1.50,3.00
2013.08.26 14:41:00.663,1.5344,1.53451,1.50,1.50
2013.08.26 14:41:01.083,1.53441,1.53454,2.25,1.13
2013.08.26 14:41:01.444,1.53444,1.53456,1.50,1.50
2013.08.26 14:41:01.953,1.53444,1.53456,1.50,1.50
2013.08.26 14:41:02.433,1.53444,1.53456,1.13,1.50
2013.08.26 14:41:02.747,1.53444,1.53458,1.13,2.07
2013.08.26 14:41:03.056,1.53434,1.53441,1.13,1.13
2013.08.26 14:41:03.116,1.53432,1.53441,1.13,1.13
2013.08.26 14:41:03.186,1.53432,1.53442,1.13,1.13
2013.08.26 14:41:03.304,1.53432,1.53441,1.13,1.13
2013.08.26 14:41:03.735,1.53431,1.53441,2.63,1.13
2013.08.26 14:41:03.975,1.53436,1.53448,1.13,2.44
2013.08.26 14:41:04.035,1.53437,1.53451,1.13,2.07
2013.08.26 14:41:04.094,1.53439,1.53451,1.13,2.07
2013.08.26 14:41:04.217,1.5344,1.53452,1.50,1.50
2013.08.26 14:41:04.348,1.53439,1.53452,1.88,1.13
2013.08.26 14:41:04.593,1.5344,1.53453,1.13,1.13
2013.08.26 14:41:05.013,1.53437,1.53451,2.25,1.13
2013.08.26 14:41:05.583,1.53437,1.53448,2.25,1.88
2013.08.26 14:41:05.703,1.53433,1.53446,1.50,1.88
2013.08.26 14:41:05.762,1.53431,1.53441,1.88,2.25
2013.08.26 14:41:05.823,1.53422,1.53438,1.88,1.69
2013.08.26 14:41:06.123,1.53421,1.53438,1.13,1.69
2013.08.26 14:41:06.183,1.53422,1.53438,1.13,1.69
2013.08.26 14:41:06.722,1.53424,1.53441,1.50,2.44
2013.08.26 14:41:13.732,1.53424,1.53439,1.50,1.50
2013.08.26 14:41:13.852,1.53424,1.53439,1.50,1.50
2013.08.26 14:41:14.193,1.53424,1.53439,1.50,2.25
2013.08.26 14:41:15.633,1.53424,1.53437,1.50,1.13
2013.08.26 14:41:18.236,1.53424,1.53437,1.50,1.13
2013.08.26 14:41:18.363,1.5342,1.53433,1.88,1.13
2013.08.26 14:41:18.605,1.5342,1.5343,1.13,1.88
2013.08.26 14:41:18.665,1.53418,1.5343,1.13,1.13
2013.08.26 14:41:18.723,1.53418,1.5343,1.13,1.13
2013.08.26 14:41:18.783,1.53416,1.5343,1.13,1.50
2013.08.26 14:41:18.964,1.53416,1.5343,1.13,1.50
2013.08.26 14:41:19.523,1.53414,1.5343,2.25,1.50
2013.08.26 14:41:20.223,1.53415,1.5343,1.13,1.50
2013.08.26 14:41:21.563,1.53417,1.5343,1.13,1.13
2013.08.26 14:41:22.105,1.53417,1.5343,1.13,1.50
2013.08.26 14:41:22.413,1.53417,1.5343,1.13,2.25
2013.08.26 14:41:22.919,1.53417,1.5343,1.13,2.25
2013.08.26 14:41:23.793,1.53417,1.5343,1.13,1.50
2013.08.26 14:41:23.973,1.53415,1.5343,1.13,1.88
2013.08.26 14:41:24.497,1.53415,1.53429,1.13,1.13
2013.08.26 14:41:25.115,1.53415,1.53429,1.50,1.13
2013.08.26 14:41:25.295,1.53417,1.53429,1.50,1.88
2013.08.26 14:41:25.832,1.53418,1.53431,1.13,1.50
2013.08.26 14:41:28.443,1.53419,1.53431,1.13,1.50
2013.08.26 14:41:33.288,1.53417,1.53429,1.13,1.50
2013.08.26 14:41:33.426,1.53417,1.5343,1.13,1.13
2013.08.26 14:41:39.674,1.53417,1.5343,1.50,1.13
2013.08.26 14:41:39.975,1.53421,1.53433,1.13,1.13
2013.08.26 14:41:40.603,1.53419,1.53433,1.50,2.63
2013.08.26 14:41:41.743,1.53418,1.53431,1.13,1.88
2013.08.26 14:41:41.863,1.53418,1.5343,1.13,1.13
2013.08.26 14:41:42.105,1.53418,1.5343,1.13,1.13
2013.08.26 14:41:45.644,1.53418,1.53431,1.88,1.13
2013.08.26 14:41:45.903,1.53421,1.53434,1.13,1.13
2013.08.26 14:41:45.963,1.53422,1.53435,1.13,1.13
2013.08.26 14:41:46.503,1.53421,1.53436,1.88,2.63
2013.08.26 14:41:48.564,1.53423,1.53436,1.13,1.88
2013.08.26 14:41:48.865,1.5342,1.53434,1.50,1.50
2013.08.26 14:41:49.224,1.53422,1.53434,4.09,1.13
2013.08.26 14:41:49.344,1.53429,1.53437,1.13,1.13
2013.08.26 14:41:49.403,1.5343,1.53438,1.50,1.50
2013.08.26 14:41:49.943,1.5343,1.53441,1.88,1.50
2013.08.26 14:41:51.303,1.5343,1.53441,1.88,1.50
2013.08.26 14:41:51.783,1.53432,1.53446,1.13,1.50
2013.08.26 14:41:51.904,1.53433,1.53446,1.13,1.50
2013.08.26 14:41:55.543,1.53433,1.53446,1.88,1.50
2013.08.26 14:41:55.604,1.53436,1.53446,1.13,1.50
2013.08.26 14:41:55.723,1.53436,1.5345,1.88,1.13
2013.08.26 14:41:55.783,1.53437,1.53451,1.13,1.88
2013.08.26 14:41:55.844,1.53437,1.53451,1.13,1.88
2013.08.26 14:41:56.387,1.53438,1.53451,1.13,1.88
2013.08.26 14:41:56.635,1.53438,1.53451,1.13,1.88
2013.08.26 14:41:56.937,1.53428,1.53437,1.50,1.13
2013.08.26 14:41:57.004,1.53424,1.5344,2.33,3.00
2013.08.26 14:41:57.063,1.53424,1.53439,1.50,1.13
2013.08.26 14:41:57.483,1.53424,1.5344,1.50,2.63
2013.08.26 14:41:57.905,1.53424,1.53441,2.25,3.00
2013.08.26 14:41:57.974,1.53427,1.53441,1.13,1.50
2013.08.26 14:42:00.194,1.53427,1.53441,1.13,1.50
2013.08.26 14:42:00.806,1.53427,1.53441,1.13,1.50
2013.08.26 14:42:01.464,1.53426,1.53442,1.13,1.88
2013.08.26 14:42:02.003,1.53426,1.53442,1.88,1.88
2013.08.26 14:42:02.588,1.53426,1.53441,1.13,1.50
2013.08.26 14:42:05.573,1.53426,1.53441,1.13,1.50
2013.08.26 14:42:06.104,1.53428,1.53442,1.13,1.50
2013.08.26 14:42:11.334,1.53428,1.53441,1.13,1.13
2013.08.26 14:42:11.755,1.53424,1.53438,1.50,1.13
2013.08.26 14:42:11.899,1.53424,1.53438,1.50,1.13
2013.08.26 14:42:12.203,1.53429,1.5344,1.13,1.50
2013.08.26 14:42:12.323,1.53429,1.5344,1.13,1.50
2013.08.26 14:42:12.502,1.53429,1.5344,1.13,1.50
2013.08.26 14:42:14.175,1.53429,1.5344,1.13,1.50
2013.08.26 14:42:14.236,1.53426,1.53439,1.13,1.50
2013.08.26 14:42:14.367,1.53429,1.5344,1.13,1.88
2013.08.26 14:42:14.887,1.53429,1.53442,1.13,1.88
2013.08.26 14:42:15.393,1.53429,1.53442,1.13,1.88
2013.08.26 14:42:15.992,1.53429,1.53442,1.13,1.88
2013.08.26 14:42:19.505,1.53431,1.53442,1.13,1.88
2013.08.26 14:42:19.624,1.53434,1.53442,1.32,1.13
2013.08.26 14:42:19.684,1.53436,1.53442,1.13,1.13
2013.08.26 14:42:19.803,1.5344,1.53457,1.50,2.25
2013.08.26 14:42:19.863,1.53441,1.53457,1.13,3.00
2013.08.26 14:42:19.925,1.53441,1.53457,1.13,3.00
2013.08.26 14:42:21.953,1.53445,1.53457,1.50,1.50
2013.08.26 14:42:24.553,1.53445,1.53459,1.13,1.50
2013.08.26 14:42:24.794,1.53444,1.53458,1.50,1.50
2013.08.26 14:42:33.397,1.53443,1.53453,1.13,1.13
2013.08.26 14:42:33.526,1.5344,1.53451,1.13,2.63
2013.08.26 14:42:33.588,1.5344,1.5345,1.13,1.50
2013.08.26 14:42:33.773,1.53434,1.53451,1.69,2.63
2013.08.26 14:42:33.955,1.53434,1.53451,1.50,3.00
2013.08.26 14:42:34.263,1.53434,1.5345,1.13,1.13
2013.08.26 14:42:34.324,1.53434,1.53451,1.50,3.00
2013.08.26 14:42:34.565,1.53434,1.53451,1.50,3.38
2013.08.26 14:42:34.981,1.53435,1.53446,1.13,1.05
2013.08.26 14:42:35.047,1.53435,1.53451,1.88,1.50
2013.08.26 14:42:35.174,1.53437,1.53451,1.13,1.50
2013.08.26 14:42:35.533,1.53434,1.53451,2.63,2.25
2013.08.26 14:42:35.653,1.53434,1.53448,1.50,1.95
2013.08.26 14:42:35.894,1.53435,1.5345,1.50,1.50
2013.08.26 14:42:36.133,1.53435,1.53451,1.88,2.25
2013.08.26 14:42:36.554,1.53435,1.53449,1.50,2.18
2013.08.26 14:42:40.063,1.53435,1.53451,1.88,3.00
2013.08.26 14:42:41.827,1.53434,1.53448,1.13,1.50
2013.08.26 14:42:41.954,1.53434,1.5345,1.13,2.25
2013.08.26 14:42:42.014,1.53434,1.53449,1.13,1.13
2013.08.26 14:42:42.373,1.53433,1.53448,1.88,1.13
2013.08.26 14:42:43.294,1.53433,1.53448,2.25,1.13
2013.08.26 14:42:43.473,1.53433,1.53448,2.25,1.13
2013.08.26 14:42:43.594,1.53433,1.53448,1.50,1.13
2013.08.26 14:42:43.954,1.53432,1.53445,1.13,1.50
2013.08.26 14:42:44.255,1.53425,1.5344,1.88,1.50
2013.08.26 14:42:44.373,1.53424,1.53441,1.13,1.69
2013.08.26 14:42:44.912,1.5342,1.53437,1.88,1.13
2013.08.26 14:42:45.493,1.53419,1.53437,1.88,1.50
2013.08.26 14:42:45.553,1.53419,1.53437,1.50,1.88
2013.08.26 14:42:45.673,1.53419,1.53434,1.50,1.13
2013.08.26 14:42:45.853,1.53417,1.53433,1.88,1.50
2013.08.26 14:42:46.033,1.53415,1.53432,1.13,1.50
2013.08.26 14:42:46.335,1.53421,1.53434,1.50,1.13
2013.08.26 14:42:46.515,1.53423,1.53438,1.50,1.13
2013.08.26 14:42:48.073,1.53419,1.53434,1.50,2.40
2013.08.26 14:42:49.378,1.53423,1.53438,2.63,1.88
2013.08.26 14:42:49.445,1.53425,1.5344,2.25,2.25
2013.08.26 14:42:49.746,1.53425,1.5344,1.50,2.48
2013.08.26 14:42:49.875,1.53428,1.53441,1.88,1.88
2013.08.26 14:42:50.053,1.53427,1.5344,1.50,1.50
2013.08.26 14:42:50.414,1.53426,1.5344,1.50,1.50
2013.08.26 14:42:52.746,1.53428,1.5344,1.88,1.13
2013.08.26 14:42:53.043,1.53427,1.53443,3.75,2.03
2013.08.26 14:42:53.164,1.53429,1.53445,1.13,2.44
2013.08.26 14:42:53.285,1.53427,1.53439,1.50,1.88
2013.08.26 14:42:53.344,1.53427,1.53443,1.88,1.88
2013.08.26 14:42:54.644,1.53429,1.53441,1.50,1.13
2013.08.26 14:42:55.274,1.53429,1.53442,1.88,1.88
2013.08.26 14:42:56.483,1.53427,1.53441,1.88,1.13
2013.08.26 14:42:56.903,1.53424,1.53438,2.63,1.80
2013.08.26 14:42:57.213,1.53426,1.53443,1.50,1.88
2013.08.26 14:42:57.694,1.53425,1.53439,1.88,2.10
2013.08.26 14:42:58.023,1.53427,1.53447,1.88,2.07
2013.08.26 14:42:58.083,1.53428,1.53447,1.13,1.69
2013.08.26 14:42:59.422,1.53428,1.53447,1.50,2.07
2013.08.26 14:42:59.603,1.53432,1.53448,1.13,1.32
2013.08.26 14:43:00.154,1.53429,1.53445,2.25,1.50
2013.08.26 14:43:00.215,1.53429,1.53445,1.50,1.88
2013.08.26 14:43:00.634,1.53428,1.53441,1.13,1.13
2013.08.26 14:43:02.493,1.53428,1.53442,1.88,1.13
2013.08.26 14:43:05.913,1.53428,1.5344,1.13,1.13
2013.08.26 14:43:06.175,1.53428,1.53442,1.88,1.13
2013.08.26 14:43:06.235,1.53428,1.53442,1.88,1.13
2013.08.26 14:43:08.562,1.53428,1.53442,1.88,1.50
2013.08.26 14:43:08.742,1.53428,1.53442,1.88,1.50
2013.08.26 14:43:13.163,1.53427,1.53439,1.50,1.13
2013.08.26 14:43:13.403,1.53429,1.53442,1.50,1.13
2013.08.26 14:43:14.422,1.53429,1.53442,1.50,1.13
2013.08.26 14:43:15.914,1.53429,1.53439,1.50,1.13
2013.08.26 14:43:16.683,1.53429,1.53442,3.00,1.13
2013.08.26 14:43:18.143,1.53429,1.53442,3.00,1.13
2013.08.26 14:43:18.504,1.53427,1.5344,1.88,1.13
2013.08.26 14:43:18.564,1.53427,1.5344,1.13,1.13
2013.08.26 14:43:20.419,1.53425,1.53434,1.50,1.13
2013.08.26 14:43:26.746,1.53425,1.5344,2.25,1.50
2013.08.26 14:43:27.293,1.53422,1.53434,1.13,1.13
2013.08.26 14:43:28.735,1.53425,1.53436,1.50,1.13
2013.08.26 14:43:28.854,1.53426,1.53437,1.13,1.13
2013.08.26 14:43:28.914,1.53425,1.53436,1.50,1.13
2013.08.26 14:43:29.034,1.53424,1.53436,1.88,1.13
2013.08.26 14:43:29.336,1.53424,1.53436,1.88,1.50
2013.08.26 14:43:29.704,1.53421,1.53431,2.63,1.13
2013.08.26 14:43:29.764,1.5342,1.53431,1.50,1.13
2013.08.26 14:43:29.824,1.53417,1.53427,2.63,1.13
2013.08.26 14:43:29.944,1.53418,1.53431,1.88,1.13
2013.08.26 14:43:30.004,1.53418,1.53431,2.25,1.13
2013.08.26 14:43:30.243,1.53419,1.53433,1.88,1.13
2013.08.26 14:43:30.544,1.53417,1.53429,1.13,1.13
2013.08.26 14:43:30.663,1.53419,1.53433,1.13,1.13
2013.08.26 14:43:30.783,1.53417,1.53427,1.13,1.13
2013.08.26 14:43:32.184,1.53419,1.53433,1.88,1.32
2013.08.26 14:43:33.075,1.53419,1.53427,1.88,1.13
2013.08.26 14:43:33.194,1.53419,1.53434,3.00,1.13
2013.08.26 14:43:33.254,1.53422,1.53435,1.13,1.50
2013.08.26 14:43:33.313,1.5342,1.53427,1.13,1.13
2013.08.26 14:43:33.434,1.53422,1.53429,1.13,1.13
2013.08.26 14:43:33.673,1.53422,1.53434,1.88,1.13
2013.08.26 14:43:33.975,1.5342,1.5343,1.13,1.13
2013.08.26 14:43:34.513,1.53421,1.53431,1.13,1.13
2013.08.26 14:43:34.886,1.53422,1.53434,1.13,1.13
2013.08.26 14:43:35.724,1.5342,1.53429,1.13,1.13
2013.08.26 14:43:35.963,1.5342,1.53429,1.13,1.13
2013.08.26 14:43:37.474,1.53421,1.53434,1.13,1.13
2013.08.26 14:43:37.917,1.53422,1.53434,1.50,1.13
2013.08.26 14:43:37.985,1.53422,1.53433,1.50,1.13
2013.08.26 14:43:38.045,1.53426,1.53434,1.50,1.13
2013.08.26 14:43:38.165,1.53428,1.53441,1.13,2.25
2013.08.26 14:43:38.703,1.53429,1.53444,1.13,2.07
2013.08.26 14:43:40.243,1.53429,1.53444,1.88,2.07
2013.08.26 14:43:41.694,1.53432,1.53444,1.13,1.32
2013.08.26 14:43:49.153,1.53432,1.53441,1.13,1.13
2013.08.26 14:43:49.393,1.5343,1.53441,1.13,1.13
2013.08.26 14:43:49.453,1.53429,1.53441,1.50,1.13
2013.08.26 14:43:50.744,1.53429,1.53441,1.88,1.13
2013.08.26 14:43:51.103,1.53434,1.53443,1.50,1.13
2013.08.26 14:43:51.993,1.53434,1.53444,1.50,1.88
2013.08.26 14:43:52.053,1.53437,1.53444,1.50,1.13
2013.08.26 14:43:52.113,1.53437,1.53446,1.50,1.88
2013.08.26 14:43:53.596,1.53437,1.53446,1.50,1.13
2013.08.26 14:43:55.273,1.53436,1.53446,1.13,1.13
2013.08.26 14:43:55.513,1.53435,1.53446,1.13,1.13
2013.08.26 14:43:55.573,1.53436,1.53446,1.50,1.13
2013.08.26 14:43:55.753,1.53434,1.53446,2.63,1.13
2013.08.26 14:43:55.814,1.53434,1.53447,2.63,1.13
2013.08.26 14:43:55.875,1.53434,1.53446,2.63,1.88
2013.08.26 14:43:56.234,1.53433,1.53446,1.13,1.88
2013.08.26 14:43:56.413,1.53433,1.53446,1.13,2.63
2013.08.26 14:43:56.734,1.53435,1.53446,1.13,1.88
2013.08.26 14:43:57.718,1.53435,1.53446,1.13,1.13
2013.08.26 14:43:57.967,1.53434,1.53446,1.50,1.88
2013.08.26 14:43:58.753,1.53435,1.53446,1.13,1.88
2013.08.26 14:44:00.233,1.53433,1.53446,1.50,1.88
2013.08.26 14:44:01.903,1.53434,1.53443,1.50,1.13
2013.08.26 14:44:02.133,1.53434,1.53449,1.50,2.07
2013.08.26 14:44:02.454,1.53432,1.53441,1.50,1.13
2013.08.26 14:44:02.757,1.53431,1.53441,1.50,1.32
2013.08.26 14:44:02.823,1.53429,1.53441,1.50,1.32
2013.08.26 14:44:03.004,1.53427,1.53438,1.13,1.13
2013.08.26 14:44:03.425,1.53426,1.53433,1.50,1.13
2013.08.26 14:44:03.483,1.53423,1.53433,1.50,1.13
2013.08.26 14:44:03.604,1.53425,1.53441,1.13,2.25
2013.08.26 14:44:03.731,1.53423,1.53433,1.50,1.13
2013.08.26 14:44:04.214,1.53425,1.53439,1.13,2.82
2013.08.26 14:44:04.455,1.53427,1.5344,1.50,1.92
2013.08.26 14:44:05.077,1.53425,1.53439,1.88,3.34
2013.08.26 14:44:05.443,1.53424,1.53441,1.88,2.82
2013.08.26 14:44:05.503,1.53424,1.53441,1.88,2.82
2013.08.26 14:44:05.804,1.53424,1.53437,1.50,1.84
2013.08.26 14:44:06.685,1.53424,1.53438,2.63,1.09
2013.08.26 14:44:06.744,1.53425,1.53441,1.88,2.07
2013.08.26 14:44:07.164,1.53426,1.53441,1.50,1.88
2013.08.26 14:44:07.223,1.53424,1.53439,2.25,2.93
2013.08.26 14:44:07.404,1.53426,1.53441,1.88,3.19
2013.08.26 14:44:07.463,1.53426,1.53441,1.88,3.38
2013.08.26 14:44:07.823,1.53423,1.53438,1.13,1.13
2013.08.26 14:44:08.503,1.53424,1.53436,1.13,1.69
2013.08.26 14:44:10.255,1.53425,1.53439,1.50,1.88
2013.08.26 14:44:10.313,1.53429,1.53439,1.13,1.88
2013.08.26 14:44:10.374,1.53429,1.53439,3.57,1.50
2013.08.26 14:44:10.793,1.5343,1.53444,1.50,1.13
2013.08.26 14:44:10.853,1.53432,1.53447,1.13,1.50
2013.08.26 14:44:12.074,1.5343,1.53444,1.50,1.13
2013.08.26 14:44:13.344,1.53427,1.53442,1.50,2.07
2013.08.26 14:44:13.960,1.53428,1.53441,1.50,1.32
2013.08.26 14:44:14.923,1.53428,1.53443,1.50,3.00
2013.08.26 14:44:15.543,1.53429,1.53443,1.13,2.44
2013.08.26 14:44:15.913,1.5343,1.53443,1.13,2.07
2013.08.26 14:44:15.973,1.53432,1.53443,1.50,1.50
2013.08.26 14:44:16.093,1.53433,1.53448,1.13,1.69
2013.08.26 14:44:16.213,1.53434,1.53448,1.13,1.69
2013.08.26 14:44:16.513,1.53435,1.53449,1.13,1.32
2013.08.26 14:44:16.753,1.53434,1.53449,1.88,1.32
2013.08.26 14:44:16.813,1.53434,1.53448,1.13,1.32
2013.08.26 14:44:17.233,1.53432,1.53445,1.13,1.69
2013.08.26 14:44:17.414,1.53429,1.53442,1.88,1.13
2013.08.26 14:44:17.715,1.53434,1.53443,1.13,1.13
2013.08.26 14:44:17.773,1.53436,1.53444,1.13,2.25
2013.08.26 14:44:18.014,1.53438,1.53449,1.50,1.32
2013.08.26 14:44:18.133,1.53436,1.53447,1.13,1.13
2013.08.26 14:44:18.683,1.53438,1.53451,1.88,1.32
2013.08.26 14:44:19.242,1.53438,1.53448,1.13,1.32
2013.08.26 14:44:19.765,1.53436,1.53446,1.13,1.13
2013.08.26 14:44:19.829,1.53434,1.53446,1.50,1.13
2013.08.26 14:44:19.965,1.53433,1.53446,1.13,1.13
2013.08.26 14:44:22.733,1.53433,1.53447,1.13,1.88
2013.08.26 14:44:22.804,1.53433,1.53446,1.13,1.50
2013.08.26 14:44:25.123,1.53433,1.53448,1.13,1.50
2013.08.26 14:44:25.578,1.53433,1.53446,1.13,1.50
2013.08.26 14:44:28.404,1.53433,1.53446,1.13,1.50
2013.08.26 14:44:29.336,1.53432,1.53445,1.13,2.25
2013.08.26 14:44:32.314,1.53429,1.53441,1.13,1.13
2013.08.26 14:44:32.373,1.53429,1.53441,1.13,1.13
2013.08.26 14:44:32.674,1.53421,1.53435,1.50,1.73
2013.08.26 14:44:32.974,1.53421,1.53437,1.13,2.44
2013.08.26 14:44:33.393,1.53421,1.53435,1.13,1.13
2013.08.26 14:44:33.514,1.53421,1.53435,1.13,1.13
2013.08.26 14:44:33.573,1.53421,1.53437,1.50,2.07
2013.08.26 14:44:33.633,1.53421,1.53437,1.50,1.88
2013.08.26 14:44:34.013,1.53422,1.53437,1.13,1.13
2013.08.26 14:44:35.005,1.53421,1.53435,2.25,1.13
2013.08.26 14:44:35.124,1.53421,1.53435,1.88,1.13
2013.08.26 14:44:35.663,1.53421,1.53435,1.13,1.13
2013.08.26 14:44:36.280,1.53421,1.53433,1.13,1.13
2013.08.26 14:44:37.613,1.53421,1.53433,1.13,1.13
2013.08.26 14:44:37.973,1.53424,1.53432,1.13,1.13
2013.08.26 14:44:38.609,1.53424,1.53432,1.13,1.50
2013.08.26 14:44:41.444,1.53422,1.53432,1.50,1.50
2013.08.26 14:44:41.643,1.53422,1.53433,1.50,1.50
2013.08.26 14:44:45.494,1.53424,1.53433,1.13,1.50
2013.08.26 14:44:45.734,1.53425,1.53439,1.13,1.13
2013.08.26 14:44:46.405,1.53426,1.5344,1.13,1.13
2013.08.26 14:44:46.733,1.53426,1.53439,1.13,1.13
2013.08.26 14:44:48.294,1.53429,1.53438,1.13,1.13
2013.08.26 14:44:48.607,1.53437,1.53449,1.13,1.50
2013.08.26 14:44:48.674,1.53437,1.53451,1.50,1.88
2013.08.26 14:44:48.735,1.53437,1.53451,1.50,1.13
2013.08.26 14:44:48.854,1.53442,1.53453,1.50,1.13
2013.08.26 14:44:49.214,1.53447,1.53456,2.25,1.50
2013.08.26 14:44:49.274,1.53448,1.53463,1.50,1.88
2013.08.26 14:44:49.574,1.53448,1.53462,1.50,1.13
2013.08.26 14:44:49.873,1.53449,1.5346,1.50,1.13
2013.08.26 14:44:50.235,1.53448,1.53456,1.13,2.25
2013.08.26 14:44:50.593,1.53443,1.53454,1.13,1.50
2013.08.26 14:44:50.654,1.53443,1.53455,1.13,1.13
2013.08.26 14:44:51.173,1.53442,1.53454,1.13,1.13
2013.08.26 14:44:51.674,1.53442,1.53454,1.13,1.88
2013.08.26 14:44:52.593,1.53443,1.53454,1.13,1.13
2013.08.26 14:44:53.884,1.53439,1.53452,3.00,1.13
2013.08.26 14:44:54.063,1.53445,1.5346,1.50,1.88
2013.08.26 14:44:54.363,1.53444,1.53456,1.50,1.88
2013.08.26 14:44:54.544,1.53447,1.53456,1.13,1.50
2013.08.26 14:44:54.663,1.53447,1.53457,1.13,1.13
2013.08.26 14:44:55.974,1.53447,1.53456,1.50,1.13
2013.08.26 14:44:57.173,1.53444,1.53459,2.25,1.88
2013.08.26 14:44:58.278,1.53448,1.53461,1.13,1.50
2013.08.26 14:44:58.349,1.53445,1.5346,2.25,2.52
2013.08.26 14:44:59.483,1.53448,1.53461,1.13,1.50
2013.08.26 14:44:59.722,1.53448,1.53461,1.13,1.50
2013.08.26 14:45:00.059,1.53448,1.53461,1.13,1.50
2013.08.26 14:45:00.186,1.53448,1.53461,1.13,1.50
2013.08.26 14:45:00.365,1.53448,1.53461,2.25,1.50
2013.08.26 14:45:00.666,1.53451,1.53463,1.13,1.13
2013.08.26 14:45:01.155,1.53453,1.53465,1.13,1.69
2013.08.26 14:45:01.217,1.53454,1.53467,1.50,2.44
2013.08.26 14:45:01.283,1.53454,1.53466,1.50,1.50
2013.08.26 14:45:01.463,1.53454,1.53468,1.13,1.50
2013.08.26 14:45:02.723,1.53451,1.53465,1.50,1.50
2013.08.26 14:45:02.783,1.53451,1.53465,1.13,1.50
2013.08.26 14:45:02.903,1.53452,1.53465,1.13,2.25
2013.08.26 14:45:02.963,1.5345,1.53465,2.63,2.25
2013.08.26 14:45:03.024,1.53452,1.53465,1.13,1.50
2013.08.26 14:45:03.263,1.53451,1.53465,1.50,1.50
2013.08.26 14:45:04.043,1.53452,1.53466,1.13,2.07
2013.08.26 14:45:04.473,1.53452,1.53465,1.13,1.69
2013.08.26 14:45:04.703,1.53452,1.53466,1.13,2.07
2013.08.26 14:45:05.653,1.53454,1.53468,1.13,1.13
2013.08.26 14:45:05.714,1.53454,1.53469,1.50,1.88
2013.08.26 14:45:06.181,1.53454,1.53468,1.50,1.50
2013.08.26 14:45:06.663,1.53453,1.53468,2.25,1.50
2013.08.26 14:45:06.853,1.53454,1.53468,1.50,1.69
2013.08.26 14:45:07.684,1.53454,1.53468,1.50,1.50
2013.08.26 14:45:08.733,1.53456,1.53468,1.50,1.13
2013.08.26 14:45:08.793,1.53456,1.53469,1.50,1.69
2013.08.26 14:45:10.773,1.53455,1.53469,1.13,1.88
2013.08.26 14:45:11.253,1.53453,1.53468,2.25,1.50
2013.08.26 14:45:11.683,1.53454,1.53468,1.13,2.25
2013.08.26 14:45:11.984,1.53454,1.53468,1.50,1.88
2013.08.26 14:45:12.505,1.53457,1.53469,1.13,2.82
2013.08.26 14:45:12.836,1.53454,1.53468,2.63,2.07
2013.08.26 14:45:12.954,1.53459,1.53468,1.50,1.32
2013.08.26 14:45:13.373,1.53454,1.53468,2.63,1.13
2013.08.26 14:45:14.586,1.53459,1.53471,2.25,1.13
2013.08.26 14:45:14.704,1.5346,1.53474,1.50,1.13
2013.08.26 14:45:14.824,1.53463,1.53475,1.13,1.50
2013.08.26 14:45:15.185,1.53464,1.53476,1.13,2.25
2013.08.26 14:45:15.244,1.53464,1.53476,1.13,1.50
2013.08.26 14:45:15.665,1.53462,1.53476,1.50,2.25
2013.08.26 14:45:15.877,1.53465,1.53476,1.13,1.50
2013.08.26 14:45:16.573,1.53466,1.5348,1.50,1.50
2013.08.26 14:45:16.934,1.53467,1.5348,1.50,1.13
2013.08.26 14:45:17.234,1.53467,1.5348,1.50,1.13
2013.08.26 14:45:17.773,1.53468,1.5348,1.88,1.13
2013.08.26 14:45:20.633,1.53468,1.5348,1.50,1.32
2013.08.26 14:45:21.248,1.53468,1.5348,2.25,1.32
2013.08.26 14:45:22.203,1.53468,1.53481,2.25,2.82
2013.08.26 14:45:22.733,1.53466,1.5348,1.13,1.13
2013.08.26 14:45:22.794,1.53466,1.5348,1.13,1.13
2013.08.26 14:45:22.973,1.53468,1.53481,1.50,2.07
2013.08.26 14:45:23.095,1.53469,1.53481,1.50,1.69
2013.08.26 14:45:23.275,1.53467,1.5348,1.32,1.13
2013.08.26 14:45:23.393,1.53466,1.5348,1.50,1.13
2013.08.26 14:45:23.513,1.53468,1.53482,2.25,1.69
2013.08.26 14:45:23.873,1.53468,1.53481,1.88,1.13
2013.08.26 14:45:23.995,1.53468,1.53478,1.13,1.13
2013.08.26 14:45:24.056,1.53466,1.53471,1.88,1.13
2013.08.26 14:45:24.124,1.53466,1.53471,1.88,1.50
2013.08.26 14:45:24.184,1.53458,1.53471,2.25,1.50
2013.08.26 14:45:24.304,1.53457,1.53471,1.88,1.32
2013.08.26 14:45:24.363,1.53459,1.53471,1.13,1.32
2013.08.26 14:45:24.424,1.53463,1.5347,1.13,1.69
2013.08.26 14:45:24.603,1.53464,1.53473,1.13,1.13
2013.08.26 14:45:25.664,1.53464,1.53475,1.13,1.88
2013.08.26 14:45:26.614,1.53458,1.53472,1.13,2.63
2013.08.26 14:45:26.736,1.53455,1.53467,1.13,1.50
2013.08.26 14:45:26.794,1.53453,1.53465,1.13,1.13
2013.08.26 14:45:26.974,1.53454,1.53464,2.25,1.13
2013.08.26 14:45:27.274,1.53454,1.53465,2.25,1.50
2013.08.26 14:45:27.799,1.53454,1.53465,2.25,1.50
2013.08.26 14:45:29.133,1.53454,1.53463,1.88,1.13
2013.08.26 14:45:30.303,1.53454,1.53464,1.88,1.50
2013.08.26 14:45:30.878,1.53454,1.53464,1.88,1.13
2013.08.26 14:45:32.173,1.53454,1.53464,1.88,1.50
2013.08.26 14:45:34.014,1.53454,1.53464,1.88,1.13
2013.08.26 14:45:34.707,1.53449,1.53464,1.88,1.88
2013.08.26 14:45:35.197,1.53449,1.53463,1.88,1.13
2013.08.26 14:45:35.264,1.53454,1.53465,1.13,2.25
2013.08.26 14:45:35.325,1.53454,1.53464,1.13,2.25
2013.08.26 14:45:35.804,1.53448,1.53458,1.13,1.13
2013.08.26 14:45:36.044,1.53448,1.5346,1.13,1.50
2013.08.26 14:45:36.345,1.53447,1.53454,1.13,1.13
2013.08.26 14:45:36.463,1.53444,1.53454,1.88,1.13
2013.08.26 14:45:36.774,1.5344,1.53452,1.13,1.13
2013.08.26 14:45:36.897,1.53436,1.53446,1.58,1.50
2013.08.26 14:45:36.955,1.53435,1.53446,1.13,2.63
2013.08.26 14:45:37.015,1.53433,1.53445,1.13,1.88
2013.08.26 14:45:37.433,1.53433,1.53446,1.50,1.13
2013.08.26 14:45:37.764,1.53432,1.53447,1.13,1.50
2013.08.26 14:45:37.824,1.53434,1.53447,1.13,1.50
2013.08.26 14:45:37.884,1.53434,1.53447,1.13,1.50
2013.08.26 14:45:38.244,1.53435,1.53449,1.13,1.88
2013.08.26 14:45:38.363,1.53436,1.53449,1.13,1.88
2013.08.26 14:45:38.423,1.53434,1.53449,2.25,1.88
2013.08.26 14:45:38.663,1.53434,1.53449,2.25,1.50
2013.08.26 14:45:39.288,1.53435,1.53449,1.13,2.25
2013.08.26 14:45:39.621,1.53435,1.53446,1.13,1.50
2013.08.26 14:45:40.074,1.53442,1.5345,1.13,1.50
2013.08.26 14:45:40.134,1.53442,1.53449,1.13,1.13
2013.08.26 14:45:40.315,1.53439,1.53446,1.88,1.50
2013.08.26 14:45:40.434,1.53437,1.53442,1.88,1.50
2013.08.26 14:45:40.553,1.53434,1.53447,1.13,1.50
2013.08.26 14:45:41.095,1.53434,1.53447,1.13,1.50
2013.08.26 14:45:41.624,1.53433,1.53447,1.13,1.50
2013.08.26 14:45:42.161,1.53433,1.53444,1.13,1.13
2013.08.26 14:45:43.103,1.53433,1.53447,1.13,1.50
2013.08.26 14:45:43.176,1.53433,1.53447,1.13,1.50
2013.08.26 14:45:43.236,1.53438,1.53449,1.13,1.50
2013.08.26 14:45:43.423,1.53439,1.53451,1.13,1.50
2013.08.26 14:45:43.484,1.53438,1.5345,1.50,1.13
2013.08.26 14:45:43.605,1.53442,1.53451,1.13,1.50
2013.08.26 14:45:43.906,1.53434,1.53442,1.13,1.32
2013.08.26 14:45:44.144,1.53434,1.53445,1.88,1.13
2013.08.26 14:45:44.203,1.53434,1.53444,1.13,1.13
2013.08.26 14:45:44.263,1.53434,1.53443,1.88,1.13
2013.08.26 14:45:44.723,1.53434,1.53443,1.88,1.13
2013.08.26 14:45:44.843,1.53434,1.53445,1.88,1.32
2013.08.26 14:45:44.964,1.53434,1.53442,1.13,1.32
2013.08.26 14:45:45.083,1.53434,1.53445,1.88,1.13
2013.08.26 14:45:45.924,1.53434,1.53442,1.13,1.13
2013.08.26 14:45:46.934,1.53434,1.53445,1.88,1.13
2013.08.26 14:45:47.875,1.53435,1.53446,1.50,1.13
2013.08.26 14:45:48.004,1.53438,1.53445,1.13,1.13
2013.08.26 14:45:48.560,1.53439,1.53446,1.13,1.50
2013.08.26 14:45:49.954,1.53436,1.53445,1.50,1.13
2013.08.26 14:45:50.074,1.53438,1.53445,1.50,1.13
2013.08.26 14:45:50.141,1.53433,1.53444,1.13,1.13
2013.08.26 14:45:55.185,1.53429,1.53442,1.13,1.50
2013.08.26 14:45:56.233,1.53428,1.5344,1.13,1.13
2013.08.26 14:45:56.354,1.53428,1.5344,1.13,1.13
2013.08.26 14:45:56.534,1.53429,1.53442,1.13,2.63
2013.08.26 14:45:56.654,1.53429,1.53442,1.84,1.88
2013.08.26 14:45:56.834,1.53433,1.53445,1.13,1.32
2013.08.26 14:45:56.894,1.53435,1.53447,1.50,1.50
2013.08.26 14:45:57.014,1.53436,1.5345,1.13,1.50
2013.08.26 14:45:57.375,1.53436,1.5345,1.88,1.50
2013.08.26 14:45:57.434,1.53436,1.53448,1.13,1.50
2013.08.26 14:45:57.794,1.53432,1.53445,4.13,1.50
2013.08.26 14:45:57.854,1.53432,1.53445,1.88,1.50
2013.08.26 14:45:58.033,1.53432,1.53446,1.13,2.25
2013.08.26 14:45:58.573,1.5343,1.53445,1.50,1.88
2013.08.26 14:45:58.636,1.5343,1.53444,1.50,1.88
2013.08.26 14:45:58.944,1.53428,1.53443,1.13,2.07
2013.08.26 14:45:59.003,1.5343,1.53443,1.50,1.32
2013.08.26 14:45:59.184,1.53431,1.53445,1.13,1.13
2013.08.26 14:45:59.244,1.53439,1.53446,1.50,1.13
2013.08.26 14:45:59.304,1.53439,1.53449,1.13,1.50
2013.08.26 14:45:59.483,1.53437,1.53449,1.13,1.50
2013.08.26 14:45:59.844,1.53437,1.53447,1.13,1.13
2013.08.26 14:46:00.083,1.53432,1.53446,2.25,1.13
2013.08.26 14:46:00.443,1.53432,1.53449,2.63,1.69
2013.08.26 14:46:00.563,1.53432,1.53444,1.88,1.13
2013.08.26 14:46:00.864,1.53432,1.53444,1.13,1.13
2013.08.26 14:46:01.223,1.53432,1.53445,3.34,1.13
2013.08.26 14:46:01.463,1.53436,1.53452,1.88,1.50
2013.08.26 14:46:01.814,1.53437,1.53452,1.13,1.50
2013.08.26 14:46:02.259,1.53438,1.53453,1.13,1.50
2013.08.26 14:46:03.163,1.53437,1.53451,1.50,1.88
2013.08.26 14:46:03.918,1.53437,1.53451,1.50,1.88
2013.08.26 14:46:04.773,1.53446,1.53451,1.50,1.13
2013.08.26 14:46:05.075,1.53478,1.53489,1.13,1.32
2013.08.26 14:46:05.134,1.53475,1.53489,1.13,1.50
2013.08.26 14:46:05.257,1.53473,1.53481,1.13,1.13
2013.08.26 14:46:05.625,1.53469,1.53482,1.13,1.50
2013.08.26 14:46:06.054,1.53466,1.53479,1.13,1.13
2013.08.26 14:46:06.393,1.53467,1.5348,1.50,1.88
2013.08.26 14:46:07.133,1.53467,1.5348,1.50,2.63
2013.08.26 14:46:07.645,1.53467,1.5348,1.50,2.25
2013.08.26 14:46:07.720,1.53466,1.5348,1.50,1.88
2013.08.26 14:46:08.205,1.53467,1.53479,1.13,1.13
2013.08.26 14:46:08.974,1.53467,1.5348,1.50,1.88
2013.08.26 14:46:09.630,1.53468,1.53481,1.13,2.63
2013.08.26 14:46:11.393,1.53468,1.53482,1.13,1.88
2013.08.26 14:46:14.394,1.53468,1.53481,1.13,1.50
2013.08.26 14:46:14.754,1.53464,1.53472,1.13,1.50
2013.08.26 14:46:15.505,1.53464,1.53473,1.13,1.50
2013.08.26 14:46:15.624,1.53464,1.53474,1.13,2.63
2013.08.26 14:46:16.206,1.53464,1.53472,1.13,1.50
2013.08.26 14:46:16.725,1.53464,1.53472,1.13,2.25
2013.08.26 14:46:17.003,1.53461,1.53472,1.13,2.25
2013.08.26 14:46:17.903,1.53461,1.53471,1.13,1.50
2013.08.26 14:46:19.446,1.53459,1.53471,1.13,1.50
2013.08.26 14:46:19.565,1.53457,1.5347,1.13,1.88
2013.08.26 14:46:20.344,1.53459,1.5347,2.63,1.13
2013.08.26 14:46:20.646,1.53475,1.53484,1.88,1.13
2013.08.26 14:46:20.706,1.53475,1.53485,1.88,1.13
2013.08.26 14:46:20.895,1.53477,1.53488,1.05,1.13
2013.08.26 14:46:21.075,1.53474,1.53489,2.25,2.25
2013.08.26 14:46:21.134,1.53477,1.53488,1.05,1.88
2013.08.26 14:46:21.493,1.53474,1.53486,1.88,1.13
2013.08.26 14:46:21.614,1.53474,1.53486,1.88,1.13
2013.08.26 14:46:22.161,1.53473,1.53483,1.13,1.50
2013.08.26 14:46:22.485,1.5347,1.53483,1.50,2.25
2013.08.26 14:46:22.852,1.53471,1.53483,1.50,1.88
2013.08.26 14:46:22.913,1.5347,1.53483,1.50,2.25
2013.08.26 14:46:23.805,1.5347,1.53483,1.50,2.25
2013.08.26 14:46:24.183,1.53467,1.53481,1.88,1.13
2013.08.26 14:46:24.243,1.53467,1.53481,1.50,1.13
2013.08.26 14:46:24.783,1.53467,1.5348,1.50,1.13
2013.08.26 14:46:24.843,1.53467,1.53481,1.88,1.13
2013.08.26 14:46:24.905,1.53469,1.53482,1.13,1.13
2013.08.26 14:46:25.085,1.53466,1.5348,1.13,1.13
2013.08.26 14:46:25.144,1.53466,1.53479,1.13,1.50
2013.08.26 14:46:25.212,1.53469,1.53479,1.13,2.25
2013.08.26 14:46:25.335,1.53469,1.53482,1.50,1.50
2013.08.26 14:46:25.575,1.5347,1.53484,1.88,1.13
2013.08.26 14:46:25.694,1.5347,1.53484,1.50,1.13
2013.08.26 14:46:26.693,1.53471,1.53484,1.13,1.13
2013.08.26 14:46:26.813,1.53472,1.53486,1.13,2.63
2013.08.26 14:46:27.354,1.53473,1.53487,1.50,1.13
2013.08.26 14:46:27.477,1.53472,1.53486,1.50,2.44
2013.08.26 14:46:27.548,1.5347,1.53484,1.13,1.13
2013.08.26 14:46:27.615,1.5347,1.53484,1.50,1.13
2013.08.26 14:46:27.976,1.53468,1.53481,1.58,1.13
2013.08.26 14:46:28.217,1.53465,1.53477,1.13,1.13
2013.08.26 14:46:28.764,1.53464,1.53476,1.13,1.50
2013.08.26 14:46:29.274,1.53465,1.53476,1.13,1.50
2013.08.26 14:46:29.784,1.53463,1.53476,1.50,1.50
2013.08.26 14:46:30.145,1.53462,1.53476,1.88,1.88
2013.08.26 14:46:30.324,1.53463,1.53476,1.13,1.88
2013.08.26 14:46:30.683,1.53464,1.53476,1.50,1.88
2013.08.26 14:46:31.284,1.53464,1.53477,1.50,1.88
2013.08.26 14:46:31.584,1.53461,1.53473,1.13,1.13
2013.08.26 14:46:31.943,1.5346,1.53471,2.25,1.13
2013.08.26 14:46:32.864,1.53455,1.53468,3.00,1.32
2013.08.26 14:46:33.103,1.53464,1.53476,1.50,1.50
2013.08.26 14:46:33.284,1.53465,1.5348,1.50,1.88
2013.08.26 14:46:33.404,1.53466,1.5348,1.13,1.50
2013.08.26 14:46:33.584,1.53466,1.53479,1.13,1.13
2013.08.26 14:46:34.109,1.53465,1.5348,1.13,1.88
2013.08.26 14:46:34.434,1.53465,1.5348,1.13,1.50
2013.08.26 14:46:35.615,1.53465,1.5348,1.13,1.50
2013.08.26 14:46:36.314,1.53464,1.53475,2.63,1.13
2013.08.26 14:46:36.673,1.53464,1.53478,2.63,1.13
2013.08.26 14:46:36.974,1.5348,1.53495,2.63,1.13
2013.08.26 14:46:37.155,1.5348,1.53495,1.50,1.13
2013.08.26 14:46:37.455,1.5348,1.53495,1.50,1.13
2013.08.26 14:46:37.754,1.53478,1.53495,1.50,2.25
2013.08.26 14:46:37.815,1.5348,1.53495,1.13,1.50
2013.08.26 14:46:37.875,1.53482,1.53496,1.13,1.88
2013.08.26 14:46:38.054,1.53484,1.53496,1.13,1.13
2013.08.26 14:46:38.414,1.53489,1.535,1.13,1.50
2013.08.26 14:46:38.595,1.53487,1.53498,1.13,1.13
2013.08.26 14:46:39.073,1.53488,1.53501,1.13,1.13
2013.08.26 14:46:39.614,1.53487,1.53501,1.13,1.50
2013.08.26 14:46:40.185,1.53487,1.53501,1.13,2.63
2013.08.26 14:46:40.555,1.53487,1.53499,1.13,1.13
2013.08.26 14:46:41.095,1.53483,1.53497,3.00,1.13
2013.08.26 14:46:41.275,1.53483,1.53497,3.00,1.13
2013.08.26 14:46:41.336,1.53483,1.53496,2.25,1.13
2013.08.26 14:46:41.638,1.53484,1.53496,1.13,2.25
2013.08.26 14:46:42.227,1.53484,1.53495,1.13,1.50
2013.08.26 14:46:43.174,1.53483,1.53495,1.13,1.50
2013.08.26 14:46:43.533,1.53481,1.53494,1.13,1.13
2013.08.26 14:46:43.835,1.53481,1.53492,1.13,1.13
2013.08.26 14:46:43.894,1.53479,1.53491,1.50,1.13
2013.08.26 14:46:43.956,1.53477,1.53489,1.32,1.13
2013.08.26 14:46:44.313,1.53474,1.53485,3.19,1.88
2013.08.26 14:46:44.863,1.53474,1.53486,2.25,1.13
2013.08.26 14:46:45.403,1.53474,1.53486,1.88,1.13
2013.08.26 14:46:46.668,1.53474,1.53486,1.13,1.13
2013.08.26 14:46:47.110,1.53478,1.53486,1.69,1.13
2013.08.26 14:46:47.356,1.53487,1.53505,1.69,1.65
2013.08.26 14:46:47.554,1.5349,1.53505,1.13,1.65
2013.08.26 14:46:47.733,1.5349,1.53507,1.50,1.69
2013.08.26 14:46:48.033,1.53494,1.53509,1.13,1.32
2013.08.26 14:46:48.213,1.53494,1.53508,1.13,1.32
2013.08.26 14:46:48.717,1.53491,1.53505,1.88,1.32
2013.08.26 14:46:49.024,1.53486,1.53499,1.13,1.13
2013.08.26 14:46:49.384,1.53484,1.53493,1.13,1.13
2013.08.26 14:46:49.444,1.53484,1.53492,1.13,1.13
2013.08.26 14:46:49.744,1.53479,1.53493,2.25,1.13
2013.08.26 14:46:50.283,1.53479,1.53493,1.13,1.13
2013.08.26 14:46:51.003,1.53479,1.53493,1.50,1.88
2013.08.26 14:46:51.695,1.53479,1.53493,1.13,2.07
2013.08.26 14:46:52.346,1.53478,1.5349,1.50,1.13
2013.08.26 14:46:52.946,1.53476,1.5349,1.13,2.25
2013.08.26 14:46:53.077,1.53474,1.53487,1.50,1.13
2013.08.26 14:46:53.324,1.53474,1.53488,1.50,1.13
2013.08.26 14:46:54.496,1.53472,1.53486,1.13,1.13
2013.08.26 14:46:54.734,1.53472,1.53487,1.13,1.50
2013.08.26 14:46:54.855,1.53476,1.53485,1.50,1.13
2013.08.26 14:46:55.214,1.53486,1.53503,2.44,1.13
2013.08.26 14:46:55.484,1.53487,1.53507,1.32,1.50
2013.08.26 14:46:55.664,1.53494,1.53511,2.07,1.13
2013.08.26 14:46:55.787,1.53499,1.53508,1.50,1.13
2013.08.26 14:46:55.854,1.53497,1.53508,1.13,1.13
2013.08.26 14:46:55.914,1.53494,1.53508,2.07,1.13
2013.08.26 14:46:56.034,1.53494,1.5351,1.69,1.32
2013.08.26 14:46:56.274,1.53494,1.53511,1.69,1.69
2013.08.26 14:46:56.813,1.53494,1.53511,2.44,1.50
2013.08.26 14:46:56.955,1.53494,1.5351,2.44,1.13
2013.08.26 14:46:57.357,1.53494,1.53506,1.50,1.13
2013.08.26 14:46:58.363,1.5349,1.53502,1.13,2.07
2013.08.26 14:46:59.093,1.53488,1.53501,1.32,1.69
2013.08.26 14:46:59.213,1.53485,1.53501,1.13,1.88
2013.08.26 14:46:59.815,1.5348,1.53496,3.19,1.50
2013.08.26 14:47:00.055,1.53484,1.53498,1.13,1.32
2013.08.26 14:47:00.118,1.53487,1.53499,1.13,1.13
2013.08.26 14:47:00.184,1.53496,1.53503,1.13,1.50
2013.08.26 14:47:00.244,1.53494,1.53509,1.50,1.32
2013.08.26 14:47:00.304,1.53494,1.53506,1.69,1.13
2013.08.26 14:47:00.366,1.53504,1.53511,1.88,1.13
2013.08.26 14:47:00.434,1.53501,1.53508,1.13,1.13
2013.08.26 14:47:00.494,1.53501,1.53516,1.13,1.50
2013.08.26 14:47:00.553,1.535,1.53516,1.50,1.50
2013.08.26 14:47:00.733,1.535,1.53516,1.50,2.07
2013.08.26 14:47:01.224,1.53501,1.53514,2.25,1.13
2013.08.26 14:47:01.465,1.53501,1.53516,2.25,1.13
2013.08.26 14:47:01.645,1.535,1.53515,1.13,1.69
2013.08.26 14:47:01.765,1.53495,1.53511,3.94,1.69
2013.08.26 14:47:01.885,1.53494,1.53506,1.50,1.32
2013.08.26 14:47:02.064,1.53489,1.53504,1.32,1.73
2013.08.26 14:47:02.605,1.53496,1.5351,1.84,2.25
2013.08.26 14:47:02.663,1.53496,1.5351,1.84,1.50
2013.08.26 14:47:02.723,1.53496,1.53516,1.84,1.13
2013.08.26 14:47:02.784,1.53496,1.53516,2.82,1.32
2013.08.26 14:47:02.964,1.53498,1.53516,1.13,1.13
2013.08.26 14:47:03.086,1.53498,1.53516,1.13,1.32
2013.08.26 14:47:03.265,1.53501,1.53516,1.13,1.13
2013.08.26 14:47:03.326,1.53501,1.53516,1.88,1.13
2013.08.26 14:47:03.684,1.53499,1.53514,3.00,1.13
2013.08.26 14:47:04.224,1.53497,1.53508,1.50,1.13
2013.08.26 14:47:04.344,1.53496,1.53506,1.13,1.50
2013.08.26 14:47:04.404,1.53495,1.53506,1.13,1.88
2013.08.26 14:47:04.524,1.53489,1.53502,3.00,1.13
2013.08.26 14:47:04.644,1.53493,1.53504,1.13,1.69
2013.08.26 14:47:05.127,1.53488,1.53502,1.13,1.50
2013.08.26 14:47:05.195,1.53489,1.53504,1.50,1.50
2013.08.26 14:47:05.266,1.53489,1.53504,1.50,1.50
2013.08.26 14:47:05.576,1.53495,1.53502,1.88,1.50
2013.08.26 14:47:05.826,1.53498,1.53513,1.13,1.50
2013.08.26 14:47:06.006,1.53494,1.53511,2.07,2.25
2013.08.26 14:47:06.186,1.53488,1.535,1.13,1.13
2013.08.26 14:47:06.303,1.53491,1.53501,1.13,1.13
2013.08.26 14:47:06.544,1.53484,1.53496,1.50,1.13
2013.08.26 14:47:06.606,1.53484,1.53501,1.50,1.88
2013.08.26 14:47:06.844,1.53484,1.53498,1.50,1.13
2013.08.26 14:47:07.521,1.53484,1.535,1.50,1.13
2013.08.26 14:47:08.305,1.53488,1.535,1.13,1.50
2013.08.26 14:47:08.366,1.53492,1.53506,1.13,1.13
2013.08.26 14:47:08.614,1.53503,1.5351,1.13,1.50
2013.08.26 14:47:08.794,1.53498,1.53516,1.13,1.32
2013.08.26 14:47:08.913,1.53496,1.53512,2.07,1.32
2013.08.26 14:47:10.033,1.53499,1.53516,1.50,1.32
2013.08.26 14:47:10.098,1.53499,1.53516,1.50,1.32
2013.08.26 14:47:10.893,1.53498,1.53514,1.13,1.32
2013.08.26 14:47:11.794,1.53497,1.53511,1.50,1.88
2013.08.26 14:47:12.033,1.53491,1.53506,2.82,1.13
2013.08.26 14:47:12.213,1.53492,1.53506,1.13,1.13
2013.08.26 14:47:12.273,1.53491,1.53506,2.07,1.13
2013.08.26 14:47:12.455,1.53488,1.53502,1.88,1.13
2013.08.26 14:47:12.634,1.53491,1.53505,1.13,1.32
2013.08.26 14:47:12.693,1.53491,1.53505,1.13,1.32
2013.08.26 14:47:13.964,1.53489,1.53503,1.88,1.02
2013.08.26 14:47:14.263,1.53486,1.535,1.13,2.70
2013.08.26 14:47:14.813,1.53489,1.53502,1.88,1.73
2013.08.26 14:47:15.103,1.53485,1.53501,1.65,1.73
2013.08.26 14:47:15.423,1.5349,1.53501,1.88,1.73
2013.08.26 14:47:15.603,1.53496,1.53509,1.28,1.13
2013.08.26 14:47:15.904,1.53492,1.53507,1.13,2.85
2013.08.26 14:47:16.023,1.53496,1.53511,1.13,2.52
2013.08.26 14:47:16.084,1.53496,1.53511,1.13,2.52
2013.08.26 14:47:16.449,1.53495,1.53505,1.50,1.13
2013.08.26 14:47:17.976,1.53495,1.53509,1.88,1.84
2013.08.26 14:47:18.334,1.53501,1.53511,1.13,1.50
2013.08.26 14:47:18.454,1.53501,1.53512,1.13,1.13
2013.08.26 14:47:18.634,1.53499,1.53511,1.13,1.13
2013.08.26 14:47:19.370,1.53499,1.5351,1.13,1.13
2013.08.26 14:47:21.714,1.535,1.53513,1.50,1.50
2013.08.26 14:47:21.833,1.535,1.53512,1.13,1.13
2013.08.26 14:47:22.795,1.535,1.53512,1.13,1.13
2013.08.26 14:47:23.273,1.535,1.53512,1.13,1.13
2013.08.26 14:47:23.454,1.53498,1.53511,1.13,1.13
2013.08.26 14:47:23.574,1.53497,1.53511,1.50,1.13
2013.08.26 14:47:24.134,1.53494,1.53511,1.69,1.88
2013.08.26 14:47:24.554,1.53494,1.5351,1.69,1.13
2013.08.26 14:47:25.033,1.53494,1.53508,1.69,1.13
2013.08.26 14:47:27.643,1.53494,1.53507,1.13,1.50
2013.08.26 14:47:28.143,1.53492,1.53506,1.69,1.88
2013.08.26 14:47:28.384,1.53489,1.53501,2.25,1.13
2013.08.26 14:47:28.685,1.53491,1.53501,1.13,1.13
2013.08.26 14:47:28.924,1.53487,1.535,1.50,1.13
2013.08.26 14:47:29.044,1.53486,1.53504,1.69,3.38
2013.08.26 14:47:29.225,1.53485,1.53503,1.32,1.50
2013.08.26 14:47:29.284,1.53487,1.53503,1.13,1.13
2013.08.26 14:47:29.885,1.53487,1.53499,1.13,1.13
2013.08.26 14:47:30.007,1.53484,1.53501,2.07,1.13
2013.08.26 14:47:30.076,1.53482,1.53501,2.07,1.50
2013.08.26 14:47:30.204,1.5348,1.53499,1.13,1.50
2013.08.26 14:47:30.265,1.53479,1.53499,1.32,3.38
2013.08.26 14:47:30.325,1.53479,1.53496,1.32,1.88
2013.08.26 14:47:30.566,1.53479,1.53494,1.32,1.13
2013.08.26 14:47:30.985,1.53479,1.53494,1.32,1.13
2013.08.26 14:47:31.305,1.53479,1.53496,1.69,1.13
2013.08.26 14:47:31.544,1.53484,1.53497,1.13,1.13
2013.08.26 14:47:31.664,1.53482,1.53496,1.88,1.13
2013.08.26 14:47:31.723,1.53482,1.53496,1.13,1.88
2013.08.26 14:47:31.964,1.53484,1.53497,1.50,1.50
2013.08.26 14:47:32.267,1.53484,1.53497,1.88,1.50
2013.08.26 14:47:32.694,1.53485,1.53498,1.50,1.13
2013.08.26 14:47:33.653,1.53489,1.53502,1.50,1.13
2013.08.26 14:47:34.504,1.53491,1.53504,1.13,1.88
2013.08.26 14:47:34.924,1.53493,1.53505,1.13,1.13
2013.08.26 14:47:35.044,1.53494,1.53506,1.13,1.50
2013.08.26 14:47:35.656,1.53496,1.53511,1.13,1.69
2013.08.26 14:47:35.963,1.53498,1.53511,1.13,1.50
2013.08.26 14:47:37.145,1.53499,1.53512,1.88,1.50
2013.08.26 14:47:37.444,1.53499,1.53512,1.13,1.50
2013.08.26 14:47:37.563,1.53496,1.53512,1.13,2.93
2013.08.26 14:47:37.804,1.53499,1.53512,2.25,1.50
2013.08.26 14:47:38.043,1.53499,1.53514,2.63,1.50
2013.08.26 14:47:38.344,1.535,1.53516,1.13,3.57
2013.08.26 14:47:38.904,1.53507,1.53516,1.13,2.63
2013.08.26 14:47:39.663,1.53503,1.53517,1.50,1.50
2013.08.26 14:47:43.368,1.535,1.53515,1.13,1.13
2013.08.26 14:47:43.615,1.53502,1.53515,1.13,1.50
2013.08.26 14:47:43.675,1.53499,1.53514,1.32,1.13
2013.08.26 14:47:43.934,1.53496,1.53511,2.07,1.13
2013.08.26 14:47:44.404,1.53496,1.53511,1.32,1.13
2013.08.26 14:47:44.464,1.53497,1.53511,1.13,1.13
2013.08.26 14:47:45.128,1.53495,1.5351,1.32,1.13
2013.08.26 14:47:45.786,1.53491,1.53504,4.13,1.13
2013.08.26 14:47:45.845,1.5349,1.53504,1.32,1.13
2013.08.26 14:47:45.904,1.5349,1.53506,1.13,1.50
2013.08.26 14:47:46.263,1.53486,1.53502,2.25,1.13
2013.08.26 14:47:46.384,1.53494,1.53504,1.13,1.50
2013.08.26 14:47:46.504,1.53497,1.53506,1.50,1.88
2013.08.26 14:47:46.684,1.53491,1.53506,2.78,1.50
2013.08.26 14:47:46.744,1.53493,1.53508,1.50,1.65
2013.08.26 14:47:46.864,1.53493,1.53506,1.13,1.88
2013.08.26 14:47:47.224,1.53489,1.53501,1.32,1.50
2013.08.26 14:47:47.463,1.53489,1.53504,1.32,1.50
2013.08.26 14:47:47.703,1.53489,1.53502,1.69,1.13
2013.08.26 14:47:47.826,1.53489,1.53502,1.50,1.13
2013.08.26 14:47:48.154,1.53489,1.53503,1.50,1.50
2013.08.26 14:47:48.273,1.53489,1.53502,1.50,1.13
2013.08.26 14:47:48.574,1.53489,1.53501,1.13,1.50
2013.08.26 14:47:48.633,1.53489,1.53501,1.13,1.50
2013.08.26 14:47:48.995,1.53495,1.53507,1.13,1.50
2013.08.26 14:47:49.054,1.53495,1.53512,1.50,1.50
2013.08.26 14:47:49.115,1.53495,1.53513,1.88,1.88
2013.08.26 14:47:49.474,1.53496,1.53511,1.13,1.50
2013.08.26 14:47:49.533,1.53496,1.5351,1.13,1.88
2013.08.26 14:47:49.835,1.53498,1.53511,1.50,1.88
2013.08.26 14:47:49.895,1.53497,1.53508,1.13,1.13
2013.08.26 14:47:50.014,1.53499,1.53511,1.50,1.13
2013.08.26 14:47:50.864,1.53499,1.5351,1.50,1.50
2013.08.26 14:47:51.374,1.53499,1.53513,1.50,1.50
2013.08.26 14:47:51.554,1.53504,1.53512,1.50,1.50
2013.08.26 14:47:52.334,1.53504,1.53515,1.50,1.50
2013.08.26 14:47:52.394,1.53501,1.53515,1.13,1.50
2013.08.26 14:47:52.514,1.53499,1.53511,1.69,1.88
2013.08.26 14:47:52.935,1.53496,1.53509,1.32,1.13
2013.08.26 14:47:53.554,1.53494,1.53509,1.69,1.13
2013.08.26 14:47:53.913,1.53495,1.53513,1.32,1.88
2013.08.26 14:47:54.033,1.53496,1.53513,1.32,1.13
2013.08.26 14:47:54.095,1.53495,1.53513,1.32,1.50
2013.08.26 14:47:54.514,1.535,1.53516,1.69,1.88
2013.08.26 14:47:54.874,1.53504,1.53514,1.50,1.50
2013.08.26 14:47:55.173,1.53504,1.53512,1.50,1.13
2013.08.26 14:47:55.294,1.53504,1.53512,1.50,1.88
2013.08.26 14:47:55.353,1.53503,1.5351,1.13,1.13
2013.08.26 14:47:55.893,1.53499,1.53511,1.69,1.13
2013.08.26 14:47:56.255,1.53501,1.5351,1.13,1.50
2013.08.26 14:47:56.373,1.53501,1.53509,1.13,1.50
2013.08.26 14:47:57.075,1.53499,1.53507,1.69,1.50
2013.08.26 14:47:57.756,1.53499,1.5351,1.69,1.13
2013.08.26 14:47:57.933,1.53499,1.53512,1.50,1.13
2013.08.26 14:47:58.375,1.53499,1.53512,1.50,1.13
2013.08.26 14:47:58.684,1.53509,1.53525,1.50,1.50
2013.08.26 14:47:58.805,1.5351,1.53526,1.32,2.25
2013.08.26 14:47:58.925,1.53514,1.53526,1.13,1.50
2013.08.26 14:47:59.284,1.5351,1.53525,1.69,1.50
2013.08.26 14:47:59.344,1.5351,1.53525,1.69,1.13
2013.08.26 14:47:59.986,1.53508,1.53524,1.69,1.69
2013.08.26 14:48:00.304,1.53508,1.53523,1.32,2.07
2013.08.26 14:48:00.663,1.53508,1.53521,1.69,1.32
2013.08.26 14:48:02.065,1.53506,1.53521,1.50,1.32
2013.08.26 14:48:02.184,1.53506,1.53522,1.50,2.07
2013.08.26 14:48:02.543,1.53501,1.53517,1.32,2.85
2013.08.26 14:48:02.954,1.53504,1.53521,1.88,1.50
2013.08.26 14:48:03.283,1.53504,1.53521,3.00,1.69
2013.08.26 14:48:03.586,1.53504,1.5352,2.63,1.32
2013.08.26 14:48:03.646,1.53504,1.5352,2.63,1.32
2013.08.26 14:48:03.826,1.53504,1.53517,1.32,1.13
2013.08.26 14:48:04.065,1.53502,1.53516,1.13,2.25
2013.08.26 14:48:04.244,1.53504,1.53516,1.50,1.88
2013.08.26 14:48:04.666,1.53504,1.53516,1.50,2.25
2013.08.26 14:48:04.965,1.53503,1.53514,1.13,1.50
2013.08.26 14:48:05.264,1.53497,1.53511,2.44,1.50
2013.08.26 14:48:05.505,1.53497,1.53512,1.32,1.88
2013.08.26 14:48:05.565,1.53497,1.53511,1.32,1.50
2013.08.26 14:48:05.804,1.53495,1.53511,1.69,2.25
2013.08.26 14:48:05.864,1.53495,1.53509,1.50,1.13
2013.08.26 14:48:06.225,1.53495,1.53508,1.50,1.88
2013.08.26 14:48:06.466,1.53494,1.53508,2.63,1.88
2013.08.26 14:48:06.704,1.53495,1.53507,1.13,1.50
2013.08.26 14:48:07.187,1.53495,1.53508,1.13,2.25
2013.08.26 14:48:07.314,1.53494,1.53508,2.07,2.25
2013.08.26 14:48:07.673,1.53499,1.53508,1.13,1.50
2013.08.26 14:48:08.334,1.53499,1.53508,1.13,1.50
2013.08.26 14:48:08.395,1.53499,1.53508,1.13,1.50
2013.08.26 14:48:08.754,1.53501,1.53515,1.50,1.69
2013.08.26 14:48:10.908,1.53501,1.53513,1.50,1.13
2013.08.26 14:48:11.094,1.53501,1.53513,1.50,1.13
2013.08.26 14:48:11.154,1.535,1.53512,2.07,1.50
2013.08.26 14:48:11.578,1.53501,1.53514,2.25,1.13
2013.08.26 14:48:13.054,1.53504,1.53513,1.13,1.13
2013.08.26 14:48:14.404,1.53504,1.53514,1.22,1.13
2013.08.26 14:48:14.764,1.53505,1.53517,1.13,2.25
2013.08.26 14:48:16.184,1.53502,1.53515,1.80,1.50
2013.08.26 14:48:18.225,1.53505,1.53515,1.13,1.13
2013.08.26 14:48:19.456,1.53505,1.53515,1.13,1.50
2013.08.26 14:48:19.574,1.53503,1.53515,1.13,1.50
2013.08.26 14:48:19.905,1.53503,1.53515,1.13,1.13
2013.08.26 14:48:20.027,1.53509,1.5352,1.13,1.13
2013.08.26 14:48:22.355,1.53511,1.53524,1.50,1.13
2013.08.26 14:48:22.414,1.53519,1.53526,1.50,1.13
2013.08.26 14:48:22.594,1.53521,1.53534,1.50,1.50
2013.08.26 14:48:22.655,1.53524,1.53532,1.13,1.13
2013.08.26 14:48:25.664,1.53524,1.53539,1.13,1.88
2013.08.26 14:48:25.985,1.53524,1.53539,1.88,1.88
2013.08.26 14:48:26.423,1.53525,1.53541,3.00,1.50
2013.08.26 14:48:26.964,1.53529,1.53543,1.50,1.13
2013.08.26 14:48:27.084,1.53529,1.53544,1.88,1.50
2013.08.26 14:48:27.384,1.5353,1.53545,1.50,1.50
2013.08.26 14:48:27.743,1.5353,1.53546,2.25,1.50
2013.08.26 14:48:27.863,1.53531,1.53546,1.13,1.50
2013.08.26 14:48:27.924,1.5353,1.53545,1.50,1.13
2013.08.26 14:48:28.225,1.53529,1.53542,1.69,1.88
2013.08.26 14:48:28.754,1.53528,1.53541,2.07,2.25
2013.08.26 14:48:29.074,1.53529,1.53541,2.93,2.25
2013.08.26 14:48:29.434,1.53532,1.53544,1.32,1.50
2013.08.26 14:48:30.146,1.53532,1.53544,1.32,1.50
2013.08.26 14:48:32.104,1.53529,1.53544,2.25,1.50
2013.08.26 14:48:32.345,1.53539,1.53547,1.13,1.50
2013.08.26 14:48:32.464,1.53536,1.53548,1.13,1.50
2013.08.26 14:48:32.825,1.53535,1.53549,2.25,1.50
2013.08.26 14:48:33.252,1.53538,1.53551,1.13,1.50
2013.08.26 14:48:33.375,1.53536,1.53551,1.50,1.50
2013.08.26 14:48:33.434,1.53536,1.53551,1.50,2.25
2013.08.26 14:48:33.984,1.53535,1.53549,1.50,1.50
2013.08.26 14:48:34.514,1.53535,1.53549,1.50,1.50
2013.08.26 14:48:34.874,1.53535,1.53549,1.50,1.88
2013.08.26 14:48:35.054,1.53536,1.53549,1.13,1.13
2013.08.26 14:48:35.114,1.53538,1.53551,1.50,1.88
2013.08.26 14:48:35.735,1.53539,1.53551,1.13,1.50
2013.08.26 14:48:35.974,1.53539,1.53552,1.13,1.50
2013.08.26 14:48:36.033,1.53536,1.53551,2.44,1.50
2013.08.26 14:48:36.274,1.53535,1.53549,2.07,2.25
2013.08.26 14:48:36.935,1.53534,1.53548,2.44,1.13
2013.08.26 14:48:37.365,1.53534,1.53548,1.69,1.88
2013.08.26 14:48:37.425,1.53534,1.53548,1.69,1.88
2013.08.26 14:48:37.944,1.53534,1.53548,1.32,1.88
2013.08.26 14:48:38.426,1.53533,1.53545,1.32,1.13
2013.08.26 14:48:38.485,1.53531,1.53545,1.13,1.13
2013.08.26 14:48:38.544,1.53528,1.53542,2.44,1.13
2013.08.26 14:48:38.605,1.53527,1.53541,2.07,1.50
2013.08.26 14:48:38.724,1.53527,1.53543,2.07,2.25
2013.08.26 14:48:38.844,1.53527,1.53541,1.69,1.88
2013.08.26 14:48:39.204,1.53523,1.53536,1.50,1.50
2013.08.26 14:48:39.523,1.53521,1.53536,1.50,1.50
2013.08.26 14:48:39.589,1.53521,1.53536,1.50,1.50
2013.08.26 14:48:40.695,1.53529,1.53537,1.50,1.13
2013.08.26 14:48:40.994,1.53529,1.5354,1.88,1.50
2013.08.26 14:48:41.114,1.5353,1.5354,1.13,1.50
2013.08.26 14:48:43.614,1.53529,1.53539,2.63,1.50
2013.08.26 14:48:43.674,1.53533,1.53541,1.13,1.50
2013.08.26 14:48:43.914,1.53533,1.53543,1.13,1.88
2013.08.26 14:48:44.334,1.53533,1.53543,1.13,1.88
2013.08.26 14:48:44.454,1.53533,1.53542,1.13,1.50
2013.08.26 14:48:45.308,1.53531,1.53542,1.88,1.50
2013.08.26 14:48:45.615,1.53534,1.53544,1.50,1.13
2013.08.26 14:48:45.807,1.53534,1.53541,1.13,1.13
2013.08.26 14:48:45.866,1.53533,1.53541,1.13,1.13
2013.08.26 14:48:46.105,1.53534,1.53544,1.13,1.50
2013.08.26 14:48:46.165,1.53531,1.53538,1.50,1.13
2013.08.26 14:48:46.284,1.53526,1.53538,1.50,1.50
2013.08.26 14:48:46.824,1.53527,1.53538,1.13,2.25
2013.08.26 14:48:47.064,1.53524,1.53538,1.50,1.88
2013.08.26 14:48:47.304,1.53524,1.53538,1.13,1.88
2013.08.26 14:48:47.724,1.53526,1.53537,1.13,1.13
2013.08.26 14:48:49.404,1.53529,1.53536,1.13,1.13
2013.08.26 14:48:51.555,1.53527,1.53534,1.88,1.13
2013.08.26 14:48:51.674,1.53527,1.53536,1.50,1.50
2013.08.26 14:48:51.975,1.53527,1.53535,1.13,1.13
2013.08.26 14:48:52.337,1.53529,1.53536,1.13,1.13
2013.08.26 14:48:53.794,1.53528,1.53536,1.13,1.50
2013.08.26 14:48:54.303,1.53529,1.53537,1.13,1.88
2013.08.26 14:48:54.424,1.53527,1.53537,1.50,1.88
2013.08.26 14:48:54.603,1.53522,1.53535,1.50,1.13
2013.08.26 14:48:55.093,1.53522,1.53534,1.13,1.13
2013.08.26 14:49:00.696,1.53524,1.53534,1.13,1.50
2013.08.26 14:49:00.875,1.53522,1.53534,1.50,1.50
2013.08.26 14:49:01.116,1.5352,1.53536,1.13,1.50
2013.08.26 14:49:01.176,1.53524,1.53538,1.88,1.50
2013.08.26 14:49:01.675,1.53531,1.5354,1.13,1.50
2013.08.26 14:49:02.165,1.53532,1.53544,1.13,2.25
2013.08.26 14:49:02.954,1.53532,1.53544,1.13,1.50
2013.08.26 14:49:03.854,1.53532,1.53543,1.13,1.13
2013.08.26 14:49:04.215,1.53528,1.53542,1.50,1.13
2013.08.26 14:49:04.275,1.53528,1.53541,1.13,1.50
2013.08.26 14:49:04.824,1.53526,1.5354,1.13,1.88
2013.08.26 14:49:05.224,1.53527,1.53538,1.13,1.50
2013.08.26 14:49:07.926,1.53529,1.53539,1.13,1.13
2013.08.26 14:49:08.277,1.53526,1.53537,1.13,1.13
2013.08.26 14:49:08.405,1.53522,1.53534,2.25,1.50
2013.08.26 14:49:08.943,1.53522,1.53534,1.13,1.50
2013.08.26 14:49:10.954,1.5352,1.53535,1.13,1.50
2013.08.26 14:49:11.297,1.53522,1.53534,1.13,2.25
2013.08.26 14:49:11.604,1.53524,1.53534,1.13,2.25
2013.08.26 14:49:11.847,1.53522,1.53536,1.50,3.38
2013.08.26 14:49:12.764,1.53522,1.53534,1.13,1.88
2013.08.26 14:49:17.144,1.53519,1.53532,1.13,3.00
2013.08.26 14:49:17.324,1.53518,1.53531,1.13,1.50
2013.08.26 14:49:17.964,1.53518,1.53531,1.13,1.50
2013.08.26 14:49:18.516,1.53518,1.53528,1.13,1.13
2013.08.26 14:49:19.055,1.53514,1.53527,1.50,1.50
2013.08.26 14:49:19.116,1.53514,1.53525,1.50,1.13
2013.08.26 14:49:20.094,1.53514,1.53527,1.13,1.13
2013.08.26 14:49:20.457,1.53511,1.53524,1.50,1.13
2013.08.26 14:49:23.614,1.5351,1.53522,1.50,1.13
2013.08.26 14:49:23.855,1.5351,1.53522,1.13,1.50
2013.08.26 14:49:24.154,1.5351,1.53522,1.69,1.50
2013.08.26 14:49:27.104,1.53509,1.53522,2.82,1.50
2013.08.26 14:49:27.644,1.53509,1.5352,1.13,1.50
2013.08.26 14:49:29.204,1.53512,1.5352,1.13,1.50
2013.08.26 14:49:29.564,1.53514,1.53526,1.13,3.00
2013.08.26 14:49:31.174,1.53512,1.53523,1.50,1.50
2013.08.26 14:49:31.805,1.53512,1.53523,1.13,1.50
2013.08.26 14:49:32.465,1.5351,1.5352,1.32,1.50
2013.08.26 14:49:33.006,1.53507,1.5352,2.44,1.88
2013.08.26 14:49:33.368,1.53502,1.53516,1.32,1.88
2013.08.26 14:49:35.714,1.53502,1.53512,1.32,1.13
2013.08.26 14:49:36.833,1.53504,1.53512,1.13,1.13
2013.08.26 14:49:37.862,1.53506,1.53514,1.13,1.13
2013.08.26 14:49:41.804,1.53504,1.53513,1.13,1.13
2013.08.26 14:49:41.924,1.53502,1.53512,1.13,1.13
2013.08.26 14:49:42.354,1.53504,1.53515,1.50,1.13
2013.08.26 14:49:42.414,1.53503,1.53516,1.32,2.25
2013.08.26 14:49:42.594,1.53509,1.53521,1.13,1.13
2013.08.26 14:49:43.084,1.53514,1.53523,1.13,1.13
2013.08.26 14:49:43.914,1.53514,1.53523,1.13,1.88
2013.08.26 14:49:44.834,1.53511,1.53523,1.13,1.50
2013.08.26 14:49:45.373,1.53511,1.53525,1.50,1.88
2013.08.26 14:49:45.515,1.53511,1.53524,1.50,1.13
2013.08.26 14:49:50.613,1.53511,1.53525,1.13,1.50
2013.08.26 14:49:55.084,1.5351,1.53524,1.50,1.13
2013.08.26 14:49:57.214,1.53509,1.53522,1.50,1.13
2013.08.26 14:49:57.335,1.5351,1.53523,1.13,1.50
2013.08.26 14:49:57.694,1.53514,1.53527,1.88,1.50
2013.08.26 14:49:57.755,1.53514,1.53526,2.63,1.13
2013.08.26 14:49:58.054,1.5352,1.53536,1.13,2.25
2013.08.26 14:49:58.876,1.53526,1.53535,1.13,1.13
2013.08.26 14:49:59.234,1.53524,1.53537,1.13,1.13
2013.08.26 14:49:59.734,1.53522,1.53535,1.13,1.13
2013.08.26 14:50:00.295,1.53523,1.53534,1.13,1.13
2013.08.26 14:50:01.954,1.53519,1.53534,1.50,1.13
2013.08.26 14:50:02.014,1.53519,1.53533,1.50,1.50
2013.08.26 14:50:02.134,1.53519,1.53531,1.13,2.63
2013.08.26 14:50:02.435,1.53514,1.53527,1.88,1.13
2013.08.26 14:50:02.495,1.53513,1.53525,1.50,1.50
2013.08.26 14:50:02.854,1.53511,1.53524,1.13,2.25
2013.08.26 14:50:03.274,1.5351,1.53524,1.13,1.13
2013.08.26 14:50:03.925,1.53509,1.53523,1.69,1.50
2013.08.26 14:50:04.165,1.53508,1.53522,2.82,1.13
2013.08.26 14:50:04.704,1.53509,1.53523,1.32,2.25
2013.08.26 14:50:05.234,1.53509,1.53521,1.32,1.50
2013.08.26 14:50:05.654,1.53509,1.5352,1.32,1.13
2013.08.26 14:50:06.526,1.53508,1.53519,1.88,1.13
2013.08.26 14:50:07.203,1.53507,1.53518,1.13,1.13
2013.08.26 14:50:08.375,1.53506,1.53518,1.13,2.63
2013.08.26 14:50:08.436,1.53506,1.53517,1.13,1.50
2013.08.26 14:50:08.555,1.53506,1.53517,1.13,2.25
2013.08.26 14:50:09.294,1.53504,1.53516,1.13,1.88
2013.08.26 14:50:09.870,1.53504,1.53516,1.13,1.88
2013.08.26 14:50:10.605,1.53509,1.53519,1.13,1.50
2013.08.26 14:50:10.665,1.53509,1.5352,1.13,1.88
2013.08.26 14:50:10.724,1.53508,1.5352,1.13,1.13
2013.08.26 14:50:10.918,1.53508,1.53519,1.13,1.13
2013.08.26 14:50:10.984,1.53504,1.53517,1.88,2.25
2013.08.26 14:50:11.044,1.53504,1.53515,1.88,1.13
2013.08.26 14:50:11.631,1.53504,1.53515,1.88,1.13
2013.08.26 14:50:12.384,1.53504,1.53513,2.25,1.13
2013.08.26 14:50:13.154,1.53504,1.53515,1.50,1.13
2013.08.26 14:50:17.734,1.53504,1.53512,1.13,1.13
2013.08.26 14:50:18.284,1.53504,1.53516,1.50,1.50
2013.08.26 14:50:18.424,1.53504,1.53514,1.50,1.13
2013.08.26 14:50:20.565,1.53504,1.53518,1.50,2.25
2013.08.26 14:50:20.684,1.53504,1.53518,1.50,1.88
2013.08.26 14:50:21.963,1.53504,1.53518,1.50,2.63
2013.08.26 14:50:22.276,1.53509,1.5352,1.13,1.50
2013.08.26 14:50:22.514,1.53502,1.53516,1.50,1.13
2013.08.26 14:50:22.696,1.53501,1.53516,1.50,1.50
2013.08.26 14:50:23.055,1.53509,1.53521,1.13,1.50
2013.08.26 14:50:23.297,1.53501,1.53513,1.13,1.88
2013.08.26 14:50:23.367,1.53499,1.53512,1.88,1.13
2013.08.26 14:50:23.912,1.53497,1.53512,3.00,3.00
2013.08.26 14:50:23.979,1.53497,1.53511,2.25,1.50
2013.08.26 14:50:24.826,1.53497,1.53511,3.00,1.13
2013.08.26 14:50:24.975,1.53497,1.53511,2.25,1.88
2013.08.26 14:50:26.004,1.53497,1.53512,1.50,3.00
2013.08.26 14:50:26.775,1.53497,1.53512,1.50,2.25
2013.08.26 14:50:27.075,1.53495,1.53508,1.13,1.13
2013.08.26 14:50:27.198,1.53499,1.5351,1.13,1.50
2013.08.26 14:50:27.326,1.535,1.53511,1.13,1.50
2013.08.26 14:50:27.444,1.53498,1.53511,2.63,1.88
2013.08.26 14:50:27.564,1.53498,1.53511,1.50,1.50
2013.08.26 14:50:28.104,1.53497,1.5351,1.50,1.13
2013.08.26 14:50:28.224,1.53497,1.5351,1.13,1.88
2013.08.26 14:50:28.404,1.53495,1.5351,2.63,1.88
2013.08.26 14:50:29.104,1.53495,1.5351,2.63,1.88
2013.08.26 14:50:29.164,1.53495,1.5351,2.63,2.63
2013.08.26 14:50:29.224,1.53495,1.5351,2.63,1.88
2013.08.26 14:50:30.263,1.53494,1.5351,1.13,2.25
2013.08.26 14:50:30.804,1.53495,1.53509,1.50,1.50
2013.08.26 14:50:30.924,1.53495,1.5351,1.88,1.13
2013.08.26 14:50:31.044,1.53494,1.53508,2.25,1.13
2013.08.26 14:50:31.404,1.53494,1.53509,1.50,1.88
2013.08.26 14:50:31.765,1.53494,1.53508,1.13,1.50
2013.08.26 14:50:33.384,1.53493,1.53508,2.25,1.88
2013.08.26 14:50:37.645,1.53493,1.53508,1.50,1.88
2013.08.26 14:50:40.404,1.53494,1.53508,1.88,1.50
2013.08.26 14:50:45.054,1.53495,1.53511,1.50,2.25
2013.08.26 14:50:45.724,1.53495,1.53511,1.50,1.50
2013.08.26 14:50:47.914,1.53498,1.53512,1.50,1.13
2013.08.26 14:50:49.434,1.53496,1.53511,1.50,1.88
2013.08.26 14:50:50.575,1.53496,1.5351,1.13,2.25
2013.08.26 14:50:50.634,1.53494,1.53509,1.50,1.88
2013.08.26 14:50:50.875,1.53494,1.53507,1.50,1.13
2013.08.26 14:50:51.055,1.53494,1.53507,1.50,1.13
2013.08.26 14:50:53.224,1.53494,1.53507,1.50,1.88
2013.08.26 14:50:53.789,1.53494,1.53507,1.50,1.50
2013.08.26 14:50:57.879,1.53494,1.53507,1.50,1.13
2013.08.26 14:51:00.484,1.53494,1.53506,1.88,1.13
2013.08.26 14:51:00.726,1.53494,1.53506,1.50,1.13
2013.08.26 14:51:00.966,1.53494,1.53507,1.13,1.13
2013.08.26 14:51:01.326,1.53494,1.53509,2.26,2.25
2013.08.26 14:51:01.979,1.53496,1.53509,1.13,1.88
2013.08.26 14:51:03.085,1.53495,1.53509,1.13,1.88
2013.08.26 14:51:03.145,1.53495,1.53509,1.13,3.00
2013.08.26 14:51:03.505,1.53495,1.53509,1.13,2.25
2013.08.26 14:51:03.564,1.53497,1.5351,1.13,1.88
2013.08.26 14:51:03.925,1.53498,1.5351,1.13,2.63
2013.08.26 14:51:04.765,1.53492,1.53507,2.44,3.76
2013.08.26 14:51:04.825,1.53492,1.53507,2.44,4.13
2013.08.26 14:51:04.884,1.53492,1.53507,2.07,4.50
2013.08.26 14:51:05.004,1.53492,1.53507,1.32,1.88
2013.08.26 14:51:05.065,1.53491,1.53505,1.50,2.26
2013.08.26 14:51:05.424,1.53491,1.53505,1.13,5.07
2013.08.26 14:51:05.604,1.53491,1.53503,1.13,2.45
2013.08.26 14:51:05.724,1.53491,1.53503,1.13,1.69
2013.08.26 14:51:05.964,1.53491,1.53503,1.13,2.82
2013.08.26 14:51:06.504,1.53491,1.53502,1.13,3.20
2013.08.26 14:51:06.934,1.53489,1.53502,1.50,1.50
2013.08.26 14:51:07.934,1.53489,1.53501,1.50,1.13
2013.08.26 14:51:08.505,1.53489,1.53501,1.50,1.13
2013.08.26 14:51:09.161,1.53489,1.53501,1.50,1.13
2013.08.26 14:51:09.404,1.53487,1.535,1.32,1.50
2013.08.26 14:51:09.525,1.53487,1.53498,1.32,1.13
2013.08.26 14:51:09.585,1.53485,1.53497,1.13,1.13
2013.08.26 14:51:09.887,1.53487,1.53498,1.88,1.50
2013.08.26 14:51:11.254,1.53486,1.53499,1.50,1.88
2013.08.26 14:51:11.755,1.5349,1.53499,1.13,1.50
2013.08.26 14:51:12.115,1.53493,1.53504,1.50,1.50
2013.08.26 14:51:12.235,1.53494,1.53507,1.13,1.88
2013.08.26 14:51:13.725,1.53494,1.53506,1.13,1.50
2013.08.26 14:51:13.905,1.53494,1.53506,1.13,1.50
2013.08.26 14:51:16.235,1.53492,1.53506,1.50,1.50
2013.08.26 14:51:17.105,1.53492,1.53505,1.50,1.50
2013.08.26 14:51:17.164,1.53491,1.53505,1.13,1.50
2013.08.26 14:51:17.284,1.53489,1.53505,2.63,1.50
2013.08.26 14:51:17.404,1.53489,1.53505,2.63,1.88
2013.08.26 14:51:17.884,1.53487,1.53502,1.32,1.50
2013.08.26 14:51:18.737,1.53489,1.53501,1.88,1.13
2013.08.26 14:51:20.543,1.53489,1.53502,2.25,1.88
2013.08.26 14:51:20.904,1.53489,1.53502,2.63,1.88
2013.08.26 14:51:22.355,1.53489,1.53502,2.63,1.88
2013.08.26 14:51:23.774,1.53489,1.53502,2.25,1.88
2013.08.26 14:51:25.226,1.53489,1.53502,2.63,1.50
2013.08.26 14:51:25.285,1.5349,1.53505,1.13,1.50
2013.08.26 14:51:25.824,1.5349,1.53506,1.13,3.38
2013.08.26 14:51:25.977,1.5349,1.53506,1.50,3.38
2013.08.26 14:51:29.734,1.53491,1.53505,1.50,1.13
2013.08.26 14:51:29.854,1.53491,1.53505,1.13,1.13
2013.08.26 14:51:30.155,1.53489,1.53504,1.50,1.50
2013.08.26 14:51:30.694,1.53489,1.53504,1.50,1.88
2013.08.26 14:51:30.875,1.53489,1.53504,2.25,1.88
2013.08.26 14:51:31.487,1.5349,1.53504,1.13,1.13
2013.08.26 14:51:31.620,1.5349,1.53504,1.13,1.13
2013.08.26 14:51:32.174,1.5349,1.53505,1.13,1.88
2013.08.26 14:51:37.424,1.53491,1.53504,1.13,1.13
2013.08.26 14:51:39.525,1.5349,1.53505,1.88,1.13
2013.08.26 14:51:40.934,1.5349,1.53501,1.50,1.13
2013.08.26 14:51:41.248,1.53487,1.53501,2.63,1.50
2013.08.26 14:51:41.555,1.53489,1.53501,1.50,1.13
2013.08.26 14:51:41.734,1.53489,1.53504,2.25,1.88
2013.08.26 14:51:41.795,1.53489,1.53503,2.25,1.13
2013.08.26 14:51:42.094,1.53489,1.53503,3.00,1.13
2013.08.26 14:51:42.605,1.53489,1.53503,1.88,1.50
2013.08.26 14:51:42.786,1.53488,1.53502,1.13,1.50
2013.08.26 14:51:44.185,1.53488,1.535,1.13,1.13
2013.08.26 14:51:44.305,1.53489,1.535,1.13,1.13
2013.08.26 14:51:44.844,1.53489,1.53504,2.63,1.13
2013.08.26 14:51:44.904,1.5349,1.53501,1.13,1.13
2013.08.26 14:51:45.207,1.5349,1.53498,1.13,1.13
2013.08.26 14:51:45.267,1.5349,1.53501,1.13,1.50
2013.08.26 14:51:45.864,1.53487,1.53502,1.88,1.50
2013.08.26 14:51:46.378,1.53488,1.53502,1.88,1.50
2013.08.26 14:51:46.446,1.5349,1.53505,1.50,1.88
2013.08.26 14:51:46.505,1.53491,1.53508,1.13,3.00
2013.08.26 14:51:47.001,1.53493,1.53507,1.13,1.50
2013.08.26 14:51:47.189,1.53496,1.53509,1.13,1.88
2013.08.26 14:51:47.315,1.53494,1.53507,1.50,1.13
2013.08.26 14:51:49.234,1.5349,1.53502,1.50,1.50
2013.08.26 14:51:49.294,1.53489,1.53502,1.13,1.88
2013.08.26 14:51:49.414,1.53487,1.53502,1.69,1.88
2013.08.26 14:51:49.537,1.53487,1.53502,2.44,1.50
2013.08.26 14:51:49.844,1.53488,1.53504,1.88,1.50
2013.08.26 14:51:50.025,1.53489,1.53505,1.50,2.63
2013.08.26 14:51:50.085,1.53491,1.53505,1.13,2.25
2013.08.26 14:51:51.305,1.53491,1.53506,1.13,1.50
2013.08.26 14:51:52.775,1.53494,1.53508,1.13,1.13
2013.08.26 14:51:53.135,1.535,1.53511,1.13,1.13
2013.08.26 14:51:53.495,1.53491,1.53506,1.88,1.13
2013.08.26 14:51:53.555,1.53491,1.53507,1.50,1.13
2013.08.26 14:51:53.795,1.53492,1.53507,1.88,1.50
2013.08.26 14:51:54.155,1.53488,1.53502,1.50,1.50
2013.08.26 14:51:54.514,1.53487,1.53502,1.13,1.50
2013.08.26 14:51:55.024,1.53487,1.53504,1.88,1.88
2013.08.26 14:51:56.764,1.53489,1.53501,1.13,1.50
2013.08.26 14:52:00.914,1.53488,1.53501,1.13,1.50
2013.08.26 14:52:01.154,1.53486,1.53498,1.50,1.13
2013.08.26 14:52:01.274,1.53486,1.53501,2.25,1.50
2013.08.26 14:52:03.274,1.53487,1.53501,1.13,1.50
2013.08.26 14:52:04.974,1.53486,1.53501,1.50,2.07
2013.08.26 14:52:05.214,1.53484,1.53499,1.50,1.50
2013.08.26 14:52:05.454,1.53484,1.53498,1.50,1.13
2013.08.26 14:52:05.574,1.53484,1.53496,1.13,1.50
2013.08.26 14:52:05.815,1.53482,1.53497,1.13,1.50
2013.08.26 14:52:05.874,1.53482,1.53496,1.13,1.13
2013.08.26 14:52:06.114,1.53481,1.53496,1.13,1.13
2013.08.26 14:52:06.984,1.53481,1.53495,1.13,1.13
2013.08.26 14:52:07.434,1.53482,1.53496,1.13,1.50
2013.08.26 14:52:07.674,1.53483,1.53498,1.88,1.50
2013.08.26 14:52:08.034,1.53483,1.53491,1.50,1.88
2013.08.26 14:52:08.095,1.5348,1.5349,1.50,1.50
2013.08.26 14:52:08.155,1.53478,1.5349,1.13,1.50
2013.08.26 14:52:08.214,1.53478,1.5349,1.13,1.50
2013.08.26 14:52:08.453,1.53476,1.53487,1.88,1.13
2013.08.26 14:52:08.514,1.53476,1.53487,1.13,1.13
2013.08.26 14:52:10.725,1.53476,1.53486,1.50,1.13
2013.08.26 14:52:10.847,1.53483,1.5349,1.13,1.50
2013.08.26 14:52:11.157,1.53489,1.53497,1.88,1.13
2013.08.26 14:52:11.275,1.5349,1.53505,1.88,1.13
2013.08.26 14:52:11.337,1.53493,1.53506,1.13,2.25
2013.08.26 14:52:11.874,1.5349,1.53506,1.50,1.50
2013.08.26 14:52:13.526,1.5349,1.53506,1.13,3.38
2013.08.26 14:52:14.555,1.53491,1.53497,1.13,1.50
2013.08.26 14:52:14.615,1.53486,1.53496,1.32,1.50
2013.08.26 14:52:14.735,1.53485,1.53495,1.13,1.50
2013.08.26 14:52:14.795,1.53481,1.53495,1.13,1.13
2013.08.26 14:52:15.157,1.5348,1.53495,1.13,1.13
2013.08.26 14:52:15.224,1.53478,1.53491,1.32,1.13
2013.08.26 14:52:16.095,1.53477,1.53491,1.69,1.88
2013.08.26 14:52:17.954,1.53476,1.5349,1.13,1.13
2013.08.26 14:52:24.155,1.53477,1.5349,1.69,1.13
2013.08.26 14:52:24.525,1.53484,1.53496,1.88,1.50
2013.08.26 14:52:24.884,1.53485,1.53496,1.13,1.50
2013.08.26 14:52:25.574,1.53484,1.53497,1.50,1.50
2013.08.26 14:52:26.924,1.53484,1.53498,2.25,2.25
2013.08.26 14:52:27.404,1.53487,1.53501,1.13,1.13
2013.08.26 14:52:28.227,1.53487,1.53502,1.13,1.88
2013.08.26 14:52:28.774,1.53489,1.53506,2.25,2.63
2013.08.26 14:52:29.315,1.5349,1.53505,1.13,1.50
2013.08.26 14:52:29.926,1.5349,1.53502,1.13,1.50
2013.08.26 14:52:30.166,1.53489,1.53501,1.50,1.13
2013.08.26 14:52:30.715,1.53489,1.53501,1.50,1.13
2013.08.26 14:52:30.895,1.53486,1.53496,1.50,1.88
2013.08.26 14:52:30.954,1.53483,1.53496,2.07,3.00
2013.08.26 14:52:31.015,1.53482,1.53496,1.32,3.00
2013.08.26 14:52:31.408,1.53481,1.53496,1.50,3.00
2013.08.26 14:52:31.895,1.53481,1.53496,2.25,2.25
2013.08.26 14:52:32.254,1.53489,1.53501,1.50,1.13
2013.08.26 14:52:32.594,1.53489,1.53501,1.50,1.13
2013.08.26 14:52:34.386,1.5349,1.53501,1.13,1.50
2013.08.26 14:52:34.745,1.53483,1.53497,2.07,1.13
2013.08.26 14:52:35.294,1.53483,1.53496,1.13,1.50
2013.08.26 14:52:36.275,1.53481,1.53496,1.13,1.88
2013.08.26 14:52:36.524,1.53481,1.53496,1.50,1.88
2013.08.26 14:52:36.824,1.53492,1.53505,1.50,1.13
2013.08.26 14:52:36.884,1.5349,1.53505,1.13,1.88
2013.08.26 14:52:37.424,1.5349,1.53506,1.50,1.88
2013.08.26 14:52:38.144,1.5349,1.53506,1.13,2.25
2013.08.26 14:52:38.505,1.53489,1.53503,2.63,1.13
2013.08.26 14:52:43.016,1.53489,1.53504,1.88,1.50
2013.08.26 14:52:43.407,1.53489,1.53504,1.88,1.13
2013.08.26 14:52:47.255,1.53494,1.53504,1.50,1.13
2013.08.26 14:52:47.317,1.53494,1.53506,1.50,2.25
2013.08.26 14:52:47.445,1.53494,1.53509,1.50,1.50
2013.08.26 14:52:47.505,1.53494,1.53506,1.50,1.13
2013.08.26 14:52:47.689,1.53499,1.53509,1.13,1.50
2013.08.26 14:52:47.756,1.53499,1.53514,1.50,1.32
2013.08.26 14:52:47.935,1.535,1.53516,1.13,1.50
2013.08.26 14:52:49.765,1.53503,1.53517,2.63,2.25
2013.08.26 14:52:51.554,1.53507,1.53519,1.13,1.88
2013.08.26 14:52:52.534,1.53505,1.53519,1.13,1.88
2013.08.26 14:52:53.049,1.53505,1.53519,1.13,2.25
2013.08.26 14:52:53.606,1.53502,1.53518,1.50,1.88
2013.08.26 14:52:54.156,1.53502,1.53516,1.50,1.50
2013.08.26 14:52:54.707,1.53502,1.53516,1.50,1.50
2013.08.26 14:53:05.004,1.53503,1.53516,1.13,2.25
2013.08.26 14:53:05.066,1.53503,1.53515,1.13,1.50
2013.08.26 14:53:06.774,1.53499,1.53511,1.13,1.50
2013.08.26 14:53:07.166,1.53496,1.5351,1.13,1.50
2013.08.26 14:53:07.225,1.53494,1.5351,1.88,3.00
2013.08.26 14:53:08.283,1.53494,1.53509,1.13,1.13
2013.08.26 14:53:08.795,1.53494,1.53509,1.13,1.13
2013.08.26 14:53:09.324,1.53494,1.53509,1.13,1.13
2013.08.26 14:53:09.834,1.53494,1.53508,1.50,1.13
2013.08.26 14:53:10.906,1.53494,1.53508,1.50,1.13
2013.08.26 14:53:12.146,1.53497,1.5351,1.13,1.50
2013.08.26 14:53:12.205,1.53497,1.53511,1.13,2.63
2013.08.26 14:53:12.324,1.53494,1.53511,2.63,1.50
2013.08.26 14:53:12.864,1.535,1.53515,1.13,2.25
2013.08.26 14:53:13.597,1.53499,1.53514,1.50,1.13
2013.08.26 14:53:13.657,1.53496,1.5351,1.13,1.13
2013.08.26 14:53:13.785,1.53495,1.5351,1.13,1.50
2013.08.26 14:53:13.845,1.53494,1.53509,2.25,1.50
2013.08.26 14:53:13.965,1.53494,1.5351,1.88,3.00
2013.08.26 14:53:14.505,1.53494,1.5351,1.13,3.00
2013.08.26 14:53:14.564,1.53494,1.5351,1.13,2.63
2013.08.26 14:53:16.278,1.53496,1.5351,1.13,2.25
2013.08.26 14:53:16.347,1.53494,1.5351,2.63,2.25
2013.08.26 14:53:16.465,1.53494,1.53509,2.63,1.13
2013.08.26 14:53:19.045,1.53495,1.53511,1.88,2.25
2013.08.26 14:53:19.165,1.535,1.53514,1.13,1.50
2013.08.26 14:53:19.284,1.53501,1.53516,1.13,1.13
2013.08.26 14:53:19.345,1.53499,1.53516,1.88,1.88
2013.08.26 14:53:19.405,1.53499,1.53514,1.13,1.13
2013.08.26 14:53:20.056,1.53499,1.53512,1.50,1.13
2013.08.26 14:53:20.415,1.53496,1.53509,1.88,1.13
2013.08.26 14:53:20.534,1.53495,1.53508,1.50,1.13
2013.08.26 14:53:20.595,1.53495,1.5351,2.25,1.13
2013.08.26 14:53:27.314,1.53499,1.53511,1.88,1.13
2013.08.26 14:53:27.994,1.53495,1.53508,1.50,1.13
2013.08.26 14:53:28.364,1.53495,1.53508,1.88,1.13
2013.08.26 14:53:28.685,1.53495,1.53508,1.50,1.13
2013.08.26 14:53:29.223,1.53495,1.53508,1.50,1.13
2013.08.26 14:53:29.597,1.53495,1.53509,1.88,1.50
2013.08.26 14:53:30.825,1.53495,1.53509,1.13,1.50
2013.08.26 14:53:31.184,1.53495,1.53508,1.13,1.13
2013.08.26 14:53:31.305,1.53496,1.53508,1.13,1.13
2013.08.26 14:53:36.807,1.53496,1.53511,2.25,1.13
2013.08.26 14:53:37.114,1.53496,1.53511,3.00,1.13
2013.08.26 14:53:37.416,1.53498,1.53511,1.13,2.63
2013.08.26 14:53:37.657,1.53496,1.53511,1.50,1.88
2013.08.26 14:53:37.775,1.53498,1.53512,1.13,1.88
2013.08.26 14:53:38.076,1.53497,1.53508,1.13,1.13
2013.08.26 14:53:38.434,1.53499,1.53511,1.50,2.63
2013.08.26 14:53:38.495,1.53502,1.53511,1.13,1.88
2013.08.26 14:53:39.635,1.53503,1.53511,1.13,1.13
2013.08.26 14:53:41.309,1.53504,1.53516,1.13,2.63
2013.08.26 14:53:44.247,1.53502,1.53515,1.13,1.50
2013.08.26 14:53:45.348,1.53502,1.53513,1.13,1.13
2013.08.26 14:53:45.416,1.53497,1.53511,4.13,1.13
2013.08.26 14:53:45.655,1.535,1.53511,1.50,1.13
2013.08.26 14:53:45.957,1.535,1.53511,1.50,1.13
2013.08.26 14:53:46.495,1.535,1.53511,1.50,1.13
2013.08.26 14:53:47.044,1.535,1.53511,1.13,1.13
2013.08.26 14:53:48.544,1.535,1.53511,1.13,1.13
2013.08.26 14:53:49.315,1.535,1.53511,1.13,1.13
2013.08.26 14:53:49.434,1.535,1.53511,1.13,1.13
2013.08.26 14:53:49.675,1.535,1.53511,1.13,1.13
2013.08.26 14:53:54.384,1.53498,1.53511,1.22,1.13
2013.08.26 14:53:54.624,1.53497,1.53511,1.60,1.13
2013.08.26 14:53:55.134,1.53497,1.53511,1.60,1.50
2013.08.26 14:53:55.435,1.53494,1.5351,1.88,1.88
2013.08.26 14:53:55.975,1.53495,1.53511,1.69,5.25
2013.08.26 14:53:56.034,1.53496,1.53511,1.32,4.50
2013.08.26 14:53:56.635,1.53497,1.53511,1.60,3.38
2013.08.26 14:53:58.764,1.53497,1.53511,1.22,2.63
2013.08.26 14:53:59.323,1.53499,1.53511,1.22,1.13
2013.08.26 14:53:59.864,1.53499,1.53511,1.97,1.13
2013.08.26 14:54:00.444,1.53499,1.53511,1.22,1.13
2013.08.26 14:54:00.984,1.53499,1.53511,1.22,1.13
2013.08.26 14:54:01.394,1.53499,1.53511,1.22,1.13
2013.08.26 14:54:02.926,1.53497,1.53511,2.35,1.50
2013.08.26 14:54:03.264,1.53497,1.53511,2.35,1.50
2013.08.26 14:54:03.625,1.53496,1.53508,1.32,1.13
2013.08.26 14:54:09.245,1.53494,1.5351,3.19,1.13
2013.08.26 14:54:09.364,1.53497,1.5351,1.22,1.13
2013.08.26 14:54:09.666,1.53499,1.53511,1.22,1.13
2013.08.26 14:54:10.205,1.535,1.53511,1.13,1.13
2013.08.26 14:54:13.284,1.535,1.53511,1.13,1.13
2013.08.26 14:54:13.786,1.53499,1.53511,1.22,1.13
2013.08.26 14:54:14.554,1.53498,1.53511,1.60,1.13
2013.08.26 14:54:15.625,1.53497,1.53511,1.97,1.13
2013.08.26 14:54:16.136,1.53498,1.53511,1.22,1.13
2013.08.26 14:54:16.497,1.53498,1.53511,1.22,1.13
2013.08.26 14:54:17.384,1.53498,1.53511,1.22,1.13
2013.08.26 14:54:18.336,1.53498,1.53511,1.22,1.50
2013.08.26 14:54:19.124,1.53498,1.53511,1.22,1.50
2013.08.26 14:54:19.898,1.53498,1.53511,1.22,1.50
2013.08.26 14:54:20.567,1.53498,1.53511,1.22,1.50
2013.08.26 14:54:23.314,1.53498,1.53511,1.22,1.50
2013.08.26 14:54:24.517,1.53498,1.53511,1.22,1.50
2013.08.26 14:54:24.876,1.53494,1.53508,1.32,1.13
2013.08.26 14:54:25.178,1.53493,1.53506,1.69,1.13
2013.08.26 14:54:25.237,1.53493,1.53506,1.32,1.13
2013.08.26 14:54:25.416,1.53495,1.53509,1.69,1.13
2013.08.26 14:54:25.476,1.53496,1.53511,1.69,3.19
2013.08.26 14:54:25.547,1.53496,1.53511,1.69,2.82
2013.08.26 14:54:26.035,1.53498,1.53513,3.47,1.88
2013.08.26 14:54:26.337,1.53501,1.53518,1.60,2.44
2013.08.26 14:54:26.577,1.53506,1.53521,1.13,1.13
2013.08.26 14:54:26.695,1.53506,1.5352,1.13,1.13
2013.08.26 14:54:26.815,1.53506,1.53522,1.13,1.13
2013.08.26 14:54:26.937,1.53507,1.53522,1.13,1.50
2013.08.26 14:54:28.325,1.53508,1.53521,1.13,1.50
2013.08.26 14:54:28.746,1.53507,1.53521,1.13,2.63
2013.08.26 14:54:28.807,1.53504,1.53516,2.25,1.13
2013.08.26 14:54:28.877,1.53502,1.53516,1.88,1.13
2013.08.26 14:54:28.950,1.53502,1.53516,1.13,1.13
2013.08.26 14:54:29.015,1.53502,1.53517,1.50,1.13
2013.08.26 14:54:29.470,1.53504,1.53518,1.13,2.25
2013.08.26 14:54:30.136,1.53503,1.53518,1.50,2.25
2013.08.26 14:54:30.196,1.53503,1.53516,1.13,1.13
2013.08.26 14:54:30.438,1.535,1.53516,1.88,1.88
2013.08.26 14:54:30.628,1.535,1.53513,2.63,1.13
2013.08.26 14:54:31.235,1.53501,1.53511,1.50,1.13
2013.08.26 14:54:31.597,1.53505,1.53521,1.13,1.50
2013.08.26 14:54:32.335,1.53506,1.53521,1.13,1.13
2013.08.26 14:54:32.694,1.53509,1.53523,1.32,1.13
2013.08.26 14:54:33.234,1.53508,1.53521,1.32,1.50
2013.08.26 14:54:33.741,1.53509,1.53523,1.32,1.88
2013.08.26 14:54:34.465,1.53509,1.53523,1.32,1.13
2013.08.26 14:54:35.945,1.53507,1.53521,1.69,1.88
2013.08.26 14:54:36.305,1.53504,1.5352,2.07,1.13
2013.08.26 14:54:38.574,1.53503,1.53516,1.60,2.25
2013.08.26 14:54:39.125,1.53503,1.53516,1.04,2.25
2013.08.26 14:54:40.004,1.535,1.53511,1.22,1.50
2013.08.26 14:54:40.067,1.53499,1.53511,1.13,1.50
2013.08.26 14:54:40.244,1.53498,1.53511,2.25,1.50
2013.08.26 14:54:40.425,1.53499,1.53511,1.50,1.13
2013.08.26 14:54:40.964,1.53501,1.53516,1.13,3.00
2013.08.26 14:54:41.625,1.53501,1.53516,1.13,3.00
2013.08.26 14:54:42.185,1.53501,1.53516,1.50,3.00
2013.08.26 14:54:43.044,1.53501,1.53516,1.50,3.00
2013.08.26 14:54:43.405,1.53501,1.53516,1.50,3.00
2013.08.26 14:54:45.308,1.53504,1.53516,1.88,1.13
2013.08.26 14:54:45.625,1.535,1.53512,1.13,1.50
2013.08.26 14:54:45.925,1.53501,1.53511,1.13,1.13
2013.08.26 14:54:46.266,1.53504,1.53511,1.13,1.13
2013.08.26 14:54:47.094,1.53504,1.53515,1.13,1.50
2013.08.26 14:54:47.155,1.535,1.53514,1.13,1.13
2013.08.26 14:54:47.215,1.535,1.53514,1.13,1.88
2013.08.26 14:54:48.685,1.53504,1.53512,1.13,1.88
2013.08.26 14:54:49.224,1.53504,1.53514,1.13,1.50
2013.08.26 14:54:49.584,1.53503,1.53516,1.13,1.50
2013.08.26 14:54:50.787,1.53504,1.53517,2.25,1.50
2013.08.26 14:54:52.005,1.53504,1.53517,1.50,1.88
2013.08.26 14:54:53.604,1.53502,1.53517,2.63,1.88
2013.08.26 14:54:54.145,1.53504,1.53517,2.25,1.13
2013.08.26 14:54:54.265,1.53504,1.53517,2.25,1.13
2013.08.26 14:54:54.565,1.53501,1.53516,1.13,1.13
2013.08.26 14:54:55.159,1.535,1.53516,2.63,2.25
2013.08.26 14:54:56.145,1.535,1.53512,2.25,1.13
2013.08.26 14:54:58.484,1.535,1.53512,1.50,1.13
2013.08.26 14:54:58.724,1.53498,1.53512,1.50,1.50
2013.08.26 14:54:59.165,1.535,1.53513,1.88,1.13
2013.08.26 14:54:59.285,1.53501,1.53514,1.50,1.13
2013.08.26 14:54:59.646,1.535,1.53514,1.50,1.13
2013.08.26 14:55:01.509,1.53499,1.53514,3.38,1.50
2013.08.26 14:55:01.828,1.53504,1.53515,2.25,1.13
2013.08.26 14:55:02.968,1.53504,1.53516,1.88,1.13
2013.08.26 14:55:04.626,1.53504,1.53518,1.88,1.50
2013.08.26 14:55:05.165,1.53504,1.53516,1.88,1.50
2013.08.26 14:55:05.516,1.53504,1.53516,1.88,1.50
2013.08.26 14:55:05.817,1.53514,1.53525,1.50,3.00
2013.08.26 14:55:05.875,1.53514,1.53528,2.25,2.25
2013.08.26 14:55:05.936,1.53515,1.53528,1.13,2.63
2013.08.26 14:55:06.234,1.53514,1.53527,1.50,1.50
2013.08.26 14:55:06.294,1.53514,1.53527,1.13,1.50
2013.08.26 14:55:06.414,1.53514,1.53525,1.13,1.13
2013.08.26 14:55:06.715,1.53514,1.53523,1.50,1.13
2013.08.26 14:55:06.954,1.53514,1.53527,1.13,1.13
2013.08.26 14:55:08.514,1.53514,1.53529,1.50,1.13
2013.08.26 14:55:09.054,1.53514,1.53529,2.25,1.88
2013.08.26 14:55:09.594,1.53514,1.53528,1.13,1.50
2013.08.26 14:55:10.326,1.53514,1.53529,1.13,2.25
2013.08.26 14:55:10.924,1.53512,1.53526,1.50,1.13
2013.08.26 14:55:11.284,1.53514,1.53526,1.13,1.88
2013.08.26 14:55:11.870,1.53514,1.53526,1.13,1.13
2013.08.26 14:55:12.364,1.53514,1.53528,1.50,1.13
2013.08.26 14:55:12.664,1.53508,1.53522,1.32,1.13
2013.08.26 14:55:12.784,1.53509,1.53524,1.69,1.88
2013.08.26 14:55:13.416,1.53509,1.53524,1.69,1.88
2013.08.26 14:55:16.214,1.53512,1.53523,1.13,1.50
2013.08.26 14:55:16.825,1.53512,1.53524,1.13,2.25
2013.08.26 14:55:17.917,1.53512,1.53523,1.13,1.50
2013.08.26 14:55:18.279,1.53511,1.53524,1.13,1.88
2013.08.26 14:55:18.346,1.53512,1.53524,1.13,1.88
2013.08.26 14:55:20.007,1.53511,1.53525,1.88,1.50
2013.08.26 14:55:20.245,1.53512,1.53526,1.13,2.63
2013.08.26 14:55:20.544,1.53511,1.53526,2.25,2.63
2013.08.26 14:55:21.044,1.53511,1.53526,2.25,2.63
2013.08.26 14:55:22.596,1.53512,1.53524,1.13,1.13
2013.08.26 14:55:22.657,1.53512,1.53525,1.50,1.50
2013.08.26 14:55:23.216,1.53513,1.53525,1.13,1.50
2013.08.26 14:55:24.215,1.53514,1.53525,1.50,1.50
2013.08.26 14:55:24.334,1.53514,1.53526,1.88,1.50
2013.08.26 14:55:24.455,1.53514,1.53529,1.88,1.50
2013.08.26 14:55:24.973,1.53515,1.53529,1.50,1.50
2013.08.26 14:55:37.167,1.53515,1.53529,1.13,1.13
2013.08.26 14:55:37.225,1.53515,1.53529,1.13,1.13
2013.08.26 14:55:37.585,1.53516,1.53526,1.50,1.13
2013.08.26 14:55:37.646,1.53517,1.53529,1.13,1.50
2013.08.26 14:55:38.065,1.53516,1.53526,1.50,1.13
2013.08.26 14:55:38.614,1.53516,1.53526,1.13,1.13
2013.08.26 14:55:39.725,1.53515,1.53526,1.13,1.13
2013.08.26 14:55:40.815,1.53515,1.53523,1.13,1.13
2013.08.26 14:55:41.115,1.53515,1.53526,1.13,1.13
2013.08.26 14:55:41.516,1.53515,1.53527,1.13,1.13
2013.08.26 14:55:41.639,1.53515,1.53526,1.13,1.13
2013.08.26 14:55:41.945,1.53516,1.53528,1.88,1.13
2013.08.26 14:55:42.484,1.53516,1.53526,1.13,1.13
2013.08.26 14:55:43.139,1.53516,1.53526,1.13,1.13
2013.08.26 14:55:43.679,1.53519,1.53531,1.13,2.63
2013.08.26 14:55:43.745,1.53519,1.53531,1.50,2.25
2013.08.26 14:55:43.926,1.53517,1.5353,1.13,1.13
2013.08.26 14:55:43.986,1.53515,1.53529,2.25,1.13
2013.08.26 14:55:44.046,1.53517,1.53531,2.25,2.63
2013.08.26 14:55:44.226,1.53519,1.5353,1.13,1.13
2013.08.26 14:55:44.349,1.53519,1.53531,1.13,1.13
2013.08.26 14:55:44.838,1.53519,1.53533,1.88,1.50
2013.08.26 14:55:45.086,1.5352,1.53536,1.88,1.50
2013.08.26 14:55:45.384,1.5352,1.53536,1.88,1.50
2013.08.26 14:55:45.507,1.5352,1.53536,1.88,1.88
2013.08.26 14:55:45.626,1.5352,1.53536,1.50,1.88
2013.08.26 14:55:47.645,1.53521,1.53536,1.88,3.00
2013.08.26 14:55:47.705,1.53521,1.53536,2.63,2.25
2013.08.26 14:55:47.946,1.53524,1.53539,1.88,1.88
2013.08.26 14:55:48.005,1.53524,1.5354,2.25,1.50
2013.08.26 14:55:48.546,1.53524,1.53539,2.25,1.88
2013.08.26 14:55:48.795,1.53524,1.53541,3.00,2.25
2013.08.26 14:55:49.706,1.53534,1.53541,1.88,1.88
2013.08.26 14:55:49.825,1.53539,1.53545,1.50,1.13
2013.08.26 14:55:49.946,1.53539,1.5355,1.50,1.13
2013.08.26 14:55:50.064,1.53539,1.53553,1.50,1.69
2013.08.26 14:55:51.564,1.53539,1.53553,1.13,1.69
2013.08.26 14:55:51.864,1.53539,1.53553,1.13,1.69
2013.08.26 14:55:53.405,1.53539,1.53553,1.50,1.13
2013.08.26 14:55:53.525,1.53539,1.53553,1.13,3.00
2013.08.26 14:55:54.055,1.53538,1.5355,1.13,1.13
2013.08.26 14:55:54.175,1.53538,1.5355,1.13,1.13
2013.08.26 14:55:54.295,1.53538,1.5355,1.13,1.50
2013.08.26 14:55:54.535,1.53538,1.5355,1.50,1.50
2013.08.26 14:55:54.837,1.53539,1.5355,1.13,1.50
2013.08.26 14:55:55.076,1.53536,1.53548,1.13,1.13
2013.08.26 14:55:55.257,1.53534,1.53547,1.13,1.50
2013.08.26 14:55:55.852,1.53536,1.53547,1.50,1.13
2013.08.26 14:55:56.666,1.53536,1.53547,1.50,1.50
2013.08.26 14:55:56.725,1.53536,1.53547,1.50,1.50
2013.08.26 14:55:56.846,1.53539,1.53548,1.50,1.13
2013.08.26 14:55:56.965,1.53539,1.53552,1.50,1.13
2013.08.26 14:55:57.505,1.53539,1.53549,1.13,1.88
2013.08.26 14:55:57.565,1.53535,1.53547,2.44,1.13
2013.08.26 14:55:58.475,1.53534,1.53547,1.50,1.13
2013.08.26 14:55:58.595,1.53534,1.53547,1.88,1.13
2013.08.26 14:55:59.795,1.53535,1.53548,1.50,1.05
2013.08.26 14:56:07.148,1.53535,1.5355,1.50,1.50
2013.08.26 14:56:09.566,1.53538,1.5355,1.50,1.13
2013.08.26 14:56:12.085,1.53537,1.5355,1.13,1.50
2013.08.26 14:56:17.163,1.53538,1.53548,1.50,1.13
2013.08.26 14:56:18.506,1.53536,1.53548,1.88,1.13
2013.08.26 14:56:18.804,1.53534,1.53548,2.07,1.13
2013.08.26 14:56:19.045,1.53535,1.53547,1.13,1.13
2013.08.26 14:56:21.007,1.53534,1.53549,2.25,1.88
2013.08.26 14:56:21.315,1.53534,1.53548,2.25,1.88
2013.08.26 14:56:21.555,1.53533,1.53547,1.88,1.50
2013.08.26 14:56:24.214,1.53533,1.53546,1.13,1.50
2013.08.26 14:56:25.757,1.5353,1.53545,1.32,1.50
2013.08.26 14:56:25.875,1.5353,1.53545,1.13,3.38
2013.08.26 14:56:26.446,1.53529,1.53543,1.13,1.13
2013.08.26 14:56:27.135,1.53525,1.53541,1.32,3.38
2013.08.26 14:56:27.195,1.53525,1.5354,1.13,1.50
2013.08.26 14:56:27.435,1.53521,1.53536,1.69,1.50
2013.08.26 14:56:27.956,1.5352,1.53536,1.32,1.88
2013.08.26 14:56:29.212,1.5352,1.53534,1.32,1.13
2013.08.26 14:56:37.825,1.53521,1.53534,1.13,1.13
2013.08.26 14:56:38.796,1.5352,1.53535,1.50,1.13
2013.08.26 14:56:38.915,1.53521,1.53535,1.13,1.13
2013.08.26 14:56:39.034,1.53524,1.53536,1.50,1.88
2013.08.26 14:56:39.574,1.53522,1.53536,1.50,1.50
2013.08.26 14:56:39.815,1.5352,1.53535,1.88,2.25
2013.08.26 14:56:40.816,1.5352,1.53535,2.63,1.88
2013.08.26 14:56:40.875,1.5352,1.53534,2.25,1.13
2013.08.26 14:56:40.994,1.5352,1.53534,2.25,1.50
2013.08.26 14:56:41.115,1.5352,1.53534,1.88,1.50
2013.08.26 14:56:41.655,1.5352,1.53534,1.88,1.50
2013.08.26 14:56:42.685,1.5352,1.53534,1.88,1.13
2013.08.26 14:56:43.425,1.5352,1.53533,1.88,1.13
2013.08.26 14:56:43.664,1.53519,1.53534,1.13,1.88
2013.08.26 14:56:43.725,1.53517,1.53532,1.88,1.13
2013.08.26 14:56:43.845,1.53517,1.53532,1.50,3.00
2013.08.26 14:56:45.324,1.53517,1.53531,1.50,1.13
2013.08.26 14:56:45.505,1.5352,1.53532,1.50,1.50
2013.08.26 14:56:45.565,1.5352,1.53535,1.50,1.88
2013.08.26 14:56:45.625,1.53521,1.53535,1.50,1.13
2013.08.26 14:56:45.866,1.53524,1.53539,1.50,2.63
2013.08.26 14:56:46.295,1.53524,1.53538,1.50,1.13
2013.08.26 14:56:47.365,1.53524,1.53539,1.50,1.88
2013.08.26 14:56:49.794,1.53525,1.53538,1.50,1.88
2013.08.26 14:56:49.919,1.53525,1.53538,1.50,1.88
2013.08.26 14:56:50.225,1.53526,1.53538,1.50,1.13
2013.08.26 14:56:51.186,1.53525,1.53539,1.13,1.13
2013.08.26 14:56:51.248,1.53525,1.53538,1.13,1.13
2013.08.26 14:56:51.555,1.53525,1.53537,1.50,1.50
2013.08.26 14:56:55.675,1.53525,1.53538,1.50,1.13
2013.08.26 14:56:56.195,1.53525,1.53537,1.50,1.50
2013.08.26 14:56:56.745,1.53525,1.53537,1.50,1.50
2013.08.26 14:56:57.724,1.53525,1.53537,1.50,1.50
2013.08.26 14:56:59.285,1.53525,1.53537,1.50,1.50
2013.08.26 14:56:59.465,1.53521,1.53536,2.25,2.25
2013.08.26 14:56:59.525,1.53521,1.53536,2.25,1.88
2013.08.26 14:56:59.765,1.53521,1.53536,2.25,1.50
2013.08.26 14:57:02.586,1.53524,1.53539,1.13,2.25
2013.08.26 14:57:04.235,1.53527,1.53539,1.13,1.50
2013.08.26 14:57:04.296,1.53527,1.5354,1.13,1.50
2013.08.26 14:57:05.126,1.53525,1.53539,1.50,1.50
2013.08.26 14:57:05.245,1.53525,1.53539,1.50,1.50
2013.08.26 14:57:05.554,1.53525,1.53538,1.50,1.50
2013.08.26 14:57:06.428,1.53525,1.53536,1.50,1.13
2013.08.26 14:57:06.982,1.53525,1.53537,1.50,1.50
2013.08.26 14:57:07.299,1.53527,1.53537,1.13,1.50
2013.08.26 14:57:07.425,1.53525,1.53534,1.50,1.13
2013.08.26 14:57:07.546,1.53525,1.53534,1.13,1.13
2013.08.26 14:57:09.476,1.53527,1.53542,1.13,1.50
2013.08.26 14:57:09.625,1.53529,1.53542,1.50,1.50
2013.08.26 14:57:09.807,1.53529,1.53545,2.25,1.50
2013.08.26 14:57:09.926,1.53529,1.53544,1.50,1.50
2013.08.26 14:57:10.047,1.53526,1.53541,1.13,1.50
2013.08.26 14:57:10.166,1.53525,1.53541,1.88,1.13
2013.08.26 14:57:10.285,1.53525,1.5354,1.13,1.13
2013.08.26 14:57:10.345,1.53526,1.53541,1.13,1.88
2013.08.26 14:57:10.705,1.53531,1.53544,1.88,1.50
2013.08.26 14:57:11.245,1.53531,1.53544,1.88,1.50
2013.08.26 14:57:11.784,1.53531,1.53544,1.88,1.50
2013.08.26 14:57:13.875,1.53531,1.53546,2.25,1.50
2013.08.26 14:57:13.935,1.53534,1.53546,1.13,1.50
2013.08.26 14:57:14.235,1.53534,1.53547,1.88,1.50
2013.08.26 14:57:14.786,1.53534,1.5355,1.88,2.25
2013.08.26 14:57:16.564,1.53534,1.53549,2.25,1.50
2013.08.26 14:57:16.825,1.53534,1.53546,1.13,1.88
2013.08.26 14:57:16.886,1.53534,1.53544,1.13,1.50
2013.08.26 14:57:17.005,1.5353,1.53541,1.88,1.50
2013.08.26 14:57:17.065,1.5353,1.53541,1.88,1.50
2013.08.26 14:57:17.184,1.53526,1.53539,1.88,1.50
2013.08.26 14:57:17.545,1.53525,1.53539,1.13,1.88
2013.08.26 14:57:17.605,1.53525,1.5354,1.13,1.13
2013.08.26 14:57:18.086,1.53527,1.53541,1.88,1.88
2013.08.26 14:57:18.624,1.53527,1.53541,2.25,1.50
2013.08.26 14:57:22.386,1.53527,1.53542,2.25,1.88
2013.08.26 14:57:22.747,1.53527,1.53542,2.25,1.50
2013.08.26 14:57:23.212,1.53529,1.53543,1.50,1.88
2013.08.26 14:57:23.587,1.53534,1.53547,1.13,1.50
2013.08.26 14:57:23.944,1.53536,1.53548,1.13,1.50
2013.08.26 14:57:26.765,1.53536,1.53548,1.13,1.50
2013.08.26 14:57:27.806,1.53533,1.53546,1.88,1.13
2013.08.26 14:57:28.374,1.53533,1.53546,1.13,1.13
2013.08.26 14:57:28.554,1.53533,1.53548,1.50,2.25
2013.08.26 14:57:31.746,1.53532,1.53544,1.88,1.13
2013.08.26 14:57:31.869,1.53532,1.53546,1.13,1.13
2013.08.26 14:57:34.699,1.53532,1.53546,1.13,1.13
2013.08.26 14:57:34.826,1.53531,1.53546,2.25,1.13
2013.08.26 14:57:34.946,1.53534,1.53548,1.13,2.25
2013.08.26 14:57:37.959,1.53534,1.53548,1.13,1.13
2013.08.26 14:57:38.086,1.53534,1.53548,1.13,1.13
2013.08.26 14:57:38.325,1.53534,1.53549,1.13,1.88
2013.08.26 14:57:39.415,1.53534,1.53548,1.13,1.88
2013.08.26 14:57:39.475,1.53533,1.53548,1.50,2.63
2013.08.26 14:57:39.779,1.53535,1.53548,1.13,1.88
2013.08.26 14:57:39.965,1.53538,1.5355,1.13,1.50
2013.08.26 14:57:40.326,1.53535,1.5355,1.50,3.00
2013.08.26 14:57:41.039,1.53535,1.53549,1.13,2.25
2013.08.26 14:57:41.742,1.53535,1.53548,1.13,1.13
2013.08.26 14:57:45.379,1.53534,1.53548,1.13,1.13
2013.08.26 14:57:45.686,1.53538,1.53551,1.13,2.63
2013.08.26 14:57:46.045,1.53533,1.53547,1.32,1.50
2013.08.26 14:57:46.227,1.53533,1.53547,1.32,1.50
2013.08.26 14:57:46.945,1.53532,1.53547,1.88,1.88
2013.08.26 14:57:47.655,1.53534,1.53547,1.13,1.50
2013.08.26 14:57:47.836,1.53538,1.53552,1.13,1.13
2013.08.26 14:57:47.894,1.53537,1.53546,1.50,1.13
2013.08.26 14:57:48.016,1.53532,1.53541,1.13,1.13
2013.08.26 14:57:48.195,1.5353,1.53541,1.13,1.13
2013.08.26 14:57:48.316,1.53527,1.53541,2.63,1.13
2013.08.26 14:57:48.855,1.53526,1.53541,1.13,1.88
2013.08.26 14:57:49.394,1.53524,1.5354,1.69,1.50
2013.08.26 14:57:50.265,1.53524,1.53539,1.69,1.50
2013.08.26 14:57:51.207,1.53524,1.53538,1.69,1.13
2013.08.26 14:57:53.925,1.53523,1.53537,1.32,1.50
2013.08.26 14:57:54.045,1.53522,1.53537,1.88,1.88
2013.08.26 14:57:54.464,1.53521,1.53535,1.13,1.13
2013.08.26 14:57:55.605,1.5352,1.53531,1.50,1.13
2013.08.26 14:57:55.915,1.53519,1.53532,1.50,1.13
2013.08.26 14:57:57.886,1.53519,1.53531,1.50,1.13
2013.08.26 14:57:58.195,1.53516,1.53531,1.88,1.88
2013.08.26 14:58:00.487,1.53515,1.53529,1.13,1.13
2013.08.26 14:58:00.735,1.53512,1.53526,1.13,1.13
2013.08.26 14:58:00.917,1.53511,1.53524,1.88,1.13
2013.08.26 14:58:01.454,1.53509,1.53523,2.25,1.13
2013.08.26 14:58:01.940,1.53515,1.53528,1.50,1.13
2013.08.26 14:58:02.066,1.53516,1.5353,1.13,1.50
2013.08.26 14:58:02.185,1.53518,1.53531,1.50,1.50
2013.08.26 14:58:02.245,1.53517,1.53531,2.25,1.50
2013.08.26 14:58:02.365,1.53517,1.53531,1.88,1.50
2013.08.26 14:58:02.665,1.53517,1.53531,2.07,1.50
2013.08.26 14:58:03.122,1.53522,1.53534,1.88,1.50
2013.08.26 14:58:03.947,1.53521,1.53531,1.32,1.50
2013.08.26 14:58:04.065,1.53516,1.5353,2.37,2.25
2013.08.26 14:58:04.245,1.53517,1.53528,1.32,1.13
2013.08.26 14:58:04.425,1.53516,1.5353,3.87,1.88
2013.08.26 14:58:04.485,1.53516,1.5353,4.62,1.50
2013.08.26 14:58:04.725,1.53517,1.53531,2.07,1.13
2013.08.26 14:58:04.785,1.53519,1.53531,1.88,1.50
2013.08.26 14:58:07.655,1.53517,1.53529,1.32,1.13
2013.08.26 14:58:07.896,1.53517,1.53529,2.07,1.13
2013.08.26 14:58:09.766,1.53513,1.53526,3.57,1.13
2013.08.26 14:58:11.415,1.53517,1.53528,1.13,1.13
2013.08.26 14:58:11.655,1.53517,1.53532,1.50,1.50
2013.08.26 14:58:13.366,1.53519,1.53531,1.13,1.13
2013.08.26 14:58:13.605,1.53519,1.53531,1.13,1.13
2013.08.26 14:58:14.027,1.5352,1.53533,1.50,1.88
2013.08.26 14:58:15.306,1.5352,1.53533,1.50,1.13
2013.08.26 14:58:16.967,1.53521,1.53533,1.13,1.50
2013.08.26 14:58:17.147,1.53521,1.53533,1.13,1.50
2013.08.26 14:58:17.685,1.53521,1.53534,1.13,2.25
2013.08.26 14:58:28.086,1.53524,1.53537,2.25,1.88
2013.08.26 14:58:28.146,1.53524,1.53536,1.88,1.13
2013.08.26 14:58:28.566,1.53525,1.5354,1.50,1.88
2013.08.26 14:58:28.685,1.53527,1.53541,1.13,1.88
2013.08.26 14:58:29.345,1.53526,1.53541,1.13,1.50
2013.08.26 14:58:29.896,1.53525,1.53541,1.88,2.25
2013.08.26 14:58:30.435,1.53525,1.5354,3.00,1.13
2013.08.26 14:58:30.755,1.53526,1.53541,1.13,2.25
2013.08.26 14:58:31.056,1.53528,1.53541,1.13,1.88
2013.08.26 14:58:31.356,1.5353,1.53543,1.13,1.13
2013.08.26 14:58:32.925,1.53532,1.53544,1.13,1.50
2013.08.26 14:58:33.465,1.53532,1.53545,1.13,2.63
2013.08.26 14:58:33.905,1.53532,1.53543,1.13,1.50
2013.08.26 14:58:34.027,1.53531,1.53544,1.13,1.13
2013.08.26 14:58:34.386,1.53526,1.53541,2.63,1.13
2013.08.26 14:58:34.445,1.53526,1.53541,1.50,1.88
2013.08.26 14:58:34.505,1.53525,1.5354,1.88,1.13
2013.08.26 14:58:35.058,1.53525,1.53541,1.13,3.38
2013.08.26 14:58:35.578,1.53525,1.53541,1.88,3.00
2013.08.26 14:58:35.885,1.53526,1.53541,1.13,3.00
2013.08.26 14:58:38.098,1.53526,1.53539,1.13,1.88
2013.08.26 14:58:38.167,1.53524,1.53538,1.13,1.50
2013.08.26 14:58:38.228,1.53523,1.53537,1.13,1.13
2013.08.26 14:58:38.715,1.53524,1.53537,1.13,1.13
2013.08.26 14:58:39.016,1.53528,1.53541,1.50,1.50
2013.08.26 14:58:39.195,1.53529,1.53542,2.25,1.13
2013.08.26 14:58:39.255,1.5353,1.53545,1.50,1.13
2013.08.26 14:58:39.496,1.53532,1.53546,1.50,2.25
2013.08.26 14:58:39.918,1.53534,1.5355,2.25,1.88
2013.08.26 14:58:40.300,1.53533,1.53548,2.25,1.13
2013.08.26 14:58:40.937,1.53534,1.5355,1.50,1.88
2013.08.26 14:58:41.606,1.53536,1.5355,1.13,2.63
2013.08.26 14:58:42.846,1.53535,1.53549,1.50,1.50
2013.08.26 14:58:43.215,1.53533,1.53547,1.50,1.13
2013.08.26 14:58:43.575,1.53529,1.53541,1.50,1.13
2013.08.26 14:58:44.135,1.53529,1.53544,2.63,1.13
2013.08.26 14:58:44.495,1.5353,1.53545,1.13,1.13
2013.08.26 14:58:48.338,1.53529,1.53544,3.00,1.13
2013.08.26 14:58:53.895,1.53529,1.53544,2.25,1.50
2013.08.26 14:58:54.255,1.53529,1.53541,1.13,1.88
2013.08.26 14:58:54.615,1.53526,1.53539,1.50,1.50
2013.08.26 14:58:56.776,1.53526,1.53538,1.50,1.50
2013.08.26 14:58:57.166,1.53526,1.53538,1.13,2.63
2013.08.26 14:58:57.416,1.53526,1.53536,1.13,1.50
2013.08.26 14:58:57.836,1.53524,1.53533,1.50,1.50
2013.08.26 14:58:58.575,1.53524,1.53533,1.13,1.50
2013.08.26 14:58:58.935,1.53521,1.5353,1.13,1.50
2013.08.26 14:58:59.474,1.53519,1.5353,1.88,1.50
2013.08.26 14:59:00.826,1.53519,1.53526,1.13,1.13
2013.08.26 14:59:01.185,1.53516,1.53525,1.50,1.50
2013.08.26 14:59:01.965,1.53514,1.53527,3.00,3.38
2013.08.26 14:59:02.146,1.53518,1.53527,1.13,3.38
2013.08.26 14:59:03.605,1.53514,1.53525,1.50,1.50
2013.08.26 14:59:10.516,1.53514,1.53525,2.25,1.50
2013.08.26 14:59:11.065,1.53516,1.53528,1.50,1.13
2013.08.26 14:59:11.126,1.53516,1.53529,1.13,1.13
2013.08.26 14:59:11.185,1.53514,1.53528,1.13,1.13
2013.08.26 14:59:11.692,1.53514,1.53526,1.88,1.50
2013.08.26 14:59:11.957,1.53514,1.53526,1.13,1.13
2013.08.26 14:59:12.387,1.53513,1.53526,1.13,1.88
2013.08.26 14:59:12.945,1.53514,1.53526,1.13,1.50
2013.08.26 14:59:18.215,1.53513,1.53526,1.13,1.13
2013.08.26 14:59:18.776,1.53513,1.53526,1.13,1.88
2013.08.26 14:59:19.495,1.53513,1.53526,1.13,1.50
2013.08.26 14:59:19.855,1.53513,1.53526,1.13,1.50
2013.08.26 14:59:20.847,1.53513,1.53525,1.13,1.50
2013.08.26 14:59:22.460,1.53514,1.53525,1.88,1.50
2013.08.26 14:59:23.086,1.53514,1.53525,2.63,1.50
2013.08.26 14:59:23.880,1.53514,1.53525,2.63,1.50
2013.08.26 14:59:25.036,1.53524,1.53529,1.13,1.88
2013.08.26 14:59:25.096,1.53524,1.53532,1.13,1.50
2013.08.26 14:59:25.157,1.53524,1.53532,1.50,1.13
2013.08.26 14:59:25.276,1.53524,1.53535,1.13,1.13
2013.08.26 14:59:25.395,1.53521,1.53535,1.13,1.13
2013.08.26 14:59:25.456,1.53523,1.53535,1.13,1.13
2013.08.26 14:59:25.995,1.53524,1.53538,2.25,1.13
2013.08.26 14:59:26.305,1.53524,1.53537,1.88,1.50
2013.08.26 14:59:26.666,1.5352,1.53531,1.13,1.50
2013.08.26 14:59:26.967,1.5352,1.53531,1.13,3.38
2013.08.26 14:59:27.266,1.53519,1.5353,2.25,1.50
2013.08.26 14:59:27.685,1.53522,1.5353,1.13,1.13
2013.08.26 14:59:27.865,1.53522,1.5353,1.13,1.13
2013.08.26 14:59:27.985,1.53521,1.5353,1.50,1.13
2013.08.26 14:59:28.646,1.53521,1.5353,1.13,1.50
2013.08.26 14:59:28.947,1.53517,1.53527,1.13,1.50
2013.08.26 14:59:29.485,1.53524,1.5353,1.13,1.13
2013.08.26 14:59:29.785,1.53519,1.53527,1.13,1.88
2013.08.26 14:59:29.906,1.53518,1.53523,1.13,1.13
2013.08.26 14:59:31.595,1.53516,1.53525,1.13,1.13
2013.08.26 14:59:31.896,1.53516,1.53522,1.50,1.13
2013.08.26 14:59:32.077,1.53516,1.53528,1.88,1.69
2013.08.26 14:59:32.377,1.53519,1.53533,1.13,2.07
2013.08.26 14:59:32.736,1.53517,1.53526,1.50,1.50
2013.08.26 14:59:32.855,1.53513,1.53526,1.50,1.69
2013.08.26 14:59:33.336,1.53513,1.5352,1.13,1.13
2013.08.26 14:59:33.396,1.53507,1.5352,1.50,2.07
2013.08.26 14:59:33.455,1.53505,1.53514,1.13,1.13
2013.08.26 14:59:33.515,1.53504,1.53512,1.50,1.13
2013.08.26 14:59:33.635,1.53501,1.53512,1.13,1.88
2013.08.26 14:59:33.875,1.53501,1.53512,1.88,1.13
2013.08.26 14:59:34.176,1.53509,1.5352,1.13,2.25
2013.08.26 14:59:34.977,1.53503,1.53511,1.13,1.50
2013.08.26 14:59:35.098,1.53502,1.53511,1.13,1.88
2013.08.26 14:59:35.225,1.53501,1.53511,1.13,1.88
2013.08.26 14:59:35.347,1.53501,1.53511,1.50,1.13
2013.08.26 14:59:35.887,1.53501,1.53512,2.25,1.13
2013.08.26 14:59:35.955,1.53501,1.53512,1.13,1.13
2013.08.26 14:59:36.076,1.53499,1.53508,2.63,1.13
2013.08.26 14:59:36.137,1.53499,1.53508,1.50,1.13
2013.08.26 14:59:36.198,1.53498,1.53509,1.88,1.13
2013.08.26 14:59:36.317,1.53498,1.5351,1.88,1.13
2013.08.26 14:59:36.437,1.53497,1.53511,1.50,1.50
2013.08.26 14:59:36.615,1.53498,1.53511,1.88,1.50
2013.08.26 14:59:37.455,1.53496,1.53502,1.13,1.13
2013.08.26 14:59:37.635,1.53488,1.53501,1.13,1.69
2013.08.26 14:59:37.695,1.53487,1.53501,1.13,2.44
2013.08.26 14:59:38.655,1.53483,1.53496,1.50,2.25
2013.08.26 14:59:39.156,1.53483,1.53496,1.50,2.25
2013.08.26 14:59:39.516,1.53479,1.53491,2.07,1.50
2013.08.26 14:59:39.576,1.53479,1.53491,1.69,1.50
2013.08.26 14:59:39.695,1.53479,1.53491,1.13,1.50
2013.08.26 14:59:40.008,1.53476,1.53486,1.50,1.50
2013.08.26 14:59:40.246,1.53478,1.5349,1.13,1.13
2013.08.26 14:59:40.367,1.53478,1.53491,1.50,1.88
2013.08.26 14:59:40.499,1.53478,1.53487,1.13,1.50
2013.08.26 14:59:41.048,1.53476,1.53489,1.13,1.13
2013.08.26 14:59:41.225,1.53471,1.53486,2.63,1.69
2013.08.26 14:59:41.602,1.53471,1.53485,1.13,1.32
2013.08.26 14:59:41.668,1.53471,1.53486,1.50,2.25
2013.08.26 14:59:41.976,1.53473,1.53486,1.50,1.13
2013.08.26 14:59:42.155,1.53476,1.53489,1.50,1.13
2013.08.26 14:59:42.215,1.53474,1.53489,2.63,1.13
2013.08.26 14:59:42.276,1.53476,1.53491,2.25,1.50
2013.08.26 14:59:42.576,1.53484,1.53494,1.50,1.13
2013.08.26 14:59:42.636,1.53484,1.53494,1.50,1.13
2013.08.26 14:59:42.696,1.53485,1.53496,1.13,1.13
2013.08.26 14:59:42.939,1.53485,1.53496,1.13,1.13
2013.08.26 14:59:43.429,1.53485,1.53493,1.13,1.05
2013.08.26 14:59:43.555,1.53483,1.53492,1.13,1.05
2013.08.26 14:59:44.079,1.53483,1.53494,1.13,1.50
2013.08.26 14:59:44.267,1.53484,1.53494,1.13,1.13
2013.08.26 14:59:45.645,1.53484,1.53495,1.13,1.50
2013.08.26 14:59:45.767,1.53482,1.53494,1.13,1.50
2013.08.26 14:59:45.885,1.53476,1.53489,1.50,1.13
2013.08.26 14:59:46.225,1.53474,1.5349,2.25,1.13
2013.08.26 14:59:47.075,1.53478,1.53491,1.13,1.50
2013.08.26 14:59:48.155,1.53479,1.53492,1.50,2.25
2013.08.26 14:59:48.394,1.53479,1.53492,1.88,1.50
2013.08.26 14:59:49.175,1.53483,1.53496,1.13,2.44
2013.08.26 14:59:49.295,1.53483,1.53496,1.13,2.25
2013.08.26 14:59:49.355,1.53483,1.53496,1.13,1.50
2013.08.26 14:59:49.714,1.53482,1.53496,1.13,2.25
2013.08.26 14:59:50.085,1.53483,1.53496,1.50,2.25
2013.08.26 14:59:50.565,1.53482,1.53496,1.13,1.69
2013.08.26 14:59:50.925,1.53481,1.53496,1.50,1.50
2013.08.26 14:59:51.285,1.53481,1.53496,1.88,1.50
2013.08.26 14:59:51.408,1.53484,1.53496,1.50,1.50
2013.08.26 14:59:51.705,1.53487,1.53505,1.13,2.07
2013.08.26 14:59:51.886,1.5349,1.53505,1.50,1.32
2013.08.26 14:59:52.006,1.5349,1.53504,1.13,1.13
2013.08.26 14:59:52.124,1.53487,1.53503,1.32,1.50
2013.08.26 14:59:52.606,1.5349,1.53502,1.13,1.13
2013.08.26 14:59:52.907,1.53489,1.53502,1.13,1.13
2013.08.26 14:59:53.266,1.53491,1.53504,1.13,1.88
2013.08.26 14:59:53.395,1.53491,1.53504,1.88,1.13
2013.08.26 14:59:53.696,1.53495,1.53505,1.13,1.13
2013.08.26 14:59:53.816,1.53494,1.53506,1.50,1.88
2013.08.26 14:59:53.936,1.53496,1.53509,2.44,1.13
2013.08.26 14:59:54.467,1.53503,1.53511,1.13,1.50
2013.08.26 14:59:54.987,1.53496,1.53506,1.50,1.50
2013.08.26 14:59:55.288,1.53492,1.53503,1.69,1.58
2013.08.26 14:59:55.477,1.53494,1.53503,1.88,1.20
2013.08.26 14:59:55.957,1.53492,1.53503,1.32,1.13
2013.08.26 14:59:56.135,1.5349,1.53502,1.69,1.50
2013.08.26 14:59:56.735,1.53494,1.53507,1.13,1.69
2013.08.26 14:59:56.916,1.53495,1.53506,1.13,1.69
2013.08.26 14:59:57.427,1.53495,1.53503,1.13,1.50
2013.08.26 14:59:57.737,1.53492,1.53502,1.13,1.13
2013.08.26 14:59:57.797,1.53491,1.53503,1.13,2.63
2013.08.26 14:59:57.979,1.53496,1.53503,1.13,1.13
2013.08.26 14:59:59.205,1.53496,1.53504,1.13,1.13
2013.08.26 14:59:59.565,1.53496,1.53509,1.50,1.50
2013.08.26 14:59:59.805,1.53496,1.53509,1.50,1.50
