2017.07.28 13:00:00.181,1.45348,1.45357,1.69,1.00
2017.07.28 13:00:00.284,1.45346,1.45356,1.87,1.00
2017.07.28 13:00:00.337,1.45345,1.45353,1.87,1.00
2017.07.28 13:00:00.440,1.45345,1.45353,1.00,1.00
2017.07.28 13:00:00.785,1.45343,1.4535,1.50,1.00
2017.07.28 13:00:00.837,1.45343,1.45353,2.62,1.00
2017.07.28 13:00:00.991,1.45351,1.45355,1.00,1.00
2017.07.28 13:00:01.043,1.45349,1.45354,1.00,1.00
2017.07.28 13:00:01.096,1.45348,1.45358,2.81,1.00
2017.07.28 13:00:01.148,1.45352,1.45358,1.50,1.00
2017.07.28 13:00:01.360,1.45352,1.45358,1.00,1.00
2017.07.28 13:00:01.412,1.45348,1.45358,2.62,1.00
2017.07.28 13:00:01.625,1.45348,1.45358,1.50,1.00
2017.07.28 13:00:01.676,1.45347,1.45356,2.62,1.00
2017.07.28 13:00:02.260,1.4535,1.45357,1.00,1.00
2017.07.28 13:00:02.313,1.45347,1.45357,1.12,1.00
2017.07.28 13:00:02.416,1.45346,1.45355,1.37,1.00
2017.07.28 13:00:02.724,1.45341,1.4535,1.00,1.00
2017.07.28 13:00:02.878,1.45339,1.45351,1.25,1.00
2017.07.28 13:00:03.056,1.45338,1.45349,1.87,1.00
2017.07.28 13:00:03.365,1.45338,1.45347,1.50,1.00
2017.07.28 13:00:03.904,1.45337,1.45348,1.50,1.00
2017.07.28 13:00:04.220,1.45333,1.45343,1.37,1.00
2017.07.28 13:00:04.272,1.45332,1.45344,1.12,1.00
2017.07.28 13:00:04.324,1.45334,1.45346,1.12,1.00
2017.07.28 13:00:04.636,1.45335,1.45344,1.12,1.00
2017.07.28 13:00:04.739,1.45336,1.45348,1.00,1.00
2017.07.28 13:00:04.790,1.45335,1.45346,1.12,1.00
2017.07.28 13:00:04.892,1.45339,1.45352,1.00,1.00
2017.07.28 13:00:05.496,1.4534,1.45352,1.00,1.00
2017.07.28 13:00:05.704,1.45342,1.45354,1.50,1.56
2017.07.28 13:00:05.910,1.45348,1.45361,1.00,2.06
2017.07.28 13:00:06.014,1.45348,1.45358,1.00,1.00
2017.07.28 13:00:06.066,1.45346,1.45359,1.00,1.37
2017.07.28 13:00:06.119,1.4535,1.45361,1.00,1.87
2017.07.28 13:00:06.376,1.45354,1.45367,1.00,2.32
2017.07.28 13:00:06.531,1.45356,1.45367,1.00,2.32
2017.07.28 13:00:06.583,1.45353,1.45365,1.12,1.20
2017.07.28 13:00:06.635,1.4535,1.45363,1.37,2.25
2017.07.28 13:00:06.687,1.45349,1.45361,1.12,1.87
2017.07.28 13:00:06.739,1.45348,1.45361,1.62,1.50
2017.07.28 13:00:06.894,1.45347,1.45361,1.12,1.50
2017.07.28 13:00:07.120,1.45349,1.45362,1.00,1.75
2017.07.28 13:00:07.429,1.45351,1.45363,1.00,3.00
2017.07.28 13:00:08.016,1.45346,1.45356,1.50,1.00
2017.07.28 13:00:08.528,1.45346,1.45355,1.50,1.00
2017.07.28 13:00:08.783,1.45346,1.45357,1.87,1.00
2017.07.28 13:00:08.836,1.45346,1.45357,1.69,1.00
2017.07.28 13:00:09.171,1.45344,1.45355,1.31,1.00
2017.07.28 13:00:09.275,1.45349,1.45355,1.00,1.00
2017.07.28 13:00:09.378,1.4535,1.45357,1.00,1.00
2017.07.28 13:00:09.430,1.45347,1.45357,1.12,1.00
2017.07.28 13:00:09.482,1.45347,1.45354,1.12,1.00
2017.07.28 13:00:09.534,1.45344,1.45353,1.12,1.00
2017.07.28 13:00:09.637,1.45341,1.45351,2.44,1.00
2017.07.28 13:00:09.688,1.45341,1.45351,1.69,1.00
2017.07.28 13:00:09.850,1.45345,1.45351,1.00,1.00
2017.07.28 13:00:10.209,1.45347,1.45354,1.00,1.00
2017.07.28 13:00:10.363,1.45345,1.45352,1.00,1.00
2017.07.28 13:00:10.724,1.45342,1.45351,1.87,1.00
2017.07.28 13:00:10.828,1.45345,1.45352,1.00,1.00
2017.07.28 13:00:11.340,1.45343,1.45352,1.87,1.00
2017.07.28 13:00:11.642,1.4534,1.45346,1.00,1.00
2017.07.28 13:00:11.694,1.45341,1.45351,1.87,1.00
2017.07.28 13:00:11.848,1.45341,1.45348,1.50,1.00
2017.07.28 13:00:11.900,1.45341,1.45348,1.12,1.00
2017.07.28 13:00:11.953,1.45346,1.4535,1.00,1.00
2017.07.28 13:00:12.005,1.45346,1.45351,1.00,1.00
2017.07.28 13:00:12.056,1.45344,1.45351,1.00,1.00
2017.07.28 13:00:12.159,1.4534,1.45351,1.69,1.00
2017.07.28 13:00:12.313,1.45346,1.45351,1.00,1.00
2017.07.28 13:00:12.623,1.45344,1.45352,1.00,1.00
2017.07.28 13:00:12.726,1.45341,1.4535,1.12,1.00
2017.07.28 13:00:12.778,1.45339,1.45347,1.12,1.00
2017.07.28 13:00:12.931,1.45337,1.45345,1.31,1.00
2017.07.28 13:00:12.983,1.45341,1.45345,1.00,1.00
2017.07.28 13:00:13.136,1.45338,1.45345,1.00,1.00
2017.07.28 13:00:13.497,1.45338,1.45347,1.00,1.00
2017.07.28 13:00:13.603,1.45339,1.45348,1.62,1.00
2017.07.28 13:00:13.654,1.4534,1.45351,1.31,1.00
2017.07.28 13:00:13.859,1.45342,1.45352,1.00,1.00
2017.07.28 13:00:14.167,1.4534,1.45349,1.31,1.00
2017.07.28 13:00:14.475,1.45343,1.45349,1.00,1.00
2017.07.28 13:00:14.662,1.45342,1.45351,1.00,1.00
2017.07.28 13:00:15.072,1.45341,1.45349,1.00,1.00
2017.07.28 13:00:15.391,1.45335,1.4534,1.38,1.00
2017.07.28 13:00:15.705,1.45328,1.45339,2.81,1.00
2017.07.28 13:00:16.163,1.45334,1.45339,1.00,1.00
2017.07.28 13:00:16.266,1.45332,1.45339,1.00,1.00
2017.07.28 13:00:16.471,1.4533,1.45339,1.00,1.00
2017.07.28 13:00:16.523,1.45328,1.45336,2.62,1.00
2017.07.28 13:00:16.692,1.45321,1.45331,2.25,1.00
2017.07.28 13:00:16.794,1.45326,1.45332,1.00,1.00
2017.07.28 13:00:16.846,1.45323,1.45333,1.50,1.00
2017.07.28 13:00:17.256,1.45323,1.45336,1.94,1.00
2017.07.28 13:00:17.410,1.4533,1.45337,1.00,1.00
2017.07.28 13:00:17.667,1.45328,1.45337,1.12,1.00
2017.07.28 13:00:18.077,1.45333,1.4534,1.00,1.00
2017.07.28 13:00:18.283,1.45335,1.45344,1.12,1.00
2017.07.28 13:00:18.335,1.45333,1.45344,2.25,1.00
2017.07.28 13:00:18.509,1.45336,1.45344,1.00,1.00
2017.07.28 13:00:18.919,1.45335,1.45342,1.00,1.00
2017.07.28 13:00:19.023,1.45331,1.45342,1.50,1.00
2017.07.28 13:00:19.278,1.45336,1.45342,1.00,1.00
2017.07.28 13:00:19.440,1.45336,1.45345,1.00,1.00
2017.07.28 13:00:19.493,1.45342,1.45346,1.00,1.00
2017.07.28 13:00:19.545,1.45337,1.45346,1.00,1.00
2017.07.28 13:00:19.700,1.45337,1.45349,1.00,1.00
2017.07.28 13:00:19.803,1.45341,1.45349,1.00,1.00
2017.07.28 13:00:19.905,1.45339,1.45349,1.00,1.00
2017.07.28 13:00:20.370,1.45342,1.45348,1.00,1.00
2017.07.28 13:00:20.422,1.45334,1.45348,3.00,1.00
2017.07.28 13:00:20.576,1.45341,1.45348,1.00,1.00
2017.07.28 13:00:20.832,1.4534,1.4535,1.50,1.00
2017.07.28 13:00:20.883,1.45343,1.4535,1.00,1.00
2017.07.28 13:00:21.192,1.45342,1.45352,1.12,1.00
2017.07.28 13:00:21.471,1.45345,1.45355,1.00,1.00
2017.07.28 13:00:21.626,1.45343,1.45355,1.50,1.00
2017.07.28 13:00:21.730,1.45342,1.45349,1.37,1.00
2017.07.28 13:00:21.782,1.45339,1.45348,1.12,1.00
2017.07.28 13:00:21.885,1.45336,1.45347,1.56,1.00
2017.07.28 13:00:22.040,1.45334,1.45345,1.37,1.00
2017.07.28 13:00:22.383,1.45323,1.45334,1.81,1.00
2017.07.28 13:00:22.434,1.45323,1.45334,1.62,1.00
2017.07.28 13:00:22.486,1.45328,1.45334,1.00,1.00
2017.07.28 13:00:22.743,1.45323,1.45335,1.37,1.00
2017.07.28 13:00:22.948,1.45328,1.45335,1.00,1.00
2017.07.28 13:00:23.000,1.45323,1.45334,1.37,1.00
2017.07.28 13:00:23.186,1.45329,1.45334,1.00,1.00
2017.07.28 13:00:23.238,1.45329,1.45336,1.00,1.00
2017.07.28 13:00:23.392,1.45324,1.45338,1.87,1.00
2017.07.28 13:00:23.443,1.45328,1.45338,1.50,1.00
2017.07.28 13:00:23.750,1.45333,1.45341,1.00,1.75
2017.07.28 13:00:23.802,1.45334,1.45341,1.00,1.00
2017.07.28 13:00:23.962,1.45333,1.45345,1.19,1.00
2017.07.28 13:00:24.013,1.45332,1.45343,1.56,1.00
2017.07.28 13:00:24.321,1.45336,1.45342,1.00,1.00
2017.07.28 13:00:24.372,1.45336,1.45344,1.00,1.00
2017.07.28 13:00:24.526,1.45334,1.45344,1.00,1.00
2017.07.28 13:00:24.578,1.45333,1.45342,1.00,1.00
2017.07.28 13:00:25.051,1.45333,1.45345,1.69,1.00
2017.07.28 13:00:25.359,1.45339,1.45346,1.00,1.00
2017.07.28 13:00:25.514,1.45338,1.45349,1.00,1.00
2017.07.28 13:00:25.710,1.45334,1.45349,1.50,1.87
2017.07.28 13:00:25.763,1.45333,1.45342,1.62,1.00
2017.07.28 13:00:25.815,1.45332,1.45344,1.50,1.00
2017.07.28 13:00:25.869,1.45332,1.45337,1.12,1.00
2017.07.28 13:00:25.923,1.45327,1.45341,2.06,1.56
2017.07.28 13:00:25.975,1.45324,1.45333,1.94,1.00
2017.07.28 13:00:26.079,1.45321,1.45331,1.37,1.00
2017.07.28 13:00:26.131,1.45318,1.45332,2.06,1.00
2017.07.28 13:00:26.183,1.45317,1.45328,2.44,1.00
2017.07.28 13:00:26.511,1.45306,1.45315,1.00,2.62
2017.07.28 13:00:26.616,1.45307,1.45316,1.00,1.37
2017.07.28 13:00:26.669,1.45309,1.45317,1.00,1.12
2017.07.28 13:00:26.722,1.45312,1.45319,1.00,1.87
2017.07.28 13:00:26.776,1.45312,1.45319,1.00,1.00
2017.07.28 13:00:26.931,1.45313,1.45322,1.00,1.00
2017.07.28 13:00:27.085,1.45313,1.45322,1.00,1.12
2017.07.28 13:00:27.398,1.45315,1.45319,1.00,1.00
2017.07.28 13:00:27.451,1.45313,1.45324,1.00,2.44
2017.07.28 13:00:27.555,1.45317,1.45325,1.00,1.62
2017.07.28 13:00:27.810,1.4532,1.45329,1.00,1.37
2017.07.28 13:00:28.322,1.45319,1.45329,1.00,1.50
2017.07.28 13:00:28.629,1.45315,1.45326,1.00,1.37
2017.07.28 13:00:28.921,1.45316,1.45328,1.00,1.12
2017.07.28 13:00:29.231,1.45318,1.4533,1.00,1.37
2017.07.28 13:00:29.542,1.45321,1.45333,1.12,1.37
2017.07.28 13:00:29.864,1.45316,1.45325,1.00,1.62
2017.07.28 13:00:29.967,1.45309,1.45321,1.12,1.00
2017.07.28 13:00:30.122,1.45306,1.45315,1.00,1.00
2017.07.28 13:00:30.174,1.45304,1.45319,1.00,3.37
2017.07.28 13:00:30.329,1.45302,1.45315,1.50,1.00
2017.07.28 13:00:30.719,1.45307,1.45317,1.00,1.00
2017.07.28 13:00:30.772,1.45304,1.45317,1.50,1.00
2017.07.28 13:00:30.824,1.45306,1.45318,1.00,1.12
2017.07.28 13:00:31.336,1.45307,1.45319,1.00,1.37
2017.07.28 13:00:31.653,1.45304,1.45319,1.00,1.37
2017.07.28 13:00:31.756,1.45304,1.45315,1.00,1.00
2017.07.28 13:00:31.860,1.45305,1.45318,1.00,1.87
2017.07.28 13:00:32.018,1.45307,1.4532,1.00,1.12
2017.07.28 13:00:32.429,1.45308,1.45322,1.00,1.00
2017.07.28 13:00:32.619,1.45306,1.45319,3.00,1.00
2017.07.28 13:00:33.031,1.45305,1.45317,2.25,1.00
2017.07.28 13:00:33.134,1.45304,1.45317,1.69,1.00
2017.07.28 13:00:33.236,1.45303,1.45317,1.50,1.00
2017.07.28 13:00:33.389,1.45308,1.45317,1.00,1.00
2017.07.28 13:00:33.542,1.45306,1.45317,1.00,1.00
2017.07.28 13:00:33.699,1.45304,1.45317,1.87,1.00
2017.07.28 13:00:33.750,1.45304,1.45315,1.12,1.00
2017.07.28 13:00:33.955,1.45302,1.45315,2.25,1.00
2017.07.28 13:00:34.439,1.45302,1.45313,1.12,1.00
2017.07.28 13:00:34.491,1.45302,1.45315,1.87,1.00
2017.07.28 13:00:34.876,1.45304,1.45317,1.37,1.00
2017.07.28 13:00:35.438,1.45304,1.45317,1.50,1.00
2017.07.28 13:00:35.796,1.45306,1.45319,1.00,1.50
2017.07.28 13:00:36.310,1.45305,1.4532,1.50,1.75
2017.07.28 13:00:36.670,1.45303,1.45316,1.50,1.00
2017.07.28 13:00:37.091,1.45305,1.45318,2.25,1.00
2017.07.28 13:00:37.195,1.45307,1.45322,1.50,1.75
2017.07.28 13:00:37.603,1.45311,1.45321,1.00,1.00
2017.07.28 13:00:37.706,1.45312,1.45326,1.12,1.00
2017.07.28 13:00:37.853,1.45314,1.45325,1.00,1.00
2017.07.28 13:00:38.058,1.45315,1.45329,1.00,1.31
2017.07.28 13:00:38.111,1.45319,1.45329,1.00,1.31
2017.07.28 13:00:38.214,1.45317,1.45329,1.00,1.00
2017.07.28 13:00:38.318,1.45318,1.45331,1.00,1.00
2017.07.28 13:00:38.472,1.45321,1.45332,1.00,1.00
2017.07.28 13:00:38.815,1.4532,1.45334,1.50,1.12
2017.07.28 13:00:39.331,1.4532,1.45335,1.00,1.12
2017.07.28 13:00:39.535,1.45322,1.45335,1.00,1.00
2017.07.28 13:00:39.587,1.45322,1.45337,1.00,3.00
2017.07.28 13:00:39.638,1.45324,1.45337,1.00,2.62
2017.07.28 13:00:39.980,1.45322,1.45334,1.00,1.00
2017.07.28 13:00:40.031,1.4532,1.45333,1.00,1.00
2017.07.28 13:00:40.238,1.45322,1.45334,1.00,1.50
2017.07.28 13:00:40.749,1.45322,1.45335,1.25,1.00
2017.07.28 13:00:40.985,1.45317,1.45332,1.62,1.00
2017.07.28 13:00:41.037,1.45314,1.45327,3.00,1.87
2017.07.28 13:00:41.191,1.45311,1.45326,1.00,1.00
2017.07.28 13:00:41.242,1.45311,1.45324,1.00,1.00
2017.07.28 13:00:41.753,1.45312,1.45325,1.00,1.00
2017.07.28 13:00:42.237,1.4531,1.45325,1.31,1.00
2017.07.28 13:00:42.497,1.45313,1.45325,1.00,1.00
2017.07.28 13:00:42.600,1.45311,1.45325,1.00,1.00
2017.07.28 13:00:42.856,1.45311,1.45323,1.00,1.00
2017.07.28 13:00:43.369,1.4531,1.45322,1.69,1.00
2017.07.28 13:00:43.523,1.4531,1.45324,1.50,1.00
2017.07.28 13:00:43.629,1.45312,1.45324,1.00,1.00
2017.07.28 13:00:43.732,1.45308,1.45321,1.00,1.00
2017.07.28 13:00:44.250,1.45308,1.45323,1.50,1.00
2017.07.28 13:00:44.762,1.45309,1.45322,2.62,1.00
2017.07.28 13:00:46.226,1.4531,1.45323,1.50,1.00
2017.07.28 13:00:46.380,1.45312,1.45324,1.00,1.00
2017.07.28 13:00:46.720,1.45311,1.45326,3.37,1.12
2017.07.28 13:00:47.027,1.45311,1.45323,2.62,1.00
2017.07.28 13:00:47.512,1.45312,1.45325,1.12,1.00
2017.07.28 13:00:47.564,1.4531,1.45321,1.12,1.00
2017.07.28 13:00:47.616,1.45309,1.45321,1.87,1.00
2017.07.28 13:00:48.237,1.45308,1.45321,1.37,1.12
2017.07.28 13:00:48.748,1.45308,1.45321,1.00,1.12
2017.07.28 13:00:49.005,1.45306,1.45317,2.62,1.00
2017.07.28 13:00:49.211,1.45305,1.45317,1.00,1.00
2017.07.28 13:00:49.262,1.4531,1.45317,1.00,1.00
2017.07.28 13:00:49.417,1.45309,1.45319,1.00,1.00
2017.07.28 13:00:49.521,1.45307,1.45317,1.00,1.00
2017.07.28 13:00:49.828,1.45312,1.45317,1.00,1.00
2017.07.28 13:00:49.879,1.4531,1.45318,1.00,1.00
2017.07.28 13:00:50.084,1.45306,1.45319,1.37,1.00
2017.07.28 13:00:50.288,1.45313,1.45319,1.00,1.00
2017.07.28 13:00:50.441,1.4531,1.45322,1.00,1.12
2017.07.28 13:00:50.594,1.4531,1.4532,1.00,1.00
2017.07.28 13:00:50.773,1.45308,1.4532,1.00,1.00
2017.07.28 13:00:51.107,1.45305,1.4532,2.62,1.00
2017.07.28 13:00:51.209,1.45305,1.45318,1.87,1.00
2017.07.28 13:00:51.567,1.45303,1.45316,2.25,1.00
2017.07.28 13:00:52.057,1.45304,1.45316,1.00,1.00
2017.07.28 13:00:52.159,1.45304,1.45314,1.00,1.00
2017.07.28 13:00:52.211,1.45305,1.45316,1.00,1.00
2017.07.28 13:00:52.313,1.45303,1.45315,1.00,1.00
2017.07.28 13:00:52.620,1.45307,1.45315,1.00,1.00
2017.07.28 13:00:52.926,1.45305,1.45316,1.00,1.00
2017.07.28 13:00:53.477,1.45305,1.45315,1.50,1.00
2017.07.28 13:00:53.717,1.45308,1.45317,1.00,1.00
2017.07.28 13:00:54.026,1.45306,1.45319,1.00,1.50
2017.07.28 13:00:54.131,1.45305,1.45317,1.31,1.00
2017.07.28 13:00:54.439,1.45304,1.45314,1.00,1.00
2017.07.28 13:00:55.036,1.45305,1.45314,1.00,1.00
2017.07.28 13:00:55.090,1.45306,1.45321,1.69,4.87
2017.07.28 13:00:55.193,1.45307,1.45321,3.00,1.00
2017.07.28 13:00:55.399,1.45306,1.45317,1.12,1.00
2017.07.28 13:00:55.450,1.45304,1.45315,2.25,1.12
2017.07.28 13:00:55.502,1.45305,1.4531,1.00,1.50
2017.07.28 13:00:55.606,1.45297,1.45308,1.25,1.00
2017.07.28 13:00:55.658,1.45295,1.45308,3.19,1.00
2017.07.28 13:00:55.710,1.45295,1.45308,3.19,1.00
2017.07.28 13:00:55.904,1.45295,1.45307,1.50,1.00
2017.07.28 13:00:56.419,1.45293,1.45308,3.56,1.00
2017.07.28 13:00:56.675,1.45294,1.45306,1.12,1.00
2017.07.28 13:00:57.181,1.45293,1.45306,1.12,1.00
2017.07.28 13:00:57.539,1.45297,1.4531,1.00,2.62
2017.07.28 13:00:57.913,1.45295,1.45307,1.00,2.06
2017.07.28 13:00:58.252,1.45291,1.45303,1.00,1.37
2017.07.28 13:00:58.825,1.45292,1.45303,1.00,1.37
2017.07.28 13:00:59.135,1.45294,1.45304,1.00,1.00
2017.07.28 13:00:59.838,1.45293,1.45305,1.87,1.50
2017.07.28 13:01:00.147,1.45297,1.45304,1.00,1.00
2017.07.28 13:01:00.405,1.45293,1.45303,1.87,1.00
2017.07.28 13:01:00.702,1.45297,1.45305,1.00,1.00
2017.07.28 13:01:00.755,1.45297,1.45307,1.00,1.00
2017.07.28 13:01:00.807,1.45294,1.45307,1.12,1.00
2017.07.28 13:01:01.114,1.45297,1.45308,1.00,1.00
2017.07.28 13:01:01.216,1.45295,1.45308,1.50,1.00
2017.07.28 13:01:01.422,1.45294,1.45306,1.50,1.00
2017.07.28 13:01:01.768,1.45289,1.45301,1.00,1.00
2017.07.28 13:01:01.874,1.45287,1.453,1.00,1.12
2017.07.28 13:01:01.977,1.45286,1.45298,1.00,1.00
2017.07.28 13:01:02.029,1.45287,1.45301,1.50,1.50
2017.07.28 13:01:02.184,1.45289,1.45304,1.00,2.25
2017.07.28 13:01:02.438,1.45289,1.45304,1.00,1.87
2017.07.28 13:01:02.495,1.45292,1.45305,1.00,1.12
2017.07.28 13:01:02.807,1.453,1.45314,1.00,3.00
2017.07.28 13:01:03.114,1.45305,1.4531,1.00,1.50
2017.07.28 13:01:03.606,1.45306,1.45315,1.00,1.87
2017.07.28 13:01:03.708,1.45304,1.45314,1.00,2.62
2017.07.28 13:01:04.327,1.45302,1.45309,1.00,1.31
2017.07.28 13:01:04.378,1.45299,1.45305,1.00,1.50
2017.07.28 13:01:04.430,1.45297,1.45305,1.00,1.12
2017.07.28 13:01:04.637,1.45299,1.45307,1.00,1.75
2017.07.28 13:01:04.946,1.45294,1.45301,1.00,1.00
2017.07.28 13:01:04.998,1.45296,1.45302,1.00,1.00
2017.07.28 13:01:05.265,1.45294,1.45301,1.00,1.12
2017.07.28 13:01:05.317,1.45296,1.45304,1.00,2.25
2017.07.28 13:01:05.780,1.45297,1.45304,1.00,2.25
2017.07.28 13:01:06.028,1.45299,1.45306,1.00,1.12
2017.07.28 13:01:06.184,1.45297,1.45306,1.00,1.87
2017.07.28 13:01:06.721,1.45298,1.45302,1.00,1.50
2017.07.28 13:01:07.072,1.45292,1.45299,1.00,1.00
2017.07.28 13:01:07.383,1.45298,1.45306,1.00,1.50
2017.07.28 13:01:07.435,1.45299,1.45306,1.00,1.12
2017.07.28 13:01:08.228,1.453,1.45306,1.00,1.87
2017.07.28 13:01:08.330,1.45298,1.45306,1.00,1.00
2017.07.28 13:01:08.833,1.45299,1.45307,1.00,1.00
2017.07.28 13:01:09.241,1.45299,1.45304,1.00,1.50
2017.07.28 13:01:09.547,1.45299,1.45307,1.00,1.00
2017.07.28 13:01:09.702,1.45292,1.45303,1.50,1.69
2017.07.28 13:01:10.008,1.4531,1.45314,1.00,1.31
2017.07.28 13:01:10.060,1.4531,1.45318,1.00,1.19
2017.07.28 13:01:10.368,1.45311,1.45319,1.00,1.00
2017.07.28 13:01:10.759,1.45313,1.45322,1.00,1.37
2017.07.28 13:01:10.913,1.4531,1.45319,1.00,2.25
2017.07.28 13:01:11.016,1.45304,1.45314,1.87,1.00
2017.07.28 13:01:11.272,1.45306,1.45314,1.00,1.00
2017.07.28 13:01:11.324,1.45304,1.45314,1.87,1.00
2017.07.28 13:01:11.631,1.45307,1.45315,1.00,1.00
2017.07.28 13:01:11.733,1.45306,1.45317,1.00,1.00
2017.07.28 13:01:12.103,1.45306,1.45315,1.00,1.00
2017.07.28 13:01:12.257,1.45311,1.45321,1.00,1.00
2017.07.28 13:01:12.309,1.45312,1.45323,1.00,2.06
2017.07.28 13:01:12.565,1.45314,1.45323,1.00,1.00
2017.07.28 13:01:12.616,1.45312,1.45323,1.00,1.00
2017.07.28 13:01:12.719,1.45313,1.45325,1.50,1.00
2017.07.28 13:01:12.853,1.45308,1.4532,4.72,1.00
2017.07.28 13:01:13.059,1.45312,1.45322,1.00,1.00
2017.07.28 13:01:13.162,1.45312,1.45324,1.50,1.00
2017.07.28 13:01:13.471,1.45312,1.45322,1.12,1.00
2017.07.28 13:01:13.827,1.4531,1.45319,1.00,1.00
2017.07.28 13:01:14.031,1.45308,1.45318,1.12,1.00
2017.07.28 13:01:14.083,1.45309,1.4532,1.19,1.00
2017.07.28 13:01:14.288,1.4531,1.45322,1.50,1.00
2017.07.28 13:01:14.545,1.45307,1.4532,3.94,1.12
2017.07.28 13:01:14.751,1.45307,1.45319,1.12,1.00
2017.07.28 13:01:15.266,1.45306,1.4532,1.50,1.12
2017.07.28 13:01:15.707,1.45306,1.45318,1.37,1.00
2017.07.28 13:01:16.013,1.45309,1.45321,1.00,1.75
2017.07.28 13:01:16.116,1.4531,1.45323,1.00,1.50
2017.07.28 13:01:16.490,1.4531,1.45322,1.12,1.50
2017.07.28 13:01:16.695,1.45304,1.45318,1.12,2.25
2017.07.28 13:01:16.747,1.45304,1.45316,1.12,1.50
2017.07.28 13:01:17.257,1.45302,1.45315,1.87,1.12
2017.07.28 13:01:17.570,1.453,1.45312,1.37,2.25
2017.07.28 13:01:17.674,1.45299,1.45311,2.25,1.00
2017.07.28 13:01:17.880,1.45297,1.45306,1.87,1.00
2017.07.28 13:01:17.933,1.45295,1.45307,1.87,2.62
2017.07.28 13:01:18.036,1.45293,1.45307,1.00,2.62
2017.07.28 13:01:18.087,1.45296,1.45305,1.00,1.00
2017.07.28 13:01:18.138,1.45294,1.45305,1.00,1.00
2017.07.28 13:01:18.394,1.45292,1.45306,1.00,1.00
2017.07.28 13:01:18.520,1.45294,1.45308,1.00,1.50
2017.07.28 13:01:18.832,1.45297,1.4531,1.00,1.12
2017.07.28 13:01:19.141,1.45299,1.45309,1.00,1.37
2017.07.28 13:01:19.393,1.45299,1.45311,1.00,1.50
2017.07.28 13:01:19.446,1.45304,1.45316,1.00,2.25
2017.07.28 13:01:19.752,1.45303,1.45313,1.00,1.50
2017.07.28 13:01:20.010,1.45305,1.45317,1.00,2.62
2017.07.28 13:01:20.398,1.45303,1.45316,1.50,1.87
2017.07.28 13:01:20.661,1.45307,1.45318,1.00,1.37
2017.07.28 13:01:20.715,1.45305,1.45317,1.50,1.37
2017.07.28 13:01:20.919,1.45303,1.45318,1.50,3.37
2017.07.28 13:01:21.176,1.45305,1.45317,1.00,1.37
2017.07.28 13:01:21.613,1.45305,1.4532,1.50,2.81
2017.07.28 13:01:21.664,1.45305,1.4532,1.50,2.81
2017.07.28 13:01:22.595,1.45304,1.45317,1.00,3.00
2017.07.28 13:01:23.184,1.45302,1.45311,1.00,1.00
2017.07.28 13:01:23.505,1.453,1.45309,1.00,1.00
2017.07.28 13:01:23.932,1.45298,1.45307,1.00,1.00
2017.07.28 13:01:24.324,1.45297,1.45302,1.00,1.00
2017.07.28 13:01:24.606,1.45287,1.45295,1.12,1.00
2017.07.28 13:01:24.810,1.45285,1.45292,1.87,1.00
2017.07.28 13:01:25.327,1.45285,1.45292,1.50,1.00
2017.07.28 13:01:25.839,1.45286,1.45293,1.12,1.00
2017.07.28 13:01:26.263,1.45287,1.45295,1.50,1.00
2017.07.28 13:01:26.367,1.45289,1.45295,1.00,1.00
2017.07.28 13:01:26.624,1.45287,1.45295,1.00,1.00
2017.07.28 13:01:26.779,1.45287,1.45297,2.25,1.00
2017.07.28 13:01:26.983,1.45289,1.45297,1.00,1.00
2017.07.28 13:01:27.137,1.45291,1.453,1.12,1.00
2017.07.28 13:01:27.295,1.45295,1.45302,1.00,1.00
2017.07.28 13:01:27.450,1.45296,1.45305,1.00,1.00
2017.07.28 13:01:27.607,1.45296,1.45303,1.00,1.00
2017.07.28 13:01:27.864,1.45296,1.45305,1.00,1.00
2017.07.28 13:01:28.533,1.45295,1.45305,1.00,1.00
2017.07.28 13:01:28.584,1.45298,1.45306,1.00,1.00
2017.07.28 13:01:28.789,1.45296,1.45306,1.00,1.00
2017.07.28 13:01:29.147,1.45298,1.45306,1.00,1.00
2017.07.28 13:01:29.594,1.45297,1.45309,1.00,1.00
2017.07.28 13:01:29.647,1.45299,1.45312,1.00,2.00
2017.07.28 13:01:30.128,1.45297,1.45312,1.00,2.25
2017.07.28 13:01:30.180,1.45297,1.45309,1.00,1.00
2017.07.28 13:01:30.538,1.45299,1.4531,1.00,1.00
2017.07.28 13:01:30.874,1.45297,1.4531,1.50,1.00
2017.07.28 13:01:31.402,1.45296,1.45309,1.50,1.00
2017.07.28 13:01:31.934,1.45296,1.45309,1.50,1.00
2017.07.28 13:01:33.771,1.45295,1.45309,1.87,1.00
2017.07.28 13:01:33.924,1.45297,1.45309,1.00,1.00
2017.07.28 13:01:34.269,1.4529,1.45303,2.44,1.00
2017.07.28 13:01:34.322,1.4529,1.45302,2.06,1.00
2017.07.28 13:01:34.838,1.45291,1.45303,1.00,1.87
2017.07.28 13:01:35.109,1.45289,1.45303,1.50,1.87
2017.07.28 13:01:36.016,1.45289,1.45303,1.87,1.12
2017.07.28 13:01:36.068,1.45293,1.45305,1.00,1.37
2017.07.28 13:01:36.301,1.45296,1.45308,1.50,2.25
2017.07.28 13:01:36.811,1.45297,1.45309,1.00,1.12
2017.07.28 13:01:37.342,1.45299,1.45311,1.00,1.87
2017.07.28 13:01:37.495,1.45299,1.45311,1.50,1.12
2017.07.28 13:01:37.599,1.453,1.45313,1.00,1.00
2017.07.28 13:01:37.702,1.45303,1.45315,1.00,2.62
2017.07.28 13:01:38.238,1.45303,1.45315,1.00,2.62
2017.07.28 13:01:38.553,1.45301,1.45315,1.25,3.00
2017.07.28 13:01:38.706,1.45299,1.45313,1.12,1.87
2017.07.28 13:01:38.861,1.45302,1.45314,1.00,1.37
2017.07.28 13:01:39.285,1.45301,1.45315,1.69,3.00
2017.07.28 13:01:39.337,1.45303,1.45315,1.00,3.00
2017.07.28 13:01:39.389,1.45301,1.45314,1.25,1.00
2017.07.28 13:01:39.543,1.453,1.45312,1.19,1.00
2017.07.28 13:01:39.596,1.45299,1.45311,1.00,1.00
2017.07.28 13:01:39.749,1.45297,1.4531,1.12,1.87
2017.07.28 13:01:40.063,1.45299,1.45312,1.50,2.62
2017.07.28 13:01:40.574,1.45298,1.45312,1.00,3.00
2017.07.28 13:01:40.986,1.453,1.45311,1.00,1.50
2017.07.28 13:01:41.498,1.453,1.45312,1.00,3.37
2017.07.28 13:01:42.127,1.45301,1.4531,1.37,1.00
2017.07.28 13:01:42.178,1.45303,1.45312,1.00,1.00
2017.07.28 13:01:42.281,1.45301,1.4531,1.75,1.00
2017.07.28 13:01:42.487,1.453,1.45309,1.12,1.00
2017.07.28 13:01:42.590,1.45302,1.4531,1.00,1.00
2017.07.28 13:01:43.132,1.45299,1.4531,2.62,1.00
2017.07.28 13:01:43.337,1.45301,1.45311,1.00,1.00
2017.07.28 13:01:43.847,1.453,1.45311,1.12,1.00
2017.07.28 13:01:44.216,1.453,1.45309,1.00,1.00
2017.07.28 13:01:44.729,1.45299,1.45309,1.00,1.00
2017.07.28 13:01:45.077,1.45301,1.45309,1.00,1.00
2017.07.28 13:01:45.585,1.45301,1.4531,1.00,1.00
2017.07.28 13:01:45.738,1.45299,1.4531,1.12,1.00
2017.07.28 13:01:46.248,1.453,1.4531,1.00,1.00
2017.07.28 13:01:46.761,1.45301,1.4531,1.00,1.00
2017.07.28 13:01:47.681,1.45299,1.45309,2.62,1.00
2017.07.28 13:01:47.885,1.45304,1.45309,1.00,1.00
2017.07.28 13:01:48.063,1.45301,1.45311,2.62,1.00
2017.07.28 13:01:48.628,1.45302,1.45311,1.00,1.00
2017.07.28 13:01:49.729,1.45301,1.45311,1.87,1.00
2017.07.28 13:01:50.088,1.45303,1.45311,1.00,1.00
2017.07.28 13:01:50.245,1.45303,1.45313,1.37,1.00
2017.07.28 13:01:50.640,1.45305,1.45315,1.75,1.00
2017.07.28 13:01:50.846,1.45306,1.45314,1.00,1.00
2017.07.28 13:01:51.102,1.45304,1.45313,1.00,1.00
2017.07.28 13:01:51.641,1.45303,1.45313,1.50,1.00
2017.07.28 13:01:52.414,1.45303,1.45313,1.50,1.00
2017.07.28 13:01:52.896,1.45305,1.45313,1.00,1.00
2017.07.28 13:01:53.409,1.45304,1.45313,1.87,1.00
2017.07.28 13:01:53.562,1.45305,1.45315,1.00,1.00
2017.07.28 13:01:53.666,1.45306,1.45316,1.87,1.00
2017.07.28 13:01:53.983,1.45308,1.45319,2.62,1.00
2017.07.28 13:01:54.544,1.45311,1.45319,1.00,1.00
2017.07.28 13:01:54.698,1.45313,1.45319,1.00,1.00
2017.07.28 13:01:54.801,1.45311,1.45319,1.50,1.00
2017.07.28 13:01:54.905,1.45311,1.45322,1.12,1.00
2017.07.28 13:01:55.258,1.45311,1.4532,1.00,1.00
2017.07.28 13:01:55.799,1.45312,1.45321,1.00,1.00
2017.07.28 13:01:56.003,1.45309,1.4532,1.50,1.00
2017.07.28 13:01:56.055,1.45309,1.45318,1.37,1.00
2017.07.28 13:01:56.840,1.45308,1.45317,2.62,1.00
2017.07.28 13:01:57.351,1.45308,1.45318,1.87,1.00
2017.07.28 13:01:58.588,1.4531,1.4532,1.12,1.00
2017.07.28 13:01:59.035,1.45311,1.45322,1.50,1.00
2017.07.28 13:01:59.086,1.45316,1.45322,1.00,1.00
2017.07.28 13:01:59.138,1.45314,1.45323,1.00,1.00
2017.07.28 13:01:59.342,1.45312,1.45323,1.12,1.00
2017.07.28 13:01:59.394,1.45311,1.45321,2.25,1.00
2017.07.28 13:01:59.700,1.45314,1.45321,1.00,1.00
2017.07.28 13:01:59.870,1.45314,1.45324,1.12,1.00
2017.07.28 13:01:59.922,1.4532,1.45326,1.00,1.00
2017.07.28 13:01:59.974,1.45316,1.45326,1.00,1.00
2017.07.28 13:02:00.077,1.45318,1.45327,1.87,1.00
2017.07.28 13:02:00.589,1.45317,1.45326,2.25,1.00
2017.07.28 13:02:01.009,1.45316,1.45322,1.00,1.00
2017.07.28 13:02:01.165,1.45309,1.45319,1.19,1.00
2017.07.28 13:02:01.627,1.45312,1.45319,1.00,1.00
2017.07.28 13:02:01.679,1.45308,1.45319,3.37,1.00
2017.07.28 13:02:01.987,1.45311,1.45319,1.00,1.00
2017.07.28 13:02:02.192,1.45315,1.45324,1.00,1.50
2017.07.28 13:02:02.244,1.45315,1.4532,1.00,1.00
2017.07.28 13:02:02.539,1.45317,1.45323,1.00,1.87
2017.07.28 13:02:02.693,1.45315,1.45323,1.00,1.00
2017.07.28 13:02:02.795,1.45315,1.45321,1.00,1.00
2017.07.28 13:02:02.948,1.45315,1.45323,1.00,1.50
2017.07.28 13:02:03.203,1.45315,1.4532,1.00,1.00
2017.07.28 13:02:03.255,1.45317,1.45326,1.00,3.00
2017.07.28 13:02:03.306,1.4532,1.45327,1.00,1.75
2017.07.28 13:02:03.409,1.45323,1.45331,1.00,2.25
2017.07.28 13:02:03.460,1.45325,1.45332,1.00,1.87
2017.07.28 13:02:03.612,1.45324,1.45332,1.00,1.37
2017.07.28 13:02:03.868,1.45322,1.4533,1.00,2.25
2017.07.28 13:02:04.126,1.45323,1.45328,1.00,1.00
2017.07.28 13:02:04.178,1.45323,1.4533,1.00,1.50
2017.07.28 13:02:04.384,1.45323,1.45328,1.00,1.00
2017.07.28 13:02:04.936,1.45323,1.45329,1.00,1.50
2017.07.28 13:02:05.395,1.45321,1.45329,1.00,1.00
2017.07.28 13:02:05.446,1.45323,1.4533,1.00,1.50
2017.07.28 13:02:05.791,1.45321,1.4533,1.00,1.50
2017.07.28 13:02:05.948,1.45323,1.45329,1.00,2.25
2017.07.28 13:02:06.002,1.45321,1.45329,1.00,1.00
2017.07.28 13:02:06.106,1.4532,1.45327,1.00,1.37
2017.07.28 13:02:06.211,1.45318,1.45325,1.00,1.12
2017.07.28 13:02:06.416,1.45317,1.45323,1.00,1.00
2017.07.28 13:02:06.744,1.45317,1.45325,1.00,3.00
2017.07.28 13:02:06.848,1.45315,1.45325,1.00,2.62
2017.07.28 13:02:06.899,1.45315,1.45321,1.00,1.00
2017.07.28 13:02:07.206,1.45316,1.45323,1.00,1.12
2017.07.28 13:02:07.786,1.45317,1.45323,1.00,1.12
2017.07.28 13:02:07.888,1.45317,1.45321,1.00,1.00
2017.07.28 13:02:07.939,1.45317,1.45323,1.00,1.12
2017.07.28 13:02:08.451,1.45316,1.45323,1.00,1.12
2017.07.28 13:02:08.611,1.45315,1.4532,1.00,2.25
2017.07.28 13:02:08.821,1.45306,1.45313,1.00,1.00
2017.07.28 13:02:09.335,1.45304,1.45309,1.00,1.50
2017.07.28 13:02:09.590,1.45304,1.45312,1.00,2.25
2017.07.28 13:02:09.693,1.45306,1.45312,1.00,1.00
2017.07.28 13:02:10.019,1.45303,1.4531,1.00,1.00
2017.07.28 13:02:10.175,1.45304,1.45313,1.00,4.12
2017.07.28 13:02:10.278,1.45306,1.45313,1.00,3.37
2017.07.28 13:02:10.482,1.45304,1.45312,1.00,1.00
2017.07.28 13:02:10.584,1.45306,1.45312,1.00,1.50
2017.07.28 13:02:10.844,1.45303,1.45308,1.00,1.87
2017.07.28 13:02:11.154,1.45307,1.45314,1.00,1.12
2017.07.28 13:02:11.461,1.45308,1.45316,1.00,3.00
2017.07.28 13:02:11.834,1.45306,1.45314,1.00,1.00
2017.07.28 13:02:11.938,1.45304,1.45314,1.00,2.25
2017.07.28 13:02:12.249,1.45306,1.45315,1.00,1.37
2017.07.28 13:02:12.577,1.45309,1.45315,1.00,1.12
2017.07.28 13:02:13.296,1.45311,1.45318,1.00,1.75
2017.07.28 13:02:13.349,1.45308,1.4532,1.00,2.25
2017.07.28 13:02:13.470,1.45317,1.45323,1.50,1.00
2017.07.28 13:02:13.704,1.45329,1.45337,1.00,1.87
2017.07.28 13:02:13.756,1.45327,1.45334,1.00,1.12
2017.07.28 13:02:14.065,1.45324,1.4533,1.00,1.12
2017.07.28 13:02:14.565,1.45324,1.45328,1.00,1.00
2017.07.28 13:02:14.668,1.45324,1.4533,1.00,1.00
2017.07.28 13:02:14.771,1.45323,1.45327,1.00,1.00
2017.07.28 13:02:15.027,1.45322,1.45329,1.00,1.87
2017.07.28 13:02:15.222,1.45322,1.4533,1.00,1.31
2017.07.28 13:02:15.275,1.45323,1.4533,1.00,1.12
2017.07.28 13:02:15.432,1.45325,1.45329,1.00,1.00
2017.07.28 13:02:15.483,1.45326,1.45332,1.00,1.37
2017.07.28 13:02:15.791,1.45324,1.45332,1.00,1.50
2017.07.28 13:02:16.155,1.45325,1.4533,1.00,1.00
2017.07.28 13:02:16.513,1.45322,1.45328,1.00,1.50
2017.07.28 13:02:16.565,1.45318,1.45328,1.00,3.37
2017.07.28 13:02:16.616,1.45316,1.45323,1.00,1.87
2017.07.28 13:02:16.975,1.45318,1.45325,1.00,2.62
2017.07.28 13:02:17.130,1.45318,1.45325,1.00,1.50
2017.07.28 13:02:17.336,1.45316,1.45322,1.00,1.00
2017.07.28 13:02:17.387,1.45316,1.45324,1.00,2.62
2017.07.28 13:02:17.899,1.45315,1.45323,1.00,1.00
2017.07.28 13:02:18.104,1.45317,1.45323,1.00,1.00
2017.07.28 13:02:18.616,1.45316,1.45323,1.00,1.87
2017.07.28 13:02:19.170,1.45313,1.45317,1.00,1.00
2017.07.28 13:02:19.274,1.45305,1.45308,1.12,1.00
2017.07.28 13:02:19.327,1.45302,1.45308,1.75,1.50
2017.07.28 13:02:19.431,1.453,1.45305,2.62,1.00
2017.07.28 13:02:19.484,1.45301,1.45307,1.00,2.25
2017.07.28 13:02:19.677,1.45303,1.45307,1.00,1.50
2017.07.28 13:02:20.190,1.45305,1.4531,1.00,1.37
2017.07.28 13:02:20.344,1.45303,1.45307,1.00,1.00
2017.07.28 13:02:20.541,1.45298,1.45305,1.00,1.00
2017.07.28 13:02:20.644,1.45292,1.45303,1.50,1.00
2017.07.28 13:02:20.695,1.45291,1.45305,1.12,1.50
2017.07.28 13:02:20.797,1.45293,1.45303,1.00,1.00
2017.07.28 13:02:20.848,1.4529,1.45302,1.87,1.00
2017.07.28 13:02:20.900,1.45288,1.45299,1.00,1.00
2017.07.28 13:02:21.209,1.45289,1.45302,1.50,1.37
2017.07.28 13:02:21.263,1.4529,1.45303,1.12,1.12
2017.07.28 13:02:21.536,1.45292,1.45304,1.50,1.50
2017.07.28 13:02:21.845,1.4529,1.45302,1.87,1.00
2017.07.28 13:02:22.204,1.45293,1.45304,1.00,1.50
2017.07.28 13:02:22.307,1.45291,1.45304,1.50,1.50
2017.07.28 13:02:22.509,1.45284,1.45295,3.56,1.87
2017.07.28 13:02:22.560,1.45283,1.45297,1.00,1.50
2017.07.28 13:02:22.612,1.45285,1.45299,1.00,1.87
2017.07.28 13:02:22.970,1.45286,1.45292,1.00,1.00
2017.07.28 13:02:23.074,1.45286,1.45294,1.00,1.00
2017.07.28 13:02:23.284,1.45288,1.45295,1.12,1.00
2017.07.28 13:02:23.591,1.45289,1.45298,1.12,1.00
2017.07.28 13:02:23.643,1.45288,1.45296,1.37,1.00
2017.07.28 13:02:23.797,1.45284,1.45298,3.56,1.00
2017.07.28 13:02:23.899,1.45289,1.45298,1.00,1.50
2017.07.28 13:02:24.053,1.45293,1.45305,1.00,2.06
2017.07.28 13:02:24.574,1.45293,1.45304,1.50,1.12
2017.07.28 13:02:24.727,1.45295,1.45306,1.00,3.19
2017.07.28 13:02:24.890,1.45292,1.45305,1.50,1.25
2017.07.28 13:02:25.081,1.45296,1.45306,1.50,2.44
2017.07.28 13:02:25.422,1.45299,1.45307,1.00,1.50
2017.07.28 13:02:25.729,1.45294,1.45303,1.00,1.50
2017.07.28 13:02:25.831,1.45295,1.45305,1.00,3.00
2017.07.28 13:02:26.037,1.45292,1.45299,1.00,1.50
2017.07.28 13:02:26.366,1.45294,1.45299,1.00,1.69
2017.07.28 13:02:26.800,1.45291,1.45302,1.00,2.06
2017.07.28 13:02:27.256,1.45294,1.45302,1.00,1.69
2017.07.28 13:02:27.768,1.45294,1.45302,1.00,1.31
2017.07.28 13:02:28.177,1.45297,1.45305,1.00,1.50
2017.07.28 13:02:28.280,1.45293,1.45304,1.12,1.00
2017.07.28 13:02:28.332,1.4529,1.45299,1.37,1.00
2017.07.28 13:02:28.485,1.45288,1.45299,1.37,1.00
2017.07.28 13:02:28.587,1.45291,1.45299,1.00,1.00
2017.07.28 13:02:28.741,1.45289,1.45299,1.50,1.00
2017.07.28 13:02:29.299,1.4529,1.45299,1.00,1.00
2017.07.28 13:02:29.810,1.45289,1.45299,1.12,1.00
2017.07.28 13:02:30.383,1.45287,1.45299,2.62,1.00
2017.07.28 13:02:30.520,1.45287,1.45293,1.12,1.00
2017.07.28 13:02:30.622,1.45284,1.45293,1.50,1.00
2017.07.28 13:02:31.185,1.45282,1.45292,1.50,1.00
2017.07.28 13:02:31.237,1.45282,1.4529,1.00,1.00
2017.07.28 13:02:31.288,1.45277,1.45288,2.62,1.00
2017.07.28 13:02:31.341,1.45282,1.45294,1.00,1.75
2017.07.28 13:02:31.908,1.45284,1.45294,1.00,2.62
2017.07.28 13:02:32.063,1.45285,1.45295,1.00,1.31
2017.07.28 13:02:32.473,1.45282,1.45294,1.00,1.62
2017.07.28 13:02:32.983,1.45283,1.45295,1.00,1.31
2017.07.28 13:02:33.086,1.45285,1.45296,1.00,1.69
2017.07.28 13:02:33.440,1.4529,1.45301,1.00,1.12
2017.07.28 13:02:33.492,1.45292,1.45301,1.00,1.12
2017.07.28 13:02:33.595,1.4529,1.453,1.00,1.00
2017.07.28 13:02:34.060,1.45289,1.45299,1.00,1.87
2017.07.28 13:02:34.114,1.45289,1.45299,1.00,1.12
2017.07.28 13:02:34.231,1.45289,1.45299,1.00,2.62
2017.07.28 13:02:34.283,1.45287,1.45298,1.00,1.69
2017.07.28 13:02:34.335,1.45288,1.45295,1.00,1.00
2017.07.28 13:02:34.388,1.45286,1.45296,1.00,1.00
2017.07.28 13:02:34.801,1.4529,1.45299,1.00,2.62
2017.07.28 13:02:34.905,1.45287,1.45297,1.00,1.81
2017.07.28 13:02:35.009,1.45288,1.45299,1.00,1.62
2017.07.28 13:02:35.206,1.45291,1.453,1.00,1.37
2017.07.28 13:02:35.309,1.45293,1.45302,1.00,1.00
2017.07.28 13:02:35.566,1.45295,1.45305,1.00,3.00
2017.07.28 13:02:36.484,1.45293,1.45302,1.00,1.19
2017.07.28 13:02:36.637,1.4529,1.45303,1.00,1.37
2017.07.28 13:02:36.689,1.4529,1.453,1.00,1.00
2017.07.28 13:02:36.741,1.45291,1.45302,1.00,1.00
2017.07.28 13:02:36.794,1.45294,1.45302,1.00,1.00
2017.07.28 13:02:36.897,1.45295,1.45304,1.00,2.06
2017.07.28 13:02:37.435,1.45294,1.45303,1.00,1.00
2017.07.28 13:02:37.589,1.45292,1.45304,1.00,2.06
2017.07.28 13:02:37.743,1.45295,1.45305,1.00,1.87
2017.07.28 13:02:38.049,1.45298,1.45308,1.00,3.75
2017.07.28 13:02:39.474,1.45298,1.45306,1.00,1.00
2017.07.28 13:02:39.526,1.45296,1.45308,1.00,3.75
2017.07.28 13:02:39.579,1.45298,1.45305,1.00,1.00
2017.07.28 13:02:40.141,1.45299,1.45306,1.00,1.00
2017.07.28 13:02:40.243,1.453,1.45308,1.00,1.69
2017.07.28 13:02:40.491,1.453,1.45308,1.00,2.44
2017.07.28 13:02:40.697,1.45296,1.45306,1.00,1.12
2017.07.28 13:02:41.057,1.45298,1.45306,1.00,1.00
2017.07.28 13:02:42.130,1.45295,1.45305,1.00,2.06
2017.07.28 13:02:42.233,1.45295,1.45303,1.00,1.00
2017.07.28 13:02:42.541,1.453,1.45307,1.00,1.12
2017.07.28 13:02:43.081,1.45299,1.45307,1.00,1.12
2017.07.28 13:02:44.332,1.45292,1.45305,2.06,1.00
2017.07.28 13:02:44.384,1.45287,1.45299,2.81,3.56
2017.07.28 13:02:44.487,1.45282,1.45295,1.12,1.19
2017.07.28 13:02:44.640,1.4528,1.45294,1.00,2.06
2017.07.28 13:02:45.552,1.4528,1.45292,1.00,1.00
2017.07.28 13:02:46.265,1.45281,1.45293,1.00,1.00
2017.07.28 13:02:48.709,1.45281,1.45294,1.00,1.12
2017.07.28 13:02:49.258,1.4528,1.45293,1.00,1.00
2017.07.28 13:02:52.739,1.45281,1.45293,1.00,1.12
2017.07.28 13:02:53.046,1.45279,1.45291,1.00,1.00
2017.07.28 13:02:53.329,1.45277,1.45292,1.14,2.44
2017.07.28 13:02:53.743,1.4528,1.45293,1.00,1.69
2017.07.28 13:02:55.082,1.45279,1.45293,1.00,2.44
2017.07.28 13:02:55.235,1.45277,1.45292,1.00,1.69
2017.07.28 13:02:55.338,1.45277,1.45291,1.02,3.19
2017.07.28 13:02:55.886,1.45279,1.45291,1.00,1.31
2017.07.28 13:02:56.398,1.45278,1.45291,1.00,1.31
2017.07.28 13:02:56.553,1.4528,1.45294,1.00,3.19
2017.07.28 13:02:56.605,1.45279,1.45294,1.05,2.44
2017.07.28 13:02:56.656,1.45279,1.45294,1.00,2.44
2017.07.28 13:02:57.183,1.4528,1.45292,1.00,1.12
2017.07.28 13:02:58.238,1.45281,1.45293,1.00,1.25
2017.07.28 13:02:58.494,1.45279,1.45293,1.12,1.25
2017.07.28 13:02:59.004,1.4528,1.45293,1.00,1.25
2017.07.28 13:02:59.609,1.45279,1.45294,1.12,1.87
2017.07.28 13:02:59.713,1.45284,1.45297,1.00,2.06
2017.07.28 13:02:59.764,1.45285,1.45298,1.50,1.69
2017.07.28 13:02:59.868,1.45283,1.45295,1.12,1.00
2017.07.28 13:02:59.971,1.4528,1.45295,1.00,2.44
2017.07.28 13:03:00.175,1.45283,1.45295,1.00,2.06
2017.07.28 13:03:00.384,1.45284,1.45296,1.00,1.19
2017.07.28 13:03:00.691,1.45289,1.45296,1.00,1.00
2017.07.28 13:03:00.998,1.45292,1.45299,1.00,2.06
2017.07.28 13:03:01.050,1.45292,1.45299,1.00,2.44
2017.07.28 13:03:01.679,1.45293,1.45299,1.00,1.31
2017.07.28 13:03:02.038,1.45291,1.45299,1.00,1.31
2017.07.28 13:03:02.921,1.45292,1.453,1.00,2.44
2017.07.28 13:03:03.189,1.4529,1.453,1.00,1.69
2017.07.28 13:03:03.241,1.45288,1.45297,1.00,1.56
2017.07.28 13:03:03.547,1.45286,1.45295,1.00,1.50
2017.07.28 13:03:04.087,1.45288,1.45297,1.00,2.44
2017.07.28 13:03:04.139,1.45291,1.45298,1.00,1.37
2017.07.28 13:03:04.192,1.45294,1.453,1.00,1.69
2017.07.28 13:03:04.295,1.45295,1.45301,1.00,1.50
2017.07.28 13:03:04.500,1.45293,1.45301,1.00,2.44
2017.07.28 13:03:04.552,1.45285,1.453,1.50,2.81
2017.07.28 13:03:04.603,1.45283,1.45293,1.00,1.00
2017.07.28 13:03:05.105,1.45283,1.45294,1.12,1.00
2017.07.28 13:03:05.412,1.45279,1.45291,1.00,1.37
2017.07.28 13:03:05.464,1.45277,1.4529,1.14,1.00
2017.07.28 13:03:06.107,1.45278,1.4529,1.00,1.25
2017.07.28 13:03:06.211,1.4528,1.45293,1.00,3.37
2017.07.28 13:03:06.313,1.4528,1.45293,1.00,2.25
2017.07.28 13:03:06.466,1.4528,1.45293,1.50,1.87
2017.07.28 13:03:06.893,1.45278,1.4529,1.00,1.31
2017.07.28 13:03:07.857,1.45278,1.45288,1.00,1.00
2017.07.28 13:03:08.670,1.45278,1.45289,1.00,1.00
2017.07.28 13:03:09.182,1.45276,1.45291,1.02,2.62
2017.07.28 13:03:09.523,1.45279,1.4529,1.00,1.00
2017.07.28 13:03:10.033,1.45278,1.4529,1.00,1.00
2017.07.28 13:03:10.571,1.45277,1.45291,1.00,1.37
2017.07.28 13:03:10.890,1.45279,1.45291,1.00,1.37
2017.07.28 13:03:11.451,1.45281,1.45292,1.00,1.87
2017.07.28 13:03:12.470,1.45281,1.45294,1.00,2.62
2017.07.28 13:03:12.815,1.45286,1.45297,1.00,1.75
2017.07.28 13:03:12.868,1.45286,1.45299,1.00,2.25
2017.07.28 13:03:14.619,1.45285,1.45299,1.00,1.12
2017.07.28 13:03:15.129,1.45286,1.45298,1.00,1.50
2017.07.28 13:03:15.182,1.45281,1.45294,1.12,1.19
2017.07.28 13:03:15.506,1.45282,1.45293,1.00,1.69
2017.07.28 13:03:15.558,1.4528,1.45293,1.00,1.37
2017.07.28 13:03:15.660,1.4528,1.4529,1.00,1.87
2017.07.28 13:03:15.712,1.45278,1.4529,1.00,1.87
2017.07.28 13:03:16.908,1.45277,1.45288,1.00,1.31
2017.07.28 13:03:17.010,1.45275,1.45286,1.50,1.69
2017.07.28 13:03:17.214,1.4527,1.45286,1.12,1.87
2017.07.28 13:03:17.863,1.45274,1.45286,1.00,1.69
2017.07.28 13:03:17.915,1.45272,1.45286,1.00,1.69
2017.07.28 13:03:18.069,1.45273,1.45288,1.37,1.19
2017.07.28 13:03:18.121,1.45276,1.45289,1.00,1.12
2017.07.28 13:03:18.441,1.45276,1.45292,1.12,1.12
2017.07.28 13:03:19.813,1.45276,1.45293,1.87,2.25
2017.07.28 13:03:20.324,1.45272,1.45289,1.69,1.69
2017.07.28 13:03:20.376,1.45272,1.45289,1.50,1.87
2017.07.28 13:03:20.921,1.45272,1.45289,1.50,2.62
2017.07.28 13:03:21.586,1.45272,1.45289,1.37,2.25
2017.07.28 13:03:21.638,1.45274,1.4529,1.87,1.12
2017.07.28 13:03:21.690,1.45278,1.45291,1.00,1.75
2017.07.28 13:03:21.793,1.45276,1.45291,1.00,1.19
2017.07.28 13:03:22.321,1.45277,1.45291,1.50,1.19
2017.07.28 13:03:23.730,1.45279,1.45294,1.00,1.69
2017.07.28 13:03:23.781,1.45281,1.45298,1.37,1.31
2017.07.28 13:03:23.833,1.45284,1.45299,1.00,1.19
2017.07.28 13:03:24.343,1.45284,1.45301,1.87,1.73
2017.07.28 13:03:25.070,1.45284,1.453,1.50,1.19
2017.07.28 13:03:25.377,1.45282,1.45298,1.37,1.31
2017.07.28 13:03:26.245,1.45278,1.45294,1.62,1.69
2017.07.28 13:03:26.298,1.45277,1.45293,1.19,1.19
2017.07.28 13:03:26.454,1.45282,1.45294,1.00,1.31
2017.07.28 13:03:26.508,1.45282,1.45296,1.00,1.69
2017.07.28 13:03:26.560,1.45282,1.45298,1.50,2.06
2017.07.28 13:03:26.918,1.45284,1.45298,1.00,1.31
2017.07.28 13:03:27.482,1.45285,1.45298,1.00,1.31
2017.07.28 13:03:27.585,1.45283,1.45298,1.12,1.31
2017.07.28 13:03:28.098,1.45289,1.45301,1.00,1.87
2017.07.28 13:03:28.201,1.45287,1.45302,1.12,1.00
2017.07.28 13:03:28.304,1.45287,1.45304,3.00,1.31
2017.07.28 13:03:28.520,1.45292,1.45307,2.06,1.37
2017.07.28 13:03:28.830,1.45292,1.45303,1.37,1.00
2017.07.28 13:03:28.885,1.45289,1.45303,1.00,1.69
2017.07.28 13:03:29.330,1.4529,1.45304,1.00,1.12
2017.07.28 13:03:29.432,1.45287,1.45303,1.87,1.69
2017.07.28 13:03:29.638,1.45281,1.45298,1.50,1.87
2017.07.28 13:03:29.740,1.45284,1.45298,1.00,1.37
2017.07.28 13:03:30.268,1.45282,1.45297,1.37,1.50
2017.07.28 13:03:30.677,1.4528,1.45297,2.62,2.25
2017.07.28 13:03:30.729,1.4528,1.45298,3.00,3.00
2017.07.28 13:03:30.780,1.45285,1.45298,1.12,1.37
2017.07.28 13:03:31.115,1.45283,1.45296,1.37,2.25
2017.07.28 13:03:31.218,1.45281,1.45296,1.12,1.50
2017.07.28 13:03:31.322,1.45285,1.45296,1.00,1.19
2017.07.28 13:03:31.475,1.45284,1.45297,1.00,1.44
2017.07.28 13:03:31.997,1.45283,1.45297,1.50,1.87
2017.07.28 13:03:32.416,1.45286,1.45297,1.00,1.44
2017.07.28 13:03:32.571,1.45284,1.45298,1.00,2.25
2017.07.28 13:03:33.044,1.45282,1.45296,1.12,1.44
2017.07.28 13:03:33.249,1.45284,1.45297,1.00,1.87
2017.07.28 13:03:33.453,1.45282,1.45296,1.12,1.44
2017.07.28 13:03:33.759,1.45285,1.45297,1.00,1.50
2017.07.28 13:03:33.912,1.45283,1.45297,1.00,1.50
2017.07.28 13:03:34.016,1.45279,1.45291,2.25,1.25
2017.07.28 13:03:34.211,1.45275,1.45292,3.00,1.56
2017.07.28 13:03:34.263,1.4528,1.45292,1.00,1.50
2017.07.28 13:03:34.469,1.45277,1.45292,1.00,1.87
2017.07.28 13:03:34.933,1.45277,1.45292,1.12,1.50
2017.07.28 13:03:35.075,1.45282,1.45295,1.00,1.87
2017.07.28 13:03:35.178,1.4528,1.45296,1.50,3.00
2017.07.28 13:03:35.537,1.45279,1.45295,1.00,1.87
2017.07.28 13:03:35.588,1.45278,1.45291,1.50,1.00
2017.07.28 13:03:36.101,1.45278,1.45291,1.12,1.00
2017.07.28 13:03:36.442,1.45286,1.45294,1.00,2.25
2017.07.28 13:03:36.546,1.45286,1.45298,1.00,1.37
2017.07.28 13:03:36.597,1.45286,1.453,1.12,1.50
2017.07.28 13:03:37.173,1.45287,1.453,1.00,1.12
2017.07.28 13:03:37.684,1.45286,1.453,1.50,1.12
2017.07.28 13:03:37.944,1.45282,1.45298,2.62,1.31
2017.07.28 13:03:38.048,1.4528,1.45293,1.00,1.00
2017.07.28 13:03:38.099,1.4528,1.45296,1.00,1.19
2017.07.28 13:03:38.303,1.45278,1.45295,1.50,2.62
2017.07.28 13:03:38.639,1.45279,1.45295,1.50,1.00
2017.07.28 13:03:39.003,1.45281,1.45298,1.37,2.06
2017.07.28 13:03:39.159,1.45281,1.45297,1.37,1.31
2017.07.28 13:03:39.707,1.45281,1.45297,1.12,1.31
2017.07.28 13:03:39.810,1.45282,1.45298,1.37,1.56
2017.07.28 13:03:40.221,1.45284,1.45299,1.00,1.56
2017.07.28 13:03:40.425,1.45284,1.453,1.12,1.19
2017.07.28 13:03:40.982,1.45283,1.45294,1.00,1.00
2017.07.28 13:03:41.494,1.45282,1.45294,1.00,1.12
2017.07.28 13:03:42.107,1.45282,1.45298,1.12,1.62
2017.07.28 13:03:42.160,1.4528,1.45297,1.87,3.19
2017.07.28 13:03:42.471,1.4528,1.45296,1.12,2.81
2017.07.28 13:03:42.524,1.45281,1.45296,1.37,1.69
2017.07.28 13:03:43.070,1.45282,1.45298,1.50,1.37
2017.07.28 13:03:43.121,1.45285,1.45301,1.37,4.31
2017.07.28 13:03:43.224,1.45285,1.45302,1.50,2.81
2017.07.28 13:03:43.735,1.45283,1.453,1.75,1.69
2017.07.28 13:03:44.129,1.45283,1.45296,1.00,1.00
2017.07.28 13:03:44.639,1.45284,1.45297,1.00,1.12
2017.07.28 13:03:44.895,1.4528,1.45294,1.12,1.25
2017.07.28 13:03:45.442,1.4528,1.45294,1.37,1.31
2017.07.28 13:03:45.646,1.45281,1.45296,1.00,1.00
2017.07.28 13:03:45.799,1.45281,1.45297,1.50,1.69
2017.07.28 13:03:47.228,1.45283,1.45297,1.12,2.06
2017.07.28 13:03:47.730,1.45282,1.45297,1.00,2.81
2017.07.28 13:03:48.054,1.45284,1.45297,1.00,2.06
2017.07.28 13:03:48.568,1.45282,1.45297,1.00,3.56
2017.07.28 13:03:48.824,1.45283,1.45296,1.00,1.12
2017.07.28 13:03:49.131,1.45285,1.45298,1.00,1.94
2017.07.28 13:03:49.803,1.45284,1.45298,1.00,1.94
2017.07.28 13:03:50.313,1.45285,1.45298,1.00,1.31
2017.07.28 13:03:51.174,1.45282,1.45295,1.00,1.25
2017.07.28 13:03:51.482,1.45282,1.45295,1.00,2.06
2017.07.28 13:03:51.534,1.45278,1.45293,1.12,1.31
2017.07.28 13:03:52.045,1.45279,1.45292,1.00,1.69
2017.07.28 13:03:52.556,1.45278,1.45292,1.00,1.69
2017.07.28 13:03:53.065,1.45283,1.45292,1.00,1.19
2017.07.28 13:03:54.253,1.4528,1.45293,1.00,1.69
2017.07.28 13:03:54.766,1.45279,1.45292,1.00,1.00
2017.07.28 13:03:56.076,1.45279,1.45293,1.00,1.00
2017.07.28 13:03:56.128,1.45282,1.45294,1.00,1.69
2017.07.28 13:03:56.180,1.4528,1.45295,1.00,3.19
2017.07.28 13:03:56.346,1.4528,1.45295,1.00,2.06
2017.07.28 13:03:56.551,1.45282,1.45295,1.00,1.31
2017.07.28 13:03:57.587,1.45283,1.45294,1.00,1.37
2017.07.28 13:03:57.639,1.45279,1.45293,1.12,1.12
2017.07.28 13:03:58.149,1.4528,1.45292,1.00,1.00
2017.07.28 13:03:58.622,1.45282,1.45295,1.00,2.00
2017.07.28 13:03:58.777,1.45282,1.45296,1.00,2.06
2017.07.28 13:03:58.977,1.45281,1.45294,1.00,2.06
2017.07.28 13:03:59.387,1.45284,1.45296,1.00,1.69
2017.07.28 13:03:59.848,1.45286,1.45298,1.00,1.69
2017.07.28 13:04:00.357,1.45285,1.45297,1.00,1.00
2017.07.28 13:04:00.895,1.45285,1.45298,1.00,2.81
2017.07.28 13:04:01.333,1.45283,1.45296,1.50,1.00
2017.07.28 13:04:01.639,1.45287,1.45301,1.12,1.56
2017.07.28 13:04:02.221,1.45286,1.45301,1.00,2.81
2017.07.28 13:04:02.695,1.45288,1.45301,1.00,1.69
2017.07.28 13:04:02.902,1.4529,1.45303,1.00,1.50
2017.07.28 13:04:03.418,1.45289,1.45304,1.00,2.25
2017.07.28 13:04:03.776,1.45294,1.45307,1.00,2.25
2017.07.28 13:04:03.828,1.45296,1.45307,1.12,1.00
2017.07.28 13:04:03.879,1.45298,1.45311,1.50,1.75
2017.07.28 13:04:03.983,1.45299,1.45312,1.00,1.00
2017.07.28 13:04:04.136,1.453,1.45315,1.00,2.06
2017.07.28 13:04:04.703,1.45301,1.45315,1.00,1.69
2017.07.28 13:04:06.028,1.45303,1.45315,1.00,1.00
2017.07.28 13:04:06.131,1.45304,1.45317,1.00,1.12
2017.07.28 13:04:07.025,1.45303,1.45318,1.00,2.81
2017.07.28 13:04:07.531,1.45303,1.45318,1.00,1.31
2017.07.28 13:04:07.634,1.45307,1.45317,1.00,1.00
2017.07.28 13:04:07.685,1.45309,1.4532,1.00,1.50
2017.07.28 13:04:07.992,1.45309,1.45319,1.00,1.87
2017.07.28 13:04:08.301,1.45305,1.45316,1.00,1.69
2017.07.28 13:04:08.444,1.45302,1.45316,1.00,2.77
2017.07.28 13:04:08.600,1.45304,1.45313,1.00,1.12
2017.07.28 13:04:09.115,1.45305,1.45316,1.00,1.12
2017.07.28 13:04:09.324,1.45301,1.45316,1.00,1.37
2017.07.28 13:04:09.529,1.45307,1.45318,1.00,2.62
2017.07.28 13:04:09.735,1.45308,1.45318,1.00,1.00
2017.07.28 13:04:09.786,1.4531,1.45318,1.00,1.00
2017.07.28 13:04:10.221,1.45308,1.45319,1.00,2.06
2017.07.28 13:04:10.273,1.45305,1.45318,1.00,1.69
2017.07.28 13:04:10.376,1.45308,1.45317,1.12,1.37
2017.07.28 13:04:10.428,1.45308,1.45318,1.12,1.00
2017.07.28 13:04:10.484,1.45312,1.45318,1.00,1.00
2017.07.28 13:04:10.640,1.4531,1.4532,1.00,1.62
2017.07.28 13:04:10.691,1.45309,1.4532,1.00,1.56
2017.07.28 13:04:10.994,1.45311,1.45321,1.00,1.81
2017.07.28 13:04:11.505,1.4531,1.4532,1.00,1.62
2017.07.28 13:04:12.074,1.45307,1.45317,1.00,1.00
2017.07.28 13:04:12.588,1.45307,1.45318,1.00,1.00
2017.07.28 13:04:12.956,1.45309,1.4532,1.00,1.37
2017.07.28 13:04:13.154,1.45313,1.45325,1.00,1.37
2017.07.28 13:04:13.256,1.45311,1.45325,1.00,1.87
2017.07.28 13:04:13.308,1.45309,1.45322,1.00,1.00
2017.07.28 13:04:13.617,1.4531,1.45324,1.00,2.25
2017.07.28 13:04:14.024,1.4531,1.45321,1.00,1.00
2017.07.28 13:04:14.076,1.4531,1.45323,1.00,1.00
2017.07.28 13:04:14.584,1.45311,1.45323,1.00,1.37
2017.07.28 13:04:14.789,1.45309,1.45324,1.00,2.25
2017.07.28 13:04:15.286,1.45311,1.45323,1.00,1.50
2017.07.28 13:04:15.595,1.45317,1.4533,1.00,1.00
2017.07.28 13:04:15.698,1.4532,1.45332,1.00,2.25
2017.07.28 13:04:16.209,1.45319,1.4533,1.00,1.00
2017.07.28 13:04:16.517,1.45319,1.45328,1.00,1.00
2017.07.28 13:04:17.027,1.45319,1.45329,1.00,1.00
2017.07.28 13:04:17.599,1.45319,1.45328,1.19,1.00
2017.07.28 13:04:17.906,1.4532,1.45331,1.19,1.00
2017.07.28 13:04:18.060,1.45321,1.45329,1.00,1.00
2017.07.28 13:04:18.215,1.45321,1.45331,1.00,1.00
2017.07.28 13:04:18.610,1.45318,1.45323,1.00,1.00
2017.07.28 13:04:18.713,1.45316,1.45324,1.00,1.00
2017.07.28 13:04:18.764,1.45314,1.45323,1.50,1.00
2017.07.28 13:04:19.335,1.45313,1.45323,1.00,1.00
2017.07.28 13:04:19.851,1.45312,1.45322,1.25,1.00
2017.07.28 13:04:19.953,1.45315,1.45323,1.00,1.00
2017.07.28 13:04:20.312,1.45315,1.45329,1.19,4.31
2017.07.28 13:04:20.470,1.45317,1.45327,1.19,1.50
2017.07.28 13:04:20.521,1.45312,1.45322,4.12,1.50
2017.07.28 13:04:20.573,1.45309,1.45319,3.19,1.00
2017.07.28 13:04:20.625,1.45309,1.45321,2.06,1.00
2017.07.28 13:04:20.780,1.4531,1.45321,1.00,1.00
2017.07.28 13:04:21.040,1.45307,1.45318,1.25,1.00
2017.07.28 13:04:21.355,1.45308,1.45313,1.00,1.00
2017.07.28 13:04:21.407,1.45307,1.45315,1.00,1.00
2017.07.28 13:04:21.919,1.45306,1.45316,1.25,1.00
2017.07.28 13:04:22.021,1.45305,1.45314,1.19,1.00
2017.07.28 13:04:22.125,1.45303,1.45317,1.19,1.00
2017.07.28 13:04:22.272,1.45304,1.45313,1.19,1.00
2017.07.28 13:04:22.324,1.45304,1.45315,1.19,1.00
2017.07.28 13:04:22.530,1.45304,1.45313,1.19,1.00
2017.07.28 13:04:23.040,1.45304,1.45314,1.19,1.00
2017.07.28 13:04:23.535,1.45302,1.45313,1.19,1.00
2017.07.28 13:04:23.587,1.45301,1.45311,1.19,1.00
2017.07.28 13:04:23.997,1.45301,1.45312,1.19,1.00
2017.07.28 13:04:24.050,1.45304,1.45314,1.19,1.12
2017.07.28 13:04:24.459,1.45305,1.45316,1.25,1.12
2017.07.28 13:04:24.656,1.45305,1.45314,1.25,1.00
2017.07.28 13:04:25.167,1.45306,1.45316,1.00,1.12
2017.07.28 13:04:25.702,1.45306,1.45315,1.00,1.00
2017.07.28 13:04:26.340,1.45306,1.45316,1.00,1.00
2017.07.28 13:04:26.853,1.45305,1.45315,1.25,1.00
2017.07.28 13:04:26.905,1.45307,1.45316,1.00,1.00
2017.07.28 13:04:27.009,1.45305,1.45315,1.25,1.00
2017.07.28 13:04:27.418,1.45307,1.45316,1.00,1.00
2017.07.28 13:04:27.833,1.45305,1.45316,1.25,1.00
2017.07.28 13:04:28.343,1.45306,1.45315,1.00,1.00
2017.07.28 13:04:28.851,1.45307,1.45315,1.00,1.00
2017.07.28 13:04:29.338,1.45305,1.45316,1.25,1.00
2017.07.28 13:04:29.848,1.45305,1.45315,1.25,1.00
2017.07.28 13:04:30.001,1.45307,1.45315,1.00,1.00
2017.07.28 13:04:30.105,1.45305,1.45316,1.25,1.00
2017.07.28 13:04:30.159,1.45307,1.45316,1.00,1.00
2017.07.28 13:04:30.668,1.45307,1.45315,1.00,1.00
2017.07.28 13:04:31.227,1.45306,1.45315,1.00,1.00
2017.07.28 13:04:31.571,1.45305,1.45313,1.25,1.00
2017.07.28 13:04:31.776,1.45305,1.45315,1.25,1.00
2017.07.28 13:04:31.929,1.45307,1.45315,1.00,1.00
2017.07.28 13:04:32.541,1.45307,1.45316,1.00,1.00
2017.07.28 13:04:33.092,1.45307,1.45317,1.00,1.00
2017.07.28 13:04:33.602,1.45308,1.45316,1.00,1.00
2017.07.28 13:04:34.162,1.45307,1.45316,1.00,1.00
2017.07.28 13:04:34.757,1.45306,1.45316,1.00,1.00
2017.07.28 13:04:35.267,1.45307,1.45316,1.00,1.00
2017.07.28 13:04:35.789,1.45306,1.45316,1.00,1.00
2017.07.28 13:04:36.095,1.45308,1.45317,1.00,1.00
2017.07.28 13:04:36.642,1.45308,1.45316,1.00,1.00
2017.07.28 13:04:37.428,1.45308,1.45317,1.00,1.00
2017.07.28 13:04:37.479,1.45308,1.45321,1.00,2.25
2017.07.28 13:04:38.361,1.45308,1.45321,1.00,2.25
2017.07.28 13:04:38.631,1.45312,1.45321,1.00,1.50
2017.07.28 13:04:39.330,1.45312,1.45322,1.00,1.75
2017.07.28 13:04:40.472,1.45311,1.45321,1.00,1.50
2017.07.28 13:04:40.779,1.45313,1.45323,1.00,1.87
2017.07.28 13:04:41.420,1.45313,1.45322,1.00,1.00
2017.07.28 13:04:41.969,1.45313,1.45323,1.00,2.62
2017.07.28 13:04:42.473,1.45313,1.45322,1.00,1.50
2017.07.28 13:04:42.525,1.45311,1.45322,1.00,1.00
2017.07.28 13:04:43.140,1.45311,1.45323,1.00,2.25
2017.07.28 13:04:44.253,1.45313,1.45322,1.00,1.37
2017.07.28 13:04:45.014,1.45312,1.45323,1.00,2.25
2017.07.28 13:04:45.525,1.45313,1.45323,1.00,2.62
2017.07.28 13:04:46.057,1.45313,1.45323,1.00,1.87
2017.07.28 13:04:46.618,1.45313,1.45324,1.00,1.50
2017.07.28 13:04:46.924,1.45313,1.45322,1.00,1.00
2017.07.28 13:04:47.469,1.45314,1.45322,1.00,1.12
2017.07.28 13:04:48.038,1.45313,1.45323,1.00,1.37
2017.07.28 13:04:48.584,1.45313,1.45323,1.00,1.69
2017.07.28 13:04:48.893,1.45316,1.45324,1.00,1.94
2017.07.28 13:04:48.997,1.45314,1.45324,1.00,1.56
2017.07.28 13:04:49.508,1.45313,1.45321,1.00,1.00
2017.07.28 13:04:50.056,1.45314,1.45323,1.00,2.81
2017.07.28 13:04:50.568,1.45314,1.45322,1.00,1.87
2017.07.28 13:04:50.619,1.45312,1.4532,1.00,1.00
2017.07.28 13:04:50.933,1.45315,1.45323,1.00,1.62
2017.07.28 13:04:50.985,1.45315,1.45325,1.00,1.69
2017.07.28 13:04:51.088,1.45313,1.45325,1.00,2.25
2017.07.28 13:04:51.346,1.45314,1.45326,1.19,1.50
2017.07.28 13:04:51.448,1.45313,1.45327,1.19,1.88
2017.07.28 13:04:51.500,1.4531,1.4532,1.00,1.31
2017.07.28 13:04:51.603,1.45306,1.45318,1.19,1.50
2017.07.28 13:04:52.117,1.45307,1.45317,1.00,1.00
2017.07.28 13:04:52.632,1.45308,1.45318,1.00,1.25
2017.07.28 13:04:53.298,1.45309,1.45318,1.00,2.25
2017.07.28 13:04:53.453,1.45316,1.45325,1.00,1.37
2017.07.28 13:04:53.555,1.45317,1.45327,1.00,2.06
2017.07.28 13:04:54.259,1.45317,1.45327,1.00,2.06
2017.07.28 13:04:54.778,1.45317,1.45325,1.00,1.12
2017.07.28 13:04:54.882,1.45315,1.45323,1.00,1.00
2017.07.28 13:04:55.448,1.45315,1.45324,1.00,1.12
2017.07.28 13:04:55.957,1.45314,1.45324,1.00,1.12
2017.07.28 13:04:56.265,1.45316,1.45324,1.00,1.12
2017.07.28 13:04:56.760,1.45318,1.45326,1.00,1.37
2017.07.28 13:04:56.866,1.45321,1.4533,1.00,1.00
2017.07.28 13:04:56.968,1.45323,1.4533,1.00,1.12
2017.07.28 13:04:57.481,1.45317,1.45327,1.50,1.31
2017.07.28 13:04:57.584,1.45319,1.45328,1.00,1.37
2017.07.28 13:04:57.800,1.45322,1.45332,1.00,2.06
2017.07.28 13:04:58.361,1.45321,1.45331,1.00,1.00
2017.07.28 13:04:58.514,1.45321,1.45329,1.00,1.00
2017.07.28 13:04:58.825,1.45317,1.45328,1.00,1.00
2017.07.28 13:04:59.338,1.45317,1.45329,1.00,1.50
2017.07.28 13:04:59.441,1.45318,1.45327,1.00,1.00
2017.07.28 13:04:59.493,1.45316,1.45327,1.00,1.00
2017.07.28 13:04:59.698,1.45318,1.45328,1.00,1.50
2017.07.28 13:04:59.892,1.45316,1.45328,1.00,2.25
2017.07.28 13:05:00.200,1.45318,1.45327,1.00,1.69
2017.07.28 13:05:00.508,1.45314,1.45327,1.00,2.06
2017.07.28 13:05:00.560,1.45312,1.45324,1.00,2.06
2017.07.28 13:05:00.863,1.45311,1.4532,1.00,2.06
2017.07.28 13:05:01.122,1.45313,1.45322,1.00,1.00
2017.07.28 13:05:01.633,1.45311,1.45323,1.00,1.12
2017.07.28 13:05:01.881,1.45311,1.45321,1.00,1.00
2017.07.28 13:05:02.398,1.45311,1.45322,1.00,1.31
2017.07.28 13:05:02.501,1.45309,1.45322,1.00,1.69
2017.07.28 13:05:02.656,1.45307,1.4532,1.00,1.31
2017.07.28 13:05:03.055,1.45305,1.45321,1.25,2.44
2017.07.28 13:05:03.210,1.45305,1.45318,1.00,2.81
2017.07.28 13:05:03.314,1.45306,1.45317,1.00,1.00
2017.07.28 13:05:03.417,1.45307,1.45319,1.00,1.25
2017.07.28 13:05:03.928,1.45308,1.45319,1.00,1.25
2017.07.28 13:05:04.913,1.45309,1.45321,1.00,1.31
2017.07.28 13:05:05.440,1.45309,1.45321,1.00,1.69
2017.07.28 13:05:05.797,1.45308,1.45318,1.00,1.62
2017.07.28 13:05:05.950,1.45306,1.45318,1.00,2.06
2017.07.28 13:05:06.471,1.45306,1.45316,1.00,1.25
2017.07.28 13:05:07.052,1.45307,1.45318,1.00,1.56
2017.07.28 13:05:07.155,1.45309,1.4532,1.00,2.81
2017.07.28 13:05:07.207,1.4531,1.45321,1.00,2.81
2017.07.28 13:05:07.885,1.4531,1.4532,1.00,1.69
2017.07.28 13:05:07.987,1.45314,1.45324,1.00,1.94
2017.07.28 13:05:08.243,1.45309,1.4532,1.00,1.25
2017.07.28 13:05:08.345,1.45311,1.45321,1.00,1.56
2017.07.28 13:05:08.684,1.45313,1.45322,1.00,1.31
2017.07.28 13:05:09.196,1.45312,1.45322,1.00,2.06
2017.07.28 13:05:10.165,1.45314,1.45323,1.00,2.06
2017.07.28 13:05:10.472,1.45323,1.45332,1.00,1.87
2017.07.28 13:05:10.524,1.45323,1.45332,1.00,1.31
2017.07.28 13:05:11.614,1.45323,1.45332,1.00,1.50
2017.07.28 13:05:12.198,1.45323,1.45331,1.00,1.00
2017.07.28 13:05:12.507,1.45325,1.45333,1.00,1.37
2017.07.28 13:05:12.610,1.45324,1.45334,1.00,1.31
2017.07.28 13:05:13.386,1.45323,1.45333,1.00,1.19
2017.07.28 13:05:13.956,1.45321,1.45329,1.00,1.00
2017.07.28 13:05:14.460,1.4532,1.4533,1.00,1.31
2017.07.28 13:05:14.767,1.45322,1.45331,1.00,1.56
2017.07.28 13:05:15.251,1.45322,1.45332,1.00,1.50
2017.07.28 13:05:15.355,1.4532,1.45331,1.00,1.50
2017.07.28 13:05:15.662,1.45323,1.45332,1.00,1.00
2017.07.28 13:05:15.714,1.45323,1.45335,1.00,3.75
2017.07.28 13:05:16.225,1.45324,1.45334,1.00,1.50
2017.07.28 13:05:16.767,1.45323,1.45334,1.00,1.50
2017.07.28 13:05:17.461,1.4532,1.45329,1.00,1.00
2017.07.28 13:05:17.665,1.45318,1.45329,1.00,1.37
2017.07.28 13:05:18.844,1.45317,1.45328,1.00,2.62
2017.07.28 13:05:19.098,1.45321,1.4533,1.00,1.87
2017.07.28 13:05:19.353,1.45322,1.45331,1.00,1.00
2017.07.28 13:05:19.492,1.45322,1.45331,1.00,1.12
2017.07.28 13:05:20.003,1.45321,1.45332,1.00,2.25
2017.07.28 13:05:21.724,1.4532,1.45331,1.00,1.12
2017.07.28 13:05:22.233,1.45321,1.4533,1.00,1.50
2017.07.28 13:05:22.438,1.45324,1.45333,1.00,1.00
2017.07.28 13:05:22.591,1.45326,1.45336,1.00,2.25
2017.07.28 13:05:22.897,1.4533,1.45339,1.00,1.37
2017.07.28 13:05:23.260,1.45328,1.45338,1.00,3.00
2017.07.28 13:05:23.825,1.45325,1.45335,1.00,1.00
2017.07.28 13:05:23.986,1.45323,1.45331,1.00,1.00
2017.07.28 13:05:24.764,1.45321,1.45332,1.00,1.00
2017.07.28 13:05:25.282,1.45321,1.45331,1.00,1.12
2017.07.28 13:05:25.540,1.45321,1.45329,1.00,1.00
2017.07.28 13:05:25.744,1.45321,1.45332,1.00,1.87
2017.07.28 13:05:27.979,1.45321,1.4533,1.00,1.00
2017.07.28 13:05:28.535,1.4532,1.4533,1.00,1.87
2017.07.28 13:05:28.638,1.4532,1.45328,1.00,1.00
2017.07.28 13:05:28.791,1.4532,1.45331,1.00,2.25
2017.07.28 13:05:29.097,1.45324,1.45332,1.00,1.50
2017.07.28 13:05:29.199,1.45325,1.45335,1.00,1.75
2017.07.28 13:05:29.251,1.45328,1.45336,1.00,1.37
2017.07.28 13:05:29.353,1.4533,1.45339,1.00,1.87
2017.07.28 13:05:29.631,1.45328,1.45338,1.00,1.00
2017.07.28 13:05:29.990,1.45326,1.45334,1.00,1.00
2017.07.28 13:05:30.330,1.45324,1.45332,1.00,1.12
2017.07.28 13:05:30.592,1.45321,1.4533,1.00,1.00
2017.07.28 13:05:30.644,1.45321,1.45326,1.00,1.00
2017.07.28 13:05:31.158,1.45316,1.45329,1.00,1.87
2017.07.28 13:05:31.213,1.45317,1.45325,1.00,1.12
2017.07.28 13:05:31.465,1.45315,1.45321,1.00,1.00
2017.07.28 13:05:31.619,1.45313,1.45321,1.00,1.00
2017.07.28 13:05:31.672,1.45313,1.45322,1.00,1.12
2017.07.28 13:05:31.776,1.45314,1.45324,1.00,1.50
2017.07.28 13:05:31.829,1.45316,1.45326,1.00,1.12
2017.07.28 13:05:32.031,1.45318,1.45328,1.00,1.37
2017.07.28 13:05:32.085,1.45319,1.4533,1.00,2.06
2017.07.28 13:05:32.137,1.45314,1.45323,1.19,1.00
2017.07.28 13:05:32.344,1.45313,1.45321,1.19,1.00
2017.07.28 13:05:32.498,1.45311,1.45319,1.56,1.00
2017.07.28 13:05:32.738,1.45309,1.45319,1.19,1.00
2017.07.28 13:05:32.995,1.45309,1.45317,1.56,1.00
2017.07.28 13:05:33.150,1.45307,1.45317,2.44,1.00
2017.07.28 13:05:33.304,1.45305,1.45314,1.31,1.00
2017.07.28 13:05:33.618,1.45297,1.45309,5.66,1.50
2017.07.28 13:05:33.720,1.4529,1.45305,1.12,1.87
2017.07.28 13:05:33.772,1.45289,1.45302,5.06,1.00
2017.07.28 13:05:33.976,1.45292,1.45304,1.19,1.00
2017.07.28 13:05:34.488,1.45291,1.45302,3.19,1.00
2017.07.28 13:05:34.838,1.45289,1.453,2.44,1.00
2017.07.28 13:05:34.943,1.45287,1.45299,1.69,1.00
2017.07.28 13:05:35.200,1.45286,1.45295,1.31,1.00
2017.07.28 13:05:35.507,1.45282,1.45293,1.69,1.00
2017.07.28 13:05:35.956,1.45284,1.45295,2.06,1.00
2017.07.28 13:05:36.467,1.45283,1.45294,1.31,1.00
2017.07.28 13:05:36.723,1.45282,1.45293,1.31,1.00
2017.07.28 13:05:37.262,1.45283,1.45292,1.19,1.00
2017.07.28 13:05:37.922,1.45283,1.45293,1.31,1.00
2017.07.28 13:05:38.230,1.4528,1.45291,1.31,1.00
2017.07.28 13:05:38.538,1.45279,1.45289,1.31,1.00
2017.07.28 13:05:38.589,1.45279,1.45289,1.31,1.00
2017.07.28 13:05:39.003,1.45279,1.45291,1.31,1.00
2017.07.28 13:05:39.516,1.45279,1.4529,1.69,1.00
2017.07.28 13:05:40.285,1.45276,1.45289,1.69,1.00
2017.07.28 13:05:40.336,1.45275,1.45286,2.06,1.00
2017.07.28 13:05:40.388,1.45275,1.45284,1.25,1.00
2017.07.28 13:05:40.825,1.45271,1.45282,2.44,1.00
2017.07.28 13:05:41.398,1.45271,1.45281,1.31,1.00
2017.07.28 13:05:41.460,1.4527,1.45283,2.44,1.00
2017.07.28 13:05:41.516,1.45278,1.45287,1.19,1.50
2017.07.28 13:05:41.574,1.45278,1.45289,1.69,1.12
2017.07.28 13:05:41.682,1.4528,1.45292,1.31,1.00
2017.07.28 13:05:42.125,1.45281,1.45293,1.25,1.00
2017.07.28 13:05:42.490,1.45286,1.45293,1.00,1.00
2017.07.28 13:05:42.542,1.45282,1.45293,1.37,1.00
2017.07.28 13:05:42.696,1.4528,1.45292,1.94,1.00
2017.07.28 13:05:42.937,1.45278,1.4529,2.44,1.00
2017.07.28 13:05:43.398,1.4528,1.45294,1.56,1.00
2017.07.28 13:05:44.120,1.45283,1.45294,1.00,1.00
2017.07.28 13:05:44.326,1.45279,1.45293,1.50,1.00
2017.07.28 13:05:44.379,1.45283,1.45293,1.00,1.00
2017.07.28 13:05:44.690,1.45284,1.45294,1.87,1.00
2017.07.28 13:05:44.996,1.45282,1.45292,1.87,1.00
2017.07.28 13:05:45.151,1.45283,1.45294,1.69,1.00
2017.07.28 13:05:45.668,1.45284,1.45294,1.25,1.00
2017.07.28 13:05:45.976,1.45284,1.45291,1.00,1.00
2017.07.28 13:05:46.028,1.45282,1.45292,1.12,1.00
2017.07.28 13:05:46.080,1.45284,1.45292,1.50,1.00
2017.07.28 13:05:46.131,1.45283,1.45297,1.75,1.12
2017.07.28 13:05:46.638,1.45284,1.45297,1.69,1.00
2017.07.28 13:05:46.998,1.45284,1.45295,2.25,1.00
2017.07.28 13:05:47.417,1.45283,1.45293,1.50,1.00
2017.07.28 13:05:47.927,1.45282,1.45294,1.87,1.00
2017.07.28 13:05:47.979,1.45282,1.45296,1.87,1.00
2017.07.28 13:05:48.698,1.45283,1.45294,2.06,1.00
2017.07.28 13:05:48.954,1.45284,1.45296,1.69,1.00
2017.07.28 13:05:50.112,1.45283,1.45295,3.19,1.00
2017.07.28 13:05:50.314,1.45283,1.45293,1.31,1.00
2017.07.28 13:05:50.419,1.45279,1.45289,1.25,1.00
2017.07.28 13:05:50.471,1.45278,1.45286,1.69,1.00
2017.07.28 13:05:50.626,1.45276,1.45288,1.87,1.00
2017.07.28 13:05:50.729,1.45278,1.4529,1.37,1.00
2017.07.28 13:05:50.780,1.45275,1.45288,3.94,1.00
2017.07.28 13:05:50.884,1.4528,1.45291,1.00,1.00
2017.07.28 13:05:51.046,1.45279,1.45288,1.00,1.00
2017.07.28 13:05:51.101,1.45272,1.45285,4.50,1.00
2017.07.28 13:05:51.279,1.45274,1.45283,1.25,1.00
2017.07.28 13:05:51.536,1.45275,1.45286,1.00,1.50
2017.07.28 13:05:51.893,1.45278,1.45285,1.00,1.00
2017.07.28 13:05:51.945,1.45278,1.45287,1.00,1.00
2017.07.28 13:05:51.997,1.4528,1.45289,1.00,1.37
2017.07.28 13:05:52.152,1.4528,1.45291,1.00,2.44
2017.07.28 13:05:52.693,1.4528,1.4529,1.00,2.44
2017.07.28 13:05:52.898,1.4528,1.45289,1.00,1.12
2017.07.28 13:05:53.001,1.45278,1.45288,1.00,1.00
2017.07.28 13:05:53.105,1.45282,1.4529,1.00,1.87
2017.07.28 13:05:53.208,1.45283,1.45291,1.00,1.00
2017.07.28 13:05:53.412,1.45283,1.45288,1.00,1.00
2017.07.28 13:05:53.618,1.45282,1.4529,1.00,1.00
2017.07.28 13:05:54.129,1.45283,1.45293,1.00,1.75
2017.07.28 13:05:54.182,1.45286,1.45293,1.00,1.12
2017.07.28 13:05:54.233,1.45286,1.45295,1.00,1.37
2017.07.28 13:05:54.285,1.45286,1.45297,1.00,3.00
2017.07.28 13:05:54.337,1.45288,1.45297,1.00,2.62
2017.07.28 13:05:54.938,1.45286,1.45294,1.00,1.00
2017.07.28 13:05:55.349,1.45284,1.45295,1.00,1.50
2017.07.28 13:05:55.401,1.45283,1.45291,1.00,1.00
2017.07.28 13:05:55.838,1.45285,1.45293,1.00,1.12
2017.07.28 13:05:55.890,1.45285,1.45294,1.00,1.37
2017.07.28 13:05:55.993,1.45286,1.45295,1.00,1.87
2017.07.28 13:05:56.200,1.45288,1.45296,1.00,1.50
2017.07.28 13:05:56.509,1.45288,1.45297,1.00,1.12
2017.07.28 13:05:56.964,1.45287,1.45295,1.00,1.00
2017.07.28 13:05:57.220,1.45289,1.45299,1.00,1.00
2017.07.28 13:05:57.272,1.45291,1.45299,1.00,1.00
2017.07.28 13:05:57.673,1.45293,1.45302,1.00,1.37
2017.07.28 13:05:57.979,1.45298,1.45306,1.00,1.37
2017.07.28 13:05:58.031,1.45296,1.45303,1.00,1.00
2017.07.28 13:05:58.083,1.45296,1.453,1.00,1.00
2017.07.28 13:05:58.135,1.45288,1.45302,1.87,1.12
2017.07.28 13:05:58.656,1.45287,1.45302,1.00,1.31
2017.07.28 13:05:59.117,1.45293,1.45302,1.00,1.12
2017.07.28 13:05:59.720,1.45293,1.45303,1.00,1.37
2017.07.28 13:05:59.977,1.45299,1.45306,1.00,1.87
2017.07.28 13:06:00.132,1.45301,1.45309,1.00,1.37
2017.07.28 13:06:00.390,1.45299,1.45308,1.00,1.12
2017.07.28 13:06:00.524,1.45299,1.45308,1.00,1.37
2017.07.28 13:06:00.575,1.45297,1.45307,1.00,1.37
2017.07.28 13:06:00.933,1.45299,1.45308,1.00,1.87
2017.07.28 13:06:01.037,1.45299,1.45308,1.00,1.00
2017.07.28 13:06:01.292,1.453,1.4531,1.00,1.87
2017.07.28 13:06:01.656,1.453,1.45308,1.00,1.00
2017.07.28 13:06:02.268,1.453,1.45309,1.00,1.00
2017.07.28 13:06:02.576,1.45301,1.45307,1.00,1.00
2017.07.28 13:06:02.721,1.45301,1.45309,1.00,1.00
2017.07.28 13:06:03.248,1.45301,1.45308,1.00,1.00
2017.07.28 13:06:03.351,1.45301,1.4531,1.00,3.00
2017.07.28 13:06:03.901,1.45302,1.4531,1.00,1.12
2017.07.28 13:06:04.225,1.45301,1.45308,1.00,1.00
2017.07.28 13:06:04.329,1.45303,1.45311,1.00,1.12
2017.07.28 13:06:04.381,1.45301,1.45309,1.00,1.00
2017.07.28 13:06:04.932,1.45302,1.45311,1.00,2.25
2017.07.28 13:06:05.035,1.45302,1.45312,1.00,1.12
2017.07.28 13:06:05.087,1.45304,1.45313,1.00,1.87
2017.07.28 13:06:05.446,1.45305,1.45314,1.00,1.12
2017.07.28 13:06:05.548,1.45307,1.45316,1.00,1.50
2017.07.28 13:06:06.100,1.45308,1.45316,1.00,1.37
2017.07.28 13:06:06.152,1.45306,1.45316,1.00,1.37
2017.07.28 13:06:06.666,1.45307,1.45315,1.00,1.87
2017.07.28 13:06:07.184,1.45306,1.45315,1.00,1.12
2017.07.28 13:06:08.203,1.45307,1.45316,1.00,1.37
2017.07.28 13:06:09.711,1.45305,1.45313,1.00,1.50
2017.07.28 13:06:09.763,1.45305,1.45315,1.00,1.50
2017.07.28 13:06:09.980,1.45305,1.4531,1.00,1.00
2017.07.28 13:06:10.083,1.45309,1.45318,1.00,2.25
2017.07.28 13:06:10.187,1.4531,1.45319,1.00,1.87
2017.07.28 13:06:10.443,1.45308,1.45317,1.00,1.00
2017.07.28 13:06:10.700,1.45311,1.45317,1.00,1.00
2017.07.28 13:06:11.048,1.45309,1.45318,1.00,1.12
2017.07.28 13:06:11.407,1.45306,1.45319,1.00,1.12
2017.07.28 13:06:11.560,1.45306,1.45317,1.00,1.00
2017.07.28 13:06:11.868,1.45308,1.45319,1.00,1.00
2017.07.28 13:06:12.413,1.45308,1.45319,1.00,1.37
2017.07.28 13:06:12.924,1.45309,1.45319,1.00,1.87
2017.07.28 13:06:13.237,1.45305,1.45311,1.00,1.00
2017.07.28 13:06:13.448,1.4531,1.45319,1.00,1.50
2017.07.28 13:06:13.551,1.45307,1.45318,1.00,1.00
2017.07.28 13:06:14.065,1.45306,1.45318,1.00,1.00
2017.07.28 13:06:14.575,1.45307,1.45319,1.00,1.50
2017.07.28 13:06:15.115,1.45308,1.45318,1.12,1.00
2017.07.28 13:06:15.629,1.45308,1.45319,1.00,1.12
2017.07.28 13:06:16.173,1.45307,1.45318,1.00,1.00
2017.07.28 13:06:16.685,1.45307,1.4532,1.00,1.37
2017.07.28 13:06:16.788,1.45309,1.45319,1.00,1.12
2017.07.28 13:06:17.299,1.45308,1.45319,1.00,1.12
2017.07.28 13:06:17.402,1.45304,1.45319,1.37,1.50
2017.07.28 13:06:17.453,1.45305,1.45317,1.00,1.00
2017.07.28 13:06:17.556,1.45303,1.45317,1.00,1.50
2017.07.28 13:06:17.658,1.45306,1.45317,1.00,1.12
2017.07.28 13:06:17.761,1.45304,1.45317,1.00,1.00
2017.07.28 13:06:17.867,1.45301,1.45311,1.12,1.00
2017.07.28 13:06:18.061,1.45303,1.45315,1.00,3.00
2017.07.28 13:06:18.266,1.45305,1.45317,1.00,1.37
2017.07.28 13:06:18.317,1.45305,1.45317,1.00,1.00
2017.07.28 13:06:19.033,1.45306,1.45319,1.00,2.62
2017.07.28 13:06:19.421,1.45304,1.45319,1.00,2.62
2017.07.28 13:06:19.629,1.45306,1.45317,1.00,1.00
2017.07.28 13:06:20.142,1.45305,1.45317,1.00,1.00
2017.07.28 13:06:20.486,1.45302,1.45314,1.00,1.50
2017.07.28 13:06:20.793,1.45301,1.45312,1.00,1.37
2017.07.28 13:06:20.845,1.45299,1.4531,1.00,1.00
2017.07.28 13:06:21.051,1.45301,1.45311,1.00,1.87
2017.07.28 13:06:21.378,1.45303,1.45318,1.19,1.50
2017.07.28 13:06:21.890,1.45306,1.45318,1.00,1.37
2017.07.28 13:06:22.198,1.45308,1.4532,1.00,2.25
2017.07.28 13:06:22.516,1.45306,1.4532,1.00,1.12
2017.07.28 13:06:23.027,1.45307,1.4532,1.00,1.50
2017.07.28 13:06:23.648,1.45309,1.4532,1.00,2.25
2017.07.28 13:06:24.160,1.45308,1.4532,1.00,2.25
2017.07.28 13:06:24.703,1.45307,1.4532,1.00,1.50
2017.07.28 13:06:25.317,1.4531,1.4532,1.00,1.12
2017.07.28 13:06:25.857,1.45309,1.4532,1.00,1.00
2017.07.28 13:06:26.117,1.45305,1.45318,1.00,1.00
2017.07.28 13:06:26.220,1.45307,1.45319,1.00,1.87
2017.07.28 13:06:26.527,1.45309,1.4532,1.00,1.87
2017.07.28 13:06:26.630,1.45307,1.45319,1.00,1.00
2017.07.28 13:06:26.681,1.45307,1.45317,1.00,1.00
2017.07.28 13:06:26.732,1.45307,1.45319,1.00,2.25
2017.07.28 13:06:27.127,1.45306,1.45316,1.00,1.00
2017.07.28 13:06:27.229,1.45307,1.45319,1.00,1.87
2017.07.28 13:06:27.742,1.45307,1.45317,1.00,1.00
2017.07.28 13:06:27.946,1.45305,1.45317,1.00,1.12
2017.07.28 13:06:28.454,1.45306,1.45316,1.00,1.87
2017.07.28 13:06:28.506,1.45304,1.45316,1.00,1.50
2017.07.28 13:06:28.558,1.45304,1.45313,1.00,1.00
2017.07.28 13:06:28.610,1.45301,1.45313,1.00,1.00
2017.07.28 13:06:29.020,1.453,1.45311,1.00,1.00
2017.07.28 13:06:29.557,1.45301,1.45312,1.00,1.00
2017.07.28 13:06:30.615,1.453,1.45311,1.00,1.00
2017.07.28 13:06:31.126,1.45299,1.45312,1.00,2.25
2017.07.28 13:06:31.433,1.45293,1.45303,1.00,1.87
2017.07.28 13:06:31.733,1.45288,1.45299,1.00,1.12
2017.07.28 13:06:32.245,1.45289,1.453,1.00,1.37
2017.07.28 13:06:32.759,1.45288,1.453,1.00,1.37
2017.07.28 13:06:33.270,1.45289,1.453,1.00,1.37
2017.07.28 13:06:33.791,1.4529,1.45301,1.00,1.37
2017.07.28 13:06:34.765,1.45289,1.45301,1.00,1.37
2017.07.28 13:06:34.816,1.45291,1.45301,1.00,1.37
2017.07.28 13:06:35.350,1.4529,1.45301,1.00,1.37
2017.07.28 13:06:35.707,1.4529,1.45302,1.00,1.50
2017.07.28 13:06:35.758,1.45294,1.45304,1.00,1.12
2017.07.28 13:06:36.068,1.45298,1.45308,1.00,1.87
2017.07.28 13:06:36.428,1.45296,1.45306,1.00,1.37
2017.07.28 13:06:37.138,1.45296,1.45307,1.00,1.87
2017.07.28 13:06:37.192,1.45292,1.45303,1.00,1.00
2017.07.28 13:06:37.244,1.45294,1.45305,1.00,1.37
2017.07.28 13:06:37.552,1.45296,1.45306,1.00,1.87
2017.07.28 13:06:37.756,1.45296,1.45308,1.00,1.12
2017.07.28 13:06:37.943,1.45296,1.45309,1.00,2.25
2017.07.28 13:06:38.351,1.45294,1.45305,1.00,1.12
2017.07.28 13:06:38.867,1.45295,1.45306,1.00,1.37
2017.07.28 13:06:39.381,1.45296,1.45306,1.00,1.37
2017.07.28 13:06:39.843,1.45297,1.45307,1.00,1.00
2017.07.28 13:06:39.998,1.45295,1.45307,1.00,1.00
2017.07.28 13:06:40.500,1.45294,1.45307,1.00,2.25
2017.07.28 13:06:41.011,1.45296,1.45307,1.00,2.25
2017.07.28 13:06:42.034,1.45294,1.45305,1.00,1.00
2017.07.28 13:06:42.086,1.45294,1.45305,1.00,1.50
2017.07.28 13:06:42.294,1.45294,1.45306,1.00,1.12
2017.07.28 13:06:42.398,1.45292,1.45304,1.00,1.12
2017.07.28 13:06:42.722,1.45296,1.45305,1.00,1.37
2017.07.28 13:06:42.774,1.45293,1.45302,1.00,1.00
2017.07.28 13:06:42.825,1.45293,1.45305,1.00,1.37
2017.07.28 13:06:42.877,1.45298,1.45306,1.00,1.37
2017.07.28 13:06:42.929,1.45298,1.45307,1.25,1.12
2017.07.28 13:06:43.623,1.45298,1.45311,1.00,1.87
2017.07.28 13:06:44.082,1.45296,1.4531,1.25,1.00
2017.07.28 13:06:44.668,1.45296,1.45307,1.00,1.00
2017.07.28 13:06:44.977,1.453,1.45313,1.00,3.00
2017.07.28 13:06:45.028,1.453,1.45314,1.00,3.19
2017.07.28 13:06:45.744,1.45299,1.45314,1.00,2.81
2017.07.28 13:06:46.263,1.453,1.45314,1.00,1.87
2017.07.28 13:06:47.926,1.45297,1.4531,1.12,1.00
2017.07.28 13:06:48.463,1.45297,1.45309,1.00,1.00
2017.07.28 13:06:48.515,1.45295,1.45309,1.00,1.00
2017.07.28 13:06:48.822,1.45291,1.45301,1.00,1.00
2017.07.28 13:06:48.926,1.45285,1.45297,1.25,1.00
2017.07.28 13:06:49.029,1.45282,1.45295,1.62,2.25
2017.07.28 13:06:49.081,1.45281,1.45295,1.00,2.25
2017.07.28 13:06:49.350,1.4528,1.45291,1.00,1.12
2017.07.28 13:06:49.717,1.45279,1.45293,1.00,1.00
2017.07.28 13:06:50.176,1.45281,1.45294,1.00,1.00
2017.07.28 13:06:50.355,1.45285,1.45299,1.00,1.87
2017.07.28 13:06:52.254,1.45286,1.45299,1.00,1.87
2017.07.28 13:06:54.135,1.45288,1.453,1.00,1.37
2017.07.28 13:06:54.392,1.45287,1.45301,1.00,1.12
2017.07.28 13:06:55.242,1.45288,1.45301,1.00,1.87
2017.07.28 13:06:55.756,1.45289,1.45302,1.00,1.12
2017.07.28 13:06:55.859,1.45293,1.45304,1.00,1.00
2017.07.28 13:06:56.135,1.45296,1.45309,1.00,1.50
2017.07.28 13:06:56.240,1.45294,1.45308,1.00,1.50
2017.07.28 13:06:56.548,1.45288,1.45301,1.00,2.25
2017.07.28 13:06:56.651,1.4529,1.45302,1.00,1.37
2017.07.28 13:06:56.805,1.4529,1.45305,1.19,3.37
2017.07.28 13:06:57.045,1.45296,1.45308,1.00,1.75
2017.07.28 13:06:57.557,1.45293,1.45307,1.19,1.50
2017.07.28 13:06:58.832,1.45293,1.45302,1.00,1.00
2017.07.28 13:06:58.884,1.45289,1.453,1.37,1.00
2017.07.28 13:06:58.987,1.45285,1.45297,2.44,1.00
2017.07.28 13:06:59.601,1.45286,1.45296,1.69,1.00
2017.07.28 13:06:59.941,1.45286,1.45296,1.50,1.00
2017.07.28 13:07:00.453,1.45282,1.45295,2.06,1.00
2017.07.28 13:07:00.981,1.45281,1.45295,1.25,1.00
2017.07.28 13:07:01.084,1.45281,1.45295,2.81,1.00
2017.07.28 13:07:01.595,1.45283,1.45296,1.31,1.00
2017.07.28 13:07:02.268,1.45287,1.453,1.00,1.87
2017.07.28 13:07:03.436,1.45286,1.453,1.00,3.56
2017.07.28 13:07:03.695,1.45286,1.453,1.25,1.12
2017.07.28 13:07:04.515,1.45287,1.453,1.00,1.12
2017.07.28 13:07:05.127,1.45287,1.45299,1.00,1.00
2017.07.28 13:07:05.280,1.45283,1.45299,1.12,3.56
2017.07.28 13:07:05.384,1.45282,1.45296,1.00,2.62
2017.07.28 13:07:05.895,1.45281,1.45296,1.25,4.12
2017.07.28 13:07:06.413,1.45281,1.45294,1.25,1.00
2017.07.28 13:07:07.526,1.45281,1.45295,1.00,1.87
2017.07.28 13:07:07.738,1.45279,1.45293,1.12,1.50
2017.07.28 13:07:07.946,1.45276,1.45291,1.37,1.37
2017.07.28 13:07:08.254,1.45273,1.45288,1.25,1.50
2017.07.28 13:07:08.762,1.45274,1.45289,1.00,2.25
2017.07.28 13:07:08.929,1.45275,1.45291,1.69,3.37
2017.07.28 13:07:08.980,1.45276,1.4529,1.25,1.00
2017.07.28 13:07:09.032,1.45278,1.4529,1.00,1.00
2017.07.28 13:07:09.615,1.45278,1.45292,1.00,2.25
2017.07.28 13:07:10.161,1.45276,1.45292,1.31,2.62
2017.07.28 13:07:10.580,1.45278,1.45291,1.00,1.00
2017.07.28 13:07:10.903,1.45278,1.45291,1.19,1.00
2017.07.28 13:07:11.569,1.45278,1.45292,1.25,1.87
2017.07.28 13:07:13.119,1.4528,1.45294,1.00,1.50
2017.07.28 13:07:13.250,1.4528,1.45296,1.00,4.12
2017.07.28 13:07:13.805,1.4528,1.45295,1.00,2.25
2017.07.28 13:07:16.111,1.4528,1.45296,1.00,2.62
2017.07.28 13:07:16.627,1.4528,1.45294,1.00,1.00
2017.07.28 13:07:17.696,1.45279,1.45296,1.87,1.69
2017.07.28 13:07:18.882,1.45279,1.45296,1.69,1.50
2017.07.28 13:07:19.190,1.4528,1.45295,1.00,1.75
2017.07.28 13:07:21.258,1.4528,1.45294,1.00,1.87
2017.07.28 13:07:24.065,1.45278,1.45294,1.87,3.37
2017.07.28 13:07:24.324,1.45276,1.45292,1.00,2.25
2017.07.28 13:07:24.529,1.45279,1.45292,1.00,1.00
2017.07.28 13:07:25.093,1.45278,1.45293,1.12,3.00
2017.07.28 13:07:25.480,1.4528,1.45295,1.25,1.50
2017.07.28 13:07:25.788,1.45277,1.45291,1.00,2.25
2017.07.28 13:07:26.150,1.45275,1.45291,1.31,1.50
2017.07.28 13:07:26.252,1.45272,1.45286,1.87,1.00
2017.07.28 13:07:26.576,1.45276,1.45289,1.00,1.00
2017.07.28 13:07:27.524,1.45278,1.45291,1.00,1.75
2017.07.28 13:07:28.035,1.45277,1.45291,1.00,1.87
2017.07.28 13:07:28.649,1.45277,1.45291,1.00,1.37
2017.07.28 13:07:28.958,1.45286,1.453,1.00,3.19
2017.07.28 13:07:29.062,1.45287,1.45301,1.00,1.87
2017.07.28 13:07:29.629,1.45285,1.45301,1.19,3.37
2017.07.28 13:07:30.398,1.45284,1.45299,1.25,1.00
2017.07.28 13:07:30.593,1.45284,1.45296,1.00,1.37
2017.07.28 13:07:30.661,1.4528,1.45293,1.00,1.50
2017.07.28 13:07:31.226,1.45279,1.45293,1.00,1.87
2017.07.28 13:07:31.746,1.4528,1.45293,1.00,1.50
2017.07.28 13:07:31.899,1.4528,1.45294,1.00,1.87
2017.07.28 13:07:32.054,1.45275,1.45289,1.50,1.00
2017.07.28 13:07:32.362,1.45274,1.45287,1.00,1.75
2017.07.28 13:07:32.622,1.45266,1.45279,1.12,1.00
2017.07.28 13:07:32.724,1.45266,1.45279,1.31,1.00
2017.07.28 13:07:32.929,1.45263,1.45277,1.75,1.00
2017.07.28 13:07:33.083,1.45263,1.45277,1.00,1.00
2017.07.28 13:07:34.035,1.45262,1.45276,2.62,1.00
2017.07.28 13:07:34.137,1.45262,1.45278,1.87,1.00
2017.07.28 13:07:34.638,1.45263,1.45278,1.00,1.00
2017.07.28 13:07:34.845,1.45265,1.4528,1.00,1.00
2017.07.28 13:07:35.153,1.45267,1.45281,1.12,1.00
2017.07.28 13:07:35.762,1.45266,1.45281,1.31,1.50
2017.07.28 13:07:36.070,1.45273,1.45287,1.12,1.37
2017.07.28 13:07:36.173,1.45272,1.45289,2.06,1.25
2017.07.28 13:07:38.015,1.45275,1.45289,1.37,1.00
2017.07.28 13:07:38.517,1.45276,1.4529,1.12,1.00
2017.07.28 13:07:39.755,1.45274,1.4529,1.12,1.50
2017.07.28 13:07:39.961,1.45276,1.45291,1.00,1.50
2017.07.28 13:07:40.269,1.45277,1.45293,2.25,1.00
2017.07.28 13:07:40.578,1.45277,1.45291,1.12,1.00
2017.07.28 13:07:41.098,1.45277,1.45292,1.00,1.00
2017.07.28 13:07:41.407,1.45283,1.45296,1.69,1.87
2017.07.28 13:07:41.561,1.45284,1.45299,1.12,1.37
2017.07.28 13:07:42.307,1.45283,1.45297,1.69,1.00
2017.07.28 13:07:42.847,1.45282,1.45296,1.31,1.00
2017.07.28 13:07:43.360,1.45286,1.45297,1.50,1.00
2017.07.28 13:07:43.564,1.45282,1.45296,2.44,1.00
2017.07.28 13:07:44.092,1.45283,1.45296,1.37,1.00
2017.07.28 13:07:44.401,1.45285,1.45298,1.12,1.00
2017.07.28 13:07:44.504,1.45288,1.45301,1.00,1.12
2017.07.28 13:07:44.863,1.45288,1.453,1.50,1.12
2017.07.28 13:07:44.916,1.45287,1.453,1.37,1.12
2017.07.28 13:07:45.328,1.45286,1.45299,1.25,1.00
2017.07.28 13:07:45.687,1.45287,1.45297,1.12,1.00
2017.07.28 13:07:45.738,1.45286,1.453,1.69,1.87
2017.07.28 13:07:45.869,1.45287,1.45298,1.12,1.00
2017.07.28 13:07:46.074,1.45288,1.45301,1.00,1.50
2017.07.28 13:07:46.584,1.45289,1.45302,1.00,1.75
2017.07.28 13:07:46.844,1.45287,1.45301,1.12,1.00
2017.07.28 13:07:47.160,1.45289,1.45301,1.00,1.00
2017.07.28 13:07:47.468,1.4529,1.45304,1.75,1.50
2017.07.28 13:07:47.570,1.45289,1.45302,1.00,1.12
2017.07.28 13:07:48.081,1.45288,1.45303,1.00,1.50
2017.07.28 13:07:48.605,1.45288,1.45304,1.00,2.62
2017.07.28 13:07:48.708,1.4529,1.45304,1.00,3.37
2017.07.28 13:07:48.964,1.45288,1.45302,1.87,1.37
2017.07.28 13:07:49.016,1.45287,1.45301,1.50,1.50
2017.07.28 13:07:49.170,1.45286,1.45298,1.00,1.00
2017.07.28 13:07:50.314,1.45287,1.45299,1.00,1.37
2017.07.28 13:07:50.620,1.45291,1.45303,1.00,2.62
2017.07.28 13:07:50.816,1.45293,1.45306,1.50,1.75
2017.07.28 13:07:50.921,1.45292,1.45304,1.00,3.56
2017.07.28 13:07:51.181,1.45287,1.45299,1.00,1.37
2017.07.28 13:07:51.437,1.45284,1.45297,1.50,1.00
2017.07.28 13:07:51.489,1.45281,1.45295,1.75,1.50
2017.07.28 13:07:51.644,1.4528,1.4529,1.00,1.00
2017.07.28 13:07:52.189,1.45278,1.4529,1.00,1.00
2017.07.28 13:07:53.082,1.4528,1.45292,1.00,1.50
2017.07.28 13:07:53.694,1.4528,1.45292,1.00,1.12
2017.07.28 13:07:54.115,1.45279,1.4529,1.00,1.50
2017.07.28 13:07:54.429,1.45277,1.4529,1.00,1.37
2017.07.28 13:07:54.583,1.45279,1.45293,1.00,3.00
2017.07.28 13:07:55.042,1.45281,1.45293,1.00,2.62
2017.07.28 13:07:55.316,1.45279,1.45291,1.00,1.87
2017.07.28 13:07:55.865,1.45278,1.45291,1.00,2.25
2017.07.28 13:07:57.463,1.45279,1.45291,1.00,1.87
2017.07.28 13:07:57.618,1.45281,1.45293,1.00,3.19
2017.07.28 13:07:57.773,1.45279,1.45293,1.00,2.81
2017.07.28 13:07:58.343,1.4528,1.4529,1.00,1.00
2017.07.28 13:07:58.855,1.45278,1.45292,1.00,1.87
2017.07.28 13:07:58.907,1.4528,1.45292,1.00,1.87
2017.07.28 13:08:00.107,1.45279,1.45291,1.00,1.00
2017.07.28 13:08:00.362,1.45282,1.45297,1.00,3.75
2017.07.28 13:08:00.866,1.45283,1.45297,1.00,2.25
2017.07.28 13:08:00.918,1.45285,1.45296,1.00,1.12
2017.07.28 13:08:01.332,1.45287,1.45297,1.00,1.87
2017.07.28 13:08:01.870,1.45286,1.45297,1.00,1.87
2017.07.28 13:08:02.380,1.45286,1.45297,1.00,1.12
2017.07.28 13:08:02.689,1.45289,1.45299,1.00,1.00
2017.07.28 13:08:02.805,1.4529,1.45304,1.00,4.31
2017.07.28 13:08:03.341,1.45289,1.45301,1.00,1.12
2017.07.28 13:08:04.521,1.45287,1.45302,1.00,1.50
2017.07.28 13:08:04.899,1.45286,1.453,1.00,1.37
2017.07.28 13:08:05.257,1.45288,1.45298,1.00,1.00
2017.07.28 13:08:05.873,1.45289,1.45302,1.00,1.37
2017.07.28 13:08:06.414,1.4529,1.45301,1.00,1.50
2017.07.28 13:08:06.517,1.45288,1.45301,1.00,1.50
2017.07.28 13:08:06.672,1.45289,1.45302,1.00,1.00
2017.07.28 13:08:07.210,1.45289,1.45303,1.00,1.50
2017.07.28 13:08:07.748,1.4529,1.45304,1.00,1.62
2017.07.28 13:08:08.266,1.45291,1.45305,1.00,1.75
2017.07.28 13:08:08.795,1.45292,1.45304,1.00,1.00
2017.07.28 13:08:08.898,1.4529,1.45303,1.00,1.00
2017.07.28 13:08:09.000,1.45292,1.45302,1.00,1.12
2017.07.28 13:08:09.459,1.4529,1.45304,1.00,1.37
2017.07.28 13:08:09.510,1.4529,1.45304,1.00,2.25
2017.07.28 13:08:10.556,1.45288,1.453,1.00,1.00
2017.07.28 13:08:11.108,1.45288,1.45301,1.00,1.12
2017.07.28 13:08:11.649,1.45288,1.453,1.00,1.00
2017.07.28 13:08:11.904,1.45286,1.45302,1.00,3.00
2017.07.28 13:08:12.159,1.45288,1.453,1.00,1.00
2017.07.28 13:08:12.506,1.45286,1.453,1.25,2.62
2017.07.28 13:08:12.557,1.45283,1.45298,1.00,1.37
2017.07.28 13:08:13.072,1.45283,1.45297,1.00,2.25
2017.07.28 13:08:13.586,1.45282,1.45297,1.12,1.37
2017.07.28 13:08:13.903,1.45282,1.45293,1.00,1.50
2017.07.28 13:08:14.507,1.45283,1.45295,1.00,1.12
2017.07.28 13:08:15.021,1.45282,1.45294,1.12,1.00
2017.07.28 13:08:15.327,1.45284,1.45297,1.00,1.87
2017.07.28 13:08:15.842,1.45283,1.45296,1.00,1.87
2017.07.28 13:08:16.149,1.45277,1.45291,3.19,1.00
2017.07.28 13:08:16.974,1.45277,1.4529,2.00,1.00
2017.07.28 13:08:17.739,1.45277,1.45289,1.12,1.00
2017.07.28 13:08:18.277,1.45277,1.4529,1.31,1.00
2017.07.28 13:08:19.048,1.45282,1.45293,1.37,1.00
2017.07.28 13:08:19.254,1.45285,1.45296,1.00,1.00
2017.07.28 13:08:19.561,1.45285,1.45294,1.00,1.00
2017.07.28 13:08:20.073,1.45282,1.45295,1.37,1.00
2017.07.28 13:08:20.125,1.45282,1.45295,1.87,1.00
2017.07.28 13:08:20.279,1.45283,1.45295,1.50,1.00
2017.07.28 13:08:20.798,1.45283,1.45295,1.50,1.00
2017.07.28 13:08:21.329,1.45283,1.45296,1.50,1.00
2017.07.28 13:08:21.638,1.45283,1.45292,1.00,1.00
2017.07.28 13:08:21.690,1.4528,1.45291,1.87,1.00
2017.07.28 13:08:21.742,1.4528,1.45291,1.87,1.00
2017.07.28 13:08:21.844,1.4528,1.45291,2.25,1.00
2017.07.28 13:08:22.364,1.45277,1.4529,1.62,1.00
2017.07.28 13:08:22.468,1.45275,1.45287,1.50,1.00
2017.07.28 13:08:22.980,1.45275,1.45287,1.00,1.00
2017.07.28 13:08:23.497,1.45275,1.45286,1.12,1.00
2017.07.28 13:08:23.888,1.45274,1.4529,1.50,1.50
2017.07.28 13:08:23.992,1.45274,1.45288,1.12,1.00
2017.07.28 13:08:24.198,1.45272,1.45289,1.00,3.19
2017.07.28 13:08:24.749,1.45273,1.45287,1.00,1.00
2017.07.28 13:08:25.362,1.45275,1.45288,1.00,1.37
2017.07.28 13:08:25.765,1.45278,1.4529,1.00,1.75
2017.07.28 13:08:25.816,1.45278,1.45291,1.00,3.00
2017.07.28 13:08:26.072,1.45274,1.45287,1.12,1.00
2017.07.28 13:08:28.187,1.45276,1.45288,1.56,1.00
2017.07.28 13:08:28.346,1.45278,1.45293,2.81,1.00
2017.07.28 13:08:28.550,1.45278,1.45291,2.81,1.00
2017.07.28 13:08:28.808,1.45281,1.45294,1.00,1.00
2017.07.28 13:08:28.860,1.45281,1.45294,1.19,1.00
2017.07.28 13:08:29.697,1.45282,1.45297,1.31,1.00
2017.07.28 13:08:30.224,1.45282,1.45298,1.31,1.87
2017.07.28 13:08:30.757,1.45282,1.45296,1.19,1.00
2017.07.28 13:08:31.302,1.45282,1.45297,1.69,1.00
2017.07.28 13:08:32.090,1.45282,1.45296,1.31,1.00
2017.07.28 13:08:32.694,1.45281,1.45297,3.19,1.00
2017.07.28 13:08:33.054,1.45284,1.45298,1.56,2.25
2017.07.28 13:08:33.361,1.45284,1.45299,2.81,1.00
2017.07.28 13:08:33.893,1.45285,1.453,1.94,1.00
2017.07.28 13:08:34.479,1.45288,1.45301,1.25,1.00
2017.07.28 13:08:34.819,1.45288,1.45303,1.19,1.87
2017.07.28 13:08:35.343,1.45288,1.45303,1.31,1.00
2017.07.28 13:08:36.517,1.45288,1.45301,1.25,1.00
2017.07.28 13:08:37.031,1.45288,1.453,1.25,1.00
2017.07.28 13:08:37.734,1.45284,1.45298,1.69,1.00
2017.07.28 13:08:37.785,1.45282,1.45296,1.94,1.00
2017.07.28 13:08:37.836,1.45282,1.45296,1.00,1.00
2017.07.28 13:08:38.416,1.45282,1.45295,1.00,1.00
2017.07.28 13:08:38.676,1.45283,1.45297,1.12,1.00
2017.07.28 13:08:38.728,1.45284,1.45297,1.31,1.00
2017.07.28 13:08:38.780,1.45284,1.45299,1.31,1.00
2017.07.28 13:08:39.734,1.45284,1.45299,1.00,1.00
2017.07.28 13:08:39.787,1.45282,1.45295,1.87,1.00
2017.07.28 13:08:40.337,1.45281,1.45296,2.06,1.00
2017.07.28 13:08:40.580,1.45282,1.45299,3.19,1.12
2017.07.28 13:08:40.683,1.45282,1.45297,3.19,1.00
2017.07.28 13:08:40.787,1.45281,1.45297,2.81,1.00
2017.07.28 13:08:41.097,1.4528,1.45294,1.94,1.00
2017.07.28 13:08:41.651,1.45278,1.45292,1.62,1.00
2017.07.28 13:08:42.162,1.45277,1.45292,2.44,1.00
2017.07.28 13:08:42.669,1.45278,1.45292,1.19,1.00
2017.07.28 13:08:43.180,1.45277,1.45292,2.44,1.00
2017.07.28 13:08:44.094,1.45276,1.45291,1.94,1.00
2017.07.28 13:08:44.657,1.45276,1.45291,2.06,1.00
2017.07.28 13:08:44.759,1.45276,1.45293,2.06,1.00
2017.07.28 13:08:45.365,1.45279,1.45292,1.69,1.00
2017.07.28 13:08:45.902,1.45279,1.45293,2.06,1.00
2017.07.28 13:08:48.405,1.45278,1.45292,2.44,1.00
2017.07.28 13:08:48.508,1.45278,1.45294,1.56,1.00
2017.07.28 13:08:49.017,1.45279,1.45293,1.19,1.00
2017.07.28 13:08:51.698,1.4528,1.45295,2.06,1.00
2017.07.28 13:08:52.856,1.4528,1.45293,1.62,1.00
2017.07.28 13:08:53.405,1.4528,1.45293,1.62,1.00
2017.07.28 13:08:54.139,1.4528,1.45294,1.62,1.00
2017.07.28 13:08:54.662,1.4528,1.45294,1.62,1.00
2017.07.28 13:08:55.199,1.4528,1.45295,1.69,1.50
2017.07.28 13:08:57.024,1.45281,1.45295,2.06,1.00
2017.07.28 13:08:57.128,1.45283,1.45297,1.00,1.12
2017.07.28 13:08:57.648,1.45282,1.45297,1.62,1.50
2017.07.28 13:08:58.435,1.45282,1.45297,1.25,1.87
2017.07.28 13:08:58.539,1.45281,1.45295,1.69,1.00
2017.07.28 13:08:58.591,1.45282,1.45295,1.25,1.00
2017.07.28 13:08:59.000,1.45279,1.45295,1.12,1.50
2017.07.28 13:08:59.051,1.45279,1.45293,1.12,1.00
2017.07.28 13:08:59.979,1.45279,1.45294,1.50,1.87
2017.07.28 13:09:00.313,1.45275,1.45289,2.19,1.00
2017.07.28 13:09:00.638,1.4528,1.45291,1.00,1.37
2017.07.28 13:09:01.167,1.4528,1.45293,1.00,1.75
2017.07.28 13:09:01.438,1.4528,1.45293,1.00,1.12
2017.07.28 13:09:01.850,1.45279,1.45292,1.00,2.25
2017.07.28 13:09:02.106,1.45281,1.45293,1.00,1.87
2017.07.28 13:09:02.594,1.45279,1.45291,1.00,1.69
2017.07.28 13:09:03.004,1.45276,1.4529,1.00,1.69
2017.07.28 13:09:03.311,1.45276,1.45285,1.00,1.12
2017.07.28 13:09:03.829,1.45273,1.45285,1.00,1.12
2017.07.28 13:09:04.352,1.45274,1.45286,1.00,1.37
2017.07.28 13:09:04.455,1.45276,1.45288,1.00,1.12
2017.07.28 13:09:04.557,1.45276,1.45289,1.00,1.37
2017.07.28 13:09:05.059,1.45276,1.45289,1.00,1.12
2017.07.28 13:09:05.563,1.45275,1.4529,1.00,1.87
2017.07.28 13:09:05.665,1.45277,1.4529,1.00,1.37
2017.07.28 13:09:05.806,1.45275,1.4529,1.00,1.37
2017.07.28 13:09:06.313,1.45276,1.4529,1.00,1.87
2017.07.28 13:09:06.912,1.45277,1.4529,1.00,1.87
2017.07.28 13:09:07.726,1.45277,1.45289,1.00,1.00
2017.07.28 13:09:08.162,1.45274,1.45288,1.00,1.00
2017.07.28 13:09:08.468,1.45272,1.45286,1.69,1.00
2017.07.28 13:09:09.484,1.45271,1.45287,2.06,1.00
2017.07.28 13:09:10.112,1.45271,1.45286,2.44,1.00
2017.07.28 13:09:10.703,1.45271,1.45285,1.87,1.00
2017.07.28 13:09:11.228,1.45271,1.45284,1.50,1.00
2017.07.28 13:09:11.405,1.4527,1.45283,1.87,1.00
2017.07.28 13:09:11.755,1.45271,1.45286,1.12,1.87
2017.07.28 13:09:13.195,1.45271,1.45288,1.50,1.50
2017.07.28 13:09:13.704,1.45272,1.45287,1.00,1.12
2017.07.28 13:09:14.252,1.45272,1.45287,1.50,1.00
2017.07.28 13:09:14.950,1.45273,1.45288,1.12,1.12
2017.07.28 13:09:15.483,1.45273,1.45288,1.12,1.37
2017.07.28 13:09:18.019,1.45272,1.45289,1.50,1.87
2017.07.28 13:09:18.224,1.45274,1.45289,3.00,1.12
2017.07.28 13:09:18.545,1.45277,1.45292,1.00,3.56
2017.07.28 13:09:18.799,1.45274,1.45286,2.25,1.00
2017.07.28 13:09:21.185,1.45275,1.45284,1.87,1.00
2017.07.28 13:09:21.721,1.45275,1.45284,1.50,1.00
2017.07.28 13:09:21.926,1.45271,1.45282,1.87,1.00
2017.07.28 13:09:22.470,1.45271,1.45282,1.00,1.00
2017.07.28 13:09:27.865,1.45271,1.45282,1.31,1.00
2017.07.28 13:09:28.394,1.45269,1.45281,1.94,1.00
2017.07.28 13:09:28.904,1.45269,1.4528,1.19,1.00
2017.07.28 13:09:29.445,1.45269,1.45281,1.31,1.00
2017.07.28 13:09:30.475,1.45268,1.4528,2.06,1.00
2017.07.28 13:09:31.875,1.45271,1.4528,1.12,1.00
2017.07.28 13:09:31.927,1.45271,1.45286,1.12,2.25
2017.07.28 13:09:31.980,1.45277,1.45286,1.19,1.12
2017.07.28 13:09:32.170,1.45278,1.45291,2.06,1.00
2017.07.28 13:09:32.982,1.45279,1.45291,1.31,1.00
2017.07.28 13:09:33.534,1.45278,1.4529,2.06,1.00
2017.07.28 13:09:34.044,1.45279,1.4529,1.56,1.00
2017.07.28 13:09:34.570,1.45278,1.45289,1.94,1.00
2017.07.28 13:09:35.401,1.45277,1.45291,3.19,1.00
2017.07.28 13:09:36.631,1.45282,1.45292,1.00,1.00
2017.07.28 13:09:36.786,1.45281,1.45292,1.31,1.00
2017.07.28 13:09:39.373,1.4528,1.45292,2.81,1.00
2017.07.28 13:09:39.526,1.4528,1.45291,1.31,1.00
2017.07.28 13:09:40.148,1.4528,1.45291,1.00,1.00
2017.07.28 13:09:40.829,1.4528,1.4529,1.00,1.00
2017.07.28 13:09:41.353,1.4528,1.45291,1.00,1.00
2017.07.28 13:09:41.863,1.45278,1.45292,1.62,1.00
2017.07.28 13:09:42.855,1.45278,1.45293,2.06,1.00
2017.07.28 13:09:43.695,1.45278,1.45293,1.31,1.00
2017.07.28 13:09:44.057,1.45279,1.45294,3.37,1.00
2017.07.28 13:09:44.109,1.4528,1.45296,2.25,1.50
2017.07.28 13:09:44.211,1.45281,1.45296,1.37,1.00
2017.07.28 13:09:46.145,1.45281,1.45297,1.50,1.00
2017.07.28 13:09:46.469,1.45281,1.45295,1.50,1.00
2017.07.28 13:09:47.019,1.45284,1.45296,1.50,1.00
2017.07.28 13:09:47.070,1.45284,1.45298,1.50,1.12
2017.07.28 13:09:47.956,1.45283,1.45298,2.25,1.00
2017.07.28 13:09:48.394,1.45284,1.45298,2.25,1.00
2017.07.28 13:09:48.701,1.45287,1.45301,1.00,1.37
2017.07.28 13:09:51.148,1.45286,1.45302,1.00,2.62
2017.07.28 13:09:51.680,1.45287,1.45301,1.00,1.50
2017.07.28 13:09:52.375,1.45286,1.45302,1.00,2.25
2017.07.28 13:09:52.903,1.45287,1.45302,1.00,3.00
2017.07.28 13:09:53.348,1.45285,1.45299,1.12,1.00
2017.07.28 13:09:53.559,1.45284,1.45293,1.87,1.00
2017.07.28 13:09:53.662,1.45281,1.45295,1.87,1.50
2017.07.28 13:09:53.715,1.45283,1.45295,1.50,1.00
2017.07.28 13:09:54.227,1.45282,1.45298,1.50,1.37
2017.07.28 13:09:54.616,1.45286,1.45301,3.37,1.12
2017.07.28 13:09:55.304,1.45294,1.45302,1.00,1.37
2017.07.28 13:09:56.467,1.45294,1.45303,1.00,1.87
2017.07.28 13:09:56.787,1.45292,1.45299,1.00,1.00
2017.07.28 13:09:57.323,1.45291,1.45298,1.00,1.12
2017.07.28 13:10:00.146,1.4529,1.45299,1.00,1.50
2017.07.28 13:10:00.350,1.45293,1.45303,1.00,2.06
2017.07.28 13:10:00.634,1.45292,1.45302,1.00,1.50
2017.07.28 13:10:00.943,1.45285,1.45292,1.00,1.12
2017.07.28 13:10:01.148,1.45291,1.453,1.00,1.50
2017.07.28 13:10:01.470,1.45289,1.453,1.00,1.50
2017.07.28 13:10:02.206,1.45291,1.453,1.00,1.87
2017.07.28 13:10:02.618,1.4529,1.45298,1.00,1.00
2017.07.28 13:10:03.422,1.45291,1.45299,1.00,1.50
2017.07.28 13:10:06.644,1.45293,1.453,1.00,1.12
2017.07.28 13:10:06.799,1.45298,1.45307,1.00,1.00
2017.07.28 13:10:07.004,1.45296,1.45307,1.00,1.69
2017.07.28 13:10:07.055,1.45295,1.45306,1.00,2.81
2017.07.28 13:10:07.593,1.45296,1.45305,1.00,1.12
2017.07.28 13:10:08.108,1.45294,1.45303,1.00,1.00
2017.07.28 13:10:08.636,1.45288,1.45298,1.31,1.00
2017.07.28 13:10:08.688,1.45289,1.453,1.31,1.00
2017.07.28 13:10:09.285,1.45291,1.45299,1.00,1.00
2017.07.28 13:10:10.309,1.45296,1.45301,1.00,1.00
2017.07.28 13:10:10.451,1.45298,1.45304,1.00,1.00
2017.07.28 13:10:10.656,1.45297,1.45302,1.37,1.00
2017.07.28 13:10:10.809,1.4529,1.45299,1.19,1.00
2017.07.28 13:10:10.861,1.4529,1.45299,1.00,1.00
2017.07.28 13:10:11.302,1.45288,1.45298,1.12,1.00
2017.07.28 13:10:11.355,1.45287,1.45298,2.25,1.00
2017.07.28 13:10:11.664,1.45294,1.45302,1.25,1.00
2017.07.28 13:10:11.972,1.45288,1.45298,1.87,1.00
2017.07.28 13:10:12.476,1.45289,1.45297,1.19,1.00
2017.07.28 13:10:12.989,1.45288,1.45297,1.44,1.00
2017.07.28 13:10:14.222,1.45287,1.45297,1.69,1.00
2017.07.28 13:10:14.820,1.45287,1.45294,1.31,1.00
2017.07.28 13:10:14.871,1.45286,1.45294,3.00,1.00
2017.07.28 13:10:15.027,1.45285,1.45294,1.25,1.00
2017.07.28 13:10:15.337,1.45283,1.45292,1.25,1.00
2017.07.28 13:10:15.388,1.45283,1.45295,1.00,1.00
2017.07.28 13:10:15.440,1.45283,1.45293,3.19,1.00
2017.07.28 13:10:15.542,1.45288,1.45298,1.56,1.00
2017.07.28 13:10:16.090,1.4529,1.45296,1.19,1.00
2017.07.28 13:10:16.141,1.45289,1.45296,1.31,1.00
2017.07.28 13:10:16.244,1.45286,1.45294,3.19,1.00
2017.07.28 13:10:16.397,1.45286,1.45295,1.31,1.00
2017.07.28 13:10:16.906,1.45286,1.45294,2.06,1.00
2017.07.28 13:10:17.112,1.45286,1.45296,2.06,1.00
2017.07.28 13:10:17.164,1.45285,1.45296,1.00,1.00
2017.07.28 13:10:17.215,1.45285,1.45294,1.00,1.00
2017.07.28 13:10:17.888,1.45285,1.45294,1.31,1.00
2017.07.28 13:10:18.555,1.45285,1.45294,1.31,1.00
2017.07.28 13:10:19.105,1.45286,1.45295,1.69,1.00
2017.07.28 13:10:19.619,1.45286,1.45295,1.56,1.00
2017.07.28 13:10:20.324,1.45286,1.45294,1.81,1.00
2017.07.28 13:10:20.837,1.45286,1.45294,1.12,1.00
2017.07.28 13:10:22.029,1.45286,1.45297,1.75,1.00
2017.07.28 13:10:22.132,1.4529,1.45301,1.87,1.00
2017.07.28 13:10:22.508,1.45299,1.45306,1.12,1.00
2017.07.28 13:10:22.560,1.45299,1.45307,1.50,1.00
2017.07.28 13:10:22.664,1.45299,1.45309,2.25,1.00
2017.07.28 13:10:23.385,1.45299,1.45308,1.87,1.00
2017.07.28 13:10:23.898,1.45299,1.45307,2.25,1.00
2017.07.28 13:10:25.106,1.45299,1.45307,1.31,1.00
2017.07.28 13:10:25.157,1.45299,1.45309,1.19,1.00
2017.07.28 13:10:25.261,1.45299,1.45307,1.19,1.00
2017.07.28 13:10:25.785,1.45298,1.45306,2.06,1.00
2017.07.28 13:10:26.296,1.45296,1.45304,1.12,1.00
2017.07.28 13:10:26.456,1.45293,1.45302,1.19,1.00
2017.07.28 13:10:26.559,1.45291,1.45302,3.56,1.00
2017.07.28 13:10:26.663,1.45295,1.45302,1.00,1.00
2017.07.28 13:10:27.178,1.45292,1.45303,2.25,1.00
2017.07.28 13:10:27.516,1.45299,1.45306,1.19,1.00
2017.07.28 13:10:27.670,1.453,1.45308,1.19,1.00
2017.07.28 13:10:28.225,1.45299,1.45307,1.19,1.00
2017.07.28 13:10:28.431,1.45298,1.45306,2.44,1.00
2017.07.28 13:10:28.944,1.45297,1.45304,1.69,1.00
2017.07.28 13:10:29.467,1.45297,1.45304,1.25,1.00
2017.07.28 13:10:29.979,1.45297,1.45303,2.44,1.00
2017.07.28 13:10:30.193,1.45297,1.45305,1.25,1.00
2017.07.28 13:10:30.630,1.45297,1.45303,1.69,1.00
2017.07.28 13:10:30.903,1.45297,1.45306,1.25,1.00
2017.07.28 13:10:31.727,1.45299,1.45306,1.00,1.00
2017.07.28 13:10:32.244,1.45298,1.45307,2.44,1.00
2017.07.28 13:10:33.170,1.45299,1.45306,1.19,1.00
2017.07.28 13:10:33.325,1.45297,1.45305,1.19,1.00
2017.07.28 13:10:33.377,1.45297,1.45302,1.00,1.00
2017.07.28 13:10:33.480,1.45292,1.45299,1.25,1.00
2017.07.28 13:10:35.063,1.45289,1.45298,2.81,1.00
2017.07.28 13:10:35.369,1.45289,1.45298,1.31,1.00
2017.07.28 13:10:35.493,1.45289,1.45296,1.00,1.00
2017.07.28 13:10:35.647,1.45284,1.45293,1.00,1.00
2017.07.28 13:10:35.953,1.45283,1.45291,1.62,1.00
2017.07.28 13:10:36.463,1.45284,1.45292,1.69,1.00
2017.07.28 13:10:36.994,1.45285,1.45292,1.00,1.00
2017.07.28 13:10:37.405,1.45287,1.45292,1.00,1.00
2017.07.28 13:10:37.508,1.45285,1.45294,1.00,1.00
2017.07.28 13:10:37.662,1.45286,1.45296,1.00,1.00
2017.07.28 13:10:37.917,1.45289,1.45296,1.00,1.00
2017.07.28 13:10:38.275,1.45287,1.45296,1.12,1.00
2017.07.28 13:10:38.428,1.45286,1.45294,1.00,1.00
2017.07.28 13:10:38.734,1.45286,1.45296,1.12,1.00
2017.07.28 13:10:39.193,1.4529,1.45299,1.12,1.00
2017.07.28 13:10:39.245,1.4529,1.45299,2.25,1.00
2017.07.28 13:10:39.707,1.45291,1.45299,1.69,1.00
2017.07.28 13:10:40.380,1.45292,1.453,1.31,1.00
2017.07.28 13:10:40.944,1.45291,1.45302,1.81,1.00
2017.07.28 13:10:40.997,1.45291,1.453,1.56,1.00
2017.07.28 13:10:41.194,1.45288,1.45296,2.44,1.00
2017.07.28 13:10:41.248,1.45288,1.45297,2.06,1.00
2017.07.28 13:10:41.708,1.45289,1.45296,1.50,1.00
2017.07.28 13:10:42.512,1.45288,1.45296,2.06,1.00
2017.07.28 13:10:42.665,1.4529,1.45296,1.00,1.00
2017.07.28 13:10:42.768,1.45287,1.45296,3.94,1.00
2017.07.28 13:10:44.194,1.45288,1.45297,1.56,1.00
2017.07.28 13:10:44.552,1.4529,1.453,1.69,1.00
2017.07.28 13:10:44.695,1.4529,1.45298,1.31,1.00
2017.07.28 13:10:45.006,1.45289,1.45296,1.12,1.00
2017.07.28 13:10:45.840,1.45289,1.45297,2.44,1.00
2017.07.28 13:10:46.097,1.45283,1.45291,1.31,1.00
2017.07.28 13:10:46.200,1.45285,1.45292,1.00,1.00
2017.07.28 13:10:46.559,1.45284,1.45294,1.63,1.00
2017.07.28 13:10:46.713,1.45287,1.45293,1.00,1.00
2017.07.28 13:10:46.921,1.45283,1.45292,1.25,1.00
2017.07.28 13:10:47.024,1.45282,1.45292,3.19,1.00
2017.07.28 13:10:47.536,1.45284,1.45291,1.69,1.00
2017.07.28 13:10:48.032,1.45288,1.45295,2.25,1.00
2017.07.28 13:10:48.288,1.45291,1.45299,1.50,1.00
2017.07.28 13:10:48.544,1.45289,1.45297,1.69,1.00
2017.07.28 13:10:48.894,1.45284,1.45293,1.69,1.00
2017.07.28 13:10:49.405,1.45284,1.45292,1.69,1.00
2017.07.28 13:10:49.864,1.45288,1.45293,1.00,1.00
2017.07.28 13:10:49.916,1.45286,1.45293,1.31,1.00
2017.07.28 13:10:50.020,1.45286,1.45296,1.56,1.00
2017.07.28 13:10:50.194,1.45287,1.45298,2.06,1.00
2017.07.28 13:10:50.246,1.45287,1.45295,2.06,1.00
2017.07.28 13:10:50.400,1.45287,1.45299,1.56,1.00
2017.07.28 13:10:50.911,1.45287,1.45296,1.00,1.00
2017.07.28 13:10:51.167,1.4529,1.45301,1.69,1.00
2017.07.28 13:10:51.269,1.45292,1.453,1.00,1.00
2017.07.28 13:10:51.321,1.4529,1.453,1.31,1.00
2017.07.28 13:10:51.681,1.45295,1.45302,1.00,1.00
2017.07.28 13:10:51.733,1.45293,1.45302,1.00,1.00
2017.07.28 13:10:51.888,1.4529,1.45301,1.31,1.00
2017.07.28 13:10:52.182,1.45288,1.45299,2.06,1.00
2017.07.28 13:10:52.440,1.45291,1.45304,1.12,1.00
2017.07.28 13:10:52.644,1.45292,1.45302,1.00,1.00
2017.07.28 13:10:53.100,1.45291,1.453,1.00,1.00
2017.07.28 13:10:53.204,1.45288,1.453,1.50,1.00
2017.07.28 13:10:53.460,1.45291,1.453,1.00,1.00
2017.07.28 13:10:53.563,1.45289,1.453,1.00,1.00
2017.07.28 13:10:54.096,1.45289,1.45302,1.12,1.00
2017.07.28 13:10:54.147,1.45291,1.45302,1.00,1.00
2017.07.28 13:10:54.456,1.45291,1.45302,2.44,1.00
2017.07.28 13:10:54.968,1.45291,1.45303,2.06,1.00
2017.07.28 13:10:55.320,1.45292,1.45301,1.31,1.00
2017.07.28 13:10:55.576,1.45292,1.45303,1.31,1.00
2017.07.28 13:10:56.583,1.45291,1.45302,2.06,1.00
2017.07.28 13:10:56.787,1.4529,1.45301,1.56,1.00
2017.07.28 13:10:56.838,1.4529,1.45299,1.00,1.00
2017.07.28 13:10:57.145,1.45291,1.45302,1.69,1.00
2017.07.28 13:10:57.688,1.45293,1.45302,1.00,1.00
2017.07.28 13:10:57.943,1.45291,1.45303,1.31,1.00
2017.07.28 13:10:58.046,1.45291,1.453,1.00,1.00
2017.07.28 13:10:58.802,1.45289,1.45299,1.12,1.00
2017.07.28 13:10:59.313,1.4529,1.45299,1.00,1.00
2017.07.28 13:10:59.825,1.45288,1.45299,2.06,1.00
2017.07.28 13:11:00.132,1.45289,1.45301,1.00,1.00
2017.07.28 13:11:00.636,1.45286,1.453,2.81,1.00
2017.07.28 13:11:00.993,1.45286,1.45297,2.06,1.00
2017.07.28 13:11:01.380,1.45282,1.45295,1.50,1.00
2017.07.28 13:11:01.536,1.45282,1.45293,1.12,1.00
2017.07.28 13:11:01.844,1.45283,1.45298,1.25,2.25
2017.07.28 13:11:01.896,1.45285,1.45298,2.62,1.50
2017.07.28 13:11:02.403,1.45285,1.45299,2.06,1.00
2017.07.28 13:11:02.711,1.45283,1.45295,2.06,1.00
2017.07.28 13:11:02.763,1.45283,1.45295,1.69,1.00
2017.07.28 13:11:02.919,1.45287,1.45297,1.50,1.00
2017.07.28 13:11:02.971,1.45287,1.453,1.87,1.00
2017.07.28 13:11:03.181,1.45286,1.45298,2.44,1.00
2017.07.28 13:11:03.489,1.45287,1.453,1.69,1.00
2017.07.28 13:11:04.080,1.45287,1.45298,1.31,1.00
2017.07.28 13:11:04.437,1.45285,1.45297,2.25,1.00
2017.07.28 13:11:04.693,1.45283,1.45295,1.75,1.00
2017.07.28 13:11:05.013,1.45289,1.453,1.31,1.12
2017.07.28 13:11:05.270,1.45292,1.45304,1.00,1.00
2017.07.28 13:11:05.323,1.45292,1.45307,1.00,1.50
2017.07.28 13:11:05.376,1.45292,1.45302,1.00,1.00
2017.07.28 13:11:05.530,1.4529,1.45304,1.25,1.00
2017.07.28 13:11:05.683,1.45291,1.45304,1.19,1.00
2017.07.28 13:11:05.842,1.45288,1.45303,1.62,1.00
2017.07.28 13:11:06.102,1.45288,1.45301,1.25,1.00
2017.07.28 13:11:06.491,1.4529,1.45302,1.00,1.50
2017.07.28 13:11:06.748,1.45287,1.453,1.12,1.12
2017.07.28 13:11:06.953,1.45287,1.45302,1.31,1.00
2017.07.28 13:11:07.203,1.4529,1.45304,1.50,1.87
2017.07.28 13:11:07.255,1.4529,1.45302,1.00,1.00
2017.07.28 13:11:07.409,1.45287,1.45303,1.87,1.87
2017.07.28 13:11:07.682,1.45287,1.45301,1.12,1.00
2017.07.28 13:11:07.838,1.45285,1.453,1.00,1.00
2017.07.28 13:11:08.369,1.45283,1.453,2.06,1.50
2017.07.28 13:11:08.880,1.45281,1.45298,1.56,2.62
2017.07.28 13:11:09.033,1.45288,1.45299,1.00,3.37
2017.07.28 13:11:09.136,1.45287,1.45299,1.00,2.25
2017.07.28 13:11:09.284,1.45285,1.45299,1.00,1.50
2017.07.28 13:11:09.439,1.45286,1.45299,1.19,1.50
2017.07.28 13:11:09.643,1.45288,1.45301,1.00,1.00
2017.07.28 13:11:10.051,1.4529,1.45303,1.00,1.37
2017.07.28 13:11:10.514,1.45289,1.45305,1.25,1.12
2017.07.28 13:11:10.566,1.45291,1.45305,1.00,1.12
2017.07.28 13:11:11.080,1.45291,1.45307,1.00,2.25
2017.07.28 13:11:11.624,1.4529,1.45307,1.50,2.25
2017.07.28 13:11:11.932,1.45296,1.4531,1.00,1.12
2017.07.28 13:11:12.502,1.45295,1.4531,1.00,1.12
2017.07.28 13:11:12.804,1.45298,1.45311,1.00,1.37
2017.07.28 13:11:12.856,1.45297,1.45311,1.00,1.00
2017.07.28 13:11:13.216,1.45295,1.45311,1.00,1.50
2017.07.28 13:11:13.358,1.4529,1.45299,2.62,1.00
2017.07.28 13:11:13.675,1.4529,1.45302,1.69,1.00
2017.07.28 13:11:13.880,1.45291,1.453,2.25,1.00
2017.07.28 13:11:14.391,1.4529,1.45301,2.06,1.00
2017.07.28 13:11:14.444,1.45291,1.45303,1.69,1.00
2017.07.28 13:11:14.495,1.45292,1.45303,1.19,1.00
2017.07.28 13:11:14.719,1.4529,1.45302,2.06,1.00
2017.07.28 13:11:14.773,1.45289,1.45299,1.31,1.00
2017.07.28 13:11:15.082,1.45291,1.45301,1.12,1.00
2017.07.28 13:11:15.186,1.45289,1.45299,2.44,1.00
2017.07.28 13:11:15.687,1.45288,1.45299,2.44,1.00
2017.07.28 13:11:15.994,1.45288,1.45297,1.62,1.00
2017.07.28 13:11:16.505,1.45288,1.45297,1.25,1.00
2017.07.28 13:11:17.011,1.45286,1.45296,3.56,1.00
2017.07.28 13:11:17.524,1.45286,1.45297,3.56,1.00
2017.07.28 13:11:18.602,1.45288,1.45298,1.25,1.00
2017.07.28 13:11:19.147,1.45287,1.45297,1.19,1.00
2017.07.28 13:11:19.402,1.45287,1.45299,1.56,1.00
2017.07.28 13:11:19.454,1.45287,1.45295,1.00,1.00
2017.07.28 13:11:19.506,1.45284,1.45293,1.87,1.00
2017.07.28 13:11:20.017,1.45281,1.45292,2.81,1.00
2017.07.28 13:11:21.451,1.45284,1.45297,1.80,1.00
2017.07.28 13:11:21.740,1.45286,1.45296,2.06,1.00
2017.07.28 13:11:21.792,1.45286,1.45298,2.44,1.00
2017.07.28 13:11:21.996,1.45286,1.45296,2.44,1.00
2017.07.28 13:11:22.048,1.45286,1.45299,2.44,1.00
2017.07.28 13:11:22.100,1.4529,1.45302,1.25,1.00
2017.07.28 13:11:22.151,1.45291,1.45301,1.56,1.00
2017.07.28 13:11:24.150,1.45291,1.453,1.56,1.00
2017.07.28 13:11:24.523,1.45291,1.45303,1.19,1.00
2017.07.28 13:11:24.574,1.45294,1.45304,1.87,1.00
2017.07.28 13:11:25.241,1.45294,1.45303,1.00,1.00
2017.07.28 13:11:25.499,1.45288,1.45299,1.19,1.00
2017.07.28 13:11:25.604,1.45287,1.45297,1.19,1.00
2017.07.28 13:11:25.860,1.45285,1.45295,1.62,1.00
2017.07.28 13:11:26.370,1.45285,1.45296,1.25,1.00
2017.07.28 13:11:26.635,1.45282,1.45295,1.69,1.00
2017.07.28 13:11:27.147,1.45282,1.45294,1.31,1.00
2017.07.28 13:11:27.657,1.45282,1.45293,1.69,1.00
2017.07.28 13:11:28.141,1.45282,1.45294,1.31,1.00
2017.07.28 13:11:28.350,1.45285,1.45297,1.12,1.00
2017.07.28 13:11:28.402,1.45284,1.45299,3.19,1.00
2017.07.28 13:11:29.035,1.45286,1.45299,1.37,1.00
2017.07.28 13:11:29.494,1.45285,1.45299,1.50,1.00
2017.07.28 13:11:29.955,1.45285,1.45301,1.50,1.00
2017.07.28 13:11:30.462,1.45286,1.45301,1.50,1.00
2017.07.28 13:11:31.393,1.45285,1.45301,1.00,1.00
2017.07.28 13:11:31.955,1.45286,1.45301,1.00,1.00
2017.07.28 13:11:32.160,1.45285,1.45299,1.00,1.00
2017.07.28 13:11:33.370,1.45285,1.45299,1.50,1.00
2017.07.28 13:11:34.783,1.45284,1.45299,4.31,1.00
2017.07.28 13:11:35.318,1.45285,1.453,1.12,1.00
2017.07.28 13:11:35.892,1.45292,1.45302,1.00,2.25
2017.07.28 13:11:36.229,1.45299,1.4531,1.00,1.25
2017.07.28 13:11:36.384,1.45302,1.45314,1.19,1.69
2017.07.28 13:11:36.588,1.45303,1.45316,1.37,1.00
2017.07.28 13:11:36.927,1.453,1.45315,2.06,1.12
2017.07.28 13:11:36.981,1.453,1.45314,1.69,1.00
2017.07.28 13:11:37.494,1.453,1.45315,2.44,1.00
2017.07.28 13:11:37.691,1.453,1.45311,1.00,1.00
2017.07.28 13:11:37.846,1.45295,1.45308,1.62,1.00
2017.07.28 13:11:37.949,1.45293,1.45306,3.19,1.00
2017.07.28 13:11:38.612,1.45293,1.45304,2.44,1.00
2017.07.28 13:11:39.081,1.45295,1.45307,1.87,1.00
2017.07.28 13:11:39.287,1.45297,1.45308,1.00,1.00
2017.07.28 13:11:39.626,1.45295,1.45306,1.87,1.00
2017.07.28 13:11:39.935,1.45297,1.45307,1.00,1.00
2017.07.28 13:11:40.037,1.45295,1.45307,1.12,1.00
2017.07.28 13:11:40.245,1.45295,1.45305,1.50,1.00
2017.07.28 13:11:40.966,1.45295,1.45305,1.87,1.00
2017.07.28 13:11:41.274,1.45287,1.45297,1.12,1.00
2017.07.28 13:11:41.376,1.4529,1.45299,1.00,1.00
2017.07.28 13:11:41.650,1.45287,1.45298,1.37,1.00
2017.07.28 13:11:41.958,1.4529,1.45297,1.00,1.00
2017.07.28 13:11:42.010,1.45287,1.45297,1.50,1.00
2017.07.28 13:11:42.404,1.45296,1.45305,1.37,2.06
2017.07.28 13:11:42.458,1.45295,1.45307,2.25,1.12
2017.07.28 13:11:42.613,1.45296,1.45305,1.50,1.00
2017.07.28 13:11:42.666,1.45295,1.45311,6.00,1.37
2017.07.28 13:11:42.719,1.45299,1.45312,1.37,1.19
2017.07.28 13:11:42.824,1.45303,1.45314,1.00,1.25
2017.07.28 13:11:42.876,1.45301,1.45313,1.12,1.12
2017.07.28 13:11:43.040,1.453,1.4531,1.37,1.00
2017.07.28 13:11:43.198,1.45299,1.45312,2.62,1.00
2017.07.28 13:11:43.460,1.45298,1.45309,1.37,1.00
2017.07.28 13:11:43.514,1.45295,1.45307,3.75,1.00
2017.07.28 13:11:43.618,1.45295,1.45307,1.50,1.00
2017.07.28 13:11:43.881,1.45299,1.45309,1.00,1.00
2017.07.28 13:11:44.086,1.45297,1.45308,1.12,1.00
2017.07.28 13:11:44.188,1.45298,1.4531,1.00,1.00
2017.07.28 13:11:44.240,1.453,1.45313,1.12,1.00
2017.07.28 13:11:44.292,1.453,1.45314,3.94,1.00
2017.07.28 13:11:44.497,1.45306,1.45319,1.12,1.00
2017.07.28 13:11:45.001,1.45305,1.45318,1.12,1.00
2017.07.28 13:11:45.206,1.45305,1.45316,1.12,1.00
2017.07.28 13:11:45.309,1.45305,1.45318,1.31,1.00
2017.07.28 13:11:45.806,1.45304,1.45314,1.00,1.00
2017.07.28 13:11:46.062,1.453,1.45312,1.00,1.12
2017.07.28 13:11:46.115,1.45302,1.45312,1.12,1.12
2017.07.28 13:11:46.269,1.45302,1.45314,1.87,1.00
2017.07.28 13:11:46.576,1.45303,1.45312,1.00,1.00
2017.07.28 13:11:46.915,1.45296,1.45306,1.37,1.00
2017.07.28 13:11:47.378,1.45298,1.45309,1.00,1.00
2017.07.28 13:11:47.480,1.45299,1.45309,1.37,1.00
2017.07.28 13:11:47.586,1.45301,1.45312,1.44,1.00
2017.07.28 13:11:47.639,1.45305,1.45312,1.00,1.00
2017.07.28 13:11:47.690,1.453,1.45312,2.06,1.00
2017.07.28 13:11:47.795,1.453,1.45311,1.87,1.00
2017.07.28 13:11:47.898,1.453,1.45311,1.00,1.00
2017.07.28 13:11:47.950,1.45304,1.45312,1.00,1.00
2017.07.28 13:11:48.157,1.45302,1.45311,1.00,1.00
2017.07.28 13:11:48.209,1.453,1.45311,1.12,1.00
2017.07.28 13:11:48.758,1.45298,1.4531,2.62,1.00
2017.07.28 13:11:49.274,1.45299,1.45309,1.50,1.00
2017.07.28 13:11:49.701,1.45302,1.45313,1.00,1.00
2017.07.28 13:11:49.804,1.453,1.45312,1.75,1.00
2017.07.28 13:11:50.855,1.45303,1.45312,1.00,1.00
2017.07.28 13:11:51.366,1.45299,1.45309,1.37,1.00
2017.07.28 13:11:51.468,1.45302,1.45311,1.12,1.00
2017.07.28 13:11:51.827,1.453,1.45312,2.44,1.00
2017.07.28 13:11:51.975,1.45302,1.45313,1.12,1.00
2017.07.28 13:11:52.130,1.45303,1.45314,2.81,1.00
2017.07.28 13:11:52.182,1.45303,1.45316,2.25,1.00
2017.07.28 13:11:52.234,1.45308,1.45316,1.00,1.00
2017.07.28 13:11:52.336,1.45306,1.45316,1.00,1.00
2017.07.28 13:11:52.542,1.45301,1.45312,1.31,1.00
2017.07.28 13:11:52.748,1.45305,1.45317,1.12,1.00
2017.07.28 13:11:52.800,1.45305,1.45318,2.81,1.00
2017.07.28 13:11:53.346,1.45308,1.45316,1.37,1.00
2017.07.28 13:11:53.858,1.45307,1.45317,1.75,1.00
2017.07.28 13:11:53.994,1.45308,1.45317,1.00,1.00
2017.07.28 13:11:54.148,1.45303,1.45315,3.37,1.00
2017.07.28 13:11:54.660,1.45304,1.45315,1.69,1.00
2017.07.28 13:11:55.102,1.45307,1.45315,1.00,1.00
2017.07.28 13:11:55.411,1.45306,1.45317,1.69,1.00
2017.07.28 13:11:55.668,1.45304,1.45315,2.44,1.00
2017.07.28 13:11:55.720,1.45306,1.45315,1.00,1.00
2017.07.28 13:11:56.373,1.45303,1.45315,3.00,1.00
2017.07.28 13:11:57.472,1.45306,1.45315,1.00,1.00
2017.07.28 13:11:57.524,1.45304,1.45315,2.25,1.00
2017.07.28 13:11:58.034,1.45305,1.45314,1.00,1.00
2017.07.28 13:11:58.391,1.45303,1.45313,1.25,1.00
2017.07.28 13:11:58.913,1.45302,1.45312,1.00,1.00
2017.07.28 13:11:59.579,1.45299,1.45313,4.87,1.00
2017.07.28 13:11:59.800,1.45305,1.45317,1.12,1.12
2017.07.28 13:11:59.851,1.45305,1.45317,1.69,1.12
2017.07.28 13:11:59.904,1.45309,1.45321,1.50,1.12
2017.07.28 13:11:59.956,1.4531,1.45322,1.37,2.06
2017.07.28 13:12:00.112,1.45314,1.45325,1.31,1.69
2017.07.28 13:12:00.629,1.45314,1.45326,1.12,1.00
2017.07.28 13:12:01.142,1.45313,1.45324,1.50,1.00
2017.07.28 13:12:01.687,1.45314,1.45325,1.50,1.00
2017.07.28 13:12:02.197,1.45314,1.45324,1.00,1.00
2017.07.28 13:12:02.704,1.45317,1.4533,1.00,1.50
2017.07.28 13:12:02.909,1.45318,1.45327,1.00,1.00
2017.07.28 13:12:03.424,1.45317,1.45325,1.12,1.00
2017.07.28 13:12:03.579,1.45317,1.45327,1.12,1.00
2017.07.28 13:12:03.631,1.45317,1.45329,1.12,1.00
2017.07.28 13:12:03.787,1.45325,1.45331,1.00,1.50
2017.07.28 13:12:03.840,1.45323,1.45333,1.19,1.75
2017.07.28 13:12:03.892,1.45322,1.45333,1.00,1.00
2017.07.28 13:12:03.944,1.4532,1.4533,1.75,1.00
2017.07.28 13:12:03.996,1.45319,1.45332,2.77,1.00
2017.07.28 13:12:04.141,1.45319,1.45329,1.62,1.00
2017.07.28 13:12:04.296,1.45322,1.45331,1.00,1.00
2017.07.28 13:12:04.347,1.45322,1.45333,1.00,1.00
2017.07.28 13:12:04.450,1.45328,1.45333,1.00,1.00
2017.07.28 13:12:04.502,1.45327,1.45336,1.00,1.50
2017.07.28 13:12:04.707,1.45325,1.45334,1.12,1.00
2017.07.28 13:12:05.115,1.45324,1.45336,3.19,1.00
2017.07.28 13:12:05.320,1.45325,1.45338,1.31,1.00
2017.07.28 13:12:05.371,1.45328,1.45339,2.62,1.00
2017.07.28 13:12:05.577,1.45328,1.45342,5.06,1.00
2017.07.28 13:12:06.109,1.45337,1.45347,1.00,1.00
2017.07.28 13:12:06.570,1.45335,1.45348,1.00,1.00
2017.07.28 13:12:06.622,1.45338,1.45348,1.00,1.00
2017.07.28 13:12:06.726,1.45336,1.45349,1.00,2.25
2017.07.28 13:12:07.175,1.45339,1.4535,1.00,2.25
2017.07.28 13:12:07.329,1.45331,1.45345,1.69,1.00
2017.07.28 13:12:07.381,1.45331,1.4534,2.62,1.00
2017.07.28 13:12:07.484,1.45331,1.45344,1.69,1.00
2017.07.28 13:12:07.641,1.4533,1.45342,1.12,1.00
2017.07.28 13:12:07.847,1.45333,1.45344,1.12,1.00
2017.07.28 13:12:08.766,1.45334,1.45347,1.00,1.00
2017.07.28 13:12:08.819,1.4534,1.45349,1.00,1.00
2017.07.28 13:12:08.921,1.4534,1.45352,1.00,3.00
2017.07.28 13:12:08.973,1.45338,1.45352,1.00,3.00
2017.07.28 13:12:09.076,1.4534,1.45352,1.00,1.12
2017.07.28 13:12:09.598,1.45341,1.45352,1.00,1.00
2017.07.28 13:12:09.701,1.45344,1.45357,1.00,1.50
2017.07.28 13:12:09.855,1.45346,1.45356,1.00,1.37
2017.07.28 13:12:09.907,1.45343,1.45357,1.00,2.62
2017.07.28 13:12:10.010,1.45341,1.45352,1.00,1.00
2017.07.28 13:12:10.178,1.45339,1.45352,1.00,1.44
2017.07.28 13:12:10.229,1.45337,1.45349,1.00,1.12
2017.07.28 13:12:10.485,1.45335,1.45349,1.50,1.69
2017.07.28 13:12:10.690,1.45338,1.4535,1.00,1.12
2017.07.28 13:12:10.792,1.45339,1.45352,1.00,1.37
2017.07.28 13:12:10.844,1.45343,1.45353,1.00,1.19
2017.07.28 13:12:10.946,1.45341,1.45352,1.00,1.12
2017.07.28 13:12:11.247,1.45339,1.45346,1.12,2.06
2017.07.28 13:12:11.457,1.45331,1.45341,1.25,1.25
2017.07.28 13:12:11.509,1.45329,1.45342,1.00,1.31
2017.07.28 13:12:11.613,1.45326,1.4534,1.50,1.00
2017.07.28 13:12:11.768,1.45326,1.45342,1.50,1.12
2017.07.28 13:12:12.173,1.45326,1.4534,1.37,1.62
2017.07.28 13:12:12.429,1.45323,1.45337,1.12,1.00
2017.07.28 13:12:12.956,1.45325,1.45338,1.00,1.00
2017.07.28 13:12:13.263,1.45326,1.45336,1.00,1.00
2017.07.28 13:12:13.777,1.45324,1.45337,1.00,1.31
2017.07.28 13:12:14.309,1.45325,1.45336,1.00,1.00
2017.07.28 13:12:14.823,1.45324,1.45337,1.50,1.50
2017.07.28 13:12:14.875,1.45326,1.45338,1.00,1.00
2017.07.28 13:12:15.179,1.45328,1.45341,1.37,1.50
2017.07.28 13:12:15.494,1.45327,1.45339,1.37,1.00
2017.07.28 13:12:15.597,1.45327,1.45341,1.37,1.50
2017.07.28 13:12:15.804,1.45327,1.45339,1.37,1.00
2017.07.28 13:12:16.148,1.45327,1.45337,1.00,1.00
2017.07.28 13:12:16.765,1.45326,1.45337,1.50,1.12
2017.07.28 13:12:17.314,1.45327,1.45337,1.50,1.12
2017.07.28 13:12:17.825,1.45326,1.4534,1.50,1.12
2017.07.28 13:12:18.414,1.45327,1.4534,1.50,1.12
2017.07.28 13:12:18.517,1.45325,1.4534,1.50,1.87
2017.07.28 13:12:18.619,1.45327,1.4534,1.00,1.12
2017.07.28 13:12:18.825,1.45325,1.4534,2.25,1.87
2017.07.28 13:12:19.335,1.45324,1.4534,2.25,1.87
2017.07.28 13:12:19.802,1.45326,1.45339,1.00,2.00
2017.07.28 13:12:19.855,1.45324,1.45338,1.00,1.50
2017.07.28 13:12:20.368,1.45321,1.45336,2.25,1.00
2017.07.28 13:12:20.480,1.45322,1.45334,1.37,1.00
2017.07.28 13:12:20.532,1.45318,1.45331,1.87,1.00
2017.07.28 13:12:20.689,1.45319,1.45333,1.00,1.00
2017.07.28 13:12:21.149,1.45319,1.45335,2.25,2.06
2017.07.28 13:12:21.303,1.45319,1.45334,1.50,1.50
2017.07.28 13:12:21.643,1.45322,1.45334,1.00,1.50
2017.07.28 13:12:21.851,1.45319,1.45333,1.50,1.12
2017.07.28 13:12:21.903,1.45319,1.45331,1.50,1.00
2017.07.28 13:12:22.058,1.45318,1.45331,1.00,1.12
2017.07.28 13:12:22.110,1.45318,1.45329,2.25,1.00
2017.07.28 13:12:22.162,1.45318,1.45331,2.44,1.00
2017.07.28 13:12:22.438,1.45317,1.45329,1.87,1.00
2017.07.28 13:12:22.643,1.45319,1.45331,1.12,1.00
2017.07.28 13:12:22.694,1.4532,1.45333,1.00,1.12
2017.07.28 13:12:22.746,1.45326,1.45333,1.00,1.00
2017.07.28 13:12:22.797,1.45323,1.45334,1.00,1.12
2017.07.28 13:12:23.104,1.45321,1.45335,1.12,1.37
2017.07.28 13:12:23.258,1.45323,1.45335,1.00,1.37
2017.07.28 13:12:23.412,1.45321,1.45335,1.12,1.37
2017.07.28 13:12:23.723,1.45324,1.45335,1.00,1.37
2017.07.28 13:12:24.133,1.45321,1.45335,3.00,1.37
2017.07.28 13:12:24.594,1.45322,1.45332,1.37,1.37
2017.07.28 13:12:24.845,1.45323,1.45335,2.62,1.12
2017.07.28 13:12:24.949,1.45321,1.45337,2.25,1.69
2017.07.28 13:12:25.156,1.45327,1.45339,1.31,2.25
2017.07.28 13:12:25.527,1.45323,1.45333,1.88,1.00
2017.07.28 13:12:25.633,1.45321,1.45333,1.37,1.00
2017.07.28 13:12:25.840,1.45319,1.4533,1.00,1.00
2017.07.28 13:12:26.268,1.45321,1.45332,1.00,1.37
2017.07.28 13:12:26.372,1.45323,1.45333,1.00,1.00
2017.07.28 13:12:26.424,1.45326,1.45334,1.00,1.37
2017.07.28 13:12:26.732,1.45324,1.45337,1.00,2.62
2017.07.28 13:12:27.296,1.45323,1.45335,1.00,1.50
2017.07.28 13:12:27.399,1.45321,1.45333,1.00,1.00
2017.07.28 13:12:27.924,1.45321,1.45335,1.50,1.37
2017.07.28 13:12:28.435,1.45321,1.45333,1.12,1.00
2017.07.28 13:12:29.027,1.4532,1.45333,1.12,1.00
2017.07.28 13:12:29.386,1.4532,1.45335,1.12,1.00
2017.07.28 13:12:29.693,1.45321,1.45333,1.12,1.00
2017.07.28 13:12:30.057,1.45319,1.45333,2.62,1.00
2017.07.28 13:12:30.263,1.45319,1.4533,1.12,1.00
2017.07.28 13:12:30.368,1.45316,1.45329,1.50,1.50
2017.07.28 13:12:30.470,1.45319,1.45329,1.00,1.50
2017.07.28 13:12:30.522,1.45317,1.45329,1.00,1.50
2017.07.28 13:12:30.574,1.4532,1.45329,1.00,1.00
2017.07.28 13:12:31.081,1.45321,1.45329,1.00,1.00
2017.07.28 13:12:31.389,1.45319,1.45329,1.00,1.87
2017.07.28 13:12:31.441,1.45318,1.45329,1.00,1.50
2017.07.28 13:12:31.698,1.45318,1.45326,1.00,1.00
2017.07.28 13:12:31.749,1.45317,1.45328,1.00,2.25
2017.07.28 13:12:31.988,1.45316,1.45326,1.00,1.12
2017.07.28 13:12:32.601,1.45317,1.45326,1.00,1.12
2017.07.28 13:12:33.145,1.45318,1.45326,1.00,1.12
2017.07.28 13:12:33.299,1.45319,1.45329,1.00,1.00
2017.07.28 13:12:33.453,1.45319,1.45331,1.00,2.06
2017.07.28 13:12:33.761,1.45318,1.45327,1.00,1.00
2017.07.28 13:12:34.108,1.4532,1.45331,1.00,2.62
2017.07.28 13:12:34.618,1.45319,1.45332,1.00,1.50
2017.07.28 13:12:34.772,1.45321,1.45332,1.00,1.50
2017.07.28 13:12:35.419,1.45321,1.45332,1.00,1.00
2017.07.28 13:12:35.778,1.45325,1.45334,1.00,1.37
2017.07.28 13:12:35.933,1.45327,1.45338,1.00,2.25
2017.07.28 13:12:35.986,1.45325,1.45338,1.00,2.62
2017.07.28 13:12:36.037,1.45325,1.45335,1.00,1.00
2017.07.28 13:12:36.214,1.45326,1.45337,1.00,1.00
2017.07.28 13:12:36.369,1.45324,1.45337,1.00,1.50
2017.07.28 13:12:36.574,1.45324,1.45334,1.00,1.00
2017.07.28 13:12:36.933,1.45324,1.45331,1.00,1.00
2017.07.28 13:12:37.153,1.45323,1.45333,1.00,1.87
2017.07.28 13:12:37.205,1.45321,1.45332,1.00,1.00
2017.07.28 13:12:37.256,1.45317,1.45326,1.87,1.00
2017.07.28 13:12:37.308,1.45317,1.4533,1.00,1.37
2017.07.28 13:12:37.564,1.45314,1.45327,1.00,1.00
2017.07.28 13:12:37.615,1.45313,1.45325,1.00,1.00
2017.07.28 13:12:37.959,1.45319,1.45329,1.50,1.37
2017.07.28 13:12:38.013,1.4532,1.4533,1.00,1.00
2017.07.28 13:12:38.115,1.4532,1.45336,1.00,3.56
2017.07.28 13:12:38.218,1.45321,1.45334,1.00,1.19
2017.07.28 13:12:38.270,1.45321,1.45334,2.25,1.00
2017.07.28 13:12:38.325,1.45326,1.45335,1.50,1.50
2017.07.28 13:12:38.380,1.45324,1.45339,1.00,1.81
2017.07.28 13:12:38.484,1.45327,1.4534,1.00,1.69
2017.07.28 13:12:38.536,1.45327,1.45339,1.00,1.12
2017.07.28 13:12:38.784,1.45323,1.45335,1.12,1.00
2017.07.28 13:12:38.886,1.45321,1.45335,1.00,1.50
2017.07.28 13:12:38.989,1.45327,1.45338,1.50,2.25
2017.07.28 13:12:39.041,1.45325,1.45338,1.00,1.50
2017.07.28 13:12:39.144,1.45325,1.4534,1.12,1.19
2017.07.28 13:12:39.195,1.45326,1.45341,1.00,3.00
2017.07.28 13:12:39.249,1.45326,1.45339,1.00,1.00
2017.07.28 13:12:39.729,1.45328,1.45341,1.00,1.00
2017.07.28 13:12:40.040,1.4533,1.4534,1.00,1.00
2017.07.28 13:12:40.093,1.4533,1.45343,1.00,1.87
2017.07.28 13:12:40.352,1.45328,1.45344,1.12,2.25
2017.07.28 13:12:40.685,1.45328,1.45341,1.12,1.00
2017.07.28 13:12:40.796,1.4533,1.45344,1.00,2.62
2017.07.28 13:12:40.847,1.45332,1.45345,1.00,1.87
2017.07.28 13:12:41.054,1.45326,1.45339,1.00,1.00
2017.07.28 13:12:41.260,1.45325,1.45336,1.00,1.00
2017.07.28 13:12:41.363,1.45325,1.45338,1.00,1.00
2017.07.28 13:12:41.606,1.45327,1.45338,1.00,1.00
2017.07.28 13:12:41.722,1.45325,1.45339,1.00,1.25
2017.07.28 13:12:41.774,1.45324,1.45339,1.12,3.19
2017.07.28 13:12:41.877,1.45321,1.45335,1.50,1.00
2017.07.28 13:12:42.389,1.4532,1.45333,1.00,1.25
2017.07.28 13:12:42.706,1.45326,1.45338,1.00,1.69
2017.07.28 13:12:42.810,1.45325,1.45338,1.00,1.87
2017.07.28 13:12:43.119,1.45324,1.45335,1.00,1.00
2017.07.28 13:12:43.223,1.45322,1.45335,1.87,1.00
2017.07.28 13:12:43.733,1.45321,1.45335,1.12,1.00
2017.07.28 13:12:43.990,1.45319,1.45333,1.37,1.00
2017.07.28 13:12:44.093,1.45318,1.45331,1.12,1.00
2017.07.28 13:12:44.632,1.45319,1.45331,1.00,1.12
2017.07.28 13:12:44.684,1.45322,1.45334,1.00,2.25
2017.07.28 13:12:44.838,1.45321,1.45335,1.00,1.12
2017.07.28 13:12:45.530,1.45321,1.45336,1.12,1.00
2017.07.28 13:12:45.582,1.45323,1.45336,1.00,1.50
2017.07.28 13:12:45.892,1.45331,1.45346,1.00,2.25
2017.07.28 13:12:46.488,1.45331,1.45343,1.00,1.00
2017.07.28 13:12:46.746,1.45329,1.45343,1.00,1.50
2017.07.28 13:12:46.799,1.45328,1.45341,1.12,1.12
2017.07.28 13:12:46.851,1.45324,1.4534,3.00,1.00
2017.07.28 13:12:47.056,1.45328,1.4534,1.00,1.00
2017.07.28 13:12:47.158,1.45326,1.45339,1.12,1.00
2017.07.28 13:12:47.210,1.45326,1.45336,1.12,1.00
2017.07.28 13:12:47.805,1.45324,1.45336,1.37,1.00
2017.07.28 13:12:48.357,1.45324,1.45336,1.50,1.00
2017.07.28 13:12:48.705,1.45327,1.45338,1.12,1.00
2017.07.28 13:12:49.016,1.45325,1.45334,2.25,1.00
2017.07.28 13:12:49.840,1.45324,1.45335,2.62,1.00
2017.07.28 13:12:49.892,1.45326,1.45337,1.00,1.00
2017.07.28 13:12:50.477,1.45328,1.45338,1.00,1.00
2017.07.28 13:12:51.218,1.45327,1.45338,1.00,1.00
2017.07.28 13:12:51.605,1.45325,1.45336,2.62,1.00
2017.07.28 13:12:51.911,1.45326,1.45337,1.75,1.00
2017.07.28 13:12:52.421,1.45326,1.45338,2.25,1.00
2017.07.28 13:12:53.604,1.45328,1.45339,1.00,1.00
2017.07.28 13:12:54.115,1.45329,1.4534,1.00,1.00
2017.07.28 13:12:54.445,1.45331,1.45343,2.00,1.00
2017.07.28 13:12:54.854,1.4533,1.4534,1.62,1.00
2017.07.28 13:12:55.035,1.4533,1.45342,1.31,1.00
2017.07.28 13:12:55.088,1.45329,1.45342,2.62,1.00
2017.07.28 13:12:55.748,1.4533,1.45341,2.06,1.00
2017.07.28 13:12:55.903,1.45329,1.45339,1.00,1.00
2017.07.28 13:12:57.079,1.45329,1.45338,1.00,1.00
2017.07.28 13:12:58.164,1.45328,1.45339,1.12,1.00
2017.07.28 13:12:58.269,1.45328,1.45338,1.00,1.00
2017.07.28 13:12:58.372,1.45328,1.45342,1.09,1.00
2017.07.28 13:12:58.424,1.45334,1.45344,1.00,1.00
2017.07.28 13:12:58.745,1.45331,1.45341,1.75,1.00
2017.07.28 13:12:59.257,1.45332,1.45342,1.37,1.00
2017.07.28 13:12:59.791,1.45332,1.45343,1.12,1.00
2017.07.28 13:13:00.203,1.45332,1.45341,1.00,1.00
2017.07.28 13:13:00.307,1.45327,1.45338,1.12,1.00
2017.07.28 13:13:00.850,1.45327,1.45339,1.12,1.00
2017.07.28 13:13:00.902,1.45327,1.45337,1.12,1.00
2017.07.28 13:13:01.164,1.45327,1.45339,1.00,1.00
2017.07.28 13:13:01.324,1.45327,1.45334,1.00,1.00
2017.07.28 13:13:01.444,1.45325,1.45337,1.12,1.00
2017.07.28 13:13:01.503,1.45327,1.45339,1.87,1.00
2017.07.28 13:13:01.787,1.4533,1.45339,1.00,1.00
2017.07.28 13:13:01.940,1.45328,1.45339,1.12,1.00
2017.07.28 13:13:02.247,1.45326,1.45333,2.81,1.00
2017.07.28 13:13:02.568,1.45324,1.45331,1.00,1.00
2017.07.28 13:13:02.672,1.45322,1.45334,1.62,1.00
2017.07.28 13:13:02.724,1.45322,1.45333,1.87,1.00
2017.07.28 13:13:02.827,1.45324,1.45336,1.50,1.00
2017.07.28 13:13:02.880,1.45323,1.45333,1.12,1.00
2017.07.28 13:13:03.085,1.45331,1.45341,1.00,4.12
2017.07.28 13:13:03.240,1.45327,1.45337,1.75,1.00
2017.07.28 13:13:03.291,1.45327,1.45338,1.12,1.00
2017.07.28 13:13:03.448,1.45328,1.45337,2.25,1.00
2017.07.28 13:13:03.551,1.45326,1.45337,3.19,1.00
2017.07.28 13:13:03.654,1.45332,1.45339,1.00,1.00
2017.07.28 13:13:03.756,1.45329,1.45339,1.50,1.00
2017.07.28 13:13:04.267,1.4533,1.4534,1.00,1.00
2017.07.28 13:13:04.370,1.4533,1.45342,1.75,1.00
2017.07.28 13:13:04.873,1.4533,1.45342,1.37,1.00
2017.07.28 13:13:05.384,1.45331,1.45341,1.12,1.00
2017.07.28 13:13:05.585,1.45332,1.45343,1.00,1.00
2017.07.28 13:13:05.688,1.4533,1.45343,2.25,1.00
2017.07.28 13:13:05.792,1.4533,1.45341,1.87,1.00
2017.07.28 13:13:06.105,1.45332,1.45341,1.00,1.00
2017.07.28 13:13:06.666,1.45332,1.45343,1.00,1.00
2017.07.28 13:13:06.823,1.45327,1.45338,2.25,1.00
2017.07.28 13:13:06.876,1.45325,1.45335,1.37,1.00
2017.07.28 13:13:06.927,1.45325,1.45334,1.00,1.00
2017.07.28 13:13:07.435,1.45321,1.45332,2.25,1.00
2017.07.28 13:13:07.742,1.45324,1.45332,1.00,1.00
2017.07.28 13:13:07.845,1.45321,1.45332,1.50,1.00
2017.07.28 13:13:08.311,1.4532,1.45329,1.37,1.00
2017.07.28 13:13:08.457,1.45318,1.45331,2.81,1.00
2017.07.28 13:13:08.509,1.45316,1.45331,1.87,1.00
2017.07.28 13:13:08.560,1.45316,1.45329,1.87,1.00
2017.07.28 13:13:08.611,1.45317,1.45329,1.00,1.00
2017.07.28 13:13:08.767,1.4532,1.4533,1.00,1.00
2017.07.28 13:13:09.074,1.45323,1.45332,1.00,1.00
2017.07.28 13:13:09.126,1.45324,1.45334,1.00,1.00
2017.07.28 13:13:09.343,1.45324,1.45336,2.06,1.00
2017.07.28 13:13:09.853,1.45325,1.45337,1.37,1.00
2017.07.28 13:13:10.425,1.45322,1.45331,1.00,1.00
2017.07.28 13:13:10.476,1.45322,1.45333,1.00,1.00
2017.07.28 13:13:10.783,1.45317,1.4533,2.25,1.00
2017.07.28 13:13:10.834,1.45317,1.4533,1.87,1.00
2017.07.28 13:13:11.092,1.45319,1.45333,1.12,1.00
2017.07.28 13:13:11.338,1.45317,1.45331,1.37,1.00
2017.07.28 13:13:11.746,1.45316,1.45329,1.50,1.00
2017.07.28 13:13:12.053,1.4532,1.45329,1.00,1.00
2017.07.28 13:13:12.418,1.45318,1.4533,1.00,1.25
2017.07.28 13:13:12.726,1.45316,1.4533,1.50,1.25
2017.07.28 13:13:13.033,1.45319,1.4533,1.00,1.00
2017.07.28 13:13:13.393,1.45323,1.45335,1.87,1.37
2017.07.28 13:13:13.542,1.45323,1.45336,1.50,1.25
2017.07.28 13:13:13.698,1.45326,1.45337,1.00,1.00
2017.07.28 13:13:13.903,1.45324,1.45336,1.50,1.00
2017.07.28 13:13:14.432,1.45323,1.45335,2.25,1.00
2017.07.28 13:13:14.587,1.45328,1.45335,1.00,1.00
2017.07.28 13:13:14.714,1.45328,1.45337,1.00,1.25
2017.07.28 13:13:14.767,1.45324,1.45336,2.81,1.00
2017.07.28 13:13:14.869,1.45325,1.45338,1.00,1.00
2017.07.28 13:13:14.920,1.45326,1.45338,1.19,1.00
2017.07.28 13:13:15.126,1.45329,1.45341,1.25,1.00
2017.07.28 13:13:15.230,1.45327,1.45339,1.12,1.00
2017.07.28 13:13:15.573,1.45322,1.45335,1.87,1.00
2017.07.28 13:13:15.778,1.45324,1.45337,1.00,1.00
2017.07.28 13:13:16.237,1.45325,1.45339,1.00,1.00
2017.07.28 13:13:16.289,1.45328,1.45338,1.00,1.00
2017.07.28 13:13:16.587,1.45324,1.45337,1.50,1.00
2017.07.28 13:13:16.692,1.45327,1.45336,1.00,1.00
2017.07.28 13:13:16.848,1.45325,1.45337,1.00,1.00
2017.07.28 13:13:17.405,1.45324,1.45336,1.87,1.00
2017.07.28 13:13:17.917,1.45325,1.45336,1.19,1.00
2017.07.28 13:13:17.969,1.45325,1.45341,1.69,3.37
2017.07.28 13:13:18.021,1.45333,1.45341,1.00,1.00
2017.07.28 13:13:18.072,1.45331,1.45341,1.00,1.50
2017.07.28 13:13:18.175,1.45329,1.45341,1.12,1.00
2017.07.28 13:13:18.328,1.45327,1.45341,2.44,1.00
2017.07.28 13:13:18.484,1.45327,1.45339,1.69,1.00
2017.07.28 13:13:18.791,1.45328,1.45336,1.00,1.00
2017.07.28 13:13:18.894,1.45328,1.45338,1.12,1.00
2017.07.28 13:13:18.946,1.4533,1.45339,1.00,1.00
2017.07.28 13:13:18.997,1.45328,1.45339,1.12,1.00
2017.07.28 13:13:19.204,1.45327,1.45336,2.44,1.00
2017.07.28 13:13:20.092,1.45327,1.4534,1.12,1.12
2017.07.28 13:13:20.579,1.45329,1.45342,1.00,1.31
2017.07.28 13:13:21.105,1.4533,1.45342,1.00,1.19
2017.07.28 13:13:21.157,1.45327,1.45342,1.00,1.44
2017.07.28 13:13:21.668,1.45327,1.45343,1.00,4.50
2017.07.28 13:13:21.911,1.45327,1.45342,1.00,2.19
2017.07.28 13:13:22.217,1.4533,1.45341,1.00,2.00
2017.07.28 13:13:22.744,1.45329,1.45339,1.00,1.00
2017.07.28 13:13:22.798,1.45326,1.45339,2.25,1.00
2017.07.28 13:13:22.850,1.45326,1.45339,1.00,1.19
2017.07.28 13:13:23.185,1.45324,1.45335,1.00,1.00
2017.07.28 13:13:23.236,1.45324,1.45337,1.00,1.12
2017.07.28 13:13:23.453,1.45323,1.45336,1.00,3.37
2017.07.28 13:13:23.811,1.45321,1.45334,1.00,1.12
2017.07.28 13:13:23.862,1.45324,1.45334,1.00,1.12
2017.07.28 13:13:24.411,1.45323,1.45335,1.00,2.25
2017.07.28 13:13:24.718,1.45325,1.45335,1.00,1.44
2017.07.28 13:13:25.047,1.45322,1.45335,1.00,1.50
2017.07.28 13:13:25.573,1.45321,1.45334,1.00,1.87
2017.07.28 13:13:26.025,1.45322,1.45334,1.00,1.12
2017.07.28 13:13:26.127,1.4532,1.45334,1.12,2.25
2017.07.28 13:13:26.644,1.45322,1.45336,1.87,1.19
2017.07.28 13:13:26.955,1.45325,1.4534,1.87,2.25
2017.07.28 13:13:27.058,1.45324,1.45339,1.87,1.12
2017.07.28 13:13:27.212,1.45324,1.45338,1.50,1.37
2017.07.28 13:13:27.534,1.45326,1.45339,1.50,1.75
2017.07.28 13:13:28.540,1.45325,1.45339,1.00,4.12
2017.07.28 13:13:28.865,1.45324,1.45339,1.00,3.75
2017.07.28 13:13:29.122,1.45326,1.45339,1.00,3.75
2017.07.28 13:13:29.629,1.45326,1.45339,1.50,1.12
2017.07.28 13:13:29.884,1.45323,1.45338,1.00,1.69
2017.07.28 13:13:29.938,1.45323,1.45332,1.00,1.19
2017.07.28 13:13:29.989,1.45321,1.45335,1.87,1.69
2017.07.28 13:13:30.195,1.45319,1.45333,1.87,1.31
2017.07.28 13:13:30.297,1.45321,1.45334,1.00,2.81
2017.07.28 13:13:30.869,1.45322,1.45334,1.50,1.37
2017.07.28 13:13:30.920,1.45323,1.45337,1.00,2.81
2017.07.28 13:13:31.075,1.45323,1.45332,1.00,1.00
2017.07.28 13:13:31.127,1.45323,1.45334,1.00,1.00
2017.07.28 13:13:31.231,1.45326,1.45337,1.00,1.00
2017.07.28 13:13:31.385,1.45327,1.45341,1.12,2.44
2017.07.28 13:13:31.549,1.45325,1.45334,1.75,3.19
2017.07.28 13:13:31.653,1.4532,1.45333,2.25,1.31
2017.07.28 13:13:31.755,1.45322,1.45335,1.50,1.19
2017.07.28 13:13:31.962,1.45323,1.45335,1.50,1.00
2017.07.28 13:13:32.268,1.45325,1.45337,1.00,1.37
2017.07.28 13:13:32.616,1.45323,1.45337,1.00,2.25
2017.07.28 13:13:32.668,1.45322,1.45333,1.00,1.00
2017.07.28 13:13:32.720,1.45322,1.45336,1.00,1.31
2017.07.28 13:13:33.232,1.45323,1.45335,1.00,2.06
2017.07.28 13:13:33.752,1.45323,1.45336,1.00,1.56
2017.07.28 13:13:34.024,1.45324,1.45337,1.00,1.12
2017.07.28 13:13:34.075,1.45326,1.45337,1.00,1.00
2017.07.28 13:13:34.618,1.45327,1.45337,1.00,1.00
2017.07.28 13:13:34.867,1.45325,1.45336,1.50,1.00
2017.07.28 13:13:35.390,1.45325,1.45337,1.00,1.12
2017.07.28 13:13:35.697,1.45327,1.4534,1.00,1.75
2017.07.28 13:13:36.240,1.45328,1.4534,1.00,1.87
2017.07.28 13:13:36.549,1.45313,1.45327,1.19,2.06
2017.07.28 13:13:36.705,1.45316,1.45328,1.00,3.19
2017.07.28 13:13:36.821,1.45319,1.45328,1.12,1.00
2017.07.28 13:13:36.924,1.45315,1.45331,1.00,2.81
2017.07.28 13:13:37.180,1.45319,1.45329,1.00,1.12
2017.07.28 13:13:37.282,1.45317,1.4533,1.00,1.00
2017.07.28 13:13:37.334,1.45318,1.45332,1.00,2.62
2017.07.28 13:13:37.385,1.45321,1.45334,1.00,1.12
2017.07.28 13:13:37.592,1.45318,1.45334,1.37,1.87
2017.07.28 13:13:37.746,1.45316,1.45332,1.87,2.44
2017.07.28 13:13:37.901,1.45313,1.45327,1.50,1.00
2017.07.28 13:13:38.055,1.45316,1.45329,1.00,1.12
2017.07.28 13:13:38.260,1.45317,1.45332,1.00,1.31
2017.07.28 13:13:38.402,1.45322,1.45334,1.00,1.50
2017.07.28 13:13:38.507,1.45318,1.45332,1.00,1.00
2017.07.28 13:13:38.661,1.45317,1.45327,1.12,1.00
2017.07.28 13:13:38.764,1.45322,1.45334,1.00,1.87
2017.07.28 13:13:38.868,1.45325,1.45338,1.00,2.44
2017.07.28 13:13:38.971,1.45326,1.45339,1.00,1.00
2017.07.28 13:13:39.024,1.45325,1.45337,1.00,1.00
2017.07.28 13:13:39.334,1.4533,1.45344,1.00,1.75
2017.07.28 13:13:39.640,1.45332,1.45344,1.00,2.25
2017.07.28 13:13:40.151,1.45331,1.45345,1.00,1.75
2017.07.28 13:13:40.812,1.45332,1.45344,1.00,1.00
2017.07.28 13:13:41.068,1.45331,1.4534,1.00,1.00
2017.07.28 13:13:41.170,1.4533,1.45342,1.00,1.12
2017.07.28 13:13:41.481,1.45328,1.45342,1.00,2.81
2017.07.28 13:13:41.584,1.4533,1.45342,1.00,1.25
2017.07.28 13:13:41.737,1.45328,1.45342,1.00,1.00
2017.07.28 13:13:41.839,1.45331,1.45341,1.00,1.00
2017.07.28 13:13:42.243,1.45328,1.45342,1.00,1.00
2017.07.28 13:13:42.397,1.4533,1.4534,1.00,1.00
2017.07.28 13:13:42.653,1.45328,1.45342,1.00,1.50
2017.07.28 13:13:42.806,1.45328,1.45342,1.00,2.06
2017.07.28 13:13:43.043,1.45324,1.45337,1.00,1.69
2017.07.28 13:13:43.251,1.45326,1.45337,1.00,1.87
2017.07.28 13:13:43.405,1.45325,1.45338,1.00,2.25
2017.07.28 13:13:43.457,1.45325,1.45336,1.00,1.00
2017.07.28 13:13:43.508,1.45323,1.45337,1.00,1.00
2017.07.28 13:13:43.662,1.45325,1.45338,1.00,1.50
2017.07.28 13:13:43.977,1.45321,1.45332,1.00,1.00
2017.07.28 13:13:44.133,1.45319,1.45332,1.00,1.00
2017.07.28 13:13:44.287,1.45321,1.45333,1.00,1.00
2017.07.28 13:13:44.593,1.45327,1.4534,1.00,1.62
2017.07.28 13:13:44.896,1.45326,1.45336,1.00,1.00
2017.07.28 13:13:45.068,1.45327,1.45342,1.00,2.44
2017.07.28 13:13:45.119,1.45326,1.45341,1.00,1.19
2017.07.28 13:13:45.171,1.45328,1.45341,1.00,1.00
2017.07.28 13:13:45.376,1.45326,1.45341,1.25,1.00
2017.07.28 13:13:45.581,1.45326,1.45339,1.25,1.00
2017.07.28 13:13:45.888,1.45328,1.45341,1.00,2.25
2017.07.28 13:13:46.193,1.45327,1.45339,1.00,1.00
2017.07.28 13:13:46.755,1.45329,1.45339,1.00,1.00
2017.07.28 13:13:46.959,1.4533,1.45341,1.00,1.00
2017.07.28 13:13:47.473,1.45331,1.45341,1.00,1.00
2017.07.28 13:13:48.122,1.45331,1.45342,1.00,1.50
2017.07.28 13:13:49.168,1.45333,1.45344,1.00,1.37
2017.07.28 13:13:49.526,1.45333,1.45341,1.00,1.00
2017.07.28 13:13:49.629,1.45329,1.45341,1.00,1.00
2017.07.28 13:13:49.733,1.45333,1.45343,1.00,1.75
2017.07.28 13:13:49.784,1.45333,1.45345,1.00,3.00
2017.07.28 13:13:50.040,1.45331,1.45345,1.00,2.62
2017.07.28 13:13:50.567,1.45332,1.45343,1.00,1.00
2017.07.28 13:13:50.669,1.45332,1.45341,1.00,1.00
2017.07.28 13:13:50.875,1.4533,1.45341,1.00,1.00
2017.07.28 13:13:50.978,1.45331,1.45343,1.00,1.50
2017.07.28 13:13:51.081,1.45333,1.45343,1.00,1.00
2017.07.28 13:13:51.544,1.45333,1.45337,1.00,1.00
2017.07.28 13:13:51.598,1.45333,1.45339,1.00,1.00
2017.07.28 13:13:51.650,1.45333,1.45343,1.00,1.00
2017.07.28 13:13:51.958,1.45333,1.45341,1.00,1.00
2017.07.28 13:13:52.009,1.45331,1.45341,1.00,1.00
2017.07.28 13:13:52.062,1.45331,1.4534,1.00,1.50
2017.07.28 13:13:52.274,1.45322,1.45333,1.00,1.31
2017.07.28 13:13:52.327,1.4532,1.45333,1.00,2.06
2017.07.28 13:13:52.379,1.45324,1.45333,1.25,2.06
2017.07.28 13:13:52.430,1.4532,1.45333,1.00,1.56
2017.07.28 13:13:52.533,1.45322,1.45329,1.00,1.00
2017.07.28 13:13:52.737,1.45319,1.45329,1.00,1.00
2017.07.28 13:13:52.789,1.45319,1.45331,1.00,1.12
2017.07.28 13:13:53.291,1.4532,1.45332,1.00,1.37
2017.07.28 13:13:53.394,1.4532,1.45329,1.00,1.00
2017.07.28 13:13:53.447,1.45321,1.45331,1.00,1.12
2017.07.28 13:13:53.807,1.45321,1.45329,1.00,1.00
2017.07.28 13:13:53.858,1.45321,1.45332,1.00,1.50
2017.07.28 13:13:54.611,1.4532,1.45332,1.00,1.37
2017.07.28 13:13:56.456,1.45322,1.45335,1.00,3.00
2017.07.28 13:13:56.661,1.45322,1.45335,1.00,1.12
2017.07.28 13:13:56.713,1.45321,1.45333,1.00,1.37
2017.07.28 13:13:56.815,1.45319,1.45332,1.00,1.12
2017.07.28 13:13:57.137,1.45321,1.45333,1.00,1.37
2017.07.28 13:13:57.698,1.45321,1.45333,1.00,2.25
2017.07.28 13:13:57.954,1.45317,1.4533,1.00,1.00
2017.07.28 13:13:58.006,1.45318,1.45329,1.00,1.12
2017.07.28 13:13:58.529,1.45318,1.45328,1.00,1.00
2017.07.28 13:13:58.839,1.45318,1.4533,1.00,1.00
2017.07.28 13:13:58.891,1.4532,1.4533,1.00,1.00
2017.07.28 13:13:59.783,1.45321,1.45331,1.00,1.50
2017.07.28 13:14:00.293,1.4532,1.4533,1.00,1.00
2017.07.28 13:14:00.823,1.4532,1.45332,1.00,2.81
2017.07.28 13:14:01.233,1.45323,1.45335,1.00,1.31
2017.07.28 13:14:01.336,1.45324,1.45336,1.00,1.69
2017.07.28 13:14:01.783,1.45324,1.45336,1.00,1.62
2017.07.28 13:14:03.799,1.45325,1.45334,1.00,1.12
2017.07.28 13:14:04.006,1.45326,1.45338,1.00,1.12
2017.07.28 13:14:04.059,1.45326,1.45336,1.00,1.00
2017.07.28 13:14:04.447,1.45324,1.45333,1.00,1.87
2017.07.28 13:14:04.550,1.45321,1.45333,1.00,1.87
2017.07.28 13:14:04.921,1.45323,1.45332,1.00,1.12
2017.07.28 13:14:05.230,1.45319,1.4533,1.00,1.00
2017.07.28 13:14:06.292,1.45318,1.4533,1.00,1.12
2017.07.28 13:14:06.802,1.45318,1.45329,1.25,1.50
2017.07.28 13:14:07.156,1.45318,1.45326,1.00,1.00
2017.07.28 13:14:07.208,1.45316,1.45327,1.00,1.12
2017.07.28 13:14:07.260,1.45318,1.45329,1.00,2.62
2017.07.28 13:14:07.362,1.45318,1.4533,1.00,1.87
2017.07.28 13:14:07.891,1.45313,1.45326,1.69,1.00
2017.07.28 13:14:07.944,1.45313,1.45323,1.00,1.00
2017.07.28 13:14:08.185,1.45315,1.45326,1.00,1.87
2017.07.28 13:14:08.237,1.45316,1.45327,1.00,1.50
2017.07.28 13:14:08.340,1.45318,1.45327,1.00,1.00
2017.07.28 13:14:08.443,1.45318,1.45329,1.00,1.12
2017.07.28 13:14:08.997,1.45317,1.45329,1.00,1.12
2017.07.28 13:14:10.403,1.45319,1.45331,1.00,1.37
2017.07.28 13:14:10.557,1.4532,1.45334,1.00,2.25
2017.07.28 13:14:11.083,1.45321,1.45334,1.00,1.12
2017.07.28 13:14:11.185,1.45328,1.45335,1.00,2.25
2017.07.28 13:14:11.643,1.4533,1.45335,1.00,1.12
2017.07.28 13:14:12.643,1.45329,1.45335,1.00,1.37
2017.07.28 13:14:12.950,1.45328,1.45332,1.00,1.12
2017.07.28 13:14:13.273,1.45332,1.45336,1.00,1.00
2017.07.28 13:14:13.325,1.45333,1.45339,1.00,1.50
2017.07.28 13:14:13.428,1.45335,1.4534,1.00,1.00
2017.07.28 13:14:13.480,1.45332,1.4534,1.00,1.00
2017.07.28 13:14:13.531,1.45332,1.4534,1.00,1.75
2017.07.28 13:14:13.725,1.45328,1.45338,1.00,1.12
2017.07.28 13:14:13.777,1.45329,1.45334,1.00,1.00
2017.07.28 13:14:14.029,1.4533,1.45337,1.00,1.87
2017.07.28 13:14:14.132,1.45332,1.45337,1.00,1.12
2017.07.28 13:14:14.540,1.45333,1.45339,1.00,1.50
2017.07.28 13:14:16.443,1.45331,1.45338,1.00,1.12
2017.07.28 13:14:16.495,1.45331,1.45337,1.00,1.50
2017.07.28 13:14:17.333,1.45329,1.45338,1.00,1.75
2017.07.28 13:14:17.882,1.45328,1.45338,1.00,1.75
2017.07.28 13:14:18.388,1.45329,1.45336,1.00,1.37
2017.07.28 13:14:20.089,1.4533,1.45336,1.00,1.37
2017.07.28 13:14:20.244,1.45329,1.45336,1.00,1.75
2017.07.28 13:14:20.295,1.45327,1.45336,1.00,2.25
2017.07.28 13:14:20.398,1.45326,1.45333,1.00,2.25
2017.07.28 13:14:21.688,1.45327,1.45334,1.00,1.00
2017.07.28 13:14:21.741,1.45329,1.45336,1.00,1.37
2017.07.28 13:14:22.048,1.45331,1.45338,1.00,1.12
2017.07.28 13:14:22.368,1.45331,1.45339,1.00,2.25
2017.07.28 13:14:22.573,1.45332,1.4534,1.00,1.00
2017.07.28 13:14:23.077,1.45333,1.45342,1.00,2.25
2017.07.28 13:14:23.460,1.45335,1.45342,1.00,2.25
2017.07.28 13:14:23.562,1.45335,1.45343,1.00,1.37
2017.07.28 13:14:24.088,1.45336,1.45343,1.00,1.37
2017.07.28 13:14:24.619,1.45336,1.45343,1.00,1.00
2017.07.28 13:14:24.722,1.45338,1.45343,1.00,1.00
2017.07.28 13:14:24.926,1.45335,1.45343,1.00,1.00
2017.07.28 13:14:25.318,1.45338,1.45343,1.00,1.00
2017.07.28 13:14:25.426,1.45335,1.45343,1.00,1.00
2017.07.28 13:14:25.729,1.45337,1.45343,1.00,1.00
2017.07.28 13:14:25.934,1.45335,1.45343,1.00,1.00
2017.07.28 13:14:26.226,1.45337,1.45343,1.00,1.00
2017.07.28 13:14:26.747,1.45336,1.45343,1.00,1.00
2017.07.28 13:14:27.074,1.45335,1.45343,1.00,1.37
2017.07.28 13:14:27.584,1.45336,1.45342,1.00,1.00
2017.07.28 13:14:28.415,1.45335,1.45342,1.00,1.00
2017.07.28 13:14:28.773,1.45337,1.45342,1.00,1.00
2017.07.28 13:14:28.978,1.45336,1.45345,1.00,1.37
2017.07.28 13:14:29.134,1.45336,1.45344,1.00,1.87
2017.07.28 13:14:29.953,1.45334,1.45342,1.00,1.00
2017.07.28 13:14:30.193,1.45336,1.45342,1.00,1.00
2017.07.28 13:14:30.970,1.45334,1.45342,1.00,1.00
2017.07.28 13:14:31.073,1.45336,1.45342,1.00,1.00
2017.07.28 13:14:31.980,1.45334,1.45342,1.00,1.37
2017.07.28 13:14:32.032,1.45333,1.45339,1.00,1.12
2017.07.28 13:14:32.083,1.45331,1.45339,1.00,1.50
2017.07.28 13:14:32.330,1.45333,1.45339,1.00,1.50
2017.07.28 13:14:33.572,1.45333,1.45339,1.00,1.50
2017.07.28 13:14:33.898,1.45333,1.45339,1.00,1.87
2017.07.28 13:14:33.950,1.45332,1.45338,1.00,1.50
2017.07.28 13:14:34.209,1.45329,1.45338,1.00,1.87
2017.07.28 13:14:34.261,1.4533,1.45338,1.00,1.75
2017.07.28 13:14:34.621,1.45332,1.45338,1.00,2.25
2017.07.28 13:14:34.774,1.45333,1.45338,1.00,1.00
2017.07.28 13:14:34.826,1.45334,1.45341,1.00,1.12
2017.07.28 13:14:34.877,1.45334,1.45343,1.00,3.75
2017.07.28 13:14:35.031,1.45332,1.4534,1.00,1.00
2017.07.28 13:14:35.082,1.45332,1.45338,1.00,1.00
2017.07.28 13:14:35.237,1.4533,1.45339,1.00,2.25
2017.07.28 13:14:35.340,1.4533,1.45337,1.00,1.00
2017.07.28 13:14:36.278,1.45331,1.45339,1.00,1.00
2017.07.28 13:14:36.636,1.45333,1.4534,1.00,1.87
2017.07.28 13:14:36.943,1.45335,1.45342,1.00,1.00
2017.07.28 13:14:37.480,1.45336,1.45342,1.00,1.00
2017.07.28 13:14:38.021,1.45337,1.45345,1.00,2.25
2017.07.28 13:14:39.766,1.45336,1.45343,1.00,1.37
2017.07.28 13:14:40.281,1.45335,1.45345,1.00,2.25
2017.07.28 13:14:40.639,1.45336,1.45344,1.00,1.00
2017.07.28 13:14:40.691,1.45335,1.45343,1.00,1.87
2017.07.28 13:14:41.023,1.45333,1.45338,1.00,1.12
2017.07.28 13:14:41.644,1.45332,1.45338,1.00,1.50
2017.07.28 13:14:42.106,1.4533,1.45338,1.00,1.12
2017.07.28 13:14:42.608,1.45329,1.45337,1.00,3.37
2017.07.28 13:14:43.152,1.4533,1.45337,1.00,2.25
2017.07.28 13:14:43.816,1.45329,1.45337,1.00,1.50
2017.07.28 13:14:44.327,1.45329,1.45337,1.00,2.62
2017.07.28 13:14:44.699,1.45329,1.45337,1.00,1.75
2017.07.28 13:14:45.220,1.4533,1.45336,1.00,1.37
2017.07.28 13:14:45.748,1.45328,1.45337,1.00,3.00
2017.07.28 13:14:45.851,1.4533,1.45337,1.00,3.00
2017.07.28 13:14:46.869,1.4533,1.45337,1.00,1.00
2017.07.28 13:14:47.447,1.45328,1.45337,1.00,1.87
2017.07.28 13:14:47.654,1.45331,1.45337,1.00,1.12
2017.07.28 13:14:47.757,1.45332,1.45339,1.00,1.50
2017.07.28 13:14:47.860,1.45333,1.45339,1.00,1.00
2017.07.28 13:14:48.381,1.45335,1.45343,1.00,1.75
2017.07.28 13:14:48.642,1.45335,1.45343,1.00,1.50
2017.07.28 13:14:48.899,1.45337,1.45344,1.00,1.00
2017.07.28 13:14:49.280,1.45341,1.45348,1.00,1.12
2017.07.28 13:14:50.000,1.45342,1.45348,1.00,1.12
2017.07.28 13:14:51.638,1.45342,1.45351,1.00,1.50
2017.07.28 13:14:51.902,1.45344,1.45351,1.00,1.37
2017.07.28 13:14:52.224,1.45346,1.45352,1.00,1.00
2017.07.28 13:14:52.276,1.45345,1.45354,1.00,1.12
2017.07.28 13:14:52.482,1.45346,1.45352,1.00,1.12
2017.07.28 13:14:52.534,1.45344,1.45352,1.00,1.12
2017.07.28 13:14:53.037,1.45343,1.4535,1.00,1.00
2017.07.28 13:14:53.520,1.45341,1.45349,1.00,1.00
2017.07.28 13:14:54.126,1.4534,1.45349,1.00,1.37
2017.07.28 13:14:54.659,1.45339,1.45349,1.00,1.12
2017.07.28 13:14:54.813,1.45339,1.45349,1.00,1.50
2017.07.28 13:14:56.613,1.45337,1.45345,1.00,1.75
2017.07.28 13:14:56.665,1.45335,1.45344,1.00,1.50
2017.07.28 13:14:57.950,1.45334,1.45342,1.00,1.37
2017.07.28 13:14:58.453,1.45335,1.45342,1.00,1.50
2017.07.28 13:14:59.384,1.45334,1.45341,1.00,1.00
2017.07.28 13:14:59.486,1.45336,1.45341,1.00,1.00
2017.07.28 13:14:59.537,1.45334,1.45341,1.00,1.00
2017.07.28 13:14:59.734,1.45337,1.45341,1.00,1.00
2017.07.28 13:14:59.787,1.45338,1.45345,1.00,1.50
2017.07.28 13:14:59.839,1.4534,1.45345,1.00,1.12
2017.07.28 13:14:59.942,1.45338,1.45346,1.00,1.00
2017.07.28 13:15:00.147,1.4534,1.45348,1.00,1.50
2017.07.28 13:15:00.657,1.45342,1.45348,1.00,1.37
2017.07.28 13:15:00.903,1.45342,1.45348,1.00,1.12
2017.07.28 13:15:01.430,1.45341,1.45348,1.00,1.12
2017.07.28 13:15:04.961,1.4534,1.45348,1.00,1.00
2017.07.28 13:15:05.334,1.45344,1.45349,1.00,1.50
2017.07.28 13:15:05.491,1.45347,1.45355,1.00,1.00
2017.07.28 13:15:05.542,1.45349,1.45355,1.00,1.00
2017.07.28 13:15:06.260,1.45345,1.45355,1.00,1.00
2017.07.28 13:15:06.312,1.45345,1.45355,1.00,1.87
2017.07.28 13:15:07.114,1.45343,1.45353,1.00,1.37
2017.07.28 13:15:07.670,1.45344,1.45353,1.00,1.37
2017.07.28 13:15:07.722,1.45346,1.45353,1.00,1.37
2017.07.28 13:15:08.071,1.45347,1.45355,1.00,1.00
2017.07.28 13:15:08.581,1.45347,1.45356,1.00,1.00
2017.07.28 13:15:09.367,1.45347,1.45357,1.00,1.12
2017.07.28 13:15:09.521,1.45349,1.45357,1.00,1.12
2017.07.28 13:15:09.837,1.45353,1.4536,1.00,1.75
2017.07.28 13:15:09.888,1.45353,1.4536,1.00,1.00
2017.07.28 13:15:10.402,1.45354,1.4536,1.00,1.00
2017.07.28 13:15:10.453,1.45356,1.4536,1.00,1.00
2017.07.28 13:15:10.947,1.45356,1.45363,1.00,1.00
2017.07.28 13:15:11.151,1.45353,1.45363,1.00,1.00
2017.07.28 13:15:11.254,1.45353,1.45361,1.00,1.00
2017.07.28 13:15:12.025,1.45356,1.45363,1.00,1.12
2017.07.28 13:15:12.077,1.45356,1.45365,1.00,1.50
2017.07.28 13:15:12.129,1.45358,1.45365,1.00,1.00
2017.07.28 13:15:12.284,1.45359,1.45367,1.00,1.00
2017.07.28 13:15:12.592,1.45358,1.45364,1.00,1.12
2017.07.28 13:15:12.823,1.45356,1.45364,1.00,1.50
2017.07.28 13:15:12.927,1.45359,1.45364,1.00,1.50
2017.07.28 13:15:12.979,1.45357,1.45365,1.00,1.75
2017.07.28 13:15:13.464,1.4536,1.45365,1.00,1.00
2017.07.28 13:15:13.551,1.45362,1.45367,1.00,1.50
2017.07.28 13:15:13.608,1.45364,1.45371,1.00,1.50
2017.07.28 13:15:15.781,1.45365,1.45372,1.00,1.50
2017.07.28 13:15:16.327,1.45364,1.45368,1.00,1.50
2017.07.28 13:15:16.379,1.45362,1.45367,1.00,1.00
2017.07.28 13:15:16.586,1.45364,1.45369,1.00,1.37
2017.07.28 13:15:17.096,1.45363,1.45369,1.00,1.12
2017.07.28 13:15:17.353,1.45361,1.45369,1.00,1.12
2017.07.28 13:15:17.584,1.4536,1.45367,1.00,1.12
2017.07.28 13:15:18.112,1.45361,1.45367,1.00,1.50
2017.07.28 13:15:18.710,1.45361,1.45368,1.00,1.87
2017.07.28 13:15:19.120,1.4536,1.45366,1.00,1.00
2017.07.28 13:15:19.640,1.45361,1.45367,1.00,1.12
2017.07.28 13:15:19.794,1.45353,1.4536,1.00,1.00
2017.07.28 13:15:19.897,1.45351,1.45358,1.00,1.00
2017.07.28 13:15:20.204,1.45353,1.45358,1.00,1.50
2017.07.28 13:15:20.370,1.45351,1.45358,1.00,1.50
2017.07.28 13:15:20.982,1.45354,1.4536,1.00,2.25
2017.07.28 13:15:21.034,1.45355,1.4536,1.00,1.00
2017.07.28 13:15:21.138,1.45356,1.45362,1.00,1.12
2017.07.28 13:15:21.649,1.45355,1.45361,1.00,1.00
2017.07.28 13:15:22.168,1.45355,1.45362,1.00,2.25
2017.07.28 13:15:22.527,1.45358,1.45364,1.00,1.50
2017.07.28 13:15:23.037,1.45357,1.45364,1.00,1.50
2017.07.28 13:15:23.448,1.45359,1.45363,1.00,1.00
2017.07.28 13:15:23.500,1.45359,1.45365,1.00,1.50
2017.07.28 13:15:23.756,1.45357,1.45365,1.00,1.87
2017.07.28 13:15:24.490,1.45357,1.45364,1.00,1.50
2017.07.28 13:15:25.005,1.45358,1.45365,1.00,2.25
2017.07.28 13:15:25.743,1.45357,1.45365,1.00,2.62
2017.07.28 13:15:25.795,1.45357,1.45365,1.00,2.25
2017.07.28 13:15:28.097,1.45358,1.45365,1.00,1.50
2017.07.28 13:15:28.506,1.45356,1.45365,1.00,1.00
2017.07.28 13:15:28.711,1.45358,1.45365,1.00,2.25
2017.07.28 13:15:29.020,1.45357,1.45365,1.00,1.12
2017.07.28 13:15:29.941,1.45355,1.45363,1.00,1.00
2017.07.28 13:15:29.992,1.45357,1.45363,1.00,1.50
2017.07.28 13:15:30.197,1.45351,1.45359,1.00,1.00
2017.07.28 13:15:30.248,1.45351,1.45359,1.00,1.75
2017.07.28 13:15:30.785,1.45351,1.45355,1.00,1.00
2017.07.28 13:15:30.889,1.45351,1.45357,1.00,2.25
2017.07.28 13:15:31.402,1.45351,1.45356,1.00,1.12
2017.07.28 13:15:31.658,1.4535,1.45354,1.00,1.00
2017.07.28 13:15:31.825,1.45349,1.45356,1.00,1.12
2017.07.28 13:15:31.928,1.45349,1.45357,1.00,1.50
2017.07.28 13:15:32.030,1.45352,1.45357,1.00,1.00
2017.07.28 13:15:32.184,1.45354,1.45362,1.00,2.25
2017.07.28 13:15:32.695,1.45354,1.45362,1.00,1.50
2017.07.28 13:15:33.109,1.45352,1.45358,1.00,1.00
2017.07.28 13:15:33.621,1.45351,1.45359,1.00,1.87
2017.07.28 13:15:33.876,1.45347,1.45359,1.00,3.37
2017.07.28 13:15:33.928,1.4535,1.45355,1.00,1.00
2017.07.28 13:15:34.102,1.45348,1.45355,1.00,2.25
2017.07.28 13:15:34.663,1.45348,1.45354,1.00,1.00
2017.07.28 13:15:35.177,1.45349,1.45355,1.00,1.00
2017.07.28 13:15:35.331,1.45345,1.45354,1.00,1.00
2017.07.28 13:15:35.493,1.45345,1.45352,1.00,1.12
2017.07.28 13:15:35.901,1.45346,1.4535,1.00,1.00
2017.07.28 13:15:36.259,1.45347,1.45353,1.00,1.50
2017.07.28 13:15:36.310,1.45345,1.45353,1.00,1.12
2017.07.28 13:15:36.465,1.45347,1.45353,1.00,1.12
2017.07.28 13:15:37.372,1.45349,1.45353,1.00,1.00
2017.07.28 13:15:37.879,1.45348,1.45354,1.00,1.50
2017.07.28 13:15:38.034,1.45347,1.45356,1.00,1.56
2017.07.28 13:15:39.370,1.45348,1.45357,1.00,1.31
2017.07.28 13:15:39.421,1.4535,1.45358,1.00,4.87
2017.07.28 13:15:40.231,1.45348,1.45356,1.00,1.12
2017.07.28 13:15:40.335,1.45351,1.45355,1.00,1.00
2017.07.28 13:15:40.847,1.4535,1.45354,1.00,1.00
2017.07.28 13:15:43.977,1.45349,1.45356,1.00,1.75
2017.07.28 13:15:44.030,1.45349,1.45356,1.00,1.75
2017.07.28 13:15:44.541,1.4535,1.45354,1.00,1.00
2017.07.28 13:15:44.696,1.45346,1.45354,1.00,1.31
2017.07.28 13:15:44.749,1.45344,1.45351,1.00,1.37
2017.07.28 13:15:44.801,1.45347,1.45351,1.00,1.00
2017.07.28 13:15:44.993,1.4535,1.45359,1.00,2.62
2017.07.28 13:15:45.511,1.45351,1.45358,1.00,1.87
2017.07.28 13:15:45.890,1.45354,1.45358,1.00,1.12
2017.07.28 13:15:45.993,1.45354,1.45361,1.00,1.12
2017.07.28 13:15:46.243,1.45354,1.45359,1.00,1.00
2017.07.28 13:15:46.549,1.45352,1.45358,1.00,1.50
2017.07.28 13:15:46.857,1.45354,1.45361,1.00,2.62
2017.07.28 13:15:47.375,1.45353,1.4536,1.00,1.50
2017.07.28 13:15:47.582,1.45353,1.45361,1.00,3.75
2017.07.28 13:15:47.737,1.45355,1.45362,1.00,1.37
2017.07.28 13:15:48.045,1.45355,1.45361,1.00,1.12
2017.07.28 13:15:48.398,1.45353,1.45358,1.00,1.00
2017.07.28 13:15:48.945,1.45353,1.4536,1.00,1.37
2017.07.28 13:15:49.469,1.45353,1.4536,1.00,1.12
2017.07.28 13:15:49.976,1.45352,1.4536,1.00,1.00
2017.07.28 13:15:50.511,1.45352,1.4536,1.00,1.50
2017.07.28 13:15:51.045,1.45352,1.45358,1.00,1.12
2017.07.28 13:15:51.598,1.45352,1.45357,1.00,1.00
2017.07.28 13:15:51.855,1.4535,1.45354,1.00,1.00
2017.07.28 13:15:51.958,1.45349,1.45356,1.00,1.50
2017.07.28 13:15:52.482,1.4535,1.45356,1.00,1.00
2017.07.28 13:15:52.993,1.45351,1.45357,1.00,2.44
2017.07.28 13:15:53.552,1.4535,1.45357,1.00,1.69
2017.07.28 13:15:54.485,1.45352,1.45357,1.00,1.25
2017.07.28 13:15:54.652,1.45353,1.45359,1.00,1.00
2017.07.28 13:15:54.812,1.45357,1.45363,1.00,1.50
2017.07.28 13:15:54.965,1.45359,1.45366,1.00,1.50
2017.07.28 13:15:55.477,1.4536,1.45366,1.00,2.25
2017.07.28 13:15:56.015,1.45359,1.45364,1.00,1.00
2017.07.28 13:15:56.528,1.45358,1.45364,1.00,1.12
2017.07.28 13:15:56.631,1.4536,1.45366,1.00,1.37
2017.07.28 13:15:57.142,1.4536,1.45367,1.00,1.12
2017.07.28 13:15:57.194,1.45359,1.45367,1.00,3.00
2017.07.28 13:15:57.913,1.45358,1.45365,1.00,1.37
2017.07.28 13:15:58.676,1.45357,1.45363,1.00,1.00
2017.07.28 13:15:58.728,1.45359,1.45366,1.00,2.00
2017.07.28 13:15:59.273,1.45359,1.45366,1.00,1.87
2017.07.28 13:15:59.783,1.4536,1.45365,1.00,1.12
2017.07.28 13:16:00.292,1.45361,1.45367,1.00,1.75
2017.07.28 13:16:00.632,1.45361,1.45368,1.00,2.62
2017.07.28 13:16:01.092,1.4536,1.45365,1.00,1.12
2017.07.28 13:16:01.144,1.45357,1.45364,1.00,1.87
2017.07.28 13:16:01.298,1.45356,1.45363,1.00,1.12
2017.07.28 13:16:01.350,1.45357,1.45364,1.00,2.62
2017.07.28 13:16:01.793,1.45355,1.45364,1.00,2.62
2017.07.28 13:16:01.896,1.45357,1.45364,1.00,1.87
2017.07.28 13:16:02.406,1.45356,1.45364,1.00,3.00
2017.07.28 13:16:03.054,1.45357,1.45364,1.00,1.00
2017.07.28 13:16:03.105,1.45359,1.45364,1.00,1.00
2017.07.28 13:16:03.259,1.4536,1.45366,1.00,1.00
2017.07.28 13:16:04.399,1.4536,1.45368,1.00,4.13
2017.07.28 13:16:04.450,1.45357,1.45366,1.00,1.31
2017.07.28 13:16:04.963,1.45356,1.45365,1.00,2.25
2017.07.28 13:16:06.503,1.45356,1.45362,1.00,1.00
2017.07.28 13:16:06.657,1.45358,1.45365,1.00,3.37
2017.07.28 13:16:07.196,1.45357,1.45363,1.00,1.12
2017.07.28 13:16:07.603,1.45355,1.45361,1.00,1.12
2017.07.28 13:16:08.413,1.45355,1.45362,1.00,1.50
2017.07.28 13:16:08.976,1.45355,1.45361,1.00,1.00
2017.07.28 13:16:09.360,1.45357,1.45361,1.00,1.12
2017.07.28 13:16:09.876,1.45357,1.45362,1.00,1.50
2017.07.28 13:16:10.379,1.45357,1.45361,1.00,1.00
2017.07.28 13:16:10.964,1.45357,1.45362,1.00,1.50
2017.07.28 13:16:11.471,1.45357,1.45361,1.00,1.00
2017.07.28 13:16:12.008,1.45356,1.45363,1.00,2.62
2017.07.28 13:16:12.532,1.45357,1.45362,1.00,1.12
2017.07.28 13:16:15.906,1.45359,1.45365,1.00,3.00
2017.07.28 13:16:16.214,1.45357,1.45361,1.00,1.00
2017.07.28 13:16:16.471,1.45358,1.45363,1.00,1.12
2017.07.28 13:16:16.995,1.45357,1.45363,1.00,1.87
2017.07.28 13:16:17.099,1.45357,1.45361,1.00,1.00
2017.07.28 13:16:17.625,1.45357,1.45362,1.00,1.12
2017.07.28 13:16:18.162,1.45356,1.45362,1.00,1.12
2017.07.28 13:16:18.517,1.45354,1.45358,1.00,1.00
2017.07.28 13:16:18.773,1.4535,1.45356,1.00,1.12
2017.07.28 13:16:18.828,1.4535,1.45354,1.00,1.00
2017.07.28 13:16:18.932,1.45348,1.45355,1.00,1.37
2017.07.28 13:16:18.984,1.45348,1.45356,1.00,1.00
2017.07.28 13:16:19.036,1.45351,1.45356,1.00,1.00
2017.07.28 13:16:19.547,1.45352,1.45357,1.00,1.12
2017.07.28 13:16:19.941,1.45351,1.45355,1.00,1.00
2017.07.28 13:16:19.994,1.45352,1.4536,1.00,2.25
2017.07.28 13:16:20.097,1.45354,1.4536,1.00,1.87
2017.07.28 13:16:20.199,1.45352,1.4536,1.00,2.25
2017.07.28 13:16:20.301,1.45352,1.45357,1.00,1.00
2017.07.28 13:16:20.506,1.45353,1.4536,1.00,2.62
2017.07.28 13:16:20.660,1.45355,1.45359,1.00,1.00
2017.07.28 13:16:20.926,1.45351,1.45359,1.00,1.12
2017.07.28 13:16:20.978,1.45351,1.45361,1.00,1.87
2017.07.28 13:16:21.387,1.45353,1.45362,1.00,1.00
2017.07.28 13:16:21.695,1.45361,1.45372,1.00,5.25
2017.07.28 13:16:21.838,1.45359,1.45373,1.00,5.44
2017.07.28 13:16:21.890,1.45358,1.45367,1.00,1.00
2017.07.28 13:16:22.198,1.45356,1.45363,1.00,1.00
2017.07.28 13:16:22.302,1.45356,1.45365,1.00,1.00
2017.07.28 13:16:22.813,1.45356,1.45365,1.00,1.69
2017.07.28 13:16:23.575,1.45355,1.45366,1.00,2.06
2017.07.28 13:16:24.497,1.45356,1.45367,1.00,1.87
2017.07.28 13:16:24.907,1.45356,1.45365,1.00,1.00
2017.07.28 13:16:24.961,1.45356,1.45367,1.00,1.12
2017.07.28 13:16:25.327,1.45354,1.45367,1.00,1.00
2017.07.28 13:16:25.636,1.45354,1.45365,1.00,1.00
2017.07.28 13:16:26.163,1.45353,1.45365,1.00,1.69
2017.07.28 13:16:27.241,1.45353,1.45363,1.00,1.00
2017.07.28 13:16:27.791,1.45353,1.45364,1.00,1.00
2017.07.28 13:16:28.097,1.45356,1.45368,1.00,2.00
2017.07.28 13:16:28.659,1.45356,1.45367,1.00,1.12
2017.07.28 13:16:28.967,1.45356,1.45365,1.00,1.12
2017.07.28 13:16:30.020,1.45355,1.4536,1.00,1.00
2017.07.28 13:16:30.071,1.45355,1.45362,1.00,1.00
2017.07.28 13:16:30.225,1.45352,1.45362,1.00,1.00
2017.07.28 13:16:30.277,1.45352,1.45361,1.00,1.50
2017.07.28 13:16:30.329,1.4535,1.4536,1.00,1.50
2017.07.28 13:16:30.839,1.45349,1.45359,1.00,1.00
2017.07.28 13:16:31.246,1.45355,1.45364,1.00,1.00
2017.07.28 13:16:31.605,1.45353,1.45362,1.00,1.12
2017.07.28 13:16:32.234,1.45352,1.45364,1.00,3.19
2017.07.28 13:16:32.740,1.45353,1.45364,1.00,3.56
2017.07.28 13:16:33.405,1.45352,1.45364,1.00,3.56
2017.07.28 13:16:34.195,1.45352,1.45361,1.00,1.00
2017.07.28 13:16:34.553,1.4535,1.4536,1.00,1.00
2017.07.28 13:16:34.911,1.45352,1.45361,1.00,2.62
2017.07.28 13:16:35.052,1.45352,1.45362,1.00,3.37
2017.07.28 13:16:35.562,1.45351,1.45362,1.00,1.25
2017.07.28 13:16:35.716,1.45354,1.45364,1.00,1.19
2017.07.28 13:16:35.921,1.4535,1.45364,1.00,1.69
2017.07.28 13:16:36.515,1.45349,1.45364,1.87,1.19
2017.07.28 13:16:36.671,1.45347,1.45356,1.50,1.87
2017.07.28 13:16:36.774,1.45344,1.45354,2.44,1.31
2017.07.28 13:16:36.827,1.4534,1.45352,2.81,1.00
2017.07.28 13:16:36.878,1.45338,1.45351,2.25,1.00
2017.07.28 13:16:36.982,1.45338,1.45353,1.00,2.06
2017.07.28 13:16:37.470,1.45335,1.45347,1.50,1.00
2017.07.28 13:16:37.523,1.45334,1.45346,3.00,1.00
2017.07.28 13:16:37.728,1.45333,1.45348,4.12,1.12
2017.07.28 13:16:37.831,1.45333,1.45347,2.25,1.19
2017.07.28 13:16:38.081,1.4533,1.45343,1.00,1.12
2017.07.28 13:16:38.186,1.45332,1.45343,1.00,1.00
2017.07.28 13:16:38.698,1.45333,1.45344,1.00,1.25
2017.07.28 13:16:39.260,1.45332,1.45345,1.00,1.62
2017.07.28 13:16:39.668,1.4533,1.45339,1.00,1.00
2017.07.28 13:16:39.976,1.45336,1.45345,1.00,2.62
2017.07.28 13:16:40.080,1.45336,1.45348,1.00,3.56
2017.07.28 13:16:40.241,1.45334,1.45348,1.00,2.62
2017.07.28 13:16:40.497,1.45334,1.45345,1.00,1.00
2017.07.28 13:16:41.009,1.45334,1.45346,1.00,1.87
2017.07.28 13:16:41.359,1.45341,1.45351,1.00,1.37
2017.07.28 13:16:41.410,1.45341,1.45354,1.00,2.06
2017.07.28 13:16:41.463,1.45341,1.45354,1.00,1.00
2017.07.28 13:16:41.514,1.45342,1.45352,1.00,1.00
2017.07.28 13:16:41.973,1.4534,1.45352,1.50,1.12
2017.07.28 13:16:42.322,1.45321,1.45333,1.62,1.19
2017.07.28 13:16:42.631,1.45329,1.45339,1.00,1.50
2017.07.28 13:16:42.684,1.45323,1.45336,1.12,1.19
2017.07.28 13:16:42.735,1.45321,1.45335,1.12,1.56
2017.07.28 13:16:42.788,1.4532,1.45334,1.12,2.06
2017.07.28 13:16:43.125,1.45322,1.45335,1.00,1.87
2017.07.28 13:16:43.177,1.45322,1.45335,1.50,1.00
2017.07.28 13:16:43.331,1.45321,1.45332,1.00,1.00
2017.07.28 13:16:43.638,1.45317,1.45329,1.00,1.87
2017.07.28 13:16:43.981,1.45322,1.45332,1.00,1.37
2017.07.28 13:16:44.033,1.45322,1.45332,1.00,1.00
2017.07.28 13:16:44.594,1.45323,1.45333,1.00,1.37
2017.07.28 13:16:45.114,1.45322,1.45333,1.00,1.37
2017.07.28 13:16:45.421,1.45327,1.45336,1.00,1.75
2017.07.28 13:16:45.473,1.45328,1.45337,1.00,2.25
2017.07.28 13:16:45.781,1.4533,1.45337,1.00,1.00
2017.07.28 13:16:46.328,1.45325,1.45339,3.19,1.37
2017.07.28 13:16:46.635,1.45326,1.4534,1.25,2.62
2017.07.28 13:16:47.099,1.45325,1.45337,1.69,1.00
2017.07.28 13:16:47.646,1.45324,1.45335,1.69,1.00
2017.07.28 13:16:47.953,1.4532,1.45329,1.31,1.00
2017.07.28 13:16:48.281,1.45313,1.45324,1.19,1.00
2017.07.28 13:16:48.384,1.45314,1.45323,1.00,1.00
2017.07.28 13:16:48.435,1.45313,1.45327,1.50,1.00
2017.07.28 13:16:48.589,1.45317,1.45325,1.00,1.00
2017.07.28 13:16:48.692,1.45314,1.45325,1.00,1.00
2017.07.28 13:16:48.744,1.45314,1.45323,1.00,1.00
2017.07.28 13:16:49.383,1.45314,1.45324,1.00,1.00
2017.07.28 13:16:49.793,1.45314,1.45322,1.00,1.00
2017.07.28 13:16:49.999,1.45311,1.45321,1.00,1.00
2017.07.28 13:16:50.220,1.45313,1.45321,1.00,1.00
2017.07.28 13:16:50.527,1.45314,1.45324,1.00,1.00
2017.07.28 13:16:50.732,1.45314,1.45322,1.00,1.00
2017.07.28 13:16:51.130,1.45312,1.45319,1.69,1.00
2017.07.28 13:16:51.285,1.45305,1.45319,1.69,1.87
2017.07.28 13:16:51.389,1.45308,1.45316,1.19,1.00
2017.07.28 13:16:51.441,1.45309,1.4532,1.12,1.62
2017.07.28 13:16:51.492,1.45311,1.4532,1.00,1.25
2017.07.28 13:16:51.794,1.45316,1.45327,1.00,1.75
2017.07.28 13:16:52.110,1.45318,1.45326,1.00,1.37
2017.07.28 13:16:52.418,1.45319,1.45329,1.00,1.37
2017.07.28 13:16:52.617,1.45316,1.45324,1.00,1.00
2017.07.28 13:16:52.770,1.45317,1.45326,1.00,1.00
2017.07.28 13:16:52.873,1.45314,1.45327,1.00,1.31
2017.07.28 13:16:53.077,1.45316,1.45326,1.00,1.00
2017.07.28 13:16:53.633,1.45316,1.45329,1.50,1.37
2017.07.28 13:16:54.095,1.45316,1.45325,1.00,1.00
2017.07.28 13:16:54.147,1.45316,1.4533,1.00,3.56
2017.07.28 13:16:54.790,1.45314,1.45322,2.06,1.00
2017.07.28 13:16:55.302,1.45314,1.45322,1.87,1.00
2017.07.28 13:16:55.848,1.45314,1.45323,2.06,1.00
2017.07.28 13:16:56.348,1.45313,1.45322,1.25,1.00
2017.07.28 13:16:56.506,1.4531,1.45319,4.35,1.00
2017.07.28 13:16:56.611,1.45313,1.45318,1.00,1.00
2017.07.28 13:16:56.765,1.45311,1.45319,1.50,1.00
2017.07.28 13:16:57.282,1.45311,1.45318,1.50,1.00
2017.07.28 13:16:57.588,1.45311,1.45316,1.50,1.00
2017.07.28 13:16:58.098,1.4531,1.45317,2.25,1.00
2017.07.28 13:16:58.532,1.45306,1.45314,1.87,1.00
2017.07.28 13:16:58.635,1.4531,1.45317,1.00,1.00
2017.07.28 13:16:58.840,1.45311,1.45319,1.25,1.00
2017.07.28 13:16:58.892,1.45315,1.45319,1.00,1.00
2017.07.28 13:16:58.994,1.45313,1.4532,1.00,1.00
2017.07.28 13:16:59.147,1.45311,1.4532,1.12,1.00
2017.07.28 13:16:59.199,1.45309,1.45316,1.75,1.00
2017.07.28 13:16:59.713,1.45311,1.45317,1.19,1.00
2017.07.28 13:17:00.020,1.45309,1.45313,1.31,1.00
2017.07.28 13:17:00.225,1.45308,1.45316,1.19,1.00
2017.07.28 13:17:00.384,1.4531,1.45318,1.56,1.00
2017.07.28 13:17:00.556,1.4531,1.45318,1.19,1.00
2017.07.28 13:17:00.608,1.4531,1.45317,1.19,1.00
2017.07.28 13:17:00.761,1.4531,1.45315,1.69,1.00
2017.07.28 13:17:00.864,1.4531,1.45315,1.50,1.00
2017.07.28 13:17:00.915,1.45311,1.45316,1.19,1.00
2017.07.28 13:17:00.968,1.45312,1.45316,1.00,1.00
2017.07.28 13:17:01.019,1.45315,1.45319,1.25,1.00
2017.07.28 13:17:01.173,1.45313,1.45321,1.19,1.00
2017.07.28 13:17:01.224,1.45312,1.45319,3.75,1.00
2017.07.28 13:17:01.927,1.45313,1.45318,1.19,1.00
2017.07.28 13:17:02.284,1.45314,1.4532,1.19,1.00
2017.07.28 13:17:02.438,1.45313,1.45318,1.19,1.00
2017.07.28 13:17:02.951,1.45313,1.45319,1.19,1.00
2017.07.28 13:17:03.252,1.45313,1.4532,1.00,1.00
2017.07.28 13:17:03.305,1.45309,1.45316,1.19,1.00
2017.07.28 13:17:03.459,1.45308,1.45314,1.69,1.00
2017.07.28 13:17:03.510,1.45308,1.45316,1.19,1.00
2017.07.28 13:17:03.663,1.45308,1.45317,1.19,1.00
2017.07.28 13:17:04.176,1.4531,1.45316,1.31,1.00
2017.07.28 13:17:04.229,1.45313,1.45318,1.00,1.00
2017.07.28 13:17:04.402,1.45308,1.45315,2.06,1.00
2017.07.28 13:17:04.609,1.4531,1.45316,1.19,1.00
2017.07.28 13:17:04.968,1.45309,1.45316,1.50,1.00
2017.07.28 13:17:05.021,1.45306,1.45313,1.31,1.00
2017.07.28 13:17:05.271,1.45307,1.45316,1.69,1.00
2017.07.28 13:17:05.323,1.45307,1.45313,1.00,1.00
2017.07.28 13:17:05.375,1.45304,1.45311,1.50,1.00
2017.07.28 13:17:05.427,1.45302,1.45308,1.12,1.00
2017.07.28 13:17:05.530,1.453,1.45308,1.31,1.00
2017.07.28 13:17:05.632,1.45302,1.45311,1.19,1.00
2017.07.28 13:17:05.939,1.45302,1.45309,1.19,1.00
2017.07.28 13:17:06.460,1.45301,1.45308,2.06,1.00
2017.07.28 13:17:06.613,1.45302,1.4531,1.69,1.00
2017.07.28 13:17:06.869,1.45301,1.45306,1.12,1.00
2017.07.28 13:17:06.971,1.45302,1.45312,1.19,1.00
2017.07.28 13:17:07.074,1.45306,1.45315,1.00,1.00
2017.07.28 13:17:07.359,1.45307,1.45319,3.00,1.00
2017.07.28 13:17:07.462,1.45306,1.45315,1.37,1.00
2017.07.28 13:17:07.617,1.45303,1.45313,1.31,1.00
2017.07.28 13:17:07.720,1.4531,1.45315,1.00,1.00
2017.07.28 13:17:07.937,1.45305,1.45315,1.00,1.00
2017.07.28 13:17:08.296,1.45301,1.45313,2.81,1.00
2017.07.28 13:17:08.602,1.45301,1.4531,2.06,1.00
2017.07.28 13:17:08.840,1.45302,1.45312,1.00,1.00
2017.07.28 13:17:08.891,1.45299,1.4531,1.50,1.00
2017.07.28 13:17:08.997,1.45298,1.45309,1.25,1.50
2017.07.28 13:17:09.100,1.45298,1.45311,1.69,1.50
2017.07.28 13:17:09.203,1.453,1.45313,1.25,1.12
2017.07.28 13:17:09.358,1.45303,1.45315,1.69,1.12
2017.07.28 13:17:09.588,1.45304,1.45317,1.00,1.25
2017.07.28 13:17:09.646,1.45306,1.45317,1.00,1.69
2017.07.28 13:17:10.054,1.45309,1.45319,1.00,1.37
2017.07.28 13:17:10.107,1.45307,1.45319,1.00,1.37
2017.07.28 13:17:10.462,1.4531,1.45318,1.00,1.37
2017.07.28 13:17:10.566,1.45309,1.4532,1.00,1.87
2017.07.28 13:17:10.669,1.45311,1.4532,1.00,1.87
2017.07.28 13:17:11.232,1.4531,1.45316,1.00,1.00
2017.07.28 13:17:11.386,1.45309,1.45318,1.00,1.00
2017.07.28 13:17:11.933,1.45314,1.45322,1.00,1.12
2017.07.28 13:17:12.088,1.45317,1.45327,1.00,1.00
2017.07.28 13:17:12.190,1.4532,1.45328,1.00,1.87
2017.07.28 13:17:12.344,1.45318,1.45327,1.00,1.50
2017.07.28 13:17:12.785,1.45317,1.45329,1.00,1.12
2017.07.28 13:17:12.838,1.45317,1.45327,1.00,1.50
2017.07.28 13:17:13.346,1.45318,1.45327,1.00,1.50
2017.07.28 13:17:13.500,1.45316,1.45327,1.00,1.50
2017.07.28 13:17:13.552,1.45316,1.45325,1.00,1.00
2017.07.28 13:17:13.868,1.45306,1.45316,1.00,1.87
2017.07.28 13:17:14.023,1.45304,1.45317,1.00,1.12
2017.07.28 13:17:14.075,1.45306,1.45317,1.00,1.12
2017.07.28 13:17:14.485,1.45308,1.45318,1.00,1.00
2017.07.28 13:17:15.011,1.45307,1.4532,1.00,1.87
2017.07.28 13:17:15.319,1.45321,1.45332,1.00,4.12
2017.07.28 13:17:15.856,1.45322,1.4533,1.00,1.12
2017.07.28 13:17:16.215,1.45323,1.45332,1.00,1.50
2017.07.28 13:17:16.267,1.45323,1.45335,1.00,1.50
2017.07.28 13:17:16.421,1.45326,1.45337,1.00,1.75
2017.07.28 13:17:16.781,1.45327,1.45339,1.00,1.37
2017.07.28 13:17:16.884,1.45329,1.4534,1.00,1.37
2017.07.28 13:17:16.936,1.45327,1.45341,1.00,1.87
2017.07.28 13:17:17.084,1.4533,1.45342,1.25,3.37
2017.07.28 13:17:17.295,1.45333,1.45344,1.00,1.00
2017.07.28 13:17:17.552,1.45334,1.45342,1.00,1.00
2017.07.28 13:17:17.866,1.4533,1.45338,1.00,1.00
2017.07.28 13:17:17.917,1.4533,1.4534,1.00,1.12
2017.07.28 13:17:18.026,1.45332,1.45339,1.00,1.00
2017.07.28 13:17:18.129,1.4533,1.4534,1.00,1.00
2017.07.28 13:17:18.234,1.45333,1.45343,1.00,2.25
2017.07.28 13:17:18.286,1.45327,1.45341,2.06,1.00
2017.07.28 13:17:18.491,1.45328,1.45339,2.81,1.00
2017.07.28 13:17:18.695,1.45326,1.4534,1.00,1.37
2017.07.28 13:17:18.900,1.45326,1.45337,1.00,1.00
2017.07.28 13:17:19.301,1.45326,1.45339,1.00,1.12
2017.07.28 13:17:19.353,1.45325,1.45337,1.25,1.00
2017.07.28 13:17:19.826,1.45325,1.45338,1.19,1.00
2017.07.28 13:17:20.031,1.45327,1.4534,1.19,1.50
2017.07.28 13:17:20.603,1.45326,1.45342,1.31,3.00
2017.07.28 13:17:20.962,1.45323,1.45334,1.87,1.50
2017.07.28 13:17:21.014,1.45323,1.45334,1.50,1.87
2017.07.28 13:17:21.117,1.4532,1.45333,1.00,1.00
2017.07.28 13:17:21.168,1.45319,1.45331,1.25,1.00
2017.07.28 13:17:21.707,1.45319,1.4533,1.25,1.00
2017.07.28 13:17:21.862,1.45317,1.45331,2.25,1.50
2017.07.28 13:17:21.914,1.45317,1.45324,1.12,1.00
2017.07.28 13:17:22.017,1.45315,1.45323,1.00,1.00
2017.07.28 13:17:22.172,1.45312,1.45323,1.00,1.12
2017.07.28 13:17:22.326,1.45314,1.45322,1.00,1.00
2017.07.28 13:17:22.536,1.45314,1.45324,1.00,1.50
2017.07.28 13:17:22.723,1.45314,1.45321,1.00,1.00
2017.07.28 13:17:22.825,1.45313,1.45323,1.00,1.00
2017.07.28 13:17:22.877,1.45311,1.45322,1.00,1.00
2017.07.28 13:17:23.132,1.45313,1.45321,1.00,1.00
2017.07.28 13:17:23.285,1.45313,1.45323,1.00,1.12
2017.07.28 13:17:23.439,1.45314,1.45325,1.00,1.50
2017.07.28 13:17:23.543,1.45318,1.45327,1.00,1.12
2017.07.28 13:17:23.714,1.45319,1.4533,1.00,1.87
2017.07.28 13:17:23.766,1.45321,1.45331,1.00,2.25
2017.07.28 13:17:23.817,1.4532,1.45332,1.00,1.37
2017.07.28 13:17:24.022,1.4532,1.45326,1.00,1.00
2017.07.28 13:17:24.074,1.45318,1.45327,1.00,1.00
2017.07.28 13:17:24.483,1.45317,1.45324,1.00,1.00
2017.07.28 13:17:24.807,1.45316,1.45326,1.00,1.00
2017.07.28 13:17:25.115,1.45316,1.45323,1.00,1.00
2017.07.28 13:17:25.219,1.45312,1.45324,1.00,1.12
2017.07.28 13:17:25.730,1.45311,1.45324,1.00,2.25
2017.07.28 13:17:25.896,1.45311,1.45321,1.00,1.00
2017.07.28 13:17:26.358,1.45311,1.45323,1.00,1.12
2017.07.28 13:17:27.372,1.45315,1.45324,1.00,1.50
2017.07.28 13:17:27.527,1.45316,1.45327,1.00,1.12
2017.07.28 13:17:27.579,1.45316,1.45325,1.00,1.00
2017.07.28 13:17:27.630,1.45318,1.45329,1.00,1.50
2017.07.28 13:17:27.733,1.45321,1.45329,1.00,1.87
2017.07.28 13:17:27.937,1.45322,1.45332,1.00,1.50
2017.07.28 13:17:28.142,1.45322,1.45334,1.00,1.12
2017.07.28 13:17:28.601,1.4532,1.4533,1.00,1.00
2017.07.28 13:17:28.905,1.45322,1.4533,1.00,1.00
2017.07.28 13:17:28.958,1.45322,1.45332,1.00,1.87
2017.07.28 13:17:29.112,1.45327,1.45336,1.00,1.50
2017.07.28 13:17:29.216,1.45326,1.45339,1.00,1.50
2017.07.28 13:17:29.370,1.45322,1.45335,1.12,1.00
2017.07.28 13:17:29.746,1.45326,1.45337,1.00,1.00
2017.07.28 13:17:29.798,1.45325,1.45339,1.00,1.12
2017.07.28 13:17:29.951,1.45324,1.45337,1.00,1.87
2017.07.28 13:17:30.258,1.45321,1.45334,1.00,2.62
2017.07.28 13:17:30.310,1.45321,1.45333,1.00,1.00
2017.07.28 13:17:30.361,1.4532,1.45331,1.00,1.00
2017.07.28 13:17:30.737,1.4532,1.45333,1.00,1.50
2017.07.28 13:17:31.146,1.4532,1.45329,1.00,1.00
2017.07.28 13:17:31.985,1.4532,1.4533,1.00,1.12
2017.07.28 13:17:32.498,1.45319,1.45332,1.25,1.37
2017.07.28 13:17:32.844,1.45329,1.45337,1.00,1.50
2017.07.28 13:17:33.053,1.45333,1.45342,1.00,1.50
2017.07.28 13:17:33.412,1.4533,1.45341,1.00,1.12
2017.07.28 13:17:33.740,1.4533,1.45339,1.00,1.00
2017.07.28 13:17:34.047,1.45329,1.45337,1.00,1.00
2017.07.28 13:17:34.200,1.45329,1.4534,1.00,2.25
2017.07.28 13:17:34.609,1.4533,1.45338,1.00,1.00
2017.07.28 13:17:34.929,1.45321,1.45331,1.00,1.50
2017.07.28 13:17:35.237,1.45321,1.45329,1.00,1.12
2017.07.28 13:17:35.759,1.45322,1.4533,1.00,1.12
2017.07.28 13:17:36.065,1.45322,1.45327,1.00,1.12
2017.07.28 13:17:36.232,1.4532,1.45327,1.00,1.12
2017.07.28 13:17:36.334,1.45316,1.45327,1.00,1.56
2017.07.28 13:17:36.386,1.45318,1.45326,1.00,1.12
2017.07.28 13:17:36.773,1.45321,1.45328,1.00,1.12
2017.07.28 13:17:37.290,1.4532,1.45328,1.00,1.12
2017.07.28 13:17:37.685,1.45321,1.45331,1.00,1.87
2017.07.28 13:17:37.790,1.45323,1.45331,1.00,1.00
2017.07.28 13:17:38.303,1.45322,1.45331,1.00,1.37
2017.07.28 13:17:38.851,1.45321,1.4533,1.00,1.12
2017.07.28 13:17:39.158,1.45323,1.45331,1.00,1.37
2017.07.28 13:17:39.764,1.45323,1.45331,1.00,1.12
2017.07.28 13:17:40.303,1.45321,1.4533,1.00,1.00
2017.07.28 13:17:40.661,1.45324,1.45331,1.00,1.50
2017.07.28 13:17:41.181,1.45324,1.4533,1.00,1.12
2017.07.28 13:17:41.334,1.45322,1.4533,1.00,1.12
2017.07.28 13:17:41.843,1.45323,1.4533,1.00,1.12
2017.07.28 13:17:42.613,1.45319,1.45327,1.00,1.00
2017.07.28 13:17:42.664,1.45321,1.45327,1.00,1.50
2017.07.28 13:17:42.716,1.45319,1.45326,1.00,1.12
2017.07.28 13:17:42.920,1.45317,1.45324,1.00,1.00
2017.07.28 13:17:43.075,1.45318,1.45328,1.00,1.87
2017.07.28 13:17:43.177,1.45321,1.45328,1.00,1.87
2017.07.28 13:17:44.229,1.4532,1.45328,1.00,1.50
2017.07.28 13:17:44.580,1.45322,1.45329,1.00,1.37
2017.07.28 13:17:45.091,1.45322,1.45329,1.00,1.50
2017.07.28 13:17:45.678,1.45323,1.45328,1.00,1.12
2017.07.28 13:17:46.138,1.45321,1.45331,1.00,2.62
2017.07.28 13:17:46.242,1.45324,1.45331,1.00,1.00
2017.07.28 13:17:46.755,1.45326,1.45332,1.00,1.12
2017.07.28 13:17:47.657,1.45326,1.45331,1.00,1.00
2017.07.28 13:17:48.192,1.45325,1.45331,1.00,1.12
2017.07.28 13:17:48.806,1.45324,1.45331,1.00,1.12
2017.07.28 13:17:49.062,1.45325,1.45333,1.00,1.50
2017.07.28 13:17:49.589,1.45326,1.45333,1.00,1.50
2017.07.28 13:17:50.154,1.45325,1.45333,1.00,1.50
2017.07.28 13:17:50.205,1.45323,1.45332,1.00,1.00
2017.07.28 13:17:50.511,1.45325,1.45331,1.00,1.12
2017.07.28 13:17:50.816,1.45323,1.45331,1.00,1.12
2017.07.28 13:17:51.183,1.45323,1.45328,1.00,1.00
2017.07.28 13:17:51.235,1.45321,1.45328,1.00,1.12
2017.07.28 13:17:51.389,1.45324,1.45333,1.00,3.75
2017.07.28 13:17:51.441,1.45328,1.45334,1.00,1.37
2017.07.28 13:17:51.544,1.45328,1.45337,1.00,1.50
2017.07.28 13:17:52.042,1.45327,1.45337,1.00,2.25
2017.07.28 13:17:52.299,1.45325,1.45337,1.00,1.75
2017.07.28 13:17:52.369,1.45327,1.45337,1.00,1.75
2017.07.28 13:17:52.882,1.45328,1.45337,1.00,1.37
2017.07.28 13:17:54.268,1.45326,1.45337,1.00,1.37
2017.07.28 13:17:54.626,1.45328,1.45337,1.00,1.87
2017.07.28 13:17:54.779,1.45326,1.45337,1.00,1.87
2017.07.28 13:17:55.289,1.45327,1.45337,1.00,1.37
2017.07.28 13:17:55.805,1.45326,1.45336,1.00,1.37
2017.07.28 13:17:55.907,1.45328,1.45337,1.00,1.87
2017.07.28 13:17:56.213,1.45324,1.45333,1.00,1.00
2017.07.28 13:17:56.264,1.45321,1.45334,1.00,1.50
2017.07.28 13:17:56.315,1.45321,1.45331,1.00,1.00
2017.07.28 13:17:56.622,1.45325,1.45333,1.00,1.12
2017.07.28 13:17:57.009,1.45323,1.45333,1.00,1.12
2017.07.28 13:17:57.060,1.45315,1.45327,1.44,1.00
2017.07.28 13:17:57.317,1.45316,1.45329,1.69,1.50
2017.07.28 13:17:57.471,1.45318,1.45331,1.25,1.12
2017.07.28 13:17:58.022,1.45319,1.45332,1.00,2.25
2017.07.28 13:17:58.533,1.4532,1.45331,1.00,1.12
2017.07.28 13:17:58.687,1.45319,1.45333,1.87,2.25
2017.07.28 13:17:59.209,1.45321,1.45332,1.00,1.12
2017.07.28 13:18:00.222,1.45319,1.45332,1.50,1.12
2017.07.28 13:18:00.734,1.45318,1.45333,2.81,1.87
2017.07.28 13:18:01.145,1.45323,1.45333,1.00,1.12
2017.07.28 13:18:01.460,1.45329,1.45342,1.19,1.12
2017.07.28 13:18:01.971,1.45328,1.45341,2.06,1.00
2017.07.28 13:18:02.519,1.45328,1.45342,2.44,1.87
2017.07.28 13:18:03.245,1.45328,1.45342,1.69,1.87
2017.07.28 13:18:03.349,1.45327,1.4534,1.69,1.00
2017.07.28 13:18:03.401,1.45327,1.4534,1.31,1.50
2017.07.28 13:18:03.931,1.45326,1.45341,1.31,1.87
2017.07.28 13:18:03.983,1.45326,1.45339,2.06,1.00
2017.07.28 13:18:04.239,1.45324,1.45338,1.37,1.12
2017.07.28 13:18:04.290,1.45323,1.45336,2.44,2.25
2017.07.28 13:18:04.801,1.45322,1.45335,3.19,1.00
2017.07.28 13:18:04.853,1.45323,1.45337,2.06,1.50
2017.07.28 13:18:05.061,1.45322,1.45335,1.50,2.25
2017.07.28 13:18:05.377,1.45321,1.45333,1.25,1.87
2017.07.28 13:18:05.685,1.45319,1.4533,1.00,1.00
2017.07.28 13:18:05.865,1.45315,1.45329,3.94,1.12
2017.07.28 13:18:06.394,1.45318,1.45329,1.00,1.12
2017.07.28 13:18:06.497,1.45321,1.45334,1.12,1.50
2017.07.28 13:18:06.549,1.45322,1.45335,1.12,1.50
2017.07.28 13:18:06.600,1.45325,1.45335,1.50,1.12
2017.07.28 13:18:06.703,1.45325,1.4534,1.87,1.87
2017.07.28 13:18:07.234,1.45325,1.4534,1.12,1.50
2017.07.28 13:18:07.287,1.45327,1.4534,1.00,1.50
2017.07.28 13:18:07.494,1.45325,1.4534,1.87,1.00
2017.07.28 13:18:08.112,1.45326,1.4534,1.00,1.50
2017.07.28 13:18:08.621,1.45324,1.4534,2.06,1.12
2017.07.28 13:18:08.724,1.45326,1.45339,1.00,1.00
2017.07.28 13:18:09.032,1.45317,1.45331,1.87,1.50
2017.07.28 13:18:09.247,1.45318,1.45333,1.50,1.87
2017.07.28 13:18:09.505,1.45323,1.45333,1.00,1.87
2017.07.28 13:18:09.661,1.45323,1.45337,1.19,1.37
2017.07.28 13:18:09.713,1.45318,1.45332,2.44,1.50
2017.07.28 13:18:10.021,1.4532,1.45334,1.69,1.75
2017.07.28 13:18:10.165,1.45321,1.45334,1.00,1.12
2017.07.28 13:18:10.217,1.45319,1.45334,2.25,1.12
2017.07.28 13:18:10.319,1.45319,1.45332,1.12,1.00
2017.07.28 13:18:10.626,1.45318,1.4533,2.25,1.00
2017.07.28 13:18:10.937,1.45318,1.45327,1.00,1.00
2017.07.28 13:18:10.989,1.45316,1.45326,1.25,1.00
2017.07.28 13:18:11.384,1.45318,1.45326,1.00,1.00
2017.07.28 13:18:11.436,1.45316,1.45326,1.25,1.00
2017.07.28 13:18:11.946,1.45315,1.45325,1.31,1.00
2017.07.28 13:18:12.457,1.45315,1.45326,2.06,1.00
2017.07.28 13:18:12.735,1.45315,1.45328,2.06,1.00
2017.07.28 13:18:13.190,1.45316,1.45329,1.19,1.00
2017.07.28 13:18:13.396,1.45319,1.45331,1.25,1.00
2017.07.28 13:18:13.906,1.45319,1.4533,1.69,1.00
2017.07.28 13:18:14.216,1.45322,1.45331,1.00,1.00
2017.07.28 13:18:14.318,1.45318,1.45332,3.56,1.00
2017.07.28 13:18:14.828,1.45319,1.45331,2.06,1.00
2017.07.28 13:18:15.603,1.45321,1.45331,1.00,1.00
2017.07.28 13:18:15.707,1.45321,1.45333,1.00,1.12
2017.07.28 13:18:16.015,1.45324,1.45333,1.00,1.87
2017.07.28 13:18:16.325,1.45328,1.45338,1.00,1.00
2017.07.28 13:18:16.656,1.4533,1.45338,1.00,1.00
2017.07.28 13:18:16.708,1.45328,1.45339,1.00,1.00
2017.07.28 13:18:17.167,1.45333,1.45341,1.00,1.00
2017.07.28 13:18:17.320,1.4533,1.45341,1.00,1.00
2017.07.28 13:18:17.699,1.45334,1.45341,1.00,1.00
2017.07.28 13:18:17.751,1.45328,1.45339,1.25,1.50
2017.07.28 13:18:18.059,1.45331,1.4534,1.00,1.00
2017.07.28 13:18:18.161,1.45329,1.4534,1.00,1.00
2017.07.28 13:18:18.692,1.4533,1.4534,1.00,1.00
2017.07.28 13:18:18.744,1.45332,1.45342,1.00,1.12
2017.07.28 13:18:18.898,1.4533,1.45343,1.00,1.00
2017.07.28 13:18:19.104,1.45329,1.4534,1.25,1.00
2017.07.28 13:18:19.411,1.45331,1.45341,1.00,1.00
2017.07.28 13:18:19.462,1.45328,1.45341,2.06,1.00
2017.07.28 13:18:19.682,1.45327,1.4534,1.25,1.00
2017.07.28 13:18:19.733,1.45325,1.45338,2.06,1.00
2017.07.28 13:18:19.836,1.45328,1.45342,1.25,1.50
2017.07.28 13:18:19.938,1.45331,1.45343,1.00,2.62
2017.07.28 13:18:20.040,1.4533,1.45343,1.00,1.50
2017.07.28 13:18:20.398,1.4533,1.45341,1.00,1.00
2017.07.28 13:18:20.837,1.45328,1.45341,3.00,1.00
2017.07.28 13:18:21.476,1.45331,1.45342,1.00,1.00
2017.07.28 13:18:21.787,1.45325,1.45338,4.69,1.00
2017.07.28 13:18:21.946,1.45323,1.45335,1.12,1.50
2017.07.28 13:18:22.428,1.45322,1.45333,1.00,1.00
2017.07.28 13:18:22.736,1.45324,1.45334,1.00,1.50
2017.07.28 13:18:22.889,1.45322,1.45333,1.00,1.12
2017.07.28 13:18:23.247,1.45327,1.45338,1.25,2.25
2017.07.28 13:18:23.299,1.45327,1.4534,1.00,1.75
2017.07.28 13:18:23.350,1.45332,1.45341,1.00,1.75
2017.07.28 13:18:23.403,1.45328,1.45341,1.50,1.37
2017.07.28 13:18:23.455,1.45328,1.45342,1.25,1.00
2017.07.28 13:18:23.508,1.4533,1.45343,1.00,1.00
2017.07.28 13:18:24.011,1.4533,1.45343,2.44,1.00
2017.07.28 13:18:24.216,1.45329,1.45342,1.50,1.00
2017.07.28 13:18:24.268,1.45328,1.45337,1.12,1.00
2017.07.28 13:18:24.527,1.45323,1.45337,2.44,1.00
2017.07.28 13:18:24.753,1.45323,1.45335,1.50,1.00
2017.07.28 13:18:25.215,1.45327,1.45335,1.00,1.00
2017.07.28 13:18:25.317,1.45325,1.45336,1.00,1.00
2017.07.28 13:18:25.420,1.45323,1.45336,1.31,1.00
2017.07.28 13:18:25.471,1.45323,1.45334,1.31,1.00
2017.07.28 13:18:25.768,1.45323,1.45336,1.31,1.00
2017.07.28 13:18:25.819,1.45325,1.45336,1.00,1.00
2017.07.28 13:18:26.127,1.45323,1.45334,1.25,1.00
2017.07.28 13:18:26.640,1.45326,1.45335,1.00,1.00
2017.07.28 13:18:26.889,1.45322,1.45333,1.00,1.00
2017.07.28 13:18:27.095,1.4532,1.45332,1.87,1.00
2017.07.28 13:18:27.507,1.45322,1.45333,1.00,1.50
2017.07.28 13:18:27.559,1.4532,1.45333,1.87,1.00
2017.07.28 13:18:27.814,1.45325,1.45332,1.00,1.00
2017.07.28 13:18:27.866,1.4532,1.45332,1.50,1.00
2017.07.28 13:18:28.383,1.45324,1.45334,1.00,1.12
2017.07.28 13:18:28.683,1.4532,1.45333,1.00,2.25
2017.07.28 13:18:28.940,1.45323,1.45333,1.00,1.50
2017.07.28 13:18:29.042,1.45321,1.45333,1.00,1.50
2017.07.28 13:18:29.146,1.45319,1.45333,1.87,1.00
2017.07.28 13:18:29.456,1.45322,1.45333,1.00,1.50
2017.07.28 13:18:29.563,1.4532,1.45333,1.00,1.00
2017.07.28 13:18:29.615,1.45322,1.45333,1.00,1.00
2017.07.28 13:18:29.824,1.45327,1.45341,2.25,1.50
2017.07.28 13:18:29.876,1.45327,1.45342,1.88,1.12
2017.07.28 13:18:30.337,1.45331,1.45342,1.00,1.12
2017.07.28 13:18:30.539,1.45328,1.45341,1.50,1.50
2017.07.28 13:18:31.052,1.45329,1.45342,1.00,3.37
2017.07.28 13:18:31.208,1.45332,1.45341,1.00,1.00
2017.07.28 13:18:31.261,1.45333,1.45344,1.00,1.12
2017.07.28 13:18:31.690,1.45331,1.45342,1.00,1.00
2017.07.28 13:18:31.742,1.45329,1.45342,1.12,1.12
2017.07.28 13:18:31.895,1.45331,1.45342,1.00,1.12
2017.07.28 13:18:32.403,1.45331,1.45344,1.00,2.25
2017.07.28 13:18:32.608,1.45332,1.45341,1.00,1.00
2017.07.28 13:18:32.710,1.45332,1.45343,1.00,1.00
2017.07.28 13:18:33.222,1.45331,1.45344,1.00,1.50
2017.07.28 13:18:33.487,1.45327,1.45341,3.56,1.00
2017.07.28 13:18:33.796,1.45326,1.45338,1.34,1.00
2017.07.28 13:18:34.104,1.45332,1.45344,1.19,1.50
2017.07.28 13:18:34.155,1.45332,1.45342,1.00,1.00
2017.07.28 13:18:34.553,1.45331,1.4534,1.00,1.00
2017.07.28 13:18:34.656,1.45329,1.45341,1.00,1.50
2017.07.28 13:18:35.014,1.4533,1.45336,1.00,1.00
2017.07.28 13:18:35.219,1.45328,1.45337,1.00,1.50
2017.07.28 13:18:35.372,1.4533,1.45336,1.00,1.12
2017.07.28 13:18:35.476,1.45328,1.45338,1.00,1.75
2017.07.28 13:18:35.631,1.45325,1.45335,1.00,1.50
2017.07.28 13:18:35.943,1.45327,1.45335,1.00,1.00
2017.07.28 13:18:36.199,1.45325,1.45336,1.00,1.50
2017.07.28 13:18:36.743,1.45325,1.45335,1.00,1.00
2017.07.28 13:18:37.254,1.45326,1.45336,1.00,1.50
2017.07.28 13:18:37.507,1.45326,1.45334,1.00,1.12
2017.07.28 13:18:37.661,1.45324,1.45334,1.00,1.12
2017.07.28 13:18:37.814,1.45322,1.45333,1.00,1.00
2017.07.28 13:18:38.120,1.45325,1.45332,1.00,1.12
2017.07.28 13:18:38.171,1.45323,1.45333,1.00,1.37
2017.07.28 13:18:38.478,1.4532,1.45333,1.00,1.87
2017.07.28 13:18:38.824,1.45322,1.45332,1.00,1.12
2017.07.28 13:18:38.926,1.4532,1.45332,1.00,1.12
2017.07.28 13:18:39.182,1.45322,1.45334,1.00,1.00
2017.07.28 13:18:39.337,1.4532,1.45333,1.00,1.00
2017.07.28 13:18:39.694,1.45321,1.45335,1.00,1.87
2017.07.28 13:18:40.239,1.45322,1.45335,1.00,1.87
2017.07.28 13:18:40.396,1.45325,1.45334,1.00,1.00
2017.07.28 13:18:40.448,1.45323,1.45335,1.00,1.12
2017.07.28 13:18:40.601,1.45325,1.45335,1.00,1.12
2017.07.28 13:18:40.907,1.45325,1.45331,1.00,1.00
2017.07.28 13:18:40.959,1.45323,1.45331,1.00,1.00
2017.07.28 13:18:41.217,1.45326,1.45333,1.00,1.12
2017.07.28 13:18:41.322,1.45327,1.45336,1.50,1.00
2017.07.28 13:18:41.424,1.45328,1.4534,1.00,1.75
2017.07.28 13:18:41.730,1.4533,1.45339,1.00,1.50
2017.07.28 13:18:41.782,1.45326,1.45339,1.12,1.50
2017.07.28 13:18:41.833,1.45323,1.45335,1.37,1.00
2017.07.28 13:18:42.412,1.45323,1.45334,1.00,1.00
2017.07.28 13:18:42.931,1.45325,1.45334,1.00,1.00
2017.07.28 13:18:43.136,1.45325,1.45336,1.00,1.12
2017.07.28 13:18:43.189,1.45327,1.45337,1.00,1.50
2017.07.28 13:18:43.732,1.45328,1.45338,1.00,1.37
2017.07.28 13:18:43.914,1.45328,1.45339,1.00,1.50
2017.07.28 13:18:44.114,1.45328,1.45336,1.00,1.00
2017.07.28 13:18:44.217,1.45328,1.45339,1.00,2.25
2017.07.28 13:18:44.363,1.45326,1.45339,1.00,1.00
2017.07.28 13:18:44.518,1.45326,1.45336,1.00,1.12
2017.07.28 13:18:44.621,1.45324,1.45337,1.00,1.87
2017.07.28 13:18:44.976,1.45323,1.45334,1.00,1.50
2017.07.28 13:18:45.590,1.45322,1.45336,1.00,1.12
2017.07.28 13:18:45.899,1.45325,1.45337,1.00,1.87
2017.07.28 13:18:46.606,1.45324,1.45336,1.25,1.37
2017.07.28 13:18:46.657,1.45324,1.45337,1.00,1.00
2017.07.28 13:18:46.811,1.45326,1.45338,1.00,1.50
2017.07.28 13:18:47.327,1.45326,1.45339,1.00,1.00
2017.07.28 13:18:47.635,1.4533,1.45342,1.00,1.50
2017.07.28 13:18:48.095,1.4533,1.45343,1.00,3.37
2017.07.28 13:18:48.249,1.45328,1.45341,1.50,1.00
2017.07.28 13:18:48.788,1.45328,1.45342,1.00,1.12
2017.07.28 13:18:49.299,1.45328,1.45341,1.00,1.00
2017.07.28 13:18:49.655,1.45325,1.4534,1.00,1.00
2017.07.28 13:18:49.808,1.45329,1.4534,1.00,1.37
2017.07.28 13:18:49.860,1.45327,1.4534,1.25,1.37
2017.07.28 13:18:50.321,1.45336,1.45343,1.00,1.37
2017.07.28 13:18:50.424,1.4534,1.45347,1.00,1.00
2017.07.28 13:18:50.526,1.45336,1.4535,1.00,1.12
2017.07.28 13:18:50.680,1.45336,1.45346,1.00,1.00
2017.07.28 13:18:50.920,1.45337,1.4535,1.00,1.87
2017.07.28 13:18:51.448,1.45337,1.45351,1.00,1.87
2017.07.28 13:18:52.127,1.45337,1.4535,1.00,1.37
2017.07.28 13:18:52.389,1.45335,1.45349,1.12,1.12
2017.07.28 13:18:53.461,1.45336,1.45345,1.00,1.00
2017.07.28 13:18:53.614,1.45334,1.45344,1.00,1.00
2017.07.28 13:18:53.919,1.45336,1.45345,1.00,1.00
2017.07.28 13:18:53.970,1.45337,1.45349,1.00,1.00
2017.07.28 13:18:54.497,1.45336,1.45349,1.00,1.00
2017.07.28 13:18:54.913,1.45338,1.45349,1.00,1.00
2017.07.28 13:18:55.118,1.45336,1.45349,1.50,1.00
2017.07.28 13:18:55.527,1.45334,1.4535,2.62,1.00
2017.07.28 13:18:55.579,1.45338,1.45352,1.19,2.62
2017.07.28 13:18:55.937,1.45337,1.45349,1.69,1.00
2017.07.28 13:18:56.142,1.45336,1.45349,1.50,1.00
2017.07.28 13:18:56.684,1.45336,1.45347,1.12,1.00
2017.07.28 13:18:57.195,1.45335,1.45347,1.12,1.12
2017.07.28 13:18:57.501,1.45335,1.45345,1.12,1.00
2017.07.28 13:18:57.651,1.45335,1.45347,1.12,2.25
2017.07.28 13:18:57.805,1.45335,1.45345,1.12,1.00
2017.07.28 13:18:58.266,1.45331,1.45346,1.00,1.50
2017.07.28 13:18:58.319,1.45331,1.45344,1.50,1.00
2017.07.28 13:18:58.793,1.45333,1.45347,1.00,1.87
2017.07.28 13:18:59.099,1.45332,1.45344,1.69,1.00
2017.07.28 13:18:59.305,1.45331,1.45346,3.56,1.12
2017.07.28 13:18:59.357,1.45335,1.45346,1.00,1.12
2017.07.28 13:18:59.715,1.45334,1.45342,1.00,1.00
2017.07.28 13:18:59.768,1.45332,1.45341,1.69,1.00
2017.07.28 13:18:59.925,1.45329,1.45337,1.37,1.00
2017.07.28 13:18:59.977,1.45328,1.45337,1.50,1.00
2017.07.28 13:19:00.488,1.45329,1.45336,1.37,1.00
2017.07.28 13:19:00.591,1.45327,1.45338,1.87,1.00
2017.07.28 13:19:01.095,1.45328,1.45337,1.50,1.00
2017.07.28 13:19:01.955,1.4533,1.45339,1.50,1.00
2017.07.28 13:19:02.062,1.45329,1.45337,1.75,1.00
2017.07.28 13:19:02.715,1.45329,1.45337,1.00,1.00
2017.07.28 13:19:03.226,1.45327,1.45336,1.56,1.00
2017.07.28 13:19:03.379,1.45327,1.45336,2.62,1.00
2017.07.28 13:19:03.886,1.45328,1.45337,1.94,1.00
2017.07.28 13:19:04.040,1.45331,1.4534,1.12,1.00
2017.07.28 13:19:04.196,1.4533,1.45338,1.62,1.00
2017.07.28 13:19:04.707,1.4533,1.45339,1.37,1.00
2017.07.28 13:19:05.307,1.4533,1.45338,1.37,1.00
2017.07.28 13:19:05.616,1.45329,1.4534,2.06,1.00
2017.07.28 13:19:05.772,1.45329,1.45338,1.69,1.00
2017.07.28 13:19:06.124,1.45328,1.45342,2.81,1.00
2017.07.28 13:19:06.278,1.45327,1.4534,2.44,1.00
2017.07.28 13:19:06.330,1.45327,1.45342,1.94,2.62
2017.07.28 13:19:06.843,1.45328,1.45341,2.44,1.00
2017.07.28 13:19:07.396,1.45328,1.45342,2.44,3.00
2017.07.28 13:19:07.550,1.45327,1.45342,1.00,1.62
2017.07.28 13:19:07.601,1.45331,1.45341,1.00,1.31
2017.07.28 13:19:08.188,1.4533,1.45342,1.12,1.56
2017.07.28 13:19:09.515,1.45329,1.45341,1.69,1.12
2017.07.28 13:19:10.054,1.45331,1.45341,1.00,1.12
2017.07.28 13:19:10.207,1.45329,1.45341,1.50,1.12
2017.07.28 13:19:10.727,1.45327,1.4534,2.25,1.00
2017.07.28 13:19:11.821,1.45326,1.4534,2.44,1.00
2017.07.28 13:19:12.331,1.45327,1.45341,2.81,1.87
2017.07.28 13:19:12.433,1.45327,1.4534,2.62,1.00
2017.07.28 13:19:12.943,1.45326,1.45339,1.56,1.00
2017.07.28 13:19:13.542,1.45326,1.4534,1.69,2.25
2017.07.28 13:19:14.098,1.45326,1.45341,1.69,1.50
2017.07.28 13:19:14.353,1.45329,1.4534,1.00,1.00
2017.07.28 13:19:14.863,1.4533,1.4534,1.00,1.50
2017.07.28 13:19:14.965,1.45327,1.45339,1.00,1.50
2017.07.28 13:19:15.017,1.45329,1.45339,1.00,1.12
2017.07.28 13:19:15.326,1.4533,1.45341,1.00,1.50
2017.07.28 13:19:15.480,1.45332,1.45342,1.00,2.81
2017.07.28 13:19:15.887,1.4533,1.45337,1.00,1.00
2017.07.28 13:19:15.939,1.4533,1.4534,1.00,1.12
2017.07.28 13:19:16.245,1.45329,1.45338,1.00,1.00
2017.07.28 13:19:16.397,1.45329,1.4534,1.00,1.12
2017.07.28 13:19:16.449,1.45331,1.4534,1.00,1.12
2017.07.28 13:19:16.961,1.4533,1.4534,1.00,1.00
2017.07.28 13:19:17.471,1.45329,1.4534,1.00,1.69
2017.07.28 13:19:17.790,1.45333,1.45343,1.00,1.31
2017.07.28 13:19:17.892,1.4533,1.4534,1.00,1.00
2017.07.28 13:19:18.097,1.45332,1.45342,1.00,1.31
2017.07.28 13:19:18.252,1.4533,1.45343,1.00,1.31
2017.07.28 13:19:18.356,1.4533,1.45342,1.00,2.06
2017.07.28 13:19:18.707,1.45333,1.45344,1.00,1.37
2017.07.28 13:19:18.862,1.45329,1.4534,1.69,1.00
2017.07.28 13:19:18.965,1.45328,1.45342,1.19,2.44
2017.07.28 13:19:19.469,1.45328,1.45342,1.25,1.50
2017.07.28 13:19:19.573,1.4533,1.45344,1.00,3.19
2017.07.28 13:19:20.085,1.45332,1.45342,1.00,2.25
2017.07.28 13:19:21.152,1.45333,1.45342,1.00,1.12
2017.07.28 13:19:21.460,1.45331,1.4534,1.00,1.00
2017.07.28 13:19:21.614,1.45332,1.45342,1.00,1.12
2017.07.28 13:19:22.127,1.45331,1.45342,1.00,1.50
2017.07.28 13:19:22.586,1.45331,1.45339,1.00,1.00
2017.07.28 13:19:22.637,1.45332,1.45342,1.00,1.37
2017.07.28 13:19:23.148,1.45331,1.45342,1.00,1.50
2017.07.28 13:19:23.250,1.45333,1.45342,1.00,2.25
2017.07.28 13:19:23.461,1.45331,1.45342,1.00,1.50
2017.07.28 13:19:23.668,1.45333,1.45342,1.00,1.50
2017.07.28 13:19:24.130,1.45331,1.45342,1.00,1.37
2017.07.28 13:19:24.639,1.4533,1.45342,1.00,1.50
2017.07.28 13:19:24.741,1.45332,1.45342,1.00,1.37
2017.07.28 13:19:25.250,1.45331,1.45342,1.00,2.06
2017.07.28 13:19:26.846,1.45332,1.45342,1.00,1.37
2017.07.28 13:19:27.153,1.45336,1.45343,1.00,2.06
2017.07.28 13:19:27.338,1.45341,1.45351,1.00,1.00
2017.07.28 13:19:27.953,1.45341,1.45353,1.00,1.37
2017.07.28 13:19:28.257,1.4534,1.45349,1.00,1.00
2017.07.28 13:19:28.565,1.45342,1.4535,1.00,1.00
2017.07.28 13:19:28.771,1.45339,1.45349,1.00,1.00
2017.07.28 13:19:28.874,1.45342,1.45351,1.00,1.37
2017.07.28 13:19:29.080,1.45338,1.45347,1.00,1.00
2017.07.28 13:19:29.624,1.45339,1.45348,1.00,1.37
2017.07.28 13:19:29.778,1.45341,1.45349,1.50,1.00
2017.07.28 13:19:29.985,1.45348,1.45357,1.00,1.12
2017.07.28 13:19:30.241,1.45347,1.45355,1.00,1.00
2017.07.28 13:19:30.387,1.45345,1.45355,1.00,1.00
2017.07.28 13:19:30.439,1.45346,1.45358,1.00,1.50
2017.07.28 13:19:30.746,1.45348,1.45359,1.00,1.37
2017.07.28 13:19:31.207,1.45346,1.45357,1.00,1.00
2017.07.28 13:19:31.404,1.45348,1.4536,1.00,1.87
2017.07.28 13:19:31.916,1.45349,1.4536,1.00,2.25
2017.07.28 13:19:32.121,1.45346,1.4536,1.00,3.00
2017.07.28 13:19:32.173,1.45346,1.45356,1.00,1.00
2017.07.28 13:19:32.496,1.45348,1.45357,1.00,1.00
2017.07.28 13:19:32.599,1.45346,1.45357,1.00,1.00
2017.07.28 13:19:33.106,1.45345,1.45357,1.00,1.00
2017.07.28 13:19:33.310,1.45348,1.45359,1.00,1.12
2017.07.28 13:19:33.863,1.45348,1.45361,1.00,1.87
2017.07.28 13:19:34.375,1.45348,1.45359,1.00,1.00
2017.07.28 13:19:34.682,1.45348,1.45357,1.00,1.00
2017.07.28 13:19:35.240,1.45346,1.45358,1.00,2.62
2017.07.28 13:19:35.764,1.45347,1.45357,1.00,1.12
2017.07.28 13:19:35.818,1.45349,1.45357,1.00,1.12
2017.07.28 13:19:36.073,1.45347,1.45358,1.00,1.00
2017.07.28 13:19:36.573,1.45345,1.45357,1.12,1.50
2017.07.28 13:19:36.626,1.45346,1.45352,1.00,1.00
2017.07.28 13:19:37.089,1.45344,1.45352,1.00,1.12
2017.07.28 13:19:37.603,1.45345,1.45353,1.00,1.37
2017.07.28 13:19:38.573,1.45344,1.45352,1.00,1.87
2017.07.28 13:19:39.022,1.45344,1.45354,1.19,1.50
2017.07.28 13:19:39.177,1.45345,1.4536,1.19,1.12
2017.07.28 13:19:39.486,1.45347,1.45358,1.25,1.00
2017.07.28 13:19:40.000,1.45347,1.45359,1.25,1.00
2017.07.28 13:19:40.309,1.4534,1.45352,1.94,1.00
2017.07.28 13:19:40.412,1.45344,1.45354,1.25,1.12
2017.07.28 13:19:40.464,1.45346,1.45356,1.00,1.75
2017.07.28 13:19:40.950,1.45347,1.45358,1.00,2.06
2017.07.28 13:19:41.002,1.45346,1.45358,1.00,1.69
2017.07.28 13:19:41.054,1.45344,1.45357,1.25,1.00
2017.07.28 13:19:41.158,1.45345,1.45355,1.00,1.00
2017.07.28 13:19:41.568,1.45346,1.45357,1.19,1.00
2017.07.28 13:19:41.809,1.45344,1.45355,1.00,1.00
2017.07.28 13:19:42.273,1.4534,1.45353,1.19,1.00
2017.07.28 13:19:42.478,1.4534,1.45354,1.50,1.12
2017.07.28 13:19:42.581,1.45339,1.45352,1.31,1.00
2017.07.28 13:19:43.127,1.4534,1.45352,1.00,1.00
2017.07.28 13:19:43.434,1.45338,1.45353,1.00,1.50
2017.07.28 13:19:43.795,1.45337,1.45349,1.12,1.12
2017.07.28 13:19:44.131,1.4534,1.4535,1.00,1.12
2017.07.28 13:19:44.183,1.45338,1.45353,1.87,1.37
2017.07.28 13:19:44.695,1.45338,1.45351,1.00,1.12
2017.07.28 13:19:44.798,1.45335,1.45345,1.37,1.00
2017.07.28 13:19:44.850,1.45334,1.45345,1.00,1.00
2017.07.28 13:19:44.902,1.45332,1.45345,1.31,1.12
2017.07.28 13:19:45.004,1.45334,1.45345,1.00,1.12
2017.07.28 13:19:45.161,1.45332,1.45345,2.44,1.12
2017.07.28 13:19:45.214,1.45334,1.45348,1.25,1.75
2017.07.28 13:19:45.317,1.4534,1.45352,1.00,1.50
2017.07.28 13:19:45.421,1.4534,1.45355,1.00,3.75
2017.07.28 13:19:45.627,1.45339,1.45352,1.12,1.00
2017.07.28 13:19:45.831,1.4534,1.45354,1.00,2.25
2017.07.28 13:19:46.240,1.45346,1.45353,1.00,1.00
2017.07.28 13:19:46.334,1.45346,1.45355,1.00,1.12
2017.07.28 13:19:46.385,1.45349,1.45362,1.00,1.37
2017.07.28 13:19:46.437,1.45351,1.45363,1.00,1.00
2017.07.28 13:19:46.744,1.45353,1.45364,1.50,1.00
2017.07.28 13:19:47.254,1.45352,1.45365,1.50,1.00
2017.07.28 13:19:47.912,1.45351,1.45363,1.25,1.50
2017.07.28 13:19:48.422,1.45351,1.45364,1.00,1.50
2017.07.28 13:19:48.936,1.45353,1.45364,1.00,1.00
2017.07.28 13:19:49.039,1.45351,1.45364,1.50,1.50
2017.07.28 13:19:49.244,1.45346,1.45361,3.34,1.50
2017.07.28 13:19:49.347,1.45344,1.45357,1.50,1.00
2017.07.28 13:19:49.398,1.45343,1.45355,1.69,1.00
2017.07.28 13:19:49.502,1.45341,1.45354,1.25,1.50
2017.07.28 13:19:50.004,1.45341,1.45355,1.00,3.00
2017.07.28 13:19:50.209,1.45339,1.45353,1.50,1.12
2017.07.28 13:19:50.364,1.45343,1.45354,1.00,1.00
2017.07.28 13:19:50.415,1.45341,1.45355,1.50,1.87
2017.07.28 13:19:51.075,1.4534,1.45349,1.00,1.00
2017.07.28 13:19:51.597,1.4534,1.4535,1.00,1.00
2017.07.28 13:19:52.152,1.45341,1.4535,1.50,1.00
2017.07.28 13:19:53.907,1.4534,1.4535,1.12,1.00
2017.07.28 13:19:54.420,1.45338,1.45347,1.00,1.00
2017.07.28 13:19:54.523,1.4533,1.4534,1.12,1.00
2017.07.28 13:19:54.575,1.45329,1.45337,2.62,1.00
2017.07.28 13:19:54.678,1.45326,1.45336,1.25,1.00
2017.07.28 13:19:54.970,1.45329,1.45336,1.00,1.00
2017.07.28 13:19:55.023,1.45329,1.45338,1.00,1.00
2017.07.28 13:19:55.536,1.45328,1.45337,1.00,1.00
2017.07.28 13:19:55.781,1.45324,1.45334,3.94,1.00
2017.07.28 13:19:56.087,1.45325,1.45336,1.69,1.00
2017.07.28 13:19:56.445,1.45326,1.45334,1.25,1.00
2017.07.28 13:19:56.968,1.45324,1.45331,1.00,1.00
2017.07.28 13:19:57.022,1.45324,1.45333,1.00,1.00
2017.07.28 13:19:57.278,1.45322,1.45332,1.69,1.00
2017.07.28 13:19:57.382,1.45322,1.45332,1.69,1.00
2017.07.28 13:19:57.486,1.45322,1.45332,1.25,1.00
2017.07.28 13:19:57.742,1.45325,1.45333,1.00,1.00
2017.07.28 13:19:57.794,1.45323,1.45332,1.00,1.00
2017.07.28 13:19:58.102,1.45328,1.45336,1.00,1.00
2017.07.28 13:19:58.154,1.45323,1.45335,1.56,1.00
2017.07.28 13:19:58.664,1.45322,1.45334,2.44,1.00
2017.07.28 13:19:59.192,1.4532,1.45332,2.06,1.00
2017.07.28 13:19:59.549,1.45322,1.45334,1.88,1.00
2017.07.28 13:19:59.703,1.45327,1.45338,1.19,2.25
2017.07.28 13:20:00.020,1.45331,1.45343,1.58,1.00
2017.07.28 13:20:00.383,1.45334,1.45345,1.00,1.00
2017.07.28 13:20:00.902,1.45332,1.45345,1.44,1.00
2017.07.28 13:20:01.005,1.45334,1.45346,1.44,1.50
2017.07.28 13:20:01.159,1.45334,1.45349,1.56,1.00
2017.07.28 13:20:01.211,1.45333,1.45347,2.06,1.00
2017.07.28 13:20:01.519,1.45335,1.45349,1.31,1.12
2017.07.28 13:20:01.624,1.45336,1.45347,1.25,1.00
2017.07.28 13:20:01.999,1.45337,1.45349,1.00,1.87
2017.07.28 13:20:02.517,1.45335,1.45349,1.69,1.87
2017.07.28 13:20:03.431,1.45337,1.4535,1.00,3.00
2017.07.28 13:20:03.590,1.45337,1.45351,1.19,3.75
2017.07.28 13:20:03.642,1.45337,1.45352,1.19,1.12
2017.07.28 13:20:05.933,1.4534,1.45352,1.00,1.12
2017.07.28 13:20:06.759,1.4534,1.45353,1.00,1.12
2017.07.28 13:20:06.912,1.45342,1.45353,1.00,1.00
2017.07.28 13:20:07.433,1.45342,1.45354,1.00,2.25
2017.07.28 13:20:07.484,1.45339,1.45353,1.00,1.37
2017.07.28 13:20:07.536,1.45337,1.45352,1.00,1.00
2017.07.28 13:20:07.639,1.45337,1.4535,1.00,1.50
2017.07.28 13:20:07.743,1.45335,1.4535,2.25,1.50
2017.07.28 13:20:07.992,1.45335,1.4535,2.25,2.25
2017.07.28 13:20:08.150,1.45337,1.45351,1.00,3.19
2017.07.28 13:20:08.661,1.45336,1.4535,1.00,1.00
2017.07.28 13:20:08.814,1.45338,1.4535,1.00,2.25
2017.07.28 13:20:09.077,1.45336,1.4535,1.00,1.00
2017.07.28 13:20:09.792,1.45337,1.45351,1.00,2.62
2017.07.28 13:20:10.140,1.45335,1.45347,1.19,1.12
2017.07.28 13:20:10.346,1.45329,1.45342,1.00,1.12
2017.07.28 13:20:10.866,1.4533,1.45342,1.00,1.12
2017.07.28 13:20:11.769,1.45331,1.45342,1.00,1.12
2017.07.28 13:20:11.871,1.45329,1.4534,1.00,1.00
2017.07.28 13:20:11.923,1.45329,1.45342,1.00,1.12
2017.07.28 13:20:12.233,1.45331,1.45343,1.00,2.06
2017.07.28 13:20:13.266,1.4533,1.45343,1.00,2.62
2017.07.28 13:20:13.319,1.45328,1.45342,1.00,1.12
2017.07.28 13:20:13.493,1.4533,1.45342,1.00,1.12
2017.07.28 13:20:14.171,1.45328,1.45341,1.87,1.00
2017.07.28 13:20:14.731,1.45329,1.45341,1.00,1.00
2017.07.28 13:20:15.272,1.45327,1.45342,2.44,1.31
2017.07.28 13:20:15.884,1.45327,1.45341,2.44,1.00
2017.07.28 13:20:16.140,1.45331,1.45343,1.69,1.69
2017.07.28 13:20:16.401,1.45338,1.4535,1.00,1.19
2017.07.28 13:20:16.966,1.45336,1.45351,1.37,1.31
2017.07.28 13:20:17.223,1.45342,1.45352,1.00,1.00
2017.07.28 13:20:17.467,1.45342,1.45355,1.50,1.25
2017.07.28 13:20:17.824,1.45345,1.45357,1.00,1.31
2017.07.28 13:20:18.029,1.45343,1.45357,2.25,1.31
2017.07.28 13:20:18.844,1.45344,1.45357,1.00,1.19
2017.07.28 13:20:18.997,1.45343,1.45358,1.31,1.12
2017.07.28 13:20:19.049,1.45344,1.45359,2.62,1.50
2017.07.28 13:20:19.152,1.45346,1.45361,1.31,2.44
2017.07.28 13:20:19.203,1.45348,1.45359,1.00,1.00
2017.07.28 13:20:19.510,1.45346,1.45359,1.31,1.00
2017.07.28 13:20:20.053,1.45347,1.4536,1.00,1.25
2017.07.28 13:20:20.566,1.45348,1.45361,1.00,1.31
2017.07.28 13:20:21.204,1.45347,1.45361,3.00,1.31
2017.07.28 13:20:21.256,1.45349,1.45361,1.00,1.19
2017.07.28 13:20:21.358,1.45347,1.45361,1.69,1.19
2017.07.28 13:20:21.819,1.45349,1.45362,1.00,1.00
2017.07.28 13:20:22.125,1.45351,1.45366,1.00,2.06
2017.07.28 13:20:22.671,1.4535,1.45364,1.25,1.19
2017.07.28 13:20:22.979,1.4535,1.45361,1.25,1.00
2017.07.28 13:20:23.031,1.4535,1.45363,1.25,1.00
2017.07.28 13:20:24.055,1.45351,1.45365,1.19,1.19
2017.07.28 13:20:24.362,1.4535,1.45362,1.50,1.00
2017.07.28 13:20:24.848,1.4535,1.45361,1.50,1.56
2017.07.28 13:20:24.951,1.45341,1.45355,1.50,1.19
2017.07.28 13:20:25.054,1.45343,1.45355,1.00,1.19
2017.07.28 13:20:25.157,1.45341,1.45354,1.50,1.25
2017.07.28 13:20:25.515,1.45338,1.45352,1.31,1.00
2017.07.28 13:20:25.924,1.45337,1.45351,1.50,1.31
2017.07.28 13:20:25.976,1.45337,1.45349,1.12,1.50
2017.07.28 13:20:26.294,1.45336,1.45349,1.12,1.19
2017.07.28 13:20:26.805,1.45335,1.45348,1.00,1.19
2017.07.28 13:20:27.110,1.45337,1.45349,1.00,1.69
2017.07.28 13:20:27.162,1.45335,1.45349,1.50,1.19
2017.07.28 13:20:27.537,1.45337,1.45348,1.00,1.19
2017.07.28 13:20:27.691,1.45335,1.45349,1.50,1.31
2017.07.28 13:20:28.048,1.45339,1.45349,1.00,1.69
2017.07.28 13:20:28.100,1.45334,1.45349,1.87,1.69
2017.07.28 13:20:28.304,1.45338,1.4535,1.00,1.50
2017.07.28 13:20:28.611,1.45339,1.45353,1.00,1.69
2017.07.28 13:20:28.764,1.45338,1.45353,1.88,1.69
2017.07.28 13:20:28.816,1.45338,1.45353,1.62,2.44
2017.07.28 13:20:29.226,1.45337,1.45351,1.31,1.00
2017.07.28 13:20:29.278,1.45336,1.45349,3.15,1.00
2017.07.28 13:20:29.686,1.45335,1.45349,1.87,1.25
2017.07.28 13:20:30.241,1.45336,1.45349,1.00,1.25
2017.07.28 13:20:30.497,1.45334,1.45347,1.37,1.00
2017.07.28 13:20:30.548,1.45333,1.45347,1.25,1.19
2017.07.28 13:20:31.008,1.45334,1.45348,1.44,1.12
2017.07.28 13:20:31.536,1.45336,1.45351,1.25,2.06
2017.07.28 13:20:31.895,1.45333,1.45348,1.69,1.25
2017.07.28 13:20:32.408,1.45334,1.45347,1.25,1.00
2017.07.28 13:20:32.775,1.4534,1.45352,1.25,1.62
2017.07.28 13:20:32.827,1.4534,1.45354,1.25,1.50
2017.07.28 13:20:33.390,1.45338,1.45353,2.06,1.00
2017.07.28 13:20:33.884,1.45338,1.45351,1.69,1.00
2017.07.28 13:20:33.986,1.45339,1.45353,1.69,1.00
2017.07.28 13:20:34.242,1.45342,1.45354,1.00,1.00
2017.07.28 13:20:34.548,1.4534,1.45354,1.00,1.12
2017.07.28 13:20:34.744,1.45343,1.45353,1.00,1.00
2017.07.28 13:20:34.847,1.45342,1.45355,1.00,1.25
2017.07.28 13:20:34.898,1.45347,1.45356,1.00,2.06
2017.07.28 13:20:35.255,1.45347,1.45354,1.00,1.12
2017.07.28 13:20:35.656,1.45344,1.45351,1.00,1.12
2017.07.28 13:20:35.860,1.45345,1.45355,1.00,1.69
2017.07.28 13:20:37.333,1.45346,1.45352,1.00,1.00
2017.07.28 13:20:37.690,1.45344,1.45355,1.00,1.69
2017.07.28 13:20:37.741,1.45344,1.45355,1.00,2.44
2017.07.28 13:20:37.844,1.45344,1.45353,1.00,1.69
2017.07.28 13:20:38.186,1.45342,1.45353,1.00,1.94
2017.07.28 13:20:38.701,1.45343,1.45353,1.00,1.69
2017.07.28 13:20:38.753,1.45348,1.45355,1.00,1.56
2017.07.28 13:20:38.856,1.4535,1.45359,1.00,2.00
2017.07.28 13:20:39.287,1.45351,1.45359,1.00,1.25
2017.07.28 13:20:39.392,1.45349,1.4536,1.00,2.06
2017.07.28 13:20:39.446,1.4535,1.45357,1.00,1.00
2017.07.28 13:20:39.498,1.45348,1.45357,1.00,1.12
2017.07.28 13:20:39.952,1.4535,1.45358,1.00,1.37
2017.07.28 13:20:40.003,1.45346,1.45356,1.00,1.50
2017.07.28 13:20:40.514,1.45347,1.45355,1.00,1.12
2017.07.28 13:20:41.026,1.45346,1.45355,1.00,1.50
2017.07.28 13:20:41.500,1.45343,1.45355,1.00,1.50
2017.07.28 13:20:42.048,1.45341,1.45354,1.19,1.00
2017.07.28 13:20:42.590,1.45341,1.45355,1.19,1.50
2017.07.28 13:20:43.519,1.45342,1.45354,1.25,1.00
2017.07.28 13:20:44.036,1.45343,1.45354,1.00,1.00
2017.07.28 13:20:44.580,1.45343,1.45355,1.00,1.50
2017.07.28 13:20:45.089,1.45343,1.45354,1.00,1.00
2017.07.28 13:20:45.481,1.45344,1.45358,1.00,3.75
2017.07.28 13:20:45.737,1.45341,1.45357,1.25,1.50
2017.07.28 13:20:45.790,1.45341,1.45355,1.25,1.00
2017.07.28 13:20:46.096,1.45343,1.45355,1.00,1.87
2017.07.28 13:20:46.649,1.45342,1.45355,1.00,2.62
2017.07.28 13:20:47.163,1.45343,1.45355,1.00,1.12
2017.07.28 13:20:47.470,1.45347,1.4536,1.00,1.12
2017.07.28 13:20:47.982,1.45346,1.45359,1.00,1.12
2017.07.28 13:20:48.240,1.45344,1.45358,1.00,1.50
2017.07.28 13:20:48.498,1.45344,1.45356,1.00,1.00
2017.07.28 13:20:48.550,1.45342,1.45356,1.00,1.00
2017.07.28 13:20:49.167,1.45341,1.45352,1.00,1.00
2017.07.28 13:20:49.270,1.45336,1.4535,1.62,1.87
2017.07.28 13:20:49.322,1.45336,1.4535,1.25,2.25
2017.07.28 13:20:49.477,1.45338,1.4535,1.00,1.12
2017.07.28 13:20:49.882,1.4534,1.45353,1.00,1.50
2017.07.28 13:20:49.934,1.45342,1.45353,1.00,1.00
2017.07.28 13:20:50.036,1.45342,1.45355,1.37,1.12
2017.07.28 13:20:50.140,1.45346,1.45356,1.00,1.50
2017.07.28 13:20:50.244,1.45342,1.45353,1.00,1.00
2017.07.28 13:20:50.346,1.4534,1.45351,1.19,1.00
2017.07.28 13:20:50.550,1.45341,1.45353,1.00,2.25
2017.07.28 13:20:50.809,1.4534,1.4535,1.00,1.00
2017.07.28 13:20:50.861,1.45338,1.45349,1.31,1.00
2017.07.28 13:20:51.373,1.45338,1.4535,1.31,1.50
2017.07.28 13:20:51.528,1.45339,1.45353,1.25,2.62
2017.07.28 13:20:51.580,1.45342,1.45352,1.00,1.00
2017.07.28 13:20:51.682,1.4534,1.45352,1.00,1.00
2017.07.28 13:20:52.025,1.45342,1.45353,1.00,1.87
2017.07.28 13:20:52.229,1.4534,1.45353,1.00,1.87
2017.07.28 13:20:52.708,1.45342,1.45352,1.00,1.00
2017.07.28 13:20:53.252,1.45341,1.45352,1.00,1.00
2017.07.28 13:20:53.457,1.45339,1.45353,1.25,1.87
2017.07.28 13:20:53.509,1.45342,1.45352,1.00,1.00
2017.07.28 13:20:53.662,1.4534,1.45353,1.50,1.50
2017.07.28 13:20:54.072,1.45342,1.45353,1.00,1.50
2017.07.28 13:20:54.225,1.4534,1.45353,1.00,1.50
2017.07.28 13:20:54.695,1.45345,1.45353,1.00,1.50
2017.07.28 13:20:54.951,1.45351,1.4536,1.00,1.50
2017.07.28 13:20:55.514,1.45352,1.4536,1.00,1.12
2017.07.28 13:20:55.854,1.45349,1.45359,1.00,1.00
2017.07.28 13:20:55.906,1.45351,1.45361,1.00,3.00
2017.07.28 13:20:56.111,1.45346,1.45359,1.00,1.00
2017.07.28 13:20:56.315,1.45348,1.45359,1.00,1.87
2017.07.28 13:20:56.468,1.45346,1.45359,1.50,1.87
2017.07.28 13:20:56.520,1.45348,1.4536,1.00,2.25
2017.07.28 13:20:57.066,1.45345,1.45358,1.31,1.00
2017.07.28 13:20:57.475,1.45343,1.45353,1.00,1.00
2017.07.28 13:20:57.680,1.45341,1.45355,1.69,1.12
2017.07.28 13:20:57.732,1.45345,1.45356,1.00,1.12
2017.07.28 13:20:57.969,1.45343,1.45356,1.25,1.12
2017.07.28 13:20:58.021,1.45343,1.45354,1.25,1.00
2017.07.28 13:20:58.329,1.45343,1.45356,1.25,1.12
2017.07.28 13:20:58.855,1.45344,1.45355,1.00,1.00
2017.07.28 13:20:59.357,1.45342,1.45355,2.81,1.00
2017.07.28 13:20:59.766,1.45345,1.45355,1.00,1.00
2017.07.28 13:20:59.971,1.45343,1.45355,1.25,1.00
2017.07.28 13:21:00.125,1.45344,1.45358,1.19,1.12
2017.07.28 13:21:00.624,1.45343,1.45356,1.19,1.00
2017.07.28 13:21:01.135,1.45342,1.45356,3.56,1.00
2017.07.28 13:21:01.647,1.45351,1.45361,1.00,1.75
2017.07.28 13:21:01.698,1.45349,1.45361,1.00,1.12
2017.07.28 13:21:01.749,1.45349,1.45362,1.00,1.37
2017.07.28 13:21:02.825,1.45349,1.45359,1.00,1.00
2017.07.28 13:21:03.445,1.4535,1.45357,1.00,1.00
2017.07.28 13:21:03.956,1.45351,1.45358,1.00,1.00
2017.07.28 13:21:04.465,1.4535,1.45357,1.00,1.00
2017.07.28 13:21:04.568,1.4535,1.45359,1.00,1.00
2017.07.28 13:21:04.767,1.4535,1.45357,1.00,1.00
2017.07.28 13:21:05.027,1.4535,1.45359,1.00,1.00
2017.07.28 13:21:05.282,1.45352,1.45357,1.00,1.00
2017.07.28 13:21:05.795,1.45351,1.45358,1.00,1.00
2017.07.28 13:21:05.846,1.45349,1.45357,1.00,1.00
2017.07.28 13:21:06.368,1.45349,1.45358,1.00,1.00
2017.07.28 13:21:06.889,1.45349,1.45357,1.00,1.00
2017.07.28 13:21:07.093,1.45347,1.45357,1.00,1.00
2017.07.28 13:21:07.195,1.45344,1.45357,1.87,1.00
2017.07.28 13:21:07.348,1.45343,1.45355,2.06,1.00
2017.07.28 13:21:07.654,1.45347,1.45355,1.00,1.00
2017.07.28 13:21:07.911,1.45346,1.45357,1.50,1.00
2017.07.28 13:21:08.065,1.45346,1.45355,1.00,1.00
2017.07.28 13:21:08.269,1.45345,1.45357,1.69,1.00
2017.07.28 13:21:08.524,1.45345,1.45355,1.69,1.00
2017.07.28 13:21:08.841,1.45347,1.45356,1.00,1.00
2017.07.28 13:21:08.993,1.45345,1.45357,1.69,1.00
2017.07.28 13:21:09.095,1.45346,1.45355,1.00,1.00
2017.07.28 13:21:09.506,1.45348,1.45355,1.00,1.00
2017.07.28 13:21:09.558,1.45345,1.45356,1.50,1.00
2017.07.28 13:21:10.089,1.45346,1.45355,1.00,1.00
2017.07.28 13:21:10.191,1.45342,1.45354,1.12,1.00
2017.07.28 13:21:10.395,1.4534,1.45352,1.69,1.00
2017.07.28 13:21:10.803,1.45343,1.45352,1.00,1.00
2017.07.28 13:21:11.306,1.45342,1.45353,1.00,1.00
2017.07.28 13:21:11.728,1.45345,1.45353,1.00,1.00
2017.07.28 13:21:12.034,1.45343,1.45353,1.12,1.00
2017.07.28 13:21:12.578,1.45343,1.45354,1.00,1.50
2017.07.28 13:21:13.149,1.45342,1.45354,1.12,1.50
2017.07.28 13:21:13.431,1.45344,1.45354,1.00,1.50
2017.07.28 13:21:13.942,1.45343,1.45355,1.00,2.25
2017.07.28 13:21:14.474,1.45343,1.45354,1.00,1.50
2017.07.28 13:21:14.729,1.45341,1.45354,1.87,1.00
2017.07.28 13:21:14.883,1.4534,1.45352,2.25,1.00
2017.07.28 13:21:15.394,1.45342,1.45351,1.00,1.00
2017.07.28 13:21:15.634,1.45343,1.45355,1.31,1.00
2017.07.28 13:21:15.686,1.45343,1.45352,1.31,1.00
2017.07.28 13:21:15.788,1.45343,1.45354,1.69,1.00
2017.07.28 13:21:15.941,1.45345,1.45354,1.00,1.00
2017.07.28 13:21:16.146,1.45343,1.45354,1.69,1.00
2017.07.28 13:21:16.504,1.45345,1.45355,1.00,1.00
2017.07.28 13:21:16.709,1.45343,1.45354,1.69,1.00
2017.07.28 13:21:17.206,1.45341,1.45353,2.81,1.00
2017.07.28 13:21:17.309,1.45341,1.45356,1.25,1.12
2017.07.28 13:21:17.362,1.45341,1.4535,1.31,1.00
2017.07.28 13:21:17.759,1.45344,1.45351,1.00,1.00
2017.07.28 13:21:17.812,1.45341,1.45351,1.00,1.00
2017.07.28 13:21:18.170,1.45343,1.45351,1.00,1.00
2017.07.28 13:21:18.221,1.45347,1.45356,1.00,1.12
2017.07.28 13:21:18.324,1.45348,1.45358,1.00,1.00
2017.07.28 13:21:18.426,1.45351,1.45357,1.00,1.00
2017.07.28 13:21:18.587,1.45349,1.4536,1.00,1.00
2017.07.28 13:21:19.152,1.45348,1.45361,2.25,1.00
2017.07.28 13:21:19.414,1.45352,1.4536,1.00,1.00
2017.07.28 13:21:19.467,1.4535,1.4536,1.00,1.00
2017.07.28 13:21:19.774,1.45353,1.45359,1.00,1.00
2017.07.28 13:21:19.982,1.45353,1.45361,1.00,1.00
2017.07.28 13:21:20.085,1.45356,1.45364,1.00,1.00
2017.07.28 13:21:20.136,1.45351,1.45365,3.56,1.50
2017.07.28 13:21:20.964,1.45354,1.45364,1.00,1.00
2017.07.28 13:21:21.507,1.45353,1.45365,1.12,1.00
2017.07.28 13:21:22.078,1.45352,1.45366,2.25,1.50
2017.07.28 13:21:22.129,1.45352,1.45364,2.25,1.00
2017.07.28 13:21:22.638,1.45352,1.45365,1.87,1.50
2017.07.28 13:21:23.464,1.45352,1.45364,2.62,1.00
2017.07.28 13:21:23.973,1.45352,1.45365,2.62,1.00
2017.07.28 13:21:24.482,1.45354,1.45365,1.00,1.00
2017.07.28 13:21:24.788,1.45353,1.45363,1.12,1.00
2017.07.28 13:21:24.890,1.45353,1.45365,1.12,1.00
2017.07.28 13:21:25.271,1.45353,1.45363,1.12,1.00
2017.07.28 13:21:25.400,1.45353,1.45365,1.12,1.50
2017.07.28 13:21:25.605,1.45353,1.45363,1.12,1.00
2017.07.28 13:21:26.120,1.45353,1.45364,1.12,1.00
2017.07.28 13:21:26.638,1.45353,1.45365,1.12,1.00
2017.07.28 13:21:26.978,1.45353,1.45363,1.12,1.00
2017.07.28 13:21:27.541,1.45352,1.45363,3.94,1.00
2017.07.28 13:21:28.072,1.45352,1.45364,2.44,1.00
2017.07.28 13:21:28.599,1.45352,1.45365,1.69,1.00
2017.07.28 13:21:28.906,1.45352,1.45363,3.56,1.00
2017.07.28 13:21:29.463,1.45352,1.45364,2.06,1.00
2017.07.28 13:21:30.023,1.45352,1.45363,2.81,1.00
2017.07.28 13:21:30.534,1.45352,1.45364,2.06,1.00
2017.07.28 13:21:31.044,1.45352,1.45363,1.00,1.00
2017.07.28 13:21:31.350,1.45347,1.45359,3.19,1.00
2017.07.28 13:21:32.079,1.45349,1.4536,1.37,1.00
2017.07.28 13:21:32.604,1.45351,1.45362,1.25,1.00
2017.07.28 13:21:32.758,1.45351,1.4536,1.69,1.00
2017.07.28 13:21:32.964,1.45351,1.45363,1.19,1.00
2017.07.28 13:21:33.220,1.45351,1.45365,1.31,1.00
2017.07.28 13:21:33.424,1.45351,1.45363,1.31,1.00
2017.07.28 13:21:33.731,1.45343,1.45356,2.02,1.50
2017.07.28 13:21:33.785,1.45343,1.45355,1.27,1.00
2017.07.28 13:21:33.990,1.45343,1.45357,1.56,1.00
2017.07.28 13:21:34.092,1.45344,1.45355,1.62,1.00
2017.07.28 13:21:34.143,1.45343,1.45358,1.56,2.62
2017.07.28 13:21:34.246,1.45344,1.45355,1.62,1.00
2017.07.28 13:21:34.501,1.45343,1.45358,1.69,2.62
2017.07.28 13:21:34.717,1.45344,1.45356,2.06,1.00
2017.07.28 13:21:35.218,1.45346,1.45357,1.25,1.00
2017.07.28 13:21:35.575,1.45346,1.4536,1.25,1.87
2017.07.28 13:21:36.110,1.45348,1.45359,1.00,1.00
2017.07.28 13:21:36.212,1.45346,1.45359,2.06,1.00
2017.07.28 13:21:36.530,1.45349,1.45358,1.00,1.00
2017.07.28 13:21:36.734,1.45347,1.45359,1.50,1.00
2017.07.28 13:21:37.243,1.45348,1.45359,1.50,1.00
2017.07.28 13:21:37.604,1.45346,1.4536,1.69,1.00
2017.07.28 13:21:37.833,1.45348,1.45359,1.19,1.00
2017.07.28 13:21:37.885,1.45353,1.45363,1.87,1.00
2017.07.28 13:21:37.988,1.45354,1.45368,1.00,1.50
2017.07.28 13:21:38.040,1.45356,1.45367,1.00,1.00
2017.07.28 13:21:38.092,1.45354,1.45367,1.50,1.00
2017.07.28 13:21:38.246,1.45353,1.45366,3.37,1.00
2017.07.28 13:21:38.556,1.45347,1.45357,1.19,1.00
2017.07.28 13:21:38.713,1.45347,1.45359,1.19,1.00
2017.07.28 13:21:38.817,1.45348,1.4536,1.00,1.50
2017.07.28 13:21:38.869,1.45347,1.45358,1.50,1.00
2017.07.28 13:21:39.329,1.45345,1.45352,1.00,1.00
2017.07.28 13:21:39.381,1.45339,1.45351,1.87,1.50
2017.07.28 13:21:39.628,1.45338,1.45348,1.50,1.00
2017.07.28 13:21:39.784,1.45338,1.4535,1.31,1.50
2017.07.28 13:21:40.349,1.45337,1.45349,2.06,1.00
2017.07.28 13:21:40.882,1.45337,1.4535,3.56,1.50
2017.07.28 13:21:41.036,1.45337,1.45348,3.56,1.00
2017.07.28 13:21:41.259,1.45337,1.4535,3.19,1.50
2017.07.28 13:21:41.969,1.45338,1.45351,1.31,1.50
2017.07.28 13:21:42.020,1.45338,1.45349,1.31,1.00
2017.07.28 13:21:42.379,1.45338,1.45351,1.31,1.50
2017.07.28 13:21:42.583,1.45338,1.45349,1.19,1.00
2017.07.28 13:21:42.890,1.45339,1.45351,1.31,1.00
2017.07.28 13:21:42.941,1.4534,1.45353,2.96,1.12
2017.07.28 13:21:43.242,1.45346,1.45356,1.12,1.00
2017.07.28 13:21:43.754,1.45344,1.45357,1.31,1.00
2017.07.28 13:21:44.256,1.45344,1.45356,2.81,1.00
2017.07.28 13:21:44.786,1.45344,1.45357,1.56,1.00
2017.07.28 13:21:45.296,1.45346,1.45356,1.00,1.00
2017.07.28 13:21:45.603,1.45346,1.45358,1.00,1.50
2017.07.28 13:21:45.705,1.45346,1.45356,1.00,1.00
2017.07.28 13:21:45.910,1.45346,1.45358,1.50,1.00
2017.07.28 13:21:45.961,1.45347,1.45359,2.77,1.00
2017.07.28 13:21:46.555,1.45349,1.4536,1.12,1.00
2017.07.28 13:21:47.168,1.45349,1.45359,1.12,1.00
2017.07.28 13:21:47.686,1.45348,1.4536,1.87,1.00
2017.07.28 13:21:48.191,1.45347,1.45358,1.50,1.00
2017.07.28 13:21:48.703,1.4535,1.45359,1.00,1.00
2017.07.28 13:21:48.857,1.45347,1.45357,1.00,1.00
2017.07.28 13:21:49.319,1.45347,1.45359,1.00,1.00
2017.07.28 13:21:49.524,1.45349,1.4536,1.19,1.00
2017.07.28 13:21:49.780,1.45349,1.45362,1.31,1.00
2017.07.28 13:21:49.832,1.45349,1.4536,1.31,1.50
2017.07.28 13:21:50.138,1.45347,1.45359,1.12,1.00
2017.07.28 13:21:50.744,1.45345,1.45358,2.81,1.00
2017.07.28 13:21:51.137,1.45347,1.45356,1.00,1.00
2017.07.28 13:21:51.657,1.45347,1.45357,1.19,1.00
2017.07.28 13:21:51.968,1.45354,1.4536,1.00,1.00
2017.07.28 13:21:52.533,1.45353,1.4536,1.00,1.00
2017.07.28 13:21:52.956,1.45353,1.45358,1.00,1.00
2017.07.28 13:21:53.677,1.45351,1.45359,1.00,1.00
2017.07.28 13:21:54.189,1.45351,1.45358,1.00,1.00
2017.07.28 13:21:54.711,1.4535,1.45358,1.00,1.00
2017.07.28 13:21:54.874,1.45352,1.45359,1.00,1.00
2017.07.28 13:21:55.198,1.45352,1.45357,1.00,1.00
2017.07.28 13:21:55.251,1.45353,1.45359,1.00,1.00
2017.07.28 13:21:55.304,1.4535,1.45361,1.00,1.50
2017.07.28 13:21:55.356,1.45352,1.45359,1.00,1.37
2017.07.28 13:21:55.461,1.45348,1.45359,1.00,1.37
2017.07.28 13:21:55.513,1.45348,1.45355,1.00,1.00
2017.07.28 13:21:55.899,1.4535,1.45357,1.00,1.00
2017.07.28 13:21:56.004,1.45345,1.45354,1.00,1.00
2017.07.28 13:21:56.109,1.45344,1.45354,1.00,1.75
2017.07.28 13:21:56.364,1.45343,1.45353,1.00,1.37
2017.07.28 13:21:56.862,1.45343,1.4535,1.00,1.00
2017.07.28 13:21:56.965,1.45343,1.45352,1.00,1.00
2017.07.28 13:21:57.068,1.45341,1.45352,1.00,2.25
2017.07.28 13:21:57.272,1.45341,1.4535,1.00,1.00
2017.07.28 13:21:57.741,1.45344,1.45351,1.00,1.50
2017.07.28 13:21:58.000,1.45341,1.45351,1.00,1.12
2017.07.28 13:21:58.503,1.45343,1.45351,1.00,1.12
2017.07.28 13:21:59.014,1.45342,1.45351,1.00,1.12
2017.07.28 13:21:59.121,1.45342,1.45353,1.00,1.87
2017.07.28 13:21:59.174,1.45345,1.45357,1.00,4.69
2017.07.28 13:21:59.380,1.45343,1.45353,1.00,1.00
2017.07.28 13:21:59.894,1.45343,1.45352,1.00,1.50
2017.07.28 13:21:59.946,1.45345,1.45353,1.00,1.00
2017.07.28 13:22:00.256,1.45349,1.45355,1.00,1.00
2017.07.28 13:22:00.359,1.45346,1.45357,1.00,1.00
2017.07.28 13:22:00.411,1.45347,1.45359,1.00,1.00
2017.07.28 13:22:00.462,1.45349,1.4536,1.00,1.87
2017.07.28 13:22:00.769,1.45347,1.45358,1.00,1.00
2017.07.28 13:22:01.024,1.45347,1.4536,1.00,2.62
2017.07.28 13:22:01.276,1.45347,1.45356,1.00,1.00
2017.07.28 13:22:01.327,1.45347,1.45358,1.00,1.00
2017.07.28 13:22:01.584,1.4535,1.45361,1.00,1.50
2017.07.28 13:22:01.687,1.45352,1.45363,1.00,1.12
2017.07.28 13:22:01.995,1.45349,1.45362,1.00,1.00
2017.07.28 13:22:02.098,1.45351,1.45362,1.00,1.00
2017.07.28 13:22:02.478,1.45349,1.45362,1.00,1.00
2017.07.28 13:22:02.910,1.45351,1.45363,1.00,1.12
2017.07.28 13:22:03.218,1.4535,1.4536,1.00,1.00
2017.07.28 13:22:03.474,1.45351,1.45367,1.25,2.25
2017.07.28 13:22:03.525,1.45353,1.45365,1.00,1.00
2017.07.28 13:22:03.873,1.45356,1.45364,1.00,1.00
2017.07.28 13:22:04.289,1.45354,1.45362,1.00,1.00
2017.07.28 13:22:04.341,1.45351,1.45361,1.00,1.00
2017.07.28 13:22:04.906,1.45352,1.45363,1.00,1.31
2017.07.28 13:22:05.093,1.45355,1.45364,1.00,1.25
2017.07.28 13:22:05.452,1.45353,1.45365,1.00,1.69
2017.07.28 13:22:06.116,1.45354,1.45364,1.00,1.25
2017.07.28 13:22:06.626,1.45354,1.45365,1.00,1.69
2017.07.28 13:22:07.845,1.45352,1.45365,1.00,2.44
2017.07.28 13:22:07.899,1.45352,1.45362,1.00,1.00
2017.07.28 13:22:08.201,1.45348,1.45356,1.00,1.12
2017.07.28 13:22:08.510,1.4535,1.45357,1.00,1.37
2017.07.28 13:22:08.613,1.45348,1.45357,1.00,1.12
2017.07.28 13:22:08.973,1.4535,1.45358,1.00,1.12
2017.07.28 13:22:09.427,1.45353,1.4536,1.19,1.50
2017.07.28 13:22:09.531,1.45362,1.45366,1.00,1.00
2017.07.28 13:22:09.582,1.45362,1.45371,1.00,2.06
2017.07.28 13:22:09.686,1.45365,1.45375,1.00,2.81
2017.07.28 13:22:09.738,1.45366,1.45376,1.00,1.12
2017.07.28 13:22:09.790,1.45368,1.45376,1.00,1.00
2017.07.28 13:22:10.035,1.45361,1.45371,3.19,1.19
2017.07.28 13:22:10.139,1.45361,1.45366,1.00,1.00
2017.07.28 13:22:10.190,1.45359,1.45371,1.00,1.56
2017.07.28 13:22:10.242,1.45358,1.4537,1.00,1.19
2017.07.28 13:22:10.652,1.4535,1.4536,1.00,1.31
2017.07.28 13:22:10.962,1.45347,1.45355,1.25,1.00
2017.07.28 13:22:11.472,1.45348,1.45356,1.00,1.12
2017.07.28 13:22:11.725,1.45345,1.45356,1.00,2.81
2017.07.28 13:22:12.031,1.45344,1.45353,1.00,1.00
2017.07.28 13:22:12.542,1.45343,1.45355,1.00,2.25
2017.07.28 13:22:12.646,1.45341,1.45354,1.00,1.12
2017.07.28 13:22:13.359,1.45343,1.45356,1.00,2.81
2017.07.28 13:22:13.769,1.4534,1.45355,3.56,1.12
2017.07.28 13:22:13.872,1.45339,1.45352,1.37,1.50
2017.07.28 13:22:14.178,1.45344,1.45357,1.87,1.00
2017.07.28 13:22:14.281,1.45342,1.45356,1.87,2.25
2017.07.28 13:22:14.807,1.45343,1.45355,1.00,2.06
2017.07.28 13:22:15.211,1.4534,1.45354,3.56,1.25
2017.07.28 13:22:15.519,1.4534,1.45352,1.19,1.00
2017.07.28 13:22:15.623,1.4534,1.45354,1.19,1.25
2017.07.28 13:22:15.726,1.45344,1.45354,1.00,1.69
2017.07.28 13:22:15.828,1.45342,1.45354,1.00,1.25
2017.07.28 13:22:16.352,1.4534,1.45353,1.19,1.00
2017.07.28 13:22:16.559,1.45341,1.45351,1.00,1.00
2017.07.28 13:22:16.611,1.45339,1.45351,1.00,1.12
2017.07.28 13:22:16.764,1.45341,1.4535,1.00,1.12
2017.07.28 13:22:16.918,1.45339,1.45349,1.00,1.00
2017.07.28 13:22:17.423,1.45338,1.4535,1.00,2.25
2017.07.28 13:22:17.527,1.45335,1.4535,1.12,1.00
2017.07.28 13:22:17.579,1.45335,1.45344,1.12,1.00
2017.07.28 13:22:17.681,1.45334,1.45346,1.69,1.00
2017.07.28 13:22:17.732,1.45334,1.45348,1.69,1.00
2017.07.28 13:22:17.784,1.45336,1.4535,1.00,2.62
2017.07.28 13:22:17.889,1.45336,1.45348,1.50,1.00
2017.07.28 13:22:18.229,1.45339,1.45349,1.00,1.12
2017.07.28 13:22:18.597,1.45337,1.45349,1.00,1.12
2017.07.28 13:22:18.905,1.4534,1.45349,1.00,1.12
2017.07.28 13:22:19.007,1.45338,1.45349,1.50,1.12
2017.07.28 13:22:19.641,1.45336,1.4535,1.50,1.37
2017.07.28 13:22:19.746,1.45338,1.4535,1.00,1.37
2017.07.28 13:22:20.257,1.45337,1.45349,1.00,1.12
2017.07.28 13:22:20.795,1.45338,1.45349,1.00,1.12
2017.07.28 13:22:21.301,1.45337,1.45348,1.50,1.00
2017.07.28 13:22:21.608,1.45338,1.45351,1.19,1.37
2017.07.28 13:22:23.589,1.45337,1.45349,1.31,1.00
2017.07.28 13:22:23.641,1.45335,1.45349,2.81,1.00
2017.07.28 13:22:24.144,1.45336,1.45349,1.25,1.50
2017.07.28 13:22:24.771,1.45336,1.45348,1.25,1.00
2017.07.28 13:22:24.925,1.45339,1.45349,1.25,1.00
2017.07.28 13:22:25.307,1.45339,1.45352,1.19,1.50
2017.07.28 13:22:25.512,1.45342,1.45355,1.00,1.12
2017.07.28 13:22:26.026,1.45341,1.45354,1.00,1.00
2017.07.28 13:22:26.284,1.45339,1.4535,1.00,1.00
2017.07.28 13:22:26.541,1.45337,1.4535,1.00,1.87
2017.07.28 13:22:26.592,1.45335,1.45348,1.69,1.00
2017.07.28 13:22:26.798,1.45335,1.45349,1.31,1.12
2017.07.28 13:22:27.361,1.45337,1.4535,1.00,1.69
2017.07.28 13:22:27.877,1.45336,1.45349,1.25,1.50
2017.07.28 13:22:27.979,1.45336,1.45346,1.00,1.00
2017.07.28 13:22:28.134,1.45327,1.45341,1.00,1.50
2017.07.28 13:22:28.435,1.45328,1.45341,1.00,1.69
2017.07.28 13:22:28.589,1.45325,1.4534,1.00,1.56
2017.07.28 13:22:28.641,1.45327,1.45341,1.00,2.06
2017.07.28 13:22:28.693,1.45329,1.45342,1.12,3.56
2017.07.28 13:22:28.847,1.45329,1.45343,1.25,1.25
2017.07.28 13:22:29.052,1.45327,1.45341,2.44,1.25
2017.07.28 13:22:29.396,1.45328,1.45341,1.31,1.25
2017.07.28 13:22:29.908,1.45328,1.45342,1.31,1.00
2017.07.28 13:22:31.076,1.45329,1.45342,2.44,1.00
2017.07.28 13:22:31.229,1.45334,1.45348,1.00,1.50
2017.07.28 13:22:31.638,1.45336,1.4535,1.00,1.62
2017.07.28 13:22:31.843,1.45339,1.45353,1.19,1.12
2017.07.28 13:22:31.984,1.45342,1.45354,1.00,1.00
2017.07.28 13:22:32.045,1.45343,1.45357,1.31,1.50
2017.07.28 13:22:32.097,1.45343,1.45355,1.31,1.00
2017.07.28 13:22:32.404,1.45339,1.45352,1.94,1.00
2017.07.28 13:22:32.456,1.45339,1.45352,1.31,1.00
2017.07.28 13:22:32.661,1.45338,1.45351,1.37,1.19
2017.07.28 13:22:32.867,1.45334,1.45347,2.06,1.00
2017.07.28 13:22:33.344,1.45332,1.45348,3.19,1.25
2017.07.28 13:22:34.205,1.45333,1.45347,2.81,1.00
2017.07.28 13:22:34.309,1.45337,1.4535,1.00,1.00
2017.07.28 13:22:34.463,1.45339,1.45351,1.00,1.12
2017.07.28 13:22:34.923,1.45338,1.45349,1.25,1.00
2017.07.28 13:22:35.940,1.45333,1.45346,4.69,1.00
2017.07.28 13:22:35.991,1.45333,1.45346,2.06,1.00
2017.07.28 13:22:36.094,1.45333,1.45348,1.69,1.00
2017.07.28 13:22:36.339,1.45333,1.45348,3.19,1.00
2017.07.28 13:22:37.625,1.45337,1.45352,1.69,1.50
2017.07.28 13:22:38.138,1.45338,1.45353,2.06,1.00
2017.07.28 13:22:38.446,1.45338,1.45351,2.06,1.00
2017.07.28 13:22:39.286,1.45338,1.45352,3.56,1.25
2017.07.28 13:22:39.797,1.45342,1.45355,1.00,1.69
2017.07.28 13:22:40.330,1.45341,1.45355,1.25,1.56
2017.07.28 13:22:40.638,1.45342,1.45355,1.00,2.06
2017.07.28 13:22:40.982,1.45339,1.45353,1.00,1.00
2017.07.28 13:22:41.035,1.45337,1.45351,1.50,1.00
2017.07.28 13:22:41.087,1.45335,1.45349,1.00,1.00
2017.07.28 13:22:41.190,1.45333,1.45347,2.06,1.00
2017.07.28 13:22:41.880,1.45332,1.45346,1.00,1.50
2017.07.28 13:22:42.188,1.45329,1.45343,1.87,1.00
2017.07.28 13:22:42.596,1.45327,1.45341,2.25,1.00
2017.07.28 13:22:42.648,1.45327,1.4534,1.00,1.00
2017.07.28 13:22:42.841,1.45327,1.45342,1.00,1.25
2017.07.28 13:22:42.995,1.45326,1.4534,1.31,1.00
2017.07.28 13:22:43.508,1.45324,1.4534,1.37,1.12
2017.07.28 13:22:43.861,1.45324,1.45337,1.00,1.00
2017.07.28 13:22:44.373,1.45321,1.45335,1.87,1.00
2017.07.28 13:22:44.424,1.45321,1.45336,1.12,2.06
2017.07.28 13:22:44.476,1.45321,1.45335,1.00,1.00
2017.07.28 13:22:44.580,1.4532,1.45334,1.12,1.19
2017.07.28 13:22:44.737,1.45316,1.45331,2.81,1.19
2017.07.28 13:22:44.890,1.45316,1.4533,1.00,2.81
2017.07.28 13:22:45.094,1.45317,1.4533,1.00,1.69
2017.07.28 13:22:45.146,1.45318,1.45331,1.69,1.56
2017.07.28 13:22:45.299,1.4532,1.45334,1.31,1.00
2017.07.28 13:22:45.402,1.45321,1.45334,1.00,1.50
2017.07.28 13:22:45.909,1.4532,1.45334,1.25,1.12
2017.07.28 13:22:46.427,1.45323,1.45335,1.00,1.37
2017.07.28 13:22:46.479,1.45317,1.45331,1.00,1.37
2017.07.28 13:22:46.633,1.4532,1.45332,1.00,2.81
2017.07.28 13:22:46.821,1.45318,1.4533,1.00,1.69
2017.07.28 13:22:47.077,1.45316,1.45331,1.50,1.69
2017.07.28 13:22:47.699,1.45316,1.4533,1.00,1.50
2017.07.28 13:22:48.313,1.45316,1.45329,1.25,1.00
2017.07.28 13:22:48.923,1.45316,1.4533,1.25,1.50
2017.07.28 13:22:49.446,1.45316,1.45329,1.25,1.00
2017.07.28 13:22:50.246,1.45316,1.45332,2.44,1.75
2017.07.28 13:22:50.912,1.45317,1.45331,1.12,1.31
2017.07.28 13:22:51.444,1.45318,1.45332,1.00,1.12
2017.07.28 13:22:51.750,1.4532,1.45332,1.50,1.12
2017.07.28 13:22:51.957,1.45323,1.45337,1.00,1.69
2017.07.28 13:22:52.467,1.45322,1.45337,2.81,1.69
2017.07.28 13:22:54.057,1.45322,1.45338,1.31,2.06
2017.07.28 13:22:54.568,1.45324,1.4534,1.31,1.12
2017.07.28 13:22:54.892,1.45329,1.45342,1.19,1.37
2017.07.28 13:22:55.505,1.45329,1.45343,1.19,2.25
2017.07.28 13:22:55.635,1.45329,1.45343,1.19,1.87
2017.07.28 13:22:56.406,1.4533,1.45344,1.19,1.00
2017.07.28 13:22:56.939,1.45331,1.45345,1.25,2.25
2017.07.28 13:22:57.452,1.4533,1.45344,1.19,1.00
2017.07.28 13:22:57.847,1.45329,1.45343,2.44,1.00
2017.07.28 13:22:57.950,1.45325,1.45339,1.87,1.00
2017.07.28 13:22:58.003,1.45323,1.45338,2.44,1.37
2017.07.28 13:22:58.233,1.45322,1.45336,1.00,1.00
2017.07.28 13:22:58.746,1.45322,1.45337,1.00,1.12
2017.07.28 13:22:59.303,1.45321,1.45337,1.00,3.37
2017.07.28 13:22:59.830,1.4532,1.45336,2.44,1.12
2017.07.28 13:23:00.367,1.4532,1.45336,2.06,2.25
2017.07.28 13:23:00.418,1.45319,1.45331,1.00,1.00
2017.07.28 13:23:00.470,1.45317,1.45331,3.37,1.37
2017.07.28 13:23:00.994,1.45316,1.45329,1.12,1.00
2017.07.28 13:23:01.556,1.45316,1.45328,1.12,1.00
2017.07.28 13:23:01.673,1.45312,1.45327,4.87,1.00
2017.07.28 13:23:01.724,1.4531,1.45325,1.69,1.12
2017.07.28 13:23:01.776,1.4531,1.45325,1.50,1.12
2017.07.28 13:23:01.827,1.45312,1.45323,1.25,1.00
2017.07.28 13:23:02.342,1.4531,1.45324,2.06,1.00
2017.07.28 13:23:02.798,1.45314,1.45327,1.25,1.37
2017.07.28 13:23:02.901,1.45314,1.45328,1.25,1.00
2017.07.28 13:23:03.361,1.45313,1.45326,1.25,1.00
2017.07.28 13:23:03.865,1.4531,1.45325,1.94,1.00
2017.07.28 13:23:03.917,1.45309,1.45322,1.25,1.00
2017.07.28 13:23:04.070,1.4531,1.45324,1.00,1.12
2017.07.28 13:23:04.581,1.45309,1.45324,1.25,1.12
2017.07.28 13:23:04.837,1.45311,1.45324,1.00,1.12
2017.07.28 13:23:05.387,1.4531,1.45324,1.00,1.12
2017.07.28 13:23:06.259,1.45312,1.45325,1.19,1.37
2017.07.28 13:23:06.426,1.45314,1.45328,1.25,1.12
2017.07.28 13:23:06.528,1.45315,1.45329,1.19,1.50
2017.07.28 13:23:07.598,1.45314,1.4533,1.19,2.62
2017.07.28 13:23:08.492,1.45314,1.4533,1.56,2.25
2017.07.28 13:23:08.814,1.45319,1.45333,1.31,1.00
2017.07.28 13:23:09.325,1.4532,1.45334,1.00,1.50
2017.07.28 13:23:10.010,1.45322,1.45335,1.00,1.87
2017.07.28 13:23:10.821,1.45321,1.45335,1.00,2.25
2017.07.28 13:23:11.350,1.4532,1.45334,1.00,1.12
2017.07.28 13:23:11.656,1.45322,1.45335,1.00,1.50
2017.07.28 13:23:13.713,1.45322,1.45336,1.00,3.37
2017.07.28 13:23:14.215,1.45321,1.45336,1.00,1.12
2017.07.28 13:23:15.932,1.45322,1.45336,1.00,1.50
2017.07.28 13:23:16.460,1.45321,1.45336,1.00,2.62
2017.07.28 13:23:16.969,1.45321,1.45335,1.00,1.00
2017.07.28 13:23:17.327,1.45323,1.45336,1.00,1.37
2017.07.28 13:23:17.731,1.45321,1.45335,1.25,1.00
2017.07.28 13:23:17.834,1.45323,1.45335,1.00,1.00
2017.07.28 13:23:18.130,1.45321,1.45337,1.25,3.00
2017.07.28 13:23:18.642,1.45321,1.45337,1.25,3.37
2017.07.28 13:23:19.187,1.45322,1.45337,1.00,1.50
2017.07.28 13:23:19.290,1.45322,1.45337,1.00,1.87
2017.07.28 13:23:19.853,1.45321,1.45336,1.25,1.12
2017.07.28 13:23:20.371,1.45322,1.45335,1.00,1.12
2017.07.28 13:23:20.729,1.45324,1.45337,1.00,1.87
2017.07.28 13:23:21.195,1.45322,1.45335,1.00,1.00
2017.07.28 13:23:21.653,1.45322,1.45336,1.00,1.37
2017.07.28 13:23:22.170,1.45321,1.45336,1.00,1.37
2017.07.28 13:23:23.290,1.45321,1.45336,1.00,1.62
2017.07.28 13:23:23.800,1.45322,1.45337,1.00,1.56
2017.07.28 13:23:24.005,1.45324,1.45338,1.00,3.00
2017.07.28 13:23:24.211,1.45327,1.45343,1.00,1.12
2017.07.28 13:23:24.313,1.45331,1.45343,1.00,1.12
2017.07.28 13:23:24.810,1.45329,1.45345,1.12,3.37
2017.07.28 13:23:25.358,1.4533,1.45344,1.00,1.00
2017.07.28 13:23:25.884,1.4533,1.45344,1.00,1.37
2017.07.28 13:23:26.142,1.45326,1.45338,1.00,1.00
2017.07.28 13:23:26.298,1.45324,1.45338,1.00,1.50
2017.07.28 13:23:26.807,1.45324,1.45339,1.00,1.00
2017.07.28 13:23:27.316,1.45324,1.45339,1.00,1.87
2017.07.28 13:23:27.796,1.45323,1.45333,1.00,1.00
2017.07.28 13:23:27.949,1.45323,1.45335,1.00,1.12
2017.07.28 13:23:28.459,1.45323,1.45337,1.00,1.50
2017.07.28 13:23:29.592,1.45323,1.45338,1.00,5.06
2017.07.28 13:23:29.644,1.4532,1.45333,1.25,1.50
2017.07.28 13:23:29.747,1.45318,1.45333,1.00,1.12
2017.07.28 13:23:29.849,1.45318,1.45331,1.00,1.00
2017.07.28 13:23:30.188,1.45315,1.45327,1.87,1.00
2017.07.28 13:23:30.447,1.45306,1.4532,1.87,1.12
2017.07.28 13:23:30.499,1.45308,1.4532,1.00,1.12
2017.07.28 13:23:30.654,1.4531,1.45323,1.00,1.00
2017.07.28 13:23:30.757,1.45307,1.45321,1.00,1.50
2017.07.28 13:23:30.964,1.45307,1.45319,1.00,1.00
2017.07.28 13:23:31.270,1.45305,1.4532,1.12,1.00
2017.07.28 13:23:31.474,1.45305,1.45316,1.12,1.00
2017.07.28 13:23:31.577,1.45305,1.45318,1.12,1.00
2017.07.28 13:23:31.628,1.45305,1.4532,1.12,1.00
2017.07.28 13:23:31.679,1.45307,1.45319,1.00,1.00
2017.07.28 13:23:31.833,1.45305,1.4532,1.12,1.00
2017.07.28 13:23:31.935,1.45305,1.45318,1.12,1.00
2017.07.28 13:23:32.285,1.45305,1.4532,1.12,1.00
2017.07.28 13:23:32.818,1.45306,1.4532,1.00,1.87
2017.07.28 13:23:33.332,1.45305,1.45319,1.12,1.00
2017.07.28 13:23:33.863,1.45304,1.4532,1.62,2.25
2017.07.28 13:23:33.968,1.45303,1.45317,2.25,1.00
2017.07.28 13:23:34.275,1.45301,1.45315,1.12,1.50
2017.07.28 13:23:34.801,1.453,1.45315,3.19,1.00
2017.07.28 13:23:35.113,1.45294,1.45309,3.19,1.00
2017.07.28 13:23:35.617,1.45294,1.45309,1.31,2.81
2017.07.28 13:23:35.925,1.45292,1.45305,1.19,1.12
2017.07.28 13:23:36.283,1.4529,1.45302,1.69,1.00
2017.07.28 13:23:36.385,1.4529,1.45304,1.69,1.50
2017.07.28 13:23:37.002,1.45292,1.45305,1.69,1.50
2017.07.28 13:23:37.211,1.45294,1.45307,1.69,1.50
2017.07.28 13:23:37.263,1.45294,1.45307,1.25,1.50
2017.07.28 13:23:37.317,1.45296,1.45307,1.69,1.00
2017.07.28 13:23:37.369,1.45296,1.45307,2.44,1.00
2017.07.28 13:23:37.521,1.45298,1.45312,2.44,1.00
2017.07.28 13:23:37.934,1.45301,1.45312,1.19,1.00
2017.07.28 13:23:37.986,1.453,1.45314,1.19,2.62
2017.07.28 13:23:38.534,1.45301,1.45315,1.00,3.37
2017.07.28 13:23:38.637,1.45303,1.45317,1.50,1.12
2017.07.28 13:23:38.895,1.45303,1.45314,1.37,1.00
2017.07.28 13:23:39.101,1.45301,1.45317,1.69,1.87
2017.07.28 13:23:39.153,1.45301,1.45315,1.50,1.00
2017.07.28 13:23:39.204,1.45299,1.45313,1.50,1.69
2017.07.28 13:23:39.258,1.45298,1.45309,1.12,1.00
2017.07.28 13:23:39.412,1.45297,1.4531,1.25,1.00
2017.07.28 13:23:39.579,1.45301,1.45314,1.00,1.87
2017.07.28 13:23:39.885,1.453,1.45314,2.62,2.25
2017.07.28 13:23:40.294,1.45298,1.45314,1.00,3.94
2017.07.28 13:23:40.549,1.453,1.45314,1.00,3.19
2017.07.28 13:23:41.096,1.45299,1.45314,1.00,2.06
2017.07.28 13:23:41.556,1.45302,1.45314,1.00,1.12
2017.07.28 13:23:41.607,1.453,1.45314,1.00,1.12
2017.07.28 13:23:41.905,1.45297,1.45312,1.19,2.25
2017.07.28 13:23:42.211,1.453,1.45313,1.50,1.00
2017.07.28 13:23:42.365,1.45297,1.45313,2.06,2.44
2017.07.28 13:23:42.521,1.45296,1.45308,1.00,1.00
2017.07.28 13:23:43.030,1.45295,1.45307,1.00,1.12
2017.07.28 13:23:43.337,1.45293,1.45307,1.00,1.12
2017.07.28 13:23:43.847,1.45293,1.45307,1.00,1.69
2017.07.28 13:23:44.705,1.45291,1.45307,1.19,2.06
2017.07.28 13:23:45.425,1.45291,1.45307,1.19,2.06
2017.07.28 13:23:45.944,1.45293,1.45307,1.00,1.25
2017.07.28 13:23:46.550,1.45294,1.45308,1.25,1.00
2017.07.28 13:23:46.601,1.45296,1.4531,1.00,2.06
2017.07.28 13:23:47.475,1.45297,1.45311,1.00,1.19
2017.07.28 13:23:47.680,1.45295,1.4531,2.81,1.25
2017.07.28 13:23:48.200,1.45296,1.45311,1.00,2.06
2017.07.28 13:23:48.749,1.45297,1.45311,1.00,1.31
2017.07.28 13:23:49.391,1.45296,1.4531,1.00,1.00
2017.07.28 13:23:49.901,1.45297,1.45311,1.00,1.62
2017.07.28 13:23:50.267,1.45292,1.45304,1.75,1.00
2017.07.28 13:23:50.577,1.45293,1.45301,1.00,1.00
2017.07.28 13:23:50.732,1.45292,1.45303,1.00,1.00
2017.07.28 13:23:51.249,1.45291,1.45303,1.12,1.00
2017.07.28 13:23:51.300,1.45293,1.45302,1.00,1.00
2017.07.28 13:23:52.002,1.45291,1.45302,1.12,1.00
2017.07.28 13:23:52.526,1.45291,1.45301,1.87,1.00
2017.07.28 13:23:53.073,1.45291,1.45301,2.25,1.00
2017.07.28 13:23:53.126,1.45299,1.4531,1.25,1.00
2017.07.28 13:23:53.637,1.45299,1.45309,1.25,1.00
2017.07.28 13:23:53.842,1.45296,1.45307,2.81,1.00
2017.07.28 13:23:53.995,1.45296,1.45309,1.69,1.00
2017.07.28 13:23:54.646,1.45298,1.4531,1.25,1.00
2017.07.28 13:23:54.800,1.45298,1.45314,1.25,2.62
2017.07.28 13:23:55.056,1.45298,1.45314,1.31,1.12
2017.07.28 13:23:55.891,1.45299,1.45314,1.19,1.00
2017.07.28 13:23:57.359,1.45301,1.45315,1.19,2.25
2017.07.28 13:23:58.847,1.45302,1.45315,1.19,1.12
2017.07.28 13:23:59.156,1.45305,1.45316,1.19,1.87
2017.07.28 13:23:59.466,1.45302,1.45318,3.37,1.87
2017.07.28 13:23:59.518,1.45301,1.45315,2.44,1.00
2017.07.28 13:23:59.970,1.453,1.45314,1.19,1.00
2017.07.28 13:24:00.022,1.45299,1.45307,1.31,1.00
2017.07.28 13:24:00.537,1.453,1.45308,2.06,1.00
2017.07.28 13:24:01.262,1.45302,1.4531,1.25,1.00
2017.07.28 13:24:01.466,1.453,1.45307,1.69,1.00
2017.07.28 13:24:01.970,1.453,1.45308,2.06,1.00
2017.07.28 13:24:02.488,1.45299,1.45308,2.06,1.00
2017.07.28 13:24:02.794,1.45301,1.45309,2.06,1.00
2017.07.28 13:24:03.001,1.45301,1.45312,1.31,1.00
2017.07.28 13:24:03.053,1.45305,1.45313,1.25,1.00
2017.07.28 13:24:03.360,1.45308,1.45315,1.25,1.00
2017.07.28 13:24:03.669,1.45305,1.45313,2.06,1.00
2017.07.28 13:24:03.772,1.45304,1.45312,1.12,1.00
2017.07.28 13:24:03.935,1.45305,1.45312,1.69,1.00
2017.07.28 13:24:04.450,1.45306,1.45312,1.19,1.00
2017.07.28 13:24:05.041,1.45303,1.45309,2.44,1.00
2017.07.28 13:24:05.145,1.45296,1.45303,2.62,1.00
2017.07.28 13:24:05.300,1.45295,1.45306,3.56,1.00
2017.07.28 13:24:05.352,1.45298,1.45306,2.06,1.00
2017.07.28 13:24:05.871,1.45299,1.45306,1.19,1.00
2017.07.28 13:24:06.180,1.45299,1.45304,1.19,1.00
2017.07.28 13:24:06.435,1.45299,1.45306,1.19,1.00
2017.07.28 13:24:06.538,1.45301,1.45307,1.19,1.00
2017.07.28 13:24:06.589,1.45304,1.45311,1.31,1.00
2017.07.28 13:24:06.641,1.45304,1.45311,1.00,1.00
2017.07.28 13:24:06.693,1.45307,1.45313,1.19,1.00
2017.07.28 13:24:06.744,1.45305,1.45313,1.19,1.00
2017.07.28 13:24:07.291,1.45306,1.45314,1.19,1.00
2017.07.28 13:24:07.854,1.4531,1.45316,1.19,1.00
2017.07.28 13:24:07.989,1.45314,1.45321,1.69,1.50
2017.07.28 13:24:08.043,1.45321,1.45327,1.19,1.00
2017.07.28 13:24:08.095,1.45321,1.45329,1.69,1.00
2017.07.28 13:24:08.146,1.45323,1.45329,1.19,1.00
2017.07.28 13:24:08.351,1.45323,1.45329,1.00,1.00
2017.07.28 13:24:08.403,1.45323,1.45329,1.19,1.00
2017.07.28 13:24:08.454,1.45321,1.45329,1.69,1.00
2017.07.28 13:24:08.608,1.45322,1.45328,1.31,1.00
2017.07.28 13:24:08.892,1.45323,1.4533,1.19,1.00
2017.07.28 13:24:08.995,1.45331,1.45336,1.19,1.00
2017.07.28 13:24:09.047,1.45331,1.45337,1.31,2.06
2017.07.28 13:24:09.099,1.45331,1.45339,1.31,1.00
2017.07.28 13:24:09.304,1.45331,1.45337,1.31,1.00
2017.07.28 13:24:09.407,1.45329,1.45336,2.06,1.00
2017.07.28 13:24:09.683,1.45325,1.45332,2.06,1.00
2017.07.28 13:24:09.991,1.45323,1.45329,1.69,1.00
2017.07.28 13:24:10.146,1.4532,1.45326,1.25,1.00
2017.07.28 13:24:10.199,1.45317,1.45324,2.06,1.00
2017.07.28 13:24:10.533,1.45311,1.45319,2.06,1.00
2017.07.28 13:24:10.585,1.45316,1.45323,1.19,1.00
2017.07.28 13:24:10.944,1.45318,1.45324,1.19,1.00
2017.07.28 13:24:11.000,1.45321,1.45328,1.19,1.00
2017.07.28 13:24:11.155,1.45321,1.45327,1.19,1.00
2017.07.28 13:24:11.666,1.45323,1.45329,1.19,1.00
2017.07.28 13:24:11.718,1.45319,1.45327,1.19,1.00
2017.07.28 13:24:11.769,1.45319,1.45323,1.25,1.00
2017.07.28 13:24:11.927,1.45311,1.45319,3.94,1.00
2017.07.28 13:24:11.979,1.45314,1.4532,1.31,1.00
2017.07.28 13:24:12.327,1.45314,1.45321,1.25,1.00
2017.07.28 13:24:12.870,1.45313,1.45321,1.31,1.00
2017.07.28 13:24:13.448,1.45313,1.45322,1.56,1.00
2017.07.28 13:24:14.184,1.45317,1.45323,1.00,1.00
2017.07.28 13:24:14.388,1.45314,1.45323,1.31,1.00
2017.07.28 13:24:14.703,1.45314,1.45321,1.31,1.00
2017.07.28 13:24:14.931,1.45314,1.45323,1.31,1.00
2017.07.28 13:24:18.287,1.45314,1.4532,1.31,1.00
2017.07.28 13:24:18.799,1.45312,1.4532,4.31,1.00
2017.07.28 13:24:19.260,1.45311,1.45319,1.37,1.00
2017.07.28 13:24:19.312,1.45309,1.45315,1.50,1.00
2017.07.28 13:24:19.364,1.45309,1.45319,1.12,1.12
2017.07.28 13:24:19.415,1.45304,1.45312,3.22,1.00
2017.07.28 13:24:19.532,1.45303,1.45312,3.19,1.00
2017.07.28 13:24:19.587,1.45303,1.4531,1.50,1.00
2017.07.28 13:24:19.640,1.45303,1.45311,1.00,1.00
2017.07.28 13:24:19.743,1.45305,1.4531,1.00,1.00
2017.07.28 13:24:19.898,1.45303,1.45311,1.31,1.00
2017.07.28 13:24:20.051,1.453,1.45308,2.25,1.00
2017.07.28 13:24:20.562,1.45301,1.45308,1.69,1.00
2017.07.28 13:24:20.868,1.45308,1.45314,1.12,1.00
2017.07.28 13:24:21.379,1.45306,1.45315,2.81,1.00
2017.07.28 13:24:21.890,1.45307,1.45314,1.37,1.00
2017.07.28 13:24:22.419,1.45308,1.45315,1.12,1.00
2017.07.28 13:24:22.816,1.45314,1.45321,1.00,1.00
2017.07.28 13:24:23.325,1.45315,1.45322,1.00,1.00
2017.07.28 13:24:23.734,1.45311,1.45318,1.50,1.00
2017.07.28 13:24:23.876,1.4531,1.45317,1.00,1.00
2017.07.28 13:24:23.929,1.45306,1.45315,3.37,1.00
2017.07.28 13:24:24.032,1.45303,1.45312,3.00,1.00
2017.07.28 13:24:24.084,1.45304,1.45312,1.00,1.00
2017.07.28 13:24:24.340,1.45303,1.4531,1.50,1.00
2017.07.28 13:24:24.851,1.45303,1.45309,1.50,1.00
2017.07.28 13:24:25.429,1.45305,1.45309,1.00,1.00
2017.07.28 13:24:25.975,1.45304,1.45309,1.12,1.00
2017.07.28 13:24:26.315,1.45306,1.45315,2.06,1.00
2017.07.28 13:24:26.826,1.45307,1.45314,3.19,1.00
2017.07.28 13:24:27.083,1.45306,1.45312,3.00,1.00
2017.07.28 13:24:27.289,1.45303,1.45311,1.00,1.00
2017.07.28 13:24:27.391,1.45306,1.4531,1.00,1.00
2017.07.28 13:24:27.494,1.45306,1.45312,1.00,1.00
2017.07.28 13:24:27.596,1.45306,1.45314,1.50,1.00
2017.07.28 13:24:27.648,1.45311,1.45315,1.00,1.00
2017.07.28 13:24:27.700,1.45309,1.45314,1.00,1.00
2017.07.28 13:24:27.751,1.45309,1.45316,1.00,1.00
2017.07.28 13:24:27.956,1.45307,1.45316,1.50,1.00
2017.07.28 13:24:28.007,1.45308,1.45314,1.00,1.00
2017.07.28 13:24:28.110,1.45308,1.45316,1.12,1.00
2017.07.28 13:24:28.534,1.45306,1.45314,2.06,1.00
2017.07.28 13:24:28.842,1.45303,1.45314,3.75,1.00
2017.07.28 13:24:28.894,1.45303,1.45308,3.00,1.00
2017.07.28 13:24:28.946,1.453,1.45308,1.69,1.00
2017.07.28 13:24:28.998,1.45297,1.45305,1.31,1.00
2017.07.28 13:24:29.254,1.45297,1.45305,1.00,1.00
2017.07.28 13:24:29.465,1.45296,1.45303,1.25,1.00
2017.07.28 13:24:30.213,1.45297,1.45303,1.00,1.00
2017.07.28 13:24:30.419,1.45296,1.45307,2.44,1.00
2017.07.28 13:24:30.563,1.45302,1.4531,1.37,1.00
2017.07.28 13:24:30.615,1.45303,1.45313,1.87,1.69
2017.07.28 13:24:30.668,1.45303,1.45311,1.87,1.00
2017.07.28 13:24:30.977,1.45305,1.45311,1.19,1.00
2017.07.28 13:24:31.131,1.45304,1.45314,1.31,1.00
2017.07.28 13:24:31.400,1.45304,1.45311,1.12,1.00
2017.07.28 13:24:31.452,1.45303,1.45313,2.06,1.00
2017.07.28 13:24:31.503,1.45304,1.45313,1.81,1.00
2017.07.28 13:24:31.625,1.45304,1.45315,2.25,1.00
2017.07.28 13:24:32.084,1.45304,1.45311,1.31,1.00
2017.07.28 13:24:32.187,1.453,1.45307,1.19,1.00
2017.07.28 13:24:32.239,1.45297,1.45306,1.12,1.00
2017.07.28 13:24:32.292,1.45296,1.45305,1.94,1.00
2017.07.28 13:24:32.345,1.45294,1.45307,3.75,1.00
2017.07.28 13:24:32.397,1.45294,1.45302,1.19,1.00
2017.07.28 13:24:32.778,1.45295,1.45304,1.25,1.00
2017.07.28 13:24:32.881,1.453,1.45304,1.00,1.00
2017.07.28 13:24:32.932,1.45298,1.45304,1.00,1.00
2017.07.28 13:24:33.239,1.45295,1.45302,2.44,1.00
2017.07.28 13:24:33.703,1.45292,1.453,2.81,1.00
2017.07.28 13:24:33.807,1.45288,1.45298,5.25,1.00
2017.07.28 13:24:35.221,1.45288,1.45296,1.37,1.00
2017.07.28 13:24:35.272,1.45286,1.45294,2.25,1.00
2017.07.28 13:24:36.227,1.45288,1.45296,2.44,1.00
2017.07.28 13:24:36.509,1.45291,1.45297,1.50,1.00
2017.07.28 13:24:36.716,1.45288,1.45296,1.69,1.00
2017.07.28 13:24:36.870,1.45287,1.45294,3.19,1.00
2017.07.28 13:24:37.431,1.45287,1.45295,6.56,1.00
2017.07.28 13:24:38.149,1.45288,1.45297,3.19,1.00
2017.07.28 13:24:39.907,1.45288,1.45295,1.00,1.00
2017.07.28 13:24:40.213,1.45288,1.45296,1.56,1.00
2017.07.28 13:24:40.570,1.45288,1.45298,1.56,1.00
2017.07.28 13:24:40.876,1.45288,1.45296,2.44,1.00
2017.07.28 13:24:41.235,1.45287,1.45295,2.06,1.00
2017.07.28 13:24:41.337,1.45287,1.45295,1.56,1.00
2017.07.28 13:24:41.651,1.45289,1.45297,1.19,1.00
2017.07.28 13:24:42.212,1.45287,1.45296,2.25,1.00
2017.07.28 13:24:42.263,1.45286,1.45294,1.94,1.00
2017.07.28 13:24:42.772,1.45285,1.45294,1.31,1.00
2017.07.28 13:24:43.079,1.45287,1.45294,1.31,1.00
2017.07.28 13:24:43.385,1.45289,1.45296,1.31,1.00
2017.07.28 13:24:43.487,1.45288,1.45297,2.06,1.00
2017.07.28 13:24:44.738,1.45286,1.45292,1.69,1.00
2017.07.28 13:24:44.790,1.45285,1.45292,1.81,1.00
2017.07.28 13:24:44.893,1.45284,1.45291,1.12,1.50
2017.07.28 13:24:44.945,1.45284,1.45289,1.12,1.00
2017.07.28 13:24:44.996,1.45282,1.4529,1.87,1.00
2017.07.28 13:24:45.513,1.45283,1.4529,1.00,1.00
2017.07.28 13:24:46.046,1.45283,1.45291,2.06,1.00
2017.07.28 13:24:46.684,1.45283,1.45291,2.62,1.00
2017.07.28 13:24:47.204,1.45283,1.45291,2.81,1.00
2017.07.28 13:24:47.363,1.45286,1.45291,1.00,1.00
2017.07.28 13:24:47.466,1.45284,1.45294,2.25,1.50
2017.07.28 13:24:47.570,1.45284,1.45294,2.25,1.50
2017.07.28 13:24:47.894,1.45291,1.453,1.12,1.00
2017.07.28 13:24:48.201,1.45291,1.453,1.50,1.00
2017.07.28 13:24:49.326,1.4529,1.45297,2.62,1.00
2017.07.28 13:24:49.839,1.4529,1.45298,1.37,1.00
2017.07.28 13:24:50.349,1.4529,1.45298,1.12,1.00
2017.07.28 13:24:53.205,1.4529,1.45297,1.12,1.00
2017.07.28 13:24:53.614,1.45288,1.45294,2.44,1.00
2017.07.28 13:24:53.920,1.45282,1.4529,1.12,1.00
2017.07.28 13:24:54.432,1.45282,1.45292,2.25,1.00
2017.07.28 13:24:54.891,1.45284,1.45292,1.00,1.00
2017.07.28 13:24:55.401,1.45283,1.45292,1.00,1.00
2017.07.28 13:24:55.719,1.45283,1.4529,1.00,1.00
2017.07.28 13:24:56.231,1.45282,1.4529,1.87,1.00
2017.07.28 13:24:57.165,1.45282,1.4529,1.87,1.00
2017.07.28 13:24:57.902,1.45283,1.45289,1.12,1.00
2017.07.28 13:24:58.057,1.45283,1.45291,2.62,1.00
2017.07.28 13:24:58.407,1.45283,1.45293,2.06,1.00
2017.07.28 13:24:58.458,1.45283,1.45291,2.06,1.00
2017.07.28 13:24:58.968,1.45283,1.45292,2.06,1.00
2017.07.28 13:24:59.575,1.45282,1.45288,2.06,1.00
2017.07.28 13:24:59.680,1.45279,1.45288,2.62,1.00
2017.07.28 13:25:00.191,1.45279,1.45288,1.31,1.00
2017.07.28 13:25:00.731,1.45278,1.45289,3.75,1.00
2017.07.28 13:25:01.093,1.4528,1.45287,3.19,1.00
2017.07.28 13:25:01.504,1.4528,1.45289,1.62,1.00
2017.07.28 13:25:01.776,1.45284,1.45291,1.00,1.00
2017.07.28 13:25:02.287,1.45281,1.45288,1.37,1.50
2017.07.28 13:25:02.339,1.4528,1.45286,1.37,1.50
2017.07.28 13:25:02.442,1.45277,1.45286,1.12,1.50
2017.07.28 13:25:02.991,1.45277,1.45285,1.12,1.00
2017.07.28 13:25:03.408,1.45277,1.4529,1.00,1.00
2017.07.28 13:25:03.460,1.45277,1.45287,1.00,1.00
2017.07.28 13:25:04.513,1.45274,1.45287,3.37,1.50
2017.07.28 13:25:05.186,1.45273,1.4528,1.87,1.00
2017.07.28 13:25:05.289,1.45271,1.45283,2.25,1.50
2017.07.28 13:25:05.341,1.45275,1.45283,1.00,1.00
2017.07.28 13:25:05.392,1.45277,1.45286,1.00,1.12
2017.07.28 13:25:05.904,1.45276,1.45287,1.56,1.50
2017.07.28 13:25:06.412,1.45275,1.45286,3.56,1.00
2017.07.28 13:25:06.925,1.45276,1.45285,1.56,1.00
2017.07.28 13:25:07.888,1.45276,1.45289,1.56,1.00
2017.07.28 13:25:07.939,1.45276,1.45287,1.56,1.00
2017.07.28 13:25:08.537,1.45279,1.45287,1.00,1.00
2017.07.28 13:25:08.588,1.45277,1.45288,1.31,1.00
2017.07.28 13:25:09.100,1.45277,1.45287,1.31,1.00
2017.07.28 13:25:09.620,1.45277,1.45288,1.25,1.00
2017.07.28 13:25:10.195,1.45276,1.45287,2.81,1.00
2017.07.28 13:25:10.450,1.45277,1.45289,1.31,1.00
2017.07.28 13:25:11.036,1.45276,1.45288,2.81,1.00
2017.07.28 13:25:11.546,1.45276,1.45289,2.81,1.00
2017.07.28 13:25:12.199,1.45277,1.45288,1.25,1.00
2017.07.28 13:25:12.718,1.45277,1.45288,1.62,1.00
2017.07.28 13:25:13.240,1.45277,1.45289,1.62,1.00
2017.07.28 13:25:13.758,1.45277,1.45288,1.62,1.00
2017.07.28 13:25:14.065,1.45276,1.45285,3.19,1.00
2017.07.28 13:25:14.605,1.45277,1.45286,1.62,1.00
2017.07.28 13:25:14.656,1.45277,1.45288,1.62,1.50
2017.07.28 13:25:15.225,1.45276,1.45287,2.44,1.00
2017.07.28 13:25:15.764,1.45276,1.45287,1.56,1.50
2017.07.28 13:25:16.407,1.45275,1.45286,2.06,1.50
2017.07.28 13:25:17.152,1.45275,1.45285,3.19,1.00
2017.07.28 13:25:17.797,1.45277,1.45287,1.31,1.50
2017.07.28 13:25:18.206,1.45275,1.45284,1.94,1.00
2017.07.28 13:25:18.258,1.45275,1.45283,1.00,1.50
2017.07.28 13:25:18.309,1.45271,1.45283,1.31,1.50
2017.07.28 13:25:18.362,1.45271,1.45284,2.44,1.00
2017.07.28 13:25:18.716,1.45272,1.45282,1.00,1.50
2017.07.28 13:25:19.023,1.45272,1.45279,1.00,1.00
2017.07.28 13:25:19.177,1.45272,1.45281,1.00,1.50
2017.07.28 13:25:19.794,1.45271,1.4528,1.31,1.50
2017.07.28 13:25:20.258,1.45272,1.45283,1.13,1.00
2017.07.28 13:25:20.418,1.45275,1.45286,1.00,1.50
2017.07.28 13:25:20.931,1.45274,1.45285,1.25,1.00
2017.07.28 13:25:21.235,1.45272,1.45283,2.81,1.00
2017.07.28 13:25:21.287,1.45274,1.45285,1.00,1.00
2017.07.28 13:25:21.338,1.45278,1.45284,1.00,1.00
2017.07.28 13:25:21.390,1.45276,1.45285,1.00,1.50
2017.07.28 13:25:21.596,1.45276,1.45287,1.69,1.00
2017.07.28 13:25:21.749,1.45282,1.45287,1.00,1.00
2017.07.28 13:25:21.852,1.45279,1.45288,1.00,1.00
2017.07.28 13:25:22.369,1.45278,1.45288,1.25,1.50
2017.07.28 13:25:22.523,1.4528,1.45288,1.00,1.50
2017.07.28 13:25:23.034,1.45279,1.45288,1.69,1.00
2017.07.28 13:25:23.085,1.45279,1.45288,1.69,1.00
2017.07.28 13:25:23.845,1.45279,1.45289,1.25,1.00
2017.07.28 13:25:24.407,1.45279,1.45288,1.25,1.00
2017.07.28 13:25:24.959,1.45279,1.45289,1.69,1.00
2017.07.28 13:25:25.684,1.45279,1.45288,1.25,1.00
2017.07.28 13:25:25.838,1.45278,1.4529,2.44,1.00
2017.07.28 13:25:26.414,1.45278,1.45288,1.69,1.00
2017.07.28 13:25:26.946,1.45278,1.45289,1.69,1.00
2017.07.28 13:25:27.101,1.45278,1.45291,2.44,1.00
2017.07.28 13:25:27.612,1.45278,1.45292,1.69,1.00
2017.07.28 13:25:27.714,1.45277,1.4529,1.31,1.00
2017.07.28 13:25:27.823,1.45276,1.4529,2.06,1.00
2017.07.28 13:25:27.930,1.45276,1.45288,1.12,1.00
2017.07.28 13:25:28.139,1.45272,1.45286,1.12,1.00
2017.07.28 13:25:28.242,1.45277,1.45286,1.00,1.00
2017.07.28 13:25:28.447,1.45274,1.45288,1.00,1.00
2017.07.28 13:25:28.499,1.45273,1.45285,1.50,1.00
2017.07.28 13:25:28.603,1.45271,1.45285,1.12,1.00
2017.07.28 13:25:28.901,1.45271,1.45283,1.12,1.00
2017.07.28 13:25:29.260,1.45269,1.45283,2.25,1.00
2017.07.28 13:25:29.813,1.45268,1.45282,1.31,1.00
2017.07.28 13:25:29.865,1.45268,1.45279,1.00,1.00
2017.07.28 13:25:30.054,1.45262,1.45276,1.37,1.25
2017.07.28 13:25:30.565,1.45261,1.45275,2.62,1.00
2017.07.28 13:25:31.118,1.45261,1.45275,1.50,1.00
2017.07.28 13:25:31.517,1.45258,1.45272,1.50,1.50
2017.07.28 13:25:31.620,1.45258,1.45272,1.00,1.00
2017.07.28 13:25:31.723,1.4526,1.45272,1.00,1.00
2017.07.28 13:25:31.775,1.45258,1.45273,2.06,1.12
2017.07.28 13:25:31.826,1.4526,1.45275,1.12,1.00
2017.07.28 13:25:32.184,1.45264,1.45278,1.12,1.12
2017.07.28 13:25:32.319,1.45265,1.4528,1.12,1.12
2017.07.28 13:25:32.371,1.45265,1.45278,1.50,1.50
2017.07.28 13:25:32.678,1.45268,1.4528,1.50,1.00
2017.07.28 13:25:33.190,1.45269,1.45281,1.50,1.00
2017.07.28 13:25:33.333,1.45269,1.45283,1.50,2.25
2017.07.28 13:25:33.843,1.45269,1.45282,1.12,1.50
2017.07.28 13:25:34.623,1.4527,1.45282,1.00,1.50
2017.07.28 13:25:35.168,1.45268,1.45282,1.37,1.00
2017.07.28 13:25:35.580,1.45272,1.45282,1.00,1.00
2017.07.28 13:25:35.632,1.4527,1.45282,1.50,1.00
2017.07.28 13:25:36.153,1.45269,1.45283,1.50,2.25
2017.07.28 13:25:36.965,1.45269,1.45283,1.37,2.25
2017.07.28 13:25:37.067,1.4527,1.45283,1.12,1.50
2017.07.28 13:25:37.222,1.45273,1.45286,1.75,1.00
2017.07.28 13:25:37.790,1.45277,1.45289,1.00,1.00
2017.07.28 13:25:39.268,1.45273,1.45285,1.37,1.00
2017.07.28 13:25:39.320,1.4527,1.45284,1.31,1.00
2017.07.28 13:25:39.371,1.45268,1.45282,1.12,1.50
2017.07.28 13:25:39.422,1.45267,1.4528,1.37,1.50
2017.07.28 13:25:39.694,1.45265,1.45278,1.75,1.00
2017.07.28 13:25:40.208,1.45265,1.45281,1.94,1.87
2017.07.28 13:25:40.413,1.45265,1.45278,1.37,1.00
2017.07.28 13:25:41.356,1.45264,1.45279,3.00,1.00
2017.07.28 13:25:41.815,1.45265,1.45282,1.75,1.50
2017.07.28 13:25:41.867,1.45265,1.45279,1.75,1.00
2017.07.28 13:25:42.398,1.45265,1.45279,3.00,1.00
2017.07.28 13:25:42.758,1.45268,1.45279,1.00,1.00
2017.07.28 13:25:42.861,1.45266,1.45279,1.00,1.00
2017.07.28 13:25:43.015,1.45263,1.45274,1.12,1.00
2017.07.28 13:25:43.198,1.45259,1.45272,1.31,1.00
2017.07.28 13:25:43.249,1.45263,1.45274,1.00,1.00
2017.07.28 13:25:43.352,1.45261,1.45274,1.00,1.00
2017.07.28 13:25:43.715,1.45259,1.45274,3.56,1.00
2017.07.28 13:25:44.285,1.4526,1.45274,1.00,1.00
2017.07.28 13:25:44.827,1.45259,1.45273,2.06,1.00
2017.07.28 13:25:45.133,1.45262,1.45273,1.00,1.00
2017.07.28 13:25:45.236,1.45259,1.45272,2.62,1.00
2017.07.28 13:25:45.729,1.45258,1.4527,1.37,1.00
2017.07.28 13:25:46.036,1.45256,1.45268,1.87,1.00
2017.07.28 13:25:46.190,1.45257,1.45268,1.00,1.00
2017.07.28 13:25:46.705,1.45256,1.45268,2.62,1.00
2017.07.28 13:25:49.286,1.45256,1.45267,1.00,1.00
2017.07.28 13:25:49.853,1.45256,1.45268,1.00,1.00
2017.07.28 13:25:49.905,1.45258,1.45269,1.00,1.00
2017.07.28 13:25:50.212,1.45258,1.45267,1.00,1.00
2017.07.28 13:25:50.722,1.45257,1.45267,1.00,1.00
2017.07.28 13:25:51.242,1.45257,1.45268,1.87,1.00
2017.07.28 13:25:52.055,1.45257,1.45269,2.06,1.00
2017.07.28 13:25:52.578,1.45257,1.45268,4.31,1.00
2017.07.28 13:25:52.681,1.45257,1.4527,4.31,1.00
2017.07.28 13:25:53.249,1.4526,1.4527,1.00,1.00
2017.07.28 13:25:53.309,1.45259,1.45272,1.69,1.00
2017.07.28 13:25:53.821,1.4526,1.45272,1.00,1.12
2017.07.28 13:25:54.353,1.45264,1.45273,1.75,1.37
2017.07.28 13:25:54.405,1.45268,1.45279,1.00,1.37
2017.07.28 13:25:54.558,1.45264,1.45275,1.00,1.00
2017.07.28 13:25:54.661,1.45262,1.45273,1.75,1.00
2017.07.28 13:25:55.440,1.45262,1.45273,1.12,1.00
2017.07.28 13:25:55.491,1.45265,1.45273,1.00,1.00
2017.07.28 13:25:55.695,1.45263,1.45273,1.00,1.00
2017.07.28 13:25:56.054,1.45263,1.45275,2.25,1.50
2017.07.28 13:25:56.311,1.45266,1.4528,1.65,1.87
2017.07.28 13:25:56.363,1.45272,1.45283,1.12,4.69
2017.07.28 13:25:56.580,1.45279,1.4529,1.31,1.00
2017.07.28 13:25:56.684,1.45281,1.45292,1.00,1.12
2017.07.28 13:25:56.995,1.4528,1.4529,1.00,1.00
2017.07.28 13:25:57.627,1.45279,1.45292,1.12,1.00
2017.07.28 13:25:57.734,1.45282,1.45293,1.00,1.00
2017.07.28 13:25:57.786,1.4528,1.45293,1.12,1.00
2017.07.28 13:25:57.994,1.4528,1.45291,1.37,1.00
2017.07.28 13:25:58.506,1.45282,1.45292,1.00,1.00
2017.07.28 13:25:58.911,1.45284,1.45295,1.25,1.00
2017.07.28 13:25:59.421,1.45284,1.45296,1.25,1.00
2017.07.28 13:26:00.466,1.45286,1.45296,1.00,1.00
2017.07.28 13:26:00.621,1.45284,1.45296,1.25,1.00
2017.07.28 13:26:00.871,1.45286,1.45298,1.31,1.00
2017.07.28 13:26:01.028,1.45292,1.45302,1.00,1.00
2017.07.28 13:26:01.335,1.45295,1.45303,1.00,1.00
2017.07.28 13:26:01.438,1.45293,1.45304,1.00,1.00
2017.07.28 13:26:01.490,1.45292,1.45302,1.25,1.00
2017.07.28 13:26:02.011,1.45292,1.45305,1.12,1.00
2017.07.28 13:26:02.064,1.45291,1.45297,1.00,1.00
2017.07.28 13:26:02.322,1.4528,1.45293,1.69,1.00
2017.07.28 13:26:02.424,1.4528,1.45291,1.12,1.00
2017.07.28 13:26:02.931,1.45279,1.4529,1.12,1.00
2017.07.28 13:26:03.238,1.45278,1.45287,1.00,1.00
2017.07.28 13:26:03.290,1.45276,1.45287,1.87,1.00
2017.07.28 13:26:03.394,1.45276,1.45285,1.12,1.00
2017.07.28 13:26:03.640,1.45279,1.45289,1.00,1.00
2017.07.28 13:26:04.155,1.45278,1.45284,1.37,1.00
2017.07.28 13:26:04.208,1.45274,1.45286,2.62,1.00
2017.07.28 13:26:04.311,1.45278,1.45287,1.00,1.50
2017.07.28 13:26:04.546,1.45275,1.45286,1.00,1.00
2017.07.28 13:26:04.751,1.45276,1.45288,1.12,1.00
2017.07.28 13:26:05.416,1.4528,1.45289,1.00,1.00
2017.07.28 13:26:05.957,1.4528,1.45291,1.50,1.00
2017.07.28 13:26:06.008,1.45282,1.45291,1.00,1.00
2017.07.28 13:26:06.570,1.45281,1.45291,1.12,1.00
2017.07.28 13:26:07.086,1.45281,1.45292,1.12,1.00
2017.07.28 13:26:07.607,1.45281,1.45292,2.25,1.00
2017.07.28 13:26:07.863,1.4528,1.45292,1.50,1.00
2017.07.28 13:26:07.967,1.4528,1.4529,1.50,1.00
2017.07.28 13:26:08.119,1.45281,1.45292,1.00,1.00
2017.07.28 13:26:08.325,1.45283,1.45291,1.00,1.00
2017.07.28 13:26:08.580,1.45281,1.45294,1.75,1.00
2017.07.28 13:26:08.632,1.45281,1.45292,1.75,1.00
2017.07.28 13:26:09.181,1.45281,1.45293,1.75,1.00
2017.07.28 13:26:09.488,1.45285,1.45292,1.00,1.00
2017.07.28 13:26:09.541,1.45285,1.45295,1.00,1.00
2017.07.28 13:26:09.644,1.45281,1.45296,2.25,1.00
2017.07.28 13:26:09.850,1.45285,1.45294,1.00,1.00
2017.07.28 13:26:09.952,1.45283,1.45296,1.12,1.00
2017.07.28 13:26:10.274,1.45283,1.45294,1.50,1.00
2017.07.28 13:26:10.784,1.45282,1.45293,1.00,1.00
2017.07.28 13:26:11.360,1.45283,1.45294,1.00,1.00
2017.07.28 13:26:11.667,1.4528,1.45292,2.44,1.00
2017.07.28 13:26:11.973,1.45277,1.45284,1.31,1.00
2017.07.28 13:26:12.690,1.45279,1.45284,1.00,1.00
2017.07.28 13:26:12.996,1.45277,1.45282,1.00,1.00
2017.07.28 13:26:13.404,1.4528,1.45284,1.00,1.00
2017.07.28 13:26:13.507,1.45278,1.45283,1.00,1.00
2017.07.28 13:26:14.045,1.45278,1.45283,1.00,1.00
2017.07.28 13:26:14.096,1.4528,1.45284,1.00,1.00
2017.07.28 13:26:14.148,1.45278,1.45283,1.00,1.00
2017.07.28 13:26:14.613,1.4528,1.45284,1.00,1.00
2017.07.28 13:26:14.715,1.45278,1.45282,1.00,1.00
2017.07.28 13:26:15.236,1.45277,1.45283,1.12,1.00
2017.07.28 13:26:15.544,1.4528,1.45284,1.00,1.00
2017.07.28 13:26:15.827,1.45277,1.45283,1.00,1.00
2017.07.28 13:26:16.370,1.45278,1.45283,1.00,1.00
2017.07.28 13:26:16.880,1.45277,1.45282,1.50,1.00
2017.07.28 13:26:17.085,1.45279,1.45283,1.00,1.00
2017.07.28 13:26:17.187,1.45277,1.45282,1.50,1.00
2017.07.28 13:26:17.735,1.45278,1.45282,1.00,1.00
2017.07.28 13:26:18.240,1.45277,1.45282,1.50,1.00
2017.07.28 13:26:18.445,1.45275,1.45281,1.00,1.00
2017.07.28 13:26:18.547,1.45277,1.45281,1.00,1.00
2017.07.28 13:26:18.599,1.45273,1.4528,2.62,1.00
2017.07.28 13:26:18.702,1.45272,1.45279,1.37,1.00
2017.07.28 13:26:18.754,1.45272,1.45277,1.00,1.00
2017.07.28 13:26:19.304,1.45272,1.45277,1.12,1.00
2017.07.28 13:26:19.610,1.45274,1.45279,1.00,1.00
2017.07.28 13:26:20.320,1.45273,1.45279,1.00,1.00
2017.07.28 13:26:20.832,1.45275,1.45279,1.00,1.00
2017.07.28 13:26:20.884,1.45273,1.45279,1.00,1.00
2017.07.28 13:26:21.266,1.45276,1.4528,1.00,1.00
2017.07.28 13:26:21.370,1.45273,1.4528,1.12,1.00
2017.07.28 13:26:21.575,1.45271,1.45277,1.50,1.00
2017.07.28 13:26:22.138,1.45272,1.45278,1.12,1.00
2017.07.28 13:26:23.112,1.45271,1.45279,1.37,1.00
2017.07.28 13:26:23.647,1.45271,1.45278,1.37,1.00
2017.07.28 13:26:24.457,1.4527,1.45276,1.31,1.00
2017.07.28 13:26:24.510,1.45267,1.45275,1.75,1.00
2017.07.28 13:26:24.562,1.45267,1.45274,1.12,1.00
2017.07.28 13:26:24.818,1.45269,1.45274,1.00,1.00
2017.07.28 13:26:24.869,1.45267,1.45274,1.50,1.00
2017.07.28 13:26:25.831,1.45269,1.45274,1.00,1.00
2017.07.28 13:26:26.240,1.45267,1.45274,1.69,1.00
2017.07.28 13:26:26.609,1.45267,1.45274,1.00,1.00
2017.07.28 13:26:27.122,1.45268,1.45276,1.69,1.00
2017.07.28 13:26:27.675,1.45268,1.45276,3.06,1.00
2017.07.28 13:26:28.034,1.45268,1.45277,3.81,1.00
2017.07.28 13:26:28.442,1.45268,1.45276,2.69,1.00
2017.07.28 13:26:28.799,1.45269,1.45276,1.87,1.00
2017.07.28 13:26:29.347,1.45269,1.45277,2.50,1.00
2017.07.28 13:26:29.450,1.45271,1.45279,1.12,1.00
2017.07.28 13:26:29.960,1.45271,1.45279,1.50,1.00
2017.07.28 13:26:30.241,1.4527,1.45277,2.25,1.00
2017.07.28 13:26:30.549,1.45269,1.45275,1.31,1.00
2017.07.28 13:26:30.753,1.45269,1.45275,1.00,1.00
2017.07.28 13:26:30.855,1.45269,1.45275,1.31,1.00
2017.07.28 13:26:31.010,1.45265,1.45272,1.75,1.00
2017.07.28 13:26:31.062,1.45264,1.45269,1.00,1.00
2017.07.28 13:26:31.113,1.4526,1.45272,1.12,1.37
2017.07.28 13:26:31.263,1.4526,1.45265,1.00,1.00
2017.07.28 13:26:31.572,1.45256,1.45264,1.50,1.00
2017.07.28 13:26:31.725,1.45259,1.45264,1.00,1.00
2017.07.28 13:26:31.878,1.45257,1.45264,1.12,1.00
2017.07.28 13:26:32.323,1.45259,1.45263,1.00,1.00
2017.07.28 13:26:32.375,1.45258,1.45263,1.00,1.00
2017.07.28 13:26:32.887,1.45257,1.45263,1.12,1.00
2017.07.28 13:26:32.991,1.45255,1.4526,1.00,1.00
2017.07.28 13:26:33.042,1.45251,1.45258,2.25,1.00
2017.07.28 13:26:33.094,1.45249,1.45257,1.87,1.00
2017.07.28 13:26:33.146,1.45249,1.45255,1.37,1.00
2017.07.28 13:26:33.197,1.45249,1.45255,1.50,1.00
2017.07.28 13:26:33.338,1.45254,1.45262,1.50,1.00
2017.07.28 13:26:33.442,1.45254,1.4526,2.44,1.00
2017.07.28 13:26:33.749,1.45258,1.45264,1.00,1.00
2017.07.28 13:26:34.005,1.45256,1.45264,1.50,1.00
2017.07.28 13:26:34.057,1.45256,1.45262,1.00,1.00
2017.07.28 13:26:34.261,1.45255,1.45264,2.44,1.00
2017.07.28 13:26:34.312,1.45261,1.45265,1.00,1.00
2017.07.28 13:26:34.456,1.45259,1.45265,1.00,1.00
2017.07.28 13:26:34.610,1.45259,1.45267,1.38,1.00
2017.07.28 13:26:34.868,1.45259,1.45266,1.87,1.00
2017.07.28 13:26:35.022,1.45258,1.45266,3.56,1.00
2017.07.28 13:26:35.125,1.45262,1.45271,1.12,1.00
2017.07.28 13:26:35.176,1.45259,1.45266,1.00,1.00
2017.07.28 13:26:35.535,1.45261,1.45266,1.00,1.00
2017.07.28 13:26:36.065,1.4526,1.45266,1.00,1.00
2017.07.28 13:26:36.728,1.45261,1.45268,1.00,1.00
2017.07.28 13:26:37.272,1.4526,1.45269,1.62,1.00
2017.07.28 13:26:37.834,1.45261,1.45268,1.12,1.00
2017.07.28 13:26:38.606,1.45263,1.45271,1.00,1.00
2017.07.28 13:26:38.658,1.45263,1.45269,1.00,1.00
2017.07.28 13:26:38.709,1.45262,1.45276,1.25,1.00
2017.07.28 13:26:38.761,1.45262,1.45268,1.00,1.00
2017.07.28 13:26:39.119,1.45264,1.45271,1.50,1.00
2017.07.28 13:26:39.221,1.45264,1.45273,3.41,1.00
2017.07.28 13:26:39.747,1.45267,1.45274,1.87,1.00
2017.07.28 13:26:40.257,1.45267,1.45273,1.87,1.00
2017.07.28 13:26:42.733,1.45267,1.45274,1.00,1.00
2017.07.28 13:26:43.040,1.45266,1.45272,1.12,1.00
2017.07.28 13:26:43.092,1.45268,1.45275,1.25,1.00
2017.07.28 13:26:43.195,1.45272,1.45276,1.00,1.00
2017.07.28 13:26:43.246,1.4527,1.45276,1.00,1.00
2017.07.28 13:26:43.442,1.45268,1.45275,3.00,1.00
2017.07.28 13:26:43.749,1.45271,1.45275,1.00,1.00
2017.07.28 13:26:43.903,1.45269,1.45276,1.12,1.00
2017.07.28 13:26:44.461,1.45268,1.45275,1.62,1.00
2017.07.28 13:26:44.820,1.45267,1.45273,2.06,1.00
2017.07.28 13:26:45.334,1.45267,1.45273,2.06,1.00
2017.07.28 13:26:45.810,1.45265,1.45271,1.31,1.00
2017.07.28 13:26:46.118,1.45266,1.45273,1.19,1.00
2017.07.28 13:26:46.222,1.45265,1.45271,2.06,1.00
2017.07.28 13:26:46.630,1.45266,1.45273,1.19,1.00
2017.07.28 13:26:46.909,1.45265,1.45271,1.19,1.00
2017.07.28 13:26:47.447,1.45264,1.4527,1.50,1.00
2017.07.28 13:26:47.703,1.45266,1.45272,1.00,1.00
2017.07.28 13:26:48.246,1.45265,1.45272,1.69,1.00
2017.07.28 13:26:48.602,1.45264,1.4527,1.81,1.00
2017.07.28 13:26:49.115,1.45265,1.45271,1.31,1.00
2017.07.28 13:26:49.626,1.45266,1.45271,1.00,1.00
2017.07.28 13:26:49.728,1.45265,1.45273,2.81,1.00
2017.07.28 13:26:50.327,1.45267,1.45273,1.00,1.00
2017.07.28 13:26:50.636,1.45264,1.45273,3.19,1.00
2017.07.28 13:26:50.687,1.45265,1.45271,1.25,1.00
2017.07.28 13:26:51.501,1.45266,1.45271,1.00,1.00
2017.07.28 13:26:52.010,1.45264,1.4527,1.50,1.00
2017.07.28 13:26:52.268,1.45261,1.4527,1.31,1.00
2017.07.28 13:26:52.320,1.45261,1.4527,1.94,1.00
2017.07.28 13:26:52.525,1.45266,1.45273,1.12,1.00
2017.07.28 13:26:52.678,1.45268,1.45273,1.00,1.00
2017.07.28 13:26:53.223,1.45267,1.45273,1.50,1.00
2017.07.28 13:26:53.740,1.45267,1.45272,1.87,1.00
2017.07.28 13:26:53.843,1.45267,1.45275,1.87,1.00
2017.07.28 13:26:54.303,1.45267,1.45273,1.50,1.00
2017.07.28 13:26:54.826,1.45265,1.45272,1.50,1.00
2017.07.28 13:26:55.336,1.45265,1.45273,1.87,1.00
2017.07.28 13:26:55.387,1.45265,1.45273,2.25,1.00
2017.07.28 13:26:55.897,1.45267,1.45273,1.00,1.00
2017.07.28 13:26:56.406,1.45265,1.45272,2.44,1.00
2017.07.28 13:26:56.919,1.45264,1.45271,1.50,1.00
2017.07.28 13:26:57.072,1.45264,1.4527,1.87,1.00
2017.07.28 13:26:57.327,1.45262,1.45268,1.44,1.00
2017.07.28 13:26:57.481,1.45262,1.45271,1.88,1.00
2017.07.28 13:26:57.532,1.45266,1.45271,1.00,1.00
2017.07.28 13:26:58.041,1.45264,1.45271,1.50,1.00
2017.07.28 13:26:58.450,1.45266,1.45273,1.00,1.00
2017.07.28 13:26:58.561,1.45265,1.45271,1.00,1.00
2017.07.28 13:26:58.868,1.45268,1.45272,1.00,1.00
2017.07.28 13:26:59.072,1.45265,1.45271,1.12,1.00
2017.07.28 13:27:00.139,1.45265,1.45271,1.50,1.00
2017.07.28 13:27:00.343,1.45263,1.45271,2.25,1.00
2017.07.28 13:27:00.752,1.45266,1.45271,1.00,1.00
2017.07.28 13:27:01.096,1.45263,1.45271,1.12,1.00
2017.07.28 13:27:01.402,1.45266,1.45271,1.00,1.00
2017.07.28 13:27:01.504,1.45263,1.45271,1.12,1.00
2017.07.28 13:27:01.861,1.45265,1.4527,1.00,1.00
2017.07.28 13:27:02.167,1.45263,1.45271,1.31,1.00
2017.07.28 13:27:02.528,1.45265,1.45271,1.00,1.00
2017.07.28 13:27:02.632,1.45263,1.45271,1.31,1.00
2017.07.28 13:27:02.938,1.45263,1.45268,1.00,1.00
2017.07.28 13:27:03.094,1.45254,1.45263,3.00,1.00
2017.07.28 13:27:03.197,1.45253,1.4526,2.06,1.00
2017.07.28 13:27:03.249,1.45253,1.4526,1.62,1.00
2017.07.28 13:27:03.353,1.45253,1.45262,1.25,1.00
2017.07.28 13:27:03.405,1.45257,1.45262,1.00,1.00
2017.07.28 13:27:03.560,1.45255,1.45262,1.00,1.00
2017.07.28 13:27:03.705,1.45255,1.4526,1.00,1.00
2017.07.28 13:27:03.807,1.45253,1.4526,1.69,1.00
2017.07.28 13:27:04.267,1.45255,1.45262,1.37,1.00
2017.07.28 13:27:04.527,1.45258,1.45265,1.00,1.00
2017.07.28 13:27:04.894,1.45256,1.45263,2.44,1.00
2017.07.28 13:27:04.997,1.45258,1.45266,1.25,1.00
2017.07.28 13:27:05.151,1.45257,1.45264,3.19,1.00
2017.07.28 13:27:05.458,1.4526,1.45266,1.00,1.00
2017.07.28 13:27:05.717,1.45258,1.45265,1.31,1.00
2017.07.28 13:27:05.972,1.45259,1.45267,1.00,1.00
2017.07.28 13:27:06.024,1.45261,1.45268,1.12,1.00
2017.07.28 13:27:06.670,1.45261,1.45267,1.00,1.00
2017.07.28 13:27:07.184,1.45261,1.45268,1.87,1.00
2017.07.28 13:27:07.719,1.45261,1.45268,1.69,1.00
2017.07.28 13:27:08.534,1.45261,1.45268,2.44,1.00
2017.07.28 13:27:09.045,1.45262,1.45267,1.00,1.00
2017.07.28 13:27:09.570,1.45262,1.45268,1.00,1.00
2017.07.28 13:27:10.081,1.4526,1.45267,2.81,1.00
2017.07.28 13:27:10.589,1.45261,1.45268,1.69,1.00
2017.07.28 13:27:10.988,1.45261,1.4527,2.44,1.00
2017.07.28 13:27:11.294,1.45261,1.45267,3.19,1.00
2017.07.28 13:27:11.397,1.45261,1.4527,2.06,1.00
2017.07.28 13:27:11.450,1.45261,1.45268,1.50,1.00
2017.07.28 13:27:11.604,1.45258,1.45266,1.00,1.00
2017.07.28 13:27:11.760,1.45258,1.45264,1.00,1.00
2017.07.28 13:27:11.912,1.45259,1.45272,1.00,1.00
2017.07.28 13:27:12.428,1.4526,1.45272,1.00,1.00
2017.07.28 13:27:12.785,1.45258,1.45266,1.25,1.00
2017.07.28 13:27:13.127,1.45261,1.45267,1.12,1.00
2017.07.28 13:27:13.230,1.45261,1.45269,3.00,1.00
2017.07.28 13:27:13.385,1.45263,1.45269,1.00,1.00
2017.07.28 13:27:13.723,1.45256,1.45263,1.50,1.00
2017.07.28 13:27:14.257,1.45255,1.45262,1.37,1.00
2017.07.28 13:27:16.564,1.45255,1.45262,1.12,1.00
2017.07.28 13:27:17.145,1.45255,1.45262,1.00,1.00
2017.07.28 13:27:17.669,1.45254,1.45262,1.62,1.00
2017.07.28 13:27:18.802,1.45254,1.45263,1.00,1.00
2017.07.28 13:27:19.455,1.45254,1.45263,1.31,1.00
2017.07.28 13:27:19.966,1.45256,1.45263,1.00,1.00
2017.07.28 13:27:20.272,1.45258,1.45263,1.00,1.00
2017.07.28 13:27:20.731,1.45256,1.45263,1.00,1.00
2017.07.28 13:27:20.998,1.45259,1.45263,1.00,1.00
2017.07.28 13:27:21.183,1.45257,1.45263,1.25,1.00
2017.07.28 13:27:21.694,1.45256,1.45263,1.00,1.00
2017.07.28 13:27:21.847,1.45259,1.45265,1.00,1.00
2017.07.28 13:27:22.235,1.45257,1.45264,1.00,1.00
2017.07.28 13:27:22.770,1.45256,1.45264,2.25,1.00
2017.07.28 13:27:23.127,1.45255,1.45262,1.87,1.00
2017.07.28 13:27:23.640,1.45254,1.45262,1.12,1.00
2017.07.28 13:27:24.002,1.45256,1.45264,1.12,1.00
2017.07.28 13:27:24.310,1.45253,1.45261,1.69,1.00
2017.07.28 13:27:24.882,1.45252,1.4526,1.12,1.00
2017.07.28 13:27:25.192,1.45251,1.45258,1.37,1.00
2017.07.28 13:27:25.294,1.45251,1.45258,1.50,1.00
2017.07.28 13:27:25.806,1.45251,1.45259,2.81,1.00
2017.07.28 13:27:26.339,1.4525,1.45258,1.81,1.00
2017.07.28 13:27:26.494,1.45251,1.4526,1.25,1.00
2017.07.28 13:27:26.801,1.45252,1.45258,1.25,1.00
2017.07.28 13:27:27.322,1.45252,1.4526,1.16,1.00
2017.07.28 13:27:27.477,1.45254,1.45262,1.00,1.00
2017.07.28 13:27:27.990,1.45255,1.45262,2.06,1.00
2017.07.28 13:27:28.194,1.45256,1.45262,1.37,1.00
2017.07.28 13:27:28.587,1.45256,1.45265,1.69,1.00
2017.07.28 13:27:29.099,1.45256,1.45264,2.44,1.00
2017.07.28 13:27:29.611,1.45254,1.45261,1.87,1.00
2017.07.28 13:27:29.663,1.45252,1.4526,2.62,1.00
2017.07.28 13:27:30.027,1.45256,1.45262,1.12,1.00
2017.07.28 13:27:30.284,1.45256,1.45265,2.44,1.00
2017.07.28 13:27:30.585,1.45255,1.45263,3.37,1.00
2017.07.28 13:27:30.637,1.45255,1.45263,2.62,1.00
2017.07.28 13:27:30.792,1.45255,1.45261,1.62,1.00
2017.07.28 13:27:31.302,1.45254,1.45262,1.69,1.00
2017.07.28 13:27:31.849,1.45254,1.45262,1.25,1.00
2017.07.28 13:27:32.370,1.45254,1.45261,1.25,1.00
2017.07.28 13:27:35.098,1.45255,1.4526,1.00,1.00
2017.07.28 13:27:35.200,1.45254,1.45263,1.87,1.00
2017.07.28 13:27:35.304,1.45254,1.45262,1.25,1.00
2017.07.28 13:27:35.356,1.45252,1.4526,3.00,1.00
2017.07.28 13:27:35.509,1.45255,1.45263,1.00,1.00
2017.07.28 13:27:35.908,1.45255,1.45266,1.12,1.00
2017.07.28 13:27:36.010,1.45257,1.45267,1.00,1.00
2017.07.28 13:27:36.113,1.45256,1.45269,2.06,1.00
2017.07.28 13:27:36.914,1.45256,1.45267,1.87,1.00
2017.07.28 13:27:37.119,1.45256,1.45267,1.25,1.00
2017.07.28 13:27:37.171,1.45256,1.45268,2.44,1.00
2017.07.28 13:27:37.428,1.45257,1.45268,1.00,1.00
2017.07.28 13:27:38.436,1.45254,1.45266,1.12,1.00
2017.07.28 13:27:38.744,1.45253,1.45267,1.31,1.00
2017.07.28 13:27:38.948,1.45251,1.45263,1.37,1.00
2017.07.28 13:27:40.410,1.45253,1.45264,1.12,1.00
2017.07.28 13:27:40.462,1.45253,1.45266,1.12,1.00
2017.07.28 13:27:40.824,1.45252,1.45265,3.15,1.00
2017.07.28 13:27:41.029,1.45257,1.45272,1.12,1.37
2017.07.28 13:27:41.080,1.45257,1.45273,1.31,1.75
2017.07.28 13:27:41.183,1.45256,1.45272,3.19,1.00
2017.07.28 13:27:41.694,1.45257,1.45273,2.06,1.00
2017.07.28 13:27:41.898,1.45256,1.45271,1.19,1.50
2017.07.28 13:27:42.251,1.45259,1.45273,1.50,1.12
2017.07.28 13:27:42.303,1.45259,1.45275,1.69,1.75
2017.07.28 13:27:42.409,1.45259,1.45276,1.69,1.87
2017.07.28 13:27:42.929,1.45259,1.45275,2.44,1.00
2017.07.28 13:27:43.082,1.45261,1.45277,1.50,1.12
2017.07.28 13:27:43.624,1.45262,1.45278,1.12,1.00
2017.07.28 13:27:44.142,1.45262,1.45279,1.00,1.00
2017.07.28 13:27:45.368,1.45262,1.45279,1.87,1.50
2017.07.28 13:27:45.880,1.45262,1.45278,3.00,1.00
2017.07.28 13:27:46.214,1.45262,1.45276,1.25,1.00
2017.07.28 13:27:46.266,1.45262,1.45279,1.69,2.25
2017.07.28 13:27:46.625,1.45262,1.45277,1.31,1.50
2017.07.28 13:27:47.503,1.45262,1.45278,1.12,1.12
2017.07.28 13:27:48.014,1.45262,1.45277,1.25,1.00
2017.07.28 13:27:48.220,1.45262,1.45279,1.69,1.00
2017.07.28 13:27:48.392,1.45256,1.45271,3.37,1.00
2017.07.28 13:27:48.446,1.45255,1.45271,1.50,1.50
2017.07.28 13:27:48.959,1.45255,1.45271,1.87,1.00
2017.07.28 13:27:49.788,1.45255,1.45271,1.87,1.00
2017.07.28 13:27:50.299,1.45252,1.45268,4.50,1.00
2017.07.28 13:27:50.679,1.45252,1.45265,1.50,1.00
2017.07.28 13:27:50.986,1.4525,1.45266,1.81,1.00
2017.07.28 13:27:51.089,1.45251,1.45266,1.87,1.00
2017.07.28 13:27:51.396,1.45253,1.45266,1.31,1.00
2017.07.28 13:27:51.852,1.45257,1.45271,1.69,1.12
2017.07.28 13:27:52.059,1.45265,1.45277,1.00,1.25
2017.07.28 13:27:52.213,1.45264,1.45279,1.81,1.12
2017.07.28 13:27:52.555,1.45268,1.45282,1.31,1.75
2017.07.28 13:27:52.609,1.45268,1.45284,2.62,1.00
2017.07.28 13:27:54.097,1.45269,1.45285,1.87,1.00
2017.07.28 13:27:54.637,1.45268,1.45282,1.50,1.00
2017.07.28 13:27:54.689,1.45267,1.45282,1.37,1.00
2017.07.28 13:27:54.793,1.45267,1.4528,1.37,1.00
2017.07.28 13:27:55.341,1.45267,1.4528,1.25,1.00
2017.07.28 13:27:55.649,1.45265,1.45277,1.62,1.00
2017.07.28 13:27:56.092,1.45266,1.45278,1.69,1.12
2017.07.28 13:27:56.145,1.45269,1.45282,1.25,1.00
2017.07.28 13:27:56.197,1.45271,1.45282,1.00,1.00
2017.07.28 13:27:56.505,1.45271,1.45282,1.19,1.00
2017.07.28 13:27:57.097,1.45271,1.45282,1.50,1.00
2017.07.28 13:27:57.352,1.45271,1.45282,2.06,1.00
2017.07.28 13:27:57.863,1.45271,1.45284,2.25,1.00
2017.07.28 13:27:58.401,1.45271,1.45283,1.37,1.00
2017.07.28 13:27:59.247,1.45275,1.45285,1.00,1.00
2017.07.28 13:27:59.298,1.45272,1.45285,1.50,1.00
2017.07.28 13:27:59.401,1.45273,1.45287,1.25,1.00
2017.07.28 13:27:59.452,1.45275,1.45289,1.87,1.00
2017.07.28 13:27:59.816,1.45276,1.45291,1.31,1.00
2017.07.28 13:28:00.126,1.45276,1.45292,3.19,1.50
2017.07.28 13:28:00.481,1.45276,1.45288,3.56,1.00
2017.07.28 13:28:00.635,1.45278,1.45292,2.06,1.00
2017.07.28 13:28:00.993,1.4528,1.45289,1.12,1.00
2017.07.28 13:28:01.502,1.45278,1.45288,1.62,1.00
2017.07.28 13:28:01.604,1.45278,1.4529,1.56,1.00
2017.07.28 13:28:02.118,1.45278,1.45288,1.94,1.00
2017.07.28 13:28:02.377,1.45272,1.45282,1.31,1.00
2017.07.28 13:28:02.429,1.45273,1.45287,2.44,1.00
2017.07.28 13:28:02.944,1.45275,1.45285,2.06,1.00
2017.07.28 13:28:03.251,1.45275,1.45283,1.12,1.00
2017.07.28 13:28:03.609,1.45271,1.45281,1.75,1.00
2017.07.28 13:28:03.752,1.4527,1.45281,1.44,1.00
2017.07.28 13:28:03.804,1.45271,1.45281,1.31,1.00
2017.07.28 13:28:03.906,1.45272,1.45283,1.69,1.00
2017.07.28 13:28:04.417,1.45272,1.45282,1.31,1.00
2017.07.28 13:28:04.927,1.45273,1.45283,1.25,1.00
2017.07.28 13:28:05.200,1.45271,1.45281,1.50,1.00
2017.07.28 13:28:05.966,1.45268,1.45279,1.87,1.00
2017.07.28 13:28:06.171,1.45267,1.45279,2.62,1.00
2017.07.28 13:28:06.222,1.45267,1.45277,1.87,1.00
2017.07.28 13:28:06.753,1.45267,1.45278,1.87,1.00
2017.07.28 13:28:07.265,1.45267,1.45278,2.62,1.00
2017.07.28 13:28:07.778,1.45267,1.45277,2.25,1.00
2017.07.28 13:28:08.087,1.45266,1.45274,1.75,1.00
2017.07.28 13:28:08.190,1.45265,1.45275,1.50,1.00
2017.07.28 13:28:08.447,1.45272,1.45276,1.00,1.00
2017.07.28 13:28:08.499,1.45272,1.45279,1.00,1.00
2017.07.28 13:28:08.602,1.45272,1.4528,1.37,1.00
2017.07.28 13:28:08.706,1.45271,1.45282,1.37,1.00
2017.07.28 13:28:08.810,1.45272,1.4528,1.62,1.00
2017.07.28 13:28:09.066,1.45271,1.45283,1.56,1.00
2017.07.28 13:28:09.480,1.45279,1.45284,1.00,1.00
2017.07.28 13:28:09.582,1.45277,1.45284,1.00,1.00
2017.07.28 13:28:09.635,1.45273,1.45282,1.69,1.00
2017.07.28 13:28:09.840,1.45277,1.45282,1.00,1.00
2017.07.28 13:28:10.194,1.45275,1.45282,1.00,1.00
2017.07.28 13:28:10.656,1.45273,1.45284,1.31,1.00
2017.07.28 13:28:11.112,1.45273,1.45281,1.31,1.00
2017.07.28 13:28:11.615,1.45271,1.45282,2.44,1.00
2017.07.28 13:28:11.821,1.45271,1.45282,1.31,1.00
2017.07.28 13:28:12.342,1.45269,1.45281,2.06,1.00
2017.07.28 13:28:12.445,1.45272,1.45281,1.00,1.00
2017.07.28 13:28:12.548,1.4527,1.45281,1.69,1.00
2017.07.28 13:28:12.702,1.4527,1.45279,1.69,1.00
2017.07.28 13:28:13.317,1.4527,1.45283,1.12,1.00
2017.07.28 13:28:13.713,1.45268,1.45279,1.31,1.00
2017.07.28 13:28:13.765,1.45262,1.45276,1.56,1.00
2017.07.28 13:28:13.867,1.45262,1.45278,1.50,1.69
2017.07.28 13:28:13.918,1.45264,1.45277,1.56,1.00
2017.07.28 13:28:13.970,1.45267,1.45279,1.00,1.50
2017.07.28 13:28:14.073,1.45269,1.45279,1.00,1.12
2017.07.28 13:28:14.175,1.45266,1.45281,1.00,1.50
2017.07.28 13:28:14.585,1.45267,1.45281,1.62,1.00
2017.07.28 13:28:15.053,1.45268,1.45283,1.69,1.00
2017.07.28 13:28:15.360,1.45269,1.45281,1.12,1.00
2017.07.28 13:28:15.666,1.45268,1.45283,2.81,1.00
2017.07.28 13:28:16.014,1.45269,1.4528,1.25,1.00
2017.07.28 13:28:16.376,1.45268,1.45277,1.50,1.00
2017.07.28 13:28:16.886,1.45265,1.45277,3.19,1.00
2017.07.28 13:28:16.937,1.45266,1.45277,1.69,1.00
2017.07.28 13:28:17.698,1.45265,1.45276,3.19,1.00
2017.07.28 13:28:18.210,1.45266,1.45276,1.69,1.00
2017.07.28 13:28:18.758,1.45266,1.45277,1.19,1.00
2017.07.28 13:28:19.290,1.45266,1.45277,1.19,1.00
2017.07.28 13:28:19.608,1.45268,1.4528,1.00,1.00
2017.07.28 13:28:19.660,1.45268,1.4528,1.56,1.00
2017.07.28 13:28:20.172,1.4527,1.45282,1.25,1.00
2017.07.28 13:28:20.627,1.45272,1.45282,1.00,1.00
2017.07.28 13:28:20.781,1.4527,1.45282,1.00,1.00
2017.07.28 13:28:20.834,1.45271,1.4528,1.00,1.00
2017.07.28 13:28:21.381,1.45275,1.45283,1.00,1.00
2017.07.28 13:28:21.688,1.45274,1.45286,1.00,1.00
2017.07.28 13:28:21.995,1.45273,1.45283,1.00,1.00
2017.07.28 13:28:22.303,1.4527,1.45281,1.37,1.00
2017.07.28 13:28:22.821,1.4527,1.45282,1.12,1.00
2017.07.28 13:28:23.128,1.45272,1.45283,1.00,1.00
2017.07.28 13:28:23.723,1.45276,1.45282,1.00,1.00
2017.07.28 13:28:23.928,1.45273,1.45283,1.00,1.00
2017.07.28 13:28:24.031,1.45271,1.45283,2.25,1.00
2017.07.28 13:28:24.366,1.45275,1.45282,1.00,1.00
2017.07.28 13:28:24.418,1.45275,1.45284,1.00,1.00
2017.07.28 13:28:24.521,1.45273,1.45283,1.00,1.00
2017.07.28 13:28:24.939,1.45271,1.45282,1.12,1.00
2017.07.28 13:28:25.042,1.45269,1.45282,1.69,1.00
2017.07.28 13:28:25.400,1.45271,1.45282,1.00,1.00
2017.07.28 13:28:26.200,1.45269,1.45282,1.69,1.00
2017.07.28 13:28:26.712,1.45271,1.45282,1.00,1.00
2017.07.28 13:28:27.271,1.45271,1.45283,1.00,1.00
2017.07.28 13:28:27.576,1.4527,1.45281,1.25,1.00
2017.07.28 13:28:27.884,1.45274,1.45285,2.25,1.00
2017.07.28 13:28:27.986,1.45274,1.45287,2.06,1.00
2017.07.28 13:28:28.141,1.45279,1.45286,1.00,1.00
2017.07.28 13:28:28.473,1.45275,1.45287,1.00,1.12
2017.07.28 13:28:28.525,1.4527,1.45281,1.50,1.00
2017.07.28 13:28:28.832,1.45273,1.45281,1.00,1.00
2017.07.28 13:28:29.351,1.45272,1.45281,1.00,1.00
2017.07.28 13:28:29.879,1.45273,1.45282,1.00,1.00
2017.07.28 13:28:30.083,1.4527,1.45282,1.37,1.00
2017.07.28 13:28:30.135,1.45269,1.4528,2.25,1.00
2017.07.28 13:28:30.647,1.45269,1.4528,1.31,1.00
2017.07.28 13:28:31.152,1.45266,1.4528,1.69,1.00
2017.07.28 13:28:31.359,1.4527,1.45281,1.62,1.00
2017.07.28 13:28:31.461,1.45271,1.45283,1.12,1.00
2017.07.28 13:28:31.666,1.45269,1.45281,2.44,1.00
2017.07.28 13:28:31.718,1.45269,1.45283,2.44,1.00
2017.07.28 13:28:31.973,1.45268,1.45279,1.69,1.00
2017.07.28 13:28:32.358,1.45271,1.4528,1.00,1.00
2017.07.28 13:28:32.410,1.45269,1.4528,1.12,1.00
2017.07.28 13:28:32.807,1.45273,1.45284,1.00,1.00
2017.07.28 13:28:33.115,1.45274,1.45286,2.81,1.00
2017.07.28 13:28:33.441,1.45273,1.45283,1.37,1.00
2017.07.28 13:28:33.911,1.4527,1.45281,1.50,1.00
2017.07.28 13:28:34.115,1.45268,1.45279,1.50,1.00
2017.07.28 13:28:34.938,1.45266,1.45279,3.75,1.00
2017.07.28 13:28:35.450,1.45267,1.45278,2.44,1.00
2017.07.28 13:28:35.502,1.45266,1.4528,4.87,1.00
2017.07.28 13:28:35.604,1.45273,1.45281,1.00,1.00
2017.07.28 13:28:35.707,1.45273,1.45283,1.00,1.00
2017.07.28 13:28:35.810,1.45272,1.45285,1.00,1.00
2017.07.28 13:28:35.861,1.45273,1.45285,1.50,1.00
2017.07.28 13:28:36.399,1.45273,1.45284,1.50,1.00
2017.07.28 13:28:36.909,1.45273,1.45285,1.69,1.00
2017.07.28 13:28:37.164,1.45275,1.45288,1.69,1.00
2017.07.28 13:28:37.216,1.45277,1.45288,1.56,1.00
2017.07.28 13:28:37.540,1.4528,1.45289,1.00,1.00
2017.07.28 13:28:37.744,1.45277,1.45289,1.87,1.00
2017.07.28 13:28:38.052,1.45281,1.45289,1.00,1.00
2017.07.28 13:28:38.103,1.45281,1.45291,1.00,1.00
2017.07.28 13:28:38.257,1.45281,1.45293,1.00,1.00
2017.07.28 13:28:38.308,1.45286,1.45293,1.00,1.00
2017.07.28 13:28:38.360,1.45283,1.45293,1.00,1.00
2017.07.28 13:28:38.648,1.45281,1.45293,1.25,1.00
2017.07.28 13:28:39.161,1.4528,1.45292,1.62,1.00
2017.07.28 13:28:39.721,1.45281,1.45293,1.69,1.00
2017.07.28 13:28:39.772,1.45285,1.45293,1.00,1.00
2017.07.28 13:28:39.926,1.45283,1.45293,1.00,1.00
2017.07.28 13:28:39.978,1.45283,1.45295,1.12,1.00
2017.07.28 13:28:40.801,1.45283,1.45293,1.00,1.00
2017.07.28 13:28:41.180,1.4528,1.45291,1.12,1.00
2017.07.28 13:28:42.124,1.4528,1.45291,1.37,1.00
2017.07.28 13:28:42.385,1.45281,1.45293,1.62,1.00
2017.07.28 13:28:42.540,1.45284,1.45292,1.00,1.00
2017.07.28 13:28:42.592,1.45285,1.45296,1.00,1.00
2017.07.28 13:28:42.643,1.45284,1.45294,1.00,1.00
2017.07.28 13:28:42.695,1.45281,1.45294,1.69,1.00
2017.07.28 13:28:42.849,1.45282,1.45291,1.49,1.00
2017.07.28 13:28:43.033,1.45291,1.45302,1.44,1.00
2017.07.28 13:28:43.085,1.45292,1.45306,1.31,1.00
2017.07.28 13:28:43.136,1.45297,1.45306,1.00,1.00
2017.07.28 13:28:43.188,1.45295,1.45306,1.00,1.00
2017.07.28 13:28:43.291,1.45296,1.45308,1.00,1.00
2017.07.28 13:28:43.343,1.45294,1.45308,1.00,1.00
2017.07.28 13:28:43.446,1.45294,1.45306,1.00,1.00
2017.07.28 13:28:43.960,1.45293,1.45306,1.00,1.00
2017.07.28 13:28:44.464,1.45294,1.45306,1.00,1.00
2017.07.28 13:28:44.977,1.45293,1.45307,1.12,1.00
2017.07.28 13:28:45.292,1.45295,1.45307,1.00,1.00
2017.07.28 13:28:45.394,1.45293,1.45307,1.12,1.00
2017.07.28 13:28:45.815,1.45295,1.45307,1.00,1.00
2017.07.28 13:28:46.273,1.45292,1.45307,1.50,1.00
2017.07.28 13:28:46.821,1.45292,1.45306,1.87,1.00
2017.07.28 13:28:48.055,1.45292,1.45308,1.12,1.00
2017.07.28 13:28:48.106,1.45296,1.45308,1.00,1.00
2017.07.28 13:28:48.311,1.45292,1.45308,2.62,1.00
2017.07.28 13:28:48.515,1.45292,1.45308,2.62,1.00
2017.07.28 13:28:48.617,1.45293,1.45308,1.37,1.00
2017.07.28 13:28:48.873,1.45292,1.45307,1.12,1.87
2017.07.28 13:28:49.243,1.45294,1.45307,1.00,2.25
2017.07.28 13:28:49.601,1.45297,1.45307,1.00,2.25
2017.07.28 13:28:49.653,1.45295,1.45307,1.00,1.00
2017.07.28 13:28:49.806,1.45293,1.45306,1.00,1.00
2017.07.28 13:28:50.209,1.45295,1.45307,1.00,1.00
2017.07.28 13:28:50.572,1.45292,1.45307,1.37,1.00
2017.07.28 13:28:51.178,1.45295,1.45309,1.00,1.12
2017.07.28 13:28:51.816,1.45294,1.45309,1.87,1.00
2017.07.28 13:28:52.123,1.45292,1.45307,1.12,1.12
2017.07.28 13:28:52.428,1.45293,1.45307,1.37,1.12
2017.07.28 13:28:53.409,1.45293,1.45306,1.12,1.00
2017.07.28 13:28:53.946,1.45294,1.45307,1.00,1.87
2017.07.28 13:28:54.479,1.45293,1.45308,1.00,2.25
2017.07.28 13:28:55.024,1.45294,1.45307,1.00,1.12
2017.07.28 13:28:55.282,1.45296,1.45311,1.87,1.12
2017.07.28 13:28:55.539,1.45299,1.45311,1.00,1.12
2017.07.28 13:28:56.301,1.45297,1.45311,1.12,1.12
2017.07.28 13:28:56.964,1.45295,1.4531,1.12,1.00
2017.07.28 13:28:57.474,1.45296,1.4531,1.00,1.25
2017.07.28 13:28:57.734,1.45299,1.45312,1.50,1.75
2017.07.28 13:28:58.084,1.45307,1.45319,1.00,1.00
2017.07.28 13:28:58.238,1.45307,1.45321,1.00,1.00
2017.07.28 13:28:58.392,1.45305,1.45319,1.12,1.00
2017.07.28 13:28:58.649,1.45307,1.45324,1.12,1.37
2017.07.28 13:28:58.854,1.45307,1.45322,1.00,1.87
2017.07.28 13:28:59.314,1.45309,1.45322,1.00,1.44
2017.07.28 13:28:59.416,1.45307,1.45322,1.00,1.44
2017.07.28 13:28:59.774,1.4531,1.45322,1.00,1.25
2017.07.28 13:28:59.979,1.45307,1.45321,1.00,1.19
2017.07.28 13:29:00.607,1.45308,1.45322,1.00,1.19
2017.07.28 13:29:00.964,1.45306,1.45322,1.12,1.19
2017.07.28 13:29:01.270,1.45309,1.45323,1.00,2.62
2017.07.28 13:29:01.471,1.45307,1.45321,1.12,1.19
2017.07.28 13:29:01.881,1.45305,1.4532,1.50,1.00
2017.07.28 13:29:01.933,1.45305,1.4532,3.00,1.00
2017.07.28 13:29:02.192,1.45317,1.45331,1.00,1.12
2017.07.28 13:29:02.295,1.4532,1.45332,1.00,1.25
2017.07.28 13:29:02.347,1.45318,1.45332,1.00,1.25
2017.07.28 13:29:02.861,1.45317,1.45332,1.87,1.31
2017.07.28 13:29:03.373,1.45319,1.45332,1.00,2.06
2017.07.28 13:29:03.680,1.45317,1.45332,2.62,1.12
2017.07.28 13:29:03.733,1.45317,1.45333,2.25,1.37
2017.07.28 13:29:04.043,1.45317,1.45332,1.50,1.87
2017.07.28 13:29:04.401,1.45316,1.4533,1.50,1.00
2017.07.28 13:29:04.453,1.45315,1.4533,1.12,1.00
2017.07.28 13:29:04.708,1.45311,1.45325,1.75,1.00
2017.07.28 13:29:04.811,1.45309,1.45324,1.87,1.00
2017.07.28 13:29:05.343,1.45311,1.45326,1.00,3.75
2017.07.28 13:29:05.753,1.45315,1.45329,1.12,2.62
2017.07.28 13:29:06.110,1.45311,1.45326,1.50,1.25
2017.07.28 13:29:06.280,1.45318,1.45329,1.00,2.25
2017.07.28 13:29:06.436,1.45319,1.45334,1.00,2.81
2017.07.28 13:29:06.488,1.45317,1.45333,1.87,1.00
2017.07.28 13:29:06.744,1.45319,1.45334,1.00,3.56
2017.07.28 13:29:07.405,1.45315,1.45329,3.75,1.00
2017.07.28 13:29:07.937,1.45318,1.45329,1.00,1.00
2017.07.28 13:29:08.520,1.45317,1.4533,1.37,1.00
2017.07.28 13:29:09.071,1.45317,1.45328,1.37,1.00
2017.07.28 13:29:09.630,1.45315,1.45326,3.00,1.00
2017.07.28 13:29:09.884,1.45314,1.45325,1.12,1.00
2017.07.28 13:29:10.395,1.45313,1.45326,1.37,1.00
2017.07.28 13:29:10.601,1.45317,1.45326,1.00,1.00
2017.07.28 13:29:11.163,1.45313,1.45326,1.37,1.00
2017.07.28 13:29:11.723,1.45314,1.45326,1.37,1.00
2017.07.28 13:29:12.284,1.45314,1.45326,1.12,1.00
2017.07.28 13:29:12.577,1.45313,1.45328,3.00,1.00
2017.07.28 13:29:12.680,1.45314,1.45328,2.25,1.00
2017.07.28 13:29:12.987,1.45316,1.45329,2.25,1.00
2017.07.28 13:29:14.290,1.45317,1.4533,1.50,1.00
2017.07.28 13:29:14.794,1.45317,1.45329,1.37,1.00
2017.07.28 13:29:15.332,1.45317,1.45329,2.25,1.00
2017.07.28 13:29:15.860,1.45317,1.45329,2.25,1.00
2017.07.28 13:29:16.370,1.45317,1.45329,2.25,1.00
2017.07.28 13:29:17.149,1.45317,1.4533,1.37,1.00
2017.07.28 13:29:17.457,1.45311,1.45323,1.75,1.00
2017.07.28 13:29:17.663,1.45296,1.45309,2.25,1.00
2017.07.28 13:29:17.715,1.45304,1.45313,1.00,1.12
2017.07.28 13:29:17.879,1.45304,1.45317,1.12,1.69
2017.07.28 13:29:17.982,1.45305,1.45318,1.37,1.00
2017.07.28 13:29:18.289,1.45307,1.45319,1.37,1.00
2017.07.28 13:29:18.762,1.45306,1.45317,1.12,1.00
2017.07.28 13:29:19.145,1.45309,1.45318,1.00,1.00
2017.07.28 13:29:19.298,1.45306,1.45317,1.37,1.00
2017.07.28 13:29:19.655,1.45307,1.45319,1.37,1.00
2017.07.28 13:29:19.858,1.45306,1.45317,1.37,1.00
2017.07.28 13:29:20.275,1.45306,1.45319,1.37,1.00
2017.07.28 13:29:20.806,1.45308,1.45319,1.00,1.00
2017.07.28 13:29:21.517,1.45307,1.45319,1.12,1.00
2017.07.28 13:29:22.020,1.45303,1.4531,1.00,1.00
2017.07.28 13:29:22.123,1.45297,1.45308,1.12,1.00
2017.07.28 13:29:22.226,1.45299,1.45308,1.00,1.00
2017.07.28 13:29:22.328,1.45299,1.4531,1.00,1.00
2017.07.28 13:29:22.431,1.45299,1.45312,1.37,1.00
2017.07.28 13:29:22.583,1.45303,1.45312,1.00,1.00
2017.07.28 13:29:22.736,1.45301,1.45313,1.12,1.00
2017.07.28 13:29:23.334,1.45299,1.45311,1.50,1.00
2017.07.28 13:29:23.439,1.45296,1.45307,1.00,1.00
2017.07.28 13:29:23.695,1.45299,1.45307,1.00,1.00
2017.07.28 13:29:23.798,1.45296,1.45307,1.12,1.00
2017.07.28 13:29:24.056,1.45297,1.45311,1.00,1.12
2017.07.28 13:29:24.108,1.45299,1.45311,1.00,1.12
2017.07.28 13:29:24.458,1.45297,1.45307,1.00,1.00
2017.07.28 13:29:24.613,1.45296,1.45309,2.62,1.00
2017.07.28 13:29:24.817,1.45295,1.45308,1.12,1.00
2017.07.28 13:29:24.869,1.45295,1.45306,1.12,1.00
2017.07.28 13:29:25.022,1.45295,1.45308,2.62,1.00
2017.07.28 13:29:25.124,1.45299,1.45308,1.00,1.00
2017.07.28 13:29:25.328,1.45295,1.45307,3.37,1.00
2017.07.28 13:29:25.431,1.45298,1.45308,1.00,1.00
2017.07.28 13:29:25.482,1.45299,1.4531,1.00,1.00
2017.07.28 13:29:25.534,1.45303,1.45312,1.00,1.00
2017.07.28 13:29:25.689,1.45301,1.45312,1.12,1.00
2017.07.28 13:29:25.842,1.45298,1.4531,2.62,1.00
2017.07.28 13:29:25.996,1.45299,1.4531,1.00,1.00
2017.07.28 13:29:26.252,1.45296,1.45308,2.62,1.00
2017.07.28 13:29:26.787,1.45297,1.45308,1.12,1.00
2017.07.28 13:29:27.056,1.45293,1.45306,1.50,1.00
2017.07.28 13:29:27.571,1.45295,1.45307,1.12,1.00
2017.07.28 13:29:27.776,1.453,1.4531,1.00,1.25
2017.07.28 13:29:27.930,1.45298,1.45309,1.00,1.00
2017.07.28 13:29:28.289,1.45303,1.4531,1.00,1.19
2017.07.28 13:29:28.391,1.45301,1.4531,1.00,1.19
2017.07.28 13:29:28.545,1.45298,1.45309,1.00,1.25
2017.07.28 13:29:28.647,1.45296,1.45308,1.12,1.00
2017.07.28 13:29:28.863,1.45296,1.45311,1.37,1.25
2017.07.28 13:29:29.017,1.45299,1.45309,1.00,1.00
2017.07.28 13:29:29.068,1.45297,1.45309,1.12,1.00
2017.07.28 13:29:29.425,1.453,1.4531,1.00,1.00
2017.07.28 13:29:29.578,1.45298,1.4531,1.12,1.00
2017.07.28 13:29:29.860,1.45301,1.4531,1.00,1.00
2017.07.28 13:29:29.911,1.45298,1.4531,1.12,1.00
2017.07.28 13:29:30.115,1.45296,1.45309,1.87,1.00
2017.07.28 13:29:30.319,1.45302,1.4531,1.00,1.00
2017.07.28 13:29:30.371,1.45299,1.4531,1.00,1.00
2017.07.28 13:29:30.729,1.45303,1.45314,1.00,1.00
2017.07.28 13:29:30.876,1.45299,1.45314,1.50,1.00
2017.07.28 13:29:30.928,1.45308,1.45317,1.00,1.00
2017.07.28 13:29:30.980,1.45302,1.45317,2.25,1.00
2017.07.28 13:29:31.135,1.45302,1.45315,1.37,1.00
2017.07.28 13:29:31.339,1.45301,1.45315,3.37,1.00
2017.07.28 13:29:31.441,1.45305,1.45315,1.00,1.00
2017.07.28 13:29:31.646,1.45303,1.45315,1.00,1.00
2017.07.28 13:29:32.154,1.45302,1.45315,1.12,1.00
2017.07.28 13:29:32.361,1.45305,1.45315,1.00,1.00
2017.07.28 13:29:32.668,1.45303,1.45315,1.00,1.00
2017.07.28 13:29:33.255,1.45304,1.45315,1.12,1.00
2017.07.28 13:29:33.632,1.45306,1.45315,1.00,1.00
2017.07.28 13:29:33.786,1.45304,1.45315,1.12,1.00
2017.07.28 13:29:34.252,1.45306,1.45316,1.00,1.00
2017.07.28 13:29:34.646,1.45301,1.45315,3.19,1.00
2017.07.28 13:29:35.162,1.45302,1.45314,1.50,1.00
2017.07.28 13:29:35.671,1.45301,1.45313,2.44,1.00
2017.07.28 13:29:35.877,1.45302,1.45315,1.50,1.00
2017.07.28 13:29:36.900,1.45302,1.45315,1.50,1.00
2017.07.28 13:29:37.230,1.45304,1.45315,1.00,1.00
2017.07.28 13:29:37.383,1.45302,1.45315,1.50,1.00
2017.07.28 13:29:37.486,1.45302,1.45313,1.00,1.00
2017.07.28 13:29:37.792,1.453,1.45311,1.00,1.00
2017.07.28 13:29:38.078,1.45297,1.45311,2.25,1.00
2017.07.28 13:29:38.589,1.45297,1.4531,1.87,1.00
2017.07.28 13:29:38.896,1.45296,1.45308,1.50,1.00
2017.07.28 13:29:39.572,1.45293,1.45306,4.12,1.00
2017.07.28 13:29:39.879,1.45296,1.45309,1.12,1.00
2017.07.28 13:29:40.033,1.45294,1.45306,1.12,1.00
2017.07.28 13:29:40.187,1.45298,1.45309,1.00,1.00
2017.07.28 13:29:40.391,1.453,1.45309,1.00,1.00
2017.07.28 13:29:40.646,1.45298,1.45309,1.00,1.00
2017.07.28 13:29:40.883,1.45302,1.45311,1.00,1.19
2017.07.28 13:29:41.036,1.45299,1.45309,1.00,1.00
2017.07.28 13:29:41.547,1.45299,1.45311,1.00,1.31
2017.07.28 13:29:41.855,1.45298,1.45309,1.00,1.56
2017.07.28 13:29:41.994,1.45296,1.45305,1.12,1.00
2017.07.28 13:29:42.046,1.45293,1.45304,1.69,1.50
2017.07.28 13:29:42.253,1.45293,1.45302,1.00,1.00
2017.07.28 13:29:42.764,1.45292,1.45306,1.00,2.81
2017.07.28 13:29:43.088,1.45296,1.45305,1.00,1.25
2017.07.28 13:29:43.344,1.45294,1.45305,1.00,1.25
2017.07.28 13:29:43.397,1.45294,1.45305,1.50,1.19
2017.07.28 13:29:43.754,1.45294,1.45306,1.00,2.81
2017.07.28 13:29:44.266,1.45294,1.45305,1.00,1.31
2017.07.28 13:29:44.471,1.45296,1.45306,1.00,3.19
2017.07.28 13:29:44.989,1.45295,1.45306,1.00,2.44
2017.07.28 13:29:45.295,1.45288,1.45301,2.44,1.00
2017.07.28 13:29:45.822,1.45289,1.453,1.00,1.00
2017.07.28 13:29:46.484,1.45289,1.45299,1.00,1.00
2017.07.28 13:29:46.536,1.45286,1.45296,1.37,1.00
2017.07.28 13:29:46.587,1.45286,1.45294,1.00,1.00
2017.07.28 13:29:46.792,1.45286,1.45297,1.00,1.00
2017.07.28 13:29:47.096,1.4529,1.45297,1.00,1.00
2017.07.28 13:29:47.149,1.45287,1.45298,1.12,1.00
2017.07.28 13:29:47.255,1.45286,1.45292,1.00,1.00
2017.07.28 13:29:47.602,1.45291,1.45297,1.00,1.00
2017.07.28 13:29:47.656,1.45285,1.45296,1.00,1.00
2017.07.28 13:29:47.710,1.45284,1.45292,1.37,1.00
2017.07.28 13:29:47.765,1.45282,1.45292,1.37,1.50
2017.07.28 13:29:47.872,1.45282,1.45294,1.75,1.00
2017.07.28 13:29:48.124,1.45285,1.45296,1.12,1.00
2017.07.28 13:29:48.226,1.45284,1.45293,1.37,1.00
2017.07.28 13:29:48.738,1.45282,1.45293,1.50,1.00
2017.07.28 13:29:49.157,1.45282,1.45293,1.50,1.00
2017.07.28 13:29:49.362,1.45283,1.45293,1.75,1.00
2017.07.28 13:29:49.414,1.45283,1.45296,2.00,1.00
2017.07.28 13:29:49.636,1.45283,1.45294,1.87,1.00
2017.07.28 13:29:49.791,1.45283,1.45294,1.12,1.00
2017.07.28 13:29:50.358,1.45283,1.45292,1.00,1.00
2017.07.28 13:29:50.828,1.45281,1.45294,1.25,1.00
2017.07.28 13:29:50.879,1.45281,1.45292,1.00,1.00
2017.07.28 13:29:51.414,1.45281,1.45293,1.27,1.00
2017.07.28 13:29:51.466,1.45283,1.45296,1.12,1.00
2017.07.28 13:29:51.518,1.45285,1.45297,1.37,1.00
2017.07.28 13:29:51.876,1.45284,1.45296,1.37,1.00
2017.07.28 13:29:52.384,1.45284,1.45296,1.00,1.00
2017.07.28 13:29:52.639,1.45284,1.45294,1.00,1.00
2017.07.28 13:29:52.996,1.45284,1.45294,1.95,1.00
2017.07.28 13:29:53.574,1.45285,1.45295,1.00,1.00
2017.07.28 13:29:54.086,1.45286,1.45296,1.69,1.00
2017.07.28 13:29:54.685,1.45286,1.45296,1.00,1.00
2017.07.28 13:29:54.991,1.45286,1.45294,1.00,1.00
2017.07.28 13:29:55.500,1.45285,1.45294,1.00,1.00
2017.07.28 13:29:55.654,1.45285,1.45298,1.69,1.00
2017.07.28 13:29:55.705,1.45288,1.45299,1.69,1.00
2017.07.28 13:29:56.215,1.45291,1.453,1.00,1.00
2017.07.28 13:29:56.725,1.4529,1.45299,1.87,1.00
2017.07.28 13:29:57.063,1.4529,1.45301,1.50,1.00
2017.07.28 13:29:57.217,1.45288,1.45299,2.06,1.00
2017.07.28 13:29:57.774,1.45288,1.453,2.06,1.00
2017.07.28 13:29:58.183,1.45288,1.453,1.25,1.00
2017.07.28 13:29:58.723,1.45287,1.45299,1.50,1.00
2017.07.28 13:29:58.827,1.45287,1.45297,1.50,1.00
2017.07.28 13:29:59.338,1.45288,1.45298,1.00,1.00
2017.07.28 13:29:59.707,1.45291,1.45301,2.06,1.00
2017.07.28 13:30:00.219,1.45291,1.45302,2.25,1.00
2017.07.28 13:30:00.708,1.45289,1.45299,1.37,1.00
2017.07.28 13:30:00.914,1.45291,1.45301,1.12,1.00
2017.07.28 13:30:01.017,1.45291,1.45303,1.87,1.00
2017.07.28 13:30:01.069,1.45294,1.45303,1.00,1.00
2017.07.28 13:30:01.582,1.45292,1.45302,1.37,1.00
2017.07.28 13:30:01.684,1.45292,1.45304,1.37,1.00
2017.07.28 13:30:01.736,1.45291,1.45302,1.12,1.00
2017.07.28 13:30:01.789,1.4529,1.45302,1.37,1.00
2017.07.28 13:30:01.841,1.45289,1.453,1.12,1.00
2017.07.28 13:30:02.364,1.45289,1.45299,1.37,1.00
2017.07.28 13:30:02.416,1.4529,1.45301,1.12,1.00
2017.07.28 13:30:02.520,1.45292,1.45303,1.37,1.00
2017.07.28 13:30:02.725,1.45291,1.453,1.37,1.00
2017.07.28 13:30:03.254,1.45291,1.45301,1.37,1.00
2017.07.28 13:30:03.614,1.45293,1.45302,1.37,1.00
2017.07.28 13:30:03.665,1.45293,1.45308,1.37,1.31
2017.07.28 13:30:03.924,1.45297,1.45308,1.50,1.12
2017.07.28 13:30:04.128,1.45302,1.45314,1.37,1.69
2017.07.28 13:30:04.180,1.45302,1.45317,1.37,1.87
2017.07.28 13:30:04.334,1.45308,1.4532,1.00,1.50
2017.07.28 13:30:04.539,1.453,1.45314,1.00,1.00
2017.07.28 13:30:04.592,1.45298,1.45309,1.12,1.00
2017.07.28 13:30:04.838,1.453,1.45314,1.12,1.50
2017.07.28 13:30:04.890,1.45303,1.45317,1.94,1.87
2017.07.28 13:30:05.045,1.45312,1.45324,1.87,1.37
2017.07.28 13:30:05.403,1.45309,1.45321,1.75,1.12
2017.07.28 13:30:05.597,1.45306,1.45321,1.00,2.25
2017.07.28 13:30:05.652,1.45306,1.45316,1.12,1.00
2017.07.28 13:30:05.962,1.45308,1.45317,1.37,1.00
2017.07.28 13:30:06.066,1.45308,1.4532,1.75,1.00
2017.07.28 13:30:06.118,1.45309,1.45322,1.94,1.00
2017.07.28 13:30:06.170,1.45311,1.45322,2.06,1.00
2017.07.28 13:30:06.321,1.45311,1.45324,1.31,1.00
2017.07.28 13:30:06.373,1.45312,1.45322,2.00,1.00
2017.07.28 13:30:06.527,1.45314,1.45325,1.50,1.00
2017.07.28 13:30:07.044,1.45314,1.45326,1.75,1.00
2017.07.28 13:30:07.424,1.45316,1.45324,1.00,1.00
2017.07.28 13:30:08.098,1.45312,1.45325,1.75,1.00
2017.07.28 13:30:08.303,1.45314,1.45329,1.75,1.87
2017.07.28 13:30:08.355,1.45318,1.45332,1.62,1.37
2017.07.28 13:30:08.407,1.45318,1.45331,1.12,1.00
2017.07.28 13:30:08.955,1.45317,1.4533,1.37,1.00
2017.07.28 13:30:09.006,1.45316,1.4533,1.12,1.00
2017.07.28 13:30:09.109,1.45317,1.45328,1.37,1.00
2017.07.28 13:30:09.612,1.45315,1.45329,1.75,1.50
2017.07.28 13:30:09.920,1.45316,1.45327,1.12,1.00
2017.07.28 13:30:10.445,1.45316,1.45328,1.37,1.00
2017.07.28 13:30:11.502,1.45317,1.45329,1.00,1.00
2017.07.28 13:30:12.020,1.45317,1.45328,1.00,1.00
2017.07.28 13:30:12.617,1.45318,1.45329,1.00,1.00
2017.07.28 13:30:13.128,1.45317,1.45329,1.12,1.00
2017.07.28 13:30:13.755,1.45316,1.45329,1.75,1.00
2017.07.28 13:30:14.266,1.45317,1.45329,1.00,1.00
2017.07.28 13:30:14.796,1.45316,1.4533,1.75,1.00
2017.07.28 13:30:17.247,1.45318,1.45329,1.12,1.00
2017.07.28 13:30:17.350,1.45318,1.45331,1.75,1.00
2017.07.28 13:30:17.994,1.45318,1.4533,1.75,1.00
2017.07.28 13:30:19.046,1.45319,1.4533,1.75,1.00
2017.07.28 13:30:19.098,1.45319,1.45333,2.00,1.12
2017.07.28 13:30:19.200,1.45319,1.45331,1.75,1.00
2017.07.28 13:30:19.355,1.45318,1.45329,1.50,1.00
2017.07.28 13:30:20.357,1.45317,1.45329,1.00,1.00
2017.07.28 13:30:21.216,1.45315,1.45328,1.50,1.00
2017.07.28 13:30:21.474,1.45313,1.45325,1.87,1.00
2017.07.28 13:30:21.628,1.45312,1.45325,1.00,1.00
2017.07.28 13:30:21.680,1.45312,1.45322,1.00,1.00
2017.07.28 13:30:22.116,1.4531,1.45321,1.00,1.00
2017.07.28 13:30:22.627,1.45309,1.4532,1.37,1.00
2017.07.28 13:30:23.178,1.45309,1.45319,1.00,1.00
2017.07.28 13:30:23.822,1.45309,1.45322,1.00,1.00
2017.07.28 13:30:24.152,1.4531,1.45321,1.12,1.00
2017.07.28 13:30:24.306,1.45312,1.45324,1.37,1.00
2017.07.28 13:30:24.357,1.45314,1.45326,1.75,1.12
2017.07.28 13:30:24.894,1.45314,1.45325,1.37,1.00
2017.07.28 13:30:24.949,1.45313,1.45325,1.00,1.00
2017.07.28 13:30:25.001,1.45313,1.45323,1.00,1.00
2017.07.28 13:30:25.308,1.45306,1.45318,3.94,1.00
2017.07.28 13:30:25.567,1.45312,1.45322,1.00,1.12
2017.07.28 13:30:25.811,1.45312,1.45322,1.00,1.87
2017.07.28 13:30:26.117,1.45313,1.45322,1.00,1.00
2017.07.28 13:30:26.169,1.45316,1.45324,1.00,1.50
2017.07.28 13:30:26.221,1.45317,1.45324,1.00,1.00
2017.07.28 13:30:26.762,1.45317,1.45327,1.00,3.19
2017.07.28 13:30:27.375,1.45317,1.45327,1.00,2.44
2017.07.28 13:30:27.901,1.45317,1.45326,1.00,1.44
2017.07.28 13:30:27.953,1.45314,1.45324,1.00,1.50
2017.07.28 13:30:28.006,1.45311,1.45321,1.00,1.00
2017.07.28 13:30:28.057,1.45313,1.45322,1.00,1.69
2017.07.28 13:30:28.415,1.45311,1.45321,1.00,1.00
2017.07.28 13:30:29.052,1.45311,1.45321,1.00,1.31
2017.07.28 13:30:29.206,1.45315,1.45322,1.00,1.19
2017.07.28 13:30:29.257,1.45313,1.45323,1.00,1.69
2017.07.28 13:30:29.668,1.45316,1.45323,1.00,1.75
2017.07.28 13:30:29.720,1.45314,1.45324,1.00,1.94
2017.07.28 13:30:29.772,1.45311,1.45321,1.00,1.25
2017.07.28 13:30:29.960,1.45313,1.45321,1.00,1.12
2017.07.28 13:30:30.284,1.45311,1.45321,1.00,1.12
2017.07.28 13:30:30.489,1.45313,1.45322,1.00,1.69
2017.07.28 13:30:30.694,1.45307,1.45321,2.25,1.00
2017.07.28 13:30:31.197,1.45305,1.4532,2.25,1.00
2017.07.28 13:30:31.300,1.45304,1.45316,1.12,1.12
2017.07.28 13:30:31.403,1.45299,1.45314,1.00,1.00
2017.07.28 13:30:31.769,1.45299,1.45312,1.00,1.00
2017.07.28 13:30:32.517,1.45297,1.45312,3.19,1.00
2017.07.28 13:30:33.050,1.45297,1.45311,1.69,1.00
2017.07.28 13:30:33.559,1.45298,1.45311,1.37,1.00
2017.07.28 13:30:34.120,1.45298,1.45312,1.00,1.00
2017.07.28 13:30:34.824,1.45297,1.45313,2.25,1.19
2017.07.28 13:30:37.852,1.45298,1.45312,1.00,1.25
2017.07.28 13:30:38.176,1.45301,1.45314,2.25,1.00
2017.07.28 13:30:38.382,1.45301,1.45313,1.50,1.00
2017.07.28 13:30:38.485,1.453,1.45309,1.12,1.00
2017.07.28 13:30:39.045,1.45296,1.45306,1.00,1.00
2017.07.28 13:30:39.302,1.45294,1.45304,1.37,1.00
2017.07.28 13:30:39.711,1.45294,1.45307,1.50,1.00
2017.07.28 13:30:39.906,1.45298,1.45307,1.12,1.00
2017.07.28 13:30:40.009,1.45299,1.45309,1.00,1.00
2017.07.28 13:30:40.111,1.45297,1.45306,2.25,1.00
2017.07.28 13:30:40.163,1.45297,1.45306,1.00,1.00
2017.07.28 13:30:40.318,1.45294,1.45302,1.50,1.00
2017.07.28 13:30:40.421,1.45294,1.45305,2.25,1.00
2017.07.28 13:30:40.472,1.45297,1.45307,1.87,1.00
2017.07.28 13:30:40.716,1.45295,1.45305,1.37,1.00
2017.07.28 13:30:40.869,1.45294,1.45305,1.87,1.00
2017.07.28 13:30:41.775,1.45294,1.45304,1.12,1.00
2017.07.28 13:30:41.880,1.45295,1.45306,1.50,1.00
2017.07.28 13:30:42.086,1.45297,1.4531,1.37,1.00
2017.07.28 13:30:42.240,1.45298,1.4531,1.12,1.00
2017.07.28 13:30:44.367,1.45297,1.45306,1.75,1.00
2017.07.28 13:30:44.421,1.45296,1.45306,1.12,1.00
2017.07.28 13:30:44.473,1.45295,1.45305,1.50,1.00
2017.07.28 13:30:44.525,1.45295,1.45303,1.00,1.00
2017.07.28 13:30:44.680,1.45295,1.45305,1.00,1.00
2017.07.28 13:30:44.732,1.45296,1.45306,1.37,1.12
2017.07.28 13:30:45.583,1.45295,1.45307,2.62,1.00
2017.07.28 13:30:45.635,1.45296,1.45309,1.75,1.00
2017.07.28 13:30:45.687,1.45295,1.45306,2.25,1.00
2017.07.28 13:30:45.738,1.45295,1.45305,1.12,1.00
2017.07.28 13:30:45.841,1.4529,1.45301,1.12,1.00
2017.07.28 13:30:45.893,1.45289,1.45301,1.50,1.00
2017.07.28 13:30:46.048,1.45289,1.45303,2.62,1.00
2017.07.28 13:30:46.567,1.45292,1.45304,1.50,1.00
2017.07.28 13:30:46.877,1.45292,1.45305,1.87,1.00
2017.07.28 13:30:46.980,1.45292,1.45304,1.50,1.00
2017.07.28 13:30:47.519,1.45294,1.45305,1.50,1.00
2017.07.28 13:30:48.113,1.45294,1.45306,1.50,1.00
2017.07.28 13:30:48.165,1.45294,1.45304,1.12,1.00
2017.07.28 13:30:48.722,1.45292,1.45303,1.37,1.00
2017.07.28 13:30:49.028,1.45292,1.45306,1.87,1.12
2017.07.28 13:30:49.283,1.45292,1.45304,1.37,1.00
2017.07.28 13:30:50.272,1.45293,1.45305,1.00,1.00
2017.07.28 13:30:50.778,1.45292,1.45305,1.00,1.00
2017.07.28 13:30:51.089,1.45293,1.45305,1.12,1.37
2017.07.28 13:30:51.141,1.45293,1.45305,1.12,1.00
2017.07.28 13:30:51.194,1.45292,1.45303,1.87,1.00
2017.07.28 13:30:51.245,1.45292,1.45303,1.50,1.00
2017.07.28 13:30:51.349,1.45292,1.45301,1.12,1.00
2017.07.28 13:30:51.400,1.45287,1.45298,1.62,1.00
2017.07.28 13:30:51.947,1.45289,1.45299,1.00,1.00
2017.07.28 13:30:52.377,1.45289,1.45297,1.00,1.00
2017.07.28 13:30:52.480,1.45287,1.45297,1.12,1.00
2017.07.28 13:30:52.849,1.45287,1.45295,1.12,1.00
2017.07.28 13:30:53.981,1.45286,1.45295,1.12,1.00
2017.07.28 13:30:54.492,1.45285,1.45295,1.00,1.00
2017.07.28 13:30:54.801,1.45287,1.453,1.00,1.50
2017.07.28 13:30:54.949,1.45289,1.45298,1.50,1.00
2017.07.28 13:30:55.256,1.45289,1.453,1.50,1.00
2017.07.28 13:30:55.411,1.45289,1.45298,1.50,1.00
2017.07.28 13:30:55.719,1.45287,1.45295,1.37,1.00
2017.07.28 13:30:55.770,1.45286,1.45295,1.50,1.00
2017.07.28 13:30:56.319,1.45282,1.45292,1.12,1.00
2017.07.28 13:30:56.681,1.45277,1.45288,1.37,1.00
2017.07.28 13:30:57.011,1.45269,1.45282,1.50,1.00
2017.07.28 13:30:57.436,1.4526,1.4527,1.12,1.00
2017.07.28 13:30:57.488,1.45257,1.45268,1.37,1.00
2017.07.28 13:30:57.592,1.45257,1.45266,1.12,1.00
2017.07.28 13:30:57.694,1.45259,1.45269,1.87,1.00
2017.07.28 13:30:57.746,1.45259,1.45272,2.62,1.12
2017.07.28 13:30:57.798,1.45264,1.45272,1.50,1.12
2017.07.28 13:30:58.161,1.45266,1.45273,1.50,1.00
2017.07.28 13:30:58.315,1.45266,1.45275,1.50,1.00
2017.07.28 13:30:58.369,1.45273,1.45282,1.12,1.75
2017.07.28 13:30:58.422,1.45272,1.45283,2.44,1.12
2017.07.28 13:30:58.473,1.45273,1.45281,1.37,1.00
2017.07.28 13:30:58.525,1.45273,1.45283,1.75,1.00
2017.07.28 13:30:58.628,1.45273,1.45286,1.37,1.00
2017.07.28 13:30:58.679,1.45273,1.4528,1.00,1.00
2017.07.28 13:30:58.783,1.45267,1.45276,2.62,1.00
2017.07.28 13:30:58.976,1.45271,1.45281,1.31,1.00
2017.07.28 13:30:59.079,1.45273,1.45285,1.19,1.50
2017.07.28 13:30:59.182,1.45275,1.45285,1.37,1.00
2017.07.28 13:30:59.387,1.45275,1.45287,1.50,1.00
2017.07.28 13:30:59.892,1.45273,1.45281,2.62,1.00
2017.07.28 13:30:59.946,1.4527,1.45278,2.62,1.00
2017.07.28 13:30:59.997,1.4527,1.45277,1.87,1.00
2017.07.28 13:31:00.499,1.45269,1.45278,2.25,1.00
2017.07.28 13:31:01.057,1.4527,1.45277,1.50,1.00
2017.07.28 13:31:01.695,1.4527,1.45279,1.00,1.00
2017.07.28 13:31:01.953,1.4527,1.45281,2.44,1.00
2017.07.28 13:31:02.302,1.45268,1.45276,1.50,1.00
2017.07.28 13:31:02.405,1.45269,1.45274,1.50,1.00
2017.07.28 13:31:02.457,1.45269,1.45278,1.50,1.12
2017.07.28 13:31:02.508,1.45271,1.45279,1.50,1.37
2017.07.28 13:31:02.612,1.45271,1.45281,1.50,1.37
2017.07.28 13:31:02.868,1.45273,1.45282,1.00,1.00
2017.07.28 13:31:03.360,1.45272,1.45277,1.50,1.00
2017.07.28 13:31:03.463,1.45267,1.45278,1.87,1.00
2017.07.28 13:31:03.569,1.45271,1.45278,1.50,1.00
2017.07.28 13:31:03.774,1.45264,1.45275,1.50,1.00
2017.07.28 13:31:03.932,1.45265,1.45271,1.50,1.00
2017.07.28 13:31:04.036,1.45265,1.45275,1.19,1.00
2017.07.28 13:31:04.547,1.45266,1.45274,1.00,1.00
2017.07.28 13:31:04.599,1.45265,1.45272,1.87,1.00
2017.07.28 13:31:04.737,1.45265,1.45274,2.62,1.00
2017.07.28 13:31:04.790,1.45268,1.45274,1.50,1.00
2017.07.28 13:31:05.148,1.45263,1.45274,1.62,1.00
2017.07.28 13:31:05.354,1.45262,1.45272,2.00,1.00
2017.07.28 13:31:05.661,1.45259,1.4527,1.94,1.00
2017.07.28 13:31:05.915,1.45262,1.45272,1.00,1.00
2017.07.28 13:31:05.967,1.45264,1.45277,1.37,1.75
2017.07.28 13:31:06.071,1.45264,1.45276,1.12,1.00
2017.07.28 13:31:06.633,1.45263,1.45274,1.75,1.00
2017.07.28 13:31:07.244,1.45264,1.45275,1.37,1.00
2017.07.28 13:31:07.640,1.45259,1.45268,1.87,1.00
2017.07.28 13:31:07.793,1.45257,1.45271,1.87,1.00
2017.07.28 13:31:07.947,1.4526,1.45271,1.37,1.00
2017.07.28 13:31:08.254,1.45263,1.45274,1.37,1.00
2017.07.28 13:31:08.778,1.45262,1.45273,1.50,1.00
2017.07.28 13:31:09.085,1.45259,1.45271,1.50,1.00
2017.07.28 13:31:09.445,1.45257,1.45267,1.69,1.00
2017.07.28 13:31:09.497,1.45257,1.45266,1.00,1.00
2017.07.28 13:31:09.589,1.45257,1.45264,1.00,1.00
2017.07.28 13:31:09.692,1.4525,1.45261,1.00,1.00
2017.07.28 13:31:09.744,1.45249,1.4526,1.87,1.00
2017.07.28 13:31:09.797,1.45249,1.45262,1.69,1.00
2017.07.28 13:31:09.900,1.45251,1.45262,1.75,1.00
2017.07.28 13:31:10.279,1.45256,1.45264,1.00,1.00
2017.07.28 13:31:10.382,1.45256,1.45268,1.75,1.00
2017.07.28 13:31:10.638,1.4526,1.45269,1.37,1.00
2017.07.28 13:31:10.843,1.45262,1.45272,1.50,1.00
2017.07.28 13:31:11.221,1.45264,1.45272,1.37,1.00
2017.07.28 13:31:11.737,1.45266,1.45275,1.00,1.00
2017.07.28 13:31:11.789,1.45266,1.45273,1.00,1.00
2017.07.28 13:31:11.892,1.45267,1.45277,2.06,1.00
2017.07.28 13:31:12.131,1.45266,1.45275,1.75,1.00
2017.07.28 13:31:12.640,1.45267,1.45277,1.69,1.00
2017.07.28 13:31:13.110,1.45264,1.45273,1.75,1.00
2017.07.28 13:31:13.265,1.45261,1.45269,1.00,1.00
2017.07.28 13:31:13.368,1.45261,1.45271,1.00,1.00
2017.07.28 13:31:13.529,1.45261,1.45273,1.00,1.87
2017.07.28 13:31:14.289,1.45261,1.45271,1.00,1.00
2017.07.28 13:31:15.100,1.45261,1.45272,1.00,1.00
2017.07.28 13:31:15.630,1.45261,1.45272,1.50,1.00
2017.07.28 13:31:16.184,1.45263,1.45272,1.12,1.00
2017.07.28 13:31:16.287,1.45263,1.45274,1.12,1.00
2017.07.28 13:31:16.440,1.45264,1.45276,1.31,1.00
2017.07.28 13:31:16.645,1.45266,1.45277,1.75,1.00
2017.07.28 13:31:16.953,1.45267,1.45279,1.31,1.00
2017.07.28 13:31:17.004,1.45268,1.45279,2.25,1.00
2017.07.28 13:31:17.557,1.45268,1.4528,2.62,1.00
2017.07.28 13:31:18.063,1.45269,1.45278,2.25,1.00
2017.07.28 13:31:18.678,1.45269,1.4528,2.25,1.00
2017.07.28 13:31:19.217,1.45269,1.45279,1.37,1.00
2017.07.28 13:31:19.321,1.45268,1.45277,2.25,1.00
2017.07.28 13:31:19.868,1.45266,1.45275,1.00,1.00
2017.07.28 13:31:19.972,1.45262,1.45272,1.00,1.00
2017.07.28 13:31:20.023,1.4526,1.45269,2.62,1.00
2017.07.28 13:31:20.075,1.45258,1.45269,1.25,1.00
2017.07.28 13:31:20.333,1.45255,1.45267,1.37,1.50
2017.07.28 13:31:20.666,1.45248,1.4526,1.75,1.00
2017.07.28 13:31:20.973,1.45253,1.45264,1.00,1.87
2017.07.28 13:31:21.024,1.45251,1.45264,1.37,1.87
2017.07.28 13:31:21.075,1.45251,1.45262,1.00,1.00
2017.07.28 13:31:21.454,1.45255,1.45268,1.12,1.00
2017.07.28 13:31:21.506,1.45256,1.45268,1.00,1.00
2017.07.28 13:31:21.558,1.45254,1.45267,1.00,1.00
2017.07.28 13:31:21.662,1.45254,1.45269,2.06,1.00
2017.07.28 13:31:22.175,1.45258,1.4527,1.69,1.00
2017.07.28 13:31:22.476,1.45258,1.45268,1.37,1.00
2017.07.28 13:31:22.865,1.45257,1.45268,1.37,1.00
2017.07.28 13:31:23.411,1.45253,1.45265,1.56,1.00
2017.07.28 13:31:23.667,1.45257,1.45268,1.00,1.00
2017.07.28 13:31:24.217,1.45257,1.45268,1.37,1.00
2017.07.28 13:31:24.753,1.45257,1.45267,1.00,1.00
2017.07.28 13:31:24.856,1.45252,1.45264,1.87,1.00
2017.07.28 13:31:24.959,1.45252,1.45263,1.37,1.00
2017.07.28 13:31:25.619,1.45246,1.45263,1.87,3.56
2017.07.28 13:31:25.670,1.45244,1.45256,1.87,1.00
2017.07.28 13:31:25.723,1.45244,1.45256,1.37,1.00
2017.07.28 13:31:25.878,1.45243,1.45254,1.50,1.00
2017.07.28 13:31:25.981,1.4524,1.45254,1.75,1.00
2017.07.28 13:31:26.487,1.4524,1.45252,1.12,1.00
2017.07.28 13:31:27.050,1.4524,1.45252,2.00,1.00
2017.07.28 13:31:27.102,1.4524,1.45254,2.00,1.00
2017.07.28 13:31:27.154,1.4524,1.45256,2.00,1.00
2017.07.28 13:31:27.307,1.45244,1.45257,1.00,1.00
2017.07.28 13:31:27.608,1.45241,1.45255,1.37,1.00
2017.07.28 13:31:27.915,1.45239,1.4525,1.37,1.00
2017.07.28 13:31:27.966,1.45239,1.45249,1.00,1.50
2017.07.28 13:31:28.172,1.45239,1.45253,1.37,1.50
2017.07.28 13:31:28.679,1.45238,1.45252,1.37,1.00
2017.07.28 13:31:28.988,1.45235,1.45249,1.50,1.00
2017.07.28 13:31:29.195,1.45231,1.45246,2.25,1.00
2017.07.28 13:31:29.408,1.45233,1.45248,1.75,1.50
2017.07.28 13:31:29.460,1.45234,1.4525,1.37,1.50
2017.07.28 13:31:29.666,1.45235,1.45252,2.62,1.37
2017.07.28 13:31:30.126,1.45237,1.45252,1.12,1.00
2017.07.28 13:31:30.719,1.45237,1.45253,1.87,1.00
2017.07.28 13:31:30.822,1.4524,1.45256,1.12,2.25
2017.07.28 13:31:30.875,1.45241,1.45257,1.75,1.87
2017.07.28 13:31:31.383,1.45242,1.45257,1.87,1.00
2017.07.28 13:31:31.486,1.45238,1.45253,1.12,1.25
2017.07.28 13:31:31.845,1.45242,1.45256,1.12,2.25
2017.07.28 13:31:32.192,1.45243,1.45258,1.87,1.50
2017.07.28 13:31:32.447,1.45243,1.4526,1.87,2.25
2017.07.28 13:31:32.499,1.45245,1.4526,1.12,1.12
2017.07.28 13:31:32.859,1.45245,1.45258,1.75,1.00
2017.07.28 13:31:33.489,1.45245,1.45259,1.12,1.50
2017.07.28 13:31:34.016,1.45246,1.45258,1.37,1.00
2017.07.28 13:31:34.324,1.45244,1.45257,1.12,1.00
2017.07.28 13:31:34.836,1.45244,1.45258,1.00,1.12
2017.07.28 13:31:35.195,1.45242,1.45255,1.50,1.00
2017.07.28 13:31:35.298,1.45242,1.45257,2.62,1.00
2017.07.28 13:31:35.401,1.45247,1.45258,1.00,1.00
2017.07.28 13:31:35.606,1.45245,1.4526,1.00,2.44
2017.07.28 13:31:35.658,1.45246,1.45259,1.00,1.00
2017.07.28 13:31:35.804,1.45248,1.45259,1.00,1.00
2017.07.28 13:31:36.264,1.4525,1.45261,1.00,1.87
2017.07.28 13:31:36.614,1.45249,1.45256,1.00,1.00
2017.07.28 13:31:36.672,1.45243,1.45253,1.12,1.12
2017.07.28 13:31:36.775,1.45246,1.45257,1.00,1.75
2017.07.28 13:31:36.828,1.45244,1.45255,1.00,1.75
2017.07.28 13:31:36.933,1.45245,1.45255,1.00,1.00
2017.07.28 13:31:37.035,1.45242,1.45254,1.50,1.12
2017.07.28 13:31:37.555,1.45243,1.45253,1.50,1.00
2017.07.28 13:31:38.155,1.45243,1.45254,1.50,1.50
2017.07.28 13:31:38.733,1.45243,1.45253,1.00,1.00
2017.07.28 13:31:38.785,1.45241,1.45254,1.50,1.00
2017.07.28 13:31:38.989,1.45243,1.45253,1.00,1.12
2017.07.28 13:31:39.143,1.4524,1.45254,1.50,1.37
2017.07.28 13:31:39.666,1.45239,1.45252,1.12,1.12
2017.07.28 13:31:40.059,1.45238,1.45252,2.25,1.12
2017.07.28 13:31:40.265,1.45242,1.45253,1.12,1.00
2017.07.28 13:31:40.420,1.45241,1.45257,1.50,1.12
2017.07.28 13:31:40.472,1.45243,1.45255,1.87,1.00
2017.07.28 13:31:40.526,1.45243,1.45257,1.12,1.00
2017.07.28 13:31:40.803,1.45242,1.45253,1.00,1.00
2017.07.28 13:31:40.855,1.45236,1.4525,1.12,1.00
2017.07.28 13:31:40.907,1.45234,1.45246,2.25,1.00
2017.07.28 13:31:40.959,1.45234,1.45247,1.50,1.00
2017.07.28 13:31:41.113,1.45233,1.45245,1.50,1.00
2017.07.28 13:31:41.420,1.45235,1.45248,1.50,1.12
2017.07.28 13:31:41.628,1.45236,1.45249,1.12,1.37
2017.07.28 13:31:41.832,1.45234,1.45251,3.37,2.44
2017.07.28 13:31:42.036,1.45234,1.45248,1.87,1.00
2017.07.28 13:31:42.646,1.45234,1.45249,3.37,1.87
2017.07.28 13:31:42.983,1.45234,1.45247,1.87,1.12
2017.07.28 13:31:43.523,1.45234,1.45246,1.87,1.00
2017.07.28 13:31:44.042,1.45235,1.45247,1.00,1.00
2017.07.28 13:31:44.144,1.45234,1.45249,3.37,1.00
2017.07.28 13:31:44.676,1.45235,1.45249,1.00,2.25
2017.07.28 13:31:44.967,1.45234,1.45245,2.62,1.00
2017.07.28 13:31:45.477,1.45234,1.45246,1.37,1.00
2017.07.28 13:31:46.168,1.45233,1.45247,2.62,1.00
2017.07.28 13:31:46.576,1.45234,1.45245,2.25,1.00
2017.07.28 13:31:46.628,1.45233,1.45244,1.00,1.00
2017.07.28 13:31:47.487,1.45233,1.45243,1.00,1.00
2017.07.28 13:31:48.853,1.45234,1.45246,1.50,1.00
2017.07.28 13:31:48.905,1.45234,1.45243,1.50,1.00
2017.07.28 13:31:49.263,1.45234,1.45245,1.50,1.00
2017.07.28 13:31:49.315,1.4523,1.45243,2.25,1.00
2017.07.28 13:31:49.811,1.4523,1.45242,2.62,1.00
2017.07.28 13:31:50.301,1.45228,1.4524,1.37,1.00
2017.07.28 13:31:50.824,1.4523,1.45239,1.50,1.00
2017.07.28 13:31:50.932,1.4523,1.45242,1.50,1.00
2017.07.28 13:31:51.548,1.45229,1.45241,2.25,1.00
2017.07.28 13:31:51.703,1.4523,1.45242,2.25,1.00
2017.07.28 13:31:51.754,1.4523,1.45244,2.25,1.12
2017.07.28 13:31:52.502,1.45234,1.45245,1.87,1.00
2017.07.28 13:31:52.655,1.45233,1.45248,3.00,1.00
2017.07.28 13:31:53.165,1.45232,1.45248,1.87,1.00
2017.07.28 13:31:54.132,1.45233,1.45249,2.25,1.87
2017.07.28 13:31:54.337,1.45235,1.45247,1.00,1.00
2017.07.28 13:31:54.660,1.45236,1.45253,3.56,1.37
2017.07.28 13:31:54.712,1.45237,1.45253,1.75,1.00
2017.07.28 13:31:55.124,1.45236,1.45251,1.87,1.00
2017.07.28 13:31:55.328,1.45236,1.4525,1.00,1.00
2017.07.28 13:31:55.864,1.45237,1.4525,2.62,1.00
2017.07.28 13:31:56.119,1.45235,1.4525,1.50,1.50
2017.07.28 13:31:56.170,1.45234,1.45249,2.62,1.00
2017.07.28 13:31:56.683,1.45235,1.45249,2.25,1.00
2017.07.28 13:31:56.885,1.45234,1.45247,1.87,1.00
2017.07.28 13:31:57.193,1.45238,1.45249,1.50,1.50
2017.07.28 13:31:57.500,1.45234,1.45248,1.87,1.87
2017.07.28 13:31:58.088,1.45234,1.45242,3.00,1.00
2017.07.28 13:31:58.192,1.45234,1.45242,2.25,1.00
2017.07.28 13:31:58.856,1.45233,1.45242,2.62,1.00
2017.07.28 13:31:59.205,1.45233,1.4524,1.00,1.00
2017.07.28 13:31:59.359,1.45228,1.45238,4.50,1.00
2017.07.28 13:31:59.869,1.45231,1.45238,1.50,1.00
2017.07.28 13:31:59.993,1.4523,1.45236,1.50,1.37
2017.07.28 13:32:00.103,1.45219,1.45229,2.81,1.00
2017.07.28 13:32:00.155,1.4522,1.45229,1.87,1.00
2017.07.28 13:32:00.767,1.45216,1.45228,2.25,1.00
2017.07.28 13:32:00.818,1.4521,1.4522,3.22,1.00
2017.07.28 13:32:00.870,1.45208,1.45218,1.87,1.00
2017.07.28 13:32:01.076,1.4521,1.45221,1.50,1.00
2017.07.28 13:32:01.488,1.45209,1.45217,1.00,1.00
2017.07.28 13:32:01.540,1.45206,1.45222,3.75,1.50
2017.07.28 13:32:01.647,1.45209,1.45219,1.50,1.00
2017.07.28 13:32:01.699,1.4521,1.45223,1.50,1.12
2017.07.28 13:32:01.957,1.45214,1.45226,1.50,3.00
2017.07.28 13:32:02.008,1.45214,1.45226,1.50,2.25
2017.07.28 13:32:02.213,1.4521,1.45226,1.87,1.87
2017.07.28 13:32:02.265,1.4521,1.45226,1.50,1.87
2017.07.28 13:32:02.317,1.45209,1.45222,1.00,1.50
2017.07.28 13:32:02.635,1.45203,1.45218,1.50,2.81
2017.07.28 13:32:02.950,1.45208,1.45217,1.50,1.00
2017.07.28 13:32:03.053,1.4521,1.45222,1.50,1.00
2017.07.28 13:32:03.104,1.45216,1.45227,1.00,1.31
2017.07.28 13:32:03.155,1.45213,1.45228,2.62,1.69
2017.07.28 13:32:03.345,1.45214,1.45229,3.00,1.87
2017.07.28 13:32:03.653,1.45219,1.45231,1.12,1.50
2017.07.28 13:32:04.165,1.4522,1.45235,1.12,2.25
2017.07.28 13:32:04.713,1.4522,1.45234,1.12,1.00
2017.07.28 13:32:05.224,1.4522,1.45233,1.12,1.00
2017.07.28 13:32:05.772,1.4522,1.45235,1.12,1.12
2017.07.28 13:32:06.286,1.4522,1.45234,1.87,1.00
2017.07.28 13:32:06.797,1.45221,1.45233,1.12,1.00
2017.07.28 13:32:07.308,1.45223,1.45232,1.00,1.12
2017.07.28 13:32:07.464,1.45224,1.45235,1.00,2.25
2017.07.28 13:32:07.515,1.45226,1.45235,1.00,1.87
2017.07.28 13:32:07.921,1.45225,1.45235,1.00,1.37
2017.07.28 13:32:08.126,1.45225,1.45235,1.00,1.12
2017.07.28 13:32:08.719,1.45226,1.45237,1.00,1.25
2017.07.28 13:32:09.182,1.45228,1.45239,1.50,1.37
2017.07.28 13:32:09.441,1.4523,1.45243,1.00,3.00
2017.07.28 13:32:09.722,1.45229,1.45241,1.00,2.25
2017.07.28 13:32:10.030,1.45226,1.45238,1.12,1.12
2017.07.28 13:32:10.133,1.45226,1.45237,1.12,1.37
2017.07.28 13:32:10.609,1.45224,1.45235,1.00,1.00
2017.07.28 13:32:11.121,1.45224,1.45234,1.00,1.00
2017.07.28 13:32:11.832,1.45224,1.45235,1.00,1.50
2017.07.28 13:32:12.189,1.45222,1.45235,1.12,1.50
2017.07.28 13:32:12.241,1.45224,1.45234,1.00,1.00
2017.07.28 13:32:12.748,1.45225,1.45235,1.00,1.00
2017.07.28 13:32:13.265,1.45226,1.45236,1.00,1.00
2017.07.28 13:32:13.572,1.45228,1.45237,1.00,1.00
2017.07.28 13:32:13.676,1.45223,1.45237,1.00,1.09
2017.07.28 13:32:13.913,1.45222,1.45234,1.12,1.50
2017.07.28 13:32:14.220,1.45222,1.45233,1.00,1.37
2017.07.28 13:32:14.529,1.45223,1.45235,1.00,1.50
2017.07.28 13:32:15.411,1.45224,1.45236,1.00,1.00
2017.07.28 13:32:15.922,1.45225,1.45237,1.00,1.87
2017.07.28 13:32:16.427,1.45226,1.45238,1.00,2.25
2017.07.28 13:32:16.735,1.45228,1.45237,1.00,1.12
2017.07.28 13:32:17.041,1.45226,1.45238,1.00,1.12
2017.07.28 13:32:17.641,1.45226,1.45238,1.00,1.87
2017.07.28 13:32:17.959,1.45223,1.45235,1.00,1.87
2017.07.28 13:32:18.061,1.45223,1.45235,1.00,1.00
2017.07.28 13:32:18.764,1.45223,1.45234,1.00,1.19
2017.07.28 13:32:18.868,1.4522,1.45233,1.00,1.69
2017.07.28 13:32:19.023,1.45222,1.45232,1.00,1.00
2017.07.28 13:32:19.583,1.45221,1.45232,1.00,1.50
2017.07.28 13:32:20.401,1.4522,1.45228,1.00,1.90
2017.07.28 13:32:20.453,1.45213,1.45224,1.00,1.00
2017.07.28 13:32:20.963,1.45213,1.45223,1.00,1.12
2017.07.28 13:32:21.633,1.45214,1.45224,1.00,1.37
2017.07.28 13:32:21.787,1.45212,1.45222,1.00,1.12
2017.07.28 13:32:22.393,1.45211,1.45222,1.00,2.81
2017.07.28 13:32:22.445,1.45211,1.45221,1.00,1.37
2017.07.28 13:32:23.190,1.45207,1.45218,1.00,1.62
2017.07.28 13:32:23.242,1.45204,1.45217,1.00,1.00
2017.07.28 13:32:23.293,1.45206,1.45217,1.00,1.50
2017.07.28 13:32:23.448,1.45209,1.45222,1.00,1.37
2017.07.28 13:32:23.809,1.45207,1.4522,1.00,1.62
2017.07.28 13:32:24.094,1.45204,1.45217,1.00,1.87
2017.07.28 13:32:24.248,1.45206,1.45218,1.00,1.37
2017.07.28 13:32:24.351,1.45206,1.45219,1.00,1.00
2017.07.28 13:32:24.505,1.45206,1.4522,1.00,4.69
2017.07.28 13:32:24.812,1.45208,1.4522,1.00,3.75
2017.07.28 13:32:25.326,1.45207,1.45221,1.00,1.50
2017.07.28 13:32:25.845,1.45208,1.4522,1.00,1.12
2017.07.28 13:32:26.359,1.45209,1.45218,1.00,1.00
2017.07.28 13:32:26.479,1.45207,1.45218,1.00,1.00
2017.07.28 13:32:26.994,1.45206,1.45218,1.00,1.00
2017.07.28 13:32:27.148,1.45203,1.45215,1.00,1.94
2017.07.28 13:32:27.354,1.45194,1.45207,1.00,1.12
2017.07.28 13:32:27.509,1.45196,1.45207,1.00,1.50
2017.07.28 13:32:27.563,1.45194,1.45207,1.00,1.12
2017.07.28 13:32:27.616,1.45194,1.45205,1.00,1.00
2017.07.28 13:32:27.668,1.45192,1.45205,1.12,1.12
2017.07.28 13:32:27.771,1.45194,1.45205,1.00,1.12
2017.07.28 13:32:27.874,1.45195,1.45208,1.00,2.62
2017.07.28 13:32:28.386,1.45196,1.45208,1.00,1.12
2017.07.28 13:32:28.527,1.45194,1.45207,1.12,1.00
2017.07.28 13:32:28.680,1.45196,1.45208,1.00,1.50
2017.07.28 13:32:28.732,1.45194,1.45208,1.12,1.50
2017.07.28 13:32:29.039,1.45196,1.45208,1.00,1.50
2017.07.28 13:32:29.448,1.45192,1.45204,1.50,1.00
2017.07.28 13:32:29.752,1.45191,1.45201,1.00,1.00
2017.07.28 13:32:30.267,1.45192,1.45202,1.00,1.00
2017.07.28 13:32:30.779,1.4519,1.45202,1.50,1.00
2017.07.28 13:32:31.180,1.45192,1.45205,1.00,1.12
2017.07.28 13:32:31.334,1.45194,1.45206,1.00,1.37
2017.07.28 13:32:31.850,1.45193,1.45207,1.00,2.81
2017.07.28 13:32:32.324,1.45193,1.45207,1.50,1.00
2017.07.28 13:32:32.478,1.45195,1.45209,1.00,1.00
2017.07.28 13:32:32.632,1.45195,1.45207,1.00,1.00
2017.07.28 13:32:32.972,1.45193,1.45209,1.50,1.87
2017.07.28 13:32:33.483,1.45193,1.45208,1.50,1.00
2017.07.28 13:32:34.017,1.45193,1.45209,1.50,1.37
2017.07.28 13:32:34.119,1.45191,1.45203,1.50,1.00
2017.07.28 13:32:34.655,1.4519,1.45202,1.12,1.50
2017.07.28 13:32:35.067,1.45187,1.45199,1.00,2.25
2017.07.28 13:32:35.570,1.45188,1.452,1.00,1.34
2017.07.28 13:32:35.777,1.45186,1.45201,1.12,2.77
2017.07.28 13:32:35.881,1.45188,1.45201,1.00,2.77
2017.07.28 13:32:36.444,1.45186,1.45201,1.12,2.02
2017.07.28 13:32:36.675,1.45188,1.45201,1.00,1.84
2017.07.28 13:32:36.930,1.45187,1.45202,1.50,1.12
2017.07.28 13:32:37.137,1.45186,1.45195,1.00,1.00
2017.07.28 13:32:37.190,1.45186,1.45199,1.00,2.62
2017.07.28 13:32:37.294,1.45188,1.452,1.00,1.87
2017.07.28 13:32:37.519,1.45189,1.45202,1.00,1.50
2017.07.28 13:32:37.625,1.45186,1.45196,1.12,1.25
2017.07.28 13:32:37.832,1.45176,1.45189,1.37,1.12
2017.07.28 13:32:38.037,1.45175,1.45187,1.50,1.00
2017.07.28 13:32:38.549,1.45176,1.45187,1.00,1.00
2017.07.28 13:32:38.856,1.45175,1.45183,1.00,1.00
2017.07.28 13:32:39.105,1.45175,1.45187,1.50,1.12
2017.07.28 13:32:39.157,1.45177,1.45189,1.00,2.62
2017.07.28 13:32:39.209,1.45177,1.4519,1.00,1.50
2017.07.28 13:32:39.312,1.45171,1.45186,1.82,1.12
2017.07.28 13:32:39.363,1.45171,1.45184,1.44,1.00
2017.07.28 13:32:39.670,1.45167,1.45182,1.07,2.62
2017.07.28 13:32:40.027,1.45169,1.4518,1.00,1.00
2017.07.28 13:32:40.079,1.45165,1.45179,1.12,1.00
2017.07.28 13:32:40.182,1.45167,1.4518,1.00,1.00
2017.07.28 13:32:40.490,1.45165,1.45181,1.87,1.00
2017.07.28 13:32:41.033,1.45167,1.45181,1.00,1.12
2017.07.28 13:32:41.340,1.45165,1.4518,1.00,1.00
2017.07.28 13:32:41.443,1.45165,1.45181,1.00,1.09
2017.07.28 13:32:41.545,1.45165,1.4518,1.00,1.00
2017.07.28 13:32:41.597,1.45168,1.45181,1.00,1.09
2017.07.28 13:32:41.853,1.45166,1.45182,1.12,1.71
2017.07.28 13:32:41.905,1.45168,1.45181,1.00,1.46
2017.07.28 13:32:42.245,1.45171,1.45185,1.00,1.00
2017.07.28 13:32:42.603,1.45173,1.45186,1.00,1.00
2017.07.28 13:32:43.112,1.45172,1.45187,1.00,2.25
2017.07.28 13:32:45.503,1.45168,1.45179,1.50,1.50
2017.07.28 13:32:45.606,1.45168,1.4518,1.00,1.87
2017.07.28 13:32:46.119,1.45167,1.45181,1.00,1.00
2017.07.28 13:32:46.771,1.45167,1.45182,1.00,1.87
2017.07.28 13:32:47.204,1.45165,1.45178,1.12,1.69
2017.07.28 13:32:47.307,1.45163,1.45177,1.00,3.37
2017.07.28 13:32:47.616,1.45165,1.45177,1.00,1.50
2017.07.28 13:32:47.677,1.45165,1.45181,1.00,3.37
2017.07.28 13:32:47.830,1.45165,1.45181,1.50,1.50
2017.07.28 13:32:48.087,1.45168,1.45182,1.00,1.87
2017.07.28 13:32:48.396,1.45171,1.45184,1.12,1.12
2017.07.28 13:32:48.721,1.45168,1.45181,1.00,1.87
2017.07.28 13:32:48.824,1.45169,1.45184,1.50,1.00
2017.07.28 13:32:48.875,1.45171,1.45184,1.00,1.00
2017.07.28 13:32:48.977,1.45169,1.45184,1.12,1.00
2017.07.28 13:32:50.552,1.4517,1.45184,1.00,1.00
2017.07.28 13:32:50.655,1.45169,1.45182,1.50,1.50
2017.07.28 13:32:50.974,1.45164,1.45177,1.00,3.37
2017.07.28 13:32:51.285,1.45161,1.45176,1.12,2.62
2017.07.28 13:32:51.339,1.45163,1.45176,1.00,1.00
2017.07.28 13:32:52.009,1.45167,1.45178,1.00,1.46
2017.07.28 13:32:52.113,1.45165,1.4518,1.00,1.12
2017.07.28 13:32:52.164,1.45165,1.45178,1.00,3.37
2017.07.28 13:32:52.318,1.4516,1.45174,1.00,2.25
2017.07.28 13:32:52.370,1.4516,1.45174,2.25,1.50
2017.07.28 13:32:52.880,1.45159,1.45175,4.12,2.62
2017.07.28 13:32:53.542,1.45159,1.4517,4.12,1.50
2017.07.28 13:32:53.594,1.45159,1.45173,2.25,2.62
2017.07.28 13:32:53.646,1.45158,1.45172,1.12,1.00
2017.07.28 13:32:53.748,1.45159,1.45172,1.50,1.00
2017.07.28 13:32:54.055,1.45157,1.45168,1.12,2.62
2017.07.28 13:32:54.256,1.45155,1.45169,1.87,3.00
2017.07.28 13:32:54.311,1.45156,1.45169,1.00,2.96
2017.07.28 13:32:54.622,1.45154,1.45165,1.00,1.12
2017.07.28 13:32:54.827,1.45155,1.45168,1.00,2.62
2017.07.28 13:32:55.005,1.45155,1.45168,1.75,1.00
2017.07.28 13:32:55.108,1.4516,1.45172,1.12,1.69
2017.07.28 13:32:55.160,1.45161,1.45174,1.00,3.19
2017.07.28 13:32:55.519,1.45166,1.45176,1.00,1.00
2017.07.28 13:32:55.623,1.45169,1.45181,1.00,1.12
2017.07.28 13:32:55.819,1.45167,1.45181,1.00,2.81
2017.07.28 13:32:56.076,1.45164,1.45179,1.00,2.06
2017.07.28 13:32:56.231,1.45166,1.4518,1.00,1.50
2017.07.28 13:32:56.744,1.45165,1.45179,1.12,1.12
2017.07.28 13:32:57.383,1.45165,1.45178,1.50,1.00
2017.07.28 13:32:57.892,1.45165,1.45177,2.25,1.12
2017.07.28 13:32:58.474,1.45166,1.4518,1.00,1.37
2017.07.28 13:32:58.526,1.45168,1.45182,1.00,1.87
2017.07.28 13:32:58.630,1.4517,1.45183,1.00,1.12
2017.07.28 13:32:59.143,1.4517,1.45182,1.12,1.00
2017.07.28 13:32:59.652,1.4517,1.45183,1.12,1.87
2017.07.28 13:32:59.705,1.45172,1.45187,1.12,2.59
2017.07.28 13:33:00.228,1.4517,1.45184,1.12,2.03
2017.07.28 13:33:00.535,1.45165,1.45177,1.00,1.00
2017.07.28 13:33:01.082,1.45166,1.45179,1.00,1.37
2017.07.28 13:33:01.595,1.45166,1.45177,1.00,1.00
2017.07.28 13:33:01.762,1.45164,1.45177,1.00,1.00
2017.07.28 13:33:01.916,1.45164,1.45175,1.00,1.00
2017.07.28 13:33:01.968,1.45165,1.45178,1.00,1.00
2017.07.28 13:33:02.380,1.45167,1.45179,1.00,1.12
2017.07.28 13:33:02.689,1.45174,1.45185,1.12,3.37
2017.07.28 13:33:02.870,1.45176,1.4519,1.00,1.50
2017.07.28 13:33:02.922,1.45174,1.45188,1.12,3.00
2017.07.28 13:33:02.973,1.45176,1.45188,1.00,1.00
2017.07.28 13:33:03.025,1.45173,1.45188,1.00,2.25
2017.07.28 13:33:03.128,1.45174,1.45188,1.00,2.44
2017.07.28 13:33:03.179,1.45172,1.45186,1.12,1.12
2017.07.28 13:33:03.692,1.45171,1.45188,1.87,4.50
2017.07.28 13:33:03.743,1.45171,1.45188,1.37,1.50
2017.07.28 13:33:03.912,1.45171,1.45186,1.00,1.00
2017.07.28 13:33:04.323,1.45171,1.45188,1.00,2.62
2017.07.28 13:33:04.681,1.45173,1.45189,1.00,4.50
2017.07.28 13:33:04.994,1.45169,1.45183,2.25,1.46
2017.07.28 13:33:05.049,1.45169,1.45182,1.00,1.00
2017.07.28 13:33:05.102,1.45169,1.4518,1.00,1.50
2017.07.28 13:33:05.155,1.45166,1.45178,1.00,2.62
2017.07.28 13:33:05.258,1.45163,1.45177,1.00,1.00
2017.07.28 13:33:05.311,1.45163,1.45175,1.00,1.50
2017.07.28 13:33:05.854,1.45163,1.45175,1.00,1.00
2017.07.28 13:33:06.366,1.45162,1.45175,1.00,1.12
2017.07.28 13:33:06.694,1.45161,1.45172,1.12,3.52
2017.07.28 13:33:06.797,1.45158,1.45168,1.00,2.06
2017.07.28 13:33:07.311,1.45157,1.45168,1.00,2.59
2017.07.28 13:33:07.564,1.45158,1.45168,1.00,1.69
2017.07.28 13:33:07.820,1.45161,1.45171,1.00,2.62
2017.07.28 13:33:07.975,1.45165,1.45178,1.00,2.62
2017.07.28 13:33:08.674,1.45165,1.45178,1.00,2.62
2017.07.28 13:33:09.185,1.45166,1.45178,1.00,1.69
2017.07.28 13:33:09.699,1.45163,1.45174,1.75,1.12
2017.07.28 13:33:09.883,1.45162,1.45171,1.00,1.00
2017.07.28 13:33:10.139,1.45163,1.45174,1.00,1.87
2017.07.28 13:33:10.448,1.45163,1.45172,1.00,1.37
2017.07.28 13:33:10.499,1.4516,1.45172,1.00,1.56
2017.07.28 13:33:10.551,1.45159,1.45169,1.12,1.31
2017.07.28 13:33:10.857,1.45157,1.45166,1.00,1.31
2017.07.28 13:33:11.020,1.45157,1.45168,1.00,1.50
2017.07.28 13:33:11.174,1.45159,1.45168,1.00,1.69
2017.07.28 13:33:11.277,1.45157,1.45168,1.00,1.62
2017.07.28 13:33:11.585,1.45155,1.45168,1.50,1.69
2017.07.28 13:33:11.688,1.45158,1.45167,1.00,1.62
2017.07.28 13:33:12.343,1.45157,1.45168,1.00,1.81
2017.07.28 13:33:12.855,1.45156,1.45168,1.00,1.81
2017.07.28 13:33:13.408,1.45155,1.45168,1.50,1.62
2017.07.28 13:33:14.093,1.45157,1.45168,1.00,1.75
2017.07.28 13:33:14.154,1.45157,1.45169,1.00,1.37
2017.07.28 13:33:14.462,1.45159,1.45169,1.00,1.37
2017.07.28 13:33:14.968,1.45158,1.4517,1.00,1.12
2017.07.28 13:33:16.943,1.45158,1.45171,1.00,1.00
2017.07.28 13:33:17.316,1.45157,1.45172,1.00,2.00
2017.07.28 13:33:17.369,1.45157,1.45171,1.00,1.37
2017.07.28 13:33:17.627,1.45158,1.45172,1.00,1.00
2017.07.28 13:33:18.453,1.4516,1.45173,1.00,1.37
2017.07.28 13:33:18.504,1.45158,1.45173,1.00,1.37
2017.07.28 13:33:18.927,1.45158,1.45172,1.00,1.12
2017.07.28 13:33:20.011,1.45158,1.45173,1.50,2.06
2017.07.28 13:33:20.314,1.4516,1.45173,1.00,1.94
2017.07.28 13:33:20.827,1.45159,1.45173,1.00,1.94
2017.07.28 13:33:21.101,1.45162,1.45175,1.00,1.37
2017.07.28 13:33:22.041,1.45163,1.45177,1.12,3.00
2017.07.28 13:33:22.567,1.45163,1.45176,1.00,1.37
2017.07.28 13:33:23.487,1.45163,1.45176,1.50,1.75
2017.07.28 13:33:24.026,1.45162,1.45177,1.12,1.12
2017.07.28 13:33:25.147,1.45161,1.45174,1.12,1.75
2017.07.28 13:33:25.251,1.45156,1.45168,1.12,1.00
2017.07.28 13:33:26.012,1.45155,1.45168,1.37,1.50
2017.07.28 13:33:26.217,1.45154,1.45169,2.62,3.00
2017.07.28 13:33:26.728,1.45155,1.45169,1.00,2.25
2017.07.28 13:33:26.782,1.45157,1.45169,1.00,2.25
2017.07.28 13:33:27.293,1.45153,1.45166,2.25,1.00
2017.07.28 13:33:27.810,1.45154,1.45167,1.12,1.87
2017.07.28 13:33:28.528,1.45154,1.45167,1.00,1.87
2017.07.28 13:33:28.998,1.45152,1.45164,1.87,1.50
2017.07.28 13:33:29.202,1.45142,1.45158,2.62,1.00
2017.07.28 13:33:29.431,1.45142,1.45158,2.62,1.87
2017.07.28 13:33:29.890,1.45144,1.45159,1.87,1.87
2017.07.28 13:33:30.400,1.45144,1.45159,1.50,1.37
2017.07.28 13:33:31.102,1.45144,1.45161,1.50,2.25
2017.07.28 13:33:31.714,1.45144,1.45161,2.62,1.87
2017.07.28 13:33:31.901,1.45145,1.45161,1.50,1.50
2017.07.28 13:33:32.105,1.45155,1.45161,1.00,1.00
2017.07.28 13:33:32.209,1.45155,1.45164,1.00,2.25
2017.07.28 13:33:32.874,1.45155,1.45164,1.00,2.00
2017.07.28 13:33:32.926,1.45148,1.45164,1.50,2.00
2017.07.28 13:33:33.399,1.4515,1.45165,1.00,2.00
2017.07.28 13:33:34.227,1.45151,1.45166,1.00,3.19
2017.07.28 13:33:34.751,1.45152,1.45165,1.00,1.37
2017.07.28 13:33:35.262,1.45151,1.45165,1.87,1.37
2017.07.28 13:33:36.202,1.45147,1.45163,1.12,1.00
2017.07.28 13:33:36.406,1.45147,1.45162,1.12,1.87
2017.07.28 13:33:36.561,1.45145,1.45159,1.12,1.12
2017.07.28 13:33:36.801,1.45147,1.45161,1.00,2.25
2017.07.28 13:33:36.904,1.45144,1.45161,2.25,2.25
2017.07.28 13:33:37.424,1.45145,1.45161,1.00,2.25
2017.07.28 13:33:37.526,1.45147,1.45161,1.00,1.12
2017.07.28 13:33:39.071,1.45147,1.45162,1.50,1.50
2017.07.28 13:33:39.225,1.45149,1.45163,1.50,1.12
2017.07.28 13:33:39.277,1.4515,1.45167,1.37,2.44
2017.07.28 13:33:39.380,1.45153,1.45167,1.00,1.50
2017.07.28 13:33:39.846,1.45151,1.45166,1.12,1.31
2017.07.28 13:33:40.148,1.45152,1.45167,3.00,1.12
2017.07.28 13:33:40.462,1.45151,1.45166,1.75,1.50
2017.07.28 13:33:40.566,1.45149,1.45165,1.50,1.31
2017.07.28 13:33:40.668,1.45153,1.45166,1.00,1.87
2017.07.28 13:33:40.925,1.4515,1.45165,2.25,1.00
2017.07.28 13:33:41.311,1.45152,1.45166,1.00,1.87
2017.07.28 13:33:41.669,1.4515,1.45165,1.00,1.00
2017.07.28 13:33:42.079,1.45149,1.45163,1.50,1.00
2017.07.28 13:33:42.131,1.45148,1.45162,1.12,1.00
2017.07.28 13:33:42.636,1.45148,1.45163,1.12,1.00
2017.07.28 13:33:42.789,1.45151,1.45163,1.12,1.00
2017.07.28 13:33:43.147,1.45151,1.45161,1.00,1.00
2017.07.28 13:33:43.249,1.45146,1.4516,1.50,1.00
2017.07.28 13:33:43.351,1.45148,1.4516,1.00,1.00
2017.07.28 13:33:43.703,1.45151,1.4516,1.12,1.00
2017.07.28 13:33:43.755,1.45148,1.4516,1.12,1.00
2017.07.28 13:33:44.236,1.4515,1.45162,1.00,1.12
2017.07.28 13:33:44.572,1.4515,1.4516,1.12,1.00
2017.07.28 13:33:45.174,1.45149,1.45161,1.12,1.00
2017.07.28 13:33:45.483,1.45144,1.45156,1.50,1.00
2017.07.28 13:33:45.944,1.45147,1.45158,1.00,1.50
2017.07.28 13:33:46.301,1.45142,1.45157,2.62,1.50
2017.07.28 13:33:46.556,1.45142,1.45157,1.87,1.50
2017.07.28 13:33:46.914,1.45144,1.45157,1.00,1.37
2017.07.28 13:33:47.307,1.45146,1.45159,1.00,1.50
2017.07.28 13:33:47.666,1.45144,1.45156,1.75,1.50
2017.07.28 13:33:47.769,1.45141,1.45155,1.75,1.00
2017.07.28 13:33:47.871,1.45141,1.45155,1.50,1.00
2017.07.28 13:33:48.115,1.45143,1.45158,1.87,1.50
2017.07.28 13:33:48.167,1.45144,1.4516,1.50,2.62
2017.07.28 13:33:48.270,1.45144,1.4516,1.87,1.50
2017.07.28 13:33:48.731,1.45143,1.45157,1.50,1.12
2017.07.28 13:33:49.253,1.45143,1.45156,1.50,1.00
2017.07.28 13:33:49.920,1.45144,1.45156,1.00,1.00
2017.07.28 13:33:50.437,1.45143,1.45156,1.50,1.00
2017.07.28 13:33:50.744,1.45143,1.45156,1.00,4.50
2017.07.28 13:33:50.897,1.45139,1.45154,2.62,1.37
2017.07.28 13:33:51.559,1.4514,1.45156,1.87,1.69
2017.07.28 13:33:52.038,1.4514,1.45156,2.25,1.12
2017.07.28 13:33:52.548,1.4514,1.45157,3.00,1.12
2017.07.28 13:33:53.089,1.45142,1.45157,1.37,1.12
2017.07.28 13:33:53.396,1.45138,1.45153,2.62,1.00
2017.07.28 13:33:53.702,1.4514,1.45155,2.25,1.50
2017.07.28 13:33:54.009,1.45145,1.45158,1.00,2.62
2017.07.28 13:33:54.391,1.45145,1.45158,1.00,1.87
2017.07.28 13:33:54.545,1.45143,1.45158,1.00,1.12
2017.07.28 13:33:54.752,1.45145,1.4516,1.00,1.00
2017.07.28 13:33:55.262,1.45144,1.45159,1.00,1.00
2017.07.28 13:33:55.605,1.45149,1.45161,1.00,2.62
2017.07.28 13:33:55.708,1.4515,1.45163,1.00,1.00
2017.07.28 13:33:55.759,1.45148,1.45163,1.87,1.50
2017.07.28 13:33:57.705,1.4515,1.45164,1.00,1.12
2017.07.28 13:33:57.862,1.45151,1.45165,1.50,1.12
2017.07.28 13:33:57.965,1.4515,1.45165,1.00,1.87
2017.07.28 13:33:58.275,1.45148,1.45163,1.50,1.37
2017.07.28 13:33:58.480,1.45151,1.45166,1.00,2.25
2017.07.28 13:33:58.582,1.4515,1.45166,1.00,1.00
2017.07.28 13:33:59.085,1.4515,1.45165,1.00,1.12
2017.07.28 13:33:59.619,1.45149,1.45164,1.00,1.69
2017.07.28 13:34:00.182,1.4515,1.45164,1.00,1.69
2017.07.28 13:34:00.384,1.45152,1.45165,1.00,1.00
2017.07.28 13:34:00.843,1.4515,1.45165,1.00,1.87
2017.07.28 13:34:01.355,1.4515,1.45164,1.00,2.00
2017.07.28 13:34:01.566,1.4515,1.45165,1.00,1.00
2017.07.28 13:34:01.822,1.45152,1.45165,1.00,1.37
2017.07.28 13:34:02.130,1.45154,1.45168,1.00,3.75
2017.07.28 13:34:02.182,1.45152,1.45167,1.00,2.25
2017.07.28 13:34:02.729,1.45154,1.45166,1.00,1.00
2017.07.28 13:34:02.987,1.45152,1.45166,1.50,2.25
2017.07.28 13:34:03.140,1.45153,1.45168,1.00,1.87
2017.07.28 13:34:04.549,1.45152,1.45168,1.87,1.87
2017.07.28 13:34:05.222,1.4515,1.45165,2.25,1.00
2017.07.28 13:34:05.325,1.45149,1.45164,1.31,1.00
2017.07.28 13:34:05.890,1.4515,1.45165,1.00,1.50
2017.07.28 13:34:06.405,1.45151,1.45167,1.00,3.00
2017.07.28 13:34:06.953,1.45152,1.45169,1.87,1.37
2017.07.28 13:34:07.055,1.45151,1.45164,1.87,1.00
2017.07.28 13:34:07.389,1.45154,1.45164,1.12,1.00
2017.07.28 13:34:09.749,1.45155,1.45167,1.50,1.00
2017.07.28 13:34:09.853,1.45159,1.45169,1.00,1.00
2017.07.28 13:34:10.290,1.45161,1.4517,1.00,1.00
2017.07.28 13:34:10.893,1.4516,1.4517,1.00,1.00
2017.07.28 13:34:11.403,1.4516,1.45169,1.00,1.00
2017.07.28 13:34:12.130,1.45159,1.45169,1.12,1.00
2017.07.28 13:34:12.438,1.45154,1.45164,2.85,1.00
2017.07.28 13:34:12.489,1.45151,1.45163,2.81,1.00
2017.07.28 13:34:12.592,1.45151,1.45163,3.00,1.00
2017.07.28 13:34:13.231,1.45154,1.45163,1.00,1.00
2017.07.28 13:34:13.746,1.45153,1.45162,1.50,1.00
2017.07.28 13:34:14.255,1.45154,1.45162,1.00,1.00
2017.07.28 13:34:14.873,1.45153,1.45163,1.50,1.00
2017.07.28 13:34:15.181,1.45157,1.45166,1.00,1.00
2017.07.28 13:34:15.871,1.45156,1.45166,1.50,1.00
2017.07.28 13:34:16.188,1.45156,1.45162,1.00,1.00
2017.07.28 13:34:16.393,1.45151,1.45163,1.37,1.00
2017.07.28 13:34:16.919,1.45151,1.45162,1.50,1.00
2017.07.28 13:34:17.073,1.45151,1.45158,1.37,1.00
2017.07.28 13:34:17.269,1.45148,1.45157,1.00,1.00
2017.07.28 13:34:17.473,1.45151,1.45161,1.00,1.00
2017.07.28 13:34:18.020,1.45149,1.45161,1.12,1.00
2017.07.28 13:34:18.174,1.4515,1.45161,1.00,1.00
2017.07.28 13:34:18.481,1.45152,1.45162,1.00,1.00
2017.07.28 13:34:18.736,1.45149,1.4516,1.50,1.00
2017.07.28 13:34:18.991,1.45151,1.45161,1.00,1.00
2017.07.28 13:34:19.301,1.45148,1.45158,1.50,1.00
2017.07.28 13:34:19.843,1.45148,1.45157,1.12,1.00
2017.07.28 13:34:19.996,1.45148,1.45159,1.12,1.00
2017.07.28 13:34:20.251,1.4515,1.45162,1.00,1.00
2017.07.28 13:34:20.302,1.4515,1.4516,1.00,1.00
2017.07.28 13:34:20.979,1.4515,1.45159,1.50,1.00
2017.07.28 13:34:21.082,1.45148,1.45161,3.19,1.00
2017.07.28 13:34:21.135,1.45153,1.4516,1.00,1.00
2017.07.28 13:34:21.291,1.4515,1.45158,1.12,1.00
2017.07.28 13:34:21.799,1.45149,1.45159,1.87,1.00
2017.07.28 13:34:24.073,1.45149,1.45157,1.50,1.00
2017.07.28 13:34:24.227,1.45145,1.45154,1.12,1.00
2017.07.28 13:34:24.380,1.45144,1.45152,1.12,1.00
2017.07.28 13:34:24.894,1.45144,1.4515,1.12,1.00
2017.07.28 13:34:25.403,1.45141,1.45149,1.75,1.00
2017.07.28 13:34:25.507,1.45138,1.45147,1.75,1.00
2017.07.28 13:34:25.609,1.45138,1.45147,1.12,1.00
2017.07.28 13:34:26.292,1.4514,1.4515,1.25,1.00
2017.07.28 13:34:26.616,1.45141,1.45153,1.31,1.00
2017.07.28 13:34:26.770,1.45141,1.45151,1.31,1.00
2017.07.28 13:34:26.873,1.45141,1.45153,2.44,1.00
2017.07.28 13:34:26.925,1.45144,1.45154,1.12,1.00
2017.07.28 13:34:27.234,1.45145,1.45155,1.50,1.00
2017.07.28 13:34:27.792,1.45146,1.45156,1.00,1.00
2017.07.28 13:34:28.100,1.45153,1.4516,1.12,1.00
2017.07.28 13:34:28.432,1.45151,1.4516,1.00,1.00
2017.07.28 13:34:28.994,1.45149,1.45159,1.87,1.00
2017.07.28 13:34:29.046,1.45147,1.45156,1.12,1.00
2017.07.28 13:34:29.149,1.45146,1.45156,1.87,1.00
2017.07.28 13:34:30.303,1.4514,1.45149,1.50,1.00
2017.07.28 13:34:30.816,1.4514,1.45148,1.50,1.00
2017.07.28 13:34:31.212,1.45131,1.45142,4.12,1.00
2017.07.28 13:34:31.263,1.45131,1.45141,1.19,1.00
2017.07.28 13:34:31.521,1.45133,1.45144,1.31,1.00
2017.07.28 13:34:32.032,1.45136,1.45143,1.12,1.00
2017.07.28 13:34:32.583,1.45133,1.45143,2.06,1.00
2017.07.28 13:34:32.788,1.45134,1.45145,2.06,1.00
2017.07.28 13:34:32.944,1.45134,1.45146,2.06,1.00
2017.07.28 13:34:33.150,1.45135,1.45146,1.31,1.00
2017.07.28 13:34:33.466,1.45132,1.45143,2.06,1.00
2017.07.28 13:34:33.518,1.45132,1.45143,1.19,1.00
2017.07.28 13:34:33.724,1.45136,1.45145,1.00,1.00
2017.07.28 13:34:34.455,1.45137,1.45145,1.00,1.00
2017.07.28 13:34:35.000,1.45134,1.45144,1.19,1.00
2017.07.28 13:34:35.525,1.45134,1.45143,1.69,1.00
2017.07.28 13:34:36.049,1.45133,1.45142,1.56,1.00
2017.07.28 13:34:36.100,1.45133,1.45144,1.69,1.00
2017.07.28 13:34:36.406,1.45133,1.45144,2.44,1.00
2017.07.28 13:34:36.458,1.45133,1.45143,1.69,1.00
2017.07.28 13:34:36.561,1.45133,1.45144,1.69,1.00
2017.07.28 13:34:36.973,1.45132,1.4514,1.87,1.00
2017.07.28 13:34:37.180,1.45126,1.45137,1.19,1.00
2017.07.28 13:34:37.701,1.45126,1.45136,1.19,1.00
2017.07.28 13:34:38.220,1.45126,1.45137,1.19,1.00
2017.07.28 13:34:39.507,1.45125,1.45136,1.31,1.00
2017.07.28 13:34:39.660,1.45125,1.45138,1.31,1.00
2017.07.28 13:34:40.132,1.45127,1.45138,1.19,1.00
2017.07.28 13:34:40.643,1.45128,1.45142,2.06,1.00
2017.07.28 13:34:40.790,1.45129,1.45144,1.19,1.12
2017.07.28 13:34:40.996,1.45135,1.45148,1.25,1.37
2017.07.28 13:34:41.307,1.45134,1.45149,1.19,1.37
2017.07.28 13:34:41.962,1.45134,1.45149,1.19,1.00
2017.07.28 13:34:42.320,1.45134,1.45149,1.19,1.00
2017.07.28 13:34:42.372,1.45136,1.45152,1.19,2.62
2017.07.28 13:34:42.476,1.45138,1.45155,1.69,1.12
2017.07.28 13:34:42.635,1.45138,1.45149,1.00,1.87
2017.07.28 13:34:42.787,1.45132,1.45147,1.19,1.87
2017.07.28 13:34:42.945,1.45131,1.45144,1.00,1.12
2017.07.28 13:34:43.407,1.45136,1.45146,1.00,1.00
2017.07.28 13:34:43.512,1.45135,1.45148,1.25,1.00
2017.07.28 13:34:43.969,1.45134,1.45146,1.50,1.00
2017.07.28 13:34:44.744,1.45134,1.45146,1.31,1.00
2017.07.28 13:34:45.005,1.45131,1.45144,1.12,1.12
2017.07.28 13:34:45.865,1.45129,1.45141,1.12,1.00
2017.07.28 13:34:46.090,1.45124,1.4514,3.37,1.12
2017.07.28 13:34:46.602,1.45124,1.45139,2.62,1.00
2017.07.28 13:34:47.026,1.45125,1.45139,1.31,1.00
2017.07.28 13:34:47.271,1.45124,1.45138,3.37,1.00
2017.07.28 13:34:48.666,1.45128,1.45141,1.25,1.87
2017.07.28 13:34:48.975,1.45126,1.45141,1.87,1.00
2017.07.28 13:34:49.026,1.45128,1.45143,1.19,1.12
2017.07.28 13:34:49.435,1.45129,1.4514,1.25,1.00
2017.07.28 13:34:49.767,1.45125,1.45138,1.12,1.12
2017.07.28 13:34:50.030,1.45122,1.45137,1.56,1.12
2017.07.28 13:34:50.083,1.45122,1.45138,3.37,2.25
2017.07.28 13:34:50.506,1.45123,1.45137,1.31,1.12
2017.07.28 13:34:51.123,1.45121,1.45135,1.12,1.00
2017.07.28 13:34:51.635,1.45123,1.45137,1.50,1.12
2017.07.28 13:34:51.745,1.45124,1.45137,1.37,1.00
2017.07.28 13:34:51.848,1.45127,1.4514,1.50,1.00
2017.07.28 13:34:51.950,1.45127,1.4514,1.00,1.50
2017.07.28 13:34:52.472,1.45126,1.4514,1.31,1.50
2017.07.28 13:34:53.032,1.45126,1.45138,1.19,1.00
2017.07.28 13:34:53.287,1.45125,1.45138,1.00,1.00
2017.07.28 13:34:53.696,1.45124,1.45136,1.25,1.00
2017.07.28 13:34:54.245,1.45122,1.45137,2.25,1.00
2017.07.28 13:34:54.398,1.45121,1.45136,2.06,1.50
2017.07.28 13:34:54.501,1.45123,1.45136,1.00,1.50
2017.07.28 13:34:54.855,1.45122,1.45135,1.75,1.00
2017.07.28 13:34:54.908,1.45122,1.45135,1.31,1.00
2017.07.28 13:34:55.675,1.45121,1.45135,1.56,1.00
2017.07.28 13:34:56.346,1.45122,1.45135,1.31,1.00
2017.07.28 13:34:56.967,1.45122,1.45134,1.31,1.00
2017.07.28 13:34:57.560,1.45125,1.45136,1.00,1.00
2017.07.28 13:34:57.612,1.45121,1.45132,1.37,1.12
2017.07.28 13:34:58.072,1.45121,1.45132,1.00,1.62
2017.07.28 13:34:59.154,1.45122,1.45132,1.00,1.62
2017.07.28 13:35:00.247,1.45122,1.45134,1.00,1.69
2017.07.28 13:35:00.353,1.45123,1.45134,1.00,1.12
2017.07.28 13:35:00.405,1.45127,1.45136,1.00,1.50
2017.07.28 13:35:00.456,1.45127,1.45138,1.00,3.37
2017.07.28 13:35:00.981,1.45126,1.45138,1.00,1.00
2017.07.28 13:35:01.032,1.45128,1.45138,1.00,1.00
2017.07.28 13:35:01.187,1.45129,1.4514,1.00,1.00
2017.07.28 13:35:01.710,1.4513,1.4514,1.00,1.00
2017.07.28 13:35:02.571,1.45129,1.4514,1.00,1.00
2017.07.28 13:35:03.121,1.45128,1.4514,1.00,1.00
2017.07.28 13:35:03.632,1.45129,1.45141,1.00,1.00
2017.07.28 13:35:04.182,1.4513,1.45141,1.00,1.00
2017.07.28 13:35:04.539,1.45133,1.45144,1.00,1.50
2017.07.28 13:35:05.012,1.4513,1.45146,1.25,3.37
2017.07.28 13:35:05.476,1.45132,1.45144,1.50,1.00
2017.07.28 13:35:05.794,1.45138,1.45148,1.00,1.56
2017.07.28 13:35:05.845,1.45136,1.4515,1.00,1.94
2017.07.28 13:35:06.001,1.45136,1.45153,1.31,2.81
2017.07.28 13:35:06.053,1.45137,1.45153,1.50,1.37
2017.07.28 13:35:06.106,1.45139,1.45153,1.12,1.00
2017.07.28 13:35:06.261,1.45142,1.45154,1.00,1.37
2017.07.28 13:35:06.709,1.4514,1.45154,1.00,1.25
2017.07.28 13:35:06.863,1.45147,1.45157,1.00,2.25
2017.07.28 13:35:06.915,1.45144,1.45158,1.00,1.87
2017.07.28 13:35:06.968,1.45146,1.45158,1.00,1.12
2017.07.28 13:35:07.273,1.45144,1.45158,1.00,1.12
2017.07.28 13:35:07.325,1.45142,1.45157,1.62,1.75
2017.07.28 13:35:07.584,1.45144,1.45162,1.31,1.37
2017.07.28 13:35:07.914,1.45146,1.45162,1.12,1.12
2017.07.28 13:35:07.966,1.45151,1.45161,1.00,1.00
2017.07.28 13:35:08.225,1.45148,1.45159,1.00,1.00
2017.07.28 13:35:08.277,1.45145,1.45159,1.37,1.00
2017.07.28 13:35:08.329,1.45149,1.45159,1.00,1.00
2017.07.28 13:35:08.483,1.45148,1.45161,1.12,1.00
2017.07.28 13:35:08.586,1.45148,1.45163,1.12,1.00
2017.07.28 13:35:09.096,1.4515,1.45163,1.50,1.00
2017.07.28 13:35:09.149,1.45151,1.45166,1.00,1.37
2017.07.28 13:35:09.253,1.45153,1.45166,1.00,1.00
2017.07.28 13:35:09.795,1.4515,1.45165,1.50,1.31
2017.07.28 13:35:09.948,1.45148,1.45163,2.25,1.50
2017.07.28 13:35:10.618,1.45151,1.45164,1.50,2.06
2017.07.28 13:35:10.774,1.45155,1.4517,1.50,1.00
2017.07.28 13:35:11.082,1.45157,1.4517,1.00,1.00
2017.07.28 13:35:11.394,1.45163,1.45174,1.00,1.12
2017.07.28 13:35:11.548,1.45163,1.45176,1.00,1.37
2017.07.28 13:35:11.651,1.45163,1.45176,1.00,1.00
2017.07.28 13:35:12.329,1.45167,1.45179,1.00,2.62
2017.07.28 13:35:12.649,1.45169,1.45182,1.00,2.25
2017.07.28 13:35:13.058,1.45171,1.45183,1.00,1.87
2017.07.28 13:35:13.311,1.45173,1.45185,1.00,1.00
2017.07.28 13:35:13.419,1.45173,1.45188,1.00,2.62
2017.07.28 13:35:13.473,1.45177,1.45188,1.00,1.12
2017.07.28 13:35:13.730,1.45179,1.45193,1.00,1.25
2017.07.28 13:35:14.278,1.4518,1.45195,1.00,3.00
2017.07.28 13:35:14.691,1.45179,1.45193,1.00,1.50
2017.07.28 13:35:15.219,1.45178,1.45193,1.00,2.06
2017.07.28 13:35:15.582,1.45178,1.45189,1.00,1.19
2017.07.28 13:35:16.105,1.45175,1.45185,1.00,1.19
2017.07.28 13:35:16.259,1.45172,1.45184,1.00,1.19
2017.07.28 13:35:16.310,1.45174,1.45184,1.00,1.19
2017.07.28 13:35:16.618,1.45176,1.45185,1.00,1.19
2017.07.28 13:35:16.822,1.45173,1.45184,1.00,1.19
2017.07.28 13:35:16.874,1.45176,1.45187,1.00,2.44
2017.07.28 13:35:17.181,1.45178,1.45187,1.00,2.44
2017.07.28 13:35:17.285,1.45179,1.45187,1.00,1.12
2017.07.28 13:35:17.658,1.45181,1.4519,1.00,1.19
2017.07.28 13:35:17.970,1.45181,1.45188,1.00,1.19
2017.07.28 13:35:18.278,1.4518,1.45192,1.00,1.56
2017.07.28 13:35:18.591,1.45179,1.45189,1.00,1.19
2017.07.28 13:35:18.901,1.45182,1.4519,1.00,1.19
2017.07.28 13:35:18.952,1.45181,1.45194,1.00,2.06
2017.07.28 13:35:19.106,1.45179,1.45191,1.00,2.06
2017.07.28 13:35:19.407,1.45178,1.45189,1.00,1.19
2017.07.28 13:35:19.663,1.45176,1.45189,1.00,1.19
2017.07.28 13:35:19.716,1.4518,1.45191,1.00,2.06
2017.07.28 13:35:20.218,1.45176,1.45192,1.00,3.75
2017.07.28 13:35:20.272,1.45174,1.45186,1.37,1.69
2017.07.28 13:35:20.582,1.4517,1.45181,1.00,1.19
2017.07.28 13:35:21.131,1.45169,1.45181,1.00,1.19
2017.07.28 13:35:21.288,1.4517,1.45184,1.00,3.19
2017.07.28 13:35:21.803,1.45169,1.45181,1.00,1.19
2017.07.28 13:35:22.163,1.45171,1.45184,1.00,1.19
2017.07.28 13:35:22.318,1.45169,1.45185,2.25,1.31
2017.07.28 13:35:22.531,1.45172,1.45185,1.00,1.19
2017.07.28 13:35:22.593,1.45169,1.45183,1.50,1.69
2017.07.28 13:35:23.104,1.4517,1.45183,1.00,2.81
2017.07.28 13:35:23.589,1.45168,1.45182,1.00,1.19
2017.07.28 13:35:24.048,1.45166,1.45176,2.62,1.00
2017.07.28 13:35:24.548,1.45169,1.45178,1.00,1.00
2017.07.28 13:35:24.602,1.4517,1.4518,2.25,1.00
2017.07.28 13:35:25.065,1.45169,1.45176,1.37,1.00
2017.07.28 13:35:25.240,1.4517,1.45179,1.50,1.00
2017.07.28 13:35:25.292,1.4517,1.45177,1.87,1.00
2017.07.28 13:35:25.599,1.45168,1.45176,1.00,1.00
2017.07.28 13:35:26.458,1.45166,1.45178,4.46,1.25
2017.07.28 13:35:26.614,1.45168,1.45178,1.12,1.00
2017.07.28 13:35:26.666,1.45168,1.4518,1.50,1.00
2017.07.28 13:35:26.770,1.45171,1.45182,1.87,1.69
2017.07.28 13:35:26.822,1.45171,1.45182,2.25,1.25
2017.07.28 13:35:27.323,1.45171,1.45182,3.00,1.00
2017.07.28 13:35:27.835,1.45173,1.45183,1.00,1.00
2017.07.28 13:35:28.093,1.45174,1.45183,2.25,1.00
2017.07.28 13:35:28.403,1.45172,1.45181,1.12,1.00
2017.07.28 13:35:28.507,1.45171,1.45181,3.37,1.00
2017.07.28 13:35:28.559,1.45171,1.45179,2.62,1.00
2017.07.28 13:35:28.714,1.45167,1.45178,2.25,1.00
2017.07.28 13:35:29.261,1.45167,1.45177,1.50,1.00
2017.07.28 13:35:29.416,1.45172,1.45177,1.00,1.00
2017.07.28 13:35:29.518,1.45169,1.45179,1.75,1.00
2017.07.28 13:35:29.794,1.45172,1.45181,1.12,1.00
2017.07.28 13:35:29.846,1.45175,1.45182,1.00,1.00
2017.07.28 13:35:29.898,1.45176,1.45184,1.00,1.00
2017.07.28 13:35:30.205,1.45175,1.45182,1.37,1.00
2017.07.28 13:35:30.527,1.45172,1.4518,1.00,1.00
2017.07.28 13:35:31.038,1.45173,1.4518,1.00,1.00
2017.07.28 13:35:31.089,1.4517,1.4518,3.00,1.00
2017.07.28 13:35:31.469,1.45173,1.45182,1.87,1.00
2017.07.28 13:35:31.726,1.45171,1.45181,1.50,1.00
2017.07.28 13:35:31.778,1.45176,1.45182,1.00,1.00
2017.07.28 13:35:31.983,1.45175,1.45184,1.12,1.00
2017.07.28 13:35:32.035,1.45175,1.45182,1.12,1.00
2017.07.28 13:35:32.586,1.45174,1.45182,1.50,1.00
2017.07.28 13:35:32.894,1.4517,1.45177,1.87,1.00
2017.07.28 13:35:33.352,1.45168,1.45177,1.12,1.00
2017.07.28 13:35:33.862,1.45169,1.45178,1.00,1.00
2017.07.28 13:35:34.372,1.45167,1.45178,1.87,1.00
2017.07.28 13:35:34.425,1.45166,1.45174,3.37,1.00
2017.07.28 13:35:34.645,1.45161,1.4517,1.50,1.00
2017.07.28 13:35:34.697,1.4516,1.45167,1.37,1.00
2017.07.28 13:35:34.852,1.45157,1.45166,1.12,1.00
2017.07.28 13:35:35.260,1.45155,1.45161,1.50,1.00
2017.07.28 13:35:35.366,1.45148,1.45161,2.25,1.00
2017.07.28 13:35:35.466,1.45149,1.45161,1.75,1.00
2017.07.28 13:35:35.518,1.45156,1.45164,1.00,1.00
2017.07.28 13:35:35.621,1.45157,1.45166,1.00,1.00
2017.07.28 13:35:35.929,1.45158,1.45168,1.50,1.00
2017.07.28 13:35:36.083,1.45157,1.45163,1.00,1.00
2017.07.28 13:35:36.135,1.45154,1.45164,2.62,1.25
2017.07.28 13:35:36.345,1.45154,1.45162,2.62,1.00
2017.07.28 13:35:36.401,1.45156,1.45165,1.87,1.00
2017.07.28 13:35:36.656,1.45158,1.45167,1.50,1.00
2017.07.28 13:35:37.141,1.45164,1.4517,1.00,1.00
2017.07.28 13:35:37.333,1.45165,1.45172,1.12,1.00
2017.07.28 13:35:37.488,1.45168,1.45175,1.00,1.00
2017.07.28 13:35:37.591,1.45169,1.45177,1.00,1.25
2017.07.28 13:35:37.643,1.45172,1.45177,1.12,1.00
2017.07.28 13:35:37.747,1.4517,1.4518,1.50,1.00
2017.07.28 13:35:37.798,1.45174,1.45182,1.50,1.69
2017.07.28 13:35:38.073,1.45171,1.4518,3.00,1.00
2017.07.28 13:35:38.277,1.45172,1.45182,1.00,1.00
2017.07.28 13:35:38.806,1.45172,1.45181,1.12,1.00
2017.07.28 13:35:38.858,1.45174,1.45181,1.00,1.00
2017.07.28 13:35:38.963,1.45175,1.45183,1.50,1.00
2017.07.28 13:35:39.068,1.4518,1.45186,1.50,1.00
2017.07.28 13:35:39.120,1.45177,1.45189,1.87,1.00
2017.07.28 13:35:39.172,1.45179,1.45189,1.50,1.00
2017.07.28 13:35:39.513,1.45184,1.4519,1.00,1.00
2017.07.28 13:35:39.566,1.45181,1.45189,1.50,1.00
2017.07.28 13:35:39.672,1.45179,1.45189,1.00,1.00
2017.07.28 13:35:39.981,1.45177,1.45188,1.50,1.00
2017.07.28 13:35:40.083,1.45181,1.45188,1.00,1.00
2017.07.28 13:35:40.399,1.45179,1.45185,1.00,1.00
2017.07.28 13:35:40.452,1.45176,1.45183,1.87,1.00
2017.07.28 13:35:40.761,1.45176,1.45187,2.81,1.00
2017.07.28 13:35:40.813,1.45178,1.45188,1.50,1.00
2017.07.28 13:35:41.195,1.45176,1.45184,1.87,1.00
2017.07.28 13:35:41.705,1.45174,1.45183,1.37,1.00
2017.07.28 13:35:42.261,1.45174,1.45182,1.37,1.00
2017.07.28 13:35:42.797,1.45173,1.45182,2.25,1.00
2017.07.28 13:35:42.955,1.45175,1.45182,1.00,1.00
2017.07.28 13:35:43.476,1.45174,1.45182,1.50,1.00
2017.07.28 13:35:43.990,1.45173,1.45182,1.50,1.00
2017.07.28 13:35:44.249,1.45175,1.45185,1.25,1.00
2017.07.28 13:35:44.388,1.45178,1.45185,1.00,1.00
2017.07.28 13:35:44.798,1.45176,1.45185,1.12,1.00
2017.07.28 13:35:44.901,1.45173,1.45183,1.87,1.00
2017.07.28 13:35:45.362,1.45174,1.45185,1.50,1.00
2017.07.28 13:35:45.537,1.45177,1.45184,1.00,1.00
2017.07.28 13:35:45.640,1.45178,1.45186,1.00,1.00
2017.07.28 13:35:45.999,1.4518,1.45186,1.00,1.00
2017.07.28 13:35:46.102,1.4518,1.4519,2.59,1.00
2017.07.28 13:35:46.206,1.45182,1.45192,1.37,1.00
2017.07.28 13:35:46.345,1.45182,1.4519,1.37,1.00
2017.07.28 13:35:46.863,1.45182,1.4519,1.12,1.00
2017.07.28 13:35:47.379,1.45182,1.45189,1.12,1.00
2017.07.28 13:35:47.636,1.45183,1.45192,1.50,1.00
2017.07.28 13:35:48.146,1.45182,1.45192,1.87,1.00
2017.07.28 13:35:48.591,1.45182,1.45193,1.50,1.00
2017.07.28 13:35:48.744,1.45184,1.45192,1.00,1.00
2017.07.28 13:35:49.150,1.45189,1.452,1.37,1.00
2017.07.28 13:35:49.253,1.45193,1.452,1.00,1.00
2017.07.28 13:35:49.406,1.45189,1.45199,1.12,1.00
2017.07.28 13:35:49.512,1.4519,1.45201,2.25,1.00
2017.07.28 13:35:49.860,1.45195,1.45205,1.12,1.00
2017.07.28 13:35:49.915,1.45196,1.45207,1.50,1.00
2017.07.28 13:35:50.175,1.45195,1.45204,1.37,1.00
2017.07.28 13:35:50.278,1.45193,1.45203,1.12,1.00
2017.07.28 13:35:50.329,1.45193,1.45201,1.00,1.00
2017.07.28 13:35:50.755,1.45191,1.45199,1.37,1.00
2017.07.28 13:35:50.910,1.45179,1.45189,2.06,1.00
2017.07.28 13:35:50.963,1.45178,1.45189,1.56,1.00
2017.07.28 13:35:51.016,1.45178,1.45187,1.00,1.00
2017.07.28 13:35:51.069,1.45178,1.45189,1.00,1.00
2017.07.28 13:35:51.279,1.45184,1.45191,1.00,1.00
2017.07.28 13:35:51.408,1.45184,1.45193,1.00,1.00
2017.07.28 13:35:51.459,1.45182,1.45191,1.00,1.00
2017.07.28 13:35:51.511,1.4518,1.4519,1.12,1.25
2017.07.28 13:35:51.870,1.45182,1.4519,1.00,1.00
2017.07.28 13:35:52.230,1.4518,1.45189,1.87,1.00
2017.07.28 13:35:52.588,1.45177,1.45189,2.62,1.00
2017.07.28 13:35:53.048,1.4518,1.45189,1.00,1.00
2017.07.28 13:35:53.560,1.45181,1.45193,1.37,1.00
2017.07.28 13:35:53.612,1.45184,1.45193,1.00,1.00
2017.07.28 13:35:53.919,1.45179,1.45188,2.06,1.00
2017.07.28 13:35:54.025,1.45179,1.4519,3.19,1.00
2017.07.28 13:35:54.300,1.45178,1.45187,1.56,1.00
2017.07.28 13:35:55.169,1.45178,1.45187,1.00,1.00
2017.07.28 13:35:55.505,1.45175,1.45185,1.50,1.00
2017.07.28 13:35:55.557,1.45175,1.45185,1.50,1.00
2017.07.28 13:35:55.915,1.45174,1.45183,1.50,1.00
2017.07.28 13:35:56.604,1.45175,1.45182,1.12,1.00
2017.07.28 13:35:57.166,1.45174,1.45182,1.50,1.00
2017.07.28 13:35:57.475,1.45171,1.45176,1.37,1.00
2017.07.28 13:35:57.629,1.45168,1.45175,1.12,1.00
2017.07.28 13:35:57.681,1.45169,1.45177,1.00,1.00
2017.07.28 13:35:57.733,1.45168,1.4518,3.37,1.00
2017.07.28 13:35:57.786,1.45172,1.4518,1.00,1.00
2017.07.28 13:35:57.837,1.45168,1.4518,3.75,1.00
2017.07.28 13:35:58.093,1.45168,1.45178,3.75,1.00
2017.07.28 13:35:58.145,1.45168,1.4518,1.87,1.25
2017.07.28 13:35:58.197,1.45173,1.45179,1.00,1.00
2017.07.28 13:35:58.489,1.45171,1.45182,1.87,1.00
2017.07.28 13:35:58.695,1.45171,1.4518,2.62,1.00
2017.07.28 13:35:58.746,1.45174,1.45183,1.00,1.00
2017.07.28 13:35:58.850,1.45172,1.4518,1.50,1.00
2017.07.28 13:35:59.262,1.45175,1.45183,1.12,1.00
2017.07.28 13:35:59.777,1.45176,1.45184,1.00,1.00
2017.07.28 13:35:59.982,1.45179,1.45185,1.00,1.00
2017.07.28 13:36:00.136,1.45179,1.45187,1.00,1.00
2017.07.28 13:36:00.526,1.45178,1.45189,1.25,1.00
2017.07.28 13:36:00.629,1.4518,1.45189,1.00,1.00
2017.07.28 13:36:01.157,1.45182,1.45189,1.00,1.00
2017.07.28 13:36:01.765,1.45181,1.45189,1.50,1.00
2017.07.28 13:36:01.817,1.45179,1.45188,1.12,1.25
2017.07.28 13:36:02.083,1.45184,1.4519,1.00,1.00
2017.07.28 13:36:02.190,1.45184,1.45192,1.00,1.00
2017.07.28 13:36:02.241,1.45186,1.45192,1.00,1.00
2017.07.28 13:36:02.293,1.45186,1.45194,1.00,1.00
2017.07.28 13:36:02.344,1.45185,1.45192,1.00,1.00
2017.07.28 13:36:02.449,1.45183,1.45191,1.00,1.00
2017.07.28 13:36:02.604,1.45182,1.45191,1.37,1.00
2017.07.28 13:36:02.827,1.45182,1.45191,1.87,1.00
2017.07.28 13:36:03.083,1.4518,1.45188,1.87,1.19
2017.07.28 13:36:03.135,1.45177,1.45188,4.69,1.69
2017.07.28 13:36:03.240,1.45177,1.45184,1.00,1.00
2017.07.28 13:36:03.292,1.45175,1.45184,2.25,1.00
2017.07.28 13:36:03.588,1.45178,1.45185,1.00,1.00
2017.07.28 13:36:03.742,1.45176,1.45187,1.00,1.19
2017.07.28 13:36:04.099,1.45174,1.45184,1.12,1.69
2017.07.28 13:36:04.150,1.45174,1.45184,1.25,1.00
2017.07.28 13:36:04.202,1.45173,1.45182,1.00,1.00
2017.07.28 13:36:04.572,1.45175,1.4518,1.00,1.00
2017.07.28 13:36:04.626,1.45172,1.45181,1.37,1.00
2017.07.28 13:36:04.678,1.4517,1.45179,1.00,1.00
2017.07.28 13:36:04.938,1.45178,1.45183,1.00,1.00
2017.07.28 13:36:05.042,1.45178,1.45187,1.00,1.00
2017.07.28 13:36:05.361,1.45178,1.45184,1.12,1.00
2017.07.28 13:36:05.413,1.45174,1.45183,1.87,1.00
2017.07.28 13:36:05.465,1.45173,1.45189,2.25,1.00
2017.07.28 13:36:05.670,1.45179,1.45191,1.00,2.06
2017.07.28 13:36:06.182,1.45178,1.45192,1.12,1.00
2017.07.28 13:36:06.506,1.45183,1.45192,1.50,1.00
2017.07.28 13:36:06.557,1.45183,1.45194,2.62,1.00
2017.07.28 13:36:06.609,1.45186,1.45194,1.12,1.00
2017.07.28 13:36:06.864,1.45184,1.45193,1.12,1.00
2017.07.28 13:36:07.120,1.45187,1.45193,1.00,1.00
2017.07.28 13:36:07.172,1.45184,1.45193,1.12,1.00
2017.07.28 13:36:07.225,1.45186,1.45197,1.75,1.00
2017.07.28 13:36:07.276,1.45186,1.45196,1.12,1.00
2017.07.28 13:36:07.463,1.45185,1.45198,1.50,1.00
2017.07.28 13:36:07.668,1.45188,1.452,1.87,1.00
2017.07.28 13:36:07.923,1.4519,1.45202,1.87,1.00
2017.07.28 13:36:08.356,1.45191,1.45201,1.87,1.00
2017.07.28 13:36:08.408,1.45192,1.45203,2.62,1.00
2017.07.28 13:36:08.460,1.45192,1.45205,1.37,1.00
2017.07.28 13:36:08.613,1.45193,1.45203,1.00,1.00
2017.07.28 13:36:09.130,1.45193,1.45204,1.00,1.00
2017.07.28 13:36:09.616,1.45191,1.45204,2.62,1.00
2017.07.28 13:36:09.823,1.45193,1.45205,1.00,1.50
2017.07.28 13:36:10.621,1.45193,1.45207,4.31,1.37
2017.07.28 13:36:10.928,1.45197,1.45208,1.50,1.00
2017.07.28 13:36:11.081,1.45195,1.4521,1.75,1.00
2017.07.28 13:36:11.595,1.45195,1.45211,1.75,1.25
2017.07.28 13:36:11.648,1.45194,1.45208,1.87,1.25
2017.07.28 13:36:11.802,1.45194,1.45207,1.00,1.12
2017.07.28 13:36:12.058,1.45192,1.45206,1.73,1.69
2017.07.28 13:36:12.213,1.45187,1.45202,1.12,1.69
2017.07.28 13:36:12.264,1.45189,1.45204,1.12,1.12
2017.07.28 13:36:12.411,1.45191,1.45205,1.00,1.25
2017.07.28 13:36:12.717,1.4519,1.45205,2.25,1.25
2017.07.28 13:36:14.112,1.45191,1.45205,1.00,1.25
2017.07.28 13:36:14.471,1.45196,1.45206,1.00,1.19
2017.07.28 13:36:14.523,1.45193,1.45206,1.50,1.00
2017.07.28 13:36:14.932,1.45195,1.45206,1.00,1.00
2017.07.28 13:36:15.236,1.45193,1.45206,2.25,1.00
2017.07.28 13:36:15.290,1.45193,1.45206,1.87,1.00
2017.07.28 13:36:15.395,1.45192,1.45206,1.37,1.50
2017.07.28 13:36:15.447,1.45191,1.45206,1.00,1.50
2017.07.28 13:36:15.499,1.45194,1.45203,1.00,1.87
2017.07.28 13:36:15.551,1.45188,1.452,1.00,1.12
2017.07.28 13:36:15.604,1.45186,1.452,1.00,2.06
2017.07.28 13:36:16.150,1.45188,1.45203,1.00,1.31
2017.07.28 13:36:16.252,1.4519,1.45203,1.00,1.31
2017.07.28 13:36:16.356,1.45188,1.45202,1.00,1.31
2017.07.28 13:36:16.772,1.4519,1.45203,1.00,1.12
2017.07.28 13:36:17.274,1.45192,1.45205,1.00,1.87
2017.07.28 13:36:17.819,1.45192,1.45207,1.00,3.56
2017.07.28 13:36:18.279,1.45193,1.45207,1.00,2.44
2017.07.28 13:36:18.381,1.45192,1.45206,1.00,1.37
2017.07.28 13:36:18.868,1.45192,1.45207,1.00,3.19
2017.07.28 13:36:19.024,1.45192,1.45204,1.00,1.00
2017.07.28 13:36:19.127,1.4519,1.45203,1.00,1.12
2017.07.28 13:36:19.637,1.45189,1.45204,1.37,1.12
2017.07.28 13:36:20.322,1.45189,1.45205,1.87,1.87
2017.07.28 13:36:20.374,1.45188,1.45203,1.37,1.69
2017.07.28 13:36:20.478,1.45186,1.45203,1.00,2.81
2017.07.28 13:36:20.735,1.45184,1.452,1.87,1.12
2017.07.28 13:36:21.083,1.45186,1.452,1.00,1.12
2017.07.28 13:36:21.134,1.45184,1.45199,1.12,1.87
2017.07.28 13:36:21.186,1.45182,1.45199,1.12,1.50
2017.07.28 13:36:21.798,1.4518,1.45196,1.87,1.19
2017.07.28 13:36:22.135,1.45186,1.452,1.00,3.56
2017.07.28 13:36:22.545,1.45186,1.45201,1.00,1.25
2017.07.28 13:36:23.048,1.45185,1.45201,1.00,1.25
2017.07.28 13:36:23.151,1.45185,1.452,1.00,1.69
2017.07.28 13:36:23.458,1.45185,1.45202,1.37,1.69
2017.07.28 13:36:23.560,1.45188,1.45202,1.00,1.25
2017.07.28 13:36:23.766,1.45185,1.452,1.12,1.12
2017.07.28 13:36:23.903,1.45187,1.452,1.50,1.00
2017.07.28 13:36:24.006,1.45188,1.45202,1.00,1.25
2017.07.28 13:36:24.364,1.45192,1.45206,1.00,2.00
2017.07.28 13:36:24.854,1.4519,1.45206,1.12,1.69
2017.07.28 13:36:25.214,1.45189,1.45202,1.12,1.19
2017.07.28 13:36:25.266,1.45187,1.45202,1.87,2.06
2017.07.28 13:36:25.369,1.45187,1.45202,1.50,1.19
2017.07.28 13:36:25.627,1.4519,1.45203,1.00,1.37
2017.07.28 13:36:25.799,1.45192,1.45206,1.37,1.12
2017.07.28 13:36:25.903,1.45195,1.4521,1.00,1.94
2017.07.28 13:36:26.006,1.45196,1.45212,1.00,2.81
2017.07.28 13:36:26.623,1.45197,1.45212,1.00,1.69
2017.07.28 13:36:27.137,1.45198,1.45213,1.00,2.06
2017.07.28 13:36:27.510,1.45198,1.45214,1.87,1.87
2017.07.28 13:36:27.664,1.45198,1.45213,1.12,1.31
2017.07.28 13:36:28.029,1.452,1.45214,1.00,1.12
2017.07.28 13:36:28.385,1.45197,1.45214,1.87,1.31
2017.07.28 13:36:28.590,1.45199,1.45214,1.00,1.69
2017.07.28 13:36:29.103,1.452,1.45215,1.50,1.62
2017.07.28 13:36:29.435,1.452,1.45216,1.87,1.00
2017.07.28 13:36:29.487,1.45203,1.45218,1.00,1.75
2017.07.28 13:36:29.539,1.45203,1.45218,1.12,1.00
2017.07.28 13:36:29.591,1.45203,1.45218,1.87,3.37
2017.07.28 13:36:29.693,1.45202,1.45218,1.50,2.25
2017.07.28 13:36:29.745,1.45202,1.45218,1.12,2.25
2017.07.28 13:36:30.148,1.45204,1.45218,1.00,1.69
2017.07.28 13:36:30.201,1.45202,1.45218,1.00,2.44
2017.07.28 13:36:30.305,1.45203,1.45218,1.00,1.12
2017.07.28 13:36:30.357,1.45203,1.45217,1.00,1.19
2017.07.28 13:36:30.562,1.45201,1.45216,1.12,1.69
2017.07.28 13:36:30.869,1.45203,1.45216,1.00,1.25
2017.07.28 13:36:31.233,1.45201,1.45217,1.87,1.56
2017.07.28 13:36:31.440,1.45203,1.45217,1.00,1.56
2017.07.28 13:36:31.748,1.45205,1.45218,1.00,2.06
2017.07.28 13:36:32.299,1.45203,1.45217,1.00,1.00
2017.07.28 13:36:32.811,1.45203,1.45218,1.00,2.06
2017.07.28 13:36:33.285,1.45202,1.45217,1.00,1.31
2017.07.28 13:36:33.599,1.45206,1.45219,1.00,1.69
2017.07.28 13:36:33.702,1.45204,1.45218,1.12,1.12
2017.07.28 13:36:33.806,1.452,1.45216,1.12,1.31
2017.07.28 13:36:34.133,1.45202,1.45214,1.00,1.31
2017.07.28 13:36:34.541,1.45199,1.45214,1.00,2.44
2017.07.28 13:36:34.594,1.45201,1.45215,1.37,1.00
2017.07.28 13:36:34.748,1.45202,1.45218,1.12,2.44
2017.07.28 13:36:34.852,1.452,1.45216,1.00,1.31
2017.07.28 13:36:35.197,1.45202,1.45215,1.00,1.19
2017.07.28 13:36:35.300,1.45204,1.45216,1.00,1.12
2017.07.28 13:36:35.402,1.45202,1.45217,1.50,1.69
2017.07.28 13:36:35.505,1.45205,1.45217,1.00,1.00
2017.07.28 13:36:35.863,1.45202,1.45214,3.75,1.00
2017.07.28 13:36:36.218,1.45205,1.45212,1.00,1.00
2017.07.28 13:36:36.371,1.45203,1.45212,1.00,1.00
2017.07.28 13:36:36.580,1.45201,1.45212,1.12,1.00
2017.07.28 13:36:36.977,1.452,1.45209,1.12,1.00
2017.07.28 13:36:37.131,1.45197,1.45209,1.50,1.00
2017.07.28 13:36:37.286,1.45199,1.45209,1.00,1.00
2017.07.28 13:36:37.796,1.45196,1.45207,1.37,1.00
2017.07.28 13:36:38.134,1.45186,1.45196,2.25,1.00
2017.07.28 13:36:38.186,1.45185,1.45194,1.69,1.00
2017.07.28 13:36:38.444,1.4519,1.45197,1.00,1.00
2017.07.28 13:36:38.701,1.45188,1.45198,1.00,1.00
2017.07.28 13:36:38.958,1.45187,1.45196,1.00,1.00
2017.07.28 13:36:39.060,1.45185,1.45197,1.50,1.00
2017.07.28 13:36:39.265,1.4519,1.45197,1.00,1.00
2017.07.28 13:36:39.318,1.45187,1.45197,1.00,1.00
2017.07.28 13:36:39.476,1.45187,1.452,1.37,1.00
2017.07.28 13:36:39.602,1.45188,1.45198,1.50,1.00
2017.07.28 13:36:39.912,1.4519,1.45201,1.37,1.00
2017.07.28 13:36:40.117,1.45188,1.452,1.00,1.00
2017.07.28 13:36:40.169,1.45187,1.45198,1.12,1.00
2017.07.28 13:36:40.517,1.45189,1.45197,1.00,1.00
2017.07.28 13:36:40.876,1.45188,1.45199,1.00,1.00
2017.07.28 13:36:40.928,1.45191,1.45199,1.00,1.00
2017.07.28 13:36:40.981,1.45192,1.45201,1.00,1.00
2017.07.28 13:36:41.035,1.45193,1.45203,1.00,1.00
2017.07.28 13:36:41.285,1.45194,1.45205,1.00,1.00
2017.07.28 13:36:41.337,1.45192,1.45204,1.12,1.00
2017.07.28 13:36:41.388,1.45191,1.45202,1.00,1.00
2017.07.28 13:36:41.695,1.45196,1.45207,1.00,1.87
2017.07.28 13:36:42.133,1.452,1.45208,1.00,1.00
2017.07.28 13:36:42.185,1.45199,1.45211,1.00,1.00
2017.07.28 13:36:42.544,1.45197,1.4521,1.00,1.00
2017.07.28 13:36:42.829,1.45197,1.45212,1.50,1.12
2017.07.28 13:36:43.243,1.452,1.45211,1.00,1.12
2017.07.28 13:36:43.346,1.45198,1.45212,1.00,1.00
2017.07.28 13:36:43.653,1.45196,1.45211,1.87,1.00
2017.07.28 13:36:43.900,1.45197,1.45213,2.25,1.00
2017.07.28 13:36:44.462,1.45201,1.45212,1.00,1.87
2017.07.28 13:36:44.564,1.45199,1.45211,1.00,1.00
2017.07.28 13:36:44.784,1.45199,1.45213,1.00,2.25
2017.07.28 13:36:44.989,1.45197,1.45211,1.62,1.00
2017.07.28 13:36:45.297,1.452,1.45214,1.12,1.37
2017.07.28 13:36:45.657,1.45196,1.45211,1.69,1.00
2017.07.28 13:36:45.709,1.45196,1.45211,1.69,1.00
2017.07.28 13:36:46.016,1.45196,1.45209,1.31,1.00
2017.07.28 13:36:46.274,1.45192,1.45207,1.87,1.00
2017.07.28 13:36:46.650,1.45194,1.45207,1.00,1.50
2017.07.28 13:36:46.906,1.45192,1.45205,1.00,1.00
2017.07.28 13:36:47.319,1.45188,1.45203,1.87,1.00
2017.07.28 13:36:47.371,1.45188,1.45203,1.00,1.12
2017.07.28 13:36:47.692,1.45191,1.45203,1.00,1.00
2017.07.28 13:36:48.000,1.4519,1.45205,3.19,1.00
2017.07.28 13:36:48.052,1.45192,1.45207,1.00,1.00
2017.07.28 13:36:48.104,1.4519,1.45204,1.87,1.00
2017.07.28 13:36:48.615,1.45191,1.45203,1.12,1.00
2017.07.28 13:36:49.148,1.4519,1.45202,1.37,1.00
2017.07.28 13:36:49.457,1.45189,1.45203,1.12,1.12
2017.07.28 13:36:49.559,1.45187,1.452,1.00,1.00
2017.07.28 13:36:49.872,1.45189,1.45203,1.50,1.50
2017.07.28 13:36:50.182,1.45192,1.45203,1.00,1.00
2017.07.28 13:36:50.233,1.45191,1.45206,1.00,1.00
2017.07.28 13:36:50.489,1.45195,1.45207,1.00,1.00
2017.07.28 13:36:50.686,1.45189,1.45203,1.12,1.00
2017.07.28 13:36:51.200,1.45188,1.45202,1.12,1.00
2017.07.28 13:36:51.407,1.4519,1.45201,1.00,1.00
2017.07.28 13:36:51.510,1.45188,1.45201,1.12,1.00
2017.07.28 13:36:51.746,1.45188,1.45204,1.50,1.12
2017.07.28 13:36:51.799,1.45193,1.45204,1.00,1.00
2017.07.28 13:36:51.902,1.45191,1.45204,1.00,1.00
2017.07.28 13:36:52.259,1.45193,1.45203,1.00,1.00
2017.07.28 13:36:52.618,1.45191,1.45204,1.50,1.00
2017.07.28 13:36:52.797,1.45187,1.452,1.00,1.00
2017.07.28 13:36:52.951,1.45181,1.45195,1.00,1.00
2017.07.28 13:36:53.055,1.45179,1.45192,1.50,1.00
2017.07.28 13:36:53.311,1.45182,1.45195,1.00,1.00
2017.07.28 13:36:53.362,1.45183,1.45193,1.00,1.00
2017.07.28 13:36:53.515,1.4518,1.45193,1.37,1.00
2017.07.28 13:36:53.868,1.45179,1.45191,1.37,1.00
2017.07.28 13:36:54.176,1.45184,1.45195,1.00,1.00
2017.07.28 13:36:54.533,1.45186,1.45196,1.00,1.00
2017.07.28 13:36:54.585,1.45184,1.45196,1.87,1.00
2017.07.28 13:36:55.093,1.45186,1.45197,1.00,1.00
2017.07.28 13:36:55.145,1.45184,1.45197,1.12,1.00
2017.07.28 13:36:55.452,1.45188,1.45197,1.00,1.00
2017.07.28 13:36:55.503,1.45186,1.45197,1.12,1.00
2017.07.28 13:36:55.759,1.45185,1.45199,2.25,1.00
2017.07.28 13:36:55.811,1.45191,1.452,1.00,1.00
2017.07.28 13:36:56.142,1.45186,1.45199,1.00,1.00
2017.07.28 13:36:56.194,1.45188,1.45199,1.12,1.00
2017.07.28 13:36:56.297,1.45189,1.45202,1.50,1.12
2017.07.28 13:36:56.503,1.45186,1.45199,2.74,1.00
2017.07.28 13:36:56.606,1.45185,1.45198,2.70,1.00
2017.07.28 13:36:56.862,1.4519,1.452,1.00,1.00
2017.07.28 13:36:57.202,1.45185,1.45198,1.87,1.00
2017.07.28 13:36:57.918,1.45185,1.45198,1.62,1.00
2017.07.28 13:36:58.124,1.45188,1.45198,1.00,1.00
2017.07.28 13:36:58.475,1.45186,1.45198,1.00,1.00
2017.07.28 13:36:58.984,1.45186,1.45197,1.00,1.00
2017.07.28 13:36:59.137,1.45188,1.45197,1.00,1.00
2017.07.28 13:36:59.239,1.45186,1.45197,1.00,1.00
2017.07.28 13:36:59.756,1.45185,1.45197,1.62,1.00
2017.07.28 13:37:00.018,1.45182,1.45193,1.37,1.00
2017.07.28 13:37:00.121,1.45181,1.45193,1.12,1.00
2017.07.28 13:37:00.224,1.45186,1.45195,1.00,1.00
2017.07.28 13:37:00.277,1.45184,1.45195,1.00,1.00
2017.07.28 13:37:00.382,1.45182,1.45193,1.50,1.00
2017.07.28 13:37:00.434,1.45182,1.45192,1.87,1.00
2017.07.28 13:37:00.844,1.45182,1.45194,1.00,1.00
2017.07.28 13:37:00.949,1.4518,1.45191,1.24,1.00
2017.07.28 13:37:01.256,1.45183,1.45193,1.00,1.00
2017.07.28 13:37:01.308,1.45183,1.45195,1.62,1.00
2017.07.28 13:37:01.812,1.45181,1.45194,2.74,1.00
2017.07.28 13:37:02.019,1.45178,1.45193,1.16,1.00
2017.07.28 13:37:02.377,1.4518,1.45193,1.00,1.00
2017.07.28 13:37:02.680,1.45178,1.45191,1.24,1.00
2017.07.28 13:37:03.171,1.45179,1.45193,1.00,1.00
2017.07.28 13:37:03.479,1.45177,1.45193,1.87,1.00
2017.07.28 13:37:04.005,1.4518,1.45191,1.00,1.00
2017.07.28 13:37:04.210,1.45177,1.45191,1.50,1.00
2017.07.28 13:37:04.756,1.45177,1.45192,1.24,1.00
2017.07.28 13:37:04.807,1.45179,1.45192,1.00,1.00
2017.07.28 13:37:04.986,1.45177,1.45192,1.24,1.00
2017.07.28 13:37:05.441,1.4518,1.45193,1.00,1.12
2017.07.28 13:37:05.543,1.45178,1.45193,1.00,1.12
2017.07.28 13:37:05.954,1.45182,1.45193,1.00,1.00
2017.07.28 13:37:06.006,1.45178,1.45193,1.87,1.00
2017.07.28 13:37:06.796,1.45176,1.45191,1.73,1.00
2017.07.28 13:37:07.104,1.4518,1.45193,1.00,1.00
2017.07.28 13:37:07.317,1.45178,1.45192,1.12,1.00
2017.07.28 13:37:07.370,1.4518,1.45193,1.37,1.00
2017.07.28 13:37:07.679,1.45183,1.45194,1.00,1.00
2017.07.28 13:37:07.884,1.45181,1.45194,1.87,1.00
2017.07.28 13:37:08.150,1.45179,1.45196,3.37,1.00
2017.07.28 13:37:08.252,1.45183,1.45196,1.00,1.00
2017.07.28 13:37:08.356,1.4518,1.45194,1.00,1.00
2017.07.28 13:37:08.664,1.45183,1.45194,1.00,1.00
2017.07.28 13:37:08.766,1.45181,1.45194,1.87,1.00
2017.07.28 13:37:08.818,1.45178,1.45192,3.00,1.00
2017.07.28 13:37:08.923,1.45178,1.45192,2.62,1.00
2017.07.28 13:37:09.077,1.4518,1.45192,1.00,1.00
2017.07.28 13:37:09.627,1.45181,1.45193,1.00,1.00
2017.07.28 13:37:09.781,1.45184,1.45198,1.50,1.00
2017.07.28 13:37:10.089,1.45187,1.45198,1.00,1.00
2017.07.28 13:37:10.597,1.45186,1.45199,1.12,1.00
2017.07.28 13:37:10.904,1.45188,1.452,1.00,1.00
2017.07.28 13:37:11.425,1.45187,1.452,1.12,1.00
2017.07.28 13:37:11.973,1.45186,1.452,1.50,1.00
2017.07.28 13:37:12.281,1.45188,1.452,1.00,1.00
2017.07.28 13:37:12.483,1.45185,1.452,3.75,1.00
2017.07.28 13:37:12.792,1.45188,1.452,1.00,1.00
2017.07.28 13:37:12.945,1.45185,1.452,3.75,1.00
2017.07.28 13:37:13.349,1.45187,1.452,1.00,1.00
2017.07.28 13:37:13.452,1.45185,1.452,3.00,1.00
2017.07.28 13:37:13.555,1.45188,1.45202,1.00,1.00
2017.07.28 13:37:13.907,1.4519,1.45202,1.00,1.12
2017.07.28 13:37:14.468,1.45188,1.45203,1.00,2.25
2017.07.28 13:37:14.977,1.45186,1.45201,1.12,1.00
2017.07.28 13:37:15.029,1.45186,1.452,1.00,1.37
2017.07.28 13:37:15.131,1.45184,1.452,1.00,3.75
2017.07.28 13:37:15.185,1.45181,1.45192,1.00,2.77
2017.07.28 13:37:15.340,1.45174,1.45185,2.44,1.00
2017.07.28 13:37:15.392,1.45174,1.45183,2.44,1.00
2017.07.28 13:37:15.443,1.45174,1.45185,1.69,2.81
2017.07.28 13:37:15.650,1.45168,1.45184,1.12,1.87
2017.07.28 13:37:15.704,1.4517,1.45184,1.00,3.37
2017.07.28 13:37:16.011,1.45172,1.45186,1.00,1.37
2017.07.28 13:37:16.115,1.4517,1.45185,1.00,3.00
2017.07.28 13:37:16.270,1.45169,1.45181,1.00,1.31
2017.07.28 13:37:16.465,1.45167,1.4518,1.00,1.50
2017.07.28 13:37:16.925,1.45166,1.45179,1.00,2.81
2017.07.28 13:37:17.028,1.45162,1.45177,1.00,2.44
2017.07.28 13:37:17.080,1.45164,1.45176,1.00,1.87
2017.07.28 13:37:17.390,1.45167,1.45181,1.00,1.00
2017.07.28 13:37:17.544,1.45169,1.45183,1.00,2.00
2017.07.28 13:37:18.132,1.4517,1.45185,1.00,1.87
2017.07.28 13:37:18.545,1.45172,1.45185,1.00,1.87
2017.07.28 13:37:19.058,1.45172,1.45185,1.00,2.25
2017.07.28 13:37:19.252,1.45176,1.4519,1.00,1.50
2017.07.28 13:37:19.305,1.45174,1.45188,1.37,1.50
2017.07.28 13:37:20.135,1.45173,1.45185,1.12,1.12
2017.07.28 13:37:21.003,1.45174,1.45187,1.00,1.37
2017.07.28 13:37:21.310,1.45174,1.45188,1.00,1.50
2017.07.28 13:37:21.514,1.45176,1.45188,1.00,1.12
2017.07.28 13:37:21.923,1.45179,1.45188,1.00,1.00
2017.07.28 13:37:22.173,1.45179,1.45191,1.00,1.37
2017.07.28 13:37:22.380,1.45178,1.4519,1.00,1.12
2017.07.28 13:37:22.432,1.45176,1.45188,1.00,1.37
2017.07.28 13:37:22.587,1.45176,1.45188,1.00,2.25
2017.07.28 13:37:22.742,1.45174,1.45186,1.00,1.37
2017.07.28 13:37:23.355,1.45176,1.45187,1.00,1.00
2017.07.28 13:37:23.816,1.45176,1.45191,1.12,1.12
2017.07.28 13:37:23.867,1.45178,1.45192,1.00,3.00
2017.07.28 13:37:24.020,1.45176,1.45192,1.00,2.44
2017.07.28 13:37:24.239,1.45176,1.45188,1.00,1.12
2017.07.28 13:37:24.649,1.45178,1.45191,1.00,1.87
2017.07.28 13:37:24.856,1.45176,1.45191,1.12,1.75
2017.07.28 13:37:24.910,1.45175,1.45188,1.12,1.12
2017.07.28 13:37:25.410,1.45173,1.45186,1.00,1.37
2017.07.28 13:37:25.461,1.4517,1.45185,1.00,1.37
2017.07.28 13:37:25.564,1.45173,1.45186,1.00,1.37
2017.07.28 13:37:25.616,1.45171,1.45188,2.25,1.87
2017.07.28 13:37:25.719,1.45173,1.45188,1.00,1.87
2017.07.28 13:37:26.049,1.45171,1.45183,1.12,1.00
2017.07.28 13:37:26.512,1.45169,1.45183,2.06,1.00
2017.07.28 13:37:26.769,1.45167,1.4518,1.12,1.00
2017.07.28 13:37:26.821,1.45168,1.45183,1.00,1.62
2017.07.28 13:37:26.988,1.45168,1.45185,1.50,3.00
2017.07.28 13:37:27.040,1.45177,1.45188,1.00,1.50
2017.07.28 13:37:27.092,1.45178,1.4519,1.00,1.69
2017.07.28 13:37:27.299,1.4518,1.4519,1.00,1.00
2017.07.28 13:37:27.610,1.45182,1.45191,1.12,1.00
2017.07.28 13:37:27.915,1.45181,1.45195,1.12,1.00
2017.07.28 13:37:28.069,1.45179,1.45192,1.87,1.00
2017.07.28 13:37:28.123,1.45177,1.4519,1.12,1.00
2017.07.28 13:37:28.278,1.4518,1.45191,1.00,1.00
2017.07.28 13:37:28.483,1.45183,1.45195,1.00,1.00
2017.07.28 13:37:29.019,1.45183,1.45196,1.87,1.00
2017.07.28 13:37:29.173,1.45186,1.45196,1.00,1.00
2017.07.28 13:37:29.225,1.45183,1.45196,1.87,1.00
2017.07.28 13:37:29.727,1.45184,1.45195,1.87,1.00
2017.07.28 13:37:30.259,1.45181,1.45193,1.12,1.00
2017.07.28 13:37:30.566,1.45177,1.45192,1.50,1.37
2017.07.28 13:37:30.668,1.45177,1.45192,1.12,1.37
2017.07.28 13:37:31.035,1.45174,1.45189,1.87,1.00
2017.07.28 13:37:31.138,1.45174,1.45187,1.50,1.00
2017.07.28 13:37:31.190,1.45174,1.45189,1.50,1.00
2017.07.28 13:37:31.242,1.45181,1.45192,1.00,1.75
2017.07.28 13:37:31.346,1.45182,1.45193,1.12,1.00
2017.07.28 13:37:31.397,1.45181,1.45195,1.50,1.00
2017.07.28 13:37:31.449,1.4518,1.45195,1.12,1.00
2017.07.28 13:37:31.603,1.45182,1.45195,1.00,1.00
2017.07.28 13:37:31.837,1.4518,1.45194,1.12,1.00
2017.07.28 13:37:31.964,1.45182,1.45195,1.00,1.00
2017.07.28 13:37:32.016,1.45184,1.45199,1.25,1.50
2017.07.28 13:37:32.068,1.45187,1.452,1.00,1.00
2017.07.28 13:37:32.573,1.45186,1.45201,2.62,1.12
2017.07.28 13:37:32.880,1.45186,1.45199,1.87,1.00
2017.07.28 13:37:33.340,1.45186,1.45201,1.50,1.00
2017.07.28 13:37:33.635,1.45191,1.45201,1.00,1.00
2017.07.28 13:37:33.789,1.45188,1.45203,1.50,1.37
2017.07.28 13:37:34.248,1.4519,1.45204,1.00,1.00
2017.07.28 13:37:34.299,1.45194,1.45205,1.00,1.12
2017.07.28 13:37:34.351,1.45191,1.45204,1.37,1.00
2017.07.28 13:37:34.453,1.45189,1.45204,2.25,1.00
2017.07.28 13:37:35.074,1.45191,1.45204,1.00,1.00
2017.07.28 13:37:35.590,1.4519,1.45204,1.12,1.00
2017.07.28 13:37:35.883,1.4519,1.45206,2.06,1.00
2017.07.28 13:37:35.936,1.45195,1.45206,1.00,1.00
2017.07.28 13:37:35.987,1.45195,1.45209,1.00,1.00
2017.07.28 13:37:36.142,1.45197,1.45209,1.12,1.00
2017.07.28 13:37:36.244,1.45195,1.45209,1.00,1.00
2017.07.28 13:37:36.920,1.45199,1.45211,1.00,1.50
2017.07.28 13:37:36.973,1.45197,1.45211,1.12,1.00
2017.07.28 13:37:37.553,1.45198,1.45211,1.00,1.00
2017.07.28 13:37:37.656,1.45195,1.4521,1.00,1.12
2017.07.28 13:37:37.989,1.45198,1.4521,1.00,1.00
2017.07.28 13:37:38.092,1.45194,1.45208,1.00,1.69
2017.07.28 13:37:38.144,1.45192,1.45206,1.37,1.00
2017.07.28 13:37:38.248,1.45188,1.45203,1.19,1.50
2017.07.28 13:37:38.350,1.45191,1.45208,2.62,1.56
2017.07.28 13:37:38.402,1.45198,1.45208,1.00,1.56
2017.07.28 13:37:38.504,1.45196,1.4521,1.00,1.50
2017.07.28 13:37:38.782,1.45202,1.45212,1.00,1.00
2017.07.28 13:37:38.834,1.45199,1.45212,1.12,1.00
2017.07.28 13:37:39.344,1.45199,1.45211,1.12,1.00
2017.07.28 13:37:39.447,1.45196,1.4521,1.00,1.00
2017.07.28 13:37:39.499,1.45194,1.45208,3.00,1.00
2017.07.28 13:37:39.551,1.45194,1.45208,2.25,1.00
2017.07.28 13:37:39.806,1.45199,1.4521,1.00,1.00
2017.07.28 13:37:40.318,1.45197,1.45211,1.50,1.00
2017.07.28 13:37:40.677,1.452,1.45211,1.00,1.00
2017.07.28 13:37:40.782,1.45197,1.45211,1.50,1.00
2017.07.28 13:37:41.083,1.45204,1.45215,1.00,1.50
2017.07.28 13:37:41.186,1.45205,1.45217,1.00,1.00
2017.07.28 13:37:41.341,1.45211,1.4522,1.00,1.12
2017.07.28 13:37:41.393,1.45209,1.45221,1.00,1.50
2017.07.28 13:37:41.444,1.45206,1.45219,1.12,1.00
2017.07.28 13:37:41.547,1.45206,1.45222,3.19,1.00
2017.07.28 13:37:41.685,1.45206,1.4522,3.94,1.00
2017.07.28 13:37:41.940,1.45209,1.45223,2.25,1.00
2017.07.28 13:37:42.094,1.45208,1.45221,1.37,1.00
2017.07.28 13:37:42.401,1.45207,1.45221,1.00,1.00
2017.07.28 13:37:42.606,1.45209,1.45221,1.00,1.00
2017.07.28 13:37:42.920,1.45207,1.4522,1.12,1.00
2017.07.28 13:37:43.330,1.45209,1.4522,1.00,1.00
2017.07.28 13:37:43.381,1.45207,1.4522,1.00,1.00
2017.07.28 13:37:43.893,1.45205,1.4522,2.62,1.00
2017.07.28 13:37:44.400,1.45205,1.45221,2.25,1.50
2017.07.28 13:37:44.655,1.45207,1.45221,1.00,1.50
2017.07.28 13:37:44.706,1.45204,1.45221,1.00,2.25
2017.07.28 13:37:45.115,1.45206,1.45221,1.00,1.87
2017.07.28 13:37:45.406,1.45204,1.4522,1.12,1.00
2017.07.28 13:37:45.764,1.45205,1.45219,1.00,1.37
2017.07.28 13:37:45.968,1.45197,1.45213,1.12,1.50
2017.07.28 13:37:46.123,1.452,1.45213,1.00,1.25
2017.07.28 13:37:46.392,1.45201,1.45216,1.00,1.00
2017.07.28 13:37:46.444,1.45204,1.45217,1.00,1.87
2017.07.28 13:37:46.495,1.45203,1.45219,1.50,2.25
2017.07.28 13:37:46.802,1.45207,1.4522,1.00,2.06
2017.07.28 13:37:46.955,1.45204,1.4522,1.00,1.69
2017.07.28 13:37:47.487,1.45205,1.45219,1.00,1.12
2017.07.28 13:37:47.643,1.45203,1.45219,1.87,1.12
2017.07.28 13:37:47.849,1.45201,1.45215,1.12,1.00
2017.07.28 13:37:48.304,1.45203,1.45218,1.87,1.00
2017.07.28 13:37:48.372,1.45202,1.45217,1.37,1.19
2017.07.28 13:37:48.475,1.452,1.45215,1.50,1.87
2017.07.28 13:37:48.732,1.45202,1.45216,1.00,2.00
2017.07.28 13:37:48.885,1.45204,1.45219,1.00,2.25
2017.07.28 13:37:49.191,1.45202,1.45217,1.12,1.00
2017.07.28 13:37:49.492,1.45203,1.45219,1.50,1.50
2017.07.28 13:37:49.901,1.45205,1.45219,1.00,1.00
2017.07.28 13:37:50.106,1.45203,1.45218,1.00,1.00
2017.07.28 13:37:50.262,1.45204,1.4522,1.50,1.87
2017.07.28 13:37:50.365,1.45208,1.4522,1.00,1.12
2017.07.28 13:37:50.470,1.45205,1.4522,1.12,1.00
2017.07.28 13:37:50.733,1.45207,1.45219,1.00,1.50
2017.07.28 13:37:50.988,1.45205,1.4522,1.00,1.37
2017.07.28 13:37:51.505,1.45204,1.4522,1.00,1.50
2017.07.28 13:37:52.069,1.45202,1.45217,1.50,1.00
2017.07.28 13:37:52.121,1.45199,1.45214,1.87,1.12
2017.07.28 13:37:52.377,1.45203,1.45218,1.00,1.69
2017.07.28 13:37:52.991,1.45201,1.45217,1.50,1.00
2017.07.28 13:37:53.402,1.45206,1.45218,1.00,1.69
2017.07.28 13:37:53.505,1.45203,1.45218,1.00,1.25
2017.07.28 13:37:53.861,1.45208,1.4522,1.00,2.81
2017.07.28 13:37:53.964,1.45205,1.4522,1.00,3.19
2017.07.28 13:37:54.372,1.45207,1.4522,1.00,1.12
2017.07.28 13:37:55.003,1.45206,1.4522,1.00,1.12
2017.07.28 13:37:55.309,1.45207,1.45218,1.00,1.00
2017.07.28 13:37:55.616,1.45205,1.45218,1.00,1.87
2017.07.28 13:37:55.668,1.45205,1.45218,1.00,2.62
2017.07.28 13:37:56.025,1.45203,1.45219,1.12,1.87
2017.07.28 13:37:56.129,1.452,1.45216,1.50,1.87
2017.07.28 13:37:56.290,1.45207,1.45216,1.00,1.50
2017.07.28 13:37:56.398,1.45205,1.4522,1.00,2.81
2017.07.28 13:37:56.450,1.45203,1.45219,1.00,1.50
2017.07.28 13:37:56.657,1.45205,1.4522,1.00,1.12
2017.07.28 13:37:56.966,1.45208,1.45217,1.00,1.00
2017.07.28 13:37:57.268,1.45211,1.45221,1.00,1.75
2017.07.28 13:37:57.425,1.45212,1.45224,1.00,1.00
2017.07.28 13:37:57.888,1.45214,1.45229,1.00,1.12
2017.07.28 13:37:58.248,1.45216,1.45229,1.00,2.81
2017.07.28 13:37:58.760,1.45215,1.45228,1.00,1.00
2017.07.28 13:37:58.914,1.45213,1.45228,1.50,1.00
2017.07.28 13:37:59.174,1.45215,1.45229,1.00,1.31
2017.07.28 13:37:59.483,1.45216,1.45226,1.00,1.00
2017.07.28 13:37:59.535,1.45214,1.45229,1.12,1.50
2017.07.28 13:37:59.638,1.45214,1.45228,1.87,1.37
2017.07.28 13:37:59.945,1.45213,1.45223,1.87,1.00
2017.07.28 13:38:00.279,1.45208,1.45217,2.62,1.00
2017.07.28 13:38:00.331,1.45206,1.45215,1.31,1.00
2017.07.28 13:38:00.382,1.45205,1.45213,1.12,1.00
2017.07.28 13:38:00.435,1.45203,1.45212,1.12,1.00
2017.07.28 13:38:00.538,1.45203,1.45212,1.00,1.00
2017.07.28 13:38:00.794,1.45202,1.45209,1.50,1.00
2017.07.28 13:38:01.297,1.45202,1.4521,1.50,1.00
2017.07.28 13:38:01.755,1.45204,1.4521,1.00,1.00
2017.07.28 13:38:01.909,1.45201,1.4521,1.87,1.00
2017.07.28 13:38:02.444,1.45203,1.45211,1.00,1.00
2017.07.28 13:38:02.751,1.45202,1.45207,1.00,1.00
2017.07.28 13:38:02.855,1.45197,1.45206,1.50,1.00
2017.07.28 13:38:03.342,1.45195,1.45204,1.50,1.00
2017.07.28 13:38:03.854,1.45194,1.45203,1.87,1.00
2017.07.28 13:38:04.402,1.45194,1.45204,2.25,1.00
2017.07.28 13:38:04.912,1.45194,1.45203,1.87,1.00
2017.07.28 13:38:05.445,1.45194,1.45202,1.25,1.00
2017.07.28 13:38:05.963,1.45193,1.45203,1.37,1.00
2017.07.28 13:38:06.468,1.45197,1.45203,1.00,1.00
2017.07.28 13:38:06.622,1.45196,1.45206,2.25,1.00
2017.07.28 13:38:06.727,1.45203,1.45207,1.00,1.00
2017.07.28 13:38:06.780,1.45201,1.45208,1.00,1.00
2017.07.28 13:38:06.883,1.452,1.4521,1.12,1.00
2017.07.28 13:38:07.039,1.452,1.45207,1.00,1.00
2017.07.28 13:38:07.438,1.45202,1.45207,1.00,1.00
2017.07.28 13:38:07.541,1.45202,1.4521,1.00,1.00
2017.07.28 13:38:07.592,1.452,1.4521,1.00,1.00
2017.07.28 13:38:08.103,1.45201,1.45209,1.00,1.00
2017.07.28 13:38:08.155,1.45203,1.45209,1.00,1.00
2017.07.28 13:38:08.324,1.45198,1.45207,1.50,1.00
2017.07.28 13:38:08.530,1.45203,1.45207,1.00,1.00
2017.07.28 13:38:08.686,1.45201,1.45208,1.00,1.00
2017.07.28 13:38:08.789,1.45198,1.45208,1.87,1.00
2017.07.28 13:38:09.045,1.45195,1.45203,1.75,1.00
2017.07.28 13:38:09.302,1.45194,1.45205,1.50,1.00
2017.07.28 13:38:09.508,1.452,1.45205,1.00,1.00
2017.07.28 13:38:09.714,1.45196,1.45204,1.37,1.00
2017.07.28 13:38:09.765,1.45195,1.45202,1.00,1.00
2017.07.28 13:38:10.285,1.45194,1.45202,1.00,1.00
2017.07.28 13:38:10.388,1.45192,1.45201,3.19,1.00
2017.07.28 13:38:10.644,1.45197,1.45201,1.00,1.00
2017.07.28 13:38:10.696,1.45198,1.45203,1.00,1.00
2017.07.28 13:38:10.798,1.45193,1.45202,1.50,1.00
2017.07.28 13:38:11.053,1.45198,1.45202,1.00,1.00
2017.07.28 13:38:11.210,1.45197,1.45205,1.00,1.00
2017.07.28 13:38:11.416,1.45196,1.45203,1.00,1.00
2017.07.28 13:38:11.929,1.45195,1.45203,1.00,1.00
2017.07.28 13:38:12.365,1.45194,1.45205,3.00,1.00
2017.07.28 13:38:12.416,1.45194,1.45202,1.87,1.00
2017.07.28 13:38:12.724,1.45197,1.45203,1.00,1.00
2017.07.28 13:38:12.826,1.45195,1.45203,1.00,1.00
2017.07.28 13:38:13.372,1.45195,1.45202,1.00,1.00
2017.07.28 13:38:13.577,1.45193,1.45204,3.94,1.00
2017.07.28 13:38:13.629,1.45195,1.45206,1.31,1.00
2017.07.28 13:38:14.132,1.45201,1.45205,1.00,1.00
2017.07.28 13:38:14.234,1.45199,1.45204,1.00,1.00
2017.07.28 13:38:14.375,1.45199,1.45206,1.00,1.00
2017.07.28 13:38:14.426,1.45197,1.45206,1.12,1.00
2017.07.28 13:38:14.684,1.45199,1.45205,1.00,1.00
2017.07.28 13:38:14.735,1.45198,1.45208,1.37,1.00
2017.07.28 13:38:14.837,1.45196,1.45207,3.00,1.00
2017.07.28 13:38:14.889,1.45197,1.45205,1.12,1.00
2017.07.28 13:38:15.146,1.4519,1.452,1.87,1.00
2017.07.28 13:38:15.249,1.45193,1.45203,1.00,1.00
2017.07.28 13:38:15.352,1.45193,1.45201,1.00,1.00
2017.07.28 13:38:15.700,1.4519,1.45199,1.12,1.00
2017.07.28 13:38:15.802,1.45192,1.45202,1.00,1.00
2017.07.28 13:38:16.007,1.45191,1.45199,1.37,1.00
2017.07.28 13:38:16.263,1.45189,1.45197,2.25,1.00
2017.07.28 13:38:16.315,1.45189,1.45195,1.12,1.00
2017.07.28 13:38:16.367,1.45187,1.45194,1.00,1.00
2017.07.28 13:38:16.497,1.45184,1.45198,1.50,1.12
2017.07.28 13:38:16.652,1.45183,1.452,1.12,2.06
2017.07.28 13:38:16.806,1.45185,1.45199,1.00,1.12
2017.07.28 13:38:17.369,1.45187,1.45199,1.00,1.69
2017.07.28 13:38:17.421,1.45185,1.45199,1.50,1.69
2017.07.28 13:38:17.930,1.45185,1.45199,1.50,1.37
2017.07.28 13:38:18.338,1.45183,1.45199,1.50,2.62
2017.07.28 13:38:18.664,1.45185,1.45199,1.50,1.87
2017.07.28 13:38:18.971,1.45188,1.45202,1.00,1.44
2017.07.28 13:38:19.279,1.45186,1.452,1.00,1.87
2017.07.28 13:38:20.347,1.45185,1.45195,1.00,1.00
2017.07.28 13:38:20.399,1.45184,1.45197,1.00,1.69
2017.07.28 13:38:20.451,1.45186,1.45197,1.00,1.12
2017.07.28 13:38:20.707,1.45184,1.45196,1.00,1.00
2017.07.28 13:38:20.758,1.45183,1.45195,1.00,1.44
2017.07.28 13:38:20.959,1.4518,1.45192,1.50,1.50
2017.07.28 13:38:21.165,1.4518,1.45191,1.00,1.87
2017.07.28 13:38:21.371,1.45181,1.45194,1.00,3.75
2017.07.28 13:38:21.475,1.45183,1.45193,1.00,1.12
2017.07.28 13:38:21.712,1.45181,1.45193,1.00,1.00
2017.07.28 13:38:22.226,1.45179,1.45192,1.00,1.37
2017.07.28 13:38:22.623,1.45176,1.45185,1.00,1.12
2017.07.28 13:38:22.674,1.45174,1.45185,1.00,1.12
2017.07.28 13:38:22.828,1.45173,1.45183,1.00,1.00
2017.07.28 13:38:23.338,1.45173,1.45185,1.00,1.50
2017.07.28 13:38:23.745,1.45173,1.45181,1.00,1.12
2017.07.28 13:38:23.797,1.4517,1.45181,1.00,1.50
2017.07.28 13:38:24.002,1.45172,1.45182,1.00,1.37
2017.07.28 13:38:24.311,1.45175,1.45183,1.00,1.12
2017.07.28 13:38:24.414,1.45173,1.45184,1.00,1.00
2017.07.28 13:38:24.465,1.45175,1.45184,1.00,1.00
2017.07.28 13:38:25.007,1.45176,1.45185,1.00,1.50
2017.07.28 13:38:25.417,1.45179,1.45188,1.00,1.12
2017.07.28 13:38:25.468,1.45179,1.45189,1.00,1.50
2017.07.28 13:38:25.571,1.45177,1.45191,1.00,2.44
2017.07.28 13:38:25.622,1.45177,1.45185,1.00,1.00
2017.07.28 13:38:25.829,1.45173,1.45185,1.00,2.06
2017.07.28 13:38:25.968,1.45171,1.4518,1.50,1.12
2017.07.28 13:38:26.275,1.4517,1.45181,1.50,1.00
2017.07.28 13:38:26.326,1.45169,1.45178,1.00,1.00
2017.07.28 13:38:26.634,1.45174,1.45181,1.00,1.00
2017.07.28 13:38:26.939,1.45178,1.45187,1.00,2.62
2017.07.28 13:38:27.348,1.45176,1.45185,1.00,1.37
2017.07.28 13:38:27.606,1.45179,1.45186,1.00,1.37
2017.07.28 13:38:28.113,1.4518,1.45188,1.00,1.50
2017.07.28 13:38:28.215,1.45181,1.45191,1.00,1.87
2017.07.28 13:38:28.267,1.45184,1.45191,1.00,1.37
2017.07.28 13:38:28.370,1.45185,1.45192,1.00,1.12
2017.07.28 13:38:28.524,1.45186,1.45194,1.00,1.12
2017.07.28 13:38:28.680,1.45187,1.45197,1.00,1.50
2017.07.28 13:38:28.732,1.45185,1.45192,1.00,1.00
2017.07.28 13:38:28.834,1.45182,1.45191,1.00,1.37
2017.07.28 13:38:29.306,1.45178,1.45185,1.00,1.00
2017.07.28 13:38:29.613,1.4518,1.45188,1.00,1.87
2017.07.28 13:38:29.921,1.45177,1.45186,1.00,1.00
2017.07.28 13:38:30.328,1.45179,1.45188,1.00,2.25
2017.07.28 13:38:30.379,1.45179,1.45188,1.00,1.12
2017.07.28 13:38:30.585,1.45182,1.45188,1.00,1.00
2017.07.28 13:38:30.688,1.45182,1.45192,1.00,1.87
2017.07.28 13:38:30.894,1.45181,1.45192,1.00,1.87
2017.07.28 13:38:30.946,1.4518,1.4519,1.00,1.37
2017.07.28 13:38:31.255,1.45182,1.45188,1.00,1.00
2017.07.28 13:38:31.409,1.45177,1.45188,1.00,3.37
2017.07.28 13:38:31.921,1.45179,1.45188,1.00,2.25
2017.07.28 13:38:32.263,1.45181,1.45188,1.00,1.00
2017.07.28 13:38:32.773,1.45182,1.45191,1.00,2.62
2017.07.28 13:38:33.163,1.45184,1.4519,1.00,1.00
2017.07.28 13:38:33.317,1.45185,1.45194,1.00,2.62
2017.07.28 13:38:33.373,1.45185,1.45194,1.00,1.00
2017.07.28 13:38:33.885,1.45184,1.45194,1.00,2.25
2017.07.28 13:38:34.450,1.45185,1.45194,1.00,1.12
2017.07.28 13:38:34.604,1.45185,1.45192,1.00,1.00
2017.07.28 13:38:34.656,1.45185,1.45194,1.00,1.12
2017.07.28 13:38:34.913,1.45184,1.45188,1.00,1.00
2017.07.28 13:38:34.965,1.45182,1.4519,1.00,1.00
2017.07.28 13:38:35.017,1.45181,1.45188,1.00,1.00
2017.07.28 13:38:35.069,1.45181,1.4519,1.00,1.00
2017.07.28 13:38:35.121,1.45181,1.4519,1.00,1.75
2017.07.28 13:38:35.223,1.45181,1.45191,1.00,2.62
2017.07.28 13:38:35.775,1.45183,1.45191,1.00,1.00
2017.07.28 13:38:36.082,1.45186,1.45196,1.00,1.75
2017.07.28 13:38:36.135,1.45186,1.45196,1.00,1.50
2017.07.28 13:38:36.473,1.45188,1.45196,1.00,1.50
2017.07.28 13:38:37.190,1.45189,1.45196,1.00,1.37
2017.07.28 13:38:37.241,1.45187,1.45196,1.00,1.37
2017.07.28 13:38:37.345,1.45189,1.45197,1.00,1.50
2017.07.28 13:38:39.430,1.45188,1.45197,1.00,1.37
2017.07.28 13:38:40.400,1.45189,1.45197,1.00,1.87
2017.07.28 13:38:40.910,1.4519,1.452,1.00,1.75
2017.07.28 13:38:41.013,1.45192,1.452,1.00,1.00
2017.07.28 13:38:41.371,1.45194,1.45203,1.00,2.62
2017.07.28 13:38:41.474,1.45192,1.45203,1.00,1.87
2017.07.28 13:38:41.914,1.45194,1.45202,1.00,1.50
2017.07.28 13:38:42.119,1.45197,1.45207,1.00,3.00
2017.07.28 13:38:42.528,1.45194,1.45207,1.00,3.00
2017.07.28 13:38:42.901,1.45196,1.45207,1.00,1.12
2017.07.28 13:38:43.668,1.45197,1.45206,1.00,1.37
2017.07.28 13:38:43.959,1.45203,1.45214,1.00,1.87
2017.07.28 13:38:44.471,1.45204,1.45215,1.00,1.37
2017.07.28 13:38:44.626,1.45202,1.45212,1.00,1.12
2017.07.28 13:38:44.823,1.45201,1.45212,1.00,1.87
2017.07.28 13:38:45.031,1.45203,1.45214,1.00,1.00
2017.07.28 13:38:45.391,1.45205,1.45216,1.00,1.37
2017.07.28 13:38:46.042,1.45204,1.45216,1.00,1.50
2017.07.28 13:38:46.353,1.45208,1.45217,1.00,1.12
2017.07.28 13:38:46.770,1.45209,1.45219,1.00,1.12
2017.07.28 13:38:46.976,1.45213,1.4522,1.00,1.87
2017.07.28 13:38:47.491,1.45214,1.45221,1.00,2.25
2017.07.28 13:38:47.696,1.45212,1.4522,1.00,1.87
2017.07.28 13:38:48.246,1.45213,1.4522,1.00,1.87
2017.07.28 13:38:48.502,1.45211,1.45218,1.00,1.50
2017.07.28 13:38:48.811,1.45213,1.4522,1.00,1.75
2017.07.28 13:38:49.039,1.45208,1.45215,1.00,1.50
2017.07.28 13:38:49.092,1.45206,1.45215,1.00,2.25
2017.07.28 13:38:49.248,1.45208,1.45216,1.00,1.12
2017.07.28 13:38:49.656,1.45206,1.45216,1.00,1.87
2017.07.28 13:38:49.811,1.45208,1.45216,1.00,1.50
2017.07.28 13:38:50.064,1.45206,1.45216,1.00,1.37
2017.07.28 13:38:50.118,1.45207,1.45212,1.00,1.00
2017.07.28 13:38:50.631,1.45207,1.45214,1.00,1.37
2017.07.28 13:38:50.959,1.45209,1.45215,1.00,1.37
2017.07.28 13:38:51.472,1.45208,1.45217,1.00,1.75
2017.07.28 13:38:51.983,1.45208,1.45214,1.00,1.00
2017.07.28 13:38:52.289,1.4521,1.45217,1.00,1.87
2017.07.28 13:38:52.482,1.45209,1.45213,1.00,1.00
2017.07.28 13:38:52.689,1.45206,1.45215,1.00,1.75
2017.07.28 13:38:52.741,1.45208,1.45215,1.00,1.50
2017.07.28 13:38:53.001,1.45206,1.45213,1.00,1.00
2017.07.28 13:38:53.053,1.45204,1.45211,1.00,1.00
2017.07.28 13:38:53.397,1.45206,1.45214,1.00,2.25
2017.07.28 13:38:53.449,1.45206,1.45214,1.00,1.37
2017.07.28 13:38:53.705,1.45202,1.4521,1.00,1.50
2017.07.28 13:38:53.858,1.45204,1.4521,1.00,1.12
2017.07.28 13:38:54.166,1.45206,1.45213,1.00,1.37
2017.07.28 13:38:54.320,1.45202,1.45211,1.00,1.50
2017.07.28 13:38:54.719,1.45204,1.45212,1.00,1.75
2017.07.28 13:38:54.872,1.45207,1.45215,1.00,1.12
2017.07.28 13:38:54.924,1.45204,1.45215,1.00,1.12
2017.07.28 13:38:54.976,1.45204,1.45211,1.00,1.00
2017.07.28 13:38:55.425,1.45207,1.45212,1.00,1.00
2017.07.28 13:38:55.478,1.45206,1.45214,1.00,1.00
2017.07.28 13:38:55.990,1.45207,1.45214,1.00,1.12
2017.07.28 13:38:56.092,1.45207,1.45211,1.00,1.00
2017.07.28 13:38:56.143,1.45207,1.45214,1.00,1.50
2017.07.28 13:38:56.745,1.45205,1.45214,1.00,1.12
2017.07.28 13:38:56.847,1.45208,1.45215,1.00,1.87
2017.07.28 13:38:57.156,1.4521,1.45218,1.00,1.37
2017.07.28 13:38:57.208,1.45209,1.45219,1.00,2.62
2017.07.28 13:38:57.260,1.45209,1.45217,1.00,1.00
2017.07.28 13:38:57.630,1.45209,1.45217,1.00,1.37
2017.07.28 13:38:58.146,1.4521,1.45217,1.00,1.37
2017.07.28 13:38:58.316,1.45208,1.45217,1.00,1.87
2017.07.28 13:38:58.623,1.45209,1.45217,1.00,1.12
2017.07.28 13:38:58.901,1.45211,1.45219,1.00,3.00
2017.07.28 13:38:59.414,1.4521,1.45219,1.00,2.25
2017.07.28 13:38:59.877,1.45209,1.45219,1.00,1.87
2017.07.28 13:39:00.193,1.45209,1.45219,1.00,1.37
2017.07.28 13:39:00.500,1.4521,1.45215,1.00,1.12
2017.07.28 13:39:01.011,1.45209,1.45215,1.00,1.12
2017.07.28 13:39:01.516,1.4521,1.45215,1.00,1.12
2017.07.28 13:39:02.134,1.45209,1.45215,1.00,1.12
2017.07.28 13:39:02.462,1.45203,1.45209,1.00,1.87
2017.07.28 13:39:02.618,1.45201,1.45208,1.00,1.50
2017.07.28 13:39:02.670,1.45201,1.45206,1.00,1.00
2017.07.28 13:39:03.133,1.45198,1.45205,1.00,1.00
2017.07.28 13:39:03.256,1.45196,1.45202,1.00,2.25
2017.07.28 13:39:03.513,1.45196,1.45203,1.00,1.87
2017.07.28 13:39:03.768,1.45195,1.45201,1.00,1.00
2017.07.28 13:39:04.286,1.45194,1.45202,1.00,2.62
2017.07.28 13:39:04.444,1.45194,1.45202,1.00,1.87
2017.07.28 13:39:04.752,1.45194,1.452,1.00,1.00
2017.07.28 13:39:05.300,1.45195,1.452,1.00,1.00
2017.07.28 13:39:05.505,1.45194,1.45203,1.00,1.50
2017.07.28 13:39:05.761,1.45193,1.45199,1.00,1.37
2017.07.28 13:39:06.273,1.45194,1.45199,1.00,1.87
2017.07.28 13:39:06.414,1.45192,1.45198,1.00,1.12
2017.07.28 13:39:07.333,1.45191,1.45198,1.00,1.12
2017.07.28 13:39:07.866,1.45192,1.45198,1.00,1.50
2017.07.28 13:39:08.694,1.45193,1.45198,1.00,1.00
2017.07.28 13:39:08.847,1.45191,1.45198,1.00,1.50
2017.07.28 13:39:09.053,1.45193,1.45198,1.00,1.00
2017.07.28 13:39:09.309,1.45188,1.45194,1.00,1.00
2017.07.28 13:39:09.514,1.4519,1.45196,1.00,1.12
2017.07.28 13:39:09.618,1.45191,1.45197,1.00,1.87
2017.07.28 13:39:10.020,1.4519,1.45194,1.00,1.00
2017.07.28 13:39:10.330,1.4519,1.45197,1.00,2.44
2017.07.28 13:39:10.383,1.45185,1.4519,1.00,1.00
2017.07.28 13:39:10.596,1.45188,1.45195,1.00,2.44
2017.07.28 13:39:11.107,1.45185,1.45192,1.00,1.00
2017.07.28 13:39:11.312,1.45187,1.45192,1.00,1.50
2017.07.28 13:39:11.649,1.45192,1.45197,1.00,1.12
2017.07.28 13:39:11.956,1.45198,1.45204,1.00,1.00
2017.07.28 13:39:12.008,1.45199,1.45207,1.00,1.87
2017.07.28 13:39:12.059,1.45197,1.45207,1.00,1.87
2017.07.28 13:39:12.162,1.45202,1.4521,1.00,2.81
2017.07.28 13:39:12.358,1.45203,1.4521,1.00,1.87
2017.07.28 13:39:12.410,1.45201,1.45209,1.00,1.12
2017.07.28 13:39:12.924,1.45201,1.45209,1.00,1.56
2017.07.28 13:39:13.466,1.45202,1.45209,1.00,1.37
2017.07.28 13:39:13.569,1.452,1.45209,1.00,2.06
2017.07.28 13:39:13.928,1.45202,1.45209,1.00,1.12
2017.07.28 13:39:14.522,1.45202,1.45209,1.00,1.87
2017.07.28 13:39:15.032,1.45202,1.4521,1.00,2.62
2017.07.28 13:39:15.746,1.45203,1.45209,1.00,1.00
2017.07.28 13:39:16.214,1.45201,1.4521,1.00,1.87
2017.07.28 13:39:16.658,1.45203,1.4521,1.00,1.00
2017.07.28 13:39:16.761,1.45201,1.4521,1.00,1.00
2017.07.28 13:39:16.814,1.45205,1.45212,1.00,1.87
2017.07.28 13:39:16.917,1.45207,1.45214,1.00,1.37
2017.07.28 13:39:17.152,1.45204,1.45209,1.00,1.00
2017.07.28 13:39:17.306,1.45204,1.45211,1.00,1.00
2017.07.28 13:39:17.563,1.45204,1.45209,1.00,1.00
2017.07.28 13:39:17.666,1.45202,1.45208,1.00,1.12
2017.07.28 13:39:18.178,1.45202,1.45211,1.00,3.00
2017.07.28 13:39:19.916,1.45202,1.4521,1.00,1.00
2017.07.28 13:39:20.460,1.45203,1.4521,1.00,1.50
2017.07.28 13:39:20.665,1.45205,1.4521,1.00,1.00
2017.07.28 13:39:21.122,1.45203,1.45211,1.00,1.00
2017.07.28 13:39:21.430,1.45201,1.4521,1.00,2.25
2017.07.28 13:39:21.736,1.45203,1.45212,1.00,3.75
2017.07.28 13:39:22.238,1.45204,1.45213,1.00,1.37
2017.07.28 13:39:22.290,1.45207,1.45216,1.00,1.87
2017.07.28 13:39:22.341,1.45208,1.45217,1.00,3.00
2017.07.28 13:39:22.495,1.45206,1.45217,1.00,2.25
2017.07.28 13:39:22.547,1.45206,1.45214,1.00,1.00
2017.07.28 13:39:22.598,1.45206,1.45217,1.00,2.25
2017.07.28 13:39:22.803,1.45206,1.45216,1.00,3.75
2017.07.28 13:39:23.114,1.45208,1.45216,1.00,3.00
2017.07.28 13:39:23.217,1.45211,1.4522,1.00,1.37
2017.07.28 13:39:23.269,1.45213,1.45221,1.00,1.50
2017.07.28 13:39:23.528,1.4522,1.45228,1.00,2.44
2017.07.28 13:39:23.580,1.45215,1.4523,1.12,2.44
2017.07.28 13:39:23.632,1.45224,1.45233,1.00,2.44
2017.07.28 13:39:23.819,1.45225,1.45233,1.00,1.37
2017.07.28 13:39:24.075,1.45227,1.45235,1.00,2.62
2017.07.28 13:39:24.800,1.45225,1.45233,1.00,1.12
2017.07.28 13:39:24.852,1.45222,1.45228,1.00,1.12
2017.07.28 13:39:25.107,1.4522,1.45228,1.00,1.00
2017.07.28 13:39:25.646,1.45221,1.45228,1.00,1.00
2017.07.28 13:39:26.157,1.45221,1.45229,1.00,1.87
2017.07.28 13:39:26.770,1.45221,1.45228,1.00,1.00
2017.07.28 13:39:27.283,1.4522,1.45229,1.00,1.00
2017.07.28 13:39:27.386,1.45222,1.45229,1.00,1.50
2017.07.28 13:39:27.634,1.45225,1.45233,1.00,1.00
2017.07.28 13:39:28.147,1.45224,1.45236,1.00,3.75
2017.07.28 13:39:28.199,1.45222,1.45231,1.00,1.50
2017.07.28 13:39:28.620,1.45224,1.45231,1.00,1.50
2017.07.28 13:39:29.132,1.45222,1.45229,1.00,1.12
2017.07.28 13:39:29.389,1.45224,1.4523,1.00,1.00
2017.07.28 13:39:29.890,1.45225,1.45231,1.00,1.12
2017.07.28 13:39:30.094,1.45223,1.45232,1.00,1.50
2017.07.28 13:39:30.607,1.45222,1.45231,1.00,1.50
2017.07.28 13:39:30.980,1.45224,1.45231,1.00,1.37
2017.07.28 13:39:31.492,1.45224,1.45232,1.00,1.50
2017.07.28 13:39:32.321,1.45224,1.45234,1.00,1.87
2017.07.28 13:39:32.475,1.45225,1.45234,1.00,1.00
2017.07.28 13:39:32.527,1.45227,1.45234,1.00,1.00
2017.07.28 13:39:32.948,1.45224,1.45234,1.00,1.87
2017.07.28 13:39:32.999,1.45226,1.45234,1.00,1.12
2017.07.28 13:39:33.511,1.45227,1.45233,1.00,1.00
2017.07.28 13:39:34.123,1.45226,1.45233,1.00,1.00
2017.07.28 13:39:34.652,1.45226,1.45232,1.00,1.00
2017.07.28 13:39:34.960,1.45228,1.45237,1.00,1.12
2017.07.28 13:39:35.339,1.45226,1.45236,1.00,1.37
2017.07.28 13:39:35.647,1.45228,1.45235,1.00,1.00
2017.07.28 13:39:35.801,1.45227,1.45237,1.00,1.12
2017.07.28 13:39:35.853,1.45227,1.45235,1.00,1.12
2017.07.28 13:39:36.271,1.4523,1.45238,1.00,1.50
2017.07.28 13:39:36.323,1.4523,1.45238,1.00,1.12
2017.07.28 13:39:36.528,1.45227,1.45238,1.00,1.12
2017.07.28 13:39:37.247,1.45228,1.45238,1.00,1.12
2017.07.28 13:39:37.555,1.45231,1.45243,1.00,1.37
2017.07.28 13:39:38.329,1.45231,1.45244,1.00,1.50
2017.07.28 13:39:38.381,1.45233,1.45244,1.00,2.25
2017.07.28 13:39:38.897,1.45233,1.45243,1.00,1.00
2017.07.28 13:39:39.420,1.45232,1.45241,1.00,1.00
2017.07.28 13:39:39.523,1.45232,1.45243,1.00,1.87
2017.07.28 13:39:39.984,1.45232,1.45241,1.00,1.00
2017.07.28 13:39:40.489,1.4523,1.45243,1.00,1.50
2017.07.28 13:39:40.999,1.4523,1.45241,1.00,1.00
2017.07.28 13:39:41.051,1.45232,1.45246,1.00,2.62
2017.07.28 13:39:41.394,1.45235,1.45247,1.00,1.12
2017.07.28 13:39:41.707,1.4524,1.4525,1.00,1.00
2017.07.28 13:39:41.809,1.45242,1.45253,1.00,1.00
2017.07.28 13:39:41.997,1.45244,1.45256,1.00,1.00
2017.07.28 13:39:42.203,1.45244,1.45253,1.00,1.00
2017.07.28 13:39:42.358,1.4524,1.45255,1.50,1.12
2017.07.28 13:39:43.066,1.45239,1.45254,3.00,1.00
2017.07.28 13:39:43.579,1.4524,1.45255,1.50,1.12
2017.07.28 13:39:44.094,1.4524,1.45255,1.00,1.37
2017.07.28 13:39:44.604,1.45239,1.45253,1.00,1.00
2017.07.28 13:39:44.758,1.45241,1.45253,1.00,1.00
2017.07.28 13:39:45.068,1.45238,1.45252,1.31,1.00
2017.07.28 13:39:45.221,1.45236,1.45252,1.87,3.00
2017.07.28 13:39:45.528,1.45235,1.45248,2.06,1.00
2017.07.28 13:39:45.783,1.45236,1.4525,1.12,1.00
2017.07.28 13:39:45.927,1.45235,1.45248,2.06,1.00
2017.07.28 13:39:46.239,1.45238,1.45246,1.00,1.00
2017.07.28 13:39:46.290,1.45234,1.45247,2.62,1.00
2017.07.28 13:39:46.342,1.45234,1.45249,1.75,1.00
2017.07.28 13:39:46.597,1.45235,1.45246,1.50,1.00
2017.07.28 13:39:46.853,1.45236,1.45249,2.25,1.00
2017.07.28 13:39:47.072,1.45236,1.45247,1.50,1.00
2017.07.28 13:39:47.124,1.45236,1.45249,1.00,1.00
2017.07.28 13:39:47.380,1.45238,1.45249,1.00,1.00
2017.07.28 13:39:47.482,1.45236,1.45249,1.00,1.00
2017.07.28 13:39:47.534,1.4524,1.4525,1.00,1.00
2017.07.28 13:39:47.586,1.45239,1.45252,1.12,1.00
2017.07.28 13:39:47.740,1.45237,1.45248,2.62,1.00
2017.07.28 13:39:48.027,1.45237,1.4525,1.50,1.00
2017.07.28 13:39:48.283,1.4524,1.4525,1.00,1.00
2017.07.28 13:39:48.386,1.45238,1.45249,1.87,1.00
2017.07.28 13:39:48.975,1.45236,1.45249,1.87,1.00
2017.07.28 13:39:49.131,1.45237,1.45247,1.25,1.00
2017.07.28 13:39:49.387,1.45237,1.45249,1.69,1.00
2017.07.28 13:39:49.897,1.45236,1.45248,2.62,1.00
2017.07.28 13:39:50.398,1.45236,1.45248,1.69,1.00
2017.07.28 13:39:50.666,1.45237,1.4525,1.50,1.00
2017.07.28 13:39:50.871,1.45236,1.45248,1.50,1.00
2017.07.28 13:39:51.077,1.45235,1.45246,1.00,1.00
2017.07.28 13:39:51.348,1.45228,1.4524,2.44,1.00
2017.07.28 13:39:51.400,1.45228,1.4524,1.69,1.00
2017.07.28 13:39:51.503,1.45228,1.45238,2.06,1.00
2017.07.28 13:39:51.605,1.45228,1.4524,1.69,1.00
2017.07.28 13:39:51.963,1.45226,1.45238,1.81,1.00
2017.07.28 13:39:52.311,1.45225,1.45236,1.19,1.00
2017.07.28 13:39:52.365,1.45224,1.45236,1.12,1.00
2017.07.28 13:39:53.082,1.45223,1.45236,1.87,1.00
2017.07.28 13:39:53.534,1.45223,1.45234,1.19,1.00
2017.07.28 13:39:53.892,1.45223,1.45236,1.69,1.00
2017.07.28 13:39:54.096,1.45223,1.45234,1.12,1.00
2017.07.28 13:39:54.404,1.45225,1.45235,1.00,1.00
2017.07.28 13:39:54.455,1.45223,1.45235,1.00,1.00
2017.07.28 13:39:54.660,1.45222,1.45235,1.87,1.00
2017.07.28 13:39:54.762,1.45222,1.45234,1.87,1.00
2017.07.28 13:39:55.268,1.45222,1.45234,1.50,1.00
2017.07.28 13:39:55.575,1.45224,1.45236,1.50,1.00
2017.07.28 13:39:55.882,1.45223,1.45233,1.00,1.00
2017.07.28 13:39:56.137,1.45221,1.45234,2.62,1.00
2017.07.28 13:39:56.652,1.45221,1.45233,1.00,1.00
2017.07.28 13:39:57.520,1.4522,1.45235,1.50,1.00
2017.07.28 13:39:57.572,1.45219,1.45233,1.87,1.00
2017.07.28 13:39:57.625,1.4522,1.45233,1.00,1.00
2017.07.28 13:39:57.957,1.4522,1.45233,1.87,1.00
2017.07.28 13:39:58.009,1.45222,1.45236,2.25,1.00
2017.07.28 13:39:58.113,1.45222,1.45237,3.37,1.00
2017.07.28 13:39:58.216,1.45222,1.45236,1.87,1.00
2017.07.28 13:39:58.318,1.45222,1.45234,1.87,1.00
2017.07.28 13:39:58.576,1.45223,1.45237,1.25,1.00
2017.07.28 13:39:58.730,1.45222,1.45235,1.69,1.00
2017.07.28 13:39:58.986,1.45223,1.45237,1.00,1.00
2017.07.28 13:39:59.038,1.45221,1.45233,2.62,1.00
2017.07.28 13:39:59.303,1.45216,1.45229,1.19,1.00
2017.07.28 13:39:59.457,1.45225,1.45232,1.00,1.37
2017.07.28 13:39:59.663,1.45228,1.45237,1.00,2.25
2017.07.28 13:39:59.715,1.45225,1.45235,1.00,1.00
2017.07.28 13:39:59.766,1.45225,1.45237,1.00,2.25
2017.07.28 13:39:59.870,1.45227,1.45237,1.00,2.25
2017.07.28 13:40:00.193,1.45231,1.45241,1.00,1.87
2017.07.28 13:40:00.604,1.45232,1.45241,1.00,1.00
2017.07.28 13:40:01.124,1.45233,1.45243,1.00,1.87
2017.07.28 13:40:01.640,1.45233,1.45244,1.00,1.50
2017.07.28 13:40:01.691,1.45235,1.45244,1.00,1.00
2017.07.28 13:40:02.019,1.45248,1.45257,1.00,1.12
2017.07.28 13:40:02.430,1.4525,1.45261,1.00,2.62
2017.07.28 13:40:02.939,1.45248,1.4526,1.00,3.37
2017.07.28 13:40:02.991,1.45245,1.45256,1.00,1.87
2017.07.28 13:40:03.095,1.45243,1.45255,1.00,3.00
2017.07.28 13:40:03.249,1.45245,1.45255,1.00,1.37
2017.07.28 13:40:03.759,1.45244,1.45255,1.00,2.25
2017.07.28 13:40:04.158,1.45249,1.45257,1.00,1.12
2017.07.28 13:40:04.313,1.45252,1.45264,1.00,2.62
2017.07.28 13:40:04.366,1.45252,1.45264,1.00,3.00
2017.07.28 13:40:04.570,1.45252,1.45262,1.00,1.00
2017.07.28 13:40:04.826,1.45253,1.45264,1.00,3.75
2017.07.28 13:40:05.346,1.45254,1.45264,1.00,2.62
2017.07.28 13:40:05.398,1.45254,1.45264,1.00,2.25
2017.07.28 13:40:06.012,1.45254,1.45267,1.00,2.25
2017.07.28 13:40:06.211,1.45253,1.45263,1.00,1.00
2017.07.28 13:40:06.314,1.45254,1.45265,1.00,1.00
2017.07.28 13:40:06.367,1.45256,1.45265,1.00,1.00
2017.07.28 13:40:06.676,1.45253,1.45261,1.00,1.00
2017.07.28 13:40:06.729,1.45249,1.45261,1.00,1.88
2017.07.28 13:40:06.781,1.45249,1.45256,1.00,1.00
2017.07.28 13:40:06.833,1.45249,1.4526,1.00,1.31
2017.07.28 13:40:06.938,1.45251,1.45263,1.00,3.75
2017.07.28 13:40:07.085,1.4525,1.45261,1.00,2.44
2017.07.28 13:40:07.291,1.4525,1.4526,1.00,1.50
2017.07.28 13:40:07.344,1.45249,1.4526,1.00,1.75
2017.07.28 13:40:07.894,1.45248,1.45258,1.00,1.50
2017.07.28 13:40:08.200,1.45251,1.45261,1.00,2.62
2017.07.28 13:40:08.304,1.45253,1.45262,1.00,1.12
2017.07.28 13:40:08.559,1.4525,1.45262,1.00,2.63
2017.07.28 13:40:08.661,1.45249,1.4526,1.00,1.37
2017.07.28 13:40:08.967,1.45252,1.45262,1.00,1.50
2017.07.28 13:40:09.887,1.45255,1.45264,1.00,1.12
2017.07.28 13:40:10.224,1.45252,1.45262,1.00,1.00
2017.07.28 13:40:10.734,1.45253,1.45263,1.00,1.37
2017.07.28 13:40:10.837,1.45251,1.45259,1.00,1.50
2017.07.28 13:40:10.889,1.45251,1.45259,1.00,1.12
2017.07.28 13:40:11.044,1.45254,1.4526,1.00,1.00
2017.07.28 13:40:11.096,1.45252,1.4526,1.00,1.00
2017.07.28 13:40:11.239,1.45254,1.45264,1.00,1.00
2017.07.28 13:40:11.753,1.45255,1.45265,1.00,1.12
2017.07.28 13:40:12.104,1.45255,1.45262,1.00,1.00
2017.07.28 13:40:12.155,1.45253,1.45262,1.00,1.00
2017.07.28 13:40:12.207,1.45252,1.45265,1.00,1.12
2017.07.28 13:40:12.361,1.45254,1.45266,1.00,1.12
2017.07.28 13:40:12.669,1.45255,1.45265,1.00,1.75
2017.07.28 13:40:13.079,1.45255,1.45266,1.00,1.12
2017.07.28 13:40:13.331,1.45255,1.45266,1.00,1.12
2017.07.28 13:40:13.842,1.45254,1.45265,1.00,1.50
2017.07.28 13:40:13.893,1.45252,1.45265,1.00,1.50
2017.07.28 13:40:13.996,1.45252,1.45263,1.00,1.37
2017.07.28 13:40:14.439,1.45255,1.45264,1.00,1.50
2017.07.28 13:40:14.542,1.45253,1.45265,1.00,3.75
2017.07.28 13:40:14.850,1.4525,1.4526,1.00,1.00
2017.07.28 13:40:14.903,1.4525,1.45262,1.00,1.50
2017.07.28 13:40:14.955,1.45247,1.4526,1.00,1.00
2017.07.28 13:40:15.008,1.45247,1.45258,1.00,1.50
2017.07.28 13:40:15.521,1.45246,1.45257,1.00,1.12
2017.07.28 13:40:15.827,1.45247,1.45257,1.00,1.37
2017.07.28 13:40:15.878,1.45244,1.45257,1.00,1.00
2017.07.28 13:40:15.930,1.45246,1.45257,1.00,1.87
2017.07.28 13:40:16.328,1.45242,1.45254,1.00,1.69
2017.07.28 13:40:16.380,1.45241,1.45251,1.00,1.87
2017.07.28 13:40:16.688,1.45239,1.45252,1.00,1.37
2017.07.28 13:40:16.841,1.45242,1.45253,1.00,1.75
2017.07.28 13:40:17.343,1.45241,1.45251,1.00,1.12
2017.07.28 13:40:17.855,1.4524,1.4525,1.00,1.00
2017.07.28 13:40:18.264,1.45235,1.45242,1.50,1.00
2017.07.28 13:40:18.419,1.45222,1.45232,1.00,1.00
2017.07.28 13:40:18.575,1.45219,1.45231,1.00,1.87
2017.07.28 13:40:18.627,1.45221,1.45232,1.00,1.50
2017.07.28 13:40:18.682,1.45222,1.45234,1.00,1.87
2017.07.28 13:40:18.786,1.45224,1.45234,1.00,1.50
2017.07.28 13:40:19.143,1.45222,1.45234,1.00,1.00
2017.07.28 13:40:19.398,1.45224,1.45234,1.00,1.00
2017.07.28 13:40:19.908,1.45223,1.45235,1.00,2.81
2017.07.28 13:40:20.828,1.45224,1.45235,1.00,2.25
2017.07.28 13:40:20.983,1.45222,1.45233,1.00,1.25
2017.07.28 13:40:21.035,1.45219,1.4523,1.12,1.12
2017.07.28 13:40:21.139,1.45215,1.45227,1.00,1.12
2017.07.28 13:40:21.190,1.45217,1.45227,1.00,1.12
2017.07.28 13:40:21.497,1.45217,1.45229,1.00,1.00
2017.07.28 13:40:21.702,1.45221,1.45232,1.00,2.62
2017.07.28 13:40:21.753,1.45221,1.45233,1.00,1.31
2017.07.28 13:40:21.805,1.45221,1.45233,1.00,2.06
2017.07.28 13:40:22.669,1.45223,1.45233,1.00,1.25
2017.07.28 13:40:23.181,1.45222,1.45234,1.00,2.62
2017.07.28 13:40:23.487,1.45224,1.45234,1.00,2.25
2017.07.28 13:40:23.919,1.45222,1.45232,1.00,1.12
2017.07.28 13:40:24.123,1.45224,1.45234,1.00,1.50
2017.07.28 13:40:24.634,1.45223,1.45233,1.00,1.12
2017.07.28 13:40:25.065,1.45226,1.45234,1.00,1.37
2017.07.28 13:40:25.168,1.45226,1.45235,1.00,1.25
2017.07.28 13:40:25.579,1.4523,1.45235,1.00,1.12
2017.07.28 13:40:25.632,1.45227,1.45237,1.00,1.12
2017.07.28 13:40:25.735,1.45224,1.45237,1.00,1.37
2017.07.28 13:40:25.876,1.45224,1.45236,1.00,1.75
2017.07.28 13:40:26.390,1.45225,1.45235,1.00,1.00
2017.07.28 13:40:27.612,1.45225,1.45235,1.00,1.87
2017.07.28 13:40:28.178,1.45224,1.45234,1.00,1.00
2017.07.28 13:40:28.486,1.4523,1.45239,1.00,1.12
2017.07.28 13:40:28.588,1.4523,1.45239,1.00,1.00
2017.07.28 13:40:28.985,1.45228,1.45238,1.00,2.62
2017.07.28 13:40:29.036,1.4523,1.45238,1.00,1.00
2017.07.28 13:40:29.241,1.45232,1.45241,1.00,1.00
2017.07.28 13:40:29.343,1.45232,1.45239,1.00,1.00
2017.07.28 13:40:29.447,1.45227,1.45239,1.00,1.37
2017.07.28 13:40:29.498,1.4523,1.45239,1.00,1.12
2017.07.28 13:40:30.059,1.45229,1.45239,1.00,2.62
2017.07.28 13:40:30.317,1.4523,1.4524,1.00,1.37
2017.07.28 13:40:30.573,1.45232,1.45241,1.00,1.50
2017.07.28 13:40:31.087,1.45232,1.45241,1.00,1.00
2017.07.28 13:40:31.863,1.45228,1.45241,1.00,2.25
2017.07.28 13:40:32.017,1.45227,1.45238,1.00,2.25
2017.07.28 13:40:32.333,1.45226,1.45236,1.00,1.56
2017.07.28 13:40:32.491,1.45228,1.45239,1.00,2.81
2017.07.28 13:40:33.003,1.45225,1.45236,1.00,1.87
2017.07.28 13:40:34.421,1.45224,1.45234,1.00,1.87
2017.07.28 13:40:35.142,1.45226,1.45234,1.00,1.12
2017.07.28 13:40:35.590,1.45226,1.45237,1.00,1.37
2017.07.28 13:40:35.749,1.4523,1.45239,1.00,1.37
2017.07.28 13:40:35.800,1.4523,1.45239,1.00,1.00
2017.07.28 13:40:36.364,1.45228,1.45239,1.00,1.12
2017.07.28 13:40:36.518,1.45228,1.45239,1.00,1.37
2017.07.28 13:40:36.825,1.4523,1.45239,1.00,1.12
2017.07.28 13:40:37.140,1.45228,1.45237,1.00,1.37
2017.07.28 13:40:37.395,1.45225,1.45235,1.00,1.00
2017.07.28 13:40:37.906,1.45224,1.45236,1.00,2.25
2017.07.28 13:40:38.401,1.45224,1.45236,1.00,3.37
2017.07.28 13:40:38.966,1.45224,1.45234,1.00,1.00
2017.07.28 13:40:39.583,1.45224,1.45236,1.00,3.37
2017.07.28 13:40:39.968,1.45226,1.45236,1.00,3.37
2017.07.28 13:40:40.122,1.45227,1.45236,1.00,1.12
2017.07.28 13:40:40.329,1.4523,1.4524,1.00,1.50
2017.07.28 13:40:40.483,1.45232,1.45242,1.00,1.00
2017.07.28 13:40:40.959,1.45234,1.45242,1.00,1.00
2017.07.28 13:40:41.217,1.45235,1.45246,1.00,1.12
2017.07.28 13:40:41.269,1.45238,1.45248,1.00,3.19
2017.07.28 13:40:41.322,1.45238,1.45248,1.00,1.69
2017.07.28 13:40:42.464,1.45236,1.45247,1.00,1.12
2017.07.28 13:40:42.516,1.45236,1.45244,1.00,1.50
2017.07.28 13:40:42.725,1.45233,1.45243,1.00,1.50
2017.07.28 13:40:42.777,1.45235,1.45243,1.00,1.00
2017.07.28 13:40:42.930,1.45233,1.45244,1.00,3.00
2017.07.28 13:40:43.443,1.45232,1.45243,1.00,1.00
2017.07.28 13:40:43.494,1.45231,1.45241,1.00,1.87
2017.07.28 13:40:43.908,1.45233,1.45241,1.00,1.12
2017.07.28 13:40:43.960,1.45231,1.45241,1.00,1.12
2017.07.28 13:40:44.317,1.45234,1.45241,1.00,1.00
2017.07.28 13:40:44.830,1.45233,1.45243,1.00,1.37
2017.07.28 13:40:46.154,1.45233,1.45243,1.00,1.12
2017.07.28 13:40:46.766,1.45232,1.45243,1.00,1.50
2017.07.28 13:40:46.818,1.45234,1.45243,1.00,1.50
2017.07.28 13:40:47.330,1.45233,1.45243,1.00,2.25
2017.07.28 13:40:48.357,1.45233,1.45243,1.00,1.50
2017.07.28 13:40:48.767,1.45236,1.45245,1.00,1.87
2017.07.28 13:40:49.305,1.45235,1.45245,1.00,2.25
2017.07.28 13:40:49.815,1.45236,1.45245,1.00,1.87
2017.07.28 13:40:50.356,1.45236,1.45245,1.00,1.50
2017.07.28 13:40:51.793,1.45235,1.45244,1.00,1.12
2017.07.28 13:40:52.304,1.45235,1.45244,1.00,1.37
2017.07.28 13:40:52.822,1.45235,1.45245,1.00,2.25
2017.07.28 13:40:53.285,1.45233,1.45244,1.00,1.50
2017.07.28 13:40:53.635,1.45239,1.45247,1.00,1.37
2017.07.28 13:40:54.049,1.45238,1.45248,1.00,1.87
2017.07.28 13:40:54.560,1.45239,1.45248,1.00,1.12
2017.07.28 13:40:54.820,1.45237,1.45248,1.00,2.25
2017.07.28 13:40:55.026,1.45239,1.45248,1.00,1.87
2017.07.28 13:40:55.692,1.45238,1.45248,1.00,1.87
2017.07.28 13:40:56.247,1.45236,1.45245,1.00,1.00
2017.07.28 13:40:56.350,1.45234,1.45244,1.00,1.87
2017.07.28 13:40:56.861,1.45233,1.45244,1.00,2.25
2017.07.28 13:40:57.309,1.45236,1.45244,1.00,1.37
2017.07.28 13:40:57.412,1.45236,1.45245,1.00,1.00
2017.07.28 13:40:57.720,1.45237,1.45247,1.00,1.00
2017.07.28 13:40:58.233,1.45238,1.45248,1.00,2.44
2017.07.28 13:40:58.783,1.45239,1.45248,1.00,1.50
2017.07.28 13:41:00.134,1.45239,1.45249,1.00,2.81
2017.07.28 13:41:00.750,1.45237,1.45249,1.00,2.44
2017.07.28 13:41:01.815,1.45236,1.45248,1.00,1.87
2017.07.28 13:41:02.325,1.45235,1.45246,1.00,1.00
2017.07.28 13:41:03.209,1.45235,1.45245,1.00,1.12
2017.07.28 13:41:03.363,1.45233,1.45245,1.00,1.69
2017.07.28 13:41:03.568,1.45237,1.45246,1.00,1.75
2017.07.28 13:41:03.723,1.45239,1.4525,1.00,1.50
2017.07.28 13:41:03.775,1.4524,1.45252,1.00,1.75
2017.07.28 13:41:03.942,1.45238,1.45252,1.00,1.75
2017.07.28 13:41:04.199,1.45234,1.45246,1.00,1.00
2017.07.28 13:41:04.506,1.45232,1.45245,1.00,3.19
2017.07.28 13:41:04.943,1.4523,1.45244,1.00,2.25
2017.07.28 13:41:05.406,1.45232,1.45244,1.00,1.50
2017.07.28 13:41:05.911,1.45231,1.45242,1.00,1.00
2017.07.28 13:41:06.222,1.45233,1.45245,1.00,1.50
2017.07.28 13:41:06.532,1.45236,1.4525,1.00,2.62
2017.07.28 13:41:06.736,1.45232,1.45245,1.00,1.87
2017.07.28 13:41:06.889,1.45234,1.45246,1.00,1.75
2017.07.28 13:41:07.201,1.45235,1.45247,1.00,1.12
2017.07.28 13:41:07.253,1.45237,1.45247,1.00,1.00
2017.07.28 13:41:07.357,1.45237,1.4525,1.00,1.50
2017.07.28 13:41:07.573,1.45239,1.4525,1.00,1.50
2017.07.28 13:41:08.087,1.45239,1.4525,1.00,1.00
2017.07.28 13:41:08.378,1.4524,1.45252,1.00,1.12
2017.07.28 13:41:08.635,1.45242,1.45254,1.00,1.87
2017.07.28 13:41:09.149,1.45243,1.45255,1.00,1.50
2017.07.28 13:41:09.662,1.45244,1.45255,1.00,1.37
2017.07.28 13:41:10.173,1.45243,1.45254,1.00,1.00
2017.07.28 13:41:10.677,1.45242,1.45253,1.00,1.00
2017.07.28 13:41:10.933,1.45239,1.45253,1.00,2.25
2017.07.28 13:41:10.984,1.45239,1.4525,1.00,1.37
2017.07.28 13:41:11.497,1.4524,1.4525,1.00,1.50
2017.07.28 13:41:11.599,1.45238,1.4525,1.00,1.37
2017.07.28 13:41:11.783,1.45236,1.4525,1.12,1.37
2017.07.28 13:41:11.834,1.45238,1.4525,1.00,1.50
2017.07.28 13:41:12.396,1.45238,1.4525,1.00,1.12
2017.07.28 13:41:12.909,1.45239,1.45252,1.00,2.25
2017.07.28 13:41:13.434,1.45238,1.45249,1.00,1.00
2017.07.28 13:41:13.984,1.45238,1.4525,1.00,1.75
2017.07.28 13:41:14.240,1.45239,1.4525,1.00,1.00
2017.07.28 13:41:14.608,1.45239,1.45253,1.00,2.62
2017.07.28 13:41:15.546,1.45242,1.45254,1.00,1.50
2017.07.28 13:41:15.916,1.45242,1.45255,1.00,2.25
2017.07.28 13:41:16.274,1.45241,1.45254,1.00,1.87
2017.07.28 13:41:17.054,1.45242,1.45252,1.00,1.00
2017.07.28 13:41:17.761,1.45243,1.45254,1.00,1.87
2017.07.28 13:41:18.224,1.45245,1.45256,1.00,1.50
2017.07.28 13:41:18.326,1.45247,1.45258,1.00,1.37
2017.07.28 13:41:18.480,1.4524,1.45253,1.00,1.50
2017.07.28 13:41:18.583,1.4524,1.45252,1.00,2.25
2017.07.28 13:41:18.747,1.45242,1.45252,1.00,1.87
2017.07.28 13:41:19.212,1.45244,1.45255,1.00,1.37
2017.07.28 13:41:19.365,1.45246,1.45259,1.00,1.75
2017.07.28 13:41:20.164,1.45244,1.45257,1.00,1.87
2017.07.28 13:41:20.318,1.45241,1.45254,1.00,1.87
2017.07.28 13:41:20.369,1.45238,1.4525,1.37,1.37
2017.07.28 13:41:20.568,1.45236,1.45248,1.00,1.37
2017.07.28 13:41:20.980,1.45233,1.45244,1.00,1.87
2017.07.28 13:41:21.032,1.45231,1.45244,1.50,1.87
2017.07.28 13:41:21.237,1.45233,1.45244,1.00,1.75
2017.07.28 13:41:21.288,1.45231,1.45244,1.00,1.75
2017.07.28 13:41:21.542,1.45233,1.45244,1.00,1.75
2017.07.28 13:41:22.054,1.45234,1.45245,1.00,1.50
2017.07.28 13:41:22.209,1.45231,1.45245,1.00,1.75
2017.07.28 13:41:22.314,1.45231,1.45244,1.00,2.25
2017.07.28 13:41:22.365,1.45228,1.45241,1.00,1.00
2017.07.28 13:41:22.686,1.4523,1.45244,1.00,1.87
2017.07.28 13:41:23.300,1.4523,1.45243,1.87,1.00
2017.07.28 13:41:23.454,1.4523,1.45243,1.12,1.12
2017.07.28 13:41:24.429,1.45232,1.45242,1.00,1.37
2017.07.28 13:41:24.967,1.45232,1.45244,1.00,1.12
2017.07.28 13:41:25.229,1.45234,1.45247,1.00,1.12
2017.07.28 13:41:25.383,1.45236,1.45247,1.00,1.12
2017.07.28 13:41:25.588,1.45238,1.4525,1.00,1.00
2017.07.28 13:41:25.845,1.45238,1.45249,1.00,1.12
2017.07.28 13:41:26.114,1.45236,1.45249,1.00,1.75
2017.07.28 13:41:26.625,1.45235,1.45247,1.00,1.00
2017.07.28 13:41:27.147,1.45235,1.45248,1.00,1.12
2017.07.28 13:41:27.862,1.45236,1.45249,1.00,1.50
2017.07.28 13:41:27.913,1.45237,1.4525,1.00,1.87
2017.07.28 13:41:28.423,1.45235,1.45249,1.00,1.50
2017.07.28 13:41:28.956,1.45235,1.45249,1.00,1.87
2017.07.28 13:41:29.437,1.45238,1.45251,1.00,1.12
2017.07.28 13:41:30.118,1.45236,1.45249,1.50,1.00
2017.07.28 13:41:30.171,1.45235,1.45249,1.50,2.25
2017.07.28 13:41:30.683,1.45235,1.45249,1.00,2.62
2017.07.28 13:41:32.624,1.45231,1.45245,1.75,1.37
2017.07.28 13:41:32.779,1.45229,1.45244,1.87,1.50
2017.07.28 13:41:34.049,1.4523,1.45245,1.00,2.62
2017.07.28 13:41:34.307,1.45228,1.45242,1.12,1.12
2017.07.28 13:41:34.767,1.4523,1.45242,1.00,1.12
2017.07.28 13:41:35.274,1.4523,1.45245,1.87,1.69
2017.07.28 13:41:35.791,1.45233,1.45245,1.00,1.37
2017.07.28 13:41:35.944,1.45231,1.45245,1.00,1.37
2017.07.28 13:41:36.098,1.45232,1.45245,1.50,1.37
2017.07.28 13:41:36.634,1.45229,1.45243,1.00,1.50
2017.07.28 13:41:36.687,1.4523,1.45244,1.00,1.00
2017.07.28 13:41:36.792,1.45232,1.45244,1.00,1.00
2017.07.28 13:41:36.996,1.4523,1.45244,2.25,1.00
2017.07.28 13:41:38.079,1.4523,1.45241,1.50,1.12
2017.07.28 13:41:38.182,1.45228,1.4524,1.00,1.37
2017.07.28 13:41:38.284,1.45224,1.4524,2.25,1.37
2017.07.28 13:41:38.388,1.45224,1.4524,1.50,1.37
2017.07.28 13:41:38.440,1.45223,1.45238,2.06,2.06
2017.07.28 13:41:38.749,1.4522,1.45232,1.00,1.00
2017.07.28 13:41:39.260,1.45221,1.45232,1.00,1.00
2017.07.28 13:41:39.414,1.45219,1.45232,1.00,1.00
2017.07.28 13:41:40.350,1.45221,1.45232,1.00,1.00
2017.07.28 13:41:40.453,1.45218,1.45232,1.12,1.50
2017.07.28 13:41:40.505,1.45218,1.45231,1.12,1.50
2017.07.28 13:41:40.710,1.45221,1.45233,1.00,1.00
2017.07.28 13:41:41.128,1.45222,1.45236,1.00,1.37
2017.07.28 13:41:41.231,1.45223,1.4524,1.62,2.81
2017.07.28 13:41:41.334,1.45229,1.45241,1.00,1.25
2017.07.28 13:41:41.868,1.4523,1.45243,1.00,1.12
2017.07.28 13:41:42.380,1.4523,1.45244,1.00,1.75
2017.07.28 13:41:42.883,1.45231,1.45243,1.00,1.37
2017.07.28 13:41:43.038,1.45228,1.45242,1.12,1.12
2017.07.28 13:41:43.350,1.4522,1.45232,1.37,1.37
2017.07.28 13:41:43.401,1.4522,1.45232,1.00,1.37
2017.07.28 13:41:43.454,1.45223,1.45232,1.00,1.00
2017.07.28 13:41:43.992,1.45222,1.45234,1.00,1.12
2017.07.28 13:41:44.675,1.45222,1.45233,1.00,1.00
2017.07.28 13:41:44.993,1.45224,1.45235,1.00,1.12
2017.07.28 13:41:45.095,1.45222,1.45235,1.00,1.12
2017.07.28 13:41:45.328,1.45224,1.45236,1.00,1.87
2017.07.28 13:41:45.434,1.45222,1.45235,1.50,1.12
2017.07.28 13:41:45.587,1.45224,1.45233,1.00,1.00
2017.07.28 13:41:45.690,1.45225,1.45236,1.00,1.50
2017.07.28 13:41:46.223,1.45224,1.45236,1.00,1.37
2017.07.28 13:41:46.341,1.45219,1.45232,1.50,2.25
2017.07.28 13:41:46.652,1.45217,1.4523,1.00,1.12
2017.07.28 13:41:47.162,1.45216,1.45229,1.12,1.37
2017.07.28 13:41:47.470,1.45216,1.45226,1.00,1.00
2017.07.28 13:41:47.811,1.45213,1.45224,1.00,1.12
2017.07.28 13:41:47.914,1.45214,1.45226,1.00,1.50
2017.07.28 13:41:48.415,1.45214,1.45226,1.00,1.12
2017.07.28 13:41:49.163,1.45213,1.45226,1.00,1.12
2017.07.28 13:41:49.491,1.45212,1.45224,1.00,1.00
2017.07.28 13:41:49.696,1.45208,1.45221,1.00,1.00
2017.07.28 13:41:50.439,1.45209,1.45221,1.00,1.00
2017.07.28 13:41:50.542,1.45211,1.45224,1.00,1.12
2017.07.28 13:41:50.697,1.4521,1.45224,1.00,2.00
2017.07.28 13:41:50.954,1.45209,1.45224,1.00,1.00
2017.07.28 13:41:51.005,1.45212,1.45227,1.00,1.75
2017.07.28 13:41:51.333,1.45214,1.45227,1.00,1.12
2017.07.28 13:41:51.845,1.45213,1.45227,1.00,1.12
2017.07.28 13:41:52.269,1.45211,1.45225,1.50,1.00
2017.07.28 13:41:52.423,1.45211,1.45225,1.00,1.37
2017.07.28 13:41:52.731,1.45219,1.45232,1.00,1.87
2017.07.28 13:41:53.502,1.45216,1.4523,1.00,1.37
2017.07.28 13:41:53.860,1.45213,1.45226,2.25,1.00
2017.07.28 13:41:54.014,1.45211,1.45226,1.00,1.12
2017.07.28 13:41:54.204,1.45213,1.45226,1.00,1.00
2017.07.28 13:41:54.256,1.45214,1.45229,1.50,1.00
2017.07.28 13:41:55.147,1.45215,1.45229,1.00,1.00
2017.07.28 13:41:55.762,1.45217,1.45231,1.87,1.00
2017.07.28 13:41:56.223,1.4522,1.45231,1.00,1.00
2017.07.28 13:41:56.928,1.45221,1.45231,1.00,1.12
2017.07.28 13:41:58.176,1.45221,1.45234,1.00,1.75
2017.07.28 13:41:58.484,1.45227,1.45239,1.00,1.75
2017.07.28 13:41:58.792,1.45219,1.45231,3.37,1.00
2017.07.28 13:41:58.844,1.45219,1.45231,1.00,1.37
2017.07.28 13:41:58.947,1.45217,1.45231,1.00,1.50
2017.07.28 13:41:59.050,1.45219,1.4523,1.00,1.37
2017.07.28 13:41:59.668,1.45218,1.4523,1.00,1.50
2017.07.28 13:42:01.032,1.45215,1.4523,2.25,1.37
2017.07.28 13:42:01.084,1.45216,1.45229,1.00,2.00
2017.07.28 13:42:01.441,1.45218,1.45229,1.00,1.75
2017.07.28 13:42:01.961,1.45218,1.4523,1.00,1.37
2017.07.28 13:42:02.285,1.45221,1.45231,1.00,1.37
2017.07.28 13:42:02.387,1.45224,1.45235,1.00,1.00
2017.07.28 13:42:02.643,1.45226,1.45235,1.00,1.00
2017.07.28 13:42:02.879,1.45223,1.45236,1.50,1.37
2017.07.28 13:42:03.036,1.45224,1.45236,1.00,1.75
2017.07.28 13:42:03.089,1.45221,1.45235,1.00,2.25
2017.07.28 13:42:03.142,1.4522,1.45232,1.00,1.50
2017.07.28 13:42:03.451,1.45218,1.45231,1.00,1.12
2017.07.28 13:42:04.742,1.45217,1.45231,1.00,1.75
2017.07.28 13:42:05.247,1.45217,1.4523,1.00,1.00
2017.07.28 13:42:05.299,1.45219,1.45232,1.00,1.75
2017.07.28 13:42:05.621,1.45221,1.45232,1.00,1.37
2017.07.28 13:42:05.826,1.45218,1.45232,1.00,1.37
2017.07.28 13:42:06.441,1.45219,1.45232,1.50,1.37
2017.07.28 13:42:06.544,1.45221,1.45232,1.00,1.37
2017.07.28 13:42:06.647,1.45221,1.45234,1.50,1.37
2017.07.28 13:42:06.699,1.45223,1.45236,1.00,1.50
2017.07.28 13:42:06.945,1.45223,1.45236,1.00,1.12
2017.07.28 13:42:07.718,1.45224,1.45236,1.00,1.12
2017.07.28 13:42:08.145,1.45224,1.45236,1.00,2.25
2017.07.28 13:42:08.197,1.45221,1.45232,1.12,1.37
2017.07.28 13:42:08.250,1.45219,1.45232,1.00,1.37
2017.07.28 13:42:08.302,1.45222,1.45232,1.00,1.37
2017.07.28 13:42:08.405,1.4522,1.45232,1.12,1.37
2017.07.28 13:42:08.917,1.4522,1.45232,1.00,1.00
2017.07.28 13:42:09.320,1.45222,1.45232,1.00,1.00
2017.07.28 13:42:09.527,1.4522,1.45232,1.00,1.12
2017.07.28 13:42:09.580,1.45216,1.45229,1.37,2.00
2017.07.28 13:42:09.632,1.45216,1.45227,1.00,1.00
2017.07.28 13:42:09.991,1.45214,1.45227,1.00,1.00
2017.07.28 13:42:10.220,1.45213,1.45227,1.00,1.12
2017.07.28 13:42:10.730,1.45213,1.45226,1.00,1.12
2017.07.28 13:42:11.476,1.45211,1.45224,1.00,1.50
2017.07.28 13:42:12.539,1.45209,1.45224,1.87,1.00
2017.07.28 13:42:12.738,1.45209,1.45224,1.87,1.37
2017.07.28 13:42:13.352,1.4521,1.45224,1.00,1.37
2017.07.28 13:42:13.403,1.4521,1.45225,1.00,1.37
2017.07.28 13:42:14.292,1.4521,1.45224,1.00,1.12
2017.07.28 13:42:14.804,1.4521,1.45223,1.00,1.75
2017.07.28 13:42:15.834,1.4521,1.45223,1.00,1.50
2017.07.28 13:42:16.350,1.4521,1.45223,1.00,1.50
2017.07.28 13:42:16.588,1.45208,1.45223,1.00,1.50
2017.07.28 13:42:16.692,1.4521,1.45224,1.00,1.12
2017.07.28 13:42:16.744,1.45208,1.45223,1.00,1.87
2017.07.28 13:42:16.797,1.45206,1.45222,1.69,1.12
2017.07.28 13:42:16.900,1.45206,1.45221,1.00,1.50
2017.07.28 13:42:17.054,1.45204,1.4522,1.00,1.50
2017.07.28 13:42:17.384,1.45207,1.45221,1.00,1.87
2017.07.28 13:42:17.538,1.45208,1.45224,1.00,2.25
2017.07.28 13:42:17.873,1.4521,1.45225,1.50,1.00
2017.07.28 13:42:18.183,1.45213,1.45229,2.25,1.00
2017.07.28 13:42:18.489,1.45213,1.45228,1.12,1.87
2017.07.28 13:42:18.843,1.4521,1.45226,3.00,1.31
2017.07.28 13:42:18.996,1.4521,1.45222,1.00,1.12
2017.07.28 13:42:19.661,1.45207,1.45224,3.75,1.87
2017.07.28 13:42:20.136,1.4521,1.45225,1.00,1.87
2017.07.28 13:42:20.188,1.4521,1.45227,1.00,3.56
2017.07.28 13:42:20.496,1.4521,1.45224,1.00,1.37
2017.07.28 13:42:20.599,1.45207,1.45223,2.25,1.37
2017.07.28 13:42:20.703,1.45206,1.45222,1.12,1.50
2017.07.28 13:42:20.754,1.45206,1.45222,1.12,2.62
2017.07.28 13:42:20.985,1.45204,1.4522,1.00,1.37
2017.07.28 13:42:21.393,1.45206,1.45221,1.12,1.37
2017.07.28 13:42:21.495,1.45207,1.45223,1.37,1.87
2017.07.28 13:42:21.546,1.45211,1.45223,1.00,1.00
2017.07.28 13:42:22.098,1.45208,1.45223,3.37,1.00
2017.07.28 13:42:22.149,1.45212,1.45226,1.00,1.75
2017.07.28 13:42:22.201,1.45211,1.45228,3.00,1.87
2017.07.28 13:42:22.253,1.45212,1.45229,1.87,1.75
2017.07.28 13:42:22.304,1.45213,1.45229,1.87,2.25
2017.07.28 13:42:22.905,1.45214,1.45229,1.00,1.87
2017.07.28 13:42:23.486,1.45213,1.45228,1.87,1.12
2017.07.28 13:42:24.014,1.45213,1.4523,1.87,1.87
2017.07.28 13:42:24.551,1.45214,1.45229,1.00,1.00
2017.07.28 13:42:25.098,1.45214,1.45231,3.75,1.87
2017.07.28 13:42:25.149,1.4522,1.45232,1.00,2.25
2017.07.28 13:42:25.748,1.4522,1.45232,1.00,1.12
2017.07.28 13:42:26.265,1.45223,1.45233,1.00,1.87
2017.07.28 13:42:26.520,1.45221,1.45233,1.00,1.37
2017.07.28 13:42:26.720,1.45223,1.45234,1.00,2.25
2017.07.28 13:42:27.232,1.45222,1.45235,1.00,1.50
2017.07.28 13:42:27.694,1.45225,1.45237,1.00,1.37
2017.07.28 13:42:27.917,1.45227,1.4524,1.00,2.25
2017.07.28 13:42:28.448,1.45228,1.45239,1.00,1.12
2017.07.28 13:42:28.922,1.45224,1.45238,1.00,1.12
2017.07.28 13:42:29.101,1.45228,1.4524,1.00,2.62
2017.07.28 13:42:29.410,1.45231,1.45242,1.37,1.00
2017.07.28 13:42:29.513,1.45233,1.45246,1.00,1.62
2017.07.28 13:42:30.020,1.45233,1.45245,1.00,1.69
2017.07.28 13:42:30.532,1.45232,1.45245,1.00,1.87
2017.07.28 13:42:30.584,1.45228,1.45243,1.87,2.25
2017.07.28 13:42:30.687,1.45226,1.45241,2.06,1.12
2017.07.28 13:42:30.738,1.45228,1.45241,1.00,1.12
2017.07.28 13:42:31.049,1.45232,1.45243,1.00,1.12
2017.07.28 13:42:31.560,1.45232,1.45244,1.00,1.87
2017.07.28 13:42:31.956,1.4523,1.45244,1.00,1.12
2017.07.28 13:42:32.161,1.45233,1.45244,1.00,1.50
2017.07.28 13:42:32.416,1.45234,1.45247,1.00,1.37
2017.07.28 13:42:32.519,1.45236,1.45248,1.00,1.12
2017.07.28 13:42:32.621,1.45237,1.45249,1.00,1.37
2017.07.28 13:42:33.125,1.45237,1.45249,1.00,1.00
2017.07.28 13:42:33.380,1.45235,1.4525,1.00,1.50
2017.07.28 13:42:33.891,1.45236,1.4525,1.25,1.87
2017.07.28 13:42:34.626,1.45238,1.4525,1.19,1.37
2017.07.28 13:42:34.729,1.45238,1.45252,1.19,1.00
2017.07.28 13:42:34.985,1.45238,1.4525,1.00,1.12
2017.07.28 13:42:35.496,1.45237,1.4525,1.00,2.62
2017.07.28 13:42:36.010,1.45238,1.45251,1.00,2.25
2017.07.28 13:42:36.520,1.45237,1.4525,1.00,1.87
2017.07.28 13:42:36.877,1.45233,1.45247,1.00,3.00
2017.07.28 13:42:36.980,1.4523,1.45244,1.50,1.37
2017.07.28 13:42:37.087,1.45229,1.45244,1.00,2.25
2017.07.28 13:42:37.140,1.45232,1.45239,1.00,1.00
2017.07.28 13:42:37.245,1.45234,1.45244,1.00,1.12
2017.07.28 13:42:37.298,1.45235,1.45245,1.00,1.00
2017.07.28 13:42:37.814,1.45233,1.4525,2.06,2.25
2017.07.28 13:42:37.866,1.45233,1.4525,2.06,1.87
2017.07.28 13:42:38.383,1.45231,1.45247,1.37,1.12
2017.07.28 13:42:38.540,1.45229,1.45246,1.31,1.12
2017.07.28 13:42:38.593,1.4523,1.45244,1.00,1.37
2017.07.28 13:42:38.799,1.45232,1.45248,1.12,1.87
2017.07.28 13:42:39.792,1.45232,1.45247,2.25,1.37
2017.07.28 13:42:39.843,1.45233,1.45248,1.37,1.12
2017.07.28 13:42:40.360,1.45233,1.45248,1.87,1.12
2017.07.28 13:42:40.870,1.45234,1.45248,1.12,1.12
2017.07.28 13:42:41.422,1.45232,1.45249,1.94,1.00
2017.07.28 13:42:41.475,1.45232,1.45248,1.12,2.44
2017.07.28 13:42:41.682,1.4523,1.45247,2.62,1.50
2017.07.28 13:42:41.734,1.4523,1.45247,1.87,1.50
2017.07.28 13:42:42.258,1.4523,1.45248,1.12,2.62
2017.07.28 13:42:43.622,1.45231,1.45248,1.50,3.75
2017.07.28 13:42:44.083,1.45231,1.45248,1.50,2.62
2017.07.28 13:42:44.595,1.45233,1.45248,1.00,1.12
2017.07.28 13:42:45.208,1.45233,1.45246,1.00,1.12
2017.07.28 13:42:45.259,1.4523,1.45246,1.12,1.87
2017.07.28 13:42:45.312,1.45229,1.45245,1.00,1.56
2017.07.28 13:42:45.415,1.45227,1.45242,1.00,2.25
2017.07.28 13:42:45.467,1.45227,1.45242,1.00,2.25
2017.07.28 13:42:45.660,1.4523,1.45246,1.50,1.00
2017.07.28 13:42:46.171,1.45231,1.45247,1.87,1.50
2017.07.28 13:42:46.775,1.45232,1.45247,1.00,1.50
2017.07.28 13:42:47.990,1.45233,1.45248,1.00,2.62
2017.07.28 13:42:48.507,1.45232,1.45248,1.00,1.87
2017.07.28 13:42:49.051,1.45231,1.45247,1.12,1.00
2017.07.28 13:42:49.265,1.45234,1.45248,1.00,1.12
2017.07.28 13:42:49.836,1.45233,1.45249,1.00,2.06
2017.07.28 13:42:50.348,1.45232,1.4525,2.25,2.62
2017.07.28 13:42:50.451,1.45232,1.45248,1.12,1.00
2017.07.28 13:42:51.079,1.45231,1.45248,2.44,2.25
2017.07.28 13:42:51.843,1.45232,1.45249,1.12,2.62
2017.07.28 13:42:52.344,1.45232,1.45249,1.31,1.87
2017.07.28 13:42:53.229,1.45234,1.45248,1.00,1.00
2017.07.28 13:42:53.454,1.45232,1.45248,1.87,1.00
2017.07.28 13:42:53.506,1.45231,1.45245,1.12,1.50
2017.07.28 13:42:53.771,1.45228,1.45242,1.00,1.00
2017.07.28 13:42:54.522,1.45227,1.45242,1.00,1.00
2017.07.28 13:42:55.382,1.45228,1.45242,1.00,1.87
2017.07.28 13:42:55.435,1.45232,1.45242,1.00,1.00
2017.07.28 13:42:55.590,1.45231,1.45248,1.87,1.87
2017.07.28 13:42:55.798,1.45233,1.45248,1.00,2.62
2017.07.28 13:42:56.139,1.45236,1.45248,1.00,1.12
2017.07.28 13:42:56.295,1.45236,1.45251,1.00,1.00
2017.07.28 13:42:57.198,1.45234,1.4525,1.69,1.50
2017.07.28 13:42:57.508,1.45237,1.45251,1.00,1.00
2017.07.28 13:42:57.816,1.45239,1.45251,1.00,1.00
2017.07.28 13:42:58.615,1.4524,1.45253,1.00,1.37
2017.07.28 13:42:58.667,1.45241,1.45254,1.00,1.50
2017.07.28 13:42:59.280,1.45242,1.45253,1.00,1.00
2017.07.28 13:42:59.383,1.45244,1.45256,1.00,1.75
2017.07.28 13:42:59.486,1.45241,1.45258,3.19,1.50
2017.07.28 13:42:59.721,1.45247,1.45261,1.00,1.37
2017.07.28 13:42:59.824,1.45247,1.45262,1.00,1.50
2017.07.28 13:43:00.334,1.45245,1.45261,3.37,1.00
2017.07.28 13:43:00.592,1.45249,1.45264,1.00,3.00
2017.07.28 13:43:00.759,1.45247,1.45263,2.62,1.50
2017.07.28 13:43:00.915,1.45249,1.45263,1.00,1.12
2017.07.28 13:43:01.424,1.4525,1.45264,1.00,1.37
2017.07.28 13:43:01.884,1.4525,1.45266,1.00,3.00
2017.07.28 13:43:01.986,1.45252,1.45266,1.00,1.00
2017.07.28 13:43:02.386,1.45254,1.45267,1.00,1.12
2017.07.28 13:43:02.904,1.45253,1.45267,1.50,1.00
2017.07.28 13:43:03.416,1.45254,1.45268,1.00,1.00
2017.07.28 13:43:03.917,1.45253,1.45268,2.06,1.00
2017.07.28 13:43:04.225,1.45256,1.45271,1.56,1.87
2017.07.28 13:43:04.620,1.45256,1.45268,1.50,1.00
2017.07.28 13:43:04.671,1.45254,1.45269,1.87,1.87
2017.07.28 13:43:04.723,1.45253,1.45267,2.44,1.00
2017.07.28 13:43:05.234,1.45251,1.45266,3.56,1.00
2017.07.28 13:43:05.758,1.45251,1.45266,2.81,1.00
2017.07.28 13:43:06.272,1.45251,1.45267,2.06,1.00
2017.07.28 13:43:06.691,1.45251,1.45262,1.37,1.00
2017.07.28 13:43:06.744,1.45251,1.45264,1.00,1.12
2017.07.28 13:43:07.273,1.4525,1.45266,1.31,1.50
2017.07.28 13:43:07.325,1.45249,1.45264,1.69,1.50
2017.07.28 13:43:07.376,1.45248,1.45262,1.50,1.50
2017.07.28 13:43:07.869,1.45249,1.45266,2.06,1.50
2017.07.28 13:43:08.073,1.45251,1.45266,2.06,1.00
2017.07.28 13:43:08.583,1.4525,1.45265,2.06,1.00
2017.07.28 13:43:09.093,1.45251,1.45266,1.31,1.50
2017.07.28 13:43:09.616,1.45251,1.45265,1.31,1.00
2017.07.28 13:43:09.925,1.45247,1.45261,3.19,1.00
2017.07.28 13:43:10.028,1.45246,1.4526,1.50,1.50
2017.07.28 13:43:10.533,1.45243,1.45259,1.87,1.87
2017.07.28 13:43:10.788,1.45241,1.45254,1.75,1.00
2017.07.28 13:43:10.994,1.45238,1.45252,1.37,1.50
2017.07.28 13:43:11.510,1.45237,1.45252,2.06,1.00
2017.07.28 13:43:11.817,1.45236,1.4525,2.06,1.00
2017.07.28 13:43:11.869,1.45236,1.45251,1.00,1.12
2017.07.28 13:43:12.074,1.45238,1.45251,1.00,1.50
2017.07.28 13:43:12.126,1.45236,1.45251,1.31,1.50
2017.07.28 13:43:12.384,1.45236,1.45252,1.31,1.12
2017.07.28 13:43:12.627,1.45238,1.45254,1.87,1.00
2017.07.28 13:43:12.729,1.45236,1.45251,3.19,1.00
2017.07.28 13:43:13.240,1.45238,1.45252,1.62,1.00
2017.07.28 13:43:13.766,1.45237,1.45254,3.00,1.00
2017.07.28 13:43:14.278,1.45241,1.45254,1.00,1.00
2017.07.28 13:43:14.670,1.45246,1.45259,1.00,1.50
2017.07.28 13:43:14.926,1.45241,1.45255,1.50,1.50
2017.07.28 13:43:15.182,1.45243,1.45256,1.00,1.50
2017.07.28 13:43:15.590,1.45245,1.45257,1.00,1.00
2017.07.28 13:43:16.127,1.45243,1.45258,1.00,1.50
2017.07.28 13:43:16.230,1.45243,1.45255,1.00,1.00
2017.07.28 13:43:16.536,1.45243,1.45258,1.00,1.87
2017.07.28 13:43:16.742,1.45243,1.45252,1.00,1.00
2017.07.28 13:43:16.848,1.45241,1.45253,1.00,1.00
2017.07.28 13:43:17.060,1.45239,1.45253,1.12,1.00
2017.07.28 13:43:17.165,1.4524,1.45249,1.00,1.00
2017.07.28 13:43:17.219,1.4524,1.45251,1.00,1.50
2017.07.28 13:43:17.271,1.45238,1.45249,1.00,1.00
2017.07.28 13:43:17.727,1.45232,1.45249,2.06,1.37
2017.07.28 13:43:18.037,1.45236,1.45249,1.00,2.62
2017.07.28 13:43:18.242,1.45234,1.45248,1.00,1.12
2017.07.28 13:43:18.791,1.45235,1.45249,1.00,1.50
2017.07.28 13:43:19.352,1.45234,1.45248,1.00,1.12
2017.07.28 13:43:19.856,1.45235,1.45248,1.00,1.00
2017.07.28 13:43:20.077,1.45231,1.45246,1.12,1.12
2017.07.28 13:43:20.129,1.45231,1.45246,1.12,1.87
2017.07.28 13:43:20.437,1.45232,1.45243,1.00,1.50
2017.07.28 13:43:20.946,1.45231,1.45243,1.00,2.25
2017.07.28 13:43:21.151,1.45233,1.4525,1.50,2.25
2017.07.28 13:43:21.203,1.45232,1.45248,3.56,1.00
2017.07.28 13:43:21.714,1.45236,1.45248,1.00,1.12
2017.07.28 13:43:22.055,1.45235,1.45244,1.00,2.25
2017.07.28 13:43:22.107,1.4523,1.45244,1.00,2.62
2017.07.28 13:43:22.159,1.45232,1.45244,1.00,1.50
2017.07.28 13:43:22.465,1.4523,1.45246,2.25,3.37
2017.07.28 13:43:22.567,1.45232,1.45245,1.00,1.12
2017.07.28 13:43:22.874,1.45234,1.45245,1.00,1.12
2017.07.28 13:43:23.145,1.45234,1.45247,1.00,2.25
2017.07.28 13:43:23.301,1.45232,1.45247,1.12,1.50
2017.07.28 13:43:23.612,1.45232,1.45245,1.12,1.00
2017.07.28 13:43:23.664,1.4523,1.45245,1.50,1.00
2017.07.28 13:43:23.716,1.4523,1.45243,1.50,1.00
2017.07.28 13:43:23.768,1.45228,1.45242,1.00,1.00
2017.07.28 13:43:24.728,1.45226,1.45241,1.87,1.00
2017.07.28 13:43:25.088,1.45228,1.4524,1.00,1.00
2017.07.28 13:43:25.355,1.45222,1.45237,1.12,1.87
2017.07.28 13:43:25.407,1.45223,1.45235,1.00,1.00
2017.07.28 13:43:25.665,1.45221,1.45235,1.00,1.12
2017.07.28 13:43:26.177,1.45218,1.45235,3.37,1.12
2017.07.28 13:43:26.332,1.45219,1.45233,1.37,1.00
2017.07.28 13:43:26.543,1.45218,1.45233,2.62,1.00
2017.07.28 13:43:26.596,1.45217,1.4523,1.37,1.00
2017.07.28 13:43:26.648,1.45215,1.4523,2.25,1.00
2017.07.28 13:43:26.700,1.45216,1.45232,1.37,1.12
2017.07.28 13:43:26.854,1.45218,1.45235,1.12,2.62
2017.07.28 13:43:27.220,1.45221,1.45236,1.00,1.50
2017.07.28 13:43:27.272,1.45219,1.45236,2.25,1.50
2017.07.28 13:43:27.479,1.4522,1.45236,1.50,1.12
2017.07.28 13:43:27.735,1.45225,1.45241,2.25,1.12
2017.07.28 13:43:29.211,1.45227,1.45241,1.00,1.00
2017.07.28 13:43:29.786,1.45226,1.45241,1.87,1.00
2017.07.28 13:43:30.092,1.45225,1.45239,2.25,1.00
2017.07.28 13:43:31.572,1.45228,1.45236,1.00,1.00
2017.07.28 13:43:31.623,1.45224,1.45236,1.00,1.00
2017.07.28 13:43:31.725,1.45221,1.45233,1.69,1.00
2017.07.28 13:43:32.032,1.45223,1.45235,1.12,1.00
2017.07.28 13:43:32.188,1.45225,1.45239,1.87,1.00
2017.07.28 13:43:32.700,1.45225,1.45238,1.50,1.00
2017.07.28 13:43:33.079,1.45229,1.45241,1.00,1.00
2017.07.28 13:43:33.386,1.45227,1.45239,1.12,1.00
2017.07.28 13:43:33.771,1.4523,1.45239,1.00,1.00
2017.07.28 13:43:33.822,1.45227,1.45239,1.50,1.00
2017.07.28 13:43:34.355,1.45226,1.45238,1.87,1.00
2017.07.28 13:43:35.226,1.45225,1.45238,2.25,1.00
2017.07.28 13:43:35.278,1.45227,1.45238,1.00,1.00
2017.07.28 13:43:35.588,1.45227,1.4524,2.62,1.00
2017.07.28 13:43:35.744,1.45229,1.45243,1.00,1.00
2017.07.28 13:43:35.801,1.45229,1.45246,1.00,2.25
2017.07.28 13:43:35.854,1.4523,1.45246,1.87,1.31
2017.07.28 13:43:36.199,1.45234,1.4525,2.19,1.37
2017.07.28 13:43:36.352,1.45239,1.45251,1.00,1.31
2017.07.28 13:43:36.609,1.4524,1.45253,1.00,2.25
2017.07.28 13:43:36.818,1.45245,1.45257,1.00,1.12
2017.07.28 13:43:36.870,1.45246,1.45257,1.00,1.00
2017.07.28 13:43:36.921,1.45244,1.4526,1.50,3.37
2017.07.28 13:43:37.025,1.45244,1.4526,1.19,1.50
2017.07.28 13:43:37.232,1.45244,1.45259,1.25,1.50
2017.07.28 13:43:37.284,1.45241,1.45258,1.75,3.00
2017.07.28 13:43:37.521,1.4524,1.45257,2.81,1.50
2017.07.28 13:43:37.835,1.45243,1.45257,1.00,2.25
2017.07.28 13:43:37.939,1.45241,1.45256,1.25,1.50
2017.07.28 13:43:38.042,1.45242,1.45253,1.00,1.00
2017.07.28 13:43:38.601,1.45241,1.45254,1.25,1.12
2017.07.28 13:43:38.703,1.45241,1.45256,1.25,2.62
2017.07.28 13:43:39.009,1.45241,1.45253,1.25,1.00
2017.07.28 13:43:39.060,1.4524,1.45255,1.19,1.00
2017.07.28 13:43:39.213,1.45243,1.45254,1.00,1.00
2017.07.28 13:43:39.423,1.45241,1.45256,1.00,2.62
2017.07.28 13:43:39.576,1.45241,1.45254,1.00,1.00
2017.07.28 13:43:39.832,1.45242,1.45257,1.00,3.19
2017.07.28 13:43:39.986,1.45242,1.45253,1.00,1.00
2017.07.28 13:43:40.038,1.45241,1.45255,1.25,1.00
2017.07.28 13:43:40.141,1.45243,1.45257,1.00,3.19
2017.07.28 13:43:40.459,1.45244,1.45254,1.00,1.00
2017.07.28 13:43:40.561,1.45242,1.45255,1.25,1.87
2017.07.28 13:43:40.715,1.45241,1.45253,1.00,2.25
2017.07.28 13:43:40.870,1.45238,1.45253,1.25,1.50
2017.07.28 13:43:40.973,1.4524,1.45254,1.00,1.50
2017.07.28 13:43:41.500,1.45239,1.45255,1.00,2.25
2017.07.28 13:43:41.850,1.45241,1.45255,1.00,1.87
2017.07.28 13:43:42.004,1.45239,1.45255,1.25,1.12
2017.07.28 13:43:42.107,1.4524,1.45253,1.00,1.00
2017.07.28 13:43:42.696,1.45238,1.45252,2.44,1.00
2017.07.28 13:43:43.208,1.45238,1.45251,1.50,1.00
2017.07.28 13:43:43.538,1.45237,1.45249,2.25,1.00
2017.07.28 13:43:43.691,1.45239,1.45251,1.00,1.00
2017.07.28 13:43:44.254,1.45238,1.45251,1.00,1.00
2017.07.28 13:43:44.812,1.45237,1.45252,2.81,1.87
2017.07.28 13:43:44.864,1.4524,1.45253,1.00,1.37
2017.07.28 13:43:44.915,1.45237,1.45253,1.31,1.87
2017.07.28 13:43:45.375,1.4524,1.45252,1.00,1.00
2017.07.28 13:43:45.478,1.45238,1.45252,1.00,1.00
2017.07.28 13:43:45.843,1.45236,1.45252,2.44,1.00
2017.07.28 13:43:45.946,1.45236,1.45252,2.81,1.00
2017.07.28 13:43:46.459,1.45237,1.45253,2.81,1.12
2017.07.28 13:43:46.763,1.45235,1.45249,2.06,1.00
2017.07.28 13:43:47.276,1.45236,1.45252,1.44,2.25
2017.07.28 13:43:47.690,1.45235,1.45252,4.50,1.87
2017.07.28 13:43:47.844,1.45237,1.45253,1.37,1.37
2017.07.28 13:43:47.949,1.4524,1.45256,1.31,1.50
2017.07.28 13:43:48.000,1.45242,1.45257,1.31,1.00
2017.07.28 13:43:48.154,1.45244,1.45259,1.31,1.12
2017.07.28 13:43:48.598,1.45243,1.45257,2.06,1.00
2017.07.28 13:43:48.905,1.45244,1.45259,1.50,1.12
2017.07.28 13:43:49.468,1.45243,1.45259,1.19,2.25
2017.07.28 13:43:49.988,1.45245,1.45259,1.25,1.00
2017.07.28 13:43:50.142,1.45249,1.4526,1.87,1.00
2017.07.28 13:43:50.245,1.4525,1.45265,1.00,1.00
2017.07.28 13:43:50.348,1.45248,1.45262,1.19,1.87
2017.07.28 13:43:50.451,1.45246,1.45261,1.56,1.50
2017.07.28 13:43:50.656,1.45244,1.45258,1.12,1.00
2017.07.28 13:43:50.810,1.45243,1.45258,4.12,1.00
2017.07.28 13:43:50.914,1.45243,1.4526,2.25,1.87
2017.07.28 13:43:50.967,1.45242,1.45257,2.06,1.00
2017.07.28 13:43:51.070,1.45242,1.45258,1.69,1.00
2017.07.28 13:43:51.121,1.45242,1.45258,1.19,1.00
2017.07.28 13:43:51.376,1.45241,1.45258,3.19,2.44
2017.07.28 13:43:51.479,1.45242,1.45256,1.00,1.12
2017.07.28 13:43:51.787,1.45245,1.45257,1.00,1.50
2017.07.28 13:43:51.946,1.45243,1.45259,1.87,3.37
2017.07.28 13:43:52.358,1.45239,1.45253,1.50,1.00
2017.07.28 13:43:52.716,1.45238,1.45254,1.50,1.12
2017.07.28 13:43:52.963,1.45242,1.45254,1.00,1.00
2017.07.28 13:43:53.066,1.45241,1.45256,1.37,1.12
2017.07.28 13:43:53.222,1.45241,1.45254,1.25,1.00
2017.07.28 13:43:53.326,1.45243,1.45258,1.25,1.37
2017.07.28 13:43:53.532,1.45243,1.4526,1.69,3.75
2017.07.28 13:43:53.693,1.45244,1.45257,1.19,1.00
2017.07.28 13:43:53.748,1.45242,1.45256,2.06,1.12
2017.07.28 13:43:53.799,1.45242,1.45252,1.00,1.00
2017.07.28 13:43:53.953,1.45239,1.45252,1.37,1.12
2017.07.28 13:43:54.107,1.45236,1.4525,2.06,1.00
2017.07.28 13:43:54.158,1.45236,1.4525,1.69,1.00
2017.07.28 13:43:54.709,1.45238,1.45254,1.37,1.12
2017.07.28 13:43:55.015,1.45243,1.45254,1.12,1.50
2017.07.28 13:43:55.532,1.4524,1.45252,1.37,1.87
2017.07.28 13:43:55.583,1.45236,1.45251,1.31,1.87
2017.07.28 13:43:55.737,1.45235,1.45248,1.69,1.50
2017.07.28 13:43:55.839,1.45234,1.45248,1.87,1.00
2017.07.28 13:43:55.891,1.45234,1.45248,1.87,1.00
2017.07.28 13:43:56.248,1.45234,1.45249,1.31,1.00
2017.07.28 13:43:56.353,1.45238,1.4525,1.12,1.50
2017.07.28 13:43:56.677,1.45237,1.45248,1.12,1.00
2017.07.28 13:43:56.729,1.45236,1.45247,1.50,1.00
2017.07.28 13:43:57.036,1.45235,1.4525,1.37,1.00
2017.07.28 13:43:57.618,1.45236,1.45249,1.12,1.00
2017.07.28 13:43:57.823,1.45236,1.45247,1.12,1.00
2017.07.28 13:43:57.976,1.45233,1.45247,1.50,1.37
2017.07.28 13:43:58.080,1.45236,1.45249,1.00,1.87
2017.07.28 13:43:58.132,1.45236,1.45249,1.00,1.12
2017.07.28 13:43:58.184,1.45238,1.45249,1.00,1.12
2017.07.28 13:43:58.566,1.45231,1.45242,1.37,1.00
2017.07.28 13:43:58.620,1.45235,1.45245,1.00,1.37
2017.07.28 13:43:58.775,1.45233,1.45248,2.62,1.50
2017.07.28 13:43:58.881,1.45237,1.4525,1.12,1.87
2017.07.28 13:43:59.343,1.45237,1.45251,1.12,1.00
2017.07.28 13:43:59.901,1.45238,1.4525,1.00,1.00
2017.07.28 13:44:00.005,1.45238,1.45252,1.37,1.50
2017.07.28 13:44:00.108,1.45239,1.45255,1.12,1.50
2017.07.28 13:44:00.316,1.4524,1.4525,1.00,1.00
2017.07.28 13:44:00.508,1.45238,1.45252,1.50,1.00
2017.07.28 13:44:00.816,1.4524,1.45254,1.00,1.12
2017.07.28 13:44:01.328,1.45239,1.45255,1.50,1.12
2017.07.28 13:44:01.381,1.45244,1.45255,1.12,1.00
2017.07.28 13:44:01.600,1.45245,1.45259,1.50,1.50
2017.07.28 13:44:01.806,1.45243,1.45255,1.75,1.00
2017.07.28 13:44:01.961,1.45239,1.45252,1.00,1.50
2017.07.28 13:44:02.014,1.45242,1.45253,1.00,2.25
2017.07.28 13:44:02.117,1.45243,1.45257,1.12,1.50
2017.07.28 13:44:02.169,1.45241,1.45255,1.75,1.37
2017.07.28 13:44:02.403,1.45238,1.45252,1.19,1.12
2017.07.28 13:44:02.660,1.45237,1.45252,1.69,1.50
2017.07.28 13:44:02.965,1.45239,1.45253,1.00,1.87
2017.07.28 13:44:03.475,1.4524,1.45253,1.00,1.12
2017.07.28 13:44:03.783,1.45239,1.45252,1.12,1.50
2017.07.28 13:44:04.192,1.45241,1.45254,1.00,1.12
2017.07.28 13:44:04.244,1.45241,1.45255,1.00,1.87
2017.07.28 13:44:04.296,1.45239,1.45255,2.62,1.87
2017.07.28 13:44:04.802,1.45238,1.45253,1.87,1.50
2017.07.28 13:44:05.312,1.45238,1.45253,1.00,1.50
2017.07.28 13:44:05.568,1.4524,1.45254,1.00,2.25
2017.07.28 13:44:05.875,1.45244,1.45257,1.00,1.00
2017.07.28 13:44:06.437,1.45243,1.45258,1.50,1.87
2017.07.28 13:44:07.186,1.45243,1.45256,1.69,1.00
2017.07.28 13:44:07.852,1.45242,1.45257,1.69,1.00
2017.07.28 13:44:08.159,1.45242,1.45257,1.69,1.75
2017.07.28 13:44:08.560,1.45243,1.4526,1.25,3.56
2017.07.28 13:44:08.611,1.45245,1.4526,1.31,2.06
2017.07.28 13:44:09.193,1.45246,1.45259,1.12,1.50
2017.07.28 13:44:09.763,1.45246,1.4526,1.31,1.12
2017.07.28 13:44:10.429,1.45245,1.4526,1.37,1.37
2017.07.28 13:44:10.737,1.45242,1.45254,1.12,1.00
2017.07.28 13:44:11.045,1.45244,1.45257,1.00,1.87
2017.07.28 13:44:11.250,1.45241,1.45255,1.87,1.00
2017.07.28 13:44:11.812,1.45241,1.45257,1.69,2.06
2017.07.28 13:44:11.965,1.4524,1.45255,1.31,1.00
2017.07.28 13:44:12.068,1.4524,1.45255,1.25,1.00
2017.07.28 13:44:12.221,1.45238,1.45253,2.25,1.69
2017.07.28 13:44:12.323,1.45238,1.45254,2.25,2.25
2017.07.28 13:44:12.669,1.45238,1.45252,1.31,1.37
2017.07.28 13:44:12.975,1.45239,1.45254,1.50,1.87
2017.07.28 13:44:13.281,1.45239,1.45253,1.50,1.00
2017.07.28 13:44:13.784,1.45238,1.45253,1.00,1.50
2017.07.28 13:44:14.294,1.45237,1.45252,1.87,1.00
2017.07.28 13:44:14.802,1.45238,1.45254,1.00,2.62
2017.07.28 13:44:15.314,1.45237,1.45252,1.50,1.00
2017.07.28 13:44:15.366,1.45236,1.45249,1.87,1.00
2017.07.28 13:44:15.572,1.45238,1.45252,1.00,1.00
2017.07.28 13:44:16.551,1.45237,1.4525,1.37,1.00
2017.07.28 13:44:16.704,1.45236,1.45249,1.50,1.00
2017.07.28 13:44:17.097,1.45234,1.45248,1.00,1.00
2017.07.28 13:44:17.200,1.45232,1.45248,1.50,1.00
2017.07.28 13:44:17.441,1.45233,1.45246,1.00,1.00
2017.07.28 13:44:17.543,1.45232,1.45248,1.50,1.00
2017.07.28 13:44:18.207,1.45236,1.45248,1.00,1.00
2017.07.28 13:44:18.522,1.45239,1.45251,1.12,1.00
2017.07.28 13:44:18.849,1.45239,1.45249,1.12,1.00
2017.07.28 13:44:19.060,1.45238,1.45251,1.50,1.00
2017.07.28 13:44:19.309,1.45236,1.45249,1.37,1.00
2017.07.28 13:44:19.465,1.45235,1.4525,2.25,1.00
2017.07.28 13:44:19.516,1.45239,1.4525,1.00,1.00
2017.07.28 13:44:19.568,1.4524,1.45252,1.00,1.12
2017.07.28 13:44:19.621,1.45241,1.45254,1.00,1.00
2017.07.28 13:44:19.775,1.45243,1.45255,1.00,1.12
2017.07.28 13:44:20.321,1.45244,1.45254,1.00,1.00
2017.07.28 13:44:20.476,1.45239,1.45252,1.00,1.00
2017.07.28 13:44:20.732,1.45237,1.45251,1.69,1.00
2017.07.28 13:44:21.253,1.45237,1.4525,1.50,1.00
2017.07.28 13:44:21.871,1.45238,1.45252,1.00,1.50
2017.07.28 13:44:22.286,1.45237,1.45247,1.00,1.00
2017.07.28 13:44:22.389,1.45234,1.45247,1.00,1.00
2017.07.28 13:44:22.544,1.45237,1.45247,1.00,1.00
2017.07.28 13:44:22.648,1.45237,1.45249,1.00,1.12
2017.07.28 13:44:23.085,1.45233,1.45248,1.87,1.00
2017.07.28 13:44:23.392,1.45236,1.45247,1.00,1.50
2017.07.28 13:44:23.444,1.45232,1.45246,2.25,1.00
2017.07.28 13:44:23.495,1.45232,1.45246,1.75,1.00
2017.07.28 13:44:23.547,1.45231,1.45246,1.87,1.12
2017.07.28 13:44:23.599,1.45232,1.45246,1.12,1.12
2017.07.28 13:44:24.109,1.45237,1.45249,1.00,1.37
2017.07.28 13:44:24.161,1.45237,1.45249,1.00,1.12
2017.07.28 13:44:24.571,1.45239,1.45252,1.00,1.87
2017.07.28 13:44:25.080,1.45239,1.45251,1.00,1.00
2017.07.28 13:44:25.273,1.45238,1.45248,1.00,2.62
2017.07.28 13:44:25.427,1.45231,1.45246,1.12,1.50
2017.07.28 13:44:25.940,1.45229,1.45241,1.37,1.00
2017.07.28 13:44:26.044,1.45227,1.45242,2.25,1.37
2017.07.28 13:44:26.277,1.45229,1.45244,1.00,1.50
2017.07.28 13:44:26.791,1.45228,1.45244,3.37,1.50
2017.07.28 13:44:26.844,1.45229,1.45246,1.87,1.50
2017.07.28 13:44:27.366,1.45233,1.45246,1.37,1.00
2017.07.28 13:44:27.570,1.45232,1.45246,1.50,1.50
2017.07.28 13:44:27.913,1.45232,1.45244,1.12,1.00
2017.07.28 13:44:28.118,1.45232,1.45246,1.12,1.87
2017.07.28 13:44:28.221,1.45234,1.45248,1.00,2.25
2017.07.28 13:44:28.429,1.45235,1.45248,1.12,1.37
2017.07.28 13:44:28.824,1.45234,1.45249,1.50,1.00
2017.07.28 13:44:28.876,1.45238,1.45251,1.00,1.87
2017.07.28 13:44:29.132,1.45236,1.45251,1.00,1.37
2017.07.28 13:44:29.235,1.45235,1.45248,1.50,1.00
2017.07.28 13:44:29.709,1.45238,1.45251,1.00,2.25
2017.07.28 13:44:30.050,1.4524,1.45254,1.00,1.87
2017.07.28 13:44:30.101,1.45241,1.45254,1.12,1.50
2017.07.28 13:44:30.306,1.45239,1.45253,1.87,1.12
2017.07.28 13:44:30.357,1.45237,1.4525,2.25,1.00
2017.07.28 13:44:30.409,1.45236,1.45252,1.50,1.87
2017.07.28 13:44:30.461,1.45234,1.45248,1.12,1.50
2017.07.28 13:44:30.513,1.45231,1.45247,1.69,1.87
2017.07.28 13:44:30.966,1.45231,1.45244,1.00,1.00
2017.07.28 13:44:31.437,1.45231,1.45246,1.00,1.00
2017.07.28 13:44:32.570,1.45231,1.45246,2.25,1.00
2017.07.28 13:44:32.775,1.45231,1.45248,2.81,1.12
2017.07.28 13:44:33.032,1.45232,1.45246,1.37,1.00
2017.07.28 13:44:33.212,1.4523,1.45245,1.00,1.00
2017.07.28 13:44:33.724,1.45233,1.45246,1.00,1.50
2017.07.28 13:44:34.769,1.45233,1.45246,1.00,1.87
2017.07.28 13:44:35.077,1.4523,1.45242,1.00,1.37
2017.07.28 13:44:35.128,1.4523,1.45242,1.00,1.00
2017.07.28 13:44:35.429,1.45232,1.45244,1.00,2.62
2017.07.28 13:44:35.531,1.4523,1.45242,1.00,1.00
2017.07.28 13:44:36.042,1.45232,1.45242,1.00,1.00
2017.07.28 13:44:36.195,1.45229,1.45242,1.00,2.44
2017.07.28 13:44:36.247,1.45229,1.45241,1.00,1.37
2017.07.28 13:44:36.404,1.4523,1.45241,1.00,1.12
2017.07.28 13:44:36.507,1.45228,1.45242,1.00,1.37
2017.07.28 13:44:37.018,1.45226,1.45238,1.00,1.12
2017.07.28 13:44:37.354,1.45228,1.45241,1.00,1.75
2017.07.28 13:44:37.762,1.4523,1.45241,1.00,1.75
2017.07.28 13:44:38.086,1.4523,1.45242,1.00,3.00
2017.07.28 13:44:38.804,1.45229,1.45241,1.00,1.37
2017.07.28 13:44:39.302,1.45231,1.45241,1.00,1.12
2017.07.28 13:44:39.764,1.45233,1.45244,1.00,2.25
2017.07.28 13:44:39.816,1.45234,1.45244,1.00,1.12
2017.07.28 13:44:39.868,1.45237,1.45246,1.00,1.37
2017.07.28 13:44:39.920,1.45238,1.45251,1.00,3.56
2017.07.28 13:44:39.971,1.45239,1.45252,1.00,1.31
2017.07.28 13:44:40.023,1.45235,1.45248,1.00,1.12
2017.07.28 13:44:40.456,1.45233,1.45248,1.00,2.25
2017.07.28 13:44:40.815,1.45231,1.45244,1.12,1.00
2017.07.28 13:44:41.020,1.45231,1.45243,1.00,1.37
2017.07.28 13:44:41.351,1.45233,1.45245,1.00,1.37
2017.07.28 13:44:42.104,1.45233,1.45245,1.00,1.00
2017.07.28 13:44:42.617,1.45234,1.45245,1.00,1.87
2017.07.28 13:44:43.399,1.45234,1.45245,1.00,1.87
2017.07.28 13:44:43.504,1.45236,1.45247,1.25,1.50
2017.07.28 13:44:43.607,1.4524,1.4525,1.00,1.00
2017.07.28 13:44:43.660,1.45237,1.45251,1.19,1.50
2017.07.28 13:44:43.764,1.45237,1.4525,1.00,2.25
2017.07.28 13:44:43.816,1.45235,1.45249,1.00,1.12
2017.07.28 13:44:43.868,1.45237,1.45249,1.00,1.12
2017.07.28 13:44:43.921,1.45237,1.4525,1.00,1.50
2017.07.28 13:44:44.200,1.45235,1.45249,1.00,1.37
2017.07.28 13:44:44.609,1.45234,1.45247,1.00,1.87
2017.07.28 13:44:44.915,1.45238,1.45248,1.00,1.00
2017.07.28 13:44:45.437,1.45238,1.45251,1.00,1.87
2017.07.28 13:44:45.641,1.45239,1.45252,1.25,1.37
2017.07.28 13:44:45.693,1.4524,1.45254,1.00,3.37
2017.07.28 13:44:46.000,1.4524,1.45254,1.00,3.00
2017.07.28 13:44:46.307,1.45242,1.45254,1.00,1.12
2017.07.28 13:44:46.812,1.45242,1.45252,1.00,1.00
2017.07.28 13:44:47.323,1.45243,1.45255,1.00,3.37
2017.07.28 13:44:47.680,1.45239,1.45253,1.19,2.62
2017.07.28 13:44:48.191,1.45241,1.45253,1.00,1.87
2017.07.28 13:44:48.698,1.45242,1.45255,1.00,3.37
2017.07.28 13:44:49.261,1.45243,1.45255,1.00,1.87
2017.07.28 13:44:49.618,1.45239,1.45253,1.00,3.75
2017.07.28 13:44:49.698,1.45239,1.45251,1.00,1.12
2017.07.28 13:44:50.966,1.45239,1.45251,1.00,1.12
2017.07.28 13:44:51.477,1.4524,1.45253,1.00,1.37
2017.07.28 13:44:51.988,1.45239,1.45251,1.00,1.12
2017.07.28 13:44:52.581,1.45238,1.45251,1.00,1.87
2017.07.28 13:44:52.885,1.4524,1.4525,1.00,1.12
2017.07.28 13:44:53.395,1.45239,1.4525,1.00,1.12
2017.07.28 13:44:53.614,1.45236,1.45248,1.00,1.12
2017.07.28 13:44:54.124,1.45237,1.45248,1.00,1.00
2017.07.28 13:44:54.674,1.45236,1.45248,1.00,1.00
2017.07.28 13:44:54.981,1.45239,1.45249,1.00,1.37
2017.07.28 13:44:55.033,1.45239,1.45251,1.00,2.25
2017.07.28 13:44:55.577,1.45242,1.45251,1.00,1.00
2017.07.28 13:44:55.731,1.45239,1.45251,1.00,1.12
2017.07.28 13:44:55.782,1.45239,1.4525,1.00,1.37
2017.07.28 13:44:55.936,1.45237,1.4525,1.00,1.37
2017.07.28 13:44:56.090,1.4524,1.45251,1.00,2.25
2017.07.28 13:44:56.142,1.45241,1.45251,1.00,1.50
2017.07.28 13:44:56.296,1.45241,1.45254,1.12,2.44
2017.07.28 13:44:56.814,1.45242,1.45253,1.00,1.00
2017.07.28 13:44:57.378,1.45242,1.45254,1.00,1.50
2017.07.28 13:44:57.773,1.45245,1.45254,1.00,1.12
2017.07.28 13:44:58.083,1.45249,1.45261,1.00,1.87
2017.07.28 13:44:58.950,1.45249,1.45261,1.00,1.50
2017.07.28 13:45:00.137,1.45249,1.45262,1.00,1.50
2017.07.28 13:45:00.651,1.45248,1.45262,1.00,2.06
2017.07.28 13:45:01.062,1.45247,1.45259,1.00,1.00
2017.07.28 13:45:01.569,1.45248,1.45261,1.00,2.81
2017.07.28 13:45:02.212,1.45247,1.45259,1.00,1.12
2017.07.28 13:45:02.722,1.45247,1.45261,1.00,1.25
2017.07.28 13:45:03.148,1.45247,1.45259,1.00,1.00
2017.07.28 13:45:03.539,1.45246,1.45259,1.12,1.69
2017.07.28 13:45:03.847,1.45244,1.45254,1.00,1.00
2017.07.28 13:45:04.157,1.45247,1.45259,1.00,1.50
2017.07.28 13:45:04.208,1.45245,1.45259,1.00,1.69
2017.07.28 13:45:04.718,1.45245,1.45257,1.00,1.50
2017.07.28 13:45:04.769,1.45243,1.45255,1.00,1.12
2017.07.28 13:45:05.025,1.45245,1.45255,1.00,1.12
2017.07.28 13:45:05.179,1.45243,1.45257,1.00,1.69
2017.07.28 13:45:05.436,1.45245,1.45257,1.00,1.69
2017.07.28 13:45:05.691,1.45243,1.45257,1.00,1.69
2017.07.28 13:45:06.202,1.45242,1.45257,1.00,3.19
2017.07.28 13:45:06.254,1.45244,1.45258,1.00,5.06
2017.07.28 13:45:06.661,1.45242,1.45255,1.00,1.12
2017.07.28 13:45:07.201,1.45243,1.45254,1.12,1.00
2017.07.28 13:45:07.303,1.45245,1.45255,1.00,1.69
2017.07.28 13:45:07.825,1.45243,1.45256,1.00,1.50
2017.07.28 13:45:07.929,1.45245,1.45255,1.00,1.50
2017.07.28 13:45:08.829,1.45245,1.45255,1.00,1.69
2017.07.28 13:45:08.881,1.45243,1.45256,1.00,2.81
2017.07.28 13:45:08.933,1.45245,1.45255,1.00,1.69
2017.07.28 13:45:08.985,1.45245,1.45255,1.00,1.12
2017.07.28 13:45:09.190,1.45247,1.4526,1.00,1.87
2017.07.28 13:45:09.343,1.45252,1.45266,1.00,3.19
2017.07.28 13:45:09.865,1.4525,1.45264,1.00,1.50
2017.07.28 13:45:10.377,1.4525,1.45262,1.00,1.00
2017.07.28 13:45:10.429,1.45252,1.45262,1.00,1.00
2017.07.28 13:45:10.531,1.45252,1.45265,1.00,1.69
2017.07.28 13:45:11.297,1.45248,1.45262,1.00,2.62
2017.07.28 13:45:11.349,1.45247,1.45261,1.31,1.87
2017.07.28 13:45:11.451,1.45247,1.45261,1.31,1.00
2017.07.28 13:45:11.657,1.45249,1.45261,1.00,1.50
2017.07.28 13:45:12.118,1.45249,1.45259,1.12,1.00
2017.07.28 13:45:12.419,1.45243,1.45251,1.00,1.00
2017.07.28 13:45:12.624,1.45245,1.45256,1.00,1.75
2017.07.28 13:45:12.677,1.45249,1.45259,1.00,4.35
2017.07.28 13:45:12.729,1.4525,1.45259,1.00,1.00
2017.07.28 13:45:12.832,1.45251,1.45262,1.00,1.12
2017.07.28 13:45:13.346,1.4525,1.45261,1.00,1.00
2017.07.28 13:45:13.854,1.45251,1.45265,1.00,2.81
2017.07.28 13:45:14.711,1.4525,1.45262,1.00,1.00
2017.07.28 13:45:15.375,1.45251,1.45264,1.00,2.06
2017.07.28 13:45:15.525,1.45253,1.45267,1.12,2.81
2017.07.28 13:45:15.628,1.45258,1.45271,1.00,2.44
2017.07.28 13:45:15.731,1.45255,1.4527,1.00,1.69
2017.07.28 13:45:15.782,1.45256,1.45269,1.00,1.87
2017.07.28 13:45:16.440,1.45256,1.45268,1.00,1.37
2017.07.28 13:45:16.542,1.45257,1.45271,1.00,2.44
2017.07.28 13:45:17.054,1.45256,1.45269,1.00,2.06
2017.07.28 13:45:17.458,1.45253,1.45269,1.12,3.75
2017.07.28 13:45:17.511,1.45255,1.45269,1.00,4.31
2017.07.28 13:45:18.023,1.45255,1.45268,1.00,1.69
2017.07.28 13:45:18.585,1.45254,1.45266,1.00,1.12
2017.07.28 13:45:19.325,1.45255,1.45267,1.00,1.37
2017.07.28 13:45:19.827,1.45255,1.45269,1.00,2.81
2017.07.28 13:45:20.136,1.45258,1.4527,1.00,1.69
2017.07.28 13:45:21.158,1.4526,1.45271,1.00,1.69
2017.07.28 13:45:21.500,1.45262,1.45274,1.00,2.06
2017.07.28 13:45:21.558,1.45262,1.45274,1.00,1.69
2017.07.28 13:45:22.069,1.45261,1.45274,1.00,1.69
2017.07.28 13:45:22.678,1.45262,1.45276,1.00,1.94
2017.07.28 13:45:22.730,1.45265,1.45279,1.00,1.31
2017.07.28 13:45:22.834,1.45267,1.45281,1.00,2.81
2017.07.28 13:45:23.794,1.45266,1.45278,1.87,1.00
2017.07.28 13:45:24.001,1.45264,1.45278,1.12,2.25
2017.07.28 13:45:24.206,1.45261,1.45276,1.00,3.56
2017.07.28 13:45:25.034,1.45259,1.45273,1.00,1.65
2017.07.28 13:45:25.137,1.45257,1.4527,1.12,1.00
2017.07.28 13:45:25.480,1.4526,1.45274,1.00,1.69
2017.07.28 13:45:26.510,1.45255,1.45269,1.87,1.25
2017.07.28 13:45:26.614,1.45256,1.45269,1.00,1.69
2017.07.28 13:45:26.717,1.45256,1.45269,1.00,1.25
2017.07.28 13:45:27.332,1.45258,1.45271,1.00,2.06
2017.07.28 13:45:27.634,1.45256,1.45271,1.00,1.94
2017.07.28 13:45:28.094,1.45259,1.45271,1.00,1.37
2017.07.28 13:45:28.147,1.45261,1.45273,1.00,2.00
2017.07.28 13:45:28.198,1.45261,1.45275,1.00,2.40
2017.07.28 13:45:28.556,1.45261,1.45268,1.00,1.19
2017.07.28 13:45:28.761,1.45253,1.45266,2.85,1.25
2017.07.28 13:45:28.812,1.45252,1.45265,1.00,1.12
2017.07.28 13:45:29.222,1.45251,1.45264,1.00,1.69
2017.07.28 13:45:29.782,1.45251,1.45264,1.50,1.31
2017.07.28 13:45:30.295,1.4525,1.45265,1.00,2.44
2017.07.28 13:45:30.601,1.45247,1.45259,2.25,1.00
2017.07.28 13:45:30.703,1.45247,1.45259,1.87,1.00
2017.07.28 13:45:31.288,1.45248,1.45259,1.00,1.50
2017.07.28 13:45:31.492,1.45246,1.4526,2.25,1.65
2017.07.28 13:45:32.002,1.45247,1.4526,1.00,1.27
2017.07.28 13:45:32.465,1.45249,1.45261,1.50,1.37
2017.07.28 13:45:32.517,1.45249,1.45262,1.50,1.00
2017.07.28 13:45:33.079,1.45249,1.45262,1.12,1.50
2017.07.28 13:45:33.182,1.45247,1.45259,2.25,1.62
2017.07.28 13:45:33.336,1.45242,1.45255,1.12,1.50
2017.07.28 13:45:33.506,1.45239,1.45252,1.75,1.50
2017.07.28 13:45:33.610,1.4524,1.45253,1.00,1.50
2017.07.28 13:45:34.121,1.45241,1.45254,1.00,2.96
2017.07.28 13:45:34.879,1.45239,1.45252,1.37,1.12
2017.07.28 13:45:34.931,1.45237,1.4525,1.37,2.59
2017.07.28 13:45:35.241,1.4524,1.45249,1.00,1.44
2017.07.28 13:45:35.295,1.4524,1.45251,1.00,1.56
2017.07.28 13:45:35.487,1.45238,1.4525,1.50,1.19
2017.07.28 13:45:35.998,1.45237,1.4525,1.37,2.44
2017.07.28 13:45:36.102,1.45236,1.45247,1.00,1.12
2017.07.28 13:45:36.649,1.45237,1.4525,1.00,1.94
2017.07.28 13:45:37.364,1.45237,1.45249,1.00,1.19
2017.07.28 13:45:37.839,1.45235,1.45249,1.00,1.50
2017.07.28 13:45:38.148,1.45234,1.45247,1.00,1.00
2017.07.28 13:45:38.455,1.45236,1.45249,1.00,1.31
2017.07.28 13:45:38.921,1.45238,1.45249,1.00,1.37
2017.07.28 13:45:39.448,1.45237,1.45249,1.00,1.87
2017.07.28 13:45:39.500,1.45235,1.45249,1.00,3.37
2017.07.28 13:45:40.319,1.45235,1.45246,1.00,1.00
2017.07.28 13:45:40.474,1.45236,1.45248,1.00,2.62
2017.07.28 13:45:40.934,1.45234,1.45248,1.00,1.87
2017.07.28 13:45:40.985,1.45233,1.45246,1.12,2.59
2017.07.28 13:45:41.493,1.45234,1.45246,1.00,1.12
2017.07.28 13:45:41.801,1.45237,1.45248,1.00,1.75
2017.07.28 13:45:41.955,1.45235,1.45247,1.00,3.00
2017.07.28 13:45:42.474,1.45234,1.45246,1.00,1.00
2017.07.28 13:45:42.996,1.45234,1.45248,1.00,4.12
2017.07.28 13:45:43.047,1.45232,1.45246,1.00,1.37
2017.07.28 13:45:43.151,1.45234,1.45246,1.00,1.37
2017.07.28 13:45:43.465,1.45233,1.45244,1.00,1.46
2017.07.28 13:45:43.517,1.45231,1.45242,1.00,1.46
2017.07.28 13:45:43.574,1.45228,1.45241,1.87,1.00
2017.07.28 13:45:43.780,1.4523,1.45242,1.00,1.50
2017.07.28 13:45:44.718,1.45229,1.45239,1.50,1.25
2017.07.28 13:45:44.874,1.45227,1.4524,1.00,1.00
2017.07.28 13:45:45.180,1.45227,1.4524,1.00,1.87
2017.07.28 13:45:45.693,1.45227,1.4524,1.00,1.00
2017.07.28 13:45:46.247,1.45228,1.4524,1.00,1.37
2017.07.28 13:45:46.762,1.45227,1.45238,1.00,1.87
2017.07.28 13:45:47.069,1.45229,1.4524,1.00,1.00
2017.07.28 13:45:47.667,1.45228,1.4524,1.00,1.00
2017.07.28 13:45:48.029,1.45228,1.45237,1.00,1.00
2017.07.28 13:45:48.081,1.45228,1.45239,1.00,1.00
2017.07.28 13:45:48.133,1.45225,1.45239,1.00,2.59
2017.07.28 13:45:48.184,1.45227,1.45239,1.00,3.71
2017.07.28 13:45:48.542,1.4523,1.45242,1.00,1.87
2017.07.28 13:45:48.688,1.45231,1.45245,1.00,3.00
2017.07.28 13:45:49.200,1.45232,1.45243,1.00,1.00
2017.07.28 13:45:49.303,1.4523,1.45243,1.00,1.50
2017.07.28 13:45:49.456,1.4523,1.45239,1.00,1.00
2017.07.28 13:45:49.904,1.4523,1.45241,1.00,1.00
2017.07.28 13:45:50.416,1.4523,1.45242,1.00,1.50
2017.07.28 13:45:50.723,1.4523,1.4524,1.00,1.00
2017.07.28 13:45:51.032,1.45234,1.45246,1.00,1.00
2017.07.28 13:45:51.545,1.45235,1.45247,1.00,4.50
2017.07.28 13:45:52.001,1.4523,1.4524,1.50,1.50
2017.07.28 13:45:52.512,1.45229,1.4524,1.00,1.00
2017.07.28 13:45:53.038,1.45228,1.45241,1.00,1.87
2017.07.28 13:45:55.389,1.4523,1.45243,1.00,3.94
2017.07.28 13:45:55.905,1.45229,1.45242,1.00,1.00
2017.07.28 13:45:56.213,1.45232,1.45243,1.00,1.00
2017.07.28 13:45:56.369,1.45232,1.45246,1.00,1.50
2017.07.28 13:45:56.873,1.45228,1.45242,1.50,1.37
2017.07.28 13:45:57.193,1.4523,1.4524,1.00,1.50
2017.07.28 13:45:57.500,1.45234,1.45246,1.00,3.75
2017.07.28 13:45:57.807,1.45232,1.45244,1.00,1.00
2017.07.28 13:45:57.858,1.45232,1.45241,1.00,1.00
2017.07.28 13:45:57.952,1.45232,1.45244,1.00,1.50
2017.07.28 13:45:58.004,1.45229,1.45241,1.00,1.37
2017.07.28 13:45:58.056,1.45227,1.45239,1.00,1.00
2017.07.28 13:45:58.159,1.45229,1.4524,1.00,1.12
2017.07.28 13:45:58.212,1.45227,1.45239,1.00,1.12
2017.07.28 13:45:58.370,1.45224,1.45238,1.12,1.00
2017.07.28 13:45:58.423,1.45225,1.45238,1.00,1.12
2017.07.28 13:45:58.528,1.4522,1.45232,1.31,1.00
2017.07.28 13:45:58.581,1.45219,1.45229,1.25,1.00
2017.07.28 13:45:58.928,1.45217,1.45229,1.00,1.87
2017.07.28 13:45:59.438,1.45217,1.45227,1.00,1.00
2017.07.28 13:45:59.645,1.45217,1.45229,1.00,1.50
2017.07.28 13:46:00.161,1.45216,1.45229,1.00,3.00
2017.07.28 13:46:00.671,1.45215,1.45228,1.00,2.25
2017.07.28 13:46:01.206,1.45216,1.45225,1.00,1.00
2017.07.28 13:46:01.732,1.45217,1.45227,1.00,1.87
2017.07.28 13:46:02.302,1.45215,1.45227,1.00,2.25
2017.07.28 13:46:02.354,1.45215,1.45223,1.00,1.00
2017.07.28 13:46:02.458,1.45212,1.45222,1.00,1.00
2017.07.28 13:46:02.510,1.45212,1.45224,1.00,1.50
2017.07.28 13:46:03.036,1.45213,1.45225,1.00,1.37
2017.07.28 13:46:03.552,1.45213,1.45225,1.00,1.00
2017.07.28 13:46:04.096,1.45212,1.45224,1.00,1.87
2017.07.28 13:46:04.303,1.45212,1.45222,1.00,1.00
2017.07.28 13:46:04.354,1.4521,1.45222,1.00,1.00
2017.07.28 13:46:04.662,1.4521,1.45224,1.00,1.87
2017.07.28 13:46:05.182,1.4521,1.45223,1.00,1.12
2017.07.28 13:46:05.694,1.45211,1.45224,1.00,1.50
2017.07.28 13:46:05.848,1.45209,1.4522,1.00,1.00
2017.07.28 13:46:06.195,1.45204,1.45216,1.19,1.37
2017.07.28 13:46:06.707,1.45204,1.45216,1.00,1.37
2017.07.28 13:46:07.031,1.45206,1.45216,1.00,1.37
2017.07.28 13:46:07.339,1.45206,1.45217,1.00,1.12
2017.07.28 13:46:08.061,1.45205,1.45215,1.00,1.00
2017.07.28 13:46:08.114,1.452,1.45213,1.12,1.31
2017.07.28 13:46:08.166,1.45198,1.4521,1.25,1.00
2017.07.28 13:46:08.483,1.45204,1.45216,1.00,1.37
2017.07.28 13:46:08.993,1.45203,1.45215,1.00,1.37
2017.07.28 13:46:09.499,1.45198,1.45211,1.50,1.69
2017.07.28 13:46:09.551,1.45196,1.45207,1.00,1.12
2017.07.28 13:46:10.167,1.45196,1.45207,1.00,2.25
2017.07.28 13:46:10.678,1.45196,1.45207,1.00,2.25
2017.07.28 13:46:10.988,1.45198,1.45208,1.19,1.75
2017.07.28 13:46:11.039,1.45196,1.45209,1.19,1.87
2017.07.28 13:46:11.091,1.45194,1.45205,1.31,1.37
2017.07.28 13:46:11.143,1.45194,1.45203,1.00,1.00
2017.07.28 13:46:11.690,1.45195,1.45205,1.00,1.87
2017.07.28 13:46:11.844,1.45197,1.45208,1.00,1.12
2017.07.28 13:46:12.050,1.452,1.45212,1.00,3.37
2017.07.28 13:46:13.700,1.452,1.45209,1.00,1.00
2017.07.28 13:46:13.751,1.452,1.45211,1.00,1.12
2017.07.28 13:46:14.263,1.45199,1.45212,1.00,1.87
2017.07.28 13:46:14.759,1.45201,1.45211,1.00,1.12
2017.07.28 13:46:14.964,1.45199,1.45211,1.00,1.87
2017.07.28 13:46:15.168,1.45201,1.45211,1.00,1.12
2017.07.28 13:46:16.497,1.452,1.45211,1.00,1.00
2017.07.28 13:46:16.841,1.45199,1.45209,1.00,1.37
2017.07.28 13:46:16.944,1.45197,1.4521,1.00,3.34
2017.07.28 13:46:17.457,1.45194,1.45207,1.00,1.00
2017.07.28 13:46:17.508,1.45196,1.45208,1.00,1.37
2017.07.28 13:46:17.817,1.45198,1.45209,1.00,1.50
2017.07.28 13:46:18.329,1.45197,1.4521,1.00,2.96
2017.07.28 13:46:18.714,1.452,1.45211,1.00,1.84
2017.07.28 13:46:19.225,1.45199,1.45212,1.00,2.25
2017.07.28 13:46:19.381,1.452,1.45212,1.00,1.87
2017.07.28 13:46:19.930,1.45199,1.45212,1.00,1.50
2017.07.28 13:46:19.981,1.45198,1.45212,1.19,1.50
2017.07.28 13:46:20.491,1.452,1.45212,1.25,1.50
2017.07.28 13:46:21.033,1.45201,1.45213,1.00,2.25
2017.07.28 13:46:21.625,1.45202,1.45214,1.00,1.00
2017.07.28 13:46:22.468,1.45202,1.45213,1.00,1.12
2017.07.28 13:46:23.014,1.45201,1.45213,1.00,1.00
2017.07.28 13:46:23.066,1.45199,1.45211,1.00,1.00
2017.07.28 13:46:23.374,1.45201,1.45212,1.00,1.00
2017.07.28 13:46:23.426,1.45199,1.45212,1.00,1.12
2017.07.28 13:46:23.478,1.45198,1.45212,1.00,1.50
2017.07.28 13:46:23.797,1.45202,1.45212,1.00,1.50
2017.07.28 13:46:23.952,1.45198,1.45212,1.00,2.06
2017.07.28 13:46:24.003,1.45199,1.4521,1.00,1.12
2017.07.28 13:46:24.055,1.45197,1.4521,1.00,2.62
2017.07.28 13:46:24.209,1.45199,1.4521,1.00,1.87
2017.07.28 13:46:24.567,1.45197,1.45208,1.00,1.12
2017.07.28 13:46:24.674,1.45197,1.45209,1.00,1.12
2017.07.28 13:46:24.726,1.45201,1.45211,1.00,1.75
2017.07.28 13:46:25.086,1.45199,1.45212,1.00,1.12
2017.07.28 13:46:25.547,1.45201,1.45211,1.00,1.00
2017.07.28 13:46:26.048,1.452,1.45211,1.00,1.00
2017.07.28 13:46:26.558,1.45199,1.45211,1.00,1.00
2017.07.28 13:46:26.894,1.45198,1.45211,1.00,1.50
2017.07.28 13:46:27.407,1.45197,1.45209,1.00,1.00
2017.07.28 13:46:27.936,1.45199,1.4521,1.00,1.37
2017.07.28 13:46:28.245,1.45197,1.45209,1.00,1.00
2017.07.28 13:46:28.604,1.45198,1.45211,1.00,1.12
2017.07.28 13:46:29.015,1.45196,1.45208,1.00,1.50
2017.07.28 13:46:29.526,1.45197,1.45208,1.00,1.50
2017.07.28 13:46:29.577,1.45195,1.45208,1.00,1.50
2017.07.28 13:46:29.680,1.45195,1.45205,1.00,1.12
2017.07.28 13:46:30.404,1.45193,1.45205,1.00,1.12
2017.07.28 13:46:30.610,1.45191,1.45205,1.00,1.12
2017.07.28 13:46:30.661,1.45193,1.45205,1.00,1.12
2017.07.28 13:46:31.124,1.45195,1.45205,1.00,1.50
2017.07.28 13:46:31.385,1.452,1.45212,1.00,1.50
2017.07.28 13:46:32.252,1.45199,1.45212,1.00,1.50
2017.07.28 13:46:32.763,1.452,1.45212,1.00,1.12
2017.07.28 13:46:33.942,1.45201,1.45212,1.00,1.00
2017.07.28 13:46:34.469,1.45202,1.45213,1.00,1.50
2017.07.28 13:46:35.131,1.45204,1.45214,1.00,1.75
2017.07.28 13:46:35.284,1.45209,1.45219,1.00,1.25
2017.07.28 13:46:35.607,1.45209,1.45222,1.00,2.44
2017.07.28 13:46:35.863,1.45205,1.45219,1.00,1.00
2017.07.28 13:46:35.917,1.45206,1.45217,1.00,1.87
2017.07.28 13:46:36.020,1.45206,1.45218,1.00,1.00
2017.07.28 13:46:36.548,1.45205,1.45218,1.00,1.12
2017.07.28 13:46:36.601,1.45205,1.45218,1.00,1.37
2017.07.28 13:46:37.013,1.45205,1.45218,1.00,1.12
2017.07.28 13:46:37.365,1.45207,1.45218,1.00,1.00
2017.07.28 13:46:37.885,1.45206,1.45218,1.00,1.37
2017.07.28 13:46:38.419,1.45207,1.45219,1.00,1.87
2017.07.28 13:46:38.726,1.45207,1.45219,1.00,1.50
2017.07.28 13:46:39.263,1.45207,1.45219,1.00,1.37
2017.07.28 13:46:39.768,1.45208,1.45219,1.00,1.37
2017.07.28 13:46:40.296,1.45207,1.45218,1.00,1.50
2017.07.28 13:46:40.500,1.45209,1.4522,1.00,1.87
2017.07.28 13:46:40.553,1.45207,1.45218,1.00,1.12
2017.07.28 13:46:40.757,1.45207,1.4522,1.00,1.00
2017.07.28 13:46:40.809,1.45207,1.45219,1.00,1.12
2017.07.28 13:46:41.352,1.45208,1.45219,1.00,1.12
2017.07.28 13:46:44.977,1.45207,1.45219,1.00,1.12
2017.07.28 13:46:45.746,1.45208,1.45219,1.00,1.75
2017.07.28 13:46:45.799,1.45207,1.45219,1.00,1.12
2017.07.28 13:46:46.054,1.45209,1.45219,1.00,1.12
2017.07.28 13:46:46.474,1.45207,1.45219,1.00,1.12
2017.07.28 13:46:46.990,1.45208,1.45219,1.00,1.00
2017.07.28 13:46:47.727,1.45204,1.45213,1.69,1.00
2017.07.28 13:46:48.085,1.45203,1.4521,1.37,1.00
2017.07.28 13:46:48.270,1.45204,1.45212,1.00,1.00
2017.07.28 13:46:48.883,1.45203,1.45212,1.50,1.00
2017.07.28 13:46:49.348,1.45204,1.45211,1.37,1.00
2017.07.28 13:46:49.958,1.45204,1.45212,1.87,1.00
2017.07.28 13:46:50.468,1.45203,1.45212,2.06,1.00
2017.07.28 13:46:51.369,1.45204,1.45213,1.12,1.00
2017.07.28 13:46:51.870,1.45204,1.45214,1.00,1.00
2017.07.28 13:46:52.181,1.45204,1.45214,2.25,1.00
2017.07.28 13:46:52.284,1.45204,1.45216,2.25,1.00
2017.07.28 13:46:52.795,1.45205,1.45215,1.37,1.00
2017.07.28 13:46:53.549,1.45204,1.4522,1.31,1.00
2017.07.28 13:46:53.855,1.45204,1.45215,1.31,1.00
2017.07.28 13:46:54.299,1.45201,1.4521,1.87,1.00
2017.07.28 13:46:54.812,1.452,1.45209,1.50,1.00
2017.07.28 13:46:55.119,1.452,1.45207,1.50,1.00
2017.07.28 13:46:55.703,1.452,1.45208,1.50,1.00
2017.07.28 13:46:56.215,1.45202,1.4521,1.50,1.00
2017.07.28 13:46:56.699,1.452,1.45209,3.19,1.00
2017.07.28 13:46:57.005,1.45199,1.45206,1.37,1.00
2017.07.28 13:46:57.516,1.45197,1.45206,2.19,1.00
2017.07.28 13:46:58.058,1.45197,1.45207,1.87,1.00
2017.07.28 13:46:58.603,1.45197,1.45206,1.87,1.00
2017.07.28 13:46:59.123,1.45196,1.45205,1.87,1.00
2017.07.28 13:46:59.632,1.45196,1.45205,1.62,1.00
2017.07.28 13:47:00.091,1.45197,1.45207,2.00,1.00
2017.07.28 13:47:00.451,1.452,1.4521,1.94,1.00
2017.07.28 13:47:00.502,1.45202,1.45211,1.31,1.00
2017.07.28 13:47:00.688,1.45203,1.45213,1.31,1.00
2017.07.28 13:47:00.791,1.45202,1.45211,1.50,1.00
2017.07.28 13:47:01.099,1.45197,1.45205,2.19,1.00
2017.07.28 13:47:01.239,1.45199,1.45207,1.19,1.00
2017.07.28 13:47:01.394,1.452,1.45209,1.37,1.00
2017.07.28 13:47:01.632,1.45205,1.4521,1.37,1.00
2017.07.28 13:47:01.684,1.45206,1.45214,1.50,1.00
2017.07.28 13:47:02.195,1.45206,1.45215,1.62,1.00
2017.07.28 13:47:02.700,1.45208,1.45217,2.06,1.00
2017.07.28 13:47:03.058,1.45207,1.45217,1.00,1.00
2017.07.28 13:47:03.403,1.45206,1.45215,1.62,1.00
2017.07.28 13:47:03.935,1.45206,1.45216,2.06,1.00
2017.07.28 13:47:04.462,1.45206,1.45215,1.25,1.00
2017.07.28 13:47:04.819,1.45203,1.45211,2.25,1.00
2017.07.28 13:47:05.009,1.45201,1.4521,1.12,1.00
2017.07.28 13:47:05.522,1.452,1.4521,1.69,1.00
2017.07.28 13:47:06.084,1.452,1.45211,1.19,1.00
2017.07.28 13:47:06.718,1.452,1.4521,1.19,1.00
2017.07.28 13:47:07.251,1.452,1.45211,1.31,1.00
2017.07.28 13:47:08.063,1.45201,1.45211,1.19,1.00
2017.07.28 13:47:09.467,1.45201,1.45209,1.56,1.00
2017.07.28 13:47:14.503,1.45202,1.45208,1.31,1.00
2017.07.28 13:47:15.635,1.45199,1.45208,1.31,1.00
2017.07.28 13:47:15.891,1.45197,1.45206,2.81,1.00
2017.07.28 13:47:19.620,1.45197,1.45206,1.69,1.00
2017.07.28 13:47:20.759,1.45197,1.45204,1.31,1.00
2017.07.28 13:47:21.778,1.45199,1.45207,1.19,1.00
2017.07.28 13:47:21.882,1.45202,1.45206,1.25,1.00
2017.07.28 13:47:22.371,1.45199,1.45207,1.56,1.00
2017.07.28 13:47:22.627,1.45199,1.45204,1.31,1.00
2017.07.28 13:47:22.832,1.45196,1.45203,2.06,1.00
2017.07.28 13:47:23.909,1.45196,1.45201,1.19,1.00
2017.07.28 13:47:24.011,1.45193,1.452,1.56,1.00
2017.07.28 13:47:24.063,1.45192,1.452,1.69,1.00
2017.07.28 13:47:24.373,1.45192,1.45197,1.25,1.00
2017.07.28 13:47:24.578,1.4519,1.45197,1.31,1.00
2017.07.28 13:47:25.742,1.4519,1.45198,1.31,1.00
2017.07.28 13:47:26.048,1.45189,1.45196,3.19,1.00
2017.07.28 13:47:29.414,1.45191,1.45197,1.00,1.00
2017.07.28 13:47:31.019,1.45189,1.45198,1.31,1.00
2017.07.28 13:47:31.337,1.45188,1.45196,1.81,1.00
2017.07.28 13:47:31.883,1.45188,1.45195,2.06,1.00
2017.07.28 13:47:31.934,1.45188,1.45197,2.06,1.00
2017.07.28 13:47:32.743,1.45188,1.45199,2.44,1.00
2017.07.28 13:47:33.254,1.45191,1.45199,2.44,1.00
2017.07.28 13:47:33.356,1.45198,1.45204,1.00,1.00
2017.07.28 13:47:33.408,1.45196,1.45202,2.06,1.00
2017.07.28 13:47:33.572,1.45193,1.45201,1.69,1.00
2017.07.28 13:47:34.093,1.45192,1.452,1.69,1.00
2017.07.28 13:47:35.205,1.45191,1.45198,2.81,1.00
2017.07.28 13:47:43.300,1.45191,1.45199,1.69,1.00
2017.07.28 13:47:44.339,1.45191,1.452,2.44,1.00
2017.07.28 13:47:44.647,1.45196,1.45204,4.12,1.00
2017.07.28 13:47:46.206,1.45196,1.45206,4.12,1.00
2017.07.28 13:47:46.740,1.452,1.45205,1.25,1.00
2017.07.28 13:47:48.932,1.45197,1.45204,1.94,1.00
2017.07.28 13:47:49.455,1.45198,1.45204,1.19,1.00
2017.07.28 13:47:50.215,1.45198,1.45206,1.19,1.00
2017.07.28 13:47:51.016,1.45199,1.45206,1.62,1.00
2017.07.28 13:47:51.722,1.452,1.45208,1.12,1.00
2017.07.28 13:47:51.774,1.45204,1.4521,1.19,1.00
2017.07.28 13:47:51.932,1.45204,1.4521,1.19,1.00
2017.07.28 13:47:52.085,1.45204,1.45212,1.31,1.00
2017.07.28 13:47:52.599,1.45205,1.45211,1.19,1.00
2017.07.28 13:47:53.113,1.45204,1.45212,2.06,1.00
2017.07.28 13:47:53.249,1.45206,1.4521,1.25,1.00
2017.07.28 13:47:53.351,1.45204,1.4521,1.00,1.00
2017.07.28 13:47:53.708,1.45202,1.45208,1.50,1.00
2017.07.28 13:47:54.052,1.45198,1.45205,1.19,1.00
2017.07.28 13:47:54.207,1.45198,1.45203,1.12,1.00
2017.07.28 13:47:55.913,1.45199,1.45204,1.00,1.00
2017.07.28 13:47:56.423,1.45198,1.45204,1.12,1.00
2017.07.28 13:47:56.951,1.45197,1.45204,1.12,1.00
2017.07.28 13:47:57.717,1.45199,1.45203,1.00,1.00
2017.07.28 13:47:57.983,1.45197,1.45203,1.12,1.00
2017.07.28 13:47:58.819,1.45196,1.45201,1.00,1.00
2017.07.28 13:47:58.870,1.45194,1.45198,1.12,1.00
2017.07.28 13:47:59.104,1.45191,1.45197,1.00,1.00
2017.07.28 13:47:59.207,1.45189,1.45195,2.44,1.00
2017.07.28 13:47:59.258,1.4519,1.45198,1.25,1.00
2017.07.28 13:47:59.311,1.45193,1.45199,1.19,1.00
2017.07.28 13:47:59.772,1.45194,1.45201,1.37,1.00
2017.07.28 13:48:00.139,1.4519,1.45198,3.94,1.00
2017.07.28 13:48:00.190,1.45191,1.45198,1.25,1.00
2017.07.28 13:48:00.292,1.45192,1.452,1.00,1.00
2017.07.28 13:48:00.599,1.45193,1.45198,1.12,1.00
2017.07.28 13:48:00.752,1.4519,1.45196,2.44,1.00
2017.07.28 13:48:01.194,1.45192,1.452,2.81,1.00
2017.07.28 13:48:01.246,1.45195,1.45202,1.19,1.00
2017.07.28 13:48:01.758,1.45195,1.45203,1.31,1.00
2017.07.28 13:48:02.955,1.45196,1.45204,1.25,1.00
2017.07.28 13:48:03.211,1.45199,1.45204,1.19,1.00
2017.07.28 13:48:03.466,1.45199,1.45206,2.25,1.00
2017.07.28 13:48:03.570,1.452,1.45206,2.06,1.00
2017.07.28 13:48:03.656,1.452,1.45206,1.87,1.00
2017.07.28 13:48:03.708,1.45198,1.45203,2.06,1.00
2017.07.28 13:48:03.759,1.45198,1.45203,1.25,1.00
2017.07.28 13:48:03.913,1.452,1.45204,1.50,1.00
2017.07.28 13:48:04.066,1.45197,1.45204,1.69,1.00
2017.07.28 13:48:04.476,1.452,1.45205,1.25,1.00
2017.07.28 13:48:04.681,1.452,1.45207,1.31,1.00
2017.07.28 13:48:04.950,1.452,1.45207,2.44,1.00
2017.07.28 13:48:05.053,1.45204,1.4521,1.00,1.00
2017.07.28 13:48:05.563,1.45202,1.4521,2.25,1.00
2017.07.28 13:48:05.819,1.45204,1.4521,1.19,1.00
2017.07.28 13:48:06.023,1.45206,1.45212,1.50,1.00
2017.07.28 13:48:06.750,1.45205,1.45213,2.44,1.00
2017.07.28 13:48:06.853,1.45207,1.45212,1.19,1.00
2017.07.28 13:48:07.389,1.45206,1.45212,1.19,1.00
2017.07.28 13:48:07.697,1.452,1.45207,1.31,1.00
2017.07.28 13:48:07.749,1.45202,1.4521,1.25,1.00
2017.07.28 13:48:07.800,1.45205,1.45212,1.25,1.00
2017.07.28 13:48:08.447,1.45205,1.4521,1.19,1.00
2017.07.28 13:48:08.703,1.45204,1.4521,1.69,1.00
2017.07.28 13:48:09.212,1.45205,1.4521,1.00,1.00
2017.07.28 13:48:09.721,1.45204,1.4521,1.69,1.00
2017.07.28 13:48:10.014,1.45198,1.45204,1.25,1.00
2017.07.28 13:48:10.117,1.45196,1.45201,1.00,1.00
2017.07.28 13:48:10.372,1.45191,1.45197,1.19,1.00
2017.07.28 13:48:10.475,1.45191,1.45197,1.19,1.00
2017.07.28 13:48:10.577,1.45188,1.45194,1.19,1.00
2017.07.28 13:48:12.094,1.45187,1.45194,1.19,1.00
2017.07.28 13:48:13.960,1.45187,1.45195,1.19,1.00
2017.07.28 13:48:14.012,1.45187,1.45197,2.06,1.00
2017.07.28 13:48:14.373,1.4519,1.45196,1.37,1.00
2017.07.28 13:48:14.708,1.4518,1.45189,4.50,1.00
2017.07.28 13:48:14.811,1.45181,1.45187,1.37,1.00
2017.07.28 13:48:14.915,1.45177,1.45185,2.81,1.00
2017.07.28 13:48:15.020,1.45182,1.45188,1.00,1.00
2017.07.28 13:48:15.527,1.45183,1.45188,1.31,1.00
2017.07.28 13:48:15.988,1.45181,1.45188,1.31,1.00
2017.07.28 13:48:16.039,1.45181,1.4519,1.31,1.00
2017.07.28 13:48:16.560,1.45182,1.4519,1.12,1.00
2017.07.28 13:48:17.345,1.45181,1.4519,1.69,1.00
2017.07.28 13:48:17.397,1.45184,1.45195,2.06,1.00
2017.07.28 13:48:17.449,1.45189,1.45195,1.00,1.00
2017.07.28 13:48:17.653,1.4519,1.45197,1.00,1.00
2017.07.28 13:48:17.707,1.45192,1.45199,1.00,1.00
2017.07.28 13:48:18.218,1.45193,1.45199,1.12,1.00
2017.07.28 13:48:20.094,1.45193,1.452,1.12,1.00
2017.07.28 13:48:21.297,1.45192,1.45199,1.62,1.00
2017.07.28 13:48:21.451,1.45193,1.45202,1.00,1.00
2017.07.28 13:48:21.503,1.45193,1.45202,1.87,1.00
2017.07.28 13:48:21.851,1.45203,1.45208,1.12,1.00
2017.07.28 13:48:22.157,1.45203,1.45209,1.69,1.00
2017.07.28 13:48:22.311,1.45205,1.45211,1.19,1.00
2017.07.28 13:48:22.398,1.45205,1.45213,1.94,1.00
2017.07.28 13:48:22.450,1.45209,1.45215,2.06,1.00
2017.07.28 13:48:22.553,1.45209,1.45215,2.06,1.00
2017.07.28 13:48:22.809,1.45207,1.45213,1.25,1.00
2017.07.28 13:48:23.116,1.45203,1.45211,3.94,1.00
2017.07.28 13:48:24.154,1.45206,1.45211,1.00,1.00
2017.07.28 13:48:24.257,1.45205,1.45213,1.12,1.00
2017.07.28 13:48:24.309,1.45205,1.45213,2.06,1.00
2017.07.28 13:48:25.112,1.45206,1.45214,1.31,1.00
2017.07.28 13:48:25.419,1.45212,1.45216,1.25,1.00
2017.07.28 13:48:25.668,1.45211,1.45218,2.44,1.00
2017.07.28 13:48:26.196,1.45212,1.45217,1.19,1.00
2017.07.28 13:48:28.886,1.45212,1.45219,1.19,1.00
2017.07.28 13:48:29.423,1.45212,1.45219,1.19,1.00
2017.07.28 13:48:30.632,1.45212,1.45216,1.25,1.00
2017.07.28 13:48:30.735,1.45209,1.45216,1.69,1.00
2017.07.28 13:48:30.786,1.45209,1.45214,1.31,1.00
2017.07.28 13:48:31.282,1.45206,1.45214,3.56,1.00
2017.07.28 13:48:31.334,1.45206,1.45213,1.12,1.00
2017.07.28 13:48:31.385,1.45201,1.45209,5.06,1.00
2017.07.28 13:48:31.437,1.45201,1.45209,2.44,1.00
2017.07.28 13:48:31.953,1.45201,1.45207,1.12,1.00
2017.07.28 13:48:32.145,1.45202,1.45209,1.19,1.00
2017.07.28 13:48:32.353,1.45206,1.45212,1.19,1.00
2017.07.28 13:48:32.404,1.45203,1.45211,1.25,1.00
2017.07.28 13:48:32.975,1.45203,1.4521,1.31,1.00
2017.07.28 13:48:33.399,1.45204,1.4521,1.31,1.00
2017.07.28 13:48:33.886,1.45207,1.45214,1.25,1.00
2017.07.28 13:48:34.366,1.45205,1.45211,1.56,1.00
2017.07.28 13:48:34.468,1.45204,1.45211,1.19,1.00
2017.07.28 13:48:34.520,1.45202,1.4521,3.19,1.00
2017.07.28 13:48:34.990,1.452,1.45207,4.31,1.00
2017.07.28 13:48:35.197,1.452,1.45208,1.25,1.00
2017.07.28 13:48:35.349,1.45199,1.45205,1.56,1.00
2017.07.28 13:48:35.862,1.45199,1.45205,1.69,1.00
2017.07.28 13:48:36.168,1.45202,1.45208,1.19,1.00
2017.07.28 13:48:36.613,1.45201,1.45209,1.69,1.00
2017.07.28 13:48:36.665,1.452,1.45206,1.19,1.00
2017.07.28 13:48:36.768,1.45201,1.45207,1.19,1.00
2017.07.28 13:48:36.819,1.45197,1.45203,1.56,1.00
2017.07.28 13:48:36.923,1.45196,1.45201,3.19,1.00
2017.07.28 13:48:36.974,1.45197,1.45203,1.19,1.00
2017.07.28 13:48:37.477,1.45197,1.45204,1.19,1.00
2017.07.28 13:48:38.054,1.45196,1.45204,2.81,1.00
2017.07.28 13:48:38.259,1.45197,1.45206,2.06,1.00
2017.07.28 13:48:38.310,1.45202,1.4521,2.06,1.00
2017.07.28 13:48:38.618,1.45216,1.45222,1.37,1.00
2017.07.28 13:48:38.934,1.4522,1.45226,1.25,1.00
2017.07.28 13:48:39.495,1.4522,1.45227,1.25,1.00
2017.07.28 13:48:40.901,1.4522,1.45225,1.25,1.00
2017.07.28 13:48:42.035,1.45219,1.45225,1.50,1.00
2017.07.28 13:48:42.420,1.45223,1.45234,1.12,2.44
2017.07.28 13:48:42.472,1.45225,1.45237,2.81,1.00
2017.07.28 13:48:42.728,1.45225,1.45237,1.87,1.00
2017.07.28 13:48:43.099,1.45225,1.45237,1.69,1.00
2017.07.28 13:48:43.304,1.45223,1.45237,2.00,1.12
2017.07.28 13:48:43.465,1.45222,1.4523,1.31,1.00
2017.07.28 13:48:43.569,1.45221,1.4523,1.69,1.00
2017.07.28 13:48:44.014,1.45221,1.45228,2.44,1.00
2017.07.28 13:48:44.374,1.45219,1.45225,1.69,1.00
2017.07.28 13:48:44.682,1.45218,1.45222,1.25,1.00
2017.07.28 13:48:44.990,1.45221,1.45227,1.19,1.00
2017.07.28 13:48:45.041,1.45218,1.45224,1.69,1.00
2017.07.28 13:48:45.195,1.45216,1.45222,2.06,1.00
2017.07.28 13:48:45.403,1.45213,1.4522,1.19,1.00
2017.07.28 13:48:46.133,1.45213,1.4522,1.25,1.00
2017.07.28 13:48:46.337,1.45211,1.45218,2.06,1.00
2017.07.28 13:48:46.492,1.45208,1.45216,1.31,1.00
2017.07.28 13:48:46.544,1.45208,1.45215,1.50,1.00
2017.07.28 13:48:46.596,1.45207,1.45213,1.37,1.00
2017.07.28 13:48:46.852,1.45204,1.45211,2.62,1.00
2017.07.28 13:48:47.320,1.45202,1.45212,3.00,1.00
2017.07.28 13:48:47.475,1.45202,1.4521,2.06,1.00
2017.07.28 13:48:47.732,1.45202,1.45209,1.37,1.00
2017.07.28 13:48:47.784,1.45201,1.45208,1.00,1.00
2017.07.28 13:48:48.320,1.45201,1.45209,1.00,1.00
2017.07.28 13:48:48.732,1.45201,1.4521,3.00,1.00
2017.07.28 13:48:49.068,1.45205,1.45214,2.06,1.00
2017.07.28 13:48:49.119,1.45203,1.45212,2.62,1.00
2017.07.28 13:48:49.426,1.45206,1.45212,1.19,1.00
2017.07.28 13:48:49.971,1.45206,1.45213,1.69,1.00
2017.07.28 13:48:50.331,1.45206,1.45212,1.00,1.00
2017.07.28 13:48:50.383,1.45203,1.45215,1.56,1.00
2017.07.28 13:48:50.580,1.452,1.45214,1.12,1.00
2017.07.28 13:48:50.937,1.45199,1.4521,1.00,1.12
2017.07.28 13:48:51.090,1.45192,1.45205,1.69,1.00
2017.07.28 13:48:51.440,1.45194,1.45202,1.31,1.00
2017.07.28 13:48:51.747,1.45198,1.45204,1.37,1.00
2017.07.28 13:48:51.799,1.45197,1.45205,1.12,1.00
2017.07.28 13:48:51.902,1.45197,1.45203,1.12,1.00
2017.07.28 13:48:52.831,1.45195,1.45201,1.62,1.00
2017.07.28 13:48:53.335,1.45194,1.452,2.06,1.00
2017.07.28 13:48:53.490,1.45194,1.45202,1.69,1.00
2017.07.28 13:48:53.695,1.45193,1.452,1.37,1.00
2017.07.28 13:48:54.003,1.45186,1.45195,1.37,1.00
2017.07.28 13:48:54.310,1.45185,1.45194,2.25,1.00
2017.07.28 13:48:54.362,1.45185,1.45192,1.50,1.00
2017.07.28 13:48:54.985,1.45183,1.45191,1.12,1.00
2017.07.28 13:48:55.189,1.45181,1.45189,1.50,1.00
2017.07.28 13:48:55.497,1.45187,1.45193,1.00,1.00
2017.07.28 13:48:55.984,1.45187,1.45194,2.06,1.00
2017.07.28 13:48:56.090,1.4519,1.45199,1.12,1.00
2017.07.28 13:48:56.246,1.45192,1.45197,1.12,1.00
2017.07.28 13:48:56.530,1.45184,1.45193,3.56,1.00
2017.07.28 13:48:57.144,1.45186,1.45194,1.56,1.00
2017.07.28 13:48:57.197,1.45187,1.45197,1.31,1.00
2017.07.28 13:48:57.316,1.45189,1.45196,1.31,1.00
2017.07.28 13:48:57.475,1.45191,1.45195,1.00,1.00
2017.07.28 13:48:57.526,1.45189,1.45194,1.12,1.00
2017.07.28 13:48:57.578,1.45189,1.45198,1.00,1.00
2017.07.28 13:48:57.630,1.45187,1.45198,1.31,1.00
2017.07.28 13:48:58.212,1.45186,1.452,1.69,1.00
2017.07.28 13:48:58.462,1.45186,1.45198,1.69,1.00
2017.07.28 13:48:58.991,1.45184,1.45198,3.56,1.00
2017.07.28 13:48:59.254,1.45187,1.45202,1.19,1.00
2017.07.28 13:48:59.408,1.45186,1.45203,1.25,2.25
2017.07.28 13:48:59.664,1.45189,1.45202,1.50,2.25
2017.07.28 13:48:59.715,1.45191,1.45207,1.00,1.50
2017.07.28 13:48:59.767,1.45191,1.45208,1.00,4.12
2017.07.28 13:49:00.027,1.45191,1.45207,1.00,1.87
2017.07.28 13:49:00.079,1.45188,1.45204,1.12,1.50
2017.07.28 13:49:00.131,1.45187,1.452,1.00,1.00
2017.07.28 13:49:00.644,1.45186,1.45203,1.31,3.00
2017.07.28 13:49:00.999,1.45189,1.45202,1.00,1.87
2017.07.28 13:49:01.102,1.45189,1.45203,1.50,1.00
2017.07.28 13:49:01.155,1.45186,1.45191,1.87,1.00
2017.07.28 13:49:01.206,1.45183,1.45193,1.25,1.87
2017.07.28 13:49:01.258,1.45178,1.45193,1.00,4.12
2017.07.28 13:49:01.309,1.4518,1.45193,1.25,2.25
2017.07.28 13:49:01.413,1.45178,1.45194,1.69,1.37
2017.07.28 13:49:01.628,1.4518,1.45195,1.00,2.25
2017.07.28 13:49:01.680,1.45183,1.45195,1.00,2.25
2017.07.28 13:49:01.783,1.45184,1.45198,1.00,1.37
2017.07.28 13:49:02.328,1.45182,1.45198,2.25,1.87
2017.07.28 13:49:02.552,1.45181,1.45196,1.00,1.00
2017.07.28 13:49:02.810,1.45181,1.45194,1.25,1.00
2017.07.28 13:49:02.963,1.45182,1.45196,1.00,1.00
2017.07.28 13:49:03.066,1.45185,1.45198,1.00,1.12
2017.07.28 13:49:03.569,1.45184,1.452,1.56,1.00
2017.07.28 13:49:03.876,1.45185,1.45198,2.06,1.00
2017.07.28 13:49:04.420,1.45188,1.45197,1.12,1.00
2017.07.28 13:49:05.226,1.45187,1.45199,1.69,1.00
2017.07.28 13:49:05.591,1.45189,1.45202,1.00,1.00
2017.07.28 13:49:06.127,1.4519,1.45202,1.00,1.00
2017.07.28 13:49:06.232,1.45186,1.45198,1.75,1.09
2017.07.28 13:49:06.555,1.45184,1.45198,1.00,1.50
2017.07.28 13:49:06.813,1.45186,1.45198,1.19,2.81
2017.07.28 13:49:07.223,1.45186,1.45199,1.00,1.00
2017.07.28 13:49:07.394,1.45192,1.452,1.00,1.37
2017.07.28 13:49:07.447,1.45193,1.45208,1.25,1.50
2017.07.28 13:49:07.508,1.45191,1.45205,1.50,1.87
2017.07.28 13:49:07.560,1.4519,1.45204,1.25,1.12
2017.07.28 13:49:07.663,1.45192,1.45205,1.25,3.00
2017.07.28 13:49:09.355,1.45195,1.45207,1.69,1.37
2017.07.28 13:49:09.408,1.45195,1.45207,1.69,1.50
2017.07.28 13:49:09.511,1.45196,1.45209,1.31,1.37
2017.07.28 13:49:10.124,1.45192,1.45207,1.31,1.12
2017.07.28 13:49:10.667,1.45192,1.45206,1.31,1.00
2017.07.28 13:49:11.395,1.45195,1.45209,1.31,1.37
2017.07.28 13:49:11.446,1.45196,1.4521,1.69,1.00
2017.07.28 13:49:11.551,1.45199,1.4521,1.31,1.00
2017.07.28 13:49:11.807,1.452,1.45213,1.19,1.12
2017.07.28 13:49:11.910,1.45201,1.4521,1.19,1.00
2017.07.28 13:49:12.064,1.45199,1.45208,1.12,1.00
2017.07.28 13:49:12.241,1.45194,1.45208,3.56,1.37
2017.07.28 13:49:12.293,1.45194,1.45208,1.12,1.37
2017.07.28 13:49:12.345,1.45197,1.45209,1.00,1.50
2017.07.28 13:49:12.397,1.45197,1.45208,1.12,1.00
2017.07.28 13:49:12.450,1.45199,1.4521,1.00,1.37
2017.07.28 13:49:12.964,1.452,1.45211,1.12,1.37
2017.07.28 13:49:13.315,1.45199,1.45212,1.50,1.00
2017.07.28 13:49:13.885,1.45201,1.45213,1.00,1.12
2017.07.28 13:49:14.429,1.45202,1.45213,1.12,1.12
2017.07.28 13:49:14.795,1.452,1.45213,1.31,1.12
2017.07.28 13:49:15.259,1.45201,1.45211,1.00,1.00
2017.07.28 13:49:15.363,1.45201,1.45213,1.00,1.12
2017.07.28 13:49:15.789,1.45204,1.45218,1.25,2.25
2017.07.28 13:49:15.841,1.45204,1.45218,1.19,1.50
2017.07.28 13:49:15.893,1.45208,1.4522,1.00,2.25
2017.07.28 13:49:16.098,1.45206,1.4522,2.06,1.12
2017.07.28 13:49:16.202,1.4521,1.45222,1.00,1.00
2017.07.28 13:49:16.614,1.45212,1.45224,1.00,1.37
2017.07.28 13:49:16.928,1.4521,1.45223,1.00,1.12
2017.07.28 13:49:17.629,1.45212,1.45225,1.00,1.37
2017.07.28 13:49:17.682,1.45211,1.45227,2.25,1.00
2017.07.28 13:49:17.789,1.45216,1.4523,1.37,1.37
2017.07.28 13:49:17.894,1.45217,1.45231,1.00,1.37
2017.07.28 13:49:18.330,1.45216,1.45228,1.37,1.37
2017.07.28 13:49:18.507,1.45213,1.45228,1.69,1.87
2017.07.28 13:49:18.882,1.45215,1.4523,1.56,1.37
2017.07.28 13:49:18.934,1.45218,1.45232,1.19,1.50
2017.07.28 13:49:18.986,1.45219,1.45232,1.19,1.00
2017.07.28 13:49:19.139,1.45218,1.45232,1.50,1.00
2017.07.28 13:49:19.191,1.45215,1.45232,1.31,2.62
2017.07.28 13:49:19.500,1.45218,1.45233,1.56,1.12
2017.07.28 13:49:19.552,1.45218,1.45231,1.56,1.00
2017.07.28 13:49:19.656,1.45217,1.45232,1.69,1.00
2017.07.28 13:49:19.707,1.45218,1.4523,1.00,1.00
2017.07.28 13:49:19.760,1.45217,1.45232,2.44,1.00
2017.07.28 13:49:19.967,1.45219,1.45232,1.00,1.00
2017.07.28 13:49:20.317,1.45217,1.4523,1.00,1.50
2017.07.28 13:49:20.623,1.45224,1.45235,1.12,1.12
2017.07.28 13:49:20.929,1.4522,1.45232,2.06,1.00
2017.07.28 13:49:20.981,1.4522,1.45234,2.06,1.00
2017.07.28 13:49:21.336,1.45219,1.45234,1.50,1.87
2017.07.28 13:49:21.847,1.45219,1.45231,1.12,1.37
2017.07.28 13:49:22.205,1.45221,1.45232,1.00,1.37
2017.07.28 13:49:22.256,1.4522,1.45233,1.25,1.50
2017.07.28 13:49:22.809,1.45222,1.45235,1.00,1.37
2017.07.28 13:49:22.912,1.45224,1.45237,1.25,1.50
2017.07.28 13:49:22.964,1.45227,1.45239,1.00,1.00
2017.07.28 13:49:23.340,1.45221,1.45235,1.69,1.62
2017.07.28 13:49:24.154,1.45221,1.45235,1.12,1.00
2017.07.28 13:49:24.501,1.4523,1.4524,1.00,1.00
2017.07.28 13:49:25.069,1.45229,1.4524,1.31,1.00
2017.07.28 13:49:25.381,1.45226,1.4524,1.56,1.00
2017.07.28 13:49:25.433,1.45226,1.45238,1.37,1.62
2017.07.28 13:49:25.537,1.45221,1.45234,2.81,1.00
2017.07.28 13:49:25.690,1.45221,1.45235,1.69,1.16
2017.07.28 13:49:26.161,1.45222,1.45235,1.00,1.16
2017.07.28 13:49:26.706,1.45221,1.45234,1.25,1.12
2017.07.28 13:49:26.757,1.4522,1.45234,1.94,1.12
2017.07.28 13:49:26.859,1.4522,1.45234,1.19,1.12
2017.07.28 13:49:27.589,1.45224,1.45235,1.00,1.00
2017.07.28 13:49:27.693,1.45224,1.45237,1.00,1.62
2017.07.28 13:49:28.203,1.45225,1.45237,1.00,1.12
2017.07.28 13:49:28.747,1.45223,1.45237,1.87,1.12
2017.07.28 13:49:29.105,1.45222,1.45235,1.31,1.00
2017.07.28 13:49:29.463,1.45221,1.45235,1.31,1.00
2017.07.28 13:49:29.721,1.45223,1.45237,1.00,1.12
2017.07.28 13:49:29.956,1.45221,1.45232,1.12,1.87
2017.07.28 13:49:30.213,1.45219,1.45232,1.00,1.12
2017.07.28 13:49:30.315,1.45221,1.45234,1.00,2.25
2017.07.28 13:49:30.368,1.45222,1.45234,1.00,1.12
2017.07.28 13:49:30.816,1.45224,1.45237,1.00,1.12
2017.07.28 13:49:31.564,1.45224,1.45236,1.00,1.00
2017.07.28 13:49:31.885,1.45223,1.45236,1.00,1.12
2017.07.28 13:49:31.936,1.45221,1.45236,1.12,1.12
2017.07.28 13:49:33.175,1.4522,1.45233,1.37,2.62
2017.07.28 13:49:33.227,1.4522,1.45233,1.37,1.00
2017.07.28 13:49:33.348,1.45219,1.45233,1.87,1.12
2017.07.28 13:49:33.401,1.45216,1.4523,1.50,1.00
2017.07.28 13:49:33.454,1.45216,1.4523,1.12,1.00
2017.07.28 13:49:33.507,1.45214,1.45227,1.75,1.00
2017.07.28 13:49:33.559,1.45213,1.45227,1.00,1.00
2017.07.28 13:49:34.088,1.4521,1.45219,1.50,1.00
2017.07.28 13:49:34.264,1.4521,1.45221,1.12,2.25
2017.07.28 13:49:34.317,1.45207,1.45221,1.12,1.37
2017.07.28 13:49:34.922,1.45208,1.45221,1.00,1.37
2017.07.28 13:49:35.768,1.45204,1.45221,2.81,1.37
2017.07.28 13:49:36.391,1.45206,1.45221,1.19,1.00
2017.07.28 13:49:36.603,1.45213,1.45229,1.12,2.62
2017.07.28 13:49:37.116,1.45212,1.45227,2.06,1.00
2017.07.28 13:49:37.218,1.45212,1.45224,1.00,1.50
2017.07.28 13:49:37.270,1.45213,1.45227,1.00,2.25
2017.07.28 13:49:37.423,1.45214,1.45229,1.00,1.00
2017.07.28 13:49:37.962,1.45213,1.45228,1.00,1.00
2017.07.28 13:49:38.420,1.45214,1.45228,1.19,1.50
2017.07.28 13:49:39.339,1.45213,1.45228,1.19,3.00
2017.07.28 13:49:39.707,1.45212,1.45225,1.19,1.87
2017.07.28 13:49:39.812,1.45211,1.45224,1.19,1.87
2017.07.28 13:49:40.119,1.45209,1.45225,1.31,2.25
2017.07.28 13:49:40.222,1.45209,1.45225,1.19,2.25
2017.07.28 13:49:40.274,1.45208,1.45221,1.69,1.00
2017.07.28 13:49:40.325,1.45206,1.4522,1.56,3.00
2017.07.28 13:49:40.377,1.45204,1.4522,2.44,2.25
2017.07.28 13:49:40.531,1.45199,1.45212,1.37,1.00
2017.07.28 13:49:40.582,1.452,1.45212,1.00,1.00
2017.07.28 13:49:40.685,1.45201,1.45214,1.12,1.00
2017.07.28 13:49:40.788,1.45203,1.45216,1.00,4.12
2017.07.28 13:49:40.839,1.45201,1.45216,1.00,4.12
2017.07.28 13:49:40.941,1.45204,1.45217,1.19,3.37
2017.07.28 13:49:41.474,1.45206,1.45219,1.25,1.87
2017.07.28 13:49:42.296,1.45205,1.45219,1.00,1.87
2017.07.28 13:49:42.585,1.45211,1.45225,1.00,1.00
2017.07.28 13:49:42.791,1.45209,1.45221,2.25,1.87
2017.07.28 13:49:42.997,1.45207,1.45221,1.00,1.37
2017.07.28 13:49:43.048,1.45209,1.45221,1.00,1.12
2017.07.28 13:49:43.750,1.45207,1.45221,1.00,1.37
2017.07.28 13:49:44.109,1.45206,1.4522,1.00,2.25
2017.07.28 13:49:44.620,1.45207,1.4522,1.00,2.25
2017.07.28 13:49:44.965,1.45211,1.45222,1.00,1.37
2017.07.28 13:49:45.017,1.45211,1.45224,1.00,1.75
2017.07.28 13:49:45.631,1.4521,1.45223,1.00,1.37
2017.07.28 13:49:45.799,1.45212,1.45225,1.00,2.25
2017.07.28 13:49:46.479,1.45214,1.45227,1.00,2.25
2017.07.28 13:49:46.582,1.45212,1.45227,1.00,3.00
2017.07.28 13:49:46.634,1.45213,1.45226,1.19,1.12
2017.07.28 13:49:46.924,1.45212,1.45225,1.00,1.50
2017.07.28 13:49:47.233,1.45214,1.45225,1.00,1.50
2017.07.28 13:49:47.744,1.45215,1.45226,1.00,1.12
2017.07.28 13:49:48.255,1.45214,1.45226,1.00,1.37
2017.07.28 13:49:48.799,1.45217,1.45229,1.00,2.62
2017.07.28 13:49:48.852,1.45217,1.45229,1.00,1.87
2017.07.28 13:49:48.904,1.45215,1.45229,1.00,2.62
2017.07.28 13:49:49.475,1.45217,1.45229,1.00,3.00
2017.07.28 13:49:51.003,1.45218,1.45232,1.00,3.00
2017.07.28 13:49:51.307,1.45221,1.45232,1.00,1.50
2017.07.28 13:49:51.666,1.45219,1.45231,1.00,1.37
2017.07.28 13:49:52.067,1.45217,1.45229,1.00,1.50
2017.07.28 13:49:52.223,1.45219,1.45229,1.00,1.87
2017.07.28 13:49:52.533,1.45216,1.4523,1.50,1.37
2017.07.28 13:49:53.237,1.45218,1.45229,1.00,1.37
2017.07.28 13:49:53.395,1.45221,1.45233,1.00,2.25
2017.07.28 13:49:53.498,1.45223,1.45234,1.00,2.25
2017.07.28 13:49:53.549,1.4522,1.45234,1.00,2.25
2017.07.28 13:49:53.806,1.45219,1.45232,1.12,1.37
2017.07.28 13:49:53.909,1.45217,1.45232,1.00,1.87
2017.07.28 13:49:53.960,1.45219,1.45232,1.00,1.87
2017.07.28 13:49:54.470,1.45218,1.45232,1.00,1.12
2017.07.28 13:49:56.295,1.4522,1.45233,1.00,1.12
2017.07.28 13:49:56.449,1.45222,1.45236,1.50,2.25
2017.07.28 13:49:56.657,1.45225,1.45237,1.00,1.12
2017.07.28 13:49:56.876,1.45223,1.45237,1.00,1.12
2017.07.28 13:49:57.388,1.4522,1.45233,1.00,1.12
2017.07.28 13:49:57.595,1.45222,1.45233,1.00,1.00
2017.07.28 13:49:58.187,1.45223,1.45235,1.00,1.12
2017.07.28 13:49:58.698,1.45223,1.45236,1.00,1.00
2017.07.28 13:49:58.800,1.45225,1.45237,1.00,1.37
2017.07.28 13:49:59.723,1.45228,1.45238,1.00,1.50
2017.07.28 13:50:00.270,1.45228,1.45242,1.00,3.00
2017.07.28 13:50:00.683,1.4523,1.45242,1.00,1.50
2017.07.28 13:50:00.735,1.45231,1.45244,1.00,1.37
2017.07.28 13:50:00.988,1.4523,1.45239,1.00,1.00
2017.07.28 13:50:01.040,1.4523,1.45242,1.00,1.50
2017.07.28 13:50:01.250,1.45228,1.45239,1.00,1.12
2017.07.28 13:50:01.461,1.45223,1.45235,1.00,1.00
2017.07.28 13:50:01.566,1.45225,1.45238,1.25,1.50
2017.07.28 13:50:01.617,1.45226,1.45239,1.25,1.12
2017.07.28 13:50:01.898,1.45228,1.45241,1.00,2.25
2017.07.28 13:50:01.950,1.45228,1.45241,1.00,1.00
2017.07.28 13:50:02.003,1.45231,1.45242,1.00,1.12
2017.07.28 13:50:02.208,1.45229,1.45244,1.25,1.87
2017.07.28 13:50:02.260,1.4523,1.45245,1.19,1.37
2017.07.28 13:50:02.724,1.45234,1.45248,1.00,1.87
2017.07.28 13:50:03.237,1.45233,1.45247,1.00,1.12
2017.07.28 13:50:03.645,1.45232,1.45245,1.00,1.37
2017.07.28 13:50:03.984,1.45226,1.45239,1.37,1.37
2017.07.28 13:50:04.037,1.45226,1.45239,1.37,1.00
2017.07.28 13:50:04.139,1.45225,1.4524,1.69,1.50
2017.07.28 13:50:04.243,1.45223,1.45235,1.94,1.00
2017.07.28 13:50:04.661,1.45223,1.4524,1.19,3.00
2017.07.28 13:50:05.020,1.45225,1.4524,1.19,2.25
2017.07.28 13:50:05.071,1.45225,1.4524,1.00,2.25
2017.07.28 13:50:05.551,1.4522,1.45235,1.69,1.00
2017.07.28 13:50:06.180,1.45218,1.45232,1.69,1.00
2017.07.28 13:50:06.284,1.45218,1.45229,1.00,1.12
2017.07.28 13:50:06.336,1.45213,1.45228,2.06,1.00
2017.07.28 13:50:06.862,1.45212,1.45227,2.06,1.00
2017.07.28 13:50:07.428,1.45212,1.45228,2.44,1.50
2017.07.28 13:50:07.961,1.45214,1.45229,2.06,1.00
2017.07.28 13:50:08.114,1.45214,1.45227,1.56,1.00
2017.07.28 13:50:08.268,1.45213,1.45228,1.31,1.50
2017.07.28 13:50:08.320,1.45212,1.45226,1.56,1.00
2017.07.28 13:50:08.626,1.45212,1.45224,1.31,1.00
2017.07.28 13:50:09.228,1.45216,1.4523,1.25,3.37
2017.07.28 13:50:09.330,1.4522,1.4523,1.00,1.50
2017.07.28 13:50:09.382,1.45222,1.45233,1.00,1.00
2017.07.28 13:50:09.929,1.4522,1.45234,1.31,1.50
2017.07.28 13:50:10.442,1.4522,1.45235,1.31,1.12
2017.07.28 13:50:10.888,1.45218,1.45232,1.62,1.37
2017.07.28 13:50:10.992,1.45217,1.45231,1.69,1.12
2017.07.28 13:50:11.403,1.45216,1.45229,1.50,1.00
2017.07.28 13:50:11.506,1.45216,1.45231,1.50,1.50
2017.07.28 13:50:12.018,1.45217,1.4523,1.37,1.00
2017.07.28 13:50:12.378,1.45216,1.4523,1.50,1.00
2017.07.28 13:50:12.991,1.45217,1.4523,1.00,1.00
2017.07.28 13:50:13.508,1.45216,1.4523,1.50,1.00
2017.07.28 13:50:13.730,1.45217,1.45232,1.19,1.00
2017.07.28 13:50:14.313,1.45219,1.45234,1.00,1.50
2017.07.28 13:50:14.898,1.4522,1.45234,1.00,1.50
2017.07.28 13:50:15.489,1.45219,1.45234,1.50,1.50
2017.07.28 13:50:15.799,1.45222,1.45236,1.12,1.37
2017.07.28 13:50:16.473,1.45222,1.45233,1.12,1.00
2017.07.28 13:50:16.881,1.45218,1.45229,1.31,1.00
2017.07.28 13:50:17.239,1.45217,1.45229,1.31,1.00
2017.07.28 13:50:18.465,1.45218,1.4523,1.25,1.00
2017.07.28 13:50:18.822,1.45216,1.45232,1.69,1.12
2017.07.28 13:50:19.171,1.4522,1.45235,1.69,1.00
2017.07.28 13:50:19.324,1.45222,1.45236,1.25,1.00
2017.07.28 13:50:19.683,1.45219,1.45235,2.44,1.12
2017.07.28 13:50:20.151,1.45219,1.45236,2.81,1.50
2017.07.28 13:50:21.402,1.45219,1.45236,1.19,1.87
2017.07.28 13:50:22.424,1.45219,1.45234,1.87,1.50
2017.07.28 13:50:22.708,1.45221,1.45236,1.56,1.00
2017.07.28 13:50:22.964,1.45223,1.45238,1.69,1.00
2017.07.28 13:50:23.324,1.45224,1.4524,1.19,1.00
2017.07.28 13:50:24.397,1.45225,1.45241,1.31,1.87
2017.07.28 13:50:25.615,1.45224,1.4524,3.19,1.00
2017.07.28 13:50:26.435,1.45224,1.45241,1.69,1.50
2017.07.28 13:50:26.537,1.45226,1.45242,2.81,1.00
2017.07.28 13:50:26.742,1.45228,1.45244,1.12,1.12
2017.07.28 13:50:26.940,1.45227,1.45243,1.50,1.50
2017.07.28 13:50:28.484,1.45227,1.45242,1.25,1.00
2017.07.28 13:50:29.011,1.45228,1.45243,1.00,1.50
2017.07.28 13:50:29.396,1.45226,1.4524,1.31,1.00
2017.07.28 13:50:29.551,1.45221,1.45237,1.69,1.87
2017.07.28 13:50:29.962,1.4522,1.45235,1.56,1.00
2017.07.28 13:50:30.265,1.45219,1.45234,1.87,1.00
2017.07.28 13:50:30.776,1.4522,1.45234,1.00,1.00
2017.07.28 13:50:31.315,1.4522,1.45235,1.00,1.00
2017.07.28 13:50:31.572,1.45217,1.45233,1.69,1.50
2017.07.28 13:50:31.777,1.45213,1.4523,1.31,3.37
2017.07.28 13:50:32.338,1.45213,1.45228,1.25,1.50
2017.07.28 13:50:32.789,1.45212,1.45227,1.25,2.62
2017.07.28 13:50:32.994,1.45212,1.45228,1.19,1.50
2017.07.28 13:50:33.813,1.45213,1.45229,1.25,3.37
2017.07.28 13:50:34.097,1.45212,1.45228,2.06,1.37
2017.07.28 13:50:34.609,1.45212,1.45227,1.25,1.50
2017.07.28 13:50:35.170,1.45211,1.45226,1.12,1.37
2017.07.28 13:50:35.477,1.45212,1.45227,1.25,1.00
2017.07.28 13:50:36.666,1.45212,1.45228,1.25,2.25
2017.07.28 13:50:37.173,1.45212,1.45228,1.25,2.25
2017.07.28 13:50:38.583,1.45214,1.45228,1.00,1.00
2017.07.28 13:50:39.092,1.45213,1.45228,2.25,1.12
2017.07.28 13:50:39.347,1.45215,1.45231,1.31,1.50
2017.07.28 13:50:39.450,1.45214,1.45229,2.44,1.00
2017.07.28 13:50:39.975,1.45215,1.4523,1.25,1.12
2017.07.28 13:50:40.655,1.45215,1.45229,3.00,1.00
2017.07.28 13:50:40.706,1.45215,1.45231,2.62,1.50
2017.07.28 13:50:40.758,1.45217,1.45231,1.25,1.00
2017.07.28 13:50:41.116,1.45222,1.45237,1.00,1.37
2017.07.28 13:50:41.427,1.45222,1.45237,1.75,1.37
2017.07.28 13:50:41.733,1.45222,1.45237,1.12,1.37
2017.07.28 13:50:42.259,1.45222,1.45237,1.00,1.00
2017.07.28 13:50:42.768,1.45221,1.45237,2.06,1.00
2017.07.28 13:50:43.279,1.4522,1.45236,2.06,1.12
2017.07.28 13:50:43.501,1.4522,1.45236,1.12,1.50
2017.07.28 13:50:43.714,1.45222,1.45238,1.25,2.62
2017.07.28 13:50:44.254,1.45222,1.45237,1.31,1.00
2017.07.28 13:50:44.726,1.45224,1.45238,1.00,1.50
2017.07.28 13:50:45.033,1.45225,1.4524,1.19,1.12
2017.07.28 13:50:45.342,1.45228,1.45243,1.00,1.37
2017.07.28 13:50:45.394,1.4523,1.45245,1.00,2.44
2017.07.28 13:50:45.942,1.4523,1.45244,1.50,1.00
2017.07.28 13:50:46.351,1.45232,1.45244,1.00,1.00
2017.07.28 13:50:46.506,1.4523,1.45245,1.00,1.12
2017.07.28 13:50:47.074,1.45231,1.45244,1.00,1.00
2017.07.28 13:50:47.126,1.45229,1.45246,2.06,1.50
2017.07.28 13:50:47.741,1.45229,1.45246,2.06,1.87
2017.07.28 13:50:47.792,1.45231,1.45246,1.00,1.87
2017.07.28 13:50:47.946,1.45229,1.45246,1.31,1.12
2017.07.28 13:50:48.470,1.4523,1.45245,1.00,1.50
2017.07.28 13:50:48.522,1.45227,1.45242,1.25,1.50
2017.07.28 13:50:48.625,1.45224,1.45238,1.50,1.50
2017.07.28 13:50:49.239,1.45224,1.45241,1.31,1.75
2017.07.28 13:50:49.635,1.45229,1.45244,1.31,1.12
2017.07.28 13:50:50.160,1.4523,1.45244,1.00,1.12
2017.07.28 13:50:50.365,1.4523,1.45243,1.00,1.00
2017.07.28 13:50:50.416,1.45228,1.45243,2.06,1.75
2017.07.28 13:50:50.571,1.45226,1.45239,1.00,1.50
2017.07.28 13:50:51.084,1.45224,1.45239,1.37,1.00
2017.07.28 13:50:51.340,1.45228,1.4524,1.00,1.00
2017.07.28 13:50:51.443,1.45229,1.45243,1.00,1.00
2017.07.28 13:50:51.597,1.45228,1.45245,3.56,1.00
2017.07.28 13:50:52.007,1.4523,1.45245,1.00,1.50
2017.07.28 13:50:52.518,1.45231,1.45247,1.31,1.87
2017.07.28 13:50:53.395,1.4523,1.45246,2.62,1.37
2017.07.28 13:50:53.703,1.45225,1.45239,2.81,1.12
2017.07.28 13:50:53.943,1.45221,1.45235,1.00,1.50
2017.07.28 13:50:54.097,1.45221,1.45236,1.00,1.00
2017.07.28 13:50:54.613,1.4522,1.45236,1.25,1.50
2017.07.28 13:50:55.137,1.4522,1.45235,1.25,1.12
2017.07.28 13:50:56.201,1.4522,1.45235,2.81,1.00
2017.07.28 13:50:56.716,1.4522,1.45236,2.06,1.00
2017.07.28 13:50:57.108,1.45221,1.45234,3.19,1.00
2017.07.28 13:50:57.418,1.45225,1.45235,1.31,1.00
2017.07.28 13:50:57.725,1.45228,1.45236,1.12,1.00
2017.07.28 13:50:58.039,1.45225,1.45236,3.37,1.00
2017.07.28 13:50:58.244,1.45224,1.45234,1.00,1.00
2017.07.28 13:50:58.550,1.45222,1.45232,1.62,1.00
2017.07.28 13:50:58.602,1.45222,1.45232,1.25,1.00
2017.07.28 13:50:58.653,1.45222,1.45234,1.25,1.00
2017.07.28 13:50:59.586,1.45222,1.45233,1.31,1.00
2017.07.28 13:51:00.149,1.45222,1.45234,1.25,1.00
2017.07.28 13:51:00.405,1.45224,1.45237,1.12,1.00
2017.07.28 13:51:00.508,1.45223,1.45239,1.87,1.00
2017.07.28 13:51:00.765,1.45222,1.45237,2.25,1.00
2017.07.28 13:51:01.306,1.45221,1.45236,3.19,1.00
2017.07.28 13:51:01.409,1.45222,1.45234,2.44,1.00
2017.07.28 13:51:01.820,1.45223,1.45236,1.50,1.00
2017.07.28 13:51:02.335,1.45224,1.45235,1.00,1.00
2017.07.28 13:51:02.468,1.45224,1.45237,1.50,1.50
2017.07.28 13:51:02.622,1.45228,1.45241,1.50,1.00
2017.07.28 13:51:02.879,1.45229,1.45243,1.87,1.00
2017.07.28 13:51:02.931,1.45231,1.45243,1.00,1.00
2017.07.28 13:51:03.391,1.45229,1.45242,1.50,1.00
2017.07.28 13:51:03.922,1.45229,1.45242,1.50,1.50
2017.07.28 13:51:04.688,1.45228,1.45237,1.37,1.12
2017.07.28 13:51:05.001,1.45216,1.45226,1.87,1.00
2017.07.28 13:51:05.052,1.45213,1.45226,1.87,1.00
2017.07.28 13:51:05.206,1.45212,1.45223,1.37,1.12
2017.07.28 13:51:05.309,1.4521,1.45223,1.12,1.00
2017.07.28 13:51:05.412,1.45214,1.45223,1.00,1.00
2017.07.28 13:51:05.464,1.45212,1.45224,1.00,1.00
2017.07.28 13:51:05.618,1.45209,1.45224,3.56,1.00
2017.07.28 13:51:05.816,1.45208,1.45221,1.87,1.00
2017.07.28 13:51:06.176,1.4521,1.45223,1.00,1.12
2017.07.28 13:51:06.227,1.45211,1.45225,2.44,1.00
2017.07.28 13:51:06.537,1.45211,1.45225,1.37,1.00
2017.07.28 13:51:06.926,1.4521,1.45225,2.06,1.00
2017.07.28 13:51:07.132,1.4521,1.45222,1.25,1.00
2017.07.28 13:51:07.644,1.4521,1.45221,1.31,1.00
2017.07.28 13:51:07.868,1.45207,1.4522,1.87,1.00
2017.07.28 13:51:08.451,1.45206,1.45219,1.00,1.00
2017.07.28 13:51:08.656,1.45204,1.45218,1.87,1.50
2017.07.28 13:51:09.157,1.45202,1.45216,3.75,1.00
2017.07.28 13:51:09.517,1.45193,1.45205,1.37,1.00
2017.07.28 13:51:10.027,1.45193,1.45206,1.25,1.00
2017.07.28 13:51:10.130,1.4519,1.45205,2.25,1.00
2017.07.28 13:51:10.284,1.45191,1.45207,1.44,1.87
2017.07.28 13:51:10.387,1.45195,1.45208,1.00,1.87
2017.07.28 13:51:10.937,1.45192,1.45208,2.62,1.50
2017.07.28 13:51:11.832,1.45192,1.45208,2.62,2.25
2017.07.28 13:51:12.038,1.45202,1.45211,1.19,1.87
2017.07.28 13:51:12.192,1.45206,1.45218,1.00,2.25
2017.07.28 13:51:12.244,1.45203,1.45217,1.37,1.00
2017.07.28 13:51:12.347,1.45206,1.45218,2.62,1.00
2017.07.28 13:51:12.398,1.45209,1.45221,1.00,1.12
2017.07.28 13:51:12.705,1.45212,1.45222,1.19,1.50
2017.07.28 13:51:13.049,1.45214,1.45225,1.19,1.50
2017.07.28 13:51:13.100,1.45212,1.45224,1.19,1.12
2017.07.28 13:51:13.152,1.45215,1.45226,1.19,2.25
2017.07.28 13:51:13.203,1.45215,1.45226,1.19,1.00
2017.07.28 13:51:13.255,1.45213,1.45227,1.19,1.87
2017.07.28 13:51:13.307,1.45213,1.45227,1.19,2.25
2017.07.28 13:51:13.557,1.45216,1.45227,1.00,1.87
2017.07.28 13:51:14.093,1.45213,1.4523,2.62,1.50
2017.07.28 13:51:14.145,1.45218,1.4523,2.44,1.00
2017.07.28 13:51:14.249,1.45219,1.45233,1.19,1.87
2017.07.28 13:51:14.560,1.45215,1.45222,1.31,1.00
2017.07.28 13:51:14.745,1.45209,1.45223,2.06,1.87
2017.07.28 13:51:14.953,1.45207,1.45223,3.75,1.12
2017.07.28 13:51:15.005,1.45209,1.45224,1.87,1.50
2017.07.28 13:51:15.057,1.45211,1.45227,1.12,1.87
2017.07.28 13:51:15.109,1.45214,1.45227,1.00,1.37
2017.07.28 13:51:15.212,1.45214,1.45228,1.62,1.12
2017.07.28 13:51:15.263,1.45212,1.45223,1.87,1.12
2017.07.28 13:51:15.603,1.45208,1.45219,1.12,1.00
2017.07.28 13:51:16.415,1.45207,1.45222,1.37,1.12
2017.07.28 13:51:16.945,1.45207,1.45222,1.50,1.12
2017.07.28 13:51:17.535,1.45208,1.45222,1.00,1.37
2017.07.28 13:51:18.052,1.45208,1.45219,1.00,1.00
2017.07.28 13:51:18.413,1.45208,1.45217,1.81,1.00
2017.07.28 13:51:18.937,1.45207,1.45217,1.19,1.00
2017.07.28 13:51:20.389,1.45207,1.45215,1.19,1.00
2017.07.28 13:51:21.218,1.45207,1.45215,1.69,1.00
2017.07.28 13:51:21.269,1.45208,1.45217,1.44,1.00
2017.07.28 13:51:21.373,1.45207,1.45217,1.31,1.00
2017.07.28 13:51:21.424,1.45207,1.45215,1.25,1.00
2017.07.28 13:51:21.781,1.45208,1.45215,1.19,1.00
2017.07.28 13:51:21.969,1.45205,1.45215,1.31,1.00
2017.07.28 13:51:22.635,1.45208,1.45217,1.19,1.00
2017.07.28 13:51:22.789,1.45206,1.45217,1.87,1.00
2017.07.28 13:51:23.150,1.45206,1.45215,1.69,1.00
2017.07.28 13:51:23.459,1.45208,1.45219,1.87,1.00
2017.07.28 13:51:23.510,1.45209,1.45217,1.31,1.00
2017.07.28 13:51:23.562,1.45208,1.45219,1.87,1.00
2017.07.28 13:51:23.836,1.4521,1.45221,1.19,1.00
2017.07.28 13:51:24.398,1.4521,1.45223,1.44,1.12
2017.07.28 13:51:25.050,1.45209,1.45223,1.50,1.12
2017.07.28 13:51:25.102,1.45207,1.45217,1.25,1.00
2017.07.28 13:51:25.465,1.45207,1.45219,1.19,1.12
2017.07.28 13:51:25.722,1.4521,1.45221,1.00,1.50
2017.07.28 13:51:26.025,1.45205,1.45218,1.31,1.00
2017.07.28 13:51:26.232,1.45207,1.45219,1.19,1.50
2017.07.28 13:51:26.335,1.45211,1.45222,1.00,1.50
2017.07.28 13:51:26.848,1.4521,1.45222,1.12,1.12
2017.07.28 13:51:26.985,1.4521,1.4522,1.12,1.00
2017.07.28 13:51:28.929,1.45206,1.4522,1.56,1.50
2017.07.28 13:51:29.237,1.45209,1.45222,1.69,1.50
2017.07.28 13:51:29.339,1.45209,1.45223,1.69,1.87
2017.07.28 13:51:29.607,1.4521,1.45222,1.00,1.00
2017.07.28 13:51:30.096,1.4521,1.45225,1.19,1.50
2017.07.28 13:51:30.252,1.4521,1.45225,1.19,1.50
2017.07.28 13:51:30.564,1.4521,1.45226,2.06,1.37
2017.07.28 13:51:31.074,1.45211,1.45226,1.87,1.37
2017.07.28 13:51:31.534,1.4521,1.45226,2.25,1.37
2017.07.28 13:51:31.672,1.45208,1.45221,1.37,1.00
2017.07.28 13:51:31.726,1.45205,1.45221,1.12,1.50
2017.07.28 13:51:31.828,1.45205,1.45221,1.31,2.25
2017.07.28 13:51:32.035,1.45205,1.45221,1.87,1.50
2017.07.28 13:51:32.595,1.45206,1.4522,1.00,1.37
2017.07.28 13:51:32.698,1.45204,1.4522,1.31,1.37
2017.07.28 13:51:32.749,1.45206,1.45222,1.00,2.25
2017.07.28 13:51:33.056,1.45207,1.45222,2.62,1.50
2017.07.28 13:51:33.312,1.45214,1.45228,2.25,1.00
2017.07.28 13:51:33.857,1.45215,1.45229,1.12,1.00
2017.07.28 13:51:34.368,1.45214,1.45228,1.37,1.00
2017.07.28 13:51:34.609,1.45217,1.4523,1.12,1.87
2017.07.28 13:51:34.815,1.45213,1.45228,2.25,1.00
2017.07.28 13:51:34.918,1.4521,1.45226,4.50,1.00
2017.07.28 13:51:35.252,1.45217,1.45228,1.00,1.00
2017.07.28 13:51:35.407,1.45212,1.45226,2.44,1.00
2017.07.28 13:51:35.817,1.4522,1.45229,1.00,1.00
2017.07.28 13:51:36.228,1.45217,1.45231,1.00,1.37
2017.07.28 13:51:36.281,1.45217,1.4523,1.00,1.87
2017.07.28 13:51:36.539,1.45212,1.45226,1.44,1.12
2017.07.28 13:51:36.747,1.45213,1.45228,1.00,1.87
2017.07.28 13:51:37.005,1.45214,1.45228,1.25,1.12
2017.07.28 13:51:37.389,1.45212,1.45227,2.00,1.75
2017.07.28 13:51:37.493,1.45212,1.45228,1.31,1.00
2017.07.28 13:51:37.902,1.45213,1.45228,1.69,1.00
2017.07.28 13:51:37.953,1.45211,1.45226,2.62,1.00
2017.07.28 13:51:38.209,1.45213,1.45229,1.12,1.75
2017.07.28 13:51:38.667,1.45212,1.45227,1.87,1.12
2017.07.28 13:51:38.772,1.45214,1.45228,1.44,1.87
2017.07.28 13:51:39.321,1.45213,1.45228,1.87,1.87
2017.07.28 13:51:39.629,1.45221,1.45234,1.37,1.50
2017.07.28 13:51:40.137,1.45221,1.45232,1.19,1.00
2017.07.28 13:51:40.190,1.45218,1.45233,1.44,1.12
2017.07.28 13:51:40.241,1.45218,1.45231,1.87,1.12
2017.07.28 13:51:40.753,1.45218,1.45231,1.19,2.25
2017.07.28 13:51:40.959,1.4522,1.45233,1.19,1.00
2017.07.28 13:51:41.112,1.45217,1.45233,2.62,1.00
2017.07.28 13:51:41.243,1.45217,1.45231,2.62,1.00
2017.07.28 13:51:41.603,1.45216,1.45226,1.37,1.00
2017.07.28 13:51:41.655,1.45216,1.45229,1.37,1.12
2017.07.28 13:51:41.810,1.45213,1.45228,2.44,1.50
2017.07.28 13:51:41.861,1.45213,1.45228,1.12,2.25
2017.07.28 13:51:42.370,1.45212,1.45226,1.44,3.00
2017.07.28 13:51:42.627,1.45218,1.45231,1.50,1.00
2017.07.28 13:51:42.832,1.45219,1.45234,1.50,1.37
2017.07.28 13:51:43.036,1.45219,1.4523,1.50,1.00
2017.07.28 13:51:43.294,1.45219,1.45233,1.50,1.87
2017.07.28 13:51:43.911,1.45216,1.45233,1.31,1.69
2017.07.28 13:51:43.965,1.45215,1.4523,1.87,1.12
2017.07.28 13:51:44.611,1.45213,1.45226,1.25,1.00
2017.07.28 13:51:44.868,1.45212,1.45228,1.87,1.50
2017.07.28 13:51:45.175,1.45212,1.45226,1.37,1.00
2017.07.28 13:51:45.532,1.45212,1.45224,1.37,1.00
2017.07.28 13:51:46.110,1.45212,1.45226,1.44,1.87
2017.07.28 13:51:47.120,1.45212,1.45224,1.44,1.00
2017.07.28 13:51:47.991,1.45212,1.45226,1.44,1.50
2017.07.28 13:51:48.659,1.45212,1.45226,1.44,1.50
2017.07.28 13:51:49.155,1.45214,1.45226,1.37,1.50
2017.07.28 13:51:49.311,1.45218,1.45234,1.25,2.25
2017.07.28 13:51:49.825,1.45217,1.45231,1.44,1.12
2017.07.28 13:51:50.357,1.45217,1.4523,1.19,1.12
2017.07.28 13:51:50.563,1.45217,1.45228,1.19,1.00
2017.07.28 13:51:51.147,1.45217,1.45229,1.19,1.00
2017.07.28 13:51:51.336,1.45215,1.45228,2.06,1.12
2017.07.28 13:51:51.439,1.45214,1.45226,1.31,1.00
2017.07.28 13:51:51.745,1.45214,1.45224,1.19,1.00
2017.07.28 13:51:52.156,1.45216,1.45225,1.19,1.00
2017.07.28 13:51:52.403,1.45214,1.45225,1.19,1.00
2017.07.28 13:51:52.608,1.45216,1.45227,1.19,1.12
2017.07.28 13:51:53.069,1.45213,1.45227,1.69,1.12
2017.07.28 13:51:53.120,1.45212,1.45224,1.37,1.50
2017.07.28 13:51:53.510,1.45212,1.45227,2.25,1.50
2017.07.28 13:51:53.715,1.45212,1.45223,2.25,1.00
2017.07.28 13:51:53.818,1.45212,1.45223,1.00,1.00
2017.07.28 13:51:54.347,1.45212,1.45223,1.50,1.00
2017.07.28 13:51:54.450,1.45213,1.45221,1.00,1.00
2017.07.28 13:51:54.600,1.4521,1.45222,1.87,1.00
2017.07.28 13:51:54.651,1.45211,1.45222,1.44,1.00
2017.07.28 13:51:55.373,1.45211,1.4522,1.44,1.00
2017.07.28 13:51:56.052,1.45212,1.45222,1.19,1.00
2017.07.28 13:51:56.157,1.45212,1.45224,1.19,1.12
2017.07.28 13:51:56.314,1.45213,1.45226,1.19,1.00
2017.07.28 13:51:56.419,1.45216,1.45227,1.19,1.00
2017.07.28 13:51:56.750,1.45213,1.45228,2.81,1.19
2017.07.28 13:51:56.853,1.45215,1.45227,1.00,1.50
2017.07.28 13:51:56.906,1.45217,1.45229,1.00,1.12
2017.07.28 13:51:56.958,1.45219,1.4523,1.00,1.12
2017.07.28 13:51:57.010,1.45219,1.45234,1.50,1.87
2017.07.28 13:51:57.621,1.45219,1.45234,1.19,1.87
2017.07.28 13:51:57.912,1.45216,1.45229,2.00,1.00
2017.07.28 13:51:58.016,1.45213,1.45228,2.06,1.50
2017.07.28 13:51:58.118,1.45214,1.45229,1.19,1.12
2017.07.28 13:51:58.170,1.45214,1.4523,1.19,1.12
2017.07.28 13:51:58.705,1.45213,1.4523,1.31,1.87
2017.07.28 13:51:59.267,1.45217,1.45231,1.25,1.00
2017.07.28 13:51:59.472,1.45218,1.45233,1.19,1.92
2017.07.28 13:51:59.524,1.45218,1.45233,1.00,1.87
2017.07.28 13:51:59.654,1.45218,1.45233,1.69,1.87
2017.07.28 13:51:59.813,1.45218,1.45231,1.50,1.50
2017.07.28 13:52:00.225,1.45216,1.4523,1.00,1.37
2017.07.28 13:52:00.568,1.45212,1.45227,1.69,1.50
2017.07.28 13:52:00.620,1.45214,1.45228,1.19,1.12
2017.07.28 13:52:00.724,1.45214,1.45228,1.69,1.37
2017.07.28 13:52:00.828,1.45213,1.45228,1.19,1.00
2017.07.28 13:52:01.340,1.45213,1.45228,1.56,1.87
2017.07.28 13:52:01.888,1.45212,1.45226,1.69,1.00
2017.07.28 13:52:02.401,1.45212,1.45227,2.06,1.87
2017.07.28 13:52:03.369,1.45212,1.45227,1.69,1.50
2017.07.28 13:52:03.887,1.45211,1.45227,1.69,1.12
2017.07.28 13:52:03.990,1.45211,1.45227,2.44,1.50
2017.07.28 13:52:04.500,1.45211,1.45227,1.69,1.12
2017.07.28 13:52:04.890,1.45211,1.45225,3.19,1.00
2017.07.28 13:52:05.250,1.45214,1.45228,1.00,1.12
2017.07.28 13:52:05.607,1.45216,1.45227,1.00,1.50
2017.07.28 13:52:06.114,1.45216,1.45227,1.00,1.50
2017.07.28 13:52:06.624,1.45216,1.45226,1.00,1.00
2017.07.28 13:52:06.777,1.45213,1.45226,1.00,1.12
2017.07.28 13:52:06.880,1.45212,1.45222,1.00,1.00
2017.07.28 13:52:07.191,1.45211,1.45225,1.69,1.87
2017.07.28 13:52:07.728,1.45213,1.45223,1.25,1.00
2017.07.28 13:52:09.159,1.45212,1.45225,1.25,1.12
2017.07.28 13:52:09.468,1.45214,1.45225,1.19,1.00
2017.07.28 13:52:10.208,1.45216,1.45226,1.25,1.00
2017.07.28 13:52:10.717,1.45217,1.45228,1.00,1.87
2017.07.28 13:52:10.769,1.45214,1.45228,1.19,1.87
2017.07.28 13:52:11.232,1.45213,1.45227,1.00,1.37
2017.07.28 13:52:11.749,1.45213,1.45227,1.00,1.75
2017.07.28 13:52:12.283,1.45212,1.45227,1.69,1.37
2017.07.28 13:52:12.501,1.45215,1.45227,1.00,1.12
2017.07.28 13:52:12.655,1.45217,1.45228,1.00,1.00
2017.07.28 13:52:12.757,1.45218,1.4523,1.00,1.00
2017.07.28 13:52:13.114,1.45219,1.45231,1.00,1.75
2017.07.28 13:52:13.165,1.45214,1.45228,1.50,1.37
2017.07.28 13:52:13.217,1.45213,1.45224,1.50,1.00
2017.07.28 13:52:13.268,1.45212,1.45224,1.25,1.00
2017.07.28 13:52:13.320,1.45216,1.45226,1.00,1.87
2017.07.28 13:52:13.664,1.4522,1.45231,1.00,1.12
2017.07.28 13:52:14.214,1.4522,1.45233,1.00,1.12
2017.07.28 13:52:14.814,1.45221,1.45232,1.00,1.00
2017.07.28 13:52:16.206,1.45219,1.45233,1.25,1.75
2017.07.28 13:52:16.258,1.45219,1.45232,1.25,1.75
2017.07.28 13:52:16.660,1.45221,1.45233,1.00,1.50
2017.07.28 13:52:16.712,1.45219,1.45232,1.00,1.00
2017.07.28 13:52:16.763,1.45221,1.45232,1.00,1.37
2017.07.28 13:52:17.124,1.45219,1.45232,1.00,1.37
2017.07.28 13:52:17.331,1.45218,1.45231,2.44,1.00
2017.07.28 13:52:17.545,1.45219,1.45236,1.44,1.87
2017.07.28 13:52:17.649,1.45223,1.45237,1.19,1.50
2017.07.28 13:52:17.956,1.45219,1.45233,2.06,1.00
2017.07.28 13:52:18.266,1.45224,1.45237,1.19,1.75
2017.07.28 13:52:18.402,1.45222,1.45237,1.00,1.37
2017.07.28 13:52:18.863,1.45225,1.45238,1.19,1.75
2017.07.28 13:52:19.222,1.4522,1.45235,2.00,2.62
2017.07.28 13:52:19.273,1.4522,1.45235,1.31,2.25
2017.07.28 13:52:19.765,1.45223,1.45236,1.19,1.50
2017.07.28 13:52:19.919,1.45226,1.4524,1.19,1.37
2017.07.28 13:52:20.227,1.45225,1.4524,1.00,3.37
2017.07.28 13:52:20.735,1.45222,1.45236,1.19,1.12
2017.07.28 13:52:21.181,1.45222,1.45234,1.00,1.00
2017.07.28 13:52:21.512,1.4522,1.45234,1.00,1.12
2017.07.28 13:52:21.872,1.45219,1.45234,1.19,1.50
2017.07.28 13:52:22.382,1.45221,1.45234,2.06,1.37
2017.07.28 13:52:22.518,1.4522,1.45234,1.69,1.37
2017.07.28 13:52:22.949,1.45221,1.45235,1.19,1.00
2017.07.28 13:52:23.053,1.45225,1.45239,1.00,1.50
2017.07.28 13:52:23.580,1.45223,1.45236,1.31,1.00
2017.07.28 13:52:23.632,1.45222,1.45234,1.00,1.00
2017.07.28 13:52:24.143,1.45219,1.45235,1.69,1.75
2017.07.28 13:52:24.726,1.45222,1.45236,1.00,3.00
2017.07.28 13:52:25.085,1.45222,1.45233,1.19,1.12
2017.07.28 13:52:25.188,1.45224,1.45237,1.25,1.50
2017.07.28 13:52:26.205,1.45225,1.45236,1.00,1.00
2017.07.28 13:52:26.257,1.45223,1.45236,1.00,1.87
2017.07.28 13:52:26.810,1.45224,1.45235,1.00,1.37
2017.07.28 13:52:27.118,1.45222,1.45234,1.00,1.37
2017.07.28 13:52:27.653,1.45222,1.45234,1.00,1.75
2017.07.28 13:52:28.296,1.45222,1.45233,1.00,1.00
2017.07.28 13:52:29.699,1.45219,1.45233,1.25,1.00
2017.07.28 13:52:30.195,1.45216,1.4523,2.06,1.00
2017.07.28 13:52:30.450,1.45209,1.45225,1.69,2.25
2017.07.28 13:52:30.502,1.45207,1.45221,1.25,1.12
2017.07.28 13:52:31.034,1.45208,1.45221,1.25,1.00
2017.07.28 13:52:31.340,1.45208,1.45225,1.25,2.62
2017.07.28 13:52:31.442,1.4521,1.45225,1.00,3.37
2017.07.28 13:52:33.984,1.4521,1.45225,1.25,1.12
2017.07.28 13:52:36.104,1.45211,1.45225,1.25,1.00
2017.07.28 13:52:36.631,1.45211,1.45226,1.25,1.12
2017.07.28 13:52:37.857,1.45211,1.45225,1.25,1.00
2017.07.28 13:52:38.302,1.45215,1.45226,1.37,1.12
2017.07.28 13:52:38.406,1.45215,1.45229,1.69,1.00
2017.07.28 13:52:38.460,1.45214,1.45227,1.87,1.00
2017.07.28 13:52:38.967,1.45215,1.45227,1.37,1.00
2017.07.28 13:52:39.123,1.45215,1.4523,1.69,1.87
2017.07.28 13:52:39.175,1.45215,1.45229,1.19,1.12
2017.07.28 13:52:39.800,1.45213,1.45226,1.25,1.12
2017.07.28 13:52:40.313,1.45211,1.45226,1.37,1.00
2017.07.28 13:52:40.673,1.4521,1.45226,1.12,1.12
2017.07.28 13:52:41.196,1.45211,1.45225,1.00,1.12
2017.07.28 13:52:42.960,1.45211,1.45226,1.50,1.37
2017.07.28 13:52:43.012,1.45217,1.45227,1.12,1.00
2017.07.28 13:52:43.116,1.45218,1.45229,1.25,1.87
2017.07.28 13:52:43.168,1.45218,1.45232,1.25,1.19
2017.07.28 13:52:43.703,1.45218,1.45233,1.44,1.37
2017.07.28 13:52:44.572,1.45217,1.4523,1.31,1.00
2017.07.28 13:52:44.738,1.45214,1.45228,1.19,1.37
2017.07.28 13:52:44.893,1.45217,1.45229,1.00,1.00
2017.07.28 13:52:45.098,1.45218,1.45234,1.00,2.25
2017.07.28 13:52:45.302,1.45216,1.45231,1.00,2.25
2017.07.28 13:52:45.455,1.45213,1.4523,1.12,1.87
2017.07.28 13:52:45.508,1.45213,1.45226,1.00,1.87
2017.07.28 13:52:46.039,1.45212,1.45226,1.00,2.25
2017.07.28 13:52:47.488,1.45208,1.45222,1.37,2.62
2017.07.28 13:52:47.799,1.45202,1.45217,1.31,1.87
2017.07.28 13:52:47.992,1.45207,1.45222,1.31,2.62
2017.07.28 13:52:48.146,1.45211,1.45226,1.25,1.75
2017.07.28 13:52:48.658,1.45208,1.45224,1.87,1.37
2017.07.28 13:52:49.288,1.45211,1.45225,1.25,1.37
2017.07.28 13:52:49.339,1.45211,1.45226,1.25,1.87
2017.07.28 13:52:49.595,1.45213,1.45228,2.62,1.75
2017.07.28 13:52:49.647,1.45216,1.4523,1.25,2.25
2017.07.28 13:52:50.071,1.45213,1.45227,1.69,1.37
2017.07.28 13:52:50.130,1.45212,1.45226,1.19,1.12
2017.07.28 13:52:51.487,1.45212,1.45225,1.19,1.00
2017.07.28 13:52:51.539,1.4521,1.45225,1.31,1.00
2017.07.28 13:52:52.689,1.4521,1.45221,1.56,1.00
2017.07.28 13:52:53.845,1.4521,1.4522,1.19,1.00
2017.07.28 13:52:54.103,1.45209,1.45221,1.19,1.00
2017.07.28 13:52:54.155,1.4521,1.4522,1.19,1.00
2017.07.28 13:52:54.206,1.45209,1.45221,1.31,1.00
2017.07.28 13:52:54.656,1.45209,1.4522,1.19,1.00
2017.07.28 13:52:54.963,1.45209,1.45218,1.19,1.00
2017.07.28 13:52:55.014,1.45207,1.45218,1.31,1.00
2017.07.28 13:52:55.519,1.45207,1.45219,1.31,1.00
2017.07.28 13:52:55.910,1.45209,1.45219,1.19,1.00
2017.07.28 13:52:56.065,1.45208,1.45221,1.19,1.00
2017.07.28 13:52:56.117,1.45211,1.45222,1.19,1.00
2017.07.28 13:52:56.373,1.45208,1.45221,2.62,1.00
2017.07.28 13:52:56.915,1.45208,1.45221,1.19,1.00
2017.07.28 13:52:57.228,1.45206,1.45221,3.00,1.00
2017.07.28 13:52:57.339,1.45209,1.45222,1.19,1.00
2017.07.28 13:52:57.691,1.45208,1.45221,1.25,1.00
2017.07.28 13:52:58.210,1.45206,1.4522,1.87,1.00
2017.07.28 13:52:58.760,1.45209,1.45223,1.19,1.37
2017.07.28 13:52:58.874,1.45208,1.45223,1.31,1.37
2017.07.28 13:52:58.927,1.45209,1.45224,1.19,1.87
2017.07.28 13:52:59.441,1.45208,1.45223,1.44,1.37
2017.07.28 13:53:00.023,1.45207,1.45221,2.06,1.00
2017.07.28 13:53:00.215,1.45205,1.4522,1.25,1.12
2017.07.28 13:53:00.267,1.45203,1.45218,2.06,1.12
2017.07.28 13:53:00.574,1.45206,1.45221,2.25,1.12
2017.07.28 13:53:00.881,1.45209,1.45221,1.00,1.00
2017.07.28 13:53:01.395,1.45209,1.45223,1.37,1.87
2017.07.28 13:53:01.755,1.45209,1.45223,1.37,1.00
2017.07.28 13:53:02.286,1.45208,1.45223,1.50,1.00
2017.07.28 13:53:02.955,1.45207,1.45224,3.19,1.87
2017.07.28 13:53:03.461,1.45209,1.45224,1.12,1.12
2017.07.28 13:53:04.344,1.45216,1.45227,1.50,1.37
2017.07.28 13:53:04.447,1.45218,1.4523,1.00,1.12
2017.07.28 13:53:04.500,1.45218,1.45232,1.25,1.25
2017.07.28 13:53:04.605,1.45218,1.45233,1.87,1.50
2017.07.28 13:53:04.658,1.45218,1.45234,1.87,1.87
2017.07.28 13:53:04.966,1.4522,1.45234,1.12,1.00
2017.07.28 13:53:05.018,1.45222,1.45235,1.00,1.12
2017.07.28 13:53:05.070,1.4522,1.45235,1.31,1.12
2017.07.28 13:53:05.268,1.45217,1.45231,1.12,1.50
2017.07.28 13:53:05.527,1.45215,1.45231,1.12,1.00
2017.07.28 13:53:05.578,1.45214,1.45229,1.25,1.12
2017.07.28 13:53:06.216,1.45213,1.4523,1.87,2.62
2017.07.28 13:53:06.540,1.45215,1.4523,1.44,3.00
2017.07.28 13:53:06.593,1.45215,1.45231,1.50,1.87
2017.07.28 13:53:06.695,1.45215,1.45229,1.50,1.00
2017.07.28 13:53:07.198,1.45214,1.45229,1.87,1.50
2017.07.28 13:53:07.710,1.45215,1.45228,1.44,1.00
2017.07.28 13:53:07.762,1.45212,1.45228,1.75,1.00
2017.07.28 13:53:07.815,1.45212,1.45226,1.50,1.00
2017.07.28 13:53:07.918,1.45216,1.4523,1.19,1.50
2017.07.28 13:53:08.893,1.45216,1.45229,1.19,1.00
2017.07.28 13:53:08.945,1.45215,1.45229,1.00,1.00
2017.07.28 13:53:09.228,1.45211,1.45227,1.56,1.00
2017.07.28 13:53:09.280,1.45214,1.45227,1.19,1.00
2017.07.28 13:53:09.835,1.45215,1.45229,2.44,1.37
2017.07.28 13:53:10.142,1.45217,1.4523,1.00,1.37
2017.07.28 13:53:10.194,1.45216,1.4523,1.25,1.12
2017.07.28 13:53:10.408,1.45213,1.45227,2.62,1.50
2017.07.28 13:53:10.717,1.45218,1.45229,1.00,1.00
2017.07.28 13:53:11.228,1.45218,1.45231,1.00,2.62
2017.07.28 13:53:11.925,1.45217,1.4523,1.12,1.12
2017.07.28 13:53:13.034,1.45218,1.4523,1.00,1.12
2017.07.28 13:53:13.340,1.45215,1.45228,1.75,1.00
2017.07.28 13:53:13.852,1.45218,1.45228,1.00,1.00
2017.07.28 13:53:14.138,1.45218,1.4523,1.00,1.12
2017.07.28 13:53:14.642,1.45219,1.4523,1.00,1.12
2017.07.28 13:53:15.001,1.45217,1.4523,1.50,1.00
2017.07.28 13:53:15.256,1.45216,1.45228,1.87,1.00
2017.07.28 13:53:15.511,1.45217,1.45233,2.62,1.75
2017.07.28 13:53:15.614,1.45218,1.45233,1.19,1.00
2017.07.28 13:53:16.787,1.45217,1.45232,1.69,1.00
2017.07.28 13:53:16.839,1.45217,1.45229,1.12,1.00
2017.07.28 13:53:16.891,1.45215,1.45228,1.00,1.12
2017.07.28 13:53:16.942,1.45214,1.4523,2.06,1.87
2017.07.28 13:53:17.096,1.45217,1.45232,1.31,1.12
2017.07.28 13:53:17.639,1.4522,1.45231,1.00,1.00
2017.07.28 13:53:18.400,1.4522,1.45232,1.00,1.00
2017.07.28 13:53:18.816,1.45221,1.45234,1.31,1.00
2017.07.28 13:53:18.972,1.45224,1.45236,1.25,1.00
2017.07.28 13:53:19.487,1.45224,1.45235,1.25,1.00
2017.07.28 13:53:19.794,1.45225,1.45237,2.06,1.00
2017.07.28 13:53:20.298,1.45224,1.45237,4.31,1.00
2017.07.28 13:53:20.828,1.45226,1.45237,1.56,1.00
2017.07.28 13:53:21.128,1.45225,1.45235,1.00,1.00
2017.07.28 13:53:21.638,1.45224,1.45236,1.31,1.00
2017.07.28 13:53:22.341,1.45224,1.45235,1.31,1.00
2017.07.28 13:53:22.496,1.45221,1.45233,2.06,1.00
2017.07.28 13:53:22.957,1.45224,1.45235,1.19,1.00
2017.07.28 13:53:23.480,1.45225,1.45236,1.31,1.00
2017.07.28 13:53:23.712,1.45225,1.45238,1.19,1.00
2017.07.28 13:53:24.361,1.45226,1.45237,1.19,1.00
2017.07.28 13:53:25.459,1.45225,1.45236,1.50,1.00
2017.07.28 13:53:25.716,1.45222,1.45233,1.25,1.00
2017.07.28 13:53:26.409,1.45222,1.45234,1.31,1.00
2017.07.28 13:53:27.034,1.45221,1.45233,1.50,1.00
2017.07.28 13:53:27.138,1.45221,1.45235,1.19,1.00
2017.07.28 13:53:27.189,1.45221,1.45236,2.40,1.87
2017.07.28 13:53:27.493,1.45224,1.45238,2.06,1.00
2017.07.28 13:53:27.800,1.45224,1.45236,2.06,1.00
2017.07.28 13:53:27.954,1.45225,1.45235,1.00,1.00
2017.07.28 13:53:28.482,1.45222,1.45234,2.40,1.00
2017.07.28 13:53:28.688,1.4522,1.45232,1.31,1.00
2017.07.28 13:53:28.740,1.45221,1.45234,1.31,1.00
2017.07.28 13:53:28.791,1.45223,1.45234,3.19,1.00
2017.07.28 13:53:29.101,1.45218,1.45228,2.62,1.00
2017.07.28 13:53:29.281,1.45216,1.45227,2.25,1.00
2017.07.28 13:53:29.348,1.45214,1.45228,1.94,1.69
2017.07.28 13:53:29.656,1.45215,1.45224,1.25,1.00
2017.07.28 13:53:30.006,1.45207,1.45218,1.75,1.00
2017.07.28 13:53:30.108,1.45207,1.45219,1.00,1.00
2017.07.28 13:53:33.276,1.45206,1.45219,2.00,1.00
2017.07.28 13:53:33.531,1.45204,1.45216,1.00,1.00
2017.07.28 13:53:33.634,1.45201,1.45214,3.94,1.00
2017.07.28 13:53:34.160,1.45203,1.45213,1.12,1.00
2017.07.28 13:53:34.837,1.45202,1.45211,1.12,1.00
2017.07.28 13:53:34.889,1.45201,1.45213,1.31,1.00
2017.07.28 13:53:34.992,1.45199,1.45209,1.12,1.00
2017.07.28 13:53:35.199,1.45195,1.45207,1.00,1.00
2017.07.28 13:53:35.353,1.45196,1.45207,1.19,1.00
2017.07.28 13:53:35.508,1.45197,1.45209,2.81,1.00
2017.07.28 13:53:35.758,1.45194,1.45206,2.62,1.00
2017.07.28 13:53:36.279,1.45194,1.4521,2.62,1.50
2017.07.28 13:53:36.637,1.45196,1.45211,1.37,1.50
2017.07.28 13:53:36.985,1.45197,1.45211,1.87,1.12
2017.07.28 13:53:37.138,1.45199,1.45215,1.50,1.12
2017.07.28 13:53:37.393,1.45198,1.45213,1.31,1.00
2017.07.28 13:53:37.599,1.45197,1.45215,3.94,1.12
2017.07.28 13:53:37.854,1.45197,1.45212,3.56,1.00
2017.07.28 13:53:38.131,1.45197,1.45215,4.69,2.11
2017.07.28 13:53:38.591,1.45201,1.45216,2.62,1.61
2017.07.28 13:53:38.796,1.45207,1.45223,3.37,1.73
2017.07.28 13:53:38.848,1.45207,1.45223,3.75,1.37
2017.07.28 13:53:39.542,1.45208,1.45225,1.50,1.50
2017.07.28 13:53:40.169,1.45209,1.45225,3.19,1.00
2017.07.28 13:53:40.688,1.4521,1.45227,4.31,1.37
2017.07.28 13:53:41.284,1.4521,1.45227,4.69,1.12
2017.07.28 13:53:42.261,1.45212,1.45228,1.19,1.73
2017.07.28 13:53:42.573,1.45206,1.45221,1.00,1.12
2017.07.28 13:53:43.118,1.45205,1.45221,1.87,2.25
2017.07.28 13:53:43.221,1.45205,1.45218,2.25,1.00
2017.07.28 13:53:43.273,1.45204,1.45219,4.12,1.50
2017.07.28 13:53:43.783,1.45204,1.4522,1.50,1.37
2017.07.28 13:53:44.399,1.45205,1.45221,2.25,2.62
2017.07.28 13:53:44.661,1.45207,1.45222,1.12,3.00
2017.07.28 13:53:44.715,1.45208,1.45222,1.87,1.00
2017.07.28 13:53:44.767,1.45211,1.45226,1.87,2.25
2017.07.28 13:53:44.869,1.45213,1.45229,1.50,1.19
2017.07.28 13:53:45.064,1.45216,1.45231,2.25,1.00
2017.07.28 13:53:45.168,1.45217,1.45233,1.50,1.00
2017.07.28 13:53:45.401,1.45224,1.45231,1.50,1.00
2017.07.28 13:53:45.453,1.4522,1.45231,1.12,1.00
2017.07.28 13:53:45.504,1.4522,1.45233,1.12,1.12
2017.07.28 13:53:45.852,1.45217,1.45233,1.50,1.00
2017.07.28 13:53:46.159,1.45215,1.45231,1.75,1.00
2017.07.28 13:53:46.363,1.45213,1.45228,1.69,1.12
2017.07.28 13:53:46.907,1.4521,1.45226,1.87,1.87
2017.07.28 13:53:47.417,1.4521,1.45226,1.87,1.00
2017.07.28 13:53:48.407,1.45211,1.45227,1.50,1.37
2017.07.28 13:53:48.936,1.45211,1.45225,1.12,1.00
2017.07.28 13:53:49.447,1.4521,1.45225,1.31,1.00
2017.07.28 13:53:52.075,1.4521,1.45225,1.75,1.12
2017.07.28 13:53:52.228,1.45213,1.45228,1.50,1.50
2017.07.28 13:53:52.330,1.45214,1.45231,1.00,2.44
2017.07.28 13:53:52.534,1.45214,1.45228,1.00,1.00
2017.07.28 13:53:53.577,1.45214,1.45229,1.00,1.12
2017.07.28 13:53:54.098,1.45212,1.45228,2.06,1.00
2017.07.28 13:53:54.537,1.45212,1.45228,3.37,1.00
2017.07.28 13:53:54.588,1.45213,1.45229,1.50,1.50
2017.07.28 13:53:55.368,1.45213,1.45227,1.00,1.00
2017.07.28 13:53:55.891,1.45213,1.45228,1.00,1.00
2017.07.28 13:53:56.748,1.45211,1.45227,1.00,1.00
2017.07.28 13:53:56.892,1.4521,1.45225,1.37,1.00
2017.07.28 13:53:56.944,1.45209,1.45224,1.50,1.00
2017.07.28 13:53:57.453,1.45209,1.45225,1.12,2.25
2017.07.28 13:53:58.861,1.45209,1.45224,1.00,1.00
2017.07.28 13:53:59.489,1.45208,1.45223,1.50,1.12
2017.07.28 13:54:01.410,1.45206,1.4522,1.50,1.87
2017.07.28 13:54:01.716,1.45207,1.45223,1.12,1.12
2017.07.28 13:54:02.598,1.45207,1.45222,2.25,1.00
2017.07.28 13:54:05.228,1.45207,1.45223,2.06,1.87
2017.07.28 13:54:05.368,1.45207,1.45221,1.12,1.00
2017.07.28 13:54:05.675,1.45207,1.45224,1.87,1.37
2017.07.28 13:54:07.354,1.45209,1.45223,1.00,1.12
2017.07.28 13:54:07.405,1.45205,1.45223,1.87,1.12
2017.07.28 13:54:07.458,1.45205,1.4522,1.87,1.50
2017.07.28 13:54:07.724,1.45206,1.45222,1.50,2.62
2017.07.28 13:54:08.058,1.45207,1.45223,1.50,2.25
2017.07.28 13:54:08.312,1.45208,1.45224,1.50,1.87
2017.07.28 13:54:09.002,1.45208,1.45224,1.37,2.25
2017.07.28 13:54:09.053,1.45207,1.45223,1.12,1.12
2017.07.28 13:54:09.565,1.45206,1.45223,1.37,1.37
2017.07.28 13:54:10.112,1.45205,1.45223,3.75,1.37
2017.07.28 13:54:11.398,1.45208,1.45223,1.12,1.00
2017.07.28 13:54:11.946,1.45208,1.45224,1.50,1.12
2017.07.28 13:54:13.637,1.45208,1.45224,1.12,1.12
2017.07.28 13:54:14.101,1.45209,1.45224,1.50,1.00
2017.07.28 13:54:14.311,1.45211,1.45227,1.00,2.25
2017.07.28 13:54:14.719,1.45213,1.45227,1.00,1.12
2017.07.28 13:54:15.027,1.45221,1.45236,1.12,1.50
2017.07.28 13:54:15.377,1.45222,1.45238,1.50,1.37
2017.07.28 13:54:17.420,1.45222,1.45238,2.25,1.12
2017.07.28 13:54:17.575,1.45222,1.45235,1.37,1.00
2017.07.28 13:54:17.882,1.45216,1.4523,3.19,1.00
2017.07.28 13:54:17.981,1.45216,1.4523,2.81,1.00
2017.07.28 13:54:18.504,1.45214,1.45229,2.00,1.87
2017.07.28 13:54:18.770,1.45213,1.45225,1.37,1.00
2017.07.28 13:54:18.823,1.45209,1.45224,1.12,1.50
2017.07.28 13:54:18.875,1.45208,1.4522,1.12,1.00
2017.07.28 13:54:19.036,1.45204,1.45218,2.81,1.00
2017.07.28 13:54:19.549,1.45203,1.45219,2.62,1.87
2017.07.28 13:54:20.888,1.45203,1.45219,1.37,1.12
2017.07.28 13:54:21.627,1.45203,1.45219,1.12,1.12
2017.07.28 13:54:22.150,1.45203,1.45218,1.00,1.00
2017.07.28 13:54:22.957,1.45203,1.45218,2.62,1.00
2017.07.28 13:54:23.263,1.45202,1.45214,1.00,1.00
2017.07.28 13:54:23.611,1.45207,1.45215,1.00,1.00
2017.07.28 13:54:24.121,1.45206,1.45215,1.00,1.00
2017.07.28 13:54:24.384,1.45217,1.45227,1.00,1.00
2017.07.28 13:54:24.595,1.45218,1.4523,1.31,1.75
2017.07.28 13:54:24.700,1.45224,1.45232,1.00,1.50
2017.07.28 13:54:24.805,1.4522,1.45231,1.37,1.00
2017.07.28 13:54:24.908,1.45219,1.45228,1.50,1.00
2017.07.28 13:54:25.335,1.45221,1.45232,1.00,1.00
2017.07.28 13:54:25.441,1.45226,1.45232,1.00,1.00
2017.07.28 13:54:25.545,1.45222,1.45232,1.00,1.00
2017.07.28 13:54:25.597,1.45218,1.45232,1.50,1.50
2017.07.28 13:54:25.649,1.45217,1.4523,1.87,1.00
2017.07.28 13:54:25.956,1.45216,1.45228,2.00,1.00
2017.07.28 13:54:26.262,1.45215,1.45228,1.00,1.00
2017.07.28 13:54:26.314,1.45221,1.45227,1.00,1.00
2017.07.28 13:54:26.519,1.4522,1.45229,1.00,1.00
2017.07.28 13:54:26.571,1.4522,1.45231,1.00,1.00
2017.07.28 13:54:26.674,1.45216,1.4523,1.37,1.00
2017.07.28 13:54:26.726,1.45216,1.45227,1.37,1.00
2017.07.28 13:54:27.231,1.45218,1.45228,1.12,1.00
2017.07.28 13:54:27.284,1.45216,1.45228,1.12,1.00
2017.07.28 13:54:27.492,1.45213,1.45224,1.12,1.00
2017.07.28 13:54:27.800,1.4521,1.45222,3.00,1.00
2017.07.28 13:54:28.453,1.45212,1.45222,1.00,1.00
2017.07.28 13:54:28.966,1.4521,1.45222,1.12,1.00
2017.07.28 13:54:29.444,1.45217,1.45223,1.00,1.00
2017.07.28 13:54:29.496,1.45213,1.45222,1.00,1.00
2017.07.28 13:54:29.600,1.45213,1.45224,1.00,1.00
2017.07.28 13:54:30.086,1.45211,1.45223,1.00,1.00
2017.07.28 13:54:30.138,1.45211,1.4522,1.00,1.00
2017.07.28 13:54:30.189,1.45211,1.45222,1.00,1.00
2017.07.28 13:54:30.705,1.45212,1.45223,2.25,1.00
2017.07.28 13:54:30.843,1.45212,1.45225,2.25,1.00
2017.07.28 13:54:31.304,1.45216,1.45225,1.00,1.00
2017.07.28 13:54:31.406,1.45214,1.45227,1.00,1.00
2017.07.28 13:54:31.815,1.45218,1.45226,1.00,1.00
2017.07.28 13:54:31.947,1.45214,1.45227,1.00,1.00
2017.07.28 13:54:32.050,1.45218,1.45228,1.00,1.00
2017.07.28 13:54:32.407,1.45216,1.45228,1.00,1.00
2017.07.28 13:54:32.918,1.45218,1.45228,1.00,1.00
2017.07.28 13:54:33.189,1.45219,1.45231,1.00,1.50
2017.07.28 13:54:33.240,1.45223,1.45231,1.00,1.00
2017.07.28 13:54:33.394,1.45221,1.45233,1.12,1.00
2017.07.28 13:54:34.011,1.4522,1.45233,1.50,1.00
2017.07.28 13:54:34.388,1.45223,1.45233,1.00,1.00
2017.07.28 13:54:34.706,1.45221,1.45233,1.50,1.00
2017.07.28 13:54:34.962,1.4522,1.45231,2.25,1.00
2017.07.28 13:54:35.269,1.45218,1.45229,1.50,1.00
2017.07.28 13:54:35.321,1.45218,1.45229,1.12,1.00
2017.07.28 13:54:35.424,1.4522,1.45229,1.00,1.00
2017.07.28 13:54:35.576,1.4522,1.45231,1.00,1.00
2017.07.28 13:54:35.729,1.45218,1.45231,1.50,1.00
2017.07.28 13:54:35.781,1.45218,1.45229,1.50,1.00
2017.07.28 13:54:36.088,1.45221,1.4523,1.00,1.00
2017.07.28 13:54:36.140,1.45221,1.45233,1.12,1.12
2017.07.28 13:54:36.396,1.45223,1.45232,1.00,1.00
2017.07.28 13:54:36.448,1.45221,1.45232,1.12,1.00
2017.07.28 13:54:36.961,1.45222,1.45232,1.00,1.00
2017.07.28 13:54:37.268,1.45221,1.45237,1.12,2.62
2017.07.28 13:54:38.124,1.4522,1.45236,1.12,1.50
2017.07.28 13:54:38.431,1.45219,1.45234,2.62,1.00
2017.07.28 13:54:38.483,1.45219,1.45236,1.87,1.50
2017.07.28 13:54:39.117,1.4522,1.45236,1.00,2.25
2017.07.28 13:54:39.582,1.45222,1.45236,1.00,1.12
2017.07.28 13:54:39.786,1.4522,1.45236,1.00,1.12
2017.07.28 13:54:40.147,1.45222,1.45236,1.00,1.87
2017.07.28 13:54:40.300,1.4522,1.45237,1.00,3.37
2017.07.28 13:54:40.596,1.45223,1.45236,1.00,1.50
2017.07.28 13:54:40.773,1.45221,1.45236,1.00,1.00
2017.07.28 13:54:41.029,1.45219,1.45236,2.62,1.25
2017.07.28 13:54:41.389,1.45222,1.45235,1.00,1.00
2017.07.28 13:54:41.595,1.45215,1.4523,2.25,1.50
2017.07.28 13:54:41.787,1.4522,1.45232,1.00,2.44
2017.07.28 13:54:42.297,1.45219,1.45231,1.00,1.00
2017.07.28 13:54:42.807,1.4522,1.45231,1.00,1.00
2017.07.28 13:54:43.148,1.45219,1.45229,1.00,1.00
2017.07.28 13:54:43.199,1.45217,1.4523,1.00,1.00
2017.07.28 13:54:43.404,1.45218,1.45228,1.00,1.00
2017.07.28 13:54:43.843,1.45219,1.4523,1.00,2.25
2017.07.28 13:54:44.355,1.4522,1.4523,1.00,1.50
2017.07.28 13:54:44.905,1.45219,1.4523,1.00,1.12
2017.07.28 13:54:45.417,1.45219,1.45232,1.00,2.25
2017.07.28 13:54:45.673,1.45219,1.4523,1.00,1.00
2017.07.28 13:54:45.827,1.45219,1.45232,1.00,3.00
2017.07.28 13:54:46.200,1.45222,1.45231,1.00,1.50
2017.07.28 13:54:46.303,1.45222,1.45234,1.00,1.00
2017.07.28 13:54:46.815,1.45222,1.45232,1.00,1.00
2017.07.28 13:54:47.371,1.45223,1.45234,1.00,1.50
2017.07.28 13:54:47.423,1.45221,1.45233,1.00,1.50
2017.07.28 13:54:47.936,1.45222,1.45233,1.00,1.00
2017.07.28 13:54:48.455,1.45222,1.45234,1.00,1.50
2017.07.28 13:54:48.988,1.45222,1.45233,1.00,1.00
2017.07.28 13:54:49.515,1.45222,1.45234,1.00,1.87
2017.07.28 13:54:49.669,1.45224,1.45234,1.00,1.12
2017.07.28 13:54:49.966,1.45223,1.45236,1.00,2.25
2017.07.28 13:54:51.991,1.45223,1.45235,1.00,1.00
2017.07.28 13:54:52.498,1.45224,1.45236,1.00,1.87
2017.07.28 13:54:53.058,1.45224,1.45236,1.00,1.50
2017.07.28 13:54:53.581,1.45224,1.45235,1.00,1.00
2017.07.28 13:54:53.971,1.45219,1.45231,2.25,1.00
2017.07.28 13:54:54.076,1.45218,1.45229,1.50,1.00
2017.07.28 13:54:54.333,1.45218,1.45232,1.00,1.00
2017.07.28 13:54:54.386,1.4522,1.45231,1.00,1.00
2017.07.28 13:54:54.692,1.4522,1.45232,1.75,1.00
2017.07.28 13:54:55.155,1.45222,1.45234,1.12,1.00
2017.07.28 13:54:56.337,1.45222,1.45232,1.00,1.00
2017.07.28 13:54:57.171,1.45222,1.45235,1.50,1.00
2017.07.28 13:54:57.274,1.45225,1.45235,1.00,1.00
2017.07.28 13:54:57.377,1.45223,1.45235,1.00,1.00
2017.07.28 13:54:57.582,1.45225,1.45235,1.50,1.00
2017.07.28 13:54:57.891,1.4524,1.45245,1.00,1.00
2017.07.28 13:54:57.943,1.45236,1.45245,1.00,1.00
2017.07.28 13:54:57.995,1.45234,1.45242,1.37,1.00
2017.07.28 13:54:58.049,1.45231,1.45242,2.62,1.00
2017.07.28 13:54:58.151,1.45228,1.45236,1.50,1.00
2017.07.28 13:54:58.255,1.45224,1.45236,2.62,1.00
2017.07.28 13:54:58.307,1.45229,1.45236,1.00,1.00
2017.07.28 13:54:58.409,1.45227,1.45236,1.00,1.00
2017.07.28 13:54:58.512,1.45226,1.45238,1.00,1.00
2017.07.28 13:54:58.822,1.45224,1.45238,1.12,1.00
2017.07.28 13:54:59.027,1.45229,1.45242,1.00,3.56
2017.07.28 13:54:59.489,1.45227,1.4524,1.00,1.87
2017.07.28 13:55:00.001,1.45228,1.4524,1.00,1.75
2017.07.28 13:55:00.104,1.45226,1.45239,1.00,1.62
2017.07.28 13:55:00.156,1.45228,1.45241,1.00,1.69
2017.07.28 13:55:00.517,1.45233,1.45245,1.00,3.00
2017.07.28 13:55:00.723,1.45231,1.45244,1.00,1.37
2017.07.28 13:55:01.081,1.45233,1.45244,1.00,1.37
2017.07.28 13:55:02.555,1.45235,1.45246,1.00,1.87
2017.07.28 13:55:02.702,1.45236,1.45245,1.00,1.00
2017.07.28 13:55:02.958,1.45234,1.45245,1.00,1.00
2017.07.28 13:55:03.216,1.45236,1.45246,1.00,1.00
2017.07.28 13:55:03.727,1.45235,1.45246,1.00,1.00
2017.07.28 13:55:04.077,1.45227,1.45236,1.00,1.00
2017.07.28 13:55:04.742,1.45225,1.45236,1.00,1.00
2017.07.28 13:55:05.299,1.45226,1.45236,1.00,1.00
2017.07.28 13:55:05.804,1.45227,1.45238,1.00,1.87
2017.07.28 13:55:06.215,1.45228,1.45241,1.00,2.25
2017.07.28 13:55:06.268,1.4523,1.45239,1.00,1.00
2017.07.28 13:55:06.435,1.45232,1.45245,1.00,1.37
2017.07.28 13:55:06.493,1.45231,1.45243,1.00,1.37
2017.07.28 13:55:07.009,1.45233,1.45244,1.00,1.12
2017.07.28 13:55:07.366,1.45234,1.45244,1.00,1.87
2017.07.28 13:55:07.649,1.4523,1.45243,1.00,1.99
2017.07.28 13:55:08.167,1.45229,1.45242,1.00,2.74
2017.07.28 13:55:08.503,1.45229,1.4524,1.00,1.12
2017.07.28 13:55:08.554,1.4523,1.45242,1.00,3.12
2017.07.28 13:55:10.239,1.45229,1.45238,1.00,1.00
2017.07.28 13:55:10.703,1.45228,1.4524,1.00,1.00
2017.07.28 13:55:11.467,1.45228,1.45238,1.00,1.00
2017.07.28 13:55:12.403,1.45227,1.45241,1.00,1.87
2017.07.28 13:55:12.875,1.45229,1.4524,1.00,2.25
2017.07.28 13:55:12.926,1.45227,1.4524,1.00,2.25
2017.07.28 13:55:12.978,1.45227,1.4524,1.00,1.50
2017.07.28 13:55:13.284,1.45229,1.4524,1.00,1.50
2017.07.28 13:55:13.387,1.45227,1.4524,1.00,2.25
2017.07.28 13:55:13.746,1.45231,1.45241,1.00,1.37
2017.07.28 13:55:14.296,1.45231,1.45243,1.00,1.50
2017.07.28 13:55:14.673,1.45231,1.45243,1.00,1.12
2017.07.28 13:55:15.609,1.45229,1.45244,1.00,1.37
2017.07.28 13:55:15.813,1.45231,1.45243,1.00,1.00
2017.07.28 13:55:16.230,1.45233,1.45243,1.00,1.00
2017.07.28 13:55:16.385,1.4523,1.45243,1.00,1.00
2017.07.28 13:55:16.890,1.4523,1.45242,1.00,1.00
2017.07.28 13:55:17.584,1.4523,1.45243,1.19,1.50
2017.07.28 13:55:17.637,1.45232,1.45244,1.19,1.37
2017.07.28 13:55:18.082,1.45233,1.45245,1.19,1.00
2017.07.28 13:55:18.237,1.45234,1.45247,1.69,1.50
2017.07.28 13:55:18.793,1.45235,1.45247,1.19,1.12
2017.07.28 13:55:19.309,1.45235,1.45247,1.19,1.12
2017.07.28 13:55:19.947,1.45236,1.45248,1.19,1.00
2017.07.28 13:55:21.068,1.45236,1.45248,1.00,1.00
2017.07.28 13:55:22.758,1.45235,1.45248,1.25,1.12
2017.07.28 13:55:23.341,1.45239,1.45248,1.25,1.00
2017.07.28 13:55:23.545,1.45239,1.4525,1.00,1.00
2017.07.28 13:55:24.181,1.45241,1.45252,1.00,1.75
2017.07.28 13:55:24.336,1.45242,1.45255,1.19,1.87
2017.07.28 13:55:24.388,1.45242,1.45255,1.19,1.12
2017.07.28 13:55:24.440,1.45243,1.45254,1.25,1.37
2017.07.28 13:55:24.748,1.45239,1.45248,1.00,1.50
2017.07.28 13:55:25.199,1.45242,1.45251,1.00,1.50
2017.07.28 13:55:25.353,1.45243,1.45253,1.00,1.12
2017.07.28 13:55:25.864,1.45244,1.45255,1.00,1.87
2017.07.28 13:55:26.396,1.45244,1.45255,1.00,1.37
2017.07.28 13:55:26.448,1.45246,1.45256,1.00,1.87
2017.07.28 13:55:26.806,1.45247,1.45257,1.00,1.00
2017.07.28 13:55:26.858,1.45247,1.45255,1.00,1.00
2017.07.28 13:55:27.157,1.45248,1.45257,1.00,1.00
2017.07.28 13:55:27.719,1.45249,1.45259,1.00,1.00
2017.07.28 13:55:27.771,1.45251,1.4526,1.00,1.87
2017.07.28 13:55:28.383,1.45252,1.45262,1.00,2.25
2017.07.28 13:55:28.486,1.45253,1.45262,1.00,1.00
2017.07.28 13:55:28.640,1.45253,1.45265,1.00,1.87
2017.07.28 13:55:29.341,1.45254,1.45264,1.00,1.00
2017.07.28 13:55:29.443,1.45252,1.45262,1.00,1.00
2017.07.28 13:55:29.905,1.45251,1.45259,1.00,1.00
2017.07.28 13:55:30.318,1.45249,1.4526,1.25,1.12
2017.07.28 13:55:30.421,1.45251,1.4526,1.00,1.12
2017.07.28 13:55:31.218,1.45249,1.45262,1.00,1.12
2017.07.28 13:55:31.272,1.45252,1.45261,1.00,1.37
2017.07.28 13:55:31.784,1.45251,1.45262,1.00,1.12
2017.07.28 13:55:32.088,1.45253,1.45262,1.00,1.12
2017.07.28 13:55:32.599,1.45252,1.45263,1.00,3.00
2017.07.28 13:55:33.148,1.45254,1.45265,1.00,1.87
2017.07.28 13:55:33.201,1.45254,1.45266,1.00,1.37
2017.07.28 13:55:33.305,1.45256,1.45267,1.00,2.25
2017.07.28 13:55:33.819,1.45255,1.45267,1.00,1.75
2017.07.28 13:55:34.335,1.45255,1.45266,1.00,1.00
2017.07.28 13:55:34.861,1.45256,1.45267,1.00,1.37
2017.07.28 13:55:35.394,1.45259,1.45268,1.00,1.87
2017.07.28 13:55:35.602,1.45264,1.45275,1.00,1.87
2017.07.28 13:55:36.046,1.45266,1.45277,1.00,1.12
2017.07.28 13:55:36.559,1.45266,1.45277,1.00,1.37
2017.07.28 13:55:37.071,1.45265,1.45277,1.00,1.50
2017.07.28 13:55:37.378,1.45263,1.45274,1.00,1.12
2017.07.28 13:55:37.888,1.45263,1.45275,1.00,1.00
2017.07.28 13:55:38.210,1.45265,1.45275,1.00,1.00
2017.07.28 13:55:38.725,1.45266,1.45276,1.00,1.87
2017.07.28 13:55:39.263,1.45265,1.45278,1.00,1.87
2017.07.28 13:55:40.593,1.45265,1.45277,1.00,1.00
2017.07.28 13:55:41.093,1.45267,1.45279,1.00,1.12
2017.07.28 13:55:41.990,1.45272,1.45281,1.00,1.50
2017.07.28 13:55:42.176,1.45278,1.45289,1.00,1.12
2017.07.28 13:55:42.483,1.45278,1.4529,1.19,1.12
2017.07.28 13:55:42.997,1.45279,1.45291,1.19,1.87
2017.07.28 13:55:43.303,1.45278,1.4529,1.25,2.25
2017.07.28 13:55:44.022,1.45279,1.4529,1.00,1.37
2017.07.28 13:55:44.504,1.45278,1.4529,1.25,2.25
2017.07.28 13:55:44.659,1.45273,1.45284,1.00,1.12
2017.07.28 13:55:44.710,1.45273,1.45282,1.00,1.00
2017.07.28 13:55:44.865,1.45269,1.45282,1.19,1.50
2017.07.28 13:55:45.194,1.45264,1.45281,1.69,1.87
2017.07.28 13:55:45.860,1.45263,1.45277,1.69,1.50
2017.07.28 13:55:46.164,1.45257,1.45272,1.31,1.12
2017.07.28 13:55:46.677,1.45257,1.45272,1.31,1.50
2017.07.28 13:55:47.232,1.45257,1.45272,1.19,1.00
2017.07.28 13:55:47.395,1.45253,1.45268,1.19,1.12
2017.07.28 13:55:47.450,1.45254,1.45268,1.19,1.50
2017.07.28 13:55:47.502,1.45249,1.45266,2.44,1.50
2017.07.28 13:55:47.553,1.45249,1.45265,1.69,1.50
2017.07.28 13:55:47.860,1.45244,1.45259,1.19,1.00
2017.07.28 13:55:48.376,1.45245,1.45259,1.19,1.00
2017.07.28 13:55:49.647,1.45244,1.45256,1.25,1.00
2017.07.28 13:55:50.245,1.45241,1.45257,1.19,2.62
2017.07.28 13:55:50.297,1.4524,1.45254,1.19,1.50
2017.07.28 13:55:50.651,1.45237,1.45253,1.19,1.87
2017.07.28 13:55:51.696,1.4524,1.45254,1.25,1.50
2017.07.28 13:55:52.629,1.45238,1.45254,1.19,2.25
2017.07.28 13:55:53.166,1.45239,1.45254,1.19,1.87
2017.07.28 13:55:53.863,1.45239,1.45254,1.19,1.87
2017.07.28 13:55:55.387,1.45241,1.45254,1.00,2.25
2017.07.28 13:55:56.274,1.45241,1.45254,1.00,2.25
2017.07.28 13:55:56.427,1.45239,1.45253,1.19,1.87
2017.07.28 13:55:56.949,1.4524,1.45252,1.25,1.12
2017.07.28 13:55:57.514,1.45241,1.45253,1.00,1.37
2017.07.28 13:55:58.046,1.45242,1.45254,1.00,1.75
2017.07.28 13:55:58.622,1.45242,1.45253,1.00,1.00
2017.07.28 13:55:59.170,1.45243,1.45255,1.00,1.37
2017.07.28 13:55:59.272,1.45246,1.45258,1.00,1.75
2017.07.28 13:55:59.527,1.45246,1.45259,1.00,1.37
2017.07.28 13:56:00.656,1.45245,1.45259,1.25,1.37
2017.07.28 13:56:01.191,1.45245,1.45259,1.25,1.00
2017.07.28 13:56:02.273,1.45245,1.45261,1.25,1.75
2017.07.28 13:56:02.784,1.45245,1.45261,1.25,1.50
2017.07.28 13:56:03.296,1.45246,1.45261,1.00,2.25
2017.07.28 13:56:04.241,1.45245,1.45261,1.25,1.75
2017.07.28 13:56:04.502,1.45247,1.45261,1.00,1.75
2017.07.28 13:56:05.366,1.45247,1.45261,1.25,1.37
2017.07.28 13:56:07.633,1.45245,1.4526,1.25,1.50
2017.07.28 13:56:07.686,1.45247,1.45259,1.25,1.00
2017.07.28 13:56:07.789,1.45249,1.45262,1.00,1.00
2017.07.28 13:56:08.223,1.45247,1.45262,2.06,1.50
2017.07.28 13:56:08.275,1.45249,1.45262,1.19,1.50
2017.07.28 13:56:08.805,1.4525,1.45262,1.25,1.00
2017.07.28 13:56:10.579,1.45249,1.45263,1.19,1.37
2017.07.28 13:56:10.933,1.45249,1.45263,1.19,1.00
2017.07.28 13:56:12.343,1.4525,1.45264,1.25,1.00
2017.07.28 13:56:12.623,1.4525,1.45264,1.25,1.12
2017.07.28 13:56:13.974,1.45248,1.45262,1.00,1.50
2017.07.28 13:56:14.230,1.45247,1.45261,1.25,1.12
2017.07.28 13:56:15.053,1.45247,1.45261,1.19,1.00
2017.07.28 13:56:17.263,1.45249,1.45263,1.00,1.00
2017.07.28 13:56:18.307,1.45249,1.45263,1.19,1.00
2017.07.28 13:56:19.276,1.45249,1.45264,1.87,1.12
2017.07.28 13:56:19.430,1.45251,1.45266,1.25,1.50
2017.07.28 13:56:19.533,1.45252,1.45267,1.12,1.12
2017.07.28 13:56:21.508,1.45253,1.45269,1.37,1.87
2017.07.28 13:56:22.012,1.45253,1.45269,1.37,1.50
2017.07.28 13:56:22.459,1.45252,1.4527,1.50,2.25
2017.07.28 13:56:23.041,1.45255,1.45269,1.31,1.37
2017.07.28 13:56:23.093,1.45255,1.45271,2.44,1.50
2017.07.28 13:56:23.610,1.45256,1.45272,1.00,1.87
2017.07.28 13:56:24.152,1.45256,1.45272,1.00,1.87
2017.07.28 13:56:25.094,1.45256,1.45272,1.12,1.87
2017.07.28 13:56:25.618,1.45255,1.45271,2.06,1.00
2017.07.28 13:56:26.165,1.45255,1.4527,1.25,1.87
2017.07.28 13:56:26.697,1.45253,1.45269,2.06,1.00
2017.07.28 13:56:26.851,1.45253,1.45269,1.31,1.75
2017.07.28 13:56:26.903,1.45253,1.45267,1.31,1.50
2017.07.28 13:56:27.006,1.45251,1.45266,1.00,1.00
2017.07.28 13:56:27.057,1.45252,1.45266,1.00,1.37
2017.07.28 13:56:27.160,1.4525,1.45266,1.69,1.00
2017.07.28 13:56:27.370,1.45253,1.45268,1.12,1.37
2017.07.28 13:56:27.667,1.45255,1.4527,1.00,1.12
2017.07.28 13:56:28.177,1.45255,1.45271,2.25,1.50
2017.07.28 13:56:30.511,1.4526,1.45272,1.00,1.50
2017.07.28 13:56:31.714,1.45258,1.45272,1.00,1.37
2017.07.28 13:56:31.868,1.45258,1.45272,1.00,1.87
2017.07.28 13:56:32.073,1.45256,1.45271,1.00,1.75
2017.07.28 13:56:32.380,1.45255,1.45267,1.00,1.37
2017.07.28 13:56:33.660,1.45255,1.45266,1.00,1.87
2017.07.28 13:56:33.763,1.45252,1.45263,1.00,1.50
2017.07.28 13:56:33.816,1.4525,1.45262,1.12,1.12
2017.07.28 13:56:33.974,1.45248,1.45259,1.00,1.00
2017.07.28 13:56:34.485,1.45247,1.45261,1.00,1.87
2017.07.28 13:56:34.536,1.45249,1.45261,1.00,1.87
2017.07.28 13:56:35.084,1.45249,1.45261,1.00,1.00
2017.07.28 13:56:35.593,1.4525,1.45262,1.00,2.25
2017.07.28 13:56:36.179,1.45249,1.45261,1.00,1.00
2017.07.28 13:56:36.703,1.45249,1.45262,1.00,1.12
2017.07.28 13:56:37.252,1.45249,1.45262,1.00,1.37
2017.07.28 13:56:37.763,1.45249,1.45262,1.00,1.12
2017.07.28 13:56:38.574,1.4525,1.45262,1.00,1.12
2017.07.28 13:56:38.982,1.45252,1.45264,1.00,1.12
2017.07.28 13:56:39.676,1.4525,1.45264,1.00,1.12
2017.07.28 13:56:40.187,1.4525,1.45265,1.00,2.25
2017.07.28 13:56:40.698,1.45251,1.45265,1.00,2.25
2017.07.28 13:56:48.942,1.45252,1.45264,1.00,1.37
2017.07.28 13:56:49.146,1.45254,1.45264,1.00,1.37
2017.07.28 13:56:49.249,1.45256,1.45267,1.19,1.00
2017.07.28 13:56:49.301,1.45256,1.4527,1.19,1.50
2017.07.28 13:56:49.352,1.45259,1.4527,1.00,1.12
2017.07.28 13:56:49.655,1.45262,1.45274,1.25,1.00
2017.07.28 13:56:49.967,1.45264,1.45276,1.00,1.12
2017.07.28 13:56:50.121,1.45262,1.45275,1.00,1.50
2017.07.28 13:56:50.172,1.45267,1.45272,1.00,1.00
2017.07.28 13:56:50.646,1.45265,1.45272,1.00,1.50
2017.07.28 13:56:50.800,1.45265,1.4527,1.00,1.00
2017.07.28 13:56:53.938,1.45267,1.45273,1.00,1.87
2017.07.28 13:56:54.245,1.45267,1.45275,1.00,2.25
2017.07.28 13:56:54.779,1.45268,1.45274,1.00,1.50
2017.07.28 13:56:54.976,1.45266,1.45274,1.00,1.50
2017.07.28 13:56:55.236,1.45268,1.45274,1.00,1.37
2017.07.28 13:56:55.494,1.45272,1.4528,1.00,1.50
2017.07.28 13:56:55.545,1.45274,1.4528,1.00,1.37
2017.07.28 13:56:56.461,1.45274,1.45283,1.00,1.75
2017.07.28 13:56:58.703,1.45274,1.45283,1.00,1.87
2017.07.28 13:56:59.227,1.45275,1.45283,1.00,1.87
2017.07.28 13:57:00.014,1.45273,1.45283,1.00,1.87
2017.07.28 13:57:01.341,1.45272,1.45278,1.00,1.12
2017.07.28 13:57:01.496,1.45271,1.45276,1.00,1.00
2017.07.28 13:57:01.704,1.45269,1.45276,1.00,1.00
2017.07.28 13:57:02.112,1.45269,1.45276,1.00,1.12
2017.07.28 13:57:03.038,1.45268,1.45274,1.00,1.00
2017.07.28 13:57:03.348,1.45265,1.45274,1.25,1.37
2017.07.28 13:57:03.450,1.45264,1.45272,1.00,1.12
2017.07.28 13:57:03.859,1.45266,1.45273,1.00,1.37
2017.07.28 13:57:04.376,1.45265,1.45272,1.00,1.00
2017.07.28 13:57:04.899,1.45265,1.45272,1.00,1.37
2017.07.28 13:57:05.474,1.45264,1.45272,1.00,1.37
2017.07.28 13:57:05.986,1.45264,1.45272,1.00,1.12
2017.07.28 13:57:06.507,1.45264,1.45271,1.00,3.00
2017.07.28 13:57:06.656,1.4526,1.45269,1.00,1.87
2017.07.28 13:57:06.811,1.45258,1.45267,1.00,2.62
2017.07.28 13:57:06.913,1.45256,1.45263,1.00,1.12
2017.07.28 13:57:08.051,1.45256,1.45265,1.00,1.75
2017.07.28 13:57:10.289,1.45258,1.45265,1.00,1.37
2017.07.28 13:57:10.801,1.45258,1.45266,1.00,1.87
2017.07.28 13:57:11.321,1.45257,1.45266,1.00,1.87
2017.07.28 13:57:11.846,1.45257,1.45266,1.00,1.75
2017.07.28 13:57:12.832,1.45259,1.45266,1.00,1.12
2017.07.28 13:57:13.892,1.45261,1.45267,1.00,1.87
2017.07.28 13:57:13.944,1.45263,1.45269,1.00,1.87
2017.07.28 13:57:14.472,1.45264,1.45271,1.00,1.50
2017.07.28 13:57:14.982,1.45263,1.45271,1.00,1.87
2017.07.28 13:57:15.792,1.45259,1.45268,1.00,1.12
2017.07.28 13:57:16.304,1.45258,1.45264,1.00,1.00
2017.07.28 13:57:17.355,1.45257,1.45264,1.00,1.00
2017.07.28 13:57:17.900,1.45258,1.45264,1.00,1.12
2017.07.28 13:57:18.441,1.45259,1.45266,1.00,1.12
2017.07.28 13:57:18.746,1.45262,1.45269,1.00,1.87
2017.07.28 13:57:18.797,1.4526,1.45268,1.00,1.75
2017.07.28 13:57:19.550,1.4526,1.45267,1.00,1.12
2017.07.28 13:57:20.430,1.45262,1.45267,1.00,1.00
2017.07.28 13:57:20.482,1.45257,1.45267,1.00,1.00
2017.07.28 13:57:20.534,1.45265,1.45269,1.00,1.00
2017.07.28 13:57:20.586,1.45265,1.45272,1.00,1.12
2017.07.28 13:57:20.689,1.45267,1.45273,1.00,1.37
2017.07.28 13:57:21.217,1.45268,1.45275,1.00,1.37
2017.07.28 13:57:21.320,1.45269,1.45275,1.00,1.00
2017.07.28 13:57:21.954,1.4527,1.45277,1.00,1.75
2017.07.28 13:57:22.548,1.4527,1.45277,1.00,1.37
2017.07.28 13:57:24.158,1.45269,1.45277,1.00,1.37
2017.07.28 13:57:24.209,1.45272,1.45277,1.00,1.87
2017.07.28 13:57:24.312,1.4527,1.45279,1.00,1.75
2017.07.28 13:57:24.863,1.4527,1.45279,1.00,1.50
2017.07.28 13:57:25.222,1.45272,1.45279,1.00,1.87
2017.07.28 13:57:26.493,1.45271,1.45278,1.00,1.12
2017.07.28 13:57:30.187,1.45269,1.45278,1.00,1.87
2017.07.28 13:57:30.290,1.45271,1.45277,1.00,2.25
2017.07.28 13:57:30.341,1.45268,1.45276,1.00,2.25
2017.07.28 13:57:30.820,1.45266,1.45275,1.00,1.50
2017.07.28 13:57:30.974,1.45269,1.45275,1.00,1.12
2017.07.28 13:57:31.026,1.45266,1.45274,1.00,1.00
2017.07.28 13:57:31.538,1.45267,1.45276,1.00,3.37
2017.07.28 13:57:32.189,1.45268,1.45276,1.00,2.25
2017.07.28 13:57:34.847,1.45269,1.45278,1.00,2.25
2017.07.28 13:57:35.204,1.45272,1.45279,1.00,1.12
2017.07.28 13:57:35.463,1.45274,1.45281,1.00,1.87
2017.07.28 13:57:35.515,1.45276,1.45282,1.00,1.37
2017.07.28 13:57:35.618,1.45276,1.45283,1.00,1.00
2017.07.28 13:57:36.126,1.45277,1.45284,1.00,1.00
2017.07.28 13:57:37.327,1.45277,1.45286,1.00,1.50
2017.07.28 13:57:38.370,1.45278,1.45286,1.00,1.87
2017.07.28 13:57:39.837,1.45278,1.45283,1.00,1.37
2017.07.28 13:57:39.990,1.45276,1.45283,1.00,1.37
2017.07.28 13:57:40.501,1.45277,1.45283,1.00,1.50
2017.07.28 13:57:42.650,1.45278,1.45285,1.00,2.62
2017.07.28 13:57:43.500,1.45277,1.45285,1.00,2.62
2017.07.28 13:57:43.857,1.45274,1.4528,1.00,1.00
2017.07.28 13:57:43.960,1.45274,1.45278,1.00,1.00
2017.07.28 13:57:44.368,1.45271,1.45275,1.00,1.00
2017.07.28 13:57:44.574,1.45273,1.45277,1.00,1.00
2017.07.28 13:57:45.086,1.45272,1.45277,1.00,1.00
2017.07.28 13:57:45.597,1.45272,1.45278,1.00,1.12
2017.07.28 13:57:46.106,1.45273,1.45279,1.00,3.37
2017.07.28 13:57:46.260,1.45272,1.45276,1.00,1.00
2017.07.28 13:57:46.363,1.45273,1.45278,1.00,1.12
2017.07.28 13:57:46.804,1.45272,1.45276,1.00,1.00
2017.07.28 13:57:47.316,1.45271,1.45277,1.00,2.62
2017.07.28 13:57:48.000,1.45273,1.45277,1.00,1.00
2017.07.28 13:57:48.513,1.45274,1.45278,1.00,1.50
2017.07.28 13:57:49.026,1.45274,1.45278,1.00,1.12
2017.07.28 13:57:49.423,1.45278,1.45283,1.00,1.12
2017.07.28 13:57:49.527,1.45281,1.45288,1.00,1.12
2017.07.28 13:57:49.579,1.45283,1.45289,1.00,1.12
2017.07.28 13:57:49.936,1.45283,1.45287,1.00,1.00
2017.07.28 13:57:50.250,1.45292,1.45296,1.00,1.00
2017.07.28 13:57:50.301,1.45292,1.45299,1.00,1.37
2017.07.28 13:57:50.353,1.4529,1.45299,1.00,1.50
2017.07.28 13:57:50.405,1.45292,1.45299,1.00,1.50
2017.07.28 13:57:50.916,1.45291,1.45299,1.00,1.87
2017.07.28 13:57:51.412,1.45291,1.45295,1.00,1.00
2017.07.28 13:57:51.669,1.45291,1.45297,1.00,1.00
2017.07.28 13:57:52.078,1.45289,1.45293,1.00,1.00
2017.07.28 13:57:52.130,1.45289,1.45294,1.00,1.00
2017.07.28 13:57:52.182,1.45291,1.45296,1.00,1.50
2017.07.28 13:57:52.489,1.45288,1.45296,1.00,1.50
2017.07.28 13:57:52.706,1.45291,1.45297,1.00,1.50
2017.07.28 13:57:53.014,1.45287,1.45293,1.00,1.50
2017.07.28 13:57:53.525,1.45286,1.45293,1.00,1.87
2017.07.28 13:57:54.036,1.45285,1.45291,1.00,1.00
2017.07.28 13:57:54.551,1.45286,1.45291,1.00,1.00
2017.07.28 13:57:54.654,1.45284,1.45291,1.00,1.50
2017.07.28 13:57:54.912,1.45286,1.45291,1.00,1.50
2017.07.28 13:57:55.217,1.45284,1.45291,1.00,1.37
2017.07.28 13:57:55.677,1.45287,1.45291,1.00,1.87
2017.07.28 13:57:56.256,1.45288,1.45292,1.00,1.00
2017.07.28 13:57:56.768,1.45287,1.45294,1.00,1.75
2017.07.28 13:57:56.820,1.45289,1.45294,1.00,1.00
2017.07.28 13:57:57.338,1.45288,1.45295,1.00,2.62
2017.07.28 13:57:57.850,1.45289,1.45295,1.00,1.87
2017.07.28 13:57:58.474,1.45292,1.45296,1.00,1.87
2017.07.28 13:57:58.781,1.45294,1.453,1.00,1.87
2017.07.28 13:57:59.762,1.45293,1.45303,1.00,1.37
2017.07.28 13:58:00.071,1.45292,1.45298,1.00,1.00
2017.07.28 13:58:00.122,1.45289,1.45297,1.00,1.00
2017.07.28 13:58:00.174,1.45291,1.45298,1.00,1.00
2017.07.28 13:58:00.482,1.45293,1.45297,1.00,1.00
2017.07.28 13:58:00.844,1.45295,1.45302,1.00,1.37
2017.07.28 13:58:00.896,1.45298,1.45303,1.00,1.00
2017.07.28 13:58:00.947,1.45298,1.45305,1.00,1.12
2017.07.28 13:58:01.000,1.453,1.45305,1.00,1.00
2017.07.28 13:58:01.515,1.45299,1.45307,1.00,2.06
2017.07.28 13:58:01.836,1.45296,1.45304,1.00,1.12
2017.07.28 13:58:01.939,1.45298,1.45305,1.00,1.50
2017.07.28 13:58:02.145,1.45296,1.45303,1.00,1.00
2017.07.28 13:58:02.349,1.45297,1.45305,1.00,1.00
2017.07.28 13:58:02.451,1.453,1.45306,1.00,2.06
2017.07.28 13:58:02.555,1.45298,1.45306,1.00,1.31
2017.07.28 13:58:02.658,1.45298,1.45302,1.00,1.00
2017.07.28 13:58:02.709,1.45296,1.45303,1.00,1.00
2017.07.28 13:58:02.995,1.45297,1.45305,1.00,1.12
2017.07.28 13:58:03.506,1.45299,1.45305,1.00,1.50
2017.07.28 13:58:04.137,1.45298,1.45305,1.00,1.00
2017.07.28 13:58:04.446,1.45303,1.45309,1.00,1.50
2017.07.28 13:58:04.959,1.45304,1.45308,1.00,1.87
2017.07.28 13:58:05.249,1.45301,1.45307,1.00,1.50
2017.07.28 13:58:05.402,1.45303,1.45307,1.00,1.50
2017.07.28 13:58:05.658,1.45298,1.45307,1.00,1.87
2017.07.28 13:58:05.760,1.453,1.45307,1.00,1.00
2017.07.28 13:58:06.118,1.453,1.45305,1.00,1.00
2017.07.28 13:58:06.322,1.453,1.45307,1.00,1.50
2017.07.28 13:58:07.021,1.45301,1.45307,1.00,2.62
2017.07.28 13:58:07.175,1.45299,1.45307,1.00,1.87
2017.07.28 13:58:07.978,1.453,1.45307,1.00,1.50
2017.07.28 13:58:08.131,1.45299,1.45307,1.00,1.87
2017.07.28 13:58:08.387,1.45297,1.45304,1.00,1.00
2017.07.28 13:58:08.895,1.45298,1.45304,1.00,1.50
2017.07.28 13:58:09.150,1.45297,1.45302,1.00,1.00
2017.07.28 13:58:09.304,1.45296,1.45304,1.00,1.50
2017.07.28 13:58:09.817,1.45297,1.45304,1.00,1.00
2017.07.28 13:58:09.919,1.45299,1.45304,1.00,1.00
2017.07.28 13:58:10.135,1.45297,1.45304,1.00,1.12
2017.07.28 13:58:10.916,1.45299,1.45305,1.00,1.87
2017.07.28 13:58:11.120,1.45302,1.45308,1.00,1.00
2017.07.28 13:58:11.223,1.45304,1.4531,1.00,1.87
2017.07.28 13:58:11.275,1.45301,1.45309,1.00,1.50
2017.07.28 13:58:11.750,1.45298,1.45304,1.00,1.00
2017.07.28 13:58:12.162,1.45297,1.45301,1.00,1.00
2017.07.28 13:58:12.214,1.45295,1.45302,1.00,1.00
2017.07.28 13:58:12.369,1.45298,1.45302,1.00,1.00
2017.07.28 13:58:12.421,1.45296,1.45302,1.00,1.12
2017.07.28 13:58:12.925,1.45297,1.45303,1.00,2.25
2017.07.28 13:58:13.226,1.45295,1.45302,1.00,1.12
2017.07.28 13:58:13.328,1.45295,1.453,1.00,1.00
2017.07.28 13:58:13.380,1.45295,1.45302,1.00,1.12
2017.07.28 13:58:13.584,1.45297,1.45303,1.00,1.87
2017.07.28 13:58:14.244,1.45295,1.45302,1.00,1.00
2017.07.28 13:58:14.295,1.45294,1.45298,1.00,1.00
2017.07.28 13:58:14.346,1.45295,1.45301,1.00,1.00
2017.07.28 13:58:14.704,1.45293,1.45297,1.00,1.00
2017.07.28 13:58:14.755,1.45293,1.45302,1.00,1.12
2017.07.28 13:58:14.807,1.45293,1.45302,1.00,1.87
2017.07.28 13:58:15.156,1.45295,1.45302,1.00,1.50
2017.07.28 13:58:15.259,1.45291,1.453,1.00,1.00
2017.07.28 13:58:15.310,1.45291,1.45299,1.00,1.50
2017.07.28 13:58:15.821,1.4529,1.45298,1.00,1.12
2017.07.28 13:58:16.128,1.45286,1.45293,1.00,1.50
2017.07.28 13:58:16.328,1.45284,1.45292,1.00,1.00
2017.07.28 13:58:16.844,1.45283,1.45292,1.00,1.50
2017.07.28 13:58:17.252,1.45281,1.45292,1.00,3.00
2017.07.28 13:58:18.264,1.45282,1.45292,1.00,2.25
2017.07.28 13:58:18.777,1.45282,1.45292,1.00,1.87
2017.07.28 13:58:19.079,1.45284,1.45292,1.00,1.50
2017.07.28 13:58:19.132,1.45281,1.4529,1.00,1.12
2017.07.28 13:58:19.184,1.45281,1.45288,1.00,1.37
2017.07.28 13:58:19.237,1.45283,1.45291,1.00,1.31
2017.07.28 13:58:19.595,1.45283,1.45289,1.00,1.00
2017.07.28 13:58:19.984,1.45286,1.45293,1.00,1.87
2017.07.28 13:58:20.036,1.45286,1.45292,1.00,1.12
2017.07.28 13:58:20.547,1.45285,1.45289,1.00,1.00
2017.07.28 13:58:20.650,1.45284,1.4529,1.00,1.50
2017.07.28 13:58:21.166,1.45285,1.45289,1.00,1.00
2017.07.28 13:58:21.680,1.45285,1.4529,1.00,1.50
2017.07.28 13:58:22.374,1.45285,1.45289,1.00,1.00
2017.07.28 13:58:22.995,1.45285,1.4529,1.00,1.50
2017.07.28 13:58:23.496,1.45285,1.45289,1.00,1.00
2017.07.28 13:58:23.935,1.45284,1.45291,1.00,1.87
2017.07.28 13:58:24.344,1.45286,1.45291,1.00,1.00
2017.07.28 13:58:24.868,1.45287,1.45291,1.00,1.12
2017.07.28 13:58:25.653,1.45287,1.45292,1.00,1.00
2017.07.28 13:58:26.285,1.45288,1.45292,1.00,1.00
2017.07.28 13:58:26.337,1.45286,1.45293,1.00,1.87
2017.07.28 13:58:26.863,1.45287,1.45292,1.00,1.00
2017.07.28 13:58:27.238,1.45289,1.45293,1.00,1.00
2017.07.28 13:58:27.751,1.45288,1.45292,1.00,1.12
2017.07.28 13:58:28.278,1.4529,1.45294,1.00,1.12
2017.07.28 13:58:28.434,1.45292,1.45299,1.00,1.12
2017.07.28 13:58:28.486,1.45294,1.45299,1.00,1.12
2017.07.28 13:58:29.552,1.45295,1.453,1.00,1.50
2017.07.28 13:58:30.072,1.45296,1.453,1.00,1.00
2017.07.28 13:58:30.585,1.45296,1.45301,1.00,1.12
2017.07.28 13:58:30.886,1.45298,1.45302,1.00,1.12
2017.07.28 13:58:31.143,1.45292,1.453,1.50,1.87
2017.07.28 13:58:31.956,1.45293,1.45299,1.00,1.37
2017.07.28 13:58:32.161,1.45293,1.453,1.00,1.87
2017.07.28 13:58:32.416,1.45293,1.453,1.00,1.87
2017.07.28 13:58:32.569,1.45293,1.453,1.00,1.87
2017.07.28 13:58:32.620,1.45293,1.45298,1.00,1.00
2017.07.28 13:58:33.182,1.45293,1.45299,1.00,1.12
2017.07.28 13:58:33.540,1.45293,1.45298,1.00,1.37
2017.07.28 13:58:33.745,1.45292,1.45299,1.00,1.50
2017.07.28 13:58:33.887,1.45294,1.45299,1.00,1.12
2017.07.28 13:58:34.655,1.45294,1.45298,1.00,1.12
2017.07.28 13:58:35.195,1.45293,1.45298,1.00,1.50
2017.07.28 13:58:35.399,1.45291,1.45298,1.00,1.50
2017.07.28 13:58:35.910,1.45292,1.45299,1.00,2.62
2017.07.28 13:58:36.422,1.45291,1.45298,1.00,1.37
2017.07.28 13:58:36.931,1.45292,1.45298,1.00,1.50
2017.07.28 13:58:37.442,1.45291,1.45298,1.00,1.50
2017.07.28 13:58:37.736,1.45293,1.45299,1.00,2.62
2017.07.28 13:58:38.273,1.45293,1.45299,1.00,1.87
2017.07.28 13:58:39.230,1.45294,1.45299,1.00,1.00
2017.07.28 13:58:43.440,1.45295,1.453,1.00,1.87
2017.07.28 13:58:43.593,1.4529,1.453,1.00,1.87
2017.07.28 13:58:43.648,1.45293,1.45299,1.00,1.50
2017.07.28 13:58:44.184,1.45294,1.45299,1.00,1.12
2017.07.28 13:58:44.694,1.45294,1.453,1.00,1.50
2017.07.28 13:58:45.199,1.45295,1.453,1.00,1.00
2017.07.28 13:58:45.817,1.45294,1.45301,1.00,1.37
2017.07.28 13:58:45.923,1.45291,1.45302,1.00,2.25
2017.07.28 13:58:46.087,1.45291,1.45298,1.00,1.37
2017.07.28 13:58:46.590,1.45292,1.45297,1.00,1.50
2017.07.28 13:58:47.610,1.45292,1.45298,1.00,1.50
2017.07.28 13:58:48.020,1.45294,1.45298,1.00,1.00
2017.07.28 13:58:48.263,1.45295,1.45303,1.00,1.12
2017.07.28 13:58:48.778,1.45296,1.45303,1.00,1.87
2017.07.28 13:58:49.033,1.45298,1.45303,1.00,1.87
2017.07.28 13:58:49.795,1.45296,1.45302,1.00,1.12
2017.07.28 13:58:50.255,1.45294,1.453,1.00,1.00
2017.07.28 13:58:50.358,1.4529,1.45297,1.00,1.00
2017.07.28 13:58:50.409,1.4529,1.45297,1.00,1.87
2017.07.28 13:58:50.606,1.4529,1.45297,1.00,1.50
2017.07.28 13:58:50.658,1.45294,1.45298,1.00,1.00
2017.07.28 13:58:50.761,1.45294,1.453,1.00,1.87
2017.07.28 13:58:50.813,1.45296,1.453,1.00,1.87
2017.07.28 13:58:51.120,1.45296,1.45301,1.00,1.00
2017.07.28 13:58:51.378,1.45298,1.45305,1.00,1.87
2017.07.28 13:58:51.481,1.45298,1.45305,1.00,1.50
2017.07.28 13:58:52.026,1.45299,1.45306,1.00,2.25
2017.07.28 13:58:52.282,1.45301,1.45306,1.00,1.00
2017.07.28 13:58:52.791,1.453,1.45306,1.00,1.00
2017.07.28 13:58:53.098,1.45302,1.45308,1.00,1.87
2017.07.28 13:58:53.610,1.45301,1.45308,1.00,1.37
2017.07.28 13:58:53.661,1.45302,1.45309,1.00,1.87
2017.07.28 13:58:54.436,1.45302,1.45309,1.00,1.12
2017.07.28 13:58:54.539,1.45305,1.4531,1.00,1.00
2017.07.28 13:58:55.054,1.45304,1.45311,1.00,1.87
2017.07.28 13:58:55.564,1.45304,1.4531,1.00,1.50
2017.07.28 13:58:55.963,1.45304,1.45308,1.00,1.00
2017.07.28 13:58:56.273,1.45302,1.45311,1.00,1.87
2017.07.28 13:58:56.480,1.45304,1.4531,1.00,1.37
2017.07.28 13:58:57.071,1.45305,1.45311,1.00,1.87
2017.07.28 13:58:57.583,1.45304,1.45311,1.00,1.87
2017.07.28 13:58:57.819,1.45304,1.4531,1.00,1.00
2017.07.28 13:58:58.332,1.45304,1.45312,1.00,1.12
2017.07.28 13:58:58.485,1.45305,1.45312,1.00,2.25
2017.07.28 13:58:58.823,1.45302,1.45307,1.00,1.50
2017.07.28 13:58:58.927,1.45299,1.45305,1.00,1.37
2017.07.28 13:58:59.184,1.45299,1.45306,1.00,1.12
2017.07.28 13:58:59.236,1.45299,1.45306,1.00,1.12
2017.07.28 13:58:59.494,1.45297,1.45305,1.00,1.87
2017.07.28 13:58:59.699,1.45295,1.45302,1.00,1.00
2017.07.28 13:58:59.752,1.45294,1.45302,1.00,1.75
2017.07.28 13:59:00.061,1.45295,1.45299,1.00,1.00
2017.07.28 13:59:00.402,1.45293,1.45301,1.00,3.00
2017.07.28 13:59:00.764,1.45294,1.45298,1.00,1.00
2017.07.28 13:59:00.815,1.45291,1.45298,1.00,1.00
2017.07.28 13:59:01.073,1.45293,1.45299,1.00,1.00
2017.07.28 13:59:01.126,1.45293,1.45301,1.00,1.87
2017.07.28 13:59:01.177,1.45295,1.45301,1.00,1.12
2017.07.28 13:59:01.385,1.45296,1.45306,1.00,2.25
2017.07.28 13:59:01.539,1.45298,1.45304,1.00,1.50
2017.07.28 13:59:01.590,1.45296,1.45306,1.00,2.62
2017.07.28 13:59:01.848,1.45297,1.45307,1.00,2.44
2017.07.28 13:59:01.951,1.453,1.45307,1.00,1.12
2017.07.28 13:59:02.417,1.45301,1.45308,1.00,2.25
2017.07.28 13:59:02.624,1.45304,1.45311,1.00,2.81
2017.07.28 13:59:02.779,1.45306,1.45312,1.00,1.50
2017.07.28 13:59:02.986,1.45303,1.45309,1.00,1.50
2017.07.28 13:59:03.091,1.45298,1.45308,1.50,1.50
2017.07.28 13:59:03.242,1.45297,1.45306,1.00,1.12
2017.07.28 13:59:03.295,1.45293,1.45301,1.00,1.50
2017.07.28 13:59:03.500,1.45292,1.45302,1.00,1.75
2017.07.28 13:59:03.603,1.45292,1.45302,1.00,2.25
2017.07.28 13:59:03.859,1.45293,1.45299,1.00,1.00
2017.07.28 13:59:04.178,1.45295,1.45302,1.00,1.37
2017.07.28 13:59:04.691,1.453,1.45306,1.00,1.50
2017.07.28 13:59:04.743,1.45301,1.45308,1.00,1.37
2017.07.28 13:59:04.796,1.45303,1.45308,1.00,1.00
2017.07.28 13:59:04.849,1.45304,1.45311,1.00,1.37
2017.07.28 13:59:05.364,1.45303,1.45308,1.00,1.00
2017.07.28 13:59:05.466,1.45304,1.45311,1.00,1.50
2017.07.28 13:59:05.569,1.453,1.45312,1.25,1.12
2017.07.28 13:59:05.722,1.45303,1.45313,1.00,1.12
2017.07.28 13:59:06.290,1.45304,1.45313,1.00,1.12
2017.07.28 13:59:06.802,1.45304,1.45314,1.00,1.87
2017.07.28 13:59:07.312,1.45303,1.45314,1.00,1.12
2017.07.28 13:59:07.668,1.45297,1.45309,1.12,1.87
2017.07.28 13:59:07.771,1.45296,1.4531,1.25,1.12
2017.07.28 13:59:07.980,1.45298,1.4531,1.00,1.12
2017.07.28 13:59:09.588,1.45295,1.4531,1.25,1.75
2017.07.28 13:59:09.690,1.45295,1.45305,1.25,1.00
2017.07.28 13:59:10.675,1.45296,1.45308,1.37,1.00
2017.07.28 13:59:11.387,1.45297,1.45308,1.31,1.00
2017.07.28 13:59:11.896,1.45297,1.45309,1.31,1.12
2017.07.28 13:59:13.767,1.45297,1.45311,1.19,1.50
2017.07.28 13:59:14.662,1.45299,1.45311,1.00,1.00
2017.07.28 13:59:16.468,1.45299,1.45313,1.00,2.25
2017.07.28 13:59:16.997,1.45298,1.45314,1.25,3.37
2017.07.28 13:59:17.534,1.45299,1.45312,1.00,1.00
2017.07.28 13:59:18.205,1.45297,1.45312,1.31,1.00
2017.07.28 13:59:18.359,1.45298,1.45307,1.00,1.00
2017.07.28 13:59:18.968,1.45297,1.45306,1.00,1.12
2017.07.28 13:59:19.019,1.45292,1.45307,1.25,1.87
2017.07.28 13:59:19.533,1.45289,1.45305,1.69,1.12
2017.07.28 13:59:19.584,1.45288,1.45303,1.69,1.00
2017.07.28 13:59:19.989,1.45287,1.45299,2.06,1.00
2017.07.28 13:59:20.296,1.45287,1.45297,1.69,1.00
2017.07.28 13:59:20.654,1.45287,1.45299,2.06,1.00
2017.07.28 13:59:20.706,1.45286,1.45299,2.44,1.00
2017.07.28 13:59:21.341,1.45287,1.453,2.06,1.00
2017.07.28 13:59:21.854,1.45287,1.45299,1.31,1.00
2017.07.28 13:59:22.375,1.45286,1.453,2.44,1.00
2017.07.28 13:59:22.478,1.45286,1.45298,3.94,1.00
2017.07.28 13:59:22.994,1.45287,1.45297,1.00,1.00
2017.07.28 13:59:23.499,1.45286,1.45297,1.50,1.00
2017.07.28 13:59:24.114,1.45287,1.45297,1.00,1.00
2017.07.28 13:59:24.621,1.45287,1.45296,1.00,1.00
2017.07.28 13:59:25.127,1.45286,1.45296,1.50,1.00
2017.07.28 13:59:25.674,1.45287,1.45296,1.00,1.00
2017.07.28 13:59:26.218,1.45286,1.45296,1.69,1.00
2017.07.28 13:59:26.727,1.45286,1.45297,1.69,1.00
2017.07.28 13:59:27.275,1.45285,1.45296,1.69,1.00
2017.07.28 13:59:27.811,1.45285,1.45297,1.69,1.00
2017.07.28 13:59:30.250,1.45286,1.45298,1.69,1.00
2017.07.28 13:59:30.914,1.45286,1.45299,1.31,1.00
2017.07.28 13:59:33.492,1.45286,1.453,1.12,1.12
2017.07.28 13:59:34.138,1.45286,1.453,1.50,1.00
2017.07.28 13:59:34.190,1.45285,1.45302,3.37,1.00
2017.07.28 13:59:34.394,1.4529,1.45302,1.00,1.00
2017.07.28 13:59:34.446,1.45288,1.45302,1.00,1.00
2017.07.28 13:59:34.957,1.4529,1.45301,1.00,1.00
2017.07.28 13:59:35.008,1.4529,1.45303,1.00,1.50
2017.07.28 13:59:35.060,1.45288,1.45303,1.50,1.50
2017.07.28 13:59:35.193,1.45288,1.45301,1.00,1.87
2017.07.28 13:59:35.451,1.45286,1.45299,1.87,1.00
2017.07.28 13:59:35.758,1.45286,1.45301,1.50,1.12
2017.07.28 13:59:35.861,1.45289,1.453,1.00,1.00
2017.07.28 13:59:35.912,1.45287,1.45302,1.00,1.12
2017.07.28 13:59:36.168,1.45287,1.45299,1.00,1.00
2017.07.28 13:59:36.345,1.45287,1.45302,1.12,1.12
2017.07.28 13:59:36.550,1.45286,1.45299,1.12,1.00
2017.07.28 13:59:37.062,1.45285,1.45299,1.12,1.00
2017.07.28 13:59:37.610,1.45285,1.45299,1.37,1.00
2017.07.28 13:59:37.867,1.45284,1.45299,3.00,1.00
2017.07.28 13:59:38.263,1.45284,1.45299,3.94,1.00
2017.07.28 13:59:38.902,1.45284,1.45299,2.25,1.00
2017.07.28 13:59:39.366,1.45286,1.45301,1.37,1.12
2017.07.28 13:59:39.557,1.45287,1.453,1.37,1.00
2017.07.28 13:59:40.073,1.45286,1.45301,1.37,1.00
2017.07.28 13:59:40.175,1.45286,1.45301,1.12,1.00
2017.07.28 13:59:40.279,1.45282,1.45295,1.31,1.00
2017.07.28 13:59:40.331,1.4528,1.45294,1.31,1.00
2017.07.28 13:59:40.502,1.45278,1.45291,1.37,1.00
2017.07.28 13:59:40.554,1.45276,1.45292,1.37,2.25
2017.07.28 13:59:40.657,1.45281,1.45294,1.00,1.12
2017.07.28 13:59:40.862,1.45282,1.45295,1.00,1.12
2017.07.28 13:59:41.119,1.45284,1.45295,1.00,1.87
2017.07.28 13:59:41.170,1.45282,1.45295,1.00,1.87
2017.07.28 13:59:41.473,1.4528,1.45295,1.00,1.37
2017.07.28 13:59:41.885,1.4528,1.4529,1.00,1.50
2017.07.28 13:59:41.988,1.45275,1.4529,1.37,1.75
2017.07.28 13:59:42.040,1.45275,1.45288,1.00,1.00
2017.07.28 13:59:42.584,1.45276,1.4529,1.00,2.25
2017.07.28 13:59:42.944,1.45279,1.45291,1.00,1.12
2017.07.28 13:59:43.872,1.45277,1.45291,1.00,1.12
2017.07.28 13:59:43.924,1.45277,1.45293,1.00,2.25
2017.07.28 13:59:44.179,1.45279,1.45293,1.00,1.75
2017.07.28 13:59:44.332,1.45277,1.45293,1.00,2.25
2017.07.28 13:59:44.656,1.45279,1.45293,1.00,3.00
2017.07.28 13:59:44.966,1.45285,1.45295,1.00,1.12
2017.07.28 13:59:45.173,1.45285,1.45299,1.00,2.62
2017.07.28 13:59:45.461,1.45287,1.45299,1.00,1.87
2017.07.28 13:59:45.721,1.45284,1.45297,1.00,1.00
2017.07.28 13:59:45.928,1.45287,1.45297,1.00,1.00
2017.07.28 13:59:46.289,1.45289,1.45297,1.00,1.00
2017.07.28 13:59:46.646,1.45291,1.45303,1.00,3.00
2017.07.28 13:59:46.749,1.45291,1.45303,1.00,1.00
2017.07.28 13:59:46.953,1.45292,1.45305,1.00,1.00
2017.07.28 13:59:47.056,1.45294,1.45307,1.00,2.25
2017.07.28 13:59:47.276,1.45292,1.45306,1.00,1.50
2017.07.28 13:59:47.481,1.45294,1.45307,1.00,2.62
2017.07.28 13:59:47.686,1.45296,1.45308,1.00,1.12
2017.07.28 13:59:47.842,1.45298,1.45312,1.00,2.62
2017.07.28 13:59:47.944,1.45302,1.45313,1.00,1.12
2017.07.28 13:59:48.097,1.453,1.45314,1.00,1.37
2017.07.28 13:59:48.329,1.453,1.45311,1.00,1.00
2017.07.28 13:59:48.840,1.453,1.45314,1.00,1.50
2017.07.28 13:59:48.943,1.45298,1.45312,1.00,1.12
2017.07.28 13:59:49.314,1.45301,1.45315,1.00,4.50
2017.07.28 13:59:49.417,1.45298,1.45312,1.00,1.12
2017.07.28 13:59:49.520,1.45295,1.45304,1.00,1.00
2017.07.28 13:59:49.674,1.45296,1.45307,1.00,1.00
2017.07.28 13:59:49.777,1.45298,1.45307,1.00,1.00
2017.07.28 13:59:50.187,1.45298,1.45314,1.00,1.12
2017.07.28 13:59:50.241,1.45298,1.45311,1.00,1.00
2017.07.28 13:59:50.498,1.45298,1.45314,1.00,1.87
2017.07.28 13:59:50.907,1.45298,1.45307,1.00,1.00
2017.07.28 13:59:51.287,1.45296,1.45305,1.12,1.00
2017.07.28 13:59:51.748,1.45295,1.4531,1.87,1.50
2017.07.28 13:59:51.800,1.45295,1.45314,1.87,3.37
2017.07.28 13:59:52.159,1.45296,1.45309,1.12,1.00
2017.07.28 13:59:52.387,1.45305,1.45321,1.00,1.00
2017.07.28 13:59:52.540,1.45304,1.45319,1.00,1.00
2017.07.28 13:59:53.001,1.45302,1.45317,1.50,1.50
2017.07.28 13:59:53.350,1.45297,1.45316,1.37,1.12
2017.07.28 13:59:53.403,1.45297,1.45316,1.12,1.12
2017.07.28 13:59:53.609,1.45297,1.45317,1.87,1.87
2017.07.28 13:59:53.712,1.45297,1.45317,1.12,1.87
2017.07.28 13:59:53.968,1.45296,1.45313,1.00,1.00
2017.07.28 13:59:54.308,1.45298,1.45314,1.00,1.12
2017.07.28 13:59:54.512,1.45295,1.45314,1.87,1.50
2017.07.28 13:59:54.767,1.45301,1.45314,1.00,1.12
2017.07.28 13:59:55.053,1.45295,1.45314,1.75,1.12
2017.07.28 13:59:55.105,1.45294,1.45309,1.50,2.25
2017.07.28 13:59:55.315,1.45288,1.45304,1.56,1.75
2017.07.28 13:59:55.368,1.45285,1.45301,1.31,1.12
2017.07.28 13:59:55.524,1.45284,1.45302,1.12,1.50
2017.07.28 13:59:55.887,1.45286,1.45302,1.00,1.00
2017.07.28 13:59:56.041,1.45284,1.45302,1.50,1.87
2017.07.28 13:59:56.401,1.45286,1.45304,1.00,1.37
2017.07.28 13:59:56.514,1.45285,1.45305,1.37,2.59
2017.07.28 13:59:56.568,1.45284,1.45302,1.37,1.50
2017.07.28 13:59:56.674,1.45283,1.45303,1.12,1.87
2017.07.28 13:59:56.881,1.4528,1.45297,2.25,1.84
2017.07.28 13:59:57.091,1.45285,1.45302,1.00,1.00
2017.07.28 13:59:57.273,1.45288,1.45304,1.00,1.00
2017.07.28 13:59:57.376,1.45287,1.45306,1.75,1.00
2017.07.28 13:59:57.479,1.45287,1.45304,1.12,1.37
2017.07.28 13:59:57.788,1.45302,1.4532,1.00,3.00
2017.07.28 13:59:57.921,1.45303,1.4532,1.37,1.50
2017.07.28 13:59:58.128,1.45302,1.45317,1.00,1.50
2017.07.28 13:59:58.488,1.45298,1.45316,1.00,2.25
2017.07.28 13:59:58.591,1.45301,1.45317,1.00,1.87
2017.07.28 13:59:58.905,1.45294,1.45307,1.37,1.50
2017.07.28 13:59:59.009,1.45293,1.4531,1.50,1.00
2017.07.28 13:59:59.165,1.45296,1.4531,1.00,1.50
2017.07.28 13:59:59.465,1.45291,1.45309,1.37,2.25
2017.07.28 13:59:59.516,1.4529,1.45309,2.25,1.50
2017.07.28 13:59:59.721,1.45293,1.4531,1.00,1.00
2017.07.28 13:59:59.823,1.4529,1.45311,1.50,1.37
2017.07.28 13:59:59.927,1.4529,1.4531,1.87,1.12
