2011.08.24 02:00:00.410,1.26528,1.2655,1.50,1.13
2011.08.24 02:00:00.838,1.26528,1.26546,1.50,1.13
2011.08.24 02:00:00.967,1.26526,1.2655,1.50,1.13
2011.08.24 02:00:01.523,1.26526,1.26547,2.25,1.13
2011.08.24 02:00:01.752,1.26527,1.26549,1.50,1.50
2011.08.24 02:00:01.980,1.26533,1.26553,2.25,1.50
2011.08.24 02:00:02.099,1.26533,1.26556,2.25,1.50
2011.08.24 02:00:02.220,1.26539,1.26559,1.50,1.50
2011.08.24 02:00:02.781,1.26537,1.26564,1.50,2.63
2011.08.24 02:00:03.118,1.26537,1.26559,1.50,1.50
2011.08.24 02:00:03.458,1.26537,1.26564,1.50,2.63
2011.08.24 02:00:03.803,1.26536,1.2656,1.50,1.13
2011.08.24 02:00:04.030,1.2653,1.26557,1.50,1.50
2011.08.24 02:00:04.604,1.2653,1.26554,1.50,1.13
2011.08.24 02:00:05.273,1.2653,1.26553,1.50,1.50
2011.08.24 02:00:05.611,1.2653,1.26554,1.50,1.13
2011.08.24 02:00:06.281,1.26525,1.26555,1.88,1.50
2011.08.24 02:00:06.854,1.26525,1.26556,1.88,1.88
2011.08.24 02:00:06.968,1.26526,1.26556,1.50,1.88
2011.08.24 02:00:07.528,1.26528,1.26556,1.13,1.13
2011.08.24 02:00:07.761,1.26531,1.26558,1.13,1.50
2011.08.24 02:00:08.101,1.26531,1.26559,1.13,1.13
2011.08.24 02:00:08.328,1.26531,1.26558,1.13,1.50
2011.08.24 02:00:10.268,1.26531,1.26556,1.13,1.50
2011.08.24 02:00:10.488,1.26531,1.26557,1.13,1.50
2011.08.24 02:00:10.821,1.26523,1.26552,1.50,1.13
2011.08.24 02:00:11.049,1.26523,1.26549,1.50,1.50
2011.08.24 02:00:11.730,1.26522,1.26549,1.88,1.50
2011.08.24 02:00:11.850,1.26522,1.26547,1.13,1.50
2011.08.24 02:00:14.570,1.26521,1.26545,1.50,1.50
2011.08.24 02:00:15.121,1.2652,1.26543,1.13,1.50
2011.08.24 02:00:15.249,1.26521,1.26547,1.50,2.25
2011.08.24 02:00:17.128,1.26525,1.26553,1.13,1.50
2011.08.24 02:00:17.470,1.26529,1.26556,1.88,1.50
2011.08.24 02:00:19.200,1.26531,1.26558,1.88,1.50
2011.08.24 02:00:23.201,1.26535,1.26559,1.13,1.50
2011.08.24 02:00:23.430,1.26535,1.26559,1.50,1.50
2011.08.24 02:00:23.550,1.26535,1.26561,1.50,1.50
2011.08.24 02:00:24.107,1.26532,1.26561,1.88,2.25
2011.08.24 02:00:25.968,1.26532,1.2656,1.88,1.50
2011.08.24 02:00:26.482,1.26533,1.26561,1.13,2.25
2011.08.24 02:00:27.059,1.26533,1.2656,1.13,1.50
2011.08.24 02:00:27.400,1.26537,1.26561,1.50,1.50
2011.08.24 02:00:27.739,1.26539,1.26567,1.50,2.25
2011.08.24 02:00:28.522,1.26543,1.26568,1.88,1.50
2011.08.24 02:00:29.190,1.26539,1.26565,1.13,1.50
2011.08.24 02:00:31.052,1.26539,1.26566,1.13,1.50
2011.08.24 02:00:31.530,1.26543,1.26567,1.50,1.13
2011.08.24 02:00:31.658,1.26543,1.26565,1.50,1.50
2011.08.24 02:00:32.592,1.2654,1.26564,1.13,1.50
2011.08.24 02:00:32.819,1.26535,1.26559,1.88,1.50
2011.08.24 02:00:33.409,1.26535,1.26559,1.88,1.50
2011.08.24 02:00:33.882,1.26534,1.26559,1.13,1.50
2011.08.24 02:00:34.000,1.26534,1.26558,1.13,1.50
2011.08.24 02:00:38.674,1.26531,1.26558,1.13,2.25
2011.08.24 02:00:40.009,1.26531,1.26557,1.13,1.50
2011.08.24 02:00:40.791,1.26531,1.26557,1.13,1.50
2011.08.24 02:00:43.951,1.26531,1.26558,1.13,2.25
2011.08.24 02:00:45.365,1.2653,1.26556,1.13,1.50
2011.08.24 02:00:45.830,1.26532,1.26557,1.13,1.50
2011.08.24 02:00:46.171,1.26535,1.2656,1.13,3.00
2011.08.24 02:00:46.290,1.26535,1.2656,1.13,1.50
2011.08.24 02:00:46.411,1.26537,1.26564,1.13,1.35
2011.08.24 02:00:48.501,1.26539,1.26564,1.13,1.35
2011.08.24 02:00:48.731,1.26543,1.26569,1.50,1.13
2011.08.24 02:00:48.850,1.26541,1.26569,1.50,1.13
2011.08.24 02:00:48.973,1.26543,1.26569,1.50,1.13
2011.08.24 02:00:49.091,1.26539,1.26565,1.88,1.50
2011.08.24 02:00:49.428,1.26537,1.26564,1.50,1.13
2011.08.24 02:00:49.550,1.26537,1.26564,1.50,1.88
2011.08.24 02:00:49.670,1.26537,1.26564,1.50,2.63
2011.08.24 02:00:50.227,1.26537,1.26561,1.50,1.50
2011.08.24 02:00:51.091,1.26534,1.26561,1.88,1.50
2011.08.24 02:01:11.767,1.26531,1.2656,1.50,1.13
2011.08.24 02:01:11.894,1.26531,1.26558,1.50,1.50
2011.08.24 02:01:12.452,1.26531,1.26557,1.50,1.50
2011.08.24 02:01:13.009,1.26528,1.26556,1.88,1.50
2011.08.24 02:01:13.588,1.26528,1.26557,1.88,1.50
2011.08.24 02:01:14.030,1.26534,1.2656,1.13,1.50
2011.08.24 02:01:15.908,1.26532,1.26559,1.50,1.88
2011.08.24 02:01:16.362,1.2653,1.26557,1.50,1.50
2011.08.24 02:01:30.640,1.2653,1.26556,1.50,1.50
2011.08.24 02:01:38.940,1.2653,1.26556,1.50,2.25
2011.08.24 02:01:39.720,1.2653,1.26556,1.50,2.25
2011.08.24 02:01:41.274,1.2653,1.26556,1.50,1.50
2011.08.24 02:01:41.918,1.2653,1.26556,1.50,2.25
2011.08.24 02:01:42.479,1.2653,1.26555,1.50,1.50
2011.08.24 02:01:43.258,1.26529,1.26555,1.88,2.25
2011.08.24 02:01:43.852,1.26529,1.26553,1.88,1.50
2011.08.24 02:01:44.189,1.26529,1.26555,1.88,1.50
2011.08.24 02:01:44.531,1.26531,1.26555,1.50,1.50
2011.08.24 02:01:45.041,1.26529,1.26555,1.13,1.50
2011.08.24 02:01:50.729,1.26531,1.26556,1.50,1.50
2011.08.24 02:01:56.101,1.26533,1.26557,1.50,1.13
2011.08.24 02:01:57.819,1.26533,1.26557,1.50,1.88
2011.08.24 02:02:01.659,1.26534,1.26559,1.50,1.13
2011.08.24 02:02:04.889,1.26537,1.26563,1.88,1.50
2011.08.24 02:02:05.558,1.2654,1.26566,1.13,1.50
2011.08.24 02:02:05.668,1.2654,1.26566,1.13,1.50
2011.08.24 02:02:08.621,1.26539,1.26566,1.50,1.50
2011.08.24 02:02:09.430,1.26537,1.26561,1.13,1.50
2011.08.24 02:02:11.759,1.26537,1.26561,1.13,1.50
2011.08.24 02:02:24.070,1.26537,1.26561,1.50,1.50
2011.08.24 02:02:24.301,1.2654,1.26566,1.13,1.50
2011.08.24 02:02:26.480,1.26539,1.26566,1.13,1.50
2011.08.24 02:02:26.820,1.26537,1.26562,1.13,1.50
2011.08.24 02:02:29.501,1.26537,1.26562,1.13,1.50
2011.08.24 02:02:30.010,1.26536,1.26562,1.88,1.50
2011.08.24 02:02:30.569,1.26536,1.26562,1.50,1.88
2011.08.24 02:02:30.800,1.26536,1.26562,1.50,1.88
2011.08.24 02:02:31.651,1.26538,1.26565,1.13,1.50
2011.08.24 02:02:31.773,1.26539,1.26566,1.50,1.13
2011.08.24 02:02:31.891,1.26542,1.2657,1.50,1.13
2011.08.24 02:02:32.009,1.26544,1.2657,1.50,1.13
2011.08.24 02:02:32.129,1.26544,1.2657,1.50,1.13
2011.08.24 02:02:32.799,1.26544,1.26572,1.50,1.13
2011.08.24 02:02:33.669,1.26545,1.26573,1.13,1.88
2011.08.24 02:02:34.888,1.26544,1.26572,1.13,1.50
2011.08.24 02:02:36.391,1.26545,1.26573,1.13,1.13
2011.08.24 02:02:42.754,1.26544,1.2657,1.13,1.50
2011.08.24 02:02:44.744,1.26541,1.26568,1.13,1.50
2011.08.24 02:02:44.860,1.26541,1.26568,1.13,1.50
2011.08.24 02:02:45.758,1.26541,1.26568,1.88,1.50
2011.08.24 02:02:47.432,1.26542,1.26568,1.50,1.50
2011.08.24 02:02:47.770,1.26539,1.26565,1.13,1.50
2011.08.24 02:02:48.333,1.26539,1.26565,1.13,1.50
2011.08.24 02:02:48.669,1.26546,1.26573,1.13,1.50
2011.08.24 02:02:48.900,1.26546,1.26573,1.13,1.50
2011.08.24 02:02:49.459,1.26547,1.26573,1.13,1.50
2011.08.24 02:02:50.570,1.26547,1.26573,1.13,1.50
2011.08.24 02:02:50.800,1.26541,1.26567,2.63,1.50
2011.08.24 02:02:51.362,1.26535,1.26559,1.13,1.50
2011.08.24 02:02:51.594,1.2653,1.26556,1.13,1.50
2011.08.24 02:02:54.392,1.26536,1.26554,1.50,1.50
2011.08.24 02:02:55.440,1.26533,1.26559,1.50,1.50
2011.08.24 02:02:55.559,1.26533,1.26559,2.25,1.50
2011.08.24 02:02:55.789,1.26535,1.26562,1.13,2.25
2011.08.24 02:02:58.209,1.26534,1.26562,3.00,2.25
2011.08.24 02:02:58.748,1.26535,1.26562,1.13,2.25
2011.08.24 02:02:59.400,1.26534,1.26562,2.63,2.25
2011.08.24 02:03:00.871,1.26534,1.26562,1.13,2.25
2011.08.24 02:03:01.629,1.26534,1.26562,1.13,2.63
2011.08.24 02:03:01.969,1.26528,1.26556,1.88,1.13
2011.08.24 02:03:02.528,1.26528,1.26555,1.88,1.50
2011.08.24 02:03:03.884,1.26529,1.26555,1.13,1.50
2011.08.24 02:03:03.999,1.2653,1.26555,1.13,1.50
2011.08.24 02:03:04.120,1.2653,1.26557,1.88,1.50
2011.08.24 02:03:04.460,1.2653,1.26557,1.88,1.50
2011.08.24 02:03:06.849,1.2653,1.26557,1.13,1.50
2011.08.24 02:03:10.642,1.26527,1.26556,1.88,1.50
2011.08.24 02:03:12.530,1.2653,1.26554,1.13,1.50
2011.08.24 02:03:12.759,1.2653,1.26556,1.13,1.50
2011.08.24 02:03:16.300,1.26527,1.26556,1.88,2.25
2011.08.24 02:03:16.858,1.26527,1.26556,1.13,2.25
2011.08.24 02:03:18.149,1.26528,1.26556,1.50,2.25
2011.08.24 02:03:18.809,1.26528,1.26556,1.50,2.25
2011.08.24 02:03:20.159,1.2653,1.26556,1.13,2.25
2011.08.24 02:03:20.726,1.26531,1.26556,1.88,1.50
2011.08.24 02:03:21.119,1.26531,1.26556,1.88,1.50
2011.08.24 02:03:21.460,1.26529,1.26555,1.50,1.50
2011.08.24 02:03:23.491,1.26524,1.26549,1.88,1.50
2011.08.24 02:03:24.146,1.26525,1.26549,1.50,1.50
2011.08.24 02:03:25.138,1.26524,1.26549,1.88,1.50
2011.08.24 02:03:31.940,1.26518,1.26546,1.88,1.13
2011.08.24 02:03:32.061,1.26518,1.26546,1.88,1.88
2011.08.24 02:03:37.889,1.26517,1.26543,1.50,1.50
2011.08.24 02:03:42.102,1.26521,1.26543,1.50,1.50
2011.08.24 02:03:42.331,1.26523,1.26547,1.88,1.50
2011.08.24 02:03:43.159,1.26521,1.26546,1.13,1.50
2011.08.24 02:03:43.559,1.26522,1.26546,1.13,1.50
2011.08.24 02:03:46.922,1.2652,1.26546,1.50,1.50
2011.08.24 02:03:47.041,1.2652,1.26546,1.50,1.50
2011.08.24 02:03:47.380,1.26523,1.26546,1.13,1.50
2011.08.24 02:03:48.916,1.26523,1.26546,1.13,1.50
2011.08.24 02:03:53.981,1.26524,1.26549,1.13,1.50
2011.08.24 02:03:54.579,1.26524,1.2655,1.13,1.50
2011.08.24 02:03:55.500,1.26527,1.26552,1.88,1.50
2011.08.24 02:03:55.622,1.26527,1.26552,2.63,1.50
2011.08.24 02:03:59.870,1.26531,1.26554,1.50,1.50
2011.08.24 02:03:59.991,1.26532,1.26556,1.13,1.50
2011.08.24 02:04:00.548,1.26534,1.26558,1.13,1.50
2011.08.24 02:04:00.880,1.2653,1.26556,2.63,1.50
2011.08.24 02:04:01.449,1.2653,1.26555,1.13,1.50
2011.08.24 02:04:02.008,1.2653,1.26554,1.13,1.50
2011.08.24 02:04:03.572,1.2653,1.26555,1.13,1.50
2011.08.24 02:04:04.130,1.26531,1.26555,1.88,1.50
2011.08.24 02:04:04.935,1.26531,1.26555,1.88,1.50
2011.08.24 02:04:05.056,1.26531,1.26555,1.88,1.50
2011.08.24 02:04:05.608,1.26531,1.26556,1.50,1.50
2011.08.24 02:04:06.889,1.26531,1.26555,1.50,1.50
2011.08.24 02:04:07.344,1.26535,1.2656,1.13,1.50
2011.08.24 02:04:07.901,1.26535,1.26561,1.88,1.50
2011.08.24 02:04:09.878,1.26535,1.26561,1.88,1.50
2011.08.24 02:04:12.101,1.26535,1.26559,1.13,1.50
2011.08.24 02:04:12.223,1.26536,1.26559,1.13,1.50
2011.08.24 02:04:12.781,1.26538,1.26562,1.13,1.50
2011.08.24 02:04:13.520,1.26535,1.26559,1.50,1.50
2011.08.24 02:04:22.530,1.26537,1.26558,1.13,1.50
2011.08.24 02:04:23.789,1.26535,1.26562,1.13,2.27
2011.08.24 02:04:24.241,1.26535,1.2656,1.13,1.50
2011.08.24 02:04:25.039,1.26535,1.26559,1.13,1.50
2011.08.24 02:04:25.687,1.26535,1.26558,1.13,1.50
2011.08.24 02:04:25.799,1.26535,1.26558,1.13,1.50
2011.08.24 02:04:26.360,1.26535,1.26559,1.13,1.50
2011.08.24 02:04:26.800,1.26535,1.26557,1.13,1.50
2011.08.24 02:04:27.363,1.26535,1.2656,1.13,1.50
2011.08.24 02:04:27.484,1.26539,1.26562,1.13,3.02
2011.08.24 02:04:27.821,1.26537,1.26561,1.50,1.50
2011.08.24 02:04:28.051,1.26536,1.26559,1.13,1.50
2011.08.24 02:04:28.281,1.26532,1.26557,1.13,1.50
2011.08.24 02:04:35.209,1.26531,1.26555,1.50,1.50
2011.08.24 02:04:35.340,1.26531,1.26555,1.50,1.50
2011.08.24 02:04:36.449,1.26531,1.26556,1.13,2.25
2011.08.24 02:04:43.529,1.26531,1.26556,1.13,2.25
2011.08.24 02:04:49.913,1.26531,1.26556,1.13,1.50
2011.08.24 02:04:50.359,1.26531,1.26556,1.13,2.25
2011.08.24 02:04:54.480,1.26532,1.26555,1.13,1.50
2011.08.24 02:04:55.157,1.26531,1.26555,1.13,1.50
2011.08.24 02:04:57.452,1.26527,1.26551,1.13,1.50
2011.08.24 02:04:58.340,1.26528,1.26551,1.13,1.50
2011.08.24 02:05:01.740,1.26527,1.26551,1.50,2.25
2011.08.24 02:05:01.969,1.26524,1.2655,1.13,1.50
2011.08.24 02:05:02.638,1.26525,1.2655,1.13,1.50
2011.08.24 02:05:02.868,1.26525,1.2655,1.13,1.50
2011.08.24 02:05:03.880,1.26525,1.2655,1.13,1.50
2011.08.24 02:05:03.999,1.26525,1.2655,1.13,1.50
2011.08.24 02:05:06.874,1.2652,1.26547,1.13,1.50
2011.08.24 02:05:07.429,1.2652,1.26548,1.88,2.25
2011.08.24 02:05:07.882,1.2652,1.26544,1.13,1.50
2011.08.24 02:05:08.219,1.2652,1.26544,1.13,1.50
2011.08.24 02:05:09.552,1.26523,1.26544,1.13,1.50
2011.08.24 02:05:09.671,1.26523,1.26544,1.13,1.50
2011.08.24 02:05:12.423,1.26523,1.26546,1.50,1.88
2011.08.24 02:05:12.652,1.26519,1.26544,1.50,1.50
2011.08.24 02:05:12.771,1.26524,1.26548,1.13,2.25
2011.08.24 02:05:12.893,1.26524,1.26548,1.88,1.50
2011.08.24 02:05:17.661,1.26525,1.26551,1.50,1.50
2011.08.24 02:05:17.781,1.2653,1.26552,1.50,1.52
2011.08.24 02:05:18.012,1.2653,1.26557,2.25,2.25
2011.08.24 02:05:18.130,1.26531,1.26557,1.50,2.25
2011.08.24 02:05:18.251,1.26531,1.26557,2.25,2.25
2011.08.24 02:05:18.599,1.26528,1.26556,1.88,1.50
2011.08.24 02:05:18.719,1.26528,1.26556,2.63,1.50
2011.08.24 02:05:21.009,1.26529,1.26553,1.50,1.50
2011.08.24 02:05:23.201,1.26528,1.26552,1.50,1.50
2011.08.24 02:05:23.319,1.26526,1.26552,2.63,1.50
2011.08.24 02:05:23.872,1.26526,1.26552,2.25,2.63
2011.08.24 02:05:27.759,1.26526,1.26552,2.25,2.25
2011.08.24 02:05:32.295,1.26523,1.26547,2.25,1.50
2011.08.24 02:05:32.415,1.26523,1.26547,1.50,1.50
2011.08.24 02:05:32.973,1.26523,1.26547,1.50,1.50
2011.08.24 02:05:33.503,1.26521,1.26544,1.50,2.25
2011.08.24 02:05:36.759,1.26521,1.26544,1.50,2.25
2011.08.24 02:05:37.829,1.26516,1.26544,2.25,2.25
2011.08.24 02:05:39.071,1.2652,1.26544,1.50,2.25
2011.08.24 02:05:39.761,1.26519,1.26544,1.13,2.25
2011.08.24 02:05:40.319,1.26518,1.26544,1.13,2.25
2011.08.24 02:05:40.663,1.26523,1.26547,1.50,2.25
2011.08.24 02:05:41.219,1.26521,1.26544,1.88,1.50
2011.08.24 02:05:41.560,1.2652,1.26544,3.38,1.50
2011.08.24 02:05:41.789,1.2652,1.26544,3.38,1.50
2011.08.24 02:05:42.739,1.26522,1.26545,1.50,1.50
2011.08.24 02:05:43.321,1.26521,1.26544,1.50,1.52
2011.08.24 02:05:43.550,1.26521,1.26546,1.50,1.50
2011.08.24 02:05:43.890,1.26518,1.26541,1.88,1.50
2011.08.24 02:05:45.606,1.26516,1.26539,1.13,1.50
2011.08.24 02:05:46.569,1.26517,1.26539,1.13,1.50
2011.08.24 02:05:46.802,1.26518,1.26544,1.13,2.25
2011.08.24 02:05:47.370,1.26517,1.26544,1.13,2.25
2011.08.24 02:05:47.941,1.26517,1.26544,1.13,2.25
2011.08.24 02:05:50.165,1.26516,1.26544,2.25,2.25
2011.08.24 02:05:54.032,1.26514,1.26538,1.13,1.50
2011.08.24 02:05:54.262,1.26513,1.26536,1.13,1.13
2011.08.24 02:05:54.819,1.26513,1.26534,2.25,1.13
2011.08.24 02:05:55.383,1.26513,1.26534,2.25,1.13
2011.08.24 02:05:56.065,1.26513,1.26534,2.25,1.13
2011.08.24 02:05:56.619,1.26513,1.26534,3.00,1.13
2011.08.24 02:05:57.360,1.26513,1.26537,3.00,1.88
2011.08.24 02:05:57.702,1.26513,1.26537,2.63,1.50
2011.08.24 02:05:59.219,1.26513,1.26537,2.25,1.50
2011.08.24 02:06:01.059,1.26516,1.26537,1.13,1.50
2011.08.24 02:06:01.799,1.26516,1.26537,1.88,1.50
2011.08.24 02:06:02.930,1.26518,1.2654,1.13,1.50
2011.08.24 02:06:03.275,1.26524,1.26545,1.50,1.50
2011.08.24 02:06:06.337,1.26522,1.26547,1.50,1.50
2011.08.24 02:06:07.752,1.26523,1.26547,1.13,1.50
2011.08.24 02:06:08.091,1.26523,1.26549,1.88,1.50
2011.08.24 02:06:08.210,1.26526,1.26549,1.50,1.50
2011.08.24 02:06:08.331,1.26523,1.26549,1.13,1.50
2011.08.24 02:06:08.564,1.26523,1.26549,1.13,1.50
2011.08.24 02:06:08.899,1.26523,1.26549,1.88,1.50
2011.08.24 02:06:09.129,1.26528,1.2655,1.50,3.00
2011.08.24 02:06:09.759,1.26528,1.26549,1.50,1.50
2011.08.24 02:06:10.578,1.26528,1.26549,1.50,1.50
2011.08.24 02:06:12.771,1.26525,1.26549,1.50,1.50
2011.08.24 02:06:14.043,1.26525,1.26549,1.50,1.50
2011.08.24 02:06:17.249,1.26525,1.26549,1.88,1.50
2011.08.24 02:06:18.960,1.26525,1.26549,1.88,1.50
2011.08.24 02:06:19.940,1.26525,1.26549,1.88,1.50
2011.08.24 02:06:20.067,1.26525,1.26549,1.13,1.50
2011.08.24 02:06:20.300,1.26522,1.26549,2.63,1.88
2011.08.24 02:06:20.422,1.26522,1.26546,1.13,1.50
2011.08.24 02:06:20.878,1.26517,1.26542,2.25,1.88
2011.08.24 02:06:20.994,1.26517,1.26541,1.50,1.50
2011.08.24 02:06:21.329,1.26514,1.2654,1.88,1.50
2011.08.24 02:06:21.890,1.26514,1.2654,1.88,1.50
2011.08.24 02:06:22.490,1.26512,1.2654,1.13,1.50
2011.08.24 02:06:25.062,1.2651,1.26539,1.50,1.13
2011.08.24 02:06:25.188,1.2651,1.26535,1.50,1.50
2011.08.24 02:06:25.306,1.26511,1.26535,1.50,1.50
2011.08.24 02:06:25.424,1.26511,1.26535,1.50,1.50
2011.08.24 02:06:25.980,1.26511,1.26538,1.50,1.50
2011.08.24 02:06:26.101,1.26511,1.26538,1.50,1.50
2011.08.24 02:06:26.719,1.26511,1.26535,1.50,1.50
2011.08.24 02:06:32.524,1.26511,1.26535,1.88,1.50
2011.08.24 02:06:33.270,1.26511,1.26535,2.63,1.50
2011.08.24 02:06:34.050,1.26513,1.26537,1.13,1.50
2011.08.24 02:06:37.911,1.26514,1.26537,1.13,1.50
2011.08.24 02:06:42.241,1.26514,1.26537,2.25,1.50
2011.08.24 02:06:42.801,1.26514,1.26537,1.50,1.50
2011.08.24 02:06:43.572,1.26514,1.26537,2.25,1.50
2011.08.24 02:06:44.591,1.26513,1.26537,1.50,1.50
2011.08.24 02:06:44.712,1.26513,1.26537,1.50,1.50
2011.08.24 02:06:45.160,1.26513,1.26536,1.50,1.50
2011.08.24 02:06:46.790,1.26515,1.26539,1.13,2.25
2011.08.24 02:06:51.242,1.26512,1.26535,1.13,1.50
2011.08.24 02:06:51.361,1.26512,1.26535,1.50,1.50
2011.08.24 02:06:51.810,1.26512,1.26538,2.25,1.50
2011.08.24 02:06:56.181,1.26514,1.26538,1.50,1.50
2011.08.24 02:06:56.299,1.26512,1.26538,2.25,1.50
2011.08.24 02:06:57.621,1.26516,1.26538,1.13,1.50
2011.08.24 02:06:58.179,1.26513,1.26538,1.50,1.50
2011.08.24 02:07:01.240,1.26516,1.26539,1.13,2.25
2011.08.24 02:07:03.489,1.26515,1.26538,1.13,1.50
2011.08.24 02:07:03.721,1.26513,1.26536,1.13,1.50
2011.08.24 02:07:04.932,1.26515,1.26539,1.50,1.50
2011.08.24 02:07:05.052,1.26517,1.2654,1.13,2.25
2011.08.24 02:07:06.020,1.26515,1.26539,1.50,1.50
2011.08.24 02:07:07.820,1.26518,1.26539,1.13,1.50
2011.08.24 02:07:10.207,1.26518,1.26544,3.00,1.50
2011.08.24 02:07:10.326,1.26522,1.26546,1.13,2.25
2011.08.24 02:07:11.162,1.26522,1.26545,1.13,1.50
2011.08.24 02:07:11.281,1.26524,1.26545,1.50,1.50
2011.08.24 02:07:11.622,1.26524,1.26547,1.13,1.50
2011.08.24 02:07:11.961,1.26524,1.26549,1.13,1.50
2011.08.24 02:07:12.081,1.26524,1.26549,1.13,1.50
2011.08.24 02:07:13.409,1.26526,1.26549,1.13,1.50
2011.08.24 02:07:14.081,1.26526,1.2655,1.13,2.25
2011.08.24 02:07:14.726,1.26526,1.2655,1.13,3.00
2011.08.24 02:07:16.426,1.26527,1.2655,1.13,1.50
2011.08.24 02:07:18.729,1.26523,1.26548,2.63,1.50
2011.08.24 02:07:19.730,1.26524,1.26549,1.50,2.25
2011.08.24 02:07:20.844,1.26528,1.26549,1.13,1.50
2011.08.24 02:07:21.438,1.26528,1.2655,1.50,1.50
2011.08.24 02:07:21.660,1.26525,1.26548,1.13,1.50
2011.08.24 02:07:23.644,1.26524,1.26548,1.50,1.50
2011.08.24 02:07:23.981,1.26521,1.26545,1.50,1.50
2011.08.24 02:07:33.284,1.26525,1.26548,1.13,1.50
2011.08.24 02:07:33.405,1.26525,1.26549,1.88,1.50
2011.08.24 02:07:33.629,1.26525,1.26549,1.88,2.25
2011.08.24 02:07:33.859,1.26525,1.26549,1.88,1.50
2011.08.24 02:07:37.843,1.26525,1.2655,2.63,1.50
2011.08.24 02:07:38.512,1.26525,1.2655,2.25,2.25
2011.08.24 02:07:38.851,1.26525,1.2655,2.25,2.25
2011.08.24 02:07:39.162,1.26525,1.26549,2.25,1.50
2011.08.24 02:07:39.391,1.26525,1.26549,2.25,1.50
2011.08.24 02:07:43.290,1.26525,1.26549,1.13,1.50
2011.08.24 02:07:43.851,1.26522,1.26548,1.88,1.50
2011.08.24 02:07:43.969,1.26522,1.26548,1.88,1.50
2011.08.24 02:07:44.199,1.26522,1.26549,1.88,1.50
2011.08.24 02:07:45.129,1.26526,1.26548,1.13,1.50
2011.08.24 02:07:46.219,1.26526,1.26548,1.13,1.50
2011.08.24 02:07:54.531,1.2652,1.26544,1.88,1.50
2011.08.24 02:07:58.000,1.26522,1.26548,1.13,1.50
2011.08.24 02:07:58.229,1.26522,1.26547,1.13,1.50
2011.08.24 02:08:02.963,1.26526,1.26548,1.13,1.50
2011.08.24 02:08:03.081,1.26526,1.26549,1.13,1.50
2011.08.24 02:08:03.735,1.26526,1.26549,1.13,1.50
2011.08.24 02:08:12.880,1.26526,1.26549,1.13,1.50
2011.08.24 02:08:19.689,1.26525,1.26549,1.13,1.50
2011.08.24 02:08:21.239,1.26525,1.26552,1.13,1.50
2011.08.24 02:08:21.789,1.26525,1.26553,1.13,2.25
2011.08.24 02:08:33.331,1.26528,1.26554,1.13,2.25
2011.08.24 02:08:33.782,1.26529,1.26555,1.50,2.25
2011.08.24 02:08:34.347,1.2653,1.26555,1.13,2.25
2011.08.24 02:08:34.902,1.26526,1.26552,1.50,1.13
2011.08.24 02:08:35.240,1.26525,1.26551,1.50,1.13
2011.08.24 02:08:35.645,1.26527,1.26553,1.50,1.50
2011.08.24 02:08:36.298,1.26527,1.26553,1.50,1.50
2011.08.24 02:08:37.343,1.26529,1.26553,1.13,1.50
2011.08.24 02:08:37.464,1.26531,1.26555,1.50,2.25
2011.08.24 02:08:37.582,1.26531,1.26557,1.50,1.50
2011.08.24 02:08:39.740,1.26531,1.26557,1.50,1.50
2011.08.24 02:08:44.302,1.26533,1.26557,1.50,2.25
2011.08.24 02:08:44.861,1.26531,1.26556,1.50,1.13
2011.08.24 02:08:44.983,1.26531,1.26553,1.50,1.50
2011.08.24 02:08:45.321,1.26524,1.2655,2.25,1.13
2011.08.24 02:08:45.773,1.26527,1.26551,1.50,1.88
2011.08.24 02:08:46.004,1.26527,1.26551,2.25,1.50
2011.08.24 02:08:47.254,1.26527,1.26551,1.50,1.88
2011.08.24 02:08:47.380,1.26524,1.26546,1.50,1.50
2011.08.24 02:08:47.504,1.26522,1.2655,1.88,1.88
2011.08.24 02:08:47.623,1.26524,1.2655,1.50,1.13
2011.08.24 02:08:48.180,1.26524,1.2655,1.50,1.13
2011.08.24 02:08:48.740,1.26526,1.2655,1.50,1.13
2011.08.24 02:08:52.324,1.26527,1.26553,1.50,1.50
2011.08.24 02:08:52.443,1.2653,1.26555,1.13,1.50
2011.08.24 02:08:52.563,1.2653,1.26556,1.88,1.50
2011.08.24 02:08:52.682,1.2653,1.26556,1.88,1.50
2011.08.24 02:08:56.910,1.2653,1.26556,1.50,2.63
2011.08.24 02:08:57.470,1.2653,1.26555,1.50,1.50
2011.08.24 02:08:57.702,1.26528,1.26552,1.13,1.50
2011.08.24 02:08:57.931,1.26527,1.26553,1.88,3.00
2011.08.24 02:08:58.761,1.26527,1.26551,1.88,1.13
2011.08.24 02:08:59.184,1.26527,1.26549,1.13,1.50
2011.08.24 02:08:59.306,1.26521,1.26548,1.50,1.50
2011.08.24 02:08:59.641,1.26522,1.2655,1.50,2.63
2011.08.24 02:09:00.312,1.26524,1.26551,1.13,1.50
2011.08.24 02:09:01.390,1.26524,1.26551,1.13,1.50
2011.08.24 02:09:02.292,1.26525,1.26551,1.13,1.50
2011.08.24 02:09:02.412,1.26525,1.26551,1.13,1.50
2011.08.24 02:09:02.534,1.26529,1.26551,1.13,1.50
2011.08.24 02:09:02.651,1.26529,1.26551,1.13,1.50
2011.08.24 02:09:03.101,1.26529,1.26555,1.88,1.50
2011.08.24 02:09:03.220,1.26533,1.26555,1.50,1.50
2011.08.24 02:09:03.561,1.2654,1.2656,1.50,1.50
2011.08.24 02:09:03.681,1.26537,1.2656,3.00,2.63
2011.08.24 02:09:03.801,1.26537,1.26559,1.50,1.13
2011.08.24 02:09:03.922,1.26533,1.26559,1.50,1.13
2011.08.24 02:09:05.121,1.26533,1.26559,1.50,1.13
2011.08.24 02:09:06.132,1.26535,1.2656,1.50,2.25
2011.08.24 02:09:06.255,1.26535,1.2656,1.50,1.50
2011.08.24 02:09:06.821,1.26535,1.2656,1.50,1.50
2011.08.24 02:09:08.382,1.26535,1.2656,1.50,1.50
2011.08.24 02:09:09.062,1.26534,1.2656,1.50,1.50
2011.08.24 02:09:12.997,1.26537,1.2656,1.50,1.50
2011.08.24 02:09:14.264,1.26537,1.26561,1.50,2.63
2011.08.24 02:09:16.032,1.26534,1.2656,1.50,2.25
2011.08.24 02:09:16.373,1.26534,1.2656,1.50,1.50
2011.08.24 02:09:16.930,1.26536,1.2656,1.50,1.50
2011.08.24 02:09:19.021,1.26533,1.26558,1.50,1.50
2011.08.24 02:09:19.250,1.26532,1.26558,2.25,1.50
2011.08.24 02:09:26.151,1.26534,1.2656,1.50,1.13
2011.08.24 02:09:29.284,1.26534,1.2656,1.50,1.88
2011.08.24 02:09:29.620,1.26534,1.26563,1.88,2.25
2011.08.24 02:09:33.433,1.26541,1.26562,1.13,2.25
2011.08.24 02:09:33.880,1.26546,1.26568,1.50,1.50
2011.08.24 02:09:34.002,1.26544,1.26569,1.50,1.50
2011.08.24 02:09:34.560,1.26544,1.26569,1.50,1.50
2011.08.24 02:09:34.789,1.26544,1.26569,1.50,1.50
2011.08.24 02:09:35.130,1.26539,1.26567,3.00,1.50
2011.08.24 02:09:36.462,1.26548,1.26567,1.50,1.50
2011.08.24 02:09:36.582,1.26548,1.26568,1.50,1.13
2011.08.24 02:09:38.032,1.26548,1.26568,1.50,1.13
2011.08.24 02:09:38.261,1.26548,1.26568,1.50,1.13
2011.08.24 02:09:39.261,1.26542,1.26568,1.88,2.25
2011.08.24 02:09:39.493,1.26541,1.26566,1.13,1.50
2011.08.24 02:09:40.658,1.2654,1.26564,1.13,1.50
2011.08.24 02:09:41.572,1.2654,1.26564,1.88,1.50
2011.08.24 02:09:42.130,1.2654,1.26564,1.88,1.50
2011.08.24 02:09:42.474,1.2654,1.26565,3.38,1.50
2011.08.24 02:09:42.591,1.2654,1.26564,2.63,1.50
2011.08.24 02:09:42.820,1.2654,1.26564,1.88,1.50
2011.08.24 02:09:43.971,1.26544,1.26565,1.13,1.50
2011.08.24 02:09:44.200,1.26544,1.26567,1.13,1.50
2011.08.24 02:09:44.477,1.26544,1.26567,1.13,1.50
2011.08.24 02:09:45.060,1.26547,1.2657,1.50,3.00
2011.08.24 02:09:45.399,1.26547,1.2657,1.50,2.25
2011.08.24 02:09:47.463,1.26547,1.26572,1.50,1.50
2011.08.24 02:09:49.411,1.26546,1.26571,1.88,1.50
2011.08.24 02:09:49.970,1.26546,1.26571,1.13,2.25
2011.08.24 02:09:51.190,1.26546,1.2657,1.13,1.50
2011.08.24 02:09:51.423,1.26546,1.2657,1.13,1.50
2011.08.24 02:09:51.761,1.26548,1.26572,1.50,2.25
2011.08.24 02:09:53.481,1.26547,1.26572,1.50,1.50
2011.08.24 02:09:55.420,1.26546,1.26571,1.13,1.50
2011.08.24 02:09:59.079,1.26546,1.26571,1.13,1.50
2011.08.24 02:10:00.197,1.26541,1.26566,1.50,1.13
2011.08.24 02:10:00.423,1.26538,1.26566,1.88,1.13
2011.08.24 02:10:00.978,1.26538,1.26566,1.88,1.13
2011.08.24 02:10:01.090,1.26538,1.26566,1.88,1.13
2011.08.24 02:10:02.512,1.26542,1.26568,1.50,1.13
2011.08.24 02:10:02.633,1.26542,1.2657,2.25,1.13
2011.08.24 02:10:03.190,1.26542,1.2657,2.25,1.13
2011.08.24 02:10:03.531,1.26543,1.26567,1.50,1.50
2011.08.24 02:10:03.651,1.26544,1.26571,1.50,1.50
2011.08.24 02:10:03.991,1.26543,1.26571,1.50,1.50
2011.08.24 02:10:04.911,1.26543,1.2657,1.50,1.13
2011.08.24 02:10:05.580,1.26543,1.2657,1.50,1.88
2011.08.24 02:10:05.920,1.26548,1.26571,1.50,1.50
2011.08.24 02:10:10.093,1.26548,1.26571,1.50,1.50
2011.08.24 02:10:10.630,1.26544,1.26572,1.50,2.25
2011.08.24 02:10:12.713,1.26547,1.26572,2.25,1.88
2011.08.24 02:10:13.051,1.26547,1.26573,2.25,1.50
2011.08.24 02:10:13.283,1.26547,1.26573,2.25,1.13
2011.08.24 02:10:13.509,1.26547,1.26573,2.25,1.13
2011.08.24 02:10:14.071,1.26547,1.26573,2.25,1.13
2011.08.24 02:10:14.191,1.26547,1.26573,2.25,1.13
2011.08.24 02:10:15.792,1.2655,1.26576,1.50,1.88
2011.08.24 02:10:17.279,1.26554,1.26576,1.50,1.88
2011.08.24 02:10:17.840,1.26555,1.26576,1.50,1.13
2011.08.24 02:10:18.071,1.26556,1.2658,1.50,2.63
2011.08.24 02:10:19.452,1.26556,1.26579,1.50,1.13
2011.08.24 02:10:19.572,1.26555,1.26576,1.50,1.50
2011.08.24 02:10:19.801,1.26551,1.26577,1.13,1.50
2011.08.24 02:10:21.090,1.26551,1.26577,1.13,1.50
2011.08.24 02:10:21.767,1.26551,1.26577,1.13,1.50
2011.08.24 02:10:22.211,1.26556,1.26579,1.50,1.50
2011.08.24 02:10:22.746,1.26556,1.26579,1.50,1.50
2011.08.24 02:10:24.202,1.26551,1.26575,1.50,1.13
2011.08.24 02:10:24.323,1.2655,1.26575,1.50,1.88
2011.08.24 02:10:24.443,1.26544,1.26572,2.25,1.50
2011.08.24 02:10:24.564,1.26544,1.26567,1.50,1.13
2011.08.24 02:10:24.791,1.26541,1.26567,1.50,1.13
2011.08.24 02:10:25.575,1.26541,1.26567,1.50,1.88
2011.08.24 02:10:25.910,1.26537,1.26564,1.50,1.50
2011.08.24 02:10:26.231,1.26537,1.26564,1.50,1.50
2011.08.24 02:10:26.575,1.26537,1.26561,1.50,1.13
2011.08.24 02:10:27.117,1.26533,1.2656,2.25,1.13
2011.08.24 02:10:27.564,1.26536,1.26562,1.50,1.13
2011.08.24 02:10:27.791,1.26536,1.26562,1.50,1.13
2011.08.24 02:10:30.371,1.26536,1.26563,1.50,1.88
2011.08.24 02:10:34.148,1.26536,1.26563,1.50,1.13
2011.08.24 02:10:34.701,1.26536,1.26563,1.50,1.13
2011.08.24 02:10:34.822,1.26538,1.26565,1.88,1.50
2011.08.24 02:10:35.051,1.26543,1.26567,1.88,2.25
2011.08.24 02:10:39.773,1.26543,1.26566,1.88,1.50
2011.08.24 02:10:39.893,1.26543,1.26567,1.50,1.50
2011.08.24 02:10:40.615,1.26543,1.26568,1.13,2.25
2011.08.24 02:10:43.833,1.26543,1.2657,1.13,1.50
2011.08.24 02:10:45.469,1.26544,1.2657,1.88,1.50
2011.08.24 02:10:46.022,1.26544,1.26574,1.88,2.63
2011.08.24 02:10:48.280,1.26547,1.26573,1.13,1.50
2011.08.24 02:10:49.943,1.26543,1.26571,1.13,1.88
2011.08.24 02:10:50.390,1.26543,1.26568,1.13,1.50
2011.08.24 02:10:51.142,1.26546,1.2657,1.13,1.50
2011.08.24 02:10:51.703,1.26546,1.26569,1.13,1.50
2011.08.24 02:10:54.460,1.26543,1.26568,2.25,2.25
2011.08.24 02:10:54.691,1.26543,1.26568,1.50,2.25
2011.08.24 02:10:54.812,1.26543,1.26564,1.50,1.50
2011.08.24 02:10:55.046,1.26553,1.26572,1.13,1.50
2011.08.24 02:10:55.489,1.26553,1.26574,1.50,1.50
2011.08.24 02:10:55.613,1.26556,1.2658,1.13,1.50
2011.08.24 02:10:56.063,1.26554,1.2658,1.13,1.50
2011.08.24 02:10:56.620,1.26554,1.2658,1.13,1.50
2011.08.24 02:10:56.743,1.26555,1.2658,1.50,1.50
2011.08.24 02:10:57.392,1.26555,1.26578,1.50,1.50
2011.08.24 02:10:57.949,1.26555,1.26578,1.13,1.50
2011.08.24 02:10:58.500,1.26554,1.26575,1.50,1.50
2011.08.24 02:10:59.060,1.26553,1.26575,1.13,1.50
2011.08.24 02:10:59.181,1.26553,1.26578,1.13,3.00
2011.08.24 02:10:59.301,1.26553,1.26578,1.13,2.25
2011.08.24 02:10:59.860,1.26553,1.26577,1.13,1.50
2011.08.24 02:11:01.450,1.26555,1.26577,1.13,1.50
2011.08.24 02:11:01.795,1.26558,1.26582,2.25,1.50
2011.08.24 02:11:02.028,1.26564,1.26589,1.13,1.50
2011.08.24 02:11:02.360,1.26564,1.26588,1.13,1.50
2011.08.24 02:11:03.030,1.26566,1.26589,2.25,1.50
2011.08.24 02:11:03.931,1.26566,1.26588,1.50,2.63
2011.08.24 02:11:04.164,1.26559,1.26587,1.13,1.50
2011.08.24 02:11:04.281,1.26555,1.26583,2.63,1.52
2011.08.24 02:11:04.401,1.26555,1.2658,1.88,1.50
2011.08.24 02:11:04.635,1.26555,1.26582,1.88,1.50
2011.08.24 02:11:05.043,1.26557,1.26582,1.13,1.50
2011.08.24 02:11:05.270,1.26559,1.26582,1.13,1.50
2011.08.24 02:11:05.724,1.26559,1.26585,1.13,1.50
2011.08.24 02:11:06.282,1.26559,1.26584,1.13,1.50
2011.08.24 02:11:06.516,1.26559,1.26586,1.88,1.50
2011.08.24 02:11:07.293,1.26559,1.26583,1.88,1.52
2011.08.24 02:11:08.660,1.26559,1.26583,1.13,1.52
2011.08.24 02:11:09.365,1.26557,1.26582,1.50,1.50
2011.08.24 02:11:09.704,1.26556,1.26581,1.13,1.50
2011.08.24 02:11:09.821,1.26557,1.26582,1.50,1.50
2011.08.24 02:11:10.792,1.26557,1.2658,1.50,1.13
2011.08.24 02:11:11.024,1.26545,1.26568,1.13,1.50
2011.08.24 02:11:11.141,1.26543,1.26567,1.13,1.50
2011.08.24 02:11:11.373,1.26543,1.26568,1.50,1.13
2011.08.24 02:11:12.091,1.26544,1.26568,1.50,1.13
2011.08.24 02:11:12.444,1.26545,1.26573,1.50,1.88
2011.08.24 02:11:12.677,1.26547,1.26573,1.88,1.50
2011.08.24 02:11:13.076,1.26547,1.26575,1.88,2.63
2011.08.24 02:11:13.855,1.26551,1.26576,1.88,1.50
2011.08.24 02:11:14.194,1.26554,1.26579,1.13,1.50
2011.08.24 02:11:14.425,1.26553,1.26577,1.13,1.50
2011.08.24 02:11:14.761,1.26554,1.26577,1.13,1.50
2011.08.24 02:11:15.102,1.2655,1.26577,1.13,1.50
2011.08.24 02:11:15.442,1.2655,1.26574,1.13,1.50
2011.08.24 02:11:18.401,1.2655,1.26578,1.13,1.50
2011.08.24 02:11:19.180,1.2655,1.26576,1.13,1.50
2011.08.24 02:11:19.973,1.26553,1.26576,1.13,1.50
2011.08.24 02:11:21.333,1.26554,1.2658,1.13,2.25
2011.08.24 02:11:24.084,1.26558,1.26584,1.50,1.88
2011.08.24 02:11:24.203,1.26554,1.26582,1.88,1.88
2011.08.24 02:11:30.961,1.26555,1.26582,1.13,1.50
2011.08.24 02:11:31.081,1.26556,1.26582,1.50,1.50
2011.08.24 02:11:31.310,1.26556,1.26583,1.50,1.13
2011.08.24 02:11:33.393,1.26562,1.26586,1.50,1.88
2011.08.24 02:11:33.622,1.26564,1.26589,1.50,2.25
2011.08.24 02:11:34.073,1.26566,1.26589,1.50,1.50
2011.08.24 02:11:34.191,1.26566,1.26594,1.50,2.25
2011.08.24 02:11:34.532,1.26564,1.26591,1.50,1.50
2011.08.24 02:11:34.649,1.26564,1.2659,1.50,1.50
2011.08.24 02:11:35.211,1.26564,1.26589,1.50,1.13
2011.08.24 02:11:35.553,1.26556,1.26582,1.50,1.13
2011.08.24 02:11:35.671,1.26555,1.2658,1.50,1.13
2011.08.24 02:11:36.010,1.26555,1.26579,1.50,1.50
2011.08.24 02:11:37.397,1.26555,1.2658,1.50,1.13
2011.08.24 02:11:38.411,1.26555,1.26581,1.50,1.50
2011.08.24 02:11:38.543,1.26555,1.26581,1.50,2.25
2011.08.24 02:11:39.112,1.26555,1.26581,1.50,1.50
2011.08.24 02:11:39.864,1.26555,1.26581,1.50,2.25
2011.08.24 02:11:40.201,1.26558,1.26581,2.25,2.25
2011.08.24 02:11:40.434,1.26564,1.26588,1.13,2.25
2011.08.24 02:11:40.551,1.26569,1.26588,1.13,1.50
2011.08.24 02:11:40.782,1.26569,1.26593,1.13,1.50
2011.08.24 02:11:41.342,1.26571,1.26596,1.13,1.50
2011.08.24 02:11:41.465,1.26573,1.26596,1.13,1.50
2011.08.24 02:11:42.019,1.26572,1.26596,1.13,1.50
2011.08.24 02:11:42.686,1.26572,1.26596,1.13,1.50
2011.08.24 02:11:44.572,1.26572,1.26597,1.13,1.50
2011.08.24 02:11:49.272,1.26572,1.26597,1.13,1.50
2011.08.24 02:11:49.940,1.26572,1.26597,1.13,2.25
2011.08.24 02:11:50.281,1.26568,1.26591,1.50,1.50
2011.08.24 02:11:50.621,1.26568,1.26591,1.13,1.50
2011.08.24 02:11:51.733,1.26565,1.26589,1.50,1.13
2011.08.24 02:11:51.855,1.26562,1.26587,1.50,1.13
2011.08.24 02:11:51.972,1.26561,1.26586,2.25,1.50
2011.08.24 02:11:52.204,1.26555,1.2658,1.50,1.50
2011.08.24 02:11:52.319,1.26555,1.26579,1.50,1.50
2011.08.24 02:11:52.834,1.26555,1.26582,1.50,1.50
2011.08.24 02:11:53.069,1.26561,1.26582,2.25,1.50
2011.08.24 02:11:53.184,1.26563,1.26586,1.50,1.50
2011.08.24 02:11:53.306,1.26563,1.26587,1.50,1.50
2011.08.24 02:11:53.532,1.26563,1.26588,1.50,1.88
2011.08.24 02:11:53.650,1.26563,1.2659,1.50,1.88
2011.08.24 02:11:53.992,1.26567,1.26593,1.50,2.27
2011.08.24 02:11:54.552,1.26567,1.26593,1.50,2.27
2011.08.24 02:11:54.782,1.26567,1.26593,1.50,2.27
2011.08.24 02:11:57.710,1.26567,1.26593,1.50,2.65
2011.08.24 02:11:57.832,1.26564,1.2659,2.25,1.50
2011.08.24 02:11:57.957,1.26563,1.26587,1.13,1.52
2011.08.24 02:11:58.293,1.26563,1.26588,1.13,1.50
2011.08.24 02:11:58.744,1.26563,1.26589,1.13,1.50
2011.08.24 02:11:59.742,1.26562,1.26585,1.50,1.50
2011.08.24 02:11:59.974,1.26563,1.26589,1.13,2.25
2011.08.24 02:12:01.551,1.26563,1.26588,1.13,1.50
2011.08.24 02:12:02.052,1.26563,1.26589,1.50,2.25
2011.08.24 02:12:06.574,1.26561,1.26584,2.25,1.13
2011.08.24 02:12:06.800,1.26555,1.26583,1.88,1.13
2011.08.24 02:12:07.361,1.26558,1.26583,1.13,1.50
2011.08.24 02:12:07.922,1.26562,1.26586,1.13,1.50
2011.08.24 02:12:08.355,1.26562,1.26586,1.13,1.50
2011.08.24 02:12:08.470,1.26562,1.26587,1.13,1.50
2011.08.24 02:12:09.722,1.26561,1.26589,1.88,2.25
2011.08.24 02:12:10.604,1.26561,1.26586,1.13,1.50
2011.08.24 02:12:11.052,1.26558,1.26586,1.13,1.50
2011.08.24 02:12:11.396,1.26554,1.2658,1.50,1.13
2011.08.24 02:12:14.781,1.26557,1.26584,1.50,1.50
2011.08.24 02:12:15.121,1.26557,1.26581,1.50,1.13
2011.08.24 02:12:15.791,1.26558,1.26585,1.13,1.50
2011.08.24 02:12:15.913,1.26558,1.26584,1.50,1.50
2011.08.24 02:12:16.361,1.26557,1.26583,1.50,1.13
2011.08.24 02:12:16.887,1.26554,1.26582,1.50,1.13
2011.08.24 02:12:17.442,1.26554,1.26583,1.50,1.13
2011.08.24 02:12:19.410,1.26558,1.26585,1.88,1.50
2011.08.24 02:12:19.532,1.26558,1.26586,1.88,1.13
2011.08.24 02:12:19.873,1.26561,1.26588,1.13,1.50
2011.08.24 02:12:20.212,1.26561,1.26588,1.13,1.50
2011.08.24 02:12:20.874,1.26558,1.26586,1.50,1.88
2011.08.24 02:12:21.433,1.26562,1.26587,1.50,1.50
2011.08.24 02:12:22.014,1.26561,1.26585,1.88,1.50
2011.08.24 02:12:25.341,1.26561,1.26585,1.88,1.50
2011.08.24 02:12:25.819,1.26561,1.26585,1.88,1.50
2011.08.24 02:12:26.375,1.26554,1.26582,1.50,1.88
2011.08.24 02:12:26.822,1.26552,1.26581,1.88,1.50
2011.08.24 02:12:27.888,1.26552,1.26581,1.88,1.50
2011.08.24 02:12:28.222,1.26552,1.26581,1.50,1.88
2011.08.24 02:12:29.422,1.26552,1.26581,1.88,1.13
2011.08.24 02:12:31.459,1.26557,1.26581,1.50,1.13
2011.08.24 02:12:31.912,1.26557,1.26578,1.50,2.25
2011.08.24 02:12:32.142,1.26547,1.26572,1.50,1.13
2011.08.24 02:12:32.373,1.26547,1.26573,1.50,1.13
2011.08.24 02:12:32.935,1.26552,1.26575,1.13,1.50
2011.08.24 02:12:33.427,1.26552,1.2658,1.88,2.25
2011.08.24 02:12:34.420,1.26552,1.26579,1.50,1.13
2011.08.24 02:12:34.760,1.26553,1.26577,1.13,1.50
2011.08.24 02:12:34.880,1.26554,1.2658,1.50,1.50
2011.08.24 02:12:35.950,1.26554,1.26581,1.50,1.13
2011.08.24 02:12:36.186,1.26553,1.26581,1.13,1.13
2011.08.24 02:12:36.524,1.26557,1.26585,1.50,1.13
2011.08.24 02:12:36.750,1.26558,1.26586,1.50,1.13
2011.08.24 02:12:38.811,1.26558,1.26586,1.50,1.13
2011.08.24 02:12:39.041,1.26558,1.26586,1.50,1.13
2011.08.24 02:12:39.387,1.26561,1.26586,1.50,1.13
2011.08.24 02:12:39.509,1.26559,1.26582,1.50,1.13
2011.08.24 02:12:39.732,1.26559,1.26585,1.50,1.88
2011.08.24 02:12:40.183,1.26561,1.26587,1.50,1.50
2011.08.24 02:12:41.034,1.26564,1.26585,1.50,1.50
2011.08.24 02:12:41.160,1.26569,1.26595,1.13,1.50
2011.08.24 02:12:41.943,1.26572,1.26596,1.13,1.50
2011.08.24 02:12:42.062,1.26572,1.26596,1.13,1.50
2011.08.24 02:12:44.271,1.26565,1.26591,1.13,1.50
2011.08.24 02:12:44.500,1.26565,1.2659,1.13,1.50
2011.08.24 02:12:46.783,1.26564,1.2659,1.13,1.50
2011.08.24 02:12:46.905,1.26564,1.26592,1.13,1.50
2011.08.24 02:12:47.242,1.26564,1.26592,1.88,1.50
2011.08.24 02:12:49.198,1.26564,1.26592,1.13,1.88
2011.08.24 02:12:49.314,1.26563,1.26586,1.13,1.50
2011.08.24 02:12:49.870,1.26563,1.26586,1.13,1.50
2011.08.24 02:12:51.614,1.26562,1.26586,1.13,1.50
2011.08.24 02:12:52.283,1.26562,1.26586,1.13,1.50
2011.08.24 02:12:53.390,1.26557,1.26583,1.50,1.50
2011.08.24 02:12:54.221,1.26555,1.26581,1.88,1.50
2011.08.24 02:12:55.249,1.26555,1.26579,1.88,1.50
2011.08.24 02:12:56.590,1.26558,1.26579,1.50,1.50
2011.08.24 02:12:56.935,1.26566,1.26593,1.50,1.50
2011.08.24 02:12:59.194,1.26569,1.26593,1.13,1.50
2011.08.24 02:12:59.314,1.26569,1.26593,1.88,1.50
2011.08.24 02:12:59.875,1.26569,1.26593,1.88,2.27
2011.08.24 02:13:00.322,1.2657,1.26597,1.88,2.25
2011.08.24 02:13:00.881,1.2657,1.26596,1.88,1.50
2011.08.24 02:13:02.733,1.26568,1.26594,1.50,1.13
2011.08.24 02:13:02.853,1.26568,1.26594,1.50,1.13
2011.08.24 02:13:03.279,1.26568,1.26594,1.50,1.13
2011.08.24 02:13:03.513,1.26568,1.26595,1.88,1.50
2011.08.24 02:13:04.070,1.2657,1.26596,1.50,1.88
2011.08.24 02:13:04.894,1.2657,1.26595,1.50,1.13
2011.08.24 02:13:07.282,1.26568,1.26594,1.50,1.13
2011.08.24 02:13:08.288,1.26563,1.2659,1.50,1.13
2011.08.24 02:13:08.841,1.26561,1.26589,1.13,1.50
2011.08.24 02:13:10.713,1.26559,1.26588,1.50,1.88
2011.08.24 02:13:10.831,1.26558,1.26588,1.88,1.88
2011.08.24 02:13:11.389,1.26558,1.26588,1.88,1.13
2011.08.24 02:13:11.725,1.26558,1.26582,1.13,1.50
2011.08.24 02:13:12.218,1.26558,1.26585,1.13,1.50
2011.08.24 02:13:13.554,1.26559,1.26585,1.50,1.50
2011.08.24 02:13:15.389,1.26559,1.26587,1.50,1.50
2011.08.24 02:13:15.624,1.26562,1.26587,1.13,1.50
2011.08.24 02:13:15.747,1.26569,1.2659,1.13,1.50
2011.08.24 02:13:15.863,1.26569,1.26595,1.13,1.50
2011.08.24 02:13:16.093,1.26573,1.26596,1.13,1.50
2011.08.24 02:13:16.650,1.26573,1.26596,1.13,1.50
2011.08.24 02:13:17.946,1.26573,1.26596,1.50,1.50
2011.08.24 02:13:18.172,1.26565,1.26594,1.88,1.13
2011.08.24 02:13:18.293,1.26565,1.26591,1.88,1.50
2011.08.24 02:13:18.523,1.26565,1.26591,1.88,2.25
2011.08.24 02:13:18.755,1.26563,1.26589,1.50,1.50
2011.08.24 02:13:19.490,1.26563,1.26589,1.50,1.50
2011.08.24 02:13:19.723,1.26564,1.26589,1.13,1.50
2011.08.24 02:13:19.840,1.26565,1.26589,1.50,1.50
2011.08.24 02:13:20.387,1.26565,1.26589,1.50,1.50
2011.08.24 02:13:22.273,1.26565,1.26589,1.50,1.50
2011.08.24 02:13:27.091,1.26563,1.26587,1.88,1.50
2011.08.24 02:13:27.212,1.26563,1.26586,1.13,1.50
2011.08.24 02:13:31.291,1.26559,1.26585,1.50,2.25
2011.08.24 02:13:31.522,1.26559,1.26585,1.50,2.25
2011.08.24 02:13:32.301,1.26559,1.26585,1.50,2.25
2011.08.24 02:13:33.311,1.26559,1.26585,1.50,1.88
2011.08.24 02:13:33.881,1.26563,1.26591,1.13,2.25
2011.08.24 02:13:34.225,1.26568,1.26593,1.13,1.50
2011.08.24 02:13:34.854,1.26568,1.26596,1.13,1.50
2011.08.24 02:13:35.802,1.26568,1.26594,1.13,1.50
2011.08.24 02:13:35.924,1.26569,1.26597,1.50,1.13
2011.08.24 02:13:36.151,1.26569,1.26597,1.50,1.13
2011.08.24 02:13:36.601,1.26573,1.26601,1.13,1.13
2011.08.24 02:13:36.832,1.2658,1.26607,1.13,1.50
2011.08.24 02:13:36.952,1.2658,1.26604,1.13,1.50
2011.08.24 02:13:37.181,1.2658,1.26606,1.13,1.50
2011.08.24 02:13:39.355,1.26583,1.26609,1.50,1.50
2011.08.24 02:13:39.475,1.26587,1.26614,1.13,1.50
2011.08.24 02:13:39.592,1.26587,1.26614,1.88,1.50
2011.08.24 02:13:40.152,1.26587,1.26616,1.88,1.13
2011.08.24 02:13:41.071,1.26589,1.26617,1.88,1.50
2011.08.24 02:13:41.852,1.2659,1.26614,1.13,1.50
2011.08.24 02:13:41.973,1.26598,1.26623,1.13,1.50
2011.08.24 02:13:42.093,1.26598,1.26624,1.88,1.50
2011.08.24 02:13:42.322,1.26601,1.26626,1.50,1.50
2011.08.24 02:13:43.289,1.26601,1.26625,1.50,1.13
2011.08.24 02:13:44.291,1.26601,1.26624,1.50,1.13
2011.08.24 02:13:44.523,1.26597,1.26623,1.50,1.50
2011.08.24 02:13:44.750,1.26597,1.26621,1.50,1.50
2011.08.24 02:13:45.203,1.26593,1.26619,1.50,1.50
2011.08.24 02:13:45.759,1.26591,1.2662,1.13,1.88
2011.08.24 02:13:46.320,1.26591,1.26619,1.13,1.50
2011.08.24 02:13:46.976,1.26593,1.26619,1.50,1.50
2011.08.24 02:13:47.092,1.26593,1.26619,1.50,1.50
2011.08.24 02:13:47.431,1.26591,1.26619,1.88,1.50
2011.08.24 02:13:47.770,1.26591,1.26619,1.88,1.50
2011.08.24 02:13:49.056,1.26591,1.26618,1.50,1.13
2011.08.24 02:13:49.696,1.26591,1.26618,1.50,1.88
2011.08.24 02:13:52.715,1.26591,1.26619,1.50,1.88
2011.08.24 02:13:53.272,1.26591,1.26618,1.88,1.50
2011.08.24 02:13:53.393,1.26591,1.26616,1.88,1.50
2011.08.24 02:13:55.060,1.26591,1.26616,1.13,1.50
2011.08.24 02:13:55.903,1.26587,1.26613,1.50,1.88
2011.08.24 02:13:56.023,1.26587,1.26613,1.13,1.50
2011.08.24 02:13:56.361,1.26589,1.26615,1.50,1.13
2011.08.24 02:13:56.481,1.26589,1.26615,1.50,1.13
2011.08.24 02:13:57.540,1.26589,1.26616,1.50,1.50
2011.08.24 02:13:58.770,1.26586,1.26616,2.63,1.50
2011.08.24 02:13:59.592,1.26588,1.26616,1.13,1.13
2011.08.24 02:14:00.422,1.26588,1.26614,1.13,1.50
2011.08.24 02:14:01.121,1.26589,1.26614,1.50,1.88
2011.08.24 02:14:02.012,1.26587,1.26614,1.50,1.13
2011.08.24 02:14:02.571,1.26586,1.26612,1.13,1.50
2011.08.24 02:14:04.240,1.26586,1.26613,1.13,1.50
2011.08.24 02:14:04.800,1.26587,1.26613,1.50,1.50
2011.08.24 02:14:05.691,1.26588,1.26616,1.13,1.50
2011.08.24 02:14:05.813,1.26589,1.26616,1.50,1.50
2011.08.24 02:14:05.933,1.26588,1.26616,1.13,1.50
2011.08.24 02:14:06.162,1.26588,1.26615,1.13,1.50
2011.08.24 02:14:06.611,1.26585,1.26606,1.13,1.50
2011.08.24 02:14:06.842,1.26587,1.26614,1.50,1.50
2011.08.24 02:14:07.740,1.26586,1.26614,1.13,1.50
2011.08.24 02:14:09.840,1.26587,1.26611,1.50,1.50
2011.08.24 02:14:10.072,1.26588,1.26615,1.50,1.13
2011.08.24 02:14:10.191,1.26588,1.26615,1.50,1.13
2011.08.24 02:14:10.640,1.26588,1.26613,1.50,1.52
2011.08.24 02:14:11.202,1.26585,1.26613,1.50,2.65
2011.08.24 02:14:11.321,1.26582,1.26612,1.13,1.50
2011.08.24 02:14:11.660,1.26582,1.26608,1.13,1.50
2011.08.24 02:14:12.005,1.26587,1.26612,1.13,1.50
2011.08.24 02:14:12.120,1.26587,1.26613,1.13,1.52
2011.08.24 02:14:13.133,1.26579,1.26603,1.13,2.93
2011.08.24 02:14:13.251,1.26573,1.26594,1.50,2.25
2011.08.24 02:14:13.374,1.26565,1.26588,1.50,1.50
2011.08.24 02:14:13.498,1.26561,1.26588,1.50,1.50
2011.08.24 02:14:13.614,1.26557,1.26588,1.50,1.50
2011.08.24 02:14:13.735,1.26557,1.26586,1.50,2.25
2011.08.24 02:14:14.027,1.26557,1.26585,1.50,1.50
2011.08.24 02:14:14.476,1.26557,1.26585,1.50,1.50
2011.08.24 02:14:15.690,1.26557,1.26584,1.50,1.50
2011.08.24 02:14:16.033,1.26558,1.26584,2.10,2.25
2011.08.24 02:14:16.263,1.26553,1.26582,2.25,1.50
2011.08.24 02:14:16.492,1.26557,1.26585,1.13,1.50
2011.08.24 02:14:16.611,1.26557,1.26585,1.88,1.50
2011.08.24 02:14:16.733,1.26557,1.26587,1.88,1.50
2011.08.24 02:14:16.854,1.26558,1.26587,1.50,1.50
2011.08.24 02:14:16.971,1.26558,1.26584,1.50,1.50
2011.08.24 02:14:17.206,1.26559,1.26584,1.50,1.50
2011.08.24 02:14:17.324,1.2656,1.26582,1.50,1.50
2011.08.24 02:14:17.553,1.2656,1.26585,1.50,1.50
2011.08.24 02:14:18.550,1.26558,1.26586,2.25,1.50
2011.08.24 02:14:18.672,1.26558,1.26586,2.25,1.50
2011.08.24 02:14:18.792,1.26561,1.2659,1.50,1.50
2011.08.24 02:14:18.912,1.2656,1.2659,1.35,1.50
2011.08.24 02:14:19.032,1.2656,1.2659,1.35,2.25
2011.08.24 02:14:19.784,1.26558,1.26586,1.50,1.50
2011.08.24 02:14:19.905,1.26558,1.26586,2.25,1.50
2011.08.24 02:14:22.014,1.26564,1.26586,1.13,1.50
2011.08.24 02:14:23.522,1.26564,1.26587,1.13,2.25
2011.08.24 02:14:24.084,1.26564,1.26587,1.13,2.25
2011.08.24 02:14:25.606,1.26561,1.26588,1.13,1.50
2011.08.24 02:14:25.943,1.26561,1.2659,1.13,1.50
2011.08.24 02:14:26.502,1.26561,1.26591,1.13,2.25
2011.08.24 02:14:27.063,1.26561,1.2659,1.13,1.50
2011.08.24 02:14:27.512,1.26562,1.2659,1.13,1.50
2011.08.24 02:14:28.070,1.26562,1.26589,1.13,1.50
2011.08.24 02:14:28.631,1.26569,1.26591,1.13,1.50
2011.08.24 02:14:28.751,1.26569,1.26592,1.13,1.50
2011.08.24 02:14:29.166,1.26569,1.26591,1.13,1.50
2011.08.24 02:14:29.286,1.26563,1.26588,1.50,1.50
2011.08.24 02:14:30.499,1.26563,1.26587,1.13,1.50
2011.08.24 02:14:31.490,1.26563,1.26587,1.13,1.50
2011.08.24 02:14:32.053,1.26566,1.2659,1.50,1.50
2011.08.24 02:14:32.173,1.26565,1.2659,2.63,1.50
2011.08.24 02:14:32.515,1.26572,1.26594,1.13,1.50
2011.08.24 02:14:32.854,1.26566,1.2659,1.50,1.13
2011.08.24 02:14:32.975,1.26561,1.26589,1.13,1.13
2011.08.24 02:14:33.093,1.26561,1.26587,1.13,1.50
2011.08.24 02:14:33.922,1.26561,1.26587,1.88,1.50
2011.08.24 02:14:34.840,1.26561,1.26587,1.88,1.50
2011.08.24 02:14:35.401,1.26561,1.26588,1.13,1.50
2011.08.24 02:14:35.519,1.26561,1.26584,1.13,1.50
2011.08.24 02:14:35.861,1.26556,1.26583,1.13,1.50
2011.08.24 02:14:36.421,1.26561,1.26585,1.13,1.50
2011.08.24 02:14:38.840,1.26561,1.26584,1.13,1.50
2011.08.24 02:14:38.962,1.2656,1.26583,1.13,1.50
2011.08.24 02:14:39.080,1.2656,1.26583,1.13,1.50
2011.08.24 02:14:39.641,1.26559,1.26583,1.13,1.50
2011.08.24 02:14:39.873,1.2656,1.26583,1.50,1.50
2011.08.24 02:14:40.432,1.26556,1.26584,1.50,1.88
2011.08.24 02:14:43.114,1.26556,1.26584,2.25,1.13
2011.08.24 02:14:43.455,1.26556,1.26583,2.25,1.13
2011.08.24 02:14:43.791,1.26555,1.2658,1.50,1.13
2011.08.24 02:14:44.132,1.26557,1.26583,1.50,1.13
2011.08.24 02:14:45.020,1.26558,1.26584,1.50,1.13
2011.08.24 02:14:45.581,1.26558,1.26584,1.50,1.13
2011.08.24 02:14:46.141,1.2656,1.26586,1.50,1.50
2011.08.24 02:14:46.260,1.2656,1.26586,1.50,1.50
2011.08.24 02:14:46.764,1.26562,1.2659,1.13,2.25
2011.08.24 02:14:47.873,1.26562,1.2659,1.88,1.50
2011.08.24 02:14:47.992,1.26564,1.2659,1.13,1.50
2011.08.24 02:14:48.331,1.26565,1.26591,1.50,1.50
2011.08.24 02:14:48.669,1.26564,1.26591,1.13,1.50
2011.08.24 02:14:50.061,1.26566,1.26592,1.13,2.25
2011.08.24 02:14:51.189,1.26567,1.26588,1.13,1.50
2011.08.24 02:14:51.754,1.26567,1.26588,1.88,1.50
2011.08.24 02:14:51.875,1.26573,1.26597,1.50,1.50
2011.08.24 02:14:52.101,1.26571,1.26597,1.50,2.25
2011.08.24 02:14:52.223,1.2657,1.26591,1.50,1.50
2011.08.24 02:14:52.341,1.2657,1.26591,1.50,1.50
2011.08.24 02:14:52.679,1.26567,1.26592,1.88,1.50
2011.08.24 02:14:52.910,1.26567,1.26591,1.88,1.50
2011.08.24 02:14:53.250,1.26567,1.2659,1.13,1.50
2011.08.24 02:14:53.810,1.26567,1.26592,1.13,2.25
2011.08.24 02:14:54.152,1.26568,1.26592,1.13,1.50
2011.08.24 02:14:54.385,1.26567,1.2659,1.13,1.50
2011.08.24 02:14:56.373,1.26567,1.2659,1.13,1.50
2011.08.24 02:14:56.971,1.26567,1.26591,1.88,2.25
2011.08.24 02:14:57.093,1.26568,1.26591,1.13,1.50
2011.08.24 02:14:57.323,1.26568,1.26593,1.88,1.50
2011.08.24 02:14:57.442,1.26572,1.26596,1.50,1.50
2011.08.24 02:14:57.562,1.26574,1.26598,1.50,1.13
2011.08.24 02:14:57.682,1.26577,1.26601,1.88,1.50
2011.08.24 02:14:57.801,1.26577,1.26603,1.88,1.50
2011.08.24 02:14:58.580,1.26577,1.26602,1.88,1.50
2011.08.24 02:15:05.474,1.26577,1.26601,1.50,2.25
2011.08.24 02:15:05.922,1.26571,1.26599,1.50,1.50
2011.08.24 02:15:06.262,1.26568,1.26596,1.13,1.13
2011.08.24 02:15:16.410,1.26575,1.26601,1.50,1.50
2011.08.24 02:15:16.642,1.26576,1.26601,1.13,1.50
2011.08.24 02:15:18.273,1.26575,1.26599,1.50,1.50
2011.08.24 02:15:18.830,1.26571,1.26597,1.13,1.50
2011.08.24 02:15:20.745,1.26572,1.26598,1.88,1.50
2011.08.24 02:15:20.862,1.26573,1.26599,1.13,1.13
2011.08.24 02:15:21.202,1.26574,1.26601,1.13,1.50
2011.08.24 02:15:21.991,1.26575,1.26601,1.50,1.50
2011.08.24 02:15:25.102,1.26575,1.26601,1.50,1.50
2011.08.24 02:15:25.439,1.26575,1.26601,1.50,1.50
2011.08.24 02:15:26.156,1.26575,1.266,1.50,1.50
2011.08.24 02:15:29.901,1.26573,1.26598,1.50,1.50
2011.08.24 02:15:32.352,1.2657,1.26597,1.50,1.13
2011.08.24 02:15:43.562,1.2657,1.26598,1.50,1.88
2011.08.24 02:15:49.880,1.2657,1.26598,1.88,1.13
2011.08.24 02:15:50.002,1.26574,1.266,1.13,1.50
2011.08.24 02:15:50.341,1.26579,1.26604,1.13,1.50
2011.08.24 02:15:51.001,1.26579,1.26605,1.13,1.50
2011.08.24 02:15:51.121,1.2658,1.26605,1.13,1.50
2011.08.24 02:15:51.243,1.2658,1.26605,1.13,1.50
2011.08.24 02:15:51.361,1.2658,1.26607,1.13,1.50
2011.08.24 02:15:52.580,1.26581,1.26604,1.13,1.50
2011.08.24 02:15:53.694,1.26579,1.26602,1.13,1.50
2011.08.24 02:15:54.030,1.2658,1.26607,1.13,1.50
2011.08.24 02:15:55.871,1.26581,1.26609,1.88,1.50
2011.08.24 02:15:56.766,1.26581,1.26605,1.50,1.50
2011.08.24 02:15:56.992,1.26581,1.26608,1.50,1.50
2011.08.24 02:15:58.382,1.26581,1.26605,1.50,1.50
2011.08.24 02:15:58.721,1.26583,1.26606,1.50,2.25
2011.08.24 02:15:59.060,1.26577,1.26606,1.13,3.00
2011.08.24 02:15:59.629,1.26577,1.26604,1.13,1.50
2011.08.24 02:16:00.548,1.26582,1.26608,1.50,1.88
2011.08.24 02:16:00.883,1.26582,1.26608,1.50,1.13
2011.08.24 02:16:01.115,1.26584,1.26611,1.50,1.50
2011.08.24 02:16:01.341,1.26584,1.26612,1.50,1.50
2011.08.24 02:16:03.439,1.26587,1.26614,1.50,1.88
2011.08.24 02:16:09.920,1.26587,1.26613,1.50,1.50
2011.08.24 02:16:10.522,1.26587,1.26614,1.50,1.50
2011.08.24 02:16:10.861,1.26588,1.26614,1.50,1.50
2011.08.24 02:16:11.662,1.26588,1.26615,1.50,1.13
2011.08.24 02:16:12.359,1.26587,1.26615,1.50,1.13
2011.08.24 02:16:18.940,1.26587,1.26613,1.50,1.50
2011.08.24 02:16:19.879,1.26587,1.26614,1.50,1.88
2011.08.24 02:16:21.182,1.26587,1.26611,1.50,1.13
2011.08.24 02:16:21.411,1.26587,1.26611,1.50,1.88
2011.08.24 02:16:21.970,1.26584,1.2661,1.50,1.13
2011.08.24 02:16:23.542,1.26584,1.26611,1.50,1.13
2011.08.24 02:16:25.760,1.26584,1.2661,1.50,1.13
2011.08.24 02:16:25.881,1.26584,1.2661,1.50,1.13
2011.08.24 02:16:26.840,1.26584,1.2661,1.50,1.13
2011.08.24 02:16:30.282,1.26584,1.2661,1.50,1.13
2011.08.24 02:16:30.947,1.26582,1.26608,1.50,1.13
2011.08.24 02:16:33.490,1.26584,1.2661,1.50,1.13
2011.08.24 02:16:36.861,1.26584,1.2661,1.50,1.13
2011.08.24 02:16:38.240,1.26584,1.26609,1.50,1.13
2011.08.24 02:16:38.799,1.26583,1.26608,1.50,1.13
2011.08.24 02:16:39.323,1.26584,1.2661,1.50,1.88
2011.08.24 02:16:42.371,1.26583,1.26608,1.50,1.13
2011.08.24 02:16:42.491,1.26583,1.26608,1.50,1.13
2011.08.24 02:16:47.052,1.26583,1.26608,1.50,1.13
2011.08.24 02:16:50.271,1.26584,1.2661,1.50,1.50
2011.08.24 02:16:51.565,1.26584,1.26609,1.50,1.13
2011.08.24 02:16:51.690,1.26583,1.26609,1.50,2.25
2011.08.24 02:16:52.143,1.26583,1.26607,1.50,1.13
2011.08.24 02:16:52.703,1.26581,1.26606,1.50,1.13
2011.08.24 02:16:53.260,1.26582,1.26607,1.50,1.13
2011.08.24 02:16:54.571,1.26582,1.26608,1.50,1.50
2011.08.24 02:16:56.781,1.2658,1.26606,1.13,1.50
2011.08.24 02:16:56.901,1.2658,1.26604,1.13,1.50
2011.08.24 02:16:57.131,1.26576,1.26603,1.50,1.13
2011.08.24 02:16:57.690,1.26576,1.26602,1.50,1.13
2011.08.24 02:16:59.103,1.26576,1.26602,1.50,1.13
2011.08.24 02:16:59.884,1.26577,1.26604,1.13,1.50
2011.08.24 02:17:03.304,1.26577,1.26604,1.13,1.50
2011.08.24 02:17:05.192,1.26578,1.26605,1.13,1.50
2011.08.24 02:17:07.137,1.26577,1.26602,1.13,1.50
2011.08.24 02:17:07.364,1.2658,1.26606,1.50,2.25
2011.08.24 02:17:07.589,1.26579,1.26606,1.88,2.25
2011.08.24 02:17:08.255,1.26579,1.26604,1.50,1.88
2011.08.24 02:17:08.886,1.26576,1.26603,1.50,1.50
2011.08.24 02:17:09.443,1.26579,1.26603,1.50,1.50
2011.08.24 02:17:10.240,1.26579,1.26604,1.50,1.50
2011.08.24 02:17:11.806,1.26581,1.26605,1.88,1.50
2011.08.24 02:17:15.352,1.2658,1.26604,1.13,1.50
2011.08.24 02:17:15.911,1.2658,1.26604,1.13,2.25
2011.08.24 02:17:17.323,1.26577,1.26602,1.35,1.50
2011.08.24 02:17:17.442,1.26577,1.266,1.35,1.13
2011.08.24 02:17:17.673,1.26574,1.266,1.50,1.13
2011.08.24 02:17:17.791,1.26574,1.266,1.50,1.13
2011.08.24 02:17:18.461,1.26579,1.26603,1.50,2.25
2011.08.24 02:17:18.583,1.26579,1.26604,1.50,1.50
2011.08.24 02:17:19.141,1.26581,1.26605,1.50,1.50
2011.08.24 02:17:20.240,1.26583,1.26605,1.13,1.50
2011.08.24 02:17:23.492,1.26583,1.26606,1.13,1.50
2011.08.24 02:17:26.622,1.2658,1.266,1.13,1.50
2011.08.24 02:17:26.746,1.26575,1.26598,2.10,1.50
2011.08.24 02:17:26.866,1.26574,1.26597,1.35,1.50
2011.08.24 02:17:27.205,1.26571,1.26597,1.88,1.50
2011.08.24 02:17:27.324,1.26571,1.26597,1.88,1.50
2011.08.24 02:17:27.664,1.26575,1.26601,1.50,2.25
2011.08.24 02:17:27.784,1.26571,1.26596,1.13,1.50
2011.08.24 02:17:27.902,1.26571,1.26595,1.13,1.50
2011.08.24 02:17:28.721,1.26571,1.26595,1.50,1.50
2011.08.24 02:17:29.452,1.26573,1.266,1.13,1.50
2011.08.24 02:17:29.975,1.26573,1.26596,1.13,2.25
2011.08.24 02:17:31.337,1.26571,1.26596,1.50,2.25
2011.08.24 02:17:31.891,1.26575,1.26596,1.13,2.25
2011.08.24 02:17:37.433,1.2657,1.26596,2.25,2.25
2011.08.24 02:17:37.661,1.26571,1.26595,1.13,1.50
2011.08.24 02:17:39.780,1.2657,1.26594,1.13,1.50
2011.08.24 02:17:40.230,1.26569,1.26593,1.50,1.50
2011.08.24 02:17:47.361,1.26568,1.26592,1.09,1.50
2011.08.24 02:17:50.940,1.26568,1.26592,1.09,1.50
2011.08.24 02:17:53.380,1.26565,1.26592,1.50,1.13
2011.08.24 02:17:53.971,1.26565,1.26592,1.50,1.13
2011.08.24 02:17:57.091,1.26566,1.26593,2.63,1.50
2011.08.24 02:17:57.211,1.2657,1.26594,1.50,1.88
2011.08.24 02:17:58.551,1.26566,1.26593,1.88,1.50
2011.08.24 02:18:01.262,1.26568,1.26594,1.50,1.88
2011.08.24 02:18:09.657,1.26578,1.26601,1.47,1.50
2011.08.24 02:18:09.778,1.26578,1.26606,2.22,1.88
2011.08.24 02:18:10.002,1.26578,1.26606,2.22,1.13
2011.08.24 02:18:10.583,1.26578,1.26606,1.88,1.13
2011.08.24 02:18:11.702,1.2658,1.26607,1.50,1.50
2011.08.24 02:18:13.042,1.2658,1.26609,1.50,2.63
2011.08.24 02:18:13.964,1.26582,1.2661,1.13,1.50
2011.08.24 02:18:14.194,1.26582,1.26609,1.88,1.50
2011.08.24 02:18:14.751,1.26585,1.26609,1.50,1.50
2011.08.24 02:18:14.981,1.26585,1.26609,1.88,1.50
2011.08.24 02:18:16.371,1.26587,1.26611,1.13,1.50
2011.08.24 02:18:16.603,1.2659,1.26619,1.50,1.50
2011.08.24 02:18:16.722,1.26591,1.2662,1.50,1.13
2011.08.24 02:18:17.172,1.26591,1.2662,1.50,1.13
2011.08.24 02:18:19.903,1.26596,1.26621,1.13,1.50
2011.08.24 02:18:20.022,1.26596,1.26624,1.13,1.13
2011.08.24 02:18:21.021,1.26601,1.26627,1.50,1.50
2011.08.24 02:18:21.142,1.26601,1.2663,1.50,1.88
2011.08.24 02:18:21.594,1.266,1.2663,1.13,2.63
2011.08.24 02:18:21.712,1.266,1.26623,1.13,1.50
2011.08.24 02:18:21.833,1.26598,1.26623,1.50,1.50
2011.08.24 02:18:21.953,1.26597,1.26621,1.50,1.50
2011.08.24 02:18:22.183,1.26595,1.26623,1.13,2.18
2011.08.24 02:18:22.631,1.26595,1.2662,1.13,1.50
2011.08.24 02:18:22.752,1.26594,1.26617,1.13,1.50
2011.08.24 02:18:23.311,1.26594,1.26617,1.13,1.50
2011.08.24 02:18:23.984,1.26594,1.26617,1.50,1.50
2011.08.24 02:18:24.690,1.26598,1.2662,1.13,1.50
2011.08.24 02:18:25.252,1.26598,1.26621,1.13,1.50
2011.08.24 02:18:25.373,1.26599,1.2662,1.13,1.50
2011.08.24 02:18:28.341,1.26595,1.26617,1.50,1.50
2011.08.24 02:18:28.900,1.26596,1.26617,1.50,1.50
2011.08.24 02:18:30.251,1.26599,1.26624,1.13,1.50
2011.08.24 02:18:30.372,1.26599,1.26625,1.88,2.25
2011.08.24 02:18:30.491,1.26599,1.26624,1.13,1.50
2011.08.24 02:18:30.831,1.26596,1.26618,1.50,1.50
2011.08.24 02:18:32.812,1.26596,1.26618,1.13,1.50
2011.08.24 02:18:33.921,1.26592,1.26618,1.50,1.50
2011.08.24 02:18:34.045,1.26592,1.26617,1.50,1.50
2011.08.24 02:18:38.333,1.26592,1.26617,1.13,1.50
2011.08.24 02:18:42.880,1.26592,1.26616,1.13,1.50
2011.08.24 02:18:50.890,1.26592,1.26616,1.13,1.50
2011.08.24 02:18:51.441,1.26592,1.26616,1.13,1.50
2011.08.24 02:18:52.691,1.26594,1.26621,1.13,3.75
2011.08.24 02:18:52.813,1.26595,1.26621,1.50,2.25
2011.08.24 02:18:52.930,1.26594,1.2662,1.13,1.50
2011.08.24 02:18:53.051,1.26592,1.26615,1.13,1.50
2011.08.24 02:18:53.782,1.26592,1.26615,1.13,1.50
2011.08.24 02:18:56.332,1.26589,1.26615,1.50,1.50
2011.08.24 02:18:57.150,1.26592,1.26615,1.13,1.50
2011.08.24 02:19:00.036,1.26592,1.26615,1.13,1.50
2011.08.24 02:19:04.280,1.26593,1.26613,1.13,1.50
2011.08.24 02:19:06.773,1.26589,1.26612,1.88,1.50
2011.08.24 02:19:07.002,1.26589,1.26612,2.25,1.50
2011.08.24 02:19:07.122,1.26589,1.26614,2.25,1.50
2011.08.24 02:19:07.680,1.26593,1.26614,1.13,1.50
2011.08.24 02:19:09.300,1.26593,1.26614,1.13,1.50
2011.08.24 02:19:09.523,1.26592,1.26611,1.50,1.50
2011.08.24 02:19:09.646,1.26584,1.26608,1.50,1.50
2011.08.24 02:19:11.670,1.26583,1.26605,1.50,1.50
2011.08.24 02:19:12.463,1.26581,1.26604,1.50,1.88
2011.08.24 02:19:12.803,1.26581,1.26598,1.50,1.13
2011.08.24 02:19:13.140,1.26575,1.26598,1.50,1.88
2011.08.24 02:19:14.141,1.26576,1.26599,1.50,3.00
2011.08.24 02:19:15.924,1.26569,1.26593,1.13,1.43
2011.08.24 02:19:16.153,1.26559,1.26584,2.25,1.50
2011.08.24 02:19:16.712,1.2656,1.26582,1.50,1.88
2011.08.24 02:19:16.834,1.2656,1.26579,1.50,1.50
2011.08.24 02:19:17.172,1.26556,1.26579,1.50,1.50
2011.08.24 02:19:17.620,1.26561,1.2658,1.50,1.50
2011.08.24 02:19:17.743,1.26564,1.26582,2.25,1.50
2011.08.24 02:19:17.862,1.26565,1.26582,1.50,1.50
2011.08.24 02:19:17.982,1.26565,1.26585,1.50,2.25
2011.08.24 02:19:18.103,1.26559,1.26581,1.13,1.50
2011.08.24 02:19:18.225,1.26559,1.26581,1.13,1.50
2011.08.24 02:19:18.562,1.26563,1.26584,1.50,1.50
2011.08.24 02:19:18.680,1.26563,1.26586,1.50,1.50
2011.08.24 02:19:19.080,1.26563,1.26586,1.50,1.50
2011.08.24 02:19:19.413,1.26567,1.26588,1.50,1.50
2011.08.24 02:19:21.006,1.26563,1.26587,1.50,2.25
2011.08.24 02:19:21.236,1.2656,1.26583,1.88,1.50
2011.08.24 02:19:21.354,1.26567,1.26589,1.50,1.88
2011.08.24 02:19:21.582,1.26571,1.26592,1.50,1.50
2011.08.24 02:19:21.702,1.26571,1.26592,1.50,1.50
2011.08.24 02:19:22.043,1.2657,1.26591,1.50,1.50
2011.08.24 02:19:22.273,1.26567,1.26586,1.50,2.25
2011.08.24 02:19:22.392,1.2656,1.26581,1.50,1.50
2011.08.24 02:19:22.969,1.2656,1.26581,1.50,1.50
2011.08.24 02:19:23.302,1.26565,1.26583,1.13,1.50
2011.08.24 02:19:23.424,1.26568,1.2659,1.50,1.50
2011.08.24 02:19:23.542,1.26569,1.26592,1.50,1.50
2011.08.24 02:19:23.663,1.26575,1.26596,1.13,2.25
2011.08.24 02:19:23.782,1.26575,1.26597,1.88,1.50
2011.08.24 02:19:23.903,1.26581,1.26601,1.13,1.50
2011.08.24 02:19:24.021,1.26581,1.26603,1.13,1.50
2011.08.24 02:19:25.102,1.26581,1.26602,1.13,1.52
2011.08.24 02:19:25.667,1.26581,1.26603,1.13,1.50
2011.08.24 02:19:26.260,1.26581,1.26603,1.13,1.50
2011.08.24 02:19:26.840,1.26581,1.26603,1.13,1.50
2011.08.24 02:19:27.181,1.26574,1.26597,1.88,1.50
2011.08.24 02:19:27.522,1.26578,1.26603,1.13,1.50
2011.08.24 02:19:28.048,1.26578,1.26603,1.13,1.50
2011.08.24 02:19:28.382,1.26578,1.26602,1.13,1.50
2011.08.24 02:19:29.392,1.26574,1.26597,1.50,1.50
2011.08.24 02:19:33.841,1.26575,1.26597,1.50,1.50
2011.08.24 02:19:34.411,1.26574,1.26597,1.50,1.50
2011.08.24 02:19:35.773,1.26573,1.26597,1.13,1.50
2011.08.24 02:19:36.002,1.26573,1.26597,1.13,1.50
2011.08.24 02:19:36.121,1.26573,1.26597,1.13,1.50
2011.08.24 02:19:36.351,1.26573,1.26597,1.88,1.50
2011.08.24 02:19:36.690,1.26573,1.26597,1.13,1.50
2011.08.24 02:19:38.153,1.26573,1.26597,1.50,1.50
2011.08.24 02:19:38.382,1.26576,1.26598,1.13,1.50
2011.08.24 02:19:38.942,1.26575,1.26597,1.13,1.50
2011.08.24 02:19:39.501,1.26576,1.26599,1.13,1.50
2011.08.24 02:19:40.991,1.26574,1.26597,1.13,1.50
2011.08.24 02:19:41.817,1.26574,1.26597,1.13,1.50
2011.08.24 02:19:41.930,1.26573,1.26597,1.13,1.50
2011.08.24 02:19:42.282,1.26568,1.26588,1.88,1.50
2011.08.24 02:19:42.514,1.26561,1.26583,1.50,1.50
2011.08.24 02:19:42.742,1.26557,1.26583,1.50,1.50
2011.08.24 02:19:42.861,1.26554,1.2658,1.50,1.50
2011.08.24 02:19:43.311,1.26553,1.26577,1.50,1.50
2011.08.24 02:19:43.431,1.26553,1.26577,1.50,1.50
2011.08.24 02:19:44.431,1.26553,1.26577,1.50,1.50
2011.08.24 02:19:44.775,1.26551,1.26575,1.50,1.50
2011.08.24 02:19:45.225,1.26548,1.2657,1.50,1.50
2011.08.24 02:19:45.622,1.26545,1.26569,1.50,1.50
2011.08.24 02:19:46.420,1.26545,1.26569,1.50,1.50
2011.08.24 02:19:47.563,1.26545,1.26569,1.50,1.50
2011.08.24 02:19:48.120,1.26545,1.26569,1.50,1.50
2011.08.24 02:19:48.460,1.26545,1.26569,1.50,1.50
2011.08.24 02:19:50.244,1.26545,1.26569,1.50,1.50
2011.08.24 02:19:51.349,1.26545,1.26569,1.50,1.50
2011.08.24 02:19:56.191,1.26545,1.26569,1.50,1.50
2011.08.24 02:19:56.315,1.26545,1.26569,1.50,1.50
2011.08.24 02:19:56.431,1.26546,1.26572,1.50,1.50
2011.08.24 02:20:00.901,1.26546,1.26572,2.25,1.50
2011.08.24 02:20:07.503,1.26544,1.2657,1.50,1.50
2011.08.24 02:20:07.953,1.26544,1.2657,1.50,1.50
2011.08.24 02:20:08.631,1.26544,1.2657,2.25,1.50
2011.08.24 02:20:08.752,1.26546,1.2657,1.50,1.50
2011.08.24 02:20:09.980,1.26544,1.2657,1.50,1.50
2011.08.24 02:20:13.612,1.26543,1.2657,2.25,1.50
2011.08.24 02:20:15.061,1.26546,1.26572,1.50,1.50
2011.08.24 02:20:15.295,1.26546,1.26572,1.50,1.50
2011.08.24 02:20:15.414,1.26546,1.26572,1.50,1.50
2011.08.24 02:20:15.753,1.26551,1.26577,1.88,1.50
2011.08.24 02:20:16.378,1.26551,1.26577,1.88,1.50
2011.08.24 02:20:18.099,1.26552,1.26577,1.13,1.50
2011.08.24 02:20:18.647,1.26551,1.26577,1.88,1.50
2011.08.24 02:20:21.340,1.26551,1.26577,3.00,1.50
2011.08.24 02:20:23.561,1.26551,1.26577,1.88,1.50
2011.08.24 02:20:24.485,1.26551,1.26577,1.13,1.50
2011.08.24 02:20:25.042,1.26551,1.26577,1.13,1.88
2011.08.24 02:20:25.382,1.26549,1.26577,1.50,1.88
2011.08.24 02:20:25.851,1.26548,1.26573,2.63,1.50
2011.08.24 02:20:29.203,1.26548,1.26573,2.25,1.50
2011.08.24 02:20:31.052,1.26548,1.26575,2.63,2.25
2011.08.24 02:20:31.615,1.26543,1.26567,1.88,1.50
2011.08.24 02:20:31.735,1.26542,1.26567,1.13,1.50
2011.08.24 02:20:32.294,1.26541,1.26567,3.00,2.25
2011.08.24 02:20:33.443,1.26541,1.26566,3.75,1.50
2011.08.24 02:20:36.131,1.26545,1.26566,1.13,1.50
2011.08.24 02:20:38.937,1.26545,1.26566,1.13,1.50
2011.08.24 02:20:40.012,1.26543,1.26566,1.13,1.50
2011.08.24 02:20:40.132,1.26543,1.26566,1.13,1.50
2011.08.24 02:20:42.012,1.26543,1.26566,1.13,1.50
2011.08.24 02:20:43.852,1.26543,1.26566,1.13,1.50
2011.08.24 02:20:43.972,1.26543,1.26566,1.13,1.50
2011.08.24 02:20:46.370,1.26543,1.26566,1.13,1.50
2011.08.24 02:20:48.565,1.26543,1.26566,1.13,1.50
2011.08.24 02:20:51.203,1.26545,1.26566,1.13,1.50
2011.08.24 02:20:51.324,1.26545,1.26566,1.13,1.50
2011.08.24 02:20:51.774,1.26544,1.26566,1.13,1.50
2011.08.24 02:20:52.773,1.26541,1.26566,1.88,2.25
2011.08.24 02:20:52.896,1.26541,1.26566,1.50,2.63
2011.08.24 02:20:53.821,1.2654,1.26566,1.13,2.25
2011.08.24 02:20:55.684,1.2654,1.26566,2.25,1.50
2011.08.24 02:20:56.741,1.2654,1.26566,3.00,1.50
2011.08.24 02:20:58.542,1.2654,1.26566,2.25,1.50
2011.08.24 02:21:02.511,1.26541,1.26563,1.13,1.50
2011.08.24 02:21:03.851,1.26541,1.26563,1.13,1.50
2011.08.24 02:21:03.973,1.26554,1.26564,1.13,1.50
2011.08.24 02:21:04.094,1.26555,1.26571,1.50,2.10
2011.08.24 02:21:04.214,1.26555,1.26575,1.50,1.52
2011.08.24 02:21:04.336,1.26549,1.26572,1.50,1.50
2011.08.24 02:21:04.673,1.26551,1.26573,1.88,1.52
2011.08.24 02:21:05.016,1.26547,1.26568,1.13,1.50
2011.08.24 02:21:05.245,1.26541,1.26568,1.88,1.50
2011.08.24 02:21:05.362,1.26541,1.26563,1.13,1.50
2011.08.24 02:21:05.811,1.26541,1.26567,3.00,1.50
2011.08.24 02:21:06.171,1.26541,1.26567,3.00,2.25
2011.08.24 02:21:06.623,1.26541,1.26567,3.00,2.25
2011.08.24 02:21:07.161,1.26541,1.26567,3.00,2.25
2011.08.24 02:21:07.832,1.26546,1.2657,1.88,1.50
2011.08.24 02:21:09.192,1.26547,1.26571,1.13,2.25
2011.08.24 02:21:09.784,1.26548,1.26571,1.88,1.50
2011.08.24 02:21:14.500,1.26549,1.26571,1.13,1.50
2011.08.24 02:21:14.951,1.2655,1.26573,2.63,1.52
2011.08.24 02:21:15.832,1.26551,1.26573,1.88,1.52
2011.08.24 02:21:16.893,1.26551,1.26573,1.13,1.52
2011.08.24 02:21:17.015,1.26551,1.26573,1.13,1.52
2011.08.24 02:21:17.571,1.26551,1.26573,1.13,1.52
2011.08.24 02:21:18.954,1.2655,1.26573,1.13,1.52
2011.08.24 02:21:20.962,1.2655,1.26573,1.50,1.52
2011.08.24 02:21:21.191,1.2655,1.26573,1.50,1.52
2011.08.24 02:21:21.642,1.26552,1.26573,2.25,1.52
2011.08.24 02:21:22.310,1.26551,1.26574,1.13,1.52
2011.08.24 02:21:23.091,1.26552,1.26576,1.13,1.52
2011.08.24 02:21:27.121,1.26551,1.26573,1.88,1.52
2011.08.24 02:21:27.354,1.26549,1.26573,2.63,1.52
2011.08.24 02:21:27.955,1.2655,1.26573,1.13,1.52
2011.08.24 02:21:35.111,1.26551,1.26575,1.13,1.50
2011.08.24 02:21:35.670,1.26549,1.26576,1.13,2.25
2011.08.24 02:21:36.161,1.26549,1.26576,1.13,2.25
2011.08.24 02:21:39.622,1.2655,1.26576,1.13,2.25
2011.08.24 02:21:40.181,1.2655,1.26576,1.13,2.25
2011.08.24 02:21:40.935,1.26549,1.26576,1.88,2.63
2011.08.24 02:21:46.275,1.26547,1.26573,1.88,1.50
2011.08.24 02:21:46.392,1.26547,1.26573,1.50,1.50
2011.08.24 02:21:46.732,1.26541,1.26567,1.50,1.50
2011.08.24 02:21:51.231,1.2654,1.26566,2.63,1.50
2011.08.24 02:21:51.462,1.26543,1.26566,1.13,1.50
2011.08.24 02:21:51.911,1.26545,1.26571,1.13,1.50
2011.08.24 02:21:56.510,1.26545,1.26571,1.88,1.50
2011.08.24 02:21:56.732,1.26548,1.26571,1.13,1.50
2011.08.24 02:21:58.162,1.26549,1.26572,1.13,2.27
2011.08.24 02:21:59.141,1.26548,1.26571,1.13,1.50
2011.08.24 02:21:59.263,1.26546,1.2657,1.50,1.50
2011.08.24 02:21:59.384,1.26542,1.26568,1.13,2.25
2011.08.24 02:22:00.271,1.26546,1.26568,1.13,1.50
2011.08.24 02:22:00.721,1.26546,1.26571,1.88,1.50
2011.08.24 02:22:05.742,1.26546,1.26572,1.88,2.27
2011.08.24 02:22:06.194,1.26548,1.26572,1.50,2.27
2011.08.24 02:22:06.315,1.26551,1.26572,1.88,1.52
2011.08.24 02:22:06.546,1.26551,1.26574,2.63,1.50
2011.08.24 02:22:06.667,1.26551,1.26574,1.50,1.50
2011.08.24 02:22:06.893,1.26549,1.26574,1.50,1.50
2011.08.24 02:22:07.014,1.26549,1.26574,1.50,1.50
2011.08.24 02:22:08.866,1.26548,1.26575,1.88,1.50
2011.08.24 02:22:09.427,1.26548,1.26574,1.88,1.50
2011.08.24 02:22:10.822,1.26548,1.26574,1.88,1.50
2011.08.24 02:22:14.958,1.26547,1.26574,1.88,1.50
2011.08.24 02:22:15.074,1.26547,1.26573,1.13,1.50
2011.08.24 02:22:15.195,1.26547,1.26573,1.13,1.50
2011.08.24 02:22:15.316,1.26547,1.26573,1.88,1.50
2011.08.24 02:22:15.433,1.26549,1.26574,1.50,1.50
2011.08.24 02:22:19.142,1.26549,1.26575,1.88,2.25
2011.08.24 02:22:20.604,1.26553,1.26577,1.13,2.25
2011.08.24 02:22:21.005,1.26553,1.26578,1.13,2.25
2011.08.24 02:22:27.500,1.26553,1.26578,1.13,1.50
2011.08.24 02:22:30.831,1.26551,1.26578,1.13,2.25
2011.08.24 02:22:31.392,1.26552,1.26578,1.50,1.88
2011.08.24 02:22:31.950,1.26552,1.26578,1.50,1.50
2011.08.24 02:22:32.451,1.26552,1.26578,1.50,1.50
2011.08.24 02:22:35.903,1.26551,1.26578,1.88,2.25
2011.08.24 02:22:36.242,1.26549,1.26575,1.50,1.50
2011.08.24 02:22:38.022,1.26547,1.26575,2.63,1.50
2011.08.24 02:22:38.143,1.26547,1.26572,2.63,1.50
2011.08.24 02:22:38.481,1.26548,1.26574,1.50,1.50
2011.08.24 02:22:42.504,1.26548,1.26574,1.50,1.50
2011.08.24 02:22:43.988,1.26548,1.26574,1.50,1.50
2011.08.24 02:22:47.911,1.26548,1.26572,1.13,1.50
2011.08.24 02:22:48.509,1.26548,1.26572,1.13,1.50
2011.08.24 02:22:49.475,1.26548,1.26572,1.13,1.50
2011.08.24 02:22:51.451,1.26548,1.26571,1.13,1.50
2011.08.24 02:22:52.012,1.26545,1.26567,2.25,1.50
2011.08.24 02:22:52.706,1.26548,1.26572,1.13,1.50
2011.08.24 02:22:53.922,1.26548,1.26572,1.13,1.50
2011.08.24 02:22:58.221,1.26548,1.26572,1.13,3.00
2011.08.24 02:22:58.752,1.26548,1.2657,1.13,1.50
2011.08.24 02:23:00.810,1.26546,1.2657,2.63,1.50
2011.08.24 02:23:02.351,1.26546,1.2657,1.88,1.50
2011.08.24 02:23:04.011,1.26546,1.2657,1.88,1.50
2011.08.24 02:23:04.354,1.26546,1.2657,1.88,1.50
2011.08.24 02:23:05.022,1.26546,1.26572,2.63,1.50
2011.08.24 02:23:05.771,1.26546,1.26572,2.63,1.50
2011.08.24 02:23:06.340,1.26546,1.26572,2.63,1.50
2011.08.24 02:23:08.151,1.26546,1.26572,2.63,1.50
2011.08.24 02:23:12.511,1.26547,1.26572,1.13,1.50
2011.08.24 02:23:15.181,1.26547,1.26572,1.13,1.50
2011.08.24 02:23:17.180,1.26547,1.26572,1.13,1.50
2011.08.24 02:23:18.350,1.26546,1.26572,2.63,1.50
2011.08.24 02:23:18.680,1.26546,1.26573,2.63,2.27
2011.08.24 02:23:27.202,1.2655,1.26573,1.13,2.27
2011.08.24 02:23:27.543,1.26554,1.26574,1.50,2.27
2011.08.24 02:23:28.761,1.26554,1.26575,1.50,1.50
2011.08.24 02:23:29.101,1.26554,1.26576,1.50,1.50
2011.08.24 02:23:33.821,1.26555,1.26577,1.50,1.50
2011.08.24 02:23:33.941,1.26557,1.26577,1.50,1.50
2011.08.24 02:23:44.382,1.26559,1.26577,1.50,1.50
2011.08.24 02:23:44.979,1.26559,1.26577,1.50,2.25
2011.08.24 02:23:52.501,1.26558,1.26577,1.50,1.50
2011.08.24 02:23:56.712,1.26558,1.26575,1.50,1.50
2011.08.24 02:23:56.941,1.26558,1.26578,1.50,2.25
2011.08.24 02:24:02.453,1.26557,1.26578,1.50,3.60
2011.08.24 02:24:07.393,1.26554,1.26575,1.50,1.50
2011.08.24 02:24:07.739,1.26554,1.26575,1.50,1.50
2011.08.24 02:24:08.095,1.2655,1.26575,1.50,1.50
2011.08.24 02:24:08.218,1.26549,1.26572,2.25,1.50
2011.08.24 02:24:08.440,1.26549,1.26572,1.50,1.50
2011.08.24 02:24:09.096,1.26549,1.26573,1.50,1.50
2011.08.24 02:24:11.532,1.26547,1.26568,2.25,1.50
2011.08.24 02:24:11.983,1.2655,1.26572,1.50,1.52
2011.08.24 02:24:13.864,1.2655,1.26572,1.50,1.52
2011.08.24 02:24:14.421,1.2655,1.26572,1.50,1.52
2011.08.24 02:24:14.842,1.26548,1.26569,1.88,1.50
2011.08.24 02:24:15.292,1.26548,1.26569,2.63,1.50
2011.08.24 02:24:16.356,1.2655,1.26569,1.50,1.50
2011.08.24 02:24:18.494,1.26551,1.26572,1.13,1.50
2011.08.24 02:24:18.615,1.26552,1.26574,1.50,1.88
2011.08.24 02:24:19.062,1.2655,1.26575,1.50,1.50
2011.08.24 02:24:19.181,1.2655,1.26573,1.50,1.50
2011.08.24 02:24:19.852,1.2655,1.26575,1.50,1.50
2011.08.24 02:24:20.410,1.26547,1.26574,2.25,2.25
2011.08.24 02:24:21.541,1.26547,1.26573,2.25,1.50
2011.08.24 02:24:22.116,1.26547,1.26572,2.25,1.50
2011.08.24 02:24:22.671,1.26547,1.26573,2.25,1.50
2011.08.24 02:24:23.208,1.26547,1.26572,2.25,1.50
2011.08.24 02:24:36.992,1.26549,1.26574,2.25,2.25
2011.08.24 02:24:45.952,1.26549,1.26574,1.50,2.25
2011.08.24 02:24:46.735,1.26545,1.26572,1.88,1.50
2011.08.24 02:24:47.635,1.26547,1.2657,1.50,1.50
2011.08.24 02:24:48.741,1.26548,1.26571,1.50,1.50
2011.08.24 02:24:49.302,1.26548,1.26572,1.50,1.88
2011.08.24 02:24:51.151,1.26548,1.2657,1.50,1.50
2011.08.24 02:24:51.922,1.26548,1.26569,1.50,1.50
2011.08.24 02:24:52.151,1.26548,1.26571,1.50,1.50
2011.08.24 02:24:52.492,1.26548,1.26571,1.50,1.50
2011.08.24 02:25:01.140,1.26548,1.26571,1.50,2.25
2011.08.24 02:25:08.263,1.26548,1.26571,1.50,1.50
2011.08.24 02:25:08.606,1.26548,1.26569,1.50,1.50
2011.08.24 02:25:09.428,1.26547,1.2657,1.50,1.50
2011.08.24 02:25:09.893,1.26547,1.26569,1.50,2.25
2011.08.24 02:25:17.641,1.26546,1.26568,1.50,1.50
2011.08.24 02:25:17.752,1.26547,1.26569,1.50,2.25
2011.08.24 02:25:20.242,1.26547,1.26571,1.50,1.50
2011.08.24 02:25:20.801,1.26547,1.2657,1.50,1.50
2011.08.24 02:25:25.413,1.26547,1.26571,1.50,1.50
2011.08.24 02:25:27.793,1.26551,1.26572,1.50,1.50
2011.08.24 02:25:27.912,1.26551,1.26572,2.25,1.50
2011.08.24 02:25:28.917,1.26546,1.26569,1.50,1.50
2011.08.24 02:25:30.591,1.26545,1.26568,2.25,1.50
2011.08.24 02:25:30.933,1.26545,1.26565,1.50,1.50
2011.08.24 02:25:31.492,1.26543,1.26565,1.50,1.88
2011.08.24 02:25:31.612,1.26541,1.26564,1.50,1.50
2011.08.24 02:25:31.731,1.26541,1.26563,1.50,1.50
2011.08.24 02:25:32.293,1.26541,1.26565,1.50,1.88
2011.08.24 02:25:32.630,1.26541,1.26565,1.50,1.13
2011.08.24 02:25:33.293,1.26541,1.26566,1.50,1.13
2011.08.24 02:25:33.523,1.26548,1.26567,1.50,1.50
2011.08.24 02:25:33.642,1.26548,1.2657,1.50,1.50
2011.08.24 02:25:33.762,1.26548,1.2657,1.50,1.50
2011.08.24 02:25:37.353,1.26547,1.26569,1.50,1.50
2011.08.24 02:25:37.582,1.26548,1.26572,1.50,1.50
2011.08.24 02:25:38.160,1.26548,1.26571,1.50,1.50
2011.08.24 02:25:42.011,1.2655,1.26571,1.50,1.50
2011.08.24 02:25:42.135,1.26553,1.26574,1.50,1.13
2011.08.24 02:25:42.363,1.26549,1.26572,1.50,1.50
2011.08.24 02:25:42.483,1.26547,1.26572,1.50,1.50
2011.08.24 02:25:43.071,1.26546,1.26573,1.50,1.50
2011.08.24 02:25:47.902,1.26548,1.26574,1.50,1.13
2011.08.24 02:25:48.023,1.26553,1.26574,1.50,1.13
2011.08.24 02:25:50.923,1.26553,1.26574,1.50,1.13
2011.08.24 02:25:51.262,1.26547,1.2657,1.50,1.50
2011.08.24 02:25:51.381,1.26546,1.2657,1.50,1.50
2011.08.24 02:25:51.940,1.26547,1.2657,1.50,1.50
2011.08.24 02:25:53.774,1.26548,1.26573,1.88,1.50
2011.08.24 02:25:54.152,1.26548,1.26574,1.88,2.25
2011.08.24 02:25:54.277,1.26548,1.26573,1.13,1.50
2011.08.24 02:25:54.502,1.26543,1.2657,1.13,1.13
2011.08.24 02:25:54.842,1.26544,1.26568,1.13,1.50
2011.08.24 02:25:54.964,1.26544,1.2657,1.88,2.25
2011.08.24 02:25:55.520,1.26544,1.2657,1.88,1.50
2011.08.24 02:25:58.683,1.26541,1.2657,2.63,1.50
2011.08.24 02:26:10.962,1.26545,1.26567,1.50,1.50
2011.08.24 02:26:14.354,1.26544,1.26567,1.50,1.50
2011.08.24 02:26:14.691,1.26544,1.26567,1.50,1.50
2011.08.24 02:26:14.811,1.26544,1.26567,1.50,1.50
2011.08.24 02:26:15.371,1.26547,1.26568,1.50,1.88
2011.08.24 02:26:26.186,1.26547,1.26568,1.50,1.50
2011.08.24 02:26:36.001,1.26542,1.26567,1.50,1.50
2011.08.24 02:26:36.345,1.26542,1.26565,1.50,1.13
2011.08.24 02:26:36.466,1.2654,1.26561,1.88,1.88
2011.08.24 02:26:36.587,1.26532,1.26558,1.50,1.13
2011.08.24 02:26:36.978,1.26531,1.26558,3.00,1.88
2011.08.24 02:26:37.110,1.26532,1.26558,1.50,1.13
2011.08.24 02:26:37.442,1.26532,1.26558,1.50,1.13
2011.08.24 02:26:39.264,1.26537,1.26561,2.25,1.50
2011.08.24 02:26:39.712,1.26537,1.2656,1.50,1.50
2011.08.24 02:26:40.657,1.26534,1.26557,2.25,1.50
2011.08.24 02:26:40.771,1.26534,1.26557,1.50,1.50
2011.08.24 02:26:41.320,1.26531,1.26558,2.25,1.88
2011.08.24 02:26:41.992,1.26531,1.26557,2.25,1.88
2011.08.24 02:26:45.122,1.2653,1.26555,1.50,1.13
2011.08.24 02:26:57.348,1.26529,1.26554,1.50,1.50
2011.08.24 02:26:57.466,1.26529,1.26554,1.50,1.50
2011.08.24 02:26:58.252,1.26527,1.26554,1.50,2.63
2011.08.24 02:26:58.481,1.26526,1.26554,1.50,2.63
2011.08.24 02:27:01.551,1.26526,1.26549,1.50,1.50
2011.08.24 02:27:01.893,1.2652,1.26547,1.50,1.50
2011.08.24 02:27:02.451,1.26521,1.26547,1.50,2.25
2011.08.24 02:27:03.913,1.26526,1.26549,1.50,2.25
2011.08.24 02:27:04.034,1.26526,1.26547,1.50,1.13
2011.08.24 02:27:04.445,1.26521,1.26546,1.50,1.50
2011.08.24 02:27:07.452,1.26526,1.26549,1.50,2.25
2011.08.24 02:27:08.121,1.26526,1.26549,1.50,2.25
2011.08.24 02:27:08.623,1.26526,1.26549,1.50,1.50
2011.08.24 02:27:09.113,1.26526,1.26548,1.50,1.13
2011.08.24 02:27:09.345,1.2652,1.26546,1.50,1.13
2011.08.24 02:27:09.681,1.26521,1.26546,1.50,1.88
2011.08.24 02:27:09.803,1.26521,1.26548,1.50,1.88
2011.08.24 02:27:09.921,1.26521,1.26548,1.50,1.88
2011.08.24 02:27:10.261,1.26518,1.26546,1.50,1.88
2011.08.24 02:27:10.604,1.26518,1.26546,1.50,1.13
2011.08.24 02:27:11.251,1.2652,1.26546,1.50,1.13
2011.08.24 02:27:11.383,1.26523,1.26547,1.50,1.13
2011.08.24 02:27:11.504,1.26525,1.26551,1.50,1.13
2011.08.24 02:27:11.623,1.26525,1.26551,1.50,1.13
2011.08.24 02:27:11.962,1.26526,1.26549,1.13,1.50
2011.08.24 02:27:12.084,1.26528,1.26554,1.50,1.50
2011.08.24 02:27:12.421,1.26528,1.26554,1.50,1.50
2011.08.24 02:27:12.641,1.26528,1.26554,1.50,1.50
2011.08.24 02:27:13.230,1.26528,1.26554,1.50,1.50
2011.08.24 02:27:14.084,1.26531,1.26555,1.50,1.88
2011.08.24 02:27:15.013,1.26532,1.26558,1.50,1.50
2011.08.24 02:27:16.903,1.26532,1.2656,1.50,2.25
2011.08.24 02:27:18.432,1.26534,1.2656,1.50,2.25
2011.08.24 02:27:18.991,1.26534,1.26559,1.50,1.50
2011.08.24 02:27:19.334,1.26524,1.2654,1.35,2.25
2011.08.24 02:27:19.453,1.2651,1.26538,1.50,1.50
2011.08.24 02:27:19.573,1.2651,1.26539,1.50,1.50
2011.08.24 02:27:19.913,1.26515,1.26541,1.50,1.50
2011.08.24 02:27:20.450,1.26515,1.26541,1.50,1.50
2011.08.24 02:27:20.568,1.26518,1.26544,1.50,1.50
2011.08.24 02:27:20.684,1.26518,1.26546,1.50,1.50
2011.08.24 02:27:21.243,1.26518,1.26546,1.50,1.50
2011.08.24 02:27:22.023,1.26518,1.26546,1.50,2.25
2011.08.24 02:27:22.582,1.26518,1.26547,1.50,1.50
2011.08.24 02:27:24.464,1.26515,1.26538,1.50,1.50
2011.08.24 02:27:24.586,1.26515,1.26539,1.50,1.50
2011.08.24 02:27:24.813,1.26515,1.26539,1.50,1.50
2011.08.24 02:27:25.264,1.26517,1.26545,1.50,1.50
2011.08.24 02:27:25.802,1.26524,1.26549,1.50,1.50
2011.08.24 02:27:26.142,1.26526,1.26554,1.50,1.50
2011.08.24 02:27:26.264,1.26526,1.26552,1.50,1.50
2011.08.24 02:27:26.494,1.26524,1.2655,1.50,1.50
2011.08.24 02:27:27.091,1.26524,1.2655,1.50,2.25
2011.08.24 02:27:27.544,1.26515,1.2654,1.50,1.50
2011.08.24 02:27:28.103,1.26513,1.26539,1.50,2.25
2011.08.24 02:27:30.295,1.26513,1.26539,1.50,1.50
2011.08.24 02:27:30.633,1.26519,1.26544,1.50,1.50
2011.08.24 02:27:31.050,1.26523,1.26549,1.50,1.50
2011.08.24 02:27:31.272,1.26523,1.26547,1.50,1.50
2011.08.24 02:27:31.613,1.26523,1.26547,1.50,2.25
2011.08.24 02:27:31.958,1.26515,1.2654,1.50,1.50
2011.08.24 02:27:32.076,1.26514,1.26536,1.50,1.50
2011.08.24 02:27:32.193,1.26509,1.26536,1.50,1.50
2011.08.24 02:27:32.751,1.26509,1.26533,1.50,1.50
2011.08.24 02:27:33.097,1.26511,1.26537,1.50,1.50
2011.08.24 02:27:33.652,1.26512,1.26537,1.13,1.50
2011.08.24 02:27:34.433,1.26511,1.26537,1.50,1.50
2011.08.24 02:27:34.553,1.26509,1.26536,1.88,1.50
2011.08.24 02:27:36.514,1.26506,1.26532,1.50,1.50
2011.08.24 02:27:37.512,1.26507,1.26534,1.13,1.50
2011.08.24 02:27:37.632,1.26507,1.26536,1.13,1.50
2011.08.24 02:27:38.249,1.26513,1.26539,1.50,1.50
2011.08.24 02:27:38.363,1.26513,1.2654,1.50,1.88
2011.08.24 02:27:39.622,1.26514,1.26542,1.88,1.88
2011.08.24 02:27:40.186,1.26514,1.2654,1.50,1.50
2011.08.24 02:27:40.536,1.26494,1.2652,1.50,1.50
2011.08.24 02:27:41.029,1.26491,1.26517,1.50,1.50
2011.08.24 02:27:41.808,1.26491,1.26517,1.50,1.50
2011.08.24 02:27:42.361,1.26491,1.26519,1.50,1.50
2011.08.24 02:27:42.703,1.26491,1.26518,1.50,1.50
2011.08.24 02:27:43.044,1.26489,1.26516,1.50,1.13
2011.08.24 02:27:43.166,1.26486,1.26511,2.25,1.50
2011.08.24 02:27:43.284,1.26482,1.26509,1.50,1.50
2011.08.24 02:27:43.512,1.26477,1.26505,3.00,1.50
2011.08.24 02:27:43.852,1.26481,1.26508,2.25,1.50
2011.08.24 02:27:45.534,1.26481,1.2651,2.25,1.50
2011.08.24 02:27:46.712,1.26482,1.2651,1.50,1.50
2011.08.24 02:27:50.133,1.26487,1.26513,2.25,1.88
2011.08.24 02:27:50.362,1.26489,1.26515,1.50,1.13
2011.08.24 02:27:53.682,1.26487,1.26514,1.50,1.13
2011.08.24 02:27:57.713,1.26487,1.26515,1.88,1.13
2011.08.24 02:28:02.032,1.26494,1.26521,1.50,1.88
2011.08.24 02:28:02.373,1.26499,1.26521,1.50,1.13
2011.08.24 02:28:02.704,1.26499,1.26524,1.50,2.63
2011.08.24 02:28:02.827,1.26499,1.26524,1.50,1.13
2011.08.24 02:28:03.161,1.26499,1.26524,1.50,1.13
2011.08.24 02:28:04.431,1.26501,1.26525,1.50,1.13
2011.08.24 02:28:04.882,1.26501,1.26525,1.50,1.50
2011.08.24 02:28:05.006,1.26495,1.26522,2.25,1.13
2011.08.24 02:28:05.230,1.26495,1.26522,2.25,1.13
2011.08.24 02:28:06.783,1.26495,1.26524,2.25,1.13
2011.08.24 02:28:06.904,1.265,1.26526,1.50,1.13
2011.08.24 02:28:07.023,1.265,1.26526,1.50,1.13
2011.08.24 02:28:07.824,1.26498,1.26526,1.50,1.13
2011.08.24 02:28:07.943,1.26497,1.26526,1.88,1.13
2011.08.24 02:28:08.063,1.26497,1.26523,1.88,1.50
2011.08.24 02:28:08.842,1.26497,1.26523,1.13,1.50
2011.08.24 02:28:12.465,1.26497,1.26524,1.88,1.50
2011.08.24 02:28:12.583,1.26497,1.26525,1.88,1.50
2011.08.24 02:28:13.363,1.26497,1.26526,1.88,1.13
2011.08.24 02:28:13.592,1.265,1.26526,1.50,1.13
2011.08.24 02:28:14.302,1.26503,1.26527,1.50,1.50
2011.08.24 02:28:15.632,1.26503,1.26528,1.50,1.50
2011.08.24 02:28:16.891,1.26503,1.26528,1.50,1.50
2011.08.24 02:28:17.844,1.26504,1.26532,1.50,2.25
2011.08.24 02:28:20.354,1.26503,1.26525,1.50,1.13
2011.08.24 02:28:20.474,1.26501,1.26524,1.50,1.50
2011.08.24 02:28:20.594,1.26501,1.2652,1.50,1.13
2011.08.24 02:28:21.310,1.26493,1.2652,1.50,1.13
2011.08.24 02:28:21.748,1.26493,1.2652,1.50,1.13
2011.08.24 02:28:22.493,1.26493,1.2652,1.50,1.88
2011.08.24 02:28:24.773,1.26493,1.26521,1.88,1.88
2011.08.24 02:28:25.006,1.26497,1.26524,1.88,1.50
2011.08.24 02:28:25.122,1.26497,1.26525,1.88,1.88
2011.08.24 02:28:25.245,1.26502,1.26525,1.13,1.50
2011.08.24 02:28:25.804,1.26508,1.26532,1.13,1.50
2011.08.24 02:28:25.923,1.26508,1.26532,1.13,1.50
2011.08.24 02:28:26.153,1.26511,1.26538,1.13,1.50
2011.08.24 02:28:26.274,1.26511,1.26538,1.13,1.50
2011.08.24 02:28:26.393,1.26511,1.26538,1.13,1.50
2011.08.24 02:28:26.622,1.26515,1.26538,1.13,1.50
2011.08.24 02:28:26.744,1.26515,1.2654,1.13,1.50
2011.08.24 02:28:26.972,1.26514,1.2654,1.50,1.50
2011.08.24 02:28:28.191,1.26514,1.2654,1.50,1.50
2011.08.24 02:28:29.351,1.26513,1.26539,1.88,2.25
2011.08.24 02:28:29.810,1.26515,1.26539,1.50,1.50
2011.08.24 02:28:30.252,1.26515,1.26539,1.50,1.88
2011.08.24 02:28:30.559,1.26513,1.26534,1.50,1.50
2011.08.24 02:28:30.677,1.26505,1.26529,2.25,1.50
2011.08.24 02:28:31.014,1.26502,1.26528,1.88,1.50
2011.08.24 02:28:31.132,1.26501,1.26527,1.50,2.25
2011.08.24 02:28:31.585,1.26498,1.26522,2.25,1.13
2011.08.24 02:28:32.252,1.26498,1.26523,1.50,1.13
2011.08.24 02:28:32.823,1.26504,1.26529,1.50,1.50
2011.08.24 02:28:33.053,1.26501,1.26526,1.50,1.13
2011.08.24 02:28:33.502,1.26501,1.26527,1.50,1.13
2011.08.24 02:28:34.714,1.26497,1.26523,1.50,1.13
2011.08.24 02:28:35.053,1.26495,1.26521,1.50,1.88
2011.08.24 02:28:35.723,1.26495,1.26521,1.50,2.25
2011.08.24 02:28:35.954,1.26495,1.26519,1.50,1.50
2011.08.24 02:28:37.404,1.26493,1.26519,1.50,1.50
2011.08.24 02:28:37.632,1.26493,1.26519,1.50,2.25
2011.08.24 02:28:37.753,1.26496,1.26519,1.50,1.50
2011.08.24 02:28:38.091,1.26496,1.26522,1.50,1.50
2011.08.24 02:28:42.521,1.26495,1.26519,1.13,2.25
2011.08.24 02:28:43.524,1.26494,1.2652,1.50,1.13
2011.08.24 02:28:44.964,1.26502,1.26529,1.13,3.00
2011.08.24 02:28:45.196,1.26509,1.26533,1.50,2.25
2011.08.24 02:28:45.314,1.26509,1.26533,1.50,2.63
2011.08.24 02:28:45.544,1.26507,1.26531,1.50,1.50
2011.08.24 02:28:45.884,1.26502,1.26528,2.25,1.50
2011.08.24 02:28:46.113,1.26501,1.26527,1.50,1.50
2011.08.24 02:28:46.564,1.26504,1.2653,1.50,1.88
2011.08.24 02:28:46.794,1.26513,1.26537,1.50,1.88
2011.08.24 02:28:47.026,1.26511,1.26533,1.50,1.50
2011.08.24 02:28:47.475,1.26508,1.26533,1.50,1.88
2011.08.24 02:28:47.852,1.26507,1.26532,1.50,1.13
2011.08.24 02:28:48.576,1.26507,1.26533,1.50,1.88
2011.08.24 02:28:49.076,1.26505,1.26522,1.50,1.50
2011.08.24 02:28:49.306,1.265,1.26527,1.50,1.50
2011.08.24 02:28:49.534,1.265,1.26528,1.88,1.50
2011.08.24 02:28:50.092,1.265,1.26528,1.88,1.50
2011.08.24 02:28:50.656,1.265,1.26528,1.88,2.25
2011.08.24 02:28:52.192,1.265,1.26524,1.13,1.50
2011.08.24 02:28:52.425,1.265,1.26525,1.88,1.50
2011.08.24 02:28:52.763,1.265,1.26527,1.88,1.50
2011.08.24 02:28:53.201,1.265,1.26526,1.88,1.50
2011.08.24 02:28:53.344,1.26489,1.26515,2.25,1.50
2011.08.24 02:28:53.465,1.26487,1.26515,1.13,1.50
2011.08.24 02:28:54.026,1.26487,1.26512,1.13,1.50
2011.08.24 02:28:54.485,1.26486,1.26514,1.13,2.25
2011.08.24 02:28:55.064,1.26486,1.26514,1.13,2.25
2011.08.24 02:28:55.401,1.26486,1.26514,1.13,2.25
2011.08.24 02:28:55.951,1.26486,1.26513,1.13,1.50
2011.08.24 02:28:56.742,1.26484,1.26509,1.13,1.50
2011.08.24 02:28:56.862,1.26484,1.26509,1.13,1.50
2011.08.24 02:28:56.982,1.26484,1.26509,1.13,1.50
2011.08.24 02:28:57.414,1.26495,1.26518,1.13,1.50
2011.08.24 02:28:57.534,1.26495,1.26518,1.13,1.50
2011.08.24 02:28:57.656,1.26495,1.26524,1.13,1.13
2011.08.24 02:28:57.992,1.26502,1.26529,1.13,1.50
2011.08.24 02:28:58.115,1.26502,1.26528,1.13,1.50
2011.08.24 02:28:58.344,1.26502,1.26527,1.13,1.50
2011.08.24 02:28:58.464,1.26495,1.26524,3.00,1.13
2011.08.24 02:28:58.695,1.26495,1.2652,1.50,1.13
2011.08.24 02:28:58.922,1.2649,1.26519,1.88,1.13
2011.08.24 02:28:59.261,1.2649,1.26517,1.13,1.50
2011.08.24 02:28:59.904,1.2649,1.26518,1.13,1.50
2011.08.24 02:29:02.574,1.26486,1.26512,1.50,2.25
2011.08.24 02:29:02.918,1.26485,1.26512,1.13,1.50
2011.08.24 02:29:04.513,1.26481,1.26509,1.13,1.50
2011.08.24 02:29:05.182,1.2648,1.26509,1.13,1.88
2011.08.24 02:29:05.654,1.26478,1.26498,1.50,2.25
2011.08.24 02:29:05.998,1.26464,1.2649,1.50,1.13
2011.08.24 02:29:07.762,1.26462,1.2649,1.50,2.63
2011.08.24 02:29:08.104,1.26462,1.26488,1.50,1.50
2011.08.24 02:29:08.445,1.26452,1.2648,1.50,1.13
2011.08.24 02:29:08.951,1.26457,1.26481,1.50,1.13
2011.08.24 02:29:09.513,1.26454,1.26482,1.50,1.50
2011.08.24 02:29:10.074,1.2646,1.26483,1.13,1.50
2011.08.24 02:29:10.195,1.26462,1.26485,1.50,1.50
2011.08.24 02:29:10.313,1.26462,1.26488,2.25,1.50
2011.08.24 02:29:10.761,1.26462,1.2649,1.50,1.50
2011.08.24 02:29:11.321,1.26462,1.26491,1.50,1.88
2011.08.24 02:29:15.011,1.26463,1.26489,1.50,1.13
2011.08.24 02:29:17.568,1.26469,1.26493,1.50,1.50
2011.08.24 02:29:17.686,1.26469,1.26493,1.50,1.50
2011.08.24 02:29:17.913,1.26469,1.26493,1.50,1.50
2011.08.24 02:29:18.362,1.26469,1.26493,1.50,1.50
2011.08.24 02:29:19.362,1.26469,1.26493,1.50,1.50
2011.08.24 02:29:19.594,1.26469,1.26495,1.50,1.13
2011.08.24 02:29:20.909,1.26468,1.26493,1.50,1.88
2011.08.24 02:29:21.462,1.26468,1.26493,1.50,1.13
2011.08.24 02:29:22.985,1.26467,1.26493,1.50,1.13
2011.08.24 02:29:23.215,1.26471,1.26499,1.50,1.13
2011.08.24 02:29:24.733,1.26472,1.26499,1.50,1.13
2011.08.24 02:29:26.043,1.26476,1.265,1.50,1.50
2011.08.24 02:29:28.033,1.26479,1.26503,1.50,1.50
2011.08.24 02:29:28.153,1.26479,1.26507,1.50,1.13
2011.08.24 02:29:28.272,1.26481,1.26509,1.13,1.50
2011.08.24 02:29:28.613,1.26485,1.26509,1.13,1.50
2011.08.24 02:29:29.831,1.26486,1.26512,1.13,1.52
2011.08.24 02:29:32.094,1.26488,1.26512,1.13,2.27
2011.08.24 02:29:32.213,1.26489,1.26512,1.13,1.52
2011.08.24 02:29:32.771,1.2649,1.26512,1.13,1.52
2011.08.24 02:29:34.124,1.26489,1.26514,1.13,1.52
2011.08.24 02:29:34.247,1.26489,1.26508,1.13,1.50
2011.08.24 02:29:34.473,1.2649,1.26514,1.13,1.52
2011.08.24 02:29:35.033,1.2649,1.26514,1.50,1.52
2011.08.24 02:29:35.751,1.26495,1.26523,1.13,1.88
2011.08.24 02:29:36.081,1.26495,1.26523,1.13,4.05
2011.08.24 02:29:36.423,1.26493,1.26522,1.50,1.13
2011.08.24 02:29:38.901,1.26495,1.26523,1.50,1.50
2011.08.24 02:29:39.246,1.26496,1.26524,1.88,1.13
2011.08.24 02:29:39.363,1.26496,1.26524,1.88,1.13
2011.08.24 02:29:39.813,1.26495,1.26521,1.13,1.50
2011.08.24 02:29:40.043,1.26495,1.26521,1.88,1.50
2011.08.24 02:29:40.165,1.26495,1.26521,2.25,1.50
2011.08.24 02:29:40.763,1.26499,1.26525,1.50,1.50
2011.08.24 02:29:41.322,1.26499,1.26527,1.88,1.50
2011.08.24 02:29:42.533,1.26499,1.26527,1.88,1.50
2011.08.24 02:29:43.372,1.265,1.26528,1.13,2.18
2011.08.24 02:29:43.822,1.26498,1.26524,1.88,1.50
2011.08.24 02:29:45.965,1.26494,1.26521,1.13,1.77
2011.08.24 02:29:46.083,1.26491,1.26512,1.50,1.50
2011.08.24 02:29:46.315,1.2649,1.26518,1.50,1.50
2011.08.24 02:29:46.656,1.26489,1.26519,1.88,2.25
2011.08.24 02:29:46.774,1.26495,1.26519,1.50,1.50
2011.08.24 02:29:47.332,1.26495,1.26519,1.50,1.50
2011.08.24 02:29:48.991,1.26495,1.26519,1.50,1.50
2011.08.24 02:29:49.982,1.26495,1.26517,1.50,1.43
2011.08.24 02:29:50.103,1.26489,1.26515,1.13,1.50
2011.08.24 02:29:50.332,1.26489,1.26509,1.13,1.50
2011.08.24 02:29:50.813,1.26487,1.26508,1.13,1.50
2011.08.24 02:29:52.403,1.26484,1.26508,2.63,1.50
2011.08.24 02:29:52.633,1.2649,1.26519,1.13,4.05
2011.08.24 02:29:52.752,1.2649,1.26519,1.13,1.88
2011.08.24 02:29:52.874,1.2649,1.26519,1.50,1.50
2011.08.24 02:29:53.663,1.26495,1.26523,1.50,1.50
2011.08.24 02:29:53.784,1.26495,1.26524,2.25,1.50
2011.08.24 02:29:54.013,1.26497,1.26525,1.13,2.25
2011.08.24 02:29:54.572,1.26493,1.26524,2.25,2.25
2011.08.24 02:29:55.131,1.26496,1.26526,1.13,2.55
2011.08.24 02:29:55.884,1.26496,1.26523,1.50,1.50
2011.08.24 02:29:56.223,1.26492,1.26519,1.50,1.43
2011.08.24 02:29:56.345,1.26492,1.2652,1.50,1.88
2011.08.24 02:29:56.462,1.26491,1.2652,1.50,1.88
2011.08.24 02:29:56.583,1.26489,1.26519,1.88,1.50
2011.08.24 02:29:56.816,1.26489,1.26518,1.13,1.50
2011.08.24 02:29:57.043,1.26489,1.26519,1.13,1.50
2011.08.24 02:29:57.164,1.26489,1.26516,1.13,1.50
2011.08.24 02:29:57.504,1.26485,1.26515,2.63,1.13
2011.08.24 02:29:57.626,1.26482,1.26511,1.50,1.50
2011.08.24 02:29:58.806,1.26485,1.26512,1.50,1.50
2011.08.24 02:29:58.923,1.26485,1.26514,1.50,1.50
2011.08.24 02:29:59.043,1.26486,1.26518,1.50,2.25
2011.08.24 02:29:59.382,1.26495,1.26519,1.13,1.50
2011.08.24 02:29:59.612,1.26495,1.26519,1.13,1.50
2011.08.24 02:29:59.952,1.26496,1.26521,1.50,1.50
2011.08.24 02:30:02.283,1.26493,1.2652,2.63,1.50
2011.08.24 02:30:02.404,1.26499,1.26525,1.50,1.88
2011.08.24 02:30:02.526,1.265,1.26525,1.50,1.50
2011.08.24 02:30:03.088,1.26501,1.2653,1.50,1.13
2011.08.24 02:30:03.315,1.26504,1.26531,1.13,1.50
2011.08.24 02:30:03.783,1.26511,1.26533,1.50,1.13
2011.08.24 02:30:03.904,1.26511,1.26533,1.50,1.13
2011.08.24 02:30:04.354,1.26511,1.26538,1.50,1.13
2011.08.24 02:30:04.583,1.26512,1.26541,1.88,1.50
2011.08.24 02:30:04.811,1.26512,1.26542,1.13,3.02
2011.08.24 02:30:05.042,1.26511,1.2654,1.88,1.50
2011.08.24 02:30:05.386,1.26503,1.26525,1.50,1.50
2011.08.24 02:30:05.505,1.26498,1.26523,1.50,1.13
2011.08.24 02:30:05.734,1.26495,1.26521,2.25,1.13
2011.08.24 02:30:05.964,1.26495,1.2652,1.50,1.50
2011.08.24 02:30:06.412,1.26493,1.26519,1.13,1.50
2011.08.24 02:30:06.533,1.2649,1.26519,1.13,1.50
2011.08.24 02:30:06.767,1.26494,1.2652,1.50,1.13
2011.08.24 02:30:06.883,1.26498,1.26524,1.13,1.50
2011.08.24 02:30:07.006,1.26494,1.26523,1.50,1.13
2011.08.24 02:30:07.405,1.26493,1.26519,1.13,2.10
2011.08.24 02:30:07.530,1.26489,1.26517,1.13,1.50
2011.08.24 02:30:07.644,1.26489,1.26515,1.13,1.50
2011.08.24 02:30:08.313,1.26488,1.26514,1.13,1.50
2011.08.24 02:30:09.275,1.26482,1.26508,1.50,1.50
2011.08.24 02:30:09.393,1.26481,1.26508,1.50,2.25
2011.08.24 02:30:09.954,1.2648,1.26508,1.13,1.50
2011.08.24 02:30:10.072,1.2648,1.26508,1.13,1.50
2011.08.24 02:30:10.194,1.26485,1.2651,1.13,1.50
2011.08.24 02:30:10.313,1.26489,1.26514,1.13,1.50
2011.08.24 02:30:10.544,1.26489,1.26518,1.13,1.13
2011.08.24 02:30:10.993,1.26494,1.26523,1.13,1.50
2011.08.24 02:30:11.114,1.26495,1.26523,1.50,1.50
2011.08.24 02:30:11.454,1.26499,1.26523,1.88,1.50
2011.08.24 02:30:12.011,1.26499,1.26527,1.88,1.13
2011.08.24 02:30:12.244,1.26503,1.26528,1.88,1.50
2011.08.24 02:30:12.364,1.26506,1.26531,1.13,1.13
2011.08.24 02:30:12.770,1.26511,1.26527,1.50,1.50
2011.08.24 02:30:12.992,1.26505,1.26526,2.25,1.13
2011.08.24 02:30:13.114,1.26498,1.26524,1.13,1.50
2011.08.24 02:30:13.233,1.26498,1.26522,1.13,1.50
2011.08.24 02:30:13.572,1.26498,1.26522,1.13,1.50
2011.08.24 02:30:13.915,1.26497,1.26524,1.50,1.50
2011.08.24 02:30:14.252,1.26497,1.26527,1.50,1.13
2011.08.24 02:30:14.922,1.26499,1.26527,1.50,1.13
2011.08.24 02:30:15.043,1.26499,1.26528,1.88,1.50
2011.08.24 02:30:15.163,1.265,1.26528,1.13,1.50
2011.08.24 02:30:15.501,1.26501,1.26528,1.50,1.50
2011.08.24 02:30:16.776,1.26508,1.26536,1.50,1.50
2011.08.24 02:30:17.133,1.26512,1.26536,1.50,1.50
2011.08.24 02:30:17.259,1.26518,1.26545,1.50,1.50
2011.08.24 02:30:17.703,1.26522,1.26548,1.50,1.50
2011.08.24 02:30:17.935,1.26525,1.26555,1.13,1.88
2011.08.24 02:30:18.053,1.26525,1.26555,1.13,1.88
2011.08.24 02:30:18.611,1.26527,1.26555,1.50,1.13
2011.08.24 02:30:19.063,1.26528,1.26556,1.13,1.13
2011.08.24 02:30:20.725,1.26524,1.26548,1.13,1.50
2011.08.24 02:30:20.953,1.26521,1.26548,1.13,1.50
2011.08.24 02:30:21.184,1.2652,1.26544,1.13,1.13
2011.08.24 02:30:21.303,1.2652,1.26544,1.13,1.88
2011.08.24 02:30:21.425,1.2652,1.26543,1.13,1.50
2011.08.24 02:30:21.763,1.26513,1.2654,1.50,1.13
2011.08.24 02:30:21.883,1.26513,1.26537,1.50,1.50
2011.08.24 02:30:22.004,1.2651,1.26535,1.88,1.50
2011.08.24 02:30:22.346,1.26504,1.26528,1.50,1.13
2011.08.24 02:30:23.004,1.26501,1.26528,1.50,1.13
2011.08.24 02:30:23.236,1.26505,1.26533,1.50,1.50
2011.08.24 02:30:24.383,1.26501,1.26531,2.25,1.13
2011.08.24 02:30:24.504,1.26501,1.26531,1.50,1.13
2011.08.24 02:30:25.172,1.26497,1.2653,1.50,2.18
2011.08.24 02:30:25.402,1.26496,1.26527,1.88,1.13
2011.08.24 02:30:25.962,1.26495,1.26527,1.13,1.13
2011.08.24 02:30:26.682,1.26495,1.26528,1.13,3.00
2011.08.24 02:30:27.802,1.26495,1.26524,1.13,1.13
2011.08.24 02:30:28.141,1.26493,1.26523,1.13,1.50
2011.08.24 02:30:28.662,1.26495,1.26523,1.13,1.50
2011.08.24 02:30:29.059,1.26497,1.26524,1.50,1.50
2011.08.24 02:30:29.285,1.26497,1.26529,1.50,3.00
2011.08.24 02:30:29.624,1.26499,1.26529,1.13,1.50
2011.08.24 02:30:30.185,1.26499,1.26528,1.13,1.13
2011.08.24 02:30:30.308,1.26494,1.26524,2.25,1.43
2011.08.24 02:30:30.424,1.26494,1.26519,1.50,1.13
2011.08.24 02:30:30.545,1.26494,1.26523,1.50,1.50
2011.08.24 02:30:30.667,1.26499,1.26527,1.13,1.50
2011.08.24 02:30:30.894,1.26497,1.26526,1.13,1.13
2011.08.24 02:30:31.232,1.26497,1.26525,1.13,1.13
2011.08.24 02:30:31.573,1.2649,1.26518,2.63,1.13
2011.08.24 02:30:31.694,1.2649,1.26518,1.50,1.13
2011.08.24 02:30:31.812,1.2649,1.26518,1.50,1.13
2011.08.24 02:30:32.371,1.2649,1.26518,1.50,1.13
2011.08.24 02:30:36.784,1.26486,1.26516,2.63,1.13
2011.08.24 02:30:37.014,1.26486,1.26516,1.88,1.13
2011.08.24 02:30:40.984,1.26489,1.26517,1.50,1.13
2011.08.24 02:30:41.105,1.26491,1.26521,1.13,1.13
2011.08.24 02:30:41.441,1.26491,1.26521,1.88,1.13
2011.08.24 02:30:42.038,1.26485,1.26511,1.50,1.50
2011.08.24 02:30:42.156,1.26481,1.26509,1.50,1.50
2011.08.24 02:30:42.277,1.26474,1.26508,2.63,1.50
2011.08.24 02:30:42.893,1.26474,1.26502,1.50,1.13
2011.08.24 02:30:43.123,1.2648,1.26506,1.50,1.13
2011.08.24 02:30:43.244,1.2648,1.26506,1.50,1.13
2011.08.24 02:30:44.924,1.26476,1.26504,1.50,1.13
2011.08.24 02:30:45.042,1.26474,1.26504,1.88,1.13
2011.08.24 02:30:50.105,1.2648,1.26505,1.13,1.50
2011.08.24 02:30:50.227,1.2648,1.26505,1.13,1.50
2011.08.24 02:30:50.347,1.2648,1.2651,1.13,1.13
2011.08.24 02:30:50.904,1.2648,1.2651,1.13,1.13
2011.08.24 02:30:52.034,1.26485,1.26511,1.50,1.13
2011.08.24 02:30:52.154,1.26485,1.26511,1.50,1.13
2011.08.24 02:30:52.382,1.26485,1.26511,1.50,1.13
2011.08.24 02:30:52.612,1.26483,1.26511,2.25,1.13
2011.08.24 02:30:52.951,1.26483,1.26511,1.50,1.13
2011.08.24 02:30:53.613,1.26487,1.26512,1.50,1.13
2011.08.24 02:30:53.953,1.26487,1.26515,1.13,1.13
2011.08.24 02:30:54.073,1.26487,1.26515,1.13,1.13
2011.08.24 02:30:54.195,1.26486,1.26515,1.13,1.13
2011.08.24 02:30:54.421,1.26487,1.26515,1.13,1.13
2011.08.24 02:30:54.653,1.26487,1.26515,1.13,1.13
2011.08.24 02:30:55.102,1.26484,1.26513,1.13,1.13
2011.08.24 02:30:55.335,1.26482,1.26507,1.50,1.13
2011.08.24 02:30:55.454,1.26479,1.26503,1.50,1.50
2011.08.24 02:30:55.685,1.26473,1.26499,1.50,1.13
2011.08.24 02:30:55.806,1.26471,1.26497,1.13,1.50
2011.08.24 02:30:56.298,1.26468,1.26488,1.50,1.13
2011.08.24 02:30:56.645,1.26454,1.26482,1.50,1.50
2011.08.24 02:30:56.984,1.26436,1.26464,1.50,1.50
2011.08.24 02:30:57.104,1.2644,1.26466,1.50,1.50
2011.08.24 02:30:57.223,1.2644,1.26463,1.50,1.13
2011.08.24 02:30:57.344,1.26438,1.26463,1.50,1.50
2011.08.24 02:30:57.468,1.26433,1.26459,1.50,1.13
2011.08.24 02:30:57.693,1.26426,1.26459,1.50,1.43
2011.08.24 02:30:57.927,1.26419,1.26442,1.50,2.25
2011.08.24 02:30:58.048,1.26408,1.26431,1.50,1.13
2011.08.24 02:30:58.166,1.264,1.2643,1.50,1.50
2011.08.24 02:30:58.289,1.264,1.26428,1.50,1.50
2011.08.24 02:30:58.406,1.26396,1.26424,1.50,1.13
2011.08.24 02:30:58.767,1.26385,1.26414,1.50,1.13
2011.08.24 02:30:59.204,1.26383,1.2641,1.50,1.50
2011.08.24 02:30:59.347,1.26376,1.26407,1.50,1.13
2011.08.24 02:30:59.466,1.26375,1.26402,1.50,1.13
2011.08.24 02:30:59.810,1.26379,1.26411,1.50,1.50
2011.08.24 02:30:59.926,1.26379,1.26412,1.50,1.50
2011.08.24 02:31:00.262,1.26382,1.26416,1.50,1.80
2011.08.24 02:31:00.389,1.26387,1.26415,1.50,1.50
2011.08.24 02:31:00.509,1.26383,1.26415,2.25,1.88
2011.08.24 02:31:00.627,1.26383,1.26411,1.13,1.13
2011.08.24 02:31:00.745,1.26386,1.26415,1.13,1.50
2011.08.24 02:31:00.974,1.26387,1.26417,1.13,1.13
2011.08.24 02:31:01.204,1.26386,1.26419,2.25,1.13
2011.08.24 02:31:01.434,1.26383,1.26417,1.50,1.50
2011.08.24 02:31:01.935,1.26394,1.26417,1.13,1.13
2011.08.24 02:31:02.276,1.26398,1.26426,1.50,1.50
2011.08.24 02:31:02.395,1.26398,1.26434,1.50,2.25
2011.08.24 02:31:02.624,1.26404,1.26439,1.50,2.18
2011.08.24 02:31:02.744,1.26405,1.2644,1.50,1.50
2011.08.24 02:31:03.082,1.26408,1.26437,1.13,1.13
2011.08.24 02:31:03.315,1.26412,1.26441,1.13,1.13
2011.08.24 02:31:03.434,1.26412,1.26441,1.88,1.13
2011.08.24 02:31:03.771,1.26412,1.26441,1.88,1.13
2011.08.24 02:31:04.333,1.26417,1.26446,1.13,1.13
2011.08.24 02:31:04.672,1.2642,1.26451,1.13,1.13
2011.08.24 02:31:05.018,1.26428,1.26456,1.13,1.43
2011.08.24 02:31:05.137,1.26428,1.26457,1.13,1.13
2011.08.24 02:31:05.257,1.26432,1.26462,1.50,1.13
2011.08.24 02:31:05.375,1.26436,1.26466,1.50,1.13
2011.08.24 02:31:05.762,1.26439,1.26473,1.50,1.13
2011.08.24 02:31:05.892,1.26452,1.26486,2.25,1.50
2011.08.24 02:31:06.015,1.26456,1.2649,1.13,1.13
2011.08.24 02:31:06.686,1.26459,1.26487,1.50,1.13
2011.08.24 02:31:06.914,1.2646,1.26487,1.50,1.13
2011.08.24 02:31:07.033,1.26458,1.26487,1.50,1.13
2011.08.24 02:31:07.263,1.26458,1.26487,1.50,1.13
2011.08.24 02:31:07.494,1.26461,1.26487,1.50,1.13
2011.08.24 02:31:07.836,1.26468,1.26493,1.50,1.13
2011.08.24 02:31:08.066,1.26469,1.26495,1.50,1.13
2011.08.24 02:31:08.184,1.2647,1.26496,1.50,1.13
2011.08.24 02:31:08.523,1.2647,1.26496,1.50,1.13
2011.08.24 02:31:08.974,1.2647,1.26496,1.50,1.50
2011.08.24 02:31:09.207,1.26464,1.26491,1.13,1.13
2011.08.24 02:31:09.325,1.26461,1.26491,1.13,1.50
2011.08.24 02:31:09.840,1.26456,1.26484,1.88,1.88
2011.08.24 02:31:09.961,1.26455,1.26481,1.50,1.13
2011.08.24 02:31:10.513,1.26455,1.26481,1.50,1.13
2011.08.24 02:31:11.071,1.26455,1.26481,1.50,1.50
2011.08.24 02:31:11.413,1.26455,1.26481,1.50,1.50
2011.08.24 02:31:11.532,1.26455,1.26481,1.50,2.25
2011.08.24 02:31:11.982,1.26453,1.26477,1.50,1.13
2011.08.24 02:31:12.435,1.26451,1.26475,1.88,1.13
2011.08.24 02:31:12.554,1.26451,1.26475,1.88,1.13
2011.08.24 02:31:13.115,1.26449,1.26473,1.13,1.13
2011.08.24 02:31:13.234,1.26449,1.26475,1.88,1.13
2011.08.24 02:31:13.354,1.26451,1.26477,1.50,1.50
2011.08.24 02:31:13.694,1.26454,1.2648,1.50,1.50
2011.08.24 02:31:14.032,1.26454,1.26481,1.50,1.13
2011.08.24 02:31:14.484,1.26454,1.2648,1.50,2.25
2011.08.24 02:31:14.606,1.26453,1.26481,1.13,1.13
2011.08.24 02:31:14.836,1.26452,1.26478,1.50,1.13
2011.08.24 02:31:15.535,1.26452,1.26478,1.50,1.13
2011.08.24 02:31:16.023,1.26452,1.26478,1.50,1.50
2011.08.24 02:31:18.318,1.26453,1.26475,1.50,1.50
2011.08.24 02:31:18.546,1.26443,1.26469,1.50,1.13
2011.08.24 02:31:18.998,1.26443,1.26469,1.88,2.25
2011.08.24 02:31:19.458,1.26436,1.26454,1.50,1.50
2011.08.24 02:31:19.849,1.26433,1.26451,1.13,1.13
2011.08.24 02:31:19.969,1.26431,1.26449,1.13,1.13
2011.08.24 02:31:20.088,1.26431,1.26443,1.13,1.13
2011.08.24 02:31:20.644,1.26427,1.26443,1.46,1.13
2011.08.24 02:31:20.770,1.26416,1.26443,1.13,1.13
2011.08.24 02:31:20.890,1.26414,1.26443,1.13,1.13
2011.08.24 02:31:21.006,1.26412,1.26438,2.63,1.13
2011.08.24 02:31:21.347,1.26395,1.26426,1.50,1.43
2011.08.24 02:31:21.465,1.26393,1.26426,1.88,1.43
2011.08.24 02:31:21.583,1.26395,1.26428,1.50,1.50
2011.08.24 02:31:21.707,1.26395,1.26421,1.50,1.13
2011.08.24 02:31:22.046,1.26398,1.26424,1.50,1.50
2011.08.24 02:31:22.274,1.26398,1.26424,1.50,1.13
2011.08.24 02:31:22.728,1.26398,1.26423,1.50,1.13
2011.08.24 02:31:23.125,1.26394,1.26421,1.50,1.13
2011.08.24 02:31:23.247,1.26394,1.2642,1.50,1.50
2011.08.24 02:31:23.599,1.26386,1.2641,1.50,1.13
2011.08.24 02:31:23.714,1.26384,1.2641,1.50,1.50
2011.08.24 02:31:23.835,1.26385,1.26409,1.50,1.50
2011.08.24 02:31:25.274,1.2638,1.26408,1.50,1.13
2011.08.24 02:31:25.393,1.2638,1.26408,1.50,1.13
2011.08.24 02:31:26.229,1.2638,1.26408,1.50,1.13
2011.08.24 02:31:26.455,1.26379,1.26407,1.13,1.13
2011.08.24 02:31:27.235,1.26383,1.26409,1.50,1.13
2011.08.24 02:31:27.796,1.2638,1.26409,1.88,1.13
2011.08.24 02:31:28.135,1.26378,1.26406,1.50,1.50
2011.08.24 02:31:28.583,1.26378,1.26407,1.88,1.13
2011.08.24 02:31:29.142,1.26378,1.26407,1.88,1.13
2011.08.24 02:31:29.374,1.26378,1.26406,1.50,2.25
2011.08.24 02:31:29.610,1.26372,1.264,1.50,1.13
2011.08.24 02:31:29.725,1.26374,1.264,1.50,1.13
2011.08.24 02:31:30.148,1.26377,1.26405,1.50,3.23
2011.08.24 02:31:30.386,1.26368,1.26397,1.13,1.13
2011.08.24 02:31:30.510,1.26363,1.26391,1.13,1.13
2011.08.24 02:31:30.624,1.26361,1.26389,1.13,1.13
2011.08.24 02:31:30.743,1.26353,1.2638,1.50,1.13
2011.08.24 02:31:30.972,1.26356,1.26382,1.50,1.13
2011.08.24 02:31:31.093,1.26356,1.26382,1.50,1.50
2011.08.24 02:31:31.436,1.26348,1.26362,1.50,1.52
2011.08.24 02:31:31.555,1.26337,1.26364,1.13,1.50
2011.08.24 02:31:31.675,1.26337,1.26364,1.13,2.18
2011.08.24 02:31:31.908,1.26334,1.2636,1.13,1.13
2011.08.24 02:31:32.024,1.26334,1.26361,1.13,1.50
2011.08.24 02:31:32.256,1.26336,1.26363,1.50,1.13
2011.08.24 02:31:32.780,1.26338,1.26364,1.50,1.13
2011.08.24 02:31:32.923,1.26341,1.26371,1.13,1.13
2011.08.24 02:31:33.043,1.2634,1.26366,2.25,1.13
2011.08.24 02:31:33.498,1.26343,1.26369,1.50,1.13
2011.08.24 02:31:33.946,1.26343,1.26367,1.50,1.13
2011.08.24 02:31:34.174,1.26336,1.26367,1.88,1.13
2011.08.24 02:31:34.295,1.26335,1.26361,1.50,1.13
2011.08.24 02:31:34.415,1.2633,1.26361,1.88,1.13
2011.08.24 02:31:34.754,1.26335,1.26364,1.13,1.13
2011.08.24 02:31:35.399,1.26324,1.26353,1.13,1.13
2011.08.24 02:31:35.966,1.26328,1.26357,1.13,1.13
2011.08.24 02:31:36.759,1.26332,1.26363,1.13,1.13
2011.08.24 02:31:37.095,1.26328,1.26353,1.43,1.50
2011.08.24 02:31:37.216,1.26324,1.2635,1.50,1.13
2011.08.24 02:31:37.336,1.2632,1.2635,1.50,1.13
2011.08.24 02:31:37.734,1.26321,1.26347,1.50,1.50
2011.08.24 02:31:38.100,1.26309,1.26335,1.50,1.13
2011.08.24 02:31:38.216,1.26309,1.26336,1.50,1.13
2011.08.24 02:31:38.338,1.26306,1.2633,1.13,1.50
2011.08.24 02:31:38.454,1.26298,1.2633,1.88,1.13
2011.08.24 02:31:38.577,1.26293,1.26317,2.25,1.13
2011.08.24 02:31:39.026,1.26286,1.26318,3.00,1.13
2011.08.24 02:31:39.149,1.26291,1.2632,1.50,1.50
2011.08.24 02:31:39.375,1.26288,1.26314,1.50,1.13
2011.08.24 02:31:39.495,1.26285,1.2631,1.50,1.13
2011.08.24 02:31:39.834,1.26282,1.26311,1.50,1.88
2011.08.24 02:31:40.210,1.26281,1.26309,1.88,1.50
2011.08.24 02:31:40.342,1.26282,1.26311,1.50,1.13
2011.08.24 02:31:40.465,1.26283,1.26309,1.50,1.36
2011.08.24 02:31:40.913,1.26277,1.26307,1.88,1.36
2011.08.24 02:31:41.032,1.26277,1.26307,1.88,1.36
2011.08.24 02:31:41.484,1.26274,1.26307,2.25,3.15
2011.08.24 02:31:42.049,1.26272,1.26303,1.88,1.18
2011.08.24 02:31:42.605,1.26273,1.26305,1.50,1.48
2011.08.24 02:31:42.949,1.26284,1.26306,1.50,1.55
2011.08.24 02:31:43.669,1.26286,1.26306,1.50,1.11
2011.08.24 02:31:43.787,1.26281,1.26306,1.50,1.49
2011.08.24 02:31:43.912,1.26289,1.26308,1.13,1.49
2011.08.24 02:31:44.041,1.26304,1.26314,1.50,1.13
2011.08.24 02:31:44.279,1.26318,1.26345,1.50,1.50
2011.08.24 02:31:44.399,1.26318,1.26347,2.25,1.13
2011.08.24 02:31:44.678,1.26313,1.26337,1.50,1.13
2011.08.24 02:31:44.808,1.26308,1.26337,1.13,1.13
2011.08.24 02:31:44.932,1.26308,1.26341,1.13,1.80
2011.08.24 02:31:45.494,1.26321,1.26353,1.50,1.50
2011.08.24 02:31:45.856,1.26338,1.26362,1.50,1.43
2011.08.24 02:31:45.977,1.26337,1.26362,1.13,1.43
2011.08.24 02:31:46.208,1.26337,1.26367,1.13,1.13
2011.08.24 02:31:46.324,1.26337,1.26367,1.13,1.13
2011.08.24 02:31:46.443,1.26338,1.26367,1.50,1.13
2011.08.24 02:31:47.004,1.26337,1.26369,1.13,1.13
2011.08.24 02:31:47.343,1.26338,1.26369,1.13,1.13
2011.08.24 02:31:47.689,1.26342,1.2637,1.50,1.15
2011.08.24 02:31:47.804,1.26342,1.26369,1.50,1.52
2011.08.24 02:31:48.441,1.26337,1.26363,3.00,1.52
2011.08.24 02:31:48.772,1.26337,1.26363,2.63,1.52
2011.08.24 02:31:48.894,1.26337,1.26363,1.13,2.27
2011.08.24 02:31:49.016,1.26332,1.26358,1.50,1.50
2011.08.24 02:31:49.135,1.26331,1.26358,2.25,1.50
2011.08.24 02:31:49.693,1.2633,1.26358,1.88,1.50
2011.08.24 02:31:50.367,1.26335,1.26363,2.25,1.52
2011.08.24 02:31:50.707,1.26339,1.26369,1.13,1.13
2011.08.24 02:31:51.263,1.2634,1.26365,1.13,1.52
2011.08.24 02:31:51.823,1.26337,1.26363,1.13,1.52
2011.08.24 02:31:52.163,1.26327,1.26355,1.50,1.13
2011.08.24 02:31:52.397,1.26326,1.26354,2.25,1.13
2011.08.24 02:31:52.622,1.26322,1.26352,1.13,1.13
2011.08.24 02:31:53.051,1.26322,1.26352,1.13,1.13
2011.08.24 02:31:53.387,1.26322,1.26352,1.88,1.13
2011.08.24 02:31:53.722,1.26323,1.26348,1.50,1.13
2011.08.24 02:31:54.064,1.26322,1.26348,1.50,1.13
2011.08.24 02:31:54.402,1.26322,1.26348,1.50,1.13
2011.08.24 02:31:55.615,1.26322,1.26341,1.50,1.13
2011.08.24 02:31:55.843,1.26321,1.26347,1.13,1.13
2011.08.24 02:31:55.968,1.26321,1.26349,1.13,1.13
2011.08.24 02:31:56.527,1.26327,1.26355,1.13,1.13
2011.08.24 02:31:57.068,1.26328,1.26359,1.13,1.80
2011.08.24 02:31:57.184,1.26328,1.26359,1.13,1.80
2011.08.24 02:31:57.528,1.26328,1.26359,1.13,1.80
2011.08.24 02:31:58.085,1.2633,1.26358,1.13,1.50
2011.08.24 02:31:58.648,1.2633,1.26362,1.13,1.13
2011.08.24 02:31:58.767,1.26344,1.26364,1.13,2.12
2011.08.24 02:31:59.324,1.26346,1.26373,1.13,1.52
2011.08.24 02:31:59.887,1.26347,1.26373,1.13,1.52
2011.08.24 02:32:00.445,1.26348,1.26373,1.13,1.52
2011.08.24 02:32:00.863,1.26349,1.2638,2.63,1.52
2011.08.24 02:32:00.983,1.26355,1.26385,1.13,1.13
2011.08.24 02:32:01.104,1.26359,1.26387,1.13,1.73
2011.08.24 02:32:01.225,1.26364,1.26392,1.13,2.12
2011.08.24 02:32:01.347,1.26364,1.26393,1.13,1.52
2011.08.24 02:32:01.463,1.26364,1.26394,1.13,1.13
2011.08.24 02:32:02.446,1.26365,1.26395,1.13,1.13
2011.08.24 02:32:03.004,1.26365,1.26396,1.13,1.13
2011.08.24 02:32:03.123,1.26363,1.26396,1.13,1.50
2011.08.24 02:32:03.465,1.26377,1.26405,1.13,1.13
2011.08.24 02:32:03.584,1.2638,1.26405,1.50,1.15
2011.08.24 02:32:03.813,1.26384,1.26413,1.13,1.13
2011.08.24 02:32:04.042,1.26384,1.26413,1.13,1.13
2011.08.24 02:32:04.822,1.26387,1.26412,1.13,1.52
2011.08.24 02:32:05.393,1.26387,1.26412,1.13,1.52
2011.08.24 02:32:05.623,1.26387,1.26412,1.13,1.52
2011.08.24 02:32:06.074,1.26383,1.26406,1.50,1.50
2011.08.24 02:32:06.194,1.26373,1.26403,1.50,1.80
2011.08.24 02:32:06.313,1.26372,1.26403,1.13,1.80
2011.08.24 02:32:06.706,1.2638,1.26408,2.25,1.13
2011.08.24 02:32:06.933,1.26394,1.26423,1.50,1.52
2011.08.24 02:32:07.056,1.26393,1.26422,1.13,1.15
2011.08.24 02:32:07.175,1.26393,1.26421,1.13,1.13
2011.08.24 02:32:07.516,1.26386,1.26412,1.50,1.50
2011.08.24 02:32:07.747,1.26381,1.26406,1.50,1.13
2011.08.24 02:32:08.082,1.26383,1.26411,1.50,1.13
2011.08.24 02:32:08.537,1.26388,1.26418,1.13,1.13
2011.08.24 02:32:08.653,1.26388,1.26418,1.88,1.13
2011.08.24 02:32:08.994,1.26382,1.26411,1.50,1.13
2011.08.24 02:32:09.119,1.26382,1.26411,1.50,1.13
2011.08.24 02:32:09.675,1.26388,1.26417,1.13,1.13
2011.08.24 02:32:10.412,1.26388,1.26417,1.13,1.13
2011.08.24 02:32:10.765,1.26412,1.26431,1.13,1.52
2011.08.24 02:32:10.887,1.26412,1.2644,1.88,1.43
2011.08.24 02:32:11.006,1.26415,1.26442,1.13,1.43
2011.08.24 02:32:11.126,1.26415,1.26439,1.13,1.43
2011.08.24 02:32:11.245,1.26415,1.2644,1.13,1.50
2011.08.24 02:32:11.806,1.26415,1.2644,1.13,1.50
2011.08.24 02:32:12.145,1.26412,1.26439,1.13,1.43
2011.08.24 02:32:12.485,1.26406,1.26435,2.63,1.43
2011.08.24 02:32:12.606,1.26408,1.26439,1.50,1.43
2011.08.24 02:32:12.836,1.26412,1.2644,1.13,1.43
2011.08.24 02:32:13.241,1.26412,1.26442,1.13,1.13
2011.08.24 02:32:14.235,1.26415,1.26443,1.13,1.13
2011.08.24 02:32:14.573,1.26415,1.26443,1.13,1.13
2011.08.24 02:32:14.695,1.26415,1.26443,1.13,1.13
2011.08.24 02:32:15.507,1.26421,1.26443,1.50,1.13
2011.08.24 02:32:15.846,1.26451,1.26473,1.50,1.15
2011.08.24 02:32:15.966,1.26447,1.26473,1.50,1.13
2011.08.24 02:32:16.612,1.26454,1.26475,1.13,1.13
2011.08.24 02:32:16.748,1.26452,1.26481,1.50,1.13
2011.08.24 02:32:18.183,1.26449,1.26477,1.13,1.13
2011.08.24 02:32:18.303,1.26447,1.26477,1.13,1.13
2011.08.24 02:32:18.536,1.26444,1.26472,1.50,1.13
2011.08.24 02:32:18.657,1.26444,1.26473,1.50,1.50
2011.08.24 02:32:18.996,1.26443,1.26473,1.88,1.50
2011.08.24 02:32:19.334,1.26449,1.26475,1.13,1.50
2011.08.24 02:32:19.565,1.26449,1.26478,1.88,1.13
2011.08.24 02:32:19.684,1.2645,1.26478,1.13,1.13
2011.08.24 02:32:19.806,1.26449,1.26478,1.13,1.13
2011.08.24 02:32:20.413,1.26448,1.26477,1.50,1.13
2011.08.24 02:32:20.534,1.26443,1.26466,1.50,1.13
2011.08.24 02:32:20.657,1.26438,1.26466,1.13,1.13
2011.08.24 02:32:20.774,1.26438,1.26466,1.13,1.13
2011.08.24 02:32:20.895,1.26441,1.26466,1.50,1.13
2011.08.24 02:32:21.016,1.26442,1.26468,1.50,1.13
2011.08.24 02:32:21.136,1.26442,1.2647,1.88,1.13
2011.08.24 02:32:21.362,1.26442,1.2647,1.88,1.13
2011.08.24 02:32:21.486,1.26442,1.2647,1.13,1.13
2011.08.24 02:32:22.044,1.26438,1.26467,1.50,1.13
2011.08.24 02:32:22.496,1.26447,1.26474,1.50,1.43
2011.08.24 02:32:22.619,1.26452,1.26479,1.50,1.50
2011.08.24 02:32:23.184,1.26442,1.26474,1.13,1.43
2011.08.24 02:32:23.631,1.26443,1.26474,1.50,1.43
2011.08.24 02:32:24.598,1.26441,1.26472,1.50,1.13
2011.08.24 02:32:25.592,1.26441,1.26471,1.13,1.13
2011.08.24 02:32:25.825,1.26439,1.26463,2.25,1.52
2011.08.24 02:32:26.164,1.26439,1.26463,1.50,1.52
2011.08.24 02:32:26.394,1.26439,1.26463,1.50,1.52
2011.08.24 02:32:26.735,1.2644,1.26471,1.88,1.13
2011.08.24 02:32:26.855,1.2644,1.26471,1.13,1.13
2011.08.24 02:32:28.333,1.26439,1.26463,1.13,1.52
2011.08.24 02:32:28.894,1.26438,1.26463,1.13,1.52
2011.08.24 02:32:29.234,1.26448,1.26476,1.13,1.50
2011.08.24 02:32:29.629,1.2646,1.26487,1.50,1.13
2011.08.24 02:32:29.753,1.26468,1.26496,1.13,1.13
2011.08.24 02:32:29.876,1.26466,1.26496,1.88,1.13
2011.08.24 02:32:29.995,1.2647,1.26498,1.13,1.43
2011.08.24 02:32:30.334,1.2647,1.26498,1.13,1.43
2011.08.24 02:32:30.569,1.26477,1.26511,2.63,1.13
2011.08.24 02:32:30.688,1.26484,1.26512,1.13,1.43
2011.08.24 02:32:31.025,1.26482,1.26513,1.13,1.52
2011.08.24 02:32:31.253,1.26482,1.26513,1.13,1.43
2011.08.24 02:32:31.813,1.26483,1.26513,1.13,2.18
2011.08.24 02:32:31.938,1.26482,1.26513,1.13,2.18
2011.08.24 02:32:32.054,1.26483,1.26513,1.13,2.18
2011.08.24 02:32:32.392,1.26483,1.26513,1.13,1.50
2011.08.24 02:32:32.624,1.26481,1.26513,1.50,2.18
2011.08.24 02:32:32.854,1.26486,1.26515,1.13,1.50
2011.08.24 02:32:33.173,1.26489,1.26517,1.13,1.43
2011.08.24 02:32:33.524,1.26495,1.26521,1.13,1.43
2011.08.24 02:32:33.864,1.26495,1.26522,1.13,1.50
2011.08.24 02:32:34.094,1.26496,1.26523,1.50,1.90
2011.08.24 02:32:34.215,1.26498,1.26529,1.50,1.50
2011.08.24 02:32:34.336,1.26506,1.26534,1.13,1.50
2011.08.24 02:32:34.562,1.26504,1.26536,1.50,1.13
2011.08.24 02:32:35.239,1.26514,1.26539,1.13,1.43
2011.08.24 02:32:35.356,1.26514,1.26542,1.13,1.13
2011.08.24 02:32:35.477,1.26514,1.26542,1.88,1.13
2011.08.24 02:32:35.594,1.26516,1.26544,1.50,1.13
2011.08.24 02:32:35.935,1.2653,1.2655,1.13,1.50
2011.08.24 02:32:36.056,1.26527,1.26552,1.50,1.52
2011.08.24 02:32:36.173,1.26525,1.26552,1.50,1.52
2011.08.24 02:32:36.295,1.26534,1.26556,1.13,1.50
2011.08.24 02:32:36.413,1.26531,1.26556,1.88,1.50
2011.08.24 02:32:36.897,1.26535,1.26562,1.50,1.90
2011.08.24 02:32:37.126,1.26535,1.26561,1.50,1.13
2011.08.24 02:32:37.795,1.26536,1.26568,1.50,1.13
2011.08.24 02:32:38.134,1.26535,1.26563,1.88,1.50
2011.08.24 02:32:38.255,1.26528,1.26557,1.13,2.27
2011.08.24 02:32:38.484,1.26524,1.26553,1.13,1.13
2011.08.24 02:32:38.604,1.26523,1.26553,1.13,1.13
2011.08.24 02:32:39.162,1.2652,1.26549,1.50,1.13
2011.08.24 02:32:39.283,1.26518,1.26549,1.13,1.88
2011.08.24 02:32:39.513,1.26515,1.26544,1.50,1.13
2011.08.24 02:32:39.635,1.26511,1.2654,1.50,1.50
2011.08.24 02:32:39.752,1.2651,1.2654,1.13,1.50
2011.08.24 02:32:40.094,1.26503,1.26529,1.50,1.13
2011.08.24 02:32:40.433,1.265,1.26529,1.13,1.13
2011.08.24 02:32:40.553,1.26496,1.26529,1.50,1.13
2011.08.24 02:32:40.783,1.26495,1.26526,1.13,1.13
2011.08.24 02:32:40.903,1.26496,1.26526,1.13,1.13
2011.08.24 02:32:41.026,1.26496,1.26525,1.13,1.50
2011.08.24 02:32:41.662,1.26493,1.26522,1.50,1.50
2011.08.24 02:32:41.791,1.26489,1.26519,1.13,1.50
2011.08.24 02:32:41.905,1.26488,1.26519,2.63,1.50
2011.08.24 02:32:42.023,1.26488,1.2652,2.63,1.13
2011.08.24 02:32:42.362,1.26491,1.26521,1.13,1.13
2011.08.24 02:32:42.707,1.26494,1.26523,1.13,1.52
2011.08.24 02:32:43.265,1.26496,1.2652,1.13,1.50
2011.08.24 02:32:43.838,1.26499,1.26522,1.13,2.25
2011.08.24 02:32:43.956,1.265,1.26523,1.88,1.52
2011.08.24 02:32:44.183,1.265,1.26528,1.88,1.50
2011.08.24 02:32:44.744,1.265,1.26528,2.25,1.50
2011.08.24 02:32:45.086,1.26499,1.26529,1.50,1.50
2011.08.24 02:32:45.312,1.265,1.26528,1.13,1.50
2011.08.24 02:32:45.435,1.26487,1.26512,1.50,1.13
2011.08.24 02:32:45.554,1.26487,1.26517,1.50,1.13
2011.08.24 02:32:45.922,1.26486,1.26522,4.13,1.50
2011.08.24 02:32:46.050,1.26491,1.26524,1.50,1.88
2011.08.24 02:32:46.382,1.26496,1.26524,1.50,1.13
2011.08.24 02:32:46.833,1.26495,1.26524,1.50,1.13
2011.08.24 02:32:47.066,1.26498,1.26525,1.50,1.13
2011.08.24 02:32:47.402,1.26501,1.26528,1.50,2.25
2011.08.24 02:32:48.297,1.26499,1.26526,1.50,1.13
2011.08.24 02:32:48.633,1.26499,1.26527,1.50,1.88
2011.08.24 02:32:48.863,1.26492,1.26517,1.50,1.50
2011.08.24 02:32:49.203,1.26491,1.26517,2.25,1.13
2011.08.24 02:32:49.323,1.26492,1.26519,1.50,1.13
2011.08.24 02:32:49.445,1.26491,1.26518,1.50,1.13
2011.08.24 02:32:50.114,1.26491,1.26518,1.50,1.13
2011.08.24 02:32:50.967,1.265,1.26522,1.43,1.50
2011.08.24 02:32:51.088,1.265,1.26527,1.09,1.13
2011.08.24 02:32:51.314,1.26502,1.2653,1.50,1.50
2011.08.24 02:32:51.653,1.26502,1.26533,2.25,1.52
2011.08.24 02:32:51.992,1.26502,1.26531,1.50,1.50
2011.08.24 02:32:53.654,1.265,1.26531,1.50,1.50
2011.08.24 02:32:54.654,1.26498,1.26529,2.25,1.13
2011.08.24 02:32:54.775,1.26497,1.26524,1.13,1.50
2011.08.24 02:32:55.114,1.26498,1.26526,1.50,1.13
2011.08.24 02:32:55.562,1.26498,1.26526,1.50,1.13
2011.08.24 02:32:56.167,1.26504,1.26533,1.50,2.65
2011.08.24 02:32:56.509,1.26501,1.2653,1.13,1.50
2011.08.24 02:32:56.845,1.26497,1.26528,1.88,1.13
2011.08.24 02:32:56.967,1.26494,1.26523,1.88,1.13
2011.08.24 02:32:57.083,1.26493,1.26523,1.13,1.13
2011.08.24 02:32:57.313,1.26492,1.26517,1.50,1.50
2011.08.24 02:32:57.434,1.26488,1.26516,1.50,1.13
2011.08.24 02:32:57.553,1.26487,1.26514,2.25,1.13
2011.08.24 02:32:57.784,1.26487,1.26513,1.50,1.13
2011.08.24 02:32:57.905,1.26487,1.26515,1.50,1.13
2011.08.24 02:32:58.136,1.26485,1.26512,1.50,1.13
2011.08.24 02:32:58.473,1.26481,1.26508,1.13,1.50
2011.08.24 02:32:58.593,1.26481,1.26507,1.13,1.50
2011.08.24 02:32:59.043,1.26479,1.26505,1.13,1.50
2011.08.24 02:32:59.165,1.26478,1.26503,1.50,1.50
2011.08.24 02:32:59.286,1.26477,1.26503,1.50,1.50
2011.08.24 02:32:59.625,1.26477,1.26504,1.50,1.50
2011.08.24 02:33:00.019,1.26476,1.26501,1.50,1.13
2011.08.24 02:33:00.243,1.26473,1.26501,1.50,1.88
2011.08.24 02:33:00.363,1.26469,1.26501,1.50,1.50
2011.08.24 02:33:00.707,1.26458,1.26487,1.13,1.50
2011.08.24 02:33:00.828,1.26454,1.26483,1.88,1.13
2011.08.24 02:33:01.054,1.26453,1.26483,1.13,1.13
2011.08.24 02:33:01.395,1.26453,1.26483,1.13,1.88
2011.08.24 02:33:01.963,1.26453,1.26481,1.88,1.50
2011.08.24 02:33:02.302,1.26456,1.26483,1.13,1.50
2011.08.24 02:33:02.645,1.26452,1.2648,1.88,1.50
2011.08.24 02:33:02.872,1.26452,1.2648,1.13,2.25
2011.08.24 02:33:03.730,1.2645,1.26475,1.50,1.13
2011.08.24 02:33:03.852,1.2645,1.26473,1.50,1.13
2011.08.24 02:33:04.197,1.26444,1.26473,1.50,1.50
2011.08.24 02:33:04.429,1.26441,1.26467,1.13,1.50
2011.08.24 02:33:05.556,1.26437,1.26466,1.88,1.13
2011.08.24 02:33:05.784,1.26437,1.26465,1.88,1.50
2011.08.24 02:33:06.124,1.26437,1.26466,1.88,1.13
2011.08.24 02:33:06.464,1.26445,1.26471,1.50,1.13
2011.08.24 02:33:06.586,1.26441,1.26466,1.50,1.13
2011.08.24 02:33:06.705,1.26438,1.26462,1.50,1.50
2011.08.24 02:33:06.824,1.26432,1.2646,1.50,1.13
2011.08.24 02:33:06.945,1.26432,1.26459,1.50,1.13
2011.08.24 02:33:07.063,1.26433,1.26459,1.50,1.13
2011.08.24 02:33:07.622,1.26434,1.26463,1.13,1.13
2011.08.24 02:33:08.076,1.26444,1.2647,1.50,1.50
2011.08.24 02:33:08.303,1.26443,1.26469,1.50,1.13
2011.08.24 02:33:09.703,1.26441,1.26466,1.13,1.50
2011.08.24 02:33:09.830,1.26434,1.26464,1.13,1.88
2011.08.24 02:33:10.164,1.26434,1.26459,1.13,1.50
2011.08.24 02:33:10.615,1.26434,1.26459,1.13,1.50
2011.08.24 02:33:10.733,1.26434,1.26462,1.13,1.50
2011.08.24 02:33:11.073,1.26435,1.26463,1.13,2.25
2011.08.24 02:33:12.193,1.26437,1.26461,1.13,1.50
2011.08.24 02:33:12.864,1.26437,1.26463,1.13,1.50
2011.08.24 02:33:13.204,1.26429,1.26451,1.88,1.50
2011.08.24 02:33:13.324,1.26433,1.26457,2.25,1.50
2011.08.24 02:33:13.443,1.26433,1.26457,1.13,1.50
2011.08.24 02:33:13.563,1.26433,1.26462,1.13,1.88
2011.08.24 02:33:13.902,1.26433,1.2646,1.13,1.50
2011.08.24 02:33:14.134,1.26432,1.2646,1.13,1.50
2011.08.24 02:33:14.913,1.26432,1.26461,1.88,1.13
2011.08.24 02:33:19.493,1.26433,1.26456,1.13,1.43
2011.08.24 02:33:19.615,1.26427,1.26454,1.13,1.50
2011.08.24 02:33:19.735,1.26427,1.26454,1.13,1.50
2011.08.24 02:33:19.855,1.26428,1.26459,1.13,1.13
2011.08.24 02:33:20.413,1.26431,1.26459,1.13,1.50
2011.08.24 02:33:20.973,1.26431,1.26461,1.13,1.88
2011.08.24 02:33:21.311,1.26431,1.26463,1.88,1.13
2011.08.24 02:33:21.642,1.26432,1.26463,1.13,1.13
2011.08.24 02:33:21.984,1.26436,1.26466,1.13,1.13
2011.08.24 02:33:22.432,1.26436,1.26466,1.13,1.88
2011.08.24 02:33:23.846,1.26438,1.26464,1.13,1.50
2011.08.24 02:33:23.965,1.26439,1.26464,1.50,1.50
2011.08.24 02:33:24.561,1.26441,1.26471,2.25,1.50
2011.08.24 02:33:25.335,1.26445,1.26469,1.50,1.50
2011.08.24 02:33:25.457,1.26445,1.26471,1.50,1.50
2011.08.24 02:33:26.015,1.26451,1.26472,2.25,1.50
2011.08.24 02:33:26.353,1.26462,1.26487,1.50,1.50
2011.08.24 02:33:26.475,1.26461,1.26487,1.13,1.50
2011.08.24 02:33:27.062,1.26458,1.26483,1.50,1.50
2011.08.24 02:33:27.404,1.26462,1.26486,1.50,1.50
2011.08.24 02:33:27.745,1.26467,1.26491,1.50,1.50
2011.08.24 02:33:28.301,1.26467,1.26491,1.50,1.50
2011.08.24 02:33:28.525,1.26465,1.26491,3.00,1.50
2011.08.24 02:33:28.644,1.26465,1.2649,1.50,1.50
2011.08.24 02:33:29.548,1.26466,1.2649,1.50,1.50
2011.08.24 02:33:29.779,1.26466,1.2649,1.13,1.50
2011.08.24 02:33:30.333,1.26462,1.26488,1.50,1.50
2011.08.24 02:33:30.453,1.26462,1.26488,2.25,1.50
2011.08.24 02:33:32.254,1.26464,1.26492,1.13,1.50
2011.08.24 02:33:33.543,1.26462,1.26488,1.13,1.50
2011.08.24 02:33:34.103,1.2646,1.26488,2.25,1.50
2011.08.24 02:33:34.905,1.26463,1.26492,1.13,1.50
2011.08.24 02:33:35.025,1.26464,1.26491,1.50,1.20
2011.08.24 02:33:35.367,1.26464,1.26491,2.25,1.50
2011.08.24 02:33:35.487,1.2647,1.26491,1.50,1.50
2011.08.24 02:33:35.715,1.26474,1.265,1.50,1.50
2011.08.24 02:33:35.835,1.26474,1.265,1.50,1.50
2011.08.24 02:33:36.836,1.26477,1.26506,1.50,1.50
2011.08.24 02:33:38.116,1.26475,1.26497,1.50,1.50
2011.08.24 02:33:38.469,1.26464,1.26482,1.50,1.50
2011.08.24 02:33:38.818,1.26458,1.2648,1.50,1.50
2011.08.24 02:33:38.939,1.2646,1.26486,1.13,1.50
2011.08.24 02:33:39.167,1.2646,1.26486,1.13,1.50
2011.08.24 02:33:39.395,1.2646,1.26486,2.63,1.50
2011.08.24 02:33:40.523,1.26463,1.26487,1.50,1.50
2011.08.24 02:33:40.646,1.26463,1.26487,1.50,1.50
2011.08.24 02:33:42.363,1.26464,1.26488,1.50,1.50
2011.08.24 02:33:43.484,1.26461,1.26483,1.13,1.50
2011.08.24 02:33:44.051,1.26454,1.26479,1.50,1.13
2011.08.24 02:33:44.275,1.26455,1.26479,1.50,1.88
2011.08.24 02:33:44.505,1.26449,1.26474,1.50,1.13
2011.08.24 02:33:44.623,1.26449,1.26474,1.50,1.13
2011.08.24 02:33:45.183,1.26446,1.26474,2.25,1.13
2011.08.24 02:33:45.304,1.2645,1.26477,1.13,1.50
2011.08.24 02:33:45.426,1.2645,1.26477,1.13,1.50
2011.08.24 02:33:45.543,1.26452,1.26478,1.50,1.13
2011.08.24 02:33:45.881,1.26452,1.26481,1.88,2.25
2011.08.24 02:33:47.064,1.26452,1.2648,1.88,1.50
2011.08.24 02:33:48.192,1.26452,1.2648,1.88,1.50
2011.08.24 02:33:49.059,1.26452,1.2648,1.13,1.50
2011.08.24 02:33:49.178,1.26452,1.26479,1.13,1.50
2011.08.24 02:33:50.392,1.26452,1.26477,1.13,2.25
2011.08.24 02:33:50.734,1.2645,1.26476,1.13,1.50
2011.08.24 02:33:51.073,1.2645,1.26477,1.13,1.50
2011.08.24 02:33:52.197,1.26449,1.26479,1.13,1.50
2011.08.24 02:33:52.422,1.26449,1.26479,1.13,1.50
2011.08.24 02:33:53.312,1.26448,1.26476,1.50,1.13
2011.08.24 02:33:53.432,1.26449,1.26476,1.50,1.13
2011.08.24 02:33:53.554,1.26449,1.26476,1.50,1.13
2011.08.24 02:33:53.673,1.26448,1.26476,1.50,1.13
2011.08.24 02:33:54.448,1.26449,1.26476,1.50,1.50
2011.08.24 02:33:55.023,1.26448,1.26474,1.50,1.13
2011.08.24 02:33:55.144,1.26449,1.26474,1.50,1.13
2011.08.24 02:33:58.303,1.26449,1.26473,2.25,1.50
2011.08.24 02:33:58.534,1.26437,1.26464,1.50,1.13
2011.08.24 02:33:58.654,1.26438,1.26466,1.50,1.13
2011.08.24 02:33:58.885,1.26437,1.26464,1.50,1.13
2011.08.24 02:33:59.599,1.26437,1.26464,1.50,1.13
2011.08.24 02:34:00.524,1.26437,1.26465,1.50,1.13
2011.08.24 02:34:00.866,1.26434,1.26454,1.50,1.50
2011.08.24 02:34:00.985,1.26434,1.26456,1.50,1.50
2011.08.24 02:34:01.105,1.26433,1.26459,1.50,1.88
2011.08.24 02:34:01.225,1.2643,1.26458,1.13,1.13
2011.08.24 02:34:01.895,1.26429,1.26456,1.50,1.13
2011.08.24 02:34:02.016,1.26432,1.26457,1.50,1.13
2011.08.24 02:34:02.245,1.26431,1.26456,1.50,1.13
2011.08.24 02:34:02.364,1.26426,1.26455,1.13,1.50
2011.08.24 02:34:02.702,1.26429,1.26453,1.50,1.13
2011.08.24 02:34:04.834,1.26429,1.26453,1.50,1.13
2011.08.24 02:34:04.954,1.26425,1.26449,1.50,1.50
2011.08.24 02:34:05.077,1.26423,1.26447,1.50,1.50
2011.08.24 02:34:05.505,1.26417,1.26443,1.50,1.13
2011.08.24 02:34:05.628,1.26415,1.26441,1.50,1.13
2011.08.24 02:34:06.078,1.26411,1.26441,1.13,1.13
2011.08.24 02:34:06.196,1.26411,1.26441,1.13,1.13
2011.08.24 02:34:06.427,1.26409,1.26437,1.13,1.13
2011.08.24 02:34:06.544,1.26406,1.26432,1.50,1.13
2011.08.24 02:34:06.664,1.26403,1.2643,1.50,1.13
2011.08.24 02:34:06.785,1.26401,1.26428,1.50,1.50
2011.08.24 02:34:07.233,1.26398,1.26427,1.50,1.13
2011.08.24 02:34:07.577,1.26398,1.26427,1.50,1.13
2011.08.24 02:34:07.695,1.26398,1.26424,1.50,1.13
2011.08.24 02:34:08.033,1.26394,1.26422,1.13,1.13
2011.08.24 02:34:08.377,1.26394,1.26421,1.13,1.50
2011.08.24 02:34:08.825,1.26395,1.26418,1.50,1.13
2011.08.24 02:34:09.053,1.26394,1.2642,1.13,1.50
2011.08.24 02:34:09.173,1.26394,1.26422,1.88,1.50
2011.08.24 02:34:09.404,1.2639,1.26418,1.50,1.50
2011.08.24 02:34:09.525,1.2639,1.26418,1.50,1.50
2011.08.24 02:34:09.646,1.26389,1.26417,1.88,1.50
2011.08.24 02:34:09.985,1.26389,1.26418,1.13,1.50
2011.08.24 02:34:11.566,1.26392,1.26418,1.50,1.50
2011.08.24 02:34:11.903,1.26387,1.26414,1.50,1.50
2011.08.24 02:34:12.136,1.26385,1.26415,1.13,1.50
2011.08.24 02:34:12.475,1.26385,1.26416,1.13,1.88
2011.08.24 02:34:13.036,1.26391,1.26418,1.13,1.50
2011.08.24 02:34:13.153,1.26392,1.26421,1.13,3.38
2011.08.24 02:34:13.384,1.26385,1.26413,1.50,1.50
2011.08.24 02:34:16.983,1.26393,1.26415,1.50,2.25
2011.08.24 02:34:17.105,1.26396,1.26419,1.50,1.88
2011.08.24 02:34:17.443,1.26396,1.2642,1.50,1.13
2011.08.24 02:34:17.565,1.26396,1.2642,1.50,1.13
2011.08.24 02:34:17.906,1.26396,1.26422,1.50,3.02
2011.08.24 02:34:18.024,1.26396,1.26422,1.50,3.02
2011.08.24 02:34:18.143,1.26396,1.26422,1.50,2.65
2011.08.24 02:34:19.474,1.26396,1.26422,1.50,2.27
2011.08.24 02:34:20.354,1.26396,1.26424,1.50,1.13
2011.08.24 02:34:20.912,1.26401,1.26427,1.50,1.50
2011.08.24 02:34:25.583,1.264,1.26426,1.50,1.50
2011.08.24 02:34:26.554,1.26396,1.26424,1.50,1.13
2011.08.24 02:34:27.624,1.26398,1.26426,1.50,1.50
2011.08.24 02:34:30.566,1.26401,1.26427,1.50,1.13
2011.08.24 02:34:30.688,1.26404,1.2643,1.50,1.50
2011.08.24 02:34:31.024,1.26404,1.26432,1.50,1.13
2011.08.24 02:34:31.252,1.26406,1.26432,1.50,1.13
2011.08.24 02:34:31.375,1.26406,1.26435,1.88,1.13
2011.08.24 02:34:31.712,1.26406,1.26435,1.13,1.13
2011.08.24 02:34:31.834,1.26406,1.26435,1.13,1.88
2011.08.24 02:34:32.064,1.26406,1.26435,1.13,2.63
2011.08.24 02:34:32.185,1.26407,1.26435,1.50,2.63
2011.08.24 02:34:32.532,1.26406,1.26435,1.13,1.13
2011.08.24 02:34:32.653,1.2641,1.26438,1.50,1.13
2011.08.24 02:34:33.214,1.26412,1.26438,1.50,1.13
2011.08.24 02:34:33.337,1.26406,1.26432,1.50,1.13
2011.08.24 02:34:33.678,1.26395,1.26421,1.50,1.50
2011.08.24 02:34:33.798,1.26394,1.26418,1.50,1.13
2011.08.24 02:34:34.247,1.2639,1.26418,1.50,1.13
2011.08.24 02:34:34.583,1.26389,1.26415,1.50,1.50
2011.08.24 02:34:34.924,1.26383,1.26411,1.13,1.13
2011.08.24 02:34:35.046,1.26382,1.2641,1.50,1.50
2011.08.24 02:34:36.052,1.2638,1.26409,1.13,1.13
2011.08.24 02:34:37.323,1.2638,1.26409,1.13,1.13
2011.08.24 02:34:37.809,1.26387,1.26418,1.88,3.38
2011.08.24 02:34:37.926,1.26388,1.26418,1.50,1.88
2011.08.24 02:34:38.157,1.26393,1.2642,1.50,1.13
2011.08.24 02:34:38.823,1.26394,1.26424,1.13,1.50
2011.08.24 02:34:38.943,1.26395,1.26424,1.50,1.50
2011.08.24 02:34:39.942,1.26396,1.26425,1.50,1.88
2011.08.24 02:34:40.065,1.26396,1.26426,1.50,1.13
2011.08.24 02:34:40.293,1.26398,1.26426,1.50,1.13
2011.08.24 02:34:40.675,1.26404,1.26429,2.25,1.50
2011.08.24 02:34:40.906,1.26406,1.26436,1.88,1.50
2011.08.24 02:34:41.133,1.26406,1.26437,1.88,1.88
2011.08.24 02:34:41.803,1.26408,1.26437,1.13,1.13
2011.08.24 02:34:41.925,1.26412,1.2644,1.13,1.13
2011.08.24 02:34:42.046,1.26412,1.2644,1.88,1.13
2011.08.24 02:34:42.275,1.26417,1.26443,1.50,1.50
2011.08.24 02:34:42.394,1.26417,1.26444,1.50,1.50
2011.08.24 02:34:42.625,1.26418,1.26446,1.50,1.13
2011.08.24 02:34:43.219,1.26421,1.26449,1.13,1.88
2011.08.24 02:34:43.557,1.26426,1.26455,1.13,1.50
2011.08.24 02:34:43.674,1.26427,1.26455,1.50,1.50
2011.08.24 02:34:43.906,1.26434,1.26461,2.63,1.13
2011.08.24 02:34:44.026,1.26439,1.26466,1.50,1.50
2011.08.24 02:34:44.145,1.2644,1.26468,1.50,2.63
2011.08.24 02:34:44.264,1.26445,1.26468,1.50,1.13
2011.08.24 02:34:44.495,1.26448,1.26474,1.13,2.25
2011.08.24 02:34:44.724,1.26449,1.26479,1.13,1.13
2011.08.24 02:34:44.846,1.26456,1.26482,1.13,1.50
2011.08.24 02:34:45.074,1.26451,1.26478,1.88,1.50
2011.08.24 02:34:45.633,1.26453,1.26482,1.50,1.13
2011.08.24 02:34:47.343,1.26451,1.26482,1.88,1.13
2011.08.24 02:34:47.464,1.26451,1.2648,1.88,1.50
2011.08.24 02:34:47.917,1.26452,1.2648,1.50,1.50
2011.08.24 02:34:49.782,1.26452,1.2648,1.50,1.50
2011.08.24 02:34:50.343,1.26449,1.26477,1.88,1.13
2011.08.24 02:34:50.464,1.26445,1.26474,1.13,1.13
2011.08.24 02:34:50.694,1.26445,1.26473,1.13,1.50
2011.08.24 02:34:51.685,1.26445,1.26471,1.13,1.50
2011.08.24 02:34:51.913,1.26443,1.26471,1.13,1.50
2011.08.24 02:34:52.471,1.26443,1.26473,1.13,1.13
2011.08.24 02:34:52.583,1.26445,1.26472,1.50,1.50
2011.08.24 02:34:52.923,1.26443,1.26468,1.13,1.50
2011.08.24 02:34:53.326,1.26437,1.26467,1.13,1.88
2011.08.24 02:34:53.672,1.26445,1.26471,1.13,1.50
2011.08.24 02:34:54.477,1.26441,1.26469,2.25,1.13
2011.08.24 02:34:55.365,1.26441,1.26465,1.50,1.50
2011.08.24 02:34:55.486,1.26435,1.26461,1.50,1.13
2011.08.24 02:34:55.603,1.26433,1.26461,2.63,1.13
2011.08.24 02:35:00.668,1.26439,1.26464,1.50,1.13
2011.08.24 02:35:01.614,1.26439,1.26464,1.50,1.13
2011.08.24 02:35:02.174,1.26439,1.26464,1.50,1.13
2011.08.24 02:35:03.304,1.26439,1.26463,1.50,1.13
2011.08.24 02:35:03.423,1.26436,1.26463,1.50,1.88
2011.08.24 02:35:03.543,1.26434,1.26462,1.88,1.13
2011.08.24 02:35:03.773,1.26434,1.26462,1.88,1.13
2011.08.24 02:35:03.895,1.26439,1.26466,1.50,1.13
2011.08.24 02:35:05.004,1.26444,1.26469,1.13,1.50
2011.08.24 02:35:05.455,1.26447,1.2647,1.13,1.50
2011.08.24 02:35:05.903,1.26447,1.26471,1.13,1.50
2011.08.24 02:35:06.462,1.26447,1.26472,1.88,1.50
2011.08.24 02:35:06.916,1.26447,1.26476,2.63,1.50
2011.08.24 02:35:11.952,1.26449,1.26477,1.88,1.13
2011.08.24 02:35:13.136,1.26447,1.26471,1.13,1.50
2011.08.24 02:35:13.364,1.26448,1.26476,1.13,1.50
2011.08.24 02:35:13.482,1.26448,1.26478,1.13,1.13
2011.08.24 02:35:15.031,1.26448,1.26478,1.13,1.13
2011.08.24 02:35:22.544,1.26448,1.26478,1.13,1.13
2011.08.24 02:35:23.133,1.2645,1.26481,1.13,1.47
2011.08.24 02:35:24.286,1.26452,1.26481,1.50,1.47
2011.08.24 02:35:25.250,1.26451,1.2648,1.88,1.13
2011.08.24 02:35:25.917,1.26451,1.26481,1.88,1.84
2011.08.24 02:35:29.077,1.26451,1.26476,1.50,1.50
2011.08.24 02:35:29.308,1.26451,1.26473,1.50,1.50
2011.08.24 02:35:29.428,1.26444,1.26472,1.50,1.50
2011.08.24 02:35:29.549,1.26444,1.26472,1.50,1.50
2011.08.24 02:35:29.884,1.26444,1.26472,1.50,1.88
2011.08.24 02:35:30.516,1.26441,1.26468,1.50,1.50
2011.08.24 02:35:30.635,1.26441,1.26467,1.50,1.13
2011.08.24 02:35:30.863,1.26441,1.26467,1.50,1.13
2011.08.24 02:35:31.422,1.26439,1.26467,1.50,1.13
2011.08.24 02:35:33.265,1.26445,1.26468,1.50,1.13
2011.08.24 02:35:33.383,1.26445,1.26471,1.50,1.50
2011.08.24 02:35:33.727,1.26445,1.26472,1.50,1.13
2011.08.24 02:35:33.953,1.26447,1.26475,1.50,2.63
2011.08.24 02:35:38.272,1.26448,1.26475,1.50,2.63
2011.08.24 02:35:40.135,1.26457,1.26481,1.13,1.88
2011.08.24 02:35:40.256,1.26453,1.2648,1.50,1.50
2011.08.24 02:35:40.377,1.2645,1.26479,1.73,1.50
2011.08.24 02:35:40.607,1.26452,1.26481,1.50,1.88
2011.08.24 02:35:40.725,1.26452,1.26479,1.50,1.50
2011.08.24 02:35:41.174,1.26452,1.26475,1.50,1.13
2011.08.24 02:35:41.515,1.26443,1.26468,1.13,1.50
2011.08.24 02:35:41.632,1.26443,1.26468,1.13,1.50
2011.08.24 02:35:42.254,1.26442,1.26468,1.50,2.25
2011.08.24 02:35:42.814,1.26442,1.26468,1.50,1.50
2011.08.24 02:35:43.934,1.26445,1.26469,1.50,1.50
2011.08.24 02:35:44.493,1.26446,1.26472,2.25,2.63
2011.08.24 02:35:44.945,1.26449,1.26473,1.50,1.50
2011.08.24 02:35:45.505,1.26449,1.26473,1.50,1.50
2011.08.24 02:35:45.953,1.26449,1.26472,1.50,1.50
2011.08.24 02:35:48.332,1.26446,1.26472,1.50,2.25
2011.08.24 02:35:49.343,1.26446,1.26472,1.50,2.25
2011.08.24 02:35:50.094,1.26443,1.26467,1.50,1.13
2011.08.24 02:35:51.473,1.26442,1.26466,1.50,1.50
2011.08.24 02:35:52.353,1.26442,1.2647,1.50,1.88
2011.08.24 02:35:52.475,1.26444,1.2647,1.50,1.13
2011.08.24 02:35:53.372,1.26443,1.26468,1.50,1.50
2011.08.24 02:35:54.593,1.26441,1.26468,1.50,1.50
2011.08.24 02:35:54.933,1.26441,1.26469,2.25,1.50
2011.08.24 02:35:55.176,1.26444,1.26472,1.50,2.63
2011.08.24 02:35:56.254,1.26443,1.26467,1.50,1.13
2011.08.24 02:35:56.813,1.26443,1.26466,1.50,1.50
2011.08.24 02:35:56.934,1.26443,1.26464,1.50,1.13
2011.08.24 02:35:57.849,1.26432,1.26455,1.35,1.13
2011.08.24 02:35:57.965,1.2643,1.26454,1.35,1.50
2011.08.24 02:35:58.194,1.26432,1.26454,1.13,1.50
2011.08.24 02:35:58.316,1.26437,1.26461,1.50,1.50
2011.08.24 02:35:58.872,1.26437,1.26462,2.25,1.50
2011.08.24 02:35:59.217,1.26437,1.26461,1.50,2.25
2011.08.24 02:35:59.332,1.26433,1.2646,1.50,2.25
2011.08.24 02:36:00.334,1.26432,1.26461,1.50,1.13
2011.08.24 02:36:00.454,1.26432,1.2646,1.50,1.50
2011.08.24 02:36:00.573,1.26432,1.2646,1.50,1.50
2011.08.24 02:36:01.184,1.26437,1.26461,1.13,1.50
2011.08.24 02:36:01.303,1.26437,1.26461,1.13,1.50
2011.08.24 02:36:01.536,1.26435,1.2646,1.50,1.13
2011.08.24 02:36:01.986,1.26435,1.2646,1.88,1.50
2011.08.24 02:36:02.105,1.26438,1.26463,1.13,1.50
2011.08.24 02:36:02.713,1.26438,1.26463,1.13,1.50
2011.08.24 02:36:03.595,1.26432,1.26454,1.50,1.50
2011.08.24 02:36:03.823,1.26436,1.2646,1.13,1.50
2011.08.24 02:36:04.056,1.26436,1.26463,1.88,1.50
2011.08.24 02:36:04.394,1.26436,1.26464,1.88,1.50
2011.08.24 02:36:05.944,1.26444,1.26466,1.35,1.50
2011.08.24 02:36:06.177,1.26458,1.26481,1.50,1.50
2011.08.24 02:36:06.297,1.26459,1.26484,1.13,1.50
2011.08.24 02:36:06.419,1.26461,1.26487,1.50,1.13
2011.08.24 02:36:06.989,1.2646,1.26485,1.13,1.50
2011.08.24 02:36:07.544,1.26465,1.26487,1.13,1.50
2011.08.24 02:36:07.664,1.26465,1.26488,1.13,1.50
2011.08.24 02:36:07.784,1.26462,1.26487,1.50,1.50
2011.08.24 02:36:08.565,1.26462,1.26488,1.35,1.50
2011.08.24 02:36:08.906,1.26482,1.26505,1.13,1.43
2011.08.24 02:36:09.026,1.26477,1.26506,1.50,1.13
2011.08.24 02:36:09.476,1.26477,1.26506,1.13,1.13
2011.08.24 02:36:09.815,1.26477,1.26506,1.13,1.88
2011.08.24 02:36:10.153,1.26475,1.26506,1.50,1.88
2011.08.24 02:36:10.384,1.26476,1.26506,1.13,1.88
2011.08.24 02:36:10.942,1.26475,1.26506,1.50,1.88
2011.08.24 02:36:13.018,1.26474,1.26496,1.13,1.50
2011.08.24 02:36:13.242,1.26471,1.26496,1.88,1.50
2011.08.24 02:36:14.224,1.26471,1.26496,1.13,1.50
2011.08.24 02:36:14.677,1.26468,1.26496,1.88,1.50
2011.08.24 02:36:15.013,1.26466,1.26492,1.13,1.50
2011.08.24 02:36:16.224,1.26464,1.26492,1.88,1.88
2011.08.24 02:36:16.453,1.26464,1.26489,1.13,1.50
2011.08.24 02:36:16.683,1.26463,1.26487,1.50,1.13
2011.08.24 02:36:16.913,1.2646,1.26487,1.50,1.13
2011.08.24 02:36:17.503,1.2646,1.26487,1.50,1.13
2011.08.24 02:36:17.842,1.2646,1.26487,1.50,1.13
2011.08.24 02:36:18.184,1.2646,1.26487,2.25,1.13
2011.08.24 02:36:18.789,1.26464,1.26488,1.88,1.50
2011.08.24 02:36:19.343,1.2646,1.26486,1.50,1.13
2011.08.24 02:36:20.664,1.26456,1.26485,1.13,2.25
2011.08.24 02:36:20.894,1.2646,1.26486,1.50,1.88
2011.08.24 02:36:21.233,1.26456,1.26483,1.88,1.50
2011.08.24 02:36:21.355,1.26456,1.26482,1.13,1.50
2011.08.24 02:36:21.474,1.26456,1.26482,1.50,2.25
2011.08.24 02:36:21.594,1.2646,1.26482,1.13,1.50
2011.08.24 02:36:21.934,1.26464,1.26487,2.25,1.13
2011.08.24 02:36:22.273,1.2646,1.26488,1.50,1.88
2011.08.24 02:36:22.394,1.2646,1.26487,1.50,1.13
2011.08.24 02:36:22.515,1.2646,1.26486,1.50,1.50
2011.08.24 02:36:22.744,1.26459,1.26483,1.50,2.25
2011.08.24 02:36:22.977,1.26457,1.2648,1.50,1.13
2011.08.24 02:36:23.535,1.26459,1.26483,1.50,2.25
2011.08.24 02:36:24.202,1.26458,1.2648,1.50,1.13
2011.08.24 02:36:24.783,1.26456,1.2648,1.50,1.13
2011.08.24 02:36:24.903,1.26456,1.2648,1.50,1.13
2011.08.24 02:36:25.464,1.26457,1.2648,1.50,1.13
2011.08.24 02:36:25.696,1.26457,1.2648,1.50,1.13
2011.08.24 02:36:26.848,1.26461,1.26485,1.50,1.13
2011.08.24 02:36:27.076,1.26468,1.26492,1.50,1.50
2011.08.24 02:36:27.195,1.26469,1.26493,1.50,1.13
2011.08.24 02:36:27.424,1.26471,1.26497,1.50,1.88
2011.08.24 02:36:27.972,1.26473,1.26497,2.25,1.88
2011.08.24 02:36:28.101,1.26475,1.26497,1.50,1.13
2011.08.24 02:36:28.653,1.26472,1.26497,1.50,1.13
2011.08.24 02:36:29.825,1.26472,1.26497,1.50,1.13
2011.08.24 02:36:30.734,1.26471,1.26497,1.50,1.13
2011.08.24 02:36:31.403,1.26471,1.26497,1.50,1.13
2011.08.24 02:36:32.445,1.26471,1.26497,1.50,1.88
2011.08.24 02:36:32.788,1.2647,1.26492,1.50,1.13
2011.08.24 02:36:40.465,1.26467,1.26492,1.50,1.13
2011.08.24 02:36:42.623,1.2647,1.26496,1.13,1.50
2011.08.24 02:36:45.976,1.2647,1.26496,1.50,1.50
2011.08.24 02:36:46.096,1.26468,1.26493,1.13,1.50
2011.08.24 02:36:46.543,1.26469,1.26493,1.50,1.50
2011.08.24 02:36:46.883,1.26468,1.26493,1.88,1.50
2011.08.24 02:36:47.442,1.26468,1.26496,1.88,1.50
2011.08.24 02:36:50.244,1.26469,1.26496,1.13,1.50
2011.08.24 02:36:50.476,1.26466,1.26492,2.25,1.50
2011.08.24 02:36:51.143,1.26466,1.26491,2.25,1.13
2011.08.24 02:36:51.264,1.2646,1.2649,1.88,1.50
2011.08.24 02:36:51.602,1.26458,1.26486,1.88,1.50
2011.08.24 02:36:51.995,1.26464,1.26489,1.13,1.50
2011.08.24 02:36:52.443,1.26466,1.26494,1.50,1.88
2011.08.24 02:36:55.852,1.26466,1.26494,1.13,1.50
2011.08.24 02:36:57.233,1.26465,1.26489,1.88,1.50
2011.08.24 02:36:57.359,1.26465,1.26489,1.13,1.50
2011.08.24 02:36:57.474,1.26463,1.26485,1.13,1.50
2011.08.24 02:36:59.543,1.26463,1.26485,1.50,1.50
2011.08.24 02:37:03.186,1.26463,1.26488,2.25,1.50
2011.08.24 02:37:03.413,1.26464,1.26488,1.50,1.50
2011.08.24 02:37:04.212,1.26468,1.26489,1.50,1.50
2011.08.24 02:37:04.554,1.26471,1.26493,1.50,1.50
2011.08.24 02:37:04.783,1.26471,1.26497,2.25,1.50
2011.08.24 02:37:06.983,1.26473,1.26499,2.25,1.50
2011.08.24 02:37:07.544,1.26473,1.26499,2.25,1.50
2011.08.24 02:37:07.663,1.26473,1.26499,2.25,1.50
2011.08.24 02:37:09.416,1.26473,1.26499,1.50,1.50
2011.08.24 02:37:09.975,1.26473,1.26499,1.50,1.50
2011.08.24 02:37:12.436,1.26473,1.26499,1.50,1.50
2011.08.24 02:37:12.552,1.26474,1.26499,1.50,1.50
2011.08.24 02:37:13.473,1.26477,1.26499,1.13,1.50
2011.08.24 02:37:14.036,1.26475,1.26502,1.13,1.50
2011.08.24 02:37:14.374,1.26473,1.26497,1.13,1.50
2011.08.24 02:37:14.603,1.26473,1.26497,1.88,1.50
2011.08.24 02:37:15.934,1.26476,1.26499,1.13,1.50
2011.08.24 02:37:16.056,1.26478,1.26502,1.13,1.50
2011.08.24 02:37:16.612,1.26478,1.26501,1.13,1.50
2011.08.24 02:37:17.323,1.26475,1.26501,1.88,1.50
2011.08.24 02:37:19.125,1.26478,1.26501,1.13,1.50
2011.08.24 02:37:19.792,1.2648,1.26503,1.13,1.50
2011.08.24 02:37:20.464,1.26477,1.26502,1.13,1.50
2011.08.24 02:37:20.804,1.26476,1.26501,1.13,1.50
2011.08.24 02:37:29.486,1.26476,1.26501,1.13,1.50
2011.08.24 02:38:03.356,1.26475,1.26501,1.88,1.50
2011.08.24 02:38:03.807,1.26474,1.265,1.50,1.50
2011.08.24 02:38:03.927,1.26472,1.26498,1.13,1.50
2011.08.24 02:38:04.044,1.26473,1.26498,1.13,1.50
2011.08.24 02:38:04.552,1.26472,1.26498,1.88,1.50
2011.08.24 02:38:05.102,1.26472,1.26498,1.50,1.50
2011.08.24 02:38:06.724,1.2647,1.26496,1.13,1.50
2011.08.24 02:38:06.954,1.26467,1.26494,1.50,1.88
2011.08.24 02:38:07.183,1.26467,1.26489,1.50,1.50
2011.08.24 02:38:09.102,1.26466,1.26489,1.13,1.50
2011.08.24 02:38:11.316,1.26462,1.26489,1.88,1.50
2011.08.24 02:38:11.435,1.26462,1.26485,1.13,1.50
2011.08.24 02:38:11.558,1.26459,1.26485,1.50,1.50
2011.08.24 02:38:11.674,1.26459,1.26483,1.50,1.50
2011.08.24 02:38:12.624,1.26459,1.26483,1.50,1.50
2011.08.24 02:38:12.963,1.26459,1.26483,1.50,1.50
2011.08.24 02:38:14.170,1.26456,1.26481,1.13,1.50
2011.08.24 02:38:14.504,1.26453,1.26479,1.88,1.50
2011.08.24 02:38:15.505,1.26468,1.26487,1.13,1.50
2011.08.24 02:38:15.734,1.26468,1.26494,1.50,1.88
2011.08.24 02:38:16.072,1.26464,1.26493,1.13,1.50
2011.08.24 02:38:17.743,1.26465,1.26493,1.50,1.50
2011.08.24 02:38:17.863,1.26464,1.26493,1.88,1.50
2011.08.24 02:38:18.422,1.2646,1.26491,1.88,1.13
2011.08.24 02:38:18.544,1.2646,1.26488,1.88,1.50
2011.08.24 02:38:19.103,1.2646,1.26485,1.88,1.50
2011.08.24 02:38:20.396,1.26471,1.26485,1.13,1.50
2011.08.24 02:38:20.515,1.26477,1.26493,1.13,1.50
2011.08.24 02:38:20.744,1.26477,1.265,1.13,1.50
2011.08.24 02:38:21.469,1.2647,1.26496,1.13,1.50
2011.08.24 02:38:21.589,1.26474,1.26498,1.50,1.13
2011.08.24 02:38:22.142,1.26474,1.26501,1.50,1.13
2011.08.24 02:38:23.639,1.26471,1.26494,1.50,1.50
2011.08.24 02:38:23.756,1.26468,1.26494,1.50,1.50
2011.08.24 02:38:23.877,1.26461,1.2649,1.50,1.88
2011.08.24 02:38:24.215,1.2646,1.26483,1.50,1.13
2011.08.24 02:38:24.557,1.26457,1.26483,1.50,1.13
2011.08.24 02:38:25.114,1.26455,1.26483,1.50,1.88
2011.08.24 02:38:25.457,1.26452,1.26477,1.50,1.13
2011.08.24 02:38:25.684,1.26449,1.26477,1.13,1.88
2011.08.24 02:38:26.136,1.26464,1.26477,1.50,1.50
2011.08.24 02:38:26.254,1.26467,1.26482,1.50,1.50
2011.08.24 02:38:26.485,1.2647,1.26491,1.50,1.13
2011.08.24 02:38:26.605,1.26464,1.2649,1.13,1.50
2011.08.24 02:38:27.162,1.26464,1.2649,1.13,1.50
2011.08.24 02:38:28.306,1.26464,1.2649,1.50,1.50
2011.08.24 02:38:28.645,1.26463,1.2649,1.13,1.50
2011.08.24 02:38:29.093,1.2646,1.26487,1.50,1.13
2011.08.24 02:38:29.213,1.26458,1.26487,1.50,1.13
2011.08.24 02:38:29.776,1.26456,1.26482,1.88,1.50
2011.08.24 02:38:29.893,1.26456,1.26482,1.13,1.50
2011.08.24 02:38:31.234,1.26456,1.26482,1.13,1.50
2011.08.24 02:38:31.794,1.26457,1.26484,1.50,1.50
2011.08.24 02:38:32.132,1.26456,1.26481,1.13,1.50
2011.08.24 02:38:32.683,1.26457,1.26481,1.13,1.50
2011.08.24 02:38:33.713,1.26457,1.26481,1.50,1.50
2011.08.24 02:38:35.873,1.26455,1.26481,1.88,1.50
2011.08.24 02:38:37.011,1.26457,1.26481,1.13,1.50
2011.08.24 02:38:37.345,1.26457,1.26481,1.13,1.50
2011.08.24 02:38:37.580,1.26447,1.26471,1.13,1.50
2011.08.24 02:38:37.698,1.26445,1.26469,1.13,1.50
2011.08.24 02:38:37.817,1.26443,1.26469,1.50,1.50
2011.08.24 02:38:37.934,1.26442,1.26469,1.50,1.50
2011.08.24 02:38:38.492,1.26443,1.26469,1.50,1.50
2011.08.24 02:38:39.408,1.26443,1.26469,1.50,1.50
2011.08.24 02:38:39.750,1.26448,1.26476,1.50,1.50
2011.08.24 02:38:40.315,1.26452,1.26478,2.25,1.50
2011.08.24 02:38:41.202,1.26454,1.26478,1.13,1.50
2011.08.24 02:38:41.653,1.26455,1.26482,1.13,1.50
2011.08.24 02:38:41.993,1.26459,1.26483,1.13,1.50
2011.08.24 02:38:42.555,1.2646,1.26486,1.13,1.50
2011.08.24 02:38:42.784,1.26461,1.26486,1.50,1.50
2011.08.24 02:38:43.554,1.26463,1.26487,1.13,1.50
2011.08.24 02:38:43.784,1.26463,1.26487,1.13,1.50
2011.08.24 02:38:45.475,1.26463,1.26487,1.50,1.50
2011.08.24 02:38:46.033,1.26463,1.26487,1.88,1.50
2011.08.24 02:38:46.593,1.26461,1.26485,1.50,1.50
2011.08.24 02:38:46.717,1.26454,1.2648,1.50,1.50
2011.08.24 02:38:46.833,1.26454,1.2648,1.13,1.50
2011.08.24 02:38:51.185,1.26454,1.2648,1.88,1.50
2011.08.24 02:38:51.306,1.26458,1.26486,1.88,2.25
2011.08.24 02:38:51.535,1.26462,1.26486,2.25,1.50
2011.08.24 02:38:51.763,1.26465,1.26492,1.13,1.50
2011.08.24 02:38:51.996,1.26463,1.2649,1.50,1.13
2011.08.24 02:38:52.225,1.26464,1.26491,1.13,1.13
2011.08.24 02:38:52.345,1.26463,1.26489,1.13,1.50
2011.08.24 02:38:52.687,1.26458,1.26481,1.50,1.50
2011.08.24 02:38:52.803,1.26455,1.26479,1.50,1.50
2011.08.24 02:38:53.143,1.26455,1.26477,1.50,1.50
2011.08.24 02:38:53.374,1.26453,1.26476,1.50,1.13
2011.08.24 02:38:53.494,1.26453,1.26472,1.50,1.50
2011.08.24 02:38:53.833,1.26446,1.2647,1.50,1.50
2011.08.24 02:38:55.514,1.26446,1.2647,1.50,1.50
2011.08.24 02:38:56.352,1.26445,1.26469,1.50,1.50
2011.08.24 02:38:56.475,1.26447,1.26473,1.50,1.50
2011.08.24 02:38:57.032,1.2645,1.26474,1.50,1.13
2011.08.24 02:38:57.374,1.26449,1.26474,1.50,1.13
2011.08.24 02:39:00.087,1.2645,1.26474,1.50,1.13
2011.08.24 02:39:00.997,1.26449,1.26471,1.50,1.13
2011.08.24 02:39:01.553,1.26447,1.26471,2.25,1.88
2011.08.24 02:39:01.896,1.26445,1.26471,2.25,1.88
2011.08.24 02:39:02.347,1.26445,1.26469,1.50,1.50
2011.08.24 02:39:02.463,1.26445,1.26469,1.50,1.50
2011.08.24 02:39:03.027,1.26445,1.26469,2.25,1.50
2011.08.24 02:39:04.132,1.26445,1.2647,2.25,1.13
2011.08.24 02:39:04.364,1.26446,1.26471,1.50,1.88
2011.08.24 02:39:07.365,1.26445,1.2647,2.25,1.13
2011.08.24 02:39:07.957,1.26443,1.26469,2.25,1.50
2011.08.24 02:39:08.842,1.26443,1.26469,1.50,1.50
2011.08.24 02:39:09.183,1.26442,1.26467,1.50,1.13
2011.08.24 02:39:09.308,1.26443,1.26471,1.13,1.13
2011.08.24 02:39:09.645,1.26444,1.26469,2.25,1.50
2011.08.24 02:39:09.767,1.26445,1.26471,1.50,1.13
2011.08.24 02:39:10.268,1.26444,1.26468,2.25,1.13
2011.08.24 02:39:10.605,1.26443,1.26468,2.25,1.13
2011.08.24 02:39:10.833,1.26444,1.26468,1.50,1.13
2011.08.24 02:39:11.065,1.26444,1.26469,1.50,1.13
2011.08.24 02:39:11.183,1.26445,1.2647,1.50,1.50
2011.08.24 02:39:12.264,1.26445,1.26471,1.50,1.50
2011.08.24 02:39:15.316,1.26447,1.26471,1.50,1.88
2011.08.24 02:39:15.546,1.26447,1.26471,2.25,1.13
2011.08.24 02:39:15.666,1.26447,1.26475,2.25,1.88
2011.08.24 02:39:16.005,1.26449,1.26477,1.13,1.50
2011.08.24 02:39:16.344,1.2645,1.26477,1.50,1.50
2011.08.24 02:39:17.113,1.26451,1.26477,1.50,1.50
2011.08.24 02:39:17.672,1.26452,1.26477,1.50,1.50
2011.08.24 02:39:19.193,1.2645,1.26476,1.50,1.13
2011.08.24 02:39:19.315,1.2645,1.26476,1.50,1.88
2011.08.24 02:39:20.203,1.2645,1.26476,1.50,1.88
2011.08.24 02:39:25.761,1.26452,1.26479,3.00,1.13
2011.08.24 02:39:26.253,1.26453,1.26479,1.50,1.13
2011.08.24 02:39:31.688,1.26452,1.26478,1.50,1.13
2011.08.24 02:39:32.584,1.2645,1.26475,1.50,2.25
2011.08.24 02:39:32.713,1.26447,1.26471,1.50,1.13
2011.08.24 02:39:35.310,1.26446,1.26465,1.50,1.50
2011.08.24 02:39:35.535,1.26439,1.26465,1.50,3.00
2011.08.24 02:39:35.654,1.26439,1.26462,1.50,1.50
2011.08.24 02:39:35.994,1.26428,1.26452,2.24,1.50
2011.08.24 02:39:36.115,1.2643,1.26457,1.50,2.25
2011.08.24 02:39:36.629,1.2643,1.26457,1.50,1.13
2011.08.24 02:39:36.853,1.2643,1.26457,1.50,1.13
2011.08.24 02:39:37.419,1.2643,1.26455,1.50,1.50
2011.08.24 02:39:37.756,1.26426,1.26446,1.50,2.25
2011.08.24 02:39:37.877,1.26417,1.26441,1.50,1.50
2011.08.24 02:39:38.105,1.26418,1.26441,1.50,1.13
2011.08.24 02:39:38.443,1.26423,1.26447,1.50,1.50
2011.08.24 02:39:38.783,1.26429,1.2645,1.13,1.88
2011.08.24 02:39:39.012,1.26429,1.26451,1.13,1.50
2011.08.24 02:39:41.118,1.26424,1.2645,1.13,1.50
2011.08.24 02:39:41.234,1.26423,1.26448,1.13,1.50
2011.08.24 02:39:41.726,1.26421,1.26445,1.13,1.50
2011.08.24 02:39:42.089,1.2642,1.26446,1.50,1.50
2011.08.24 02:39:42.206,1.26416,1.26442,1.88,1.50
2011.08.24 02:39:42.326,1.26415,1.26439,1.50,1.13
2011.08.24 02:39:42.664,1.26415,1.26439,1.50,1.88
2011.08.24 02:39:43.222,1.26415,1.26439,1.50,1.88
2011.08.24 02:39:43.783,1.26413,1.26436,1.50,1.50
2011.08.24 02:39:45.006,1.26417,1.2644,1.50,1.50
2011.08.24 02:39:45.236,1.26422,1.26448,1.13,1.50
2011.08.24 02:39:45.464,1.26425,1.26451,1.50,1.88
2011.08.24 02:39:45.695,1.26425,1.26451,1.50,1.88
2011.08.24 02:39:54.094,1.26425,1.26452,1.50,1.50
2011.08.24 02:39:55.945,1.26425,1.26451,1.50,1.50
2011.08.24 02:39:57.484,1.26429,1.26453,1.50,1.50
2011.08.24 02:39:57.715,1.26432,1.2646,1.88,1.50
2011.08.24 02:39:59.184,1.26431,1.26456,1.13,1.50
2011.08.24 02:40:00.383,1.2643,1.26456,1.50,1.50
2011.08.24 02:40:02.465,1.2643,1.26453,1.13,1.50
2011.08.24 02:40:02.918,1.26428,1.26453,1.13,1.50
2011.08.24 02:40:03.260,1.26424,1.26449,1.50,1.13
2011.08.24 02:40:03.376,1.26423,1.26449,1.50,1.88
2011.08.24 02:40:03.716,1.26423,1.26446,1.50,1.13
2011.08.24 02:40:03.834,1.26422,1.26446,1.50,1.13
2011.08.24 02:40:04.256,1.26423,1.26446,1.50,1.13
2011.08.24 02:40:04.925,1.26421,1.26445,1.50,1.50
2011.08.24 02:40:06.715,1.26421,1.26447,1.50,1.50
2011.08.24 02:40:07.333,1.26421,1.26445,1.50,1.50
2011.08.24 02:40:13.635,1.26423,1.26449,1.50,1.50
2011.08.24 02:40:20.394,1.26421,1.26446,1.13,1.50
2011.08.24 02:40:20.623,1.26421,1.26446,1.13,1.50
2011.08.24 02:40:24.294,1.26416,1.26442,1.50,1.88
2011.08.24 02:40:24.635,1.26407,1.26431,1.50,1.88
2011.08.24 02:40:24.754,1.26407,1.2643,1.50,1.50
2011.08.24 02:40:25.228,1.26401,1.26425,1.50,1.50
2011.08.24 02:40:25.348,1.26391,1.26417,1.50,1.13
2011.08.24 02:40:25.578,1.26385,1.26411,1.50,1.50
2011.08.24 02:40:26.134,1.26384,1.26412,1.13,1.88
2011.08.24 02:40:27.534,1.26382,1.2641,2.63,1.50
2011.08.24 02:40:27.654,1.26382,1.2641,2.63,1.50
2011.08.24 02:40:28.104,1.26382,1.2641,2.63,1.50
2011.08.24 02:40:28.224,1.26382,1.2641,2.63,1.50
2011.08.24 02:40:28.892,1.26383,1.26411,1.13,1.88
2011.08.24 02:40:29.439,1.26383,1.2641,1.13,1.50
2011.08.24 02:40:29.665,1.26382,1.26403,1.50,1.50
2011.08.24 02:40:29.896,1.26379,1.26402,1.13,1.50
2011.08.24 02:40:30.233,1.26382,1.26409,1.50,1.50
2011.08.24 02:40:30.809,1.2638,1.26408,1.50,1.50
2011.08.24 02:40:31.555,1.26386,1.26407,1.88,1.50
2011.08.24 02:40:31.685,1.26387,1.26411,1.50,1.50
2011.08.24 02:40:31.916,1.26387,1.26413,1.50,1.50
2011.08.24 02:40:32.256,1.26387,1.26415,1.50,1.50
2011.08.24 02:40:32.375,1.26385,1.26412,1.13,1.50
2011.08.24 02:40:32.932,1.26382,1.26409,1.88,1.50
2011.08.24 02:40:33.163,1.26382,1.26411,1.88,1.50
2011.08.24 02:40:33.614,1.26387,1.26411,2.25,1.50
2011.08.24 02:40:33.733,1.26387,1.26413,2.25,1.50
2011.08.24 02:40:34.240,1.26387,1.26414,2.25,1.50
2011.08.24 02:40:34.783,1.26387,1.26415,2.25,1.50
2011.08.24 02:40:35.342,1.26387,1.26417,2.25,1.13
2011.08.24 02:40:37.954,1.26387,1.26415,1.50,1.13
2011.08.24 02:40:38.522,1.26387,1.26415,1.50,1.88
2011.08.24 02:40:41.401,1.26382,1.26409,2.10,1.13
2011.08.24 02:40:41.956,1.26385,1.26413,1.13,1.13
2011.08.24 02:40:42.292,1.26385,1.26413,1.13,1.13
2011.08.24 02:40:43.113,1.26392,1.26418,1.88,3.00
2011.08.24 02:40:43.234,1.26393,1.26419,1.13,2.10
2011.08.24 02:40:43.576,1.26397,1.26422,1.50,1.13
2011.08.24 02:40:44.024,1.26397,1.26422,1.50,1.13
2011.08.24 02:40:48.464,1.26398,1.26426,1.50,1.13
2011.08.24 02:40:49.683,1.26398,1.26424,1.50,1.13
2011.08.24 02:40:49.915,1.26394,1.26423,1.88,1.13
2011.08.24 02:40:53.934,1.26394,1.26423,1.88,1.13
2011.08.24 02:40:54.055,1.26394,1.26423,1.88,1.13
2011.08.24 02:40:59.983,1.26396,1.26425,1.84,1.88
2011.08.24 02:41:00.215,1.26405,1.26429,1.09,1.13
2011.08.24 02:41:00.443,1.26405,1.26429,1.09,1.13
2011.08.24 02:41:01.553,1.26405,1.26432,1.09,1.13
2011.08.24 02:41:02.114,1.26405,1.26432,1.09,1.13
2011.08.24 02:41:12.332,1.26404,1.26432,1.50,1.13
2011.08.24 02:41:13.776,1.26404,1.26429,1.50,1.50
2011.08.24 02:41:13.897,1.26403,1.26428,1.47,1.50
2011.08.24 02:41:14.233,1.26405,1.26431,1.50,1.13
2011.08.24 02:41:15.724,1.26405,1.26428,1.50,1.13
2011.08.24 02:41:15.846,1.26403,1.26427,1.09,1.13
2011.08.24 02:41:16.612,1.26403,1.26426,1.09,1.50
2011.08.24 02:41:16.735,1.26403,1.26428,1.09,1.50
2011.08.24 02:41:17.292,1.26405,1.2643,1.50,1.13
2011.08.24 02:41:18.871,1.26403,1.2643,1.09,1.13
2011.08.24 02:41:18.990,1.26404,1.26432,1.50,1.13
2011.08.24 02:41:20.067,1.26404,1.26431,1.50,1.50
2011.08.24 02:41:28.014,1.26403,1.26429,1.09,1.50
2011.08.24 02:41:28.244,1.26409,1.26434,1.09,1.13
2011.08.24 02:41:28.473,1.26409,1.26434,1.09,1.13
2011.08.24 02:41:29.050,1.26409,1.26434,1.09,1.13
2011.08.24 02:41:36.054,1.26409,1.26432,1.09,1.13
2011.08.24 02:41:36.172,1.26409,1.26432,1.09,1.13
2011.08.24 02:41:37.053,1.26409,1.26432,1.09,1.13
2011.08.24 02:41:37.288,1.26409,1.26432,1.09,1.13
2011.08.24 02:41:39.403,1.26404,1.26439,1.47,2.63
2011.08.24 02:41:40.390,1.26407,1.26444,1.88,2.63
2011.08.24 02:41:40.505,1.26411,1.26444,1.13,1.50
2011.08.24 02:41:40.955,1.26411,1.26441,1.13,1.50
2011.08.24 02:41:41.186,1.26408,1.26435,1.13,1.13
2011.08.24 02:41:41.414,1.26404,1.2644,1.84,1.50
2011.08.24 02:41:41.753,1.26404,1.26438,1.50,1.50
2011.08.24 02:41:42.894,1.26404,1.26432,1.50,1.50
2011.08.24 02:41:43.392,1.26404,1.26428,1.50,1.50
2011.08.24 02:41:44.213,1.26407,1.26434,1.50,1.13
2011.08.24 02:41:49.653,1.26408,1.26437,1.13,1.13
2011.08.24 02:41:51.026,1.26413,1.2644,1.50,1.50
2011.08.24 02:41:51.367,1.26414,1.26439,1.50,1.13
2011.08.24 02:41:51.816,1.26413,1.26438,1.13,1.50
2011.08.24 02:41:52.373,1.26413,1.26436,1.13,1.50
2011.08.24 02:41:52.957,1.26413,1.26435,1.13,1.50
2011.08.24 02:41:54.077,1.26413,1.26441,1.13,1.88
2011.08.24 02:41:55.075,1.26422,1.26448,1.50,2.63
2011.08.24 02:41:55.306,1.26421,1.26445,1.50,1.50
2011.08.24 02:41:55.536,1.26421,1.26447,1.50,1.13
2011.08.24 02:41:55.655,1.2642,1.26445,1.50,1.50
2011.08.24 02:41:56.213,1.2642,1.26446,1.50,1.50
2011.08.24 02:41:56.664,1.2642,1.26446,1.50,1.50
2011.08.24 02:41:58.994,1.26426,1.2645,1.50,1.13
2011.08.24 02:41:59.116,1.26426,1.26452,1.50,1.13
2011.08.24 02:41:59.749,1.26429,1.26453,1.50,1.50
2011.08.24 02:42:00.667,1.26424,1.26438,1.50,2.25
2011.08.24 02:42:01.149,1.26418,1.2643,2.10,1.50
2011.08.24 02:42:01.418,1.26357,1.2639,1.50,1.13
2011.08.24 02:42:01.539,1.26351,1.26387,1.50,2.25
2011.08.24 02:42:01.656,1.26342,1.26384,1.50,1.50
2011.08.24 02:42:01.773,1.26342,1.26384,2.25,1.50
2011.08.24 02:42:02.885,1.26351,1.26375,1.09,4.47
2011.08.24 02:42:03.117,1.26328,1.26353,1.68,1.50
2011.08.24 02:42:03.238,1.26328,1.26351,1.68,2.10
2011.08.24 02:42:03.356,1.26328,1.26351,1.68,2.10
2011.08.24 02:42:03.587,1.26334,1.26369,1.50,1.50
2011.08.24 02:42:04.011,1.26339,1.26371,1.50,1.13
2011.08.24 02:42:04.343,1.26339,1.26371,1.50,1.13
2011.08.24 02:42:05.343,1.26348,1.26372,1.49,1.43
2011.08.24 02:42:05.470,1.26348,1.26373,1.49,1.50
2011.08.24 02:42:05.586,1.26348,1.26373,1.49,1.50
2011.08.24 02:42:05.705,1.26348,1.26379,2.24,1.13
2011.08.24 02:42:05.827,1.2635,1.26381,1.50,1.50
2011.08.24 02:42:06.383,1.2635,1.26382,1.50,1.50
2011.08.24 02:42:07.386,1.26355,1.26382,1.50,1.50
2011.08.24 02:42:07.507,1.26355,1.26388,1.50,1.43
2011.08.24 02:42:07.847,1.26363,1.26393,1.50,1.50
2011.08.24 02:42:07.968,1.26366,1.26398,1.13,2.18
2011.08.24 02:42:08.086,1.26367,1.26398,1.50,1.50
2011.08.24 02:42:08.532,1.26365,1.26395,1.50,1.50
2011.08.24 02:42:09.084,1.26365,1.26397,1.50,1.50
2011.08.24 02:42:09.536,1.26361,1.26392,1.50,1.50
2011.08.24 02:42:09.764,1.26359,1.26394,1.13,2.25
2011.08.24 02:42:10.323,1.26359,1.26393,1.13,1.50
2011.08.24 02:42:10.883,1.2636,1.26394,1.50,2.25
2011.08.24 02:42:11.113,1.2636,1.26394,1.50,2.25
2011.08.24 02:42:11.983,1.26359,1.26394,1.50,2.93
2011.08.24 02:42:12.218,1.26359,1.26386,1.50,1.50
2011.08.24 02:42:12.335,1.26358,1.26384,1.13,1.50
2011.08.24 02:42:12.674,1.26361,1.26393,1.50,1.50
2011.08.24 02:42:13.125,1.26368,1.26396,1.50,1.50
2011.08.24 02:42:13.245,1.26368,1.26397,1.50,1.50
2011.08.24 02:42:13.562,1.26372,1.26402,1.50,1.50
2011.08.24 02:42:13.692,1.26375,1.26402,1.13,1.50
2011.08.24 02:42:13.815,1.26375,1.26406,1.13,1.50
2011.08.24 02:42:14.815,1.26375,1.26404,1.13,1.50
2011.08.24 02:42:15.712,1.26375,1.26404,1.13,1.50
2011.08.24 02:42:18.574,1.26377,1.26404,1.13,1.50
2011.08.24 02:42:19.609,1.26377,1.26404,1.13,1.50
2011.08.24 02:42:21.166,1.26379,1.26403,1.13,1.50
2011.08.24 02:42:21.835,1.26379,1.26404,1.13,1.50
2011.08.24 02:42:22.173,1.26376,1.26403,1.13,1.50
2011.08.24 02:42:24.064,1.26373,1.26403,1.13,1.50
2011.08.24 02:42:24.849,1.26379,1.26408,1.13,2.10
2011.08.24 02:42:25.185,1.26378,1.26403,1.13,1.50
2011.08.24 02:42:25.307,1.26378,1.26404,1.88,1.50
2011.08.24 02:42:25.427,1.26378,1.26407,1.50,1.50
2011.08.24 02:42:25.764,1.26377,1.26404,1.09,1.50
2011.08.24 02:42:28.644,1.26372,1.26401,1.50,1.50
2011.08.24 02:42:29.095,1.26371,1.26401,1.50,1.50
2011.08.24 02:42:30.474,1.26371,1.26398,1.50,1.50
2011.08.24 02:42:33.314,1.26371,1.26397,1.50,1.50
2011.08.24 02:42:33.543,1.26374,1.264,1.50,1.88
2011.08.24 02:42:34.217,1.26372,1.26399,2.25,1.50
2011.08.24 02:42:34.336,1.26372,1.26399,1.50,2.25
2011.08.24 02:42:34.884,1.26368,1.26394,1.50,1.13
2011.08.24 02:42:35.775,1.26368,1.26394,1.50,1.50
2011.08.24 02:42:37.683,1.26368,1.26394,1.84,1.13
2011.08.24 02:42:37.805,1.26373,1.26394,1.50,1.13
2011.08.24 02:42:38.035,1.26368,1.26395,1.84,1.13
2011.08.24 02:42:38.593,1.2637,1.26396,1.50,1.13
2011.08.24 02:42:38.714,1.26369,1.26393,1.50,1.50
2011.08.24 02:42:39.054,1.26368,1.26392,1.09,1.13
2011.08.24 02:42:39.285,1.26368,1.26396,1.84,2.63
2011.08.24 02:42:39.515,1.26368,1.26396,1.84,1.50
2011.08.24 02:42:40.072,1.26368,1.26396,1.84,2.25
2011.08.24 02:42:41.735,1.26364,1.26392,1.50,1.88
2011.08.24 02:42:42.293,1.26364,1.26392,1.50,1.13
2011.08.24 02:42:44.295,1.26364,1.26392,1.50,1.13
2011.08.24 02:42:45.224,1.26363,1.26389,1.50,1.50
2011.08.24 02:42:45.347,1.26359,1.26388,1.47,1.50
2011.08.24 02:42:45.466,1.26362,1.26389,1.50,1.13
2011.08.24 02:42:45.584,1.26362,1.2639,1.50,1.13
2011.08.24 02:42:47.612,1.26362,1.2639,1.50,1.50
2011.08.24 02:42:49.284,1.26367,1.26391,1.50,1.50
2011.08.24 02:42:49.513,1.26365,1.26389,1.50,1.13
2011.08.24 02:42:58.188,1.26361,1.26387,1.50,1.88
2011.08.24 02:42:59.003,1.26361,1.26387,1.50,1.88
2011.08.24 02:42:59.825,1.26363,1.26389,1.50,1.50
2011.08.24 02:43:00.164,1.26363,1.26387,1.50,1.13
2011.08.24 02:43:00.859,1.2636,1.26386,1.50,1.13
2011.08.24 02:43:01.193,1.26359,1.26385,1.84,1.13
2011.08.24 02:43:01.753,1.26359,1.26386,1.84,1.13
2011.08.24 02:43:09.045,1.26359,1.26388,1.84,1.13
2011.08.24 02:43:09.169,1.2636,1.26389,1.88,1.88
2011.08.24 02:43:09.723,1.2636,1.26389,1.13,1.13
2011.08.24 02:43:12.788,1.2636,1.26393,1.13,1.50
2011.08.24 02:43:13.124,1.26363,1.26394,1.13,1.13
2011.08.24 02:43:15.644,1.26364,1.26394,1.13,1.13
2011.08.24 02:43:27.754,1.26365,1.26394,1.13,1.13
2011.08.24 02:43:31.035,1.26368,1.26396,1.13,1.13
2011.08.24 02:43:31.592,1.26368,1.26396,1.13,1.13
2011.08.24 02:43:34.664,1.26362,1.26395,2.63,1.13
2011.08.24 02:43:35.003,1.26367,1.26393,1.50,1.13
2011.08.24 02:43:35.565,1.26366,1.26394,1.50,1.13
2011.08.24 02:43:36.755,1.26364,1.26393,1.50,1.13
2011.08.24 02:43:36.987,1.26364,1.26393,1.50,1.88
2011.08.24 02:43:37.982,1.26364,1.26392,1.50,1.50
2011.08.24 02:43:40.626,1.26364,1.26392,1.50,1.88
2011.08.24 02:43:41.862,1.26364,1.26392,1.50,1.50
2011.08.24 02:43:42.414,1.26367,1.26393,1.50,1.88
2011.08.24 02:43:42.753,1.26363,1.26393,1.50,1.13
2011.08.24 02:43:42.874,1.26363,1.26391,1.50,1.13
2011.08.24 02:43:43.875,1.26365,1.26391,1.50,1.13
2011.08.24 02:43:43.995,1.26365,1.26391,1.50,1.13
2011.08.24 02:43:44.223,1.26365,1.26392,1.50,1.13
2011.08.24 02:43:48.405,1.2637,1.26395,1.13,1.50
2011.08.24 02:43:48.523,1.2637,1.26398,1.13,1.50
2011.08.24 02:43:50.295,1.26373,1.26399,1.50,1.88
2011.08.24 02:43:50.416,1.26373,1.26399,1.50,1.13
2011.08.24 02:43:50.973,1.26373,1.26399,1.50,1.13
2011.08.24 02:43:53.305,1.2637,1.26398,1.88,1.50
2011.08.24 02:43:53.535,1.2637,1.26398,1.88,1.50
2011.08.24 02:43:55.396,1.26371,1.26395,1.13,1.13
2011.08.24 02:43:55.977,1.2637,1.26395,1.88,1.13
2011.08.24 02:43:56.317,1.26372,1.26398,1.13,2.25
2011.08.24 02:43:56.979,1.26372,1.26398,1.13,2.25
2011.08.24 02:43:57.532,1.26372,1.26398,1.13,2.25
2011.08.24 02:43:58.875,1.26372,1.26398,1.13,1.50
2011.08.24 02:43:59.263,1.26372,1.26398,1.13,1.50
2011.08.24 02:44:01.062,1.2637,1.26398,2.48,1.50
2011.08.24 02:44:01.504,1.2637,1.26398,1.50,1.50
2011.08.24 02:44:01.732,1.2637,1.26397,1.50,1.50
2011.08.24 02:44:02.320,1.2637,1.26397,1.50,1.50
2011.08.24 02:44:02.803,1.2637,1.26399,1.50,1.50
2011.08.24 02:44:05.005,1.26368,1.26389,1.50,1.88
2011.08.24 02:44:05.564,1.26363,1.26389,1.50,1.13
2011.08.24 02:44:05.683,1.26365,1.26389,1.50,1.13
2011.08.24 02:44:07.044,1.26365,1.26389,1.50,1.13
2011.08.24 02:44:07.386,1.26366,1.26392,1.50,1.88
2011.08.24 02:44:07.833,1.26367,1.26393,1.50,1.13
2011.08.24 02:44:08.063,1.26367,1.26393,1.50,1.13
2011.08.24 02:44:10.633,1.26368,1.26396,1.50,1.88
2011.08.24 02:44:13.002,1.26368,1.26394,1.50,1.13
2011.08.24 02:44:13.227,1.26368,1.26396,1.50,1.88
2011.08.24 02:44:13.565,1.26369,1.26393,1.13,1.50
2011.08.24 02:44:13.683,1.26368,1.26391,1.13,1.50
2011.08.24 02:44:16.624,1.26369,1.26394,1.13,1.50
2011.08.24 02:44:16.854,1.26369,1.26394,1.88,1.50
2011.08.24 02:44:24.275,1.26373,1.26397,1.50,1.50
2011.08.24 02:44:25.030,1.26374,1.26397,1.50,1.50
2011.08.24 02:44:25.596,1.26374,1.26397,1.50,1.50
2011.08.24 02:44:29.165,1.26376,1.26397,1.50,1.50
2011.08.24 02:44:29.288,1.26381,1.26404,1.13,1.50
2011.08.24 02:44:29.516,1.26384,1.26405,1.50,1.50
2011.08.24 02:44:29.634,1.26388,1.26408,1.13,1.50
2011.08.24 02:44:29.755,1.26388,1.26408,1.50,1.50
2011.08.24 02:44:29.983,1.2639,1.26411,1.13,1.50
2011.08.24 02:44:30.337,1.26392,1.26411,1.50,1.50
2011.08.24 02:44:30.461,1.26394,1.26417,1.50,1.50
2011.08.24 02:44:31.125,1.26391,1.26416,1.13,1.50
2011.08.24 02:44:31.685,1.2639,1.26414,1.88,1.50
2011.08.24 02:44:31.926,1.2639,1.26411,1.13,1.50
2011.08.24 02:44:32.483,1.26387,1.26411,1.88,1.50
2011.08.24 02:44:32.825,1.26387,1.26408,1.13,1.50
2011.08.24 02:44:32.944,1.26387,1.26408,1.13,1.50
2011.08.24 02:44:33.287,1.26387,1.26412,1.13,1.50
2011.08.24 02:44:33.844,1.26387,1.26411,1.88,1.50
2011.08.24 02:44:34.767,1.26394,1.26416,1.13,1.50
2011.08.24 02:44:34.887,1.26396,1.26416,1.13,1.50
2011.08.24 02:44:35.005,1.26397,1.2642,1.50,1.50
2011.08.24 02:44:35.235,1.26396,1.26418,1.13,1.50
2011.08.24 02:44:35.642,1.26399,1.2642,1.50,1.50
2011.08.24 02:44:35.975,1.26409,1.2643,1.13,1.09
2011.08.24 02:44:36.644,1.26406,1.26429,1.50,1.50
2011.08.24 02:44:37.427,1.26411,1.26434,1.50,1.50
2011.08.24 02:44:37.548,1.26411,1.26436,1.50,1.50
2011.08.24 02:44:37.884,1.26414,1.26438,1.13,1.50
2011.08.24 02:44:38.115,1.26417,1.26439,1.13,1.50
2011.08.24 02:44:38.673,1.26418,1.26439,1.13,1.50
2011.08.24 02:44:39.013,1.26418,1.26439,1.50,1.50
2011.08.24 02:44:39.737,1.26415,1.26439,2.63,1.50
2011.08.24 02:44:40.077,1.26414,1.26436,1.13,1.50
2011.08.24 02:44:44.793,1.26412,1.26436,1.88,1.50
2011.08.24 02:44:47.485,1.26412,1.26436,1.50,1.50
2011.08.24 02:44:48.484,1.26415,1.26438,1.50,1.50
2011.08.24 02:44:51.396,1.26416,1.26438,1.13,1.50
2011.08.24 02:44:51.516,1.26416,1.26438,1.13,1.50
2011.08.24 02:44:52.284,1.26417,1.26438,1.13,1.50
2011.08.24 02:44:52.753,1.26417,1.26438,1.13,1.50
2011.08.24 02:44:53.093,1.2642,1.26438,1.50,1.50
2011.08.24 02:44:53.215,1.2642,1.26439,1.88,1.50
2011.08.24 02:44:53.333,1.2642,1.26438,1.88,1.50
2011.08.24 02:44:57.703,1.2642,1.2644,1.88,1.50
2011.08.24 02:45:01.063,1.2642,1.2644,1.88,1.50
2011.08.24 02:45:08.874,1.2642,1.26438,1.50,1.50
2011.08.24 02:45:09.656,1.2642,1.26432,1.50,1.50
2011.08.24 02:45:09.886,1.26407,1.26432,1.50,2.25
2011.08.24 02:45:10.012,1.26404,1.26429,1.13,1.13
2011.08.24 02:45:10.428,1.26401,1.26422,1.23,1.50
2011.08.24 02:45:10.665,1.26395,1.26419,2.25,1.50
2011.08.24 02:45:11.737,1.26397,1.26421,1.13,1.50
2011.08.24 02:45:11.967,1.26397,1.26423,1.88,1.50
2011.08.24 02:45:14.864,1.26398,1.26425,1.50,1.50
2011.08.24 02:45:19.532,1.26398,1.26424,1.13,1.50
2011.08.24 02:45:19.648,1.26398,1.26426,1.13,1.88
2011.08.24 02:45:19.891,1.26397,1.26423,1.13,1.50
2011.08.24 02:45:20.663,1.26397,1.26423,1.13,1.50
2011.08.24 02:45:21.334,1.26395,1.26421,2.25,1.50
2011.08.24 02:45:21.565,1.26395,1.26421,1.50,1.50
2011.08.24 02:45:22.125,1.26391,1.26418,1.88,1.50
2011.08.24 02:45:22.834,1.26391,1.26418,1.13,1.50
2011.08.24 02:45:22.955,1.26389,1.26414,1.13,1.50
2011.08.24 02:45:23.183,1.26387,1.26413,1.50,1.50
2011.08.24 02:45:23.744,1.26386,1.26412,1.13,1.50
2011.08.24 02:45:25.516,1.26391,1.26414,1.13,1.50
2011.08.24 02:45:25.856,1.26392,1.26415,1.50,1.50
2011.08.24 02:45:25.974,1.26391,1.26415,1.13,1.50
2011.08.24 02:45:26.318,1.26394,1.2642,1.50,1.50
2011.08.24 02:45:26.544,1.26397,1.26426,1.88,1.50
2011.08.24 02:45:26.886,1.26404,1.26431,1.50,1.50
2011.08.24 02:45:27.116,1.26408,1.26433,1.50,1.13
2011.08.24 02:45:27.345,1.26408,1.26434,1.50,1.88
2011.08.24 02:45:27.693,1.26406,1.26434,1.50,1.13
2011.08.24 02:45:28.194,1.26406,1.26434,1.88,1.13
2011.08.24 02:45:28.995,1.26406,1.26434,1.13,1.13
2011.08.24 02:45:29.238,1.26403,1.26427,1.13,1.50
2011.08.24 02:45:29.359,1.264,1.26424,1.13,1.50
2011.08.24 02:45:29.478,1.26398,1.26423,1.13,1.88
2011.08.24 02:45:29.814,1.26394,1.26423,1.50,1.13
2011.08.24 02:45:29.938,1.26394,1.26423,1.50,1.13
2011.08.24 02:45:30.056,1.26393,1.26421,1.13,1.50
2011.08.24 02:45:31.557,1.26393,1.26423,1.13,1.88
2011.08.24 02:45:31.895,1.26392,1.26419,1.50,1.50
2011.08.24 02:45:32.017,1.26393,1.26419,1.50,2.25
2011.08.24 02:45:32.139,1.26388,1.26415,1.50,1.50
2011.08.24 02:45:32.803,1.26389,1.26415,1.50,1.50
2011.08.24 02:45:34.632,1.26389,1.26415,1.88,1.50
2011.08.24 02:45:34.966,1.26392,1.26418,1.88,1.50
2011.08.24 02:45:35.305,1.26396,1.26423,1.13,1.50
2011.08.24 02:45:36.165,1.264,1.26426,1.88,1.50
2011.08.24 02:45:36.966,1.264,1.26424,1.13,1.50
2011.08.24 02:45:37.306,1.26393,1.26421,1.13,1.50
2011.08.24 02:45:37.425,1.2639,1.26416,1.13,1.50
2011.08.24 02:45:37.657,1.2639,1.26413,1.13,1.50
2011.08.24 02:45:39.135,1.26389,1.26413,1.50,1.50
2011.08.24 02:45:40.923,1.26389,1.26414,1.88,1.50
2011.08.24 02:45:41.155,1.26391,1.26417,1.13,1.50
2011.08.24 02:45:41.276,1.26391,1.26416,1.50,1.50
2011.08.24 02:45:41.726,1.26395,1.26421,1.88,1.50
2011.08.24 02:45:42.173,1.26395,1.26421,2.25,1.50
2011.08.24 02:45:44.847,1.26395,1.26421,1.50,1.50
2011.08.24 02:45:47.750,1.26395,1.26421,1.13,1.50
2011.08.24 02:45:49.275,1.26395,1.26421,1.13,1.50
2011.08.24 02:45:49.394,1.26394,1.2642,1.50,1.50
2011.08.24 02:45:49.733,1.26392,1.26413,1.50,1.50
2011.08.24 02:45:55.124,1.26391,1.26416,1.13,1.50
2011.08.24 02:45:56.124,1.26392,1.26416,1.13,1.50
2011.08.24 02:45:56.355,1.26389,1.26412,1.13,1.50
2011.08.24 02:45:56.477,1.26387,1.26412,1.47,1.50
2011.08.24 02:45:57.473,1.26385,1.2641,1.13,1.50
2011.08.24 02:45:58.034,1.26385,1.2641,1.13,1.50
2011.08.24 02:46:00.412,1.26383,1.2641,1.88,1.50
2011.08.24 02:46:01.213,1.26385,1.2641,1.13,1.50
2011.08.24 02:46:04.133,1.26385,1.2641,1.13,1.50
2011.08.24 02:46:04.254,1.26383,1.2641,1.50,1.50
2011.08.24 02:46:04.486,1.26381,1.26406,1.13,1.50
2011.08.24 02:46:04.605,1.26379,1.26404,1.50,1.50
2011.08.24 02:46:06.633,1.26379,1.26404,1.13,1.50
2011.08.24 02:46:08.123,1.26381,1.26405,1.13,1.50
2011.08.24 02:46:08.463,1.26379,1.26402,1.50,1.50
2011.08.24 02:46:09.353,1.26379,1.26402,1.50,1.50
2011.08.24 02:46:14.159,1.26377,1.26401,3.23,1.50
2011.08.24 02:46:14.624,1.26376,1.26399,1.50,1.50
2011.08.24 02:46:15.213,1.26376,1.26399,1.50,1.50
2011.08.24 02:46:15.658,1.26372,1.26398,1.88,1.50
2011.08.24 02:46:15.993,1.26372,1.26398,1.13,1.50
2011.08.24 02:46:16.325,1.2637,1.26398,1.73,1.50
2011.08.24 02:46:16.444,1.2637,1.26398,2.48,1.50
2011.08.24 02:46:16.784,1.26376,1.26403,1.13,1.50
2011.08.24 02:46:17.013,1.26377,1.26403,1.50,1.50
2011.08.24 02:46:18.114,1.26377,1.26404,1.50,1.88
2011.08.24 02:46:19.573,1.26377,1.26403,1.50,1.50
2011.08.24 02:46:19.903,1.26377,1.26403,1.50,1.50
2011.08.24 02:46:20.453,1.26377,1.26403,1.88,1.50
2011.08.24 02:46:20.903,1.26377,1.26404,1.88,1.50
2011.08.24 02:46:21.544,1.26377,1.26403,1.88,1.50
2011.08.24 02:46:24.402,1.26377,1.26403,1.13,1.50
2011.08.24 02:46:29.475,1.26372,1.264,3.00,1.50
2011.08.24 02:46:29.593,1.26373,1.264,1.13,1.50
2011.08.24 02:46:29.826,1.26371,1.26397,1.50,1.50
2011.08.24 02:46:30.166,1.26365,1.26394,1.88,1.88
2011.08.24 02:46:30.725,1.26366,1.26394,1.13,1.88
2011.08.24 02:46:32.703,1.26366,1.26394,1.88,1.88
2011.08.24 02:46:32.823,1.26366,1.26394,1.13,1.88
2011.08.24 02:46:33.755,1.26365,1.26394,1.50,1.88
2011.08.24 02:46:34.223,1.26364,1.26394,1.50,1.88
2011.08.24 02:46:34.780,1.26366,1.26394,1.50,1.88
2011.08.24 02:46:37.936,1.26368,1.26394,1.50,1.50
2011.08.24 02:46:39.703,1.26367,1.26394,1.50,1.50
2011.08.24 02:46:40.263,1.26364,1.2639,1.50,1.88
2011.08.24 02:46:40.373,1.26364,1.26389,1.50,1.13
2011.08.24 02:46:40.922,1.26362,1.26389,1.50,1.13
2011.08.24 02:46:41.346,1.26364,1.26389,1.50,1.13
2011.08.24 02:46:43.285,1.26364,1.2639,1.88,1.50
2011.08.24 02:46:43.626,1.26363,1.2639,1.13,1.50
2011.08.24 02:46:44.184,1.2636,1.26387,1.50,2.63
2011.08.24 02:46:44.307,1.26358,1.26385,1.50,1.50
2011.08.24 02:46:44.536,1.26359,1.26385,1.50,1.50
2011.08.24 02:46:44.876,1.26363,1.26389,1.50,1.50
2011.08.24 02:46:44.994,1.26363,1.26391,1.50,2.25
2011.08.24 02:46:45.524,1.26363,1.2639,1.50,1.50
2011.08.24 02:46:46.083,1.26366,1.26391,1.13,2.25
2011.08.24 02:46:49.454,1.26368,1.26393,1.13,1.50
2011.08.24 02:46:49.576,1.26368,1.26394,1.13,1.50
2011.08.24 02:46:49.806,1.26368,1.26392,1.13,1.50
2011.08.24 02:46:50.363,1.26369,1.26392,1.13,1.50
2011.08.24 02:46:51.156,1.26369,1.26393,1.13,1.50
2011.08.24 02:46:51.386,1.26369,1.26395,1.88,1.50
2011.08.24 02:46:51.951,1.26369,1.26395,1.88,1.50
2011.08.24 02:46:53.283,1.26369,1.26395,2.25,1.50
2011.08.24 02:46:55.468,1.26375,1.26396,1.13,1.50
2011.08.24 02:46:55.917,1.26375,1.26399,1.13,1.09
2011.08.24 02:46:56.585,1.26381,1.26402,1.13,1.50
2011.08.24 02:46:56.704,1.26381,1.26408,1.13,1.50
2011.08.24 02:46:56.826,1.26383,1.26408,1.13,1.50
2011.08.24 02:46:57.934,1.26385,1.26409,1.13,1.50
2011.08.24 02:46:58.500,1.26386,1.26411,1.13,1.50
2011.08.24 02:46:58.723,1.26386,1.26411,1.13,1.50
2011.08.24 02:46:58.834,1.26386,1.26411,1.13,1.50
2011.08.24 02:46:59.065,1.26386,1.26413,1.13,1.50
2011.08.24 02:47:00.885,1.26383,1.26409,1.50,1.50
2011.08.24 02:47:01.225,1.26386,1.2641,1.13,1.50
2011.08.24 02:47:06.209,1.26388,1.26414,1.13,2.25
2011.08.24 02:47:06.331,1.26388,1.26416,1.88,1.50
2011.08.24 02:47:06.448,1.26388,1.26417,1.88,1.88
2011.08.24 02:47:06.784,1.26388,1.26416,1.88,1.50
2011.08.24 02:47:07.014,1.26388,1.26412,1.13,1.50
2011.08.24 02:47:07.574,1.26387,1.26412,1.13,1.50
2011.08.24 02:47:08.118,1.26386,1.26412,1.50,1.50
2011.08.24 02:47:08.458,1.26389,1.26415,1.13,1.50
2011.08.24 02:47:08.684,1.26391,1.26415,1.50,1.50
2011.08.24 02:47:11.133,1.26389,1.26414,1.13,1.50
2011.08.24 02:47:15.564,1.2639,1.26414,1.13,1.50
2011.08.24 02:47:21.064,1.26396,1.26422,1.13,1.50
2011.08.24 02:47:21.294,1.26397,1.26422,1.50,1.50
2011.08.24 02:47:21.853,1.26397,1.26422,1.50,1.50
2011.08.24 02:47:22.624,1.26396,1.26421,1.13,1.50
2011.08.24 02:47:22.745,1.26395,1.26421,1.50,1.50
2011.08.24 02:47:23.414,1.26392,1.26421,1.73,1.50
2011.08.24 02:47:27.138,1.26391,1.26416,1.13,1.50
2011.08.24 02:47:27.586,1.26387,1.26414,1.88,1.50
2011.08.24 02:47:27.704,1.26387,1.26414,1.13,1.50
2011.08.24 02:47:27.937,1.26383,1.2641,2.82,1.50
2011.08.24 02:47:28.055,1.26383,1.2641,1.73,1.50
2011.08.24 02:47:28.589,1.26383,1.26409,1.73,1.50
2011.08.24 02:47:29.193,1.26383,1.26408,1.13,1.50
2011.08.24 02:47:29.937,1.26384,1.26412,2.25,1.50
2011.08.24 02:47:30.167,1.26387,1.26412,1.13,1.50
2011.08.24 02:47:31.244,1.26387,1.26413,1.88,1.50
2011.08.24 02:47:31.803,1.26387,1.26413,1.88,1.50
2011.08.24 02:47:32.035,1.26387,1.26413,1.88,1.50
2011.08.24 02:47:32.484,1.26388,1.26413,1.13,1.50
2011.08.24 02:47:33.043,1.26388,1.26415,1.13,1.50
2011.08.24 02:47:36.244,1.26387,1.26415,1.88,1.50
2011.08.24 02:47:38.693,1.2639,1.26416,1.88,1.50
2011.08.24 02:47:39.087,1.26392,1.26419,1.50,1.13
2011.08.24 02:47:39.650,1.26392,1.26419,1.50,1.13
2011.08.24 02:47:41.115,1.26392,1.26419,1.50,1.13
2011.08.24 02:47:41.234,1.26397,1.26421,1.13,1.50
2011.08.24 02:47:41.465,1.26398,1.26426,1.13,1.50
2011.08.24 02:47:41.583,1.26399,1.26426,1.50,1.50
2011.08.24 02:47:42.255,1.26402,1.26427,1.13,1.50
2011.08.24 02:47:42.487,1.26405,1.2643,1.13,1.50
2011.08.24 02:47:44.067,1.26406,1.26432,1.13,1.50
2011.08.24 02:47:45.063,1.26407,1.26432,1.13,1.50
2011.08.24 02:47:47.635,1.26407,1.26432,1.13,1.50
2011.08.24 02:47:47.865,1.26407,1.26432,1.13,1.50
2011.08.24 02:47:50.574,1.26407,1.26432,1.13,1.50
2011.08.24 02:47:50.803,1.26407,1.26432,1.13,2.25
2011.08.24 02:47:51.474,1.26406,1.26432,1.13,1.50
2011.08.24 02:47:52.186,1.26414,1.26437,1.13,1.52
2011.08.24 02:47:52.306,1.26414,1.26439,1.13,1.50
2011.08.24 02:47:52.424,1.26415,1.2644,1.13,2.25
2011.08.24 02:47:52.546,1.26417,1.2644,1.13,1.50
2011.08.24 02:47:52.997,1.26412,1.26439,1.50,1.13
2011.08.24 02:47:53.224,1.26409,1.26435,1.13,1.50
2011.08.24 02:47:53.454,1.26407,1.26433,1.13,1.52
2011.08.24 02:47:54.984,1.26407,1.26432,1.73,1.50
2011.08.24 02:47:55.104,1.26407,1.26432,1.35,1.50
2011.08.24 02:47:55.335,1.26403,1.26431,1.50,1.13
2011.08.24 02:47:56.785,1.26403,1.26429,1.50,1.50
2011.08.24 02:47:57.124,1.26403,1.26431,1.50,1.13
2011.08.24 02:47:58.144,1.26403,1.26429,1.50,1.50
2011.08.24 02:48:01.034,1.26403,1.26431,1.50,1.88
2011.08.24 02:48:01.623,1.26404,1.2643,1.13,1.50
2011.08.24 02:48:05.044,1.26404,1.2643,1.88,1.50
2011.08.24 02:48:07.073,1.26404,1.26432,1.88,1.13
2011.08.24 02:48:08.313,1.26404,1.26432,1.88,1.13
2011.08.24 02:48:14.153,1.26404,1.26432,1.88,1.13
2011.08.24 02:48:16.954,1.26403,1.26432,1.13,1.13
2011.08.24 02:48:31.655,1.26401,1.26427,1.50,1.13
2011.08.24 02:48:34.095,1.26401,1.26427,1.50,1.13
2011.08.24 02:48:34.324,1.26398,1.26425,2.25,1.50
2011.08.24 02:48:34.774,1.26398,1.26427,2.25,1.13
2011.08.24 02:48:35.115,1.26398,1.26427,2.25,1.13
2011.08.24 02:48:35.236,1.264,1.26428,1.50,1.13
2011.08.24 02:48:50.194,1.264,1.26429,1.88,1.13
2011.08.24 02:48:52.033,1.26403,1.26432,1.13,1.50
2011.08.24 02:48:55.971,1.26403,1.26428,1.13,1.52
2011.08.24 02:48:56.195,1.26403,1.26433,1.13,1.52
2011.08.24 02:49:01.914,1.26403,1.26428,1.13,1.52
2011.08.24 02:49:07.857,1.26404,1.26428,1.13,1.52
2011.08.24 02:49:08.534,1.26403,1.26426,1.13,1.52
2011.08.24 02:49:08.763,1.26404,1.26428,1.13,1.52
2011.08.24 02:49:09.326,1.26404,1.26428,1.13,2.27
2011.08.24 02:49:10.109,1.26404,1.26428,1.13,1.52
2011.08.24 02:49:10.445,1.26406,1.26431,1.13,1.52
2011.08.24 02:49:15.522,1.26406,1.26431,1.13,1.52
2011.08.24 02:49:15.640,1.26407,1.26436,1.50,1.50
2011.08.24 02:49:15.758,1.264,1.26428,1.88,1.13
2011.08.24 02:49:15.880,1.26401,1.26427,1.13,1.50
2011.08.24 02:49:16.562,1.264,1.26428,1.50,1.13
2011.08.24 02:49:16.681,1.26399,1.26428,1.88,1.13
2011.08.24 02:49:16.905,1.264,1.26428,1.50,1.13
2011.08.24 02:49:17.796,1.264,1.26428,1.88,1.13
2011.08.24 02:49:18.425,1.264,1.26428,1.88,1.88
2011.08.24 02:49:19.768,1.264,1.26428,1.88,1.88
2011.08.24 02:49:23.197,1.26403,1.26428,1.88,1.50
2011.08.24 02:49:23.534,1.26403,1.2643,1.88,1.50
2011.08.24 02:49:24.424,1.26405,1.26431,1.13,1.50
2011.08.24 02:49:26.924,1.26405,1.26431,1.13,1.50
2011.08.24 02:49:27.044,1.26405,1.26431,1.13,1.50
2011.08.24 02:49:27.164,1.26405,1.26431,1.13,1.50
2011.08.24 02:49:27.723,1.26405,1.26432,1.13,1.50
2011.08.24 02:49:28.056,1.26405,1.26431,1.13,1.50
2011.08.24 02:49:30.965,1.26405,1.26428,1.13,1.52
2011.08.24 02:49:31.638,1.26404,1.26419,1.13,1.52
2011.08.24 02:49:31.867,1.26397,1.26419,1.13,2.27
2011.08.24 02:49:32.099,1.26386,1.26413,2.10,1.52
2011.08.24 02:49:32.218,1.26384,1.2641,1.50,1.88
2011.08.24 02:49:32.335,1.26382,1.26409,1.50,1.13
2011.08.24 02:49:32.894,1.26381,1.26409,1.13,1.88
2011.08.24 02:49:33.397,1.26381,1.26409,1.88,1.88
2011.08.24 02:49:33.955,1.26381,1.26409,1.88,1.13
2011.08.24 02:49:34.518,1.26385,1.26413,1.50,1.50
2011.08.24 02:49:34.745,1.26385,1.26414,1.50,1.88
2011.08.24 02:49:35.854,1.26387,1.26414,1.50,1.88
2011.08.24 02:49:36.454,1.26384,1.26414,1.88,1.88
2011.08.24 02:49:38.984,1.26387,1.26417,1.13,1.50
2011.08.24 02:49:39.109,1.26388,1.26417,1.50,1.50
2011.08.24 02:49:39.229,1.26387,1.26414,1.13,1.50
2011.08.24 02:49:39.347,1.26387,1.2641,1.13,1.52
2011.08.24 02:49:39.904,1.26385,1.26404,1.13,1.52
2011.08.24 02:49:40.467,1.26383,1.26402,1.13,1.52
2011.08.24 02:49:41.477,1.26383,1.26406,1.13,2.27
2011.08.24 02:49:42.015,1.26381,1.26403,1.13,2.27
2011.08.24 02:49:42.577,1.26379,1.26403,2.25,1.52
2011.08.24 02:49:43.211,1.26383,1.26403,1.13,1.52
2011.08.24 02:49:43.330,1.26382,1.26403,1.13,1.52
2011.08.24 02:49:43.885,1.26382,1.26403,1.13,1.52
2011.08.24 02:49:44.227,1.26382,1.26403,1.13,1.52
2011.08.24 02:49:44.566,1.26383,1.26403,1.13,1.52
2011.08.24 02:49:44.794,1.26383,1.26409,1.13,1.50
2011.08.24 02:49:45.354,1.26383,1.26409,1.13,1.50
2011.08.24 02:49:46.386,1.26383,1.2641,1.13,1.50
2011.08.24 02:49:47.618,1.26388,1.26413,1.50,1.52
2011.08.24 02:49:48.175,1.26387,1.26413,1.50,1.90
2011.08.24 02:49:48.734,1.26387,1.26413,1.50,1.90
2011.08.24 02:49:48.854,1.26387,1.26413,1.50,1.90
2011.08.24 02:49:49.437,1.26387,1.26413,1.50,1.52
2011.08.24 02:49:49.554,1.26389,1.26413,1.13,1.52
2011.08.24 02:49:50.446,1.26389,1.26413,1.13,1.52
2011.08.24 02:49:50.787,1.26389,1.26413,1.13,2.27
2011.08.24 02:49:51.015,1.26389,1.26413,1.13,1.52
2011.08.24 02:49:52.126,1.26389,1.26414,1.13,2.27
2011.08.24 02:49:52.685,1.26389,1.26414,1.13,1.52
2011.08.24 02:49:53.295,1.26388,1.26413,1.50,1.52
2011.08.24 02:49:54.094,1.26388,1.26412,2.25,1.50
2011.08.24 02:49:56.475,1.26388,1.26411,2.25,1.50
2011.08.24 02:49:58.650,1.26388,1.26409,1.50,2.27
2011.08.24 02:49:58.990,1.2638,1.26402,1.13,2.27
2011.08.24 02:49:59.108,1.2638,1.264,1.13,1.50
2011.08.24 02:49:59.225,1.26377,1.264,1.50,1.50
2011.08.24 02:49:59.777,1.26377,1.264,1.50,1.50
2011.08.24 02:50:00.337,1.26377,1.264,1.13,1.50
2011.08.24 02:50:00.674,1.26377,1.26401,1.13,1.50
2011.08.24 02:50:01.714,1.26377,1.26401,1.50,1.50
2011.08.24 02:50:05.685,1.26378,1.26401,1.50,2.25
2011.08.24 02:50:06.244,1.26381,1.26402,1.13,1.52
2011.08.24 02:50:07.093,1.26381,1.26404,1.13,2.63
2011.08.24 02:50:09.806,1.26381,1.26404,1.13,2.65
2011.08.24 02:50:10.367,1.26381,1.26401,1.13,1.52
2011.08.24 02:50:11.177,1.26381,1.26401,1.50,1.52
2011.08.24 02:50:13.418,1.2638,1.26403,1.50,1.41
2011.08.24 02:50:14.306,1.26382,1.26405,1.13,1.50
2011.08.24 02:50:14.426,1.26382,1.26404,1.13,1.41
2011.08.24 02:50:14.765,1.26383,1.26407,2.25,1.41
2011.08.24 02:50:15.105,1.26383,1.26408,1.50,1.50
2011.08.24 02:50:19.125,1.26385,1.26408,1.50,2.25
2011.08.24 02:50:25.645,1.26385,1.26406,1.88,1.50
2011.08.24 02:50:26.314,1.26385,1.26406,1.50,1.50
2011.08.24 02:50:27.137,1.26385,1.26403,1.50,1.41
2011.08.24 02:50:31.589,1.26389,1.26403,1.50,1.41
2011.08.24 02:50:31.817,1.2639,1.26408,1.50,1.50
2011.08.24 02:50:32.670,1.26392,1.26411,1.50,1.13
2011.08.24 02:50:32.793,1.26393,1.26412,1.50,1.50
2011.08.24 02:50:33.984,1.26393,1.26412,2.25,1.50
2011.08.24 02:50:34.436,1.26393,1.26416,2.63,1.50
2011.08.24 02:50:35.114,1.26393,1.26416,1.50,1.50
2011.08.24 02:50:37.268,1.26393,1.26416,1.13,1.50
2011.08.24 02:50:39.176,1.26393,1.26416,1.50,1.50
2011.08.24 02:50:39.902,1.26392,1.26416,1.88,1.50
2011.08.24 02:50:40.457,1.26392,1.26414,1.50,1.50
2011.08.24 02:50:41.893,1.26392,1.26414,1.50,1.50
2011.08.24 02:50:42.744,1.26392,1.26415,1.50,2.25
2011.08.24 02:50:44.054,1.26392,1.26415,1.50,2.25
2011.08.24 02:50:46.185,1.26392,1.26415,1.13,2.25
2011.08.24 02:50:46.559,1.26392,1.26415,1.13,2.25
2011.08.24 02:50:53.204,1.26392,1.26415,1.13,1.50
2011.08.24 02:50:58.805,1.26391,1.26417,1.13,1.50
2011.08.24 02:51:00.936,1.26397,1.26416,1.50,1.50
2011.08.24 02:51:01.165,1.26403,1.26416,1.13,1.50
2011.08.24 02:51:01.288,1.26405,1.26423,1.13,2.01
2011.08.24 02:51:02.064,1.26401,1.26422,1.88,1.41
2011.08.24 02:51:02.295,1.264,1.26422,1.50,1.41
2011.08.24 02:51:02.419,1.26398,1.26418,1.50,1.13
2011.08.24 02:51:02.535,1.26394,1.26417,1.13,1.50
2011.08.24 02:51:02.655,1.26389,1.26417,1.13,2.25
2011.08.24 02:51:02.775,1.26388,1.26413,1.13,1.50
2011.08.24 02:51:02.893,1.26388,1.26413,1.13,1.50
2011.08.24 02:51:03.457,1.2638,1.26408,1.88,1.50
2011.08.24 02:51:03.575,1.2638,1.26406,1.88,1.50
2011.08.24 02:51:03.696,1.2638,1.26406,1.13,1.50
2011.08.24 02:51:04.431,1.2638,1.26406,1.13,1.50
2011.08.24 02:51:05.270,1.26376,1.26401,1.50,1.50
2011.08.24 02:51:05.387,1.26376,1.26401,1.50,1.50
2011.08.24 02:51:05.508,1.2638,1.26403,1.13,1.50
2011.08.24 02:51:05.957,1.26385,1.26408,1.50,1.50
2011.08.24 02:51:06.076,1.26385,1.26408,1.50,1.50
2011.08.24 02:51:06.526,1.26387,1.2641,1.50,1.50
2011.08.24 02:51:06.755,1.2639,1.26413,1.13,1.50
2011.08.24 02:51:08.046,1.2639,1.26413,1.13,2.25
2011.08.24 02:51:15.165,1.26385,1.26412,1.13,1.88
2011.08.24 02:51:15.395,1.26383,1.26412,1.13,1.13
2011.08.24 02:51:15.843,1.26383,1.26412,1.13,1.88
2011.08.24 02:51:18.766,1.26387,1.26413,1.13,1.50
2011.08.24 02:51:19.197,1.26387,1.26412,1.13,1.50
2011.08.24 02:51:19.755,1.26387,1.26412,1.13,1.50
2011.08.24 02:51:21.134,1.26387,1.26412,1.88,1.50
2011.08.24 02:51:21.474,1.26397,1.26416,1.50,1.13
2011.08.24 02:51:21.705,1.26389,1.26416,1.50,1.88
2011.08.24 02:51:21.825,1.26387,1.2641,1.13,1.50
2011.08.24 02:51:26.674,1.26384,1.26411,1.50,1.50
2011.08.24 02:51:26.905,1.26383,1.26412,1.88,1.50
2011.08.24 02:51:28.204,1.26383,1.26411,1.88,1.50
2011.08.24 02:51:31.275,1.26383,1.26409,2.63,1.50
2011.08.24 02:51:31.395,1.26383,1.26411,2.63,1.50
2011.08.24 02:51:33.873,1.26387,1.26411,1.88,1.50
2011.08.24 02:51:34.436,1.26397,1.26417,1.13,1.50
2011.08.24 02:51:34.755,1.26398,1.26419,1.13,1.50
2011.08.24 02:51:34.883,1.26398,1.26426,1.13,1.50
2011.08.24 02:51:41.147,1.26395,1.26419,2.63,1.50
2011.08.24 02:51:41.486,1.26392,1.26418,1.50,1.50
2011.08.24 02:51:42.044,1.26392,1.26418,1.13,1.50
2011.08.24 02:51:44.245,1.2639,1.26417,1.50,1.13
2011.08.24 02:51:44.366,1.26389,1.26415,1.50,1.50
2011.08.24 02:51:44.491,1.26387,1.26413,1.88,1.50
2011.08.24 02:51:49.057,1.26384,1.2641,1.50,1.50
2011.08.24 02:51:49.618,1.26387,1.26411,1.13,1.50
2011.08.24 02:51:50.175,1.26388,1.26413,1.13,1.50
2011.08.24 02:51:51.736,1.26391,1.26413,1.50,1.50
2011.08.24 02:51:51.858,1.26395,1.26421,2.63,2.25
2011.08.24 02:51:51.977,1.26396,1.26423,1.50,1.88
2011.08.24 02:51:52.096,1.26398,1.26423,1.50,1.88
2011.08.24 02:51:53.015,1.26395,1.26421,1.50,1.50
2011.08.24 02:51:53.383,1.26391,1.26416,1.13,1.50
2011.08.24 02:51:53.502,1.26392,1.26417,1.50,1.50
2011.08.24 02:51:54.056,1.26393,1.26417,1.13,1.50
2011.08.24 02:51:54.614,1.26393,1.26417,1.13,1.50
2011.08.24 02:51:55.614,1.26393,1.26417,1.13,1.50
2011.08.24 02:51:56.063,1.26394,1.26417,1.13,1.50
2011.08.24 02:51:56.613,1.26393,1.26417,1.88,1.50
2011.08.24 02:51:57.168,1.26393,1.26417,1.50,1.50
2011.08.24 02:51:58.057,1.26389,1.26416,1.88,1.50
2011.08.24 02:51:58.982,1.26389,1.26415,1.88,1.50
2011.08.24 02:51:59.438,1.26389,1.26415,1.13,1.50
2011.08.24 02:51:59.884,1.2639,1.26416,1.50,1.50
2011.08.24 02:52:00.115,1.26387,1.26412,1.13,1.50
2011.08.24 02:52:00.455,1.26385,1.26411,1.88,1.50
2011.08.24 02:52:01.016,1.26385,1.26411,1.50,1.50
2011.08.24 02:52:02.127,1.26384,1.2641,1.50,1.50
2011.08.24 02:52:02.363,1.26382,1.2641,1.50,1.88
2011.08.24 02:52:02.694,1.26378,1.26404,2.63,1.50
2011.08.24 02:52:03.033,1.2638,1.26404,1.50,1.50
2011.08.24 02:52:05.128,1.2638,1.26403,1.50,1.50
2011.08.24 02:52:06.757,1.26387,1.26405,1.50,1.50
2011.08.24 02:52:06.987,1.26387,1.2641,1.88,2.25
2011.08.24 02:52:07.215,1.26387,1.2641,1.88,2.25
2011.08.24 02:52:10.534,1.26387,1.2641,1.88,1.50
2011.08.24 02:52:13.647,1.2639,1.26411,1.88,1.50
2011.08.24 02:52:13.767,1.2639,1.26411,1.88,1.50
2011.08.24 02:52:15.527,1.26391,1.26409,1.13,1.50
2011.08.24 02:52:15.649,1.26391,1.2641,1.13,1.50
2011.08.24 02:52:16.205,1.2639,1.26412,1.88,2.16
2011.08.24 02:52:24.146,1.2639,1.26412,1.88,2.16
2011.08.24 02:52:26.325,1.26386,1.26409,1.88,1.50
2011.08.24 02:52:26.884,1.26386,1.26409,1.50,1.50
2011.08.24 02:52:30.977,1.26387,1.2641,1.13,1.50
2011.08.24 02:52:32.594,1.26387,1.2641,1.13,1.50
2011.08.24 02:52:34.007,1.26385,1.2641,1.50,1.50
2011.08.24 02:52:37.497,1.26389,1.26412,1.13,1.41
2011.08.24 02:52:38.936,1.26386,1.26412,1.13,1.79
2011.08.24 02:52:39.714,1.26386,1.26412,1.13,1.41
2011.08.24 02:52:48.683,1.26382,1.26408,1.13,1.50
2011.08.24 02:52:48.798,1.26379,1.26404,1.88,1.50
2011.08.24 02:52:49.025,1.26379,1.26404,1.88,1.50
2011.08.24 02:52:49.148,1.26378,1.26404,1.13,1.50
2011.08.24 02:52:49.486,1.26375,1.26398,1.84,1.50
2011.08.24 02:52:54.356,1.26379,1.26405,1.13,1.50
2011.08.24 02:52:56.845,1.26379,1.26402,1.13,1.50
2011.08.24 02:52:57.263,1.26377,1.264,1.13,1.50
2011.08.24 02:52:57.493,1.26372,1.264,1.13,1.88
2011.08.24 02:52:57.612,1.26378,1.26403,1.13,1.50
2011.08.24 02:52:57.837,1.26378,1.26405,1.88,1.50
2011.08.24 02:53:00.806,1.26378,1.26407,1.13,1.50
2011.08.24 02:53:00.929,1.26376,1.264,1.13,1.50
2011.08.24 02:53:01.046,1.26375,1.264,1.13,1.50
2011.08.24 02:53:01.605,1.26375,1.264,1.13,1.50
2011.08.24 02:53:02.952,1.26374,1.26399,1.13,2.25
2011.08.24 02:53:03.298,1.26365,1.26393,1.13,1.50
2011.08.24 02:53:05.017,1.26365,1.26392,1.13,1.50
2011.08.24 02:53:05.245,1.26364,1.26392,1.50,1.88
2011.08.24 02:53:05.367,1.26362,1.26392,1.88,1.88
2011.08.24 02:53:09.795,1.26362,1.26392,1.88,1.13
2011.08.24 02:53:10.025,1.26362,1.26392,1.88,1.13
2011.08.24 02:53:11.535,1.26362,1.26392,1.88,1.13
2011.08.24 02:53:12.204,1.26364,1.26392,1.50,1.88
2011.08.24 02:53:12.764,1.26364,1.26392,1.50,1.13
2011.08.24 02:53:14.736,1.26362,1.26392,1.88,1.13
2011.08.24 02:53:15.587,1.26365,1.26393,1.50,1.13
2011.08.24 02:53:16.034,1.26366,1.26395,1.13,1.13
2011.08.24 02:53:16.594,1.26366,1.26395,1.13,1.13
2011.08.24 02:53:17.675,1.26366,1.26395,1.13,1.88
2011.08.24 02:53:17.907,1.26366,1.26395,1.13,1.88
2011.08.24 02:53:18.955,1.26365,1.26393,1.50,1.50
2011.08.24 02:53:22.578,1.26365,1.2639,1.88,1.50
2011.08.24 02:53:22.697,1.26361,1.2639,1.13,1.88
2011.08.24 02:53:22.819,1.26361,1.2639,1.13,1.88
2011.08.24 02:53:23.594,1.26361,1.2639,1.13,1.88
2011.08.24 02:53:24.485,1.26361,1.2639,1.13,2.25
2011.08.24 02:53:24.717,1.26361,1.2639,1.13,2.25
2011.08.24 02:53:24.836,1.26361,1.2639,1.13,2.25
2011.08.24 02:53:25.395,1.26361,1.26391,1.13,2.25
2011.08.24 02:53:25.821,1.26376,1.26395,1.13,1.50
2011.08.24 02:53:25.936,1.26369,1.26391,1.13,1.50
2011.08.24 02:53:26.606,1.26367,1.2639,1.13,1.50
2011.08.24 02:53:27.500,1.26368,1.26389,1.88,1.50
2011.08.24 02:53:28.397,1.26368,1.26391,1.50,1.50
2011.08.24 02:53:29.963,1.26366,1.2639,1.13,2.10
2011.08.24 02:53:30.674,1.26363,1.26392,1.13,2.63
2011.08.24 02:53:33.641,1.26359,1.26383,2.63,1.50
2011.08.24 02:53:33.866,1.26359,1.26381,1.13,1.13
2011.08.24 02:53:34.206,1.26359,1.26383,1.13,1.50
2011.08.24 02:53:34.764,1.26357,1.26381,1.88,1.50
2011.08.24 02:53:37.019,1.26357,1.26381,1.50,1.50
2011.08.24 02:53:37.360,1.26357,1.26381,1.13,2.25
2011.08.24 02:53:37.914,1.26356,1.26381,1.50,1.50
2011.08.24 02:53:38.686,1.26354,1.26381,1.88,1.50
2011.08.24 02:53:38.916,1.26359,1.26382,1.13,1.50
2011.08.24 02:53:39.145,1.26355,1.26381,1.50,1.50
2011.08.24 02:53:39.487,1.26356,1.26378,1.88,1.50
2011.08.24 02:53:40.497,1.26356,1.26378,1.88,1.50
2011.08.24 02:53:40.728,1.26356,1.26378,1.88,1.50
2011.08.24 02:53:40.848,1.26353,1.26376,1.50,1.50
2011.08.24 02:53:41.085,1.26354,1.26376,1.13,1.50
2011.08.24 02:53:41.647,1.26357,1.26378,1.50,1.50
2011.08.24 02:53:41.990,1.26359,1.26373,1.13,1.41
2011.08.24 02:53:42.109,1.26354,1.26373,1.50,1.41
2011.08.24 02:53:42.665,1.26355,1.26377,1.13,2.10
2011.08.24 02:53:43.224,1.26355,1.26378,1.50,1.50
2011.08.24 02:53:44.007,1.26354,1.26375,1.50,1.50
2011.08.24 02:53:44.785,1.26354,1.26375,1.13,1.50
2011.08.24 02:53:44.906,1.26354,1.26375,1.50,1.50
2011.08.24 02:53:45.245,1.26353,1.26375,1.50,1.50
2011.08.24 02:53:47.285,1.26351,1.26376,1.13,2.63
2011.08.24 02:53:47.406,1.26351,1.26376,1.13,1.13
2011.08.24 02:53:47.857,1.26354,1.26382,1.50,1.50
2011.08.24 02:53:47.977,1.26354,1.26379,1.50,1.50
2011.08.24 02:53:48.451,1.26355,1.26382,1.50,1.50
2011.08.24 02:53:48.564,1.26354,1.26383,1.50,2.16
2011.08.24 02:53:48.686,1.26353,1.26382,1.88,1.50
2011.08.24 02:53:48.914,1.26353,1.26382,1.88,1.50
2011.08.24 02:53:50.367,1.26356,1.26381,1.13,1.50
2011.08.24 02:53:50.925,1.26356,1.26382,1.13,1.50
2011.08.24 02:53:51.155,1.26356,1.26382,1.13,1.50
2011.08.24 02:53:51.713,1.26355,1.26383,1.50,1.88
2011.08.24 02:53:53.998,1.2636,1.26384,1.13,1.50
2011.08.24 02:53:54.226,1.2636,1.26384,1.13,1.50
2011.08.24 02:53:54.785,1.26364,1.26387,1.13,1.50
2011.08.24 02:53:54.905,1.26364,1.2639,1.13,1.50
2011.08.24 02:53:55.134,1.26364,1.26389,1.13,1.50
2011.08.24 02:53:55.915,1.26363,1.26389,1.13,2.25
2011.08.24 02:53:57.245,1.2636,1.26385,1.50,1.50
2011.08.24 02:53:59.365,1.26363,1.26383,1.13,1.50
2011.08.24 02:53:59.924,1.26359,1.26383,1.50,1.50
2011.08.24 02:54:00.047,1.26357,1.26383,1.50,2.25
2011.08.24 02:54:00.496,1.26355,1.26381,1.50,1.13
2011.08.24 02:54:00.620,1.26355,1.26381,1.50,2.63
2011.08.24 02:54:00.852,1.26351,1.26377,1.50,1.13
2011.08.24 02:54:02.176,1.26349,1.26377,2.25,1.13
2011.08.24 02:54:02.628,1.26349,1.26376,2.25,1.13
2011.08.24 02:54:03.178,1.26346,1.26372,1.50,1.50
2011.08.24 02:54:03.409,1.26343,1.2637,1.88,1.50
2011.08.24 02:54:03.860,1.26343,1.26373,1.88,1.13
2011.08.24 02:54:03.976,1.26344,1.26374,1.88,1.88
2011.08.24 02:54:04.098,1.26344,1.26374,1.88,1.88
2011.08.24 02:54:04.217,1.26349,1.26374,1.88,1.50
2011.08.24 02:54:04.447,1.26349,1.26376,1.13,2.25
2011.08.24 02:54:04.896,1.26351,1.26374,1.13,1.50
2011.08.24 02:54:06.885,1.26349,1.26372,1.50,1.50
2011.08.24 02:54:10.274,1.26349,1.26374,1.88,2.25
2011.08.24 02:54:10.617,1.26351,1.26372,1.50,1.50
2011.08.24 02:54:11.066,1.26347,1.26369,1.13,1.50
2011.08.24 02:54:12.464,1.26347,1.26369,1.13,2.25
2011.08.24 02:54:13.784,1.26344,1.26367,1.50,1.50
2011.08.24 02:54:14.456,1.26344,1.26363,1.13,1.41
2011.08.24 02:54:14.797,1.26339,1.26363,1.13,2.16
2011.08.24 02:54:15.135,1.26333,1.26352,1.88,1.41
2011.08.24 02:54:16.137,1.2633,1.26352,1.13,1.41
2011.08.24 02:54:16.588,1.26331,1.26354,1.13,1.50
2011.08.24 02:54:19.865,1.26331,1.26354,2.25,1.50
2011.08.24 02:54:25.165,1.26335,1.2636,1.13,1.50
2011.08.24 02:54:27.996,1.26335,1.2636,1.13,2.18
2011.08.24 02:54:29.547,1.26331,1.26355,1.50,1.50
2011.08.24 02:54:29.776,1.26335,1.26358,1.13,1.50
2011.08.24 02:54:30.754,1.2633,1.26355,1.13,1.50
2011.08.24 02:54:31.314,1.26331,1.26358,1.13,1.50
2011.08.24 02:54:31.957,1.26331,1.26358,1.88,1.50
2011.08.24 02:54:32.077,1.26331,1.26359,1.88,1.88
2011.08.24 02:54:32.529,1.26331,1.26358,1.88,1.50
2011.08.24 02:54:32.651,1.26327,1.26354,1.88,1.50
2011.08.24 02:54:32.768,1.2633,1.26355,1.13,1.50
2011.08.24 02:54:33.105,1.26332,1.26361,1.50,1.13
2011.08.24 02:54:33.886,1.26335,1.26362,1.50,1.50
2011.08.24 02:54:34.342,1.26338,1.26364,1.88,1.50
2011.08.24 02:54:34.844,1.26335,1.26363,1.13,1.88
2011.08.24 02:54:35.625,1.26335,1.26362,1.13,1.50
2011.08.24 02:54:35.746,1.26334,1.26362,1.88,1.50
2011.08.24 02:54:36.415,1.26335,1.26361,1.13,1.50
2011.08.24 02:54:36.974,1.26335,1.26362,1.13,1.50
2011.08.24 02:54:37.976,1.26335,1.26362,1.13,1.50
2011.08.24 02:54:38.796,1.26334,1.26362,1.13,2.25
2011.08.24 02:54:39.356,1.26334,1.26362,1.13,1.50
2011.08.24 02:54:41.125,1.26334,1.26364,1.13,1.88
2011.08.24 02:54:41.625,1.26334,1.26364,1.88,1.13
2011.08.24 02:54:41.754,1.26339,1.26367,1.13,1.88
2011.08.24 02:54:44.594,1.26338,1.26367,1.50,1.50
2011.08.24 02:54:46.998,1.26344,1.26367,1.13,1.50
2011.08.24 02:54:51.628,1.26346,1.2637,1.13,1.50
2011.08.24 02:54:52.186,1.26347,1.26371,1.13,1.50
2011.08.24 02:54:53.076,1.26347,1.26371,1.13,1.50
2011.08.24 02:54:53.419,1.26347,1.26373,1.13,1.50
2011.08.24 02:54:53.540,1.26351,1.26377,1.13,1.84
2011.08.24 02:54:53.765,1.26351,1.26377,2.25,1.09
2011.08.24 02:54:54.349,1.26356,1.26382,1.13,1.09
2011.08.24 02:54:55.496,1.26356,1.26382,1.13,1.09
2011.08.24 02:54:57.296,1.26356,1.26382,1.13,1.09
2011.08.24 02:54:57.638,1.26356,1.26382,2.25,1.09
2011.08.24 02:54:58.196,1.26362,1.26386,1.13,1.50
2011.08.24 02:54:58.756,1.26363,1.26387,1.13,1.50
2011.08.24 02:54:59.827,1.26359,1.26385,1.13,1.50
2011.08.24 02:54:59.948,1.26359,1.26385,1.13,2.25
2011.08.24 02:55:00.836,1.26359,1.26384,1.13,1.50
2011.08.24 02:55:01.649,1.26356,1.26381,1.50,1.50
2011.08.24 02:55:02.425,1.26355,1.26383,1.88,2.25
2011.08.24 02:55:02.655,1.26355,1.2638,1.13,1.50
2011.08.24 02:55:02.779,1.26354,1.26382,1.13,1.50
2011.08.24 02:55:03.554,1.26354,1.26382,1.50,1.50
2011.08.24 02:55:04.005,1.26357,1.26383,1.13,1.50
2011.08.24 02:55:04.898,1.2636,1.26384,1.13,1.09
2011.08.24 02:55:05.456,1.26361,1.26384,1.13,1.09
2011.08.24 02:55:05.915,1.26362,1.26387,1.13,1.50
2011.08.24 02:55:06.036,1.26362,1.26388,1.13,2.10
2011.08.24 02:55:06.156,1.26362,1.2639,1.13,2.25
2011.08.24 02:55:06.387,1.26363,1.26389,1.50,1.13
2011.08.24 02:55:06.505,1.26363,1.26389,1.50,1.13
2011.08.24 02:55:07.066,1.26363,1.26392,1.50,1.47
2011.08.24 02:55:08.637,1.26363,1.26388,1.50,1.13
2011.08.24 02:55:08.761,1.26361,1.26386,1.50,1.13
2011.08.24 02:55:09.098,1.26359,1.26383,1.50,1.13
2011.08.24 02:55:09.986,1.26359,1.26383,1.50,1.13
2011.08.24 02:55:11.938,1.26359,1.26385,1.50,1.50
2011.08.24 02:55:12.055,1.26359,1.26385,1.50,1.50
2011.08.24 02:55:12.507,1.26355,1.26381,1.50,1.13
2011.08.24 02:55:13.798,1.26355,1.26381,1.50,1.13
2011.08.24 02:55:14.355,1.26355,1.26381,1.50,1.13
2011.08.24 02:55:15.267,1.26355,1.26381,1.50,1.13
2011.08.24 02:55:15.872,1.26354,1.2638,1.13,1.13
2011.08.24 02:55:18.975,1.26354,1.26382,1.50,1.50
2011.08.24 02:55:19.204,1.26353,1.26381,1.88,1.13
2011.08.24 02:55:20.916,1.26355,1.26383,1.50,1.88
2011.08.24 02:55:22.136,1.26353,1.26381,1.13,1.13
2011.08.24 02:55:22.366,1.26353,1.26379,1.13,1.50
2011.08.24 02:55:23.148,1.26354,1.26382,1.13,1.13
2011.08.24 02:55:23.268,1.26354,1.26382,1.50,1.13
2011.08.24 02:55:23.495,1.26355,1.26384,1.13,1.13
2011.08.24 02:55:24.055,1.26357,1.26384,1.50,1.13
2011.08.24 02:55:24.616,1.26357,1.26386,1.50,1.13
2011.08.24 02:55:26.819,1.2636,1.26386,1.50,1.13
2011.08.24 02:55:27.160,1.26363,1.26387,1.50,1.13
2011.08.24 02:55:27.499,1.26355,1.26384,1.13,1.13
2011.08.24 02:55:27.615,1.26355,1.26384,1.13,1.88
2011.08.24 02:55:28.284,1.26355,1.26382,1.13,2.25
2011.08.24 02:55:28.408,1.26355,1.26382,1.13,2.25
2011.08.24 02:55:29.226,1.26355,1.2638,1.13,1.50
2011.08.24 02:55:30.539,1.26348,1.26372,1.13,1.50
2011.08.24 02:55:30.875,1.26349,1.26375,1.50,1.88
2011.08.24 02:55:31.434,1.26346,1.26373,1.50,1.50
2011.08.24 02:55:32.109,1.26344,1.26371,1.50,1.13
2011.08.24 02:55:32.229,1.26344,1.26368,1.50,2.25
2011.08.24 02:55:32.785,1.26339,1.26367,1.50,1.13
2011.08.24 02:55:33.125,1.26343,1.26371,1.13,2.63
2011.08.24 02:55:33.246,1.26343,1.26371,1.13,2.63
2011.08.24 02:55:33.915,1.26343,1.2637,1.13,1.50
2011.08.24 02:55:34.476,1.26344,1.2637,1.13,1.50
2011.08.24 02:55:34.596,1.26344,1.26371,1.13,2.25
2011.08.24 02:55:35.154,1.26344,1.26372,1.13,1.50
2011.08.24 02:55:36.086,1.26346,1.26372,1.13,1.50
2011.08.24 02:55:36.757,1.26346,1.26372,1.13,1.50
2011.08.24 02:55:36.988,1.26346,1.26375,1.13,1.50
2011.08.24 02:55:37.988,1.26347,1.26376,1.13,1.50
2011.08.24 02:55:38.546,1.26347,1.26375,1.13,1.50
2011.08.24 02:55:40.000,1.26347,1.26371,1.13,1.50
2011.08.24 02:55:40.556,1.26347,1.26376,1.13,2.25
2011.08.24 02:55:40.784,1.26347,1.26372,1.13,1.50
2011.08.24 02:55:43.865,1.26345,1.26371,1.13,1.50
2011.08.24 02:55:44.204,1.26343,1.26367,1.13,1.50
2011.08.24 02:55:44.686,1.26343,1.26368,1.88,2.25
2011.08.24 02:55:44.808,1.26341,1.26366,1.88,1.50
2011.08.24 02:55:45.375,1.26341,1.26365,1.88,1.50
2011.08.24 02:55:47.035,1.26341,1.26365,2.25,1.50
2011.08.24 02:55:47.685,1.26343,1.26366,1.13,1.50
2011.08.24 02:55:48.248,1.26343,1.26368,1.13,1.50
2011.08.24 02:55:48.586,1.26343,1.26367,1.13,1.50
2011.08.24 02:55:52.385,1.26344,1.26368,2.25,1.50
2011.08.24 02:55:54.844,1.26344,1.26368,1.50,1.50
2011.08.24 02:55:57.711,1.26341,1.26359,1.50,1.50
2011.08.24 02:55:58.049,1.26347,1.2637,1.50,1.50
2011.08.24 02:55:58.173,1.26352,1.26372,1.50,1.50
2011.08.24 02:55:58.399,1.26352,1.26375,1.50,2.25
2011.08.24 02:55:58.833,1.26352,1.26375,1.50,1.50
2011.08.24 02:55:59.626,1.26352,1.26375,1.50,1.50
2011.08.24 02:56:00.957,1.2635,1.26371,1.13,1.13
2011.08.24 02:56:01.516,1.26346,1.26371,1.13,1.50
2011.08.24 02:56:05.116,1.26345,1.26371,1.13,2.25
2011.08.24 02:56:05.674,1.26345,1.26371,1.13,1.50
2011.08.24 02:56:05.904,1.26345,1.26371,1.13,1.50
2011.08.24 02:56:06.495,1.26345,1.26371,1.13,1.50
2011.08.24 02:56:08.147,1.26345,1.26371,1.13,1.50
2011.08.24 02:56:08.654,1.26345,1.26371,1.13,1.50
2011.08.24 02:56:09.887,1.26345,1.26368,1.13,1.50
2011.08.24 02:56:10.119,1.26345,1.26371,1.13,1.50
2011.08.24 02:56:10.678,1.26345,1.26371,1.13,1.50
2011.08.24 02:56:12.327,1.26345,1.26371,1.13,2.25
2011.08.24 02:56:12.664,1.26345,1.26371,1.13,1.50
2011.08.24 02:56:14.914,1.26345,1.26371,1.13,2.25
2011.08.24 02:56:15.245,1.26342,1.26368,1.50,1.13
2011.08.24 02:56:15.585,1.26339,1.26365,1.13,1.50
2011.08.24 02:56:16.367,1.26338,1.26366,1.50,2.63
2011.08.24 02:56:16.486,1.26338,1.26365,1.50,2.85
2011.08.24 02:56:16.607,1.26338,1.26362,1.50,1.50
2011.08.24 02:56:17.129,1.26338,1.26362,1.50,1.50
2011.08.24 02:56:17.575,1.26338,1.26362,1.50,1.50
2011.08.24 02:56:18.135,1.26339,1.26362,1.13,1.50
2011.08.24 02:56:19.837,1.26341,1.26364,1.13,1.50
2011.08.24 02:56:20.177,1.26333,1.26354,1.50,1.13
2011.08.24 02:56:20.298,1.26327,1.26354,1.50,1.88
2011.08.24 02:56:20.529,1.2633,1.26353,1.50,1.50
2011.08.24 02:56:20.866,1.26321,1.26348,1.13,1.50
2011.08.24 02:56:21.426,1.26321,1.26348,1.13,1.50
2011.08.24 02:56:22.025,1.26317,1.26342,1.13,1.50
2011.08.24 02:56:22.147,1.26316,1.26341,1.50,1.50
2011.08.24 02:56:22.377,1.26312,1.26337,1.50,1.88
2011.08.24 02:56:22.606,1.26312,1.26336,1.50,1.50
2011.08.24 02:56:22.944,1.2631,1.26336,1.50,1.50
2011.08.24 02:56:23.285,1.2631,1.26335,1.50,1.13
2011.08.24 02:56:23.845,1.2631,1.26336,1.88,1.50
2011.08.24 02:56:23.967,1.26315,1.2634,1.13,1.50
2011.08.24 02:56:24.090,1.26315,1.26341,1.88,1.50
2011.08.24 02:56:24.324,1.26319,1.26343,1.50,1.50
2011.08.24 02:56:24.548,1.26325,1.26352,2.25,1.50
2011.08.24 02:56:25.104,1.26327,1.26353,3.00,1.88
2011.08.24 02:56:25.216,1.26327,1.26352,2.25,1.50
2011.08.24 02:56:25.558,1.2632,1.26346,1.50,1.13
2011.08.24 02:56:26.002,1.26318,1.26344,1.50,1.13
2011.08.24 02:56:26.224,1.26315,1.26343,1.50,1.50
2011.08.24 02:56:26.454,1.26315,1.26342,1.50,1.50
2011.08.24 02:56:27.014,1.26315,1.26341,1.50,1.88
2011.08.24 02:56:27.134,1.26315,1.26341,1.50,1.13
2011.08.24 02:56:28.567,1.26315,1.26341,1.50,1.13
2011.08.24 02:56:28.692,1.26311,1.26337,1.50,1.50
2011.08.24 02:56:28.807,1.2631,1.26336,1.13,1.50
2011.08.24 02:56:29.146,1.26308,1.26332,1.50,2.25
2011.08.24 02:56:29.380,1.26303,1.26327,1.50,1.13
2011.08.24 02:56:29.936,1.26302,1.26327,1.50,1.13
2011.08.24 02:56:30.605,1.26302,1.26326,1.50,1.13
2011.08.24 02:56:31.172,1.26302,1.26328,1.50,1.50
2011.08.24 02:56:31.292,1.26302,1.2633,1.50,1.13
2011.08.24 02:56:31.847,1.26304,1.2633,1.50,1.13
2011.08.24 02:56:32.865,1.26305,1.26334,1.50,1.88
2011.08.24 02:56:32.987,1.26307,1.26334,1.13,1.50
2011.08.24 02:56:33.105,1.26307,1.26337,1.88,1.50
2011.08.24 02:56:33.445,1.26308,1.26337,1.50,1.50
2011.08.24 02:56:33.673,1.2631,1.26338,1.50,1.13
2011.08.24 02:56:34.235,1.2631,1.26338,1.50,1.13
2011.08.24 02:56:35.494,1.2631,1.26338,1.50,1.13
2011.08.24 02:56:36.450,1.2631,1.26338,1.50,1.13
2011.08.24 02:56:37.264,1.2631,1.26338,1.50,1.13
2011.08.24 02:56:37.495,1.26311,1.26338,1.50,1.13
2011.08.24 02:56:37.726,1.26309,1.26335,1.50,1.13
2011.08.24 02:56:38.174,1.26309,1.26335,1.50,1.88
2011.08.24 02:56:38.295,1.26309,1.26335,1.50,1.88
2011.08.24 02:56:38.895,1.26308,1.26335,1.88,1.50
2011.08.24 02:56:40.464,1.26308,1.26335,1.88,1.50
2011.08.24 02:56:40.805,1.26308,1.26335,1.88,1.50
2011.08.24 02:56:41.144,1.26308,1.26335,1.88,1.50
2011.08.24 02:56:42.796,1.26308,1.26335,1.13,1.50
2011.08.24 02:56:45.693,1.26308,1.26335,1.13,1.50
2011.08.24 02:56:47.156,1.26311,1.26335,1.50,1.50
2011.08.24 02:56:47.525,1.26311,1.26336,3.00,1.50
2011.08.24 02:56:47.650,1.26321,1.26346,1.50,2.25
2011.08.24 02:56:47.767,1.26322,1.26348,1.50,1.50
2011.08.24 02:56:47.998,1.26323,1.26347,1.13,1.50
2011.08.24 02:56:48.340,1.26321,1.26347,1.50,1.50
2011.08.24 02:56:48.459,1.2632,1.26345,1.13,1.50
2011.08.24 02:56:48.575,1.2632,1.26345,1.13,1.50
2011.08.24 02:56:53.165,1.26321,1.26345,1.50,1.50
2011.08.24 02:56:54.436,1.26321,1.26347,1.50,1.50
2011.08.24 02:56:54.996,1.26321,1.26347,1.88,1.50
2011.08.24 02:56:55.787,1.26321,1.26347,1.88,1.50
2011.08.24 02:56:56.125,1.26319,1.26344,1.88,1.50
2011.08.24 02:56:57.015,1.26317,1.26342,1.88,1.50
2011.08.24 02:56:57.684,1.26317,1.26342,1.88,1.50
2011.08.24 02:56:58.574,1.26317,1.26342,1.88,1.50
2011.08.24 02:56:59.238,1.26315,1.26342,1.13,1.50
2011.08.24 02:56:59.750,1.26309,1.26335,1.88,2.85
2011.08.24 02:56:59.871,1.26309,1.26329,1.13,1.50
2011.08.24 02:57:00.205,1.26306,1.26329,1.50,1.50
2011.08.24 02:57:00.436,1.26305,1.26329,1.84,1.50
2011.08.24 02:57:01.657,1.26303,1.26325,1.88,1.50
2011.08.24 02:57:02.449,1.26311,1.26333,1.50,2.25
2011.08.24 02:57:02.674,1.26311,1.26335,2.25,1.50
2011.08.24 02:57:03.021,1.26308,1.26331,1.13,1.50
2011.08.24 02:57:03.246,1.26308,1.26331,1.13,1.50
2011.08.24 02:57:03.366,1.26307,1.26327,1.13,1.50
2011.08.24 02:57:04.100,1.26308,1.2633,1.88,1.13
2011.08.24 02:57:04.223,1.26307,1.2633,1.50,1.13
2011.08.24 02:57:05.106,1.26307,1.26328,1.13,1.13
2011.08.24 02:57:06.494,1.26309,1.26333,1.13,1.50
2011.08.24 02:57:08.535,1.26308,1.26336,1.50,2.40
2011.08.24 02:57:08.875,1.26313,1.26336,1.13,2.03
2011.08.24 02:57:09.217,1.26315,1.26338,1.50,1.28
2011.08.24 02:57:09.560,1.26316,1.26335,1.50,1.28
2011.08.24 02:57:09.787,1.26311,1.2634,1.13,1.65
2011.08.24 02:57:10.016,1.26311,1.26337,1.13,1.65
2011.08.24 02:57:10.452,1.26318,1.26342,1.13,1.41
2011.08.24 02:57:10.568,1.26319,1.26342,1.13,1.41
2011.08.24 02:57:10.797,1.2632,1.26346,1.13,1.41
2011.08.24 02:57:11.248,1.26318,1.26343,1.88,1.41
2011.08.24 02:57:11.477,1.26315,1.26341,2.25,1.50
2011.08.24 02:57:11.707,1.26314,1.26341,1.88,1.50
2011.08.24 02:57:12.764,1.26314,1.26341,1.13,1.50
2011.08.24 02:57:13.324,1.26312,1.26341,1.50,1.88
2011.08.24 02:57:13.834,1.26314,1.26341,1.50,1.88
2011.08.24 02:57:14.417,1.26313,1.26338,1.50,1.50
2011.08.24 02:57:14.870,1.26307,1.26336,1.50,2.25
2011.08.24 02:57:15.425,1.26306,1.26334,1.88,1.50
2011.08.24 02:57:15.656,1.26309,1.26336,1.50,2.25
2011.08.24 02:57:15.775,1.26309,1.26335,1.50,1.50
2011.08.24 02:57:17.440,1.26309,1.26336,1.50,1.50
2011.08.24 02:57:17.996,1.26309,1.26335,1.50,1.50
2011.08.24 02:57:18.557,1.26309,1.26336,2.63,1.50
2011.08.24 02:57:19.774,1.26309,1.26337,1.88,2.63
2011.08.24 02:57:20.755,1.26309,1.26337,1.88,1.88
2011.08.24 02:57:22.680,1.26309,1.26335,1.50,2.16
2011.08.24 02:57:22.908,1.26309,1.26335,1.50,2.16
2011.08.24 02:57:25.007,1.2631,1.26335,1.50,1.50
2011.08.24 02:57:25.128,1.26311,1.26336,1.50,1.13
2011.08.24 02:57:27.469,1.26309,1.26335,1.50,1.50
2011.08.24 02:57:27.501,1.26307,1.26335,1.88,1.50
2011.08.24 02:57:27.620,1.26311,1.26336,1.50,1.13
2011.08.24 02:57:27.846,1.26311,1.26336,1.50,1.13
2011.08.24 02:57:28.184,1.26309,1.26336,1.50,1.13
2011.08.24 02:57:29.969,1.26309,1.26333,1.50,1.13
2011.08.24 02:57:30.417,1.26309,1.26336,1.50,1.13
2011.08.24 02:57:32.883,1.26312,1.2634,1.50,1.13
2011.08.24 02:57:33.335,1.26314,1.2634,1.50,1.13
2011.08.24 02:57:34.229,1.26315,1.26341,1.50,1.50
2011.08.24 02:57:34.460,1.26313,1.26337,1.50,1.13
2011.08.24 02:57:35.681,1.26313,1.26338,1.50,1.50
2011.08.24 02:57:36.127,1.26311,1.26338,1.50,1.88
2011.08.24 02:57:36.687,1.26313,1.26341,1.50,1.88
2011.08.24 02:57:37.047,1.26313,1.26341,1.50,1.13
2011.08.24 02:57:37.171,1.26313,1.2634,1.50,2.25
2011.08.24 02:57:37.504,1.26311,1.2634,1.13,2.25
2011.08.24 02:57:39.005,1.26312,1.2634,1.50,1.88
2011.08.24 02:57:40.118,1.2631,1.26338,1.88,2.25
2011.08.24 02:57:40.235,1.2631,1.26338,1.88,2.25
2011.08.24 02:57:40.355,1.2631,1.2634,1.88,2.63
2011.08.24 02:57:40.587,1.2631,1.2634,1.88,2.63
2011.08.24 02:57:41.145,1.26311,1.26338,1.50,1.13
2011.08.24 02:57:41.757,1.26311,1.26338,1.50,1.13
2011.08.24 02:57:42.096,1.26311,1.26338,1.50,1.13
2011.08.24 02:57:43.007,1.26315,1.26338,1.50,1.13
2011.08.24 02:57:44.327,1.26315,1.26338,1.50,1.13
2011.08.24 02:57:44.889,1.26316,1.26338,1.50,1.13
2011.08.24 02:57:45.446,1.26316,1.26338,1.50,1.13
2011.08.24 02:57:45.679,1.26316,1.26345,1.88,2.25
2011.08.24 02:57:45.908,1.26316,1.26345,1.88,1.50
2011.08.24 02:57:50.544,1.26317,1.26344,1.50,1.13
2011.08.24 02:57:50.995,1.26317,1.26343,1.50,1.50
2011.08.24 02:57:52.106,1.26321,1.26346,1.13,1.50
2011.08.24 02:57:52.338,1.26321,1.26348,1.13,1.50
2011.08.24 02:57:53.294,1.26321,1.26348,1.13,1.50
2011.08.24 02:57:54.075,1.26319,1.26348,1.13,3.00
2011.08.24 02:57:55.317,1.26319,1.26348,1.13,3.00
2011.08.24 02:57:57.969,1.2632,1.26345,1.13,1.50
2011.08.24 02:57:58.527,1.2632,1.26344,1.13,1.50
2011.08.24 02:57:58.979,1.26315,1.26344,1.13,1.50
2011.08.24 02:57:59.099,1.26315,1.26342,1.13,1.50
2011.08.24 02:57:59.764,1.26317,1.26345,1.50,1.50
2011.08.24 02:57:59.890,1.26324,1.26348,2.25,1.13
2011.08.24 02:58:00.012,1.26323,1.2635,1.50,2.63
2011.08.24 02:58:00.241,1.26327,1.26347,1.13,1.50
2011.08.24 02:58:00.358,1.26326,1.26351,2.25,1.50
2011.08.24 02:58:00.479,1.26326,1.2635,2.25,1.13
2011.08.24 02:58:01.092,1.26329,1.26352,1.13,1.41
2011.08.24 02:58:02.875,1.26324,1.26349,1.50,1.50
2011.08.24 02:58:03.435,1.26326,1.26349,1.50,1.50
2011.08.24 02:58:07.866,1.26323,1.26351,1.13,1.50
2011.08.24 02:58:09.708,1.26326,1.26351,1.88,1.50
2011.08.24 02:58:09.831,1.26326,1.26353,1.50,1.13
2011.08.24 02:58:10.058,1.26325,1.26353,2.63,1.13
2011.08.24 02:58:10.835,1.26325,1.26353,1.13,1.13
2011.08.24 02:58:12.407,1.26324,1.26352,1.13,1.79
2011.08.24 02:58:13.185,1.26324,1.26352,1.13,1.13
2011.08.24 02:58:14.717,1.26325,1.26353,1.88,1.88
2011.08.24 02:58:14.838,1.26326,1.26353,1.50,1.13
2011.08.24 02:58:15.067,1.26331,1.26361,1.13,2.25
2011.08.24 02:58:17.387,1.26334,1.26362,1.13,1.41
2011.08.24 02:58:17.505,1.26338,1.26362,1.13,1.41
2011.08.24 02:58:18.077,1.26339,1.26362,1.13,2.16
2011.08.24 02:58:18.304,1.26332,1.26361,1.88,1.50
2011.08.24 02:58:19.824,1.26332,1.26361,1.88,1.88
2011.08.24 02:58:20.386,1.26332,1.2636,1.88,1.50
2011.08.24 02:58:22.276,1.26336,1.2636,1.13,1.50
2011.08.24 02:58:23.384,1.26336,1.26361,1.13,1.50
2011.08.24 02:58:23.604,1.26336,1.26361,1.13,1.50
2011.08.24 02:58:24.716,1.26336,1.26362,1.13,1.50
2011.08.24 02:58:25.168,1.26336,1.26362,1.13,1.50
2011.08.24 02:58:25.727,1.2634,1.26365,1.13,1.50
2011.08.24 02:58:25.848,1.26339,1.26363,1.88,1.50
2011.08.24 02:58:25.965,1.2634,1.26366,1.13,1.50
2011.08.24 02:58:26.951,1.26334,1.26359,1.50,1.13
2011.08.24 02:58:27.066,1.26332,1.26357,1.50,1.50
2011.08.24 02:58:27.744,1.26331,1.26357,1.13,1.50
2011.08.24 02:58:28.335,1.26329,1.26358,1.13,1.88
2011.08.24 02:58:33.764,1.26333,1.26358,1.50,1.88
2011.08.24 02:58:35.196,1.26337,1.26362,1.13,1.50
2011.08.24 02:58:35.426,1.26339,1.26363,1.50,1.84
2011.08.24 02:58:35.984,1.26337,1.26362,1.88,1.50
2011.08.24 02:58:36.094,1.26337,1.26362,2.63,1.50
2011.08.24 02:58:36.434,1.26339,1.26367,1.88,2.63
2011.08.24 02:58:36.994,1.26339,1.26367,1.88,1.88
2011.08.24 02:58:37.734,1.26339,1.26367,1.88,2.25
2011.08.24 02:58:38.974,1.26339,1.26365,1.88,1.50
2011.08.24 02:58:39.098,1.26334,1.26358,1.13,1.50
2011.08.24 02:58:39.217,1.26334,1.26359,1.13,2.25
2011.08.24 02:58:39.446,1.26332,1.26358,2.25,1.50
2011.08.24 02:58:39.564,1.26332,1.26359,2.25,2.63
2011.08.24 02:58:40.123,1.26332,1.26358,2.25,1.50
2011.08.24 02:58:40.674,1.26335,1.26358,1.50,1.50
2011.08.24 02:58:41.009,1.26333,1.26357,1.50,1.50
2011.08.24 02:58:41.127,1.2633,1.26357,1.13,1.50
2011.08.24 02:58:41.468,1.2633,1.26359,1.13,2.63
2011.08.24 02:58:41.808,1.26331,1.26355,1.50,1.50
2011.08.24 02:58:41.927,1.26326,1.26353,1.13,1.50
2011.08.24 02:58:42.045,1.26326,1.26348,1.13,1.50
2011.08.24 02:58:42.387,1.26329,1.26353,1.50,1.50
2011.08.24 02:58:42.504,1.26329,1.26354,1.50,1.50
2011.08.24 02:58:43.786,1.26327,1.26351,1.50,1.50
2011.08.24 02:58:44.128,1.26325,1.26349,1.50,1.50
2011.08.24 02:58:44.688,1.26325,1.26349,1.50,1.50
2011.08.24 02:58:45.354,1.26323,1.26347,1.50,1.13
2011.08.24 02:58:47.805,1.26322,1.26346,1.09,1.13
2011.08.24 02:58:47.927,1.26322,1.26346,1.09,1.88
2011.08.24 02:58:48.489,1.26322,1.26347,1.09,1.88
2011.08.24 02:58:48.606,1.2632,1.26341,1.09,1.50
2011.08.24 02:58:48.835,1.26322,1.26347,1.09,2.63
2011.08.24 02:58:49.064,1.26322,1.26347,1.09,2.63
2011.08.24 02:58:50.424,1.26316,1.26343,1.13,1.50
2011.08.24 02:58:51.585,1.26323,1.26344,1.09,1.50
2011.08.24 02:58:51.707,1.26325,1.2635,2.25,1.50
2011.08.24 02:58:52.044,1.26325,1.26353,2.25,1.50
2011.08.24 02:58:54.918,1.26328,1.26354,1.09,2.25
2011.08.24 02:58:55.474,1.26328,1.2635,1.09,1.13
2011.08.24 02:59:00.315,1.26328,1.2635,1.09,1.13
2011.08.24 02:59:05.048,1.26323,1.26348,1.50,1.50
2011.08.24 02:59:05.386,1.26325,1.2635,1.09,1.13
2011.08.24 02:59:05.804,1.26325,1.2635,1.09,1.13
2011.08.24 02:59:09.456,1.26325,1.2635,1.09,1.13
2011.08.24 02:59:10.736,1.26325,1.26353,1.84,1.50
2011.08.24 02:59:14.226,1.26325,1.26354,1.84,1.50
2011.08.24 02:59:14.454,1.26325,1.26351,1.84,1.50
2011.08.24 02:59:15.601,1.26324,1.26351,1.50,1.50
2011.08.24 02:59:15.721,1.26325,1.26352,1.50,1.50
2011.08.24 02:59:17.554,1.26325,1.26354,1.50,1.50
2011.08.24 02:59:18.231,1.26324,1.26351,1.50,2.25
2011.08.24 02:59:18.462,1.26322,1.26346,1.50,1.13
2011.08.24 02:59:18.797,1.26313,1.26331,1.50,1.50
2011.08.24 02:59:18.918,1.26309,1.26334,1.50,1.50
2011.08.24 02:59:19.037,1.26309,1.26334,1.50,1.50
2011.08.24 02:59:19.926,1.26309,1.26337,1.50,1.13
2011.08.24 02:59:20.375,1.26309,1.26336,1.50,1.50
2011.08.24 02:59:22.551,1.26311,1.26336,1.50,1.50
2011.08.24 02:59:22.669,1.26315,1.26338,1.50,1.50
2011.08.24 02:59:22.898,1.26325,1.26349,1.50,2.25
2011.08.24 02:59:23.016,1.26326,1.26352,2.25,1.50
2011.08.24 02:59:24.016,1.26326,1.26352,1.50,1.50
2011.08.24 02:59:24.575,1.26326,1.26353,1.50,1.50
2011.08.24 02:59:24.696,1.26326,1.26352,1.50,1.13
2011.08.24 02:59:24.816,1.26324,1.2635,1.50,1.88
2011.08.24 02:59:24.936,1.26324,1.2635,1.50,2.25
2011.08.24 02:59:25.060,1.26319,1.26343,1.50,1.88
2011.08.24 02:59:25.178,1.26318,1.26343,1.50,2.25
2011.08.24 02:59:25.299,1.26314,1.2634,2.25,1.13
2011.08.24 02:59:25.525,1.26314,1.2634,1.50,1.13
2011.08.24 02:59:25.866,1.26311,1.26338,1.50,1.88
2011.08.24 02:59:25.986,1.26309,1.26335,1.50,1.13
2011.08.24 02:59:28.924,1.26309,1.26337,1.50,1.50
2011.08.24 02:59:29.268,1.26309,1.26337,1.50,1.50
2011.08.24 02:59:29.499,1.26306,1.26329,1.50,1.50
2011.08.24 02:59:29.618,1.26307,1.26329,1.50,1.50
2011.08.24 02:59:29.846,1.26309,1.26335,2.25,1.88
2011.08.24 02:59:30.405,1.26309,1.26334,1.50,1.50
2011.08.24 02:59:30.965,1.26309,1.26337,2.25,1.50
2011.08.24 02:59:31.196,1.2631,1.26338,1.50,1.13
2011.08.24 02:59:31.534,1.2631,1.26338,1.50,1.88
2011.08.24 02:59:32.485,1.2631,1.26338,1.50,1.50
2011.08.24 02:59:32.826,1.26313,1.26341,1.50,1.50
2011.08.24 02:59:33.165,1.26317,1.26343,1.13,1.50
2011.08.24 02:59:33.396,1.26316,1.26341,1.13,1.50
2011.08.24 02:59:33.896,1.26317,1.26345,1.88,1.50
2011.08.24 02:59:34.018,1.26319,1.26345,1.50,1.50
2011.08.24 02:59:35.678,1.26321,1.26347,1.50,1.13
2011.08.24 02:59:36.676,1.26318,1.26347,1.50,1.13
2011.08.24 02:59:36.907,1.26318,1.26345,1.50,1.50
2011.08.24 02:59:37.465,1.26318,1.26346,1.50,1.50
2011.08.24 02:59:37.585,1.26317,1.26346,1.50,1.50
2011.08.24 02:59:38.366,1.26317,1.26343,1.50,1.50
2011.08.24 02:59:39.771,1.26318,1.26344,1.50,1.50
2011.08.24 02:59:39.892,1.26316,1.26344,1.13,1.50
2011.08.24 02:59:40.119,1.26315,1.2634,1.88,1.50
2011.08.24 02:59:40.239,1.26316,1.26342,1.50,1.50
2011.08.24 02:59:41.274,1.26315,1.26338,1.13,1.88
2011.08.24 02:59:42.815,1.26318,1.26338,1.13,1.13
2011.08.24 02:59:44.804,1.26318,1.26338,1.13,1.13
2011.08.24 02:59:45.035,1.26318,1.2634,1.13,1.13
2011.08.24 02:59:45.157,1.26314,1.26338,1.13,1.13
2011.08.24 02:59:45.496,1.26318,1.26339,1.13,1.13
2011.08.24 02:59:46.060,1.26315,1.26339,1.88,1.50
2011.08.24 02:59:46.395,1.26317,1.26341,1.88,1.13
2011.08.24 02:59:46.987,1.26317,1.26341,1.13,1.88
2011.08.24 02:59:50.327,1.26312,1.26334,1.13,1.13
2011.08.24 02:59:50.556,1.26307,1.26333,1.50,1.13
2011.08.24 02:59:50.786,1.26305,1.26333,1.50,1.13
2011.08.24 02:59:51.566,1.26304,1.26333,1.13,1.88
2011.08.24 02:59:51.905,1.26303,1.26333,2.25,1.88
2011.08.24 02:59:52.554,1.26303,1.26333,2.25,1.88
2011.08.24 02:59:52.909,1.26296,1.26319,1.50,1.13
2011.08.24 02:59:53.138,1.26298,1.26324,1.50,1.88
2011.08.24 02:59:53.369,1.26298,1.26324,1.50,1.13
2011.08.24 02:59:53.706,1.26296,1.26321,1.50,1.13
2011.08.24 02:59:54.304,1.26296,1.26321,1.50,1.88
2011.08.24 02:59:55.236,1.26296,1.26321,1.50,1.13
2011.08.24 02:59:55.802,1.26301,1.26326,1.50,1.13
2011.08.24 02:59:56.027,1.26301,1.26331,2.63,1.88
2011.08.24 02:59:56.146,1.26304,1.26331,1.50,1.13
2011.08.24 02:59:56.267,1.26309,1.26334,1.50,1.88
2011.08.24 02:59:56.678,1.26306,1.26332,1.50,1.13
2011.08.24 02:59:57.235,1.26304,1.26333,1.50,2.16
2011.08.24 02:59:57.575,1.26304,1.26332,1.50,2.25
2011.08.24 02:59:58.136,1.26303,1.26332,1.13,1.88
2011.08.24 02:59:59.644,1.263,1.26329,1.50,1.13
2011.08.24 02:59:59.755,1.263,1.26329,1.50,1.13
