2010.06.24 12:00:00.697,1.33945,1.3397,2.40,1.60
2010.06.24 12:00:00.929,1.3394,1.3397,1.60,4.60
2010.06.24 12:00:01.148,1.3394,1.3397,1.60,5.40
2010.06.24 12:00:02.040,1.3394,1.3397,1.60,4.60
2010.06.24 12:00:02.311,1.3394,1.3397,2.40,2.20
2010.06.24 12:00:02.847,1.3394,1.33965,1.60,1.00
2010.06.24 12:00:03.639,1.3394,1.3397,1.60,3.80
2010.06.24 12:00:03.972,1.3394,1.3397,1.60,5.40
2010.06.24 12:00:04.310,1.3394,1.3397,1.80,3.80
2010.06.24 12:00:06.158,1.3394,1.3397,2.60,3.80
2010.06.24 12:00:06.313,1.3395,1.33975,1.60,4.80
2010.06.24 12:00:06.746,1.3395,1.33975,1.60,3.20
2010.06.24 12:00:06.896,1.3395,1.33975,1.60,1.00
2010.06.24 12:00:07.769,1.3395,1.33975,1.60,1.60
2010.06.24 12:00:12.043,1.3395,1.33975,1.60,4.70
2010.06.24 12:00:14.110,1.33945,1.33975,3.20,4.70
2010.06.24 12:00:14.342,1.3395,1.3397,1.60,3.20
2010.06.24 12:00:14.581,1.3395,1.33975,1.60,1.30
2010.06.24 12:00:14.818,1.3395,1.3398,1.60,4.30
2010.06.24 12:00:15.620,1.3395,1.3398,2.40,4.80
2010.06.24 12:00:15.891,1.3395,1.3398,2.40,4.70
2010.06.24 12:00:16.835,1.3395,1.3398,2.40,5.20
2010.06.24 12:00:18.757,1.3395,1.3398,2.40,5.70
2010.06.24 12:00:18.999,1.3395,1.33975,1.00,1.60
2010.06.24 12:00:19.779,1.3395,1.33975,1.00,4.40
2010.06.24 12:00:19.945,1.33945,1.3397,1.00,3.20
2010.06.24 12:00:20.926,1.33945,1.3397,2.40,3.20
2010.06.24 12:00:22.097,1.33945,1.3397,1.60,3.20
2010.06.24 12:00:23.037,1.33945,1.3397,1.60,1.60
2010.06.24 12:00:23.196,1.33945,1.33975,2.40,4.40
2010.06.24 12:00:24.119,1.33945,1.33975,2.40,4.00
2010.06.24 12:00:24.261,1.33945,1.33975,2.40,4.90
2010.06.24 12:00:24.826,1.33945,1.33975,4.00,3.30
2010.06.24 12:00:25.512,1.33945,1.33975,4.20,2.90
2010.06.24 12:00:25.780,1.33945,1.33975,2.40,5.20
2010.06.24 12:00:26.047,1.33945,1.3397,2.40,1.60
2010.06.24 12:00:26.320,1.33945,1.3397,2.40,3.20
2010.06.24 12:00:27.689,1.33945,1.3397,1.60,3.20
2010.06.24 12:00:27.761,1.3395,1.3398,5.00,2.40
2010.06.24 12:00:27.907,1.3395,1.3398,5.00,3.20
2010.06.24 12:00:29.037,1.3395,1.33975,1.60,1.60
2010.06.24 12:00:29.378,1.3395,1.33975,1.60,3.20
2010.06.24 12:00:29.720,1.3395,1.3397,1.60,1.00
2010.06.24 12:00:30.661,1.33945,1.33965,3.40,1.00
2010.06.24 12:00:31.014,1.33945,1.3397,1.60,1.00
2010.06.24 12:00:31.295,1.33945,1.33975,1.60,4.40
2010.06.24 12:00:31.506,1.33945,1.33975,1.60,4.00
2010.06.24 12:00:31.616,1.33945,1.33975,4.00,2.40
2010.06.24 12:00:31.725,1.33945,1.33975,4.20,2.40
2010.06.24 12:00:32.444,1.33945,1.33975,5.00,1.60
2010.06.24 12:00:32.654,1.33955,1.33975,1.60,1.60
2010.06.24 12:00:32.857,1.33955,1.33975,1.60,3.20
2010.06.24 12:00:33.061,1.33955,1.33975,1.60,2.10
2010.06.24 12:00:33.686,1.33955,1.33975,1.60,1.00
2010.06.24 12:00:33.956,1.3395,1.33975,4.00,1.60
2010.06.24 12:00:34.220,1.3395,1.3398,4.80,3.60
2010.06.24 12:00:34.476,1.3395,1.3398,5.00,3.20
2010.06.24 12:00:35.557,1.33955,1.33975,1.60,1.60
2010.06.24 12:00:35.847,1.3395,1.33975,4.00,1.60
2010.06.24 12:00:37.678,1.3394,1.3396,2.80,3.20
2010.06.24 12:00:37.758,1.3394,1.3396,1.60,3.20
2010.06.24 12:00:37.839,1.33935,1.3396,3.20,3.20
2010.06.24 12:00:37.917,1.33935,1.3396,3.20,1.60
2010.06.24 12:00:38.077,1.33935,1.33965,3.20,2.30
2010.06.24 12:00:38.661,1.3394,1.33965,1.60,2.30
2010.06.24 12:00:38.991,1.3394,1.33965,1.60,1.00
2010.06.24 12:00:39.958,1.3394,1.3396,1.60,1.60
2010.06.24 12:00:40.828,1.33935,1.33965,3.20,1.00
2010.06.24 12:00:40.948,1.3394,1.33965,1.60,1.00
2010.06.24 12:00:42.017,1.33935,1.3396,3.20,1.00
2010.06.24 12:00:42.313,1.33935,1.3396,1.60,1.00
2010.06.24 12:00:44.461,1.33935,1.3396,1.60,2.40
2010.06.24 12:00:44.577,1.33935,1.3396,1.00,2.40
2010.06.24 12:00:46.575,1.33935,1.33955,1.00,1.00
2010.06.24 12:00:47.040,1.3393,1.33955,2.60,1.00
2010.06.24 12:00:47.346,1.3393,1.3395,2.60,1.00
2010.06.24 12:00:47.744,1.3393,1.3395,2.40,1.10
2010.06.24 12:00:49.505,1.3393,1.33955,2.40,1.10
2010.06.24 12:00:49.738,1.3393,1.3395,2.40,1.00
2010.06.24 12:00:51.121,1.3393,1.33955,2.40,2.70
2010.06.24 12:00:51.280,1.3393,1.33955,2.40,1.10
2010.06.24 12:00:53.587,1.3393,1.33955,1.60,1.10
2010.06.24 12:00:53.696,1.3393,1.33955,1.60,2.70
2010.06.24 12:00:54.869,1.3393,1.33955,1.00,2.70
2010.06.24 12:00:55.492,1.3393,1.3395,1.00,1.10
2010.06.24 12:00:55.814,1.33925,1.3395,4.40,2.70
2010.06.24 12:00:56.011,1.33925,1.33945,2.60,1.00
2010.06.24 12:00:56.593,1.33925,1.33945,2.40,1.10
2010.06.24 12:00:56.796,1.33925,1.33945,2.40,1.00
2010.06.24 12:00:57.301,1.33925,1.33945,2.60,1.10
2010.06.24 12:00:57.561,1.33925,1.33955,6.20,2.70
2010.06.24 12:00:57.818,1.3393,1.33955,1.00,2.70
2010.06.24 12:00:58.554,1.3393,1.33955,1.00,1.10
2010.06.24 12:00:58.778,1.3393,1.33955,2.40,2.70
2010.06.24 12:00:58.992,1.33935,1.33955,2.40,2.70
2010.06.24 12:00:59.223,1.33935,1.33955,2.40,1.10
2010.06.24 12:00:59.451,1.33935,1.3396,2.40,3.50
2010.06.24 12:01:00.122,1.33935,1.33955,1.00,1.60
2010.06.24 12:01:00.621,1.3393,1.33955,2.40,2.40
2010.06.24 12:01:00.869,1.3393,1.33955,1.00,2.70
2010.06.24 12:01:01.657,1.3393,1.3395,1.00,1.60
2010.06.24 12:01:01.926,1.33925,1.33945,1.60,1.00
2010.06.24 12:01:02.188,1.33925,1.33945,1.60,1.10
2010.06.24 12:01:04.300,1.33925,1.3395,1.60,2.70
2010.06.24 12:01:04.455,1.3392,1.3394,2.40,1.60
2010.06.24 12:01:04.612,1.33925,1.3395,1.60,2.40
2010.06.24 12:01:05.337,1.33925,1.33945,1.60,1.60
2010.06.24 12:01:05.688,1.33915,1.33945,1.00,5.70
2010.06.24 12:01:06.030,1.33915,1.3394,1.00,1.60
2010.06.24 12:01:06.382,1.33915,1.33935,1.00,1.60
2010.06.24 12:01:06.639,1.3391,1.33935,2.40,1.60
2010.06.24 12:01:07.507,1.33905,1.33935,3.40,3.20
2010.06.24 12:01:07.607,1.33905,1.33935,3.40,1.60
2010.06.24 12:01:07.706,1.33905,1.33935,3.20,1.60
2010.06.24 12:01:07.896,1.3391,1.33935,1.60,1.60
2010.06.24 12:01:07.997,1.3391,1.33935,1.60,3.20
2010.06.24 12:01:08.937,1.3391,1.33935,1.60,1.60
2010.06.24 12:01:09.194,1.3391,1.3393,1.60,1.60
2010.06.24 12:01:09.697,1.3391,1.33935,1.60,3.20
2010.06.24 12:01:10.723,1.3391,1.33935,2.40,3.20
2010.06.24 12:01:11.074,1.3391,1.3393,1.60,1.60
2010.06.24 12:01:15.562,1.33905,1.33925,1.60,1.60
2010.06.24 12:01:18.006,1.33905,1.3393,1.60,2.40
2010.06.24 12:01:18.605,1.33905,1.3393,1.60,1.00
2010.06.24 12:01:19.757,1.33905,1.3393,1.60,2.40
2010.06.24 12:01:23.110,1.33905,1.3393,3.20,1.00
2010.06.24 12:01:23.497,1.33905,1.3393,3.30,1.00
2010.06.24 12:01:24.839,1.33905,1.3393,3.20,1.00
2010.06.24 12:01:25.708,1.33915,1.3393,1.60,1.00
2010.06.24 12:01:25.836,1.33915,1.3394,1.60,3.20
2010.06.24 12:01:25.960,1.33915,1.3394,1.60,4.00
2010.06.24 12:01:26.078,1.33915,1.3394,1.60,3.20
2010.06.24 12:01:27.236,1.33915,1.3394,1.60,2.40
2010.06.24 12:01:29.840,1.33915,1.3394,2.60,1.00
2010.06.24 12:01:30.431,1.3392,1.33945,1.00,2.40
2010.06.24 12:01:31.025,1.3392,1.3394,1.00,1.00
2010.06.24 12:01:31.374,1.3392,1.3394,1.00,2.40
2010.06.24 12:01:32.069,1.3392,1.3394,1.00,1.00
2010.06.24 12:01:32.813,1.33915,1.3394,2.40,2.40
2010.06.24 12:01:33.358,1.33915,1.33935,2.40,1.00
2010.06.24 12:01:33.634,1.33915,1.3394,2.40,2.80
2010.06.24 12:01:33.908,1.33915,1.3394,2.40,2.40
2010.06.24 12:01:34.860,1.33915,1.33935,1.60,1.60
2010.06.24 12:01:35.807,1.33915,1.33935,1.60,3.20
2010.06.24 12:01:36.911,1.3391,1.3393,1.60,3.20
2010.06.24 12:01:37.688,1.33905,1.3393,1.60,3.20
2010.06.24 12:01:38.713,1.33905,1.33925,1.60,1.60
2010.06.24 12:01:38.917,1.33895,1.3392,1.00,1.60
2010.06.24 12:01:39.708,1.3389,1.33915,1.80,1.00
2010.06.24 12:01:40.045,1.3389,1.33915,1.00,1.00
2010.06.24 12:01:42.516,1.33895,1.33915,1.00,1.00
2010.06.24 12:01:43.848,1.3389,1.33915,1.00,1.00
2010.06.24 12:01:44.613,1.3389,1.33915,1.00,3.10
2010.06.24 12:01:44.880,1.3389,1.3391,1.00,1.60
2010.06.24 12:01:45.150,1.3389,1.33915,2.40,1.60
2010.06.24 12:01:45.419,1.33895,1.33915,1.60,1.60
2010.06.24 12:01:46.345,1.33895,1.33915,2.40,1.60
2010.06.24 12:01:54.837,1.33895,1.3392,2.40,3.20
2010.06.24 12:01:57.212,1.33895,1.33915,2.40,1.60
2010.06.24 12:01:59.275,1.3389,1.33915,2.40,1.60
2010.06.24 12:02:00.180,1.3389,1.3391,2.40,1.60
2010.06.24 12:02:00.522,1.3389,1.3391,2.60,1.60
2010.06.24 12:02:00.748,1.3389,1.33915,2.60,1.60
2010.06.24 12:02:01.551,1.3389,1.33915,1.00,2.40
2010.06.24 12:02:03.738,1.3389,1.33915,2.40,1.60
2010.06.24 12:02:03.809,1.33895,1.3392,1.00,1.60
2010.06.24 12:02:03.868,1.33895,1.33925,1.00,6.40
2010.06.24 12:02:03.929,1.33895,1.33925,2.60,5.60
2010.06.24 12:02:04.058,1.33895,1.33925,2.60,6.00
2010.06.24 12:02:04.733,1.33895,1.33925,2.40,6.50
2010.06.24 12:02:05.080,1.33895,1.33925,3.20,5.70
2010.06.24 12:02:09.995,1.33895,1.33925,3.40,5.70
2010.06.24 12:02:13.549,1.33905,1.33925,1.60,1.60
2010.06.24 12:02:13.657,1.339,1.3393,4.20,1.60
2010.06.24 12:02:13.761,1.339,1.3393,4.20,2.40
2010.06.24 12:02:14.529,1.339,1.3393,5.00,2.40
2010.06.24 12:02:16.027,1.33905,1.3393,1.00,2.40
2010.06.24 12:02:16.267,1.3391,1.33935,1.00,1.20
2010.06.24 12:02:16.511,1.33915,1.3394,1.00,1.90
2010.06.24 12:02:17.178,1.3392,1.33945,1.00,3.20
2010.06.24 12:02:17.279,1.33925,1.33945,1.80,1.00
2010.06.24 12:02:17.446,1.33925,1.33945,1.00,1.20
2010.06.24 12:02:18.457,1.33915,1.3394,1.00,1.60
2010.06.24 12:02:18.803,1.33915,1.33945,2.40,4.10
2010.06.24 12:02:19.032,1.33915,1.3394,2.60,1.60
2010.06.24 12:02:19.716,1.33915,1.3394,4.00,2.10
2010.06.24 12:02:19.945,1.33915,1.33945,2.40,2.50
2010.06.24 12:02:20.173,1.33915,1.3394,1.60,2.80
2010.06.24 12:02:20.391,1.33915,1.3394,3.20,1.30
2010.06.24 12:02:20.612,1.33915,1.33935,3.20,1.60
2010.06.24 12:02:21.334,1.33915,1.3394,3.20,2.30
2010.06.24 12:02:21.599,1.33915,1.33935,1.60,2.40
2010.06.24 12:02:21.849,1.33915,1.33935,1.60,1.60
2010.06.24 12:02:22.101,1.33915,1.3394,1.60,1.00
2010.06.24 12:02:23.123,1.3392,1.3395,2.60,1.00
2010.06.24 12:02:23.348,1.33925,1.3395,1.60,1.00
2010.06.24 12:02:24.182,1.33925,1.33955,1.60,7.70
2010.06.24 12:02:24.823,1.3392,1.33945,1.80,1.00
2010.06.24 12:02:26.080,1.33925,1.33955,1.60,4.70
2010.06.24 12:02:26.405,1.33925,1.33955,3.20,1.60
2010.06.24 12:02:26.788,1.33925,1.3395,1.60,1.60
2010.06.24 12:02:27.532,1.33925,1.33955,1.60,2.00
2010.06.24 12:02:27.686,1.3392,1.33945,3.20,3.20
2010.06.24 12:02:27.839,1.3392,1.3395,3.20,2.00
2010.06.24 12:02:27.989,1.3392,1.3395,3.20,1.60
2010.06.24 12:02:28.875,1.3392,1.33935,1.60,1.00
2010.06.24 12:02:29.186,1.33915,1.3394,3.20,1.00
2010.06.24 12:02:29.492,1.33915,1.33945,3.20,3.30
2010.06.24 12:02:30.345,1.3392,1.3394,1.60,1.00
2010.06.24 12:02:30.618,1.339,1.3392,1.00,2.50
2010.06.24 12:02:31.455,1.33895,1.3392,2.40,3.50
2010.06.24 12:02:32.892,1.33895,1.3392,3.20,1.00
2010.06.24 12:02:33.176,1.33895,1.33925,1.60,1.00
2010.06.24 12:02:33.719,1.33895,1.33925,3.20,1.00
2010.06.24 12:02:37.028,1.339,1.3393,2.60,1.60
2010.06.24 12:02:37.154,1.339,1.3393,3.20,1.00
2010.06.24 12:02:37.853,1.33905,1.3393,2.40,1.00
2010.06.24 12:02:39.404,1.33905,1.33925,2.40,1.00
2010.06.24 12:02:39.705,1.33905,1.3393,2.40,1.00
2010.06.24 12:02:40.928,1.33905,1.33935,2.40,2.90
2010.06.24 12:02:41.222,1.3391,1.33935,1.60,1.60
2010.06.24 12:02:41.526,1.3391,1.3394,1.60,3.30
2010.06.24 12:02:42.355,1.3391,1.3394,4.20,1.60
2010.06.24 12:02:42.630,1.3391,1.3394,2.60,1.60
2010.06.24 12:02:42.912,1.3391,1.3394,5.80,1.00
2010.06.24 12:02:43.080,1.3391,1.3394,4.20,1.00
2010.06.24 12:02:43.247,1.3391,1.3394,2.60,1.00
2010.06.24 12:02:44.374,1.3391,1.33935,4.70,1.00
2010.06.24 12:02:44.558,1.3391,1.3394,4.20,1.60
2010.06.24 12:02:44.747,1.3392,1.3394,1.60,1.60
2010.06.24 12:02:44.937,1.3392,1.33945,3.20,1.60
2010.06.24 12:02:45.127,1.3392,1.33945,1.60,1.60
2010.06.24 12:02:46.303,1.3391,1.33935,3.40,1.10
2010.06.24 12:02:46.599,1.3391,1.33935,2.60,1.10
2010.06.24 12:02:46.897,1.3391,1.33935,2.40,1.10
2010.06.24 12:02:48.119,1.3391,1.33935,2.40,1.90
2010.06.24 12:02:48.158,1.3391,1.33935,1.00,2.30
2010.06.24 12:02:48.728,1.3391,1.33935,1.00,3.90
2010.06.24 12:02:50.437,1.3391,1.33935,1.00,2.70
2010.06.24 12:02:54.340,1.3392,1.33945,1.60,3.60
2010.06.24 12:02:54.535,1.33915,1.33945,2.60,3.90
2010.06.24 12:02:54.718,1.33915,1.33945,1.80,3.90
2010.06.24 12:02:54.897,1.33915,1.33945,1.60,4.20
2010.06.24 12:02:55.863,1.3391,1.3394,1.60,1.00
2010.06.24 12:02:56.177,1.3391,1.33945,3.20,5.00
2010.06.24 12:02:56.497,1.3391,1.33945,6.60,3.20
2010.06.24 12:02:56.821,1.3391,1.3394,3.40,1.00
2010.06.24 12:02:57.567,1.33915,1.33945,1.60,2.50
2010.06.24 12:02:57.732,1.3393,1.3396,4.00,1.00
2010.06.24 12:02:58.474,1.33935,1.3396,1.00,2.40
2010.06.24 12:02:58.839,1.33935,1.33955,1.00,1.60
2010.06.24 12:02:59.183,1.3393,1.33955,3.20,1.60
2010.06.24 12:02:59.829,1.3393,1.33955,2.40,1.60
2010.06.24 12:03:00.151,1.3393,1.33955,1.60,1.60
2010.06.24 12:03:00.821,1.3393,1.3396,1.60,6.10
2010.06.24 12:03:01.624,1.3393,1.33955,1.60,1.60
2010.06.24 12:03:01.856,1.33925,1.33955,3.20,1.60
2010.06.24 12:03:03.228,1.33925,1.3395,3.20,1.60
2010.06.24 12:03:03.471,1.33925,1.3395,3.20,3.20
2010.06.24 12:03:03.719,1.33925,1.3395,3.20,3.50
2010.06.24 12:03:03.957,1.33925,1.3395,1.60,3.50
2010.06.24 12:03:05.154,1.3392,1.3394,2.60,1.00
2010.06.24 12:03:05.363,1.33925,1.33945,1.60,3.20
2010.06.24 12:03:05.569,1.33925,1.33945,1.60,2.70
2010.06.24 12:03:05.777,1.3392,1.33945,1.00,2.70
2010.06.24 12:03:06.625,1.33915,1.3394,1.00,1.00
2010.06.24 12:03:07.129,1.33915,1.33945,4.00,4.10
2010.06.24 12:03:07.921,1.33915,1.33945,4.60,4.10
2010.06.24 12:03:08.166,1.33925,1.3395,1.60,1.00
2010.06.24 12:03:08.393,1.33925,1.33945,1.60,2.50
2010.06.24 12:03:08.621,1.33925,1.33945,1.60,2.40
2010.06.24 12:03:08.849,1.3392,1.33945,1.60,3.70
2010.06.24 12:03:09.625,1.3392,1.33945,1.60,4.10
2010.06.24 12:03:09.979,1.3391,1.3392,1.60,2.50
2010.06.24 12:03:10.153,1.3391,1.3392,1.60,4.10
2010.06.24 12:03:10.763,1.3391,1.3392,1.60,3.70
2010.06.24 12:03:10.957,1.33885,1.33915,5.60,1.00
2010.06.24 12:03:12.051,1.3389,1.3392,2.20,1.10
2010.06.24 12:03:12.226,1.3389,1.3392,2.40,1.10
2010.06.24 12:03:12.566,1.3389,1.33915,2.40,1.00
2010.06.24 12:03:14.737,1.3389,1.33915,1.80,1.00
2010.06.24 12:03:15.056,1.3391,1.33915,1.60,1.00
2010.06.24 12:03:15.376,1.3391,1.3393,1.60,1.00
2010.06.24 12:03:16.267,1.33905,1.33925,3.20,1.00
2010.06.24 12:03:16.611,1.339,1.33925,3.20,1.00
2010.06.24 12:03:22.296,1.339,1.33925,1.60,1.00
2010.06.24 12:03:24.096,1.339,1.33925,1.60,2.40
2010.06.24 12:03:24.377,1.33895,1.33925,3.20,4.10
2010.06.24 12:03:24.518,1.33895,1.33925,2.40,3.90
2010.06.24 12:03:24.657,1.33895,1.33925,1.60,3.90
2010.06.24 12:03:24.797,1.33895,1.33925,1.60,4.90
2010.06.24 12:03:24.937,1.339,1.33925,1.60,3.30
2010.06.24 12:03:25.878,1.33915,1.33935,1.60,1.90
2010.06.24 12:03:26.201,1.33915,1.33935,1.60,1.00
2010.06.24 12:03:28.980,1.33915,1.3394,1.60,2.40
2010.06.24 12:03:29.831,1.3393,1.3395,1.60,1.60
2010.06.24 12:03:30.321,1.33935,1.3395,1.60,1.60
2010.06.24 12:03:30.489,1.33935,1.33955,1.60,2.50
2010.06.24 12:03:31.289,1.3393,1.33955,2.10,2.50
2010.06.24 12:03:31.538,1.3393,1.33955,1.60,2.50
2010.06.24 12:03:33.223,1.3392,1.3395,1.60,1.00
2010.06.24 12:03:38.836,1.3392,1.3395,2.40,1.00
2010.06.24 12:03:38.917,1.3392,1.3395,4.20,1.00
2010.06.24 12:03:38.997,1.3392,1.3395,5.60,1.00
2010.06.24 12:03:39.078,1.3393,1.33955,1.00,2.60
2010.06.24 12:03:39.704,1.33935,1.33955,4.20,1.10
2010.06.24 12:03:39.994,1.33935,1.3397,6.20,3.50
2010.06.24 12:03:40.270,1.33935,1.3397,7.20,3.50
2010.06.24 12:03:41.371,1.3395,1.3397,1.60,3.50
2010.06.24 12:03:41.720,1.33935,1.3397,7.20,2.40
2010.06.24 12:03:42.247,1.33935,1.33965,4.60,1.00
2010.06.24 12:03:42.946,1.3394,1.33965,1.60,1.00
2010.06.24 12:03:43.129,1.3394,1.3397,1.60,4.10
2010.06.24 12:03:43.817,1.3394,1.3397,2.10,1.60
2010.06.24 12:03:43.955,1.3394,1.33975,3.20,4.90
2010.06.24 12:03:44.075,1.3394,1.33975,3.20,4.50
2010.06.24 12:03:45.086,1.3394,1.33975,4.80,4.30
2010.06.24 12:03:45.329,1.33945,1.33975,1.60,2.70
2010.06.24 12:03:46.188,1.33955,1.33975,1.60,1.00
2010.06.24 12:03:48.177,1.33955,1.33975,2.40,1.00
2010.06.24 12:03:48.587,1.33955,1.33975,4.00,1.00
2010.06.24 12:03:50.477,1.33955,1.33975,3.20,1.00
2010.06.24 12:03:50.987,1.33955,1.3398,3.20,1.00
2010.06.24 12:03:52.549,1.33955,1.3398,3.80,1.00
2010.06.24 12:03:52.692,1.33955,1.3398,1.60,1.00
2010.06.24 12:03:52.977,1.3396,1.3398,1.60,1.00
2010.06.24 12:03:55.636,1.33965,1.33985,1.60,3.20
2010.06.24 12:03:57.721,1.33955,1.33985,4.80,2.40
2010.06.24 12:03:57.847,1.3396,1.33985,1.60,2.40
2010.06.24 12:03:57.966,1.3396,1.33985,4.00,1.60
2010.06.24 12:03:58.086,1.3396,1.33985,4.00,1.00
2010.06.24 12:03:58.317,1.3396,1.33985,4.50,1.00
2010.06.24 12:03:58.436,1.33965,1.3399,1.60,1.60
2010.06.24 12:03:59.601,1.33965,1.3399,3.20,1.60
2010.06.24 12:04:01.094,1.33965,1.33985,1.60,1.00
2010.06.24 12:04:01.437,1.3395,1.33975,2.40,1.00
2010.06.24 12:04:02.173,1.3395,1.3397,1.60,1.00
2010.06.24 12:04:02.473,1.3394,1.3397,4.00,2.40
2010.06.24 12:04:06.185,1.3394,1.3396,3.20,1.60
2010.06.24 12:04:06.362,1.33935,1.3396,2.40,3.50
2010.06.24 12:04:06.529,1.3393,1.3396,3.20,3.50
2010.06.24 12:04:06.699,1.3393,1.33955,1.60,1.60
2010.06.24 12:04:08.013,1.33925,1.33955,5.60,1.60
2010.06.24 12:04:08.610,1.3393,1.3396,3.20,4.90
2010.06.24 12:04:08.759,1.3393,1.3396,2.40,3.70
2010.06.24 12:04:09.396,1.3393,1.3396,2.40,2.40
2010.06.24 12:04:13.605,1.3393,1.3396,1.00,2.40
2010.06.24 12:04:15.980,1.33925,1.33955,6.20,1.60
2010.06.24 12:04:16.201,1.3393,1.33955,1.00,1.60
2010.06.24 12:04:17.116,1.3393,1.33955,1.40,1.60
2010.06.24 12:04:17.404,1.3393,1.33955,1.00,1.60
2010.06.24 12:04:19.310,1.3393,1.33955,1.00,1.00
2010.06.24 12:04:19.509,1.3393,1.3396,1.00,3.50
2010.06.24 12:04:21.443,1.33935,1.3396,1.80,1.60
2010.06.24 12:04:21.721,1.33935,1.3396,3.40,1.60
2010.06.24 12:04:21.902,1.33935,1.3396,5.00,1.00
2010.06.24 12:04:22.077,1.33935,1.33965,5.00,2.70
2010.06.24 12:04:22.766,1.33935,1.33965,5.00,1.60
2010.06.24 12:04:23.786,1.33935,1.33965,3.40,1.60
2010.06.24 12:04:25.424,1.33935,1.33965,3.40,2.40
2010.06.24 12:04:26.233,1.33935,1.3396,3.40,1.00
2010.06.24 12:04:26.434,1.33935,1.3396,1.60,1.00
2010.06.24 12:04:26.642,1.3393,1.3396,5.00,1.00
2010.06.24 12:04:26.841,1.3393,1.3396,1.80,1.60
2010.06.24 12:04:27.722,1.33935,1.3396,1.60,1.60
2010.06.24 12:04:28.745,1.33935,1.3396,3.20,1.60
2010.06.24 12:04:30.581,1.33935,1.3396,1.00,1.60
2010.06.24 12:04:31.173,1.33935,1.3396,1.00,3.20
2010.06.24 12:04:31.354,1.33935,1.3396,1.00,1.60
2010.06.24 12:04:31.867,1.3393,1.3396,4.60,1.60
2010.06.24 12:04:32.732,1.3393,1.3396,5.40,1.60
2010.06.24 12:04:33.008,1.3393,1.3396,4.60,1.60
2010.06.24 12:04:34.360,1.3393,1.3396,6.20,1.60
2010.06.24 12:04:34.929,1.33935,1.3396,1.80,1.60
2010.06.24 12:04:36.289,1.33935,1.3396,3.40,1.60
2010.06.24 12:04:37.544,1.33935,1.3396,1.60,1.60
2010.06.24 12:04:37.799,1.3393,1.3396,6.20,1.60
2010.06.24 12:04:38.298,1.33935,1.3396,2.40,1.60
2010.06.24 12:04:38.628,1.33935,1.3396,1.60,1.60
2010.06.24 12:04:39.541,1.3394,1.3396,1.60,1.00
2010.06.24 12:04:39.701,1.3394,1.33965,2.40,1.20
2010.06.24 12:04:39.862,1.33945,1.33965,1.60,1.00
2010.06.24 12:04:40.017,1.33945,1.3397,1.60,1.00
2010.06.24 12:04:40.167,1.33945,1.3397,4.00,1.00
2010.06.24 12:04:40.758,1.33945,1.3397,3.20,1.00
2010.06.24 12:04:41.108,1.3393,1.33965,8.20,2.40
2010.06.24 12:04:41.454,1.3393,1.33965,8.20,3.20
2010.06.24 12:04:42.353,1.3394,1.33965,1.60,1.60
2010.06.24 12:04:44.620,1.3394,1.33965,3.20,1.00
2010.06.24 12:04:45.082,1.3394,1.33965,3.80,1.00
2010.06.24 12:04:45.837,1.3394,1.33965,5.40,1.00
2010.06.24 12:04:46.186,1.33945,1.3397,1.60,1.60
2010.06.24 12:04:49.171,1.3394,1.3397,5.40,1.60
2010.06.24 12:04:51.536,1.3394,1.3397,3.80,3.20
2010.06.24 12:04:52.215,1.3394,1.3397,1.60,3.20
2010.06.24 12:04:53.707,1.3394,1.3397,2.40,2.40
2010.06.24 12:04:57.433,1.3394,1.3397,3.00,2.40
2010.06.24 12:04:58.103,1.33945,1.3397,1.00,1.60
2010.06.24 12:04:58.248,1.3396,1.33985,4.80,3.20
2010.06.24 12:04:58.394,1.3396,1.33985,3.20,1.60
2010.06.24 12:04:59.048,1.3396,1.33985,1.60,1.60
2010.06.24 12:04:59.197,1.3396,1.33985,1.60,2.40
2010.06.24 12:05:01.315,1.3396,1.33975,1.60,1.00
2010.06.24 12:05:02.202,1.33955,1.33975,1.60,1.60
2010.06.24 12:05:02.557,1.33945,1.3397,1.60,1.60
2010.06.24 12:05:02.696,1.33945,1.3397,2.40,1.60
2010.06.24 12:05:03.407,1.33945,1.33965,1.60,1.60
2010.06.24 12:05:03.751,1.3394,1.3397,4.20,4.30
2010.06.24 12:05:04.088,1.33945,1.3397,1.60,2.70
2010.06.24 12:05:05.058,1.33945,1.3397,1.60,1.00
2010.06.24 12:05:05.334,1.3395,1.33965,1.60,1.60
2010.06.24 12:05:05.609,1.3394,1.33965,3.20,1.60
2010.06.24 12:05:05.881,1.3394,1.3397,3.20,1.40
2010.06.24 12:05:06.881,1.3394,1.3397,3.80,1.00
2010.06.24 12:05:10.267,1.3394,1.3397,3.20,1.60
2010.06.24 12:05:10.468,1.33945,1.3397,1.60,1.00
2010.06.24 12:05:11.201,1.33945,1.3397,1.60,1.60
2010.06.24 12:05:18.737,1.33945,1.3397,2.40,1.00
2010.06.24 12:05:18.927,1.3395,1.3397,1.60,1.00
2010.06.24 12:05:19.116,1.3395,1.33975,1.60,2.40
2010.06.24 12:05:21.962,1.33945,1.33975,4.00,3.60
2010.06.24 12:05:22.170,1.33945,1.33975,5.40,1.00
2010.06.24 12:05:22.409,1.33945,1.33975,3.80,1.60
2010.06.24 12:05:22.641,1.33945,1.33975,3.20,1.60
2010.06.24 12:05:23.575,1.3395,1.33975,1.60,1.60
2010.06.24 12:05:25.057,1.3395,1.33975,1.60,3.50
2010.06.24 12:05:25.374,1.33955,1.33975,1.60,1.60
2010.06.24 12:05:25.683,1.33955,1.3398,1.60,3.20
2010.06.24 12:05:25.991,1.33955,1.3398,1.60,3.50
2010.06.24 12:05:26.298,1.3395,1.3398,5.00,1.60
2010.06.24 12:05:27.169,1.33955,1.3398,1.60,1.60
2010.06.24 12:05:27.727,1.33955,1.3398,1.60,2.40
2010.06.24 12:05:27.897,1.33955,1.3398,1.60,3.20
2010.06.24 12:05:31.318,1.3395,1.3398,1.60,3.20
2010.06.24 12:05:32.300,1.3395,1.33975,1.60,1.60
2010.06.24 12:05:32.410,1.3395,1.33975,1.60,1.00
2010.06.24 12:05:32.639,1.3395,1.33975,1.60,1.60
2010.06.24 12:05:32.859,1.3395,1.33975,1.60,2.40
2010.06.24 12:05:38.538,1.3395,1.33975,1.60,1.60
2010.06.24 12:05:43.769,1.3395,1.33975,1.60,1.90
2010.06.24 12:05:43.946,1.3395,1.33975,1.60,1.00
2010.06.24 12:05:47.958,1.33945,1.33975,4.20,1.00
2010.06.24 12:05:48.003,1.33945,1.33965,3.40,2.40
2010.06.24 12:05:48.077,1.33945,1.33965,1.80,2.40
2010.06.24 12:05:48.218,1.33945,1.3396,1.60,2.10
2010.06.24 12:05:48.358,1.3394,1.3396,1.60,2.10
2010.06.24 12:05:48.497,1.3394,1.3396,1.60,2.40
2010.06.24 12:05:49.363,1.33935,1.33955,2.40,3.50
2010.06.24 12:05:49.638,1.33935,1.33955,1.00,3.50
2010.06.24 12:05:50.199,1.33935,1.33955,2.40,1.90
2010.06.24 12:05:50.965,1.33935,1.3396,2.40,4.30
2010.06.24 12:05:51.313,1.33935,1.3396,2.40,3.20
2010.06.24 12:05:51.777,1.33935,1.3396,2.40,3.50
2010.06.24 12:05:52.587,1.33935,1.3395,2.40,1.00
2010.06.24 12:05:52.697,1.33935,1.3395,1.00,1.00
2010.06.24 12:05:53.284,1.3393,1.3395,4.00,1.00
2010.06.24 12:05:53.407,1.3393,1.3395,2.40,3.20
2010.06.24 12:05:54.040,1.3393,1.3395,2.40,2.40
2010.06.24 12:05:56.855,1.3393,1.33955,2.40,4.10
2010.06.24 12:05:57.182,1.3393,1.33955,1.60,4.10
2010.06.24 12:05:58.097,1.3393,1.33955,2.40,4.10
2010.06.24 12:06:00.818,1.3393,1.3395,2.40,2.40
2010.06.24 12:06:01.902,1.33935,1.33955,1.60,1.70
2010.06.24 12:06:01.990,1.33935,1.33955,1.60,1.30
2010.06.24 12:06:02.080,1.33935,1.33955,1.60,1.00
2010.06.24 12:06:02.337,1.33935,1.33955,1.60,2.40
2010.06.24 12:06:02.427,1.33935,1.33955,1.60,4.10
2010.06.24 12:06:02.516,1.3393,1.33955,2.40,4.10
2010.06.24 12:06:02.607,1.3393,1.33955,2.40,1.20
2010.06.24 12:06:03.474,1.3393,1.33955,3.20,1.00
2010.06.24 12:06:03.775,1.33935,1.3396,1.60,1.00
2010.06.24 12:06:04.577,1.33935,1.33955,1.60,1.00
2010.06.24 12:06:05.502,1.33935,1.3396,1.60,3.70
2010.06.24 12:06:05.815,1.33935,1.33955,1.60,1.00
2010.06.24 12:06:06.998,1.3393,1.33955,2.40,1.00
2010.06.24 12:06:07.718,1.3393,1.33955,2.40,3.70
2010.06.24 12:06:07.958,1.3393,1.33955,2.40,4.10
2010.06.24 12:06:09.275,1.3393,1.33945,2.40,1.60
2010.06.24 12:06:09.526,1.33925,1.3395,1.00,1.10
2010.06.24 12:06:09.772,1.33925,1.3395,2.40,1.10
2010.06.24 12:06:10.537,1.33925,1.33955,2.40,5.50
2010.06.24 12:06:10.827,1.33925,1.33955,2.40,4.70
2010.06.24 12:06:11.675,1.33925,1.3395,2.40,3.70
2010.06.24 12:06:11.750,1.3392,1.33945,4.00,1.00
2010.06.24 12:06:12.366,1.3392,1.33945,3.20,1.00
2010.06.24 12:06:12.447,1.3392,1.3395,3.20,4.30
2010.06.24 12:06:12.528,1.3392,1.3394,3.20,1.60
2010.06.24 12:06:13.590,1.33925,1.3394,1.60,1.60
2010.06.24 12:06:14.692,1.33925,1.33945,1.60,3.30
2010.06.24 12:06:15.324,1.33925,1.33945,1.60,1.50
2010.06.24 12:06:15.614,1.3392,1.3395,3.40,4.30
2010.06.24 12:06:15.906,1.33925,1.3395,2.40,1.10
2010.06.24 12:06:16.862,1.33925,1.33955,2.40,2.70
2010.06.24 12:06:19.428,1.33925,1.33955,1.60,4.30
2010.06.24 12:06:20.150,1.33925,1.33955,1.60,4.70
2010.06.24 12:06:20.827,1.33925,1.3395,1.60,3.20
2010.06.24 12:06:21.168,1.3392,1.3395,3.20,3.90
2010.06.24 12:06:21.357,1.3392,1.3395,3.20,5.50
2010.06.24 12:06:22.304,1.3392,1.3395,1.60,6.00
2010.06.24 12:06:22.422,1.33915,1.3395,2.60,6.30
2010.06.24 12:06:22.536,1.33915,1.3395,2.60,7.10
2010.06.24 12:06:22.656,1.33915,1.3395,2.60,6.30
2010.06.24 12:06:22.776,1.33915,1.33945,2.60,1.00
2010.06.24 12:06:24.189,1.33915,1.3394,4.20,1.00
2010.06.24 12:06:25.556,1.33915,1.3394,4.20,1.10
2010.06.24 12:06:25.886,1.33915,1.3394,3.20,2.40
2010.06.24 12:06:26.148,1.33915,1.3394,2.40,2.40
2010.06.24 12:06:27.888,1.33915,1.3394,1.00,2.40
2010.06.24 12:06:28.419,1.33915,1.33935,1.00,1.60
2010.06.24 12:06:28.498,1.33915,1.3393,1.00,1.60
2010.06.24 12:06:28.577,1.3391,1.3393,1.00,1.00
2010.06.24 12:06:28.657,1.3391,1.33925,1.00,1.60
2010.06.24 12:06:28.738,1.3391,1.3393,2.40,1.10
2010.06.24 12:06:29.536,1.3391,1.3394,2.60,3.50
2010.06.24 12:06:29.872,1.3391,1.3394,2.40,2.40
2010.06.24 12:06:31.237,1.3391,1.3394,2.40,1.00
2010.06.24 12:06:31.437,1.3391,1.3394,2.40,2.40
2010.06.24 12:06:33.228,1.3391,1.33935,2.40,1.00
2010.06.24 12:06:34.960,1.3391,1.3394,2.40,2.70
2010.06.24 12:06:36.139,1.33915,1.33945,1.60,5.90
2010.06.24 12:06:36.431,1.33915,1.33945,3.20,4.30
2010.06.24 12:06:37.259,1.3392,1.33945,1.60,3.50
2010.06.24 12:06:37.977,1.3392,1.33945,1.60,1.90
2010.06.24 12:06:38.064,1.3392,1.33945,3.20,1.10
2010.06.24 12:06:38.227,1.3392,1.33945,4.80,1.10
2010.06.24 12:06:38.546,1.3392,1.33945,3.20,2.70
2010.06.24 12:06:38.708,1.3392,1.33945,3.20,1.10
2010.06.24 12:06:38.787,1.3392,1.33945,3.20,1.00
2010.06.24 12:06:38.867,1.3392,1.33945,1.60,1.00
2010.06.24 12:06:39.497,1.3392,1.33945,1.60,1.90
2010.06.24 12:06:40.068,1.3392,1.33945,1.60,2.40
2010.06.24 12:06:40.969,1.3392,1.3394,1.60,1.00
2010.06.24 12:06:41.312,1.3392,1.3394,1.60,2.70
2010.06.24 12:06:41.658,1.3392,1.3394,1.60,1.60
2010.06.24 12:06:42.350,1.33925,1.3394,1.60,1.60
2010.06.24 12:06:43.136,1.3392,1.3394,1.60,2.70
2010.06.24 12:06:44.503,1.3392,1.3394,1.60,1.90
2010.06.24 12:06:45.338,1.3392,1.3394,1.60,2.70
2010.06.24 12:06:46.519,1.3392,1.3394,1.60,1.90
2010.06.24 12:06:46.718,1.33915,1.3394,1.60,1.90
2010.06.24 12:06:46.919,1.33915,1.3394,1.60,3.50
2010.06.24 12:06:47.197,1.33915,1.3394,1.60,4.30
2010.06.24 12:06:47.984,1.33915,1.3394,1.60,2.40
2010.06.24 12:06:48.816,1.33915,1.3394,1.60,4.00
2010.06.24 12:06:49.249,1.33915,1.3394,1.60,4.30
2010.06.24 12:06:51.568,1.33915,1.3394,1.60,2.70
2010.06.24 12:06:51.916,1.3392,1.3394,1.60,2.70
2010.06.24 12:06:52.262,1.33915,1.3394,1.60,2.70
2010.06.24 12:06:52.609,1.33915,1.3394,1.60,1.90
2010.06.24 12:06:53.829,1.33915,1.3393,1.60,1.00
2010.06.24 12:06:54.016,1.3391,1.3393,2.40,2.40
2010.06.24 12:06:54.204,1.3391,1.33925,1.60,1.00
2010.06.24 12:06:54.955,1.339,1.33925,1.60,1.60
2010.06.24 12:06:55.235,1.339,1.33925,1.60,3.20
2010.06.24 12:06:55.523,1.339,1.3392,1.60,1.00
2010.06.24 12:06:57.342,1.33895,1.3392,1.80,2.40
2010.06.24 12:06:57.450,1.33895,1.3392,1.60,2.40
2010.06.24 12:06:57.636,1.33895,1.33915,1.60,2.40
2010.06.24 12:06:57.729,1.3389,1.33915,1.00,2.40
2010.06.24 12:06:57.757,1.3389,1.3392,1.00,2.80
2010.06.24 12:06:58.350,1.3389,1.3392,1.00,4.90
2010.06.24 12:06:58.590,1.3389,1.33915,1.60,1.10
2010.06.24 12:06:59.068,1.3389,1.33915,1.80,1.10
2010.06.24 12:07:00.465,1.3389,1.33915,1.90,1.10
2010.06.24 12:07:00.749,1.3389,1.3392,2.70,1.20
2010.06.24 12:07:00.892,1.33895,1.33915,3.20,1.60
2010.06.24 12:07:01.611,1.33895,1.33915,1.00,1.00
2010.06.24 12:07:01.840,1.3389,1.33915,3.50,1.10
2010.06.24 12:07:04.082,1.339,1.33925,1.60,1.90
2010.06.24 12:07:04.446,1.339,1.33925,1.80,1.00
2010.06.24 12:07:05.175,1.3391,1.3393,2.60,2.40
2010.06.24 12:07:05.524,1.33925,1.33945,1.00,1.60
2010.06.24 12:07:06.687,1.3392,1.33945,1.80,1.60
2010.06.24 12:07:07.438,1.3392,1.33945,1.60,1.60
2010.06.24 12:07:07.690,1.3392,1.3395,1.60,2.40
2010.06.24 12:07:07.950,1.3392,1.33945,1.60,1.60
2010.06.24 12:07:10.168,1.33915,1.33945,6.70,1.60
2010.06.24 12:07:10.976,1.3392,1.33945,1.60,1.60
2010.06.24 12:07:11.161,1.3392,1.33945,1.60,2.40
2010.06.24 12:07:11.536,1.33915,1.3394,3.20,1.00
2010.06.24 12:07:12.386,1.3391,1.3394,1.60,4.70
2010.06.24 12:07:12.724,1.33905,1.33935,2.60,2.40
2010.06.24 12:07:13.061,1.33905,1.33935,2.40,5.70
2010.06.24 12:07:13.871,1.33905,1.3393,1.00,1.00
2010.06.24 12:07:14.313,1.33905,1.3393,1.00,1.60
2010.06.24 12:07:14.528,1.33905,1.3393,1.00,1.00
2010.06.24 12:07:15.432,1.33905,1.33935,5.80,3.20
2010.06.24 12:07:15.758,1.3391,1.3394,1.60,4.80
2010.06.24 12:07:16.081,1.33915,1.33945,2.60,2.50
2010.06.24 12:07:16.696,1.33915,1.33945,4.20,2.50
2010.06.24 12:07:16.985,1.33915,1.33945,5.80,2.40
2010.06.24 12:07:21.190,1.33915,1.3394,5.00,1.00
2010.06.24 12:07:21.310,1.33915,1.3394,4.80,1.00
2010.06.24 12:07:21.419,1.33915,1.3394,3.20,2.40
2010.06.24 12:07:22.186,1.33915,1.3394,3.20,3.20
2010.06.24 12:07:25.085,1.33915,1.3394,3.20,1.60
2010.06.24 12:07:27.389,1.33915,1.3394,3.40,1.60
2010.06.24 12:07:27.636,1.3392,1.33945,2.40,1.00
2010.06.24 12:07:28.656,1.33925,1.3395,1.60,3.20
2010.06.24 12:07:29.135,1.33935,1.3395,1.00,1.00
2010.06.24 12:07:29.833,1.3392,1.3395,5.80,1.90
2010.06.24 12:07:30.175,1.3392,1.3395,3.20,2.50
2010.06.24 12:07:30.511,1.3393,1.3395,1.60,1.00
2010.06.24 12:07:30.851,1.3392,1.3395,4.80,1.00
2010.06.24 12:07:31.537,1.33925,1.3395,1.60,1.00
2010.06.24 12:07:32.853,1.33925,1.33945,1.60,1.00
2010.06.24 12:07:33.049,1.3393,1.33955,1.60,4.80
2010.06.24 12:07:33.927,1.33925,1.33955,1.60,5.60
2010.06.24 12:07:34.239,1.33925,1.33955,1.60,4.00
2010.06.24 12:07:36.359,1.3393,1.33955,1.60,4.00
2010.06.24 12:07:37.190,1.3393,1.33955,1.60,3.20
2010.06.24 12:07:39.238,1.3393,1.33955,1.60,2.40
2010.06.24 12:07:43.787,1.3393,1.33955,1.60,1.00
2010.06.24 12:07:43.975,1.3393,1.33955,1.60,2.40
2010.06.24 12:07:46.327,1.3393,1.33955,1.60,4.40
2010.06.24 12:07:46.476,1.3393,1.33955,1.60,5.70
2010.06.24 12:07:48.689,1.33945,1.33975,4.00,1.40
2010.06.24 12:07:48.758,1.33945,1.33975,4.00,1.00
2010.06.24 12:07:48.827,1.33955,1.3398,1.60,3.90
2010.06.24 12:07:48.899,1.33955,1.3398,1.60,3.10
2010.06.24 12:07:49.672,1.3395,1.3398,3.20,3.10
2010.06.24 12:07:54.545,1.3395,1.3397,3.20,1.60
2010.06.24 12:07:54.850,1.3395,1.3397,1.60,1.60
2010.06.24 12:07:54.948,1.33945,1.3397,3.20,1.60
2010.06.24 12:07:55.618,1.3395,1.3397,1.60,1.60
2010.06.24 12:07:58.231,1.33955,1.3398,2.40,1.20
2010.06.24 12:07:58.537,1.3396,1.3398,2.40,1.20
2010.06.24 12:07:59.562,1.3396,1.33985,2.40,2.40
2010.06.24 12:08:02.070,1.3396,1.3398,2.40,1.60
2010.06.24 12:08:02.826,1.3396,1.3398,1.00,1.60
2010.06.24 12:08:03.518,1.3396,1.33985,1.00,2.40
2010.06.24 12:08:04.543,1.3396,1.33985,2.40,2.40
2010.06.24 12:08:04.838,1.3396,1.3398,1.00,1.00
2010.06.24 12:08:05.728,1.33955,1.3398,2.40,1.00
2010.06.24 12:08:06.457,1.33955,1.3398,4.00,1.00
2010.06.24 12:08:06.908,1.3396,1.3398,1.60,1.00
2010.06.24 12:08:08.661,1.33955,1.33975,2.40,1.00
2010.06.24 12:08:08.916,1.3395,1.33975,3.20,1.00
2010.06.24 12:08:09.407,1.3395,1.33975,3.20,2.40
2010.06.24 12:08:09.537,1.3395,1.33975,3.20,1.00
2010.06.24 12:08:10.594,1.3395,1.3398,3.20,3.50
2010.06.24 12:08:10.846,1.3395,1.3398,3.20,4.30
2010.06.24 12:08:11.093,1.3395,1.33975,3.20,1.60
2010.06.24 12:08:11.331,1.3395,1.33975,1.60,1.60
2010.06.24 12:08:12.146,1.3395,1.3398,3.20,4.00
2010.06.24 12:08:12.377,1.3395,1.3398,3.20,4.30
2010.06.24 12:08:13.891,1.3395,1.3398,3.20,6.40
2010.06.24 12:08:14.156,1.33955,1.33985,1.60,6.00
2010.06.24 12:08:14.295,1.3396,1.33985,1.60,2.40
2010.06.24 12:08:14.433,1.3396,1.3399,4.00,4.90
2010.06.24 12:08:15.111,1.3396,1.3399,4.80,2.10
2010.06.24 12:08:15.466,1.3396,1.33995,6.60,5.20
2010.06.24 12:08:16.148,1.33965,1.33995,1.60,4.40
2010.06.24 12:08:16.480,1.33965,1.3398,1.60,1.60
2010.06.24 12:08:17.369,1.3396,1.33985,3.20,1.60
2010.06.24 12:08:19.399,1.3396,1.3398,1.60,3.20
2010.06.24 12:08:19.674,1.3396,1.3398,1.00,5.30
2010.06.24 12:08:20.504,1.3396,1.3398,1.00,4.80
2010.06.24 12:08:20.803,1.3396,1.3398,1.00,4.00
2010.06.24 12:08:21.101,1.3396,1.3398,1.00,3.20
2010.06.24 12:08:21.402,1.3396,1.3398,1.00,3.70
2010.06.24 12:08:22.892,1.33935,1.33955,4.00,1.50
2010.06.24 12:08:22.988,1.33935,1.33955,3.20,1.20
2010.06.24 12:08:23.266,1.33935,1.33955,3.20,1.00
2010.06.24 12:08:24.142,1.33935,1.33955,3.20,1.00
2010.06.24 12:08:24.391,1.33935,1.33955,3.20,1.00
2010.06.24 12:08:24.892,1.3394,1.3396,1.00,2.90
2010.06.24 12:08:25.566,1.3394,1.3396,1.00,2.40
2010.06.24 12:08:25.921,1.3394,1.3396,3.20,2.40
2010.06.24 12:08:26.121,1.3394,1.3396,3.20,4.80
2010.06.24 12:08:26.889,1.3394,1.3396,3.20,2.40
2010.06.24 12:08:27.095,1.3394,1.3396,3.20,1.00
2010.06.24 12:08:27.423,1.3394,1.33965,3.20,1.60
2010.06.24 12:08:29.370,1.3394,1.33965,3.20,4.10
2010.06.24 12:08:30.002,1.3394,1.3396,3.20,1.00
2010.06.24 12:08:30.237,1.33925,1.3395,1.60,1.60
2010.06.24 12:08:30.473,1.33925,1.3395,1.60,3.20
2010.06.24 12:08:31.268,1.33925,1.33945,1.00,1.60
2010.06.24 12:08:31.621,1.3389,1.33915,2.60,1.00
2010.06.24 12:08:32.428,1.3389,1.33905,1.60,2.80
2010.06.24 12:08:32.677,1.3387,1.33895,1.80,1.00
2010.06.24 12:08:33.459,1.3387,1.33895,1.60,1.00
2010.06.24 12:08:33.799,1.3387,1.33895,3.20,1.00
2010.06.24 12:08:34.140,1.3386,1.33885,2.60,2.00
2010.06.24 12:08:34.494,1.33855,1.3388,1.00,2.40
2010.06.24 12:08:35.426,1.33855,1.3388,1.00,3.30
2010.06.24 12:08:35.776,1.33855,1.33875,1.00,1.60
2010.06.24 12:08:36.100,1.3385,1.33875,1.00,1.60
2010.06.24 12:08:38.444,1.3385,1.3387,1.00,1.00
2010.06.24 12:08:38.674,1.33845,1.3387,1.00,5.30
2010.06.24 12:08:38.906,1.33845,1.33875,1.00,2.40
2010.06.24 12:08:39.129,1.33845,1.33875,1.00,2.40
2010.06.24 12:08:39.923,1.33845,1.33875,1.00,4.00
2010.06.24 12:08:40.219,1.33845,1.33875,1.00,2.40
2010.06.24 12:08:40.509,1.33845,1.33875,1.80,1.60
2010.06.24 12:08:41.245,1.33845,1.3388,5.00,6.50
2010.06.24 12:08:41.596,1.3385,1.3388,1.60,3.50
2010.06.24 12:08:41.944,1.33845,1.33875,5.40,1.60
2010.06.24 12:08:43.414,1.33845,1.33875,5.40,2.40
2010.06.24 12:08:43.598,1.3384,1.33865,2.60,3.70
2010.06.24 12:08:43.785,1.33835,1.33865,3.40,5.40
2010.06.24 12:08:44.530,1.33835,1.33865,3.40,6.20
2010.06.24 12:08:44.820,1.3384,1.3386,1.60,1.60
2010.06.24 12:08:45.689,1.33835,1.33855,3.40,1.00
2010.06.24 12:08:46.634,1.3383,1.33855,1.60,1.60
2010.06.24 12:08:50.105,1.33825,1.33855,3.40,1.60
2010.06.24 12:08:50.729,1.33825,1.3386,5.00,2.40
2010.06.24 12:08:52.348,1.3383,1.33855,1.80,1.60
2010.06.24 12:08:52.547,1.33835,1.33855,1.60,1.60
2010.06.24 12:08:52.929,1.33835,1.3386,1.80,3.10
2010.06.24 12:08:53.680,1.33835,1.3386,1.80,1.90
2010.06.24 12:08:53.829,1.33835,1.3386,1.80,1.60
2010.06.24 12:08:53.968,1.33835,1.3386,2.60,1.60
2010.06.24 12:08:54.107,1.33835,1.3386,3.40,1.60
2010.06.24 12:08:55.285,1.33835,1.3386,3.20,1.60
2010.06.24 12:08:55.970,1.33835,1.3386,3.40,1.60
2010.06.24 12:08:57.517,1.3384,1.33865,2.60,1.00
2010.06.24 12:08:57.673,1.3384,1.3387,2.60,1.90
2010.06.24 12:08:57.830,1.3384,1.3387,5.00,1.00
2010.06.24 12:08:57.980,1.3385,1.33875,1.60,4.70
2010.06.24 12:08:58.135,1.33855,1.33875,1.00,1.60
2010.06.24 12:08:58.855,1.3386,1.33875,1.00,1.60
2010.06.24 12:08:59.095,1.3386,1.3389,3.20,2.10
2010.06.24 12:08:59.893,1.33865,1.33895,2.40,2.40
2010.06.24 12:09:00.115,1.3386,1.3389,1.60,4.30
2010.06.24 12:09:00.465,1.3386,1.33885,1.60,1.60
2010.06.24 12:09:01.384,1.33855,1.33885,1.60,1.00
2010.06.24 12:09:01.706,1.33855,1.33875,1.60,1.00
2010.06.24 12:09:02.023,1.3385,1.3387,1.00,1.20
2010.06.24 12:09:02.343,1.33845,1.3387,1.00,1.50
2010.06.24 12:09:02.923,1.33845,1.3387,1.00,1.10
2010.06.24 12:09:03.151,1.33845,1.33875,2.40,4.50
2010.06.24 12:09:03.376,1.33845,1.33875,2.40,3.20
2010.06.24 12:09:06.370,1.33845,1.3388,5.80,3.50
2010.06.24 12:09:06.590,1.3385,1.33875,2.40,1.60
2010.06.24 12:09:06.808,1.3385,1.3388,2.40,1.90
2010.06.24 12:09:08.251,1.3385,1.3388,1.00,2.70
2010.06.24 12:09:09.752,1.3385,1.3388,1.40,2.70
2010.06.24 12:09:10.082,1.3385,1.3388,4.00,1.90
2010.06.24 12:09:10.400,1.3385,1.3388,2.20,1.90
2010.06.24 12:09:11.306,1.3385,1.3388,1.60,2.70
2010.06.24 12:09:11.567,1.3385,1.3388,1.60,1.90
2010.06.24 12:09:12.327,1.3385,1.3388,1.00,2.70
2010.06.24 12:09:13.438,1.3385,1.33875,2.40,1.00
2010.06.24 12:09:13.620,1.3385,1.3388,2.40,5.70
2010.06.24 12:09:13.707,1.3385,1.3388,4.00,3.70
2010.06.24 12:09:14.375,1.3385,1.3388,2.40,3.50
2010.06.24 12:09:14.473,1.3385,1.3388,2.40,2.70
2010.06.24 12:09:17.857,1.3385,1.33875,2.40,1.00
2010.06.24 12:09:17.966,1.3385,1.33875,4.00,1.00
2010.06.24 12:09:18.077,1.3385,1.33875,2.40,1.00
2010.06.24 12:09:18.836,1.3385,1.33875,1.00,1.00
2010.06.24 12:09:19.242,1.3385,1.33875,2.40,1.00
2010.06.24 12:09:19.442,1.3385,1.33875,2.40,2.40
2010.06.24 12:09:20.200,1.3385,1.33875,1.00,3.20
2010.06.24 12:09:20.528,1.33845,1.33865,1.60,1.60
2010.06.24 12:09:20.855,1.33835,1.3386,5.60,4.80
2010.06.24 12:09:21.452,1.33835,1.3386,4.00,4.80
2010.06.24 12:09:21.805,1.33835,1.33865,4.80,4.30
2010.06.24 12:09:22.726,1.33835,1.33865,4.80,1.60
2010.06.24 12:09:23.022,1.33835,1.33865,4.80,4.80
2010.06.24 12:09:23.315,1.3383,1.3386,3.20,2.40
2010.06.24 12:09:24.209,1.33825,1.33855,1.60,6.70
2010.06.24 12:09:24.458,1.33815,1.3384,1.80,1.00
2010.06.24 12:09:25.394,1.33815,1.3384,1.60,1.00
2010.06.24 12:09:26.416,1.33815,1.3384,1.80,1.00
2010.06.24 12:09:27.523,1.33815,1.3384,1.60,1.00
2010.06.24 12:09:27.768,1.33815,1.3384,1.80,1.00
2010.06.24 12:09:28.563,1.3382,1.3384,1.60,1.00
2010.06.24 12:09:28.866,1.3382,1.33845,1.60,1.60
2010.06.24 12:09:30.470,1.3382,1.3384,1.60,1.00
2010.06.24 12:09:30.792,1.33815,1.3384,1.80,2.40
2010.06.24 12:09:31.407,1.33805,1.33835,5.70,1.60
2010.06.24 12:09:31.723,1.33805,1.33835,5.80,1.60
2010.06.24 12:09:32.040,1.3381,1.33835,1.60,1.00
2010.06.24 12:09:32.357,1.3381,1.33835,1.60,2.90
2010.06.24 12:09:33.227,1.33805,1.3383,3.40,1.60
2010.06.24 12:09:33.500,1.33805,1.3383,3.20,1.00
2010.06.24 12:09:34.344,1.33805,1.33835,3.20,6.00
2010.06.24 12:09:34.611,1.33805,1.3383,3.40,1.10
2010.06.24 12:09:34.878,1.33805,1.33835,3.40,5.70
2010.06.24 12:09:35.771,1.3381,1.33835,1.60,5.70
2010.06.24 12:09:36.121,1.33805,1.33835,3.40,5.40
2010.06.24 12:09:37.509,1.33805,1.33835,3.20,5.40
2010.06.24 12:09:38.317,1.33805,1.33835,1.60,6.20
2010.06.24 12:09:38.488,1.33805,1.33835,1.80,6.20
2010.06.24 12:09:39.368,1.33805,1.3383,1.60,1.00
2010.06.24 12:09:42.996,1.338,1.33825,3.20,1.00
2010.06.24 12:09:44.444,1.3379,1.3381,2.40,1.60
2010.06.24 12:09:44.734,1.3379,1.3381,2.40,4.50
2010.06.24 12:09:45.713,1.33785,1.3381,2.40,5.20
2010.06.24 12:09:46.042,1.33785,1.33805,1.60,1.60
2010.06.24 12:09:46.930,1.33775,1.33805,2.40,2.40
2010.06.24 12:09:47.216,1.3377,1.338,3.20,4.00
2010.06.24 12:09:47.493,1.3377,1.338,2.40,5.60
2010.06.24 12:09:48.110,1.3377,1.338,1.60,5.60
2010.06.24 12:09:48.406,1.3377,1.338,2.60,4.00
2010.06.24 12:09:49.285,1.33775,1.338,1.60,2.40
2010.06.24 12:09:51.950,1.3377,1.338,1.00,2.40
2010.06.24 12:09:52.998,1.33775,1.33805,4.00,1.00
2010.06.24 12:09:53.681,1.33775,1.33805,4.80,2.40
2010.06.24 12:09:54.826,1.33775,1.33805,3.20,3.70
2010.06.24 12:09:54.991,1.33775,1.33805,1.60,5.30
2010.06.24 12:09:55.308,1.33775,1.338,1.60,2.40
2010.06.24 12:09:56.219,1.3377,1.338,1.00,3.20
2010.06.24 12:09:58.238,1.3377,1.338,2.40,1.60
2010.06.24 12:09:58.440,1.3377,1.338,1.00,3.20
2010.06.24 12:09:59.253,1.33775,1.338,1.60,4.80
2010.06.24 12:09:59.552,1.3377,1.338,1.00,4.80
2010.06.24 12:10:02.833,1.3377,1.338,2.40,3.20
2010.06.24 12:10:03.918,1.3377,1.338,3.20,1.60
2010.06.24 12:10:04.117,1.3377,1.338,2.40,3.20
2010.06.24 12:10:05.271,1.3377,1.338,2.40,4.80
2010.06.24 12:10:05.607,1.3377,1.338,1.60,4.80
2010.06.24 12:10:06.686,1.3377,1.338,1.60,6.40
2010.06.24 12:10:07.025,1.3377,1.338,2.40,5.60
2010.06.24 12:10:07.950,1.33765,1.338,5.80,6.40
2010.06.24 12:10:08.250,1.3377,1.33795,1.60,1.00
2010.06.24 12:10:08.848,1.33765,1.33795,5.60,1.00
2010.06.24 12:10:09.849,1.33765,1.33795,5.60,1.60
2010.06.24 12:10:10.232,1.33765,1.33795,5.60,2.40
2010.06.24 12:10:10.850,1.33765,1.33795,5.60,4.00
2010.06.24 12:10:11.180,1.33765,1.3379,1.60,1.60
2010.06.24 12:10:12.201,1.33765,1.3379,1.60,2.40
2010.06.24 12:10:12.504,1.3376,1.3379,4.00,2.40
2010.06.24 12:10:14.165,1.3376,1.3379,4.00,1.60
2010.06.24 12:10:15.579,1.33765,1.3379,1.60,1.60
2010.06.24 12:10:16.929,1.33765,1.33795,1.60,7.60
2010.06.24 12:10:17.608,1.33765,1.33795,1.80,8.90
2010.06.24 12:10:18.547,1.33775,1.33795,1.00,2.10
2010.06.24 12:10:18.847,1.33775,1.33795,1.80,1.60
2010.06.24 12:10:19.448,1.33775,1.33795,2.60,1.60
2010.06.24 12:10:19.767,1.3378,1.3381,2.60,4.50
2010.06.24 12:10:20.020,1.3378,1.3381,2.60,5.30
2010.06.24 12:10:21.159,1.3378,1.33805,1.00,3.20
2010.06.24 12:10:21.246,1.3378,1.33805,1.00,1.60
2010.06.24 12:10:21.885,1.3378,1.33805,1.00,1.60
2010.06.24 12:10:21.903,1.3378,1.33805,1.00,3.20
2010.06.24 12:10:23.303,1.3378,1.33805,2.40,3.20
2010.06.24 12:10:23.423,1.3379,1.33805,1.00,1.60
2010.06.24 12:10:23.538,1.3379,1.33815,1.00,3.20
2010.06.24 12:10:24.249,1.338,1.33825,2.60,3.30
2010.06.24 12:10:24.596,1.3381,1.33835,1.60,1.60
2010.06.24 12:10:26.246,1.33815,1.33845,2.60,2.40
2010.06.24 12:10:26.441,1.33815,1.33845,1.80,4.80
2010.06.24 12:10:26.629,1.33815,1.33845,1.80,4.00
2010.06.24 12:10:27.253,1.33815,1.33845,1.80,5.60
2010.06.24 12:10:27.573,1.33815,1.33845,1.00,4.80
2010.06.24 12:10:27.905,1.33815,1.33845,1.00,5.60
2010.06.24 12:10:29.140,1.3381,1.3384,4.80,2.50
2010.06.24 12:10:29.361,1.3381,1.33835,1.60,1.60
2010.06.24 12:10:30.177,1.3381,1.3384,3.20,4.00
2010.06.24 12:10:30.500,1.3382,1.3384,3.00,2.40
2010.06.24 12:10:31.298,1.3382,1.33845,4.60,2.40
2010.06.24 12:10:31.646,1.3383,1.3386,1.60,3.20
2010.06.24 12:10:31.995,1.3383,1.3386,1.60,1.60
2010.06.24 12:10:32.911,1.33835,1.33865,1.80,4.80
2010.06.24 12:10:33.255,1.33835,1.33865,1.60,4.00
2010.06.24 12:10:33.598,1.33835,1.33865,1.80,4.00
2010.06.24 12:10:33.888,1.33835,1.33865,3.40,2.40
2010.06.24 12:10:34.039,1.3384,1.3387,1.00,6.10
2010.06.24 12:10:34.665,1.3385,1.3387,1.00,4.00
2010.06.24 12:10:34.834,1.33855,1.3388,1.00,1.60
2010.06.24 12:10:36.052,1.33855,1.33875,1.00,1.60
2010.06.24 12:10:36.392,1.3385,1.33875,2.60,1.60
2010.06.24 12:10:37.044,1.3385,1.3388,2.40,4.00
2010.06.24 12:10:37.977,1.3385,1.3388,1.00,4.80
2010.06.24 12:10:38.738,1.3385,1.3388,2.40,4.00
2010.06.24 12:10:40.020,1.3385,1.3388,1.60,6.80
2010.06.24 12:10:40.636,1.33845,1.33875,3.80,1.60
2010.06.24 12:10:40.984,1.3386,1.3389,1.60,2.40
2010.06.24 12:10:41.328,1.3386,1.33885,1.60,1.60
2010.06.24 12:10:42.237,1.33855,1.33885,4.00,3.00
2010.06.24 12:10:42.586,1.33855,1.3388,1.60,2.40
2010.06.24 12:10:44.279,1.3386,1.3388,1.60,1.00
2010.06.24 12:10:44.364,1.33855,1.3388,2.20,1.00
2010.06.24 12:10:44.437,1.33855,1.3388,1.60,1.00
2010.06.24 12:10:45.787,1.33865,1.33895,3.40,2.40
2010.06.24 12:10:46.105,1.3387,1.33895,1.00,1.60
2010.06.24 12:10:46.995,1.3387,1.33895,2.40,1.60
2010.06.24 12:10:47.317,1.33875,1.339,1.60,1.60
2010.06.24 12:10:48.278,1.33875,1.339,2.40,1.60
2010.06.24 12:10:49.346,1.33875,1.33905,2.40,2.40
2010.06.24 12:10:49.646,1.33875,1.33905,1.60,4.80
2010.06.24 12:10:49.877,1.33875,1.33905,1.60,4.00
2010.06.24 12:10:51.197,1.3387,1.339,7.40,1.60
2010.06.24 12:10:53.262,1.33865,1.339,4.80,3.20
2010.06.24 12:10:53.428,1.33865,1.339,4.80,4.80
2010.06.24 12:10:53.509,1.33865,1.33895,3.20,1.60
2010.06.24 12:10:53.587,1.33865,1.339,3.20,4.80
2010.06.24 12:10:56.577,1.3388,1.339,1.00,2.40
2010.06.24 12:10:56.784,1.33875,1.33905,1.00,4.00
2010.06.24 12:10:56.988,1.3387,1.339,1.00,3.20
2010.06.24 12:10:57.188,1.33865,1.339,5.00,4.00
2010.06.24 12:10:57.955,1.33875,1.339,1.00,1.60
2010.06.24 12:10:58.301,1.33875,1.33905,1.00,3.20
2010.06.24 12:10:59.289,1.3388,1.33905,1.00,3.20
2010.06.24 12:10:59.452,1.3388,1.33905,1.00,2.40
2010.06.24 12:11:00.050,1.3388,1.33905,1.00,1.60
2010.06.24 12:11:00.229,1.33885,1.3391,1.00,3.20
2010.06.24 12:11:04.051,1.33885,1.3391,1.00,2.40
2010.06.24 12:11:04.125,1.33925,1.33935,3.20,1.80
2010.06.24 12:11:04.189,1.33925,1.33945,3.20,3.20
2010.06.24 12:11:04.259,1.33925,1.33945,1.60,3.20
2010.06.24 12:11:04.332,1.33925,1.33945,3.20,1.60
2010.06.24 12:11:04.401,1.33925,1.3395,1.60,1.60
2010.06.24 12:11:05.092,1.3391,1.3395,4.00,2.40
2010.06.24 12:11:05.781,1.3392,1.3395,4.80,2.40
2010.06.24 12:11:07.199,1.33925,1.3395,1.00,2.40
2010.06.24 12:11:08.577,1.33925,1.3395,1.60,2.40
2010.06.24 12:11:08.708,1.3392,1.33925,6.40,2.40
2010.06.24 12:11:09.534,1.3392,1.33925,2.40,2.80
2010.06.24 12:11:09.660,1.339,1.33925,1.60,1.50
2010.06.24 12:11:09.771,1.339,1.33925,1.60,1.60
2010.06.24 12:11:10.545,1.339,1.33925,2.60,1.00
2010.06.24 12:11:10.894,1.33905,1.33925,1.60,1.00
2010.06.24 12:11:14.036,1.3391,1.3394,3.40,1.00
2010.06.24 12:11:14.171,1.33915,1.33945,1.00,4.40
2010.06.24 12:11:14.308,1.33915,1.33945,1.00,4.80
2010.06.24 12:11:14.439,1.3392,1.33945,1.00,2.40
2010.06.24 12:11:15.371,1.3392,1.3395,1.60,2.40
2010.06.24 12:11:15.709,1.33925,1.3395,1.00,2.40
2010.06.24 12:11:16.048,1.33925,1.3395,1.00,1.00
2010.06.24 12:11:17.107,1.3391,1.3394,1.60,2.40
2010.06.24 12:11:17.370,1.3391,1.3394,1.60,3.20
2010.06.24 12:11:18.139,1.3391,1.3394,1.60,4.50
2010.06.24 12:11:18.374,1.33905,1.33935,3.20,1.00
2010.06.24 12:11:18.600,1.33905,1.33935,1.60,1.00
2010.06.24 12:11:20.065,1.33915,1.33935,1.60,1.00
2010.06.24 12:11:20.699,1.33915,1.3394,1.60,2.40
2010.06.24 12:11:22.148,1.3392,1.3394,1.60,2.40
2010.06.24 12:11:23.152,1.33915,1.3394,1.60,2.40
2010.06.24 12:11:26.717,1.33915,1.3394,1.60,3.20
2010.06.24 12:11:29.070,1.33915,1.33935,1.60,1.00
2010.06.24 12:11:29.262,1.33905,1.3393,1.00,3.20
2010.06.24 12:11:30.128,1.33895,1.33925,5.00,1.60
2010.06.24 12:11:31.213,1.33895,1.33925,3.40,1.60
2010.06.24 12:11:31.523,1.33895,1.33925,3.40,2.40
2010.06.24 12:11:31.830,1.339,1.33925,1.00,2.70
2010.06.24 12:11:32.539,1.33915,1.33925,1.00,1.10
2010.06.24 12:11:33.275,1.3392,1.3394,1.00,1.10
2010.06.24 12:11:33.441,1.3392,1.33945,1.00,1.10
2010.06.24 12:11:33.608,1.33915,1.33945,3.00,3.50
2010.06.24 12:11:33.951,1.33915,1.33945,2.60,6.70
2010.06.24 12:11:34.299,1.33915,1.33945,2.40,6.70
2010.06.24 12:11:35.108,1.33915,1.33945,3.20,4.30
2010.06.24 12:11:35.349,1.33915,1.33945,2.60,3.20
2010.06.24 12:11:35.588,1.33915,1.33945,3.20,2.40
2010.06.24 12:11:36.838,1.33915,1.33945,2.40,4.00
2010.06.24 12:11:37.198,1.33915,1.33945,2.40,4.80
2010.06.24 12:11:37.340,1.3392,1.33945,1.60,4.80
2010.06.24 12:11:37.479,1.33915,1.33945,3.00,4.80
2010.06.24 12:11:37.621,1.33915,1.33945,3.20,4.80
2010.06.24 12:11:37.758,1.33915,1.33945,2.40,4.80
2010.06.24 12:11:38.347,1.33915,1.33945,2.60,5.10
2010.06.24 12:11:38.482,1.33915,1.33945,3.20,5.10
2010.06.24 12:11:39.636,1.33915,1.33945,3.80,5.10
2010.06.24 12:11:40.455,1.33915,1.33945,4.80,1.60
2010.06.24 12:11:41.278,1.33915,1.33945,6.40,1.60
2010.06.24 12:11:41.818,1.33915,1.33945,5.60,4.00
2010.06.24 12:11:42.087,1.33915,1.33945,5.40,4.00
2010.06.24 12:11:43.204,1.33915,1.3394,3.00,1.60
2010.06.24 12:11:43.304,1.33915,1.3394,1.00,3.20
2010.06.24 12:11:43.399,1.3391,1.3394,3.20,4.00
2010.06.24 12:11:43.578,1.3391,1.3394,1.60,4.00
2010.06.24 12:11:43.809,1.3391,1.3394,3.20,5.60
2010.06.24 12:11:44.040,1.3391,1.33935,1.60,2.40
2010.06.24 12:11:44.819,1.3391,1.33935,1.60,1.90
2010.06.24 12:11:44.931,1.3391,1.33935,1.60,2.70
2010.06.24 12:11:45.039,1.3391,1.33935,1.60,1.90
2010.06.24 12:11:45.359,1.3391,1.3393,1.60,1.00
2010.06.24 12:11:45.579,1.33905,1.3393,1.60,1.00
2010.06.24 12:11:45.691,1.339,1.3393,4.00,1.00
2010.06.24 12:11:46.334,1.339,1.3393,2.40,2.40
2010.06.24 12:11:46.682,1.339,1.3393,2.40,1.00
2010.06.24 12:11:47.029,1.339,1.3393,3.20,4.00
2010.06.24 12:11:47.375,1.33895,1.33925,1.00,6.30
2010.06.24 12:11:48.215,1.33895,1.33925,3.20,1.60
2010.06.24 12:11:48.509,1.3389,1.3392,1.60,1.60
2010.06.24 12:11:48.631,1.3389,1.3392,1.60,2.40
2010.06.24 12:11:48.758,1.3389,1.3392,3.20,2.40
2010.06.24 12:11:50.039,1.3389,1.3392,3.40,2.70
2010.06.24 12:11:50.731,1.3389,1.33925,5.00,5.10
2010.06.24 12:11:50.972,1.33895,1.33925,1.60,3.50
2010.06.24 12:11:51.323,1.33895,1.33925,4.80,1.10
2010.06.24 12:11:52.019,1.339,1.33925,1.00,1.10
2010.06.24 12:11:52.146,1.339,1.33925,3.40,1.00
2010.06.24 12:11:52.271,1.339,1.33925,3.40,2.40
2010.06.24 12:11:52.399,1.339,1.33925,3.20,2.70
2010.06.24 12:11:53.371,1.339,1.33925,3.20,1.60
2010.06.24 12:11:53.670,1.339,1.33925,1.60,3.70
2010.06.24 12:11:54.876,1.339,1.33925,1.60,2.40
2010.06.24 12:11:55.384,1.339,1.33925,3.20,2.40
2010.06.24 12:11:55.634,1.339,1.33925,4.00,1.00
2010.06.24 12:11:56.321,1.339,1.3393,6.20,1.60
2010.06.24 12:11:56.681,1.33905,1.33935,4.80,1.60
2010.06.24 12:11:58.371,1.33905,1.33935,4.00,1.60
2010.06.24 12:12:00.143,1.33905,1.33935,4.80,1.60
2010.06.24 12:12:00.354,1.33905,1.3393,4.00,1.60
2010.06.24 12:12:00.771,1.33905,1.33935,3.20,3.20
2010.06.24 12:12:01.389,1.33905,1.33935,4.80,1.60
2010.06.24 12:12:01.748,1.339,1.33925,1.60,1.60
2010.06.24 12:12:02.098,1.339,1.3393,3.40,5.90
2010.06.24 12:12:02.683,1.339,1.3393,4.20,5.90
2010.06.24 12:12:02.991,1.339,1.3393,7.40,1.60
2010.06.24 12:12:03.299,1.339,1.3393,7.60,1.60
2010.06.24 12:12:03.608,1.339,1.3393,8.00,3.20
2010.06.24 12:12:04.262,1.33905,1.3393,1.00,1.60
2010.06.24 12:12:04.497,1.339,1.3393,3.20,2.90
2010.06.24 12:12:04.729,1.339,1.3393,3.20,4.50
2010.06.24 12:12:04.962,1.339,1.3393,4.00,3.20
2010.06.24 12:12:05.767,1.339,1.3393,3.20,4.80
2010.06.24 12:12:06.430,1.339,1.3393,1.60,4.80
2010.06.24 12:12:07.748,1.33895,1.3393,7.70,5.60
2010.06.24 12:12:07.992,1.33895,1.3393,9.30,5.60
2010.06.24 12:12:09.069,1.339,1.3393,1.00,5.60
2010.06.24 12:12:09.856,1.33895,1.33925,6.00,1.60
2010.06.24 12:12:10.041,1.339,1.3393,1.60,4.00
2010.06.24 12:12:11.352,1.339,1.3393,2.10,4.00
2010.06.24 12:12:12.670,1.339,1.3393,3.70,2.40
2010.06.24 12:12:13.565,1.339,1.3392,3.20,1.00
2010.06.24 12:12:13.669,1.339,1.3392,1.60,1.00
2010.06.24 12:12:13.767,1.33895,1.33925,5.00,1.60
2010.06.24 12:12:13.869,1.339,1.3393,1.60,5.70
2010.06.24 12:12:14.793,1.339,1.33925,2.00,1.60
2010.06.24 12:12:15.819,1.339,1.3392,2.00,1.00
2010.06.24 12:12:16.751,1.33895,1.3392,1.60,1.00
2010.06.24 12:12:18.797,1.33895,1.3392,3.20,1.00
2010.06.24 12:12:21.323,1.33895,1.3392,3.40,1.00
2010.06.24 12:12:21.581,1.33895,1.3392,3.20,1.00
2010.06.24 12:12:21.841,1.33895,1.33925,5.60,2.80
2010.06.24 12:12:22.648,1.33905,1.3393,1.60,4.30
2010.06.24 12:12:22.913,1.339,1.3393,1.00,5.10
2010.06.24 12:12:23.170,1.339,1.3393,1.60,5.10
2010.06.24 12:12:25.784,1.339,1.33925,1.60,1.00
2010.06.24 12:12:25.897,1.339,1.33925,1.60,1.60
2010.06.24 12:12:26.971,1.339,1.33925,1.60,1.00
2010.06.24 12:12:27.648,1.339,1.33925,1.60,2.40
2010.06.24 12:12:27.837,1.339,1.3392,1.60,1.00
2010.06.24 12:12:28.818,1.33895,1.3392,4.80,1.00
2010.06.24 12:12:29.259,1.33895,1.3392,5.80,1.00
2010.06.24 12:12:30.253,1.339,1.3393,3.20,4.00
2010.06.24 12:12:30.507,1.339,1.3393,3.20,4.50
2010.06.24 12:12:32.315,1.339,1.3393,6.40,1.60
2010.06.24 12:12:32.452,1.3391,1.3393,1.00,1.60
2010.06.24 12:12:32.591,1.3391,1.3393,2.20,3.20
2010.06.24 12:12:32.719,1.3391,1.3393,1.00,1.60
2010.06.24 12:12:33.431,1.3391,1.33935,1.60,2.40
2010.06.24 12:12:33.652,1.33905,1.33935,5.00,1.60
2010.06.24 12:12:34.297,1.33905,1.33935,4.80,1.60
2010.06.24 12:12:35.798,1.33905,1.33935,4.00,1.60
2010.06.24 12:12:36.044,1.33905,1.33935,4.80,1.60
2010.06.24 12:12:36.857,1.3391,1.33935,1.60,1.60
2010.06.24 12:12:37.764,1.3391,1.33935,1.00,1.60
2010.06.24 12:12:38.371,1.3391,1.3394,3.20,5.60
2010.06.24 12:12:38.602,1.3391,1.3393,1.60,1.60
2010.06.24 12:12:40.373,1.33905,1.3393,2.40,3.20
2010.06.24 12:12:40.630,1.33905,1.3393,5.80,1.60
2010.06.24 12:12:41.252,1.33905,1.33935,7.40,3.20
2010.06.24 12:12:41.513,1.3391,1.33935,1.00,3.20
2010.06.24 12:12:42.322,1.33905,1.33935,6.60,3.20
2010.06.24 12:12:43.085,1.33905,1.33935,5.80,3.20
2010.06.24 12:12:43.273,1.3391,1.33935,1.00,1.60
2010.06.24 12:12:43.638,1.33915,1.33935,1.00,1.60
2010.06.24 12:12:43.829,1.33915,1.3394,1.60,1.60
2010.06.24 12:12:44.018,1.33915,1.3394,1.00,1.60
2010.06.24 12:12:44.774,1.33915,1.3394,1.00,3.20
2010.06.24 12:12:45.074,1.3392,1.33945,1.00,2.70
2010.06.24 12:12:45.381,1.3392,1.33945,1.00,1.60
2010.06.24 12:12:46.163,1.3392,1.33945,1.00,4.00
2010.06.24 12:12:46.760,1.3392,1.33945,1.00,4.30
2010.06.24 12:12:47.058,1.3392,1.33945,1.00,1.10
2010.06.24 12:12:47.360,1.3392,1.33945,1.60,1.10
2010.06.24 12:12:48.287,1.3392,1.3395,3.20,5.50
2010.06.24 12:12:48.600,1.3392,1.3395,1.80,5.50
2010.06.24 12:12:48.707,1.33925,1.3395,1.60,5.50
2010.06.24 12:12:49.212,1.33925,1.3395,1.60,5.70
2010.06.24 12:12:50.087,1.3393,1.3396,4.40,2.40
2010.06.24 12:12:50.255,1.3393,1.33955,3.20,1.00
2010.06.24 12:12:50.873,1.3393,1.33955,1.60,1.00
2010.06.24 12:12:51.215,1.3393,1.3396,2.40,5.30
2010.06.24 12:12:51.551,1.3393,1.3396,2.40,2.40
2010.06.24 12:12:52.812,1.33935,1.3396,1.60,2.40
2010.06.24 12:12:53.156,1.3393,1.33955,1.60,1.60
2010.06.24 12:12:53.439,1.3393,1.33955,1.60,1.00
2010.06.24 12:12:54.308,1.3393,1.33955,1.60,2.40
2010.06.24 12:12:57.089,1.3393,1.33955,1.60,4.10
2010.06.24 12:12:57.230,1.3393,1.33955,1.60,3.70
2010.06.24 12:12:57.370,1.3393,1.33955,1.60,2.40
2010.06.24 12:12:57.507,1.3393,1.33955,1.60,4.00
2010.06.24 12:12:58.099,1.3393,1.33955,1.60,2.40
2010.06.24 12:12:59.124,1.3393,1.33955,1.60,1.00
2010.06.24 12:12:59.328,1.3393,1.33955,1.60,2.40
2010.06.24 12:13:00.251,1.33925,1.33945,1.60,3.50
2010.06.24 12:13:03.874,1.33925,1.33945,1.60,4.90
2010.06.24 12:13:04.761,1.3392,1.33945,1.60,3.90
2010.06.24 12:13:05.661,1.3392,1.33945,1.60,3.50
2010.06.24 12:13:05.984,1.3392,1.33945,1.00,3.90
2010.06.24 12:13:06.174,1.3392,1.33945,2.40,2.40
2010.06.24 12:13:06.360,1.3392,1.33945,2.40,1.60
2010.06.24 12:13:07.063,1.3392,1.3395,4.00,4.00
2010.06.24 12:13:07.406,1.3392,1.3395,4.00,3.20
2010.06.24 12:13:08.090,1.3392,1.3395,4.00,4.00
2010.06.24 12:13:08.489,1.3392,1.33945,4.00,1.00
2010.06.24 12:13:08.691,1.3392,1.33945,4.00,2.40
2010.06.24 12:13:09.470,1.3392,1.33945,4.00,1.60
2010.06.24 12:13:13.690,1.3392,1.33945,3.20,2.40
2010.06.24 12:13:13.771,1.3392,1.33945,3.20,1.60
2010.06.24 12:13:13.917,1.3392,1.33945,1.60,1.60
2010.06.24 12:13:14.080,1.3392,1.3395,1.60,7.70
2010.06.24 12:13:14.157,1.3392,1.3395,1.60,8.50
2010.06.24 12:13:14.237,1.3392,1.3395,1.60,8.80
2010.06.24 12:13:14.387,1.3392,1.3395,1.60,9.60
2010.06.24 12:13:15.251,1.3392,1.3395,1.60,9.30
2010.06.24 12:13:15.491,1.3392,1.3395,3.20,7.70
2010.06.24 12:13:15.731,1.3392,1.3395,1.60,8.50
2010.06.24 12:13:15.968,1.3392,1.3395,1.60,9.30
2010.06.24 12:13:16.460,1.3392,1.3395,1.60,7.70
2010.06.24 12:13:16.719,1.3392,1.3395,1.60,8.50
2010.06.24 12:13:17.424,1.3392,1.3395,1.60,7.70
2010.06.24 12:13:17.534,1.3392,1.33945,3.20,1.60
2010.06.24 12:13:17.751,1.3392,1.33945,1.60,1.60
2010.06.24 12:13:18.375,1.33915,1.33945,4.20,1.60
2010.06.24 12:13:18.490,1.33915,1.3394,4.20,1.60
2010.06.24 12:13:18.834,1.33915,1.3394,3.40,1.60
2010.06.24 12:13:19.179,1.33915,1.3394,3.20,1.60
2010.06.24 12:13:19.649,1.33915,1.3394,3.80,1.60
2010.06.24 12:13:20.495,1.33915,1.3394,1.60,1.00
2010.06.24 12:13:21.890,1.3392,1.33945,2.40,1.70
2010.06.24 12:13:22.079,1.33925,1.3395,1.60,1.60
2010.06.24 12:13:22.824,1.33925,1.33955,1.60,1.60
2010.06.24 12:13:22.968,1.33925,1.3395,1.60,4.00
2010.06.24 12:13:23.111,1.3392,1.3395,1.60,4.00
2010.06.24 12:13:23.963,1.3392,1.3395,1.60,4.80
2010.06.24 12:13:26.004,1.3392,1.3395,3.20,4.00
2010.06.24 12:13:26.188,1.33925,1.33955,3.20,1.10
2010.06.24 12:13:26.358,1.33925,1.3396,3.20,5.10
2010.06.24 12:13:29.201,1.33925,1.3396,4.00,5.10
2010.06.24 12:13:30.312,1.3393,1.3396,1.00,5.10
2010.06.24 12:13:30.514,1.3393,1.3396,2.40,2.70
2010.06.24 12:13:33.385,1.3393,1.3396,2.40,2.40
2010.06.24 12:13:33.867,1.3393,1.33955,2.40,1.00
2010.06.24 12:13:34.036,1.3393,1.33955,2.40,2.40
2010.06.24 12:13:35.120,1.3393,1.33955,2.40,1.60
2010.06.24 12:13:35.381,1.3393,1.33955,4.00,1.60
2010.06.24 12:13:35.510,1.3393,1.33955,2.40,1.60
2010.06.24 12:13:35.638,1.3393,1.33955,4.00,1.60
2010.06.24 12:13:36.343,1.3393,1.33955,2.40,1.60
2010.06.24 12:13:36.694,1.3393,1.33955,2.40,4.10
2010.06.24 12:13:37.044,1.33935,1.33955,1.60,1.70
2010.06.24 12:13:37.962,1.3394,1.3397,3.20,1.60
2010.06.24 12:13:38.294,1.3394,1.33975,6.20,4.80
2010.06.24 12:13:39.140,1.3394,1.33975,5.40,4.00
2010.06.24 12:13:39.961,1.3394,1.33975,6.20,4.00
2010.06.24 12:13:40.326,1.33945,1.33975,1.00,4.00
2010.06.24 12:13:40.476,1.33945,1.33975,1.00,2.40
2010.06.24 12:13:40.557,1.33945,1.33975,1.80,2.40
2010.06.24 12:13:40.638,1.33945,1.33975,1.80,1.60
2010.06.24 12:13:40.929,1.33945,1.33975,1.60,1.60
2010.06.24 12:13:41.887,1.33945,1.33975,3.40,4.10
2010.06.24 12:13:42.241,1.33945,1.3397,1.60,1.60
2010.06.24 12:13:42.464,1.33945,1.33975,1.60,3.70
2010.06.24 12:13:43.268,1.33945,1.33975,1.60,1.60
2010.06.24 12:13:44.697,1.33945,1.33975,4.20,2.70
2010.06.24 12:13:45.060,1.33945,1.33975,4.20,1.60
2010.06.24 12:13:45.239,1.3395,1.33975,1.00,1.60
2010.06.24 12:13:46.009,1.33955,1.3398,3.40,1.60
2010.06.24 12:13:46.314,1.33955,1.33985,1.60,1.60
2010.06.24 12:13:46.620,1.33955,1.3398,1.60,1.60
2010.06.24 12:13:46.919,1.33955,1.3398,1.60,2.40
2010.06.24 12:13:48.169,1.33955,1.3398,1.60,1.60
2010.06.24 12:13:48.230,1.33955,1.33975,1.60,1.60
2010.06.24 12:13:48.338,1.33955,1.33975,1.00,1.60
2010.06.24 12:13:48.776,1.3395,1.33975,2.40,1.60
2010.06.24 12:13:49.467,1.3395,1.33975,1.60,1.60
2010.06.24 12:13:50.661,1.3395,1.33975,1.80,1.60
2010.06.24 12:13:50.759,1.3395,1.33975,1.60,1.60
2010.06.24 12:13:52.554,1.3396,1.33995,9.00,6.70
2010.06.24 12:13:52.901,1.33965,1.33995,1.00,6.70
2010.06.24 12:13:53.169,1.33965,1.33995,1.00,5.60
2010.06.24 12:13:53.986,1.3396,1.33995,9.60,7.20
2010.06.24 12:13:54.121,1.3396,1.3399,4.00,3.50
2010.06.24 12:13:54.587,1.3396,1.3399,5.60,1.90
2010.06.24 12:13:55.268,1.3396,1.3399,4.00,3.50
2010.06.24 12:13:55.689,1.3396,1.3399,7.00,1.60
2010.06.24 12:13:58.693,1.3396,1.3399,3.60,4.00
2010.06.24 12:13:58.800,1.3396,1.3399,1.60,5.10
2010.06.24 12:13:59.857,1.3396,1.33985,1.00,1.00
2010.06.24 12:14:00.118,1.3397,1.3399,1.80,1.00
2010.06.24 12:14:00.378,1.33975,1.3399,4.00,1.00
2010.06.24 12:14:01.217,1.33985,1.34005,1.60,2.40
2010.06.24 12:14:01.564,1.33985,1.34015,1.60,5.60
2010.06.24 12:14:01.913,1.33985,1.34015,1.60,4.80
2010.06.24 12:14:02.706,1.33985,1.34015,1.60,6.40
2010.06.24 12:14:02.980,1.33985,1.34015,2.40,4.80
2010.06.24 12:14:03.248,1.33985,1.34015,2.60,4.80
2010.06.24 12:14:03.519,1.33985,1.34015,2.60,4.00
2010.06.24 12:14:03.790,1.33985,1.34015,1.80,4.80
2010.06.24 12:14:03.949,1.33985,1.34015,1.60,5.60
2010.06.24 12:14:04.843,1.33985,1.34015,5.40,1.60
2010.06.24 12:14:07.098,1.33985,1.3401,5.40,1.00
2010.06.24 12:14:08.058,1.33985,1.3401,3.20,1.00
2010.06.24 12:14:09.867,1.33975,1.34,2.40,1.60
2010.06.24 12:14:11.426,1.33975,1.34,1.00,3.20
2010.06.24 12:14:15.680,1.33975,1.34,1.00,4.80
2010.06.24 12:14:16.279,1.3397,1.34,1.00,4.80
2010.06.24 12:14:17.210,1.3397,1.34,1.00,5.60
2010.06.24 12:14:17.700,1.3397,1.34,2.40,4.80
2010.06.24 12:14:17.866,1.3397,1.34,2.40,3.20
2010.06.24 12:14:18.039,1.3397,1.34,4.00,1.60
2010.06.24 12:14:18.209,1.3397,1.34005,5.80,6.70
2010.06.24 12:14:19.929,1.33975,1.34005,4.80,3.20
2010.06.24 12:14:20.134,1.33975,1.34005,4.80,1.60
2010.06.24 12:14:20.180,1.33975,1.34005,4.00,3.20
2010.06.24 12:14:21.089,1.3397,1.34,2.40,2.30
2010.06.24 12:14:21.383,1.3397,1.34,2.40,1.90
2010.06.24 12:14:23.051,1.3397,1.34,1.00,3.50
2010.06.24 12:14:23.330,1.3397,1.33995,2.40,1.00
2010.06.24 12:14:23.611,1.3397,1.33995,1.00,1.60
2010.06.24 12:14:24.334,1.3397,1.33995,1.00,1.10
2010.06.24 12:14:24.615,1.3397,1.34,1.00,1.90
2010.06.24 12:14:24.892,1.3397,1.34,1.00,3.50
2010.06.24 12:14:25.765,1.33965,1.33995,2.60,1.00
2010.06.24 12:14:26.037,1.3396,1.3399,4.80,1.00
2010.06.24 12:14:27.205,1.33965,1.3399,1.00,1.00
2010.06.24 12:14:27.551,1.3396,1.33995,6.60,3.90
2010.06.24 12:14:27.902,1.33965,1.33995,6.20,1.60
2010.06.24 12:14:28.557,1.33965,1.33995,3.80,2.40
2010.06.24 12:14:28.839,1.33965,1.33995,3.20,2.40
2010.06.24 12:14:29.320,1.33965,1.33995,3.20,3.20
2010.06.24 12:14:30.129,1.33965,1.33995,5.40,3.50
2010.06.24 12:14:30.439,1.33965,1.33995,5.60,1.60
2010.06.24 12:14:31.018,1.33965,1.33995,4.00,1.60
2010.06.24 12:14:31.328,1.33965,1.33995,3.00,2.70
2010.06.24 12:14:31.674,1.33965,1.33995,3.00,1.60
2010.06.24 12:14:34.186,1.33965,1.33995,3.00,3.20
2010.06.24 12:14:34.508,1.3397,1.33995,1.80,1.60
2010.06.24 12:14:34.829,1.33965,1.33995,5.60,3.80
2010.06.24 12:14:35.675,1.33965,1.33995,5.60,3.20
2010.06.24 12:14:35.938,1.33965,1.33995,7.20,1.60
2010.06.24 12:14:36.263,1.33965,1.34,7.20,8.80
2010.06.24 12:14:37.324,1.33965,1.34,7.20,8.00
2010.06.24 12:14:37.615,1.33965,1.33995,5.60,1.60
2010.06.24 12:14:38.929,1.33965,1.33995,4.00,3.20
2010.06.24 12:14:40.051,1.33965,1.33995,5.60,1.60
2010.06.24 12:14:40.309,1.33965,1.33995,2.40,4.80
2010.06.24 12:14:40.570,1.3396,1.33995,7.40,6.70
2010.06.24 12:14:41.442,1.33955,1.33985,5.00,1.60
2010.06.24 12:14:41.795,1.33955,1.33975,2.40,1.60
2010.06.24 12:14:42.928,1.33945,1.33975,3.00,4.80
2010.06.24 12:14:43.278,1.3394,1.33965,1.60,2.40
2010.06.24 12:14:44.011,1.3394,1.33965,1.60,3.10
2010.06.24 12:14:44.225,1.33935,1.33965,3.20,5.70
2010.06.24 12:14:44.998,1.3394,1.33965,1.60,1.60
2010.06.24 12:14:45.349,1.33935,1.3397,8.20,5.90
2010.06.24 12:14:46.187,1.33935,1.3397,5.80,4.30
2010.06.24 12:14:46.459,1.33935,1.3397,4.00,4.30
2010.06.24 12:14:46.805,1.33935,1.3397,6.20,4.30
2010.06.24 12:14:47.151,1.33935,1.3397,6.60,4.30
2010.06.24 12:14:48.328,1.33935,1.3396,3.20,1.60
2010.06.24 12:14:48.615,1.3393,1.33965,4.00,5.10
2010.06.24 12:14:49.396,1.3393,1.3396,4.00,1.60
2010.06.24 12:14:49.601,1.3393,1.33965,4.00,5.10
2010.06.24 12:14:49.811,1.3393,1.3396,4.00,1.60
2010.06.24 12:14:50.922,1.3393,1.3396,4.00,2.40
2010.06.24 12:14:51.183,1.3392,1.3395,1.60,6.90
2010.06.24 12:14:52.015,1.3392,1.33945,1.60,4.80
2010.06.24 12:14:52.274,1.3391,1.33935,4.00,1.60
2010.06.24 12:14:53.526,1.3391,1.33935,2.40,2.40
2010.06.24 12:14:53.746,1.3391,1.33935,1.00,4.00
2010.06.24 12:14:54.180,1.3391,1.33935,2.40,2.40
2010.06.24 12:14:54.398,1.3391,1.33935,1.00,4.00
2010.06.24 12:14:55.242,1.3391,1.33935,2.40,1.60
2010.06.24 12:14:55.484,1.3391,1.3394,2.60,3.20
2010.06.24 12:14:56.295,1.3391,1.3394,1.00,4.80
2010.06.24 12:14:56.656,1.33925,1.3395,1.00,1.10
2010.06.24 12:14:57.589,1.3394,1.3396,2.00,2.40
2010.06.24 12:14:57.876,1.3393,1.3396,2.40,4.10
2010.06.24 12:14:58.168,1.33925,1.3395,1.80,1.60
2010.06.24 12:14:58.913,1.33925,1.3395,5.60,1.00
2010.06.24 12:14:59.203,1.3394,1.33965,1.00,3.20
2010.06.24 12:14:59.486,1.33935,1.33965,2.40,1.60
2010.06.24 12:15:00.407,1.3392,1.3395,2.40,1.60
2010.06.24 12:15:01.296,1.33915,1.3393,2.40,2.40
2010.06.24 12:15:01.647,1.33905,1.3393,1.80,2.50
2010.06.24 12:15:02.564,1.33905,1.3393,1.00,2.80
2010.06.24 12:15:02.873,1.339,1.33925,4.00,1.60
2010.06.24 12:15:03.180,1.33905,1.33935,1.80,4.00
2010.06.24 12:15:03.792,1.33905,1.33935,1.80,3.20
2010.06.24 12:15:04.055,1.33905,1.33935,4.20,2.40
2010.06.24 12:15:04.311,1.33905,1.33935,4.20,1.60
2010.06.24 12:15:05.158,1.33905,1.33935,1.00,4.10
2010.06.24 12:15:05.507,1.339,1.33925,3.20,1.60
2010.06.24 12:15:06.215,1.339,1.3392,3.20,1.60
2010.06.24 12:15:06.561,1.33885,1.3391,1.00,2.40
2010.06.24 12:15:06.887,1.33885,1.3391,1.00,1.60
2010.06.24 12:15:07.507,1.33885,1.33905,1.00,1.00
2010.06.24 12:15:07.846,1.3389,1.3391,1.00,1.00
2010.06.24 12:15:08.743,1.339,1.33915,1.00,1.70
2010.06.24 12:15:09.009,1.33905,1.3394,4.60,4.30
2010.06.24 12:15:09.267,1.33915,1.3394,1.60,1.60
2010.06.24 12:15:10.195,1.3392,1.3395,2.40,5.30
2010.06.24 12:15:10.473,1.3392,1.3395,1.60,5.40
2010.06.24 12:15:11.103,1.3392,1.3395,1.60,6.00
2010.06.24 12:15:11.458,1.3391,1.3393,1.60,1.00
2010.06.24 12:15:11.804,1.3391,1.3393,1.60,1.30
2010.06.24 12:15:12.718,1.33905,1.3393,3.20,1.30
2010.06.24 12:15:13.058,1.33905,1.33935,5.60,2.80
2010.06.24 12:15:13.396,1.3391,1.33945,3.20,4.50
2010.06.24 12:15:14.034,1.3391,1.33945,3.20,3.20
2010.06.24 12:15:14.318,1.33915,1.33945,1.60,2.40
2010.06.24 12:15:14.596,1.33915,1.3394,3.20,1.00
2010.06.24 12:15:15.493,1.33915,1.3394,2.20,1.60
2010.06.24 12:15:15.724,1.3391,1.3394,4.00,4.80
2010.06.24 12:15:16.956,1.3391,1.3394,3.20,4.80
2010.06.24 12:15:17.302,1.3391,1.3394,4.80,4.80
2010.06.24 12:15:18.262,1.33915,1.33945,4.80,1.60
2010.06.24 12:15:18.564,1.3392,1.3395,3.20,5.70
2010.06.24 12:15:19.169,1.3392,1.3395,6.40,2.40
2010.06.24 12:15:19.481,1.3392,1.3395,4.00,1.60
2010.06.24 12:15:20.644,1.33925,1.33955,1.60,2.40
2010.06.24 12:15:20.949,1.3393,1.33955,1.60,1.60
2010.06.24 12:15:21.247,1.3393,1.3395,1.60,1.60
2010.06.24 12:15:22.088,1.3393,1.3395,1.00,1.60
2010.06.24 12:15:22.387,1.33935,1.3396,1.60,2.40
2010.06.24 12:15:22.682,1.33935,1.3396,1.60,4.50
2010.06.24 12:15:23.541,1.3393,1.3396,1.60,4.90
2010.06.24 12:15:23.782,1.3393,1.3396,1.60,4.10
2010.06.24 12:15:24.276,1.3393,1.3396,3.00,2.10
2010.06.24 12:15:25.091,1.3394,1.3396,1.60,1.00
2010.06.24 12:15:25.299,1.33925,1.33955,3.20,5.70
2010.06.24 12:15:25.504,1.33925,1.33955,1.60,9.70
2010.06.24 12:15:26.254,1.3392,1.3395,4.00,1.60
2010.06.24 12:15:26.606,1.33915,1.3394,1.00,3.20
2010.06.24 12:15:26.953,1.33915,1.3394,1.00,1.60
2010.06.24 12:15:27.304,1.3391,1.3394,2.40,5.60
2010.06.24 12:15:28.144,1.3391,1.33935,1.00,1.00
2010.06.24 12:15:28.446,1.3391,1.33935,1.00,2.40
2010.06.24 12:15:29.079,1.33905,1.33935,3.20,4.00
2010.06.24 12:15:29.755,1.33905,1.33935,2.40,4.00
2010.06.24 12:15:29.962,1.33905,1.33935,1.60,4.80
2010.06.24 12:15:30.570,1.33905,1.3393,1.60,1.00
2010.06.24 12:15:30.770,1.339,1.3393,1.80,1.00
2010.06.24 12:15:31.536,1.33905,1.33935,1.60,7.20
2010.06.24 12:15:31.905,1.33905,1.33935,1.60,5.60
2010.06.24 12:15:32.103,1.339,1.3393,4.00,4.40
2010.06.24 12:15:32.848,1.339,1.3393,3.80,5.70
2010.06.24 12:15:33.058,1.339,1.3393,1.00,5.10
2010.06.24 12:15:33.398,1.339,1.33925,1.00,1.60
2010.06.24 12:15:34.257,1.33895,1.3392,2.40,1.60
2010.06.24 12:15:34.519,1.33895,1.3392,2.40,1.00
2010.06.24 12:15:34.775,1.33895,1.3392,2.40,2.40
2010.06.24 12:15:35.590,1.33895,1.33915,2.40,1.60
2010.06.24 12:15:35.867,1.33895,1.33925,4.00,3.50
2010.06.24 12:15:36.142,1.33895,1.3392,4.00,1.60
2010.06.24 12:15:37.560,1.3389,1.3392,1.60,3.20
2010.06.24 12:15:39.167,1.33895,1.3392,1.00,5.30
2010.06.24 12:15:39.300,1.3389,1.3391,1.60,1.00
2010.06.24 12:15:39.430,1.3389,1.3391,1.00,1.00
2010.06.24 12:15:40.530,1.33895,1.33915,1.60,2.70
2010.06.24 12:15:40.852,1.3389,1.33915,2.40,2.70
2010.06.24 12:15:41.169,1.3389,1.33915,1.00,2.70
2010.06.24 12:15:42.385,1.3389,1.33915,1.00,1.60
2010.06.24 12:15:46.768,1.33895,1.33915,2.40,1.60
2010.06.24 12:15:47.056,1.33895,1.33915,2.00,1.60
2010.06.24 12:15:47.879,1.3389,1.33915,1.00,1.60
2010.06.24 12:15:48.126,1.3389,1.3391,1.00,3.20
2010.06.24 12:15:48.340,1.3389,1.3391,1.60,1.60
2010.06.24 12:15:49.124,1.33895,1.3392,2.40,1.60
2010.06.24 12:15:49.381,1.33895,1.3392,4.00,1.60
2010.06.24 12:15:50.219,1.33895,1.3392,3.40,1.00
2010.06.24 12:15:50.477,1.33895,1.3392,1.60,1.00
2010.06.24 12:15:50.729,1.33895,1.3392,1.60,1.60
2010.06.24 12:15:51.563,1.33895,1.3392,2.40,1.90
2010.06.24 12:15:51.893,1.33895,1.3392,1.00,1.90
2010.06.24 12:15:53.646,1.3389,1.33915,1.00,1.10
2010.06.24 12:15:55.088,1.3389,1.33915,1.00,3.50
2010.06.24 12:15:55.320,1.33885,1.3391,3.20,1.00
2010.06.24 12:15:55.408,1.33885,1.3391,1.60,1.00
2010.06.24 12:15:56.173,1.33885,1.3391,1.60,2.70
2010.06.24 12:15:57.007,1.3388,1.3391,5.60,4.00
2010.06.24 12:15:57.580,1.3388,1.3391,4.00,4.00
2010.06.24 12:15:57.939,1.33865,1.3389,3.40,1.00
2010.06.24 12:15:58.284,1.33875,1.3389,1.60,1.00
2010.06.24 12:15:59.061,1.3387,1.339,1.00,6.70
2010.06.24 12:15:59.271,1.33865,1.3389,3.80,1.00
2010.06.24 12:15:59.748,1.33865,1.3389,4.00,1.90
2010.06.24 12:16:00.019,1.33865,1.3389,3.80,1.90
2010.06.24 12:16:00.159,1.33865,1.3389,3.80,1.00
2010.06.24 12:16:01.183,1.3386,1.33885,1.60,1.00
2010.06.24 12:16:01.468,1.3386,1.33885,1.60,1.60
2010.06.24 12:16:02.380,1.3386,1.33885,1.60,3.10
2010.06.24 12:16:02.718,1.3386,1.3389,2.40,5.90
2010.06.24 12:16:03.976,1.3386,1.33885,1.00,1.00
2010.06.24 12:16:04.415,1.3386,1.33885,1.00,1.60
2010.06.24 12:16:04.633,1.3386,1.33885,1.00,1.00
2010.06.24 12:16:05.647,1.3386,1.3389,1.00,4.30
2010.06.24 12:16:05.917,1.3386,1.3389,4.80,4.30
2010.06.24 12:16:06.094,1.3386,1.3389,1.00,6.50
2010.06.24 12:16:06.271,1.3386,1.3389,1.00,4.90
2010.06.24 12:16:07.381,1.33855,1.33885,4.20,1.60
2010.06.24 12:16:07.669,1.33855,1.33885,1.80,4.70
2010.06.24 12:16:08.522,1.33855,1.33885,1.60,4.70
2010.06.24 12:16:09.852,1.33855,1.33885,1.60,4.80
2010.06.24 12:16:10.542,1.33855,1.33885,1.60,6.40
2010.06.24 12:16:10.776,1.33855,1.33885,1.60,6.30
2010.06.24 12:16:11.001,1.33855,1.33885,1.60,5.50
2010.06.24 12:16:11.812,1.33855,1.33885,1.60,3.90
2010.06.24 12:16:12.167,1.33855,1.33885,3.20,1.60
2010.06.24 12:16:14.511,1.3386,1.33885,1.00,1.60
2010.06.24 12:16:15.204,1.3386,1.33885,1.20,2.70
2010.06.24 12:16:15.555,1.3386,1.33885,1.00,3.10
2010.06.24 12:16:15.901,1.33855,1.33885,3.20,3.10
2010.06.24 12:16:16.245,1.33855,1.33885,1.60,1.60
2010.06.24 12:16:17.137,1.33855,1.33885,1.60,3.10
2010.06.24 12:16:17.479,1.33855,1.33885,1.80,3.10
2010.06.24 12:16:17.722,1.3386,1.33885,1.00,1.00
2010.06.24 12:16:17.975,1.3386,1.3389,1.00,4.10
2010.06.24 12:16:18.826,1.3386,1.3389,1.80,1.20
2010.06.24 12:16:19.064,1.3386,1.3389,1.60,1.00
2010.06.24 12:16:19.307,1.3386,1.3389,4.00,3.10
2010.06.24 12:16:20.171,1.33845,1.3387,1.00,3.20
2010.06.24 12:16:23.841,1.33845,1.3387,3.40,1.60
2010.06.24 12:16:23.963,1.3385,1.3388,1.00,7.50
2010.06.24 12:16:24.090,1.3385,1.3388,1.00,5.90
2010.06.24 12:16:24.209,1.33855,1.3388,1.00,1.10
2010.06.24 12:16:24.330,1.3385,1.33885,5.00,7.90
2010.06.24 12:16:24.449,1.33855,1.33885,1.00,5.50
2010.06.24 12:16:24.569,1.33855,1.33885,3.20,5.50
2010.06.24 12:16:25.261,1.3386,1.33885,1.00,1.60
2010.06.24 12:16:25.485,1.3386,1.3389,1.00,7.70
2010.06.24 12:16:25.929,1.3386,1.3389,2.40,5.50
2010.06.24 12:16:26.947,1.3386,1.3389,3.20,5.50
2010.06.24 12:16:27.294,1.3386,1.3389,2.40,5.50
2010.06.24 12:16:28.041,1.3386,1.3389,1.00,7.10
2010.06.24 12:16:28.893,1.33855,1.33885,1.60,6.30
2010.06.24 12:16:29.348,1.33855,1.33885,3.20,4.70
2010.06.24 12:16:29.499,1.33855,1.33885,4.00,4.70
2010.06.24 12:16:29.649,1.33855,1.33885,3.20,4.70
2010.06.24 12:16:30.901,1.33855,1.33885,4.00,4.70
2010.06.24 12:16:31.113,1.33855,1.33885,3.20,4.70
2010.06.24 12:16:33.363,1.3386,1.33885,1.00,4.70
2010.06.24 12:16:37.780,1.3386,1.33885,1.00,2.30
2010.06.24 12:16:37.939,1.3386,1.3389,1.60,7.30
2010.06.24 12:16:38.698,1.3386,1.3389,5.60,2.40
2010.06.24 12:16:38.852,1.3386,1.3389,6.40,2.40
2010.06.24 12:16:39.260,1.3386,1.3389,7.20,2.40
2010.06.24 12:16:40.133,1.3386,1.3389,6.40,2.40
2010.06.24 12:16:41.049,1.3386,1.3389,7.20,2.40
2010.06.24 12:16:41.857,1.3386,1.3389,7.20,1.60
2010.06.24 12:16:42.210,1.33865,1.3389,1.00,1.60
2010.06.24 12:16:42.403,1.33865,1.33895,4.00,3.20
2010.06.24 12:16:43.770,1.33865,1.33895,4.80,3.20
2010.06.24 12:16:44.008,1.33865,1.33895,5.60,3.20
2010.06.24 12:16:44.477,1.33865,1.33895,4.80,1.60
2010.06.24 12:16:45.728,1.33865,1.33895,6.60,1.60
2010.06.24 12:16:45.919,1.33865,1.33895,7.80,1.60
2010.06.24 12:16:46.786,1.3387,1.33895,2.40,1.60
2010.06.24 12:16:47.148,1.3387,1.33895,1.60,1.60
2010.06.24 12:16:47.330,1.3387,1.33895,3.20,1.60
2010.06.24 12:16:48.287,1.3387,1.33895,1.60,1.60
2010.06.24 12:16:49.665,1.3387,1.33885,1.00,2.40
2010.06.24 12:16:50.018,1.33865,1.33895,3.20,3.30
2010.06.24 12:16:50.364,1.33865,1.33895,4.80,4.80
2010.06.24 12:16:50.603,1.33865,1.33895,4.80,3.20
2010.06.24 12:16:52.419,1.33865,1.33895,3.20,4.80
2010.06.24 12:16:52.630,1.33865,1.33895,1.00,6.00
2010.06.24 12:16:52.839,1.33865,1.33895,1.00,6.50
2010.06.24 12:16:53.049,1.33865,1.33895,1.00,6.80
2010.06.24 12:16:53.847,1.33865,1.33895,1.00,7.10
2010.06.24 12:16:53.956,1.33865,1.33895,1.00,6.80
2010.06.24 12:16:54.051,1.33865,1.33895,1.00,6.40
2010.06.24 12:16:54.707,1.33865,1.33895,1.00,5.60
2010.06.24 12:16:55.830,1.33865,1.3389,1.00,1.60
2010.06.24 12:16:56.633,1.33875,1.3389,1.00,1.60
2010.06.24 12:16:56.930,1.3387,1.33895,2.80,3.20
2010.06.24 12:16:57.156,1.3387,1.33895,1.00,1.60
2010.06.24 12:16:57.382,1.33865,1.33895,5.40,1.60
2010.06.24 12:16:57.609,1.33865,1.33895,4.80,1.60
2010.06.24 12:16:58.181,1.33865,1.33895,3.20,1.60
2010.06.24 12:17:00.553,1.3387,1.33895,1.60,1.60
2010.06.24 12:17:01.600,1.3387,1.33895,1.60,3.20
2010.06.24 12:17:02.259,1.3387,1.33895,1.60,1.60
2010.06.24 12:17:05.287,1.3387,1.33895,1.60,3.20
2010.06.24 12:17:09.218,1.3387,1.33895,1.60,1.60
2010.06.24 12:17:09.339,1.3387,1.339,1.60,4.60
2010.06.24 12:17:10.235,1.33875,1.33905,1.60,6.80
2010.06.24 12:17:10.425,1.33875,1.33905,1.60,6.00
2010.06.24 12:17:11.171,1.3387,1.33905,5.60,6.80
2010.06.24 12:17:11.543,1.3387,1.33895,3.20,1.60
2010.06.24 12:17:11.896,1.3387,1.33895,1.60,3.20
2010.06.24 12:17:13.180,1.3387,1.33895,1.60,1.60
2010.06.24 12:17:15.255,1.33865,1.33895,1.00,4.80
2010.06.24 12:17:15.348,1.33865,1.3389,1.60,1.60
2010.06.24 12:17:15.429,1.33865,1.33895,1.60,6.50
2010.06.24 12:17:16.077,1.33865,1.33895,1.60,5.50
2010.06.24 12:17:16.171,1.33865,1.33895,2.40,2.40
2010.06.24 12:17:16.593,1.33865,1.33895,2.40,1.60
2010.06.24 12:17:16.946,1.33865,1.339,4.80,6.00
2010.06.24 12:17:17.753,1.33865,1.3389,1.00,1.60
2010.06.24 12:17:17.961,1.33865,1.3389,1.00,3.20
2010.06.24 12:17:19.155,1.33865,1.33895,2.40,5.20
2010.06.24 12:17:19.646,1.33865,1.33895,1.00,7.10
2010.06.24 12:17:20.251,1.33865,1.3389,1.00,1.60
2010.06.24 12:17:23.348,1.33865,1.33895,2.60,4.40
2010.06.24 12:17:23.560,1.33865,1.33895,2.60,3.70
2010.06.24 12:17:24.819,1.33865,1.33895,2.60,2.90
2010.06.24 12:17:25.655,1.33865,1.33895,1.00,4.50
2010.06.24 12:17:25.702,1.33865,1.33895,1.00,4.40
2010.06.24 12:17:26.310,1.33865,1.33895,1.00,6.00
2010.06.24 12:17:27.869,1.33865,1.33895,1.00,6.40
2010.06.24 12:17:28.176,1.33865,1.33895,1.00,6.80
2010.06.24 12:17:29.259,1.33865,1.3389,1.00,1.00
2010.06.24 12:17:30.248,1.3386,1.33895,4.00,6.80
2010.06.24 12:17:30.383,1.3386,1.3389,1.00,1.00
2010.06.24 12:17:31.939,1.3386,1.3389,2.40,1.00
2010.06.24 12:17:32.626,1.3386,1.3389,3.20,2.40
2010.06.24 12:17:32.752,1.3386,1.33885,1.00,1.00
2010.06.24 12:17:33.000,1.3386,1.3389,1.00,3.20
2010.06.24 12:17:33.369,1.3386,1.33885,1.00,1.00
2010.06.24 12:17:33.500,1.3386,1.33885,1.00,4.00
2010.06.24 12:17:33.631,1.3386,1.33885,2.40,1.00
2010.06.24 12:17:33.859,1.3386,1.3389,4.00,1.00
2010.06.24 12:17:34.459,1.3386,1.3389,5.60,1.00
2010.06.24 12:17:34.696,1.3386,1.33885,1.60,2.40
2010.06.24 12:17:34.852,1.33855,1.33885,3.20,2.40
2010.06.24 12:17:40.801,1.33855,1.33865,3.20,4.10
2010.06.24 12:17:41.465,1.3385,1.33865,1.60,1.70
2010.06.24 12:17:41.816,1.3385,1.33875,2.60,3.20
2010.06.24 12:17:42.162,1.3385,1.3388,6.20,1.60
2010.06.24 12:17:43.415,1.3385,1.3388,1.60,2.40
2010.06.24 12:17:43.931,1.3385,1.3388,1.60,3.20
2010.06.24 12:17:45.633,1.3385,1.3388,4.00,2.40
2010.06.24 12:17:45.792,1.3385,1.3388,4.00,2.70
2010.06.24 12:17:46.399,1.33845,1.33865,4.20,4.10
2010.06.24 12:17:47.378,1.3384,1.3387,1.60,6.80
2010.06.24 12:17:47.601,1.3384,1.33865,1.60,1.60
2010.06.24 12:17:47.824,1.33835,1.33855,3.20,1.00
2010.06.24 12:17:48.608,1.3383,1.33855,1.80,4.80
2010.06.24 12:17:48.878,1.3383,1.33855,1.60,2.90
2010.06.24 12:17:49.142,1.3383,1.33855,3.40,2.10
2010.06.24 12:17:49.401,1.3383,1.33855,1.80,2.10
2010.06.24 12:17:50.950,1.3383,1.33855,1.60,4.80
2010.06.24 12:17:51.085,1.3383,1.33855,1.00,4.80
2010.06.24 12:17:55.178,1.3383,1.33855,1.00,3.20
2010.06.24 12:17:55.400,1.3383,1.33855,1.00,3.10
2010.06.24 12:17:56.008,1.3383,1.33855,1.00,2.40
2010.06.24 12:17:56.083,1.3383,1.3386,1.00,4.00
2010.06.24 12:17:56.435,1.3383,1.3386,1.00,2.40
2010.06.24 12:17:57.937,1.3383,1.3386,1.60,3.20
2010.06.24 12:17:58.205,1.33835,1.3386,1.00,1.60
2010.06.24 12:18:05.023,1.3383,1.3386,1.60,1.60
2010.06.24 12:18:05.468,1.3383,1.33855,1.60,1.00
2010.06.24 12:18:05.579,1.3383,1.33855,1.60,2.90
2010.06.24 12:18:06.552,1.33825,1.33855,1.60,4.80
2010.06.24 12:18:07.233,1.33825,1.33855,1.60,5.20
2010.06.24 12:18:07.502,1.33825,1.33855,1.60,3.60
2010.06.24 12:18:07.769,1.33825,1.33855,1.60,5.20
2010.06.24 12:18:08.769,1.33825,1.33855,2.40,5.20
2010.06.24 12:18:08.880,1.33825,1.33855,2.40,3.60
2010.06.24 12:18:10.028,1.33825,1.33855,1.60,3.60
2010.06.24 12:18:10.371,1.33825,1.33855,1.60,3.70
2010.06.24 12:18:11.198,1.33825,1.33855,1.60,5.30
2010.06.24 12:18:13.016,1.33825,1.33855,1.60,3.70
2010.06.24 12:18:13.180,1.33825,1.33855,1.60,3.20
2010.06.24 12:18:14.886,1.3383,1.33855,1.60,3.20
2010.06.24 12:18:20.547,1.33825,1.3384,1.00,1.60
2010.06.24 12:18:20.790,1.33825,1.33845,1.00,1.60
2010.06.24 12:18:21.084,1.3382,1.3385,1.00,3.50
2010.06.24 12:18:21.370,1.3382,1.3385,1.00,5.10
2010.06.24 12:18:22.202,1.33835,1.3385,1.60,3.50
2010.06.24 12:18:22.412,1.3385,1.3386,1.00,1.60
2010.06.24 12:18:22.624,1.3385,1.3387,1.60,2.40
2010.06.24 12:18:22.828,1.3384,1.3387,3.20,2.40
2010.06.24 12:18:24.012,1.3384,1.3387,3.20,1.60
2010.06.24 12:18:24.974,1.33845,1.33875,1.60,5.10
2010.06.24 12:18:25.747,1.3385,1.33875,1.60,1.60
2010.06.24 12:18:25.992,1.3385,1.3388,5.60,1.60
2010.06.24 12:18:26.233,1.33855,1.3388,1.00,1.60
2010.06.24 12:18:27.085,1.33855,1.3388,3.20,1.60
2010.06.24 12:18:27.366,1.3386,1.3388,1.60,1.60
2010.06.24 12:18:27.927,1.33855,1.3388,2.20,1.60
2010.06.24 12:18:28.212,1.33855,1.3388,1.00,1.60
2010.06.24 12:18:29.039,1.33855,1.3388,2.40,1.60
2010.06.24 12:18:29.363,1.33855,1.3388,1.60,1.60
2010.06.24 12:18:29.482,1.3386,1.33885,1.00,3.20
2010.06.24 12:18:29.602,1.3386,1.33885,1.60,1.60
2010.06.24 12:18:30.268,1.3386,1.33885,3.20,1.60
2010.06.24 12:18:30.396,1.33865,1.3389,1.60,1.60
2010.06.24 12:18:31.425,1.3387,1.3389,1.00,1.60
2010.06.24 12:18:38.064,1.3387,1.3389,2.40,1.60
2010.06.24 12:18:38.689,1.3387,1.3389,3.20,1.60
2010.06.24 12:18:38.965,1.3387,1.33895,1.00,1.60
2010.06.24 12:18:39.223,1.3387,1.3389,1.00,1.60
2010.06.24 12:18:42.252,1.3387,1.33895,1.00,1.60
2010.06.24 12:18:42.371,1.33865,1.3389,2.80,1.00
2010.06.24 12:18:42.479,1.33865,1.3389,2.80,2.40
2010.06.24 12:18:43.101,1.33865,1.3389,3.60,1.60
2010.06.24 12:18:43.211,1.33865,1.33895,3.60,1.60
2010.06.24 12:18:44.547,1.33865,1.33895,3.80,1.60
2010.06.24 12:18:44.717,1.33865,1.33895,3.60,1.60
2010.06.24 12:18:47.098,1.33865,1.3389,3.60,1.60
2010.06.24 12:18:51.479,1.33865,1.3389,2.80,1.60
2010.06.24 12:18:51.651,1.33865,1.3389,2.40,1.60
2010.06.24 12:18:51.820,1.33865,1.3389,1.00,3.20
2010.06.24 12:18:52.610,1.3386,1.3389,1.60,3.20
2010.06.24 12:18:53.974,1.3386,1.33885,1.60,1.60
2010.06.24 12:18:54.465,1.3386,1.3389,3.20,1.60
2010.06.24 12:18:54.715,1.33865,1.3389,1.00,1.60
2010.06.24 12:18:55.830,1.33865,1.33895,1.00,3.20
2010.06.24 12:19:00.930,1.33865,1.33895,1.00,4.40
2010.06.24 12:19:01.118,1.33865,1.3389,1.00,1.60
2010.06.24 12:19:02.622,1.33865,1.3389,1.00,4.00
2010.06.24 12:19:02.845,1.3386,1.3388,1.80,1.60
2010.06.24 12:19:03.637,1.33855,1.3388,1.00,1.60
2010.06.24 12:19:03.864,1.3385,1.33875,3.20,1.60
2010.06.24 12:19:04.091,1.3385,1.33875,1.60,1.60
2010.06.24 12:19:06.149,1.3385,1.33875,1.60,3.20
2010.06.24 12:19:06.409,1.3385,1.3387,1.60,1.60
2010.06.24 12:19:07.705,1.33845,1.3387,5.00,1.60
2010.06.24 12:19:08.800,1.33845,1.3387,4.20,1.60
2010.06.24 12:19:08.898,1.33845,1.3387,3.40,1.60
2010.06.24 12:19:10.417,1.33845,1.3387,3.20,1.60
2010.06.24 12:19:16.637,1.33845,1.3387,4.80,1.60
2010.06.24 12:19:16.718,1.33845,1.3387,4.80,2.90
2010.06.24 12:19:16.814,1.33845,1.33865,1.60,1.60
2010.06.24 12:19:17.154,1.3384,1.33865,1.00,1.60
2010.06.24 12:19:17.491,1.3384,1.3386,1.80,1.60
2010.06.24 12:19:18.390,1.33835,1.3386,3.20,1.60
2010.06.24 12:19:18.621,1.33835,1.3386,6.20,1.60
2010.06.24 12:19:18.837,1.33835,1.3386,3.80,1.60
2010.06.24 12:19:19.791,1.3383,1.3386,2.40,1.60
2010.06.24 12:19:19.976,1.33835,1.33865,1.60,2.40
2010.06.24 12:19:21.176,1.33835,1.33865,4.20,1.60
2010.06.24 12:19:21.436,1.33835,1.3387,2.60,4.30
2010.06.24 12:19:21.686,1.33835,1.3387,4.80,4.80
2010.06.24 12:19:21.934,1.33835,1.3387,2.40,6.30
2010.06.24 12:19:22.522,1.33835,1.3387,4.00,6.30
2010.06.24 12:19:22.862,1.33845,1.3387,1.00,2.40
2010.06.24 12:19:23.553,1.33845,1.33875,1.00,5.10
2010.06.24 12:19:23.741,1.3385,1.33875,3.60,3.20
2010.06.24 12:19:24.480,1.33855,1.3387,1.60,1.60
2010.06.24 12:19:24.679,1.3385,1.3387,1.60,1.60
2010.06.24 12:19:24.880,1.3385,1.3387,3.20,1.60
2010.06.24 12:19:25.081,1.3385,1.3387,3.60,1.60
2010.06.24 12:19:25.280,1.33855,1.3387,1.60,1.60
2010.06.24 12:19:26.475,1.33845,1.3387,2.40,1.60
2010.06.24 12:19:26.695,1.33845,1.33865,1.60,1.60
2010.06.24 12:19:26.914,1.3384,1.33865,2.40,1.60
2010.06.24 12:19:27.832,1.3384,1.33865,3.00,1.60
2010.06.24 12:19:30.299,1.3384,1.33865,3.00,2.90
2010.06.24 12:19:30.419,1.3384,1.33865,1.00,2.90
2010.06.24 12:19:30.539,1.33835,1.33865,5.80,2.90
2010.06.24 12:19:31.760,1.3384,1.33865,2.60,2.90
2010.06.24 12:19:32.624,1.3384,1.33865,1.00,2.90
2010.06.24 12:19:32.724,1.33845,1.33865,1.00,2.90
2010.06.24 12:19:32.820,1.3384,1.33865,1.00,1.30
2010.06.24 12:19:32.909,1.3384,1.3387,2.40,4.00
2010.06.24 12:19:33.000,1.3384,1.3387,2.40,2.40
2010.06.24 12:19:33.094,1.3384,1.3387,3.00,2.40
2010.06.24 12:19:33.715,1.3384,1.33865,1.00,1.60
2010.06.24 12:19:34.066,1.33835,1.33865,1.00,3.50
2010.06.24 12:19:34.752,1.33835,1.3386,1.00,1.00
2010.06.24 12:19:35.335,1.33835,1.3386,1.00,2.20
2010.06.24 12:19:35.651,1.33835,1.3386,1.00,1.00
2010.06.24 12:19:35.956,1.3383,1.3386,1.00,1.00
2010.06.24 12:19:36.200,1.3383,1.3386,1.80,1.00
2010.06.24 12:19:36.682,1.33835,1.3386,1.00,5.70
2010.06.24 12:19:36.922,1.33835,1.33855,1.00,1.00
2010.06.24 12:19:37.554,1.3383,1.33855,1.00,1.00
2010.06.24 12:19:37.909,1.33835,1.33855,1.00,1.00
2010.06.24 12:19:38.006,1.3383,1.3386,4.40,4.30
2010.06.24 12:19:38.100,1.3383,1.3386,4.40,3.20
2010.06.24 12:19:38.192,1.3383,1.3386,1.80,3.20
2010.06.24 12:19:38.279,1.3383,1.3386,1.60,3.20
2010.06.24 12:19:38.987,1.3383,1.3386,1.00,3.20
2010.06.24 12:19:39.744,1.3383,1.3386,1.00,3.80
2010.06.24 12:19:40.514,1.3383,1.3386,1.00,3.20
2010.06.24 12:19:41.384,1.3383,1.3385,1.00,1.00
2010.06.24 12:19:41.670,1.33825,1.3385,1.00,1.00
2010.06.24 12:19:43.006,1.33825,1.3384,1.00,1.00
2010.06.24 12:19:43.191,1.33815,1.3384,5.80,1.00
2010.06.24 12:19:43.370,1.33815,1.3384,1.80,1.00
2010.06.24 12:19:43.730,1.33815,1.3384,1.60,1.00
2010.06.24 12:19:45.279,1.33815,1.33845,3.20,2.30
2010.06.24 12:19:45.410,1.3382,1.33845,1.60,1.60
2010.06.24 12:19:46.126,1.33815,1.3384,1.80,1.60
2010.06.24 12:19:46.474,1.3381,1.3384,4.40,1.60
2010.06.24 12:19:47.383,1.3381,1.3384,4.00,1.60
2010.06.24 12:19:50.388,1.33815,1.3384,3.20,1.60
2010.06.24 12:19:51.759,1.33815,1.3384,3.40,1.60
2010.06.24 12:19:51.911,1.33815,1.33845,4.00,1.00
2010.06.24 12:19:52.060,1.33815,1.3385,4.80,5.90
2010.06.24 12:19:52.211,1.33815,1.33845,4.00,3.20
2010.06.24 12:19:54.232,1.33815,1.3385,4.80,5.90
2010.06.24 12:19:54.378,1.3382,1.3385,1.00,5.90
2010.06.24 12:19:54.531,1.33825,1.3385,1.00,4.30
2010.06.24 12:19:54.682,1.33825,1.3385,3.20,2.40
2010.06.24 12:19:55.406,1.33825,1.33855,3.40,4.00
2010.06.24 12:19:55.607,1.33835,1.3386,1.00,2.70
2010.06.24 12:19:55.794,1.33835,1.3386,1.60,1.60
2010.06.24 12:19:57.066,1.33845,1.3387,3.80,1.60
2010.06.24 12:19:57.376,1.3385,1.3387,4.80,1.60
2010.06.24 12:19:57.679,1.3385,1.3387,1.60,1.00
2010.06.24 12:19:58.482,1.33845,1.3387,1.60,1.10
2010.06.24 12:19:58.706,1.33845,1.3387,1.60,1.00
2010.06.24 12:19:59.130,1.33845,1.3387,1.60,1.90
2010.06.24 12:19:59.933,1.3384,1.3387,3.20,1.60
2010.06.24 12:20:00.203,1.3384,1.3387,1.60,2.40
2010.06.24 12:20:00.472,1.3384,1.33865,1.00,4.00
2010.06.24 12:20:01.301,1.3383,1.33855,1.00,1.00
2010.06.24 12:20:01.587,1.33825,1.33855,3.20,1.60
2010.06.24 12:20:01.873,1.33835,1.3386,1.00,2.70
2010.06.24 12:20:02.738,1.33825,1.33855,3.80,1.60
2010.06.24 12:20:03.082,1.33825,1.33855,3.20,1.60
2010.06.24 12:20:03.431,1.33825,1.33855,4.20,1.60
2010.06.24 12:20:03.774,1.33835,1.33865,1.00,3.50
2010.06.24 12:20:04.654,1.33835,1.33865,1.40,2.40
2010.06.24 12:20:04.955,1.3384,1.33865,1.60,1.60
2010.06.24 12:20:05.125,1.33835,1.3387,2.60,6.30
2010.06.24 12:20:05.735,1.33835,1.3387,2.60,5.90
2010.06.24 12:20:05.910,1.3384,1.3387,1.60,5.10
2010.06.24 12:20:06.082,1.3384,1.3387,1.60,5.50
2010.06.24 12:20:06.431,1.33835,1.33865,2.40,4.50
2010.06.24 12:20:06.771,1.33835,1.33865,1.00,6.00
2010.06.24 12:20:07.407,1.33835,1.33865,1.00,4.10
2010.06.24 12:20:07.623,1.33835,1.33865,2.00,6.00
2010.06.24 12:20:07.843,1.3384,1.33865,1.60,4.00
2010.06.24 12:20:08.282,1.3384,1.33865,1.60,1.00
2010.06.24 12:20:08.502,1.3384,1.3387,1.60,2.40
2010.06.24 12:20:09.274,1.33835,1.3387,8.00,2.40
2010.06.24 12:20:09.576,1.33835,1.33865,1.60,1.60
2010.06.24 12:20:09.780,1.33835,1.33865,1.00,1.60
2010.06.24 12:20:09.879,1.3384,1.3387,1.00,5.70
2010.06.24 12:20:10.545,1.3384,1.3387,1.00,4.40
2010.06.24 12:20:10.654,1.3384,1.3387,1.00,3.20
2010.06.24 12:20:11.000,1.3384,1.3387,1.00,1.60
2010.06.24 12:20:11.341,1.3384,1.3387,1.00,1.00
2010.06.24 12:20:11.932,1.3384,1.33875,1.00,7.90
2010.06.24 12:20:13.205,1.3384,1.33875,2.40,8.10
2010.06.24 12:20:13.425,1.33845,1.33875,1.00,4.80
2010.06.24 12:20:13.642,1.33845,1.33875,1.00,4.00
2010.06.24 12:20:13.768,1.33845,1.33875,1.00,3.20
2010.06.24 12:20:14.249,1.33845,1.33875,1.00,4.00
2010.06.24 12:20:14.368,1.3385,1.33875,1.00,2.40
2010.06.24 12:20:15.053,1.3385,1.33875,2.60,1.00
2010.06.24 12:20:15.253,1.33855,1.3388,3.20,1.60
2010.06.24 12:20:16.174,1.3385,1.3388,5.40,1.60
2010.06.24 12:20:16.528,1.3384,1.3387,6.20,1.60
2010.06.24 12:20:17.456,1.3383,1.33855,1.80,1.60
2010.06.24 12:20:17.810,1.33825,1.33855,1.80,1.60
2010.06.24 12:20:18.158,1.33825,1.3385,1.00,1.60
2010.06.24 12:20:18.952,1.3382,1.3385,1.00,2.40
2010.06.24 12:20:19.227,1.3381,1.33845,7.80,1.60
2010.06.24 12:20:19.495,1.3381,1.3384,1.60,1.00
2010.06.24 12:20:20.376,1.33815,1.33845,1.60,3.70
2010.06.24 12:20:20.692,1.33815,1.33845,1.60,2.40
2010.06.24 12:20:21.002,1.33815,1.33845,3.20,1.60
2010.06.24 12:20:22.981,1.33815,1.3385,5.40,4.00
2010.06.24 12:20:23.142,1.3382,1.3385,1.60,2.40
2010.06.24 12:20:23.878,1.33835,1.3386,1.00,1.60
2010.06.24 12:20:25.184,1.3384,1.3386,1.00,4.60
2010.06.24 12:20:25.485,1.3383,1.3386,2.60,5.30
2010.06.24 12:20:25.785,1.3383,1.3386,1.60,5.70
2010.06.24 12:20:26.858,1.3383,1.33855,2.40,1.60
2010.06.24 12:20:27.404,1.3383,1.33855,1.60,1.60
2010.06.24 12:20:27.615,1.3383,1.3385,1.00,1.60
2010.06.24 12:20:28.454,1.33835,1.3385,1.60,1.60
2010.06.24 12:20:28.695,1.3385,1.33865,2.40,3.00
2010.06.24 12:20:28.939,1.3385,1.3387,2.20,1.60
2010.06.24 12:20:29.640,1.33845,1.3387,1.00,2.40
2010.06.24 12:20:29.917,1.33845,1.3387,1.60,1.60
2010.06.24 12:20:30.989,1.3385,1.3387,4.00,1.60
2010.06.24 12:20:31.260,1.3385,1.33875,6.00,1.60
2010.06.24 12:20:32.140,1.3385,1.33875,6.80,1.60
2010.06.24 12:20:32.442,1.33855,1.33875,2.40,1.60
2010.06.24 12:20:32.604,1.33855,1.3388,3.40,1.60
2010.06.24 12:20:33.638,1.3387,1.3389,3.40,1.60
2010.06.24 12:20:33.962,1.3387,1.33895,3.40,1.60
2010.06.24 12:20:35.836,1.3387,1.339,3.40,2.40
2010.06.24 12:20:36.590,1.3388,1.339,1.60,1.60
2010.06.24 12:20:36.930,1.3389,1.3391,1.00,1.60
2010.06.24 12:20:37.852,1.33895,1.3391,1.60,1.60
2010.06.24 12:20:38.160,1.33905,1.3393,1.00,1.60
2010.06.24 12:20:38.510,1.339,1.33925,2.60,1.60
2010.06.24 12:20:39.417,1.339,1.33905,1.00,1.60
2010.06.24 12:20:39.640,1.33875,1.339,1.00,1.90
2010.06.24 12:20:39.853,1.3387,1.339,2.40,3.50
2010.06.24 12:20:40.060,1.3387,1.339,4.00,3.20
2010.06.24 12:20:40.898,1.3387,1.339,2.40,3.20
2010.06.24 12:20:41.129,1.3387,1.33895,2.40,1.60
2010.06.24 12:20:41.355,1.33865,1.33895,3.80,2.90
2010.06.24 12:20:41.937,1.3387,1.33895,1.00,2.90
2010.06.24 12:20:42.280,1.3387,1.3389,1.00,1.60
2010.06.24 12:20:44.136,1.3386,1.3388,2.40,1.00
2010.06.24 12:20:44.189,1.33855,1.33875,1.60,1.60
2010.06.24 12:20:44.719,1.33855,1.33875,1.00,1.60
2010.06.24 12:20:44.779,1.33855,1.33875,2.40,1.60
2010.06.24 12:20:46.219,1.33855,1.33885,2.40,3.50
2010.06.24 12:20:46.432,1.33855,1.33885,1.00,4.30
2010.06.24 12:20:47.213,1.33855,1.3388,1.00,1.60
2010.06.24 12:20:48.079,1.3386,1.3388,1.60,1.60
2010.06.24 12:20:48.438,1.3386,1.3389,1.60,3.50
2010.06.24 12:20:49.453,1.3386,1.3389,3.80,1.10
2010.06.24 12:20:49.618,1.3386,1.33895,4.60,4.30
2010.06.24 12:20:49.784,1.33865,1.33895,2.40,3.50
2010.06.24 12:20:50.533,1.3387,1.3389,1.00,2.40
2010.06.24 12:20:50.851,1.3387,1.3389,1.00,1.60
2010.06.24 12:20:51.751,1.3387,1.33895,1.00,1.00
2010.06.24 12:20:52.096,1.3388,1.33905,1.00,3.20
2010.06.24 12:20:52.443,1.3388,1.33905,2.40,4.00
2010.06.24 12:20:52.792,1.3388,1.33905,1.60,4.80
2010.06.24 12:20:54.190,1.3389,1.3391,1.60,1.60
2010.06.24 12:20:54.902,1.3389,1.3391,1.00,1.60
2010.06.24 12:20:55.029,1.3389,1.33915,2.40,1.60
2010.06.24 12:20:55.374,1.3389,1.33915,1.60,6.30
2010.06.24 12:20:56.143,1.3389,1.33915,1.60,4.30
2010.06.24 12:20:56.427,1.33885,1.33915,2.60,2.40
2010.06.24 12:20:56.714,1.33885,1.33915,2.40,4.00
2010.06.24 12:20:57.864,1.33885,1.33915,2.40,3.20
2010.06.24 12:20:58.224,1.3389,1.3392,1.00,7.30
2010.06.24 12:20:58.577,1.3389,1.3392,3.40,2.80
2010.06.24 12:20:58.734,1.33895,1.3392,1.00,1.00
2010.06.24 12:20:59.407,1.33895,1.33925,1.60,4.80
2010.06.24 12:20:59.595,1.33895,1.33925,1.60,2.40
2010.06.24 12:20:59.781,1.33895,1.33925,1.00,4.00
2010.06.24 12:20:59.958,1.33895,1.33925,1.60,4.00
2010.06.24 12:21:00.142,1.33895,1.33925,3.20,1.60
2010.06.24 12:21:00.886,1.339,1.3393,2.00,2.70
2010.06.24 12:21:01.117,1.339,1.33935,3.80,4.30
2010.06.24 12:21:01.340,1.339,1.33935,4.60,4.30
2010.06.24 12:21:01.563,1.339,1.3393,1.60,4.00
2010.06.24 12:21:02.630,1.339,1.3393,1.60,4.10
2010.06.24 12:21:02.913,1.339,1.33935,2.40,6.50
2010.06.24 12:21:03.447,1.339,1.33925,1.00,1.60
2010.06.24 12:21:04.237,1.339,1.3393,1.00,4.80
2010.06.24 12:21:04.450,1.33895,1.3392,1.00,1.60
2010.06.24 12:21:06.015,1.339,1.3392,1.00,1.60
2010.06.24 12:21:06.225,1.33895,1.3392,2.20,1.60
2010.06.24 12:21:06.431,1.33895,1.3392,1.60,1.60
2010.06.24 12:21:06.636,1.33895,1.33925,1.60,1.00
2010.06.24 12:21:07.392,1.33895,1.3392,1.60,1.60
2010.06.24 12:21:08.240,1.33895,1.3392,1.00,1.60
2010.06.24 12:21:08.402,1.3389,1.3392,1.60,3.20
2010.06.24 12:21:09.310,1.3388,1.3391,4.60,1.60
2010.06.24 12:21:09.474,1.33885,1.3391,1.60,1.60
2010.06.24 12:21:11.379,1.3388,1.339,1.00,1.00
2010.06.24 12:21:12.224,1.3388,1.33905,1.00,2.50
2010.06.24 12:21:12.476,1.33875,1.33895,1.00,1.60
2010.06.24 12:21:12.822,1.3387,1.339,3.20,1.60
2010.06.24 12:21:13.724,1.3387,1.339,3.20,3.20
2010.06.24 12:21:13.929,1.33875,1.339,1.00,2.20
2010.06.24 12:21:14.134,1.3388,1.339,1.00,1.60
2010.06.24 12:21:14.908,1.33875,1.339,6.20,2.40
2010.06.24 12:21:15.209,1.3388,1.339,1.00,2.40
2010.06.24 12:21:15.506,1.3388,1.339,1.00,1.00
2010.06.24 12:21:16.219,1.33865,1.33895,3.40,1.60
2010.06.24 12:21:16.549,1.3386,1.3389,4.20,1.60
2010.06.24 12:21:16.870,1.3386,1.3389,4.60,1.60
2010.06.24 12:21:17.951,1.3386,1.3389,3.80,1.60
2010.06.24 12:21:18.296,1.3387,1.3389,1.00,1.60
2010.06.24 12:21:20.141,1.3387,1.33885,1.00,1.60
2010.06.24 12:21:22.084,1.3387,1.3389,1.00,1.60
2010.06.24 12:21:22.280,1.3387,1.33885,1.00,1.60
2010.06.24 12:21:23.050,1.33875,1.33885,1.60,1.60
2010.06.24 12:21:23.283,1.33875,1.3389,1.60,1.60
2010.06.24 12:21:24.112,1.33875,1.339,1.60,2.40
2010.06.24 12:21:24.504,1.33885,1.339,2.40,1.60
2010.06.24 12:21:26.819,1.33885,1.33905,2.40,1.60
2010.06.24 12:21:29.866,1.33885,1.33905,1.60,2.40
2010.06.24 12:21:30.072,1.3387,1.33895,1.20,1.60
2010.06.24 12:21:30.276,1.3387,1.33895,1.20,4.00
2010.06.24 12:21:31.057,1.33865,1.3389,3.20,1.60
2010.06.24 12:21:32.594,1.33855,1.3388,1.00,1.60
2010.06.24 12:21:32.873,1.3385,1.33885,7.20,6.20
2010.06.24 12:21:33.720,1.3385,1.3388,4.00,4.00
2010.06.24 12:21:34.007,1.3386,1.3388,1.00,1.00
2010.06.24 12:21:34.299,1.3386,1.33885,1.00,3.50
2010.06.24 12:21:35.699,1.3386,1.33885,1.00,2.40
2010.06.24 12:21:37.009,1.3386,1.33885,1.00,3.20
2010.06.24 12:21:40.897,1.3384,1.33875,1.60,5.10
2010.06.24 12:21:41.183,1.3384,1.3387,1.60,1.60
2010.06.24 12:21:41.471,1.33845,1.3387,1.60,3.50
2010.06.24 12:21:42.400,1.3384,1.33865,1.60,1.60
2010.06.24 12:21:42.746,1.33835,1.3386,1.60,1.60
2010.06.24 12:21:43.086,1.3384,1.33865,1.60,2.40
2010.06.24 12:21:44.386,1.3384,1.33865,1.60,1.60
2010.06.24 12:21:45.356,1.3384,1.33865,2.40,1.60
2010.06.24 12:21:45.815,1.3384,1.3387,2.40,3.50
2010.06.24 12:21:46.715,1.3384,1.3387,3.20,2.70
2010.06.24 12:21:47.040,1.33845,1.33875,1.00,4.30
2010.06.24 12:21:47.909,1.3385,1.3388,1.60,3.30
2010.06.24 12:21:48.259,1.3385,1.3388,2.40,2.70
2010.06.24 12:21:48.603,1.3385,1.3388,2.40,1.60
2010.06.24 12:21:49.529,1.3385,1.33885,2.40,6.30
2010.06.24 12:21:49.849,1.33855,1.33885,2.40,1.60
2010.06.24 12:21:51.236,1.33855,1.3388,2.60,1.60
2010.06.24 12:21:51.981,1.33855,1.33885,2.40,1.60
2010.06.24 12:21:53.209,1.33855,1.33885,1.80,4.00
2010.06.24 12:21:53.555,1.33855,1.3388,1.00,1.60
2010.06.24 12:21:53.759,1.3385,1.3388,2.60,1.60
2010.06.24 12:21:55.331,1.33855,1.3388,1.00,1.60
2010.06.24 12:21:55.880,1.33855,1.33885,1.00,1.60
2010.06.24 12:21:56.078,1.33855,1.3388,1.00,1.60
2010.06.24 12:21:57.385,1.3386,1.3388,1.00,1.60
2010.06.24 12:21:59.217,1.3386,1.33885,1.00,1.60
2010.06.24 12:22:00.859,1.33865,1.33885,1.00,1.60
2010.06.24 12:22:01.013,1.33865,1.33885,1.60,1.60
2010.06.24 12:22:02.260,1.3387,1.3389,1.00,2.40
2010.06.24 12:22:02.448,1.3387,1.33895,2.40,2.40
2010.06.24 12:22:03.215,1.33875,1.3389,1.60,1.60
2010.06.24 12:22:03.409,1.33875,1.33895,1.00,1.60
2010.06.24 12:22:03.740,1.33875,1.339,1.80,1.60
2010.06.24 12:22:05.092,1.3387,1.3389,1.80,1.60
2010.06.24 12:22:05.311,1.3387,1.3389,1.60,1.60
2010.06.24 12:22:05.531,1.3387,1.33895,3.20,1.60
2010.06.24 12:22:06.314,1.3387,1.33895,3.40,1.60
2010.06.24 12:22:06.701,1.33875,1.33895,1.00,1.60
2010.06.24 12:22:08.178,1.33875,1.339,1.00,1.60
2010.06.24 12:22:08.419,1.33875,1.339,1.00,1.60
2010.06.24 12:22:09.845,1.3387,1.33895,1.00,3.20
2010.06.24 12:22:12.357,1.3387,1.33895,1.00,3.20
2010.06.24 12:22:12.750,1.3387,1.33895,1.00,1.60
2010.06.24 12:22:13.564,1.3387,1.33895,2.40,1.60
2010.06.24 12:22:13.871,1.33865,1.33895,1.60,1.60
2010.06.24 12:22:15.021,1.33865,1.3389,1.00,1.60
2010.06.24 12:22:15.302,1.33865,1.33895,3.80,2.40
2010.06.24 12:22:16.711,1.33865,1.3389,3.80,1.60
2010.06.24 12:22:17.351,1.3387,1.3389,1.60,1.60
2010.06.24 12:22:18.426,1.3387,1.3389,3.40,1.60
2010.06.24 12:22:18.483,1.33865,1.3389,5.40,1.60
2010.06.24 12:22:18.539,1.33865,1.3389,4.60,1.60
2010.06.24 12:22:18.698,1.33865,1.3389,4.20,1.60
2010.06.24 12:22:18.788,1.33865,1.3389,1.80,3.20
2010.06.24 12:22:18.851,1.33865,1.3389,1.00,3.50
2010.06.24 12:22:18.910,1.33865,1.33885,1.00,1.60
2010.06.24 12:22:18.973,1.33865,1.33885,1.60,3.20
2010.06.24 12:22:19.558,1.3387,1.33885,1.60,1.60
2010.06.24 12:22:19.856,1.3386,1.33885,1.00,1.60
2010.06.24 12:22:20.141,1.33855,1.33885,5.00,1.60
2010.06.24 12:22:20.429,1.33855,1.33885,4.80,1.60
2010.06.24 12:22:21.574,1.33855,1.3388,3.20,1.60
2010.06.24 12:22:21.760,1.33855,1.33875,1.00,1.00
2010.06.24 12:22:22.027,1.33845,1.3387,2.40,1.00
2010.06.24 12:22:22.296,1.33845,1.3387,1.60,4.90
2010.06.24 12:22:23.100,1.3384,1.3387,2.40,3.50
2010.06.24 12:22:25.152,1.3385,1.33875,2.60,2.40
2010.06.24 12:22:25.850,1.3385,1.33875,2.60,1.60
2010.06.24 12:22:25.980,1.3385,1.3388,4.20,1.60
2010.06.24 12:22:29.610,1.3385,1.3388,5.00,1.60
2010.06.24 12:22:30.210,1.3385,1.3388,5.80,1.60
2010.06.24 12:22:30.509,1.33855,1.3388,1.60,1.60
2010.06.24 12:22:31.111,1.3386,1.3388,1.00,1.60
2010.06.24 12:22:31.358,1.33855,1.3388,1.80,1.60
2010.06.24 12:22:31.839,1.33855,1.3388,1.60,1.60
2010.06.24 12:22:34.765,1.33855,1.3388,2.40,1.60
2010.06.24 12:22:36.535,1.33855,1.33885,2.40,1.60
2010.06.24 12:22:37.011,1.33865,1.3389,1.60,3.70
2010.06.24 12:22:37.202,1.33865,1.3389,3.40,1.60
2010.06.24 12:22:37.400,1.33865,1.3389,1.80,1.60
2010.06.24 12:22:37.589,1.3386,1.33895,2.60,5.10
2010.06.24 12:22:37.779,1.3386,1.3389,2.40,1.60
2010.06.24 12:22:40.818,1.33865,1.3389,1.60,1.60
2010.06.24 12:22:43.798,1.33865,1.3389,2.40,1.60
2010.06.24 12:22:44.529,1.33865,1.3389,1.60,1.60
2010.06.24 12:22:44.969,1.3386,1.3389,5.40,2.40
2010.06.24 12:22:45.651,1.3386,1.33885,5.20,1.60
2010.06.24 12:22:45.713,1.3386,1.33885,4.80,1.60
2010.06.24 12:22:46.048,1.3386,1.33885,4.00,1.60
2010.06.24 12:22:46.391,1.3386,1.33885,1.60,1.60
2010.06.24 12:22:47.115,1.3386,1.33885,3.20,1.60
2010.06.24 12:22:48.060,1.33865,1.33885,2.60,1.60
2010.06.24 12:22:48.727,1.33865,1.3389,2.60,2.70
2010.06.24 12:22:49.086,1.33875,1.33895,1.00,1.60
2010.06.24 12:22:50.301,1.33875,1.339,1.00,1.60
2010.06.24 12:22:50.449,1.33875,1.33895,1.00,1.60
2010.06.24 12:22:51.130,1.33875,1.339,1.00,1.60
2010.06.24 12:22:51.933,1.3387,1.33895,2.60,1.60
2010.06.24 12:22:52.295,1.3387,1.3389,2.40,1.60
2010.06.24 12:22:52.472,1.3387,1.3389,1.00,1.60
2010.06.24 12:22:53.240,1.33865,1.3389,5.40,1.60
2010.06.24 12:22:54.266,1.33865,1.3389,3.20,1.60
2010.06.24 12:22:54.990,1.3386,1.3389,2.40,1.60
2010.06.24 12:22:55.760,1.3386,1.33885,1.60,1.60
2010.06.24 12:22:55.871,1.33855,1.33885,3.40,3.20
2010.06.24 12:22:55.980,1.33855,1.33885,1.80,4.80
2010.06.24 12:22:56.090,1.3385,1.3388,5.40,1.60
2010.06.24 12:22:57.880,1.33855,1.3388,1.60,1.60
2010.06.24 12:22:59.470,1.3385,1.33875,3.80,1.60
2010.06.24 12:22:59.609,1.33855,1.33875,1.60,1.60
2010.06.24 12:23:00.700,1.3385,1.33875,5.40,1.60
2010.06.24 12:23:04.260,1.3385,1.33875,3.80,1.60
2010.06.24 12:23:04.914,1.3385,1.3387,1.00,1.60
2010.06.24 12:23:06.099,1.33845,1.3386,1.60,1.60
2010.06.24 12:23:06.288,1.3384,1.33865,1.60,2.70
2010.06.24 12:23:07.031,1.3384,1.33865,1.60,1.10
2010.06.24 12:23:07.197,1.3384,1.33865,1.60,1.60
2010.06.24 12:23:08.422,1.3384,1.3387,1.60,5.10
2010.06.24 12:23:09.235,1.33835,1.33865,3.60,2.40
2010.06.24 12:23:09.419,1.33835,1.33865,3.20,2.70
2010.06.24 12:23:09.791,1.33835,1.33865,3.20,1.60
2010.06.24 12:23:12.762,1.33835,1.3387,3.20,5.10
2010.06.24 12:23:14.182,1.33835,1.3387,3.20,4.80
2010.06.24 12:23:14.892,1.33835,1.33865,3.20,1.60
2010.06.24 12:23:15.000,1.33835,1.33865,3.20,1.30
2010.06.24 12:23:15.119,1.33835,1.33865,3.20,1.50
2010.06.24 12:23:15.728,1.33845,1.33865,1.60,1.20
2010.06.24 12:23:15.966,1.33845,1.3387,1.60,3.50
2010.06.24 12:23:16.195,1.33845,1.3387,1.60,1.60
2010.06.24 12:23:17.831,1.3384,1.3387,3.00,1.60
2010.06.24 12:23:18.130,1.3384,1.33865,2.40,3.20
2010.06.24 12:23:18.719,1.3384,1.33865,4.00,1.60
2010.06.24 12:23:19.385,1.3384,1.33865,2.40,1.60
2010.06.24 12:23:19.470,1.3384,1.33865,1.00,1.60
2010.06.24 12:23:19.559,1.3384,1.33865,1.00,3.20
2010.06.24 12:23:19.742,1.33835,1.33865,4.60,3.20
2010.06.24 12:23:21.451,1.33835,1.3386,1.00,1.60
2010.06.24 12:23:21.711,1.3383,1.3386,4.20,3.20
2010.06.24 12:23:22.013,1.3383,1.3386,2.40,5.40
2010.06.24 12:23:22.939,1.3383,1.3386,2.40,3.20
2010.06.24 12:23:23.165,1.3383,1.3386,2.40,2.70
2010.06.24 12:23:23.955,1.3383,1.3386,4.80,2.70
2010.06.24 12:23:24.276,1.3383,1.3386,4.80,1.60
2010.06.24 12:23:27.149,1.3383,1.3386,5.60,3.20
2010.06.24 12:23:27.301,1.3383,1.3386,5.80,3.20
2010.06.24 12:23:28.312,1.3383,1.3386,5.40,3.20
2010.06.24 12:23:28.630,1.3383,1.3386,5.00,3.20
2010.06.24 12:23:29.262,1.3383,1.3386,5.00,4.00
2010.06.24 12:23:29.458,1.3383,1.3386,5.00,4.40
2010.06.24 12:23:29.530,1.3383,1.3386,4.80,4.40
2010.06.24 12:23:29.599,1.3383,1.3386,3.20,4.40
2010.06.24 12:23:29.728,1.3383,1.3386,3.20,5.20
2010.06.24 12:23:31.089,1.3383,1.3386,3.20,5.50
2010.06.24 12:23:32.233,1.3383,1.33855,3.20,1.60
2010.06.24 12:23:33.419,1.3383,1.33855,2.40,1.60
2010.06.24 12:23:39.991,1.3383,1.3386,2.40,5.90
2010.06.24 12:23:40.165,1.3383,1.33855,2.40,1.60
2010.06.24 12:23:42.274,1.3383,1.33855,3.20,1.60
2010.06.24 12:23:42.583,1.3383,1.33855,4.00,1.60
2010.06.24 12:23:43.295,1.3383,1.3386,5.60,3.20
2010.06.24 12:23:43.646,1.3383,1.3386,6.40,3.20
2010.06.24 12:23:44.000,1.3384,1.3386,2.40,1.60
2010.06.24 12:23:44.900,1.33845,1.33865,1.60,1.60
2010.06.24 12:23:45.243,1.3384,1.3387,1.00,5.90
2010.06.24 12:23:45.810,1.3384,1.3387,1.00,4.80
2010.06.24 12:23:46.601,1.3384,1.3387,1.00,5.60
2010.06.24 12:23:47.981,1.3384,1.33865,1.00,1.60
2010.06.24 12:23:48.291,1.33835,1.3386,3.20,1.10
2010.06.24 12:23:49.011,1.33835,1.33865,4.80,3.50
2010.06.24 12:23:49.112,1.33835,1.33865,3.20,3.50
2010.06.24 12:23:49.202,1.33835,1.3386,3.20,1.60
2010.06.24 12:23:49.919,1.33835,1.3386,1.60,2.40
2010.06.24 12:23:50.012,1.33835,1.3386,1.00,2.40
2010.06.24 12:23:50.885,1.33825,1.3385,5.40,1.00
2010.06.24 12:23:58.337,1.33825,1.3385,5.20,2.70
2010.06.24 12:23:58.588,1.33825,1.3385,1.20,3.20
2010.06.24 12:23:58.649,1.33825,1.3385,1.40,3.20
2010.06.24 12:23:58.709,1.33825,1.3385,3.80,3.20
2010.06.24 12:23:58.770,1.33825,1.3385,3.80,1.60
2010.06.24 12:23:58.878,1.33825,1.33855,3.80,3.20
2010.06.24 12:24:00.251,1.33825,1.33855,1.00,4.00
2010.06.24 12:24:00.447,1.33825,1.3385,1.00,1.60
2010.06.24 12:24:00.822,1.3382,1.3385,4.80,3.20
2010.06.24 12:24:01.466,1.3382,1.3385,2.40,3.20
2010.06.24 12:24:01.804,1.3382,1.3384,1.00,1.00
2010.06.24 12:24:02.135,1.33815,1.3384,2.40,3.20
2010.06.24 12:24:02.461,1.33815,1.3384,3.20,2.40
2010.06.24 12:24:03.357,1.33815,1.3384,2.40,1.00
2010.06.24 12:24:03.713,1.33815,1.33835,1.60,1.00
2010.06.24 12:24:05.628,1.33815,1.3384,1.60,1.00
2010.06.24 12:24:06.363,1.3381,1.3384,3.20,1.00
2010.06.24 12:24:06.446,1.3381,1.33835,3.20,1.00
2010.06.24 12:24:06.709,1.3381,1.33835,4.00,1.00
2010.06.24 12:24:06.813,1.3381,1.3384,4.00,2.40
2010.06.24 12:24:07.887,1.3381,1.3384,3.20,1.60
2010.06.24 12:24:08.578,1.3381,1.3384,3.20,2.40
2010.06.24 12:24:08.787,1.3381,1.33835,3.20,1.00
2010.06.24 12:24:09.570,1.3381,1.33835,2.40,1.00
2010.06.24 12:24:09.797,1.33805,1.3383,2.40,1.00
2010.06.24 12:24:10.674,1.33805,1.3383,1.00,2.40
2010.06.24 12:24:11.589,1.33805,1.3383,2.40,1.00
2010.06.24 12:24:11.867,1.33805,1.3381,1.00,2.40
2010.06.24 12:24:12.149,1.33775,1.3381,8.60,3.20
2010.06.24 12:24:12.751,1.33775,1.33805,7.00,1.00
2010.06.24 12:24:13.040,1.33775,1.33805,1.60,3.20
2010.06.24 12:24:13.324,1.33775,1.33805,2.40,1.60
2010.06.24 12:24:13.991,1.33775,1.33805,3.80,1.00
2010.06.24 12:24:14.269,1.33775,1.3381,5.40,4.80
2010.06.24 12:24:15.999,1.3378,1.3381,1.60,4.80
2010.06.24 12:24:16.209,1.3378,1.33815,7.20,4.00
2010.06.24 12:24:16.421,1.3378,1.3381,7.20,1.60
2010.06.24 12:24:17.242,1.33785,1.3381,1.60,1.60
2010.06.24 12:24:17.503,1.33785,1.3381,1.00,1.60
2010.06.24 12:24:18.156,1.3379,1.3381,1.60,1.60
2010.06.24 12:24:18.391,1.3379,1.3381,1.60,2.40
2010.06.24 12:24:18.631,1.3378,1.33805,2.20,1.00
2010.06.24 12:24:19.312,1.33775,1.338,2.40,3.80
2010.06.24 12:24:19.598,1.3378,1.338,1.00,2.40
2010.06.24 12:24:19.887,1.3378,1.338,1.00,1.00
2010.06.24 12:24:20.656,1.3378,1.33805,1.00,4.00
2010.06.24 12:24:22.083,1.33775,1.3379,1.20,1.00
2010.06.24 12:24:22.343,1.3377,1.33785,2.40,1.00
2010.06.24 12:24:23.133,1.33775,1.33795,1.00,2.40
2010.06.24 12:24:23.379,1.3378,1.33795,1.00,1.60
2010.06.24 12:24:23.622,1.33775,1.338,1.00,1.60
2010.06.24 12:24:23.864,1.33775,1.338,2.40,1.60
2010.06.24 12:24:24.677,1.33785,1.33805,1.00,2.40
2010.06.24 12:24:24.910,1.33785,1.3381,1.00,2.40
2010.06.24 12:24:26.336,1.3378,1.3381,3.20,4.80
2010.06.24 12:24:28.936,1.33785,1.33815,5.40,4.80
2010.06.24 12:24:29.114,1.33795,1.33815,1.60,4.00
2010.06.24 12:24:29.295,1.3379,1.33815,3.80,1.00
2010.06.24 12:24:30.055,1.3379,1.3382,3.80,2.40
2010.06.24 12:24:30.298,1.33795,1.3382,1.60,1.00
2010.06.24 12:24:30.767,1.33795,1.3382,1.80,1.00
2010.06.24 12:24:31.004,1.33795,1.33825,2.40,1.00
2010.06.24 12:24:31.738,1.338,1.33825,1.60,1.00
2010.06.24 12:24:32.079,1.3381,1.33835,1.60,3.20
2010.06.24 12:24:32.323,1.33805,1.33835,1.80,2.20
2010.06.24 12:24:33.029,1.33805,1.33835,1.60,4.80
2010.06.24 12:24:33.491,1.33805,1.33835,1.60,4.00
2010.06.24 12:24:35.231,1.33805,1.33835,1.60,4.40
2010.06.24 12:24:35.382,1.338,1.3383,4.40,1.60
2010.06.24 12:24:35.679,1.338,1.3383,4.00,1.60
2010.06.24 12:24:37.785,1.338,1.33825,3.20,1.60
2010.06.24 12:24:38.576,1.33815,1.3383,2.40,1.00
2010.06.24 12:24:38.826,1.33825,1.33845,3.00,1.60
2010.06.24 12:24:39.071,1.33825,1.3385,3.00,1.60
2010.06.24 12:24:39.918,1.3383,1.33855,2.40,2.40
2010.06.24 12:24:40.205,1.3383,1.3385,2.40,1.60
2010.06.24 12:24:40.491,1.3383,1.33855,2.40,2.40
2010.06.24 12:24:41.676,1.33835,1.3386,3.00,1.60
2010.06.24 12:24:41.993,1.33835,1.33865,3.00,3.20
2010.06.24 12:24:42.240,1.33835,1.3386,3.00,1.60
2010.06.24 12:24:42.490,1.33835,1.33865,3.00,3.20
2010.06.24 12:24:45.960,1.33835,1.33865,2.80,4.00
2010.06.24 12:24:46.124,1.3383,1.33855,4.20,1.60
2010.06.24 12:24:46.292,1.3383,1.33855,2.80,1.60
2010.06.24 12:24:46.499,1.3383,1.33855,3.00,1.60
2010.06.24 12:24:46.710,1.3383,1.33855,2.80,1.60
2010.06.24 12:24:46.919,1.3383,1.33855,2.40,1.60
2010.06.24 12:24:48.128,1.33835,1.3386,2.40,4.00
2010.06.24 12:24:48.416,1.33835,1.3386,3.00,4.00
2010.06.24 12:24:49.059,1.33835,1.3386,3.00,3.20
2010.06.24 12:24:52.291,1.3383,1.3386,3.80,3.20
2010.06.24 12:24:52.552,1.3383,1.3386,1.00,4.00
2010.06.24 12:24:53.165,1.3383,1.3386,1.00,4.80
2010.06.24 12:24:54.670,1.3383,1.3386,3.60,4.00
2010.06.24 12:24:55.469,1.3383,1.3386,3.80,4.00
2010.06.24 12:24:57.921,1.3383,1.3386,2.20,4.80
2010.06.24 12:24:58.039,1.3383,1.3386,1.60,4.80
2010.06.24 12:24:59.246,1.33825,1.33855,4.00,2.40
2010.06.24 12:25:00.169,1.33825,1.33855,4.00,3.20
2010.06.24 12:25:00.423,1.33825,1.33855,2.40,2.40
2010.06.24 12:25:02.338,1.33825,1.33855,2.40,1.00
2010.06.24 12:25:02.900,1.3382,1.33855,6.20,2.40
2010.06.24 12:25:03.042,1.3382,1.3385,7.00,1.10
2010.06.24 12:25:03.753,1.33825,1.3385,2.40,1.10
2010.06.24 12:25:04.034,1.33825,1.33855,2.40,1.90
2010.06.24 12:25:06.137,1.3382,1.3385,2.40,1.10
2010.06.24 12:25:06.408,1.3382,1.3385,2.40,1.00
2010.06.24 12:25:06.550,1.3382,1.3385,1.60,1.00
2010.06.24 12:25:07.834,1.3382,1.3385,1.60,1.10
2010.06.24 12:25:10.352,1.3382,1.3385,1.60,2.70
2010.06.24 12:25:11.302,1.3382,1.3385,1.60,3.50
2010.06.24 12:25:12.607,1.3382,1.33845,1.00,1.00
2010.06.24 12:25:13.535,1.33815,1.33845,3.80,1.00
2010.06.24 12:25:15.409,1.3381,1.3384,5.60,1.00
2010.06.24 12:25:15.568,1.3381,1.3384,4.00,2.40
2010.06.24 12:25:15.844,1.3381,1.3384,2.40,2.40
2010.06.24 12:25:16.693,1.3381,1.3384,1.60,4.00
2010.06.24 12:25:16.907,1.33805,1.33835,1.60,1.60
2010.06.24 12:25:17.319,1.338,1.3383,7.00,1.00
2010.06.24 12:25:17.536,1.338,1.33825,2.40,1.60
2010.06.24 12:25:18.308,1.33795,1.33825,5.40,3.20
2010.06.24 12:25:18.659,1.3379,1.33815,4.00,1.60
2010.06.24 12:25:19.005,1.3379,1.33815,3.20,1.60
2010.06.24 12:25:23.379,1.3379,1.33815,3.20,1.00
2010.06.24 12:25:23.639,1.3379,1.3382,3.20,7.20
2010.06.24 12:25:23.849,1.3379,1.33815,3.20,1.00
2010.06.24 12:25:24.916,1.3379,1.33815,3.20,1.60
2010.06.24 12:25:25.532,1.3379,1.3381,3.20,1.00
2010.06.24 12:25:26.173,1.33795,1.3382,1.60,4.40
2010.06.24 12:25:26.364,1.338,1.33825,1.00,3.20
2010.06.24 12:25:27.137,1.33795,1.33825,4.00,1.00
2010.06.24 12:25:27.311,1.338,1.33825,1.60,1.00
2010.06.24 12:25:27.483,1.338,1.3383,1.60,4.00
2010.06.24 12:25:27.663,1.338,1.33825,1.60,1.00
2010.06.24 12:25:28.788,1.33795,1.33825,2.40,3.20
2010.06.24 12:25:29.696,1.33795,1.3382,2.40,1.00
2010.06.24 12:25:29.999,1.33795,1.3382,1.60,1.60
2010.06.24 12:25:30.308,1.3379,1.3382,3.00,3.20
2010.06.24 12:25:30.617,1.3379,1.3382,1.60,3.20
2010.06.24 12:25:31.249,1.3379,1.3382,1.60,4.00
2010.06.24 12:25:31.475,1.3379,1.33815,1.60,1.00
2010.06.24 12:25:35.411,1.33785,1.33815,3.00,2.40
2010.06.24 12:25:36.336,1.3378,1.3381,2.60,3.20
2010.06.24 12:25:36.685,1.33785,1.3381,1.00,4.00
2010.06.24 12:25:44.013,1.3378,1.338,1.60,3.00
2010.06.24 12:25:44.229,1.3377,1.33795,4.00,1.60
2010.06.24 12:25:44.383,1.3377,1.338,2.40,3.20
2010.06.24 12:25:44.542,1.3377,1.33795,1.00,1.60
2010.06.24 12:25:45.266,1.33765,1.33795,5.60,1.60
2010.06.24 12:25:45.471,1.3377,1.338,1.60,3.20
2010.06.24 12:25:48.808,1.3377,1.338,3.20,3.20
2010.06.24 12:25:49.695,1.33775,1.338,1.60,2.40
2010.06.24 12:25:51.813,1.33775,1.338,1.60,1.00
2010.06.24 12:25:52.006,1.33775,1.338,3.20,1.00
2010.06.24 12:25:52.371,1.33775,1.338,1.60,1.00
2010.06.24 12:25:53.121,1.33775,1.338,3.20,1.00
2010.06.24 12:25:53.460,1.3378,1.33805,1.60,1.60
2010.06.24 12:25:53.803,1.33785,1.3381,1.60,4.00
2010.06.24 12:25:54.641,1.3378,1.3381,1.60,3.20
2010.06.24 12:25:54.871,1.33775,1.3381,4.60,4.80
2010.06.24 12:25:55.101,1.33775,1.3381,3.00,4.80
2010.06.24 12:25:55.330,1.33775,1.33805,2.60,1.00
2010.06.24 12:25:56.380,1.33775,1.33805,1.00,6.00
2010.06.24 12:25:56.626,1.33775,1.338,1.00,1.00
2010.06.24 12:25:56.926,1.3376,1.3379,1.00,4.00
2010.06.24 12:25:57.778,1.3376,1.3378,1.60,1.00
2010.06.24 12:25:57.942,1.33755,1.3378,1.80,1.00
2010.06.24 12:25:58.115,1.33755,1.33775,1.00,1.60
2010.06.24 12:25:58.891,1.33755,1.3378,1.00,2.40
2010.06.24 12:25:59.234,1.3376,1.3379,2.20,7.10
2010.06.24 12:25:59.582,1.3376,1.3379,2.20,6.30
2010.06.24 12:25:59.922,1.3376,1.3379,2.20,4.90
2010.06.24 12:26:00.529,1.3376,1.3379,2.20,6.50
2010.06.24 12:26:01.317,1.3376,1.33785,2.20,4.90
2010.06.24 12:26:01.392,1.3376,1.33785,2.20,5.70
2010.06.24 12:26:01.460,1.3376,1.33785,1.60,5.70
2010.06.24 12:26:01.663,1.33755,1.3378,1.80,1.60
2010.06.24 12:26:02.320,1.3375,1.3378,2.40,4.00
2010.06.24 12:26:02.663,1.3376,1.3379,2.20,4.30
2010.06.24 12:26:02.997,1.3376,1.3379,3.40,1.60
2010.06.24 12:26:03.328,1.3377,1.3379,1.60,1.00
2010.06.24 12:26:04.259,1.3377,1.338,1.80,1.90
2010.06.24 12:26:04.606,1.3377,1.338,1.80,1.00
2010.06.24 12:26:04.766,1.3378,1.338,1.60,1.00
2010.06.24 12:26:05.084,1.33785,1.33805,1.00,2.40
2010.06.24 12:26:05.815,1.33785,1.3381,1.00,3.20
2010.06.24 12:26:05.976,1.3378,1.3381,1.00,1.60
2010.06.24 12:26:06.141,1.33785,1.3381,3.40,1.60
2010.06.24 12:26:06.624,1.3379,1.3381,1.00,1.60
2010.06.24 12:26:07.559,1.33785,1.33815,1.00,3.20
2010.06.24 12:26:07.911,1.3379,1.3382,1.00,3.20
2010.06.24 12:26:08.837,1.3379,1.3382,1.80,2.40
2010.06.24 12:26:09.169,1.33795,1.33825,3.40,2.40
2010.06.24 12:26:09.507,1.338,1.33825,5.60,1.00
2010.06.24 12:26:10.446,1.33805,1.33835,2.60,4.00
2010.06.24 12:26:11.019,1.33805,1.33835,4.20,2.40
2010.06.24 12:26:11.833,1.33815,1.33835,1.60,2.40
2010.06.24 12:26:12.462,1.3381,1.33835,2.40,2.40
2010.06.24 12:26:15.119,1.3381,1.33835,2.40,1.00
2010.06.24 12:26:15.301,1.3382,1.3385,1.60,4.90
2010.06.24 12:26:15.463,1.3382,1.3385,1.60,4.80
2010.06.24 12:26:16.861,1.3382,1.3385,3.40,4.80
2010.06.24 12:26:19.000,1.3382,1.3385,4.20,3.20
2010.06.24 12:26:19.189,1.3382,1.3385,2.60,3.20
2010.06.24 12:26:20.127,1.3382,1.3385,4.20,1.60
2010.06.24 12:26:20.322,1.33825,1.3385,2.60,1.60
2010.06.24 12:26:20.520,1.3383,1.3385,1.60,1.60
2010.06.24 12:26:20.720,1.3383,1.33855,1.80,2.40
2010.06.24 12:26:22.651,1.3382,1.33845,1.00,1.00
2010.06.24 12:26:22.898,1.33815,1.3384,1.60,3.20
2010.06.24 12:26:23.179,1.3381,1.33835,1.00,1.60
2010.06.24 12:26:24.030,1.3381,1.3384,1.00,4.00
2010.06.24 12:26:24.242,1.3381,1.3384,1.80,2.40
2010.06.24 12:26:24.452,1.3381,1.3384,2.60,2.40
2010.06.24 12:26:25.068,1.3381,1.3384,1.80,4.00
2010.06.24 12:26:25.358,1.33815,1.33845,3.20,2.40
2010.06.24 12:26:27.639,1.33815,1.33845,3.40,2.40
2010.06.24 12:26:29.413,1.33815,1.33845,3.20,1.00
2010.06.24 12:26:31.248,1.33815,1.33845,4.20,1.00
2010.06.24 12:26:31.419,1.33815,1.33845,3.40,1.00
2010.06.24 12:26:31.590,1.3382,1.33845,1.00,1.00
2010.06.24 12:26:32.364,1.33815,1.3383,1.00,1.00
2010.06.24 12:26:32.547,1.33805,1.33825,2.40,1.60
2010.06.24 12:26:32.836,1.33795,1.33825,4.60,1.60
2010.06.24 12:26:33.124,1.33805,1.3383,4.80,1.00
2010.06.24 12:26:33.947,1.33805,1.3383,3.20,1.00
2010.06.24 12:26:34.548,1.33805,1.3383,4.00,1.00
2010.06.24 12:26:35.219,1.33805,1.3383,3.40,1.00
2010.06.24 12:26:35.290,1.33805,1.33835,1.00,3.70
2010.06.24 12:26:35.359,1.33805,1.3383,2.60,1.60
2010.06.24 12:26:35.428,1.33805,1.3383,3.20,1.60
2010.06.24 12:26:35.499,1.33805,1.3383,4.80,1.60
2010.06.24 12:26:36.303,1.33805,1.33835,4.80,2.40
2010.06.24 12:26:36.506,1.33815,1.3384,1.60,4.30
2010.06.24 12:26:36.704,1.33815,1.3384,1.60,1.10
2010.06.24 12:26:36.902,1.33815,1.33845,1.60,4.30
2010.06.24 12:26:37.091,1.33815,1.33845,1.60,3.20
2010.06.24 12:26:40.037,1.3382,1.3384,3.20,1.60
2010.06.24 12:26:40.243,1.3382,1.3385,6.20,3.20
2010.06.24 12:26:40.451,1.3382,1.3385,7.20,3.20
2010.06.24 12:26:41.254,1.3382,1.33835,2.40,1.00
2010.06.24 12:26:41.560,1.3382,1.33835,1.60,2.40
2010.06.24 12:26:42.243,1.33815,1.33835,1.60,6.10
2010.06.24 12:26:42.601,1.33795,1.33825,3.20,1.60
2010.06.24 12:26:42.944,1.33795,1.33825,1.60,2.40
2010.06.24 12:26:43.875,1.3379,1.33825,5.00,4.00
2010.06.24 12:26:44.172,1.3379,1.33825,3.40,4.00
2010.06.24 12:26:44.475,1.3379,1.33825,5.00,4.00
2010.06.24 12:26:45.050,1.3379,1.33825,5.00,4.80
2010.06.24 12:26:45.282,1.33785,1.3382,8.00,4.00
2010.06.24 12:26:45.500,1.33785,1.3382,7.20,4.00
2010.06.24 12:26:47.279,1.33785,1.3382,7.20,3.20
2010.06.24 12:26:47.414,1.3379,1.3382,1.60,3.20
2010.06.24 12:26:48.267,1.338,1.33825,2.80,1.30
2010.06.24 12:26:48.613,1.338,1.3383,6.20,1.90
2010.06.24 12:26:48.950,1.338,1.3383,6.20,1.00
2010.06.24 12:26:49.900,1.33805,1.3383,1.00,1.00
2010.06.24 12:26:50.156,1.338,1.3383,5.40,1.00
2010.06.24 12:26:50.416,1.33805,1.3383,1.00,1.00
2010.06.24 12:26:51.254,1.338,1.33825,2.20,1.00
2010.06.24 12:26:51.610,1.33785,1.33815,1.60,2.40
2010.06.24 12:26:51.955,1.3378,1.33815,5.60,4.60
2010.06.24 12:26:52.803,1.3379,1.3381,1.60,1.00
2010.06.24 12:26:52.980,1.3379,1.3382,5.60,1.60
2010.06.24 12:26:53.662,1.3379,1.33815,4.00,1.00
2010.06.24 12:26:54.395,1.3379,1.33815,1.00,1.00
2010.06.24 12:26:54.749,1.3379,1.33815,1.60,1.00
2010.06.24 12:26:56.341,1.3379,1.3382,3.20,5.70
2010.06.24 12:26:56.442,1.3379,1.3382,5.40,4.00
2010.06.24 12:26:57.078,1.3379,1.3382,7.20,1.60
2010.06.24 12:26:58.203,1.3379,1.33815,1.60,2.40
2010.06.24 12:26:58.459,1.33785,1.33815,2.40,2.40
2010.06.24 12:26:59.319,1.33795,1.3382,3.00,1.60
2010.06.24 12:26:59.424,1.3379,1.3382,2.40,2.40
2010.06.24 12:26:59.520,1.3379,1.3382,1.00,1.00
2010.06.24 12:26:59.622,1.3379,1.3382,2.60,1.10
2010.06.24 12:26:59.821,1.3379,1.3382,3.00,1.10
2010.06.24 12:26:59.923,1.3379,1.3382,1.40,1.90
2010.06.24 12:27:00.745,1.33785,1.3382,6.20,2.70
2010.06.24 12:27:01.230,1.33785,1.3382,6.20,2.40
2010.06.24 12:27:01.734,1.33795,1.3382,1.60,1.00
2010.06.24 12:27:02.730,1.33785,1.3382,6.20,1.60
2010.06.24 12:27:04.660,1.33785,1.3382,4.60,1.60
2010.06.24 12:27:04.850,1.33785,1.3382,6.20,1.60
2010.06.24 12:27:05.960,1.3379,1.3382,1.00,1.60
2010.06.24 12:27:06.187,1.3379,1.3382,1.00,1.00
2010.06.24 12:27:07.341,1.33795,1.33825,5.40,3.20
2010.06.24 12:27:07.686,1.33795,1.3382,1.60,1.00
2010.06.24 12:27:08.033,1.3379,1.3382,4.20,1.00
2010.06.24 12:27:09.179,1.3379,1.3382,2.60,1.00
2010.06.24 12:27:09.464,1.3379,1.3382,2.40,2.40
2010.06.24 12:27:10.714,1.3379,1.3382,4.00,1.00
2010.06.24 12:27:12.132,1.3379,1.3382,4.20,1.00
2010.06.24 12:27:16.457,1.3379,1.33815,1.60,1.00
2010.06.24 12:27:16.815,1.33785,1.33815,1.00,4.80
2010.06.24 12:27:17.707,1.33785,1.33815,1.00,6.70
2010.06.24 12:27:18.017,1.3378,1.3381,1.00,4.30
2010.06.24 12:27:18.321,1.3378,1.33805,1.00,1.60
2010.06.24 12:27:19.800,1.33775,1.33805,5.00,1.60
2010.06.24 12:27:20.077,1.33765,1.3379,1.60,1.00
2010.06.24 12:27:20.222,1.33765,1.33795,2.40,1.60
2010.06.24 12:27:20.361,1.3377,1.33795,1.00,1.60
2010.06.24 12:27:20.501,1.3377,1.338,1.00,2.40
2010.06.24 12:27:20.642,1.3377,1.338,1.00,1.60
2010.06.24 12:27:21.745,1.3377,1.338,1.00,2.40
2010.06.24 12:27:22.389,1.3377,1.338,2.40,1.60
2010.06.24 12:27:22.769,1.3377,1.338,2.40,1.00
2010.06.24 12:27:23.848,1.3377,1.338,4.00,1.00
2010.06.24 12:27:24.100,1.3377,1.3379,1.60,3.70
2010.06.24 12:27:24.889,1.33765,1.3379,3.20,4.10
2010.06.24 12:27:25.338,1.33765,1.3379,1.00,4.10
2010.06.24 12:27:25.588,1.33765,1.33785,1.00,1.00
2010.06.24 12:27:26.573,1.33765,1.3379,1.00,5.70
2010.06.24 12:27:26.904,1.33765,1.3379,1.00,2.40
2010.06.24 12:27:27.700,1.33765,1.3379,1.00,1.00
2010.06.24 12:27:27.910,1.33765,1.33795,1.00,5.50
2010.06.24 12:27:28.120,1.33765,1.3379,1.00,1.00
2010.06.24 12:27:29.077,1.33765,1.33785,1.00,1.00
2010.06.24 12:27:29.295,1.3376,1.3378,1.00,1.00
2010.06.24 12:27:30.214,1.33755,1.3378,1.60,1.00
2010.06.24 12:27:30.771,1.33755,1.3378,3.20,1.00
2010.06.24 12:27:32.069,1.33755,1.3378,2.40,3.60
2010.06.24 12:27:32.281,1.3375,1.3377,1.60,1.00
2010.06.24 12:27:33.308,1.33745,1.33775,4.80,2.40
2010.06.24 12:27:33.558,1.3376,1.33785,1.00,1.60
2010.06.24 12:27:33.819,1.3376,1.33785,1.60,1.00
2010.06.24 12:27:34.077,1.33765,1.33795,5.60,1.60
2010.06.24 12:27:34.656,1.3377,1.33795,1.60,1.60
2010.06.24 12:27:34.912,1.3377,1.33795,4.80,1.60
2010.06.24 12:27:35.224,1.33775,1.338,1.60,2.40
2010.06.24 12:27:36.127,1.33775,1.338,2.40,1.60
2010.06.24 12:27:36.366,1.3377,1.338,1.00,3.20
2010.06.24 12:27:36.829,1.3377,1.338,1.00,3.20
2010.06.24 12:27:37.425,1.3377,1.33795,1.00,1.00
2010.06.24 12:27:38.113,1.3377,1.338,1.00,3.20
2010.06.24 12:27:41.624,1.3377,1.33795,1.00,1.00
2010.06.24 12:27:41.847,1.3377,1.338,2.40,4.80
2010.06.24 12:27:42.145,1.3377,1.33795,2.40,1.60
2010.06.24 12:27:42.957,1.3377,1.338,2.40,4.00
2010.06.24 12:27:43.397,1.33775,1.338,1.60,1.60
2010.06.24 12:27:43.617,1.3377,1.338,6.20,1.60
2010.06.24 12:27:44.948,1.3377,1.33795,3.20,1.60
2010.06.24 12:27:45.296,1.33765,1.338,5.40,3.20
2010.06.24 12:27:45.642,1.33765,1.338,5.00,3.20
2010.06.24 12:27:46.754,1.33765,1.338,7.80,1.60
2010.06.24 12:27:47.203,1.33765,1.338,7.00,1.60
2010.06.24 12:27:48.016,1.33765,1.33795,1.00,7.10
2010.06.24 12:27:48.509,1.33765,1.33795,1.00,6.50
2010.06.24 12:27:50.102,1.33765,1.33795,1.00,7.30
2010.06.24 12:27:50.256,1.33775,1.33795,1.00,4.40
2010.06.24 12:27:50.417,1.33765,1.33795,3.80,2.40
2010.06.24 12:27:51.140,1.33775,1.33805,1.60,5.90
2010.06.24 12:27:51.161,1.33775,1.33805,1.60,5.10
2010.06.24 12:27:51.515,1.33775,1.3381,4.80,5.10
2010.06.24 12:27:52.449,1.33785,1.3381,2.20,1.00
2010.06.24 12:27:52.802,1.33785,1.33805,1.60,1.60
2010.06.24 12:27:53.145,1.3378,1.3381,1.00,3.20
2010.06.24 12:27:53.485,1.3378,1.3381,1.00,4.00
2010.06.24 12:27:54.390,1.33775,1.33805,3.40,1.60
2010.06.24 12:27:54.749,1.3377,1.338,6.20,1.00
2010.06.24 12:27:55.590,1.33775,1.33805,1.60,5.70
2010.06.24 12:27:55.770,1.33775,1.33805,1.60,5.10
2010.06.24 12:27:56.543,1.33775,1.33805,1.60,3.50
2010.06.24 12:27:58.331,1.33775,1.33805,1.60,1.90
2010.06.24 12:27:59.610,1.33775,1.33805,3.20,1.90
2010.06.24 12:28:02.991,1.33775,1.33805,3.20,1.10
2010.06.24 12:28:03.720,1.3378,1.3381,2.20,3.70
2010.06.24 12:28:03.900,1.33785,1.33815,2.40,3.20
2010.06.24 12:28:04.585,1.33785,1.33815,3.20,3.20
2010.06.24 12:28:05.432,1.33785,1.3381,3.20,1.60
2010.06.24 12:28:05.892,1.33785,1.3381,1.00,1.60
2010.06.24 12:28:06.814,1.33785,1.3381,1.60,3.20
2010.06.24 12:28:07.053,1.33785,1.3381,2.40,3.20
2010.06.24 12:28:08.242,1.3377,1.338,5.80,1.00
2010.06.24 12:28:08.921,1.3377,1.338,5.60,1.00
2010.06.24 12:28:10.102,1.33775,1.338,1.60,1.00
2010.06.24 12:28:10.211,1.33775,1.338,3.20,1.00
2010.06.24 12:28:12.396,1.3378,1.33805,1.60,4.90
2010.06.24 12:28:12.583,1.33785,1.3381,1.60,2.40
2010.06.24 12:28:14.740,1.33785,1.33805,1.60,1.60
2010.06.24 12:28:15.441,1.33785,1.33805,1.60,2.40
2010.06.24 12:28:15.695,1.3378,1.33805,3.20,3.20
2010.06.24 12:28:15.947,1.33785,1.33805,3.20,1.60
2010.06.24 12:28:16.598,1.33785,1.33805,3.40,1.60
2010.06.24 12:28:16.944,1.33785,1.33805,4.00,1.60
2010.06.24 12:28:17.166,1.33785,1.3381,4.00,2.40
2010.06.24 12:28:18.906,1.33785,1.33805,1.00,1.60
2010.06.24 12:28:19.109,1.33775,1.338,1.00,1.60
2010.06.24 12:28:20.086,1.33765,1.33795,5.20,1.10
2010.06.24 12:28:21.512,1.3377,1.33795,1.60,1.10
2010.06.24 12:28:21.858,1.33765,1.33795,2.40,5.90
2010.06.24 12:28:23.269,1.33765,1.33795,3.20,1.90
2010.06.24 12:28:23.599,1.33765,1.33795,3.20,3.70
2010.06.24 12:28:24.233,1.33765,1.33795,3.20,1.90
2010.06.24 12:28:24.561,1.3377,1.338,1.60,5.70
2010.06.24 12:28:26.229,1.33775,1.338,1.00,1.00
2010.06.24 12:28:26.632,1.33775,1.338,1.00,2.40
2010.06.24 12:28:28.221,1.33775,1.338,2.40,1.00
2010.06.24 12:28:30.651,1.33775,1.33805,2.40,5.10
2010.06.24 12:28:30.708,1.33775,1.33805,2.40,4.00
2010.06.24 12:28:32.344,1.33775,1.33805,4.00,4.00
2010.06.24 12:28:32.502,1.33775,1.33805,2.40,4.00
2010.06.24 12:28:33.110,1.33775,1.33805,2.40,1.60
2010.06.24 12:28:33.269,1.3378,1.33805,2.60,1.00
2010.06.24 12:28:33.430,1.3378,1.3381,4.60,5.30
2010.06.24 12:28:33.589,1.3378,1.3381,6.40,2.40
2010.06.24 12:28:33.751,1.3378,1.3381,3.80,3.20
2010.06.24 12:28:34.511,1.3378,1.3381,1.60,3.20
2010.06.24 12:28:42.431,1.3378,1.3381,1.60,1.60
2010.06.24 12:28:42.605,1.3379,1.33815,1.40,4.50
2010.06.24 12:28:42.751,1.3379,1.3382,4.80,3.20
2010.06.24 12:28:42.903,1.3379,1.3382,4.80,2.40
2010.06.24 12:28:43.050,1.3379,1.3382,5.60,1.00
2010.06.24 12:28:43.350,1.33795,1.3382,2.40,1.00
2010.06.24 12:28:44.825,1.338,1.3382,1.00,1.00
2010.06.24 12:28:44.854,1.338,1.33825,1.00,5.10
2010.06.24 12:28:44.885,1.338,1.33825,2.10,5.10
2010.06.24 12:28:44.913,1.338,1.33825,1.60,5.10
2010.06.24 12:28:45.532,1.338,1.33825,1.60,4.00
2010.06.24 12:28:45.575,1.33795,1.33825,1.60,5.60
2010.06.24 12:28:46.599,1.33795,1.33825,2.40,4.00
2010.06.24 12:28:47.873,1.338,1.33825,2.10,4.00
2010.06.24 12:28:49.931,1.338,1.3381,1.60,1.00
2010.06.24 12:28:50.063,1.3379,1.3381,1.00,1.00
2010.06.24 12:28:50.771,1.33785,1.3381,1.00,1.00
2010.06.24 12:28:50.909,1.33785,1.3382,4.20,2.40
2010.06.24 12:28:52.802,1.3379,1.3382,1.80,1.00
2010.06.24 12:28:53.016,1.33795,1.33825,1.60,2.40
2010.06.24 12:28:53.227,1.33795,1.33825,1.60,4.00
2010.06.24 12:28:54.559,1.3379,1.3382,1.60,1.60
2010.06.24 12:28:55.019,1.3379,1.3382,3.20,1.60
2010.06.24 12:28:55.139,1.3379,1.3382,5.00,1.00
2010.06.24 12:28:55.942,1.3379,1.3382,4.80,1.00
2010.06.24 12:28:59.830,1.3379,1.3382,4.80,1.60
2010.06.24 12:29:00.168,1.3379,1.3382,4.80,1.00
2010.06.24 12:29:01.241,1.33805,1.33825,1.20,2.40
2010.06.24 12:29:01.398,1.3381,1.3384,1.60,2.80
2010.06.24 12:29:03.146,1.3381,1.3384,1.60,2.00
2010.06.24 12:29:04.720,1.33805,1.3384,5.40,4.40
2010.06.24 12:29:05.049,1.33805,1.3384,4.80,4.70
2010.06.24 12:29:05.713,1.33805,1.3384,6.40,2.80
2010.06.24 12:29:06.313,1.3381,1.3384,1.60,1.00
2010.06.24 12:29:07.713,1.33805,1.3384,3.80,4.10
2010.06.24 12:29:07.915,1.33805,1.3384,5.60,2.40
2010.06.24 12:29:09.017,1.33805,1.3384,7.20,2.40
2010.06.24 12:29:09.707,1.33805,1.3384,7.20,1.60
2010.06.24 12:29:10.555,1.3381,1.3384,1.00,1.00
2010.06.24 12:29:10.839,1.33815,1.3384,2.40,1.00
2010.06.24 12:29:11.106,1.33815,1.33845,4.80,1.60
2010.06.24 12:29:11.826,1.33815,1.33845,1.00,2.40
2010.06.24 12:29:11.985,1.33815,1.33845,2.20,2.40
2010.06.24 12:29:12.132,1.3381,1.33845,6.20,2.40
2010.06.24 12:29:12.281,1.3381,1.33845,3.80,4.40
2010.06.24 12:29:12.971,1.3381,1.3384,1.00,1.00
2010.06.24 12:29:13.316,1.33805,1.3384,7.20,1.60
2010.06.24 12:29:14.005,1.33805,1.3384,6.40,1.60
2010.06.24 12:29:14.972,1.33805,1.3384,7.20,1.60
2010.06.24 12:29:16.230,1.3381,1.3384,3.00,1.00
2010.06.24 12:29:16.882,1.33815,1.3384,1.60,1.00
2010.06.24 12:29:16.988,1.33815,1.33845,1.60,1.60
2010.06.24 12:29:18.468,1.3383,1.33845,1.00,1.60
2010.06.24 12:29:18.714,1.3383,1.3385,1.00,1.60
2010.06.24 12:29:19.521,1.3383,1.3385,2.40,1.00
2010.06.24 12:29:19.851,1.3383,1.3385,3.00,1.00
2010.06.24 12:29:24.918,1.3383,1.3385,1.40,1.00
2010.06.24 12:29:25.164,1.3383,1.3385,1.00,1.00
2010.06.24 12:29:25.410,1.3383,1.3385,1.00,1.00
2010.06.24 12:29:26.753,1.33835,1.3386,4.00,1.60
2010.06.24 12:29:27.012,1.33835,1.3386,1.80,1.60
2010.06.24 12:29:27.777,1.3385,1.3386,1.60,1.60
2010.06.24 12:29:28.129,1.33855,1.3387,1.60,1.00
2010.06.24 12:29:29.778,1.33855,1.33875,1.60,1.00
2010.06.24 12:29:30.126,1.3385,1.33875,1.00,1.00
2010.06.24 12:29:32.431,1.3385,1.33875,1.00,1.00
2010.06.24 12:29:35.151,1.3385,1.33875,1.00,1.00
2010.06.24 12:29:35.709,1.3385,1.33875,1.80,1.00
2010.06.24 12:29:36.432,1.3385,1.33875,1.00,1.00
2010.06.24 12:29:37.212,1.3384,1.33875,5.00,1.00
2010.06.24 12:29:37.311,1.3384,1.33875,4.20,1.00
2010.06.24 12:29:37.570,1.3384,1.33875,5.00,1.00
2010.06.24 12:29:38.213,1.33845,1.33875,1.00,1.00
2010.06.24 12:29:38.494,1.33845,1.33885,3.40,1.00
2010.06.24 12:29:38.723,1.3385,1.33885,1.60,1.00
2010.06.24 12:29:38.954,1.3385,1.3389,1.60,2.70
2010.06.24 12:29:39.741,1.33865,1.3389,1.00,1.90
2010.06.24 12:29:39.967,1.33865,1.33895,1.00,1.00
2010.06.24 12:29:40.965,1.33865,1.339,1.80,1.60
2010.06.24 12:29:41.257,1.33865,1.339,3.40,1.00
2010.06.24 12:29:41.544,1.3387,1.339,1.00,1.00
2010.06.24 12:29:42.621,1.33865,1.339,3.40,1.00
2010.06.24 12:29:42.923,1.33865,1.339,1.80,1.00
2010.06.24 12:29:43.230,1.3387,1.33895,1.00,1.00
2010.06.24 12:29:43.980,1.3387,1.3389,1.60,1.10
2010.06.24 12:29:44.335,1.33865,1.3389,1.60,1.00
2010.06.24 12:29:46.148,1.33865,1.3389,1.80,1.00
2010.06.24 12:29:46.316,1.3385,1.3389,2.80,1.60
2010.06.24 12:29:46.487,1.33855,1.33885,1.00,1.00
2010.06.24 12:29:48.219,1.3383,1.3388,1.00,1.00
2010.06.24 12:29:48.932,1.33825,1.3387,1.00,1.00
2010.06.24 12:29:49.274,1.3382,1.33865,1.00,1.00
2010.06.24 12:29:50.220,1.3381,1.3387,1.00,1.00
2010.06.24 12:29:50.567,1.3381,1.3387,1.00,1.00
2010.06.24 12:29:51.202,1.3381,1.3387,1.00,1.20
2010.06.24 12:29:51.398,1.3381,1.3387,1.00,1.10
2010.06.24 12:29:51.597,1.3381,1.3387,1.00,1.20
2010.06.24 12:29:52.621,1.33795,1.3386,1.00,1.00
2010.06.24 12:29:52.969,1.33795,1.33855,1.00,1.00
2010.06.24 12:29:53.602,1.33795,1.3386,1.00,1.00
2010.06.24 12:29:53.911,1.338,1.3387,1.00,1.00
2010.06.24 12:29:54.215,1.338,1.33865,1.00,1.00
2010.06.24 12:29:54.527,1.338,1.3387,1.00,1.00
2010.06.24 12:29:55.404,1.3379,1.3388,1.00,1.00
2010.06.24 12:29:55.967,1.3378,1.33885,1.00,1.00
2010.06.24 12:29:58.600,1.3378,1.33885,1.00,1.00
2010.06.24 12:30:00.540,1.33785,1.33885,5.20,1.00
2010.06.24 12:30:01.302,1.33785,1.3389,5.60,1.00
2010.06.24 12:30:01.461,1.33795,1.339,1.00,1.00
2010.06.24 12:30:01.621,1.33815,1.3389,1.00,1.00
2010.06.24 12:30:02.628,1.33815,1.3389,1.60,1.00
2010.06.24 12:30:02.901,1.33845,1.3389,5.20,1.00
2010.06.24 12:30:03.807,1.3387,1.3396,1.00,1.00
2010.06.24 12:30:04.151,1.3388,1.33965,1.60,1.60
2010.06.24 12:30:04.951,1.33885,1.33955,1.00,1.60
2010.06.24 12:30:05.200,1.3389,1.33975,1.00,1.00
2010.06.24 12:30:05.997,1.3389,1.3398,1.60,1.00
2010.06.24 12:30:06.302,1.33905,1.33965,1.00,1.00
2010.06.24 12:30:06.606,1.33915,1.33985,1.00,1.60
2010.06.24 12:30:07.186,1.33915,1.3396,1.00,1.00
2010.06.24 12:30:07.551,1.33965,1.34025,1.00,1.00
2010.06.24 12:30:07.901,1.3395,1.34025,1.00,1.00
2010.06.24 12:30:08.838,1.3396,1.34015,1.00,1.10
2010.06.24 12:30:09.169,1.3396,1.34015,1.00,1.00
2010.06.24 12:30:10.100,1.33945,1.33995,1.00,1.10
2010.06.24 12:30:10.417,1.33935,1.3399,2.60,1.00
2010.06.24 12:30:11.042,1.3394,1.3399,1.60,1.00
2010.06.24 12:30:11.326,1.3392,1.3396,1.00,1.00
2010.06.24 12:30:11.605,1.339,1.3394,1.00,2.70
2010.06.24 12:30:12.538,1.3393,1.33935,1.00,1.00
2010.06.24 12:30:13.468,1.33935,1.3397,1.00,1.50
2010.06.24 12:30:13.795,1.33925,1.3396,1.00,1.00
2010.06.24 12:30:14.710,1.33925,1.33955,1.00,1.00
2010.06.24 12:30:15.032,1.3392,1.33955,1.80,1.00
2010.06.24 12:30:15.888,1.3393,1.33965,1.00,1.00
2010.06.24 12:30:16.201,1.33935,1.33965,1.00,1.00
2010.06.24 12:30:16.500,1.3393,1.33965,1.00,1.00
2010.06.24 12:30:17.396,1.33935,1.33965,1.00,1.00
2010.06.24 12:30:18.414,1.3393,1.3396,1.00,1.00
2010.06.24 12:30:19.696,1.33925,1.33955,1.80,1.00
2010.06.24 12:30:19.988,1.3391,1.3394,1.00,1.00
2010.06.24 12:30:20.287,1.33905,1.3394,1.00,1.00
2010.06.24 12:30:21.160,1.33925,1.3395,1.00,1.00
2010.06.24 12:30:21.478,1.3391,1.3392,1.00,1.00
2010.06.24 12:30:22.140,1.33895,1.3392,1.00,1.00
2010.06.24 12:30:22.421,1.33875,1.33915,1.00,2.70
2010.06.24 12:30:23.280,1.3388,1.33915,1.00,2.70
2010.06.24 12:30:23.636,1.33895,1.33935,1.00,1.00
2010.06.24 12:30:24.565,1.33905,1.33945,1.00,1.00
2010.06.24 12:30:24.877,1.3391,1.33945,1.00,1.00
2010.06.24 12:30:25.756,1.33905,1.33945,1.60,1.90
2010.06.24 12:30:26.061,1.33915,1.33945,1.00,1.00
2010.06.24 12:30:26.358,1.33915,1.33945,1.60,1.00
2010.06.24 12:30:27.253,1.33925,1.3396,4.20,1.00
2010.06.24 12:30:27.522,1.33925,1.3396,2.60,1.00
2010.06.24 12:30:28.496,1.33925,1.3396,1.60,2.70
2010.06.24 12:30:28.825,1.3392,1.33955,1.80,1.60
2010.06.24 12:30:29.685,1.33915,1.33945,1.00,1.00
2010.06.24 12:30:29.988,1.33915,1.3395,1.00,1.10
2010.06.24 12:30:31.173,1.3392,1.3396,2.40,3.50
2010.06.24 12:30:32.260,1.3392,1.3396,5.00,1.60
2010.06.24 12:30:32.531,1.33925,1.3396,4.20,1.60
2010.06.24 12:30:33.361,1.33925,1.33955,3.40,1.60
2010.06.24 12:30:33.716,1.3393,1.3396,1.00,1.60
2010.06.24 12:30:34.679,1.3393,1.33965,1.60,1.60
2010.06.24 12:30:34.970,1.3396,1.3399,1.60,1.60
2010.06.24 12:30:35.257,1.3396,1.34,2.40,2.70
2010.06.24 12:30:36.150,1.3396,1.33995,1.60,1.60
2010.06.24 12:30:36.716,1.3396,1.33995,1.60,2.40
2010.06.24 12:30:37.297,1.3396,1.33995,1.60,3.20
2010.06.24 12:30:37.593,1.3395,1.3398,2.40,1.60
2010.06.24 12:30:37.884,1.33945,1.3398,1.00,1.00
2010.06.24 12:30:38.842,1.3394,1.3397,3.40,1.00
2010.06.24 12:30:39.186,1.3394,1.3397,2.40,1.10
2010.06.24 12:30:40.093,1.33945,1.3397,1.60,1.10
2010.06.24 12:30:40.407,1.33945,1.33975,1.60,1.10
2010.06.24 12:30:41.616,1.33955,1.3399,1.80,2.70
2010.06.24 12:30:41.915,1.33955,1.3399,2.60,2.70
2010.06.24 12:30:42.844,1.33955,1.3399,1.80,2.70
2010.06.24 12:30:43.192,1.3395,1.3399,2.70,3.50
2010.06.24 12:30:44.152,1.33945,1.33985,4.30,2.40
2010.06.24 12:30:45.228,1.33945,1.3398,4.30,4.80
2010.06.24 12:30:45.516,1.3395,1.3398,2.40,2.40
2010.06.24 12:30:45.789,1.3395,1.33985,3.20,4.80
2010.06.24 12:30:46.617,1.3395,1.3398,3.40,2.40
2010.06.24 12:30:46.851,1.3395,1.33975,2.40,1.60
2010.06.24 12:30:47.087,1.3394,1.33965,2.40,1.60
2010.06.24 12:30:47.310,1.3394,1.3397,1.60,3.20
2010.06.24 12:30:48.206,1.33935,1.3397,3.20,5.10
2010.06.24 12:30:48.516,1.33935,1.3397,3.20,5.90
2010.06.24 12:30:49.713,1.33935,1.3397,1.00,5.10
2010.06.24 12:30:50.034,1.33935,1.3397,1.00,5.60
2010.06.24 12:30:50.938,1.33935,1.3397,1.00,4.00
2010.06.24 12:30:51.221,1.33945,1.3397,1.00,1.60
2010.06.24 12:30:51.499,1.33945,1.33965,1.00,1.20
2010.06.24 12:30:52.399,1.3391,1.33945,3.40,1.60
2010.06.24 12:30:52.726,1.33915,1.3395,1.80,3.50
2010.06.24 12:30:53.637,1.3391,1.33945,3.40,1.60
2010.06.24 12:30:53.933,1.33915,1.3395,3.20,1.70
2010.06.24 12:30:54.721,1.33915,1.3395,3.40,1.70
2010.06.24 12:30:54.993,1.3392,1.3395,1.00,1.60
2010.06.24 12:30:55.831,1.33925,1.33955,1.00,1.60
2010.06.24 12:30:56.119,1.33925,1.3395,1.60,1.10
2010.06.24 12:30:56.986,1.33915,1.33945,1.60,1.00
2010.06.24 12:30:57.259,1.3391,1.33945,1.50,2.70
2010.06.24 12:30:58.115,1.3391,1.33945,1.50,1.10
2010.06.24 12:30:58.464,1.3391,1.3394,1.60,1.60
2010.06.24 12:30:58.814,1.33905,1.33935,1.00,3.30
2010.06.24 12:30:59.743,1.33895,1.3393,1.00,1.60
2010.06.24 12:31:00.091,1.33895,1.3393,1.60,2.40
2010.06.24 12:31:00.736,1.33895,1.3393,1.60,2.80
2010.06.24 12:31:01.019,1.33895,1.33925,1.00,2.70
2010.06.24 12:31:01.895,1.3389,1.33925,1.60,2.70
2010.06.24 12:31:02.220,1.33885,1.33915,2.40,1.00
2010.06.24 12:31:03.495,1.33895,1.3393,3.40,2.40
2010.06.24 12:31:03.802,1.33895,1.3393,3.40,1.60
2010.06.24 12:31:04.107,1.33895,1.33925,1.00,2.40
2010.06.24 12:31:04.726,1.3389,1.33925,3.50,2.40
2010.06.24 12:31:05.053,1.3388,1.33915,1.10,1.60
2010.06.24 12:31:06.192,1.3388,1.3392,2.70,1.00
2010.06.24 12:31:06.432,1.33885,1.3392,1.60,1.60
2010.06.24 12:31:07.289,1.3389,1.33925,1.60,3.70
2010.06.24 12:31:07.641,1.3389,1.33925,1.80,2.40
2010.06.24 12:31:08.250,1.3389,1.33925,1.80,1.00
2010.06.24 12:31:08.598,1.3389,1.33925,1.00,1.60
2010.06.24 12:31:09.847,1.3389,1.33925,1.90,1.00
2010.06.24 12:31:10.032,1.3389,1.33925,1.60,1.00
2010.06.24 12:31:10.206,1.3389,1.3392,1.60,1.60
2010.06.24 12:31:10.959,1.33885,1.3392,1.00,3.50
2010.06.24 12:31:11.289,1.33895,1.3393,1.80,6.10
2010.06.24 12:31:11.619,1.33895,1.3393,1.00,2.90
2010.06.24 12:31:12.333,1.33895,1.3393,1.00,4.00
2010.06.24 12:31:12.660,1.3388,1.3392,3.10,2.40
2010.06.24 12:31:12.978,1.3388,1.33915,1.80,1.00
2010.06.24 12:31:13.872,1.33885,1.3392,3.40,1.10
2010.06.24 12:31:14.220,1.33895,1.33925,2.30,1.60
2010.06.24 12:31:15.112,1.339,1.33935,1.80,2.40
2010.06.24 12:31:16.365,1.339,1.33935,1.00,1.60
2010.06.24 12:31:16.673,1.33895,1.33925,2.40,2.40
2010.06.24 12:31:16.983,1.339,1.3393,1.80,3.50
2010.06.24 12:31:17.904,1.33925,1.33955,1.00,1.10
2010.06.24 12:31:18.177,1.33925,1.3396,2.60,1.00
2010.06.24 12:31:19.053,1.33915,1.33945,1.00,1.00
2010.06.24 12:31:19.396,1.33915,1.3394,1.00,1.60
2010.06.24 12:31:20.058,1.33915,1.33945,1.00,2.70
2010.06.24 12:31:20.409,1.3391,1.33945,1.00,3.70
2010.06.24 12:31:20.751,1.3391,1.33945,1.00,1.00
2010.06.24 12:31:21.673,1.3391,1.3394,1.60,1.00
2010.06.24 12:31:22.543,1.3392,1.33945,1.00,1.10
2010.06.24 12:31:22.901,1.3392,1.3395,1.00,2.40
2010.06.24 12:31:23.812,1.3392,1.3395,2.60,2.40
2010.06.24 12:31:24.162,1.3392,1.3395,1.10,1.00
2010.06.24 12:31:25.417,1.3391,1.33945,1.90,3.20
2010.06.24 12:31:25.752,1.3391,1.3394,1.90,1.00
2010.06.24 12:31:26.080,1.3391,1.3394,1.90,1.30
2010.06.24 12:31:26.982,1.33905,1.33935,1.00,1.00
2010.06.24 12:31:27.279,1.339,1.3393,1.00,2.10
2010.06.24 12:31:28.080,1.339,1.33925,1.00,1.00
2010.06.24 12:31:28.332,1.33895,1.33915,1.00,1.20
2010.06.24 12:31:29.312,1.33885,1.33915,1.60,1.90
2010.06.24 12:31:29.590,1.3388,1.33915,2.40,1.90
2010.06.24 12:31:30.123,1.3388,1.33915,2.40,1.00
2010.06.24 12:31:30.970,1.33885,1.3391,1.00,1.00
2010.06.24 12:31:31.271,1.3388,1.33915,1.60,1.00
2010.06.24 12:31:32.139,1.33905,1.3392,1.00,1.60
2010.06.24 12:31:32.181,1.33905,1.33925,1.00,1.00
2010.06.24 12:31:32.441,1.3389,1.33915,1.60,1.60
2010.06.24 12:31:33.243,1.33885,1.339,1.00,1.60
2010.06.24 12:31:33.592,1.33875,1.339,1.60,1.60
2010.06.24 12:31:34.512,1.3388,1.3391,2.40,1.00
2010.06.24 12:31:34.861,1.33885,1.33915,3.20,1.00
2010.06.24 12:31:35.119,1.33895,1.3392,2.20,1.00
2010.06.24 12:31:35.704,1.33895,1.33925,2.20,4.00
2010.06.24 12:31:35.965,1.3389,1.3392,1.60,1.20
2010.06.24 12:31:36.239,1.3389,1.3392,1.60,1.60
2010.06.24 12:31:37.110,1.33895,1.33925,1.60,1.60
2010.06.24 12:31:38.363,1.339,1.3393,1.60,1.00
2010.06.24 12:31:40.257,1.339,1.3393,1.60,1.00
2010.06.24 12:31:40.604,1.33895,1.3393,1.60,4.60
2010.06.24 12:31:41.420,1.3389,1.33925,1.60,1.00
2010.06.24 12:31:43.108,1.3389,1.33925,1.60,2.40
2010.06.24 12:31:43.254,1.3389,1.33925,1.60,2.50
2010.06.24 12:31:43.662,1.3389,1.3392,5.20,1.60
2010.06.24 12:31:44.985,1.3389,1.3392,4.80,1.60
2010.06.24 12:31:45.330,1.3389,1.3392,5.20,1.60
2010.06.24 12:31:45.899,1.3389,1.3392,4.40,1.60
2010.06.24 12:31:46.220,1.3389,1.3392,6.00,1.60
2010.06.24 12:31:46.934,1.33895,1.33925,1.60,2.40
2010.06.24 12:31:47.239,1.3389,1.33925,6.80,2.40
2010.06.24 12:31:47.569,1.339,1.3393,1.60,1.00
2010.06.24 12:31:48.389,1.3391,1.33935,1.60,2.10
2010.06.24 12:31:48.620,1.3394,1.33965,2.40,2.40
2010.06.24 12:31:49.212,1.3395,1.33965,1.60,2.40
2010.06.24 12:31:49.433,1.3396,1.33985,1.60,1.60
2010.06.24 12:31:50.751,1.33955,1.33985,3.20,2.40
2010.06.24 12:31:51.270,1.33955,1.33985,3.20,1.00
2010.06.24 12:31:51.833,1.33955,1.33985,1.60,2.40
2010.06.24 12:31:52.097,1.3395,1.33985,4.80,1.90
2010.06.24 12:31:52.926,1.3395,1.33985,3.80,2.40
2010.06.24 12:31:53.269,1.3395,1.3398,1.60,2.40
2010.06.24 12:31:54.118,1.33955,1.3398,3.20,2.10
2010.06.24 12:31:54.457,1.3397,1.34,1.60,1.00
2010.06.24 12:31:55.095,1.33975,1.34,1.60,1.00
2010.06.24 12:31:55.452,1.3398,1.34015,3.20,1.60
2010.06.24 12:31:57.203,1.33985,1.34015,1.60,1.20
2010.06.24 12:31:57.337,1.3398,1.34005,1.00,1.60
2010.06.24 12:31:58.122,1.3398,1.33995,1.00,1.60
2010.06.24 12:31:58.282,1.33965,1.3399,1.60,2.40
2010.06.24 12:31:58.628,1.3396,1.33995,1.60,3.80
2010.06.24 12:31:59.633,1.3396,1.33995,1.60,5.40
2010.06.24 12:32:00.929,1.3396,1.33995,1.60,3.80
2010.06.24 12:32:01.215,1.33975,1.33995,1.00,3.20
2010.06.24 12:32:02.066,1.33995,1.3401,1.00,1.60
2010.06.24 12:32:02.341,1.34005,1.3404,3.20,2.40
2010.06.24 12:32:03.200,1.34005,1.3404,1.60,2.40
2010.06.24 12:32:03.545,1.34005,1.3404,1.60,4.00
2010.06.24 12:32:03.898,1.34,1.34035,5.40,2.40
2010.06.24 12:32:04.683,1.34,1.34035,3.80,2.40
2010.06.24 12:32:04.851,1.34,1.34035,3.20,2.40
2010.06.24 12:32:05.018,1.34,1.34035,3.20,5.10
2010.06.24 12:32:05.186,1.34,1.34035,4.80,2.90
2010.06.24 12:32:05.767,1.34,1.34035,5.40,2.40
2010.06.24 12:32:06.108,1.34,1.3403,1.60,1.60
2010.06.24 12:32:06.445,1.34,1.3403,3.80,1.60
2010.06.24 12:32:07.651,1.34,1.34035,5.40,2.40
2010.06.24 12:32:07.924,1.34,1.34035,3.80,2.40
2010.06.24 12:32:08.862,1.34005,1.34035,1.60,2.40
2010.06.24 12:32:09.208,1.34005,1.34035,1.60,3.20
2010.06.24 12:32:10.952,1.34005,1.34035,1.60,2.40
2010.06.24 12:32:11.042,1.33995,1.34005,1.00,1.00
2010.06.24 12:32:11.139,1.33985,1.34,1.60,1.10
2010.06.24 12:32:11.851,1.3395,1.33985,3.30,1.00
2010.06.24 12:32:11.948,1.3395,1.33985,1.00,3.80
2010.06.24 12:32:12.424,1.3395,1.3397,1.00,1.00
2010.06.24 12:32:12.992,1.33945,1.33965,1.60,2.70
2010.06.24 12:32:13.124,1.3394,1.3396,1.60,1.00
2010.06.24 12:32:14.358,1.33945,1.3397,1.00,3.10
2010.06.24 12:32:14.704,1.33955,1.33975,1.00,1.10
2010.06.24 12:32:15.543,1.33955,1.33975,1.60,1.10
2010.06.24 12:32:15.833,1.33955,1.3398,1.60,1.10
2010.06.24 12:32:16.702,1.3396,1.3398,1.00,1.10
2010.06.24 12:32:17.578,1.3396,1.33985,1.00,2.70
2010.06.24 12:32:17.866,1.3396,1.33985,1.00,1.10
2010.06.24 12:32:19.080,1.3396,1.3398,1.00,1.10
2010.06.24 12:32:19.356,1.33965,1.3399,2.80,1.60
2010.06.24 12:32:21.548,1.33965,1.3399,1.00,2.40
2010.06.24 12:32:21.712,1.33965,1.33985,1.00,1.60
2010.06.24 12:32:22.489,1.33965,1.3399,2.80,2.40
2010.06.24 12:32:23.778,1.33965,1.3399,2.80,1.60
2010.06.24 12:32:25.257,1.3396,1.3399,2.40,3.10
2010.06.24 12:32:25.702,1.33945,1.3397,1.60,1.60
2010.06.24 12:32:25.866,1.3394,1.3397,2.40,1.60
2010.06.24 12:32:26.020,1.3394,1.3397,2.40,1.90
2010.06.24 12:32:27.003,1.3394,1.33965,2.00,1.60
2010.06.24 12:32:27.263,1.33955,1.3397,2.40,1.60
2010.06.24 12:32:28.393,1.33935,1.3395,1.00,1.60
2010.06.24 12:32:29.505,1.3393,1.33965,4.00,7.40
2010.06.24 12:32:29.799,1.3393,1.3396,3.20,1.60
2010.06.24 12:32:30.085,1.3393,1.3396,5.60,1.60
2010.06.24 12:32:30.891,1.33935,1.3396,1.00,1.60
2010.06.24 12:32:31.208,1.3394,1.33965,1.00,1.60
2010.06.24 12:32:32.410,1.33955,1.33975,1.00,2.40
2010.06.24 12:32:32.741,1.33955,1.3398,1.00,3.50
2010.06.24 12:32:33.986,1.33955,1.33975,1.60,1.60
2010.06.24 12:32:35.243,1.3396,1.3398,1.60,2.40
2010.06.24 12:32:35.596,1.33955,1.3398,1.00,1.60
2010.06.24 12:32:35.949,1.3395,1.3398,4.40,1.60
2010.06.24 12:32:36.658,1.3395,1.3398,2.80,1.60
2010.06.24 12:32:36.875,1.3395,1.33985,4.00,5.70
2010.06.24 12:32:37.092,1.3395,1.3398,2.40,1.60
2010.06.24 12:32:37.422,1.3395,1.3398,3.20,1.60
2010.06.24 12:32:38.317,1.33955,1.33985,1.60,5.70
2010.06.24 12:32:38.422,1.3395,1.33985,4.00,6.70
2010.06.24 12:32:38.515,1.3395,1.3398,4.00,1.60
2010.06.24 12:32:38.611,1.3395,1.3398,6.40,1.60
2010.06.24 12:32:39.274,1.33955,1.33985,3.20,2.70
2010.06.24 12:32:39.379,1.33965,1.3399,2.40,1.60
2010.06.24 12:32:39.726,1.33965,1.33995,4.40,2.40
2010.06.24 12:32:40.641,1.3397,1.33995,2.40,1.00
2010.06.24 12:32:40.830,1.33975,1.34,2.80,1.00
2010.06.24 12:32:41.020,1.33975,1.34005,3.60,2.40
2010.06.24 12:32:41.771,1.33975,1.34005,3.60,1.60
2010.06.24 12:32:42.084,1.33975,1.34005,4.40,1.60
2010.06.24 12:32:43.182,1.3398,1.3401,1.00,3.20
2010.06.24 12:32:43.501,1.3399,1.34015,1.60,1.60
2010.06.24 12:32:44.387,1.3399,1.3402,1.60,2.40
2010.06.24 12:32:44.742,1.33985,1.34015,2.40,1.60
2010.06.24 12:32:45.093,1.3398,1.3401,5.20,1.60
2010.06.24 12:32:45.931,1.3398,1.3401,1.00,3.20
2010.06.24 12:32:46.418,1.33985,1.3401,1.60,1.00
2010.06.24 12:32:47.224,1.33985,1.34015,1.60,2.40
2010.06.24 12:32:48.673,1.3399,1.34015,1.00,2.40
2010.06.24 12:32:49.018,1.33995,1.34025,4.40,2.40
2010.06.24 12:32:49.315,1.33995,1.34025,4.40,1.60
2010.06.24 12:32:50.117,1.33995,1.34025,7.60,1.60
2010.06.24 12:32:50.317,1.33995,1.34025,6.00,1.60
2010.06.24 12:32:50.513,1.33995,1.34025,6.10,1.60
2010.06.24 12:32:50.714,1.33995,1.34025,6.00,1.60
2010.06.24 12:32:50.911,1.33995,1.34025,4.40,1.60
2010.06.24 12:32:51.747,1.34,1.3403,4.00,2.40
2010.06.24 12:32:51.986,1.34,1.3403,3.20,2.40
2010.06.24 12:32:52.229,1.34,1.3403,4.80,2.40
2010.06.24 12:32:53.046,1.3401,1.34035,1.60,2.40
2010.06.24 12:32:53.308,1.3401,1.34035,2.40,1.60
2010.06.24 12:32:54.140,1.3403,1.34045,1.60,1.60
2010.06.24 12:32:54.488,1.3404,1.34045,6.00,1.00
2010.06.24 12:32:54.832,1.34045,1.34065,1.00,1.00
2010.06.24 12:32:55.736,1.34045,1.34075,1.00,2.40
2010.06.24 12:32:56.056,1.34045,1.3406,1.00,1.60
2010.06.24 12:32:56.949,1.34045,1.34065,1.00,1.60
2010.06.24 12:32:57.206,1.34045,1.34075,1.00,4.10
2010.06.24 12:32:57.463,1.34045,1.34075,1.00,4.80
2010.06.24 12:32:58.377,1.3407,1.34095,1.60,2.40
2010.06.24 12:32:58.675,1.34075,1.34095,1.00,2.40
2010.06.24 12:32:59.544,1.3407,1.34095,1.00,2.40
2010.06.24 12:32:59.889,1.34055,1.34075,2.00,1.00
2010.06.24 12:33:00.599,1.34035,1.3407,5.20,4.00
2010.06.24 12:33:01.192,1.3404,1.3407,1.00,4.00
2010.06.24 12:33:01.463,1.3405,1.3408,3.20,2.50
2010.06.24 12:33:01.727,1.34045,1.34075,3.20,2.40
2010.06.24 12:33:02.347,1.34045,1.34075,3.20,4.00
2010.06.24 12:33:02.591,1.3404,1.3407,2.40,5.10
2010.06.24 12:33:02.834,1.3404,1.3407,1.00,5.50
2010.06.24 12:33:03.173,1.34035,1.3407,4.40,5.50
2010.06.24 12:33:04.116,1.3404,1.3407,2.40,5.10
2010.06.24 12:33:04.407,1.3404,1.34065,2.40,1.60
2010.06.24 12:33:05.260,1.3404,1.3407,2.80,1.10
2010.06.24 12:33:05.512,1.3405,1.3407,1.60,1.00
2010.06.24 12:33:05.768,1.34045,1.34075,2.00,2.40
2010.06.24 12:33:06.374,1.34045,1.34075,2.00,3.20
2010.06.24 12:33:06.669,1.34045,1.34075,3.20,1.40
2010.06.24 12:33:07.536,1.34055,1.34075,1.60,1.00
2010.06.24 12:33:07.850,1.34065,1.3409,1.00,2.40
2010.06.24 12:33:08.153,1.34065,1.3409,1.00,1.00
2010.06.24 12:33:10.501,1.34065,1.3409,1.00,2.70
2010.06.24 12:33:10.865,1.3407,1.34095,2.80,1.00
2010.06.24 12:33:11.214,1.3407,1.341,3.20,2.40
2010.06.24 12:33:12.059,1.3407,1.34095,1.00,1.00
2010.06.24 12:33:12.915,1.3407,1.341,1.00,5.20
2010.06.24 12:33:13.235,1.3407,1.341,1.00,3.20
2010.06.24 12:33:14.420,1.3407,1.34095,1.00,1.60
2010.06.24 12:33:14.746,1.3407,1.341,3.60,2.40
2010.06.24 12:33:15.394,1.3407,1.341,3.60,1.60
2010.06.24 12:33:15.748,1.34095,1.3411,1.00,1.60
2010.06.24 12:33:16.545,1.34095,1.34115,1.00,1.60
2010.06.24 12:33:16.769,1.3409,1.3411,1.00,1.60
2010.06.24 12:33:18.270,1.3409,1.3412,1.60,7.50
2010.06.24 12:33:18.557,1.34095,1.3412,1.00,2.70
2010.06.24 12:33:19.114,1.3409,1.3412,4.40,2.70
2010.06.24 12:33:19.935,1.3409,1.3412,3.20,4.60
2010.06.24 12:33:20.288,1.34105,1.3413,1.60,1.60
2010.06.24 12:33:20.424,1.3411,1.3413,1.00,1.60
2010.06.24 12:33:20.567,1.3411,1.34135,1.00,3.50
2010.06.24 12:33:20.704,1.3411,1.34135,1.00,1.90
2010.06.24 12:33:21.287,1.34105,1.34135,1.20,1.90
2010.06.24 12:33:21.571,1.34105,1.3413,1.00,1.60
2010.06.24 12:33:22.097,1.341,1.34125,3.20,1.00
2010.06.24 12:33:23.001,1.34105,1.34135,4.00,1.60
2010.06.24 12:33:23.963,1.34105,1.34135,4.00,1.00
2010.06.24 12:33:24.836,1.34105,1.34135,1.60,5.60
2010.06.24 12:33:24.987,1.34105,1.34125,1.60,1.00
2010.06.24 12:33:26.313,1.34105,1.34125,1.00,1.00
2010.06.24 12:33:26.610,1.34115,1.3414,1.00,1.60
2010.06.24 12:33:27.468,1.3412,1.3414,1.00,1.60
2010.06.24 12:33:27.719,1.3412,1.34145,1.00,1.60
2010.06.24 12:33:29.123,1.3413,1.34145,1.60,2.20
2010.06.24 12:33:29.469,1.34135,1.34155,1.00,1.60
2010.06.24 12:33:30.108,1.34135,1.3416,1.00,5.70
2010.06.24 12:33:30.429,1.34135,1.3416,1.00,1.60
2010.06.24 12:33:30.752,1.34135,1.34165,1.00,4.30
2010.06.24 12:33:31.687,1.34135,1.34165,1.00,3.20
2010.06.24 12:33:31.997,1.34135,1.34165,2.40,2.40
2010.06.24 12:33:32.883,1.34145,1.3417,1.00,5.90
2010.06.24 12:33:33.124,1.3416,1.3418,1.60,1.90
2010.06.24 12:33:33.933,1.34165,1.34185,1.00,1.60
2010.06.24 12:33:34.281,1.3417,1.34195,2.40,1.60
2010.06.24 12:33:34.629,1.3417,1.3419,2.40,1.60
2010.06.24 12:33:35.563,1.34155,1.3418,2.40,1.60
2010.06.24 12:33:35.825,1.34155,1.34185,3.20,1.60
2010.06.24 12:33:37.246,1.34155,1.3418,2.40,1.60
2010.06.24 12:33:38.144,1.3415,1.3418,4.90,3.60
2010.06.24 12:33:38.464,1.3415,1.34175,3.80,1.00
2010.06.24 12:33:39.405,1.3413,1.34155,1.00,2.40
2010.06.24 12:33:39.758,1.34125,1.34155,1.60,3.20
2010.06.24 12:33:40.369,1.3412,1.3415,6.20,1.00
2010.06.24 12:33:40.648,1.3411,1.3413,1.60,3.20
2010.06.24 12:33:40.926,1.34105,1.3413,1.00,7.60
2010.06.24 12:33:41.519,1.341,1.3413,3.20,7.60
2010.06.24 12:33:41.819,1.34095,1.34125,1.60,7.20
2010.06.24 12:33:42.119,1.34095,1.34115,3.20,1.60
2010.06.24 12:33:42.723,1.34095,1.34115,2.40,1.60
2010.06.24 12:33:43.067,1.3409,1.3412,2.40,1.60
2010.06.24 12:33:43.417,1.3409,1.34115,1.00,2.40
2010.06.24 12:33:44.253,1.3408,1.3411,2.40,5.50
2010.06.24 12:33:44.573,1.3407,1.34095,1.00,1.60
2010.06.24 12:33:45.445,1.34065,1.34095,1.60,3.20
2010.06.24 12:33:45.804,1.3406,1.3408,3.00,1.60
2010.06.24 12:33:46.727,1.3405,1.34065,2.40,2.40
2010.06.24 12:33:47.067,1.3398,1.34025,2.70,1.60
2010.06.24 12:33:47.938,1.3398,1.3403,4.10,1.00
2010.06.24 12:33:48.285,1.3399,1.34025,5.70,4.80
2010.06.24 12:33:48.898,1.33995,1.34025,1.00,4.00
2010.06.24 12:33:49.252,1.3401,1.34035,1.60,2.40
2010.06.24 12:33:49.587,1.3401,1.34035,3.20,2.40
2010.06.24 12:33:50.761,1.3401,1.3403,3.20,1.60
2010.06.24 12:33:50.988,1.3401,1.3404,1.60,4.30
2010.06.24 12:33:51.805,1.34005,1.34035,1.60,2.40
2010.06.24 12:33:52.111,1.34005,1.3402,1.00,1.10
2010.06.24 12:33:53.034,1.34005,1.3403,4.00,1.60
2010.06.24 12:33:53.972,1.3401,1.34035,2.40,1.60
2010.06.24 12:33:54.319,1.3402,1.3404,1.60,2.70
2010.06.24 12:33:54.934,1.3402,1.3405,1.60,3.50
2010.06.24 12:33:55.519,1.3402,1.34045,1.60,1.60
2010.06.24 12:33:55.751,1.34015,1.3404,1.60,1.60
2010.06.24 12:33:55.975,1.3401,1.3404,7.20,1.60
2010.06.24 12:33:56.870,1.34015,1.34035,1.00,1.00
2010.06.24 12:33:57.186,1.34015,1.3404,1.60,3.20
2010.06.24 12:33:57.603,1.34015,1.3404,1.00,4.80
2010.06.24 12:33:57.874,1.3401,1.34035,2.40,1.60
2010.06.24 12:33:58.778,1.34015,1.3404,1.60,1.60
2010.06.24 12:33:59.542,1.34015,1.3404,3.20,1.60
2010.06.24 12:34:00.371,1.3402,1.3404,1.00,1.60
2010.06.24 12:34:00.621,1.3402,1.34045,1.60,1.60
2010.06.24 12:34:01.451,1.3402,1.34045,2.40,1.60
2010.06.24 12:34:01.763,1.34035,1.34055,1.00,3.50
2010.06.24 12:34:02.067,1.3403,1.3405,2.80,1.60
2010.06.24 12:34:02.862,1.34035,1.34055,1.00,1.60
2010.06.24 12:34:03.173,1.3404,1.34055,1.00,1.60
2010.06.24 12:34:03.478,1.34035,1.3406,1.60,1.00
2010.06.24 12:34:04.515,1.3404,1.34065,1.60,1.60
2010.06.24 12:34:04.869,1.3404,1.3407,6.00,1.60
2010.06.24 12:34:05.491,1.3404,1.34075,7.60,4.00
2010.06.24 12:34:05.854,1.34045,1.3407,1.60,1.60
2010.06.24 12:34:06.201,1.34045,1.3407,3.20,1.60
2010.06.24 12:34:07.025,1.3406,1.34085,1.00,2.70
2010.06.24 12:34:07.268,1.3406,1.34085,1.00,1.90
2010.06.24 12:34:07.925,1.3406,1.34085,3.20,2.70
2010.06.24 12:34:08.256,1.34065,1.3409,1.00,2.70
2010.06.24 12:34:08.595,1.34065,1.3409,1.60,1.10
2010.06.24 12:34:09.528,1.3408,1.34095,1.00,1.10
2010.06.24 12:34:10.800,1.3408,1.341,1.00,1.90
2010.06.24 12:34:11.988,1.3408,1.341,1.00,1.00
2010.06.24 12:34:12.212,1.3408,1.34105,3.20,1.00
2010.06.24 12:34:13.010,1.3408,1.3411,4.80,1.10
2010.06.24 12:34:13.363,1.3409,1.3412,4.80,1.90
2010.06.24 12:34:14.820,1.34095,1.3412,1.60,1.10
2010.06.24 12:34:15.164,1.341,1.34125,2.80,5.10
2010.06.24 12:34:15.778,1.341,1.34125,2.80,2.70
2010.06.24 12:34:16.089,1.34095,1.34115,1.60,1.60
2010.06.24 12:34:16.397,1.34095,1.3412,1.00,3.20
2010.06.24 12:34:17.034,1.34095,1.3412,1.00,1.60
2010.06.24 12:34:17.312,1.3411,1.3413,1.60,1.00
2010.06.24 12:34:17.586,1.3411,1.3413,2.40,1.00
2010.06.24 12:34:18.190,1.3411,1.34135,2.40,1.20
2010.06.24 12:34:18.534,1.3411,1.34135,1.60,1.60
2010.06.24 12:34:18.874,1.34105,1.34135,2.40,6.30
2010.06.24 12:34:19.708,1.34105,1.3413,2.40,1.00
2010.06.24 12:34:20.017,1.3411,1.34135,2.40,1.00
2010.06.24 12:34:20.324,1.3411,1.34135,4.00,1.00
2010.06.24 12:34:21.543,1.3411,1.34135,4.00,1.60
2010.06.24 12:34:22.207,1.3411,1.34135,4.00,4.00
2010.06.24 12:34:22.540,1.341,1.3412,1.60,1.00
2010.06.24 12:34:23.421,1.34095,1.34125,2.40,3.20
2010.06.24 12:34:23.739,1.3409,1.34115,1.60,1.60
2010.06.24 12:34:24.051,1.34085,1.3412,5.20,3.10
2010.06.24 12:34:24.988,1.3409,1.3412,1.00,2.30
2010.06.24 12:34:25.348,1.34095,1.3412,1.60,1.60
2010.06.24 12:34:26.288,1.3409,1.3412,3.20,1.60
2010.06.24 12:34:27.504,1.34085,1.34115,4.00,1.50
2010.06.24 12:34:27.710,1.3408,1.34115,6.40,1.90
2010.06.24 12:34:28.476,1.3409,1.3411,1.60,1.10
2010.06.24 12:34:28.830,1.3409,1.3412,2.40,1.10
2010.06.24 12:34:30.115,1.34085,1.34115,4.80,2.00
2010.06.24 12:34:30.132,1.34085,1.34115,5.60,2.00
2010.06.24 12:34:30.429,1.3408,1.34105,2.40,2.40
2010.06.24 12:34:30.716,1.34075,1.34105,4.00,4.70
2010.06.24 12:34:31.670,1.3407,1.341,4.80,1.00
2010.06.24 12:34:31.876,1.34065,1.3409,2.40,1.00
2010.06.24 12:34:32.601,1.34065,1.3409,2.40,1.00
2010.06.24 12:34:32.814,1.34065,1.3409,4.40,1.00
2010.06.24 12:34:34.117,1.3407,1.3409,1.60,1.00
2010.06.24 12:34:34.361,1.34065,1.34085,3.40,3.20
2010.06.24 12:34:35.231,1.34065,1.34075,1.20,2.40
2010.06.24 12:34:35.530,1.34015,1.3404,4.00,3.60
2010.06.24 12:34:36.348,1.3401,1.3404,6.40,2.00
2010.06.24 12:34:36.691,1.34025,1.34055,1.00,1.60
2010.06.24 12:34:37.559,1.3403,1.3406,1.60,2.70
2010.06.24 12:34:37.843,1.34035,1.3406,1.60,1.00
2010.06.24 12:34:38.698,1.3405,1.34065,1.60,1.20
2010.06.24 12:34:39.046,1.3405,1.3408,2.40,1.60
2010.06.24 12:34:39.957,1.3405,1.3408,4.40,1.00
2010.06.24 12:34:40.504,1.3405,1.3408,2.80,1.00
2010.06.24 12:34:40.810,1.3405,1.3408,2.40,1.00
2010.06.24 12:34:41.712,1.34045,1.3408,4.00,2.50
2010.06.24 12:34:42.018,1.3405,1.34075,1.00,1.00
2010.06.24 12:34:42.891,1.3405,1.34075,2.40,1.00
2010.06.24 12:34:43.208,1.34045,1.3407,1.60,1.60
2010.06.24 12:34:43.518,1.34035,1.34065,1.60,1.60
2010.06.24 12:34:44.529,1.3403,1.3406,1.00,3.20
2010.06.24 12:34:44.878,1.34035,1.3406,1.60,1.00
2010.06.24 12:34:47.608,1.3404,1.34065,1.60,2.70
2010.06.24 12:34:48.516,1.34045,1.34075,1.60,3.20
2010.06.24 12:34:48.819,1.3405,1.34075,1.60,1.00
2010.06.24 12:34:49.706,1.3405,1.3408,2.40,1.00
2010.06.24 12:34:50.029,1.3406,1.3408,1.00,1.00
2010.06.24 12:34:50.928,1.3406,1.34085,1.00,1.60
2010.06.24 12:34:52.695,1.34065,1.3409,1.60,3.50
2010.06.24 12:34:52.913,1.34065,1.3409,1.60,2.40
2010.06.24 12:34:53.621,1.3406,1.3409,2.40,2.40
2010.06.24 12:34:53.974,1.3405,1.3408,2.40,5.10
2010.06.24 12:34:54.860,1.3405,1.34075,1.60,1.00
2010.06.24 12:34:55.199,1.34045,1.3407,1.60,1.00
2010.06.24 12:34:55.544,1.3404,1.3407,3.60,1.60
2010.06.24 12:34:56.469,1.34045,1.3407,1.00,1.60
2010.06.24 12:34:57.113,1.3404,1.3407,3.60,1.60
2010.06.24 12:34:57.719,1.3404,1.3407,3.20,1.60
2010.06.24 12:34:59.481,1.3404,1.3407,5.40,1.60
2010.06.24 12:34:59.780,1.34045,1.3407,2.40,1.60
2010.06.24 12:35:00.999,1.3405,1.34075,1.60,2.40
2010.06.24 12:35:02.242,1.34045,1.34075,2.40,2.40
2010.06.24 12:35:03.232,1.3405,1.34075,1.60,2.40
2010.06.24 12:35:03.845,1.3405,1.34075,1.60,1.60
2010.06.24 12:35:04.304,1.3405,1.34075,1.60,1.00
2010.06.24 12:35:05.958,1.3405,1.3407,1.60,2.40
2010.06.24 12:35:06.288,1.3405,1.3407,1.60,2.80
2010.06.24 12:35:06.880,1.3405,1.3407,1.60,3.60
2010.06.24 12:35:07.220,1.34045,1.3407,1.60,7.30
2010.06.24 12:35:08.350,1.34045,1.3407,1.60,4.00
2010.06.24 12:35:08.571,1.34045,1.3407,1.60,1.00
2010.06.24 12:35:09.501,1.34045,1.34075,1.60,6.00
2010.06.24 12:35:09.841,1.3406,1.3408,1.00,2.70
2010.06.24 12:35:10.188,1.34065,1.34085,1.60,1.60
2010.06.24 12:35:11.121,1.34065,1.3409,5.20,1.60
2010.06.24 12:35:12.015,1.3407,1.3409,1.60,1.60
2010.06.24 12:35:12.310,1.3406,1.34085,1.60,1.60
2010.06.24 12:35:12.982,1.34055,1.34085,2.00,3.20
2010.06.24 12:35:13.850,1.3406,1.34085,1.60,3.20
2010.06.24 12:35:15.776,1.34055,1.34085,2.00,3.20
2010.06.24 12:35:17.750,1.34065,1.34085,1.60,1.60
2010.06.24 12:35:20.031,1.3407,1.3409,1.60,2.40
2010.06.24 12:35:20.375,1.34065,1.3409,1.60,2.40
2010.06.24 12:35:22.821,1.34065,1.3409,1.60,3.20
2010.06.24 12:35:26.501,1.3407,1.3409,1.60,3.20
2010.06.24 12:35:26.800,1.34075,1.34095,2.40,1.00
2010.06.24 12:35:26.978,1.34075,1.341,4.00,1.60
2010.06.24 12:35:27.725,1.3408,1.341,1.60,1.00
2010.06.24 12:35:30.823,1.3408,1.341,1.60,1.60
2010.06.24 12:35:30.960,1.3408,1.341,1.60,1.00
2010.06.24 12:35:31.761,1.3408,1.341,1.60,1.30
2010.06.24 12:35:31.982,1.34075,1.341,4.00,1.60
2010.06.24 12:35:32.198,1.3408,1.341,3.20,1.00
2010.06.24 12:35:32.991,1.34085,1.34105,1.60,1.00
2010.06.24 12:35:33.215,1.3408,1.34105,1.60,1.00
2010.06.24 12:35:35.294,1.3408,1.34105,3.20,1.00
2010.06.24 12:35:36.097,1.3408,1.34105,1.60,1.60
2010.06.24 12:35:36.638,1.3408,1.34105,1.60,3.90
2010.06.24 12:35:37.585,1.34075,1.34105,1.60,3.90
2010.06.24 12:35:37.919,1.34075,1.341,1.60,1.60
2010.06.24 12:35:39.172,1.3408,1.341,1.60,1.60
2010.06.24 12:35:40.073,1.34075,1.341,2.40,1.60
2010.06.24 12:35:40.412,1.34075,1.341,2.40,1.90
2010.06.24 12:35:42.311,1.34075,1.34095,2.40,1.00
2010.06.24 12:35:43.058,1.34075,1.34095,1.60,1.00
2010.06.24 12:35:43.331,1.34075,1.341,2.40,1.00
2010.06.24 12:35:43.597,1.3408,1.341,1.60,1.00
2010.06.24 12:35:44.448,1.34085,1.341,1.60,1.00
2010.06.24 12:35:45.133,1.34085,1.341,1.60,1.60
2010.06.24 12:35:45.821,1.3407,1.341,1.60,1.60
2010.06.24 12:35:46.194,1.3406,1.3409,3.20,2.40
2010.06.24 12:35:47.686,1.34065,1.34085,3.20,1.10
2010.06.24 12:35:47.824,1.34065,1.3409,3.20,1.90
2010.06.24 12:35:48.521,1.34065,1.3409,1.60,1.10
2010.06.24 12:35:48.872,1.3408,1.341,1.60,1.90
2010.06.24 12:35:50.702,1.34075,1.341,1.60,1.60
2010.06.24 12:35:51.851,1.34075,1.341,1.60,2.40
2010.06.24 12:35:52.353,1.34075,1.34105,1.60,3.20
2010.06.24 12:35:53.201,1.34075,1.34105,2.40,1.60
2010.06.24 12:35:53.480,1.3408,1.34105,1.60,2.40
2010.06.24 12:35:53.716,1.34075,1.341,2.00,1.60
2010.06.24 12:35:53.955,1.34075,1.341,1.60,1.60
2010.06.24 12:35:55.223,1.34075,1.34105,1.60,5.30
2010.06.24 12:35:55.459,1.34075,1.341,1.60,1.00
2010.06.24 12:35:55.697,1.34075,1.34105,1.60,6.00
2010.06.24 12:35:56.490,1.34075,1.34105,1.60,4.40
2010.06.24 12:35:56.743,1.34075,1.34105,1.60,4.70
2010.06.24 12:35:58.149,1.34075,1.341,1.60,1.00
2010.06.24 12:35:58.508,1.34075,1.34105,1.60,3.60
2010.06.24 12:35:58.862,1.34075,1.34105,4.40,1.00
2010.06.24 12:35:59.664,1.3408,1.341,1.60,1.60
2010.06.24 12:35:59.994,1.3407,1.34095,2.80,1.00
2010.06.24 12:36:01.394,1.3407,1.34095,1.00,2.40
2010.06.24 12:36:01.644,1.3406,1.3409,2.40,1.00
2010.06.24 12:36:01.892,1.34055,1.3409,4.40,2.40
2010.06.24 12:36:02.142,1.34055,1.34085,2.40,1.00
2010.06.24 12:36:02.940,1.3406,1.34085,4.00,1.00
2010.06.24 12:36:03.392,1.3406,1.34085,3.20,1.00
2010.06.24 12:36:03.632,1.3406,1.3409,3.20,1.90
2010.06.24 12:36:03.873,1.3406,1.3409,4.00,1.00
2010.06.24 12:36:05.199,1.3406,1.34085,1.60,1.00
2010.06.24 12:36:05.853,1.3406,1.3409,1.60,1.60
2010.06.24 12:36:07.097,1.34055,1.3409,6.00,1.60
2010.06.24 12:36:07.542,1.34055,1.3409,6.80,1.60
2010.06.24 12:36:08.577,1.3406,1.3408,1.60,1.50
2010.06.24 12:36:08.901,1.34045,1.34065,4.80,1.00
2010.06.24 12:36:09.525,1.34045,1.34065,3.20,1.00
2010.06.24 12:36:09.885,1.3403,1.3406,1.60,2.80
2010.06.24 12:36:10.749,1.34025,1.34055,1.60,1.60
2010.06.24 12:36:11.103,1.34025,1.34055,1.60,5.60
2010.06.24 12:36:11.451,1.34025,1.3405,1.60,1.10
2010.06.24 12:36:12.370,1.3402,1.34045,1.20,1.00
2010.06.24 12:36:13.214,1.3402,1.3405,1.60,2.70
2010.06.24 12:36:13.551,1.3403,1.3405,1.00,1.00
2010.06.24 12:36:13.886,1.3403,1.34055,1.60,1.00
2010.06.24 12:36:14.758,1.3403,1.34055,1.00,1.60
2010.06.24 12:36:15.105,1.3404,1.3406,1.60,1.00
2010.06.24 12:36:15.437,1.3404,1.3407,1.60,2.70
2010.06.24 12:36:16.327,1.3404,1.3407,3.20,2.70
2010.06.24 12:36:16.595,1.34045,1.34075,2.40,1.00
2010.06.24 12:36:17.430,1.34045,1.34075,3.20,1.00
2010.06.24 12:36:17.781,1.3404,1.34075,3.60,4.00
2010.06.24 12:36:18.125,1.3404,1.34075,3.60,3.50
2010.06.24 12:36:18.471,1.3404,1.34075,3.60,4.00
2010.06.24 12:36:19.393,1.3404,1.34075,4.80,4.00
2010.06.24 12:36:20.053,1.3405,1.34075,1.60,1.00
2010.06.24 12:36:20.172,1.3405,1.3408,1.60,3.20
2010.06.24 12:36:20.291,1.3405,1.3408,1.00,2.40
2010.06.24 12:36:20.411,1.3405,1.3408,2.40,1.00
2010.06.24 12:36:21.097,1.3405,1.3408,1.60,2.40
2010.06.24 12:36:21.662,1.3405,1.34075,1.60,1.00
2010.06.24 12:36:21.944,1.34045,1.34075,3.60,1.00
2010.06.24 12:36:22.512,1.34045,1.34075,3.20,1.00
2010.06.24 12:36:23.295,1.3404,1.34075,3.20,9.80
2010.06.24 12:36:23.508,1.3404,1.3407,1.00,1.00
2010.06.24 12:36:24.287,1.3404,1.34065,1.00,1.00
2010.06.24 12:36:24.640,1.34035,1.34065,4.00,1.00
2010.06.24 12:36:25.328,1.34035,1.3406,3.20,1.00
2010.06.24 12:36:26.143,1.3403,1.34065,6.40,2.80
2010.06.24 12:36:26.369,1.3403,1.34065,4.80,2.40
2010.06.24 12:36:26.679,1.34035,1.34065,2.40,1.00
2010.06.24 12:36:27.562,1.34035,1.34065,4.80,1.00
2010.06.24 12:36:29.657,1.34035,1.34065,6.40,1.00
2010.06.24 12:36:30.019,1.3405,1.3408,5.60,1.60
2010.06.24 12:36:30.741,1.34055,1.3408,1.60,1.60
2010.06.24 12:36:31.036,1.34055,1.34085,1.60,5.70
2010.06.24 12:36:31.333,1.3405,1.34085,3.60,7.30
2010.06.24 12:36:33.079,1.3405,1.3408,1.60,3.60
2010.06.24 12:36:33.276,1.3405,1.3408,2.40,2.70
2010.06.24 12:36:34.242,1.3405,1.3408,2.40,2.40
2010.06.24 12:36:35.534,1.34045,1.3407,2.40,1.70
2010.06.24 12:36:36.149,1.34045,1.34065,1.60,1.00
2010.06.24 12:36:36.434,1.34035,1.34065,4.40,1.00
2010.06.24 12:36:36.645,1.3404,1.34065,1.00,1.00
2010.06.24 12:36:38.876,1.3404,1.3407,2.40,4.30
2010.06.24 12:36:39.134,1.3404,1.3407,2.80,2.40
2010.06.24 12:36:40.051,1.3404,1.34075,3.60,4.40
2010.06.24 12:36:40.296,1.34045,1.34075,2.40,2.80
2010.06.24 12:36:42.121,1.3404,1.34075,4.40,3.60
2010.06.24 12:36:43.555,1.3404,1.34065,1.00,1.60
2010.06.24 12:36:43.774,1.34035,1.3407,4.60,5.30
2010.06.24 12:36:43.985,1.34035,1.3406,1.60,1.00
2010.06.24 12:36:44.194,1.34035,1.3406,3.20,1.00
2010.06.24 12:36:44.402,1.34035,1.3406,1.60,1.00
2010.06.24 12:36:45.736,1.34035,1.3406,3.60,1.00
2010.06.24 12:36:45.852,1.34035,1.3406,5.20,1.00
2010.06.24 12:36:48.114,1.3405,1.34065,1.00,1.60
2010.06.24 12:36:48.220,1.3406,1.34065,2.40,1.60
2010.06.24 12:36:48.943,1.34075,1.34095,1.00,1.90
2010.06.24 12:36:49.045,1.34075,1.34095,1.10,1.90
2010.06.24 12:36:49.782,1.34075,1.34095,2.00,1.90
2010.06.24 12:36:50.120,1.34075,1.341,3.50,1.90
2010.06.24 12:36:50.942,1.34075,1.341,6.00,1.10
2010.06.24 12:36:51.188,1.3408,1.34105,2.80,1.00
2010.06.24 12:36:51.520,1.34085,1.3411,2.40,1.60
2010.06.24 12:36:52.137,1.34085,1.3411,2.40,1.00
2010.06.24 12:36:52.475,1.34095,1.3411,2.40,1.90
2010.06.24 12:36:52.729,1.34095,1.3412,2.80,2.40
2010.06.24 12:36:53.922,1.34095,1.3412,3.60,1.10
2010.06.24 12:36:54.257,1.34095,1.3412,2.00,1.90
2010.06.24 12:36:54.594,1.34095,1.3412,1.60,2.70
2010.06.24 12:36:55.514,1.3409,1.3412,4.80,3.50
2010.06.24 12:36:55.861,1.34095,1.3412,3.20,1.00
2010.06.24 12:36:56.066,1.34095,1.34125,3.20,2.70
2010.06.24 12:36:56.935,1.34095,1.34125,3.60,1.90
2010.06.24 12:36:57.215,1.341,1.34125,1.60,1.90
2010.06.24 12:36:58.166,1.3411,1.3413,1.60,2.40
2010.06.24 12:36:58.519,1.3413,1.34135,1.60,1.00
2010.06.24 12:36:59.452,1.34135,1.34155,1.60,1.60
2010.06.24 12:36:59.799,1.34125,1.34155,3.60,2.40
2010.06.24 12:37:00.398,1.34125,1.34155,2.00,2.40
2010.06.24 12:37:00.652,1.3412,1.34145,2.80,1.00
2010.06.24 12:37:01.766,1.34125,1.34155,4.00,6.30
2010.06.24 12:37:02.116,1.34125,1.3415,2.40,1.00
2010.06.24 12:37:02.811,1.34125,1.34155,2.40,5.50
2010.06.24 12:37:03.053,1.34125,1.3415,2.40,1.00
2010.06.24 12:37:03.286,1.34125,1.3415,1.60,1.90
2010.06.24 12:37:03.528,1.34125,1.3415,1.60,4.50
2010.06.24 12:37:04.186,1.3412,1.34145,2.40,2.00
2010.06.24 12:37:04.524,1.34115,1.34145,1.60,7.70
2010.06.24 12:37:04.862,1.3411,1.34145,6.00,7.70
2010.06.24 12:37:05.547,1.34115,1.34145,4.00,6.90
2010.06.24 12:37:05.782,1.34115,1.34145,3.60,4.40
2010.06.24 12:37:06.007,1.34115,1.34145,2.80,4.40
2010.06.24 12:37:06.233,1.3411,1.34145,6.00,6.80
2010.06.24 12:37:07.019,1.3411,1.3414,3.60,2.40
2010.06.24 12:37:07.311,1.34105,1.34135,2.80,2.00
2010.06.24 12:37:08.745,1.34105,1.34125,1.60,2.80
2010.06.24 12:37:09.092,1.3409,1.34115,6.80,1.60
2010.06.24 12:37:09.267,1.34095,1.3412,1.60,2.00
2010.06.24 12:37:09.436,1.34095,1.3412,2.00,1.00
2010.06.24 12:37:10.190,1.3409,1.3411,6.40,1.00
2010.06.24 12:37:10.417,1.34095,1.34115,1.60,1.60
2010.06.24 12:37:10.634,1.3409,1.34115,2.00,1.60
2010.06.24 12:37:11.870,1.3409,1.3412,3.60,3.10
2010.06.24 12:37:12.221,1.34095,1.3412,2.00,1.00
2010.06.24 12:37:14.010,1.341,1.3412,1.60,1.00
2010.06.24 12:37:14.177,1.3411,1.3414,3.20,4.00
2010.06.24 12:37:14.632,1.3411,1.3414,4.00,3.20
2010.06.24 12:37:15.229,1.3411,1.3414,4.00,2.40
2010.06.24 12:37:15.569,1.34115,1.3415,4.40,4.30
2010.06.24 12:37:15.903,1.34115,1.3415,4.40,4.80
2010.06.24 12:37:16.233,1.3412,1.3415,1.00,4.80
2010.06.24 12:37:17.106,1.34115,1.34145,4.80,1.60
2010.06.24 12:37:17.430,1.3412,1.3415,2.00,4.30
2010.06.24 12:37:17.582,1.3412,1.3415,2.00,3.70
2010.06.24 12:37:18.596,1.3412,1.3415,2.00,4.80
2010.06.24 12:37:18.849,1.3412,1.3415,1.00,4.90
2010.06.24 12:37:19.099,1.3412,1.34145,1.00,1.60
2010.06.24 12:37:20.712,1.3412,1.3415,1.00,6.10
2010.06.24 12:37:21.003,1.3412,1.3415,1.00,4.80
2010.06.24 12:37:22.148,1.3412,1.3415,1.00,4.80
2010.06.24 12:37:22.571,1.3412,1.3415,1.00,4.00
2010.06.24 12:37:23.351,1.3412,1.3415,1.00,4.80
2010.06.24 12:37:24.369,1.34115,1.34125,2.40,1.00
2010.06.24 12:37:24.630,1.34105,1.3413,3.20,1.20
2010.06.24 12:37:25.403,1.3411,1.34135,1.60,1.60
2010.06.24 12:37:25.847,1.341,1.3413,1.60,1.60
2010.06.24 12:37:26.119,1.34095,1.34125,1.60,6.00
2010.06.24 12:37:27.766,1.34085,1.34115,1.00,1.00
2010.06.24 12:37:28.548,1.3408,1.3411,2.80,2.40
2010.06.24 12:37:28.720,1.34075,1.3409,1.60,1.00
2010.06.24 12:37:29.567,1.34075,1.3409,1.60,1.60
2010.06.24 12:37:29.990,1.3407,1.34085,1.60,1.60
2010.06.24 12:37:30.292,1.34055,1.3408,2.40,1.00
2010.06.24 12:37:31.157,1.3405,1.34075,1.00,1.00
2010.06.24 12:37:32.407,1.3405,1.34075,2.40,1.00
2010.06.24 12:37:32.673,1.3405,1.3408,4.40,1.90
2010.06.24 12:37:33.562,1.3405,1.3408,2.80,2.70
2010.06.24 12:37:33.904,1.3405,1.3408,2.40,2.70
2010.06.24 12:37:34.581,1.3405,1.3408,2.40,2.40
2010.06.24 12:37:35.851,1.34055,1.3408,2.40,1.00
2010.06.24 12:37:36.661,1.3406,1.3409,1.60,4.30
2010.06.24 12:37:36.742,1.3407,1.3409,1.00,1.00
2010.06.24 12:37:36.816,1.34065,1.3409,1.60,1.00
2010.06.24 12:37:37.812,1.3406,1.34085,1.00,1.90
2010.06.24 12:37:38.157,1.34055,1.34085,4.00,2.70
2010.06.24 12:37:38.401,1.34055,1.34085,3.20,2.70
2010.06.24 12:37:38.996,1.34055,1.34085,2.40,2.70
2010.06.24 12:37:39.242,1.3405,1.3407,1.00,1.90
2010.06.24 12:37:39.457,1.3405,1.3407,1.00,1.10
2010.06.24 12:37:40.251,1.34045,1.3407,1.00,1.90
2010.06.24 12:37:41.038,1.34045,1.3407,2.40,1.00
2010.06.24 12:37:41.308,1.34045,1.34075,2.80,1.90
2010.06.24 12:37:41.916,1.3405,1.34075,1.60,1.10
2010.06.24 12:37:42.232,1.3405,1.3408,1.60,1.00
2010.06.24 12:37:42.546,1.34045,1.34075,3.60,1.60
2010.06.24 12:37:43.409,1.34045,1.34075,1.00,1.60
2010.06.24 12:37:43.589,1.3404,1.3407,4.00,1.00
2010.06.24 12:37:43.769,1.3404,1.3407,2.40,2.40
2010.06.24 12:37:44.458,1.34045,1.3407,1.60,2.40
2010.06.24 12:37:44.807,1.3405,1.34075,1.60,1.60
2010.06.24 12:37:45.964,1.3405,1.34075,2.40,1.00
2010.06.24 12:37:46.241,1.34065,1.34095,5.20,1.60
2010.06.24 12:37:47.118,1.34065,1.341,5.20,4.80
2010.06.24 12:37:47.457,1.34065,1.341,5.20,4.00
2010.06.24 12:37:47.795,1.34075,1.341,1.60,1.00
2010.06.24 12:37:48.701,1.34075,1.341,3.20,1.00
2010.06.24 12:37:49.047,1.3408,1.34105,1.00,1.00
2010.06.24 12:37:49.763,1.34075,1.34105,3.20,1.00
2010.06.24 12:37:50.899,1.34075,1.34105,1.60,1.60
2010.06.24 12:37:51.037,1.3407,1.341,3.20,1.00
2010.06.24 12:37:51.180,1.3407,1.341,2.40,1.00
2010.06.24 12:37:51.316,1.3407,1.341,1.60,1.60
2010.06.24 12:37:51.721,1.34065,1.34095,5.20,1.00
2010.06.24 12:37:52.657,1.34065,1.34095,3.20,1.60
2010.06.24 12:37:56.342,1.34065,1.34095,4.80,1.00
2010.06.24 12:37:56.964,1.34065,1.34095,5.20,1.00
2010.06.24 12:37:57.051,1.34075,1.341,1.60,1.00
2010.06.24 12:37:58.654,1.3407,1.341,3.60,1.00
2010.06.24 12:37:58.907,1.3407,1.341,3.20,1.00
2010.06.24 12:37:59.856,1.34075,1.341,1.60,1.60
2010.06.24 12:38:00.173,1.34075,1.341,1.60,1.00
2010.06.24 12:38:01.033,1.3409,1.34105,1.00,2.70
2010.06.24 12:38:01.646,1.3409,1.34105,1.00,1.00
2010.06.24 12:38:01.880,1.34085,1.34115,1.00,3.20
2010.06.24 12:38:02.016,1.34085,1.3411,1.60,1.00
2010.06.24 12:38:02.837,1.34085,1.3411,1.60,2.70
2010.06.24 12:38:03.184,1.3408,1.341,2.40,1.60
2010.06.24 12:38:03.532,1.34075,1.341,2.40,1.60
2010.06.24 12:38:04.443,1.34075,1.34105,1.00,5.10
2010.06.24 12:38:04.792,1.34075,1.341,1.00,1.60
2010.06.24 12:38:05.144,1.3408,1.341,2.80,1.10
2010.06.24 12:38:05.875,1.34085,1.341,1.60,1.10
2010.06.24 12:38:06.000,1.34095,1.3412,1.60,5.10
2010.06.24 12:38:06.700,1.34095,1.3412,1.60,4.30
2010.06.24 12:38:07.048,1.3409,1.3412,1.60,2.40
2010.06.24 12:38:08.721,1.3409,1.3412,1.60,1.60
2010.06.24 12:38:11.762,1.3409,1.3412,1.60,2.40
2010.06.24 12:38:12.053,1.3409,1.3412,1.60,1.60
2010.06.24 12:38:13.874,1.34095,1.3412,1.60,1.60
2010.06.24 12:38:14.894,1.34095,1.34125,2.40,6.20
2010.06.24 12:38:15.236,1.34095,1.34125,2.40,4.70
2010.06.24 12:38:16.313,1.34095,1.3412,2.40,2.40
2010.06.24 12:38:16.464,1.34095,1.3412,1.60,1.60
2010.06.24 12:38:18.246,1.34095,1.34125,1.60,8.40
2010.06.24 12:38:18.516,1.341,1.34125,1.60,4.70
2010.06.24 12:38:19.354,1.341,1.34125,1.60,6.00
2010.06.24 12:38:19.705,1.341,1.34125,1.60,4.70
2010.06.24 12:38:21.103,1.341,1.34125,1.60,1.60
2010.06.24 12:38:21.293,1.341,1.34125,1.60,4.80
2010.06.24 12:38:21.481,1.341,1.34125,1.60,5.20
2010.06.24 12:38:21.852,1.341,1.3412,1.60,1.60
2010.06.24 12:38:22.615,1.34095,1.3412,1.60,1.60
2010.06.24 12:38:22.895,1.34095,1.3412,1.60,2.40
2010.06.24 12:38:23.743,1.341,1.3412,1.60,2.40
2010.06.24 12:38:27.174,1.341,1.34125,1.60,5.20
2010.06.24 12:38:27.514,1.341,1.34125,1.60,2.80
2010.06.24 12:38:28.181,1.341,1.3413,1.60,9.50
2010.06.24 12:38:28.320,1.341,1.3413,2.40,7.10
2010.06.24 12:38:28.588,1.341,1.3412,2.40,2.40
2010.06.24 12:38:29.190,1.341,1.3412,1.60,2.40
2010.06.24 12:38:29.541,1.341,1.34125,1.60,4.40
2010.06.24 12:38:29.886,1.341,1.34125,1.60,2.00
2010.06.24 12:38:30.580,1.341,1.3413,1.60,6.90
2010.06.24 12:38:30.930,1.341,1.3412,2.40,2.40
2010.06.24 12:38:31.498,1.341,1.34125,2.40,2.00
2010.06.24 12:38:32.342,1.341,1.3413,2.40,7.10
2010.06.24 12:38:32.569,1.341,1.3413,2.40,7.90
2010.06.24 12:38:34.154,1.3411,1.3413,1.00,4.70
2010.06.24 12:38:34.304,1.3411,1.3414,4.00,1.10
2010.06.24 12:38:35.175,1.34115,1.34145,2.40,6.30
2010.06.24 12:38:35.534,1.34115,1.3414,1.60,1.00
2010.06.24 12:38:36.460,1.34115,1.3413,1.60,1.60
2010.06.24 12:38:36.733,1.3411,1.3413,1.60,1.60
2010.06.24 12:38:36.996,1.34105,1.3413,3.20,1.60
2010.06.24 12:38:38.131,1.34105,1.34125,3.20,1.00
2010.06.24 12:38:38.462,1.34105,1.34125,2.40,1.00
2010.06.24 12:38:39.400,1.34105,1.3413,1.00,1.20
2010.06.24 12:38:39.733,1.34105,1.3413,2.40,1.00
2010.06.24 12:38:40.589,1.34105,1.34135,2.40,3.50
2010.06.24 12:38:42.592,1.341,1.3413,2.40,5.20
2010.06.24 12:38:42.788,1.34095,1.34125,3.20,1.60
2010.06.24 12:38:43.549,1.3409,1.34125,4.80,4.80
2010.06.24 12:38:43.885,1.3408,1.34095,1.60,4.00
2010.06.24 12:38:44.787,1.34075,1.341,1.60,1.60
2010.06.24 12:38:45.122,1.3407,1.341,4.00,1.00
2010.06.24 12:38:45.458,1.34075,1.34105,1.60,1.20
2010.06.24 12:38:46.336,1.3407,1.341,6.00,1.60
2010.06.24 12:38:46.540,1.3407,1.341,2.40,3.20
2010.06.24 12:38:46.734,1.3407,1.341,1.00,4.80
2010.06.24 12:38:46.932,1.34065,1.34095,6.00,1.00
2010.06.24 12:38:47.659,1.34065,1.34095,6.00,2.20
2010.06.24 12:38:48.012,1.3407,1.341,1.60,1.60
2010.06.24 12:38:48.353,1.34065,1.341,6.00,1.60
2010.06.24 12:38:49.031,1.3407,1.341,1.60,1.60
2010.06.24 12:38:49.375,1.34065,1.3409,4.00,1.00
2010.06.24 12:38:50.084,1.3407,1.34095,1.60,5.20
2010.06.24 12:38:50.331,1.3407,1.34095,1.60,3.60
2010.06.24 12:38:50.462,1.34065,1.34095,4.00,3.60
2010.06.24 12:38:50.592,1.3407,1.34095,1.60,1.90
2010.06.24 12:38:50.723,1.3407,1.34095,1.60,1.60
2010.06.24 12:38:51.202,1.3407,1.34095,1.60,1.00
2010.06.24 12:38:52.036,1.3406,1.3409,4.80,1.00
2010.06.24 12:38:52.223,1.34065,1.34095,1.60,4.40
2010.06.24 12:38:52.412,1.34065,1.34095,1.60,5.20
2010.06.24 12:38:53.721,1.34065,1.34095,2.40,3.60
2010.06.24 12:38:54.003,1.34065,1.34095,2.40,1.90
2010.06.24 12:38:54.277,1.34065,1.34095,2.40,1.60
2010.06.24 12:38:54.526,1.3407,1.34095,1.60,1.00
2010.06.24 12:38:54.776,1.3407,1.341,1.60,1.60
2010.06.24 12:38:56.191,1.3407,1.341,1.60,2.40
2010.06.24 12:38:56.373,1.3407,1.34095,1.60,1.00
2010.06.24 12:38:57.312,1.34065,1.341,5.60,5.50
2010.06.24 12:38:57.656,1.3407,1.34095,1.60,1.00
2010.06.24 12:38:57.896,1.34065,1.34095,2.80,4.10
2010.06.24 12:38:58.491,1.34065,1.34095,2.80,5.40
2010.06.24 12:38:58.751,1.34075,1.34105,2.40,1.60
2010.06.24 12:38:59.903,1.34085,1.3411,1.00,2.80
2010.06.24 12:39:00.250,1.3409,1.3412,1.60,2.70
2010.06.24 12:39:01.095,1.34095,1.3412,1.60,1.00
2010.06.24 12:39:01.317,1.34095,1.3413,4.00,2.40
2010.06.24 12:39:02.493,1.34095,1.3413,4.80,2.40
2010.06.24 12:39:03.176,1.34095,1.3413,3.20,6.80
2010.06.24 12:39:03.921,1.34095,1.3413,4.80,6.80
2010.06.24 12:39:04.270,1.34095,1.34125,3.20,2.40
2010.06.24 12:39:04.494,1.34095,1.34125,1.60,4.00
2010.06.24 12:39:04.714,1.34095,1.34125,1.60,2.40
2010.06.24 12:39:05.732,1.34095,1.34125,2.40,2.40
2010.06.24 12:39:07.457,1.3409,1.3412,1.60,4.40
2010.06.24 12:39:07.724,1.3409,1.3412,1.60,2.40
2010.06.24 12:39:08.548,1.3409,1.3412,3.20,1.00
2010.06.24 12:39:10.603,1.34095,1.34125,1.60,5.50
2010.06.24 12:39:10.849,1.34095,1.34125,1.60,4.00
2010.06.24 12:39:11.032,1.34095,1.34125,1.60,2.40
2010.06.24 12:39:11.582,1.34095,1.34125,1.60,3.20
2010.06.24 12:39:12.611,1.34095,1.34125,1.60,2.40
2010.06.24 12:39:13.102,1.34095,1.34125,2.10,2.40
2010.06.24 12:39:13.233,1.341,1.34125,1.00,1.00
2010.06.24 12:39:13.524,1.34105,1.3413,4.10,1.60
2010.06.24 12:39:14.160,1.3411,1.3413,1.00,1.00
2010.06.24 12:39:14.465,1.34135,1.3418,3.20,6.00
2010.06.24 12:39:15.278,1.3414,1.3418,4.40,1.60
2010.06.24 12:39:15.513,1.34145,1.34175,2.40,1.70
2010.06.24 12:39:15.854,1.34145,1.34175,2.40,1.60
2010.06.24 12:39:16.197,1.34145,1.34175,1.00,1.60
2010.06.24 12:39:17.117,1.34145,1.3417,1.00,1.00
2010.06.24 12:39:17.353,1.34135,1.3416,3.20,3.20
2010.06.24 12:39:17.585,1.34135,1.3416,2.40,1.60
2010.06.24 12:39:17.814,1.34135,1.34165,3.20,2.40
2010.06.24 12:39:18.431,1.34135,1.34165,3.20,1.60
2010.06.24 12:39:18.663,1.34145,1.34175,3.20,3.20
2010.06.24 12:39:18.921,1.34155,1.34175,1.60,1.60
2010.06.24 12:39:20.047,1.34155,1.3418,1.60,1.70
2010.06.24 12:39:20.387,1.34155,1.34175,1.60,1.60
2010.06.24 12:39:20.727,1.34155,1.34175,1.60,1.00
2010.06.24 12:39:23.037,1.3415,1.34175,1.60,1.00
2010.06.24 12:39:24.486,1.3415,1.3418,1.60,4.90
2010.06.24 12:39:24.771,1.3415,1.3418,1.60,3.30
2010.06.24 12:39:25.951,1.3415,1.3418,2.40,2.40
2010.06.24 12:39:26.301,1.34155,1.34185,1.00,6.00
2010.06.24 12:39:27.216,1.3416,1.34185,2.40,1.60
2010.06.24 12:39:27.469,1.34165,1.3419,1.60,4.40
2010.06.24 12:39:27.714,1.3416,1.3419,2.40,4.40
2010.06.24 12:39:27.963,1.34165,1.3419,1.60,4.40
2010.06.24 12:39:28.627,1.34165,1.3419,1.60,6.00
2010.06.24 12:39:28.928,1.3416,1.3419,2.40,5.40
2010.06.24 12:39:29.223,1.3416,1.3419,2.40,6.20
2010.06.24 12:39:29.802,1.3416,1.3419,2.40,5.40
2010.06.24 12:39:30.353,1.3416,1.34185,1.60,1.00
2010.06.24 12:39:30.964,1.3416,1.34185,1.60,2.40
2010.06.24 12:39:31.108,1.34155,1.3418,1.60,2.40
2010.06.24 12:39:31.232,1.3416,1.3418,1.60,2.40
2010.06.24 12:39:31.362,1.3416,1.3418,1.60,1.60
2010.06.24 12:39:31.612,1.34155,1.3418,1.60,1.60
2010.06.24 12:39:33.084,1.34155,1.34185,2.40,2.30
2010.06.24 12:39:33.239,1.3416,1.3419,1.60,4.60
2010.06.24 12:39:34.643,1.3416,1.3419,2.40,2.80
2010.06.24 12:39:34.997,1.34165,1.34195,1.60,3.20
2010.06.24 12:39:35.350,1.34165,1.34195,1.60,2.40
2010.06.24 12:39:36.655,1.3416,1.34195,4.80,3.50
2010.06.24 12:39:36.902,1.3416,1.34195,4.00,5.10
2010.06.24 12:39:37.393,1.3416,1.34195,4.00,4.90
2010.06.24 12:39:38.104,1.3416,1.34195,4.00,5.10
2010.06.24 12:39:38.330,1.34165,1.34195,3.20,4.70
2010.06.24 12:39:38.556,1.34165,1.34195,3.20,4.80
2010.06.24 12:39:39.428,1.3417,1.34195,1.60,4.00
2010.06.24 12:39:39.655,1.3417,1.342,2.40,4.40
2010.06.24 12:39:39.863,1.3417,1.342,2.40,1.00
2010.06.24 12:39:40.073,1.3417,1.342,1.60,5.20
2010.06.24 12:39:40.285,1.3417,1.342,1.60,5.90
2010.06.24 12:39:41.113,1.3417,1.34195,1.60,2.40
2010.06.24 12:39:41.983,1.34165,1.34195,1.60,2.40
2010.06.24 12:39:42.791,1.34165,1.3419,1.60,1.60
2010.06.24 12:39:43.020,1.34165,1.3419,1.60,4.90
2010.06.24 12:39:43.652,1.34165,1.3418,1.60,1.00
2010.06.24 12:39:43.954,1.3416,1.34185,1.60,1.00
2010.06.24 12:39:45.210,1.3416,1.34185,1.60,1.60
2010.06.24 12:39:46.255,1.34155,1.34185,4.00,1.60
2010.06.24 12:39:46.530,1.3415,1.34175,1.60,1.00
2010.06.24 12:39:48.485,1.34145,1.34175,3.20,1.00
2010.06.24 12:39:48.854,1.34145,1.3417,1.60,1.60
2010.06.24 12:39:48.976,1.34135,1.3417,6.40,3.20
2010.06.24 12:39:49.102,1.34135,1.3417,4.80,3.20
2010.06.24 12:39:49.221,1.34135,1.3417,4.80,4.00
2010.06.24 12:39:49.344,1.3414,1.3417,1.00,1.60
2010.06.24 12:39:49.956,1.3414,1.34165,1.00,1.00
2010.06.24 12:39:50.271,1.34135,1.34165,2.40,1.00
2010.06.24 12:39:50.896,1.34135,1.34165,4.00,1.00
2010.06.24 12:39:52.371,1.34135,1.34155,1.00,1.60
2010.06.24 12:39:53.120,1.34125,1.3415,4.00,1.60
2010.06.24 12:39:53.421,1.3411,1.3414,3.20,4.40
2010.06.24 12:39:53.715,1.3411,1.3414,3.30,2.80
2010.06.24 12:39:54.013,1.3411,1.34145,5.60,4.70
2010.06.24 12:39:54.629,1.3411,1.34145,5.60,6.30
2010.06.24 12:39:54.963,1.34125,1.3415,1.00,1.60
2010.06.24 12:39:56.223,1.3412,1.34145,1.00,1.60
2010.06.24 12:39:56.564,1.34115,1.34145,1.00,5.70
2010.06.24 12:39:59.981,1.34115,1.34145,1.60,3.20
2010.06.24 12:40:00.270,1.34115,1.34145,1.60,4.80
2010.06.24 12:40:00.549,1.34115,1.34145,1.60,3.20
2010.06.24 12:40:01.421,1.3411,1.3414,1.60,6.40
2010.06.24 12:40:01.684,1.3411,1.3414,1.60,5.50
2010.06.24 12:40:02.205,1.3411,1.3414,1.70,3.90
2010.06.24 12:40:03.369,1.3411,1.3414,1.70,3.50
2010.06.24 12:40:03.500,1.3411,1.3414,3.30,2.70
2010.06.24 12:40:03.744,1.3411,1.3414,1.70,4.30
2010.06.24 12:40:04.888,1.3411,1.34135,1.00,1.60
2010.06.24 12:40:05.236,1.34105,1.34135,4.10,1.60
2010.06.24 12:40:05.587,1.34105,1.3414,3.30,4.00
2010.06.24 12:40:06.502,1.34105,1.3414,4.90,2.40
2010.06.24 12:40:06.982,1.34105,1.3414,5.70,2.40
2010.06.24 12:40:07.753,1.34115,1.34145,1.60,4.00
2010.06.24 12:40:08.511,1.3412,1.34145,3.20,1.60
2010.06.24 12:40:08.620,1.3413,1.34155,2.40,4.00
2010.06.24 12:40:08.727,1.3413,1.34155,2.80,4.00
2010.06.24 12:40:09.405,1.3413,1.34155,4.40,3.20
2010.06.24 12:40:09.757,1.3413,1.34155,1.00,1.00
2010.06.24 12:40:11.256,1.34125,1.34155,3.20,2.90
2010.06.24 12:40:11.309,1.34125,1.3415,3.20,1.60
2010.06.24 12:40:11.916,1.34125,1.3415,1.60,2.40
2010.06.24 12:40:12.270,1.34125,1.34155,1.60,2.40
2010.06.24 12:40:12.613,1.34125,1.34155,1.60,1.00
2010.06.24 12:40:13.855,1.34115,1.34135,3.20,1.00
2010.06.24 12:40:14.202,1.3411,1.34135,1.60,1.00
2010.06.24 12:40:16.273,1.3411,1.3414,3.20,3.80
2010.06.24 12:40:16.527,1.3411,1.3414,4.40,2.10
2010.06.24 12:40:18.188,1.3411,1.3414,4.50,2.40
2010.06.24 12:40:18.501,1.34115,1.3414,2.40,1.00
2010.06.24 12:40:19.436,1.3412,1.34145,1.60,2.40
2010.06.24 12:40:19.649,1.34115,1.34145,1.60,2.40
2010.06.24 12:40:21.121,1.34115,1.34145,1.60,4.60
2010.06.24 12:40:21.424,1.34105,1.3414,5.20,1.00
2010.06.24 12:40:21.722,1.34115,1.3414,1.00,1.60
2010.06.24 12:40:22.618,1.3412,1.34145,1.60,1.60
2010.06.24 12:40:23.400,1.34125,1.3415,1.60,1.60
2010.06.24 12:40:23.625,1.3413,1.34155,1.60,1.60
2010.06.24 12:40:23.944,1.3412,1.34145,3.60,1.60
2010.06.24 12:40:24.658,1.3412,1.34145,1.60,1.60
2010.06.24 12:40:25.010,1.34105,1.34135,3.40,1.60
2010.06.24 12:40:25.943,1.34105,1.3413,1.00,4.60
2010.06.24 12:40:26.240,1.34095,1.34115,1.00,1.10
2010.06.24 12:40:27.675,1.3409,1.3412,4.80,2.70
2010.06.24 12:40:27.967,1.34095,1.3412,1.00,3.20
2010.06.24 12:40:28.815,1.34095,1.34115,1.00,1.60
2010.06.24 12:40:29.112,1.3409,1.34105,1.00,1.10
2010.06.24 12:40:29.409,1.34085,1.34115,1.00,4.70
2010.06.24 12:40:30.287,1.34085,1.34115,2.40,2.30
2010.06.24 12:40:30.643,1.3409,1.3412,1.00,3.50
2010.06.24 12:40:31.905,1.34095,1.3412,1.00,1.00
2010.06.24 12:40:32.167,1.34095,1.34125,1.00,4.30
2010.06.24 12:40:32.673,1.341,1.34125,1.00,2.40
2010.06.24 12:40:33.510,1.34095,1.34125,1.00,4.30
2010.06.24 12:40:33.699,1.3409,1.34125,2.40,5.90
2010.06.24 12:40:34.065,1.34095,1.34125,1.00,1.90
2010.06.24 12:40:34.760,1.34095,1.34125,1.60,2.40
2010.06.24 12:40:35.116,1.341,1.3413,1.00,2.70
2010.06.24 12:40:35.473,1.341,1.3413,1.00,5.10
2010.06.24 12:40:36.383,1.341,1.34125,1.00,1.60
2010.06.24 12:40:36.729,1.341,1.34125,1.60,1.60
2010.06.24 12:40:37.075,1.341,1.3412,1.00,1.50
2010.06.24 12:40:37.224,1.34095,1.3412,1.60,1.00
2010.06.24 12:40:37.947,1.3409,1.34115,3.50,1.60
2010.06.24 12:40:38.099,1.341,1.34125,1.00,3.50
2010.06.24 12:40:38.387,1.34095,1.34125,5.40,2.40
2010.06.24 12:40:38.678,1.341,1.34125,1.00,1.60
2010.06.24 12:40:39.371,1.341,1.34125,1.60,1.60
2010.06.24 12:40:39.610,1.341,1.3413,1.00,4.00
2010.06.24 12:40:39.834,1.341,1.34125,1.00,2.40
2010.06.24 12:40:40.066,1.34095,1.34125,1.40,2.40
2010.06.24 12:40:40.857,1.34095,1.34125,1.00,4.00
2010.06.24 12:40:41.142,1.34105,1.3413,6.30,1.00
2010.06.24 12:40:41.420,1.341,1.3413,3.90,3.30
2010.06.24 12:40:41.695,1.341,1.3413,2.40,4.10
2010.06.24 12:40:42.653,1.34095,1.3412,1.60,1.00
2010.06.24 12:40:42.876,1.3409,1.3412,3.20,2.40
2010.06.24 12:40:44.575,1.34105,1.3413,1.60,1.10
2010.06.24 12:40:44.693,1.34105,1.34135,2.40,3.50
2010.06.24 12:40:45.052,1.34105,1.34135,2.40,2.70
2010.06.24 12:40:45.172,1.34105,1.34135,2.70,2.70
2010.06.24 12:40:46.018,1.34105,1.34135,2.00,2.70
2010.06.24 12:40:46.284,1.34105,1.34135,2.60,2.70
2010.06.24 12:40:46.552,1.34105,1.34135,3.40,1.60
2010.06.24 12:40:46.825,1.34105,1.3414,3.40,5.10
2010.06.24 12:40:47.012,1.34105,1.3414,3.60,5.10
2010.06.24 12:40:47.581,1.34105,1.3414,3.40,5.10
2010.06.24 12:40:48.280,1.34105,1.3414,2.80,5.10
2010.06.24 12:40:48.385,1.34105,1.34135,3.00,1.60
2010.06.24 12:40:49.795,1.34105,1.34135,1.00,4.30
2010.06.24 12:40:50.150,1.34105,1.3413,1.20,1.60
2010.06.24 12:40:51.043,1.34115,1.3414,1.20,2.40
2010.06.24 12:40:51.265,1.3412,1.34145,1.20,1.00
2010.06.24 12:40:52.344,1.3412,1.34145,1.00,1.00
2010.06.24 12:40:52.945,1.3412,1.34145,1.20,1.00
2010.06.24 12:40:53.925,1.34125,1.3415,1.20,2.40
2010.06.24 12:40:54.530,1.3413,1.3415,1.00,2.40
2010.06.24 12:40:55.445,1.3412,1.3415,2.80,4.00
2010.06.24 12:40:55.793,1.34115,1.34145,3.20,1.00
2010.06.24 12:40:56.659,1.34115,1.34145,3.60,1.60
2010.06.24 12:40:56.890,1.3411,1.34145,9.20,4.30
2010.06.24 12:40:57.118,1.3411,1.3414,9.80,1.00
2010.06.24 12:40:57.895,1.3411,1.3414,9.80,1.30
2010.06.24 12:40:58.227,1.34115,1.3414,1.60,1.00
2010.06.24 12:40:58.556,1.3411,1.3414,4.80,1.00
2010.06.24 12:40:58.889,1.3411,1.3414,3.20,1.60
2010.06.24 12:40:59.665,1.3411,1.3414,1.60,1.60
2010.06.24 12:41:00.019,1.3411,1.3414,1.60,2.40
2010.06.24 12:41:01.265,1.3411,1.3414,1.60,2.70
2010.06.24 12:41:01.413,1.3411,1.3414,4.10,2.70
2010.06.24 12:41:01.566,1.34115,1.3414,1.60,1.90
2010.06.24 12:41:02.306,1.3411,1.3414,1.60,1.60
2010.06.24 12:41:04.416,1.341,1.3413,1.50,3.20
2010.06.24 12:41:04.553,1.341,1.3413,1.00,4.80
2010.06.24 12:41:04.695,1.341,1.3413,1.00,5.20
2010.06.24 12:41:04.837,1.341,1.34125,1.00,1.00
2010.06.24 12:41:05.793,1.341,1.3412,1.00,2.00
2010.06.24 12:41:06.054,1.34095,1.3411,1.00,1.60
2010.06.24 12:41:06.875,1.3408,1.34115,5.60,6.30
2010.06.24 12:41:07.138,1.34075,1.3411,2.40,6.00
2010.06.24 12:41:07.949,1.34075,1.3411,2.80,5.10
2010.06.24 12:41:08.300,1.34075,1.3411,2.80,5.60
2010.06.24 12:41:08.648,1.34085,1.3411,1.60,5.20
2010.06.24 12:41:09.557,1.34075,1.34105,1.00,1.60
2010.06.24 12:41:09.911,1.3407,1.34095,1.60,2.40
2010.06.24 12:41:11.111,1.3406,1.3409,1.20,2.40
2010.06.24 12:41:11.408,1.34055,1.3409,5.60,4.00
2010.06.24 12:41:12.298,1.34055,1.34085,2.40,2.40
2010.06.24 12:41:12.577,1.34055,1.3408,2.40,1.60
2010.06.24 12:41:13.251,1.34065,1.3408,1.00,1.60
2010.06.24 12:41:13.534,1.3407,1.34095,2.20,3.30
2010.06.24 12:41:13.811,1.3406,1.34085,1.70,1.60
2010.06.24 12:41:14.738,1.3406,1.3408,1.00,2.40
2010.06.24 12:41:14.946,1.3406,1.3408,1.00,1.00
2010.06.24 12:41:16.032,1.34065,1.34085,1.00,1.00
2010.06.24 12:41:16.310,1.34065,1.3409,1.00,1.00
2010.06.24 12:41:17.793,1.34065,1.3409,1.00,1.90
2010.06.24 12:41:18.391,1.3406,1.3409,2.50,3.50
2010.06.24 12:41:18.646,1.34065,1.3409,1.00,2.70
2010.06.24 12:41:18.886,1.34065,1.3409,4.60,1.90
2010.06.24 12:41:19.728,1.3407,1.3409,1.60,1.00
2010.06.24 12:41:20.076,1.3405,1.3408,3.60,2.40
2010.06.24 12:41:20.893,1.3405,1.34075,3.20,2.40
2010.06.24 12:41:21.201,1.34045,1.34075,3.20,2.40
2010.06.24 12:41:21.503,1.34045,1.34075,2.80,2.40
2010.06.24 12:41:22.396,1.34045,1.34075,2.80,1.00
2010.06.24 12:41:23.242,1.34045,1.34075,4.40,1.00
2010.06.24 12:41:24.158,1.34045,1.34075,1.20,2.40
2010.06.24 12:41:24.487,1.34045,1.34075,1.60,1.60
2010.06.24 12:41:24.766,1.3404,1.34075,6.00,1.60
2010.06.24 12:41:25.625,1.3404,1.34075,6.10,1.60
2010.06.24 12:41:25.874,1.34045,1.34075,1.00,1.60
2010.06.24 12:41:26.817,1.3405,1.34075,1.00,1.00
2010.06.24 12:41:27.079,1.3405,1.34085,3.20,6.30
2010.06.24 12:41:27.338,1.34055,1.34085,1.00,2.40
2010.06.24 12:41:28.155,1.34055,1.34085,2.80,1.00
2010.06.24 12:41:28.393,1.3409,1.341,1.60,1.60
2010.06.24 12:41:28.631,1.34085,1.34105,1.40,1.60
2010.06.24 12:41:29.256,1.34085,1.34105,1.00,1.60
2010.06.24 12:41:29.597,1.34095,1.3412,3.00,1.60
2010.06.24 12:41:30.430,1.341,1.3412,2.40,1.60
2010.06.24 12:41:30.735,1.34095,1.3412,1.00,3.20
2010.06.24 12:41:31.630,1.34095,1.3412,2.40,2.20
2010.06.24 12:41:31.932,1.3409,1.3412,1.00,4.80
2010.06.24 12:41:32.822,1.3409,1.34115,1.00,1.60
2010.06.24 12:41:33.091,1.3409,1.3412,1.00,4.00
2010.06.24 12:41:33.358,1.3409,1.34115,1.00,1.60
2010.06.24 12:41:34.307,1.3409,1.34115,3.00,1.60
2010.06.24 12:41:34.659,1.34095,1.34115,1.00,1.60
2010.06.24 12:41:35.574,1.34095,1.3412,1.00,2.40
2010.06.24 12:41:35.916,1.3409,1.3412,1.00,4.00
2010.06.24 12:41:36.849,1.34085,1.34115,4.00,1.60
2010.06.24 12:41:37.172,1.3409,1.3412,1.00,2.40
2010.06.24 12:41:38.606,1.3409,1.3412,2.80,3.20
2010.06.24 12:41:38.786,1.3409,1.3412,1.20,3.20
2010.06.24 12:41:38.964,1.3409,1.3412,1.00,3.20
2010.06.24 12:41:39.906,1.3408,1.34115,4.10,3.50
2010.06.24 12:41:40.258,1.3409,1.34115,1.00,1.90
2010.06.24 12:41:41.060,1.3409,1.34115,1.00,3.50
2010.06.24 12:41:41.311,1.3409,1.34115,1.00,1.90
2010.06.24 12:41:42.927,1.34085,1.34115,1.60,5.90
2010.06.24 12:41:43.204,1.3408,1.3411,3.20,1.60
2010.06.24 12:41:43.488,1.3408,1.341,1.60,1.60
2010.06.24 12:41:44.092,1.34075,1.341,1.60,1.60
2010.06.24 12:41:44.399,1.34065,1.34095,3.20,2.40
2010.06.24 12:41:44.705,1.34065,1.34095,3.20,4.00
2010.06.24 12:41:45.242,1.34075,1.34095,1.00,4.00
2010.06.24 12:41:46.095,1.3407,1.341,1.60,1.90
2010.06.24 12:41:46.347,1.3407,1.341,1.60,1.00
2010.06.24 12:41:46.722,1.3407,1.341,3.20,1.00
2010.06.24 12:41:47.761,1.3407,1.341,3.20,2.70
2010.06.24 12:41:47.946,1.3407,1.341,3.20,1.90
2010.06.24 12:41:48.134,1.3407,1.341,3.20,1.00
2010.06.24 12:41:48.313,1.34075,1.341,1.00,1.00
2010.06.24 12:41:49.245,1.34075,1.34105,1.00,6.70
2010.06.24 12:41:49.591,1.34075,1.34105,1.00,5.90
2010.06.24 12:41:51.300,1.34075,1.34105,1.00,4.30
2010.06.24 12:41:51.492,1.3407,1.341,1.00,2.40
2010.06.24 12:41:52.742,1.34075,1.341,1.00,1.00
2010.06.24 12:41:53.065,1.3408,1.341,1.60,1.00
2010.06.24 12:41:53.966,1.34085,1.34105,1.60,2.40
2010.06.24 12:41:54.221,1.3408,1.34105,3.20,1.60
2010.06.24 12:41:54.463,1.3408,1.34105,3.20,1.00
2010.06.24 12:41:55.613,1.34085,1.34105,1.60,1.00
2010.06.24 12:41:57.208,1.3408,1.34105,3.20,1.00
2010.06.24 12:42:03.362,1.3408,1.34105,1.60,1.00
2010.06.24 12:42:04.364,1.34075,1.341,4.40,2.40
2010.06.24 12:42:04.528,1.34075,1.341,3.20,2.70
2010.06.24 12:42:04.687,1.34075,1.341,1.60,1.00
2010.06.24 12:42:04.844,1.34075,1.341,1.60,1.10
2010.06.24 12:42:05.008,1.3407,1.341,4.00,1.10
2010.06.24 12:42:05.924,1.3407,1.341,1.00,1.10
2010.06.24 12:42:06.262,1.3407,1.341,1.00,1.90
2010.06.24 12:42:06.604,1.3406,1.34095,7.70,2.40
2010.06.24 12:42:07.447,1.3406,1.34095,4.00,3.20
2010.06.24 12:42:07.696,1.3406,1.34095,5.60,2.40
2010.06.24 12:42:08.643,1.34075,1.3409,1.00,1.00
2010.06.24 12:42:08.992,1.34075,1.34095,1.00,1.00
2010.06.24 12:42:09.835,1.3407,1.341,2.40,2.40
2010.06.24 12:42:10.100,1.3407,1.34095,1.60,2.40
2010.06.24 12:42:10.447,1.34065,1.34095,6.40,2.40
2010.06.24 12:42:11.906,1.3407,1.34095,1.60,2.40
2010.06.24 12:42:12.422,1.3407,1.34095,3.20,2.40
2010.06.24 12:42:12.592,1.34075,1.34095,1.00,1.60
2010.06.24 12:42:12.764,1.34075,1.341,1.00,1.00
2010.06.24 12:42:13.357,1.34075,1.341,2.40,1.00
2010.06.24 12:42:13.510,1.3407,1.34105,6.40,4.00
2010.06.24 12:42:13.792,1.3407,1.34105,5.60,3.20
2010.06.24 12:42:14.072,1.34075,1.34105,1.60,3.20
2010.06.24 12:42:15.011,1.34075,1.3411,6.40,2.70
2010.06.24 12:42:15.354,1.34075,1.3411,6.50,2.70
2010.06.24 12:42:16.683,1.34075,1.3411,6.40,2.70
2010.06.24 12:42:16.801,1.34075,1.3411,4.80,2.70
2010.06.24 12:42:17.012,1.34075,1.3411,4.90,2.70
2010.06.24 12:42:17.192,1.34075,1.3411,4.80,2.70
2010.06.24 12:42:17.253,1.34075,1.3411,4.80,3.50
2010.06.24 12:42:17.941,1.3407,1.341,1.00,1.90
2010.06.24 12:42:18.190,1.3407,1.341,1.00,5.30
2010.06.24 12:42:19.827,1.3407,1.341,1.00,6.90
2010.06.24 12:42:20.064,1.34065,1.34095,4.00,1.00
2010.06.24 12:42:20.285,1.34065,1.34095,3.20,1.00
2010.06.24 12:42:21.211,1.34065,1.34095,1.60,1.00
2010.06.24 12:42:21.531,1.34065,1.341,3.60,4.30
2010.06.24 12:42:22.382,1.34065,1.34095,1.20,1.60
2010.06.24 12:42:22.659,1.34065,1.341,5.60,4.30
2010.06.24 12:42:22.935,1.3407,1.341,1.00,1.10
2010.06.24 12:42:23.772,1.3407,1.341,3.20,1.90
2010.06.24 12:42:24.042,1.3407,1.341,1.00,1.90
2010.06.24 12:42:24.307,1.3407,1.341,4.80,1.90
2010.06.24 12:42:25.135,1.34075,1.341,1.60,1.00
2010.06.24 12:42:25.832,1.34075,1.341,4.00,1.00
2010.06.24 12:42:27.051,1.34075,1.341,2.40,1.00
2010.06.24 12:42:27.350,1.3407,1.341,4.00,1.00
2010.06.24 12:42:27.614,1.34075,1.341,2.40,1.00
2010.06.24 12:42:28.402,1.34075,1.341,4.80,1.00
2010.06.24 12:42:32.638,1.34075,1.341,3.20,1.00
2010.06.24 12:42:32.825,1.34075,1.341,2.80,1.00
2010.06.24 12:42:33.014,1.34075,1.341,4.80,1.00
2010.06.24 12:42:33.981,1.34075,1.34105,4.80,1.00
2010.06.24 12:42:35.257,1.34075,1.34105,4.80,2.40
2010.06.24 12:42:35.489,1.34075,1.341,1.00,1.00
2010.06.24 12:42:36.178,1.34075,1.341,2.80,1.00
2010.06.24 12:42:37.216,1.34075,1.34105,4.80,1.00
2010.06.24 12:42:41.063,1.34075,1.34105,3.20,1.60
2010.06.24 12:42:41.242,1.34075,1.34105,2.40,1.60
2010.06.24 12:42:41.422,1.34075,1.34105,1.00,1.60
2010.06.24 12:42:43.920,1.34075,1.341,1.00,1.00
2010.06.24 12:42:44.205,1.34065,1.3409,1.60,1.60
2010.06.24 12:42:44.485,1.34065,1.34095,1.60,3.10
2010.06.24 12:42:45.097,1.34065,1.3409,1.60,1.00
2010.06.24 12:42:46.694,1.3406,1.3409,5.20,1.00
2010.06.24 12:42:47.039,1.3406,1.3409,6.00,1.00
2010.06.24 12:42:47.391,1.3407,1.34095,1.00,3.50
2010.06.24 12:42:47.527,1.3407,1.34095,1.00,1.90
2010.06.24 12:42:48.350,1.34065,1.34095,1.00,3.50
2010.06.24 12:42:48.550,1.3407,1.3409,1.00,1.00
2010.06.24 12:42:48.745,1.3407,1.34095,1.00,1.90
2010.06.24 12:42:49.378,1.3407,1.34095,1.00,1.10
2010.06.24 12:42:49.717,1.34055,1.3409,4.40,6.00
2010.06.24 12:42:50.052,1.3406,1.3409,2.40,4.10
2010.06.24 12:42:51.001,1.3405,1.3408,2.40,1.60
2010.06.24 12:42:51.349,1.3405,1.3408,4.00,1.60
2010.06.24 12:42:52.272,1.3405,1.3408,1.60,3.20
2010.06.24 12:42:52.562,1.34055,1.3408,1.60,1.60
2010.06.24 12:42:52.830,1.3406,1.34085,1.60,1.10
2010.06.24 12:42:53.812,1.34055,1.3409,3.20,4.30
2010.06.24 12:42:53.968,1.34055,1.34085,1.60,1.00
2010.06.24 12:42:54.115,1.34055,1.34085,1.60,1.00
2010.06.24 12:42:55.140,1.34055,1.34085,3.20,1.00
2010.06.24 12:42:55.496,1.34055,1.34085,1.00,1.60
2010.06.24 12:42:55.847,1.34055,1.34085,2.40,1.60
2010.06.24 12:42:57.065,1.34055,1.34085,2.40,1.00
2010.06.24 12:42:57.406,1.3406,1.3409,1.60,2.40
2010.06.24 12:42:57.616,1.34055,1.3409,5.20,5.60
2010.06.24 12:42:58.219,1.34055,1.3409,5.20,7.20
2010.06.24 12:42:58.440,1.34055,1.3408,1.00,1.00
2010.06.24 12:42:58.789,1.34055,1.34085,1.00,1.00
2010.06.24 12:42:59.726,1.34055,1.3409,5.60,5.20
2010.06.24 12:42:59.973,1.34065,1.3409,1.60,1.00
2010.06.24 12:43:02.323,1.3406,1.3409,1.60,2.40
2010.06.24 12:43:03.242,1.3406,1.3409,3.20,1.00
2010.06.24 12:43:03.683,1.3406,1.3409,1.60,1.60
2010.06.24 12:43:05.016,1.3406,1.3409,1.60,2.40
2010.06.24 12:43:05.246,1.3406,1.3409,1.60,1.70
2010.06.24 12:43:05.397,1.3406,1.3409,1.60,1.00
2010.06.24 12:43:05.548,1.34065,1.3409,1.00,1.00
2010.06.24 12:43:07.483,1.34065,1.3409,1.60,1.00
2010.06.24 12:43:07.663,1.3406,1.3409,3.60,1.00
2010.06.24 12:43:08.465,1.3406,1.3409,3.20,1.60
2010.06.24 12:43:08.693,1.3406,1.3409,3.20,1.00
2010.06.24 12:43:10.776,1.3406,1.3409,1.60,1.90
2010.06.24 12:43:10.956,1.3406,1.3409,3.20,1.00
2010.06.24 12:43:12.258,1.3406,1.34085,1.60,1.00
2010.06.24 12:43:12.458,1.34055,1.34085,2.40,1.60
2010.06.24 12:43:14.565,1.3405,1.3408,3.20,1.60
2010.06.24 12:43:15.455,1.34045,1.34075,2.40,3.20
2010.06.24 12:43:15.706,1.34045,1.34075,1.00,3.60
2010.06.24 12:43:15.953,1.34045,1.34075,1.00,1.60
2010.06.24 12:43:17.077,1.34045,1.34075,2.40,1.60
2010.06.24 12:43:17.764,1.34045,1.34065,1.60,1.60
2010.06.24 12:43:17.994,1.34045,1.34065,1.60,1.00
2010.06.24 12:43:18.807,1.34045,1.34075,2.40,8.70
2010.06.24 12:43:18.947,1.3404,1.3407,1.60,3.20
2010.06.24 12:43:20.025,1.3404,1.3407,2.40,1.60
2010.06.24 12:43:20.733,1.3404,1.3407,4.00,1.00
2010.06.24 12:43:21.076,1.3404,1.34075,5.20,2.40
2010.06.24 12:43:21.400,1.3404,1.3406,1.60,1.00
2010.06.24 12:43:22.161,1.34035,1.34065,6.80,1.00
2010.06.24 12:43:22.363,1.3404,1.3407,2.80,1.00
2010.06.24 12:43:23.052,1.3404,1.3407,2.80,1.60
2010.06.24 12:43:23.284,1.3404,1.3407,2.40,1.90
2010.06.24 12:43:24.266,1.3404,1.3407,4.00,1.90
2010.06.24 12:43:24.753,1.3404,1.3407,4.00,1.60
2010.06.24 12:43:26.431,1.3404,1.34065,2.40,1.00
2010.06.24 12:43:27.562,1.34035,1.34065,5.20,1.00
2010.06.24 12:43:27.953,1.34035,1.34065,5.30,1.00
2010.06.24 12:43:29.422,1.34045,1.34065,1.60,1.00
2010.06.24 12:43:29.474,1.34025,1.3406,4.80,3.00
2010.06.24 12:43:29.518,1.34025,1.34055,4.80,1.60
2010.06.24 12:43:29.557,1.34025,1.34055,4.00,1.60
2010.06.24 12:43:29.633,1.34025,1.34055,2.40,2.40
2010.06.24 12:43:30.220,1.34025,1.34055,2.40,3.20
2010.06.24 12:43:30.265,1.34025,1.34055,1.60,3.20
2010.06.24 12:43:30.305,1.34025,1.34055,3.20,4.00
2010.06.24 12:43:30.456,1.34025,1.34055,4.00,4.00
2010.06.24 12:43:31.361,1.3403,1.34055,1.60,2.40
2010.06.24 12:43:31.733,1.34025,1.34055,1.60,3.30
2010.06.24 12:43:31.902,1.34025,1.34055,1.60,4.90
2010.06.24 12:43:32.073,1.34025,1.34055,1.60,3.30
2010.06.24 12:43:32.321,1.34025,1.34055,1.60,4.90
2010.06.24 12:43:33.119,1.3402,1.3405,2.40,1.60
2010.06.24 12:43:33.355,1.3402,1.34045,1.60,1.00
2010.06.24 12:43:33.596,1.3402,1.3403,1.60,1.00
2010.06.24 12:43:33.835,1.34,1.3403,4.00,1.00
2010.06.24 12:43:34.453,1.34,1.3403,3.20,1.60
2010.06.24 12:43:34.734,1.3399,1.34015,6.20,1.00
2010.06.24 12:43:36.473,1.3398,1.3401,4.80,3.80
2010.06.24 12:43:36.820,1.33985,1.34005,2.40,1.00
2010.06.24 12:43:37.669,1.33985,1.3401,2.40,1.60
2010.06.24 12:43:37.809,1.33995,1.34015,1.20,1.10
2010.06.24 12:43:38.069,1.33995,1.3402,1.00,2.70
2010.06.24 12:43:39.148,1.33995,1.3402,1.00,1.60
2010.06.24 12:43:39.375,1.3399,1.3402,2.40,1.70
2010.06.24 12:43:39.607,1.3399,1.3402,2.40,4.00
2010.06.24 12:43:40.831,1.3399,1.3402,2.40,3.80
2010.06.24 12:43:41.180,1.33995,1.3402,1.00,1.60
2010.06.24 12:43:41.287,1.33995,1.34025,1.00,2.40
2010.06.24 12:43:41.506,1.34,1.34025,1.60,1.60
2010.06.24 12:43:43.468,1.33995,1.34025,2.40,1.00
2010.06.24 12:43:43.744,1.34005,1.34025,1.60,1.00
2010.06.24 12:43:44.464,1.34005,1.3403,1.60,2.40
2010.06.24 12:43:44.814,1.34035,1.34055,1.60,1.00
2010.06.24 12:43:45.670,1.3404,1.3407,1.60,1.60
2010.06.24 12:43:46.021,1.3404,1.3407,2.40,3.20
2010.06.24 12:43:46.926,1.3404,1.3407,3.20,3.20
2010.06.24 12:43:47.190,1.3404,1.3407,3.20,1.60
2010.06.24 12:43:47.451,1.3404,1.34065,2.40,2.40
2010.06.24 12:43:48.295,1.34035,1.3406,2.40,1.00
2010.06.24 12:43:48.638,1.34035,1.34065,2.40,1.60
2010.06.24 12:43:49.686,1.34035,1.3406,1.60,1.00
2010.06.24 12:43:50.649,1.3403,1.3406,4.00,1.00
2010.06.24 12:43:51.617,1.3403,1.3406,2.40,2.40
2010.06.24 12:43:51.744,1.3403,1.3406,1.60,3.20
2010.06.24 12:43:51.862,1.3403,1.34055,1.60,1.00
2010.06.24 12:43:51.982,1.34025,1.34055,4.80,1.00
2010.06.24 12:43:53.051,1.34025,1.34055,1.60,1.60
2010.06.24 12:43:54.460,1.3402,1.3405,2.40,1.00
2010.06.24 12:43:56.220,1.3402,1.3405,1.60,5.00
2010.06.24 12:43:56.576,1.3402,1.34045,1.00,1.00
2010.06.24 12:43:58.705,1.3402,1.34045,2.40,1.00
2010.06.24 12:44:00.036,1.34025,1.3405,2.40,1.60
2010.06.24 12:44:00.313,1.34035,1.34055,1.00,1.00
2010.06.24 12:44:01.001,1.3404,1.34065,1.60,4.00
2010.06.24 12:44:01.334,1.3404,1.34065,1.60,1.60
2010.06.24 12:44:02.226,1.3404,1.3406,1.60,1.00
2010.06.24 12:44:02.549,1.3403,1.3406,4.00,1.60
2010.06.24 12:44:02.859,1.34035,1.34065,1.60,2.80
2010.06.24 12:44:03.726,1.34035,1.34065,1.60,2.20
2010.06.24 12:44:03.988,1.34035,1.34065,1.60,1.60
2010.06.24 12:44:05.074,1.3403,1.3406,3.20,5.60
2010.06.24 12:44:05.421,1.3403,1.3406,1.60,8.20
2010.06.24 12:44:05.767,1.3403,1.34055,1.60,1.00
2010.06.24 12:44:07.781,1.34025,1.3405,1.00,1.00
2010.06.24 12:44:07.853,1.3402,1.3405,1.60,6.20
2010.06.24 12:44:08.479,1.3402,1.34045,1.60,1.60
2010.06.24 12:44:08.531,1.34015,1.34045,1.60,6.20
2010.06.24 12:44:09.596,1.34015,1.3404,1.60,2.40
2010.06.24 12:44:09.939,1.3401,1.3404,3.20,1.00
2010.06.24 12:44:10.858,1.34015,1.34045,1.60,5.40
2010.06.24 12:44:11.209,1.34015,1.34045,1.60,5.60
2010.06.24 12:44:11.563,1.34015,1.34045,1.60,2.40
2010.06.24 12:44:12.452,1.34015,1.34045,4.00,2.20
2010.06.24 12:44:12.752,1.34015,1.34045,2.40,1.60
2010.06.24 12:44:13.632,1.3401,1.34045,7.20,3.00
2010.06.24 12:44:13.893,1.34015,1.34045,1.60,3.00
2010.06.24 12:44:14.232,1.34015,1.34045,1.60,3.20
2010.06.24 12:44:14.846,1.34015,1.34045,1.60,3.00
2010.06.24 12:44:15.201,1.34015,1.34045,1.60,7.20
2010.06.24 12:44:15.394,1.34015,1.34045,1.60,7.00
2010.06.24 12:44:15.773,1.34015,1.34045,1.60,5.40
2010.06.24 12:44:16.704,1.34015,1.34045,3.20,3.80
2010.06.24 12:44:17.213,1.34015,1.34045,1.60,5.40
2010.06.24 12:44:17.946,1.34015,1.34045,3.20,3.80
2010.06.24 12:44:18.698,1.34015,1.34045,1.60,5.60
2010.06.24 12:44:19.513,1.34015,1.34045,1.60,5.40
2010.06.24 12:44:19.867,1.34015,1.34045,1.60,5.60
2010.06.24 12:44:21.529,1.34015,1.34045,3.20,4.00
2010.06.24 12:44:21.844,1.34015,1.34045,1.60,5.60
2010.06.24 12:44:23.610,1.3401,1.34035,1.60,2.40
2010.06.24 12:44:23.657,1.34005,1.3403,2.00,3.20
2010.06.24 12:44:23.705,1.34005,1.3403,1.60,3.30
2010.06.24 12:44:23.781,1.34005,1.3403,1.60,2.50
2010.06.24 12:44:23.853,1.34005,1.3403,1.60,4.10
2010.06.24 12:44:23.892,1.34005,1.3403,1.60,4.90
2010.06.24 12:44:24.545,1.34005,1.3403,1.60,5.60
2010.06.24 12:44:24.891,1.34005,1.3403,1.60,5.40
2010.06.24 12:44:25.234,1.34005,1.3403,1.60,5.60
2010.06.24 12:44:26.450,1.34005,1.3403,1.60,5.30
2010.06.24 12:44:26.761,1.34005,1.3403,1.60,5.60
2010.06.24 12:44:26.957,1.34005,1.3403,1.60,7.00
2010.06.24 12:44:27.145,1.34005,1.3403,1.60,7.20
2010.06.24 12:44:28.248,1.34005,1.3402,1.60,1.60
2010.06.24 12:44:29.054,1.34005,1.3402,1.60,1.00
2010.06.24 12:44:30.013,1.3399,1.34015,1.00,1.00
2010.06.24 12:44:31.694,1.3399,1.3402,2.40,2.40
2010.06.24 12:44:32.678,1.34005,1.34025,1.60,2.40
2010.06.24 12:44:32.907,1.34005,1.34025,1.60,1.60
2010.06.24 12:44:34.526,1.3399,1.3402,4.00,2.40
2010.06.24 12:44:34.798,1.3399,1.3402,1.00,3.00
2010.06.24 12:44:35.636,1.3399,1.3402,1.00,5.60
2010.06.24 12:44:35.991,1.3398,1.3401,1.60,4.00
2010.06.24 12:44:36.886,1.33985,1.3401,1.60,3.20
2010.06.24 12:44:37.203,1.33985,1.3401,1.60,1.60
2010.06.24 12:44:38.799,1.33985,1.3401,3.60,1.00
2010.06.24 12:44:39.078,1.33985,1.3401,4.20,1.00
2010.06.24 12:44:39.983,1.33985,1.3401,1.60,1.60
2010.06.24 12:44:40.287,1.33985,1.3401,3.60,1.00
2010.06.24 12:44:41.210,1.33985,1.3401,2.40,1.00
2010.06.24 12:44:41.731,1.33985,1.3401,1.00,1.00
2010.06.24 12:44:42.073,1.3398,1.3401,6.80,1.00
2010.06.24 12:44:42.244,1.3398,1.3401,2.40,1.00
2010.06.24 12:44:42.844,1.3398,1.3401,3.20,1.00
2010.06.24 12:44:43.063,1.3398,1.33995,2.40,1.00
2010.06.24 12:44:43.281,1.3397,1.33995,1.60,1.00
2010.06.24 12:44:44.065,1.33965,1.33995,4.80,3.70
2010.06.24 12:44:44.363,1.3397,1.33995,3.20,4.00
2010.06.24 12:44:45.241,1.3398,1.34,1.60,1.70
2010.06.24 12:44:45.589,1.33975,1.34005,3.60,3.80
2010.06.24 12:44:46.536,1.3397,1.33985,1.60,1.60
2010.06.24 12:44:46.831,1.33965,1.3399,2.40,1.00
2010.06.24 12:44:47.130,1.33965,1.3399,2.40,1.00
2010.06.24 12:44:48.016,1.33965,1.3399,1.00,1.00
2010.06.24 12:44:48.321,1.3396,1.3399,2.40,1.00
2010.06.24 12:44:49.209,1.33965,1.3399,2.40,1.00
2010.06.24 12:44:49.790,1.3397,1.3399,1.60,1.00
2010.06.24 12:44:50.647,1.3397,1.33995,1.60,5.40
2010.06.24 12:44:51.003,1.3396,1.3399,2.40,4.50
2010.06.24 12:44:51.348,1.33965,1.33985,2.40,1.00
2010.06.24 12:44:52.378,1.33965,1.3399,2.40,1.60
2010.06.24 12:44:52.590,1.33965,1.3399,2.40,1.00
2010.06.24 12:44:52.794,1.33965,1.3399,4.00,1.00
2010.06.24 12:44:53.000,1.33965,1.33985,2.40,2.00
2010.06.24 12:44:53.738,1.33965,1.33985,1.00,1.60
2010.06.24 12:44:54.001,1.33965,1.3399,2.40,1.60
2010.06.24 12:44:55.109,1.3396,1.33985,2.40,1.00
2010.06.24 12:44:55.464,1.3396,1.3399,2.80,1.60
2010.06.24 12:44:55.805,1.3396,1.3399,4.40,1.60
2010.06.24 12:44:56.733,1.3396,1.3399,1.00,1.60
2010.06.24 12:44:57.069,1.3396,1.3399,2.40,1.70
2010.06.24 12:44:57.932,1.3396,1.3399,1.00,1.70
2010.06.24 12:44:58.373,1.3396,1.33985,1.00,1.00
2010.06.24 12:44:59.517,1.3396,1.33985,1.00,1.40
2010.06.24 12:44:59.867,1.3396,1.33985,1.00,1.00
2010.06.24 12:45:02.092,1.33965,1.3399,1.00,1.60
2010.06.24 12:45:02.424,1.33965,1.33995,1.00,3.20
2010.06.24 12:45:03.057,1.3397,1.33995,1.60,3.20
2010.06.24 12:45:03.343,1.33965,1.33995,2.40,2.40
2010.06.24 12:45:09.776,1.33965,1.33995,4.40,1.60
2010.06.24 12:45:10.027,1.3397,1.33995,1.60,3.80
2010.06.24 12:45:10.884,1.3397,1.33995,1.60,2.20
2010.06.24 12:45:11.231,1.3398,1.34005,2.80,1.00
2010.06.24 12:45:12.474,1.33985,1.34005,2.40,1.00
2010.06.24 12:45:13.758,1.33985,1.3401,2.40,1.00
2010.06.24 12:45:15.343,1.3398,1.3401,2.40,1.00
2010.06.24 12:45:15.653,1.3398,1.3401,4.40,1.00
2010.06.24 12:45:16.279,1.3399,1.3401,2.40,1.00
2010.06.24 12:45:17.117,1.3399,1.3401,1.00,1.00
2010.06.24 12:45:17.393,1.33995,1.34015,1.00,3.30
2010.06.24 12:45:18.271,1.33995,1.34005,1.00,1.00
2010.06.24 12:45:18.293,1.3399,1.34005,1.60,1.00
2010.06.24 12:45:19.074,1.33995,1.34005,1.00,1.00
2010.06.24 12:45:20.155,1.33985,1.3401,1.00,1.00
2010.06.24 12:45:20.377,1.33985,1.3401,1.60,1.00
2010.06.24 12:45:20.598,1.33985,1.3401,1.00,1.00
2010.06.24 12:45:21.743,1.3399,1.34015,1.00,1.70
2010.06.24 12:45:22.789,1.33995,1.34015,1.00,1.60
2010.06.24 12:45:23.086,1.34,1.34025,3.20,1.60
2010.06.24 12:45:23.963,1.34005,1.34025,1.60,1.00
2010.06.24 12:45:24.282,1.34005,1.34035,1.60,1.60
2010.06.24 12:45:25.454,1.34,1.34035,6.80,3.20
2010.06.24 12:45:25.807,1.34,1.3403,2.40,1.00
2010.06.24 12:45:26.158,1.33995,1.34025,4.00,3.60
2010.06.24 12:45:27.100,1.33995,1.34025,3.20,4.50
2010.06.24 12:45:27.393,1.33995,1.34025,3.20,5.30
2010.06.24 12:45:28.589,1.33995,1.34025,3.20,5.20
2010.06.24 12:45:28.896,1.34,1.3403,1.00,4.60
2010.06.24 12:45:29.187,1.34005,1.3403,1.60,3.20
2010.06.24 12:45:29.422,1.3401,1.34035,3.20,3.20
2010.06.24 12:45:30.149,1.3401,1.34035,3.20,1.60
2010.06.24 12:45:30.500,1.34005,1.34035,4.80,1.00
2010.06.24 12:45:31.825,1.34005,1.3403,1.00,3.20
2010.06.24 12:45:32.017,1.34005,1.3403,1.00,1.60
2010.06.24 12:45:32.861,1.34005,1.34035,1.00,2.40
2010.06.24 12:45:33.157,1.34005,1.34035,2.80,1.60
2010.06.24 12:45:34.020,1.34005,1.34035,2.40,2.40
2010.06.24 12:45:34.285,1.3401,1.3404,4.00,2.20
2010.06.24 12:45:34.542,1.3401,1.3404,4.00,1.60
2010.06.24 12:45:35.528,1.3401,1.3404,6.00,1.00
2010.06.24 12:45:36.216,1.3401,1.3404,1.60,1.60
2010.06.24 12:45:37.305,1.34,1.3403,4.00,1.00
2010.06.24 12:45:39.053,1.34005,1.3403,1.00,1.00
2010.06.24 12:45:40.382,1.34005,1.3403,2.40,1.00
2010.06.24 12:45:41.139,1.34005,1.3403,4.40,1.00
2010.06.24 12:45:41.418,1.34005,1.3404,6.00,2.40
2010.06.24 12:45:42.798,1.3401,1.3404,1.60,2.40
2010.06.24 12:45:44.774,1.34005,1.3404,6.00,3.20
2010.06.24 12:45:45.300,1.34005,1.34035,2.80,1.00
2010.06.24 12:45:46.107,1.3401,1.3403,1.60,1.00
2010.06.24 12:45:46.403,1.34005,1.34035,2.40,1.60
2010.06.24 12:45:46.685,1.34005,1.34035,2.80,1.00
2010.06.24 12:45:47.536,1.3401,1.34035,2.40,1.00
2010.06.24 12:45:47.760,1.3401,1.3404,4.40,1.00
2010.06.24 12:45:48.979,1.3401,1.3404,3.60,1.40
2010.06.24 12:45:49.298,1.3401,1.3404,3.20,1.40
2010.06.24 12:45:50.482,1.34015,1.3404,1.60,1.00
2010.06.24 12:45:50.827,1.3401,1.3404,3.20,1.00
2010.06.24 12:45:53.118,1.34005,1.3404,6.80,1.60
2010.06.24 12:45:55.176,1.34005,1.3404,4.80,4.40
2010.06.24 12:45:55.705,1.3401,1.3404,2.40,2.80
2010.06.24 12:45:55.833,1.3401,1.3404,2.80,2.40
2010.06.24 12:45:55.966,1.34015,1.34045,1.60,4.80
2010.06.24 12:45:56.673,1.34015,1.34045,3.20,2.40
2010.06.24 12:45:56.711,1.34015,1.34045,4.80,2.40
2010.06.24 12:45:57.065,1.3402,1.3405,1.60,5.40
2010.06.24 12:45:57.278,1.34015,1.34045,5.60,1.00
2010.06.24 12:45:58.053,1.34015,1.34045,3.20,1.00
2010.06.24 12:45:58.313,1.34025,1.3405,1.60,2.40
2010.06.24 12:45:58.813,1.3402,1.3405,4.80,2.40
2010.06.24 12:45:59.641,1.3402,1.3405,5.60,1.00
2010.06.24 12:46:01.967,1.34025,1.34055,4.00,1.00
2010.06.24 12:46:02.576,1.34025,1.34055,5.60,1.00
2010.06.24 12:46:02.931,1.34045,1.3407,1.60,4.00
2010.06.24 12:46:03.273,1.34045,1.3407,1.60,3.20
2010.06.24 12:46:04.196,1.34045,1.3407,1.60,1.00
2010.06.24 12:46:04.448,1.3405,1.3407,1.60,1.00
2010.06.24 12:46:05.292,1.3405,1.34075,1.60,3.80
2010.06.24 12:46:05.642,1.3405,1.34075,1.60,5.40
2010.06.24 12:46:05.991,1.3405,1.3407,1.60,1.00
2010.06.24 12:46:06.903,1.3405,1.34075,1.60,5.40
2010.06.24 12:46:07.225,1.34045,1.34065,1.60,1.60
2010.06.24 12:46:11.865,1.3404,1.3406,1.60,1.00
2010.06.24 12:46:13.193,1.34035,1.34065,2.40,3.20
2010.06.24 12:46:13.818,1.34035,1.34065,3.20,2.40
2010.06.24 12:46:15.007,1.3404,1.34065,1.60,1.60
2010.06.24 12:46:15.316,1.3404,1.34065,1.60,2.20
2010.06.24 12:46:15.477,1.34035,1.3405,2.40,1.60
2010.06.24 12:46:16.073,1.34035,1.3405,2.40,3.20
2010.06.24 12:46:16.422,1.3403,1.34055,2.40,4.10
2010.06.24 12:46:16.771,1.3403,1.34055,2.40,2.90
2010.06.24 12:46:17.680,1.3403,1.34055,2.40,2.40
2010.06.24 12:46:17.953,1.3403,1.3406,2.40,1.00
2010.06.24 12:46:19.003,1.34035,1.3406,1.60,1.60
2010.06.24 12:46:19.524,1.34035,1.34065,1.60,4.40
2010.06.24 12:46:19.845,1.34035,1.3406,1.60,1.60
2010.06.24 12:46:20.702,1.3403,1.34065,4.00,4.00
2010.06.24 12:46:21.202,1.3403,1.3406,4.00,1.00
2010.06.24 12:46:25.592,1.3403,1.34055,4.00,1.00
2010.06.24 12:46:27.403,1.3403,1.3405,2.40,1.00
2010.06.24 12:46:27.509,1.3403,1.3405,1.00,1.00
2010.06.24 12:46:28.212,1.34035,1.3406,1.60,2.40
2010.06.24 12:46:28.499,1.34035,1.3406,2.40,1.60
2010.06.24 12:46:29.284,1.3404,1.34065,1.60,3.20
2010.06.24 12:46:29.627,1.3404,1.34065,1.60,1.00
2010.06.24 12:46:30.554,1.3404,1.3407,2.40,2.40
2010.06.24 12:46:30.891,1.34045,1.3407,4.80,1.00
2010.06.24 12:46:31.229,1.34045,1.3407,5.20,1.00
2010.06.24 12:46:32.137,1.34045,1.34075,4.80,1.00
2010.06.24 12:46:32.490,1.34045,1.34075,3.20,3.60
2010.06.24 12:46:32.839,1.3405,1.34075,1.60,2.90
2010.06.24 12:46:33.603,1.3405,1.34075,1.60,1.60
2010.06.24 12:46:33.802,1.3405,1.3408,1.60,4.00
2010.06.24 12:46:34.900,1.3405,1.3408,1.60,3.20
2010.06.24 12:46:35.080,1.34055,1.34085,3.20,2.40
2010.06.24 12:46:36.175,1.34055,1.34085,4.00,1.00
2010.06.24 12:46:36.523,1.34055,1.34085,1.00,2.40
2010.06.24 12:46:37.426,1.34055,1.34085,1.00,4.60
2010.06.24 12:46:37.465,1.34055,1.34085,1.00,5.40
2010.06.24 12:46:38.081,1.3405,1.34075,1.00,1.60
2010.06.24 12:46:38.965,1.34045,1.3407,2.40,1.00
2010.06.24 12:46:39.202,1.3404,1.3406,1.00,1.00
2010.06.24 12:46:39.438,1.34035,1.34065,3.20,3.20
2010.06.24 12:46:40.182,1.34035,1.3406,2.40,1.20
2010.06.24 12:46:40.535,1.34035,1.3406,1.60,5.60
2010.06.24 12:46:41.777,1.3403,1.34055,3.20,2.80
2010.06.24 12:46:42.125,1.3403,1.3406,3.20,5.60
2010.06.24 12:46:43.700,1.3403,1.3406,3.20,6.40
2010.06.24 12:46:43.982,1.3403,1.3406,4.00,4.80
2010.06.24 12:46:44.121,1.3403,1.3406,4.00,4.30
2010.06.24 12:46:44.264,1.3403,1.3406,4.00,3.90
2010.06.24 12:46:45.327,1.3403,1.34055,3.20,1.00
2010.06.24 12:46:45.947,1.3403,1.34055,3.20,2.40
2010.06.24 12:46:46.823,1.3402,1.3405,4.00,1.00
2010.06.24 12:46:47.110,1.3402,1.3404,1.00,1.60
2010.06.24 12:46:47.400,1.34015,1.3404,1.00,4.90
2010.06.24 12:46:48.272,1.3401,1.3404,2.40,1.10
2010.06.24 12:46:48.517,1.3401,1.34045,2.40,2.40
2010.06.24 12:46:48.768,1.3401,1.34045,4.00,2.40
2010.06.24 12:46:49.623,1.34015,1.34045,1.00,2.40
2010.06.24 12:46:51.810,1.3401,1.34035,1.00,1.00
2010.06.24 12:46:51.956,1.34005,1.34035,3.20,1.00
2010.06.24 12:46:52.393,1.3401,1.34035,1.60,1.00
2010.06.24 12:46:55.173,1.34005,1.34035,3.20,1.00
2010.06.24 12:46:55.353,1.34005,1.34035,1.60,1.00
2010.06.24 12:46:55.990,1.34005,1.34035,3.20,1.00
2010.06.24 12:46:56.180,1.34015,1.3404,2.40,1.00
2010.06.24 12:46:56.534,1.3402,1.3405,1.60,6.30
2010.06.24 12:46:57.292,1.3402,1.3405,1.60,6.80
2010.06.24 12:46:57.522,1.3404,1.3407,1.60,4.00
2010.06.24 12:46:57.749,1.3404,1.3407,1.00,4.00
2010.06.24 12:46:58.332,1.34045,1.3407,1.60,2.40
2010.06.24 12:46:58.700,1.34045,1.34075,1.00,4.30
2010.06.24 12:46:59.048,1.3404,1.3407,2.40,1.60
2010.06.24 12:46:59.987,1.3404,1.3407,1.00,1.60
2010.06.24 12:47:00.343,1.3405,1.34075,1.00,1.00
2010.06.24 12:47:00.695,1.3405,1.3408,1.00,2.70
2010.06.24 12:47:01.967,1.34045,1.34075,1.00,1.00
2010.06.24 12:47:03.082,1.34035,1.3407,6.40,3.70
2010.06.24 12:47:03.303,1.3404,1.3407,1.60,5.40
2010.06.24 12:47:04.200,1.34045,1.3407,1.60,1.60
2010.06.24 12:47:05.412,1.34035,1.3407,5.60,4.00
2010.06.24 12:47:05.724,1.34035,1.3407,8.10,1.60
2010.06.24 12:47:06.618,1.3404,1.3407,1.60,1.60
2010.06.24 12:47:06.893,1.34035,1.34065,5.60,2.40
2010.06.24 12:47:07.160,1.34035,1.34065,1.60,1.00
2010.06.24 12:47:07.431,1.3404,1.3407,1.60,4.80
2010.06.24 12:47:08.013,1.3404,1.3407,1.60,3.20
2010.06.24 12:47:08.278,1.34045,1.3407,1.60,1.60
2010.06.24 12:47:08.548,1.3405,1.3407,1.60,1.60
2010.06.24 12:47:09.074,1.34045,1.3407,1.60,1.60
2010.06.24 12:47:10.048,1.3405,1.3407,1.60,1.60
2010.06.24 12:47:10.384,1.3405,1.34065,1.60,1.00
2010.06.24 12:47:11.163,1.34035,1.34065,5.60,1.00
2010.06.24 12:47:11.396,1.34035,1.34065,4.10,1.00
2010.06.24 12:47:11.736,1.34035,1.34065,4.00,1.00
2010.06.24 12:47:13.734,1.34035,1.34065,4.00,4.40
2010.06.24 12:47:17.178,1.34035,1.34065,3.20,4.40
2010.06.24 12:47:17.424,1.3404,1.34065,1.60,4.40
2010.06.24 12:47:18.092,1.34035,1.34065,1.60,4.40
2010.06.24 12:47:18.388,1.34035,1.34065,3.20,4.40
2010.06.24 12:47:19.662,1.34035,1.34065,3.20,4.00
2010.06.24 12:47:19.966,1.34035,1.34065,3.20,1.00
2010.06.24 12:47:20.266,1.34035,1.34065,3.20,2.80
2010.06.24 12:47:21.124,1.34035,1.34065,3.20,4.40
2010.06.24 12:47:21.473,1.3404,1.3406,1.60,2.80
2010.06.24 12:47:21.820,1.3404,1.3407,1.60,6.00
2010.06.24 12:47:22.014,1.3404,1.3407,1.60,5.20
2010.06.24 12:47:22.791,1.3404,1.3407,2.40,4.40
2010.06.24 12:47:22.970,1.34055,1.34075,1.60,1.00
2010.06.24 12:47:23.985,1.34055,1.3408,1.60,5.80
2010.06.24 12:47:24.242,1.3406,1.34085,1.60,2.40
2010.06.24 12:47:24.498,1.3406,1.34085,1.60,1.00
2010.06.24 12:47:25.454,1.34065,1.34085,1.60,1.00
2010.06.24 12:47:25.831,1.3406,1.34085,1.60,1.00
2010.06.24 12:47:26.771,1.3406,1.34085,6.60,1.00
2010.06.24 12:47:27.061,1.34055,1.3408,3.20,2.80
2010.06.24 12:47:27.346,1.34055,1.3408,1.60,2.80
2010.06.24 12:47:28.183,1.3405,1.3408,4.80,2.80
2010.06.24 12:47:28.607,1.34055,1.3408,4.00,1.20
2010.06.24 12:47:28.784,1.34055,1.34085,4.40,1.00
2010.06.24 12:47:29.123,1.34055,1.34085,3.60,1.00
2010.06.24 12:47:29.876,1.34055,1.34085,3.20,1.00
2010.06.24 12:47:30.163,1.34065,1.34095,1.60,2.40
2010.06.24 12:47:30.448,1.34065,1.34095,2.40,2.40
2010.06.24 12:47:31.641,1.3406,1.3409,5.60,2.00
2010.06.24 12:47:31.990,1.3406,1.3409,4.80,2.00
2010.06.24 12:47:33.273,1.34065,1.34095,2.40,5.20
2010.06.24 12:47:34.387,1.3407,1.3409,1.60,2.40
2010.06.24 12:47:34.702,1.3407,1.34095,1.60,2.40
2010.06.24 12:47:35.018,1.34075,1.341,3.20,2.40
2010.06.24 12:47:35.856,1.3408,1.34105,1.60,1.00
2010.06.24 12:47:36.211,1.34085,1.34105,1.60,1.00
2010.06.24 12:47:36.695,1.3408,1.34105,1.60,1.00
2010.06.24 12:47:37.674,1.34085,1.34115,3.20,1.00
2010.06.24 12:47:37.867,1.3409,1.34115,1.60,1.00
2010.06.24 12:47:38.643,1.3409,1.3412,1.60,7.60
2010.06.24 12:47:38.960,1.3409,1.3412,1.60,2.90
2010.06.24 12:47:39.840,1.34105,1.34125,1.60,2.40
2010.06.24 12:47:40.163,1.341,1.34125,3.80,1.60
2010.06.24 12:47:41.065,1.34105,1.34125,1.60,1.60
2010.06.24 12:47:42.964,1.341,1.34125,4.00,1.60
2010.06.24 12:47:43.760,1.341,1.34135,4.00,4.00
2010.06.24 12:47:44.032,1.3411,1.34135,2.50,1.60
2010.06.24 12:47:44.296,1.3411,1.34135,2.50,1.00
2010.06.24 12:47:45.414,1.34115,1.3414,1.70,1.00
2010.06.24 12:47:45.725,1.34115,1.3414,1.60,1.00
2010.06.24 12:47:47.594,1.34115,1.3414,1.60,1.60
2010.06.24 12:47:47.905,1.34125,1.34145,1.60,1.60
2010.06.24 12:47:48.216,1.34125,1.34145,3.20,1.60
2010.06.24 12:47:48.860,1.34125,1.34145,1.60,2.40
2010.06.24 12:47:49.164,1.3412,1.3414,1.60,1.00
2010.06.24 12:47:49.745,1.3412,1.3414,1.70,1.00
2010.06.24 12:47:50.564,1.34115,1.3414,2.50,1.00
2010.06.24 12:47:50.908,1.34115,1.34145,1.70,5.50
2010.06.24 12:47:52.449,1.34115,1.34145,1.60,5.50
2010.06.24 12:47:52.542,1.34115,1.34145,1.70,5.50
2010.06.24 12:47:52.833,1.34115,1.3414,1.60,1.00
2010.06.24 12:47:53.913,1.3411,1.3414,3.30,1.60
2010.06.24 12:47:54.127,1.3411,1.3414,1.70,4.00
2010.06.24 12:47:54.337,1.3411,1.34135,1.70,1.00
2010.06.24 12:47:55.335,1.3411,1.34135,1.60,4.00
2010.06.24 12:47:55.615,1.34105,1.34135,1.70,4.00
2010.06.24 12:47:57.619,1.34105,1.34135,1.70,4.30
2010.06.24 12:47:57.970,1.3411,1.34135,1.00,1.90
2010.06.24 12:47:58.227,1.3411,1.34135,1.00,1.00
2010.06.24 12:47:58.332,1.34105,1.34135,2.50,1.00
2010.06.24 12:47:58.374,1.3411,1.34135,1.60,1.00
2010.06.24 12:47:59.200,1.3411,1.34135,1.60,3.20
2010.06.24 12:47:59.424,1.34105,1.34135,1.60,3.20
2010.06.24 12:48:00.268,1.34105,1.34135,1.60,4.00
2010.06.24 12:48:00.638,1.34105,1.34125,1.60,1.00
2010.06.24 12:48:00.987,1.341,1.34125,1.60,1.00
2010.06.24 12:48:02.259,1.341,1.3413,1.70,2.70
2010.06.24 12:48:02.590,1.34105,1.3413,1.60,1.90
2010.06.24 12:48:02.745,1.34105,1.34135,1.60,2.70
2010.06.24 12:48:03.477,1.34115,1.34135,1.60,1.60
2010.06.24 12:48:03.641,1.34115,1.34135,1.60,1.00
2010.06.24 12:48:03.939,1.3411,1.3413,3.20,4.00
2010.06.24 12:48:04.814,1.341,1.34125,1.70,1.00
2010.06.24 12:48:05.078,1.341,1.34125,3.30,1.00
2010.06.24 12:48:06.205,1.341,1.34125,3.20,1.60
2010.06.24 12:48:07.153,1.341,1.34125,3.30,1.90
2010.06.24 12:48:07.413,1.34105,1.34125,1.00,1.90
2010.06.24 12:48:07.674,1.34105,1.34125,1.00,1.10
2010.06.24 12:48:08.640,1.34105,1.34125,1.70,1.10
2010.06.24 12:48:09.833,1.34105,1.34125,1.70,1.90
2010.06.24 12:48:10.076,1.34105,1.34125,1.60,1.90
2010.06.24 12:48:11.225,1.341,1.34125,3.30,1.90
2010.06.24 12:48:12.746,1.34095,1.34125,4.60,2.70
2010.06.24 12:48:12.975,1.34095,1.34125,5.40,2.70
2010.06.24 12:48:13.194,1.34095,1.34125,2.40,2.70
2010.06.24 12:48:14.001,1.34095,1.34125,1.70,2.70
2010.06.24 12:48:14.229,1.3409,1.3412,1.60,5.50
2010.06.24 12:48:15.039,1.34095,1.34115,1.60,1.00
2010.06.24 12:48:15.387,1.34085,1.34115,3.20,1.60
2010.06.24 12:48:15.733,1.34085,1.34115,3.20,2.40
2010.06.24 12:48:16.927,1.34085,1.34115,2.40,2.40
2010.06.24 12:48:17.284,1.34085,1.34115,3.20,2.40
2010.06.24 12:48:17.384,1.34085,1.3411,3.20,1.00
2010.06.24 12:48:17.572,1.34085,1.3411,1.60,1.00
2010.06.24 12:48:17.862,1.3408,1.3411,4.80,1.00
2010.06.24 12:48:18.543,1.3408,1.3411,1.60,2.40
2010.06.24 12:48:18.767,1.3408,1.3411,1.60,3.50
2010.06.24 12:48:19.222,1.3408,1.34105,1.60,1.00
2010.06.24 12:48:20.124,1.3407,1.341,4.00,1.60
2010.06.24 12:48:20.442,1.3407,1.34095,1.60,1.00
2010.06.24 12:48:21.398,1.3407,1.341,1.60,2.70
2010.06.24 12:48:24.117,1.3407,1.34095,1.60,1.00
2010.06.24 12:48:25.356,1.3407,1.34095,1.60,1.60
2010.06.24 12:48:26.016,1.3407,1.34095,1.60,1.70
2010.06.24 12:48:26.357,1.3407,1.34095,1.60,1.60
2010.06.24 12:48:29.480,1.3407,1.34095,1.60,1.00
2010.06.24 12:48:29.642,1.3408,1.341,1.60,1.50
2010.06.24 12:48:29.923,1.34075,1.34105,1.60,2.70
2010.06.24 12:48:30.667,1.34075,1.34105,3.20,1.10
2010.06.24 12:48:31.019,1.34085,1.3411,1.60,4.00
2010.06.24 12:48:32.449,1.34085,1.34105,1.60,1.00
2010.06.24 12:48:32.728,1.34085,1.34105,1.60,1.10
2010.06.24 12:48:33.009,1.3408,1.34105,1.60,1.10
2010.06.24 12:48:33.894,1.34085,1.3411,2.40,1.20
2010.06.24 12:48:34.087,1.341,1.34115,1.60,1.00
2010.06.24 12:48:34.856,1.341,1.3412,2.40,1.00
2010.06.24 12:48:35.211,1.34105,1.3413,1.60,1.60
2010.06.24 12:48:35.902,1.3411,1.3413,1.60,1.00
2010.06.24 12:48:36.795,1.3411,1.34135,1.60,1.60
2010.06.24 12:48:37.120,1.3411,1.34135,3.20,1.60
2010.06.24 12:48:38.888,1.3411,1.34135,3.20,1.00
2010.06.24 12:48:39.214,1.3411,1.3414,3.20,3.20
2010.06.24 12:48:41.163,1.3411,1.3414,3.20,2.40
2010.06.24 12:48:41.483,1.3411,1.34135,3.20,1.60
2010.06.24 12:48:42.080,1.3411,1.34135,1.60,1.60
2010.06.24 12:48:42.406,1.34105,1.34135,1.60,3.20
2010.06.24 12:48:42.735,1.34105,1.34135,3.20,1.60
2010.06.24 12:48:42.896,1.3411,1.3413,1.60,2.40
2010.06.24 12:48:43.615,1.341,1.34125,2.40,2.00
2010.06.24 12:48:43.831,1.341,1.34125,1.60,2.00
2010.06.24 12:48:45.715,1.341,1.34125,1.60,2.80
2010.06.24 12:48:47.632,1.34105,1.34125,1.60,2.80
2010.06.24 12:48:47.909,1.34105,1.34125,2.40,1.00
2010.06.24 12:48:48.234,1.34105,1.3413,2.40,1.00
2010.06.24 12:48:49.123,1.34105,1.3413,4.40,1.00
2010.06.24 12:48:52.229,1.34105,1.3413,2.00,3.30
2010.06.24 12:48:52.307,1.34095,1.34125,1.60,7.50
2010.06.24 12:48:52.382,1.34095,1.3412,1.60,1.00
2010.06.24 12:48:52.523,1.34095,1.3412,1.60,1.60
2010.06.24 12:48:52.595,1.3409,1.3412,4.10,1.60
2010.06.24 12:48:52.664,1.3409,1.3412,3.70,1.60
2010.06.24 12:48:53.561,1.3409,1.34115,1.60,5.70
2010.06.24 12:48:54.073,1.3409,1.34115,1.60,6.00
2010.06.24 12:48:55.419,1.3409,1.34115,2.40,3.20
2010.06.24 12:48:55.568,1.34095,1.3412,1.60,5.10
2010.06.24 12:48:55.715,1.34095,1.3412,1.60,5.90
2010.06.24 12:48:56.568,1.3409,1.34115,2.40,1.60
2010.06.24 12:48:56.919,1.3409,1.3412,2.40,5.50
2010.06.24 12:48:57.267,1.34095,1.34115,1.60,1.00
2010.06.24 12:48:57.616,1.34095,1.34115,1.60,4.40
2010.06.24 12:48:57.837,1.3409,1.34115,1.60,4.90
2010.06.24 12:49:00.113,1.34095,1.34115,1.60,4.90
2010.06.24 12:49:00.312,1.34095,1.34115,1.60,3.30
2010.06.24 12:49:01.265,1.34095,1.34115,1.60,1.00
2010.06.24 12:49:05.306,1.34095,1.3411,1.60,4.50
2010.06.24 12:49:05.619,1.34095,1.34115,1.60,1.00
2010.06.24 12:49:06.162,1.3409,1.34115,1.60,1.00
2010.06.24 12:49:07.675,1.34095,1.34115,1.60,1.00
2010.06.24 12:49:07.849,1.34095,1.3412,1.60,1.60
2010.06.24 12:49:08.014,1.34095,1.3412,1.60,2.10
2010.06.24 12:49:08.188,1.34095,1.3412,1.60,1.60
2010.06.24 12:49:08.883,1.34095,1.3412,1.60,2.10
2010.06.24 12:49:09.048,1.341,1.3412,1.60,1.00
2010.06.24 12:49:09.523,1.34095,1.3412,1.60,1.00
2010.06.24 12:49:10.422,1.3409,1.3412,2.50,1.60
2010.06.24 12:49:10.729,1.3409,1.3412,1.60,4.40
2010.06.24 12:49:11.035,1.3409,1.34115,1.60,1.00
2010.06.24 12:49:11.334,1.3409,1.3412,1.60,5.20
2010.06.24 12:49:12.838,1.3408,1.341,1.60,1.00
2010.06.24 12:49:12.890,1.3408,1.341,1.60,1.10
2010.06.24 12:49:12.978,1.34075,1.341,2.50,1.10
2010.06.24 12:49:13.024,1.3408,1.341,1.60,1.10
2010.06.24 12:49:13.685,1.34075,1.341,1.60,1.60
2010.06.24 12:49:13.809,1.34075,1.34095,1.60,1.00
2010.06.24 12:49:14.766,1.3406,1.3409,1.60,4.30
2010.06.24 12:49:15.685,1.34055,1.34085,2.40,2.40
2010.06.24 12:49:15.990,1.3405,1.34085,5.20,1.60
2010.06.24 12:49:16.295,1.3405,1.34085,4.40,2.40
2010.06.24 12:49:17.178,1.34055,1.34085,4.00,1.60
2010.06.24 12:49:18.300,1.34055,1.34085,1.60,2.40
2010.06.24 12:49:19.627,1.34055,1.34085,4.00,1.60
2010.06.24 12:49:22.352,1.34055,1.34085,1.60,2.40
2010.06.24 12:49:23.208,1.3405,1.34085,4.40,2.40
2010.06.24 12:49:23.398,1.34055,1.34085,1.60,2.40
2010.06.24 12:49:23.579,1.34055,1.34075,1.60,2.40
2010.06.24 12:49:24.341,1.3404,1.3407,4.10,1.00
2010.06.24 12:49:24.692,1.34035,1.34065,3.20,2.40
2010.06.24 12:49:25.036,1.34035,1.34065,3.20,3.20
2010.06.24 12:49:25.623,1.34035,1.34065,3.20,2.40
2010.06.24 12:49:25.981,1.3404,1.34065,1.60,1.00
2010.06.24 12:49:26.327,1.34035,1.34065,4.00,1.00
2010.06.24 12:49:26.676,1.34035,1.34065,3.20,3.20
2010.06.24 12:49:28.110,1.3404,1.34065,1.60,3.20
2010.06.24 12:49:28.278,1.3404,1.34065,1.60,2.40
2010.06.24 12:49:29.106,1.34055,1.34075,1.60,1.00
2010.06.24 12:49:29.352,1.3406,1.3408,1.60,1.00
2010.06.24 12:49:30.196,1.3406,1.3409,1.60,3.20
2010.06.24 12:49:31.277,1.34065,1.3409,1.60,3.20
2010.06.24 12:49:31.632,1.34065,1.34095,1.60,6.70
2010.06.24 12:49:31.976,1.34065,1.34085,1.60,2.80
2010.06.24 12:49:32.582,1.34065,1.34085,2.40,4.40
2010.06.24 12:49:32.893,1.3405,1.34085,4.00,4.70
2010.06.24 12:49:33.187,1.3406,1.34085,1.00,3.10
2010.06.24 12:49:34.053,1.3406,1.34085,1.00,1.00
2010.06.24 12:49:34.935,1.3406,1.34085,1.00,1.60
2010.06.24 12:49:35.850,1.3405,1.3408,3.20,4.80
2010.06.24 12:49:37.366,1.3405,1.3408,3.20,5.00
2010.06.24 12:49:38.091,1.3405,1.34075,1.60,1.00
2010.06.24 12:49:38.385,1.34035,1.34065,3.20,1.00
2010.06.24 12:49:38.945,1.34035,1.34065,2.40,1.60
2010.06.24 12:49:39.652,1.34035,1.34055,1.00,1.00
2010.06.24 12:49:39.903,1.3402,1.3405,2.40,1.00
2010.06.24 12:49:40.720,1.34025,1.3405,1.60,1.00
2010.06.24 12:49:41.065,1.3403,1.3406,3.20,4.60
2010.06.24 12:49:41.405,1.3403,1.3406,1.00,3.00
2010.06.24 12:49:42.190,1.3403,1.3406,2.40,1.00
2010.06.24 12:49:44.122,1.3403,1.3406,1.00,1.00
2010.06.24 12:49:44.364,1.34025,1.3406,4.40,2.70
2010.06.24 12:49:44.581,1.34025,1.34055,4.80,1.20
2010.06.24 12:49:45.375,1.34025,1.3405,4.00,2.20
2010.06.24 12:49:45.658,1.34025,1.34055,2.40,1.00
2010.06.24 12:49:45.944,1.3403,1.34055,1.60,1.00
2010.06.24 12:49:47.060,1.3403,1.3405,1.60,4.00
2010.06.24 12:49:47.369,1.3402,1.34045,1.60,3.20
2010.06.24 12:49:47.678,1.3402,1.3404,1.60,1.00
2010.06.24 12:49:49.240,1.3402,1.34045,1.60,2.80
2010.06.24 12:49:50.334,1.3402,1.34045,1.60,2.00
2010.06.24 12:49:51.183,1.3402,1.34045,1.60,2.80
2010.06.24 12:49:55.517,1.3402,1.34045,1.60,4.40
2010.06.24 12:49:55.765,1.34015,1.3404,1.60,2.40
2010.06.24 12:49:57.541,1.3402,1.3404,1.60,2.40
2010.06.24 12:49:59.811,1.3402,1.3404,1.60,3.20
2010.06.24 12:49:59.939,1.34015,1.3404,1.60,2.40
2010.06.24 12:50:01.335,1.3402,1.3404,1.60,2.40
2010.06.24 12:50:06.432,1.34015,1.3404,1.60,2.40
2010.06.24 12:50:06.951,1.34015,1.3404,1.60,1.00
2010.06.24 12:50:07.133,1.34015,1.3404,1.60,2.40
2010.06.24 12:50:08.231,1.34015,1.3404,1.60,6.00
2010.06.24 12:50:08.331,1.34015,1.3404,1.60,1.00
2010.06.24 12:50:08.423,1.34015,1.3404,1.60,2.40
2010.06.24 12:50:09.288,1.3402,1.34045,1.60,6.00
2010.06.24 12:50:09.643,1.3402,1.3404,1.60,1.00
2010.06.24 12:50:10.458,1.3401,1.34035,3.20,1.00
2010.06.24 12:50:10.782,1.3401,1.34035,1.60,4.40
2010.06.24 12:50:11.646,1.3401,1.34035,1.60,4.80
2010.06.24 12:50:11.979,1.3401,1.34035,1.60,3.20
2010.06.24 12:50:13.519,1.34005,1.34035,3.20,3.20
2010.06.24 12:50:13.802,1.34005,1.34035,2.40,1.00
2010.06.24 12:50:13.956,1.34005,1.3404,3.20,7.60
2010.06.24 12:50:14.671,1.3401,1.3404,4.40,2.10
2010.06.24 12:50:14.830,1.3402,1.3404,1.60,1.00
2010.06.24 12:50:15.180,1.3401,1.3404,2.00,2.40
2010.06.24 12:50:15.806,1.3401,1.3404,3.60,2.40
2010.06.24 12:50:16.144,1.34005,1.34035,5.40,1.60
2010.06.24 12:50:17.618,1.34005,1.3404,7.00,4.00
2010.06.24 12:50:17.877,1.3401,1.3404,1.60,2.40
2010.06.24 12:50:18.136,1.34005,1.34035,3.80,2.40
2010.06.24 12:50:19.240,1.3401,1.3404,3.20,1.00
2010.06.24 12:50:19.786,1.3401,1.3404,4.00,1.00
2010.06.24 12:50:20.649,1.34015,1.3404,1.60,1.00
2010.06.24 12:50:21.046,1.34015,1.3404,2.40,1.00
2010.06.24 12:50:21.247,1.34015,1.34045,1.60,6.00
2010.06.24 12:50:22.103,1.34015,1.34045,2.40,5.20
2010.06.24 12:50:26.059,1.34015,1.34045,1.60,7.20
2010.06.24 12:50:26.311,1.34015,1.34045,1.60,6.40
2010.06.24 12:50:26.566,1.34015,1.34045,2.40,4.90
2010.06.24 12:50:28.823,1.34015,1.34045,2.40,2.90
2010.06.24 12:50:29.641,1.34015,1.34045,3.20,1.60
2010.06.24 12:50:29.908,1.3402,1.34045,1.60,4.80
2010.06.24 12:50:30.165,1.34015,1.34045,2.40,5.20
2010.06.24 12:50:35.629,1.34015,1.34045,2.40,4.40
2010.06.24 12:50:36.662,1.34015,1.34045,1.60,5.00
2010.06.24 12:50:37.012,1.34015,1.34045,3.20,4.50
2010.06.24 12:50:37.362,1.34015,1.34045,4.00,1.60
2010.06.24 12:50:38.276,1.34015,1.34045,4.00,1.00
2010.06.24 12:50:39.786,1.34015,1.3405,4.00,3.20
2010.06.24 12:50:41.503,1.34025,1.34055,1.00,3.20
2010.06.24 12:50:41.825,1.34025,1.34055,1.00,2.40
2010.06.24 12:50:42.144,1.3402,1.3405,1.00,1.60
2010.06.24 12:50:47.525,1.3402,1.34055,2.40,7.60
2010.06.24 12:50:47.645,1.3402,1.3405,1.00,1.60
2010.06.24 12:50:48.123,1.3402,1.3405,1.00,3.20
2010.06.24 12:50:48.743,1.3402,1.34045,1.00,1.00
2010.06.24 12:50:49.001,1.34015,1.34045,1.60,1.00
2010.06.24 12:50:50.134,1.34015,1.34045,3.20,1.00
2010.06.24 12:50:50.452,1.34005,1.3404,4.00,4.80
2010.06.24 12:50:50.772,1.34015,1.34045,2.40,4.50
2010.06.24 12:50:51.699,1.34015,1.34045,4.00,3.70
2010.06.24 12:50:52.385,1.34015,1.34045,4.10,2.90
2010.06.24 12:50:53.423,1.3402,1.3405,3.30,1.60
2010.06.24 12:50:53.766,1.3402,1.3405,4.90,1.60
2010.06.24 12:50:54.103,1.3402,1.3405,4.80,1.60
2010.06.24 12:50:54.775,1.3403,1.3405,1.00,1.00
2010.06.24 12:50:54.963,1.3403,1.3406,1.00,4.00
2010.06.24 12:50:57.103,1.3403,1.3406,1.00,2.40
2010.06.24 12:50:57.812,1.3403,1.3406,1.60,2.40
2010.06.24 12:50:57.872,1.3403,1.3406,3.20,2.40
2010.06.24 12:50:58.042,1.3403,1.3406,3.20,1.60
2010.06.24 12:50:58.752,1.3403,1.3406,3.20,1.00
2010.06.24 12:51:02.317,1.3403,1.3406,4.00,1.00
2010.06.24 12:51:02.541,1.3403,1.3406,2.40,1.60
2010.06.24 12:51:02.764,1.3403,1.3406,4.00,1.60
2010.06.24 12:51:03.115,1.3403,1.3406,4.00,1.00
2010.06.24 12:51:05.061,1.3403,1.3406,4.10,1.00
2010.06.24 12:51:06.144,1.34035,1.3406,1.60,1.00
2010.06.24 12:51:06.925,1.3403,1.3406,4.00,1.00
2010.06.24 12:51:07.728,1.3403,1.3406,4.00,2.40
2010.06.24 12:51:08.903,1.3403,1.3405,3.20,1.60
2010.06.24 12:51:09.075,1.3403,1.3405,2.40,1.60
2010.06.24 12:51:09.721,1.3403,1.3405,4.00,1.60
2010.06.24 12:51:09.988,1.3403,1.3406,4.00,1.00
2010.06.24 12:51:11.347,1.3403,1.3405,3.20,1.00
2010.06.24 12:51:11.690,1.3403,1.3405,2.40,1.00
2010.06.24 12:51:12.039,1.3403,1.3405,1.00,1.00
2010.06.24 12:51:12.356,1.3403,1.34055,1.00,1.60
2010.06.24 12:51:13.099,1.3403,1.34055,2.40,1.60
2010.06.24 12:51:13.545,1.3403,1.3406,2.40,4.90
2010.06.24 12:51:13.766,1.3403,1.3406,1.00,6.50
2010.06.24 12:51:15.504,1.3403,1.3406,1.60,4.90
2010.06.24 12:51:15.695,1.3403,1.3406,1.60,3.70
2010.06.24 12:51:16.578,1.3404,1.3407,1.60,3.60
2010.06.24 12:51:16.803,1.34065,1.34075,1.00,1.00
2010.06.24 12:51:17.906,1.34065,1.34095,1.00,1.00
2010.06.24 12:51:19.323,1.34075,1.34105,3.00,1.60
2010.06.24 12:51:19.517,1.34075,1.34105,1.00,1.60
2010.06.24 12:51:20.317,1.34065,1.34095,2.40,1.00
2010.06.24 12:51:20.668,1.34065,1.34095,1.00,2.40
2010.06.24 12:51:21.412,1.34065,1.34095,1.00,1.60
2010.06.24 12:51:21.764,1.3406,1.3409,1.00,2.40
2010.06.24 12:51:22.448,1.34055,1.3409,5.60,1.60
2010.06.24 12:51:23.215,1.34055,1.3409,5.60,3.20
2010.06.24 12:51:23.415,1.34055,1.34085,3.20,2.10
2010.06.24 12:51:23.614,1.34055,1.3408,3.20,1.60
2010.06.24 12:51:24.847,1.34055,1.34075,1.60,3.80
2010.06.24 12:51:25.067,1.34055,1.34075,1.60,2.10
2010.06.24 12:51:25.289,1.3405,1.34075,3.20,3.70
2010.06.24 12:51:26.090,1.3405,1.34075,3.20,4.40
2010.06.24 12:51:26.780,1.3405,1.34075,3.20,2.10
2010.06.24 12:51:28.044,1.3405,1.34075,3.20,2.80
2010.06.24 12:51:28.387,1.3405,1.34075,3.20,4.40
2010.06.24 12:51:29.583,1.3405,1.34075,2.40,3.70
2010.06.24 12:51:29.833,1.3405,1.34075,2.40,2.10
2010.06.24 12:51:30.332,1.3405,1.34075,2.40,4.40
2010.06.24 12:51:31.872,1.3405,1.34075,2.40,3.70
2010.06.24 12:51:32.114,1.3405,1.34075,2.40,2.10
2010.06.24 12:51:37.313,1.3405,1.34075,2.40,2.80
2010.06.24 12:51:37.994,1.3405,1.34075,2.40,4.40
2010.06.24 12:51:38.096,1.3405,1.34075,1.00,4.40
2010.06.24 12:51:39.913,1.34045,1.34075,1.00,6.00
2010.06.24 12:51:43.303,1.34045,1.34075,1.60,6.00
2010.06.24 12:51:43.472,1.34045,1.34075,1.60,6.10
2010.06.24 12:51:44.152,1.34045,1.34075,3.20,3.70
2010.06.24 12:51:44.271,1.34045,1.34075,3.20,1.60
2010.06.24 12:51:44.393,1.3405,1.34075,1.60,1.60
2010.06.24 12:51:44.513,1.3405,1.3408,3.20,1.60
2010.06.24 12:51:45.142,1.34055,1.3408,1.60,1.60
2010.06.24 12:51:45.266,1.34055,1.3408,1.60,2.20
2010.06.24 12:51:45.609,1.34055,1.34085,2.40,7.60
2010.06.24 12:51:45.945,1.34055,1.34085,1.60,7.60
2010.06.24 12:51:46.864,1.34045,1.34075,1.60,3.20
2010.06.24 12:51:47.197,1.34045,1.34075,1.60,4.40
2010.06.24 12:51:48.106,1.34045,1.34075,1.60,3.60
2010.06.24 12:51:48.409,1.3404,1.34065,1.60,1.00
2010.06.24 12:51:48.963,1.3404,1.34065,1.00,1.00
2010.06.24 12:51:49.790,1.34035,1.34065,2.40,1.00
2010.06.24 12:51:49.986,1.34035,1.34065,2.40,1.60
2010.06.24 12:51:50.187,1.34035,1.34045,1.00,3.30
2010.06.24 12:51:50.391,1.3403,1.34035,1.60,1.60
2010.06.24 12:51:50.592,1.34015,1.34035,2.40,1.60
2010.06.24 12:51:51.379,1.3401,1.34035,1.00,1.60
2010.06.24 12:51:51.729,1.3401,1.34035,2.40,1.60
2010.06.24 12:51:53.736,1.3401,1.3404,3.20,1.00
2010.06.24 12:51:53.844,1.34015,1.3404,1.60,1.00
2010.06.24 12:51:53.944,1.34015,1.34045,1.60,5.70
2010.06.24 12:51:54.929,1.3402,1.34045,1.00,3.30
2010.06.24 12:51:55.185,1.34025,1.3405,1.00,1.00
2010.06.24 12:51:55.438,1.3402,1.34055,6.80,2.00
2010.06.24 12:51:55.690,1.34025,1.34055,2.80,1.00
2010.06.24 12:51:56.509,1.34025,1.34055,3.60,1.00
2010.06.24 12:51:56.857,1.34025,1.34055,5.20,1.00
2010.06.24 12:52:00.244,1.34025,1.34055,2.00,3.20
2010.06.24 12:52:00.366,1.34025,1.3405,1.60,1.00
2010.06.24 12:52:01.051,1.3402,1.34045,3.60,2.40
2010.06.24 12:52:01.401,1.34005,1.34035,1.60,8.40
2010.06.24 12:52:02.319,1.34,1.34035,4.00,8.40
2010.06.24 12:52:02.640,1.34005,1.3403,1.00,1.60
2010.06.24 12:52:02.962,1.34005,1.3403,4.80,1.00
2010.06.24 12:52:04.429,1.34005,1.34035,4.10,1.00
2010.06.24 12:52:04.621,1.3401,1.34035,1.60,1.00
2010.06.24 12:52:04.802,1.3401,1.34035,2.40,1.00
2010.06.24 12:52:06.127,1.3401,1.3404,2.40,5.20
2010.06.24 12:52:06.425,1.3401,1.34025,1.00,2.40
2010.06.24 12:52:06.710,1.34,1.34025,1.00,4.40
2010.06.24 12:52:07.571,1.33995,1.34025,2.40,4.40
2010.06.24 12:52:07.919,1.33995,1.34025,1.00,4.40
2010.06.24 12:52:08.053,1.33995,1.34025,1.00,3.60
2010.06.24 12:52:08.193,1.3399,1.34025,4.00,4.40
2010.06.24 12:52:08.463,1.3399,1.34025,4.10,4.40
2010.06.24 12:52:08.733,1.3399,1.34025,4.80,4.40
2010.06.24 12:52:09.456,1.3399,1.34025,6.40,4.40
2010.06.24 12:52:09.623,1.33995,1.34025,2.40,2.40
2010.06.24 12:52:12.533,1.34,1.34025,1.60,2.40
2010.06.24 12:52:13.064,1.34,1.3403,1.60,8.40
2010.06.24 12:52:13.646,1.34,1.3403,1.60,7.60
2010.06.24 12:52:14.191,1.34,1.3403,3.20,5.20
2010.06.24 12:52:14.363,1.34,1.3403,4.10,2.40
2010.06.24 12:52:14.533,1.34,1.34035,4.10,4.00
2010.06.24 12:52:15.173,1.34005,1.34035,2.40,2.40
2010.06.24 12:52:15.408,1.34005,1.34035,1.60,2.40
2010.06.24 12:52:15.640,1.3401,1.34035,1.60,1.00
2010.06.24 12:52:15.870,1.3401,1.3404,2.40,1.60
2010.06.24 12:52:16.097,1.3401,1.3404,2.40,1.00
2010.06.24 12:52:17.225,1.34005,1.3404,7.00,4.00
2010.06.24 12:52:19.425,1.34005,1.34035,5.40,1.60
2010.06.24 12:52:20.703,1.34,1.3403,3.20,1.60
2010.06.24 12:52:21.105,1.34,1.3403,3.20,1.00
2010.06.24 12:52:22.174,1.34,1.3403,1.60,1.00
2010.06.24 12:52:23.545,1.34,1.34025,1.60,2.40
2010.06.24 12:52:23.842,1.34,1.34025,1.00,3.30
2010.06.24 12:52:24.515,1.34,1.34015,1.00,1.60
2010.06.24 12:52:24.706,1.34,1.34005,1.00,2.80
2010.06.24 12:52:25.460,1.3398,1.34005,1.60,2.30
2010.06.24 12:52:25.982,1.33975,1.34,1.60,1.00
2010.06.24 12:52:26.160,1.33975,1.34005,1.00,6.20
2010.06.24 12:52:26.890,1.33975,1.33995,3.20,1.00
2010.06.24 12:52:27.242,1.33975,1.34,1.00,2.40
2010.06.24 12:52:30.051,1.3397,1.34,1.00,2.40
2010.06.24 12:52:30.386,1.33965,1.33995,2.40,1.60
2010.06.24 12:52:30.710,1.33965,1.33995,1.00,3.20
2010.06.24 12:52:31.638,1.3396,1.33995,7.00,3.20
2010.06.24 12:52:31.986,1.3396,1.3399,7.00,1.60
2010.06.24 12:52:32.328,1.3396,1.3399,5.40,1.60
2010.06.24 12:52:33.210,1.3396,1.3399,7.00,1.60
2010.06.24 12:52:33.590,1.33965,1.33995,1.60,2.40
2010.06.24 12:52:33.748,1.33965,1.33995,3.20,2.40
2010.06.24 12:52:34.914,1.33965,1.33995,4.00,2.40
2010.06.24 12:52:35.633,1.33965,1.33995,4.80,1.60
2010.06.24 12:52:35.873,1.3397,1.33995,1.00,1.60
2010.06.24 12:52:36.183,1.3397,1.34,1.60,6.20
2010.06.24 12:52:37.262,1.3397,1.34,3.20,3.00
2010.06.24 12:52:37.383,1.3397,1.34,4.00,2.40
2010.06.24 12:52:37.496,1.3397,1.34,4.00,1.60
2010.06.24 12:52:37.618,1.33975,1.33995,1.00,1.00
2010.06.24 12:52:37.734,1.33975,1.33995,1.60,1.00
2010.06.24 12:52:39.354,1.33975,1.3399,1.60,1.00
2010.06.24 12:52:40.149,1.3397,1.33995,1.60,2.40
2010.06.24 12:52:41.345,1.3397,1.33995,1.60,3.60
2010.06.24 12:52:41.935,1.3397,1.33995,1.60,5.20
2010.06.24 12:52:42.278,1.3397,1.33995,1.60,2.40
2010.06.24 12:52:43.821,1.3397,1.33995,1.00,6.20
2010.06.24 12:52:44.055,1.3397,1.3399,1.00,1.00
2010.06.24 12:52:45.510,1.3396,1.3399,3.20,3.20
2010.06.24 12:52:45.752,1.3396,1.33985,1.60,1.00
2010.06.24 12:52:46.963,1.33965,1.33985,1.60,1.00
2010.06.24 12:52:47.837,1.3396,1.33985,1.60,1.00
2010.06.24 12:52:48.593,1.3396,1.3399,1.60,6.00
2010.06.24 12:52:48.895,1.3396,1.3398,1.60,1.00
2010.06.24 12:52:49.782,1.3396,1.33985,3.20,1.00
2010.06.24 12:52:50.624,1.3396,1.3398,3.20,1.00
2010.06.24 12:52:51.380,1.33955,1.3398,3.20,1.00
2010.06.24 12:52:51.701,1.33955,1.3398,1.00,1.00
2010.06.24 12:52:52.642,1.3395,1.33975,1.60,4.40
2010.06.24 12:52:53.266,1.3395,1.3397,1.60,1.60
2010.06.24 12:52:53.542,1.33945,1.3397,1.60,2.40
2010.06.24 12:52:53.903,1.33945,1.3397,1.60,1.60
2010.06.24 12:52:54.173,1.3394,1.3397,2.40,1.60
2010.06.24 12:52:55.444,1.3394,1.3397,4.40,1.00
2010.06.24 12:52:55.751,1.3394,1.3397,4.00,4.00
2010.06.24 12:52:56.569,1.33935,1.33965,4.80,1.60
2010.06.24 12:52:56.783,1.3394,1.33965,1.60,1.60
2010.06.24 12:52:57.709,1.33935,1.33965,1.00,3.20
2010.06.24 12:52:58.065,1.33935,1.3397,2.40,5.10
2010.06.24 12:52:58.300,1.3394,1.3397,2.40,3.50
2010.06.24 12:52:59.111,1.33945,1.33975,1.60,4.00
2010.06.24 12:52:59.399,1.33945,1.3397,1.00,1.60
2010.06.24 12:53:00.249,1.3394,1.3397,1.60,1.60
2010.06.24 12:53:00.599,1.33945,1.33975,1.00,2.40
2010.06.24 12:53:00.950,1.3395,1.3398,1.70,4.30
2010.06.24 12:53:01.763,1.3395,1.3398,3.20,3.20
2010.06.24 12:53:02.074,1.3395,1.3398,1.60,3.20
2010.06.24 12:53:03.263,1.3395,1.3398,1.60,3.60
2010.06.24 12:53:03.528,1.3395,1.33975,1.60,1.60
2010.06.24 12:53:03.798,1.33945,1.33975,4.80,1.60
2010.06.24 12:53:04.067,1.33955,1.3398,1.00,2.40
2010.06.24 12:53:05.215,1.33955,1.3398,1.00,1.00
2010.06.24 12:53:05.516,1.3395,1.3398,3.60,2.40
2010.06.24 12:53:05.816,1.3395,1.3398,3.60,1.00
2010.06.24 12:53:06.114,1.3395,1.3398,3.60,2.40
2010.06.24 12:53:06.878,1.3395,1.3398,2.00,4.00
2010.06.24 12:53:07.057,1.3395,1.3398,1.60,4.00
2010.06.24 12:53:07.233,1.33945,1.3398,6.80,4.00
2010.06.24 12:53:07.414,1.33945,1.3398,6.80,4.80
2010.06.24 12:53:09.503,1.33945,1.33975,5.20,2.40
2010.06.24 12:53:09.663,1.33945,1.33975,2.00,3.20
2010.06.24 12:53:10.390,1.3394,1.33975,4.50,3.20
2010.06.24 12:53:10.699,1.3394,1.33975,4.40,4.00
2010.06.24 12:53:11.259,1.3394,1.33965,2.00,1.60
2010.06.24 12:53:12.078,1.33945,1.33975,3.20,3.20
2010.06.24 12:53:12.296,1.3394,1.33975,4.00,5.10
2010.06.24 12:53:12.512,1.3394,1.33975,4.00,4.00
2010.06.24 12:53:12.734,1.3395,1.33975,1.00,1.00
2010.06.24 12:53:13.177,1.33945,1.33975,1.60,2.40
2010.06.24 12:53:13.994,1.33945,1.33975,1.00,2.40
2010.06.24 12:53:14.260,1.33945,1.33975,3.20,2.40
2010.06.24 12:53:14.393,1.33945,1.33975,1.60,4.00
2010.06.24 12:53:14.462,1.33945,1.33975,1.60,2.40
2010.06.24 12:53:14.592,1.33945,1.33975,1.60,4.00
2010.06.24 12:53:14.722,1.33945,1.33975,3.20,2.40
2010.06.24 12:53:14.883,1.33945,1.33975,3.20,1.00
2010.06.24 12:53:15.572,1.33945,1.33975,6.40,1.00
2010.06.24 12:53:15.824,1.33945,1.33975,3.20,2.40
2010.06.24 12:53:16.743,1.3394,1.33975,5.60,4.00
2010.06.24 12:53:17.633,1.3394,1.33975,5.60,5.70
2010.06.24 12:53:17.979,1.3394,1.33975,4.80,7.20
2010.06.24 12:53:18.059,1.33945,1.33975,3.60,5.60
2010.06.24 12:53:18.133,1.33945,1.33975,3.60,4.00
2010.06.24 12:53:18.206,1.33945,1.33975,3.60,2.40
2010.06.24 12:53:18.275,1.33945,1.3397,1.60,2.00
2010.06.24 12:53:18.958,1.33935,1.3396,1.60,1.00
2010.06.24 12:53:19.307,1.33935,1.33965,4.00,1.90
2010.06.24 12:53:20.427,1.33935,1.33965,2.40,3.50
2010.06.24 12:53:20.633,1.33935,1.33965,2.50,3.50
2010.06.24 12:53:20.845,1.33935,1.3396,4.10,1.10
2010.06.24 12:53:21.576,1.3394,1.3396,1.60,1.10
2010.06.24 12:53:21.930,1.3394,1.3397,2.40,1.90
2010.06.24 12:53:22.283,1.3394,1.3397,2.40,1.10
2010.06.24 12:53:23.022,1.3394,1.3397,3.20,1.10
2010.06.24 12:53:23.273,1.33945,1.33975,1.60,4.80
2010.06.24 12:53:24.106,1.3394,1.3397,4.00,2.40
2010.06.24 12:53:24.441,1.3394,1.33965,3.20,1.60
2010.06.24 12:53:24.779,1.3394,1.3397,2.40,1.90
2010.06.24 12:53:25.683,1.3394,1.3397,2.40,2.40
2010.06.24 12:53:25.997,1.3394,1.3397,3.20,2.40
2010.06.24 12:53:26.316,1.3394,1.3397,4.00,2.40
2010.06.24 12:53:26.635,1.33945,1.3397,1.60,2.40
2010.06.24 12:53:28.293,1.33945,1.3397,1.60,1.00
2010.06.24 12:53:29.318,1.33945,1.33975,1.60,4.00
2010.06.24 12:53:30.863,1.33945,1.33975,1.60,3.20
2010.06.24 12:53:31.023,1.33945,1.33975,1.60,5.20
2010.06.24 12:53:31.183,1.33945,1.3397,1.60,1.60
2010.06.24 12:53:31.342,1.33945,1.3397,1.60,2.40
2010.06.24 12:53:34.403,1.3394,1.3397,1.60,2.90
2010.06.24 12:53:35.067,1.3394,1.33965,1.60,1.00
2010.06.24 12:53:35.903,1.33935,1.33965,5.40,1.00
2010.06.24 12:53:36.935,1.3394,1.3396,1.60,1.00
2010.06.24 12:53:38.425,1.3394,1.33965,1.70,1.00
2010.06.24 12:53:38.554,1.3394,1.33965,1.60,1.00
2010.06.24 12:53:39.452,1.3394,1.33965,1.70,1.00
2010.06.24 12:53:44.177,1.33945,1.3397,1.00,1.60
2010.06.24 12:53:44.288,1.33945,1.3397,2.40,1.00
2010.06.24 12:53:45.415,1.33945,1.3397,2.50,1.00
2010.06.24 12:53:45.754,1.3395,1.3397,1.60,1.00
2010.06.24 12:53:46.688,1.3394,1.33965,1.00,1.00
2010.06.24 12:53:47.041,1.33955,1.3398,1.60,1.60
2010.06.24 12:53:48.224,1.33955,1.3398,2.40,1.60
2010.06.24 12:53:50.265,1.33955,1.3398,2.40,1.00
2010.06.24 12:53:52.715,1.33945,1.33975,2.40,1.60
2010.06.24 12:53:52.827,1.33945,1.33975,2.40,2.40
2010.06.24 12:53:54.129,1.33935,1.3397,4.80,7.80
2010.06.24 12:53:54.308,1.33935,1.33965,3.30,1.00
2010.06.24 12:53:55.098,1.33935,1.33965,1.60,4.00
2010.06.24 12:53:55.424,1.33935,1.3396,1.60,2.40
2010.06.24 12:53:56.318,1.33935,1.3396,1.60,1.60
2010.06.24 12:53:56.673,1.3393,1.33955,1.60,3.20
2010.06.24 12:53:57.016,1.3393,1.33955,1.60,2.40
2010.06.24 12:53:58.613,1.33925,1.33955,1.60,2.40
2010.06.24 12:54:01.220,1.33925,1.33955,2.40,1.60
2010.06.24 12:54:01.524,1.33925,1.3395,1.60,1.00
2010.06.24 12:54:01.677,1.33925,1.33955,2.40,2.80
2010.06.24 12:54:01.834,1.33925,1.33955,2.40,1.00
2010.06.24 12:54:01.984,1.3393,1.3396,1.60,3.60
2010.06.24 12:54:02.708,1.3393,1.3396,6.80,2.40
2010.06.24 12:54:03.072,1.33935,1.33965,1.00,1.60
2010.06.24 12:54:04.467,1.3394,1.33965,1.00,1.00
2010.06.24 12:54:04.689,1.33945,1.33965,4.00,1.00
2010.06.24 12:54:04.908,1.3395,1.3397,1.60,3.20
2010.06.24 12:54:05.668,1.33945,1.3397,1.60,1.00
2010.06.24 12:54:05.920,1.33945,1.3397,1.60,1.60
2010.06.24 12:54:06.163,1.3394,1.3397,3.20,1.60
2010.06.24 12:54:07.395,1.33945,1.3397,1.60,1.00
2010.06.24 12:54:08.200,1.33945,1.3397,5.20,1.00
2010.06.24 12:54:08.338,1.33955,1.3398,1.60,1.00
2010.06.24 12:54:08.483,1.33955,1.33985,1.60,4.80
2010.06.24 12:54:08.624,1.3395,1.33985,2.40,4.80
2010.06.24 12:54:08.762,1.3395,1.33985,3.20,4.80
2010.06.24 12:54:10.855,1.3395,1.33985,1.60,6.40
2010.06.24 12:54:11.066,1.33955,1.33985,2.40,4.80
2010.06.24 12:54:11.978,1.33955,1.33985,2.80,3.20
2010.06.24 12:54:12.280,1.33955,1.33985,4.40,3.20
2010.06.24 12:54:12.864,1.33955,1.33985,4.40,2.40
2010.06.24 12:54:13.658,1.33965,1.33985,2.00,1.60
2010.06.24 12:54:13.890,1.3396,1.33985,1.60,1.00
2010.06.24 12:54:14.047,1.3396,1.33985,1.60,1.60
2010.06.24 12:54:14.205,1.3395,1.33985,6.80,4.00
2010.06.24 12:54:14.929,1.3395,1.3398,5.20,1.00
2010.06.24 12:54:15.211,1.3395,1.3398,5.20,1.60
2010.06.24 12:54:16.590,1.3395,1.3398,5.20,2.40
2010.06.24 12:54:16.952,1.3395,1.3398,5.30,2.40
2010.06.24 12:54:17.582,1.3395,1.3398,5.20,2.40
2010.06.24 12:54:18.486,1.3395,1.3398,5.20,4.00
2010.06.24 12:54:18.690,1.33955,1.3398,1.00,4.00
2010.06.24 12:54:18.890,1.33955,1.3398,1.00,3.20
2010.06.24 12:54:21.617,1.33955,1.3398,2.40,1.00
2010.06.24 12:54:21.658,1.33955,1.3398,2.40,1.60
2010.06.24 12:54:23.871,1.33955,1.3398,4.00,1.60
2010.06.24 12:54:23.962,1.33955,1.3398,4.40,1.00
2010.06.24 12:54:24.055,1.33955,1.3398,2.80,1.00
2010.06.24 12:54:24.921,1.33955,1.33985,5.20,1.00
2010.06.24 12:54:25.175,1.33955,1.33985,5.30,1.00
2010.06.24 12:54:25.416,1.33955,1.3399,6.10,1.60
2010.06.24 12:54:26.265,1.3397,1.33995,1.60,2.40
2010.06.24 12:54:26.515,1.33985,1.34005,1.60,1.00
2010.06.24 12:54:27.309,1.3398,1.34005,1.60,1.00
2010.06.24 12:54:29.432,1.3398,1.34005,2.40,1.00
2010.06.24 12:54:29.538,1.33985,1.3401,1.00,1.50
2010.06.24 12:54:29.637,1.33985,1.3401,2.40,1.90
2010.06.24 12:54:30.322,1.33985,1.3402,5.60,5.20
2010.06.24 12:54:30.422,1.33985,1.3402,5.60,7.00
2010.06.24 12:54:30.764,1.33985,1.3402,4.80,6.80
2010.06.24 12:54:31.703,1.33985,1.34015,4.00,1.60
2010.06.24 12:54:32.152,1.33985,1.3401,1.60,1.00
2010.06.24 12:54:32.996,1.3397,1.34,3.30,1.00
2010.06.24 12:54:33.268,1.3397,1.34,2.50,1.00
2010.06.24 12:54:34.274,1.33975,1.34,1.60,1.00
2010.06.24 12:54:35.293,1.33975,1.34,1.60,2.40
2010.06.24 12:54:36.253,1.3398,1.34,1.60,2.40
2010.06.24 12:54:36.416,1.33975,1.34,1.60,2.40
2010.06.24 12:54:36.586,1.33975,1.34,1.60,3.20
2010.06.24 12:54:37.337,1.33975,1.34,1.60,2.40
2010.06.24 12:54:37.666,1.33965,1.34,7.80,4.00
2010.06.24 12:54:37.997,1.3397,1.34,1.00,1.00
2010.06.24 12:54:40.273,1.33965,1.34,8.20,2.40
2010.06.24 12:54:41.101,1.3397,1.34,1.60,2.40
2010.06.24 12:54:43.294,1.3397,1.34,2.40,1.00
2010.06.24 12:54:48.348,1.33975,1.34,1.60,1.00
2010.06.24 12:54:50.565,1.33975,1.34,1.60,2.40
2010.06.24 12:54:51.892,1.33975,1.34,1.60,1.00
2010.06.24 12:54:52.621,1.3398,1.34005,1.60,5.20
2010.06.24 12:54:53.437,1.3398,1.34005,1.60,1.00
2010.06.24 12:54:54.077,1.3398,1.34005,2.40,1.00
2010.06.24 12:54:55.050,1.3398,1.3401,2.40,1.60
2010.06.24 12:54:55.627,1.3398,1.3401,3.20,1.60
2010.06.24 12:54:55.776,1.33985,1.3401,1.60,1.60
2010.06.24 12:54:58.026,1.33985,1.34015,3.20,3.90
2010.06.24 12:54:58.122,1.3399,1.34015,1.00,2.30
2010.06.24 12:54:58.230,1.3399,1.34015,3.60,1.00
2010.06.24 12:54:58.337,1.33995,1.3402,1.60,1.00
2010.06.24 12:54:59.005,1.34,1.3402,1.60,1.00
2010.06.24 12:54:59.216,1.34,1.34025,1.60,1.60
2010.06.24 12:55:00.383,1.33995,1.34025,3.20,1.60
2010.06.24 12:55:00.693,1.34,1.34025,1.60,1.60
2010.06.24 12:55:02.189,1.34,1.3403,3.20,2.40
2010.06.24 12:55:02.797,1.34,1.3403,1.60,4.00
2010.06.24 12:55:03.686,1.33995,1.3402,1.60,1.60
2010.06.24 12:55:08.603,1.3399,1.3402,4.40,1.60
2010.06.24 12:55:09.674,1.33995,1.34025,1.00,4.00
2010.06.24 12:55:09.833,1.3399,1.34025,6.50,4.80
2010.06.24 12:55:09.912,1.3399,1.34025,6.40,4.80
2010.06.24 12:55:10.073,1.33995,1.34025,1.60,4.80
2010.06.24 12:55:10.152,1.34,1.34025,1.00,2.40
2010.06.24 12:55:10.234,1.33995,1.34025,3.20,2.40
2010.06.24 12:55:10.894,1.34,1.34025,1.00,2.40
2010.06.24 12:55:11.578,1.34,1.34025,1.60,1.60
2010.06.24 12:55:11.916,1.34,1.3403,1.60,5.90
2010.06.24 12:55:12.681,1.34,1.3403,1.00,5.90
2010.06.24 12:55:13.016,1.34,1.3403,3.20,2.40
2010.06.24 12:55:13.136,1.34,1.3403,5.20,2.40
2010.06.24 12:55:13.253,1.34,1.3403,6.80,2.40
2010.06.24 12:55:13.938,1.3401,1.34035,1.00,1.00
2010.06.24 12:55:14.058,1.34005,1.34035,3.20,1.00
2010.06.24 12:55:14.410,1.34005,1.34035,7.60,1.60
2010.06.24 12:55:15.343,1.34015,1.3404,1.60,5.90
2010.06.24 12:55:15.609,1.3401,1.3404,1.60,5.60
2010.06.24 12:55:16.441,1.34015,1.34045,2.40,2.40
2010.06.24 12:55:16.783,1.34015,1.34045,2.40,4.30
2010.06.24 12:55:17.125,1.34015,1.34045,3.20,1.60
2010.06.24 12:55:17.785,1.34015,1.34045,4.00,1.60
2010.06.24 12:55:18.661,1.3402,1.34045,1.00,2.40
2010.06.24 12:55:18.744,1.34015,1.34045,3.60,2.40
2010.06.24 12:55:18.825,1.34015,1.34045,3.20,1.60
2010.06.24 12:55:19.202,1.34015,1.34045,2.40,1.60
2010.06.24 12:55:20.070,1.3401,1.3404,2.40,1.60
2010.06.24 12:55:20.833,1.3401,1.3404,1.60,1.60
2010.06.24 12:55:22.055,1.3401,1.3404,1.60,3.20
2010.06.24 12:55:22.793,1.34015,1.3404,1.00,1.60
2010.06.24 12:55:23.497,1.34015,1.34045,1.00,5.30
2010.06.24 12:55:23.712,1.34015,1.3404,1.00,1.60
2010.06.24 12:55:24.136,1.34015,1.34045,1.60,5.40
2010.06.24 12:55:24.946,1.34015,1.34045,3.20,2.40
2010.06.24 12:55:25.534,1.3402,1.34045,1.00,2.40
2010.06.24 12:55:25.838,1.34035,1.34055,1.00,1.60
2010.06.24 12:55:26.843,1.3404,1.3407,3.20,4.80
2010.06.24 12:55:27.975,1.3404,1.3407,3.20,3.20
2010.06.24 12:55:28.205,1.3404,1.3407,3.20,1.60
2010.06.24 12:55:28.900,1.34045,1.3407,3.20,2.80
2010.06.24 12:55:29.493,1.34045,1.3407,1.60,6.00
2010.06.24 12:55:29.799,1.3405,1.3408,3.20,7.30
2010.06.24 12:55:30.081,1.3405,1.3408,1.60,3.30
2010.06.24 12:55:30.955,1.34045,1.34065,3.20,1.60
2010.06.24 12:55:31.250,1.34045,1.34075,3.20,4.10
2010.06.24 12:55:31.695,1.34045,1.34075,3.20,4.40
2010.06.24 12:55:31.916,1.34045,1.3407,3.20,1.60
2010.06.24 12:55:32.772,1.34045,1.3407,1.60,3.50
2010.06.24 12:55:32.989,1.3404,1.3407,3.20,2.40
2010.06.24 12:55:33.763,1.3404,1.3407,1.60,2.40
2010.06.24 12:55:34.120,1.3404,1.34065,1.60,1.00
2010.06.24 12:55:34.459,1.3404,1.3406,1.60,1.00
2010.06.24 12:55:35.367,1.34035,1.34065,3.20,1.60
2010.06.24 12:55:35.685,1.34035,1.3406,1.60,1.00
2010.06.24 12:55:35.989,1.34035,1.34065,3.20,2.00
2010.06.24 12:55:36.598,1.34035,1.34065,3.20,1.60
2010.06.24 12:55:36.939,1.34035,1.34065,1.60,3.20
2010.06.24 12:55:37.614,1.34035,1.34055,1.60,1.00
2010.06.24 12:55:37.955,1.34035,1.34065,2.40,1.00
2010.06.24 12:55:38.823,1.34035,1.34065,4.00,1.00
2010.06.24 12:55:39.045,1.34045,1.34065,1.00,1.00
2010.06.24 12:55:39.882,1.3405,1.3408,2.40,4.90
2010.06.24 12:55:40.113,1.34055,1.34085,1.60,2.40
2010.06.24 12:55:41.321,1.34055,1.34085,1.60,3.20
2010.06.24 12:55:41.766,1.3405,1.34085,8.80,1.60
2010.06.24 12:55:41.994,1.3405,1.3408,2.80,2.40
2010.06.24 12:55:42.747,1.3405,1.34075,1.60,1.00
2010.06.24 12:55:44.442,1.34045,1.34075,3.20,1.60
2010.06.24 12:55:44.707,1.34045,1.3407,2.40,1.00
2010.06.24 12:55:45.609,1.34045,1.3407,1.00,1.00
2010.06.24 12:55:45.902,1.3403,1.34055,4.00,1.00
2010.06.24 12:55:46.197,1.3403,1.34055,3.20,1.00
2010.06.24 12:55:47.646,1.3403,1.34055,1.60,1.00
2010.06.24 12:55:47.985,1.34025,1.34055,3.20,1.90
2010.06.24 12:55:48.148,1.3403,1.34055,1.60,1.90
2010.06.24 12:55:49.110,1.3403,1.3406,2.40,1.60
2010.06.24 12:55:49.334,1.3403,1.3406,2.40,3.80
2010.06.24 12:55:52.704,1.3403,1.34055,1.00,2.80
2010.06.24 12:55:52.850,1.3403,1.34055,1.00,4.40
2010.06.24 12:55:53.533,1.3402,1.34045,3.20,1.40
2010.06.24 12:55:53.843,1.3401,1.3404,3.20,6.00
2010.06.24 12:55:54.745,1.34015,1.3404,1.00,1.10
2010.06.24 12:55:55.049,1.3401,1.3404,4.80,2.20
2010.06.24 12:55:55.335,1.34015,1.3404,1.60,3.00
2010.06.24 12:55:56.188,1.34015,1.3404,2.40,2.20
2010.06.24 12:55:56.462,1.3403,1.34055,1.00,2.70
2010.06.24 12:55:56.736,1.3403,1.34055,1.00,1.10
2010.06.24 12:55:57.594,1.3403,1.3406,1.00,2.70
2010.06.24 12:55:57.860,1.3403,1.3406,1.60,4.30
2010.06.24 12:55:58.133,1.34025,1.34055,1.20,3.50
2010.06.24 12:55:58.398,1.34025,1.34055,1.00,3.50
2010.06.24 12:55:58.666,1.34025,1.34055,3.20,3.20
2010.06.24 12:55:59.474,1.34025,1.3405,2.40,1.00
2010.06.24 12:55:59.734,1.3402,1.3405,1.60,7.00
2010.06.24 12:55:59.854,1.3402,1.34045,1.60,1.00
2010.06.24 12:56:00.098,1.34015,1.34045,1.00,1.00
2010.06.24 12:56:00.228,1.34015,1.34045,1.00,1.60
2010.06.24 12:56:00.920,1.34015,1.34045,1.00,4.00
2010.06.24 12:56:01.231,1.34005,1.3404,1.00,9.40
2010.06.24 12:56:01.534,1.34005,1.3404,1.00,9.20
2010.06.24 12:56:01.845,1.34005,1.3404,1.00,7.60
2010.06.24 12:56:02.687,1.34,1.34035,5.20,4.80
2010.06.24 12:56:02.948,1.34,1.34025,1.00,3.20
2010.06.24 12:56:03.566,1.33995,1.34025,2.40,4.80
2010.06.24 12:56:03.920,1.33995,1.34025,2.40,5.20
2010.06.24 12:56:04.267,1.33995,1.34025,3.20,1.60
2010.06.24 12:56:05.134,1.34,1.34025,1.60,1.00
2010.06.24 12:56:06.052,1.34005,1.34035,3.20,1.00
2010.06.24 12:56:07.619,1.34005,1.34035,1.60,1.00
2010.06.24 12:56:08.249,1.34005,1.34035,1.60,2.40
2010.06.24 12:56:08.571,1.33995,1.3403,3.60,1.60
2010.06.24 12:56:09.161,1.33995,1.3403,5.20,1.60
2010.06.24 12:56:09.359,1.33995,1.34025,5.20,1.00
2010.06.24 12:56:09.552,1.34,1.3403,2.40,1.60
2010.06.24 12:56:10.987,1.34005,1.3403,2.40,1.00
2010.06.24 12:56:11.174,1.3401,1.34035,1.60,1.00
2010.06.24 12:56:11.352,1.3401,1.3404,1.60,5.10
2010.06.24 12:56:11.532,1.3401,1.3404,1.60,4.00
2010.06.24 12:56:12.469,1.3401,1.3404,2.40,1.60
2010.06.24 12:56:13.804,1.3401,1.34035,1.60,1.00
2010.06.24 12:56:13.923,1.34005,1.34035,2.00,1.00
2010.06.24 12:56:14.046,1.34,1.34035,4.80,2.40
2010.06.24 12:56:14.667,1.34,1.34035,4.80,3.20
2010.06.24 12:56:14.819,1.34005,1.34035,1.60,2.40
2010.06.24 12:56:15.255,1.3401,1.34035,1.00,1.00
2010.06.24 12:56:15.405,1.34005,1.34035,1.60,1.00
2010.06.24 12:56:16.209,1.3401,1.3404,1.60,3.20
2010.06.24 12:56:16.469,1.3402,1.34045,1.00,1.60
2010.06.24 12:56:16.714,1.34015,1.34045,4.40,1.00
2010.06.24 12:56:17.665,1.34015,1.34045,2.40,2.40
2010.06.24 12:56:18.010,1.34015,1.34045,2.40,3.20
2010.06.24 12:56:18.909,1.3401,1.3404,4.00,1.60
2010.06.24 12:56:19.221,1.3401,1.3404,2.40,1.60
2010.06.24 12:56:19.530,1.3401,1.3404,1.60,3.20
2010.06.24 12:56:20.302,1.34,1.3403,3.60,1.00
2010.06.24 12:56:20.494,1.34,1.3403,3.20,1.60
2010.06.24 12:56:22.926,1.34,1.3403,3.20,2.40
2010.06.24 12:56:23.148,1.34,1.3403,4.80,1.00
2010.06.24 12:56:24.034,1.34005,1.34035,1.00,1.60
2010.06.24 12:56:24.524,1.34005,1.3404,2.40,7.90
2010.06.24 12:56:24.792,1.34005,1.3404,2.40,7.50
2010.06.24 12:56:25.393,1.34005,1.3404,2.40,5.90
2010.06.24 12:56:25.509,1.3401,1.3404,1.60,4.30
2010.06.24 12:56:25.615,1.3401,1.3404,1.60,1.60
2010.06.24 12:56:25.728,1.34005,1.3404,4.40,2.40
2010.06.24 12:56:25.835,1.34005,1.3404,4.00,3.50
2010.06.24 12:56:26.053,1.34005,1.3404,4.00,2.40
2010.06.24 12:56:28.227,1.34005,1.3404,4.00,4.00
2010.06.24 12:56:28.992,1.34005,1.34035,2.40,2.20
2010.06.24 12:56:29.118,1.34005,1.3404,2.40,6.00
2010.06.24 12:56:29.233,1.34005,1.3404,2.40,5.90
2010.06.24 12:56:30.633,1.34005,1.3404,2.40,8.80
2010.06.24 12:56:31.214,1.34005,1.3404,2.40,8.10
2010.06.24 12:56:31.486,1.34005,1.3404,2.80,7.50
2010.06.24 12:56:32.141,1.3401,1.3404,1.00,4.30
2010.06.24 12:56:32.357,1.34015,1.34045,2.40,2.40
2010.06.24 12:56:32.573,1.34015,1.34045,2.40,4.00
2010.06.24 12:56:33.801,1.34015,1.3404,1.00,1.00
2010.06.24 12:56:33.998,1.34015,1.3404,1.00,3.00
2010.06.24 12:56:34.195,1.34015,1.34035,2.40,2.20
2010.06.24 12:56:34.396,1.34015,1.34035,2.40,1.00
2010.06.24 12:56:34.595,1.34015,1.3404,2.40,3.20
2010.06.24 12:56:35.370,1.3401,1.3404,1.60,5.60
2010.06.24 12:56:35.649,1.3401,1.3404,1.60,1.70
2010.06.24 12:56:37.376,1.3401,1.34035,3.20,1.60
2010.06.24 12:56:37.724,1.3401,1.3404,3.20,1.60
2010.06.24 12:56:37.866,1.34015,1.34045,2.40,4.40
2010.06.24 12:56:39.428,1.3401,1.3404,4.00,1.00
2010.06.24 12:56:39.793,1.3401,1.3404,3.20,1.60
2010.06.24 12:56:43.272,1.3401,1.3404,3.30,1.60
2010.06.24 12:56:44.832,1.3401,1.3404,3.20,1.60
2010.06.24 12:56:44.923,1.34015,1.3404,1.00,1.60
2010.06.24 12:56:45.571,1.3402,1.3404,2.40,1.00
2010.06.24 12:56:45.671,1.34025,1.3405,1.60,1.00
2010.06.24 12:56:45.865,1.34025,1.34055,1.60,6.20
2010.06.24 12:56:47.004,1.34025,1.34055,1.60,4.60
2010.06.24 12:56:47.819,1.3402,1.34055,5.20,4.60
2010.06.24 12:56:48.099,1.34025,1.3405,1.00,1.00
2010.06.24 12:56:48.734,1.3402,1.3405,3.30,1.00
2010.06.24 12:56:49.001,1.34025,1.3405,1.00,1.00
2010.06.24 12:56:49.314,1.34025,1.34055,1.00,6.00
2010.06.24 12:56:49.931,1.3402,1.34055,5.60,5.60
2010.06.24 12:56:50.122,1.3403,1.3406,3.00,3.50
2010.06.24 12:56:50.424,1.3403,1.3406,3.00,2.70
2010.06.24 12:56:50.573,1.34025,1.3406,4.50,4.30
2010.06.24 12:56:50.725,1.34025,1.3405,2.80,1.00
2010.06.24 12:56:51.444,1.3402,1.3405,3.80,1.10
2010.06.24 12:56:51.720,1.3402,1.3405,1.60,5.20
2010.06.24 12:56:52.805,1.3402,1.3404,1.60,1.60
2010.06.24 12:56:53.091,1.34015,1.3404,1.60,2.40
2010.06.24 12:56:53.380,1.34015,1.3404,1.60,1.00
2010.06.24 12:56:53.662,1.34015,1.34045,3.20,1.00
2010.06.24 12:56:54.492,1.34015,1.3404,1.60,3.50
2010.06.24 12:56:54.983,1.34015,1.3404,1.60,2.70
2010.06.24 12:56:55.823,1.3401,1.3404,1.60,3.50
2010.06.24 12:56:56.092,1.3401,1.3404,1.60,4.30
2010.06.24 12:56:56.354,1.3401,1.3404,1.60,3.20
2010.06.24 12:56:57.740,1.3401,1.3404,1.60,3.50
2010.06.24 12:56:58.090,1.34015,1.3404,3.20,1.90
2010.06.24 12:56:59.027,1.34015,1.34045,3.20,1.90
2010.06.24 12:56:59.213,1.3402,1.34045,1.60,1.00
2010.06.24 12:57:00.484,1.3402,1.3405,3.20,1.60
2010.06.24 12:57:00.718,1.3402,1.3405,1.60,2.80
2010.06.24 12:57:01.372,1.3402,1.3405,1.60,4.40
2010.06.24 12:57:01.617,1.34015,1.34045,4.00,1.00
2010.06.24 12:57:04.875,1.34015,1.3404,1.60,1.00
2010.06.24 12:57:05.071,1.3401,1.3404,4.00,3.00
2010.06.24 12:57:05.257,1.34015,1.3404,1.60,3.00
2010.06.24 12:57:05.634,1.34015,1.3404,3.20,2.40
2010.06.24 12:57:06.398,1.34015,1.3404,3.20,1.00
2010.06.24 12:57:06.682,1.3401,1.3404,1.60,4.30
2010.06.24 12:57:06.964,1.3401,1.3404,1.60,4.80
2010.06.24 12:57:07.529,1.3401,1.3404,1.60,5.60
2010.06.24 12:57:08.380,1.3401,1.3404,1.60,4.80
2010.06.24 12:57:11.239,1.34005,1.3404,4.80,4.90
2010.06.24 12:57:12.394,1.34005,1.3404,4.80,5.60
2010.06.24 12:57:12.609,1.34005,1.34035,3.20,1.60
2010.06.24 12:57:13.248,1.34005,1.3404,4.80,6.00
2010.06.24 12:57:13.593,1.33995,1.34025,2.20,2.40
2010.06.24 12:57:13.939,1.33995,1.34025,1.60,2.40
2010.06.24 12:57:14.646,1.34,1.34025,1.60,2.40
2010.06.24 12:57:14.992,1.33995,1.34025,1.60,2.40
2010.06.24 12:57:15.478,1.33995,1.34025,1.60,4.00
2010.06.24 12:57:15.728,1.33995,1.3402,1.60,1.60
2010.06.24 12:57:16.352,1.3399,1.3402,4.00,2.20
2010.06.24 12:57:16.666,1.33985,1.34015,2.40,2.40
2010.06.24 12:57:16.965,1.33985,1.34015,1.00,2.40
2010.06.24 12:57:18.615,1.34,1.3402,1.60,4.10
2010.06.24 12:57:18.856,1.33995,1.3402,1.60,4.10
2010.06.24 12:57:19.708,1.33995,1.3402,1.60,2.20
2010.06.24 12:57:20.019,1.33995,1.34025,2.40,3.50
2010.06.24 12:57:20.180,1.33995,1.34025,2.40,2.70
2010.06.24 12:57:20.922,1.33995,1.34025,2.40,1.90
2010.06.24 12:57:21.102,1.33995,1.34025,1.60,6.60
2010.06.24 12:57:21.789,1.34,1.34025,1.60,9.00
2010.06.24 12:57:22.973,1.33995,1.34025,1.60,7.40
2010.06.24 12:57:23.284,1.33995,1.34025,1.60,7.60
2010.06.24 12:57:23.482,1.3399,1.34025,4.40,7.60
2010.06.24 12:57:25.060,1.33995,1.34025,2.40,1.60
2010.06.24 12:57:25.256,1.33995,1.34025,1.20,3.20
2010.06.24 12:57:25.454,1.33995,1.34025,1.00,3.50
2010.06.24 12:57:26.042,1.33995,1.3402,1.00,1.60
2010.06.24 12:57:26.295,1.33995,1.3402,1.00,1.00
2010.06.24 12:57:27.218,1.33995,1.3402,1.60,3.20
2010.06.24 12:57:29.152,1.33995,1.34025,2.80,1.60
2010.06.24 12:57:29.303,1.34,1.34025,1.60,1.60
2010.06.24 12:57:32.384,1.33995,1.34025,2.40,1.60
2010.06.24 12:57:33.046,1.33995,1.34025,1.60,2.70
2010.06.24 12:57:33.805,1.33995,1.34025,1.60,4.30
2010.06.24 12:57:34.044,1.33995,1.34025,1.60,4.10
2010.06.24 12:57:34.512,1.33995,1.3402,1.60,1.00
2010.06.24 12:57:36.252,1.3399,1.3402,4.40,1.00
2010.06.24 12:57:36.476,1.3399,1.3402,4.80,1.00
2010.06.24 12:57:36.590,1.3399,1.34025,6.40,5.20
2010.06.24 12:57:36.812,1.3399,1.34025,6.40,4.40
2010.06.24 12:57:37.032,1.3399,1.34025,6.50,4.40
2010.06.24 12:57:38.871,1.3399,1.34025,6.50,6.00
2010.06.24 12:57:39.701,1.33995,1.34025,1.60,4.40
2010.06.24 12:57:42.903,1.33995,1.34025,1.60,4.00
2010.06.24 12:57:43.443,1.33995,1.34025,1.60,4.80
2010.06.24 12:57:43.952,1.34,1.34025,1.60,4.80
2010.06.24 12:57:44.769,1.33995,1.34025,1.70,4.80
2010.06.24 12:57:45.174,1.34,1.34025,1.60,4.80
2010.06.24 12:57:46.159,1.34,1.34025,1.60,4.30
2010.06.24 12:57:49.152,1.34,1.34025,1.70,4.30
2010.06.24 12:57:54.273,1.34005,1.34025,1.60,2.40
2010.06.24 12:57:57.063,1.34005,1.3403,1.60,4.00
2010.06.24 12:57:57.225,1.34005,1.3403,1.60,2.40
2010.06.24 12:57:57.387,1.34005,1.3403,1.60,1.00
2010.06.24 12:57:58.257,1.34005,1.3403,1.60,1.60
2010.06.24 12:57:59.980,1.34005,1.3403,1.60,1.10
2010.06.24 12:58:00.101,1.3401,1.34035,1.60,3.50
2010.06.24 12:58:00.777,1.3401,1.34035,1.60,1.90
2010.06.24 12:58:01.130,1.3401,1.34035,1.60,1.00
2010.06.24 12:58:02.707,1.3401,1.3404,1.60,3.50
2010.06.24 12:58:03.069,1.34025,1.34045,1.60,1.10
2010.06.24 12:58:03.225,1.3402,1.3405,3.20,2.70
2010.06.24 12:58:04.068,1.3402,1.34045,3.20,1.00
2010.06.24 12:58:05.054,1.3402,1.3405,3.20,2.70
2010.06.24 12:58:05.988,1.3402,1.34045,3.20,1.00
2010.06.24 12:58:06.598,1.3402,1.34045,2.40,1.10
2010.06.24 12:58:07.639,1.3402,1.34045,1.00,1.00
2010.06.24 12:58:08.493,1.3402,1.34045,2.40,1.00
2010.06.24 12:58:10.625,1.3402,1.34045,1.00,1.00
2010.06.24 12:58:11.746,1.3402,1.34045,2.40,1.00
2010.06.24 12:58:12.091,1.34015,1.34045,2.40,3.50
2010.06.24 12:58:12.244,1.34015,1.3404,1.60,1.60
2010.06.24 12:58:12.408,1.3401,1.3404,3.30,1.60
2010.06.24 12:58:12.568,1.3401,1.3404,3.20,1.60
2010.06.24 12:58:13.293,1.3401,1.3403,1.60,1.00
2010.06.24 12:58:13.470,1.3401,1.34035,1.60,3.20
2010.06.24 12:58:13.644,1.3401,1.34035,1.60,1.00
2010.06.24 12:58:15.272,1.3401,1.3404,1.60,3.90
2010.06.24 12:58:15.472,1.34015,1.34035,1.60,1.00
2010.06.24 12:58:16.804,1.34015,1.3404,1.60,1.00
2010.06.24 12:58:17.877,1.34015,1.3404,1.60,1.60
2010.06.24 12:58:19.585,1.34015,1.3404,1.60,1.90
2010.06.24 12:58:19.686,1.3401,1.3404,2.40,2.00
2010.06.24 12:58:20.301,1.3401,1.34035,2.40,1.00
2010.06.24 12:58:20.456,1.3399,1.34015,1.40,2.40
2010.06.24 12:58:20.599,1.33985,1.34015,3.20,4.40
2010.06.24 12:58:21.238,1.33985,1.34015,3.20,6.80
2010.06.24 12:58:21.543,1.33975,1.34,2.40,1.60
2010.06.24 12:58:22.438,1.33975,1.34005,1.60,3.20
2010.06.24 12:58:22.794,1.33965,1.3399,3.60,1.20
2010.06.24 12:58:23.723,1.3396,1.3398,1.60,1.00
2010.06.24 12:58:23.992,1.3395,1.33975,1.60,1.00
2010.06.24 12:58:25.108,1.3395,1.33975,1.60,2.40
2010.06.24 12:58:25.416,1.33945,1.33975,3.20,3.20
2010.06.24 12:58:26.090,1.33945,1.33975,4.80,1.60
2010.06.24 12:58:26.427,1.3395,1.33975,1.00,1.00
2010.06.24 12:58:26.759,1.3396,1.33975,1.00,1.00
2010.06.24 12:58:27.613,1.3396,1.3398,1.00,1.90
2010.06.24 12:58:27.895,1.3396,1.3398,1.00,1.00
2010.06.24 12:58:29.536,1.3396,1.33985,1.00,1.00
2010.06.24 12:58:29.766,1.3396,1.33985,1.60,1.00
2010.06.24 12:58:30.842,1.3396,1.33985,1.00,1.00
2010.06.24 12:58:31.388,1.3396,1.3399,1.00,1.00
2010.06.24 12:58:31.657,1.33965,1.33995,1.00,3.90
2010.06.24 12:58:32.400,1.33965,1.33995,1.00,3.50
2010.06.24 12:58:32.760,1.33975,1.34005,2.20,2.40
2010.06.24 12:58:32.890,1.3398,1.34005,1.00,2.40
2010.06.24 12:58:33.560,1.3398,1.34005,3.00,1.00
2010.06.24 12:58:33.693,1.33985,1.34015,1.00,1.60
2010.06.24 12:58:33.818,1.33985,1.34015,1.60,3.20
2010.06.24 12:58:34.698,1.3398,1.34015,6.40,5.20
2010.06.24 12:58:35.053,1.3398,1.3401,2.20,2.40
2010.06.24 12:58:35.235,1.3398,1.3401,3.80,2.40
2010.06.24 12:58:35.961,1.3398,1.3401,3.00,2.40
2010.06.24 12:58:36.155,1.33985,1.3401,1.00,1.00
2010.06.24 12:58:36.839,1.3398,1.3401,3.60,3.20
2010.06.24 12:58:37.725,1.3398,1.3401,3.80,3.20
2010.06.24 12:58:38.486,1.3398,1.3401,2.20,3.20
2010.06.24 12:58:39.317,1.3398,1.3401,1.60,3.20
2010.06.24 12:58:41.190,1.33975,1.3399,1.60,1.60
2010.06.24 12:58:41.985,1.33955,1.3398,1.70,1.00
2010.06.24 12:58:42.283,1.3396,1.3399,3.80,4.00
2010.06.24 12:58:42.576,1.3396,1.33985,1.60,1.00
2010.06.24 12:58:42.867,1.33955,1.33985,4.10,1.00
2010.06.24 12:58:43.673,1.3396,1.33985,1.00,1.60
2010.06.24 12:58:44.024,1.3397,1.3399,1.00,1.00
2010.06.24 12:58:44.370,1.3397,1.3399,1.00,1.00
2010.06.24 12:58:46.663,1.3397,1.33995,1.00,2.40
2010.06.24 12:58:46.902,1.3397,1.33995,1.70,2.40
2010.06.24 12:58:47.164,1.3397,1.33995,1.70,1.60
2010.06.24 12:58:47.807,1.3397,1.33995,1.70,1.00
2010.06.24 12:58:48.273,1.3397,1.33995,1.00,1.00
2010.06.24 12:58:48.353,1.3397,1.34,1.00,4.30
2010.06.24 12:58:48.434,1.3397,1.34,1.00,3.50
2010.06.24 12:58:49.050,1.33975,1.34,1.60,1.90
2010.06.24 12:58:49.346,1.33975,1.34005,1.00,4.30
2010.06.24 12:58:49.640,1.33975,1.34,1.00,2.40
2010.06.24 12:58:50.491,1.3397,1.34,7.20,1.00
2010.06.24 12:58:50.721,1.3397,1.34,7.20,1.60
2010.06.24 12:58:50.945,1.33975,1.34,1.00,1.60
2010.06.24 12:58:52.844,1.3397,1.34,6.50,1.60
2010.06.24 12:58:52.913,1.3397,1.34,4.90,1.60
2010.06.24 12:58:52.983,1.3397,1.34,3.30,1.60
2010.06.24 12:58:53.482,1.3397,1.34,1.00,2.40
2010.06.24 12:58:54.119,1.3397,1.34,1.00,2.40
2010.06.24 12:58:54.843,1.3397,1.34,1.00,2.70
2010.06.24 12:58:55.934,1.3397,1.33995,1.00,1.00
2010.06.24 12:58:56.732,1.33965,1.33995,6.40,1.00
2010.06.24 12:58:57.617,1.3397,1.34,1.00,1.60
2010.06.24 12:58:59.993,1.33975,1.34,1.00,2.40
2010.06.24 12:59:00.229,1.33975,1.34,1.00,2.40
2010.06.24 12:59:00.404,1.33975,1.34,1.00,1.60
2010.06.24 12:59:01.387,1.33975,1.34,1.00,2.40
2010.06.24 12:59:01.622,1.3398,1.34,1.00,1.00
2010.06.24 12:59:01.857,1.3398,1.34,2.20,1.00
2010.06.24 12:59:02.086,1.3398,1.34005,2.40,3.50
2010.06.24 12:59:02.315,1.3398,1.34005,2.40,2.40
2010.06.24 12:59:03.680,1.3398,1.34005,2.40,1.00
2010.06.24 12:59:04.963,1.3398,1.34005,2.20,1.00
2010.06.24 12:59:06.894,1.3398,1.34005,2.40,1.00
2010.06.24 12:59:07.135,1.3398,1.3401,2.40,3.50
2010.06.24 12:59:07.254,1.3398,1.3401,2.40,4.00
2010.06.24 12:59:09.134,1.3398,1.3401,2.40,2.40
2010.06.24 12:59:11.563,1.3398,1.34005,2.40,1.00
2010.06.24 12:59:11.684,1.3398,1.34005,2.20,1.00
2010.06.24 12:59:11.804,1.3398,1.34005,3.80,1.00
2010.06.24 12:59:12.033,1.3398,1.34005,2.20,1.00
2010.06.24 12:59:12.924,1.3398,1.34005,3.00,1.00
2010.06.24 12:59:14.083,1.3398,1.34005,4.60,1.00
2010.06.24 12:59:15.091,1.3398,1.34005,4.00,1.00
2010.06.24 12:59:17.139,1.3398,1.34005,3.80,1.00
2010.06.24 12:59:17.354,1.3397,1.33995,1.00,1.00
2010.06.24 12:59:17.566,1.3397,1.33995,1.00,1.00
2010.06.24 12:59:17.776,1.3397,1.33995,1.00,2.40
2010.06.24 12:59:19.704,1.3397,1.33995,1.00,1.00
2010.06.24 12:59:19.886,1.3397,1.34,1.70,3.10
2010.06.24 12:59:20.064,1.3397,1.34,1.70,2.70
2010.06.24 12:59:20.688,1.3397,1.34,2.50,2.70
2010.06.24 12:59:21.277,1.3397,1.34,4.10,1.00
2010.06.24 12:59:21.479,1.3397,1.33995,2.40,1.00
2010.06.24 12:59:22.245,1.33975,1.34,1.60,2.00
2010.06.24 12:59:22.590,1.33975,1.34005,3.20,1.90
2010.06.24 12:59:22.937,1.33975,1.34005,5.40,1.00
2010.06.24 12:59:23.862,1.33975,1.34005,3.80,1.00
2010.06.24 12:59:24.169,1.33975,1.34005,3.20,1.00
2010.06.24 12:59:24.465,1.33975,1.34005,3.30,1.00
2010.06.24 12:59:24.596,1.33975,1.34005,1.70,2.40
2010.06.24 12:59:26.173,1.33975,1.34005,3.30,1.00
2010.06.24 12:59:26.977,1.3397,1.33995,1.00,1.00
2010.06.24 12:59:27.869,1.3397,1.33995,1.00,1.60
2010.06.24 12:59:28.037,1.33965,1.34,6.40,6.00
2010.06.24 12:59:28.685,1.33965,1.33995,4.80,1.60
2010.06.24 12:59:29.669,1.33965,1.3399,2.40,1.00
2010.06.24 12:59:29.978,1.33965,1.33995,3.80,2.40
2010.06.24 12:59:30.723,1.33965,1.33995,4.00,2.40
2010.06.24 12:59:31.649,1.33965,1.33995,4.00,1.00
2010.06.24 12:59:33.867,1.3395,1.33975,1.60,1.60
2010.06.24 12:59:33.956,1.3395,1.3397,1.60,1.60
2010.06.24 12:59:34.138,1.33945,1.3397,1.60,1.60
2010.06.24 12:59:34.813,1.33945,1.3396,1.60,1.60
2010.06.24 12:59:35.168,1.33935,1.3396,1.60,1.60
2010.06.24 12:59:36.328,1.3393,1.3396,1.60,2.40
2010.06.24 12:59:36.615,1.3393,1.3396,3.20,1.00
2010.06.24 12:59:38.781,1.3393,1.3396,4.80,1.00
2010.06.24 12:59:39.036,1.3393,1.3395,2.40,3.20
2010.06.24 12:59:39.279,1.3393,1.3395,4.00,1.20
2010.06.24 12:59:40.175,1.3393,1.33955,1.60,2.20
2010.06.24 12:59:40.429,1.3393,1.3396,4.80,1.60
2010.06.24 12:59:41.275,1.33935,1.3396,1.00,1.60
2010.06.24 12:59:41.625,1.3393,1.3396,4.00,1.00
2010.06.24 12:59:41.970,1.3394,1.3396,1.00,1.00
2010.06.24 12:59:43.337,1.3394,1.33965,1.00,1.90
2010.06.24 12:59:43.445,1.33935,1.33965,1.00,1.00
2010.06.24 12:59:44.666,1.33935,1.33965,1.00,3.50
2010.06.24 12:59:45.006,1.33935,1.33965,1.60,5.40
2010.06.24 12:59:45.962,1.33925,1.3396,4.80,3.50
2010.06.24 12:59:46.785,1.33925,1.3396,5.60,3.50
2010.06.24 12:59:47.132,1.33935,1.33965,1.60,4.10
2010.06.24 12:59:48.429,1.33935,1.3396,1.60,1.00
2010.06.24 12:59:48.754,1.33935,1.33965,1.00,4.10
2010.06.24 12:59:49.834,1.33935,1.33965,1.00,3.60
2010.06.24 12:59:50.030,1.33935,1.33965,1.60,3.50
2010.06.24 12:59:51.333,1.3393,1.33965,4.40,5.90
2010.06.24 12:59:51.542,1.33935,1.33965,1.60,1.00
2010.06.24 12:59:51.749,1.33935,1.33965,3.20,1.60
2010.06.24 12:59:51.949,1.33935,1.33965,1.00,1.60
2010.06.24 12:59:53.079,1.3396,1.33975,1.60,1.00
2010.06.24 12:59:53.432,1.3396,1.33985,3.80,3.50
2010.06.24 12:59:54.044,1.3396,1.33985,3.80,3.90
2010.06.24 12:59:54.285,1.33945,1.33975,4.00,1.00
2010.06.24 12:59:54.518,1.33945,1.33975,4.80,1.00
2010.06.24 12:59:55.314,1.33945,1.33975,4.00,1.00
2010.06.24 12:59:55.630,1.33945,1.33975,4.80,1.00
2010.06.24 12:59:55.939,1.33945,1.33975,4.00,1.00
2010.06.24 12:59:57.975,1.33945,1.3398,4.00,3.20
2010.06.24 12:59:58.274,1.33945,1.3398,4.00,3.50
2010.06.24 12:59:58.424,1.33945,1.33975,1.60,1.00
2010.06.24 12:59:59.180,1.3394,1.33975,4.80,2.40
2010.06.24 12:59:59.416,1.33945,1.3398,1.00,5.50
2010.06.24 12:59:59.657,1.3395,1.3398,1.00,2.70
2010.06.24 12:59:59.894,1.3395,1.3398,1.00,1.90
