2016.12.29 22:03:31.790,1.42883,1.42954,0.37,0.37
2016.12.29 22:04:26.880,1.42874,1.42963,1.12,1.12
2016.12.29 22:05:29.164,1.42873,1.42958,1.37,1.12
2016.12.29 22:05:29.214,1.42863,1.42958,1.12,1.12
2016.12.29 22:05:30.306,1.4287,1.42958,1.12,1.12
2016.12.29 22:05:30.628,1.42873,1.42956,1.12,1.12
2016.12.29 22:06:25.832,1.42882,1.42947,1.00,1.00
2016.12.29 22:06:33.460,1.4287,1.42955,1.12,1.12
2016.12.29 22:06:33.546,1.42861,1.42954,1.12,1.12
2016.12.29 22:06:41.758,1.42872,1.42954,1.00,1.12
2016.12.29 22:07:41.853,1.42861,1.42954,1.12,1.12
2016.12.29 22:07:55.504,1.42872,1.42954,1.00,1.12
2016.12.29 22:08:04.331,1.42849,1.42944,1.12,1.12
2016.12.29 22:08:04.382,1.42846,1.42933,1.75,1.12
2016.12.29 22:08:48.524,1.42851,1.42923,1.00,1.00
2016.12.29 22:08:48.574,1.42852,1.42934,1.12,1.12
2016.12.29 22:08:48.946,1.42857,1.4295,1.75,1.12
2016.12.29 22:09:11.844,1.42858,1.42945,1.75,1.12
2016.12.29 22:09:12.360,1.42861,1.42935,1.00,1.00
2016.12.29 22:09:36.107,1.42844,1.42964,1.37,1.25
2016.12.29 22:09:40.789,1.42844,1.42965,1.37,1.25
2016.12.29 22:09:42.607,1.42835,1.42965,1.25,0.94
2016.12.29 22:09:55.775,1.42836,1.42964,1.25,0.94
2016.12.29 22:10:00.252,1.42846,1.42966,1.25,1.25
2016.12.29 22:10:02.621,1.42859,1.42989,1.19,1.00
2016.12.29 22:10:02.672,1.42859,1.42996,1.19,1.50
2016.12.29 22:10:02.773,1.42859,1.43002,1.19,0.94
2016.12.29 22:10:04.373,1.4289,1.43002,1.37,0.94
2016.12.29 22:10:05.362,1.42889,1.43007,1.37,1.25
2016.12.29 22:10:05.910,1.42899,1.43007,1.37,1.25
2016.12.29 22:10:08.190,1.42898,1.43007,1.37,1.25
2016.12.29 22:10:11.836,1.42899,1.43007,1.37,1.25
2016.12.29 22:10:12.060,1.42899,1.4301,1.37,1.25
2016.12.29 22:10:12.937,1.42898,1.4301,1.37,1.25
2016.12.29 22:10:13.509,1.42899,1.4301,1.37,1.25
2016.12.29 22:10:14.579,1.42911,1.4301,1.50,0.94
2016.12.29 22:10:14.934,1.42903,1.4301,1.87,0.94
2016.12.29 22:10:15.504,1.42903,1.4301,1.87,0.94
2016.12.29 22:10:16.790,1.42906,1.4301,1.50,0.94
2016.12.29 22:10:17.587,1.42908,1.4301,1.50,0.94
2016.12.29 22:10:21.561,1.42906,1.4301,1.50,0.94
2016.12.29 22:10:22.573,1.42907,1.4301,1.50,0.94
2016.12.29 22:10:23.563,1.42906,1.4301,1.50,0.94
2016.12.29 22:10:24.221,1.42906,1.43019,1.50,1.19
2016.12.29 22:10:24.272,1.42908,1.43019,1.50,1.19
2016.12.29 22:10:24.586,1.42908,1.43019,1.87,1.19
2016.12.29 22:10:32.323,1.42913,1.43019,1.87,1.19
2016.12.29 22:10:33.086,1.42913,1.43019,1.87,1.19
2016.12.29 22:10:35.694,1.42914,1.43024,1.50,1.25
2016.12.29 22:10:35.795,1.42919,1.43024,1.50,1.25
2016.12.29 22:10:37.711,1.42918,1.43024,1.50,1.25
2016.12.29 22:10:41.116,1.42918,1.4303,1.50,1.25
2016.12.29 22:10:41.671,1.42916,1.4303,2.44,1.25
2016.12.29 22:10:45.894,1.42916,1.43023,1.50,1.25
2016.12.29 22:10:46.294,1.42918,1.43023,1.50,1.25
2016.12.29 22:10:51.038,1.42928,1.43043,1.25,1.50
2016.12.29 22:10:51.140,1.42952,1.43056,1.87,1.25
2016.12.29 22:10:52.876,1.42954,1.43056,1.87,0.94
2016.12.29 22:10:53.434,1.42954,1.43056,1.87,0.94
2016.12.29 22:10:54.015,1.42954,1.43056,1.87,0.94
2016.12.29 22:10:54.515,1.42954,1.43056,2.62,0.94
2016.12.29 22:10:57.132,1.42954,1.43063,1.37,1.25
2016.12.29 22:11:01.950,1.42945,1.43063,1.62,1.25
2016.12.29 22:11:02.302,1.42942,1.43057,1.87,1.25
2016.12.29 22:11:02.841,1.4294,1.43057,1.37,0.94
2016.12.29 22:11:07.884,1.42944,1.43064,1.62,1.25
2016.12.29 22:11:08.715,1.42947,1.43064,1.87,1.25
2016.12.29 22:11:12.752,1.42949,1.43064,1.87,1.25
2016.12.29 22:11:14.133,1.42952,1.43064,1.87,1.25
2016.12.29 22:11:15.077,1.42952,1.43023,1.87,0.94
2016.12.29 22:11:15.180,1.42925,1.43023,1.37,0.94
2016.12.29 22:11:16.417,1.42958,1.43051,0.37,1.50
2016.12.29 22:11:16.570,1.42941,1.43056,1.37,1.25
2016.12.29 22:11:17.640,1.4294,1.43056,1.37,1.25
2016.12.29 22:11:17.741,1.42928,1.43056,1.62,1.25
2016.12.29 22:11:22.733,1.42928,1.43056,1.62,1.25
2016.12.29 22:11:22.931,1.42936,1.43059,1.62,0.94
2016.12.29 22:11:25.193,1.42938,1.43059,1.87,0.94
2016.12.29 22:11:26.700,1.42937,1.43059,1.87,0.94
2016.12.29 22:11:27.217,1.42937,1.43059,1.87,0.94
2016.12.29 22:11:28.679,1.42937,1.43059,1.87,0.94
2016.12.29 22:11:29.227,1.42937,1.43059,1.87,0.94
2016.12.29 22:11:30.309,1.42937,1.43059,1.87,0.94
2016.12.29 22:11:35.804,1.42936,1.43059,2.81,1.25
2016.12.29 22:11:36.384,1.42936,1.43059,1.62,1.25
2016.12.29 22:11:36.895,1.42936,1.43059,1.62,0.94
2016.12.29 22:11:37.427,1.42937,1.43059,1.87,0.94
2016.12.29 22:11:40.318,1.42936,1.43059,1.62,0.94
2016.12.29 22:11:41.435,1.42936,1.43059,1.62,0.94
2016.12.29 22:11:46.408,1.42936,1.43059,1.62,0.94
2016.12.29 22:11:55.831,1.42935,1.4306,2.81,0.94
2016.12.29 22:11:56.511,1.42935,1.4306,2.81,1.25
2016.12.29 22:11:57.178,1.42945,1.43063,1.25,1.25
2016.12.29 22:11:57.490,1.42945,1.43063,1.62,1.25
2016.12.29 22:11:58.073,1.42945,1.43063,1.62,1.25
2016.12.29 22:11:58.588,1.42945,1.43063,1.62,1.25
2016.12.29 22:11:58.639,1.42945,1.43063,1.25,1.25
2016.12.29 22:12:00.171,1.42935,1.43056,1.87,1.25
2016.12.29 22:12:00.625,1.42935,1.43047,1.37,1.25
2016.12.29 22:12:00.936,1.42915,1.43047,1.50,1.25
2016.12.29 22:12:05.857,1.42915,1.43046,1.00,1.19
2016.12.29 22:12:05.958,1.42905,1.43046,1.37,1.19
2016.12.29 22:12:07.644,1.42905,1.43046,1.00,1.19
2016.12.29 22:12:07.694,1.42905,1.43042,1.00,1.19
2016.12.29 22:12:08.226,1.42904,1.43042,1.00,1.19
2016.12.29 22:12:08.700,1.42895,1.43042,1.37,1.19
2016.12.29 22:12:09.765,1.42916,1.43042,1.00,1.19
2016.12.29 22:12:13.680,1.42895,1.43042,1.87,1.19
2016.12.29 22:12:14.640,1.42905,1.43042,1.00,1.19
2016.12.29 22:12:15.672,1.42904,1.43042,1.00,1.19
2016.12.29 22:12:17.804,1.42904,1.43042,1.87,1.19
2016.12.29 22:12:18.700,1.42916,1.43042,1.00,1.19
2016.12.29 22:12:19.705,1.42905,1.43042,1.37,1.19
2016.12.29 22:12:24.935,1.42905,1.43042,1.37,1.19
2016.12.29 22:12:25.750,1.42905,1.43043,1.37,1.19
2016.12.29 22:12:26.488,1.42904,1.43042,1.87,1.19
2016.12.29 22:12:26.869,1.42917,1.43042,1.00,1.19
2016.12.29 22:12:27.198,1.42894,1.43042,1.50,1.19
2016.12.29 22:12:28.875,1.42904,1.43042,1.00,1.19
2016.12.29 22:12:34.882,1.42927,1.43033,1.87,1.87
2016.12.29 22:12:35.949,1.42933,1.43037,1.87,1.87
2016.12.29 22:12:36.914,1.42933,1.43037,1.87,1.87
2016.12.29 22:12:37.065,1.42937,1.43038,1.87,1.87
2016.12.29 22:12:38.250,1.42928,1.43032,1.87,1.87
2016.12.29 22:12:38.452,1.42928,1.43032,1.87,1.87
2016.12.29 22:12:41.841,1.42927,1.43033,1.87,1.87
2016.12.29 22:12:48.153,1.42928,1.43032,1.87,1.87
2016.12.29 22:12:49.163,1.42927,1.43033,1.87,1.87
2016.12.29 22:12:52.193,1.42928,1.43032,1.87,1.87
2016.12.29 22:12:56.345,1.42928,1.43032,1.87,1.87
2016.12.29 22:12:58.304,1.42932,1.43033,1.87,1.87
2016.12.29 22:13:02.509,1.42922,1.43043,1.00,1.00
2016.12.29 22:13:11.339,1.42917,1.43043,1.00,1.00
2016.12.29 22:13:11.390,1.42927,1.43033,1.87,1.87
2016.12.29 22:13:16.398,1.42928,1.43032,1.87,1.87
2016.12.29 22:13:24.494,1.42928,1.43032,1.87,1.87
2016.12.29 22:13:25.499,1.42923,1.43032,1.87,1.87
2016.12.29 22:13:30.620,1.42927,1.43033,1.87,1.87
2016.12.29 22:13:35.622,1.42928,1.43032,1.87,1.87
2016.12.29 22:13:36.503,1.42932,1.43038,1.87,1.87
2016.12.29 22:13:37.550,1.42933,1.43037,1.87,1.87
2016.12.29 22:13:43.539,1.42933,1.43037,1.87,1.87
2016.12.29 22:13:44.648,1.42927,1.43033,1.87,1.87
2016.12.29 22:13:44.710,1.42928,1.43032,1.87,1.87
2016.12.29 22:13:47.907,1.42932,1.43033,1.87,1.87
2016.12.29 22:13:48.164,1.42928,1.43032,1.87,1.87
2016.12.29 22:14:08.160,1.42927,1.43028,1.87,1.87
2016.12.29 22:14:18.048,1.42928,1.43027,1.87,1.87
2016.12.29 22:14:22.087,1.42932,1.43033,1.87,1.87
2016.12.29 22:14:27.182,1.42932,1.43033,1.87,1.87
2016.12.29 22:14:28.160,1.42933,1.43032,1.87,1.87
2016.12.29 22:14:29.386,1.42927,1.43028,1.87,1.87
2016.12.29 22:15:01.507,1.42927,1.43028,1.87,1.87
2016.12.29 22:15:03.515,1.42927,1.43028,1.87,1.87
2016.12.29 22:15:05.088,1.42933,1.43032,1.87,1.87
2016.12.29 22:15:16.498,1.42933,1.43032,1.87,1.87
2016.12.29 22:15:26.787,1.42932,1.43033,1.87,1.87
2016.12.29 22:15:27.111,1.42932,1.43028,1.87,1.12
2016.12.29 22:15:28.170,1.42933,1.43011,1.87,1.00
2016.12.29 22:15:29.289,1.42933,1.43011,1.87,1.12
2016.12.29 22:15:29.652,1.42933,1.42998,1.87,1.12
2016.12.29 22:15:31.895,1.42933,1.43027,1.87,1.87
2016.12.29 22:15:46.346,1.42933,1.43027,1.87,1.12
2016.12.29 22:15:47.149,1.42933,1.43011,1.87,1.37
2016.12.29 22:15:49.979,1.42932,1.43011,1.00,1.37
2016.12.29 22:15:51.187,1.42932,1.43004,1.00,1.75
2016.12.29 22:15:51.742,1.4293,1.42998,1.12,1.12
2016.12.29 22:15:52.248,1.42932,1.43028,2.25,1.87
2016.12.29 22:15:55.716,1.42933,1.43032,1.87,1.87
2016.12.29 22:15:57.301,1.42932,1.43033,1.87,1.87
2016.12.29 22:16:04.719,1.42933,1.43032,1.87,1.87
2016.12.29 22:16:08.160,1.42932,1.43033,1.87,1.87
2016.12.29 22:16:08.363,1.42933,1.43032,1.87,1.87
2016.12.29 22:16:12.216,1.42933,1.43011,2.25,1.00
2016.12.29 22:16:12.590,1.42933,1.43,3.00,1.12
2016.12.29 22:16:13.252,1.42933,1.43032,3.00,1.87
2016.12.29 22:16:22.701,1.42933,1.43032,1.87,1.87
2016.12.29 22:16:36.796,1.42937,1.43038,1.87,1.87
2016.12.29 22:16:37.784,1.42933,1.43032,1.87,1.87
2016.12.29 22:16:38.783,1.42933,1.43032,1.87,1.87
2016.12.29 22:16:41.578,1.42933,1.43032,1.87,1.87
2016.12.29 22:16:42.501,1.42932,1.43033,1.87,1.87
2016.12.29 22:17:01.943,1.42933,1.43032,1.87,1.87
2016.12.29 22:17:05.024,1.42928,1.43032,1.87,1.87
2016.12.29 22:17:06.743,1.42928,1.43027,1.87,1.87
2016.12.29 22:17:14.822,1.42927,1.43028,1.87,1.87
2016.12.29 22:17:16.513,1.42932,1.43033,1.87,1.87
2016.12.29 22:17:22.823,1.42933,1.43032,1.87,1.87
2016.12.29 22:17:22.874,1.42932,1.43033,1.87,1.87
2016.12.29 22:17:23.829,1.42932,1.43033,1.87,1.87
2016.12.29 22:17:23.931,1.42933,1.43032,1.87,1.87
2016.12.29 22:17:28.163,1.42932,1.43028,1.87,1.87
2016.12.29 22:17:36.062,1.42933,1.43032,1.87,1.87
2016.12.29 22:17:48.075,1.42917,1.43013,1.87,1.87
2016.12.29 22:17:48.125,1.42917,1.43008,1.87,1.87
2016.12.29 22:17:54.077,1.42923,1.43017,1.87,1.87
2016.12.29 22:17:54.128,1.42932,1.43028,1.87,1.87
2016.12.29 22:17:54.466,1.42933,1.43027,1.87,1.87
2016.12.29 22:17:55.857,1.42938,1.43032,1.87,1.87
2016.12.29 22:17:56.974,1.42918,1.43012,1.87,1.87
2016.12.29 22:17:57.027,1.42918,1.43007,1.87,1.87
2016.12.29 22:18:02.110,1.42908,1.43002,1.87,1.87
2016.12.29 22:18:19.223,1.42908,1.43002,1.87,1.87
2016.12.29 22:18:21.231,1.42907,1.42998,1.87,1.87
2016.12.29 22:18:22.277,1.42908,1.43002,1.87,1.87
2016.12.29 22:18:23.269,1.42908,1.43002,1.87,1.87
2016.12.29 22:18:28.162,1.42913,1.43002,1.87,1.87
2016.12.29 22:18:31.094,1.42913,1.43002,1.87,1.87
2016.12.29 22:18:31.472,1.42913,1.43002,1.87,1.87
2016.12.29 22:18:31.624,1.42913,1.43002,1.87,1.87
2016.12.29 22:18:32.521,1.42912,1.43003,1.87,1.87
2016.12.29 22:18:47.060,1.42908,1.42995,1.87,1.00
2016.12.29 22:18:47.431,1.42908,1.42992,1.87,1.37
2016.12.29 22:18:50.600,1.42908,1.42978,1.87,1.00
2016.12.29 22:18:50.979,1.42908,1.42968,2.25,1.12
2016.12.29 22:18:55.719,1.42908,1.42987,1.87,3.75
2016.12.29 22:18:55.770,1.42908,1.42992,1.87,1.00
2016.12.29 22:19:06.898,1.42908,1.42992,1.87,1.12
2016.12.29 22:19:12.981,1.42907,1.42992,1.87,1.00
2016.12.29 22:19:14.937,1.42913,1.42992,1.87,1.00
2016.12.29 22:19:50.915,1.42913,1.42993,1.87,4.12
2016.12.29 22:19:59.120,1.42907,1.42993,1.87,4.50
2016.12.29 22:20:00.123,1.42908,1.42992,1.87,2.62
2016.12.29 22:20:00.419,1.42908,1.42993,1.87,4.12
2016.12.29 22:20:04.057,1.42912,1.42993,1.87,4.12
2016.12.29 22:20:14.063,1.42908,1.42993,1.87,4.12
2016.12.29 22:20:42.408,1.42908,1.42993,1.87,4.12
2016.12.29 22:20:45.923,1.42908,1.42992,1.87,1.00
2016.12.29 22:20:48.447,1.42907,1.42992,1.87,1.00
2016.12.29 22:21:04.388,1.42913,1.42992,1.87,1.00
2016.12.29 22:21:05.325,1.42912,1.42992,1.87,1.00
2016.12.29 22:21:22.250,1.42913,1.42992,1.87,1.00
2016.12.29 22:21:25.305,1.42912,1.42992,1.87,1.00
2016.12.29 22:21:28.177,1.42913,1.42992,1.87,1.00
2016.12.29 22:21:28.654,1.42913,1.42992,1.87,1.00
2016.12.29 22:21:32.706,1.42913,1.42992,1.87,1.00
2016.12.29 22:21:38.655,1.42908,1.42992,1.87,1.00
2016.12.29 22:21:43.973,1.42912,1.42993,1.87,1.37
2016.12.29 22:21:44.701,1.42913,1.42993,1.87,1.37
2016.12.29 22:21:48.914,1.42902,1.42987,1.87,4.50
2016.12.29 22:21:48.965,1.42903,1.42985,1.87,4.12
2016.12.29 22:21:51.338,1.42902,1.42985,1.87,4.12
2016.12.29 22:22:07.634,1.42903,1.42985,1.87,4.12
2016.12.29 22:22:28.164,1.42907,1.42985,1.87,4.12
2016.12.29 22:22:41.175,1.42908,1.42985,1.87,3.75
2016.12.29 22:22:41.227,1.42907,1.42987,1.87,1.00
2016.12.29 22:22:48.162,1.42913,1.42987,1.87,1.00
2016.12.29 22:22:49.116,1.42912,1.42987,1.87,1.00
2016.12.29 22:23:00.231,1.42913,1.42987,1.87,1.00
2016.12.29 22:23:02.252,1.42912,1.42987,1.87,1.00
2016.12.29 22:23:08.160,1.42913,1.42987,1.87,1.00
2016.12.29 22:23:36.425,1.42913,1.42988,1.87,4.12
2016.12.29 22:23:46.446,1.42908,1.42988,1.87,4.12
2016.12.29 22:23:46.983,1.42907,1.42988,1.87,4.12
2016.12.29 22:23:54.798,1.42902,1.42988,1.87,4.50
2016.12.29 22:23:55.019,1.42898,1.42987,6.00,2.62
2016.12.29 22:23:55.069,1.42898,1.42987,4.12,1.12
2016.12.29 22:23:55.120,1.42898,1.42988,4.12,6.00
2016.12.29 22:23:55.171,1.42898,1.42987,4.12,1.12
2016.12.29 22:23:59.510,1.42898,1.42987,4.12,2.62
2016.12.29 22:23:59.662,1.42898,1.42988,4.12,4.12
2016.12.29 22:25:23.695,1.42899,1.42983,1.37,1.00
2016.12.29 22:25:24.305,1.42901,1.4298,1.00,1.00
2016.12.29 22:26:01.621,1.42908,1.4298,1.87,1.00
2016.12.29 22:26:01.790,1.42907,1.4298,2.25,1.00
2016.12.29 22:26:01.841,1.42917,1.4298,1.87,1.00
2016.12.29 22:26:02.055,1.4291,1.4298,1.12,1.00
2016.12.29 22:26:02.137,1.42901,1.4298,1.00,1.00
2016.12.29 22:26:03.428,1.42901,1.4298,1.37,1.00
2016.12.29 22:26:03.479,1.42908,1.4298,1.87,1.00
2016.12.29 22:26:03.827,1.42917,1.4298,1.87,1.00
2016.12.29 22:26:03.878,1.4291,1.4298,1.87,1.00
2016.12.29 22:26:03.929,1.42907,1.4298,1.87,1.00
2016.12.29 22:26:03.980,1.42908,1.4298,1.87,1.00
2016.12.29 22:26:05.313,1.42928,1.4298,1.87,1.00
2016.12.29 22:26:06.020,1.42918,1.4298,1.87,1.00
2016.12.29 22:26:06.073,1.42907,1.4298,3.00,1.00
2016.12.29 22:26:06.124,1.42907,1.4298,3.00,1.00
2016.12.29 22:26:06.225,1.42901,1.4298,1.37,1.00
2016.12.29 22:26:06.666,1.42917,1.4298,1.87,1.00
2016.12.29 22:26:07.050,1.42908,1.4298,1.87,1.00
2016.12.29 22:26:07.101,1.42907,1.4298,3.00,1.00
2016.12.29 22:26:07.202,1.42901,1.4298,1.37,1.00
2016.12.29 22:26:07.420,1.42901,1.4298,1.37,1.00
2016.12.29 22:26:07.723,1.42923,1.4298,1.87,1.00
2016.12.29 22:26:08.331,1.42933,1.4298,1.87,1.00
2016.12.29 22:26:08.922,1.42933,1.4298,1.87,1.00
2016.12.29 22:26:08.973,1.42927,1.4298,1.87,1.00
2016.12.29 22:26:09.024,1.42923,1.4298,1.00,1.00
2016.12.29 22:26:09.226,1.42927,1.4298,1.87,1.00
2016.12.29 22:26:09.378,1.42927,1.4298,1.87,1.00
2016.12.29 22:26:09.429,1.42922,1.4298,1.87,1.00
2016.12.29 22:26:09.530,1.42918,1.42987,3.00,1.00
2016.12.29 22:26:09.581,1.42923,1.42987,1.87,1.00
2016.12.29 22:26:09.930,1.42923,1.42987,1.87,1.00
2016.12.29 22:26:10.321,1.42942,1.42987,1.87,1.00
2016.12.29 22:26:10.624,1.42942,1.42987,1.87,1.00
2016.12.29 22:26:10.725,1.42932,1.42987,1.87,1.00
2016.12.29 22:26:10.776,1.42928,1.42987,1.00,1.00
2016.12.29 22:26:11.029,1.42927,1.42987,1.87,1.00
2016.12.29 22:26:11.360,1.42943,1.42987,1.87,1.00
2016.12.29 22:26:11.411,1.42933,1.42987,1.00,1.00
2016.12.29 22:26:11.462,1.42927,1.42987,1.87,1.00
2016.12.29 22:26:11.513,1.42924,1.42987,1.00,1.00
2016.12.29 22:26:11.858,1.42928,1.42987,1.87,1.00
2016.12.29 22:26:14.682,1.42923,1.42987,1.87,1.00
2016.12.29 22:26:17.122,1.42923,1.42987,1.87,1.00
2016.12.29 22:26:18.526,1.42912,1.42987,2.25,1.00
2016.12.29 22:26:18.603,1.42908,1.42987,1.87,1.00
2016.12.29 22:26:19.121,1.42903,1.42987,1.87,1.37
2016.12.29 22:26:39.861,1.42903,1.42987,1.87,1.37
2016.12.29 22:26:40.218,1.42903,1.42987,1.87,1.37
2016.12.29 22:26:46.056,1.42903,1.42987,1.87,2.62
2016.12.29 22:27:13.953,1.42903,1.42987,1.87,2.62
2016.12.29 22:27:27.094,1.42903,1.42987,1.87,1.12
2016.12.29 22:27:27.372,1.42903,1.42987,1.87,2.62
2016.12.29 22:27:33.420,1.42903,1.42987,1.87,1.12
2016.12.29 22:27:33.609,1.42903,1.42987,1.87,2.62
2016.12.29 22:27:49.917,1.42902,1.42987,1.87,1.00
2016.12.29 22:27:51.428,1.42902,1.42987,1.87,1.00
2016.12.29 22:27:56.805,1.42902,1.42987,1.87,1.00
2016.12.29 22:27:56.856,1.42903,1.42987,1.87,1.12
2016.12.29 22:28:11.341,1.42903,1.42987,1.87,2.62
2016.12.29 22:28:43.456,1.42902,1.42987,1.87,1.00
2016.12.29 22:28:44.467,1.42903,1.42987,1.87,1.12
2016.12.29 22:28:54.928,1.42903,1.42987,1.87,3.00
2016.12.29 22:28:59.750,1.42902,1.42988,2.25,1.75
2016.12.29 22:29:01.058,1.42908,1.42988,1.87,1.12
2016.12.29 22:29:01.589,1.42922,1.42988,1.87,1.12
2016.12.29 22:29:01.690,1.42917,1.42988,1.87,1.12
2016.12.29 22:29:03.209,1.42918,1.42988,1.87,1.12
2016.12.29 22:29:08.406,1.42922,1.42988,1.87,1.12
2016.12.29 22:29:11.344,1.42918,1.42988,1.87,1.12
2016.12.29 22:29:43.457,1.42923,1.42989,1.12,1.12
2016.12.29 22:30:01.118,1.42939,1.42985,1.00,1.50
2016.12.29 22:30:01.219,1.42936,1.42985,1.00,1.00
2016.12.29 22:30:01.724,1.42939,1.42983,1.00,1.00
2016.12.29 22:30:01.876,1.42938,1.42985,1.00,1.00
2016.12.29 22:30:02.027,1.42936,1.42985,1.50,1.00
2016.12.29 22:30:02.244,1.42939,1.42985,1.00,1.00
2016.12.29 22:30:02.297,1.42936,1.42985,1.00,1.00
2016.12.29 22:30:02.727,1.42939,1.42985,1.00,1.00
2016.12.29 22:30:02.847,1.42936,1.42985,1.50,1.00
2016.12.29 22:30:03.629,1.42936,1.42984,1.00,1.00
2016.12.29 22:30:03.851,1.42939,1.42985,1.00,1.00
2016.12.29 22:30:03.952,1.42936,1.42983,1.00,1.00
2016.12.29 22:30:04.003,1.42936,1.42985,1.00,1.00
2016.12.29 22:30:04.104,1.42938,1.42985,1.00,1.00
2016.12.29 22:30:04.306,1.42936,1.42985,1.00,1.00
2016.12.29 22:30:04.609,1.42936,1.42982,1.00,1.00
2016.12.29 22:30:04.660,1.42936,1.42984,1.50,1.00
2016.12.29 22:30:04.711,1.42938,1.42985,1.00,1.00
2016.12.29 22:30:05.232,1.42943,1.42971,1.00,1.00
2016.12.29 22:31:04.980,1.42941,1.42973,1.00,1.00
2016.12.29 22:31:50.570,1.42935,1.42994,1.12,1.12
2016.12.29 22:31:58.811,1.42941,1.42973,1.00,1.00
2016.12.29 22:32:17.910,1.42935,1.42987,1.12,1.12
2016.12.29 22:32:23.222,1.42935,1.42986,1.12,1.12
2016.12.29 22:32:27.613,1.42935,1.42987,1.12,1.12
2016.12.29 22:32:28.880,1.42935,1.42987,1.37,1.12
2016.12.29 22:32:40.549,1.42936,1.42987,1.37,1.12
2016.12.29 22:32:52.549,1.42936,1.42986,1.37,1.12
2016.12.29 22:32:55.002,1.42941,1.42973,1.00,1.00
2016.12.29 22:33:55.268,1.42938,1.42983,1.12,1.12
2016.12.29 22:33:58.628,1.42937,1.42984,1.50,1.12
2016.12.29 22:34:02.610,1.42938,1.42983,1.12,1.12
2016.12.29 22:34:12.608,1.42937,1.42984,1.50,1.12
2016.12.29 22:34:26.272,1.42935,1.42987,1.12,1.00
2016.12.29 22:34:31.837,1.42936,1.42988,1.37,1.00
2016.12.29 22:35:06.732,1.42936,1.42988,1.00,1.00
2016.12.29 22:35:13.920,1.42936,1.42988,1.37,1.00
2016.12.29 22:35:32.029,1.42936,1.42996,1.37,1.00
2016.12.29 22:35:33.402,1.42936,1.42995,1.37,1.00
2016.12.29 22:35:41.362,1.42941,1.42973,1.00,1.00
2016.12.29 22:35:41.999,1.4294,1.42974,1.00,1.00
2016.12.29 22:36:17.224,1.42939,1.42975,1.87,1.00
2016.12.29 22:36:17.671,1.42945,1.42975,1.00,1.00
2016.12.29 22:36:18.825,1.4294,1.4298,1.00,1.00
2016.12.29 22:37:01.893,1.4294,1.42976,1.00,1.25
2016.12.29 22:37:01.944,1.4294,1.4298,1.00,1.00
2016.12.29 22:37:01.995,1.4294,1.42958,1.00,1.31
2016.12.29 22:37:02.046,1.42933,1.42961,1.12,1.25
2016.12.29 22:37:02.097,1.42929,1.42969,1.00,1.00
2016.12.29 22:37:15.008,1.42932,1.4297,1.00,1.00
2016.12.29 22:38:03.971,1.42932,1.4297,1.00,1.75
2016.12.29 22:38:06.958,1.42932,1.42963,1.00,1.12
2016.12.29 22:38:07.009,1.42929,1.42963,1.00,1.12
2016.12.29 22:39:01.842,1.42929,1.42952,1.00,1.25
2016.12.29 22:39:01.892,1.42922,1.4295,1.00,1.25
2016.12.29 22:39:01.994,1.42922,1.42958,1.00,1.31
2016.12.29 22:39:02.045,1.42922,1.4296,1.00,1.00
2016.12.29 22:40:01.920,1.42918,1.42962,1.00,1.37
2016.12.29 22:40:33.305,1.42912,1.42962,1.19,1.37
2016.12.29 22:40:40.525,1.42911,1.42962,1.25,1.37
2016.12.29 22:40:41.226,1.42911,1.42962,1.19,1.37
2016.12.29 22:40:42.673,1.42907,1.42962,1.19,1.37
2016.12.29 22:40:54.598,1.42906,1.42963,1.50,1.69
2016.12.29 22:40:54.699,1.42919,1.42959,1.00,1.62
2016.12.29 22:40:59.657,1.42919,1.42941,1.00,1.75
2016.12.29 22:40:59.707,1.42916,1.42936,1.00,1.00
2016.12.29 22:40:59.758,1.42905,1.42936,1.00,1.00
2016.12.29 22:40:59.860,1.429,1.42936,1.00,1.00
2016.12.29 22:41:02.800,1.429,1.42935,1.00,1.00
2016.12.29 22:41:02.852,1.42899,1.42924,1.00,1.00
2016.12.29 22:41:02.903,1.42893,1.42924,1.50,1.00
2016.12.29 22:41:33.047,1.42894,1.42924,1.00,1.00
2016.12.29 22:41:39.156,1.42894,1.42916,1.00,1.00
2016.12.29 22:41:39.257,1.42887,1.42916,1.00,1.00
2016.12.29 22:41:58.090,1.42876,1.42916,1.12,3.75
2016.12.29 22:41:58.161,1.42884,1.42917,1.00,1.37
2016.12.29 22:42:01.695,1.42884,1.42917,1.00,1.12
2016.12.29 22:42:01.746,1.42882,1.42916,1.00,1.37
2016.12.29 22:42:17.996,1.42882,1.42924,1.00,1.00
2016.12.29 22:42:18.148,1.42884,1.42922,1.00,1.00
2016.12.29 22:42:19.397,1.42884,1.42922,1.00,3.37
2016.12.29 22:42:19.600,1.42881,1.42918,1.00,1.37
2016.12.29 22:42:26.988,1.42881,1.42907,1.00,1.31
2016.12.29 22:42:27.116,1.42877,1.42916,1.00,1.62
2016.12.29 22:42:27.167,1.42877,1.42916,1.00,1.25
2016.12.29 22:42:27.799,1.42877,1.42917,1.00,1.12
2016.12.29 22:42:49.533,1.42877,1.42915,1.00,1.25
2016.12.29 22:42:52.601,1.42877,1.42911,1.00,1.25
2016.12.29 22:42:55.014,1.42877,1.42914,1.00,1.25
2016.12.29 22:42:55.293,1.42877,1.42912,1.00,1.25
2016.12.29 22:42:55.618,1.42875,1.42905,1.00,1.25
2016.12.29 22:42:55.669,1.42875,1.42912,1.00,2.81
2016.12.29 22:42:56.968,1.42875,1.42902,1.00,1.25
2016.12.29 22:42:59.635,1.42875,1.42882,1.00,1.25
2016.12.29 22:42:59.686,1.42867,1.42877,1.12,1.25
2016.12.29 22:42:59.793,1.42858,1.42872,1.00,1.25
2016.12.29 22:42:59.845,1.42847,1.42879,1.00,1.25
2016.12.29 22:42:59.965,1.42844,1.42896,1.12,1.69
2016.12.29 22:43:00.066,1.42848,1.42896,1.00,1.00
2016.12.29 22:43:00.382,1.42852,1.42898,1.00,1.00
2016.12.29 22:43:35.331,1.42852,1.42897,1.00,1.00
2016.12.29 22:43:35.847,1.42846,1.42893,1.00,1.37
2016.12.29 22:43:38.320,1.42847,1.42893,1.00,1.37
2016.12.29 22:43:49.581,1.42852,1.42893,1.19,1.37
2016.12.29 22:43:49.894,1.42856,1.42896,1.19,1.00
2016.12.29 22:43:50.448,1.42856,1.42896,1.00,1.00
2016.12.29 22:43:50.499,1.42852,1.42896,1.25,1.00
2016.12.29 22:43:55.022,1.42852,1.42899,1.25,1.00
2016.12.29 22:43:57.933,1.42849,1.42899,1.19,1.00
2016.12.29 22:43:57.984,1.42852,1.42899,1.19,1.00
2016.12.29 22:44:11.054,1.42855,1.42899,1.19,1.00
2016.12.29 22:44:13.158,1.42854,1.42899,1.19,1.00
2016.12.29 22:44:13.340,1.42859,1.42899,1.19,1.00
2016.12.29 22:44:14.390,1.42858,1.42899,1.19,1.00
2016.12.29 22:44:14.890,1.42861,1.42899,1.19,1.00
2016.12.29 22:44:15.244,1.42866,1.42899,1.19,1.00
2016.12.29 22:44:17.590,1.4287,1.42899,1.19,1.00
2016.12.29 22:44:18.083,1.42874,1.42898,1.25,1.00
2016.12.29 22:44:19.994,1.42876,1.42898,1.25,1.00
2016.12.29 22:44:21.485,1.42875,1.42898,1.25,1.00
2016.12.29 22:44:22.892,1.42877,1.42898,1.25,1.00
2016.12.29 22:44:23.466,1.42877,1.42899,1.25,1.00
2016.12.29 22:44:24.025,1.42877,1.42898,1.25,1.00
2016.12.29 22:44:24.356,1.42888,1.42898,1.25,1.00
2016.12.29 22:44:24.637,1.42888,1.42902,1.25,1.00
2016.12.29 22:44:24.814,1.42896,1.42905,1.19,1.00
2016.12.29 22:44:24.965,1.42897,1.42908,1.19,1.00
2016.12.29 22:44:25.543,1.42895,1.42908,1.19,1.00
2016.12.29 22:44:27.516,1.42891,1.42908,1.19,1.00
2016.12.29 22:44:29.663,1.42887,1.42908,1.19,1.00
2016.12.29 22:44:30.050,1.42887,1.4291,1.19,1.50
2016.12.29 22:44:30.760,1.42888,1.4291,1.25,1.50
2016.12.29 22:44:30.912,1.42889,1.4291,1.19,1.50
2016.12.29 22:44:34.238,1.42893,1.4291,1.19,1.50
2016.12.29 22:44:34.288,1.42891,1.4291,1.19,1.50
2016.12.29 22:44:35.461,1.42898,1.4291,1.19,1.00
2016.12.29 22:44:35.512,1.42902,1.42912,1.25,1.00
2016.12.29 22:44:35.613,1.42904,1.42924,1.25,1.00
2016.12.29 22:44:35.664,1.42904,1.42932,1.25,1.00
2016.12.29 22:44:35.766,1.42904,1.42946,1.25,1.00
2016.12.29 22:44:35.899,1.42904,1.42949,1.25,1.00
2016.12.29 22:44:36.471,1.42904,1.4295,1.25,1.50
2016.12.29 22:44:37.213,1.42904,1.42951,1.25,1.00
2016.12.29 22:44:37.711,1.42904,1.42953,1.25,1.00
2016.12.29 22:44:38.123,1.42904,1.42955,1.25,1.00
2016.12.29 22:44:44.808,1.42904,1.42955,1.62,1.50
2016.12.29 22:44:45.012,1.42904,1.42956,1.62,1.50
2016.12.29 22:44:45.535,1.42908,1.42955,1.25,1.00
2016.12.29 22:44:45.769,1.42908,1.42959,1.25,1.00
2016.12.29 22:44:46.278,1.42908,1.4296,1.25,1.00
2016.12.29 22:44:48.111,1.4292,1.42959,1.19,1.00
2016.12.29 22:44:48.263,1.4292,1.42961,1.19,2.25
2016.12.29 22:44:48.415,1.4292,1.42966,1.19,1.00
2016.12.29 22:44:49.544,1.42922,1.42966,1.19,1.00
2016.12.29 22:44:49.747,1.42919,1.42966,1.19,1.00
2016.12.29 22:44:49.798,1.42914,1.42966,1.19,1.00
2016.12.29 22:44:49.899,1.42912,1.42966,1.19,1.00
2016.12.29 22:44:54.431,1.42935,1.42966,1.00,1.00
2016.12.29 22:44:54.544,1.42935,1.42977,1.25,1.00
2016.12.29 22:44:54.595,1.42938,1.42977,1.19,1.00
2016.12.29 22:44:54.646,1.42943,1.42983,1.19,1.00
2016.12.29 22:44:54.697,1.42945,1.42987,1.25,1.00
2016.12.29 22:44:59.660,1.42944,1.42987,1.25,1.00
2016.12.29 22:44:59.734,1.42944,1.42987,1.19,1.00
2016.12.29 22:45:01.180,1.42945,1.42987,1.25,1.00
2016.12.29 22:45:01.728,1.42944,1.42987,1.25,1.00
2016.12.29 22:45:05.653,1.42946,1.42987,1.25,1.00
2016.12.29 22:45:05.855,1.42939,1.42987,1.19,1.00
2016.12.29 22:45:06.397,1.42954,1.42989,1.75,1.00
2016.12.29 22:45:06.449,1.42963,1.42996,1.37,1.00
2016.12.29 22:45:07.144,1.42963,1.42997,1.37,1.00
2016.12.29 22:45:07.501,1.42963,1.43001,1.37,1.00
2016.12.29 22:45:08.286,1.42963,1.43001,2.06,1.00
2016.12.29 22:45:10.150,1.42963,1.43001,1.56,1.00
2016.12.29 22:45:20.016,1.42967,1.43001,1.19,1.00
2016.12.29 22:45:20.320,1.42983,1.43009,1.00,1.00
2016.12.29 22:45:21.011,1.42983,1.43012,1.00,1.00
2016.12.29 22:45:21.388,1.42983,1.43019,1.00,1.00
2016.12.29 22:45:26.840,1.42983,1.43018,1.00,1.00
2016.12.29 22:45:26.941,1.42966,1.43018,1.00,1.69
2016.12.29 22:45:26.992,1.42966,1.43015,1.00,1.25
2016.12.29 22:45:32.455,1.42961,1.43005,1.12,1.00
2016.12.29 22:45:32.759,1.42952,1.42994,1.00,1.00
2016.12.29 22:45:33.263,1.42952,1.42994,1.00,1.37
2016.12.29 22:45:35.227,1.42952,1.42991,1.00,1.25
2016.12.29 22:45:37.264,1.42952,1.42994,1.00,1.37
2016.12.29 22:45:39.679,1.42952,1.42992,1.00,1.25
2016.12.29 22:45:39.730,1.4295,1.42985,1.00,1.25
2016.12.29 22:45:45.637,1.4295,1.42982,1.00,1.25
2016.12.29 22:45:55.908,1.4295,1.42986,1.00,1.25
2016.12.29 22:46:05.578,1.4295,1.42993,1.00,2.06
2016.12.29 22:46:21.648,1.4295,1.42993,1.00,2.06
2016.12.29 22:46:22.398,1.4295,1.42987,1.00,1.19
2016.12.29 22:46:22.887,1.4295,1.42985,1.00,1.19
2016.12.29 22:46:28.057,1.42951,1.42993,1.00,1.12
2016.12.29 22:46:28.108,1.42953,1.42994,1.00,1.37
2016.12.29 22:46:28.420,1.42947,1.42983,1.00,1.19
2016.12.29 22:46:33.037,1.42947,1.42982,1.00,1.19
2016.12.29 22:46:36.079,1.42947,1.42977,1.00,1.19
2016.12.29 22:46:47.059,1.42956,1.42993,1.37,1.00
2016.12.29 22:46:47.161,1.42949,1.42975,1.00,1.19
2016.12.29 22:46:47.263,1.42947,1.42975,1.50,1.19
2016.12.29 22:46:47.364,1.42949,1.42975,1.00,1.19
2016.12.29 22:46:55.963,1.42949,1.42975,1.00,1.19
2016.12.29 22:47:13.751,1.42949,1.42972,1.00,1.19
2016.12.29 22:47:14.301,1.42949,1.42971,1.00,1.19
2016.12.29 22:47:25.751,1.42949,1.42972,1.00,1.19
2016.12.29 22:47:39.800,1.42949,1.42968,1.00,1.25
2016.12.29 22:47:47.444,1.42947,1.42968,1.00,1.25
2016.12.29 22:48:03.060,1.42946,1.42968,1.00,1.25
2016.12.29 22:48:05.324,1.42946,1.42972,1.00,1.19
2016.12.29 22:48:05.963,1.42947,1.42973,1.00,1.19
2016.12.29 22:48:27.119,1.42947,1.42968,1.00,1.25
2016.12.29 22:48:34.011,1.42946,1.42968,1.00,1.25
2016.12.29 22:48:35.885,1.42947,1.42968,1.00,1.25
2016.12.29 22:48:36.685,1.42946,1.42968,1.00,1.25
2016.12.29 22:48:45.024,1.42946,1.42969,1.00,1.19
2016.12.29 22:48:48.154,1.42947,1.42969,1.00,1.19
2016.12.29 22:48:55.747,1.42947,1.42968,1.00,1.19
2016.12.29 22:48:56.752,1.42947,1.42969,1.00,1.19
2016.12.29 22:49:14.746,1.42947,1.42968,1.00,1.19
2016.12.29 22:49:27.583,1.42943,1.42965,1.00,1.25
2016.12.29 22:49:27.688,1.42937,1.42965,1.00,1.25
2016.12.29 22:49:27.740,1.42924,1.42964,1.00,1.37
2016.12.29 22:49:27.841,1.42918,1.4296,1.00,1.00
2016.12.29 22:49:27.892,1.42918,1.42949,1.00,1.00
2016.12.29 22:49:27.943,1.42902,1.42942,3.75,1.00
2016.12.29 22:49:28.014,1.42889,1.42943,2.25,1.87
2016.12.29 22:49:28.066,1.42889,1.42932,2.25,1.87
2016.12.29 22:49:28.370,1.42889,1.42908,1.00,1.87
2016.12.29 22:49:28.521,1.42889,1.42914,1.00,1.37
2016.12.29 22:49:28.572,1.42889,1.42917,1.00,1.12
2016.12.29 22:49:28.667,1.42889,1.42922,1.00,1.87
2016.12.29 22:49:28.920,1.42834,1.42917,1.25,1.00
2016.12.29 22:49:29.336,1.42832,1.42902,1.37,1.87
2016.12.29 22:49:29.539,1.42832,1.42913,1.69,1.87
2016.12.29 22:49:29.661,1.42831,1.42902,4.12,1.87
2016.12.29 22:49:30.072,1.42851,1.42903,1.00,1.87
2016.12.29 22:49:30.503,1.42861,1.42904,3.75,1.37
2016.12.29 22:49:30.605,1.4286,1.42904,3.75,1.00
2016.12.29 22:49:30.656,1.42851,1.42904,1.00,1.00
2016.12.29 22:49:31.054,1.42861,1.42904,3.75,1.00
2016.12.29 22:49:33.049,1.42895,1.42912,1.00,1.00
2016.12.29 22:49:33.151,1.42895,1.42916,1.00,1.00
2016.12.29 22:49:33.230,1.42895,1.42919,1.00,1.12
2016.12.29 22:49:33.281,1.42895,1.42923,1.00,1.00
2016.12.29 22:49:33.332,1.42895,1.42936,1.00,1.00
2016.12.29 22:49:33.434,1.42895,1.4295,1.00,1.00
2016.12.29 22:49:33.535,1.42895,1.42957,1.00,1.87
2016.12.29 22:49:34.203,1.42905,1.42953,1.00,1.00
2016.12.29 22:49:34.534,1.42905,1.42951,1.00,1.00
2016.12.29 22:49:35.572,1.42905,1.42947,1.00,1.00
2016.12.29 22:49:35.994,1.42905,1.42944,1.00,1.00
2016.12.29 22:49:39.164,1.42905,1.42948,1.00,1.00
2016.12.29 22:49:39.215,1.429,1.42947,1.00,1.00
2016.12.29 22:49:39.265,1.42897,1.42941,1.00,1.00
2016.12.29 22:49:41.518,1.42897,1.42941,1.75,1.00
2016.12.29 22:49:41.720,1.42897,1.42941,1.00,1.00
2016.12.29 22:49:42.663,1.42895,1.42939,1.00,1.00
2016.12.29 22:49:43.295,1.42896,1.42939,1.75,1.00
2016.12.29 22:49:43.393,1.42895,1.42939,1.00,1.00
2016.12.29 22:49:43.444,1.4289,1.4294,1.00,1.00
2016.12.29 22:49:44.532,1.42895,1.4294,1.00,1.00
2016.12.29 22:49:44.735,1.42889,1.42939,1.12,1.00
2016.12.29 22:49:46.488,1.42896,1.42937,1.00,1.00
2016.12.29 22:49:46.694,1.42888,1.4294,1.37,1.00
2016.12.29 22:49:47.500,1.42896,1.4294,1.00,1.00
2016.12.29 22:49:47.702,1.42889,1.4294,1.00,1.00
2016.12.29 22:49:48.211,1.42888,1.42939,1.00,1.00
2016.12.29 22:49:51.110,1.42901,1.42939,1.00,1.00
2016.12.29 22:49:51.726,1.42901,1.4294,1.50,1.00
2016.12.29 22:49:53.585,1.429,1.42929,1.12,1.00
2016.12.29 22:49:53.917,1.42857,1.42868,1.50,1.25
2016.12.29 22:49:53.968,1.4283,1.42868,1.12,1.25
2016.12.29 22:49:54.069,1.42805,1.42868,1.37,1.25
2016.12.29 22:49:54.120,1.42813,1.42869,1.19,1.25
2016.12.29 22:49:54.483,1.42818,1.42871,1.19,1.25
2016.12.29 22:49:54.534,1.42814,1.42869,1.19,1.25
2016.12.29 22:49:55.231,1.42816,1.42873,1.19,1.25
2016.12.29 22:49:58.469,1.42827,1.42877,1.19,1.00
2016.12.29 22:49:58.772,1.42867,1.42896,1.19,1.12
2016.12.29 22:49:59.075,1.42874,1.42912,1.19,1.12
2016.12.29 22:49:59.126,1.42874,1.42922,1.19,1.00
2016.12.29 22:49:59.177,1.42887,1.42941,1.19,1.12
2016.12.29 22:49:59.228,1.4289,1.42953,1.25,1.00
2016.12.29 22:49:59.867,1.42898,1.42953,1.00,1.50
2016.12.29 22:49:59.968,1.42889,1.42953,1.37,1.00
2016.12.29 22:50:00.120,1.42888,1.42953,1.87,1.00
2016.12.29 22:50:00.544,1.42888,1.4294,1.00,1.00
2016.12.29 22:50:00.847,1.42892,1.42936,1.00,1.00
2016.12.29 22:50:02.136,1.42887,1.42937,1.00,1.00
2016.12.29 22:50:02.543,1.42917,1.42937,1.12,1.00
2016.12.29 22:50:02.596,1.42917,1.42953,1.12,1.00
2016.12.29 22:50:02.747,1.42917,1.42969,1.12,1.00
2016.12.29 22:50:02.849,1.42917,1.42984,1.12,3.00
2016.12.29 22:50:02.991,1.42919,1.43004,1.12,1.00
2016.12.29 22:50:03.042,1.4292,1.4301,1.00,1.12
2016.12.29 22:50:03.700,1.42928,1.4301,3.37,1.12
2016.12.29 22:50:03.953,1.42935,1.42998,1.00,1.69
2016.12.29 22:50:04.106,1.42932,1.42996,1.00,1.00
2016.12.29 22:50:04.308,1.4293,1.42995,1.00,1.00
2016.12.29 22:50:04.409,1.4293,1.42993,1.00,1.00
2016.12.29 22:50:04.713,1.42927,1.42991,1.12,1.00
2016.12.29 22:50:05.042,1.42926,1.42984,1.50,1.75
2016.12.29 22:50:05.249,1.42917,1.42975,1.00,1.00
2016.12.29 22:50:05.451,1.42916,1.42971,1.00,1.00
2016.12.29 22:50:05.552,1.42913,1.42969,1.00,1.00
2016.12.29 22:50:08.441,1.42939,1.4297,1.00,1.00
2016.12.29 22:50:08.745,1.42948,1.42978,1.12,1.00
2016.12.29 22:50:10.792,1.42936,1.42978,1.00,1.00
2016.12.29 22:50:10.843,1.42933,1.42978,1.00,1.00
2016.12.29 22:50:10.944,1.42932,1.42976,1.00,1.00
2016.12.29 22:50:11.247,1.42921,1.42965,1.00,1.00
2016.12.29 22:50:11.734,1.42919,1.42961,1.00,1.00
2016.12.29 22:50:11.896,1.42915,1.4296,1.00,1.00
2016.12.29 22:50:12.731,1.42914,1.42957,1.00,1.00
2016.12.29 22:50:14.380,1.42914,1.42932,1.00,1.00
2016.12.29 22:50:14.633,1.42892,1.42915,1.00,1.00
2016.12.29 22:50:15.352,1.42893,1.42915,1.00,1.00
2016.12.29 22:50:15.453,1.42889,1.42915,1.00,1.00
2016.12.29 22:50:15.554,1.4288,1.42915,1.87,1.00
2016.12.29 22:50:15.706,1.42877,1.42915,1.25,1.00
2016.12.29 22:50:16.262,1.42877,1.42916,1.25,1.12
2016.12.29 22:50:18.620,1.42877,1.42912,1.25,1.12
2016.12.29 22:50:18.676,1.42869,1.42907,1.56,1.75
2016.12.29 22:50:18.727,1.42867,1.42903,1.19,1.12
2016.12.29 22:50:18.828,1.42861,1.42903,1.19,1.12
2016.12.29 22:50:19.344,1.42856,1.42903,1.19,1.12
2016.12.29 22:50:19.953,1.42859,1.42903,1.19,1.12
2016.12.29 22:50:22.662,1.42864,1.42903,1.00,1.12
2016.12.29 22:50:23.238,1.42864,1.42903,1.19,1.12
2016.12.29 22:50:23.610,1.42858,1.42903,1.19,1.12
2016.12.29 22:50:23.684,1.42858,1.42904,1.19,1.75
2016.12.29 22:50:25.126,1.42861,1.42898,1.19,1.00
2016.12.29 22:50:25.644,1.42861,1.42904,1.19,1.87
2016.12.29 22:50:26.311,1.42857,1.42899,1.19,1.12
2016.12.29 22:50:26.413,1.42855,1.42898,1.19,1.12
2016.12.29 22:50:27.657,1.42859,1.42898,1.19,1.12
2016.12.29 22:50:28.169,1.42863,1.42898,1.19,1.12
2016.12.29 22:50:28.372,1.4286,1.42898,1.19,1.12
2016.12.29 22:50:28.423,1.42857,1.42898,1.19,1.12
2016.12.29 22:50:28.667,1.42863,1.42898,1.00,1.12
2016.12.29 22:50:28.768,1.42875,1.4291,1.25,1.87
2016.12.29 22:50:28.921,1.42875,1.42912,1.25,1.00
2016.12.29 22:50:29.148,1.42881,1.42912,1.25,1.00
2016.12.29 22:50:29.199,1.42881,1.42917,1.25,1.00
2016.12.29 22:50:29.350,1.42875,1.42919,1.62,1.00
2016.12.29 22:50:30.098,1.42875,1.42919,1.25,1.00
2016.12.29 22:50:30.539,1.42887,1.42926,1.25,1.00
2016.12.29 22:50:30.842,1.42889,1.42928,1.00,1.00
2016.12.29 22:50:31.493,1.42889,1.42932,1.00,1.00
2016.12.29 22:50:31.645,1.42893,1.42936,1.00,1.00
2016.12.29 22:50:31.991,1.42929,1.42956,1.00,1.00
2016.12.29 22:50:32.092,1.42929,1.42978,1.00,3.00
2016.12.29 22:50:32.670,1.42929,1.42973,1.00,1.12
2016.12.29 22:50:33.010,1.42929,1.42964,1.00,1.00
2016.12.29 22:50:33.314,1.42944,1.42969,1.19,1.00
2016.12.29 22:50:34.300,1.42937,1.42969,1.62,1.00
2016.12.29 22:50:34.402,1.42937,1.42969,1.25,1.00
2016.12.29 22:50:36.346,1.42937,1.42973,1.25,1.00
2016.12.29 22:50:40.464,1.42937,1.42973,2.00,1.00
2016.12.29 22:50:40.616,1.4294,1.42974,1.25,1.00
2016.12.29 22:50:41.033,1.4294,1.42974,1.69,1.00
2016.12.29 22:50:41.135,1.4294,1.42974,1.25,1.00
2016.12.29 22:50:41.388,1.4293,1.42973,1.75,1.00
2016.12.29 22:50:41.438,1.4293,1.42971,1.75,1.00
2016.12.29 22:50:41.641,1.4292,1.42969,1.00,2.00
2016.12.29 22:50:42.417,1.42913,1.42963,1.12,1.00
2016.12.29 22:50:43.216,1.42912,1.42963,1.50,1.00
2016.12.29 22:50:43.267,1.42912,1.42963,1.00,1.00
2016.12.29 22:50:43.664,1.42912,1.42963,1.75,1.00
2016.12.29 22:50:44.048,1.42917,1.42963,1.12,1.00
2016.12.29 22:50:44.352,1.42909,1.42949,1.00,1.12
2016.12.29 22:50:45.133,1.42903,1.42949,1.00,1.87
2016.12.29 22:50:45.405,1.429,1.42945,1.00,1.75
2016.12.29 22:50:45.456,1.429,1.42927,1.00,1.25
2016.12.29 22:50:45.507,1.42895,1.42924,1.00,1.25
2016.12.29 22:50:45.608,1.42891,1.42924,1.00,1.25
2016.12.29 22:50:45.659,1.42891,1.42922,1.00,1.25
2016.12.29 22:50:46.200,1.4289,1.42922,1.00,1.25
2016.12.29 22:50:47.836,1.42889,1.42915,1.37,1.25
2016.12.29 22:50:47.939,1.42885,1.42912,1.00,1.25
2016.12.29 22:50:48.043,1.42883,1.4291,1.00,1.19
2016.12.29 22:50:48.195,1.4288,1.42914,1.00,1.25
2016.12.29 22:50:48.311,1.4288,1.42916,1.00,1.25
2016.12.29 22:50:49.624,1.4288,1.42921,1.00,1.25
2016.12.29 22:50:49.731,1.4288,1.42924,1.00,1.25
2016.12.29 22:50:50.230,1.42882,1.42925,1.19,1.00
2016.12.29 22:50:50.585,1.42886,1.42925,1.25,1.00
2016.12.29 22:50:53.960,1.42905,1.42925,1.00,1.00
2016.12.29 22:50:54.012,1.42907,1.42935,1.12,1.12
2016.12.29 22:50:54.063,1.42907,1.4294,1.12,1.50
2016.12.29 22:50:54.162,1.42908,1.42942,2.00,1.00
2016.12.29 22:50:54.213,1.42908,1.42946,2.00,1.00
2016.12.29 22:50:56.114,1.42914,1.42946,1.12,1.00
2016.12.29 22:50:56.165,1.42914,1.4295,1.12,1.00
2016.12.29 22:50:56.216,1.42913,1.4295,1.25,1.00
2016.12.29 22:50:56.798,1.4291,1.4295,2.00,1.00
2016.12.29 22:51:07.058,1.42919,1.4295,1.00,1.00
2016.12.29 22:51:07.210,1.42921,1.42961,1.12,1.00
2016.12.29 22:51:07.564,1.42923,1.42961,1.25,1.00
2016.12.29 22:51:08.659,1.42911,1.4296,1.75,1.00
2016.12.29 22:51:08.760,1.42904,1.42957,1.00,1.00
2016.12.29 22:51:12.095,1.42905,1.42957,1.00,1.00
2016.12.29 22:51:12.629,1.42906,1.42957,1.00,1.00
2016.12.29 22:51:12.996,1.42904,1.42957,2.25,1.00
2016.12.29 22:51:15.711,1.42905,1.42957,1.00,1.00
2016.12.29 22:51:16.115,1.42905,1.42957,1.00,1.75
2016.12.29 22:51:16.419,1.42901,1.42928,1.00,1.25
2016.12.29 22:51:16.772,1.429,1.42937,1.00,1.12
2016.12.29 22:51:16.823,1.429,1.42938,1.00,1.37
2016.12.29 22:51:23.368,1.42901,1.42941,2.06,1.75
2016.12.29 22:51:23.419,1.42907,1.42941,1.00,1.00
2016.12.29 22:51:25.299,1.42913,1.42941,1.00,1.00
2016.12.29 22:51:25.489,1.42919,1.42948,1.31,1.00
2016.12.29 22:51:26.508,1.42924,1.42948,1.25,1.00
2016.12.29 22:51:26.559,1.42918,1.42948,1.69,1.00
2016.12.29 22:51:27.101,1.42918,1.42948,1.69,1.00
2016.12.29 22:51:31.588,1.42902,1.42942,1.50,1.00
2016.12.29 22:51:31.721,1.42898,1.42938,1.00,1.00
2016.12.29 22:51:32.024,1.42896,1.42934,1.87,1.00
2016.12.29 22:51:32.859,1.42903,1.42934,1.37,1.00
2016.12.29 22:51:33.316,1.42896,1.42934,1.00,1.00
2016.12.29 22:51:34.725,1.42882,1.42913,1.00,1.12
2016.12.29 22:51:34.842,1.42874,1.42913,1.00,1.12
2016.12.29 22:51:34.928,1.42871,1.42913,1.00,1.12
2016.12.29 22:51:35.029,1.42866,1.42913,1.87,1.87
2016.12.29 22:51:35.586,1.42866,1.42903,1.00,1.12
2016.12.29 22:51:35.890,1.42857,1.42879,1.12,1.25
2016.12.29 22:51:35.940,1.42852,1.42876,1.00,1.19
2016.12.29 22:51:35.991,1.42844,1.42873,3.75,1.25
2016.12.29 22:51:36.093,1.42832,1.42873,1.50,1.25
2016.12.29 22:51:36.196,1.4283,1.42873,1.12,1.25
2016.12.29 22:51:36.459,1.42828,1.42871,1.87,1.25
2016.12.29 22:51:37.151,1.42827,1.42862,1.00,1.25
2016.12.29 22:51:37.354,1.42811,1.42857,1.25,1.25
2016.12.29 22:51:37.614,1.42812,1.42859,1.25,1.25
2016.12.29 22:51:37.725,1.42816,1.42861,1.25,1.25
2016.12.29 22:51:37.776,1.42824,1.42871,1.25,1.25
2016.12.29 22:51:37.877,1.42827,1.42874,1.25,2.44
2016.12.29 22:51:38.207,1.42827,1.42871,1.25,1.00
2016.12.29 22:51:38.510,1.42832,1.42871,1.25,1.00
2016.12.29 22:51:40.936,1.4285,1.42871,1.25,1.00
2016.12.29 22:51:41.240,1.42864,1.42874,1.25,1.00
2016.12.29 22:51:41.557,1.42864,1.42879,1.25,1.00
2016.12.29 22:51:41.608,1.4287,1.42888,1.25,1.00
2016.12.29 22:51:41.710,1.42871,1.42904,1.25,1.50
2016.12.29 22:51:41.811,1.42876,1.42923,1.25,1.00
2016.12.29 22:51:41.862,1.42874,1.42924,1.25,1.00
2016.12.29 22:51:41.963,1.42874,1.42926,1.25,1.00
2016.12.29 22:51:42.064,1.42874,1.42928,1.25,1.00
2016.12.29 22:51:44.631,1.42857,1.42901,1.62,1.75
2016.12.29 22:51:44.935,1.42859,1.42886,1.25,1.00
2016.12.29 22:51:45.241,1.42859,1.42884,1.25,1.00
2016.12.29 22:51:45.847,1.42851,1.42884,1.25,1.00
2016.12.29 22:51:45.948,1.42845,1.42884,1.25,1.00
2016.12.29 22:51:45.999,1.42839,1.42884,1.25,1.00
2016.12.29 22:51:46.261,1.42856,1.42884,1.75,1.00
2016.12.29 22:51:46.312,1.42856,1.42892,1.75,1.75
2016.12.29 22:51:46.363,1.4286,1.42894,2.06,1.00
2016.12.29 22:51:46.414,1.42861,1.42901,1.31,1.00
2016.12.29 22:51:46.465,1.42863,1.42901,1.25,1.00
2016.12.29 22:51:47.272,1.42866,1.42901,1.25,1.00
2016.12.29 22:51:48.360,1.42874,1.42901,1.31,1.00
2016.12.29 22:51:48.411,1.42877,1.42909,1.25,1.00
2016.12.29 22:51:48.462,1.42881,1.42909,1.25,1.00
2016.12.29 22:51:48.981,1.4288,1.42909,1.25,1.00
2016.12.29 22:51:56.597,1.42881,1.42909,1.12,1.00
2016.12.29 22:51:56.648,1.42881,1.42916,1.12,1.00
2016.12.29 22:51:59.572,1.42873,1.42908,1.25,1.00
2016.12.29 22:51:59.623,1.42871,1.42908,1.25,1.00
2016.12.29 22:51:59.674,1.42866,1.42908,1.25,1.00
2016.12.29 22:52:00.266,1.42865,1.42908,1.25,1.00
2016.12.29 22:52:00.350,1.42859,1.42908,1.25,1.00
2016.12.29 22:52:00.789,1.42861,1.42908,1.19,1.00
2016.12.29 22:52:00.936,1.42857,1.42908,1.00,1.00
2016.12.29 22:52:00.987,1.42856,1.42905,1.31,1.75
2016.12.29 22:52:01.652,1.42854,1.42904,1.00,1.12
2016.12.29 22:52:03.533,1.42854,1.42895,1.00,1.12
2016.12.29 22:52:03.685,1.42851,1.42895,1.00,1.12
2016.12.29 22:52:05.142,1.42875,1.42895,1.00,1.12
2016.12.29 22:52:05.193,1.42882,1.42908,1.37,1.12
2016.12.29 22:52:05.244,1.42882,1.4291,1.37,1.00
2016.12.29 22:52:05.345,1.42882,1.42914,1.37,1.00
2016.12.29 22:52:05.548,1.42882,1.42917,1.37,1.00
2016.12.29 22:52:07.149,1.42885,1.42922,1.62,1.00
2016.12.29 22:52:13.658,1.42889,1.42922,1.37,1.00
2016.12.29 22:52:13.759,1.42894,1.42929,1.00,1.00
2016.12.29 22:52:15.615,1.42895,1.42929,1.37,1.00
2016.12.29 22:52:15.666,1.42901,1.42933,1.00,1.00
2016.12.29 22:52:15.718,1.42901,1.42935,1.00,1.00
2016.12.29 22:52:18.186,1.42898,1.42935,1.25,1.00
2016.12.29 22:52:18.509,1.42894,1.42934,1.00,1.00
2016.12.29 22:52:18.610,1.42892,1.42934,1.25,1.00
2016.12.29 22:52:18.680,1.42888,1.42934,1.69,1.00
2016.12.29 22:52:27.697,1.42897,1.42938,1.00,1.00
2016.12.29 22:52:28.000,1.42897,1.42938,1.75,1.00
2016.12.29 22:52:29.619,1.42891,1.42938,1.00,1.00
2016.12.29 22:52:30.126,1.42887,1.42935,1.00,1.00
2016.12.29 22:52:41.192,1.42887,1.42934,1.00,1.19
2016.12.29 22:52:45.017,1.42887,1.42932,1.00,1.25
2016.12.29 22:52:47.464,1.42887,1.4293,1.00,1.25
2016.12.29 22:52:48.014,1.42887,1.42929,1.00,1.25
2016.12.29 22:52:50.317,1.42887,1.42933,1.00,1.25
2016.12.29 22:52:50.609,1.42887,1.42927,1.00,1.25
2016.12.29 22:52:56.560,1.42887,1.42933,1.00,1.25
2016.12.29 22:53:01.528,1.42887,1.42935,1.00,1.69
2016.12.29 22:53:04.909,1.42887,1.42935,1.00,1.37
2016.12.29 22:53:05.315,1.42887,1.42935,1.00,1.12
2016.12.29 22:53:21.722,1.42887,1.42932,1.00,1.25
2016.12.29 22:53:30.138,1.42885,1.42932,1.00,1.25
2016.12.29 22:53:38.969,1.42885,1.42926,1.00,1.25
2016.12.29 22:53:39.273,1.42878,1.42912,1.00,1.25
2016.12.29 22:53:43.101,1.42878,1.42915,1.00,2.00
2016.12.29 22:53:48.266,1.42875,1.4292,1.00,2.06
2016.12.29 22:54:08.027,1.42875,1.42922,1.37,1.75
2016.12.29 22:54:08.078,1.42875,1.42922,1.50,1.00
2016.12.29 22:54:08.129,1.42887,1.42922,1.25,1.00
2016.12.29 22:54:08.432,1.42891,1.42922,1.25,1.00
2016.12.29 22:54:18.957,1.42895,1.42921,1.25,1.00
2016.12.29 22:54:19.260,1.42902,1.42928,1.12,1.00
2016.12.29 22:54:20.135,1.42901,1.42928,1.69,1.00
2016.12.29 22:54:20.186,1.42901,1.42928,1.25,1.00
2016.12.29 22:54:28.467,1.42904,1.42928,1.25,1.00
2016.12.29 22:54:35.719,1.42907,1.42928,1.00,1.00
2016.12.29 22:54:36.242,1.42906,1.42928,1.25,1.00
2016.12.29 22:54:36.452,1.42906,1.4293,1.25,1.00
2016.12.29 22:54:50.992,1.42911,1.4293,1.25,1.00
2016.12.29 22:54:51.093,1.42911,1.42934,1.25,1.00
2016.12.29 22:54:57.052,1.42915,1.42934,1.25,1.00
2016.12.29 22:54:58.789,1.42896,1.42934,1.00,1.00
2016.12.29 22:54:58.890,1.42896,1.42932,1.00,1.37
2016.12.29 22:54:59.194,1.42883,1.42923,1.69,1.00
2016.12.29 22:55:01.553,1.42883,1.42923,1.00,1.50
2016.12.29 22:55:01.604,1.42883,1.42919,1.00,1.00
2016.12.29 22:55:01.807,1.42865,1.42906,2.25,1.00
2016.12.29 22:55:01.858,1.42864,1.42901,1.75,1.00
2016.12.29 22:55:02.496,1.42867,1.42904,1.69,1.00
2016.12.29 22:55:02.547,1.42867,1.42907,1.69,1.00
2016.12.29 22:55:04.093,1.42867,1.42911,1.37,1.00
2016.12.29 22:55:04.881,1.42867,1.4291,2.44,1.00
2016.12.29 22:55:07.568,1.42879,1.4291,1.56,1.00
2016.12.29 22:55:07.669,1.42882,1.42914,1.31,1.00
2016.12.29 22:55:10.042,1.42886,1.42918,1.75,1.00
2016.12.29 22:55:10.093,1.42892,1.42921,1.69,1.00
2016.12.29 22:55:10.144,1.42899,1.42925,1.00,1.00
2016.12.29 22:55:11.119,1.42892,1.42925,1.19,1.00
2016.12.29 22:55:11.321,1.42896,1.42925,1.19,1.00
2016.12.29 22:55:11.372,1.42896,1.42928,1.19,1.00
2016.12.29 22:55:12.675,1.42888,1.42928,1.19,1.00
2016.12.29 22:55:12.726,1.42884,1.42926,1.19,1.50
2016.12.29 22:55:12.777,1.42884,1.42922,1.19,1.00
2016.12.29 22:55:13.081,1.42884,1.42917,1.19,1.00
2016.12.29 22:55:18.439,1.42876,1.42917,1.00,1.00
2016.12.29 22:55:18.642,1.42868,1.42897,1.12,1.19
2016.12.29 22:55:18.744,1.42861,1.42893,1.00,1.25
2016.12.29 22:55:18.883,1.42853,1.42889,1.25,1.25
2016.12.29 22:55:19.452,1.42849,1.42888,1.25,1.25
2016.12.29 22:55:21.351,1.42844,1.42883,1.00,2.00
2016.12.29 22:55:21.452,1.42841,1.4288,1.00,1.25
2016.12.29 22:55:21.554,1.42841,1.42874,1.00,1.25
2016.12.29 22:55:25.079,1.42836,1.42874,1.00,1.25
2016.12.29 22:55:25.180,1.42828,1.42874,1.69,1.25
2016.12.29 22:55:26.460,1.42836,1.42878,1.25,1.00
2016.12.29 22:55:26.768,1.42832,1.42875,1.25,1.00
2016.12.29 22:55:27.806,1.42832,1.42874,1.25,1.00
2016.12.29 22:55:27.857,1.42827,1.42873,1.25,1.25
2016.12.29 22:55:27.908,1.42826,1.42869,1.00,1.25
2016.12.29 22:55:28.234,1.42826,1.42861,1.00,1.19
2016.12.29 22:55:29.611,1.42826,1.42863,1.00,1.25
2016.12.29 22:55:31.072,1.42826,1.42865,1.00,1.25
2016.12.29 22:55:31.123,1.42826,1.42868,1.00,1.25
2016.12.29 22:55:34.946,1.42827,1.42874,1.25,1.69
2016.12.29 22:55:39.900,1.42842,1.4288,1.00,1.00
2016.12.29 22:55:40.203,1.42849,1.42882,1.25,1.00
2016.12.29 22:55:40.328,1.42842,1.42882,1.75,1.00
2016.12.29 22:55:40.531,1.42839,1.42868,1.75,1.25
2016.12.29 22:55:40.632,1.4283,1.42861,1.00,1.25
2016.12.29 22:55:40.684,1.42841,1.42861,1.00,1.25
2016.12.29 22:55:40.887,1.42838,1.42873,1.12,1.25
2016.12.29 22:55:40.988,1.42828,1.42863,1.00,1.25
2016.12.29 22:55:41.039,1.42825,1.42863,1.00,1.25
2016.12.29 22:55:42.170,1.42825,1.4286,1.00,1.25
2016.12.29 22:55:43.836,1.42825,1.42863,1.00,1.19
2016.12.29 22:55:47.060,1.42825,1.4286,1.00,1.25
2016.12.29 22:55:47.263,1.42814,1.42851,1.00,1.25
2016.12.29 22:55:47.829,1.42814,1.42841,1.00,1.25
2016.12.29 22:55:47.981,1.42808,1.42841,1.00,1.25
2016.12.29 22:55:49.966,1.42804,1.42841,1.00,1.25
2016.12.29 22:55:50.090,1.42801,1.42841,1.25,1.25
2016.12.29 22:55:50.827,1.42805,1.42845,1.25,1.69
2016.12.29 22:55:51.614,1.42802,1.42841,1.25,1.25
2016.12.29 22:55:55.740,1.42803,1.4284,1.25,1.25
2016.12.29 22:55:56.070,1.42799,1.42836,1.25,1.25
2016.12.29 22:55:58.045,1.42804,1.42841,1.25,1.25
2016.12.29 22:55:58.095,1.42805,1.42843,1.25,1.00
2016.12.29 22:55:58.146,1.42798,1.42841,1.00,1.25
2016.12.29 22:55:59.302,1.42798,1.42843,1.69,1.00
2016.12.29 22:55:59.353,1.42804,1.42843,1.25,1.00
2016.12.29 22:55:59.711,1.42801,1.42843,1.25,1.00
2016.12.29 22:55:59.762,1.42798,1.42843,1.00,1.00
2016.12.29 22:56:00.313,1.42797,1.42842,1.25,1.00
2016.12.29 22:56:00.842,1.42802,1.42842,1.25,1.00
2016.12.29 22:56:01.072,1.42798,1.42842,1.00,1.00
2016.12.29 22:56:01.971,1.42803,1.42842,1.25,1.00
2016.12.29 22:56:03.260,1.428,1.42842,1.19,1.00
2016.12.29 22:56:04.050,1.42803,1.4284,1.25,1.25
2016.12.29 22:56:04.202,1.42801,1.42842,1.25,1.00
2016.12.29 22:56:04.303,1.42802,1.42842,1.19,1.00
2016.12.29 22:56:10.849,1.42809,1.42842,1.00,1.00
2016.12.29 22:56:11.739,1.42825,1.42844,1.75,1.00
2016.12.29 22:56:11.790,1.42826,1.42852,1.69,1.75
2016.12.29 22:56:11.841,1.4283,1.42852,1.25,1.00
2016.12.29 22:56:11.992,1.42841,1.4288,1.25,1.00
2016.12.29 22:56:12.094,1.42841,1.42892,1.25,1.25
2016.12.29 22:56:12.195,1.42844,1.42901,1.25,1.12
2016.12.29 22:56:12.296,1.42846,1.42902,1.00,1.37
2016.12.29 22:56:12.599,1.42854,1.42902,1.00,1.37
2016.12.29 22:56:13.424,1.4285,1.42902,1.00,1.37
2016.12.29 22:56:14.008,1.42851,1.42902,1.00,1.37
2016.12.29 22:56:14.503,1.42848,1.42902,2.62,1.37
2016.12.29 22:56:14.804,1.4285,1.42899,1.00,1.00
2016.12.29 22:56:17.136,1.42848,1.42897,1.87,1.00
2016.12.29 22:56:17.237,1.42845,1.42895,1.25,1.00
2016.12.29 22:56:18.877,1.42845,1.42892,1.25,1.00
2016.12.29 22:56:19.192,1.42846,1.42889,1.00,1.00
2016.12.29 22:56:21.137,1.42844,1.42886,1.25,1.00
2016.12.29 22:56:27.259,1.4285,1.42886,1.25,1.00
2016.12.29 22:56:28.372,1.4285,1.4289,1.25,1.00
2016.12.29 22:56:31.699,1.42862,1.4289,1.25,1.00
2016.12.29 22:56:33.049,1.42862,1.42887,1.25,1.00
2016.12.29 22:56:33.805,1.42863,1.42887,1.25,1.00
2016.12.29 22:56:37.273,1.42859,1.42887,1.19,1.00
2016.12.29 22:56:37.324,1.4286,1.42887,1.25,1.00
2016.12.29 22:56:42.050,1.4286,1.42887,1.19,1.00
2016.12.29 22:56:42.151,1.4286,1.42887,1.25,1.00
2016.12.29 22:56:45.883,1.42858,1.42887,1.25,1.00
2016.12.29 22:56:49.344,1.42853,1.42887,1.19,1.00
2016.12.29 22:56:49.496,1.42853,1.42885,1.19,1.00
2016.12.29 22:56:49.547,1.42847,1.42885,1.19,1.00
2016.12.29 22:56:49.598,1.42844,1.42884,1.25,1.00
2016.12.29 22:56:49.750,1.42841,1.42884,1.50,1.00
2016.12.29 22:56:51.186,1.42846,1.42884,1.25,1.00
2016.12.29 22:56:51.771,1.42849,1.42884,1.25,1.00
2016.12.29 22:56:53.015,1.42853,1.42884,1.25,1.00
2016.12.29 22:56:55.183,1.42857,1.42884,1.25,1.00
2016.12.29 22:56:56.378,1.42852,1.42884,1.25,1.00
2016.12.29 22:56:56.479,1.42856,1.42884,1.25,1.00
2016.12.29 22:56:57.806,1.42853,1.42884,1.25,1.00
2016.12.29 22:56:57.907,1.42848,1.42884,1.25,1.00
2016.12.29 22:56:57.963,1.42844,1.42884,1.25,1.00
2016.12.29 22:56:58.014,1.42838,1.42884,2.25,1.00
2016.12.29 22:56:59.749,1.42845,1.42884,1.25,1.00
2016.12.29 22:57:01.181,1.42851,1.42884,1.25,1.50
2016.12.29 22:57:01.545,1.42862,1.42893,1.37,1.87
2016.12.29 22:57:01.848,1.42874,1.42902,1.25,1.00
2016.12.29 22:57:01.899,1.42866,1.42902,1.25,1.00
2016.12.29 22:57:02.784,1.4287,1.42902,1.25,1.00
2016.12.29 22:57:04.110,1.42876,1.42902,1.25,1.00
2016.12.29 22:57:05.553,1.42881,1.42902,1.25,1.00
2016.12.29 22:57:08.556,1.42862,1.42902,2.00,1.00
2016.12.29 22:57:08.608,1.42862,1.42902,1.25,1.00
2016.12.29 22:57:08.690,1.42863,1.42894,1.25,1.00
2016.12.29 22:57:08.994,1.42862,1.42887,1.25,1.00
2016.12.29 22:57:09.300,1.42862,1.42884,1.25,1.00
2016.12.29 22:57:14.167,1.42862,1.42888,1.25,1.00
2016.12.29 22:57:17.037,1.42863,1.42888,1.25,1.00
2016.12.29 22:57:17.106,1.42863,1.4289,1.25,1.00
2016.12.29 22:57:17.467,1.42865,1.42886,1.19,1.00
2016.12.29 22:57:18.765,1.42865,1.42886,1.00,1.00
2016.12.29 22:57:18.816,1.42862,1.42886,1.19,1.00
2016.12.29 22:57:20.876,1.42872,1.42889,1.25,1.00
2016.12.29 22:57:21.180,1.4289,1.42904,1.37,1.00
2016.12.29 22:57:21.231,1.4289,1.42922,1.37,1.19
2016.12.29 22:57:28.434,1.4289,1.42918,1.37,1.25
2016.12.29 22:57:28.535,1.42878,1.42918,1.00,2.00
2016.12.29 22:57:28.586,1.42872,1.42915,1.00,2.00
2016.12.29 22:57:28.684,1.42869,1.42914,1.25,2.25
2016.12.29 22:57:28.936,1.42869,1.4291,1.25,1.00
2016.12.29 22:57:29.279,1.42869,1.42907,1.25,1.00
2016.12.29 22:57:30.269,1.42869,1.42906,1.25,1.00
2016.12.29 22:57:31.022,1.42865,1.42906,1.19,1.00
2016.12.29 22:57:31.755,1.4286,1.42905,1.19,1.69
2016.12.29 22:57:31.806,1.42853,1.42899,1.19,1.12
2016.12.29 22:57:31.908,1.42851,1.42896,1.25,1.75
2016.12.29 22:57:32.061,1.42849,1.42894,1.25,2.00
2016.12.29 22:57:33.134,1.42849,1.42891,1.25,1.00
2016.12.29 22:57:34.055,1.42846,1.42891,1.25,1.00
2016.12.29 22:57:34.106,1.42846,1.42882,1.25,1.37
2016.12.29 22:57:34.207,1.42841,1.42882,1.25,1.37
2016.12.29 22:57:35.156,1.42846,1.42882,1.19,1.37
2016.12.29 22:57:35.207,1.42846,1.42887,1.19,1.00
2016.12.29 22:57:35.359,1.42846,1.42884,1.19,1.00
2016.12.29 22:57:35.712,1.4285,1.42881,1.25,1.00
2016.12.29 22:57:36.100,1.42854,1.42881,1.25,1.00
2016.12.29 22:57:36.202,1.42849,1.42877,1.25,1.00
2016.12.29 22:57:38.502,1.42852,1.42877,1.25,1.00
2016.12.29 22:57:39.305,1.42849,1.42877,1.25,1.00
2016.12.29 22:57:41.095,1.42854,1.42877,1.25,1.00
2016.12.29 22:57:41.348,1.42867,1.42893,1.25,1.00
2016.12.29 22:57:45.747,1.42869,1.42893,1.25,1.00
2016.12.29 22:57:47.215,1.42853,1.42893,1.25,1.75
2016.12.29 22:57:47.266,1.4286,1.42891,1.25,1.75
2016.12.29 22:57:47.317,1.42863,1.42891,1.25,1.00
2016.12.29 22:57:47.368,1.42866,1.42889,1.25,1.00
2016.12.29 22:57:47.671,1.4287,1.4289,1.25,1.00
2016.12.29 22:57:47.773,1.4287,1.42893,1.25,1.00
2016.12.29 22:57:49.421,1.4287,1.42894,1.25,1.00
2016.12.29 22:57:50.034,1.4287,1.42898,2.00,1.00
2016.12.29 22:57:51.010,1.4289,1.4292,1.00,1.00
2016.12.29 22:58:00.067,1.42883,1.42919,1.00,1.12
2016.12.29 22:58:00.119,1.42874,1.42919,1.00,1.87
2016.12.29 22:58:00.234,1.42871,1.42912,1.25,1.12
2016.12.29 22:58:01.680,1.42871,1.4291,1.25,1.00
2016.12.29 22:58:01.983,1.4287,1.42892,1.25,1.00
2016.12.29 22:58:02.285,1.4287,1.4289,1.25,1.00
2016.12.29 22:58:03.168,1.42877,1.42898,1.37,1.00
2016.12.29 22:58:03.319,1.42877,1.42906,1.87,1.00
2016.12.29 22:58:03.420,1.42877,1.4291,1.87,1.00
2016.12.29 22:58:11.394,1.42886,1.4291,1.25,1.00
2016.12.29 22:58:11.545,1.42882,1.4291,2.00,1.00
2016.12.29 22:58:11.704,1.4287,1.42904,1.75,1.25
2016.12.29 22:58:11.787,1.42867,1.42902,1.69,1.00
2016.12.29 22:58:11.838,1.42867,1.42896,1.25,1.00
2016.12.29 22:58:12.141,1.42859,1.42896,1.25,1.75
2016.12.29 22:58:12.192,1.42856,1.42892,1.25,2.62
2016.12.29 22:58:12.343,1.42854,1.42885,1.25,1.12
2016.12.29 22:58:12.513,1.42848,1.42891,1.25,2.00
2016.12.29 22:58:13.877,1.42846,1.42887,1.25,1.69
2016.12.29 22:58:14.121,1.42846,1.42887,1.25,1.37
2016.12.29 22:58:18.795,1.42857,1.42885,1.19,1.37
2016.12.29 22:58:18.846,1.42859,1.42887,1.25,1.00
2016.12.29 22:58:18.897,1.42867,1.42888,1.25,1.00
2016.12.29 22:58:19.099,1.4287,1.42894,1.25,1.00
2016.12.29 22:58:36.799,1.42871,1.42894,1.25,1.00
2016.12.29 22:58:40.750,1.4287,1.42894,1.25,1.00
2016.12.29 22:58:41.288,1.42871,1.42894,1.25,1.00
2016.12.29 22:58:48.327,1.4287,1.42894,1.25,1.00
2016.12.29 22:58:52.740,1.42871,1.42894,1.25,1.00
2016.12.29 22:58:59.038,1.4287,1.42894,1.25,1.00
2016.12.29 22:58:59.139,1.4287,1.42897,1.25,1.00
2016.12.29 22:58:59.190,1.42873,1.42897,1.25,1.00
2016.12.29 22:59:00.006,1.42873,1.42895,1.25,1.00
2016.12.29 22:59:00.575,1.42872,1.42895,1.25,1.00
2016.12.29 22:59:06.237,1.42864,1.42895,1.25,1.00
2016.12.29 22:59:06.338,1.42854,1.4289,1.00,1.00
2016.12.29 22:59:06.389,1.42851,1.42887,1.25,1.50
2016.12.29 22:59:06.642,1.42844,1.42881,1.25,1.00
2016.12.29 22:59:06.793,1.42844,1.42879,1.25,1.00
2016.12.29 22:59:07.179,1.42846,1.42879,1.25,1.00
2016.12.29 22:59:07.695,1.42846,1.42878,1.25,1.00
2016.12.29 22:59:08.366,1.4285,1.42878,1.25,1.00
2016.12.29 22:59:08.835,1.42851,1.4288,1.25,1.00
2016.12.29 22:59:11.060,1.42851,1.42884,1.25,1.00
2016.12.29 22:59:15.069,1.42848,1.42884,1.25,1.00
2016.12.29 22:59:24.456,1.42846,1.42884,1.25,1.00
2016.12.29 22:59:24.608,1.42846,1.42881,1.25,1.50
2016.12.29 22:59:24.911,1.42842,1.42872,1.25,1.00
2016.12.29 22:59:25.255,1.42846,1.42872,1.25,1.00
2016.12.29 22:59:25.357,1.42846,1.42874,1.25,1.00
2016.12.29 22:59:25.407,1.42849,1.42874,1.25,1.00
2016.12.29 22:59:25.509,1.42849,1.42876,1.25,1.00
2016.12.29 22:59:25.597,1.42849,1.42879,1.25,1.00
2016.12.29 22:59:25.929,1.42849,1.42881,1.25,1.00
2016.12.29 22:59:27.721,1.42849,1.42882,1.25,1.00
2016.12.29 22:59:30.324,1.4285,1.42882,1.25,1.00
2016.12.29 22:59:36.701,1.42849,1.42882,1.00,1.00
2016.12.29 22:59:37.966,1.42849,1.4288,1.25,1.00
2016.12.29 22:59:39.441,1.42849,1.4288,1.19,1.00
2016.12.29 22:59:44.941,1.42849,1.4288,1.25,1.00
2016.12.29 22:59:45.244,1.42844,1.42872,1.19,1.00
2016.12.29 22:59:45.867,1.42844,1.42871,1.19,1.00
2016.12.29 22:59:46.449,1.42845,1.42873,1.25,1.00
2016.12.29 22:59:46.651,1.42849,1.42873,1.25,1.00
2016.12.29 22:59:47.184,1.42849,1.42874,1.25,1.00
2016.12.29 22:59:50.930,1.42845,1.42874,1.25,1.00
2016.12.29 22:59:59.149,1.42849,1.42874,1.25,1.00
2016.12.29 22:59:59.657,1.42849,1.42878,1.25,1.50
2016.12.29 22:59:59.815,1.42849,1.42876,1.25,1.00
