2015.12.10 04:00:00.197,1.84541,1.84559,1.37,1.75
2015.12.10 04:00:00.249,1.84541,1.84559,1.37,1.12
2015.12.10 04:00:00.868,1.84542,1.84561,1.47,1.75
2015.12.10 04:00:02.203,1.84541,1.84563,2.70,1.87
2015.12.10 04:00:02.715,1.84542,1.84562,1.47,1.87
2015.12.10 04:00:03.809,1.84541,1.84562,1.95,1.75
2015.12.10 04:00:04.420,1.84542,1.84562,1.47,2.25
2015.12.10 04:00:05.023,1.84541,1.84562,1.95,1.87
2015.12.10 04:00:05.652,1.84542,1.84562,1.47,2.25
2015.12.10 04:00:08.682,1.84541,1.84561,1.95,1.12
2015.12.10 04:00:10.335,1.84542,1.84562,2.70,1.12
2015.12.10 04:00:10.386,1.84544,1.84564,1.50,2.32
2015.12.10 04:00:10.438,1.84546,1.84564,1.00,1.50
2015.12.10 04:00:10.489,1.84548,1.84567,1.12,1.12
2015.12.10 04:00:10.591,1.84547,1.84568,1.95,1.00
2015.12.10 04:00:10.642,1.8455,1.84568,1.00,1.00
2015.12.10 04:00:11.322,1.84547,1.84568,3.00,1.00
2015.12.10 04:00:11.424,1.84547,1.84568,3.00,1.87
2015.12.10 04:00:11.942,1.84547,1.84568,3.00,1.37
2015.12.10 04:00:12.600,1.84547,1.84568,1.50,1.12
2015.12.10 04:00:13.237,1.84549,1.8457,1.00,2.25
2015.12.10 04:00:13.879,1.84551,1.84569,1.00,1.37
2015.12.10 04:00:15.388,1.84551,1.84569,1.00,1.12
2015.12.10 04:00:19.786,1.84551,1.84569,1.00,1.50
2015.12.10 04:00:27.538,1.84551,1.84569,1.00,1.50
2015.12.10 04:00:28.135,1.84551,1.84568,1.00,1.00
2015.12.10 04:00:30.256,1.84551,1.84568,1.00,1.12
2015.12.10 04:00:30.307,1.84548,1.84568,1.87,1.57
2015.12.10 04:00:30.460,1.84546,1.84566,1.50,2.25
2015.12.10 04:00:30.512,1.84546,1.84565,1.12,1.57
2015.12.10 04:00:30.666,1.84543,1.84564,1.95,1.10
2015.12.10 04:00:30.718,1.84543,1.84564,1.57,1.20
2015.12.10 04:00:31.153,1.84547,1.84563,1.12,1.00
2015.12.10 04:00:31.205,1.84547,1.84567,1.12,1.57
2015.12.10 04:00:31.408,1.84547,1.84568,1.57,1.10
2015.12.10 04:00:31.933,1.84547,1.84569,1.57,2.32
2015.12.10 04:00:32.087,1.84547,1.84569,1.57,2.32
2015.12.10 04:00:32.391,1.84547,1.84565,1.00,1.57
2015.12.10 04:00:34.294,1.84547,1.84566,1.37,1.82
2015.12.10 04:00:34.614,1.84547,1.84568,1.85,1.57
2015.12.10 04:00:34.867,1.8455,1.84569,1.00,2.25
2015.12.10 04:00:35.544,1.84549,1.84569,1.00,1.50
2015.12.10 04:00:36.095,1.84548,1.84568,2.62,1.10
2015.12.10 04:00:38.850,1.84549,1.84569,1.12,1.12
2015.12.10 04:00:39.389,1.84549,1.84568,1.37,1.10
2015.12.10 04:00:39.940,1.84549,1.8457,1.12,1.87
2015.12.10 04:00:40.994,1.84549,1.8457,1.37,2.62
2015.12.10 04:00:41.547,1.84549,1.8457,1.37,1.87
2015.12.10 04:00:46.037,1.84548,1.8457,2.77,1.12
2015.12.10 04:00:46.544,1.84548,1.84568,1.12,2.62
2015.12.10 04:00:47.456,1.84547,1.84567,1.87,1.20
2015.12.10 04:00:47.767,1.84543,1.84565,3.00,1.75
2015.12.10 04:00:48.610,1.84544,1.84565,1.37,1.95
2015.12.10 04:00:52.469,1.84543,1.84564,2.62,1.12
2015.12.10 04:00:54.379,1.84544,1.84562,1.65,1.37
2015.12.10 04:00:56.774,1.84543,1.84562,1.87,1.50
2015.12.10 04:00:57.796,1.84544,1.84562,1.57,1.50
2015.12.10 04:00:58.788,1.84543,1.84562,1.87,1.50
2015.12.10 04:00:59.399,1.84544,1.84562,1.37,1.87
2015.12.10 04:00:59.753,1.84544,1.84562,1.37,1.87
2015.12.10 04:01:00.409,1.84542,1.84562,2.40,1.87
2015.12.10 04:01:01.818,1.84542,1.84562,1.47,1.85
2015.12.10 04:01:02.331,1.84542,1.84562,1.87,1.95
2015.12.10 04:01:03.553,1.84544,1.84563,1.50,1.45
2015.12.10 04:01:14.583,1.84544,1.84565,1.87,1.85
2015.12.10 04:01:15.558,1.84544,1.84565,3.00,1.85
2015.12.10 04:01:15.863,1.84544,1.84565,2.25,1.20
2015.12.10 04:01:16.912,1.84544,1.84564,1.87,1.12
2015.12.10 04:01:18.561,1.84544,1.84563,1.12,1.12
2015.12.10 04:01:19.067,1.84544,1.84563,1.12,1.20
2015.12.10 04:01:19.877,1.84544,1.84561,1.12,1.12
2015.12.10 04:01:21.620,1.84544,1.84561,1.37,1.12
2015.12.10 04:01:21.825,1.84543,1.84564,1.00,3.37
2015.12.10 04:01:21.876,1.84543,1.84562,1.00,1.00
2015.12.10 04:01:21.928,1.84547,1.84562,1.00,1.00
2015.12.10 04:01:22.234,1.8456,1.84569,1.00,1.00
2015.12.10 04:01:22.387,1.8456,1.84577,2.25,1.20
2015.12.10 04:01:22.439,1.84562,1.84578,1.00,1.45
2015.12.10 04:01:22.541,1.84563,1.84581,1.00,1.50
2015.12.10 04:01:22.592,1.84565,1.84581,1.00,1.50
2015.12.10 04:01:22.782,1.84565,1.84582,1.50,1.47
2015.12.10 04:01:23.188,1.84563,1.84582,1.12,1.20
2015.12.10 04:01:23.803,1.84563,1.84582,1.00,1.57
2015.12.10 04:01:24.342,1.84563,1.84582,1.00,2.32
2015.12.10 04:01:24.596,1.84561,1.8458,1.12,1.12
2015.12.10 04:01:27.164,1.84563,1.8458,1.00,1.00
2015.12.10 04:01:27.709,1.84563,1.84584,2.62,1.87
2015.12.10 04:01:28.330,1.84564,1.84584,1.37,1.50
2015.12.10 04:01:29.474,1.84564,1.84584,1.12,1.12
2015.12.10 04:01:29.997,1.84564,1.84584,1.37,1.50
2015.12.10 04:01:30.525,1.84564,1.84584,1.12,1.12
2015.12.10 04:01:31.028,1.84564,1.84584,1.50,1.50
2015.12.10 04:01:34.395,1.84565,1.84584,1.50,1.12
2015.12.10 04:01:35.603,1.84565,1.84584,1.50,1.12
2015.12.10 04:01:39.688,1.84565,1.84584,1.87,1.00
2015.12.10 04:01:39.789,1.84565,1.84584,1.50,1.00
2015.12.10 04:01:40.814,1.84565,1.84584,1.12,1.57
2015.12.10 04:01:41.339,1.84565,1.84584,1.50,1.00
2015.12.10 04:01:41.979,1.84565,1.84585,1.50,1.37
2015.12.10 04:01:42.132,1.84569,1.84589,1.50,1.50
2015.12.10 04:01:42.183,1.84569,1.84589,2.62,1.50
2015.12.10 04:01:42.437,1.84574,1.84593,1.00,1.20
2015.12.10 04:01:43.899,1.84574,1.84593,1.87,1.10
2015.12.10 04:01:44.433,1.84574,1.84593,2.25,1.10
2015.12.10 04:01:45.308,1.84574,1.84593,2.25,1.10
2015.12.10 04:01:46.310,1.84574,1.84593,2.25,1.00
2015.12.10 04:01:49.739,1.84575,1.84596,1.87,1.95
2015.12.10 04:01:50.318,1.84576,1.84596,1.12,1.57
2015.12.10 04:01:50.623,1.84585,1.84605,1.00,3.00
2015.12.10 04:01:50.827,1.84585,1.84605,1.37,1.10
2015.12.10 04:01:51.799,1.84585,1.84605,3.00,1.20
2015.12.10 04:01:51.902,1.84585,1.84605,2.25,2.25
2015.12.10 04:01:52.409,1.84585,1.84603,1.12,1.87
2015.12.10 04:01:52.664,1.84583,1.84602,1.00,1.57
2015.12.10 04:01:52.765,1.84583,1.84599,1.00,1.12
2015.12.10 04:01:53.274,1.84581,1.84599,1.37,1.20
2015.12.10 04:01:53.657,1.8458,1.84599,1.50,1.20
2015.12.10 04:01:54.434,1.8458,1.84595,1.50,1.00
2015.12.10 04:01:57.109,1.84579,1.84595,1.12,1.00
2015.12.10 04:01:57.615,1.84577,1.84595,2.32,1.00
2015.12.10 04:01:59.497,1.84577,1.84595,2.25,1.00
2015.12.10 04:01:59.953,1.84579,1.84595,1.50,1.00
2015.12.10 04:02:00.352,1.84579,1.84598,1.12,1.37
2015.12.10 04:02:00.913,1.84579,1.84597,1.37,1.37
2015.12.10 04:02:01.572,1.84578,1.84596,1.12,1.45
2015.12.10 04:02:01.674,1.84578,1.84594,1.00,1.75
2015.12.10 04:02:01.725,1.84575,1.84594,2.25,1.85
2015.12.10 04:02:02.303,1.84578,1.84594,1.00,1.20
2015.12.10 04:02:02.456,1.84581,1.84598,1.50,1.95
2015.12.10 04:02:02.558,1.84581,1.846,1.57,1.50
2015.12.10 04:02:03.065,1.84581,1.846,1.57,1.07
2015.12.10 04:02:03.116,1.84583,1.846,1.00,1.07
2015.12.10 04:02:03.370,1.84584,1.84603,1.50,2.25
2015.12.10 04:02:03.896,1.84584,1.84603,1.00,1.45
2015.12.10 04:02:04.199,1.84585,1.84604,1.47,1.12
2015.12.10 04:02:04.701,1.84585,1.84605,1.47,1.87
2015.12.10 04:02:05.208,1.84585,1.84605,1.47,3.00
2015.12.10 04:02:05.513,1.84581,1.84599,1.00,1.12
2015.12.10 04:02:06.022,1.84581,1.84599,1.00,1.12
2015.12.10 04:02:10.534,1.84582,1.84599,1.00,1.50
2015.12.10 04:02:10.738,1.84587,1.84603,1.00,1.10
2015.12.10 04:02:10.840,1.84591,1.84604,1.37,1.00
2015.12.10 04:02:10.892,1.84591,1.84608,1.47,1.12
2015.12.10 04:02:11.095,1.8459,1.84611,2.62,1.85
2015.12.10 04:02:11.661,1.8459,1.84613,2.62,3.07
2015.12.10 04:02:12.185,1.84591,1.84612,1.57,2.70
2015.12.10 04:02:13.681,1.84591,1.84611,1.37,1.20
2015.12.10 04:02:14.511,1.8459,1.84611,1.57,1.20
2015.12.10 04:02:15.609,1.84591,1.84611,1.37,1.20
2015.12.10 04:02:16.217,1.8459,1.84611,1.47,1.20
2015.12.10 04:02:16.583,1.84591,1.84611,1.87,1.07
2015.12.10 04:02:17.355,1.84591,1.84611,1.37,1.07
2015.12.10 04:02:17.406,1.84591,1.84611,1.37,1.20
2015.12.10 04:02:17.722,1.84588,1.84609,3.90,1.87
2015.12.10 04:02:18.418,1.84589,1.84609,1.37,1.87
2015.12.10 04:02:20.062,1.84589,1.84608,1.50,1.57
2015.12.10 04:02:20.650,1.84588,1.84609,3.90,2.20
2015.12.10 04:02:23.528,1.84589,1.84609,2.25,1.50
2015.12.10 04:02:23.579,1.84589,1.8461,3.82,1.50
2015.12.10 04:02:24.882,1.84591,1.84612,3.07,1.20
2015.12.10 04:02:25.968,1.84591,1.84612,3.45,1.57
2015.12.10 04:02:26.020,1.84594,1.84614,1.37,2.62
2015.12.10 04:02:26.324,1.84599,1.84619,1.07,1.82
2015.12.10 04:02:26.376,1.84599,1.84619,1.07,1.07
2015.12.10 04:02:26.427,1.84598,1.84619,1.45,1.20
2015.12.10 04:02:26.926,1.84598,1.8462,2.70,1.82
2015.12.10 04:02:26.977,1.84599,1.84621,1.75,1.95
2015.12.10 04:02:27.028,1.84601,1.84621,1.20,1.57
2015.12.10 04:02:27.080,1.84601,1.8462,1.10,1.37
2015.12.10 04:02:27.182,1.84598,1.8462,1.65,1.95
2015.12.10 04:02:33.773,1.84597,1.84618,1.57,1.57
2015.12.10 04:02:36.315,1.84597,1.84617,1.95,1.00
2015.12.10 04:02:37.068,1.84598,1.84618,1.85,1.47
2015.12.10 04:02:37.574,1.84599,1.84619,1.50,1.82
2015.12.10 04:02:38.203,1.84598,1.84619,1.57,1.20
2015.12.10 04:02:38.823,1.84598,1.84619,1.57,1.45
2015.12.10 04:02:38.932,1.84599,1.84616,1.37,1.00
2015.12.10 04:02:38.983,1.84598,1.84616,1.10,1.00
2015.12.10 04:02:39.187,1.846,1.84619,1.47,1.82
2015.12.10 04:02:39.729,1.84599,1.84619,1.57,1.20
2015.12.10 04:02:40.263,1.846,1.84619,1.87,1.20
2015.12.10 04:02:47.214,1.84601,1.84621,1.45,2.32
2015.12.10 04:02:47.317,1.84602,1.84622,1.37,1.20
2015.12.10 04:02:48.079,1.84603,1.84623,1.85,1.20
2015.12.10 04:02:48.621,1.84604,1.84625,1.95,1.87
2015.12.10 04:02:48.723,1.84605,1.84626,1.12,1.85
2015.12.10 04:02:49.225,1.84604,1.84625,1.47,1.12
2015.12.10 04:02:55.504,1.84607,1.84625,1.37,1.12
2015.12.10 04:02:55.555,1.84607,1.84627,1.87,1.20
2015.12.10 04:02:57.280,1.84611,1.84628,1.00,1.50
2015.12.10 04:02:57.331,1.84611,1.8463,1.00,1.20
2015.12.10 04:02:57.433,1.84611,1.84631,1.75,1.95
2015.12.10 04:02:57.740,1.84617,1.84637,1.57,1.45
2015.12.10 04:02:58.046,1.84621,1.84641,1.57,1.95
2015.12.10 04:02:58.518,1.84624,1.84643,1.47,1.12
2015.12.10 04:02:58.570,1.84625,1.84645,1.20,1.12
2015.12.10 04:02:58.672,1.84626,1.84647,1.87,1.65
2015.12.10 04:02:58.876,1.84626,1.84646,1.82,1.37
2015.12.10 04:02:59.972,1.84625,1.84645,1.47,1.12
2015.12.10 04:03:00.479,1.84624,1.84644,1.57,1.10
2015.12.10 04:03:02.933,1.84623,1.84644,2.32,1.10
2015.12.10 04:03:03.443,1.84624,1.84644,1.47,1.10
2015.12.10 04:03:03.992,1.84623,1.84644,2.32,1.10
2015.12.10 04:03:04.480,1.84628,1.84649,1.50,2.70
2015.12.10 04:03:04.785,1.84629,1.84648,1.07,2.70
2015.12.10 04:03:07.380,1.84629,1.84646,1.07,1.00
2015.12.10 04:03:07.635,1.8463,1.84649,1.47,1.45
2015.12.10 04:03:07.688,1.84632,1.84649,1.45,1.00
2015.12.10 04:03:07.790,1.84632,1.84653,1.45,1.27
2015.12.10 04:03:07.892,1.84632,1.84653,1.45,2.02
2015.12.10 04:03:08.435,1.84632,1.84652,1.10,1.95
2015.12.10 04:03:08.798,1.8463,1.84651,1.47,1.12
2015.12.10 04:03:09.104,1.84629,1.84651,1.50,4.12
2015.12.10 04:03:09.640,1.8463,1.8465,1.47,2.32
2015.12.10 04:03:10.048,1.84628,1.84647,1.47,1.12
2015.12.10 04:03:10.105,1.84626,1.84647,2.25,1.20
2015.12.10 04:03:10.460,1.84626,1.84646,1.50,2.32
2015.12.10 04:03:10.865,1.84626,1.84644,1.50,1.00
2015.12.10 04:03:11.018,1.84624,1.84646,1.57,1.95
2015.12.10 04:03:11.171,1.84624,1.84646,1.57,3.45
2015.12.10 04:03:11.475,1.84624,1.84639,1.07,1.00
2015.12.10 04:03:12.637,1.84621,1.84639,1.87,1.00
2015.12.10 04:03:13.297,1.84619,1.84639,2.25,1.10
2015.12.10 04:03:13.854,1.8462,1.84639,1.57,1.10
2015.12.10 04:03:14.381,1.8462,1.84639,1.45,1.10
2015.12.10 04:03:14.915,1.8462,1.84639,1.95,1.10
2015.12.10 04:03:15.437,1.84619,1.84639,2.62,1.10
2015.12.10 04:03:16.471,1.8462,1.84641,1.95,1.87
2015.12.10 04:03:16.986,1.84622,1.84642,1.07,1.20
2015.12.10 04:03:20.194,1.84622,1.84642,1.07,1.20
2015.12.10 04:03:26.875,1.84621,1.84638,1.50,1.00
2015.12.10 04:03:26.978,1.84622,1.84642,1.82,1.20
2015.12.10 04:03:27.080,1.84623,1.84643,2.32,1.12
2015.12.10 04:03:27.182,1.84624,1.84645,1.12,1.20
2015.12.10 04:03:27.385,1.84626,1.84647,1.12,3.45
2015.12.10 04:03:27.964,1.84626,1.84646,1.50,1.50
2015.12.10 04:03:28.485,1.84624,1.84644,1.50,1.50
2015.12.10 04:03:28.994,1.84622,1.84642,3.07,1.47
2015.12.10 04:03:29.435,1.84625,1.84642,1.87,1.37
2015.12.10 04:03:29.487,1.84626,1.84646,1.20,1.45
2015.12.10 04:03:29.995,1.84626,1.84646,1.20,1.57
2015.12.10 04:03:31.782,1.84626,1.84647,1.82,2.62
2015.12.10 04:03:32.996,1.84626,1.84646,1.20,1.57
2015.12.10 04:03:35.108,1.84626,1.84647,1.20,3.00
2015.12.10 04:03:35.904,1.84626,1.84646,1.20,1.57
2015.12.10 04:03:36.517,1.84626,1.84647,1.20,2.62
2015.12.10 04:03:37.064,1.84626,1.84646,1.20,1.57
2015.12.10 04:03:37.581,1.84626,1.84647,1.20,3.00
2015.12.10 04:03:38.215,1.84625,1.84646,1.12,1.85
2015.12.10 04:03:40.010,1.84626,1.84645,1.00,1.12
2015.12.10 04:03:46.750,1.84625,1.84645,1.00,1.12
2015.12.10 04:03:46.806,1.84624,1.84644,1.20,1.57
2015.12.10 04:03:47.010,1.84623,1.84644,1.82,1.20
2015.12.10 04:03:47.213,1.84623,1.84644,1.45,1.95
2015.12.10 04:03:50.125,1.84623,1.84645,1.12,2.25
2015.12.10 04:03:50.429,1.84626,1.84645,1.00,1.82
2015.12.10 04:03:54.220,1.84626,1.84645,1.37,1.12
2015.12.10 04:03:55.031,1.84626,1.84645,1.00,1.12
2015.12.10 04:03:55.134,1.84626,1.84647,1.57,2.25
2015.12.10 04:03:59.852,1.84626,1.84647,1.82,1.87
2015.12.10 04:04:01.993,1.84626,1.84647,1.82,1.12
2015.12.10 04:04:02.500,1.84626,1.84648,1.50,1.50
2015.12.10 04:04:10.743,1.84628,1.84649,1.37,1.27
2015.12.10 04:04:10.795,1.84629,1.84649,1.37,1.20
2015.12.10 04:04:15.462,1.84629,1.84649,2.32,1.00
2015.12.10 04:04:19.100,1.84629,1.8465,2.32,1.10
2015.12.10 04:04:19.151,1.84631,1.84653,1.12,2.25
2015.12.10 04:04:19.203,1.84633,1.84652,1.85,1.00
2015.12.10 04:04:19.306,1.84634,1.84655,1.50,1.12
2015.12.10 04:04:19.459,1.84633,1.84655,1.57,1.50
2015.12.10 04:04:19.764,1.84633,1.8465,1.20,1.00
2015.12.10 04:04:21.495,1.84632,1.84652,1.57,2.25
2015.12.10 04:04:22.021,1.84631,1.84652,1.50,2.25
2015.12.10 04:04:23.353,1.8463,1.8465,1.95,1.12
2015.12.10 04:04:25.809,1.84629,1.8465,1.87,1.12
2015.12.10 04:04:26.395,1.8463,1.8465,1.57,1.75
2015.12.10 04:04:27.210,1.84629,1.8465,1.87,1.12
2015.12.10 04:04:28.373,1.8463,1.8465,1.57,1.12
2015.12.10 04:04:28.475,1.8463,1.84651,1.57,1.37
2015.12.10 04:04:28.577,1.84632,1.84653,1.20,1.37
2015.12.10 04:04:28.772,1.84633,1.84653,1.12,1.37
2015.12.10 04:04:29.129,1.84632,1.84653,1.57,1.37
2015.12.10 04:04:29.485,1.84632,1.84651,1.07,1.37
2015.12.10 04:04:30.043,1.8463,1.84651,1.20,1.50
2015.12.10 04:04:30.094,1.84629,1.84648,1.45,1.00
2015.12.10 04:04:30.367,1.84629,1.84651,1.50,1.12
2015.12.10 04:04:30.874,1.8463,1.84652,1.95,1.87
2015.12.10 04:04:31.515,1.8463,1.84651,1.95,1.00
2015.12.10 04:04:32.104,1.8463,1.84652,1.95,1.87
2015.12.10 04:04:33.590,1.8463,1.84652,1.95,1.50
2015.12.10 04:04:35.286,1.8463,1.84653,1.95,2.77
2015.12.10 04:04:35.792,1.8463,1.84651,1.95,1.00
2015.12.10 04:04:36.318,1.8463,1.84652,1.95,1.87
2015.12.10 04:04:37.823,1.8463,1.84651,1.95,1.00
2015.12.10 04:04:39.402,1.8463,1.84652,1.95,1.87
2015.12.10 04:04:39.734,1.84628,1.84649,1.57,1.00
2015.12.10 04:04:39.937,1.84628,1.84648,1.20,1.37
2015.12.10 04:04:40.444,1.84628,1.84648,1.00,1.57
2015.12.10 04:04:41.618,1.84628,1.84648,1.00,2.02
2015.12.10 04:04:43.400,1.84628,1.84648,1.00,1.57
2015.12.10 04:04:45.204,1.84628,1.84648,1.00,2.40
2015.12.10 04:04:45.730,1.84628,1.84648,1.00,1.65
2015.12.10 04:04:50.634,1.84628,1.84648,1.37,2.02
2015.12.10 04:04:52.167,1.84628,1.84649,1.12,2.62
2015.12.10 04:04:56.451,1.84628,1.84648,1.47,1.37
2015.12.10 04:04:57.325,1.84628,1.8465,1.47,3.37
2015.12.10 04:04:57.427,1.84631,1.8465,1.37,1.50
2015.12.10 04:04:57.682,1.84637,1.84656,1.00,2.32
2015.12.10 04:04:57.734,1.84637,1.84657,1.37,1.45
2015.12.10 04:04:57.938,1.84641,1.84662,1.20,2.32
2015.12.10 04:04:58.040,1.84642,1.84662,1.75,1.57
2015.12.10 04:04:58.244,1.84639,1.84661,2.32,1.37
2015.12.10 04:04:58.656,1.84638,1.84659,2.25,1.00
2015.12.10 04:04:59.166,1.84638,1.8466,2.70,1.20
2015.12.10 04:05:00.221,1.84638,1.8466,1.57,1.95
2015.12.10 04:05:00.418,1.84637,1.84655,1.00,1.00
2015.12.10 04:05:00.928,1.84636,1.84657,1.00,1.82
2015.12.10 04:05:01.842,1.84635,1.84657,2.32,1.57
2015.12.10 04:05:01.945,1.84638,1.84658,1.37,1.20
2015.12.10 04:05:02.149,1.84638,1.84659,1.12,1.45
2015.12.10 04:05:02.953,1.84639,1.84659,1.12,1.37
2015.12.10 04:05:05.367,1.84639,1.8466,1.87,1.87
2015.12.10 04:05:05.868,1.84639,1.84659,2.25,1.37
2015.12.10 04:05:06.477,1.84639,1.8466,1.75,1.87
2015.12.10 04:05:07.013,1.84639,1.84659,1.87,1.37
2015.12.10 04:05:07.764,1.84639,1.8466,1.87,1.87
2015.12.10 04:05:08.265,1.84639,1.84659,2.25,1.37
2015.12.10 04:05:11.674,1.84639,1.8466,1.75,1.50
2015.12.10 04:05:13.019,1.84639,1.84658,1.87,1.37
2015.12.10 04:05:13.556,1.84639,1.84658,1.75,1.12
2015.12.10 04:05:14.065,1.84639,1.84658,1.00,1.50
2015.12.10 04:05:14.167,1.84639,1.84658,1.00,1.50
2015.12.10 04:05:14.476,1.84635,1.84658,3.07,1.87
2015.12.10 04:05:14.533,1.84635,1.84655,4.12,1.00
2015.12.10 04:05:15.040,1.84635,1.84655,3.45,1.00
2015.12.10 04:05:15.345,1.84636,1.84655,1.20,1.00
2015.12.10 04:05:15.549,1.84637,1.84658,1.20,1.12
2015.12.10 04:05:15.956,1.84645,1.84661,1.00,1.47
2015.12.10 04:05:16.198,1.84645,1.84662,1.00,1.12
2015.12.10 04:05:17.180,1.84641,1.84662,1.57,1.50
2015.12.10 04:05:20.943,1.84641,1.84662,1.12,1.65
2015.12.10 04:05:20.994,1.84641,1.84659,1.12,1.00
2015.12.10 04:05:31.482,1.84641,1.84659,1.12,1.00
2015.12.10 04:05:32.021,1.84641,1.84659,1.50,1.00
2015.12.10 04:05:32.549,1.84641,1.84659,1.50,1.00
2015.12.10 04:05:36.572,1.84639,1.84661,1.27,1.12
2015.12.10 04:05:37.176,1.84641,1.84661,1.37,1.12
2015.12.10 04:05:37.750,1.84642,1.84661,1.12,1.00
2015.12.10 04:05:38.208,1.84642,1.84661,1.87,1.00
2015.12.10 04:05:39.913,1.8464,1.84661,1.27,1.00
2015.12.10 04:05:43.502,1.84641,1.8466,1.12,1.00
2015.12.10 04:05:43.604,1.84639,1.8466,3.75,1.00
2015.12.10 04:05:44.367,1.84639,1.8466,2.62,1.00
2015.12.10 04:05:44.879,1.84639,1.8466,2.62,1.00
2015.12.10 04:05:45.767,1.84639,1.8466,1.87,1.00
2015.12.10 04:05:46.361,1.84639,1.8466,1.95,1.10
2015.12.10 04:05:48.960,1.84639,1.8466,1.10,1.10
2015.12.10 04:05:50.068,1.84639,1.8466,1.47,1.10
2015.12.10 04:05:53.254,1.84639,1.8466,1.57,1.95
2015.12.10 04:05:55.060,1.84639,1.84658,1.57,1.12
2015.12.10 04:05:57.084,1.84639,1.84658,1.57,1.12
2015.12.10 04:05:58.771,1.84639,1.84658,1.12,1.12
2015.12.10 04:05:59.090,1.84639,1.84658,1.37,1.12
2015.12.10 04:05:59.394,1.84643,1.84661,1.12,1.50
2015.12.10 04:05:59.800,1.84646,1.84661,1.00,1.00
2015.12.10 04:06:04.594,1.84646,1.84662,1.00,1.20
2015.12.10 04:06:05.623,1.84644,1.84662,1.37,1.20
2015.12.10 04:06:05.826,1.84642,1.84662,1.50,1.20
2015.12.10 04:06:08.450,1.84644,1.84662,1.00,1.20
2015.12.10 04:06:10.063,1.84644,1.84663,1.87,1.10
2015.12.10 04:06:10.566,1.84644,1.84663,1.37,1.20
2015.12.10 04:06:12.100,1.84644,1.84663,1.12,1.10
2015.12.10 04:06:14.643,1.84644,1.8466,1.00,1.00
2015.12.10 04:06:14.897,1.84639,1.84657,1.10,1.00
2015.12.10 04:06:15.100,1.84638,1.84654,1.47,1.00
2015.12.10 04:06:15.736,1.84635,1.84654,3.45,1.00
2015.12.10 04:06:18.244,1.84636,1.84654,1.10,1.00
2015.12.10 04:06:19.238,1.84635,1.84654,2.32,1.00
2015.12.10 04:06:21.248,1.84635,1.84654,1.95,1.00
2015.12.10 04:06:21.803,1.84635,1.84653,1.95,1.00
2015.12.10 04:06:22.307,1.84635,1.84653,2.70,1.00
2015.12.10 04:06:23.250,1.84636,1.84653,1.10,1.00
2015.12.10 04:06:24.201,1.84635,1.84653,1.95,1.00
2015.12.10 04:06:26.313,1.84635,1.84652,1.20,1.00
2015.12.10 04:06:26.415,1.84633,1.84652,1.87,1.00
2015.12.10 04:06:28.303,1.84633,1.84652,3.00,1.00
2015.12.10 04:06:34.881,1.84634,1.84652,1.00,1.00
2015.12.10 04:06:35.426,1.84634,1.84652,1.00,1.20
2015.12.10 04:06:36.856,1.84633,1.84649,1.37,1.00
2015.12.10 04:06:38.682,1.84633,1.84649,2.70,1.00
2015.12.10 04:06:41.859,1.84634,1.84652,1.20,1.00
2015.12.10 04:06:42.457,1.84634,1.84652,2.32,1.00
2015.12.10 04:06:45.902,1.84635,1.84654,1.75,1.10
2015.12.10 04:06:46.454,1.84634,1.84654,1.20,1.57
2015.12.10 04:06:46.919,1.84634,1.84651,1.20,1.00
2015.12.10 04:06:51.088,1.84633,1.84651,1.57,1.00
2015.12.10 04:06:51.911,1.84634,1.84652,1.00,1.00
2015.12.10 04:06:52.563,1.84632,1.84652,1.82,1.37
2015.12.10 04:06:54.295,1.84632,1.84652,2.32,1.37
2015.12.10 04:06:55.275,1.84632,1.84652,1.82,1.37
2015.12.10 04:06:57.004,1.84632,1.8465,1.20,1.00
2015.12.10 04:06:57.539,1.84633,1.8465,1.00,1.00
2015.12.10 04:06:58.041,1.84632,1.8465,1.95,1.00
2015.12.10 04:06:58.614,1.84632,1.8465,1.47,1.00
2015.12.10 04:06:59.138,1.84632,1.8465,1.95,1.00
2015.12.10 04:07:02.020,1.84632,1.84649,1.95,1.00
2015.12.10 04:07:02.223,1.84632,1.84649,1.10,1.00
2015.12.10 04:07:03.390,1.84631,1.84649,1.95,1.00
2015.12.10 04:07:03.796,1.84634,1.84649,1.50,1.00
2015.12.10 04:07:04.230,1.84634,1.84649,1.00,1.00
2015.12.10 04:07:08.389,1.84631,1.84649,2.25,1.00
2015.12.10 04:07:10.242,1.84632,1.84649,1.57,1.50
2015.12.10 04:07:10.293,1.84631,1.84649,1.12,1.50
2015.12.10 04:07:10.910,1.8463,1.84649,1.12,1.50
2015.12.10 04:07:11.546,1.8463,1.84649,1.87,1.50
2015.12.10 04:07:11.985,1.8463,1.84649,1.12,1.00
2015.12.10 04:07:12.137,1.8463,1.84647,1.12,1.00
2015.12.10 04:07:12.901,1.8463,1.84647,1.87,1.00
2015.12.10 04:07:13.408,1.8463,1.84647,1.12,1.00
2015.12.10 04:07:13.736,1.84629,1.84647,1.12,1.00
2015.12.10 04:07:14.243,1.8463,1.84647,1.10,1.00
2015.12.10 04:07:14.446,1.8463,1.8465,1.10,1.10
2015.12.10 04:07:14.547,1.84631,1.8465,1.57,1.00
2015.12.10 04:07:14.853,1.84631,1.84647,1.95,1.00
2015.12.10 04:07:15.410,1.84631,1.84647,1.07,1.00
2015.12.10 04:07:15.715,1.84629,1.84647,1.45,1.50
2015.12.10 04:07:16.265,1.84629,1.84647,1.95,1.50
2015.12.10 04:07:16.779,1.8463,1.84647,1.10,1.50
2015.12.10 04:07:17.418,1.84629,1.84647,1.95,1.50
2015.12.10 04:07:17.968,1.84629,1.84647,1.45,1.50
2015.12.10 04:07:18.814,1.84629,1.84645,1.45,1.50
2015.12.10 04:07:19.824,1.84629,1.84645,1.37,1.00
2015.12.10 04:07:20.452,1.84628,1.84645,1.37,1.00
2015.12.10 04:07:21.584,1.84628,1.84646,1.50,1.00
2015.12.10 04:07:21.686,1.8463,1.84651,1.57,1.75
2015.12.10 04:07:21.737,1.84633,1.84652,1.37,1.95
2015.12.10 04:07:21.840,1.84635,1.84652,1.07,1.00
2015.12.10 04:07:21.942,1.84637,1.84655,1.50,1.00
2015.12.10 04:07:22.449,1.84636,1.84655,2.32,1.00
2015.12.10 04:07:23.443,1.84637,1.84655,1.57,1.00
2015.12.10 04:07:23.972,1.84637,1.84655,1.37,1.37
2015.12.10 04:07:24.240,1.84635,1.84653,1.50,1.00
2015.12.10 04:07:24.342,1.84633,1.84653,1.27,1.00
2015.12.10 04:07:26.547,1.84636,1.84653,1.00,1.00
2015.12.10 04:07:27.097,1.84638,1.84654,1.00,1.10
2015.12.10 04:07:27.453,1.84638,1.84655,2.32,1.00
2015.12.10 04:07:30.579,1.84638,1.84655,1.57,1.00
2015.12.10 04:07:31.135,1.84638,1.84655,2.32,1.00
2015.12.10 04:07:31.837,1.84638,1.84655,1.95,1.00
2015.12.10 04:07:32.368,1.84638,1.84656,2.70,1.00
2015.12.10 04:07:33.349,1.84639,1.84656,1.00,1.00
2015.12.10 04:07:34.238,1.84638,1.84656,1.57,1.00
2015.12.10 04:07:35.151,1.84637,1.84656,2.62,1.00
2015.12.10 04:07:35.658,1.84639,1.84656,1.37,1.00
2015.12.10 04:07:37.205,1.84639,1.84655,1.37,1.00
2015.12.10 04:07:37.739,1.84639,1.84655,1.12,1.00
2015.12.10 04:07:38.646,1.84639,1.84655,1.37,1.00
2015.12.10 04:07:39.235,1.84639,1.84655,1.12,1.00
2015.12.10 04:07:39.439,1.84639,1.84657,1.12,1.00
2015.12.10 04:07:40.025,1.84639,1.84657,1.37,1.00
2015.12.10 04:07:40.528,1.84639,1.84657,1.12,1.00
2015.12.10 04:07:41.164,1.84639,1.84657,1.37,1.00
2015.12.10 04:07:41.956,1.84639,1.84657,1.12,1.00
2015.12.10 04:07:43.054,1.84639,1.84657,1.37,1.00
2015.12.10 04:07:43.685,1.84639,1.84657,1.12,1.00
2015.12.10 04:07:46.058,1.84639,1.84657,1.37,1.00
2015.12.10 04:07:46.634,1.84639,1.84657,1.50,1.00
2015.12.10 04:07:47.405,1.84639,1.84657,1.50,1.00
2015.12.10 04:07:48.204,1.84639,1.84657,1.50,1.00
2015.12.10 04:07:48.512,1.84639,1.8466,1.57,2.77
2015.12.10 04:07:49.048,1.84639,1.8466,1.65,3.15
2015.12.10 04:07:49.751,1.84639,1.8466,1.27,2.77
2015.12.10 04:07:50.279,1.84639,1.8466,1.57,3.15
2015.12.10 04:07:51.275,1.84639,1.8466,1.65,3.15
2015.12.10 04:07:51.814,1.84639,1.8466,1.65,2.77
2015.12.10 04:07:52.399,1.84639,1.8466,1.65,3.15
2015.12.10 04:07:55.166,1.84639,1.84658,1.12,1.57
2015.12.10 04:07:55.673,1.84638,1.84658,1.75,1.95
2015.12.10 04:07:56.190,1.84638,1.84658,1.12,1.45
2015.12.10 04:07:56.712,1.84638,1.84658,1.75,1.95
2015.12.10 04:07:57.517,1.84638,1.84657,1.12,1.12
2015.12.10 04:07:59.976,1.84636,1.84657,1.87,1.20
2015.12.10 04:08:00.129,1.84639,1.84659,1.75,1.47
2015.12.10 04:08:00.180,1.84639,1.8466,3.07,1.57
2015.12.10 04:08:00.485,1.84642,1.84662,1.87,1.57
2015.12.10 04:08:00.588,1.84642,1.84662,1.87,1.57
2015.12.10 04:08:00.892,1.84642,1.84662,1.87,1.95
2015.12.10 04:08:01.414,1.84641,1.84662,1.85,1.45
2015.12.10 04:08:01.937,1.84641,1.84661,1.12,1.45
2015.12.10 04:08:02.040,1.84641,1.84659,1.37,1.87
2015.12.10 04:08:02.192,1.84637,1.84657,1.95,1.10
2015.12.10 04:08:02.294,1.84637,1.84654,1.37,1.85
2015.12.10 04:08:02.396,1.84636,1.84653,1.00,1.57
2015.12.10 04:08:02.447,1.84633,1.84653,3.37,1.57
2015.12.10 04:08:02.977,1.84632,1.84652,2.25,2.20
2015.12.10 04:08:05.000,1.84632,1.84652,1.12,2.20
2015.12.10 04:08:07.304,1.84631,1.84652,1.50,1.87
2015.12.10 04:08:08.004,1.84631,1.84652,1.87,2.20
2015.12.10 04:08:08.640,1.84631,1.84652,1.12,1.87
2015.12.10 04:08:09.146,1.84632,1.84652,1.00,1.12
2015.12.10 04:08:09.603,1.8463,1.84651,1.75,1.27
2015.12.10 04:08:10.260,1.84631,1.84652,1.00,2.62
2015.12.10 04:08:10.811,1.8463,1.84651,1.75,1.27
2015.12.10 04:08:11.319,1.84629,1.84652,2.77,2.62
2015.12.10 04:08:11.717,1.84633,1.84652,1.00,2.20
2015.12.10 04:08:12.245,1.84633,1.84651,1.00,1.12
2015.12.10 04:08:13.720,1.84631,1.84651,1.95,1.12
2015.12.10 04:08:15.516,1.84632,1.84649,1.20,1.00
2015.12.10 04:08:21.598,1.84632,1.84651,1.95,1.12
2015.12.10 04:08:21.649,1.84634,1.84651,1.87,1.00
2015.12.10 04:08:21.954,1.84638,1.84657,2.62,1.12
2015.12.10 04:08:22.413,1.84638,1.84658,2.62,1.00
2015.12.10 04:08:22.515,1.84638,1.84659,2.62,1.27
2015.12.10 04:08:24.559,1.84639,1.84658,1.00,1.50
2015.12.10 04:08:25.268,1.84638,1.84656,1.37,1.07
2015.12.10 04:08:25.991,1.84638,1.84659,1.57,2.25
2015.12.10 04:08:26.562,1.84639,1.84659,1.00,2.20
2015.12.10 04:08:27.467,1.84639,1.8466,1.87,1.20
2015.12.10 04:08:27.800,1.84642,1.84661,1.37,3.82
2015.12.10 04:08:28.378,1.84641,1.84661,1.47,3.45
2015.12.10 04:08:29.544,1.84642,1.84661,1.37,3.45
2015.12.10 04:08:30.070,1.84639,1.84661,2.62,3.45
2015.12.10 04:08:30.577,1.8464,1.84661,1.57,1.95
2015.12.10 04:08:31.093,1.84639,1.84661,2.62,1.95
2015.12.10 04:08:31.618,1.8464,1.84661,1.57,1.95
2015.12.10 04:08:32.146,1.84639,1.84661,2.25,1.95
2015.12.10 04:08:32.689,1.8464,1.84661,1.57,1.95
2015.12.10 04:08:33.191,1.84639,1.84661,2.25,2.70
2015.12.10 04:08:34.091,1.8464,1.84661,1.57,2.70
2015.12.10 04:08:35.524,1.8464,1.84659,1.95,1.00
2015.12.10 04:08:37.161,1.8464,1.84661,1.45,3.07
2015.12.10 04:08:46.194,1.8464,1.84661,3.07,2.70
2015.12.10 04:08:47.178,1.84641,1.84661,1.10,3.07
2015.12.10 04:08:49.258,1.84639,1.84659,1.95,1.20
2015.12.10 04:08:50.207,1.8464,1.84659,1.50,1.45
2015.12.10 04:08:56.011,1.84638,1.84658,1.57,1.20
2015.12.10 04:08:56.062,1.84638,1.84658,1.37,2.25
2015.12.10 04:08:56.367,1.84637,1.84656,1.37,2.62
2015.12.10 04:08:56.902,1.84637,1.84656,1.00,2.62
2015.12.10 04:08:59.570,1.84636,1.84656,1.50,1.20
2015.12.10 04:09:00.196,1.84637,1.84658,1.10,4.20
2015.12.10 04:09:01.244,1.84637,1.84658,1.47,4.20
2015.12.10 04:09:02.410,1.84637,1.84658,1.20,4.20
2015.12.10 04:09:04.638,1.84638,1.84658,1.37,3.45
2015.12.10 04:09:07.618,1.84637,1.84658,2.32,3.07
2015.12.10 04:09:08.257,1.84638,1.84658,1.37,2.70
2015.12.10 04:09:11.636,1.84637,1.84658,1.20,2.32
2015.12.10 04:09:12.717,1.84637,1.84658,1.47,2.70
2015.12.10 04:09:13.458,1.84637,1.84658,1.20,3.07
2015.12.10 04:09:15.468,1.84637,1.84658,1.47,3.07
2015.12.10 04:09:17.986,1.84636,1.84657,1.87,1.50
2015.12.10 04:09:18.190,1.84632,1.84653,2.02,1.57
2015.12.10 04:09:18.442,1.84631,1.84651,1.37,1.57
2015.12.10 04:09:22.740,1.84628,1.84647,1.50,1.47
2015.12.10 04:09:22.791,1.84626,1.84646,1.12,1.12
2015.12.10 04:09:22.893,1.84626,1.84646,1.00,2.62
2015.12.10 04:09:24.747,1.84624,1.84645,1.50,1.57
2015.12.10 04:09:25.852,1.84625,1.84644,1.10,1.85
2015.12.10 04:09:26.157,1.84627,1.84648,1.95,1.57
2015.12.10 04:09:26.664,1.84627,1.84647,1.20,1.47
2015.12.10 04:09:27.394,1.84627,1.84647,1.10,1.50
2015.12.10 04:09:28.973,1.84627,1.84647,1.37,1.57
2015.12.10 04:09:29.977,1.84627,1.84647,1.12,1.57
2015.12.10 04:09:30.983,1.84627,1.84646,1.37,1.10
2015.12.10 04:09:31.511,1.84627,1.84647,1.12,1.57
2015.12.10 04:09:33.203,1.84626,1.84646,2.32,1.10
2015.12.10 04:09:37.174,1.84627,1.84647,1.00,1.57
2015.12.10 04:09:37.478,1.84626,1.84644,1.95,1.37
2015.12.10 04:09:38.179,1.84627,1.84645,1.00,1.37
2015.12.10 04:09:39.201,1.84626,1.84644,1.95,1.37
2015.12.10 04:09:40.349,1.84627,1.84645,1.00,1.37
2015.12.10 04:09:42.198,1.84626,1.84644,1.95,1.37
2015.12.10 04:09:43.303,1.84626,1.84645,1.20,1.50
2015.12.10 04:09:43.507,1.84627,1.84647,1.50,1.57
2015.12.10 04:09:43.813,1.84627,1.84645,2.32,1.50
2015.12.10 04:09:44.118,1.84627,1.84645,1.10,1.12
2015.12.10 04:09:44.624,1.84626,1.84644,1.57,1.45
2015.12.10 04:09:44.675,1.84626,1.84642,1.07,1.37
2015.12.10 04:09:45.008,1.84624,1.84642,1.57,1.20
2015.12.10 04:09:45.521,1.84625,1.84642,1.47,1.95
2015.12.10 04:09:47.924,1.84624,1.84642,1.07,1.95
2015.12.10 04:09:48.179,1.84623,1.84641,1.95,1.12
2015.12.10 04:09:56.711,1.84622,1.84641,2.25,1.12
2015.12.10 04:09:58.199,1.84623,1.84641,1.57,1.50
2015.12.10 04:10:02.638,1.84627,1.84641,1.37,1.12
2015.12.10 04:10:02.895,1.84627,1.84644,1.12,1.20
2015.12.10 04:10:02.946,1.84628,1.84646,1.20,2.70
2015.12.10 04:10:03.048,1.84631,1.84648,1.00,1.50
2015.12.10 04:10:03.201,1.84631,1.84649,1.57,1.10
2015.12.10 04:10:03.354,1.84631,1.84651,2.32,1.50
2015.12.10 04:10:03.456,1.84633,1.84651,1.00,1.87
2015.12.10 04:10:03.963,1.84631,1.8465,1.50,2.70
2015.12.10 04:10:04.014,1.84631,1.84647,1.50,1.37
2015.12.10 04:10:04.116,1.84629,1.84647,1.65,1.87
2015.12.10 04:10:04.401,1.84629,1.84643,1.37,1.85
2015.12.10 04:10:04.452,1.84625,1.84642,1.12,1.12
2015.12.10 04:10:04.554,1.84623,1.8464,1.57,1.45
2015.12.10 04:10:05.956,1.84622,1.84639,1.50,1.10
2015.12.10 04:10:06.543,1.84623,1.84638,1.07,1.12
2015.12.10 04:10:08.970,1.84622,1.84638,1.07,1.12
2015.12.10 04:10:10.237,1.84621,1.84638,1.57,1.20
2015.12.10 04:10:10.762,1.84622,1.84638,1.47,1.57
2015.12.10 04:10:12.270,1.84621,1.84638,1.57,1.95
2015.12.10 04:10:13.083,1.84624,1.84641,1.87,1.12
2015.12.10 04:10:13.185,1.84628,1.84644,1.50,1.12
2015.12.10 04:10:13.287,1.84627,1.84644,1.07,2.25
2015.12.10 04:10:13.825,1.84626,1.84643,1.37,1.87
2015.12.10 04:10:14.345,1.84625,1.84643,1.47,1.87
2015.12.10 04:10:14.849,1.84624,1.84641,1.07,1.10
2015.12.10 04:10:15.457,1.84624,1.8464,1.57,1.00
2015.12.10 04:10:18.306,1.84622,1.8464,1.95,1.10
2015.12.10 04:10:18.610,1.84619,1.84636,1.57,1.27
2015.12.10 04:10:18.662,1.84619,1.84636,1.57,1.20
2015.12.10 04:10:18.764,1.84618,1.84636,1.45,2.02
2015.12.10 04:10:24.717,1.84618,1.84636,1.50,1.95
2015.12.10 04:10:26.726,1.84618,1.84636,1.50,1.95
2015.12.10 04:10:29.994,1.84618,1.84635,1.07,1.12
2015.12.10 04:10:30.541,1.84617,1.84635,1.57,1.45
2015.12.10 04:10:31.357,1.84617,1.84635,1.57,1.20
2015.12.10 04:10:32.399,1.84617,1.84633,1.07,1.50
2015.12.10 04:10:32.703,1.84615,1.84633,1.57,2.40
2015.12.10 04:10:33.359,1.84615,1.84632,1.57,1.00
2015.12.10 04:10:35.209,1.84614,1.84633,1.87,1.65
2015.12.10 04:10:35.918,1.84615,1.84633,1.57,2.40
2015.12.10 04:10:36.586,1.84614,1.84633,1.87,1.27
2015.12.10 04:10:38.176,1.84615,1.84633,1.57,2.02
2015.12.10 04:10:39.886,1.84615,1.84633,1.47,1.57
2015.12.10 04:10:40.393,1.84616,1.84633,1.07,1.87
2015.12.10 04:10:40.987,1.84615,1.84634,1.50,1.37
2015.12.10 04:10:41.490,1.84616,1.84635,1.07,3.07
2015.12.10 04:10:42.080,1.84615,1.84635,1.87,2.32
2015.12.10 04:10:42.622,1.84618,1.84635,1.37,2.70
2015.12.10 04:10:43.125,1.84617,1.84635,1.47,1.95
2015.12.10 04:10:44.183,1.84616,1.84635,1.07,1.95
2015.12.10 04:10:45.185,1.84616,1.84635,1.57,2.70
2015.12.10 04:10:46.229,1.84616,1.84635,1.20,1.10
2015.12.10 04:10:46.535,1.84623,1.84638,1.20,1.00
2015.12.10 04:10:46.841,1.84624,1.84638,1.50,1.00
2015.12.10 04:10:47.620,1.84623,1.84638,1.12,1.00
2015.12.10 04:10:47.874,1.84621,1.84638,1.10,1.50
2015.12.10 04:10:47.925,1.84619,1.84637,1.27,1.37
2015.12.10 04:10:50.098,1.84618,1.84634,1.57,1.37
2015.12.10 04:10:50.403,1.84615,1.84635,2.32,2.70
2015.12.10 04:10:54.632,1.84614,1.84633,1.87,1.47
2015.12.10 04:10:54.836,1.84612,1.84631,1.50,2.32
2015.12.10 04:10:55.343,1.84613,1.8463,1.07,1.47
2015.12.10 04:10:55.950,1.84612,1.84631,1.50,3.07
2015.12.10 04:10:58.223,1.84613,1.8463,1.07,1.47
2015.12.10 04:11:00.482,1.84612,1.84631,1.50,1.95
2015.12.10 04:11:08.158,1.84616,1.84634,1.20,1.95
2015.12.10 04:11:08.260,1.84617,1.84634,1.12,1.00
2015.12.10 04:11:08.768,1.84617,1.84636,1.12,1.20
2015.12.10 04:11:14.099,1.8462,1.84635,1.47,1.00
2015.12.10 04:11:14.403,1.8462,1.84637,1.57,1.12
2015.12.10 04:11:14.909,1.84619,1.84638,2.25,1.20
2015.12.10 04:11:15.212,1.8462,1.84638,1.47,1.10
2015.12.10 04:11:15.519,1.84624,1.84641,1.47,1.50
2015.12.10 04:11:15.773,1.84623,1.84642,1.57,1.12
2015.12.10 04:11:16.280,1.84624,1.84642,1.47,1.87
2015.12.10 04:11:17.566,1.84623,1.84642,1.57,1.12
2015.12.10 04:11:18.411,1.84624,1.84642,1.47,1.87
2015.12.10 04:11:18.665,1.84624,1.84641,1.37,1.82
2015.12.10 04:11:18.818,1.84622,1.84641,1.57,2.62
2015.12.10 04:11:21.598,1.84621,1.84641,1.87,3.00
2015.12.10 04:11:22.118,1.84622,1.84641,1.57,3.37
2015.12.10 04:11:22.703,1.84621,1.84641,1.87,3.37
2015.12.10 04:11:23.582,1.84622,1.84641,1.57,3.37
2015.12.10 04:11:25.823,1.84621,1.84641,2.25,3.00
2015.12.10 04:11:26.503,1.84622,1.84641,1.57,3.37
2015.12.10 04:11:27.787,1.84621,1.84641,1.87,3.37
2015.12.10 04:11:28.588,1.84622,1.84641,1.57,3.75
2015.12.10 04:11:29.206,1.8462,1.84639,2.25,1.00
2015.12.10 04:11:29.511,1.84621,1.84639,1.07,2.62
2015.12.10 04:11:30.030,1.8462,1.84638,1.57,1.07
2015.12.10 04:12:02.704,1.8462,1.84638,1.95,1.07
2015.12.10 04:12:04.708,1.8462,1.84639,1.57,1.87
2015.12.10 04:12:06.268,1.8462,1.84637,1.12,1.12
2015.12.10 04:12:06.776,1.8462,1.84637,1.87,1.12
2015.12.10 04:12:07.284,1.84619,1.84637,1.10,1.12
2015.12.10 04:12:29.918,1.84618,1.84636,1.37,1.20
2015.12.10 04:12:29.970,1.84618,1.84636,1.37,1.20
2015.12.10 04:12:30.021,1.84615,1.84634,1.57,1.37
2015.12.10 04:12:30.327,1.84621,1.84636,1.37,2.40
2015.12.10 04:12:30.378,1.84621,1.84636,1.37,1.10
2015.12.10 04:12:30.480,1.84622,1.8464,1.57,1.57
2015.12.10 04:12:30.531,1.84626,1.84642,1.37,1.50
2015.12.10 04:12:30.582,1.84626,1.84644,1.37,1.82
2015.12.10 04:12:31.148,1.84625,1.84644,1.50,1.45
2015.12.10 04:12:31.698,1.84626,1.84644,1.37,1.50
2015.12.10 04:12:33.125,1.84626,1.84639,1.37,1.00
2015.12.10 04:12:33.331,1.84619,1.84636,1.37,1.87
2015.12.10 04:12:33.434,1.84623,1.84642,1.57,2.70
2015.12.10 04:12:33.536,1.84623,1.84643,1.47,1.87
2015.12.10 04:12:34.046,1.84623,1.84642,1.95,1.10
2015.12.10 04:12:35.498,1.84623,1.84642,1.47,1.75
2015.12.10 04:12:36.026,1.84622,1.8464,1.95,1.07
2015.12.10 04:12:42.930,1.84622,1.84636,1.20,1.12
2015.12.10 04:12:42.981,1.84619,1.84636,2.62,1.50
2015.12.10 04:12:43.032,1.84616,1.84636,2.77,2.62
2015.12.10 04:12:43.134,1.8462,1.84634,1.37,1.00
2015.12.10 04:12:43.286,1.8462,1.8464,1.57,3.37
2015.12.10 04:12:43.794,1.8462,1.84642,2.25,3.00
2015.12.10 04:12:44.581,1.84623,1.84641,1.00,1.27
2015.12.10 04:12:45.975,1.84621,1.84641,1.45,1.27
2015.12.10 04:12:46.027,1.84621,1.84637,1.45,1.37
2015.12.10 04:12:46.179,1.84619,1.84634,1.50,1.12
2015.12.10 04:12:46.230,1.84619,1.84634,1.37,1.50
2015.12.10 04:12:46.383,1.84622,1.84639,1.47,1.85
2015.12.10 04:12:46.484,1.84621,1.8464,1.57,1.57
2015.12.10 04:12:47.017,1.84622,1.8464,1.47,1.95
2015.12.10 04:12:47.546,1.84621,1.8464,1.20,1.95
2015.12.10 04:12:47.597,1.84621,1.8464,1.10,2.32
2015.12.10 04:12:49.114,1.84615,1.84631,1.00,1.87
2015.12.10 04:12:49.317,1.8462,1.84634,1.00,1.00
2015.12.10 04:12:49.368,1.8462,1.84639,1.00,2.62
2015.12.10 04:12:49.419,1.8462,1.84639,1.00,2.62
2015.12.10 04:12:51.464,1.8462,1.84637,1.00,1.00
2015.12.10 04:12:51.566,1.8462,1.84635,1.00,1.12
2015.12.10 04:12:51.668,1.84616,1.84634,1.10,2.62
2015.12.10 04:12:51.720,1.84619,1.84634,1.00,1.95
2015.12.10 04:12:51.872,1.84621,1.84637,1.00,1.10
2015.12.10 04:12:55.530,1.84621,1.8464,1.37,1.50
2015.12.10 04:12:59.053,1.84622,1.84639,1.50,1.47
2015.12.10 04:12:59.691,1.84622,1.8464,1.57,2.62
2015.12.10 04:13:00.201,1.84622,1.8464,1.20,1.57
2015.12.10 04:13:05.767,1.84622,1.84641,1.50,1.12
2015.12.10 04:13:06.298,1.84622,1.84641,1.87,1.00
2015.12.10 04:13:08.348,1.84622,1.84642,1.87,2.02
2015.12.10 04:13:10.328,1.84622,1.84642,1.50,1.57
2015.12.10 04:13:10.430,1.84622,1.84642,1.87,2.02
2015.12.10 04:13:15.111,1.84621,1.8464,1.57,1.45
2015.12.10 04:13:15.468,1.84622,1.84641,1.20,1.12
2015.12.10 04:13:15.519,1.84625,1.84641,1.37,1.12
2015.12.10 04:13:17.931,1.84625,1.84643,1.37,2.32
2015.12.10 04:13:18.438,1.84624,1.84643,1.95,1.57
2015.12.10 04:13:18.743,1.84625,1.84641,1.37,1.57
2015.12.10 04:13:18.946,1.84623,1.84641,1.57,1.57
2015.12.10 04:13:25.112,1.84622,1.84641,1.37,2.32
2015.12.10 04:13:25.658,1.84623,1.84641,1.37,2.32
2015.12.10 04:13:28.330,1.84622,1.84641,1.37,2.32
2015.12.10 04:13:28.875,1.84623,1.84641,1.37,1.95
2015.12.10 04:13:29.613,1.84622,1.84641,1.37,2.32
2015.12.10 04:13:30.827,1.84623,1.84641,1.37,2.32
2015.12.10 04:13:31.517,1.84622,1.8464,1.87,1.10
2015.12.10 04:13:32.047,1.84623,1.8464,1.37,1.10
2015.12.10 04:13:32.567,1.84622,1.8464,1.87,1.10
2015.12.10 04:13:33.235,1.84623,1.8464,1.37,1.10
2015.12.10 04:13:36.223,1.84622,1.8464,1.87,1.10
2015.12.10 04:13:38.165,1.84623,1.8464,1.37,1.10
2015.12.10 04:13:39.262,1.84622,1.8464,1.87,1.10
2015.12.10 04:13:43.250,1.84623,1.84641,1.37,1.20
2015.12.10 04:13:46.462,1.84623,1.84639,1.37,1.50
2015.12.10 04:13:47.253,1.84622,1.84639,1.37,1.00
2015.12.10 04:13:48.270,1.84623,1.84639,1.37,1.50
2015.12.10 04:13:49.572,1.84622,1.84639,1.37,1.00
2015.12.10 04:13:50.272,1.84623,1.84639,1.37,1.50
2015.12.10 04:13:51.258,1.84622,1.84639,1.37,1.00
2015.12.10 04:13:52.597,1.8462,1.84635,1.10,1.47
2015.12.10 04:13:54.281,1.84619,1.84634,1.37,1.37
2015.12.10 04:13:55.261,1.84618,1.84635,1.87,1.57
2015.12.10 04:13:56.090,1.84618,1.84634,2.25,1.37
2015.12.10 04:14:00.002,1.84619,1.84635,1.37,1.57
2015.12.10 04:14:00.524,1.84619,1.84634,1.37,1.37
2015.12.10 04:14:01.877,1.84619,1.84635,1.37,1.57
2015.12.10 04:14:02.778,1.84619,1.84634,1.37,1.37
2015.12.10 04:14:04.003,1.8462,1.84635,1.00,1.57
2015.12.10 04:14:04.561,1.8462,1.84634,1.00,1.37
2015.12.10 04:14:05.068,1.8462,1.84635,1.00,1.57
2015.12.10 04:14:07.140,1.8462,1.84634,1.00,1.37
2015.12.10 04:14:08.292,1.8462,1.84635,1.00,1.37
2015.12.10 04:14:12.732,1.84619,1.84637,1.47,1.57
2015.12.10 04:14:15.506,1.84619,1.84637,1.47,1.57
2015.12.10 04:14:16.357,1.84621,1.84639,1.10,2.25
2015.12.10 04:14:16.871,1.84621,1.84639,1.10,1.07
2015.12.10 04:14:32.347,1.8462,1.84639,1.57,1.95
2015.12.10 04:14:33.371,1.8462,1.84639,1.45,1.20
2015.12.10 04:14:34.373,1.8462,1.84639,1.57,1.95
2015.12.10 04:14:37.442,1.84619,1.84633,1.87,1.87
2015.12.10 04:14:37.494,1.84613,1.84626,1.00,1.50
2015.12.10 04:14:37.545,1.84613,1.8462,1.00,1.37
2015.12.10 04:14:37.597,1.84604,1.8462,1.12,1.87
2015.12.10 04:14:37.648,1.84602,1.84615,1.12,1.37
2015.12.10 04:14:37.699,1.846,1.84615,1.20,1.37
2015.12.10 04:14:37.904,1.84598,1.84615,1.12,1.37
2015.12.10 04:14:38.058,1.84598,1.84615,1.37,1.37
2015.12.10 04:14:38.565,1.84601,1.84616,1.00,1.57
2015.12.10 04:14:39.263,1.84601,1.84615,1.00,1.37
2015.12.10 04:14:39.703,1.84597,1.84616,1.57,2.02
2015.12.10 04:14:40.223,1.84599,1.84615,1.87,1.37
2015.12.10 04:14:42.571,1.84598,1.84615,1.00,1.37
2015.12.10 04:14:42.673,1.84595,1.8461,1.12,1.37
2015.12.10 04:14:42.980,1.84594,1.8461,1.12,1.37
2015.12.10 04:14:44.588,1.84594,1.84611,1.00,1.65
2015.12.10 04:14:45.972,1.84594,1.84611,1.00,2.32
2015.12.10 04:14:46.396,1.84591,1.8461,1.50,1.45
2015.12.10 04:14:48.091,1.84594,1.8461,1.00,2.25
2015.12.10 04:14:49.466,1.84594,1.84607,1.00,1.50
2015.12.10 04:14:49.517,1.84592,1.84607,1.12,1.50
2015.12.10 04:14:50.659,1.84594,1.84607,1.00,1.50
2015.12.10 04:14:50.711,1.84594,1.84609,1.00,1.65
2015.12.10 04:14:50.863,1.84597,1.8461,1.00,1.87
2015.12.10 04:14:51.196,1.84597,1.84614,1.12,1.57
2015.12.10 04:14:54.191,1.84594,1.84613,1.57,1.12
2015.12.10 04:14:54.293,1.84593,1.84609,1.65,1.37
2015.12.10 04:14:54.395,1.84592,1.84609,1.50,1.50
2015.12.10 04:14:54.548,1.84592,1.84608,1.00,1.37
2015.12.10 04:14:55.806,1.84592,1.84605,1.00,1.37
2015.12.10 04:14:55.908,1.84589,1.84605,1.00,1.47
2015.12.10 04:14:59.152,1.84589,1.84606,1.12,1.47
2015.12.10 04:14:59.823,1.84589,1.84605,1.00,1.37
2015.12.10 04:15:00.027,1.84589,1.84607,1.00,1.65
2015.12.10 04:15:00.433,1.84589,1.84607,1.75,2.02
2015.12.10 04:15:00.953,1.84589,1.84606,1.75,1.07
2015.12.10 04:15:01.618,1.84589,1.84607,1.47,1.57
2015.12.10 04:15:01.924,1.84593,1.84609,1.00,1.20
2015.12.10 04:15:02.431,1.84591,1.8461,2.62,1.37
2015.12.10 04:15:02.939,1.84592,1.84611,1.27,1.57
2015.12.10 04:15:04.637,1.84592,1.84611,1.27,1.57
2015.12.10 04:15:05.141,1.84596,1.84611,1.12,1.37
2015.12.10 04:15:05.344,1.84596,1.84614,1.12,1.87
2015.12.10 04:15:06.428,1.84595,1.84614,1.00,1.45
2015.12.10 04:15:08.148,1.84595,1.84614,1.50,1.87
2015.12.10 04:15:09.409,1.84595,1.84614,1.00,1.45
2015.12.10 04:15:11.457,1.84596,1.84614,1.00,1.87
2015.12.10 04:15:12.470,1.84595,1.84614,1.50,1.45
2015.12.10 04:15:15.422,1.84595,1.84614,2.25,1.87
2015.12.10 04:15:16.442,1.84595,1.84614,1.00,1.45
2015.12.10 04:15:19.183,1.84595,1.84613,1.00,1.20
2015.12.10 04:15:19.342,1.84595,1.84614,1.10,1.95
2015.12.10 04:15:19.803,1.84594,1.84614,1.87,1.95
2015.12.10 04:15:20.905,1.84595,1.84614,1.20,1.95
2015.12.10 04:15:21.413,1.84597,1.84614,1.00,1.95
2015.12.10 04:15:22.430,1.84594,1.84614,1.12,2.70
2015.12.10 04:15:22.786,1.84593,1.84613,1.12,1.75
2015.12.10 04:15:23.343,1.84593,1.84613,1.87,1.87
2015.12.10 04:15:23.844,1.84593,1.84613,1.12,1.75
2015.12.10 04:15:24.849,1.84592,1.84612,1.57,1.82
2015.12.10 04:15:25.398,1.84591,1.84612,2.62,1.82
2015.12.10 04:15:26.235,1.84591,1.8461,2.62,1.50
2015.12.10 04:15:28.456,1.84591,1.8461,1.87,2.25
2015.12.10 04:15:28.990,1.84589,1.84609,3.00,1.45
2015.12.10 04:15:29.855,1.84589,1.84609,2.62,1.82
2015.12.10 04:15:30.411,1.84589,1.84608,2.32,1.20
2015.12.10 04:15:34.396,1.8459,1.84608,1.10,1.47
2015.12.10 04:15:34.447,1.8459,1.84609,1.20,1.82
2015.12.10 04:15:35.146,1.84589,1.84609,2.62,1.82
2015.12.10 04:15:35.994,1.8459,1.84609,1.20,1.82
2015.12.10 04:15:36.975,1.84589,1.84609,2.62,1.82
2015.12.10 04:15:42.011,1.8459,1.84609,1.20,1.82
2015.12.10 04:15:44.992,1.84589,1.84609,2.62,1.82
2015.12.10 04:15:46.017,1.84589,1.84609,2.62,1.82
2015.12.10 04:15:53.741,1.8459,1.84609,2.02,1.45
2015.12.10 04:15:54.046,1.84597,1.84614,1.12,1.12
2015.12.10 04:15:54.097,1.84597,1.84616,2.32,1.12
2015.12.10 04:15:54.148,1.84597,1.84616,2.32,1.12
2015.12.10 04:15:54.251,1.84598,1.84618,1.20,1.07
2015.12.10 04:15:55.265,1.84598,1.84617,1.85,1.50
2015.12.10 04:15:55.316,1.84598,1.84617,1.00,2.25
2015.12.10 04:15:55.975,1.84597,1.84616,1.50,1.82
2015.12.10 04:15:56.482,1.84597,1.84616,1.37,1.50
2015.12.10 04:15:56.634,1.84595,1.84614,1.87,1.85
2015.12.10 04:16:01.247,1.84593,1.84612,1.27,1.45
2015.12.10 04:16:01.852,1.84593,1.84612,1.65,1.45
2015.12.10 04:16:02.833,1.84593,1.84611,1.20,1.57
2015.12.10 04:16:02.884,1.84593,1.8461,1.10,1.37
2015.12.10 04:16:03.395,1.84591,1.8461,1.07,1.87
2015.12.10 04:16:05.631,1.84591,1.84609,1.10,1.57
2015.12.10 04:16:05.934,1.84587,1.84606,2.02,1.27
2015.12.10 04:16:06.442,1.84587,1.84606,1.20,2.02
2015.12.10 04:16:06.493,1.84586,1.84606,1.45,2.70
2015.12.10 04:16:06.595,1.84586,1.84605,1.37,1.20
2015.12.10 04:16:07.104,1.84588,1.84607,1.87,1.37
2015.12.10 04:16:08.287,1.84588,1.84608,1.45,1.27
2015.12.10 04:16:10.387,1.84588,1.84609,1.50,2.20
2015.12.10 04:16:12.297,1.84588,1.84607,2.25,1.50
2015.12.10 04:16:12.628,1.84587,1.84604,1.37,1.12
2015.12.10 04:16:12.730,1.84587,1.84605,1.95,1.95
2015.12.10 04:16:13.237,1.84589,1.84607,1.57,1.65
2015.12.10 04:16:13.288,1.84589,1.84607,1.57,1.27
2015.12.10 04:16:13.805,1.8459,1.84607,2.25,1.00
2015.12.10 04:16:21.744,1.8459,1.84607,2.25,1.00
2015.12.10 04:16:22.776,1.8459,1.84607,1.82,1.00
2015.12.10 04:16:26.956,1.8459,1.84607,1.87,3.37
2015.12.10 04:16:27.007,1.8459,1.84606,1.87,1.37
2015.12.10 04:16:27.109,1.84587,1.84604,1.47,1.47
2015.12.10 04:16:27.291,1.84587,1.84604,1.47,1.95
2015.12.10 04:16:27.344,1.84581,1.84599,1.12,1.57
2015.12.10 04:16:28.309,1.84582,1.84599,1.12,1.37
2015.12.10 04:16:28.361,1.84583,1.846,1.12,1.20
2015.12.10 04:16:31.402,1.84584,1.84601,1.00,1.95
2015.12.10 04:16:32.072,1.84581,1.84601,1.85,1.95
2015.12.10 04:16:32.660,1.84581,1.84601,1.85,1.95
2015.12.10 04:16:36.451,1.8458,1.846,1.95,1.20
2015.12.10 04:16:37.470,1.84581,1.846,1.10,1.95
2015.12.10 04:16:38.454,1.8458,1.846,1.95,1.95
2015.12.10 04:16:39.482,1.8458,1.846,1.95,1.20
2015.12.10 04:16:40.181,1.84584,1.84602,1.50,1.87
2015.12.10 04:16:40.537,1.84584,1.84602,1.87,1.10
2015.12.10 04:16:41.073,1.84584,1.84603,2.25,1.87
2015.12.10 04:16:44.144,1.84586,1.84605,1.20,1.57
2015.12.10 04:16:44.296,1.84589,1.84605,1.37,1.20
2015.12.10 04:16:44.996,1.84588,1.84605,1.95,1.00
2015.12.10 04:16:45.890,1.84589,1.84605,1.87,1.00
2015.12.10 04:16:49.571,1.8459,1.84607,1.07,1.50
2015.12.10 04:16:51.863,1.8459,1.84609,1.20,1.95
2015.12.10 04:16:52.471,1.8459,1.84607,1.10,1.85
2015.12.10 04:16:52.522,1.84587,1.84605,1.87,1.37
2015.12.10 04:16:52.573,1.84587,1.84605,1.87,1.12
2015.12.10 04:16:53.838,1.84587,1.84606,1.45,1.87
2015.12.10 04:16:54.143,1.84587,1.84606,1.45,2.62
2015.12.10 04:16:54.448,1.84585,1.84598,1.12,1.00
2015.12.10 04:16:54.499,1.84581,1.84598,1.47,1.87
2015.12.10 04:16:54.550,1.84579,1.84593,1.87,1.00
2015.12.10 04:16:54.601,1.84578,1.84593,1.10,1.00
2015.12.10 04:16:55.616,1.84582,1.84599,1.12,1.00
2015.12.10 04:16:55.668,1.84582,1.84599,1.87,1.00
2015.12.10 04:16:56.455,1.84582,1.84599,1.87,1.00
2015.12.10 04:16:56.506,1.84582,1.84599,1.12,1.87
2015.12.10 04:16:57.021,1.84582,1.84599,1.00,1.12
2015.12.10 04:16:57.909,1.84582,1.84599,1.12,1.87
2015.12.10 04:16:58.497,1.84582,1.84599,1.00,1.12
2015.12.10 04:16:59.884,1.84582,1.84599,1.12,1.87
2015.12.10 04:17:00.924,1.84581,1.84599,1.47,1.12
2015.12.10 04:17:01.293,1.84582,1.84599,1.37,1.00
2015.12.10 04:17:01.446,1.84587,1.84605,1.47,2.25
2015.12.10 04:17:01.600,1.84587,1.84607,2.25,1.50
2015.12.10 04:17:01.955,1.84592,1.84609,1.00,2.25
2015.12.10 04:17:02.057,1.84592,1.8461,1.12,1.45
2015.12.10 04:17:06.194,1.84592,1.84611,2.32,1.57
2015.12.10 04:17:06.702,1.84592,1.84611,2.32,1.57
2015.12.10 04:17:07.059,1.84595,1.84613,1.10,1.50
2015.12.10 04:17:07.212,1.84595,1.84615,1.37,1.12
2015.12.10 04:17:08.301,1.84595,1.84614,1.50,1.12
2015.12.10 04:17:08.715,1.84597,1.84614,1.87,1.07
2015.12.10 04:17:08.919,1.84603,1.84621,1.50,2.70
2015.12.10 04:17:08.970,1.84603,1.8462,1.00,1.37
2015.12.10 04:17:09.072,1.84603,1.8462,1.00,1.00
2015.12.10 04:17:10.942,1.84602,1.84622,1.10,2.32
2015.12.10 04:17:11.525,1.84602,1.8462,1.57,1.00
2015.12.10 04:17:12.186,1.84602,1.84622,1.10,2.32
2015.12.10 04:17:13.069,1.84601,1.8462,2.32,1.00
2015.12.10 04:17:13.830,1.84601,1.8462,2.32,1.00
2015.12.10 04:17:16.264,1.84601,1.8462,1.57,1.50
2015.12.10 04:17:16.315,1.84601,1.84613,1.45,1.37
2015.12.10 04:17:16.417,1.84597,1.84613,1.00,1.47
2015.12.10 04:17:16.468,1.84596,1.84612,1.37,1.37
2015.12.10 04:17:16.570,1.84592,1.84612,1.45,1.87
2015.12.10 04:17:16.672,1.84591,1.8461,2.32,1.37
2015.12.10 04:17:16.875,1.84591,1.84608,1.10,1.47
2015.12.10 04:17:19.791,1.8459,1.84609,1.00,2.32
2015.12.10 04:17:20.349,1.84589,1.84604,1.47,1.37
2015.12.10 04:17:20.881,1.84587,1.84604,3.00,1.37
2015.12.10 04:17:22.355,1.84586,1.84604,1.87,1.45
2015.12.10 04:17:22.457,1.84586,1.84599,1.37,1.37
2015.12.10 04:17:23.496,1.84584,1.84599,1.37,1.47
2015.12.10 04:17:24.009,1.84584,1.846,1.37,1.57
2015.12.10 04:17:25.438,1.84589,1.84601,1.37,1.12
2015.12.10 04:17:25.541,1.84591,1.84607,1.00,1.57
2015.12.10 04:17:26.093,1.8459,1.84608,1.95,1.47
2015.12.10 04:17:26.599,1.8459,1.84608,1.95,1.47
2015.12.10 04:17:27.500,1.8459,1.84608,1.95,1.47
2015.12.10 04:17:28.090,1.8459,1.84607,2.70,1.37
2015.12.10 04:17:28.618,1.8459,1.84607,2.70,1.37
2015.12.10 04:17:29.460,1.8459,1.84607,2.70,1.37
2015.12.10 04:17:30.522,1.84591,1.84607,1.20,1.37
2015.12.10 04:17:30.574,1.84594,1.84609,1.75,1.57
2015.12.10 04:17:30.625,1.84594,1.84609,1.00,1.57
2015.12.10 04:17:30.676,1.84595,1.84612,1.37,1.37
2015.12.10 04:17:31.237,1.84594,1.84612,1.37,1.37
2015.12.10 04:17:31.644,1.84592,1.84609,1.50,1.37
2015.12.10 04:17:32.686,1.84593,1.84608,1.87,1.37
2015.12.10 04:17:32.787,1.84593,1.84611,1.87,1.95
2015.12.10 04:17:32.838,1.84596,1.84611,1.00,1.95
2015.12.10 04:17:33.144,1.84601,1.84616,1.00,1.07
2015.12.10 04:17:33.450,1.84601,1.8462,1.10,1.95
2015.12.10 04:17:33.501,1.84601,1.8462,1.50,1.57
2015.12.10 04:17:34.010,1.84602,1.84619,1.07,1.37
2015.12.10 04:17:38.275,1.84601,1.8462,3.00,1.47
2015.12.10 04:17:38.786,1.846,1.84616,3.07,1.37
2015.12.10 04:17:39.191,1.846,1.84616,2.32,1.37
2015.12.10 04:17:39.716,1.84601,1.84617,1.00,1.47
2015.12.10 04:17:40.308,1.846,1.84618,2.32,1.50
2015.12.10 04:17:42.738,1.84601,1.84617,1.20,1.37
2015.12.10 04:17:43.093,1.84599,1.84614,1.50,1.37
2015.12.10 04:17:43.195,1.84599,1.84614,1.50,1.37
2015.12.10 04:17:43.781,1.84598,1.84616,1.57,1.57
2015.12.10 04:17:43.883,1.84599,1.84618,1.12,1.50
2015.12.10 04:17:44.136,1.84599,1.84619,1.50,2.70
2015.12.10 04:17:44.340,1.84599,1.84619,1.50,2.70
2015.12.10 04:17:47.420,1.84599,1.84617,1.50,1.20
2015.12.10 04:17:48.438,1.84599,1.84617,1.12,1.20
2015.12.10 04:17:49.580,1.84599,1.84614,1.00,1.37
2015.12.10 04:17:49.911,1.84598,1.84616,2.25,1.95
2015.12.10 04:17:58.029,1.84598,1.84616,1.95,1.12
2015.12.10 04:17:59.964,1.84598,1.84614,1.95,1.00
2015.12.10 04:18:00.367,1.846,1.84616,3.37,1.37
2015.12.10 04:18:00.521,1.84603,1.84619,1.12,1.37
2015.12.10 04:18:00.572,1.84602,1.84619,1.87,1.87
2015.12.10 04:18:01.091,1.84603,1.84619,1.00,1.87
2015.12.10 04:18:01.995,1.84603,1.84618,1.87,1.37
2015.12.10 04:18:02.238,1.84606,1.84622,1.50,1.10
2015.12.10 04:18:02.888,1.84607,1.84622,1.37,1.00
2015.12.10 04:18:03.439,1.84606,1.84622,1.87,1.00
2015.12.10 04:18:05.033,1.84606,1.84624,2.62,1.27
2015.12.10 04:18:05.185,1.84607,1.84623,1.37,1.50
2015.12.10 04:18:06.524,1.84604,1.84619,1.00,1.47
2015.12.10 04:18:07.059,1.84605,1.84619,1.12,1.47
2015.12.10 04:18:07.582,1.84605,1.8462,1.12,1.07
2015.12.10 04:18:08.514,1.84606,1.84623,1.87,1.07
2015.12.10 04:18:08.992,1.84607,1.84626,1.57,2.32
2015.12.10 04:18:09.523,1.84608,1.84626,1.37,2.32
2015.12.10 04:18:09.727,1.84612,1.84626,1.37,1.47
2015.12.10 04:18:09.829,1.84612,1.84628,1.00,1.00
2015.12.10 04:18:09.931,1.84612,1.84631,1.12,1.45
2015.12.10 04:18:10.452,1.84612,1.84631,1.87,1.87
2015.12.10 04:18:10.962,1.84612,1.84631,1.87,1.87
2015.12.10 04:18:11.013,1.84615,1.84632,1.37,2.25
2015.12.10 04:18:11.165,1.84615,1.84633,1.37,1.10
2015.12.10 04:18:11.709,1.84616,1.84633,1.37,1.57
2015.12.10 04:18:12.917,1.84616,1.84634,1.00,1.45
2015.12.10 04:18:13.019,1.8462,1.84635,1.37,1.85
2015.12.10 04:18:13.222,1.84621,1.84637,1.12,1.37
2015.12.10 04:18:13.424,1.84621,1.84639,1.50,1.57
2015.12.10 04:18:13.577,1.84621,1.84638,1.37,1.37
2015.12.10 04:18:13.958,1.84616,1.84631,1.87,1.57
2015.12.10 04:18:15.876,1.84618,1.84631,1.37,1.57
2015.12.10 04:18:16.180,1.84618,1.84633,1.37,1.57
2015.12.10 04:18:16.757,1.84618,1.84633,1.37,1.57
2015.12.10 04:18:17.288,1.84618,1.84634,1.37,1.87
2015.12.10 04:18:18.837,1.84618,1.84633,2.25,1.57
2015.12.10 04:18:20.763,1.84618,1.84633,1.75,1.57
2015.12.10 04:18:21.306,1.84617,1.84634,3.00,1.87
2015.12.10 04:18:22.369,1.84617,1.84636,3.00,1.57
2015.12.10 04:18:22.882,1.84618,1.84635,1.75,1.47
2015.12.10 04:18:24.783,1.84618,1.84635,1.75,1.47
2015.12.10 04:18:27.908,1.84618,1.84635,1.87,1.47
2015.12.10 04:18:30.693,1.84618,1.84635,2.25,1.47
2015.12.10 04:18:31.759,1.84618,1.84636,1.50,1.57
2015.12.10 04:18:32.114,1.84621,1.84637,1.37,1.07
2015.12.10 04:18:32.369,1.84626,1.84643,1.37,1.07
2015.12.10 04:18:32.875,1.84628,1.84644,1.00,1.57
2015.12.10 04:18:33.694,1.84628,1.84643,1.00,1.37
2015.12.10 04:18:33.746,1.84627,1.84643,1.12,1.37
2015.12.10 04:18:34.001,1.84626,1.84643,2.25,1.87
2015.12.10 04:18:35.009,1.84624,1.84643,1.37,2.25
2015.12.10 04:18:38.054,1.84623,1.84643,1.95,1.50
2015.12.10 04:18:39.010,1.84623,1.84643,1.95,1.50
2015.12.10 04:18:41.789,1.84627,1.84643,1.37,1.50
2015.12.10 04:18:42.409,1.84627,1.84644,1.57,1.57
2015.12.10 04:18:42.714,1.84629,1.84645,1.50,1.50
2015.12.10 04:18:42.816,1.84631,1.8465,1.87,2.25
2015.12.10 04:18:43.912,1.84632,1.8465,1.50,2.25
2015.12.10 04:18:44.965,1.84632,1.8465,1.57,2.25
2015.12.10 04:18:45.017,1.84631,1.84645,1.12,1.37
2015.12.10 04:18:45.068,1.8463,1.84645,1.37,1.87
2015.12.10 04:18:45.120,1.84624,1.84641,1.95,1.37
2015.12.10 04:18:45.629,1.84624,1.84641,1.95,1.37
2015.12.10 04:18:46.620,1.84624,1.84641,1.50,1.50
2015.12.10 04:18:47.621,1.84624,1.84641,1.50,1.50
2015.12.10 04:18:48.698,1.84624,1.8464,1.37,1.57
2015.12.10 04:18:50.729,1.84622,1.8464,2.62,1.57
2015.12.10 04:18:54.179,1.84622,1.8464,2.62,1.57
2015.12.10 04:18:54.682,1.84622,1.8464,1.87,1.10
2015.12.10 04:18:55.182,1.84622,1.8464,1.87,1.10
2015.12.10 04:18:56.598,1.84623,1.8464,1.10,1.57
2015.12.10 04:18:57.609,1.84622,1.8464,1.87,1.10
2015.12.10 04:18:58.172,1.84622,1.8464,1.87,1.10
2015.12.10 04:19:00.563,1.84622,1.8464,1.87,1.20
2015.12.10 04:19:00.868,1.84621,1.84639,1.00,1.87
2015.12.10 04:19:01.021,1.84617,1.84632,3.00,1.37
2015.12.10 04:19:01.173,1.84617,1.84632,1.87,1.47
2015.12.10 04:19:01.427,1.84613,1.84632,1.87,1.50
2015.12.10 04:19:01.478,1.84613,1.84632,1.87,1.50
2015.12.10 04:19:01.682,1.84611,1.84628,1.57,1.07
2015.12.10 04:19:02.598,1.84611,1.84628,1.37,1.45
2015.12.10 04:19:04.570,1.84611,1.84628,1.12,1.45
2015.12.10 04:19:07.084,1.8461,1.84628,1.37,1.87
2015.12.10 04:19:08.018,1.84612,1.84629,1.00,1.50
2015.12.10 04:19:08.069,1.84611,1.84629,1.20,1.50
2015.12.10 04:19:08.425,1.84615,1.84631,1.00,1.50
2015.12.10 04:19:08.882,1.84613,1.8463,1.37,1.47
2015.12.10 04:19:09.411,1.84613,1.84629,1.37,1.12
2015.12.10 04:19:13.000,1.84613,1.8463,1.50,1.95
2015.12.10 04:19:13.508,1.84613,1.8463,1.57,1.47
2015.12.10 04:19:15.030,1.84613,1.84631,1.95,1.57
2015.12.10 04:19:18.451,1.84615,1.84632,2.70,1.47
2015.12.10 04:19:19.052,1.84615,1.84633,2.70,1.07
2015.12.10 04:19:19.437,1.84615,1.84633,2.70,1.07
2015.12.10 04:19:20.086,1.84617,1.84633,1.12,1.07
2015.12.10 04:19:21.288,1.84618,1.84633,1.00,1.07
2015.12.10 04:19:22.944,1.84615,1.84633,1.95,1.07
2015.12.10 04:19:23.096,1.84612,1.84632,2.20,1.45
2015.12.10 04:19:25.065,1.84613,1.84629,1.57,1.37
2015.12.10 04:19:26.017,1.84613,1.84629,1.00,1.47
2015.12.10 04:19:26.568,1.84612,1.8463,1.37,1.57
2015.12.10 04:19:27.274,1.84613,1.84629,1.00,1.47
2015.12.10 04:19:29.360,1.84611,1.8463,2.62,1.57
2015.12.10 04:19:30.597,1.84613,1.84629,1.00,1.47
2015.12.10 04:19:32.803,1.84611,1.8463,1.87,1.57
2015.12.10 04:19:34.204,1.84611,1.84629,2.25,1.47
2015.12.10 04:19:35.495,1.84611,1.84629,2.25,1.47
2015.12.10 04:19:36.232,1.84611,1.84629,1.87,1.47
2015.12.10 04:19:37.212,1.84611,1.84629,2.25,1.47
2015.12.10 04:19:38.864,1.84609,1.84628,1.50,1.12
2015.12.10 04:19:38.966,1.84608,1.84626,1.87,1.10
2015.12.10 04:19:39.473,1.84608,1.84628,1.57,1.82
2015.12.10 04:19:39.930,1.84609,1.84628,1.37,1.95
2015.12.10 04:19:43.952,1.84608,1.84628,1.20,1.57
2015.12.10 04:19:45.958,1.84609,1.84628,2.25,1.57
2015.12.10 04:19:46.985,1.84609,1.84628,2.62,1.95
2015.12.10 04:19:49.348,1.84611,1.8463,1.75,1.45
2015.12.10 04:19:50.270,1.84612,1.8463,1.12,1.45
2015.12.10 04:19:51.428,1.84613,1.84632,1.45,1.87
2015.12.10 04:19:52.301,1.84614,1.84631,1.20,1.07
2015.12.10 04:19:53.196,1.84618,1.84634,1.00,1.45
2015.12.10 04:19:56.459,1.84618,1.84634,1.37,1.45
2015.12.10 04:19:57.377,1.84618,1.84634,1.12,1.87
2015.12.10 04:19:58.463,1.84618,1.84634,1.37,1.87
2015.12.10 04:20:01.467,1.84617,1.84634,1.50,1.87
2015.12.10 04:20:04.620,1.84616,1.8463,1.00,1.50
2015.12.10 04:20:04.722,1.8461,1.84629,2.62,1.37
2015.12.10 04:20:04.926,1.84608,1.84627,1.50,1.95
2015.12.10 04:20:05.510,1.84609,1.84628,1.95,1.50
2015.12.10 04:20:08.399,1.84609,1.84628,1.57,1.50
2015.12.10 04:20:08.501,1.84608,1.84626,1.50,1.87
2015.12.10 04:20:09.435,1.84608,1.84625,1.00,1.57
2015.12.10 04:20:10.032,1.84608,1.84626,1.00,1.87
2015.12.10 04:20:10.542,1.84609,1.84626,1.00,1.45
2015.12.10 04:20:14.529,1.84609,1.84627,1.95,1.50
2015.12.10 04:20:15.558,1.84609,1.84626,2.32,1.07
2015.12.10 04:20:16.539,1.84609,1.84626,2.32,1.07
2015.12.10 04:20:17.513,1.84609,1.84626,2.32,1.07
2015.12.10 04:20:19.544,1.84609,1.84626,2.32,1.07
2015.12.10 04:20:26.525,1.8461,1.84626,1.12,1.07
2015.12.10 04:20:27.545,1.8461,1.84627,1.37,1.50
2015.12.10 04:20:32.549,1.8461,1.84627,1.37,1.12
2015.12.10 04:20:33.480,1.8461,1.8463,1.57,1.87
2015.12.10 04:20:33.936,1.84612,1.84632,1.57,1.07
2015.12.10 04:20:34.615,1.84612,1.84631,1.12,1.07
2015.12.10 04:20:35.131,1.84612,1.84631,1.50,1.87
2015.12.10 04:20:35.640,1.84612,1.84631,1.00,1.50
2015.12.10 04:20:36.201,1.84612,1.84631,1.50,1.87
2015.12.10 04:20:37.789,1.84611,1.84631,1.57,1.50
2015.12.10 04:20:38.292,1.84611,1.84631,1.57,1.87
2015.12.10 04:20:38.394,1.84611,1.8463,1.57,1.12
2015.12.10 04:20:39.618,1.8461,1.84629,1.12,1.75
2015.12.10 04:20:40.135,1.84611,1.84629,1.00,1.75
2015.12.10 04:20:46.674,1.84611,1.84629,1.20,1.57
2015.12.10 04:20:54.689,1.8461,1.84628,1.37,1.20
2015.12.10 04:20:54.842,1.84607,1.84625,1.20,2.02
2015.12.10 04:20:54.893,1.84605,1.84624,1.87,1.12
2015.12.10 04:20:55.444,1.84605,1.84622,1.47,1.45
2015.12.10 04:20:56.117,1.84606,1.84622,1.37,1.45
2015.12.10 04:20:57.868,1.84605,1.84623,1.95,1.12
2015.12.10 04:20:58.870,1.84606,1.84622,1.37,1.07
2015.12.10 04:20:59.613,1.84605,1.84622,1.47,1.45
2015.12.10 04:21:01.845,1.84606,1.84622,1.37,1.45
2015.12.10 04:21:05.174,1.84605,1.84622,1.47,1.45
2015.12.10 04:21:08.465,1.84606,1.84622,1.37,1.45
2015.12.10 04:21:14.767,1.84605,1.84622,1.57,1.45
2015.12.10 04:21:16.008,1.84606,1.84622,1.37,1.20
2015.12.10 04:21:16.701,1.84605,1.84622,1.47,1.20
2015.12.10 04:21:17.368,1.84606,1.84622,1.37,1.20
2015.12.10 04:21:17.925,1.84605,1.84622,1.47,1.20
2015.12.10 04:21:19.776,1.84604,1.84622,1.95,1.20
2015.12.10 04:21:36.544,1.84604,1.8462,1.07,1.00
2015.12.10 04:21:38.071,1.84604,1.8462,1.95,1.00
2015.12.10 04:21:39.262,1.84604,1.8462,1.57,1.00
2015.12.10 04:21:43.638,1.84605,1.84622,1.20,1.07
2015.12.10 04:21:43.943,1.84608,1.84627,2.32,2.62
2015.12.10 04:21:44.095,1.84609,1.84627,1.45,1.00
2015.12.10 04:21:44.146,1.84612,1.84627,1.37,1.00
2015.12.10 04:21:46.232,1.84611,1.84627,1.37,1.00
2015.12.10 04:21:49.228,1.84611,1.84628,1.37,2.02
2015.12.10 04:21:50.228,1.84612,1.84628,1.37,1.65
2015.12.10 04:21:50.958,1.84611,1.84628,1.37,1.65
2015.12.10 04:21:52.261,1.84612,1.84628,1.37,1.65
2015.12.10 04:21:56.190,1.84612,1.84627,1.37,1.00
2015.12.10 04:21:58.171,1.84611,1.84627,1.37,1.00
2015.12.10 04:21:59.242,1.84612,1.84627,1.37,1.00
2015.12.10 04:22:01.369,1.84611,1.84627,1.37,1.00
2015.12.10 04:22:01.888,1.84612,1.84629,1.37,2.25
2015.12.10 04:22:02.560,1.84611,1.84629,1.37,2.25
2015.12.10 04:22:03.350,1.84612,1.84629,1.37,2.25
2015.12.10 04:22:04.577,1.84611,1.84629,1.37,2.25
2015.12.10 04:22:05.354,1.84612,1.84629,1.37,2.25
2015.12.10 04:22:06.170,1.84611,1.84629,1.37,2.25
2015.12.10 04:22:06.677,1.84612,1.84628,1.07,1.00
2015.12.10 04:22:13.057,1.84612,1.84627,1.57,1.00
2015.12.10 04:22:15.116,1.84611,1.84627,1.47,1.10
2015.12.10 04:22:16.877,1.84612,1.84627,1.37,1.10
2015.12.10 04:22:18.901,1.84611,1.84627,1.47,1.10
2015.12.10 04:22:19.447,1.84612,1.84627,1.37,1.10
2015.12.10 04:22:20.093,1.84611,1.84627,1.47,1.10
2015.12.10 04:22:20.899,1.84612,1.84627,1.37,1.10
2015.12.10 04:22:21.406,1.84611,1.84627,1.47,1.10
2015.12.10 04:22:24.317,1.84612,1.84627,1.37,1.10
2015.12.10 04:22:25.716,1.84611,1.84627,1.47,1.10
2015.12.10 04:22:27.146,1.84612,1.84627,1.37,1.10
2015.12.10 04:22:27.998,1.84611,1.84627,1.47,1.10
2015.12.10 04:22:28.610,1.84612,1.84627,1.37,1.10
2015.12.10 04:22:29.321,1.84611,1.84627,1.47,1.10
2015.12.10 04:22:30.413,1.8461,1.84627,1.07,1.95
2015.12.10 04:22:30.955,1.84609,1.84627,1.37,2.62
2015.12.10 04:22:32.111,1.84608,1.84627,1.87,1.87
2015.12.10 04:22:32.634,1.84609,1.84627,1.37,2.62
2015.12.10 04:22:33.237,1.84608,1.84627,1.87,1.87
2015.12.10 04:22:34.315,1.84609,1.84627,1.37,2.62
2015.12.10 04:22:37.320,1.84608,1.84627,1.87,1.87
2015.12.10 04:22:38.463,1.84609,1.84627,1.50,2.62
2015.12.10 04:22:39.221,1.84609,1.84627,1.00,1.87
2015.12.10 04:22:39.800,1.84609,1.84627,1.50,2.62
2015.12.10 04:22:40.348,1.84609,1.84627,1.00,1.87
2015.12.10 04:22:41.332,1.84609,1.84627,1.50,2.62
2015.12.10 04:22:42.141,1.84609,1.84627,1.00,1.87
2015.12.10 04:22:42.849,1.84609,1.84627,1.50,2.62
2015.12.10 04:22:43.544,1.84609,1.84625,1.87,1.00
2015.12.10 04:22:44.245,1.84609,1.84625,1.12,1.00
2015.12.10 04:22:45.263,1.84609,1.84625,1.50,1.00
2015.12.10 04:22:45.989,1.84609,1.84625,1.00,1.00
2015.12.10 04:22:46.490,1.84609,1.84625,1.20,1.00
2015.12.10 04:23:00.198,1.84613,1.84627,1.00,1.47
2015.12.10 04:23:00.715,1.84613,1.84628,1.00,2.32
2015.12.10 04:23:01.590,1.84609,1.84628,1.20,1.20
2015.12.10 04:23:06.150,1.84609,1.84626,1.07,1.00
2015.12.10 04:23:06.709,1.84609,1.84626,3.07,1.00
2015.12.10 04:23:09.666,1.84609,1.84626,2.32,1.00
2015.12.10 04:23:10.274,1.84609,1.84628,2.32,1.57
2015.12.10 04:23:10.377,1.84614,1.84629,1.50,1.87
2015.12.10 04:23:10.428,1.84618,1.84631,1.37,1.00
2015.12.10 04:23:10.479,1.84619,1.84634,1.37,1.12
2015.12.10 04:23:10.674,1.84622,1.84634,1.87,1.00
2015.12.10 04:23:10.725,1.84623,1.84639,1.50,2.25
2015.12.10 04:23:10.979,1.84623,1.84639,1.12,1.00
2015.12.10 04:23:11.132,1.84626,1.8464,1.37,1.00
2015.12.10 04:23:16.311,1.84626,1.84642,1.57,1.00
2015.12.10 04:23:16.690,1.84626,1.84644,1.20,1.10
2015.12.10 04:23:16.792,1.84628,1.84644,1.12,1.00
2015.12.10 04:23:17.096,1.8463,1.84648,1.10,1.57
2015.12.10 04:23:17.249,1.8463,1.84648,1.87,1.00
2015.12.10 04:23:18.409,1.84631,1.84649,1.20,1.10
2015.12.10 04:23:22.151,1.84635,1.84652,1.37,1.47
2015.12.10 04:23:22.420,1.84636,1.84655,1.00,3.00
2015.12.10 04:23:22.825,1.84636,1.84655,2.32,1.95
2015.12.10 04:23:23.332,1.84638,1.84655,1.47,1.10
2015.12.10 04:23:23.839,1.84639,1.84659,1.20,2.32
2015.12.10 04:23:24.916,1.84639,1.84659,1.95,2.32
2015.12.10 04:23:25.329,1.84643,1.84661,1.37,2.32
2015.12.10 04:23:25.835,1.84641,1.84661,2.32,1.57
2015.12.10 04:23:26.373,1.84641,1.84661,1.20,1.57
2015.12.10 04:23:28.810,1.8464,1.84661,1.57,2.32
2015.12.10 04:23:35.460,1.8464,1.84658,1.12,1.50
2015.12.10 04:23:35.663,1.84637,1.84658,3.00,2.62
2015.12.10 04:23:36.178,1.84637,1.84658,3.37,2.25
2015.12.10 04:23:36.707,1.84639,1.84657,1.00,1.57
2015.12.10 04:23:37.438,1.84642,1.84659,1.00,1.75
2015.12.10 04:23:37.744,1.84646,1.84662,1.00,1.95
2015.12.10 04:23:38.250,1.84643,1.84662,1.85,2.70
2015.12.10 04:23:38.512,1.84643,1.84662,1.20,2.70
2015.12.10 04:23:38.564,1.84645,1.84662,1.00,2.70
2015.12.10 04:23:38.886,1.84643,1.84662,1.20,2.70
2015.12.10 04:23:47.831,1.84643,1.84662,2.32,1.47
2015.12.10 04:23:49.657,1.84645,1.84663,1.10,2.25
2015.12.10 04:23:50.167,1.84643,1.84662,3.07,1.47
2015.12.10 04:23:51.065,1.84643,1.84663,2.32,2.25
2015.12.10 04:23:51.581,1.84643,1.84663,3.07,2.25
2015.12.10 04:23:52.083,1.84643,1.84663,2.70,2.25
2015.12.10 04:23:52.617,1.84643,1.84662,2.70,1.47
2015.12.10 04:23:54.286,1.84643,1.84662,2.70,1.20
2015.12.10 04:23:55.161,1.84643,1.84662,1.95,1.95
2015.12.10 04:23:57.554,1.84649,1.84662,1.00,1.47
2015.12.10 04:23:57.757,1.84654,1.84671,1.87,1.20
2015.12.10 04:23:57.808,1.84656,1.84671,1.75,1.00
2015.12.10 04:23:57.910,1.8466,1.84678,1.45,1.20
2015.12.10 04:23:58.113,1.84661,1.84679,1.57,1.57
2015.12.10 04:23:58.519,1.84665,1.8468,1.12,1.37
2015.12.10 04:23:58.574,1.84668,1.84686,1.20,1.07
2015.12.10 04:23:59.843,1.84669,1.84686,2.32,1.07
2015.12.10 04:24:00.226,1.84669,1.84686,1.57,1.07
2015.12.10 04:24:00.775,1.8467,1.84686,1.00,1.07
2015.12.10 04:24:00.826,1.84674,1.84686,1.00,1.07
2015.12.10 04:24:00.877,1.84674,1.84688,1.00,1.07
2015.12.10 04:24:01.030,1.84676,1.84688,1.00,1.07
2015.12.10 04:24:01.131,1.84676,1.84692,1.00,1.57
2015.12.10 04:24:01.538,1.84676,1.84694,1.10,1.20
2015.12.10 04:24:02.280,1.84677,1.84694,1.00,1.57
2015.12.10 04:24:02.790,1.84678,1.84694,1.00,1.57
2015.12.10 04:24:03.341,1.84677,1.84694,1.50,1.07
2015.12.10 04:24:05.260,1.84677,1.84693,1.00,1.07
2015.12.10 04:24:05.764,1.84677,1.84693,1.00,1.50
2015.12.10 04:24:13.952,1.84675,1.84693,1.00,1.50
2015.12.10 04:24:15.658,1.84673,1.84692,1.00,1.20
2015.12.10 04:24:16.162,1.84673,1.84692,1.50,1.20
2015.12.10 04:24:17.313,1.84673,1.84692,1.12,1.20
2015.12.10 04:24:18.331,1.84673,1.84692,1.50,1.20
2015.12.10 04:24:18.838,1.84672,1.84692,3.07,1.20
2015.12.10 04:24:19.345,1.84673,1.84692,1.37,1.20
2015.12.10 04:24:20.215,1.84673,1.84692,1.37,1.20
2015.12.10 04:24:20.757,1.84673,1.84692,1.00,1.20
2015.12.10 04:24:21.296,1.84673,1.84692,1.50,1.20
2015.12.10 04:24:21.799,1.84672,1.84692,1.57,1.20
2015.12.10 04:24:21.901,1.84672,1.84689,1.50,1.45
2015.12.10 04:24:22.416,1.84671,1.8469,1.95,1.87
2015.12.10 04:24:22.924,1.84671,1.8469,2.70,1.87
2015.12.10 04:24:23.779,1.84671,1.84689,3.45,1.07
2015.12.10 04:24:24.751,1.84671,1.8469,2.70,1.87
2015.12.10 04:24:25.857,1.84674,1.84689,1.00,1.07
2015.12.10 04:24:25.959,1.84674,1.84692,1.00,1.50
2015.12.10 04:24:26.466,1.84675,1.84692,1.00,1.50
2015.12.10 04:24:27.682,1.84675,1.84691,1.37,1.07
2015.12.10 04:24:28.788,1.84675,1.84692,1.00,1.50
2015.12.10 04:24:42.986,1.84675,1.84692,1.37,1.50
2015.12.10 04:24:43.977,1.84675,1.84692,1.12,1.50
2015.12.10 04:24:47.007,1.84675,1.84692,1.37,1.50
2015.12.10 04:24:48.611,1.84675,1.84693,1.87,1.12
2015.12.10 04:24:48.662,1.84675,1.84694,1.95,2.70
2015.12.10 04:24:49.293,1.84676,1.84694,2.02,1.87
2015.12.10 04:24:50.206,1.84676,1.84694,1.57,1.00
2015.12.10 04:24:50.510,1.84681,1.84698,1.37,1.50
2015.12.10 04:24:50.967,1.8468,1.84698,1.10,2.32
2015.12.10 04:24:53.326,1.84679,1.84698,1.57,2.32
2015.12.10 04:24:53.681,1.84676,1.84694,1.50,1.20
2015.12.10 04:24:54.195,1.84676,1.84695,1.00,2.25
2015.12.10 04:24:54.773,1.84676,1.84694,1.37,1.20
2015.12.10 04:24:55.201,1.84675,1.84695,1.00,2.62
2015.12.10 04:24:55.662,1.84675,1.84693,1.00,1.87
2015.12.10 04:24:56.250,1.84674,1.84692,1.37,1.87
2015.12.10 04:24:57.085,1.84673,1.84692,2.25,1.50
2015.12.10 04:24:57.605,1.84673,1.84692,2.25,1.45
2015.12.10 04:24:59.209,1.84674,1.84692,1.87,1.20
2015.12.10 04:24:59.733,1.84675,1.84692,1.57,1.95
2015.12.10 04:25:00.388,1.84675,1.84693,1.20,2.62
2015.12.10 04:25:00.945,1.84675,1.84692,2.32,1.47
2015.12.10 04:25:01.516,1.84675,1.84693,1.57,2.25
2015.12.10 04:25:02.545,1.84675,1.84693,1.10,2.25
2015.12.10 04:25:04.901,1.84675,1.84692,1.57,1.47
2015.12.10 04:25:05.621,1.84678,1.84694,1.00,1.50
2015.12.10 04:25:06.203,1.84678,1.84695,1.00,1.57
2015.12.10 04:25:08.101,1.84678,1.84696,1.00,1.87
2015.12.10 04:25:08.616,1.84677,1.84696,3.00,1.87
2015.12.10 04:25:10.331,1.84676,1.84694,1.12,1.12
2015.12.10 04:25:10.382,1.84676,1.84694,1.37,1.12
2015.12.10 04:25:10.890,1.84676,1.84694,1.00,1.12
2015.12.10 04:25:12.208,1.84676,1.84694,1.50,1.12
2015.12.10 04:25:13.118,1.84676,1.84694,1.00,1.12
2015.12.10 04:25:13.935,1.84676,1.84694,1.50,1.12
2015.12.10 04:25:14.474,1.84676,1.84694,1.00,1.12
2015.12.10 04:25:15.092,1.84676,1.84694,1.50,1.12
2015.12.10 04:25:16.535,1.84676,1.84694,1.12,1.12
2015.12.10 04:25:17.516,1.84676,1.84694,1.50,1.12
2015.12.10 04:25:18.559,1.84676,1.84694,1.12,1.12
2015.12.10 04:25:19.549,1.84676,1.84694,1.87,1.12
2015.12.10 04:25:19.872,1.84674,1.84692,1.95,1.57
2015.12.10 04:25:20.769,1.84674,1.84692,1.00,1.87
2015.12.10 04:25:21.275,1.84674,1.84691,1.37,1.20
2015.12.10 04:25:22.124,1.84673,1.84692,1.50,1.87
2015.12.10 04:25:23.168,1.84674,1.84691,1.37,1.20
2015.12.10 04:25:24.267,1.84673,1.84692,1.37,1.87
2015.12.10 04:25:26.030,1.84674,1.84691,1.37,1.20
2015.12.10 04:25:27.032,1.84673,1.84692,1.37,1.87
2015.12.10 04:25:27.713,1.84673,1.8469,1.37,1.00
2015.12.10 04:25:27.764,1.84672,1.8469,1.20,1.00
2015.12.10 04:25:29.143,1.84672,1.8469,1.65,1.00
2015.12.10 04:25:29.936,1.84672,1.8469,1.20,1.00
2015.12.10 04:25:30.939,1.84672,1.8469,1.65,1.00
2015.12.10 04:25:32.851,1.84672,1.84689,1.57,1.00
2015.12.10 04:25:35.376,1.84673,1.84688,1.00,1.37
2015.12.10 04:25:35.953,1.84672,1.84689,1.37,2.02
2015.12.10 04:25:36.258,1.84674,1.84691,1.12,1.47
2015.12.10 04:25:36.664,1.84673,1.8469,1.12,1.37
2015.12.10 04:25:37.357,1.84673,1.84691,1.00,1.47
2015.12.10 04:25:37.898,1.84671,1.8469,2.62,1.50
2015.12.10 04:25:39.166,1.84671,1.84686,1.87,1.37
2015.12.10 04:25:39.419,1.84669,1.84686,1.87,1.47
2015.12.10 04:25:39.680,1.84669,1.84686,1.00,1.95
2015.12.10 04:25:39.782,1.84666,1.84685,1.87,1.50
2015.12.10 04:25:40.128,1.84666,1.84681,1.37,1.50
2015.12.10 04:25:40.179,1.84663,1.84681,2.32,1.50
2015.12.10 04:25:40.898,1.84663,1.8468,3.07,1.20
2015.12.10 04:25:43.137,1.84665,1.84682,1.00,1.95
2015.12.10 04:25:43.492,1.84666,1.84683,1.57,1.10
2015.12.10 04:25:43.695,1.84666,1.84686,2.40,1.45
2015.12.10 04:25:44.825,1.84666,1.84686,2.40,1.87
2015.12.10 04:25:46.601,1.84666,1.84686,2.40,1.87
2015.12.10 04:25:47.139,1.84665,1.84684,1.57,1.12
2015.12.10 04:25:47.241,1.84665,1.84685,2.70,1.20
2015.12.10 04:25:47.756,1.84665,1.84682,1.50,1.37
2015.12.10 04:25:49.381,1.84665,1.84683,1.00,2.40
2015.12.10 04:25:51.208,1.84663,1.84683,1.87,2.02
2015.12.10 04:25:51.716,1.84663,1.84681,1.50,1.20
2015.12.10 04:25:52.388,1.84662,1.84681,1.47,1.10
2015.12.10 04:25:54.128,1.84662,1.84681,1.20,1.10
2015.12.10 04:25:54.346,1.84662,1.84681,1.20,1.10
2015.12.10 04:25:55.423,1.84663,1.84682,1.87,1.57
2015.12.10 04:25:55.931,1.84662,1.8468,1.57,1.00
2015.12.10 04:25:56.466,1.84662,1.8468,1.20,1.00
2015.12.10 04:26:01.137,1.84662,1.8468,1.47,1.00
2015.12.10 04:26:03.142,1.84662,1.8468,1.20,1.00
2015.12.10 04:26:07.212,1.84662,1.8468,1.47,1.00
2015.12.10 04:26:07.415,1.84665,1.84684,1.37,1.50
2015.12.10 04:26:07.518,1.84666,1.84684,2.25,1.00
2015.12.10 04:26:07.670,1.84669,1.84686,1.57,1.00
2015.12.10 04:26:07.924,1.8467,1.84685,1.37,1.00
2015.12.10 04:26:08.127,1.84669,1.84685,1.95,1.00
2015.12.10 04:26:08.497,1.84668,1.84684,1.45,1.37
2015.12.10 04:26:09.930,1.84667,1.84685,1.12,1.95
2015.12.10 04:26:10.433,1.84667,1.84684,1.87,1.37
2015.12.10 04:26:13.862,1.84671,1.84688,2.25,1.00
2015.12.10 04:26:13.964,1.84671,1.84688,1.10,1.00
2015.12.10 04:26:15.060,1.8467,1.84688,3.00,1.00
2015.12.10 04:26:15.341,1.84671,1.84688,1.20,1.00
2015.12.10 04:26:15.645,1.84677,1.84694,1.00,2.32
2015.12.10 04:26:16.247,1.84675,1.84694,1.57,1.95
2015.12.10 04:26:16.755,1.84674,1.84692,1.50,1.10
2015.12.10 04:26:18.605,1.84674,1.84691,1.50,1.87
2015.12.10 04:26:18.657,1.8467,1.84689,2.32,2.62
2015.12.10 04:26:18.860,1.84671,1.84689,1.12,2.25
2015.12.10 04:26:23.458,1.84669,1.84688,2.70,1.07
2015.12.10 04:26:26.265,1.84671,1.84687,1.12,1.00
2015.12.10 04:26:26.367,1.84671,1.84687,1.12,1.00
2015.12.10 04:26:27.629,1.84673,1.8469,1.12,1.10
2015.12.10 04:26:39.932,1.84675,1.84691,1.12,1.87
2015.12.10 04:26:40.438,1.84675,1.84691,1.50,1.12
2015.12.10 04:26:42.923,1.84675,1.84691,1.07,1.95
2015.12.10 04:26:43.126,1.84672,1.84689,2.32,1.00
2015.12.10 04:26:43.329,1.84671,1.84689,2.62,1.00
2015.12.10 04:26:44.575,1.84674,1.84689,1.12,1.00
2015.12.10 04:26:45.167,1.84674,1.84691,1.45,1.95
2015.12.10 04:26:46.446,1.84673,1.84689,1.50,1.00
2015.12.10 04:26:46.851,1.84671,1.84689,1.57,1.00
2015.12.10 04:26:47.395,1.84672,1.84689,1.47,1.00
2015.12.10 04:26:47.896,1.84673,1.84689,1.50,1.00
2015.12.10 04:26:48.201,1.84674,1.84692,1.12,2.25
2015.12.10 04:26:48.780,1.84674,1.84691,1.12,1.47
2015.12.10 04:26:50.233,1.84674,1.84692,1.12,2.25
2015.12.10 04:26:50.284,1.84676,1.84692,1.50,1.87
2015.12.10 04:26:50.538,1.84677,1.84694,1.12,1.12
2015.12.10 04:26:51.428,1.84678,1.84694,1.27,1.12
2015.12.10 04:26:53.990,1.84678,1.84696,1.95,2.02
2015.12.10 04:26:54.643,1.84678,1.84695,1.95,1.37
2015.12.10 04:26:56.459,1.84679,1.84696,1.75,1.95
2015.12.10 04:26:58.374,1.8468,1.84695,1.12,1.37
2015.12.10 04:26:59.335,1.84679,1.84696,1.95,1.37
2015.12.10 04:27:00.145,1.8468,1.84695,1.12,1.37
2015.12.10 04:27:02.176,1.84679,1.84696,1.95,1.37
2015.12.10 04:27:02.714,1.8468,1.84695,1.12,1.37
2015.12.10 04:27:03.322,1.84679,1.84696,1.95,1.37
2015.12.10 04:27:05.749,1.8468,1.84695,1.12,1.37
2015.12.10 04:27:06.960,1.84679,1.84696,1.95,1.37
2015.12.10 04:27:07.551,1.8468,1.84695,1.12,1.37
2015.12.10 04:27:08.063,1.8468,1.84698,1.12,2.25
2015.12.10 04:27:08.799,1.8468,1.84698,1.12,1.12
2015.12.10 04:27:08.850,1.84681,1.84696,1.45,1.00
2015.12.10 04:27:08.952,1.84678,1.84696,1.45,1.12
2015.12.10 04:27:09.055,1.84678,1.84696,1.45,1.50
2015.12.10 04:27:09.357,1.84678,1.84692,1.45,1.00
2015.12.10 04:27:09.866,1.84677,1.84692,1.57,1.00
2015.12.10 04:27:10.221,1.84678,1.84692,1.37,1.00
2015.12.10 04:27:13.742,1.84678,1.84692,1.07,1.00
2015.12.10 04:27:14.352,1.84677,1.84692,1.50,1.00
2015.12.10 04:27:34.674,1.84677,1.84694,1.50,1.95
2015.12.10 04:27:35.403,1.84676,1.84694,1.95,1.20
2015.12.10 04:27:35.924,1.84677,1.84694,1.37,2.70
2015.12.10 04:27:36.685,1.84677,1.84694,1.37,3.07
2015.12.10 04:27:37.187,1.84676,1.84694,1.37,2.32
2015.12.10 04:27:37.733,1.84676,1.84694,1.37,1.95
2015.12.10 04:27:39.608,1.84677,1.84694,1.37,2.70
2015.12.10 04:27:40.145,1.84677,1.84694,1.37,3.07
2015.12.10 04:27:42.534,1.84676,1.84694,1.37,2.32
2015.12.10 04:27:43.210,1.84676,1.84694,1.87,2.02
2015.12.10 04:27:43.869,1.84675,1.84694,1.47,2.25
2015.12.10 04:27:43.970,1.84674,1.84694,3.00,2.62
2015.12.10 04:27:44.476,1.84675,1.84694,1.65,3.00
2015.12.10 04:27:45.533,1.84675,1.84694,1.27,2.25
2015.12.10 04:27:47.619,1.84675,1.84694,1.57,2.25
2015.12.10 04:27:50.137,1.84674,1.84694,3.37,2.62
2015.12.10 04:27:50.390,1.84675,1.84694,1.27,1.87
2015.12.10 04:27:52.370,1.84676,1.84694,1.45,1.12
2015.12.10 04:27:52.904,1.84676,1.84694,1.57,1.87
2015.12.10 04:27:55.537,1.84675,1.84694,2.25,1.50
2015.12.10 04:27:56.073,1.84678,1.84694,1.00,1.50
2015.12.10 04:27:56.378,1.84679,1.84697,1.20,1.07
2015.12.10 04:28:05.171,1.84679,1.84698,2.70,1.87
2015.12.10 04:28:06.187,1.84679,1.84698,1.95,1.87
2015.12.10 04:28:07.203,1.84679,1.84699,1.95,2.62
2015.12.10 04:28:07.258,1.8468,1.84699,1.12,1.87
2015.12.10 04:28:08.274,1.84683,1.84698,1.37,1.00
2015.12.10 04:28:08.782,1.84683,1.84699,1.50,1.00
2015.12.10 04:28:09.289,1.84683,1.84699,1.57,1.50
2015.12.10 04:28:11.032,1.84683,1.84699,1.47,1.75
2015.12.10 04:28:11.539,1.84682,1.84699,1.37,1.50
2015.12.10 04:28:12.051,1.84683,1.84699,1.37,1.50
2015.12.10 04:28:12.767,1.84682,1.84699,1.37,1.50
2015.12.10 04:28:13.691,1.84682,1.84695,1.37,1.00
2015.12.10 04:28:13.895,1.8468,1.84695,1.50,1.00
2015.12.10 04:28:14.402,1.8468,1.84698,2.25,1.12
2015.12.10 04:28:19.732,1.84681,1.84699,1.20,1.00
2015.12.10 04:28:23.395,1.84681,1.84698,1.20,1.37
2015.12.10 04:28:23.700,1.8468,1.84696,1.00,2.62
2015.12.10 04:28:24.157,1.8468,1.84696,1.12,1.12
2015.12.10 04:28:24.209,1.8468,1.84696,1.87,1.00
2015.12.10 04:28:25.949,1.8468,1.84696,1.87,1.12
2015.12.10 04:28:28.433,1.8468,1.84696,2.25,1.12
2015.12.10 04:28:28.637,1.84681,1.84699,1.57,1.20
2015.12.10 04:28:38.651,1.84681,1.84699,1.95,1.20
2015.12.10 04:28:40.634,1.84681,1.84699,1.95,1.20
2015.12.10 04:28:41.382,1.84681,1.84699,2.32,1.10
2015.12.10 04:28:42.194,1.84682,1.84699,1.07,1.50
2015.12.10 04:28:42.702,1.84681,1.84699,1.95,1.20
2015.12.10 04:28:43.399,1.84683,1.84699,1.95,1.00
2015.12.10 04:28:43.957,1.84684,1.847,1.45,1.00
2015.12.10 04:28:49.498,1.84683,1.847,1.57,1.20
2015.12.10 04:28:50.111,1.84684,1.847,1.47,1.20
2015.12.10 04:28:50.840,1.84681,1.847,2.32,3.00
2015.12.10 04:28:51.387,1.84682,1.84699,1.00,1.57
2015.12.10 04:28:51.898,1.84682,1.84699,1.50,2.32
2015.12.10 04:28:52.642,1.84681,1.84699,1.47,1.57
2015.12.10 04:28:54.545,1.84682,1.84699,1.37,2.32
2015.12.10 04:28:55.100,1.84682,1.84697,1.37,1.00
2015.12.10 04:28:55.631,1.84682,1.84697,1.37,1.37
2015.12.10 04:28:56.185,1.8468,1.84697,1.95,1.37
2015.12.10 04:28:56.486,1.8468,1.84697,1.95,1.75
2015.12.10 04:28:57.752,1.8468,1.84696,1.37,1.12
2015.12.10 04:28:58.056,1.84679,1.84695,1.50,1.47
2015.12.10 04:28:58.281,1.84679,1.84695,1.50,1.57
2015.12.10 04:28:58.957,1.8468,1.84695,1.47,1.57
2015.12.10 04:29:03.265,1.84678,1.84694,1.95,1.50
2015.12.10 04:29:03.671,1.84677,1.84694,1.65,1.20
2015.12.10 04:29:04.275,1.84678,1.84694,1.57,1.00
2015.12.10 04:29:08.235,1.84678,1.84695,1.57,1.00
2015.12.10 04:29:27.142,1.84679,1.84696,1.10,1.00
2015.12.10 04:29:39.818,1.84678,1.84696,1.45,1.50
2015.12.10 04:29:53.241,1.84678,1.84695,1.07,1.00
2015.12.10 04:29:53.578,1.84679,1.84695,1.75,1.00
2015.12.10 04:29:54.211,1.84679,1.84695,1.07,1.00
2015.12.10 04:29:57.864,1.84679,1.84695,2.25,1.00
2015.12.10 04:29:58.219,1.84682,1.84696,1.37,1.00
2015.12.10 04:29:59.113,1.84681,1.84696,1.57,1.00
2015.12.10 04:30:00.049,1.84682,1.84696,1.37,1.00
2015.12.10 04:30:00.404,1.84679,1.84696,1.95,1.00
2015.12.10 04:30:00.506,1.84678,1.84696,1.20,1.87
2015.12.10 04:30:00.838,1.84676,1.84694,1.37,2.25
2015.12.10 04:30:01.260,1.84674,1.84689,1.00,1.87
2015.12.10 04:30:01.555,1.84663,1.84682,2.62,2.62
2015.12.10 04:30:01.607,1.84663,1.84678,2.25,1.12
2015.12.10 04:30:01.913,1.84663,1.84679,1.85,2.32
2015.12.10 04:30:02.016,1.84663,1.84676,1.75,1.47
2015.12.10 04:30:02.068,1.84663,1.84675,1.50,1.12
2015.12.10 04:30:02.120,1.84663,1.84671,1.50,1.75
2015.12.10 04:30:02.172,1.84656,1.84671,1.00,1.75
2015.12.10 04:30:02.682,1.84655,1.84669,1.00,1.27
2015.12.10 04:30:03.256,1.84655,1.84671,1.00,1.20
2015.12.10 04:30:03.358,1.84655,1.84671,1.95,1.12
2015.12.10 04:30:04.020,1.84654,1.84671,1.47,1.12
2015.12.10 04:30:04.274,1.84652,1.8467,1.37,1.57
2015.12.10 04:30:04.377,1.84651,1.8467,1.20,2.70
2015.12.10 04:30:04.617,1.84651,1.8467,2.32,1.57
2015.12.10 04:30:04.923,1.84655,1.84671,1.00,1.47
2015.12.10 04:30:05.431,1.84652,1.84672,2.32,1.57
2015.12.10 04:30:06.158,1.84652,1.84672,1.95,1.95
2015.12.10 04:30:06.343,1.84652,1.84667,1.20,1.37
2015.12.10 04:30:06.395,1.84649,1.84667,1.20,1.57
2015.12.10 04:30:06.801,1.84648,1.84667,1.57,1.57
2015.12.10 04:30:07.155,1.84655,1.84668,1.00,1.50
2015.12.10 04:30:07.207,1.84655,1.84669,1.12,1.37
2015.12.10 04:30:07.258,1.84656,1.84673,1.20,1.50
2015.12.10 04:30:07.360,1.84656,1.84674,1.50,1.10
2015.12.10 04:30:07.411,1.84655,1.8467,1.37,1.20
2015.12.10 04:30:07.463,1.84653,1.8467,1.00,2.77
2015.12.10 04:30:07.729,1.8465,1.84668,1.12,1.12
2015.12.10 04:30:08.136,1.84647,1.84665,1.45,1.87
2015.12.10 04:30:08.390,1.84646,1.84664,1.95,1.07
2015.12.10 04:30:08.897,1.84644,1.84663,3.00,1.50
2015.12.10 04:30:09.555,1.84644,1.84663,2.62,1.50
2015.12.10 04:30:11.898,1.84644,1.84663,1.50,1.87
2015.12.10 04:30:12.253,1.84642,1.8466,3.45,1.07
2015.12.10 04:30:12.760,1.84641,1.8466,1.20,1.87
2015.12.10 04:30:13.361,1.84641,1.84658,1.12,1.12
2015.12.10 04:30:14.313,1.8464,1.84658,2.25,1.12
2015.12.10 04:30:16.011,1.8464,1.84657,2.25,1.07
2015.12.10 04:30:17.298,1.8464,1.84658,1.50,2.62
2015.12.10 04:30:18.639,1.84639,1.84657,1.12,1.07
2015.12.10 04:30:18.947,1.8464,1.84655,1.75,1.07
2015.12.10 04:30:19.099,1.84636,1.84654,1.75,1.87
2015.12.10 04:30:19.151,1.84636,1.84654,1.37,1.87
2015.12.10 04:30:19.202,1.84635,1.84651,1.00,1.07
2015.12.10 04:30:19.304,1.84632,1.84652,1.95,2.25
2015.12.10 04:30:19.897,1.84632,1.84652,2.70,2.70
2015.12.10 04:30:19.949,1.84635,1.84652,1.47,1.20
2015.12.10 04:30:20.405,1.84636,1.84654,1.50,1.50
2015.12.10 04:30:22.641,1.84635,1.84652,2.32,1.00
2015.12.10 04:30:27.840,1.84635,1.84651,2.32,1.00
2015.12.10 04:30:30.284,1.84635,1.84651,1.00,1.20
2015.12.10 04:30:30.437,1.84634,1.84648,1.37,1.00
2015.12.10 04:30:30.488,1.84632,1.84648,2.02,1.00
2015.12.10 04:30:31.084,1.84632,1.84648,1.27,1.00
2015.12.10 04:30:31.507,1.84633,1.84648,1.47,1.00
2015.12.10 04:30:32.593,1.84632,1.84648,1.95,1.00
2015.12.10 04:30:35.579,1.84633,1.84646,1.10,1.00
2015.12.10 04:30:39.915,1.84633,1.84646,1.47,1.00
2015.12.10 04:30:41.163,1.84632,1.84647,1.82,1.00
2015.12.10 04:30:41.840,1.84632,1.84647,1.57,1.00
2015.12.10 04:30:42.347,1.84632,1.84647,1.12,1.00
2015.12.10 04:30:42.959,1.84632,1.84647,1.50,1.00
2015.12.10 04:30:43.710,1.84632,1.84647,1.00,1.00
2015.12.10 04:30:45.212,1.8463,1.84647,1.87,1.00
2015.12.10 04:30:45.548,1.8463,1.84647,1.87,1.00
2015.12.10 04:30:47.045,1.84631,1.84645,1.47,1.00
2015.12.10 04:30:47.451,1.84627,1.84645,3.07,1.10
2015.12.10 04:30:47.603,1.84628,1.8464,1.47,1.00
2015.12.10 04:30:47.705,1.84626,1.8464,1.47,1.00
2015.12.10 04:30:55.161,1.84623,1.84633,2.02,1.00
2015.12.10 04:30:55.262,1.84618,1.84633,3.07,1.00
2015.12.10 04:30:55.466,1.84618,1.84633,2.70,1.00
2015.12.10 04:30:59.927,1.8462,1.84633,1.20,1.00
2015.12.10 04:31:00.182,1.8462,1.84636,1.20,1.00
2015.12.10 04:31:03.092,1.8462,1.84636,1.87,1.00
2015.12.10 04:31:03.396,1.84623,1.84638,1.20,1.00
2015.12.10 04:31:04.673,1.84622,1.84638,2.32,1.00
2015.12.10 04:31:10.871,1.84623,1.84638,1.57,1.00
2015.12.10 04:31:11.176,1.84621,1.84635,1.50,1.00
2015.12.10 04:31:14.468,1.84622,1.84635,1.57,1.00
2015.12.10 04:31:15.375,1.84622,1.84638,1.57,1.00
2015.12.10 04:31:17.175,1.84624,1.84638,1.50,1.00
2015.12.10 04:31:17.903,1.84624,1.84642,1.87,1.20
2015.12.10 04:31:19.134,1.84624,1.84642,1.50,1.10
2015.12.10 04:31:20.136,1.84625,1.84642,1.10,1.10
2015.12.10 04:31:23.137,1.84624,1.84642,2.25,1.10
2015.12.10 04:31:25.141,1.84624,1.84642,1.50,1.10
2015.12.10 04:31:26.146,1.84624,1.84642,2.25,1.10
2015.12.10 04:31:27.004,1.84624,1.8464,1.50,1.00
2015.12.10 04:31:28.718,1.84624,1.8464,1.50,1.00
2015.12.10 04:31:34.213,1.84625,1.84639,1.10,1.00
2015.12.10 04:31:39.503,1.84625,1.84641,1.10,1.00
2015.12.10 04:31:40.052,1.84624,1.84641,2.25,1.00
2015.12.10 04:31:44.377,1.84624,1.84641,1.87,1.00
2015.12.10 04:31:46.375,1.84624,1.84641,1.50,1.00
2015.12.10 04:31:48.076,1.84625,1.84641,1.20,1.00
2015.12.10 04:32:12.481,1.84624,1.84641,1.65,1.00
2015.12.10 04:32:13.376,1.84624,1.84641,1.20,1.00
2015.12.10 04:32:14.270,1.84624,1.84641,1.65,1.00
2015.12.10 04:32:15.419,1.84624,1.84641,2.02,1.00
2015.12.10 04:32:18.987,1.84626,1.84642,1.00,1.00
2015.12.10 04:32:20.876,1.84624,1.84642,1.65,1.00
2015.12.10 04:32:21.204,1.84624,1.84644,1.65,1.20
2015.12.10 04:32:21.255,1.84627,1.84645,1.12,2.62
2015.12.10 04:32:21.560,1.8463,1.84647,1.50,1.00
2015.12.10 04:32:21.915,1.84633,1.84648,1.37,1.37
2015.12.10 04:32:22.220,1.84631,1.84648,1.37,1.47
2015.12.10 04:32:22.930,1.8463,1.84648,1.47,1.57
2015.12.10 04:32:23.464,1.84631,1.84648,1.37,1.57
2015.12.10 04:32:24.496,1.84631,1.84648,1.00,1.47
2015.12.10 04:32:25.036,1.84631,1.84648,1.50,1.10
2015.12.10 04:32:26.690,1.84631,1.84648,1.00,1.10
2015.12.10 04:32:27.235,1.84631,1.84648,1.50,1.10
2015.12.10 04:32:27.892,1.84631,1.84648,1.00,1.10
2015.12.10 04:32:29.608,1.84631,1.84648,1.50,1.10
2015.12.10 04:32:30.805,1.84631,1.84648,1.00,1.10
2015.12.10 04:32:31.198,1.84633,1.8465,1.37,1.07
2015.12.10 04:32:31.705,1.84632,1.84651,1.47,3.00
2015.12.10 04:32:33.004,1.84631,1.84651,1.87,2.62
2015.12.10 04:32:33.333,1.84632,1.84648,1.47,1.00
2015.12.10 04:32:34.239,1.84631,1.84648,1.87,1.12
2015.12.10 04:32:35.143,1.84631,1.84648,1.50,1.37
2015.12.10 04:32:36.308,1.8463,1.84648,1.37,1.37
2015.12.10 04:32:36.410,1.84627,1.84646,2.40,1.50
2015.12.10 04:32:36.916,1.84628,1.84645,1.00,1.57
2015.12.10 04:32:37.548,1.84627,1.84646,1.37,1.87
2015.12.10 04:32:38.274,1.84628,1.84645,1.00,1.57
2015.12.10 04:32:39.843,1.84627,1.84644,1.00,1.00
2015.12.10 04:32:40.840,1.84627,1.84644,1.50,1.50
2015.12.10 04:32:41.815,1.84627,1.84644,1.00,1.00
2015.12.10 04:32:43.865,1.84627,1.84644,1.57,1.12
2015.12.10 04:32:44.870,1.84626,1.84644,2.25,1.00
2015.12.10 04:32:45.599,1.84626,1.84645,2.25,1.50
2015.12.10 04:32:46.125,1.84627,1.84645,1.57,2.25
2015.12.10 04:32:49.850,1.84626,1.84645,2.62,1.87
2015.12.10 04:32:51.102,1.84626,1.84643,2.62,1.00
2015.12.10 04:32:51.841,1.84627,1.84643,1.57,1.00
2015.12.10 04:32:53.848,1.84626,1.84643,2.25,1.00
2015.12.10 04:32:54.867,1.84627,1.84643,1.57,1.00
2015.12.10 04:32:57.366,1.84626,1.84643,2.62,1.00
2015.12.10 04:33:01.583,1.84627,1.84645,1.27,1.12
2015.12.10 04:33:02.144,1.84627,1.84645,1.65,1.87
2015.12.10 04:33:02.676,1.84626,1.84645,2.25,1.50
2015.12.10 04:33:03.263,1.84627,1.84645,1.57,2.25
2015.12.10 04:33:03.824,1.84626,1.84645,1.87,1.50
2015.12.10 04:33:04.179,1.84627,1.84645,1.37,2.70
2015.12.10 04:33:04.485,1.84623,1.84639,1.07,1.12
2015.12.10 04:33:05.127,1.84622,1.84639,1.37,1.87
2015.12.10 04:33:06.377,1.84621,1.84639,1.37,1.50
2015.12.10 04:33:07.063,1.84621,1.84639,1.47,1.12
2015.12.10 04:33:07.373,1.84626,1.84641,1.50,1.12
2015.12.10 04:33:07.981,1.84625,1.84641,1.50,1.10
2015.12.10 04:33:08.487,1.84626,1.84641,1.37,1.20
2015.12.10 04:33:09.021,1.84625,1.84641,1.57,1.00
2015.12.10 04:33:09.575,1.84626,1.84641,1.37,1.12
2015.12.10 04:33:10.491,1.84625,1.84641,1.57,1.00
2015.12.10 04:33:10.847,1.84625,1.84645,1.95,2.25
2015.12.10 04:33:11.353,1.84627,1.84645,1.12,1.37
2015.12.10 04:33:11.408,1.84629,1.84646,1.50,1.20
2015.12.10 04:33:11.510,1.84629,1.84649,1.65,2.02
2015.12.10 04:33:11.561,1.8463,1.84649,1.47,1.87
2015.12.10 04:33:11.865,1.84634,1.84649,1.37,1.12
2015.12.10 04:33:12.322,1.84633,1.84652,1.57,1.12
2015.12.10 04:33:12.424,1.84639,1.84653,1.37,1.47
2015.12.10 04:33:12.526,1.84639,1.84655,1.37,1.12
2015.12.10 04:33:13.328,1.84641,1.8466,1.75,1.87
2015.12.10 04:33:13.482,1.84645,1.84662,1.37,1.12
2015.12.10 04:33:13.586,1.8465,1.84665,1.37,1.37
2015.12.10 04:33:13.841,1.8465,1.84666,1.37,1.50
2015.12.10 04:33:14.045,1.8465,1.84666,1.37,1.45
2015.12.10 04:33:15.031,1.84648,1.84665,1.37,1.57
2015.12.10 04:33:15.755,1.84648,1.84666,1.37,3.82
2015.12.10 04:33:16.291,1.84647,1.84666,1.47,3.45
2015.12.10 04:33:18.995,1.84648,1.84662,1.37,1.37
2015.12.10 04:33:19.198,1.84646,1.84662,1.37,1.37
2015.12.10 04:33:20.841,1.84646,1.84662,1.37,1.00
2015.12.10 04:33:20.944,1.84644,1.84662,1.37,1.27
2015.12.10 04:33:21.046,1.84644,1.8466,1.37,1.57
2015.12.10 04:33:21.097,1.84642,1.8466,1.37,1.57
2015.12.10 04:33:21.794,1.84642,1.84662,1.47,2.70
2015.12.10 04:33:22.551,1.84642,1.8466,1.37,1.07
2015.12.10 04:33:23.102,1.84641,1.8466,1.50,1.07
2015.12.10 04:33:23.645,1.8464,1.8466,1.57,1.07
2015.12.10 04:33:24.153,1.8464,1.8466,1.95,1.20
2015.12.10 04:33:24.690,1.8464,1.84658,1.20,1.00
2015.12.10 04:33:25.211,1.8464,1.8466,1.95,1.20
2015.12.10 04:33:25.415,1.84641,1.84661,1.20,1.00
2015.12.10 04:33:25.952,1.84645,1.84661,1.37,1.12
2015.12.10 04:33:26.155,1.84649,1.84669,1.07,1.20
2015.12.10 04:33:26.207,1.84651,1.84671,1.47,1.87
2015.12.10 04:33:26.511,1.84652,1.84665,1.37,1.00
2015.12.10 04:33:27.229,1.84652,1.84666,1.37,1.00
2015.12.10 04:33:27.553,1.84648,1.84664,1.47,1.00
2015.12.10 04:33:27.857,1.84646,1.84663,2.25,1.00
2015.12.10 04:33:27.908,1.84646,1.8466,2.25,1.00
2015.12.10 04:33:28.315,1.84646,1.84658,1.37,1.00
2015.12.10 04:33:28.367,1.84642,1.84658,2.25,1.00
2015.12.10 04:33:28.908,1.84642,1.84658,1.87,1.12
2015.12.10 04:33:29.415,1.84641,1.84658,1.47,1.12
2015.12.10 04:33:29.922,1.84642,1.84658,1.12,1.00
2015.12.10 04:33:45.405,1.84641,1.84655,2.70,1.00
2015.12.10 04:33:45.668,1.84639,1.84655,1.50,1.00
2015.12.10 04:33:46.271,1.8464,1.84655,1.37,1.00
2015.12.10 04:33:46.575,1.84637,1.84655,2.62,1.37
2015.12.10 04:33:46.862,1.84637,1.84652,1.50,1.00
2015.12.10 04:33:46.964,1.84636,1.84652,1.20,1.00
2015.12.10 04:33:47.946,1.84635,1.84649,1.87,1.00
2015.12.10 04:33:48.199,1.84631,1.84646,1.87,1.00
2015.12.10 04:33:50.701,1.84631,1.84646,1.00,1.00
2015.12.10 04:33:51.172,1.84635,1.84646,1.75,1.00
2015.12.10 04:33:51.225,1.84636,1.84652,1.12,1.00
2015.12.10 04:33:51.277,1.84639,1.84652,1.37,1.00
2015.12.10 04:33:51.430,1.8464,1.84655,1.37,1.37
2015.12.10 04:33:51.953,1.84639,1.84655,1.37,1.37
2015.12.10 04:33:52.454,1.8464,1.84655,1.37,1.00
2015.12.10 04:33:55.979,1.84639,1.84655,1.87,1.00
2015.12.10 04:33:58.984,1.8464,1.84655,1.37,1.00
2015.12.10 04:33:59.826,1.84638,1.84655,1.37,1.00
2015.12.10 04:33:59.878,1.84638,1.84651,1.37,1.00
2015.12.10 04:33:59.980,1.84636,1.84651,1.12,1.00
2015.12.10 04:34:00.386,1.84633,1.84651,1.50,1.10
2015.12.10 04:34:00.539,1.84633,1.84648,1.37,1.00
2015.12.10 04:34:00.692,1.8463,1.84648,1.50,1.00
2015.12.10 04:34:01.204,1.8463,1.84648,2.25,1.00
2015.12.10 04:34:01.588,1.84631,1.84648,1.87,1.00
2015.12.10 04:34:01.893,1.84636,1.8465,1.37,1.00
2015.12.10 04:34:02.430,1.84635,1.8465,1.47,1.00
2015.12.10 04:34:03.036,1.84636,1.8465,1.37,1.00
2015.12.10 04:34:03.592,1.84635,1.8465,1.47,1.00
2015.12.10 04:34:04.208,1.84636,1.8465,1.37,1.00
2015.12.10 04:34:05.897,1.84635,1.8465,2.25,1.00
2015.12.10 04:34:08.083,1.84635,1.84653,2.25,1.00
2015.12.10 04:34:08.585,1.84636,1.84653,1.57,1.12
2015.12.10 04:34:12.309,1.84636,1.84653,1.20,1.00
2015.12.10 04:34:14.213,1.84636,1.84655,1.20,1.37
2015.12.10 04:34:14.265,1.84641,1.84655,1.00,1.37
2015.12.10 04:34:14.520,1.84647,1.84665,1.00,1.12
2015.12.10 04:34:15.248,1.84646,1.84663,1.20,1.12
2015.12.10 04:34:17.016,1.84646,1.84663,3.00,1.00
2015.12.10 04:34:17.349,1.84649,1.84663,1.37,1.00
2015.12.10 04:34:19.475,1.84648,1.84663,1.57,1.00
2015.12.10 04:34:19.881,1.84646,1.84659,1.57,1.00
2015.12.10 04:34:19.983,1.84641,1.84657,1.07,1.00
2015.12.10 04:34:20.490,1.8464,1.84657,1.37,1.65
2015.12.10 04:34:21.239,1.84641,1.84657,1.37,1.65
2015.12.10 04:34:22.271,1.8464,1.84657,1.37,1.65
2015.12.10 04:34:24.239,1.84641,1.84657,1.37,1.65
2015.12.10 04:34:24.844,1.8464,1.84657,1.37,1.65
2015.12.10 04:34:25.359,1.84641,1.84656,1.37,1.00
2015.12.10 04:34:25.767,1.84641,1.84654,1.37,1.00
2015.12.10 04:34:27.847,1.8464,1.84654,1.37,1.00
2015.12.10 04:34:28.364,1.84641,1.84654,1.37,1.00
2015.12.10 04:34:30.756,1.8464,1.84654,1.37,1.00
2015.12.10 04:34:32.062,1.8464,1.84657,1.87,1.47
2015.12.10 04:34:32.113,1.84641,1.84659,1.95,1.95
2015.12.10 04:34:32.317,1.84643,1.84659,1.50,1.00
2015.12.10 04:34:32.571,1.84645,1.84662,1.20,1.20
2015.12.10 04:34:32.622,1.84645,1.84662,1.95,1.00
2015.12.10 04:34:43.197,1.84645,1.84662,1.50,1.20
2015.12.10 04:34:43.248,1.84645,1.8466,1.50,1.00
2015.12.10 04:34:43.552,1.84642,1.8466,1.37,2.25
2015.12.10 04:34:43.930,1.84638,1.84653,1.95,1.00
2015.12.10 04:34:45.857,1.84637,1.84653,2.32,1.00
2015.12.10 04:34:50.470,1.84638,1.84653,1.87,1.00
2015.12.10 04:34:54.281,1.8464,1.84653,1.07,1.00
2015.12.10 04:34:54.484,1.84641,1.84656,1.57,1.00
2015.12.10 04:34:54.738,1.84639,1.84656,1.12,2.25
2015.12.10 04:34:54.789,1.84639,1.84656,1.37,2.25
2015.12.10 04:34:55.043,1.84636,1.84652,1.65,1.00
2015.12.10 04:34:55.094,1.84636,1.84655,1.65,2.25
2015.12.10 04:34:55.247,1.84636,1.84655,2.40,2.62
2015.12.10 04:34:55.786,1.84637,1.84655,1.37,1.87
2015.12.10 04:34:59.350,1.84637,1.84655,1.12,2.62
2015.12.10 04:35:01.108,1.84637,1.84655,2.25,1.10
2015.12.10 04:35:02.766,1.84637,1.84655,1.20,1.20
2015.12.10 04:35:03.105,1.84634,1.84649,1.37,1.00
2015.12.10 04:35:03.156,1.84632,1.84649,1.65,1.00
2015.12.10 04:35:03.710,1.84631,1.84649,1.50,1.00
2015.12.10 04:35:06.474,1.84631,1.84647,2.25,1.00
2015.12.10 04:35:06.957,1.8463,1.84644,1.12,1.00
2015.12.10 04:35:07.467,1.84629,1.84644,1.47,1.00
2015.12.10 04:35:08.232,1.8463,1.84644,1.57,1.00
2015.12.10 04:35:10.935,1.8463,1.84648,1.57,1.00
2015.12.10 04:35:14.237,1.84632,1.84648,1.37,1.00
2015.12.10 04:35:16.228,1.84633,1.84648,1.37,1.00
2015.12.10 04:35:16.866,1.84632,1.84648,1.37,1.00
2015.12.10 04:35:17.576,1.84633,1.84647,1.47,1.00
2015.12.10 04:35:19.176,1.84633,1.8465,1.47,1.12
2015.12.10 04:35:19.278,1.84634,1.84651,1.50,1.12
2015.12.10 04:35:19.582,1.84637,1.84653,2.62,1.00
2015.12.10 04:35:20.120,1.84637,1.84653,2.62,1.00
2015.12.10 04:35:36.524,1.84638,1.84652,1.20,1.00
2015.12.10 04:35:37.438,1.84638,1.84652,1.87,1.00
2015.12.10 04:35:38.375,1.84642,1.84652,1.37,1.00
2015.12.10 04:35:41.232,1.84641,1.84652,1.47,1.00
2015.12.10 04:35:41.648,1.84641,1.84654,1.47,1.00
2015.12.10 04:35:42.197,1.84642,1.84654,1.37,1.00
2015.12.10 04:35:44.657,1.84641,1.84654,1.47,1.00
2015.12.10 04:35:46.245,1.84639,1.84654,1.47,1.00
2015.12.10 04:35:46.448,1.84638,1.84654,1.00,1.95
2015.12.10 04:35:46.975,1.84638,1.84652,1.00,1.00
2015.12.10 04:35:52.059,1.84638,1.84653,1.00,1.12
2015.12.10 04:35:52.573,1.84635,1.84653,2.70,1.12
2015.12.10 04:35:52.636,1.84635,1.84653,2.70,1.12
2015.12.10 04:35:53.637,1.84635,1.84653,1.95,1.00
2015.12.10 04:35:55.691,1.84635,1.84653,2.70,1.12
2015.12.10 04:35:56.365,1.84635,1.84653,2.25,2.25
2015.12.10 04:35:57.650,1.84635,1.84651,1.50,1.10
2015.12.10 04:35:58.748,1.84636,1.84651,1.50,1.10
2015.12.10 04:35:59.796,1.84636,1.84651,1.37,1.10
2015.12.10 04:36:02.122,1.84636,1.8465,1.37,1.00
2015.12.10 04:36:04.287,1.84634,1.8465,1.37,1.12
2015.12.10 04:36:04.490,1.84633,1.84649,1.00,1.20
2015.12.10 04:36:04.946,1.84632,1.84648,1.00,1.50
2015.12.10 04:36:06.201,1.84631,1.84646,1.87,1.10
2015.12.10 04:36:07.180,1.84631,1.84646,2.62,1.10
2015.12.10 04:36:09.608,1.84631,1.84646,1.87,1.10
2015.12.10 04:36:10.125,1.84631,1.84646,3.37,1.10
2015.12.10 04:36:10.654,1.84631,1.84647,2.70,1.00
2015.12.10 04:36:11.212,1.84631,1.84647,3.45,1.00
2015.12.10 04:36:11.524,1.84631,1.84647,2.70,1.00
2015.12.10 04:36:12.188,1.84631,1.84647,3.82,1.00
2015.12.10 04:36:13.687,1.84631,1.84647,3.07,1.00
2015.12.10 04:36:14.705,1.84632,1.84647,1.00,1.00
2015.12.10 04:36:15.710,1.84631,1.84647,2.32,1.00
2015.12.10 04:36:16.696,1.84632,1.84647,1.00,1.00
2015.12.10 04:36:21.212,1.84633,1.84648,1.10,1.00
2015.12.10 04:36:21.415,1.84635,1.84651,1.37,1.20
2015.12.10 04:36:22.132,1.84635,1.84651,1.87,1.00
2015.12.10 04:36:22.640,1.84636,1.84651,1.37,1.12
2015.12.10 04:36:23.532,1.84636,1.84651,1.12,1.12
2015.12.10 04:36:24.599,1.84636,1.84651,1.37,1.12
2015.12.10 04:36:25.542,1.84636,1.84651,1.12,1.12
2015.12.10 04:36:27.860,1.84636,1.84653,1.50,1.20
2015.12.10 04:36:27.911,1.84636,1.84653,1.87,1.20
2015.12.10 04:36:33.220,1.84636,1.84652,1.87,1.00
2015.12.10 04:36:44.304,1.84638,1.84653,1.37,1.00
2015.12.10 04:36:47.346,1.84638,1.84651,1.37,1.00
2015.12.10 04:36:47.603,1.84634,1.84648,1.00,1.00
2015.12.10 04:36:48.151,1.84634,1.84648,1.50,1.00
2015.12.10 04:36:50.461,1.84632,1.84646,1.00,1.00
2015.12.10 04:36:50.858,1.84631,1.84643,1.00,1.00
2015.12.10 04:36:50.909,1.84629,1.84643,3.00,1.00
2015.12.10 04:36:53.056,1.84629,1.84643,1.12,1.00
2015.12.10 04:36:53.109,1.84631,1.84643,1.37,1.00
2015.12.10 04:36:53.631,1.8463,1.84643,1.95,1.00
2015.12.10 04:36:55.649,1.84631,1.84643,1.87,1.00
2015.12.10 04:36:56.537,1.84631,1.84644,1.87,1.00
2015.12.10 04:36:56.740,1.8463,1.84644,1.87,1.00
2015.12.10 04:36:57.406,1.84631,1.84644,1.37,1.00
2015.12.10 04:37:02.584,1.8463,1.84643,1.87,1.00
2015.12.10 04:37:03.136,1.84631,1.84643,1.37,1.00
2015.12.10 04:37:03.895,1.8463,1.84643,1.37,1.00
2015.12.10 04:37:04.914,1.84631,1.84643,1.37,1.00
2015.12.10 04:37:06.211,1.8463,1.84643,1.47,1.00
2015.12.10 04:37:06.746,1.84631,1.84643,1.37,1.00
2015.12.10 04:37:07.311,1.84631,1.84643,1.00,1.00
2015.12.10 04:37:07.907,1.84631,1.84643,1.50,1.00
2015.12.10 04:37:09.370,1.84632,1.84645,1.00,1.00
2015.12.10 04:37:14.967,1.84631,1.84641,1.50,1.00
2015.12.10 04:37:15.017,1.84631,1.84644,1.00,1.00
2015.12.10 04:37:15.069,1.84631,1.84642,1.00,1.00
2015.12.10 04:37:15.221,1.84627,1.84642,1.50,1.00
2015.12.10 04:37:15.728,1.84628,1.84642,1.47,1.00
2015.12.10 04:37:16.330,1.84627,1.84642,1.50,1.00
2015.12.10 04:37:17.138,1.84628,1.84642,1.47,1.00
2015.12.10 04:37:18.035,1.84627,1.84642,1.50,1.00
2015.12.10 04:37:18.541,1.84628,1.84642,1.47,1.00
2015.12.10 04:37:19.144,1.84627,1.84642,1.50,1.00
2015.12.10 04:37:19.646,1.84628,1.84642,1.47,1.00
2015.12.10 04:37:20.167,1.84627,1.84642,1.50,1.00
2015.12.10 04:37:20.674,1.84628,1.84642,1.47,1.00
2015.12.10 04:37:21.371,1.84627,1.84642,1.87,1.00
2015.12.10 04:37:23.859,1.84626,1.84642,1.57,1.00
2015.12.10 04:37:24.394,1.84627,1.84642,1.00,1.00
2015.12.10 04:37:31.935,1.84627,1.84642,2.25,1.00
2015.12.10 04:37:32.710,1.84628,1.84641,1.12,1.00
2015.12.10 04:37:33.253,1.84627,1.84642,1.87,1.00
2015.12.10 04:37:38.692,1.84627,1.84641,2.25,1.00
2015.12.10 04:37:39.309,1.84627,1.84641,1.12,1.00
2015.12.10 04:37:42.052,1.84629,1.84641,1.37,1.00
2015.12.10 04:37:42.537,1.8463,1.84644,1.37,1.12
2015.12.10 04:37:46.348,1.8463,1.84642,1.87,1.00
2015.12.10 04:37:46.500,1.84626,1.84639,1.37,1.00
2015.12.10 04:37:46.855,1.84624,1.84639,1.57,1.00
2015.12.10 04:37:48.396,1.84623,1.84639,2.62,1.12
2015.12.10 04:37:48.940,1.84624,1.84639,1.57,1.12
2015.12.10 04:37:49.470,1.84623,1.84639,3.00,1.12
2015.12.10 04:37:49.974,1.84624,1.84639,1.57,1.12
2015.12.10 04:37:51.489,1.84624,1.84638,1.57,1.00
2015.12.10 04:37:52.035,1.84623,1.84638,2.62,1.00
2015.12.10 04:37:52.566,1.84624,1.84638,1.57,1.00
2015.12.10 04:37:54.193,1.84623,1.84638,3.00,1.00
2015.12.10 04:37:54.734,1.84624,1.84638,1.57,1.00
2015.12.10 04:37:55.288,1.84623,1.84638,1.37,1.00
2015.12.10 04:37:55.911,1.84624,1.84638,1.37,1.00
2015.12.10 04:37:56.512,1.84623,1.84638,1.37,1.00
2015.12.10 04:37:57.216,1.84623,1.84637,1.37,1.00
2015.12.10 04:37:57.765,1.84624,1.84637,1.37,1.00
2015.12.10 04:38:00.465,1.84623,1.84639,1.87,1.12
2015.12.10 04:38:00.972,1.84624,1.84639,1.37,1.00
2015.12.10 04:38:03.511,1.84624,1.84639,2.25,1.00
2015.12.10 04:38:04.468,1.84625,1.84639,1.20,1.00
2015.12.10 04:38:06.746,1.84624,1.84638,2.25,1.00
2015.12.10 04:38:10.401,1.84622,1.84636,2.62,1.00
2015.12.10 04:38:10.662,1.84622,1.84636,1.47,1.00
2015.12.10 04:38:11.169,1.84621,1.84636,1.07,1.00
2015.12.10 04:38:13.081,1.84615,1.84635,1.87,1.12
2015.12.10 04:38:13.589,1.84615,1.84633,1.20,1.50
2015.12.10 04:38:13.972,1.84614,1.8463,2.62,1.00
2015.12.10 04:38:14.073,1.84613,1.84629,1.87,1.00
2015.12.10 04:38:14.581,1.84613,1.84629,1.87,1.37
2015.12.10 04:38:15.487,1.84612,1.84629,1.95,1.00
2015.12.10 04:38:18.387,1.84612,1.84629,1.95,1.37
2015.12.10 04:38:19.272,1.84612,1.84627,1.95,1.00
2015.12.10 04:38:19.627,1.84613,1.84629,1.50,1.00
2015.12.10 04:38:20.030,1.84614,1.84632,1.10,1.12
2015.12.10 04:38:20.234,1.84616,1.84632,1.12,1.00
2015.12.10 04:38:22.873,1.84616,1.8463,1.50,1.00
2015.12.10 04:38:26.797,1.84618,1.8463,1.12,1.00
2015.12.10 04:38:26.849,1.84616,1.8463,1.50,1.00
2015.12.10 04:38:26.952,1.84615,1.8463,1.20,1.00
2015.12.10 04:38:27.567,1.84615,1.8463,1.57,1.00
2015.12.10 04:38:28.037,1.84616,1.8463,1.50,1.00
2015.12.10 04:38:28.189,1.84616,1.84632,1.12,1.00
2015.12.10 04:38:28.291,1.84616,1.8463,1.12,1.00
2015.12.10 04:38:28.661,1.84612,1.8463,1.50,2.32
2015.12.10 04:38:28.712,1.84611,1.84626,1.57,1.00
2015.12.10 04:38:29.736,1.84611,1.84625,1.57,1.00
2015.12.10 04:38:30.040,1.84611,1.84627,1.57,1.00
2015.12.10 04:38:30.304,1.84612,1.84627,1.50,1.00
2015.12.10 04:38:30.950,1.84612,1.84628,1.50,1.12
2015.12.10 04:38:31.450,1.84615,1.84633,1.50,1.87
2015.12.10 04:38:31.552,1.8462,1.84636,1.07,1.00
2015.12.10 04:38:33.012,1.8462,1.84636,1.57,1.10
2015.12.10 04:38:33.640,1.8462,1.84634,1.20,1.00
2015.12.10 04:38:33.945,1.84614,1.84629,1.45,1.00
2015.12.10 04:38:34.463,1.84614,1.84629,1.45,1.37
2015.12.10 04:38:40.390,1.84614,1.84626,1.87,1.00
2015.12.10 04:38:40.766,1.8461,1.84626,1.57,1.00
2015.12.10 04:38:40.817,1.8461,1.84624,1.57,1.00
2015.12.10 04:38:42.134,1.84609,1.84621,1.87,1.00
2015.12.10 04:38:42.337,1.84607,1.84621,1.95,1.00
2015.12.10 04:38:42.439,1.84608,1.84619,1.50,1.00
2015.12.10 04:38:42.592,1.84606,1.84618,1.07,1.00
2015.12.10 04:38:42.823,1.84603,1.84618,1.87,1.00
2015.12.10 04:38:47.632,1.84603,1.84616,1.50,1.00
2015.12.10 04:38:52.090,1.84604,1.84618,1.07,1.00
2015.12.10 04:39:02.810,1.84606,1.84618,1.12,1.00
2015.12.10 04:39:02.963,1.84606,1.84623,1.12,3.07
2015.12.10 04:39:03.014,1.84608,1.84623,1.50,1.00
2015.12.10 04:39:03.117,1.84611,1.84626,1.57,1.00
2015.12.10 04:39:06.829,1.8461,1.84623,1.50,1.00
2015.12.10 04:39:06.931,1.84608,1.8462,1.00,1.00
2015.12.10 04:39:06.982,1.84604,1.84618,1.47,1.12
2015.12.10 04:39:07.033,1.84602,1.84614,1.57,1.00
2015.12.10 04:39:07.084,1.84599,1.84612,1.47,1.00
2015.12.10 04:39:07.624,1.84597,1.84614,1.50,1.50
2015.12.10 04:39:09.910,1.84598,1.84614,1.07,1.50
2015.12.10 04:39:10.063,1.846,1.84612,1.75,1.00
2015.12.10 04:39:11.064,1.84598,1.84612,1.07,1.00
2015.12.10 04:39:11.418,1.84597,1.84609,1.10,1.00
2015.12.10 04:39:15.869,1.84597,1.84609,1.20,1.00
2015.12.10 04:39:16.530,1.84597,1.84609,2.25,1.00
2015.12.10 04:39:17.075,1.84597,1.8461,1.87,1.00
2015.12.10 04:39:26.172,1.84597,1.84606,1.12,1.00
2015.12.10 04:39:26.223,1.84595,1.84606,1.45,1.00
2015.12.10 04:39:26.274,1.84595,1.84608,1.45,1.12
2015.12.10 04:39:26.326,1.84594,1.84606,1.37,1.00
2015.12.10 04:39:26.478,1.84589,1.84604,1.82,1.00
2015.12.10 04:39:26.682,1.84589,1.84602,1.45,1.00
2015.12.10 04:39:26.784,1.84587,1.84601,1.20,1.00
2015.12.10 04:39:27.291,1.84587,1.84601,1.57,1.00
2015.12.10 04:39:28.056,1.84587,1.84603,1.57,1.00
2015.12.10 04:39:28.107,1.8459,1.84603,1.12,1.00
2015.12.10 04:39:28.615,1.84591,1.84604,1.57,1.12
2015.12.10 04:39:28.919,1.84596,1.84607,1.47,1.00
2015.12.10 04:39:28.971,1.84596,1.8461,1.07,1.37
2015.12.10 04:39:29.174,1.84596,1.84611,1.57,1.00
2015.12.10 04:39:29.427,1.84597,1.84611,1.50,1.00
2015.12.10 04:39:35.531,1.84597,1.84613,1.87,1.12
2015.12.10 04:39:35.684,1.84597,1.84612,1.20,1.00
2015.12.10 04:39:39.074,1.84596,1.84608,1.82,1.00
2015.12.10 04:39:39.278,1.84589,1.84602,1.45,1.00
2015.12.10 04:39:39.787,1.84588,1.84602,1.57,1.00
2015.12.10 04:39:41.399,1.84588,1.84606,1.45,1.12
2015.12.10 04:39:41.755,1.84591,1.84608,1.75,2.62
2015.12.10 04:39:42.160,1.84592,1.8461,1.87,1.87
2015.12.10 04:39:42.801,1.84592,1.8461,2.62,1.00
2015.12.10 04:39:42.852,1.84597,1.84613,1.12,2.62
2015.12.10 04:39:42.903,1.84598,1.84613,1.07,1.12
2015.12.10 04:39:43.207,1.84598,1.84617,1.87,3.00
2015.12.10 04:39:51.734,1.84599,1.84616,1.45,1.50
2015.12.10 04:39:59.871,1.84599,1.84615,1.45,1.00
2015.12.10 04:40:00.238,1.84599,1.84613,1.45,1.00
2015.12.10 04:40:04.737,1.84599,1.84616,1.50,1.00
2015.12.10 04:40:05.172,1.84601,1.84618,1.95,1.47
2015.12.10 04:40:05.225,1.84604,1.84621,1.95,1.00
2015.12.10 04:40:09.338,1.84603,1.84621,1.20,1.00
2015.12.10 04:40:10.189,1.84602,1.84621,2.70,1.37
2015.12.10 04:40:10.497,1.84602,1.84616,1.47,1.37
2015.12.10 04:40:10.549,1.846,1.84616,1.47,1.50
2015.12.10 04:40:11.085,1.84597,1.84614,1.57,1.12
2015.12.10 04:40:11.858,1.84597,1.84615,1.57,1.50
2015.12.10 04:40:13.923,1.84597,1.84615,2.32,2.25
2015.12.10 04:40:14.965,1.84597,1.84615,1.57,1.50
2015.12.10 04:40:15.926,1.84597,1.84615,2.32,2.25
2015.12.10 04:40:16.874,1.84596,1.84611,2.32,1.00
2015.12.10 04:40:17.130,1.84588,1.84604,1.57,1.12
2015.12.10 04:40:17.714,1.84589,1.84604,1.47,1.12
2015.12.10 04:40:19.633,1.84588,1.84604,1.57,1.12
2015.12.10 04:40:20.374,1.84589,1.84604,1.47,1.12
2015.12.10 04:40:21.143,1.84588,1.84604,1.57,1.12
2015.12.10 04:40:21.839,1.84589,1.84604,1.47,1.12
2015.12.10 04:40:23.055,1.84588,1.84604,1.57,1.12
2015.12.10 04:40:23.606,1.84589,1.84604,1.47,1.12
2015.12.10 04:40:25.092,1.84588,1.84604,1.57,1.12
2015.12.10 04:40:26.095,1.84589,1.84604,1.47,1.12
2015.12.10 04:40:27.071,1.84588,1.84604,1.57,1.12
2015.12.10 04:40:31.000,1.84589,1.84604,1.47,1.12
2015.12.10 04:40:31.640,1.84588,1.84604,1.57,1.12
2015.12.10 04:40:32.352,1.84589,1.84604,1.47,1.12
2015.12.10 04:40:33.465,1.84588,1.84604,1.57,1.12
2015.12.10 04:40:34.105,1.84589,1.84604,1.47,1.12
2015.12.10 04:40:34.695,1.84593,1.84607,1.37,1.12
2015.12.10 04:40:34.746,1.84593,1.84609,1.37,1.47
2015.12.10 04:40:35.000,1.84593,1.84611,1.50,1.12
2015.12.10 04:40:35.529,1.84594,1.84611,1.95,1.12
2015.12.10 04:40:38.460,1.84593,1.84611,1.87,1.12
2015.12.10 04:40:39.012,1.84594,1.84611,1.07,1.12
2015.12.10 04:40:39.113,1.84594,1.84608,1.07,1.00
2015.12.10 04:40:39.428,1.84589,1.84607,1.00,1.50
2015.12.10 04:40:39.960,1.84589,1.84607,1.00,1.12
2015.12.10 04:40:40.493,1.84589,1.84607,1.37,1.12
2015.12.10 04:40:41.325,1.8459,1.84608,1.00,1.27
2015.12.10 04:40:41.427,1.84593,1.84608,1.37,1.12
2015.12.10 04:40:41.956,1.84592,1.84608,2.02,1.00
2015.12.10 04:40:43.328,1.84592,1.84608,2.40,1.00
2015.12.10 04:40:45.445,1.84592,1.84611,2.40,1.12
2015.12.10 04:40:47.202,1.84597,1.84611,1.37,1.00
2015.12.10 04:40:49.491,1.84596,1.84611,1.87,1.00
2015.12.10 04:40:50.313,1.84597,1.84611,1.37,1.00
2015.12.10 04:40:50.891,1.84597,1.84609,1.37,1.00
2015.12.10 04:40:50.993,1.84596,1.84609,1.12,1.00
2015.12.10 04:40:51.196,1.84594,1.84609,1.20,1.00
2015.12.10 04:40:53.372,1.84593,1.84609,1.75,1.00
2015.12.10 04:40:54.405,1.84592,1.84609,4.57,1.00
2015.12.10 04:40:55.896,1.84594,1.84608,1.00,1.00
2015.12.10 04:40:58.385,1.84593,1.84608,2.25,1.00
2015.12.10 04:40:59.384,1.84593,1.84608,1.50,1.00
2015.12.10 04:40:59.886,1.84593,1.84608,2.25,1.00
2015.12.10 04:41:01.890,1.84594,1.84609,1.00,1.00
2015.12.10 04:41:05.478,1.84593,1.84609,2.25,1.00
2015.12.10 04:41:06.506,1.84593,1.84609,2.25,1.00
2015.12.10 04:41:07.810,1.84593,1.84603,1.37,1.00
2015.12.10 04:41:07.862,1.8459,1.84603,1.75,1.00
2015.12.10 04:41:07.964,1.84585,1.84602,3.00,1.00
2015.12.10 04:41:08.015,1.84585,1.84598,3.00,1.00
2015.12.10 04:41:09.390,1.84585,1.84602,1.37,1.00
2015.12.10 04:41:09.896,1.84586,1.84602,1.50,1.00
2015.12.10 04:41:12.280,1.84589,1.84602,1.37,1.00
2015.12.10 04:41:12.381,1.84589,1.84604,1.37,1.00
2015.12.10 04:41:12.887,1.8459,1.84604,1.37,1.00
2015.12.10 04:41:13.418,1.84589,1.84604,1.37,1.00
2015.12.10 04:41:15.447,1.8459,1.84604,1.37,1.00
2015.12.10 04:41:17.259,1.84589,1.84604,1.37,1.00
2015.12.10 04:41:19.671,1.8459,1.84604,1.37,1.00
2015.12.10 04:41:20.092,1.8459,1.84605,1.37,1.87
2015.12.10 04:41:21.154,1.84589,1.84605,1.37,1.75
2015.12.10 04:41:21.655,1.8459,1.84605,1.37,1.87
2015.12.10 04:41:23.551,1.8459,1.84605,1.37,1.12
2015.12.10 04:41:23.654,1.8459,1.84608,1.87,1.95
2015.12.10 04:41:23.705,1.84593,1.84608,1.37,1.00
2015.12.10 04:41:23.857,1.84593,1.84611,1.37,1.50
2015.12.10 04:41:24.364,1.84594,1.84611,2.70,1.12
2015.12.10 04:41:30.292,1.84594,1.84612,2.32,1.87
2015.12.10 04:41:31.283,1.84594,1.84612,2.70,2.62
2015.12.10 04:41:36.032,1.84594,1.84612,2.32,1.87
2015.12.10 04:41:36.641,1.84594,1.84612,2.70,2.62
2015.12.10 04:41:38.038,1.84594,1.84612,2.32,1.87
2015.12.10 04:41:38.647,1.84595,1.84612,1.12,2.62
2015.12.10 04:41:39.289,1.84594,1.84612,2.32,2.25
2015.12.10 04:41:39.790,1.84594,1.84611,3.07,1.00
2015.12.10 04:41:40.096,1.84597,1.84615,1.37,2.25
2015.12.10 04:41:40.735,1.84598,1.84613,1.47,1.00
2015.12.10 04:41:41.150,1.84598,1.84614,1.37,1.75
2015.12.10 04:41:41.454,1.84598,1.84614,1.37,3.00
2015.12.10 04:41:42.134,1.84597,1.84614,1.37,3.00
2015.12.10 04:41:42.998,1.84598,1.84614,1.37,3.00
2015.12.10 04:41:43.310,1.84595,1.84613,1.50,1.12
2015.12.10 04:41:44.800,1.84596,1.84612,1.37,1.12
2015.12.10 04:41:46.040,1.84595,1.84613,1.50,1.87
2015.12.10 04:41:46.395,1.84596,1.84611,1.37,1.00
2015.12.10 04:41:47.104,1.84596,1.84614,1.07,1.50
2015.12.10 04:41:47.448,1.84599,1.84614,1.37,1.50
2015.12.10 04:41:48.020,1.84599,1.84614,1.37,1.50
2015.12.10 04:41:49.717,1.84598,1.84614,1.50,1.50
2015.12.10 04:41:51.556,1.84597,1.84612,1.50,1.00
2015.12.10 04:41:52.215,1.84597,1.84614,1.12,1.50
2015.12.10 04:42:13.521,1.84598,1.84614,1.10,1.50
2015.12.10 04:42:15.526,1.84598,1.84614,1.10,1.12
2015.12.10 04:42:18.428,1.84597,1.84614,1.87,1.12
2015.12.10 04:42:19.476,1.84597,1.84616,1.12,1.95
2015.12.10 04:42:19.680,1.846,1.84616,1.37,1.57
2015.12.10 04:42:20.358,1.846,1.84616,1.37,1.57
2015.12.10 04:42:21.062,1.84601,1.84616,1.37,1.57
2015.12.10 04:42:38.400,1.84605,1.84618,1.47,1.12
2015.12.10 04:42:38.451,1.84605,1.84618,1.47,1.12
2015.12.10 04:42:38.553,1.84606,1.84622,1.47,1.37
2015.12.10 04:42:40.273,1.84606,1.84622,1.47,1.50
2015.12.10 04:42:40.375,1.84603,1.84622,1.57,1.75
2015.12.10 04:42:40.903,1.84604,1.84622,1.37,1.87
2015.12.10 04:42:41.747,1.84604,1.84623,1.50,3.00
2015.12.10 04:42:42.103,1.84605,1.84623,1.50,1.50
2015.12.10 04:42:42.796,1.84605,1.84623,1.87,1.87
2015.12.10 04:42:46.730,1.84605,1.84624,1.87,2.32
2015.12.10 04:42:47.290,1.84605,1.84623,2.25,1.37
2015.12.10 04:42:47.904,1.84605,1.84624,1.87,2.32
2015.12.10 04:42:48.602,1.84605,1.84624,1.87,2.32
2015.12.10 04:42:50.708,1.84605,1.84623,1.85,1.50
2015.12.10 04:42:50.811,1.84603,1.84622,1.95,1.57
2015.12.10 04:42:51.286,1.84603,1.8462,1.57,1.20
2015.12.10 04:42:51.832,1.84602,1.8462,1.50,1.95
2015.12.10 04:42:52.902,1.84602,1.84618,1.50,1.47
2015.12.10 04:42:59.662,1.84601,1.84618,1.10,1.95
2015.12.10 04:43:00.620,1.846,1.84618,1.95,1.95
2015.12.10 04:43:01.615,1.84601,1.84618,1.10,1.95
2015.12.10 04:43:02.609,1.846,1.84617,1.95,1.00
2015.12.10 04:43:03.610,1.84601,1.84617,1.10,1.00
2015.12.10 04:43:04.655,1.846,1.84617,1.95,1.00
2015.12.10 04:43:05.653,1.84601,1.84617,1.10,1.00
2015.12.10 04:43:07.211,1.84601,1.84618,1.10,1.20
2015.12.10 04:43:08.658,1.846,1.84618,1.95,1.20
2015.12.10 04:43:09.224,1.846,1.84616,1.95,1.00
2015.12.10 04:43:09.853,1.84601,1.84616,1.10,1.00
2015.12.10 04:43:15.188,1.84604,1.84619,1.37,1.45
2015.12.10 04:43:15.340,1.84607,1.84623,1.12,2.25
2015.12.10 04:43:15.647,1.84607,1.84625,1.12,3.45
2015.12.10 04:43:15.748,1.84609,1.84627,1.47,1.87
2015.12.10 04:43:21.511,1.84609,1.84626,1.47,1.00
2015.12.10 04:43:22.260,1.84608,1.84626,1.57,1.12
2015.12.10 04:43:25.642,1.84608,1.84626,1.95,1.87
2015.12.10 04:43:26.101,1.84609,1.84626,1.50,1.75
2015.12.10 04:43:26.406,1.84611,1.84628,1.12,1.37
2015.12.10 04:43:26.457,1.84611,1.84628,1.12,1.12
2015.12.10 04:43:27.113,1.84613,1.84628,1.50,1.00
2015.12.10 04:43:29.843,1.84612,1.84628,1.12,1.12
2015.12.10 04:43:30.047,1.84612,1.84628,1.37,1.75
2015.12.10 04:43:30.098,1.84611,1.84628,1.47,1.85
2015.12.10 04:43:30.149,1.84611,1.84628,1.47,2.32
2015.12.10 04:43:30.251,1.84609,1.84626,1.50,1.12
2015.12.10 04:43:34.366,1.84609,1.84627,2.25,1.00
2015.12.10 04:43:34.817,1.84607,1.84624,1.12,1.12
2015.12.10 04:43:34.869,1.84606,1.84622,1.57,1.10
2015.12.10 04:43:35.378,1.84609,1.84626,1.07,1.87
2015.12.10 04:43:35.480,1.8461,1.84628,1.20,1.50
2015.12.10 04:43:35.531,1.8461,1.84628,1.57,1.12
2015.12.10 04:43:35.634,1.8461,1.84629,2.25,1.65
2015.12.10 04:43:35.837,1.84613,1.84629,1.37,1.65
2015.12.10 04:43:36.514,1.84612,1.84629,1.57,1.65
2015.12.10 04:43:36.937,1.84611,1.84627,1.45,1.00
2015.12.10 04:43:37.445,1.8461,1.84627,1.07,1.45
2015.12.10 04:43:37.882,1.84607,1.84625,1.47,1.12
2015.12.10 04:43:38.187,1.84606,1.84622,1.87,1.00
2015.12.10 04:43:38.238,1.84606,1.84622,2.25,1.10
2015.12.10 04:43:38.340,1.84606,1.84623,1.12,1.87
2015.12.10 04:43:38.645,1.84601,1.84619,1.47,3.37
2015.12.10 04:43:40.517,1.84599,1.84618,1.57,1.20
2015.12.10 04:43:41.074,1.84599,1.84616,1.07,1.00
2015.12.10 04:43:46.094,1.846,1.84616,1.07,1.00
2015.12.10 04:43:46.145,1.846,1.84616,1.50,1.00
2015.12.10 04:43:46.724,1.84603,1.84616,1.57,1.00
2015.12.10 04:43:47.237,1.84604,1.84616,1.07,1.00
2015.12.10 04:43:49.968,1.84602,1.84617,1.50,1.75
2015.12.10 04:43:50.652,1.84601,1.84617,1.50,1.75
2015.12.10 04:43:54.050,1.84598,1.84617,1.47,1.75
2015.12.10 04:43:54.601,1.84599,1.84614,1.37,1.12
2015.12.10 04:43:56.210,1.846,1.84617,1.37,2.62
2015.12.10 04:44:11.537,1.846,1.84616,1.07,1.57
2015.12.10 04:44:15.439,1.846,1.84615,1.07,1.12
2015.12.10 04:44:18.017,1.84599,1.84613,1.12,1.75
2015.12.10 04:44:18.169,1.84597,1.84613,1.50,2.25
2015.12.10 04:44:18.221,1.84595,1.8461,1.20,1.50
2015.12.10 04:44:18.272,1.84595,1.8461,1.07,2.25
2015.12.10 04:44:18.323,1.84592,1.8461,1.12,2.62
2015.12.10 04:44:18.374,1.84591,1.8461,1.87,2.62
2015.12.10 04:44:18.932,1.84591,1.84605,1.57,1.00
2015.12.10 04:44:19.514,1.8459,1.84605,1.87,1.00
2015.12.10 04:44:21.709,1.84591,1.84605,1.57,1.00
2015.12.10 04:44:22.269,1.8459,1.84605,1.87,1.00
2015.12.10 04:44:22.888,1.84591,1.84605,1.57,1.00
2015.12.10 04:44:26.895,1.8459,1.84605,1.87,1.00
2015.12.10 04:44:27.906,1.84591,1.84605,1.57,1.00
2015.12.10 04:44:28.901,1.8459,1.84605,1.87,1.00
2015.12.10 04:44:30.911,1.84591,1.84605,1.57,1.00
2015.12.10 04:44:32.133,1.8459,1.84605,1.45,1.00
2015.12.10 04:44:35.522,1.8459,1.84606,1.45,1.75
2015.12.10 04:44:45.111,1.84589,1.84606,1.47,1.87
2015.12.10 04:44:52.866,1.84588,1.84606,1.57,2.62
2015.12.10 04:44:53.470,1.84589,1.84604,1.47,1.00
2015.12.10 04:44:55.467,1.84589,1.84603,1.47,1.00
2015.12.10 04:44:56.052,1.84588,1.84603,1.57,1.00
2015.12.10 04:44:59.745,1.84589,1.84604,1.07,1.12
2015.12.10 04:44:59.897,1.84589,1.84605,1.50,1.37
2015.12.10 04:45:01.064,1.84589,1.84605,1.50,1.00
2015.12.10 04:45:03.773,1.8459,1.84607,1.12,1.37
2015.12.10 04:45:03.824,1.84591,1.84608,1.12,1.50
2015.12.10 04:45:04.080,1.84591,1.84611,1.50,1.87
2015.12.10 04:45:04.233,1.84594,1.84614,1.20,2.32
2015.12.10 04:45:04.285,1.84594,1.84614,1.87,2.25
2015.12.10 04:45:04.589,1.846,1.84618,1.12,4.20
2015.12.10 04:45:10.417,1.84599,1.84617,1.57,2.40
2015.12.10 04:45:11.545,1.84598,1.84617,1.87,1.95
2015.12.10 04:45:12.068,1.84599,1.84617,1.57,1.95
2015.12.10 04:45:12.571,1.84599,1.84617,1.57,1.95
2015.12.10 04:45:13.126,1.84598,1.84617,1.87,1.95
2015.12.10 04:45:14.382,1.84599,1.84617,1.57,1.95
2015.12.10 04:45:15.314,1.84598,1.84617,1.87,2.77
2015.12.10 04:45:15.517,1.84599,1.84617,1.57,2.77
2015.12.10 04:45:19.831,1.84598,1.84616,1.87,1.12
2015.12.10 04:45:20.823,1.84599,1.84615,1.57,1.12
2015.12.10 04:45:22.451,1.84598,1.84616,1.87,1.12
2015.12.10 04:45:23.218,1.84599,1.84615,1.57,1.12
2015.12.10 04:45:24.327,1.84598,1.84616,1.87,1.12
2015.12.10 04:45:26.649,1.84599,1.84615,1.57,1.12
2015.12.10 04:45:28.545,1.84598,1.84616,1.87,1.12
2015.12.10 04:45:29.352,1.84599,1.84615,1.57,1.12
2015.12.10 04:45:30.153,1.84598,1.84616,1.87,1.12
2015.12.10 04:45:31.473,1.84599,1.84615,1.57,1.12
2015.12.10 04:45:32.463,1.84598,1.84616,1.87,1.12
2015.12.10 04:45:33.484,1.84599,1.84615,1.57,1.12
2015.12.10 04:45:34.549,1.84598,1.84616,1.87,1.12
2015.12.10 04:45:35.419,1.84598,1.84616,1.87,1.75
2015.12.10 04:45:35.477,1.84598,1.84615,1.87,1.00
2015.12.10 04:45:36.138,1.84599,1.84615,1.57,1.12
2015.12.10 04:45:37.140,1.84598,1.84615,1.87,1.00
2015.12.10 04:45:37.656,1.84599,1.84615,1.57,1.12
2015.12.10 04:45:38.160,1.84598,1.84615,1.87,1.00
2015.12.10 04:45:39.656,1.84599,1.84615,1.57,1.12
2015.12.10 04:45:44.003,1.84599,1.84617,1.57,1.57
2015.12.10 04:45:44.841,1.84599,1.84617,1.57,1.27
2015.12.10 04:45:45.246,1.84599,1.84617,1.57,1.57
2015.12.10 04:45:46.201,1.84598,1.84618,1.87,3.00
2015.12.10 04:45:48.210,1.84599,1.84616,1.57,1.37
2015.12.10 04:45:52.900,1.84598,1.84616,1.87,1.37
2015.12.10 04:45:55.514,1.84599,1.84617,1.57,2.02
2015.12.10 04:45:59.290,1.84596,1.84617,1.20,1.95
2015.12.10 04:45:59.341,1.84596,1.84616,1.07,1.45
2015.12.10 04:46:02.277,1.84596,1.84616,1.07,1.57
2015.12.10 04:46:05.767,1.84595,1.84614,1.95,1.12
2015.12.10 04:46:06.274,1.84595,1.84614,1.57,1.12
2015.12.10 04:46:07.557,1.84596,1.84614,1.37,1.12
2015.12.10 04:46:09.860,1.84596,1.84615,1.95,1.87
2015.12.10 04:46:15.495,1.84596,1.84615,3.07,1.50
2015.12.10 04:46:18.060,1.84599,1.84615,1.37,1.12
2015.12.10 04:46:19.013,1.846,1.84615,1.37,1.50
2015.12.10 04:46:21.035,1.84598,1.84615,1.47,1.87
2015.12.10 04:46:26.061,1.84597,1.84615,1.50,1.12
2015.12.10 04:46:26.937,1.84598,1.84615,1.57,1.50
2015.12.10 04:46:28.929,1.84597,1.84615,1.00,1.20
2015.12.10 04:46:29.132,1.84594,1.84612,2.62,1.87
2015.12.10 04:46:29.638,1.84593,1.84612,1.95,2.25
2015.12.10 04:46:32.937,1.84593,1.84612,1.95,2.25
2015.12.10 04:46:33.945,1.84593,1.84612,1.95,2.25
2015.12.10 04:46:34.984,1.84593,1.84612,1.47,1.00
2015.12.10 04:46:35.944,1.84595,1.84613,1.37,1.47
2015.12.10 04:46:36.511,1.84595,1.84612,1.37,1.37
2015.12.10 04:46:37.044,1.84595,1.84613,1.37,1.47
2015.12.10 04:46:37.696,1.84595,1.84614,1.37,1.87
2015.12.10 04:46:38.220,1.84595,1.84614,1.50,1.10
2015.12.10 04:46:38.727,1.84598,1.84614,1.00,1.57
2015.12.10 04:46:39.297,1.84596,1.84614,1.85,1.10
2015.12.10 04:46:40.055,1.84596,1.84615,1.85,1.87
2015.12.10 04:46:41.875,1.84597,1.84614,1.75,1.47
2015.12.10 04:46:42.974,1.84598,1.84614,1.00,1.47
2015.12.10 04:46:43.127,1.84599,1.84618,1.12,1.57
2015.12.10 04:46:43.279,1.84603,1.84621,1.37,1.85
2015.12.10 04:46:43.381,1.84603,1.84622,1.57,1.87
2015.12.10 04:46:43.966,1.84603,1.84622,2.77,1.50
2015.12.10 04:46:44.473,1.84604,1.84622,1.37,1.00
2015.12.10 04:46:44.985,1.84603,1.84622,1.57,1.00
2015.12.10 04:46:45.551,1.84603,1.84622,2.02,1.50
2015.12.10 04:46:47.467,1.84607,1.84623,1.00,1.50
2015.12.10 04:46:47.518,1.84607,1.84625,1.00,2.62
2015.12.10 04:46:48.282,1.84607,1.84624,1.50,1.57
2015.12.10 04:46:49.123,1.84607,1.84624,1.85,1.37
2015.12.10 04:46:49.963,1.84607,1.84624,1.85,1.37
2015.12.10 04:46:52.088,1.84607,1.84624,1.85,1.37
2015.12.10 04:46:54.084,1.84607,1.84624,1.85,1.37
2015.12.10 04:46:54.477,1.84607,1.84626,1.85,1.57
2015.12.10 04:46:59.082,1.84606,1.84626,1.95,1.20
2015.12.10 04:47:00.112,1.84607,1.84626,1.85,1.57
2015.12.10 04:47:00.899,1.84606,1.84624,1.95,1.37
2015.12.10 04:47:01.306,1.84605,1.8462,1.00,1.00
2015.12.10 04:47:01.408,1.84603,1.8462,1.10,1.00
2015.12.10 04:47:01.889,1.84603,1.84619,1.00,1.57
2015.12.10 04:47:04.479,1.84602,1.84619,1.75,1.57
2015.12.10 04:47:05.525,1.84603,1.84619,1.00,1.57
2015.12.10 04:47:06.075,1.84602,1.84619,1.00,1.10
2015.12.10 04:47:09.747,1.84602,1.84619,1.50,1.57
2015.12.10 04:47:11.354,1.84601,1.84619,1.85,1.10
2015.12.10 04:47:11.861,1.84602,1.84619,1.00,1.10
2015.12.10 04:47:12.741,1.84602,1.84619,1.37,1.57
2015.12.10 04:47:15.745,1.84601,1.84619,1.85,1.10
2015.12.10 04:47:16.701,1.84602,1.84619,1.00,1.10
2015.12.10 04:47:18.738,1.84602,1.84619,1.50,1.57
2015.12.10 04:47:19.374,1.84601,1.8462,1.85,1.50
2015.12.10 04:47:21.852,1.84603,1.8462,1.20,1.12
2015.12.10 04:47:22.156,1.846,1.84619,1.45,1.85
2015.12.10 04:47:22.568,1.84601,1.84617,1.47,1.00
2015.12.10 04:47:22.669,1.846,1.84617,1.45,1.00
2015.12.10 04:47:23.136,1.846,1.84617,1.95,1.00
2015.12.10 04:47:23.533,1.846,1.84617,1.57,1.00
2015.12.10 04:47:25.524,1.846,1.84617,1.57,1.00
2015.12.10 04:47:27.511,1.846,1.84617,1.57,1.00
2015.12.10 04:47:29.558,1.84599,1.84617,1.87,1.50
2015.12.10 04:47:30.547,1.84599,1.84617,1.87,1.50
2015.12.10 04:47:31.554,1.84598,1.84617,1.87,1.57
2015.12.10 04:47:33.848,1.84599,1.84617,1.85,2.70
2015.12.10 04:47:34.537,1.84599,1.84617,1.85,2.70
2015.12.10 04:47:34.740,1.84599,1.84617,1.10,1.95
2015.12.10 04:47:35.556,1.84599,1.84617,1.57,2.70
2015.12.10 04:47:37.578,1.84598,1.84615,1.12,1.00
2015.12.10 04:47:37.680,1.84596,1.84612,1.95,1.00
2015.12.10 04:47:37.878,1.84594,1.84612,1.87,1.50
2015.12.10 04:47:37.981,1.84595,1.84614,1.85,1.20
2015.12.10 04:47:38.589,1.84596,1.84614,1.12,1.12
2015.12.10 04:47:40.587,1.84597,1.84614,1.57,1.12
2015.12.10 04:47:41.549,1.84596,1.84614,2.62,1.12
2015.12.10 04:47:42.474,1.846,1.84614,1.50,1.00
2015.12.10 04:47:43.996,1.846,1.84616,1.12,1.00
2015.12.10 04:47:44.610,1.846,1.84618,1.12,1.50
2015.12.10 04:47:46.572,1.846,1.84618,1.12,1.50
2015.12.10 04:47:47.586,1.84601,1.84618,1.10,1.50
2015.12.10 04:47:59.598,1.84598,1.84618,1.65,1.65
2015.12.10 04:48:02.398,1.84598,1.84617,2.40,1.00
2015.12.10 04:48:07.405,1.84597,1.84617,2.25,1.00
2015.12.10 04:48:10.324,1.846,1.84618,1.12,1.10
2015.12.10 04:48:10.859,1.846,1.8462,1.87,1.57
2015.12.10 04:48:11.438,1.846,1.8462,1.87,1.57
2015.12.10 04:48:13.449,1.846,1.8462,1.87,1.57
2015.12.10 04:48:15.463,1.84601,1.84619,1.57,1.10
2015.12.10 04:48:17.463,1.84601,1.8462,1.95,1.07
2015.12.10 04:48:18.419,1.84601,1.8462,1.45,1.57
2015.12.10 04:48:20.454,1.84601,1.8462,1.45,1.57
2015.12.10 04:48:21.097,1.84605,1.8462,1.87,1.47
2015.12.10 04:48:21.149,1.84609,1.84627,1.65,1.37
2015.12.10 04:48:21.454,1.84608,1.84628,2.25,1.65
2015.12.10 04:48:21.960,1.8461,1.84629,2.25,1.47
2015.12.10 04:48:22.466,1.84611,1.8463,1.45,2.32
2015.12.10 04:48:23.514,1.84611,1.84629,1.95,1.47
2015.12.10 04:48:24.444,1.84611,1.8463,1.95,1.57
2015.12.10 04:48:24.951,1.84612,1.8463,1.85,1.07
2015.12.10 04:48:25.204,1.84614,1.84632,1.20,1.37
2015.12.10 04:48:25.734,1.84613,1.84632,2.20,1.37
2015.12.10 04:48:26.251,1.84613,1.84631,2.20,1.37
2015.12.10 04:48:26.799,1.84614,1.84632,1.20,1.37
2015.12.10 04:48:27.449,1.84614,1.84631,1.20,1.37
2015.12.10 04:48:28.855,1.84612,1.8463,1.12,1.07
2015.12.10 04:48:29.364,1.84612,1.8463,1.00,1.45
2015.12.10 04:48:30.454,1.84611,1.8463,1.12,1.45
2015.12.10 04:48:30.762,1.84611,1.84627,1.12,1.37
2015.12.10 04:48:31.439,1.84612,1.84627,1.00,1.37
2015.12.10 04:48:32.387,1.84612,1.84629,1.10,1.47
2015.12.10 04:48:32.488,1.84612,1.84629,1.85,1.37
2015.12.10 04:48:32.759,1.84614,1.84631,1.57,1.37
2015.12.10 04:48:33.165,1.84615,1.84635,1.00,2.62
2015.12.10 04:48:33.484,1.84615,1.84635,1.57,1.95
2015.12.10 04:48:33.991,1.84615,1.84634,1.57,1.37
2015.12.10 04:48:34.594,1.84614,1.84635,3.07,1.95
2015.12.10 04:48:35.105,1.84614,1.84634,3.07,1.50
2015.12.10 04:48:35.609,1.84614,1.84634,2.70,1.00
2015.12.10 04:48:36.268,1.84616,1.84634,1.37,1.37
2015.12.10 04:48:36.731,1.84616,1.84635,1.37,1.95
2015.12.10 04:48:37.468,1.84616,1.84634,1.37,1.37
2015.12.10 04:48:37.701,1.84619,1.84635,1.00,1.10
2015.12.10 04:48:38.344,1.84619,1.84637,1.00,3.52
2015.12.10 04:48:41.707,1.84617,1.84636,1.50,1.00
2015.12.10 04:48:41.885,1.84618,1.84636,1.37,1.12
2015.12.10 04:48:42.392,1.84616,1.84636,2.25,1.87
2015.12.10 04:48:42.544,1.84617,1.84636,1.37,1.12
2015.12.10 04:48:43.071,1.84619,1.84637,2.25,1.10
2015.12.10 04:48:43.612,1.84619,1.84638,2.62,1.57
2015.12.10 04:48:45.092,1.8462,1.84638,1.57,1.95
2015.12.10 04:48:48.957,1.84621,1.84638,1.20,1.12
2015.12.10 04:48:51.179,1.8462,1.84638,1.82,1.00
2015.12.10 04:48:52.073,1.8462,1.84638,1.50,1.00
2015.12.10 04:48:54.769,1.8462,1.84639,1.82,1.12
2015.12.10 04:48:54.984,1.8462,1.84639,1.12,1.87
2015.12.10 04:48:55.513,1.84618,1.84639,2.62,3.37
2015.12.10 04:48:59.081,1.84618,1.84639,2.62,3.37
2015.12.10 04:49:00.110,1.84618,1.84638,3.37,1.57
2015.12.10 04:49:01.084,1.84618,1.84638,3.37,1.57
2015.12.10 04:49:02.230,1.8462,1.84639,1.45,1.10
2015.12.10 04:49:03.538,1.8462,1.84639,1.45,1.57
2015.12.10 04:49:04.357,1.84621,1.8464,1.57,2.70
2015.12.10 04:49:05.721,1.84623,1.8464,1.00,2.32
2015.12.10 04:49:06.128,1.84626,1.84641,1.00,1.85
2015.12.10 04:49:06.229,1.84628,1.84644,1.37,1.87
2015.12.10 04:49:06.382,1.84628,1.84647,1.27,3.37
2015.12.10 04:49:06.433,1.84628,1.84647,1.27,2.62
2015.12.10 04:49:06.535,1.84628,1.84646,1.95,1.37
2015.12.10 04:49:06.638,1.84628,1.84646,1.65,1.37
2015.12.10 04:49:07.132,1.84626,1.84643,1.12,1.47
2015.12.10 04:49:07.639,1.84625,1.84643,1.57,2.02
2015.12.10 04:49:07.943,1.84625,1.8464,1.57,1.00
2015.12.10 04:49:08.607,1.84625,1.8464,1.57,1.00
2015.12.10 04:49:10.619,1.84624,1.8464,3.00,1.00
2015.12.10 04:49:11.626,1.84625,1.8464,2.02,1.00
2015.12.10 04:49:12.750,1.84625,1.8464,1.20,1.00
2015.12.10 04:49:12.802,1.84625,1.84642,1.20,1.12
2015.12.10 04:49:12.853,1.84628,1.84643,1.00,1.47
2015.12.10 04:49:13.136,1.84628,1.84645,1.00,1.57
2015.12.10 04:49:13.187,1.8463,1.84646,1.50,1.00
2015.12.10 04:49:13.593,1.84628,1.84646,2.70,1.00
2015.12.10 04:49:14.356,1.8463,1.84648,1.37,2.32
2015.12.10 04:49:14.905,1.8463,1.84648,1.37,1.95
2015.12.10 04:49:15.441,1.8463,1.84648,1.37,1.95
2015.12.10 04:49:16.926,1.8463,1.84648,1.37,1.57
2015.12.10 04:49:17.383,1.84628,1.84646,1.50,2.25
2015.12.10 04:49:17.889,1.84628,1.84645,1.37,1.50
2015.12.10 04:49:18.491,1.84627,1.84644,1.95,1.07
2015.12.10 04:49:18.940,1.84627,1.84644,1.95,1.07
2015.12.10 04:49:20.323,1.84632,1.84647,1.37,1.50
2015.12.10 04:49:24.572,1.84631,1.84647,1.37,1.50
2015.12.10 04:49:25.622,1.84631,1.84648,1.37,1.57
2015.12.10 04:49:26.159,1.84633,1.84647,1.37,1.37
2015.12.10 04:49:26.876,1.84632,1.84649,1.37,1.57
2015.12.10 04:49:27.546,1.84632,1.84649,1.37,1.57
2015.12.10 04:49:28.966,1.84632,1.84649,1.65,1.12
2015.12.10 04:49:29.483,1.84634,1.84648,1.37,1.00
2015.12.10 04:49:30.042,1.84633,1.84648,1.37,1.00
2015.12.10 04:49:31.167,1.84633,1.84645,1.00,1.00
2015.12.10 04:49:31.472,1.84629,1.84643,1.37,1.00
2015.12.10 04:49:32.159,1.84627,1.84643,1.12,1.00
2015.12.10 04:49:32.981,1.84626,1.84643,1.75,1.00
2015.12.10 04:49:33.133,1.8463,1.84647,1.37,1.95
2015.12.10 04:49:33.324,1.84633,1.84647,1.00,1.10
2015.12.10 04:49:33.867,1.84634,1.84647,1.00,1.00
2015.12.10 04:49:34.171,1.84634,1.84647,1.37,1.00
2015.12.10 04:49:34.779,1.84633,1.84647,1.12,1.00
2015.12.10 04:49:35.701,1.84634,1.8465,1.37,2.25
2015.12.10 04:49:35.854,1.84636,1.84651,1.12,1.00
2015.12.10 04:49:36.107,1.84639,1.84651,1.00,1.00
2015.12.10 04:49:36.419,1.84639,1.84651,1.37,1.00
2015.12.10 04:49:36.471,1.84639,1.84651,1.00,1.00
2015.12.10 04:49:36.775,1.84633,1.8465,1.57,1.12
2015.12.10 04:49:37.276,1.84633,1.8465,1.85,2.25
2015.12.10 04:49:37.784,1.84636,1.8465,1.00,1.87
2015.12.10 04:49:38.321,1.84636,1.8465,1.37,1.87
2015.12.10 04:49:38.563,1.84636,1.8465,1.37,1.87
2015.12.10 04:49:39.083,1.84636,1.8465,1.37,1.12
2015.12.10 04:49:39.604,1.84634,1.8465,1.50,1.00
2015.12.10 04:49:42.069,1.84635,1.8465,1.37,1.00
2015.12.10 04:49:45.324,1.84636,1.8465,1.37,1.00
2015.12.10 04:49:50.478,1.84635,1.84649,1.37,1.00
2015.12.10 04:49:51.097,1.84635,1.84649,1.37,1.00
2015.12.10 04:49:52.096,1.84635,1.84649,1.37,1.00
2015.12.10 04:49:52.774,1.84635,1.8465,1.37,1.00
2015.12.10 04:49:53.352,1.84635,1.8465,1.50,1.00
2015.12.10 04:49:55.368,1.84635,1.84649,1.50,1.00
2015.12.10 04:49:59.196,1.84635,1.84649,1.87,1.00
2015.12.10 04:50:00.458,1.84636,1.84652,1.85,1.10
2015.12.10 04:50:00.610,1.84639,1.84652,1.37,1.10
2015.12.10 04:50:01.356,1.84639,1.84652,1.37,1.10
2015.12.10 04:50:01.824,1.84638,1.8465,1.37,1.00
2015.12.10 04:50:01.926,1.84634,1.8465,1.87,1.00
2015.12.10 04:50:02.466,1.84635,1.8465,1.37,1.87
2015.12.10 04:50:03.031,1.84633,1.8465,1.95,1.12
2015.12.10 04:50:03.538,1.84635,1.8465,1.57,1.00
2015.12.10 04:50:04.051,1.84634,1.8465,1.12,1.00
2015.12.10 04:50:04.564,1.84634,1.84649,1.12,1.00
2015.12.10 04:50:08.064,1.84633,1.84649,1.47,1.00
2015.12.10 04:50:09.452,1.84633,1.8465,1.95,1.10
2015.12.10 04:50:10.068,1.84633,1.8465,2.70,1.10
2015.12.10 04:50:10.474,1.84633,1.84648,1.95,1.00
2015.12.10 04:50:11.643,1.84634,1.84648,1.50,1.00
2015.12.10 04:50:12.660,1.84634,1.84652,1.50,2.70
2015.12.10 04:50:12.813,1.84639,1.84653,1.12,1.12
2015.12.10 04:50:13.369,1.84638,1.84653,1.47,1.10
2015.12.10 04:50:13.879,1.84638,1.84653,1.37,1.20
2015.12.10 04:50:14.391,1.84636,1.84653,1.85,1.20
2015.12.10 04:50:16.082,1.84636,1.84653,2.32,1.20
2015.12.10 04:50:16.723,1.84636,1.84651,2.32,1.00
2015.12.10 04:50:17.238,1.84636,1.84651,1.85,1.00
2015.12.10 04:50:17.549,1.84636,1.84651,1.85,1.00
2015.12.10 04:50:19.294,1.84634,1.8465,2.62,1.00
2015.12.10 04:50:19.346,1.84634,1.8465,2.62,1.00
2015.12.10 04:50:19.604,1.84634,1.8465,1.50,1.57
2015.12.10 04:50:20.112,1.84635,1.84651,1.00,1.87
2015.12.10 04:50:20.619,1.84634,1.84649,1.00,1.50
2015.12.10 04:50:23.350,1.84633,1.8465,1.75,1.95
2015.12.10 04:50:24.359,1.84633,1.8465,1.12,1.57
2015.12.10 04:50:28.178,1.84633,1.8465,2.25,1.47
2015.12.10 04:50:31.832,1.84633,1.8465,2.25,1.47
2015.12.10 04:50:34.423,1.84634,1.8465,1.00,1.47
2015.12.10 04:50:35.562,1.84634,1.8465,1.37,1.47
2015.12.10 04:50:37.838,1.84634,1.8465,1.12,1.47
2015.12.10 04:50:38.820,1.84634,1.8465,1.87,1.47
2015.12.10 04:50:39.915,1.84636,1.8465,1.00,1.47
2015.12.10 04:50:40.434,1.84634,1.8465,1.87,1.47
2015.12.10 04:50:41.405,1.84635,1.8465,1.75,1.47
2015.12.10 04:50:44.047,1.84635,1.8465,2.25,1.37
2015.12.10 04:50:44.296,1.84637,1.84652,1.75,1.47
2015.12.10 04:50:44.835,1.84638,1.84652,1.37,1.47
2015.12.10 04:50:45.409,1.84638,1.84652,1.12,1.47
2015.12.10 04:50:46.410,1.84639,1.84653,1.00,1.50
2015.12.10 04:50:46.761,1.84639,1.84653,1.00,1.50
2015.12.10 04:50:47.512,1.84638,1.84654,1.12,2.70
2015.12.10 04:50:48.515,1.84638,1.84654,1.37,1.57
2015.12.10 04:50:50.401,1.84636,1.84654,1.85,1.95
2015.12.10 04:50:50.858,1.84635,1.84653,3.00,1.12
2015.12.10 04:50:51.520,1.84635,1.84653,3.00,1.12
2015.12.10 04:50:53.022,1.84636,1.84653,1.75,1.12
2015.12.10 04:50:53.124,1.84636,1.84653,1.00,1.12
2015.12.10 04:50:53.676,1.84636,1.84653,1.50,1.12
2015.12.10 04:50:54.221,1.84636,1.84653,1.00,1.12
2015.12.10 04:50:54.742,1.84637,1.84653,1.00,1.12
2015.12.10 04:50:57.683,1.84635,1.84648,1.50,1.37
2015.12.10 04:50:57.989,1.84631,1.84645,1.12,1.50
2015.12.10 04:50:58.243,1.84627,1.84641,1.75,1.95
2015.12.10 04:50:58.919,1.84628,1.8464,1.00,1.12
2015.12.10 04:50:59.874,1.84631,1.84643,1.50,1.50
2015.12.10 04:50:59.976,1.84631,1.84645,1.50,1.50
2015.12.10 04:51:02.185,1.8463,1.84645,1.37,1.87
2015.12.10 04:51:02.236,1.8463,1.84644,1.37,1.12
2015.12.10 04:51:02.389,1.84627,1.84641,1.37,2.70
2015.12.10 04:51:02.491,1.84627,1.84639,1.37,1.12
2015.12.10 04:51:02.763,1.84625,1.84639,1.00,1.75
2015.12.10 04:51:02.865,1.84622,1.84637,1.87,1.95
2015.12.10 04:51:03.096,1.84622,1.84634,1.87,1.00
2015.12.10 04:51:03.148,1.84617,1.84632,1.87,1.87
2015.12.10 04:51:03.199,1.84615,1.84631,1.87,1.50
2015.12.10 04:51:03.554,1.84613,1.8463,1.87,2.25
2015.12.10 04:51:03.990,1.84613,1.84629,1.00,1.87
2015.12.10 04:51:04.194,1.84613,1.84628,1.00,1.95
2015.12.10 04:51:04.498,1.84612,1.84624,1.00,1.47
2015.12.10 04:51:04.829,1.84609,1.84624,1.12,1.47
2015.12.10 04:51:05.143,1.84608,1.8462,1.50,1.00
2015.12.10 04:51:05.297,1.84599,1.84616,1.10,1.50
2015.12.10 04:51:05.753,1.84597,1.84615,1.12,2.25
2015.12.10 04:51:05.957,1.84593,1.84611,1.50,1.10
2015.12.10 04:51:06.008,1.84593,1.84608,1.87,1.37
2015.12.10 04:51:06.110,1.84589,1.84606,1.95,1.37
2015.12.10 04:51:06.211,1.84589,1.84607,1.10,2.62
2015.12.10 04:51:06.626,1.84586,1.84602,1.95,1.37
2015.12.10 04:51:07.156,1.84586,1.84602,1.50,1.47
2015.12.10 04:51:07.460,1.84586,1.84598,1.00,1.37
2015.12.10 04:51:07.562,1.84581,1.84598,1.87,1.45
2015.12.10 04:51:07.614,1.8458,1.84597,1.12,1.47
2015.12.10 04:51:07.918,1.84576,1.84594,1.75,1.47
2015.12.10 04:51:08.537,1.84577,1.84595,1.50,1.57
2015.12.10 04:51:08.588,1.84577,1.84595,1.12,1.57
2015.12.10 04:51:09.109,1.84577,1.84594,1.12,1.47
2015.12.10 04:51:09.211,1.84582,1.84594,1.12,1.47
2015.12.10 04:51:09.465,1.84587,1.84603,1.12,1.12
2015.12.10 04:51:09.567,1.84587,1.84604,1.50,1.57
2015.12.10 04:51:09.688,1.84587,1.84604,1.50,1.57
2015.12.10 04:51:09.892,1.84592,1.84611,1.87,1.95
2015.12.10 04:51:10.132,1.84593,1.84611,2.62,1.57
2015.12.10 04:51:10.714,1.84594,1.84611,3.37,1.07
2015.12.10 04:51:10.916,1.84594,1.84613,3.45,1.07
2015.12.10 04:51:11.672,1.84598,1.84614,1.37,1.50
2015.12.10 04:51:12.526,1.84605,1.84619,1.50,1.12
2015.12.10 04:51:12.577,1.84605,1.84622,1.95,1.37
2015.12.10 04:51:12.628,1.84606,1.84625,1.20,2.62
2015.12.10 04:51:12.730,1.84608,1.84622,1.00,1.87
2015.12.10 04:51:12.832,1.84604,1.84622,1.57,2.32
2015.12.10 04:51:13.367,1.84603,1.84621,1.87,1.12
2015.12.10 04:51:13.419,1.84603,1.84621,1.50,1.87
2015.12.10 04:51:14.427,1.84603,1.84621,1.00,1.50
2015.12.10 04:51:14.949,1.84601,1.8462,1.50,1.57
2015.12.10 04:51:15.481,1.84602,1.84618,1.10,1.47
2015.12.10 04:51:16.020,1.84601,1.84619,1.87,1.50
2015.12.10 04:51:16.324,1.84601,1.8462,2.62,2.70
2015.12.10 04:51:16.426,1.84603,1.84622,1.20,2.25
2015.12.10 04:51:18.108,1.84603,1.8462,1.07,1.10
2015.12.10 04:51:18.688,1.84602,1.8462,1.57,1.50
2015.12.10 04:51:19.206,1.84602,1.84618,1.20,1.10
2015.12.10 04:51:19.510,1.84602,1.8462,1.57,1.87
2015.12.10 04:51:19.612,1.84602,1.8462,2.62,1.10
2015.12.10 04:51:31.334,1.84604,1.84621,1.57,1.07
2015.12.10 04:51:32.445,1.84604,1.84621,1.57,1.07
2015.12.10 04:51:33.330,1.84604,1.8462,1.57,1.10
2015.12.10 04:51:33.634,1.84604,1.84621,1.85,1.07
2015.12.10 04:51:33.837,1.84609,1.84626,1.00,2.32
2015.12.10 04:51:34.344,1.8461,1.84628,1.10,2.70
2015.12.10 04:51:34.618,1.8461,1.84628,1.47,2.70
2015.12.10 04:51:35.643,1.8461,1.84628,1.95,2.70
2015.12.10 04:51:38.652,1.8461,1.84628,1.95,2.70
2015.12.10 04:51:40.616,1.8461,1.84628,2.70,2.70
2015.12.10 04:51:42.011,1.8461,1.84627,3.07,1.50
2015.12.10 04:51:43.013,1.8461,1.84628,2.70,2.70
2015.12.10 04:51:43.969,1.8461,1.84624,1.47,1.00
2015.12.10 04:51:44.021,1.8461,1.84622,1.00,1.00
2015.12.10 04:51:44.260,1.84606,1.84619,1.00,1.37
2015.12.10 04:51:44.311,1.84603,1.84616,1.57,1.00
2015.12.10 04:51:44.818,1.84601,1.84616,1.57,1.00
2015.12.10 04:51:47.290,1.84601,1.84615,1.37,1.00
2015.12.10 04:51:47.824,1.846,1.84615,1.47,1.00
2015.12.10 04:51:49.095,1.84601,1.84615,1.50,1.00
2015.12.10 04:51:52.685,1.846,1.84615,1.57,1.00
2015.12.10 04:51:53.202,1.84598,1.84616,1.85,1.10
2015.12.10 04:51:56.311,1.84597,1.84612,2.40,1.00
2015.12.10 04:51:56.466,1.84597,1.84612,1.20,1.00
2015.12.10 04:51:56.670,1.84596,1.8461,1.47,1.00
2015.12.10 04:51:58.500,1.84596,1.8461,1.10,1.00
2015.12.10 04:52:01.923,1.84594,1.8461,1.37,1.12
2015.12.10 04:52:02.790,1.84594,1.8461,1.37,1.00
2015.12.10 04:52:02.893,1.84595,1.84613,1.45,1.57
2015.12.10 04:52:02.994,1.84595,1.84609,1.07,1.00
2015.12.10 04:52:03.096,1.84595,1.84613,1.00,2.62
2015.12.10 04:52:03.198,1.84595,1.84613,1.20,1.57
2015.12.10 04:52:04.123,1.84595,1.84613,1.57,1.57
2015.12.10 04:52:04.528,1.84595,1.84609,1.57,1.00
2015.12.10 04:52:10.147,1.84595,1.8461,1.20,1.00
2015.12.10 04:52:10.653,1.84595,1.8461,1.95,1.00
2015.12.10 04:52:11.261,1.84595,1.84614,2.70,1.95
2015.12.10 04:52:13.109,1.84595,1.84613,2.70,1.37
2015.12.10 04:52:13.618,1.84595,1.84614,1.57,1.95
2015.12.10 04:52:14.227,1.84595,1.84613,1.95,1.37
2015.12.10 04:52:14.858,1.84595,1.84614,1.57,1.95
2015.12.10 04:52:17.408,1.84595,1.84614,1.57,1.20
2015.12.10 04:52:21.444,1.84595,1.84614,1.47,1.57
2015.12.10 04:52:23.059,1.84595,1.84611,1.47,1.00
2015.12.10 04:52:23.852,1.84597,1.84611,1.47,1.00
2015.12.10 04:52:26.268,1.84598,1.84611,1.37,1.00
2015.12.10 04:52:26.661,1.84596,1.84611,1.50,1.12
2015.12.10 04:52:28.457,1.84596,1.84613,1.50,1.00
2015.12.10 04:52:29.669,1.84596,1.84613,1.87,1.00
2015.12.10 04:52:30.218,1.84596,1.84613,1.50,1.00
2015.12.10 04:52:37.428,1.84595,1.84613,1.85,1.12
2015.12.10 04:52:37.885,1.84599,1.84613,1.37,1.00
2015.12.10 04:52:38.392,1.84598,1.84615,1.87,1.50
2015.12.10 04:52:38.950,1.84599,1.84615,1.47,1.75
2015.12.10 04:52:40.042,1.84599,1.84615,1.47,1.37
2015.12.10 04:52:50.647,1.84598,1.84615,1.10,1.47
2015.12.10 04:52:50.907,1.84595,1.84614,2.32,1.20
2015.12.10 04:52:51.261,1.84594,1.84612,1.00,1.00
2015.12.10 04:52:51.414,1.84594,1.8461,1.50,1.00
2015.12.10 04:52:53.503,1.84593,1.8461,1.57,1.00
2015.12.10 04:52:54.322,1.84592,1.8461,1.57,1.95
2015.12.10 04:52:54.935,1.84592,1.8461,1.10,1.20
2015.12.10 04:52:55.577,1.8459,1.84609,2.62,1.37
2015.12.10 04:52:55.781,1.84587,1.84607,1.50,1.57
2015.12.10 04:52:57.297,1.84588,1.84606,1.10,1.50
2015.12.10 04:52:58.464,1.84588,1.84606,1.50,1.50
2015.12.10 04:52:58.667,1.84591,1.84611,1.87,1.50
2015.12.10 04:52:58.972,1.84592,1.84612,2.02,1.57
2015.12.10 04:52:59.073,1.84594,1.84613,1.27,1.00
2015.12.10 04:52:59.632,1.84595,1.84613,1.00,1.00
2015.12.10 04:53:00.139,1.84595,1.84613,1.00,1.50
2015.12.10 04:53:00.646,1.84595,1.84613,1.00,1.00
2015.12.10 04:53:01.594,1.84595,1.84613,1.12,1.50
2015.12.10 04:53:04.631,1.84595,1.84613,1.00,1.00
2015.12.10 04:53:05.594,1.84595,1.84613,1.37,1.50
2015.12.10 04:53:06.589,1.84593,1.84613,3.00,1.50
2015.12.10 04:53:07.411,1.84595,1.84613,1.37,1.00
2015.12.10 04:53:07.918,1.84596,1.84614,1.57,1.37
2015.12.10 04:53:09.002,1.84597,1.84615,1.00,1.37
2015.12.10 04:53:09.154,1.84597,1.84618,1.87,2.02
2015.12.10 04:53:09.459,1.84601,1.84618,1.10,1.12
2015.12.10 04:53:09.764,1.84605,1.84621,1.37,1.37
2015.12.10 04:53:10.653,1.84604,1.84622,1.65,1.12
2015.12.10 04:53:11.157,1.84604,1.84622,1.65,1.00
2015.12.10 04:53:12.852,1.84605,1.84622,1.50,1.50
2015.12.10 04:53:13.421,1.84605,1.84622,1.00,1.00
2015.12.10 04:53:14.772,1.84605,1.8462,1.00,1.00
2015.12.10 04:53:15.654,1.84605,1.8462,1.50,1.12
2015.12.10 04:53:17.650,1.84605,1.8462,1.00,1.12
2015.12.10 04:53:18.248,1.84605,1.8462,1.50,1.12
2015.12.10 04:53:18.755,1.84603,1.8462,1.87,1.12
2015.12.10 04:53:21.603,1.84603,1.8462,1.12,1.50
2015.12.10 04:53:26.650,1.84603,1.8462,1.12,1.50
2015.12.10 04:53:27.612,1.84603,1.8462,1.12,1.50
2015.12.10 04:53:37.922,1.84603,1.8462,1.12,1.50
2015.12.10 04:53:39.766,1.84603,1.8462,1.12,1.50
2015.12.10 04:53:42.322,1.84603,1.84617,1.12,1.12
2015.12.10 04:53:42.373,1.846,1.84617,1.95,1.50
2015.12.10 04:53:42.817,1.84601,1.84614,1.47,1.00
2015.12.10 04:53:42.868,1.846,1.84614,1.00,1.00
2015.12.10 04:53:44.070,1.84599,1.84614,1.00,1.00
2015.12.10 04:53:44.586,1.84599,1.84614,1.50,1.00
2015.12.10 04:53:45.637,1.84599,1.84614,1.75,1.00
2015.12.10 04:53:51.770,1.84599,1.84614,1.00,1.00
2015.12.10 04:53:52.380,1.84599,1.84614,1.50,1.00
2015.12.10 04:53:53.659,1.846,1.84616,1.12,1.12
2015.12.10 04:53:53.711,1.84603,1.84619,1.37,1.20
2015.12.10 04:53:53.762,1.84603,1.84619,1.37,1.10
2015.12.10 04:53:54.270,1.84602,1.8462,1.95,1.75
2015.12.10 04:53:54.777,1.84603,1.8462,1.47,1.75
2015.12.10 04:53:55.773,1.84602,1.84622,1.95,3.07
2015.12.10 04:53:56.078,1.84603,1.84622,1.57,3.07
2015.12.10 04:53:56.737,1.84604,1.84622,1.20,1.00
2015.12.10 04:53:57.471,1.84603,1.84622,2.25,1.00
2015.12.10 04:53:58.468,1.84603,1.84622,2.25,1.00
2015.12.10 04:54:00.424,1.84603,1.84623,1.82,1.50
2015.12.10 04:54:00.970,1.84606,1.84624,1.57,1.00
2015.12.10 04:54:02.523,1.84607,1.84626,1.47,2.32
2015.12.10 04:54:04.033,1.84606,1.84625,1.50,1.12
2015.12.10 04:54:06.408,1.84607,1.84625,1.50,1.82
2015.12.10 04:54:06.946,1.84606,1.84625,1.50,1.87
2015.12.10 04:54:07.609,1.84604,1.84625,3.37,1.87
2015.12.10 04:54:08.154,1.84605,1.84625,1.65,2.62
2015.12.10 04:54:08.677,1.84605,1.84625,1.20,2.25
2015.12.10 04:54:08.779,1.84605,1.84625,1.20,2.25
2015.12.10 04:54:11.917,1.84605,1.84621,1.50,1.00
2015.12.10 04:54:12.918,1.84605,1.84622,1.00,1.65
2015.12.10 04:54:14.039,1.84605,1.84621,1.50,1.00
2015.12.10 04:54:14.599,1.84605,1.84621,1.50,1.37
2015.12.10 04:54:15.361,1.84604,1.84622,1.50,2.02
2015.12.10 04:54:15.877,1.84605,1.84621,1.37,1.37
2015.12.10 04:54:16.131,1.84606,1.84623,1.07,1.45
2015.12.10 04:54:17.203,1.84605,1.84624,1.87,1.87
2015.12.10 04:54:18.000,1.84607,1.84624,1.12,1.12
2015.12.10 04:54:18.102,1.84608,1.84626,1.12,1.95
2015.12.10 04:54:22.822,1.8461,1.84627,1.37,1.87
2015.12.10 04:54:23.131,1.84613,1.84627,1.37,1.75
2015.12.10 04:54:24.887,1.84612,1.84628,1.47,1.75
2015.12.10 04:54:25.691,1.84611,1.84628,1.95,1.75
2015.12.10 04:54:26.198,1.84611,1.84628,1.50,2.32
2015.12.10 04:54:28.282,1.84609,1.84628,1.07,2.32
2015.12.10 04:54:41.110,1.84608,1.84625,1.57,1.00
2015.12.10 04:54:41.637,1.84608,1.84625,1.85,1.00
2015.12.10 04:54:43.311,1.84609,1.84625,1.20,1.00
2015.12.10 04:54:47.707,1.84608,1.84625,2.25,1.10
2015.12.10 04:54:54.100,1.84607,1.84624,1.95,1.12
2015.12.10 04:54:54.152,1.84606,1.84619,1.50,1.00
2015.12.10 04:54:54.203,1.84602,1.84617,2.25,1.57
2015.12.10 04:54:54.305,1.84599,1.84614,1.47,1.00
2015.12.10 04:54:54.407,1.84596,1.84614,2.25,1.50
2015.12.10 04:54:56.704,1.84597,1.84613,1.12,1.00
2015.12.10 04:54:57.105,1.84598,1.84615,1.12,1.57
2015.12.10 04:55:01.843,1.84606,1.84616,1.37,1.45
2015.12.10 04:55:01.945,1.84607,1.84617,1.37,1.00
2015.12.10 04:55:01.996,1.84607,1.84621,1.37,1.75
2015.12.10 04:55:02.047,1.84611,1.84621,1.37,1.50
2015.12.10 04:55:02.200,1.84614,1.84627,1.50,1.50
2015.12.10 04:55:02.252,1.84614,1.84627,1.87,1.12
2015.12.10 04:55:02.353,1.84619,1.84627,1.37,1.00
2015.12.10 04:55:02.883,1.84619,1.84628,1.37,1.00
2015.12.10 04:55:03.429,1.84618,1.84628,1.37,1.00
2015.12.10 04:55:03.979,1.84619,1.84628,1.37,1.00
2015.12.10 04:55:04.979,1.84618,1.84628,1.37,1.00
2015.12.10 04:55:05.193,1.84618,1.8463,1.37,1.00
2015.12.10 04:55:05.598,1.84618,1.84632,1.37,1.00
2015.12.10 04:55:07.216,1.84618,1.84631,1.37,1.00
2015.12.10 04:55:07.520,1.84619,1.84628,1.37,1.00
2015.12.10 04:55:07.571,1.84616,1.84628,1.57,1.00
2015.12.10 04:55:07.927,1.84616,1.8463,1.57,1.00
2015.12.10 04:55:08.676,1.84617,1.8463,1.37,1.00
2015.12.10 04:55:09.200,1.84616,1.8463,1.57,1.00
2015.12.10 04:55:09.633,1.84617,1.84634,1.37,1.50
2015.12.10 04:55:10.139,1.84616,1.84634,1.57,1.87
2015.12.10 04:55:10.646,1.84617,1.84634,1.00,1.00
2015.12.10 04:55:11.152,1.84617,1.84634,1.87,1.12
2015.12.10 04:55:11.759,1.84617,1.84634,1.12,1.00
2015.12.10 04:55:12.984,1.84617,1.84634,1.37,1.87
2015.12.10 04:55:13.604,1.84617,1.84634,1.00,1.50
2015.12.10 04:55:14.304,1.84617,1.84634,1.50,1.87
2015.12.10 04:55:14.914,1.84617,1.84633,1.37,1.00
2015.12.10 04:55:15.551,1.84617,1.84632,1.37,1.00
2015.12.10 04:55:15.907,1.84616,1.84632,1.57,1.37
2015.12.10 04:55:16.212,1.84615,1.84627,1.47,1.00
2015.12.10 04:55:16.725,1.84614,1.84627,1.57,1.00
2015.12.10 04:55:17.778,1.84613,1.84627,1.47,1.00
2015.12.10 04:55:21.107,1.84613,1.84626,1.47,1.00
2015.12.10 04:55:22.876,1.84612,1.84626,1.50,1.00
2015.12.10 04:55:24.178,1.84613,1.84626,1.47,1.00
2015.12.10 04:55:25.188,1.84612,1.84626,1.87,1.00
2015.12.10 04:55:26.185,1.84613,1.84626,1.47,1.00
2015.12.10 04:55:27.183,1.84613,1.84626,1.10,1.00
2015.12.10 04:55:28.185,1.84613,1.84626,1.47,1.00
2015.12.10 04:55:29.187,1.84613,1.84626,1.10,1.00
2015.12.10 04:55:31.129,1.84612,1.84626,1.87,1.00
2015.12.10 04:55:32.171,1.84613,1.84626,1.10,1.00
2015.12.10 04:55:32.931,1.84613,1.84626,1.57,1.00
2015.12.10 04:55:33.394,1.84613,1.84628,1.47,1.00
2015.12.10 04:55:38.228,1.84613,1.84628,1.10,1.00
2015.12.10 04:55:38.765,1.84613,1.84629,1.10,1.10
2015.12.10 04:55:40.324,1.84613,1.84629,1.57,1.10
2015.12.10 04:55:40.672,1.84616,1.84631,1.00,2.62
2015.12.10 04:55:40.724,1.84616,1.84631,1.10,1.10
2015.12.10 04:55:41.264,1.84616,1.84631,3.00,1.00
2015.12.10 04:55:42.743,1.84617,1.84631,1.57,1.00
2015.12.10 04:55:44.742,1.84616,1.84631,3.00,1.00
2015.12.10 04:55:45.563,1.84617,1.84631,1.65,1.00
2015.12.10 04:55:48.930,1.84616,1.84631,3.00,1.00
2015.12.10 04:55:50.455,1.84617,1.84631,1.57,1.00
2015.12.10 04:55:53.369,1.84616,1.84633,3.00,1.00
2015.12.10 04:55:55.549,1.84616,1.84633,1.50,1.12
2015.12.10 04:55:55.600,1.84616,1.84633,1.00,1.50
2015.12.10 04:55:55.753,1.84615,1.84629,1.65,1.00
2015.12.10 04:55:56.316,1.84614,1.84629,1.45,1.00
2015.12.10 04:56:00.576,1.84614,1.84632,1.50,1.65
2015.12.10 04:56:00.829,1.84614,1.84632,1.87,1.57
2015.12.10 04:56:09.325,1.84616,1.84632,2.25,1.12
2015.12.10 04:56:10.346,1.84616,1.84632,1.82,1.00
2015.12.10 04:56:15.282,1.84615,1.84632,1.20,1.12
2015.12.10 04:56:15.896,1.84613,1.84632,1.95,2.25
2015.12.10 04:56:16.489,1.84614,1.84629,1.37,1.00
2015.12.10 04:56:16.793,1.84612,1.84629,1.87,1.00
2015.12.10 04:56:18.196,1.84612,1.84629,1.12,1.10
2015.12.10 04:56:18.820,1.84612,1.84629,1.50,1.20
2015.12.10 04:56:20.790,1.84611,1.84629,1.95,1.10
2015.12.10 04:56:21.429,1.84612,1.84629,1.37,1.20
2015.12.10 04:56:22.017,1.84611,1.8463,1.95,2.70
2015.12.10 04:56:24.605,1.84612,1.8463,1.37,3.45
2015.12.10 04:56:25.508,1.84611,1.8463,1.95,2.70
2015.12.10 04:56:26.995,1.84612,1.84629,1.37,1.20
2015.12.10 04:56:27.583,1.84611,1.84629,1.95,1.10
2015.12.10 04:56:28.090,1.84612,1.84629,1.37,1.10
2015.12.10 04:56:28.394,1.84612,1.84632,1.50,2.62
2015.12.10 04:56:28.496,1.84614,1.84632,1.37,1.12
2015.12.10 04:56:29.002,1.84615,1.84632,1.00,1.00
2015.12.10 04:56:30.457,1.84614,1.84632,1.20,1.00
2015.12.10 04:56:30.967,1.84616,1.84632,1.50,1.00
2015.12.10 04:56:37.255,1.84616,1.84632,1.12,1.00
2015.12.10 04:56:38.774,1.84616,1.84633,1.12,1.00
2015.12.10 04:56:39.182,1.84616,1.84633,1.47,1.00
2015.12.10 04:56:40.482,1.84616,1.84635,1.47,1.12
2015.12.10 04:56:40.685,1.84616,1.84635,1.47,1.12
2015.12.10 04:56:41.720,1.84616,1.84635,1.95,1.50
2015.12.10 04:56:42.710,1.84616,1.84635,1.95,1.50
2015.12.10 04:56:44.693,1.84616,1.84635,1.95,1.50
2015.12.10 04:56:45.707,1.84616,1.84635,1.47,1.12
2015.12.10 04:56:48.685,1.84616,1.84635,1.47,1.12
2015.12.10 04:56:51.736,1.84616,1.84635,1.95,1.50
2015.12.10 04:56:52.720,1.84616,1.84635,1.95,1.50
2015.12.10 04:56:53.742,1.84616,1.84635,1.95,1.50
2015.12.10 04:56:56.705,1.84616,1.84635,1.47,1.12
2015.12.10 04:56:57.249,1.84616,1.84634,1.47,1.00
2015.12.10 04:56:57.810,1.84616,1.84634,1.47,1.00
2015.12.10 04:56:58.750,1.84616,1.84634,1.95,1.00
2015.12.10 04:56:59.708,1.84616,1.84634,1.95,1.00
2015.12.10 04:57:00.738,1.84616,1.84634,1.47,1.00
2015.12.10 04:57:01.721,1.84616,1.84634,1.95,1.00
2015.12.10 04:57:02.329,1.84616,1.84635,1.95,2.25
2015.12.10 04:57:02.817,1.84616,1.84635,1.95,2.25
2015.12.10 04:57:03.809,1.84616,1.84635,1.95,2.25
2015.12.10 04:57:04.825,1.84616,1.84635,1.95,2.25
2015.12.10 04:57:05.825,1.84616,1.84635,1.95,2.25
2015.12.10 04:57:10.824,1.84616,1.84635,1.47,1.12
2015.12.10 04:57:11.791,1.84616,1.84635,1.47,1.12
2015.12.10 04:57:12.575,1.84618,1.84637,1.12,2.32
2015.12.10 04:57:13.087,1.8462,1.84638,1.37,1.57
2015.12.10 04:57:13.602,1.8462,1.84638,1.57,1.12
2015.12.10 04:57:14.106,1.8462,1.84638,1.57,1.12
2015.12.10 04:57:14.760,1.8462,1.84638,1.27,1.12
2015.12.10 04:57:15.708,1.8462,1.84638,1.65,1.87
2015.12.10 04:57:17.716,1.84619,1.84638,2.25,1.12
2015.12.10 04:57:18.266,1.84619,1.84638,2.25,1.12
2015.12.10 04:57:19.863,1.84619,1.84638,2.25,1.12
2015.12.10 04:57:20.394,1.84621,1.84638,1.00,1.87
2015.12.10 04:57:20.700,1.84618,1.84637,1.37,1.47
2015.12.10 04:57:21.236,1.84618,1.84637,1.37,1.47
2015.12.10 04:57:21.638,1.84617,1.84634,1.20,1.37
2015.12.10 04:57:22.299,1.84617,1.84635,1.20,1.47
2015.12.10 04:57:22.502,1.84618,1.84636,1.12,1.12
2015.12.10 04:57:22.705,1.84618,1.84636,1.12,1.87
2015.12.10 04:57:23.586,1.84618,1.84636,1.12,1.12
2015.12.10 04:57:24.133,1.84618,1.84636,1.12,1.12
2015.12.10 04:57:24.663,1.84618,1.84636,2.25,1.12
2015.12.10 04:57:25.472,1.84618,1.84636,2.25,1.12
2015.12.10 04:57:26.486,1.84618,1.84636,2.25,1.12
2015.12.10 04:57:28.715,1.8462,1.84636,1.00,1.87
2015.12.10 04:57:30.291,1.84616,1.84636,2.32,1.95
2015.12.10 04:57:32.729,1.84616,1.84636,2.02,1.27
2015.12.10 04:57:33.732,1.84617,1.84636,1.75,2.02
2015.12.10 04:57:35.743,1.84616,1.84636,2.02,1.27
2015.12.10 04:57:37.321,1.84616,1.84636,2.02,1.27
2015.12.10 04:57:37.858,1.84617,1.84636,1.75,2.02
2015.12.10 04:57:39.752,1.84616,1.84636,2.02,1.27
2015.12.10 04:57:42.313,1.84616,1.84636,2.02,1.27
2015.12.10 04:57:44.344,1.84616,1.84636,2.02,1.27
2015.12.10 04:57:44.994,1.84617,1.84636,1.75,2.02
2015.12.10 04:57:45.617,1.84617,1.84636,1.75,2.02
2015.12.10 04:57:47.752,1.84616,1.84636,2.02,1.27
2015.12.10 04:57:48.754,1.84617,1.84636,1.75,2.02
2015.12.10 04:57:49.358,1.84617,1.84636,1.75,2.02
2015.12.10 04:57:52.215,1.84617,1.84634,1.75,1.12
2015.12.10 04:57:52.902,1.84614,1.84632,1.87,1.37
2015.12.10 04:57:52.953,1.84614,1.84632,1.87,1.37
2015.12.10 04:57:53.553,1.84614,1.84633,1.12,1.47
2015.12.10 04:57:54.267,1.84614,1.84632,1.87,1.37
2015.12.10 04:57:56.725,1.84615,1.84632,1.47,1.37
2015.12.10 04:57:57.361,1.84616,1.84633,1.57,1.50
2015.12.10 04:57:57.774,1.84616,1.84634,1.57,1.50
2015.12.10 04:57:58.737,1.84616,1.84634,1.57,1.87
2015.12.10 04:57:59.822,1.84616,1.84634,1.57,1.87
2015.12.10 04:58:00.025,1.84612,1.84629,1.87,1.82
2015.12.10 04:58:00.076,1.84611,1.84625,1.00,1.37
2015.12.10 04:58:01.228,1.84607,1.84624,1.87,1.50
2015.12.10 04:58:01.585,1.84608,1.84626,1.87,1.37
2015.12.10 04:58:03.564,1.84609,1.84627,1.12,2.62
2015.12.10 04:58:05.777,1.84608,1.84627,1.50,2.62
2015.12.10 04:58:07.374,1.84608,1.84626,2.25,1.37
2015.12.10 04:58:08.880,1.84609,1.84626,1.00,1.37
2015.12.10 04:58:09.565,1.84608,1.84627,1.50,2.62
2015.12.10 04:58:10.099,1.84608,1.84627,1.50,2.62
2015.12.10 04:58:10.847,1.84608,1.84627,1.50,2.62
2015.12.10 04:58:11.763,1.84609,1.84626,1.00,1.37
2015.12.10 04:58:13.613,1.84608,1.84627,1.50,2.62
2015.12.10 04:58:14.121,1.84608,1.84627,1.50,2.62
2015.12.10 04:58:15.495,1.84608,1.84626,2.25,1.37
2015.12.10 04:58:16.022,1.84607,1.84626,2.40,1.37
2015.12.10 04:58:16.964,1.84607,1.84626,2.02,1.37
2015.12.10 04:58:17.908,1.84608,1.84626,1.50,1.87
2015.12.10 04:58:19.328,1.84607,1.84626,1.65,1.37
2015.12.10 04:58:19.915,1.84608,1.84626,1.37,1.87
2015.12.10 04:58:21.900,1.84608,1.84626,1.00,1.37
2015.12.10 04:58:26.288,1.84608,1.84622,1.10,1.00
2015.12.10 04:58:26.440,1.84604,1.84621,1.95,1.20
2015.12.10 04:58:26.987,1.84602,1.84621,1.57,3.00
2015.12.10 04:58:27.088,1.84601,1.84618,1.45,1.37
2015.12.10 04:58:27.393,1.84599,1.84615,2.25,1.12
2015.12.10 04:58:27.999,1.84599,1.84616,2.25,1.50
2015.12.10 04:58:28.101,1.846,1.84616,1.20,1.75
2015.12.10 04:58:33.492,1.846,1.84617,1.20,1.27
2015.12.10 04:58:34.051,1.846,1.84617,1.20,1.57
2015.12.10 04:58:37.382,1.84599,1.84618,2.62,2.62
2015.12.10 04:58:38.332,1.84599,1.84618,2.62,1.45
2015.12.10 04:58:39.393,1.84601,1.84619,1.50,1.95
2015.12.10 04:58:40.294,1.84601,1.84619,1.50,1.95
2015.12.10 04:58:43.433,1.84602,1.84619,1.07,1.95
2015.12.10 04:58:45.970,1.84602,1.84618,1.10,1.37
2015.12.10 04:58:46.277,1.84594,1.84608,1.85,1.00
2015.12.10 04:58:47.248,1.84593,1.84608,1.45,1.00
2015.12.10 04:58:47.472,1.84595,1.84612,1.87,1.12
2015.12.10 04:58:48.009,1.84597,1.84612,1.57,1.12
2015.12.10 04:58:49.427,1.84596,1.8461,2.25,1.00
2015.12.10 04:58:50.138,1.84596,1.8461,1.87,1.00
2015.12.10 04:58:50.444,1.84595,1.84608,1.95,1.00
2015.12.10 04:58:51.341,1.84595,1.84612,1.20,1.95
2015.12.10 04:58:54.290,1.84595,1.84612,1.07,1.57
2015.12.10 04:58:55.963,1.84594,1.84612,1.95,1.95
2015.12.10 04:58:57.146,1.84593,1.84611,1.50,1.95
2015.12.10 04:58:59.155,1.84593,1.84611,1.12,1.47
2015.12.10 04:59:00.279,1.84594,1.84612,1.12,2.62
2015.12.10 04:59:00.955,1.84593,1.84612,2.25,1.87
2015.12.10 04:59:01.587,1.84593,1.84612,2.25,1.87
2015.12.10 04:59:03.610,1.84593,1.84612,2.25,1.87
2015.12.10 04:59:09.608,1.84592,1.84612,1.95,1.87
2015.12.10 04:59:10.611,1.84593,1.84612,1.12,2.25
2015.12.10 04:59:11.598,1.84593,1.84612,1.12,2.25
2015.12.10 04:59:13.324,1.84592,1.84612,1.95,1.12
2015.12.10 04:59:16.328,1.84592,1.84612,1.95,1.12
2015.12.10 04:59:17.454,1.8459,1.84608,1.50,1.95
2015.12.10 04:59:17.658,1.84592,1.84609,1.37,1.07
2015.12.10 04:59:17.962,1.84594,1.84612,1.50,2.70
2015.12.10 04:59:19.145,1.84594,1.84611,1.87,1.47
2015.12.10 04:59:21.036,1.84595,1.84612,1.07,1.95
2015.12.10 04:59:22.012,1.84595,1.84611,1.07,1.47
2015.12.10 04:59:26.319,1.84595,1.84612,1.07,1.07
2015.12.10 04:59:28.890,1.84596,1.84612,1.47,1.07
2015.12.10 04:59:30.024,1.84595,1.84613,2.70,1.50
2015.12.10 04:59:30.826,1.84596,1.84612,1.57,1.07
2015.12.10 04:59:31.366,1.84596,1.84613,1.10,1.12
2015.12.10 04:59:31.417,1.84596,1.84613,1.50,1.20
2015.12.10 04:59:31.519,1.84595,1.84612,1.12,1.87
2015.12.10 04:59:31.570,1.84594,1.84612,1.87,1.95
2015.12.10 04:59:32.077,1.84593,1.8461,1.12,2.25
2015.12.10 04:59:32.408,1.84592,1.84609,2.32,1.85
2015.12.10 04:59:33.091,1.84592,1.84609,2.32,1.85
2015.12.10 04:59:34.731,1.8459,1.84608,1.57,2.62
2015.12.10 04:59:34.784,1.8459,1.84608,1.10,2.70
2015.12.10 04:59:34.835,1.84589,1.84605,1.47,1.57
2015.12.10 04:59:34.936,1.84588,1.84605,1.10,1.95
2015.12.10 04:59:36.834,1.84587,1.84605,1.57,1.57
2015.12.10 04:59:37.824,1.84587,1.84605,1.57,1.57
2015.12.10 04:59:38.333,1.84587,1.84604,1.65,1.87
2015.12.10 04:59:38.840,1.84585,1.84603,1.12,1.57
2015.12.10 04:59:44.710,1.84584,1.84603,2.25,1.20
2015.12.10 04:59:46.065,1.84584,1.84603,1.50,1.50
2015.12.10 04:59:47.964,1.84584,1.84603,1.50,1.50
2015.12.10 04:59:50.983,1.84584,1.84603,1.12,1.12
2015.12.10 04:59:51.985,1.84584,1.84603,1.12,1.12
2015.12.10 04:59:55.247,1.84584,1.84603,1.50,1.50
2015.12.10 04:59:55.849,1.84585,1.84603,1.75,1.45
2015.12.10 04:59:55.950,1.8459,1.84605,1.00,1.95
2015.12.10 04:59:56.560,1.8459,1.84607,1.00,4.50
2015.12.10 04:59:57.168,1.84589,1.84607,1.75,4.50
2015.12.10 04:59:58.188,1.84589,1.84607,1.75,4.50
