2013.04.04 16:00:00.259,1.46071,1.46088,3.15,1.13
2013.04.04 16:00:00.328,1.46071,1.46094,2.40,1.88
2013.04.04 16:00:00.401,1.46074,1.46094,1.65,1.13
2013.04.04 16:00:00.729,1.46072,1.46094,1.65,2.82
2013.04.04 16:00:01.296,1.46072,1.46092,1.65,1.13
2013.04.04 16:00:01.598,1.46078,1.46097,1.05,1.50
2013.04.04 16:00:01.736,1.46077,1.46098,3.60,1.50
2013.04.04 16:00:01.931,1.46087,1.46103,1.50,2.63
2013.04.04 16:00:02.238,1.46087,1.46106,1.50,2.10
2013.04.04 16:00:02.308,1.46087,1.46108,1.50,1.73
2013.04.04 16:00:02.377,1.46087,1.46109,1.50,1.65
2013.04.04 16:00:02.436,1.46085,1.46109,2.25,2.40
2013.04.04 16:00:02.497,1.46085,1.46105,1.50,1.50
2013.04.04 16:00:02.556,1.46084,1.46105,1.50,1.50
2013.04.04 16:00:02.678,1.46086,1.46108,2.25,1.50
2013.04.04 16:00:02.747,1.46087,1.46109,1.50,1.50
2013.04.04 16:00:03.297,1.46088,1.4611,2.25,1.50
2013.04.04 16:00:03.837,1.4609,1.46111,1.50,1.50
2013.04.04 16:00:04.346,1.46091,1.46114,1.50,3.00
2013.04.04 16:00:04.886,1.46091,1.46113,1.50,1.50
2013.04.04 16:00:05.377,1.46092,1.46114,3.00,1.50
2013.04.04 16:00:05.508,1.46094,1.46114,1.50,1.50
2013.04.04 16:00:05.699,1.46093,1.46116,1.50,2.25
2013.04.04 16:00:08.424,1.46093,1.46114,1.50,1.50
2013.04.04 16:00:09.275,1.46093,1.46116,2.25,2.25
2013.04.04 16:00:09.397,1.46093,1.46115,1.50,1.50
2013.04.04 16:00:09.646,1.46093,1.46117,3.60,1.50
2013.04.04 16:00:10.717,1.46095,1.46117,1.28,1.50
2013.04.04 16:00:11.135,1.46093,1.46117,2.85,2.25
2013.04.04 16:00:11.638,1.46093,1.46114,2.10,2.40
2013.04.04 16:00:11.707,1.46093,1.46112,1.28,1.50
2013.04.04 16:00:11.956,1.46088,1.46108,1.50,1.50
2013.04.04 16:00:12.208,1.46091,1.46112,1.65,1.50
2013.04.04 16:00:12.737,1.46092,1.46112,1.65,1.50
2013.04.04 16:00:14.165,1.46091,1.46115,1.65,1.50
2013.04.04 16:00:14.670,1.46093,1.46114,1.65,1.50
2013.04.04 16:00:15.108,1.4609,1.46115,2.18,1.50
2013.04.04 16:00:15.248,1.4609,1.4611,1.65,1.50
2013.04.04 16:00:15.389,1.46089,1.4611,1.88,1.50
2013.04.04 16:00:15.520,1.46088,1.46109,2.25,2.25
2013.04.04 16:00:15.587,1.46088,1.46109,1.50,2.25
2013.04.04 16:00:15.966,1.46087,1.46109,1.50,2.25
2013.04.04 16:00:17.086,1.46085,1.46107,1.65,1.13
2013.04.04 16:00:19.298,1.46084,1.46106,2.78,1.50
2013.04.04 16:00:20.017,1.46084,1.46107,2.03,1.50
2013.04.04 16:00:20.386,1.46087,1.46107,1.88,1.50
2013.04.04 16:00:20.979,1.46087,1.46107,1.13,2.25
2013.04.04 16:00:21.665,1.46087,1.46107,1.28,1.50
2013.04.04 16:00:22.147,1.46088,1.46105,1.13,1.50
2013.04.04 16:00:22.386,1.46088,1.46107,1.65,2.25
2013.04.04 16:00:22.628,1.4609,1.46104,1.13,1.50
2013.04.04 16:00:23.470,1.46083,1.46102,1.05,1.50
2013.04.04 16:00:24.028,1.46082,1.46098,1.13,1.50
2013.04.04 16:00:24.217,1.46082,1.46094,1.13,1.50
2013.04.04 16:00:24.285,1.46079,1.46094,1.28,1.50
2013.04.04 16:00:24.406,1.46076,1.46094,1.65,1.50
2013.04.04 16:00:24.468,1.46085,1.46099,1.13,2.03
2013.04.04 16:00:24.537,1.46085,1.461,1.88,2.78
2013.04.04 16:00:24.847,1.46082,1.461,1.05,1.50
2013.04.04 16:00:24.918,1.46078,1.46099,2.33,1.50
2013.04.04 16:00:24.987,1.46078,1.46099,1.43,2.25
2013.04.04 16:00:25.107,1.46082,1.46099,1.13,2.40
2013.04.04 16:00:25.257,1.46082,1.46099,1.13,2.40
2013.04.04 16:00:27.500,1.46082,1.46095,1.13,1.13
2013.04.04 16:00:27.699,1.46077,1.46091,1.28,1.65
2013.04.04 16:00:27.770,1.46067,1.46087,1.50,1.50
2013.04.04 16:00:28.076,1.46066,1.46087,1.65,1.50
2013.04.04 16:00:28.746,1.46066,1.46088,1.65,2.40
2013.04.04 16:00:32.120,1.46064,1.46087,1.65,2.25
2013.04.04 16:00:32.728,1.46064,1.46087,1.65,1.50
2013.04.04 16:00:33.058,1.46066,1.46087,1.28,2.25
2013.04.04 16:00:33.487,1.46068,1.4609,2.18,2.25
2013.04.04 16:00:34.029,1.4607,1.4609,1.28,1.50
2013.04.04 16:00:34.336,1.46071,1.46089,1.13,1.50
2013.04.04 16:00:34.837,1.46071,1.4609,1.88,1.50
2013.04.04 16:00:37.530,1.46071,1.4609,1.50,1.50
2013.04.04 16:00:37.608,1.46069,1.4609,1.65,2.25
2013.04.04 16:00:37.677,1.46071,1.4609,1.50,1.50
2013.04.04 16:00:37.927,1.46073,1.46093,1.65,1.50
2013.04.04 16:00:38.607,1.46073,1.46095,2.40,1.65
2013.04.04 16:00:38.666,1.46073,1.46095,1.50,1.65
2013.04.04 16:00:39.397,1.46072,1.46093,1.50,1.65
2013.04.04 16:00:39.458,1.46073,1.46093,1.65,1.50
2013.04.04 16:00:40.183,1.46072,1.46095,2.63,1.65
2013.04.04 16:00:41.228,1.46075,1.46097,2.40,1.28
2013.04.04 16:00:41.417,1.46077,1.46098,1.65,2.25
2013.04.04 16:00:41.849,1.46076,1.46096,1.50,1.65
2013.04.04 16:00:41.920,1.46072,1.46092,1.50,1.80
2013.04.04 16:00:41.987,1.46071,1.46091,1.65,1.65
2013.04.04 16:00:42.068,1.4607,1.4609,1.50,1.65
2013.04.04 16:00:42.376,1.46067,1.46088,2.25,1.65
2013.04.04 16:00:43.467,1.46064,1.46083,2.25,1.50
2013.04.04 16:00:43.977,1.46062,1.46083,2.40,1.50
2013.04.04 16:00:45.866,1.46061,1.46082,1.65,1.50
2013.04.04 16:00:46.008,1.46059,1.46081,2.55,1.65
2013.04.04 16:00:46.590,1.46059,1.46081,1.65,2.40
2013.04.04 16:00:53.039,1.46059,1.46079,1.65,2.25
2013.04.04 16:00:53.168,1.46059,1.46078,1.50,1.65
2013.04.04 16:00:53.299,1.46053,1.46074,1.80,1.50
2013.04.04 16:00:53.427,1.46053,1.46072,1.80,2.25
2013.04.04 16:00:53.557,1.46049,1.46072,1.65,2.40
2013.04.04 16:00:54.106,1.46049,1.46072,2.40,2.78
2013.04.04 16:00:55.389,1.46049,1.46069,2.40,1.50
2013.04.04 16:00:58.838,1.46049,1.46068,1.65,1.50
2013.04.04 16:01:00.514,1.46049,1.46069,1.65,1.50
2013.04.04 16:01:00.650,1.46049,1.46069,1.65,1.50
2013.04.04 16:01:01.169,1.46047,1.46068,1.50,1.65
2013.04.04 16:01:01.616,1.46047,1.46066,1.50,1.13
2013.04.04 16:01:02.797,1.46046,1.46066,1.65,1.13
2013.04.04 16:01:03.477,1.46046,1.46068,1.65,1.50
2013.04.04 16:01:04.107,1.46045,1.46068,1.58,1.65
2013.04.04 16:01:06.719,1.46042,1.46061,1.65,1.88
2013.04.04 16:01:07.040,1.46039,1.46051,1.50,1.65
2013.04.04 16:01:07.368,1.46032,1.4605,1.50,1.50
2013.04.04 16:01:07.438,1.46029,1.4605,1.65,1.50
2013.04.04 16:01:07.568,1.46029,1.46048,1.50,1.50
2013.04.04 16:01:07.637,1.46024,1.46046,1.80,1.50
2013.04.04 16:01:08.078,1.46025,1.46046,1.80,1.28
2013.04.04 16:01:08.148,1.46026,1.46046,1.88,1.28
2013.04.04 16:01:08.359,1.46026,1.46046,1.65,2.03
2013.04.04 16:01:08.606,1.46025,1.46043,1.88,1.50
2013.04.04 16:01:08.668,1.46025,1.46043,1.50,2.18
2013.04.04 16:01:08.737,1.46018,1.46042,2.40,1.65
2013.04.04 16:01:08.797,1.46018,1.46036,1.65,1.50
2013.04.04 16:01:09.346,1.46016,1.46036,1.13,1.50
2013.04.04 16:01:10.118,1.46016,1.46037,1.13,2.25
2013.04.04 16:01:10.417,1.46016,1.46036,1.88,1.50
2013.04.04 16:01:10.547,1.46013,1.46035,1.88,1.50
2013.04.04 16:01:10.606,1.46013,1.46035,1.13,1.50
2013.04.04 16:01:11.839,1.46012,1.46031,1.65,1.50
2013.04.04 16:01:12.907,1.46009,1.4603,1.88,1.50
2013.04.04 16:01:13.218,1.46012,1.46031,1.88,1.50
2013.04.04 16:01:13.538,1.46017,1.46033,1.13,1.50
2013.04.04 16:01:18.057,1.46017,1.46035,1.88,1.28
2013.04.04 16:01:21.688,1.46017,1.46037,1.88,1.50
2013.04.04 16:01:24.227,1.46017,1.46036,1.88,2.03
2013.04.04 16:01:24.418,1.46021,1.46036,1.13,1.28
2013.04.04 16:01:24.617,1.46021,1.46039,1.88,1.65
2013.04.04 16:01:24.687,1.46019,1.46038,1.05,1.50
2013.04.04 16:01:24.757,1.46016,1.46037,1.88,2.25
2013.04.04 16:01:26.266,1.46016,1.46036,1.88,2.03
2013.04.04 16:01:26.978,1.46016,1.46036,1.88,2.03
2013.04.04 16:01:27.539,1.46017,1.46037,2.40,1.50
2013.04.04 16:01:29.938,1.46019,1.46038,1.65,1.50
2013.04.04 16:01:30.009,1.4602,1.46039,1.13,1.50
2013.04.04 16:01:30.084,1.46032,1.46043,1.50,1.69
2013.04.04 16:01:30.159,1.4604,1.46048,1.50,2.25
2013.04.04 16:01:30.236,1.46041,1.4605,1.50,1.50
2013.04.04 16:01:30.302,1.46045,1.46054,1.50,1.13
2013.04.04 16:01:30.369,1.46048,1.46059,1.50,1.13
2013.04.04 16:01:30.497,1.46048,1.4606,1.50,1.13
2013.04.04 16:01:30.630,1.46047,1.46068,1.28,1.50
2013.04.04 16:01:30.699,1.46045,1.46068,2.10,1.50
2013.04.04 16:01:30.767,1.46044,1.46067,2.25,1.50
2013.04.04 16:01:30.959,1.46041,1.46064,2.40,1.50
2013.04.04 16:01:31.047,1.46044,1.46066,1.50,2.03
2013.04.04 16:01:31.349,1.46043,1.46064,1.88,2.03
2013.04.04 16:01:31.660,1.46042,1.4606,1.65,1.50
2013.04.04 16:01:31.788,1.46038,1.46058,2.03,1.50
2013.04.04 16:01:32.304,1.46037,1.46058,1.50,1.50
2013.04.04 16:01:32.887,1.46036,1.46058,1.50,1.50
2013.04.04 16:01:34.610,1.46037,1.46058,1.50,2.03
2013.04.04 16:01:34.679,1.46036,1.46057,1.50,1.28
2013.04.04 16:01:35.132,1.46036,1.46053,1.50,1.50
2013.04.04 16:01:35.258,1.46032,1.4605,1.50,1.65
2013.04.04 16:01:35.333,1.46025,1.46043,3.08,1.50
2013.04.04 16:01:35.647,1.46024,1.46046,1.50,1.65
2013.04.04 16:01:35.768,1.46022,1.46044,1.50,2.40
2013.04.04 16:01:36.319,1.4602,1.46044,1.28,2.40
2013.04.04 16:01:36.831,1.46019,1.46041,1.65,1.50
2013.04.04 16:01:37.179,1.46023,1.46043,1.13,1.50
2013.04.04 16:01:37.738,1.46023,1.46043,1.13,1.50
2013.04.04 16:01:38.428,1.46023,1.46043,1.13,1.50
2013.04.04 16:01:38.987,1.46023,1.46043,1.13,2.25
2013.04.04 16:01:40.178,1.46023,1.46044,1.88,1.50
2013.04.04 16:01:40.308,1.4603,1.46045,1.13,1.28
2013.04.04 16:01:41.233,1.46032,1.46049,1.13,1.50
2013.04.04 16:01:41.749,1.46032,1.46051,1.13,1.28
2013.04.04 16:01:41.819,1.46032,1.46052,1.88,1.28
2013.04.04 16:01:42.320,1.46032,1.46054,1.88,2.78
2013.04.04 16:01:43.238,1.46032,1.46053,1.88,1.50
2013.04.04 16:01:43.428,1.46032,1.46053,1.88,1.50
2013.04.04 16:01:43.867,1.46034,1.46053,1.65,1.50
2013.04.04 16:01:47.417,1.46031,1.46053,2.40,1.50
2013.04.04 16:01:47.956,1.46029,1.46051,1.65,1.28
2013.04.04 16:01:48.948,1.46026,1.4605,2.40,2.93
2013.04.04 16:01:49.420,1.46026,1.46047,1.50,1.50
2013.04.04 16:01:49.489,1.46025,1.46042,1.84,1.80
2013.04.04 16:01:49.618,1.46021,1.46038,1.13,1.65
2013.04.04 16:01:49.687,1.46019,1.46038,1.88,1.65
2013.04.04 16:01:49.999,1.46021,1.46041,2.03,1.28
2013.04.04 16:01:50.067,1.46022,1.46043,1.65,1.28
2013.04.04 16:01:50.558,1.46021,1.4604,1.28,1.50
2013.04.04 16:01:50.627,1.46018,1.4604,2.18,1.65
2013.04.04 16:01:50.810,1.46017,1.46038,2.25,1.65
2013.04.04 16:01:50.998,1.46014,1.46038,2.78,1.65
2013.04.04 16:01:52.717,1.46013,1.46037,2.74,1.65
2013.04.04 16:01:53.028,1.46015,1.46037,1.65,1.43
2013.04.04 16:01:54.359,1.46015,1.46037,1.65,1.43
2013.04.04 16:01:54.486,1.46014,1.46037,2.40,2.18
2013.04.04 16:01:54.606,1.46014,1.46037,1.65,2.03
2013.04.04 16:01:54.927,1.46014,1.46036,1.65,1.50
2013.04.04 16:01:56.980,1.46011,1.46032,1.65,1.50
2013.04.04 16:01:57.107,1.46011,1.46029,1.13,1.50
2013.04.04 16:01:57.297,1.46013,1.46032,1.13,2.03
2013.04.04 16:01:58.918,1.46012,1.46029,1.05,1.50
2013.04.04 16:01:58.988,1.4601,1.46029,1.05,1.50
2013.04.04 16:01:59.119,1.46007,1.46029,2.55,1.65
2013.04.04 16:01:59.189,1.46007,1.46027,1.80,1.50
2013.04.04 16:01:59.708,1.46006,1.46028,1.65,1.65
2013.04.04 16:01:59.837,1.46006,1.46028,1.65,1.65
2013.04.04 16:01:59.978,1.46007,1.46029,2.40,2.93
2013.04.04 16:02:00.168,1.46008,1.46031,2.40,1.50
2013.04.04 16:02:00.699,1.46008,1.46031,1.65,2.25
2013.04.04 16:02:00.888,1.46007,1.46027,2.59,1.13
2013.04.04 16:02:01.028,1.46004,1.46023,1.50,1.65
2013.04.04 16:02:01.105,1.46004,1.46023,1.65,1.50
2013.04.04 16:02:01.407,1.46009,1.46027,1.13,2.25
2013.04.04 16:02:01.477,1.46009,1.46027,1.13,1.50
2013.04.04 16:02:01.597,1.46009,1.46028,1.13,1.50
2013.04.04 16:02:02.078,1.46007,1.46027,2.03,1.50
2013.04.04 16:02:02.338,1.4601,1.46027,1.65,1.50
2013.04.04 16:02:02.597,1.46009,1.46031,1.65,2.03
2013.04.04 16:02:02.718,1.46008,1.46029,1.65,1.50
2013.04.04 16:02:02.906,1.46005,1.46024,2.33,1.50
2013.04.04 16:02:03.087,1.46001,1.46018,1.13,1.50
2013.04.04 16:02:03.157,1.45999,1.46018,1.65,1.50
2013.04.04 16:02:05.380,1.45998,1.46018,1.28,2.25
2013.04.04 16:02:05.687,1.45998,1.46018,1.50,1.50
2013.04.04 16:02:06.688,1.46,1.46018,1.65,1.50
2013.04.04 16:02:07.231,1.46,1.46018,1.65,1.50
2013.04.04 16:02:07.449,1.46,1.46019,1.65,1.50
2013.04.04 16:02:07.988,1.46001,1.46022,1.65,2.78
2013.04.04 16:02:08.498,1.46,1.4602,1.65,1.50
2013.04.04 16:02:09.018,1.46,1.4602,1.65,1.50
2013.04.04 16:02:09.449,1.46002,1.46022,1.88,1.50
2013.04.04 16:02:10.009,1.46004,1.46023,1.88,1.50
2013.04.04 16:02:12.849,1.46006,1.46023,1.50,1.50
2013.04.04 16:02:13.168,1.46019,1.4603,1.88,1.50
2013.04.04 16:02:13.238,1.46019,1.46036,1.88,1.88
2013.04.04 16:02:13.378,1.46012,1.46035,1.28,1.65
2013.04.04 16:02:13.508,1.46012,1.46036,1.50,2.55
2013.04.04 16:02:13.826,1.46011,1.46031,1.65,1.50
2013.04.04 16:02:17.323,1.46008,1.46028,2.40,1.50
2013.04.04 16:02:22.608,1.46011,1.46026,1.65,1.28
2013.04.04 16:02:22.678,1.46012,1.46029,1.65,1.50
2013.04.04 16:02:22.748,1.46015,1.46031,1.50,1.28
2013.04.04 16:02:25.008,1.46015,1.46031,1.50,1.50
2013.04.04 16:02:25.318,1.46011,1.4603,3.00,1.65
2013.04.04 16:02:25.629,1.46004,1.46022,1.28,1.50
2013.04.04 16:02:25.939,1.46004,1.46026,2.03,2.03
2013.04.04 16:02:26.817,1.46008,1.46028,2.03,1.50
2013.04.04 16:02:27.147,1.4601,1.46032,1.13,3.00
2013.04.04 16:02:27.338,1.46011,1.46032,1.13,2.25
2013.04.04 16:02:27.888,1.46018,1.46034,1.50,1.50
2013.04.04 16:02:27.957,1.46018,1.46035,1.65,1.50
2013.04.04 16:02:28.223,1.4602,1.46041,1.13,1.13
2013.04.04 16:02:28.773,1.46022,1.46042,1.65,1.13
2013.04.04 16:02:29.089,1.46022,1.46044,1.65,1.50
2013.04.04 16:02:29.654,1.46022,1.46044,1.65,1.50
2013.04.04 16:02:30.640,1.46026,1.46046,1.13,2.25
2013.04.04 16:02:31.130,1.46026,1.46046,2.03,2.25
2013.04.04 16:02:31.258,1.46034,1.46051,1.50,1.50
2013.04.04 16:02:31.328,1.46034,1.46053,1.50,1.65
2013.04.04 16:02:31.399,1.46031,1.46051,2.74,1.50
2013.04.04 16:02:31.468,1.46031,1.46052,1.47,1.50
2013.04.04 16:02:31.598,1.46032,1.46055,1.65,1.65
2013.04.04 16:02:31.728,1.46031,1.46053,2.55,1.65
2013.04.04 16:02:32.053,1.46028,1.46044,1.50,1.65
2013.04.04 16:02:32.246,1.46023,1.46044,1.65,1.65
2013.04.04 16:02:32.305,1.46021,1.46044,2.40,1.65
2013.04.04 16:02:32.489,1.46021,1.46039,1.50,1.50
2013.04.04 16:02:33.109,1.46019,1.46039,1.13,1.50
2013.04.04 16:02:33.238,1.46021,1.46039,1.50,1.50
2013.04.04 16:02:33.541,1.46021,1.46039,1.50,1.50
2013.04.04 16:02:33.609,1.4602,1.46039,1.50,1.50
2013.04.04 16:02:33.857,1.46018,1.46036,1.50,1.65
2013.04.04 16:02:34.964,1.46013,1.46025,2.03,1.13
2013.04.04 16:02:35.098,1.46013,1.46028,1.50,1.50
2013.04.04 16:02:35.167,1.46007,1.46029,1.28,1.50
2013.04.04 16:02:35.350,1.46006,1.46028,1.65,1.65
2013.04.04 16:02:35.729,1.46008,1.46028,1.50,2.40
2013.04.04 16:02:36.037,1.46009,1.46031,1.43,1.65
2013.04.04 16:02:37.895,1.4601,1.46031,1.28,1.50
2013.04.04 16:02:37.962,1.46011,1.46032,1.13,1.50
2013.04.04 16:02:39.021,1.46012,1.46033,1.65,2.25
2013.04.04 16:02:39.089,1.46011,1.46032,1.13,1.50
2013.04.04 16:02:39.159,1.4601,1.46029,1.05,1.50
2013.04.04 16:02:39.588,1.46007,1.46029,2.40,2.40
2013.04.04 16:02:39.777,1.46007,1.46028,2.40,2.25
2013.04.04 16:02:40.177,1.46012,1.46029,1.13,1.50
2013.04.04 16:02:40.237,1.4602,1.46031,1.13,1.50
2013.04.04 16:02:40.300,1.4602,1.46033,1.13,1.50
2013.04.04 16:02:40.429,1.46022,1.46033,1.50,1.50
2013.04.04 16:02:40.498,1.46019,1.46033,1.95,1.50
2013.04.04 16:02:40.569,1.46021,1.46033,1.58,1.50
2013.04.04 16:02:41.397,1.46024,1.46043,1.13,2.25
2013.04.04 16:02:43.038,1.46024,1.46043,1.13,2.25
2013.04.04 16:02:43.877,1.46024,1.46044,1.50,2.03
2013.04.04 16:02:43.949,1.46024,1.46042,1.50,1.50
2013.04.04 16:02:44.018,1.46023,1.46042,1.65,1.50
2013.04.04 16:02:45.109,1.46022,1.46042,1.65,1.50
2013.04.04 16:02:45.238,1.46022,1.46042,2.40,1.50
2013.04.04 16:02:45.379,1.46028,1.46044,1.50,1.28
2013.04.04 16:02:45.928,1.46028,1.46049,1.13,2.40
2013.04.04 16:02:46.385,1.46027,1.46049,2.25,3.15
2013.04.04 16:02:46.807,1.46024,1.46046,1.13,3.68
2013.04.04 16:02:47.719,1.46024,1.46045,1.28,2.18
2013.04.04 16:02:47.908,1.46023,1.46043,2.40,1.50
2013.04.04 16:02:48.457,1.46022,1.46042,2.25,1.65
2013.04.04 16:02:48.827,1.46021,1.46042,1.50,1.65
2013.04.04 16:02:50.069,1.4602,1.46042,1.65,2.40
2013.04.04 16:02:52.621,1.46017,1.46039,1.99,1.65
2013.04.04 16:02:53.167,1.46017,1.46038,2.18,1.43
2013.04.04 16:02:53.976,1.46013,1.46037,1.84,2.18
2013.04.04 16:02:54.217,1.46013,1.46034,1.65,1.28
2013.04.04 16:02:54.812,1.46012,1.46033,1.65,1.50
2013.04.04 16:02:55.129,1.46012,1.46032,1.50,1.88
2013.04.04 16:02:55.199,1.46008,1.46028,1.50,1.65
2013.04.04 16:02:55.270,1.46006,1.46022,2.25,1.50
2013.04.04 16:02:55.339,1.46005,1.46021,1.50,1.50
2013.04.04 16:02:55.887,1.46001,1.46021,1.88,1.50
2013.04.04 16:02:56.667,1.46003,1.46021,1.65,1.50
2013.04.04 16:02:56.818,1.46003,1.46024,2.40,2.78
2013.04.04 16:02:57.238,1.46003,1.46023,1.65,1.50
2013.04.04 16:02:57.669,1.46003,1.46024,1.65,1.28
2013.04.04 16:02:58.668,1.46006,1.46024,1.50,1.28
2013.04.04 16:02:59.178,1.46008,1.46026,1.09,1.88
2013.04.04 16:03:01.747,1.46008,1.46028,1.84,1.28
2013.04.04 16:03:02.066,1.46008,1.46029,2.59,2.03
2013.04.04 16:03:03.078,1.4601,1.46029,1.13,1.50
2013.04.04 16:03:03.208,1.46013,1.4603,1.65,1.13
2013.04.04 16:03:07.189,1.46014,1.46034,1.24,2.25
2013.04.04 16:03:07.258,1.46015,1.46034,1.13,2.25
2013.04.04 16:03:07.967,1.46017,1.46034,1.65,1.50
2013.04.04 16:03:08.497,1.46016,1.46036,1.65,1.50
2013.04.04 16:03:10.159,1.46017,1.46036,1.65,1.50
2013.04.04 16:03:10.502,1.46013,1.46033,1.65,1.50
2013.04.04 16:03:10.698,1.46014,1.46033,1.47,1.50
2013.04.04 16:03:11.168,1.46015,1.46033,1.65,1.50
2013.04.04 16:03:11.239,1.46015,1.46034,1.65,1.50
2013.04.04 16:03:11.921,1.46015,1.46036,1.65,2.25
2013.04.04 16:03:12.659,1.46014,1.46035,1.47,1.50
2013.04.04 16:03:14.188,1.46012,1.46034,3.30,1.50
2013.04.04 16:03:14.437,1.46012,1.46028,1.50,1.65
2013.04.04 16:03:14.508,1.4601,1.46028,1.13,1.65
2013.04.04 16:03:14.578,1.46009,1.46029,1.13,1.65
2013.04.04 16:03:14.829,1.46008,1.46026,1.43,1.50
2013.04.04 16:03:16.767,1.46007,1.46028,1.65,1.65
2013.04.04 16:03:20.386,1.46007,1.46026,1.65,1.50
2013.04.04 16:03:21.187,1.46007,1.46026,1.65,1.50
2013.04.04 16:03:21.628,1.4601,1.46029,1.47,1.88
2013.04.04 16:03:21.697,1.4601,1.4603,1.47,1.50
2013.04.04 16:03:26.878,1.46013,1.46036,2.40,2.93
2013.04.04 16:03:27.068,1.46017,1.46036,1.09,2.18
2013.04.04 16:03:27.236,1.46017,1.46036,1.99,1.50
2013.04.04 16:03:27.304,1.46018,1.46036,1.65,1.50
2013.04.04 16:03:27.719,1.46018,1.46039,1.65,1.65
2013.04.04 16:03:30.409,1.46022,1.46042,2.40,2.03
2013.04.04 16:03:30.718,1.46026,1.46043,1.65,2.10
2013.04.04 16:03:30.789,1.46025,1.46045,1.13,2.03
2013.04.04 16:03:32.579,1.46028,1.46049,1.65,2.40
2013.04.04 16:03:33.397,1.46028,1.46049,2.40,1.65
2013.04.04 16:03:34.018,1.46028,1.46049,1.65,1.65
2013.04.04 16:03:35.373,1.46027,1.46049,1.65,1.65
2013.04.04 16:03:37.369,1.46027,1.46043,1.65,1.13
2013.04.04 16:03:37.874,1.46027,1.46048,2.40,1.43
2013.04.04 16:03:41.367,1.46025,1.46047,1.47,1.50
2013.04.04 16:03:41.689,1.46025,1.46047,1.09,1.65
2013.04.04 16:03:41.759,1.46024,1.46046,1.09,1.65
2013.04.04 16:03:41.888,1.46023,1.46045,1.65,2.55
2013.04.04 16:03:42.417,1.46023,1.46045,1.65,2.55
2013.04.04 16:03:44.099,1.46023,1.46045,1.65,2.40
2013.04.04 16:03:45.818,1.46025,1.46045,1.65,1.65
2013.04.04 16:03:47.089,1.46025,1.46045,1.65,1.65
2013.04.04 16:03:47.647,1.46025,1.46045,2.40,1.65
2013.04.04 16:03:49.856,1.46027,1.46046,1.69,1.20
2013.04.04 16:03:49.916,1.46029,1.46047,2.22,1.05
2013.04.04 16:03:49.976,1.46029,1.4605,1.47,2.03
2013.04.04 16:03:50.999,1.46034,1.46053,1.69,1.28
2013.04.04 16:03:51.070,1.46034,1.46054,2.44,1.65
2013.04.04 16:03:51.577,1.46036,1.46055,1.09,1.43
2013.04.04 16:03:52.209,1.46036,1.46058,1.84,1.65
2013.04.04 16:03:52.619,1.46036,1.46058,2.59,1.65
2013.04.04 16:03:54.957,1.46037,1.46058,1.50,1.65
2013.04.04 16:03:55.138,1.4604,1.46058,1.50,1.65
2013.04.04 16:03:55.268,1.46041,1.46058,1.50,1.28
2013.04.04 16:03:55.457,1.46039,1.46061,3.15,1.43
2013.04.04 16:03:56.277,1.46039,1.4606,2.25,2.40
2013.04.04 16:03:57.587,1.46039,1.46057,1.50,1.43
2013.04.04 16:03:57.718,1.46036,1.46055,2.25,1.43
2013.04.04 16:03:57.788,1.46036,1.46055,3.00,1.43
2013.04.04 16:03:57.918,1.46039,1.46055,1.50,1.28
2013.04.04 16:03:57.989,1.46039,1.46055,1.50,1.28
2013.04.04 16:03:58.118,1.46036,1.46057,2.59,1.43
2013.04.04 16:03:58.655,1.46038,1.46057,1.50,1.43
2013.04.04 16:03:58.717,1.46036,1.46057,2.59,1.43
2013.04.04 16:03:59.239,1.46036,1.46055,1.50,1.65
2013.04.04 16:04:01.358,1.46034,1.46053,1.50,1.50
2013.04.04 16:04:01.667,1.4603,1.46052,1.65,1.28
2013.04.04 16:04:02.028,1.4603,1.46051,2.40,1.50
2013.04.04 16:04:03.237,1.46033,1.46055,1.13,2.18
2013.04.04 16:04:04.759,1.46035,1.46055,1.50,1.43
2013.04.04 16:04:04.831,1.46034,1.46055,1.50,1.43
2013.04.04 16:04:04.899,1.46033,1.46055,1.88,1.43
2013.04.04 16:04:05.087,1.46031,1.46054,2.78,1.65
2013.04.04 16:04:05.148,1.46032,1.46054,1.50,1.65
2013.04.04 16:04:06.232,1.46032,1.46054,1.50,1.65
2013.04.04 16:04:07.189,1.46035,1.46055,1.50,1.43
2013.04.04 16:04:07.938,1.46037,1.46055,1.65,1.28
2013.04.04 16:04:08.667,1.46037,1.46057,1.65,1.50
2013.04.04 16:04:09.238,1.46037,1.46057,1.65,1.50
2013.04.04 16:04:09.489,1.46037,1.46058,2.78,2.25
2013.04.04 16:04:09.568,1.46039,1.4606,2.25,1.43
2013.04.04 16:04:10.512,1.46041,1.46062,1.50,1.65
2013.04.04 16:04:10.638,1.4604,1.46059,1.50,1.50
2013.04.04 16:04:10.898,1.46036,1.46056,3.00,1.65
2013.04.04 16:04:11.197,1.46036,1.46056,1.65,1.50
2013.04.04 16:04:11.747,1.46038,1.46056,1.65,1.50
2013.04.04 16:04:12.848,1.46039,1.46061,1.50,2.18
2013.04.04 16:04:13.483,1.46038,1.46061,1.65,2.18
2013.04.04 16:04:14.928,1.46039,1.46056,1.50,1.65
2013.04.04 16:04:14.998,1.46035,1.46056,1.65,1.65
2013.04.04 16:04:15.127,1.46036,1.46056,1.13,1.50
2013.04.04 16:04:15.188,1.46036,1.46056,1.88,1.50
2013.04.04 16:04:17.228,1.46038,1.46057,1.65,1.28
2013.04.04 16:04:17.983,1.46042,1.46057,1.65,1.28
2013.04.04 16:04:18.060,1.46041,1.46058,1.13,1.65
2013.04.04 16:04:18.129,1.46039,1.46056,1.13,1.65
2013.04.04 16:04:18.259,1.46037,1.46056,1.28,1.88
2013.04.04 16:04:18.447,1.46033,1.46056,2.40,2.63
2013.04.04 16:04:18.968,1.46032,1.46054,1.65,2.40
2013.04.04 16:04:19.957,1.46032,1.46054,1.65,3.15
2013.04.04 16:04:22.016,1.46028,1.46044,1.28,1.13
2013.04.04 16:04:22.137,1.46025,1.46043,1.13,1.65
2013.04.04 16:04:22.198,1.46021,1.46042,2.25,1.65
2013.04.04 16:04:22.284,1.46021,1.46038,1.50,2.25
2013.04.04 16:04:22.588,1.46011,1.46031,2.25,1.50
2013.04.04 16:04:23.149,1.4601,1.46031,1.65,2.25
2013.04.04 16:04:23.467,1.4601,1.46031,1.65,1.50
2013.04.04 16:04:23.777,1.46008,1.4603,1.50,2.63
2013.04.04 16:04:24.310,1.46009,1.46029,1.13,1.50
2013.04.04 16:04:24.378,1.46009,1.46029,1.88,1.50
2013.04.04 16:04:24.688,1.46008,1.46029,2.40,1.50
2013.04.04 16:04:26.522,1.46005,1.46025,1.65,1.50
2013.04.04 16:04:26.789,1.46008,1.46029,1.50,1.65
2013.04.04 16:04:27.038,1.4601,1.4603,1.13,1.50
2013.04.04 16:04:27.917,1.46011,1.46031,1.65,1.13
2013.04.04 16:04:28.609,1.4601,1.46031,1.88,1.50
2013.04.04 16:04:30.143,1.46008,1.46029,2.40,1.28
2013.04.04 16:04:32.457,1.46008,1.46031,1.65,3.15
2013.04.04 16:04:32.995,1.46008,1.4603,1.65,1.50
2013.04.04 16:04:34.424,1.46008,1.4603,1.65,1.50
2013.04.04 16:04:35.060,1.46008,1.4603,1.65,1.50
2013.04.04 16:04:35.375,1.46008,1.4603,1.65,1.50
2013.04.04 16:04:35.641,1.46008,1.46027,1.65,1.50
2013.04.04 16:04:35.978,1.46004,1.46026,2.40,1.65
2013.04.04 16:04:36.339,1.46003,1.46025,2.40,1.65
2013.04.04 16:04:36.539,1.46003,1.46024,2.40,1.50
2013.04.04 16:04:36.730,1.46002,1.46021,2.40,1.13
2013.04.04 16:04:36.799,1.46002,1.46021,2.40,1.88
2013.04.04 16:04:36.869,1.46002,1.4602,1.65,1.50
2013.04.04 16:04:36.938,1.46002,1.46016,1.50,1.50
2013.04.04 16:04:37.009,1.45995,1.46016,1.88,1.65
2013.04.04 16:04:37.198,1.45997,1.46018,2.03,1.43
2013.04.04 16:04:37.756,1.45995,1.46019,1.13,2.25
2013.04.04 16:04:38.978,1.45995,1.46016,1.88,1.13
2013.04.04 16:04:39.047,1.45995,1.46016,2.63,1.13
2013.04.04 16:04:40.108,1.45994,1.46016,2.03,1.50
2013.04.04 16:04:40.988,1.45994,1.46014,1.28,1.50
2013.04.04 16:04:44.898,1.45994,1.46013,1.65,1.50
2013.04.04 16:04:45.018,1.4599,1.46012,2.18,1.50
2013.04.04 16:04:46.907,1.45989,1.46011,2.40,1.50
2013.04.04 16:04:48.950,1.45987,1.46009,1.65,1.50
2013.04.04 16:04:49.018,1.45987,1.46009,1.65,1.50
2013.04.04 16:04:50.097,1.45985,1.46005,1.88,2.40
2013.04.04 16:04:50.219,1.45984,1.46003,1.80,1.50
2013.04.04 16:04:50.288,1.45982,1.46002,1.65,1.50
2013.04.04 16:04:50.837,1.45981,1.45999,1.13,1.50
2013.04.04 16:04:51.159,1.45979,1.45999,1.05,2.25
2013.04.04 16:04:51.235,1.45977,1.45997,1.28,1.50
2013.04.04 16:04:51.608,1.45976,1.45993,1.50,1.50
2013.04.04 16:04:51.808,1.45972,1.45993,1.65,1.50
2013.04.04 16:04:53.961,1.45971,1.45988,1.13,2.25
2013.04.04 16:04:54.029,1.4597,1.45987,1.43,1.50
2013.04.04 16:04:54.099,1.45966,1.45987,2.07,1.50
2013.04.04 16:04:57.517,1.45969,1.45987,1.05,2.25
2013.04.04 16:04:57.577,1.45971,1.45988,1.28,1.50
2013.04.04 16:04:58.138,1.45971,1.45989,1.13,2.63
2013.04.04 16:04:58.647,1.45971,1.45991,1.13,2.25
2013.04.04 16:05:00.217,1.45972,1.45986,1.65,1.13
2013.04.04 16:05:00.280,1.4597,1.45986,1.28,1.80
2013.04.04 16:05:00.347,1.45964,1.45985,3.19,1.65
2013.04.04 16:05:00.466,1.45963,1.45985,1.28,1.65
2013.04.04 16:05:00.586,1.45964,1.45985,1.13,1.65
2013.04.04 16:05:00.887,1.45972,1.45986,1.88,1.13
2013.04.04 16:05:01.247,1.45972,1.45992,1.88,1.50
2013.04.04 16:05:03.727,1.45971,1.45992,1.65,1.50
2013.04.04 16:05:06.087,1.45973,1.45992,1.13,1.50
2013.04.04 16:05:06.389,1.4599,1.46002,1.24,1.88
2013.04.04 16:05:06.457,1.4599,1.46005,1.24,1.50
2013.04.04 16:05:06.595,1.45987,1.46009,1.65,2.03
2013.04.04 16:05:06.848,1.45984,1.46006,2.40,2.03
2013.04.04 16:05:06.919,1.45984,1.46006,1.65,2.03
2013.04.04 16:05:08.720,1.45983,1.46002,1.88,1.50
2013.04.04 16:05:09.030,1.45986,1.46004,1.65,1.28
2013.04.04 16:05:09.398,1.45984,1.46003,1.13,1.50
2013.04.04 16:05:10.020,1.45985,1.46004,1.65,1.28
2013.04.04 16:05:10.086,1.45987,1.46005,2.03,1.28
2013.04.04 16:05:10.851,1.45993,1.46006,1.13,2.03
2013.04.04 16:05:10.939,1.46001,1.46016,1.47,3.38
2013.04.04 16:05:11.010,1.46001,1.46016,1.47,1.50
2013.04.04 16:05:11.139,1.46005,1.46021,1.28,1.28
2013.04.04 16:05:11.208,1.46005,1.46025,1.28,1.28
2013.04.04 16:05:11.397,1.46005,1.46025,1.28,1.28
2013.04.04 16:05:11.918,1.46005,1.46025,1.05,1.28
2013.04.04 16:05:12.348,1.46002,1.46021,1.05,1.28
2013.04.04 16:05:12.480,1.46,1.46021,1.50,3.30
2013.04.04 16:05:12.552,1.45997,1.4602,2.40,1.50
2013.04.04 16:05:12.619,1.45997,1.4602,2.40,1.50
2013.04.04 16:05:12.689,1.45996,1.46017,1.50,2.40
2013.04.04 16:05:12.759,1.45994,1.46017,1.39,2.40
2013.04.04 16:05:13.277,1.45992,1.46012,1.65,1.28
2013.04.04 16:05:13.518,1.4599,1.4601,1.13,1.50
2013.04.04 16:05:13.590,1.45988,1.4601,1.99,2.78
2013.04.04 16:05:13.897,1.45982,1.46006,1.65,2.03
2013.04.04 16:05:14.280,1.45986,1.46007,1.50,2.55
2013.04.04 16:05:14.408,1.45985,1.46006,1.65,1.28
2013.04.04 16:05:14.999,1.45986,1.46006,1.50,1.28
2013.04.04 16:05:15.308,1.46001,1.4601,1.50,1.50
2013.04.04 16:05:15.377,1.46001,1.46016,1.50,1.50
2013.04.04 16:05:15.737,1.45999,1.46016,1.65,1.13
2013.04.04 16:05:16.827,1.45999,1.46021,1.65,3.53
2013.04.04 16:05:17.149,1.45999,1.46021,2.40,3.53
2013.04.04 16:05:17.674,1.45999,1.46021,2.40,2.03
2013.04.04 16:05:19.048,1.45999,1.46021,2.40,2.03
2013.04.04 16:05:19.368,1.45998,1.46019,2.40,1.50
2013.04.04 16:05:20.668,1.45998,1.46019,1.65,2.63
2013.04.04 16:05:22.098,1.45997,1.46018,1.13,2.03
2013.04.04 16:05:26.807,1.46,1.46018,1.65,2.03
2013.04.04 16:05:27.412,1.45999,1.46018,1.65,2.03
2013.04.04 16:05:27.968,1.45998,1.46018,1.65,3.53
2013.04.04 16:05:30.329,1.45999,1.46018,1.13,2.03
2013.04.04 16:05:30.648,1.46002,1.46018,1.13,2.03
2013.04.04 16:05:30.720,1.46005,1.46019,1.65,3.15
2013.04.04 16:05:30.979,1.46001,1.46018,1.28,1.50
2013.04.04 16:05:31.900,1.46,1.46016,1.50,1.88
2013.04.04 16:05:32.028,1.46,1.46016,1.65,1.13
2013.04.04 16:05:32.419,1.46,1.46016,1.65,2.40
2013.04.04 16:05:35.560,1.45998,1.46016,1.05,1.28
2013.04.04 16:05:35.628,1.45998,1.46016,1.05,1.28
2013.04.04 16:05:35.950,1.46,1.46016,1.13,1.28
2013.04.04 16:05:37.118,1.46,1.46016,1.13,1.28
2013.04.04 16:05:37.438,1.46001,1.46018,1.13,3.75
2013.04.04 16:05:37.508,1.46003,1.46021,1.13,2.25
2013.04.04 16:05:37.708,1.46,1.46019,1.43,1.50
2013.04.04 16:05:37.778,1.45999,1.46019,1.43,1.50
2013.04.04 16:05:38.678,1.46,1.46016,1.65,1.88
2013.04.04 16:05:39.154,1.46,1.46016,1.65,1.88
2013.04.04 16:05:40.147,1.46002,1.4602,1.13,1.50
2013.04.04 16:05:40.208,1.46002,1.4602,2.03,1.50
2013.04.04 16:05:40.397,1.46002,1.4602,2.55,1.50
2013.04.04 16:05:40.457,1.46002,1.4602,1.80,1.50
2013.04.04 16:05:42.430,1.46,1.4602,1.65,1.50
2013.04.04 16:05:42.707,1.45998,1.46019,2.63,1.50
2013.04.04 16:05:44.958,1.46009,1.4602,1.13,1.13
2013.04.04 16:05:45.027,1.46009,1.46024,1.13,1.50
2013.04.04 16:05:45.210,1.46009,1.46025,1.13,1.50
2013.04.04 16:05:45.458,1.4601,1.46027,1.13,1.50
2013.04.04 16:05:45.889,1.46011,1.46034,1.88,2.93
2013.04.04 16:05:46.078,1.46011,1.4603,1.88,1.50
2013.04.04 16:05:46.209,1.46011,1.4603,2.63,1.50
2013.04.04 16:05:46.898,1.46012,1.4603,1.65,1.50
2013.04.04 16:05:47.297,1.46012,1.4603,1.65,1.50
2013.04.04 16:05:47.428,1.46015,1.4603,1.13,1.50
2013.04.04 16:05:51.318,1.46024,1.46033,1.13,1.50
2013.04.04 16:05:51.448,1.46027,1.46038,1.65,1.50
2013.04.04 16:05:52.089,1.46025,1.4604,1.65,1.50
2013.04.04 16:05:53.627,1.46026,1.46045,2.40,1.50
2013.04.04 16:05:53.868,1.46026,1.46045,2.40,1.50
2013.04.04 16:05:54.179,1.46021,1.46042,1.05,1.50
2013.04.04 16:05:54.368,1.4602,1.4604,1.65,1.65
2013.04.04 16:05:54.428,1.46019,1.4604,1.65,1.65
2013.04.04 16:05:54.757,1.46017,1.46038,1.88,1.28
2013.04.04 16:05:55.138,1.46017,1.46036,1.88,1.50
2013.04.04 16:05:55.329,1.46014,1.46035,1.65,1.65
2013.04.04 16:05:55.417,1.46011,1.46031,1.80,1.50
2013.04.04 16:05:55.619,1.46008,1.46028,1.13,1.50
2013.04.04 16:05:57.608,1.4601,1.46024,1.65,2.03
2013.04.04 16:05:57.679,1.46013,1.46024,1.13,1.50
2013.04.04 16:05:57.997,1.46013,1.46029,1.13,1.50
2013.04.04 16:05:58.238,1.46012,1.46029,1.65,1.50
2013.04.04 16:05:58.379,1.46009,1.46028,1.13,1.50
2013.04.04 16:05:58.699,1.46009,1.46026,1.13,1.50
2013.04.04 16:06:00.643,1.46009,1.4603,1.88,2.25
2013.04.04 16:06:00.768,1.46011,1.4603,1.65,2.25
2013.04.04 16:06:08.298,1.46014,1.46024,1.13,1.28
2013.04.04 16:06:10.619,1.46012,1.46031,1.65,1.13
2013.04.04 16:06:10.688,1.46011,1.46031,1.05,1.13
2013.04.04 16:06:11.118,1.46009,1.46031,2.48,1.13
2013.04.04 16:06:11.249,1.46005,1.46025,1.58,1.50
2013.04.04 16:06:12.042,1.46004,1.46023,1.65,1.88
2013.04.04 16:06:15.182,1.46003,1.46024,1.50,2.40
2013.04.04 16:06:15.254,1.46002,1.46024,1.50,2.40
2013.04.04 16:06:15.449,1.46007,1.46025,1.32,1.65
2013.04.04 16:06:15.518,1.46008,1.46025,1.65,1.13
2013.04.04 16:06:16.210,1.4601,1.46024,1.13,1.50
2013.04.04 16:06:18.558,1.4601,1.46028,1.13,1.88
2013.04.04 16:06:20.562,1.4601,1.4603,1.13,1.50
2013.04.04 16:06:20.631,1.4601,1.4603,1.13,1.50
2013.04.04 16:06:22.369,1.4601,1.46029,1.88,1.28
2013.04.04 16:06:22.557,1.46008,1.46029,1.65,1.28
2013.04.04 16:06:22.677,1.46007,1.46029,1.65,1.28
2013.04.04 16:06:26.537,1.46007,1.46026,1.50,1.28
2013.04.04 16:06:26.596,1.46,1.46022,2.93,1.13
2013.04.04 16:06:26.732,1.45999,1.4602,1.50,2.40
2013.04.04 16:06:26.930,1.45998,1.46018,2.40,2.40
2013.04.04 16:06:27.062,1.45997,1.46018,1.65,1.65
2013.04.04 16:06:27.340,1.45999,1.46019,1.50,1.65
2013.04.04 16:06:27.667,1.45996,1.46018,2.40,1.65
2013.04.04 16:06:28.416,1.45996,1.46018,2.40,1.65
2013.04.04 16:06:34.826,1.45996,1.46016,1.13,1.50
2013.04.04 16:06:34.949,1.45997,1.46016,1.13,1.50
2013.04.04 16:06:35.928,1.45999,1.46018,1.65,1.50
2013.04.04 16:06:37.869,1.46,1.46022,1.65,1.65
2013.04.04 16:06:40.608,1.45999,1.46016,1.28,1.13
2013.04.04 16:06:40.681,1.45996,1.46016,1.80,1.13
2013.04.04 16:06:40.750,1.45994,1.46013,1.50,1.65
2013.04.04 16:06:41.092,1.45991,1.4601,1.65,1.50
2013.04.04 16:06:41.290,1.45991,1.4601,1.65,1.50
2013.04.04 16:06:41.431,1.4599,1.4601,1.13,1.50
2013.04.04 16:06:41.644,1.4599,1.4601,1.13,1.50
2013.04.04 16:06:42.528,1.4599,1.4601,1.28,2.25
2013.04.04 16:06:42.600,1.4599,1.46012,2.78,1.50
2013.04.04 16:06:42.908,1.4599,1.46007,1.65,1.50
2013.04.04 16:06:43.661,1.45987,1.46004,1.43,1.65
2013.04.04 16:06:43.727,1.45985,1.46004,1.73,1.65
2013.04.04 16:06:43.847,1.45987,1.46009,1.65,2.25
2013.04.04 16:06:44.029,1.45985,1.46006,2.33,1.50
2013.04.04 16:06:44.098,1.45985,1.46007,2.40,2.25
2013.04.04 16:06:45.080,1.45986,1.46007,1.13,1.50
2013.04.04 16:06:47.629,1.45986,1.46007,1.13,1.50
2013.04.04 16:06:49.620,1.45986,1.46006,1.13,1.50
2013.04.04 16:06:50.135,1.45984,1.46006,2.70,1.50
2013.04.04 16:06:50.330,1.45984,1.46003,1.28,1.50
2013.04.04 16:06:50.649,1.4598,1.45999,3.00,1.50
2013.04.04 16:06:50.838,1.45977,1.45999,1.43,1.65
2013.04.04 16:06:50.969,1.45976,1.45999,2.18,1.65
2013.04.04 16:06:51.098,1.45976,1.45999,2.18,1.65
2013.04.04 16:06:51.677,1.45977,1.46,1.43,1.65
2013.04.04 16:06:52.429,1.45979,1.46001,1.13,1.50
2013.04.04 16:06:52.629,1.45981,1.46002,1.88,1.13
2013.04.04 16:06:54.421,1.45985,1.46004,1.13,3.38
2013.04.04 16:06:54.760,1.46002,1.46011,1.13,1.50
2013.04.04 16:06:54.830,1.45997,1.46011,1.65,1.50
2013.04.04 16:06:54.898,1.45998,1.46011,1.13,1.50
2013.04.04 16:06:54.958,1.46003,1.46015,1.50,1.13
2013.04.04 16:06:55.089,1.46008,1.4602,2.40,1.50
2013.04.04 16:06:55.159,1.46007,1.4602,1.88,1.50
2013.04.04 16:06:55.828,1.46007,1.46024,1.13,1.50
2013.04.04 16:06:56.316,1.46007,1.46024,1.13,1.50
2013.04.04 16:06:57.150,1.46012,1.46024,1.65,1.50
2013.04.04 16:06:57.227,1.46013,1.46033,1.43,1.65
2013.04.04 16:06:57.757,1.4601,1.46035,1.88,1.28
2013.04.04 16:06:58.067,1.46013,1.46037,1.13,1.50
2013.04.04 16:06:58.556,1.46015,1.46037,1.43,1.88
2013.04.04 16:06:59.428,1.46015,1.46037,2.40,1.88
2013.04.04 16:07:00.618,1.46015,1.46037,2.93,1.88
2013.04.04 16:07:01.880,1.46024,1.4604,1.13,1.50
2013.04.04 16:07:02.007,1.46019,1.4604,1.05,2.63
2013.04.04 16:07:02.067,1.4602,1.4604,1.50,2.63
2013.04.04 16:07:02.138,1.46022,1.4604,1.20,1.50
2013.04.04 16:07:02.208,1.46024,1.46042,1.13,1.50
2013.04.04 16:07:02.457,1.46024,1.46047,1.80,1.13
2013.04.04 16:07:02.518,1.46024,1.46047,1.43,1.28
2013.04.04 16:07:02.706,1.46025,1.46047,2.63,1.13
2013.04.04 16:07:02.888,1.46025,1.46047,2.63,1.13
2013.04.04 16:07:03.197,1.46028,1.46055,1.73,2.40
2013.04.04 16:07:03.977,1.4603,1.46054,1.43,1.65
2013.04.04 16:07:04.170,1.46032,1.46054,1.13,1.50
2013.04.04 16:07:04.239,1.46034,1.46054,2.40,1.50
2013.04.04 16:07:04.435,1.46032,1.46051,1.65,1.50
2013.04.04 16:07:05.779,1.4603,1.46051,2.18,1.50
2013.04.04 16:07:06.387,1.4603,1.46051,1.43,1.50
2013.04.04 16:07:07.959,1.4603,1.46051,1.65,1.50
2013.04.04 16:07:11.347,1.46029,1.46049,1.65,1.50
2013.04.04 16:07:11.648,1.46042,1.46058,1.13,1.50
2013.04.04 16:07:11.719,1.46042,1.46061,1.28,2.03
2013.04.04 16:07:11.788,1.46042,1.46063,2.03,2.70
2013.04.04 16:07:11.859,1.46042,1.46063,2.03,1.88
2013.04.04 16:07:11.990,1.46042,1.46063,1.80,1.88
2013.04.04 16:07:12.058,1.46042,1.46063,2.03,1.88
2013.04.04 16:07:16.029,1.46042,1.46063,3.30,1.28
2013.04.04 16:07:16.158,1.46042,1.46063,2.55,1.28
2013.04.04 16:07:16.287,1.46042,1.46057,1.65,1.13
2013.04.04 16:07:16.409,1.46037,1.46057,2.25,1.80
2013.04.04 16:07:16.478,1.46037,1.46055,1.50,1.13
2013.04.04 16:07:16.608,1.46035,1.46055,1.50,1.65
2013.04.04 16:07:17.177,1.46035,1.46053,1.50,1.50
2013.04.04 16:07:17.478,1.46049,1.46063,1.88,5.25
2013.04.04 16:07:17.598,1.46049,1.46066,1.88,1.13
2013.04.04 16:07:18.968,1.46051,1.46068,1.65,2.25
2013.04.04 16:07:19.998,1.46051,1.46068,1.65,2.78
2013.04.04 16:07:20.128,1.46051,1.46065,1.65,1.50
2013.04.04 16:07:20.568,1.46051,1.46066,1.65,1.05
2013.04.04 16:07:21.087,1.46049,1.46068,1.13,4.35
2013.04.04 16:07:21.569,1.46052,1.46068,1.65,3.60
2013.04.04 16:07:21.829,1.46052,1.46068,1.65,2.10
2013.04.04 16:07:23.599,1.46047,1.46068,1.65,1.65
2013.04.04 16:07:23.670,1.46048,1.46069,1.65,2.03
2013.04.04 16:07:24.039,1.46047,1.46069,1.05,2.18
2013.04.04 16:07:24.108,1.46046,1.46069,2.40,2.18
2013.04.04 16:07:24.178,1.46045,1.46065,1.50,2.18
2013.04.04 16:07:24.248,1.46044,1.46065,1.50,2.18
2013.04.04 16:07:24.987,1.46044,1.46065,1.65,1.50
2013.04.04 16:07:25.348,1.46047,1.46067,2.25,2.63
2013.04.04 16:07:25.657,1.46047,1.46066,1.50,1.50
2013.04.04 16:07:27.319,1.46049,1.46066,1.50,1.50
2013.04.04 16:07:27.509,1.46054,1.46073,1.13,3.00
2013.04.04 16:07:27.578,1.46052,1.46073,1.50,2.25
2013.04.04 16:07:28.194,1.46052,1.46073,1.50,2.25
2013.04.04 16:07:28.702,1.46052,1.46072,1.50,1.50
2013.04.04 16:07:28.889,1.4605,1.46071,1.65,1.50
2013.04.04 16:07:29.410,1.4605,1.46071,1.65,1.50
2013.04.04 16:07:30.259,1.4605,1.46069,1.65,1.50
2013.04.04 16:07:30.831,1.4605,1.4607,1.65,1.50
2013.04.04 16:07:31.159,1.46048,1.46069,1.65,1.28
2013.04.04 16:07:31.227,1.46048,1.46069,1.65,1.28
2013.04.04 16:07:31.288,1.46047,1.46068,3.15,1.65
2013.04.04 16:07:31.960,1.46047,1.46068,1.65,3.68
2013.04.04 16:07:32.253,1.46045,1.46067,1.13,1.50
2013.04.04 16:07:33.276,1.46045,1.46063,1.13,1.50
2013.04.04 16:07:33.578,1.46042,1.46061,1.65,1.50
2013.04.04 16:07:34.337,1.46042,1.46061,1.65,1.50
2013.04.04 16:07:34.410,1.46041,1.46058,1.13,2.63
2013.04.04 16:07:34.598,1.46036,1.46057,2.03,1.88
2013.04.04 16:07:34.668,1.46035,1.46055,1.05,1.28
2013.04.04 16:07:34.848,1.46032,1.46055,2.40,2.03
2013.04.04 16:07:35.399,1.46032,1.46055,3.15,2.03
2013.04.04 16:07:36.013,1.46033,1.46055,1.50,2.78
2013.04.04 16:07:36.221,1.46033,1.46055,1.88,3.15
2013.04.04 16:07:36.409,1.46032,1.46054,3.15,1.65
2013.04.04 16:07:36.918,1.46032,1.46053,3.15,1.50
2013.04.04 16:07:36.987,1.46032,1.46053,3.15,1.50
2013.04.04 16:07:37.589,1.46032,1.46053,3.90,1.50
2013.04.04 16:07:38.090,1.46032,1.46053,3.15,1.50
2013.04.04 16:07:38.439,1.46032,1.46053,2.40,1.13
2013.04.04 16:07:39.557,1.46033,1.46052,1.50,1.13
2013.04.04 16:07:39.809,1.46038,1.46054,1.28,1.50
2013.04.04 16:07:39.939,1.46038,1.46052,1.28,1.13
2013.04.04 16:07:40.428,1.46035,1.46052,2.03,1.13
2013.04.04 16:07:40.621,1.46036,1.46054,1.65,1.50
2013.04.04 16:07:40.689,1.46036,1.4606,2.40,2.40
2013.04.04 16:07:40.878,1.46038,1.46059,1.50,1.65
2013.04.04 16:07:41.689,1.46038,1.46059,1.50,1.65
2013.04.04 16:07:42.878,1.46038,1.46058,1.13,1.50
2013.04.04 16:07:43.659,1.46038,1.46059,1.13,2.25
2013.04.04 16:07:47.001,1.4604,1.46058,1.13,1.50
2013.04.04 16:07:47.190,1.4604,1.4606,1.88,1.50
2013.04.04 16:07:47.763,1.46042,1.46061,1.65,1.50
2013.04.04 16:07:47.829,1.46043,1.46063,1.13,3.00
2013.04.04 16:07:48.039,1.46042,1.46061,1.65,1.50
2013.04.04 16:07:48.228,1.46043,1.46061,1.13,1.50
2013.04.04 16:07:48.629,1.46042,1.46061,2.55,1.50
2013.04.04 16:07:48.699,1.46042,1.46061,2.40,1.88
2013.04.04 16:07:48.770,1.4604,1.46057,1.50,1.50
2013.04.04 16:07:48.839,1.46036,1.46055,1.65,1.13
2013.04.04 16:07:48.907,1.46036,1.46055,1.13,1.13
2013.04.04 16:07:48.968,1.46033,1.46055,1.65,2.03
2013.04.04 16:07:49.328,1.46031,1.46054,1.65,1.65
2013.04.04 16:07:50.068,1.46032,1.46054,1.13,2.25
2013.04.04 16:07:50.139,1.46033,1.46054,1.13,1.50
2013.04.04 16:07:51.358,1.46034,1.46054,1.65,1.50
2013.04.04 16:07:52.408,1.46033,1.46054,1.88,1.50
2013.04.04 16:07:54.158,1.46033,1.46054,1.88,1.50
2013.04.04 16:07:54.219,1.46033,1.46054,1.50,1.65
2013.04.04 16:07:54.818,1.46033,1.46054,1.13,1.50
2013.04.04 16:07:54.959,1.46037,1.46056,1.88,2.25
2013.04.04 16:07:55.028,1.4604,1.46057,1.80,1.28
2013.04.04 16:07:55.089,1.46041,1.46059,1.13,1.50
2013.04.04 16:07:57.959,1.46044,1.46062,1.65,1.50
2013.04.04 16:07:58.029,1.46047,1.46063,2.40,1.50
2013.04.04 16:07:58.158,1.46047,1.46069,2.40,1.65
2013.04.04 16:07:59.460,1.46062,1.46075,2.40,1.50
2013.04.04 16:07:59.648,1.46062,1.46081,1.65,1.13
2013.04.04 16:08:00.339,1.46058,1.46078,1.58,1.13
2013.04.04 16:08:01.302,1.46057,1.46073,1.13,1.50
2013.04.04 16:08:01.379,1.46052,1.46072,1.88,1.50
2013.04.04 16:08:01.948,1.46052,1.46071,1.88,1.50
2013.04.04 16:08:02.491,1.46052,1.4607,1.13,1.50
2013.04.04 16:08:02.635,1.46047,1.46068,3.08,1.50
2013.04.04 16:08:02.709,1.46047,1.46068,2.93,1.50
2013.04.04 16:08:03.048,1.46048,1.46068,1.88,2.03
2013.04.04 16:08:03.118,1.46048,1.46068,1.88,2.03
2013.04.04 16:08:03.669,1.46048,1.46068,1.88,1.50
2013.04.04 16:08:04.228,1.46048,1.46068,1.65,1.50
2013.04.04 16:08:04.767,1.46048,1.46068,1.65,1.50
2013.04.04 16:08:05.160,1.46048,1.46068,1.28,1.65
2013.04.04 16:08:05.483,1.46042,1.46061,1.28,1.50
2013.04.04 16:08:05.909,1.46038,1.46056,1.13,1.50
2013.04.04 16:08:05.980,1.46038,1.46056,1.13,1.50
2013.04.04 16:08:06.048,1.46038,1.46056,1.13,1.50
2013.04.04 16:08:06.118,1.46044,1.46058,1.13,1.50
2013.04.04 16:08:06.428,1.46043,1.46059,1.80,1.88
2013.04.04 16:08:06.498,1.46042,1.46059,1.65,3.38
2013.04.04 16:08:07.037,1.46041,1.46059,1.13,1.88
2013.04.04 16:08:08.152,1.46039,1.46059,1.05,1.88
2013.04.04 16:08:08.477,1.46037,1.46057,1.13,1.50
2013.04.04 16:08:08.809,1.46038,1.46057,1.13,1.50
2013.04.04 16:08:08.878,1.46038,1.46058,1.13,2.25
2013.04.04 16:08:08.948,1.46038,1.46058,1.13,2.25
2013.04.04 16:08:09.497,1.46038,1.46059,1.13,1.50
2013.04.04 16:08:09.978,1.46047,1.46059,1.50,1.28
2013.04.04 16:08:10.243,1.46052,1.46072,2.25,3.30
2013.04.04 16:08:10.439,1.46051,1.4607,1.65,1.28
2013.04.04 16:08:15.298,1.46051,1.4607,1.73,1.50
2013.04.04 16:08:15.629,1.46056,1.46074,1.13,1.13
2013.04.04 16:08:15.818,1.46056,1.46074,1.13,1.13
2013.04.04 16:08:16.449,1.46053,1.46074,2.03,2.40
2013.04.04 16:08:16.519,1.46053,1.46071,1.50,1.50
2013.04.04 16:08:16.712,1.4605,1.46071,1.65,1.50
2013.04.04 16:08:16.984,1.46049,1.46069,1.50,1.50
2013.04.04 16:08:17.124,1.46046,1.46067,1.80,2.03
2013.04.04 16:08:17.193,1.46042,1.46065,2.93,1.65
2013.04.04 16:08:17.259,1.46042,1.46064,1.28,2.25
2013.04.04 16:08:19.241,1.46041,1.46062,1.65,3.00
2013.04.04 16:08:19.558,1.4603,1.46054,1.28,2.03
2013.04.04 16:08:19.738,1.46034,1.46054,1.65,1.28
2013.04.04 16:08:19.809,1.46036,1.46057,1.65,2.03
2013.04.04 16:08:20.118,1.46032,1.46054,2.40,1.50
2013.04.04 16:08:20.189,1.46032,1.46054,2.40,1.50
2013.04.04 16:08:20.418,1.46032,1.46054,1.65,1.50
2013.04.04 16:08:21.918,1.46029,1.4605,2.40,1.50
2013.04.04 16:08:22.052,1.46029,1.4605,2.40,1.50
2013.04.04 16:08:22.189,1.46031,1.4605,1.13,1.50
2013.04.04 16:08:22.499,1.46035,1.46052,1.13,1.65
2013.04.04 16:08:22.688,1.46032,1.4605,1.80,1.50
2013.04.04 16:08:22.899,1.46034,1.4605,1.65,1.50
2013.04.04 16:08:23.629,1.46037,1.46052,1.13,1.13
2013.04.04 16:08:23.848,1.46037,1.46054,1.13,2.78
2013.04.04 16:08:24.348,1.46035,1.46054,1.05,2.78
2013.04.04 16:08:24.418,1.46033,1.46054,1.13,2.78
2013.04.04 16:08:24.488,1.46033,1.46054,1.13,3.53
2013.04.04 16:08:25.418,1.4603,1.46052,1.80,1.50
2013.04.04 16:08:25.490,1.4603,1.46051,1.05,1.50
2013.04.04 16:08:26.195,1.46028,1.4605,1.65,1.50
2013.04.04 16:08:26.527,1.46032,1.4605,1.65,1.50
2013.04.04 16:08:28.388,1.46034,1.4605,1.13,1.50
2013.04.04 16:08:28.459,1.46036,1.46053,1.28,1.50
2013.04.04 16:08:28.652,1.46041,1.46059,1.65,2.25
2013.04.04 16:08:28.898,1.46042,1.46063,1.43,1.50
2013.04.04 16:08:29.318,1.46042,1.46058,1.28,1.13
2013.04.04 16:08:29.680,1.4603,1.46047,1.28,1.13
2013.04.04 16:08:29.750,1.46033,1.46054,2.55,2.25
2013.04.04 16:08:29.820,1.46034,1.46054,1.13,2.25
2013.04.04 16:08:29.949,1.46034,1.46055,1.13,1.88
2013.04.04 16:08:31.894,1.46036,1.46058,1.65,2.25
2013.04.04 16:08:34.487,1.46038,1.46058,1.13,3.00
2013.04.04 16:08:36.213,1.46039,1.46062,2.40,1.50
2013.04.04 16:08:38.728,1.46041,1.46063,1.65,2.25
2013.04.04 16:08:39.675,1.46041,1.46063,1.88,1.50
2013.04.04 16:08:39.747,1.46045,1.46066,1.65,1.65
2013.04.04 16:08:42.740,1.46048,1.46066,1.05,1.50
2013.04.04 16:08:42.810,1.46054,1.46069,1.65,1.50
2013.04.04 16:08:42.879,1.46056,1.46069,1.65,1.50
2013.04.04 16:08:43.198,1.46052,1.46073,2.40,1.50
2013.04.04 16:08:43.448,1.46052,1.46075,2.40,2.40
2013.04.04 16:08:43.699,1.46053,1.46075,1.65,1.65
2013.04.04 16:08:43.888,1.46056,1.46077,1.65,2.25
2013.04.04 16:08:45.079,1.46056,1.46077,2.40,1.50
2013.04.04 16:08:47.948,1.46057,1.46078,2.40,1.65
2013.04.04 16:08:48.018,1.46058,1.46078,1.13,1.50
2013.04.04 16:08:48.339,1.46074,1.46088,1.13,1.50
2013.04.04 16:08:48.410,1.46074,1.46093,1.13,1.50
2013.04.04 16:08:48.599,1.46075,1.46097,1.65,1.65
2013.04.04 16:08:48.979,1.46073,1.46096,1.50,2.40
2013.04.04 16:08:49.049,1.46071,1.46094,2.93,1.65
2013.04.04 16:08:49.120,1.46071,1.46093,2.93,1.50
2013.04.04 16:08:49.429,1.46068,1.46088,1.43,1.13
2013.04.04 16:08:49.800,1.46068,1.46088,1.43,2.63
2013.04.04 16:08:51.000,1.46067,1.46088,2.40,1.88
2013.04.04 16:08:51.250,1.46067,1.46088,1.50,2.25
2013.04.04 16:08:51.560,1.46058,1.46072,1.13,1.50
2013.04.04 16:08:51.829,1.46049,1.46069,1.35,1.50
2013.04.04 16:08:51.898,1.46047,1.46069,1.65,1.50
2013.04.04 16:08:51.968,1.46047,1.46069,2.55,1.50
2013.04.04 16:08:52.039,1.46049,1.46069,1.13,1.50
2013.04.04 16:08:52.588,1.46049,1.46069,1.13,1.50
2013.04.04 16:08:53.107,1.46049,1.4607,1.13,1.50
2013.04.04 16:08:53.728,1.46049,1.46068,1.13,1.50
2013.04.04 16:08:54.907,1.46049,1.46068,1.13,1.50
2013.04.04 16:08:56.298,1.46048,1.46067,1.50,1.50
2013.04.04 16:08:56.370,1.46046,1.46063,1.28,1.65
2013.04.04 16:08:56.680,1.46045,1.46063,1.28,2.03
2013.04.04 16:08:56.748,1.46045,1.46063,1.28,1.28
2013.04.04 16:08:56.810,1.46047,1.46066,1.50,2.03
2013.04.04 16:08:57.129,1.46053,1.46069,1.50,1.28
2013.04.04 16:08:57.261,1.46047,1.46069,1.50,1.28
2013.04.04 16:08:57.391,1.46045,1.46067,2.78,1.65
2013.04.04 16:08:57.898,1.46045,1.46065,1.65,1.50
2013.04.04 16:08:58.159,1.46049,1.46067,1.13,1.50
2013.04.04 16:08:58.230,1.46049,1.46069,1.13,1.50
2013.04.04 16:08:58.300,1.46053,1.4607,1.88,1.50
2013.04.04 16:08:58.730,1.46054,1.46074,1.65,1.50
2013.04.04 16:08:59.562,1.46056,1.46075,1.13,1.13
2013.04.04 16:08:59.890,1.46067,1.46079,1.50,1.28
2013.04.04 16:08:59.960,1.46067,1.46086,1.50,1.28
2013.04.04 16:09:02.129,1.46068,1.46083,1.13,1.50
2013.04.04 16:09:02.198,1.46067,1.46079,1.13,2.25
2013.04.04 16:09:02.269,1.46062,1.46079,1.65,2.25
2013.04.04 16:09:02.639,1.46058,1.46079,1.65,2.18
2013.04.04 16:09:02.710,1.46057,1.46075,1.05,1.50
2013.04.04 16:09:02.780,1.46054,1.46074,1.88,1.50
2013.04.04 16:09:03.533,1.46054,1.46073,1.13,1.50
2013.04.04 16:09:03.599,1.46049,1.4607,1.65,1.50
2013.04.04 16:09:03.668,1.46047,1.46069,1.65,2.40
2013.04.04 16:09:04.109,1.46043,1.46066,1.88,3.00
2013.04.04 16:09:05.739,1.46047,1.46066,1.65,2.25
2013.04.04 16:09:06.268,1.46047,1.46065,1.65,2.25
2013.04.04 16:09:06.621,1.46039,1.46053,1.13,1.50
2013.04.04 16:09:06.887,1.46041,1.46061,1.88,1.28
2013.04.04 16:09:06.947,1.46043,1.46061,1.13,1.28
2013.04.04 16:09:07.010,1.46044,1.46064,1.88,2.25
2013.04.04 16:09:07.927,1.46044,1.46064,1.88,2.25
2013.04.04 16:09:08.275,1.46039,1.46059,1.65,2.25
2013.04.04 16:09:08.469,1.4604,1.46059,1.28,1.28
2013.04.04 16:09:08.599,1.46043,1.46062,2.03,1.28
2013.04.04 16:09:08.728,1.46045,1.46064,1.13,1.50
2013.04.04 16:09:10.681,1.46045,1.46064,1.13,1.88
2013.04.04 16:09:10.752,1.46045,1.46061,1.13,1.50
2013.04.04 16:09:10.817,1.46042,1.46064,1.58,2.63
2013.04.04 16:09:10.879,1.46042,1.46061,1.58,1.58
2013.04.04 16:09:11.199,1.46034,1.46056,1.65,2.25
2013.04.04 16:09:11.269,1.46034,1.46057,1.65,2.55
2013.04.04 16:09:11.400,1.46031,1.46054,2.40,1.43
2013.04.04 16:09:11.708,1.4603,1.46049,2.40,1.50
2013.04.04 16:09:12.018,1.46027,1.46048,1.65,2.25
2013.04.04 16:09:13.009,1.46027,1.46047,2.40,1.50
2013.04.04 16:09:14.494,1.46031,1.46053,1.88,1.50
2013.04.04 16:09:15.283,1.46034,1.46054,1.05,1.88
2013.04.04 16:09:15.347,1.46034,1.46054,1.05,2.63
2013.04.04 16:09:15.529,1.46031,1.4605,1.50,1.28
2013.04.04 16:09:15.599,1.46031,1.4605,2.25,1.28
2013.04.04 16:09:15.918,1.46034,1.46054,1.65,2.03
2013.04.04 16:09:16.426,1.46036,1.46054,1.88,1.13
2013.04.04 16:09:16.751,1.46042,1.46056,1.88,2.03
2013.04.04 16:09:16.819,1.46046,1.46058,1.65,1.28
2013.04.04 16:09:17.010,1.46042,1.46061,1.88,1.28
2013.04.04 16:09:17.090,1.46042,1.46063,1.88,3.38
2013.04.04 16:09:18.228,1.46044,1.46061,1.65,1.28
2013.04.04 16:09:18.299,1.46038,1.46058,1.50,1.13
2013.04.04 16:09:18.371,1.46038,1.46054,1.50,1.50
2013.04.04 16:09:18.559,1.46032,1.46053,1.65,1.50
2013.04.04 16:09:18.748,1.46032,1.46053,1.65,2.03
2013.04.04 16:09:18.948,1.46029,1.46049,2.55,1.50
2013.04.04 16:09:19.011,1.46029,1.46049,2.40,1.65
2013.04.04 16:09:19.350,1.46026,1.46045,1.65,1.50
2013.04.04 16:09:19.679,1.46031,1.46047,1.50,1.50
2013.04.04 16:09:19.748,1.46032,1.46051,2.40,1.50
2013.04.04 16:09:19.809,1.46034,1.46053,1.65,1.88
2013.04.04 16:09:20.249,1.46036,1.46053,2.25,1.13
2013.04.04 16:09:20.319,1.46036,1.46053,1.50,1.88
2013.04.04 16:09:20.868,1.46036,1.46053,1.50,1.13
2013.04.04 16:09:21.369,1.46034,1.46053,1.65,1.13
2013.04.04 16:09:22.180,1.46034,1.46054,1.65,1.65
2013.04.04 16:09:24.658,1.46036,1.46054,1.50,1.13
2013.04.04 16:09:25.264,1.46036,1.46054,1.88,1.13
2013.04.04 16:09:25.595,1.4604,1.46055,1.13,1.13
2013.04.04 16:09:25.958,1.46041,1.46061,1.65,3.15
2013.04.04 16:09:26.508,1.4604,1.4606,1.13,1.50
2013.04.04 16:09:27.069,1.46041,1.46061,1.65,3.90
2013.04.04 16:09:27.558,1.4604,1.4606,1.13,1.50
2013.04.04 16:09:28.058,1.4604,1.4606,1.13,1.50
2013.04.04 16:09:28.249,1.46037,1.46058,1.50,2.78
2013.04.04 16:09:28.620,1.46036,1.46056,1.88,2.25
2013.04.04 16:09:28.959,1.46032,1.46049,1.50,1.50
2013.04.04 16:09:29.270,1.46024,1.46046,2.25,1.13
2013.04.04 16:09:29.400,1.46025,1.46048,1.65,1.05
2013.04.04 16:09:29.468,1.46026,1.46049,1.50,2.03
2013.04.04 16:09:29.528,1.46029,1.46049,1.50,1.80
2013.04.04 16:09:29.590,1.46029,1.46049,1.88,1.13
2013.04.04 16:09:29.719,1.46029,1.46049,1.65,1.28
2013.04.04 16:09:29.789,1.46032,1.46049,1.50,1.28
2013.04.04 16:09:30.469,1.46033,1.46053,2.40,1.65
2013.04.04 16:09:30.659,1.46033,1.46054,2.40,2.40
2013.04.04 16:09:32.179,1.46037,1.46055,1.50,1.65
2013.04.04 16:09:32.248,1.46037,1.46057,1.50,1.13
2013.04.04 16:09:32.438,1.46036,1.46057,3.00,1.50
2013.04.04 16:09:32.508,1.46036,1.46057,3.15,1.28
2013.04.04 16:09:33.027,1.46036,1.46057,1.65,2.03
2013.04.04 16:09:35.560,1.46036,1.46057,1.65,1.28
2013.04.04 16:09:35.689,1.46041,1.46057,1.65,1.13
2013.04.04 16:09:36.233,1.46041,1.46059,1.65,1.50
2013.04.04 16:09:36.687,1.46041,1.4606,1.65,2.25
2013.04.04 16:09:38.263,1.46041,1.4606,1.65,1.50
2013.04.04 16:09:40.011,1.4604,1.4606,1.65,1.50
2013.04.04 16:09:40.410,1.46041,1.46065,2.40,3.90
2013.04.04 16:09:42.149,1.46042,1.46064,1.65,1.50
2013.04.04 16:09:42.704,1.46042,1.46064,1.65,1.50
2013.04.04 16:09:43.190,1.46045,1.46066,1.50,1.65
2013.04.04 16:09:43.439,1.46045,1.46066,1.50,1.65
2013.04.04 16:09:44.281,1.46055,1.46074,1.50,1.65
2013.04.04 16:09:44.729,1.46054,1.46076,1.50,2.40
2013.04.04 16:09:45.360,1.46053,1.46076,2.25,2.40
2013.04.04 16:09:45.429,1.46053,1.46074,1.50,1.65
2013.04.04 16:09:45.977,1.46053,1.46074,1.50,2.40
2013.04.04 16:09:46.288,1.46053,1.4607,1.50,1.50
2013.04.04 16:09:46.837,1.4605,1.46069,1.65,1.50
2013.04.04 16:09:47.498,1.46049,1.46069,2.03,1.65
2013.04.04 16:09:48.330,1.4605,1.46071,1.50,1.28
2013.04.04 16:09:48.889,1.4605,1.46071,1.65,1.13
2013.04.04 16:09:49.139,1.4605,1.46072,1.65,3.15
2013.04.04 16:09:49.208,1.46049,1.46071,2.93,1.13
2013.04.04 16:09:49.459,1.46047,1.46066,3.08,1.65
2013.04.04 16:09:49.588,1.46048,1.46069,1.88,2.63
2013.04.04 16:09:49.718,1.4605,1.46069,1.50,2.40
2013.04.04 16:09:50.028,1.46047,1.46069,4.50,1.65
2013.04.04 16:09:50.088,1.46047,1.46066,1.28,1.50
2013.04.04 16:09:50.519,1.46044,1.46062,1.50,1.50
2013.04.04 16:09:50.767,1.46042,1.46062,2.18,1.50
2013.04.04 16:09:51.307,1.46042,1.46061,1.65,1.50
2013.04.04 16:09:51.958,1.46042,1.46061,2.40,1.50
2013.04.04 16:09:52.935,1.46041,1.46061,1.65,2.25
2013.04.04 16:09:53.111,1.46041,1.46061,1.65,2.25
2013.04.04 16:09:54.767,1.4604,1.46059,1.50,1.65
2013.04.04 16:09:55.317,1.46038,1.46058,1.50,1.65
2013.04.04 16:09:55.618,1.46039,1.46058,1.13,1.50
2013.04.04 16:09:56.148,1.4604,1.46058,1.65,1.50
2013.04.04 16:09:56.818,1.4604,1.46059,2.25,1.65
2013.04.04 16:09:57.178,1.46037,1.46058,2.40,1.65
2013.04.04 16:09:59.297,1.46037,1.46058,2.40,2.40
2013.04.04 16:10:00.308,1.46037,1.46058,2.25,2.63
2013.04.04 16:10:00.845,1.46033,1.46055,1.50,1.65
2013.04.04 16:10:05.698,1.46033,1.46057,1.50,3.15
2013.04.04 16:10:05.958,1.46032,1.46054,2.40,1.65
2013.04.04 16:10:06.585,1.46032,1.46054,2.40,1.65
2013.04.04 16:10:07.186,1.46032,1.46054,2.40,1.65
2013.04.04 16:10:07.745,1.46032,1.46054,2.40,1.65
2013.04.04 16:10:08.567,1.46032,1.46054,1.65,2.40
2013.04.04 16:10:09.588,1.46032,1.46053,1.65,1.28
2013.04.04 16:10:09.768,1.4603,1.46052,3.00,1.13
2013.04.04 16:10:10.089,1.46027,1.46045,1.13,1.13
2013.04.04 16:10:10.638,1.46021,1.46044,3.15,1.73
2013.04.04 16:10:11.809,1.46022,1.46044,1.65,1.65
2013.04.04 16:10:12.459,1.46025,1.46045,1.65,1.50
2013.04.04 16:10:13.570,1.46027,1.46046,1.65,2.40
2013.04.04 16:10:14.491,1.46027,1.46044,1.65,1.50
2013.04.04 16:10:14.838,1.46016,1.46037,1.50,2.63
2013.04.04 16:10:15.151,1.46016,1.46036,1.50,1.65
2013.04.04 16:10:15.880,1.46016,1.46036,1.50,1.65
2013.04.04 16:10:16.128,1.46015,1.46036,1.50,1.65
2013.04.04 16:10:16.929,1.46013,1.46035,1.50,1.65
2013.04.04 16:10:17.179,1.46013,1.46035,1.50,1.65
2013.04.04 16:10:21.728,1.46016,1.46036,1.50,1.13
2013.04.04 16:10:22.337,1.46016,1.46036,1.50,1.13
2013.04.04 16:10:23.679,1.46018,1.46038,1.50,1.65
2013.04.04 16:10:23.748,1.4602,1.46038,1.50,1.50
2013.04.04 16:10:24.258,1.46022,1.46039,1.65,1.13
2013.04.04 16:10:24.698,1.46023,1.46044,1.50,1.65
2013.04.04 16:10:25.738,1.46023,1.46042,1.50,2.25
2013.04.04 16:10:26.059,1.46028,1.46043,1.50,1.50
2013.04.04 16:10:26.368,1.46036,1.46053,1.13,1.28
2013.04.04 16:10:26.427,1.46036,1.46052,1.13,2.03
2013.04.04 16:10:26.728,1.46038,1.46051,1.13,1.05
2013.04.04 16:10:26.979,1.46032,1.46051,1.88,1.05
2013.04.04 16:10:27.048,1.46032,1.46051,1.65,1.05
2013.04.04 16:10:27.120,1.46029,1.4605,1.13,2.10
2013.04.04 16:10:27.434,1.46031,1.46047,1.13,1.35
2013.04.04 16:10:27.635,1.46029,1.46047,1.05,1.35
2013.04.04 16:10:27.819,1.46028,1.46045,1.65,1.50
2013.04.04 16:10:28.070,1.46021,1.4604,1.13,1.28
2013.04.04 16:10:28.318,1.46022,1.46041,1.65,2.18
2013.04.04 16:10:28.801,1.46023,1.4604,1.13,1.28
2013.04.04 16:10:29.048,1.4602,1.46039,1.05,1.50
2013.04.04 16:10:29.178,1.46017,1.46039,1.13,3.00
2013.04.04 16:10:29.719,1.46017,1.46038,1.13,1.88
2013.04.04 16:10:29.791,1.46017,1.46038,1.88,2.63
2013.04.04 16:10:29.918,1.46014,1.46035,1.80,1.65
2013.04.04 16:10:30.628,1.46013,1.46034,1.65,1.65
2013.04.04 16:10:32.161,1.46012,1.46034,1.65,1.65
2013.04.04 16:10:32.480,1.46011,1.46032,2.25,1.80
2013.04.04 16:10:32.609,1.46008,1.46029,1.50,1.95
2013.04.04 16:10:32.682,1.46007,1.46028,1.50,1.43
2013.04.04 16:10:32.989,1.46011,1.46031,2.25,1.50
2013.04.04 16:10:33.487,1.4601,1.4603,2.25,1.65
2013.04.04 16:10:33.669,1.46014,1.46033,1.65,2.03
2013.04.04 16:10:34.428,1.46014,1.46031,1.65,1.50
2013.04.04 16:10:35.129,1.46013,1.46033,1.65,2.03
2013.04.04 16:10:36.128,1.46014,1.46033,1.65,2.03
2013.04.04 16:10:36.490,1.46016,1.46033,1.50,1.28
2013.04.04 16:10:36.560,1.46017,1.46035,1.50,1.35
2013.04.04 16:10:36.630,1.46017,1.46036,1.50,2.18
2013.04.04 16:10:36.878,1.46016,1.46036,1.13,1.50
2013.04.04 16:10:39.879,1.46018,1.46038,1.65,1.50
2013.04.04 16:10:40.429,1.46017,1.46036,1.65,1.50
2013.04.04 16:10:42.929,1.46021,1.46037,1.13,1.50
2013.04.04 16:10:43.436,1.46022,1.4604,1.65,1.28
2013.04.04 16:10:43.737,1.46023,1.46042,1.13,1.95
2013.04.04 16:10:45.417,1.46022,1.46042,1.50,1.95
2013.04.04 16:10:45.670,1.46021,1.4604,1.65,3.53
2013.04.04 16:10:47.547,1.46019,1.46038,1.13,1.28
2013.04.04 16:10:47.788,1.46018,1.46038,1.65,1.28
2013.04.04 16:10:49.078,1.46016,1.46037,1.13,1.65
2013.04.04 16:10:49.138,1.46016,1.46035,1.50,1.13
2013.04.04 16:10:49.199,1.46014,1.46031,2.40,1.13
2013.04.04 16:10:49.328,1.46014,1.46031,1.50,3.00
2013.04.04 16:10:49.388,1.46013,1.46031,1.50,1.13
2013.04.04 16:10:49.570,1.46009,1.46031,1.50,2.03
2013.04.04 16:10:49.757,1.46008,1.46029,3.75,1.65
2013.04.04 16:10:50.151,1.46008,1.46029,2.25,1.65
2013.04.04 16:10:50.660,1.46006,1.46026,1.65,1.50
2013.04.04 16:10:51.128,1.46003,1.46026,1.88,3.00
2013.04.04 16:10:53.175,1.46007,1.46026,1.50,2.25
2013.04.04 16:10:53.393,1.46003,1.46025,1.65,1.65
2013.04.04 16:10:53.968,1.46003,1.46026,2.40,2.63
2013.04.04 16:10:54.351,1.46011,1.46026,1.50,1.50
2013.04.04 16:10:55.036,1.46009,1.46027,1.13,1.13
2013.04.04 16:10:55.097,1.46009,1.4603,1.88,2.03
2013.04.04 16:10:55.997,1.46011,1.46031,2.40,1.43
2013.04.04 16:10:57.467,1.46011,1.46031,1.65,2.18
2013.04.04 16:10:57.997,1.46011,1.46033,2.40,1.43
2013.04.04 16:10:58.868,1.46016,1.46033,1.50,1.43
2013.04.04 16:10:58.928,1.46016,1.46034,1.50,1.28
2013.04.04 16:10:59.058,1.46019,1.46038,1.50,1.13
2013.04.04 16:11:01.168,1.46019,1.46038,1.50,1.13
2013.04.04 16:11:01.971,1.4602,1.46039,1.50,1.13
2013.04.04 16:11:02.370,1.46017,1.46038,1.50,1.88
2013.04.04 16:11:02.830,1.46015,1.46038,2.25,1.13
2013.04.04 16:11:03.080,1.46015,1.46036,1.50,2.40
2013.04.04 16:11:04.258,1.46015,1.46036,1.50,1.65
2013.04.04 16:11:05.038,1.46014,1.46036,2.40,1.65
2013.04.04 16:11:06.348,1.46014,1.46036,3.38,1.50
2013.04.04 16:11:06.543,1.46017,1.46038,2.40,1.50
2013.04.04 16:11:07.049,1.46017,1.46039,1.65,2.40
2013.04.04 16:11:07.608,1.4602,1.46039,2.25,1.65
2013.04.04 16:11:08.452,1.4602,1.46039,1.50,2.55
2013.04.04 16:11:08.603,1.46015,1.46034,1.50,1.50
2013.04.04 16:11:10.049,1.46017,1.46038,1.50,2.40
2013.04.04 16:11:10.118,1.46016,1.46038,2.25,3.15
2013.04.04 16:11:10.659,1.46019,1.46038,1.50,2.40
2013.04.04 16:11:10.729,1.46019,1.46038,1.50,2.40
2013.04.04 16:11:10.798,1.46019,1.46038,1.50,1.65
2013.04.04 16:11:10.858,1.46016,1.46037,1.50,2.40
2013.04.04 16:11:11.340,1.46016,1.46033,1.50,1.50
2013.04.04 16:11:11.888,1.46015,1.46033,1.65,1.50
2013.04.04 16:11:22.158,1.46016,1.46037,1.88,3.75
2013.04.04 16:11:22.528,1.46022,1.46038,1.50,2.25
2013.04.04 16:11:22.838,1.46022,1.46041,1.50,1.65
2013.04.04 16:11:23.394,1.4602,1.4604,1.65,1.65
2013.04.04 16:11:23.991,1.46019,1.4604,1.65,2.40
2013.04.04 16:11:24.528,1.46019,1.46039,1.65,1.28
2013.04.04 16:11:25.318,1.46019,1.4604,1.65,2.40
2013.04.04 16:11:25.391,1.46012,1.46034,1.65,2.93
2013.04.04 16:11:29.307,1.46012,1.46033,2.25,1.88
2013.04.04 16:11:29.682,1.4601,1.46029,1.50,2.25
2013.04.04 16:11:30.648,1.46012,1.46029,1.65,1.50
2013.04.04 16:11:30.768,1.46012,1.46033,3.15,2.78
2013.04.04 16:11:32.327,1.46012,1.46032,2.25,1.13
2013.04.04 16:11:32.758,1.46011,1.46029,2.25,1.65
2013.04.04 16:11:33.078,1.46014,1.46034,1.65,2.18
2013.04.04 16:11:33.390,1.46017,1.46038,1.50,1.88
2013.04.04 16:11:33.538,1.46019,1.4604,1.50,1.65
2013.04.04 16:11:33.721,1.46018,1.46038,1.65,1.50
2013.04.04 16:11:33.847,1.4602,1.4604,1.50,1.65
2013.04.04 16:11:36.320,1.46021,1.4604,1.50,1.65
2013.04.04 16:11:39.130,1.46021,1.4604,1.50,1.65
2013.04.04 16:11:39.259,1.46021,1.4604,2.25,1.65
2013.04.04 16:11:39.709,1.46021,1.4604,1.50,1.80
2013.04.04 16:11:40.778,1.46018,1.46036,1.28,1.65
2013.04.04 16:11:41.149,1.46016,1.46036,1.50,1.65
2013.04.04 16:11:42.838,1.46014,1.46036,2.40,1.65
2013.04.04 16:11:44.048,1.46014,1.46035,1.65,1.05
2013.04.04 16:11:44.595,1.46013,1.46032,2.25,1.65
2013.04.04 16:11:45.148,1.46013,1.46034,1.65,1.50
2013.04.04 16:11:45.219,1.46014,1.46035,1.65,2.63
2013.04.04 16:11:48.599,1.46014,1.46034,2.25,1.13
2013.04.04 16:11:48.929,1.46013,1.46033,2.25,1.65
2013.04.04 16:11:49.668,1.46013,1.46033,1.50,1.65
2013.04.04 16:11:49.909,1.46012,1.46033,2.25,1.65
2013.04.04 16:11:50.593,1.4601,1.46033,1.50,2.40
2013.04.04 16:11:50.663,1.4601,1.46033,1.50,2.40
2013.04.04 16:11:50.733,1.46005,1.46028,2.78,1.88
2013.04.04 16:11:50.919,1.46004,1.46024,1.50,1.13
2013.04.04 16:11:50.990,1.46002,1.46024,1.13,1.88
2013.04.04 16:11:52.208,1.46001,1.46023,3.00,1.13
2013.04.04 16:11:52.518,1.46003,1.46024,1.65,3.30
2013.04.04 16:11:52.649,1.46009,1.46024,1.65,1.88
2013.04.04 16:11:52.719,1.46009,1.46028,1.65,2.25
2013.04.04 16:11:52.788,1.4601,1.46028,1.50,1.88
2013.04.04 16:11:52.847,1.4601,1.46028,1.50,1.50
2013.04.04 16:11:54.803,1.4601,1.46028,1.50,1.50
2013.04.04 16:11:54.927,1.46009,1.46026,1.50,1.65
2013.04.04 16:11:54.987,1.46005,1.46026,1.28,1.65
2013.04.04 16:11:55.286,1.46,1.46022,1.13,1.88
2013.04.04 16:11:55.407,1.46003,1.46022,1.65,1.13
2013.04.04 16:11:56.613,1.46002,1.46023,1.65,2.03
2013.04.04 16:11:57.127,1.46002,1.46023,1.65,1.50
2013.04.04 16:11:58.378,1.46002,1.46023,1.65,1.50
2013.04.04 16:12:00.808,1.46003,1.46024,1.65,2.25
2013.04.04 16:12:03.168,1.46001,1.46023,1.50,1.28
2013.04.04 16:12:05.467,1.45997,1.4602,1.43,1.65
2013.04.04 16:12:07.638,1.46002,1.4602,1.50,1.50
2013.04.04 16:12:07.940,1.46002,1.46019,1.50,1.13
2013.04.04 16:12:08.008,1.45998,1.46019,2.25,1.13
2013.04.04 16:12:08.340,1.45997,1.4602,1.65,2.40
2013.04.04 16:12:09.269,1.45999,1.4602,2.25,1.65
2013.04.04 16:12:09.579,1.46001,1.46021,1.50,1.43
2013.04.04 16:12:14.459,1.46003,1.46023,2.03,1.50
2013.04.04 16:12:14.589,1.46005,1.46023,1.88,1.50
2013.04.04 16:12:15.100,1.46006,1.46027,1.50,2.18
2013.04.04 16:12:15.168,1.46006,1.46027,1.50,1.65
2013.04.04 16:12:15.911,1.46005,1.46027,1.50,1.65
2013.04.04 16:12:18.722,1.46006,1.46027,1.50,1.65
2013.04.04 16:12:19.730,1.46006,1.46027,1.50,1.65
2013.04.04 16:12:20.639,1.46006,1.46027,2.25,1.65
2013.04.04 16:12:21.240,1.46007,1.46027,1.50,1.65
2013.04.04 16:12:21.439,1.46006,1.46027,1.50,1.65
2013.04.04 16:12:21.569,1.46004,1.46023,1.50,1.13
2013.04.04 16:12:21.758,1.45995,1.46013,2.63,1.65
2013.04.04 16:12:21.880,1.45995,1.46013,2.63,1.65
2013.04.04 16:12:22.009,1.45997,1.46017,1.50,1.88
2013.04.04 16:12:22.520,1.45996,1.46017,1.50,1.88
2013.04.04 16:12:23.637,1.45997,1.46019,1.50,3.00
2013.04.04 16:12:23.697,1.45997,1.46018,1.50,1.50
2013.04.04 16:12:23.998,1.45993,1.46014,1.50,2.40
2013.04.04 16:12:24.607,1.45994,1.46012,1.50,1.50
2013.04.04 16:12:24.789,1.45991,1.46009,1.50,1.50
2013.04.04 16:12:24.918,1.45989,1.46009,1.50,1.50
2013.04.04 16:12:25.159,1.45981,1.46004,2.63,1.50
2013.04.04 16:12:25.538,1.45983,1.46004,1.50,1.50
2013.04.04 16:12:26.087,1.45984,1.46005,1.50,2.03
2013.04.04 16:12:26.628,1.45984,1.46005,1.50,2.03
2013.04.04 16:12:29.800,1.45985,1.46005,1.50,2.03
2013.04.04 16:12:29.930,1.45984,1.46004,1.50,1.50
2013.04.04 16:12:33.259,1.45982,1.46004,2.40,1.65
2013.04.04 16:12:34.351,1.45982,1.46004,1.65,1.65
2013.04.04 16:12:35.868,1.45983,1.46004,1.88,1.50
2013.04.04 16:12:35.929,1.45985,1.46005,1.65,1.50
2013.04.04 16:12:36.119,1.45986,1.46007,1.65,1.65
2013.04.04 16:12:37.178,1.45985,1.46006,1.50,1.88
2013.04.04 16:12:37.489,1.45984,1.46005,1.50,1.65
2013.04.04 16:12:38.151,1.45986,1.46005,1.50,1.65
2013.04.04 16:12:38.398,1.45986,1.46006,1.50,2.40
2013.04.04 16:12:40.329,1.45985,1.46006,1.65,1.65
2013.04.04 16:12:42.207,1.4598,1.46,1.50,2.03
2013.04.04 16:12:42.279,1.45978,1.45999,3.00,2.03
2013.04.04 16:12:42.468,1.45978,1.45999,1.50,2.03
2013.04.04 16:12:42.990,1.45978,1.45999,2.25,1.28
2013.04.04 16:12:45.239,1.45979,1.45999,1.13,1.13
2013.04.04 16:12:47.688,1.45977,1.45999,2.55,1.50
2013.04.04 16:12:47.748,1.45976,1.45999,1.50,1.13
2013.04.04 16:12:47.807,1.45975,1.45996,1.50,2.18
2013.04.04 16:12:47.868,1.45974,1.45993,1.50,1.50
2013.04.04 16:12:48.418,1.45972,1.45992,1.65,1.50
2013.04.04 16:12:48.998,1.45972,1.45993,1.65,3.00
2013.04.04 16:12:49.568,1.45972,1.45992,1.65,1.50
2013.04.04 16:12:49.748,1.45969,1.45989,2.18,1.50
2013.04.04 16:12:49.808,1.45969,1.45989,2.40,1.50
2013.04.04 16:12:50.048,1.45972,1.45992,3.15,1.50
2013.04.04 16:12:50.348,1.45974,1.45995,1.65,1.50
2013.04.04 16:12:52.446,1.45976,1.45995,1.65,1.50
2013.04.04 16:12:52.954,1.45976,1.45995,1.65,1.50
2013.04.04 16:12:54.610,1.45976,1.45996,1.65,1.88
2013.04.04 16:12:56.008,1.45976,1.45996,2.40,1.88
2013.04.04 16:12:58.679,1.45976,1.45998,3.15,2.25
2013.04.04 16:12:59.708,1.45976,1.45998,2.40,2.40
2013.04.04 16:12:59.838,1.45976,1.45997,1.50,1.65
2013.04.04 16:13:00.590,1.45974,1.45996,2.03,2.40
2013.04.04 16:13:01.105,1.45976,1.45997,1.65,1.50
2013.04.04 16:13:02.727,1.45976,1.45997,2.40,2.25
2013.04.04 16:13:03.169,1.45977,1.45999,1.65,2.40
2013.04.04 16:13:03.239,1.45976,1.45999,2.40,1.65
2013.04.04 16:13:03.328,1.45978,1.45999,1.88,1.50
2013.04.04 16:13:04.621,1.45978,1.46001,1.88,1.50
2013.04.04 16:13:06.719,1.45979,1.45999,1.50,1.88
2013.04.04 16:13:06.848,1.45976,1.45996,1.43,1.88
2013.04.04 16:13:07.398,1.45976,1.45996,2.40,1.13
2013.04.04 16:13:07.948,1.45976,1.45996,2.40,1.13
2013.04.04 16:13:08.393,1.45976,1.45998,3.15,1.88
2013.04.04 16:13:09.039,1.45976,1.45998,3.15,1.88
2013.04.04 16:13:09.340,1.45977,1.45998,1.13,1.13
2013.04.04 16:13:09.470,1.45978,1.46,1.13,1.50
2013.04.04 16:13:12.019,1.45976,1.46,2.40,1.65
2013.04.04 16:13:12.568,1.45977,1.45997,1.65,1.50
2013.04.04 16:13:14.798,1.45978,1.45998,1.65,1.28
2013.04.04 16:13:17.130,1.45978,1.45998,1.65,1.28
2013.04.04 16:13:17.199,1.45978,1.45998,2.18,1.28
2013.04.04 16:13:17.938,1.45978,1.45998,1.65,1.28
2013.04.04 16:13:18.647,1.45976,1.45997,2.25,1.88
2013.04.04 16:13:18.768,1.45973,1.45995,1.50,1.65
2013.04.04 16:13:19.127,1.45973,1.45991,2.25,1.13
2013.04.04 16:13:20.338,1.45973,1.45993,1.50,1.50
2013.04.04 16:13:22.542,1.45972,1.45993,2.40,1.50
2013.04.04 16:13:27.458,1.45973,1.45993,1.13,1.50
2013.04.04 16:13:27.518,1.45972,1.45993,2.40,1.50
2013.04.04 16:13:27.649,1.45974,1.45994,1.28,1.65
2013.04.04 16:13:28.178,1.45973,1.45994,2.25,1.65
2013.04.04 16:13:29.099,1.45988,1.45997,1.13,1.50
2013.04.04 16:13:29.289,1.45992,1.46005,1.50,1.50
2013.04.04 16:13:29.417,1.45993,1.4601,1.28,1.13
2013.04.04 16:13:29.478,1.45994,1.46016,1.50,1.50
2013.04.04 16:13:32.050,1.46,1.46018,1.65,1.50
2013.04.04 16:13:32.598,1.46002,1.46022,1.50,1.13
2013.04.04 16:13:32.788,1.46003,1.46025,1.50,2.25
2013.04.04 16:13:32.980,1.46003,1.46025,2.25,1.50
2013.04.04 16:13:33.178,1.46003,1.46025,1.50,2.25
2013.04.04 16:13:36.959,1.46002,1.46024,2.25,1.88
2013.04.04 16:13:38.589,1.46002,1.46023,1.50,2.40
2013.04.04 16:13:39.167,1.46002,1.46023,1.50,2.40
2013.04.04 16:13:39.840,1.46002,1.46022,1.50,1.65
2013.04.04 16:13:39.969,1.46002,1.46019,1.50,1.65
2013.04.04 16:13:40.040,1.45997,1.46012,1.65,1.50
2013.04.04 16:13:40.589,1.45996,1.46012,1.65,1.50
2013.04.04 16:13:42.439,1.45997,1.46013,1.65,1.28
2013.04.04 16:13:43.031,1.45997,1.46013,1.65,1.28
2013.04.04 16:13:43.629,1.45997,1.46014,1.65,1.28
2013.04.04 16:13:44.176,1.45997,1.46014,1.65,2.03
2013.04.04 16:13:44.729,1.45997,1.46013,1.65,1.50
2013.04.04 16:13:46.301,1.45997,1.46014,1.65,1.28
2013.04.04 16:13:46.369,1.45997,1.46013,1.65,1.50
2013.04.04 16:13:46.560,1.45999,1.46018,1.13,1.65
2013.04.04 16:13:48.503,1.46,1.46021,1.88,1.50
2013.04.04 16:13:48.574,1.46001,1.46023,1.65,1.43
2013.04.04 16:13:48.901,1.46003,1.46024,1.65,3.15
2013.04.04 16:13:49.230,1.46005,1.46022,1.13,1.50
2013.04.04 16:13:51.460,1.46006,1.46023,1.50,1.13
2013.04.04 16:13:51.829,1.46006,1.46027,2.03,1.65
2013.04.04 16:13:51.960,1.46008,1.46029,1.50,2.03
2013.04.04 16:13:53.939,1.46008,1.46029,1.50,1.88
2013.04.04 16:13:54.459,1.46008,1.46029,1.50,1.88
2013.04.04 16:13:55.218,1.46008,1.46029,2.25,1.13
2013.04.04 16:13:55.819,1.46008,1.46031,2.78,3.38
2013.04.04 16:13:57.260,1.46009,1.4603,2.25,1.28
2013.04.04 16:14:03.239,1.46011,1.46031,2.25,2.63
2013.04.04 16:14:03.780,1.46011,1.4603,1.28,1.28
2013.04.04 16:14:06.528,1.46011,1.4603,2.18,1.13
2013.04.04 16:14:06.888,1.46021,1.46037,1.65,1.50
2013.04.04 16:14:07.190,1.46025,1.46038,1.13,1.50
2013.04.04 16:14:07.598,1.46025,1.46037,1.13,1.50
2013.04.04 16:14:07.729,1.46026,1.46046,1.65,1.50
2013.04.04 16:14:08.889,1.46026,1.46046,1.65,2.25
2013.04.04 16:14:09.199,1.46021,1.46043,1.43,1.65
2013.04.04 16:14:09.749,1.4602,1.46042,1.65,2.40
2013.04.04 16:14:09.822,1.46021,1.46043,1.88,1.50
2013.04.04 16:14:13.329,1.46024,1.46046,2.40,1.65
2013.04.04 16:14:13.464,1.46024,1.46046,2.40,1.65
2013.04.04 16:14:15.639,1.46024,1.46045,1.65,1.65
2013.04.04 16:14:15.889,1.46024,1.46045,1.65,1.65
2013.04.04 16:14:16.988,1.46019,1.46043,1.43,3.38
2013.04.04 16:14:18.588,1.46019,1.46042,2.18,2.03
2013.04.04 16:14:23.125,1.46021,1.46042,1.50,1.65
2013.04.04 16:14:26.500,1.46019,1.46043,2.18,3.38
2013.04.04 16:14:26.818,1.46021,1.46043,1.50,2.63
2013.04.04 16:14:31.948,1.46021,1.46043,2.25,1.88
2013.04.04 16:14:32.498,1.46023,1.46043,1.50,1.88
2013.04.04 16:14:33.023,1.46023,1.46043,1.50,1.65
2013.04.04 16:14:34.609,1.46021,1.46043,2.25,1.88
2013.04.04 16:14:35.158,1.46021,1.46039,1.13,1.50
2013.04.04 16:14:35.869,1.46022,1.46043,1.50,1.99
2013.04.04 16:14:35.938,1.46022,1.46043,2.25,1.24
2013.04.04 16:14:36.389,1.46019,1.46043,3.15,1.99
2013.04.04 16:14:36.868,1.46021,1.46043,1.65,1.50
2013.04.04 16:14:37.399,1.46021,1.46044,2.40,3.00
2013.04.04 16:14:37.649,1.46021,1.46044,2.40,2.25
2013.04.04 16:14:39.039,1.46023,1.46044,1.65,1.50
2013.04.04 16:14:39.518,1.46023,1.46044,1.65,1.50
2013.04.04 16:14:39.759,1.46019,1.46039,1.28,1.65
2013.04.04 16:14:39.829,1.46017,1.46036,1.50,1.13
2013.04.04 16:14:39.959,1.46013,1.46034,2.18,2.40
2013.04.04 16:14:40.452,1.46011,1.46031,1.65,1.13
2013.04.04 16:14:40.521,1.46012,1.46031,1.05,1.13
2013.04.04 16:14:41.069,1.46013,1.46033,1.43,2.03
2013.04.04 16:14:41.139,1.46013,1.46033,1.13,1.88
2013.04.04 16:14:41.517,1.46012,1.46033,2.18,2.03
2013.04.04 16:14:41.848,1.46012,1.46032,1.28,1.88
2013.04.04 16:14:45.108,1.46012,1.46031,2.03,1.50
2013.04.04 16:14:45.168,1.46014,1.46033,1.50,1.43
2013.04.04 16:14:46.500,1.46016,1.46037,1.65,1.88
2013.04.04 16:14:47.368,1.46016,1.46037,1.65,1.13
2013.04.04 16:14:47.624,1.46015,1.46037,1.43,1.88
2013.04.04 16:14:48.248,1.46014,1.46035,2.03,1.65
2013.04.04 16:14:48.488,1.46012,1.46033,3.53,1.65
2013.04.04 16:14:48.998,1.46012,1.46033,3.53,1.65
2013.04.04 16:14:49.269,1.46012,1.46034,3.53,1.65
2013.04.04 16:14:49.578,1.46018,1.46038,2.18,1.65
2013.04.04 16:14:49.878,1.46018,1.46038,1.65,1.65
2013.04.04 16:14:58.408,1.46019,1.4604,2.03,1.65
2013.04.04 16:15:00.360,1.46019,1.4604,2.03,1.65
2013.04.04 16:15:00.970,1.46019,1.4604,2.03,1.65
2013.04.04 16:15:03.178,1.46019,1.46038,2.03,1.65
2013.04.04 16:15:03.564,1.46019,1.4604,1.28,1.65
2013.04.04 16:15:03.819,1.46026,1.46044,1.65,2.25
2013.04.04 16:15:03.894,1.4603,1.46046,1.13,1.28
2013.04.04 16:15:04.201,1.46034,1.46052,2.03,2.25
2013.04.04 16:15:04.330,1.46033,1.46049,1.50,1.50
2013.04.04 16:15:04.458,1.46033,1.46048,1.50,2.18
2013.04.04 16:15:04.639,1.4603,1.46046,1.50,1.50
2013.04.04 16:15:05.718,1.46031,1.46049,1.50,2.03
2013.04.04 16:15:05.980,1.46031,1.46049,2.25,1.50
2013.04.04 16:15:06.829,1.46031,1.46049,1.65,1.50
2013.04.04 16:15:07.726,1.46027,1.46043,1.50,1.13
2013.04.04 16:15:07.801,1.46022,1.46042,2.25,2.25
2013.04.04 16:15:08.628,1.46022,1.46042,2.25,1.65
2013.04.04 16:15:09.220,1.46019,1.46041,1.69,1.88
2013.04.04 16:15:10.169,1.46017,1.46037,3.72,1.65
2013.04.04 16:15:10.880,1.46021,1.46037,1.13,1.50
2013.04.04 16:15:11.013,1.46022,1.46045,1.65,1.43
2013.04.04 16:15:11.082,1.46027,1.46048,2.63,2.03
2013.04.04 16:15:11.638,1.46031,1.4605,2.40,1.13
2013.04.04 16:15:12.117,1.46031,1.46052,1.65,2.40
2013.04.04 16:15:15.770,1.46032,1.46052,1.13,2.25
2013.04.04 16:15:16.090,1.46049,1.46063,1.50,1.50
2013.04.04 16:15:16.221,1.46056,1.46073,1.50,2.63
2013.04.04 16:15:16.290,1.46058,1.46076,1.50,1.13
2013.04.04 16:15:16.479,1.46058,1.46076,1.50,1.13
2013.04.04 16:15:16.849,1.46059,1.4608,1.50,1.50
2013.04.04 16:15:17.642,1.4606,1.46079,1.50,1.65
2013.04.04 16:15:17.949,1.46053,1.46076,2.78,1.50
2013.04.04 16:15:18.019,1.46053,1.46076,2.78,1.50
2013.04.04 16:15:18.148,1.46053,1.46076,2.25,1.50
2013.04.04 16:15:18.643,1.46053,1.46073,1.50,1.65
2013.04.04 16:15:18.995,1.46052,1.46073,1.50,1.50
2013.04.04 16:15:19.509,1.46054,1.46073,1.50,1.65
2013.04.04 16:15:19.631,1.46052,1.46073,1.50,1.65
2013.04.04 16:15:19.699,1.46051,1.46073,3.15,3.00
2013.04.04 16:15:19.769,1.46051,1.46072,2.25,2.03
2013.04.04 16:15:19.899,1.46046,1.46067,2.03,1.65
2013.04.04 16:15:19.970,1.46047,1.46068,1.50,1.65
2013.04.04 16:15:20.040,1.46047,1.46069,1.65,1.43
2013.04.04 16:15:20.111,1.46055,1.46071,1.50,1.13
2013.04.04 16:15:20.358,1.46056,1.46079,2.40,1.13
2013.04.04 16:15:20.429,1.46058,1.4608,1.88,1.28
2013.04.04 16:15:23.601,1.46059,1.46079,2.40,2.25
2013.04.04 16:15:24.398,1.46059,1.46079,1.65,1.28
2013.04.04 16:15:24.646,1.46059,1.4608,1.13,1.28
2013.04.04 16:15:24.709,1.46061,1.46082,1.65,1.05
2013.04.04 16:15:24.899,1.46058,1.46081,3.90,1.28
2013.04.04 16:15:25.407,1.46058,1.46078,3.15,1.28
2013.04.04 16:15:25.529,1.46062,1.4608,1.65,2.03
2013.04.04 16:15:25.599,1.46062,1.46082,2.40,1.05
2013.04.04 16:15:25.908,1.46062,1.46083,2.40,2.03
2013.04.04 16:15:26.228,1.4606,1.46083,1.65,2.18
2013.04.04 16:15:26.660,1.46062,1.46083,1.88,1.28
2013.04.04 16:15:26.788,1.46071,1.46087,2.40,1.28
2013.04.04 16:15:26.849,1.46073,1.46087,1.13,1.28
2013.04.04 16:15:26.969,1.4608,1.46093,1.28,1.28
2013.04.04 16:15:27.280,1.46091,1.46098,1.50,1.50
2013.04.04 16:15:27.350,1.46092,1.46106,1.50,1.50
2013.04.04 16:15:27.419,1.46092,1.46107,1.50,1.13
2013.04.04 16:15:27.490,1.46092,1.46107,1.13,1.13
2013.04.04 16:15:27.679,1.46091,1.46107,1.05,1.13
2013.04.04 16:15:27.889,1.4609,1.46107,1.58,1.13
2013.04.04 16:15:27.959,1.46089,1.46112,1.80,2.63
2013.04.04 16:15:28.518,1.46087,1.46109,1.65,1.50
2013.04.04 16:15:29.025,1.46086,1.46108,1.65,1.65
2013.04.04 16:15:30.208,1.46085,1.46108,3.15,1.50
2013.04.04 16:15:31.178,1.46086,1.46109,1.65,1.50
2013.04.04 16:15:31.800,1.46086,1.46109,1.65,1.50
2013.04.04 16:15:32.208,1.46085,1.46107,3.15,1.50
2013.04.04 16:15:34.689,1.46085,1.46102,1.65,1.13
2013.04.04 16:15:34.758,1.46085,1.46102,1.50,1.88
2013.04.04 16:15:34.819,1.46081,1.46098,1.50,1.65
2013.04.04 16:15:34.889,1.46079,1.46097,2.25,1.65
2013.04.04 16:15:35.019,1.46077,1.46094,1.65,1.50
2013.04.04 16:15:35.148,1.46074,1.46094,2.78,1.50
2013.04.04 16:15:35.390,1.46078,1.46097,1.65,1.20
2013.04.04 16:15:35.462,1.46079,1.46099,1.13,1.95
2013.04.04 16:15:36.420,1.46082,1.46102,1.65,1.13
2013.04.04 16:15:36.549,1.46082,1.46104,1.65,1.35
2013.04.04 16:15:39.976,1.46082,1.46104,2.40,1.43
2013.04.04 16:15:43.642,1.46082,1.46103,2.40,1.28
2013.04.04 16:15:44.968,1.46082,1.46101,1.65,2.03
2013.04.04 16:15:45.390,1.4608,1.461,1.13,1.50
2013.04.04 16:15:45.590,1.46081,1.46101,1.65,2.03
2013.04.04 16:15:45.841,1.46081,1.46096,1.65,1.50
2013.04.04 16:15:45.911,1.46076,1.46095,1.50,2.40
2013.04.04 16:15:46.099,1.46071,1.46091,1.28,1.65
2013.04.04 16:15:46.411,1.46069,1.4609,1.65,1.65
2013.04.04 16:15:47.500,1.46069,1.4609,1.65,1.65
2013.04.04 16:15:47.819,1.46069,1.4609,1.65,1.65
2013.04.04 16:15:48.460,1.46069,1.4609,1.65,1.65
2013.04.04 16:15:48.653,1.46069,1.46091,1.65,2.93
2013.04.04 16:15:48.840,1.46069,1.46091,1.65,2.93
2013.04.04 16:15:49.309,1.46069,1.46091,1.65,2.93
2013.04.04 16:15:53.689,1.46071,1.46091,1.50,1.80
2013.04.04 16:15:54.575,1.46082,1.46096,1.65,2.10
2013.04.04 16:15:54.651,1.46085,1.46105,1.88,1.28
2013.04.04 16:15:54.909,1.46083,1.46101,1.65,1.50
2013.04.04 16:15:55.037,1.46081,1.46099,1.13,1.65
2013.04.04 16:15:55.098,1.46081,1.461,1.65,1.35
2013.04.04 16:15:55.348,1.46083,1.461,1.65,1.13
2013.04.04 16:15:55.469,1.46082,1.46104,2.40,1.43
2013.04.04 16:15:56.028,1.46084,1.46104,1.65,1.43
2013.04.04 16:15:58.269,1.46083,1.46104,1.65,1.43
2013.04.04 16:15:58.339,1.46091,1.46104,2.22,1.28
2013.04.04 16:15:58.528,1.46093,1.46113,2.39,3.00
2013.04.04 16:15:58.588,1.46095,1.46113,2.39,1.50
2013.04.04 16:15:58.731,1.46099,1.46114,1.65,1.50
2013.04.04 16:15:58.799,1.46099,1.46116,2.40,1.13
2013.04.04 16:15:58.859,1.46098,1.46115,1.99,1.50
2013.04.04 16:15:58.980,1.46096,1.46116,1.08,1.28
2013.04.04 16:15:59.741,1.46095,1.46116,1.65,2.03
2013.04.04 16:16:01.399,1.46095,1.46116,1.13,2.25
2013.04.04 16:16:01.708,1.46097,1.46118,2.63,1.65
2013.04.04 16:16:02.021,1.46105,1.46121,1.65,1.50
2013.04.04 16:16:02.329,1.46104,1.46124,1.65,2.03
2013.04.04 16:16:03.128,1.46106,1.46124,1.65,1.50
2013.04.04 16:16:03.369,1.46103,1.46126,1.65,2.25
2013.04.04 16:16:03.500,1.46102,1.46124,2.18,1.13
2013.04.04 16:16:05.480,1.46103,1.46121,1.13,1.28
2013.04.04 16:16:05.790,1.46123,1.46133,1.50,1.28
2013.04.04 16:16:06.111,1.46144,1.46154,1.65,1.58
2013.04.04 16:16:06.184,1.46146,1.46162,1.65,1.13
2013.04.04 16:16:06.255,1.4615,1.46167,1.88,1.28
2013.04.04 16:16:06.321,1.46151,1.46167,1.50,1.28
2013.04.04 16:16:06.392,1.46152,1.46172,1.50,1.35
2013.04.04 16:16:06.459,1.46152,1.46174,1.50,1.50
2013.04.04 16:16:06.709,1.46149,1.46169,1.28,1.50
2013.04.04 16:16:07.029,1.46151,1.46175,1.65,1.65
2013.04.04 16:16:07.099,1.46151,1.46174,1.80,1.50
2013.04.04 16:16:07.921,1.46148,1.46172,1.65,1.50
2013.04.04 16:16:08.480,1.46147,1.46169,1.65,1.50
2013.04.04 16:16:08.812,1.46148,1.4617,1.50,1.50
2013.04.04 16:16:10.661,1.46148,1.46172,1.50,2.40
2013.04.04 16:16:10.851,1.46146,1.46166,1.50,1.50
2013.04.04 16:16:10.919,1.46145,1.46166,1.50,1.50
2013.04.04 16:16:11.107,1.46141,1.46169,1.50,4.09
2013.04.04 16:16:11.167,1.46139,1.46165,2.03,1.43
2013.04.04 16:16:11.228,1.46139,1.46165,1.65,2.78
2013.04.04 16:16:11.289,1.46139,1.46163,1.65,2.03
2013.04.04 16:16:11.598,1.46138,1.46159,1.28,1.50
2013.04.04 16:16:11.718,1.46139,1.4616,1.13,1.28
2013.04.04 16:16:11.838,1.46142,1.46165,1.13,2.03
2013.04.04 16:16:12.017,1.46142,1.46168,1.50,2.03
2013.04.04 16:16:12.257,1.46142,1.46168,1.88,2.03
2013.04.04 16:16:12.560,1.46137,1.46157,1.28,1.50
2013.04.04 16:16:12.629,1.46134,1.46154,1.88,1.50
2013.04.04 16:16:12.809,1.46134,1.46152,1.13,1.50
2013.04.04 16:16:13.178,1.46131,1.46153,1.65,1.50
2013.04.04 16:16:13.449,1.4613,1.46152,1.65,1.50
2013.04.04 16:16:13.699,1.46132,1.46153,1.65,2.25
2013.04.04 16:16:14.612,1.4613,1.46153,3.38,1.50
2013.04.04 16:16:15.130,1.4613,1.46153,1.88,1.50
2013.04.04 16:16:15.261,1.46129,1.4615,1.65,1.50
2013.04.04 16:16:15.328,1.46129,1.4615,1.65,1.50
2013.04.04 16:16:15.928,1.46128,1.46149,1.24,1.50
2013.04.04 16:16:16.618,1.46128,1.46149,1.24,2.25
2013.04.04 16:16:17.358,1.46129,1.46149,1.13,1.50
2013.04.04 16:16:17.860,1.46129,1.4615,1.13,2.03
2013.04.04 16:16:18.235,1.46129,1.46149,1.13,2.25
2013.04.04 16:16:20.139,1.46129,1.46147,1.13,1.50
2013.04.04 16:16:21.254,1.4612,1.46139,2.40,1.50
2013.04.04 16:16:21.649,1.4612,1.46138,1.13,1.50
2013.04.04 16:16:23.540,1.46113,1.46136,2.63,1.65
2013.04.04 16:16:24.608,1.46113,1.46133,1.13,1.50
2013.04.04 16:16:24.790,1.46116,1.46138,1.65,1.65
2013.04.04 16:16:24.979,1.46123,1.4614,1.65,1.13
2013.04.04 16:16:25.109,1.46123,1.46145,2.18,1.65
2013.04.04 16:16:25.430,1.46125,1.46147,1.13,3.38
2013.04.04 16:16:25.678,1.46127,1.46147,2.40,1.13
2013.04.04 16:16:26.040,1.46127,1.46147,1.50,1.50
2013.04.04 16:16:26.168,1.46123,1.46146,2.40,1.65
2013.04.04 16:16:26.348,1.46122,1.46142,1.65,1.50
2013.04.04 16:16:26.709,1.46114,1.46137,1.13,2.25
2013.04.04 16:16:28.228,1.46115,1.46137,2.40,1.80
2013.04.04 16:16:28.418,1.46115,1.46136,1.65,1.28
2013.04.04 16:16:32.149,1.46115,1.46137,1.88,1.50
2013.04.04 16:16:32.209,1.46117,1.46138,1.13,2.78
2013.04.04 16:16:32.780,1.46117,1.46137,1.13,2.25
2013.04.04 16:16:33.329,1.46117,1.46137,1.13,2.25
2013.04.04 16:16:34.179,1.46117,1.46137,1.13,2.25
2013.04.04 16:16:34.500,1.46117,1.46136,1.13,1.50
2013.04.04 16:16:35.048,1.46117,1.46136,1.13,1.50
2013.04.04 16:16:35.423,1.46115,1.46136,1.43,1.50
2013.04.04 16:16:35.948,1.46115,1.46136,1.43,1.50
2013.04.04 16:16:36.452,1.46113,1.46134,1.13,1.50
2013.04.04 16:16:36.918,1.46113,1.46132,1.13,1.50
2013.04.04 16:16:37.048,1.4611,1.46129,2.03,1.05
2013.04.04 16:16:37.109,1.4611,1.46124,1.50,1.50
2013.04.04 16:16:37.419,1.46099,1.4612,1.13,1.50
2013.04.04 16:16:40.099,1.46099,1.4612,1.13,2.25
2013.04.04 16:16:42.346,1.46099,1.4612,1.13,2.25
2013.04.04 16:16:43.438,1.46099,1.46118,1.13,1.05
2013.04.04 16:16:44.005,1.46099,1.46117,1.13,1.28
2013.04.04 16:16:45.478,1.46097,1.46117,1.65,1.28
2013.04.04 16:16:46.014,1.46094,1.46116,2.40,1.50
2013.04.04 16:16:46.517,1.46094,1.46116,2.40,1.50
2013.04.04 16:16:47.398,1.46094,1.46116,2.40,1.50
2013.04.04 16:16:48.765,1.46092,1.46115,2.74,1.65
2013.04.04 16:16:50.439,1.46091,1.46112,1.13,2.03
2013.04.04 16:16:50.510,1.46089,1.46111,1.65,1.65
2013.04.04 16:16:50.699,1.46089,1.46108,1.28,1.50
2013.04.04 16:16:51.000,1.46092,1.46114,1.65,1.65
2013.04.04 16:16:51.429,1.46092,1.46114,1.65,1.65
2013.04.04 16:16:51.728,1.46094,1.46114,1.65,1.65
2013.04.04 16:16:51.789,1.46094,1.46114,1.65,1.65
2013.04.04 16:16:52.109,1.46097,1.46117,1.50,2.40
2013.04.04 16:16:52.758,1.46096,1.46117,2.25,2.40
2013.04.04 16:16:53.299,1.461,1.46117,1.50,2.40
2013.04.04 16:16:55.598,1.461,1.46117,1.50,2.40
2013.04.04 16:16:56.350,1.46099,1.46117,1.50,2.40
2013.04.04 16:16:56.541,1.46102,1.46117,1.50,1.65
2013.04.04 16:16:56.908,1.461,1.46119,1.50,2.40
2013.04.04 16:17:00.208,1.46098,1.46116,1.50,1.50
2013.04.04 16:17:01.629,1.46097,1.46114,2.25,1.28
2013.04.04 16:17:01.688,1.46097,1.46113,1.50,1.28
2013.04.04 16:17:02.435,1.46094,1.46115,1.88,1.43
2013.04.04 16:17:02.818,1.46094,1.46113,2.63,1.65
2013.04.04 16:17:04.099,1.46094,1.46115,1.65,1.65
2013.04.04 16:17:04.581,1.46094,1.46115,1.65,1.65
2013.04.04 16:17:06.107,1.46094,1.46115,1.65,1.65
2013.04.04 16:17:06.960,1.46097,1.46116,1.50,1.65
2013.04.04 16:17:09.690,1.46097,1.46116,1.50,1.65
2013.04.04 16:17:12.939,1.46097,1.46117,2.40,1.28
2013.04.04 16:17:15.251,1.46098,1.46118,1.88,1.50
2013.04.04 16:17:15.562,1.46105,1.46121,1.65,1.50
2013.04.04 16:17:15.868,1.46109,1.46124,1.13,2.03
2013.04.04 16:17:15.929,1.46109,1.46124,1.50,1.28
2013.04.04 16:17:16.058,1.46112,1.46132,1.65,1.80
2013.04.04 16:17:16.118,1.46112,1.46133,1.65,1.20
2013.04.04 16:17:17.288,1.46112,1.46134,1.65,3.60
2013.04.04 16:17:17.349,1.46112,1.46131,1.65,1.50
2013.04.04 16:17:18.025,1.46112,1.46132,1.65,1.05
2013.04.04 16:17:18.296,1.46114,1.46133,1.50,1.05
2013.04.04 16:17:19.244,1.46127,1.46137,1.65,1.28
2013.04.04 16:17:19.329,1.46127,1.46148,2.40,1.28
2013.04.04 16:17:20.398,1.46127,1.46148,3.15,1.28
2013.04.04 16:17:20.918,1.46128,1.46148,1.65,1.50
2013.04.04 16:17:21.849,1.4613,1.4615,1.05,1.50
2013.04.04 16:17:22.159,1.46136,1.46157,2.40,1.65
2013.04.04 16:17:22.289,1.46136,1.46159,2.40,1.65
2013.04.04 16:17:22.349,1.46137,1.46159,1.13,1.50
2013.04.04 16:17:22.408,1.46137,1.4616,1.88,1.65
2013.04.04 16:17:22.899,1.46137,1.4616,1.50,1.65
2013.04.04 16:17:23.438,1.46138,1.4616,2.25,2.40
2013.04.04 16:17:23.798,1.46138,1.46159,2.63,1.50
2013.04.04 16:17:24.779,1.46141,1.4616,2.03,1.65
2013.04.04 16:17:25.090,1.46142,1.4616,1.58,1.28
2013.04.04 16:17:26.201,1.46141,1.4616,1.50,1.28
2013.04.04 16:17:27.190,1.4614,1.4616,2.18,1.28
2013.04.04 16:17:29.148,1.4614,1.46161,1.65,1.28
2013.04.04 16:17:29.328,1.46146,1.46165,1.09,1.28
2013.04.04 16:17:29.809,1.46146,1.46168,3.15,4.50
2013.04.04 16:17:29.878,1.46147,1.46168,1.13,4.50
2013.04.04 16:17:30.609,1.4615,1.46168,1.50,1.65
2013.04.04 16:17:30.740,1.46144,1.46164,1.65,1.50
2013.04.04 16:17:30.811,1.46143,1.46164,2.25,1.65
2013.04.04 16:17:30.999,1.46143,1.46159,1.50,1.50
2013.04.04 16:17:31.139,1.46137,1.46158,2.55,1.50
2013.04.04 16:17:31.328,1.46137,1.46158,1.65,1.50
2013.04.04 16:17:31.470,1.46144,1.46159,1.13,1.50
2013.04.04 16:17:31.540,1.46145,1.46164,1.13,1.50
2013.04.04 16:17:34.059,1.46147,1.46168,1.65,1.50
2013.04.04 16:17:35.529,1.46147,1.46166,2.25,1.50
2013.04.04 16:17:35.654,1.46147,1.46163,1.50,1.50
2013.04.04 16:17:35.958,1.46146,1.46163,1.50,1.50
2013.04.04 16:17:37.061,1.46152,1.46164,1.65,1.50
2013.04.04 16:17:37.190,1.46152,1.46171,1.65,1.50
2013.04.04 16:17:38.499,1.46152,1.46175,3.15,3.15
2013.04.04 16:17:38.930,1.46157,1.46178,1.65,2.40
2013.04.04 16:17:38.998,1.46157,1.46178,1.65,2.40
2013.04.04 16:17:39.300,1.46165,1.46184,1.65,1.88
2013.04.04 16:17:39.870,1.46162,1.46184,1.13,1.13
2013.04.04 16:17:40.057,1.46161,1.46184,2.40,1.13
2013.04.04 16:17:40.619,1.46161,1.46184,3.15,1.13
2013.04.04 16:17:41.138,1.46162,1.46184,1.73,1.88
2013.04.04 16:17:43.440,1.46162,1.46185,1.73,2.25
2013.04.04 16:17:43.630,1.46163,1.46186,1.84,1.28
2013.04.04 16:17:44.787,1.46167,1.46188,1.50,1.65
2013.04.04 16:17:44.883,1.46163,1.46188,2.63,1.65
2013.04.04 16:17:45.198,1.46162,1.46188,3.12,2.78
2013.04.04 16:17:45.498,1.46162,1.46188,3.34,3.30
2013.04.04 16:17:45.877,1.46162,1.46186,2.25,1.28
2013.04.04 16:17:46.189,1.46161,1.46184,1.88,2.25
2013.04.04 16:17:47.099,1.46161,1.46182,1.13,1.28
2013.04.04 16:17:47.219,1.4616,1.46179,1.50,1.43
2013.04.04 16:17:47.339,1.46159,1.46177,1.50,1.65
2013.04.04 16:17:47.411,1.46155,1.46173,1.65,1.50
2013.04.04 16:17:47.659,1.46151,1.46171,2.03,1.43
2013.04.04 16:17:47.730,1.4615,1.46171,3.30,2.18
2013.04.04 16:17:49.458,1.4615,1.46173,2.55,3.15
2013.04.04 16:17:49.518,1.46151,1.46173,1.13,3.00
2013.04.04 16:17:51.459,1.46151,1.46172,1.50,1.65
2013.04.04 16:17:51.519,1.46148,1.46169,1.50,2.63
2013.04.04 16:17:51.588,1.46147,1.46169,1.50,1.88
2013.04.04 16:17:51.648,1.46147,1.46167,1.50,2.40
2013.04.04 16:17:51.952,1.46144,1.46161,2.25,1.43
2013.04.04 16:17:52.021,1.46144,1.46161,1.50,1.43
2013.04.04 16:17:52.090,1.46139,1.46162,1.50,3.15
2013.04.04 16:17:52.161,1.46138,1.46159,1.50,1.28
2013.04.04 16:17:52.300,1.46139,1.46159,1.50,1.28
2013.04.04 16:17:52.430,1.46136,1.46158,1.13,1.50
2013.04.04 16:17:52.690,1.4614,1.46158,1.13,1.50
2013.04.04 16:17:52.954,1.46141,1.4616,1.65,1.50
2013.04.04 16:17:55.901,1.46137,1.46158,1.88,2.25
2013.04.04 16:17:56.458,1.46137,1.46158,1.88,1.50
2013.04.04 16:17:56.977,1.46137,1.46158,1.88,1.50
2013.04.04 16:17:57.579,1.46138,1.46159,1.43,1.50
2013.04.04 16:17:58.208,1.46138,1.4616,2.03,1.13
2013.04.04 16:17:58.550,1.46137,1.46158,1.50,1.65
2013.04.04 16:17:58.919,1.46138,1.46157,1.50,1.65
2013.04.04 16:18:00.231,1.46133,1.46153,1.43,1.50
2013.04.04 16:18:00.614,1.46132,1.46153,2.40,1.50
2013.04.04 16:18:00.919,1.46131,1.46149,1.13,1.50
2013.04.04 16:18:00.990,1.46128,1.46148,1.05,1.65
2013.04.04 16:18:01.059,1.46127,1.46148,1.65,2.40
2013.04.04 16:18:01.629,1.46128,1.46149,2.40,1.65
2013.04.04 16:18:01.962,1.46132,1.46151,1.65,1.28
2013.04.04 16:18:02.233,1.46137,1.46162,2.03,2.03
2013.04.04 16:18:02.978,1.46141,1.46162,1.50,1.28
2013.04.04 16:18:03.038,1.46141,1.46164,2.25,1.65
2013.04.04 16:18:03.587,1.46141,1.46164,1.50,2.40
2013.04.04 16:18:05.178,1.46141,1.46164,1.50,3.15
2013.04.04 16:18:05.417,1.46138,1.46162,2.40,1.50
2013.04.04 16:18:06.689,1.46138,1.46159,1.65,2.40
2013.04.04 16:18:07.630,1.46137,1.46158,1.65,1.65
2013.04.04 16:18:08.428,1.46135,1.46157,1.50,2.40
2013.04.04 16:18:08.681,1.46138,1.4616,1.50,2.03
2013.04.04 16:18:08.869,1.46138,1.4616,2.25,1.43
2013.04.04 16:18:08.931,1.46138,1.46158,2.25,1.13
2013.04.04 16:18:09.250,1.46134,1.46155,2.25,1.28
2013.04.04 16:18:09.392,1.46134,1.46154,1.50,1.13
2013.04.04 16:18:09.760,1.46133,1.46153,2.18,1.50
2013.04.04 16:18:10.190,1.46136,1.46158,1.13,1.65
2013.04.04 16:18:10.257,1.46136,1.46159,1.88,3.15
2013.04.04 16:18:11.318,1.46136,1.46159,1.88,2.40
2013.04.04 16:18:12.898,1.46138,1.4616,1.65,1.65
2013.04.04 16:18:14.528,1.46139,1.4616,1.65,1.65
2013.04.04 16:18:14.978,1.46131,1.4615,2.18,1.13
2013.04.04 16:18:15.110,1.4613,1.46136,1.43,1.28
2013.04.04 16:18:15.239,1.4612,1.46135,1.80,1.80
2013.04.04 16:18:15.308,1.46109,1.46133,1.28,1.13
2013.04.04 16:18:15.369,1.46106,1.46124,2.03,1.50
2013.04.04 16:18:15.499,1.46102,1.46122,1.28,1.65
2013.04.04 16:18:15.570,1.46101,1.46122,1.43,1.50
2013.04.04 16:18:15.640,1.46101,1.46117,1.43,1.50
2013.04.04 16:18:15.830,1.46094,1.46117,1.05,1.65
2013.04.04 16:18:15.971,1.46097,1.46117,1.28,1.50
2013.04.04 16:18:16.722,1.46101,1.46119,1.88,1.13
2013.04.04 16:18:16.792,1.46101,1.46124,1.88,3.75
2013.04.04 16:18:16.980,1.46107,1.46128,1.50,1.65
2013.04.04 16:18:17.169,1.46111,1.46133,1.43,1.28
2013.04.04 16:18:17.240,1.46115,1.46136,1.65,1.28
2013.04.04 16:18:17.549,1.46121,1.46142,1.88,1.50
2013.04.04 16:18:17.739,1.46123,1.46143,1.65,2.03
2013.04.04 16:18:17.858,1.46123,1.46143,1.50,1.43
2013.04.04 16:18:19.452,1.4612,1.46137,1.50,1.13
2013.04.04 16:18:19.533,1.46107,1.46132,1.65,1.43
2013.04.04 16:18:19.746,1.46107,1.46132,1.65,1.65
2013.04.04 16:18:19.881,1.46112,1.46133,1.50,2.40
2013.04.04 16:18:19.952,1.46112,1.46133,3.15,2.18
2013.04.04 16:18:20.318,1.46112,1.46135,3.15,1.05
2013.04.04 16:18:20.379,1.46112,1.46135,2.40,1.80
2013.04.04 16:18:20.791,1.46112,1.46133,1.50,1.13
2013.04.04 16:18:21.398,1.46111,1.46132,2.40,1.13
2013.04.04 16:18:22.399,1.46111,1.46132,1.65,2.25
2013.04.04 16:18:22.710,1.46109,1.46131,1.50,1.88
2013.04.04 16:18:24.079,1.46108,1.46128,1.88,1.65
2013.04.04 16:18:29.051,1.46108,1.4613,2.25,1.65
2013.04.04 16:18:29.119,1.46108,1.46129,2.44,1.13
2013.04.04 16:18:29.251,1.46106,1.46126,2.78,1.65
2013.04.04 16:18:30.075,1.46106,1.46126,3.15,1.50
2013.04.04 16:18:30.199,1.46107,1.46129,1.28,2.40
2013.04.04 16:18:30.439,1.46107,1.46129,2.03,1.65
2013.04.04 16:18:33.110,1.46107,1.46129,2.18,2.40
2013.04.04 16:18:35.959,1.46108,1.46129,2.40,2.40
2013.04.04 16:18:37.480,1.46108,1.46129,2.25,2.63
2013.04.04 16:18:37.670,1.46104,1.46126,2.18,1.65
2013.04.04 16:18:37.799,1.46103,1.46126,1.65,2.40
2013.04.04 16:18:40.244,1.46107,1.46128,1.65,3.75
2013.04.04 16:18:40.884,1.46107,1.46128,3.90,1.50
2013.04.04 16:18:41.592,1.46107,1.46128,3.15,1.50
2013.04.04 16:18:41.785,1.46107,1.46128,3.00,2.63
2013.04.04 16:18:41.924,1.46104,1.46126,1.28,2.40
2013.04.04 16:18:42.521,1.46101,1.46124,2.40,1.50
2013.04.04 16:18:42.590,1.461,1.46123,2.40,2.25
2013.04.04 16:18:42.659,1.461,1.46123,2.18,2.40
2013.04.04 16:18:44.219,1.46101,1.4612,1.50,1.13
2013.04.04 16:18:44.468,1.46092,1.46118,2.40,1.65
2013.04.04 16:18:45.059,1.46096,1.46119,3.00,3.15
2013.04.04 16:18:45.230,1.46096,1.46118,2.25,1.65
2013.04.04 16:18:46.323,1.46096,1.46114,2.25,1.50
2013.04.04 16:18:46.404,1.46083,1.46106,1.50,1.88
2013.04.04 16:18:46.959,1.46081,1.46108,1.43,2.93
2013.04.04 16:18:47.272,1.46082,1.46108,1.13,2.78
2013.04.04 16:18:47.339,1.46086,1.46108,1.65,1.50
2013.04.04 16:18:48.188,1.46084,1.46107,1.65,1.65
2013.04.04 16:18:48.249,1.46085,1.46108,1.88,1.50
2013.04.04 16:18:48.750,1.46086,1.46108,1.65,2.03
2013.04.04 16:18:49.800,1.46089,1.46108,1.65,2.03
2013.04.04 16:18:50.877,1.46089,1.4611,1.65,1.28
2013.04.04 16:18:53.921,1.46087,1.46108,1.50,1.65
2013.04.04 16:18:54.058,1.46086,1.46108,1.28,2.18
2013.04.04 16:18:54.247,1.46085,1.46104,1.50,1.05
2013.04.04 16:18:54.888,1.46084,1.46105,1.50,1.65
2013.04.04 16:18:55.491,1.46082,1.46105,4.43,2.40
2013.04.04 16:18:55.882,1.46084,1.46107,1.65,1.50
2013.04.04 16:18:56.780,1.46083,1.46105,1.13,1.50
2013.04.04 16:18:57.090,1.46081,1.46098,1.50,1.65
2013.04.04 16:18:57.221,1.46077,1.46098,1.28,1.65
2013.04.04 16:18:59.020,1.46074,1.46098,3.68,1.65
2013.04.04 16:18:59.370,1.46077,1.46098,1.50,2.40
2013.04.04 16:18:59.820,1.46077,1.46098,2.25,2.40
2013.04.04 16:19:00.381,1.46077,1.46098,2.18,1.50
2013.04.04 16:19:01.928,1.46078,1.46098,1.50,1.65
2013.04.04 16:19:02.082,1.46075,1.46097,3.00,1.50
2013.04.04 16:19:02.561,1.46079,1.46096,1.50,1.13
2013.04.04 16:19:02.629,1.46072,1.46091,1.43,1.50
2013.04.04 16:19:02.701,1.46072,1.46093,2.25,1.65
2013.04.04 16:19:03.198,1.46076,1.46097,1.65,2.25
2013.04.04 16:19:03.390,1.46076,1.46098,1.65,1.50
2013.04.04 16:19:04.352,1.46079,1.46099,1.50,1.50
2013.04.04 16:19:04.420,1.46077,1.46098,2.40,1.50
2013.04.04 16:19:05.311,1.46077,1.46098,1.43,2.25
2013.04.04 16:19:05.441,1.46077,1.46098,2.18,2.25
2013.04.04 16:19:08.379,1.46077,1.46098,1.65,2.25
2013.04.04 16:19:09.400,1.46077,1.46095,1.65,1.50
2013.04.04 16:19:09.938,1.46077,1.46095,1.65,1.50
2013.04.04 16:19:10.982,1.46062,1.46083,1.50,2.40
2013.04.04 16:19:11.171,1.46062,1.46082,1.50,1.13
2013.04.04 16:19:11.242,1.46057,1.46078,1.28,1.65
2013.04.04 16:19:11.490,1.46056,1.46079,3.23,1.50
2013.04.04 16:19:11.989,1.46056,1.4608,1.65,3.15
2013.04.04 16:19:12.060,1.46055,1.46077,2.25,1.65
2013.04.04 16:19:12.860,1.46056,1.46078,1.50,2.63
2013.04.04 16:19:12.935,1.46057,1.46078,1.65,1.50
2013.04.04 16:19:13.861,1.46057,1.46077,1.65,1.50
2013.04.04 16:19:14.689,1.46058,1.46077,1.50,1.65
2013.04.04 16:19:14.809,1.46061,1.46082,1.88,1.50
2013.04.04 16:19:14.880,1.46066,1.46085,2.25,1.50
2013.04.04 16:19:15.021,1.46069,1.4609,2.40,1.65
2013.04.04 16:19:15.530,1.46068,1.4609,1.65,1.65
2013.04.04 16:19:15.900,1.46067,1.46089,2.03,1.65
2013.04.04 16:19:15.970,1.46067,1.46089,1.50,1.65
2013.04.04 16:19:17.044,1.46066,1.46087,1.50,1.50
2013.04.04 16:19:17.609,1.46064,1.46085,2.18,1.50
2013.04.04 16:19:19.000,1.46069,1.46085,1.28,1.50
2013.04.04 16:19:19.249,1.46075,1.46093,1.50,1.50
2013.04.04 16:19:19.314,1.46072,1.46093,2.18,1.50
2013.04.04 16:19:19.439,1.46072,1.46093,2.03,1.88
2013.04.04 16:19:19.739,1.46073,1.46093,1.50,1.50
2013.04.04 16:19:20.121,1.46073,1.46092,1.50,1.65
2013.04.04 16:19:20.430,1.46074,1.46093,1.35,2.40
2013.04.04 16:19:20.559,1.46074,1.46093,1.35,1.65
2013.04.04 16:19:21.721,1.46074,1.46094,1.35,2.78
2013.04.04 16:19:23.851,1.46074,1.46094,1.35,1.65
2013.04.04 16:19:24.099,1.46078,1.46099,1.88,2.25
2013.04.04 16:19:24.770,1.4608,1.46099,1.43,2.25
2013.04.04 16:19:24.900,1.4608,1.46099,1.43,1.50
2013.04.04 16:19:25.260,1.4608,1.46098,1.43,1.50
2013.04.04 16:19:28.454,1.46079,1.46098,1.50,1.65
2013.04.04 16:19:28.704,1.46077,1.46093,1.50,1.50
2013.04.04 16:19:28.770,1.46076,1.46095,2.25,2.40
2013.04.04 16:19:28.902,1.46077,1.46098,1.13,2.25
2013.04.04 16:19:29.149,1.4608,1.46099,1.43,1.50
2013.04.04 16:19:29.210,1.4608,1.46098,1.43,1.50
2013.04.04 16:19:29.399,1.4608,1.46098,1.43,1.50
2013.04.04 16:19:33.561,1.4608,1.46098,1.65,1.50
2013.04.04 16:19:33.809,1.4608,1.46098,1.43,1.13
2013.04.04 16:19:33.938,1.46078,1.46099,1.65,1.50
2013.04.04 16:19:34.171,1.4608,1.46101,1.13,2.25
2013.04.04 16:19:34.500,1.46082,1.46103,1.65,2.25
2013.04.04 16:19:34.870,1.46081,1.46101,1.13,1.50
2013.04.04 16:19:34.999,1.46078,1.46101,2.25,2.40
2013.04.04 16:19:35.398,1.46078,1.46099,1.88,1.13
2013.04.04 16:19:35.900,1.46078,1.46097,1.13,1.65
2013.04.04 16:19:37.186,1.46078,1.46098,1.50,1.88
2013.04.04 16:19:39.099,1.46078,1.46093,1.50,1.65
2013.04.04 16:19:39.159,1.46077,1.46093,2.03,1.65
2013.04.04 16:19:39.979,1.46077,1.46098,1.50,2.40
2013.04.04 16:19:40.110,1.46077,1.46098,1.88,2.25
2013.04.04 16:19:40.800,1.46077,1.46097,1.65,2.40
2013.04.04 16:19:40.871,1.46074,1.4609,2.25,1.50
2013.04.04 16:19:40.940,1.46074,1.46089,1.50,1.50
2013.04.04 16:19:41.009,1.46073,1.46089,1.65,1.50
2013.04.04 16:19:41.080,1.4607,1.46089,1.84,2.25
2013.04.04 16:19:41.211,1.46069,1.46086,1.13,1.50
2013.04.04 16:19:42.679,1.46065,1.46087,1.13,1.50
2013.04.04 16:19:44.790,1.46068,1.46088,1.28,1.50
2013.04.04 16:19:44.920,1.46072,1.46091,1.28,2.25
2013.04.04 16:19:46.553,1.46074,1.46093,1.13,1.50
2013.04.04 16:19:46.620,1.46073,1.46093,2.25,1.50
2013.04.04 16:19:46.690,1.46073,1.46093,1.65,1.65
2013.04.04 16:19:47.250,1.46072,1.46092,1.65,1.50
2013.04.04 16:19:49.585,1.46072,1.46091,1.65,1.50
2013.04.04 16:19:50.119,1.46072,1.46091,1.43,1.50
2013.04.04 16:19:51.110,1.46072,1.46094,1.43,2.40
2013.04.04 16:19:52.111,1.46072,1.46092,1.28,1.88
2013.04.04 16:19:52.370,1.46071,1.46091,1.50,1.65
2013.04.04 16:19:52.930,1.46071,1.46091,1.65,1.50
2013.04.04 16:19:52.999,1.46071,1.46089,1.65,1.50
2013.04.04 16:19:53.514,1.4607,1.46089,1.50,1.65
2013.04.04 16:19:55.296,1.46069,1.46089,1.43,2.40
2013.04.04 16:19:56.991,1.46069,1.46088,1.43,1.50
2013.04.04 16:19:58.434,1.46069,1.46088,1.65,1.50
2013.04.04 16:19:59.093,1.4607,1.46089,1.95,1.50
2013.04.04 16:19:59.280,1.46072,1.46092,1.65,1.50
2013.04.04 16:19:59.839,1.46072,1.46092,1.65,1.50
2013.04.04 16:20:00.119,1.46072,1.46092,1.43,1.50
2013.04.04 16:20:01.140,1.46072,1.46091,1.43,1.50
2013.04.04 16:20:01.690,1.46072,1.46092,1.43,1.50
2013.04.04 16:20:02.329,1.46076,1.46093,1.88,1.50
2013.04.04 16:20:02.580,1.46077,1.46097,1.28,3.00
2013.04.04 16:20:03.580,1.46079,1.46096,1.13,1.50
2013.04.04 16:20:03.702,1.4608,1.46099,1.65,1.50
2013.04.04 16:20:04.310,1.46079,1.46098,1.13,1.50
2013.04.04 16:20:04.447,1.46079,1.46098,1.13,1.50
2013.04.04 16:20:04.630,1.4608,1.46099,2.18,1.50
2013.04.04 16:20:04.820,1.46084,1.46101,2.63,1.50
2013.04.04 16:20:05.181,1.46089,1.46109,3.15,1.50
2013.04.04 16:20:05.259,1.4609,1.46109,1.05,1.50
2013.04.04 16:20:05.333,1.46091,1.46109,1.65,1.50
2013.04.04 16:20:05.583,1.46092,1.4611,1.50,1.50
2013.04.04 16:20:07.922,1.46094,1.46113,2.03,1.50
2013.04.04 16:20:08.178,1.46094,1.4611,2.03,1.13
2013.04.04 16:20:08.388,1.46092,1.46108,1.28,1.50
2013.04.04 16:20:09.164,1.4609,1.4611,2.03,1.50
2013.04.04 16:20:09.541,1.46092,1.4611,1.80,1.65
2013.04.04 16:20:11.351,1.46092,1.46109,1.05,1.65
2013.04.04 16:20:11.419,1.4609,1.4611,1.28,2.40
2013.04.04 16:20:12.083,1.4609,1.46109,1.28,1.65
2013.04.04 16:20:13.028,1.4609,1.4611,1.28,2.40
2013.04.04 16:20:13.280,1.4609,1.46109,1.28,1.65
2013.04.04 16:20:13.531,1.46088,1.46106,2.10,1.50
2013.04.04 16:20:13.660,1.46087,1.46106,1.28,1.50
2013.04.04 16:20:13.910,1.46087,1.46108,1.43,1.50
2013.04.04 16:20:13.980,1.46088,1.46109,1.99,2.25
2013.04.04 16:20:14.356,1.4609,1.46112,1.50,1.65
2013.04.04 16:20:14.670,1.46094,1.46113,1.05,1.65
2013.04.04 16:20:14.980,1.46094,1.46109,1.05,1.65
2013.04.04 16:20:15.111,1.46092,1.46109,1.50,1.50
2013.04.04 16:20:15.180,1.46094,1.4611,1.05,1.28
2013.04.04 16:20:15.500,1.46096,1.46113,1.35,1.65
2013.04.04 16:20:16.930,1.46096,1.46117,1.35,1.65
2013.04.04 16:20:17.119,1.46096,1.46118,2.10,1.65
2013.04.04 16:20:17.772,1.46096,1.46119,2.40,2.25
2013.04.04 16:20:18.329,1.46096,1.46119,2.40,2.25
2013.04.04 16:20:18.830,1.46096,1.46119,2.40,2.25
2013.04.04 16:20:19.460,1.46099,1.46121,1.43,1.65
2013.04.04 16:20:20.279,1.46099,1.46119,1.43,1.50
2013.04.04 16:20:20.580,1.46099,1.46115,1.65,1.50
2013.04.04 16:20:21.690,1.46099,1.46118,1.65,1.50
2013.04.04 16:20:22.248,1.46099,1.46119,1.65,2.25
2013.04.04 16:20:22.309,1.461,1.46119,1.28,2.25
2013.04.04 16:20:22.670,1.4611,1.46128,1.77,2.25
2013.04.04 16:20:22.919,1.4611,1.46128,2.37,1.50
2013.04.04 16:20:22.980,1.46112,1.46133,1.13,1.50
2013.04.04 16:20:26.292,1.46114,1.46133,1.65,1.50
2013.04.04 16:20:26.482,1.4612,1.46142,1.65,1.13
2013.04.04 16:20:26.550,1.46122,1.46142,1.13,1.13
2013.04.04 16:20:27.308,1.46122,1.46144,3.34,1.50
2013.04.04 16:20:28.889,1.46127,1.46144,1.13,1.50
2013.04.04 16:20:29.139,1.46126,1.46144,1.43,1.50
2013.04.04 16:20:29.269,1.46125,1.46144,1.43,1.50
2013.04.04 16:20:35.159,1.46124,1.46144,1.65,1.50
2013.04.04 16:20:35.339,1.46124,1.46144,1.50,2.40
2013.04.04 16:20:36.188,1.46123,1.46144,1.28,2.40
2013.04.04 16:20:36.892,1.46123,1.46144,1.43,2.25
2013.04.04 16:20:37.139,1.46124,1.46144,1.65,1.50
2013.04.04 16:20:38.250,1.46123,1.46144,1.28,1.65
2013.04.04 16:20:38.840,1.46122,1.46144,1.50,2.40
2013.04.04 16:20:39.161,1.46128,1.46144,1.13,1.65
2013.04.04 16:20:39.294,1.46127,1.46144,1.50,1.50
2013.04.04 16:20:39.850,1.46126,1.46147,1.50,2.40
2013.04.04 16:20:40.560,1.46125,1.4614,1.50,1.50
2013.04.04 16:20:40.630,1.46123,1.46142,1.65,1.50
2013.04.04 16:20:40.700,1.4612,1.4614,1.84,1.65
2013.04.04 16:20:41.251,1.46121,1.46141,1.50,1.65
2013.04.04 16:20:44.647,1.46122,1.46144,1.28,2.40
2013.04.04 16:20:45.347,1.46122,1.46141,1.28,1.50
2013.04.04 16:20:45.529,1.46123,1.46143,1.28,1.65
2013.04.04 16:20:45.600,1.46123,1.46144,2.18,2.25
2013.04.04 16:20:45.950,1.46128,1.46145,1.43,1.50
2013.04.04 16:20:46.290,1.46131,1.46149,1.05,1.50
2013.04.04 16:20:46.418,1.46131,1.46149,1.05,1.28
2013.04.04 16:20:46.659,1.46129,1.46142,1.13,1.50
2013.04.04 16:20:46.900,1.46126,1.46142,1.13,1.50
2013.04.04 16:20:47.041,1.46123,1.46142,1.28,1.50
2013.04.04 16:20:47.170,1.46123,1.46144,1.28,2.40
2013.04.04 16:20:47.595,1.46124,1.46142,1.50,1.50
2013.04.04 16:20:47.730,1.46122,1.46142,2.03,1.50
2013.04.04 16:20:49.429,1.46122,1.46138,2.03,1.13
2013.04.04 16:20:49.750,1.46118,1.46134,1.13,1.50
2013.04.04 16:20:49.819,1.46113,1.46134,2.40,1.50
2013.04.04 16:20:50.159,1.46113,1.46131,1.65,1.50
2013.04.04 16:20:50.671,1.46113,1.46132,1.65,1.50
2013.04.04 16:20:51.248,1.46113,1.46133,1.65,2.25
2013.04.04 16:20:51.549,1.46113,1.46133,1.88,1.50
2013.04.04 16:20:51.729,1.46117,1.46138,1.65,1.50
2013.04.04 16:20:51.789,1.46114,1.46134,1.13,1.50
2013.04.04 16:20:51.848,1.46113,1.46133,1.43,1.84
2013.04.04 16:20:51.909,1.46113,1.46129,1.28,1.65
2013.04.04 16:20:52.039,1.46109,1.46129,1.50,1.65
2013.04.04 16:20:52.170,1.46109,1.46127,1.50,1.50
2013.04.04 16:20:52.421,1.46107,1.46127,2.25,1.50
2013.04.04 16:20:55.150,1.46107,1.46128,2.25,1.65
2013.04.04 16:20:55.700,1.46107,1.46128,2.78,2.40
2013.04.04 16:20:56.051,1.46104,1.46122,2.03,2.40
2013.04.04 16:20:56.300,1.46099,1.46116,1.50,1.50
2013.04.04 16:20:56.788,1.46095,1.46114,2.03,1.50
2013.04.04 16:20:57.423,1.46096,1.46114,1.50,1.50
2013.04.04 16:21:01.479,1.46095,1.46114,1.65,1.50
2013.04.04 16:21:01.780,1.46096,1.46117,1.88,1.50
2013.04.04 16:21:03.359,1.46095,1.46114,1.65,1.50
2013.04.04 16:21:03.421,1.46095,1.46114,1.65,1.50
2013.04.04 16:21:03.669,1.46095,1.46118,2.63,2.25
2013.04.04 16:21:03.915,1.46099,1.46121,1.65,1.50
2013.04.04 16:21:05.729,1.46101,1.46121,1.65,2.25
2013.04.04 16:21:05.850,1.46098,1.46119,1.65,1.50
2013.04.04 16:21:06.099,1.46098,1.46118,2.25,1.50
2013.04.04 16:21:07.931,1.46096,1.46117,1.28,1.50
2013.04.04 16:21:08.214,1.46095,1.46113,1.65,1.50
2013.04.04 16:21:17.181,1.46083,1.46103,1.50,2.25
2013.04.04 16:21:17.267,1.4608,1.46103,1.65,2.25
2013.04.04 16:21:19.911,1.46081,1.46103,1.50,1.50
2013.04.04 16:21:20.051,1.46081,1.46103,1.50,1.50
2013.04.04 16:21:20.590,1.4608,1.46103,1.50,1.88
2013.04.04 16:21:20.720,1.46078,1.46099,1.28,2.40
2013.04.04 16:21:21.029,1.46077,1.46098,2.78,1.50
2013.04.04 16:21:21.209,1.46077,1.46097,1.28,1.50
2013.04.04 16:21:21.329,1.46077,1.46097,1.28,1.50
2013.04.04 16:21:21.779,1.46077,1.46099,1.28,2.40
2013.04.04 16:21:22.083,1.46085,1.46097,1.33,1.50
2013.04.04 16:21:22.330,1.46085,1.46096,1.16,1.65
2013.04.04 16:21:22.459,1.46075,1.46093,3.15,2.25
2013.04.04 16:21:22.529,1.46075,1.46093,1.50,2.25
2013.04.04 16:21:22.599,1.46075,1.46093,1.13,2.25
2013.04.04 16:21:22.729,1.46076,1.46097,2.93,1.50
2013.04.04 16:21:23.031,1.46076,1.46098,2.40,1.50
2013.04.04 16:21:23.161,1.46076,1.46098,2.40,1.50
2013.04.04 16:21:23.732,1.46076,1.46097,1.65,1.50
2013.04.04 16:21:24.249,1.46076,1.46098,1.65,1.50
2013.04.04 16:21:24.379,1.46076,1.46096,1.65,1.50
2013.04.04 16:21:25.101,1.46076,1.46098,1.65,1.50
2013.04.04 16:21:25.649,1.46075,1.46096,1.65,1.50
2013.04.04 16:21:28.140,1.4608,1.46097,1.09,1.50
2013.04.04 16:21:28.211,1.46087,1.46103,1.65,1.50
2013.04.04 16:21:28.281,1.46087,1.46105,1.65,1.50
2013.04.04 16:21:28.410,1.46087,1.46106,1.65,1.50
2013.04.04 16:21:28.479,1.46087,1.46107,2.40,1.50
2013.04.04 16:21:29.369,1.46088,1.46108,1.50,1.65
2013.04.04 16:21:29.440,1.46087,1.46106,1.50,1.65
2013.04.04 16:21:30.070,1.46083,1.46104,1.50,1.50
2013.04.04 16:21:31.308,1.46083,1.46104,1.50,1.50
2013.04.04 16:21:31.489,1.46082,1.46104,2.74,1.50
2013.04.04 16:21:31.549,1.46082,1.46104,3.49,1.50
2013.04.04 16:21:32.209,1.46082,1.46104,1.99,1.50
2013.04.04 16:21:32.569,1.46079,1.46097,2.25,1.50
2013.04.04 16:21:32.879,1.46078,1.46094,1.50,1.50
2013.04.04 16:21:33.561,1.46072,1.46094,1.88,2.25
2013.04.04 16:21:33.809,1.46074,1.46094,3.00,1.50
2013.04.04 16:21:33.869,1.46075,1.46097,1.50,1.65
2013.04.04 16:21:33.930,1.46077,1.46098,1.65,3.53
2013.04.04 16:21:33.999,1.46078,1.46098,1.28,3.00
2013.04.04 16:21:34.640,1.46077,1.46096,1.28,1.50
2013.04.04 16:21:35.548,1.46075,1.46096,2.93,1.50
2013.04.04 16:21:35.730,1.46077,1.46098,2.40,2.25
2013.04.04 16:21:36.220,1.46077,1.46098,1.65,2.25
2013.04.04 16:21:36.419,1.46076,1.46097,1.65,1.50
2013.04.04 16:21:37.068,1.46075,1.46095,1.65,1.50
2013.04.04 16:21:43.210,1.46076,1.46096,1.65,1.50
2013.04.04 16:21:44.038,1.46073,1.46096,1.65,2.25
2013.04.04 16:21:45.026,1.46076,1.46096,1.65,1.50
2013.04.04 16:21:45.599,1.46073,1.46096,2.03,2.25
2013.04.04 16:21:45.850,1.46072,1.46092,1.88,1.65
2013.04.04 16:21:45.921,1.46069,1.46091,2.63,1.50
2013.04.04 16:21:46.120,1.46073,1.46093,1.28,1.50
2013.04.04 16:21:46.717,1.46073,1.46094,2.03,1.50
2013.04.04 16:21:47.408,1.46073,1.46093,2.03,2.25
2013.04.04 16:21:47.530,1.46073,1.46091,1.13,1.50
2013.04.04 16:21:48.267,1.46068,1.46088,1.65,1.28
2013.04.04 16:21:48.346,1.4606,1.46081,1.28,1.50
2013.04.04 16:21:48.917,1.46061,1.46081,1.50,1.50
2013.04.04 16:21:51.729,1.46058,1.46081,2.40,1.50
2013.04.04 16:21:56.290,1.46057,1.4608,2.40,3.15
2013.04.04 16:21:56.799,1.46057,1.46078,2.40,1.65
2013.04.04 16:21:58.130,1.46056,1.46077,1.65,1.50
2013.04.04 16:21:59.371,1.46056,1.46077,1.50,1.65
2013.04.04 16:22:00.219,1.46056,1.46077,1.65,1.50
2013.04.04 16:22:00.541,1.46056,1.46078,2.40,2.25
2013.04.04 16:22:01.669,1.46056,1.46078,2.40,3.00
2013.04.04 16:22:02.191,1.46056,1.46075,1.50,1.58
2013.04.04 16:22:02.500,1.46051,1.46067,1.13,1.50
2013.04.04 16:22:02.619,1.46045,1.46067,1.65,1.50
2013.04.04 16:22:05.879,1.46045,1.46067,2.25,1.88
2013.04.04 16:22:06.469,1.46045,1.46066,1.50,2.63
2013.04.04 16:22:08.019,1.46046,1.46066,1.50,1.28
2013.04.04 16:22:09.950,1.46045,1.46064,1.65,1.50
2013.04.04 16:22:10.259,1.46041,1.4606,2.25,1.65
2013.04.04 16:22:10.440,1.46033,1.46053,1.13,2.25
2013.04.04 16:22:11.050,1.46033,1.46053,1.13,2.03
2013.04.04 16:22:11.600,1.46035,1.46058,1.65,2.63
2013.04.04 16:22:11.729,1.46037,1.46059,1.65,1.43
2013.04.04 16:22:11.908,1.46041,1.46061,1.13,1.50
2013.04.04 16:22:12.089,1.46042,1.46063,1.65,3.53
2013.04.04 16:22:13.709,1.46042,1.46063,1.65,2.78
2013.04.04 16:22:14.299,1.46044,1.46063,1.50,2.03
2013.04.04 16:22:14.418,1.46042,1.46063,1.65,2.78
2013.04.04 16:22:14.965,1.46042,1.46063,1.65,1.50
2013.04.04 16:22:15.088,1.46043,1.46064,1.65,1.50
2013.04.04 16:22:15.390,1.46046,1.46064,1.65,1.50
2013.04.04 16:22:16.188,1.46046,1.46069,1.65,1.50
2013.04.04 16:22:16.669,1.46047,1.46068,1.50,1.13
2013.04.04 16:22:16.978,1.46044,1.46066,1.65,1.43
2013.04.04 16:22:17.485,1.46042,1.46066,1.65,2.18
2013.04.04 16:22:19.502,1.46044,1.46065,1.80,1.65
2013.04.04 16:22:19.824,1.46052,1.46069,1.50,1.13
2013.04.04 16:22:20.308,1.46047,1.46068,2.40,1.50
2013.04.04 16:22:20.967,1.46047,1.46071,2.40,1.65
2013.04.04 16:22:21.490,1.46047,1.46071,2.40,1.65
2013.04.04 16:22:22.137,1.46047,1.46071,2.40,1.65
2013.04.04 16:22:22.844,1.46047,1.46067,1.65,1.58
2013.04.04 16:22:23.347,1.46043,1.46065,2.40,1.65
2013.04.04 16:22:26.789,1.46042,1.46064,1.28,1.65
2013.04.04 16:22:27.344,1.46041,1.46066,2.52,3.15
2013.04.04 16:22:27.829,1.46044,1.46068,1.65,3.90
2013.04.04 16:22:28.068,1.46042,1.46066,1.65,1.65
2013.04.04 16:22:28.932,1.46039,1.46063,1.24,1.65
2013.04.04 16:22:29.000,1.46038,1.46063,1.43,2.40
2013.04.04 16:22:29.369,1.46036,1.46055,1.50,1.05
2013.04.04 16:22:29.502,1.46031,1.46052,1.65,1.50
2013.04.04 16:22:30.058,1.46028,1.46052,1.88,1.50
2013.04.04 16:22:31.831,1.46031,1.46052,1.43,1.50
2013.04.04 16:22:31.901,1.46033,1.46053,1.28,1.65
2013.04.04 16:22:32.088,1.46033,1.46054,1.28,1.65
2013.04.04 16:22:32.148,1.46034,1.46054,1.13,1.50
2013.04.04 16:22:32.329,1.46037,1.46059,1.65,1.65
2013.04.04 16:22:32.388,1.46036,1.46059,1.50,1.88
2013.04.04 16:22:32.690,1.46038,1.46058,2.40,1.50
2013.04.04 16:22:32.761,1.46038,1.4606,3.15,1.65
2013.04.04 16:22:32.949,1.46041,1.46063,1.65,2.63
2013.04.04 16:22:33.008,1.46041,1.46063,1.65,1.13
2013.04.04 16:22:33.549,1.46042,1.46066,2.18,1.65
2013.04.04 16:22:40.309,1.46043,1.46063,1.28,1.50
2013.04.04 16:22:40.369,1.46045,1.46065,1.65,1.50
2013.04.04 16:22:40.559,1.46045,1.46066,1.65,1.50
2013.04.04 16:22:41.090,1.46043,1.46064,2.18,1.50
2013.04.04 16:22:42.102,1.46043,1.46064,1.43,2.25
2013.04.04 16:22:43.432,1.46041,1.46063,2.25,1.13
2013.04.04 16:22:43.951,1.46039,1.46061,1.65,2.40
2013.04.04 16:22:44.853,1.46038,1.46061,2.40,3.15
2013.04.04 16:22:45.410,1.46038,1.46058,1.50,1.65
2013.04.04 16:22:45.729,1.46034,1.46054,2.03,1.50
2013.04.04 16:22:46.230,1.46034,1.46054,1.28,1.50
2013.04.04 16:22:51.691,1.46033,1.46051,1.88,1.13
2013.04.04 16:22:52.000,1.4603,1.46046,1.13,1.50
2013.04.04 16:22:52.200,1.46027,1.46046,1.50,1.50
2013.04.04 16:22:52.780,1.46027,1.46048,1.50,3.00
2013.04.04 16:22:56.040,1.46027,1.46048,1.50,2.25
2013.04.04 16:22:59.646,1.46023,1.46043,1.13,1.50
2013.04.04 16:22:59.723,1.46021,1.4604,1.50,1.65
2013.04.04 16:22:59.798,1.46019,1.4604,1.65,1.65
2013.04.04 16:22:59.931,1.46019,1.46036,1.65,1.65
2013.04.04 16:23:00.452,1.46018,1.46036,1.50,2.40
2013.04.04 16:23:01.001,1.46015,1.46036,2.40,1.65
2013.04.04 16:23:03.308,1.46018,1.46038,2.40,1.50
2013.04.04 16:23:03.970,1.46018,1.46038,1.65,2.25
2013.04.04 16:23:04.808,1.46018,1.46038,1.65,2.25
2013.04.04 16:23:06.060,1.46014,1.46036,1.65,2.40
2013.04.04 16:23:06.129,1.46014,1.46036,1.65,1.65
2013.04.04 16:23:06.370,1.46018,1.46035,1.65,1.50
2013.04.04 16:23:06.750,1.46018,1.46034,2.40,1.47
2013.04.04 16:23:07.059,1.46018,1.46034,2.40,2.22
2013.04.04 16:23:08.180,1.46013,1.46031,2.14,1.50
2013.04.04 16:23:09.659,1.46013,1.46032,1.65,1.50
2013.04.04 16:23:10.569,1.46013,1.46031,1.65,1.28
2013.04.04 16:23:10.690,1.46011,1.46031,2.25,1.43
2013.04.04 16:23:10.820,1.46011,1.4603,1.50,1.50
2013.04.04 16:23:11.712,1.46009,1.46027,1.65,1.50
2013.04.04 16:23:11.780,1.46007,1.46027,2.40,1.50
2013.04.04 16:23:13.330,1.46007,1.46027,2.25,3.87
2013.04.04 16:23:13.401,1.46002,1.46021,1.99,1.32
2013.04.04 16:23:13.591,1.46002,1.4602,1.99,1.28
2013.04.04 16:23:13.659,1.46002,1.46021,1.24,3.60
2013.04.04 16:23:13.720,1.46002,1.46019,1.24,1.28
2013.04.04 16:23:14.682,1.46003,1.46024,1.65,1.65
2013.04.04 16:23:16.169,1.46002,1.46023,1.65,1.50
2013.04.04 16:23:17.799,1.46001,1.46023,1.88,2.25
2013.04.04 16:23:17.859,1.45998,1.4602,2.40,2.40
2013.04.04 16:23:18.100,1.45998,1.46017,1.88,1.65
2013.04.04 16:23:18.409,1.45996,1.46015,1.50,1.50
2013.04.04 16:23:18.780,1.45997,1.46017,1.88,1.50
2013.04.04 16:23:18.849,1.45997,1.46018,2.63,1.50
2013.04.04 16:23:19.161,1.46002,1.46018,1.13,1.50
2013.04.04 16:23:19.290,1.46004,1.46023,1.65,1.50
2013.04.04 16:23:19.479,1.46006,1.46027,1.50,1.65
2013.04.04 16:23:20.100,1.46006,1.46027,2.25,1.65
2013.04.04 16:23:20.649,1.46007,1.46027,1.28,1.65
2013.04.04 16:23:20.709,1.46006,1.46027,1.50,1.65
2013.04.04 16:23:23.050,1.46006,1.46027,1.50,1.65
2013.04.04 16:23:23.380,1.46009,1.4603,2.40,1.65
2013.04.04 16:23:23.710,1.46009,1.4603,1.65,1.65
2013.04.04 16:23:23.779,1.46009,1.4603,1.88,1.50
2013.04.04 16:23:24.100,1.46025,1.46043,1.50,1.50
2013.04.04 16:23:24.170,1.46026,1.46047,1.13,2.25
2013.04.04 16:23:24.360,1.46032,1.46052,1.50,1.35
2013.04.04 16:23:24.610,1.46032,1.46053,2.40,1.28
2013.04.04 16:23:24.799,1.46034,1.46054,1.20,1.50
2013.04.04 16:23:25.110,1.46033,1.46056,1.65,1.50
2013.04.04 16:23:26.238,1.46036,1.46058,1.65,1.50
2013.04.04 16:23:27.611,1.46037,1.46059,1.65,2.25
2013.04.04 16:23:27.751,1.46038,1.46059,2.03,1.50
2013.04.04 16:23:28.089,1.46039,1.46058,2.03,2.40
2013.04.04 16:23:28.567,1.46033,1.46054,1.50,1.65
2013.04.04 16:23:28.811,1.46032,1.46054,1.50,1.65
2013.04.04 16:23:29.360,1.46032,1.46054,1.50,1.65
2013.04.04 16:23:31.130,1.46031,1.46053,2.18,2.40
2013.04.04 16:23:32.960,1.46032,1.46053,1.58,1.65
2013.04.04 16:23:33.510,1.46034,1.46053,1.05,1.65
2013.04.04 16:23:33.858,1.46032,1.46053,2.03,1.65
2013.04.04 16:23:34.782,1.46033,1.46054,2.18,1.50
2013.04.04 16:23:34.862,1.46034,1.46055,1.65,1.50
2013.04.04 16:23:34.939,1.46037,1.46055,1.50,1.50
2013.04.04 16:23:35.400,1.4604,1.46061,1.28,1.65
2013.04.04 16:23:35.591,1.46044,1.46063,1.50,1.65
2013.04.04 16:23:35.660,1.46045,1.46064,2.18,1.50
2013.04.04 16:23:35.720,1.46047,1.46064,1.28,1.50
2013.04.04 16:23:36.502,1.46051,1.46072,1.43,1.65
2013.04.04 16:23:36.819,1.46051,1.4607,1.43,1.50
2013.04.04 16:23:38.864,1.46052,1.46073,1.50,1.65
2013.04.04 16:23:39.051,1.46066,1.46086,1.58,1.13
2013.04.04 16:23:39.122,1.46067,1.46089,1.50,1.28
2013.04.04 16:23:39.190,1.46068,1.4609,1.35,2.63
2013.04.04 16:23:39.260,1.46069,1.4609,1.28,1.13
2013.04.04 16:23:39.932,1.46068,1.4609,2.55,1.13
2013.04.04 16:23:40.013,1.46077,1.46098,1.43,1.50
2013.04.04 16:23:41.150,1.46076,1.46098,1.88,1.88
2013.04.04 16:23:41.350,1.46076,1.46095,1.13,1.65
2013.04.04 16:23:41.480,1.46076,1.46095,1.13,1.65
2013.04.04 16:23:41.552,1.46076,1.46099,1.13,2.55
2013.04.04 16:23:42.310,1.46072,1.46097,1.99,1.65
2013.04.04 16:23:42.372,1.46072,1.46095,1.50,1.13
2013.04.04 16:23:42.441,1.46071,1.46095,1.50,1.13
2013.04.04 16:23:42.510,1.46067,1.46092,2.78,1.65
2013.04.04 16:23:42.711,1.46067,1.46087,1.88,1.65
2013.04.04 16:23:42.866,1.46064,1.46087,1.24,1.65
2013.04.04 16:23:43.761,1.46062,1.46079,1.28,1.50
2013.04.04 16:23:43.829,1.46062,1.46079,1.13,1.50
2013.04.04 16:23:44.538,1.4606,1.46079,1.28,1.50
2013.04.04 16:23:44.970,1.4606,1.46079,1.28,1.50
2013.04.04 16:23:45.030,1.4606,1.46079,1.28,1.50
2013.04.04 16:23:47.451,1.46058,1.46079,1.28,1.50
2013.04.04 16:23:47.520,1.46058,1.46079,1.13,1.88
2013.04.04 16:23:47.770,1.46048,1.46069,1.65,3.15
2013.04.04 16:23:47.844,1.46047,1.46069,1.50,3.15
2013.04.04 16:23:47.910,1.46047,1.46065,1.50,1.50
2013.04.04 16:23:49.587,1.46045,1.46065,1.28,2.40
2013.04.04 16:24:07.641,1.46045,1.46063,1.50,1.50
2013.04.04 16:24:07.781,1.46047,1.46066,1.13,1.50
2013.04.04 16:24:08.120,1.46056,1.46072,1.65,1.50
2013.04.04 16:24:08.266,1.46056,1.46079,1.65,1.88
2013.04.04 16:24:12.780,1.46057,1.46077,1.65,1.50
2013.04.04 16:24:13.090,1.46051,1.46069,1.09,1.50
2013.04.04 16:24:13.640,1.46046,1.46067,1.65,1.28
2013.04.04 16:24:13.759,1.46046,1.46067,1.65,1.28
2013.04.04 16:24:30.935,1.46045,1.46065,1.65,1.50
2013.04.04 16:24:38.089,1.46045,1.46067,2.40,1.50
2013.04.04 16:24:39.299,1.46049,1.46069,1.50,1.65
2013.04.04 16:24:39.874,1.46046,1.46069,2.40,1.65
2013.04.04 16:24:40.440,1.46048,1.46065,1.50,1.13
2013.04.04 16:24:40.809,1.46047,1.46068,2.25,1.50
2013.04.04 16:24:41.822,1.46049,1.46069,1.50,1.50
2013.04.04 16:24:41.951,1.46053,1.46074,1.09,1.50
2013.04.04 16:24:42.081,1.46055,1.46074,1.50,2.25
2013.04.04 16:24:42.150,1.46055,1.46074,1.50,1.50
2013.04.04 16:24:42.897,1.46048,1.46066,1.13,1.50
2013.04.04 16:24:43.020,1.46047,1.46069,1.65,2.40
2013.04.04 16:24:43.581,1.46047,1.46067,1.65,1.50
2013.04.04 16:24:53.961,1.46046,1.46064,1.50,1.65
2013.04.04 16:24:54.209,1.46044,1.46064,1.50,3.15
2013.04.04 16:24:54.718,1.46042,1.46064,1.65,3.15
2013.04.04 16:24:55.789,1.46044,1.46064,1.50,3.90
2013.04.04 16:24:56.279,1.46044,1.46064,1.50,3.15
2013.04.04 16:24:57.339,1.46044,1.46064,1.50,3.15
2013.04.04 16:24:57.653,1.46047,1.46064,1.13,2.25
2013.04.04 16:24:57.851,1.46044,1.46065,1.50,1.88
2013.04.04 16:25:00.840,1.46041,1.46064,3.53,1.65
2013.04.04 16:25:01.750,1.46042,1.46064,1.65,1.65
2013.04.04 16:25:02.880,1.46044,1.46063,1.28,1.50
2013.04.04 16:25:03.013,1.46044,1.46066,2.03,1.50
2013.04.04 16:25:03.559,1.46046,1.46068,1.50,2.40
2013.04.04 16:25:06.249,1.46046,1.46068,2.25,2.40
2013.04.04 16:25:06.434,1.46046,1.46066,1.50,1.50
2013.04.04 16:25:09.161,1.46047,1.46066,2.25,1.50
2013.04.04 16:25:09.232,1.46047,1.46068,2.25,1.65
2013.04.04 16:25:09.420,1.46049,1.46069,1.65,1.50
2013.04.04 16:25:11.360,1.46046,1.46069,3.15,2.40
2013.04.04 16:25:12.261,1.46052,1.46072,2.40,1.13
2013.04.04 16:25:12.330,1.46052,1.46073,2.93,1.13
2013.04.04 16:25:12.879,1.46054,1.46074,1.88,1.50
2013.04.04 16:25:21.859,1.46054,1.46076,2.25,2.40
2013.04.04 16:25:25.509,1.46054,1.46076,1.88,3.00
2013.04.04 16:25:25.570,1.46057,1.46076,1.13,1.50
2013.04.04 16:25:25.699,1.46059,1.46078,1.13,1.50
2013.04.04 16:25:27.748,1.46068,1.4609,2.03,1.28
2013.04.04 16:25:28.648,1.46068,1.46091,2.03,2.40
2013.04.04 16:25:29.772,1.46066,1.46085,1.88,1.65
2013.04.04 16:25:30.173,1.46061,1.46079,1.13,1.50
2013.04.04 16:25:30.239,1.46058,1.46072,3.53,1.50
2013.04.04 16:25:30.314,1.46058,1.46072,1.13,1.50
2013.04.04 16:25:30.380,1.46055,1.46075,1.50,1.65
2013.04.04 16:25:30.889,1.46054,1.46075,1.65,1.65
2013.04.04 16:25:31.242,1.46055,1.46076,1.50,1.65
2013.04.04 16:25:31.822,1.46055,1.46076,1.50,1.65
2013.04.04 16:25:31.890,1.46056,1.46078,1.13,1.65
2013.04.04 16:25:32.189,1.46057,1.46077,1.28,1.13
2013.04.04 16:25:32.631,1.46055,1.46075,1.50,1.65
2013.04.04 16:25:33.650,1.46055,1.4607,1.50,1.13
2013.04.04 16:25:33.780,1.46053,1.4607,1.50,1.13
2013.04.04 16:25:33.968,1.4605,1.4607,1.50,1.13
2013.04.04 16:25:34.390,1.4605,1.4607,1.50,1.88
2013.04.04 16:25:35.209,1.4605,1.4607,1.50,1.88
2013.04.04 16:25:36.660,1.4605,1.4607,1.50,1.88
2013.04.04 16:25:36.909,1.46049,1.4607,1.50,1.88
2013.04.04 16:25:44.689,1.4605,1.46071,2.63,1.50
2013.04.04 16:25:45.109,1.4605,1.46072,3.38,1.13
2013.04.04 16:25:46.192,1.4605,1.4607,1.50,1.65
2013.04.04 16:25:48.872,1.46049,1.46068,1.50,1.28
2013.04.04 16:25:49.000,1.46046,1.46063,1.50,1.50
2013.04.04 16:25:49.134,1.46045,1.46067,3.00,2.18
2013.04.04 16:25:49.200,1.46047,1.46067,1.13,1.28
2013.04.04 16:25:51.149,1.46047,1.46068,1.88,1.50
2013.04.04 16:25:51.450,1.46049,1.46071,1.65,1.50
2013.04.04 16:25:51.520,1.46051,1.46072,1.65,1.50
2013.04.04 16:25:52.019,1.46052,1.46072,1.50,1.50
2013.04.04 16:25:54.529,1.46051,1.46073,1.65,1.28
2013.04.04 16:25:55.590,1.46051,1.46073,2.40,1.28
2013.04.04 16:25:56.119,1.46051,1.46073,1.65,1.28
2013.04.04 16:25:58.600,1.46051,1.46073,2.40,1.28
2013.04.04 16:25:59.830,1.4605,1.46073,1.65,2.03
2013.04.04 16:26:02.681,1.46051,1.46073,1.65,2.03
2013.04.04 16:26:03.279,1.46051,1.46071,1.65,1.50
2013.04.04 16:26:03.832,1.46051,1.46071,1.65,1.50
2013.04.04 16:26:05.810,1.46048,1.4607,2.40,1.50
2013.04.04 16:26:06.080,1.46051,1.46071,1.65,1.50
2013.04.04 16:26:10.396,1.4605,1.4607,1.65,1.50
2013.04.04 16:26:10.920,1.4605,1.46071,2.40,1.50
2013.04.04 16:26:11.364,1.46051,1.46071,1.28,1.50
2013.04.04 16:26:12.045,1.46053,1.46072,1.13,1.50
2013.04.04 16:26:17.872,1.46055,1.46075,1.65,2.03
2013.04.04 16:26:18.549,1.46055,1.46075,1.65,1.50
2013.04.04 16:26:18.910,1.46052,1.46072,1.65,1.50
2013.04.04 16:26:18.979,1.4605,1.46071,1.50,2.93
2013.04.04 16:26:19.490,1.46049,1.4607,2.40,1.65
2013.04.04 16:26:20.058,1.46049,1.4607,1.65,1.65
2013.04.04 16:26:22.180,1.46048,1.46069,1.65,1.65
2013.04.04 16:26:22.729,1.46048,1.4607,1.65,1.65
2013.04.04 16:26:24.409,1.46048,1.46069,1.65,1.65
2013.04.04 16:26:24.469,1.46048,1.46068,1.65,1.50
2013.04.04 16:26:34.749,1.46049,1.4607,1.65,1.65
2013.04.04 16:26:36.810,1.46047,1.4607,2.40,1.65
2013.04.04 16:26:38.333,1.46049,1.46071,1.50,2.93
2013.04.04 16:26:38.779,1.46049,1.46071,1.50,2.93
2013.04.04 16:26:40.863,1.46047,1.46071,3.15,2.93
2013.04.04 16:26:43.360,1.46049,1.46069,1.50,1.50
2013.04.04 16:26:44.280,1.46049,1.46069,2.25,1.50
2013.04.04 16:26:49.589,1.46051,1.46071,1.88,2.78
2013.04.04 16:26:51.759,1.46051,1.46069,1.13,1.50
2013.04.04 16:26:54.659,1.46051,1.4607,1.13,1.50
2013.04.04 16:26:56.621,1.46049,1.46067,1.88,1.50
2013.04.04 16:26:57.349,1.46049,1.4607,2.40,1.65
2013.04.04 16:26:57.791,1.46049,1.4607,1.65,2.40
2013.04.04 16:27:00.169,1.46051,1.4607,1.13,1.50
2013.04.04 16:27:02.891,1.46051,1.46071,1.88,2.03
2013.04.04 16:27:03.252,1.46051,1.46068,1.88,2.78
2013.04.04 16:27:04.960,1.46051,1.46068,1.88,1.05
2013.04.04 16:27:06.729,1.46051,1.4607,1.88,1.28
2013.04.04 16:27:14.259,1.46051,1.4607,1.13,2.40
2013.04.04 16:27:14.379,1.46048,1.46069,1.50,1.13
2013.04.04 16:27:14.440,1.46047,1.46066,2.40,1.28
2013.04.04 16:27:14.740,1.46037,1.46059,2.22,2.78
2013.04.04 16:27:15.300,1.46037,1.46058,2.22,1.50
2013.04.04 16:27:16.270,1.46037,1.46058,2.22,1.50
2013.04.04 16:27:21.111,1.46041,1.46059,1.50,1.28
2013.04.04 16:27:21.420,1.46043,1.46063,1.65,1.50
2013.04.04 16:27:24.434,1.46044,1.46063,1.13,2.25
2013.04.04 16:27:24.741,1.4605,1.46067,1.65,1.50
2013.04.04 16:27:25.250,1.46052,1.46068,1.65,1.13
2013.04.04 16:27:25.530,1.46052,1.4607,1.65,1.13
2013.04.04 16:27:28.249,1.46052,1.4607,1.65,1.50
2013.04.04 16:27:29.031,1.46049,1.46069,1.13,1.88
2013.04.04 16:27:29.339,1.46048,1.46066,2.40,1.28
2013.04.04 16:27:30.123,1.4605,1.46067,1.13,1.28
2013.04.04 16:27:30.212,1.46049,1.46069,1.50,1.65
2013.04.04 16:27:33.356,1.46051,1.46069,1.13,1.28
2013.04.04 16:27:33.419,1.46051,1.46069,1.50,1.28
2013.04.04 16:27:33.740,1.46061,1.46076,1.50,1.50
2013.04.04 16:27:33.990,1.46061,1.46084,1.50,1.88
2013.04.04 16:27:34.629,1.46061,1.46082,2.25,1.43
2013.04.04 16:27:35.229,1.46061,1.46082,2.25,1.43
2013.04.04 16:27:35.755,1.46061,1.46082,2.25,1.43
2013.04.04 16:27:36.262,1.46061,1.46082,2.25,1.43
2013.04.04 16:27:36.463,1.46061,1.46082,2.25,1.43
2013.04.04 16:27:37.120,1.46061,1.46082,2.25,1.43
2013.04.04 16:27:37.431,1.46061,1.46081,1.50,1.28
2013.04.04 16:27:38.063,1.46061,1.46081,1.50,1.28
2013.04.04 16:27:38.409,1.46061,1.46079,1.50,2.10
2013.04.04 16:27:40.080,1.46061,1.46079,1.50,1.80
2013.04.04 16:27:40.208,1.46058,1.46079,1.05,1.28
2013.04.04 16:27:40.276,1.46057,1.46074,1.50,2.03
2013.04.04 16:27:40.422,1.46052,1.46072,2.40,2.10
2013.04.04 16:27:40.490,1.4605,1.46072,2.55,2.10
2013.04.04 16:27:40.984,1.4605,1.4607,1.65,1.28
2013.04.04 16:27:43.529,1.46051,1.4607,1.65,1.28
2013.04.04 16:27:52.559,1.46052,1.46073,1.65,1.28
2013.04.04 16:27:52.931,1.46056,1.46073,1.13,1.50
2013.04.04 16:27:53.239,1.46061,1.46077,1.50,1.13
2013.04.04 16:27:53.709,1.46061,1.46081,2.25,1.13
2013.04.04 16:27:54.701,1.46061,1.46081,2.25,1.13
2013.04.04 16:27:57.220,1.46062,1.46084,1.50,3.98
2013.04.04 16:28:00.326,1.46062,1.46084,2.25,1.88
2013.04.04 16:28:02.940,1.46062,1.46084,1.50,2.63
2013.04.04 16:28:05.430,1.46062,1.46083,1.50,3.15
2013.04.04 16:28:05.909,1.46056,1.46078,1.50,1.65
2013.04.04 16:28:05.969,1.46054,1.46078,2.37,1.95
2013.04.04 16:28:06.149,1.46054,1.46076,3.12,1.50
2013.04.04 16:28:06.209,1.46054,1.46074,2.37,1.28
2013.04.04 16:28:07.831,1.46054,1.46074,1.24,1.28
2013.04.04 16:28:07.962,1.46057,1.46076,1.43,1.65
2013.04.04 16:28:09.716,1.46059,1.4608,3.49,1.13
2013.04.04 16:28:10.033,1.46062,1.46081,1.65,1.65
2013.04.04 16:28:15.396,1.46062,1.46082,1.99,1.13
2013.04.04 16:28:18.350,1.46062,1.46082,1.99,1.13
2013.04.04 16:28:20.501,1.46062,1.46083,1.99,2.25
2013.04.04 16:28:21.040,1.46062,1.46083,1.99,1.88
2013.04.04 16:28:23.041,1.46062,1.46083,1.99,1.88
2013.04.04 16:28:24.782,1.46062,1.46083,1.84,1.65
2013.04.04 16:28:24.852,1.46062,1.46083,1.09,1.65
2013.04.04 16:28:25.453,1.46062,1.4608,1.09,1.13
2013.04.04 16:28:27.654,1.46058,1.46079,2.63,1.13
2013.04.04 16:28:27.971,1.46058,1.46077,1.88,1.50
2013.04.04 16:28:29.750,1.46056,1.46078,1.65,2.40
2013.04.04 16:28:30.071,1.46054,1.46072,1.24,1.50
2013.04.04 16:28:30.140,1.46053,1.46073,1.24,1.50
2013.04.04 16:28:33.281,1.46054,1.46071,1.24,1.50
2013.04.04 16:28:33.962,1.46053,1.46071,2.74,1.50
2013.04.04 16:28:34.574,1.46054,1.46071,1.24,1.50
2013.04.04 16:28:35.120,1.46054,1.46071,1.24,1.50
2013.04.04 16:28:35.476,1.46054,1.46071,1.99,1.50
2013.04.04 16:28:37.624,1.46055,1.46073,1.84,1.50
2013.04.04 16:28:38.050,1.46052,1.4607,1.28,1.50
2013.04.04 16:28:39.801,1.46051,1.4607,1.43,1.50
2013.04.04 16:28:40.527,1.46051,1.46069,1.43,1.50
2013.04.04 16:28:40.608,1.4605,1.46069,2.59,1.50
2013.04.04 16:28:41.809,1.46051,1.4607,1.65,1.50
2013.04.04 16:28:41.869,1.46052,1.46072,1.13,1.50
2013.04.04 16:28:42.232,1.46057,1.46076,1.20,1.28
2013.04.04 16:28:42.302,1.46056,1.46076,1.88,1.28
2013.04.04 16:28:42.824,1.46056,1.46077,2.25,1.13
2013.04.04 16:28:44.789,1.46058,1.46077,2.03,2.25
2013.04.04 16:28:44.969,1.46057,1.46079,1.88,1.50
2013.04.04 16:28:45.289,1.46059,1.46082,1.09,1.88
2013.04.04 16:28:45.348,1.46062,1.46082,1.28,1.13
2013.04.04 16:28:45.867,1.46062,1.46083,1.28,2.40
2013.04.04 16:28:49.669,1.46063,1.46083,1.50,2.03
2013.04.04 16:28:50.089,1.46065,1.46087,1.28,1.65
2013.04.04 16:28:50.441,1.46066,1.46087,1.50,1.65
2013.04.04 16:28:51.201,1.46066,1.46082,1.50,1.50
2013.04.04 16:28:51.331,1.46066,1.46083,1.50,1.50
2013.04.04 16:28:51.400,1.46061,1.46083,3.27,1.65
2013.04.04 16:28:51.460,1.46061,1.46083,2.78,1.65
2013.04.04 16:28:51.829,1.46061,1.46077,2.78,1.50
2013.04.04 16:28:51.890,1.46061,1.46077,2.03,1.50
2013.04.04 16:28:52.022,1.46057,1.46073,1.05,1.50
2013.04.04 16:28:52.452,1.46057,1.46077,1.13,2.03
2013.04.04 16:28:52.521,1.46061,1.46078,1.65,1.28
2013.04.04 16:28:52.590,1.46061,1.46077,1.50,1.65
2013.04.04 16:28:52.853,1.46057,1.46074,1.65,1.50
2013.04.04 16:28:54.120,1.46058,1.46074,1.65,1.50
2013.04.04 16:28:55.111,1.46056,1.46074,1.65,1.50
2013.04.04 16:28:55.242,1.46056,1.46078,1.50,2.93
2013.04.04 16:28:55.372,1.46057,1.46078,1.43,1.50
2013.04.04 16:28:55.590,1.46057,1.46078,2.18,1.13
2013.04.04 16:28:56.825,1.46057,1.46078,2.25,1.13
2013.04.04 16:28:57.463,1.46057,1.46078,3.00,1.13
2013.04.04 16:29:01.023,1.46055,1.46076,2.55,2.40
2013.04.04 16:29:01.425,1.46055,1.46074,1.50,1.13
2013.04.04 16:29:01.492,1.46053,1.46074,2.25,1.13
2013.04.04 16:29:02.071,1.46053,1.46074,1.50,2.63
2013.04.04 16:29:02.590,1.46053,1.46074,2.25,1.88
2013.04.04 16:29:06.447,1.46058,1.46076,1.28,3.00
2013.04.04 16:29:06.532,1.46058,1.46078,1.28,1.65
2013.04.04 16:29:06.685,1.46061,1.46078,1.50,1.65
2013.04.04 16:29:06.879,1.46061,1.4608,1.50,2.40
2013.04.04 16:29:07.711,1.46061,1.46081,1.88,1.50
2013.04.04 16:29:07.784,1.46063,1.46084,1.28,2.78
2013.04.04 16:29:08.292,1.46065,1.46084,1.65,1.50
2013.04.04 16:29:08.361,1.46065,1.46084,1.65,1.50
2013.04.04 16:29:08.432,1.46063,1.46084,1.28,2.25
2013.04.04 16:29:08.621,1.46065,1.46087,1.88,2.25
2013.04.04 16:29:09.050,1.46066,1.46087,1.50,1.50
2013.04.04 16:29:10.941,1.46066,1.46087,1.13,2.25
2013.04.04 16:29:13.999,1.46065,1.46086,2.63,1.50
2013.04.04 16:29:15.112,1.46065,1.46084,1.13,3.00
2013.04.04 16:29:15.240,1.46059,1.46077,1.28,1.50
2013.04.04 16:29:15.729,1.46061,1.46081,1.65,1.50
2013.04.04 16:29:16.000,1.46061,1.46082,1.65,2.25
2013.04.04 16:29:17.271,1.46062,1.46082,1.50,1.50
2013.04.04 16:29:17.590,1.46064,1.46083,1.65,1.50
2013.04.04 16:29:18.122,1.46064,1.46084,1.65,2.25
2013.04.04 16:29:18.191,1.46066,1.46084,1.13,1.50
2013.04.04 16:29:20.264,1.46064,1.46084,2.40,1.50
2013.04.04 16:29:20.461,1.4606,1.46082,1.50,1.13
2013.04.04 16:29:21.750,1.46058,1.46079,2.63,1.65
2013.04.04 16:29:22.279,1.46058,1.46079,1.50,1.65
2013.04.04 16:29:22.541,1.46058,1.4608,1.50,1.65
2013.04.04 16:29:23.084,1.46058,1.4608,2.25,1.65
2013.04.04 16:29:23.430,1.4606,1.46082,1.99,1.50
2013.04.04 16:29:23.490,1.46061,1.46083,1.65,1.50
2013.04.04 16:29:26.020,1.46067,1.46084,1.17,1.50
2013.04.04 16:29:26.209,1.46079,1.46093,2.18,1.13
2013.04.04 16:29:26.388,1.46081,1.46098,1.50,1.50
2013.04.04 16:29:26.448,1.46081,1.46101,1.50,1.65
2013.04.04 16:29:26.979,1.46082,1.46101,1.13,1.28
2013.04.04 16:29:27.041,1.46084,1.46102,1.65,1.28
2013.04.04 16:29:27.171,1.46083,1.46103,3.15,1.50
2013.04.04 16:29:27.362,1.46084,1.46106,1.65,2.25
2013.04.04 16:29:27.561,1.46082,1.46101,1.13,2.03
2013.04.04 16:29:27.631,1.46082,1.46101,1.13,2.03
2013.04.04 16:29:29.421,1.4608,1.46094,1.50,1.13
2013.04.04 16:29:29.493,1.46079,1.46092,1.50,1.13
2013.04.04 16:29:29.562,1.46075,1.46092,1.65,1.13
2013.04.04 16:29:29.990,1.46076,1.46094,1.65,1.13
2013.04.04 16:29:30.050,1.46078,1.46098,2.07,1.50
2013.04.04 16:29:30.120,1.4608,1.46099,1.65,2.25
2013.04.04 16:29:30.630,1.46076,1.461,1.65,3.15
2013.04.04 16:29:32.381,1.46076,1.46098,1.65,2.25
2013.04.04 16:29:34.060,1.46076,1.46098,1.65,2.63
2013.04.04 16:29:35.181,1.46081,1.46098,1.50,2.78
2013.04.04 16:29:35.263,1.46077,1.46098,2.78,3.15
2013.04.04 16:29:35.654,1.46077,1.46096,1.88,1.13
2013.04.04 16:29:36.258,1.46072,1.46095,3.30,1.65
2013.04.04 16:29:42.320,1.46075,1.46098,1.65,3.15
2013.04.04 16:29:42.391,1.46076,1.46098,1.65,2.40
2013.04.04 16:29:42.580,1.46078,1.46098,1.50,2.40
2013.04.04 16:29:42.820,1.46081,1.46103,2.55,2.25
2013.04.04 16:29:43.839,1.46081,1.46103,2.55,1.50
2013.04.04 16:29:44.491,1.46081,1.46103,2.55,1.50
2013.04.04 16:29:44.890,1.46081,1.46102,1.28,1.50
2013.04.04 16:29:45.282,1.4608,1.46102,2.78,1.50
2013.04.04 16:29:50.380,1.4608,1.46102,2.78,1.50
2013.04.04 16:29:50.653,1.4608,1.46101,1.13,1.13
2013.04.04 16:29:50.961,1.46071,1.46095,3.12,1.65
2013.04.04 16:29:51.940,1.46071,1.46094,2.78,1.65
2013.04.04 16:29:54.198,1.46071,1.46095,2.78,1.65
2013.04.04 16:29:54.278,1.46076,1.46096,1.65,2.25
2013.04.04 16:29:56.411,1.46076,1.46095,1.65,1.50
2013.04.04 16:29:56.481,1.46077,1.46095,1.65,1.50
2013.04.04 16:29:56.609,1.46078,1.46101,1.13,1.65
2013.04.04 16:29:56.730,1.46082,1.46097,1.50,1.50
2013.04.04 16:29:56.919,1.46082,1.46097,1.50,1.50
2013.04.04 16:29:58.383,1.46078,1.46093,1.88,1.50
2013.04.04 16:29:58.700,1.46068,1.46088,1.88,2.25
2013.04.04 16:29:58.881,1.46067,1.46086,1.65,1.50
2013.04.04 16:30:05.231,1.46067,1.46086,1.65,1.50
2013.04.04 16:30:05.649,1.46067,1.46088,1.65,1.50
2013.04.04 16:30:05.711,1.46068,1.4609,2.25,1.65
2013.04.04 16:30:05.960,1.46068,1.46089,2.03,1.65
2013.04.04 16:30:07.160,1.46067,1.46084,1.88,1.50
2013.04.04 16:30:07.301,1.46063,1.46084,2.40,1.50
2013.04.04 16:30:07.372,1.46063,1.46085,3.15,1.65
2013.04.04 16:30:07.499,1.46066,1.46088,1.65,1.50
2013.04.04 16:30:08.049,1.46066,1.46088,2.40,1.50
2013.04.04 16:30:14.129,1.46067,1.46088,1.13,1.50
2013.04.04 16:30:14.441,1.46075,1.46092,1.65,1.50
2013.04.04 16:30:14.588,1.46075,1.46092,2.40,1.50
2013.04.04 16:30:14.652,1.46077,1.46094,1.13,1.50
2013.04.04 16:30:14.862,1.46077,1.46094,1.50,1.50
2013.04.04 16:30:15.171,1.46076,1.46097,1.13,3.00
2013.04.04 16:30:15.299,1.46076,1.46098,1.50,3.15
2013.04.04 16:30:15.480,1.46074,1.46094,1.09,2.18
2013.04.04 16:30:15.673,1.46072,1.46095,1.65,2.40
2013.04.04 16:30:16.052,1.46071,1.46094,1.65,2.18
2013.04.04 16:30:21.571,1.46086,1.46097,1.50,2.03
2013.04.04 16:30:21.641,1.46087,1.46099,1.65,1.28
2013.04.04 16:30:21.891,1.46087,1.46109,1.65,3.15
2013.04.04 16:30:23.456,1.46087,1.46109,1.28,4.65
2013.04.04 16:30:27.002,1.46086,1.46108,2.25,3.38
2013.04.04 16:30:27.071,1.46085,1.46106,1.50,3.15
2013.04.04 16:30:27.142,1.46085,1.46104,1.50,1.13
2013.04.04 16:30:27.210,1.46082,1.46099,1.28,2.40
2013.04.04 16:30:27.270,1.46082,1.46097,1.28,1.65
2013.04.04 16:30:27.450,1.46081,1.46097,1.28,1.65
2013.04.04 16:30:27.970,1.4608,1.46094,1.13,1.65
2013.04.04 16:30:28.089,1.46072,1.46094,2.63,1.65
2013.04.04 16:30:28.629,1.46072,1.46093,1.13,1.28
2013.04.04 16:30:30.381,1.46072,1.46093,1.13,2.40
2013.04.04 16:30:31.168,1.4607,1.46089,1.13,3.15
2013.04.04 16:30:31.501,1.46079,1.46094,3.00,1.50
2013.04.04 16:30:31.690,1.46079,1.46102,3.00,1.28
2013.04.04 16:30:31.811,1.46079,1.46103,3.75,2.03
2013.04.04 16:30:31.941,1.46082,1.46103,1.13,1.28
2013.04.04 16:30:33.650,1.46079,1.46103,4.13,2.03
2013.04.04 16:30:34.610,1.46079,1.46102,3.38,1.28
2013.04.04 16:30:34.750,1.46079,1.46101,2.63,1.50
2013.04.04 16:30:43.060,1.4608,1.46098,1.50,1.50
2013.04.04 16:30:43.251,1.46075,1.46096,2.25,1.50
2013.04.04 16:30:43.320,1.46075,1.46098,1.50,1.65
2013.04.04 16:30:43.382,1.46074,1.46087,1.13,1.50
2013.04.04 16:30:43.451,1.46071,1.46087,1.09,1.50
2013.04.04 16:30:43.581,1.46066,1.46087,3.53,1.65
2013.04.04 16:30:43.770,1.46065,1.46087,1.28,1.65
2013.04.04 16:30:43.830,1.46065,1.46085,1.28,1.50
2013.04.04 16:30:44.730,1.46065,1.46087,1.28,2.40
2013.04.04 16:30:45.239,1.46064,1.46085,1.65,1.50
2013.04.04 16:30:48.569,1.46064,1.46084,1.65,1.50
2013.04.04 16:30:49.070,1.46062,1.46082,1.65,1.50
2013.04.04 16:30:49.132,1.4606,1.46082,1.65,1.50
2013.04.04 16:30:49.201,1.46058,1.46079,1.28,2.40
2013.04.04 16:30:49.713,1.46057,1.46079,1.65,1.65
2013.04.04 16:30:50.173,1.46057,1.46079,1.50,2.97
2013.04.04 16:30:50.309,1.46055,1.46078,4.28,3.00
2013.04.04 16:30:50.610,1.46057,1.46078,1.13,2.33
2013.04.04 16:30:50.669,1.46057,1.46078,1.65,1.50
2013.04.04 16:30:50.979,1.46059,1.46082,1.65,2.03
2013.04.04 16:30:51.040,1.46061,1.46082,1.50,1.28
2013.04.04 16:30:51.172,1.46064,1.46085,1.65,1.28
2013.04.04 16:30:51.722,1.46066,1.46086,1.65,1.50
2013.04.04 16:30:51.791,1.46066,1.46088,2.40,3.15
2013.04.04 16:30:51.920,1.46063,1.46084,1.50,1.65
2013.04.04 16:30:52.231,1.46064,1.46084,1.50,1.65
2013.04.04 16:30:52.300,1.46064,1.46084,1.50,1.65
2013.04.04 16:30:52.420,1.46067,1.46086,1.65,1.50
2013.04.04 16:30:52.550,1.46067,1.46088,1.65,1.65
2013.04.04 16:30:54.930,1.46066,1.46089,2.03,1.65
2013.04.04 16:30:55.182,1.46067,1.46087,1.65,2.18
2013.04.04 16:30:55.251,1.46065,1.46084,1.13,1.50
2013.04.04 16:30:55.692,1.46065,1.46085,1.65,1.13
2013.04.04 16:30:55.900,1.46067,1.46088,2.40,2.40
2013.04.04 16:30:56.454,1.46067,1.46088,1.65,2.40
2013.04.04 16:30:57.320,1.46067,1.46088,1.50,2.63
2013.04.04 16:30:57.849,1.46066,1.46084,1.13,1.65
2013.04.04 16:30:58.851,1.46064,1.46084,3.38,1.65
2013.04.04 16:31:00.292,1.46064,1.46084,1.88,2.40
2013.04.04 16:31:00.617,1.46059,1.46079,1.50,1.65
2013.04.04 16:31:00.687,1.46055,1.46074,2.25,1.65
2013.04.04 16:31:01.850,1.46052,1.46074,1.50,2.40
2013.04.04 16:31:05.132,1.46052,1.46073,1.50,1.24
2013.04.04 16:31:05.262,1.46051,1.46064,1.50,1.50
2013.04.04 16:31:05.571,1.46049,1.4606,1.13,1.88
2013.04.04 16:31:05.701,1.46042,1.4606,2.25,1.88
2013.04.04 16:31:05.772,1.46039,1.4606,1.50,1.88
2013.04.04 16:31:05.905,1.46039,1.4606,1.50,1.88
2013.04.04 16:31:06.162,1.46046,1.4606,1.50,1.13
2013.04.04 16:31:06.232,1.46046,1.46066,1.65,1.58
2013.04.04 16:31:06.419,1.46045,1.46067,1.65,1.43
2013.04.04 16:31:06.741,1.46049,1.4607,1.65,2.25
2013.04.04 16:31:07.233,1.46049,1.46068,1.65,1.50
2013.04.04 16:31:07.490,1.46049,1.46069,1.65,1.50
2013.04.04 16:31:10.654,1.46053,1.4607,1.50,1.50
2013.04.04 16:31:10.850,1.46054,1.46075,1.13,1.88
2013.04.04 16:31:10.991,1.46061,1.46075,3.00,1.13
2013.04.04 16:31:11.206,1.46071,1.46088,1.65,1.13
2013.04.04 16:31:11.342,1.46072,1.46091,1.65,1.28
2013.04.04 16:31:11.472,1.46071,1.46093,2.40,1.65
2013.04.04 16:31:11.601,1.4607,1.46093,1.88,1.65
2013.04.04 16:31:11.911,1.4607,1.46091,1.88,1.50
2013.04.04 16:31:12.040,1.4607,1.4609,1.88,1.50
2013.04.04 16:31:13.926,1.46071,1.46089,1.28,1.50
2013.04.04 16:31:14.048,1.46071,1.46092,1.28,1.28
2013.04.04 16:31:14.480,1.4607,1.46092,2.25,2.40
2013.04.04 16:31:14.763,1.4607,1.46088,1.50,1.50
2013.04.04 16:31:14.890,1.46069,1.46088,1.65,1.50
2013.04.04 16:31:15.936,1.46069,1.4609,1.65,2.40
2013.04.04 16:31:16.261,1.46069,1.46089,2.40,2.18
2013.04.04 16:31:16.330,1.46069,1.46089,2.40,2.18
2013.04.04 16:31:16.570,1.46075,1.46095,1.65,1.28
2013.04.04 16:31:21.570,1.46075,1.46096,2.40,1.65
2013.04.04 16:31:21.690,1.46075,1.46096,2.25,1.88
2013.04.04 16:31:23.090,1.46075,1.46094,2.40,1.28
2013.04.04 16:31:26.479,1.46075,1.46096,2.78,1.50
2013.04.04 16:31:26.850,1.46075,1.46095,1.28,1.50
2013.04.04 16:31:27.040,1.46072,1.46093,2.63,1.65
2013.04.04 16:31:27.341,1.46072,1.4609,1.13,1.05
2013.04.04 16:31:28.071,1.46072,1.46089,1.13,1.28
2013.04.04 16:31:28.140,1.46072,1.46088,1.13,1.50
2013.04.04 16:31:28.260,1.46072,1.46089,1.13,1.28
2013.04.04 16:31:29.453,1.46072,1.46089,1.13,1.28
2013.04.04 16:31:30.079,1.46072,1.46089,1.13,1.28
2013.04.04 16:31:30.816,1.46072,1.4609,1.13,1.05
2013.04.04 16:31:30.940,1.46066,1.46085,2.40,1.28
2013.04.04 16:31:31.000,1.46066,1.46084,1.50,1.50
2013.04.04 16:31:31.301,1.46065,1.4608,1.13,1.50
2013.04.04 16:31:31.371,1.4606,1.4608,1.50,1.88
2013.04.04 16:31:31.441,1.46058,1.46078,1.13,1.65
2013.04.04 16:31:32.001,1.46057,1.46077,1.28,1.65
2013.04.04 16:31:32.190,1.46055,1.46075,1.65,1.28
2013.04.04 16:31:41.080,1.46055,1.46074,1.50,1.65
2013.04.04 16:31:41.446,1.46051,1.46071,1.88,1.65
2013.04.04 16:31:42.043,1.46051,1.46071,2.03,1.50
2013.04.04 16:31:42.863,1.46052,1.46071,1.13,1.50
2013.04.04 16:31:43.051,1.46056,1.46077,2.40,2.78
2013.04.04 16:31:43.630,1.46056,1.46078,1.65,1.65
2013.04.04 16:31:44.100,1.46058,1.46079,1.65,1.50
2013.04.04 16:31:48.373,1.46058,1.46079,2.18,1.50
2013.04.04 16:31:48.930,1.46059,1.46082,1.65,2.40
2013.04.04 16:31:52.011,1.46058,1.46079,2.03,2.40
2013.04.04 16:31:52.321,1.46057,1.46078,1.50,1.13
2013.04.04 16:31:52.630,1.46053,1.4607,1.50,1.65
2013.04.04 16:31:53.405,1.46048,1.4607,2.40,2.40
2013.04.04 16:31:54.652,1.46054,1.4607,1.50,1.50
2013.04.04 16:31:54.910,1.46053,1.4607,1.65,2.25
2013.04.04 16:31:56.760,1.46053,1.4607,1.50,1.65
2013.04.04 16:31:56.879,1.46051,1.4607,2.78,1.65
2013.04.04 16:31:57.891,1.46051,1.4607,3.68,1.50
2013.04.04 16:31:57.959,1.46054,1.46076,1.13,2.03
2013.04.04 16:31:58.020,1.46056,1.46076,1.65,1.50
2013.04.04 16:31:58.140,1.46058,1.46079,1.95,1.50
2013.04.04 16:31:58.261,1.46061,1.46079,1.43,1.50
2013.04.04 16:31:58.389,1.46061,1.46083,2.18,2.40
2013.04.04 16:31:58.450,1.46061,1.46083,2.78,2.63
2013.04.04 16:31:58.762,1.46069,1.4609,1.50,1.65
2013.04.04 16:31:58.890,1.46069,1.4609,1.50,2.40
2013.04.04 16:31:58.950,1.46069,1.4609,2.25,2.40
2013.04.04 16:31:59.190,1.46072,1.46094,2.40,1.65
2013.04.04 16:31:59.331,1.46072,1.46094,2.40,2.40
2013.04.04 16:31:59.401,1.46072,1.46092,1.50,1.13
2013.04.04 16:31:59.723,1.46071,1.4609,1.28,1.65
2013.04.04 16:32:00.111,1.46072,1.46089,1.13,1.65
2013.04.04 16:32:02.502,1.46072,1.46093,2.03,1.65
2013.04.04 16:32:02.571,1.46072,1.46094,2.78,2.63
2013.04.04 16:32:02.759,1.46072,1.46094,1.28,2.63
2013.04.04 16:32:04.712,1.4607,1.4609,1.50,1.65
2013.04.04 16:32:08.151,1.46067,1.46085,2.40,1.50
2013.04.04 16:32:08.281,1.46067,1.46088,2.40,1.50
2013.04.04 16:32:08.351,1.4607,1.46088,1.13,1.50
2013.04.04 16:32:08.731,1.4607,1.4609,1.50,2.40
2013.04.04 16:32:09.113,1.46067,1.4609,1.65,3.15
2013.04.04 16:32:09.182,1.4607,1.4609,1.88,2.25
2013.04.04 16:32:09.691,1.46071,1.4609,1.65,1.50
2013.04.04 16:32:12.931,1.4607,1.4609,1.13,2.25
2013.04.04 16:32:13.060,1.46067,1.4609,2.03,3.15
2013.04.04 16:32:15.950,1.46067,1.4609,2.25,3.00
2013.04.04 16:32:16.022,1.4607,1.4609,1.13,2.25
2013.04.04 16:32:19.481,1.4607,1.4609,1.50,1.65
2013.04.04 16:32:19.556,1.46067,1.4609,1.28,3.15
2013.04.04 16:32:19.684,1.46067,1.4609,2.25,3.00
2013.04.04 16:32:20.010,1.46069,1.46089,1.13,2.25
2013.04.04 16:32:21.671,1.46067,1.46088,2.03,1.50
2013.04.04 16:32:21.741,1.46067,1.46088,1.65,2.25
2013.04.04 16:32:24.160,1.46069,1.46088,1.13,2.25
2013.04.04 16:32:24.549,1.4607,1.46086,1.65,1.50
2013.04.04 16:32:24.740,1.46067,1.46086,1.65,1.50
2013.04.04 16:32:28.731,1.46065,1.46084,2.63,1.50
2013.04.04 16:32:31.171,1.46062,1.46081,1.65,1.50
2013.04.04 16:32:31.243,1.46062,1.46082,1.50,1.13
2013.04.04 16:32:31.311,1.46062,1.46083,2.78,1.28
2013.04.04 16:32:33.560,1.46064,1.46084,1.13,1.50
2013.04.04 16:32:33.620,1.46066,1.46087,1.65,2.03
2013.04.04 16:32:33.811,1.46063,1.46085,2.03,1.65
2013.04.04 16:32:36.712,1.46064,1.46084,1.13,1.50
2013.04.04 16:32:37.021,1.46067,1.46088,1.13,2.25
2013.04.04 16:32:37.150,1.46067,1.46088,1.13,1.50
2013.04.04 16:32:41.921,1.46066,1.46087,1.13,1.13
2013.04.04 16:32:42.231,1.46065,1.46085,1.13,1.65
2013.04.04 16:32:43.363,1.46066,1.46086,1.13,1.65
2013.04.04 16:32:43.432,1.46067,1.46086,1.13,1.50
2013.04.04 16:32:43.561,1.46067,1.46088,1.88,1.50
2013.04.04 16:32:43.631,1.46067,1.46089,1.88,3.53
2013.04.04 16:32:43.942,1.46067,1.46088,1.13,1.50
2013.04.04 16:32:51.453,1.46067,1.46089,1.13,2.93
2013.04.04 16:32:55.592,1.4607,1.46089,1.65,1.50
2013.04.04 16:32:55.661,1.4607,1.4609,1.65,1.50
2013.04.04 16:32:58.211,1.46071,1.46088,1.65,1.50
2013.04.04 16:32:58.528,1.46064,1.46085,3.75,1.50
2013.04.04 16:32:58.793,1.46066,1.46085,1.50,1.50
2013.04.04 16:32:59.161,1.46066,1.46087,1.65,2.78
2013.04.04 16:32:59.231,1.46066,1.46087,1.65,2.03
2013.04.04 16:32:59.420,1.46063,1.46087,2.25,3.68
2013.04.04 16:32:59.731,1.46062,1.46085,1.65,1.50
2013.04.04 16:33:02.751,1.46063,1.46085,1.50,2.25
2013.04.04 16:33:02.886,1.4606,1.46079,1.43,1.88
2013.04.04 16:33:02.952,1.46057,1.46078,2.25,1.65
2013.04.04 16:33:03.081,1.46055,1.46076,1.65,1.50
2013.04.04 16:33:04.645,1.46062,1.46077,1.50,1.50
2013.04.04 16:33:04.710,1.46058,1.46078,1.65,1.50
2013.04.04 16:33:05.141,1.46058,1.46078,1.88,1.50
2013.04.04 16:33:05.294,1.46058,1.46078,1.88,1.50
2013.04.04 16:33:05.424,1.46058,1.46082,1.88,2.18
2013.04.04 16:33:05.495,1.46066,1.46082,1.13,2.03
2013.04.04 16:33:05.682,1.46066,1.46085,1.88,1.50
2013.04.04 16:33:05.821,1.46066,1.46087,1.88,1.13
2013.04.04 16:33:05.891,1.46066,1.46088,1.88,1.13
2013.04.04 16:33:06.401,1.46066,1.46089,2.40,2.25
2013.04.04 16:33:06.960,1.46071,1.46089,1.50,1.50
2013.04.04 16:33:07.142,1.46072,1.46093,1.88,2.03
2013.04.04 16:33:07.290,1.46074,1.46094,1.50,2.18
2013.04.04 16:33:07.354,1.46074,1.46094,2.03,1.65
2013.04.04 16:33:07.423,1.46076,1.46095,1.13,1.50
2013.04.04 16:33:07.564,1.46077,1.46099,1.13,3.00
2013.04.04 16:33:07.691,1.4608,1.46099,1.65,1.50
2013.04.04 16:33:08.121,1.4608,1.46093,1.65,1.50
2013.04.04 16:33:08.252,1.46077,1.46093,2.25,1.50
2013.04.04 16:33:08.323,1.46075,1.46094,1.13,1.50
2013.04.04 16:33:08.452,1.46076,1.46095,1.65,2.55
2013.04.04 16:33:08.523,1.46079,1.46093,1.50,1.28
2013.04.04 16:33:08.725,1.46073,1.4609,2.55,1.50
2013.04.04 16:33:08.922,1.46072,1.46092,1.65,1.28
2013.04.04 16:33:09.232,1.46067,1.46091,2.63,2.40
2013.04.04 16:33:10.111,1.46069,1.46089,1.13,2.03
2013.04.04 16:33:10.490,1.46072,1.4609,1.65,1.80
2013.04.04 16:33:10.951,1.46067,1.46089,2.40,1.28
2013.04.04 16:33:11.200,1.46067,1.46087,1.65,1.50
2013.04.04 16:33:13.051,1.46066,1.46087,2.40,2.48
2013.04.04 16:33:14.672,1.46065,1.46085,1.65,1.28
2013.04.04 16:33:14.993,1.46064,1.46085,2.03,2.03
2013.04.04 16:33:15.431,1.46062,1.46083,3.00,2.18
2013.04.04 16:33:15.502,1.46062,1.46083,2.25,2.93
2013.04.04 16:33:15.932,1.46062,1.4608,1.50,1.50
2013.04.04 16:33:19.461,1.4606,1.46076,1.65,1.50
2013.04.04 16:33:19.591,1.46057,1.46075,2.03,2.03
2013.04.04 16:33:19.721,1.46057,1.46074,2.03,1.58
2013.04.04 16:33:20.030,1.46057,1.46076,2.03,1.28
2013.04.04 16:33:20.535,1.46055,1.46076,2.25,1.28
2013.04.04 16:33:24.791,1.46055,1.46075,2.25,1.50
2013.04.04 16:33:26.184,1.46055,1.46075,2.03,2.78
2013.04.04 16:33:26.672,1.46048,1.46063,1.50,1.50
2013.04.04 16:33:28.413,1.46047,1.46063,1.50,1.50
2013.04.04 16:33:28.491,1.46058,1.46075,1.13,1.50
2013.04.04 16:33:29.195,1.46058,1.46075,1.88,1.50
2013.04.04 16:33:29.262,1.46058,1.46073,1.13,1.50
2013.04.04 16:33:29.331,1.46052,1.46073,1.65,2.25
2013.04.04 16:33:29.521,1.46052,1.4607,1.65,1.50
2013.04.04 16:33:30.055,1.46049,1.46068,1.13,1.50
2013.04.04 16:33:30.416,1.46053,1.46069,1.13,1.50
2013.04.04 16:33:31.281,1.46054,1.46069,1.13,1.50
2013.04.04 16:33:31.351,1.46056,1.46072,1.65,1.50
2013.04.04 16:33:31.421,1.46056,1.46074,1.65,1.50
2013.04.04 16:33:33.036,1.46056,1.46075,1.65,2.25
2013.04.04 16:33:33.471,1.46055,1.46073,1.13,1.65
2013.04.04 16:33:34.387,1.46053,1.46073,1.28,1.65
2013.04.04 16:33:34.461,1.46052,1.46073,1.65,1.65
2013.04.04 16:33:35.882,1.46052,1.46073,2.03,1.65
2013.04.04 16:33:35.951,1.46054,1.46073,1.50,1.50
2013.04.04 16:33:36.201,1.46053,1.46073,1.65,1.50
2013.04.04 16:33:36.736,1.46052,1.46073,2.03,2.25
2013.04.04 16:33:37.571,1.46053,1.46073,1.13,2.25
2013.04.04 16:33:37.761,1.46055,1.46075,1.65,2.25
2013.04.04 16:33:41.110,1.46055,1.46075,2.03,2.25
2013.04.04 16:33:41.294,1.46059,1.46075,1.13,1.50
2013.04.04 16:33:41.483,1.4606,1.46075,1.13,1.50
2013.04.04 16:33:41.811,1.4606,1.46076,1.13,1.50
2013.04.04 16:33:41.943,1.46057,1.46078,2.18,3.00
2013.04.04 16:33:42.192,1.46059,1.46079,1.50,1.50
2013.04.04 16:33:43.064,1.46065,1.46083,1.65,2.25
2013.04.04 16:33:43.152,1.46064,1.46083,1.88,1.50
2013.04.04 16:33:46.008,1.46064,1.46083,1.13,1.50
2013.04.04 16:33:46.225,1.46062,1.46083,1.43,1.50
2013.04.04 16:33:46.302,1.46062,1.4608,1.43,1.50
2013.04.04 16:33:47.041,1.46058,1.46078,1.50,1.50
2013.04.04 16:33:47.590,1.46058,1.46078,1.50,2.25
2013.04.04 16:33:47.951,1.46062,1.46078,1.28,2.25
2013.04.04 16:33:48.084,1.46062,1.46083,1.65,1.50
2013.04.04 16:33:48.154,1.46062,1.46083,1.65,2.25
2013.04.04 16:33:48.347,1.46061,1.46077,1.28,1.50
2013.04.04 16:33:48.591,1.46061,1.46078,1.88,2.25
2013.04.04 16:33:48.731,1.46061,1.46078,1.13,2.25
2013.04.04 16:33:48.921,1.46057,1.46076,2.40,1.50
2013.04.04 16:33:49.293,1.46057,1.46076,2.40,1.50
2013.04.04 16:33:50.172,1.46057,1.46076,1.65,1.50
2013.04.04 16:33:52.450,1.46057,1.46076,1.65,1.50
2013.04.04 16:33:52.995,1.46054,1.46077,1.65,1.65
2013.04.04 16:33:53.399,1.46061,1.46077,1.50,1.65
2013.04.04 16:33:53.521,1.46061,1.46078,1.65,1.28
2013.04.04 16:33:53.590,1.46061,1.46081,1.65,1.13
2013.04.04 16:33:54.099,1.46061,1.46082,1.88,1.50
2013.04.04 16:33:55.562,1.46062,1.46081,1.88,1.65
2013.04.04 16:33:55.646,1.46054,1.46076,1.28,2.18
2013.04.04 16:33:56.689,1.46052,1.46074,1.13,1.50
2013.04.04 16:33:57.100,1.46052,1.46076,1.88,2.40
2013.04.04 16:34:00.650,1.46057,1.46076,1.13,2.25
2013.04.04 16:34:01.022,1.46056,1.46079,1.65,2.40
2013.04.04 16:34:01.089,1.46055,1.46075,1.65,1.65
2013.04.04 16:34:01.211,1.46057,1.46079,1.28,2.40
2013.04.04 16:34:01.340,1.4606,1.46079,1.65,1.50
2013.04.04 16:34:01.403,1.46061,1.46079,1.65,1.50
2013.04.04 16:34:01.721,1.46065,1.4608,1.65,1.50
2013.04.04 16:34:03.091,1.46064,1.46085,1.65,2.10
2013.04.04 16:34:03.640,1.46068,1.46086,1.13,2.03
2013.04.04 16:34:06.195,1.46068,1.46085,1.13,2.25
2013.04.04 16:34:06.505,1.46069,1.46085,1.13,1.50
2013.04.04 16:34:07.331,1.46071,1.46089,1.50,1.65
2013.04.04 16:34:07.410,1.46074,1.46096,2.03,1.28
2013.04.04 16:34:07.541,1.46074,1.46097,2.03,1.50
2013.04.04 16:34:07.670,1.46074,1.46095,1.28,1.50
2013.04.04 16:34:08.101,1.46074,1.46096,2.03,1.28
2013.04.04 16:34:09.342,1.46074,1.46095,2.03,1.50
2013.04.04 16:34:09.961,1.46074,1.46096,1.28,2.03
2013.04.04 16:34:10.752,1.46074,1.46095,1.28,1.50
2013.04.04 16:34:11.272,1.46073,1.46093,1.28,1.50
2013.04.04 16:34:11.779,1.46074,1.46093,1.28,2.25
2013.04.04 16:34:11.839,1.46074,1.46092,1.28,1.50
2013.04.04 16:34:12.381,1.46074,1.46092,1.28,1.50
2013.04.04 16:34:12.651,1.46074,1.46094,1.28,1.50
2013.04.04 16:34:13.429,1.46074,1.46094,1.28,1.50
2013.04.04 16:34:14.330,1.46073,1.46094,1.28,1.50
2013.04.04 16:34:14.690,1.46074,1.46095,1.65,1.50
2013.04.04 16:34:15.440,1.46074,1.46095,1.65,1.50
2013.04.04 16:34:15.561,1.46073,1.46093,1.28,1.50
2013.04.04 16:34:16.001,1.46073,1.46091,1.28,1.50
2013.04.04 16:34:16.143,1.46071,1.46091,1.50,1.65
2013.04.04 16:34:16.691,1.46066,1.4609,4.43,1.65
2013.04.04 16:34:17.242,1.46066,1.46089,2.40,1.50
2013.04.04 16:34:17.671,1.46067,1.46086,1.28,1.50
2013.04.04 16:34:17.743,1.46066,1.46086,1.43,2.25
2013.04.04 16:34:17.812,1.46065,1.46086,1.47,2.40
2013.04.04 16:34:18.121,1.46064,1.46084,1.28,1.50
2013.04.04 16:34:18.781,1.46064,1.46086,3.38,1.65
2013.04.04 16:34:18.912,1.46063,1.46087,2.93,2.40
2013.04.04 16:34:19.707,1.46064,1.46087,1.65,1.65
2013.04.04 16:34:19.841,1.46063,1.46087,2.18,1.65
2013.04.04 16:34:20.400,1.46063,1.46083,1.28,1.65
2013.04.04 16:34:22.170,1.46062,1.46083,2.03,1.50
2013.04.04 16:34:22.230,1.46063,1.46088,2.40,2.93
2013.04.04 16:34:22.591,1.46063,1.46087,2.40,1.65
2013.04.04 16:34:23.229,1.46066,1.46088,1.13,2.93
2013.04.04 16:34:25.151,1.46066,1.46089,2.63,2.63
2013.04.04 16:34:25.210,1.46067,1.46089,1.65,1.50
2013.04.04 16:34:25.929,1.46067,1.4609,2.40,2.40
2013.04.04 16:34:26.939,1.46067,1.46089,1.65,1.65
2013.04.04 16:34:27.000,1.46066,1.46088,1.50,1.88
2013.04.04 16:34:27.549,1.46062,1.46085,1.13,2.18
2013.04.04 16:34:27.611,1.46061,1.46084,1.88,1.50
2013.04.04 16:34:28.119,1.46061,1.46084,1.88,1.50
2013.04.04 16:34:28.742,1.46061,1.46083,1.50,1.65
2013.04.04 16:34:28.871,1.46061,1.46082,1.50,1.65
2013.04.04 16:34:29.422,1.4606,1.46082,2.40,1.43
2013.04.04 16:34:29.791,1.4606,1.46082,2.40,1.43
2013.04.04 16:34:33.567,1.46061,1.46082,1.13,2.03
2013.04.04 16:34:33.643,1.46063,1.46082,1.13,2.03
2013.04.04 16:34:34.820,1.46063,1.46082,1.13,1.28
2013.04.04 16:34:35.130,1.46061,1.46083,1.05,2.03
2013.04.04 16:34:36.753,1.46059,1.46079,1.65,1.65
2013.04.04 16:34:36.821,1.46057,1.46079,1.65,1.65
2013.04.04 16:34:37.121,1.4606,1.46079,1.28,2.25
2013.04.04 16:34:37.251,1.46063,1.46082,1.13,1.50
2013.04.04 16:34:37.321,1.4606,1.46082,2.63,1.50
2013.04.04 16:34:37.721,1.46062,1.46082,1.28,1.50
2013.04.04 16:34:38.372,1.46063,1.46082,1.88,1.50
2013.04.04 16:34:39.180,1.4606,1.46079,1.05,1.50
2013.04.04 16:34:39.370,1.46057,1.46077,2.63,1.50
2013.04.04 16:34:39.431,1.46057,1.46077,1.50,2.25
2013.04.04 16:34:39.990,1.46055,1.46076,1.65,1.50
2013.04.04 16:34:40.431,1.46053,1.46076,3.38,2.25
2013.04.04 16:34:41.671,1.46053,1.46076,3.38,1.50
2013.04.04 16:34:42.042,1.46057,1.46078,1.50,2.40
2013.04.04 16:34:42.363,1.4606,1.46078,2.40,1.50
2013.04.04 16:34:42.442,1.46061,1.46081,1.28,2.25
2013.04.04 16:34:43.712,1.46064,1.46084,3.53,2.03
2013.04.04 16:34:44.081,1.46064,1.46085,3.53,1.50
2013.04.04 16:34:46.662,1.46064,1.46085,3.75,1.50
2013.04.04 16:34:46.910,1.46069,1.46089,1.28,2.25
2013.04.04 16:34:47.430,1.46067,1.46088,2.93,1.50
2013.04.04 16:34:47.670,1.46069,1.46089,1.28,2.25
2013.04.04 16:34:48.750,1.46069,1.46088,1.28,1.50
2013.04.04 16:34:49.291,1.46068,1.46088,1.65,2.25
2013.04.04 16:34:50.151,1.46069,1.46088,2.59,2.25
2013.04.04 16:34:50.281,1.46081,1.46095,1.28,1.28
2013.04.04 16:34:50.352,1.46082,1.461,1.13,1.28
2013.04.04 16:34:50.480,1.46082,1.46103,1.13,1.28
2013.04.04 16:34:50.540,1.46082,1.46104,1.13,2.25
2013.04.04 16:34:51.251,1.46083,1.46102,1.28,1.50
2013.04.04 16:34:53.630,1.46084,1.46102,1.65,1.50
2013.04.04 16:34:55.641,1.46084,1.46104,1.65,1.50
2013.04.04 16:34:55.761,1.46088,1.46106,1.13,1.80
2013.04.04 16:34:56.080,1.46094,1.46114,1.13,1.88
2013.04.04 16:34:56.410,1.46096,1.46116,1.65,1.50
2013.04.04 16:34:56.722,1.46096,1.46117,1.65,2.78
2013.04.04 16:34:56.792,1.46096,1.46117,1.50,2.93
2013.04.04 16:34:56.923,1.46093,1.46113,1.50,1.65
2013.04.04 16:34:57.232,1.46092,1.46109,1.50,1.65
2013.04.04 16:34:57.301,1.46086,1.46108,3.30,1.65
2013.04.04 16:34:57.491,1.46086,1.46107,1.35,1.65
2013.04.04 16:35:02.901,1.46086,1.46107,2.40,1.65
2013.04.04 16:35:03.922,1.46086,1.46107,2.25,1.88
2013.04.04 16:35:04.171,1.46084,1.46105,1.88,1.65
2013.04.04 16:35:09.472,1.46083,1.46104,1.69,1.65
2013.04.04 16:35:09.601,1.4608,1.46101,1.50,1.43
2013.04.04 16:35:10.350,1.46079,1.461,1.13,1.65
2013.04.04 16:35:11.068,1.46079,1.46098,1.13,1.28
2013.04.04 16:35:13.465,1.46081,1.46099,1.65,1.28
2013.04.04 16:35:14.013,1.46084,1.46101,1.50,2.03
2013.04.04 16:35:14.841,1.46084,1.46102,1.65,1.28
2013.04.04 16:35:15.421,1.46084,1.46104,2.40,1.50
2013.04.04 16:35:15.911,1.46085,1.46106,1.65,2.03
2013.04.04 16:35:15.982,1.46089,1.46106,1.50,2.03
2013.04.04 16:35:16.337,1.46088,1.46108,1.50,1.65
2013.04.04 16:35:16.402,1.46088,1.46108,1.88,1.50
2013.04.04 16:35:17.357,1.46088,1.46109,1.88,2.25
2013.04.04 16:35:17.721,1.46087,1.46108,3.00,2.40
2013.04.04 16:35:18.534,1.46087,1.46108,1.50,1.65
2013.04.04 16:35:18.680,1.46087,1.46108,2.25,2.40
2013.04.04 16:35:18.761,1.46088,1.46108,1.50,1.65
2013.04.04 16:35:19.262,1.46089,1.46109,1.88,2.25
2013.04.04 16:35:19.510,1.46091,1.46113,1.65,3.15
2013.04.04 16:35:19.692,1.46093,1.46113,1.65,1.50
2013.04.04 16:35:20.201,1.46095,1.46113,3.00,1.50
2013.04.04 16:35:20.581,1.46097,1.46117,1.50,2.03
2013.04.04 16:35:23.044,1.46097,1.46117,2.25,1.28
2013.04.04 16:35:23.125,1.46097,1.46117,1.50,1.28
2013.04.04 16:35:23.253,1.46097,1.46116,1.50,1.65
2013.04.04 16:35:23.501,1.46096,1.46116,1.50,1.65
2013.04.04 16:35:24.057,1.46096,1.46116,1.50,1.65
2013.04.04 16:35:24.136,1.46097,1.46116,2.10,1.65
2013.04.04 16:35:25.433,1.46097,1.46117,1.35,1.65
2013.04.04 16:35:26.048,1.46096,1.46117,1.80,1.65
2013.04.04 16:35:28.711,1.46096,1.46114,1.80,1.50
2013.04.04 16:35:28.903,1.46096,1.46114,1.05,1.65
2013.04.04 16:35:29.030,1.46096,1.4611,1.05,1.50
2013.04.04 16:35:29.212,1.46096,1.46114,1.05,1.50
2013.04.04 16:35:29.403,1.46095,1.46115,1.50,2.63
2013.04.04 16:35:29.472,1.46092,1.46112,1.28,1.65
2013.04.04 16:35:29.541,1.46092,1.46113,1.28,1.65
2013.04.04 16:35:29.782,1.46094,1.46115,1.50,3.38
2013.04.04 16:35:29.911,1.46094,1.46115,2.40,2.25
2013.04.04 16:35:30.043,1.46094,1.46115,2.93,1.50
2013.04.04 16:35:30.172,1.46094,1.46117,2.93,1.65
2013.04.04 16:35:30.363,1.46099,1.46118,1.50,1.65
2013.04.04 16:35:30.432,1.46101,1.46121,1.50,2.40
2013.04.04 16:35:30.501,1.46102,1.46121,1.65,1.50
2013.04.04 16:35:30.750,1.46102,1.46122,1.65,1.50
2013.04.04 16:35:30.933,1.46105,1.46123,1.13,1.50
2013.04.04 16:35:31.354,1.46105,1.46124,2.03,2.25
2013.04.04 16:35:31.482,1.46107,1.46124,2.03,1.50
2013.04.04 16:35:31.749,1.46112,1.46131,1.50,1.88
2013.04.04 16:35:31.819,1.46112,1.46132,2.25,2.40
2013.04.04 16:35:32.000,1.46112,1.46132,2.25,1.88
2013.04.04 16:35:32.362,1.46112,1.46133,1.50,1.65
2013.04.04 16:35:32.434,1.46111,1.46133,1.13,1.65
2013.04.04 16:35:32.561,1.46112,1.46133,1.50,2.55
2013.04.04 16:35:32.811,1.46112,1.46133,1.50,2.63
2013.04.04 16:35:32.882,1.46112,1.46132,1.50,1.05
2013.04.04 16:35:33.011,1.46112,1.46132,1.50,1.05
2013.04.04 16:35:36.457,1.4611,1.46132,3.15,2.40
2013.04.04 16:35:36.714,1.46109,1.46129,1.88,1.65
2013.04.04 16:35:38.022,1.46109,1.46129,1.65,1.65
2013.04.04 16:35:38.341,1.4612,1.46138,1.65,1.50
2013.04.04 16:35:38.532,1.46126,1.46148,1.50,2.18
2013.04.04 16:35:40.600,1.46128,1.46149,2.25,2.03
2013.04.04 16:35:40.954,1.46129,1.46149,1.50,2.03
2013.04.04 16:35:41.295,1.46129,1.46149,1.50,2.03
2013.04.04 16:35:41.682,1.46129,1.46149,1.50,1.28
2013.04.04 16:35:41.951,1.46129,1.46149,1.50,1.28
2013.04.04 16:35:43.974,1.46132,1.4615,1.65,1.50
2013.04.04 16:35:45.150,1.46132,1.4615,1.28,1.50
2013.04.04 16:35:45.211,1.46132,1.4615,1.28,1.50
2013.04.04 16:35:45.544,1.46132,1.46149,1.13,2.40
2013.04.04 16:35:45.613,1.46128,1.46148,1.13,1.65
2013.04.04 16:35:46.512,1.46113,1.46134,3.53,1.05
2013.04.04 16:35:46.641,1.46113,1.46132,2.03,1.65
2013.04.04 16:35:47.171,1.46113,1.46133,1.50,1.88
2013.04.04 16:35:47.720,1.46113,1.46133,1.50,2.63
2013.04.04 16:35:47.903,1.46113,1.46133,1.65,2.25
2013.04.04 16:35:47.972,1.46113,1.46135,3.15,1.65
2013.04.04 16:35:48.401,1.46114,1.46133,1.50,1.13
2013.04.04 16:35:48.472,1.46112,1.46133,1.50,3.38
2013.04.04 16:35:48.541,1.46114,1.46133,1.05,3.38
2013.04.04 16:35:48.672,1.46114,1.46133,1.05,2.25
2013.04.04 16:35:48.871,1.4612,1.46138,1.50,3.38
2013.04.04 16:35:48.932,1.46121,1.46139,1.13,1.50
2013.04.04 16:35:49.004,1.46122,1.46142,1.50,1.65
2013.04.04 16:35:49.072,1.46125,1.46142,1.05,1.65
2013.04.04 16:35:50.012,1.46126,1.46146,2.03,2.03
2013.04.04 16:35:50.143,1.46126,1.46145,2.03,1.13
2013.04.04 16:35:50.671,1.46124,1.46139,1.28,1.65
2013.04.04 16:35:50.910,1.46121,1.46139,1.28,1.65
2013.04.04 16:35:51.631,1.46122,1.46141,1.50,1.05
2013.04.04 16:35:51.703,1.46124,1.46143,1.50,1.05
2013.04.04 16:35:52.019,1.46125,1.46145,1.50,2.63
2013.04.04 16:35:52.203,1.46125,1.46145,1.50,2.25
2013.04.04 16:35:52.391,1.46125,1.46145,1.50,2.40
2013.04.04 16:35:52.461,1.46124,1.46144,1.28,1.65
2013.04.04 16:35:53.782,1.46122,1.46144,2.03,1.65
2013.04.04 16:35:53.913,1.46123,1.46144,1.65,1.50
2013.04.04 16:35:54.253,1.46123,1.46145,1.50,1.65
2013.04.04 16:35:54.392,1.46123,1.46145,1.65,1.50
2013.04.04 16:35:54.465,1.46125,1.46146,1.65,2.25
2013.04.04 16:35:54.775,1.46127,1.46149,1.58,1.65
2013.04.04 16:35:55.192,1.46129,1.46149,1.28,1.65
2013.04.04 16:35:55.912,1.46129,1.46149,1.65,1.50
2013.04.04 16:35:56.254,1.46132,1.46153,2.63,1.50
2013.04.04 16:35:56.332,1.46134,1.46154,1.65,1.50
2013.04.04 16:35:56.881,1.46133,1.46154,1.43,2.25
2013.04.04 16:35:58.658,1.46135,1.46156,1.65,1.65
2013.04.04 16:35:59.931,1.46134,1.46154,1.65,1.50
2013.04.04 16:36:00.465,1.46133,1.46155,2.93,1.65
2013.04.04 16:36:00.600,1.46135,1.46156,2.18,1.65
2013.04.04 16:36:00.903,1.46135,1.46154,2.18,1.50
2013.04.04 16:36:01.213,1.46139,1.46156,1.13,2.25
2013.04.04 16:36:01.563,1.46139,1.46157,1.13,1.50
2013.04.04 16:36:01.632,1.46139,1.46157,1.13,1.50
2013.04.04 16:36:01.773,1.46138,1.46158,3.00,1.50
2013.04.04 16:36:02.601,1.4614,1.46158,1.43,1.50
2013.04.04 16:36:02.683,1.46145,1.46157,1.80,1.50
2013.04.04 16:36:02.883,1.46147,1.46167,1.28,1.65
2013.04.04 16:36:03.213,1.4615,1.46169,1.13,1.65
2013.04.04 16:36:03.463,1.4615,1.4617,1.28,1.50
2013.04.04 16:36:03.730,1.46151,1.46174,1.65,3.15
2013.04.04 16:36:04.041,1.46151,1.46174,1.65,3.15
2013.04.04 16:36:04.293,1.46151,1.46174,1.65,3.15
2013.04.04 16:36:04.422,1.4615,1.46173,1.28,1.65
2013.04.04 16:36:04.702,1.4615,1.46173,1.28,1.65
2013.04.04 16:36:05.014,1.46152,1.46174,1.28,2.40
2013.04.04 16:36:05.080,1.46151,1.46174,1.65,3.15
2013.04.04 16:36:05.739,1.46152,1.46173,1.28,2.40
2013.04.04 16:36:07.012,1.46152,1.46173,1.28,1.65
2013.04.04 16:36:08.966,1.46152,1.46173,2.03,1.65
2013.04.04 16:36:09.962,1.46152,1.46173,2.03,2.40
2013.04.04 16:36:10.279,1.46151,1.46173,1.65,2.40
2013.04.04 16:36:10.415,1.46152,1.46173,1.65,2.40
2013.04.04 16:36:11.155,1.46152,1.46172,1.65,1.65
2013.04.04 16:36:11.294,1.4615,1.46169,1.65,1.50
2013.04.04 16:36:12.171,1.46149,1.46169,1.13,3.00
2013.04.04 16:36:12.480,1.46147,1.46169,1.05,2.97
2013.04.04 16:36:12.900,1.46146,1.46166,1.65,1.50
2013.04.04 16:36:13.201,1.46144,1.46164,1.13,1.50
2013.04.04 16:36:13.990,1.46143,1.46163,1.13,1.13
2013.04.04 16:36:14.111,1.4614,1.46162,2.18,1.43
2013.04.04 16:36:14.180,1.46136,1.46159,1.65,1.13
2013.04.04 16:36:14.302,1.46134,1.46154,2.40,1.50
2013.04.04 16:36:19.940,1.46133,1.46153,1.13,1.50
2013.04.04 16:36:20.651,1.46133,1.46154,1.88,1.50
2013.04.04 16:36:20.961,1.46134,1.46155,1.65,2.25
2013.04.04 16:36:22.182,1.46134,1.46155,1.50,1.65
2013.04.04 16:36:22.853,1.46132,1.46154,2.25,2.40
2013.04.04 16:36:23.381,1.46132,1.46153,2.25,1.65
2013.04.04 16:36:23.942,1.46132,1.46153,1.50,2.40
2013.04.04 16:36:24.410,1.46129,1.46152,1.65,1.50
2013.04.04 16:36:24.471,1.46129,1.46152,1.65,1.50
2013.04.04 16:36:24.902,1.4613,1.46151,2.25,1.13
2013.04.04 16:36:25.034,1.46125,1.46148,1.88,1.65
2013.04.04 16:36:25.100,1.46125,1.46148,2.25,1.65
2013.04.04 16:36:25.621,1.46127,1.46147,1.65,1.50
2013.04.04 16:36:26.731,1.46126,1.46148,1.65,2.40
2013.04.04 16:36:27.193,1.46126,1.46148,2.40,1.65
2013.04.04 16:36:27.443,1.46129,1.4615,3.38,1.50
2013.04.04 16:36:32.841,1.46129,1.4615,1.13,2.25
2013.04.04 16:36:33.046,1.4613,1.46149,1.65,1.50
2013.04.04 16:36:33.113,1.46134,1.46149,1.13,1.50
2013.04.04 16:36:33.242,1.46135,1.46154,1.65,2.25
2013.04.04 16:36:33.314,1.46135,1.46154,1.65,1.50
2013.04.04 16:36:33.853,1.46135,1.46154,1.43,1.50
2013.04.04 16:36:34.161,1.46135,1.46159,2.18,2.40
2013.04.04 16:36:35.737,1.46137,1.46159,1.65,1.65
2013.04.04 16:36:37.702,1.46133,1.46154,1.50,2.40
2013.04.04 16:36:37.771,1.46133,1.46152,1.50,1.13
2013.04.04 16:36:37.951,1.46128,1.46146,1.65,1.50
2013.04.04 16:36:39.482,1.46123,1.46145,2.55,1.65
2013.04.04 16:36:39.730,1.46122,1.46144,2.40,1.50
2013.04.04 16:36:45.501,1.46124,1.46145,1.58,1.65
2013.04.04 16:36:45.691,1.46122,1.46144,2.93,1.50
2013.04.04 16:36:46.650,1.46124,1.46146,1.28,1.50
2013.04.04 16:36:46.710,1.46131,1.4615,1.88,1.50
2013.04.04 16:36:46.952,1.46131,1.46152,1.88,1.50
2013.04.04 16:36:47.081,1.46131,1.46152,1.50,2.40
2013.04.04 16:36:47.470,1.46131,1.46153,1.50,1.28
2013.04.04 16:36:47.590,1.46127,1.4615,3.75,1.65
2013.04.04 16:36:47.950,1.46131,1.46152,1.43,1.50
2013.04.04 16:36:48.693,1.46129,1.46149,2.40,1.50
2013.04.04 16:36:52.706,1.46122,1.46144,1.65,1.50
2013.04.04 16:36:52.782,1.46121,1.46143,1.50,1.65
2013.04.04 16:36:52.850,1.46119,1.46141,1.65,1.65
2013.04.04 16:36:53.344,1.4612,1.46141,1.88,1.50
2013.04.04 16:36:53.414,1.46122,1.46141,1.65,1.50
2013.04.04 16:36:53.607,1.46121,1.46142,1.50,2.40
2013.04.04 16:36:53.802,1.46119,1.46141,1.65,1.65
2013.04.04 16:36:55.121,1.46117,1.46139,3.15,1.50
2013.04.04 16:36:57.575,1.4612,1.46139,1.65,1.50
2013.04.04 16:36:57.713,1.46118,1.46139,2.10,1.50
2013.04.04 16:36:57.901,1.4612,1.46143,2.18,1.65
2013.04.04 16:36:58.260,1.46121,1.46143,1.65,1.65
2013.04.04 16:36:58.740,1.4612,1.46143,1.88,2.40
2013.04.04 16:36:59.141,1.4612,1.46141,1.13,1.50
2013.04.04 16:36:59.502,1.46127,1.46147,1.13,1.13
2013.04.04 16:36:59.630,1.46126,1.46147,1.05,1.13
2013.04.04 16:36:59.768,1.46124,1.46148,2.93,1.65
2013.04.04 16:37:00.079,1.46124,1.46147,1.43,1.50
2013.04.04 16:37:00.440,1.46124,1.46144,1.28,1.65
2013.04.04 16:37:00.500,1.46122,1.46144,1.65,1.65
2013.04.04 16:37:00.561,1.4612,1.46142,1.28,1.50
2013.04.04 16:37:01.181,1.46121,1.46139,1.05,1.50
2013.04.04 16:37:01.361,1.4612,1.46139,1.13,1.50
2013.04.04 16:37:01.490,1.46124,1.46144,1.43,1.50
2013.04.04 16:37:01.550,1.46124,1.46148,1.43,3.15
2013.04.04 16:37:01.609,1.46124,1.46148,1.65,3.00
2013.04.04 16:37:01.969,1.46127,1.46148,1.13,1.50
2013.04.04 16:37:02.230,1.46125,1.46148,1.43,2.40
2013.04.04 16:37:05.010,1.46123,1.46143,2.10,1.65
2013.04.04 16:37:05.130,1.46122,1.46143,1.28,1.65
2013.04.04 16:37:05.249,1.46122,1.46143,1.50,1.50
2013.04.04 16:37:05.430,1.4612,1.46142,2.33,2.40
2013.04.04 16:37:05.669,1.46122,1.46143,1.13,1.65
2013.04.04 16:37:05.969,1.46122,1.46143,2.25,1.88
2013.04.04 16:37:06.091,1.46122,1.46144,2.25,1.50
2013.04.04 16:37:07.139,1.46119,1.46143,1.65,1.65
2013.04.04 16:37:07.440,1.46119,1.46138,1.65,1.50
2013.04.04 16:37:07.560,1.46116,1.46138,1.28,2.40
2013.04.04 16:37:11.860,1.46116,1.46137,1.13,1.50
2013.04.04 16:37:11.982,1.46119,1.46139,1.65,3.00
2013.04.04 16:37:12.683,1.46119,1.46139,1.65,2.25
2013.04.04 16:37:13.362,1.46118,1.46139,1.50,2.25
2013.04.04 16:37:13.435,1.46117,1.46137,1.28,1.50
2013.04.04 16:37:14.832,1.46115,1.46137,2.40,1.50
2013.04.04 16:37:15.695,1.46119,1.46139,1.28,2.40
2013.04.04 16:37:16.121,1.46123,1.46141,1.13,1.50
2013.04.04 16:37:17.192,1.46118,1.46137,1.05,1.50
2013.04.04 16:37:17.261,1.46117,1.46137,1.43,1.50
2013.04.04 16:37:24.921,1.46117,1.46138,2.18,1.65
2013.04.04 16:37:24.981,1.46118,1.46139,1.65,1.50
2013.04.04 16:37:25.481,1.46118,1.4614,2.40,1.50
2013.04.04 16:37:26.261,1.46118,1.4614,2.40,2.25
2013.04.04 16:37:26.391,1.46118,1.46139,2.40,1.50
2013.04.04 16:37:28.936,1.46119,1.4614,1.65,1.50
2013.04.04 16:37:29.003,1.46119,1.46141,2.40,2.40
2013.04.04 16:37:29.133,1.46126,1.46142,1.13,1.13
2013.04.04 16:37:29.671,1.46127,1.46143,1.13,1.13
2013.04.04 16:37:29.807,1.46127,1.46146,1.13,1.13
2013.04.04 16:37:35.982,1.46129,1.46147,1.65,1.50
2013.04.04 16:37:36.052,1.46128,1.46149,1.13,2.25
2013.04.04 16:37:36.563,1.46132,1.4615,1.65,1.50
2013.04.04 16:37:37.661,1.46128,1.4615,3.15,1.50
2013.04.04 16:37:37.721,1.46128,1.4615,2.40,1.50
2013.04.04 16:37:39.082,1.46128,1.4615,2.40,1.50
2013.04.04 16:37:39.233,1.46128,1.4615,2.40,1.50
2013.04.04 16:37:40.073,1.46128,1.46146,1.65,1.13
2013.04.04 16:37:40.802,1.46128,1.46144,1.65,1.13
2013.04.04 16:37:41.882,1.46121,1.46143,1.65,1.88
2013.04.04 16:37:42.071,1.46115,1.46136,1.35,1.65
2013.04.04 16:37:42.140,1.46113,1.46134,1.65,1.88
2013.04.04 16:37:42.210,1.46114,1.46134,1.13,1.88
2013.04.04 16:37:42.330,1.46112,1.46134,2.25,1.88
2013.04.04 16:37:42.391,1.46114,1.46134,2.03,1.88
2013.04.04 16:37:42.711,1.46116,1.46134,1.13,2.63
2013.04.04 16:37:43.441,1.46117,1.46134,1.65,1.88
2013.04.04 16:37:43.680,1.46116,1.46134,1.13,2.63
2013.04.04 16:37:44.052,1.46112,1.46134,2.55,3.38
2013.04.04 16:37:45.325,1.46112,1.46132,1.65,2.25
2013.04.04 16:37:45.653,1.461,1.4612,1.65,1.50
2013.04.04 16:37:46.733,1.461,1.4612,2.40,1.50
2013.04.04 16:37:47.081,1.461,1.46115,1.50,1.13
2013.04.04 16:37:47.502,1.461,1.46115,2.63,1.13
2013.04.04 16:37:48.491,1.461,1.46119,2.63,1.50
2013.04.04 16:37:49.092,1.46104,1.4612,1.13,1.13
2013.04.04 16:37:50.331,1.46107,1.46124,1.65,1.88
2013.04.04 16:37:51.365,1.46107,1.46124,1.65,1.88
2013.04.04 16:37:52.330,1.46106,1.46124,1.65,1.88
2013.04.04 16:37:54.789,1.46106,1.46124,1.65,1.50
2013.04.04 16:37:55.851,1.46107,1.46124,1.05,1.50
2013.04.04 16:37:56.161,1.46107,1.46125,1.28,1.13
2013.04.04 16:37:57.190,1.46106,1.46125,2.18,1.88
2013.04.04 16:37:57.250,1.46104,1.46121,1.65,1.13
2013.04.04 16:37:57.370,1.46103,1.46121,2.40,1.13
2013.04.04 16:37:57.681,1.46099,1.46118,1.28,2.25
2013.04.04 16:37:57.741,1.46099,1.46119,1.28,1.50
2013.04.04 16:37:57.931,1.461,1.46119,1.13,1.50
2013.04.04 16:37:58.465,1.461,1.4612,1.88,1.50
2013.04.04 16:37:58.821,1.461,1.4612,1.50,1.65
2013.04.04 16:37:58.882,1.461,1.46119,1.50,1.65
2013.04.04 16:37:59.421,1.46096,1.46117,2.25,3.00
2013.04.04 16:38:00.541,1.46097,1.46117,1.65,1.88
2013.04.04 16:38:01.153,1.46096,1.46117,2.25,2.78
2013.04.04 16:38:02.572,1.46096,1.46115,2.03,1.65
2013.04.04 16:38:02.643,1.46096,1.46116,2.40,1.50
2013.04.04 16:38:02.712,1.46096,1.46117,2.63,1.13
2013.04.04 16:38:04.201,1.46096,1.46117,3.15,1.13
2013.04.04 16:38:05.814,1.46096,1.46117,2.63,1.13
2013.04.04 16:38:15.364,1.46096,1.46114,1.50,1.65
2013.04.04 16:38:15.491,1.46093,1.46114,1.80,1.65
2013.04.04 16:38:15.677,1.46093,1.46112,1.65,1.13
2013.04.04 16:38:16.993,1.46093,1.46114,1.65,1.65
2013.04.04 16:38:17.064,1.46094,1.46113,1.13,1.50
2013.04.04 16:38:17.132,1.46096,1.46115,1.65,1.28
2013.04.04 16:38:17.443,1.46097,1.46117,1.05,1.88
2013.04.04 16:38:17.511,1.46099,1.46117,1.13,1.88
2013.04.04 16:38:17.832,1.46104,1.46123,2.40,1.50
2013.04.04 16:38:18.022,1.46107,1.46128,1.65,1.88
2013.04.04 16:38:18.212,1.46109,1.46128,1.65,1.88
2013.04.04 16:38:21.313,1.46112,1.4613,1.65,1.50
2013.04.04 16:38:21.383,1.46117,1.46132,1.13,1.28
2013.04.04 16:38:21.513,1.46123,1.46137,1.65,1.13
2013.04.04 16:38:21.586,1.46123,1.46145,1.65,1.65
2013.04.04 16:38:22.322,1.46122,1.46144,1.13,1.50
2013.04.04 16:38:22.642,1.4612,1.46144,1.65,2.40
2013.04.04 16:38:22.842,1.46119,1.46142,2.18,1.28
2013.04.04 16:38:23.162,1.46113,1.46133,1.28,2.78
2013.04.04 16:38:23.292,1.46114,1.46133,1.13,1.65
2013.04.04 16:38:23.361,1.46115,1.46133,1.13,1.13
2013.04.04 16:38:23.480,1.4612,1.46137,1.65,1.28
2013.04.04 16:38:23.542,1.4612,1.46141,1.65,2.03
2013.04.04 16:38:23.674,1.4612,1.46141,2.18,2.03
2013.04.04 16:38:23.994,1.46123,1.46142,1.50,1.80
2013.04.04 16:38:24.181,1.4612,1.46141,2.40,1.13
2013.04.04 16:38:24.953,1.46122,1.46142,2.63,1.50
2013.04.04 16:38:25.593,1.46123,1.46142,1.05,1.50
2013.04.04 16:38:25.721,1.46125,1.46144,1.50,1.28
2013.04.04 16:38:25.791,1.46125,1.46144,1.50,1.80
2013.04.04 16:38:25.921,1.46129,1.46147,1.13,1.13
2013.04.04 16:38:26.351,1.46131,1.46153,1.65,2.03
2013.04.04 16:38:26.482,1.46129,1.46151,2.78,2.25
2013.04.04 16:38:27.062,1.46129,1.46149,1.88,1.50
2013.04.04 16:38:27.703,1.46129,1.46149,1.88,1.50
2013.04.04 16:38:29.262,1.46129,1.46149,1.13,2.25
2013.04.04 16:38:30.342,1.46126,1.46148,2.40,2.25
2013.04.04 16:38:30.411,1.46126,1.46148,1.65,3.00
2013.04.04 16:38:30.482,1.46125,1.46145,2.40,1.50
2013.04.04 16:38:31.121,1.46124,1.46144,1.50,1.13
2013.04.04 16:38:31.302,1.46121,1.4614,1.65,1.50
2013.04.04 16:38:31.374,1.46119,1.46138,1.13,1.50
2013.04.04 16:38:31.711,1.46113,1.46134,2.03,1.50
2013.04.04 16:38:32.023,1.46106,1.46129,3.90,1.65
2013.04.04 16:38:32.092,1.46106,1.46128,1.50,1.50
2013.04.04 16:38:32.162,1.46106,1.46128,1.88,1.50
2013.04.04 16:38:32.612,1.46109,1.46129,1.13,3.00
2013.04.04 16:38:32.865,1.46104,1.46124,1.28,1.88
2013.04.04 16:38:34.103,1.46114,1.46125,1.50,2.18
2013.04.04 16:38:34.180,1.46114,1.46132,1.50,1.65
2013.04.04 16:38:34.253,1.46112,1.46132,1.50,1.13
2013.04.04 16:38:35.784,1.46112,1.46133,1.65,1.50
2013.04.04 16:38:35.983,1.46115,1.46135,1.50,1.28
2013.04.04 16:38:37.071,1.46115,1.46136,1.50,1.65
2013.04.04 16:38:37.135,1.46114,1.46135,1.65,1.50
2013.04.04 16:38:37.705,1.46115,1.46132,1.50,1.13
2013.04.04 16:38:38.904,1.46117,1.46132,1.65,1.13
2013.04.04 16:38:38.973,1.46117,1.46137,1.65,2.25
2013.04.04 16:38:39.344,1.46128,1.46137,1.50,1.50
2013.04.04 16:38:39.483,1.46124,1.46138,2.55,1.13
2013.04.04 16:38:39.612,1.46124,1.46146,2.40,2.25
2013.04.04 16:38:40.135,1.46124,1.46146,1.65,2.25
2013.04.04 16:38:40.512,1.46124,1.46146,1.65,2.25
2013.04.04 16:38:40.983,1.46125,1.46142,1.65,1.50
2013.04.04 16:38:41.112,1.46118,1.46134,2.03,1.50
2013.04.04 16:38:41.242,1.46113,1.46133,1.13,1.50
2013.04.04 16:38:41.791,1.46113,1.46133,1.88,2.63
2013.04.04 16:38:43.054,1.46115,1.46133,1.13,1.50
2013.04.04 16:38:43.415,1.46131,1.46147,1.88,2.25
2013.04.04 16:38:43.602,1.46131,1.46153,1.88,1.28
2013.04.04 16:38:43.732,1.46131,1.46152,1.88,1.50
2013.04.04 16:38:44.162,1.46129,1.46149,1.05,2.03
2013.04.04 16:38:44.236,1.46126,1.46148,1.65,2.25
2013.04.04 16:38:44.305,1.46124,1.46146,2.55,1.28
2013.04.04 16:38:44.432,1.46122,1.46139,1.13,1.50
2013.04.04 16:38:44.562,1.46121,1.46139,2.03,1.65
2013.04.04 16:38:44.691,1.46121,1.46141,2.78,2.25
2013.04.04 16:38:46.541,1.4612,1.46143,1.65,1.50
2013.04.04 16:38:47.120,1.46118,1.46141,2.40,1.50
2013.04.04 16:38:47.642,1.46118,1.46138,1.50,1.65
2013.04.04 16:38:47.712,1.46117,1.46138,2.25,1.65
2013.04.04 16:38:47.902,1.46117,1.46137,2.25,1.13
2013.04.04 16:38:48.211,1.46113,1.46134,2.78,2.40
2013.04.04 16:38:48.405,1.46114,1.46133,1.28,1.13
2013.04.04 16:38:48.532,1.4611,1.46133,2.78,1.88
2013.04.04 16:38:48.667,1.46111,1.46133,1.50,1.50
2013.04.04 16:38:48.732,1.46111,1.46134,1.50,3.30
2013.04.04 16:38:53.411,1.46111,1.46132,1.50,1.13
2013.04.04 16:38:53.721,1.4611,1.46131,2.40,1.50
2013.04.04 16:38:55.012,1.46111,1.46131,1.50,1.13
2013.04.04 16:38:55.202,1.4611,1.46131,1.65,1.28
2013.04.04 16:38:55.751,1.4611,1.4613,1.65,1.50
2013.04.04 16:38:55.881,1.4611,1.4613,1.50,1.88
2013.04.04 16:38:55.953,1.46107,1.46128,1.65,1.65
2013.04.04 16:38:56.523,1.46107,1.46127,1.65,1.65
2013.04.04 16:38:56.772,1.46106,1.46126,1.50,2.40
2013.04.04 16:38:56.901,1.46102,1.46125,1.65,1.09
2013.04.04 16:38:56.961,1.46102,1.46123,1.65,1.50
2013.04.04 16:38:57.500,1.46098,1.4612,1.65,1.69
2013.04.04 16:38:58.021,1.46098,1.46119,2.40,2.63
2013.04.04 16:39:00.447,1.46099,1.46112,1.28,1.13
2013.04.04 16:39:00.572,1.46092,1.46112,1.65,1.13
2013.04.04 16:39:01.440,1.46094,1.46114,1.50,1.65
2013.04.04 16:39:01.982,1.46092,1.46115,1.65,1.65
2013.04.04 16:39:02.232,1.46091,1.46113,1.50,1.88
2013.04.04 16:39:03.110,1.46088,1.46111,1.65,3.15
2013.04.04 16:39:03.170,1.46088,1.46111,1.65,3.15
2013.04.04 16:39:03.370,1.46087,1.46111,4.43,3.15
2013.04.04 16:39:03.923,1.46088,1.46111,1.65,3.15
2013.04.04 16:39:04.561,1.46089,1.46111,1.50,3.15
2013.04.04 16:39:04.703,1.46091,1.46111,1.13,2.25
2013.04.04 16:39:11.955,1.46093,1.46115,2.40,2.40
2013.04.04 16:39:14.111,1.46094,1.46115,1.88,2.25
2013.04.04 16:39:14.183,1.46095,1.46118,1.13,1.50
2013.04.04 16:39:14.253,1.46096,1.46119,1.65,1.50
2013.04.04 16:39:19.154,1.461,1.46121,1.50,2.25
2013.04.04 16:39:19.401,1.46107,1.46127,1.50,1.65
2013.04.04 16:39:19.473,1.46107,1.46129,3.00,1.65
2013.04.04 16:39:19.782,1.46112,1.46129,1.28,1.65
2013.04.04 16:39:19.912,1.46112,1.46134,2.93,1.79
2013.04.04 16:39:19.982,1.46112,1.46134,2.93,1.65
2013.04.04 16:39:20.052,1.46113,1.46134,1.50,1.65
2013.04.04 16:39:20.243,1.46113,1.46134,1.50,2.40
2013.04.04 16:39:21.160,1.46112,1.46131,2.78,1.13
2013.04.04 16:39:21.221,1.46108,1.46128,2.18,1.65
2013.04.04 16:39:21.342,1.46107,1.46128,2.18,1.65
2013.04.04 16:39:21.602,1.46107,1.4613,1.65,2.40
2013.04.04 16:39:21.876,1.46107,1.4613,1.65,2.40
2013.04.04 16:39:22.151,1.46107,1.4613,2.40,1.65
2013.04.04 16:39:22.211,1.4611,1.4613,1.65,1.50
2013.04.04 16:39:22.273,1.46112,1.46133,1.88,2.03
2013.04.04 16:39:22.581,1.46112,1.46133,1.88,2.25
2013.04.04 16:39:24.873,1.46114,1.46131,1.65,1.28
2013.04.04 16:39:26.182,1.46111,1.46131,2.63,1.28
2013.04.04 16:39:26.251,1.46111,1.46132,1.88,1.28
2013.04.04 16:39:26.373,1.46111,1.46132,1.50,1.65
2013.04.04 16:39:27.903,1.46111,1.46128,1.50,1.65
2013.04.04 16:39:28.033,1.46107,1.46126,1.65,1.50
2013.04.04 16:39:28.541,1.46103,1.46125,1.65,1.80
2013.04.04 16:39:35.695,1.46107,1.46127,1.50,2.78
2013.04.04 16:39:35.955,1.46112,1.46127,1.50,1.05
2013.04.04 16:39:36.023,1.46113,1.46128,1.65,1.28
2013.04.04 16:39:36.153,1.46116,1.46131,1.65,1.13
2013.04.04 16:39:36.223,1.46116,1.46135,1.65,1.28
2013.04.04 16:39:37.841,1.46117,1.46136,1.65,1.28
2013.04.04 16:39:39.282,1.46117,1.46135,1.88,1.65
2013.04.04 16:39:40.591,1.46112,1.46133,1.13,2.40
2013.04.04 16:39:41.645,1.46114,1.46132,1.50,1.65
2013.04.04 16:39:41.901,1.46112,1.46129,1.50,1.65
2013.04.04 16:39:44.767,1.46104,1.46119,1.28,1.65
2013.04.04 16:39:45.261,1.46097,1.46118,1.50,1.65
2013.04.04 16:39:45.811,1.46098,1.46119,2.40,1.50
2013.04.04 16:39:46.572,1.46099,1.46119,1.65,1.50
2013.04.04 16:39:47.161,1.46098,1.46119,1.50,2.40
2013.04.04 16:39:48.032,1.46098,1.46119,1.50,2.40
2013.04.04 16:39:49.012,1.46099,1.46119,1.50,2.25
2013.04.04 16:39:49.081,1.46099,1.46119,2.25,1.50
2013.04.04 16:39:49.600,1.46099,1.46119,1.50,2.40
2013.04.04 16:39:51.738,1.46098,1.46119,1.50,2.40
2013.04.04 16:39:51.884,1.46095,1.46117,1.50,1.43
2013.04.04 16:39:52.014,1.46092,1.46116,1.65,1.65
2013.04.04 16:39:52.084,1.46091,1.46112,3.15,1.13
2013.04.04 16:39:52.642,1.46093,1.4611,1.50,1.50
2013.04.04 16:39:53.321,1.4609,1.4611,1.65,1.50
2013.04.04 16:39:53.501,1.46088,1.46109,2.03,2.18
2013.04.04 16:39:53.631,1.46088,1.46108,1.13,1.28
2013.04.04 16:39:53.811,1.46086,1.46104,1.50,1.99
2013.04.04 16:39:54.241,1.46087,1.46104,1.50,1.09
2013.04.04 16:39:54.600,1.46093,1.46112,1.43,1.50
2013.04.04 16:39:54.720,1.46094,1.46117,1.65,1.65
2013.04.04 16:39:55.081,1.46095,1.46117,1.65,1.65
2013.04.04 16:39:55.140,1.46096,1.46117,1.50,1.65
2013.04.04 16:39:55.641,1.46099,1.46117,1.50,1.65
2013.04.04 16:39:59.510,1.461,1.46119,1.50,2.40
2013.04.04 16:39:59.597,1.46099,1.46119,2.25,2.25
2013.04.04 16:40:00.127,1.461,1.46121,1.50,1.50
2013.04.04 16:40:00.677,1.46097,1.46119,1.65,2.25
2013.04.04 16:40:00.823,1.46097,1.46119,1.50,2.63
2013.04.04 16:40:01.133,1.46094,1.46116,2.40,2.40
2013.04.04 16:40:03.731,1.46092,1.46113,1.50,1.65
2013.04.04 16:40:03.912,1.46092,1.4611,1.50,1.13
2013.04.04 16:40:04.102,1.46092,1.46113,1.50,1.65
2013.04.04 16:40:04.611,1.46091,1.46113,1.50,2.40
2013.04.04 16:40:04.971,1.46091,1.46113,1.50,1.88
2013.04.04 16:40:05.283,1.46089,1.46107,1.28,1.88
2013.04.04 16:40:05.353,1.46092,1.46111,1.50,2.40
2013.04.04 16:40:05.485,1.46096,1.46111,1.50,1.65
2013.04.04 16:40:05.553,1.46096,1.46113,1.50,1.88
2013.04.04 16:40:06.062,1.46094,1.46114,2.25,1.13
2013.04.04 16:40:06.135,1.46094,1.46116,2.25,3.27
2013.04.04 16:40:06.642,1.46096,1.46116,1.50,1.99
2013.04.04 16:40:06.922,1.46097,1.46116,1.50,1.50
2013.04.04 16:40:07.111,1.46096,1.46116,1.50,1.65
2013.04.04 16:40:07.721,1.46097,1.46117,1.50,1.65
2013.04.04 16:40:08.045,1.46094,1.46117,2.40,1.65
2013.04.04 16:40:08.184,1.46096,1.46119,1.50,3.15
2013.04.04 16:40:08.653,1.46102,1.4612,1.65,1.50
2013.04.04 16:40:08.721,1.46102,1.46122,2.40,1.50
2013.04.04 16:40:08.791,1.46102,1.46123,2.40,3.38
2013.04.04 16:40:09.741,1.46102,1.46122,1.50,1.65
2013.04.04 16:40:10.281,1.46102,1.46122,1.50,1.65
2013.04.04 16:40:11.590,1.46101,1.46117,1.88,1.65
2013.04.04 16:40:12.492,1.46101,1.46118,1.13,1.65
2013.04.04 16:40:13.102,1.46099,1.4612,1.55,1.65
2013.04.04 16:40:15.224,1.46102,1.4612,1.18,1.65
2013.04.04 16:40:15.483,1.46107,1.46126,2.40,1.50
2013.04.04 16:40:15.552,1.46109,1.46126,1.28,1.65
2013.04.04 16:40:15.763,1.46104,1.46124,2.25,1.65
2013.04.04 16:40:18.759,1.46103,1.46124,1.28,2.03
2013.04.04 16:40:19.871,1.46105,1.46124,1.50,1.28
2013.04.04 16:40:20.051,1.46107,1.46128,1.65,1.84
2013.04.04 16:40:20.383,1.46108,1.46128,1.65,1.84
2013.04.04 16:40:21.682,1.46107,1.46128,1.65,1.84
2013.04.04 16:40:22.160,1.46107,1.46128,1.50,2.52
2013.04.04 16:40:22.520,1.46101,1.46124,1.50,1.65
2013.04.04 16:40:22.822,1.46099,1.46123,1.50,2.22
2013.04.04 16:40:23.140,1.46091,1.46111,2.03,1.65
2013.04.04 16:40:23.200,1.46091,1.46111,1.28,1.65
2013.04.04 16:40:23.501,1.46088,1.46111,1.28,1.65
2013.04.04 16:40:23.630,1.46088,1.4611,3.53,1.65
2013.04.04 16:40:24.052,1.46092,1.46112,1.50,1.13
2013.04.04 16:40:24.362,1.46097,1.46114,1.50,1.65
2013.04.04 16:40:24.493,1.46099,1.46117,1.65,1.65
2013.04.04 16:40:24.562,1.461,1.46118,1.50,1.50
2013.04.04 16:40:25.643,1.46101,1.46121,1.28,1.50
2013.04.04 16:40:25.718,1.46101,1.46122,1.50,2.25
2013.04.04 16:40:26.795,1.46098,1.4612,2.03,1.65
2013.04.04 16:40:27.011,1.46092,1.46116,3.00,1.65
2013.04.04 16:40:27.572,1.46093,1.46114,1.50,1.13
2013.04.04 16:40:27.761,1.46091,1.46112,2.03,1.13
2013.04.04 16:40:27.882,1.46091,1.46112,2.03,1.13
2013.04.04 16:40:28.734,1.4609,1.46109,1.50,1.65
2013.04.04 16:40:29.255,1.46089,1.46112,1.28,2.63
2013.04.04 16:40:29.383,1.46088,1.46109,1.28,1.65
2013.04.04 16:40:31.481,1.46088,1.46109,1.28,1.65
2013.04.04 16:40:32.956,1.46089,1.46112,1.28,3.53
2013.04.04 16:40:33.263,1.46093,1.46112,1.50,1.13
2013.04.04 16:40:33.885,1.46095,1.46112,1.50,1.13
2013.04.04 16:40:34.072,1.46102,1.4612,1.50,2.40
2013.04.04 16:40:34.602,1.461,1.46119,1.50,1.65
2013.04.04 16:40:37.513,1.46102,1.4612,1.50,1.65
2013.04.04 16:40:38.272,1.46106,1.46122,1.50,1.50
2013.04.04 16:40:38.341,1.46106,1.46123,1.50,1.09
2013.04.04 16:40:38.652,1.46106,1.46125,1.13,2.97
2013.04.04 16:40:38.722,1.46106,1.46123,1.13,1.09
2013.04.04 16:40:38.971,1.46107,1.46128,1.65,1.65
2013.04.04 16:40:39.091,1.46112,1.46132,1.65,1.24
2013.04.04 16:40:39.151,1.46114,1.46133,1.13,1.24
2013.04.04 16:40:40.066,1.46114,1.46132,1.13,1.24
2013.04.04 16:40:40.141,1.46112,1.46132,1.50,1.99
2013.04.04 16:40:40.530,1.46114,1.46132,1.13,1.99
2013.04.04 16:40:40.842,1.46121,1.46134,1.50,1.13
2013.04.04 16:40:40.915,1.46123,1.46139,1.88,1.50
2013.04.04 16:40:40.984,1.46127,1.46144,1.50,1.05
2013.04.04 16:40:41.246,1.46127,1.46149,1.50,2.40
2013.04.04 16:40:41.382,1.46131,1.46149,1.50,1.65
2013.04.04 16:40:42.102,1.46131,1.46149,1.50,1.65
2013.04.04 16:40:42.231,1.46131,1.46149,1.50,1.50
2013.04.04 16:40:42.293,1.46135,1.46149,1.50,1.50
2013.04.04 16:40:43.322,1.46135,1.46153,1.50,1.65
2013.04.04 16:40:43.391,1.4613,1.46153,1.50,1.65
2013.04.04 16:40:43.581,1.46133,1.46153,1.50,1.65
2013.04.04 16:40:43.890,1.4613,1.46153,1.50,1.65
2013.04.04 16:40:44.787,1.46135,1.46158,1.50,1.13
2013.04.04 16:40:46.272,1.46136,1.46159,1.50,1.13
2013.04.04 16:40:46.400,1.46134,1.46158,2.93,1.13
2013.04.04 16:40:48.100,1.46135,1.46156,1.50,1.65
2013.04.04 16:40:48.412,1.46134,1.46154,1.50,1.13
2013.04.04 16:40:48.481,1.4613,1.46154,2.40,1.13
2013.04.04 16:40:48.843,1.46129,1.46149,1.50,1.24
2013.04.04 16:40:48.912,1.46124,1.46146,1.65,1.50
2013.04.04 16:40:49.471,1.46124,1.46143,1.65,1.28
2013.04.04 16:40:49.997,1.46124,1.46143,1.65,1.50
2013.04.04 16:40:52.981,1.46124,1.46143,1.65,1.50
2013.04.04 16:40:55.602,1.46124,1.46143,1.65,1.50
2013.04.04 16:40:55.993,1.46121,1.46143,1.50,2.40
2013.04.04 16:40:58.167,1.4612,1.46142,1.65,1.28
2013.04.04 16:40:58.712,1.4612,1.46142,1.65,3.30
2013.04.04 16:40:59.571,1.4612,1.46142,2.40,3.30
2013.04.04 16:40:59.931,1.46125,1.46143,1.65,1.13
2013.04.04 16:41:00.470,1.46124,1.46143,1.65,1.13
2013.04.04 16:41:03.352,1.46122,1.46143,1.50,1.65
2013.04.04 16:41:03.481,1.4612,1.46135,1.65,1.28
2013.04.04 16:41:03.601,1.46113,1.46133,1.28,2.18
2013.04.04 16:41:03.664,1.4611,1.4613,1.13,1.28
2013.04.04 16:41:05.732,1.46108,1.46129,2.40,1.50
2013.04.04 16:41:08.102,1.46109,1.46129,1.50,1.50
2013.04.04 16:41:08.232,1.46116,1.46134,1.50,1.50
2013.04.04 16:41:08.302,1.46113,1.46134,1.65,2.25
2013.04.04 16:41:08.431,1.4611,1.46132,1.50,2.40
2013.04.04 16:41:08.992,1.4611,1.46132,1.50,2.40
2013.04.04 16:41:09.261,1.4611,1.46132,1.50,3.15
2013.04.04 16:41:09.325,1.46109,1.46132,2.25,3.15
2013.04.04 16:41:09.393,1.46107,1.46129,1.50,2.40
2013.04.04 16:41:09.463,1.46104,1.46124,2.25,1.65
2013.04.04 16:41:09.711,1.46101,1.46124,2.25,2.93
2013.04.04 16:41:09.772,1.46102,1.46124,1.88,2.03
2013.04.04 16:41:10.671,1.46105,1.46126,2.40,1.65
2013.04.04 16:41:11.002,1.46104,1.46121,1.65,1.13
2013.04.04 16:41:11.721,1.46104,1.46124,1.65,1.50
2013.04.04 16:41:13.171,1.46104,1.46125,1.65,1.50
2013.04.04 16:41:13.351,1.46102,1.46124,1.65,1.50
2013.04.04 16:41:13.471,1.46097,1.46118,3.15,1.65
2013.04.04 16:41:14.011,1.46097,1.46118,1.65,2.40
2013.04.04 16:41:14.535,1.46097,1.46117,1.65,1.65
2013.04.04 16:41:14.792,1.46096,1.46116,1.65,1.50
2013.04.04 16:41:16.783,1.46097,1.46117,3.15,1.65
2013.04.04 16:41:17.292,1.46097,1.46119,3.15,1.43
2013.04.04 16:41:17.802,1.46097,1.46119,2.40,2.18
2013.04.04 16:41:19.875,1.46097,1.46119,1.65,2.18
2013.04.04 16:41:20.180,1.46097,1.46119,1.13,1.28
2013.04.04 16:41:20.483,1.46107,1.46125,2.25,1.50
2013.04.04 16:41:20.611,1.46107,1.46128,1.50,2.93
2013.04.04 16:41:20.733,1.4611,1.46128,2.03,2.03
2013.04.04 16:41:22.052,1.46108,1.46131,2.40,3.00
2013.04.04 16:41:22.451,1.46108,1.46131,1.50,3.38
2013.04.04 16:41:22.871,1.46108,1.46128,1.50,1.13
2013.04.04 16:41:23.015,1.46105,1.46124,1.13,1.65
2013.04.04 16:41:23.381,1.46101,1.46124,2.78,1.65
2013.04.04 16:41:23.751,1.46102,1.46124,1.65,1.65
2013.04.04 16:41:24.002,1.46102,1.46124,2.40,1.65
2013.04.04 16:41:24.132,1.46104,1.46124,1.13,1.50
2013.04.04 16:41:25.443,1.46109,1.46131,1.65,1.50
2013.04.04 16:41:28.502,1.46111,1.46132,1.50,2.40
2013.04.04 16:41:28.681,1.46109,1.46131,1.50,1.88
2013.04.04 16:41:29.224,1.46108,1.46128,1.50,1.28
2013.04.04 16:41:29.483,1.46107,1.46128,2.40,2.93
2013.04.04 16:41:32.147,1.46107,1.46128,1.65,2.40
2013.04.04 16:41:34.173,1.46107,1.46128,1.65,1.65
2013.04.04 16:41:34.932,1.46108,1.4613,1.50,2.40
2013.04.04 16:41:35.182,1.46109,1.46131,2.03,2.25
2013.04.04 16:41:37.052,1.46112,1.4613,1.50,1.50
2013.04.04 16:41:38.791,1.46113,1.46132,1.50,1.65
2013.04.04 16:41:39.405,1.46113,1.46132,1.50,1.65
2013.04.04 16:41:40.342,1.46113,1.46131,1.13,1.50
2013.04.04 16:41:41.233,1.46112,1.46131,1.50,1.50
2013.04.04 16:41:43.102,1.46112,1.46131,1.50,1.65
2013.04.04 16:41:43.424,1.46107,1.46129,2.63,2.40
2013.04.04 16:41:43.494,1.46107,1.46129,3.75,2.40
2013.04.04 16:41:44.013,1.46107,1.46128,3.00,1.65
2013.04.04 16:41:44.608,1.46107,1.46128,3.00,1.65
2013.04.04 16:41:45.285,1.46107,1.46128,2.25,1.65
2013.04.04 16:41:46.344,1.46107,1.46127,2.25,1.50
2013.04.04 16:41:50.342,1.46106,1.46128,2.40,1.43
2013.04.04 16:41:50.701,1.46109,1.4613,1.50,2.40
2013.04.04 16:41:51.026,1.46112,1.4613,1.50,1.50
2013.04.04 16:41:51.091,1.46112,1.46132,1.50,2.40
2013.04.04 16:41:51.210,1.46112,1.46132,1.65,2.25
2013.04.04 16:41:51.351,1.46111,1.46132,1.65,2.25
2013.04.04 16:41:51.831,1.46114,1.46133,1.13,1.43
2013.04.04 16:41:52.104,1.46112,1.46132,2.78,1.50
2013.04.04 16:41:52.661,1.46112,1.46133,2.78,2.18
2013.04.04 16:41:53.181,1.46112,1.46132,2.78,1.50
2013.04.04 16:41:53.684,1.46111,1.46132,1.65,1.50
2013.04.04 16:41:53.936,1.4611,1.46129,1.50,1.65
2013.04.04 16:41:54.061,1.46107,1.46129,1.28,2.40
2013.04.04 16:41:54.483,1.46107,1.46131,2.03,3.15
2013.04.04 16:41:54.915,1.46106,1.4613,3.38,2.40
2013.04.04 16:41:56.384,1.46104,1.46127,3.15,2.18
2013.04.04 16:41:56.731,1.46104,1.46126,1.50,1.65
2013.04.04 16:41:57.703,1.46104,1.46125,1.50,1.65
2013.04.04 16:41:57.832,1.46102,1.46124,2.03,1.65
2013.04.04 16:41:58.102,1.46104,1.46125,1.50,1.65
2013.04.04 16:41:58.802,1.46102,1.46124,2.78,1.65
2013.04.04 16:41:59.631,1.46103,1.46124,1.50,1.65
2013.04.04 16:42:01.193,1.46103,1.46124,1.50,1.65
2013.04.04 16:42:05.034,1.46101,1.46124,1.88,2.25
2013.04.04 16:42:09.221,1.46103,1.46124,1.65,2.03
2013.04.04 16:42:11.653,1.46102,1.46125,2.40,1.50
2013.04.04 16:42:13.193,1.46104,1.46125,1.65,1.50
2013.04.04 16:42:13.392,1.46104,1.46125,1.65,1.50
2013.04.04 16:42:13.642,1.46103,1.46125,2.40,1.50
2013.04.04 16:42:13.966,1.46103,1.46125,2.40,1.50
2013.04.04 16:42:14.182,1.46104,1.46125,1.65,1.50
2013.04.04 16:42:15.155,1.46103,1.46124,1.65,1.50
2013.04.04 16:42:18.512,1.46102,1.46123,1.65,1.50
2013.04.04 16:42:18.716,1.46103,1.46125,1.65,1.50
2013.04.04 16:42:19.113,1.46102,1.46123,1.50,1.65
2013.04.04 16:42:19.183,1.46098,1.4612,2.40,1.50
2013.04.04 16:42:20.083,1.46098,1.46117,1.13,1.50
2013.04.04 16:42:20.634,1.46099,1.46119,1.13,1.50
2013.04.04 16:42:20.822,1.46102,1.46121,1.65,2.03
2013.04.04 16:42:21.651,1.46104,1.46123,1.65,1.50
2013.04.04 16:42:21.711,1.46102,1.46124,2.40,1.50
2013.04.04 16:42:21.773,1.46103,1.46124,1.65,1.50
2013.04.04 16:42:22.084,1.46106,1.4613,1.88,2.93
2013.04.04 16:42:22.231,1.46106,1.4613,1.88,3.68
2013.04.04 16:42:25.153,1.46105,1.46123,2.63,1.50
2013.04.04 16:42:25.223,1.46105,1.46124,1.13,1.50
2013.04.04 16:42:26.439,1.46103,1.46124,1.65,1.50
2013.04.04 16:42:30.361,1.46103,1.46124,1.65,1.50
2013.04.04 16:42:34.323,1.46103,1.46124,1.65,1.50
2013.04.04 16:42:35.073,1.46103,1.46124,1.65,1.50
2013.04.04 16:42:35.332,1.46102,1.46124,1.65,1.28
2013.04.04 16:42:37.685,1.46101,1.46124,3.38,1.28
2013.04.04 16:42:37.752,1.46099,1.46117,1.50,1.65
2013.04.04 16:42:37.822,1.46098,1.46117,1.50,1.65
2013.04.04 16:42:37.952,1.46097,1.46114,1.13,2.40
2013.04.04 16:42:38.314,1.4609,1.46112,2.40,2.03
2013.04.04 16:42:38.961,1.46089,1.46111,1.65,1.50
2013.04.04 16:42:42.455,1.46089,1.46108,1.65,1.50
2013.04.04 16:42:45.111,1.46088,1.46108,2.40,1.50
2013.04.04 16:42:46.587,1.46088,1.46111,1.65,2.40
2013.04.04 16:42:46.653,1.46089,1.46111,1.65,1.50
2013.04.04 16:42:47.290,1.4609,1.46112,2.40,1.65
2013.04.04 16:42:49.563,1.4609,1.46114,2.40,2.18
2013.04.04 16:42:49.765,1.46092,1.46114,1.65,2.25
2013.04.04 16:42:49.834,1.46095,1.46116,1.65,1.28
2013.04.04 16:42:50.202,1.46095,1.46117,2.40,2.25
2013.04.04 16:42:50.727,1.46095,1.46116,1.65,1.50
2013.04.04 16:42:53.725,1.46095,1.46116,1.65,1.50
2013.04.04 16:42:54.668,1.46099,1.46116,1.13,1.50
2013.04.04 16:42:54.760,1.46103,1.46123,1.65,2.03
2013.04.04 16:42:54.834,1.46101,1.46123,1.65,2.03
2013.04.04 16:42:55.292,1.46103,1.46123,1.65,2.03
2013.04.04 16:42:56.403,1.46101,1.46123,1.65,2.03
2013.04.04 16:42:59.462,1.46101,1.46123,2.40,2.03
2013.04.04 16:42:59.725,1.46106,1.46125,1.13,1.50
2013.04.04 16:43:00.672,1.46103,1.46124,1.28,1.50
2013.04.04 16:43:00.741,1.46103,1.46124,1.28,1.50
2013.04.04 16:43:01.063,1.46101,1.46121,1.65,1.50
2013.04.04 16:43:01.132,1.461,1.4612,1.50,2.18
2013.04.04 16:43:01.202,1.46097,1.46116,1.50,1.50
2013.04.04 16:43:01.269,1.46094,1.46116,1.28,2.03
2013.04.04 16:43:04.383,1.46093,1.46115,1.24,1.65
2013.04.04 16:43:04.931,1.46092,1.46114,3.15,1.65
2013.04.04 16:43:06.080,1.46093,1.46116,1.65,3.53
2013.04.04 16:43:07.602,1.46092,1.46114,1.88,1.50
2013.04.04 16:43:07.732,1.46092,1.46113,1.65,1.50
2013.04.04 16:43:14.161,1.46091,1.46113,1.65,1.28
2013.04.04 16:43:14.289,1.46092,1.46113,1.65,1.28
2013.04.04 16:43:14.423,1.46091,1.46113,1.65,1.28
2013.04.04 16:43:19.562,1.46092,1.46113,1.65,2.55
2013.04.04 16:43:20.334,1.46092,1.46113,1.65,2.03
2013.04.04 16:43:23.202,1.46092,1.46113,1.65,2.03
2013.04.04 16:43:23.789,1.46092,1.46113,1.65,2.03
2013.04.04 16:43:24.010,1.46091,1.46112,1.88,1.50
2013.04.04 16:43:24.742,1.46091,1.46113,2.25,1.43
2013.04.04 16:43:26.310,1.46091,1.46113,2.25,1.43
2013.04.04 16:43:33.845,1.46091,1.46113,2.63,1.28
2013.04.04 16:43:33.917,1.46091,1.46113,2.63,1.28
2013.04.04 16:43:34.222,1.46092,1.46111,1.50,1.13
2013.04.04 16:43:34.412,1.46086,1.46105,2.25,1.50
2013.04.04 16:43:34.482,1.46087,1.46105,1.50,2.03
2013.04.04 16:43:34.673,1.46086,1.46105,1.50,1.50
2013.04.04 16:43:34.742,1.46084,1.46105,1.65,1.50
2013.04.04 16:43:34.811,1.46083,1.46104,1.65,2.25
2013.04.04 16:43:34.938,1.46081,1.46103,3.15,1.65
2013.04.04 16:43:35.422,1.46085,1.46107,2.25,2.78
2013.04.04 16:43:35.553,1.46086,1.46107,1.88,1.50
2013.04.04 16:43:35.626,1.46088,1.46109,1.13,2.40
2013.04.04 16:43:35.754,1.46091,1.46111,1.65,2.40
2013.04.04 16:43:36.472,1.46088,1.46111,1.65,3.15
2013.04.04 16:43:37.034,1.46095,1.46114,1.50,1.95
2013.04.04 16:43:37.174,1.46095,1.46115,1.65,1.28
2013.04.04 16:43:37.377,1.46096,1.46117,1.50,1.43
2013.04.04 16:43:37.562,1.46096,1.46117,1.88,1.28
2013.04.04 16:43:37.881,1.461,1.46119,1.50,1.50
2013.04.04 16:43:38.721,1.46096,1.46118,2.40,1.65
2013.04.04 16:43:38.902,1.46097,1.46119,1.13,1.50
2013.04.04 16:43:39.461,1.46101,1.4612,1.50,1.28
2013.04.04 16:43:39.901,1.46097,1.46118,1.50,1.65
2013.04.04 16:43:39.964,1.46096,1.46117,1.65,1.50
2013.04.04 16:43:40.036,1.46096,1.46117,1.65,2.03
2013.04.04 16:43:40.872,1.46095,1.46117,1.65,2.03
2013.04.04 16:43:41.001,1.46097,1.46117,1.50,1.28
2013.04.04 16:43:41.241,1.46101,1.46117,1.50,1.28
2013.04.04 16:43:41.994,1.46101,1.46119,1.50,1.50
2013.04.04 16:43:45.978,1.46097,1.46119,1.65,2.25
2013.04.04 16:43:46.060,1.46096,1.46118,1.50,1.28
2013.04.04 16:43:47.742,1.46096,1.46118,1.50,2.03
2013.04.04 16:43:48.262,1.46096,1.46118,1.50,2.03
2013.04.04 16:43:48.763,1.46093,1.46114,1.65,1.50
2013.04.04 16:43:48.832,1.46092,1.46113,1.50,1.65
2013.04.04 16:43:49.340,1.46091,1.46112,2.40,1.95
2013.04.04 16:43:50.017,1.46091,1.46112,1.65,1.65
2013.04.04 16:43:53.671,1.46091,1.46113,1.65,1.65
2013.04.04 16:43:53.911,1.4609,1.46112,1.50,1.88
2013.04.04 16:43:54.409,1.46087,1.46109,1.50,1.65
2013.04.04 16:43:54.951,1.46087,1.46109,1.50,1.65
2013.04.04 16:43:55.413,1.46088,1.4611,1.50,2.93
2013.04.04 16:43:55.602,1.46091,1.4611,1.50,1.28
2013.04.04 16:43:55.673,1.46089,1.4611,1.50,2.18
2013.04.04 16:43:55.742,1.46087,1.46109,1.65,1.65
2013.04.04 16:43:57.202,1.46091,1.4611,1.65,1.28
2013.04.04 16:43:57.724,1.46087,1.4611,1.50,2.18
2013.04.04 16:44:04.152,1.46086,1.46109,3.15,1.65
2013.04.04 16:44:05.153,1.46086,1.46105,3.15,1.09
2013.04.04 16:44:05.343,1.46083,1.46104,1.65,1.65
2013.04.04 16:44:06.046,1.46083,1.46104,2.03,1.65
2013.04.04 16:44:06.116,1.46083,1.46104,1.28,1.65
2013.04.04 16:44:06.436,1.46077,1.46098,1.50,2.40
2013.04.04 16:44:07.531,1.46076,1.46098,1.50,2.40
2013.04.04 16:44:08.063,1.46076,1.46097,1.50,1.28
2013.04.04 16:44:08.136,1.46074,1.46095,1.50,1.65
2013.04.04 16:44:09.793,1.46072,1.46093,1.50,1.50
2013.04.04 16:44:09.863,1.4607,1.46089,1.50,2.63
2013.04.04 16:44:09.993,1.46066,1.46084,1.50,1.13
2013.04.04 16:44:10.305,1.46056,1.46078,1.50,2.93
2013.04.04 16:44:10.493,1.46057,1.46078,2.40,1.28
2013.04.04 16:44:10.564,1.4606,1.46081,1.50,1.17
2013.04.04 16:44:10.633,1.46061,1.46084,1.65,1.50
2013.04.04 16:44:10.944,1.46069,1.46085,1.28,1.50
2013.04.04 16:44:11.083,1.46071,1.46094,3.15,1.65
2013.04.04 16:44:12.333,1.46076,1.46094,1.50,1.65
2013.04.04 16:44:12.402,1.46077,1.46097,1.65,1.43
2013.04.04 16:44:12.853,1.46076,1.46096,1.65,1.50
2013.04.04 16:44:13.422,1.46074,1.46096,2.25,2.63
2013.04.04 16:44:15.244,1.46074,1.46096,1.50,1.88
2013.04.04 16:44:15.672,1.46077,1.46098,1.50,3.30
2013.04.04 16:44:16.084,1.46083,1.46098,1.13,1.50
2013.04.04 16:44:16.403,1.46088,1.46106,1.50,1.50
2013.04.04 16:44:16.473,1.46091,1.4611,1.50,1.43
2013.04.04 16:44:16.541,1.46088,1.46111,1.65,2.93
2013.04.04 16:44:16.722,1.46087,1.46111,2.78,2.25
2013.04.04 16:44:19.512,1.46085,1.46103,1.13,2.40
2013.04.04 16:44:20.043,1.46085,1.46102,1.50,1.28
2013.04.04 16:44:24.209,1.46081,1.46102,1.88,1.28
2013.04.04 16:44:24.921,1.46081,1.46102,1.88,1.28
2013.04.04 16:44:25.323,1.46081,1.46101,1.13,1.50
2013.04.04 16:44:25.513,1.46082,1.46102,1.65,2.03
2013.04.04 16:44:26.141,1.46082,1.46102,1.65,2.03
2013.04.04 16:44:27.002,1.46082,1.46102,1.65,2.03
2013.04.04 16:44:27.503,1.46081,1.46101,1.13,1.50
2013.04.04 16:44:27.753,1.46081,1.46101,1.88,1.50
2013.04.04 16:44:27.883,1.46081,1.46101,1.13,2.25
2013.04.04 16:44:28.072,1.46078,1.46098,1.50,1.65
2013.04.04 16:44:28.143,1.46077,1.46098,3.00,1.65
2013.04.04 16:44:28.402,1.46077,1.46097,3.00,1.43
2013.04.04 16:44:31.172,1.46078,1.46096,1.50,1.50
2013.04.04 16:44:31.356,1.46076,1.46097,2.25,1.43
2013.04.04 16:44:34.067,1.46078,1.46096,1.50,1.50
2013.04.04 16:44:35.022,1.46077,1.46097,2.25,1.43
2013.04.04 16:44:35.600,1.46078,1.46099,1.13,3.00
2013.04.04 16:44:36.452,1.46079,1.461,1.65,1.28
2013.04.04 16:44:36.764,1.46075,1.46092,1.50,1.65
2013.04.04 16:44:36.893,1.46074,1.4609,1.88,2.40
2013.04.04 16:44:37.022,1.46067,1.46089,1.88,1.43
2013.04.04 16:44:37.153,1.46067,1.46086,1.50,1.13
2013.04.04 16:44:37.223,1.46064,1.46085,1.50,1.65
2013.04.04 16:44:37.351,1.46064,1.46085,1.60,1.65
2013.04.04 16:44:37.481,1.46064,1.46085,1.50,2.40
2013.04.04 16:44:38.162,1.46064,1.46085,1.50,1.65
2013.04.04 16:44:38.803,1.46064,1.46085,2.03,1.65
2013.04.04 16:44:39.232,1.46063,1.46085,1.50,1.65
2013.04.04 16:44:39.292,1.46068,1.46086,1.50,1.50
2013.04.04 16:44:39.412,1.46069,1.46088,1.28,1.65
2013.04.04 16:44:40.592,1.46071,1.46091,1.50,1.13
2013.04.04 16:44:41.251,1.46069,1.46091,2.03,1.88
2013.04.04 16:44:41.372,1.4607,1.46091,1.13,1.50
2013.04.04 16:44:41.495,1.46073,1.46094,1.65,1.50
2013.04.04 16:44:42.941,1.46071,1.46094,2.25,3.38
2013.04.04 16:44:43.002,1.46071,1.46092,2.25,1.65
2013.04.04 16:44:43.523,1.46071,1.46092,1.50,2.40
2013.04.04 16:44:44.110,1.46071,1.46092,1.50,1.65
2013.04.04 16:44:44.293,1.46071,1.46092,1.88,2.25
2013.04.04 16:44:44.545,1.46077,1.46097,1.50,1.65
2013.04.04 16:44:45.111,1.46073,1.46095,1.65,1.65
2013.04.04 16:44:47.452,1.46076,1.46098,1.50,2.63
2013.04.04 16:44:51.931,1.46075,1.46098,1.50,1.13
2013.04.04 16:44:57.450,1.46076,1.46099,1.50,1.88
2013.04.04 16:44:57.642,1.46081,1.46099,1.50,1.13
2013.04.04 16:44:57.712,1.46081,1.461,1.65,1.50
2013.04.04 16:44:58.016,1.46081,1.46102,1.65,2.40
2013.04.04 16:45:00.033,1.46084,1.46104,1.13,1.50
2013.04.04 16:45:00.294,1.46094,1.46113,1.28,1.65
2013.04.04 16:45:00.366,1.46094,1.46116,1.28,1.88
2013.04.04 16:45:00.624,1.46095,1.46116,1.50,2.63
2013.04.04 16:45:01.138,1.46094,1.46115,1.28,1.65
2013.04.04 16:45:01.404,1.46095,1.46115,1.65,1.50
2013.04.04 16:45:01.894,1.46095,1.46115,1.50,1.13
2013.04.04 16:45:01.962,1.46094,1.46114,1.28,2.40
2013.04.04 16:45:02.277,1.46091,1.46114,3.00,2.40
2013.04.04 16:45:02.342,1.46091,1.46112,2.25,1.65
2013.04.04 16:45:05.513,1.46092,1.46115,1.50,2.40
2013.04.04 16:45:05.642,1.46093,1.46116,1.88,2.18
2013.04.04 16:45:05.833,1.46098,1.46118,1.50,2.40
2013.04.04 16:45:06.273,1.46101,1.46122,1.65,1.65
2013.04.04 16:45:06.346,1.46102,1.46122,1.65,1.65
2013.04.04 16:45:06.662,1.46105,1.46125,1.65,1.65
2013.04.04 16:45:07.901,1.46104,1.46117,1.88,1.65
2013.04.04 16:45:08.222,1.46097,1.46114,1.50,1.50
2013.04.04 16:45:08.821,1.46097,1.46114,1.50,1.50
2013.04.04 16:45:09.912,1.46097,1.46113,1.50,1.50
2013.04.04 16:45:10.032,1.46094,1.46113,1.50,1.65
2013.04.04 16:45:11.372,1.4609,1.46111,1.50,1.65
2013.04.04 16:45:12.442,1.46091,1.46113,2.40,1.65
2013.04.04 16:45:13.753,1.46091,1.46111,2.40,1.50
2013.04.04 16:45:14.501,1.46091,1.46111,2.40,1.50
2013.04.04 16:45:15.092,1.46091,1.46111,2.40,1.50
2013.04.04 16:45:15.651,1.46091,1.46109,2.40,1.50
2013.04.04 16:45:16.014,1.46088,1.461,1.13,1.50
2013.04.04 16:45:16.262,1.46077,1.46098,1.50,1.65
2013.04.04 16:45:16.332,1.46077,1.46096,1.50,1.65
2013.04.04 16:45:16.893,1.46073,1.46094,1.50,1.88
2013.04.04 16:45:17.143,1.46072,1.46092,1.65,1.65
2013.04.04 16:45:18.452,1.46071,1.4609,2.93,1.50
2013.04.04 16:45:19.272,1.46071,1.4609,2.93,1.50
2013.04.04 16:45:19.487,1.46072,1.46092,1.65,1.65
2013.04.04 16:45:20.711,1.46072,1.46092,1.65,1.65
2013.04.04 16:45:24.779,1.46072,1.46092,1.65,1.65
2013.04.04 16:45:25.313,1.46076,1.46092,1.13,1.65
2013.04.04 16:45:25.623,1.46076,1.46095,1.28,2.25
2013.04.04 16:45:25.762,1.46076,1.46095,2.03,1.50
2013.04.04 16:45:26.322,1.46076,1.46097,2.03,3.15
2013.04.04 16:45:27.531,1.46077,1.46098,1.50,1.65
2013.04.04 16:45:28.874,1.46077,1.46098,2.25,1.65
2013.04.04 16:45:29.064,1.4608,1.461,1.50,2.63
2013.04.04 16:45:29.262,1.46082,1.46101,1.50,1.80
2013.04.04 16:45:29.333,1.46082,1.46101,1.50,1.80
2013.04.04 16:45:30.651,1.46082,1.46098,1.50,1.65
2013.04.04 16:45:30.773,1.46079,1.46099,1.50,1.65
2013.04.04 16:45:30.903,1.46077,1.46098,1.50,1.65
2013.04.04 16:45:30.973,1.46077,1.46098,1.50,2.40
2013.04.04 16:45:31.172,1.46079,1.46098,1.50,1.65
2013.04.04 16:45:31.777,1.46077,1.46098,1.50,1.65
2013.04.04 16:45:34.644,1.46074,1.46093,2.03,1.65
2013.04.04 16:45:34.962,1.46066,1.46087,1.65,1.28
2013.04.04 16:45:35.085,1.46066,1.46087,1.65,1.28
2013.04.04 16:45:35.275,1.46066,1.46088,1.65,1.50
2013.04.04 16:45:35.822,1.46069,1.46087,1.50,1.50
2013.04.04 16:45:36.169,1.46066,1.46086,1.65,1.50
2013.04.04 16:45:36.675,1.46069,1.46086,1.50,1.50
2013.04.04 16:45:36.745,1.46069,1.46086,1.50,1.50
2013.04.04 16:45:39.313,1.46066,1.46086,1.65,1.50
2013.04.04 16:45:40.576,1.46066,1.46086,1.65,1.50
2013.04.04 16:45:40.643,1.46066,1.46086,1.65,1.50
2013.04.04 16:45:41.237,1.46069,1.46086,1.50,1.50
2013.04.04 16:45:45.971,1.46069,1.46087,1.50,1.50
2013.04.04 16:45:47.783,1.46067,1.46087,1.65,1.50
2013.04.04 16:45:53.832,1.46067,1.46086,1.88,1.50
2013.04.04 16:45:54.071,1.46068,1.46091,1.65,1.13
2013.04.04 16:45:54.251,1.46068,1.4609,1.65,1.28
2013.04.04 16:45:54.656,1.46068,1.46089,1.65,2.25
2013.04.04 16:45:57.911,1.46066,1.46087,1.65,1.65
2013.04.04 16:45:58.391,1.46066,1.46087,1.65,2.93
2013.04.04 16:45:59.492,1.46062,1.46083,1.65,2.40
2013.04.04 16:46:00.100,1.46061,1.46083,2.25,1.50
2013.04.04 16:46:00.280,1.46063,1.46085,1.65,1.43
2013.04.04 16:46:00.342,1.46063,1.46083,1.65,1.50
2013.04.04 16:46:00.641,1.4606,1.46082,1.65,1.65
2013.04.04 16:46:01.211,1.4606,1.46082,1.65,1.65
2013.04.04 16:46:01.653,1.46065,1.46082,1.50,1.65
2013.04.04 16:46:01.724,1.46065,1.46082,1.65,1.50
2013.04.04 16:46:03.372,1.46065,1.46085,1.65,1.50
2013.04.04 16:46:03.442,1.46065,1.46085,1.65,1.50
2013.04.04 16:46:04.862,1.46067,1.46088,1.65,1.50
2013.04.04 16:46:05.173,1.46067,1.46089,1.65,1.50
2013.04.04 16:46:05.362,1.46071,1.46091,2.40,1.13
2013.04.04 16:46:05.437,1.46072,1.46092,2.25,1.65
2013.04.04 16:46:06.281,1.46072,1.46093,3.00,1.65
2013.04.04 16:46:06.791,1.46072,1.46094,3.00,1.65
2013.04.04 16:46:11.202,1.46072,1.46094,2.63,1.50
2013.04.04 16:46:11.502,1.46076,1.46098,1.50,3.68
2013.04.04 16:46:11.693,1.46074,1.46096,1.50,1.13
2013.04.04 16:46:11.762,1.46073,1.46095,1.50,1.65
2013.04.04 16:46:12.322,1.46074,1.46096,1.50,1.28
2013.04.04 16:46:13.184,1.46074,1.46096,1.50,1.28
2013.04.04 16:46:13.252,1.46076,1.46097,1.28,1.65
2013.04.04 16:46:13.870,1.46076,1.46098,2.03,2.40
2013.04.04 16:46:15.252,1.46077,1.46094,1.50,1.50
2013.04.04 16:46:15.385,1.46072,1.46088,3.00,1.50
2013.04.04 16:46:15.454,1.46072,1.46088,2.25,1.50
2013.04.04 16:46:15.712,1.46068,1.46088,2.40,2.25
2013.04.04 16:46:17.843,1.46069,1.46086,1.50,1.50
2013.04.04 16:46:17.912,1.46066,1.46086,1.50,1.65
2013.04.04 16:46:17.982,1.46065,1.46086,1.50,1.65
2013.04.04 16:46:19.382,1.46066,1.46088,1.13,3.00
2013.04.04 16:46:19.692,1.46069,1.46088,1.65,2.25
2013.04.04 16:46:20.001,1.46066,1.46086,1.50,1.65
2013.04.04 16:46:20.061,1.46064,1.46086,1.65,1.65
2013.04.04 16:46:20.322,1.46064,1.46086,1.65,1.65
2013.04.04 16:46:21.492,1.46068,1.46088,1.65,2.25
2013.04.04 16:46:21.682,1.4607,1.46091,1.50,1.65
2013.04.04 16:46:22.334,1.4607,1.46091,2.25,1.65
2013.04.04 16:46:22.464,1.46074,1.46094,1.50,1.28
2013.04.04 16:46:22.531,1.46077,1.46096,1.50,3.90
2013.04.04 16:46:22.842,1.46077,1.46096,2.25,2.40
2013.04.04 16:46:23.201,1.46069,1.4609,1.65,1.65
2013.04.04 16:46:23.442,1.46069,1.46088,1.50,1.65
2013.04.04 16:46:23.572,1.46066,1.46088,2.78,2.40
2013.04.04 16:46:24.390,1.46066,1.46088,1.28,2.18
2013.04.04 16:46:25.571,1.46066,1.46085,1.28,1.50
2013.04.04 16:46:26.692,1.46065,1.46085,1.50,1.65
2013.04.04 16:46:27.482,1.46065,1.46085,1.50,1.65
2013.04.04 16:46:33.876,1.46061,1.46083,2.25,1.65
2013.04.04 16:46:34.142,1.46061,1.46082,2.25,1.13
2013.04.04 16:46:34.322,1.46059,1.4608,1.28,1.65
2013.04.04 16:46:34.864,1.46057,1.46081,2.78,1.88
2013.04.04 16:46:35.692,1.46061,1.46082,1.50,1.65
2013.04.04 16:46:35.762,1.46061,1.46082,1.50,1.65
2013.04.04 16:46:36.282,1.46061,1.46082,1.50,2.40
2013.04.04 16:46:38.388,1.46061,1.46082,1.50,1.65
2013.04.04 16:46:38.702,1.46066,1.46086,1.50,1.50
2013.04.04 16:46:39.261,1.46066,1.46088,2.03,2.40
2013.04.04 16:46:40.042,1.46066,1.46086,2.03,1.13
2013.04.04 16:46:43.040,1.46066,1.46088,2.03,1.65
2013.04.04 16:46:43.694,1.46066,1.46088,2.03,1.65
2013.04.04 16:46:44.172,1.46066,1.46086,1.28,1.13
2013.04.04 16:46:44.361,1.46064,1.46085,2.03,2.40
2013.04.04 16:46:44.892,1.46061,1.46079,1.50,1.50
2013.04.04 16:46:45.081,1.46059,1.46079,1.28,2.40
2013.04.04 16:46:45.322,1.46056,1.46079,1.65,2.40
2013.04.04 16:46:45.634,1.46056,1.46079,1.65,1.65
2013.04.04 16:46:46.431,1.46056,1.46079,2.40,2.40
2013.04.04 16:46:46.612,1.46056,1.46079,1.65,2.40
2013.04.04 16:46:47.312,1.46056,1.46075,1.50,1.13
2013.04.04 16:46:47.619,1.4605,1.46072,1.50,1.65
2013.04.04 16:46:47.754,1.4605,1.46066,1.50,1.50
2013.04.04 16:46:51.521,1.4605,1.46066,1.50,1.50
2013.04.04 16:46:51.852,1.46054,1.46069,1.50,2.78
2013.04.04 16:46:51.913,1.46054,1.46069,1.50,1.50
2013.04.04 16:46:55.787,1.46054,1.46069,1.50,1.50
2013.04.04 16:46:55.974,1.46051,1.46069,1.50,1.65
2013.04.04 16:46:56.043,1.4605,1.46069,1.50,1.65
2013.04.04 16:46:56.843,1.46049,1.46068,1.65,1.28
2013.04.04 16:46:57.353,1.4605,1.46068,1.13,1.28
2013.04.04 16:46:57.671,1.46054,1.4607,1.50,1.50
2013.04.04 16:46:59.664,1.46053,1.46069,1.65,1.50
2013.04.04 16:47:01.173,1.46053,1.4607,1.65,2.25
2013.04.04 16:47:01.792,1.46051,1.46069,1.13,1.50
2013.04.04 16:47:04.734,1.46054,1.4607,1.65,1.50
2013.04.04 16:47:04.983,1.46055,1.46076,2.78,1.65
2013.04.04 16:47:05.057,1.46055,1.46076,2.78,1.65
2013.04.04 16:47:05.782,1.46057,1.46076,1.50,1.65
2013.04.04 16:47:06.142,1.46057,1.46073,1.50,1.65
2013.04.04 16:47:06.491,1.46059,1.46078,1.13,3.15
2013.04.04 16:47:06.864,1.46057,1.46078,1.50,3.90
2013.04.04 16:47:06.932,1.46057,1.46076,1.50,1.13
2013.04.04 16:47:08.438,1.46059,1.46078,1.13,3.15
2013.04.04 16:47:08.562,1.46059,1.46076,1.13,1.50
2013.04.04 16:47:08.872,1.46056,1.46074,1.50,1.13
2013.04.04 16:47:09.702,1.46056,1.46075,1.50,1.50
2013.04.04 16:47:09.823,1.46056,1.46076,1.50,3.15
2013.04.04 16:47:10.173,1.46058,1.46078,1.28,1.50
2013.04.04 16:47:10.241,1.46058,1.46079,1.28,2.78
2013.04.04 16:47:10.301,1.46058,1.46078,1.28,1.50
2013.04.04 16:47:10.776,1.46058,1.46078,1.28,1.50
2013.04.04 16:47:10.902,1.46058,1.46078,1.13,1.65
2013.04.04 16:47:11.447,1.46058,1.46078,1.13,1.65
2013.04.04 16:47:12.231,1.46058,1.46079,1.50,2.78
2013.04.04 16:47:12.794,1.46061,1.46079,1.28,2.03
2013.04.04 16:47:14.368,1.46056,1.46079,2.03,3.90
2013.04.04 16:47:14.705,1.46058,1.46079,1.13,2.78
2013.04.04 16:47:15.053,1.46056,1.46078,3.53,1.50
2013.04.04 16:47:15.501,1.46057,1.46079,1.88,1.50
2013.04.04 16:47:16.142,1.46059,1.46079,1.65,2.40
2013.04.04 16:47:17.319,1.46058,1.46078,1.50,1.88
2013.04.04 16:47:17.441,1.46056,1.46078,1.50,1.88
2013.04.04 16:47:17.503,1.46054,1.46077,4.28,1.65
2013.04.04 16:47:17.942,1.46054,1.46074,3.38,1.43
2013.04.04 16:47:19.750,1.46051,1.46073,2.25,1.65
2013.04.04 16:47:19.812,1.46051,1.46073,2.25,1.65
2013.04.04 16:47:22.053,1.46051,1.46073,2.40,1.50
2013.04.04 16:47:22.611,1.46051,1.46073,1.65,1.50
2013.04.04 16:47:23.171,1.46051,1.46074,1.65,5.18
2013.04.04 16:47:23.481,1.4605,1.4607,1.50,1.50
2013.04.04 16:47:23.606,1.4605,1.4607,1.50,1.50
2013.04.04 16:47:23.911,1.46049,1.46067,1.50,1.65
2013.04.04 16:47:25.361,1.4604,1.46068,1.88,1.43
2013.04.04 16:47:26.022,1.46046,1.46068,1.65,2.18
2013.04.04 16:47:29.213,1.46046,1.46068,1.50,2.07
2013.04.04 16:47:29.283,1.46046,1.46068,1.50,2.78
2013.04.04 16:47:30.683,1.46047,1.46066,1.50,1.58
2013.04.04 16:47:31.202,1.46048,1.46069,1.50,1.65
2013.04.04 16:47:38.136,1.46046,1.46069,3.90,2.70
2013.04.04 16:47:38.452,1.46046,1.46068,3.90,1.43
2013.04.04 16:47:38.813,1.46039,1.46057,1.50,1.28
2013.04.04 16:47:40.302,1.46039,1.46058,1.50,2.18
2013.04.04 16:47:40.726,1.4603,1.46057,1.50,2.18
2013.04.04 16:47:41.315,1.46036,1.46057,1.50,2.18
2013.04.04 16:47:42.003,1.46034,1.46057,1.65,2.18
2013.04.04 16:47:42.515,1.46036,1.46056,1.50,1.65
2013.04.04 16:47:42.674,1.46033,1.46053,1.50,2.40
2013.04.04 16:47:42.742,1.4603,1.46053,2.25,3.15
2013.04.04 16:47:43.441,1.46031,1.46052,1.50,1.80
2013.04.04 16:47:44.252,1.4603,1.4605,1.50,1.50
2013.04.04 16:47:44.562,1.4604,1.46057,1.50,1.50
2013.04.04 16:47:44.632,1.46036,1.46058,2.40,1.28
2013.04.04 16:47:44.761,1.46036,1.46057,2.40,1.50
2013.04.04 16:47:45.252,1.46037,1.46058,1.50,2.03
2013.04.04 16:47:45.312,1.46037,1.46058,2.25,1.28
2013.04.04 16:47:45.875,1.46037,1.46059,2.25,2.40
2013.04.04 16:47:46.252,1.46037,1.46059,2.25,1.65
2013.04.04 16:47:46.675,1.46037,1.46059,1.50,2.40
2013.04.04 16:47:46.743,1.46036,1.46058,2.40,1.65
2013.04.04 16:47:48.693,1.46036,1.46056,2.25,1.13
2013.04.04 16:47:50.861,1.4603,1.46054,2.40,3.90
2013.04.04 16:47:51.992,1.46031,1.46054,1.65,3.90
2013.04.04 16:47:53.365,1.46035,1.46054,1.13,3.00
2013.04.04 16:47:53.551,1.46041,1.46058,1.13,1.50
2013.04.04 16:47:53.672,1.46042,1.46064,1.88,1.50
2013.04.04 16:47:53.742,1.46046,1.46067,2.25,2.40
2013.04.04 16:47:55.152,1.46046,1.46068,1.50,1.65
2013.04.04 16:47:55.332,1.46037,1.46058,2.03,1.50
2013.04.04 16:47:55.452,1.46035,1.46058,2.40,2.03
2013.04.04 16:47:56.012,1.46036,1.46058,1.50,1.28
2013.04.04 16:48:01.202,1.4604,1.46058,1.13,1.28
2013.04.04 16:48:01.453,1.46047,1.46066,1.50,1.50
2013.04.04 16:48:01.522,1.46047,1.46068,1.50,1.09
2013.04.04 16:48:02.105,1.46047,1.46069,1.50,2.93
2013.04.04 16:48:03.844,1.46047,1.46069,1.88,2.44
2013.04.04 16:48:04.154,1.46056,1.46074,1.50,1.50
2013.04.04 16:48:04.222,1.46053,1.46073,2.03,2.63
2013.04.04 16:48:04.284,1.46053,1.46071,1.28,1.24
2013.04.04 16:48:04.608,1.46049,1.46069,1.28,1.65
2013.04.04 16:48:04.676,1.46053,1.46072,1.65,1.50
2013.04.04 16:48:04.745,1.46054,1.46075,1.65,2.25
2013.04.04 16:48:05.581,1.46054,1.46076,1.65,2.25
2013.04.04 16:48:06.103,1.46054,1.46077,2.40,1.65
2013.04.04 16:48:08.112,1.46056,1.46077,1.50,2.25
2013.04.04 16:48:08.290,1.46058,1.46079,1.28,1.50
2013.04.04 16:48:08.533,1.46061,1.46082,1.50,1.28
2013.04.04 16:48:08.662,1.46061,1.46082,1.50,1.28
2013.04.04 16:48:09.256,1.4606,1.46079,1.65,1.50
2013.04.04 16:48:10.941,1.4606,1.46079,1.65,1.50
2013.04.04 16:48:11.122,1.46062,1.46085,3.68,1.50
2013.04.04 16:48:11.182,1.46063,1.46085,1.13,1.65
2013.04.04 16:48:11.242,1.46062,1.46084,2.78,1.50
2013.04.04 16:48:11.362,1.46062,1.46086,2.78,2.40
2013.04.04 16:48:11.674,1.46066,1.46087,1.65,1.50
2013.04.04 16:48:12.366,1.4606,1.46083,2.40,1.65
2013.04.04 16:48:12.941,1.4606,1.46083,3.15,3.53
2013.04.04 16:48:15.663,1.4606,1.46083,2.25,4.13
2013.04.04 16:48:15.732,1.46059,1.46079,1.28,1.65
2013.04.04 16:48:16.794,1.46059,1.46081,2.40,1.50
2013.04.04 16:48:16.864,1.46059,1.46081,2.18,1.50
2013.04.04 16:48:17.197,1.46061,1.46082,2.25,1.88
2013.04.04 16:48:17.265,1.46061,1.46082,1.50,1.13
2013.04.04 16:48:19.003,1.46062,1.46083,1.13,3.00
2013.04.04 16:48:19.952,1.46071,1.4609,1.65,1.88
2013.04.04 16:48:20.913,1.46071,1.46092,1.50,1.65
2013.04.04 16:48:20.983,1.46068,1.46092,3.00,1.65
2013.04.04 16:48:21.243,1.46072,1.46093,1.50,1.88
2013.04.04 16:48:21.745,1.46072,1.46094,1.50,1.50
2013.04.04 16:48:22.526,1.46072,1.46095,1.50,3.15
2013.04.04 16:48:23.090,1.46073,1.46095,1.13,3.00
2013.04.04 16:48:23.474,1.46076,1.46095,1.65,2.25
2013.04.04 16:48:23.664,1.46076,1.46095,1.65,1.50
2013.04.04 16:48:24.791,1.46076,1.46098,1.65,2.25
2013.04.04 16:48:24.925,1.46077,1.46098,2.03,1.88
2013.04.04 16:48:25.291,1.46079,1.461,1.13,1.50
2013.04.04 16:48:26.421,1.4608,1.46104,1.88,2.63
2013.04.04 16:48:26.547,1.4608,1.46104,3.38,2.63
2013.04.04 16:48:27.092,1.46081,1.46104,1.65,2.63
2013.04.04 16:48:27.346,1.46081,1.46104,1.65,2.63
2013.04.04 16:48:27.686,1.46075,1.46094,2.03,1.50
2013.04.04 16:48:27.813,1.46073,1.46095,3.53,1.50
2013.04.04 16:48:28.019,1.46074,1.46095,1.50,1.50
2013.04.04 16:48:28.141,1.46074,1.46095,3.00,2.25
2013.04.04 16:48:28.893,1.46071,1.46091,2.25,1.50
2013.04.04 16:48:29.334,1.46072,1.46093,1.50,1.65
2013.04.04 16:48:29.766,1.46071,1.46094,1.50,1.65
2013.04.04 16:48:30.072,1.46073,1.4609,1.50,1.28
2013.04.04 16:48:30.144,1.46072,1.4609,1.50,1.28
2013.04.04 16:48:30.524,1.46073,1.46092,1.50,2.33
2013.04.04 16:48:30.657,1.46073,1.46093,1.50,1.43
2013.04.04 16:48:30.730,1.46072,1.46093,1.50,2.18
2013.04.04 16:48:30.864,1.46073,1.46095,1.50,2.18
2013.04.04 16:48:30.933,1.46077,1.46095,1.50,1.28
2013.04.04 16:48:31.004,1.46078,1.46095,1.13,1.28
2013.04.04 16:48:31.134,1.46079,1.46098,1.13,1.50
2013.04.04 16:48:31.275,1.46081,1.46101,1.50,1.50
2013.04.04 16:48:31.345,1.4608,1.46101,1.88,1.50
2013.04.04 16:48:31.533,1.46082,1.46104,1.65,1.88
2013.04.04 16:48:31.679,1.4608,1.46104,2.63,3.38
2013.04.04 16:48:33.354,1.46085,1.46104,1.50,1.50
2013.04.04 16:48:33.663,1.46095,1.4611,1.88,1.13
2013.04.04 16:48:33.792,1.46095,1.46115,1.13,1.50
2013.04.04 16:48:33.853,1.46095,1.46117,1.13,6.00
2013.04.04 16:48:33.924,1.46094,1.46117,2.40,6.15
2013.04.04 16:48:34.423,1.46094,1.46114,1.65,1.50
2013.04.04 16:48:36.290,1.46092,1.46114,1.88,1.65
2013.04.04 16:48:36.366,1.46093,1.46114,1.13,1.50
2013.04.04 16:48:36.493,1.46097,1.46117,2.03,1.50
2013.04.04 16:48:36.873,1.46097,1.46117,1.88,1.65
2013.04.04 16:48:36.944,1.46098,1.46121,1.13,2.03
2013.04.04 16:48:37.274,1.46097,1.46118,2.93,2.25
2013.04.04 16:48:37.344,1.46097,1.46117,2.18,1.50
2013.04.04 16:48:37.713,1.46096,1.46115,1.50,1.50
2013.04.04 16:48:38.234,1.46093,1.46114,1.65,1.50
2013.04.04 16:48:39.052,1.46093,1.46114,1.50,1.65
2013.04.04 16:48:39.182,1.46092,1.46113,2.40,2.25
2013.04.04 16:48:39.363,1.46092,1.46113,1.88,1.50
2013.04.04 16:48:39.805,1.4609,1.46113,1.50,3.15
2013.04.04 16:48:40.046,1.4609,1.46113,2.25,2.40
2013.04.04 16:48:40.113,1.4609,1.46113,2.78,2.40
2013.04.04 16:48:40.624,1.46091,1.46113,1.50,1.65
2013.04.04 16:48:40.942,1.46094,1.46113,1.50,1.50
2013.04.04 16:48:41.895,1.46094,1.46114,2.25,1.50
2013.04.04 16:48:41.964,1.46098,1.46116,1.50,1.50
2013.04.04 16:48:42.215,1.46094,1.46113,1.50,1.05
2013.04.04 16:48:42.485,1.46094,1.46113,1.50,1.80
2013.04.04 16:48:43.351,1.46092,1.46113,2.40,2.55
2013.04.04 16:48:43.555,1.46095,1.46113,1.50,1.80
2013.04.04 16:48:43.975,1.46098,1.46114,1.50,2.25
2013.04.04 16:48:44.044,1.46098,1.46116,1.50,2.93
2013.04.04 16:48:44.305,1.46099,1.46115,1.50,1.35
2013.04.04 16:48:44.598,1.46095,1.46114,2.40,1.28
2013.04.04 16:48:44.768,1.461,1.46115,1.50,1.35
2013.04.04 16:48:45.894,1.46099,1.46115,1.50,1.50
2013.04.04 16:48:45.967,1.46097,1.46113,1.50,1.43
2013.04.04 16:48:46.035,1.46092,1.46113,1.50,2.93
2013.04.04 16:48:46.105,1.46092,1.4611,1.50,1.50
2013.04.04 16:48:46.434,1.46085,1.46103,1.50,1.65
2013.04.04 16:48:46.743,1.46079,1.46092,1.13,2.10
2013.04.04 16:48:46.874,1.46076,1.46092,1.65,2.10
2013.04.04 16:48:47.690,1.46075,1.46095,1.65,2.03
2013.04.04 16:48:47.901,1.46078,1.46095,1.13,2.78
2013.04.04 16:48:47.976,1.46081,1.46095,1.65,1.28
2013.04.04 16:48:48.164,1.46078,1.46098,1.65,1.50
2013.04.04 16:48:48.235,1.46076,1.46099,2.40,2.25
2013.04.04 16:48:48.364,1.46078,1.46099,1.13,2.25
2013.04.04 16:48:48.897,1.46081,1.46102,1.65,2.03
2013.04.04 16:48:49.909,1.46079,1.461,1.50,1.50
2013.04.04 16:48:50.774,1.46079,1.46099,1.50,1.28
2013.04.04 16:48:50.964,1.46077,1.46098,1.65,2.25
2013.04.04 16:48:51.153,1.46079,1.46096,1.13,1.28
2013.04.04 16:48:51.284,1.4608,1.46099,1.13,2.03
2013.04.04 16:48:51.473,1.46081,1.46103,2.40,1.50
2013.04.04 16:48:51.937,1.46086,1.46106,1.13,2.40
2013.04.04 16:48:52.125,1.46086,1.46106,1.65,1.65
2013.04.04 16:48:52.312,1.46086,1.46102,1.65,2.25
2013.04.04 16:48:52.613,1.46086,1.46098,1.50,1.35
2013.04.04 16:48:52.922,1.46081,1.46096,1.88,2.03
2013.04.04 16:48:53.222,1.46081,1.46096,1.88,1.05
2013.04.04 16:48:53.416,1.46077,1.46098,1.80,1.35
2013.04.04 16:48:53.784,1.46077,1.46095,2.40,1.50
2013.04.04 16:48:54.213,1.46076,1.46092,1.88,1.50
2013.04.04 16:48:54.403,1.46078,1.46095,1.28,1.50
2013.04.04 16:48:54.472,1.46078,1.46098,1.28,1.50
2013.04.04 16:48:54.593,1.46078,1.46099,2.78,1.50
2013.04.04 16:48:54.666,1.46081,1.46099,1.50,2.25
2013.04.04 16:48:55.015,1.46081,1.461,1.13,2.25
2013.04.04 16:48:55.384,1.46078,1.461,1.65,1.50
2013.04.04 16:48:55.528,1.46076,1.46099,2.78,2.78
2013.04.04 16:48:55.792,1.46076,1.46099,2.03,2.25
2013.04.04 16:48:56.194,1.46076,1.46095,1.28,1.50
2013.04.04 16:48:59.034,1.46077,1.46096,1.65,1.50
2013.04.04 16:48:59.345,1.46086,1.46099,1.13,1.88
2013.04.04 16:48:59.474,1.46093,1.46107,1.65,1.50
2013.04.04 16:48:59.734,1.46095,1.4611,1.50,1.32
2013.04.04 16:48:59.803,1.46095,1.46112,1.50,1.13
2013.04.04 16:48:59.874,1.46095,1.46111,1.50,1.05
2013.04.04 16:49:00.426,1.46095,1.4611,1.50,1.05
2013.04.04 16:49:00.732,1.46091,1.46109,2.25,2.78
2013.04.04 16:49:02.014,1.46087,1.46108,2.63,2.10
2013.04.04 16:49:02.573,1.4609,1.46108,1.50,1.35
2013.04.04 16:49:03.114,1.4609,1.46106,1.50,1.50
2013.04.04 16:49:03.642,1.46089,1.46105,1.65,1.05
2013.04.04 16:49:03.964,1.4609,1.46104,1.50,1.35
2013.04.04 16:49:04.107,1.46091,1.46105,1.50,1.05
2013.04.04 16:49:04.175,1.46092,1.46108,1.50,1.05
2013.04.04 16:49:04.436,1.46091,1.46109,1.50,1.20
2013.04.04 16:49:04.507,1.4609,1.46106,2.25,1.50
2013.04.04 16:49:04.632,1.46087,1.46104,1.50,1.05
2013.04.04 16:49:04.703,1.46086,1.46103,1.50,1.05
2013.04.04 16:49:05.615,1.46086,1.46102,1.65,2.03
2013.04.04 16:49:05.703,1.46083,1.46106,2.40,2.25
2013.04.04 16:49:06.214,1.46087,1.46106,1.50,1.28
2013.04.04 16:49:06.354,1.46087,1.46106,1.50,1.28
2013.04.04 16:49:06.814,1.46086,1.46105,1.50,1.28
2013.04.04 16:49:07.464,1.46084,1.46105,1.50,2.03
2013.04.04 16:49:07.534,1.46084,1.46104,1.50,2.25
2013.04.04 16:49:08.044,1.46081,1.46103,3.15,1.28
2013.04.04 16:49:08.595,1.46081,1.46104,3.15,2.40
2013.04.04 16:49:09.155,1.46081,1.46099,2.40,1.35
2013.04.04 16:49:09.424,1.46076,1.46097,1.65,1.28
2013.04.04 16:49:09.554,1.46076,1.46095,1.65,1.05
2013.04.04 16:49:09.684,1.46077,1.46098,1.65,1.43
2013.04.04 16:49:10.202,1.46077,1.46098,2.40,1.43
2013.04.04 16:49:10.502,1.46079,1.461,1.50,2.18
2013.04.04 16:49:10.728,1.46079,1.46098,1.50,1.43
2013.04.04 16:49:10.797,1.46079,1.46098,1.50,1.43
2013.04.04 16:49:11.114,1.46081,1.46101,2.40,1.35
2013.04.04 16:49:11.245,1.46081,1.46104,2.40,1.80
2013.04.04 16:49:11.314,1.46081,1.46104,1.65,1.65
2013.04.04 16:49:11.503,1.46081,1.46104,1.65,1.65
2013.04.04 16:49:11.574,1.46082,1.46104,1.65,1.65
2013.04.04 16:49:11.836,1.46082,1.46103,1.50,1.65
2013.04.04 16:49:12.141,1.46086,1.46103,1.65,1.13
2013.04.04 16:49:12.323,1.46084,1.46104,1.50,1.05
2013.04.04 16:49:13.874,1.46083,1.46098,1.50,1.13
2013.04.04 16:49:13.942,1.46082,1.46098,2.40,1.13
2013.04.04 16:49:14.445,1.4608,1.461,1.50,1.65
2013.04.04 16:49:15.492,1.4608,1.461,1.50,2.40
2013.04.04 16:49:16.043,1.4608,1.46099,1.50,1.65
2013.04.04 16:49:16.592,1.46082,1.461,1.50,1.43
2013.04.04 16:49:16.906,1.46082,1.461,2.25,1.43
2013.04.04 16:49:17.183,1.46082,1.461,1.50,1.43
2013.04.04 16:49:17.863,1.46082,1.461,1.50,1.43
2013.04.04 16:49:19.222,1.46081,1.461,2.25,1.43
2013.04.04 16:49:19.852,1.46082,1.461,1.50,1.43
2013.04.04 16:49:20.053,1.46081,1.461,1.50,2.18
2013.04.04 16:49:20.422,1.4608,1.461,1.65,2.18
2013.04.04 16:49:20.555,1.4608,1.46099,1.50,1.65
2013.04.04 16:49:20.624,1.46077,1.46098,1.50,1.28
2013.04.04 16:49:22.913,1.46077,1.46097,1.50,1.43
2013.04.04 16:49:23.162,1.46081,1.46099,1.65,1.28
2013.04.04 16:49:25.411,1.46086,1.461,1.50,1.50
2013.04.04 16:49:26.017,1.46084,1.46102,1.65,2.03
2013.04.04 16:49:26.474,1.46084,1.46102,1.65,2.03
2013.04.04 16:49:26.546,1.46084,1.46102,1.65,1.28
2013.04.04 16:49:26.824,1.46089,1.46108,1.50,1.28
2013.04.04 16:49:26.952,1.46087,1.46107,1.50,1.43
2013.04.04 16:49:27.436,1.46086,1.46107,1.50,1.65
2013.04.04 16:49:27.945,1.46085,1.46107,1.50,1.65
2013.04.04 16:49:28.474,1.46084,1.46103,1.50,1.28
2013.04.04 16:49:28.842,1.46083,1.46101,2.40,1.28
2013.04.04 16:49:29.392,1.46083,1.46103,1.50,1.88
2013.04.04 16:49:29.582,1.46083,1.46104,1.65,1.95
2013.04.04 16:49:29.643,1.46091,1.46106,1.13,1.58
2013.04.04 16:49:29.713,1.46091,1.46107,1.13,2.03
2013.04.04 16:49:29.844,1.46092,1.4611,1.88,1.28
2013.04.04 16:49:30.184,1.46105,1.46118,1.50,1.28
2013.04.04 16:49:30.255,1.46105,1.46118,1.50,1.28
2013.04.04 16:49:30.323,1.46107,1.46119,1.50,1.35
2013.04.04 16:49:30.465,1.46102,1.46119,1.50,1.35
2013.04.04 16:49:30.593,1.46103,1.46119,1.50,1.28
2013.04.04 16:49:30.665,1.46097,1.46119,3.34,1.28
2013.04.04 16:49:30.734,1.46102,1.46119,1.13,1.28
2013.04.04 16:49:30.878,1.46107,1.46122,1.50,1.50
2013.04.04 16:49:31.004,1.46107,1.4612,1.50,1.28
2013.04.04 16:49:31.218,1.46107,1.46125,1.50,1.50
2013.04.04 16:49:31.424,1.46106,1.46124,1.65,1.28
2013.04.04 16:49:32.305,1.46111,1.46131,1.65,1.50
2013.04.04 16:49:32.521,1.46113,1.46132,1.65,1.28
2013.04.04 16:49:32.677,1.46112,1.46132,1.65,1.50
2013.04.04 16:49:33.017,1.46113,1.46134,1.43,2.59
2013.04.04 16:49:33.163,1.46113,1.46133,1.43,1.09
2013.04.04 16:49:33.523,1.46112,1.46132,1.05,1.65
2013.04.04 16:49:33.844,1.46112,1.46132,1.05,1.65
2013.04.04 16:49:34.222,1.46115,1.46134,1.65,1.50
2013.04.04 16:49:34.555,1.46124,1.46143,1.13,1.50
2013.04.04 16:49:34.804,1.46123,1.46147,1.95,2.25
2013.04.04 16:49:35.219,1.46124,1.46145,1.13,1.50
2013.04.04 16:49:35.286,1.46121,1.46144,2.03,1.50
2013.04.04 16:49:35.419,1.46125,1.46141,1.50,1.50
2013.04.04 16:49:35.666,1.4612,1.4614,1.28,1.50
2013.04.04 16:49:36.253,1.46118,1.46139,1.13,2.25
2013.04.04 16:49:36.454,1.46114,1.46138,2.63,1.43
2013.04.04 16:49:36.712,1.46114,1.46134,1.13,1.50
2013.04.04 16:49:37.022,1.46115,1.46137,1.80,1.50
2013.04.04 16:49:37.274,1.46121,1.46139,1.13,1.13
2013.04.04 16:49:37.463,1.46122,1.46142,1.13,1.50
2013.04.04 16:49:37.652,1.46122,1.46142,1.13,1.50
2013.04.04 16:49:38.885,1.46122,1.46142,1.13,1.50
2013.04.04 16:49:39.754,1.46125,1.46145,1.88,1.50
2013.04.04 16:49:39.823,1.46125,1.46146,1.13,2.03
2013.04.04 16:49:39.892,1.46126,1.46146,1.13,2.03
2013.04.04 16:49:40.213,1.46143,1.46149,1.50,1.50
2013.04.04 16:49:40.284,1.46143,1.46155,1.50,1.35
2013.04.04 16:49:40.353,1.46142,1.46158,2.25,1.50
2013.04.04 16:49:40.424,1.46142,1.46163,2.25,1.88
2013.04.04 16:49:40.733,1.46144,1.46161,1.50,1.50
2013.04.04 16:49:40.802,1.46141,1.46159,1.50,1.28
2013.04.04 16:49:41.003,1.46138,1.46158,2.25,1.80
2013.04.04 16:49:42.132,1.46138,1.46157,1.50,1.28
2013.04.04 16:49:42.373,1.46141,1.4616,1.50,1.80
2013.04.04 16:49:42.443,1.46138,1.46159,1.50,1.28
2013.04.04 16:49:42.634,1.46138,1.46159,1.50,1.28
2013.04.04 16:49:42.707,1.46137,1.46159,1.65,2.10
2013.04.04 16:49:42.772,1.46136,1.46156,2.40,1.28
2013.04.04 16:49:43.073,1.46136,1.46153,1.13,1.28
2013.04.04 16:49:43.144,1.46136,1.46156,1.13,1.28
2013.04.04 16:49:43.214,1.46138,1.46157,1.65,1.28
2013.04.04 16:49:43.611,1.46138,1.46158,1.65,1.50
2013.04.04 16:49:43.731,1.46133,1.46156,2.18,1.13
2013.04.04 16:49:44.033,1.4614,1.46149,1.13,1.50
2013.04.04 16:49:44.232,1.46145,1.46157,1.50,1.28
2013.04.04 16:49:44.292,1.46144,1.46158,2.25,2.10
2013.04.04 16:49:44.353,1.46144,1.46164,2.25,1.28
2013.04.04 16:49:44.482,1.46146,1.46165,1.50,1.28
2013.04.04 16:49:44.602,1.46148,1.46163,1.50,1.35
2013.04.04 16:49:44.663,1.46148,1.46164,2.25,1.05
2013.04.04 16:49:44.792,1.46147,1.46168,1.50,1.28
2013.04.04 16:49:44.912,1.46147,1.46167,2.25,1.35
2013.04.04 16:49:44.971,1.46147,1.46167,1.50,1.35
2013.04.04 16:49:45.033,1.46145,1.46165,2.40,1.28
2013.04.04 16:49:45.301,1.46142,1.46161,1.65,1.05
2013.04.04 16:49:45.362,1.4614,1.46159,1.65,1.43
2013.04.04 16:49:45.671,1.46131,1.46154,1.65,2.03
2013.04.04 16:49:46.030,1.46134,1.46154,1.13,1.28
2013.04.04 16:49:46.091,1.46134,1.46154,1.13,1.28
2013.04.04 16:49:47.122,1.46135,1.46154,2.40,1.28
2013.04.04 16:49:48.782,1.46139,1.46151,1.13,2.03
2013.04.04 16:49:48.974,1.46139,1.46156,1.13,2.78
2013.04.04 16:49:49.652,1.46136,1.46155,1.80,1.35
2013.04.04 16:49:49.712,1.46135,1.46154,2.40,1.28
2013.04.04 16:49:50.082,1.46133,1.4615,1.13,2.03
2013.04.04 16:49:50.384,1.46134,1.46152,1.65,1.35
2013.04.04 16:49:50.705,1.46132,1.46154,2.40,2.40
2013.04.04 16:49:51.023,1.46132,1.46153,1.65,1.65
2013.04.04 16:49:52.284,1.46133,1.46153,1.65,1.65
2013.04.04 16:49:52.653,1.46131,1.46153,1.65,1.65
2013.04.04 16:49:52.781,1.46131,1.46153,1.65,1.65
2013.04.04 16:49:53.082,1.46134,1.46153,1.50,1.65
2013.04.04 16:49:53.482,1.46134,1.46153,1.88,1.50
2013.04.04 16:49:54.305,1.46141,1.4616,1.65,1.28
2013.04.04 16:49:54.374,1.46142,1.46162,1.65,1.58
2013.04.04 16:49:54.443,1.46142,1.46164,1.65,3.75
2013.04.04 16:49:55.001,1.46141,1.46162,1.65,1.50
2013.04.04 16:49:55.553,1.46139,1.46157,1.13,1.50
2013.04.04 16:49:56.102,1.46139,1.46156,1.13,1.50
2013.04.04 16:49:56.351,1.46139,1.46159,1.13,3.60
2013.04.04 16:49:56.534,1.4614,1.46159,1.65,2.25
2013.04.04 16:49:56.663,1.46141,1.46162,1.88,1.50
2013.04.04 16:49:56.792,1.46142,1.46164,1.65,2.78
2013.04.04 16:49:56.982,1.46141,1.46161,1.05,1.28
2013.04.04 16:49:57.295,1.46139,1.46156,1.65,1.28
2013.04.04 16:49:57.615,1.46139,1.46151,1.65,1.35
2013.04.04 16:49:59.166,1.46139,1.46153,1.65,1.05
2013.04.04 16:49:59.303,1.4614,1.46157,1.65,2.10
2013.04.04 16:50:00.214,1.4614,1.46158,1.65,1.28
2013.04.04 16:50:00.762,1.46141,1.46159,1.65,1.50
2013.04.04 16:50:02.275,1.46141,1.46158,1.65,1.28
2013.04.04 16:50:02.642,1.46139,1.46157,1.65,2.03
2013.04.04 16:50:03.341,1.46137,1.46154,2.40,1.05
2013.04.04 16:50:03.711,1.46137,1.46153,2.40,1.50
2013.04.04 16:50:04.192,1.46137,1.46155,1.65,1.05
2013.04.04 16:50:04.431,1.46134,1.46154,1.80,1.28
2013.04.04 16:50:05.681,1.46134,1.46154,1.65,2.25
2013.04.04 16:50:08.885,1.46135,1.46151,1.65,2.03
2013.04.04 16:50:09.074,1.46131,1.46149,1.65,1.28
2013.04.04 16:50:09.205,1.46127,1.46144,1.28,1.50
2013.04.04 16:50:09.403,1.46121,1.46139,1.50,1.28
2013.04.04 16:50:09.532,1.46117,1.46139,2.63,2.18
2013.04.04 16:50:09.723,1.46117,1.46134,1.88,2.25
2013.04.04 16:50:10.569,1.46117,1.46128,1.13,1.28
2013.04.04 16:50:10.713,1.46109,1.46125,1.13,2.78
2013.04.04 16:50:10.783,1.46106,1.46122,2.03,1.50
2013.04.04 16:50:11.414,1.46106,1.46125,2.03,1.05
2013.04.04 16:50:11.603,1.46109,1.46125,1.28,1.05
2013.04.04 16:50:12.153,1.46107,1.46123,2.03,1.50
2013.04.04 16:50:12.283,1.46105,1.46119,1.13,2.03
2013.04.04 16:50:12.654,1.46105,1.46118,1.13,1.50
2013.04.04 16:50:12.723,1.46096,1.46116,2.63,1.50
2013.04.04 16:50:12.853,1.46096,1.46116,2.63,1.05
2013.04.04 16:50:13.173,1.46096,1.46116,1.13,1.28
2013.04.04 16:50:13.245,1.46095,1.46116,1.65,1.28
2013.04.04 16:50:13.612,1.46095,1.46115,1.65,1.50
2013.04.04 16:50:13.672,1.46096,1.46116,1.65,1.28
2013.04.04 16:50:13.743,1.46099,1.46116,1.65,1.28
2013.04.04 16:50:13.932,1.46099,1.46119,1.65,2.78
2013.04.04 16:50:14.712,1.46098,1.46119,1.65,2.78
2013.04.04 16:50:15.143,1.46096,1.46117,1.13,2.03
2013.04.04 16:50:15.212,1.46095,1.46117,1.65,2.03
2013.04.04 16:50:16.536,1.46095,1.46117,1.65,2.03
2013.04.04 16:50:16.885,1.46104,1.46122,1.88,1.50
2013.04.04 16:50:17.032,1.46108,1.46124,1.13,1.28
2013.04.04 16:50:17.226,1.46104,1.46124,1.50,1.28
2013.04.04 16:50:17.293,1.46105,1.46123,1.13,1.50
2013.04.04 16:50:17.423,1.46103,1.4612,1.65,1.28
2013.04.04 16:50:17.494,1.46102,1.4612,2.18,1.50
2013.04.04 16:50:17.753,1.46102,1.46121,1.43,1.50
2013.04.04 16:50:17.895,1.46102,1.46122,2.03,1.28
2013.04.04 16:50:17.973,1.46101,1.46121,2.78,1.50
2013.04.04 16:50:18.047,1.46101,1.46118,2.55,1.28
2013.04.04 16:50:18.117,1.46101,1.46117,2.55,2.03
2013.04.04 16:50:18.457,1.46095,1.46117,2.40,2.18
2013.04.04 16:50:18.597,1.46095,1.46114,1.28,1.28
2013.04.04 16:50:18.665,1.46094,1.46114,4.13,1.28
2013.04.04 16:50:19.022,1.46094,1.46112,1.50,1.35
2013.04.04 16:50:19.376,1.46087,1.46106,1.65,1.28
2013.04.04 16:50:20.230,1.46087,1.46104,1.50,1.43
2013.04.04 16:50:20.321,1.46088,1.46105,3.00,1.28
2013.04.04 16:50:20.402,1.46094,1.46109,1.13,1.28
2013.04.04 16:50:20.545,1.46094,1.46113,1.13,2.03
2013.04.04 16:50:20.674,1.46094,1.46111,1.13,1.50
2013.04.04 16:50:20.741,1.46091,1.46112,1.80,1.43
2013.04.04 16:50:20.803,1.46089,1.46109,1.50,1.13
2013.04.04 16:50:20.934,1.46087,1.46106,1.50,1.20
2013.04.04 16:50:21.127,1.46085,1.46105,1.28,1.43
2013.04.04 16:50:21.686,1.46085,1.46104,1.65,1.58
2013.04.04 16:50:22.643,1.46082,1.46103,2.82,1.05
2013.04.04 16:50:22.963,1.46097,1.46113,1.50,2.03
2013.04.04 16:50:23.033,1.46097,1.46113,1.50,1.28
2013.04.04 16:50:23.352,1.46097,1.4611,1.50,2.03
2013.04.04 16:50:25.803,1.46094,1.46111,1.13,1.05
2013.04.04 16:50:26.985,1.46092,1.46114,1.65,2.78
2013.04.04 16:50:29.092,1.46091,1.46113,1.88,1.28
2013.04.04 16:50:30.152,1.4609,1.46113,2.25,2.03
2013.04.04 16:50:30.461,1.46086,1.4611,1.13,1.28
2013.04.04 16:50:30.685,1.46085,1.46104,1.65,1.50
2013.04.04 16:50:30.874,1.46084,1.46102,1.13,1.88
2013.04.04 16:50:30.948,1.46082,1.46102,2.25,2.40
2013.04.04 16:50:31.203,1.46074,1.46095,1.50,1.43
2013.04.04 16:50:31.452,1.46074,1.46095,1.50,1.43
2013.04.04 16:50:31.751,1.46074,1.46097,1.65,2.25
2013.04.04 16:50:31.822,1.46077,1.46099,1.65,1.50
2013.04.04 16:50:32.709,1.46075,1.461,1.88,1.50
2013.04.04 16:50:32.785,1.46077,1.461,1.50,1.65
2013.04.04 16:50:32.996,1.46078,1.461,2.93,1.65
2013.04.04 16:50:33.186,1.46086,1.46101,1.50,1.50
2013.04.04 16:50:33.433,1.46084,1.46103,2.25,1.50
2013.04.04 16:50:33.683,1.46084,1.461,1.13,1.65
2013.04.04 16:50:33.752,1.46082,1.46102,1.50,1.65
2013.04.04 16:50:34.294,1.46084,1.46102,1.13,1.65
2013.04.04 16:50:35.192,1.46083,1.46104,1.50,1.50
2013.04.04 16:50:36.076,1.46085,1.46106,2.03,1.50
2013.04.04 16:50:38.552,1.46089,1.46108,1.05,1.65
2013.04.04 16:50:38.873,1.46089,1.46109,1.05,1.50
2013.04.04 16:50:39.063,1.46091,1.46111,2.10,1.65
2013.04.04 16:50:39.133,1.46089,1.46111,1.28,1.65
2013.04.04 16:50:39.393,1.46089,1.46111,1.28,2.40
2013.04.04 16:50:39.464,1.46089,1.46111,3.90,3.00
2013.04.04 16:50:39.904,1.46095,1.46114,1.50,1.50
2013.04.04 16:50:39.974,1.46095,1.46114,1.65,1.50
2013.04.04 16:50:40.813,1.46098,1.46116,1.50,1.50
2013.04.04 16:50:40.885,1.46102,1.46119,1.88,1.50
2013.04.04 16:50:40.955,1.46104,1.46123,1.88,2.25
2013.04.04 16:50:41.564,1.46105,1.46126,1.65,1.13
2013.04.04 16:50:43.584,1.46105,1.46127,1.50,2.40
2013.04.04 16:50:44.132,1.46105,1.46125,1.65,1.50
2013.04.04 16:50:49.992,1.46113,1.46126,1.69,1.50
2013.04.04 16:50:50.121,1.46112,1.46133,1.13,1.28
2013.04.04 16:50:50.252,1.46112,1.46134,1.28,1.13
2013.04.04 16:50:50.564,1.46117,1.46136,3.00,1.13
2013.04.04 16:50:50.633,1.46118,1.46139,1.50,1.50
2013.04.04 16:50:50.843,1.46118,1.46141,3.68,1.50
2013.04.04 16:50:50.985,1.46122,1.46143,1.50,1.13
2013.04.04 16:50:51.294,1.46122,1.46141,1.50,1.50
2013.04.04 16:50:51.362,1.46122,1.46144,1.50,2.25
2013.04.04 16:50:51.553,1.46122,1.46141,1.50,1.50
2013.04.04 16:50:52.042,1.46119,1.46139,1.13,1.50
2013.04.04 16:50:52.163,1.46119,1.46139,1.13,2.03
2013.04.04 16:50:52.292,1.46118,1.46139,2.03,2.03
2013.04.04 16:50:52.531,1.46117,1.46137,1.13,1.50
2013.04.04 16:50:52.591,1.46114,1.46137,1.65,1.50
2013.04.04 16:50:53.112,1.46114,1.46136,1.50,1.65
2013.04.04 16:50:53.321,1.46112,1.46133,1.13,1.65
2013.04.04 16:50:53.811,1.46109,1.46133,2.25,1.65
2013.04.04 16:50:55.292,1.46109,1.46128,1.50,1.50
2013.04.04 16:50:55.604,1.46107,1.46123,1.50,2.18
2013.04.04 16:50:55.743,1.46098,1.46114,1.50,1.28
2013.04.04 16:50:55.814,1.46097,1.46111,2.25,1.50
2013.04.04 16:50:56.373,1.46097,1.46108,1.50,1.05
2013.04.04 16:50:56.632,1.46094,1.46108,1.50,1.05
2013.04.04 16:50:57.422,1.46093,1.46109,1.13,1.28
2013.04.04 16:50:58.392,1.46092,1.46109,1.13,1.28
2013.04.04 16:50:58.831,1.46092,1.4611,1.13,1.28
2013.04.04 16:50:59.575,1.46092,1.46109,1.13,1.80
2013.04.04 16:51:00.083,1.46092,1.4611,1.13,1.50
2013.04.04 16:51:01.681,1.46092,1.46109,1.13,1.28
2013.04.04 16:51:04.404,1.46094,1.46109,1.50,1.28
2013.04.04 16:51:04.602,1.46097,1.46114,3.15,1.50
2013.04.04 16:51:04.723,1.46099,1.46118,1.65,1.58
2013.04.04 16:51:04.794,1.46099,1.4612,1.65,2.03
2013.04.04 16:51:04.922,1.461,1.46122,1.65,2.48
2013.04.04 16:51:04.981,1.461,1.4612,1.13,1.28
2013.04.04 16:51:05.882,1.46096,1.46116,2.40,1.65
2013.04.04 16:51:05.945,1.46094,1.46114,1.50,2.40
2013.04.04 16:51:06.136,1.46092,1.46112,1.13,2.93
2013.04.04 16:51:06.442,1.46092,1.46108,1.13,2.40
2013.04.04 16:51:07.374,1.46092,1.46108,1.13,2.25
2013.04.04 16:51:07.503,1.46092,1.46113,1.88,2.40
2013.04.04 16:51:07.573,1.46095,1.46113,1.13,1.50
2013.04.04 16:51:07.763,1.46097,1.46116,1.50,2.40
2013.04.04 16:51:07.897,1.46097,1.46114,1.50,1.65
2013.04.04 16:51:08.151,1.46097,1.46114,1.50,1.50
2013.04.04 16:51:08.415,1.46098,1.46119,1.13,2.40
2013.04.04 16:51:08.872,1.46101,1.46119,1.13,1.50
2013.04.04 16:51:09.373,1.46105,1.46124,1.65,1.50
2013.04.04 16:51:09.807,1.46105,1.46123,1.65,1.50
2013.04.04 16:51:12.145,1.46104,1.46122,1.28,1.50
2013.04.04 16:51:12.275,1.46104,1.4612,1.28,1.28
2013.04.04 16:51:13.742,1.46102,1.46121,1.50,2.10
2013.04.04 16:51:13.865,1.46102,1.4612,1.50,2.93
2013.04.04 16:51:14.184,1.46094,1.46112,3.15,1.28
2013.04.04 16:51:14.801,1.46091,1.46111,3.75,1.28
2013.04.04 16:51:16.215,1.46091,1.46112,2.40,1.80
2013.04.04 16:51:16.284,1.46091,1.46111,2.40,1.35
2013.04.04 16:51:16.679,1.46087,1.46109,2.03,2.03
2013.04.04 16:51:16.873,1.46087,1.46106,1.28,1.28
2013.04.04 16:51:16.942,1.46087,1.46108,1.13,1.65
2013.04.04 16:51:17.014,1.46083,1.46104,1.50,1.65
2013.04.04 16:51:17.322,1.46079,1.46099,1.88,1.50
2013.04.04 16:51:17.503,1.46077,1.46098,1.05,2.40
2013.04.04 16:51:17.636,1.46077,1.46098,1.13,2.25
2013.04.04 16:51:17.703,1.46078,1.46098,1.13,1.50
2013.04.04 16:51:17.893,1.46078,1.46098,1.13,1.50
2013.04.04 16:51:18.024,1.46078,1.46099,1.13,1.50
2013.04.04 16:51:19.168,1.46077,1.46099,2.55,1.65
2013.04.04 16:51:19.364,1.46078,1.46098,1.13,1.50
2013.04.04 16:51:19.915,1.46083,1.46104,1.88,1.50
2013.04.04 16:51:20.103,1.46084,1.46107,1.65,1.65
2013.04.04 16:51:20.175,1.46084,1.46106,1.65,1.50
2013.04.04 16:51:20.693,1.46087,1.46107,1.88,1.50
2013.04.04 16:51:20.763,1.46087,1.46108,1.88,1.50
2013.04.04 16:51:21.412,1.46087,1.46107,1.50,1.13
2013.04.04 16:51:21.712,1.46078,1.46102,1.65,1.65
2013.04.04 16:51:21.892,1.46083,1.46102,1.13,1.50
2013.04.04 16:51:22.086,1.46084,1.46106,2.78,2.25
2013.04.04 16:51:22.156,1.46087,1.46106,1.88,1.50
2013.04.04 16:51:24.347,1.46087,1.46108,1.88,3.00
2013.04.04 16:51:24.592,1.46088,1.46108,2.03,2.25
2013.04.04 16:51:24.832,1.46088,1.46108,1.88,2.25
2013.04.04 16:51:25.422,1.46088,1.46107,1.13,1.50
2013.04.04 16:51:26.642,1.46087,1.46107,1.05,1.65
2013.04.04 16:51:26.705,1.46085,1.46108,2.55,2.40
2013.04.04 16:51:27.264,1.46085,1.46109,1.50,2.25
2013.04.04 16:51:27.582,1.46089,1.46112,1.65,1.50
2013.04.04 16:51:27.643,1.46091,1.46114,1.88,3.00
2013.04.04 16:51:28.244,1.46092,1.46112,1.50,1.65
2013.04.04 16:51:28.773,1.46089,1.46109,1.65,1.50
2013.04.04 16:51:29.084,1.4609,1.46108,1.50,1.50
2013.04.04 16:51:29.272,1.46089,1.46108,1.65,2.25
2013.04.04 16:51:29.773,1.46087,1.46108,1.65,2.25
2013.04.04 16:51:30.443,1.46087,1.46108,1.65,1.50
2013.04.04 16:51:30.561,1.46089,1.46112,1.05,1.43
2013.04.04 16:51:30.624,1.46093,1.46115,1.88,1.28
2013.04.04 16:51:30.871,1.46093,1.46118,1.88,1.43
2013.04.04 16:51:30.931,1.46107,1.4612,1.50,1.28
2013.04.04 16:51:31.053,1.46107,1.46123,1.65,1.50
2013.04.04 16:51:31.112,1.46107,1.46126,1.65,2.03
2013.04.04 16:51:31.232,1.46108,1.46126,1.13,2.03
2013.04.04 16:51:31.362,1.46108,1.46131,1.28,2.25
2013.04.04 16:51:31.625,1.46107,1.46132,1.28,1.28
2013.04.04 16:51:32.112,1.46108,1.4613,2.03,1.50
2013.04.04 16:51:34.143,1.46109,1.46132,1.65,1.28
2013.04.04 16:51:34.273,1.46108,1.46131,2.03,1.50
2013.04.04 16:51:34.402,1.46108,1.46131,2.03,1.50
2013.04.04 16:51:34.671,1.46108,1.46131,2.03,1.50
2013.04.04 16:51:34.972,1.46109,1.46132,1.65,1.28
2013.04.04 16:51:35.798,1.46108,1.46131,2.03,1.50
2013.04.04 16:51:39.681,1.46108,1.46131,1.05,1.65
2013.04.04 16:51:39.742,1.46108,1.46131,1.05,1.65
2013.04.04 16:51:41.524,1.46106,1.46125,2.63,1.80
2013.04.04 16:51:42.454,1.46106,1.46123,1.88,1.28
2013.04.04 16:51:42.707,1.46105,1.46123,1.65,1.28
2013.04.04 16:51:42.774,1.46104,1.46123,1.13,2.85
2013.04.04 16:51:43.081,1.46104,1.4612,1.13,1.35
2013.04.04 16:51:46.603,1.46103,1.46121,1.88,1.50
2013.04.04 16:51:46.732,1.46111,1.46123,1.28,1.50
2013.04.04 16:51:46.793,1.46114,1.46129,1.28,1.28
2013.04.04 16:51:46.863,1.46117,1.4613,1.43,1.28
2013.04.04 16:51:47.053,1.46119,1.46135,1.05,1.28
2013.04.04 16:51:47.205,1.46119,1.46139,1.05,2.55
2013.04.04 16:51:47.752,1.4612,1.46139,1.50,2.55
2013.04.04 16:51:49.692,1.46119,1.46139,1.05,2.03
2013.04.04 16:51:53.821,1.4615,1.46169,1.13,1.50
2013.04.04 16:51:54.143,1.4615,1.46168,1.13,1.28
2013.04.04 16:51:54.274,1.4615,1.46173,1.13,1.58
2013.04.04 16:51:54.341,1.4615,1.46175,1.13,1.13
2013.04.04 16:51:54.851,1.4615,1.46173,1.13,1.28
2013.04.04 16:51:56.112,1.46151,1.46173,1.50,2.25
2013.04.04 16:51:56.172,1.4615,1.46172,1.50,1.50
2013.04.04 16:51:56.292,1.46146,1.4617,1.65,1.50
2013.04.04 16:51:56.353,1.46146,1.46169,1.65,1.28
2013.04.04 16:51:56.664,1.46144,1.46159,1.13,2.18
2013.04.04 16:51:56.732,1.46137,1.46156,1.28,1.05
2013.04.04 16:51:56.792,1.46134,1.46156,1.65,1.80
2013.04.04 16:51:56.852,1.46133,1.46154,1.13,1.43
2013.04.04 16:51:56.912,1.46133,1.46148,1.13,1.28
2013.04.04 16:51:56.973,1.46133,1.46148,1.13,1.65
2013.04.04 16:51:57.043,1.46124,1.46145,2.63,1.13
2013.04.04 16:51:57.293,1.46124,1.46136,1.13,1.05
2013.04.04 16:51:57.832,1.46116,1.46136,1.13,1.05
2013.04.04 16:51:58.132,1.46115,1.46135,1.80,1.28
2013.04.04 16:51:58.322,1.46113,1.46134,1.50,2.25
2013.04.04 16:51:58.643,1.4613,1.46141,1.13,2.93
2013.04.04 16:51:58.712,1.46136,1.46151,1.13,1.13
2013.04.04 16:51:58.772,1.46136,1.46154,1.13,1.50
2013.04.04 16:51:58.833,1.46136,1.46155,3.00,2.25
2013.04.04 16:51:58.901,1.4614,1.46155,1.13,2.25
2013.04.04 16:51:59.142,1.4614,1.46161,1.13,1.28
2013.04.04 16:51:59.711,1.4614,1.46162,1.13,1.28
2013.04.04 16:52:00.162,1.46137,1.46161,3.15,1.28
2013.04.04 16:52:00.561,1.4614,1.46162,1.13,1.28
2013.04.04 16:52:00.993,1.4614,1.46159,1.50,1.50
2013.04.04 16:52:01.122,1.4614,1.46158,1.13,1.65
2013.04.04 16:52:01.244,1.46134,1.46158,2.40,1.65
2013.04.04 16:52:01.373,1.46134,1.46158,1.13,2.33
2013.04.04 16:52:01.442,1.46131,1.46155,2.55,1.05
2013.04.04 16:52:01.682,1.4613,1.46154,2.03,1.43
2013.04.04 16:52:01.923,1.4613,1.46153,1.88,1.88
2013.04.04 16:52:03.301,1.46126,1.46146,2.18,1.35
2013.04.04 16:52:03.718,1.46128,1.46147,1.50,1.50
2013.04.04 16:52:03.853,1.46138,1.46158,1.28,2.85
2013.04.04 16:52:04.291,1.4614,1.46161,1.65,1.35
2013.04.04 16:52:04.414,1.46137,1.46159,3.53,1.28
2013.04.04 16:52:05.700,1.46138,1.46158,1.50,2.44
2013.04.04 16:52:06.022,1.46124,1.46145,1.13,1.50
2013.04.04 16:52:06.740,1.46124,1.46147,1.88,1.28
2013.04.04 16:52:07.561,1.46124,1.46147,2.03,1.28
2013.04.04 16:52:07.742,1.46124,1.46148,2.78,2.03
2013.04.04 16:52:08.312,1.46124,1.46147,2.03,1.28
2013.04.04 16:52:08.612,1.46139,1.46158,2.63,1.13
2013.04.04 16:52:08.793,1.46139,1.46164,2.63,1.28
2013.04.04 16:52:09.112,1.46139,1.46163,2.63,1.28
2013.04.04 16:52:09.721,1.46139,1.46163,2.63,2.03
2013.04.04 16:52:10.233,1.46139,1.46163,2.63,2.55
2013.04.04 16:52:10.361,1.46136,1.46161,2.59,2.10
2013.04.04 16:52:10.481,1.46134,1.46157,2.40,2.03
2013.04.04 16:52:11.021,1.46132,1.46153,3.53,1.28
2013.04.04 16:52:11.812,1.46127,1.46151,2.78,1.50
2013.04.04 16:52:12.051,1.46127,1.46151,1.65,1.65
2013.04.04 16:52:12.256,1.46126,1.46149,2.03,1.43
2013.04.04 16:52:12.562,1.46139,1.46148,1.28,1.50
2013.04.04 16:52:12.802,1.46143,1.46161,1.65,2.10
2013.04.04 16:52:12.874,1.46143,1.46164,1.43,1.50
2013.04.04 16:52:12.942,1.46143,1.46166,1.43,1.13
2013.04.04 16:52:13.193,1.46144,1.46166,1.43,1.13
2013.04.04 16:52:13.262,1.46144,1.46167,1.65,2.03
2013.04.04 16:52:13.803,1.46142,1.4617,3.30,1.43
2013.04.04 16:52:14.351,1.46142,1.46168,2.78,1.28
2013.04.04 16:52:15.541,1.46143,1.46168,2.03,1.28
2013.04.04 16:52:15.661,1.46147,1.46169,1.50,1.50
2013.04.04 16:52:15.722,1.46147,1.46169,2.03,1.50
2013.04.04 16:52:17.297,1.4615,1.46168,1.28,1.28
2013.04.04 16:52:17.681,1.46149,1.46168,1.13,2.10
2013.04.04 16:52:17.982,1.46148,1.46165,1.13,2.03
2013.04.04 16:52:19.358,1.46148,1.46168,1.13,1.58
2013.04.04 16:52:19.432,1.46148,1.46165,1.13,1.35
2013.04.04 16:52:21.834,1.46146,1.46162,1.28,2.03
2013.04.04 16:52:21.903,1.46145,1.46162,1.05,2.03
2013.04.04 16:52:22.093,1.46145,1.46162,1.65,2.03
2013.04.04 16:52:22.428,1.46145,1.46162,1.65,2.03
2013.04.04 16:52:22.498,1.46144,1.46162,1.05,2.03
2013.04.04 16:52:22.703,1.46147,1.46162,1.13,2.03
2013.04.04 16:52:23.205,1.46153,1.46165,1.28,1.95
2013.04.04 16:52:23.272,1.46153,1.46168,1.28,1.50
2013.04.04 16:52:23.391,1.46153,1.46171,1.28,1.28
2013.04.04 16:52:23.692,1.46156,1.46172,2.03,1.05
2013.04.04 16:52:23.933,1.46157,1.46176,1.28,2.78
2013.04.04 16:52:24.554,1.46157,1.46176,1.80,2.78
2013.04.04 16:52:25.101,1.46155,1.46172,1.13,1.05
2013.04.04 16:52:25.401,1.46151,1.46172,2.25,1.39
2013.04.04 16:52:25.462,1.4615,1.46164,1.65,1.28
2013.04.04 16:52:25.764,1.46152,1.46168,1.13,1.80
2013.04.04 16:52:25.954,1.4615,1.46168,1.05,1.50
2013.04.04 16:52:26.023,1.46147,1.46165,2.40,1.35
2013.04.04 16:52:26.092,1.46146,1.46163,1.65,1.28
2013.04.04 16:52:26.213,1.46144,1.4616,1.28,1.35
2013.04.04 16:52:26.523,1.46143,1.46157,1.13,1.35
2013.04.04 16:52:26.833,1.46139,1.46155,1.65,2.03
2013.04.04 16:52:27.814,1.46139,1.46155,1.13,1.05
2013.04.04 16:52:29.922,1.46138,1.46161,2.40,1.80
2013.04.04 16:52:29.991,1.46147,1.46167,1.28,1.13
2013.04.04 16:52:30.172,1.46154,1.46171,1.13,1.65
2013.04.04 16:52:30.865,1.46154,1.46173,1.88,2.10
2013.04.04 16:52:33.042,1.46154,1.46171,1.88,1.28
2013.04.04 16:52:37.601,1.46154,1.46171,1.13,1.28
2013.04.04 16:52:37.664,1.46153,1.4617,1.05,1.28
2013.04.04 16:52:40.353,1.4615,1.46162,1.05,1.28
2013.04.04 16:52:41.354,1.46147,1.46161,1.13,1.28
2013.04.04 16:52:42.492,1.46147,1.46161,1.28,1.28
2013.04.04 16:52:43.201,1.46147,1.46162,1.13,1.28
2013.04.04 16:52:43.766,1.46147,1.46158,1.13,1.28
2013.04.04 16:52:44.332,1.46147,1.46158,1.13,1.28
2013.04.04 16:52:44.392,1.46144,1.46154,1.13,1.28
2013.04.04 16:52:45.106,1.46139,1.46154,1.05,1.28
2013.04.04 16:52:45.180,1.46135,1.46153,1.13,1.05
2013.04.04 16:52:47.062,1.46135,1.46149,1.28,1.05
2013.04.04 16:52:47.318,1.46128,1.46139,1.13,1.28
2013.04.04 16:52:49.558,1.46128,1.46141,1.13,1.28
2013.04.04 16:52:49.684,1.46119,1.46139,1.28,1.28
2013.04.04 16:52:49.882,1.46115,1.4613,1.13,1.28
2013.04.04 16:52:50.642,1.46114,1.46131,1.28,1.28
2013.04.04 16:52:50.823,1.46119,1.46133,1.28,1.50
2013.04.04 16:52:51.063,1.46117,1.46136,2.18,1.50
2013.04.04 16:52:51.133,1.46117,1.46136,1.28,2.40
2013.04.04 16:52:51.202,1.46115,1.46133,1.50,1.13
2013.04.04 16:52:51.263,1.46112,1.46133,1.65,1.13
2013.04.04 16:52:51.391,1.4611,1.4613,1.88,1.28
2013.04.04 16:52:52.112,1.4611,1.46127,1.13,1.28
2013.04.04 16:52:52.172,1.46108,1.46127,1.80,1.28
2013.04.04 16:52:52.232,1.46106,1.46127,2.25,1.28
2013.04.04 16:52:52.352,1.46106,1.46123,1.88,1.28
2013.04.04 16:52:52.412,1.46106,1.46123,1.13,1.28
2013.04.04 16:52:52.472,1.46106,1.46124,1.88,1.28
2013.04.04 16:52:52.531,1.46106,1.46125,1.88,1.28
2013.04.04 16:52:52.651,1.46104,1.46125,1.05,1.28
2013.04.04 16:52:52.713,1.46105,1.46125,1.65,1.80
2013.04.04 16:52:52.903,1.46103,1.4612,1.13,1.50
2013.04.04 16:52:52.972,1.46101,1.4612,1.88,1.50
2013.04.04 16:52:53.273,1.46098,1.46122,1.13,3.04
2013.04.04 16:52:53.452,1.46094,1.46114,1.05,1.50
2013.04.04 16:52:53.511,1.46093,1.46114,1.05,1.50
2013.04.04 16:52:53.951,1.46093,1.46114,1.65,2.03
2013.04.04 16:52:56.254,1.461,1.46115,1.20,1.50
2013.04.04 16:52:56.326,1.46106,1.46123,1.13,1.50
2013.04.04 16:52:56.393,1.46102,1.46122,2.18,1.50
2013.04.04 16:52:56.642,1.46102,1.46122,2.18,1.50
2013.04.04 16:52:57.723,1.461,1.46119,1.65,1.50
2013.04.04 16:52:57.792,1.46102,1.46121,1.13,1.50
2013.04.04 16:52:57.853,1.461,1.46121,1.88,2.03
2013.04.04 16:52:57.983,1.46099,1.46116,1.65,1.50
2013.04.04 16:52:58.291,1.46098,1.46116,1.28,1.50
2013.04.04 16:52:59.355,1.46101,1.46123,1.65,2.18
2013.04.04 16:52:59.423,1.46103,1.46123,1.13,2.78
2013.04.04 16:52:59.602,1.46103,1.46123,1.65,1.28
2013.04.04 16:52:59.722,1.46103,1.46126,1.65,2.78
2013.04.04 16:53:00.203,1.46099,1.46118,1.05,1.50
2013.04.04 16:53:01.063,1.46101,1.4612,1.13,1.50
2013.04.04 16:53:01.363,1.46101,1.4612,1.13,1.50
2013.04.04 16:53:01.493,1.46104,1.46121,1.13,1.50
2013.04.04 16:53:01.864,1.46104,1.46122,1.65,1.28
2013.04.04 16:53:01.932,1.46101,1.46114,1.13,1.50
2013.04.04 16:53:03.403,1.46099,1.46118,1.05,1.28
2013.04.04 16:53:03.845,1.46094,1.46114,1.28,1.28
2013.04.04 16:53:07.895,1.46098,1.46121,1.65,1.50
2013.04.04 16:53:08.623,1.46101,1.46124,1.88,1.50
2013.04.04 16:53:08.693,1.46099,1.4612,1.65,1.65
2013.04.04 16:53:08.942,1.46094,1.46116,1.50,1.28
2013.04.04 16:53:10.413,1.46094,1.46115,1.88,1.50
2013.04.04 16:53:10.542,1.46097,1.46117,1.88,1.50
2013.04.04 16:53:13.040,1.46097,1.46119,1.13,1.50
2013.04.04 16:53:13.104,1.46096,1.46118,1.65,1.65
2013.04.04 16:53:13.174,1.46095,1.46118,1.80,1.65
2013.04.04 16:53:15.335,1.46092,1.46109,1.50,1.50
2013.04.04 16:53:15.466,1.46085,1.46106,1.65,1.50
2013.04.04 16:53:15.534,1.46083,1.46107,2.63,1.50
2013.04.04 16:53:18.315,1.46083,1.46101,1.73,1.50
2013.04.04 16:53:18.443,1.4608,1.46101,2.63,1.50
2013.04.04 16:53:19.182,1.46075,1.46098,3.38,1.09
2013.04.04 16:53:19.836,1.46077,1.46096,1.05,1.88
2013.04.04 16:53:20.114,1.46075,1.46093,1.28,1.50
2013.04.04 16:53:20.243,1.46078,1.46096,1.50,2.25
2013.04.04 16:53:20.554,1.46074,1.46095,1.13,1.50
2013.04.04 16:53:20.863,1.46072,1.46093,2.18,1.50
2013.04.04 16:53:20.934,1.46074,1.46096,1.13,3.00
2013.04.04 16:53:21.003,1.46074,1.46096,1.13,3.53
2013.04.04 16:53:22.456,1.4608,1.461,1.13,2.40
2013.04.04 16:53:23.014,1.46083,1.46104,1.65,1.50
2013.04.04 16:53:23.272,1.46081,1.46105,1.80,3.15
2013.04.04 16:53:23.583,1.4608,1.461,1.65,1.50
2013.04.04 16:53:23.776,1.46079,1.46102,1.65,1.65
2013.04.04 16:53:24.146,1.4608,1.46102,1.65,1.65
2013.04.04 16:53:24.216,1.4608,1.46102,1.65,1.65
2013.04.04 16:53:27.357,1.46081,1.46104,2.25,1.65
2013.04.04 16:53:27.427,1.46083,1.46104,1.88,1.50
2013.04.04 16:53:27.493,1.46083,1.46104,2.40,1.50
2013.04.04 16:53:27.835,1.46084,1.46104,1.13,1.50
2013.04.04 16:53:27.904,1.46084,1.46104,1.13,1.50
2013.04.04 16:53:27.974,1.46087,1.46107,1.13,1.50
2013.04.04 16:53:28.106,1.46083,1.46107,1.95,1.88
2013.04.04 16:53:28.414,1.46079,1.46099,1.80,1.50
2013.04.04 16:53:28.484,1.4608,1.46099,1.88,1.50
2013.04.04 16:53:28.700,1.46082,1.46099,1.05,1.50
2013.04.04 16:53:29.193,1.46078,1.46101,1.05,3.00
2013.04.04 16:53:29.312,1.46076,1.46098,1.43,1.50
2013.04.04 16:53:30.406,1.46079,1.46098,1.13,1.50
2013.04.04 16:53:30.474,1.46079,1.46098,1.13,1.50
2013.04.04 16:53:31.318,1.46078,1.46098,1.65,1.50
2013.04.04 16:53:31.457,1.46076,1.46098,1.43,1.50
2013.04.04 16:53:32.350,1.46078,1.46098,1.28,1.50
2013.04.04 16:53:33.954,1.46082,1.46103,2.40,1.50
2013.04.04 16:53:34.024,1.46083,1.46103,1.13,1.50
2013.04.04 16:53:34.153,1.46083,1.46104,1.65,2.25
2013.04.04 16:53:34.226,1.46081,1.461,1.65,1.50
2013.04.04 16:53:34.742,1.4608,1.46105,1.13,2.18
2013.04.04 16:53:35.162,1.4608,1.46104,1.13,1.13
2013.04.04 16:53:35.284,1.46077,1.46101,1.88,1.50
2013.04.04 16:53:36.443,1.46078,1.46101,2.40,1.65
2013.04.04 16:53:37.284,1.46078,1.46101,2.63,1.65
2013.04.04 16:53:39.394,1.46075,1.46094,1.65,1.13
2013.04.04 16:53:39.464,1.46073,1.46094,3.00,1.13
2013.04.04 16:53:39.835,1.46073,1.46095,1.13,1.50
2013.04.04 16:53:39.964,1.46074,1.46096,1.28,1.50
2013.04.04 16:53:40.039,1.46077,1.46098,1.13,1.50
2013.04.04 16:53:40.109,1.4608,1.46098,1.65,1.50
2013.04.04 16:53:40.385,1.4608,1.46104,1.65,2.40
2013.04.04 16:53:40.461,1.46081,1.46104,1.50,1.65
2013.04.04 16:53:40.533,1.46078,1.46104,1.65,1.65
2013.04.04 16:53:40.663,1.4608,1.46099,1.50,1.13
2013.04.04 16:53:40.735,1.46078,1.46099,2.25,1.88
2013.04.04 16:53:40.804,1.46078,1.46099,2.25,1.88
2013.04.04 16:53:40.874,1.46077,1.46099,1.50,2.40
2013.04.04 16:53:41.241,1.46072,1.46096,2.40,1.43
2013.04.04 16:53:41.743,1.46071,1.46095,1.88,2.25
2013.04.04 16:53:42.564,1.46071,1.46094,1.13,1.50
2013.04.04 16:53:43.923,1.46073,1.46095,2.40,2.03
2013.04.04 16:53:43.992,1.46075,1.46095,2.03,2.03
2013.04.04 16:53:44.175,1.46078,1.46098,1.50,1.50
2013.04.04 16:53:44.302,1.46078,1.46098,1.28,1.50
2013.04.04 16:53:44.422,1.46076,1.46098,1.13,1.88
2013.04.04 16:53:44.483,1.46076,1.46098,1.13,2.63
2013.04.04 16:53:45.092,1.4607,1.46095,1.13,1.65
2013.04.04 16:53:45.223,1.46072,1.46091,1.13,1.50
2013.04.04 16:53:45.293,1.4607,1.46091,1.65,1.50
2013.04.04 16:53:45.412,1.46068,1.46091,2.40,1.50
2013.04.04 16:53:45.903,1.46071,1.46091,1.50,1.50
2013.04.04 16:53:46.263,1.46071,1.46091,1.88,1.50
2013.04.04 16:53:47.883,1.46068,1.46091,2.55,2.25
2013.04.04 16:53:52.152,1.46068,1.4609,1.65,1.50
2013.04.04 16:53:52.692,1.46068,1.46089,2.40,1.28
2013.04.04 16:53:53.244,1.46068,1.46089,2.40,1.28
2013.04.04 16:53:53.533,1.46072,1.46089,1.65,1.28
2013.04.04 16:53:53.843,1.46078,1.461,1.28,1.28
2013.04.04 16:53:54.153,1.46078,1.46099,1.88,1.65
2013.04.04 16:53:55.975,1.46077,1.46098,1.50,1.43
2013.04.04 16:53:56.235,1.46078,1.461,1.13,1.50
2013.04.04 16:53:56.626,1.46078,1.46101,1.88,2.18
2013.04.04 16:53:57.966,1.46078,1.46101,1.88,2.18
2013.04.04 16:53:58.234,1.46084,1.46105,1.13,1.50
2013.04.04 16:53:58.363,1.46083,1.46104,1.65,1.88
2013.04.04 16:53:58.616,1.46076,1.46095,2.25,1.88
2013.04.04 16:53:58.875,1.46069,1.46091,2.40,1.50
2013.04.04 16:53:59.362,1.46068,1.46094,2.78,1.65
2013.04.04 16:53:59.553,1.46068,1.46094,2.78,1.65
2013.04.04 16:54:00.093,1.46069,1.46094,1.13,1.50
2013.04.04 16:54:00.162,1.46072,1.46094,1.13,1.50
2013.04.04 16:54:00.592,1.46075,1.46095,1.13,1.28
2013.04.04 16:54:01.192,1.46075,1.461,1.13,3.53
2013.04.04 16:54:03.243,1.46076,1.461,1.88,3.53
2013.04.04 16:54:03.628,1.46075,1.46095,2.03,1.50
2013.04.04 16:54:03.698,1.46075,1.46095,1.05,1.50
2013.04.04 16:54:03.765,1.46075,1.46094,1.05,1.50
2013.04.04 16:54:03.836,1.46075,1.46096,1.05,2.25
2013.04.04 16:54:03.963,1.46074,1.46095,1.28,3.00
2013.04.04 16:54:05.642,1.46072,1.46094,2.03,1.50
2013.04.04 16:54:05.702,1.46077,1.46094,1.13,1.50
2013.04.04 16:54:05.943,1.46073,1.46094,1.88,1.50
2013.04.04 16:54:07.623,1.46073,1.46094,1.88,1.50
2013.04.04 16:54:07.693,1.46076,1.46094,1.13,1.50
2013.04.04 16:54:07.896,1.46076,1.46098,1.65,1.65
2013.04.04 16:54:07.962,1.46079,1.46098,1.13,2.18
2013.04.04 16:54:08.713,1.46074,1.46098,1.50,2.93
2013.04.04 16:54:09.355,1.46075,1.46098,1.13,1.50
2013.04.04 16:54:09.545,1.46078,1.46098,1.28,1.50
2013.04.04 16:54:11.733,1.46076,1.46093,1.13,1.50
2013.04.04 16:54:11.803,1.46075,1.46093,2.40,1.65
2013.04.04 16:54:11.873,1.46075,1.46092,1.50,1.65
2013.04.04 16:54:11.993,1.46073,1.46093,1.28,1.09
2013.04.04 16:54:12.062,1.46071,1.46093,1.05,1.62
2013.04.04 16:54:12.242,1.46072,1.46093,1.13,1.09
2013.04.04 16:54:12.496,1.46076,1.46094,2.40,1.50
2013.04.04 16:54:12.934,1.46073,1.46096,2.03,2.03
2013.04.04 16:54:13.444,1.46073,1.46096,1.88,1.28
2013.04.04 16:54:13.802,1.46073,1.46096,1.88,1.28
2013.04.04 16:54:14.311,1.46073,1.46096,1.88,1.28
2013.04.04 16:54:15.603,1.46075,1.4609,1.13,1.50
2013.04.04 16:54:15.854,1.4607,1.46089,1.80,1.28
2013.04.04 16:54:15.924,1.4607,1.46089,1.65,2.03
2013.04.04 16:54:15.994,1.46068,1.46089,1.28,2.03
2013.04.04 16:54:16.682,1.4607,1.46089,1.13,2.03
2013.04.04 16:54:16.742,1.4607,1.46089,1.13,2.03
2013.04.04 16:54:16.803,1.46073,1.46089,1.28,2.03
2013.04.04 16:54:17.002,1.4607,1.46089,1.50,1.43
2013.04.04 16:54:17.184,1.46064,1.46088,1.88,1.50
2013.04.04 16:54:17.254,1.46064,1.46088,1.65,1.88
2013.04.04 16:54:18.412,1.46063,1.46088,1.43,1.88
2013.04.04 16:54:18.492,1.46066,1.46088,1.13,2.03
2013.04.04 16:54:22.137,1.46065,1.46084,1.28,1.50
2013.04.04 16:54:25.436,1.46067,1.46089,1.13,2.25
2013.04.04 16:54:28.813,1.46066,1.46089,1.80,2.40
2013.04.04 16:54:29.003,1.46065,1.46088,1.65,1.65
2013.04.04 16:54:30.063,1.46066,1.46088,1.13,2.25
2013.04.04 16:54:30.184,1.4607,1.46088,1.13,1.50
2013.04.04 16:54:30.376,1.46073,1.46091,1.13,1.50
2013.04.04 16:54:30.443,1.46076,1.46095,1.13,1.50
2013.04.04 16:54:30.684,1.46073,1.46093,2.03,1.58
2013.04.04 16:54:30.754,1.46073,1.46091,1.05,1.58
2013.04.04 16:54:31.003,1.46071,1.46089,1.88,1.28
2013.04.04 16:54:31.203,1.46068,1.46089,2.40,1.43
2013.04.04 16:54:31.264,1.46067,1.46085,1.65,1.28
2013.04.04 16:54:31.333,1.46066,1.46084,1.65,1.28
2013.04.04 16:54:31.393,1.46066,1.46084,1.65,2.10
2013.04.04 16:54:31.642,1.46061,1.46081,3.68,1.50
2013.04.04 16:54:34.332,1.46061,1.46082,2.03,2.03
2013.04.04 16:54:34.393,1.46064,1.46082,1.50,1.28
2013.04.04 16:54:35.435,1.46071,1.46094,1.28,1.05
2013.04.04 16:54:35.575,1.46071,1.46093,1.13,1.88
2013.04.04 16:54:35.704,1.46073,1.46096,1.65,1.65
2013.04.04 16:54:36.014,1.46067,1.46089,1.65,1.50
2013.04.04 16:54:36.323,1.46068,1.46089,2.03,1.50
2013.04.04 16:54:36.396,1.46071,1.46089,1.13,1.50
2013.04.04 16:54:36.463,1.4607,1.46091,1.50,1.65
2013.04.04 16:54:36.535,1.46069,1.46093,1.28,1.65
2013.04.04 16:54:36.604,1.46069,1.46093,1.28,1.65
2013.04.04 16:54:36.672,1.46068,1.46094,1.43,2.78
2013.04.04 16:54:36.802,1.4607,1.46094,1.50,2.40
2013.04.04 16:54:37.162,1.4607,1.46094,1.88,1.65
2013.04.04 16:54:37.222,1.4607,1.46094,1.88,1.65
2013.04.04 16:54:37.652,1.46073,1.46094,1.50,1.13
2013.04.04 16:54:37.728,1.46073,1.46097,2.25,2.40
2013.04.04 16:54:37.796,1.46075,1.46097,1.88,1.50
2013.04.04 16:54:37.865,1.46076,1.46099,3.15,1.80
2013.04.04 16:54:38.064,1.46076,1.46094,2.25,1.65
2013.04.04 16:54:38.193,1.46076,1.46096,1.13,1.28
2013.04.04 16:54:38.503,1.46076,1.46096,1.28,1.50
2013.04.04 16:54:38.694,1.46076,1.46098,1.28,1.50
2013.04.04 16:54:40.166,1.46076,1.46099,1.88,2.18
2013.04.04 16:54:40.402,1.46076,1.46099,1.13,2.18
2013.04.04 16:54:41.164,1.46075,1.46094,1.28,1.50
2013.04.04 16:54:41.354,1.46073,1.46092,1.65,1.13
2013.04.04 16:54:41.424,1.46069,1.46091,1.50,1.65
2013.04.04 16:54:41.614,1.46067,1.4609,2.40,1.50
2013.04.04 16:54:41.684,1.46067,1.46088,3.15,1.28
2013.04.04 16:54:41.814,1.46069,1.46092,2.25,3.30
2013.04.04 16:54:42.127,1.46072,1.46092,1.50,1.28
2013.04.04 16:54:42.434,1.46074,1.46093,1.65,1.50
2013.04.04 16:54:42.943,1.46074,1.46095,1.65,1.13
2013.04.04 16:54:43.564,1.46076,1.46095,1.65,1.13
2013.04.04 16:54:44.129,1.46074,1.46095,1.65,1.13
2013.04.04 16:54:45.534,1.46074,1.46094,2.40,1.50
2013.04.04 16:54:47.243,1.46074,1.46094,1.88,1.50
2013.04.04 16:54:47.934,1.46074,1.46093,1.88,1.50
2013.04.04 16:54:48.003,1.46072,1.46093,2.40,2.25
2013.04.04 16:54:48.125,1.46072,1.46092,2.25,1.13
2013.04.04 16:54:48.193,1.46072,1.46092,1.50,1.88
2013.04.04 16:54:48.262,1.46069,1.46091,3.30,1.65
2013.04.04 16:54:48.323,1.46069,1.46091,3.30,1.65
2013.04.04 16:54:48.913,1.4607,1.46091,1.13,1.50
2013.04.04 16:54:49.093,1.46071,1.46092,1.13,1.50
2013.04.04 16:54:49.168,1.46072,1.46093,1.88,2.63
2013.04.04 16:54:50.254,1.46074,1.46094,1.13,1.50
2013.04.04 16:54:52.435,1.46072,1.46094,1.65,1.65
2013.04.04 16:54:52.802,1.46072,1.46094,2.40,1.65
2013.04.04 16:54:52.863,1.46072,1.46094,1.65,1.65
2013.04.04 16:54:53.653,1.46073,1.46094,1.88,2.25
2013.04.04 16:54:57.153,1.46074,1.46095,1.65,1.65
2013.04.04 16:54:57.345,1.46073,1.46093,1.65,1.65
2013.04.04 16:54:58.003,1.46072,1.46093,1.65,1.65
2013.04.04 16:55:00.114,1.46073,1.46094,1.65,1.65
2013.04.04 16:55:00.245,1.46078,1.46097,1.65,1.65
2013.04.04 16:55:00.317,1.46079,1.461,1.65,1.13
2013.04.04 16:55:00.444,1.46081,1.461,1.13,1.13
2013.04.04 16:55:00.993,1.46083,1.46102,1.65,1.13
2013.04.04 16:55:01.183,1.46082,1.461,1.50,1.88
2013.04.04 16:55:01.252,1.4608,1.461,2.40,1.88
2013.04.04 16:55:04.492,1.4608,1.46104,3.15,2.93
2013.04.04 16:55:04.614,1.46083,1.46104,1.65,1.28
2013.04.04 16:55:04.685,1.46083,1.46104,1.65,1.28
2013.04.04 16:55:05.234,1.46084,1.46105,1.65,1.43
2013.04.04 16:55:05.684,1.46083,1.46104,3.15,2.18
2013.04.04 16:55:07.013,1.46082,1.46103,2.40,1.50
2013.04.04 16:55:09.263,1.46085,1.46104,1.13,1.28
2013.04.04 16:55:09.323,1.46086,1.46106,3.15,2.10
2013.04.04 16:55:09.394,1.46086,1.46106,3.15,1.28
2013.04.04 16:55:10.324,1.46086,1.46108,2.25,3.75
2013.04.04 16:55:11.019,1.46086,1.46106,1.50,1.43
2013.04.04 16:55:11.374,1.46088,1.46106,1.13,1.28
2013.04.04 16:55:11.444,1.46089,1.46107,1.13,1.28
2013.04.04 16:55:11.512,1.4609,1.4611,1.65,1.28
2013.04.04 16:55:12.573,1.4609,1.46114,2.40,4.05
2013.04.04 16:55:13.378,1.4609,1.46112,2.40,1.28
2013.04.04 16:55:13.733,1.46091,1.46114,1.65,2.78
2013.04.04 16:55:15.643,1.46092,1.46114,1.13,2.25
2013.04.04 16:55:15.954,1.46103,1.46124,1.88,2.25
2013.04.04 16:55:16.464,1.46105,1.46129,2.40,3.53
2013.04.04 16:55:16.893,1.46105,1.46128,1.65,1.65
2013.04.04 16:55:17.432,1.46103,1.46123,1.88,2.03
2013.04.04 16:55:22.153,1.46103,1.46124,1.13,1.13
2013.04.04 16:55:23.361,1.46104,1.46124,1.65,1.13
2013.04.04 16:55:23.872,1.46107,1.46124,1.65,1.13
2013.04.04 16:55:23.992,1.46107,1.46124,1.50,1.13
2013.04.04 16:55:25.492,1.46103,1.46124,1.28,2.03
2013.04.04 16:55:27.608,1.46102,1.46122,1.50,1.28
2013.04.04 16:55:28.601,1.46101,1.46121,1.50,1.05
2013.04.04 16:55:34.810,1.46099,1.46121,1.65,1.80
2013.04.04 16:55:35.896,1.46106,1.46122,1.13,1.35
2013.04.04 16:55:35.962,1.46106,1.46125,1.65,2.40
2013.04.04 16:55:36.022,1.46104,1.46127,2.55,1.43
2013.04.04 16:55:36.571,1.46104,1.46129,2.40,2.55
2013.04.04 16:55:36.753,1.46104,1.46129,1.50,3.53
2013.04.04 16:55:39.212,1.46104,1.46127,1.65,2.25
2013.04.04 16:55:39.571,1.46103,1.46125,1.65,1.28
2013.04.04 16:55:39.881,1.46104,1.46127,1.65,2.25
2013.04.04 16:55:40.131,1.46101,1.46125,1.65,1.28
2013.04.04 16:55:41.792,1.46104,1.46127,1.65,2.25
2013.04.04 16:55:43.462,1.46104,1.46125,1.65,1.28
2013.04.04 16:55:43.773,1.46104,1.46124,1.65,1.50
2013.04.04 16:55:44.524,1.46104,1.46125,1.65,1.28
2013.04.04 16:55:45.964,1.46104,1.46125,1.65,1.35
2013.04.04 16:55:46.591,1.461,1.46125,2.78,2.03
2013.04.04 16:55:46.952,1.46104,1.46126,1.65,1.13
2013.04.04 16:55:47.024,1.46107,1.46126,1.13,1.13
2013.04.04 16:55:47.452,1.46107,1.46128,1.88,1.13
2013.04.04 16:55:51.502,1.46107,1.46129,1.88,1.28
2013.04.04 16:55:51.621,1.46109,1.4613,1.13,1.05
2013.04.04 16:55:55.503,1.46109,1.46129,1.13,1.28
2013.04.04 16:55:57.102,1.46109,1.4613,1.13,4.43
2013.04.04 16:55:57.226,1.46107,1.46123,1.05,2.25
2013.04.04 16:55:57.415,1.46101,1.46123,1.13,2.78
2013.04.04 16:55:58.569,1.46102,1.46123,1.88,2.03
2013.04.04 16:55:58.883,1.46104,1.46124,1.13,1.50
2013.04.04 16:55:59.185,1.461,1.46119,1.50,1.50
2013.04.04 16:55:59.385,1.46098,1.46116,1.50,1.28
2013.04.04 16:55:59.457,1.46096,1.46116,1.65,1.28
2013.04.04 16:55:59.971,1.46096,1.46115,1.65,1.88
2013.04.04 16:56:02.785,1.46096,1.46116,2.78,1.28
2013.04.04 16:56:03.320,1.46096,1.46116,2.78,1.28
2013.04.04 16:56:03.822,1.46096,1.46117,2.78,1.28
2013.04.04 16:56:04.126,1.461,1.4612,1.65,1.50
2013.04.04 16:56:04.193,1.46102,1.46121,1.13,1.88
2013.04.04 16:56:04.813,1.46102,1.46122,1.13,2.78
2013.04.04 16:56:05.854,1.46102,1.46122,1.13,2.25
2013.04.04 16:56:06.342,1.46104,1.46125,1.88,1.50
2013.04.04 16:56:08.722,1.46104,1.46126,1.88,1.28
2013.04.04 16:56:10.372,1.46107,1.46127,1.13,1.28
2013.04.04 16:56:10.618,1.46107,1.46129,1.88,1.28
2013.04.04 16:56:14.381,1.46107,1.46129,1.88,2.78
2013.04.04 16:56:14.563,1.46106,1.46128,2.40,1.50
2013.04.04 16:56:14.752,1.46106,1.46129,1.65,2.18
2013.04.04 16:56:15.672,1.46106,1.46128,1.65,2.25
2013.04.04 16:56:16.034,1.46104,1.46123,1.32,1.50
2013.04.04 16:56:16.105,1.46103,1.46123,1.69,2.40
2013.04.04 16:56:16.354,1.46101,1.46121,1.88,1.50
2013.04.04 16:56:16.423,1.46105,1.46125,1.13,1.50
2013.04.04 16:56:16.494,1.46105,1.46125,1.13,3.00
2013.04.04 16:56:16.922,1.46101,1.46121,1.13,1.50
2013.04.04 16:56:17.043,1.46101,1.46123,1.13,1.50
2013.04.04 16:56:17.163,1.46104,1.46126,1.05,1.43
2013.04.04 16:56:17.473,1.46104,1.46121,1.84,1.50
2013.04.04 16:56:18.023,1.46101,1.46122,1.88,1.50
2013.04.04 16:56:18.526,1.46101,1.46123,1.88,1.50
2013.04.04 16:56:18.742,1.46101,1.46123,1.88,1.50
2013.04.04 16:56:19.242,1.46101,1.46123,1.13,1.50
2013.04.04 16:56:20.324,1.461,1.46122,1.13,1.28
2013.04.04 16:56:20.400,1.46099,1.4612,1.65,1.28
2013.04.04 16:56:20.933,1.461,1.4612,1.24,1.28
2013.04.04 16:56:21.111,1.46103,1.46125,1.24,1.50
2013.04.04 16:56:24.348,1.46103,1.46126,1.13,2.03
2013.04.04 16:56:24.412,1.46107,1.46128,1.88,2.33
2013.04.04 16:56:24.472,1.46107,1.46128,1.88,1.50
2013.04.04 16:56:25.029,1.46112,1.46129,1.13,1.50
2013.04.04 16:56:25.283,1.4611,1.46129,2.40,1.50
2013.04.04 16:56:27.602,1.46111,1.4613,1.13,1.88
2013.04.04 16:56:29.423,1.4611,1.4613,2.63,1.88
2013.04.04 16:56:30.037,1.46111,1.46129,1.13,1.13
2013.04.04 16:56:30.933,1.4611,1.46129,1.65,1.13
2013.04.04 16:56:31.056,1.46107,1.46128,2.18,1.65
2013.04.04 16:56:31.244,1.46104,1.46126,1.65,1.65
2013.04.04 16:56:32.080,1.46104,1.46126,1.65,1.65
2013.04.04 16:56:32.754,1.46105,1.46127,1.65,1.50
2013.04.04 16:56:33.242,1.46106,1.46128,2.40,1.13
2013.04.04 16:56:33.302,1.46109,1.46128,1.50,1.13
2013.04.04 16:56:33.865,1.46109,1.46129,1.50,2.40
2013.04.04 16:56:34.382,1.46107,1.46129,1.65,2.40
2013.04.04 16:56:34.803,1.46111,1.46129,1.50,1.65
2013.04.04 16:56:35.163,1.46113,1.46133,1.13,1.50
2013.04.04 16:56:35.343,1.46112,1.46135,1.50,9.15
2013.04.04 16:56:35.584,1.46109,1.46132,2.40,1.13
2013.04.04 16:56:35.832,1.4611,1.4613,1.50,1.43
2013.04.04 16:56:36.132,1.46113,1.46134,1.50,3.15
2013.04.04 16:56:36.313,1.46113,1.46135,2.63,2.25
2013.04.04 16:56:43.384,1.46116,1.46137,1.65,2.03
2013.04.04 16:56:44.862,1.46115,1.46135,1.65,1.50
2013.04.04 16:56:47.719,1.46115,1.46136,2.40,1.28
2013.04.04 16:56:47.973,1.46114,1.46134,1.65,1.13
2013.04.04 16:56:48.694,1.46115,1.46136,2.40,1.28
2013.04.04 16:56:49.054,1.46117,1.46136,1.65,1.13
2013.04.04 16:56:49.372,1.4612,1.46143,1.13,2.40
2013.04.04 16:56:49.433,1.46122,1.46143,2.40,2.40
2013.04.04 16:56:49.793,1.46126,1.46143,1.50,1.13
2013.04.04 16:56:50.104,1.46127,1.46148,1.50,1.65
2013.04.04 16:56:52.583,1.46126,1.46149,2.25,3.38
2013.04.04 16:56:52.763,1.46126,1.46149,1.50,4.88
2013.04.04 16:56:53.283,1.46125,1.46145,1.65,1.13
2013.04.04 16:56:56.155,1.46125,1.46145,1.65,1.88
2013.04.04 16:56:59.214,1.46125,1.46144,1.65,1.13
2013.04.04 16:57:01.203,1.46127,1.46147,2.03,1.88
2013.04.04 16:57:01.692,1.46133,1.46152,1.50,1.88
2013.04.04 16:57:02.203,1.46133,1.46152,1.50,1.13
2013.04.04 16:57:02.493,1.46133,1.46152,1.50,1.13
2013.04.04 16:57:05.323,1.46133,1.46153,1.65,1.28
2013.04.04 16:57:05.742,1.46135,1.46155,1.50,1.50
2013.04.04 16:57:06.163,1.46135,1.46156,1.50,2.63
2013.04.04 16:57:06.234,1.46135,1.46156,1.50,1.13
2013.04.04 16:57:06.302,1.46135,1.46156,1.50,1.13
2013.04.04 16:57:06.553,1.46135,1.46157,1.65,2.03
2013.04.04 16:57:06.686,1.46134,1.46157,2.40,2.03
2013.04.04 16:57:06.873,1.46136,1.46157,1.13,2.40
2013.04.04 16:57:07.233,1.46137,1.46157,2.40,2.40
2013.04.04 16:57:07.484,1.46136,1.46157,2.63,1.13
2013.04.04 16:57:08.286,1.46137,1.46159,1.65,2.40
2013.04.04 16:57:09.878,1.46138,1.46159,1.65,1.65
2013.04.04 16:57:10.392,1.46136,1.46159,3.38,2.40
2013.04.04 16:57:10.943,1.4614,1.46162,1.65,3.30
2013.04.04 16:57:11.004,1.46138,1.46161,2.40,1.50
2013.04.04 16:57:11.322,1.46142,1.46162,2.40,2.40
2013.04.04 16:57:12.575,1.46142,1.46162,1.50,2.55
2013.04.04 16:57:12.905,1.46138,1.46161,3.15,1.50
2013.04.04 16:57:13.214,1.46136,1.46156,1.88,1.50
2013.04.04 16:57:13.405,1.46139,1.46158,1.50,1.88
2013.04.04 16:57:13.474,1.46141,1.4616,1.80,1.13
2013.04.04 16:57:14.046,1.46141,1.4616,1.80,1.13
2013.04.04 16:57:14.314,1.46143,1.46165,1.50,2.18
2013.04.04 16:57:14.383,1.46143,1.46165,1.50,2.18
2013.04.04 16:57:14.513,1.46143,1.46165,1.50,2.18
2013.04.04 16:57:15.535,1.46147,1.46168,1.65,3.68
2013.04.04 16:57:16.923,1.46146,1.46168,1.50,2.63
2013.04.04 16:57:17.113,1.46145,1.46168,1.65,2.40
2013.04.04 16:57:17.672,1.46147,1.46169,1.50,2.40
2013.04.04 16:57:22.324,1.46148,1.46169,1.50,1.65
2013.04.04 16:57:22.537,1.46146,1.46169,1.65,2.40
2013.04.04 16:57:22.666,1.46146,1.46168,1.65,1.65
2013.04.04 16:57:23.135,1.46146,1.46169,2.40,2.40
2013.04.04 16:57:23.340,1.46146,1.46169,1.65,1.65
2013.04.04 16:57:23.462,1.46146,1.46169,1.05,2.93
2013.04.04 16:57:23.583,1.46146,1.46168,1.05,1.65
2013.04.04 16:57:23.641,1.46145,1.46168,2.40,1.65
2013.04.04 16:57:23.765,1.46142,1.46164,1.28,3.00
2013.04.04 16:57:23.833,1.46141,1.46164,2.03,2.78
2013.04.04 16:57:23.906,1.46141,1.46156,2.63,1.13
2013.04.04 16:57:24.034,1.46138,1.46154,3.00,1.13
2013.04.04 16:57:24.236,1.46138,1.46153,1.50,1.13
2013.04.04 16:57:24.924,1.46131,1.46152,1.65,1.28
2013.04.04 16:57:26.385,1.46134,1.46153,1.13,1.88
2013.04.04 16:57:26.457,1.46136,1.46155,1.13,2.03
2013.04.04 16:57:26.524,1.46136,1.46155,1.13,2.03
2013.04.04 16:57:26.714,1.46136,1.46155,1.13,2.03
2013.04.04 16:57:27.146,1.46136,1.46156,1.13,1.50
2013.04.04 16:57:28.508,1.46135,1.46156,1.13,1.50
2013.04.04 16:57:28.644,1.46136,1.46158,1.13,3.90
2013.04.04 16:57:28.954,1.46136,1.46154,1.13,1.13
2013.04.04 16:57:29.204,1.46131,1.46152,2.18,1.65
2013.04.04 16:57:29.394,1.46131,1.46151,1.65,1.65
2013.04.04 16:57:29.774,1.46131,1.4615,1.65,1.28
2013.04.04 16:57:29.907,1.46131,1.4615,1.65,1.28
2013.04.04 16:57:30.213,1.46128,1.46152,1.88,1.65
2013.04.04 16:57:30.914,1.46128,1.4615,1.88,2.25
2013.04.04 16:57:31.404,1.46132,1.46149,1.13,1.28
2013.04.04 16:57:31.653,1.46131,1.46149,1.05,2.03
2013.04.04 16:57:32.966,1.46126,1.46149,1.88,2.78
2013.04.04 16:57:33.213,1.46126,1.46149,2.63,2.78
2013.04.04 16:57:33.334,1.46126,1.46149,1.88,2.78
2013.04.04 16:57:33.594,1.46127,1.46149,1.13,2.78
2013.04.04 16:57:38.736,1.46124,1.46146,1.28,1.50
2013.04.04 16:57:39.043,1.46123,1.46139,1.88,1.50
2013.04.04 16:57:39.304,1.46113,1.46134,1.13,1.50
2013.04.04 16:57:39.734,1.46113,1.46134,1.13,3.38
2013.04.04 16:57:39.863,1.46115,1.46134,1.43,1.88
2013.04.04 16:57:39.934,1.46123,1.46134,1.13,1.13
2013.04.04 16:57:40.929,1.46127,1.46146,1.65,1.13
2013.04.04 16:57:42.203,1.46127,1.46148,1.65,1.13
2013.04.04 16:57:43.812,1.46128,1.46148,1.28,1.13
2013.04.04 16:57:44.113,1.46134,1.46152,1.65,1.13
2013.04.04 16:57:44.362,1.46133,1.46152,1.65,1.13
2013.04.04 16:57:45.324,1.46133,1.46147,1.50,1.13
2013.04.04 16:57:45.394,1.46131,1.46147,1.50,1.13
2013.04.04 16:57:45.643,1.46131,1.46147,2.63,1.13
2013.04.04 16:57:45.946,1.46131,1.46152,2.63,2.25
2013.04.04 16:57:46.494,1.46131,1.46153,2.63,1.28
2013.04.04 16:57:47.324,1.46131,1.46153,1.88,2.03
2013.04.04 16:57:47.393,1.46131,1.46151,1.50,1.50
2013.04.04 16:57:47.525,1.46128,1.4615,1.65,1.50
2013.04.04 16:57:47.839,1.46124,1.46147,1.65,2.25
2013.04.04 16:57:48.355,1.46126,1.46142,1.65,1.13
2013.04.04 16:57:48.746,1.46123,1.46142,1.65,1.88
2013.04.04 16:57:48.816,1.4612,1.4614,3.08,1.65
2013.04.04 16:57:49.004,1.46124,1.46142,1.13,1.13
2013.04.04 16:57:49.315,1.4613,1.46147,1.88,1.05
2013.04.04 16:57:49.636,1.46132,1.46152,1.65,1.88
2013.04.04 16:57:50.354,1.46133,1.46152,1.65,1.13
2013.04.04 16:57:50.669,1.46134,1.46152,1.50,1.13
2013.04.04 16:57:50.733,1.46134,1.46153,1.50,1.65
2013.04.04 16:57:50.802,1.46132,1.46153,1.65,1.65
2013.04.04 16:57:50.864,1.46132,1.46153,1.28,1.65
2013.04.04 16:57:51.195,1.46145,1.46161,1.50,1.13
2013.04.04 16:57:51.263,1.46145,1.46162,1.50,1.13
2013.04.04 16:57:51.634,1.46141,1.46162,2.55,1.88
2013.04.04 16:57:51.704,1.46141,1.46162,1.50,2.03
2013.04.04 16:57:53.287,1.4614,1.4616,2.40,1.50
2013.04.04 16:57:55.164,1.46141,1.4616,1.50,1.50
2013.04.04 16:57:55.472,1.46142,1.4616,1.65,1.50
2013.04.04 16:57:55.593,1.46147,1.46164,1.13,1.50
2013.04.04 16:57:55.904,1.46149,1.46169,1.50,1.50
2013.04.04 16:57:56.673,1.46149,1.46169,1.50,1.50
2013.04.04 16:57:57.344,1.46147,1.46168,2.40,1.50
2013.04.04 16:57:57.415,1.46147,1.46166,1.65,2.25
2013.04.04 16:57:57.723,1.46142,1.46164,2.63,1.50
2013.04.04 16:57:57.924,1.46142,1.46163,1.13,2.25
2013.04.04 16:57:57.994,1.4614,1.46163,1.65,2.40
2013.04.04 16:57:58.832,1.46138,1.4616,1.28,1.13
2013.04.04 16:57:58.907,1.46136,1.46157,1.28,1.43
2013.04.04 16:57:59.345,1.46136,1.46154,1.13,1.28
2013.04.04 16:57:59.594,1.46136,1.46159,2.63,1.80
2013.04.04 16:57:59.664,1.46139,1.46159,1.13,1.80
2013.04.04 16:57:59.917,1.4614,1.46159,1.05,1.80
2013.04.04 16:58:00.403,1.46138,1.46158,1.13,2.03
2013.04.04 16:58:00.893,1.46138,1.46159,1.88,2.03
2013.04.04 16:58:01.361,1.4614,1.46159,1.13,2.03
2013.04.04 16:58:01.604,1.46141,1.46159,1.65,1.28
2013.04.04 16:58:01.854,1.46137,1.46158,1.65,2.78
2013.04.04 16:58:01.926,1.46139,1.46158,1.13,2.03
2013.04.04 16:58:02.185,1.46141,1.4616,1.65,1.80
2013.04.04 16:58:02.494,1.46137,1.46157,1.65,2.55
2013.04.04 16:58:03.052,1.46137,1.46157,1.65,1.80
2013.04.04 16:58:04.136,1.46136,1.46156,2.63,1.28
2013.04.04 16:58:04.454,1.46136,1.46157,2.63,1.05
2013.04.04 16:58:04.596,1.4614,1.46157,2.40,1.05
2013.04.04 16:58:04.793,1.4614,1.46159,1.65,2.40
2013.04.04 16:58:05.273,1.46137,1.46158,1.65,2.03
2013.04.04 16:58:06.304,1.46137,1.46156,1.65,1.80
2013.04.04 16:58:06.493,1.46133,1.46154,1.65,1.50
2013.04.04 16:58:06.744,1.46137,1.46156,1.13,3.00
2013.04.04 16:58:06.814,1.46137,1.46157,1.13,1.88
2013.04.04 16:58:06.947,1.46141,1.46161,1.88,1.50
2013.04.04 16:58:07.158,1.46145,1.46163,1.05,1.13
2013.04.04 16:58:07.224,1.46141,1.46163,2.78,1.13
2013.04.04 16:58:07.886,1.46143,1.46163,1.05,1.28
2013.04.04 16:58:08.827,1.46141,1.4616,1.13,1.28
2013.04.04 16:58:09.853,1.46143,1.4616,1.65,1.28
2013.04.04 16:58:09.914,1.46143,1.46163,1.65,1.80
2013.04.04 16:58:10.537,1.46142,1.46163,1.88,2.03
2013.04.04 16:58:10.674,1.46143,1.46163,1.13,2.03
2013.04.04 16:58:10.863,1.46146,1.46165,1.80,2.10
2013.04.04 16:58:11.414,1.46142,1.46164,1.28,2.03
2013.04.04 16:58:11.785,1.46142,1.46161,1.28,1.28
2013.04.04 16:58:12.165,1.46141,1.46158,1.28,1.50
2013.04.04 16:58:12.235,1.46136,1.46158,1.80,1.65
2013.04.04 16:58:12.305,1.46136,1.46158,1.65,1.65
2013.04.04 16:58:12.374,1.46134,1.46154,1.65,1.28
2013.04.04 16:58:13.055,1.46132,1.46157,2.03,1.65
2013.04.04 16:58:13.365,1.46134,1.46154,1.65,2.40
2013.04.04 16:58:15.538,1.46133,1.46155,1.65,2.03
2013.04.04 16:58:16.043,1.46131,1.46154,3.53,1.50
2013.04.04 16:58:16.973,1.46132,1.46153,1.65,2.03
2013.04.04 16:58:19.185,1.46132,1.46152,1.65,1.28
2013.04.04 16:58:19.895,1.46132,1.46152,1.28,1.28
2013.04.04 16:58:22.094,1.46135,1.46156,1.28,1.28
2013.04.04 16:58:22.164,1.46134,1.46155,1.05,1.50
2013.04.04 16:58:22.734,1.46132,1.46155,2.40,1.50
2013.04.04 16:58:23.184,1.46131,1.46154,3.38,2.25
2013.04.04 16:58:23.445,1.46136,1.46158,1.65,1.58
2013.04.04 16:58:23.573,1.46136,1.46159,1.65,1.50
2013.04.04 16:58:23.693,1.46142,1.46163,1.13,1.50
2013.04.04 16:58:23.755,1.46142,1.46164,1.88,2.63
2013.04.04 16:58:24.426,1.46146,1.46164,1.65,1.88
2013.04.04 16:58:25.674,1.46148,1.4617,1.84,1.65
2013.04.04 16:58:25.747,1.46154,1.46177,2.40,1.28
2013.04.04 16:58:26.134,1.46155,1.46179,1.65,2.25
2013.04.04 16:58:26.264,1.46154,1.46178,2.18,1.50
2013.04.04 16:58:26.573,1.46153,1.46176,1.88,1.50
2013.04.04 16:58:26.883,1.46156,1.46177,1.28,2.25
2013.04.04 16:58:26.943,1.46156,1.46177,2.03,1.50
2013.04.04 16:58:27.495,1.46156,1.46177,2.03,2.78
2013.04.04 16:58:27.562,1.46156,1.46177,2.03,2.78
2013.04.04 16:58:28.328,1.46157,1.46176,1.13,1.50
2013.04.04 16:58:29.225,1.46157,1.46176,1.13,1.50
2013.04.04 16:58:29.704,1.46156,1.46172,1.05,1.50
2013.04.04 16:58:29.953,1.46155,1.46172,1.13,1.28
2013.04.04 16:58:30.323,1.46153,1.46172,1.65,1.50
2013.04.04 16:58:31.114,1.46151,1.46171,1.13,1.50
2013.04.04 16:58:31.656,1.46151,1.46172,1.88,1.50
2013.04.04 16:58:31.784,1.46155,1.46174,1.13,2.78
2013.04.04 16:58:31.853,1.46154,1.46174,1.05,2.25
2013.04.04 16:58:32.403,1.46151,1.46174,1.13,3.53
2013.04.04 16:58:33.414,1.46152,1.46174,1.13,1.50
2013.04.04 16:58:33.663,1.46156,1.46174,1.50,1.50
2013.04.04 16:58:33.724,1.46152,1.46174,1.28,2.25
2013.04.04 16:58:33.794,1.46152,1.46173,1.13,1.50
2013.04.04 16:58:34.975,1.46152,1.46171,1.13,1.28
2013.04.04 16:58:35.535,1.46152,1.4617,1.13,1.50
2013.04.04 16:58:36.936,1.46152,1.46172,1.13,1.28
2013.04.04 16:58:38.086,1.46158,1.46177,1.13,1.58
2013.04.04 16:58:38.413,1.46155,1.46175,1.88,2.03
2013.04.04 16:58:39.108,1.46155,1.46173,1.88,1.50
2013.04.04 16:58:39.455,1.46155,1.46173,1.13,1.50
2013.04.04 16:58:40.985,1.46155,1.46172,1.13,1.50
2013.04.04 16:58:41.054,1.46151,1.46172,1.28,1.50
2013.04.04 16:58:41.304,1.46154,1.46172,1.13,1.50
2013.04.04 16:58:41.984,1.46155,1.46173,1.65,1.50
2013.04.04 16:58:42.054,1.46162,1.46173,1.13,1.50
2013.04.04 16:58:42.244,1.46162,1.46178,1.88,1.13
2013.04.04 16:58:42.314,1.46159,1.46177,1.13,1.13
2013.04.04 16:58:42.383,1.46159,1.4618,1.13,1.50
2013.04.04 16:58:42.563,1.46159,1.46179,1.13,1.50
2013.04.04 16:58:43.404,1.46157,1.46175,1.28,1.50
2013.04.04 16:58:43.475,1.46156,1.46175,1.05,1.50
2013.04.04 16:58:43.843,1.46154,1.46174,1.13,2.03
2013.04.04 16:58:44.051,1.46153,1.46172,1.05,1.50
2013.04.04 16:58:44.119,1.46152,1.46171,1.13,1.50
2013.04.04 16:58:46.466,1.46152,1.46172,1.13,1.50
2013.04.04 16:58:46.864,1.46152,1.46171,1.13,1.50
2013.04.04 16:58:49.695,1.46147,1.46167,1.13,1.50
2013.04.04 16:58:49.770,1.46146,1.46167,1.65,2.03
2013.04.04 16:58:49.895,1.46145,1.46164,1.13,1.50
2013.04.04 16:58:50.344,1.46142,1.46162,2.03,2.25
2013.04.04 16:58:50.934,1.46142,1.4616,2.03,1.58
2013.04.04 16:58:51.253,1.46142,1.46158,2.03,1.35
2013.04.04 16:58:51.862,1.46139,1.46158,1.13,2.10
2013.04.04 16:58:51.925,1.46137,1.46155,1.65,1.28
2013.04.04 16:58:51.995,1.46136,1.46155,1.88,2.10
2013.04.04 16:58:52.246,1.46135,1.46152,1.80,1.28
2013.04.04 16:58:52.313,1.46132,1.46152,1.80,2.03
2013.04.04 16:58:52.436,1.46132,1.4615,1.05,2.10
2013.04.04 16:58:52.684,1.46127,1.46146,1.05,1.28
2013.04.04 16:58:52.814,1.46123,1.46144,2.63,2.10
2013.04.04 16:58:53.185,1.46124,1.46145,1.88,1.28
2013.04.04 16:58:53.744,1.46127,1.46144,1.65,1.50
2013.04.04 16:58:54.444,1.46129,1.46147,1.13,1.50
2013.04.04 16:58:55.176,1.46132,1.46151,1.65,2.78
2013.04.04 16:58:55.274,1.46132,1.4615,3.15,1.50
2013.04.04 16:58:55.595,1.46132,1.46153,3.15,1.50
2013.04.04 16:58:55.784,1.46143,1.46163,1.65,2.03
2013.04.04 16:58:56.674,1.46143,1.46162,1.65,1.88
2013.04.04 16:58:56.933,1.46139,1.46161,1.65,1.50
2013.04.04 16:58:56.994,1.46138,1.4616,1.65,1.50
2013.04.04 16:58:57.184,1.46135,1.46156,2.40,1.65
2013.04.04 16:58:57.253,1.46133,1.46156,2.25,1.65
2013.04.04 16:58:57.314,1.46134,1.46156,1.13,1.50
2013.04.04 16:58:57.384,1.46134,1.46157,1.88,2.25
2013.04.04 16:58:58.195,1.46134,1.46158,2.63,1.28
2013.04.04 16:58:58.266,1.46143,1.46158,1.13,1.28
2013.04.04 16:58:58.334,1.46146,1.46161,1.65,1.28
2013.04.04 16:58:58.684,1.46146,1.46167,1.65,1.28
2013.04.04 16:58:58.815,1.46143,1.46167,1.88,2.18
2013.04.04 16:58:59.137,1.46145,1.46167,1.88,1.50
2013.04.04 16:58:59.334,1.46147,1.46168,2.40,1.50
2013.04.04 16:58:59.873,1.46147,1.46168,2.40,1.50
2013.04.04 16:59:00.235,1.46147,1.46168,1.65,1.50
2013.04.04 16:59:00.963,1.46147,1.46168,1.13,2.25
2013.04.04 16:59:01.855,1.46152,1.46169,1.88,1.13
2013.04.04 16:59:01.924,1.46154,1.46171,1.13,2.25
2013.04.04 16:59:02.594,1.46154,1.46172,1.13,3.15
2013.04.04 16:59:02.723,1.46149,1.4617,1.88,1.50
2013.04.04 16:59:04.275,1.46153,1.4617,1.65,1.28
2013.04.04 16:59:04.347,1.46153,1.46172,2.40,1.50
2013.04.04 16:59:05.625,1.46154,1.46172,1.65,1.50
2013.04.04 16:59:05.755,1.46155,1.46174,1.65,2.03
2013.04.04 16:59:05.825,1.46156,1.46177,1.65,1.28
2013.04.04 16:59:06.254,1.46156,1.46178,1.65,1.50
2013.04.04 16:59:07.002,1.46154,1.4617,1.13,1.50
2013.04.04 16:59:07.134,1.46156,1.46177,1.65,1.28
2013.04.04 16:59:09.193,1.46154,1.46174,1.88,1.50
2013.04.04 16:59:10.334,1.46154,1.46173,1.88,2.25
2013.04.04 16:59:10.463,1.46154,1.46173,1.65,2.25
2013.04.04 16:59:10.763,1.4615,1.4617,1.28,1.50
2013.04.04 16:59:11.075,1.46151,1.46172,1.28,2.03
2013.04.04 16:59:11.582,1.46157,1.46173,1.28,1.50
2013.04.04 16:59:12.604,1.46156,1.46173,1.28,1.50
2013.04.04 16:59:13.591,1.46154,1.46173,1.13,2.25
2013.04.04 16:59:13.935,1.46154,1.46174,1.88,1.50
2013.04.04 16:59:15.694,1.46152,1.46174,1.05,2.25
2013.04.04 16:59:15.764,1.46151,1.46173,1.50,1.13
2013.04.04 16:59:15.834,1.46148,1.46168,1.65,1.50
2013.04.04 16:59:16.153,1.46151,1.46168,1.13,1.50
2013.04.04 16:59:16.713,1.46152,1.46174,1.13,2.03
2013.04.04 16:59:19.396,1.46153,1.46173,1.13,1.50
2013.04.04 16:59:20.451,1.46153,1.46174,1.13,2.03
2013.04.04 16:59:21.014,1.46153,1.46174,1.13,2.03
2013.04.04 16:59:21.335,1.46151,1.46172,2.40,1.13
2013.04.04 16:59:21.525,1.46147,1.46167,1.80,1.65
2013.04.04 16:59:21.844,1.46143,1.46166,1.65,1.13
2013.04.04 16:59:22.513,1.46143,1.46166,2.40,1.13
2013.04.04 16:59:22.573,1.46143,1.46165,1.65,1.65
2013.04.04 16:59:25.303,1.46142,1.46163,1.13,2.03
2013.04.04 16:59:27.583,1.46142,1.46162,1.13,1.28
2013.04.04 16:59:29.275,1.46142,1.46163,1.28,1.28
2013.04.04 16:59:29.344,1.46147,1.46165,1.13,1.28
2013.04.04 16:59:29.654,1.46148,1.46168,1.13,1.28
2013.04.04 16:59:29.722,1.46147,1.46168,1.80,1.28
2013.04.04 16:59:29.842,1.46147,1.46168,1.05,2.78
2013.04.04 16:59:30.201,1.46144,1.46159,1.13,1.35
2013.04.04 16:59:32.223,1.46144,1.4616,1.13,1.28
2013.04.04 16:59:35.728,1.4615,1.46161,1.13,1.28
2013.04.04 16:59:35.854,1.46151,1.46165,1.13,1.28
2013.04.04 16:59:36.674,1.46153,1.46173,2.40,1.35
2013.04.04 16:59:38.028,1.46152,1.4617,1.13,1.88
2013.04.04 16:59:38.229,1.46146,1.46164,1.13,1.05
2013.04.04 16:59:38.844,1.46144,1.46164,1.88,1.05
2013.04.04 16:59:39.852,1.46144,1.46163,1.88,1.28
2013.04.04 16:59:39.913,1.46142,1.46163,2.55,2.03
2013.04.04 16:59:40.033,1.46142,1.46162,1.65,1.58
2013.04.04 16:59:40.343,1.46139,1.4616,1.88,2.03
2013.04.04 16:59:40.704,1.46143,1.4616,1.65,2.03
2013.04.04 16:59:40.833,1.46141,1.46159,1.13,1.50
2013.04.04 16:59:41.373,1.46147,1.46161,1.65,1.50
2013.04.04 16:59:41.672,1.46149,1.46165,1.13,1.50
2013.04.04 16:59:41.972,1.46149,1.46165,1.13,1.50
2013.04.04 16:59:47.194,1.46146,1.46167,1.13,2.25
2013.04.04 16:59:47.884,1.46146,1.46166,1.13,1.50
2013.04.04 16:59:48.286,1.46146,1.46166,1.13,1.50
2013.04.04 16:59:48.593,1.46144,1.46164,2.03,1.50
2013.04.04 16:59:49.163,1.46144,1.46164,1.88,1.50
2013.04.04 16:59:49.682,1.46144,1.46164,1.88,1.50
2013.04.04 16:59:50.223,1.46144,1.46164,1.88,1.50
2013.04.04 16:59:51.543,1.46144,1.4616,1.13,1.50
2013.04.04 16:59:53.364,1.46144,1.46162,1.13,1.50
2013.04.04 16:59:53.913,1.46144,1.46162,1.13,2.25
2013.04.04 16:59:56.744,1.46145,1.46165,1.13,1.50
2013.04.04 16:59:56.872,1.46146,1.46165,1.13,1.50
