2014.12.16 06:00:00.522,1.83479,1.83499,1.07,1.00
2014.12.16 06:00:00.826,1.83479,1.83499,1.82,1.00
2014.12.16 06:00:00.877,1.83483,1.83503,1.07,1.00
2014.12.16 06:00:00.928,1.83483,1.83503,1.75,1.00
2014.12.16 06:00:00.978,1.83487,1.83505,1.20,1.00
2014.12.16 06:00:01.029,1.83487,1.83505,1.85,1.00
2014.12.16 06:00:01.080,1.83489,1.83508,1.17,1.00
2014.12.16 06:00:01.181,1.83491,1.83512,1.10,1.19
2014.12.16 06:00:01.740,1.83491,1.83512,1.50,1.19
2014.12.16 06:00:02.355,1.83492,1.83516,1.15,1.25
2014.12.16 06:00:02.983,1.83497,1.83518,1.00,1.69
2014.12.16 06:00:03.289,1.83505,1.83526,2.25,1.00
2014.12.16 06:00:03.390,1.83508,1.8353,1.17,1.50
2014.12.16 06:00:03.441,1.83508,1.8353,1.85,1.50
2014.12.16 06:00:04.975,1.83508,1.8353,1.17,1.00
2014.12.16 06:00:07.060,1.83508,1.8353,2.25,1.00
2014.12.16 06:00:07.263,1.83513,1.83535,1.00,1.25
2014.12.16 06:00:07.667,1.83513,1.83532,1.00,1.00
2014.12.16 06:00:07.819,1.83504,1.8353,1.10,1.57
2014.12.16 06:00:07.921,1.83506,1.83529,1.00,1.17
2014.12.16 06:00:08.175,1.83506,1.83529,1.17,1.00
2014.12.16 06:00:08.226,1.83502,1.83528,2.00,1.57
2014.12.16 06:00:08.277,1.83502,1.83528,1.25,1.65
2014.12.16 06:00:08.954,1.83505,1.83528,1.50,1.00
2014.12.16 06:00:09.107,1.83509,1.83534,1.10,1.34
2014.12.16 06:00:13.146,1.83503,1.83533,1.15,1.40
2014.12.16 06:00:13.247,1.835,1.8353,1.76,1.50
2014.12.16 06:00:13.349,1.83498,1.83526,1.20,1.50
2014.12.16 06:00:13.551,1.83493,1.83523,1.50,1.76
2014.12.16 06:00:13.602,1.83492,1.83523,1.82,1.76
2014.12.16 06:00:13.753,1.83492,1.83522,1.15,1.85
2014.12.16 06:00:14.269,1.83489,1.83516,1.50,1.00
2014.12.16 06:00:14.523,1.83488,1.83514,1.17,1.15
2014.12.16 06:00:14.624,1.83488,1.83514,1.15,1.00
2014.12.16 06:00:14.827,1.83488,1.83516,1.15,1.57
2014.12.16 06:00:14.979,1.83488,1.83516,1.00,1.50
2014.12.16 06:00:15.081,1.83488,1.83516,1.57,1.50
2014.12.16 06:00:15.662,1.83488,1.83516,1.82,1.00
2014.12.16 06:00:15.814,1.83491,1.83518,2.25,1.00
2014.12.16 06:00:16.081,1.83491,1.8352,1.15,1.19
2014.12.16 06:00:16.483,1.83493,1.83521,1.57,1.19
2014.12.16 06:00:16.585,1.83491,1.83521,1.09,1.57
2014.12.16 06:00:17.091,1.83493,1.83521,1.57,1.00
2014.12.16 06:00:17.143,1.83495,1.83523,1.07,1.00
2014.12.16 06:00:17.397,1.83496,1.83523,1.50,1.00
2014.12.16 06:00:17.499,1.83498,1.83527,1.34,1.00
2014.12.16 06:00:17.550,1.83499,1.83527,1.29,1.07
2014.12.16 06:00:18.464,1.83498,1.83527,1.10,1.40
2014.12.16 06:00:19.178,1.83498,1.83527,1.07,1.32
2014.12.16 06:00:19.693,1.83498,1.83527,1.36,1.00
2014.12.16 06:00:20.170,1.83498,1.83527,1.29,1.07
2014.12.16 06:00:20.474,1.83498,1.83527,1.00,2.59
2014.12.16 06:00:21.283,1.83498,1.83527,2.25,1.07
2014.12.16 06:00:21.587,1.83503,1.83528,1.17,1.00
2014.12.16 06:00:21.891,1.83506,1.83536,1.17,1.66
2014.12.16 06:00:21.992,1.83506,1.83536,1.17,1.29
2014.12.16 06:00:22.195,1.83506,1.83536,2.25,1.19
2014.12.16 06:00:23.012,1.8351,1.83538,1.10,1.29
2014.12.16 06:00:23.572,1.8351,1.83538,1.00,1.69
2014.12.16 06:00:24.943,1.8351,1.83531,1.00,1.00
2014.12.16 06:00:25.096,1.83505,1.83531,1.00,2.25
2014.12.16 06:00:25.198,1.835,1.83526,1.00,1.57
2014.12.16 06:00:25.401,1.83499,1.83526,1.00,1.65
2014.12.16 06:00:25.452,1.83499,1.83522,1.00,1.00
2014.12.16 06:00:25.873,1.83499,1.83525,1.50,1.00
2014.12.16 06:00:26.178,1.83503,1.8353,1.00,1.10
2014.12.16 06:00:26.582,1.83503,1.8353,1.50,1.00
2014.12.16 06:00:27.080,1.83506,1.83536,1.10,1.40
2014.12.16 06:00:27.131,1.83506,1.83532,1.10,1.00
2014.12.16 06:00:27.252,1.83506,1.83536,1.10,1.40
2014.12.16 06:00:27.761,1.83506,1.83536,1.29,1.15
2014.12.16 06:00:28.117,1.83508,1.83536,1.50,1.07
2014.12.16 06:00:28.630,1.83507,1.83536,1.01,1.00
2014.12.16 06:00:30.927,1.83506,1.83536,1.39,1.65
2014.12.16 06:00:31.905,1.83506,1.83536,1.09,1.20
2014.12.16 06:00:32.934,1.83506,1.83536,1.39,1.20
2014.12.16 06:00:33.238,1.83507,1.83536,1.01,1.00
2014.12.16 06:00:33.745,1.83509,1.83538,1.17,1.36
2014.12.16 06:00:36.623,1.83515,1.83541,1.00,1.69
2014.12.16 06:00:36.674,1.83515,1.83541,1.00,1.19
2014.12.16 06:00:36.827,1.83509,1.83536,1.30,1.00
2014.12.16 06:00:37.080,1.8351,1.83539,1.07,1.10
2014.12.16 06:00:37.587,1.8351,1.83539,1.26,1.10
2014.12.16 06:00:38.298,1.83508,1.83536,1.01,1.00
2014.12.16 06:00:38.802,1.83508,1.83536,1.01,1.00
2014.12.16 06:00:42.623,1.83508,1.83536,1.01,1.00
2014.12.16 06:00:42.926,1.83509,1.83534,1.84,1.00
2014.12.16 06:00:44.766,1.83513,1.83536,1.25,1.00
2014.12.16 06:00:45.625,1.83508,1.83534,1.84,1.00
2014.12.16 06:00:46.151,1.83508,1.83534,1.84,1.00
2014.12.16 06:00:47.115,1.83508,1.83534,1.00,1.00
2014.12.16 06:00:47.620,1.83506,1.8353,1.00,1.00
2014.12.16 06:00:47.722,1.83502,1.83528,1.00,1.10
2014.12.16 06:00:47.874,1.83502,1.83528,1.00,1.17
2014.12.16 06:00:48.279,1.83495,1.83521,1.76,1.00
2014.12.16 06:00:48.381,1.83499,1.83523,1.00,1.00
2014.12.16 06:00:48.482,1.83496,1.8352,1.34,1.00
2014.12.16 06:00:48.634,1.83499,1.83523,1.00,1.12
2014.12.16 06:00:48.685,1.83499,1.83523,1.00,1.87
2014.12.16 06:00:48.736,1.83497,1.8352,1.00,1.57
2014.12.16 06:00:48.888,1.8349,1.83516,1.19,1.00
2014.12.16 06:00:49.949,1.8349,1.83516,1.19,1.57
2014.12.16 06:00:50.253,1.83486,1.8351,1.19,1.00
2014.12.16 06:00:50.710,1.83485,1.8351,1.00,1.00
2014.12.16 06:00:50.811,1.83481,1.83505,1.69,1.00
2014.12.16 06:00:50.862,1.83481,1.83505,1.00,1.07
2014.12.16 06:00:51.267,1.83481,1.83503,1.00,1.55
2014.12.16 06:00:51.751,1.83477,1.835,1.00,1.00
2014.12.16 06:00:51.903,1.83469,1.83496,1.26,1.00
2014.12.16 06:00:51.954,1.83469,1.83496,1.19,1.10
2014.12.16 06:00:52.461,1.83468,1.83494,1.29,1.00
2014.12.16 06:00:52.562,1.83468,1.83494,1.10,1.00
2014.12.16 06:00:52.713,1.83468,1.83496,1.10,1.57
2014.12.16 06:00:53.219,1.83468,1.83496,1.00,1.15
2014.12.16 06:00:53.523,1.83468,1.83493,1.00,1.82
2014.12.16 06:00:53.574,1.83463,1.83492,1.19,1.57
2014.12.16 06:00:53.879,1.83463,1.83492,1.00,2.25
2014.12.16 06:00:53.930,1.83463,1.83491,1.00,1.82
2014.12.16 06:00:54.031,1.8346,1.83487,1.19,1.10
2014.12.16 06:00:54.398,1.8346,1.83487,1.00,1.17
2014.12.16 06:00:54.449,1.83454,1.83484,1.36,1.07
2014.12.16 06:00:54.651,1.83451,1.83482,1.26,1.17
2014.12.16 06:00:54.753,1.83452,1.83482,1.10,1.17
2014.12.16 06:00:55.108,1.83451,1.83479,1.32,1.20
2014.12.16 06:00:55.439,1.83451,1.83478,1.25,1.17
2014.12.16 06:00:56.205,1.83445,1.83477,1.69,1.57
2014.12.16 06:00:56.307,1.83445,1.83477,2.51,1.75
2014.12.16 06:00:56.358,1.83447,1.83477,1.69,1.00
2014.12.16 06:00:56.460,1.83445,1.83477,1.36,1.17
2014.12.16 06:00:56.763,1.83441,1.83474,1.34,1.15
2014.12.16 06:00:57.553,1.83441,1.83471,1.15,1.00
2014.12.16 06:00:57.857,1.83438,1.83469,1.00,1.82
2014.12.16 06:00:58.362,1.83435,1.83466,1.36,1.32
2014.12.16 06:00:59.143,1.83435,1.83463,1.36,1.00
2014.12.16 06:00:59.295,1.83433,1.83463,1.84,1.09
2014.12.16 06:00:59.549,1.83433,1.83458,1.84,1.00
2014.12.16 06:01:00.657,1.83433,1.83461,1.84,1.00
2014.12.16 06:01:01.370,1.83433,1.83462,1.40,1.01
2014.12.16 06:01:01.471,1.83428,1.83461,3.19,1.20
2014.12.16 06:01:01.725,1.83429,1.8346,1.26,1.07
2014.12.16 06:01:01.775,1.83429,1.8346,1.26,1.57
2014.12.16 06:01:02.850,1.83431,1.83461,1.00,2.07
2014.12.16 06:01:03.456,1.83428,1.83461,2.59,2.07
2014.12.16 06:01:03.861,1.83432,1.83461,1.00,1.82
2014.12.16 06:01:03.962,1.83433,1.83464,1.00,2.21
2014.12.16 06:01:04.164,1.83433,1.83461,1.00,1.17
2014.12.16 06:01:04.468,1.8343,1.83461,1.01,1.17
2014.12.16 06:01:04.974,1.8343,1.8346,1.25,1.50
2014.12.16 06:01:05.487,1.8343,1.83461,1.01,1.40
2014.12.16 06:01:06.096,1.8343,1.83461,1.29,1.15
2014.12.16 06:01:07.092,1.8343,1.83461,1.76,1.34
2014.12.16 06:01:07.296,1.8343,1.83461,1.84,1.19
2014.12.16 06:01:07.751,1.83433,1.83465,1.75,1.64
2014.12.16 06:01:07.903,1.83433,1.83465,1.15,1.71
2014.12.16 06:01:08.112,1.83433,1.83465,1.84,1.71
2014.12.16 06:01:09.075,1.83438,1.83467,1.10,2.06
2014.12.16 06:01:09.126,1.83439,1.83467,1.00,1.25
2014.12.16 06:01:09.177,1.83444,1.83469,1.75,1.07
2014.12.16 06:01:09.278,1.83445,1.83475,1.57,1.66
2014.12.16 06:01:09.481,1.83446,1.83476,1.82,1.47
2014.12.16 06:01:09.886,1.83449,1.83478,1.15,1.10
2014.12.16 06:01:10.088,1.83449,1.83478,1.75,1.00
2014.12.16 06:01:10.831,1.83453,1.83484,1.10,1.76
2014.12.16 06:01:11.348,1.83453,1.83477,1.10,1.00
2014.12.16 06:01:11.501,1.83449,1.83481,1.10,1.82
2014.12.16 06:01:11.552,1.83455,1.83481,1.00,1.82
2014.12.16 06:01:11.603,1.83456,1.83484,1.50,1.00
2014.12.16 06:01:11.705,1.83459,1.83489,1.50,1.19
2014.12.16 06:01:11.807,1.83461,1.83492,2.25,1.00
2014.12.16 06:01:11.959,1.83461,1.83492,1.50,1.50
2014.12.16 06:01:12.010,1.83461,1.83488,1.00,1.00
2014.12.16 06:01:12.365,1.8346,1.8349,1.57,1.07
2014.12.16 06:01:12.669,1.83461,1.83492,2.25,1.69
2014.12.16 06:01:12.720,1.83461,1.83492,2.44,1.50
2014.12.16 06:01:13.024,1.83461,1.83487,2.44,1.00
2014.12.16 06:01:13.126,1.83461,1.83492,2.44,1.00
2014.12.16 06:01:13.177,1.83461,1.83492,1.76,1.07
2014.12.16 06:01:13.683,1.83461,1.83491,1.17,1.26
2014.12.16 06:01:15.232,1.83458,1.83489,3.00,1.00
2014.12.16 06:01:15.690,1.83458,1.83489,1.15,1.15
2014.12.16 06:01:16.206,1.83464,1.8349,1.20,1.25
2014.12.16 06:01:16.510,1.83466,1.83495,1.07,1.29
2014.12.16 06:01:17.089,1.83466,1.83495,1.07,1.29
2014.12.16 06:01:17.386,1.83464,1.83495,1.57,1.94
2014.12.16 06:01:17.690,1.83466,1.83492,1.17,1.19
2014.12.16 06:01:18.642,1.83464,1.83492,1.57,1.25
2014.12.16 06:01:22.062,1.83464,1.83495,1.76,1.36
2014.12.16 06:01:22.647,1.83464,1.83495,1.76,1.36
2014.12.16 06:01:23.244,1.83464,1.83493,1.76,1.00
2014.12.16 06:01:23.396,1.83464,1.83493,1.26,1.75
2014.12.16 06:01:23.447,1.83464,1.83487,1.00,1.00
2014.12.16 06:01:23.548,1.83461,1.83487,1.00,1.00
2014.12.16 06:01:23.751,1.83465,1.83488,1.00,1.10
2014.12.16 06:01:24.055,1.83468,1.8349,1.00,1.19
2014.12.16 06:01:24.528,1.83468,1.83492,1.00,1.00
2014.12.16 06:01:25.970,1.83466,1.83492,1.07,1.00
2014.12.16 06:01:29.089,1.83466,1.83488,1.07,1.00
2014.12.16 06:01:29.291,1.83466,1.83492,1.07,1.00
2014.12.16 06:01:29.392,1.83466,1.83492,1.07,2.25
2014.12.16 06:01:29.494,1.83462,1.83488,1.10,1.07
2014.12.16 06:01:29.595,1.83466,1.83488,1.00,1.00
2014.12.16 06:01:29.646,1.83466,1.83491,1.00,1.10
2014.12.16 06:01:29.950,1.83467,1.83489,1.10,1.00
2014.12.16 06:01:30.462,1.8347,1.83489,1.00,1.00
2014.12.16 06:01:30.514,1.83472,1.83496,1.00,1.19
2014.12.16 06:01:30.565,1.83472,1.83496,1.00,1.00
2014.12.16 06:01:30.616,1.8348,1.83497,1.10,1.00
2014.12.16 06:01:30.667,1.8348,1.835,1.10,1.00
2014.12.16 06:01:30.718,1.83487,1.835,1.00,1.00
2014.12.16 06:01:30.769,1.83487,1.83505,1.00,1.00
2014.12.16 06:01:30.870,1.83487,1.83513,1.65,1.00
2014.12.16 06:01:30.921,1.83493,1.83513,1.50,1.00
2014.12.16 06:01:31.124,1.83499,1.83522,1.00,1.00
2014.12.16 06:01:31.175,1.83499,1.83527,1.00,1.25
2014.12.16 06:01:31.226,1.83509,1.83527,1.00,1.00
2014.12.16 06:01:31.379,1.83509,1.83539,1.10,1.30
2014.12.16 06:01:31.481,1.83512,1.83539,1.00,1.22
2014.12.16 06:01:31.531,1.83512,1.8354,1.19,1.07
2014.12.16 06:01:31.582,1.8352,1.83541,1.00,1.07
2014.12.16 06:01:31.633,1.8352,1.83545,1.00,2.02
2014.12.16 06:01:31.837,1.83521,1.8355,1.17,1.17
2014.12.16 06:01:32.080,1.83525,1.83548,1.00,1.17
2014.12.16 06:01:32.282,1.83525,1.83552,1.00,1.15
2014.12.16 06:01:32.384,1.83524,1.83548,1.00,1.00
2014.12.16 06:01:32.436,1.83522,1.83548,1.00,1.00
2014.12.16 06:01:32.537,1.83522,1.83547,1.00,1.17
2014.12.16 06:01:32.740,1.83519,1.83546,1.00,1.15
2014.12.16 06:01:32.792,1.83516,1.83546,1.10,1.15
2014.12.16 06:01:32.843,1.83516,1.83542,1.00,1.65
2014.12.16 06:01:33.358,1.83513,1.83542,1.19,1.65
2014.12.16 06:01:33.661,1.83511,1.83542,1.84,1.65
2014.12.16 06:01:34.024,1.8351,1.83539,1.84,1.00
2014.12.16 06:01:34.536,1.8351,1.83539,1.29,1.17
2014.12.16 06:01:34.942,1.83508,1.83533,1.00,1.50
2014.12.16 06:01:35.044,1.83502,1.83533,1.00,2.25
2014.12.16 06:01:35.246,1.83498,1.83526,1.00,1.50
2014.12.16 06:01:35.499,1.83493,1.83522,1.00,1.50
2014.12.16 06:01:35.601,1.8349,1.8352,1.09,1.15
2014.12.16 06:01:36.411,1.83492,1.8352,1.00,1.15
2014.12.16 06:01:36.462,1.83499,1.83526,1.00,1.50
2014.12.16 06:01:36.563,1.83503,1.83527,1.10,1.00
2014.12.16 06:01:36.614,1.83505,1.83527,2.17,1.00
2014.12.16 06:01:36.665,1.83509,1.8353,1.50,1.00
2014.12.16 06:01:36.716,1.83504,1.8353,2.17,1.50
2014.12.16 06:01:36.767,1.83499,1.8353,1.29,2.32
2014.12.16 06:01:37.071,1.835,1.8353,1.25,1.57
2014.12.16 06:01:37.527,1.83502,1.8353,1.00,1.57
2014.12.16 06:01:37.729,1.83499,1.8353,1.76,1.57
2014.12.16 06:01:37.830,1.83502,1.8353,1.00,1.57
2014.12.16 06:01:38.083,1.83503,1.8353,1.01,1.10
2014.12.16 06:01:38.292,1.83505,1.83534,1.00,1.97
2014.12.16 06:01:38.646,1.83506,1.83535,1.00,1.34
2014.12.16 06:01:38.849,1.83509,1.83535,1.00,1.19
2014.12.16 06:01:39.052,1.83508,1.83539,1.00,1.65
2014.12.16 06:01:39.558,1.83509,1.83539,1.00,1.15
2014.12.16 06:01:39.609,1.83512,1.83539,1.00,1.15
2014.12.16 06:01:39.660,1.83512,1.83542,1.00,1.34
2014.12.16 06:01:41.108,1.83512,1.83539,1.25,1.00
2014.12.16 06:01:41.259,1.83507,1.83539,1.84,1.75
2014.12.16 06:01:42.269,1.83507,1.83538,1.36,1.30
2014.12.16 06:01:42.962,1.83504,1.83535,1.50,2.00
2014.12.16 06:01:43.013,1.83504,1.83532,1.00,1.82
2014.12.16 06:01:43.064,1.83503,1.83529,1.00,1.50
2014.12.16 06:01:43.406,1.83498,1.83527,1.50,1.40
2014.12.16 06:01:44.782,1.83498,1.83524,1.50,1.00
2014.12.16 06:01:45.899,1.83498,1.83526,1.00,1.39
2014.12.16 06:01:47.818,1.83494,1.83523,1.07,1.26
2014.12.16 06:01:50.863,1.83491,1.83521,1.69,1.50
2014.12.16 06:01:50.914,1.83491,1.83521,1.50,2.02
2014.12.16 06:01:50.965,1.83488,1.83516,1.19,1.82
2014.12.16 06:01:51.066,1.83488,1.83516,1.29,1.00
2014.12.16 06:01:51.774,1.83488,1.83516,1.00,2.51
2014.12.16 06:01:52.279,1.83487,1.83513,1.00,1.10
2014.12.16 06:01:52.583,1.83482,1.83507,1.00,1.10
2014.12.16 06:01:52.633,1.83478,1.83507,1.76,1.10
2014.12.16 06:01:52.735,1.83478,1.83505,1.10,1.00
2014.12.16 06:01:53.241,1.83478,1.83505,1.00,1.17
2014.12.16 06:01:53.847,1.83475,1.83505,1.25,1.65
2014.12.16 06:01:54.050,1.83477,1.83505,1.07,1.10
2014.12.16 06:01:54.354,1.83478,1.83504,1.00,1.17
2014.12.16 06:01:54.506,1.83474,1.83504,1.29,1.24
2014.12.16 06:01:54.556,1.83474,1.83502,1.19,1.07
2014.12.16 06:01:54.607,1.83473,1.83502,1.00,1.84
2014.12.16 06:01:55.114,1.83474,1.83502,1.00,1.40
2014.12.16 06:01:55.164,1.83474,1.83504,1.07,1.35
2014.12.16 06:01:55.486,1.83476,1.83505,1.15,1.52
2014.12.16 06:01:55.538,1.83484,1.8351,1.00,1.00
2014.12.16 06:01:55.691,1.83484,1.8351,1.07,1.00
2014.12.16 06:01:55.742,1.83485,1.83512,1.15,1.00
2014.12.16 06:01:55.793,1.83489,1.83512,1.00,1.00
2014.12.16 06:01:55.845,1.83489,1.83519,1.57,2.10
2014.12.16 06:01:56.350,1.83489,1.8352,1.65,1.67
2014.12.16 06:01:56.866,1.83489,1.8352,1.65,1.34
2014.12.16 06:01:57.588,1.83493,1.8352,1.00,1.34
2014.12.16 06:01:58.763,1.8349,1.83519,1.09,1.17
2014.12.16 06:02:00.493,1.83489,1.83519,1.25,2.32
2014.12.16 06:02:01.099,1.83491,1.83518,1.00,1.15
2014.12.16 06:02:01.454,1.83493,1.8352,1.00,2.25
2014.12.16 06:02:01.657,1.83498,1.83524,1.00,2.17
2014.12.16 06:02:02.235,1.83498,1.83524,1.00,1.42
2014.12.16 06:02:02.437,1.835,1.83526,1.00,2.85
2014.12.16 06:02:02.740,1.83498,1.83522,1.00,1.15
2014.12.16 06:02:06.156,1.835,1.83523,1.00,1.30
2014.12.16 06:02:06.308,1.835,1.83525,1.00,1.44
2014.12.16 06:02:07.564,1.835,1.83524,1.00,1.09
2014.12.16 06:02:07.615,1.83498,1.83522,1.00,1.07
2014.12.16 06:02:07.817,1.835,1.83525,1.00,1.49
2014.12.16 06:02:08.124,1.835,1.83524,1.00,1.16
2014.12.16 06:02:08.439,1.83503,1.83526,1.00,1.49
2014.12.16 06:02:11.485,1.83503,1.83527,1.00,1.36
2014.12.16 06:02:11.637,1.83503,1.83527,1.00,1.10
2014.12.16 06:02:11.688,1.83506,1.83529,1.00,1.15
2014.12.16 06:02:14.311,1.83509,1.83531,1.00,1.25
2014.12.16 06:02:14.463,1.8351,1.83534,1.10,1.09
2014.12.16 06:02:14.513,1.83515,1.83534,1.00,1.00
2014.12.16 06:02:14.868,1.83513,1.83532,1.00,1.00
2014.12.16 06:02:14.969,1.83508,1.83532,1.00,1.17
2014.12.16 06:02:15.020,1.83508,1.83532,1.00,1.82
2014.12.16 06:02:15.071,1.83505,1.8353,1.00,1.17
2014.12.16 06:02:16.565,1.83505,1.8353,1.00,1.51
2014.12.16 06:02:18.703,1.83502,1.83528,1.00,1.35
2014.12.16 06:02:18.906,1.83502,1.83528,1.57,1.59
2014.12.16 06:02:19.007,1.83503,1.83528,1.00,1.59
2014.12.16 06:02:19.058,1.83505,1.8353,1.00,1.51
2014.12.16 06:02:19.160,1.83503,1.83527,1.00,1.09
2014.12.16 06:02:19.261,1.83505,1.83526,1.00,1.00
2014.12.16 06:02:21.701,1.83509,1.8353,1.00,1.62
2014.12.16 06:02:21.752,1.83509,1.8353,1.00,1.00
2014.12.16 06:02:21.803,1.83513,1.83531,1.00,1.00
2014.12.16 06:02:21.905,1.83514,1.83534,1.00,1.27
2014.12.16 06:02:22.465,1.83517,1.83538,1.00,1.44
2014.12.16 06:02:32.327,1.83514,1.83535,1.00,1.34
2014.12.16 06:02:34.189,1.83517,1.83537,1.00,1.34
2014.12.16 06:02:36.434,1.83514,1.83534,1.00,1.09
2014.12.16 06:02:36.537,1.83511,1.83532,1.00,1.00
2014.12.16 06:02:39.713,1.83514,1.83535,1.00,1.10
2014.12.16 06:02:39.814,1.83514,1.83537,1.00,1.00
2014.12.16 06:02:40.371,1.83517,1.83538,1.00,1.00
2014.12.16 06:02:40.675,1.83519,1.8354,1.00,1.15
2014.12.16 06:02:40.885,1.83519,1.8354,1.00,1.00
2014.12.16 06:02:41.037,1.83521,1.83544,1.00,1.17
2014.12.16 06:02:41.239,1.83521,1.83544,1.00,1.85
2014.12.16 06:02:41.341,1.83519,1.83542,1.00,1.15
2014.12.16 06:02:41.442,1.83519,1.83542,1.00,1.00
2014.12.16 06:02:41.493,1.83522,1.83543,1.00,1.00
2014.12.16 06:02:42.149,1.83526,1.83547,1.00,1.20
2014.12.16 06:02:49.813,1.83534,1.8355,1.00,1.50
2014.12.16 06:02:49.915,1.83534,1.83557,1.00,1.00
2014.12.16 06:02:50.066,1.83539,1.8356,1.00,1.10
2014.12.16 06:02:51.140,1.83539,1.8356,1.00,1.29
2014.12.16 06:02:52.745,1.83539,1.8356,1.00,1.19
2014.12.16 06:02:54.703,1.83539,1.8356,1.00,1.31
2014.12.16 06:02:55.718,1.83539,1.8356,1.00,1.19
2014.12.16 06:02:56.876,1.83539,1.8356,1.00,1.12
2014.12.16 06:03:00.058,1.83538,1.83561,1.00,2.02
2014.12.16 06:03:00.818,1.83538,1.83561,1.00,2.02
2014.12.16 06:03:01.946,1.83538,1.83561,1.00,2.02
2014.12.16 06:03:03.831,1.83538,1.83561,1.50,2.02
2014.12.16 06:03:04.930,1.83538,1.83561,1.00,1.09
2014.12.16 06:03:05.033,1.83541,1.83564,1.00,1.00
2014.12.16 06:03:05.437,1.83543,1.83568,1.00,1.76
2014.12.16 06:03:06.200,1.83543,1.83565,1.00,1.22
2014.12.16 06:03:06.503,1.83543,1.83567,1.00,1.57
2014.12.16 06:03:06.554,1.83543,1.83567,1.00,1.10
2014.12.16 06:03:07.463,1.83543,1.83568,1.19,1.17
2014.12.16 06:03:08.002,1.83543,1.83568,1.19,1.00
2014.12.16 06:03:08.410,1.83545,1.83571,1.00,1.24
2014.12.16 06:03:08.461,1.83545,1.83571,1.19,1.24
2014.12.16 06:03:09.286,1.83552,1.83575,1.00,1.82
2014.12.16 06:03:09.504,1.83553,1.83577,1.69,1.00
2014.12.16 06:03:10.660,1.83553,1.83577,2.44,1.00
2014.12.16 06:03:11.174,1.83554,1.83577,1.00,1.00
2014.12.16 06:03:11.679,1.83553,1.83577,2.44,1.00
2014.12.16 06:03:12.189,1.83554,1.8358,1.00,1.44
2014.12.16 06:03:12.290,1.83556,1.8358,1.10,1.34
2014.12.16 06:03:12.341,1.83556,1.8358,1.29,1.00
2014.12.16 06:03:12.393,1.83557,1.83583,1.25,1.10
2014.12.16 06:03:12.443,1.83557,1.83583,1.19,1.10
2014.12.16 06:03:13.102,1.83559,1.83587,1.19,1.15
2014.12.16 06:03:13.153,1.83558,1.83587,1.57,1.40
2014.12.16 06:03:13.674,1.83555,1.83587,1.76,1.84
2014.12.16 06:03:15.092,1.83558,1.83583,1.10,1.34
2014.12.16 06:03:15.345,1.83554,1.83577,1.19,1.00
2014.12.16 06:03:16.076,1.83554,1.83577,1.00,1.00
2014.12.16 06:03:16.177,1.83554,1.83583,1.00,1.34
2014.12.16 06:03:17.482,1.83554,1.83583,1.00,1.34
2014.12.16 06:03:17.939,1.83554,1.83578,1.50,1.00
2014.12.16 06:03:18.141,1.83552,1.83578,1.87,1.00
2014.12.16 06:03:18.706,1.83552,1.83576,1.50,1.00
2014.12.16 06:03:19.424,1.83553,1.83576,1.00,1.00
2014.12.16 06:03:19.754,1.83548,1.83574,1.07,1.00
2014.12.16 06:03:19.805,1.83548,1.83574,1.00,1.29
2014.12.16 06:03:19.856,1.83546,1.83573,1.10,1.32
2014.12.16 06:03:19.958,1.83543,1.83573,1.50,2.07
2014.12.16 06:03:20.161,1.83544,1.83572,1.57,1.50
2014.12.16 06:03:20.563,1.8355,1.83577,1.00,1.25
2014.12.16 06:03:21.470,1.8355,1.8358,1.00,2.17
2014.12.16 06:03:21.521,1.83548,1.83578,1.20,1.09
2014.12.16 06:03:22.484,1.83548,1.83578,1.20,1.39
2014.12.16 06:03:22.740,1.83553,1.83577,1.00,1.30
2014.12.16 06:03:23.144,1.83553,1.83579,1.00,1.01
2014.12.16 06:03:23.651,1.83553,1.83575,1.00,1.17
2014.12.16 06:03:24.009,1.83553,1.8357,1.00,1.00
2014.12.16 06:03:24.263,1.83547,1.8357,1.00,1.00
2014.12.16 06:03:24.365,1.83547,1.8357,1.00,1.07
2014.12.16 06:03:24.467,1.83543,1.83569,1.00,1.49
2014.12.16 06:03:24.519,1.83543,1.83561,1.00,1.00
2014.12.16 06:03:24.931,1.83544,1.83566,1.00,1.57
2014.12.16 06:03:24.982,1.83544,1.83566,1.07,1.50
2014.12.16 06:03:25.033,1.83546,1.83566,1.20,1.00
2014.12.16 06:03:25.134,1.83547,1.83572,1.00,1.40
2014.12.16 06:03:25.337,1.83552,1.83572,1.00,1.40
2014.12.16 06:03:26.259,1.83552,1.83562,1.00,1.75
2014.12.16 06:03:26.461,1.83538,1.83557,1.00,1.75
2014.12.16 06:03:26.563,1.83528,1.83554,1.10,1.57
2014.12.16 06:03:26.765,1.83533,1.83554,1.00,1.57
2014.12.16 06:03:27.795,1.83528,1.8355,1.10,1.00
2014.12.16 06:03:30.445,1.83529,1.83552,1.00,1.17
2014.12.16 06:03:30.754,1.83531,1.83553,1.10,1.07
2014.12.16 06:03:30.957,1.83532,1.83556,1.00,1.40
2014.12.16 06:03:31.463,1.83533,1.83556,1.00,1.15
2014.12.16 06:03:32.350,1.83531,1.83556,1.10,1.15
2014.12.16 06:03:32.858,1.83532,1.83555,1.00,1.17
2014.12.16 06:03:34.695,1.83531,1.83556,1.10,1.15
2014.12.16 06:03:35.259,1.83533,1.83556,1.00,1.15
2014.12.16 06:03:35.361,1.83531,1.83556,1.10,1.34
2014.12.16 06:03:35.463,1.83528,1.83553,1.65,1.07
2014.12.16 06:03:35.514,1.83528,1.83553,1.57,1.15
2014.12.16 06:03:39.043,1.83528,1.83553,1.00,2.51
2014.12.16 06:03:39.346,1.8353,1.83552,1.00,1.50
2014.12.16 06:03:49.441,1.83531,1.83552,1.00,1.50
2014.12.16 06:03:49.543,1.83531,1.83555,1.00,1.76
2014.12.16 06:03:49.797,1.83529,1.83552,1.10,1.10
2014.12.16 06:03:50.073,1.83529,1.83552,1.00,1.50
2014.12.16 06:03:50.599,1.83528,1.8355,1.00,1.15
2014.12.16 06:03:50.751,1.83526,1.8355,1.00,1.15
2014.12.16 06:03:51.313,1.83528,1.8355,1.00,1.15
2014.12.16 06:03:52.072,1.83526,1.8355,1.00,1.15
2014.12.16 06:03:53.284,1.83531,1.83553,1.00,3.94
2014.12.16 06:03:53.436,1.83528,1.8355,1.00,1.20
2014.12.16 06:03:56.292,1.83528,1.8355,1.50,1.57
2014.12.16 06:03:56.602,1.83528,1.83544,1.50,1.00
2014.12.16 06:03:57.140,1.83528,1.83545,1.00,1.00
2014.12.16 06:03:57.724,1.83528,1.83544,1.00,1.00
2014.12.16 06:03:58.278,1.83528,1.83545,1.00,1.00
2014.12.16 06:03:59.298,1.83528,1.83544,1.00,1.00
2014.12.16 06:04:00.315,1.83528,1.83545,1.00,1.00
2014.12.16 06:04:00.822,1.83528,1.83544,1.00,1.00
2014.12.16 06:04:01.343,1.83528,1.83545,1.00,1.00
2014.12.16 06:04:01.938,1.83528,1.83547,1.00,1.20
2014.12.16 06:04:02.459,1.83528,1.83546,1.00,1.00
2014.12.16 06:04:04.378,1.83528,1.83547,1.00,1.20
2014.12.16 06:04:04.983,1.83528,1.83546,1.00,1.00
2014.12.16 06:04:05.500,1.83528,1.83549,1.00,1.65
2014.12.16 06:04:08.254,1.83533,1.83548,1.00,1.15
2014.12.16 06:04:09.123,1.83527,1.83547,1.00,1.20
2014.12.16 06:04:09.637,1.83525,1.83547,1.00,1.20
2014.12.16 06:04:09.891,1.83525,1.83547,1.00,1.82
2014.12.16 06:04:10.195,1.83532,1.83548,1.00,3.00
2014.12.16 06:04:10.296,1.83532,1.83548,1.00,1.17
2014.12.16 06:04:11.340,1.83532,1.83546,1.00,1.00
2014.12.16 06:04:11.442,1.8353,1.83545,1.00,1.00
2014.12.16 06:04:11.698,1.8353,1.83545,1.00,1.50
2014.12.16 06:04:11.800,1.83527,1.83545,1.00,1.57
2014.12.16 06:04:16.836,1.83527,1.83545,1.50,1.00
2014.12.16 06:04:16.937,1.83531,1.83547,1.00,1.09
2014.12.16 06:04:17.241,1.83536,1.83549,1.00,1.10
2014.12.16 06:04:17.444,1.83539,1.83554,1.00,1.36
2014.12.16 06:04:17.545,1.83539,1.83554,1.00,1.76
2014.12.16 06:04:17.849,1.83539,1.83551,1.00,1.57
2014.12.16 06:04:18.052,1.83539,1.83551,1.00,1.00
2014.12.16 06:04:18.153,1.83539,1.83556,1.00,1.76
2014.12.16 06:04:18.204,1.83539,1.83553,1.00,1.32
2014.12.16 06:04:18.730,1.83539,1.83551,1.00,1.15
2014.12.16 06:04:19.478,1.83534,1.83551,1.00,1.15
2014.12.16 06:04:20.710,1.83534,1.83551,1.00,1.07
2014.12.16 06:04:20.761,1.83534,1.83553,1.00,1.10
2014.12.16 06:04:21.423,1.83538,1.83556,1.00,1.20
2014.12.16 06:04:21.726,1.83541,1.83557,1.00,1.55
2014.12.16 06:04:26.411,1.83543,1.83557,1.00,1.17
2014.12.16 06:04:26.563,1.83543,1.83561,1.00,1.15
2014.12.16 06:04:26.968,1.83543,1.83557,1.00,1.00
2014.12.16 06:04:27.490,1.83543,1.83557,1.00,1.07
2014.12.16 06:04:34.866,1.8354,1.83559,1.00,1.57
2014.12.16 06:04:35.648,1.8354,1.83557,1.00,1.00
2014.12.16 06:04:35.699,1.8354,1.83561,1.00,1.34
2014.12.16 06:04:36.101,1.83544,1.83561,1.00,1.15
2014.12.16 06:04:36.405,1.83547,1.83563,1.00,1.50
2014.12.16 06:04:36.456,1.83547,1.83564,1.00,1.01
2014.12.16 06:04:37.198,1.83548,1.83567,1.00,1.20
2014.12.16 06:04:37.350,1.83548,1.8357,1.00,1.50
2014.12.16 06:04:37.401,1.83555,1.8357,1.00,1.50
2014.12.16 06:04:37.452,1.83555,1.83572,1.00,1.00
2014.12.16 06:04:37.654,1.83559,1.83579,1.00,2.25
2014.12.16 06:04:37.908,1.83562,1.83581,1.00,1.17
2014.12.16 06:04:38.060,1.83565,1.83583,1.00,1.57
2014.12.16 06:04:41.268,1.83568,1.83586,1.00,1.30
2014.12.16 06:04:42.458,1.83568,1.83585,1.00,2.07
2014.12.16 06:04:42.560,1.83565,1.83582,1.00,2.25
2014.12.16 06:04:42.814,1.83562,1.8358,1.00,1.15
2014.12.16 06:04:43.016,1.83559,1.8358,1.00,1.15
2014.12.16 06:04:43.067,1.83559,1.8358,1.00,1.82
2014.12.16 06:04:43.118,1.83557,1.83579,1.00,1.50
2014.12.16 06:04:43.784,1.83557,1.83582,1.00,3.56
2014.12.16 06:04:44.037,1.83561,1.83582,1.00,2.81
2014.12.16 06:04:44.343,1.83564,1.83582,1.00,2.81
2014.12.16 06:04:44.596,1.83564,1.83582,1.00,1.46
2014.12.16 06:04:49.793,1.8357,1.83585,1.00,2.44
2014.12.16 06:04:49.895,1.83571,1.83587,1.00,1.75
2014.12.16 06:04:49.946,1.83576,1.83592,1.00,1.00
2014.12.16 06:04:49.996,1.83576,1.83592,1.00,1.15
2014.12.16 06:04:50.047,1.83573,1.83592,1.00,1.15
2014.12.16 06:04:50.098,1.83573,1.83592,1.00,2.25
2014.12.16 06:04:50.402,1.83573,1.83588,1.00,1.50
2014.12.16 06:04:52.361,1.8357,1.83588,1.00,1.50
2014.12.16 06:04:52.412,1.8357,1.8358,1.00,1.50
2014.12.16 06:04:52.463,1.83566,1.83585,1.00,2.92
2014.12.16 06:04:52.514,1.83566,1.83585,1.00,1.50
2014.12.16 06:04:57.397,1.83566,1.83583,1.00,1.82
2014.12.16 06:04:57.448,1.83562,1.83581,1.00,1.50
2014.12.16 06:04:57.650,1.83567,1.83584,1.00,1.50
2014.12.16 06:04:59.156,1.83567,1.83587,1.00,2.44
2014.12.16 06:04:59.409,1.83569,1.83587,1.00,2.44
2014.12.16 06:05:06.305,1.83569,1.83589,1.00,1.50
2014.12.16 06:05:06.407,1.83569,1.8359,1.00,1.50
2014.12.16 06:05:06.559,1.83575,1.83595,1.00,3.67
2014.12.16 06:05:06.610,1.83575,1.83594,1.00,1.15
2014.12.16 06:05:06.660,1.83581,1.83594,1.00,1.15
2014.12.16 06:05:06.914,1.83581,1.83603,1.00,1.76
2014.12.16 06:05:07.015,1.83584,1.83603,1.00,1.76
2014.12.16 06:05:07.217,1.83582,1.83603,1.00,1.76
2014.12.16 06:05:14.146,1.83586,1.83603,1.00,1.00
2014.12.16 06:05:14.974,1.83586,1.83602,1.00,1.00
2014.12.16 06:05:15.738,1.83586,1.83603,1.00,1.00
2014.12.16 06:05:16.983,1.83586,1.83602,1.00,1.00
2014.12.16 06:05:17.381,1.83586,1.83607,1.00,1.17
2014.12.16 06:05:17.533,1.83586,1.83602,1.00,1.00
2014.12.16 06:05:17.735,1.83586,1.83607,1.00,1.17
2014.12.16 06:05:19.671,1.83583,1.83607,1.00,1.65
2014.12.16 06:05:20.859,1.83583,1.83607,1.00,1.76
2014.12.16 06:05:21.195,1.83581,1.83607,1.00,2.51
2014.12.16 06:05:22.358,1.83581,1.83604,1.00,1.50
2014.12.16 06:05:23.879,1.83581,1.83604,1.37,1.50
2014.12.16 06:05:23.929,1.83584,1.83608,1.45,3.00
2014.12.16 06:05:23.980,1.83587,1.83608,1.12,1.50
2014.12.16 06:05:24.031,1.83593,1.83613,1.00,1.50
2014.12.16 06:05:24.385,1.83593,1.83616,1.50,1.50
2014.12.16 06:05:24.436,1.83597,1.83618,1.00,1.50
2014.12.16 06:05:24.486,1.83597,1.83619,1.00,1.50
2014.12.16 06:05:25.648,1.83597,1.83621,1.00,1.87
2014.12.16 06:05:25.699,1.83597,1.83621,1.00,1.20
2014.12.16 06:05:26.215,1.83598,1.83621,1.00,1.20
2014.12.16 06:05:26.523,1.83594,1.8362,1.00,1.01
2014.12.16 06:05:26.827,1.83588,1.83612,2.06,1.82
2014.12.16 06:05:27.029,1.83585,1.8361,1.00,1.50
2014.12.16 06:05:27.131,1.83587,1.8361,1.00,1.50
2014.12.16 06:05:27.638,1.83587,1.83607,1.00,1.07
2014.12.16 06:05:29.636,1.83587,1.8361,1.00,1.69
2014.12.16 06:05:29.889,1.83589,1.8361,1.00,1.69
2014.12.16 06:05:30.041,1.83594,1.83613,1.00,1.00
2014.12.16 06:05:30.092,1.83596,1.83613,1.00,1.00
2014.12.16 06:05:30.143,1.83596,1.83617,1.00,1.07
2014.12.16 06:05:30.194,1.83599,1.83617,1.00,1.00
2014.12.16 06:05:30.548,1.83596,1.83617,1.19,1.00
2014.12.16 06:05:31.322,1.83596,1.83617,1.00,1.00
2014.12.16 06:05:31.476,1.83594,1.83617,1.50,1.75
2014.12.16 06:05:31.527,1.83592,1.83616,1.00,1.50
2014.12.16 06:05:31.578,1.83592,1.83615,1.00,1.82
2014.12.16 06:05:31.680,1.83589,1.83612,1.50,2.25
2014.12.16 06:05:31.781,1.83587,1.83612,1.00,3.00
2014.12.16 06:05:32.291,1.83586,1.83612,1.00,1.50
2014.12.16 06:05:32.494,1.83589,1.83612,1.00,1.50
2014.12.16 06:05:32.647,1.83594,1.83619,1.50,1.50
2014.12.16 06:05:33.102,1.83594,1.83621,1.57,1.01
2014.12.16 06:05:33.662,1.83597,1.83621,1.00,1.57
2014.12.16 06:05:33.864,1.83597,1.83621,1.57,1.15
2014.12.16 06:05:33.965,1.83599,1.83623,1.00,1.57
2014.12.16 06:05:41.277,1.83603,1.83623,1.00,1.30
2014.12.16 06:05:41.581,1.83602,1.83627,1.00,1.82
2014.12.16 06:05:42.295,1.83603,1.83628,1.00,1.97
2014.12.16 06:05:46.669,1.83607,1.83628,1.00,1.50
2014.12.16 06:05:48.072,1.83602,1.83627,1.00,1.82
2014.12.16 06:05:48.375,1.836,1.83624,1.25,1.50
2014.12.16 06:05:48.920,1.83598,1.83624,1.87,1.50
2014.12.16 06:05:49.880,1.836,1.83625,1.10,1.10
2014.12.16 06:05:49.982,1.83608,1.83624,1.00,1.00
2014.12.16 06:05:50.033,1.83608,1.8363,1.00,2.51
2014.12.16 06:05:50.084,1.83608,1.83627,1.00,1.50
2014.12.16 06:05:50.185,1.83603,1.83627,1.00,1.50
2014.12.16 06:05:50.237,1.83601,1.83627,1.00,1.50
2014.12.16 06:05:50.489,1.83602,1.83623,1.00,1.50
2014.12.16 06:05:50.647,1.836,1.83623,1.00,1.50
2014.12.16 06:05:52.132,1.83601,1.83623,1.00,1.50
2014.12.16 06:05:53.010,1.83601,1.83626,1.00,1.50
2014.12.16 06:05:53.520,1.836,1.83626,1.50,1.50
2014.12.16 06:05:53.773,1.836,1.83624,1.50,1.82
2014.12.16 06:05:54.077,1.83597,1.83617,1.00,3.00
2014.12.16 06:05:54.127,1.83594,1.83614,1.00,1.50
2014.12.16 06:05:54.280,1.83591,1.83614,1.00,2.62
2014.12.16 06:06:01.931,1.83587,1.83612,1.00,1.76
2014.12.16 06:06:15.084,1.83592,1.83612,1.00,1.01
2014.12.16 06:06:15.135,1.83592,1.83615,1.20,1.25
2014.12.16 06:06:15.186,1.83597,1.83617,1.00,2.59
2014.12.16 06:06:15.237,1.83597,1.83617,1.00,1.00
2014.12.16 06:06:15.389,1.83597,1.8362,1.00,2.02
2014.12.16 06:06:15.541,1.83599,1.83622,1.00,1.95
2014.12.16 06:06:18.294,1.83599,1.8362,1.00,1.15
2014.12.16 06:06:18.497,1.83594,1.83616,1.00,1.00
2014.12.16 06:06:18.548,1.83594,1.83616,1.00,1.50
2014.12.16 06:06:18.852,1.8359,1.83614,1.25,1.15
2014.12.16 06:06:20.358,1.8359,1.83614,1.00,2.07
2014.12.16 06:06:20.610,1.83588,1.83611,1.00,2.25
2014.12.16 06:06:32.364,1.83588,1.83609,1.00,2.25
2014.12.16 06:06:32.466,1.83586,1.83603,1.00,1.20
2014.12.16 06:06:32.668,1.83583,1.83603,1.00,2.62
2014.12.16 06:06:32.770,1.83582,1.83602,1.50,1.50
2014.12.16 06:06:33.225,1.83582,1.83603,1.00,1.15
2014.12.16 06:06:33.910,1.83584,1.83604,1.00,1.50
2014.12.16 06:06:34.062,1.83586,1.83606,1.00,1.10
2014.12.16 06:06:34.113,1.83582,1.83606,1.57,1.65
2014.12.16 06:06:34.626,1.83584,1.83606,1.00,1.15
2014.12.16 06:06:40.523,1.83584,1.83604,1.00,1.07
2014.12.16 06:06:47.281,1.83583,1.83604,1.00,1.50
2014.12.16 06:06:49.911,1.83582,1.83604,1.00,1.50
2014.12.16 06:06:53.138,1.83581,1.83602,1.50,1.15
2014.12.16 06:06:59.550,1.8358,1.836,1.00,1.00
2014.12.16 06:06:59.856,1.83578,1.836,1.00,1.82
2014.12.16 06:07:01.826,1.83577,1.83597,1.50,1.45
2014.12.16 06:07:02.130,1.83568,1.83587,1.50,1.50
2014.12.16 06:07:02.383,1.83562,1.83584,1.50,1.17
2014.12.16 06:07:02.636,1.83559,1.8358,1.57,1.00
2014.12.16 06:07:03.121,1.8356,1.8358,1.00,1.57
2014.12.16 06:07:04.767,1.83558,1.83579,1.50,1.15
2014.12.16 06:07:09.499,1.83557,1.8358,2.25,2.32
2014.12.16 06:07:10.006,1.83558,1.83578,1.00,2.32
2014.12.16 06:07:10.107,1.83556,1.83578,1.00,2.32
2014.12.16 06:07:10.411,1.83553,1.83576,1.00,1.65
2014.12.16 06:07:10.916,1.83553,1.83576,1.00,3.00
2014.12.16 06:07:12.806,1.83552,1.83574,1.00,1.15
2014.12.16 06:07:12.959,1.83547,1.8357,1.00,1.15
2014.12.16 06:07:13.363,1.83548,1.8357,1.00,2.32
2014.12.16 06:07:13.616,1.83546,1.83569,1.00,1.50
2014.12.16 06:07:15.055,1.83542,1.83569,1.50,2.25
2014.12.16 06:07:15.258,1.83535,1.83562,1.69,1.50
2014.12.16 06:07:15.663,1.83535,1.83559,1.50,1.82
2014.12.16 06:07:15.764,1.83533,1.83558,1.00,1.50
2014.12.16 06:07:16.472,1.83531,1.83556,1.00,1.15
2014.12.16 06:07:16.674,1.83533,1.83555,1.00,1.15
2014.12.16 06:07:16.927,1.83531,1.83556,1.00,3.00
2014.12.16 06:07:17.079,1.83532,1.83552,1.00,2.32
2014.12.16 06:07:17.230,1.83532,1.83554,1.50,1.15
2014.12.16 06:07:17.732,1.83533,1.83556,1.00,1.50
2014.12.16 06:07:18.035,1.83533,1.83559,1.00,1.87
2014.12.16 06:07:18.547,1.83538,1.83559,1.00,1.87
2014.12.16 06:07:18.648,1.83533,1.83559,2.25,1.87
2014.12.16 06:07:21.059,1.83533,1.8356,1.15,1.27
2014.12.16 06:07:21.364,1.83533,1.83559,1.00,1.50
2014.12.16 06:07:23.441,1.83533,1.83555,1.00,1.50
2014.12.16 06:07:23.492,1.83531,1.83555,1.00,1.50
2014.12.16 06:07:23.543,1.83538,1.83557,1.00,2.25
2014.12.16 06:07:23.644,1.83538,1.83559,1.00,1.34
2014.12.16 06:07:24.664,1.83535,1.8356,1.00,2.81
2014.12.16 06:07:25.741,1.83535,1.83557,1.00,1.20
2014.12.16 06:07:25.943,1.83532,1.83552,1.00,1.15
2014.12.16 06:07:26.450,1.83533,1.83557,1.00,1.82
2014.12.16 06:07:26.968,1.83534,1.83558,1.00,1.50
2014.12.16 06:07:31.573,1.83532,1.83557,1.00,1.82
2014.12.16 06:07:31.927,1.83533,1.83558,1.00,2.44
2014.12.16 06:07:32.079,1.83535,1.83557,1.00,1.57
2014.12.16 06:07:33.152,1.83538,1.83558,1.00,1.97
2014.12.16 06:07:33.457,1.83548,1.83567,1.00,1.85
2014.12.16 06:07:33.863,1.83547,1.8357,1.50,1.76
2014.12.16 06:07:35.690,1.83546,1.83562,1.00,1.00
2014.12.16 06:07:35.994,1.83537,1.83562,1.00,1.57
2014.12.16 06:07:36.247,1.83537,1.83559,1.00,1.07
2014.12.16 06:07:36.551,1.83537,1.83559,1.00,1.50
2014.12.16 06:07:43.383,1.83533,1.83556,1.50,1.97
2014.12.16 06:07:43.434,1.8353,1.83552,1.50,1.07
2014.12.16 06:07:43.585,1.83528,1.83549,1.00,1.50
2014.12.16 06:07:43.636,1.83526,1.83547,1.00,1.15
2014.12.16 06:07:43.687,1.83526,1.83547,1.00,2.25
2014.12.16 06:07:43.889,1.83522,1.83547,1.00,1.50
2014.12.16 06:07:44.394,1.8352,1.83545,1.00,1.01
2014.12.16 06:07:44.899,1.83519,1.83545,1.10,1.39
2014.12.16 06:07:45.607,1.83519,1.83539,1.00,1.50
2014.12.16 06:07:46.288,1.83517,1.83539,1.50,1.50
2014.12.16 06:07:46.441,1.83515,1.83537,1.00,2.70
2014.12.16 06:07:46.694,1.83517,1.8354,1.00,1.57
2014.12.16 06:07:47.199,1.83516,1.8354,1.00,1.57
2014.12.16 06:07:47.588,1.83516,1.83541,1.00,1.50
2014.12.16 06:07:48.704,1.83513,1.83541,1.65,1.50
2014.12.16 06:07:56.683,1.83512,1.83538,2.25,1.30
2014.12.16 06:07:57.151,1.83512,1.83538,2.62,1.30
2014.12.16 06:07:57.454,1.83523,1.83545,1.00,1.50
2014.12.16 06:07:57.924,1.83519,1.83545,1.50,1.50
2014.12.16 06:07:59.763,1.8352,1.83545,1.00,1.50
2014.12.16 06:08:00.321,1.83519,1.83545,1.00,1.50
2014.12.16 06:08:04.598,1.83517,1.83545,2.40,1.97
2014.12.16 06:08:04.648,1.83517,1.83542,2.25,1.50
2014.12.16 06:08:05.322,1.83516,1.83542,1.00,1.50
2014.12.16 06:08:07.813,1.83516,1.83542,1.00,1.50
2014.12.16 06:08:08.540,1.83514,1.83539,1.00,1.50
2014.12.16 06:08:12.081,1.83514,1.83539,1.57,1.07
2014.12.16 06:08:12.133,1.83514,1.83542,1.57,1.76
2014.12.16 06:08:24.431,1.83517,1.83543,1.00,3.19
2014.12.16 06:08:24.532,1.83514,1.83543,1.10,3.19
2014.12.16 06:08:30.966,1.83514,1.83542,1.50,1.42
2014.12.16 06:08:31.475,1.83514,1.83542,2.51,1.16
2014.12.16 06:08:32.387,1.83517,1.83544,1.15,1.99
2014.12.16 06:08:33.052,1.8352,1.83544,1.00,1.99
2014.12.16 06:08:33.356,1.83521,1.83544,1.17,1.84
2014.12.16 06:08:33.659,1.83521,1.83547,1.65,1.26
2014.12.16 06:08:33.710,1.83526,1.83547,1.00,1.26
2014.12.16 06:08:34.876,1.83526,1.83549,1.10,1.09
2014.12.16 06:08:34.978,1.83529,1.83549,2.25,1.00
2014.12.16 06:08:35.029,1.83533,1.83552,1.10,1.50
2014.12.16 06:08:35.080,1.83535,1.83552,1.00,1.00
2014.12.16 06:08:35.131,1.83535,1.83554,1.00,1.00
2014.12.16 06:08:35.182,1.83536,1.83554,1.65,1.00
2014.12.16 06:08:35.233,1.83537,1.83556,1.17,1.00
2014.12.16 06:08:35.284,1.83542,1.8356,1.10,1.12
2014.12.16 06:08:35.790,1.83543,1.83566,1.57,1.00
2014.12.16 06:08:35.841,1.83543,1.83568,1.57,1.20
2014.12.16 06:08:35.892,1.83546,1.83573,1.57,1.74
2014.12.16 06:08:36.196,1.83547,1.83574,1.00,3.90
2014.12.16 06:08:36.726,1.83546,1.83574,1.00,3.90
2014.12.16 06:08:36.777,1.83546,1.83574,1.65,2.55
2014.12.16 06:08:36.929,1.83551,1.83574,1.00,1.80
2014.12.16 06:08:37.232,1.83556,1.83577,1.57,1.56
2014.12.16 06:08:37.536,1.83558,1.83579,1.00,1.85
2014.12.16 06:08:37.646,1.83558,1.83579,1.00,1.20
2014.12.16 06:08:37.955,1.83555,1.83579,1.17,1.20
2014.12.16 06:08:38.056,1.83554,1.83577,1.65,1.00
2014.12.16 06:08:38.362,1.83554,1.83577,1.00,1.15
2014.12.16 06:08:38.871,1.83553,1.83577,1.50,1.15
2014.12.16 06:08:42.875,1.83553,1.83577,1.00,1.82
2014.12.16 06:08:43.080,1.83551,1.83576,1.00,1.97
2014.12.16 06:08:43.590,1.8355,1.83573,1.00,1.07
2014.12.16 06:08:44.762,1.83552,1.83573,1.00,1.50
2014.12.16 06:08:45.069,1.83549,1.83573,1.50,1.50
2014.12.16 06:08:46.181,1.83547,1.8357,2.25,1.50
2014.12.16 06:08:46.486,1.83547,1.83566,1.00,1.50
2014.12.16 06:08:46.791,1.83543,1.83566,1.00,2.25
2014.12.16 06:08:46.994,1.83542,1.83562,1.00,1.50
2014.12.16 06:08:47.197,1.83539,1.83562,1.00,1.50
2014.12.16 06:08:47.298,1.83542,1.83562,1.00,1.50
2014.12.16 06:08:48.286,1.83539,1.83562,1.00,1.50
2014.12.16 06:08:50.271,1.83543,1.83562,1.00,1.50
2014.12.16 06:08:51.392,1.83539,1.83562,1.00,1.50
2014.12.16 06:08:53.220,1.83538,1.83562,1.00,1.50
2014.12.16 06:08:57.197,1.83535,1.83561,1.10,1.57
2014.12.16 06:08:57.450,1.83538,1.83561,1.00,1.57
2014.12.16 06:08:58.186,1.83535,1.83561,1.10,1.76
2014.12.16 06:08:58.600,1.83535,1.8356,1.00,1.20
2014.12.16 06:08:58.905,1.83523,1.83546,1.50,1.82
2014.12.16 06:08:59.006,1.8352,1.83545,1.00,1.50
2014.12.16 06:08:59.108,1.83518,1.83543,1.36,1.82
2014.12.16 06:08:59.411,1.83513,1.83538,1.61,1.50
2014.12.16 06:09:00.759,1.83513,1.83538,1.00,3.00
2014.12.16 06:09:01.303,1.83512,1.83538,1.00,2.25
2014.12.16 06:09:01.708,1.8351,1.83538,1.20,2.25
2014.12.16 06:09:11.927,1.8351,1.83538,1.76,1.57
2014.12.16 06:09:11.978,1.8351,1.83538,2.07,1.07
2014.12.16 06:09:12.637,1.83515,1.8354,1.00,1.01
2014.12.16 06:09:12.940,1.83515,1.83542,1.07,1.76
2014.12.16 06:09:13.345,1.83518,1.83545,1.15,1.34
2014.12.16 06:09:13.549,1.83526,1.83547,1.17,2.25
2014.12.16 06:09:13.650,1.83527,1.83552,1.10,1.65
2014.12.16 06:09:13.752,1.83528,1.83553,1.65,1.00
2014.12.16 06:09:13.802,1.83528,1.83555,1.65,1.20
2014.12.16 06:09:13.853,1.83533,1.83555,1.00,1.20
2014.12.16 06:09:14.005,1.83534,1.83558,1.15,1.00
2014.12.16 06:09:14.056,1.83534,1.83561,1.15,1.52
2014.12.16 06:09:14.359,1.83537,1.83561,1.00,1.52
2014.12.16 06:09:14.895,1.83537,1.83559,1.00,1.00
2014.12.16 06:09:16.638,1.8354,1.83559,1.07,1.00
2014.12.16 06:09:16.688,1.8354,1.83562,1.15,1.25
2014.12.16 06:09:16.790,1.83546,1.83564,1.00,1.19
2014.12.16 06:09:16.891,1.83546,1.83564,1.00,1.00
2014.12.16 06:09:16.942,1.83543,1.83564,1.00,1.00
2014.12.16 06:09:17.248,1.83543,1.83562,1.00,1.00
2014.12.16 06:09:17.703,1.83543,1.83564,1.00,1.00
2014.12.16 06:09:17.804,1.83541,1.83564,1.20,1.00
2014.12.16 06:09:17.855,1.83541,1.83562,1.20,1.00
2014.12.16 06:09:18.009,1.83538,1.83562,1.57,1.17
2014.12.16 06:09:18.060,1.83538,1.83559,1.57,1.00
2014.12.16 06:09:18.363,1.83538,1.83557,1.00,1.00
2014.12.16 06:09:21.785,1.83538,1.83556,1.00,1.50
2014.12.16 06:09:21.887,1.8353,1.83552,1.00,1.65
2014.12.16 06:09:21.938,1.8353,1.83543,1.00,1.00
2014.12.16 06:09:22.091,1.83523,1.83543,1.65,1.00
2014.12.16 06:09:22.651,1.83523,1.83543,1.10,1.07
2014.12.16 06:09:22.702,1.83523,1.8354,1.00,1.00
2014.12.16 06:09:24.387,1.83519,1.8354,1.10,1.00
2014.12.16 06:09:24.692,1.83519,1.83543,1.10,1.17
2014.12.16 06:09:24.844,1.83524,1.83542,1.00,1.10
2014.12.16 06:09:25.611,1.83524,1.83543,1.00,1.00
2014.12.16 06:09:28.656,1.83524,1.83547,1.00,1.57
2014.12.16 06:09:33.444,1.83524,1.83547,1.57,1.07
2014.12.16 06:09:34.003,1.83524,1.83547,1.65,1.00
2014.12.16 06:09:40.069,1.83527,1.83547,1.00,1.00
2014.12.16 06:09:40.171,1.83529,1.83548,1.75,1.00
2014.12.16 06:09:40.323,1.83535,1.83553,1.07,1.87
2014.12.16 06:09:40.374,1.83539,1.83553,1.00,1.37
2014.12.16 06:09:40.679,1.83539,1.83559,1.00,1.00
2014.12.16 06:09:41.085,1.83539,1.83561,1.00,1.00
2014.12.16 06:09:41.136,1.83541,1.83561,1.00,1.00
2014.12.16 06:09:42.747,1.8354,1.83561,1.00,1.25
2014.12.16 06:09:43.257,1.8354,1.8356,1.00,1.00
2014.12.16 06:09:43.955,1.8354,1.83558,1.00,1.00
2014.12.16 06:09:45.818,1.8354,1.83553,1.00,1.00
2014.12.16 06:09:46.174,1.83536,1.83557,1.17,1.00
2014.12.16 06:09:46.276,1.83536,1.83553,1.17,1.00
2014.12.16 06:09:46.479,1.83536,1.83557,1.17,1.00
2014.12.16 06:09:47.491,1.83536,1.83558,1.17,1.00
2014.12.16 06:09:51.756,1.83536,1.83557,1.17,1.00
2014.12.16 06:09:52.312,1.83536,1.83559,1.17,1.00
2014.12.16 06:09:52.514,1.83536,1.83559,1.00,1.57
2014.12.16 06:09:53.022,1.83535,1.83557,1.00,1.07
2014.12.16 06:09:53.326,1.83541,1.8356,1.00,1.50
2014.12.16 06:09:53.631,1.83537,1.8356,1.00,3.26
2014.12.16 06:09:57.327,1.83537,1.8355,1.00,1.00
2014.12.16 06:09:57.734,1.83541,1.8355,1.00,1.00
2014.12.16 06:09:57.785,1.83541,1.83554,1.00,1.00
2014.12.16 06:10:00.249,1.83537,1.83554,1.50,1.00
2014.12.16 06:10:00.502,1.83534,1.83553,1.00,1.00
2014.12.16 06:10:00.553,1.83533,1.8355,1.00,1.17
2014.12.16 06:10:00.654,1.83532,1.83552,1.00,1.50
2014.12.16 06:10:00.806,1.83535,1.83552,1.07,1.00
2014.12.16 06:10:00.958,1.83535,1.83555,1.65,1.00
2014.12.16 06:10:01.010,1.83538,1.83555,1.07,1.00
2014.12.16 06:10:01.725,1.83538,1.83557,1.15,1.00
2014.12.16 06:10:02.053,1.83538,1.83559,1.65,1.00
2014.12.16 06:10:02.357,1.83538,1.83559,1.50,1.17
2014.12.16 06:10:02.884,1.83538,1.83559,1.50,1.00
2014.12.16 06:10:02.935,1.83542,1.8356,1.07,1.00
2014.12.16 06:10:03.188,1.83545,1.83564,1.00,1.00
2014.12.16 06:10:03.391,1.83545,1.83561,1.00,1.00
2014.12.16 06:10:03.441,1.83542,1.83561,1.00,1.00
2014.12.16 06:10:03.543,1.83541,1.83561,1.00,1.15
2014.12.16 06:10:03.694,1.83537,1.83559,1.00,1.10
2014.12.16 06:10:03.745,1.83537,1.83555,1.00,1.00
2014.12.16 06:10:04.263,1.83538,1.83555,1.00,1.00
2014.12.16 06:10:11.617,1.83537,1.83557,1.15,1.00
2014.12.16 06:10:12.021,1.8354,1.83557,1.00,1.00
2014.12.16 06:10:27.618,1.8354,1.83558,1.00,1.00
2014.12.16 06:10:28.083,1.83543,1.83558,1.00,1.00
2014.12.16 06:10:29.289,1.83549,1.83558,1.00,1.00
2014.12.16 06:10:29.442,1.83549,1.83569,1.95,1.00
2014.12.16 06:10:29.544,1.83556,1.83569,1.00,1.00
2014.12.16 06:10:29.595,1.83556,1.83574,1.00,1.07
2014.12.16 06:10:29.747,1.83558,1.8358,1.00,2.51
2014.12.16 06:10:29.798,1.83558,1.8358,1.00,1.84
2014.12.16 06:10:29.950,1.83561,1.8358,1.00,1.15
2014.12.16 06:10:30.203,1.83561,1.8358,1.00,1.10
2014.12.16 06:10:31.637,1.83561,1.83579,1.00,1.00
2014.12.16 06:10:36.158,1.83561,1.83582,1.00,1.65
2014.12.16 06:10:36.310,1.83561,1.83582,1.00,1.50
2014.12.16 06:10:38.410,1.83561,1.83582,1.00,1.57
2014.12.16 06:10:46.676,1.83563,1.83582,1.00,1.07
2014.12.16 06:10:47.759,1.83562,1.83582,1.00,1.07
2014.12.16 06:10:48.012,1.83558,1.8358,1.50,1.00
2014.12.16 06:10:48.417,1.83561,1.83582,1.00,1.57
2014.12.16 06:10:48.721,1.83556,1.83579,1.00,1.00
2014.12.16 06:10:48.873,1.83558,1.83582,1.00,1.84
2014.12.16 06:10:49.195,1.83557,1.83578,1.00,1.00
2014.12.16 06:10:49.550,1.83554,1.83576,1.17,1.00
2014.12.16 06:10:50.065,1.83554,1.83572,1.17,1.00
2014.12.16 06:10:50.368,1.83554,1.83573,1.00,3.37
2014.12.16 06:10:50.420,1.83549,1.83567,1.00,1.00
2014.12.16 06:10:50.521,1.83546,1.83562,1.00,1.00
2014.12.16 06:10:50.774,1.83541,1.83562,1.00,1.65
2014.12.16 06:10:50.875,1.83541,1.83559,1.00,1.00
2014.12.16 06:10:53.157,1.83541,1.83562,1.00,1.84
2014.12.16 06:10:53.525,1.83542,1.83562,1.07,1.00
2014.12.16 06:10:53.628,1.83545,1.83566,1.00,1.76
2014.12.16 06:10:54.184,1.83548,1.83566,1.00,1.01
2014.12.16 06:10:54.487,1.83548,1.83569,1.00,1.29
2014.12.16 06:10:55.346,1.83548,1.83569,1.00,1.01
2014.12.16 06:10:58.119,1.83548,1.83569,1.17,1.25
2014.12.16 06:10:58.667,1.83548,1.83566,1.17,1.00
2014.12.16 06:10:58.877,1.83548,1.83568,1.00,1.50
2014.12.16 06:10:59.235,1.83552,1.8357,1.10,1.19
2014.12.16 06:10:59.387,1.83552,1.83571,1.10,1.00
2014.12.16 06:10:59.438,1.83555,1.83571,1.00,1.00
2014.12.16 06:11:00.523,1.83551,1.83571,1.17,1.00
2014.12.16 06:11:01.980,1.83553,1.83571,1.00,1.00
2014.12.16 06:11:03.379,1.83553,1.83574,1.00,1.19
2014.12.16 06:11:03.891,1.83551,1.83573,1.17,1.69
2014.12.16 06:11:04.414,1.83551,1.83573,1.17,1.69
2014.12.16 06:11:04.960,1.83551,1.83571,1.17,1.00
2014.12.16 06:11:10.246,1.83551,1.83571,1.00,1.00
2014.12.16 06:11:11.630,1.83551,1.83571,2.92,1.00
2014.12.16 06:11:11.782,1.83558,1.83576,1.17,1.00
2014.12.16 06:11:11.884,1.83558,1.83581,1.17,1.00
2014.12.16 06:11:12.188,1.83562,1.83583,1.00,1.17
2014.12.16 06:11:13.097,1.83558,1.83579,1.09,1.00
2014.12.16 06:11:13.300,1.83561,1.83582,1.00,1.00
2014.12.16 06:11:13.351,1.83561,1.83582,1.00,1.57
2014.12.16 06:11:13.402,1.83558,1.83579,1.00,1.10
2014.12.16 06:11:13.907,1.83558,1.83579,1.00,1.15
2014.12.16 06:11:14.242,1.83558,1.83578,1.00,1.50
2014.12.16 06:11:14.293,1.83553,1.83574,1.00,1.10
2014.12.16 06:11:18.459,1.83553,1.83574,1.00,1.50
2014.12.16 06:11:19.010,1.83553,1.83574,1.00,1.00
2014.12.16 06:11:19.264,1.83553,1.83574,1.00,1.50
2014.12.16 06:11:22.744,1.83553,1.83574,1.00,1.17
2014.12.16 06:11:22.795,1.83553,1.83574,1.00,1.10
2014.12.16 06:11:40.083,1.83553,1.83574,1.07,1.00
2014.12.16 06:11:40.235,1.83557,1.83579,1.00,1.17
2014.12.16 06:11:50.939,1.83559,1.83577,1.87,1.10
2014.12.16 06:11:51.243,1.83568,1.83591,1.10,1.10
2014.12.16 06:11:51.345,1.83571,1.83593,1.00,1.15
2014.12.16 06:11:54.712,1.83571,1.83594,1.17,1.00
2014.12.16 06:11:54.763,1.83574,1.83596,1.10,1.32
2014.12.16 06:11:55.269,1.83574,1.83596,1.17,1.00
2014.12.16 06:11:58.421,1.83574,1.83595,1.17,1.00
2014.12.16 06:11:59.524,1.83574,1.83596,1.36,1.00
2014.12.16 06:12:03.660,1.83574,1.83595,1.17,1.00
2014.12.16 06:12:09.155,1.83574,1.83596,1.17,1.00
2014.12.16 06:12:15.353,1.83574,1.83596,1.00,1.00
2014.12.16 06:12:16.344,1.83579,1.83599,1.00,1.15
2014.12.16 06:12:16.547,1.83587,1.83607,1.00,1.00
2014.12.16 06:12:16.648,1.83587,1.8361,1.50,1.00
2014.12.16 06:12:16.749,1.83591,1.83612,1.00,2.25
2014.12.16 06:12:17.053,1.83594,1.83612,1.00,1.00
2014.12.16 06:12:18.070,1.83594,1.83615,1.00,1.65
2014.12.16 06:12:18.627,1.83594,1.83615,1.00,1.50
2014.12.16 06:12:19.426,1.83596,1.83617,1.00,1.10
2014.12.16 06:12:19.729,1.83604,1.83626,1.57,1.07
2014.12.16 06:12:20.033,1.83607,1.83629,1.00,1.17
2014.12.16 06:12:20.134,1.83605,1.83629,1.10,1.17
2014.12.16 06:12:21.425,1.83607,1.83629,1.00,1.17
2014.12.16 06:12:21.732,1.83607,1.83633,1.00,2.44
2014.12.16 06:12:21.783,1.83607,1.83633,1.00,2.44
2014.12.16 06:12:22.285,1.83603,1.83631,1.76,1.15
2014.12.16 06:12:22.947,1.83602,1.83631,2.44,2.07
2014.12.16 06:12:22.998,1.83602,1.8363,1.76,1.50
2014.12.16 06:12:23.352,1.83597,1.83623,2.25,1.10
2014.12.16 06:12:23.402,1.83597,1.83623,1.57,1.17
2014.12.16 06:12:23.554,1.83597,1.83622,1.10,1.85
2014.12.16 06:12:23.605,1.83591,1.83621,1.84,2.25
2014.12.16 06:12:23.858,1.83591,1.83618,1.76,1.57
2014.12.16 06:12:24.263,1.83588,1.83615,1.65,1.15
2014.12.16 06:12:28.619,1.83588,1.83615,1.76,1.17
2014.12.16 06:12:28.670,1.83588,1.83615,2.44,1.10
2014.12.16 06:12:28.873,1.83593,1.83617,2.17,1.32
2014.12.16 06:12:28.974,1.83601,1.83621,1.07,1.00
2014.12.16 06:12:29.077,1.83603,1.83623,1.85,1.00
2014.12.16 06:12:29.179,1.83607,1.83629,1.85,1.00
2014.12.16 06:12:29.331,1.83607,1.83636,1.50,1.15
2014.12.16 06:12:29.951,1.83608,1.83633,1.57,1.00
2014.12.16 06:12:30.205,1.83607,1.83637,1.57,1.20
2014.12.16 06:12:30.256,1.83607,1.83636,1.07,1.50
2014.12.16 06:12:30.912,1.83607,1.83636,1.00,2.25
2014.12.16 06:12:31.165,1.83603,1.83633,1.84,1.97
2014.12.16 06:12:31.216,1.83603,1.83628,1.01,1.12
2014.12.16 06:12:31.520,1.83594,1.8362,1.37,1.50
2014.12.16 06:12:31.621,1.83592,1.8362,1.65,1.97
2014.12.16 06:12:32.481,1.83592,1.8362,1.10,3.86
2014.12.16 06:12:32.986,1.83593,1.83617,1.00,2.92
2014.12.16 06:12:33.037,1.83588,1.83617,1.69,2.92
2014.12.16 06:12:33.473,1.83597,1.83613,1.00,1.50
2014.12.16 06:12:33.626,1.83597,1.83616,1.00,1.10
2014.12.16 06:12:33.778,1.83597,1.83624,1.00,1.50
2014.12.16 06:12:34.345,1.83595,1.83624,1.20,2.25
2014.12.16 06:12:34.396,1.83593,1.83618,1.37,1.50
2014.12.16 06:12:34.700,1.83588,1.83615,1.19,1.50
2014.12.16 06:12:34.751,1.83588,1.83615,1.25,1.50
2014.12.16 06:12:35.584,1.83593,1.83612,1.00,1.17
2014.12.16 06:12:36.115,1.83592,1.83612,1.00,1.17
2014.12.16 06:12:36.420,1.83603,1.83621,1.00,1.50
2014.12.16 06:12:36.825,1.83603,1.83624,1.00,2.25
2014.12.16 06:12:38.600,1.83604,1.83628,1.00,1.50
2014.12.16 06:12:38.701,1.83605,1.83632,1.50,2.25
2014.12.16 06:12:39.004,1.83602,1.83629,3.15,1.15
2014.12.16 06:12:39.470,1.83604,1.83628,1.00,1.07
2014.12.16 06:12:39.776,1.836,1.83622,1.00,1.50
2014.12.16 06:12:39.827,1.83598,1.8362,1.50,1.50
2014.12.16 06:12:39.878,1.83597,1.83616,1.00,1.07
2014.12.16 06:12:40.116,1.83592,1.83613,1.00,1.50
2014.12.16 06:12:40.169,1.83588,1.83613,1.50,1.50
2014.12.16 06:12:40.271,1.83588,1.83613,1.00,1.50
2014.12.16 06:12:40.807,1.83588,1.8361,1.00,1.57
2014.12.16 06:12:42.096,1.83588,1.8361,1.00,1.00
2014.12.16 06:12:42.147,1.83594,1.8361,1.00,1.00
2014.12.16 06:12:42.199,1.83598,1.83618,1.00,1.00
2014.12.16 06:12:42.300,1.83602,1.83619,1.00,1.20
2014.12.16 06:12:42.401,1.83598,1.83622,1.69,1.50
2014.12.16 06:12:42.453,1.836,1.83622,1.00,1.50
2014.12.16 06:12:42.908,1.836,1.83623,1.00,1.15
2014.12.16 06:12:42.959,1.83604,1.83623,1.00,1.15
2014.12.16 06:12:43.010,1.83604,1.83623,1.00,1.00
2014.12.16 06:12:43.061,1.83604,1.83625,1.00,1.00
2014.12.16 06:12:43.417,1.83608,1.83628,1.00,1.15
2014.12.16 06:12:43.518,1.83603,1.83626,1.00,1.50
2014.12.16 06:12:43.872,1.836,1.83626,1.00,1.50
2014.12.16 06:12:44.075,1.83603,1.83626,1.00,1.50
2014.12.16 06:12:44.641,1.83603,1.83626,1.00,1.50
2014.12.16 06:12:47.033,1.83602,1.83626,1.00,1.50
2014.12.16 06:12:48.167,1.83603,1.83626,1.00,2.25
2014.12.16 06:12:48.471,1.83598,1.83622,1.36,1.10
2014.12.16 06:12:49.828,1.83601,1.83622,1.00,1.00
2014.12.16 06:12:49.879,1.83601,1.83624,1.50,1.00
2014.12.16 06:12:49.930,1.83601,1.83624,3.00,1.00
2014.12.16 06:12:50.032,1.83608,1.83631,1.10,1.17
2014.12.16 06:12:50.133,1.83608,1.83631,1.10,1.10
2014.12.16 06:12:51.553,1.83606,1.83626,1.15,1.00
2014.12.16 06:12:51.655,1.83602,1.83625,1.19,1.17
2014.12.16 06:12:51.807,1.83598,1.83624,1.65,1.07
2014.12.16 06:12:52.111,1.83603,1.83624,1.00,1.07
2014.12.16 06:12:56.418,1.83602,1.83624,1.07,1.00
2014.12.16 06:12:56.721,1.83609,1.83627,1.00,1.50
2014.12.16 06:12:56.974,1.83602,1.83625,1.00,1.07
2014.12.16 06:12:57.494,1.83603,1.83625,1.00,1.07
2014.12.16 06:12:58.379,1.83602,1.83625,1.00,1.07
2014.12.16 06:13:00.668,1.83602,1.83625,1.17,1.00
2014.12.16 06:13:00.871,1.83603,1.83627,1.65,1.00
2014.12.16 06:13:01.225,1.83603,1.83629,1.57,1.50
2014.12.16 06:13:01.934,1.83608,1.83629,1.00,1.00
2014.12.16 06:13:02.136,1.83603,1.83629,1.76,1.00
2014.12.16 06:13:02.657,1.83607,1.83629,1.00,1.00
2014.12.16 06:13:03.559,1.83603,1.83629,1.76,1.00
2014.12.16 06:13:04.071,1.83607,1.83629,1.00,1.00
2014.12.16 06:13:05.564,1.83607,1.83629,1.00,1.57
2014.12.16 06:13:05.666,1.83603,1.83629,2.32,1.57
2014.12.16 06:13:05.717,1.83607,1.8363,1.00,1.82
2014.12.16 06:13:05.768,1.83607,1.8363,1.00,1.00
2014.12.16 06:13:06.072,1.83611,1.83633,1.00,1.10
2014.12.16 06:13:06.376,1.83613,1.83632,1.00,1.00
2014.12.16 06:13:06.881,1.83614,1.83636,1.00,1.76
2014.12.16 06:13:07.447,1.83614,1.83637,1.00,1.84
2014.12.16 06:13:07.977,1.83614,1.83637,1.00,1.07
2014.12.16 06:13:09.149,1.83614,1.83635,1.00,1.00
2014.12.16 06:13:09.301,1.83614,1.83633,1.00,1.00
2014.12.16 06:13:09.453,1.8361,1.83634,1.17,1.57
2014.12.16 06:13:09.959,1.8361,1.83633,1.10,1.57
2014.12.16 06:13:10.774,1.83607,1.83632,1.00,1.15
2014.12.16 06:13:17.586,1.83607,1.83632,2.25,1.07
2014.12.16 06:13:17.890,1.83612,1.83633,1.00,1.10
2014.12.16 06:13:18.196,1.8361,1.83634,1.10,1.17
2014.12.16 06:13:19.709,1.83608,1.83631,1.40,1.00
2014.12.16 06:13:22.591,1.83608,1.83631,1.00,1.10
2014.12.16 06:13:25.524,1.83607,1.83628,1.00,1.00
2014.12.16 06:13:25.827,1.83605,1.83628,1.19,1.15
2014.12.16 06:13:26.761,1.83607,1.83628,1.00,1.15
2014.12.16 06:13:27.013,1.83607,1.83628,1.00,1.00
2014.12.16 06:13:28.532,1.83605,1.83628,1.29,1.00
2014.12.16 06:13:36.808,1.83605,1.83628,1.76,1.00
2014.12.16 06:13:38.293,1.83612,1.83631,1.17,1.00
2014.12.16 06:13:38.344,1.83612,1.83635,2.40,1.50
2014.12.16 06:13:39.138,1.83616,1.83637,1.00,1.65
2014.12.16 06:13:45.595,1.83616,1.83628,1.00,1.00
2014.12.16 06:13:45.696,1.83609,1.83624,1.00,1.34
2014.12.16 06:13:45.747,1.83603,1.83625,1.00,1.46
2014.12.16 06:13:45.798,1.83603,1.83622,1.00,1.97
2014.12.16 06:13:45.850,1.83597,1.83619,1.00,1.17
2014.12.16 06:13:46.004,1.83595,1.83619,1.00,1.17
2014.12.16 06:13:46.105,1.83593,1.83615,1.57,1.00
2014.12.16 06:13:46.419,1.83596,1.83618,1.10,1.00
2014.12.16 06:13:46.723,1.83605,1.8362,1.00,1.00
2014.12.16 06:13:46.774,1.83606,1.83627,1.00,1.10
2014.12.16 06:13:47.027,1.83608,1.83627,1.17,1.00
2014.12.16 06:13:47.078,1.83609,1.83632,1.10,1.10
2014.12.16 06:13:50.022,1.83611,1.83632,1.00,1.10
2014.12.16 06:13:50.887,1.83609,1.83632,1.10,1.10
2014.12.16 06:13:51.013,1.8361,1.83632,1.50,1.00
2014.12.16 06:13:51.064,1.83614,1.83635,1.00,1.00
2014.12.16 06:13:51.115,1.83614,1.83635,1.57,1.00
2014.12.16 06:13:51.469,1.83617,1.83639,1.10,1.00
2014.12.16 06:13:51.823,1.83617,1.83639,1.00,1.57
2014.12.16 06:13:52.229,1.83611,1.83633,1.15,1.00
2014.12.16 06:13:54.739,1.83611,1.83633,1.25,1.00
2014.12.16 06:14:01.246,1.83611,1.83633,1.19,1.00
2014.12.16 06:14:04.053,1.83611,1.83633,1.76,1.00
2014.12.16 06:14:06.323,1.83618,1.83639,1.00,1.07
2014.12.16 06:14:06.374,1.83618,1.83639,1.00,1.00
2014.12.16 06:14:09.692,1.83619,1.83639,1.00,1.00
2014.12.16 06:14:10.224,1.83618,1.83639,1.00,1.00
2014.12.16 06:14:10.734,1.8362,1.83642,1.00,1.15
2014.12.16 06:14:10.835,1.8362,1.83642,1.00,1.00
2014.12.16 06:14:12.872,1.8362,1.83642,1.07,1.00
2014.12.16 06:14:12.923,1.83623,1.83645,1.00,1.50
2014.12.16 06:14:13.355,1.8362,1.83641,1.20,1.00
2014.12.16 06:14:17.079,1.8362,1.83641,1.00,1.17
2014.12.16 06:14:22.505,1.8362,1.83641,1.10,1.00
2014.12.16 06:14:22.811,1.83622,1.83641,1.00,1.00
2014.12.16 06:14:22.862,1.8362,1.83641,1.10,1.00
2014.12.16 06:14:26.167,1.8362,1.83641,1.00,2.25
2014.12.16 06:14:26.218,1.83617,1.83637,1.00,1.17
2014.12.16 06:14:26.475,1.83615,1.83637,1.00,1.17
2014.12.16 06:14:26.576,1.83613,1.83634,1.10,1.00
2014.12.16 06:14:27.083,1.83612,1.83634,1.10,1.07
2014.12.16 06:14:27.590,1.83613,1.83634,1.00,1.15
2014.12.16 06:14:28.094,1.83612,1.83634,1.00,1.15
2014.12.16 06:14:29.186,1.83612,1.83634,1.00,2.32
2014.12.16 06:14:29.338,1.83609,1.8363,1.25,1.15
2014.12.16 06:14:29.541,1.83606,1.83629,1.00,1.20
2014.12.16 06:14:29.773,1.83605,1.83629,1.50,1.57
2014.12.16 06:14:29.977,1.83599,1.83623,1.00,1.15
2014.12.16 06:14:30.534,1.83597,1.83618,1.50,1.00
2014.12.16 06:14:31.039,1.83598,1.83618,1.00,1.00
2014.12.16 06:14:33.822,1.83598,1.83618,1.00,1.15
2014.12.16 06:14:33.924,1.83598,1.83618,1.00,1.00
2014.12.16 06:14:34.431,1.83599,1.83621,1.00,1.15
2014.12.16 06:14:34.482,1.83599,1.83621,1.00,2.25
2014.12.16 06:14:34.634,1.83593,1.83617,2.51,1.10
2014.12.16 06:14:34.685,1.83593,1.83617,1.69,2.25
2014.12.16 06:14:35.191,1.83597,1.83613,1.00,1.10
2014.12.16 06:14:35.760,1.83591,1.83613,1.00,1.10
2014.12.16 06:14:35.912,1.83594,1.83615,1.00,1.15
2014.12.16 06:14:38.609,1.83594,1.83615,1.00,1.07
2014.12.16 06:14:38.919,1.83594,1.83615,1.75,1.00
2014.12.16 06:14:39.121,1.836,1.83622,1.10,1.00
2014.12.16 06:14:40.919,1.836,1.83622,1.00,1.57
2014.12.16 06:14:40.970,1.83597,1.8362,1.00,1.10
2014.12.16 06:14:42.232,1.83597,1.83618,1.00,1.00
2014.12.16 06:14:42.718,1.83597,1.83614,1.00,1.00
2014.12.16 06:14:43.224,1.83597,1.83613,1.00,1.00
2014.12.16 06:14:43.427,1.83588,1.83606,1.00,1.00
2014.12.16 06:14:43.529,1.83589,1.83608,1.00,1.00
2014.12.16 06:14:43.631,1.83586,1.83606,1.00,1.10
2014.12.16 06:14:43.733,1.83583,1.83604,1.10,1.00
2014.12.16 06:14:43.834,1.83583,1.83602,1.10,1.00
2014.12.16 06:14:44.037,1.83578,1.83601,1.17,1.00
2014.12.16 06:14:44.341,1.83578,1.83601,1.00,1.15
2014.12.16 06:14:44.594,1.83575,1.83598,1.20,1.00
2014.12.16 06:14:45.055,1.83578,1.83601,1.00,1.65
2014.12.16 06:14:45.617,1.83578,1.83601,1.07,1.57
2014.12.16 06:14:46.151,1.83578,1.83601,1.17,1.50
2014.12.16 06:14:47.144,1.83575,1.83599,1.50,1.00
2014.12.16 06:14:47.650,1.83581,1.83599,1.00,1.00
2014.12.16 06:14:48.156,1.83581,1.836,1.00,1.00
2014.12.16 06:14:48.510,1.83581,1.836,1.07,1.00
2014.12.16 06:14:48.915,1.83583,1.83604,1.10,1.00
2014.12.16 06:14:49.117,1.83583,1.83601,1.10,1.00
2014.12.16 06:14:49.319,1.83578,1.83598,2.25,1.00
2014.12.16 06:14:49.472,1.83573,1.83592,1.09,1.00
2014.12.16 06:14:49.927,1.83574,1.83592,1.50,1.00
2014.12.16 06:14:49.978,1.83576,1.83596,1.15,1.50
2014.12.16 06:14:50.129,1.83574,1.83598,3.00,1.50
2014.12.16 06:14:50.665,1.83578,1.83598,1.00,1.00
2014.12.16 06:14:51.954,1.83578,1.83598,1.00,1.17
2014.12.16 06:14:52.005,1.83573,1.83598,1.09,1.17
2014.12.16 06:14:52.410,1.83572,1.83595,1.34,1.00
2014.12.16 06:14:52.713,1.83578,1.83595,1.00,1.00
2014.12.16 06:14:52.764,1.83573,1.83595,1.09,1.00
2014.12.16 06:14:53.354,1.83573,1.83595,1.00,1.00
2014.12.16 06:14:54.361,1.83573,1.83595,1.00,3.00
2014.12.16 06:14:54.564,1.83568,1.83591,1.10,1.00
2014.12.16 06:14:54.666,1.83565,1.8359,1.00,1.50
2014.12.16 06:14:55.020,1.83569,1.83589,1.00,1.15
2014.12.16 06:14:55.374,1.83567,1.83588,1.00,1.15
2014.12.16 06:14:55.475,1.83565,1.83586,1.00,1.00
2014.12.16 06:14:55.678,1.83571,1.83588,1.00,1.00
2014.12.16 06:14:55.931,1.83576,1.83595,1.00,1.00
2014.12.16 06:14:55.982,1.83576,1.83599,1.10,1.10
2014.12.16 06:14:56.032,1.8358,1.83601,1.00,1.57
2014.12.16 06:14:56.083,1.8358,1.83601,1.10,1.50
2014.12.16 06:14:56.286,1.8358,1.83603,1.10,1.00
2014.12.16 06:14:58.943,1.83577,1.83603,1.20,1.15
2014.12.16 06:14:59.474,1.83578,1.83603,1.00,1.15
2014.12.16 06:14:59.626,1.8358,1.83601,1.00,1.00
2014.12.16 06:15:00.030,1.8358,1.83603,1.10,1.00
2014.12.16 06:15:00.081,1.83583,1.83603,1.00,1.00
2014.12.16 06:15:00.233,1.83579,1.83607,1.50,1.20
2014.12.16 06:15:01.460,1.83577,1.83597,1.10,1.00
2014.12.16 06:15:01.764,1.83573,1.83594,1.50,1.69
2014.12.16 06:15:01.815,1.83568,1.8359,1.57,1.00
2014.12.16 06:15:02.070,1.8357,1.83592,1.00,1.36
2014.12.16 06:15:02.425,1.83568,1.83592,1.10,1.84
2014.12.16 06:15:02.880,1.83568,1.83592,1.50,1.57
2014.12.16 06:15:05.485,1.83568,1.83589,1.50,1.50
2014.12.16 06:15:05.992,1.83569,1.83589,1.00,1.50
2014.12.16 06:15:06.594,1.83568,1.83589,1.00,1.50
2014.12.16 06:15:08.383,1.83573,1.83589,1.00,1.50
2014.12.16 06:15:11.385,1.83568,1.83589,1.00,1.50
2014.12.16 06:15:11.536,1.83572,1.83596,1.00,1.82
2014.12.16 06:15:11.688,1.83573,1.83598,1.10,2.07
2014.12.16 06:15:11.739,1.83573,1.83598,1.10,1.40
2014.12.16 06:15:13.603,1.83572,1.83597,1.10,1.85
2014.12.16 06:15:14.109,1.83573,1.83597,1.00,2.25
2014.12.16 06:15:17.752,1.83569,1.83596,1.17,1.57
2014.12.16 06:15:17.854,1.83573,1.83596,1.00,1.57
2014.12.16 06:15:17.955,1.83569,1.83596,1.17,1.57
2014.12.16 06:15:19.395,1.83567,1.83595,1.17,1.82
2014.12.16 06:15:19.496,1.83567,1.83594,1.10,1.50
2014.12.16 06:15:20.380,1.83568,1.83594,1.00,1.50
2014.12.16 06:15:20.583,1.83568,1.83591,1.00,1.07
2014.12.16 06:15:20.634,1.83566,1.83591,1.01,1.07
2014.12.16 06:15:20.889,1.83563,1.83588,1.10,1.75
2014.12.16 06:15:21.394,1.83562,1.83586,1.25,1.50
2014.12.16 06:15:22.359,1.83563,1.83586,1.00,1.50
2014.12.16 06:15:23.880,1.83563,1.83587,1.00,1.82
2014.12.16 06:15:23.982,1.83563,1.83587,1.00,1.15
2014.12.16 06:15:24.399,1.83563,1.83587,1.00,2.07
2014.12.16 06:15:24.602,1.83558,1.83584,1.25,2.25
2014.12.16 06:15:24.804,1.83562,1.83584,1.00,2.25
2014.12.16 06:15:24.906,1.83558,1.83584,1.25,2.25
2014.12.16 06:15:25.108,1.83558,1.83581,1.25,1.07
2014.12.16 06:15:25.412,1.83558,1.83573,1.00,1.01
2014.12.16 06:15:25.565,1.83552,1.8357,1.00,1.15
2014.12.16 06:15:25.768,1.83552,1.83575,1.00,1.31
2014.12.16 06:15:25.920,1.83558,1.83579,1.00,1.77
2014.12.16 06:15:26.527,1.83558,1.83577,1.00,1.12
2014.12.16 06:15:28.741,1.83553,1.83578,1.00,1.97
2014.12.16 06:15:28.892,1.83553,1.8358,1.10,2.51
2014.12.16 06:15:29.402,1.83551,1.83577,2.51,1.00
2014.12.16 06:15:29.503,1.83553,1.83581,2.32,1.15
2014.12.16 06:15:29.706,1.83558,1.83583,1.10,1.26
2014.12.16 06:15:30.009,1.83558,1.83585,1.15,1.34
2014.12.16 06:15:30.515,1.83558,1.83586,1.15,1.30
2014.12.16 06:15:36.127,1.83563,1.83587,1.00,1.97
2014.12.16 06:15:37.210,1.83563,1.83588,1.00,2.32
2014.12.16 06:15:37.412,1.83565,1.8359,1.10,1.15
2014.12.16 06:15:37.667,1.83567,1.83592,1.00,2.44
2014.12.16 06:15:37.869,1.83568,1.83592,1.57,1.65
2014.12.16 06:15:37.920,1.83568,1.83592,2.25,1.10
2014.12.16 06:15:38.072,1.83572,1.83597,1.00,1.84
2014.12.16 06:15:38.577,1.83573,1.83596,1.50,1.10
2014.12.16 06:15:38.628,1.83573,1.83596,1.57,1.00
2014.12.16 06:15:38.830,1.83575,1.83598,1.10,1.10
2014.12.16 06:15:39.033,1.83575,1.83596,1.00,1.07
2014.12.16 06:15:39.083,1.83573,1.83596,1.00,2.40
2014.12.16 06:15:39.134,1.83573,1.83594,1.00,1.75
2014.12.16 06:15:39.185,1.83571,1.83593,1.00,1.57
2014.12.16 06:15:39.236,1.83571,1.83593,1.57,1.07
2014.12.16 06:15:39.387,1.83572,1.83597,1.00,1.57
2014.12.16 06:15:39.489,1.83572,1.83592,1.00,1.00
2014.12.16 06:15:39.590,1.83572,1.83595,1.00,1.17
2014.12.16 06:15:39.641,1.83572,1.83595,1.07,1.10
2014.12.16 06:15:39.793,1.83572,1.83595,1.00,1.10
2014.12.16 06:15:40.046,1.83573,1.83593,1.00,1.00
2014.12.16 06:15:40.601,1.83572,1.83593,1.00,1.00
2014.12.16 06:15:41.662,1.83573,1.83593,1.00,1.00
2014.12.16 06:15:54.092,1.83568,1.83593,1.10,1.10
2014.12.16 06:15:54.143,1.83567,1.83588,1.57,1.00
2014.12.16 06:15:54.447,1.83567,1.83588,1.00,1.15
2014.12.16 06:15:55.439,1.83567,1.83588,1.00,1.07
2014.12.16 06:15:55.945,1.83567,1.83588,1.00,1.00
2014.12.16 06:15:57.182,1.83564,1.83585,1.09,1.00
2014.12.16 06:15:59.063,1.83568,1.83585,1.00,1.00
2014.12.16 06:15:59.164,1.83564,1.83585,1.09,1.00
2014.12.16 06:16:00.080,1.83568,1.83585,1.00,1.10
2014.12.16 06:16:00.694,1.83564,1.83585,1.20,1.00
2014.12.16 06:16:00.847,1.83567,1.83585,1.00,1.00
2014.12.16 06:16:02.370,1.83568,1.83585,1.00,1.00
2014.12.16 06:16:02.910,1.83564,1.83585,1.20,1.00
2014.12.16 06:16:03.113,1.83568,1.83585,1.00,1.00
2014.12.16 06:16:03.937,1.83568,1.83588,1.20,1.00
2014.12.16 06:16:04.341,1.83572,1.83592,1.00,1.00
2014.12.16 06:16:04.795,1.83573,1.83592,1.17,1.00
2014.12.16 06:16:04.998,1.83578,1.83597,1.10,1.00
2014.12.16 06:16:06.109,1.83577,1.83592,1.07,1.00
2014.12.16 06:16:06.211,1.83575,1.83597,1.10,1.00
2014.12.16 06:16:06.465,1.83575,1.83597,1.50,1.00
2014.12.16 06:16:06.566,1.83577,1.83599,1.15,1.00
2014.12.16 06:16:06.869,1.83577,1.83599,2.25,1.00
2014.12.16 06:16:07.123,1.8358,1.83601,1.17,1.00
2014.12.16 06:16:08.296,1.83582,1.83604,1.00,1.00
2014.12.16 06:16:11.715,1.83578,1.836,1.10,1.00
2014.12.16 06:16:13.061,1.83583,1.836,1.00,1.10
2014.12.16 06:16:13.685,1.83582,1.836,1.00,1.00
2014.12.16 06:16:14.140,1.83578,1.836,1.84,1.00
2014.12.16 06:16:16.219,1.8358,1.83604,1.20,1.00
2014.12.16 06:16:17.632,1.83583,1.83604,1.00,1.00
2014.12.16 06:16:24.951,1.83583,1.83607,1.10,1.57
2014.12.16 06:16:34.424,1.83583,1.83607,1.00,2.25
2014.12.16 06:16:34.475,1.8358,1.83604,1.09,1.10
2014.12.16 06:16:34.730,1.8358,1.83604,1.01,1.50
2014.12.16 06:16:35.034,1.8358,1.83598,1.00,1.00
2014.12.16 06:16:35.287,1.83578,1.83598,1.00,1.10
2014.12.16 06:16:35.793,1.83578,1.83597,1.00,1.00
2014.12.16 06:16:36.348,1.83582,1.83597,1.00,1.00
2014.12.16 06:16:37.006,1.8358,1.83601,1.00,1.39
2014.12.16 06:16:37.107,1.83583,1.83601,1.00,1.20
2014.12.16 06:16:38.797,1.8358,1.83601,1.00,1.10
2014.12.16 06:16:39.218,1.83583,1.83601,1.00,1.10
2014.12.16 06:16:39.544,1.8358,1.83601,1.00,1.10
2014.12.16 06:16:39.844,1.8358,1.83601,1.15,1.00
2014.12.16 06:16:39.996,1.83588,1.83612,1.50,1.57
2014.12.16 06:16:40.047,1.83588,1.83612,1.65,1.00
2014.12.16 06:16:40.249,1.83588,1.83611,1.10,1.10
2014.12.16 06:16:40.351,1.83584,1.83607,1.36,1.00
2014.12.16 06:16:40.619,1.83584,1.83607,1.17,1.00
2014.12.16 06:16:41.904,1.83581,1.83605,2.44,1.00
2014.12.16 06:16:42.724,1.83581,1.83605,1.17,1.00
2014.12.16 06:16:49.348,1.83585,1.83608,1.00,1.65
2014.12.16 06:16:49.929,1.83585,1.83608,1.00,2.32
2014.12.16 06:16:50.030,1.83583,1.83604,1.00,1.15
2014.12.16 06:16:50.132,1.83578,1.83599,1.29,1.00
2014.12.16 06:16:50.233,1.8358,1.83599,1.00,1.07
2014.12.16 06:16:50.335,1.83578,1.83599,1.00,1.07
2014.12.16 06:16:50.487,1.83577,1.83594,1.00,1.00
2014.12.16 06:16:50.588,1.83571,1.83594,1.00,1.50
2014.12.16 06:16:50.893,1.83578,1.83596,1.50,1.50
2014.12.16 06:16:50.995,1.83578,1.83599,1.65,1.00
2014.12.16 06:16:51.096,1.83583,1.836,1.00,1.00
2014.12.16 06:16:51.349,1.83588,1.83608,1.76,1.00
2014.12.16 06:16:51.400,1.83592,1.83608,1.00,1.00
2014.12.16 06:16:51.502,1.83592,1.83611,1.00,1.00
2014.12.16 06:16:51.553,1.83595,1.83611,1.00,1.00
2014.12.16 06:16:51.603,1.83595,1.83614,1.00,1.00
2014.12.16 06:16:51.705,1.83596,1.83616,1.00,1.00
2014.12.16 06:16:51.756,1.83599,1.83616,1.00,1.75
2014.12.16 06:16:51.857,1.83591,1.83612,1.19,1.07
2014.12.16 06:16:52.060,1.83591,1.83612,1.00,1.07
2014.12.16 06:16:52.566,1.83591,1.83612,1.00,1.10
2014.12.16 06:16:52.768,1.83591,1.83612,1.00,1.75
2014.12.16 06:16:53.324,1.83586,1.83607,1.19,1.00
2014.12.16 06:16:53.425,1.83586,1.83607,1.00,1.00
2014.12.16 06:16:53.526,1.83583,1.83605,1.84,1.00
2014.12.16 06:16:54.083,1.83586,1.83607,1.00,1.00
2014.12.16 06:16:54.384,1.83586,1.83607,1.00,2.25
2014.12.16 06:16:54.435,1.83582,1.83599,1.00,1.00
2014.12.16 06:16:54.485,1.83581,1.83598,1.00,1.75
2014.12.16 06:16:54.537,1.83578,1.83596,1.00,1.82
2014.12.16 06:16:55.044,1.83578,1.83592,1.00,1.17
2014.12.16 06:16:55.922,1.83572,1.83592,1.00,1.17
2014.12.16 06:16:56.175,1.83572,1.83589,1.00,1.00
2014.12.16 06:16:56.630,1.83573,1.83594,1.10,1.00
2014.12.16 06:16:58.197,1.83572,1.83594,1.57,1.00
2014.12.16 06:16:58.248,1.83575,1.83596,1.10,1.00
2014.12.16 06:16:58.905,1.83573,1.83594,1.00,1.00
2014.12.16 06:16:59.763,1.83572,1.83594,1.20,1.00
2014.12.16 06:17:00.067,1.83575,1.83597,1.00,1.20
2014.12.16 06:17:00.792,1.83572,1.83594,1.65,1.00
2014.12.16 06:17:01.298,1.83574,1.83597,1.00,1.15
2014.12.16 06:17:10.045,1.83569,1.83593,1.57,1.00
2014.12.16 06:17:10.249,1.83569,1.83593,1.00,1.10
2014.12.16 06:17:12.128,1.83568,1.83589,1.10,1.00
2014.12.16 06:17:13.885,1.83567,1.83589,1.25,1.10
2014.12.16 06:17:14.473,1.83567,1.83589,1.00,1.07
2014.12.16 06:17:14.776,1.83567,1.83585,1.00,1.57
2014.12.16 06:17:14.979,1.83567,1.83585,1.00,1.00
2014.12.16 06:17:15.081,1.83563,1.83582,1.00,1.00
2014.12.16 06:17:15.800,1.83563,1.83582,1.00,1.07
2014.12.16 06:17:15.901,1.83558,1.83582,1.50,1.15
2014.12.16 06:17:50.704,1.83561,1.83584,1.00,1.57
2014.12.16 06:17:50.856,1.83561,1.83584,1.00,1.00
2014.12.16 06:17:51.160,1.83563,1.83584,1.00,1.57
2014.12.16 06:17:51.923,1.83562,1.83583,1.00,1.17
2014.12.16 06:17:51.974,1.83562,1.83583,1.17,1.00
2014.12.16 06:17:52.025,1.83564,1.83586,1.00,1.10
2014.12.16 06:17:55.360,1.83565,1.83586,2.92,1.00
2014.12.16 06:17:55.461,1.83572,1.83589,1.15,1.00
2014.12.16 06:17:55.564,1.83575,1.83596,1.15,1.00
2014.12.16 06:17:55.767,1.83579,1.83601,1.00,1.37
2014.12.16 06:17:55.818,1.83579,1.83601,1.00,1.00
2014.12.16 06:17:55.869,1.83579,1.83601,1.57,1.00
2014.12.16 06:17:55.920,1.83582,1.83603,1.10,1.50
2014.12.16 06:17:56.022,1.83576,1.836,1.34,1.00
2014.12.16 06:17:56.124,1.83575,1.83596,2.44,1.00
2014.12.16 06:17:56.378,1.83575,1.83596,1.15,1.00
2014.12.16 06:17:58.457,1.83575,1.83596,2.32,1.00
2014.12.16 06:17:58.660,1.83579,1.836,1.15,1.00
2014.12.16 06:18:00.715,1.83581,1.83604,1.10,1.10
2014.12.16 06:18:00.817,1.83583,1.83604,1.00,1.10
2014.12.16 06:18:01.359,1.83581,1.83604,1.10,1.10
2014.12.16 06:18:03.383,1.83583,1.83604,1.00,1.10
2014.12.16 06:18:03.698,1.83578,1.83602,1.76,1.00
2014.12.16 06:18:12.182,1.83582,1.83602,1.00,1.00
2014.12.16 06:18:12.694,1.83578,1.83602,2.51,1.00
2014.12.16 06:18:18.987,1.83578,1.83602,2.32,1.00
2014.12.16 06:18:39.343,1.83578,1.83602,2.32,1.00
2014.12.16 06:18:41.961,1.83578,1.83601,1.76,1.00
2014.12.16 06:18:42.417,1.83583,1.83602,1.00,1.00
2014.12.16 06:18:42.518,1.83578,1.83602,2.32,1.00
2014.12.16 06:18:43.202,1.83583,1.83602,1.00,1.00
2014.12.16 06:18:47.944,1.83583,1.83601,1.00,1.00
2014.12.16 06:18:48.045,1.83578,1.83601,1.50,1.00
2014.12.16 06:18:48.703,1.83578,1.83602,1.50,1.00
2014.12.16 06:18:48.805,1.83583,1.83602,1.00,1.00
2014.12.16 06:18:48.906,1.83578,1.83601,1.00,1.00
2014.12.16 06:18:49.413,1.83578,1.83602,1.00,1.00
2014.12.16 06:18:53.383,1.83578,1.83602,2.25,1.00
2014.12.16 06:18:53.536,1.83583,1.83604,1.10,1.00
2014.12.16 06:19:00.257,1.83583,1.83604,1.57,1.00
2014.12.16 06:19:00.664,1.83583,1.83604,1.00,1.00
2014.12.16 06:19:00.918,1.83583,1.83602,1.00,1.00
2014.12.16 06:19:01.435,1.83583,1.83601,1.00,1.00
2014.12.16 06:19:01.890,1.83581,1.83599,1.10,1.00
2014.12.16 06:19:02.222,1.83582,1.83601,1.00,1.00
2014.12.16 06:19:02.723,1.83582,1.83602,1.00,1.00
2014.12.16 06:19:02.976,1.83585,1.83604,1.00,1.00
2014.12.16 06:19:05.318,1.83585,1.83599,1.00,1.45
2014.12.16 06:19:05.369,1.83575,1.83596,1.00,1.07
2014.12.16 06:19:05.420,1.83577,1.83595,1.00,1.10
2014.12.16 06:19:39.157,1.83579,1.83599,1.10,1.00
2014.12.16 06:19:39.360,1.83579,1.83599,1.17,1.00
2014.12.16 06:19:39.512,1.83581,1.83602,1.20,1.50
2014.12.16 06:19:40.072,1.83584,1.83602,1.00,1.00
2014.12.16 06:19:40.578,1.83584,1.83602,1.07,1.00
2014.12.16 06:19:42.242,1.83586,1.83602,1.75,1.50
2014.12.16 06:19:42.394,1.83593,1.83605,1.07,1.00
2014.12.16 06:19:42.495,1.83598,1.83609,1.00,1.12
2014.12.16 06:19:42.597,1.83594,1.83609,1.00,1.12
2014.12.16 06:19:42.648,1.83594,1.83609,1.07,1.12
2014.12.16 06:19:42.851,1.83596,1.83617,1.20,1.50
2014.12.16 06:19:42.902,1.83596,1.83615,1.20,1.00
2014.12.16 06:19:43.680,1.83594,1.83614,1.15,1.00
2014.12.16 06:19:43.933,1.83593,1.83614,1.57,1.00
2014.12.16 06:19:44.034,1.83593,1.83609,1.00,1.00
2014.12.16 06:19:49.736,1.83593,1.83614,1.15,1.50
2014.12.16 06:19:49.837,1.83595,1.83616,1.00,1.00
2014.12.16 06:19:50.090,1.83597,1.83619,1.00,1.20
2014.12.16 06:19:52.174,1.83595,1.83616,1.00,1.00
2014.12.16 06:19:52.477,1.83592,1.83611,1.00,1.00
2014.12.16 06:19:52.993,1.83593,1.83611,1.00,1.00
2014.12.16 06:19:59.864,1.83593,1.83615,1.00,1.57
2014.12.16 06:20:00.374,1.83593,1.83615,1.07,1.50
2014.12.16 06:20:01.133,1.83593,1.83611,1.07,1.00
2014.12.16 06:20:01.285,1.83587,1.83606,1.00,1.00
2014.12.16 06:20:01.386,1.83583,1.83605,1.36,1.00
2014.12.16 06:20:02.046,1.83581,1.83604,1.82,1.00
2014.12.16 06:20:02.097,1.83581,1.83604,1.17,1.00
2014.12.16 06:20:02.304,1.83581,1.83602,1.17,1.00
2014.12.16 06:20:04.141,1.83582,1.83603,1.10,1.00
2014.12.16 06:20:04.449,1.83585,1.83603,1.17,1.00
2014.12.16 06:20:04.500,1.83585,1.83605,1.17,1.00
2014.12.16 06:20:06.196,1.83585,1.83597,1.00,1.50
2014.12.16 06:20:06.247,1.83578,1.83597,1.69,1.50
2014.12.16 06:20:06.298,1.83578,1.836,1.84,1.00
2014.12.16 06:20:06.652,1.83578,1.83598,1.15,1.00
2014.12.16 06:20:07.057,1.83578,1.83602,1.15,1.50
2014.12.16 06:20:07.209,1.83578,1.83601,1.00,1.07
2014.12.16 06:20:08.462,1.83577,1.83598,1.57,1.00
2014.12.16 06:20:09.119,1.83577,1.83598,1.65,1.00
2014.12.16 06:20:13.851,1.83583,1.83598,1.00,1.00
2014.12.16 06:20:13.952,1.83583,1.83603,1.00,1.00
2014.12.16 06:20:15.520,1.83583,1.83603,1.07,1.00
2014.12.16 06:20:15.722,1.83585,1.83606,1.10,1.00
2014.12.16 06:20:18.005,1.83583,1.83605,1.15,1.00
2014.12.16 06:20:18.106,1.83584,1.83603,1.17,1.00
2014.12.16 06:20:26.735,1.83587,1.83605,1.00,1.00
2014.12.16 06:20:27.242,1.83589,1.83609,1.00,1.00
2014.12.16 06:20:29.225,1.83593,1.83611,1.07,1.00
2014.12.16 06:20:29.378,1.83598,1.83619,1.00,1.87
2014.12.16 06:20:29.429,1.83598,1.83619,1.15,1.37
2014.12.16 06:20:29.632,1.83598,1.83619,1.34,1.00
2014.12.16 06:20:29.784,1.83602,1.83625,1.00,1.65
2014.12.16 06:20:34.386,1.83599,1.83621,1.17,1.00
2014.12.16 06:20:35.603,1.83601,1.83624,1.00,1.17
2014.12.16 06:20:35.755,1.83599,1.83621,1.00,1.07
2014.12.16 06:20:44.052,1.83599,1.83621,1.17,1.00
2014.12.16 06:20:44.204,1.83605,1.83627,1.87,1.00
2014.12.16 06:20:44.255,1.83605,1.83627,2.70,1.00
2014.12.16 06:20:44.559,1.83616,1.83633,1.00,1.00
2014.12.16 06:20:44.711,1.83612,1.83633,1.57,1.00
2014.12.16 06:20:44.863,1.83618,1.83631,1.00,1.00
2014.12.16 06:20:44.964,1.83613,1.83631,1.00,1.15
2014.12.16 06:20:46.407,1.83609,1.83631,1.50,1.15
2014.12.16 06:20:46.458,1.83611,1.83631,1.00,1.15
2014.12.16 06:20:47.311,1.83609,1.83631,1.50,1.15
2014.12.16 06:20:51.465,1.83608,1.83628,1.50,1.15
2014.12.16 06:20:52.997,1.83606,1.83628,2.32,1.00
2014.12.16 06:20:53.853,1.83607,1.83628,1.00,1.00
2014.12.16 06:20:55.225,1.83609,1.83633,1.00,2.25
2014.12.16 06:20:55.634,1.83613,1.83633,1.00,2.25
2014.12.16 06:20:56.164,1.83612,1.83633,1.00,2.25
2014.12.16 06:20:59.684,1.83612,1.83633,1.00,1.10
2014.12.16 06:21:00.190,1.83613,1.83635,1.00,1.15
2014.12.16 06:21:00.926,1.83617,1.83635,1.00,1.15
2014.12.16 06:21:01.545,1.83613,1.83635,1.00,1.15
2014.12.16 06:21:14.566,1.83613,1.83632,1.00,1.00
2014.12.16 06:21:15.072,1.8361,1.83632,1.57,1.00
2014.12.16 06:21:23.982,1.83613,1.83632,1.00,1.10
2014.12.16 06:21:26.109,1.83613,1.83632,2.25,1.00
2014.12.16 06:21:26.210,1.8362,1.83642,1.00,1.50
2014.12.16 06:21:26.312,1.83617,1.83639,1.57,1.10
2014.12.16 06:21:26.617,1.83618,1.8364,1.17,1.00
2014.12.16 06:21:26.872,1.83617,1.8364,1.00,1.20
2014.12.16 06:21:27.379,1.83616,1.8364,1.00,1.20
2014.12.16 06:21:27.884,1.83617,1.8364,1.00,1.20
2014.12.16 06:21:28.112,1.83617,1.8364,1.65,1.00
2014.12.16 06:21:28.214,1.83619,1.83642,2.32,1.10
2014.12.16 06:21:28.265,1.83622,1.83642,1.00,1.10
2014.12.16 06:21:28.770,1.83623,1.83645,1.50,1.57
2014.12.16 06:21:30.225,1.83623,1.83645,1.50,1.17
2014.12.16 06:21:30.276,1.83623,1.83645,1.50,1.10
2014.12.16 06:21:53.905,1.83628,1.83645,1.00,1.10
2014.12.16 06:21:54.383,1.83623,1.83645,1.50,1.10
2014.12.16 06:21:54.586,1.83623,1.83645,1.50,1.50
2014.12.16 06:21:54.889,1.83616,1.83637,1.00,1.17
2014.12.16 06:21:55.041,1.83613,1.83635,2.25,1.20
2014.12.16 06:21:55.093,1.83613,1.83635,1.50,1.17
2014.12.16 06:21:56.312,1.83614,1.83635,1.00,1.17
2014.12.16 06:21:56.616,1.83618,1.83633,1.00,1.50
2014.12.16 06:21:56.667,1.83618,1.83633,1.00,1.00
2014.12.16 06:21:57.078,1.83617,1.83635,1.00,1.00
2014.12.16 06:21:57.704,1.83617,1.83635,1.00,1.07
2014.12.16 06:21:58.326,1.83623,1.83635,1.00,1.15
2014.12.16 06:21:58.529,1.83617,1.83635,1.00,1.15
2014.12.16 06:21:59.652,1.83618,1.83635,1.00,1.15
2014.12.16 06:22:01.162,1.83617,1.83635,1.00,1.15
2014.12.16 06:22:02.046,1.83618,1.83635,1.00,1.15
2014.12.16 06:22:02.451,1.83618,1.83635,1.00,1.00
2014.12.16 06:22:02.603,1.83623,1.83635,1.00,1.00
2014.12.16 06:22:06.111,1.83618,1.83635,1.00,1.00
2014.12.16 06:22:06.314,1.83618,1.83635,1.00,1.75
2014.12.16 06:22:06.517,1.83612,1.83627,1.00,1.07
2014.12.16 06:22:06.619,1.83613,1.83625,1.00,1.07
2014.12.16 06:22:06.670,1.83603,1.83625,1.50,1.07
2014.12.16 06:22:06.721,1.83602,1.83622,1.00,1.00
2014.12.16 06:22:11.004,1.83602,1.83619,1.00,1.00
2014.12.16 06:22:11.409,1.83602,1.83616,1.00,1.00
2014.12.16 06:22:11.763,1.83597,1.83619,1.00,2.25
2014.12.16 06:22:12.016,1.83596,1.83619,1.00,2.25
2014.12.16 06:22:12.068,1.83593,1.83615,1.69,1.57
2014.12.16 06:22:12.321,1.83593,1.83615,1.50,3.00
2014.12.16 06:22:12.524,1.83587,1.83607,1.00,1.82
2014.12.16 06:22:12.625,1.83588,1.83606,1.00,2.25
2014.12.16 06:22:12.727,1.83583,1.83601,1.00,1.07
2014.12.16 06:22:12.828,1.83588,1.83603,1.00,1.17
2014.12.16 06:22:13.081,1.83582,1.83603,1.00,1.17
2014.12.16 06:22:13.335,1.83582,1.83603,1.00,1.10
2014.12.16 06:22:13.385,1.83587,1.83603,1.00,1.00
2014.12.16 06:22:13.739,1.83587,1.83609,1.00,2.25
2014.12.16 06:22:14.708,1.83587,1.83606,1.00,1.07
2014.12.16 06:22:16.891,1.83583,1.83606,1.00,1.50
2014.12.16 06:22:18.424,1.83583,1.83609,1.07,1.82
2014.12.16 06:22:18.475,1.83583,1.83609,1.17,1.15
2014.12.16 06:22:18.577,1.83588,1.83611,1.00,1.50
2014.12.16 06:22:18.679,1.83588,1.83616,1.15,1.57
2014.12.16 06:22:18.846,1.83597,1.83617,1.00,1.97
2014.12.16 06:22:19.099,1.83593,1.83617,1.00,1.50
2014.12.16 06:22:22.438,1.83588,1.83615,1.34,1.15
2014.12.16 06:22:22.641,1.83593,1.83615,1.00,1.15
2014.12.16 06:22:25.044,1.83588,1.83611,1.00,1.50
2014.12.16 06:22:25.348,1.83588,1.83608,1.00,1.50
2014.12.16 06:22:25.399,1.83579,1.83608,1.26,2.25
2014.12.16 06:22:26.312,1.83583,1.83608,1.00,2.25
2014.12.16 06:22:26.363,1.83579,1.83608,1.32,2.25
2014.12.16 06:22:26.935,1.83582,1.83608,1.00,2.25
2014.12.16 06:22:28.573,1.83583,1.83608,1.00,2.25
2014.12.16 06:22:31.677,1.83582,1.83608,1.00,2.25
2014.12.16 06:22:35.269,1.83579,1.83608,1.26,2.25
2014.12.16 06:22:37.054,1.83583,1.83608,1.00,2.25
2014.12.16 06:22:37.257,1.83588,1.83611,1.00,1.17
2014.12.16 06:22:37.561,1.83589,1.83613,1.10,1.17
2014.12.16 06:22:37.814,1.83593,1.83616,1.00,2.25
2014.12.16 06:22:38.067,1.83593,1.83617,1.65,1.00
2014.12.16 06:22:38.571,1.83598,1.83617,1.00,1.00
2014.12.16 06:22:39.076,1.83598,1.83619,1.00,1.07
2014.12.16 06:22:41.141,1.83598,1.83617,1.00,1.00
2014.12.16 06:22:44.721,1.83593,1.83617,2.59,1.00
2014.12.16 06:22:50.893,1.83593,1.83617,2.32,1.07
2014.12.16 06:22:50.944,1.83593,1.83615,1.50,1.07
2014.12.16 06:22:51.148,1.8359,1.83612,1.00,1.10
2014.12.16 06:22:51.350,1.83593,1.83612,1.00,1.10
2014.12.16 06:22:51.553,1.83589,1.83612,1.00,1.10
2014.12.16 06:22:51.807,1.83593,1.83612,1.00,1.10
2014.12.16 06:22:52.112,1.83589,1.83612,1.00,1.10
2014.12.16 06:22:52.531,1.83592,1.83612,1.00,1.10
2014.12.16 06:22:53.220,1.83592,1.83608,1.00,1.00
2014.12.16 06:22:56.172,1.83588,1.83608,1.29,1.00
2014.12.16 06:22:56.751,1.83593,1.83608,1.00,1.00
2014.12.16 06:22:56.853,1.83588,1.83608,1.29,1.00
2014.12.16 06:22:57.387,1.83587,1.83608,2.51,1.00
2014.12.16 06:22:57.503,1.83593,1.83608,1.00,1.00
2014.12.16 06:22:57.719,1.83587,1.83608,2.51,1.00
2014.12.16 06:22:57.820,1.83593,1.83608,1.00,1.00
2014.12.16 06:22:57.922,1.83587,1.83608,1.76,1.00
2014.12.16 06:22:58.031,1.83593,1.83608,1.00,1.00
2014.12.16 06:22:58.183,1.83588,1.83608,1.29,1.00
2014.12.16 06:22:59.074,1.83589,1.83613,1.25,1.07
2014.12.16 06:22:59.175,1.83594,1.83615,1.57,1.00
2014.12.16 06:22:59.378,1.83596,1.83619,1.17,1.00
2014.12.16 06:22:59.984,1.83596,1.83619,1.00,1.65
2014.12.16 06:23:00.137,1.8359,1.83613,1.00,1.00
2014.12.16 06:23:01.150,1.83587,1.8361,1.34,1.00
2014.12.16 06:23:02.493,1.83587,1.8361,1.00,1.17
2014.12.16 06:23:02.594,1.83583,1.83607,1.57,1.07
2014.12.16 06:23:02.898,1.83581,1.83602,1.10,1.00
2014.12.16 06:23:04.653,1.83581,1.83602,1.29,1.00
2014.12.16 06:23:06.883,1.83581,1.83602,1.01,1.00
2014.12.16 06:23:07.858,1.83581,1.83602,1.29,1.00
2014.12.16 06:23:08.860,1.83581,1.83602,1.29,1.00
2014.12.16 06:23:10.894,1.83581,1.83602,1.29,1.00
2014.12.16 06:23:12.694,1.83583,1.83602,1.00,1.00
2014.12.16 06:23:13.153,1.83583,1.83606,1.00,1.10
2014.12.16 06:23:18.999,1.83583,1.83606,1.69,1.10
2014.12.16 06:23:20.815,1.83587,1.83609,1.00,1.00
2014.12.16 06:23:23.702,1.83585,1.83606,1.10,1.00
2014.12.16 06:23:43.903,1.83588,1.83606,1.00,1.10
2014.12.16 06:23:44.600,1.83585,1.83606,1.00,1.10
2014.12.16 06:23:44.702,1.83585,1.83606,1.00,1.17
2014.12.16 06:23:44.804,1.83582,1.83602,1.25,1.00
2014.12.16 06:23:45.322,1.83581,1.83602,1.00,1.00
2014.12.16 06:23:53.036,1.83582,1.83602,1.00,1.00
2014.12.16 06:23:53.595,1.83581,1.83602,1.00,1.00
2014.12.16 06:24:00.991,1.83583,1.83602,1.00,1.00
2014.12.16 06:24:03.411,1.83588,1.83602,1.00,1.00
2014.12.16 06:24:03.613,1.83583,1.83602,1.00,1.00
2014.12.16 06:24:04.616,1.83587,1.83602,1.00,1.00
2014.12.16 06:24:08.538,1.83583,1.83602,1.00,1.00
2014.12.16 06:24:09.130,1.83581,1.83602,1.00,1.00
2014.12.16 06:24:13.908,1.83581,1.83602,1.19,1.00
2014.12.16 06:24:14.215,1.83581,1.83602,1.76,1.00
2014.12.16 06:24:18.185,1.83583,1.83602,1.00,1.00
2014.12.16 06:24:18.691,1.83581,1.83602,1.19,1.00
2014.12.16 06:24:19.211,1.83581,1.83602,1.25,1.00
2014.12.16 06:24:19.917,1.83581,1.83602,1.09,1.00
2014.12.16 06:24:23.833,1.83588,1.83602,1.00,1.00
2014.12.16 06:24:24.289,1.83582,1.83602,1.07,1.00
2014.12.16 06:24:29.381,1.83587,1.83602,1.00,1.00
2014.12.16 06:24:31.490,1.83581,1.83602,1.09,1.00
2014.12.16 06:24:37.047,1.83581,1.83602,1.00,1.00
2014.12.16 06:24:37.149,1.83581,1.83601,1.00,1.20
2014.12.16 06:24:37.200,1.83578,1.83597,1.00,1.00
2014.12.16 06:24:37.352,1.83573,1.83597,1.84,1.50
2014.12.16 06:24:38.060,1.83578,1.83597,1.00,1.00
2014.12.16 06:24:38.161,1.83574,1.83597,1.07,1.00
2014.12.16 06:24:38.313,1.83577,1.83597,1.00,1.00
2014.12.16 06:24:38.849,1.83578,1.83597,1.00,1.00
2014.12.16 06:24:39.153,1.83575,1.83597,1.10,1.00
2014.12.16 06:24:41.210,1.83575,1.83597,1.07,1.00
2014.12.16 06:24:44.018,1.83578,1.836,1.07,1.87
2014.12.16 06:24:44.574,1.83578,1.836,1.00,1.95
2014.12.16 06:24:44.877,1.83575,1.83597,1.17,1.00
2014.12.16 06:24:47.259,1.83577,1.83597,1.57,1.00
2014.12.16 06:24:47.310,1.8358,1.83599,1.10,1.12
2014.12.16 06:24:49.255,1.83584,1.83602,1.00,1.50
2014.12.16 06:24:52.014,1.83583,1.83599,1.10,1.00
2014.12.16 06:24:52.165,1.83581,1.83599,1.00,1.00
2014.12.16 06:24:57.085,1.83578,1.83598,1.00,1.00
2014.12.16 06:25:00.378,1.83577,1.83598,1.10,1.00
2014.12.16 06:25:00.895,1.83578,1.83598,1.00,1.00
2014.12.16 06:25:02.502,1.83577,1.83598,1.57,1.00
2014.12.16 06:25:03.014,1.83577,1.83597,1.57,1.00
2014.12.16 06:25:03.116,1.83577,1.83595,1.10,1.00
2014.12.16 06:25:03.420,1.83571,1.83592,2.25,1.00
2014.12.16 06:25:03.471,1.83569,1.83587,1.10,1.00
2014.12.16 06:25:03.573,1.83565,1.83586,1.36,1.00
2014.12.16 06:25:03.674,1.83565,1.83586,1.00,1.00
2014.12.16 06:25:04.028,1.83563,1.83582,1.57,1.00
2014.12.16 06:25:04.332,1.83563,1.83586,1.50,1.17
2014.12.16 06:25:04.484,1.83563,1.83586,1.84,1.00
2014.12.16 06:25:04.787,1.8357,1.83592,1.00,1.37
2014.12.16 06:25:05.293,1.8357,1.83592,1.00,1.00
2014.12.16 06:25:06.125,1.83568,1.83589,1.84,1.00
2014.12.16 06:25:06.428,1.83563,1.83584,1.84,1.00
2014.12.16 06:25:06.682,1.83563,1.83584,1.25,1.00
2014.12.16 06:25:06.783,1.83565,1.83588,1.00,1.15
2014.12.16 06:25:06.985,1.83568,1.83591,1.20,1.00
2014.12.16 06:25:07.036,1.83568,1.83591,1.10,1.07
2014.12.16 06:25:07.353,1.83559,1.83581,1.15,1.00
2014.12.16 06:25:07.455,1.83558,1.83581,1.10,1.10
2014.12.16 06:25:08.556,1.83558,1.8358,1.10,1.00
2014.12.16 06:25:08.943,1.83556,1.83577,1.15,1.00
2014.12.16 06:25:09.895,1.83557,1.83577,1.00,1.00
2014.12.16 06:25:10.421,1.83556,1.83577,1.00,1.00
2014.12.16 06:25:10.724,1.83553,1.83575,1.19,1.00
2014.12.16 06:25:11.294,1.83553,1.83575,1.00,1.00
2014.12.16 06:25:12.820,1.83557,1.83575,1.00,1.00
2014.12.16 06:25:13.275,1.83557,1.83572,1.00,1.00
2014.12.16 06:25:13.479,1.83557,1.83574,1.00,1.00
2014.12.16 06:25:13.844,1.83553,1.83574,1.00,1.00
2014.12.16 06:25:16.471,1.83553,1.83574,1.19,1.00
2014.12.16 06:25:18.475,1.83553,1.83574,1.25,1.00
2014.12.16 06:25:21.720,1.83553,1.83574,1.00,1.17
2014.12.16 06:25:21.821,1.83548,1.83571,1.25,1.10
2014.12.16 06:25:22.027,1.83548,1.83571,1.00,3.00
2014.12.16 06:25:22.179,1.83543,1.83565,1.07,1.00
2014.12.16 06:25:22.382,1.83548,1.83562,1.00,1.00
2014.12.16 06:25:22.484,1.83548,1.83565,1.00,1.10
2014.12.16 06:25:22.585,1.83548,1.83568,1.00,1.07
2014.12.16 06:25:22.636,1.83548,1.8357,1.00,1.20
2014.12.16 06:25:22.838,1.83548,1.83566,1.00,1.00
2014.12.16 06:25:23.193,1.83543,1.83566,1.10,1.10
2014.12.16 06:25:23.294,1.83548,1.83566,1.00,1.10
2014.12.16 06:25:23.497,1.83543,1.83566,1.10,1.10
2014.12.16 06:25:28.836,1.83543,1.83565,1.00,1.00
2014.12.16 06:25:28.887,1.8354,1.83564,1.00,1.00
2014.12.16 06:25:28.938,1.8354,1.83564,1.00,1.82
2014.12.16 06:25:28.989,1.83537,1.83562,1.50,1.17
2014.12.16 06:25:29.242,1.83538,1.83562,1.00,1.00
2014.12.16 06:25:29.446,1.83543,1.83562,1.00,1.00
2014.12.16 06:25:29.547,1.83538,1.83562,1.00,1.00
2014.12.16 06:25:29.648,1.83542,1.83562,1.00,1.00
2014.12.16 06:25:29.901,1.83538,1.83562,1.00,1.00
2014.12.16 06:25:30.306,1.83542,1.83562,1.00,1.00
2014.12.16 06:25:30.661,1.83537,1.83562,1.50,1.00
2014.12.16 06:25:30.863,1.83542,1.83562,1.00,1.00
2014.12.16 06:25:31.954,1.83538,1.83562,1.00,1.00
2014.12.16 06:25:35.497,1.83537,1.83562,1.69,1.00
2014.12.16 06:25:37.036,1.83543,1.83562,1.00,1.00
2014.12.16 06:25:37.137,1.8354,1.83566,1.00,1.19
2014.12.16 06:25:37.643,1.8354,1.83566,1.25,1.00
2014.12.16 06:25:37.693,1.83542,1.83566,1.00,1.00
2014.12.16 06:25:38.002,1.8354,1.83566,1.25,1.00
2014.12.16 06:25:38.690,1.83542,1.83566,1.00,1.00
2014.12.16 06:25:38.994,1.83547,1.83566,1.00,1.00
2014.12.16 06:25:39.248,1.83542,1.83566,1.00,1.00
2014.12.16 06:25:39.866,1.8354,1.83566,1.00,1.00
2014.12.16 06:25:40.294,1.8354,1.83566,1.00,1.15
2014.12.16 06:25:41.293,1.83538,1.83562,1.00,1.00
2014.12.16 06:25:43.823,1.83536,1.83562,1.01,1.00
2014.12.16 06:25:45.738,1.83538,1.83562,1.00,1.10
2014.12.16 06:25:46.042,1.83538,1.83555,1.00,1.50
2014.12.16 06:25:46.614,1.83532,1.83555,1.50,1.50
2014.12.16 06:25:47.475,1.83532,1.83554,1.00,1.00
2014.12.16 06:25:47.577,1.83533,1.83551,1.00,1.00
2014.12.16 06:25:47.933,1.83529,1.83551,1.00,1.00
2014.12.16 06:25:48.139,1.83532,1.83553,1.00,1.27
2014.12.16 06:25:48.443,1.83529,1.83553,1.00,1.27
2014.12.16 06:25:48.595,1.83532,1.83553,1.00,1.12
2014.12.16 06:25:49.151,1.83537,1.83553,1.00,1.12
2014.12.16 06:25:49.354,1.83528,1.83553,1.25,1.12
2014.12.16 06:25:49.455,1.83533,1.83553,1.00,1.12
2014.12.16 06:25:49.557,1.83527,1.83553,1.69,1.12
2014.12.16 06:25:50.066,1.83527,1.83553,1.69,1.12
2014.12.16 06:25:51.123,1.83532,1.83553,1.00,1.00
2014.12.16 06:25:52.732,1.83537,1.83553,1.00,1.00
2014.12.16 06:25:53.345,1.83538,1.83553,1.00,1.00
2014.12.16 06:25:54.603,1.83533,1.83553,1.00,1.00
2014.12.16 06:25:56.518,1.83537,1.83553,1.00,1.00
2014.12.16 06:25:56.720,1.83532,1.83553,1.00,1.00
2014.12.16 06:25:57.360,1.83527,1.83553,1.50,1.10
2014.12.16 06:25:58.585,1.83532,1.83553,1.00,1.10
2014.12.16 06:25:58.892,1.83537,1.83553,1.00,1.00
2014.12.16 06:25:59.480,1.83538,1.83553,1.00,1.00
2014.12.16 06:25:59.582,1.83532,1.83553,1.00,1.00
2014.12.16 06:26:00.233,1.83538,1.83553,1.00,1.00
2014.12.16 06:26:00.790,1.83532,1.83553,1.00,1.00
2014.12.16 06:26:00.891,1.83527,1.83553,2.32,1.00
2014.12.16 06:26:01.248,1.83533,1.83553,1.00,1.00
2014.12.16 06:26:01.460,1.83528,1.83553,1.00,1.00
2014.12.16 06:26:01.564,1.83533,1.83553,1.00,1.00
2014.12.16 06:26:02.233,1.83532,1.83553,1.00,1.00
2014.12.16 06:26:02.740,1.83533,1.83554,1.10,1.00
2014.12.16 06:26:02.948,1.83533,1.83557,1.10,1.00
2014.12.16 06:26:03.780,1.83533,1.83557,1.76,1.00
2014.12.16 06:26:06.291,1.83538,1.83557,1.00,1.00
2014.12.16 06:26:06.595,1.83536,1.83557,1.00,1.00
2014.12.16 06:26:06.922,1.83534,1.83557,1.69,1.00
2014.12.16 06:26:06.973,1.83536,1.83557,1.00,1.00
2014.12.16 06:26:07.485,1.83535,1.83557,1.00,1.00
2014.12.16 06:26:09.597,1.83538,1.83557,1.00,1.00
2014.12.16 06:26:09.698,1.83535,1.83557,1.50,1.00
2014.12.16 06:26:12.942,1.83537,1.83557,1.00,1.00
2014.12.16 06:26:13.096,1.8354,1.83564,1.00,1.50
2014.12.16 06:26:13.149,1.8354,1.83564,1.00,1.10
2014.12.16 06:26:13.658,1.83541,1.83564,1.00,1.10
2014.12.16 06:26:14.165,1.8354,1.83564,2.25,1.10
2014.12.16 06:26:14.522,1.83545,1.83564,1.00,1.10
2014.12.16 06:26:14.776,1.8355,1.83571,1.00,1.00
2014.12.16 06:26:14.878,1.83553,1.83576,1.00,1.55
2014.12.16 06:26:15.181,1.83553,1.83577,1.00,1.00
2014.12.16 06:26:16.254,1.83553,1.83577,1.00,1.17
2014.12.16 06:26:21.230,1.83553,1.83577,1.00,1.10
2014.12.16 06:26:21.686,1.83556,1.8358,1.00,1.00
2014.12.16 06:26:21.989,1.83562,1.83583,1.00,1.10
2014.12.16 06:26:22.242,1.8356,1.83582,1.50,1.00
2014.12.16 06:26:24.853,1.8356,1.83579,1.00,1.00
2014.12.16 06:26:31.234,1.83559,1.83579,1.00,1.00
2014.12.16 06:26:33.339,1.83561,1.83579,1.00,1.00
2014.12.16 06:26:33.654,1.83566,1.83579,1.00,1.00
2014.12.16 06:26:33.909,1.83566,1.83588,1.00,1.00
2014.12.16 06:26:34.111,1.83564,1.83588,1.50,1.00
2014.12.16 06:26:34.281,1.83566,1.83588,1.00,1.00
2014.12.16 06:26:36.152,1.83565,1.83588,1.00,1.00
2014.12.16 06:26:36.641,1.83568,1.83592,1.00,1.50
2014.12.16 06:26:36.692,1.83568,1.83592,1.00,1.07
2014.12.16 06:26:36.743,1.83571,1.83594,1.00,1.50
2014.12.16 06:26:36.793,1.83571,1.83594,1.00,1.00
2014.12.16 06:26:36.945,1.83573,1.83596,1.00,1.00
2014.12.16 06:26:37.097,1.83575,1.836,1.29,1.00
2014.12.16 06:26:37.199,1.83575,1.83603,1.76,1.20
2014.12.16 06:26:37.856,1.83577,1.83605,1.00,1.09
2014.12.16 06:26:37.957,1.83577,1.83605,1.57,1.01
2014.12.16 06:26:38.059,1.83581,1.83608,1.00,1.65
2014.12.16 06:26:41.471,1.8358,1.83606,1.00,1.10
2014.12.16 06:26:42.783,1.83579,1.8361,1.69,3.19
2014.12.16 06:26:43.290,1.83578,1.83607,1.10,1.36
2014.12.16 06:26:44.285,1.83577,1.83606,1.17,1.29
2014.12.16 06:26:50.293,1.83576,1.83605,1.25,1.01
2014.12.16 06:26:53.106,1.83575,1.83604,1.25,1.76
2014.12.16 06:26:57.524,1.83577,1.83604,1.00,1.76
2014.12.16 06:26:58.774,1.83575,1.83604,1.00,1.76
2014.12.16 06:27:02.735,1.83577,1.83604,1.00,1.76
2014.12.16 06:27:03.522,1.83577,1.83604,1.00,1.10
2014.12.16 06:27:03.724,1.83577,1.83605,2.40,1.25
2014.12.16 06:27:04.542,1.83579,1.83605,2.32,1.00
2014.12.16 06:27:04.593,1.83581,1.8361,1.07,1.76
2014.12.16 06:27:05.099,1.83583,1.83613,1.00,2.07
2014.12.16 06:27:05.514,1.83583,1.83613,1.65,1.01
2014.12.16 06:27:05.565,1.83587,1.83615,1.00,1.84
2014.12.16 06:27:07.040,1.83587,1.83615,1.17,1.50
2014.12.16 06:27:08.036,1.83589,1.83615,1.30,1.00
2014.12.16 06:27:08.517,1.83592,1.83619,1.10,1.25
2014.12.16 06:27:09.181,1.83589,1.83618,1.01,1.00
2014.12.16 06:27:10.658,1.83593,1.83618,1.00,1.01
2014.12.16 06:27:10.961,1.83588,1.83612,1.39,1.00
2014.12.16 06:27:11.063,1.83588,1.83615,1.39,1.00
2014.12.16 06:27:11.416,1.83589,1.83618,1.25,1.09
2014.12.16 06:27:11.929,1.83589,1.83618,1.00,1.39
2014.12.16 06:27:14.351,1.83593,1.83618,1.00,1.39
2014.12.16 06:27:14.870,1.83593,1.83618,1.00,1.84
2014.12.16 06:27:15.862,1.83593,1.83618,1.00,1.39
2014.12.16 06:27:16.687,1.83589,1.83618,1.00,1.39
2014.12.16 06:27:17.125,1.83589,1.83614,1.00,1.00
2014.12.16 06:27:17.430,1.83602,1.83622,1.00,1.00
2014.12.16 06:27:17.482,1.83602,1.83625,1.00,1.00
2014.12.16 06:27:17.532,1.83602,1.83625,1.57,1.00
2014.12.16 06:27:17.583,1.83608,1.8363,1.00,1.00
2014.12.16 06:27:17.685,1.83603,1.8363,1.15,1.50
2014.12.16 06:27:17.736,1.83603,1.8363,1.00,1.57
2014.12.16 06:27:17.787,1.83603,1.83628,1.00,1.00
2014.12.16 06:27:18.293,1.83602,1.83629,1.15,1.00
2014.12.16 06:27:18.620,1.83601,1.83627,2.25,1.00
2014.12.16 06:27:18.671,1.83602,1.83629,1.65,1.00
2014.12.16 06:27:19.077,1.83607,1.83632,1.00,1.69
2014.12.16 06:27:19.179,1.83605,1.83632,1.00,1.69
2014.12.16 06:27:19.856,1.83604,1.83631,1.20,1.19
2014.12.16 06:27:20.110,1.83604,1.83632,1.20,1.25
2014.12.16 06:27:21.141,1.83608,1.83634,1.00,2.92
2014.12.16 06:27:21.962,1.83608,1.83634,1.00,2.92
2014.12.16 06:27:26.347,1.83608,1.83634,1.00,1.00
2014.12.16 06:27:26.865,1.83608,1.83634,1.15,1.00
2014.12.16 06:27:27.017,1.83608,1.83637,1.65,1.00
2014.12.16 06:27:27.119,1.83613,1.83641,1.00,1.34
2014.12.16 06:27:27.776,1.83613,1.83636,1.00,1.10
2014.12.16 06:27:27.978,1.83608,1.83636,1.00,1.10
2014.12.16 06:27:31.571,1.83608,1.83636,1.00,3.19
2014.12.16 06:27:31.874,1.83607,1.83631,1.00,1.00
2014.12.16 06:27:32.475,1.83603,1.83631,1.84,1.00
2014.12.16 06:27:43.097,1.83603,1.83631,1.10,1.32
2014.12.16 06:27:45.382,1.83604,1.83631,1.00,1.09
2014.12.16 06:27:46.689,1.83606,1.83631,1.00,1.09
2014.12.16 06:27:46.841,1.83608,1.83633,1.65,1.00
2014.12.16 06:27:46.892,1.83613,1.83633,1.00,1.00
2014.12.16 06:27:47.196,1.8362,1.8364,1.07,1.00
2014.12.16 06:27:47.297,1.8362,1.83645,1.17,1.00
2014.12.16 06:27:47.613,1.8362,1.83647,1.25,2.25
2014.12.16 06:27:49.309,1.83622,1.83647,1.00,1.50
2014.12.16 06:27:49.817,1.83623,1.83647,1.00,1.50
2014.12.16 06:27:50.320,1.83622,1.83647,1.00,1.50
2014.12.16 06:27:50.625,1.83622,1.83647,1.00,2.32
2014.12.16 06:27:57.223,1.8362,1.83647,1.00,2.32
2014.12.16 06:27:57.628,1.83617,1.83644,1.00,1.10
2014.12.16 06:27:57.894,1.83617,1.83644,1.00,1.07
2014.12.16 06:27:58.405,1.83617,1.83641,1.00,1.00
2014.12.16 06:28:00.023,1.83617,1.83639,1.00,1.00
2014.12.16 06:28:00.849,1.83618,1.83639,1.00,1.00
2014.12.16 06:28:00.900,1.8362,1.83643,1.00,1.10
2014.12.16 06:28:01.002,1.83622,1.83643,1.00,1.00
2014.12.16 06:28:01.053,1.83622,1.83646,1.00,1.40
2014.12.16 06:28:01.306,1.83619,1.83646,1.00,1.40
2014.12.16 06:28:01.420,1.83621,1.83646,1.00,1.40
2014.12.16 06:28:01.571,1.83618,1.83646,2.25,1.40
2014.12.16 06:28:01.673,1.8362,1.83646,1.00,1.40
2014.12.16 06:28:02.012,1.83625,1.83649,1.00,1.07
2014.12.16 06:28:02.063,1.83625,1.83649,1.00,1.00
2014.12.16 06:28:02.468,1.83627,1.83651,1.00,1.25
2014.12.16 06:28:02.772,1.83634,1.83661,1.69,2.32
2014.12.16 06:28:03.075,1.83638,1.83661,1.50,1.00
2014.12.16 06:28:03.767,1.83638,1.83667,1.50,2.40
2014.12.16 06:28:05.270,1.83638,1.83666,1.25,1.00
2014.12.16 06:28:05.776,1.83637,1.83667,1.20,2.59
2014.12.16 06:28:05.877,1.83637,1.83665,1.20,1.00
2014.12.16 06:28:06.181,1.83635,1.83663,1.34,1.00
2014.12.16 06:28:07.297,1.83637,1.83662,1.00,1.50
2014.12.16 06:28:07.752,1.83633,1.83658,1.19,1.10
2014.12.16 06:28:07.803,1.83637,1.83658,1.00,1.10
2014.12.16 06:28:09.990,1.83633,1.83657,1.25,1.00
2014.12.16 06:28:10.041,1.83633,1.83657,1.00,2.32
2014.12.16 06:28:10.344,1.83633,1.83649,1.00,1.10
2014.12.16 06:28:10.446,1.83623,1.83648,1.12,1.19
2014.12.16 06:28:10.598,1.83618,1.83646,1.17,1.00
2014.12.16 06:28:10.649,1.83623,1.83646,1.00,1.00
2014.12.16 06:28:11.156,1.83623,1.83646,1.00,1.65
2014.12.16 06:28:11.782,1.83623,1.83646,1.00,1.00
2014.12.16 06:28:12.288,1.83623,1.83647,1.00,1.65
2014.12.16 06:28:14.627,1.8362,1.83647,1.65,1.00
2014.12.16 06:28:15.645,1.83621,1.83649,1.00,1.00
2014.12.16 06:28:16.841,1.83623,1.83649,1.00,1.00
2014.12.16 06:28:19.459,1.83622,1.83649,1.00,1.00
2014.12.16 06:28:20.143,1.83626,1.83649,1.00,1.00
2014.12.16 06:28:20.397,1.83629,1.83654,1.50,1.12
2014.12.16 06:28:20.448,1.83637,1.83654,1.00,1.12
2014.12.16 06:28:20.499,1.83637,1.83657,1.00,1.00
2014.12.16 06:28:20.600,1.83637,1.83662,1.07,1.00
2014.12.16 06:28:20.701,1.83638,1.83666,1.50,3.00
2014.12.16 06:28:20.752,1.83641,1.83666,1.00,1.00
2014.12.16 06:28:21.106,1.83643,1.83666,1.00,1.00
2014.12.16 06:28:21.723,1.83643,1.83671,1.50,2.40
2014.12.16 06:28:22.087,1.83647,1.83671,1.00,1.65
2014.12.16 06:28:23.164,1.83647,1.83671,1.00,1.76
2014.12.16 06:28:23.316,1.83645,1.83671,1.00,1.69
2014.12.16 06:28:24.820,1.83651,1.83671,1.10,1.00
2014.12.16 06:28:24.972,1.83652,1.83675,1.87,1.00
2014.12.16 06:28:25.023,1.83652,1.83678,1.87,1.25
2014.12.16 06:28:25.276,1.83658,1.83682,1.00,1.20
2014.12.16 06:28:26.942,1.83658,1.83682,1.00,3.07
2014.12.16 06:28:27.474,1.83658,1.83681,1.00,1.52
2014.12.16 06:28:27.764,1.83658,1.83683,1.00,1.25
2014.12.16 06:28:28.270,1.83658,1.83683,1.00,1.62
2014.12.16 06:28:28.923,1.83655,1.83683,1.01,1.37
2014.12.16 06:28:29.602,1.83652,1.83681,2.59,1.00
2014.12.16 06:28:29.704,1.83652,1.83682,1.20,1.39
2014.12.16 06:28:30.159,1.83648,1.83676,1.36,1.00
2014.12.16 06:28:30.702,1.83647,1.83676,1.15,1.69
2014.12.16 06:28:31.830,1.83649,1.83676,1.85,1.69
2014.12.16 06:28:32.033,1.83654,1.8368,1.15,1.00
2014.12.16 06:28:32.539,1.83656,1.83684,1.10,1.76
2014.12.16 06:28:32.819,1.83656,1.83684,1.10,1.57
2014.12.16 06:28:34.347,1.83655,1.83684,1.65,1.47
2014.12.16 06:28:35.386,1.83656,1.83683,1.00,1.20
2014.12.16 06:28:36.159,1.83657,1.83683,1.00,1.20
2014.12.16 06:28:37.160,1.83657,1.83684,1.50,1.15
2014.12.16 06:28:37.718,1.83657,1.83684,1.50,1.17
2014.12.16 06:28:38.834,1.83658,1.83683,1.00,1.10
2014.12.16 06:28:38.996,1.83658,1.83681,1.00,1.07
2014.12.16 06:28:39.148,1.83653,1.83681,1.31,1.17
2014.12.16 06:28:39.199,1.83652,1.83682,1.57,1.76
2014.12.16 06:28:39.704,1.83653,1.83679,1.00,1.10
2014.12.16 06:28:40.060,1.83653,1.83676,1.00,1.07
2014.12.16 06:28:40.364,1.83653,1.83673,1.00,1.00
2014.12.16 06:28:40.466,1.83647,1.83673,1.76,1.00
2014.12.16 06:28:42.821,1.83647,1.83671,1.07,1.00
2014.12.16 06:28:43.366,1.83647,1.83671,1.00,1.00
2014.12.16 06:28:44.472,1.83647,1.83675,1.07,1.09
2014.12.16 06:28:44.981,1.83647,1.83675,1.17,1.10
2014.12.16 06:28:45.899,1.83649,1.83676,1.00,1.36
2014.12.16 06:28:46.961,1.83653,1.83676,1.07,1.10
2014.12.16 06:28:47.113,1.83659,1.83684,1.10,1.50
2014.12.16 06:28:47.166,1.83662,1.83684,1.50,1.00
2014.12.16 06:28:47.267,1.83665,1.83689,1.50,1.50
2014.12.16 06:28:47.370,1.83664,1.83689,1.84,1.50
2014.12.16 06:28:48.269,1.83665,1.83689,1.50,1.50
2014.12.16 06:28:48.980,1.83665,1.83694,1.50,1.19
2014.12.16 06:28:49.497,1.83662,1.83693,1.39,1.15
2014.12.16 06:28:49.548,1.83662,1.83693,1.20,1.15
2014.12.16 06:28:49.598,1.83663,1.83691,1.00,1.50
2014.12.16 06:28:49.902,1.83663,1.83684,1.00,1.00
2014.12.16 06:28:50.808,1.83658,1.83684,1.19,1.00
2014.12.16 06:28:51.162,1.83663,1.83684,1.00,1.00
2014.12.16 06:28:51.466,1.83658,1.83684,1.00,1.00
2014.12.16 06:28:52.016,1.83658,1.83684,1.19,1.00
2014.12.16 06:28:52.376,1.83662,1.83684,1.00,1.00
2014.12.16 06:28:54.375,1.83662,1.8369,1.00,3.26
2014.12.16 06:28:56.845,1.83663,1.8369,1.00,3.07
2014.12.16 06:28:58.840,1.83662,1.8369,1.00,3.26
2014.12.16 06:29:01.278,1.83658,1.83687,2.32,1.57
2014.12.16 06:29:01.329,1.83658,1.83679,1.50,1.50
2014.12.16 06:29:01.430,1.83653,1.83673,1.00,1.17
2014.12.16 06:29:01.704,1.83652,1.83671,1.00,1.65
2014.12.16 06:29:02.009,1.83652,1.83667,1.00,1.00
2014.12.16 06:29:04.830,1.83652,1.8367,1.00,1.00
2014.12.16 06:29:05.346,1.83652,1.83671,1.00,1.25
2014.12.16 06:29:05.888,1.83653,1.83671,1.00,1.00
2014.12.16 06:29:06.393,1.83653,1.83674,1.00,1.00
2014.12.16 06:29:06.494,1.83658,1.83679,1.00,1.00
2014.12.16 06:29:06.595,1.83659,1.83684,1.25,1.00
2014.12.16 06:29:06.798,1.83664,1.83686,1.00,1.00
2014.12.16 06:29:06.899,1.83668,1.83691,1.00,1.00
2014.12.16 06:29:07.103,1.83668,1.8369,1.00,1.07
2014.12.16 06:29:07.153,1.83662,1.83685,1.57,1.00
2014.12.16 06:29:07.709,1.83663,1.83682,1.00,1.00
2014.12.16 06:29:07.811,1.83663,1.83686,1.00,1.00
2014.12.16 06:29:08.417,1.8366,1.83686,2.51,1.00
2014.12.16 06:29:08.568,1.83664,1.83687,1.00,1.00
2014.12.16 06:29:08.670,1.83661,1.83685,1.01,1.00
2014.12.16 06:29:08.924,1.83658,1.83682,1.69,1.00
2014.12.16 06:29:09.483,1.83658,1.83682,1.50,1.00
2014.12.16 06:29:11.151,1.83657,1.83682,2.44,1.00
2014.12.16 06:29:11.727,1.83657,1.83682,2.25,1.07
2014.12.16 06:29:11.980,1.83657,1.83679,1.00,1.00
2014.12.16 06:29:23.326,1.83659,1.83684,1.00,1.10
2014.12.16 06:29:24.954,1.83659,1.83684,1.00,1.57
2014.12.16 06:29:25.358,1.83657,1.83681,1.00,1.10
2014.12.16 06:29:32.243,1.83657,1.83672,1.00,1.00
2014.12.16 06:29:32.395,1.83652,1.83671,1.00,1.01
2014.12.16 06:29:32.445,1.83652,1.83665,1.00,1.00
2014.12.16 06:29:32.547,1.83652,1.83669,1.00,1.00
2014.12.16 06:29:32.648,1.83653,1.83671,1.00,1.00
2014.12.16 06:29:32.851,1.8365,1.83671,1.00,1.00
2014.12.16 06:29:36.477,1.83653,1.83671,1.00,1.10
2014.12.16 06:29:36.787,1.83653,1.83668,1.00,1.00
2014.12.16 06:29:37.102,1.83652,1.83665,1.00,1.00
2014.12.16 06:29:37.762,1.83647,1.83665,1.00,1.00
2014.12.16 06:29:40.421,1.83652,1.83665,1.00,1.00
2014.12.16 06:29:40.471,1.83652,1.83669,1.00,1.00
2014.12.16 06:29:40.623,1.83648,1.83669,1.00,1.00
2014.12.16 06:29:40.775,1.83648,1.83665,1.00,1.00
2014.12.16 06:29:43.260,1.83643,1.83665,1.00,1.00
2014.12.16 06:29:43.631,1.83648,1.83665,1.00,1.00
2014.12.16 06:29:44.033,1.83643,1.83665,1.00,1.00
2014.12.16 06:29:57.809,1.83643,1.83665,1.50,1.50
2014.12.16 06:29:58.114,1.83633,1.83655,3.75,1.75
2014.12.16 06:29:58.215,1.83633,1.83655,3.75,1.15
2014.12.16 06:29:58.644,1.83638,1.83657,1.37,1.17
2014.12.16 06:29:58.846,1.83639,1.83661,1.12,1.57
2014.12.16 06:29:58.897,1.83639,1.83661,1.12,1.20
2014.12.16 06:30:00.115,1.83639,1.83661,1.00,1.85
2014.12.16 06:30:04.680,1.83639,1.8366,1.00,4.35
2014.12.16 06:30:11.975,1.83639,1.83657,1.00,2.17
2014.12.16 06:30:12.178,1.83636,1.83655,1.00,4.35
2014.12.16 06:30:12.279,1.83632,1.83652,3.94,1.00
2014.12.16 06:30:12.633,1.83637,1.83655,1.00,3.00
2014.12.16 06:30:12.684,1.83637,1.83655,1.00,1.10
2014.12.16 06:30:13.290,1.83633,1.83655,5.10,1.00
2014.12.16 06:30:14.041,1.83635,1.83656,1.20,1.20
2014.12.16 06:30:14.780,1.83635,1.83654,1.10,2.17
2014.12.16 06:30:15.033,1.83634,1.83656,2.44,1.07
2014.12.16 06:30:15.286,1.83638,1.83656,1.00,1.07
2014.12.16 06:30:15.387,1.83634,1.83656,2.44,1.07
2014.12.16 06:30:21.571,1.83635,1.83656,2.25,1.07
2014.12.16 06:30:22.141,1.83636,1.83656,2.25,1.00
2014.12.16 06:30:29.117,1.83633,1.83656,5.29,1.20
2014.12.16 06:30:33.174,1.83636,1.83657,1.00,1.15
2014.12.16 06:30:37.361,1.83634,1.83654,1.34,1.00
2014.12.16 06:30:37.665,1.83634,1.83653,1.19,2.25
2014.12.16 06:30:37.766,1.83633,1.83653,1.69,2.25
2014.12.16 06:30:39.414,1.83633,1.83654,1.76,1.10
2014.12.16 06:30:46.640,1.83634,1.83654,1.00,1.10
2014.12.16 06:30:46.842,1.83635,1.83657,1.15,1.20
2014.12.16 06:30:47.044,1.83638,1.8366,1.17,3.00
2014.12.16 06:30:47.457,1.83638,1.8366,3.00,1.00
2014.12.16 06:30:48.631,1.8364,1.8366,4.35,1.00
2014.12.16 06:30:48.732,1.83639,1.8366,1.07,1.07
2014.12.16 06:30:48.833,1.83643,1.8366,1.00,1.07
2014.12.16 06:30:49.339,1.83642,1.83661,1.00,2.25
2014.12.16 06:30:50.912,1.83643,1.83661,1.00,2.25
2014.12.16 06:30:52.275,1.83643,1.83659,1.00,2.25
2014.12.16 06:30:53.658,1.83638,1.83659,1.76,2.25
2014.12.16 06:30:54.062,1.83638,1.83657,1.25,2.25
2014.12.16 06:30:54.386,1.83638,1.83655,1.25,2.25
2014.12.16 06:30:54.966,1.83635,1.83655,1.12,2.25
2014.12.16 06:30:56.556,1.83635,1.83656,1.17,2.25
2014.12.16 06:31:07.675,1.83635,1.83657,3.00,2.25
2014.12.16 06:31:08.185,1.83637,1.83658,1.57,2.25
2014.12.16 06:31:08.692,1.83637,1.83659,3.67,2.17
2014.12.16 06:31:08.743,1.83637,1.83661,5.85,1.15
2014.12.16 06:31:09.765,1.83641,1.83662,2.17,3.00
2014.12.16 06:31:09.816,1.83641,1.83664,2.25,3.37
2014.12.16 06:31:09.867,1.83644,1.83664,2.17,1.45
2014.12.16 06:31:10.473,1.83643,1.83663,2.25,1.20
2014.12.16 06:31:10.776,1.83642,1.83658,2.25,1.00
2014.12.16 06:31:13.088,1.83642,1.83661,3.00,1.00
2014.12.16 06:31:27.349,1.83648,1.83661,1.00,1.00
2014.12.16 06:31:27.894,1.83647,1.83661,1.00,1.00
2014.12.16 06:31:31.031,1.83647,1.83664,1.00,1.00
2014.12.16 06:31:31.335,1.83648,1.83664,2.25,1.00
2014.12.16 06:31:36.962,1.83652,1.83664,1.00,1.00
2014.12.16 06:31:37.828,1.83652,1.8367,1.00,3.00
2014.12.16 06:31:37.930,1.83653,1.83671,2.25,1.50
2014.12.16 06:31:38.234,1.83656,1.83672,2.25,1.00
2014.12.16 06:31:38.285,1.83657,1.83676,1.17,1.00
2014.12.16 06:31:39.137,1.83657,1.83676,1.00,1.20
2014.12.16 06:31:39.656,1.83658,1.83676,1.00,1.20
2014.12.16 06:31:40.165,1.83658,1.83678,1.20,1.07
2014.12.16 06:31:40.215,1.83658,1.83678,2.25,1.10
2014.12.16 06:31:40.620,1.8366,1.83678,2.25,1.00
2014.12.16 06:31:44.116,1.8366,1.83681,2.25,1.50
2014.12.16 06:31:44.635,1.83659,1.83681,2.25,1.57
2014.12.16 06:31:45.195,1.83659,1.8368,2.17,2.25
2014.12.16 06:31:45.246,1.83658,1.8368,1.00,4.35
2014.12.16 06:31:45.770,1.83657,1.83677,1.20,1.00
2014.12.16 06:31:49.246,1.83658,1.83677,1.00,1.00
2014.12.16 06:31:51.745,1.83657,1.83677,1.20,1.00
2014.12.16 06:31:52.524,1.83658,1.83677,1.00,1.00
2014.12.16 06:31:53.282,1.83658,1.83677,3.00,1.00
2014.12.16 06:31:54.362,1.8366,1.83681,1.10,1.10
2014.12.16 06:32:09.899,1.83661,1.83682,2.17,1.20
2014.12.16 06:32:10.203,1.83665,1.83685,2.25,1.69
2014.12.16 06:32:10.741,1.83665,1.83685,2.25,1.12
2014.12.16 06:32:14.447,1.83665,1.83687,3.00,1.95
2014.12.16 06:32:15.563,1.83665,1.83684,2.25,1.00
2014.12.16 06:32:26.340,1.83663,1.83684,3.00,1.17
2014.12.16 06:32:29.484,1.83663,1.83684,2.92,3.00
2014.12.16 06:32:29.535,1.83663,1.83683,1.10,2.25
2014.12.16 06:32:29.838,1.83668,1.83684,1.00,1.00
2014.12.16 06:32:30.141,1.83673,1.83688,1.00,3.75
2014.12.16 06:32:30.732,1.83673,1.83688,1.00,3.37
2014.12.16 06:32:31.559,1.83677,1.83688,1.00,2.62
2014.12.16 06:32:31.661,1.83682,1.83695,1.00,1.00
2014.12.16 06:32:31.712,1.83688,1.83695,1.10,1.00
2014.12.16 06:32:31.763,1.83688,1.83707,1.09,1.10
2014.12.16 06:32:31.865,1.8369,1.83707,2.25,1.00
2014.12.16 06:32:32.169,1.83693,1.83713,1.00,2.25
2014.12.16 06:32:32.220,1.83693,1.83714,3.00,1.10
2014.12.16 06:32:32.530,1.83697,1.83711,1.00,1.10
2014.12.16 06:32:32.683,1.83693,1.83708,1.00,1.10
2014.12.16 06:32:33.037,1.83692,1.83714,1.17,1.10
2014.12.16 06:32:33.089,1.83693,1.83714,2.25,1.10
2014.12.16 06:32:33.595,1.83694,1.83714,2.25,1.00
2014.12.16 06:32:34.404,1.83695,1.83714,2.25,1.00
2014.12.16 06:32:34.506,1.83696,1.83717,2.25,1.00
2014.12.16 06:32:34.759,1.83694,1.83719,2.25,3.37
2014.12.16 06:32:34.961,1.83696,1.83719,2.25,1.47
2014.12.16 06:32:35.265,1.83699,1.83722,2.25,3.19
2014.12.16 06:32:35.770,1.83698,1.83719,2.25,1.10
2014.12.16 06:32:36.743,1.83694,1.83719,4.54,4.35
2014.12.16 06:32:37.665,1.83694,1.83716,3.00,2.25
2014.12.16 06:32:38.171,1.83697,1.83716,1.00,2.25
2014.12.16 06:32:38.971,1.83698,1.83715,1.00,2.25
2014.12.16 06:32:40.556,1.83698,1.83717,1.00,2.25
2014.12.16 06:32:41.064,1.83697,1.83717,1.00,2.25
2014.12.16 06:32:42.065,1.83698,1.8372,2.25,1.17
2014.12.16 06:32:42.318,1.83698,1.83716,2.25,1.00
2014.12.16 06:32:42.369,1.83689,1.83712,1.17,3.00
2014.12.16 06:32:42.420,1.83688,1.83707,2.25,1.00
2014.12.16 06:32:42.470,1.83687,1.83707,1.10,1.00
2014.12.16 06:32:42.521,1.83685,1.83704,2.25,1.00
2014.12.16 06:32:42.876,1.83685,1.83707,2.25,1.07
2014.12.16 06:32:43.280,1.83687,1.83707,2.25,1.00
2014.12.16 06:32:43.382,1.83685,1.83707,2.25,1.07
2014.12.16 06:32:43.858,1.83687,1.83707,2.25,1.00
2014.12.16 06:32:44.514,1.83687,1.83707,2.17,1.07
2014.12.16 06:32:44.565,1.83683,1.83706,3.00,2.25
2014.12.16 06:32:44.717,1.83685,1.83706,2.25,2.17
2014.12.16 06:32:44.768,1.83686,1.83707,2.25,1.10
2014.12.16 06:32:45.021,1.83689,1.83707,2.17,1.10
2014.12.16 06:32:45.072,1.8369,1.8371,2.25,1.31
2014.12.16 06:32:45.122,1.83692,1.8371,2.25,1.00
2014.12.16 06:32:45.173,1.83693,1.83715,3.00,1.50
2014.12.16 06:32:45.224,1.83701,1.83715,2.17,1.50
2014.12.16 06:32:45.326,1.83701,1.83719,2.17,1.37
2014.12.16 06:32:45.377,1.83698,1.83721,4.35,1.57
2014.12.16 06:32:45.428,1.837,1.83723,2.25,2.25
2014.12.16 06:32:45.479,1.837,1.83725,4.35,4.54
2014.12.16 06:32:45.631,1.83702,1.83725,2.25,2.44
2014.12.16 06:32:45.732,1.83702,1.83727,4.35,4.35
2014.12.16 06:32:45.833,1.83702,1.83721,2.25,1.00
2014.12.16 06:32:46.367,1.83701,1.83723,2.25,1.17
2014.12.16 06:32:46.758,1.83703,1.83723,2.25,1.10
2014.12.16 06:32:47.064,1.83705,1.8373,4.35,4.35
2014.12.16 06:32:47.492,1.83705,1.83726,4.35,1.00
2014.12.16 06:32:47.695,1.83703,1.83725,1.20,5.10
2014.12.16 06:32:48.200,1.83702,1.83724,3.00,2.25
2014.12.16 06:32:50.790,1.83705,1.83725,2.25,1.00
2014.12.16 06:32:50.942,1.83707,1.8373,4.35,1.57
2014.12.16 06:32:51.448,1.83706,1.83729,2.25,2.62
2014.12.16 06:32:52.676,1.83704,1.83727,2.25,2.25
2014.12.16 06:32:54.269,1.83702,1.83712,1.00,2.25
2014.12.16 06:32:54.371,1.83703,1.83723,1.00,1.15
2014.12.16 06:32:54.473,1.83693,1.83716,2.44,2.25
2014.12.16 06:32:54.776,1.83698,1.83719,1.10,3.00
2014.12.16 06:32:55.080,1.83705,1.83726,2.25,1.10
2014.12.16 06:32:56.463,1.83708,1.83728,2.17,2.17
2014.12.16 06:32:56.514,1.83708,1.83732,4.35,1.15
2014.12.16 06:32:56.665,1.83711,1.83732,2.17,1.07
2014.12.16 06:32:56.817,1.83714,1.83736,2.25,1.07
2014.12.16 06:33:00.375,1.83714,1.83736,2.17,3.00
2014.12.16 06:33:00.426,1.83712,1.83735,2.25,2.25
2014.12.16 06:33:00.527,1.83709,1.83734,2.25,2.25
2014.12.16 06:33:01.877,1.83709,1.83732,2.25,2.25
2014.12.16 06:33:02.422,1.83708,1.83731,2.25,2.25
2014.12.16 06:33:04.783,1.83715,1.83731,2.17,2.17
2014.12.16 06:33:04.834,1.83716,1.83733,2.25,1.50
2014.12.16 06:33:04.986,1.83721,1.83737,2.17,1.10
2014.12.16 06:33:05.088,1.83722,1.83739,2.25,1.00
2014.12.16 06:33:05.190,1.83723,1.83744,2.25,1.47
2014.12.16 06:33:05.696,1.83726,1.83746,2.17,1.07
2014.12.16 06:33:05.747,1.83726,1.83748,2.25,1.99
2014.12.16 06:33:06.253,1.83726,1.83748,2.25,2.02
2014.12.16 06:33:06.354,1.83722,1.83746,1.15,5.10
2014.12.16 06:33:06.608,1.83721,1.83742,2.25,2.17
2014.12.16 06:33:07.119,1.83721,1.83743,2.25,2.92
2014.12.16 06:33:07.171,1.83721,1.83744,4.35,1.20
2014.12.16 06:33:07.222,1.83724,1.83744,2.17,1.10
2014.12.16 06:33:07.627,1.83727,1.83748,2.17,1.27
2014.12.16 06:33:08.177,1.83727,1.8375,2.25,5.06
2014.12.16 06:33:11.233,1.83727,1.83748,2.17,2.25
2014.12.16 06:33:11.436,1.83721,1.83743,2.25,2.25
2014.12.16 06:33:11.842,1.83719,1.83742,2.25,2.25
2014.12.16 06:33:13.504,1.83721,1.83742,2.25,2.17
2014.12.16 06:33:13.555,1.83721,1.83745,4.35,1.15
2014.12.16 06:33:13.606,1.83723,1.83745,2.25,1.07
2014.12.16 06:33:13.657,1.83724,1.83747,2.25,1.10
2014.12.16 06:33:14.158,1.83724,1.83747,2.25,1.47
2014.12.16 06:33:14.259,1.83724,1.83745,2.25,1.34
2014.12.16 06:33:14.310,1.83723,1.83737,1.00,1.00
2014.12.16 06:33:14.361,1.83717,1.83734,2.25,1.94
2014.12.16 06:33:14.412,1.83713,1.83728,1.00,2.36
2014.12.16 06:33:14.615,1.83707,1.83727,1.10,2.36
2014.12.16 06:33:14.818,1.83708,1.8373,3.00,1.36
2014.12.16 06:33:14.869,1.83708,1.83731,3.00,2.25
2014.12.16 06:33:15.021,1.83709,1.83732,4.35,1.46
2014.12.16 06:33:15.122,1.83707,1.83732,4.35,5.66
2014.12.16 06:33:15.656,1.8371,1.83732,2.17,3.56
2014.12.16 06:33:16.061,1.83707,1.8373,2.25,3.00
2014.12.16 06:33:17.900,1.83707,1.83729,2.25,3.75
2014.12.16 06:33:18.578,1.83706,1.83728,2.25,3.00
2014.12.16 06:33:22.353,1.83704,1.83727,2.25,2.25
2014.12.16 06:33:28.233,1.83715,1.83728,2.17,2.17
2014.12.16 06:33:28.436,1.83715,1.83735,2.25,1.00
2014.12.16 06:33:28.538,1.83724,1.83739,2.17,2.92
2014.12.16 06:33:28.588,1.83724,1.8374,2.25,1.00
2014.12.16 06:33:28.791,1.83722,1.83745,2.25,3.37
2014.12.16 06:33:29.196,1.83722,1.83744,2.25,1.17
2014.12.16 06:33:30.232,1.83723,1.83744,2.25,1.07
2014.12.16 06:33:30.283,1.83724,1.83747,2.25,2.25
2014.12.16 06:33:35.283,1.83722,1.83745,2.25,2.25
2014.12.16 06:33:36.577,1.8372,1.8374,2.25,1.34
2014.12.16 06:33:36.779,1.83707,1.83727,2.25,1.00
2014.12.16 06:33:36.881,1.83705,1.83725,2.17,1.00
2014.12.16 06:33:36.932,1.83702,1.83725,1.15,1.00
2014.12.16 06:33:38.381,1.83703,1.83725,1.00,1.17
2014.12.16 06:33:39.940,1.83703,1.83723,1.00,1.00
2014.12.16 06:33:39.991,1.83703,1.83723,1.00,1.37
2014.12.16 06:33:40.322,1.83704,1.83726,2.25,1.37
2014.12.16 06:33:40.524,1.83704,1.83731,3.00,2.32
2014.12.16 06:33:40.575,1.83708,1.83731,4.35,1.50
2014.12.16 06:33:40.778,1.83706,1.83731,3.00,1.65
2014.12.16 06:33:40.930,1.83706,1.83728,3.00,1.00
2014.12.16 06:33:41.936,1.83706,1.83727,2.25,1.00
2014.12.16 06:33:41.987,1.83702,1.83727,1.57,3.00
2014.12.16 06:33:42.089,1.83708,1.83726,4.35,1.00
2014.12.16 06:33:42.190,1.83708,1.83728,4.35,1.00
2014.12.16 06:33:42.292,1.83708,1.83731,5.10,1.00
2014.12.16 06:33:42.343,1.83712,1.83732,1.00,1.00
2014.12.16 06:33:42.647,1.83717,1.83739,2.25,1.19
2014.12.16 06:33:43.763,1.83717,1.8374,3.00,1.00
2014.12.16 06:33:45.568,1.83722,1.8374,2.17,1.00
2014.12.16 06:33:45.670,1.83722,1.83744,2.25,1.50
2014.12.16 06:33:45.872,1.83722,1.83744,1.00,1.20
2014.12.16 06:33:45.973,1.83718,1.83742,5.10,1.00
2014.12.16 06:33:47.114,1.83718,1.83742,2.92,1.07
2014.12.16 06:33:47.165,1.83718,1.83742,1.00,1.15
2014.12.16 06:33:47.671,1.83717,1.8374,1.00,1.00
2014.12.16 06:33:48.379,1.83719,1.8374,2.17,1.00
2014.12.16 06:33:48.885,1.83719,1.83741,2.25,1.00
2014.12.16 06:33:49.137,1.83713,1.83736,2.40,1.00
2014.12.16 06:33:49.592,1.83713,1.83736,1.10,3.67
2014.12.16 06:33:55.692,1.83714,1.83735,2.17,1.10
2014.12.16 06:33:55.793,1.83718,1.83739,1.57,1.10
2014.12.16 06:33:55.895,1.83722,1.83741,2.92,1.00
2014.12.16 06:33:55.997,1.83724,1.83745,1.57,1.00
2014.12.16 06:33:56.048,1.83728,1.83747,1.00,1.10
2014.12.16 06:33:56.099,1.83728,1.8375,1.00,1.65
2014.12.16 06:33:56.604,1.83727,1.83751,1.57,1.07
2014.12.16 06:34:00.513,1.83728,1.83751,2.17,1.07
2014.12.16 06:34:01.014,1.83729,1.83751,2.25,1.00
2014.12.16 06:34:01.588,1.83732,1.83751,1.00,1.00
2014.12.16 06:34:02.104,1.83729,1.83751,2.25,1.00
2014.12.16 06:34:04.015,1.83727,1.83751,1.07,1.10
2014.12.16 06:34:05.323,1.83733,1.83751,1.00,1.10
2014.12.16 06:34:05.917,1.83732,1.83751,1.00,1.10
2014.12.16 06:34:06.232,1.83757,1.83765,1.00,1.00
2014.12.16 06:34:06.334,1.83755,1.83782,2.44,1.17
2014.12.16 06:34:06.436,1.83758,1.83777,1.00,1.10
2014.12.16 06:34:06.588,1.83763,1.83786,2.25,1.00
2014.12.16 06:34:06.639,1.83765,1.83786,4.35,1.00
2014.12.16 06:34:06.690,1.83765,1.8379,4.35,1.00
2014.12.16 06:34:07.247,1.83765,1.83783,4.35,1.00
2014.12.16 06:34:07.449,1.83758,1.83784,1.69,5.10
2014.12.16 06:34:07.652,1.83758,1.83782,4.35,1.00
2014.12.16 06:34:07.703,1.83758,1.83785,4.35,1.65
2014.12.16 06:34:07.754,1.83761,1.83785,4.35,1.00
2014.12.16 06:34:07.957,1.83754,1.83777,1.65,1.00
2014.12.16 06:34:08.008,1.83752,1.83772,5.10,1.50
2014.12.16 06:34:08.059,1.83744,1.83771,2.25,2.25
2014.12.16 06:34:08.211,1.83744,1.83767,2.25,1.25
2014.12.16 06:34:08.263,1.83739,1.83763,1.10,2.25
2014.12.16 06:34:08.770,1.83737,1.8376,2.25,1.00
2014.12.16 06:34:09.298,1.83737,1.83763,2.25,2.44
2014.12.16 06:34:12.295,1.83741,1.83763,1.00,2.17
2014.12.16 06:34:12.600,1.83752,1.83764,1.57,1.00
2014.12.16 06:34:12.651,1.83752,1.83779,3.75,3.19
2014.12.16 06:34:13.371,1.83752,1.83776,3.67,2.17
2014.12.16 06:34:13.625,1.83753,1.83779,2.17,2.25
2014.12.16 06:34:13.726,1.83753,1.8378,4.35,1.40
2014.12.16 06:34:14.751,1.83753,1.83777,4.35,1.00
2014.12.16 06:34:17.643,1.83753,1.83777,1.00,3.75
2014.12.16 06:34:18.720,1.83753,1.83777,1.57,2.17
2014.12.16 06:34:18.771,1.83753,1.83778,3.75,1.17
2014.12.16 06:34:21.030,1.83753,1.83778,3.00,1.51
2014.12.16 06:34:21.183,1.83748,1.83772,1.65,1.00
2014.12.16 06:34:21.234,1.83747,1.83771,2.17,2.17
2014.12.16 06:34:21.386,1.83737,1.8376,1.50,2.25
2014.12.16 06:34:21.437,1.83737,1.83756,1.50,1.00
2014.12.16 06:34:21.690,1.83736,1.8376,2.25,1.00
2014.12.16 06:34:21.741,1.83733,1.8376,2.25,3.00
2014.12.16 06:34:22.148,1.83738,1.8376,1.00,3.00
2014.12.16 06:34:22.250,1.83733,1.8376,4.50,3.00
2014.12.16 06:34:22.458,1.83737,1.8376,1.00,3.00
2014.12.16 06:34:22.966,1.83738,1.8376,1.00,3.00
2014.12.16 06:34:23.068,1.83738,1.8376,1.10,1.10
2014.12.16 06:34:23.778,1.83743,1.8376,1.00,1.10
2014.12.16 06:34:23.879,1.83747,1.83768,2.25,1.37
2014.12.16 06:34:23.981,1.83751,1.83768,1.10,1.37
2014.12.16 06:34:24.234,1.83753,1.83777,2.25,1.00
2014.12.16 06:34:24.790,1.83756,1.83777,1.00,1.00
2014.12.16 06:34:24.841,1.83756,1.83782,1.00,3.19
2014.12.16 06:34:26.284,1.83754,1.83782,2.40,3.19
2014.12.16 06:34:30.148,1.83757,1.83781,1.00,1.17
2014.12.16 06:34:30.604,1.83754,1.83779,1.17,1.00
2014.12.16 06:34:31.065,1.83751,1.83779,3.19,3.00
2014.12.16 06:34:35.480,1.8375,1.83777,2.44,2.17
2014.12.16 06:34:35.683,1.83748,1.83777,4.69,2.25
2014.12.16 06:34:35.784,1.83753,1.83777,1.00,2.25
2014.12.16 06:34:36.089,1.83747,1.83769,1.19,2.25
2014.12.16 06:34:36.342,1.83746,1.83769,1.00,2.25
2014.12.16 06:34:36.855,1.83743,1.83769,3.94,2.25
2014.12.16 06:34:39.083,1.83743,1.83762,1.00,1.00
2014.12.16 06:34:39.286,1.83733,1.83758,1.20,1.15
2014.12.16 06:34:39.388,1.83733,1.83756,1.00,4.35
2014.12.16 06:34:39.742,1.83732,1.83753,1.00,2.17
2014.12.16 06:34:39.843,1.83729,1.83752,1.19,2.25
2014.12.16 06:34:39.945,1.83732,1.83752,1.00,2.25
2014.12.16 06:34:40.584,1.83733,1.83752,1.00,2.25
2014.12.16 06:34:41.182,1.83732,1.83752,1.00,2.25
2014.12.16 06:34:42.401,1.83732,1.83755,1.00,2.25
2014.12.16 06:34:43.138,1.83733,1.83755,1.00,2.25
2014.12.16 06:34:43.240,1.83729,1.83755,1.32,2.25
2014.12.16 06:34:43.934,1.83732,1.83755,1.00,2.25
2014.12.16 06:34:45.783,1.83733,1.83755,1.00,2.25
2014.12.16 06:34:45.884,1.83729,1.83755,1.07,2.25
2014.12.16 06:34:45.986,1.83735,1.83757,2.17,2.92
2014.12.16 06:34:46.037,1.83736,1.83758,1.15,1.00
2014.12.16 06:34:46.088,1.83736,1.83761,1.15,1.19
2014.12.16 06:34:46.291,1.83738,1.83759,1.00,2.25
2014.12.16 06:34:46.493,1.83738,1.83762,1.00,2.44
2014.12.16 06:34:52.445,1.83735,1.8376,2.25,1.01
2014.12.16 06:34:52.899,1.83738,1.83758,1.00,1.00
2014.12.16 06:34:53.404,1.83738,1.83758,1.00,1.26
2014.12.16 06:34:54.405,1.83734,1.83758,1.10,1.26
2014.12.16 06:34:55.426,1.83737,1.83758,2.17,1.76
2014.12.16 06:34:55.529,1.83738,1.83759,2.25,1.00
2014.12.16 06:34:55.579,1.83743,1.83759,1.00,1.00
2014.12.16 06:34:55.782,1.8375,1.83771,1.00,2.25
2014.12.16 06:34:55.884,1.83752,1.83771,1.00,3.00
2014.12.16 06:34:56.036,1.83753,1.83774,1.00,1.20
2014.12.16 06:34:56.137,1.83753,1.83776,1.07,1.50
2014.12.16 06:34:56.188,1.83756,1.83779,1.00,3.00
2014.12.16 06:34:56.239,1.83757,1.83779,1.20,1.00
2014.12.16 06:34:56.290,1.83759,1.83783,1.00,1.15
2014.12.16 06:34:56.340,1.83761,1.83783,1.00,1.15
2014.12.16 06:34:56.442,1.83763,1.83786,1.00,1.17
2014.12.16 06:34:56.644,1.83762,1.83783,1.00,2.25
2014.12.16 06:34:56.746,1.83762,1.83786,1.00,1.15
2014.12.16 06:34:56.949,1.83762,1.83784,1.50,2.25
2014.12.16 06:34:57.282,1.83758,1.83778,1.00,1.10
2014.12.16 06:34:57.333,1.83753,1.83778,1.57,1.10
2014.12.16 06:34:57.435,1.83753,1.83775,1.50,2.25
2014.12.16 06:34:57.739,1.83751,1.83773,1.00,2.25
2014.12.16 06:34:57.842,1.83747,1.8377,1.57,1.00
2014.12.16 06:34:58.362,1.83747,1.83769,1.07,1.00
2014.12.16 06:34:58.697,1.83747,1.83763,1.07,1.31
2014.12.16 06:34:58.748,1.83743,1.83763,1.00,4.31
2014.12.16 06:34:58.849,1.8374,1.8376,1.00,1.00
2014.12.16 06:34:58.900,1.83737,1.83755,1.57,1.00
2014.12.16 06:34:59.103,1.83733,1.83754,1.00,2.25
2014.12.16 06:34:59.204,1.83733,1.83754,1.00,1.00
2014.12.16 06:34:59.356,1.83734,1.83756,2.25,1.50
2014.12.16 06:34:59.407,1.83735,1.83758,1.07,1.01
2014.12.16 06:34:59.458,1.83736,1.83758,2.25,1.25
2014.12.16 06:34:59.559,1.83739,1.83761,1.00,1.10
2014.12.16 06:34:59.762,1.8374,1.83761,2.25,1.00
2014.12.16 06:35:00.015,1.83747,1.83767,1.00,1.57
2014.12.16 06:35:00.218,1.83749,1.83766,1.00,1.50
2014.12.16 06:35:00.319,1.83749,1.83769,1.00,1.00
2014.12.16 06:35:00.825,1.83749,1.83772,1.07,1.20
2014.12.16 06:35:01.641,1.83752,1.83772,1.00,1.10
2014.12.16 06:35:01.944,1.83749,1.83772,1.17,1.10
2014.12.16 06:35:02.681,1.83748,1.83767,3.00,1.00
2014.12.16 06:35:02.783,1.83748,1.8377,1.00,5.10
2014.12.16 06:35:02.834,1.83753,1.8377,1.00,3.00
2014.12.16 06:35:02.884,1.83753,1.83772,1.00,3.94
2014.12.16 06:35:02.935,1.83751,1.8377,1.00,2.17
2014.12.16 06:35:02.986,1.83748,1.83769,1.00,1.15
2014.12.16 06:35:03.037,1.83747,1.83768,1.00,2.25
2014.12.16 06:35:03.290,1.83743,1.83766,1.00,1.07
2014.12.16 06:35:03.341,1.83746,1.83765,1.00,2.17
2014.12.16 06:35:03.443,1.83746,1.83767,1.10,4.35
2014.12.16 06:35:03.545,1.83747,1.83765,1.00,2.17
2014.12.16 06:35:03.646,1.83744,1.83763,1.00,2.17
2014.12.16 06:35:04.882,1.83744,1.83761,1.00,2.25
2014.12.16 06:35:05.293,1.83737,1.83756,1.50,2.25
2014.12.16 06:35:05.804,1.83737,1.83757,1.10,2.25
2014.12.16 06:35:06.446,1.83738,1.83758,1.00,2.25
2014.12.16 06:35:06.497,1.83738,1.83759,1.00,1.17
2014.12.16 06:35:06.548,1.83738,1.83757,1.00,2.17
2014.12.16 06:35:06.857,1.83738,1.83753,1.00,2.25
2014.12.16 06:35:06.908,1.83734,1.83753,1.00,2.25
2014.12.16 06:35:07.783,1.83734,1.83755,1.00,5.10
2014.12.16 06:35:09.541,1.83734,1.83753,1.00,2.25
2014.12.16 06:35:16.100,1.83737,1.83753,2.17,2.17
2014.12.16 06:35:16.151,1.83738,1.83755,2.25,1.00
2014.12.16 06:35:16.202,1.83744,1.83756,2.17,1.00
2014.12.16 06:35:16.253,1.83746,1.83763,2.25,1.50
2014.12.16 06:35:16.354,1.83753,1.83767,1.00,1.10
2014.12.16 06:35:16.658,1.83752,1.83771,3.00,1.00
2014.12.16 06:35:16.832,1.83752,1.83771,1.07,2.17
2014.12.16 06:35:17.137,1.83758,1.83774,2.92,2.17
2014.12.16 06:35:17.188,1.83763,1.83781,1.00,1.17
2014.12.16 06:35:17.239,1.83763,1.83777,1.00,2.17
2014.12.16 06:35:17.290,1.83759,1.83777,1.00,4.35
2014.12.16 06:35:17.392,1.83756,1.83776,1.00,2.25
2014.12.16 06:35:17.443,1.83756,1.83774,1.00,3.00
2014.12.16 06:35:17.646,1.83747,1.83765,1.17,1.00
2014.12.16 06:35:17.798,1.83747,1.83768,1.17,1.10
2014.12.16 06:35:17.899,1.83747,1.83768,1.00,5.10
2014.12.16 06:35:19.372,1.83747,1.83766,1.00,2.25
2014.12.16 06:35:19.928,1.83743,1.83764,2.25,1.10
2014.12.16 06:35:19.979,1.83742,1.83763,3.67,2.17
2014.12.16 06:35:20.282,1.83743,1.83758,1.00,2.17
2014.12.16 06:35:20.435,1.83739,1.83758,1.00,2.25
2014.12.16 06:35:20.587,1.83739,1.83759,1.07,1.65
2014.12.16 06:35:20.689,1.83742,1.8376,1.00,1.17
2014.12.16 06:35:21.194,1.83743,1.83761,1.00,3.00
2014.12.16 06:35:21.738,1.83742,1.83761,1.50,3.00
2014.12.16 06:35:22.042,1.83747,1.83761,1.00,1.10
2014.12.16 06:35:22.094,1.83743,1.83761,1.00,1.10
2014.12.16 06:35:22.549,1.83743,1.83763,1.65,1.00
2014.12.16 06:35:22.700,1.83743,1.83761,1.10,1.10
2014.12.16 06:35:23.004,1.83742,1.83758,1.00,2.17
2014.12.16 06:35:23.359,1.83743,1.83754,1.00,1.00
2014.12.16 06:35:23.631,1.83738,1.83754,1.00,1.00
2014.12.16 06:35:23.682,1.83738,1.83748,1.00,1.00
2014.12.16 06:35:23.834,1.83729,1.83741,1.20,1.00
2014.12.16 06:35:23.885,1.83731,1.83741,1.00,1.00
2014.12.16 06:35:23.936,1.83731,1.83752,1.00,5.10
2014.12.16 06:35:23.987,1.83733,1.83748,2.17,1.00
2014.12.16 06:35:24.088,1.83734,1.83753,1.07,1.00
2014.12.16 06:35:24.603,1.83736,1.83755,1.00,1.07
2014.12.16 06:35:26.033,1.83736,1.83754,1.00,2.25
2014.12.16 06:35:26.337,1.83733,1.83752,1.10,1.10
2014.12.16 06:35:27.220,1.83733,1.83752,1.50,1.65
2014.12.16 06:35:27.422,1.83736,1.83752,1.00,1.15
2014.12.16 06:35:27.524,1.83741,1.83757,1.00,1.10
2014.12.16 06:35:27.625,1.83738,1.83756,1.00,1.10
2014.12.16 06:35:30.726,1.83738,1.83757,1.10,1.10
2014.12.16 06:35:31.741,1.83738,1.83755,1.10,1.00
2014.12.16 06:35:31.944,1.83725,1.83744,1.00,1.20
2014.12.16 06:35:31.995,1.83725,1.8374,1.00,1.10
2014.12.16 06:35:32.046,1.83719,1.83739,3.00,1.00
2014.12.16 06:35:32.097,1.83719,1.83729,1.07,1.00
2014.12.16 06:35:32.199,1.83719,1.83733,1.00,1.00
2014.12.16 06:35:32.300,1.83718,1.83738,1.00,3.00
2014.12.16 06:35:32.351,1.83716,1.83737,1.37,1.15
2014.12.16 06:35:32.654,1.83713,1.83732,1.00,4.35
2014.12.16 06:35:33.160,1.83712,1.83732,1.00,5.10
2014.12.16 06:35:33.849,1.83717,1.83732,1.00,5.10
2014.12.16 06:35:34.324,1.83712,1.83732,1.10,3.00
2014.12.16 06:35:34.842,1.83712,1.83732,1.10,1.17
2014.12.16 06:35:35.552,1.83714,1.83733,1.00,2.25
2014.12.16 06:35:36.115,1.83714,1.83735,1.00,1.15
2014.12.16 06:35:36.217,1.83721,1.8374,2.25,1.00
2014.12.16 06:35:36.543,1.83729,1.83749,1.00,2.25
2014.12.16 06:35:37.021,1.83729,1.8375,1.10,1.10
2014.12.16 06:35:39.101,1.83729,1.83748,1.10,2.17
2014.12.16 06:35:39.405,1.83727,1.83744,1.00,1.10
2014.12.16 06:35:39.456,1.83723,1.83744,3.00,1.57
2014.12.16 06:35:41.238,1.83728,1.83746,1.00,2.25
2014.12.16 06:35:46.228,1.83728,1.83745,1.00,4.35
2014.12.16 06:35:49.048,1.83728,1.83746,1.00,2.25
2014.12.16 06:35:49.948,1.8373,1.83746,1.00,2.25
2014.12.16 06:35:50.050,1.8373,1.83749,1.00,2.25
2014.12.16 06:35:54.850,1.83733,1.83749,1.00,2.25
2014.12.16 06:35:55.002,1.8373,1.83749,1.00,2.25
2014.12.16 06:35:55.154,1.8373,1.83752,1.00,2.25
2014.12.16 06:35:56.685,1.8373,1.83748,1.00,2.25
2014.12.16 06:35:59.506,1.83728,1.83748,1.00,3.00
2014.12.16 06:36:00.380,1.83733,1.83748,1.00,3.00
2014.12.16 06:36:02.472,1.83733,1.8375,1.00,2.25
2014.12.16 06:36:04.533,1.83727,1.8375,1.20,5.10
2014.12.16 06:36:06.873,1.83728,1.8375,1.00,5.10
2014.12.16 06:36:07.076,1.83728,1.83747,1.00,2.25
2014.12.16 06:36:09.283,1.83728,1.83748,1.10,2.25
2014.12.16 06:36:09.738,1.8373,1.83748,1.00,2.25
2014.12.16 06:36:15.936,1.83727,1.83748,1.57,2.25
2014.12.16 06:36:15.987,1.83727,1.83746,1.00,4.35
2014.12.16 06:36:16.037,1.83724,1.83745,1.00,1.15
2014.12.16 06:36:16.307,1.83724,1.83743,1.00,2.25
2014.12.16 06:36:20.396,1.83724,1.83745,1.00,5.10
2014.12.16 06:36:21.158,1.83728,1.83745,1.00,5.10
2014.12.16 06:36:22.364,1.83724,1.83745,1.00,5.10
2014.12.16 06:36:22.415,1.83727,1.83746,1.00,2.25
2014.12.16 06:36:22.629,1.83728,1.83748,1.00,1.20
2014.12.16 06:36:22.681,1.83728,1.83747,1.00,2.17
2014.12.16 06:36:23.229,1.83727,1.83748,3.75,1.00
2014.12.16 06:36:31.987,1.83731,1.83748,2.17,1.00
2014.12.16 06:36:32.088,1.83736,1.83755,1.00,2.25
2014.12.16 06:36:32.542,1.83732,1.83754,1.50,2.25
2014.12.16 06:36:32.976,1.83732,1.8375,1.00,1.00
2014.12.16 06:36:33.825,1.83732,1.8375,1.00,3.00
2014.12.16 06:36:36.808,1.83732,1.83749,1.00,2.25
2014.12.16 06:36:37.825,1.83732,1.83747,1.00,2.25
2014.12.16 06:36:38.019,1.83732,1.8375,1.00,5.10
2014.12.16 06:36:38.625,1.83732,1.8375,5.10,1.00
2014.12.16 06:36:38.929,1.83738,1.8375,1.17,1.00
2014.12.16 06:36:39.031,1.83744,1.83763,1.00,2.25
2014.12.16 06:36:39.183,1.83743,1.83765,5.10,1.00
2014.12.16 06:36:39.234,1.83745,1.83765,2.25,1.00
2014.12.16 06:36:39.336,1.83746,1.83768,1.15,1.20
2014.12.16 06:36:39.790,1.8375,1.8377,1.00,4.35
2014.12.16 06:36:41.654,1.8375,1.83772,1.07,3.19
2014.12.16 06:36:43.128,1.8375,1.83769,1.00,2.25
2014.12.16 06:36:43.330,1.83747,1.83769,1.17,3.00
2014.12.16 06:36:46.175,1.8375,1.83769,1.00,2.25
2014.12.16 06:36:48.906,1.83747,1.83769,1.17,3.00
2014.12.16 06:36:49.350,1.83747,1.83766,1.00,2.25
2014.12.16 06:36:50.366,1.83747,1.83757,1.00,4.35
2014.12.16 06:36:50.518,1.83739,1.83757,1.00,4.35
2014.12.16 06:36:50.670,1.83735,1.83752,1.37,2.25
2014.12.16 06:36:51.200,1.83735,1.83751,1.00,4.35
2014.12.16 06:36:52.073,1.83737,1.83755,1.00,2.25
2014.12.16 06:36:52.174,1.83737,1.83753,1.00,2.25
2014.12.16 06:36:52.478,1.83737,1.83751,1.00,2.25
2014.12.16 06:36:53.683,1.83737,1.83749,1.00,4.35
2014.12.16 06:36:53.734,1.83729,1.83748,1.00,1.15
2014.12.16 06:36:53.784,1.83727,1.83743,1.00,2.25
2014.12.16 06:36:53.836,1.83723,1.83743,1.29,2.25
2014.12.16 06:36:54.661,1.83723,1.83743,1.10,2.25
2014.12.16 06:36:55.909,1.83727,1.83743,1.00,2.25
2014.12.16 06:36:56.061,1.83733,1.83749,1.00,1.17
2014.12.16 06:36:56.163,1.83733,1.83752,1.00,1.07
2014.12.16 06:36:56.365,1.83738,1.83753,1.00,2.25
2014.12.16 06:36:56.877,1.83738,1.83754,1.00,2.25
2014.12.16 06:36:57.233,1.83734,1.83754,1.10,2.25
2014.12.16 06:36:57.587,1.83738,1.83754,1.00,2.25
2014.12.16 06:36:57.891,1.83742,1.83753,1.00,2.25
2014.12.16 06:36:57.994,1.83738,1.83754,1.00,4.35
2014.12.16 06:36:58.248,1.83734,1.83754,1.00,2.25
2014.12.16 06:37:00.459,1.83734,1.83753,1.00,2.17
2014.12.16 06:37:00.964,1.83732,1.83753,1.07,3.00
2014.12.16 06:37:02.668,1.83733,1.83749,1.00,2.25
2014.12.16 06:37:02.972,1.83731,1.83749,1.00,2.25
2014.12.16 06:37:03.073,1.83731,1.83741,1.00,2.25
2014.12.16 06:37:03.225,1.8372,1.8374,1.00,2.25
2014.12.16 06:37:03.276,1.8372,1.83735,1.00,2.25
2014.12.16 06:37:03.428,1.83712,1.83733,5.10,1.00
2014.12.16 06:37:03.479,1.83712,1.83733,1.17,3.00
2014.12.16 06:37:03.783,1.83712,1.83731,1.00,2.25
2014.12.16 06:37:04.290,1.83712,1.83728,1.00,2.25
2014.12.16 06:37:04.442,1.83709,1.83727,1.00,2.25
2014.12.16 06:37:04.493,1.83709,1.83725,1.00,4.35
2014.12.16 06:37:04.543,1.83704,1.83725,1.00,4.35
2014.12.16 06:37:04.594,1.83707,1.83725,1.00,4.35
2014.12.16 06:37:05.049,1.83704,1.83725,1.00,4.35
2014.12.16 06:37:06.077,1.83704,1.83725,1.07,4.35
2014.12.16 06:37:06.280,1.83707,1.83725,1.00,2.25
2014.12.16 06:37:06.536,1.83713,1.83732,5.10,1.00
2014.12.16 06:37:06.587,1.83716,1.83732,2.17,1.00
2014.12.16 06:37:06.638,1.83716,1.83737,2.25,1.01
2014.12.16 06:37:06.841,1.83723,1.83739,1.00,2.17
2014.12.16 06:37:06.891,1.83723,1.83742,1.00,1.01
2014.12.16 06:37:06.993,1.83723,1.83741,1.00,2.25
2014.12.16 06:37:07.195,1.83723,1.83746,3.00,1.10
2014.12.16 06:37:07.861,1.83728,1.83747,1.00,1.17
2014.12.16 06:37:08.165,1.83728,1.8375,3.00,1.32
2014.12.16 06:37:10.248,1.83728,1.83748,2.17,1.07
2014.12.16 06:37:10.298,1.83725,1.83748,3.00,3.00
2014.12.16 06:37:10.702,1.83728,1.83751,3.00,3.19
2014.12.16 06:37:11.006,1.83732,1.83754,1.17,3.94
2014.12.16 06:37:11.411,1.83728,1.83751,3.00,2.25
2014.12.16 06:37:11.714,1.83728,1.83749,1.50,4.35
2014.12.16 06:37:12.493,1.83728,1.83751,1.65,4.35
2014.12.16 06:37:13.979,1.83728,1.83748,1.20,1.00
2014.12.16 06:37:14.081,1.83726,1.83746,1.00,2.25
2014.12.16 06:37:14.495,1.83726,1.83748,1.10,1.17
2014.12.16 06:37:15.722,1.83728,1.83748,1.00,1.17
2014.12.16 06:37:16.026,1.83731,1.83752,3.00,1.10
2014.12.16 06:37:16.790,1.83731,1.83752,1.00,1.17
2014.12.16 06:37:22.513,1.83732,1.83752,2.25,1.00
2014.12.16 06:37:22.563,1.83734,1.83755,1.10,1.01
2014.12.16 06:37:22.816,1.83737,1.83758,1.10,3.00
2014.12.16 06:37:23.120,1.83738,1.8376,1.65,2.25
2014.12.16 06:37:23.423,1.83739,1.83762,2.25,3.00
2014.12.16 06:37:23.727,1.83745,1.83764,2.25,1.00
2014.12.16 06:37:23.930,1.83748,1.8377,1.20,1.15
2014.12.16 06:37:24.334,1.8375,1.8377,2.25,1.00
2014.12.16 06:37:24.536,1.83752,1.83773,3.00,1.10
2014.12.16 06:37:25.042,1.83755,1.83775,1.00,2.25
2014.12.16 06:37:25.216,1.83755,1.83776,1.17,1.09
2014.12.16 06:37:26.330,1.83758,1.83776,1.00,1.17
2014.12.16 06:37:26.484,1.83755,1.83776,1.17,1.17
2014.12.16 06:37:27.115,1.83757,1.83776,1.00,1.17
2014.12.16 06:37:27.755,1.83755,1.83776,1.17,1.17
2014.12.16 06:37:28.716,1.83758,1.83777,1.00,3.00
2014.12.16 06:37:29.617,1.83758,1.83779,1.10,1.10
2014.12.16 06:37:30.395,1.8376,1.83781,1.00,2.25
2014.12.16 06:37:30.497,1.83758,1.83781,1.10,3.75
2014.12.16 06:37:30.548,1.83757,1.83779,1.20,4.35
2014.12.16 06:37:35.139,1.83755,1.83777,3.00,2.25
2014.12.16 06:37:35.697,1.83755,1.83777,1.07,2.25
2014.12.16 06:37:36.256,1.83755,1.83776,1.00,2.17
2014.12.16 06:37:36.562,1.83758,1.83776,1.00,2.25
2014.12.16 06:37:39.861,1.8376,1.83783,3.00,2.25
2014.12.16 06:37:40.065,1.83764,1.83786,1.17,2.25
2014.12.16 06:37:40.368,1.83766,1.83789,3.00,2.44
2014.12.16 06:37:40.671,1.83758,1.83776,1.00,2.25
2014.12.16 06:37:41.077,1.83757,1.83779,1.17,2.25
2014.12.16 06:37:41.532,1.83757,1.83775,1.10,2.17
2014.12.16 06:37:41.851,1.83754,1.83775,1.10,2.25
2014.12.16 06:37:42.206,1.83757,1.83775,1.00,2.25
2014.12.16 06:37:42.426,1.83754,1.83775,1.10,2.25
2014.12.16 06:37:42.578,1.83754,1.83772,1.00,2.25
2014.12.16 06:37:42.680,1.83754,1.83775,1.10,2.25
2014.12.16 06:37:42.731,1.83762,1.83777,2.17,2.17
2014.12.16 06:37:42.782,1.83762,1.83778,2.25,1.00
2014.12.16 06:37:42.833,1.83762,1.83785,2.25,3.19
2014.12.16 06:37:42.934,1.83764,1.83787,1.07,2.25
2014.12.16 06:37:43.035,1.83768,1.83789,2.17,2.25
2014.12.16 06:37:43.086,1.83768,1.8379,2.25,1.07
2014.12.16 06:37:43.138,1.8377,1.83789,1.00,2.17
2014.12.16 06:37:43.341,1.8377,1.83791,1.10,4.35
2014.12.16 06:37:43.846,1.83767,1.8379,2.25,2.25
2014.12.16 06:37:43.947,1.83765,1.8379,5.29,4.35
2014.12.16 06:37:46.985,1.83767,1.8379,1.57,4.35
2014.12.16 06:37:47.087,1.83772,1.83796,1.65,5.29
2014.12.16 06:37:47.138,1.83772,1.83793,1.17,2.17
2014.12.16 06:37:47.341,1.83767,1.83792,5.47,4.35
2014.12.16 06:37:48.171,1.8377,1.83793,2.25,2.25
2014.12.16 06:37:50.058,1.83772,1.83795,2.25,2.25
2014.12.16 06:37:50.361,1.8377,1.83793,2.25,2.25
2014.12.16 06:37:51.375,1.83772,1.83797,4.35,4.54
2014.12.16 06:37:52.387,1.83775,1.83797,2.17,2.25
2014.12.16 06:37:52.540,1.83778,1.83801,1.17,1.36
2014.12.16 06:37:53.047,1.83782,1.83806,2.25,1.36
2014.12.16 06:37:53.302,1.83783,1.83806,1.17,1.17
2014.12.16 06:37:53.353,1.83786,1.83809,2.25,3.00
2014.12.16 06:37:54.976,1.83788,1.83811,2.25,2.25
2014.12.16 06:37:55.555,1.83792,1.83815,2.25,3.19
2014.12.16 06:37:55.862,1.8379,1.83813,2.25,3.00
2014.12.16 06:37:56.473,1.83793,1.83811,2.25,1.00
2014.12.16 06:37:56.575,1.83788,1.83811,4.35,1.15
2014.12.16 06:37:57.288,1.83785,1.83808,2.44,2.25
2014.12.16 06:37:57.868,1.83785,1.83805,2.17,2.17
2014.12.16 06:37:57.919,1.8378,1.83804,2.25,2.25
2014.12.16 06:37:57.970,1.8378,1.838,2.17,2.17
2014.12.16 06:37:58.021,1.83776,1.83799,2.25,2.25
2014.12.16 06:37:58.223,1.83775,1.83797,2.17,2.17
2014.12.16 06:37:58.325,1.8377,1.83793,2.44,2.25
2014.12.16 06:37:58.848,1.83773,1.83793,1.00,2.25
2014.12.16 06:37:58.949,1.83774,1.83797,4.35,1.39
2014.12.16 06:37:59.463,1.83778,1.83799,1.00,4.54
2014.12.16 06:37:59.972,1.83778,1.83799,1.00,4.35
2014.12.16 06:38:00.023,1.83774,1.83799,4.35,4.35
2014.12.16 06:38:00.226,1.83773,1.83795,3.00,2.25
2014.12.16 06:38:00.529,1.83773,1.83794,1.20,2.17
2014.12.16 06:38:00.731,1.83773,1.83791,1.00,2.25
2014.12.16 06:38:00.782,1.83769,1.83791,1.07,2.25
2014.12.16 06:38:01.560,1.83773,1.83791,1.00,2.25
2014.12.16 06:38:01.662,1.83768,1.83791,2.25,2.25
2014.12.16 06:38:05.204,1.83772,1.83795,2.25,3.19
2014.12.16 06:38:05.922,1.83772,1.83794,1.00,3.00
2014.12.16 06:38:06.428,1.83769,1.83794,2.25,2.25
2014.12.16 06:38:10.446,1.83773,1.83796,3.00,3.00
2014.12.16 06:38:10.750,1.8379,1.83812,3.00,1.17
2014.12.16 06:38:10.851,1.83788,1.83811,1.10,2.25
2014.12.16 06:38:10.902,1.83793,1.83812,2.17,2.17
2014.12.16 06:38:10.953,1.83793,1.83816,2.25,3.00
2014.12.16 06:38:11.257,1.83794,1.83819,5.10,4.35
2014.12.16 06:38:11.409,1.83797,1.83819,2.92,2.25
2014.12.16 06:38:11.915,1.83797,1.8382,3.75,2.25
2014.12.16 06:38:12.830,1.83798,1.83818,1.00,2.17
2014.12.16 06:38:12.983,1.83792,1.83815,3.00,2.25
2014.12.16 06:38:13.034,1.83792,1.83813,1.10,2.25
2014.12.16 06:38:13.642,1.83793,1.83813,1.00,2.25
2014.12.16 06:38:14.149,1.8379,1.83813,2.25,2.25
2014.12.16 06:38:14.813,1.83788,1.8381,3.00,2.17
2014.12.16 06:38:15.168,1.83792,1.8381,1.00,2.25
2014.12.16 06:38:15.673,1.83792,1.83812,1.00,2.25
2014.12.16 06:38:16.500,1.83789,1.83812,2.25,3.00
2014.12.16 06:38:16.755,1.83788,1.83809,3.00,2.17
2014.12.16 06:38:17.260,1.83787,1.83809,3.00,2.25
2014.12.16 06:38:18.148,1.83792,1.83811,2.17,2.17
2014.12.16 06:38:18.199,1.83792,1.83813,2.25,1.01
2014.12.16 06:38:18.353,1.83799,1.83816,2.17,2.17
2014.12.16 06:38:18.403,1.83799,1.83817,2.25,1.00
2014.12.16 06:38:19.162,1.83799,1.83818,2.25,1.12
2014.12.16 06:38:19.665,1.838,1.83818,4.35,1.12
2014.12.16 06:38:20.124,1.83804,1.83821,2.17,1.00
2014.12.16 06:38:20.226,1.83802,1.83822,4.35,1.31
2014.12.16 06:38:21.418,1.838,1.83822,2.25,3.37
2014.12.16 06:38:21.923,1.838,1.83818,2.25,1.00
2014.12.16 06:38:22.438,1.838,1.83817,2.25,1.00
2014.12.16 06:38:22.642,1.83797,1.83817,2.25,1.00
2014.12.16 06:38:23.153,1.83797,1.83818,2.25,1.01
2014.12.16 06:38:25.994,1.83802,1.8382,2.17,2.36
2014.12.16 06:38:26.348,1.83799,1.83822,2.25,4.69
2014.12.16 06:38:26.863,1.83797,1.83818,2.25,1.01
2014.12.16 06:38:27.267,1.83796,1.83818,2.25,2.25
2014.12.16 06:38:28.159,1.83797,1.83819,2.25,1.26
2014.12.16 06:38:29.271,1.83797,1.83819,2.17,2.44
2014.12.16 06:38:29.372,1.83795,1.83818,2.25,2.44
2014.12.16 06:38:32.076,1.83793,1.83816,3.00,2.25
2014.12.16 06:38:32.387,1.83797,1.8382,2.25,2.25
2014.12.16 06:38:32.904,1.83798,1.83819,1.00,4.35
2014.12.16 06:38:33.208,1.83798,1.83817,1.00,4.35
2014.12.16 06:38:33.425,1.83794,1.83817,1.20,4.35
2014.12.16 06:38:35.995,1.83798,1.83817,1.00,4.35
2014.12.16 06:38:36.097,1.838,1.83822,2.25,4.35
2014.12.16 06:38:36.147,1.83804,1.83822,2.17,2.17
2014.12.16 06:38:36.198,1.83804,1.83827,2.25,2.25
2014.12.16 06:38:36.552,1.83803,1.83825,1.20,4.35
2014.12.16 06:38:38.055,1.83803,1.83825,1.17,2.44
2014.12.16 06:38:38.157,1.83805,1.83827,1.00,4.35
2014.12.16 06:38:38.208,1.83807,1.83827,1.00,4.35
2014.12.16 06:38:38.259,1.83807,1.83829,1.17,2.25
2014.12.16 06:38:38.942,1.83806,1.83827,2.17,1.17
2014.12.16 06:38:38.993,1.83804,1.83827,2.25,3.00
2014.12.16 06:38:39.095,1.83803,1.83824,1.00,1.17
2014.12.16 06:38:39.348,1.83803,1.83823,1.00,4.35
2014.12.16 06:38:39.805,1.83798,1.83823,4.35,4.35
2014.12.16 06:38:40.261,1.83796,1.83818,1.07,2.25
2014.12.16 06:38:41.386,1.83793,1.83817,1.15,4.35
2014.12.16 06:38:43.776,1.83798,1.83816,1.00,1.15
2014.12.16 06:38:44.065,1.83798,1.83817,1.10,1.10
2014.12.16 06:38:47.845,1.83798,1.83817,2.25,1.10
2014.12.16 06:38:48.357,1.83799,1.83818,2.25,1.00
2014.12.16 06:38:50.684,1.83797,1.83818,2.25,1.20
2014.12.16 06:38:51.603,1.83802,1.83818,1.00,1.20
2014.12.16 06:38:52.058,1.83797,1.83818,3.00,1.10
2014.12.16 06:38:52.481,1.83803,1.83818,1.00,1.10
2014.12.16 06:38:53.895,1.83798,1.83818,1.17,1.10
2014.12.16 06:38:54.122,1.83802,1.83818,1.00,1.10
2014.12.16 06:38:55.748,1.83807,1.8382,2.17,2.17
2014.12.16 06:38:55.798,1.83812,1.83829,1.00,1.00
2014.12.16 06:38:55.900,1.83813,1.83832,1.10,1.57
2014.12.16 06:38:59.432,1.83818,1.83832,1.00,1.10
2014.12.16 06:38:59.585,1.83817,1.83836,1.00,1.32
2014.12.16 06:39:01.023,1.83817,1.83834,1.00,1.00
2014.12.16 06:39:01.226,1.83815,1.83837,2.25,1.00
2014.12.16 06:39:01.328,1.83813,1.83837,4.35,1.15
2014.12.16 06:39:01.379,1.83818,1.83838,1.00,5.10
2014.12.16 06:39:01.499,1.83813,1.83838,4.35,5.10
2014.12.16 06:39:01.701,1.83813,1.83835,2.25,2.25
2014.12.16 06:39:02.730,1.83817,1.83835,1.00,2.25
2014.12.16 06:39:03.794,1.83817,1.83838,1.20,1.20
2014.12.16 06:39:04.304,1.83818,1.8384,1.50,4.35
2014.12.16 06:39:04.558,1.83823,1.8384,1.00,4.35
2014.12.16 06:39:05.014,1.83823,1.83842,1.00,3.94
2014.12.16 06:39:05.116,1.83823,1.83835,1.00,1.00
2014.12.16 06:39:05.217,1.83818,1.83836,1.00,1.10
2014.12.16 06:39:05.370,1.83813,1.83836,5.10,1.20
2014.12.16 06:39:05.471,1.83817,1.83838,1.00,2.25
2014.12.16 06:39:05.875,1.83822,1.83839,1.00,2.25
2014.12.16 06:39:06.864,1.83818,1.83839,1.00,2.25
2014.12.16 06:39:07.319,1.83814,1.83839,2.25,2.25
2014.12.16 06:39:07.420,1.83812,1.83837,3.19,2.25
2014.12.16 06:39:07.977,1.83818,1.83837,1.00,2.25
2014.12.16 06:39:08.078,1.83813,1.83837,1.65,2.25
2014.12.16 06:39:08.483,1.83815,1.83837,1.07,2.25
2014.12.16 06:39:08.533,1.83815,1.83839,1.15,4.35
2014.12.16 06:39:08.837,1.83817,1.83836,1.00,2.25
2014.12.16 06:39:08.989,1.83813,1.83836,2.25,2.25
2014.12.16 06:39:09.191,1.83818,1.83836,1.00,2.25
2014.12.16 06:39:09.494,1.83818,1.83834,1.00,2.25
2014.12.16 06:39:10.408,1.83813,1.83834,1.10,2.25
2014.12.16 06:39:10.510,1.83817,1.83834,1.00,2.25
2014.12.16 06:39:12.189,1.83822,1.83834,1.00,2.25
2014.12.16 06:39:12.365,1.83817,1.83834,1.00,2.25
2014.12.16 06:39:12.819,1.83818,1.83832,1.00,2.25
2014.12.16 06:39:13.122,1.83818,1.83826,1.00,2.25
2014.12.16 06:39:13.173,1.83812,1.83822,1.00,1.07
2014.12.16 06:39:13.224,1.83808,1.83822,1.00,3.00
2014.12.16 06:39:13.275,1.83801,1.83822,1.10,3.00
2014.12.16 06:39:13.528,1.83799,1.83821,1.00,4.35
2014.12.16 06:39:15.302,1.83802,1.83821,2.17,2.17
2014.12.16 06:39:15.352,1.83804,1.83822,2.25,1.00
2014.12.16 06:39:15.404,1.83804,1.83825,2.25,1.10
2014.12.16 06:39:15.454,1.83808,1.83825,1.00,1.10
2014.12.16 06:39:15.758,1.83807,1.83821,1.00,4.35
2014.12.16 06:39:16.264,1.83808,1.83821,1.00,4.35
2014.12.16 06:39:16.366,1.83803,1.83821,1.00,4.35
2014.12.16 06:39:16.883,1.83808,1.83821,1.00,4.35
2014.12.16 06:39:16.984,1.83802,1.83821,1.00,4.35
2014.12.16 06:39:17.340,1.83808,1.83822,1.00,3.00
2014.12.16 06:39:17.647,1.83808,1.8382,1.00,2.25
2014.12.16 06:39:17.853,1.83812,1.83825,1.00,2.44
2014.12.16 06:39:17.904,1.83807,1.83824,1.00,2.25
2014.12.16 06:39:18.413,1.83807,1.83823,1.00,2.25
2014.12.16 06:39:18.935,1.83808,1.83823,1.00,2.25
2014.12.16 06:39:20.846,1.83803,1.83823,1.00,2.25
2014.12.16 06:39:21.099,1.83808,1.83823,1.00,2.25
2014.12.16 06:39:21.608,1.83807,1.83824,1.00,2.25
2014.12.16 06:39:22.419,1.83808,1.83824,1.00,2.25
2014.12.16 06:39:23.833,1.83817,1.83828,1.00,1.00
2014.12.16 06:39:24.036,1.83813,1.83828,1.00,1.00
2014.12.16 06:39:24.137,1.83813,1.83827,1.00,2.25
2014.12.16 06:39:24.389,1.83808,1.83826,1.00,3.00
2014.12.16 06:39:24.440,1.83808,1.83823,1.00,2.25
2014.12.16 06:39:24.744,1.83813,1.83823,1.00,2.25
2014.12.16 06:39:25.148,1.83808,1.83823,1.00,2.25
2014.12.16 06:39:25.922,1.83807,1.83821,1.00,1.10
2014.12.16 06:39:27.213,1.83808,1.83821,1.00,1.10
2014.12.16 06:39:28.127,1.83808,1.83819,1.00,1.00
2014.12.16 06:39:29.793,1.83812,1.83819,1.00,1.00
2014.12.16 06:39:29.894,1.83807,1.83824,1.00,1.01
2014.12.16 06:39:29.995,1.83807,1.83822,1.00,1.00
2014.12.16 06:39:30.322,1.83813,1.83822,1.00,3.00
2014.12.16 06:39:30.423,1.83808,1.83822,1.00,3.00
2014.12.16 06:39:30.720,1.83803,1.83822,1.00,3.00
2014.12.16 06:39:30.771,1.83799,1.83822,2.25,3.00
2014.12.16 06:39:31.296,1.83802,1.83822,1.00,3.00
2014.12.16 06:39:31.884,1.83802,1.83817,1.00,1.10
2014.12.16 06:39:31.986,1.83802,1.83821,1.00,1.17
2014.12.16 06:39:32.604,1.83808,1.83821,1.00,1.17
2014.12.16 06:39:33.181,1.83807,1.83821,1.00,1.17
2014.12.16 06:39:35.763,1.83807,1.83821,1.00,1.00
2014.12.16 06:39:36.067,1.83812,1.83825,1.00,1.39
2014.12.16 06:39:36.377,1.83812,1.83822,1.00,1.10
2014.12.16 06:39:36.428,1.83807,1.83822,1.00,1.10
2014.12.16 06:39:36.479,1.83802,1.83821,1.00,1.17
2014.12.16 06:39:36.990,1.83803,1.83821,1.00,1.17
2014.12.16 06:39:47.386,1.83807,1.83821,1.00,1.17
2014.12.16 06:39:49.352,1.83803,1.83821,1.00,1.17
2014.12.16 06:39:50.194,1.83803,1.83821,1.00,5.85
2014.12.16 06:39:52.756,1.83807,1.83821,1.00,5.10
2014.12.16 06:39:53.211,1.83803,1.83821,1.00,1.10
2014.12.16 06:39:53.618,1.83807,1.83823,1.00,1.07
2014.12.16 06:39:54.073,1.83803,1.83821,1.00,3.00
2014.12.16 06:39:54.354,1.83803,1.83818,1.00,2.25
2014.12.16 06:39:54.506,1.83798,1.83817,1.87,1.17
2014.12.16 06:39:54.860,1.83798,1.83812,1.00,1.00
2014.12.16 06:39:57.709,1.83794,1.83812,1.10,1.00
2014.12.16 06:39:57.860,1.83792,1.8381,1.00,1.00
2014.12.16 06:39:58.517,1.83792,1.83805,1.00,2.17
2014.12.16 06:39:58.720,1.8379,1.83808,2.17,2.17
2014.12.16 06:39:58.771,1.83789,1.83808,1.00,4.54
2014.12.16 06:39:58.822,1.83787,1.83803,1.00,2.17
2014.12.16 06:39:59.125,1.83778,1.838,1.17,1.10
2014.12.16 06:39:59.176,1.83778,1.83798,1.07,2.17
2014.12.16 06:39:59.379,1.83773,1.83793,1.00,2.17
2014.12.16 06:39:59.884,1.83772,1.83794,1.07,3.00
2014.12.16 06:40:00.051,1.83772,1.8379,1.07,1.00
2014.12.16 06:40:00.355,1.83772,1.83788,1.00,1.10
2014.12.16 06:40:01.799,1.83768,1.83788,1.07,1.10
2014.12.16 06:40:04.121,1.83768,1.83788,3.00,1.10
2014.12.16 06:40:04.324,1.83768,1.83786,1.07,1.57
2014.12.16 06:40:04.628,1.83753,1.83774,1.00,2.25
2014.12.16 06:40:04.730,1.83753,1.83771,1.00,2.25
2014.12.16 06:40:05.033,1.83758,1.83772,1.00,2.25
2014.12.16 06:40:08.056,1.83758,1.83774,1.00,2.25
2014.12.16 06:40:10.635,1.83758,1.83774,1.07,2.17
2014.12.16 06:40:10.686,1.83763,1.83782,1.00,2.25
2014.12.16 06:40:10.788,1.83763,1.83783,1.09,1.10
2014.12.16 06:40:10.890,1.83764,1.83787,3.00,3.00
2014.12.16 06:40:11.194,1.83759,1.83782,3.00,3.00
2014.12.16 06:40:11.599,1.83759,1.8378,2.17,2.25
2014.12.16 06:40:11.650,1.83757,1.83779,1.36,2.25
2014.12.16 06:40:12.849,1.83757,1.83777,1.00,2.25
2014.12.16 06:40:13.362,1.83758,1.83777,1.00,2.25
2014.12.16 06:40:13.666,1.83752,1.83774,1.07,2.25
2014.12.16 06:40:13.768,1.83752,1.83772,1.00,3.00
2014.12.16 06:40:14.123,1.83752,1.83769,1.00,2.25
2014.12.16 06:40:14.528,1.83747,1.83768,1.10,2.25
2014.12.16 06:40:14.731,1.83745,1.83766,2.17,2.25
2014.12.16 06:40:14.783,1.83742,1.83765,3.00,2.25
2014.12.16 06:40:16.503,1.83748,1.83765,1.07,2.17
2014.12.16 06:40:16.705,1.83752,1.83771,1.00,2.25
2014.12.16 06:40:16.857,1.83748,1.83771,3.00,2.25
2014.12.16 06:40:17.445,1.83748,1.8377,2.92,2.25
2014.12.16 06:40:17.496,1.83748,1.83769,1.10,2.25
2014.12.16 06:40:17.547,1.83748,1.83767,1.10,2.25
2014.12.16 06:40:18.056,1.83748,1.83766,1.00,2.25
2014.12.16 06:40:19.462,1.83748,1.83767,1.00,2.25
2014.12.16 06:40:20.235,1.83752,1.83767,1.00,2.17
2014.12.16 06:40:20.286,1.83752,1.83768,1.00,1.00
2014.12.16 06:40:20.552,1.83753,1.83775,2.25,2.25
2014.12.16 06:40:21.058,1.83752,1.83775,3.00,2.25
2014.12.16 06:40:22.432,1.83753,1.83775,3.00,2.17
2014.12.16 06:40:22.484,1.83754,1.83777,2.25,3.00
2014.12.16 06:40:24.142,1.83758,1.83777,2.17,2.92
2014.12.16 06:40:24.194,1.83758,1.83781,4.35,1.65
2014.12.16 06:40:24.346,1.83762,1.83783,1.00,4.35
2014.12.16 06:40:24.650,1.83758,1.83776,1.00,2.25
2014.12.16 06:40:25.004,1.83753,1.83776,1.15,4.35
2014.12.16 06:40:25.105,1.83755,1.83778,2.25,2.25
2014.12.16 06:40:25.611,1.83758,1.83777,1.00,4.35
2014.12.16 06:40:25.712,1.83753,1.83773,1.00,4.35
2014.12.16 06:40:25.864,1.83748,1.83771,3.19,2.25
2014.12.16 06:40:26.066,1.83752,1.83771,1.00,4.35
2014.12.16 06:40:26.420,1.83751,1.83769,2.17,2.17
2014.12.16 06:40:26.471,1.83752,1.83775,2.25,2.25
2014.12.16 06:40:26.573,1.8375,1.83773,2.25,2.25
2014.12.16 06:40:26.674,1.83747,1.83772,5.66,4.35
2014.12.16 06:40:26.725,1.83747,1.8377,3.56,2.25
2014.12.16 06:40:27.234,1.83747,1.83769,1.46,2.25
2014.12.16 06:40:27.946,1.83757,1.83769,1.00,2.25
2014.12.16 06:40:28.098,1.83758,1.83779,3.00,1.10
2014.12.16 06:40:28.250,1.83758,1.83779,2.92,2.25
2014.12.16 06:40:28.301,1.83758,1.83778,1.00,2.25
2014.12.16 06:40:28.352,1.83758,1.83776,1.00,2.25
2014.12.16 06:40:28.877,1.83757,1.83776,1.00,4.35
2014.12.16 06:40:30.003,1.83757,1.83777,1.00,2.25
2014.12.16 06:40:30.104,1.83757,1.83779,1.17,3.19
2014.12.16 06:40:31.081,1.83757,1.83777,1.00,4.35
2014.12.16 06:40:31.385,1.83753,1.83773,1.00,2.25
2014.12.16 06:40:31.890,1.83753,1.83772,1.00,4.35
2014.12.16 06:40:32.607,1.83753,1.83769,1.00,2.25
2014.12.16 06:40:34.088,1.83753,1.83773,1.00,2.44
2014.12.16 06:40:35.107,1.83753,1.83771,1.00,2.25
2014.12.16 06:40:35.626,1.83753,1.8377,1.00,4.35
2014.12.16 06:40:35.933,1.83753,1.83772,1.00,2.25
2014.12.16 06:40:35.984,1.83756,1.83772,1.00,2.25
2014.12.16 06:40:36.035,1.83756,1.83775,1.00,4.35
2014.12.16 06:40:36.086,1.83761,1.83775,2.17,2.17
2014.12.16 06:40:36.137,1.83761,1.83783,4.35,2.25
2014.12.16 06:40:36.188,1.83761,1.83783,4.35,1.50
2014.12.16 06:40:36.701,1.83762,1.83784,1.15,1.20
2014.12.16 06:40:36.802,1.83765,1.83784,2.25,1.00
2014.12.16 06:40:37.340,1.83766,1.83784,2.25,1.00
2014.12.16 06:40:37.678,1.83766,1.83786,2.25,1.00
2014.12.16 06:40:37.931,1.83768,1.83786,2.25,1.00
2014.12.16 06:40:38.032,1.83766,1.83786,2.25,1.50
2014.12.16 06:40:38.588,1.83766,1.83785,2.17,1.00
2014.12.16 06:40:38.639,1.83763,1.83785,3.00,1.00
2014.12.16 06:40:39.869,1.83763,1.83785,3.00,1.07
2014.12.16 06:40:40.071,1.83768,1.83785,1.00,1.00
2014.12.16 06:40:40.123,1.83768,1.83788,1.00,1.34
2014.12.16 06:40:40.640,1.83767,1.8379,3.00,5.21
2014.12.16 06:40:41.656,1.83767,1.83787,2.25,1.00
2014.12.16 06:40:41.707,1.83763,1.83787,4.35,5.10
2014.12.16 06:40:41.809,1.83763,1.83785,1.17,2.25
2014.12.16 06:40:42.265,1.83763,1.83781,1.07,1.00
2014.12.16 06:40:42.594,1.83759,1.83781,2.25,1.00
2014.12.16 06:40:43.661,1.83763,1.83781,2.17,1.00
2014.12.16 06:40:43.714,1.83764,1.83783,2.25,1.00
2014.12.16 06:40:43.816,1.83767,1.83787,1.10,1.65
2014.12.16 06:40:44.018,1.83767,1.83784,1.10,1.00
2014.12.16 06:40:44.188,1.83765,1.83787,2.25,1.17
2014.12.16 06:40:44.694,1.83765,1.83785,2.25,1.00
2014.12.16 06:40:45.098,1.83765,1.83782,2.17,1.00
2014.12.16 06:40:45.149,1.83763,1.83781,2.25,1.00
2014.12.16 06:40:45.503,1.83766,1.83781,2.25,1.00
2014.12.16 06:40:45.706,1.83768,1.83787,1.10,1.10
2014.12.16 06:40:45.807,1.83768,1.83787,3.00,1.00
2014.12.16 06:40:47.828,1.83766,1.83787,2.25,1.57
2014.12.16 06:40:47.929,1.83764,1.83787,3.00,3.75
2014.12.16 06:40:49.121,1.83764,1.83787,3.00,1.84
2014.12.16 06:40:49.424,1.83764,1.83784,1.20,1.00
2014.12.16 06:40:49.727,1.83763,1.83781,1.10,1.00
2014.12.16 06:40:50.282,1.83763,1.83781,1.17,1.00
2014.12.16 06:40:52.068,1.83764,1.83785,1.07,1.57
2014.12.16 06:40:52.169,1.8377,1.83788,2.25,1.00
2014.12.16 06:40:52.473,1.83774,1.83794,4.35,1.37
2014.12.16 06:40:52.524,1.83774,1.83794,4.35,1.00
2014.12.16 06:40:53.029,1.83774,1.83795,2.17,1.57
2014.12.16 06:40:53.080,1.83773,1.83795,1.57,3.75
2014.12.16 06:40:53.383,1.8377,1.83791,1.07,1.07
2014.12.16 06:40:53.893,1.83772,1.83791,1.00,1.07
2014.12.16 06:40:54.399,1.83771,1.83791,2.25,1.00
2014.12.16 06:40:54.653,1.8377,1.83791,1.15,1.07
2014.12.16 06:40:55.979,1.8377,1.83791,5.10,1.00
2014.12.16 06:40:56.176,1.83774,1.83795,4.35,1.00
2014.12.16 06:40:59.350,1.83774,1.83792,2.17,1.10
2014.12.16 06:40:59.401,1.83773,1.83792,1.10,1.10
2014.12.16 06:41:00.546,1.83773,1.83794,1.17,2.92
2014.12.16 06:41:00.598,1.83773,1.83794,3.00,1.10
2014.12.16 06:41:00.649,1.83775,1.83794,2.25,1.00
2014.12.16 06:41:01.314,1.83775,1.83797,3.00,2.25
2014.12.16 06:41:02.192,1.83775,1.83797,5.10,1.00
2014.12.16 06:41:02.698,1.83775,1.83797,1.07,2.25
2014.12.16 06:41:05.563,1.83778,1.83797,1.00,3.94
2014.12.16 06:41:05.866,1.83782,1.83798,1.00,1.00
2014.12.16 06:41:05.967,1.83782,1.838,1.00,1.10
2014.12.16 06:41:06.472,1.83782,1.83801,1.20,1.00
2014.12.16 06:41:06.927,1.83782,1.83805,1.20,5.85
2014.12.16 06:41:08.301,1.83783,1.83804,2.25,1.17
2014.12.16 06:41:12.604,1.83787,1.83804,1.00,1.17
2014.12.16 06:41:13.083,1.83783,1.83804,3.00,1.17
2014.12.16 06:41:13.336,1.83782,1.83804,1.20,1.65
2014.12.16 06:41:14.402,1.83786,1.83806,2.25,1.00
2014.12.16 06:41:14.907,1.83786,1.83807,2.25,1.10
2014.12.16 06:41:18.251,1.83786,1.83806,2.17,2.17
2014.12.16 06:41:18.302,1.83785,1.83806,1.00,4.35
2014.12.16 06:41:18.353,1.83782,1.83804,1.15,1.20
2014.12.16 06:41:19.139,1.83784,1.83804,2.17,1.10
2014.12.16 06:41:19.242,1.83785,1.83807,2.25,1.32
2014.12.16 06:41:19.394,1.83784,1.83807,1.15,1.40
2014.12.16 06:41:20.107,1.83787,1.83807,1.00,1.15
2014.12.16 06:41:20.870,1.83783,1.83802,4.35,1.00
2014.12.16 06:41:20.921,1.83781,1.838,1.20,1.34
2014.12.16 06:41:21.022,1.83778,1.83796,1.00,4.35
2014.12.16 06:41:21.073,1.83775,1.83796,1.00,5.10
2014.12.16 06:41:21.124,1.83773,1.83795,1.17,3.37
2014.12.16 06:41:21.226,1.83768,1.83786,1.00,4.54
2014.12.16 06:41:21.327,1.83764,1.83785,1.00,3.19
2014.12.16 06:41:21.429,1.83761,1.83782,1.07,2.17
2014.12.16 06:41:21.733,1.83763,1.83784,2.25,1.10
2014.12.16 06:41:21.953,1.83765,1.83786,2.25,1.07
2014.12.16 06:41:22.105,1.83768,1.83791,2.25,1.10
2014.12.16 06:41:22.308,1.83772,1.83793,2.17,1.57
2014.12.16 06:41:22.511,1.83772,1.83794,4.35,1.25
2014.12.16 06:41:23.060,1.83773,1.83794,3.00,1.25
2014.12.16 06:41:23.110,1.83775,1.83794,2.25,1.25
2014.12.16 06:41:23.415,1.83777,1.83797,2.25,2.51
2014.12.16 06:41:23.465,1.83777,1.83797,2.25,2.51
2014.12.16 06:41:23.928,1.83779,1.83797,2.25,1.00
2014.12.16 06:41:24.080,1.8378,1.838,2.25,1.50
2014.12.16 06:41:24.233,1.83777,1.83799,1.17,2.25
2014.12.16 06:41:24.637,1.83778,1.83799,1.15,1.00
2014.12.16 06:41:25.540,1.83777,1.83799,3.00,3.00
2014.12.16 06:41:30.446,1.83778,1.83799,2.25,2.17
2014.12.16 06:41:30.547,1.83778,1.838,5.10,1.50
2014.12.16 06:41:30.851,1.83778,1.838,1.20,2.40
2014.12.16 06:41:31.053,1.83778,1.83798,2.17,1.00
2014.12.16 06:41:31.154,1.83778,1.83797,1.00,1.00
2014.12.16 06:41:31.357,1.83781,1.83797,2.17,1.00
2014.12.16 06:41:31.509,1.83782,1.83801,2.25,1.19
2014.12.16 06:41:32.338,1.83783,1.83803,1.17,1.57
2014.12.16 06:41:35.283,1.83784,1.83805,1.17,2.92
2014.12.16 06:41:35.335,1.83785,1.83805,1.17,1.10
2014.12.16 06:41:35.386,1.83793,1.83807,2.17,2.17
2014.12.16 06:41:35.436,1.83794,1.83811,3.00,1.00
2014.12.16 06:41:35.538,1.83796,1.83817,1.10,2.25
2014.12.16 06:41:35.589,1.83798,1.83817,2.17,2.17
2014.12.16 06:41:35.640,1.83799,1.8382,3.00,1.00
2014.12.16 06:41:35.691,1.83799,1.83822,3.00,1.01
2014.12.16 06:41:35.843,1.83801,1.83822,2.25,1.00
2014.12.16 06:41:36.353,1.83802,1.83823,1.17,1.00
2014.12.16 06:41:36.782,1.83804,1.83824,2.17,1.10
2014.12.16 06:41:37.294,1.83805,1.83824,2.25,1.00
2014.12.16 06:41:38.268,1.83806,1.83824,2.25,1.00
2014.12.16 06:41:41.060,1.83805,1.83821,3.00,1.84
2014.12.16 06:41:41.162,1.83797,1.83816,2.25,1.51
2014.12.16 06:41:41.573,1.83797,1.83819,1.20,2.40
2014.12.16 06:41:41.674,1.838,1.83819,2.25,1.00
2014.12.16 06:41:42.028,1.838,1.83821,3.00,1.10
2014.12.16 06:41:42.180,1.83803,1.83823,2.25,1.50
2014.12.16 06:41:44.301,1.83803,1.83824,3.00,1.10
2014.12.16 06:41:44.914,1.83803,1.83822,3.00,1.00
2014.12.16 06:41:47.654,1.83802,1.83822,1.17,1.10
2014.12.16 06:41:48.782,1.83802,1.83822,1.00,1.65
2014.12.16 06:41:48.833,1.83802,1.83821,1.00,2.25
2014.12.16 06:41:48.935,1.83797,1.83821,1.15,5.10
2014.12.16 06:41:55.530,1.83799,1.83821,2.92,2.36
2014.12.16 06:41:55.581,1.838,1.83822,2.25,1.36
2014.12.16 06:41:55.789,1.83802,1.83822,2.25,1.19
2014.12.16 06:41:56.294,1.83802,1.83822,2.25,1.00
2014.12.16 06:41:56.800,1.83804,1.83824,2.25,1.69
2014.12.16 06:41:57.337,1.83803,1.83824,2.25,1.76
2014.12.16 06:41:57.908,1.83801,1.83824,3.00,3.94
2014.12.16 06:41:59.814,1.83801,1.83822,1.10,2.25
2014.12.16 06:42:02.650,1.83801,1.83822,1.17,2.36
2014.12.16 06:42:02.700,1.83801,1.83823,3.00,1.36
2014.12.16 06:42:03.008,1.83801,1.83822,1.10,2.44
2014.12.16 06:42:08.190,1.83798,1.8382,2.25,2.92
2014.12.16 06:42:08.701,1.83797,1.8382,3.00,3.00
2014.12.16 06:42:09.962,1.83797,1.83817,3.00,1.00
2014.12.16 06:42:10.012,1.83797,1.83817,1.10,1.17
2014.12.16 06:42:10.315,1.83795,1.83816,1.10,3.00
2014.12.16 06:42:14.575,1.83793,1.83808,2.25,1.00
2014.12.16 06:42:14.626,1.83792,1.83808,1.20,1.00
2014.12.16 06:42:14.829,1.83793,1.83806,1.00,1.07
2014.12.16 06:42:14.880,1.83784,1.83805,2.25,1.10
2014.12.16 06:42:14.931,1.83783,1.83805,1.50,5.10
2014.12.16 06:42:15.549,1.83783,1.838,1.00,1.00
2014.12.16 06:42:16.765,1.83783,1.83802,1.00,1.00
2014.12.16 06:42:19.147,1.83788,1.83802,1.00,1.00
2014.12.16 06:42:19.198,1.83788,1.83806,1.00,1.29
2014.12.16 06:42:19.703,1.83788,1.83806,1.00,1.00
2014.12.16 06:42:20.585,1.83787,1.83806,1.00,1.00
2014.12.16 06:42:22.024,1.83787,1.83806,1.00,1.17
2014.12.16 06:42:22.125,1.83785,1.83806,1.00,1.17
2014.12.16 06:42:22.277,1.83782,1.83802,1.17,1.00
2014.12.16 06:42:23.650,1.83782,1.83802,1.00,1.10
2014.12.16 06:42:24.155,1.83783,1.83802,1.00,1.10
2014.12.16 06:42:24.759,1.83781,1.83802,1.00,1.10
2014.12.16 06:42:28.319,1.83778,1.83798,3.00,1.00
2014.12.16 06:42:29.409,1.83778,1.83795,2.17,1.00
2014.12.16 06:42:29.460,1.83774,1.83795,3.00,1.00
2014.12.16 06:42:29.975,1.83774,1.83796,2.25,1.00
2014.12.16 06:42:31.847,1.83773,1.83796,1.17,1.10
2014.12.16 06:42:40.506,1.83778,1.83796,1.00,1.10
2014.12.16 06:42:43.039,1.83776,1.83798,1.00,3.00
2014.12.16 06:42:45.176,1.83788,1.83798,2.25,1.00
2014.12.16 06:42:45.279,1.83787,1.838,1.27,1.00
2014.12.16 06:42:45.381,1.83789,1.83812,1.15,1.00
2014.12.16 06:42:45.432,1.83793,1.83812,1.50,1.00
2014.12.16 06:42:45.482,1.83793,1.83815,1.65,1.50
2014.12.16 06:42:45.685,1.83795,1.83817,1.00,1.00
2014.12.16 06:42:46.241,1.83797,1.83817,1.00,1.00
2014.12.16 06:42:46.858,1.83795,1.83817,1.00,1.00
2014.12.16 06:42:52.391,1.83795,1.83817,1.00,1.84
2014.12.16 06:42:52.493,1.83793,1.83813,1.00,1.00
2014.12.16 06:42:56.794,1.83792,1.83813,1.00,1.00
2014.12.16 06:42:57.311,1.83792,1.83813,1.00,1.07
2014.12.16 06:43:01.128,1.83792,1.83813,1.00,1.00
2014.12.16 06:43:02.697,1.83793,1.83813,1.00,1.00
2014.12.16 06:43:04.907,1.83792,1.83813,1.00,1.00
2014.12.16 06:43:13.697,1.83793,1.83813,1.00,1.00
2014.12.16 06:43:14.213,1.83792,1.83813,1.00,1.00
2014.12.16 06:43:17.364,1.83793,1.83813,1.00,1.00
2014.12.16 06:43:25.680,1.83793,1.83813,1.00,1.15
2014.12.16 06:43:26.015,1.83793,1.8381,1.00,1.07
2014.12.16 06:43:31.908,1.83793,1.83812,1.00,1.00
2014.12.16 06:43:32.421,1.83792,1.83812,1.00,1.00
2014.12.16 06:43:36.001,1.83792,1.83812,1.17,1.00
2014.12.16 06:43:36.052,1.83793,1.83815,1.10,1.29
2014.12.16 06:43:36.154,1.83794,1.83815,1.27,1.19
2014.12.16 06:43:36.407,1.83796,1.83817,1.20,1.25
2014.12.16 06:43:36.710,1.83798,1.8382,1.20,1.50
2014.12.16 06:43:36.761,1.83799,1.8382,2.25,1.00
2014.12.16 06:43:36.964,1.83801,1.83825,2.32,3.19
2014.12.16 06:43:37.116,1.83803,1.83825,1.75,3.00
2014.12.16 06:43:37.268,1.83803,1.83825,1.00,3.75
2014.12.16 06:43:37.470,1.83803,1.83825,3.75,1.50
2014.12.16 06:43:37.775,1.83808,1.83826,1.10,1.00
2014.12.16 06:43:38.280,1.83806,1.83826,1.50,1.00
2014.12.16 06:43:38.766,1.83812,1.83826,2.17,1.00
2014.12.16 06:43:38.817,1.83812,1.83831,2.17,2.92
2014.12.16 06:43:38.868,1.83814,1.83831,2.17,1.00
2014.12.16 06:43:38.919,1.83817,1.83838,1.00,1.50
2014.12.16 06:43:38.970,1.83817,1.83838,2.92,1.50
2014.12.16 06:43:39.021,1.8382,1.8384,1.00,1.10
2014.12.16 06:43:39.324,1.83822,1.83841,1.00,1.12
2014.12.16 06:43:39.846,1.8382,1.83841,1.10,1.00
2014.12.16 06:43:40.150,1.83819,1.83843,2.59,1.10
2014.12.16 06:43:43.584,1.83818,1.83843,1.27,1.57
2014.12.16 06:43:44.090,1.83818,1.83843,1.00,1.65
2014.12.16 06:43:44.292,1.83818,1.83841,1.00,2.17
2014.12.16 06:43:49.130,1.83818,1.83841,1.50,4.69
2014.12.16 06:43:49.635,1.83818,1.83837,1.00,3.26
2014.12.16 06:43:49.838,1.83813,1.83837,1.00,4.84
2014.12.16 06:43:50.343,1.83812,1.83834,1.57,1.00
2014.12.16 06:43:51.837,1.83813,1.83834,1.00,1.00
2014.12.16 06:43:52.395,1.83813,1.83834,4.42,1.00
2014.12.16 06:43:53.538,1.83816,1.83834,1.00,1.00
2014.12.16 06:43:53.894,1.83817,1.83834,1.07,1.00
2014.12.16 06:43:54.714,1.83818,1.83834,5.10,1.00
2014.12.16 06:43:55.036,1.83823,1.83839,1.00,1.00
2014.12.16 06:43:55.188,1.83823,1.83843,1.00,1.69
2014.12.16 06:44:04.740,1.8382,1.83843,2.25,1.07
2014.12.16 06:44:04.841,1.83819,1.83843,1.17,1.17
2014.12.16 06:44:06.362,1.83822,1.83843,1.00,1.09
2014.12.16 06:44:06.564,1.83819,1.83843,1.17,1.17
2014.12.16 06:44:07.681,1.83823,1.83843,1.00,1.17
2014.12.16 06:44:08.342,1.83819,1.83843,1.17,1.65
2014.12.16 06:44:10.911,1.83817,1.83842,3.75,2.17
2014.12.16 06:44:10.962,1.83817,1.83842,1.57,2.25
2014.12.16 06:44:11.416,1.83817,1.83839,1.50,2.17
2014.12.16 06:44:13.545,1.83816,1.83839,1.00,3.19
2014.12.16 06:44:13.853,1.83816,1.83839,3.75,1.25
2014.12.16 06:44:14.158,1.83821,1.83839,1.35,1.00
2014.12.16 06:44:14.360,1.83825,1.8385,1.65,1.69
2014.12.16 06:44:14.412,1.8383,1.8385,1.00,1.50
2014.12.16 06:44:14.463,1.83831,1.83853,1.20,1.00
2014.12.16 06:44:14.514,1.83831,1.83853,1.95,1.00
2014.12.16 06:44:14.565,1.83833,1.83856,1.75,1.20
2014.12.16 06:44:14.717,1.83836,1.83852,1.12,1.00
2014.12.16 06:44:15.072,1.83837,1.83857,1.12,1.00
2014.12.16 06:44:15.173,1.83837,1.83852,1.12,1.00
2014.12.16 06:44:17.471,1.83837,1.83858,1.12,1.10
2014.12.16 06:44:17.573,1.83837,1.83853,1.12,1.00
2014.12.16 06:44:19.756,1.83838,1.83857,1.50,1.00
2014.12.16 06:44:20.977,1.83838,1.83853,1.50,1.00
2014.12.16 06:44:21.079,1.83838,1.83857,1.50,2.92
2014.12.16 06:44:21.182,1.83833,1.83854,1.57,1.00
2014.12.16 06:44:21.334,1.83832,1.83852,1.12,1.00
2014.12.16 06:44:21.842,1.83832,1.83851,1.12,1.10
2014.12.16 06:44:21.944,1.83831,1.8385,1.10,2.17
2014.12.16 06:44:22.045,1.83827,1.8385,2.70,1.10
2014.12.16 06:44:24.143,1.83827,1.83849,1.87,2.17
2014.12.16 06:44:24.655,1.83827,1.83848,1.95,1.10
2014.12.16 06:44:24.960,1.83828,1.83848,1.85,1.00
2014.12.16 06:44:25.467,1.83824,1.83847,1.17,1.20
2014.12.16 06:44:25.671,1.83822,1.83843,1.27,1.00
2014.12.16 06:44:25.879,1.83822,1.83842,1.00,1.00
2014.12.16 06:44:26.394,1.83822,1.83843,1.00,1.00
2014.12.16 06:44:36.316,1.83822,1.83843,1.17,1.00
2014.12.16 06:44:38.206,1.8382,1.8384,2.92,1.00
2014.12.16 06:44:38.256,1.8382,1.8384,1.00,1.00
2014.12.16 06:44:38.773,1.83818,1.8384,1.72,1.10
2014.12.16 06:44:42.926,1.83818,1.8384,3.90,1.10
2014.12.16 06:44:43.027,1.83821,1.83842,1.10,1.00
2014.12.16 06:44:56.903,1.83821,1.83841,1.10,1.00
2014.12.16 06:44:56.954,1.83821,1.83841,1.10,1.34
2014.12.16 06:44:57.157,1.83816,1.83838,1.10,1.10
2014.12.16 06:44:57.209,1.83816,1.83835,1.10,1.50
2014.12.16 06:44:57.463,1.83808,1.8383,3.00,1.00
2014.12.16 06:44:57.514,1.83808,1.8383,1.00,3.00
2014.12.16 06:44:57.767,1.83805,1.83827,1.00,1.15
2014.12.16 06:44:57.868,1.83805,1.83823,1.00,1.00
2014.12.16 06:44:57.919,1.83801,1.83822,1.80,1.00
2014.12.16 06:44:59.466,1.83798,1.8382,1.92,1.00
2014.12.16 06:45:00.353,1.83797,1.83821,4.12,1.00
2014.12.16 06:45:15.259,1.83803,1.83821,2.17,1.00
2014.12.16 06:45:15.310,1.83804,1.83828,1.15,1.50
2014.12.16 06:45:15.361,1.83804,1.83828,1.07,2.17
2014.12.16 06:45:15.664,1.83812,1.83835,1.50,1.47
2014.12.16 06:45:15.867,1.83815,1.83838,1.00,2.02
2014.12.16 06:45:16.187,1.83815,1.83838,1.50,1.65
2014.12.16 06:45:16.717,1.83816,1.83838,1.00,1.65
2014.12.16 06:45:17.052,1.83818,1.83841,1.00,3.00
2014.12.16 06:45:23.179,1.83818,1.83841,1.07,1.00
2014.12.16 06:45:38.102,1.83818,1.83841,1.00,2.92
2014.12.16 06:45:39.475,1.83818,1.8384,1.00,3.00
2014.12.16 06:45:40.021,1.83818,1.83839,1.00,2.25
2014.12.16 06:45:43.327,1.83818,1.8384,1.00,1.09
2014.12.16 06:45:43.428,1.83816,1.83837,1.00,1.00
2014.12.16 06:45:45.295,1.83816,1.83836,1.00,1.00
2014.12.16 06:45:45.599,1.83809,1.83831,1.12,1.07
2014.12.16 06:45:45.902,1.83806,1.83827,3.07,1.00
2014.12.16 06:45:46.054,1.83806,1.83827,1.10,1.57
2014.12.16 06:45:51.177,1.83806,1.83822,1.00,1.00
2014.12.16 06:45:51.279,1.83803,1.83822,1.57,1.00
2014.12.16 06:45:51.481,1.838,1.83822,1.77,1.00
2014.12.16 06:45:51.684,1.838,1.83823,1.00,3.00
2014.12.16 06:46:06.615,1.83799,1.83822,1.00,1.17
2014.12.16 06:46:10.284,1.838,1.83823,1.00,1.00
2014.12.16 06:46:10.803,1.83799,1.83823,2.21,1.00
2014.12.16 06:46:11.793,1.83799,1.83821,1.25,2.25
2014.12.16 06:46:12.451,1.838,1.83821,1.00,2.25
2014.12.16 06:46:12.761,1.83803,1.83823,1.00,3.00
2014.12.16 06:46:12.812,1.83803,1.83823,1.00,1.20
2014.12.16 06:46:13.825,1.83799,1.83823,1.00,1.20
2014.12.16 06:46:14.088,1.83803,1.83823,1.00,1.20
2014.12.16 06:46:15.937,1.83799,1.83823,1.00,1.20
2014.12.16 06:46:16.140,1.83803,1.83823,1.00,1.20
2014.12.16 06:46:18.442,1.83805,1.83827,1.00,1.57
2014.12.16 06:46:19.548,1.83808,1.83827,1.00,1.10
2014.12.16 06:46:22.189,1.83807,1.83827,1.00,1.10
2014.12.16 06:46:29.667,1.83805,1.83827,1.10,1.00
2014.12.16 06:46:30.186,1.83805,1.83827,1.00,1.07
2014.12.16 06:46:31.998,1.83808,1.83827,1.00,1.07
2014.12.16 06:46:32.871,1.83807,1.83827,1.00,1.07
2014.12.16 06:46:33.183,1.83807,1.83826,1.00,2.25
2014.12.16 06:46:34.178,1.83808,1.83826,1.00,2.25
2014.12.16 06:46:34.530,1.83808,1.83824,1.00,5.10
2014.12.16 06:46:34.637,1.83803,1.83824,1.10,5.10
2014.12.16 06:46:34.972,1.83808,1.83824,1.00,5.10
2014.12.16 06:46:37.881,1.83808,1.8382,1.00,1.00
2014.12.16 06:46:43.730,1.83808,1.8382,1.00,3.00
2014.12.16 06:46:52.565,1.83803,1.8382,1.10,3.00
2014.12.16 06:46:55.242,1.83803,1.8382,1.10,1.00
2014.12.16 06:46:55.734,1.83808,1.8382,1.00,1.00
2014.12.16 06:46:57.419,1.83802,1.8382,1.12,1.00
2014.12.16 06:46:58.870,1.83804,1.8382,1.00,1.00
2014.12.16 06:46:59.023,1.83804,1.83823,1.00,1.00
2014.12.16 06:46:59.528,1.83803,1.83823,1.00,1.00
2014.12.16 06:47:00.090,1.83802,1.83823,1.50,1.20
2014.12.16 06:47:01.809,1.83808,1.83823,1.00,1.20
2014.12.16 06:47:01.910,1.83802,1.83823,1.50,1.20
2014.12.16 06:47:02.657,1.83803,1.83823,1.00,1.20
2014.12.16 06:47:03.166,1.83802,1.83823,1.50,1.20
2014.12.16 06:47:04.760,1.83808,1.83823,1.00,1.00
2014.12.16 06:47:07.084,1.83803,1.83823,1.00,1.00
2014.12.16 06:47:10.393,1.83802,1.83823,1.57,1.00
2014.12.16 06:47:11.050,1.83803,1.83823,1.00,1.00
2014.12.16 06:47:11.707,1.83803,1.83822,1.00,1.10
2014.12.16 06:47:11.810,1.83803,1.8382,1.00,1.00
2014.12.16 06:47:12.064,1.83791,1.83814,1.00,2.25
2014.12.16 06:47:12.420,1.83788,1.83808,1.07,1.00
2014.12.16 06:47:13.146,1.83793,1.83808,1.00,1.00
2014.12.16 06:47:13.701,1.83787,1.83808,3.94,1.00
2014.12.16 06:47:14.004,1.83787,1.83808,1.69,1.00
2014.12.16 06:47:14.559,1.83792,1.83808,1.00,1.00
2014.12.16 06:47:15.322,1.83787,1.83808,1.50,2.92
2014.12.16 06:47:15.525,1.83787,1.83802,1.00,1.00
2014.12.16 06:47:15.677,1.8378,1.83802,1.00,3.75
2014.12.16 06:47:16.082,1.83777,1.838,1.50,1.10
2014.12.16 06:47:16.284,1.83777,1.83797,1.00,1.00
2014.12.16 06:47:17.501,1.83777,1.83797,1.00,1.17
2014.12.16 06:47:18.769,1.83774,1.83797,1.01,1.17
2014.12.16 06:47:21.143,1.83778,1.83797,1.00,1.17
2014.12.16 06:47:25.983,1.83777,1.83797,1.00,1.17
2014.12.16 06:47:28.229,1.83777,1.83795,1.00,1.00
2014.12.16 06:47:28.534,1.83772,1.83789,1.00,1.00
2014.12.16 06:47:28.837,1.83768,1.83789,1.50,3.00
2014.12.16 06:47:30.302,1.83768,1.83789,3.00,1.00
2014.12.16 06:47:30.404,1.83768,1.83789,1.00,1.00
2014.12.16 06:47:30.455,1.8377,1.83789,1.00,1.00
2014.12.16 06:47:30.809,1.83769,1.83791,1.20,1.00
2014.12.16 06:47:31.315,1.83768,1.83791,1.00,1.15
2014.12.16 06:47:31.668,1.83768,1.83788,1.00,1.00
2014.12.16 06:47:31.922,1.83764,1.83788,1.01,3.00
2014.12.16 06:47:32.023,1.83762,1.83785,2.44,2.25
2014.12.16 06:47:32.328,1.83767,1.83788,1.50,2.25
2014.12.16 06:47:32.633,1.8377,1.83788,1.00,2.25
2014.12.16 06:47:33.189,1.83767,1.83788,1.25,2.25
2014.12.16 06:47:40.642,1.83765,1.83788,1.25,2.25
2014.12.16 06:47:44.614,1.83765,1.83785,1.00,4.35
2014.12.16 06:47:44.715,1.83762,1.83781,1.00,1.00
2014.12.16 06:47:45.119,1.83758,1.83781,1.19,1.15
2014.12.16 06:47:45.221,1.83754,1.8378,4.91,1.20
2014.12.16 06:47:45.322,1.83753,1.83778,2.44,4.35
2014.12.16 06:47:47.006,1.83753,1.83776,1.37,2.25
2014.12.16 06:47:47.510,1.83753,1.83775,1.00,3.00
2014.12.16 06:47:48.246,1.83751,1.83775,1.19,3.00
2014.12.16 06:47:48.777,1.83751,1.83775,1.00,3.00
2014.12.16 06:47:51.436,1.83751,1.83772,1.00,4.35
2014.12.16 06:47:52.766,1.83748,1.83772,1.00,4.35
2014.12.16 06:47:55.604,1.83747,1.83771,1.00,1.15
2014.12.16 06:47:59.264,1.83746,1.8377,1.25,1.20
2014.12.16 06:48:02.982,1.83746,1.83768,1.00,1.17
2014.12.16 06:48:03.287,1.83742,1.83764,1.19,2.25
2014.12.16 06:48:03.439,1.83742,1.83764,1.00,2.25
2014.12.16 06:48:04.657,1.8374,1.83764,1.19,2.25
2014.12.16 06:48:05.845,1.83737,1.83761,1.39,2.17
2014.12.16 06:48:05.946,1.83737,1.83761,1.10,3.00
2014.12.16 06:48:06.098,1.83737,1.83758,1.10,2.17
2014.12.16 06:48:06.402,1.83727,1.8375,2.92,2.17
2014.12.16 06:48:06.452,1.83727,1.83749,1.00,2.25
2014.12.16 06:48:06.604,1.83723,1.83749,1.09,3.75
2014.12.16 06:48:06.705,1.83723,1.83747,1.32,2.25
2014.12.16 06:48:07.068,1.83724,1.83747,2.25,1.00
2014.12.16 06:48:07.945,1.83723,1.83747,1.10,1.07
2014.12.16 06:48:09.712,1.83724,1.83748,1.00,3.00
2014.12.16 06:48:10.281,1.83724,1.83749,3.00,1.65
2014.12.16 06:48:11.114,1.83727,1.8375,1.00,2.25
2014.12.16 06:48:11.418,1.83742,1.83761,1.00,1.00
2014.12.16 06:48:11.570,1.8374,1.83761,1.25,1.00
2014.12.16 06:48:11.671,1.8374,1.83765,1.25,4.35
2014.12.16 06:48:12.480,1.8374,1.83765,1.62,4.35
2014.12.16 06:48:13.130,1.8374,1.83761,1.25,1.00
2014.12.16 06:48:13.435,1.83732,1.83755,1.00,4.72
2014.12.16 06:48:13.637,1.83728,1.83752,1.25,2.25
2014.12.16 06:48:14.145,1.83725,1.83751,3.00,1.17
2014.12.16 06:48:14.656,1.83725,1.83749,3.00,1.00
2014.12.16 06:48:16.530,1.83729,1.83749,1.00,1.00
2014.12.16 06:48:17.137,1.83729,1.8375,1.00,1.10
2014.12.16 06:48:17.692,1.83729,1.83753,1.17,1.17
2014.12.16 06:48:23.593,1.8373,1.83755,2.25,1.31
2014.12.16 06:48:24.102,1.8373,1.83754,3.00,1.00
2014.12.16 06:48:32.172,1.8373,1.83754,4.50,1.00
2014.12.16 06:48:32.478,1.8375,1.83768,2.17,1.12
2014.12.16 06:48:32.782,1.83741,1.83767,1.07,2.17
2014.12.16 06:48:32.883,1.83739,1.83764,1.76,2.17
2014.12.16 06:48:33.035,1.83735,1.83761,5.10,1.00
2014.12.16 06:48:33.280,1.83737,1.83759,1.20,1.00
2014.12.16 06:48:33.583,1.83739,1.83759,4.35,1.00
2014.12.16 06:48:37.468,1.83739,1.83758,4.35,1.00
2014.12.16 06:48:44.360,1.83739,1.8376,4.54,1.00
2014.12.16 06:48:45.048,1.83739,1.83759,4.54,1.00
2014.12.16 06:48:51.685,1.83739,1.83763,4.35,3.75
2014.12.16 06:48:52.194,1.83739,1.8376,4.35,1.00
2014.12.16 06:48:52.702,1.83739,1.83759,4.35,1.00
2014.12.16 06:48:53.210,1.83739,1.83758,4.35,1.00
2014.12.16 06:48:53.718,1.83739,1.83759,4.35,1.00
2014.12.16 06:48:54.226,1.83739,1.83758,4.35,1.00
2014.12.16 06:48:54.731,1.83739,1.83759,4.35,1.00
2014.12.16 06:48:55.278,1.83739,1.83758,4.35,1.00
2014.12.16 06:48:55.841,1.83739,1.83759,4.35,1.00
2014.12.16 06:48:56.343,1.83739,1.8376,4.35,1.00
2014.12.16 06:48:57.563,1.83739,1.83759,4.35,1.00
2014.12.16 06:48:58.459,1.83739,1.8376,4.35,1.00
2014.12.16 06:48:59.074,1.83739,1.83758,4.35,1.00
2014.12.16 06:49:02.463,1.83739,1.83759,4.35,1.00
2014.12.16 06:49:03.092,1.83739,1.83761,4.35,1.00
2014.12.16 06:49:03.598,1.83739,1.8376,4.35,1.00
2014.12.16 06:49:04.455,1.83736,1.8376,4.35,1.00
2014.12.16 06:49:07.160,1.83739,1.8376,2.17,1.00
2014.12.16 06:49:10.338,1.83736,1.8376,4.35,1.00
2014.12.16 06:49:14.536,1.83736,1.83758,4.35,1.00
2014.12.16 06:49:19.572,1.83736,1.8376,5.29,1.00
2014.12.16 06:49:20.896,1.83736,1.83762,5.29,1.20
2014.12.16 06:49:21.921,1.83737,1.83758,1.15,1.00
2014.12.16 06:49:23.313,1.83736,1.83762,5.10,1.20
2014.12.16 06:49:30.319,1.83737,1.83762,2.25,1.10
2014.12.16 06:49:31.027,1.83738,1.83762,2.25,1.00
2014.12.16 06:49:31.582,1.83738,1.83757,2.25,1.00
2014.12.16 06:49:33.102,1.83738,1.83762,2.25,1.00
2014.12.16 06:49:33.308,1.83738,1.8376,2.25,1.00
2014.12.16 06:49:39.151,1.83738,1.83757,2.25,1.00
2014.12.16 06:49:41.244,1.83738,1.8376,2.25,1.00
2014.12.16 06:49:42.732,1.83738,1.83762,2.25,1.00
2014.12.16 06:49:42.989,1.83741,1.83762,4.72,1.00
2014.12.16 06:49:43.141,1.83741,1.83764,4.35,1.00
2014.12.16 06:49:43.341,1.83746,1.83764,1.00,1.00
2014.12.16 06:49:43.644,1.83753,1.83774,2.25,1.50
2014.12.16 06:49:45.219,1.83752,1.83774,1.17,1.00
2014.12.16 06:49:45.320,1.83753,1.83774,2.25,1.00
2014.12.16 06:49:45.624,1.83757,1.83774,1.00,1.00
2014.12.16 06:49:46.130,1.83756,1.83774,1.00,1.00
2014.12.16 06:49:46.910,1.83755,1.83774,1.10,1.00
2014.12.16 06:49:49.299,1.83753,1.83777,3.00,2.25
2014.12.16 06:49:54.126,1.83753,1.83773,3.75,1.00
2014.12.16 06:49:55.289,1.83754,1.83773,2.25,1.00
2014.12.16 06:49:55.340,1.83756,1.83777,2.25,1.50
2014.12.16 06:49:57.627,1.83756,1.83777,1.00,1.10
2014.12.16 06:49:57.729,1.83756,1.83778,3.75,1.00
2014.12.16 06:49:58.032,1.83758,1.83779,5.10,1.00
2014.12.16 06:49:58.083,1.83758,1.83782,5.10,2.62
2014.12.16 06:49:58.437,1.83758,1.83779,4.35,1.00
2014.12.16 06:49:58.538,1.83756,1.83779,1.15,1.00
2014.12.16 06:49:59.282,1.83756,1.83777,1.15,1.00
2014.12.16 06:49:59.623,1.83756,1.83779,1.15,1.00
2014.12.16 06:49:59.978,1.83757,1.83781,3.75,1.87
2014.12.16 06:50:00.282,1.83759,1.83781,2.25,1.12
2014.12.16 06:50:02.022,1.83759,1.83781,5.10,1.00
2014.12.16 06:50:02.326,1.83773,1.83787,2.25,1.00
2014.12.16 06:50:02.377,1.83773,1.83793,2.25,1.50
2014.12.16 06:50:03.861,1.83773,1.83789,2.17,1.00
2014.12.16 06:50:03.912,1.83771,1.83788,2.25,1.00
2014.12.16 06:50:04.013,1.83766,1.83787,1.10,3.00
2014.12.16 06:50:04.165,1.83764,1.83782,2.17,1.00
2014.12.16 06:50:04.216,1.83762,1.83782,2.25,1.00
2014.12.16 06:50:04.418,1.8376,1.83782,2.25,1.17
2014.12.16 06:50:04.570,1.8376,1.83779,2.25,1.00
2014.12.16 06:50:05.429,1.83757,1.83779,2.25,1.17
2014.12.16 06:50:08.684,1.83758,1.83779,1.07,3.00
2014.12.16 06:50:08.785,1.83755,1.83778,4.35,1.15
2014.12.16 06:50:09.394,1.83755,1.83778,2.25,3.00
2014.12.16 06:50:09.900,1.83754,1.83777,3.00,3.00
2014.12.16 06:50:10.328,1.83756,1.83778,2.25,1.65
2014.12.16 06:50:20.002,1.83757,1.83778,2.25,1.07
2014.12.16 06:50:20.306,1.83775,1.83797,2.25,1.07
2014.12.16 06:50:20.832,1.83775,1.83797,2.25,2.25
2014.12.16 06:50:22.855,1.83775,1.83798,2.25,1.10
2014.12.16 06:50:23.007,1.83775,1.83798,2.25,3.00
2014.12.16 06:50:23.058,1.83774,1.83797,1.15,1.15
2014.12.16 06:50:25.465,1.83777,1.83797,1.00,1.15
2014.12.16 06:50:38.733,1.83774,1.83797,1.15,1.15
2014.12.16 06:50:38.785,1.83777,1.83797,2.25,1.00
2014.12.16 06:50:39.291,1.83777,1.83798,2.25,1.10
2014.12.16 06:50:40.782,1.83778,1.83802,2.25,3.00
2014.12.16 06:50:43.648,1.8378,1.83802,2.25,4.42
2014.12.16 06:50:43.699,1.83781,1.83802,2.25,2.32
2014.12.16 06:50:44.255,1.83781,1.83802,2.92,1.17
2014.12.16 06:50:44.306,1.83781,1.83802,1.10,3.75
2014.12.16 06:50:44.356,1.83782,1.83802,2.17,2.92
2014.12.16 06:50:44.408,1.83783,1.83804,1.15,1.20
2014.12.16 06:50:45.578,1.83783,1.83806,3.00,2.25
2014.12.16 06:50:45.629,1.83783,1.83807,5.10,1.65
2014.12.16 06:50:49.988,1.83783,1.83803,5.10,1.00
2014.12.16 06:50:50.091,1.83783,1.83803,1.20,1.37
2014.12.16 06:50:51.101,1.83783,1.83802,1.00,2.02
2014.12.16 06:50:51.304,1.83784,1.83804,2.25,1.37
2014.12.16 06:50:51.456,1.83789,1.83808,1.10,1.10
2014.12.16 06:50:51.507,1.83791,1.83808,1.15,1.00
2014.12.16 06:50:51.557,1.83792,1.83813,1.20,1.20
2014.12.16 06:50:51.608,1.83794,1.83813,3.00,1.00
2014.12.16 06:50:51.659,1.83795,1.83817,1.07,3.37
2014.12.16 06:50:51.710,1.83796,1.83817,2.25,1.20
2014.12.16 06:50:52.015,1.83791,1.83812,1.15,1.00
2014.12.16 06:50:52.118,1.83789,1.83812,2.25,3.00
2014.12.16 06:50:52.371,1.83793,1.83815,1.00,2.25
2014.12.16 06:50:52.422,1.83793,1.83816,3.75,3.75
2014.12.16 06:50:52.726,1.83795,1.83813,2.25,1.00
2014.12.16 06:50:52.979,1.83795,1.83818,2.25,3.00
2014.12.16 06:50:53.889,1.83795,1.83815,2.17,2.92
2014.12.16 06:50:53.940,1.83792,1.83814,1.17,2.25
2014.12.16 06:50:53.991,1.83791,1.83812,2.17,2.25
2014.12.16 06:50:54.143,1.83793,1.83816,3.37,2.25
2014.12.16 06:50:54.194,1.83796,1.83816,2.17,2.17
2014.12.16 06:50:54.245,1.83798,1.83817,2.25,1.50
2014.12.16 06:50:54.346,1.83801,1.83821,1.00,2.25
2014.12.16 06:50:54.448,1.83801,1.83823,1.15,1.20
2014.12.16 06:50:54.700,1.83799,1.83816,1.00,2.25
2014.12.16 06:50:54.751,1.83794,1.83816,2.02,2.25
2014.12.16 06:50:54.802,1.83794,1.83814,1.12,2.25
2014.12.16 06:50:55.106,1.83793,1.83812,1.37,2.25
2014.12.16 06:50:55.157,1.83789,1.83812,2.25,3.00
2014.12.16 06:50:55.258,1.83787,1.83811,1.17,2.25
2014.12.16 06:50:55.835,1.83788,1.83812,4.35,1.15
2014.12.16 06:50:56.139,1.83792,1.83812,1.00,1.15
2014.12.16 06:50:56.644,1.83793,1.83814,1.10,2.25
2014.12.16 06:50:56.948,1.83794,1.83816,1.17,2.25
2014.12.16 06:50:57.252,1.83797,1.83817,1.00,1.65
2014.12.16 06:50:57.809,1.83796,1.83818,1.50,2.25
2014.12.16 06:50:59.125,1.83796,1.83815,1.25,2.25
2014.12.16 06:50:59.529,1.83793,1.83815,1.17,2.25
2014.12.16 06:50:59.630,1.83791,1.83813,1.32,2.25
2014.12.16 06:51:00.136,1.83793,1.83815,1.17,2.25
2014.12.16 06:51:00.288,1.83792,1.83814,1.00,4.35
2014.12.16 06:51:00.945,1.83793,1.83814,1.00,4.35
2014.12.16 06:51:02.217,1.83793,1.83814,1.17,2.25
2014.12.16 06:51:02.761,1.83792,1.83814,1.50,2.25
2014.12.16 06:51:03.090,1.83792,1.83812,1.50,2.25
2014.12.16 06:51:03.343,1.83798,1.83821,3.00,2.25
2014.12.16 06:51:03.495,1.83799,1.83817,1.17,1.00
2014.12.16 06:51:03.647,1.83798,1.83821,2.25,2.25
2014.12.16 06:51:07.192,1.838,1.83821,2.25,2.17
2014.12.16 06:51:07.243,1.838,1.83825,4.35,4.35
2014.12.16 06:51:08.032,1.83801,1.83825,1.90,4.35
2014.12.16 06:51:08.134,1.83809,1.83829,2.62,1.00
2014.12.16 06:51:08.235,1.83809,1.83831,3.00,1.00
2014.12.16 06:51:08.286,1.83812,1.83831,2.17,1.00
2014.12.16 06:51:08.387,1.83814,1.83836,2.25,3.37
2014.12.16 06:51:08.902,1.83816,1.83833,1.20,1.00
2014.12.16 06:51:09.559,1.83815,1.83837,1.15,1.20
2014.12.16 06:51:09.767,1.83815,1.83832,1.15,1.00
2014.12.16 06:51:10.275,1.83815,1.83832,1.20,1.00
2014.12.16 06:51:10.326,1.83815,1.83837,1.20,5.10
2014.12.16 06:51:10.427,1.83821,1.83837,1.00,4.35
2014.12.16 06:51:10.478,1.83821,1.83839,1.87,2.25
2014.12.16 06:51:10.580,1.83823,1.83841,2.25,1.00
2014.12.16 06:51:10.782,1.83821,1.83841,1.00,2.25
2014.12.16 06:51:10.935,1.83817,1.83839,1.65,2.17
2014.12.16 06:51:15.265,1.83815,1.83837,1.10,1.17
2014.12.16 06:51:15.912,1.83815,1.83835,1.10,2.17
2014.12.16 06:51:16.419,1.83815,1.83834,1.00,2.25
2014.12.16 06:51:17.462,1.83815,1.83835,1.10,2.17
2014.12.16 06:51:17.513,1.83815,1.83837,1.10,1.65
2014.12.16 06:51:22.083,1.83816,1.83838,2.17,2.25
2014.12.16 06:51:22.285,1.83815,1.83837,1.15,2.17
2014.12.16 06:51:22.811,1.83817,1.83837,1.50,2.25
2014.12.16 06:51:22.963,1.8382,1.83837,1.00,2.25
2014.12.16 06:51:24.292,1.8382,1.83839,1.00,2.25
2014.12.16 06:51:27.578,1.83819,1.83839,1.00,2.25
2014.12.16 06:51:27.896,1.83819,1.83841,1.07,3.00
2014.12.16 06:51:28.176,1.83819,1.83837,1.10,1.10
2014.12.16 06:51:33.961,1.83818,1.83837,1.00,1.20
2014.12.16 06:51:34.264,1.8382,1.83838,1.00,1.65
2014.12.16 06:51:36.197,1.8382,1.83841,1.00,4.35
2014.12.16 06:51:37.546,1.8382,1.83839,1.00,2.25
2014.12.16 06:51:37.698,1.83817,1.83837,1.00,2.25
2014.12.16 06:51:37.799,1.83816,1.83834,1.00,2.17
2014.12.16 06:51:37.901,1.83814,1.83834,1.01,2.25
2014.12.16 06:51:41.485,1.83814,1.83835,1.07,2.25
2014.12.16 06:51:41.989,1.83814,1.83836,1.07,3.00
2014.12.16 06:51:42.703,1.83814,1.83835,1.00,2.17
2014.12.16 06:51:44.876,1.83812,1.83835,1.15,4.35
2014.12.16 06:51:48.734,1.83813,1.83836,2.25,2.25
2014.12.16 06:51:52.789,1.83813,1.83835,2.25,2.25
2014.12.16 06:51:52.840,1.83812,1.83835,1.15,4.35
2014.12.16 06:51:55.849,1.83813,1.83832,1.65,1.00
2014.12.16 06:51:56.052,1.83811,1.83831,1.25,2.25
2014.12.16 06:51:57.635,1.83811,1.83832,1.20,1.10
2014.12.16 06:52:00.220,1.83813,1.83832,1.00,1.10
2014.12.16 06:52:00.623,1.83815,1.83832,1.00,1.10
2014.12.16 06:52:00.928,1.83815,1.83827,1.00,1.00
2014.12.16 06:52:01.030,1.83815,1.83833,1.00,1.17
2014.12.16 06:52:02.561,1.83815,1.83827,1.00,1.00
2014.12.16 06:52:06.656,1.83815,1.83832,1.10,1.00
2014.12.16 06:52:06.993,1.83815,1.83836,1.10,2.25
2014.12.16 06:52:07.562,1.83817,1.83836,1.00,2.25
2014.12.16 06:52:07.865,1.83823,1.83842,1.00,1.20
2014.12.16 06:52:08.272,1.83823,1.83842,3.00,1.00
2014.12.16 06:52:08.873,1.83826,1.83842,1.00,1.00
2014.12.16 06:52:09.540,1.83823,1.83838,3.00,1.00
2014.12.16 06:52:09.591,1.83823,1.83838,1.00,1.00
2014.12.16 06:52:11.608,1.83823,1.83842,1.00,1.00
2014.12.16 06:52:12.238,1.83823,1.83838,1.00,1.00
2014.12.16 06:52:12.727,1.83823,1.83842,1.00,1.00
2014.12.16 06:52:13.009,1.83823,1.83838,1.00,1.00
2014.12.16 06:52:13.768,1.8382,1.83838,4.35,1.00
2014.12.16 06:52:13.921,1.8382,1.83842,4.35,1.00
2014.12.16 06:52:14.123,1.83823,1.8384,1.00,1.00
2014.12.16 06:52:14.325,1.8382,1.8384,1.00,3.00
2014.12.16 06:52:14.831,1.83818,1.83837,1.17,1.00
2014.12.16 06:52:15.675,1.83818,1.83837,1.10,2.92
2014.12.16 06:52:15.726,1.83815,1.83837,1.00,5.10
2014.12.16 06:52:16.271,1.83815,1.83837,1.07,3.00
2014.12.16 06:52:16.322,1.83815,1.83837,1.52,1.20
2014.12.16 06:52:16.372,1.83818,1.83837,1.07,1.10
2014.12.16 06:52:17.029,1.83821,1.83837,1.00,1.00
2014.12.16 06:52:17.760,1.83821,1.83838,1.07,1.00
2014.12.16 06:52:18.274,1.83821,1.83837,1.07,1.00
2014.12.16 06:52:18.881,1.83821,1.83837,1.00,1.00
2014.12.16 06:52:19.424,1.83821,1.83833,1.00,1.00
2014.12.16 06:52:19.526,1.83821,1.83838,1.00,1.20
2014.12.16 06:52:19.577,1.83821,1.83835,1.00,1.00
2014.12.16 06:52:19.779,1.83815,1.83832,1.00,1.00
2014.12.16 06:52:19.830,1.83815,1.83828,1.00,1.00
2014.12.16 06:52:19.881,1.83813,1.83828,1.10,1.00
2014.12.16 06:52:20.234,1.83809,1.83828,1.10,1.00
2014.12.16 06:52:20.285,1.83809,1.83827,1.00,1.07
2014.12.16 06:52:20.993,1.83806,1.83827,1.00,1.15
2014.12.16 06:52:22.375,1.83806,1.83822,1.00,1.00
2014.12.16 06:52:22.628,1.83806,1.83827,1.00,1.65
2014.12.16 06:52:23.154,1.83806,1.83823,1.00,1.00
2014.12.16 06:52:23.662,1.83807,1.83823,1.00,1.50
2014.12.16 06:52:26.609,1.83807,1.83823,1.07,1.50
2014.12.16 06:52:26.912,1.83813,1.83822,1.07,1.00
2014.12.16 06:52:27.114,1.83813,1.83828,1.15,1.00
2014.12.16 06:52:27.166,1.83816,1.83828,1.00,1.00
2014.12.16 06:52:27.470,1.83822,1.83828,1.00,1.00
2014.12.16 06:52:27.571,1.83822,1.83833,1.00,1.00
2014.12.16 06:52:27.672,1.83822,1.83837,1.10,1.00
2014.12.16 06:52:27.774,1.83823,1.83833,2.17,1.00
2014.12.16 06:52:27.875,1.83825,1.83838,1.10,1.00
2014.12.16 06:52:28.229,1.83825,1.83832,1.00,1.00
2014.12.16 06:52:28.547,1.83825,1.83837,1.00,1.00
2014.12.16 06:52:30.609,1.83825,1.83842,1.00,1.50
2014.12.16 06:52:31.138,1.83825,1.83842,1.00,1.57
2014.12.16 06:52:31.809,1.83825,1.83842,1.07,1.50
2014.12.16 06:52:32.331,1.83828,1.83842,1.00,1.50
2014.12.16 06:52:32.770,1.83825,1.83841,1.00,1.00
2014.12.16 06:52:37.785,1.83825,1.83837,1.00,1.00
2014.12.16 06:52:38.129,1.83825,1.83841,1.00,1.00
2014.12.16 06:52:38.231,1.83825,1.83837,1.00,1.00
2014.12.16 06:52:38.282,1.8382,1.83837,1.15,1.00
2014.12.16 06:52:38.585,1.83824,1.83837,1.00,1.00
2014.12.16 06:52:38.686,1.83824,1.83842,1.00,1.65
2014.12.16 06:52:38.861,1.83824,1.83837,1.00,1.00
2014.12.16 06:52:39.271,1.83821,1.83838,1.00,1.07
2014.12.16 06:52:40.512,1.83821,1.83838,1.00,1.00
2014.12.16 06:52:45.164,1.83821,1.83841,1.00,1.20
2014.12.16 06:52:45.657,1.83821,1.83841,2.92,1.10
2014.12.16 06:52:46.182,1.83821,1.83842,5.10,1.00
2014.12.16 06:52:48.326,1.83821,1.83837,5.10,1.00
2014.12.16 06:52:49.969,1.83821,1.83838,5.10,1.00
2014.12.16 06:52:54.583,1.83823,1.83843,1.20,1.00
2014.12.16 06:52:55.133,1.83824,1.83843,1.00,1.00
2014.12.16 06:52:55.639,1.83823,1.83842,5.10,1.00
2014.12.16 06:52:55.792,1.83823,1.83846,5.10,1.65
2014.12.16 06:52:56.357,1.83823,1.83842,5.47,1.00
2014.12.16 06:52:56.868,1.83823,1.83843,5.47,1.00
2014.12.16 06:52:57.993,1.83823,1.83842,5.47,1.00
2014.12.16 06:53:01.387,1.83823,1.83846,6.22,1.15
2014.12.16 06:53:01.590,1.83829,1.83847,2.55,3.67
2014.12.16 06:53:01.641,1.83832,1.83847,1.20,1.00
2014.12.16 06:53:01.692,1.83833,1.83847,1.07,1.00
2014.12.16 06:53:01.844,1.83838,1.83852,1.12,1.00
2014.12.16 06:53:01.895,1.8384,1.83852,2.17,1.00
2014.12.16 06:53:01.946,1.83841,1.83858,2.25,1.50
2014.12.16 06:53:01.996,1.83846,1.83858,1.00,1.00
2014.12.16 06:53:04.565,1.83846,1.83862,1.10,1.00
2014.12.16 06:53:04.818,1.83846,1.83867,1.57,3.00
2014.12.16 06:53:04.869,1.83846,1.83867,1.95,3.00
2014.12.16 06:53:05.173,1.83856,1.83872,5.10,1.50
2014.12.16 06:53:05.375,1.83863,1.83878,1.10,1.00
2014.12.16 06:53:05.781,1.83861,1.83872,2.25,1.00
2014.12.16 06:53:05.883,1.83859,1.83873,1.00,1.57
2014.12.16 06:53:05.934,1.83853,1.83871,1.00,2.55
2014.12.16 06:53:05.985,1.83848,1.8387,1.17,2.25
2014.12.16 06:53:06.037,1.83847,1.83862,1.00,1.10
2014.12.16 06:53:06.341,1.83842,1.83857,1.00,1.00
2014.12.16 06:53:09.005,1.83842,1.83852,1.00,1.00
2014.12.16 06:53:09.056,1.83838,1.83852,1.00,1.00
2014.12.16 06:53:09.411,1.83841,1.83858,1.00,1.00
2014.12.16 06:53:09.714,1.83844,1.83858,1.00,1.00
2014.12.16 06:53:09.765,1.83844,1.83862,1.00,1.00
2014.12.16 06:53:10.070,1.83848,1.83867,1.00,1.17
2014.12.16 06:53:10.172,1.83849,1.83872,2.25,1.00
2014.12.16 06:53:10.224,1.83856,1.83873,1.00,1.10
2014.12.16 06:53:10.325,1.83856,1.83876,1.00,1.00
2014.12.16 06:53:10.376,1.83858,1.83877,1.00,1.00
2014.12.16 06:53:10.579,1.83856,1.83877,1.50,1.00
2014.12.16 06:53:10.731,1.83856,1.83877,3.67,1.00
2014.12.16 06:53:10.832,1.83857,1.83883,2.25,3.19
2014.12.16 06:53:10.984,1.83857,1.83877,2.25,1.00
2014.12.16 06:53:11.085,1.83857,1.83882,2.25,1.17
2014.12.16 06:53:11.454,1.83863,1.83882,1.00,1.17
2014.12.16 06:53:11.606,1.83863,1.83883,1.00,1.00
2014.12.16 06:53:12.120,1.83863,1.83882,1.00,1.00
2014.12.16 06:53:12.632,1.83863,1.83883,1.00,1.00
2014.12.16 06:53:13.721,1.83863,1.83882,1.00,1.00
2014.12.16 06:53:14.126,1.83859,1.83882,1.57,1.57
2014.12.16 06:53:14.176,1.83859,1.83877,1.10,1.00
2014.12.16 06:53:14.480,1.83859,1.83875,1.10,1.00
2014.12.16 06:53:14.531,1.83859,1.83877,1.10,1.00
2014.12.16 06:53:15.071,1.83857,1.83876,2.25,1.00
2014.12.16 06:53:15.172,1.83855,1.83876,3.00,1.00
2014.12.16 06:53:15.690,1.83855,1.83877,3.00,1.50
2014.12.16 06:53:17.379,1.83855,1.83878,3.75,1.00
2014.12.16 06:53:17.480,1.83857,1.83878,3.00,1.00
2014.12.16 06:53:17.985,1.83857,1.83877,3.37,1.00
2014.12.16 06:53:18.419,1.83858,1.83881,1.17,1.00
2014.12.16 06:53:19.638,1.83857,1.83877,3.56,1.00
2014.12.16 06:53:20.105,1.83857,1.83881,5.06,1.00
2014.12.16 06:53:22.095,1.83858,1.83877,1.27,1.00
2014.12.16 06:53:22.707,1.83859,1.83881,1.10,1.00
2014.12.16 06:53:22.960,1.83862,1.83882,1.00,1.10
2014.12.16 06:53:23.263,1.83863,1.83884,1.00,1.00
2014.12.16 06:53:23.804,1.83862,1.83883,1.47,1.00
2014.12.16 06:53:24.369,1.83863,1.83886,1.87,1.07
2014.12.16 06:53:24.419,1.83866,1.83886,1.00,1.07
2014.12.16 06:53:24.730,1.83868,1.83886,1.00,1.07
2014.12.16 06:53:25.798,1.83866,1.83886,1.50,1.07
2014.12.16 06:53:26.154,1.83868,1.83886,1.00,1.07
2014.12.16 06:53:26.559,1.83868,1.83888,1.00,1.00
2014.12.16 06:53:27.126,1.83867,1.83888,1.00,1.00
2014.12.16 06:53:28.331,1.83868,1.83888,1.20,1.00
2014.12.16 06:53:28.540,1.83872,1.83888,1.00,1.00
2014.12.16 06:53:28.793,1.8387,1.83891,3.00,1.00
2014.12.16 06:53:29.298,1.83873,1.83891,1.00,1.00
2014.12.16 06:53:29.888,1.83873,1.83891,2.92,1.00
2014.12.16 06:53:31.050,1.83873,1.83892,3.00,1.00
2014.12.16 06:53:32.436,1.83873,1.83887,2.25,1.00
2014.12.16 06:53:32.538,1.83873,1.83892,2.25,1.50
2014.12.16 06:53:32.639,1.83873,1.83887,2.25,1.00
2014.12.16 06:53:32.741,1.83873,1.83892,2.25,1.50
2014.12.16 06:53:32.842,1.83873,1.83887,2.25,1.00
2014.12.16 06:53:32.944,1.83868,1.83887,2.25,1.00
2014.12.16 06:53:33.449,1.83868,1.83888,2.25,1.00
2014.12.16 06:53:33.955,1.83868,1.83889,2.25,1.00
2014.12.16 06:53:34.056,1.83868,1.83893,2.25,1.50
2014.12.16 06:53:37.713,1.8387,1.83887,1.10,1.00
2014.12.16 06:53:38.218,1.83868,1.83888,2.25,1.00
2014.12.16 06:53:41.858,1.83868,1.83893,2.25,1.50
2014.12.16 06:53:42.377,1.83871,1.83893,1.00,1.50
2014.12.16 06:53:42.668,1.83871,1.8389,1.00,1.00
2014.12.16 06:53:43.268,1.83867,1.8389,1.65,1.10
2014.12.16 06:53:43.319,1.83867,1.83887,1.17,1.00
2014.12.16 06:53:43.420,1.83867,1.8389,1.65,1.10
2014.12.16 06:53:43.522,1.83867,1.83888,1.17,1.00
2014.12.16 06:53:44.395,1.83867,1.83887,1.17,1.00
2014.12.16 06:53:44.599,1.83867,1.8389,1.65,1.10
2014.12.16 06:53:44.818,1.83867,1.83887,1.17,1.00
2014.12.16 06:53:44.971,1.83868,1.8389,1.10,1.10
2014.12.16 06:53:45.072,1.83867,1.83888,1.17,1.00
2014.12.16 06:53:45.224,1.83865,1.83888,1.10,1.10
2014.12.16 06:53:45.730,1.83866,1.83888,1.00,1.10
2014.12.16 06:53:46.083,1.83866,1.83884,1.00,1.00
2014.12.16 06:53:46.134,1.83864,1.83884,1.00,1.00
2014.12.16 06:53:46.438,1.83868,1.83884,1.00,1.00
2014.12.16 06:53:46.741,1.83868,1.83882,1.00,1.00
2014.12.16 06:53:47.474,1.83863,1.83882,1.10,1.50
2014.12.16 06:53:47.575,1.83866,1.83882,1.00,1.00
2014.12.16 06:53:47.878,1.83869,1.83882,1.00,1.00
2014.12.16 06:53:47.929,1.83869,1.83885,1.00,1.10
2014.12.16 06:53:48.132,1.83869,1.83888,1.00,1.07
2014.12.16 06:53:48.233,1.83871,1.83888,1.00,1.50
2014.12.16 06:53:48.488,1.83871,1.83892,1.00,1.20
2014.12.16 06:53:48.590,1.83871,1.83889,1.00,1.00
2014.12.16 06:53:49.466,1.83871,1.83889,1.00,1.07
2014.12.16 06:53:49.770,1.83873,1.83885,1.00,1.00
2014.12.16 06:53:50.124,1.83873,1.83889,1.00,1.07
2014.12.16 06:53:50.497,1.83873,1.83891,1.00,1.00
2014.12.16 06:53:50.651,1.83878,1.83891,1.00,1.00
2014.12.16 06:53:50.854,1.83875,1.83891,1.00,1.00
2014.12.16 06:53:51.056,1.83883,1.83894,1.00,1.00
2014.12.16 06:53:51.107,1.83883,1.83898,1.00,1.00
2014.12.16 06:53:51.411,1.83887,1.83899,1.00,1.00
2014.12.16 06:53:51.512,1.83888,1.83902,1.00,1.00
2014.12.16 06:53:51.613,1.83892,1.83903,1.00,1.00
2014.12.16 06:53:51.714,1.8389,1.83903,1.00,1.00
2014.12.16 06:53:51.816,1.8389,1.83907,1.00,3.75
2014.12.16 06:53:52.032,1.8389,1.83907,1.00,1.00
2014.12.16 06:53:52.651,1.8389,1.8391,1.00,3.19
2014.12.16 06:53:54.077,1.8389,1.83903,1.00,1.00
2014.12.16 06:53:54.382,1.83886,1.83897,1.00,1.00
2014.12.16 06:53:54.433,1.83886,1.83903,1.00,1.10
2014.12.16 06:53:55.345,1.83886,1.83906,1.00,2.92
2014.12.16 06:53:55.396,1.83886,1.83906,1.00,1.00
2014.12.16 06:53:55.447,1.83887,1.83906,2.17,1.00
2014.12.16 06:53:55.751,1.83891,1.8391,1.00,2.25
2014.12.16 06:53:58.629,1.83892,1.8391,1.00,2.92
2014.12.16 06:53:58.781,1.83897,1.83917,1.00,2.25
2014.12.16 06:53:58.883,1.83899,1.83918,1.00,1.10
2014.12.16 06:53:59.085,1.83899,1.83922,1.00,3.75
2014.12.16 06:53:59.389,1.83899,1.83922,1.75,3.00
2014.12.16 06:53:59.592,1.83904,1.83925,1.00,1.00
2014.12.16 06:53:59.643,1.83907,1.83929,1.00,3.00
2014.12.16 06:53:59.947,1.83915,1.83938,2.62,1.12
2014.12.16 06:54:00.099,1.83921,1.8394,1.00,1.17
2014.12.16 06:54:00.403,1.83924,1.8394,1.00,1.17
2014.12.16 06:54:00.707,1.83917,1.83931,1.12,1.00
2014.12.16 06:54:01.264,1.83912,1.83935,1.50,3.00
2014.12.16 06:54:01.820,1.83912,1.83935,1.00,3.00
2014.12.16 06:54:03.012,1.83912,1.83932,1.00,1.00
2014.12.16 06:54:03.115,1.83912,1.83927,1.00,1.00
2014.12.16 06:54:03.167,1.83905,1.83923,1.57,1.34
2014.12.16 06:54:03.218,1.83905,1.83922,1.47,3.45
2014.12.16 06:54:03.269,1.83903,1.83921,1.00,2.25
2014.12.16 06:54:03.421,1.83901,1.83918,1.00,1.10
2014.12.16 06:54:03.674,1.83902,1.83923,2.25,1.34
2014.12.16 06:54:03.725,1.83908,1.83923,1.00,1.00
2014.12.16 06:54:03.776,1.83908,1.83927,1.00,2.25
2014.12.16 06:54:03.827,1.83903,1.83927,3.67,2.25
2014.12.16 06:54:03.878,1.83908,1.83927,1.00,2.17
2014.12.16 06:54:04.181,1.83912,1.8393,1.87,1.00
2014.12.16 06:54:04.232,1.83912,1.83933,1.37,1.17
2014.12.16 06:54:04.944,1.83916,1.83934,1.00,2.25
2014.12.16 06:54:05.096,1.83916,1.83938,1.00,1.57
2014.12.16 06:54:05.147,1.83919,1.83938,1.00,1.10
2014.12.16 06:54:05.917,1.8392,1.83938,2.17,1.00
2014.12.16 06:54:06.170,1.83925,1.83942,1.00,1.50
2014.12.16 06:54:06.574,1.83923,1.83942,1.10,1.50
2014.12.16 06:54:07.281,1.83923,1.83945,1.00,1.10
2014.12.16 06:54:07.382,1.83923,1.83943,1.00,1.00
2014.12.16 06:54:07.735,1.83923,1.83945,1.00,1.10
2014.12.16 06:54:08.292,1.83923,1.83942,1.00,1.00
2014.12.16 06:54:08.394,1.83925,1.83947,1.00,3.75
2014.12.16 06:54:08.937,1.83925,1.83933,1.00,1.00
2014.12.16 06:54:08.988,1.83922,1.83933,1.00,1.00
2014.12.16 06:54:09.039,1.83922,1.83942,1.00,1.10
2014.12.16 06:54:09.141,1.83924,1.83942,1.00,1.10
2014.12.16 06:54:09.646,1.83924,1.83945,1.00,1.19
2014.12.16 06:54:10.353,1.83924,1.83946,1.00,1.57
2014.12.16 06:54:11.076,1.83922,1.83944,1.07,1.00
2014.12.16 06:54:11.380,1.83922,1.83944,1.00,3.00
2014.12.16 06:54:11.884,1.83923,1.83944,1.00,2.25
2014.12.16 06:54:12.282,1.83923,1.83947,1.00,1.84
2014.12.16 06:54:15.366,1.83928,1.83947,1.00,1.15
2014.12.16 06:54:15.670,1.83931,1.83946,1.10,1.00
2014.12.16 06:54:15.772,1.83931,1.83954,1.10,1.26
2014.12.16 06:54:15.822,1.83935,1.83954,1.00,1.26
2014.12.16 06:54:16.479,1.83931,1.83953,3.00,1.19
2014.12.16 06:54:16.732,1.8393,1.83953,1.00,1.15
2014.12.16 06:54:16.985,1.83933,1.83953,1.00,1.15
2014.12.16 06:54:17.086,1.8393,1.83953,1.00,1.65
2014.12.16 06:54:17.470,1.83934,1.83953,1.10,1.57
2014.12.16 06:54:17.975,1.83937,1.83953,1.00,1.00
2014.12.16 06:54:18.128,1.83934,1.83953,1.00,1.10
2014.12.16 06:54:18.178,1.83943,1.83953,1.00,1.10
2014.12.16 06:54:18.331,1.83943,1.83962,3.00,1.00
2014.12.16 06:54:18.381,1.83948,1.83962,1.00,1.00
2014.12.16 06:54:18.483,1.8395,1.8397,1.00,2.92
2014.12.16 06:54:18.585,1.8395,1.83967,1.00,2.17
2014.12.16 06:54:18.686,1.83943,1.83967,1.12,4.35
2014.12.16 06:54:18.788,1.83949,1.83967,1.00,5.10
2014.12.16 06:54:18.889,1.83949,1.8397,1.00,3.00
2014.12.16 06:54:19.092,1.83949,1.83967,1.00,1.17
2014.12.16 06:54:19.243,1.83946,1.83967,1.00,1.17
2014.12.16 06:54:19.294,1.83946,1.83962,1.00,1.00
2014.12.16 06:54:19.546,1.83941,1.83964,1.00,1.17
2014.12.16 06:54:19.698,1.83945,1.83963,1.00,1.10
2014.12.16 06:54:20.002,1.83942,1.83962,1.00,3.75
2014.12.16 06:54:20.103,1.83943,1.83962,1.00,1.10
2014.12.16 06:54:20.356,1.83949,1.83965,1.00,1.00
2014.12.16 06:54:20.862,1.83949,1.83967,1.00,1.84
2014.12.16 06:54:21.278,1.83949,1.83962,1.00,1.00
2014.12.16 06:54:21.804,1.83949,1.83967,1.00,1.00
2014.12.16 06:54:22.108,1.83944,1.83963,1.50,1.37
2014.12.16 06:54:22.361,1.83931,1.83952,1.00,1.07
2014.12.16 06:54:22.412,1.83931,1.83948,1.00,2.25
2014.12.16 06:54:22.979,1.83926,1.83948,1.00,3.00
2014.12.16 06:54:23.622,1.83926,1.83943,1.00,3.30
2014.12.16 06:54:23.774,1.83922,1.83943,1.00,3.37
2014.12.16 06:54:24.583,1.83922,1.83939,1.00,1.10
2014.12.16 06:54:24.735,1.83917,1.83937,1.47,1.15
2014.12.16 06:54:25.746,1.83917,1.83939,1.00,1.84
2014.12.16 06:54:27.493,1.83917,1.83931,1.00,2.17
2014.12.16 06:54:27.645,1.83917,1.83938,1.00,3.00
2014.12.16 06:54:30.745,1.83917,1.83937,1.10,1.00
2014.12.16 06:54:30.997,1.83917,1.8394,1.10,1.10
2014.12.16 06:54:31.665,1.83917,1.83937,1.10,1.00
2014.12.16 06:54:31.767,1.83917,1.8394,1.10,1.10
2014.12.16 06:54:35.189,1.83917,1.83931,1.10,2.17
2014.12.16 06:54:35.290,1.83914,1.8393,1.50,2.25
2014.12.16 06:54:35.442,1.83914,1.83933,1.00,1.00
2014.12.16 06:54:35.645,1.83916,1.83933,1.00,1.00
2014.12.16 06:54:35.747,1.83919,1.83937,1.00,1.00
2014.12.16 06:54:37.786,1.83919,1.83932,1.00,1.00
2014.12.16 06:54:37.837,1.83914,1.83931,1.00,2.25
2014.12.16 06:54:37.939,1.83914,1.83933,1.00,1.17
2014.12.16 06:54:38.394,1.83914,1.83937,1.00,3.19
2014.12.16 06:54:38.496,1.83916,1.83937,1.00,3.19
2014.12.16 06:54:38.547,1.83916,1.83937,1.00,1.25
2014.12.16 06:54:39.377,1.83916,1.83938,1.00,1.50
2014.12.16 06:54:39.788,1.83919,1.83938,1.00,1.50
2014.12.16 06:54:40.042,1.83917,1.83938,1.00,1.50
2014.12.16 06:54:40.093,1.83917,1.83938,1.00,3.67
2014.12.16 06:54:40.649,1.83917,1.83937,1.00,1.00
2014.12.16 06:54:42.554,1.8392,1.83938,1.00,1.50
2014.12.16 06:54:43.060,1.8392,1.83937,1.00,1.00
2014.12.16 06:54:43.872,1.83917,1.83937,1.00,1.00
2014.12.16 06:54:45.507,1.83912,1.83932,5.10,1.00
2014.12.16 06:54:45.787,1.83909,1.83928,1.00,1.10
2014.12.16 06:54:45.838,1.83909,1.83927,1.00,2.25
2014.12.16 06:54:46.195,1.83909,1.83928,1.00,1.00
2014.12.16 06:54:46.704,1.83909,1.83931,1.00,6.04
2014.12.16 06:54:47.382,1.83915,1.83931,1.00,5.10
2014.12.16 06:54:47.636,1.8391,1.83926,1.00,1.00
2014.12.16 06:54:48.600,1.83908,1.83926,1.00,1.00
2014.12.16 06:54:48.807,1.83908,1.83923,1.00,1.00
2014.12.16 06:54:53.315,1.83912,1.83924,1.00,1.00
2014.12.16 06:54:53.568,1.83915,1.8393,1.10,1.00
2014.12.16 06:54:53.619,1.83915,1.83935,1.10,1.00
2014.12.16 06:54:53.670,1.83922,1.83935,1.00,1.00
2014.12.16 06:54:53.973,1.83924,1.83939,1.00,1.37
2014.12.16 06:54:54.310,1.83924,1.83939,1.00,1.00
2014.12.16 06:54:55.733,1.83927,1.83939,1.00,1.00
2014.12.16 06:54:56.294,1.83927,1.83938,1.00,1.00
2014.12.16 06:54:56.396,1.83922,1.83938,1.00,1.17
2014.12.16 06:54:56.756,1.83919,1.83937,1.00,2.17
2014.12.16 06:55:00.203,1.83919,1.83937,1.00,1.00
2014.12.16 06:55:00.408,1.83919,1.83936,1.00,3.00
2014.12.16 06:55:00.511,1.83915,1.83933,1.00,2.25
2014.12.16 06:55:00.714,1.83917,1.83933,1.00,2.25
2014.12.16 06:55:01.017,1.83898,1.8392,1.37,1.10
2014.12.16 06:55:01.068,1.83912,1.8392,1.00,1.10
2014.12.16 06:55:01.119,1.83906,1.8392,1.00,1.10
2014.12.16 06:55:01.170,1.83896,1.83919,1.76,2.17
2014.12.16 06:55:01.273,1.83893,1.83919,3.75,2.25
2014.12.16 06:55:04.132,1.83893,1.83916,3.37,1.00
2014.12.16 06:55:06.509,1.83894,1.83916,1.45,1.00
2014.12.16 06:55:06.561,1.83901,1.83916,1.00,1.00
2014.12.16 06:55:06.713,1.83901,1.8392,1.00,1.00
2014.12.16 06:55:06.865,1.83901,1.83917,1.00,1.00
2014.12.16 06:55:07.068,1.83902,1.8392,1.00,1.00
2014.12.16 06:55:07.220,1.83904,1.8392,1.00,3.00
2014.12.16 06:55:07.725,1.83904,1.83917,1.00,1.00
2014.12.16 06:55:07.978,1.83901,1.83917,1.00,1.00
2014.12.16 06:55:10.442,1.83901,1.83919,1.00,1.17
2014.12.16 06:55:10.984,1.83901,1.83921,1.10,3.67
2014.12.16 06:55:11.085,1.83901,1.83921,1.10,1.00
2014.12.16 06:55:11.136,1.83905,1.83921,1.00,1.00
2014.12.16 06:55:11.490,1.83903,1.8392,1.00,1.10
2014.12.16 06:55:11.591,1.83903,1.8392,1.00,1.57
2014.12.16 06:55:14.539,1.83903,1.8392,1.00,1.47
2014.12.16 06:55:19.646,1.83899,1.83917,1.00,1.46
2014.12.16 06:55:19.697,1.83899,1.83915,1.00,1.37
2014.12.16 06:55:20.051,1.83895,1.83916,2.17,2.25
2014.12.16 06:55:20.152,1.83894,1.83916,1.00,1.50
2014.12.16 06:55:21.110,1.83894,1.83908,1.00,1.10
2014.12.16 06:55:21.262,1.83884,1.83902,1.00,1.00
2014.12.16 06:55:21.414,1.83881,1.83903,1.00,1.00
2014.12.16 06:55:21.465,1.83881,1.83899,1.00,1.00
2014.12.16 06:55:21.971,1.8388,1.83899,1.20,1.00
2014.12.16 06:55:22.505,1.8388,1.83901,1.20,1.37
2014.12.16 06:55:22.860,1.83882,1.83904,2.17,2.44
2014.12.16 06:55:23.386,1.8388,1.83902,1.20,1.37
2014.12.16 06:55:24.404,1.8388,1.83899,1.07,1.00
2014.12.16 06:55:25.127,1.83882,1.83899,1.00,1.00
2014.12.16 06:55:25.638,1.8388,1.83901,1.20,1.37
2014.12.16 06:55:26.166,1.83881,1.83903,2.17,1.50
2014.12.16 06:55:26.318,1.83881,1.83901,1.00,1.37
2014.12.16 06:55:26.860,1.83881,1.83899,1.00,1.00
2014.12.16 06:55:27.525,1.83881,1.83899,1.00,1.37
2014.12.16 06:55:30.511,1.83881,1.83899,1.00,1.37
2014.12.16 06:55:31.947,1.83881,1.83899,1.00,1.00
2014.12.16 06:55:32.457,1.83881,1.83898,1.00,1.00
2014.12.16 06:55:32.970,1.83881,1.83899,1.00,1.00
2014.12.16 06:55:33.496,1.83878,1.83898,3.00,1.00
2014.12.16 06:55:34.208,1.83878,1.839,3.00,1.34
2014.12.16 06:55:35.782,1.83878,1.83898,3.00,1.00
2014.12.16 06:55:36.355,1.83878,1.839,3.00,1.34
2014.12.16 06:55:36.538,1.83878,1.83897,3.00,1.00
2014.12.16 06:55:37.005,1.83878,1.839,3.00,1.34
2014.12.16 06:55:37.582,1.83878,1.839,3.00,1.00
2014.12.16 06:55:37.734,1.83878,1.839,1.50,1.10
2014.12.16 06:55:39.328,1.83878,1.83898,1.00,1.00
2014.12.16 06:55:39.950,1.83878,1.83892,1.00,1.00
2014.12.16 06:55:40.103,1.83878,1.83898,1.00,1.00
2014.12.16 06:55:42.918,1.83878,1.83898,3.67,1.00
2014.12.16 06:55:43.172,1.83882,1.83902,1.00,1.00
2014.12.16 06:55:43.375,1.83887,1.83903,1.00,1.00
2014.12.16 06:55:43.577,1.83887,1.83907,1.00,1.00
2014.12.16 06:55:44.109,1.83887,1.83908,1.00,1.00
2014.12.16 06:55:44.160,1.83887,1.8391,1.00,1.20
2014.12.16 06:55:45.939,1.83887,1.8391,1.07,1.10
2014.12.16 06:55:46.040,1.83891,1.83912,1.00,1.50
2014.12.16 06:55:47.819,1.83891,1.83912,1.07,1.50
2014.12.16 06:55:48.123,1.83897,1.83912,1.00,1.00
2014.12.16 06:55:48.224,1.83897,1.83915,1.00,1.00
2014.12.16 06:55:48.729,1.83896,1.83915,1.00,1.00
2014.12.16 06:55:49.440,1.83897,1.83918,1.00,2.32
2014.12.16 06:55:49.542,1.83901,1.83917,2.92,1.10
2014.12.16 06:55:49.643,1.83901,1.8392,3.00,1.00
2014.12.16 06:55:49.694,1.83901,1.83922,3.00,1.00
2014.12.16 06:55:49.947,1.83905,1.83922,2.17,1.00
2014.12.16 06:55:49.998,1.83905,1.83924,3.00,1.00
2014.12.16 06:55:50.049,1.83905,1.83927,3.00,1.00
2014.12.16 06:55:50.150,1.83907,1.83927,2.17,1.00
2014.12.16 06:55:50.555,1.83907,1.83917,2.17,1.00
2014.12.16 06:55:50.606,1.83903,1.83917,1.00,1.00
2014.12.16 06:55:50.657,1.83898,1.83917,2.17,1.00
2014.12.16 06:55:50.708,1.83896,1.83917,1.17,1.50
2014.12.16 06:55:50.860,1.83894,1.83915,1.10,1.00
2014.12.16 06:55:51.113,1.83899,1.83917,2.17,1.00
2014.12.16 06:55:51.417,1.839,1.83922,3.00,1.00
2014.12.16 06:55:51.519,1.83904,1.83923,1.00,1.50
2014.12.16 06:55:51.822,1.83907,1.83927,3.00,1.00
2014.12.16 06:55:51.974,1.8391,1.83932,1.00,1.84
2014.12.16 06:55:54.347,1.8391,1.83932,1.20,1.57
2014.12.16 06:55:54.448,1.83915,1.83932,2.17,1.00
2014.12.16 06:55:54.499,1.83915,1.83934,2.17,1.00
2014.12.16 06:55:54.600,1.83917,1.83937,1.10,1.00
2014.12.16 06:55:54.651,1.83918,1.83937,4.35,1.00
2014.12.16 06:55:54.702,1.83918,1.83941,4.35,1.00
2014.12.16 06:55:54.753,1.83923,1.83942,1.00,1.12
2014.12.16 06:55:55.258,1.83923,1.83943,1.17,1.00
2014.12.16 06:55:55.592,1.83921,1.83942,1.10,1.00
2014.12.16 06:55:56.153,1.83911,1.83933,5.10,1.00
2014.12.16 06:55:56.256,1.83908,1.83932,3.00,1.10
2014.12.16 06:55:56.459,1.83908,1.83932,1.00,3.00
2014.12.16 06:55:56.964,1.83905,1.83931,2.25,1.17
2014.12.16 06:55:57.328,1.83912,1.83932,2.25,1.50
2014.12.16 06:55:57.581,1.83908,1.83934,2.25,2.44
2014.12.16 06:55:58.501,1.83908,1.83932,2.17,2.25
2014.12.16 06:55:58.552,1.83906,1.83932,1.00,4.35
2014.12.16 06:56:05.289,1.83906,1.83928,1.00,1.00
2014.12.16 06:56:05.593,1.83906,1.83931,1.00,1.15
2014.12.16 06:56:05.746,1.83906,1.83929,1.00,4.35
2014.12.16 06:56:07.345,1.83906,1.83932,3.00,3.19
2014.12.16 06:56:10.070,1.83906,1.83929,3.00,1.00
2014.12.16 06:56:17.144,1.83906,1.83929,2.17,1.07
2014.12.16 06:56:17.195,1.83903,1.83929,1.39,1.15
2014.12.16 06:56:18.086,1.83903,1.83929,1.20,1.15
2014.12.16 06:56:23.887,1.83905,1.83932,2.25,4.69
2014.12.16 06:56:26.497,1.83903,1.83929,3.94,2.25
2014.12.16 06:56:27.943,1.83904,1.83929,2.25,2.17
2014.12.16 06:56:27.994,1.83906,1.83932,2.25,3.19
2014.12.16 06:56:28.197,1.83903,1.83931,1.40,4.35
2014.12.16 06:56:29.128,1.83905,1.8393,2.17,1.07
2014.12.16 06:56:29.638,1.83906,1.83931,2.25,1.17
2014.12.16 06:56:30.145,1.83906,1.83931,2.17,3.00
2014.12.16 06:56:30.196,1.83903,1.8393,3.19,2.25
2014.12.16 06:56:33.139,1.83906,1.83929,1.00,1.17
2014.12.16 06:56:38.289,1.83906,1.83929,1.07,1.10
2014.12.16 06:56:40.027,1.83906,1.83929,1.76,1.07
2014.12.16 06:56:43.479,1.83904,1.83926,2.25,1.00
2014.12.16 06:56:48.338,1.83901,1.83926,3.19,1.17
2014.12.16 06:56:48.646,1.83905,1.83927,1.00,2.25
2014.12.16 06:56:49.087,1.83902,1.83925,1.84,1.10
2014.12.16 06:56:49.609,1.83903,1.83924,1.10,1.00
2014.12.16 06:56:50.360,1.83903,1.83923,1.00,1.00
2014.12.16 06:56:50.866,1.83903,1.83924,1.00,1.20
2014.12.16 06:56:50.917,1.839,1.83922,1.00,1.50
2014.12.16 06:56:51.018,1.839,1.83922,1.00,3.67
2014.12.16 06:56:51.120,1.83897,1.83919,1.36,1.00
2014.12.16 06:56:51.170,1.83896,1.83917,2.44,1.00
2014.12.16 06:56:51.988,1.83894,1.83917,1.17,1.00
2014.12.16 06:56:52.140,1.83893,1.83912,2.44,1.00
2014.12.16 06:56:52.242,1.83889,1.83911,1.00,1.15
2014.12.16 06:56:52.394,1.83887,1.83909,1.31,2.92
2014.12.16 06:56:52.698,1.83883,1.83905,1.95,1.00
2014.12.16 06:56:52.800,1.83883,1.83905,1.10,1.00
2014.12.16 06:56:53.688,1.83881,1.83901,3.00,1.50
2014.12.16 06:56:53.739,1.83881,1.83901,1.10,1.50
2014.12.16 06:56:53.790,1.83882,1.83894,1.00,1.00
2014.12.16 06:56:53.892,1.83878,1.83891,1.00,1.00
2014.12.16 06:56:54.094,1.83873,1.83891,1.00,1.00
2014.12.16 06:56:54.145,1.83874,1.83895,1.50,5.10
2014.12.16 06:56:54.196,1.83878,1.83895,1.00,2.92
2014.12.16 06:56:54.246,1.83878,1.83895,1.00,1.10
2014.12.16 06:56:54.752,1.83879,1.83895,1.00,1.00
2014.12.16 06:56:55.301,1.83878,1.83895,1.69,1.00
2014.12.16 06:56:56.986,1.83873,1.83895,2.44,1.00
2014.12.16 06:56:59.987,1.83873,1.83895,4.31,1.00
2014.12.16 06:57:00.190,1.83873,1.83897,4.31,1.00
2014.12.16 06:57:00.995,1.83873,1.83897,3.19,1.00
2014.12.16 06:57:10.428,1.83878,1.83901,1.00,3.00
2014.12.16 06:57:14.341,1.83878,1.83901,1.00,1.15
2014.12.16 06:57:21.701,1.83878,1.83899,1.00,1.00
2014.12.16 06:57:25.496,1.83878,1.83901,1.00,1.17
2014.12.16 06:57:27.410,1.83878,1.83901,3.00,1.00
2014.12.16 06:57:31.206,1.83878,1.83898,3.00,1.00
2014.12.16 06:57:31.408,1.83874,1.83895,3.00,1.00
2014.12.16 06:57:31.510,1.8387,1.83894,3.00,1.10
2014.12.16 06:57:31.611,1.8387,1.83892,3.00,1.00
2014.12.16 06:57:32.031,1.8387,1.8389,2.17,1.00
2014.12.16 06:57:32.133,1.83868,1.8389,1.17,1.00
2014.12.16 06:57:33.043,1.83868,1.83887,1.17,1.00
2014.12.16 06:57:33.550,1.83868,1.83888,1.17,1.00
2014.12.16 06:57:34.382,1.83868,1.83887,1.17,1.00
2014.12.16 06:57:34.938,1.83868,1.83888,1.17,1.00
2014.12.16 06:57:35.241,1.83878,1.83894,1.00,2.17
2014.12.16 06:57:35.343,1.83878,1.83897,1.10,1.00
2014.12.16 06:57:35.394,1.83878,1.83901,1.10,1.00
2014.12.16 06:57:36.254,1.83874,1.83897,1.17,1.00
2014.12.16 06:57:36.659,1.83874,1.83897,1.00,3.00
2014.12.16 06:57:36.911,1.83869,1.83892,1.20,1.00
2014.12.16 06:57:37.114,1.83869,1.83889,1.20,1.00
2014.12.16 06:57:37.468,1.83865,1.83888,3.00,1.00
2014.12.16 06:57:39.443,1.83865,1.83886,3.00,1.00
2014.12.16 06:57:41.849,1.83865,1.83887,3.00,1.00
2014.12.16 06:57:44.436,1.83865,1.83887,1.10,1.57
2014.12.16 06:57:46.161,1.83865,1.83885,1.10,1.00
2014.12.16 06:57:46.668,1.83865,1.83884,1.10,1.00
2014.12.16 06:57:50.101,1.83865,1.83886,1.10,1.00
2014.12.16 06:57:51.203,1.83865,1.83885,1.10,1.00
2014.12.16 06:57:52.619,1.83865,1.83887,1.20,1.10
2014.12.16 06:57:53.095,1.83865,1.83885,1.10,2.17
2014.12.16 06:57:53.399,1.83855,1.83877,2.62,1.00
2014.12.16 06:57:54.075,1.83854,1.83877,1.57,1.10
2014.12.16 06:57:55.190,1.83854,1.83877,1.10,1.10
2014.12.16 06:58:01.216,1.83854,1.83878,3.37,2.32
2014.12.16 06:58:01.721,1.83855,1.83878,1.71,1.00
2014.12.16 06:58:02.075,1.83858,1.83878,2.62,1.00
2014.12.16 06:58:02.126,1.83858,1.83881,2.62,1.00
2014.12.16 06:58:02.379,1.83862,1.83881,2.25,1.00
2014.12.16 06:58:08.298,1.8386,1.83881,1.39,1.00
2014.12.16 06:58:09.709,1.8386,1.83881,1.20,1.00
2014.12.16 06:58:10.711,1.8386,1.83881,1.39,1.00
2014.12.16 06:58:11.270,1.83861,1.83881,2.36,1.00
2014.12.16 06:58:11.371,1.83863,1.83884,1.17,1.00
2014.12.16 06:58:14.855,1.83866,1.83887,1.00,1.10
2014.12.16 06:58:15.007,1.83867,1.83887,2.17,1.00
2014.12.16 06:58:17.143,1.83869,1.8389,1.00,1.17
2014.12.16 06:58:17.503,1.83869,1.83887,1.00,1.00
2014.12.16 06:58:19.136,1.83869,1.8389,1.10,1.00
2014.12.16 06:58:21.773,1.83872,1.8389,2.17,1.00
2014.12.16 06:58:21.925,1.83875,1.83896,1.10,1.25
2014.12.16 06:58:22.026,1.83873,1.83893,2.25,1.00
2014.12.16 06:58:22.229,1.83876,1.83897,2.25,1.00
2014.12.16 06:58:22.736,1.83874,1.83897,1.20,1.00
2014.12.16 06:58:23.292,1.83876,1.83897,1.00,1.00
2014.12.16 06:58:23.596,1.83883,1.83904,1.57,1.00
2014.12.16 06:58:23.899,1.83892,1.83913,1.07,1.00
2014.12.16 06:58:24.404,1.83891,1.83912,2.25,1.00
2014.12.16 06:58:25.111,1.83891,1.83915,2.25,1.10
2014.12.16 06:58:34.143,1.83894,1.83915,2.25,1.00
2014.12.16 06:58:36.649,1.83894,1.83917,3.00,1.00
2014.12.16 06:58:40.520,1.83894,1.83917,1.00,1.10
2014.12.16 06:58:41.483,1.8389,1.83914,2.25,1.00
2014.12.16 06:58:49.954,1.83889,1.83914,1.09,1.20
2014.12.16 06:58:50.055,1.83888,1.8391,1.34,1.00
2014.12.16 06:58:51.184,1.83887,1.8391,1.17,1.10
2014.12.16 06:59:13.707,1.83888,1.8391,3.75,1.00
2014.12.16 06:59:13.909,1.83888,1.8391,1.00,1.00
2014.12.16 06:59:14.418,1.83887,1.8391,1.00,1.00
2014.12.16 06:59:14.722,1.83884,1.83908,1.36,1.17
2014.12.16 06:59:15.026,1.83883,1.83903,3.19,1.00
2014.12.16 06:59:16.984,1.83882,1.83903,2.36,1.00
2014.12.16 06:59:17.034,1.83879,1.83903,3.56,1.00
2014.12.16 06:59:17.414,1.83885,1.83903,2.25,1.00
2014.12.16 06:59:17.466,1.83885,1.83906,2.25,1.12
2014.12.16 06:59:17.872,1.83885,1.83909,3.75,1.10
2014.12.16 06:59:17.923,1.83888,1.83909,2.25,1.00
2014.12.16 06:59:26.254,1.83888,1.83911,3.75,1.00
2014.12.16 06:59:30.111,1.83888,1.8391,1.57,2.17
2014.12.16 06:59:30.212,1.83886,1.83907,1.31,1.00
2014.12.16 06:59:30.804,1.83886,1.83907,1.12,1.00
2014.12.16 06:59:31.340,1.83886,1.83907,1.07,1.00
2014.12.16 06:59:31.543,1.8389,1.83907,2.17,1.00
2014.12.16 06:59:31.847,1.8389,1.83911,3.00,1.00
2014.12.16 06:59:32.378,1.8389,1.83907,3.00,1.00
2014.12.16 06:59:32.884,1.8389,1.83908,2.25,1.00
2014.12.16 06:59:33.176,1.83888,1.83909,2.25,1.50
2014.12.16 06:59:33.229,1.83891,1.83909,2.17,1.00
2014.12.16 06:59:33.762,1.8389,1.83909,2.25,1.00
2014.12.16 06:59:34.217,1.83892,1.83909,2.17,1.00
2014.12.16 06:59:34.521,1.83899,1.83914,2.17,1.00
2014.12.16 06:59:34.622,1.83899,1.83917,2.25,1.00
2014.12.16 06:59:36.531,1.83896,1.83917,1.00,1.10
2014.12.16 06:59:36.583,1.83893,1.83914,3.19,1.00
2014.12.16 06:59:37.037,1.83893,1.83912,3.00,1.00
2014.12.16 06:59:37.624,1.83893,1.83912,1.07,1.00
2014.12.16 06:59:38.133,1.83893,1.83912,1.37,1.00
2014.12.16 06:59:38.649,1.83893,1.83914,1.37,1.00
2014.12.16 06:59:39.092,1.83892,1.83913,1.12,1.00
2014.12.16 06:59:39.143,1.83892,1.83912,1.12,2.25
2014.12.16 06:59:39.648,1.83888,1.83909,2.51,1.00
2014.12.16 06:59:40.115,1.83888,1.83907,2.04,1.00
2014.12.16 06:59:40.624,1.83888,1.83909,2.32,1.00
2014.12.16 06:59:41.893,1.8389,1.83912,1.37,3.00
2014.12.16 06:59:42.991,1.8389,1.83912,1.00,2.25
2014.12.16 06:59:43.143,1.8389,1.83907,1.00,2.17
2014.12.16 06:59:43.330,1.83888,1.83907,1.12,2.92
2014.12.16 06:59:43.380,1.83882,1.83903,1.94,1.10
2014.12.16 06:59:43.533,1.8388,1.83901,1.19,1.00
2014.12.16 06:59:43.584,1.83878,1.83901,2.51,1.00
2014.12.16 06:59:43.635,1.83878,1.83899,1.69,2.17
2014.12.16 06:59:43.939,1.83881,1.83899,1.00,2.17
2014.12.16 06:59:44.091,1.83875,1.83895,1.00,1.00
2014.12.16 06:59:45.006,1.83875,1.83895,1.19,1.00
2014.12.16 06:59:46.733,1.83874,1.83895,1.69,2.92
2014.12.16 06:59:47.038,1.83874,1.83895,1.69,3.00
2014.12.16 06:59:48.689,1.83875,1.83895,1.00,2.25
2014.12.16 06:59:48.891,1.83878,1.83895,1.50,2.25
2014.12.16 06:59:49.195,1.83884,1.83904,1.37,1.00
2014.12.16 06:59:49.701,1.83885,1.83907,1.87,4.35
2014.12.16 06:59:49.904,1.83886,1.83908,1.47,1.10
2014.12.16 06:59:50.409,1.8389,1.83908,1.00,1.10
2014.12.16 06:59:50.561,1.83888,1.83908,1.00,1.10
2014.12.16 06:59:50.663,1.83886,1.83908,1.19,3.00
2014.12.16 06:59:50.967,1.83885,1.83908,1.00,3.00
2014.12.16 06:59:51.018,1.83883,1.83906,1.00,1.10
2014.12.16 06:59:51.119,1.83885,1.83906,1.00,1.10
2014.12.16 06:59:51.524,1.83883,1.83906,1.00,1.10
2014.12.16 06:59:51.575,1.83883,1.83901,1.00,1.20
2014.12.16 06:59:51.676,1.83878,1.83897,1.12,1.00
2014.12.16 06:59:51.878,1.83874,1.83893,1.12,1.00
2014.12.16 06:59:52.182,1.83871,1.83886,1.00,1.00
2014.12.16 06:59:52.233,1.83871,1.83889,1.00,1.00
2014.12.16 06:59:52.396,1.83869,1.83889,1.00,1.00
2014.12.16 06:59:52.901,1.83868,1.83889,1.10,1.00
2014.12.16 06:59:53.269,1.83868,1.83888,1.00,2.17
2014.12.16 06:59:53.653,1.83863,1.83882,1.00,2.25
2014.12.16 06:59:53.957,1.83862,1.83877,1.00,1.00
2014.12.16 06:59:54.109,1.83862,1.83882,1.00,1.57
2014.12.16 06:59:54.614,1.83862,1.8388,1.00,1.00
2014.12.16 06:59:55.612,1.83857,1.83881,1.76,1.12
2014.12.16 06:59:55.664,1.83857,1.83873,1.57,2.17
2014.12.16 06:59:55.968,1.83847,1.83865,1.00,1.37
2014.12.16 06:59:56.171,1.83852,1.83867,1.00,1.00
2014.12.16 06:59:56.843,1.83852,1.83865,1.00,1.00
2014.12.16 06:59:56.944,1.83852,1.83868,1.00,1.00
2014.12.16 06:59:57.045,1.83847,1.83868,1.00,1.00
2014.12.16 06:59:57.146,1.83847,1.83871,1.00,1.00
2014.12.16 06:59:57.665,1.83848,1.83871,1.00,1.50
2014.12.16 06:59:58.132,1.83843,1.83871,1.39,1.50
2014.12.16 06:59:58.725,1.83843,1.83871,1.39,1.50
2014.12.16 06:59:58.877,1.83843,1.83869,1.39,1.00
