2007.05.07 06:00:00.102,2.3946,2.39515,28.30,4.00
2007.05.07 06:00:00.414,2.3947,2.39515,8.40,4.00
2007.05.07 06:00:00.710,2.3948,2.39525,1.80,4.00
2007.05.07 06:00:01.503,2.3947,2.3952,2.60,1.60
2007.05.07 06:00:01.769,2.3946,2.3952,29.10,1.60
2007.05.07 06:00:01.996,2.3948,2.39525,3.90,4.00
2007.05.07 06:00:02.340,2.3947,2.3952,14.20,4.00
2007.05.07 06:00:03.078,2.3948,2.3953,3.70,4.80
2007.05.07 06:00:03.295,2.39475,2.3953,10.30,4.80
2007.05.07 06:00:04.659,2.3947,2.3952,12.60,4.00
2007.05.07 06:00:06.951,2.3948,2.3952,12.30,4.00
2007.05.07 06:00:07.636,2.3949,2.3953,3.60,7.60
2007.05.07 06:00:07.861,2.3949,2.3953,3.60,4.00
2007.05.07 06:00:09.888,2.3949,2.3953,0.80,4.00
2007.05.07 06:00:10.156,2.3949,2.39525,0.80,4.00
2007.05.07 06:00:10.600,2.3949,2.3952,0.80,4.00
2007.05.07 06:00:10.865,2.3948,2.3952,5.50,4.00
2007.05.07 06:00:11.223,2.3948,2.3951,5.50,4.00
2007.05.07 06:00:12.371,2.3948,2.3951,6.30,4.00
2007.05.07 06:00:12.848,2.3948,2.3952,6.30,4.00
2007.05.07 06:00:17.434,2.3948,2.3951,5.50,4.00
2007.05.07 06:00:18.052,2.3946,2.3951,7.60,4.00
2007.05.07 06:00:18.367,2.3946,2.39505,3.60,4.00
2007.05.07 06:00:18.971,2.3946,2.39515,15.50,4.00
2007.05.07 06:00:19.640,2.3946,2.39515,19.50,4.00
2007.05.07 06:00:19.883,2.3946,2.39515,23.50,4.00
2007.05.07 06:00:20.514,2.3946,2.39515,9.70,4.00
2007.05.07 06:00:28.248,2.3947,2.3952,11.80,3.20
2007.05.07 06:00:28.603,2.3948,2.39525,3.10,4.00
2007.05.07 06:00:29.519,2.3948,2.3953,2.70,4.80
2007.05.07 06:00:41.262,2.3948,2.3953,5.00,0.80
2007.05.07 06:00:45.561,2.3947,2.39535,12.60,4.80
2007.05.07 06:00:55.923,2.3948,2.39535,9.50,10.80
2007.05.07 06:00:56.375,2.3948,2.3953,6.30,4.80
2007.05.07 06:00:57.470,2.3948,2.39525,10.30,0.60
2007.05.07 06:00:57.702,2.395,2.39525,0.80,0.80
2007.05.07 06:00:57.992,2.395,2.3955,6.30,8.80
2007.05.07 06:00:58.509,2.395,2.3955,10.30,0.80
2007.05.07 06:00:59.540,2.395,2.3955,4.00,15.80
2007.05.07 06:01:00.896,2.395,2.3953,4.00,7.80
2007.05.07 06:01:01.351,2.39495,2.3953,4.00,7.80
2007.05.07 06:01:01.917,2.3949,2.3953,2.80,7.80
2007.05.07 06:01:10.071,2.3949,2.3955,2.80,20.20
2007.05.07 06:01:10.881,2.395,2.3954,5.50,0.60
2007.05.07 06:01:11.307,2.395,2.39545,5.50,0.50
2007.05.07 06:01:11.557,2.395,2.3955,7.90,0.90
2007.05.07 06:01:11.777,2.395,2.3956,5.50,16.30
2007.05.07 06:01:12.534,2.395,2.39555,9.50,5.60
2007.05.07 06:01:13.111,2.395,2.3955,9.50,0.60
2007.05.07 06:01:15.338,2.395,2.3955,9.50,5.60
2007.05.07 06:01:15.544,2.395,2.39545,5.50,4.00
2007.05.07 06:01:15.998,2.3949,2.3954,6.80,9.50
2007.05.07 06:01:17.689,2.3949,2.3954,2.80,13.50
2007.05.07 06:01:17.984,2.39485,2.3953,4.00,4.80
2007.05.07 06:01:18.221,2.3948,2.3953,9.50,4.80
2007.05.07 06:01:25.070,2.3949,2.3953,2.80,4.80
2007.05.07 06:01:25.514,2.3949,2.3954,6.80,9.50
2007.05.07 06:01:26.970,2.39485,2.3953,4.00,4.80
2007.05.07 06:01:27.609,2.3948,2.3953,9.50,4.80
2007.05.07 06:01:28.057,2.39485,2.3954,4.00,8.00
2007.05.07 06:01:29.942,2.39485,2.3952,4.00,9.50
2007.05.07 06:01:30.163,2.3948,2.3952,8.00,9.50
2007.05.07 06:01:30.543,2.3947,2.3952,6.80,9.50
2007.05.07 06:01:32.417,2.3948,2.39525,5.50,4.00
2007.05.07 06:01:32.652,2.3948,2.3953,9.50,8.80
2007.05.07 06:01:33.130,2.3948,2.3953,9.50,4.80
2007.05.07 06:01:39.017,2.3949,2.39535,2.80,4.00
2007.05.07 06:01:39.262,2.3949,2.3954,6.80,9.50
2007.05.07 06:01:39.642,2.3948,2.3952,2.80,4.00
2007.05.07 06:01:40.587,2.39485,2.3953,4.00,11.90
2007.05.07 06:01:40.887,2.39485,2.3953,4.00,12.70
2007.05.07 06:01:41.166,2.39475,2.3951,4.00,4.00
2007.05.07 06:01:41.472,2.39485,2.3953,4.00,11.90
2007.05.07 06:01:44.939,2.39485,2.3951,4.00,4.00
2007.05.07 06:01:45.667,2.39475,2.3951,4.00,4.00
2007.05.07 06:01:45.951,2.3948,2.39525,2.80,4.00
2007.05.07 06:01:46.154,2.39485,2.3953,4.00,11.90
2007.05.07 06:01:47.382,2.39485,2.3953,4.00,4.00
2007.05.07 06:01:47.617,2.3949,2.3953,4.00,4.00
2007.05.07 06:01:47.924,2.395,2.3953,5.50,4.00
2007.05.07 06:01:48.186,2.395,2.39545,5.50,4.00
2007.05.07 06:01:48.444,2.395,2.3955,9.50,8.80
2007.05.07 06:01:50.777,2.39505,2.3955,4.00,4.80
2007.05.07 06:01:50.988,2.3949,2.3954,6.80,13.50
2007.05.07 06:02:02.467,2.3951,2.3954,2.80,13.50
2007.05.07 06:02:03.034,2.3951,2.3954,2.80,4.00
2007.05.07 06:02:03.271,2.3951,2.3955,6.80,4.00
2007.05.07 06:02:03.554,2.3951,2.3956,6.80,13.50
2007.05.07 06:02:05.201,2.3952,2.3956,0.80,9.50
2007.05.07 06:02:05.442,2.3952,2.3956,2.80,5.50
2007.05.07 06:02:06.926,2.3951,2.3955,4.00,4.00
2007.05.07 06:02:07.517,2.39505,2.3955,4.00,4.00
2007.05.07 06:02:07.889,2.395,2.3954,2.80,5.50
2007.05.07 06:02:08.219,2.395,2.3952,2.80,5.50
2007.05.07 06:02:08.424,2.39495,2.3952,4.00,5.50
2007.05.07 06:02:08.657,2.39495,2.3951,4.00,4.00
2007.05.07 06:02:08.874,2.39495,2.3953,4.00,4.00
2007.05.07 06:02:09.180,2.39495,2.3953,4.00,4.40
2007.05.07 06:02:09.396,2.39485,2.3953,4.00,4.40
2007.05.07 06:02:11.001,2.3949,2.3953,2.80,4.00
2007.05.07 06:02:11.589,2.3949,2.3954,6.80,13.50
2007.05.07 06:02:18.196,2.3949,2.3952,6.80,5.50
2007.05.07 06:02:18.443,2.3949,2.3952,2.80,5.50
2007.05.07 06:02:20.885,2.39485,2.3952,4.00,5.50
2007.05.07 06:02:21.939,2.39475,2.3952,4.00,5.50
2007.05.07 06:02:22.890,2.3949,2.3952,2.80,5.50
2007.05.07 06:02:24.911,2.39475,2.3952,4.00,5.50
2007.05.07 06:02:26.876,2.3949,2.3952,2.80,5.50
2007.05.07 06:02:29.754,2.3949,2.3953,3.60,4.00
2007.05.07 06:02:30.281,2.3949,2.3952,2.80,5.50
2007.05.07 06:02:30.813,2.3949,2.39535,2.80,4.00
2007.05.07 06:02:31.944,2.3949,2.3954,6.80,13.50
2007.05.07 06:02:35.047,2.395,2.3954,4.00,9.50
2007.05.07 06:02:37.301,2.395,2.3952,4.00,8.30
2007.05.07 06:02:37.338,2.395,2.3952,4.00,0.60
2007.05.07 06:02:37.919,2.3949,2.395,4.00,0.50
2007.05.07 06:02:38.450,2.395,2.3953,4.00,16.60
2007.05.07 06:02:38.788,2.3948,2.3952,4.00,0.70
2007.05.07 06:02:39.503,2.3948,2.3954,4.00,12.80
2007.05.07 06:02:40.085,2.3948,2.3954,8.00,8.80
2007.05.07 06:02:40.426,2.3951,2.39525,2.80,0.70
2007.05.07 06:02:40.642,2.3951,2.3955,6.00,8.00
2007.05.07 06:02:41.235,2.3951,2.3955,2.80,8.80
2007.05.07 06:02:41.498,2.39525,2.3955,4.00,0.70
2007.05.07 06:02:41.762,2.3953,2.3957,2.80,14.60
2007.05.07 06:02:42.763,2.3952,2.3956,2.80,14.60
2007.05.07 06:02:42.986,2.3952,2.3957,2.80,0.50
2007.05.07 06:02:43.497,2.3952,2.3958,2.80,24.20
2007.05.07 06:02:43.925,2.39525,2.3958,4.00,12.80
2007.05.07 06:02:45.329,2.3953,2.3959,0.80,17.50
2007.05.07 06:02:45.541,2.39545,2.3959,4.00,0.70
2007.05.07 06:02:45.820,2.39545,2.3957,4.00,0.70
2007.05.07 06:02:46.258,2.3954,2.3958,4.00,13.40
2007.05.07 06:02:46.496,2.39525,2.3958,4.00,17.40
2007.05.07 06:02:47.979,2.39525,2.3957,4.00,13.40
2007.05.07 06:02:48.375,2.39525,2.3957,4.00,5.60
2007.05.07 06:02:48.634,2.39515,2.3957,4.00,9.60
2007.05.07 06:02:48.887,2.39515,2.3955,4.00,5.60
2007.05.07 06:02:49.121,2.39515,2.3954,4.00,0.70
2007.05.07 06:02:49.490,2.39515,2.3956,4.00,14.20
2007.05.07 06:02:49.926,2.39515,2.3955,4.00,5.60
2007.05.07 06:02:50.408,2.3952,2.3955,2.80,0.90
2007.05.07 06:02:50.622,2.3952,2.3957,2.80,17.40
2007.05.07 06:02:51.343,2.3952,2.3957,14.80,0.90
2007.05.07 06:02:51.955,2.3952,2.3954,14.80,0.90
2007.05.07 06:02:52.161,2.3952,2.3955,12.00,5.60
2007.05.07 06:02:52.474,2.39525,2.3953,4.00,5.60
2007.05.07 06:02:53.123,2.3949,2.3952,4.00,0.80
2007.05.07 06:02:53.739,2.3949,2.3954,4.00,5.60
2007.05.07 06:02:54.914,2.395,2.3955,2.80,15.90
2007.05.07 06:02:55.584,2.39505,2.3955,4.00,0.60
2007.05.07 06:02:58.301,2.39505,2.3955,4.00,0.70
2007.05.07 06:02:58.531,2.3951,2.3955,2.80,0.90
2007.05.07 06:02:58.799,2.3951,2.3955,6.80,0.80
2007.05.07 06:02:59.607,2.3951,2.3955,2.80,0.50
2007.05.07 06:03:00.957,2.3951,2.3956,2.80,16.30
2007.05.07 06:03:01.219,2.3951,2.3956,2.80,15.50
2007.05.07 06:03:03.328,2.3952,2.3956,2.80,11.50
2007.05.07 06:03:03.571,2.3952,2.3956,10.70,0.90
2007.05.07 06:03:03.785,2.3952,2.3956,10.70,0.70
2007.05.07 06:03:04.199,2.3952,2.3958,10.70,17.90
2007.05.07 06:03:04.423,2.39525,2.3957,4.00,4.00
2007.05.07 06:03:05.285,2.3952,2.3957,9.50,8.00
2007.05.07 06:03:05.499,2.3952,2.3957,9.50,8.80
2007.05.07 06:03:06.922,2.3952,2.3956,4.00,11.50
2007.05.07 06:03:07.248,2.3951,2.3956,6.80,15.50
2007.05.07 06:03:07.748,2.3952,2.3956,2.80,11.50
2007.05.07 06:03:08.005,2.3952,2.3956,2.80,7.50
2007.05.07 06:03:09.555,2.3954,2.3956,2.80,5.50
2007.05.07 06:03:09.791,2.3954,2.3958,2.80,11.50
2007.05.07 06:03:10.769,2.3954,2.3957,2.80,4.00
2007.05.07 06:03:11.020,2.3952,2.3956,2.80,7.50
2007.05.07 06:03:16.301,2.3952,2.3956,2.80,8.30
2007.05.07 06:03:24.370,2.3952,2.3956,2.80,5.50
2007.05.07 06:03:24.599,2.3952,2.39565,8.30,4.00
2007.05.07 06:03:24.824,2.3952,2.3957,12.30,7.60
2007.05.07 06:03:26.946,2.3952,2.3956,6.80,8.30
2007.05.07 06:03:27.160,2.3952,2.3956,2.80,8.30
2007.05.07 06:03:28.395,2.3952,2.39565,8.30,4.00
2007.05.07 06:03:28.641,2.3952,2.3957,8.30,11.60
2007.05.07 06:03:29.011,2.3952,2.3956,2.80,8.30
2007.05.07 06:03:30.413,2.3954,2.39565,2.80,4.00
2007.05.07 06:03:30.679,2.3954,2.3958,2.80,8.30
2007.05.07 06:03:32.930,2.3953,2.3957,4.00,4.00
2007.05.07 06:03:34.389,2.3953,2.3957,4.00,7.60
2007.05.07 06:03:34.606,2.39525,2.3957,4.00,7.60
2007.05.07 06:03:34.882,2.3952,2.3957,12.30,7.60
2007.05.07 06:03:35.385,2.3954,2.3958,2.80,8.30
2007.05.07 06:03:39.607,2.3954,2.39585,2.80,12.30
2007.05.07 06:03:44.508,2.3954,2.3959,8.30,11.60
2007.05.07 06:03:44.864,2.3954,2.3959,12.30,7.60
2007.05.07 06:03:51.447,2.3955,2.3958,2.80,5.50
2007.05.07 06:03:52.057,2.3954,2.3958,2.80,8.30
2007.05.07 06:03:52.359,2.3953,2.3956,2.80,5.50
2007.05.07 06:03:53.767,2.3953,2.3957,2.80,4.00
2007.05.07 06:03:54.029,2.3953,2.3957,7.60,4.00
2007.05.07 06:03:54.290,2.39535,2.3957,4.00,4.00
2007.05.07 06:03:54.550,2.39535,2.3958,4.00,5.50
2007.05.07 06:03:55.272,2.3953,2.39575,3.60,4.00
2007.05.07 06:03:59.370,2.3953,2.3956,2.80,5.50
2007.05.07 06:04:00.895,2.3953,2.39565,3.60,4.00
2007.05.07 06:04:01.174,2.3953,2.3957,3.60,4.00
2007.05.07 06:04:01.633,2.3953,2.39575,3.60,4.00
2007.05.07 06:04:09.535,2.3953,2.3956,2.80,5.50
2007.05.07 06:04:09.741,2.3953,2.3956,3.60,5.50
2007.05.07 06:04:09.950,2.3953,2.39565,3.60,4.00
2007.05.07 06:04:10.217,2.3953,2.3957,3.60,4.00
2007.05.07 06:04:10.649,2.3953,2.3957,3.60,2.00
2007.05.07 06:04:10.891,2.3953,2.3956,2.80,5.50
2007.05.07 06:04:14.867,2.3953,2.39565,3.60,4.00
2007.05.07 06:04:15.146,2.3953,2.39575,2.80,4.00
2007.05.07 06:04:16.426,2.3952,2.3957,12.30,4.00
2007.05.07 06:04:16.686,2.3952,2.3957,8.30,8.00
2007.05.07 06:04:24.822,2.3952,2.3956,2.80,13.50
2007.05.07 06:04:34.382,2.3952,2.3957,8.30,8.00
2007.05.07 06:04:35.056,2.39515,2.3957,12.30,8.00
2007.05.07 06:04:38.969,2.3951,2.3956,3.60,13.50
2007.05.07 06:04:40.988,2.3951,2.3956,7.50,9.50
2007.05.07 06:04:41.201,2.3952,2.3956,6.80,5.50
2007.05.07 06:04:45.446,2.3951,2.3956,15.50,9.50
2007.05.07 06:04:45.714,2.3951,2.39555,3.50,4.00
2007.05.07 06:04:46.487,2.3952,2.3956,1.50,13.50
2007.05.07 06:04:48.547,2.3951,2.3956,11.30,4.00
2007.05.07 06:04:48.946,2.39515,2.3957,12.30,8.00
2007.05.07 06:04:52.963,2.3952,2.3957,13.10,4.00
2007.05.07 06:04:53.188,2.3952,2.39575,25.90,4.00
2007.05.07 06:04:55.358,2.3952,2.3956,15.60,5.50
2007.05.07 06:04:56.371,2.3954,2.39565,3.60,4.00
2007.05.07 06:04:56.689,2.3954,2.3958,3.60,5.50
2007.05.07 06:04:59.109,2.3955,2.3958,0.60,0.70
2007.05.07 06:05:00.576,2.3953,2.39585,7.60,13.50
2007.05.07 06:05:03.490,2.3954,2.3958,2.80,13.50
2007.05.07 06:05:03.979,2.3954,2.3958,2.80,13.50
2007.05.07 06:05:04.207,2.3954,2.3958,2.80,13.50
2007.05.07 06:05:04.728,2.3954,2.3959,2.80,22.60
2007.05.07 06:05:05.022,2.3952,2.3957,20.30,0.60
2007.05.07 06:05:05.269,2.3952,2.3958,16.30,20.70
2007.05.07 06:05:05.645,2.3952,2.3958,8.30,19.90
2007.05.07 06:05:06.274,2.3952,2.39575,12.30,8.00
2007.05.07 06:05:10.589,2.3953,2.3958,2.80,9.50
2007.05.07 06:05:10.895,2.3953,2.3956,2.80,0.50
2007.05.07 06:05:12.455,2.3953,2.3957,2.80,8.00
2007.05.07 06:05:13.441,2.3955,2.39565,2.80,0.60
2007.05.07 06:05:13.917,2.3953,2.3957,2.80,8.00
2007.05.07 06:05:14.442,2.3954,2.39565,0.70,0.50
2007.05.07 06:05:14.954,2.3953,2.3958,6.80,16.70
2007.05.07 06:05:15.206,2.3953,2.3957,2.80,0.90
2007.05.07 06:05:16.079,2.3952,2.39575,6.80,14.30
2007.05.07 06:05:16.506,2.3952,2.3957,6.80,16.70
2007.05.07 06:05:16.714,2.3952,2.3957,2.80,22.70
2007.05.07 06:05:18.453,2.3953,2.3957,2.80,12.30
2007.05.07 06:05:18.800,2.3953,2.3958,2.80,22.60
2007.05.07 06:05:19.071,2.3954,2.3959,2.80,22.60
2007.05.07 06:05:19.380,2.3954,2.3958,2.80,0.90
2007.05.07 06:05:20.837,2.3955,2.39595,3.50,10.80
2007.05.07 06:05:21.121,2.3955,2.396,7.50,16.30
2007.05.07 06:05:21.487,2.3955,2.396,6.80,21.90
2007.05.07 06:05:21.729,2.3955,2.396,6.80,17.90
2007.05.07 06:05:21.999,2.3956,2.396,2.80,0.60
2007.05.07 06:05:22.653,2.3956,2.39605,2.80,12.30
2007.05.07 06:05:23.000,2.3956,2.3959,2.80,0.70
2007.05.07 06:05:26.938,2.3956,2.396,6.80,14.60
2007.05.07 06:05:30.022,2.3956,2.3959,2.80,5.50
2007.05.07 06:05:40.975,2.3956,2.3959,2.80,9.50
2007.05.07 06:05:42.070,2.3956,2.3959,2.80,5.50
2007.05.07 06:05:45.175,2.3956,2.3959,2.80,9.50
2007.05.07 06:05:45.383,2.3954,2.3959,6.80,9.50
2007.05.07 06:05:45.798,2.39545,2.3959,4.00,9.50
2007.05.07 06:05:46.024,2.3954,2.3959,6.80,9.50
2007.05.07 06:05:47.848,2.3955,2.39595,5.50,4.00
2007.05.07 06:05:48.170,2.3955,2.396,9.50,4.00
2007.05.07 06:05:49.085,2.3956,2.39605,2.80,4.00
2007.05.07 06:05:49.382,2.3956,2.3961,2.80,14.30
2007.05.07 06:05:50.898,2.3956,2.3959,2.80,5.50
2007.05.07 06:05:55.067,2.3956,2.3959,2.70,5.50
2007.05.07 06:05:56.406,2.3957,2.3959,0.80,7.50
2007.05.07 06:05:56.643,2.3957,2.396,2.80,4.00
2007.05.07 06:05:57.516,2.3957,2.3961,2.80,8.30
2007.05.07 06:05:58.725,2.39565,2.3961,4.00,12.30
2007.05.07 06:05:59.582,2.3956,2.3961,2.80,16.30
2007.05.07 06:06:00.988,2.3957,2.3961,7.90,8.00
2007.05.07 06:06:01.600,2.3957,2.3962,7.90,8.70
2007.05.07 06:06:02.392,2.3957,2.3962,11.90,4.70
2007.05.07 06:06:04.335,2.3957,2.39625,11.90,8.70
2007.05.07 06:06:05.829,2.3957,2.3962,4.00,15.30
2007.05.07 06:06:06.108,2.3956,2.3961,7.60,0.70
2007.05.07 06:06:06.958,2.3958,2.39615,3.60,0.80
2007.05.07 06:06:07.207,2.3958,2.39635,4.80,16.30
2007.05.07 06:06:07.465,2.3958,2.3963,4.00,18.60
2007.05.07 06:06:07.733,2.39575,2.3962,4.00,7.50
2007.05.07 06:06:07.982,2.39575,2.3961,4.00,0.60
2007.05.07 06:06:08.245,2.3956,2.39615,7.60,12.30
2007.05.07 06:06:08.691,2.39555,2.3961,4.00,0.60
2007.05.07 06:06:09.739,2.3955,2.3961,14.70,20.30
2007.05.07 06:06:09.978,2.3955,2.3961,10.70,20.30
2007.05.07 06:06:10.767,2.3955,2.396,14.70,0.60
2007.05.07 06:06:11.774,2.39555,2.3962,4.00,31.30
2007.05.07 06:06:12.013,2.3956,2.3962,4.00,31.30
2007.05.07 06:06:13.285,2.3955,2.3961,14.70,20.30
2007.05.07 06:06:19.090,2.3957,2.3961,4.00,0.60
2007.05.07 06:06:19.460,2.3957,2.3961,14.70,0.90
2007.05.07 06:06:19.681,2.3958,2.3963,2.80,16.30
2007.05.07 06:06:19.943,2.3958,2.3964,2.80,27.40
2007.05.07 06:06:23.484,2.3958,2.3963,0.80,0.70
2007.05.07 06:06:24.203,2.3957,2.3962,6.80,22.60
2007.05.07 06:06:25.263,2.3956,2.39615,10.80,12.30
2007.05.07 06:06:25.549,2.3958,2.39635,14.60,8.00
2007.05.07 06:06:25.783,2.3959,2.39635,0.70,0.80
2007.05.07 06:06:26.355,2.3961,2.3966,8.30,16.80
2007.05.07 06:06:26.597,2.396,2.3965,7.60,19.90
2007.05.07 06:06:26.869,2.3959,2.3965,17.10,19.90
2007.05.07 06:06:27.082,2.396,2.3965,0.70,0.80
2007.05.07 06:06:27.310,2.3959,2.3966,24.40,15.80
2007.05.07 06:06:27.595,2.3959,2.3965,23.20,12.30
2007.05.07 06:06:28.728,2.3959,2.39645,19.20,10.80
2007.05.07 06:06:39.195,2.39595,2.3963,2.40,8.30
2007.05.07 06:06:39.619,2.39585,2.3963,5.20,8.30
2007.05.07 06:06:39.873,2.39585,2.3961,2.30,5.50
2007.05.07 06:06:40.163,2.3957,2.3961,14.80,5.50
2007.05.07 06:06:40.454,2.3957,2.3961,6.80,8.30
2007.05.07 06:06:40.702,2.39565,2.3961,6.80,8.30
2007.05.07 06:06:42.178,2.39565,2.3959,6.80,11.90
2007.05.07 06:06:42.406,2.39565,2.3959,0.70,11.90
2007.05.07 06:06:43.274,2.3955,2.3959,8.00,11.90
2007.05.07 06:06:46.185,2.3956,2.3958,0.70,9.50
2007.05.07 06:06:46.703,2.3955,2.3959,8.00,15.90
2007.05.07 06:06:50.758,2.39545,2.3959,2.40,15.90
2007.05.07 06:06:51.269,2.3954,2.3959,14.70,4.00
2007.05.07 06:06:51.471,2.3954,2.396,19.50,12.30
2007.05.07 06:06:55.126,2.3955,2.396,10.80,12.30
2007.05.07 06:06:55.365,2.3955,2.396,11.60,8.30
2007.05.07 06:06:56.422,2.39555,2.396,2.00,8.30
2007.05.07 06:06:56.806,2.3955,2.396,3.60,8.30
2007.05.07 06:06:57.406,2.3955,2.3959,2.40,4.00
2007.05.07 06:06:57.827,2.3953,2.3958,2.40,8.30
2007.05.07 06:06:59.934,2.3954,2.39585,3.70,4.00
2007.05.07 06:07:00.281,2.3954,2.39585,14.70,4.00
2007.05.07 06:07:00.530,2.3955,2.3959,1.10,4.00
2007.05.07 06:07:00.956,2.3953,2.3958,11.60,8.30
2007.05.07 06:07:01.286,2.3953,2.3958,23.50,2.80
2007.05.07 06:07:01.524,2.3953,2.3958,23.50,2.80
2007.05.07 06:07:01.882,2.3954,2.3959,8.30,8.00
2007.05.07 06:07:02.581,2.39545,2.3959,6.80,4.00
2007.05.07 06:07:02.932,2.3954,2.39585,2.70,4.00
2007.05.07 06:07:04.321,2.3954,2.3958,3.10,4.00
2007.05.07 06:07:05.889,2.3953,2.39585,11.80,4.00
2007.05.07 06:07:06.322,2.3952,2.3958,27.50,8.30
2007.05.07 06:07:06.536,2.3953,2.3958,1.80,12.30
2007.05.07 06:07:07.767,2.3953,2.3958,3.70,8.30
2007.05.07 06:07:07.996,2.3952,2.3956,14.80,5.50
2007.05.07 06:07:08.349,2.3953,2.3956,1.30,5.50
2007.05.07 06:07:12.754,2.3953,2.3956,6.80,5.50
2007.05.07 06:07:15.214,2.3953,2.3954,4.00,5.50
2007.05.07 06:07:15.427,2.39525,2.3954,4.00,5.50
2007.05.07 06:07:16.185,2.3952,2.3954,6.80,5.50
2007.05.07 06:07:16.562,2.3952,2.3954,2.80,5.50
2007.05.07 06:07:18.792,2.3951,2.3953,2.80,5.50
2007.05.07 06:07:19.603,2.3951,2.3953,6.80,5.50
2007.05.07 06:07:21.959,2.3951,2.3952,4.00,4.00
2007.05.07 06:07:22.324,2.39505,2.3952,4.00,4.00
2007.05.07 06:07:22.588,2.39495,2.3951,4.00,5.50
2007.05.07 06:07:22.981,2.39485,2.3951,4.00,5.50
2007.05.07 06:07:24.113,2.39485,2.3951,0.50,5.50
2007.05.07 06:07:28.064,2.3947,2.3951,20.00,5.50
2007.05.07 06:07:28.489,2.3947,2.3951,2.10,9.50
2007.05.07 06:07:29.295,2.3947,2.3949,2.20,5.50
2007.05.07 06:07:30.081,2.39465,2.3949,2.40,5.50
2007.05.07 06:07:33.362,2.3947,2.395,1.30,4.00
2007.05.07 06:07:33.725,2.3947,2.395,6.80,4.00
2007.05.07 06:07:36.951,2.3947,2.3949,6.80,5.50
2007.05.07 06:07:37.230,2.3946,2.3949,14.80,5.50
2007.05.07 06:07:37.839,2.3947,2.395,1.70,4.00
2007.05.07 06:07:38.184,2.3946,2.395,14.70,4.00
2007.05.07 06:07:39.909,2.3947,2.395,1.90,4.00
2007.05.07 06:07:40.295,2.3946,2.395,22.80,4.00
2007.05.07 06:07:40.762,2.3947,2.395,1.00,4.00
2007.05.07 06:07:41.771,2.3946,2.395,22.80,4.00
2007.05.07 06:07:42.485,2.3947,2.395,1.80,4.00
2007.05.07 06:07:42.915,2.3945,2.3949,11.60,5.50
2007.05.07 06:07:43.318,2.3946,2.3948,0.90,5.50
2007.05.07 06:07:43.592,2.3944,2.3948,19.60,5.50
2007.05.07 06:07:43.834,2.3945,2.3949,0.80,9.50
2007.05.07 06:07:44.849,2.3944,2.3947,13.20,4.00
2007.05.07 06:07:45.088,2.3943,2.3947,14.80,4.00
2007.05.07 06:07:45.381,2.3941,2.3945,16.00,5.50
2007.05.07 06:07:45.629,2.3941,2.3946,23.90,4.00
2007.05.07 06:07:45.863,2.3943,2.39465,11.90,4.00
2007.05.07 06:07:46.146,2.3944,2.39465,3.20,4.00
2007.05.07 06:07:46.369,2.3943,2.3947,16.00,5.50
2007.05.07 06:07:46.680,2.3944,2.3947,1.70,5.50
2007.05.07 06:07:46.895,2.3942,2.3947,8.80,5.50
2007.05.07 06:07:47.178,2.3941,2.39465,12.70,4.00
2007.05.07 06:07:47.404,2.39415,2.3946,0.50,4.00
2007.05.07 06:07:47.616,2.394,2.3945,8.00,5.50
2007.05.07 06:07:48.081,2.39405,2.3945,1.30,5.50
2007.05.07 06:07:48.931,2.3939,2.3943,8.80,9.50
2007.05.07 06:07:49.451,2.39405,2.3943,1.50,4.00
2007.05.07 06:07:49.725,2.39385,2.3943,1.10,4.00
2007.05.07 06:07:50.432,2.3939,2.3944,2.50,4.00
2007.05.07 06:07:50.667,2.3939,2.3945,24.70,13.50
2007.05.07 06:07:52.254,2.39405,2.3945,4.00,4.00
2007.05.07 06:07:52.458,2.3941,2.39465,12.00,4.00
2007.05.07 06:07:53.016,2.39425,2.3946,4.00,4.00
2007.05.07 06:07:53.277,2.39425,2.3947,4.00,4.00
2007.05.07 06:07:53.770,2.39415,2.39465,4.00,4.00
2007.05.07 06:07:54.009,2.39415,2.3947,4.00,8.00
2007.05.07 06:07:55.004,2.39425,2.3947,4.00,4.00
2007.05.07 06:07:55.246,2.39425,2.3948,4.00,4.00
2007.05.07 06:07:55.479,2.3943,2.3948,7.90,4.00
2007.05.07 06:07:55.863,2.3943,2.3948,5.50,8.00
2007.05.07 06:07:56.076,2.39435,2.3948,4.00,4.00
2007.05.07 06:07:56.441,2.39435,2.3949,4.00,13.50
2007.05.07 06:07:57.110,2.39425,2.3948,4.00,4.00
2007.05.07 06:07:57.837,2.3943,2.3948,4.00,4.00
2007.05.07 06:07:58.937,2.3943,2.3947,4.00,4.00
2007.05.07 06:07:59.215,2.3942,2.3946,4.00,4.00
2007.05.07 06:07:59.889,2.3941,2.3946,11.90,4.00
2007.05.07 06:08:00.893,2.3942,2.39465,11.50,4.00
2007.05.07 06:08:01.915,2.3942,2.39475,15.50,4.00
2007.05.07 06:08:02.891,2.39425,2.3948,4.00,16.30
2007.05.07 06:08:03.955,2.39435,2.3948,4.00,8.30
2007.05.07 06:08:05.385,2.3943,2.3946,0.80,8.30
2007.05.07 06:08:05.586,2.3942,2.3946,2.80,8.30
2007.05.07 06:08:05.894,2.3942,2.3947,11.50,8.00
2007.05.07 06:08:06.099,2.3942,2.39475,15.50,4.00
2007.05.07 06:08:07.017,2.39425,2.3948,4.00,16.30
2007.05.07 06:08:09.214,2.39425,2.3948,4.00,0.80
2007.05.07 06:08:10.438,2.3943,2.3949,0.80,23.40
2007.05.07 06:08:10.706,2.3943,2.3949,3.60,22.60
2007.05.07 06:08:10.957,2.3943,2.3948,3.60,0.80
2007.05.07 06:08:11.220,2.3943,2.3949,2.80,27.40
2007.05.07 06:08:11.432,2.3943,2.3946,7.90,0.50
2007.05.07 06:08:11.651,2.3943,2.3949,11.50,16.30
2007.05.07 06:08:14.668,2.3945,2.3951,4.00,17.50
2007.05.07 06:08:15.379,2.3945,2.395,4.00,21.80
2007.05.07 06:08:15.584,2.3944,2.3949,4.00,0.80
2007.05.07 06:08:17.041,2.3944,2.395,9.50,23.90
2007.05.07 06:08:17.719,2.3945,2.3949,4.00,0.50
2007.05.07 06:08:19.405,2.3944,2.39495,4.00,8.00
2007.05.07 06:08:19.876,2.3944,2.39495,4.00,10.80
2007.05.07 06:08:20.092,2.39435,2.395,4.00,26.70
2007.05.07 06:08:21.274,2.3943,2.39485,19.90,0.80
2007.05.07 06:08:21.898,2.3943,2.3949,8.00,22.60
2007.05.07 06:08:22.126,2.39425,2.3948,4.00,0.70
2007.05.07 06:08:22.407,2.3942,2.3946,15.60,0.80
2007.05.07 06:08:22.636,2.3942,2.3946,2.80,0.80
2007.05.07 06:08:22.927,2.3942,2.3948,13.10,14.70
2007.05.07 06:08:25.674,2.3942,2.3947,9.10,0.60
2007.05.07 06:08:25.937,2.39415,2.3946,4.00,0.50
2007.05.07 06:08:26.287,2.3941,2.39455,5.50,0.70
2007.05.07 06:08:27.058,2.3941,2.3946,5.50,8.00
2007.05.07 06:08:27.585,2.394,2.3945,7.90,0.80
2007.05.07 06:08:27.823,2.394,2.3944,11.90,8.00
2007.05.07 06:08:28.038,2.394,2.3944,4.00,15.90
2007.05.07 06:08:30.005,2.3941,2.3944,4.00,15.90
2007.05.07 06:08:30.660,2.39395,2.3944,4.00,15.90
2007.05.07 06:08:30.929,2.394,2.3945,2.80,0.80
2007.05.07 06:08:32.431,2.39395,2.3944,4.00,10.80
2007.05.07 06:08:32.696,2.39395,2.3944,4.00,19.80
2007.05.07 06:08:32.950,2.39385,2.3944,4.00,23.80
2007.05.07 06:08:35.009,2.3939,2.3944,2.80,18.60
2007.05.07 06:08:38.023,2.394,2.3944,0.80,0.60
2007.05.07 06:08:38.240,2.3941,2.3945,2.80,0.50
2007.05.07 06:08:38.458,2.3941,2.3946,2.80,22.60
2007.05.07 06:08:39.479,2.39405,2.3944,4.00,4.00
2007.05.07 06:08:39.682,2.39395,2.3944,4.00,4.00
2007.05.07 06:08:40.365,2.3942,2.3945,2.80,4.00
2007.05.07 06:08:41.909,2.3942,2.3946,2.80,6.80
2007.05.07 06:08:42.145,2.3942,2.3946,2.80,2.80
2007.05.07 06:08:53.483,2.3941,2.3945,14.70,2.80
2007.05.07 06:08:54.199,2.3941,2.3945,10.70,2.80
2007.05.07 06:08:57.528,2.3942,2.3946,2.80,2.80
2007.05.07 06:09:09.343,2.3942,2.3947,2.80,9.50
2007.05.07 06:09:09.594,2.3942,2.3947,2.80,13.50
2007.05.07 06:09:09.842,2.3942,2.3947,6.80,9.50
2007.05.07 06:09:11.611,2.3942,2.3946,2.80,2.80
2007.05.07 06:09:14.416,2.39415,2.3946,4.00,2.80
2007.05.07 06:09:14.934,2.39415,2.3946,4.00,6.80
2007.05.07 06:09:15.197,2.3942,2.3946,2.80,6.80
2007.05.07 06:09:15.480,2.3943,2.39465,2.80,4.00
2007.05.07 06:09:15.696,2.3943,2.3946,2.80,4.00
2007.05.07 06:09:15.949,2.3943,2.3947,2.80,4.00
2007.05.07 06:09:16.188,2.3943,2.39475,2.80,4.00
2007.05.07 06:09:16.661,2.3943,2.3948,6.80,16.30
2007.05.07 06:09:17.502,2.3943,2.3947,6.80,8.30
2007.05.07 06:09:17.719,2.3943,2.3947,2.80,8.30
2007.05.07 06:09:18.549,2.39425,2.3946,4.00,2.80
2007.05.07 06:09:18.754,2.3942,2.39455,3.60,4.00
2007.05.07 06:09:19.507,2.3942,2.39445,3.60,4.00
2007.05.07 06:09:19.766,2.394,2.3944,2.80,2.80
2007.05.07 06:09:20.231,2.394,2.3944,6.80,2.80
2007.05.07 06:09:21.757,2.394,2.3945,6.80,8.30
2007.05.07 06:09:21.920,2.39395,2.39445,4.00,18.70
2007.05.07 06:09:22.550,2.3939,2.3944,10.80,0.60
2007.05.07 06:09:22.825,2.3939,2.3944,6.80,0.90
2007.05.07 06:09:23.564,2.3939,2.3944,4.00,18.70
2007.05.07 06:09:23.818,2.39385,2.3944,4.00,22.70
2007.05.07 06:09:24.230,2.394,2.3944,2.00,22.70
2007.05.07 06:09:24.456,2.394,2.3944,2.80,0.90
2007.05.07 06:09:26.881,2.394,2.3944,2.80,6.80
2007.05.07 06:09:27.175,2.3938,2.3943,10.80,16.30
2007.05.07 06:09:27.677,2.3938,2.3943,2.80,16.30
2007.05.07 06:09:28.657,2.3938,2.3944,14.70,8.00
2007.05.07 06:09:28.871,2.3938,2.3943,10.00,0.50
2007.05.07 06:09:29.132,2.3938,2.3943,8.00,0.80
2007.05.07 06:09:29.344,2.3938,2.3943,8.00,8.00
2007.05.07 06:09:29.699,2.3938,2.3943,4.00,8.00
2007.05.07 06:09:29.949,2.3938,2.3942,4.00,0.90
2007.05.07 06:09:38.532,2.3938,2.3942,4.00,6.40
2007.05.07 06:09:38.827,2.3938,2.3941,4.00,10.40
2007.05.07 06:09:39.076,2.39355,2.3941,4.00,25.00
2007.05.07 06:09:40.099,2.39355,2.3941,4.00,25.10
2007.05.07 06:09:44.508,2.39355,2.394,4.00,15.80
2007.05.07 06:09:44.967,2.3935,2.394,2.40,19.80
2007.05.07 06:09:47.868,2.39355,2.394,4.00,11.80
2007.05.07 06:09:48.225,2.39355,2.394,4.00,0.60
2007.05.07 06:09:51.088,2.3935,2.394,9.50,4.00
2007.05.07 06:09:51.618,2.39355,2.394,4.00,4.00
2007.05.07 06:09:52.051,2.3936,2.394,7.50,4.00
2007.05.07 06:09:52.257,2.3936,2.394,11.50,6.80
2007.05.07 06:09:52.552,2.3936,2.394,6.00,12.30
2007.05.07 06:09:52.773,2.3936,2.394,2.00,20.30
2007.05.07 06:09:54.732,2.3936,2.394,2.00,16.30
2007.05.07 06:09:54.937,2.3938,2.394,2.00,8.00
2007.05.07 06:09:55.144,2.3938,2.394,2.00,4.00
2007.05.07 06:09:55.779,2.3938,2.3942,2.00,18.70
2007.05.07 06:09:56.365,2.3937,2.3941,4.00,4.00
2007.05.07 06:09:56.647,2.3936,2.3941,11.50,4.00
2007.05.07 06:09:56.923,2.3936,2.3941,11.50,8.00
2007.05.07 06:09:58.252,2.3936,2.394,7.50,4.00
2007.05.07 06:10:02.083,2.3936,2.394,7.50,0.60
2007.05.07 06:10:04.065,2.3936,2.3942,11.50,30.70
2007.05.07 06:10:04.824,2.3936,2.39405,7.50,0.60
2007.05.07 06:10:05.214,2.3936,2.3941,7.50,10.40
2007.05.07 06:10:07.645,2.3935,2.3939,4.00,0.80
2007.05.07 06:10:08.634,2.39345,2.3939,4.00,0.80
2007.05.07 06:10:09.785,2.3935,2.394,4.00,14.70
2007.05.07 06:10:10.188,2.3935,2.394,9.50,0.80
2007.05.07 06:10:10.984,2.3935,2.394,5.50,0.80
2007.05.07 06:10:19.589,2.39345,2.3939,4.00,0.80
2007.05.07 06:10:24.132,2.39345,2.3939,4.00,8.80
2007.05.07 06:10:24.350,2.39345,2.3939,4.00,19.50
2007.05.07 06:10:25.783,2.39325,2.3938,4.00,0.70
2007.05.07 06:10:26.451,2.39325,2.3939,4.00,19.50
2007.05.07 06:10:26.719,2.3934,2.3939,5.50,8.00
2007.05.07 06:10:27.228,2.39345,2.394,4.00,19.90
2007.05.07 06:10:28.381,2.3935,2.3941,10.70,26.70
2007.05.07 06:10:29.071,2.3935,2.394,10.70,0.90
2007.05.07 06:10:33.129,2.3935,2.394,7.90,4.00
2007.05.07 06:10:33.411,2.3935,2.39395,7.90,4.00
2007.05.07 06:10:34.658,2.3935,2.39395,11.10,4.00
2007.05.07 06:10:34.874,2.3936,2.39405,2.80,4.00
2007.05.07 06:10:36.411,2.3935,2.39405,20.70,4.00
2007.05.07 06:10:36.933,2.3935,2.394,17.50,4.00
2007.05.07 06:10:37.219,2.3935,2.3939,13.50,0.80
2007.05.07 06:10:37.452,2.3935,2.39385,8.00,4.00
2007.05.07 06:10:37.667,2.3934,2.39385,2.80,4.00
2007.05.07 06:10:40.781,2.3934,2.3939,6.80,12.30
2007.05.07 06:10:41.023,2.3934,2.39385,2.80,4.00
2007.05.07 06:10:44.199,2.3935,2.3939,2.80,12.30
2007.05.07 06:10:47.236,2.3936,2.3939,2.00,4.00
2007.05.07 06:10:48.198,2.3936,2.394,2.00,9.50
2007.05.07 06:10:48.977,2.3936,2.394,6.00,9.50
2007.05.07 06:10:49.222,2.3936,2.39415,13.90,4.00
2007.05.07 06:10:49.501,2.3937,2.39415,7.90,4.00
2007.05.07 06:10:49.731,2.3938,2.39415,5.50,4.00
2007.05.07 06:10:49.984,2.3938,2.39425,5.50,4.00
2007.05.07 06:10:50.251,2.3938,2.3943,5.50,4.00
2007.05.07 06:10:51.425,2.39375,2.3943,9.50,4.00
2007.05.07 06:10:53.231,2.39375,2.3941,1.80,4.00
2007.05.07 06:10:53.459,2.39365,2.3941,1.70,4.00
2007.05.07 06:10:54.679,2.39375,2.3943,9.50,14.80
2007.05.07 06:10:54.887,2.39375,2.3941,6.00,0.80
2007.05.07 06:10:56.568,2.3939,2.3941,11.90,0.80
2007.05.07 06:10:56.941,2.3939,2.3942,0.90,4.00
2007.05.07 06:10:57.215,2.3938,2.3943,14.70,4.00
2007.05.07 06:10:59.219,2.3937,2.3943,19.50,8.00
2007.05.07 06:11:02.439,2.3938,2.3943,25.90,4.00
2007.05.07 06:11:02.745,2.394,2.3945,0.60,8.00
2007.05.07 06:11:04.489,2.3939,2.3943,14.80,4.00
2007.05.07 06:11:05.257,2.3939,2.3943,1.80,4.00
2007.05.07 06:11:05.518,2.3939,2.3943,5.00,4.00
2007.05.07 06:11:05.747,2.3939,2.3945,26.70,8.00
2007.05.07 06:11:06.346,2.3939,2.3943,16.00,4.00
2007.05.07 06:11:07.783,2.3938,2.3943,13.50,4.00
2007.05.07 06:11:09.487,2.39385,2.3943,0.50,4.00
2007.05.07 06:11:16.452,2.3938,2.3943,13.50,4.00
2007.05.07 06:11:19.878,2.3938,2.3943,3.60,8.00
2007.05.07 06:11:20.099,2.3937,2.3943,26.70,8.00
2007.05.07 06:11:22.033,2.3938,2.3943,9.50,8.00
2007.05.07 06:11:22.320,2.3939,2.3943,4.00,4.00
2007.05.07 06:11:25.409,2.3939,2.3944,14.70,4.00
2007.05.07 06:11:25.630,2.394,2.3945,4.00,10.40
2007.05.07 06:11:28.425,2.394,2.3945,4.00,8.80
2007.05.07 06:11:28.710,2.394,2.3945,4.00,8.00
2007.05.07 06:11:29.736,2.3941,2.3945,7.90,4.80
2007.05.07 06:11:29.949,2.39405,2.3945,4.00,6.80
2007.05.07 06:11:30.210,2.3939,2.39435,15.90,4.00
2007.05.07 06:11:30.694,2.39395,2.39445,4.00,4.00
2007.05.07 06:11:31.240,2.3939,2.39435,7.90,4.00
2007.05.07 06:11:31.708,2.39395,2.39445,4.00,4.00
2007.05.07 06:11:34.755,2.39395,2.3945,4.00,8.00
2007.05.07 06:11:36.419,2.3941,2.39455,7.90,0.70
2007.05.07 06:11:38.771,2.394,2.3945,4.00,0.50
2007.05.07 06:11:41.868,2.3939,2.3944,18.70,0.70
2007.05.07 06:11:42.133,2.3939,2.3944,10.80,0.70
2007.05.07 06:11:42.416,2.3939,2.3945,4.00,10.40
2007.05.07 06:11:42.661,2.3939,2.3945,4.00,10.40
2007.05.07 06:11:43.713,2.3939,2.3944,4.00,8.00
2007.05.07 06:11:43.939,2.3939,2.3944,4.00,8.00
2007.05.07 06:11:45.619,2.3939,2.3944,4.00,8.00
2007.05.07 06:11:46.623,2.3939,2.3944,4.00,8.00
2007.05.07 06:11:55.359,2.3939,2.3945,11.90,14.40
2007.05.07 06:11:55.567,2.3939,2.3945,7.90,10.40
2007.05.07 06:12:02.497,2.3939,2.3945,7.90,17.20
2007.05.07 06:12:06.036,2.3939,2.39435,11.10,4.00
2007.05.07 06:12:06.437,2.3941,2.39435,7.90,4.00
2007.05.07 06:12:06.658,2.3941,2.39445,7.90,4.00
2007.05.07 06:12:06.897,2.394,2.39445,10.80,4.00
2007.05.07 06:12:07.148,2.394,2.39435,8.00,4.00
2007.05.07 06:12:07.690,2.394,2.39425,4.00,4.00
2007.05.07 06:12:07.901,2.3939,2.39425,7.90,4.00
2007.05.07 06:12:14.337,2.3939,2.39435,7.90,4.00
2007.05.07 06:12:14.590,2.3939,2.39425,7.90,4.00
2007.05.07 06:12:15.946,2.3937,2.3942,11.50,4.00
2007.05.07 06:12:16.179,2.3937,2.3942,2.80,4.00
2007.05.07 06:12:16.429,2.39365,2.3942,4.00,4.00
2007.05.07 06:12:16.702,2.3936,2.39415,13.90,4.00
2007.05.07 06:12:20.482,2.3936,2.3941,5.50,4.00
2007.05.07 06:12:20.869,2.3936,2.39405,5.50,4.00
2007.05.07 06:12:21.404,2.3937,2.39405,7.90,4.00
2007.05.07 06:12:21.669,2.3937,2.39415,7.90,4.00
2007.05.07 06:12:23.857,2.3936,2.39415,14.70,4.00
2007.05.07 06:12:25.177,2.3938,2.39425,10.70,4.00
2007.05.07 06:12:26.437,2.3937,2.39425,5.00,4.00
2007.05.07 06:12:26.653,2.3937,2.39405,1.80,4.00
2007.05.07 06:12:27.242,2.39375,2.3943,0.60,13.20
2007.05.07 06:12:27.570,2.3936,2.39415,18.70,4.00
2007.05.07 06:12:29.455,2.3937,2.39405,3.50,4.00
2007.05.07 06:12:33.442,2.3936,2.39405,22.70,4.00
2007.05.07 06:12:33.650,2.3937,2.3941,0.80,4.00
2007.05.07 06:12:54.374,2.3937,2.3941,7.90,8.00
2007.05.07 06:12:54.706,2.3936,2.39405,5.50,4.00
2007.05.07 06:12:54.955,2.3935,2.394,14.70,4.00
2007.05.07 06:12:55.199,2.3935,2.3939,10.70,4.00
2007.05.07 06:12:56.536,2.3936,2.3939,5.50,4.00
2007.05.07 06:12:56.745,2.3936,2.394,5.50,4.00
2007.05.07 06:12:57.023,2.3935,2.394,14.70,4.00
2007.05.07 06:12:57.227,2.3935,2.3939,10.70,4.00
2007.05.07 06:12:57.436,2.3936,2.3939,5.50,4.00
2007.05.07 06:12:57.725,2.3936,2.394,5.50,4.00
2007.05.07 06:12:58.145,2.3936,2.3941,5.50,8.00
2007.05.07 06:12:58.967,2.3937,2.3942,10.70,6.40
2007.05.07 06:13:06.392,2.3936,2.3942,17.50,23.10
2007.05.07 06:13:06.625,2.3936,2.3941,5.50,8.00
2007.05.07 06:13:09.711,2.3936,2.3941,5.50,0.50
2007.05.07 06:13:09.942,2.3936,2.3941,5.50,8.00
2007.05.07 06:13:10.926,2.3935,2.3939,10.70,0.50
2007.05.07 06:13:27.338,2.3934,2.3939,9.50,8.00
2007.05.07 06:13:27.583,2.3934,2.3938,5.50,4.00
2007.05.07 06:13:29.043,2.3933,2.3938,14.70,5.60
2007.05.07 06:13:29.369,2.3933,2.3937,10.70,4.00
2007.05.07 06:13:33.422,2.3933,2.39375,10.70,4.00
2007.05.07 06:13:34.344,2.3934,2.3938,5.50,0.80
2007.05.07 06:13:34.561,2.3934,2.39385,5.50,4.00
2007.05.07 06:13:36.942,2.3933,2.39375,10.70,4.00
2007.05.07 06:13:37.904,2.3933,2.39375,2.80,4.00
2007.05.07 06:13:38.151,2.3937,2.3939,0.80,2.00
2007.05.07 06:13:38.421,2.3937,2.3939,2.80,4.00
2007.05.07 06:13:38.665,2.3935,2.3939,8.80,4.00
2007.05.07 06:13:38.915,2.3936,2.394,4.00,8.00
2007.05.07 06:13:43.911,2.3937,2.394,5.50,4.00
2007.05.07 06:13:44.148,2.3937,2.394,9.50,4.00
2007.05.07 06:13:46.992,2.3937,2.394,4.00,8.00
2007.05.07 06:13:47.344,2.3936,2.394,4.00,8.00
2007.05.07 06:13:50.043,2.3936,2.394,4.00,9.50
2007.05.07 06:13:50.271,2.39365,2.394,4.00,4.00
2007.05.07 06:13:50.482,2.39365,2.3941,4.00,4.00
2007.05.07 06:13:50.843,2.3936,2.3941,17.50,4.00
2007.05.07 06:13:51.073,2.3937,2.3941,4.00,4.00
2007.05.07 06:13:51.467,2.3938,2.3941,4.00,4.00
2007.05.07 06:13:51.957,2.3938,2.394,4.00,9.50
2007.05.07 06:13:53.418,2.39375,2.394,4.00,9.50
2007.05.07 06:13:53.671,2.39375,2.3942,4.00,6.80
2007.05.07 06:13:54.092,2.39365,2.39415,4.00,4.00
2007.05.07 06:13:55.282,2.3937,2.39415,2.80,4.00
2007.05.07 06:13:55.589,2.3938,2.39415,5.50,4.00
2007.05.07 06:13:55.950,2.3937,2.39415,2.80,4.00
2007.05.07 06:13:56.209,2.39375,2.3942,4.00,9.50
2007.05.07 06:13:56.730,2.39375,2.3942,4.00,5.50
2007.05.07 06:13:56.944,2.3939,2.3943,2.80,8.00
2007.05.07 06:13:57.682,2.3939,2.3943,2.80,4.00
2007.05.07 06:13:57.924,2.39395,2.3942,4.00,9.50
2007.05.07 06:13:58.851,2.39375,2.3942,4.00,9.50
2007.05.07 06:14:01.300,2.3938,2.3943,5.50,8.00
2007.05.07 06:14:01.597,2.39385,2.3943,4.00,4.00
2007.05.07 06:14:02.461,2.39385,2.3943,4.00,4.80
2007.05.07 06:14:02.832,2.39385,2.3942,4.00,9.50
2007.05.07 06:14:03.083,2.39375,2.3942,4.00,9.50
2007.05.07 06:14:03.568,2.3938,2.3943,5.50,8.00
2007.05.07 06:14:04.625,2.39385,2.3943,4.00,4.00
2007.05.07 06:14:05.463,2.39395,2.3944,4.00,9.50
2007.05.07 06:14:16.532,2.394,2.3945,2.80,14.30
2007.05.07 06:14:16.740,2.394,2.3945,6.80,10.30
2007.05.07 06:14:21.955,2.39415,2.3945,4.00,10.30
2007.05.07 06:14:22.524,2.39415,2.3944,4.00,9.50
2007.05.07 06:14:22.872,2.3941,2.3944,4.00,9.50
2007.05.07 06:14:23.614,2.394,2.3944,4.00,9.50
2007.05.07 06:14:26.900,2.394,2.3942,4.00,9.50
2007.05.07 06:14:27.245,2.394,2.3942,4.00,5.50
2007.05.07 06:14:27.509,2.394,2.3943,4.00,4.80
2007.05.07 06:14:27.736,2.394,2.3943,4.00,4.00
2007.05.07 06:14:28.244,2.394,2.3944,4.00,11.90
2007.05.07 06:14:28.512,2.39395,2.3944,4.00,9.50
2007.05.07 06:14:29.329,2.39395,2.3943,4.00,4.00
2007.05.07 06:14:29.954,2.39395,2.3942,4.00,9.50
2007.05.07 06:14:30.794,2.39385,2.3942,4.00,5.50
2007.05.07 06:14:31.040,2.39385,2.3943,4.00,4.00
2007.05.07 06:14:31.887,2.39385,2.3942,4.00,9.50
2007.05.07 06:14:32.244,2.39375,2.3942,4.00,9.50
2007.05.07 06:14:33.692,2.39375,2.3942,2.10,9.50
2007.05.07 06:14:37.584,2.39375,2.3942,4.00,12.30
2007.05.07 06:14:37.878,2.3937,2.3942,6.80,12.30
2007.05.07 06:14:40.652,2.3939,2.3943,2.80,9.10
2007.05.07 06:14:40.930,2.3939,2.3943,2.80,8.30
2007.05.07 06:14:43.673,2.3939,2.3941,0.80,2.00
2007.05.07 06:14:43.951,2.3938,2.3941,4.00,2.00
2007.05.07 06:14:44.174,2.3938,2.3942,5.50,4.00
2007.05.07 06:14:44.492,2.3938,2.39415,5.50,4.00
2007.05.07 06:14:44.723,2.3938,2.39425,5.50,4.00
2007.05.07 06:14:45.673,2.3938,2.3943,9.50,4.00
2007.05.07 06:14:46.330,2.39385,2.3943,4.00,4.00
2007.05.07 06:14:47.800,2.39375,2.3941,4.00,2.80
2007.05.07 06:14:48.351,2.3937,2.3941,2.80,2.80
2007.05.07 06:14:48.699,2.3937,2.3941,2.80,6.80
2007.05.07 06:15:06.870,2.3938,2.3941,5.50,6.00
2007.05.07 06:15:07.085,2.3938,2.3941,5.50,4.00
2007.05.07 06:15:07.415,2.3937,2.3941,2.80,6.80
2007.05.07 06:15:07.900,2.39375,2.3941,4.00,6.80
2007.05.07 06:15:08.488,2.3939,2.3941,2.80,4.00
2007.05.07 06:15:08.708,2.3939,2.3943,2.80,2.80
2007.05.07 06:15:11.480,2.39385,2.3943,4.00,7.60
2007.05.07 06:15:11.715,2.3938,2.39425,5.50,4.00
2007.05.07 06:15:12.498,2.39375,2.3941,4.00,2.80
2007.05.07 06:15:12.712,2.3937,2.3941,2.80,2.80
2007.05.07 06:15:12.985,2.3938,2.39415,5.50,4.00
2007.05.07 06:15:13.508,2.3938,2.3942,5.50,4.00
2007.05.07 06:15:13.742,2.3938,2.39425,5.50,4.00
2007.05.07 06:15:16.954,2.3937,2.3941,2.80,2.80
2007.05.07 06:15:17.779,2.3937,2.3941,2.80,6.80
2007.05.07 06:15:18.832,2.3937,2.3941,2.80,2.80
2007.05.07 06:15:19.392,2.3937,2.3941,2.80,6.80
2007.05.07 06:15:40.775,2.3937,2.3941,6.80,2.80
2007.05.07 06:15:45.284,2.3937,2.3941,6.80,6.80
2007.05.07 06:15:45.527,2.3937,2.3941,2.80,6.80
2007.05.07 06:15:47.293,2.3937,2.39415,2.80,4.00
2007.05.07 06:15:47.600,2.3937,2.3942,6.80,9.50
2007.05.07 06:15:48.090,2.39375,2.3942,4.00,9.50
2007.05.07 06:15:48.350,2.3938,2.3942,4.00,9.50
2007.05.07 06:15:48.845,2.39375,2.3942,4.00,12.30
2007.05.07 06:15:49.614,2.3937,2.3942,6.80,12.30
2007.05.07 06:15:51.215,2.3938,2.3942,2.80,2.80
2007.05.07 06:16:04.111,2.3938,2.3942,2.80,12.30
2007.05.07 06:16:04.426,2.3937,2.3942,2.80,16.30
2007.05.07 06:16:09.177,2.3937,2.3942,2.80,18.70
2007.05.07 06:16:10.911,2.3938,2.3942,5.50,4.00
2007.05.07 06:16:11.294,2.3938,2.3943,5.50,12.80
2007.05.07 06:16:11.689,2.3938,2.3942,5.50,4.00
2007.05.07 06:16:11.997,2.3938,2.3943,5.50,8.80
2007.05.07 06:16:13.009,2.3938,2.3943,9.50,4.80
2007.05.07 06:16:13.325,2.3938,2.3943,9.50,0.80
2007.05.07 06:16:13.536,2.394,2.3944,4.00,11.90
2007.05.07 06:16:13.779,2.394,2.3943,4.00,2.80
2007.05.07 06:16:14.014,2.3939,2.3943,6.80,8.30
2007.05.07 06:16:14.351,2.3939,2.3943,14.70,2.80
2007.05.07 06:16:16.275,2.3939,2.3943,6.80,8.30
2007.05.07 06:16:16.577,2.3939,2.3943,2.80,8.30
2007.05.07 06:16:16.802,2.3939,2.3943,10.70,2.80
2007.05.07 06:16:17.080,2.3939,2.3943,14.70,2.80
2007.05.07 06:16:17.294,2.3939,2.3943,4.00,12.30
2007.05.07 06:16:17.609,2.3938,2.3943,6.80,12.30
2007.05.07 06:16:17.829,2.3939,2.3943,10.70,2.80
2007.05.07 06:16:20.919,2.3939,2.3944,10.70,12.00
2007.05.07 06:16:21.442,2.394,2.3944,5.50,12.00
2007.05.07 06:16:21.665,2.394,2.3944,5.50,4.00
2007.05.07 06:16:22.222,2.39395,2.3944,9.50,4.00
2007.05.07 06:16:24.894,2.3941,2.3945,0.90,3.60
2007.05.07 06:16:25.149,2.3941,2.3945,3.80,2.80
2007.05.07 06:16:27.934,2.39395,2.3944,9.50,4.00
2007.05.07 06:16:30.276,2.3941,2.3944,4.30,4.00
2007.05.07 06:16:30.498,2.39405,2.3945,14.70,2.80
2007.05.07 06:16:33.386,2.39405,2.3943,0.80,2.80
2007.05.07 06:16:33.628,2.3939,2.3943,1.50,2.80
2007.05.07 06:16:35.930,2.3939,2.3944,10.60,12.00
2007.05.07 06:16:36.150,2.39395,2.3944,9.50,8.00
2007.05.07 06:16:36.614,2.39395,2.3944,9.50,4.00
2007.05.07 06:16:37.655,2.3939,2.3944,10.70,8.00
2007.05.07 06:16:37.905,2.39385,2.3943,14.70,2.80
2007.05.07 06:16:41.491,2.39385,2.3944,25.40,10.80
2007.05.07 06:17:09.787,2.3939,2.39425,2.00,4.00
2007.05.07 06:17:10.016,2.3938,2.39425,2.80,4.00
2007.05.07 06:17:10.544,2.3938,2.3942,2.80,4.00
2007.05.07 06:17:10.872,2.3938,2.3943,10.80,1.60
2007.05.07 06:17:11.162,2.3938,2.3943,14.80,1.60
2007.05.07 06:17:12.279,2.39385,2.3943,4.00,1.60
2007.05.07 06:17:13.031,2.3938,2.3943,14.80,1.60
2007.05.07 06:17:13.856,2.3938,2.3943,14.80,9.90
2007.05.07 06:17:14.084,2.3938,2.3943,6.80,9.90
2007.05.07 06:17:19.932,2.3938,2.3943,12.30,1.60
2007.05.07 06:17:20.173,2.3939,2.3943,4.00,1.60
2007.05.07 06:17:20.996,2.394,2.39445,2.80,4.00
2007.05.07 06:17:21.222,2.394,2.3945,6.00,7.10
2007.05.07 06:17:21.461,2.394,2.3944,4.00,7.90
2007.05.07 06:17:21.731,2.3939,2.3944,6.40,10.70
2007.05.07 06:17:21.977,2.3939,2.3943,4.00,1.60
2007.05.07 06:17:22.236,2.3938,2.3943,6.80,1.60
2007.05.07 06:17:22.941,2.394,2.3944,6.80,4.00
2007.05.07 06:17:23.663,2.394,2.3945,6.80,1.60
2007.05.07 06:17:24.985,2.394,2.3943,4.00,1.60
2007.05.07 06:17:25.762,2.3939,2.3943,11.90,1.60
2007.05.07 06:17:26.436,2.3939,2.3943,4.00,1.60
2007.05.07 06:17:27.911,2.394,2.39445,2.80,4.00
2007.05.07 06:17:28.438,2.394,2.3945,6.80,7.10
2007.05.07 06:17:30.164,2.394,2.3945,12.30,1.60
2007.05.07 06:17:31.076,2.3941,2.3945,4.00,1.60
2007.05.07 06:17:32.474,2.3941,2.3945,4.00,7.10
2007.05.07 06:17:32.681,2.394,2.3945,6.80,7.10
2007.05.07 06:17:35.021,2.3942,2.39455,2.80,4.00
2007.05.07 06:17:35.705,2.3942,2.3947,6.80,7.10
2007.05.07 06:17:41.472,2.3942,2.3945,6.80,1.60
2007.05.07 06:17:41.690,2.3942,2.3945,4.00,7.10
2007.05.07 06:17:42.181,2.394,2.3945,6.80,7.10
2007.05.07 06:17:43.385,2.3942,2.3945,2.00,5.50
2007.05.07 06:17:43.634,2.3942,2.3946,6.80,4.40
2007.05.07 06:17:43.886,2.3942,2.3945,4.00,1.60
2007.05.07 06:17:44.182,2.3941,2.3945,12.00,1.60
2007.05.07 06:17:44.746,2.3941,2.3945,4.00,1.60
2007.05.07 06:17:44.845,2.394,2.3945,16.30,1.60
2007.05.07 06:17:52.944,2.3941,2.3947,17.90,9.50
2007.05.07 06:17:59.981,2.3941,2.3947,21.90,8.70
2007.05.07 06:18:00.249,2.3942,2.3947,2.80,7.10
2007.05.07 06:18:03.466,2.3942,2.3945,1.90,1.60
2007.05.07 06:18:03.768,2.3941,2.3945,1.10,1.60
2007.05.07 06:18:08.505,2.3939,2.3945,29.90,7.10
2007.05.07 06:18:08.744,2.394,2.3945,5.70,1.60
2007.05.07 06:18:09.024,2.394,2.3945,16.30,1.60
2007.05.07 06:18:09.440,2.3942,2.3946,3.60,4.00
2007.05.07 06:18:09.716,2.3942,2.3947,10.00,5.50
2007.05.07 06:18:09.938,2.3942,2.3947,4.50,1.60
2007.05.07 06:18:10.155,2.3942,2.3947,13.50,1.60
2007.05.07 06:18:10.413,2.3942,2.3947,0.50,5.60
2007.05.07 06:18:10.900,2.3942,2.3947,3.80,5.60
2007.05.07 06:18:11.914,2.3943,2.3947,13.10,4.00
2007.05.07 06:18:12.188,2.3943,2.3948,17.10,6.40
2007.05.07 06:18:19.529,2.3943,2.3947,6.80,5.50
2007.05.07 06:18:20.633,2.3943,2.3947,2.80,5.50
2007.05.07 06:18:21.076,2.3943,2.3947,6.80,5.50
2007.05.07 06:18:27.444,2.3943,2.3947,4.00,1.60
2007.05.07 06:18:28.473,2.3944,2.3948,4.00,7.10
2007.05.07 06:18:28.938,2.3944,2.3948,0.90,7.10
2007.05.07 06:18:31.017,2.3943,2.3947,6.80,5.50
2007.05.07 06:18:32.283,2.3943,2.3946,4.80,3.20
2007.05.07 06:18:32.544,2.3942,2.3946,4.00,8.70
2007.05.07 06:18:33.561,2.39415,2.3946,4.00,8.70
2007.05.07 06:18:33.972,2.3943,2.3947,2.80,9.50
2007.05.07 06:18:34.346,2.3943,2.3947,2.80,5.50
2007.05.07 06:18:39.943,2.39425,2.3946,4.00,11.50
2007.05.07 06:18:40.191,2.3941,2.3946,10.80,15.50
2007.05.07 06:18:40.698,2.3941,2.3946,2.80,15.50
2007.05.07 06:18:45.473,2.39415,2.3946,4.00,8.70
2007.05.07 06:18:50.347,2.39415,2.3946,4.00,11.50
2007.05.07 06:18:50.620,2.3941,2.3946,2.80,19.50
2007.05.07 06:18:51.113,2.3941,2.3946,2.80,21.10
2007.05.07 06:18:51.349,2.3941,2.3946,2.80,21.90
2007.05.07 06:18:53.569,2.394,2.3944,0.80,5.50
2007.05.07 06:18:56.364,2.39395,2.3944,4.00,11.50
2007.05.07 06:18:56.801,2.3939,2.3944,2.80,15.50
2007.05.07 06:19:00.015,2.3939,2.3943,2.80,4.00
2007.05.07 06:19:02.569,2.3939,2.3943,2.80,6.40
2007.05.07 06:19:07.010,2.3939,2.3943,2.80,4.00
2007.05.07 06:19:07.428,2.3939,2.3944,2.80,15.50
2007.05.07 06:19:15.681,2.3939,2.3943,2.80,2.80
2007.05.07 06:19:17.657,2.3939,2.39435,2.80,4.00
2007.05.07 06:19:19.018,2.39385,2.3942,4.00,5.50
2007.05.07 06:19:19.394,2.39385,2.3942,4.00,11.50
2007.05.07 06:19:19.639,2.3938,2.3942,4.00,15.50
2007.05.07 06:19:19.941,2.3939,2.3942,0.80,11.50
2007.05.07 06:19:20.290,2.3939,2.3942,2.80,4.00
2007.05.07 06:19:20.649,2.3939,2.3943,2.80,5.50
2007.05.07 06:19:22.332,2.3939,2.3943,1.60,5.50
2007.05.07 06:19:24.947,2.3937,2.3942,20.40,5.50
2007.05.07 06:19:25.263,2.3937,2.3942,18.80,11.50
2007.05.07 06:19:25.579,2.39365,2.3942,6.80,15.50
2007.05.07 06:19:26.426,2.3937,2.3942,10.80,8.70
2007.05.07 06:19:26.778,2.3937,2.3942,10.80,8.70
2007.05.07 06:19:27.267,2.3938,2.3942,0.60,11.50
2007.05.07 06:19:27.899,2.3937,2.3942,10.80,15.50
2007.05.07 06:19:29.021,2.39365,2.3942,6.80,19.50
2007.05.07 06:19:36.670,2.3937,2.3942,10.80,15.50
2007.05.07 06:19:37.061,2.3937,2.3941,10.80,3.20
2007.05.07 06:19:38.709,2.3937,2.3941,1.00,3.20
2007.05.07 06:19:45.901,2.39365,2.3941,6.80,3.20
2007.05.07 06:19:46.584,2.3938,2.3941,10.80,3.20
2007.05.07 06:19:47.970,2.3937,2.3941,0.80,3.20
2007.05.07 06:19:55.593,2.3938,2.3941,4.00,3.20
2007.05.07 06:19:57.115,2.3937,2.3941,2.80,3.20
2007.05.07 06:20:00.537,2.39365,2.3941,6.80,3.20
2007.05.07 06:20:03.761,2.3936,2.3941,25.10,3.20
2007.05.07 06:20:05.921,2.3936,2.3941,21.10,7.20
2007.05.07 06:20:06.706,2.3938,2.3941,9.10,4.00
2007.05.07 06:20:07.011,2.3939,2.3943,1.20,11.60
2007.05.07 06:20:07.257,2.3937,2.3943,25.90,16.40
2007.05.07 06:20:07.543,2.3938,2.3943,11.10,12.40
2007.05.07 06:20:09.461,2.3937,2.3943,21.90,12.40
2007.05.07 06:20:11.486,2.3937,2.3941,15.60,3.20
2007.05.07 06:20:11.691,2.3938,2.3941,2.30,3.20
2007.05.07 06:20:12.196,2.3936,2.3941,29.90,3.20
2007.05.07 06:20:14.326,2.39365,2.3941,6.80,3.20
2007.05.07 06:20:14.659,2.39365,2.3942,6.80,15.50
2007.05.07 06:20:22.355,2.39365,2.3941,1.90,5.50
2007.05.07 06:20:22.671,2.3937,2.3942,0.80,12.30
2007.05.07 06:20:22.886,2.3937,2.3942,4.80,5.50
2007.05.07 06:20:23.889,2.39375,2.39425,0.90,4.00
2007.05.07 06:20:25.498,2.39375,2.3942,1.30,5.50
2007.05.07 06:20:25.780,2.3937,2.3942,8.80,5.50
2007.05.07 06:20:26.195,2.3937,2.3942,4.80,5.50
2007.05.07 06:20:27.032,2.3937,2.3942,4.80,5.50
2007.05.07 06:20:27.271,2.3937,2.3942,4.80,5.50
2007.05.07 06:20:27.851,2.39375,2.39425,4.00,4.00
2007.05.07 06:20:42.406,2.3938,2.3943,4.00,11.50
2007.05.07 06:20:42.814,2.39375,2.39425,4.00,4.00
2007.05.07 06:20:45.623,2.39385,2.3943,4.00,11.50
2007.05.07 06:20:46.823,2.39385,2.3943,4.00,10.70
2007.05.07 06:20:47.127,2.3938,2.3943,4.00,10.70
2007.05.07 06:20:47.651,2.39385,2.3943,4.00,10.70
2007.05.07 06:20:48.477,2.3939,2.3943,4.00,10.70
2007.05.07 06:20:48.690,2.394,2.3943,4.00,10.70
2007.05.07 06:20:50.715,2.39405,2.3943,4.00,10.70
2007.05.07 06:21:02.667,2.394,2.3943,4.00,7.90
2007.05.07 06:21:02.922,2.394,2.3943,4.00,2.40
2007.05.07 06:21:14.671,2.394,2.3941,4.00,2.40
2007.05.07 06:21:15.327,2.39415,2.3942,4.00,5.50
2007.05.07 06:21:15.860,2.3941,2.3942,4.00,5.50
2007.05.07 06:21:18.414,2.3941,2.3943,4.00,7.90
2007.05.07 06:21:19.043,2.3939,2.3943,4.00,7.90
2007.05.07 06:21:19.442,2.3939,2.3942,4.00,5.50
2007.05.07 06:21:19.666,2.3938,2.3942,4.00,5.50
2007.05.07 06:21:21.281,2.39375,2.3942,4.00,5.50
2007.05.07 06:21:23.234,2.39395,2.3942,4.00,5.50
2007.05.07 06:21:23.935,2.39395,2.3944,4.00,6.30
2007.05.07 06:21:24.485,2.3939,2.3944,0.80,10.30
2007.05.07 06:21:26.969,2.3938,2.3943,5.50,9.20
2007.05.07 06:21:27.601,2.3938,2.3943,9.50,5.20
2007.05.07 06:21:27.827,2.3938,2.3943,5.50,13.20
2007.05.07 06:21:29.344,2.39375,2.3942,4.00,10.70
2007.05.07 06:21:29.627,2.3937,2.3942,9.20,18.70
2007.05.07 06:21:29.873,2.3937,2.3942,2.80,18.70
2007.05.07 06:21:30.437,2.3938,2.3942,5.50,4.00
2007.05.07 06:21:32.152,2.3938,2.39425,5.50,4.00
2007.05.07 06:21:32.722,2.39385,2.3943,4.00,2.40
2007.05.07 06:21:33.759,2.3938,2.39425,5.50,4.00
2007.05.07 06:21:34.062,2.39375,2.39425,9.50,4.00
2007.05.07 06:21:34.796,2.39385,2.3943,2.00,2.40
2007.05.07 06:21:36.362,2.3939,2.39435,9.10,4.00
2007.05.07 06:21:36.723,2.39395,2.39445,4.00,4.00
2007.05.07 06:21:56.392,2.39395,2.3943,4.00,5.20
2007.05.07 06:21:56.611,2.3938,2.39425,5.50,4.00
2007.05.07 06:22:01.434,2.3939,2.39425,2.80,4.00
2007.05.07 06:22:01.912,2.3938,2.3942,2.80,5.20
2007.05.07 06:22:02.123,2.39385,2.3942,4.00,5.20
2007.05.07 06:22:03.463,2.3938,2.3942,6.00,5.20
2007.05.07 06:22:04.267,2.3938,2.3942,11.50,5.20
2007.05.07 06:22:04.541,2.3939,2.3943,2.80,9.20
2007.05.07 06:22:04.772,2.3939,2.3943,2.80,5.20
2007.05.07 06:22:20.428,2.39385,2.3943,4.00,5.20
2007.05.07 06:22:21.293,2.3938,2.39425,5.50,4.00
2007.05.07 06:22:24.493,2.3938,2.39425,9.10,4.00
2007.05.07 06:22:25.885,2.3938,2.3943,13.10,2.80
2007.05.07 06:22:26.697,2.39405,2.3943,4.00,2.80
2007.05.07 06:22:27.130,2.39385,2.3943,4.00,2.80
2007.05.07 06:22:27.679,2.3938,2.3943,13.10,2.80
2007.05.07 06:22:31.775,2.39385,2.3944,4.00,6.40
2007.05.07 06:22:32.019,2.3939,2.3944,4.00,2.40
2007.05.07 06:22:33.017,2.3939,2.3944,9.50,2.40
2007.05.07 06:22:33.349,2.3939,2.3944,13.50,2.40
2007.05.07 06:22:33.576,2.39395,2.3944,4.00,2.40
2007.05.07 06:22:36.545,2.39395,2.3943,4.00,2.40
2007.05.07 06:22:36.767,2.3939,2.3943,5.50,2.40
2007.05.07 06:22:43.918,2.394,2.3944,2.80,4.00
2007.05.07 06:22:44.188,2.39405,2.3945,4.00,7.90
2007.05.07 06:22:47.677,2.39405,2.3945,1.20,7.90
2007.05.07 06:22:51.556,2.39405,2.3945,6.80,5.50
2007.05.07 06:23:06.550,2.39405,2.3945,1.40,6.30
2007.05.07 06:23:07.035,2.3939,2.3945,17.90,6.30
2007.05.07 06:23:12.941,2.394,2.3944,1.50,5.20
2007.05.07 06:23:13.158,2.394,2.3944,0.90,5.20
2007.05.07 06:23:13.687,2.394,2.3944,1.70,9.20
2007.05.07 06:23:14.907,2.394,2.3944,1.70,7.60
2007.05.07 06:23:23.846,2.394,2.3944,5.20,4.00
2007.05.07 06:23:24.083,2.394,2.3944,9.20,4.00
2007.05.07 06:23:24.577,2.394,2.3945,9.20,6.30
2007.05.07 06:23:29.672,2.394,2.3945,5.20,10.30
2007.05.07 06:23:29.878,2.39395,2.3945,9.20,10.30
2007.05.07 06:23:29.899,2.394,2.3945,3.40,6.30
2007.05.07 06:23:58.365,2.3942,2.39455,0.60,4.00
2007.05.07 06:23:58.630,2.3941,2.3946,12.30,7.60
2007.05.07 06:24:09.462,2.394,2.3945,9.20,6.30
2007.05.07 06:24:10.630,2.394,2.3945,5.20,10.30
2007.05.07 06:24:10.987,2.3942,2.3946,2.80,7.60
2007.05.07 06:24:11.767,2.3942,2.3946,2.80,3.60
2007.05.07 06:24:12.129,2.3942,2.39455,2.80,4.00
2007.05.07 06:24:12.387,2.3942,2.3946,2.80,3.60
2007.05.07 06:24:14.403,2.3942,2.3946,2.80,7.60
2007.05.07 06:24:16.473,2.3942,2.3945,2.80,10.30
2007.05.07 06:24:16.741,2.3942,2.3945,0.80,10.30
2007.05.07 06:24:16.943,2.394,2.3944,4.40,4.00
2007.05.07 06:24:17.449,2.394,2.3945,8.40,10.30
2007.05.07 06:24:26.120,2.3941,2.3945,1.60,10.30
2007.05.07 06:24:26.374,2.3942,2.3945,2.80,4.00
2007.05.07 06:24:26.628,2.3942,2.3946,2.80,11.60
2007.05.07 06:24:28.429,2.3942,2.3947,2.80,24.30
2007.05.07 06:24:36.806,2.3941,2.3946,12.30,11.60
2007.05.07 06:24:37.311,2.3941,2.3945,8.30,0.50
2007.05.07 06:24:43.709,2.3941,2.39455,9.10,6.80
2007.05.07 06:24:43.916,2.3941,2.3945,10.70,0.60
2007.05.07 06:24:50.750,2.3941,2.39455,2.40,7.60
2007.05.07 06:24:54.773,2.3941,2.3944,2.40,0.90
2007.05.07 06:24:56.644,2.39415,2.3944,4.00,9.10
2007.05.07 06:24:58.353,2.3942,2.3944,2.40,8.30
2007.05.07 06:24:58.599,2.3942,2.3946,9.20,4.00
2007.05.07 06:24:58.835,2.3942,2.3947,5.20,13.10
2007.05.07 06:24:59.047,2.3942,2.39465,5.20,4.00
2007.05.07 06:24:59.312,2.39415,2.3946,4.00,6.30
2007.05.07 06:25:00.032,2.3941,2.3946,8.80,10.30
2007.05.07 06:25:00.263,2.3942,2.3946,4.00,6.30
2007.05.07 06:25:00.973,2.3941,2.3946,4.80,10.30
2007.05.07 06:25:02.551,2.39415,2.3946,4.00,6.30
2007.05.07 06:25:02.763,2.3941,2.3946,4.80,10.30
2007.05.07 06:25:07.417,2.3941,2.3946,8.80,6.30
2007.05.07 06:25:07.792,2.3942,2.3946,2.40,0.80
2007.05.07 06:25:08.375,2.3942,2.3946,2.40,4.80
2007.05.07 06:25:10.158,2.3942,2.39455,2.40,4.00
2007.05.07 06:25:10.611,2.3941,2.39455,10.30,4.00
2007.05.07 06:25:16.988,2.3941,2.39455,9.50,4.00
2007.05.07 06:25:31.304,2.39405,2.39455,8.00,4.00
2007.05.07 06:25:36.593,2.39405,2.3946,8.00,10.30
2007.05.07 06:25:36.884,2.3941,2.3946,9.50,4.80
2007.05.07 06:25:37.609,2.3941,2.39455,9.50,4.00
2007.05.07 06:25:41.224,2.3942,2.39455,4.40,4.00
2007.05.07 06:25:41.560,2.3942,2.39465,9.90,4.00
2007.05.07 06:26:17.013,2.3942,2.3947,9.90,9.20
2007.05.07 06:26:18.110,2.3942,2.39465,9.90,4.00
2007.05.07 06:26:40.346,2.3942,2.39465,11.50,4.00
2007.05.07 06:27:03.434,2.3944,2.3947,3.20,5.20
2007.05.07 06:27:03.809,2.3944,2.3947,3.20,1.60
2007.05.07 06:27:04.055,2.3944,2.39475,3.20,4.00
2007.05.07 06:27:04.995,2.3944,2.39475,11.50,4.00
2007.05.07 06:27:05.617,2.3944,2.39485,11.50,4.00
2007.05.07 06:27:08.383,2.3944,2.39485,9.50,4.00
2007.05.07 06:27:08.393,2.3944,2.39485,1.10,4.00
2007.05.07 06:27:08.665,2.3943,2.39475,8.70,4.00
2007.05.07 06:27:21.599,2.3944,2.3948,1.20,0.80
2007.05.07 06:27:21.907,2.39435,2.39485,15.50,4.00
2007.05.07 06:27:32.618,2.39435,2.3948,12.30,2.80
2007.05.07 06:27:36.623,2.3944,2.3948,8.30,6.80
2007.05.07 06:27:40.450,2.3943,2.3948,12.30,6.80
2007.05.07 06:27:43.700,2.3944,2.3948,3.20,2.80
2007.05.07 06:27:48.621,2.3942,2.3948,19.50,10.70
2007.05.07 06:27:48.845,2.3942,2.3948,18.70,14.70
2007.05.07 06:27:49.146,2.3942,2.3948,23.50,13.90
2007.05.07 06:27:49.387,2.3942,2.3948,23.50,14.70
2007.05.07 06:27:49.608,2.39425,2.3948,9.20,18.70
2007.05.07 06:27:57.373,2.3944,2.3948,1.50,12.30
2007.05.07 06:27:57.675,2.39445,2.39495,6.80,4.00
2007.05.07 06:27:58.123,2.39455,2.395,12.30,2.80
2007.05.07 06:28:00.021,2.3945,2.395,1.30,10.70
2007.05.07 06:28:00.295,2.3945,2.395,6.40,10.70
2007.05.07 06:28:00.557,2.3945,2.395,9.20,8.30
2007.05.07 06:28:00.817,2.39445,2.395,9.20,12.30
2007.05.07 06:28:03.972,2.39445,2.395,9.20,14.70
2007.05.07 06:28:04.903,2.39445,2.395,7.60,14.70
2007.05.07 06:28:05.120,2.3944,2.395,12.30,17.10
2007.05.07 06:28:05.403,2.3944,2.39495,6.50,4.00
2007.05.07 06:28:06.864,2.39435,2.3949,12.30,4.00
2007.05.07 06:28:08.027,2.3944,2.395,17.10,17.10
2007.05.07 06:28:08.690,2.3945,2.395,0.50,14.70
2007.05.07 06:28:09.207,2.3945,2.39495,0.60,4.00
2007.05.07 06:28:09.617,2.3945,2.3949,0.50,2.80
2007.05.07 06:28:12.408,2.39445,2.39495,6.80,4.00
2007.05.07 06:28:18.664,2.39455,2.395,1.70,8.30
2007.05.07 06:28:20.217,2.39445,2.39495,6.80,4.00
2007.05.07 06:28:35.893,2.39445,2.3949,4.00,5.50
2007.05.07 06:28:36.103,2.39445,2.3949,4.00,6.30
2007.05.07 06:28:36.900,2.39435,2.3948,4.00,8.30
2007.05.07 06:28:37.408,2.3944,2.39485,4.00,4.00
2007.05.07 06:28:39.918,2.3943,2.39475,5.20,4.00
2007.05.07 06:28:45.641,2.3943,2.39475,14.70,4.00
2007.05.07 06:28:46.941,2.3943,2.39485,18.70,4.00
2007.05.07 06:28:47.068,2.3943,2.39485,9.50,4.00
2007.05.07 06:28:48.183,2.39425,2.3948,18.70,4.00
2007.05.07 06:28:48.469,2.39425,2.3948,17.90,4.00
2007.05.07 06:28:48.682,2.3942,2.39485,37.00,4.00
2007.05.07 06:28:50.202,2.3942,2.39485,37.00,4.00
2007.05.07 06:28:50.506,2.3943,2.3948,1.20,4.00
2007.05.07 06:28:50.987,2.3943,2.39485,5.60,4.00
2007.05.07 06:28:51.931,2.3942,2.39475,32.60,4.00
2007.05.07 06:28:56.023,2.3942,2.39485,32.20,4.00
2007.05.07 06:28:57.306,2.3944,2.39485,1.70,4.00
2007.05.07 06:28:57.887,2.3944,2.39485,8.70,4.00
2007.05.07 06:28:58.160,2.3944,2.3949,12.70,9.20
2007.05.07 06:28:58.406,2.3944,2.3949,12.70,4.00
2007.05.07 06:28:58.711,2.3944,2.395,16.70,6.30
2007.05.07 06:28:58.926,2.3945,2.39495,1.80,4.00
2007.05.07 06:29:06.921,2.3943,2.3949,19.50,2.80
2007.05.07 06:29:07.155,2.3943,2.39485,19.50,4.00
2007.05.07 06:29:07.870,2.3943,2.3949,19.50,2.80
2007.05.07 06:29:15.013,2.3943,2.39485,19.50,4.00
2007.05.07 06:29:15.746,2.3943,2.3949,19.50,2.80
2007.05.07 06:29:20.347,2.3944,2.3949,13.50,2.80
2007.05.07 06:29:20.560,2.3944,2.3949,15.50,2.80
2007.05.07 06:29:22.868,2.3944,2.395,32.20,5.20
2007.05.07 06:29:23.431,2.3945,2.395,2.40,13.10
2007.05.07 06:29:23.725,2.3943,2.39485,6.90,4.00
2007.05.07 06:29:23.945,2.3943,2.39495,27.50,4.00
2007.05.07 06:29:25.283,2.3944,2.39495,0.70,0.80
2007.05.07 06:29:27.247,2.3944,2.3949,0.70,0.50
2007.05.07 06:29:29.517,2.3943,2.3949,19.50,6.80
2007.05.07 06:29:30.036,2.3943,2.39495,19.50,6.80
2007.05.07 06:29:33.673,2.3944,2.39485,0.90,0.90
2007.05.07 06:29:37.899,2.3944,2.3949,5.50,0.70
2007.05.07 06:29:38.171,2.3944,2.395,5.50,18.70
2007.05.07 06:29:38.404,2.3944,2.395,5.50,18.70
2007.05.07 06:29:46.822,2.3944,2.39475,5.50,0.70
2007.05.07 06:29:48.607,2.3944,2.395,5.50,17.90
2007.05.07 06:29:48.832,2.3944,2.39485,5.50,0.50
2007.05.07 06:29:52.520,2.3944,2.39475,5.50,0.50
2007.05.07 06:29:54.677,2.39445,2.3949,4.00,5.20
2007.05.07 06:29:54.906,2.3945,2.3949,6.00,5.20
2007.05.07 06:29:55.110,2.3945,2.3949,6.00,2.80
2007.05.07 06:29:55.537,2.3945,2.39485,6.00,4.00
2007.05.07 06:29:56.507,2.3945,2.3949,6.00,2.80
2007.05.07 06:29:57.056,2.3945,2.3949,2.00,2.80
2007.05.07 06:29:57.350,2.3944,2.3949,9.50,2.80
2007.05.07 06:29:58.060,2.3944,2.3949,9.50,3.60
2007.05.07 06:29:58.432,2.3944,2.3949,9.50,5.20
2007.05.07 06:29:58.773,2.3944,2.3948,5.50,4.00
2007.05.07 06:29:59.810,2.3944,2.39485,5.50,4.00
2007.05.07 06:30:02.697,2.3944,2.39475,5.50,4.00
2007.05.07 06:30:24.100,2.3944,2.3948,5.50,4.00
2007.05.07 06:30:24.593,2.3944,2.39475,5.50,4.00
2007.05.07 06:31:04.186,2.3944,2.3947,5.50,4.00
2007.05.07 06:31:04.687,2.3944,2.39475,5.50,4.00
2007.05.07 06:31:05.403,2.3944,2.3947,5.50,2.40
2007.05.07 06:31:05.727,2.3943,2.3947,2.80,2.40
2007.05.07 06:31:05.987,2.3942,2.39455,5.50,4.00
2007.05.07 06:31:06.838,2.3942,2.39455,8.70,4.00
2007.05.07 06:31:07.354,2.3942,2.39465,8.70,4.00
2007.05.07 06:31:09.646,2.3942,2.39475,12.70,4.00
2007.05.07 06:31:11.471,2.3942,2.3947,9.50,5.20
2007.05.07 06:31:12.075,2.3942,2.39455,5.50,4.00
2007.05.07 06:31:18.273,2.3942,2.39455,7.90,4.00
2007.05.07 06:31:18.582,2.3943,2.39465,2.80,4.00
2007.05.07 06:31:18.785,2.3944,2.39465,5.50,4.00
2007.05.07 06:31:19.101,2.3944,2.3947,5.50,1.60
2007.05.07 06:31:19.351,2.3944,2.3947,5.50,2.40
2007.05.07 06:31:20.391,2.3942,2.3947,11.90,2.40
2007.05.07 06:31:20.635,2.3942,2.39465,7.90,4.00
2007.05.07 06:31:22.427,2.3942,2.39465,2.40,4.00
2007.05.07 06:31:22.666,2.3942,2.3946,2.40,4.00
2007.05.07 06:31:29.023,2.3942,2.3947,2.40,9.50
2007.05.07 06:31:29.140,2.39415,2.3947,6.40,9.50
2007.05.07 06:31:29.489,2.39415,2.3947,6.40,4.00
2007.05.07 06:31:29.702,2.3942,2.39475,6.40,4.00
2007.05.07 06:31:30.831,2.39425,2.3948,2.10,12.70
2007.05.07 06:31:41.809,2.3942,2.3948,9.60,7.10
2007.05.07 06:31:42.096,2.3942,2.3948,5.60,6.30
2007.05.07 06:31:42.311,2.39425,2.39475,1.20,4.00
2007.05.07 06:31:43.150,2.3943,2.3948,1.40,6.30
2007.05.07 06:31:43.368,2.3943,2.3948,5.60,6.30
2007.05.07 06:31:43.880,2.3943,2.3948,10.40,0.80
2007.05.07 06:31:45.364,2.39435,2.3948,2.20,0.80
2007.05.07 06:31:47.618,2.39445,2.3948,2.30,0.80
2007.05.07 06:31:56.406,2.39435,2.3948,1.40,0.80
2007.05.07 06:32:17.607,2.39435,2.3949,4.00,4.80
2007.05.07 06:32:17.854,2.3944,2.3949,4.00,0.80
2007.05.07 06:32:18.067,2.39445,2.3949,4.00,0.80
2007.05.07 06:32:22.370,2.39445,2.395,4.00,4.80
2007.05.07 06:32:26.441,2.39435,2.395,4.00,18.20
2007.05.07 06:32:32.040,2.39435,2.3949,4.00,10.30
2007.05.07 06:32:32.355,2.3943,2.3947,4.00,0.80
2007.05.07 06:32:33.099,2.3945,2.3948,2.80,0.60
2007.05.07 06:32:33.597,2.3945,2.3949,6.80,0.80
2007.05.07 06:32:33.878,2.3947,2.3952,4.00,25.00
2007.05.07 06:32:34.104,2.3947,2.3952,6.80,8.80
2007.05.07 06:32:34.542,2.3947,2.39525,6.80,4.80
2007.05.07 06:32:35.797,2.3947,2.395,2.00,0.80
2007.05.07 06:32:36.035,2.3947,2.3951,4.00,6.30
2007.05.07 06:32:36.346,2.3947,2.3951,4.00,6.30
2007.05.07 06:32:36.645,2.3945,2.3949,6.80,0.80
2007.05.07 06:32:45.895,2.3945,2.395,4.00,0.90
2007.05.07 06:32:46.116,2.39435,2.3949,4.00,10.30
2007.05.07 06:32:47.501,2.39445,2.3949,4.00,0.60
2007.05.07 06:32:47.932,2.39435,2.3948,4.00,0.80
2007.05.07 06:32:57.212,2.39435,2.3949,4.00,11.90
2007.05.07 06:32:57.429,2.3944,2.3948,2.80,2.00
2007.05.07 06:32:57.756,2.39445,2.3947,4.00,2.40
2007.05.07 06:32:58.011,2.39445,2.3947,4.00,7.90
2007.05.07 06:32:58.232,2.3943,2.3947,8.00,7.90
2007.05.07 06:32:58.584,2.3943,2.3947,4.00,7.90
2007.05.07 06:32:58.793,2.3942,2.3947,6.80,7.90
2007.05.07 06:33:05.744,2.3942,2.39475,16.30,4.00
2007.05.07 06:33:11.410,2.3942,2.39465,2.80,4.00
2007.05.07 06:33:11.937,2.3941,2.39465,8.00,4.00
2007.05.07 06:33:12.319,2.3941,2.39465,4.00,4.00
2007.05.07 06:33:12.794,2.3941,2.3946,4.00,2.80
2007.05.07 06:33:13.160,2.3941,2.3944,4.00,2.00
2007.05.07 06:33:13.363,2.394,2.3944,6.80,2.00
2007.05.07 06:33:14.692,2.394,2.3944,2.80,2.00
2007.05.07 06:33:15.166,2.394,2.3944,1.60,2.00
2007.05.07 06:33:18.363,2.39395,2.3944,1.80,2.00
2007.05.07 06:33:18.587,2.39385,2.3944,7.20,6.80
2007.05.07 06:33:19.300,2.3938,2.3942,6.80,2.00
2007.05.07 06:33:19.530,2.39385,2.3943,0.50,0.80
2007.05.07 06:33:19.929,2.39375,2.3943,7.20,4.00
2007.05.07 06:33:21.037,2.3939,2.3944,0.60,6.70
2007.05.07 06:33:21.906,2.3938,2.3942,1.20,2.00
2007.05.07 06:33:26.338,2.3936,2.3942,28.20,2.00
2007.05.07 06:33:34.616,2.3938,2.3942,1.70,2.00
2007.05.07 06:33:35.029,2.3936,2.3942,28.20,2.00
2007.05.07 06:33:38.866,2.3937,2.39425,15.50,4.00
2007.05.07 06:33:39.338,2.3937,2.3943,19.50,4.70
2007.05.07 06:33:39.677,2.3938,2.3943,1.70,0.70
2007.05.07 06:33:40.908,2.3938,2.3942,3.50,2.00
2007.05.07 06:33:41.458,2.3937,2.3942,15.50,2.00
2007.05.07 06:33:41.711,2.3936,2.3942,28.20,2.00
2007.05.07 06:33:41.931,2.3939,2.3943,0.50,4.00
2007.05.07 06:33:42.712,2.3938,2.3944,28.20,2.80
2007.05.07 06:33:42.925,2.3938,2.3943,7.20,0.70
2007.05.07 06:33:43.406,2.3937,2.3942,15.50,2.00
2007.05.07 06:33:43.907,2.3938,2.39425,3.20,4.00
2007.05.07 06:33:44.265,2.3938,2.3943,7.20,4.70
2007.05.07 06:33:44.557,2.3938,2.3943,7.20,0.70
2007.05.07 06:33:45.259,2.3938,2.3943,7.20,0.80
2007.05.07 06:33:47.444,2.3939,2.3943,2.80,0.80
2007.05.07 06:33:47.820,2.3939,2.3944,15.50,2.00
2007.05.07 06:33:48.338,2.394,2.3944,2.80,2.00
2007.05.07 06:33:48.885,2.39395,2.3942,4.00,2.00
2007.05.07 06:33:49.105,2.3938,2.3942,2.80,2.00
2007.05.07 06:33:49.390,2.39395,2.3942,4.00,2.00
2007.05.07 06:33:49.920,2.39395,2.3944,4.00,2.80
2007.05.07 06:33:50.427,2.3939,2.3944,3.20,6.80
2007.05.07 06:33:54.462,2.394,2.3944,2.80,6.80
2007.05.07 06:33:54.665,2.394,2.3944,2.80,2.00
2007.05.07 06:34:00.358,2.39395,2.3942,4.00,2.00
2007.05.07 06:34:00.671,2.3938,2.3942,2.80,2.00
2007.05.07 06:34:00.986,2.3939,2.3942,3.20,2.00
2007.05.07 06:34:01.383,2.3939,2.3944,3.20,6.80
2007.05.07 06:34:01.639,2.3939,2.3943,3.20,4.00
2007.05.07 06:34:02.095,2.3939,2.3944,3.20,6.80
2007.05.07 06:34:02.306,2.39385,2.3943,4.00,0.80
2007.05.07 06:34:02.910,2.3938,2.3943,7.20,0.80
2007.05.07 06:34:03.918,2.3939,2.3943,2.80,0.80
2007.05.07 06:34:04.419,2.3939,2.39435,11.50,4.00
2007.05.07 06:34:04.625,2.3939,2.3944,15.50,2.00
2007.05.07 06:34:04.922,2.3939,2.39445,15.50,6.00
2007.05.07 06:34:29.420,2.3939,2.39445,12.30,6.00
2007.05.07 06:34:29.686,2.3939,2.3944,4.00,2.80
2007.05.07 06:34:29.975,2.3938,2.3943,7.20,0.80
2007.05.07 06:34:31.977,2.3939,2.3944,11.50,0.80
2007.05.07 06:34:32.212,2.3939,2.3944,15.50,2.00
2007.05.07 06:34:32.887,2.394,2.3944,2.80,2.00
2007.05.07 06:34:43.340,2.3941,2.3945,2.80,6.80
2007.05.07 06:34:43.701,2.3941,2.3945,2.80,2.80
2007.05.07 06:34:44.987,2.3941,2.39455,2.80,4.00
2007.05.07 06:34:45.270,2.3941,2.3946,2.80,10.80
2007.05.07 06:34:49.824,2.3942,2.3946,9.50,10.80
2007.05.07 06:34:50.045,2.3944,2.3946,0.80,2.00
2007.05.07 06:34:50.255,2.3942,2.3944,6.30,4.00
2007.05.07 06:34:50.561,2.3944,2.3946,2.00,4.00
2007.05.07 06:34:50.820,2.3941,2.3944,5.50,4.00
2007.05.07 06:34:51.215,2.394,2.3944,6.00,4.00
2007.05.07 06:34:51.466,2.394,2.3944,2.00,4.00
2007.05.07 06:34:51.739,2.3939,2.3943,5.50,4.00
2007.05.07 06:34:52.368,2.394,2.3943,4.00,4.00
2007.05.07 06:34:52.763,2.394,2.39415,4.00,4.00
2007.05.07 06:34:52.999,2.3939,2.39415,5.50,4.00
2007.05.07 06:34:53.718,2.3939,2.39435,5.50,4.00
2007.05.07 06:34:56.251,2.3939,2.39435,0.70,4.00
2007.05.07 06:34:58.908,2.3938,2.39435,8.20,4.00
2007.05.07 06:34:59.140,2.3937,2.39435,25.90,4.00
2007.05.07 06:34:59.874,2.39375,2.3943,12.00,4.00
2007.05.07 06:35:02.340,2.394,2.3943,10.30,4.00
2007.05.07 06:35:04.001,2.3941,2.3945,0.80,4.00
2007.05.07 06:35:08.430,2.39395,2.3944,0.60,2.80
2007.05.07 06:35:08.645,2.3939,2.3943,1.80,4.00
2007.05.07 06:35:09.111,2.3938,2.3943,14.70,4.00
2007.05.07 06:35:09.367,2.3938,2.3943,14.70,4.00
2007.05.07 06:35:09.861,2.394,2.3943,0.60,4.00
2007.05.07 06:35:10.140,2.394,2.39435,1.10,4.00
2007.05.07 06:35:10.390,2.3939,2.39435,8.40,4.00
2007.05.07 06:35:10.723,2.394,2.39445,0.80,4.00
2007.05.07 06:35:10.936,2.3942,2.39445,0.80,4.00
2007.05.07 06:35:11.924,2.3939,2.39435,3.60,4.00
2007.05.07 06:35:12.744,2.394,2.39435,3.10,4.00
2007.05.07 06:35:13.004,2.3942,2.39435,0.80,4.00
2007.05.07 06:35:13.215,2.3942,2.3945,0.80,6.00
2007.05.07 06:35:13.427,2.394,2.39435,0.70,4.00
2007.05.07 06:35:16.472,2.3939,2.39435,7.60,4.00
2007.05.07 06:35:17.040,2.394,2.39445,13.10,4.00
2007.05.07 06:35:17.322,2.394,2.39455,17.10,4.00
2007.05.07 06:35:17.680,2.394,2.39455,25.10,4.00
2007.05.07 06:35:17.953,2.3939,2.3944,19.60,0.80
2007.05.07 06:35:18.226,2.3939,2.3944,14.80,2.40
2007.05.07 06:35:18.497,2.3938,2.39435,25.10,4.00
2007.05.07 06:35:18.739,2.3938,2.39435,25.10,4.00
2007.05.07 06:35:19.376,2.3939,2.39435,7.60,4.00
2007.05.07 06:35:19.631,2.394,2.39445,2.60,4.00
2007.05.07 06:35:22.695,2.394,2.39455,17.10,4.00
2007.05.07 06:35:22.926,2.394,2.39455,0.50,4.00
2007.05.07 06:35:23.468,2.394,2.3944,13.10,2.00
2007.05.07 06:35:23.678,2.394,2.3944,6.80,0.80
2007.05.07 06:35:23.951,2.394,2.3945,10.80,4.80
2007.05.07 06:35:24.425,2.394,2.39445,6.80,4.00
2007.05.07 06:35:24.723,2.3942,2.39445,2.80,4.00
2007.05.07 06:35:25.185,2.3942,2.39455,2.80,4.00
2007.05.07 06:35:25.741,2.3942,2.3944,0.80,2.00
2007.05.07 06:35:25.991,2.394,2.39435,10.80,4.00
2007.05.07 06:35:26.527,2.394,2.39435,2.80,4.00
2007.05.07 06:35:29.932,2.3938,2.39425,6.80,4.00
2007.05.07 06:35:35.403,2.3938,2.3942,2.80,2.80
2007.05.07 06:35:35.743,2.3938,2.39415,2.80,4.00
2007.05.07 06:35:35.956,2.3938,2.39415,6.80,4.00
2007.05.07 06:35:36.171,2.3938,2.3942,6.80,4.00
2007.05.07 06:35:36.849,2.3938,2.39425,6.80,4.00
2007.05.07 06:35:38.209,2.3938,2.3943,10.80,2.40
2007.05.07 06:35:38.723,2.3938,2.39425,6.80,4.00
2007.05.07 06:35:40.340,2.3938,2.39415,2.80,4.00
2007.05.07 06:35:42.483,2.3938,2.39405,2.80,4.00
2007.05.07 06:35:42.922,2.3937,2.39405,2.80,4.00
2007.05.07 06:35:43.458,2.3938,2.39415,2.80,4.00
2007.05.07 06:35:43.856,2.3938,2.394,2.00,0.80
2007.05.07 06:35:44.093,2.3936,2.394,6.80,2.80
2007.05.07 06:35:44.876,2.3938,2.394,2.80,4.00
2007.05.07 06:35:45.137,2.3938,2.39395,2.80,4.00
2007.05.07 06:35:46.328,2.3936,2.394,7.60,2.80
2007.05.07 06:35:46.557,2.3936,2.39395,2.80,4.00
2007.05.07 06:35:49.455,2.3934,2.3939,10.80,0.80
2007.05.07 06:35:49.680,2.3934,2.39385,6.80,4.00
2007.05.07 06:35:49.985,2.3934,2.39385,4.00,4.00
2007.05.07 06:35:50.214,2.3936,2.39385,2.00,4.00
2007.05.07 06:35:50.453,2.3936,2.39385,2.80,4.00
2007.05.07 06:35:50.663,2.3936,2.394,2.80,10.80
2007.05.07 06:35:51.006,2.3936,2.39395,2.80,4.00
2007.05.07 06:35:51.899,2.3933,2.39385,12.80,4.00
2007.05.07 06:35:52.115,2.3933,2.39385,8.80,4.00
2007.05.07 06:35:52.577,2.3933,2.3938,4.80,4.00
2007.05.07 06:35:53.147,2.3933,2.3938,8.80,4.00
2007.05.07 06:35:53.433,2.3935,2.39385,0.80,4.00
2007.05.07 06:35:53.819,2.3935,2.3939,0.80,4.00
2007.05.07 06:35:55.451,2.3933,2.39385,8.80,4.00
2007.05.07 06:35:55.853,2.3935,2.39385,0.80,4.00
2007.05.07 06:35:56.069,2.3935,2.3938,0.80,4.00
2007.05.07 06:35:56.354,2.3935,2.3939,0.80,6.40
2007.05.07 06:35:56.634,2.3933,2.3937,0.80,4.00
2007.05.07 06:35:58.400,2.3933,2.3937,0.80,0.80
2007.05.07 06:36:09.609,2.3933,2.3938,0.80,9.20
2007.05.07 06:36:09.866,2.3933,2.3938,0.80,9.20
2007.05.07 06:36:13.976,2.3933,2.3939,4.80,4.80
2007.05.07 06:36:14.215,2.3933,2.3939,4.80,4.80
2007.05.07 06:36:16.553,2.39325,2.3939,8.80,8.80
2007.05.07 06:36:17.441,2.3932,2.3939,17.10,4.80
2007.05.07 06:36:17.776,2.39325,2.3939,8.80,4.80
2007.05.07 06:36:19.959,2.3934,2.394,12.30,17.20
2007.05.07 06:36:20.512,2.3934,2.394,12.30,13.20
2007.05.07 06:36:24.161,2.3935,2.3939,0.80,0.90
2007.05.07 06:36:25.981,2.39335,2.3939,6.80,16.30
2007.05.07 06:36:26.218,2.3934,2.3938,0.70,0.90
2007.05.07 06:36:26.457,2.3934,2.3938,0.70,0.50
2007.05.07 06:36:27.007,2.3933,2.3937,1.30,2.80
2007.05.07 06:36:27.705,2.3932,2.3937,5.20,10.80
2007.05.07 06:36:33.534,2.3932,2.3937,2.80,10.80
2007.05.07 06:36:39.745,2.3932,2.39365,4.40,4.00
2007.05.07 06:36:40.421,2.3933,2.39345,0.80,4.00
2007.05.07 06:36:40.705,2.3932,2.39365,5.20,4.00
2007.05.07 06:36:40.975,2.393,2.3935,12.40,2.80
2007.05.07 06:36:41.260,2.3931,2.3935,0.80,6.80
2007.05.07 06:36:41.793,2.393,2.3935,7.60,10.80
2007.05.07 06:36:51.478,2.3931,2.3935,4.80,8.00
2007.05.07 06:36:52.009,2.3933,2.3935,0.80,4.00
2007.05.07 06:36:52.497,2.3931,2.3935,4.80,4.00
2007.05.07 06:36:53.110,2.3931,2.3936,4.80,4.00
2007.05.07 06:36:53.442,2.3933,2.3936,0.80,4.00
2007.05.07 06:36:53.955,2.3933,2.3937,0.80,6.80
2007.05.07 06:36:58.742,2.3933,2.3936,0.80,4.00
2007.05.07 06:36:59.001,2.3933,2.3937,0.80,6.80
2007.05.07 06:37:03.099,2.3933,2.3937,0.80,2.80
2007.05.07 06:37:05.002,2.3934,2.3938,2.80,3.60
2007.05.07 06:37:05.682,2.3934,2.3938,6.80,3.60
2007.05.07 06:37:07.188,2.3936,2.3938,0.80,0.80
2007.05.07 06:37:07.394,2.3937,2.3938,4.00,0.80
2007.05.07 06:37:08.009,2.3935,2.3939,5.60,2.80
2007.05.07 06:37:08.222,2.3936,2.3939,0.80,2.00
2007.05.07 06:37:08.547,2.3936,2.3939,0.80,7.50
2007.05.07 06:37:09.147,2.3936,2.3939,4.80,9.10
2007.05.07 06:37:09.355,2.3936,2.3941,5.60,10.30
2007.05.07 06:37:09.665,2.3937,2.394,4.00,5.50
2007.05.07 06:37:10.160,2.3937,2.3939,4.00,2.80
2007.05.07 06:37:10.451,2.3937,2.3941,4.00,6.80
2007.05.07 06:37:10.711,2.3937,2.394,4.00,2.80
2007.05.07 06:37:11.827,2.3935,2.394,0.80,6.80
2007.05.07 06:37:13.925,2.39345,2.394,4.00,12.30
2007.05.07 06:37:14.141,2.39335,2.3939,4.00,4.80
2007.05.07 06:37:20.049,2.39335,2.3938,4.00,2.80
2007.05.07 06:37:20.272,2.3933,2.3938,0.80,6.80
2007.05.07 06:37:23.235,2.39335,2.3938,4.00,2.80
2007.05.07 06:37:23.430,2.39335,2.3939,4.00,4.80
2007.05.07 06:37:23.660,2.39345,2.3939,4.00,0.80
2007.05.07 06:37:24.264,2.39335,2.3939,4.00,4.80
2007.05.07 06:37:24.967,2.3933,2.3938,0.80,6.80
2007.05.07 06:37:25.731,2.3933,2.3938,0.80,10.80
2007.05.07 06:37:26.534,2.3935,2.3938,0.80,8.00
2007.05.07 06:37:26.882,2.3935,2.3938,0.80,4.00
2007.05.07 06:37:27.973,2.3935,2.394,0.80,6.80
2007.05.07 06:37:28.331,2.3935,2.394,4.80,6.80
2007.05.07 06:37:28.639,2.3935,2.394,0.80,6.80
2007.05.07 06:37:33.272,2.3935,2.3939,0.80,2.80
2007.05.07 06:37:34.166,2.3935,2.39395,0.80,4.00
2007.05.07 06:37:34.378,2.3935,2.394,0.80,6.80
2007.05.07 06:37:44.868,2.3935,2.39395,0.80,4.00
2007.05.07 06:37:48.002,2.3935,2.394,0.80,6.80
2007.05.07 06:37:48.243,2.3935,2.39395,0.80,4.00
2007.05.07 06:38:01.232,2.3934,2.3938,6.80,2.80
2007.05.07 06:38:01.469,2.3934,2.3938,2.80,2.80
2007.05.07 06:38:02.703,2.3935,2.39385,0.80,4.00
2007.05.07 06:38:03.238,2.3935,2.39395,0.80,4.00
2007.05.07 06:38:04.147,2.3935,2.394,0.80,9.20
2007.05.07 06:38:15.782,2.3937,2.39395,2.80,0.80
2007.05.07 06:38:16.144,2.3937,2.394,2.80,0.90
2007.05.07 06:38:17.828,2.3937,2.39405,2.80,0.60
2007.05.07 06:38:21.419,2.3936,2.3941,15.60,8.40
2007.05.07 06:38:35.925,2.3935,2.394,22.80,2.80
2007.05.07 06:38:36.615,2.3935,2.394,14.80,2.80
2007.05.07 06:38:37.020,2.3935,2.39395,10.80,4.00
2007.05.07 06:38:38.911,2.3936,2.39405,6.80,4.00
2007.05.07 06:38:39.435,2.3937,2.39385,0.90,4.00
2007.05.07 06:38:39.652,2.3934,2.39385,7.60,4.00
2007.05.07 06:38:41.899,2.3937,2.39385,0.60,4.00
2007.05.07 06:38:42.112,2.3937,2.39405,0.90,4.00
2007.05.07 06:38:53.825,2.3937,2.394,2.80,0.80
2007.05.07 06:38:54.119,2.3935,2.3939,0.80,6.80
2007.05.07 06:38:58.902,2.3934,2.3938,4.00,0.80
2007.05.07 06:38:59.227,2.3933,2.3938,8.80,0.80
2007.05.07 06:39:01.418,2.3933,2.3937,4.80,2.80
2007.05.07 06:39:02.004,2.3933,2.3937,4.80,6.80
2007.05.07 06:39:02.290,2.3933,2.3937,4.80,4.00
2007.05.07 06:39:02.566,2.3933,2.3938,4.80,4.00
2007.05.07 06:39:04.176,2.3934,2.3938,2.80,4.00
2007.05.07 06:39:04.921,2.3934,2.3937,0.80,2.00
2007.05.07 06:39:05.125,2.3934,2.3937,0.80,7.60
2007.05.07 06:39:05.362,2.3934,2.3937,0.80,8.40
2007.05.07 06:39:05.880,2.3934,2.3937,2.80,4.00
2007.05.07 06:39:06.141,2.3934,2.3938,2.80,4.00
2007.05.07 06:39:07.163,2.3934,2.3937,0.80,6.00
2007.05.07 06:39:07.664,2.3934,2.3936,0.80,4.00
2007.05.07 06:39:08.382,2.3933,2.3936,3.60,4.00
2007.05.07 06:39:08.673,2.3933,2.3936,2.80,4.00
2007.05.07 06:39:09.177,2.3933,2.3937,2.80,6.80
2007.05.07 06:39:09.401,2.3932,2.3937,2.80,6.80
2007.05.07 06:39:09.903,2.3932,2.3937,6.80,4.00
2007.05.07 06:39:12.395,2.3934,2.3937,0.80,4.00
2007.05.07 06:39:12.612,2.3934,2.3937,2.80,4.00
2007.05.07 06:39:13.011,2.3934,2.3938,2.80,6.80
2007.05.07 06:39:14.000,2.3934,2.3939,2.80,14.00
2007.05.07 06:39:19.816,2.39325,2.3939,4.00,10.00
2007.05.07 06:39:20.516,2.3932,2.3937,14.80,0.60
2007.05.07 06:39:20.736,2.3932,2.3937,6.80,0.60
2007.05.07 06:39:25.924,2.3934,2.3938,2.80,0.90
2007.05.07 06:39:32.230,2.3934,2.3939,2.80,7.60
2007.05.07 06:39:33.971,2.3934,2.3938,6.80,0.70
2007.05.07 06:39:34.482,2.3934,2.3939,6.80,0.90
2007.05.07 06:39:37.952,2.3936,2.3939,2.80,0.60
2007.05.07 06:39:38.557,2.3936,2.394,2.80,0.90
2007.05.07 06:39:51.929,2.3935,2.3939,2.80,2.80
2007.05.07 06:40:12.597,2.3936,2.394,2.80,4.00
2007.05.07 06:40:15.006,2.3936,2.394,2.80,6.80
2007.05.07 06:40:21.913,2.3936,2.394,6.80,4.00
2007.05.07 06:40:22.155,2.3936,2.3941,6.80,4.80
2007.05.07 06:40:23.360,2.3936,2.3941,2.80,4.80
2007.05.07 06:40:23.580,2.3936,2.394,2.80,4.00
2007.05.07 06:40:23.925,2.3936,2.394,2.80,6.80
2007.05.07 06:40:40.901,2.3936,2.394,6.80,4.00
2007.05.07 06:40:41.148,2.3936,2.3941,6.80,4.80
2007.05.07 06:40:42.558,2.3938,2.3941,2.00,0.80
2007.05.07 06:40:42.761,2.3938,2.3941,2.80,4.00
2007.05.07 06:40:42.986,2.3936,2.3941,6.80,4.80
2007.05.07 06:40:43.980,2.3936,2.394,2.80,2.80
2007.05.07 06:40:44.207,2.3936,2.394,2.80,6.00
2007.05.07 06:40:44.465,2.3936,2.394,6.80,4.00
2007.05.07 06:40:44.709,2.3936,2.3941,6.80,4.80
2007.05.07 06:40:45.868,2.3938,2.3941,2.80,4.80
2007.05.07 06:40:46.489,2.3938,2.3942,2.80,13.20
2007.05.07 06:40:46.729,2.3938,2.3942,2.80,9.20
2007.05.07 06:40:51.484,2.39365,2.3941,4.00,0.80
2007.05.07 06:40:51.811,2.3936,2.3941,9.20,4.80
2007.05.07 06:40:56.627,2.3937,2.3941,4.00,0.80
2007.05.07 06:40:56.927,2.3938,2.3941,2.80,4.00
2007.05.07 06:40:57.156,2.3938,2.3942,2.80,6.40
2007.05.07 06:40:57.609,2.394,2.3942,2.80,4.80
2007.05.07 06:40:58.560,2.394,2.3943,2.80,1.60
2007.05.07 06:40:58.765,2.394,2.3943,2.80,2.40
2007.05.07 06:40:59.044,2.394,2.3943,2.80,6.40
2007.05.07 06:40:59.301,2.39385,2.3943,4.00,6.40
2007.05.07 06:41:00.684,2.39385,2.3943,4.00,0.90
2007.05.07 06:41:01.896,2.3938,2.39425,4.00,4.00
2007.05.07 06:41:05.051,2.39375,2.39425,4.00,4.00
2007.05.07 06:41:05.271,2.39365,2.3942,4.00,4.80
2007.05.07 06:41:05.806,2.3938,2.3942,2.80,4.80
2007.05.07 06:41:06.030,2.3938,2.3943,6.80,10.80
2007.05.07 06:41:06.340,2.39385,2.3943,4.00,4.00
2007.05.07 06:41:09.821,2.3938,2.39425,4.00,4.00
2007.05.07 06:41:11.956,2.39365,2.39415,4.00,4.00
2007.05.07 06:41:12.478,2.3938,2.39425,4.00,4.00
2007.05.07 06:41:13.977,2.3938,2.39425,6.80,4.00
2007.05.07 06:41:14.273,2.39385,2.3943,4.00,4.00
2007.05.07 06:41:14.670,2.39385,2.39435,4.00,4.00
2007.05.07 06:41:16.934,2.3938,2.3942,6.80,2.00
2007.05.07 06:41:18.120,2.39385,2.3943,4.00,4.00
2007.05.07 06:41:18.591,2.39385,2.39435,4.00,4.00
2007.05.07 06:41:19.624,2.39385,2.3943,4.00,2.80
2007.05.07 06:41:19.876,2.3938,2.3943,2.80,6.80
2007.05.07 06:41:31.956,2.3938,2.3941,0.80,2.00
2007.05.07 06:41:32.845,2.39365,2.3941,4.00,2.80
2007.05.07 06:41:33.657,2.3936,2.3941,2.80,6.80
2007.05.07 06:41:36.687,2.3937,2.3941,2.80,6.80
2007.05.07 06:41:36.897,2.3937,2.3941,2.80,2.80
2007.05.07 06:41:50.773,2.39365,2.3941,4.00,2.80
2007.05.07 06:41:50.991,2.3936,2.3941,2.80,6.80
2007.05.07 06:42:08.455,2.39365,2.3942,4.00,4.80
2007.05.07 06:42:21.938,2.39365,2.3941,4.00,2.80
2007.05.07 06:42:22.153,2.3936,2.3941,2.80,6.80
2007.05.07 06:42:31.812,2.3936,2.394,2.80,2.80
2007.05.07 06:42:42.352,2.3936,2.394,10.80,2.00
2007.05.07 06:42:42.559,2.3936,2.3941,10.80,0.80
2007.05.07 06:42:46.573,2.3937,2.3942,4.00,2.80
2007.05.07 06:42:46.885,2.3938,2.3942,2.80,2.80
2007.05.07 06:42:50.394,2.3937,2.394,4.00,2.80
2007.05.07 06:42:50.605,2.3936,2.394,2.80,2.80
2007.05.07 06:42:56.895,2.3937,2.39405,2.80,4.00
2007.05.07 06:42:57.502,2.3937,2.3941,2.80,3.60
2007.05.07 06:42:58.527,2.3936,2.394,2.80,2.80
2007.05.07 06:42:59.772,2.3936,2.39405,2.80,4.00
2007.05.07 06:43:00.055,2.3936,2.3941,2.80,6.80
2007.05.07 06:43:00.767,2.3936,2.39405,2.80,4.00
2007.05.07 06:43:01.029,2.3935,2.39405,4.80,4.00
2007.05.07 06:43:01.379,2.3937,2.39405,0.80,4.00
2007.05.07 06:43:01.590,2.3937,2.3942,4.80,4.00
2007.05.07 06:43:02.963,2.3936,2.39415,8.00,4.00
2007.05.07 06:43:03.612,2.3935,2.39405,4.80,4.00
2007.05.07 06:43:03.851,2.3936,2.394,4.00,4.00
2007.05.07 06:43:04.145,2.3936,2.394,8.00,4.00
2007.05.07 06:43:04.581,2.3936,2.39415,8.00,4.00
2007.05.07 06:43:06.340,2.3938,2.3942,4.00,0.80
2007.05.07 06:43:06.573,2.3938,2.39425,4.00,4.00
2007.05.07 06:43:07.383,2.3938,2.3943,4.00,13.10
2007.05.07 06:43:07.500,2.3939,2.39425,2.80,0.60
2007.05.07 06:43:07.749,2.3939,2.39435,2.80,6.80
2007.05.07 06:43:11.270,2.39385,2.3943,4.00,0.80
2007.05.07 06:43:11.539,2.3938,2.3943,8.00,13.00
2007.05.07 06:43:11.783,2.39375,2.3941,4.00,0.50
2007.05.07 06:43:12.072,2.3937,2.39415,2.80,6.80
2007.05.07 06:43:19.280,2.3937,2.394,2.80,0.80
2007.05.07 06:43:19.484,2.3937,2.3941,2.80,4.40
2007.05.07 06:43:20.356,2.3937,2.39405,2.80,10.40
2007.05.07 06:43:20.616,2.3935,2.39405,4.80,10.40
2007.05.07 06:43:24.382,2.3936,2.3941,8.00,8.00
2007.05.07 06:43:24.619,2.3936,2.3942,8.00,15.10
2007.05.07 06:43:24.896,2.3937,2.39415,0.80,0.50
2007.05.07 06:43:25.177,2.3937,2.3942,4.80,0.60
2007.05.07 06:43:27.349,2.3937,2.39425,4.00,15.90
2007.05.07 06:43:27.661,2.3936,2.3942,8.00,16.70
2007.05.07 06:43:29.421,2.3937,2.3942,0.80,16.70
2007.05.07 06:43:29.636,2.3937,2.39425,4.80,16.70
2007.05.07 06:43:29.903,2.3937,2.39425,4.80,10.40
2007.05.07 06:43:31.828,2.3937,2.39415,0.80,6.80
2007.05.07 06:43:36.425,2.3936,2.3941,6.80,2.80
2007.05.07 06:43:36.638,2.3936,2.3941,6.80,9.10
2007.05.07 06:43:36.868,2.3937,2.39405,0.80,4.00
2007.05.07 06:43:37.329,2.3936,2.3941,4.00,2.80
2007.05.07 06:43:37.606,2.3936,2.3941,4.00,4.40
2007.05.07 06:43:37.845,2.3935,2.39405,4.80,4.00
2007.05.07 06:43:38.880,2.3936,2.39405,4.00,4.00
2007.05.07 06:43:39.602,2.3936,2.39415,8.00,4.00
2007.05.07 06:43:45.657,2.3936,2.39415,4.00,4.00
2007.05.07 06:43:45.909,2.3936,2.394,4.00,0.70
2007.05.07 06:43:46.744,2.3935,2.394,8.80,0.70
2007.05.07 06:43:48.055,2.39365,2.394,4.00,0.70
2007.05.07 06:43:48.620,2.3936,2.394,4.00,0.70
2007.05.07 06:43:50.280,2.3935,2.394,8.80,0.70
2007.05.07 06:43:52.689,2.3935,2.394,4.80,4.70
2007.05.07 06:43:53.055,2.3935,2.394,8.80,0.80
2007.05.07 06:43:54.582,2.3935,2.39405,8.80,4.00
2007.05.07 06:43:54.816,2.3936,2.39415,4.00,4.00
2007.05.07 06:43:55.962,2.3936,2.3941,4.00,2.80
2007.05.07 06:43:56.385,2.3935,2.39405,4.80,4.00
2007.05.07 06:43:58.622,2.3935,2.394,4.80,2.40
2007.05.07 06:43:59.909,2.3935,2.3938,0.80,1.60
2007.05.07 06:44:00.206,2.3933,2.3938,4.80,2.40
2007.05.07 06:44:01.858,2.3933,2.3937,0.80,2.80
2007.05.07 06:44:04.165,2.39345,2.3937,4.00,2.80
2007.05.07 06:44:04.667,2.3933,2.3937,0.80,2.80
2007.05.07 06:44:05.404,2.3933,2.3937,0.80,2.00
2007.05.07 06:44:05.743,2.3933,2.39375,0.80,4.00
2007.05.07 06:44:11.955,2.3933,2.3937,0.80,2.80
2007.05.07 06:44:12.882,2.3933,2.3937,0.80,0.70
2007.05.07 06:44:14.886,2.3933,2.39375,2.80,6.80
2007.05.07 06:44:22.660,2.3933,2.3938,2.80,13.10
2007.05.07 06:44:27.327,2.39325,2.3937,4.00,0.60
2007.05.07 06:44:27.636,2.3932,2.3938,2.80,19.40
2007.05.07 06:44:28.138,2.3932,2.3936,2.80,0.90
2007.05.07 06:44:28.363,2.39315,2.3936,4.00,7.60
2007.05.07 06:44:28.635,2.3931,2.3936,2.80,11.60
2007.05.07 06:44:31.995,2.39315,2.3936,4.00,10.00
2007.05.07 06:44:32.764,2.3931,2.3935,2.80,0.70
2007.05.07 06:44:33.770,2.3933,2.3936,2.80,8.80
2007.05.07 06:44:34.563,2.3933,2.3938,2.80,13.20
2007.05.07 06:44:35.356,2.3934,2.3938,2.80,0.80
2007.05.07 06:44:35.559,2.3934,2.3939,2.80,11.60
2007.05.07 06:44:35.776,2.3934,2.3939,0.80,0.90
2007.05.07 06:44:36.105,2.39335,2.394,4.00,29.90
2007.05.07 06:44:36.489,2.39325,2.3938,4.00,0.50
2007.05.07 06:44:36.783,2.39325,2.3939,4.00,28.30
2007.05.07 06:44:37.850,2.39325,2.3938,4.00,8.80
2007.05.07 06:44:38.093,2.39325,2.3938,4.00,17.10
2007.05.07 06:44:38.503,2.3932,2.3938,2.80,17.10
2007.05.07 06:44:39.955,2.39315,2.3935,4.00,0.70
2007.05.07 06:44:40.168,2.3931,2.3935,2.80,2.80
2007.05.07 06:44:54.515,2.3932,2.3936,2.80,13.20
2007.05.07 06:44:59.105,2.39305,2.3936,6.80,13.20
2007.05.07 06:45:01.828,2.39305,2.3934,1.30,2.80
2007.05.07 06:45:02.052,2.39285,2.3934,6.80,6.80
2007.05.07 06:45:02.657,2.393,2.3934,0.90,10.80
2007.05.07 06:45:04.573,2.3929,2.3934,6.80,6.80
2007.05.07 06:45:05.203,2.3929,2.3934,6.80,8.40
2007.05.07 06:45:05.415,2.393,2.3934,1.10,9.20
2007.05.07 06:45:06.242,2.393,2.3934,1.70,10.80
2007.05.07 06:45:07.889,2.3928,2.3932,7.60,2.80
2007.05.07 06:45:08.385,2.3928,2.3932,1.60,2.80
2007.05.07 06:45:08.610,2.3927,2.39325,19.50,4.00
2007.05.07 06:45:10.090,2.3927,2.39335,21.90,4.00
2007.05.07 06:45:10.405,2.393,2.39335,1.10,4.00
2007.05.07 06:45:10.939,2.3929,2.3934,13.10,4.00
2007.05.07 06:45:11.222,2.3929,2.39345,17.10,4.00
2007.05.07 06:45:14.782,2.3929,2.39345,19.50,4.00
2007.05.07 06:45:15.335,2.393,2.3935,5.50,4.80
2007.05.07 06:45:15.717,2.3929,2.3935,13.20,0.80
2007.05.07 06:45:15.990,2.3932,2.39355,0.60,4.00
2007.05.07 06:45:16.317,2.3931,2.3936,6.80,5.20
2007.05.07 06:45:18.103,2.3931,2.3935,1.30,2.80
2007.05.07 06:45:18.370,2.393,2.3936,8.80,20.70
2007.05.07 06:45:18.587,2.393,2.3933,8.00,2.80
2007.05.07 06:45:18.918,2.3928,2.3933,23.50,2.80
2007.05.07 06:45:21.216,2.3929,2.3933,2.30,2.80
2007.05.07 06:45:21.941,2.3929,2.3934,6.80,4.80
2007.05.07 06:45:22.249,2.39295,2.3935,6.80,7.60
2007.05.07 06:45:22.521,2.39295,2.3935,6.80,4.80
2007.05.07 06:45:22.750,2.39295,2.3935,10.80,4.80
2007.05.07 06:45:23.619,2.393,2.3935,13.10,4.00
2007.05.07 06:45:24.037,2.3932,2.3936,0.80,9.20
2007.05.07 06:45:28.032,2.3933,2.3936,0.80,6.00
2007.05.07 06:45:28.341,2.3933,2.3936,0.80,2.00
2007.05.07 06:45:28.604,2.3932,2.3936,2.80,2.80
2007.05.07 06:45:29.384,2.3932,2.3936,2.80,6.80
2007.05.07 06:45:29.917,2.39305,2.3935,4.00,0.80
2007.05.07 06:45:30.180,2.393,2.3935,14.80,4.80
2007.05.07 06:45:30.421,2.393,2.3934,6.80,2.80
2007.05.07 06:45:30.682,2.393,2.3934,2.80,6.80
2007.05.07 06:45:31.119,2.393,2.3934,2.80,2.80
2007.05.07 06:45:31.434,2.393,2.3935,6.80,4.80
2007.05.07 06:45:32.008,2.39305,2.3935,4.00,0.80
2007.05.07 06:45:32.419,2.393,2.3935,6.80,4.80
2007.05.07 06:45:33.453,2.393,2.3934,2.80,2.40
2007.05.07 06:45:33.667,2.393,2.3932,4.00,2.80
2007.05.07 06:45:33.881,2.393,2.3932,8.00,2.80
2007.05.07 06:45:34.180,2.3932,2.3935,2.80,8.00
2007.05.07 06:45:34.529,2.393,2.3934,6.80,2.80
2007.05.07 06:45:34.906,2.393,2.3934,2.80,6.80
2007.05.07 06:45:35.306,2.393,2.3934,2.00,6.80
2007.05.07 06:45:35.520,2.3928,2.3933,14.80,0.80
2007.05.07 06:45:35.754,2.3928,2.3932,10.80,2.80
2007.05.07 06:45:36.017,2.3928,2.3932,2.80,2.80
2007.05.07 06:45:36.310,2.3928,2.3932,2.80,4.00
2007.05.07 06:45:36.533,2.3929,2.3932,2.80,4.00
2007.05.07 06:45:36.737,2.3929,2.39335,2.80,4.00
2007.05.07 06:45:37.291,2.3929,2.3934,6.80,3.10
2007.05.07 06:45:37.546,2.3929,2.3934,4.00,12.60
2007.05.07 06:45:37.812,2.39285,2.3933,4.00,0.40
2007.05.07 06:45:38.146,2.3928,2.3933,6.80,4.30
2007.05.07 06:45:39.088,2.3928,2.3933,2.80,7.10
2007.05.07 06:45:39.437,2.3929,2.3932,0.80,4.00
2007.05.07 06:45:39.738,2.3929,2.3932,2.80,4.00
2007.05.07 06:45:40.056,2.3928,2.3932,6.80,4.00
2007.05.07 06:45:41.439,2.3928,2.3933,6.80,4.30
2007.05.07 06:45:42.121,2.3929,2.39335,2.80,4.00
2007.05.07 06:45:42.632,2.393,2.39335,6.80,4.00
2007.05.07 06:45:42.851,2.393,2.39345,9.20,4.00
2007.05.07 06:45:43.129,2.393,2.3935,10.80,3.10
2007.05.07 06:45:43.851,2.3932,2.39355,2.80,4.00
2007.05.07 06:45:44.290,2.3932,2.3936,2.80,2.80
2007.05.07 06:45:49.974,2.3932,2.3935,2.00,0.80
2007.05.07 06:45:50.242,2.3931,2.3935,4.00,3.60
2007.05.07 06:45:51.412,2.393,2.3935,13.20,3.60
2007.05.07 06:45:53.220,2.393,2.3934,13.20,2.00
2007.05.07 06:45:53.434,2.39305,2.3934,4.00,2.00
2007.05.07 06:45:53.709,2.393,2.3934,2.80,2.00
2007.05.07 06:45:54.565,2.393,2.3934,2.80,6.00
2007.05.07 06:45:54.782,2.39285,2.3933,4.00,4.00
2007.05.07 06:45:55.224,2.39295,2.3933,4.00,4.00
2007.05.07 06:45:55.739,2.3929,2.3934,4.00,5.50
2007.05.07 06:45:57.032,2.3929,2.3934,4.00,9.90
2007.05.07 06:45:57.632,2.3928,2.39335,4.00,4.00
2007.05.07 06:45:57.847,2.3928,2.3933,4.00,4.00
2007.05.07 06:46:00.417,2.3926,2.39305,4.00,4.00
2007.05.07 06:46:00.659,2.3927,2.39305,0.80,4.00
2007.05.07 06:46:01.138,2.39255,2.39305,4.00,4.00
2007.05.07 06:46:01.568,2.39255,2.3932,4.00,16.60
2007.05.07 06:46:01.854,2.3928,2.3932,4.00,14.20
2007.05.07 06:46:02.766,2.3928,2.3932,4.00,14.70
2007.05.07 06:46:03.804,2.39265,2.3931,4.00,0.90
2007.05.07 06:46:04.870,2.3927,2.39315,0.80,10.00
2007.05.07 06:46:05.158,2.3927,2.39315,0.80,8.00
2007.05.07 06:46:05.648,2.3927,2.3933,0.80,6.80
2007.05.07 06:46:06.497,2.39275,2.3934,4.00,15.40
2007.05.07 06:46:07.411,2.39275,2.3934,4.00,12.60
2007.05.07 06:46:07.848,2.3928,2.3934,4.00,10.20
2007.05.07 06:46:08.314,2.39285,2.3934,4.00,0.90
2007.05.07 06:46:09.043,2.39285,2.3935,4.00,24.20
2007.05.07 06:46:09.641,2.39295,2.3934,4.00,0.80
2007.05.07 06:46:09.910,2.39275,2.3931,4.00,0.60
2007.05.07 06:46:10.405,2.39285,2.3932,4.00,3.50
2007.05.07 06:46:10.670,2.3929,2.3932,4.00,3.50
2007.05.07 06:46:10.915,2.3929,2.3932,4.00,2.70
2007.05.07 06:46:11.135,2.393,2.3934,8.00,11.50
2007.05.07 06:46:11.695,2.3928,2.3933,10.80,0.70
2007.05.07 06:46:12.452,2.3928,2.3933,8.00,0.80
2007.05.07 06:46:12.954,2.3928,2.39335,10.80,10.80
2007.05.07 06:46:13.755,2.3928,2.3933,10.80,0.70
2007.05.07 06:46:16.983,2.3929,2.39345,8.00,4.80
2007.05.07 06:46:19.384,2.393,2.3934,2.80,0.80
2007.05.07 06:46:19.595,2.393,2.3935,2.80,10.80
2007.05.07 06:46:20.302,2.393,2.3936,6.80,15.60
2007.05.07 06:46:23.178,2.393,2.3935,2.80,0.60
2007.05.07 06:46:24.012,2.39305,2.3936,4.00,15.60
2007.05.07 06:46:24.559,2.393,2.3936,2.80,15.60
2007.05.07 06:46:24.746,2.393,2.3935,0.60,0.90
2007.05.07 06:46:24.951,2.3928,2.3935,14.80,17.10
2007.05.07 06:46:25.251,2.3929,2.3934,0.50,0.80
2007.05.07 06:46:27.380,2.39295,2.3935,6.80,17.10
2007.05.07 06:46:27.607,2.393,2.3935,0.90,0.70
2007.05.07 06:46:33.252,2.393,2.3935,6.80,2.80
2007.05.07 06:46:33.755,2.393,2.3935,0.60,6.80
2007.05.07 06:46:36.427,2.393,2.3935,2.10,4.00
2007.05.07 06:46:36.944,2.3932,2.3936,1.50,4.00
2007.05.07 06:46:37.310,2.3932,2.3937,0.70,10.80
2007.05.07 06:46:38.354,2.3931,2.3937,7.60,6.80
2007.05.07 06:46:39.381,2.3932,2.3937,1.60,10.80
2007.05.07 06:46:58.210,2.3932,2.3937,6.80,6.80
2007.05.07 06:46:58.750,2.3932,2.3937,2.80,10.80
2007.05.07 06:47:03.816,2.3932,2.39365,2.80,4.00
2007.05.07 06:47:12.869,2.39315,2.3936,4.00,4.00
2007.05.07 06:47:13.410,2.3932,2.3936,4.00,4.00
2007.05.07 06:47:13.990,2.3932,2.3937,4.00,4.00
2007.05.07 06:47:21.150,2.3932,2.3937,6.00,4.00
2007.05.07 06:47:21.485,2.3933,2.3938,0.80,8.00
2007.05.07 06:47:21.767,2.3933,2.3938,0.80,4.00
2007.05.07 06:47:26.759,2.3935,2.3938,9.50,4.00
2007.05.07 06:47:27.011,2.3936,2.3939,2.80,2.40
2007.05.07 06:47:27.647,2.39345,2.3939,4.00,5.20
2007.05.07 06:47:27.966,2.3933,2.3938,0.80,4.00
2007.05.07 06:47:30.326,2.3934,2.3938,4.80,4.00
2007.05.07 06:47:30.549,2.3935,2.3939,2.80,9.20
2007.05.07 06:47:34.025,2.3935,2.3939,2.80,6.40
2007.05.07 06:47:36.299,2.3935,2.3939,12.30,6.40
2007.05.07 06:47:36.514,2.3936,2.394,2.80,7.60
2007.05.07 06:47:36.849,2.3936,2.394,2.80,8.40
2007.05.07 06:47:43.032,2.3935,2.3939,8.00,5.50
2007.05.07 06:47:43.717,2.39345,2.3939,4.00,5.50
2007.05.07 06:47:43.982,2.39345,2.394,4.00,8.40
2007.05.07 06:47:44.186,2.3934,2.3939,7.60,4.00
2007.05.07 06:47:44.457,2.3934,2.3938,2.80,2.00
2007.05.07 06:47:44.942,2.3934,2.3938,2.80,6.80
2007.05.07 06:47:45.381,2.3934,2.3938,2.80,12.30
2007.05.07 06:47:45.586,2.39315,2.3937,4.00,6.80
2007.05.07 06:47:46.004,2.3931,2.3936,0.80,4.00
2007.05.07 06:47:47.863,2.3933,2.3936,2.80,4.00
2007.05.07 06:47:48.711,2.3933,2.3937,2.80,2.80
2007.05.07 06:47:49.940,2.3934,2.3937,4.00,0.80
2007.05.07 06:47:50.160,2.3934,2.3938,4.00,4.00
2007.05.07 06:47:50.848,2.3935,2.3938,4.00,4.00
2007.05.07 06:47:51.096,2.3935,2.3939,12.30,4.00
2007.05.07 06:47:53.689,2.3935,2.3939,2.80,4.00
2007.05.07 06:48:06.599,2.3935,2.3939,2.80,10.80
2007.05.07 06:48:17.761,2.3935,2.3939,2.80,6.80
2007.05.07 06:48:20.424,2.3935,2.3938,0.80,2.00
2007.05.07 06:48:23.385,2.39335,2.3938,4.00,2.80
2007.05.07 06:48:23.655,2.3933,2.3938,2.80,6.80
2007.05.07 06:48:29.431,2.3933,2.3936,0.80,2.00
2007.05.07 06:48:30.963,2.39315,2.3936,4.00,2.80
2007.05.07 06:48:31.272,2.3931,2.3936,0.80,8.00
2007.05.07 06:48:31.555,2.3931,2.3936,4.80,4.00
2007.05.07 06:48:31.793,2.3933,2.3936,0.80,4.00
2007.05.07 06:48:32.111,2.3933,2.3936,4.80,4.00
2007.05.07 06:48:32.681,2.3933,2.3938,4.80,4.00
2007.05.07 06:48:33.323,2.3939,2.394,2.40,6.00
2007.05.07 06:48:33.618,2.3941,2.3942,4.00,2.40
2007.05.07 06:48:34.029,2.394,2.3941,0.80,6.80
2007.05.07 06:48:34.532,2.3941,2.3942,4.00,2.80
2007.05.07 06:48:34.749,2.3938,2.3942,2.40,6.80
2007.05.07 06:48:35.532,2.3938,2.3942,2.40,4.00
2007.05.07 06:48:35.801,2.3938,2.3942,0.60,4.00
2007.05.07 06:48:36.479,2.3937,2.3942,23.10,4.00
2007.05.07 06:48:36.728,2.39375,2.39425,19.10,4.00
2007.05.07 06:48:37.734,2.3938,2.39435,19.10,4.00
2007.05.07 06:48:38.423,2.3939,2.39445,4.00,4.00
2007.05.07 06:48:39.218,2.3939,2.3942,4.80,2.00
2007.05.07 06:48:39.929,2.3939,2.3942,18.00,2.00
2007.05.07 06:48:40.132,2.39395,2.3945,4.00,6.40
2007.05.07 06:48:40.359,2.39395,2.3945,4.00,4.80
2007.05.07 06:48:40.577,2.39395,2.3945,4.00,15.90
2007.05.07 06:48:40.835,2.39385,2.3944,4.00,4.80
2007.05.07 06:48:41.468,2.394,2.3944,4.00,4.00
2007.05.07 06:48:42.090,2.394,2.39455,8.00,4.00
2007.05.07 06:48:45.939,2.3941,2.39455,4.00,4.00
2007.05.07 06:48:47.479,2.39405,2.39455,4.00,4.00
2007.05.07 06:48:47.729,2.394,2.3945,10.80,2.80
2007.05.07 06:48:52.987,2.3939,2.3944,6.40,4.00
2007.05.07 06:48:53.260,2.39385,2.3944,4.00,4.00
2007.05.07 06:48:53.588,2.3938,2.39435,8.00,4.00
2007.05.07 06:48:55.130,2.39385,2.3944,4.00,4.00
2007.05.07 06:48:55.440,2.39385,2.3944,4.00,11.90
2007.05.07 06:48:55.891,2.3938,2.39435,8.00,4.00
2007.05.07 06:48:58.922,2.3939,2.3944,4.80,11.90
2007.05.07 06:48:59.129,2.3939,2.3944,4.80,6.80
2007.05.07 06:48:59.562,2.3939,2.3944,0.80,10.80
2007.05.07 06:48:59.827,2.3939,2.3944,0.80,6.80
2007.05.07 06:49:01.642,2.3939,2.3943,0.80,2.80
2007.05.07 06:49:03.852,2.3939,2.3943,0.80,2.80
2007.05.07 06:49:07.511,2.39375,2.3943,6.80,9.20
2007.05.07 06:49:11.099,2.39375,2.3942,0.70,2.80
2007.05.07 06:49:12.112,2.39375,2.3942,1.60,3.60
2007.05.07 06:49:12.382,2.39375,2.3942,0.70,5.20
2007.05.07 06:49:13.013,2.3936,2.3942,9.20,7.60
2007.05.07 06:49:13.672,2.3935,2.3941,18.70,4.00
2007.05.07 06:49:14.670,2.3936,2.3941,0.90,6.80
2007.05.07 06:49:15.167,2.3935,2.394,18.70,2.80
2007.05.07 06:49:15.919,2.3934,2.394,35.40,2.80
2007.05.07 06:49:16.645,2.3935,2.3939,1.30,2.80
2007.05.07 06:49:16.917,2.3934,2.394,6.40,5.60
2007.05.07 06:49:17.922,2.3935,2.3939,1.30,10.30
2007.05.07 06:49:18.431,2.39335,2.3939,8.00,4.00
2007.05.07 06:49:19.147,2.3932,2.3939,10.40,18.30
2007.05.07 06:49:19.950,2.39325,2.3938,1.60,4.00
2007.05.07 06:49:20.870,2.3933,2.3938,1.60,4.00
2007.05.07 06:49:23.000,2.3932,2.3938,11.20,4.00
2007.05.07 06:49:23.277,2.3933,2.3938,6.90,4.00
2007.05.07 06:49:23.688,2.3933,2.3939,19.10,8.00
2007.05.07 06:49:25.906,2.3935,2.3939,0.80,8.00
2007.05.07 06:49:26.134,2.3934,2.3939,13.20,6.80
2007.05.07 06:49:26.813,2.3934,2.3939,6.40,5.20
2007.05.07 06:49:27.678,2.3935,2.3938,0.50,2.80
2007.05.07 06:49:27.913,2.3934,2.3938,6.40,8.00
2007.05.07 06:49:28.240,2.3933,2.3937,8.00,4.00
2007.05.07 06:49:28.551,2.3933,2.3937,1.20,4.00
2007.05.07 06:49:28.853,2.3932,2.39385,11.20,4.00
2007.05.07 06:49:33.935,2.3933,2.3938,4.00,5.20
2007.05.07 06:49:34.681,2.39325,2.39375,4.00,4.00
2007.05.07 06:49:37.071,2.3932,2.39375,15.90,4.00
2007.05.07 06:49:37.578,2.3933,2.39375,11.90,4.00
2007.05.07 06:49:37.826,2.3933,2.39385,16.70,4.00
2007.05.07 06:49:38.921,2.3933,2.394,15.10,6.80
2007.05.07 06:49:39.127,2.3937,2.394,4.00,6.80
2007.05.07 06:49:39.778,2.39335,2.3939,4.00,4.00
2007.05.07 06:49:40.541,2.39345,2.3939,4.00,2.40
2007.05.07 06:49:40.931,2.39345,2.3939,2.10,2.40
2007.05.07 06:49:41.064,2.39335,2.3939,1.20,9.20
2007.05.07 06:49:41.296,2.3932,2.3938,8.00,4.00
2007.05.07 06:49:41.574,2.3931,2.3938,25.10,9.20
2007.05.07 06:49:41.916,2.3931,2.3937,17.10,2.40
2007.05.07 06:49:42.638,2.3931,2.3937,6.40,5.20
2007.05.07 06:49:43.139,2.39305,2.3934,0.60,2.00
2007.05.07 06:49:44.282,2.39305,2.3935,1.50,15.10
2007.05.07 06:49:44.518,2.39305,2.3933,0.70,2.40
2007.05.07 06:49:45.220,2.3926,2.39325,18.30,4.00
2007.05.07 06:49:45.603,2.3926,2.3932,6.40,2.40
2007.05.07 06:49:46.203,2.3927,2.3931,2.30,2.40
2007.05.07 06:49:46.477,2.3925,2.3931,6.40,2.40
2007.05.07 06:49:47.293,2.3925,2.3931,6.40,4.00
2007.05.07 06:49:47.601,2.3922,2.393,33.50,2.40
2007.05.07 06:49:47.821,2.3924,2.39295,22.20,4.00
2007.05.07 06:49:48.641,2.3923,2.39295,23.90,4.00
2007.05.07 06:49:48.977,2.3923,2.3929,15.20,8.70
2007.05.07 06:49:49.354,2.3922,2.3929,16.00,11.10
2007.05.07 06:49:49.637,2.3922,2.39275,16.00,4.00
2007.05.07 06:49:51.547,2.39225,2.39275,8.00,4.00
2007.05.07 06:49:51.913,2.3923,2.39275,4.80,4.00
2007.05.07 06:49:52.413,2.39235,2.39285,8.00,4.00
2007.05.07 06:49:53.591,2.39245,2.39295,0.70,4.00
2007.05.07 06:49:57.505,2.3926,2.39295,0.80,4.00
2007.05.07 06:49:57.716,2.3925,2.39295,15.50,4.00
2007.05.07 06:49:58.264,2.3926,2.3931,0.70,6.80
2007.05.07 06:50:00.355,2.39255,2.3931,4.80,6.80
2007.05.07 06:50:00.699,2.39255,2.393,1.50,0.70
2007.05.07 06:50:02.123,2.3925,2.3931,8.00,8.70
2007.05.07 06:50:02.377,2.3925,2.3931,8.00,4.70
2007.05.07 06:50:02.604,2.3925,2.393,8.00,0.70
2007.05.07 06:50:02.869,2.3925,2.393,1.30,4.70
2007.05.07 06:50:03.910,2.3925,2.393,4.80,4.70
2007.05.07 06:50:04.142,2.3925,2.393,15.50,4.00
2007.05.07 06:50:04.700,2.39255,2.3931,6.80,10.80
2007.05.07 06:50:06.101,2.39255,2.393,0.60,2.80
2007.05.07 06:50:06.631,2.3926,2.39305,1.70,4.00
2007.05.07 06:50:07.142,2.3925,2.393,0.50,2.80
2007.05.07 06:50:08.266,2.3926,2.39305,2.80,4.00
2007.05.07 06:50:08.537,2.39255,2.393,4.00,2.80
2007.05.07 06:50:09.122,2.3926,2.39305,2.80,4.00
2007.05.07 06:50:09.347,2.3926,2.3931,2.80,6.80
2007.05.07 06:50:09.600,2.3926,2.3931,14.70,4.00
2007.05.07 06:50:10.106,2.3926,2.3931,2.80,4.00
2007.05.07 06:50:10.346,2.3925,2.393,18.70,2.80
2007.05.07 06:50:10.772,2.3926,2.3931,2.80,6.80
2007.05.07 06:50:11.163,2.3926,2.3931,10.70,4.00
2007.05.07 06:50:11.547,2.3928,2.3931,2.00,0.80
2007.05.07 06:50:11.775,2.3926,2.393,4.00,2.80
2007.05.07 06:50:12.220,2.3926,2.39305,2.80,4.00
2007.05.07 06:50:12.562,2.3926,2.3931,14.70,4.00
2007.05.07 06:50:13.080,2.39255,2.393,4.00,0.80
2007.05.07 06:50:13.306,2.39265,2.393,4.00,0.80
2007.05.07 06:50:13.581,2.3926,2.3931,0.80,4.80
2007.05.07 06:50:14.079,2.3926,2.39305,12.70,4.00
2007.05.07 06:50:14.400,2.3926,2.3931,12.70,4.00
2007.05.07 06:50:14.615,2.3925,2.393,16.70,0.80
2007.05.07 06:50:15.176,2.3926,2.39305,0.80,4.00
2007.05.07 06:50:15.468,2.3927,2.3931,4.00,4.80
2007.05.07 06:50:15.689,2.3928,2.3931,12.70,4.80
2007.05.07 06:50:15.907,2.393,2.39335,0.80,4.00
2007.05.07 06:50:16.117,2.393,2.39335,4.80,4.00
2007.05.07 06:50:16.343,2.393,2.3934,4.80,4.00
2007.05.07 06:50:16.585,2.39305,2.3935,4.00,0.80
2007.05.07 06:50:17.170,2.3932,2.3935,4.00,0.80
2007.05.07 06:50:17.373,2.3932,2.3936,4.00,4.00
2007.05.07 06:50:17.601,2.3933,2.3936,4.00,4.00
2007.05.07 06:50:18.108,2.3933,2.39375,11.90,4.00
2007.05.07 06:50:18.689,2.3934,2.39375,4.00,4.00
2007.05.07 06:50:19.356,2.3934,2.39385,4.00,4.00
2007.05.07 06:50:19.968,2.3933,2.39385,4.00,4.00
2007.05.07 06:50:20.341,2.3934,2.39365,4.00,4.00
2007.05.07 06:50:21.086,2.3934,2.39375,4.00,4.00
2007.05.07 06:50:21.416,2.3934,2.39385,4.00,4.00
2007.05.07 06:50:22.457,2.3933,2.39385,4.00,4.00
2007.05.07 06:50:22.929,2.39335,2.3939,4.00,6.40
2007.05.07 06:50:24.175,2.39335,2.39385,4.00,4.00
2007.05.07 06:50:24.390,2.3934,2.3939,4.00,2.40
2007.05.07 06:50:24.713,2.3934,2.39395,4.00,4.00
2007.05.07 06:50:25.420,2.3934,2.394,4.00,6.40
2007.05.07 06:50:26.211,2.3933,2.39385,4.00,0.50
2007.05.07 06:50:27.134,2.3934,2.394,4.00,10.40
2007.05.07 06:50:29.203,2.3934,2.3939,4.00,0.80
2007.05.07 06:50:29.436,2.39335,2.3939,4.00,7.20
2007.05.07 06:50:30.257,2.3934,2.394,4.00,7.20
2007.05.07 06:50:32.680,2.39345,2.394,4.00,0.60
2007.05.07 06:50:33.115,2.3937,2.394,4.00,0.80
2007.05.07 06:50:33.562,2.3935,2.39405,4.00,4.80
2007.05.07 06:50:33.877,2.39345,2.394,4.00,0.70
2007.05.07 06:50:35.212,2.3934,2.39395,4.80,4.80
2007.05.07 06:50:35.639,2.3934,2.39395,16.70,4.80
2007.05.07 06:50:35.892,2.3936,2.39395,12.70,0.60
2007.05.07 06:50:36.237,2.39365,2.3942,4.00,0.80
2007.05.07 06:50:36.667,2.39365,2.3942,4.00,15.20
2007.05.07 06:50:36.893,2.39365,2.394,4.00,0.50
2007.05.07 06:50:37.482,2.3934,2.39395,8.00,0.80
2007.05.07 06:50:37.687,2.3935,2.394,4.00,4.80
2007.05.07 06:50:37.899,2.3935,2.394,8.00,0.80
2007.05.07 06:50:38.222,2.3935,2.394,4.00,0.60
2007.05.07 06:50:38.543,2.3935,2.39405,4.00,12.70
2007.05.07 06:50:38.770,2.3933,2.394,8.00,16.70
2007.05.07 06:50:39.878,2.3933,2.3938,4.00,0.50
2007.05.07 06:50:40.163,2.3932,2.3939,8.00,16.70
2007.05.07 06:50:45.700,2.3932,2.3937,4.00,12.70
2007.05.07 06:50:46.210,2.3932,2.3937,4.00,16.70
2007.05.07 06:50:57.574,2.3932,2.39355,4.00,4.00
2007.05.07 06:50:58.793,2.3932,2.3936,4.00,4.00
2007.05.07 06:51:03.710,2.3932,2.3937,4.00,16.40
2007.05.07 06:51:04.043,2.3932,2.3937,4.00,8.00
2007.05.07 06:51:04.645,2.3932,2.3937,4.00,4.00
2007.05.07 06:51:20.739,2.39315,2.3937,4.00,4.00
2007.05.07 06:51:27.077,2.3932,2.39375,4.00,4.00
2007.05.07 06:51:27.580,2.39315,2.3937,4.00,4.00
2007.05.07 06:51:27.785,2.3931,2.3937,18.30,4.00
2007.05.07 06:51:32.753,2.3932,2.39375,16.80,4.00
2007.05.07 06:51:34.369,2.3932,2.3937,16.00,7.90
2007.05.07 06:51:34.636,2.3932,2.39365,2.40,4.00
2007.05.07 06:51:35.965,2.3932,2.3937,1.20,8.70
2007.05.07 06:51:36.644,2.3931,2.39365,10.40,4.00
2007.05.07 06:51:41.190,2.3932,2.39375,8.80,4.00
2007.05.07 06:51:43.380,2.3932,2.3937,8.00,8.70
2007.05.07 06:51:43.666,2.3932,2.39365,1.20,4.00
2007.05.07 06:51:44.078,2.3931,2.3937,12.80,8.70
2007.05.07 06:51:44.662,2.39315,2.39365,8.00,4.00
2007.05.07 06:51:45.301,2.39305,2.3936,2.10,4.00
2007.05.07 06:51:47.409,2.39305,2.3936,2.20,4.80
2007.05.07 06:51:47.695,2.3929,2.3935,18.30,4.00
2007.05.07 06:51:50.894,2.39295,2.3935,8.00,4.00
2007.05.07 06:51:51.097,2.393,2.3936,10.40,4.00
2007.05.07 06:51:55.457,2.393,2.39355,1.70,4.00
2007.05.07 06:51:55.781,2.39295,2.3935,0.70,8.00
2007.05.07 06:52:16.182,2.39305,2.3935,4.00,4.00
2007.05.07 06:52:16.743,2.39295,2.3935,4.00,8.00
2007.05.07 06:52:19.112,2.3929,2.3935,18.30,8.00
2007.05.07 06:52:45.436,2.3931,2.3935,6.40,4.00
2007.05.07 06:52:45.930,2.3932,2.3937,0.90,5.60
2007.05.07 06:52:46.239,2.3932,2.3937,1.90,4.80
2007.05.07 06:52:46.495,2.39315,2.3937,4.80,8.80
2007.05.07 06:52:54.875,2.3933,2.3937,4.00,8.80
2007.05.07 06:52:55.129,2.3933,2.3937,4.00,4.80
2007.05.07 06:52:55.417,2.3933,2.3937,4.00,4.00
2007.05.07 06:52:55.666,2.39335,2.3938,4.00,1.60
2007.05.07 06:52:55.900,2.3933,2.3938,4.00,5.60
2007.05.07 06:52:59.527,2.3934,2.3939,0.80,8.80
2007.05.07 06:53:19.303,2.39335,2.3938,4.00,0.80
2007.05.07 06:53:19.567,2.3933,2.3938,4.00,5.60
2007.05.07 06:53:21.597,2.3934,2.3938,4.00,1.60
2007.05.07 06:53:21.815,2.3934,2.3938,0.80,4.00
2007.05.07 06:53:22.082,2.3934,2.3939,0.80,8.80
2007.05.07 06:53:41.426,2.39335,2.3938,4.00,1.60
2007.05.07 06:53:41.737,2.3933,2.3938,4.00,5.60
2007.05.07 06:53:43.962,2.3934,2.3938,0.80,0.80
2007.05.07 06:53:44.167,2.3934,2.3939,0.80,8.80
2007.05.07 06:53:44.548,2.39335,2.3938,4.00,0.80
2007.05.07 06:53:44.854,2.3933,2.3938,16.70,0.80
2007.05.07 06:53:45.910,2.3933,2.3937,4.00,1.60
2007.05.07 06:53:46.209,2.3932,2.3937,16.80,1.60
2007.05.07 06:53:46.602,2.3932,2.3937,8.80,1.60
2007.05.07 06:53:47.293,2.3933,2.3937,4.80,0.80
2007.05.07 06:53:47.528,2.3933,2.3938,16.70,0.80
2007.05.07 06:54:00.004,2.3933,2.39375,12.70,4.00
2007.05.07 06:54:00.756,2.3933,2.3938,16.70,0.80
2007.05.07 06:54:03.424,2.3933,2.39375,0.80,4.00
2007.05.07 06:54:03.640,2.3932,2.3937,8.80,1.60
2007.05.07 06:54:05.861,2.3933,2.39375,12.70,4.00
2007.05.07 06:54:06.136,2.3933,2.3938,16.70,0.80
2007.05.07 06:54:06.876,2.3933,2.3937,4.00,0.80
2007.05.07 06:54:07.144,2.3933,2.3937,4.00,1.60
2007.05.07 06:54:07.362,2.39325,2.3937,4.00,1.60
2007.05.07 06:54:07.734,2.3932,2.3937,8.80,1.60
2007.05.07 06:54:09.509,2.3932,2.39365,0.80,4.00
2007.05.07 06:54:09.756,2.3931,2.3936,16.70,0.80
2007.05.07 06:54:10.137,2.393,2.3935,4.80,8.80
2007.05.07 06:54:10.440,2.39295,2.3935,4.00,8.80
2007.05.07 06:54:10.668,2.3929,2.39345,4.00,4.00
2007.05.07 06:54:11.597,2.39285,2.3934,4.00,8.00
2007.05.07 06:54:15.875,2.3929,2.3934,4.00,8.00
2007.05.07 06:54:16.133,2.39295,2.3934,4.00,4.00
2007.05.07 06:54:16.820,2.39295,2.3935,4.00,4.80
2007.05.07 06:54:18.289,2.39295,2.3936,4.00,17.50
2007.05.07 06:54:18.857,2.393,2.3936,4.00,16.70
2007.05.07 06:54:19.126,2.39305,2.3936,4.00,0.70
2007.05.07 06:54:22.484,2.393,2.39355,4.00,0.90
2007.05.07 06:54:22.738,2.39305,2.3937,4.00,8.80
2007.05.07 06:54:23.945,2.393,2.3936,8.00,8.00
2007.05.07 06:54:24.171,2.39305,2.3936,4.00,0.80
2007.05.07 06:54:24.584,2.393,2.3936,4.00,8.00
2007.05.07 06:54:25.441,2.39295,2.3936,4.00,22.30
2007.05.07 06:54:26.346,2.3929,2.3935,4.00,4.80
2007.05.07 06:54:28.449,2.39285,2.3934,4.00,0.60
2007.05.07 06:54:28.964,2.39275,2.3933,4.00,0.50
2007.05.07 06:54:33.168,2.39275,2.3933,4.00,0.90
2007.05.07 06:54:33.438,2.39275,2.3933,4.00,8.00
2007.05.07 06:54:35.694,2.39275,2.3934,4.00,12.80
2007.05.07 06:54:36.581,2.39275,2.3934,4.00,23.50
2007.05.07 06:54:37.233,2.3927,2.3933,4.00,8.80
2007.05.07 06:54:47.955,2.3928,2.39325,11.90,4.00
2007.05.07 06:54:49.342,2.3929,2.3933,4.00,4.80
2007.05.07 06:54:49.682,2.3928,2.39325,11.90,4.00
2007.05.07 06:54:50.546,2.3928,2.3933,11.90,8.80
2007.05.07 06:54:50.820,2.3928,2.39325,11.90,4.00
2007.05.07 06:54:53.836,2.3927,2.39325,4.00,4.00
2007.05.07 06:54:59.410,2.39265,2.3932,4.00,4.00
2007.05.07 06:55:01.427,2.3928,2.3932,11.90,4.00
2007.05.07 06:55:04.957,2.3928,2.39315,4.00,4.00
2007.05.07 06:55:05.555,2.3928,2.3931,4.00,4.00
2007.05.07 06:55:05.888,2.3926,2.3931,11.90,4.80
2007.05.07 06:55:06.125,2.3926,2.393,11.90,4.00
2007.05.07 06:55:06.335,2.39245,2.393,4.00,4.00
2007.05.07 06:55:09.419,2.3926,2.393,4.00,4.00
2007.05.07 06:55:10.925,2.39245,2.393,4.00,4.00
2007.05.07 06:55:12.519,2.3924,2.393,27.10,4.00
2007.05.07 06:55:13.218,2.39245,2.393,15.90,4.00
2007.05.07 06:55:14.678,2.39245,2.393,1.20,4.00
2007.05.07 06:55:16.260,2.3925,2.39305,1.70,4.00
2007.05.07 06:55:20.645,2.3925,2.39305,0.80,4.00
2007.05.07 06:55:21.865,2.39255,2.3931,1.50,4.00
2007.05.07 06:55:24.181,2.3925,2.3931,14.30,4.00
2007.05.07 06:55:24.493,2.3925,2.3931,11.90,4.00
2007.05.07 06:55:24.876,2.3926,2.3931,1.80,4.00
2007.05.07 06:55:25.109,2.39285,2.3932,0.80,4.00
2007.05.07 06:55:25.316,2.3929,2.3934,0.80,4.80
2007.05.07 06:55:25.736,2.39285,2.3933,1.80,0.80
2007.05.07 06:55:26.034,2.3928,2.3933,7.20,0.80
2007.05.07 06:55:26.246,2.3927,2.3933,19.90,0.80
2007.05.07 06:55:27.299,2.3928,2.39335,13.60,4.00
2007.05.07 06:55:27.618,2.3928,2.3934,17.60,0.80
2007.05.07 06:55:28.342,2.3929,2.3934,3.10,0.80
2007.05.07 06:55:28.563,2.3929,2.3934,7.20,0.80
2007.05.07 06:55:28.772,2.3929,2.39345,21.50,4.00
2007.05.07 06:55:29.240,2.3929,2.3934,5.60,0.80
2007.05.07 06:55:29.588,2.3928,2.3934,12.00,0.80
2007.05.07 06:55:29.817,2.3929,2.3933,0.80,0.80
2007.05.07 06:55:30.099,2.3927,2.3933,22.30,0.80
2007.05.07 06:55:30.367,2.3927,2.3931,15.10,0.80
2007.05.07 06:55:30.633,2.3928,2.3931,0.80,4.80
2007.05.07 06:55:30.903,2.39295,2.3931,0.90,4.00
2007.05.07 06:55:31.420,2.3928,2.3931,2.20,4.00
2007.05.07 06:55:31.719,2.3928,2.3933,2.20,0.80
2007.05.07 06:55:41.317,2.3929,2.3934,4.80,0.80
2007.05.07 06:55:41.686,2.39295,2.3933,4.00,7.90
2007.05.07 06:55:41.944,2.39285,2.3933,4.00,8.70
2007.05.07 06:55:42.218,2.39285,2.3933,4.00,12.70
2007.05.07 06:55:44.526,2.3929,2.3933,0.80,4.00
2007.05.07 06:55:46.821,2.3929,2.3933,4.80,4.00
2007.05.07 06:55:47.074,2.3929,2.3932,4.00,0.80
2007.05.07 06:55:47.626,2.3929,2.3931,4.00,4.00
2007.05.07 06:55:48.191,2.39285,2.3931,4.00,4.00
2007.05.07 06:55:48.997,2.3927,2.3931,0.80,4.00
2007.05.07 06:55:54.276,2.39255,2.393,4.00,4.00
2007.05.07 06:55:54.926,2.3925,2.393,4.00,4.00
2007.05.07 06:55:55.186,2.39245,2.393,4.00,8.00
2007.05.07 06:55:56.898,2.3925,2.393,4.00,8.00
2007.05.07 06:55:57.111,2.39255,2.393,4.00,4.00
2007.05.07 06:55:57.391,2.3925,2.393,4.00,8.00
2007.05.07 06:55:57.607,2.39255,2.393,4.00,4.00
2007.05.07 06:55:57.981,2.39255,2.3931,4.00,4.00
2007.05.07 06:56:00.933,2.39255,2.3931,4.00,4.80
2007.05.07 06:56:01.337,2.3925,2.393,4.00,4.00
2007.05.07 06:56:01.551,2.39265,2.3932,4.00,15.90
2007.05.07 06:56:01.789,2.39255,2.3931,4.00,4.00
2007.05.07 06:56:03.928,2.39255,2.3931,4.00,4.80
2007.05.07 06:56:04.321,2.39245,2.393,4.00,4.00
2007.05.07 06:56:04.638,2.39245,2.393,4.00,8.00
2007.05.07 06:56:05.993,2.39245,2.393,1.30,8.00
2007.05.07 06:56:06.649,2.39265,2.393,2.40,4.00
2007.05.07 06:56:06.877,2.3924,2.393,15.90,8.00
2007.05.07 06:56:07.413,2.3925,2.393,1.60,4.00
2007.05.07 06:56:07.755,2.39245,2.393,2.40,8.00
2007.05.07 06:56:11.088,2.3925,2.393,2.20,4.00
2007.05.07 06:56:11.708,2.3924,2.393,16.70,8.00
2007.05.07 06:56:27.802,2.3924,2.393,16.70,8.80
2007.05.07 06:56:32.988,2.3926,2.393,0.80,4.00
2007.05.07 06:56:33.385,2.39255,2.393,4.00,4.80
2007.05.07 06:56:33.706,2.39255,2.393,4.00,0.80
2007.05.07 06:56:34.377,2.39245,2.393,4.00,4.80
2007.05.07 06:56:34.798,2.39245,2.393,4.00,8.80
2007.05.07 06:56:35.322,2.3926,2.393,12.70,8.00
2007.05.07 06:56:35.553,2.3926,2.393,12.70,4.00
2007.05.07 06:56:35.878,2.3926,2.3931,12.70,4.00
2007.05.07 06:56:36.112,2.39265,2.3932,4.00,4.80
2007.05.07 06:56:38.907,2.39285,2.3932,4.00,0.80
2007.05.07 06:56:39.964,2.39265,2.3932,4.00,4.80
2007.05.07 06:56:42.745,2.3926,2.3931,7.90,4.00
2007.05.07 06:56:42.990,2.39255,2.3931,4.00,4.00
2007.05.07 06:56:45.902,2.3926,2.3931,12.70,4.00
2007.05.07 06:56:46.304,2.39265,2.3932,4.00,8.80
2007.05.07 06:56:50.881,2.39265,2.3931,4.00,0.80
2007.05.07 06:56:51.083,2.3926,2.39305,0.80,4.00
2007.05.07 06:57:31.873,2.3926,2.39305,12.70,4.00
2007.05.07 06:57:32.129,2.39265,2.3932,4.00,8.80
2007.05.07 06:57:38.600,2.39265,2.3931,4.00,0.80
2007.05.07 06:57:38.811,2.39265,2.3932,4.00,8.80
2007.05.07 06:57:39.368,2.39265,2.3931,4.00,0.80
2007.05.07 06:57:40.042,2.39265,2.3932,4.00,8.80
2007.05.07 06:57:40.362,2.39265,2.3931,4.00,0.80
2007.05.07 06:57:40.946,2.3926,2.39315,16.70,4.00
2007.05.07 06:57:41.416,2.3926,2.3931,4.80,4.80
2007.05.07 06:57:41.910,2.3926,2.39315,16.70,4.00
2007.05.07 06:57:42.483,2.39265,2.3931,4.00,4.80
2007.05.07 06:57:42.882,2.39265,2.3931,4.00,4.00
2007.05.07 06:57:43.085,2.39265,2.3932,4.00,8.80
2007.05.07 06:57:43.496,2.39265,2.3931,4.00,0.80
2007.05.07 06:57:43.720,2.3926,2.3931,4.80,0.80
2007.05.07 06:57:43.971,2.3926,2.39315,4.80,4.00
2007.05.07 06:57:44.427,2.3928,2.3931,4.00,0.80
2007.05.07 06:57:45.215,2.3928,2.3932,4.00,5.60
2007.05.07 06:57:45.534,2.3928,2.3931,4.00,0.80
2007.05.07 06:57:46.708,2.3926,2.3931,4.80,0.80
2007.05.07 06:57:47.315,2.3926,2.3931,1.60,0.80
2007.05.07 06:58:07.922,2.3925,2.3929,17.10,0.80
2007.05.07 06:58:09.428,2.3924,2.3929,2.50,0.80
2007.05.07 06:58:11.500,2.3923,2.3927,1.20,0.80
2007.05.07 06:58:11.824,2.3921,2.3927,21.90,0.80
2007.05.07 06:58:13.444,2.3922,2.3926,1.50,0.70
2007.05.07 06:58:14.258,2.3921,2.3926,0.90,0.70
2007.05.07 06:58:14.967,2.392,2.3926,6.40,0.70
2007.05.07 06:58:15.596,2.392,2.39255,1.70,4.00
2007.05.07 06:58:17.098,2.3921,2.3926,8.00,4.60
2007.05.07 06:58:17.401,2.3922,2.3926,4.00,4.60
2007.05.07 06:58:17.674,2.3922,2.3927,4.00,4.80
2007.05.07 06:58:17.913,2.3922,2.3927,4.00,10.30
2007.05.07 06:58:18.118,2.392,2.3925,4.00,0.80
2007.05.07 06:58:18.413,2.3921,2.39255,4.00,4.00
2007.05.07 06:58:18.715,2.3921,2.3926,8.00,0.50
2007.05.07 06:58:18.956,2.3922,2.39265,4.00,4.00
2007.05.07 06:58:19.361,2.3922,2.39275,8.00,4.00
2007.05.07 06:58:22.432,2.3922,2.39275,4.00,4.00
2007.05.07 06:58:22.702,2.3922,2.3926,4.00,0.50
2007.05.07 06:58:22.913,2.3921,2.3926,8.00,0.50
2007.05.07 06:58:25.071,2.3922,2.39265,4.00,4.00
2007.05.07 06:58:26.542,2.3921,2.39265,8.00,4.00
2007.05.07 06:58:26.759,2.3922,2.3927,4.00,4.70
2007.05.07 06:58:27.101,2.3922,2.39275,16.70,4.00
2007.05.07 06:58:28.109,2.3923,2.39275,0.80,4.00
2007.05.07 06:58:29.024,2.39225,2.3928,4.00,4.00
2007.05.07 06:58:29.229,2.3923,2.39285,4.00,4.00
2007.05.07 06:58:30.563,2.3923,2.39285,6.40,4.00
2007.05.07 06:58:30.777,2.3923,2.39285,4.00,4.00
2007.05.07 06:58:35.073,2.3924,2.3929,4.00,0.80
2007.05.07 06:58:35.352,2.3924,2.39295,20.70,4.00
2007.05.07 06:58:35.586,2.3925,2.39305,4.00,4.00
2007.05.07 06:58:40.161,2.3925,2.393,4.00,0.80
2007.05.07 06:58:40.415,2.3924,2.3929,4.00,0.80
2007.05.07 06:58:40.670,2.3923,2.39285,4.00,4.00
2007.05.07 06:58:41.336,2.3923,2.3928,4.00,0.80
2007.05.07 06:58:41.840,2.3923,2.39285,4.00,4.00
2007.05.07 06:58:42.345,2.3923,2.3928,4.00,1.60
2007.05.07 06:58:42.755,2.3923,2.3928,4.00,2.40
2007.05.07 06:58:43.043,2.3923,2.39285,4.00,4.00
2007.05.07 06:58:44.153,2.39225,2.3928,4.00,4.00
2007.05.07 06:58:44.401,2.39235,2.3929,4.00,7.20
2007.05.07 06:58:44.702,2.39235,2.3928,4.00,2.40
2007.05.07 06:58:44.905,2.3922,2.39275,16.70,4.00
2007.05.07 06:58:45.548,2.39225,2.3928,4.00,6.40
2007.05.07 06:58:45.800,2.39225,2.3928,4.00,10.40
2007.05.07 06:58:46.677,2.39225,2.3928,4.00,8.80
2007.05.07 06:58:46.938,2.3923,2.3928,4.00,8.00
2007.05.07 06:58:47.305,2.39235,2.3928,4.00,4.00
2007.05.07 06:58:47.563,2.3923,2.3928,4.00,4.00
2007.05.07 06:58:47.794,2.39235,2.3929,4.00,6.40
2007.05.07 06:58:48.872,2.3924,2.3929,12.70,5.60
2007.05.07 06:58:49.104,2.39245,2.3929,4.00,1.60
2007.05.07 06:58:49.340,2.39245,2.3929,4.00,2.40
2007.05.07 06:58:49.617,2.3924,2.3929,8.00,5.60
2007.05.07 06:58:49.851,2.39245,2.3929,4.00,1.60
2007.05.07 06:58:53.663,2.3925,2.3929,4.00,1.60
2007.05.07 06:58:53.822,2.3925,2.3929,1.30,1.60
2007.05.07 06:58:54.714,2.3923,2.3929,19.10,1.60
2007.05.07 06:58:55.973,2.3925,2.3929,19.10,1.60
2007.05.07 06:59:03.002,2.3925,2.3929,19.90,1.60
2007.05.07 06:59:03.441,2.3924,2.3929,8.80,2.40
2007.05.07 06:59:04.353,2.3924,2.3929,4.80,3.20
2007.05.07 06:59:05.858,2.3925,2.3929,0.80,2.40
2007.05.07 06:59:06.179,2.39255,2.3929,0.60,2.40
2007.05.07 06:59:06.538,2.39255,2.393,1.00,2.40
2007.05.07 06:59:06.799,2.39255,2.393,1.30,1.60
2007.05.07 06:59:08.814,2.3925,2.3929,6.40,0.80
2007.05.07 06:59:09.049,2.3925,2.3929,6.40,2.40
2007.05.07 06:59:09.273,2.3926,2.3929,2.10,3.20
2007.05.07 06:59:09.984,2.3925,2.3929,6.40,7.20
2007.05.07 06:59:10.394,2.3925,2.3929,4.80,4.80
2007.05.07 06:59:10.634,2.39255,2.3929,1.50,4.00
2007.05.07 06:59:10.846,2.3925,2.393,0.80,5.60
2007.05.07 06:59:20.515,2.3924,2.393,10.40,4.80
2007.05.07 06:59:20.727,2.3926,2.393,0.80,4.00
2007.05.07 06:59:21.031,2.3926,2.39305,4.00,4.00
2007.05.07 06:59:23.514,2.3925,2.39305,4.00,4.00
2007.05.07 06:59:24.059,2.3924,2.39295,8.00,4.00
2007.05.07 06:59:24.308,2.3924,2.39295,4.00,4.00
2007.05.07 06:59:24.847,2.39235,2.39285,4.00,4.00
2007.05.07 06:59:28.730,2.3923,2.39285,4.00,4.00
2007.05.07 06:59:29.910,2.3924,2.39285,4.00,4.00
2007.05.07 06:59:30.162,2.3924,2.39285,8.00,4.00
2007.05.07 06:59:30.482,2.3924,2.39285,21.50,4.00
2007.05.07 06:59:30.841,2.3925,2.3929,4.00,2.40
2007.05.07 06:59:31.058,2.3925,2.3929,4.00,3.20
2007.05.07 06:59:31.583,2.3925,2.3929,4.00,7.20
2007.05.07 06:59:32.111,2.3925,2.3929,4.00,7.10
2007.05.07 06:59:32.574,2.3925,2.3929,4.00,4.00
2007.05.07 06:59:32.843,2.3924,2.3929,8.00,4.00
2007.05.07 06:59:33.074,2.39245,2.3929,4.00,4.00
2007.05.07 06:59:33.339,2.39255,2.3929,4.00,4.00
2007.05.07 06:59:33.999,2.39255,2.393,4.00,0.70
2007.05.07 06:59:34.669,2.39255,2.3929,4.00,0.70
2007.05.07 06:59:35.068,2.3925,2.3929,4.00,0.70
2007.05.07 06:59:35.600,2.3925,2.3929,4.00,0.60
2007.05.07 06:59:37.378,2.3925,2.3929,4.00,3.00
2007.05.07 06:59:37.764,2.3924,2.3929,10.40,7.00
2007.05.07 06:59:37.991,2.3925,2.3929,4.00,4.60
2007.05.07 06:59:38.517,2.3925,2.39305,4.00,4.00
2007.05.07 06:59:39.403,2.3925,2.3929,4.00,2.40
2007.05.07 06:59:39.667,2.3924,2.3929,4.00,3.00
2007.05.07 06:59:41.313,2.3924,2.3929,4.00,3.80
2007.05.07 06:59:41.523,2.39235,2.3929,4.00,7.80
2007.05.07 06:59:41.731,2.39235,2.39285,4.00,4.00
2007.05.07 06:59:43.881,2.39245,2.3929,4.00,0.70
2007.05.07 06:59:44.102,2.39245,2.3929,4.00,0.60
2007.05.07 06:59:45.267,2.39245,2.3929,4.00,0.70
2007.05.07 06:59:47.952,2.39235,2.39285,4.00,4.00
2007.05.07 06:59:55.448,2.3924,2.3929,4.00,3.20
2007.05.07 06:59:56.209,2.3924,2.39295,4.00,7.20
2007.05.07 06:59:58.752,2.3923,2.3928,4.00,0.70
2007.05.07 06:59:59.020,2.39225,2.3928,4.00,0.80
