2007.05.25 01:00:04.211,2.4038,2.4043,6.40,7.90
2007.05.25 01:00:04.326,2.4038,2.4042,4.40,2.00
2007.05.25 01:00:04.714,2.4038,2.4042,4.40,6.00
2007.05.25 01:00:04.730,2.4038,2.4041,4.40,5.50
2007.05.25 01:00:04.828,2.4038,2.4041,3.60,5.50
2007.05.25 01:00:04.885,2.4036,2.4041,8.80,5.50
2007.05.25 01:00:05.035,2.4036,2.4041,9.60,5.50
2007.05.25 01:00:05.112,2.4036,2.4041,10.40,5.50
2007.05.25 01:00:05.143,2.4036,2.4041,11.20,5.50
2007.05.25 01:00:05.167,2.4038,2.4041,2.40,5.50
2007.05.25 01:00:05.367,2.4038,2.40415,4.40,4.00
2007.05.25 01:00:05.412,2.4038,2.4042,8.00,4.00
2007.05.25 01:00:05.430,2.4038,2.4043,8.80,5.50
2007.05.25 01:00:08.953,2.4038,2.4043,5.20,9.50
2007.05.25 01:00:09.222,2.4039,2.4043,2.40,9.50
2007.05.25 01:00:09.434,2.4038,2.4043,6.00,9.50
2007.05.25 01:00:09.606,2.4038,2.4043,6.80,9.50
2007.05.25 01:00:09.657,2.404,2.4043,2.00,9.50
2007.05.25 01:00:09.799,2.404,2.4043,2.00,5.50
2007.05.25 01:00:10.303,2.4039,2.4043,4.40,5.50
2007.05.25 01:00:11.330,2.4039,2.4044,9.90,6.00
2007.05.25 01:00:11.474,2.4039,2.4044,9.90,2.00
2007.05.25 01:00:11.728,2.4039,2.4043,4.40,5.50
2007.05.25 01:00:13.053,2.4039,2.4043,0.80,5.50
2007.05.25 01:00:13.111,2.4038,2.4043,8.80,5.50
2007.05.25 01:00:14.428,2.4038,2.4043,8.80,9.50
2007.05.25 01:00:14.443,2.4038,2.4041,8.80,5.50
2007.05.25 01:00:14.486,2.4038,2.4041,8.80,0.80
2007.05.25 01:00:16.288,2.4038,2.4043,8.80,0.50
2007.05.25 01:00:16.370,2.4038,2.40435,8.80,9.50
2007.05.25 01:00:24.173,2.4038,2.40435,6.40,9.50
2007.05.25 01:00:24.294,2.4038,2.40435,4.40,11.90
2007.05.25 01:00:24.361,2.4038,2.40435,4.40,15.90
2007.05.25 01:00:24.499,2.4038,2.4044,0.80,26.70
2007.05.25 01:00:24.568,2.40375,2.4044,3.60,26.70
2007.05.25 01:00:24.723,2.4037,2.40425,9.90,0.90
2007.05.25 01:00:26.764,2.4037,2.40425,9.90,8.00
2007.05.25 01:00:26.875,2.4037,2.4042,4.40,13.80
2007.05.25 01:00:27.402,2.4037,2.4041,3.60,0.90
2007.05.25 01:00:27.493,2.4037,2.4041,4.40,0.80
2007.05.25 01:00:27.548,2.4037,2.40415,1.60,9.50
2007.05.25 01:00:27.664,2.4038,2.4041,2.40,0.90
2007.05.25 01:00:28.009,2.4038,2.40415,4.40,0.80
2007.05.25 01:00:28.207,2.4038,2.4043,5.20,9.50
2007.05.25 01:00:28.312,2.4038,2.40435,8.80,9.50
2007.05.25 01:00:30.090,2.4039,2.4043,3.60,0.80
2007.05.25 01:00:30.175,2.4039,2.4044,4.40,15.80
2007.05.25 01:00:30.292,2.4039,2.40445,9.90,8.00
2007.05.25 01:00:30.303,2.4039,2.4045,9.90,21.90
2007.05.25 01:00:30.715,2.4039,2.4044,9.90,4.80
2007.05.25 01:00:30.795,2.4039,2.4043,4.40,0.60
2007.05.25 01:00:31.136,2.4039,2.4043,4.40,0.50
2007.05.25 01:00:31.231,2.4039,2.4043,4.40,7.20
2007.05.25 01:00:31.362,2.4039,2.40415,0.80,0.70
2007.05.25 01:00:31.538,2.4037,2.40415,0.80,9.50
2007.05.25 01:00:31.669,2.4036,2.40415,11.20,9.50
2007.05.25 01:00:32.159,2.4037,2.4041,3.60,0.70
2007.05.25 01:00:32.183,2.4037,2.4041,4.40,0.70
2007.05.25 01:00:33.065,2.4037,2.4041,3.60,0.70
2007.05.25 01:00:33.163,2.4036,2.40415,11.20,9.50
2007.05.25 01:00:41.940,2.4036,2.4041,8.80,5.50
2007.05.25 01:00:42.060,2.4036,2.404,8.80,2.40
2007.05.25 01:00:42.156,2.4036,2.404,8.80,9.90
2007.05.25 01:00:42.314,2.4036,2.404,5.20,9.90
2007.05.25 01:00:42.533,2.4036,2.404,4.40,9.90
2007.05.25 01:00:42.544,2.4036,2.404,0.80,9.90
2007.05.25 01:00:42.568,2.40355,2.404,7.20,9.90
2007.05.25 01:00:42.682,2.4036,2.404,1.50,13.90
2007.05.25 01:00:42.780,2.4035,2.404,6.00,13.90
2007.05.25 01:00:42.823,2.4035,2.404,1.00,13.90
2007.05.25 01:00:42.874,2.4035,2.404,0.50,13.90
2007.05.25 01:00:42.980,2.4035,2.404,2.20,13.90
2007.05.25 01:00:43.058,2.40345,2.404,4.40,17.90
2007.05.25 01:00:49.413,2.4035,2.404,0.80,18.70
2007.05.25 01:00:49.462,2.4035,2.404,0.80,19.50
2007.05.25 01:00:49.615,2.4035,2.404,0.80,20.30
2007.05.25 01:00:49.723,2.4035,2.4038,0.80,2.40
2007.05.25 01:00:49.789,2.4035,2.4038,0.80,9.90
2007.05.25 01:00:49.989,2.4034,2.4038,5.20,9.90
2007.05.25 01:00:52.172,2.4034,2.4038,5.20,7.50
2007.05.25 01:00:52.305,2.4036,2.4039,2.00,4.00
2007.05.25 01:00:52.365,2.4036,2.4039,2.80,4.00
2007.05.25 01:00:52.468,2.4036,2.4039,3.60,4.00
2007.05.25 01:00:52.489,2.4036,2.404,4.40,9.90
2007.05.25 01:00:52.620,2.4036,2.404,7.60,9.90
2007.05.25 01:00:52.664,2.4036,2.404,8.40,9.90
2007.05.25 01:00:53.091,2.4036,2.404,4.40,9.90
2007.05.25 01:00:53.205,2.4036,2.404,3.60,9.90
2007.05.25 01:00:53.233,2.4036,2.404,0.80,9.90
2007.05.25 01:00:53.247,2.4035,2.404,10.00,9.90
2007.05.25 01:00:53.282,2.4035,2.404,10.00,13.90
2007.05.25 01:00:53.344,2.4035,2.404,9.20,13.90
2007.05.25 01:00:53.459,2.4035,2.404,9.20,14.70
2007.05.25 01:00:53.484,2.4035,2.404,8.40,14.70
2007.05.25 01:00:53.509,2.4035,2.404,4.00,19.50
2007.05.25 01:00:53.590,2.4035,2.404,4.00,20.30
2007.05.25 01:00:53.708,2.4035,2.4038,4.00,2.40
2007.05.25 01:00:53.770,2.4035,2.4038,4.00,9.90
2007.05.25 01:00:53.841,2.4034,2.4038,8.40,9.90
2007.05.25 01:00:58.272,2.4034,2.4038,8.40,7.50
2007.05.25 01:00:59.297,2.4034,2.4038,8.40,9.90
2007.05.25 01:01:09.163,2.4034,2.4038,8.40,13.90
2007.05.25 01:01:09.278,2.4034,2.4037,8.40,2.40
2007.05.25 01:01:09.497,2.4034,2.4037,6.40,4.40
2007.05.25 01:01:10.172,2.4034,2.4037,6.40,2.00
2007.05.25 01:01:10.439,2.4034,2.4037,2.40,2.00
2007.05.25 01:01:10.772,2.4034,2.4037,2.40,4.40
2007.05.25 01:01:11.138,2.4034,2.4037,1.60,4.40
2007.05.25 01:01:11.209,2.4034,2.4037,0.80,4.40
2007.05.25 01:01:11.414,2.4033,2.4037,9.60,4.40
2007.05.25 01:01:13.732,2.4033,2.4036,9.60,4.00
2007.05.25 01:01:13.904,2.4033,2.4036,6.00,4.00
2007.05.25 01:01:14.011,2.4033,2.4036,2.00,4.00
2007.05.25 01:01:14.261,2.4033,2.4037,2.00,4.40
2007.05.25 01:01:14.760,2.4033,2.4037,2.00,2.00
2007.05.25 01:01:14.923,2.4033,2.4037,5.60,2.00
2007.05.25 01:01:15.162,2.4033,2.4037,9.60,2.00
2007.05.25 01:01:19.993,2.4033,2.4037,6.00,2.00
2007.05.25 01:01:20.202,2.4033,2.4037,6.00,4.40
2007.05.25 01:01:21.124,2.4033,2.4037,6.00,2.00
2007.05.25 01:01:21.282,2.4033,2.4037,9.60,2.00
2007.05.25 01:01:21.347,2.4034,2.4038,2.00,9.90
2007.05.25 01:01:22.253,2.4034,2.4038,2.00,13.90
2007.05.25 01:01:22.319,2.4034,2.40375,2.00,4.00
2007.05.25 01:01:22.329,2.4033,2.40375,4.00,4.00
2007.05.25 01:01:22.385,2.4032,2.40375,17.50,4.00
2007.05.25 01:01:23.218,2.4034,2.40375,2.00,4.00
2007.05.25 01:01:23.372,2.4034,2.4038,2.00,9.90
2007.05.25 01:01:24.026,2.4034,2.4038,6.00,9.90
2007.05.25 01:01:24.397,2.4034,2.4038,4.00,9.90
2007.05.25 01:01:24.479,2.4033,2.4038,11.60,9.90
2007.05.25 01:01:24.643,2.4033,2.4037,11.60,2.40
2007.05.25 01:01:24.695,2.4033,2.4037,11.60,4.40
2007.05.25 01:01:24.751,2.4033,2.4036,11.60,4.00
2007.05.25 01:01:24.905,2.4033,2.4036,8.00,4.00
2007.05.25 01:01:25.075,2.4033,2.4036,4.80,4.00
2007.05.25 01:01:25.720,2.4033,2.4036,4.00,4.00
2007.05.25 01:01:25.777,2.4032,2.4036,11.90,4.00
2007.05.25 01:01:26.191,2.4032,2.4037,11.90,4.40
2007.05.25 01:01:26.404,2.4032,2.4037,15.90,4.40
2007.05.25 01:01:26.437,2.4033,2.4037,2.00,4.40
2007.05.25 01:01:26.598,2.4033,2.4037,2.00,2.00
2007.05.25 01:01:27.650,2.4033,2.4037,2.80,2.00
2007.05.25 01:01:27.711,2.4033,2.4037,2.80,4.40
2007.05.25 01:01:27.907,2.4033,2.4037,6.40,4.40
2007.05.25 01:01:28.242,2.4033,2.4035,6.40,2.40
2007.05.25 01:01:28.382,2.4033,2.4035,4.40,2.40
2007.05.25 01:01:28.646,2.4033,2.4035,0.80,2.40
2007.05.25 01:01:28.716,2.4032,2.4035,2.80,2.40
2007.05.25 01:01:28.751,2.4032,2.4036,2.80,13.90
2007.05.25 01:01:30.264,2.4032,2.4036,2.80,13.10
2007.05.25 01:01:31.291,2.4032,2.4036,2.00,13.10
2007.05.25 01:01:32.316,2.4032,2.4036,2.80,13.10
2007.05.25 01:01:35.186,2.4032,2.4036,2.80,16.30
2007.05.25 01:01:35.316,2.4032,2.4035,0.80,2.00
2007.05.25 01:01:35.454,2.4031,2.4034,2.00,3.20
2007.05.25 01:01:37.223,2.4031,2.4034,2.00,5.60
2007.05.25 01:01:37.262,2.4031,2.4034,2.00,11.10
2007.05.25 01:01:37.355,2.403,2.4034,8.80,13.10
2007.05.25 01:01:40.398,2.403,2.4034,8.80,12.30
2007.05.25 01:01:41.186,2.403,2.4034,12.00,12.30
2007.05.25 01:01:41.218,2.403,2.4034,8.40,12.30
2007.05.25 01:01:41.241,2.403,2.4035,8.40,23.40
2007.05.25 01:01:41.760,2.403,2.4035,8.40,21.80
2007.05.25 01:01:43.182,2.403,2.4034,8.40,15.50
2007.05.25 01:01:43.274,2.403,2.4034,6.40,20.30
2007.05.25 01:01:43.666,2.403,2.4034,2.40,20.30
2007.05.25 01:01:46.146,2.403,2.4033,2.40,0.80
2007.05.25 01:01:46.282,2.403,2.4035,4.40,23.40
2007.05.25 01:01:46.295,2.403,2.4034,4.40,0.70
2007.05.25 01:01:46.358,2.403,2.4034,4.40,0.60
2007.05.25 01:01:46.486,2.403,2.4034,4.40,0.80
2007.05.25 01:01:47.822,2.403,2.4034,4.40,0.70
2007.05.25 01:01:48.789,2.403,2.4035,2.80,20.20
2007.05.25 01:01:48.825,2.403,2.4034,2.00,0.80
2007.05.25 01:01:50.194,2.403,2.4034,2.00,0.50
2007.05.25 01:01:50.235,2.403,2.4033,2.00,3.20
2007.05.25 01:01:50.280,2.4029,2.4033,7.60,13.00
2007.05.25 01:01:50.358,2.4029,2.4032,4.00,0.60
2007.05.25 01:01:50.494,2.4028,2.4033,5.60,13.80
2007.05.25 01:01:50.584,2.4028,2.40325,2.00,12.30
2007.05.25 01:01:51.252,2.4028,2.4032,2.00,0.50
2007.05.25 01:01:53.609,2.4028,2.4032,2.00,0.70
2007.05.25 01:01:53.802,2.4028,2.4032,2.00,0.80
2007.05.25 01:01:53.893,2.4028,2.40325,6.00,11.50
2007.05.25 01:01:56.789,2.4028,2.4033,4.00,17.00
2007.05.25 01:01:57.191,2.4028,2.4031,4.00,0.80
2007.05.25 01:01:57.281,2.4028,2.4032,4.00,13.10
2007.05.25 01:01:57.329,2.4028,2.4031,4.00,5.20
2007.05.25 01:01:57.845,2.40275,2.4031,3.60,5.20
2007.05.25 01:01:58.022,2.4026,2.4031,11.50,9.20
2007.05.25 01:01:58.311,2.4026,2.403,9.50,0.60
2007.05.25 01:01:58.569,2.4026,2.4031,4.00,17.00
2007.05.25 01:01:59.365,2.4026,2.403,7.60,0.70
2007.05.25 01:02:00.293,2.4026,2.4031,9.60,13.00
2007.05.25 01:02:00.727,2.4026,2.4031,9.60,15.40
2007.05.25 01:02:00.822,2.4026,2.4029,7.60,0.50
2007.05.25 01:02:01.202,2.4026,2.403,3.60,11.50
2007.05.25 01:02:01.267,2.4026,2.403,3.60,13.90
2007.05.25 01:02:01.331,2.4025,2.40295,6.00,8.40
2007.05.25 01:02:01.924,2.4025,2.40295,6.00,6.00
2007.05.25 01:02:02.284,2.40245,2.40295,9.60,8.00
2007.05.25 01:02:02.649,2.4025,2.40295,0.70,0.50
2007.05.25 01:02:02.770,2.4025,2.4028,0.80,0.50
2007.05.25 01:02:03.093,2.40245,2.4028,0.80,0.70
2007.05.25 01:02:03.124,2.40235,2.40285,7.60,9.50
2007.05.25 01:02:05.120,2.4025,2.4028,0.70,0.90
2007.05.25 01:02:05.404,2.40255,2.4028,0.60,0.80
2007.05.25 01:02:05.487,2.40255,2.40305,11.10,6.80
2007.05.25 01:02:05.575,2.4026,2.403,0.60,0.90
2007.05.25 01:02:06.458,2.40255,2.40305,15.10,6.80
2007.05.25 01:02:06.480,2.4026,2.403,0.70,0.50
2007.05.25 01:02:06.666,2.40255,2.40305,15.10,10.00
2007.05.25 01:02:06.690,2.4026,2.403,0.60,0.50
2007.05.25 01:02:06.765,2.40255,2.403,13.10,6.80
2007.05.25 01:02:06.908,2.4024,2.403,15.10,15.50
2007.05.25 01:02:06.938,2.4023,2.40295,23.80,6.00
2007.05.25 01:02:07.180,2.4024,2.4028,0.70,0.90
2007.05.25 01:02:07.985,2.40235,2.40285,9.60,11.50
2007.05.25 01:02:10.648,2.40235,2.4028,12.00,7.50
2007.05.25 01:02:10.857,2.40235,2.4028,12.00,5.50
2007.05.25 01:02:10.987,2.4024,2.40285,7.80,4.00
2007.05.25 01:02:11.746,2.4024,2.40285,16.20,4.00
2007.05.25 01:02:12.162,2.4025,2.40285,2.70,4.00
2007.05.25 01:02:12.351,2.40245,2.40295,13.10,4.00
2007.05.25 01:02:12.551,2.4024,2.40305,19.80,4.00
2007.05.25 01:02:14.253,2.4024,2.403,19.80,2.00
2007.05.25 01:02:14.739,2.4024,2.403,19.80,7.60
2007.05.25 01:02:14.750,2.4025,2.4029,0.60,5.50
2007.05.25 01:02:14.867,2.4025,2.4029,1.20,5.50
2007.05.25 01:02:14.926,2.4024,2.4029,2.20,5.50
2007.05.25 01:02:15.352,2.4024,2.4029,3.00,5.50
2007.05.25 01:02:16.899,2.40235,2.4029,8.80,9.50
2007.05.25 01:02:17.122,2.4023,2.4029,32.70,5.50
2007.05.25 01:02:25.757,2.4024,2.4029,2.70,5.50
2007.05.25 01:02:25.771,2.4023,2.4029,17.90,5.50
2007.05.25 01:02:26.266,2.40235,2.4029,4.40,9.50
2007.05.25 01:02:26.311,2.40235,2.4028,4.40,1.60
2007.05.25 01:02:26.324,2.4024,2.4028,0.80,9.50
2007.05.25 01:02:26.641,2.4023,2.4028,3.30,9.50
2007.05.25 01:02:26.654,2.4024,2.4028,0.60,9.50
2007.05.25 01:02:26.772,2.4024,2.4028,0.60,7.90
2007.05.25 01:02:26.799,2.4023,2.4028,11.60,7.90
2007.05.25 01:02:26.857,2.4023,2.4029,24.70,5.50
2007.05.25 01:02:31.877,2.4025,2.40295,6.30,4.00
2007.05.25 01:02:31.919,2.4025,2.403,9.90,4.00
2007.05.25 01:02:32.132,2.4025,2.40305,9.90,4.00
2007.05.25 01:02:35.161,2.4025,2.403,9.10,6.00
2007.05.25 01:02:35.201,2.4025,2.40295,5.50,4.00
2007.05.25 01:02:35.276,2.4024,2.4029,8.80,5.50
2007.05.25 01:02:36.317,2.4025,2.4029,0.80,5.50
2007.05.25 01:02:36.486,2.4025,2.4029,4.40,5.50
2007.05.25 01:02:37.231,2.4025,2.4029,0.80,5.50
2007.05.25 01:02:38.378,2.4024,2.4029,8.80,5.50
2007.05.25 01:02:41.185,2.4024,2.4029,6.40,5.50
2007.05.25 01:02:41.266,2.4024,2.4029,6.40,8.70
2007.05.25 01:02:41.302,2.4024,2.4028,6.40,0.80
2007.05.25 01:02:41.409,2.4024,2.4028,6.40,4.80
2007.05.25 01:02:41.563,2.4024,2.4028,4.40,12.70
2007.05.25 01:02:41.872,2.4024,2.40275,0.80,4.00
2007.05.25 01:02:42.751,2.4024,2.40275,3.20,4.00
2007.05.25 01:02:42.766,2.4024,2.40275,5.20,4.00
2007.05.25 01:02:43.381,2.4024,2.4028,5.20,12.30
2007.05.25 01:02:43.669,2.4024,2.4028,3.20,12.30
2007.05.25 01:02:43.703,2.4024,2.4028,0.80,12.30
2007.05.25 01:02:43.790,2.4024,2.4027,0.80,5.50
2007.05.25 01:02:44.610,2.4024,2.4027,3.20,5.50
2007.05.25 01:02:44.702,2.4024,2.4027,5.20,5.50
2007.05.25 01:02:44.784,2.4024,2.40275,5.20,4.00
2007.05.25 01:02:44.861,2.4024,2.4028,5.20,12.30
2007.05.25 01:02:45.354,2.4024,2.4028,5.20,12.30
2007.05.25 01:02:45.692,2.4024,2.4028,4.40,16.30
2007.05.25 01:02:46.602,2.4024,2.4028,4.40,12.30
2007.05.25 01:02:46.691,2.4024,2.4028,2.00,12.30
2007.05.25 01:02:46.710,2.4023,2.4028,4.40,12.30
2007.05.25 01:02:47.006,2.4023,2.4027,4.40,5.50
2007.05.25 01:02:47.748,2.4022,2.4027,14.40,5.50
2007.05.25 01:02:48.208,2.4022,2.4027,11.20,5.50
2007.05.25 01:02:48.430,2.4021,2.4027,28.70,5.50
2007.05.25 01:02:53.494,2.4022,2.4027,5.20,5.50
2007.05.25 01:02:53.507,2.4022,2.4027,2.70,5.50
2007.05.25 01:02:53.571,2.4021,2.4027,26.30,5.50
2007.05.25 01:02:57.763,2.4022,2.40275,6.80,4.00
2007.05.25 01:02:57.861,2.4022,2.40275,19.90,4.00
2007.05.25 01:02:57.886,2.4022,2.4028,19.90,4.80
2007.05.25 01:02:57.942,2.4023,2.4028,15.50,4.80
2007.05.25 01:02:57.970,2.4023,2.4028,15.50,4.00
2007.05.25 01:02:58.126,2.40235,2.4028,4.40,0.06
2007.05.25 01:02:58.267,2.4024,2.4028,1.40,0.06
2007.05.25 01:02:58.476,2.4024,2.4028,0.80,0.06
2007.05.25 01:02:58.666,2.4024,2.4028,8.40,0.06
2007.05.25 01:03:00.727,2.40245,2.4028,4.40,0.80
2007.05.25 01:03:00.732,2.40245,2.4028,4.40,8.70
2007.05.25 01:03:01.245,2.4023,2.4028,4.40,8.70
2007.05.25 01:03:01.430,2.40225,2.4028,4.40,12.70
2007.05.25 01:03:02.232,2.4023,2.4028,4.40,8.70
2007.05.25 01:03:02.378,2.40235,2.4028,4.40,8.70
2007.05.25 01:03:03.406,2.40235,2.4028,11.90,0.80
2007.05.25 01:03:03.727,2.4024,2.4028,0.80,0.06
2007.05.25 01:03:03.834,2.4023,2.4028,22.20,0.06
2007.05.25 01:03:05.780,2.4023,2.4028,16.60,0.06
2007.05.25 01:03:05.796,2.4024,2.4028,3.10,0.06
2007.05.25 01:03:07.818,2.4024,2.4028,3.00,0.06
2007.05.25 01:03:07.860,2.4024,2.4028,2.90,0.06
2007.05.25 01:03:08.778,2.4023,2.4028,24.60,0.06
2007.05.25 01:03:08.884,2.4024,2.4028,16.70,0.06
2007.05.25 01:03:09.013,2.4025,2.4028,2.60,0.06
2007.05.25 01:03:09.080,2.4024,2.4028,19.90,0.06
2007.05.25 01:03:09.708,2.4025,2.4028,3.60,0.06
2007.05.25 01:03:10.970,2.40255,2.4028,5.20,0.06
2007.05.25 01:03:12.102,2.4026,2.4028,0.80,0.06
2007.05.25 01:03:19.118,2.4026,2.4028,3.20,0.06
2007.05.25 01:03:19.209,2.4027,2.4028,2.00,0.06
2007.05.25 01:03:19.544,2.4027,2.4031,2.00,11.50
2007.05.25 01:03:21.778,2.4026,2.4031,9.20,11.50
2007.05.25 01:03:22.591,2.4026,2.4028,9.20,0.06
2007.05.25 01:03:22.838,2.4026,2.4028,5.20,0.06
2007.05.25 01:03:23.264,2.4026,2.4028,6.80,0.06
2007.05.25 01:03:23.377,2.4026,2.4028,6.00,0.06
2007.05.25 01:03:23.562,2.4026,2.4028,4.00,0.06
2007.05.25 01:03:24.068,2.4025,2.4028,8.40,0.06
2007.05.25 01:03:24.282,2.4026,2.4028,2.00,0.06
2007.05.25 01:03:24.694,2.4025,2.4028,4.40,0.06
2007.05.25 01:03:25.827,2.4025,2.4029,4.40,11.56
2007.05.25 01:03:26.186,2.4025,2.4029,2.00,10.76
2007.05.25 01:03:26.252,2.4024,2.4029,10.40,10.70
2007.05.25 01:03:26.339,2.4024,2.4028,10.40,0.90
2007.05.25 01:03:26.546,2.4024,2.4028,10.40,10.70
2007.05.25 01:03:26.591,2.4024,2.4028,10.40,11.50
2007.05.25 01:03:26.687,2.4024,2.4028,10.40,12.30
2007.05.25 01:03:26.959,2.4024,2.4027,9.60,0.50
2007.05.25 01:03:27.053,2.4024,2.4027,7.60,0.90
2007.05.25 01:03:27.252,2.4024,2.4028,4.00,14.70
2007.05.25 01:03:27.278,2.4024,2.4026,4.00,0.50
2007.05.25 01:03:27.894,2.4023,2.4027,7.60,4.40
2007.05.25 01:03:28.095,2.4023,2.4027,3.60,5.20
2007.05.25 01:03:28.220,2.4022,2.40265,9.90,6.00
2007.05.25 01:03:28.601,2.4022,2.40265,13.90,6.00
2007.05.25 01:03:31.269,2.4022,2.4026,8.40,0.80
2007.05.25 01:03:33.398,2.4023,2.4026,2.40,0.50
2007.05.25 01:03:33.427,2.4023,2.4027,4.40,0.90
2007.05.25 01:03:33.468,2.4023,2.4027,4.40,0.50
2007.05.25 01:03:33.564,2.4023,2.4028,4.40,14.60
2007.05.25 01:03:34.072,2.4023,2.4027,4.40,0.60
2007.05.25 01:03:35.800,2.4023,2.4027,2.00,0.60
2007.05.25 01:03:36.037,2.4022,2.4027,12.00,7.50
2007.05.25 01:03:36.178,2.4022,2.4027,8.40,11.50
2007.05.25 01:03:39.930,2.4022,2.4027,6.00,11.50
2007.05.25 01:03:39.941,2.4022,2.4027,6.00,13.80
2007.05.25 01:03:40.349,2.4022,2.4026,2.00,0.60
2007.05.25 01:03:40.685,2.4022,2.4027,2.00,14.60
2007.05.25 01:03:41.215,2.4022,2.4026,2.00,0.90
2007.05.25 01:03:41.331,2.4022,2.4026,4.40,0.70
2007.05.25 01:03:41.434,2.4022,2.40265,8.40,6.00
2007.05.25 01:03:43.298,2.4022,2.4027,6.00,18.70
2007.05.25 01:03:43.356,2.4022,2.4027,6.00,21.00
2007.05.25 01:03:43.555,2.4022,2.40265,2.00,13.90
2007.05.25 01:03:45.516,2.4022,2.40265,2.00,13.90
2007.05.25 01:03:47.588,2.4022,2.40265,2.00,14.70
2007.05.25 01:03:47.668,2.4022,2.4026,2.00,0.70
2007.05.25 01:03:47.924,2.4022,2.4026,2.00,0.50
2007.05.25 01:03:56.464,2.4022,2.4026,2.00,16.30
2007.05.25 01:03:57.232,2.4022,2.4026,2.00,12.30
2007.05.25 01:04:10.011,2.4022,2.4026,2.00,9.90
2007.05.25 01:04:14.524,2.4021,2.4025,2.80,2.00
2007.05.25 01:04:19.342,2.4021,2.4025,2.00,2.00
2007.05.25 01:04:19.440,2.4021,2.4025,2.00,6.00
2007.05.25 01:04:20.832,2.4022,2.4025,5.50,4.00
2007.05.25 01:04:22.008,2.4022,2.4025,1.30,4.00
2007.05.25 01:04:22.144,2.4021,2.4026,13.40,6.40
2007.05.25 01:04:22.268,2.4022,2.4026,2.80,2.40
2007.05.25 01:04:22.563,2.4022,2.4026,2.20,2.40
2007.05.25 01:04:22.670,2.40215,2.4025,9.90,2.00
2007.05.25 01:04:22.777,2.4021,2.4025,6.40,2.00
2007.05.25 01:04:22.869,2.4021,2.4025,6.40,6.00
2007.05.25 01:04:22.915,2.40205,2.4025,6.40,6.00
2007.05.25 01:04:23.177,2.402,2.4025,23.50,10.00
2007.05.25 01:04:23.198,2.4021,2.4025,1.50,12.40
2007.05.25 01:04:23.695,2.4021,2.4025,1.60,10.00
2007.05.25 01:04:24.368,2.402,2.4025,20.30,10.00
2007.05.25 01:04:25.206,2.4021,2.4025,0.90,12.40
2007.05.25 01:04:25.240,2.40205,2.4025,5.60,8.40
2007.05.25 01:04:25.418,2.40205,2.4025,5.60,6.00
2007.05.25 01:04:25.870,2.40205,2.4025,9.60,6.00
2007.05.25 01:04:27.459,2.4021,2.4025,1.60,8.40
2007.05.25 01:04:31.446,2.40205,2.4025,9.60,6.00
2007.05.25 01:04:35.785,2.40205,2.4025,7.60,4.00
2007.05.25 01:04:35.972,2.40205,2.40255,7.60,4.00
2007.05.25 01:04:38.018,2.4021,2.4025,1.70,6.40
2007.05.25 01:04:38.068,2.40205,2.4025,1.70,8.40
2007.05.25 01:04:38.179,2.40195,2.4025,13.10,12.40
2007.05.25 01:04:38.260,2.40195,2.40245,13.10,4.00
2007.05.25 01:04:40.182,2.4021,2.40245,1.20,4.00
2007.05.25 01:04:40.387,2.402,2.40245,13.90,4.00
2007.05.25 01:04:40.486,2.40205,2.4025,9.60,3.60
2007.05.25 01:04:40.680,2.40205,2.4025,9.60,10.80
2007.05.25 01:04:40.787,2.4021,2.4025,1.70,14.80
2007.05.25 01:04:40.805,2.40205,2.4023,7.60,2.00
2007.05.25 01:04:43.788,2.40185,2.4023,9.60,2.00
2007.05.25 01:04:45.535,2.40185,2.4023,9.60,2.00
2007.05.25 01:04:45.730,2.40185,2.4023,9.60,0.06
2007.05.25 01:04:45.830,2.4018,2.4023,31.90,0.06
2007.05.25 01:04:45.841,2.4019,2.4023,17.40,0.06
2007.05.25 01:04:46.794,2.40195,2.4023,13.10,0.06
2007.05.25 01:04:47.196,2.4021,2.4023,1.00,0.06
2007.05.25 01:04:47.438,2.4021,2.4023,2.20,0.06
2007.05.25 01:04:47.616,2.4021,2.4023,4.40,0.06
2007.05.25 01:04:48.744,2.4021,2.4023,2.40,0.06
2007.05.25 01:04:49.314,2.4019,2.4023,24.60,0.06
2007.05.25 01:04:49.397,2.402,2.4023,5.50,0.06
2007.05.25 01:04:50.571,2.40195,2.4023,15.50,0.06
2007.05.25 01:04:50.632,2.40195,2.4023,13.10,0.06
2007.05.25 01:04:53.782,2.402,2.4023,4.00,2.00
2007.05.25 01:04:53.858,2.402,2.4023,4.00,6.00
2007.05.25 01:04:54.579,2.4019,2.4023,6.00,6.00
2007.05.25 01:04:58.252,2.4019,2.4023,4.00,6.00
2007.05.25 01:04:59.017,2.40185,2.4023,3.60,6.00
2007.05.25 01:04:59.094,2.4018,2.4023,9.50,10.00
2007.05.25 01:05:00.722,2.4018,2.4022,9.50,0.80
2007.05.25 01:05:00.910,2.4018,2.4023,9.50,10.00
2007.05.25 01:05:01.001,2.4018,2.4023,11.90,10.00
2007.05.25 01:05:01.051,2.4019,2.4023,6.00,10.00
2007.05.25 01:05:01.132,2.4019,2.4023,6.00,6.00
2007.05.25 01:05:01.145,2.4019,2.4023,6.00,0.70
2007.05.25 01:05:01.349,2.4019,2.40235,4.00,10.00
2007.05.25 01:05:01.788,2.4019,2.40235,6.00,10.00
2007.05.25 01:05:01.845,2.4019,2.40235,6.00,6.00
2007.05.25 01:05:03.322,2.40185,2.40235,3.60,6.00
2007.05.25 01:05:03.476,2.4018,2.4023,9.50,0.70
2007.05.25 01:05:04.761,2.4018,2.4021,9.50,0.50
2007.05.25 01:05:05.187,2.4018,2.4021,5.50,0.90
2007.05.25 01:05:05.315,2.4017,2.4022,6.00,11.50
2007.05.25 01:05:08.174,2.4017,2.4021,6.00,0.60
2007.05.25 01:05:08.179,2.4017,2.4021,6.00,0.60
2007.05.25 01:05:08.370,2.4017,2.4021,6.00,0.50
2007.05.25 01:05:08.492,2.4017,2.4022,6.00,21.90
2007.05.25 01:05:08.704,2.4017,2.4021,6.00,0.60
2007.05.25 01:05:08.871,2.4017,2.4021,6.00,0.90
2007.05.25 01:05:08.884,2.4017,2.4021,6.00,15.40
2007.05.25 01:05:09.005,2.4017,2.4022,6.00,17.90
2007.05.25 01:05:09.098,2.4017,2.4021,6.00,0.60
2007.05.25 01:05:09.244,2.4017,2.4021,9.60,6.80
2007.05.25 01:05:09.600,2.4018,2.402,5.50,4.40
2007.05.25 01:05:09.642,2.4017,2.402,7.60,10.30
2007.05.25 01:05:09.746,2.4017,2.4019,7.60,0.60
2007.05.25 01:05:09.838,2.4013,2.4019,6.40,17.40
2007.05.25 01:05:09.847,2.4013,2.4019,2.40,17.40
2007.05.25 01:05:09.955,2.4013,2.4018,2.40,0.80
2007.05.25 01:05:10.403,2.4013,2.4018,2.40,0.90
2007.05.25 01:05:10.587,2.4014,2.4019,0.80,23.00
2007.05.25 01:05:10.645,2.4014,2.4019,1.60,23.10
2007.05.25 01:05:10.984,2.4017,2.4018,4.30,0.70
2007.05.25 01:05:11.070,2.4017,2.4018,4.30,0.70
2007.05.25 01:05:11.204,2.4017,2.4018,4.30,0.90
2007.05.25 01:05:11.214,2.4017,2.4019,4.30,29.50
2007.05.25 01:05:11.319,2.4017,2.4018,4.30,16.00
2007.05.25 01:05:11.636,2.4015,2.4017,0.80,0.60
2007.05.25 01:05:11.684,2.4015,2.4018,0.80,21.50
2007.05.25 01:05:11.944,2.40145,2.4018,3.50,22.30
2007.05.25 01:05:11.982,2.4014,2.4018,2.40,25.50
2007.05.25 01:05:12.307,2.4014,2.4018,1.60,23.10
2007.05.25 01:05:12.529,2.4014,2.4018,0.80,23.10
2007.05.25 01:05:12.627,2.4013,2.4017,6.70,0.90
2007.05.25 01:05:12.682,2.4014,2.4018,2.40,20.70
2007.05.25 01:05:13.219,2.4013,2.4018,6.70,22.30
2007.05.25 01:05:13.353,2.4013,2.4017,6.70,0.70
2007.05.25 01:05:13.410,2.4013,2.4019,6.70,28.40
2007.05.25 01:05:13.515,2.4013,2.4018,5.90,0.50
2007.05.25 01:05:13.566,2.4013,2.4019,5.10,28.40
2007.05.25 01:05:13.715,2.4013,2.4018,4.30,24.80
2007.05.25 01:05:13.875,2.4013,2.4017,4.30,14.30
2007.05.25 01:05:14.586,2.4014,2.4017,0.80,18.30
2007.05.25 01:05:14.708,2.4014,2.4016,0.80,14.30
2007.05.25 01:05:15.705,2.40135,2.4016,3.50,16.70
2007.05.25 01:05:15.737,2.4011,2.4016,4.30,16.70
2007.05.25 01:05:15.749,2.4011,2.4016,4.30,0.90
2007.05.25 01:05:15.843,2.4011,2.40165,12.20,6.40
2007.05.25 01:05:16.252,2.4011,2.4016,8.70,0.60
2007.05.25 01:05:17.491,2.4011,2.40165,12.20,6.40
2007.05.25 01:05:17.776,2.4011,2.4016,12.20,0.80
2007.05.25 01:05:17.976,2.4011,2.4016,12.20,0.70
2007.05.25 01:05:18.018,2.4011,2.40165,12.20,8.80
2007.05.25 01:05:18.297,2.4011,2.4016,8.70,0.70
2007.05.25 01:05:20.025,2.4011,2.4017,11.10,27.10
2007.05.25 01:05:20.204,2.4012,2.4017,2.00,24.70
2007.05.25 01:05:20.223,2.4012,2.4017,2.00,16.70
2007.05.25 01:05:20.316,2.4012,2.4017,2.00,15.90
2007.05.25 01:05:21.079,2.40125,2.4018,3.50,26.70
2007.05.25 01:05:21.189,2.4013,2.4017,0.80,0.60
2007.05.25 01:05:22.075,2.4013,2.4018,0.80,25.90
2007.05.25 01:05:22.116,2.4013,2.4018,0.80,32.70
2007.05.25 01:05:22.203,2.4013,2.4018,0.80,34.30
2007.05.25 01:05:23.064,2.40125,2.4017,3.50,0.70
2007.05.25 01:05:23.184,2.40125,2.4016,3.50,0.60
2007.05.25 01:05:23.243,2.40125,2.4017,3.50,19.50
2007.05.25 01:05:23.404,2.40125,2.4016,3.50,15.80
2007.05.25 01:05:24.762,2.4011,2.4015,8.30,0.90
2007.05.25 01:05:24.789,2.4012,2.4016,2.40,11.00
2007.05.25 01:05:24.906,2.4012,2.4015,6.40,0.60
2007.05.25 01:05:24.965,2.4012,2.4015,7.20,0.50
2007.05.25 01:05:25.044,2.4012,2.4015,8.00,0.50
2007.05.25 01:05:25.165,2.4013,2.4015,2.40,0.80
2007.05.25 01:05:26.065,2.4013,2.4017,2.40,16.80
2007.05.25 01:05:26.228,2.4014,2.4017,2.00,13.50
2007.05.25 01:05:26.312,2.4014,2.4018,5.50,15.10
2007.05.25 01:05:26.456,2.4014,2.4017,11.00,0.80
2007.05.25 01:05:26.512,2.4014,2.4017,11.80,0.06
2007.05.25 01:05:29.054,2.4014,2.4018,8.30,2.56
2007.05.25 01:05:29.167,2.4014,2.4018,7.50,2.56
2007.05.25 01:05:29.664,2.4014,2.4017,7.50,2.40
2007.05.25 01:05:29.819,2.4014,2.4017,5.50,4.40
2007.05.25 01:05:30.261,2.4014,2.4017,5.50,5.20
2007.05.25 01:05:30.324,2.4013,2.4017,4.30,5.20
2007.05.25 01:05:30.499,2.4013,2.4017,3.50,5.20
2007.05.25 01:05:30.548,2.4012,2.40165,8.30,4.00
2007.05.25 01:05:30.840,2.4012,2.4017,11.80,2.80
2007.05.25 01:05:30.945,2.4012,2.4017,11.80,0.80
2007.05.25 01:05:31.358,2.40135,2.4017,3.50,0.80
2007.05.25 01:05:31.584,2.4012,2.4017,11.80,0.80
2007.05.25 01:05:31.640,2.4012,2.4017,11.80,1.60
2007.05.25 01:05:31.717,2.4012,2.4017,11.80,2.40
2007.05.25 01:05:31.816,2.4012,2.4016,11.80,0.80
2007.05.25 01:05:31.871,2.4012,2.4016,11.80,1.60
2007.05.25 01:05:31.972,2.4012,2.4016,11.80,2.40
2007.05.25 01:05:32.417,2.4012,2.4016,8.30,2.40
2007.05.25 01:05:32.787,2.4012,2.4016,7.50,2.40
2007.05.25 01:05:32.913,2.4012,2.4016,7.50,6.40
2007.05.25 01:05:33.121,2.4012,2.4016,7.50,2.40
2007.05.25 01:05:33.343,2.4014,2.4016,2.00,2.40
2007.05.25 01:05:33.520,2.4014,2.4016,2.00,1.60
2007.05.25 01:05:33.542,2.4014,2.4016,2.00,0.80
2007.05.25 01:05:33.654,2.4014,2.4017,2.00,0.80
2007.05.25 01:05:33.754,2.4014,2.4017,2.00,0.06
2007.05.25 01:05:34.233,2.4013,2.4017,0.80,0.06
2007.05.25 01:05:34.657,2.4013,2.4017,0.80,2.40
2007.05.25 01:05:34.779,2.4013,2.4016,0.80,2.00
2007.05.25 01:05:34.957,2.40125,2.4016,3.50,2.00
2007.05.25 01:05:35.452,2.4012,2.4016,7.50,6.00
2007.05.25 01:05:35.483,2.4012,2.4016,8.30,6.00
2007.05.25 01:05:35.700,2.4012,2.4016,9.90,6.00
2007.05.25 01:05:35.822,2.4014,2.4016,2.00,4.00
2007.05.25 01:05:36.577,2.4014,2.4017,2.00,0.06
2007.05.25 01:05:37.234,2.4014,2.4017,2.00,0.80
2007.05.25 01:05:37.449,2.4014,2.4017,2.00,4.80
2007.05.25 01:05:37.603,2.4013,2.4017,0.80,4.80
2007.05.25 01:05:37.691,2.4013,2.4016,0.80,0.80
2007.05.25 01:05:37.785,2.4013,2.4016,0.80,12.70
2007.05.25 01:05:37.865,2.4013,2.4016,0.80,14.70
2007.05.25 01:05:37.965,2.4013,2.4016,0.80,10.70
2007.05.25 01:05:38.881,2.4013,2.4016,0.80,8.70
2007.05.25 01:05:38.973,2.40125,2.4015,3.50,0.80
2007.05.25 01:05:39.072,2.40125,2.4015,3.50,1.60
2007.05.25 01:05:39.087,2.4012,2.4015,0.80,2.40
2007.05.25 01:05:39.164,2.4012,2.4015,0.80,1.60
2007.05.25 01:05:39.206,2.4012,2.4015,0.80,0.80
2007.05.25 01:05:39.303,2.40115,2.4012,3.50,3.20
2007.05.25 01:05:39.336,2.40115,2.4013,3.50,5.60
2007.05.25 01:05:39.407,2.4012,2.4013,0.80,9.60
2007.05.25 01:05:39.615,2.4012,2.4013,0.80,9.60
2007.05.25 01:05:40.638,2.4012,2.4013,0.80,23.90
2007.05.25 01:05:41.189,2.4012,2.4013,0.80,24.70
2007.05.25 01:05:41.226,2.4012,2.4013,0.80,25.50
2007.05.25 01:05:41.260,2.4012,2.4013,0.80,21.50
2007.05.25 01:05:41.412,2.4012,2.4013,0.80,21.50
2007.05.25 01:05:41.685,2.4012,2.4013,0.80,23.90
2007.05.25 01:05:42.170,2.40115,2.4013,3.40,32.30
2007.05.25 01:05:42.176,2.4009,2.4013,0.60,36.30
2007.05.25 01:05:42.401,2.4009,2.4012,0.60,22.36
2007.05.25 01:05:42.685,2.4006,2.40105,8.70,4.06
2007.05.25 01:05:42.906,2.4006,2.40105,3.20,11.90
2007.05.25 01:05:43.719,2.4006,2.40105,5.60,11.90
2007.05.25 01:05:44.227,2.4006,2.40105,3.20,11.90
2007.05.25 01:05:44.458,2.4006,2.40105,2.40,15.90
2007.05.25 01:05:44.489,2.4006,2.401,2.40,15.90
2007.05.25 01:05:45.376,2.4006,2.401,3.20,11.90
2007.05.25 01:05:45.496,2.4006,2.4011,3.20,11.90
2007.05.25 01:05:46.301,2.4006,2.4011,3.20,16.70
2007.05.25 01:05:47.174,2.4006,2.401,3.20,12.70
2007.05.25 01:05:47.291,2.4009,2.401,0.50,12.70
2007.05.25 01:05:47.657,2.4007,2.401,0.80,15.90
2007.05.25 01:05:47.706,2.4007,2.401,0.80,15.10
2007.05.25 01:05:47.719,2.4007,2.4011,0.80,18.30
2007.05.25 01:05:47.852,2.4007,2.4011,0.80,18.20
2007.05.25 01:05:47.881,2.4007,2.401,0.80,9.56
2007.05.25 01:05:49.401,2.4007,2.4008,0.80,0.16
2007.05.25 01:05:49.507,2.40065,2.4008,3.40,1.76
2007.05.25 01:05:49.759,2.40065,2.4008,3.40,11.40
2007.05.25 01:05:49.950,2.4005,2.4008,4.20,13.00
2007.05.25 01:05:50.129,2.4005,2.4008,4.20,20.80
2007.05.25 01:05:50.423,2.4005,2.4008,0.80,20.80
2007.05.25 01:05:50.548,2.4004,2.4008,4.20,20.80
2007.05.25 01:05:50.671,2.4004,2.4008,4.20,23.20
2007.05.25 01:05:50.917,2.4004,2.4007,0.80,15.90
2007.05.25 01:05:51.202,2.4004,2.40065,0.80,8.00
2007.05.25 01:05:51.286,2.4004,2.4006,0.80,5.60
2007.05.25 01:05:51.449,2.4002,2.4006,3.20,5.60
2007.05.25 01:05:51.489,2.4002,2.4006,2.40,7.20
2007.05.25 01:05:51.523,2.4002,2.4006,1.60,14.30
2007.05.25 01:05:51.642,2.4002,2.4006,0.80,15.90
2007.05.25 01:05:51.722,2.4002,2.4005,0.80,8.00
2007.05.25 01:05:52.935,2.4001,2.4005,3.40,13.50
2007.05.25 01:05:53.039,2.4,2.4005,6.60,13.50
2007.05.25 01:05:53.265,2.4,2.4004,6.60,8.00
2007.05.25 01:05:53.452,2.4,2.4004,6.60,17.50
2007.05.25 01:05:53.492,2.4,2.4004,3.20,17.50
2007.05.25 01:05:53.560,2.4,2.4003,3.20,12.80
2007.05.25 01:05:53.761,2.4,2.4003,3.20,15.20
2007.05.25 01:05:53.781,2.4,2.4003,3.20,17.60
2007.05.25 01:05:53.880,2.4,2.4001,3.20,8.00
2007.05.25 01:05:54.218,2.4,2.4001,1.60,12.00
2007.05.25 01:05:54.775,2.4,2.4001,0.80,12.00
2007.05.25 01:05:55.327,2.3999,2.4,6.60,12.00
2007.05.25 01:05:56.127,2.4,2.4001,0.80,15.50
2007.05.25 01:05:56.380,2.4,2.4001,0.80,4.40
2007.05.25 01:05:56.393,2.3996,2.3999,0.80,12.80
2007.05.25 01:05:56.512,2.3996,2.3999,1.60,16.80
2007.05.25 01:05:56.610,2.3996,2.3999,2.40,16.80
2007.05.25 01:05:56.797,2.3996,2.3999,2.40,12.00
2007.05.25 01:05:56.942,2.3996,2.3999,2.40,8.00
2007.05.25 01:05:57.102,2.3996,2.3999,7.90,8.00
2007.05.25 01:05:57.342,2.3997,2.3999,0.80,10.40
2007.05.25 01:05:57.436,2.3997,2.3999,0.80,14.40
2007.05.25 01:05:57.458,2.3997,2.3999,1.60,14.40
2007.05.25 01:05:57.643,2.3997,2.3999,2.40,14.40
2007.05.25 01:05:58.353,2.3997,2.3999,2.30,8.00
2007.05.25 01:05:58.546,2.3997,2.3999,0.80,8.00
2007.05.25 01:05:58.552,2.3997,2.3999,1.60,8.00
2007.05.25 01:05:58.686,2.3997,2.3999,2.40,8.00
2007.05.25 01:05:58.717,2.3997,2.3999,2.40,4.06
2007.05.25 01:05:59.222,2.3998,2.3999,5.50,4.06
2007.05.25 01:05:59.661,2.3998,2.3999,8.70,4.06
2007.05.25 01:05:59.729,2.3998,2.3999,3.20,4.06
2007.05.25 01:06:00.488,2.3998,2.3999,4.80,4.06
2007.05.25 01:06:00.643,2.3999,2.4002,2.30,8.00
2007.05.25 01:06:01.213,2.4,2.4002,0.80,8.00
2007.05.25 01:06:01.257,2.4,2.40025,0.80,8.00
2007.05.25 01:06:01.329,2.4,2.40025,3.20,8.00
2007.05.25 01:06:01.364,2.4001,2.40025,5.50,8.00
2007.05.25 01:06:02.976,2.4001,2.4004,5.50,7.90
2007.05.25 01:06:03.190,2.4001,2.4004,5.50,7.80
2007.05.25 01:06:03.391,2.4001,2.4004,5.50,4.70
2007.05.25 01:06:03.499,2.4001,2.4004,5.50,4.60
2007.05.25 01:06:03.727,2.4002,2.4006,5.50,8.40
2007.05.25 01:06:03.991,2.4002,2.4007,5.50,18.00
2007.05.25 01:06:05.210,2.4002,2.4007,5.50,11.60
2007.05.25 01:06:05.560,2.4002,2.4007,5.50,10.80
2007.05.25 01:06:05.710,2.4002,2.4007,5.50,12.40
2007.05.25 01:06:05.721,2.4002,2.4007,7.90,10.40
2007.05.25 01:06:06.320,2.4002,2.4007,5.50,11.60
2007.05.25 01:06:06.456,2.4002,2.4005,5.50,0.20
2007.05.25 01:06:06.499,2.40015,2.4005,3.40,0.20
2007.05.25 01:06:07.580,2.4001,2.4005,5.40,0.20
2007.05.25 01:06:09.069,2.4002,2.4005,5.50,0.20
2007.05.25 01:06:10.320,2.40005,2.4005,3.40,0.20
2007.05.25 01:06:10.782,2.4001,2.4005,4.00,0.30
2007.05.25 01:06:10.802,2.4001,2.4005,8.00,0.30
2007.05.25 01:06:10.919,2.4001,2.4005,4.00,0.30
2007.05.25 01:06:11.044,2.4001,2.4005,7.40,0.30
2007.05.25 01:06:11.466,2.4001,2.4005,7.40,1.90
2007.05.25 01:06:11.539,2.4001,2.4005,4.00,1.90
2007.05.25 01:06:11.645,2.4001,2.4005,4.00,3.50
2007.05.25 01:06:11.715,2.4001,2.4005,4.00,5.10
2007.05.25 01:06:11.851,2.4001,2.4005,4.00,9.90
2007.05.25 01:06:11.984,2.4,2.4004,8.90,12.50
2007.05.25 01:06:12.126,2.4,2.4004,3.40,12.40
2007.05.25 01:06:12.817,2.4,2.4005,3.40,12.60
2007.05.25 01:06:13.208,2.3999,2.4005,4.00,12.60
2007.05.25 01:06:13.340,2.3999,2.4005,4.00,12.60
2007.05.25 01:06:13.477,2.3999,2.4005,4.00,20.60
2007.05.25 01:06:13.985,2.3999,2.4003,4.00,0.86
2007.05.25 01:06:16.257,2.3998,2.4002,10.90,0.12
2007.05.25 01:06:16.631,2.3998,2.4002,10.90,6.80
2007.05.25 01:06:16.905,2.3998,2.4002,5.50,12.00
2007.05.25 01:06:17.372,2.3998,2.4002,5.50,13.80
2007.05.25 01:06:17.464,2.3998,2.4002,5.50,15.40
2007.05.25 01:06:17.559,2.3998,2.4002,5.50,17.00
2007.05.25 01:06:17.573,2.3998,2.4002,5.50,18.60
2007.05.25 01:06:17.663,2.3998,2.4001,5.50,13.80
2007.05.25 01:06:17.767,2.3998,2.4001,5.50,13.80
2007.05.25 01:06:17.821,2.3998,2.4001,5.50,13.00
2007.05.25 01:06:17.876,2.39975,2.4001,3.40,16.20
2007.05.25 01:06:18.267,2.39975,2.4001,3.40,17.80
2007.05.25 01:06:18.466,2.39975,2.4001,3.40,17.80
2007.05.25 01:06:18.619,2.3997,2.4001,3.40,17.80
2007.05.25 01:06:18.747,2.3997,2.4001,3.40,17.00
2007.05.25 01:06:18.821,2.3998,2.4001,0.80,17.00
2007.05.25 01:06:19.213,2.3997,2.4001,3.40,21.00
2007.05.25 01:06:19.406,2.3996,2.40005,5.50,12.80
2007.05.25 01:06:20.131,2.3996,2.4,5.50,8.86
2007.05.25 01:06:23.273,2.3996,2.39995,9.50,4.06
2007.05.25 01:06:24.728,2.3996,2.4,6.30,4.06
2007.05.25 01:06:25.196,2.3998,2.40005,5.50,4.06
2007.05.25 01:06:25.866,2.3997,2.40005,2.00,4.06
2007.05.25 01:06:26.305,2.3997,2.40015,2.00,4.20
2007.05.25 01:06:27.193,2.3997,2.40015,4.40,4.20
2007.05.25 01:06:27.264,2.3998,2.40015,2.00,4.20
2007.05.25 01:06:27.401,2.3998,2.4,2.00,0.16
2007.05.25 01:06:27.774,2.3998,2.4,4.40,0.16
2007.05.25 01:06:27.788,2.3998,2.4,9.90,0.16
2007.05.25 01:06:27.813,2.3998,2.4001,9.90,0.12
2007.05.25 01:06:28.495,2.3998,2.4001,12.30,0.36
2007.05.25 01:06:28.506,2.3998,2.4001,14.70,0.36
2007.05.25 01:06:28.545,2.3998,2.4001,17.10,0.36
2007.05.25 01:06:28.708,2.3999,2.4001,2.40,0.36
2007.05.25 01:06:28.718,2.4,2.4001,2.00,0.36
2007.05.25 01:06:30.124,2.4,2.4001,4.40,0.36
2007.05.25 01:06:30.277,2.4,2.4001,9.90,0.36
2007.05.25 01:06:30.488,2.4,2.4001,10.70,0.36
2007.05.25 01:06:30.860,2.4,2.4002,14.10,0.36
2007.05.25 01:06:31.244,2.4001,2.4002,2.40,0.36
2007.05.25 01:06:31.605,2.4001,2.4004,5.50,0.16
2007.05.25 01:06:31.836,2.4002,2.4004,2.00,0.16
2007.05.25 01:06:35.608,2.4001,2.4004,8.30,0.22
2007.05.25 01:06:35.862,2.4,2.4004,16.90,0.16
2007.05.25 01:06:36.994,2.4,2.4006,16.90,20.36
2007.05.25 01:06:37.245,2.4,2.4004,13.90,4.20
2007.05.25 01:06:37.516,2.3999,2.4004,8.20,11.70
2007.05.25 01:06:39.230,2.3999,2.4004,10.60,11.70
2007.05.25 01:06:39.291,2.3999,2.4004,18.40,4.20
2007.05.25 01:06:39.385,2.3999,2.4005,18.40,8.00
2007.05.25 01:06:39.754,2.3999,2.4005,16.00,8.00
2007.05.25 01:06:40.085,2.3999,2.4005,8.20,17.80
2007.05.25 01:06:40.321,2.3999,2.4005,5.80,20.30
2007.05.25 01:06:40.416,2.3998,2.4004,23.30,13.90
2007.05.25 01:06:41.048,2.3998,2.4004,12.90,24.30
2007.05.25 01:06:41.164,2.3998,2.4003,9.90,10.00
2007.05.25 01:06:41.379,2.3997,2.4003,16.00,10.00
2007.05.25 01:06:41.812,2.3997,2.4003,8.20,17.80
2007.05.25 01:06:42.233,2.3998,2.4003,6.80,17.80
2007.05.25 01:06:42.260,2.3999,2.4003,4.40,15.80
2007.05.25 01:06:42.570,2.3999,2.4003,4.40,8.00
2007.05.25 01:06:42.744,2.3999,2.4003,2.80,8.80
2007.05.25 01:06:42.816,2.3999,2.4003,2.80,16.60
2007.05.25 01:06:42.914,2.3998,2.4003,8.40,18.60
2007.05.25 01:06:42.934,2.3998,2.4003,11.40,14.60
2007.05.25 01:06:43.724,2.3998,2.4003,8.20,14.60
2007.05.25 01:06:43.806,2.3998,2.4003,8.20,14.60
2007.05.25 01:06:43.969,2.39975,2.4003,8.20,18.60
2007.05.25 01:06:47.498,2.39975,2.4003,8.20,18.60
2007.05.25 01:06:47.859,2.39975,2.4003,11.40,18.60
2007.05.25 01:06:48.324,2.39975,2.4003,11.40,16.20
2007.05.25 01:06:48.392,2.3998,2.4003,8.40,16.20
2007.05.25 01:06:48.906,2.3998,2.4003,8.40,16.20
2007.05.25 01:06:49.201,2.3999,2.4003,6.00,10.20
2007.05.25 01:06:49.830,2.3999,2.4003,9.00,0.16
2007.05.25 01:06:51.811,2.3999,2.4003,11.40,0.16
2007.05.25 01:06:52.460,2.3998,2.4003,21.70,0.16
2007.05.25 01:06:52.496,2.3999,2.4003,9.40,0.16
2007.05.25 01:06:52.578,2.3999,2.4003,9.40,0.16
2007.05.25 01:06:52.697,2.4,2.4003,5.60,5.66
2007.05.25 01:06:53.666,2.4,2.4003,5.40,5.66
2007.05.25 01:06:53.860,2.3999,2.4003,9.40,5.66
2007.05.25 01:06:54.789,2.3999,2.4003,9.40,5.66
2007.05.25 01:06:55.207,2.39995,2.4003,5.40,5.66
2007.05.25 01:06:55.490,2.3999,2.4003,8.60,5.66
2007.05.25 01:06:55.497,2.3999,2.4003,7.80,5.66
2007.05.25 01:06:55.608,2.3998,2.4003,13.00,5.66
2007.05.25 01:06:56.579,2.3999,2.4003,7.80,5.66
2007.05.25 01:06:56.616,2.3999,2.4003,8.60,5.66
2007.05.25 01:06:56.755,2.3999,2.4003,9.40,5.66
2007.05.25 01:07:00.581,2.3999,2.4003,14.90,0.16
2007.05.25 01:07:00.619,2.3999,2.4003,14.90,0.16
2007.05.25 01:07:02.059,2.3999,2.4003,9.40,5.66
2007.05.25 01:07:02.388,2.3999,2.4003,14.90,0.16
2007.05.25 01:07:03.777,2.4,2.4003,9.40,0.16
2007.05.25 01:07:03.823,2.4,2.4005,9.40,11.96
2007.05.25 01:07:03.880,2.4,2.4005,11.40,9.56
2007.05.25 01:07:04.283,2.4,2.4004,11.40,4.46
2007.05.25 01:07:04.861,2.4001,2.4004,1.60,4.46
2007.05.25 01:07:05.062,2.4001,2.4004,0.80,4.46
2007.05.25 01:07:05.120,2.4,2.4004,7.40,4.46
2007.05.25 01:07:05.227,2.4,2.4004,8.20,8.46
2007.05.25 01:07:05.286,2.4,2.4004,8.20,16.20
2007.05.25 01:07:05.404,2.4,2.4004,6.20,12.20
2007.05.25 01:07:05.538,2.4,2.4004,7.40,12.20
2007.05.25 01:07:05.609,2.4,2.4004,4.40,12.20
2007.05.25 01:07:06.132,2.4,2.4004,5.20,9.80
2007.05.25 01:07:06.225,2.4,2.4004,5.20,7.56
2007.05.25 01:07:06.640,2.4,2.4004,4.40,7.56
2007.05.25 01:07:06.825,2.4,2.4002,3.60,4.80
2007.05.25 01:07:06.910,2.4,2.4002,2.80,4.80
2007.05.25 01:07:07.071,2.4,2.4002,0.80,6.80
2007.05.25 01:07:07.279,2.4,2.4003,0.80,14.80
2007.05.25 01:07:07.366,2.39995,2.4002,3.00,6.00
2007.05.25 01:07:07.426,2.3997,2.40015,18.70,6.00
2007.05.25 01:07:07.487,2.3999,2.4002,2.00,8.00
2007.05.25 01:07:07.650,2.3999,2.4003,2.00,9.50
2007.05.25 01:07:07.666,2.3999,2.40035,2.80,9.50
2007.05.25 01:07:08.720,2.4,2.40035,2.40,9.50
2007.05.25 01:07:08.847,2.3999,2.40035,7.60,15.00
2007.05.25 01:07:08.945,2.4,2.40035,4.40,4.06
2007.05.25 01:07:09.127,2.4,2.40035,8.40,4.06
2007.05.25 01:07:11.409,2.40005,2.4004,3.80,16.20
2007.05.25 01:07:11.584,2.39985,2.40035,5.80,9.50
2007.05.25 01:07:11.787,2.39985,2.40035,5.80,11.90
2007.05.25 01:07:11.969,2.39985,2.40035,5.00,13.90
2007.05.25 01:07:12.021,2.3998,2.4004,2.80,25.00
2007.05.25 01:07:12.802,2.3998,2.4004,6.00,19.40
2007.05.25 01:07:13.225,2.3998,2.4004,9.20,18.60
2007.05.25 01:07:13.258,2.3999,2.4004,4.40,17.80
2007.05.25 01:07:13.713,2.3999,2.4004,7.60,17.80
2007.05.25 01:07:13.879,2.3999,2.40035,8.40,9.50
2007.05.25 01:07:14.184,2.4,2.40035,4.40,4.06
2007.05.25 01:07:14.292,2.40005,2.4004,5.80,0.12
2007.05.25 01:07:18.725,2.40005,2.4004,8.20,0.12
2007.05.25 01:07:18.800,2.4001,2.4004,10.70,0.12
2007.05.25 01:07:19.069,2.4001,2.4004,13.90,0.12
2007.05.25 01:07:19.236,2.4001,2.4004,16.30,0.12
2007.05.25 01:07:19.284,2.4002,2.4004,5.20,0.12
2007.05.25 01:07:20.694,2.40025,2.4004,9.00,0.12
2007.05.25 01:07:21.403,2.40025,2.4004,5.00,0.12
2007.05.25 01:07:22.175,2.4002,2.4004,8.40,0.12
2007.05.25 01:07:24.268,2.40025,2.4004,11.40,0.12
2007.05.25 01:07:28.850,2.4002,2.4008,13.70,16.20
2007.05.25 01:07:29.100,2.40025,2.40075,11.30,11.50
2007.05.25 01:07:29.231,2.4003,2.40075,10.80,11.50
2007.05.25 01:07:29.339,2.40025,2.40075,8.90,11.50
2007.05.25 01:07:29.389,2.4002,2.4008,11.30,14.60
2007.05.25 01:07:29.551,2.4002,2.4009,19.10,34.70
2007.05.25 01:07:29.869,2.40025,2.4009,12.40,34.70
2007.05.25 01:07:32.205,2.4003,2.4009,11.50,34.70
2007.05.25 01:07:33.498,2.4003,2.40095,16.80,24.30
2007.05.25 01:07:33.589,2.4003,2.40095,16.80,23.50
2007.05.25 01:07:34.768,2.4003,2.40095,16.80,23.50
2007.05.25 01:07:35.387,2.4004,2.4009,0.60,23.50
2007.05.25 01:07:35.501,2.40035,2.40085,5.60,4.00
2007.05.25 01:07:36.795,2.40035,2.4008,5.60,2.40
2007.05.25 01:07:36.833,2.4004,2.4008,0.50,7.90
2007.05.25 01:07:37.091,2.4004,2.4008,2.80,9.90
2007.05.25 01:07:37.397,2.4004,2.4008,2.80,10.70
2007.05.25 01:07:37.514,2.4004,2.4008,2.80,11.50
2007.05.25 01:07:37.594,2.4004,2.4008,2.80,12.30
2007.05.25 01:07:37.901,2.4004,2.4008,2.00,12.30
2007.05.25 01:07:38.026,2.4004,2.4008,2.00,16.30
2007.05.25 01:07:43.972,2.4004,2.4008,2.00,13.90
2007.05.25 01:07:43.981,2.4004,2.4008,2.00,11.90
2007.05.25 01:07:44.052,2.4004,2.4008,2.80,11.90
2007.05.25 01:07:44.128,2.4004,2.4008,2.80,7.90
2007.05.25 01:07:44.269,2.4004,2.4008,5.20,7.90
2007.05.25 01:07:50.472,2.4004,2.4008,8.40,7.90
2007.05.25 01:07:52.403,2.4004,2.4008,8.40,2.40
2007.05.25 01:07:54.804,2.4004,2.4008,4.00,2.40
2007.05.25 01:07:54.816,2.4004,2.4008,4.00,6.40
2007.05.25 01:07:54.913,2.4003,2.4008,9.50,6.40
2007.05.25 01:07:55.301,2.4003,2.4008,9.50,10.40
2007.05.25 01:07:55.335,2.4003,2.4007,4.00,7.50
2007.05.25 01:07:55.393,2.4003,2.4007,4.00,11.50
2007.05.25 01:07:55.467,2.4002,2.4006,8.40,1.60
2007.05.25 01:07:55.501,2.4002,2.4006,8.40,3.20
2007.05.25 01:07:55.603,2.4002,2.4006,8.40,4.80
2007.05.25 01:07:55.711,2.4002,2.4006,8.40,5.60
2007.05.25 01:07:55.767,2.4002,2.4006,8.40,6.40
2007.05.25 01:07:55.818,2.4003,2.4006,2.40,6.40
2007.05.25 01:07:55.883,2.4003,2.4006,2.40,7.20
2007.05.25 01:07:55.934,2.4003,2.4006,2.40,6.40
2007.05.25 01:07:56.111,2.4004,2.4006,2.00,6.40
2007.05.25 01:07:56.122,2.4004,2.4006,2.00,6.00
2007.05.25 01:07:56.136,2.4004,2.4006,2.00,4.40
2007.05.25 01:07:56.182,2.4004,2.4006,2.00,2.00
2007.05.25 01:07:56.222,2.4004,2.4006,2.00,0.80
2007.05.25 01:07:56.314,2.4004,2.4008,2.00,17.10
2007.05.25 01:07:56.339,2.4004,2.4008,2.00,18.70
2007.05.25 01:07:57.263,2.4004,2.4008,2.00,24.30
2007.05.25 01:07:57.300,2.4003,2.4006,4.00,7.50
2007.05.25 01:07:57.562,2.4002,2.4006,6.00,7.50
2007.05.25 01:07:57.674,2.4002,2.4003,6.00,2.40
2007.05.25 01:07:57.704,2.4002,2.4004,6.00,4.80
2007.05.25 01:07:57.785,2.4002,2.4003,6.00,5.60
2007.05.25 01:07:58.332,2.4002,2.40025,4.00,7.20
2007.05.25 01:07:58.387,2.4002,2.4003,4.00,15.90
2007.05.25 01:07:58.495,2.4002,2.4003,4.00,15.90
2007.05.25 01:07:58.746,2.4002,2.4004,4.00,17.50
2007.05.25 01:07:58.827,2.3998,2.4004,2.80,19.50
2007.05.25 01:07:58.897,2.3998,2.4003,2.80,14.70
2007.05.25 01:07:59.618,2.3998,2.4004,8.40,19.10
2007.05.25 01:07:59.777,2.3998,2.4004,14.80,8.00
2007.05.25 01:07:59.873,2.3998,2.4004,6.80,18.30
2007.05.25 01:08:00.249,2.4,2.4004,2.40,15.90
2007.05.25 01:08:00.439,2.4,2.4004,2.40,8.00
2007.05.25 01:08:00.761,2.3998,2.4004,19.20,8.00
2007.05.25 01:08:00.940,2.3998,2.4004,12.40,18.30
2007.05.25 01:08:01.760,2.3998,2.4004,16.40,7.20
2007.05.25 01:08:02.306,2.3999,2.4004,2.00,12.30
2007.05.25 01:08:02.805,2.3999,2.4005,4.80,29.80
2007.05.25 01:08:02.828,2.3999,2.4005,2.80,27.80
2007.05.25 01:08:02.883,2.3999,2.4005,2.80,30.20
2007.05.25 01:08:02.897,2.3999,2.4005,6.80,27.00
2007.05.25 01:08:03.015,2.3999,2.4005,6.80,27.00
2007.05.25 01:08:03.024,2.3999,2.4005,6.80,27.00
2007.05.25 01:08:03.073,2.3999,2.4005,6.80,27.80
2007.05.25 01:08:03.190,2.3999,2.4005,6.80,24.60
2007.05.25 01:08:03.209,2.3999,2.4005,4.80,29.80
2007.05.25 01:08:03.294,2.3999,2.4004,2.00,14.70
2007.05.25 01:08:03.534,2.3999,2.4004,2.00,14.70
2007.05.25 01:08:03.794,2.3999,2.4005,4.80,29.80
2007.05.25 01:08:04.046,2.3999,2.4005,8.80,26.60
2007.05.25 01:08:04.289,2.3999,2.4005,8.80,26.80
2007.05.25 01:08:04.522,2.3999,2.4004,8.80,16.50
2007.05.25 01:08:04.539,2.3999,2.4003,8.80,4.90
2007.05.25 01:08:04.735,2.3999,2.4003,8.80,15.30
2007.05.25 01:08:04.825,2.4,2.4003,2.80,15.30
2007.05.25 01:08:04.948,2.4,2.4003,2.80,16.90
2007.05.25 01:08:05.032,2.4,2.4003,2.80,19.30
2007.05.25 01:08:05.092,2.4,2.4003,2.80,27.20
2007.05.25 01:08:05.247,2.4,2.4002,2.80,20.70
2007.05.25 01:08:05.255,2.3996,2.4002,6.30,18.30
2007.05.25 01:08:05.360,2.3996,2.4002,9.20,22.30
2007.05.25 01:08:05.402,2.3996,2.4002,8.40,24.70
2007.05.25 01:08:05.483,2.3996,2.4002,12.40,25.50
2007.05.25 01:08:05.613,2.3996,2.4001,6.80,15.00
2007.05.25 01:08:06.009,2.3996,2.4001,3.60,17.40
2007.05.25 01:08:07.456,2.3996,2.4001,2.80,21.40
2007.05.25 01:08:07.665,2.3995,2.4001,3.60,21.40
2007.05.25 01:08:08.202,2.3995,2.4001,3.60,23.80
2007.05.25 01:08:08.237,2.3995,2.4,3.60,19.90
2007.05.25 01:08:08.709,2.3995,2.3999,3.60,12.60
2007.05.25 01:08:09.712,2.3995,2.3999,2.80,19.00
2007.05.25 01:08:09.955,2.3993,2.3999,3.60,23.00
2007.05.25 01:08:11.272,2.3993,2.3999,3.60,23.90
2007.05.25 01:08:11.309,2.3993,2.3999,3.60,23.90
2007.05.25 01:08:11.902,2.3994,2.3999,0.80,23.90
2007.05.25 01:08:12.089,2.3994,2.3999,3.60,23.90
2007.05.25 01:08:12.243,2.3994,2.3998,3.60,15.90
2007.05.25 01:08:12.456,2.3994,2.3998,3.60,19.10
2007.05.25 01:08:12.468,2.3994,2.3997,3.60,13.50
2007.05.25 01:08:12.943,2.3994,2.3998,3.60,8.80
2007.05.25 01:08:14.830,2.3994,2.3998,0.80,9.60
2007.05.25 01:08:15.917,2.3994,2.3998,6.30,0.40
2007.05.25 01:08:16.437,2.3994,2.3998,5.50,0.40
2007.05.25 01:08:17.785,2.3994,2.3998,6.30,4.30
2007.05.25 01:08:19.109,2.3994,2.3998,7.10,0.40
2007.05.25 01:08:19.266,2.3994,2.3998,10.30,0.40
2007.05.25 01:08:19.281,2.3994,2.3998,11.10,0.40
2007.05.25 01:08:19.441,2.3995,2.3998,2.00,0.40
2007.05.25 01:08:19.728,2.3994,2.3999,8.70,4.30
2007.05.25 01:08:19.730,2.3994,2.3999,6.30,4.30
2007.05.25 01:08:20.032,2.3994,2.3999,8.30,4.30
2007.05.25 01:08:20.047,2.3994,2.3999,14.70,4.30
2007.05.25 01:08:20.082,2.3995,2.3999,4.00,4.30
2007.05.25 01:08:20.128,2.3995,2.3999,6.40,4.30
2007.05.25 01:08:20.246,2.3996,2.3999,2.00,4.30
2007.05.25 01:08:21.220,2.3996,2.40005,2.80,4.30
2007.05.25 01:08:22.007,2.3997,2.40005,2.00,4.30
2007.05.25 01:08:22.077,2.3997,2.4002,2.00,23.40
2007.05.25 01:08:22.672,2.3997,2.4002,2.00,25.80
2007.05.25 01:08:22.825,2.3996,2.4002,4.00,22.60
2007.05.25 01:08:22.975,2.3996,2.4,4.00,8.20
2007.05.25 01:08:23.019,2.39955,2.4,2.80,10.20
2007.05.25 01:08:23.776,2.3996,2.4,2.00,7.80
2007.05.25 01:08:25.884,2.3996,2.4,4.40,11.80
2007.05.25 01:08:26.225,2.3998,2.4,2.40,11.80
2007.05.25 01:08:26.347,2.3998,2.4,4.40,4.30
2007.05.25 01:08:27.663,2.3998,2.40005,8.40,4.30
2007.05.25 01:08:27.955,2.3998,2.4003,8.40,13.90
2007.05.25 01:08:28.942,2.3998,2.4003,6.00,17.10
2007.05.25 01:08:29.030,2.3998,2.4003,6.00,17.90
2007.05.25 01:08:29.132,2.3998,2.4003,6.00,18.70
2007.05.25 01:08:29.144,2.3998,2.4003,4.00,24.30
2007.05.25 01:08:29.233,2.3998,2.4003,4.00,25.60
2007.05.25 01:08:29.263,2.3998,2.4003,4.00,25.60
2007.05.25 01:08:29.337,2.39975,2.4003,2.80,26.40
2007.05.25 01:08:29.404,2.3997,2.4003,6.80,26.40
2007.05.25 01:08:30.668,2.3997,2.4003,4.00,30.40
2007.05.25 01:08:32.888,2.3997,2.4003,4.00,28.00
2007.05.25 01:08:32.969,2.3997,2.4003,4.00,26.00
2007.05.25 01:08:33.002,2.3997,2.4003,4.00,25.20
2007.05.25 01:08:33.075,2.3997,2.4003,4.00,24.40
2007.05.25 01:08:33.102,2.3997,2.4003,6.00,24.40
2007.05.25 01:08:33.213,2.3997,2.4003,8.40,24.40
2007.05.25 01:08:33.276,2.3997,2.40025,11.20,17.10
2007.05.25 01:08:33.310,2.3998,2.40025,2.00,13.90
2007.05.25 01:08:33.387,2.3998,2.40025,2.00,11.50
2007.05.25 01:08:33.728,2.3998,2.40025,2.00,13.90
2007.05.25 01:08:34.074,2.3998,2.4,5.50,2.10
2007.05.25 01:08:34.254,2.3998,2.4002,8.30,10.80
2007.05.25 01:08:34.347,2.3998,2.4001,6.70,9.80
2007.05.25 01:08:34.745,2.3998,2.4001,9.10,13.80
2007.05.25 01:08:35.039,2.3998,2.4001,9.10,9.90
2007.05.25 01:08:35.071,2.3999,2.4004,2.00,20.70
2007.05.25 01:08:35.622,2.3999,2.4004,2.00,19.90
2007.05.25 01:08:35.662,2.3999,2.4004,2.00,19.10
2007.05.25 01:08:35.790,2.3999,2.4004,2.00,12.70
2007.05.25 01:08:36.067,2.3999,2.40045,4.80,12.70
2007.05.25 01:08:36.087,2.3999,2.40045,8.80,11.90
2007.05.25 01:08:36.272,2.3999,2.40045,8.80,9.90
2007.05.25 01:08:36.437,2.3999,2.40045,8.80,4.50
2007.05.25 01:08:36.688,2.3999,2.4004,8.80,5.20
2007.05.25 01:08:36.781,2.3999,2.4002,6.80,2.10
2007.05.25 01:08:38.381,2.3999,2.4004,8.80,21.50
2007.05.25 01:08:38.495,2.3999,2.40035,9.20,8.00
2007.05.25 01:08:38.521,2.3999,2.40035,6.00,8.00
2007.05.25 01:08:38.707,2.4,2.40035,2.40,8.00
2007.05.25 01:08:39.002,2.4,2.4004,2.40,15.10
2007.05.25 01:08:39.227,2.4,2.4004,7.90,5.20
2007.05.25 01:08:39.684,2.4,2.4004,5.50,5.20
2007.05.25 01:08:40.236,2.4,2.4004,5.50,8.40
2007.05.25 01:08:41.011,2.4001,2.4004,0.80,4.50
2007.05.25 01:08:41.064,2.4001,2.4005,0.80,6.90
2007.05.25 01:08:41.476,2.4001,2.4005,0.80,20.60
2007.05.25 01:08:41.737,2.4001,2.4004,0.80,11.90
2007.05.25 01:08:43.526,2.40005,2.4004,2.70,11.90
2007.05.25 01:08:43.774,2.3999,2.4004,7.80,11.90
2007.05.25 01:08:43.856,2.3999,2.4004,5.40,11.90
2007.05.25 01:08:46.980,2.4,2.4004,2.40,11.90
2007.05.25 01:08:47.202,2.4,2.40045,2.40,11.90
2007.05.25 01:08:47.215,2.4,2.4005,5.00,25.40
2007.05.25 01:08:47.290,2.4,2.4005,7.80,18.20
2007.05.25 01:08:47.352,2.4001,2.4005,2.00,8.50
2007.05.25 01:08:47.700,2.4002,2.4005,2.40,4.50
2007.05.25 01:08:47.744,2.4002,2.4005,4.40,4.50
2007.05.25 01:08:55.812,2.4003,2.40065,2.00,4.50
2007.05.25 01:08:56.034,2.4003,2.4008,2.00,21.90
2007.05.25 01:08:56.297,2.4003,2.4008,2.00,21.90
2007.05.25 01:08:56.477,2.4003,2.40075,2.00,6.40
2007.05.25 01:08:57.838,2.4003,2.40065,2.00,4.50
2007.05.25 01:08:57.849,2.4002,2.4006,2.00,8.00
2007.05.25 01:08:58.853,2.40025,2.4006,2.60,8.00
2007.05.25 01:08:58.893,2.4004,2.4009,2.00,25.80
2007.05.25 01:08:59.291,2.4004,2.4009,2.00,22.60
2007.05.25 01:08:59.339,2.4004,2.40085,2.00,11.50
2007.05.25 01:09:00.402,2.4004,2.40085,2.00,13.90
2007.05.25 01:09:01.058,2.4004,2.4008,2.00,13.10
2007.05.25 01:09:01.092,2.4003,2.4008,5.40,13.90
2007.05.25 01:09:01.286,2.4003,2.40075,2.80,6.40
2007.05.25 01:09:01.563,2.4003,2.4008,2.80,16.30
2007.05.25 01:09:04.500,2.4003,2.40075,2.00,4.00
2007.05.25 01:09:04.628,2.4003,2.4007,2.00,0.80
2007.05.25 01:09:04.652,2.4003,2.4007,2.00,4.00
2007.05.25 01:09:04.722,2.4003,2.4007,2.00,4.80
2007.05.25 01:09:04.750,2.4003,2.4007,2.00,6.80
2007.05.25 01:09:05.145,2.4003,2.4007,2.00,10.00
2007.05.25 01:09:05.229,2.4003,2.4004,2.00,0.50
2007.05.25 01:09:06.005,2.4003,2.4007,2.00,9.60
2007.05.25 01:09:06.011,2.4003,2.4007,2.00,2.40
2007.05.25 01:09:06.063,2.4003,2.40075,2.00,4.00
2007.05.25 01:09:06.068,2.4003,2.40075,2.80,4.00
2007.05.25 01:09:09.330,2.40035,2.4008,2.60,9.90
2007.05.25 01:09:09.532,2.4004,2.4008,0.80,9.90
2007.05.25 01:09:10.286,2.4004,2.40075,0.80,4.00
2007.05.25 01:09:10.372,2.4003,2.40075,2.80,4.00
2007.05.25 01:09:10.764,2.4004,2.40075,5.50,4.00
2007.05.25 01:09:10.837,2.4004,2.4008,5.50,2.40
2007.05.25 01:09:11.698,2.4004,2.4008,5.50,8.80
2007.05.25 01:09:11.790,2.4004,2.40085,5.50,12.80
2007.05.25 01:09:11.865,2.4004,2.40065,5.50,0.80
2007.05.25 01:09:11.888,2.4004,2.4007,4.00,6.00
2007.05.25 01:09:12.163,2.4002,2.4006,9.50,2.50
2007.05.25 01:09:12.422,2.4002,2.4006,4.00,8.00
2007.05.25 01:09:12.806,2.40015,2.4006,2.60,8.00
2007.05.25 01:09:12.877,2.4001,2.4004,6.00,0.50
2007.05.25 01:09:14.659,2.4002,2.4006,2.00,12.00
2007.05.25 01:09:17.860,2.4001,2.4006,8.60,16.80
2007.05.25 01:09:19.540,2.4001,2.4005,6.60,12.60
2007.05.25 01:09:19.554,2.4001,2.4005,4.00,16.60
2007.05.25 01:09:19.862,2.4001,2.4005,6.00,12.20
2007.05.25 01:09:20.159,2.4001,2.4004,4.00,0.60
2007.05.25 01:09:20.240,2.4001,2.4005,4.00,10.90
2007.05.25 01:09:20.866,2.40005,2.4005,2.60,4.50
2007.05.25 01:09:21.038,2.4001,2.4005,4.00,4.50
2007.05.25 01:09:21.062,2.40005,2.4005,2.60,5.30
2007.05.25 01:09:21.332,2.4,2.4004,5.50,0.50
2007.05.25 01:09:21.367,2.3999,2.4004,11.00,0.90
2007.05.25 01:09:22.125,2.3999,2.4004,11.00,7.60
2007.05.25 01:09:22.419,2.3999,2.4004,11.00,8.00
2007.05.25 01:09:23.189,2.3999,2.4002,8.60,0.90
2007.05.25 01:09:23.216,2.3999,2.4003,8.60,10.60
2007.05.25 01:09:23.269,2.3999,2.4003,6.60,10.60
2007.05.25 01:09:23.401,2.3999,2.4003,6.60,12.70
2007.05.25 01:09:23.874,2.3999,2.4003,6.60,14.20
2007.05.25 01:09:23.946,2.3999,2.4003,4.00,10.20
2007.05.25 01:09:23.990,2.3999,2.4003,6.00,10.20
2007.05.25 01:09:24.027,2.4,2.4003,2.40,10.20
2007.05.25 01:09:24.203,2.4,2.4004,2.40,11.90
2007.05.25 01:09:24.308,2.4,2.4004,4.40,12.00
2007.05.25 01:09:24.646,2.4,2.4004,2.00,12.00
2007.05.25 01:09:24.799,2.3999,2.4003,4.00,10.20
2007.05.25 01:09:24.998,2.39985,2.4003,2.60,15.00
2007.05.25 01:09:25.172,2.3998,2.4003,4.40,19.00
2007.05.25 01:09:25.828,2.3999,2.4003,2.00,9.20
2007.05.25 01:09:25.935,2.3999,2.4004,2.00,17.50
2007.05.25 01:09:26.280,2.4,2.4004,2.00,15.10
2007.05.25 01:09:26.419,2.4,2.4004,4.40,12.70
2007.05.25 01:09:26.432,2.4,2.4004,4.40,8.80
2007.05.25 01:09:27.548,2.4,2.4004,2.00,8.00
2007.05.25 01:09:27.872,2.3999,2.4004,2.80,16.80
2007.05.25 01:09:27.977,2.3999,2.4004,0.80,21.60
2007.05.25 01:09:28.159,2.3999,2.4004,3.20,19.20
2007.05.25 01:09:28.187,2.3999,2.4004,5.20,19.20
2007.05.25 01:09:28.494,2.3999,2.4004,5.20,19.10
2007.05.25 01:09:28.664,2.3999,2.4004,2.80,19.10
2007.05.25 01:09:28.709,2.3999,2.4004,2.80,19.10
2007.05.25 01:09:28.744,2.3999,2.4004,2.80,19.10
2007.05.25 01:09:28.895,2.3999,2.4004,2.00,23.10
2007.05.25 01:09:28.964,2.3999,2.4004,2.00,23.10
2007.05.25 01:09:29.185,2.3999,2.4004,4.40,23.10
2007.05.25 01:09:29.246,2.3999,2.4004,4.40,23.10
2007.05.25 01:09:29.261,2.3999,2.4004,5.20,19.10
2007.05.25 01:09:29.345,2.3999,2.4004,5.20,15.90
2007.05.25 01:09:29.492,2.3999,2.4004,7.80,11.10
2007.05.25 01:09:29.524,2.3999,2.4004,7.80,8.00
2007.05.25 01:09:29.629,2.3999,2.4004,5.40,19.10
2007.05.25 01:09:29.749,2.3999,2.4004,5.40,24.70
2007.05.25 01:09:29.778,2.3999,2.40035,2.80,17.10
2007.05.25 01:09:29.869,2.3999,2.40035,0.80,17.10
2007.05.25 01:09:30.057,2.3999,2.4004,0.80,32.70
2007.05.25 01:09:30.178,2.3998,2.4004,3.40,32.70
2007.05.25 01:09:31.074,2.3998,2.4004,0.80,33.50
2007.05.25 01:09:32.781,2.3998,2.4003,0.80,17.10
2007.05.25 01:09:32.857,2.3998,2.4003,0.80,17.10
2007.05.25 01:09:33.822,2.3998,2.4003,0.80,21.10
2007.05.25 01:09:35.233,2.3998,2.4003,0.80,21.10
2007.05.25 01:09:35.335,2.3998,2.4003,0.80,21.10
2007.05.25 01:09:35.872,2.3997,2.40025,5.40,8.00
2007.05.25 01:09:36.781,2.3998,2.40025,0.80,8.00
2007.05.25 01:09:38.810,2.3998,2.4003,0.80,21.10
2007.05.25 01:09:38.892,2.39975,2.4003,2.60,25.10
2007.05.25 01:09:38.952,2.3997,2.40025,3.40,18.30
2007.05.25 01:09:39.153,2.3997,2.40025,3.40,21.50
2007.05.25 01:09:39.200,2.3997,2.4003,0.80,28.30
2007.05.25 01:09:39.279,2.3997,2.4002,0.80,28.70
2007.05.25 01:09:39.469,2.3997,2.4001,0.80,10.40
2007.05.25 01:09:39.491,2.3996,2.4001,0.80,14.40
2007.05.25 01:09:41.772,2.3996,2.4001,3.40,10.40
2007.05.25 01:09:42.256,2.3996,2.4001,0.80,14.40
2007.05.25 01:09:42.370,2.3996,2.4001,4.00,14.40
2007.05.25 01:09:42.667,2.3996,2.4001,4.00,16.40
2007.05.25 01:09:42.756,2.3996,2.4001,4.00,16.40
2007.05.25 01:09:42.868,2.3995,2.4001,6.00,25.10
2007.05.25 01:09:43.081,2.3995,2.4001,11.50,25.10
2007.05.25 01:09:43.297,2.3995,2.4,11.50,10.00
2007.05.25 01:09:43.392,2.3994,2.4,8.40,22.60
2007.05.25 01:09:43.502,2.3994,2.4,11.00,22.60
2007.05.25 01:09:44.229,2.3994,2.4,8.60,24.20
2007.05.25 01:09:45.694,2.3994,2.4,8.60,26.60
2007.05.25 01:09:45.796,2.3994,2.4,8.60,26.60
2007.05.25 01:09:45.878,2.3994,2.4,6.60,26.70
2007.05.25 01:09:46.394,2.3994,2.4,2.60,32.30
2007.05.25 01:09:46.461,2.3993,2.3999,12.10,21.50
2007.05.25 01:09:46.595,2.3993,2.3999,14.50,19.90
2007.05.25 01:09:46.728,2.3993,2.3998,12.10,12.00
2007.05.25 01:09:46.885,2.3993,2.3998,6.60,19.80
2007.05.25 01:09:47.209,2.3993,2.3998,6.60,19.00
2007.05.25 01:09:47.549,2.3993,2.3998,2.60,19.80
2007.05.25 01:09:47.615,2.3992,2.39975,9.00,9.50
2007.05.25 01:09:47.719,2.3992,2.39975,6.60,15.10
2007.05.25 01:09:47.772,2.3992,2.39975,6.60,17.50
2007.05.25 01:09:48.238,2.3992,2.39975,9.00,11.90
2007.05.25 01:09:48.268,2.3992,2.39975,9.00,9.50
2007.05.25 01:09:49.941,2.3992,2.3998,9.00,15.80
2007.05.25 01:09:50.145,2.3992,2.3998,6.60,20.60
2007.05.25 01:09:50.214,2.3992,2.39975,6.60,11.90
2007.05.25 01:09:50.464,2.3992,2.39975,6.60,12.70
2007.05.25 01:09:50.549,2.3992,2.39975,6.60,13.50
2007.05.25 01:09:50.699,2.3992,2.39975,6.60,14.30
2007.05.25 01:09:50.765,2.3992,2.3997,6.60,13.50
2007.05.25 01:09:50.859,2.3992,2.3996,2.60,11.00
2007.05.25 01:09:51.063,2.3991,2.3996,4.00,19.00
2007.05.25 01:09:52.304,2.3991,2.3997,9.50,23.10
2007.05.25 01:09:52.388,2.3991,2.3997,9.50,18.30
2007.05.25 01:09:52.404,2.3992,2.3997,4.00,17.50
2007.05.25 01:09:52.497,2.3992,2.39975,6.60,17.50
2007.05.25 01:09:53.214,2.3992,2.39975,6.60,15.10
2007.05.25 01:09:53.709,2.3992,2.39975,6.60,11.90
2007.05.25 01:09:53.756,2.3992,2.39975,6.60,9.50
2007.05.25 01:09:54.643,2.3992,2.39975,9.00,9.50
2007.05.25 01:09:54.658,2.3992,2.39975,11.00,9.50
2007.05.25 01:10:00.454,2.3992,2.39975,7.80,9.50
2007.05.25 01:10:03.379,2.3993,2.39975,0.80,9.50
2007.05.25 01:10:04.061,2.39925,2.3998,2.60,21.70
2007.05.25 01:10:04.177,2.3992,2.39975,7.80,9.50
2007.05.25 01:10:04.191,2.3992,2.39975,5.80,9.50
2007.05.25 01:10:04.286,2.3992,2.39975,5.80,11.90
2007.05.25 01:10:04.311,2.3992,2.39975,3.40,15.90
2007.05.25 01:10:04.723,2.3992,2.39975,5.80,11.90
2007.05.25 01:10:04.792,2.3992,2.39975,7.80,9.50
2007.05.25 01:10:05.233,2.3992,2.39975,7.80,11.10
2007.05.25 01:10:05.310,2.3992,2.39975,7.80,13.50
2007.05.25 01:10:05.637,2.3992,2.39975,5.40,13.50
2007.05.25 01:10:05.743,2.3992,2.39975,5.40,11.90
2007.05.25 01:10:05.840,2.3992,2.39975,5.40,9.50
2007.05.25 01:10:05.960,2.3992,2.3998,5.40,28.20
2007.05.25 01:10:06.224,2.3992,2.39975,5.40,9.50
2007.05.25 01:10:08.269,2.3994,2.39975,2.40,9.50
2007.05.25 01:10:08.374,2.3994,2.3997,2.40,6.30
2007.05.25 01:10:08.520,2.3994,2.3997,2.40,7.10
2007.05.25 01:10:08.736,2.3994,2.3997,2.40,11.90
2007.05.25 01:10:08.909,2.3994,2.3996,2.40,13.80
2007.05.25 01:10:10.141,2.3994,2.3996,2.40,26.60
2007.05.25 01:10:10.173,2.3991,2.3996,0.80,29.90
2007.05.25 01:10:12.004,2.3994,2.39975,2.40,6.40
2007.05.25 01:10:12.684,2.3994,2.3996,2.40,4.80
2007.05.25 01:10:13.235,2.3994,2.3997,2.40,18.30
2007.05.25 01:10:13.382,2.3994,2.3999,2.40,27.10
2007.05.25 01:10:13.436,2.3994,2.3999,2.40,23.10
2007.05.25 01:10:13.506,2.3994,2.3999,2.40,22.30
2007.05.25 01:10:13.575,2.3994,2.3999,2.40,21.50
2007.05.25 01:10:13.605,2.3994,2.3999,2.40,20.70
2007.05.25 01:10:15.661,2.3994,2.3998,2.40,8.80
2007.05.25 01:10:17.707,2.3993,2.3998,5.40,11.20
2007.05.25 01:10:21.510,2.3994,2.3998,2.40,15.00
2007.05.25 01:10:21.829,2.3994,2.3998,2.40,15.20
2007.05.25 01:10:22.199,2.3994,2.3998,2.40,8.90
2007.05.25 01:10:22.791,2.3994,2.3998,10.30,4.50
2007.05.25 01:10:22.970,2.3994,2.3998,14.20,4.50
2007.05.25 01:10:23.162,2.3995,2.39985,5.50,4.50
2007.05.25 01:10:27.389,2.3994,2.3998,9.00,2.50
2007.05.25 01:10:29.395,2.3994,2.3999,5.00,15.60
2007.05.25 01:10:29.441,2.3994,2.3998,2.40,4.50
2007.05.25 01:10:29.783,2.3994,2.39975,2.40,6.80
2007.05.25 01:10:29.834,2.3994,2.39975,2.40,8.80
2007.05.25 01:10:30.485,2.3994,2.3997,2.40,8.80
2007.05.25 01:10:31.308,2.3994,2.39965,2.40,6.40
2007.05.25 01:10:32.938,2.3994,2.3998,2.40,13.60
2007.05.25 01:10:32.973,2.3995,2.3998,5.50,12.80
2007.05.25 01:10:33.141,2.3995,2.3998,5.50,10.80
2007.05.25 01:10:34.050,2.3995,2.3998,5.50,2.90
2007.05.25 01:10:35.210,2.3995,2.3997,5.50,5.20
2007.05.25 01:10:35.286,2.3994,2.3997,5.80,7.20
2007.05.25 01:10:35.384,2.3994,2.39965,3.20,6.40
2007.05.25 01:10:35.418,2.3994,2.39965,2.40,6.40
2007.05.25 01:10:36.204,2.3994,2.3997,2.40,12.00
2007.05.25 01:10:36.379,2.3994,2.39975,2.40,4.50
2007.05.25 01:10:36.713,2.3994,2.39975,4.80,4.50
2007.05.25 01:10:36.912,2.3994,2.3998,6.80,8.50
2007.05.25 01:10:38.182,2.3994,2.3998,4.40,4.50
2007.05.25 01:10:38.584,2.3994,2.3998,5.20,4.50
2007.05.25 01:10:38.687,2.3994,2.3995,5.20,6.40
2007.05.25 01:10:38.874,2.3994,2.3995,3.20,19.90
2007.05.25 01:10:38.899,2.3994,2.3995,3.20,23.90
2007.05.25 01:10:39.777,2.3994,2.3995,3.20,20.70
2007.05.25 01:10:39.914,2.3994,2.3995,2.40,24.70
2007.05.25 01:10:39.958,2.399,2.3995,1.20,28.70
2007.05.25 01:10:40.513,2.399,2.3995,1.20,28.70
2007.05.25 01:10:40.525,2.399,2.3995,1.20,28.70
2007.05.25 01:10:40.595,2.399,2.3995,1.20,32.70
2007.05.25 01:10:40.699,2.399,2.3994,1.20,13.60
2007.05.25 01:10:40.799,2.399,2.3994,1.20,20.70
2007.05.25 01:10:41.239,2.399,2.3994,1.20,18.30
2007.05.25 01:10:41.602,2.399,2.3994,1.20,14.20
2007.05.25 01:10:42.305,2.399,2.3993,1.20,5.56
2007.05.25 01:10:45.430,2.399,2.39925,1.20,4.10
2007.05.25 01:10:46.776,2.399,2.3993,8.70,0.16
2007.05.25 01:10:48.823,2.399,2.3993,1.20,2.16
2007.05.25 01:10:50.436,2.399,2.39925,1.20,6.90
2007.05.25 01:10:50.642,2.399,2.39925,1.20,7.70
2007.05.25 01:10:50.694,2.399,2.39925,1.20,8.50
2007.05.25 01:10:51.179,2.399,2.39925,1.20,10.90
2007.05.25 01:10:51.240,2.399,2.39925,1.20,10.10
2007.05.25 01:10:51.443,2.399,2.3992,0.50,6.10
2007.05.25 01:10:51.462,2.399,2.3991,0.50,1.60
2007.05.25 01:10:51.569,2.399,2.3992,0.50,6.10
2007.05.25 01:10:51.746,2.3987,2.3991,3.40,3.20
2007.05.25 01:10:51.869,2.3987,2.3992,3.40,14.00
2007.05.25 01:10:51.960,2.3987,2.3992,2.60,17.90
2007.05.25 01:10:51.977,2.3986,2.3992,6.30,21.90
2007.05.25 01:10:52.200,2.3986,2.3992,6.30,18.30
2007.05.25 01:10:52.281,2.399,2.3992,0.50,20.30
2007.05.25 01:10:52.502,2.399,2.3993,0.50,15.60
2007.05.25 01:10:52.597,2.399,2.3993,0.50,16.40
2007.05.25 01:10:52.769,2.399,2.3993,0.50,14.80
2007.05.25 01:10:53.214,2.399,2.3993,0.50,15.60
2007.05.25 01:10:53.224,2.399,2.3993,0.50,16.40
2007.05.25 01:10:53.364,2.399,2.3993,0.50,17.20
2007.05.25 01:10:53.452,2.399,2.3993,0.50,29.10
2007.05.25 01:10:53.531,2.399,2.3992,0.50,16.40
2007.05.25 01:10:53.535,2.399,2.3992,0.50,16.40
2007.05.25 01:10:53.652,2.399,2.3992,0.50,16.40
2007.05.25 01:10:53.964,2.3987,2.3991,0.80,4.40
2007.05.25 01:10:54.376,2.3986,2.3992,12.30,21.90
2007.05.25 01:10:54.657,2.3986,2.3992,12.30,22.70
2007.05.25 01:10:54.663,2.3986,2.3992,12.30,22.70
2007.05.25 01:10:54.808,2.3986,2.3992,12.30,22.70
2007.05.25 01:10:54.855,2.3986,2.3992,11.50,22.70
2007.05.25 01:10:55.151,2.3986,2.3992,13.90,22.70
2007.05.25 01:10:55.532,2.39865,2.3992,2.60,22.70
2007.05.25 01:10:56.326,2.3987,2.3992,0.80,18.80
2007.05.25 01:10:56.670,2.3987,2.3992,3.20,16.40
2007.05.25 01:10:57.194,2.3987,2.3992,0.80,16.40
2007.05.25 01:10:58.968,2.3987,2.3992,3.40,12.40
2007.05.25 01:11:00.724,2.399,2.3992,0.50,3.70
2007.05.25 01:11:00.865,2.399,2.3992,0.50,2.90
2007.05.25 01:11:00.921,2.399,2.3992,0.50,2.16
2007.05.25 01:11:01.551,2.399,2.3992,0.50,2.90
2007.05.25 01:11:01.565,2.399,2.3992,0.50,3.70
2007.05.25 01:11:01.716,2.399,2.3992,0.50,4.50
2007.05.25 01:11:01.809,2.399,2.3992,0.50,10.10
2007.05.25 01:11:02.025,2.399,2.3992,0.50,14.90
2007.05.25 01:11:02.154,2.3987,2.3991,3.40,12.30
2007.05.25 01:11:02.705,2.3987,2.3992,3.40,23.60
2007.05.25 01:11:02.768,2.3987,2.3991,3.40,16.30
2007.05.25 01:11:03.033,2.3987,2.399,3.40,10.20
2007.05.25 01:11:03.130,2.3987,2.3991,3.40,15.40
2007.05.25 01:11:03.492,2.3987,2.399,3.40,8.70
2007.05.25 01:11:03.527,2.3987,2.399,3.40,9.50
2007.05.25 01:11:03.546,2.3987,2.399,3.40,10.30
2007.05.25 01:11:03.757,2.3987,2.399,2.60,10.30
2007.05.25 01:11:03.783,2.3986,2.399,0.80,10.30
2007.05.25 01:11:04.630,2.3985,2.39895,0.80,8.00
2007.05.25 01:11:04.648,2.3985,2.39895,0.80,9.60
2007.05.25 01:11:04.692,2.3985,2.39895,0.80,11.20
2007.05.25 01:11:06.272,2.3985,2.3989,0.80,11.20
2007.05.25 01:11:06.407,2.3984,2.3989,4.80,12.00
2007.05.25 01:11:06.721,2.3984,2.3989,6.80,14.00
2007.05.25 01:11:07.820,2.3984,2.3989,6.00,14.80
2007.05.25 01:11:07.902,2.3984,2.3989,6.00,14.00
2007.05.25 01:11:07.933,2.3984,2.3989,2.00,14.00
2007.05.25 01:11:08.237,2.3984,2.3989,2.00,16.40
2007.05.25 01:11:08.367,2.3984,2.3989,2.00,18.80
2007.05.25 01:11:08.435,2.3984,2.3989,2.00,21.20
2007.05.25 01:11:08.473,2.3983,2.3989,14.30,21.60
2007.05.25 01:11:10.880,2.3983,2.3988,14.70,18.00
2007.05.25 01:11:11.002,2.3983,2.3988,13.90,18.00
2007.05.25 01:11:12.226,2.3983,2.3989,13.90,29.10
2007.05.25 01:11:12.328,2.3983,2.3989,14.70,29.10
2007.05.25 01:11:12.349,2.3983,2.3989,14.70,28.30
2007.05.25 01:11:12.504,2.3983,2.3989,14.70,28.30
2007.05.25 01:11:12.518,2.3983,2.39885,17.30,6.40
2007.05.25 01:11:12.783,2.3983,2.39885,15.30,6.40
2007.05.25 01:11:12.960,2.3983,2.3988,15.30,2.46
2007.05.25 01:11:13.262,2.3983,2.3988,14.50,2.46
2007.05.25 01:11:13.475,2.3983,2.3988,14.50,9.60
2007.05.25 01:11:13.784,2.3983,2.3988,14.50,14.40
2007.05.25 01:11:13.852,2.3983,2.3988,14.50,17.60
2007.05.25 01:11:14.076,2.3983,2.3987,14.50,15.20
2007.05.25 01:11:14.293,2.3983,2.3987,14.50,15.20
2007.05.25 01:11:14.756,2.3983,2.3987,12.10,16.40
2007.05.25 01:11:15.458,2.3983,2.3987,6.60,25.90
2007.05.25 01:11:15.966,2.3979,2.3986,9.90,14.30
2007.05.25 01:11:16.226,2.3979,2.3986,6.70,16.70
2007.05.25 01:11:16.331,2.398,2.3986,0.80,19.10
2007.05.25 01:11:16.344,2.398,2.3986,1.60,19.10
2007.05.25 01:11:16.742,2.398,2.3986,1.60,14.30
2007.05.25 01:11:16.893,2.398,2.3986,2.40,14.20
2007.05.25 01:11:17.818,2.3983,2.3987,6.60,24.70
2007.05.25 01:11:18.017,2.3983,2.3987,12.10,15.20
2007.05.25 01:11:18.436,2.3983,2.3987,8.10,16.00
2007.05.25 01:11:18.605,2.3983,2.3987,5.50,20.00
2007.05.25 01:11:20.697,2.3984,2.3987,1.60,12.80
2007.05.25 01:11:20.815,2.3984,2.3987,1.60,8.80
2007.05.25 01:11:20.924,2.3984,2.3988,1.60,18.40
2007.05.25 01:11:20.954,2.3985,2.3988,5.50,14.40
2007.05.25 01:11:21.012,2.3985,2.3988,5.50,10.46
2007.05.25 01:11:22.339,2.3984,2.3988,1.60,14.86
2007.05.25 01:11:22.769,2.3984,2.3988,1.60,14.80
2007.05.25 01:11:23.474,2.3984,2.3988,1.60,18.70
2007.05.25 01:11:23.716,2.3982,2.3988,3.40,22.70
2007.05.25 01:11:25.243,2.3982,2.3987,3.40,19.10
2007.05.25 01:11:25.360,2.3982,2.3987,3.40,23.10
2007.05.25 01:11:25.675,2.3983,2.3987,2.00,30.70
2007.05.25 01:11:25.962,2.3983,2.3987,2.00,21.10
2007.05.25 01:11:27.203,2.3983,2.3988,2.00,27.10
2007.05.25 01:11:27.238,2.3983,2.3988,8.30,12.40
2007.05.25 01:11:27.310,2.3983,2.3988,8.30,11.60
2007.05.25 01:11:27.325,2.3983,2.3988,10.90,10.86
2007.05.25 01:11:27.365,2.3983,2.3988,8.90,10.86
2007.05.25 01:11:27.573,2.3983,2.3988,6.30,10.86
2007.05.25 01:11:28.234,2.3983,2.3986,6.30,4.80
2007.05.25 01:11:28.299,2.3983,2.3986,0.80,4.80
2007.05.25 01:11:28.368,2.3982,2.3986,7.50,10.80
2007.05.25 01:11:28.844,2.3982,2.3987,7.50,21.20
2007.05.25 01:11:28.887,2.3983,2.3987,5.50,17.20
2007.05.25 01:11:28.990,2.3983,2.3987,5.50,12.00
2007.05.25 01:11:29.092,2.3983,2.3987,5.50,12.00
2007.05.25 01:11:29.609,2.3983,2.3987,5.50,8.00
2007.05.25 01:11:30.163,2.3983,2.3988,5.50,16.40
2007.05.25 01:11:30.171,2.3983,2.3988,7.50,12.40
2007.05.25 01:11:30.191,2.3983,2.3988,11.50,12.40
2007.05.25 01:11:30.610,2.3983,2.3988,11.50,8.46
2007.05.25 01:11:30.687,2.3983,2.3988,12.30,4.46
2007.05.25 01:11:31.225,2.3983,2.3988,9.90,4.46
2007.05.25 01:11:31.282,2.3983,2.3988,7.90,4.46
2007.05.25 01:11:31.531,2.3983,2.3988,7.10,4.46
2007.05.25 01:11:31.702,2.3983,2.3988,1.60,4.46
2007.05.25 01:11:32.158,2.3983,2.3987,1.60,6.40
2007.05.25 01:11:32.229,2.3983,2.3986,0.80,8.00
2007.05.25 01:11:32.641,2.3981,2.3986,7.50,10.40
2007.05.25 01:11:33.179,2.3981,2.3987,7.50,25.10
2007.05.25 01:11:33.270,2.3981,2.3987,8.30,25.10
2007.05.25 01:11:33.455,2.3981,2.3986,8.30,5.60
2007.05.25 01:11:33.477,2.3981,2.3986,7.50,8.80
2007.05.25 01:11:33.690,2.3981,2.3987,10.70,20.30
2007.05.25 01:11:33.705,2.3981,2.3987,13.30,20.30
2007.05.25 01:11:33.788,2.3981,2.3987,14.10,8.00
2007.05.25 01:11:34.295,2.3982,2.3987,2.40,10.40
2007.05.25 01:11:34.493,2.3983,2.39875,0.80,12.40
2007.05.25 01:11:34.722,2.3983,2.39875,0.80,13.20
2007.05.25 01:11:34.725,2.3983,2.39875,0.80,14.00
2007.05.25 01:11:34.793,2.3983,2.3987,0.80,18.70
2007.05.25 01:11:35.316,2.3983,2.3987,0.80,21.10
2007.05.25 01:11:35.657,2.3982,2.3987,2.40,29.10
2007.05.25 01:11:36.140,2.3982,2.3987,2.40,24.30
2007.05.25 01:11:36.506,2.3983,2.3987,2.00,24.30
2007.05.25 01:11:36.585,2.3983,2.3987,7.50,16.40
2007.05.25 01:11:37.247,2.3984,2.3987,2.40,14.00
2007.05.25 01:11:37.396,2.3984,2.3988,2.40,12.80
2007.05.25 01:11:39.206,2.3983,2.3988,4.40,18.30
2007.05.25 01:11:39.328,2.3985,2.3988,2.40,18.30
2007.05.25 01:11:39.393,2.3985,2.3988,4.40,5.20
2007.05.25 01:11:39.488,2.3985,2.3988,2.40,4.50
2007.05.25 01:11:39.752,2.3985,2.3988,6.40,4.50
2007.05.25 01:11:40.153,2.3985,2.3988,6.40,0.56
2007.05.25 01:11:40.176,2.3985,2.3988,2.40,0.56
2007.05.25 01:11:40.577,2.3985,2.3988,6.40,0.56
2007.05.25 01:11:40.655,2.3985,2.3988,9.00,0.56
2007.05.25 01:11:41.303,2.3985,2.3988,8.20,0.56
2007.05.25 01:11:41.786,2.3985,2.3988,6.60,0.56
2007.05.25 01:11:42.275,2.3985,2.3988,8.20,0.56
2007.05.25 01:11:42.455,2.39855,2.3988,2.60,0.56
2007.05.25 01:11:42.546,2.3986,2.3988,4.00,0.56
2007.05.25 01:11:42.856,2.3986,2.399,4.00,2.90
2007.05.25 01:11:42.964,2.3986,2.399,4.00,2.90
2007.05.25 01:11:43.259,2.3987,2.399,7.50,0.56
2007.05.25 01:11:43.490,2.3987,2.399,7.50,0.12
2007.05.25 01:11:43.904,2.3988,2.3991,1.50,4.06
2007.05.25 01:11:47.436,2.3988,2.3991,1.50,4.12
2007.05.25 01:11:48.164,2.3988,2.3991,1.50,4.80
2007.05.25 01:11:49.085,2.3988,2.3991,1.50,12.80
2007.05.25 01:11:49.314,2.3988,2.3991,1.50,16.80
2007.05.25 01:11:50.301,2.3985,2.3991,11.50,34.00
2007.05.25 01:11:50.316,2.3985,2.3991,11.50,35.60
2007.05.25 01:11:50.442,2.3985,2.3991,11.50,37.20
2007.05.25 01:11:50.478,2.3985,2.3991,11.50,40.40
2007.05.25 01:11:50.585,2.3985,2.399,11.50,16.00
2007.05.25 01:11:51.084,2.3985,2.3991,11.50,34.80
2007.05.25 01:11:51.662,2.3985,2.3989,11.50,4.80
2007.05.25 01:11:51.882,2.3985,2.3989,4.00,14.70
2007.05.25 01:11:52.481,2.3985,2.3989,9.50,9.20
2007.05.25 01:11:52.694,2.3985,2.399,9.50,14.80
2007.05.25 01:11:52.776,2.3985,2.3991,9.50,32.40
2007.05.25 01:11:52.786,2.3986,2.3991,0.80,32.40
2007.05.25 01:11:52.896,2.3986,2.3991,0.80,31.60
2007.05.25 01:11:52.943,2.3986,2.3991,0.80,31.60
2007.05.25 01:11:52.977,2.3986,2.3991,0.80,34.80
2007.05.25 01:11:53.140,2.3986,2.399,0.80,11.20
2007.05.25 01:11:53.235,2.3986,2.3989,0.80,8.80
2007.05.25 01:11:53.309,2.3985,2.3989,5.50,8.80
2007.05.25 01:11:54.153,2.3985,2.39895,5.50,6.80
2007.05.25 01:11:54.238,2.3986,2.39895,0.80,6.80
2007.05.25 01:11:54.251,2.3986,2.39895,0.80,4.80
2007.05.25 01:11:54.419,2.3986,2.399,0.80,11.20
2007.05.25 01:11:55.271,2.3986,2.39895,0.80,6.00
2007.05.25 01:11:55.350,2.3986,2.3989,0.80,6.80
2007.05.25 01:11:55.469,2.3985,2.3989,5.50,14.80
2007.05.25 01:11:56.292,2.3985,2.39885,5.50,10.40
2007.05.25 01:11:56.373,2.3983,2.39885,10.90,10.40
2007.05.25 01:11:56.931,2.3983,2.3989,8.30,33.90
2007.05.25 01:11:57.296,2.3983,2.3989,8.30,32.30
2007.05.25 01:11:57.424,2.3983,2.3989,2.80,27.90
2007.05.25 01:11:57.477,2.39835,2.39885,2.60,8.00
2007.05.25 01:11:57.517,2.3984,2.39885,0.80,8.00
2007.05.25 01:11:58.366,2.3985,2.39885,5.50,8.00
2007.05.25 01:11:58.484,2.3985,2.39885,7.50,8.00
2007.05.25 01:11:58.603,2.3985,2.39885,7.50,4.06
2007.05.25 01:12:00.194,2.3985,2.39895,8.30,4.06
2007.05.25 01:12:00.580,2.3985,2.399,10.90,0.12
2007.05.25 01:12:02.488,2.3985,2.399,11.70,0.12
2007.05.25 01:12:02.794,2.3985,2.399,10.90,0.12
2007.05.25 01:12:03.809,2.3985,2.3989,8.30,4.06
2007.05.25 01:12:03.854,2.3985,2.3989,7.50,4.06
2007.05.25 01:12:04.194,2.3985,2.3989,8.30,4.06
2007.05.25 01:12:04.311,2.3985,2.399,10.90,0.12
2007.05.25 01:12:04.365,2.3985,2.399,13.30,0.12
2007.05.25 01:12:04.621,2.3985,2.399,15.70,0.12
2007.05.25 01:12:04.749,2.3986,2.399,2.00,0.12
2007.05.25 01:12:04.890,2.3986,2.399,2.80,0.12
2007.05.25 01:12:05.831,2.3986,2.3989,0.80,6.36
2007.05.25 01:12:06.350,2.39855,2.3989,2.60,6.36
2007.05.25 01:12:06.750,2.39855,2.3989,2.60,8.30
2007.05.25 01:12:06.879,2.39855,2.3988,2.60,9.80
2007.05.25 01:12:07.377,2.39855,2.3989,2.60,6.36
2007.05.25 01:12:07.867,2.3984,2.3989,3.60,9.56
2007.05.25 01:12:10.710,2.3985,2.399,6.30,6.06
2007.05.25 01:12:10.817,2.3985,2.3989,0.80,5.56
2007.05.25 01:12:10.888,2.3985,2.3989,4.00,5.56
2007.05.25 01:12:11.704,2.3984,2.3989,7.60,9.56
2007.05.25 01:12:13.198,2.3984,2.3989,10.00,9.56
2007.05.25 01:12:13.321,2.3986,2.3989,2.00,9.56
2007.05.25 01:12:19.272,2.3985,2.3989,4.00,5.56
2007.05.25 01:12:19.412,2.3984,2.3989,10.20,5.56
2007.05.25 01:12:19.560,2.3984,2.3989,7.60,9.56
2007.05.25 01:12:20.505,2.39835,2.3989,10.20,9.62
2007.05.25 01:12:21.158,2.3985,2.3989,6.00,9.56
2007.05.25 01:12:22.129,2.3985,2.3989,6.00,9.50
2007.05.25 01:12:22.331,2.3984,2.3989,9.80,6.80
2007.05.25 01:12:23.062,2.3983,2.3989,13.90,14.70
2007.05.25 01:12:23.130,2.39835,2.39885,4.60,6.00
2007.05.25 01:12:23.213,2.39835,2.39885,7.80,6.00
2007.05.25 01:12:23.288,2.3985,2.39885,7.50,4.06
2007.05.25 01:12:24.321,2.39845,2.3989,6.60,9.90
2007.05.25 01:12:24.361,2.39845,2.3989,6.60,13.90
2007.05.25 01:12:24.417,2.3984,2.3989,4.60,18.70
2007.05.25 01:12:24.443,2.3983,2.3989,13.90,22.70
2007.05.25 01:12:24.689,2.3983,2.3989,13.90,20.70
2007.05.25 01:12:24.753,2.3983,2.3989,17.10,20.70
2007.05.25 01:12:24.977,2.3983,2.3989,19.50,16.70
2007.05.25 01:12:25.114,2.3984,2.3989,11.60,11.90
2007.05.25 01:12:25.191,2.3984,2.3989,11.60,11.96
2007.05.25 01:12:28.014,2.39835,2.3989,8.60,11.96
2007.05.25 01:12:29.278,2.3984,2.3989,9.20,11.96
2007.05.25 01:12:30.190,2.3984,2.3989,8.60,7.96
2007.05.25 01:12:30.302,2.3983,2.3989,19.70,7.96
2007.05.25 01:12:30.422,2.3983,2.3989,17.30,14.30
2007.05.25 01:12:30.550,2.39835,2.3989,5.40,18.30
2007.05.25 01:12:30.607,2.39835,2.3989,3.40,22.30
2007.05.25 01:12:30.761,2.3983,2.3989,6.60,26.30
2007.05.25 01:12:30.848,2.39835,2.3989,10.50,16.00
2007.05.25 01:12:30.887,2.3983,2.3989,18.90,16.00
2007.05.25 01:12:30.941,2.3983,2.3989,18.90,12.00
2007.05.25 01:12:31.014,2.3982,2.3989,24.50,15.90
2007.05.25 01:12:31.047,2.3982,2.3989,24.50,15.90
2007.05.25 01:12:31.286,2.39825,2.3988,7.80,4.06
2007.05.25 01:12:31.364,2.39825,2.3988,5.40,8.00
2007.05.25 01:12:31.554,2.39825,2.3988,3.40,8.00
2007.05.25 01:12:31.803,2.3983,2.39885,3.40,8.00
2007.05.25 01:12:31.826,2.39835,2.39885,3.40,4.06
2007.05.25 01:12:32.171,2.39835,2.3988,3.40,4.80
2007.05.25 01:12:32.301,2.39835,2.3988,3.40,14.60
2007.05.25 01:12:32.388,2.39835,2.3988,3.40,16.20
2007.05.25 01:12:32.480,2.39835,2.39885,3.40,16.30
2007.05.25 01:12:32.702,2.39835,2.3988,3.40,12.30
2007.05.25 01:12:32.908,2.39835,2.3988,3.40,14.70
2007.05.25 01:12:33.440,2.39835,2.3988,3.40,13.20
2007.05.25 01:12:33.533,2.39835,2.39885,3.40,6.00
2007.05.25 01:12:33.578,2.3983,2.3989,12.10,22.70
2007.05.25 01:12:33.748,2.3983,2.3989,14.10,14.70
2007.05.25 01:12:33.853,2.3983,2.3988,14.10,6.00
2007.05.25 01:12:33.856,2.3983,2.39875,11.50,6.40
2007.05.25 01:12:34.224,2.3981,2.39875,8.90,10.40
2007.05.25 01:12:34.356,2.3981,2.3987,13.70,10.40
2007.05.25 01:12:34.451,2.3982,2.3987,12.20,8.00
2007.05.25 01:12:34.668,2.3982,2.39875,14.80,8.00
2007.05.25 01:12:34.754,2.3982,2.3988,15.60,12.40
2007.05.25 01:12:34.860,2.3982,2.39875,13.20,6.40
2007.05.25 01:12:34.966,2.3982,2.39875,5.40,6.40
2007.05.25 01:12:35.133,2.3981,2.39875,12.90,6.40
2007.05.25 01:12:35.377,2.3981,2.39875,14.50,6.40
2007.05.25 01:12:35.450,2.3982,2.39875,13.60,6.40
2007.05.25 01:12:35.495,2.3982,2.3988,13.60,16.40
2007.05.25 01:12:35.587,2.3982,2.3988,15.60,12.40
2007.05.25 01:12:35.963,2.3982,2.3988,13.30,14.80
2007.05.25 01:12:36.082,2.3981,2.3988,30.90,14.80
2007.05.25 01:12:36.645,2.3981,2.3988,33.30,12.40
2007.05.25 01:12:36.865,2.3982,2.3988,18.50,12.40
2007.05.25 01:12:37.190,2.3982,2.3988,18.40,12.40
2007.05.25 01:12:37.533,2.3982,2.3988,20.40,12.40
2007.05.25 01:12:37.689,2.3982,2.39885,20.40,10.40
2007.05.25 01:12:37.843,2.3982,2.39885,23.60,6.40
2007.05.25 01:12:38.518,2.3982,2.3988,25.20,3.20
2007.05.25 01:12:38.530,2.3982,2.3988,26.00,4.00
2007.05.25 01:12:38.660,2.3982,2.3988,28.40,4.00
2007.05.25 01:12:38.730,2.3982,2.3988,28.40,4.80
2007.05.25 01:12:38.876,2.3982,2.3988,32.40,4.00
2007.05.25 01:12:38.962,2.3984,2.3988,9.80,3.20
2007.05.25 01:12:39.049,2.3984,2.39885,9.80,6.40
2007.05.25 01:12:39.407,2.3982,2.39885,23.60,8.40
2007.05.25 01:12:39.451,2.3982,2.39885,20.40,12.40
2007.05.25 01:12:39.499,2.3982,2.39885,16.40,15.60
2007.05.25 01:12:39.531,2.3982,2.3988,15.60,15.60
2007.05.25 01:12:39.728,2.3982,2.39875,15.60,4.80
2007.05.25 01:12:39.875,2.3982,2.39875,15.60,5.60
2007.05.25 01:12:39.980,2.3982,2.39875,15.60,6.40
2007.05.25 01:12:41.695,2.39825,2.3988,10.90,15.60
2007.05.25 01:12:41.809,2.39825,2.3988,10.90,15.60
2007.05.25 01:12:41.858,2.39825,2.3988,10.90,16.40
2007.05.25 01:12:41.862,2.39825,2.3988,10.90,17.20
2007.05.25 01:12:42.343,2.39825,2.3988,10.90,17.20
2007.05.25 01:12:42.507,2.39825,2.3988,10.90,17.20
2007.05.25 01:12:42.540,2.39825,2.3988,10.90,17.20
2007.05.25 01:12:42.557,2.39825,2.3988,10.90,17.20
2007.05.25 01:12:42.770,2.39825,2.3988,14.10,17.20
2007.05.25 01:12:43.203,2.39825,2.3988,14.10,18.00
2007.05.25 01:12:43.248,2.39825,2.3988,14.10,23.60
2007.05.25 01:12:43.275,2.39825,2.3988,8.60,31.50
2007.05.25 01:12:43.358,2.39825,2.3988,8.60,32.30
2007.05.25 01:12:43.405,2.39825,2.3988,6.60,32.30
2007.05.25 01:12:43.683,2.39825,2.3988,6.60,27.50
2007.05.25 01:12:43.788,2.39825,2.3988,14.10,19.60
2007.05.25 01:12:43.981,2.39825,2.3988,10.10,20.40
2007.05.25 01:12:45.247,2.3982,2.3987,19.60,9.66
2007.05.25 01:12:45.374,2.3982,2.3987,20.40,9.66
2007.05.25 01:12:45.653,2.39825,2.3987,12.10,9.66
2007.05.25 01:12:45.758,2.39825,2.3987,6.60,19.96
2007.05.25 01:12:46.161,2.39825,2.3987,6.60,21.90
2007.05.25 01:12:46.454,2.39825,2.3987,6.60,25.90
2007.05.25 01:12:46.481,2.39825,2.3987,6.60,29.90
2007.05.25 01:12:46.548,2.39825,2.3987,6.60,29.90
2007.05.25 01:12:46.666,2.39825,2.3987,6.60,29.90
2007.05.25 01:12:47.228,2.39825,2.3987,6.60,29.10
2007.05.25 01:12:47.249,2.39825,2.3987,6.60,28.20
2007.05.25 01:12:47.356,2.39825,2.3987,6.60,24.20
2007.05.25 01:12:47.490,2.3981,2.39865,18.10,9.90
2007.05.25 01:12:47.664,2.3981,2.39865,18.10,9.90
2007.05.25 01:12:47.778,2.398,2.39865,25.20,7.90
2007.05.25 01:12:48.708,2.3982,2.39865,2.40,7.90
2007.05.25 01:12:48.872,2.3983,2.39865,7.50,7.90
2007.05.25 01:12:49.193,2.3983,2.3987,7.50,11.10
2007.05.25 01:12:49.278,2.3983,2.3987,5.50,13.10
2007.05.25 01:12:49.409,2.3983,2.3987,5.50,19.50
2007.05.25 01:12:49.416,2.3981,2.3987,14.90,31.40
2007.05.25 01:12:49.492,2.3981,2.3987,14.90,29.90
2007.05.25 01:12:49.525,2.3981,2.3987,14.10,29.90
2007.05.25 01:12:49.917,2.3981,2.3986,14.10,17.20
2007.05.25 01:12:50.022,2.3981,2.3985,14.10,6.40
2007.05.25 01:12:50.055,2.3981,2.3985,8.60,10.40
2007.05.25 01:12:50.143,2.3981,2.3985,6.60,12.00
2007.05.25 01:12:50.855,2.3981,2.3986,6.60,17.20
2007.05.25 01:12:50.968,2.3981,2.3987,12.10,21.60
2007.05.25 01:12:51.077,2.3981,2.3987,12.10,22.40
2007.05.25 01:12:51.772,2.3981,2.3987,11.70,22.40
2007.05.25 01:12:51.864,2.3981,2.3987,8.10,25.60
2007.05.25 01:12:51.958,2.3981,2.3987,2.60,33.50
2007.05.25 01:12:51.979,2.3981,2.3987,2.60,35.90
2007.05.25 01:12:52.036,2.398,2.3986,13.90,16.00
2007.05.25 01:12:52.591,2.39805,2.3987,2.60,35.90
2007.05.25 01:12:52.602,2.3981,2.3987,4.00,34.70
2007.05.25 01:12:52.774,2.3981,2.3987,8.00,29.90
2007.05.25 01:12:53.396,2.3981,2.3987,8.00,25.90
2007.05.25 01:12:53.690,2.3981,2.3987,4.00,30.70
2007.05.25 01:12:53.893,2.3981,2.3986,4.00,12.00
2007.05.25 01:12:54.118,2.3981,2.3987,4.00,24.30
2007.05.25 01:12:54.164,2.3981,2.3987,4.00,24.30
2007.05.25 01:12:54.290,2.3981,2.3986,4.00,8.00
2007.05.25 01:12:54.371,2.3981,2.3987,4.00,24.30
2007.05.25 01:12:54.415,2.3981,2.3986,4.00,8.00
2007.05.25 01:12:54.476,2.39805,2.3986,2.60,10.40
2007.05.25 01:12:54.570,2.398,2.39855,16.50,7.20
2007.05.25 01:12:54.584,2.398,2.39855,16.50,8.00
2007.05.25 01:12:54.624,2.398,2.39855,16.50,10.40
2007.05.25 01:12:54.817,2.398,2.39855,16.50,11.20
2007.05.25 01:12:55.312,2.3981,2.39855,4.00,11.20
2007.05.25 01:12:55.383,2.3981,2.3985,4.00,7.20
2007.05.25 01:12:55.453,2.3981,2.3985,4.00,12.00
2007.05.25 01:12:55.597,2.3981,2.3985,4.00,19.90
2007.05.25 01:12:55.685,2.398,2.3985,8.60,33.40
2007.05.25 01:12:55.695,2.398,2.3985,8.60,19.90
2007.05.25 01:12:55.729,2.398,2.3984,8.60,17.50
2007.05.25 01:12:56.143,2.398,2.3985,8.60,25.90
2007.05.25 01:12:56.241,2.398,2.3983,6.60,9.90
2007.05.25 01:12:56.310,2.398,2.3984,8.60,21.16
2007.05.25 01:12:57.162,2.398,2.3984,12.60,21.23
2007.05.25 01:12:57.200,2.398,2.3984,8.60,23.50
2007.05.25 01:12:57.294,2.398,2.3984,6.60,23.50
2007.05.25 01:12:57.419,2.3979,2.3983,8.00,4.46
2007.05.25 01:12:57.684,2.3979,2.3983,11.90,2.06
2007.05.25 01:12:57.885,2.39785,2.3983,6.60,0.12
2007.05.25 01:12:58.084,2.3977,2.3983,16.40,0.12
2007.05.25 01:12:59.161,2.3978,2.3983,14.10,0.12
2007.05.25 01:12:59.499,2.3979,2.3983,16.40,0.12
2007.05.25 01:12:59.739,2.3979,2.3983,22.60,0.12
2007.05.25 01:12:59.842,2.3979,2.3983,11.60,0.12
2007.05.25 01:13:00.223,2.398,2.3983,8.40,0.12
2007.05.25 01:13:00.960,2.3981,2.3983,8.00,0.12
2007.05.25 01:13:02.271,2.398,2.3983,14.60,0.12
2007.05.25 01:13:02.304,2.398,2.3983,11.80,0.12
2007.05.25 01:13:02.943,2.398,2.3983,8.40,0.12
2007.05.25 01:13:03.384,2.398,2.3983,13.80,0.12
2007.05.25 01:13:03.722,2.3981,2.3983,13.10,0.12
2007.05.25 01:13:06.164,2.398,2.3983,16.20,0.46
2007.05.25 01:13:06.258,2.3981,2.3983,15.50,0.46
2007.05.25 01:13:06.376,2.3981,2.3984,13.50,0.36
2007.05.25 01:13:06.478,2.3982,2.3984,13.80,0.36
2007.05.25 01:13:06.686,2.3982,2.3984,11.80,0.36
2007.05.25 01:13:06.792,2.3981,2.3984,15.50,0.36
2007.05.25 01:13:07.207,2.398,2.3984,20.40,0.36
2007.05.25 01:13:07.284,2.398,2.3984,12.60,0.36
2007.05.25 01:13:07.334,2.398,2.3984,12.60,0.50
2007.05.25 01:13:07.458,2.398,2.3984,9.40,0.50
2007.05.25 01:13:07.608,2.398,2.3984,6.80,0.50
2007.05.25 01:13:08.766,2.398,2.3984,13.80,0.50
2007.05.25 01:13:08.860,2.398,2.3984,14.60,0.50
2007.05.25 01:13:08.915,2.398,2.3984,15.40,0.50
2007.05.25 01:13:08.947,2.398,2.3984,14.60,0.50
2007.05.25 01:13:09.130,2.398,2.3984,13.80,0.50
2007.05.25 01:13:09.236,2.3981,2.3984,12.30,0.50
2007.05.25 01:13:09.909,2.3982,2.3984,6.00,0.50
2007.05.25 01:13:11.133,2.3981,2.3984,12.30,0.50
2007.05.25 01:13:14.721,2.3981,2.3984,16.30,0.60
2007.05.25 01:13:15.230,2.398,2.3984,14.60,0.50
2007.05.25 01:13:17.512,2.398,2.3984,17.80,0.50
2007.05.25 01:13:17.618,2.3981,2.3984,15.50,0.50
2007.05.25 01:13:18.223,2.39805,2.3984,18.10,0.50
2007.05.25 01:13:18.779,2.39805,2.3984,12.60,0.50
2007.05.25 01:13:19.202,2.39805,2.3984,8.60,0.50
2007.05.25 01:13:19.337,2.39795,2.3984,8.60,2.40
2007.05.25 01:13:19.473,2.39795,2.3984,4.60,6.40
2007.05.25 01:13:19.854,2.3979,2.3984,15.50,10.50
2007.05.25 01:13:20.203,2.3979,2.3984,15.50,12.10
2007.05.25 01:13:20.343,2.3979,2.3984,15.50,12.90
2007.05.25 01:13:20.443,2.3979,2.3984,15.50,12.90
2007.05.25 01:13:20.556,2.3979,2.3984,15.50,13.70
2007.05.25 01:13:20.572,2.3979,2.3984,15.50,14.50
2007.05.25 01:13:20.657,2.3979,2.3984,15.50,15.30
2007.05.25 01:13:25.158,2.398,2.39835,2.00,8.20
2007.05.25 01:13:25.197,2.398,2.39835,2.00,6.60
2007.05.25 01:13:25.257,2.398,2.39835,2.00,5.80
2007.05.25 01:13:25.342,2.398,2.39835,2.00,4.20
2007.05.25 01:13:26.507,2.3981,2.3984,5.50,10.50
2007.05.25 01:13:26.637,2.3981,2.3984,7.50,4.50
2007.05.25 01:13:27.136,2.3981,2.3984,7.50,10.10
2007.05.25 01:13:33.772,2.3981,2.3984,7.50,14.10
2007.05.25 01:13:33.800,2.3979,2.3984,10.90,16.90
2007.05.25 01:13:34.115,2.3979,2.3983,10.90,5.36
2007.05.25 01:13:34.270,2.3979,2.3983,14.90,2.96
2007.05.25 01:13:34.376,2.3981,2.3983,7.50,0.96
2007.05.25 01:13:34.662,2.3981,2.3983,7.50,0.90
2007.05.25 01:13:37.215,2.3981,2.3983,7.50,3.30
2007.05.25 01:13:37.270,2.3981,2.3983,7.50,4.90
2007.05.25 01:13:37.428,2.3981,2.3983,7.50,4.90
2007.05.25 01:13:37.916,2.3981,2.3983,7.50,4.90
2007.05.25 01:13:39.690,2.3981,2.3983,9.10,4.10
2007.05.25 01:13:39.783,2.3981,2.3983,9.10,3.30
2007.05.25 01:13:39.792,2.3981,2.3983,9.10,2.70
2007.05.25 01:13:39.810,2.3981,2.3983,9.10,1.20
2007.05.25 01:13:40.037,2.3981,2.3983,9.90,0.90
2007.05.25 01:13:40.235,2.3981,2.3983,7.90,0.90
2007.05.25 01:13:40.303,2.3981,2.3983,7.90,1.70
2007.05.25 01:13:40.461,2.3981,2.3983,7.90,1.76
2007.05.25 01:13:40.514,2.3981,2.3983,7.90,2.56
2007.05.25 01:13:40.715,2.3981,2.3983,6.30,2.56
2007.05.25 01:13:40.754,2.3981,2.3983,8.30,2.56
2007.05.25 01:13:41.940,2.39805,2.3983,10.90,5.06
2007.05.25 01:13:42.192,2.3981,2.3983,7.50,2.56
2007.05.25 01:13:42.308,2.398,2.3983,0.80,2.56
2007.05.25 01:13:44.305,2.398,2.3983,0.80,6.56
2007.05.25 01:13:45.318,2.398,2.3983,0.80,2.56
2007.05.25 01:13:45.494,2.3981,2.3983,7.50,2.66
2007.05.25 01:13:47.696,2.3979,2.3983,14.90,2.66
2007.05.25 01:13:48.188,2.3979,2.3983,10.90,2.66
2007.05.25 01:13:48.398,2.3979,2.3983,10.10,4.60
2007.05.25 01:13:48.413,2.3979,2.3983,7.50,8.60
2007.05.25 01:13:49.673,2.3979,2.3982,7.50,3.40
2007.05.25 01:13:49.749,2.3979,2.3982,7.50,4.20
2007.05.25 01:13:49.769,2.3979,2.3982,7.50,5.00
2007.05.25 01:13:50.054,2.3979,2.3982,2.00,7.40
2007.05.25 01:13:50.282,2.3977,2.39815,8.30,6.40
2007.05.25 01:13:51.397,2.3977,2.3981,8.30,2.40
2007.05.25 01:13:51.476,2.3977,2.3981,8.30,3.20
2007.05.25 01:13:51.999,2.3977,2.3981,2.80,3.20
2007.05.25 01:13:52.115,2.3977,2.3981,2.00,5.20
2007.05.25 01:13:53.982,2.3977,2.3981,2.00,10.80
2007.05.25 01:13:54.165,2.3976,2.3981,7.50,14.80
2007.05.25 01:13:54.483,2.3976,2.398,7.50,6.40
2007.05.25 01:13:54.598,2.3976,2.398,5.50,10.40
2007.05.25 01:13:55.596,2.3976,2.39805,5.50,8.80
2007.05.25 01:13:56.396,2.3976,2.39805,5.50,8.80
2007.05.25 01:13:57.093,2.3976,2.398,5.50,8.80
2007.05.25 01:13:59.978,2.3976,2.398,5.50,12.80
2007.05.25 01:14:01.158,2.3975,2.398,7.50,12.80
2007.05.25 01:14:01.346,2.3974,2.39795,9.00,11.90
2007.05.25 01:14:01.395,2.3974,2.39795,7.40,11.90
2007.05.25 01:14:02.339,2.3974,2.39795,7.40,12.70
2007.05.25 01:14:02.367,2.3974,2.3979,4.80,13.50
2007.05.25 01:14:02.532,2.3974,2.3979,4.00,18.30
2007.05.25 01:14:02.812,2.3975,2.3979,7.50,10.40
2007.05.25 01:14:03.198,2.3975,2.3979,7.50,10.40
2007.05.25 01:14:03.443,2.3975,2.3979,7.50,10.40
2007.05.25 01:14:03.490,2.3975,2.3979,7.50,10.40
2007.05.25 01:14:03.687,2.3975,2.3979,7.50,10.40
2007.05.25 01:14:03.910,2.3975,2.3979,7.50,10.40
2007.05.25 01:14:04.772,2.3975,2.3978,5.50,2.40
2007.05.25 01:14:04.889,2.3974,2.3978,4.00,2.40
2007.05.25 01:14:04.914,2.3974,2.3978,4.00,2.40
2007.05.25 01:14:04.967,2.3974,2.39785,4.00,6.40
2007.05.25 01:14:05.407,2.3974,2.3979,4.00,18.60
2007.05.25 01:14:05.416,2.3974,2.3979,4.80,14.60
2007.05.25 01:14:07.653,2.3975,2.3979,2.00,12.20
2007.05.25 01:14:07.753,2.3975,2.3979,7.50,6.70
2007.05.25 01:14:08.034,2.3975,2.3977,7.50,2.80
2007.05.25 01:14:08.051,2.3976,2.3977,5.50,2.80
2007.05.25 01:14:08.079,2.3976,2.3977,7.90,2.80
2007.05.25 01:14:08.301,2.3977,2.3981,2.00,11.60
2007.05.25 01:14:08.477,2.3977,2.3979,2.00,1.10
2007.05.25 01:14:09.493,2.3975,2.3978,2.80,5.10
2007.05.25 01:14:09.637,2.3975,2.3978,8.30,2.70
2007.05.25 01:14:09.963,2.3975,2.3978,7.50,2.70
2007.05.25 01:14:11.286,2.3974,2.3978,0.80,2.70
2007.05.25 01:14:11.565,2.3973,2.3978,8.30,6.70
2007.05.25 01:14:12.518,2.3974,2.3978,5.50,6.70
2007.05.25 01:14:12.612,2.3974,2.3978,7.50,6.70
2007.05.25 01:14:13.483,2.3974,2.3978,7.50,3.50
2007.05.25 01:14:13.537,2.3974,2.3978,7.50,4.30
2007.05.25 01:14:13.585,2.3974,2.3978,7.50,5.10
2007.05.25 01:14:14.639,2.3974,2.3978,7.50,8.30
2007.05.25 01:14:14.766,2.3974,2.3978,2.00,22.60
2007.05.25 01:14:14.844,2.3973,2.3978,4.60,24.60
2007.05.25 01:14:14.890,2.3973,2.39775,2.00,19.00
2007.05.25 01:14:15.750,2.3973,2.3977,2.00,17.40
2007.05.25 01:14:18.801,2.3972,2.3977,3.40,17.40
2007.05.25 01:14:19.106,2.3972,2.3977,2.60,21.40
2007.05.25 01:14:19.162,2.3971,2.39765,14.90,8.40
2007.05.25 01:14:19.209,2.3971,2.3976,9.40,12.30
2007.05.25 01:14:19.691,2.3971,2.3976,6.80,17.90
2007.05.25 01:14:19.728,2.3971,2.3976,2.80,20.30
2007.05.25 01:14:19.795,2.3971,2.3976,0.80,26.30
2007.05.25 01:14:19.884,2.3971,2.3976,0.80,30.30
2007.05.25 01:14:20.040,2.39705,2.3976,2.60,34.30
2007.05.25 01:14:20.196,2.397,2.3976,0.80,33.50
2007.05.25 01:14:20.254,2.3971,2.3976,4.00,30.30
2007.05.25 01:14:20.337,2.3971,2.3976,4.00,26.30
2007.05.25 01:14:20.559,2.3971,2.3976,4.80,15.90
2007.05.25 01:14:20.653,2.3971,2.3976,4.80,19.10
2007.05.25 01:14:20.701,2.3971,2.3976,4.80,19.10
2007.05.25 01:14:20.757,2.3971,2.3976,0.80,19.10
2007.05.25 01:14:20.880,2.3971,2.3976,0.80,23.10
2007.05.25 01:14:20.941,2.3971,2.3976,0.80,23.10
2007.05.25 01:14:20.955,2.397,2.3976,0.80,34.30
2007.05.25 01:14:21.074,2.397,2.3976,3.20,29.50
2007.05.25 01:14:21.204,2.39705,2.3976,2.60,29.50
2007.05.25 01:14:21.256,2.3971,2.3976,5.50,21.60
2007.05.25 01:14:21.273,2.3971,2.3976,9.50,21.60
2007.05.25 01:14:21.337,2.3972,2.3976,2.00,12.40
2007.05.25 01:14:21.357,2.3972,2.3977,2.00,31.00
2007.05.25 01:14:22.061,2.3972,2.3976,2.00,0.50
2007.05.25 01:14:22.218,2.3972,2.39755,2.00,0.70
2007.05.25 01:14:22.479,2.3972,2.3976,2.00,0.60
2007.05.25 01:14:22.496,2.3972,2.3976,2.00,0.50
2007.05.25 01:14:22.693,2.3973,2.3976,0.80,0.80
2007.05.25 01:14:22.814,2.3973,2.3977,2.80,24.60
2007.05.25 01:14:23.202,2.3973,2.3977,2.00,27.00
2007.05.25 01:14:23.321,2.3972,2.3976,2.00,0.90
2007.05.25 01:14:23.424,2.3972,2.3976,2.00,0.60
2007.05.25 01:14:23.501,2.3972,2.39765,2.00,14.00
2007.05.25 01:14:23.528,2.3972,2.39755,2.00,0.70
2007.05.25 01:14:23.744,2.3972,2.39755,2.00,8.00
2007.05.25 01:14:23.781,2.3972,2.39755,2.00,15.90
2007.05.25 01:14:23.800,2.3972,2.39745,2.00,0.70
2007.05.25 01:14:24.025,2.397,2.39745,2.40,0.90
2007.05.25 01:14:24.243,2.3973,2.3975,2.00,19.90
2007.05.25 01:14:24.764,2.3973,2.3976,2.00,8.00
2007.05.25 01:14:24.810,2.3973,2.3977,2.00,27.00
2007.05.25 01:14:25.223,2.3971,2.3976,11.70,0.60
2007.05.25 01:14:25.732,2.3971,2.3975,6.20,0.90
2007.05.25 01:14:25.788,2.3971,2.3975,3.60,0.60
2007.05.25 01:14:26.335,2.3971,2.3976,2.80,17.90
2007.05.25 01:14:26.755,2.3973,2.39755,2.00,0.50
2007.05.25 01:14:27.283,2.3973,2.3976,2.00,0.90
2007.05.25 01:14:27.290,2.3973,2.3977,2.00,27.00
2007.05.25 01:14:28.504,2.3973,2.39765,2.00,9.50
2007.05.25 01:14:29.239,2.3973,2.3976,2.00,8.70
2007.05.25 01:14:29.257,2.3973,2.3976,2.00,11.90
2007.05.25 01:14:29.362,2.3971,2.3974,5.40,5.50
2007.05.25 01:14:29.668,2.3971,2.3973,5.40,5.50
2007.05.25 01:14:29.784,2.3971,2.3973,3.40,5.50
2007.05.25 01:14:30.610,2.3971,2.3973,2.60,5.50
2007.05.25 01:14:30.737,2.3969,2.3973,5.40,5.50
2007.05.25 01:14:31.223,2.3969,2.3973,2.80,5.50
2007.05.25 01:14:34.932,2.3969,2.3973,2.80,6.30
2007.05.25 01:14:34.977,2.3969,2.3973,2.80,7.10
2007.05.25 01:14:35.315,2.3969,2.3973,2.80,7.90
2007.05.25 01:14:35.635,2.3969,2.3973,2.80,8.70
2007.05.25 01:14:35.705,2.3969,2.3973,2.80,9.50
2007.05.25 01:14:35.783,2.3969,2.3973,2.80,10.30
2007.05.25 01:14:35.880,2.3969,2.3973,2.00,10.30
2007.05.25 01:14:36.073,2.3969,2.3973,2.00,14.30
2007.05.25 01:14:36.701,2.3968,2.3973,5.00,14.30
2007.05.25 01:14:36.777,2.3968,2.3973,4.20,14.30
2007.05.25 01:14:37.091,2.3969,2.3973,0.80,14.30
2007.05.25 01:14:37.228,2.3969,2.3972,0.80,3.20
2007.05.25 01:14:37.355,2.3969,2.3971,0.80,5.50
2007.05.25 01:14:37.407,2.3969,2.3972,0.80,11.00
2007.05.25 01:14:37.622,2.39685,2.3972,2.60,11.80
2007.05.25 01:14:37.639,2.39685,2.3972,2.60,12.60
2007.05.25 01:14:37.759,2.39685,2.3971,2.60,7.90
2007.05.25 01:14:37.862,2.39685,2.3971,2.60,8.70
2007.05.25 01:14:37.885,2.3968,2.3971,0.80,10.30
2007.05.25 01:14:38.777,2.3968,2.3971,0.80,10.30
2007.05.25 01:14:38.868,2.3968,2.3971,0.80,11.90
2007.05.25 01:14:38.901,2.3968,2.3971,0.80,12.70
2007.05.25 01:14:39.404,2.3968,2.3971,1.60,12.70
2007.05.25 01:14:39.489,2.3968,2.39725,2.40,11.20
2007.05.25 01:14:39.648,2.3968,2.39725,3.20,11.20
2007.05.25 01:14:39.700,2.3968,2.397,5.60,7.20
2007.05.25 01:14:39.807,2.397,2.3972,2.00,4.80
2007.05.25 01:14:39.809,2.397,2.3972,2.00,7.20
2007.05.25 01:14:39.894,2.397,2.3972,2.00,9.60
2007.05.25 01:14:40.415,2.397,2.3972,4.40,8.00
2007.05.25 01:14:40.730,2.3971,2.3972,2.00,8.00
2007.05.25 01:14:41.128,2.397,2.3975,10.30,16.00
2007.05.25 01:14:41.161,2.397,2.3974,10.30,17.60
2007.05.25 01:14:41.241,2.3972,2.3974,2.00,15.20
2007.05.25 01:14:41.636,2.3972,2.3975,2.00,8.80
2007.05.25 01:14:41.644,2.3972,2.3975,2.00,4.80
2007.05.25 01:14:42.054,2.397,2.3972,13.70,1.60
2007.05.25 01:14:42.109,2.3972,2.3974,2.00,2.40
2007.05.25 01:14:42.238,2.3972,2.3974,2.00,2.40
2007.05.25 01:14:42.282,2.3972,2.3975,2.00,6.40
2007.05.25 01:14:42.380,2.397,2.3972,11.30,2.40
2007.05.25 01:14:42.398,2.397,2.3972,3.40,2.40
2007.05.25 01:14:42.505,2.397,2.3974,3.40,4.80
2007.05.25 01:14:42.591,2.397,2.3974,3.40,4.00
2007.05.25 01:14:42.610,2.397,2.3972,5.40,0.86
2007.05.25 01:14:43.215,2.397,2.3973,7.80,2.46
2007.05.25 01:14:43.490,2.3972,2.3973,2.00,0.86
2007.05.25 01:14:43.579,2.3972,2.39755,2.00,6.40
2007.05.25 01:14:44.407,2.397,2.3975,5.20,16.20
2007.05.25 01:14:44.411,2.397,2.3975,2.80,16.20
2007.05.25 01:14:46.249,2.397,2.3975,2.80,22.60
2007.05.25 01:14:46.366,2.397,2.3975,2.80,26.60
2007.05.25 01:14:46.429,2.397,2.3973,0.80,2.06
2007.05.25 01:14:46.610,2.3969,2.3972,2.80,1.66
2007.05.25 01:14:46.822,2.3969,2.3972,2.80,2.40
2007.05.25 01:14:46.858,2.3969,2.3971,2.80,1.60
2007.05.25 01:14:46.934,2.3969,2.3971,0.80,2.40
2007.05.25 01:14:47.051,2.3969,2.3971,0.80,2.40
2007.05.25 01:14:47.117,2.3969,2.3971,0.80,2.46
2007.05.25 01:14:47.173,2.3969,2.3971,0.80,0.86
2007.05.25 01:14:47.350,2.3969,2.3972,0.80,13.10
2007.05.25 01:14:47.385,2.3969,2.3972,0.80,9.90
2007.05.25 01:14:47.694,2.3969,2.3973,0.80,11.50
2007.05.25 01:14:47.703,2.397,2.3973,2.40,10.70
2007.05.25 01:14:47.782,2.3969,2.3973,3.20,10.70
2007.05.25 01:14:47.811,2.397,2.3973,2.00,9.50
2007.05.25 01:14:47.840,2.397,2.3973,2.00,9.56
2007.05.25 01:14:48.072,2.3971,2.3973,2.00,1.66
2007.05.25 01:14:48.273,2.397,2.3973,2.00,2.46
2007.05.25 01:14:48.513,2.397,2.3972,2.80,1.66
2007.05.25 01:14:50.355,2.3969,2.3973,2.00,6.06
2007.05.25 01:14:50.739,2.3969,2.3973,4.40,6.06
2007.05.25 01:14:50.870,2.39695,2.3973,2.60,2.06
2007.05.25 01:14:50.887,2.397,2.3975,2.00,24.20
2007.05.25 01:14:51.269,2.397,2.3975,2.00,25.00
2007.05.25 01:14:51.476,2.397,2.3975,2.00,30.60
2007.05.25 01:14:51.560,2.397,2.3975,2.00,29.80
2007.05.25 01:14:51.568,2.397,2.3972,0.80,5.56
2007.05.25 01:14:51.656,2.397,2.3972,3.20,5.56
2007.05.25 01:14:51.774,2.397,2.3972,5.60,5.56
2007.05.25 01:14:51.895,2.397,2.3972,9.60,5.56
2007.05.25 01:14:51.974,2.397,2.3973,17.50,2.46
2007.05.25 01:14:52.009,2.397,2.3973,24.70,2.46
2007.05.25 01:14:52.164,2.3971,2.3973,2.40,2.46
2007.05.25 01:14:52.319,2.3972,2.3973,2.00,2.46
2007.05.25 01:14:53.879,2.397,2.3973,2.00,2.46
2007.05.25 01:14:54.220,2.397,2.3973,6.80,2.46
2007.05.25 01:14:54.312,2.397,2.3973,2.00,1.66
2007.05.25 01:14:54.565,2.3972,2.3973,2.00,0.86
2007.05.25 01:14:54.813,2.397,2.3973,2.00,2.46
2007.05.25 01:14:55.094,2.397,2.3973,6.00,2.46
2007.05.25 01:14:56.738,2.397,2.3971,6.00,0.86
2007.05.25 01:14:56.748,2.397,2.3971,6.00,2.46
2007.05.25 01:14:57.167,2.397,2.3971,2.00,2.46
2007.05.25 01:14:58.814,2.3968,2.3971,14.30,0.86
2007.05.25 01:14:58.898,2.3968,2.3972,14.30,0.86
2007.05.25 01:14:59.327,2.3968,2.3972,11.90,2.46
2007.05.25 01:14:59.476,2.3968,2.3972,13.90,2.46
2007.05.25 01:14:59.750,2.3968,2.3972,6.00,2.46
2007.05.25 01:15:00.134,2.3968,2.3972,11.50,2.46
2007.05.25 01:15:00.363,2.3968,2.3972,14.10,2.46
2007.05.25 01:15:00.745,2.397,2.3972,2.00,0.86
2007.05.25 01:15:00.850,2.397,2.3972,7.90,0.86
2007.05.25 01:15:01.348,2.3968,2.39725,4.00,4.06
2007.05.25 01:15:01.841,2.3968,2.3973,4.00,18.30
2007.05.25 01:15:02.234,2.3967,2.3973,6.60,18.30
2007.05.25 01:15:02.506,2.3967,2.3973,6.60,18.30
2007.05.25 01:15:02.590,2.3967,2.3973,6.60,23.10
2007.05.25 01:15:02.609,2.3967,2.3973,4.00,23.10
2007.05.25 01:15:02.685,2.3967,2.3972,4.00,9.60
2007.05.25 01:15:02.733,2.3967,2.3972,4.00,17.50
2007.05.25 01:15:03.706,2.3967,2.3973,9.50,26.70
2007.05.25 01:15:03.795,2.3967,2.3973,11.50,26.70
2007.05.25 01:15:03.878,2.3967,2.39725,14.10,9.60
2007.05.25 01:15:05.269,2.3967,2.39725,14.10,12.00
2007.05.25 01:15:05.447,2.3968,2.39725,0.80,12.00
2007.05.25 01:15:05.463,2.3968,2.39725,0.80,12.20
2007.05.25 01:15:05.535,2.3968,2.3972,1.60,10.20
2007.05.25 01:15:05.674,2.3968,2.3972,2.40,10.30
2007.05.25 01:15:05.821,2.3969,2.39725,2.00,6.70
2007.05.25 01:15:06.123,2.3969,2.39725,2.00,5.90
2007.05.25 01:15:06.194,2.3969,2.39725,2.00,5.10
2007.05.25 01:15:06.381,2.3969,2.39725,2.00,4.40
2007.05.25 01:15:06.748,2.3969,2.39725,7.50,4.40
2007.05.25 01:15:09.350,2.3969,2.3973,2.00,8.80
2007.05.25 01:15:10.707,2.3969,2.39725,7.50,4.40
2007.05.25 01:15:11.180,2.397,2.3973,2.40,7.60
2007.05.25 01:15:11.341,2.3971,2.3973,7.50,6.00
2007.05.25 01:15:11.727,2.3972,2.3974,2.40,5.20
2007.05.25 01:15:12.216,2.3971,2.3974,7.90,0.46
2007.05.25 01:15:12.234,2.3972,2.3974,7.90,0.46
2007.05.25 01:15:12.460,2.3971,2.3974,4.00,5.90
2007.05.25 01:15:12.547,2.397,2.3974,2.60,6.70
2007.05.25 01:15:12.716,2.397,2.3974,5.00,6.70
2007.05.25 01:15:12.861,2.3971,2.3974,2.00,1.20
2007.05.25 01:15:15.701,2.3971,2.3974,4.40,1.20
2007.05.25 01:15:15.957,2.3972,2.3974,9.90,0.46
2007.05.25 01:15:17.728,2.3972,2.3974,7.90,0.46
2007.05.25 01:15:17.817,2.3971,2.3974,6.60,0.46
2007.05.25 01:15:18.116,2.3971,2.3974,2.60,0.46
2007.05.25 01:15:18.137,2.3971,2.3974,5.00,0.46
2007.05.25 01:15:18.170,2.3971,2.3974,2.40,0.46
2007.05.25 01:15:18.364,2.3972,2.3974,9.90,0.46
2007.05.25 01:15:19.222,2.3972,2.3974,14.70,0.46
2007.05.25 01:15:19.252,2.3972,2.3974,12.70,0.46
2007.05.25 01:15:19.360,2.3972,2.3974,4.80,0.36
2007.05.25 01:15:19.673,2.3972,2.39775,7.90,7.20
2007.05.25 01:15:19.795,2.3974,2.39775,5.50,6.40
2007.05.25 01:15:20.335,2.3975,2.39775,2.40,6.40
2007.05.25 01:15:20.520,2.3975,2.39775,7.80,6.40
2007.05.25 01:15:20.535,2.3975,2.39775,7.80,5.60
2007.05.25 01:15:20.650,2.3975,2.39775,7.80,4.80
2007.05.25 01:15:20.736,2.3975,2.3978,7.80,10.40
2007.05.25 01:15:20.891,2.3975,2.3978,5.40,8.80
2007.05.25 01:15:21.043,2.3974,2.3978,7.90,7.20
2007.05.25 01:15:21.519,2.3974,2.3978,11.90,6.40
2007.05.25 01:15:21.532,2.3974,2.39795,15.90,6.40
2007.05.25 01:15:21.719,2.3975,2.39795,2.40,5.60
2007.05.25 01:15:21.793,2.3975,2.39795,2.40,4.80
2007.05.25 01:15:22.057,2.3975,2.398,2.40,11.10
2007.05.25 01:15:22.231,2.3976,2.398,2.40,10.30
2007.05.25 01:15:22.408,2.3976,2.398,7.90,4.80
2007.05.25 01:15:22.502,2.39765,2.3981,4.00,6.40
2007.05.25 01:15:22.674,2.3977,2.3983,4.00,23.80
2007.05.25 01:15:22.762,2.3977,2.3983,6.40,23.80
2007.05.25 01:15:22.937,2.3977,2.3983,6.40,22.20
2007.05.25 01:15:23.109,2.3977,2.3983,6.40,22.20
2007.05.25 01:15:23.245,2.3977,2.3983,6.40,21.40
2007.05.25 01:15:23.695,2.3977,2.3983,4.00,23.80
2007.05.25 01:15:24.173,2.3977,2.3983,6.40,21.40
2007.05.25 01:15:24.223,2.3977,2.3983,6.40,20.60
2007.05.25 01:15:24.328,2.3977,2.3983,11.90,12.80
2007.05.25 01:15:24.352,2.3977,2.39825,15.90,4.80
2007.05.25 01:15:24.411,2.3977,2.3983,15.90,6.40
2007.05.25 01:15:24.844,2.3979,2.3983,5.50,4.80
2007.05.25 01:15:25.790,2.3977,2.39825,8.00,9.50
2007.05.25 01:15:26.306,2.3978,2.3982,2.40,5.50
2007.05.25 01:15:26.601,2.3978,2.3982,6.40,5.50
2007.05.25 01:15:26.709,2.3979,2.3982,2.40,5.50
2007.05.25 01:15:26.926,2.3979,2.3983,2.40,4.00
2007.05.25 01:15:27.052,2.3979,2.39835,2.40,4.00
2007.05.25 01:15:27.317,2.3979,2.39835,7.90,4.00
2007.05.25 01:15:27.511,2.3979,2.39835,10.30,4.00
2007.05.25 01:15:27.754,2.3979,2.39835,14.30,4.00
2007.05.25 01:15:27.858,2.3979,2.3984,14.30,4.00
2007.05.25 01:15:28.179,2.39795,2.3985,4.00,12.70
2007.05.25 01:15:28.186,2.398,2.3985,4.00,11.90
2007.05.25 01:15:29.229,2.398,2.3985,6.40,11.90
2007.05.25 01:15:30.238,2.398,2.3984,6.40,4.00
2007.05.25 01:15:30.436,2.398,2.3984,2.40,4.00
2007.05.25 01:15:30.752,2.398,2.3984,7.90,4.00
2007.05.25 01:15:31.703,2.398,2.3984,5.50,4.00
2007.05.25 01:15:31.786,2.398,2.3984,5.50,4.80
2007.05.25 01:15:32.001,2.398,2.3984,5.50,5.60
2007.05.25 01:15:32.048,2.39805,2.3984,4.00,2.40
2007.05.25 01:15:32.140,2.3981,2.3984,4.00,2.40
2007.05.25 01:15:32.350,2.398,2.3984,8.00,2.40
2007.05.25 01:15:32.407,2.398,2.3984,8.00,4.00
2007.05.25 01:15:32.470,2.398,2.3984,8.00,4.80
2007.05.25 01:15:32.511,2.398,2.3984,8.00,4.00
2007.05.25 01:15:32.716,2.398,2.3984,8.00,2.40
2007.05.25 01:15:33.228,2.398,2.3984,10.40,2.40
2007.05.25 01:15:33.485,2.3981,2.3984,7.90,2.40
2007.05.25 01:15:34.067,2.3981,2.3984,11.90,2.40
2007.05.25 01:15:34.294,2.3981,2.3984,15.90,2.40
2007.05.25 01:15:34.472,2.3981,2.3984,8.00,2.40
2007.05.25 01:15:34.819,2.3981,2.3984,8.00,4.80
2007.05.25 01:15:35.245,2.3981,2.3984,8.00,1.60
2007.05.25 01:15:35.303,2.3981,2.3984,8.00,0.80
2007.05.25 01:15:35.750,2.3978,2.3984,10.70,7.90
2007.05.25 01:15:35.767,2.3978,2.39835,14.70,4.00
2007.05.25 01:15:35.939,2.3979,2.39835,2.00,4.00
2007.05.25 01:15:36.021,2.3979,2.3984,6.00,11.90
2007.05.25 01:15:37.651,2.3981,2.3984,2.00,11.90
2007.05.25 01:15:37.877,2.3979,2.3984,6.00,11.90
2007.05.25 01:15:37.898,2.3979,2.3984,13.90,4.00
2007.05.25 01:15:38.062,2.3981,2.3985,0.50,16.30
2007.05.25 01:15:39.203,2.3981,2.3985,2.00,21.10
2007.05.25 01:15:39.310,2.3981,2.3985,2.00,25.10
2007.05.25 01:15:39.329,2.3981,2.3985,2.00,28.30
2007.05.25 01:15:39.425,2.398,2.3983,4.00,2.00
2007.05.25 01:15:39.728,2.398,2.3982,4.00,2.40
2007.05.25 01:15:40.416,2.39795,2.3982,4.00,2.40
2007.05.25 01:15:40.436,2.3979,2.3982,8.00,2.40
2007.05.25 01:15:41.603,2.3979,2.3982,4.00,2.40
2007.05.25 01:15:41.635,2.3978,2.3982,9.50,2.40
2007.05.25 01:15:41.731,2.3978,2.39825,9.50,4.00
2007.05.25 01:15:41.840,2.3978,2.3982,9.50,4.00
2007.05.25 01:15:41.921,2.3978,2.3982,4.00,4.00
2007.05.25 01:15:41.946,2.3978,2.39825,4.00,4.00
2007.05.25 01:15:42.241,2.3978,2.3982,4.00,3.20
2007.05.25 01:15:42.357,2.3978,2.3982,4.00,4.00
2007.05.25 01:15:42.410,2.3978,2.3982,4.00,4.80
2007.05.25 01:15:42.451,2.3978,2.3981,4.00,0.80
2007.05.25 01:15:42.665,2.3978,2.3981,4.00,2.40
2007.05.25 01:15:42.853,2.3978,2.3981,4.00,1.60
2007.05.25 01:15:42.986,2.3978,2.3981,8.00,0.80
2007.05.25 01:15:43.051,2.3978,2.3982,8.00,10.30
2007.05.25 01:15:43.168,2.3978,2.3982,8.00,7.90
2007.05.25 01:15:43.255,2.3979,2.3982,2.00,7.90
2007.05.25 01:15:43.266,2.3979,2.3982,2.00,5.50
2007.05.25 01:15:44.454,2.3979,2.3981,2.00,2.40
2007.05.25 01:15:44.559,2.3979,2.3981,2.00,6.40
2007.05.25 01:15:44.733,2.3978,2.3981,8.00,8.40
2007.05.25 01:15:44.801,2.3978,2.3981,4.00,8.40
2007.05.25 01:15:45.253,2.3977,2.3981,2.00,8.40
2007.05.25 01:15:45.268,2.3977,2.398,2.00,2.40
2007.05.25 01:15:45.530,2.3977,2.398,2.00,10.30
2007.05.25 01:15:45.582,2.3977,2.398,2.00,7.90
2007.05.25 01:15:45.702,2.3977,2.398,2.00,5.50
2007.05.25 01:15:46.700,2.3977,2.398,2.00,7.90
2007.05.25 01:15:47.219,2.3977,2.398,2.00,5.50
2007.05.25 01:15:50.287,2.3977,2.398,2.80,5.50
2007.05.25 01:15:50.312,2.3977,2.3981,2.80,2.00
2007.05.25 01:15:50.557,2.3979,2.39815,2.00,4.00
2007.05.25 01:15:50.663,2.3979,2.3982,2.00,7.90
2007.05.25 01:15:50.966,2.3979,2.3982,2.00,10.30
2007.05.25 01:15:51.167,2.3979,2.3982,2.00,7.90
2007.05.25 01:15:52.648,2.3978,2.3982,4.00,9.90
2007.05.25 01:15:52.709,2.3978,2.3982,4.00,12.30
2007.05.25 01:15:52.836,2.3978,2.3982,4.00,14.70
2007.05.25 01:15:53.328,2.3978,2.3981,4.00,2.00
2007.05.25 01:15:54.051,2.3979,2.3982,2.00,7.90
2007.05.25 01:15:54.149,2.3979,2.3982,7.50,2.40
2007.05.25 01:15:54.246,2.3979,2.3982,9.10,2.40
2007.05.25 01:15:54.355,2.3979,2.3982,9.10,1.60
2007.05.25 01:15:54.421,2.3979,2.3982,9.10,0.80
2007.05.25 01:15:54.447,2.398,2.3983,2.00,11.20
2007.05.25 01:15:55.199,2.398,2.3983,2.00,7.20
2007.05.25 01:15:55.742,2.3979,2.3983,11.10,7.20
2007.05.25 01:15:56.415,2.398,2.3983,2.00,7.20
2007.05.25 01:15:56.495,2.398,2.3983,2.00,11.20
2007.05.25 01:15:56.660,2.3979,2.3983,7.10,11.20
2007.05.25 01:15:56.835,2.3979,2.3983,7.10,8.80
2007.05.25 01:15:56.862,2.3981,2.3983,5.50,8.80
2007.05.25 01:15:57.417,2.3979,2.3983,5.60,18.70
2007.05.25 01:15:57.487,2.3978,2.3982,4.00,2.40
2007.05.25 01:15:57.560,2.3977,2.3982,15.50,2.40
2007.05.25 01:15:57.685,2.3977,2.39825,17.90,4.00
2007.05.25 01:15:57.780,2.3977,2.39825,19.50,4.00
2007.05.25 01:15:57.809,2.3978,2.39825,4.00,4.00
2007.05.25 01:15:57.976,2.3978,2.3983,4.00,14.30
2007.05.25 01:15:58.532,2.3978,2.3983,4.00,15.10
2007.05.25 01:15:58.770,2.3978,2.3983,4.00,15.90
2007.05.25 01:15:58.783,2.3978,2.3983,4.00,16.70
2007.05.25 01:15:58.857,2.3979,2.3983,7.50,8.80
2007.05.25 01:15:59.243,2.3979,2.3982,7.50,2.40
2007.05.25 01:15:59.381,2.3979,2.3982,5.50,2.40
2007.05.25 01:15:59.762,2.3978,2.3982,4.00,2.40
2007.05.25 01:15:59.953,2.3978,2.3982,4.00,6.40
2007.05.25 01:16:01.567,2.39775,2.3982,4.00,6.40
2007.05.25 01:16:02.055,2.3977,2.3982,15.50,6.40
2007.05.25 01:16:04.241,2.3977,2.3981,15.50,2.40
2007.05.25 01:16:06.183,2.3977,2.3979,15.50,2.40
2007.05.25 01:16:06.223,2.3977,2.3979,11.50,2.40
2007.05.25 01:16:06.274,2.3977,2.3979,4.00,2.40
2007.05.25 01:16:06.779,2.3977,2.398,4.00,13.20
2007.05.25 01:16:07.029,2.3977,2.398,4.00,11.20
2007.05.25 01:16:07.248,2.3977,2.398,4.00,8.80
2007.05.25 01:16:07.342,2.3977,2.398,4.00,4.80
2007.05.25 01:16:07.461,2.3977,2.398,4.00,4.00
2007.05.25 01:16:07.519,2.3977,2.398,11.50,2.40
2007.05.25 01:16:07.543,2.3977,2.398,11.50,0.80
2007.05.25 01:16:07.674,2.3977,2.3981,11.50,6.80
2007.05.25 01:16:07.720,2.3977,2.3981,7.50,6.80
2007.05.25 01:16:07.920,2.3977,2.3981,7.50,10.80
2007.05.25 01:16:08.025,2.3978,2.3981,4.00,10.80
2007.05.25 01:16:08.228,2.3978,2.3981,4.00,6.80
2007.05.25 01:16:09.206,2.3978,2.3981,8.00,4.40
2007.05.25 01:16:09.357,2.3978,2.3981,10.00,1.60
2007.05.25 01:16:09.409,2.3978,2.3981,10.00,0.80
2007.05.25 01:16:09.492,2.3978,2.3981,10.00,1.60
2007.05.25 01:16:09.604,2.3978,2.3981,10.00,2.40
2007.05.25 01:16:09.721,2.3978,2.3981,10.00,1.60
2007.05.25 01:16:09.723,2.3978,2.3981,10.00,0.80
2007.05.25 01:16:09.742,2.3978,2.3982,10.00,2.40
2007.05.25 01:16:09.815,2.3979,2.3982,2.00,2.40
2007.05.25 01:16:09.930,2.3979,2.3982,7.50,2.40
2007.05.25 01:16:10.321,2.3979,2.3982,2.00,2.40
2007.05.25 01:16:10.424,2.3979,2.3981,2.00,0.80
2007.05.25 01:16:10.495,2.3979,2.3981,2.00,1.60
2007.05.25 01:16:10.671,2.3979,2.3981,2.00,4.80
2007.05.25 01:16:10.754,2.3978,2.3981,8.00,6.80
2007.05.25 01:16:10.769,2.3978,2.3981,4.00,6.80
2007.05.25 01:16:10.860,2.3978,2.3981,4.00,14.70
2007.05.25 01:16:11.051,2.3977,2.3981,4.00,14.70
2007.05.25 01:16:11.238,2.3977,2.39805,4.00,4.00
2007.05.25 01:16:11.250,2.3975,2.39805,15.50,4.00
2007.05.25 01:16:11.265,2.3975,2.398,15.50,2.40
2007.05.25 01:16:11.357,2.3975,2.398,13.50,2.40
2007.05.25 01:16:11.749,2.3975,2.398,10.30,2.40
2007.05.25 01:16:13.727,2.3975,2.398,10.30,4.00
2007.05.25 01:16:13.825,2.3975,2.398,10.30,6.40
2007.05.25 01:16:13.834,2.3975,2.3979,10.30,2.40
2007.05.25 01:16:14.066,2.3975,2.3979,6.30,2.40
2007.05.25 01:16:14.240,2.3975,2.3979,5.50,2.40
2007.05.25 01:16:16.185,2.3975,2.3977,5.50,2.40
2007.05.25 01:16:16.427,2.3974,2.3977,4.80,2.40
2007.05.25 01:16:16.543,2.3974,2.3977,4.00,2.40
2007.05.25 01:16:16.612,2.3973,2.3977,5.50,2.40
2007.05.25 01:16:16.807,2.3973,2.39775,5.50,4.00
2007.05.25 01:16:16.838,2.3973,2.3978,5.50,15.20
2007.05.25 01:16:16.931,2.3973,2.3978,6.30,11.20
2007.05.25 01:16:17.118,2.3973,2.3978,10.30,7.20
2007.05.25 01:16:17.129,2.3973,2.3978,10.30,5.60
2007.05.25 01:16:17.292,2.3973,2.3978,10.30,4.00
2007.05.25 01:16:17.333,2.3973,2.3978,10.30,2.40
2007.05.25 01:16:18.224,2.3973,2.3978,10.30,3.20
2007.05.25 01:16:18.274,2.3973,2.3978,10.30,4.00
2007.05.25 01:16:18.379,2.3973,2.3978,6.30,8.80
2007.05.25 01:16:19.125,2.3973,2.3978,6.30,8.00
2007.05.25 01:16:19.149,2.3973,2.3978,8.70,5.60
2007.05.25 01:16:19.232,2.3974,2.3978,2.00,5.60
2007.05.25 01:16:19.368,2.3974,2.3978,2.00,4.80
2007.05.25 01:16:19.406,2.3974,2.3978,2.00,4.00
2007.05.25 01:16:19.782,2.3975,2.3978,5.50,4.00
2007.05.25 01:16:20.214,2.3975,2.3979,5.50,4.00
2007.05.25 01:16:20.490,2.3975,2.3979,5.50,8.00
2007.05.25 01:16:20.634,2.3975,2.3979,0.80,11.90
2007.05.25 01:16:20.893,2.3975,2.3979,0.80,7.90
2007.05.25 01:16:20.986,2.3975,2.3979,2.80,7.90
2007.05.25 01:16:21.280,2.3975,2.398,8.30,10.40
2007.05.25 01:16:21.683,2.3975,2.398,6.30,10.40
2007.05.25 01:16:21.723,2.3975,2.398,6.30,12.80
2007.05.25 01:16:22.124,2.3975,2.398,2.60,12.80
2007.05.25 01:16:22.245,2.39745,2.3979,4.80,7.90
2007.05.25 01:16:22.330,2.3974,2.3979,4.80,7.90
2007.05.25 01:16:22.362,2.3974,2.3979,4.80,10.30
2007.05.25 01:16:22.480,2.39735,2.3979,4.80,14.30
2007.05.25 01:16:23.247,2.3974,2.3978,0.80,2.40
2007.05.25 01:16:23.340,2.3974,2.3978,0.80,4.40
2007.05.25 01:16:23.348,2.39735,2.3978,4.80,8.40
2007.05.25 01:16:23.438,2.3973,2.3978,11.50,12.40
2007.05.25 01:16:23.483,2.3973,2.3978,4.50,12.40
2007.05.25 01:16:24.485,2.39725,2.3978,12.30,13.20
2007.05.25 01:16:24.574,2.39725,2.3978,12.30,14.80
2007.05.25 01:16:25.425,2.3973,2.3978,2.50,14.00
2007.05.25 01:16:25.499,2.39725,2.3978,12.30,13.20
2007.05.25 01:16:25.586,2.39725,2.3978,12.30,12.40
2007.05.25 01:16:28.158,2.3973,2.3978,5.70,12.40
2007.05.25 01:16:28.239,2.39725,2.3978,18.70,10.00
2007.05.25 01:16:28.353,2.3974,2.3978,9.80,8.00
2007.05.25 01:16:28.450,2.3974,2.3978,13.80,4.00
2007.05.25 01:16:28.538,2.3975,2.3979,0.50,2.40
2007.05.25 01:16:28.629,2.39745,2.3979,15.50,2.40
2007.05.25 01:16:29.693,2.3975,2.3979,5.00,4.80
2007.05.25 01:16:29.748,2.39745,2.3979,13.50,4.80
2007.05.25 01:16:29.850,2.3974,2.3979,11.80,8.80
2007.05.25 01:16:29.885,2.39735,2.3979,8.00,16.70
2007.05.25 01:16:29.988,2.39735,2.3979,8.00,16.70
2007.05.25 01:16:31.696,2.39735,2.3979,8.00,14.30
2007.05.25 01:16:31.717,2.3974,2.3979,6.00,14.30
2007.05.25 01:16:31.866,2.3975,2.3979,1.30,6.40
2007.05.25 01:16:31.877,2.3975,2.3979,3.80,2.40
2007.05.25 01:16:34.287,2.39745,2.3979,17.90,2.40
2007.05.25 01:16:34.380,2.3976,2.3979,2.20,2.40
2007.05.25 01:16:34.612,2.3977,2.3979,2.60,2.40
2007.05.25 01:16:35.188,2.3976,2.3979,11.80,4.80
2007.05.25 01:16:35.265,2.3976,2.3979,11.80,6.80
2007.05.25 01:16:35.357,2.3975,2.3979,1.60,6.80
2007.05.25 01:16:35.485,2.3975,2.3978,4.90,4.00
2007.05.25 01:16:39.664,2.3975,2.3977,2.70,1.60
2007.05.25 01:16:39.767,2.3974,2.3977,11.80,0.80
2007.05.25 01:16:39.783,2.3975,2.3978,0.80,8.00
2007.05.25 01:16:40.056,2.3974,2.3978,11.80,8.80
2007.05.25 01:16:40.181,2.3975,2.3978,1.80,9.60
2007.05.25 01:16:40.355,2.3974,2.3978,11.80,6.40
2007.05.25 01:16:40.635,2.3974,2.3978,2.90,6.40
2007.05.25 01:16:41.933,2.3974,2.3978,2.90,2.40
2007.05.25 01:16:41.955,2.3973,2.3978,19.50,1.60
2007.05.25 01:16:42.112,2.39735,2.3979,8.00,19.90
2007.05.25 01:16:42.313,2.3974,2.3979,2.00,20.70
2007.05.25 01:16:43.709,2.3974,2.3979,6.00,20.70
2007.05.25 01:16:43.760,2.3975,2.3979,0.80,18.30
2007.05.25 01:16:44.090,2.39745,2.3979,6.00,14.30
2007.05.25 01:16:44.229,2.39745,2.3979,11.50,6.40
2007.05.25 01:16:44.323,2.39745,2.3979,15.50,6.40
2007.05.25 01:16:44.892,2.3975,2.3979,2.10,8.80
2007.05.25 01:16:46.423,2.3975,2.3979,3.80,6.40
2007.05.25 01:16:47.227,2.3976,2.3979,7.80,6.40
2007.05.25 01:16:47.337,2.3977,2.3979,2.60,2.40
2007.05.25 01:16:47.356,2.3976,2.3979,9.80,2.40
2007.05.25 01:16:51.351,2.3977,2.3979,2.00,2.40
2007.05.25 01:16:51.480,2.3976,2.3979,4.00,2.40
2007.05.25 01:16:51.659,2.39755,2.3979,4.00,2.40
2007.05.25 01:16:51.765,2.3975,2.3979,15.50,2.40
2007.05.25 01:16:53.235,2.3975,2.3979,11.50,2.40
2007.05.25 01:16:54.328,2.3975,2.3979,4.00,10.30
2007.05.25 01:16:55.281,2.39745,2.3979,4.00,10.30
2007.05.25 01:16:55.495,2.39745,2.3977,4.00,0.80
2007.05.25 01:16:55.632,2.3974,2.3977,4.00,0.80
2007.05.25 01:16:55.698,2.3974,2.3977,4.00,5.60
2007.05.25 01:16:55.775,2.3974,2.3977,4.00,6.40
2007.05.25 01:16:55.802,2.39735,2.3977,4.00,6.40
2007.05.25 01:16:55.917,2.3973,2.3977,11.50,6.40
2007.05.25 01:16:56.822,2.3973,2.3977,11.50,5.60
2007.05.25 01:16:57.115,2.3973,2.3977,11.50,4.80
2007.05.25 01:16:57.127,2.3973,2.3977,11.50,4.00
2007.05.25 01:16:57.194,2.3973,2.3977,2.20,4.00
2007.05.25 01:16:57.209,2.3973,2.3977,16.30,4.00
2007.05.25 01:16:57.301,2.3975,2.3977,1.50,4.00
2007.05.25 01:16:57.453,2.3974,2.3978,12.20,4.00
2007.05.25 01:16:57.565,2.3975,2.3978,1.90,4.00
2007.05.25 01:16:57.608,2.39745,2.3979,15.50,4.00
2007.05.25 01:17:00.881,2.3974,2.3978,10.00,2.00
2007.05.25 01:17:00.915,2.3974,2.3978,1.00,2.00
2007.05.25 01:17:03.135,2.3975,2.3978,0.90,2.00
2007.05.25 01:17:03.352,2.39745,2.3979,15.50,4.00
2007.05.25 01:17:06.726,2.39745,2.3979,21.90,4.00
2007.05.25 01:17:06.999,2.39745,2.398,21.90,16.00
2007.05.25 01:17:10.856,2.39745,2.398,19.50,16.00
2007.05.25 01:17:10.950,2.39745,2.398,15.50,16.00
2007.05.25 01:17:10.990,2.3975,2.398,3.30,23.90
2007.05.25 01:17:11.134,2.3974,2.3979,19.50,1.60
2007.05.25 01:17:11.153,2.3973,2.3979,26.60,3.20
2007.05.25 01:17:11.169,2.3974,2.3979,10.10,7.20
2007.05.25 01:17:11.247,2.3973,2.3979,17.80,7.20
2007.05.25 01:17:11.368,2.3974,2.3979,4.40,11.20
2007.05.25 01:17:12.968,2.3974,2.3979,5.50,8.80
2007.05.25 01:17:13.101,2.3975,2.3979,2.20,8.80
2007.05.25 01:17:13.678,2.3974,2.3979,22.60,8.80
2007.05.25 01:17:13.784,2.3974,2.3979,28.20,4.80
2007.05.25 01:17:14.008,2.3975,2.3979,4.00,4.80
2007.05.25 01:17:15.364,2.3976,2.3979,5.60,4.80
2007.05.25 01:17:16.671,2.3977,2.3979,6.00,4.80
2007.05.25 01:17:17.192,2.39765,2.3979,12.00,4.80
2007.05.25 01:17:17.299,2.39765,2.3979,17.50,4.80
2007.05.25 01:17:17.703,2.3977,2.3979,0.80,4.80
2007.05.25 01:17:17.941,2.3977,2.3979,1.90,4.80
2007.05.25 01:17:18.144,2.3976,2.3979,11.60,4.80
2007.05.25 01:17:18.448,2.3976,2.3979,11.60,4.80
2007.05.25 01:17:20.205,2.39755,2.3979,11.60,4.80
2007.05.25 01:17:20.306,2.3976,2.3979,0.70,4.80
2007.05.25 01:17:20.399,2.3975,2.3979,19.50,4.70
2007.05.25 01:17:20.478,2.3975,2.3979,19.50,3.90
2007.05.25 01:17:20.518,2.3975,2.3979,19.50,3.90
2007.05.25 01:17:20.681,2.3976,2.3979,0.90,3.90
2007.05.25 01:17:23.281,2.3976,2.3979,11.60,3.90
2007.05.25 01:17:28.192,2.3976,2.3979,6.00,3.90
2007.05.25 01:17:28.340,2.3976,2.3979,2.00,3.90
2007.05.25 01:17:28.730,2.3977,2.3979,4.00,3.90
2007.05.25 01:17:28.895,2.3977,2.3979,1.60,3.90
2007.05.25 01:17:29.354,2.3976,2.3979,2.00,3.90
2007.05.25 01:17:30.692,2.3977,2.3979,1.60,3.90
2007.05.25 01:17:30.964,2.3978,2.3979,2.00,3.90
2007.05.25 01:17:32.896,2.3977,2.3979,7.90,3.90
2007.05.25 01:17:33.347,2.3977,2.3979,2.40,3.90
2007.05.25 01:17:33.740,2.3978,2.3979,2.00,3.90
2007.05.25 01:17:35.783,2.3978,2.3979,2.00,3.10
2007.05.25 01:17:35.813,2.3978,2.3979,2.00,2.40
2007.05.25 01:17:36.087,2.3977,2.3979,2.80,2.40
2007.05.25 01:17:36.364,2.3977,2.3978,0.80,0.80
2007.05.25 01:17:36.534,2.3977,2.3978,0.80,1.60
2007.05.25 01:17:36.548,2.3977,2.3978,0.80,2.40
2007.05.25 01:17:36.680,2.3976,2.3978,5.50,2.40
2007.05.25 01:17:36.722,2.3975,2.3978,8.40,2.40
2007.05.25 01:17:36.741,2.3975,2.3978,6.80,2.40
2007.05.25 01:17:37.031,2.3975,2.3978,6.00,2.40
2007.05.25 01:17:37.323,2.3975,2.3978,2.00,2.40
2007.05.25 01:17:37.353,2.3975,2.3978,3.60,2.40
2007.05.25 01:17:38.256,2.3975,2.3978,2.00,2.40
2007.05.25 01:17:47.981,2.3975,2.3978,4.40,2.40
2007.05.25 01:17:48.096,2.3975,2.3978,9.90,2.40
2007.05.25 01:17:48.590,2.3975,2.3978,7.50,2.40
2007.05.25 01:17:51.237,2.3975,2.3978,9.10,2.40
2007.05.25 01:17:51.744,2.3975,2.3978,7.50,2.40
2007.05.25 01:17:52.293,2.3975,2.3978,9.10,2.40
2007.05.25 01:17:53.251,2.3977,2.3978,7.50,2.40
2007.05.25 01:17:53.393,2.3977,2.3978,7.50,1.60
2007.05.25 01:17:53.403,2.3977,2.3978,7.50,0.80
2007.05.25 01:17:53.463,2.3977,2.3979,7.50,0.80
2007.05.25 01:17:53.521,2.3977,2.3979,2.00,0.80
2007.05.25 01:17:53.714,2.3977,2.39795,2.00,4.00
2007.05.25 01:17:54.171,2.3977,2.398,2.00,6.40
2007.05.25 01:17:54.204,2.3977,2.398,2.00,2.40
2007.05.25 01:17:55.272,2.3977,2.398,2.00,1.60
2007.05.25 01:17:55.293,2.3977,2.398,2.00,0.80
2007.05.25 01:17:55.531,2.3977,2.3981,2.00,6.00
2007.05.25 01:17:55.653,2.3977,2.3981,4.40,6.00
2007.05.25 01:17:55.744,2.3977,2.3981,6.00,6.00
2007.05.25 01:17:55.961,2.3979,2.39815,2.00,4.00
2007.05.25 01:17:56.812,2.3979,2.3983,2.00,2.00
2007.05.25 01:17:56.871,2.3979,2.3983,2.00,2.80
2007.05.25 01:17:57.013,2.3979,2.3983,7.50,3.60
2007.05.25 01:17:57.088,2.3979,2.3983,7.50,4.40
2007.05.25 01:17:58.017,2.3979,2.3983,2.00,4.40
2007.05.25 01:17:58.674,2.3979,2.3983,2.80,4.40
2007.05.25 01:17:59.893,2.3979,2.3983,2.00,4.40
2007.05.25 01:18:01.193,2.3979,2.3983,2.00,6.80
2007.05.25 01:18:01.390,2.3978,2.3981,4.80,6.00
2007.05.25 01:18:01.972,2.3978,2.3981,4.80,2.00
2007.05.25 01:18:02.119,2.3978,2.3982,4.80,13.90
2007.05.25 01:18:02.162,2.3978,2.3982,4.80,9.90
2007.05.25 01:18:03.824,2.3979,2.3983,2.00,8.40
2007.05.25 01:18:04.648,2.3979,2.3983,2.00,10.80
2007.05.25 01:18:04.782,2.3978,2.3982,10.30,2.00
2007.05.25 01:18:05.291,2.3978,2.3981,4.80,2.00
2007.05.25 01:18:07.048,2.3978,2.3981,0.80,2.00
2007.05.25 01:18:07.707,2.3978,2.3981,0.80,4.40
2007.05.25 01:18:07.936,2.3978,2.3981,0.80,8.40
2007.05.25 01:18:07.983,2.3976,2.398,4.80,9.90
2007.05.25 01:18:08.518,2.3977,2.3981,2.00,2.00
2007.05.25 01:18:08.999,2.3977,2.3981,2.00,2.80
2007.05.25 01:18:09.048,2.3977,2.3981,2.00,3.60
2007.05.25 01:18:09.151,2.3977,2.3979,2.00,2.40
2007.05.25 01:18:09.179,2.3976,2.3979,12.30,2.40
2007.05.25 01:18:09.393,2.3976,2.3978,4.80,2.00
2007.05.25 01:18:09.615,2.3976,2.398,4.80,17.90
2007.05.25 01:18:09.748,2.3976,2.398,4.80,19.50
2007.05.25 01:18:09.798,2.3976,2.39795,0.80,4.00
2007.05.25 01:18:10.324,2.3974,2.39795,12.30,4.00
2007.05.25 01:18:10.553,2.3974,2.39785,8.30,4.00
2007.05.25 01:18:10.713,2.3974,2.39785,11.50,4.00
2007.05.25 01:18:10.917,2.39745,2.398,4.00,15.90
2007.05.25 01:18:10.983,2.3975,2.398,0.80,11.90
2007.05.25 01:18:12.107,2.3975,2.39795,0.80,4.00
2007.05.25 01:18:14.279,2.3976,2.39795,4.00,4.00
2007.05.25 01:18:14.527,2.3976,2.39795,11.50,4.00
2007.05.25 01:18:14.630,2.39765,2.3981,4.00,6.40
2007.05.25 01:18:16.003,2.3977,2.3981,0.80,2.40
2007.05.25 01:18:17.367,2.3977,2.3981,0.80,4.40
2007.05.25 01:18:18.550,2.3977,2.39805,0.80,4.00
2007.05.25 01:18:18.979,2.3977,2.39805,4.00,4.00
2007.05.25 01:18:19.228,2.3976,2.39805,11.50,4.00
2007.05.25 01:18:20.165,2.3976,2.39805,15.50,4.00
2007.05.25 01:18:20.542,2.39765,2.3981,4.00,2.40
2007.05.25 01:18:21.200,2.39765,2.39815,4.00,4.00
2007.05.25 01:18:21.274,2.3978,2.3982,7.50,7.20
2007.05.25 01:18:21.488,2.3978,2.3982,7.50,8.00
2007.05.25 01:18:21.539,2.3978,2.3982,7.50,8.80
2007.05.25 01:18:21.802,2.3978,2.3981,7.50,2.40
2007.05.25 01:18:21.816,2.39775,2.3981,4.00,4.40
2007.05.25 01:18:22.173,2.3976,2.39805,11.50,4.00
2007.05.25 01:18:23.238,2.3976,2.39805,15.50,4.00
2007.05.25 01:18:24.337,2.39765,2.3981,4.00,2.40
2007.05.25 01:18:24.674,2.39765,2.39815,4.00,6.40
2007.05.25 01:18:27.078,2.3977,2.39815,4.00,6.40
2007.05.25 01:18:27.152,2.3977,2.39805,4.00,0.50
2007.05.25 01:18:28.614,2.3978,2.39805,4.00,0.60
2007.05.25 01:18:29.012,2.3977,2.3981,4.00,8.40
2007.05.25 01:18:29.478,2.3976,2.3981,11.50,10.00
2007.05.25 01:18:29.759,2.3976,2.3981,15.50,10.80
2007.05.25 01:18:30.236,2.3976,2.3982,15.50,23.90
2007.05.25 01:18:30.467,2.3976,2.39815,19.50,8.80
2007.05.25 01:18:30.671,2.3976,2.39815,19.50,6.40
2007.05.25 01:18:31.824,2.3976,2.3981,15.50,0.50
2007.05.25 01:18:32.712,2.3976,2.3981,11.50,10.80
2007.05.25 01:18:33.459,2.3976,2.3981,12.30,10.80
2007.05.25 01:18:33.553,2.3976,2.3981,13.10,10.80
2007.05.25 01:18:33.628,2.3976,2.3981,13.90,8.40
2007.05.25 01:18:33.769,2.3976,2.3981,17.90,8.40
2007.05.25 01:18:33.777,2.39775,2.3981,4.00,0.80
2007.05.25 01:18:33.896,2.3978,2.3981,2.00,0.70
2007.05.25 01:18:33.977,2.3978,2.3982,7.50,7.20
2007.05.25 01:18:34.803,2.3978,2.3982,11.50,6.40
2007.05.25 01:18:35.173,2.3978,2.3982,11.50,8.80
2007.05.25 01:18:35.491,2.3978,2.3982,11.50,8.00
2007.05.25 01:18:35.509,2.3978,2.3982,9.50,10.80
2007.05.25 01:18:35.768,2.3978,2.3982,4.00,19.50
2007.05.25 01:18:36.020,2.3978,2.3981,4.00,0.70
2007.05.25 01:18:36.033,2.3978,2.3981,4.00,0.50
2007.05.25 01:18:36.162,2.3978,2.3981,4.00,0.70
2007.05.25 01:18:36.224,2.3978,2.3981,4.00,14.80
2007.05.25 01:18:37.931,2.3975,2.398,9.90,8.00
2007.05.25 01:18:39.282,2.3975,2.39795,13.90,0.80
2007.05.25 01:18:39.290,2.3975,2.398,9.50,8.00
2007.05.25 01:18:39.585,2.3975,2.3981,13.50,8.80
2007.05.25 01:18:39.630,2.3976,2.39805,4.00,0.60
2007.05.25 01:18:39.712,2.3975,2.39805,19.90,0.80
2007.05.25 01:18:39.784,2.3977,2.3981,5.50,7.20
2007.05.25 01:18:39.882,2.3977,2.3981,5.50,0.50
2007.05.25 01:18:40.494,2.3977,2.39815,5.50,8.80
2007.05.25 01:18:40.596,2.3976,2.39815,13.50,8.80
2007.05.25 01:18:40.951,2.3976,2.39815,8.00,8.80
2007.05.25 01:18:41.149,2.3976,2.3981,4.00,0.70
2007.05.25 01:18:41.371,2.3976,2.3981,4.00,8.80
2007.05.25 01:18:41.418,2.3975,2.398,12.00,0.80
2007.05.25 01:18:41.600,2.3975,2.3981,11.20,7.20
2007.05.25 01:18:41.629,2.3975,2.39805,15.20,0.80
2007.05.25 01:18:42.930,2.3974,2.3981,20.70,7.20
2007.05.25 01:18:43.557,2.3976,2.39805,3.20,0.80
2007.05.25 01:18:43.649,2.3976,2.3981,5.60,7.20
2007.05.25 01:18:43.699,2.39765,2.3981,4.00,0.70
2007.05.25 01:18:43.706,2.3977,2.3981,4.00,0.80
2007.05.25 01:18:43.788,2.3978,2.39815,7.50,6.40
2007.05.25 01:18:44.055,2.3978,2.3982,11.50,4.00
2007.05.25 01:18:45.778,2.3979,2.3981,3.20,0.70
2007.05.25 01:18:45.870,2.3979,2.3982,7.20,4.00
2007.05.25 01:18:46.297,2.3979,2.3981,7.20,0.80
2007.05.25 01:18:46.357,2.3979,2.3981,7.20,0.80
2007.05.25 01:18:46.381,2.398,2.39835,5.50,5.60
2007.05.25 01:18:46.451,2.398,2.3982,7.50,0.80
2007.05.25 01:18:46.874,2.398,2.3984,7.50,6.40
2007.05.25 01:18:47.353,2.398,2.3984,11.50,5.60
2007.05.25 01:18:47.581,2.398,2.39845,11.50,5.60
2007.05.25 01:18:47.679,2.398,2.3984,11.50,0.70
2007.05.25 01:18:47.730,2.398,2.39845,11.50,11.60
2007.05.25 01:18:48.683,2.398,2.39845,11.50,14.00
2007.05.25 01:18:51.793,2.398,2.3984,4.00,0.70
2007.05.25 01:18:52.150,2.398,2.3984,4.00,18.70
2007.05.25 01:18:52.737,2.398,2.3983,4.00,0.80
2007.05.25 01:18:52.831,2.398,2.3984,4.00,18.70
2007.05.25 01:18:52.862,2.398,2.3983,4.00,0.80
2007.05.25 01:18:52.968,2.398,2.3984,4.00,17.90
2007.05.25 01:18:53.172,2.39795,2.3984,4.00,17.90
2007.05.25 01:18:53.265,2.3979,2.3984,7.20,21.90
2007.05.25 01:18:53.620,2.3979,2.3984,7.20,15.50
2007.05.25 01:18:53.643,2.3979,2.3984,7.20,13.50
2007.05.25 01:18:53.700,2.3979,2.3984,7.20,14.30
2007.05.25 01:18:53.756,2.3979,2.3984,7.20,15.10
2007.05.25 01:18:53.938,2.3979,2.39835,7.20,4.00
2007.05.25 01:18:55.310,2.398,2.39835,2.00,4.00
2007.05.25 01:18:55.418,2.398,2.3983,2.00,0.80
2007.05.25 01:18:55.685,2.398,2.3983,2.00,1.60
2007.05.25 01:18:55.779,2.398,2.3983,2.00,4.80
2007.05.25 01:18:56.044,2.398,2.39825,2.00,4.00
2007.05.25 01:18:56.059,2.3978,2.39825,11.50,4.00
2007.05.25 01:18:56.322,2.3978,2.39825,6.00,4.00
2007.05.25 01:18:56.359,2.3978,2.39825,4.00,4.00
2007.05.25 01:18:56.480,2.3978,2.3982,4.00,4.00
2007.05.25 01:18:56.538,2.3977,2.3982,11.50,4.00
2007.05.25 01:18:56.679,2.3977,2.3982,9.50,4.00
2007.05.25 01:18:57.074,2.3977,2.3982,9.50,6.40
2007.05.25 01:18:57.188,2.3977,2.3982,4.00,14.30
2007.05.25 01:18:57.285,2.3977,2.3982,4.00,16.30
2007.05.25 01:18:57.917,2.3977,2.3982,4.00,17.10
2007.05.25 01:18:57.995,2.3977,2.3982,4.00,17.90
2007.05.25 01:18:58.030,2.3977,2.3982,4.00,18.70
2007.05.25 01:18:58.312,2.39765,2.3982,4.00,19.50
2007.05.25 01:18:58.331,2.3976,2.3981,4.00,4.00
2007.05.25 01:18:59.121,2.3976,2.3981,4.00,4.80
2007.05.25 01:18:59.123,2.3976,2.3981,4.00,5.60
2007.05.25 01:18:59.349,2.3976,2.3981,4.00,6.40
2007.05.25 01:18:59.640,2.3976,2.3981,5.50,7.20
2007.05.25 01:18:59.747,2.3976,2.3981,5.50,9.20
2007.05.25 01:18:59.826,2.3976,2.39805,5.50,4.00
2007.05.25 01:19:00.154,2.3977,2.39805,3.20,4.00
2007.05.25 01:19:00.399,2.3977,2.39805,5.20,4.00
2007.05.25 01:19:00.574,2.3977,2.3981,5.20,6.80
2007.05.25 01:19:01.709,2.3977,2.3981,5.20,4.40
2007.05.25 01:19:02.200,2.3977,2.3981,5.20,3.60
2007.05.25 01:19:02.225,2.3977,2.3981,5.20,2.80
2007.05.25 01:19:02.438,2.3978,2.39815,2.00,4.00
2007.05.25 01:19:02.729,2.3979,2.39815,3.20,4.00
2007.05.25 01:19:03.589,2.3979,2.3982,3.20,10.30
2007.05.25 01:19:04.702,2.3979,2.3982,3.20,7.90
2007.05.25 01:19:05.024,2.3979,2.3982,3.20,10.30
2007.05.25 01:19:07.222,2.3979,2.3982,3.20,2.40
2007.05.25 01:19:09.284,2.3979,2.3982,5.20,2.40
2007.05.25 01:19:09.363,2.3979,2.3982,2.00,2.40
2007.05.25 01:19:09.475,2.3979,2.3982,6.00,2.40
2007.05.25 01:19:09.950,2.3979,2.3982,2.00,2.40
2007.05.25 01:19:10.117,2.3979,2.3981,2.00,0.80
2007.05.25 01:19:10.184,2.3979,2.3981,2.00,1.60
2007.05.25 01:19:10.317,2.3979,2.3981,2.00,2.40
2007.05.25 01:19:14.407,2.3979,2.3981,6.00,2.40
2007.05.25 01:19:15.132,2.3979,2.3981,2.00,2.40
2007.05.25 01:19:15.177,2.3979,2.3981,4.40,1.60
2007.05.25 01:19:15.208,2.3979,2.3981,4.40,0.80
2007.05.25 01:19:15.273,2.398,2.3981,4.00,0.80
2007.05.25 01:19:15.420,2.398,2.39825,4.00,4.00
2007.05.25 01:19:16.742,2.3979,2.3982,2.00,7.90
2007.05.25 01:19:16.870,2.3978,2.3982,4.00,7.90
2007.05.25 01:19:16.881,2.39785,2.3982,4.00,7.90
2007.05.25 01:19:16.929,2.3979,2.3982,4.00,7.90
2007.05.25 01:19:17.209,2.3979,2.3982,4.00,8.70
2007.05.25 01:19:17.224,2.3979,2.3982,4.00,9.50
2007.05.25 01:19:17.427,2.3979,2.3982,4.00,10.30
2007.05.25 01:19:18.608,2.3979,2.3982,4.00,14.30
2007.05.25 01:19:19.103,2.3977,2.3982,12.40,14.30
2007.05.25 01:19:19.316,2.3979,2.3982,2.00,6.40
2007.05.25 01:19:19.660,2.3979,2.3982,2.00,2.40
2007.05.25 01:19:20.006,2.3978,2.3982,7.50,2.40
2007.05.25 01:19:25.179,2.3979,2.3982,9.20,1.60
2007.05.25 01:19:25.267,2.3979,2.3982,9.20,0.80
2007.05.25 01:19:25.389,2.3981,2.39825,0.60,4.00
2007.05.25 01:19:25.493,2.398,2.3983,11.50,5.60
2007.05.25 01:19:25.580,2.398,2.3983,11.50,6.40
2007.05.25 01:19:25.877,2.3979,2.3983,0.70,8.40
2007.05.25 01:19:25.956,2.3978,2.3983,11.50,8.40
2007.05.25 01:19:26.027,2.39785,2.3983,10.00,4.40
2007.05.25 01:19:26.305,2.39785,2.3983,6.00,4.40
2007.05.25 01:19:27.316,2.3978,2.3982,0.90,7.90
2007.05.25 01:19:27.736,2.3977,2.3981,16.40,2.00
2007.05.25 01:19:28.476,2.3978,2.3981,1.70,2.00
2007.05.25 01:19:28.553,2.3976,2.3981,15.50,2.00
2007.05.25 01:19:29.193,2.3976,2.3981,22.70,2.00
2007.05.25 01:19:29.306,2.3977,2.39815,1.10,4.00
2007.05.25 01:19:29.478,2.3976,2.39815,22.70,4.00
2007.05.25 01:19:29.572,2.3977,2.3982,5.10,7.90
2007.05.25 01:19:32.677,2.3979,2.3982,0.60,10.30
2007.05.25 01:19:32.762,2.3976,2.3982,20.30,14.30
2007.05.25 01:19:32.805,2.3977,2.3981,1.40,2.00
2007.05.25 01:19:32.889,2.39775,2.3981,0.70,2.00
2007.05.25 01:19:33.025,2.3978,2.3981,1.50,2.00
2007.05.25 01:19:33.578,2.3977,2.3981,10.00,2.80
2007.05.25 01:19:33.643,2.3978,2.3981,1.10,3.60
2007.05.25 01:19:33.706,2.3978,2.3981,1.40,4.40
2007.05.25 01:19:33.811,2.3977,2.3981,1.50,4.40
2007.05.25 01:19:34.229,2.3978,2.3981,4.80,4.40
2007.05.25 01:19:34.597,2.3979,2.3981,1.60,2.40
2007.05.25 01:19:38.235,2.3978,2.3981,6.80,2.40
2007.05.25 01:19:38.521,2.3978,2.3981,20.30,2.40
2007.05.25 01:19:38.680,2.3979,2.3981,5.40,2.40
2007.05.25 01:19:39.396,2.3979,2.3981,3.40,2.40
2007.05.25 01:19:39.687,2.3979,2.3981,7.60,1.90
2007.05.25 01:19:39.756,2.3981,2.3983,0.70,0.80
2007.05.25 01:19:39.774,2.398,2.3981,3.60,0.30
2007.05.25 01:19:39.784,2.3981,2.3983,0.60,0.80
2007.05.25 01:19:39.889,2.3981,2.3983,0.80,1.60
2007.05.25 01:19:39.966,2.398,2.3983,3.60,0.80
2007.05.25 01:19:40.154,2.398,2.3983,3.60,1.60
2007.05.25 01:19:40.199,2.3981,2.3983,0.70,0.80
2007.05.25 01:19:40.404,2.3981,2.3984,1.10,11.10
2007.05.25 01:19:40.615,2.3981,2.3984,0.90,10.30
2007.05.25 01:19:41.762,2.3981,2.3984,0.50,11.10
2007.05.25 01:19:41.775,2.3981,2.3983,1.20,2.00
2007.05.25 01:19:42.269,2.39795,2.3983,8.00,2.00
2007.05.25 01:19:42.783,2.3981,2.3983,1.00,2.00
2007.05.25 01:19:42.891,2.3981,2.3984,1.10,6.40
2007.05.25 01:19:42.899,2.39805,2.3984,7.60,2.40
2007.05.25 01:19:44.326,2.3981,2.3984,1.00,4.80
2007.05.25 01:19:44.440,2.398,2.3983,8.00,2.00
2007.05.25 01:19:44.596,2.39805,2.3983,8.00,2.00
2007.05.25 01:19:44.748,2.3979,2.3983,11.60,2.00
2007.05.25 01:19:44.957,2.3979,2.3983,3.10,2.00
2007.05.25 01:19:45.798,2.3979,2.3983,7.60,2.00
2007.05.25 01:19:46.004,2.3981,2.3984,1.00,14.30
2007.05.25 01:19:46.186,2.398,2.3984,3.60,11.90
2007.05.25 01:19:46.359,2.398,2.3984,9.10,4.00
2007.05.25 01:19:47.930,2.3981,2.3984,7.60,4.00
2007.05.25 01:19:48.039,2.3981,2.3985,7.60,2.00
2007.05.25 01:19:48.226,2.3981,2.3985,7.60,4.40
2007.05.25 01:19:48.617,2.3981,2.3985,8.40,4.40
2007.05.25 01:19:48.698,2.3981,2.3985,9.20,4.40
2007.05.25 01:19:48.736,2.3981,2.3985,9.20,2.00
2007.05.25 01:19:48.770,2.3981,2.3985,10.00,2.00
2007.05.25 01:19:48.960,2.3981,2.3985,9.20,2.00
2007.05.25 01:19:49.062,2.3983,2.3986,2.00,12.70
2007.05.25 01:19:49.113,2.3983,2.3986,2.00,11.90
2007.05.25 01:19:49.262,2.3983,2.3986,3.60,11.90
2007.05.25 01:19:49.330,2.3983,2.3986,1.60,4.00
2007.05.25 01:19:49.725,2.3983,2.3986,5.60,4.00
2007.05.25 01:19:49.795,2.3983,2.3986,5.60,4.80
2007.05.25 01:19:49.827,2.3983,2.3986,5.60,0.80
2007.05.25 01:19:49.869,2.3983,2.3986,5.60,1.60
2007.05.25 01:19:50.086,2.3983,2.3986,5.60,2.40
2007.05.25 01:19:50.925,2.3983,2.3986,1.60,2.40
2007.05.25 01:19:51.739,2.3983,2.3986,3.60,2.40
2007.05.25 01:19:52.463,2.3983,2.3986,3.60,1.60
2007.05.25 01:19:52.544,2.3983,2.3986,3.60,0.80
2007.05.25 01:19:52.782,2.3983,2.3987,3.60,3.60
2007.05.25 01:19:52.996,2.3983,2.3987,3.60,4.40
2007.05.25 01:19:53.216,2.3985,2.3987,1.60,4.40
2007.05.25 01:19:53.314,2.3985,2.3987,1.60,3.60
2007.05.25 01:19:53.321,2.3985,2.3987,1.60,2.80
2007.05.25 01:19:53.401,2.3985,2.3987,1.60,2.00
2007.05.25 01:19:53.421,2.3985,2.3988,1.60,9.50
2007.05.25 01:19:53.498,2.3985,2.3988,1.60,10.30
2007.05.25 01:19:53.733,2.3985,2.3987,1.60,0.80
2007.05.25 01:19:53.815,2.3985,2.3987,1.60,2.80
2007.05.25 01:19:53.839,2.3985,2.3987,1.60,3.60
2007.05.25 01:19:53.948,2.3985,2.3987,1.60,4.40
2007.05.25 01:19:54.235,2.3983,2.3987,10.00,4.40
2007.05.25 01:19:54.266,2.3983,2.3987,6.00,4.40
2007.05.25 01:19:54.448,2.3983,2.3987,2.00,4.40
2007.05.25 01:19:54.662,2.3983,2.3987,2.00,8.40
2007.05.25 01:19:55.248,2.3983,2.3987,4.40,8.40
2007.05.25 01:19:55.290,2.3983,2.3987,6.00,8.40
2007.05.25 01:19:55.481,2.3983,2.3987,10.00,7.60
2007.05.25 01:19:55.507,2.3983,2.3987,10.00,6.80
2007.05.25 01:19:55.591,2.3984,2.3987,5.50,6.00
2007.05.25 01:19:55.692,2.3985,2.3987,1.60,6.00
2007.05.25 01:19:55.711,2.3985,2.3987,3.60,4.00
2007.05.25 01:19:55.784,2.3985,2.3987,1.60,4.00
2007.05.25 01:19:56.307,2.3984,2.3987,5.50,4.00
2007.05.25 01:19:56.770,2.3984,2.3986,5.50,4.00
2007.05.25 01:19:56.863,2.3982,2.3986,19.10,4.00
2007.05.25 01:19:56.973,2.3982,2.3986,15.10,4.00
2007.05.25 01:19:56.986,2.3982,2.3986,11.10,4.00
2007.05.25 01:19:57.048,2.3983,2.3988,4.00,13.50
2007.05.25 01:19:57.105,2.3983,2.3988,8.00,12.70
2007.05.25 01:19:57.713,2.3985,2.3988,1.60,10.30
2007.05.25 01:19:58.771,2.3984,2.3988,2.00,12.70
2007.05.25 01:19:58.840,2.3984,2.3988,2.80,12.70
2007.05.25 01:19:58.955,2.3984,2.3988,0.80,12.70
2007.05.25 01:19:59.258,2.3984,2.3987,0.80,2.40
2007.05.25 01:19:59.979,2.3984,2.3987,0.80,6.40
2007.05.25 01:20:00.295,2.3984,2.39865,0.80,4.00
2007.05.25 01:20:00.542,2.3982,2.39865,2.40,4.00
2007.05.25 01:20:01.783,2.3982,2.39865,4.40,4.00
2007.05.25 01:20:01.881,2.3983,2.39865,7.90,4.00
2007.05.25 01:20:02.222,2.3984,2.39865,2.40,4.00
2007.05.25 01:20:02.316,2.3984,2.39865,7.90,4.00
2007.05.25 01:20:02.325,2.3984,2.39875,7.90,4.00
2007.05.25 01:20:02.537,2.3984,2.3988,7.90,2.40
2007.05.25 01:20:02.624,2.3985,2.3988,2.00,2.40
2007.05.25 01:20:02.715,2.3986,2.3988,2.40,2.40
2007.05.25 01:20:02.821,2.3986,2.3988,2.40,1.60
2007.05.25 01:20:02.882,2.3986,2.3988,2.40,0.80
2007.05.25 01:20:03.073,2.3987,2.3989,2.00,5.60
2007.05.25 01:20:03.134,2.3987,2.3989,2.00,4.80
2007.05.25 01:20:03.207,2.3987,2.3989,2.00,5.60
2007.05.25 01:20:03.343,2.3987,2.3989,2.00,0.80
2007.05.25 01:20:03.366,2.3987,2.399,2.00,1.60
2007.05.25 01:20:03.436,2.3986,2.399,8.70,1.60
2007.05.25 01:20:04.162,2.3986,2.399,6.30,1.60
2007.05.25 01:20:04.374,2.3986,2.399,0.80,9.50
2007.05.25 01:20:04.788,2.3986,2.3989,0.80,4.00
2007.05.25 01:20:04.982,2.3985,2.3989,0.80,4.00
2007.05.25 01:20:05.406,2.3985,2.399,0.80,12.80
2007.05.25 01:20:05.421,2.39845,2.399,4.00,12.80
2007.05.25 01:20:05.427,2.3984,2.3989,10.70,4.00
2007.05.25 01:20:05.724,2.3984,2.3988,10.70,2.40
2007.05.25 01:20:06.257,2.3984,2.3988,0.80,2.40
2007.05.25 01:20:06.533,2.3984,2.3987,0.80,2.40
2007.05.25 01:20:07.059,2.3985,2.3987,0.80,2.40
2007.05.25 01:20:07.139,2.3985,2.3987,4.80,2.40
2007.05.25 01:20:07.685,2.3984,2.3987,0.80,2.40
2007.05.25 01:20:08.258,2.3984,2.39885,0.80,4.00
2007.05.25 01:20:08.276,2.3984,2.3988,0.80,5.50
2007.05.25 01:20:09.788,2.3985,2.3988,2.40,5.50
2007.05.25 01:20:09.816,2.3985,2.39875,2.40,4.00
2007.05.25 01:20:10.083,2.3985,2.39875,4.40,4.00
2007.05.25 01:20:10.477,2.3985,2.3988,5.20,4.00
2007.05.25 01:20:10.699,2.3985,2.399,9.20,11.90
2007.05.25 01:20:14.181,2.3985,2.3989,6.80,2.40
2007.05.25 01:20:14.515,2.3985,2.3989,6.80,6.40
2007.05.25 01:20:14.638,2.3985,2.3988,4.80,5.50
2007.05.25 01:20:15.132,2.3985,2.399,4.80,19.10
2007.05.25 01:20:15.908,2.3984,2.3989,10.30,4.00
2007.05.25 01:20:16.235,2.3984,2.3989,10.30,6.40
2007.05.25 01:20:16.351,2.3984,2.3989,10.30,8.40
2007.05.25 01:20:16.444,2.3984,2.3988,4.80,5.50
2007.05.25 01:20:17.170,2.3985,2.3988,2.40,5.50
2007.05.25 01:20:17.292,2.3985,2.3989,4.40,4.00
2007.05.25 01:20:17.323,2.3985,2.3989,2.50,4.00
2007.05.25 01:20:17.484,2.3985,2.3989,1.00,4.00
2007.05.25 01:20:17.640,2.3985,2.399,2.70,11.90
2007.05.25 01:20:18.190,2.3984,2.3989,17.90,2.40
2007.05.25 01:20:18.353,2.3985,2.3989,1.60,4.40
2007.05.25 01:20:18.406,2.3985,2.3989,1.80,8.40
2007.05.25 01:20:18.462,2.3984,2.3988,4.00,9.50
2007.05.25 01:20:18.573,2.3982,2.3988,29.10,9.50
2007.05.25 01:20:18.595,2.3982,2.3988,27.50,9.50
2007.05.25 01:20:18.671,2.3983,2.3988,0.60,9.50
2007.05.25 01:20:18.952,2.3983,2.3988,3.50,5.50
2007.05.25 01:20:19.188,2.3983,2.3988,3.10,9.50
2007.05.25 01:20:21.217,2.3982,2.3988,35.50,9.50
2007.05.25 01:20:21.337,2.3983,2.3988,7.00,9.50
2007.05.25 01:20:21.348,2.3984,2.3988,0.90,9.50
2007.05.25 01:20:21.434,2.3985,2.3988,1.40,4.00
2007.05.25 01:20:21.479,2.3985,2.399,1.90,13.50
2007.05.25 01:20:21.555,2.3984,2.399,25.90,14.30
2007.05.25 01:20:21.741,2.3985,2.399,3.40,11.90
2007.05.25 01:20:22.243,2.3984,2.399,26.30,11.90
2007.05.25 01:20:22.350,2.3985,2.399,0.90,14.30
2007.05.25 01:20:22.364,2.3984,2.399,17.50,19.10
2007.05.25 01:20:22.466,2.3985,2.399,2.00,23.10
2007.05.25 01:20:22.512,2.3983,2.3989,21.00,4.00
2007.05.25 01:20:22.646,2.3984,2.3989,1.80,6.40
2007.05.25 01:20:22.770,2.3984,2.3988,1.10,4.00
2007.05.25 01:20:22.898,2.3982,2.3988,40.30,9.50
2007.05.25 01:20:23.469,2.3983,2.3988,2.40,10.30
2007.05.25 01:20:23.513,2.3982,2.3988,37.10,11.10
2007.05.25 01:20:23.595,2.3982,2.3988,35.50,11.90
2007.05.25 01:20:24.210,2.3983,2.3988,1.60,16.70
2007.05.25 01:20:24.346,2.3982,2.3987,28.30,4.00
2007.05.25 01:20:24.436,2.3981,2.3987,20.20,4.00
2007.05.25 01:20:24.710,2.3981,2.3987,17.80,6.40
2007.05.25 01:20:24.728,2.3981,2.3987,17.80,8.40
2007.05.25 01:20:24.816,2.3981,2.3987,17.80,10.80
2007.05.25 01:20:24.967,2.3981,2.3986,10.00,5.50
2007.05.25 01:20:25.264,2.3981,2.3987,20.20,6.00
2007.05.25 01:20:25.371,2.3981,2.3987,20.20,4.00
2007.05.25 01:20:26.144,2.3981,2.3987,22.60,4.00
2007.05.25 01:20:26.275,2.3983,2.3987,0.60,4.00
2007.05.25 01:20:27.003,2.3983,2.3987,9.80,4.00
2007.05.25 01:20:27.428,2.3982,2.3987,4.10,4.00
2007.05.25 01:20:27.454,2.3982,2.3987,6.20,4.00
2007.05.25 01:20:28.317,2.3982,2.3987,18.30,4.00
2007.05.25 01:20:28.446,2.3983,2.3987,1.20,4.80
2007.05.25 01:20:28.629,2.3983,2.3987,0.60,5.60
2007.05.25 01:20:28.701,2.3982,2.3987,20.30,6.40
2007.05.25 01:20:28.740,2.3982,2.3987,6.50,6.40
2007.05.25 01:20:28.992,2.3981,2.3987,30.60,8.40
2007.05.25 01:20:29.187,2.39825,2.3987,1.30,4.40
2007.05.25 01:20:29.355,2.39825,2.3987,4.80,4.40
2007.05.25 01:20:30.452,2.3983,2.3987,0.80,8.40
2007.05.25 01:20:30.537,2.39815,2.3987,14.70,8.40
2007.05.25 01:20:31.454,2.39815,2.3986,14.70,0.80
2007.05.25 01:20:31.546,2.39815,2.3986,14.70,1.60
2007.05.25 01:20:31.886,2.3982,2.3986,3.90,2.40
2007.05.25 01:20:32.662,2.39815,2.3986,14.70,1.60
2007.05.25 01:20:32.707,2.3983,2.3986,4.80,0.80
2007.05.25 01:20:32.818,2.3983,2.3987,8.80,6.00
2007.05.25 01:20:33.115,2.3984,2.3987,0.50,6.80
2007.05.25 01:20:33.210,2.3984,2.3987,0.70,7.60
2007.05.25 01:20:33.311,2.3984,2.3987,2.00,6.40
2007.05.25 01:20:33.926,2.3985,2.3987,7.80,6.40
2007.05.25 01:20:34.021,2.3986,2.3987,2.70,5.60
2007.05.25 01:20:34.139,2.3985,2.3987,11.80,4.80
2007.05.25 01:20:34.289,2.3985,2.3987,11.80,4.00
2007.05.25 01:20:34.735,2.3985,2.3987,2.20,4.00
2007.05.25 01:20:34.831,2.3984,2.3988,16.30,2.40
2007.05.25 01:20:35.517,2.3985,2.3988,1.10,6.40
2007.05.25 01:20:35.680,2.3985,2.3987,1.70,2.00
2007.05.25 01:20:35.777,2.3984,2.3987,2.10,2.00
2007.05.25 01:20:35.836,2.3984,2.3987,1.60,6.00
2007.05.25 01:20:36.471,2.3984,2.3987,2.30,6.80
2007.05.25 01:20:36.545,2.3984,2.3987,2.60,7.60
2007.05.25 01:20:36.677,2.3983,2.3987,11.80,8.40
2007.05.25 01:20:37.950,2.3982,2.3987,0.90,8.40
2007.05.25 01:20:38.336,2.39815,2.3987,12.30,10.80
2007.05.25 01:20:38.446,2.39815,2.3987,10.30,10.80
2007.05.25 01:20:38.462,2.3982,2.3987,5.50,6.80
2007.05.25 01:20:38.734,2.3981,2.3987,24.20,4.40
2007.05.25 01:20:38.775,2.3982,2.3987,2.50,4.40
2007.05.25 01:20:38.884,2.3982,2.3987,0.50,2.40
2007.05.25 01:20:41.456,2.3982,2.3986,2.40,0.80
2007.05.25 01:20:41.481,2.3982,2.3986,0.60,1.60
2007.05.25 01:20:41.651,2.3981,2.3986,29.10,1.60
2007.05.25 01:20:41.692,2.3981,2.3986,6.40,6.40
2007.05.25 01:20:42.299,2.398,2.3986,37.90,6.40
2007.05.25 01:20:42.367,2.398,2.3986,37.90,6.40
2007.05.25 01:20:42.416,2.398,2.3986,37.10,6.40
2007.05.25 01:20:42.462,2.3982,2.3986,1.30,6.40
2007.05.25 01:20:48.155,2.3982,2.3985,5.50,2.40
2007.05.25 01:20:48.427,2.3981,2.3985,4.80,5.20
2007.05.25 01:20:48.685,2.3981,2.3985,4.80,6.00
2007.05.25 01:20:48.703,2.3981,2.3985,4.80,6.80
2007.05.25 01:20:49.608,2.3981,2.3985,4.00,10.80
2007.05.25 01:20:49.674,2.398,2.3984,5.50,4.00
2007.05.25 01:20:50.556,2.398,2.3985,5.50,14.80
2007.05.25 01:20:57.258,2.3979,2.3985,4.80,22.70
2007.05.25 01:20:58.594,2.3979,2.3984,4.00,0.50
2007.05.25 01:20:58.797,2.3978,2.3984,15.90,15.90
2007.05.25 01:20:58.820,2.398,2.3984,5.50,8.00
2007.05.25 01:21:00.438,2.398,2.3983,7.50,0.80
2007.05.25 01:21:00.797,2.398,2.3984,7.50,0.80
2007.05.25 01:21:01.356,2.398,2.3985,8.30,12.40
2007.05.25 01:21:01.543,2.398,2.3986,8.30,35.50
2007.05.25 01:21:04.227,2.398,2.3985,8.30,15.60
2007.05.25 01:21:04.249,2.398,2.3985,8.30,16.40
2007.05.25 01:21:04.362,2.398,2.3985,8.30,17.20
2007.05.25 01:21:04.865,2.398,2.3983,8.30,0.80
2007.05.25 01:21:04.886,2.398,2.3984,8.30,3.20
2007.05.25 01:21:04.898,2.398,2.3984,8.30,3.20
2007.05.25 01:21:04.966,2.398,2.3982,8.30,0.80
2007.05.25 01:21:05.003,2.398,2.3983,8.30,2.40
2007.05.25 01:21:05.122,2.398,2.3985,8.30,0.70
2007.05.25 01:21:05.180,2.398,2.3983,8.30,4.80
2007.05.25 01:21:05.390,2.398,2.3983,0.80,6.80
2007.05.25 01:21:05.506,2.3978,2.3982,8.30,0.80
2007.05.25 01:21:07.202,2.3979,2.3983,4.00,8.40
2007.05.25 01:21:07.371,2.398,2.3983,8.30,6.40
2007.05.25 01:21:07.458,2.398,2.3986,8.30,37.10
2007.05.25 01:21:27.395,2.39795,2.3982,4.00,2.40
2007.05.25 01:21:27.499,2.3979,2.3982,8.00,2.40
2007.05.25 01:21:30.783,2.3979,2.3982,4.00,2.40
2007.05.25 01:21:30.953,2.3978,2.3982,11.50,2.40
2007.05.25 01:21:34.645,2.3979,2.3982,2.40,2.40
2007.05.25 01:21:34.762,2.3979,2.3982,6.40,2.40
2007.05.25 01:21:34.895,2.39795,2.3982,4.00,2.40
2007.05.25 01:21:34.937,2.398,2.3985,11.50,10.00
2007.05.25 01:21:42.424,2.398,2.3985,13.90,10.00
2007.05.25 01:21:42.537,2.398,2.3985,13.90,8.00
2007.05.25 01:21:42.643,2.398,2.3985,13.90,8.80
2007.05.25 01:21:42.739,2.3981,2.3985,4.00,8.80
2007.05.25 01:21:42.789,2.3981,2.3985,4.00,5.60
2007.05.25 01:21:42.919,2.3981,2.3985,4.00,6.40
2007.05.25 01:21:43.011,2.3981,2.3985,4.00,2.40
2007.05.25 01:21:43.466,2.3982,2.3985,4.00,2.40
2007.05.25 01:21:43.682,2.3982,2.3985,4.00,1.60
2007.05.25 01:21:43.744,2.3982,2.3985,4.00,0.80
2007.05.25 01:21:43.792,2.3982,2.3986,4.00,13.50
2007.05.25 01:21:43.883,2.3982,2.3985,4.00,0.80
2007.05.25 01:21:43.959,2.3982,2.3985,4.00,4.00
2007.05.25 01:21:44.001,2.39815,2.3984,4.00,2.00
2007.05.25 01:21:44.063,2.398,2.3984,11.50,2.00
2007.05.25 01:21:44.272,2.398,2.3984,11.50,3.60
2007.05.25 01:21:44.304,2.398,2.3984,11.50,4.40
2007.05.25 01:21:44.400,2.398,2.3984,11.50,3.60
2007.05.25 01:21:44.540,2.398,2.3984,11.50,2.80
2007.05.25 01:21:44.953,2.398,2.3984,11.50,2.00
2007.05.25 01:21:45.219,2.3981,2.3985,2.00,12.40
2007.05.25 01:21:45.258,2.3981,2.3985,6.00,12.40
2007.05.25 01:21:45.331,2.3981,2.3985,6.00,8.40
2007.05.25 01:21:45.458,2.3981,2.3985,10.00,8.40
2007.05.25 01:21:45.481,2.3981,2.3985,10.00,4.40
2007.05.25 01:21:46.263,2.3982,2.3985,2.00,2.40
2007.05.25 01:21:46.436,2.3982,2.3985,11.50,2.40
2007.05.25 01:21:47.797,2.39815,2.3985,4.00,4.40
2007.05.25 01:21:47.826,2.39815,2.3985,4.00,6.80
2007.05.25 01:21:47.875,2.3981,2.3985,8.00,6.80
2007.05.25 01:21:50.371,2.3981,2.3985,8.00,4.40
2007.05.25 01:21:50.595,2.3981,2.3985,8.00,2.40
2007.05.25 01:21:50.678,2.39815,2.3985,4.00,2.40
2007.05.25 01:21:50.899,2.3982,2.3985,4.00,2.40
2007.05.25 01:21:51.146,2.3981,2.3985,8.00,2.40
2007.05.25 01:21:52.355,2.3982,2.3985,11.50,2.40
2007.05.25 01:21:55.471,2.3981,2.3985,8.00,2.40
2007.05.25 01:21:57.693,2.3982,2.3985,2.00,2.40
2007.05.25 01:21:57.807,2.3982,2.3985,7.50,2.40
2007.05.25 01:21:58.103,2.3982,2.3985,11.50,2.40
2007.05.25 01:22:07.164,2.3982,2.3985,11.50,4.80
2007.05.25 01:22:07.334,2.3982,2.3984,4.00,7.90
2007.05.25 01:22:07.419,2.39815,2.3984,4.00,7.90
2007.05.25 01:22:07.455,2.3979,2.3984,8.00,11.90
2007.05.25 01:22:11.733,2.398,2.3984,7.50,4.00
2007.05.25 01:22:11.773,2.398,2.3985,7.50,9.20
2007.05.25 01:22:11.850,2.398,2.3985,11.50,8.40
2007.05.25 01:22:15.228,2.3981,2.3985,3.20,8.40
2007.05.25 01:22:15.248,2.3981,2.3985,3.20,6.40
2007.05.25 01:22:15.550,2.3981,2.3985,7.20,6.40
2007.05.25 01:22:15.577,2.3981,2.3985,7.20,2.40
2007.05.25 01:22:17.769,2.3981,2.3985,4.00,2.40
2007.05.25 01:22:17.827,2.39805,2.3985,4.00,4.40
2007.05.25 01:22:17.880,2.398,2.3985,11.50,8.40
2007.05.25 01:22:19.724,2.3981,2.3985,3.20,8.40
2007.05.25 01:22:19.808,2.3981,2.3985,7.20,6.40
2007.05.25 01:22:19.961,2.3981,2.3985,7.20,2.40
2007.05.25 01:22:20.009,2.3981,2.3985,7.20,4.80
2007.05.25 01:22:20.105,2.3981,2.3985,7.20,6.80
2007.05.25 01:22:22.662,2.3981,2.3985,6.40,6.80
2007.05.25 01:22:23.697,2.3981,2.3985,2.40,6.80
2007.05.25 01:22:24.747,2.3981,2.3984,2.40,2.00
2007.05.25 01:22:25.217,2.398,2.3984,15.50,2.00
2007.05.25 01:22:25.244,2.398,2.3984,11.50,2.00
2007.05.25 01:22:27.525,2.398,2.3984,15.50,2.00
2007.05.25 01:22:27.640,2.3981,2.3984,2.40,2.00
2007.05.25 01:22:27.711,2.3981,2.3985,4.40,4.40
2007.05.25 01:22:29.063,2.3981,2.39845,4.40,4.00
2007.05.25 01:22:29.372,2.3981,2.39845,2.40,4.00
2007.05.25 01:22:29.574,2.3981,2.3985,2.40,9.60
2007.05.25 01:22:29.613,2.3981,2.3985,2.40,7.20
2007.05.25 01:22:29.714,2.3981,2.3985,2.40,6.40
2007.05.25 01:22:30.606,2.3981,2.3985,2.40,5.60
2007.05.25 01:22:30.611,2.3981,2.3984,2.40,1.60
2007.05.25 01:22:30.721,2.3981,2.3984,2.40,2.40
2007.05.25 01:22:31.435,2.3981,2.3982,2.40,0.80
2007.05.25 01:22:31.474,2.3981,2.3982,2.40,1.60
2007.05.25 01:22:31.604,2.3981,2.3982,2.40,2.40
2007.05.25 01:22:33.092,2.3981,2.3982,2.40,1.60
2007.05.25 01:22:33.152,2.3981,2.3982,2.40,0.80
2007.05.25 01:22:33.188,2.3981,2.39845,2.40,4.00
2007.05.25 01:22:33.587,2.3981,2.3984,2.40,0.80
2007.05.25 01:22:33.614,2.3981,2.3984,2.40,9.50
2007.05.25 01:22:33.648,2.3981,2.3984,2.40,10.30
2007.05.25 01:22:33.815,2.3981,2.3984,4.40,10.30
2007.05.25 01:22:33.921,2.3981,2.3984,4.40,2.40
2007.05.25 01:22:34.224,2.3981,2.3984,2.00,2.40
2007.05.25 01:22:34.427,2.3981,2.3984,4.40,2.40
2007.05.25 01:22:35.983,2.3981,2.3984,6.80,2.40
2007.05.25 01:22:36.050,2.3982,2.3984,5.50,2.40
2007.05.25 01:22:36.272,2.3982,2.3984,5.50,1.60
2007.05.25 01:22:36.365,2.3982,2.3984,5.50,0.80
2007.05.25 01:22:36.472,2.3982,2.3984,5.50,1.60
2007.05.25 01:22:36.598,2.3982,2.3984,5.50,2.40
2007.05.25 01:22:39.008,2.3982,2.3984,9.50,2.40
2007.05.25 01:22:39.692,2.3982,2.3984,11.50,2.40
2007.05.25 01:22:40.420,2.3982,2.3984,6.00,2.40
2007.05.25 01:22:40.525,2.3982,2.3984,4.00,2.40
2007.05.25 01:22:40.663,2.39815,2.3984,8.00,2.40
2007.05.25 01:22:41.318,2.3981,2.3984,8.00,4.40
2007.05.25 01:22:41.756,2.3981,2.3984,4.10,4.40
2007.05.25 01:22:42.310,2.3982,2.3984,0.80,2.40
2007.05.25 01:22:42.697,2.3981,2.3984,13.80,2.40
2007.05.25 01:22:43.946,2.39815,2.3984,15.50,2.40
2007.05.25 01:22:48.788,2.3982,2.3984,4.10,2.40
2007.05.25 01:22:49.209,2.3982,2.3984,2.00,2.40
2007.05.25 01:22:53.873,2.39815,2.3984,15.50,1.60
2007.05.25 01:22:53.945,2.39815,2.3984,15.50,0.80
2007.05.25 01:22:54.050,2.39815,2.3986,15.50,2.00
2007.05.25 01:22:54.298,2.3981,2.3986,17.80,2.00
2007.05.25 01:22:54.366,2.3983,2.3987,2.40,6.40
2007.05.25 01:22:54.369,2.3983,2.3987,1.70,4.00
2007.05.25 01:22:54.450,2.3983,2.3987,0.90,2.40
2007.05.25 01:22:55.488,2.3982,2.3987,15.50,3.20
2007.05.25 01:22:55.550,2.3983,2.3987,2.30,4.00
2007.05.25 01:22:55.690,2.3982,2.3986,15.50,2.00
2007.05.25 01:22:55.899,2.39815,2.3986,15.50,2.00
2007.05.25 01:22:58.368,2.3982,2.39865,0.90,4.00
2007.05.25 01:22:58.385,2.3982,2.3987,5.90,3.20
2007.05.25 01:22:58.463,2.3983,2.3987,2.10,2.40
2007.05.25 01:23:00.065,2.3982,2.3987,4.30,2.40
2007.05.25 01:23:00.147,2.39815,2.3987,15.50,6.40
2007.05.25 01:23:03.648,2.3982,2.3987,6.10,6.40
2007.05.25 01:23:03.894,2.3984,2.3987,0.60,6.40
2007.05.25 01:23:03.958,2.3984,2.3987,0.50,2.40
2007.05.25 01:23:06.766,2.3984,2.3987,4.10,2.40
2007.05.25 01:23:07.461,2.3983,2.3987,16.20,1.60
2007.05.25 01:23:07.475,2.3983,2.3988,16.20,7.60
2007.05.25 01:23:07.543,2.3983,2.3988,16.20,8.40
2007.05.25 01:23:07.649,2.3983,2.3988,18.60,8.40
2007.05.25 01:23:07.757,2.3984,2.3988,4.90,4.40
2007.05.25 01:23:07.794,2.3984,2.3988,3.90,2.40
2007.05.25 01:23:07.875,2.39835,2.3988,17.90,2.40
2007.05.25 01:23:12.065,2.3985,2.3988,0.80,2.40
2007.05.25 01:23:12.991,2.3985,2.3988,4.00,2.40
2007.05.25 01:23:21.217,2.3986,2.3988,5.50,1.60
2007.05.25 01:23:21.255,2.3986,2.3988,5.50,0.80
2007.05.25 01:23:21.322,2.3986,2.3988,7.50,0.80
2007.05.25 01:23:21.344,2.3986,2.3989,7.50,4.00
2007.05.25 01:23:21.520,2.3986,2.399,7.50,8.40
2007.05.25 01:23:21.535,2.3986,2.399,7.50,7.60
2007.05.25 01:23:21.551,2.3986,2.399,7.50,8.40
2007.05.25 01:23:21.727,2.3986,2.3989,7.50,0.80
2007.05.25 01:23:21.748,2.3986,2.3989,7.50,1.60
2007.05.25 01:23:21.848,2.3986,2.3989,7.50,2.40
2007.05.25 01:23:24.763,2.3985,2.3989,8.00,2.40
2007.05.25 01:23:25.965,2.3985,2.3989,4.00,2.40
2007.05.25 01:23:26.067,2.3985,2.3989,4.00,6.40
2007.05.25 01:23:28.169,2.3985,2.3989,6.40,6.40
2007.05.25 01:23:28.377,2.3986,2.3989,7.50,6.40
2007.05.25 01:23:28.434,2.3986,2.3989,7.50,2.40
2007.05.25 01:23:30.056,2.3986,2.399,7.50,8.40
2007.05.25 01:23:31.476,2.3986,2.3989,2.00,2.40
2007.05.25 01:23:36.432,2.3986,2.3989,7.50,2.40
2007.05.25 01:23:37.492,2.3986,2.3989,2.00,2.40
2007.05.25 01:23:37.992,2.3986,2.3989,2.00,6.40
2007.05.25 01:23:38.113,2.3985,2.3988,4.00,2.00
2007.05.25 01:23:38.477,2.3985,2.3988,4.00,2.80
2007.05.25 01:23:38.641,2.3985,2.3988,4.00,3.60
2007.05.25 01:23:38.805,2.3985,2.3988,4.00,7.60
2007.05.25 01:23:38.829,2.3985,2.3988,4.00,8.40
2007.05.25 01:23:38.888,2.3984,2.3988,7.50,8.40
2007.05.25 01:23:39.772,2.3985,2.3988,4.00,8.40
2007.05.25 01:23:39.868,2.3985,2.3988,4.00,6.40
2007.05.25 01:23:40.848,2.3985,2.3988,4.00,2.40
2007.05.25 01:23:43.233,2.3985,2.3988,4.00,4.40
2007.05.25 01:23:43.317,2.3984,2.3988,15.50,4.40
2007.05.25 01:23:43.415,2.3984,2.3988,11.50,8.40
2007.05.25 01:23:45.744,2.3985,2.3988,4.00,8.40
2007.05.25 01:23:45.825,2.3985,2.3988,4.00,6.40
2007.05.25 01:23:45.948,2.3985,2.3988,4.00,2.40
2007.05.25 01:23:48.714,2.3985,2.3988,6.40,2.40
2007.05.25 01:23:48.823,2.3986,2.3988,7.50,2.40
2007.05.25 01:24:13.324,2.3986,2.3987,7.50,0.80
2007.05.25 01:24:13.354,2.3986,2.3987,2.00,1.60
2007.05.25 01:24:13.416,2.3986,2.3987,2.00,2.40
2007.05.25 01:24:13.447,2.3983,2.3987,9.50,2.40
2007.05.25 01:24:13.628,2.3983,2.3987,11.90,2.40
2007.05.25 01:24:13.777,2.3983,2.3987,9.90,4.40
2007.05.25 01:24:19.677,2.3983,2.3987,7.50,4.40
2007.05.25 01:24:19.752,2.3983,2.3987,5.50,4.40
2007.05.25 01:24:20.011,2.3983,2.39865,5.50,4.00
2007.05.25 01:24:20.026,2.3982,2.39865,6.00,4.00
2007.05.25 01:24:20.126,2.3983,2.39865,2.40,4.00
2007.05.25 01:24:20.219,2.3982,2.39865,6.00,4.00
2007.05.25 01:24:21.726,2.3982,2.3986,6.00,0.80
2007.05.25 01:24:21.759,2.3982,2.3986,2.00,5.60
2007.05.25 01:24:21.808,2.3982,2.3986,2.00,10.40
2007.05.25 01:24:21.834,2.3981,2.3986,8.30,10.40
2007.05.25 01:24:23.068,2.39815,2.3986,4.00,6.40
2007.05.25 01:24:23.146,2.3982,2.3986,0.80,6.40
2007.05.25 01:24:23.288,2.3983,2.3986,7.50,6.40
2007.05.25 01:24:23.332,2.3983,2.3986,7.50,2.40
2007.05.25 01:24:23.658,2.3983,2.3986,7.50,1.60
2007.05.25 01:24:23.724,2.3983,2.3986,9.90,0.80
2007.05.25 01:24:23.853,2.3983,2.3987,9.90,4.40
2007.05.25 01:24:23.989,2.3983,2.3986,9.90,0.80
2007.05.25 01:24:24.019,2.3983,2.3986,9.90,1.60
2007.05.25 01:24:24.095,2.3983,2.3986,9.90,2.40
2007.05.25 01:24:29.661,2.3984,2.3986,2.00,2.40
2007.05.25 01:24:29.761,2.3984,2.3986,6.00,2.40
2007.05.25 01:24:30.324,2.3984,2.3986,6.00,0.50
2007.05.25 01:24:32.689,2.3984,2.3986,4.00,2.40
2007.05.25 01:24:32.874,2.3983,2.3986,11.50,2.40
2007.05.25 01:24:32.962,2.3983,2.3986,7.50,2.40
2007.05.25 01:24:33.697,2.3984,2.3986,4.00,2.40
2007.05.25 01:24:33.818,2.3984,2.3986,6.00,2.40
2007.05.25 01:24:35.254,2.3984,2.3986,6.00,1.60
2007.05.25 01:24:35.301,2.3984,2.3986,6.00,0.80
2007.05.25 01:24:35.351,2.3985,2.3988,2.00,1.60
2007.05.25 01:24:35.433,2.3985,2.3988,2.00,2.40
2007.05.25 01:24:35.456,2.3985,2.3987,2.00,0.80
2007.05.25 01:24:35.547,2.3985,2.3987,2.00,1.60
2007.05.25 01:24:35.551,2.3985,2.3987,2.00,2.40
2007.05.25 01:24:35.768,2.3983,2.3987,12.30,4.40
2007.05.25 01:24:36.289,2.3983,2.3986,12.30,0.80
2007.05.25 01:24:36.302,2.3983,2.3986,12.30,1.60
2007.05.25 01:24:36.315,2.3983,2.3986,12.30,2.40
2007.05.25 01:24:36.386,2.3983,2.3986,11.50,2.40
2007.05.25 01:24:36.523,2.3983,2.3986,7.50,2.40
2007.05.25 01:24:36.693,2.3983,2.3986,9.90,2.40
2007.05.25 01:24:36.790,2.3984,2.3986,4.00,2.40
2007.05.25 01:24:36.799,2.3984,2.3986,6.00,2.40
2007.05.25 01:24:37.005,2.3984,2.3986,6.00,1.60
2007.05.25 01:24:37.056,2.3984,2.39875,6.00,4.00
2007.05.25 01:24:37.337,2.3985,2.39875,2.00,4.00
2007.05.25 01:24:37.558,2.3985,2.3989,2.00,2.00
2007.05.25 01:24:38.123,2.3985,2.3989,2.00,6.00
2007.05.25 01:24:38.229,2.3984,2.3989,10.00,13.90
2007.05.25 01:24:38.344,2.3984,2.39885,6.00,4.00
2007.05.25 01:24:38.779,2.3985,2.39885,2.00,4.00
2007.05.25 01:24:38.856,2.3985,2.3989,2.00,17.90
2007.05.25 01:24:38.886,2.3985,2.3989,2.00,6.00
2007.05.25 01:24:39.279,2.3984,2.3989,10.80,13.90
2007.05.25 01:24:39.359,2.3984,2.39885,6.80,4.00
2007.05.25 01:24:39.398,2.3984,2.39885,6.00,4.00
2007.05.25 01:24:39.502,2.3984,2.3988,6.00,0.80
2007.05.25 01:24:39.526,2.3984,2.3988,6.00,1.60
2007.05.25 01:24:39.622,2.3984,2.3988,6.00,2.40
2007.05.25 01:24:39.729,2.3984,2.3988,2.00,2.40
2007.05.25 01:24:39.819,2.3983,2.3987,12.30,2.00
2007.05.25 01:24:40.309,2.3983,2.3987,11.50,2.00
2007.05.25 01:24:40.374,2.3983,2.3987,7.50,2.00
2007.05.25 01:24:40.528,2.3983,2.3987,7.50,2.80
2007.05.25 01:24:40.546,2.3983,2.3987,7.50,3.60
2007.05.25 01:24:40.667,2.3983,2.3987,7.50,4.40
2007.05.25 01:24:41.625,2.3983,2.3987,7.50,3.60
2007.05.25 01:24:41.676,2.3983,2.3987,9.90,2.80
2007.05.25 01:24:41.817,2.3984,2.3987,4.00,2.00
2007.05.25 01:24:41.863,2.3984,2.39875,6.00,4.00
2007.05.25 01:24:41.899,2.3984,2.39885,6.00,4.00
2007.05.25 01:24:42.675,2.3985,2.39885,2.00,4.00
2007.05.25 01:24:43.202,2.3985,2.3989,2.00,8.40
2007.05.25 01:24:46.378,2.3985,2.3989,2.00,7.60
2007.05.25 01:24:46.485,2.3985,2.3989,2.00,6.00
2007.05.25 01:24:47.375,2.3985,2.39895,2.00,10.00
2007.05.25 01:24:48.234,2.3986,2.3989,4.00,0.80
2007.05.25 01:24:48.337,2.3986,2.39895,4.00,6.00
2007.05.25 01:24:48.438,2.3986,2.399,6.00,18.30
2007.05.25 01:24:48.806,2.3986,2.39905,6.00,14.30
2007.05.25 01:24:50.237,2.3986,2.3989,4.00,0.90
2007.05.25 01:24:50.329,2.3985,2.399,6.00,16.30
2007.05.25 01:24:50.352,2.3985,2.39895,2.00,6.00
2007.05.25 01:24:52.482,2.3985,2.3989,2.00,0.90
2007.05.25 01:24:52.592,2.3985,2.39895,2.00,7.60
2007.05.25 01:24:52.728,2.3985,2.3989,2.00,0.50
2007.05.25 01:24:55.353,2.3985,2.3989,2.00,0.50
2007.05.25 01:24:55.463,2.3985,2.3989,2.00,16.30
2007.05.25 01:24:55.527,2.3983,2.39875,7.50,6.00
2007.05.25 01:24:56.431,2.3983,2.3987,7.50,0.80
2007.05.25 01:24:56.497,2.3983,2.39875,7.50,7.60
2007.05.25 01:24:56.608,2.3983,2.39875,7.50,8.40
2007.05.25 01:24:58.092,2.3983,2.39875,8.30,8.40
2007.05.25 01:24:58.152,2.3983,2.39875,8.30,7.60
2007.05.25 01:24:58.172,2.3983,2.3987,8.30,0.70
2007.05.25 01:24:58.229,2.3983,2.39885,12.30,6.00
2007.05.25 01:24:58.258,2.3984,2.3987,4.00,0.90
2007.05.25 01:24:58.277,2.3984,2.3989,6.00,25.90
2007.05.25 01:25:01.806,2.3984,2.3989,6.00,24.30
2007.05.25 01:25:01.817,2.3984,2.39875,4.00,6.00
2007.05.25 01:25:01.875,2.3983,2.39875,7.50,6.00
2007.05.25 01:25:02.306,2.3983,2.3987,9.90,0.70
2007.05.25 01:25:03.412,2.3983,2.3987,9.90,0.50
2007.05.25 01:25:03.545,2.3983,2.39875,9.90,7.60
2007.05.25 01:25:03.564,2.3983,2.39875,9.90,8.40
2007.05.25 01:25:04.135,2.3983,2.39875,7.50,8.40
2007.05.25 01:25:04.272,2.3982,2.3987,10.80,0.90
2007.05.25 01:25:04.412,2.3982,2.39875,10.00,20.30
2007.05.25 01:25:04.654,2.3982,2.3987,6.00,20.30
2007.05.25 01:25:07.785,2.3982,2.39865,6.80,0.80
2007.05.25 01:25:07.910,2.3982,2.39875,10.80,16.30
2007.05.25 01:25:08.162,2.3982,2.3987,6.80,16.30
2007.05.25 01:25:08.214,2.3982,2.39865,6.00,0.50
2007.05.25 01:25:08.665,2.3983,2.3987,2.40,20.30
2007.05.25 01:25:08.810,2.3983,2.39865,7.90,0.70
2007.05.25 01:25:08.913,2.3983,2.39875,7.90,12.40
2007.05.25 01:25:08.928,2.3983,2.39875,9.90,8.40
2007.05.25 01:25:11.260,2.3983,2.39875,7.50,8.40
2007.05.25 01:25:11.313,2.3982,2.39875,10.80,16.30
2007.05.25 01:25:12.698,2.3982,2.3987,6.80,16.30
2007.05.25 01:25:12.869,2.3982,2.39865,6.00,0.50
2007.05.25 01:25:15.662,2.3982,2.3987,8.40,20.30
2007.05.25 01:25:15.709,2.3983,2.39865,2.00,0.50
2007.05.25 01:25:15.780,2.3983,2.39875,2.00,20.30
2007.05.25 01:25:15.862,2.3983,2.39875,7.50,12.40
2007.05.25 01:25:15.969,2.3983,2.3987,7.50,0.50
2007.05.25 01:25:18.725,2.3982,2.3987,13.20,12.30
2007.05.25 01:25:18.737,2.3982,2.3987,10.80,12.30
2007.05.25 01:25:18.843,2.3982,2.39865,6.80,4.00
2007.05.25 01:25:19.035,2.3982,2.39865,6.00,4.00
2007.05.25 01:25:22.157,2.3982,2.3986,6.00,2.40
2007.05.25 01:25:22.242,2.3982,2.3986,2.00,2.40
2007.05.25 01:25:22.270,2.3981,2.3985,12.30,2.00
2007.05.25 01:25:22.506,2.3981,2.3985,11.50,2.00
2007.05.25 01:25:22.671,2.3981,2.3985,7.50,2.00
2007.05.25 01:25:23.683,2.3982,2.3985,6.40,2.00
2007.05.25 01:25:23.802,2.3983,2.3985,5.50,2.00
2007.05.25 01:25:23.899,2.3983,2.39855,7.50,4.00
2007.05.25 01:25:23.993,2.3983,2.3987,7.50,4.40
2007.05.25 01:25:25.542,2.3983,2.3986,7.50,1.60
2007.05.25 01:25:25.758,2.3983,2.3986,7.50,2.40
2007.05.25 01:25:25.803,2.3982,2.3986,10.80,2.40
2007.05.25 01:25:26.147,2.3982,2.3986,10.00,2.40
2007.05.25 01:25:26.316,2.3982,2.3986,6.00,2.40
2007.05.25 01:25:29.113,2.3982,2.3986,8.40,2.40
2007.05.25 01:25:29.278,2.3983,2.3986,7.50,2.40
2007.05.25 01:25:31.219,2.3983,2.3986,5.50,2.40
2007.05.25 01:25:31.348,2.3982,2.3986,10.80,2.40
2007.05.25 01:25:31.628,2.3982,2.3986,10.00,2.40
2007.05.25 01:25:31.796,2.3982,2.3986,6.00,2.40
2007.05.25 01:25:33.674,2.3983,2.3986,2.00,2.40
2007.05.25 01:25:33.808,2.3983,2.3986,7.50,2.40
2007.05.25 01:25:36.687,2.3983,2.3986,7.50,4.80
2007.05.25 01:25:36.803,2.3983,2.3986,2.00,4.80
2007.05.25 01:25:36.876,2.3983,2.3986,2.00,8.80
2007.05.25 01:25:37.023,2.3982,2.3985,4.80,2.00
2007.05.25 01:25:37.412,2.3982,2.3985,4.80,2.80
2007.05.25 01:25:37.509,2.3982,2.3985,4.80,3.60
2007.05.25 01:25:37.531,2.3982,2.3985,4.80,4.40
2007.05.25 01:25:37.671,2.3982,2.3985,0.80,4.40
2007.05.25 01:25:37.732,2.3981,2.3985,7.50,4.40
2007.05.25 01:25:38.612,2.3981,2.3985,9.90,4.40
2007.05.25 01:25:38.664,2.3981,2.3985,9.90,3.60
2007.05.25 01:25:38.730,2.3982,2.3985,4.00,2.80
2007.05.25 01:25:38.739,2.3982,2.3985,4.00,2.00
2007.05.25 01:25:38.795,2.3982,2.39855,6.00,4.00
2007.05.25 01:25:39.002,2.3982,2.3986,6.00,2.40
2007.05.25 01:25:40.257,2.3982,2.3986,2.00,2.40
2007.05.25 01:25:40.289,2.3981,2.3985,12.30,2.00
2007.05.25 01:25:40.521,2.3981,2.3985,8.30,2.00
2007.05.25 01:25:40.640,2.3981,2.3985,7.50,2.00
2007.05.25 01:25:43.312,2.3981,2.3983,4.80,2.00
2007.05.25 01:25:43.511,2.3981,2.3983,4.80,2.80
2007.05.25 01:25:43.527,2.3981,2.3983,4.80,3.60
2007.05.25 01:25:43.571,2.3981,2.3983,4.80,4.40
2007.05.25 01:25:43.584,2.3981,2.3983,4.00,4.40
2007.05.25 01:25:43.820,2.3979,2.3983,7.50,4.40
2007.05.25 01:25:44.440,2.3979,2.3983,8.30,4.40
2007.05.25 01:25:44.616,2.3979,2.3983,12.30,4.40
2007.05.25 01:25:45.179,2.398,2.3983,2.40,4.40
2007.05.25 01:25:45.264,2.398,2.3983,6.40,3.60
2007.05.25 01:25:45.385,2.398,2.3983,6.40,2.80
2007.05.25 01:25:45.602,2.398,2.3983,6.40,2.00
2007.05.25 01:25:45.706,2.3982,2.3983,4.00,2.00
2007.05.25 01:25:45.806,2.3982,2.39845,4.00,4.00
2007.05.25 01:25:46.013,2.3982,2.39845,6.00,4.00
2007.05.25 01:25:46.395,2.3982,2.3985,6.00,2.40
2007.05.25 01:25:46.701,2.3982,2.3985,4.00,2.40
2007.05.25 01:25:46.705,2.3981,2.3985,8.80,2.40
2007.05.25 01:25:47.232,2.3981,2.3985,4.80,2.40
2007.05.25 01:25:47.266,2.3981,2.3985,10.30,2.40
2007.05.25 01:25:47.361,2.3981,2.3985,12.30,4.40
2007.05.25 01:25:47.440,2.3981,2.3985,12.30,5.20
2007.05.25 01:25:47.626,2.3981,2.3985,12.30,6.00
2007.05.25 01:25:47.640,2.3981,2.3985,12.30,6.80
2007.05.25 01:25:47.958,2.3981,2.3985,12.30,0.60
2007.05.25 01:25:47.969,2.3981,2.3985,7.50,0.70
2007.05.25 01:25:48.246,2.3981,2.3985,7.50,6.80
2007.05.25 01:25:48.425,2.3981,2.3985,7.50,6.80
2007.05.25 01:25:48.445,2.3981,2.3984,7.50,0.90
2007.05.25 01:25:50.354,2.3981,2.3984,7.50,0.60
2007.05.25 01:25:50.468,2.3981,2.3985,7.50,2.80
2007.05.25 01:25:50.485,2.3981,2.3985,7.50,0.50
2007.05.25 01:25:50.771,2.3982,2.39855,2.00,0.90
2007.05.25 01:25:50.780,2.3982,2.3986,6.00,17.20
2007.05.25 01:25:51.033,2.3982,2.3986,6.00,0.80
2007.05.25 01:25:51.660,2.3983,2.3986,2.00,0.60
2007.05.25 01:25:51.700,2.3983,2.3986,2.00,0.90
2007.05.25 01:25:51.745,2.3983,2.3986,2.00,0.90
2007.05.25 01:25:51.913,2.3983,2.3987,7.50,0.80
2007.05.25 01:25:52.008,2.3983,2.39875,7.50,7.60
2007.05.25 01:25:52.111,2.3983,2.3987,7.50,0.90
2007.05.25 01:25:52.185,2.3983,2.39875,7.50,11.60
2007.05.25 01:25:52.219,2.3983,2.39875,7.50,14.00
2007.05.25 01:25:52.315,2.3982,2.3985,4.80,0.90
2007.05.25 01:25:52.384,2.3982,2.3985,4.00,0.60
2007.05.25 01:25:52.514,2.3981,2.39855,7.50,6.00
2007.05.25 01:25:53.231,2.3982,2.3985,4.00,0.90
2007.05.25 01:25:53.292,2.3982,2.3986,6.00,9.60
2007.05.25 01:25:53.531,2.3982,2.39865,6.00,8.00
2007.05.25 01:25:53.601,2.3982,2.39865,6.00,0.90
2007.05.25 01:25:54.162,2.3982,2.3987,8.40,20.30
2007.05.25 01:25:54.214,2.3983,2.39865,7.50,0.80
2007.05.25 01:25:55.054,2.3983,2.3987,7.50,0.90
2007.05.25 01:25:55.149,2.3983,2.3987,7.50,0.50
2007.05.25 01:25:55.746,2.3983,2.3987,5.50,4.40
2007.05.25 01:25:56.314,2.3981,2.39855,7.50,6.00
2007.05.25 01:25:56.396,2.3982,2.39855,5.50,6.00
2007.05.25 01:25:56.515,2.3982,2.3986,7.50,10.00
2007.05.25 01:25:56.720,2.3982,2.39855,11.50,0.60
2007.05.25 01:25:56.833,2.3982,2.39855,12.30,0.80
2007.05.25 01:25:56.869,2.3982,2.39865,12.30,0.50
2007.05.25 01:26:02.170,2.3982,2.3986,11.50,0.80
2007.05.25 01:26:02.253,2.3982,2.3986,11.50,8.00
2007.05.25 01:26:02.323,2.3982,2.3986,7.50,10.00
2007.05.25 01:26:02.742,2.3982,2.3986,11.50,8.80
2007.05.25 01:26:02.909,2.3982,2.3987,12.30,12.00
2007.05.25 01:26:02.953,2.3982,2.3987,12.30,9.60
2007.05.25 01:26:03.265,2.3982,2.3987,8.30,12.80
2007.05.25 01:26:03.281,2.3982,2.3987,8.30,12.80
2007.05.25 01:26:03.471,2.3982,2.3985,7.50,0.80
2007.05.25 01:26:03.525,2.3982,2.39855,7.50,5.60
2007.05.25 01:26:03.561,2.3982,2.39855,7.50,6.40
2007.05.25 01:26:08.071,2.3982,2.3986,8.30,4.40
2007.05.25 01:26:08.178,2.3982,2.3985,12.30,0.80
2007.05.25 01:26:08.284,2.3982,2.3985,12.30,0.60
2007.05.25 01:26:08.329,2.3982,2.39865,12.30,4.80
2007.05.25 01:26:08.400,2.3982,2.39865,12.30,0.80
2007.05.25 01:26:09.746,2.3984,2.3987,7.50,10.40
2007.05.25 01:26:09.845,2.3984,2.3987,7.50,0.70
2007.05.25 01:26:09.864,2.3984,2.39875,7.50,6.40
2007.05.25 01:26:12.467,2.3984,2.3986,7.50,0.80
2007.05.25 01:26:12.663,2.3984,2.3986,7.50,0.80
2007.05.25 01:26:12.732,2.3984,2.39875,7.50,6.40
2007.05.25 01:26:12.935,2.3984,2.39855,7.50,0.90
2007.05.25 01:26:13.008,2.3982,2.39855,7.50,0.50
2007.05.25 01:26:13.740,2.3982,2.3986,11.50,10.40
2007.05.25 01:26:14.253,2.3982,2.3986,7.50,10.40
2007.05.25 01:26:17.702,2.3984,2.3986,2.00,10.40
2007.05.25 01:26:17.822,2.3984,2.3986,7.50,10.40
2007.05.25 01:26:19.280,2.3984,2.3986,7.50,0.70
2007.05.25 01:26:21.136,2.3984,2.39875,2.00,6.40
2007.05.25 01:26:21.246,2.3983,2.3987,7.50,4.40
2007.05.25 01:26:21.454,2.3984,2.3987,5.50,4.40
2007.05.25 01:26:21.576,2.3984,2.39875,7.50,6.40
2007.05.25 01:26:24.281,2.3984,2.3986,7.50,0.80
2007.05.25 01:26:24.365,2.3984,2.3988,7.50,13.20
2007.05.25 01:26:24.691,2.3984,2.3989,7.50,18.80
2007.05.25 01:26:25.008,2.3984,2.3989,7.50,21.20
2007.05.25 01:26:25.928,2.3984,2.3989,7.50,16.40
2007.05.25 01:26:26.024,2.3984,2.3989,7.50,15.60
2007.05.25 01:26:26.036,2.3984,2.3989,2.80,8.80
2007.05.25 01:26:26.155,2.3984,2.3989,2.80,0.80
2007.05.25 01:26:26.399,2.3984,2.39895,6.80,8.00
2007.05.25 01:26:29.437,2.3984,2.39895,6.80,15.90
2007.05.25 01:26:30.455,2.3984,2.39895,6.80,16.70
2007.05.25 01:26:30.500,2.3984,2.39895,6.80,17.50
2007.05.25 01:26:30.587,2.3984,2.39895,6.80,18.30
2007.05.25 01:26:31.969,2.3984,2.3989,2.80,0.70
2007.05.25 01:26:34.039,2.3984,2.3989,6.80,0.50
2007.05.25 01:26:34.068,2.3984,2.39895,6.80,15.90
2007.05.25 01:26:34.089,2.3984,2.39895,6.80,11.90
2007.05.25 01:26:34.174,2.3985,2.3989,2.00,0.90
2007.05.25 01:26:38.874,2.3985,2.3989,2.00,0.60
2007.05.25 01:26:39.156,2.3985,2.39895,2.00,11.90
2007.05.25 01:26:42.857,2.3985,2.3989,2.80,2.40
2007.05.25 01:26:43.054,2.3985,2.3989,6.80,2.40
2007.05.25 01:26:43.227,2.3985,2.3989,2.80,2.40
2007.05.25 01:26:44.263,2.3985,2.3989,6.80,2.40
2007.05.25 01:26:45.411,2.3985,2.3989,10.00,2.40
2007.05.25 01:26:45.514,2.3985,2.3989,10.00,3.20
2007.05.25 01:26:47.261,2.3985,2.3989,10.00,2.40
2007.05.25 01:26:47.291,2.3985,2.3989,10.00,1.60
2007.05.25 01:26:47.318,2.3987,2.3989,2.00,0.80
2007.05.25 01:26:47.366,2.3987,2.399,2.00,8.00
2007.05.25 01:26:47.554,2.3987,2.399,2.00,8.80
2007.05.25 01:26:47.821,2.3987,2.399,2.00,4.80
2007.05.25 01:26:49.007,2.3987,2.399,2.00,2.40
2007.05.25 01:26:49.051,2.3987,2.399,9.90,2.40
2007.05.25 01:26:49.281,2.3989,2.399,2.00,2.40
2007.05.25 01:26:55.354,2.3988,2.399,4.00,2.40
2007.05.25 01:26:55.652,2.3987,2.399,6.00,2.40
2007.05.25 01:26:55.793,2.3987,2.399,2.00,2.40
2007.05.25 01:27:00.300,2.3987,2.399,2.00,0.50
2007.05.25 01:27:02.726,2.3987,2.399,2.00,0.60
2007.05.25 01:27:02.861,2.3986,2.399,0.80,0.90
2007.05.25 01:27:02.949,2.3986,2.399,0.80,19.50
2007.05.25 01:27:02.970,2.3986,2.3989,0.80,0.80
2007.05.25 01:27:03.034,2.3986,2.399,0.80,23.50
2007.05.25 01:27:03.065,2.3986,2.3988,0.80,0.80
2007.05.25 01:27:03.158,2.3986,2.3989,0.80,6.40
2007.05.25 01:27:03.237,2.3986,2.3989,0.80,8.80
2007.05.25 01:27:04.532,2.3985,2.39885,2.00,6.40
2007.05.25 01:27:04.630,2.3985,2.3988,2.00,0.80
2007.05.25 01:27:04.682,2.3985,2.3989,2.00,13.60
2007.05.25 01:27:04.976,2.3985,2.3989,4.40,14.40
2007.05.25 01:27:05.520,2.3985,2.3988,4.40,0.26
2007.05.25 01:27:08.249,2.3985,2.3988,5.20,0.26
2007.05.25 01:27:14.209,2.3986,2.3987,2.40,0.20
2007.05.25 01:27:14.223,2.3987,2.3988,2.00,0.06
2007.05.25 01:27:14.339,2.3987,2.399,2.00,6.46
2007.05.25 01:27:14.670,2.3987,2.399,4.40,6.46
2007.05.25 01:27:14.988,2.3987,2.399,2.00,6.46
2007.05.25 01:27:18.159,2.3986,2.3988,0.80,0.06
2007.05.25 01:27:26.237,2.3986,2.3988,3.20,0.06
2007.05.25 01:27:26.349,2.3986,2.3987,3.20,0.06
2007.05.25 01:27:26.615,2.3987,2.399,2.00,0.90
2007.05.25 01:27:26.744,2.3987,2.3989,2.00,4.06
2007.05.25 01:27:28.353,2.3987,2.399,2.00,4.00
2007.05.25 01:27:28.472,2.3987,2.3989,2.00,4.00
2007.05.25 01:27:29.516,2.3987,2.39905,2.00,4.00
2007.05.25 01:27:38.535,2.3987,2.3991,2.00,10.00
2007.05.25 01:27:38.600,2.3987,2.3991,2.00,6.00
2007.05.25 01:27:38.919,2.3987,2.3991,2.00,4.00
2007.05.25 01:27:39.043,2.3987,2.3992,2.80,16.30
2007.05.25 01:27:39.075,2.3987,2.3992,2.80,18.70
2007.05.25 01:27:39.703,2.3987,2.3992,3.60,16.30
2007.05.25 01:27:39.749,2.3987,2.3992,11.50,6.40
2007.05.25 01:27:39.820,2.39875,2.3992,3.90,2.40
2007.05.25 01:27:39.929,2.3988,2.3992,0.80,2.40
2007.05.25 01:27:40.170,2.3988,2.3992,0.80,10.30
2007.05.25 01:27:40.213,2.3988,2.3992,0.80,14.30
2007.05.25 01:27:40.316,2.3988,2.39915,0.80,4.00
2007.05.25 01:27:40.376,2.3987,2.39915,1.60,4.00
2007.05.25 01:27:40.566,2.3987,2.39915,0.80,4.00
2007.05.25 01:27:40.599,2.3987,2.3991,0.80,4.00
2007.05.25 01:27:42.162,2.3987,2.3991,0.80,6.40
2007.05.25 01:27:42.267,2.3986,2.3991,6.30,6.40
2007.05.25 01:27:42.362,2.3986,2.399,6.30,4.00
2007.05.25 01:27:42.405,2.3986,2.399,6.30,8.00
2007.05.25 01:27:42.577,2.3986,2.399,5.50,8.00
2007.05.25 01:27:43.631,2.3986,2.399,5.50,4.00
2007.05.25 01:27:43.696,2.3986,2.399,6.30,4.00
2007.05.25 01:27:47.152,2.3986,2.39905,6.30,4.00
2007.05.25 01:27:47.162,2.3986,2.3991,10.20,16.00
2007.05.25 01:27:47.218,2.3986,2.3991,12.20,8.00
2007.05.25 01:27:48.077,2.3986,2.399,12.20,2.40
2007.05.25 01:27:48.128,2.3986,2.399,6.70,10.30
2007.05.25 01:27:48.227,2.3986,2.399,2.80,10.30
2007.05.25 01:27:57.695,2.3986,2.399,3.60,7.90
2007.05.25 01:27:57.743,2.3986,2.39905,3.60,4.00
2007.05.25 01:27:57.851,2.3987,2.39905,0.80,4.00
2007.05.25 01:27:57.895,2.3987,2.3991,0.80,7.90
2007.05.25 01:27:58.839,2.3986,2.3991,4.70,11.90
2007.05.25 01:27:58.895,2.3986,2.39905,0.80,4.00
2007.05.25 01:28:00.836,2.3986,2.39905,6.30,4.00
2007.05.25 01:28:00.903,2.3986,2.3991,10.20,10.40
2007.05.25 01:28:00.954,2.3986,2.3991,11.00,6.40
2007.05.25 01:28:01.127,2.3986,2.3991,11.00,9.60
2007.05.25 01:28:01.163,2.3986,2.39895,7.10,4.00
2007.05.25 01:28:01.208,2.3986,2.39895,6.30,4.00
2007.05.25 01:28:01.322,2.3986,2.39895,0.80,4.00
2007.05.25 01:28:01.407,2.3986,2.3989,0.80,4.00
2007.05.25 01:28:01.537,2.3984,2.3989,11.00,4.00
2007.05.25 01:28:04.681,2.3984,2.39895,11.00,4.00
2007.05.25 01:28:04.738,2.3984,2.39895,13.00,4.00
2007.05.25 01:28:06.530,2.3986,2.39895,5.50,4.00
2007.05.25 01:28:08.289,2.3986,2.399,5.50,14.40
2007.05.25 01:28:08.467,2.3986,2.399,5.50,10.40
2007.05.25 01:28:08.771,2.3986,2.399,6.30,6.40
2007.05.25 01:28:08.852,2.3986,2.399,7.10,6.40
2007.05.25 01:28:09.033,2.3986,2.399,7.10,2.40
2007.05.25 01:28:09.149,2.3986,2.399,9.10,2.40
2007.05.25 01:28:09.265,2.3987,2.399,0.80,2.40
2007.05.25 01:28:12.156,2.3987,2.3989,0.80,0.80
2007.05.25 01:28:12.165,2.3987,2.3989,0.80,1.60
2007.05.25 01:28:12.352,2.3987,2.3989,0.80,2.40
2007.05.25 01:28:12.380,2.3986,2.3989,7.50,2.40
2007.05.25 01:28:12.390,2.3986,2.3989,3.60,2.40
2007.05.25 01:28:12.709,2.3986,2.3989,3.60,1.60
2007.05.25 01:28:12.859,2.3986,2.399,3.60,4.00
2007.05.25 01:28:13.071,2.3986,2.399,3.60,4.80
2007.05.25 01:28:13.180,2.3986,2.399,3.60,2.40
2007.05.25 01:28:13.237,2.3986,2.399,9.10,2.40
2007.05.25 01:28:13.308,2.3987,2.399,2.00,1.60
2007.05.25 01:28:13.369,2.3987,2.399,2.00,0.80
2007.05.25 01:28:13.405,2.3987,2.3992,5.90,19.90
2007.05.25 01:28:13.424,2.3987,2.3992,6.70,15.90
2007.05.25 01:28:13.465,2.3987,2.3992,6.70,16.70
2007.05.25 01:28:13.710,2.3989,2.3992,2.00,16.70
2007.05.25 01:28:13.863,2.3989,2.3992,2.00,8.80
2007.05.25 01:28:13.898,2.3989,2.3992,2.00,4.80
2007.05.25 01:28:14.607,2.3989,2.3992,2.00,2.40
2007.05.25 01:28:14.656,2.3989,2.3992,2.00,10.30
2007.05.25 01:28:14.956,2.3988,2.3992,6.70,10.30
2007.05.25 01:28:15.933,2.3988,2.3992,2.80,10.30
2007.05.25 01:28:16.241,2.3988,2.3992,2.80,12.70
2007.05.25 01:28:16.316,2.3988,2.3992,0.80,12.70
2007.05.25 01:28:16.644,2.3988,2.3992,0.80,10.30
2007.05.25 01:28:16.731,2.3988,2.3992,6.30,2.40
2007.05.25 01:28:16.958,2.3988,2.3992,6.30,6.40
2007.05.25 01:28:18.785,2.3989,2.3992,0.80,6.40
2007.05.25 01:28:18.873,2.3989,2.3992,0.80,5.60
2007.05.25 01:28:18.913,2.3989,2.3992,0.80,4.80
2007.05.25 01:28:19.041,2.3989,2.3993,0.80,4.00
2007.05.25 01:28:19.714,2.3989,2.3993,0.80,9.50
2007.05.25 01:28:19.724,2.3988,2.3993,1.60,9.50
2007.05.25 01:28:19.830,2.3988,2.3993,1.60,13.50
2007.05.25 01:28:20.732,2.3988,2.3993,0.80,13.50
2007.05.25 01:28:20.953,2.3988,2.3993,1.60,9.50
2007.05.25 01:28:22.539,2.3988,2.3993,0.80,9.50
2007.05.25 01:28:22.647,2.3988,2.3993,0.80,10.30
2007.05.25 01:28:23.181,2.3988,2.3992,0.80,2.40
2007.05.25 01:28:23.276,2.3988,2.3991,0.80,0.80
2007.05.25 01:28:23.839,2.3987,2.3991,6.70,0.80
2007.05.25 01:28:24.696,2.3987,2.3991,6.70,3.20
2007.05.25 01:28:24.775,2.3987,2.3991,6.70,5.20
2007.05.25 01:28:25.112,2.3987,2.3991,2.80,5.20
2007.05.25 01:28:25.277,2.3987,2.3991,2.80,10.70
2007.05.25 01:28:25.999,2.3987,2.3991,2.00,10.70
2007.05.25 01:28:26.535,2.3987,2.3991,0.70,10.70
2007.05.25 01:28:28.697,2.3987,2.3989,0.60,0.80
2007.05.25 01:28:28.853,2.3985,2.3989,9.90,0.80
2007.05.25 01:28:28.939,2.3985,2.3989,9.90,0.80
2007.05.25 01:28:30.776,2.3985,2.3989,3.20,0.80
2007.05.25 01:28:31.357,2.3987,2.3989,1.00,0.80
2007.05.25 01:28:31.371,2.3986,2.39905,2.80,4.00
2007.05.25 01:28:31.459,2.3986,2.3991,6.70,14.70
2007.05.25 01:28:32.193,2.3987,2.3991,0.60,12.30
2007.05.25 01:28:32.354,2.3987,2.3991,1.20,10.30
2007.05.25 01:28:32.814,2.3986,2.3991,6.70,6.30
2007.05.25 01:28:32.874,2.3986,2.3991,12.20,0.80
2007.05.25 01:28:32.987,2.3986,2.3991,12.20,0.80
2007.05.25 01:28:33.273,2.39865,2.3991,5.90,0.80
2007.05.25 01:28:33.484,2.39865,2.3991,6.70,0.80
2007.05.25 01:28:34.265,2.3986,2.3991,17.80,0.80
2007.05.25 01:28:35.448,2.3986,2.3992,17.80,10.30
2007.05.25 01:28:47.693,2.3986,2.399,17.80,2.40
2007.05.25 01:28:47.898,2.3987,2.399,2.50,2.40
2007.05.25 01:28:47.993,2.3986,2.399,12.20,2.40
2007.05.25 01:28:48.713,2.3987,2.3991,1.40,6.00
2007.05.25 01:28:48.798,2.3986,2.3991,14.60,4.00
2007.05.25 01:28:48.831,2.3987,2.39915,0.60,4.00
2007.05.25 01:28:48.880,2.3986,2.39915,17.80,4.00
2007.05.25 01:28:49.021,2.3986,2.3992,17.80,10.30
2007.05.25 01:28:50.683,2.3986,2.399,17.80,2.40
2007.05.25 01:28:50.794,2.3986,2.399,15.40,2.40
2007.05.25 01:28:50.880,2.3987,2.399,1.40,2.40
2007.05.25 01:28:51.766,2.3986,2.3991,12.20,6.00
2007.05.25 01:28:51.803,2.3987,2.3991,0.50,4.00
2007.05.25 01:28:52.080,2.3987,2.3991,2.80,4.00
2007.05.25 01:28:52.391,2.3987,2.3991,2.10,4.00
2007.05.25 01:28:52.458,2.3986,2.3992,18.60,10.30
2007.05.25 01:28:55.144,2.3987,2.39915,1.00,4.00
2007.05.25 01:28:55.180,2.3986,2.39915,15.40,4.00
2007.05.25 01:28:55.193,2.3986,2.399,14.60,2.40
2007.05.25 01:28:58.679,2.3987,2.3991,2.00,2.00
2007.05.25 01:28:58.792,2.3986,2.39915,11.80,4.00
2007.05.25 01:28:58.909,2.3989,2.39915,2.00,4.00
2007.05.25 01:28:58.968,2.3989,2.3992,2.00,10.30
2007.05.25 01:28:59.293,2.3989,2.3992,2.00,4.80
2007.05.25 01:29:01.185,2.3989,2.3992,2.00,4.00
2007.05.25 01:29:01.217,2.3989,2.3992,2.00,3.20
2007.05.25 01:29:01.231,2.3989,2.3992,2.00,2.40
2007.05.25 01:29:06.068,2.3989,2.3992,5.90,2.40
2007.05.25 01:29:06.167,2.3989,2.3992,6.70,2.40
2007.05.25 01:29:06.254,2.3989,2.3993,6.70,2.00
2007.05.25 01:29:06.283,2.3989,2.3994,6.70,10.30
2007.05.25 01:29:07.802,2.3991,2.3994,2.00,4.80
2007.05.25 01:29:09.725,2.3991,2.3994,2.00,2.40
2007.05.25 01:29:10.225,2.3991,2.3994,2.00,4.80
2007.05.25 01:29:12.186,2.3991,2.3994,2.00,2.40
2007.05.25 01:29:12.400,2.3991,2.3994,2.80,2.40
2007.05.25 01:29:12.468,2.3991,2.3994,6.70,2.40
2007.05.25 01:29:15.248,2.3991,2.3994,6.70,4.80
2007.05.25 01:29:15.596,2.3991,2.3994,5.90,4.80
2007.05.25 01:29:15.735,2.3991,2.3994,2.00,4.80
2007.05.25 01:29:16.011,2.3991,2.3994,2.00,0.90
2007.05.25 01:29:18.209,2.3991,2.3994,2.00,0.70
2007.05.25 01:29:19.220,2.3991,2.3995,2.00,6.80
2007.05.25 01:29:20.121,2.3991,2.3995,2.00,8.40
2007.05.25 01:29:20.572,2.3991,2.3995,5.90,8.40
2007.05.25 01:29:20.611,2.3991,2.3995,6.70,6.40
2007.05.25 01:29:20.822,2.3991,2.3995,6.70,5.60
2007.05.25 01:29:20.841,2.3991,2.3996,6.70,8.70
2007.05.25 01:29:20.964,2.3991,2.3996,6.70,8.70
2007.05.25 01:29:21.048,2.3991,2.3996,6.70,9.50
2007.05.25 01:29:21.187,2.3991,2.3995,6.70,0.50
2007.05.25 01:29:21.263,2.3991,2.3995,6.70,0.80
2007.05.25 01:29:21.426,2.3991,2.3996,6.70,8.70
2007.05.25 01:29:21.581,2.3993,2.39965,2.00,6.40
2007.05.25 01:29:21.676,2.3993,2.3994,2.00,0.70
2007.05.25 01:29:21.839,2.3992,2.3995,5.50,6.80
2007.05.25 01:29:22.254,2.3992,2.3996,5.50,4.40
2007.05.25 01:29:22.428,2.3993,2.3996,2.00,0.70
2007.05.25 01:29:22.723,2.3992,2.3997,10.20,10.80
2007.05.25 01:29:23.219,2.3992,2.39975,10.20,8.40
2007.05.25 01:29:23.232,2.3992,2.3997,10.20,0.70
2007.05.25 01:29:23.313,2.3992,2.3997,10.20,0.90
2007.05.25 01:29:23.369,2.3992,2.39975,4.70,10.40
2007.05.25 01:29:23.440,2.3992,2.39975,4.70,6.40
2007.05.25 01:29:23.512,2.3992,2.39975,4.70,5.60
2007.05.25 01:29:23.658,2.3992,2.3997,4.70,0.80
2007.05.25 01:29:23.709,2.3992,2.39975,4.70,0.90
2007.05.25 01:29:23.836,2.3992,2.3997,4.70,0.80
2007.05.25 01:29:23.917,2.3992,2.39975,4.70,5.60
2007.05.25 01:29:24.069,2.3992,2.3997,4.70,0.80
2007.05.25 01:29:24.225,2.3992,2.39975,4.70,0.60
2007.05.25 01:29:24.682,2.3993,2.39975,2.00,0.80
2007.05.25 01:29:24.986,2.3993,2.3998,2.00,17.50
2007.05.25 01:29:25.677,2.3992,2.3998,12.30,15.90
2007.05.25 01:29:25.754,2.3993,2.3998,4.00,15.90
2007.05.25 01:29:26.705,2.3993,2.3998,4.00,0.50
2007.05.25 01:29:26.717,2.3993,2.3999,4.80,14.40
2007.05.25 01:29:27.179,2.3993,2.3999,0.80,19.20
2007.05.25 01:29:27.267,2.3994,2.3999,3.90,19.20
2007.05.25 01:29:27.284,2.3994,2.3999,6.70,25.10
2007.05.25 01:29:27.470,2.3994,2.3998,5.90,0.70
2007.05.25 01:29:27.528,2.3994,2.3999,2.00,29.10
2007.05.25 01:29:27.801,2.3994,2.3998,8.30,0.50
2007.05.25 01:29:28.010,2.3994,2.3999,12.20,17.20
2007.05.25 01:29:28.500,2.3994,2.3999,14.60,16.40
2007.05.25 01:29:28.502,2.3994,2.3999,17.00,15.60
2007.05.25 01:29:28.560,2.3994,2.3998,19.40,0.70
2007.05.25 01:29:28.712,2.3994,2.3999,23.40,0.90
2007.05.25 01:29:28.832,2.3994,2.4,23.40,22.00
2007.05.25 01:29:28.841,2.3996,2.3999,5.50,0.80
2007.05.25 01:29:29.007,2.3996,2.3999,6.30,0.80
2007.05.25 01:29:29.046,2.3996,2.4001,10.20,15.20
2007.05.25 01:29:30.254,2.3996,2.4001,14.20,9.60
2007.05.25 01:29:30.311,2.3996,2.4,14.20,0.80
2007.05.25 01:29:30.370,2.3996,2.4002,14.20,22.30
2007.05.25 01:29:30.466,2.3996,2.4001,16.60,0.70
2007.05.25 01:29:30.502,2.3997,2.4003,0.80,18.30
2007.05.25 01:29:30.635,2.3997,2.4002,4.70,6.40
2007.05.25 01:29:31.337,2.3997,2.40015,0.80,6.40
2007.05.25 01:29:31.553,2.39965,2.40015,3.90,6.40
2007.05.25 01:29:31.574,2.3996,2.4001,7.10,0.70
2007.05.25 01:29:31.954,2.3996,2.4001,7.10,2.40
2007.05.25 01:29:32.082,2.3996,2.4001,7.10,2.40
2007.05.25 01:29:32.165,2.3996,2.4,6.30,0.50
2007.05.25 01:29:32.205,2.3996,2.39995,2.40,0.50
2007.05.25 01:29:32.572,2.3996,2.3999,2.40,0.90
2007.05.25 01:29:32.843,2.3996,2.40005,2.40,6.40
2007.05.25 01:29:32.984,2.3996,2.3999,2.40,0.80
2007.05.25 01:29:32.993,2.3996,2.4,2.40,2.40
2007.05.25 01:29:33.080,2.3996,2.3999,2.40,0.70
2007.05.25 01:29:33.326,2.3995,2.40005,12.60,6.40
2007.05.25 01:29:33.413,2.3995,2.40005,4.70,6.40
2007.05.25 01:29:35.926,2.39955,2.4001,3.90,20.70
2007.05.25 01:29:35.989,2.3996,2.4,2.80,7.90
2007.05.25 01:29:36.642,2.3996,2.3999,2.80,0.80
2007.05.25 01:29:36.685,2.3996,2.4,2.80,6.30
2007.05.25 01:29:36.841,2.3996,2.4,2.00,6.30
2007.05.25 01:29:36.923,2.3996,2.40005,2.00,9.50
2007.05.25 01:29:37.150,2.3996,2.4,2.80,0.70
2007.05.25 01:29:37.947,2.3996,2.39995,2.80,0.90
2007.05.25 01:29:38.153,2.3996,2.39995,2.80,4.80
2007.05.25 01:29:38.195,2.3996,2.3998,2.80,0.80
2007.05.25 01:29:38.261,2.3996,2.3998,2.80,0.50
2007.05.25 01:29:38.422,2.3996,2.4,6.00,7.90
2007.05.25 01:29:38.901,2.3996,2.3999,2.00,4.80
2007.05.25 01:29:43.643,2.3995,2.3998,4.00,0.80
2007.05.25 01:29:43.768,2.3995,2.3999,4.00,12.60
2007.05.25 01:29:43.971,2.3994,2.3998,6.00,0.50
2007.05.25 01:29:44.237,2.3994,2.3998,6.00,0.80
2007.05.25 01:29:44.272,2.39935,2.3998,3.90,0.90
2007.05.25 01:29:44.377,2.39935,2.3996,3.90,0.60
2007.05.25 01:29:44.378,2.3993,2.3996,4.00,0.60
2007.05.25 01:29:44.462,2.39925,2.3997,3.90,7.80
2007.05.25 01:29:44.542,2.3992,2.3996,6.00,0.60
2007.05.25 01:29:44.761,2.3993,2.3997,2.40,14.20
2007.05.25 01:29:44.820,2.3993,2.3998,6.40,18.70
2007.05.25 01:29:44.841,2.3993,2.3998,6.40,18.70
2007.05.25 01:29:45.082,2.3993,2.3998,6.40,18.70
2007.05.25 01:29:45.209,2.3993,2.3997,2.40,6.40
2007.05.25 01:29:45.254,2.3992,2.3997,14.00,6.40
2007.05.25 01:29:45.302,2.3992,2.3996,14.00,5.50
2007.05.25 01:29:45.389,2.3992,2.3996,10.00,5.50
2007.05.25 01:29:45.401,2.3992,2.3996,6.00,5.50
2007.05.25 01:29:45.505,2.3992,2.3996,2.00,5.50
2007.05.25 01:29:45.606,2.3992,2.3996,2.00,9.50
2007.05.25 01:29:46.861,2.3992,2.3996,2.00,5.50
2007.05.25 01:29:47.120,2.3992,2.3996,2.00,9.50
2007.05.25 01:29:47.369,2.3994,2.3996,2.00,4.00
2007.05.25 01:29:47.623,2.3994,2.3997,2.00,7.20
2007.05.25 01:29:47.655,2.3994,2.3997,2.00,6.40
2007.05.25 01:29:48.066,2.3994,2.3996,2.00,0.80
2007.05.25 01:29:48.116,2.3994,2.3996,2.00,1.60
2007.05.25 01:29:48.199,2.3994,2.3996,2.00,2.40
2007.05.25 01:29:56.447,2.3994,2.3996,2.00,1.60
2007.05.25 01:29:56.520,2.3994,2.3996,2.00,0.80
2007.05.25 01:29:56.578,2.3994,2.3997,2.00,4.00
2007.05.25 01:29:56.792,2.3994,2.3998,2.00,17.90
2007.05.25 01:29:56.875,2.3994,2.3998,7.50,10.00
2007.05.25 01:29:56.984,2.3994,2.3998,7.50,8.00
2007.05.25 01:29:57.026,2.3994,2.3998,7.50,4.00
2007.05.25 01:29:57.066,2.3994,2.3998,11.50,4.00
2007.05.25 01:29:57.111,2.3994,2.3997,11.50,0.80
2007.05.25 01:29:57.175,2.3994,2.3996,11.50,0.80
2007.05.25 01:29:57.296,2.3994,2.3996,11.50,1.60
2007.05.25 01:29:57.418,2.3994,2.3996,11.50,2.40
2007.05.25 01:29:57.464,2.3994,2.3996,7.50,2.40
2007.05.25 01:29:57.887,2.3994,2.3996,2.00,2.40
2007.05.25 01:29:58.431,2.3994,2.3996,7.50,2.40
2007.05.25 01:30:04.386,2.3994,2.3996,7.50,1.60
2007.05.25 01:30:04.424,2.3994,2.3996,7.50,0.80
2007.05.25 01:30:04.476,2.3994,2.3997,7.50,4.00
2007.05.25 01:30:04.683,2.3994,2.3998,7.50,10.00
2007.05.25 01:30:04.698,2.3994,2.3998,7.50,10.80
2007.05.25 01:30:04.804,2.3994,2.3998,7.50,8.40
2007.05.25 01:30:04.979,2.3994,2.3998,2.00,2.80
2007.05.25 01:30:04.992,2.3994,2.3998,2.00,2.00
2007.05.25 01:30:05.076,2.3994,2.39985,6.00,4.00
2007.05.25 01:30:05.396,2.3994,2.39995,9.90,4.00
2007.05.25 01:30:05.820,2.3995,2.39995,4.00,4.00
2007.05.25 01:30:06.008,2.3995,2.4,4.00,18.70
2007.05.25 01:30:06.406,2.39945,2.4,3.90,19.50
2007.05.25 01:30:06.418,2.3994,2.39995,9.90,4.00
2007.05.25 01:30:08.268,2.3994,2.3999,9.90,7.90
2007.05.25 01:30:10.114,2.3994,2.3999,6.70,7.90
2007.05.25 01:30:11.810,2.3994,2.39995,14.60,4.00
2007.05.25 01:30:11.844,2.39945,2.4,3.90,12.00
2007.05.25 01:30:11.872,2.39945,2.4,3.90,15.20
2007.05.25 01:30:11.912,2.3995,2.4,0.80,12.00
2007.05.25 01:30:12.030,2.3995,2.4,0.80,19.90
2007.05.25 01:30:12.134,2.3994,2.39995,12.20,4.00
2007.05.25 01:30:13.238,2.3994,2.3999,12.20,2.00
2007.05.25 01:30:13.244,2.3994,2.3999,12.20,6.00
2007.05.25 01:30:13.340,2.3994,2.3998,12.20,2.40
2007.05.25 01:30:13.355,2.3994,2.3998,6.70,7.90
2007.05.25 01:30:13.583,2.3994,2.3998,2.80,7.90
2007.05.25 01:30:14.890,2.3994,2.3998,2.80,9.50
2007.05.25 01:30:15.041,2.3994,2.3998,2.00,11.50
2007.05.25 01:30:15.113,2.3994,2.3998,2.00,15.50
2007.05.25 01:30:15.402,2.3994,2.3997,2.00,6.40
2007.05.25 01:30:15.533,2.3993,2.3996,2.80,5.50
2007.05.25 01:30:15.639,2.3993,2.3996,2.00,5.50
2007.05.25 01:30:16.988,2.3994,2.39975,2.00,4.00
2007.05.25 01:30:17.248,2.3994,2.3998,2.00,0.60
2007.05.25 01:30:17.308,2.3994,2.3998,2.00,0.60
2007.05.25 01:30:19.759,2.3993,2.3998,4.70,0.50
2007.05.25 01:30:19.798,2.3993,2.3998,4.70,15.90
2007.05.25 01:30:19.970,2.3993,2.39975,0.80,8.00
2007.05.25 01:30:19.993,2.3992,2.3997,6.70,0.60
2007.05.25 01:30:20.204,2.3992,2.3996,6.70,6.40
2007.05.25 01:30:20.325,2.3992,2.3996,6.70,10.40
2007.05.25 01:30:20.341,2.3992,2.3994,4.70,0.70
2007.05.25 01:30:20.450,2.3992,2.3995,3.90,0.90
2007.05.25 01:30:20.486,2.3991,2.3995,2.00,0.90
2007.05.25 01:30:20.519,2.3992,2.3996,2.00,13.50
2007.05.25 01:30:20.613,2.3992,2.39955,2.80,0.60
2007.05.25 01:30:20.740,2.3992,2.39965,2.80,9.50
2007.05.25 01:30:20.942,2.3992,2.39965,2.80,11.90
2007.05.25 01:30:21.655,2.3992,2.39965,2.80,9.50
2007.05.25 01:30:21.866,2.3992,2.3997,12.30,8.00
2007.05.25 01:30:21.976,2.3992,2.39965,16.30,0.90
2007.05.25 01:30:22.372,2.3993,2.39965,2.40,0.60
2007.05.25 01:30:22.602,2.3994,2.39965,7.50,0.50
2007.05.25 01:30:22.787,2.3994,2.4,8.30,0.50
2007.05.25 01:30:22.853,2.3994,2.39995,12.20,0.70
2007.05.25 01:30:24.632,2.3994,2.39995,12.20,6.00
2007.05.25 01:30:24.726,2.3994,2.3999,12.20,0.80
2007.05.25 01:30:24.771,2.3994,2.3998,6.70,0.70
2007.05.25 01:30:24.832,2.3994,2.3999,6.70,16.20
2007.05.25 01:30:25.067,2.3994,2.3998,2.80,0.80
2007.05.25 01:30:25.464,2.3994,2.39985,6.00,11.90
2007.05.25 01:30:26.224,2.3994,2.3998,4.00,0.50
2007.05.25 01:30:26.263,2.3994,2.39985,4.00,13.50
2007.05.25 01:30:26.338,2.3994,2.3998,4.00,0.70
2007.05.25 01:30:27.081,2.3994,2.39985,4.00,18.30
2007.05.25 01:30:27.762,2.39935,2.39985,3.90,18.30
2007.05.25 01:30:27.884,2.3993,2.39975,4.00,0.80
2007.05.25 01:30:28.915,2.3993,2.3998,4.00,0.80
2007.05.25 01:30:28.942,2.3993,2.3999,4.00,26.70
2007.05.25 01:30:29.078,2.3993,2.3998,4.00,0.70
2007.05.25 01:30:29.450,2.3993,2.3998,4.00,8.00
2007.05.25 01:30:29.636,2.3993,2.39985,7.90,8.00
2007.05.25 01:30:31.067,2.3994,2.3998,4.00,0.50
2007.05.25 01:30:31.185,2.3994,2.3998,7.90,0.60
2007.05.25 01:30:31.949,2.3994,2.3998,4.00,0.90
2007.05.25 01:30:32.008,2.3993,2.39985,7.90,8.00
2007.05.25 01:30:38.493,2.3993,2.3997,7.90,0.80
2007.05.25 01:30:38.574,2.3993,2.3997,7.90,0.80
2007.05.25 01:30:38.661,2.3993,2.3998,3.90,7.20
2007.05.25 01:30:38.844,2.3992,2.3998,13.90,11.20
2007.05.25 01:30:38.953,2.3992,2.3998,11.50,19.10
2007.05.25 01:30:39.191,2.3992,2.3998,11.50,21.10
2007.05.25 01:30:39.212,2.3992,2.3998,11.50,25.10
2007.05.25 01:30:39.320,2.3992,2.3997,6.00,20.20
2007.05.25 01:30:39.334,2.3992,2.3997,6.00,20.20
2007.05.25 01:30:39.487,2.3992,2.3996,2.00,0.60
2007.05.25 01:30:41.689,2.3993,2.3997,2.40,21.00
2007.05.25 01:30:41.788,2.3994,2.3997,2.00,7.20
2007.05.25 01:30:41.935,2.3994,2.3998,2.00,15.90
2007.05.25 01:30:41.965,2.3994,2.3998,2.00,11.90
2007.05.25 01:30:42.377,2.3994,2.3997,2.00,0.80
2007.05.25 01:30:42.679,2.3993,2.3998,2.40,15.10
2007.05.25 01:30:42.696,2.3992,2.3997,11.50,0.60
2007.05.25 01:30:43.189,2.3992,2.3997,11.50,0.80
2007.05.25 01:30:43.302,2.3993,2.3998,4.00,19.90
2007.05.25 01:30:43.391,2.3993,2.3998,7.90,15.10
2007.05.25 01:30:43.394,2.3993,2.39985,7.90,18.30
2007.05.25 01:30:44.107,2.3993,2.39985,3.90,22.30
2007.05.25 01:30:44.149,2.3992,2.3998,11.50,22.30
2007.05.25 01:30:44.301,2.3992,2.3997,11.50,0.70
2007.05.25 01:30:44.339,2.3992,2.3998,11.50,25.90
2007.05.25 01:30:44.410,2.3992,2.3996,2.00,0.70
2007.05.25 01:30:44.642,2.3992,2.3997,2.00,18.60
2007.05.25 01:30:46.340,2.3992,2.3996,7.50,4.00
2007.05.25 01:30:46.584,2.3992,2.3996,11.50,4.00
2007.05.25 01:30:46.740,2.3992,2.3997,11.50,10.00
2007.05.25 01:30:46.819,2.3992,2.3996,6.00,5.50
2007.05.25 01:30:46.937,2.3992,2.3996,2.00,5.50
2007.05.25 01:30:46.987,2.3992,2.3996,2.00,9.50
2007.05.25 01:30:51.894,2.3992,2.3996,11.50,4.00
2007.05.25 01:30:52.043,2.3992,2.3997,11.50,4.00
2007.05.25 01:30:52.810,2.39925,2.39975,3.90,4.00
2007.05.25 01:30:52.912,2.3993,2.39975,4.00,4.00
2007.05.25 01:30:53.092,2.3993,2.3998,7.90,4.00
2007.05.25 01:30:53.557,2.3993,2.3998,4.00,8.00
2007.05.25 01:30:55.593,2.3993,2.39975,4.00,4.00
2007.05.25 01:30:56.112,2.3993,2.3998,4.00,8.00
2007.05.25 01:30:56.605,2.3993,2.3999,4.00,16.80
2007.05.25 01:30:58.721,2.3994,2.3999,2.00,16.80
2007.05.25 01:30:58.756,2.3994,2.3998,2.00,0.90
2007.05.25 01:30:58.815,2.3994,2.3998,7.50,0.70
2007.05.25 01:30:58.932,2.3994,2.4,7.50,28.70
2007.05.25 01:30:58.949,2.3994,2.4,11.50,21.50
2007.05.25 01:31:00.516,2.3994,2.4,11.50,23.10
2007.05.25 01:31:00.544,2.3994,2.3998,2.00,0.60
2007.05.25 01:31:00.567,2.3994,2.3998,2.00,0.60
2007.05.25 01:31:01.447,2.3994,2.3999,7.50,7.20
2007.05.25 01:31:01.777,2.3994,2.3998,2.00,0.50
2007.05.25 01:31:04.271,2.3994,2.3999,7.50,7.20
2007.05.25 01:31:04.692,2.3994,2.3999,11.50,6.40
2007.05.25 01:31:04.762,2.3994,2.3999,11.50,0.90
2007.05.25 01:31:14.295,2.3994,2.3999,11.50,0.90
2007.05.25 01:31:14.337,2.3994,2.4,11.50,21.50
2007.05.25 01:31:14.340,2.3994,2.4,11.50,20.70
2007.05.25 01:31:14.780,2.3994,2.3998,11.50,0.70
2007.05.25 01:31:14.854,2.3994,2.3999,4.00,8.80
2007.05.25 01:31:15.053,2.39935,2.3999,3.90,9.60
2007.05.25 01:31:15.071,2.3993,2.3998,7.90,0.80
2007.05.25 01:31:15.154,2.3993,2.3998,7.90,0.60
2007.05.25 01:31:15.289,2.3993,2.39985,7.90,18.30
2007.05.25 01:31:15.485,2.3993,2.3998,7.90,15.10
2007.05.25 01:31:15.555,2.3993,2.3997,7.90,0.80
2007.05.25 01:31:15.569,2.3993,2.3997,7.90,0.70
2007.05.25 01:31:15.693,2.3993,2.3997,7.90,0.50
2007.05.25 01:31:15.768,2.3993,2.3996,7.90,0.60
2007.05.25 01:31:16.206,2.3993,2.3997,10.30,16.20
2007.05.25 01:31:16.459,2.3993,2.39985,10.30,12.70
2007.05.25 01:31:16.544,2.3993,2.39985,10.30,9.50
2007.05.25 01:31:16.708,2.3993,2.3998,7.90,0.80
2007.05.25 01:31:16.757,2.3993,2.39985,7.90,8.00
2007.05.25 01:31:17.212,2.3993,2.3998,7.90,0.60
2007.05.25 01:31:17.298,2.3994,2.3998,11.50,0.50
2007.05.25 01:31:17.769,2.3994,2.3999,6.00,21.00
2007.05.25 01:31:17.826,2.3994,2.3999,6.00,21.00
2007.05.25 01:31:17.897,2.3994,2.3999,2.00,29.80
2007.05.25 01:31:18.253,2.3994,2.3999,2.00,30.60
2007.05.25 01:31:18.433,2.3993,2.3998,4.00,0.80
2007.05.25 01:31:18.626,2.39925,2.3999,3.90,33.90
2007.05.25 01:31:18.675,2.3992,2.3998,11.50,19.10
2007.05.25 01:31:21.210,2.3993,2.3997,2.40,0.60
2007.05.25 01:31:21.283,2.3994,2.3998,7.50,4.80
2007.05.25 01:31:21.559,2.3995,2.4001,4.00,25.90
2007.05.25 01:31:21.598,2.3995,2.4,4.00,0.50
2007.05.25 01:31:21.658,2.3995,2.40005,7.90,20.70
2007.05.25 01:31:21.662,2.3995,2.4,7.90,18.70
2007.05.25 01:31:21.720,2.3995,2.3999,7.90,10.80
2007.05.25 01:31:21.811,2.3995,2.3998,7.90,0.60
2007.05.25 01:31:22.199,2.3995,2.3999,4.00,22.60
2007.05.25 01:31:22.546,2.3994,2.3998,6.00,0.80
2007.05.25 01:31:23.242,2.3994,2.3999,6.00,22.60
2007.05.25 01:31:23.640,2.3994,2.3999,6.00,25.00
2007.05.25 01:31:25.028,2.3994,2.3999,6.00,20.20
2007.05.25 01:31:25.045,2.3994,2.3998,9.90,0.70
2007.05.25 01:31:25.085,2.3994,2.39995,9.90,17.90
2007.05.25 01:31:25.180,2.3996,2.39995,2.00,15.10
2007.05.25 01:31:25.283,2.3996,2.39995,6.00,14.30
2007.05.25 01:31:25.352,2.3996,2.3999,6.00,9.50
2007.05.25 01:31:25.618,2.3996,2.3999,6.00,5.50
2007.05.25 01:31:26.208,2.3996,2.3999,2.00,5.50
2007.05.25 01:31:26.493,2.3996,2.4,2.00,10.00
2007.05.25 01:31:26.513,2.3996,2.4,4.40,10.00
2007.05.25 01:31:26.748,2.3997,2.4,2.00,8.00
2007.05.25 01:31:27.539,2.3997,2.4,2.00,4.00
2007.05.25 01:31:27.893,2.3997,2.4,5.90,4.00
2007.05.25 01:31:28.075,2.3997,2.4,9.90,4.00
2007.05.25 01:31:28.678,2.3997,2.4,6.00,4.00
2007.05.25 01:31:28.746,2.3997,2.4,4.00,4.00
2007.05.25 01:31:29.266,2.3997,2.4,4.00,6.00
2007.05.25 01:31:30.072,2.39965,2.4,3.90,6.00
2007.05.25 01:31:30.097,2.3996,2.4,2.00,6.00
2007.05.25 01:31:33.871,2.3996,2.4,6.00,6.00
2007.05.25 01:31:33.994,2.3996,2.4,9.90,6.00
2007.05.25 01:31:34.194,2.3996,2.4,6.00,6.00
2007.05.25 01:31:34.218,2.3996,2.4,2.00,6.00
2007.05.25 01:31:41.787,2.3996,2.4,6.00,6.00
2007.05.25 01:31:45.016,2.3996,2.4,6.00,13.90
2007.05.25 01:31:45.161,2.3996,2.4,6.00,16.30
2007.05.25 01:31:45.241,2.3995,2.4,7.90,16.30
2007.05.25 01:31:45.917,2.3995,2.39995,4.00,4.00
2007.05.25 01:31:45.929,2.3994,2.39995,9.90,4.00
2007.05.25 01:31:47.835,2.3995,2.39995,4.00,4.00
2007.05.25 01:31:47.972,2.3995,2.4,7.90,11.90
2007.05.25 01:31:50.515,2.3995,2.40005,7.90,15.90
2007.05.25 01:32:02.431,2.3995,2.4001,4.00,19.90
2007.05.25 01:32:04.373,2.3995,2.4001,4.00,22.30
2007.05.25 01:32:04.404,2.3995,2.4001,4.00,27.50
2007.05.25 01:32:04.549,2.39945,2.4001,3.90,30.70
2007.05.25 01:32:04.840,2.3994,2.4,9.90,21.10
2007.05.25 01:32:07.431,2.3995,2.39995,4.00,0.70
2007.05.25 01:32:07.498,2.3995,2.4001,4.00,27.50
2007.05.25 01:32:07.999,2.3995,2.40005,7.90,20.30
2007.05.25 01:32:08.508,2.3995,2.4001,4.00,27.50
2007.05.25 01:32:08.727,2.3995,2.4001,4.00,25.10
2007.05.25 01:32:08.826,2.3996,2.4001,4.00,19.10
2007.05.25 01:32:09.249,2.3996,2.4,4.00,0.60
2007.05.25 01:32:09.309,2.3996,2.4002,6.00,27.50
2007.05.25 01:32:10.141,2.3996,2.4,6.00,0.90
2007.05.25 01:32:11.145,2.3994,2.4,9.90,25.10
2007.05.25 01:32:12.151,2.3995,2.39995,2.40,0.60
2007.05.25 01:32:12.337,2.3996,2.4,2.00,8.80
2007.05.25 01:32:12.922,2.3996,2.39995,6.00,0.80
2007.05.25 01:32:13.223,2.3996,2.4002,6.00,27.50
2007.05.25 01:32:13.263,2.3996,2.4001,6.00,11.20
2007.05.25 01:32:13.380,2.3996,2.4,4.00,0.50
2007.05.25 01:32:14.224,2.3996,2.4,4.00,0.90
2007.05.25 01:32:14.245,2.3995,2.4001,4.00,19.90
2007.05.25 01:32:15.215,2.3995,2.4,4.00,0.80
2007.05.25 01:32:15.443,2.3995,2.4001,4.00,37.90
2007.05.25 01:32:15.758,2.3995,2.4001,4.00,33.10
2007.05.25 01:32:16.056,2.3995,2.4001,4.00,27.90
2007.05.25 01:32:16.221,2.3996,2.4001,2.00,27.90
2007.05.25 01:32:16.253,2.3996,2.4,2.00,0.70
2007.05.25 01:32:16.267,2.3996,2.4,2.00,0.80
2007.05.25 01:32:16.339,2.3996,2.4,2.00,0.50
2007.05.25 01:32:16.375,2.3996,2.40005,2.00,0.90
2007.05.25 01:32:18.502,2.3996,2.4001,2.00,0.80
2007.05.25 01:32:18.594,2.3996,2.4002,2.80,26.70
2007.05.25 01:32:18.712,2.3996,2.4,2.80,0.80
2007.05.25 01:32:18.798,2.3996,2.4,0.80,0.90
2007.05.25 01:32:20.031,2.3996,2.4,0.80,15.90
2007.05.25 01:32:20.065,2.3995,2.4,0.80,15.90
2007.05.25 01:32:21.694,2.3995,2.4,0.80,18.30
2007.05.25 01:32:21.895,2.3995,2.4,0.80,22.30
2007.05.25 01:32:23.211,2.3995,2.4,3.20,15.90
2007.05.25 01:32:23.343,2.3995,2.4,7.20,11.90
2007.05.25 01:32:23.357,2.3995,2.39995,6.40,4.00
2007.05.25 01:32:23.451,2.3996,2.39995,2.00,4.00
2007.05.25 01:32:23.652,2.3996,2.39995,2.80,4.00
2007.05.25 01:32:23.910,2.3996,2.4001,2.80,6.40
2007.05.25 01:32:25.645,2.39965,2.4001,3.90,2.40
2007.05.25 01:32:25.745,2.39965,2.4001,3.90,7.90
2007.05.25 01:32:25.841,2.3997,2.4001,2.80,7.90
2007.05.25 01:32:27.222,2.3997,2.4,2.80,4.00
2007.05.25 01:32:27.281,2.3997,2.4,2.80,11.90
2007.05.25 01:32:27.366,2.3997,2.4,0.80,11.90
2007.05.25 01:32:28.517,2.3996,2.4,0.80,11.90
2007.05.25 01:32:28.855,2.3996,2.4,0.80,7.90
2007.05.25 01:32:29.015,2.3996,2.4001,0.80,10.40
2007.05.25 01:32:29.514,2.3996,2.4001,4.70,6.40
2007.05.25 01:32:30.176,2.3997,2.4001,0.80,6.40
2007.05.25 01:32:30.260,2.3997,2.4,0.80,7.90
2007.05.25 01:32:30.267,2.3997,2.4,0.80,11.90
2007.05.25 01:32:30.474,2.3996,2.4,4.70,11.90
2007.05.25 01:32:30.773,2.3996,2.4,0.80,11.90
2007.05.25 01:32:31.933,2.3995,2.4,4.70,11.90
2007.05.25 01:32:32.920,2.3995,2.4,6.70,11.90
2007.05.25 01:32:33.826,2.39955,2.4,3.90,11.90
2007.05.25 01:32:34.669,2.3996,2.4,2.40,11.90
2007.05.25 01:32:34.749,2.3996,2.4,2.40,7.90
2007.05.25 01:32:34.846,2.3997,2.4001,2.00,15.90
2007.05.25 01:32:35.119,2.3997,2.4001,2.00,10.40
2007.05.25 01:32:35.168,2.3997,2.4001,2.00,6.40
2007.05.25 01:32:35.241,2.39965,2.4001,3.90,6.40
2007.05.25 01:32:35.391,2.3996,2.4001,5.90,6.40
2007.05.25 01:32:36.440,2.3996,2.4001,6.70,2.40
2007.05.25 01:32:37.337,2.3997,2.4001,4.00,2.40
2007.05.25 01:32:37.481,2.3996,2.4001,9.90,2.40
2007.05.25 01:32:37.665,2.3997,2.4001,3.90,2.40
2007.05.25 01:32:37.730,2.3997,2.4001,7.90,2.40
2007.05.25 01:32:38.335,2.3997,2.4001,7.90,1.60
2007.05.25 01:32:38.447,2.3997,2.4001,7.90,0.80
2007.05.25 01:32:38.463,2.3997,2.4002,7.90,11.90
2007.05.25 01:32:38.693,2.3997,2.4002,7.90,14.30
2007.05.25 01:32:38.754,2.3997,2.4002,7.90,16.30
2007.05.25 01:32:38.847,2.3997,2.4002,3.90,17.10
2007.05.25 01:32:38.859,2.3997,2.4002,3.90,21.10
2007.05.25 01:32:38.954,2.3996,2.40015,9.90,4.00
2007.05.25 01:32:40.452,2.3997,2.40015,4.00,4.00
2007.05.25 01:32:40.471,2.3997,2.4002,7.90,18.30
2007.05.25 01:32:40.497,2.3997,2.4002,7.90,14.30
2007.05.25 01:32:44.824,2.3997,2.4002,7.90,18.70
2007.05.25 01:32:45.759,2.3997,2.4002,3.90,17.50
2007.05.25 01:32:45.778,2.3997,2.4002,3.90,15.10
2007.05.25 01:32:45.943,2.3996,2.40015,9.90,4.00
2007.05.25 01:32:46.088,2.3997,2.4002,3.90,15.10
2007.05.25 01:32:46.190,2.3997,2.4002,7.90,14.30
2007.05.25 01:32:46.694,2.3997,2.4002,7.90,13.50
2007.05.25 01:32:46.706,2.3997,2.4002,7.90,15.90
2007.05.25 01:32:46.823,2.3997,2.4002,3.90,18.70
2007.05.25 01:32:46.874,2.3996,2.40015,9.90,4.00
2007.05.25 01:32:47.176,2.3996,2.40015,9.90,0.50
2007.05.25 01:33:00.374,2.3996,2.40015,6.70,0.80
2007.05.25 01:33:08.483,2.3997,2.40015,0.80,0.50
2007.05.25 01:33:08.541,2.3997,2.40025,4.70,18.30
2007.05.25 01:33:08.688,2.3997,2.40025,7.10,13.50
2007.05.25 01:33:08.782,2.3998,2.4002,2.00,0.80
2007.05.25 01:33:08.791,2.3998,2.40025,2.00,0.50
2007.05.25 01:33:09.703,2.3998,2.4004,2.80,25.90
2007.05.25 01:33:09.833,2.3998,2.40035,6.70,0.50
2007.05.25 01:33:19.716,2.3998,2.4002,6.70,3.20
2007.05.25 01:33:19.725,2.3998,2.4001,6.70,4.00
2007.05.25 01:33:19.918,2.3998,2.4001,5.90,4.00
2007.05.25 01:33:19.954,2.3998,2.4001,2.00,4.00
2007.05.25 01:33:21.163,2.3998,2.4001,2.00,6.40
2007.05.25 01:33:21.227,2.3998,2.4001,2.00,10.40
2007.05.25 01:33:21.534,2.3996,2.4,8.30,2.00
2007.05.25 01:33:21.704,2.3996,2.4,2.80,9.90
2007.05.25 01:33:21.791,2.3996,2.4,2.80,13.90
2007.05.25 01:33:21.814,2.3996,2.4,2.00,13.90
2007.05.25 01:33:21.975,2.3996,2.4,2.00,17.90
2007.05.25 01:33:22.709,2.3996,2.4,2.00,11.50
2007.05.25 01:33:22.870,2.3996,2.4,7.50,6.00
2007.05.25 01:33:22.935,2.3996,2.4,7.50,4.00
2007.05.25 01:33:23.346,2.3996,2.4,8.30,4.00
2007.05.25 01:33:23.473,2.3996,2.4001,8.30,10.40
2007.05.25 01:33:24.409,2.3996,2.4001,8.30,11.20
2007.05.25 01:33:24.417,2.3996,2.4001,8.30,12.00
2007.05.25 01:33:24.508,2.3996,2.4001,8.30,12.80
2007.05.25 01:33:24.640,2.3996,2.4,8.30,2.40
2007.05.25 01:33:24.691,2.3996,2.4,8.30,4.40
2007.05.25 01:33:24.721,2.3996,2.4,8.30,8.40
2007.05.25 01:33:24.843,2.3996,2.4,2.80,13.90
2007.05.25 01:33:25.009,2.3996,2.4,2.00,13.90
2007.05.25 01:33:25.013,2.3996,2.4,2.00,17.90
2007.05.25 01:33:25.662,2.3996,2.4,2.00,15.50
2007.05.25 01:33:25.771,2.3996,2.4,2.00,13.50
2007.05.25 01:33:26.255,2.3996,2.4,7.50,8.00
2007.05.25 01:33:26.267,2.3996,2.4,7.50,4.00
2007.05.25 01:33:26.454,2.3996,2.4,8.30,4.00
2007.05.25 01:33:26.542,2.3996,2.4001,8.30,12.80
2007.05.25 01:33:34.693,2.3996,2.4001,8.30,12.00
2007.05.25 01:33:34.707,2.3998,2.4001,2.00,12.00
2007.05.25 01:33:34.728,2.3998,2.4001,2.00,8.80
2007.05.25 01:33:34.814,2.3998,2.4001,2.00,8.00
2007.05.25 01:33:34.964,2.3998,2.4001,2.00,4.00
2007.05.25 01:33:40.672,2.3998,2.4,2.00,6.40
2007.05.25 01:33:40.851,2.3997,2.4,4.00,13.90
2007.05.25 01:33:41.126,2.39965,2.4,3.90,13.90
2007.05.25 01:33:41.171,2.39965,2.4,3.90,11.50
2007.05.25 01:33:41.345,2.3995,2.4,6.40,13.50
2007.05.25 01:33:41.701,2.3995,2.4,6.40,9.50
2007.05.25 01:33:41.736,2.3998,2.4,2.00,4.00
2007.05.25 01:33:42.612,2.3998,2.4001,2.00,4.00
2007.05.25 01:33:43.568,2.3997,2.4001,6.00,4.00
2007.05.25 01:33:46.750,2.3998,2.4001,0.70,6.40
2007.05.25 01:33:46.912,2.3997,2.4001,0.90,6.40
2007.05.25 01:33:47.742,2.3996,2.4001,15.40,6.40
2007.05.25 01:33:47.876,2.3996,2.4001,2.70,10.40
2007.05.25 01:33:52.799,2.3996,2.4001,13.90,8.00
2007.05.25 01:33:52.905,2.3996,2.4001,13.90,8.00
2007.05.25 01:33:53.051,2.39965,2.4001,9.90,4.00
2007.05.25 01:33:53.308,2.3996,2.40005,13.90,4.00
2007.05.25 01:33:53.321,2.3997,2.40005,1.10,4.00
2007.05.25 01:33:54.764,2.3996,2.40005,13.90,4.00
2007.05.25 01:33:54.822,2.39965,2.4001,9.90,4.00
2007.05.25 01:33:55.310,2.3997,2.4,1.90,7.50
2007.05.25 01:33:55.413,2.39965,2.4,1.30,7.50
2007.05.25 01:33:55.616,2.3996,2.4,3.30,7.50
2007.05.25 01:33:56.438,2.39955,2.4,12.30,8.30
2007.05.25 01:33:56.609,2.3995,2.39995,10.80,4.00
2007.05.25 01:33:56.626,2.3996,2.39995,1.70,4.00
2007.05.25 01:33:58.094,2.3996,2.39995,8.40,4.00
2007.05.25 01:33:58.246,2.39965,2.4,7.90,9.90
2007.05.25 01:33:58.996,2.39965,2.4,1.70,9.90
2007.05.25 01:33:59.108,2.39955,2.4,12.30,9.90
2007.05.25 01:33:59.402,2.3996,2.4,1.40,9.10
2007.05.25 01:33:59.438,2.3995,2.39995,10.80,4.00
2007.05.25 01:34:01.484,2.39945,2.39995,5.90,4.00
2007.05.25 01:34:01.495,2.3994,2.3999,13.90,4.00
2007.05.25 01:34:01.569,2.3994,2.3999,13.90,6.40
2007.05.25 01:34:02.005,2.3994,2.3999,13.90,4.00
2007.05.25 01:34:02.472,2.3995,2.4,6.00,17.90
2007.05.25 01:34:04.663,2.3995,2.4,6.00,15.50
2007.05.25 01:34:04.746,2.3996,2.4,0.70,11.50
2007.05.25 01:34:04.756,2.39955,2.4,5.90,7.50
2007.05.25 01:34:04.783,2.39955,2.40005,15.40,4.00
2007.05.25 01:34:05.318,2.39955,2.4001,15.40,10.40
2007.05.25 01:34:06.191,2.39955,2.4001,15.40,8.00
2007.05.25 01:34:06.222,2.3998,2.4001,0.70,8.00
2007.05.25 01:34:06.329,2.3998,2.4001,1.30,4.00
2007.05.25 01:34:11.285,2.3997,2.4001,4.00,4.00
2007.05.25 01:34:11.775,2.3997,2.4001,4.00,6.40
2007.05.25 01:34:12.302,2.39965,2.4001,3.90,6.40
2007.05.25 01:34:12.469,2.3996,2.4001,11.50,10.40
2007.05.25 01:34:14.764,2.3996,2.4001,11.50,8.00
2007.05.25 01:34:14.820,2.3998,2.4001,2.00,8.00
2007.05.25 01:34:14.938,2.3998,2.4001,2.00,4.00
2007.05.25 01:34:17.785,2.3997,2.4001,4.00,4.00
2007.05.25 01:34:17.925,2.39965,2.4001,3.90,4.00
2007.05.25 01:34:17.985,2.3996,2.4001,11.50,8.00
2007.05.25 01:34:18.209,2.3996,2.4001,11.50,10.40
2007.05.25 01:34:20.160,2.3996,2.4001,13.90,8.00
2007.05.25 01:34:20.207,2.3997,2.4001,4.00,8.00
2007.05.25 01:34:20.284,2.3998,2.4001,2.00,4.00
2007.05.25 01:34:25.244,2.3998,2.40015,2.00,4.00
2007.05.25 01:34:25.383,2.3998,2.4002,2.00,14.70
2007.05.25 01:34:25.411,2.3999,2.4002,2.00,6.40
2007.05.25 01:34:26.268,2.4,2.4002,2.00,6.40
2007.05.25 01:34:26.796,2.4,2.4002,2.00,2.40
2007.05.25 01:34:26.932,2.4,2.4002,2.00,1.60
2007.05.25 01:34:27.003,2.4,2.4002,2.00,0.80
2007.05.25 01:34:27.338,2.4,2.40025,2.00,4.00
2007.05.25 01:34:28.722,2.4,2.4002,2.00,4.00
2007.05.25 01:34:28.857,2.3999,2.4002,2.00,4.00
2007.05.25 01:34:30.798,2.3998,2.4002,11.50,4.00
2007.05.25 01:34:34.086,2.3999,2.4002,4.00,4.00
2007.05.25 01:34:34.215,2.4,2.4002,2.00,4.00
2007.05.25 01:34:34.236,2.4,2.40025,2.00,4.00
2007.05.25 01:34:34.277,2.4,2.4003,2.00,4.00
2007.05.25 01:34:36.186,2.4,2.4003,6.00,4.00
2007.05.25 01:34:36.204,2.4,2.40035,6.00,4.00
2007.05.25 01:34:36.327,2.4,2.4004,6.00,9.50
2007.05.25 01:34:36.408,2.4,2.4004,11.50,4.00
2007.05.25 01:34:36.695,2.4,2.4004,11.50,6.00
2007.05.25 01:34:36.775,2.4,2.4003,11.50,4.00
2007.05.25 01:34:36.817,2.4,2.4003,2.00,4.00
2007.05.25 01:34:38.754,2.4,2.4004,2.00,13.10
2007.05.25 01:34:39.813,2.4,2.4003,7.50,0.50
2007.05.25 01:34:39.885,2.4,2.4004,9.90,4.80
2007.05.25 01:34:40.104,2.4001,2.40035,2.00,0.50
2007.05.25 01:34:40.172,2.4001,2.4005,2.00,4.80
2007.05.25 01:34:40.645,2.4001,2.4006,2.00,21.10
2007.05.25 01:34:41.367,2.4002,2.4006,2.00,14.70
2007.05.25 01:34:41.421,2.4002,2.4006,2.00,0.50
2007.05.25 01:34:41.473,2.4002,2.40065,2.00,13.90
2007.05.25 01:34:46.199,2.4002,2.40065,2.00,13.10
2007.05.25 01:34:46.251,2.4002,2.40065,2.00,12.30
2007.05.25 01:34:46.366,2.4002,2.40065,2.00,11.50
2007.05.25 01:34:46.393,2.4002,2.40065,5.50,0.90
2007.05.25 01:34:46.583,2.4002,2.4008,13.40,19.10
2007.05.25 01:34:46.760,2.4002,2.4008,15.80,16.70
2007.05.25 01:34:47.220,2.4002,2.4007,18.20,0.70
2007.05.25 01:34:47.727,2.4002,2.4008,15.80,12.70
2007.05.25 01:34:47.845,2.4002,2.4008,13.40,19.10
2007.05.25 01:34:48.164,2.4002,2.4008,13.40,21.50
2007.05.25 01:34:48.249,2.4002,2.4007,13.40,0.50
2007.05.25 01:34:48.262,2.4002,2.4007,7.90,0.80
2007.05.25 01:34:48.678,2.4002,2.4007,7.90,12.80
2007.05.25 01:34:48.770,2.4002,2.4007,7.90,13.60
2007.05.25 01:34:48.901,2.4002,2.4006,4.00,0.70
2007.05.25 01:34:49.094,2.4001,2.4006,6.00,0.50
2007.05.25 01:34:49.217,2.4001,2.4007,2.00,31.50
2007.05.25 01:34:49.417,2.4001,2.4006,2.00,21.10
2007.05.25 01:34:49.886,2.4001,2.4006,4.40,18.70
2007.05.25 01:34:50.012,2.4001,2.4006,9.90,10.80
2007.05.25 01:34:50.209,2.4002,2.4006,2.00,8.80
2007.05.25 01:34:51.632,2.4002,2.40065,2.00,8.80
2007.05.25 01:34:51.665,2.4002,2.4006,6.00,0.70
2007.05.25 01:34:52.800,2.4002,2.4006,2.00,0.90
2007.05.25 01:34:53.117,2.4002,2.40065,6.00,8.00
2007.05.25 01:34:53.639,2.4002,2.40065,8.40,8.00
2007.05.25 01:34:53.744,2.4004,2.4006,2.00,0.50
2007.05.25 01:34:53.760,2.4004,2.4007,2.00,4.80
2007.05.25 01:34:53.927,2.4004,2.4008,2.00,18.70
2007.05.25 01:34:56.748,2.4004,2.4009,2.00,26.60
2007.05.25 01:34:58.504,2.4004,2.4009,2.00,26.60
2007.05.25 01:34:58.568,2.4004,2.4008,2.80,0.50
2007.05.25 01:34:58.676,2.4004,2.4009,0.80,22.60
2007.05.25 01:34:58.797,2.4004,2.4008,0.80,16.30
2007.05.25 01:34:58.865,2.4004,2.4007,0.80,14.30
2007.05.25 01:34:59.207,2.40035,2.4007,3.90,14.30
2007.05.25 01:34:59.292,2.40035,2.4006,3.90,0.90
2007.05.25 01:34:59.318,2.4002,2.4006,2.80,0.50
2007.05.25 01:34:59.459,2.4002,2.4007,2.80,21.90
2007.05.25 01:34:59.606,2.4002,2.4006,2.80,0.70
2007.05.25 01:34:59.749,2.4002,2.4007,2.00,33.10
2007.05.25 01:35:01.817,2.4002,2.4006,0.80,0.90
2007.05.25 01:35:03.444,2.4001,2.4006,13.10,14.80
2007.05.25 01:35:03.465,2.4001,2.4006,13.10,15.60
2007.05.25 01:35:03.610,2.4002,2.4005,0.60,0.70
2007.05.25 01:35:03.676,2.4001,2.4004,0.60,0.60
2007.05.25 01:35:03.686,2.40005,2.4005,12.60,4.40
2007.05.25 01:35:03.768,2.4001,2.4004,0.60,0.90
2007.05.25 01:35:03.820,2.4001,2.4004,0.80,0.90
2007.05.25 01:35:03.969,2.40005,2.4005,4.70,20.30
2007.05.25 01:35:04.864,2.4,2.4005,6.00,24.30
2007.05.25 01:35:05.213,2.3999,2.4005,13.10,32.30
2007.05.25 01:35:06.243,2.3999,2.4003,10.70,6.40
2007.05.25 01:35:06.325,2.4,2.4002,0.90,0.80
2007.05.25 01:35:06.369,2.39985,2.4003,4.70,17.90
2007.05.25 01:35:06.579,2.3998,2.4002,0.50,0.60
2007.05.25 01:35:07.978,2.39975,2.4002,6.70,6.00
2007.05.25 01:35:08.150,2.3998,2.4002,0.80,4.00
2007.05.25 01:35:08.942,2.3998,2.4002,12.20,4.00
2007.05.25 01:35:09.157,2.3999,2.4002,0.80,4.00
2007.05.25 01:35:10.189,2.3998,2.4002,12.20,4.00
2007.05.25 01:35:10.267,2.3998,2.4002,1.20,4.00
2007.05.25 01:35:11.509,2.3998,2.4002,5.20,4.00
2007.05.25 01:35:13.258,2.3998,2.4002,1.30,4.00
2007.05.25 01:35:13.563,2.3997,2.4002,16.20,8.00
2007.05.25 01:35:13.715,2.3998,2.4002,0.70,10.40
2007.05.25 01:35:13.803,2.3998,2.4002,2.00,6.40
2007.05.25 01:35:13.893,2.39975,2.4002,5.90,8.40
2007.05.25 01:35:13.915,2.39975,2.4002,5.90,12.40
2007.05.25 01:35:14.026,2.3997,2.4002,13.90,16.40
2007.05.25 01:35:14.408,2.3998,2.4001,1.10,4.00
2007.05.25 01:35:14.831,2.3998,2.4002,1.20,16.40
2007.05.25 01:35:15.991,2.3997,2.4002,15.50,10.00
2007.05.25 01:35:16.057,2.3997,2.4002,16.30,4.00
2007.05.25 01:35:16.110,2.39975,2.40025,9.90,4.00
2007.05.25 01:35:17.400,2.3998,2.40025,10.80,4.00
2007.05.25 01:35:17.481,2.3999,2.40025,8.40,4.00
2007.05.25 01:35:17.629,2.4,2.4003,0.70,5.50
2007.05.25 01:35:17.812,2.3999,2.4003,10.80,5.50
2007.05.25 01:35:17.821,2.3999,2.4004,16.30,12.00
2007.05.25 01:35:17.891,2.39995,2.4004,12.30,8.00
2007.05.25 01:35:17.902,2.4,2.4005,4.00,15.90
2007.05.25 01:35:18.388,2.4,2.4005,6.30,11.90
2007.05.25 01:35:19.178,2.39995,2.4005,12.30,15.90
2007.05.25 01:35:22.688,2.4,2.4005,10.80,11.90
2007.05.25 01:35:22.772,2.4002,2.4005,1.00,11.90
2007.05.25 01:35:22.874,2.4002,2.4005,1.10,9.50
2007.05.25 01:35:23.487,2.4002,2.4005,0.90,5.50
2007.05.25 01:35:24.251,2.40005,2.4005,7.90,9.50
2007.05.25 01:35:24.453,2.40005,2.4005,7.90,11.90
2007.05.25 01:35:24.545,2.4001,2.40045,2.20,4.00
2007.05.25 01:35:24.760,2.4001,2.4003,2.30,2.40
2007.05.25 01:35:24.791,2.39995,2.4003,7.90,2.40
2007.05.25 01:35:24.975,2.39995,2.4004,7.90,13.90
2007.05.25 01:35:25.054,2.4,2.4004,1.40,17.90
2007.05.25 01:35:25.062,2.3999,2.4003,6.40,5.50
2007.05.25 01:35:25.190,2.3999,2.4003,8.40,5.50
2007.05.25 01:35:25.249,2.4,2.4003,1.20,6.30
2007.05.25 01:35:25.318,2.3999,2.4002,4.40,4.00
2007.05.25 01:35:25.785,2.3999,2.4003,8.40,5.50
2007.05.25 01:35:26.711,2.3999,2.4003,10.80,5.50
2007.05.25 01:35:26.815,2.3999,2.4004,16.30,4.00
2007.05.25 01:35:26.820,2.39995,2.4005,8.30,16.70
2007.05.25 01:35:26.885,2.39995,2.4005,12.30,15.90
2007.05.25 01:35:27.430,2.39995,2.4004,12.30,0.80
2007.05.25 01:35:27.507,2.4,2.4004,3.00,1.60
2007.05.25 01:35:27.593,2.39995,2.4004,12.30,2.40
2007.05.25 01:35:27.749,2.39995,2.4002,9.90,4.00
2007.05.25 01:35:27.889,2.3999,2.4002,11.50,8.00
2007.05.25 01:35:27.937,2.3999,2.4002,11.50,12.00
2007.05.25 01:35:28.054,2.3998,2.4001,0.50,5.50
2007.05.25 01:35:29.908,2.3998,2.4001,6.80,5.50
2007.05.25 01:35:30.080,2.4,2.4003,4.40,5.50
2007.05.25 01:35:30.092,2.4,2.4002,2.00,4.00
2007.05.25 01:35:30.144,2.4,2.4004,4.40,0.80
2007.05.25 01:35:30.168,2.4,2.4005,4.40,16.70
2007.05.25 01:35:30.272,2.4,2.4005,8.40,15.90
2007.05.25 01:35:30.517,2.4,2.4004,4.40,7.90
2007.05.25 01:35:30.610,2.4,2.4004,2.00,11.90
2007.05.25 01:35:30.637,2.39995,2.4004,3.90,11.90
2007.05.25 01:35:30.663,2.3999,2.4004,7.90,15.90
2007.05.25 01:35:30.919,2.3999,2.40035,4.00,4.00
2007.05.25 01:35:31.263,2.39985,2.40035,3.90,4.00
2007.05.25 01:35:31.391,2.3998,2.40035,7.90,4.00
2007.05.25 01:35:31.637,2.3998,2.4003,4.00,4.00
2007.05.25 01:35:32.235,2.3998,2.4003,4.00,6.40
2007.05.25 01:35:32.270,2.39975,2.4003,3.90,7.20
2007.05.25 01:35:32.346,2.39975,2.4002,3.90,4.00
2007.05.25 01:35:32.489,2.3997,2.4002,13.90,8.00
2007.05.25 01:35:34.995,2.3997,2.4002,16.30,8.00
2007.05.25 01:35:35.100,2.3997,2.4002,16.30,4.00
2007.05.25 01:35:35.182,2.3999,2.4002,2.00,4.00
2007.05.25 01:35:36.190,2.3997,2.4002,16.30,4.00
2007.05.25 01:35:36.213,2.3997,2.4002,13.90,8.00
2007.05.25 01:35:36.294,2.3997,2.4002,11.50,8.00
2007.05.25 01:35:36.610,2.3998,2.4002,4.00,8.00
2007.05.25 01:35:36.753,2.3998,2.4002,7.90,4.00
2007.05.25 01:35:36.941,2.3998,2.4002,3.90,4.00
2007.05.25 01:35:37.000,2.3997,2.4002,15.40,4.00
2007.05.25 01:35:37.241,2.3997,2.4002,16.20,4.00
2007.05.25 01:35:37.329,2.3997,2.4002,17.00,4.00
2007.05.25 01:35:37.544,2.3997,2.4002,17.80,4.00
2007.05.25 01:35:38.135,2.3997,2.4002,17.80,6.40
2007.05.25 01:35:38.276,2.3997,2.4001,12.30,5.50
2007.05.25 01:35:38.498,2.3997,2.4001,8.30,5.50
2007.05.25 01:35:38.540,2.3997,2.4001,4.40,5.50
2007.05.25 01:35:39.075,2.3997,2.4001,4.40,7.90
2007.05.25 01:35:39.845,2.3997,2.4001,8.30,7.90
2007.05.25 01:35:39.892,2.3997,2.4001,12.30,7.90
2007.05.25 01:35:40.251,2.3997,2.4001,8.30,7.90
2007.05.25 01:35:40.373,2.3997,2.4001,4.40,7.90
2007.05.25 01:35:40.698,2.3997,2.4001,4.40,5.50
2007.05.25 01:35:40.774,2.3997,2.40015,9.90,4.00
2007.05.25 01:35:40.855,2.3997,2.40015,13.90,4.00
2007.05.25 01:35:40.880,2.3997,2.4002,17.80,4.00
2007.05.25 01:35:42.286,2.3997,2.40025,17.80,8.00
2007.05.25 01:35:42.296,2.3997,2.4002,9.90,8.80
2007.05.25 01:35:42.313,2.3997,2.40015,4.40,9.50
2007.05.25 01:35:42.653,2.3997,2.4001,4.40,0.60
2007.05.25 01:35:48.502,2.3997,2.4001,2.80,0.90
2007.05.25 01:35:48.544,2.3997,2.4001,2.00,0.80
2007.05.25 01:35:54.203,2.3997,2.40015,2.00,9.50
2007.05.25 01:35:54.541,2.3998,2.40015,2.00,0.60
2007.05.25 01:35:56.497,2.3998,2.40025,2.00,16.40
2007.05.25 01:35:56.513,2.3998,2.4002,2.00,0.70
2007.05.25 01:35:56.674,2.3998,2.40025,2.00,10.00
2007.05.25 01:35:56.771,2.3998,2.4002,2.00,0.50
2007.05.25 01:35:57.135,2.3999,2.40025,2.00,0.70
2007.05.25 01:35:58.734,2.3999,2.4003,2.00,0.80
2007.05.25 01:35:58.757,2.3999,2.40035,2.00,11.90
2007.05.25 01:36:02.249,2.3998,2.40035,4.70,14.30
2007.05.25 01:36:02.288,2.3998,2.4002,4.70,0.60
2007.05.25 01:36:02.349,2.3998,2.40025,0.80,8.00
2007.05.25 01:36:02.507,2.3997,2.4002,12.20,0.60
2007.05.25 01:36:02.789,2.3997,2.40015,8.30,0.80
2007.05.25 01:36:03.276,2.3997,2.4002,12.20,0.60
2007.05.25 01:36:05.663,2.3997,2.4002,12.20,8.80
2007.05.25 01:36:05.903,2.3997,2.4001,6.70,0.50
2007.05.25 01:36:06.565,2.3997,2.4001,2.80,0.70
2007.05.25 01:36:06.582,2.3997,2.4001,2.00,0.70
2007.05.25 01:36:06.996,2.3997,2.40015,2.00,9.50
2007.05.25 01:36:07.349,2.3998,2.40015,2.00,9.50
2007.05.25 01:36:08.114,2.3998,2.4002,2.00,30.60
2007.05.25 01:36:11.235,2.3997,2.4002,0.80,26.60
2007.05.25 01:36:11.764,2.3997,2.4002,0.80,29.90
2007.05.25 01:36:11.856,2.39965,2.4002,3.90,33.90
2007.05.25 01:36:11.952,2.3996,2.4002,2.80,33.90
2007.05.25 01:36:12.711,2.3996,2.4002,6.70,33.90
2007.05.25 01:36:13.301,2.3996,2.4002,6.70,30.70
2007.05.25 01:36:13.561,2.3998,2.4002,2.00,31.40
2007.05.25 01:36:13.710,2.3998,2.3999,2.00,0.80
2007.05.25 01:36:13.729,2.3998,2.4,2.00,16.60
2007.05.25 01:36:13.805,2.3996,2.4,6.70,18.60
2007.05.25 01:36:14.649,2.3996,2.3999,6.70,0.50
2007.05.25 01:36:14.772,2.3996,2.4001,6.70,31.90
2007.05.25 01:36:14.854,2.3996,2.4,6.70,0.80
2007.05.25 01:36:14.926,2.3996,2.4001,6.70,0.70
2007.05.25 01:36:15.036,2.3996,2.4001,2.80,0.70
2007.05.25 01:36:15.249,2.3996,2.4002,2.80,30.70
2007.05.25 01:36:15.275,2.3998,2.4002,2.00,30.60
2007.05.25 01:36:16.554,2.3998,2.4002,2.00,30.60
2007.05.25 01:36:29.614,2.3998,2.4002,2.00,25.80
2007.05.25 01:36:29.782,2.3998,2.40025,2.00,8.00
2007.05.25 01:36:29.828,2.3998,2.4003,2.00,24.70
2007.05.25 01:36:29.867,2.3998,2.4003,2.80,20.70
2007.05.25 01:36:34.209,2.3998,2.4001,2.80,0.60
2007.05.25 01:36:34.278,2.3998,2.4002,6.00,8.80
2007.05.25 01:36:34.371,2.3998,2.4002,6.00,18.60
2007.05.25 01:36:34.464,2.3998,2.4001,2.00,0.50
2007.05.25 01:36:37.681,2.3998,2.4002,2.00,20.20
2007.05.25 01:36:37.889,2.3998,2.4002,2.00,0.60
2007.05.25 01:36:37.983,2.3998,2.4002,2.00,0.90
2007.05.25 01:36:38.292,2.3998,2.4003,2.00,29.50
2007.05.25 01:36:38.388,2.3998,2.4002,2.00,0.60
2007.05.25 01:36:38.399,2.3998,2.4003,6.00,20.70
2007.05.25 01:36:38.442,2.3998,2.4003,6.00,20.70
2007.05.25 01:36:39.716,2.3998,2.4001,6.00,2.40
2007.05.25 01:36:39.873,2.3998,2.4001,2.00,7.90
2007.05.25 01:36:41.067,2.3998,2.4001,6.00,7.90
2007.05.25 01:36:41.147,2.3998,2.4001,6.00,5.50
2007.05.25 01:36:41.272,2.3998,2.40025,6.00,4.00
2007.05.25 01:36:43.796,2.4,2.40025,2.00,4.00
2007.05.25 01:36:43.803,2.4,2.4003,2.00,14.30
2007.05.25 01:36:43.910,2.4,2.4003,2.00,10.30
2007.05.25 01:36:45.660,2.4,2.4003,2.00,7.90
2007.05.25 01:36:45.819,2.4,2.4003,2.00,2.40
2007.05.25 01:36:46.358,2.4,2.4003,2.00,1.60
2007.05.25 01:36:46.566,2.4,2.4003,6.00,1.60
2007.05.25 01:36:46.591,2.4,2.4003,6.00,0.80
2007.05.25 01:36:46.604,2.4,2.4004,6.00,4.00
2007.05.25 01:36:48.749,2.4,2.4003,6.00,2.40
2007.05.25 01:36:48.764,2.4,2.4003,6.00,7.90
2007.05.25 01:36:49.354,2.4,2.4003,2.00,7.90
2007.05.25 01:36:49.596,2.39995,2.4003,5.90,7.90
2007.05.25 01:36:52.759,2.3999,2.4003,1.20,7.90
2007.05.25 01:36:52.854,2.39985,2.4003,2.20,10.30
2007.05.25 01:36:52.901,2.39985,2.4002,1.10,4.00
2007.05.25 01:36:52.973,2.39975,2.4002,9.90,4.00
2007.05.25 01:36:58.193,2.3998,2.4003,1.60,14.30
2007.05.25 01:36:58.445,2.4,2.4003,1.30,11.90
2007.05.25 01:36:58.562,2.4,2.4003,0.80,7.90
2007.05.25 01:37:03.677,2.4001,2.4003,0.60,7.90
2007.05.25 01:37:03.726,2.4001,2.4003,1.40,5.50
2007.05.25 01:37:03.917,2.4,2.4004,6.00,3.20
2007.05.25 01:37:04.742,2.4001,2.4003,0.60,2.40
2007.05.25 01:37:04.812,2.4,2.4003,0.80,7.90
2007.05.25 01:37:05.190,2.4,2.4003,1.10,11.90
2007.05.25 01:37:05.225,2.3998,2.4003,6.00,14.30
2007.05.25 01:37:05.251,2.4,2.4002,1.10,3.20
2007.05.25 01:37:05.331,2.3998,2.4002,0.50,3.20
2007.05.25 01:37:05.757,2.39975,2.4003,12.30,9.50
2007.05.25 01:37:05.839,2.3998,2.4003,3.00,9.50
2007.05.25 01:37:05.960,2.4001,2.4003,0.60,5.50
2007.05.25 01:37:06.275,2.4,2.4004,6.00,3.20
2007.05.25 01:37:07.254,2.4,2.4003,6.00,2.40
2007.05.25 01:37:07.298,2.39995,2.4003,9.90,7.90
2007.05.25 01:37:07.504,2.3999,2.4003,6.00,7.90
2007.05.25 01:37:08.099,2.39985,2.4003,9.90,7.90
2007.05.25 01:37:08.197,2.39985,2.4003,9.90,5.50
2007.05.25 01:37:08.324,2.39995,2.4004,9.90,7.20
2007.05.25 01:37:08.408,2.4,2.4004,0.80,3.20
2007.05.25 01:37:08.818,2.39995,2.4004,12.30,3.20
2007.05.25 01:37:09.731,2.39995,2.4005,12.30,14.30
2007.05.25 01:37:09.766,2.39995,2.4005,12.30,13.50
2007.05.25 01:37:09.833,2.4,2.4005,3.70,12.70
2007.05.25 01:37:09.852,2.4,2.4005,8.40,9.50
2007.05.25 01:37:10.098,2.4002,2.4005,0.90,5.50
2007.05.25 01:37:12.228,2.4003,2.4005,1.20,5.50
2007.05.25 01:37:12.774,2.4001,2.4006,16.30,7.20
2007.05.25 01:37:12.837,2.40015,2.4006,5.90,3.20
2007.05.25 01:37:13.367,2.4003,2.4007,0.70,16.30
2007.05.25 01:37:13.514,2.4,2.4004,12.30,3.20
2007.05.25 01:37:13.592,2.39995,2.4004,12.30,3.20
2007.05.25 01:37:15.201,2.4,2.4005,10.80,13.90
2007.05.25 01:37:15.462,2.4003,2.4005,0.80,4.00
2007.05.25 01:37:15.624,2.4003,2.4006,1.00,3.20
2007.05.25 01:37:16.631,2.4003,2.4006,1.40,3.20
2007.05.25 01:37:16.723,2.4002,2.4007,10.80,13.90
2007.05.25 01:37:16.817,2.4003,2.4007,4.40,9.50
2007.05.25 01:37:16.913,2.4004,2.4007,0.60,5.50
2007.05.25 01:37:17.670,2.40025,2.4007,5.90,7.90
2007.05.25 01:37:17.816,2.40025,2.4007,7.90,9.90
2007.05.25 01:37:18.148,2.4001,2.4007,23.80,10.70
2007.05.25 01:37:18.197,2.4001,2.4006,10.10,4.00
2007.05.25 01:37:18.244,2.4002,2.4006,1.40,4.00
2007.05.25 01:37:18.375,2.4002,2.4006,1.30,7.20
2007.05.25 01:37:18.540,2.4002,2.4006,2.60,7.20
2007.05.25 01:37:18.694,2.40015,2.4006,9.90,3.20
2007.05.25 01:37:20.727,2.4002,2.4007,6.00,13.90
2007.05.25 01:37:20.744,2.4004,2.4007,2.00,11.90
2007.05.25 01:37:20.820,2.4004,2.4007,2.00,9.50
2007.05.25 01:37:20.998,2.4004,2.4007,2.00,5.50
2007.05.25 01:37:21.739,2.4004,2.4006,2.00,3.20
2007.05.25 01:37:21.829,2.40025,2.4005,3.90,5.50
2007.05.25 01:37:22.054,2.4002,2.4005,2.00,5.50
2007.05.25 01:37:23.189,2.4001,2.4005,4.00,7.50
2007.05.25 01:37:23.278,2.4001,2.4004,4.00,3.20
2007.05.25 01:37:23.305,2.4,2.4004,6.00,3.20
2007.05.25 01:37:23.703,2.4002,2.4005,2.00,11.90
2007.05.25 01:37:23.794,2.4002,2.4005,2.00,7.90
2007.05.25 01:37:23.827,2.4002,2.4005,2.00,5.50
2007.05.25 01:37:24.365,2.4001,2.4005,2.00,11.50
2007.05.25 01:37:27.735,2.4,2.4005,10.30,11.50
2007.05.25 01:37:27.869,2.4,2.4004,7.90,3.20
2007.05.25 01:37:27.926,2.4,2.4004,3.90,3.20
2007.05.25 01:37:28.153,2.3999,2.4004,17.80,7.20
2007.05.25 01:37:32.094,2.4,2.4004,4.00,7.20
2007.05.25 01:37:32.199,2.4,2.4004,7.90,3.20
2007.05.25 01:37:32.246,2.4,2.4005,7.90,11.50
2007.05.25 01:37:32.294,2.4001,2.4005,2.00,11.50
2007.05.25 01:37:32.644,2.4001,2.4005,2.00,13.90
2007.05.25 01:37:32.694,2.4,2.4005,7.90,13.90
2007.05.25 01:37:32.764,2.4,2.4004,7.90,3.20
2007.05.25 01:37:32.819,2.4,2.4004,3.90,3.20
2007.05.25 01:37:33.001,2.3999,2.4004,17.80,7.20
2007.05.25 01:37:33.688,2.4001,2.4004,2.40,4.00
2007.05.25 01:37:33.711,2.4001,2.4004,4.40,4.00
2007.05.25 01:37:34.085,2.4002,2.4004,2.00,4.00
2007.05.25 01:37:34.746,2.4002,2.4005,2.00,10.30
2007.05.25 01:37:34.892,2.4002,2.4005,2.00,9.50
2007.05.25 01:37:35.333,2.4002,2.4005,2.00,5.50
2007.05.25 01:37:36.228,2.4002,2.4004,2.00,3.20
2007.05.25 01:37:36.305,2.4002,2.4004,2.00,7.20
2007.05.25 01:37:36.338,2.4001,2.4003,4.00,5.50
2007.05.25 01:37:36.413,2.4,2.4003,2.00,5.50
2007.05.25 01:37:38.679,2.4001,2.4003,2.40,5.50
2007.05.25 01:37:38.884,2.4002,2.4003,2.00,5.50
2007.05.25 01:37:39.011,2.4002,2.4005,2.00,6.30
2007.05.25 01:37:39.104,2.4002,2.4005,2.00,5.50
2007.05.25 01:37:41.224,2.4002,2.4004,2.00,3.20
2007.05.25 01:37:41.354,2.4002,2.4004,2.00,7.20
2007.05.25 01:37:41.367,2.40005,2.4003,3.90,5.50
2007.05.25 01:37:41.439,2.4,2.4003,2.00,5.50
2007.05.25 01:37:44.122,2.3999,2.4003,12.40,5.50
2007.05.25 01:37:50.781,2.3999,2.4002,10.00,3.20
2007.05.25 01:37:50.859,2.3999,2.40015,10.00,4.00
2007.05.25 01:37:50.898,2.3998,2.4001,0.80,5.50
2007.05.25 01:37:55.433,2.3997,2.4001,8.40,7.90
2007.05.25 01:37:55.495,2.3997,2.4001,8.40,10.30
2007.05.25 01:37:55.522,2.3997,2.4001,5.20,12.70
2007.05.25 01:37:55.741,2.3997,2.4,2.80,3.20
2007.05.25 01:37:55.888,2.3997,2.3999,2.80,5.50
2007.05.25 01:37:55.911,2.3997,2.3999,0.80,5.50
2007.05.25 01:37:56.981,2.3996,2.3999,0.60,5.50
2007.05.25 01:37:57.680,2.3996,2.3999,0.60,5.50
2007.05.25 01:37:58.097,2.3995,2.39995,13.10,4.00
2007.05.25 01:37:59.117,2.3996,2.39995,2.20,4.00
2007.05.25 01:37:59.232,2.3995,2.39995,21.90,4.00
2007.05.25 01:37:59.335,2.3996,2.3999,1.00,5.50
2007.05.25 01:37:59.357,2.3996,2.3999,1.70,5.50
2007.05.25 01:38:00.650,2.3996,2.3999,11.50,5.50
2007.05.25 01:38:00.789,2.3998,2.4,0.90,4.00
2007.05.25 01:38:00.860,2.3997,2.4001,4.40,9.50
2007.05.25 01:38:01.070,2.3997,2.4001,4.40,5.50
2007.05.25 01:38:01.328,2.3997,2.40015,10.70,4.00
2007.05.25 01:38:01.359,2.3997,2.40015,13.10,4.00
2007.05.25 01:38:01.581,2.3997,2.4002,17.00,3.20
2007.05.25 01:38:02.692,2.3997,2.4002,14.60,3.20
2007.05.25 01:38:02.766,2.3997,2.4001,9.10,5.50
2007.05.25 01:38:09.130,2.3996,2.4001,9.90,9.50
2007.05.25 01:38:09.248,2.3996,2.4001,8.40,13.50
2007.05.25 01:38:09.293,2.3997,2.4001,0.50,13.50
2007.05.25 01:38:10.329,2.3996,2.4001,9.10,9.50
2007.05.25 01:38:13.252,2.3998,2.4001,2.00,9.50
2007.05.25 01:38:13.346,2.3998,2.4001,2.00,4.00
2007.05.25 01:38:13.380,2.3998,2.40015,2.00,4.00
2007.05.25 01:38:14.655,2.3997,2.40015,12.30,4.00
2007.05.25 01:38:14.698,2.3997,2.40015,9.90,4.00
2007.05.25 01:38:14.814,2.3997,2.4,9.90,6.40
2007.05.25 01:38:14.896,2.3997,2.4,2.00,6.40
2007.05.25 01:38:15.021,2.3997,2.4,2.00,10.40
2007.05.25 01:38:15.260,2.3996,2.3999,4.70,7.50
2007.05.25 01:38:15.354,2.3997,2.4,2.00,10.40
2007.05.25 01:38:15.437,2.3997,2.4,2.00,6.40
2007.05.25 01:38:15.537,2.3999,2.4,2.00,6.40
2007.05.25 01:38:15.554,2.3999,2.40015,2.00,4.00
2007.05.25 01:38:15.725,2.3999,2.40015,9.90,4.00
2007.05.25 01:38:16.364,2.3999,2.40015,7.90,4.00
2007.05.25 01:38:16.440,2.3999,2.4001,7.90,4.00
2007.05.25 01:38:16.448,2.3997,2.4001,2.00,9.50
2007.05.25 01:38:16.946,2.39985,2.4001,3.90,5.50
2007.05.25 01:38:17.151,2.3999,2.4001,0.80,5.50
2007.05.25 01:38:17.161,2.3999,2.4001,0.80,9.50
2007.05.25 01:38:17.293,2.3997,2.4001,2.00,9.50
2007.05.25 01:38:18.896,2.3997,2.4001,10.70,4.00
2007.05.25 01:38:18.968,2.3997,2.4002,10.70,8.00
2007.05.25 01:38:19.179,2.3998,2.4002,0.80,8.00
2007.05.25 01:38:19.203,2.3998,2.4002,0.80,4.00
2007.05.25 01:38:19.389,2.3998,2.4003,0.80,4.00
2007.05.25 01:38:20.400,2.39975,2.4003,3.90,8.00
2007.05.25 01:38:20.492,2.3997,2.4002,8.70,4.00
2007.05.25 01:38:20.719,2.3997,2.40015,8.70,4.00
2007.05.25 01:38:24.067,2.3997,2.4001,8.70,4.00
2007.05.25 01:38:24.147,2.3997,2.4001,7.90,4.00
2007.05.25 01:38:25.089,2.3997,2.40015,7.90,4.00
2007.05.25 01:38:26.299,2.3997,2.40015,8.70,4.00
2007.05.25 01:38:26.370,2.3997,2.4002,12.60,4.00
2007.05.25 01:38:26.733,2.3997,2.40025,15.00,4.00
2007.05.25 01:38:26.819,2.3998,2.40025,2.00,4.00
2007.05.25 01:38:28.673,2.3997,2.4002,12.60,4.00
2007.05.25 01:38:28.886,2.3997,2.4002,11.80,8.00
2007.05.25 01:38:28.898,2.3997,2.40015,7.90,4.00
2007.05.25 01:38:30.212,2.3998,2.40015,2.00,4.00
2007.05.25 01:38:30.424,2.3998,2.40025,2.00,4.00
2007.05.25 01:38:30.499,2.3998,2.40025,2.00,0.60
2007.05.25 01:38:32.365,2.3998,2.4002,2.00,8.00
2007.05.25 01:38:32.488,2.3998,2.4002,2.00,12.00
2007.05.25 01:38:34.934,2.3998,2.4002,2.00,14.40
2007.05.25 01:38:35.243,2.3998,2.4002,2.00,12.00
2007.05.25 01:38:35.707,2.3998,2.4002,7.50,12.00
2007.05.25 01:38:35.762,2.3998,2.4002,7.50,8.00
2007.05.25 01:38:35.790,2.3998,2.4002,8.30,8.00
2007.05.25 01:38:35.888,2.3998,2.4002,8.30,4.00
2007.05.25 01:38:36.435,2.3999,2.4002,0.80,4.00
2007.05.25 01:38:36.520,2.3999,2.4002,4.70,4.00
2007.05.25 01:38:36.729,2.3999,2.4002,4.70,6.00
2007.05.25 01:38:37.247,2.3999,2.4002,3.90,6.00
2007.05.25 01:38:37.325,2.3998,2.4002,8.30,6.00
2007.05.25 01:38:37.366,2.3998,2.4002,2.80,6.00
2007.05.25 01:38:37.550,2.3998,2.4002,2.80,10.00
2007.05.25 01:38:37.552,2.3998,2.4002,2.80,14.00
2007.05.25 01:38:37.862,2.3998,2.4002,2.00,14.00
2007.05.25 01:38:37.953,2.3998,2.4002,2.00,16.40
2007.05.25 01:38:41.657,2.3998,2.4002,2.00,14.00
2007.05.25 01:38:41.775,2.3998,2.4002,2.00,10.00
2007.05.25 01:38:41.807,2.3998,2.4002,7.50,8.00
2007.05.25 01:38:41.893,2.3998,2.4002,8.30,4.00
2007.05.25 01:38:41.981,2.3998,2.4002,11.50,4.00
2007.05.25 01:38:42.688,2.3998,2.4003,11.50,4.00
2007.05.25 01:38:42.703,2.4,2.4003,2.00,4.00
2007.05.25 01:38:42.923,2.4,2.4004,2.00,19.40
2007.05.25 01:38:45.382,2.4,2.4004,2.00,17.00
2007.05.25 01:38:45.939,2.4,2.4004,2.00,13.00
2007.05.25 01:38:46.203,2.4,2.4004,2.00,17.00
2007.05.25 01:38:48.922,2.4,2.4004,2.00,19.40
2007.05.25 01:38:48.991,2.3999,2.4004,9.90,20.20
2007.05.25 01:38:49.001,2.3999,2.40035,9.90,4.00
2007.05.25 01:38:51.101,2.3999,2.40035,13.90,4.00
2007.05.25 01:38:51.299,2.3999,2.4004,13.90,17.00
2007.05.25 01:38:51.463,2.3999,2.4004,13.90,19.40
2007.05.25 01:38:51.531,2.3999,2.4003,6.00,5.50
2007.05.25 01:38:52.950,2.4,2.4003,2.00,5.50
2007.05.25 01:38:53.463,2.4001,2.4004,2.00,12.80
2007.05.25 01:38:53.614,2.4001,2.4004,2.00,12.00
2007.05.25 01:38:53.668,2.4001,2.4004,2.00,8.00
2007.05.25 01:38:53.761,2.4001,2.4002,2.00,4.00
2007.05.25 01:38:54.085,2.4001,2.4002,2.00,8.00
2007.05.25 01:38:54.481,2.4001,2.4002,2.00,4.00
2007.05.25 01:38:54.712,2.4001,2.40025,2.00,4.00
2007.05.25 01:38:55.021,2.3999,2.4001,6.00,5.50
2007.05.25 01:38:55.127,2.3999,2.4001,2.00,5.50
2007.05.25 01:38:55.381,2.3998,2.4001,4.40,5.50
2007.05.25 01:38:55.494,2.3998,2.4003,4.40,14.30
2007.05.25 01:38:55.650,2.4,2.4003,2.00,4.00
2007.05.25 01:38:56.655,2.4,2.4004,2.00,15.60
2007.05.25 01:38:56.681,2.4,2.4004,2.00,14.80
2007.05.25 01:39:03.262,2.4,2.4004,2.00,10.80
2007.05.25 01:39:04.297,2.3999,2.4004,15.80,10.80
2007.05.25 01:39:04.698,2.3999,2.4004,7.90,18.70
2007.05.25 01:39:04.743,2.3999,2.4002,7.90,4.00
2007.05.25 01:39:07.683,2.3998,2.4002,15.40,4.00
2007.05.25 01:39:08.560,2.3999,2.4002,5.10,4.00
2007.05.25 01:39:08.749,2.3999,2.4002,9.90,4.00
2007.05.25 01:39:09.672,2.4001,2.4002,0.50,4.00
2007.05.25 01:39:10.041,2.4001,2.4004,0.50,4.00
2007.05.25 01:39:11.969,2.4,2.4005,12.30,13.90
2007.05.25 01:39:12.042,2.4001,2.4005,1.20,11.90
2007.05.25 01:39:14.341,2.4001,2.4005,1.00,11.10
2007.05.25 01:39:14.466,2.4001,2.4005,1.20,10.30
2007.05.25 01:39:14.490,2.4,2.4005,12.30,9.50
2007.05.25 01:39:18.804,2.4001,2.4005,1.00,13.50
2007.05.25 01:39:19.903,2.4,2.4005,6.00,15.90
2007.05.25 01:39:19.985,2.4001,2.4004,1.40,4.00
2007.05.25 01:39:26.387,2.3999,2.4004,6.20,6.00
2007.05.25 01:39:26.731,2.3998,2.4002,20.20,4.00
2007.05.25 01:39:26.967,2.3999,2.4002,3.00,4.00
2007.05.25 01:39:28.711,2.3999,2.4002,9.90,4.00
2007.05.25 01:39:28.735,2.4,2.4002,2.60,4.00
2007.05.25 01:39:33.230,2.3999,2.4004,9.90,13.90
2007.05.25 01:39:33.246,2.4,2.4004,6.70,4.00
2007.05.25 01:39:33.410,2.4,2.4004,6.70,6.40
2007.05.25 01:39:34.137,2.4001,2.4002,0.50,2.40
2007.05.25 01:39:34.243,2.4001,2.4002,1.30,6.40
2007.05.25 01:39:34.499,2.3999,2.4002,0.90,6.40
2007.05.25 01:39:35.171,2.3998,2.4002,6.70,4.00
2007.05.25 01:39:35.266,2.3999,2.4003,0.60,12.30
2007.05.25 01:39:35.377,2.3998,2.4003,6.70,11.50
2007.05.25 01:39:35.385,2.3998,2.4003,10.70,7.50
2007.05.25 01:39:35.441,2.3999,2.40035,9.90,4.00
2007.05.25 01:39:35.600,2.3999,2.4004,14.60,6.40
2007.05.25 01:39:36.416,2.4001,2.4005,2.00,9.90
2007.05.25 01:39:36.521,2.4001,2.4005,2.00,7.50
2007.05.25 01:39:36.550,2.4001,2.4005,2.00,9.50
2007.05.25 01:39:36.641,2.4001,2.40045,2.00,4.00
2007.05.25 01:39:36.856,2.4001,2.4005,2.00,9.50
2007.05.25 01:39:41.739,2.4001,2.4005,2.80,9.50
2007.05.25 01:39:41.755,2.4001,2.4005,3.60,9.50
2007.05.25 01:39:42.053,2.4001,2.4005,4.40,9.50
2007.05.25 01:39:42.242,2.4001,2.4005,3.60,9.50
2007.05.25 01:39:42.327,2.4001,2.4005,2.80,9.50
2007.05.25 01:39:42.439,2.4001,2.4005,3.60,9.50
2007.05.25 01:39:42.557,2.4001,2.4005,3.60,9.50
2007.05.25 01:39:42.995,2.4001,2.4005,4.40,9.50
2007.05.25 01:39:43.089,2.4001,2.4005,12.30,4.00
2007.05.25 01:39:43.157,2.4002,2.4005,2.40,4.00
2007.05.25 01:39:43.314,2.4003,2.4005,2.00,4.00
2007.05.25 01:39:43.572,2.4003,2.4008,2.80,13.50
2007.05.25 01:39:43.662,2.4003,2.4008,2.80,9.50
2007.05.25 01:39:43.763,2.4003,2.4008,2.80,13.50
2007.05.25 01:39:45.479,2.4003,2.4008,6.00,13.50
2007.05.25 01:39:46.284,2.4003,2.4008,4.00,13.50
2007.05.25 01:39:46.411,2.4003,2.4008,4.00,12.00
2007.05.25 01:39:46.574,2.4003,2.4007,4.00,4.00
2007.05.25 01:39:47.596,2.4002,2.4007,4.00,8.00
2007.05.25 01:39:49.230,2.4002,2.4007,4.00,10.40
2007.05.25 01:39:49.357,2.40015,2.4006,3.90,2.00
2007.05.25 01:39:49.432,2.4001,2.4006,17.80,2.00
2007.05.25 01:39:49.723,2.4001,2.4006,17.80,6.00
2007.05.25 01:39:49.783,2.4001,2.4005,5.90,5.50
2007.05.25 01:39:49.903,2.4001,2.4005,2.00,9.50
2007.05.25 01:39:51.785,2.4001,2.4005,13.90,4.00
2007.05.25 01:39:51.963,2.4001,2.4006,13.90,5.60
2007.05.25 01:39:52.180,2.40015,2.4006,3.90,1.60
2007.05.25 01:39:52.202,2.4002,2.4007,4.00,13.50
2007.05.25 01:39:52.307,2.4002,2.4007,4.00,8.00
2007.05.25 01:39:52.387,2.4002,2.4007,4.00,4.00
2007.05.25 01:39:56.198,2.4002,2.4007,4.00,6.40
2007.05.25 01:39:56.210,2.4002,2.4006,4.00,2.00
2007.05.25 01:39:56.494,2.4002,2.4006,4.00,2.80
2007.05.25 01:39:56.506,2.4002,2.4006,4.00,3.60
2007.05.25 01:39:56.584,2.4002,2.4006,4.00,4.40
2007.05.25 01:39:56.691,2.4002,2.4006,4.00,6.00
2007.05.25 01:39:56.722,2.4002,2.4005,4.00,5.50
2007.05.25 01:39:56.904,2.4002,2.4005,4.00,9.50
2007.05.25 01:39:58.038,2.4002,2.4005,4.00,13.50
2007.05.25 01:39:58.093,2.4001,2.4005,2.00,13.50
2007.05.25 01:40:06.326,2.4001,2.4005,9.90,8.00
2007.05.25 01:40:06.405,2.4001,2.4005,9.90,4.00
2007.05.25 01:40:06.734,2.4001,2.4006,13.90,4.80
2007.05.25 01:40:06.987,2.4001,2.4007,13.90,17.50
2007.05.25 01:40:07.468,2.4002,2.4006,0.80,0.70
2007.05.25 01:40:07.598,2.4002,2.4006,1.60,4.80
2007.05.25 01:40:07.641,2.4002,2.4006,2.40,4.80
2007.05.25 01:40:07.942,2.4002,2.40055,4.80,0.90
2007.05.25 01:40:08.317,2.4003,2.40055,2.00,0.70
2007.05.25 01:40:09.337,2.4003,2.4008,2.00,25.80
2007.05.25 01:40:10.447,2.4003,2.4007,2.00,0.70
2007.05.25 01:40:10.560,2.4003,2.4008,2.00,27.40
2007.05.25 01:40:10.791,2.4003,2.4008,2.00,30.60
2007.05.25 01:40:11.541,2.4003,2.4007,2.00,0.90
2007.05.25 01:40:11.579,2.4003,2.4008,2.00,33.80
2007.05.25 01:40:11.588,2.4003,2.4007,2.00,0.50
2007.05.25 01:40:12.911,2.4003,2.4008,2.00,30.60
2007.05.25 01:40:13.078,2.4003,2.4007,2.00,14.30
2007.05.25 01:40:13.919,2.4003,2.4007,2.00,14.30
2007.05.25 01:40:14.381,2.4003,2.4007,2.00,14.30
2007.05.25 01:40:16.548,2.4003,2.4007,4.40,14.30
2007.05.25 01:40:16.674,2.4004,2.4007,2.00,10.30
2007.05.25 01:40:16.922,2.4004,2.4008,2.00,25.00
2007.05.25 01:40:16.944,2.4004,2.4007,2.00,0.90
2007.05.25 01:40:22.831,2.4003,2.40075,2.00,9.50
2007.05.25 01:40:25.118,2.4003,2.40075,4.40,9.50
2007.05.25 01:40:25.427,2.4003,2.4007,4.40,9.50
2007.05.25 01:40:25.683,2.4004,2.40065,2.00,0.50
2007.05.25 01:40:27.078,2.4004,2.4007,2.00,0.90
2007.05.25 01:40:32.582,2.4004,2.4008,4.40,19.00
2007.05.25 01:40:35.235,2.4004,2.4007,2.00,8.70
2007.05.25 01:40:35.260,2.4003,2.4007,0.80,8.70
2007.05.25 01:40:35.490,2.40025,2.4007,3.90,8.70
2007.05.25 01:40:35.516,2.4002,2.4007,5.20,12.70
2007.05.25 01:40:36.680,2.4002,2.4006,5.20,3.20
2007.05.25 01:40:37.019,2.4002,2.4005,5.20,5.50
2007.05.25 01:40:37.088,2.4002,2.4005,4.40,5.50
2007.05.25 01:40:37.678,2.4004,2.4005,2.40,5.50
2007.05.25 01:40:37.720,2.4004,2.4005,4.40,5.50
2007.05.25 01:40:38.385,2.4004,2.4007,4.40,5.50
2007.05.25 01:40:42.591,2.4004,2.4007,2.00,5.50
2007.05.25 01:40:42.670,2.4003,2.4007,6.70,5.50
2007.05.25 01:40:42.905,2.4003,2.4007,2.80,5.50
2007.05.25 01:40:44.243,2.4003,2.4008,2.80,11.90
2007.05.25 01:40:44.698,2.4003,2.4008,6.70,7.90
2007.05.25 01:40:45.266,2.4003,2.4007,6.70,1.60
2007.05.25 01:40:45.511,2.4003,2.4007,4.70,1.60
2007.05.25 01:40:46.386,2.4003,2.4007,3.90,1.60
2007.05.25 01:40:46.443,2.4002,2.4007,4.70,1.60
2007.05.25 01:40:48.113,2.4002,2.4007,4.70,0.80
2007.05.25 01:40:48.876,2.4002,2.40075,4.70,4.00
2007.05.25 01:40:49.278,2.4003,2.40075,0.80,4.00
2007.05.25 01:40:49.628,2.4003,2.4008,0.80,4.00
2007.05.25 01:40:49.922,2.4003,2.4008,4.00,4.00
2007.05.25 01:40:53.683,2.4003,2.4008,4.00,8.80
2007.05.25 01:40:53.778,2.4003,2.4008,4.00,16.70
2007.05.25 01:40:53.890,2.4003,2.40075,4.00,4.00
2007.05.25 01:40:56.100,2.4002,2.40075,7.90,4.00
2007.05.25 01:40:58.710,2.4003,2.4008,4.00,8.00
2007.05.25 01:41:05.287,2.4003,2.4008,6.00,8.00
2007.05.25 01:41:05.307,2.40035,2.4008,3.90,4.00
2007.05.25 01:41:06.560,2.4004,2.4008,4.00,4.00
2007.05.25 01:41:07.048,2.40035,2.4008,3.90,4.00
2007.05.25 01:41:07.075,2.4003,2.4008,4.00,8.00
2007.05.25 01:41:07.256,2.4003,2.4008,4.00,8.80
2007.05.25 01:41:07.375,2.4003,2.4007,4.00,4.00
2007.05.25 01:41:07.484,2.4002,2.4007,4.00,4.00
2007.05.25 01:41:08.667,2.4002,2.4007,4.00,4.80
2007.05.25 01:41:08.693,2.4003,2.4007,5.50,4.80
2007.05.25 01:41:09.259,2.4003,2.4007,5.50,4.00
2007.05.25 01:41:17.174,2.4003,2.4007,9.50,4.00
2007.05.25 01:41:17.280,2.4003,2.4008,9.50,4.00
2007.05.25 01:41:21.108,2.4003,2.4008,11.10,4.00
2007.05.25 01:41:21.182,2.4003,2.4008,5.60,4.00
2007.05.25 01:41:21.735,2.4003,2.4008,4.00,4.00
2007.05.25 01:41:21.809,2.40025,2.4008,3.90,4.80
2007.05.25 01:41:21.892,2.4002,2.4007,4.00,4.00
2007.05.25 01:41:34.188,2.4002,2.4007,8.00,4.00
2007.05.25 01:41:34.233,2.4003,2.4007,5.50,4.00
2007.05.25 01:41:34.836,2.4003,2.4007,9.50,4.00
2007.05.25 01:41:34.861,2.4003,2.4008,9.50,4.00
2007.05.25 01:41:55.675,2.4003,2.4008,9.50,6.40
2007.05.25 01:41:55.799,2.4003,2.4007,9.50,4.00
2007.05.25 01:41:55.806,2.4003,2.4007,11.90,4.00
2007.05.25 01:41:57.564,2.4003,2.4007,7.90,4.00
2007.05.25 01:42:05.193,2.4003,2.4007,7.90,6.40
2007.05.25 01:42:05.259,2.4002,2.4007,16.20,6.40
2007.05.25 01:42:05.302,2.4002,2.4007,15.40,6.40
2007.05.25 01:42:05.418,2.4002,2.4007,11.50,10.40
2007.05.25 01:42:05.798,2.4002,2.4007,11.50,8.00
2007.05.25 01:42:06.778,2.4002,2.4007,7.50,8.80
2007.05.25 01:42:06.926,2.4002,2.40065,7.50,4.00
2007.05.25 01:42:07.095,2.4002,2.40065,11.50,4.00
2007.05.25 01:42:07.184,2.4002,2.4007,11.50,8.00
2007.05.25 01:42:09.694,2.4002,2.4007,13.90,8.00
2007.05.25 01:42:09.806,2.4002,2.4007,14.70,4.00
2007.05.25 01:42:09.918,2.4003,2.4007,7.90,4.00
2007.05.25 01:42:09.982,2.4003,2.40075,7.90,4.00
2007.05.25 01:42:11.030,2.4003,2.40075,1.90,4.00
2007.05.25 01:42:13.802,2.4003,2.40065,3.30,4.00
2007.05.25 01:42:14.002,2.4001,2.40065,15.00,4.00
2007.05.25 01:42:15.723,2.4001,2.40065,19.80,4.00
2007.05.25 01:42:15.816,2.4002,2.40065,4.80,4.00
2007.05.25 01:42:15.863,2.40025,2.4007,6.30,4.00
2007.05.25 01:42:16.013,2.40025,2.4008,9.10,11.90
2007.05.25 01:42:16.350,2.4003,2.4008,4.00,7.90
2007.05.25 01:42:17.132,2.4003,2.4008,0.50,10.30
2007.05.25 01:42:17.239,2.4002,2.4008,15.40,10.30
2007.05.25 01:42:17.332,2.4002,2.4007,15.40,2.00
2007.05.25 01:42:17.377,2.40025,2.4007,6.70,6.00
2007.05.25 01:42:17.603,2.4002,2.4007,11.50,10.00
2007.05.25 01:42:17.743,2.4002,2.4007,8.30,10.00
2007.05.25 01:42:18.462,2.4003,2.4007,1.30,10.80
2007.05.25 01:42:18.468,2.4002,2.4007,8.30,11.60
2007.05.25 01:42:18.611,2.4002,2.4007,8.30,12.40
2007.05.25 01:42:22.752,2.4003,2.4007,0.80,11.60
2007.05.25 01:42:22.804,2.4002,2.4007,10.70,10.80
2007.05.25 01:42:22.848,2.4002,2.4007,10.70,6.80
2007.05.25 01:42:22.911,2.4003,2.4007,1.20,4.80
2007.05.25 01:42:22.958,2.4002,2.40075,14.60,4.00
2007.05.25 01:42:26.421,2.4003,2.4007,0.60,4.00
2007.05.25 01:42:26.430,2.4002,2.4007,12.20,6.00
2007.05.25 01:42:26.538,2.4002,2.4007,8.30,10.00
2007.05.25 01:42:30.349,2.4002,2.4007,12.20,6.00
2007.05.25 01:42:36.631,2.40025,2.4007,5.90,2.00
2007.05.25 01:42:36.648,2.4003,2.4008,1.20,18.30
2007.05.25 01:42:37.345,2.4003,2.4008,0.60,20.70
2007.05.25 01:42:37.369,2.4003,2.4008,0.80,20.70
2007.05.25 01:42:37.693,2.4002,2.4008,6.70,24.70
2007.05.25 01:42:37.709,2.4001,2.40075,21.80,4.00
2007.05.25 01:42:37.777,2.4002,2.40075,6.30,4.00
2007.05.25 01:42:37.871,2.4002,2.40075,14.60,4.00
2007.05.25 01:42:38.071,2.4002,2.40075,17.80,4.00
2007.05.25 01:42:38.213,2.40025,2.4008,6.70,18.30
2007.05.25 01:42:38.291,2.4004,2.4008,3.00,10.40
2007.05.25 01:42:38.414,2.4003,2.4007,13.00,0.80
2007.05.25 01:42:38.470,2.4003,2.4007,16.90,2.40
2007.05.25 01:42:41.904,2.4003,2.4007,4.70,2.40
2007.05.25 01:42:41.938,2.4003,2.4007,4.70,6.40
2007.05.25 01:42:42.036,2.4003,2.4007,0.80,6.40
2007.05.25 01:42:42.232,2.40025,2.4007,3.90,6.40
2007.05.25 01:42:42.255,2.4002,2.4007,6.70,6.40
2007.05.25 01:42:42.328,2.4002,2.4007,12.20,6.40
2007.05.25 01:42:42.350,2.4002,2.4007,14.60,2.40
2007.05.25 01:42:42.446,2.4003,2.4007,2.00,2.40
2007.05.25 01:42:42.763,2.4003,2.4007,2.80,2.40
2007.05.25 01:42:45.226,2.4003,2.4007,6.00,2.40
2007.05.25 01:42:46.205,2.4003,2.4007,8.40,2.40
2007.05.25 01:42:46.342,2.4004,2.4007,5.50,2.40
2007.05.25 01:42:46.447,2.4004,2.4007,7.50,2.40
2007.05.25 01:42:47.146,2.4004,2.4007,7.50,1.60
2007.05.25 01:42:47.159,2.4004,2.4007,7.50,0.80
2007.05.25 01:42:47.373,2.4004,2.40085,7.50,4.00
2007.05.25 01:42:51.852,2.4004,2.4008,7.50,7.20
2007.05.25 01:42:51.935,2.4004,2.4008,2.00,19.10
2007.05.25 01:42:52.036,2.4003,2.4008,4.00,19.10
2007.05.25 01:42:52.237,2.40025,2.4008,3.90,19.90
2007.05.25 01:42:52.346,2.40025,2.4008,3.90,12.00
2007.05.25 01:42:52.440,2.40025,2.4008,3.90,16.00
2007.05.25 01:42:52.458,2.4002,2.40075,13.40,4.00
2007.05.25 01:42:52.495,2.4002,2.4007,13.40,4.80
2007.05.25 01:42:52.686,2.4002,2.4007,13.40,8.80
2007.05.25 01:42:54.915,2.4003,2.4007,2.40,8.00
2007.05.25 01:42:54.951,2.4003,2.4007,2.40,4.00
2007.05.25 01:42:54.969,2.4004,2.4007,7.50,4.00
2007.05.25 01:42:55.000,2.4004,2.4008,7.50,4.80
2007.05.25 01:42:55.042,2.4004,2.4008,7.50,4.00
2007.05.25 01:42:55.279,2.4004,2.4008,7.50,6.40
2007.05.25 01:42:55.328,2.4004,2.4008,2.00,14.30
2007.05.25 01:42:55.357,2.4004,2.4008,2.00,15.10
2007.05.25 01:42:55.438,2.4003,2.4008,7.90,15.10
2007.05.25 01:42:55.495,2.4003,2.4008,4.00,19.10
2007.05.25 01:42:55.634,2.40025,2.4008,3.90,19.90
2007.05.25 01:42:55.747,2.4002,2.40075,9.90,4.00
2007.05.25 01:42:56.388,2.4002,2.4007,9.90,4.80
2007.05.25 01:42:56.463,2.4002,2.4007,15.40,4.80
2007.05.25 01:42:56.504,2.4002,2.4007,15.40,8.80
2007.05.25 01:42:56.569,2.4002,2.4007,13.40,8.80
2007.05.25 01:42:57.214,2.4004,2.4007,4.00,8.00
2007.05.25 01:42:57.280,2.4004,2.4007,7.90,4.00
2007.05.25 01:42:57.430,2.4004,2.4009,7.90,10.30
2007.05.25 01:43:00.267,2.4004,2.4009,4.70,10.30
2007.05.25 01:43:01.390,2.4004,2.4009,4.70,9.50
2007.05.25 01:43:01.423,2.4004,2.4009,4.70,4.00
2007.05.25 01:43:01.592,2.4004,2.4009,6.70,4.00
2007.05.25 01:43:01.966,2.4004,2.40095,6.70,4.00
2007.05.25 01:43:04.793,2.4004,2.40095,4.70,4.00
2007.05.25 01:43:05.147,2.4004,2.4009,3.90,4.00
2007.05.25 01:43:05.170,2.4003,2.40085,20.60,4.00
2007.05.25 01:43:05.254,2.4003,2.4008,12.70,7.90
2007.05.25 01:43:05.294,2.4003,2.4008,8.70,7.90
2007.05.25 01:43:05.360,2.4003,2.4008,4.70,7.90
2007.05.25 01:43:09.221,2.4003,2.4008,4.70,10.30
2007.05.25 01:43:09.257,2.4003,2.4008,4.70,11.10
2007.05.25 01:43:09.277,2.4003,2.40075,0.80,4.00
2007.05.25 01:43:09.383,2.4002,2.40075,6.70,4.00
2007.05.25 01:43:19.168,2.4002,2.4006,6.70,2.40
2007.05.25 01:43:19.394,2.4002,2.4006,6.70,7.20
2007.05.25 01:43:19.443,2.4002,2.40055,2.80,4.00
2007.05.25 01:43:19.597,2.4,2.40055,6.70,4.00
2007.05.25 01:43:21.200,2.4001,2.40055,2.40,4.00
2007.05.25 01:43:21.221,2.4002,2.40055,2.00,4.00
2007.05.25 01:43:21.470,2.4002,2.4006,2.00,8.70
2007.05.25 01:43:22.279,2.4001,2.4006,4.70,8.70
2007.05.25 01:43:22.342,2.4001,2.4006,4.70,17.50
2007.05.25 01:43:22.515,2.4001,2.40055,0.80,4.00
2007.05.25 01:43:22.563,2.4,2.40055,6.70,4.00
2007.05.25 01:43:25.711,2.4,2.4004,6.70,3.20
2007.05.25 01:43:25.785,2.4,2.4004,2.80,3.20
2007.05.25 01:43:25.884,2.3999,2.4004,4.70,11.10
2007.05.25 01:43:28.659,2.3999,2.4004,7.10,11.10
2007.05.25 01:43:28.763,2.4,2.4004,2.00,7.90
2007.05.25 01:43:28.824,2.4,2.4004,5.90,7.90
2007.05.25 01:43:28.880,2.4,2.40055,6.70,4.00
2007.05.25 01:43:29.171,2.4,2.40055,4.70,4.00
2007.05.25 01:43:29.267,2.4,2.4004,4.70,3.20
2007.05.25 01:43:29.291,2.4,2.4004,4.70,11.10
2007.05.25 01:43:29.385,2.4,2.4004,3.90,11.10
2007.05.25 01:43:29.414,2.3999,2.4004,4.70,11.10
2007.05.25 01:43:31.732,2.3999,2.4004,4.70,13.50
2007.05.25 01:43:34.753,2.3999,2.40035,0.80,4.00
2007.05.25 01:43:34.798,2.3998,2.40035,6.70,4.00
2007.05.25 01:43:35.242,2.3998,2.4002,4.70,7.90
2007.05.25 01:43:35.293,2.3998,2.4002,4.70,11.10
2007.05.25 01:43:36.676,2.3998,2.4002,6.70,11.10
2007.05.25 01:43:36.899,2.3998,2.4002,5.90,11.10
2007.05.25 01:43:37.057,2.3998,2.4002,2.00,11.10
2007.05.25 01:43:37.222,2.3998,2.4002,2.00,7.90
2007.05.25 01:43:37.276,2.3998,2.4002,2.00,5.50
2007.05.25 01:43:38.262,2.3998,2.4002,2.80,5.50
2007.05.25 01:43:38.379,2.3999,2.4002,2.40,5.50
2007.05.25 01:43:38.672,2.3999,2.4001,2.40,5.50
2007.05.25 01:43:39.278,2.3999,2.4001,2.40,7.90
2007.05.25 01:43:39.406,2.3998,2.4001,0.80,7.90
2007.05.25 01:43:39.433,2.3998,2.4001,4.70,7.90
2007.05.25 01:43:40.579,2.3998,2.4002,4.70,9.50
2007.05.25 01:43:41.878,2.3998,2.4002,0.80,9.50
2007.05.25 01:43:41.967,2.3997,2.4002,4.70,9.50
2007.05.25 01:43:44.083,2.3997,2.4002,4.70,8.70
2007.05.25 01:43:44.706,2.3997,2.4002,7.10,7.90
2007.05.25 01:43:44.823,2.3997,2.4002,11.10,7.90
2007.05.25 01:43:44.905,2.3998,2.4002,2.00,7.90
2007.05.25 01:43:44.961,2.3998,2.40025,2.00,4.00
2007.05.25 01:43:45.403,2.3998,2.40025,2.80,4.00
2007.05.25 01:43:45.484,2.3998,2.4003,2.80,4.00
2007.05.25 01:43:46.377,2.3998,2.4002,2.80,0.80
2007.05.25 01:43:46.652,2.3998,2.4002,0.80,8.70
2007.05.25 01:43:46.727,2.3998,2.4002,0.80,0.80
2007.05.25 01:43:46.768,2.3998,2.4003,0.80,4.00
2007.05.25 01:43:46.779,2.3998,2.40025,0.80,4.00
2007.05.25 01:43:46.832,2.3998,2.40025,2.00,4.00
2007.05.25 01:43:47.516,2.3998,2.4003,5.90,4.00
2007.05.25 01:43:47.554,2.3998,2.40035,6.70,4.00
2007.05.25 01:43:48.218,2.3998,2.4002,6.70,3.20
2007.05.25 01:43:48.303,2.3998,2.4002,2.80,3.20
2007.05.25 01:43:48.538,2.3998,2.40015,2.80,4.00
2007.05.25 01:43:48.685,2.3996,2.40015,6.70,4.00
2007.05.25 01:43:50.243,2.3997,2.40015,2.40,4.00
2007.05.25 01:43:50.323,2.3998,2.40015,2.00,4.00
2007.05.25 01:43:50.780,2.3998,2.40015,2.80,4.00
2007.05.25 01:43:50.922,2.3998,2.40035,6.70,4.00
2007.05.25 01:43:52.401,2.3998,2.4004,6.70,25.50
2007.05.25 01:43:57.043,2.3998,2.4003,2.80,0.50
2007.05.25 01:43:58.518,2.3998,2.40035,6.70,0.70
2007.05.25 01:43:59.321,2.3998,2.40035,4.70,0.60
2007.05.25 01:43:59.829,2.3998,2.40035,4.70,4.80
2007.05.25 01:44:00.017,2.3998,2.40035,4.70,12.70
2007.05.25 01:44:00.904,2.3998,2.4002,0.80,0.70
2007.05.25 01:44:01.168,2.3998,2.4002,0.80,0.90
2007.05.25 01:44:02.427,2.3997,2.40025,4.70,19.10
2007.05.25 01:44:02.613,2.3997,2.40015,0.80,0.90
2007.05.25 01:44:04.870,2.3997,2.4003,0.80,26.70
2007.05.25 01:44:05.142,2.3997,2.4002,0.80,15.10
2007.05.25 01:44:09.471,2.3997,2.40015,0.80,9.50
2007.05.25 01:44:09.552,2.3997,2.40015,0.80,10.30
2007.05.25 01:44:09.809,2.3996,2.4001,4.70,0.80
2007.05.25 01:44:10.764,2.3996,2.4001,4.70,0.50
2007.05.25 01:44:10.845,2.3996,2.4002,10.20,8.80
2007.05.25 01:44:10.916,2.3997,2.4002,0.80,4.80
2007.05.25 01:44:10.968,2.3997,2.40025,4.70,4.80
2007.05.25 01:44:11.538,2.3998,2.40025,5.50,4.80
2007.05.25 01:44:11.666,2.3998,2.4003,5.50,12.00
2007.05.25 01:44:11.715,2.3999,2.4003,0.80,8.00
2007.05.25 01:44:11.758,2.3999,2.4003,0.80,0.70
2007.05.25 01:44:11.999,2.3999,2.4004,0.80,28.70
2007.05.25 01:44:18.492,2.3999,2.40035,0.80,4.80
2007.05.25 01:44:18.593,2.3999,2.4003,0.80,0.80
2007.05.25 01:44:18.706,2.3999,2.40035,0.80,8.80
2007.05.25 01:44:18.765,2.3999,2.40035,0.80,10.80
2007.05.25 01:44:18.894,2.39985,2.4003,3.90,0.50
2007.05.25 01:44:18.936,2.3998,2.4003,6.30,14.00
2007.05.25 01:44:23.456,2.3998,2.4002,0.80,7.90
2007.05.25 01:44:23.514,2.3998,2.4002,0.80,8.70
2007.05.25 01:44:23.722,2.3998,2.4002,4.00,8.70
2007.05.25 01:44:24.031,2.3998,2.4002,4.00,11.10
2007.05.25 01:44:24.358,2.3998,2.4002,4.00,8.70
2007.05.25 01:44:24.518,2.3999,2.4002,4.00,8.70
2007.05.25 01:44:24.780,2.3999,2.4002,4.00,7.90
2007.05.25 01:44:24.973,2.3999,2.4003,4.00,9.50
2007.05.25 01:44:25.367,2.3999,2.4002,4.00,7.90
2007.05.25 01:44:25.570,2.3999,2.4002,4.00,8.70
2007.05.25 01:44:25.677,2.39985,2.4002,3.90,8.70
2007.05.25 01:44:25.760,2.3998,2.4002,4.00,8.70
2007.05.25 01:44:29.239,2.3998,2.4002,4.00,7.90
2007.05.25 01:44:29.307,2.3998,2.4003,6.00,13.50
2007.05.25 01:44:29.358,2.3998,2.4003,6.00,9.50
2007.05.25 01:44:30.606,2.39985,2.4003,3.90,5.50
2007.05.25 01:44:30.622,2.3999,2.4003,4.00,5.50
2007.05.25 01:44:31.292,2.3999,2.4002,4.00,7.90
2007.05.25 01:44:31.763,2.39985,2.4002,3.90,7.90
2007.05.25 01:44:31.909,2.3998,2.4002,4.00,7.90
2007.05.25 01:44:34.658,2.3998,2.4002,4.00,10.30
2007.05.25 01:44:34.761,2.3998,2.4002,4.00,11.10
2007.05.25 01:44:35.901,2.39975,2.4002,3.90,11.10
2007.05.25 01:44:36.006,2.3997,2.4002,4.00,15.10
2007.05.25 01:44:38.234,2.3997,2.4002,6.40,11.90
2007.05.25 01:44:38.354,2.3998,2.4002,2.00,4.00
2007.05.25 01:44:38.462,2.3999,2.4002,2.40,4.00
2007.05.25 01:44:38.508,2.3999,2.4002,10.30,4.00
2007.05.25 01:44:38.806,2.3999,2.4004,14.30,8.00
2007.05.25 01:44:38.967,2.3999,2.4004,14.30,5.60
2007.05.25 01:44:39.117,2.3999,2.4004,16.30,5.60
2007.05.25 01:44:39.582,2.39995,2.4004,3.90,1.60
2007.05.25 01:44:39.623,2.4,2.4004,4.00,1.60
2007.05.25 01:44:41.210,2.4,2.4003,4.00,2.40
2007.05.25 01:44:41.304,2.4,2.4003,4.00,4.40
2007.05.25 01:44:41.428,2.4,2.4003,4.00,7.60
2007.05.25 01:44:41.827,2.4,2.4003,4.00,11.60
2007.05.25 01:44:41.908,2.4,2.4002,4.00,4.00
2007.05.25 01:44:42.138,2.3998,2.4002,9.50,4.00
2007.05.25 01:44:43.054,2.3998,2.4002,4.00,4.00
2007.05.25 01:44:43.672,2.3999,2.4002,2.40,4.00
2007.05.25 01:44:43.789,2.3999,2.40025,2.40,4.00
2007.05.25 01:44:43.824,2.3999,2.40025,12.30,4.00
2007.05.25 01:44:43.956,2.4,2.40025,4.00,4.00
2007.05.25 01:44:43.988,2.4,2.4004,4.00,6.40
2007.05.25 01:44:44.549,2.4,2.4003,4.00,5.50
2007.05.25 01:44:45.112,2.4,2.4003,4.00,9.50
2007.05.25 01:44:45.437,2.4,2.4003,4.00,10.30
2007.05.25 01:44:45.452,2.4,2.4003,4.00,11.10
2007.05.25 01:44:45.504,2.4,2.4003,4.00,11.90
2007.05.25 01:44:45.731,2.4,2.4002,4.00,3.20
2007.05.25 01:44:45.810,2.4,2.4001,4.00,5.50
2007.05.25 01:44:45.839,2.4,2.4001,4.00,9.50
2007.05.25 01:44:46.062,2.39995,2.4001,3.90,9.50
2007.05.25 01:44:46.191,2.3999,2.4001,4.00,9.50
2007.05.25 01:44:46.558,2.3997,2.4001,4.00,9.50
2007.05.25 01:44:47.129,2.3998,2.4001,4.00,9.50
2007.05.25 01:44:47.235,2.3998,2.4001,4.00,4.00
2007.05.25 01:44:47.380,2.3998,2.4002,4.00,12.70
2007.05.25 01:44:47.553,2.3998,2.4002,4.00,8.70
2007.05.25 01:44:47.899,2.3998,2.4002,4.00,7.90
2007.05.25 01:44:48.179,2.3998,2.4003,6.00,9.50
2007.05.25 01:44:48.414,2.3999,2.4003,2.40,9.50
2007.05.25 01:44:48.474,2.3999,2.4003,10.30,4.00
2007.05.25 01:44:48.887,2.3999,2.4003,14.30,4.00
2007.05.25 01:44:49.029,2.3999,2.4004,14.30,8.00
2007.05.25 01:44:49.131,2.3999,2.4004,14.30,5.60
2007.05.25 01:44:49.209,2.3999,2.4004,16.30,5.60
2007.05.25 01:44:49.226,2.3999,2.4003,13.90,2.40
2007.05.25 01:44:49.327,2.3999,2.4003,4.00,9.90
2007.05.25 01:44:49.436,2.3999,2.4002,4.00,4.00
2007.05.25 01:44:50.025,2.39995,2.4002,3.90,4.00
2007.05.25 01:44:50.048,2.4,2.4002,4.00,4.00
2007.05.25 01:44:51.075,2.3998,2.4002,4.00,4.00
2007.05.25 01:44:51.589,2.39975,2.4002,7.90,4.00
2007.05.25 01:44:52.205,2.3998,2.4001,1.70,5.60
2007.05.25 01:44:52.415,2.3998,2.4001,2.40,7.60
2007.05.25 01:44:52.421,2.3998,2.4,0.90,5.60
2007.05.25 01:44:52.708,2.3998,2.3999,2.10,5.50
2007.05.25 01:44:52.789,2.3996,2.3999,1.80,5.50
2007.05.25 01:44:53.255,2.39955,2.3999,7.90,9.50
2007.05.25 01:44:53.383,2.39955,2.3999,7.90,4.00
2007.05.25 01:44:54.188,2.39955,2.4,7.90,4.00
2007.05.25 01:44:55.403,2.39955,2.4,4.70,4.00
2007.05.25 01:44:55.438,2.3995,2.4,20.20,4.00
2007.05.25 01:44:56.409,2.39955,2.4,4.70,4.00
2007.05.25 01:44:57.180,2.3996,2.4,4.70,4.00
2007.05.25 01:44:57.220,2.3997,2.4,0.80,4.00
2007.05.25 01:44:57.358,2.39965,2.4001,4.70,14.70
2007.05.25 01:44:57.373,2.3997,2.4001,0.80,4.00
2007.05.25 01:44:57.476,2.39965,2.40015,4.70,4.00
2007.05.25 01:44:58.685,2.3997,2.40015,1.90,4.00
2007.05.25 01:44:58.869,2.39965,2.40015,17.00,4.00
2007.05.25 01:44:58.936,2.3997,2.40015,16.30,4.00
2007.05.25 01:44:58.965,2.39975,2.4002,4.70,6.40
2007.05.25 01:44:59.650,2.3998,2.4001,0.80,2.40
2007.05.25 01:44:59.774,2.39975,2.4001,4.70,13.10
2007.05.25 01:44:59.903,2.3996,2.4001,4.70,13.10
2007.05.25 01:44:59.998,2.39955,2.40005,4.70,4.00
2007.05.25 01:45:00.262,2.3996,2.40005,3.20,4.00
2007.05.25 01:45:00.317,2.3996,2.40005,5.20,4.00
2007.05.25 01:45:00.401,2.3997,2.40005,16.30,4.00
2007.05.25 01:45:00.493,2.3998,2.4002,0.80,8.80
2007.05.25 01:45:01.270,2.3997,2.40015,16.30,4.00
2007.05.25 01:45:01.286,2.39965,2.40015,17.00,4.00
2007.05.25 01:45:02.172,2.3997,2.40015,16.30,4.00
2007.05.25 01:45:02.355,2.39975,2.4002,4.70,8.80
2007.05.25 01:45:02.761,2.39975,2.4002,4.70,6.40
2007.05.25 01:45:03.303,2.39975,2.4002,4.70,8.80
2007.05.25 01:45:03.702,2.39975,2.4002,4.70,6.40
2007.05.25 01:45:05.106,2.39975,2.4002,4.70,8.80
2007.05.25 01:45:07.087,2.3997,2.4002,16.20,12.80
2007.05.25 01:45:07.106,2.3997,2.40005,5.70,4.00
2007.05.25 01:45:07.271,2.3996,2.40005,12.30,4.00
2007.05.25 01:45:07.519,2.39955,2.40005,4.70,4.00
2007.05.25 01:45:07.673,2.3996,2.4,0.80,2.40
2007.05.25 01:45:10.487,2.39955,2.4,7.90,2.40
2007.05.25 01:45:11.761,2.39955,2.4,13.40,2.40
2007.05.25 01:45:11.775,2.3996,2.40005,0.90,4.00
2007.05.25 01:45:11.878,2.3996,2.40005,9.50,4.00
2007.05.25 01:45:11.942,2.3997,2.40015,0.60,4.00
2007.05.25 01:45:14.204,2.3997,2.4001,0.60,4.00
2007.05.25 01:45:14.227,2.3996,2.4001,0.60,4.00
2007.05.25 01:45:16.668,2.39955,2.4001,13.40,8.00
2007.05.25 01:45:17.195,2.3996,2.4001,1.80,4.00
2007.05.25 01:45:18.045,2.3996,2.40015,4.30,4.00
2007.05.25 01:45:18.282,2.39955,2.4001,13.40,4.00
2007.05.25 01:45:26.437,2.3996,2.4001,9.50,4.80
2007.05.25 01:45:26.573,2.3996,2.4001,9.50,5.60
2007.05.25 01:45:26.666,2.3996,2.4001,9.50,8.00
2007.05.25 01:45:26.713,2.3996,2.4001,9.50,8.80
2007.05.25 01:45:26.760,2.3996,2.4,9.50,4.00
2007.05.25 01:45:26.983,2.3996,2.4,5.50,4.00
2007.05.25 01:45:27.181,2.3996,2.4,5.50,8.00
2007.05.25 01:45:28.785,2.3996,2.4,5.50,10.40
2007.05.25 01:45:30.190,2.3995,2.4,8.40,18.30
2007.05.25 01:45:30.233,2.3995,2.4,6.00,19.10
2007.05.25 01:45:30.486,2.3995,2.4,6.00,19.90
2007.05.25 01:45:30.756,2.3995,2.39995,6.00,4.00
2007.05.25 01:45:31.121,2.3995,2.39995,2.00,4.00
2007.05.25 01:45:31.242,2.3994,2.39995,13.40,4.00
2007.05.25 01:45:31.313,2.3994,2.3998,7.90,7.90
2007.05.25 01:45:31.776,2.3994,2.3998,4.00,7.90
2007.05.25 01:45:32.761,2.3995,2.39985,2.00,4.00
2007.05.25 01:45:32.842,2.3995,2.39985,6.00,4.00
2007.05.25 01:45:33.017,2.3995,2.3999,6.00,5.50
2007.05.25 01:45:34.752,2.3995,2.3999,2.00,5.50
2007.05.25 01:45:35.762,2.3995,2.3998,1.50,7.90
2007.05.25 01:45:35.843,2.3993,2.3998,13.90,7.90
2007.05.25 01:45:36.084,2.3994,2.3998,1.60,7.90
2007.05.25 01:45:37.219,2.3992,2.3998,20.20,7.90
2007.05.25 01:45:37.362,2.3994,2.3998,1.60,7.90
2007.05.25 01:45:43.750,2.3995,2.3998,0.90,7.90
2007.05.25 01:45:44.161,2.3993,2.3998,12.30,7.90
2007.05.25 01:45:44.245,2.3995,2.3999,3.30,5.50
2007.05.25 01:45:44.338,2.3994,2.3999,9.90,5.50
2007.05.25 01:45:47.333,2.3995,2.3999,0.70,9.50
2007.05.25 01:45:47.512,2.3994,2.39985,2.80,4.00
2007.05.25 01:45:47.638,2.3995,2.39985,1.60,4.00
2007.05.25 01:45:47.784,2.3994,2.3998,4.00,7.90
2007.05.25 01:45:48.188,2.3994,2.3998,4.00,10.30
2007.05.25 01:45:48.324,2.3994,2.3998,4.00,11.10
2007.05.25 01:45:48.332,2.3994,2.39975,4.00,4.00
2007.05.25 01:45:48.361,2.3993,2.39975,0.90,4.00
2007.05.25 01:45:50.592,2.3993,2.3998,3.30,15.10
2007.05.25 01:45:50.646,2.3994,2.3998,0.80,11.10
2007.05.25 01:45:50.748,2.3993,2.3998,9.90,8.70
2007.05.25 01:45:51.244,2.3993,2.3998,12.30,7.90
2007.05.25 01:45:51.370,2.3993,2.3998,12.30,7.90
2007.05.25 01:45:51.479,2.3994,2.3999,9.90,5.50
2007.05.25 01:45:51.783,2.3994,2.39995,12.70,9.50
2007.05.25 01:45:53.774,2.3994,2.3998,0.80,0.90
2007.05.25 01:45:55.171,2.3993,2.3999,12.30,11.90
2007.05.25 01:45:55.324,2.3994,2.39995,9.90,9.50
2007.05.25 01:45:55.393,2.3994,2.39995,9.90,10.30
2007.05.25 01:45:55.429,2.3994,2.39995,9.90,11.10
2007.05.25 01:45:55.559,2.3995,2.3999,0.90,0.70
2007.05.25 01:45:55.650,2.3995,2.3998,0.80,0.50
2007.05.25 01:45:55.724,2.3994,2.3999,7.90,14.70
2007.05.25 01:45:55.790,2.3994,2.3999,7.90,15.50
2007.05.25 01:45:55.820,2.3994,2.3998,0.90,0.60
2007.05.25 01:45:55.941,2.3992,2.3998,19.40,19.10
2007.05.25 01:46:00.129,2.3992,2.39975,12.20,8.00
2007.05.25 01:46:00.274,2.3993,2.39965,0.50,0.70
2007.05.25 01:46:00.379,2.3992,2.3996,0.80,0.80
2007.05.25 01:46:01.673,2.39915,2.39965,4.70,15.10
2007.05.25 01:46:01.707,2.3993,2.3996,0.80,0.60
2007.05.25 01:46:01.765,2.3993,2.3996,0.90,0.70
2007.05.25 01:46:01.840,2.3993,2.39955,0.80,0.60
2007.05.25 01:46:01.909,2.3992,2.3996,1.60,15.10
2007.05.25 01:46:01.980,2.3992,2.39955,0.80,0.80
2007.05.25 01:46:02.018,2.39905,2.3996,6.70,19.10
2007.05.25 01:46:16.220,2.3991,2.3996,6.00,15.90
2007.05.25 01:46:18.741,2.3991,2.3995,6.00,3.20
2007.05.25 01:46:19.063,2.3991,2.3995,4.00,16.30
2007.05.25 01:46:19.245,2.3991,2.3995,4.00,18.70
2007.05.25 01:46:19.337,2.3991,2.39935,4.00,0.60
2007.05.25 01:46:19.780,2.3989,2.3994,6.00,15.10
2007.05.25 01:46:20.915,2.3989,2.39935,0.50,0.70
2007.05.25 01:46:24.919,2.3989,2.3994,3.50,11.90
2007.05.25 01:46:25.679,2.39885,2.39935,9.90,4.00
2007.05.25 01:46:36.141,2.39895,2.3994,1.20,8.70
2007.05.25 01:46:36.190,2.39895,2.3994,7.90,7.90
2007.05.25 01:46:36.684,2.399,2.3994,6.00,7.90
2007.05.25 01:46:36.812,2.3991,2.39945,0.90,4.00
2007.05.25 01:46:36.905,2.3991,2.39955,1.80,4.00
2007.05.25 01:46:39.372,2.3991,2.3995,2.30,5.50
2007.05.25 01:46:40.245,2.39905,2.3994,9.90,0.80
2007.05.25 01:46:40.306,2.39905,2.3994,7.90,0.80
2007.05.25 01:46:40.434,2.399,2.3994,7.90,8.70
2007.05.25 01:46:40.456,2.39895,2.3994,7.90,8.70
2007.05.25 01:46:40.911,2.399,2.3994,6.00,8.70
2007.05.25 01:46:40.961,2.399,2.3994,13.20,7.90
2007.05.25 01:46:41.027,2.3991,2.3995,12.30,0.80
2007.05.25 01:46:41.141,2.3991,2.39955,16.30,4.00
2007.05.25 01:46:41.374,2.3991,2.39965,20.20,4.00
2007.05.25 01:46:43.820,2.3991,2.3996,17.80,2.40
2007.05.25 01:46:44.686,2.3992,2.39965,0.90,4.00
2007.05.25 01:46:44.951,2.3992,2.39965,7.50,4.00
2007.05.25 01:46:45.779,2.3992,2.3997,15.40,2.40
2007.05.25 01:46:46.730,2.3994,2.3996,1.20,2.40
2007.05.25 01:46:46.790,2.3992,2.3996,3.70,2.40
2007.05.25 01:46:46.855,2.3992,2.3996,1.00,2.40
2007.05.25 01:46:46.919,2.3992,2.3996,0.70,2.40
2007.05.25 01:46:52.179,2.3991,2.39965,17.00,4.00
2007.05.25 01:46:52.447,2.3992,2.3997,1.10,10.00
2007.05.25 01:46:52.518,2.39915,2.3997,6.70,4.00
2007.05.25 01:46:52.662,2.3992,2.39975,2.80,4.00
2007.05.25 01:46:52.902,2.3991,2.39975,28.20,4.00
2007.05.25 01:46:53.028,2.3993,2.39975,0.80,4.00
2007.05.25 01:46:53.175,2.3992,2.3998,17.80,4.80
2007.05.25 01:46:55.617,2.3992,2.3997,9.90,5.50
2007.05.25 01:46:57.964,2.3992,2.3998,17.80,4.80
2007.05.25 01:46:58.324,2.3992,2.3998,17.80,4.00
2007.05.25 01:46:58.463,2.3992,2.3998,17.70,4.00
2007.05.25 01:46:58.802,2.3993,2.3998,13.40,4.00
2007.05.25 01:46:59.032,2.3994,2.3999,1.10,4.80
2007.05.25 01:47:01.939,2.3994,2.3999,0.90,4.00
2007.05.25 01:47:02.382,2.3995,2.3999,0.50,4.00
2007.05.25 01:47:03.547,2.3994,2.3999,17.70,4.00
2007.05.25 01:47:03.640,2.3995,2.4,4.20,8.00
2007.05.25 01:47:04.808,2.3994,2.3999,17.70,2.40
2007.05.25 01:47:04.998,2.3995,2.3999,3.00,10.40
2007.05.25 01:47:05.021,2.3995,2.3999,0.80,10.40
2007.05.25 01:47:05.091,2.39935,2.3999,12.20,10.40
2007.05.25 01:47:15.817,2.3994,2.3999,12.30,8.00
2007.05.25 01:47:15.974,2.3995,2.3999,2.00,10.00
2007.05.25 01:47:17.780,2.3995,2.3999,2.00,14.00
2007.05.25 01:47:17.895,2.3995,2.39985,2.00,4.00
2007.05.25 01:47:18.131,2.3995,2.3999,2.00,14.00
2007.05.25 01:47:18.288,2.3995,2.3999,7.50,14.00
2007.05.25 01:47:18.549,2.3996,2.3999,2.00,8.00
2007.05.25 01:47:18.620,2.3996,2.3999,2.00,4.00
2007.05.25 01:47:23.466,2.3996,2.3999,2.00,11.20
2007.05.25 01:47:34.236,2.3996,2.39985,2.00,4.00
2007.05.25 01:47:36.057,2.3996,2.3999,2.00,11.20
2007.05.25 01:47:36.182,2.3996,2.3999,2.00,12.00
2007.05.25 01:47:36.323,2.3996,2.3999,2.00,11.20
2007.05.25 01:47:36.418,2.3996,2.3999,2.00,15.20
2007.05.25 01:47:43.443,2.3996,2.3999,2.00,13.60
2007.05.25 01:47:43.558,2.3996,2.3999,2.00,10.40
2007.05.25 01:47:45.687,2.3996,2.3999,2.00,11.20
2007.05.25 01:47:45.784,2.3996,2.3999,2.00,12.00
2007.05.25 01:47:45.920,2.3996,2.3999,2.00,12.80
2007.05.25 01:47:46.221,2.3996,2.3999,4.40,10.40
2007.05.25 01:47:46.313,2.3996,2.3999,6.00,9.60
2007.05.25 01:47:46.356,2.3998,2.3999,2.00,9.60
2007.05.25 01:47:46.433,2.3998,2.3999,2.00,5.60
2007.05.25 01:47:46.492,2.3998,2.3999,2.00,4.00
2007.05.25 01:47:47.513,2.3998,2.39995,2.00,4.00
2007.05.25 01:47:47.700,2.3998,2.4001,2.00,1.60
2007.05.25 01:47:49.885,2.3996,2.4001,10.70,9.50
2007.05.25 01:47:49.919,2.3996,2.4001,10.70,13.50
2007.05.25 01:47:50.301,2.3996,2.4001,9.90,16.70
2007.05.25 01:47:50.428,2.3998,2.4001,4.00,16.70
2007.05.25 01:47:50.529,2.3998,2.4001,9.50,8.80
2007.05.25 01:47:50.543,2.3998,2.40005,9.50,4.00
2007.05.25 01:47:50.839,2.3998,2.4001,9.50,8.00
2007.05.25 01:47:51.071,2.3999,2.4001,4.00,4.00
2007.05.25 01:47:51.556,2.3998,2.4001,5.50,4.00
2007.05.25 01:47:51.568,2.3997,2.4001,4.00,4.00
2007.05.25 01:47:52.008,2.3999,2.4001,4.00,4.00
2007.05.25 01:47:52.074,2.3999,2.4001,9.50,4.00
2007.05.25 01:47:52.156,2.3999,2.4001,11.50,4.00
2007.05.25 01:47:52.205,2.3999,2.4001,13.90,4.00
2007.05.25 01:47:52.261,2.3999,2.4001,11.90,4.00
2007.05.25 01:47:52.827,2.4,2.4001,5.50,4.00
2007.05.25 01:47:52.919,2.4,2.4001,11.90,4.00
2007.05.25 01:47:52.993,2.4001,2.4002,7.90,4.00
2007.05.25 01:47:53.441,2.4001,2.4006,7.90,4.00
2007.05.25 01:47:53.571,2.4001,2.40055,7.90,4.00
2007.05.25 01:47:53.934,2.4001,2.40055,5.50,4.00
2007.05.25 01:47:54.050,2.4001,2.40055,6.30,4.00
2007.05.25 01:47:54.076,2.4001,2.40065,10.20,4.00
2007.05.25 01:47:54.423,2.4001,2.40065,16.60,4.00
2007.05.25 01:47:54.439,2.4004,2.40065,5.50,4.00
2007.05.25 01:47:54.584,2.4004,2.4007,5.50,4.00
2007.05.25 01:47:54.832,2.4004,2.40075,5.50,4.00
2007.05.25 01:47:55.067,2.4004,2.4008,5.50,8.00
2007.05.25 01:47:55.895,2.4003,2.4008,0.80,8.00
2007.05.25 01:47:56.354,2.4003,2.4008,3.20,8.00
2007.05.25 01:47:56.484,2.4003,2.4008,7.20,4.00
2007.05.25 01:47:56.539,2.4004,2.4008,7.90,4.00
2007.05.25 01:47:56.615,2.4004,2.40085,7.90,4.00
2007.05.25 01:47:56.645,2.4004,2.40085,8.70,4.00
2007.05.25 01:47:56.896,2.4004,2.4006,8.70,2.40
2007.05.25 01:47:57.141,2.4004,2.4006,0.80,10.30
2007.05.25 01:47:57.464,2.4004,2.4006,0.80,11.10
2007.05.25 01:47:57.478,2.4004,2.4006,0.80,11.90
2007.05.25 01:47:57.505,2.4004,2.4005,0.80,4.00
2007.05.25 01:47:57.545,2.4004,2.4005,0.80,6.00
2007.05.25 01:47:57.665,2.40035,2.4005,3.90,6.00
2007.05.25 01:47:57.700,2.4001,2.4005,2.00,10.00
2007.05.25 01:47:58.062,2.4001,2.4005,2.00,8.00
2007.05.25 01:47:58.124,2.4001,2.4005,2.00,4.00
2007.05.25 01:47:58.429,2.4001,2.4005,2.00,8.00
2007.05.25 01:47:58.478,2.4,2.4005,8.30,8.80
2007.05.25 01:47:58.537,2.4,2.4005,8.30,9.60
2007.05.25 01:47:58.661,2.4,2.4005,8.30,10.40
2007.05.25 01:47:58.928,2.4,2.4005,8.30,12.80
2007.05.25 01:47:59.008,2.4,2.4005,0.80,12.80
2007.05.25 01:47:59.654,2.4,2.4004,0.80,4.00
2007.05.25 01:47:59.724,2.3999,2.4004,10.70,4.00
2007.05.25 01:47:59.938,2.3999,2.40035,10.70,4.00
2007.05.25 01:48:00.030,2.3999,2.40035,6.30,4.00
2007.05.25 01:48:00.890,2.3999,2.4003,6.30,2.40
2007.05.25 01:48:00.975,2.3999,2.4003,0.80,2.40
2007.05.25 01:48:01.017,2.3999,2.4002,0.80,4.00
2007.05.25 01:48:01.767,2.3998,2.4002,10.70,4.00
2007.05.25 01:48:03.788,2.3999,2.4002,4.00,4.00
2007.05.25 01:48:03.854,2.3999,2.4003,4.00,8.00
2007.05.25 01:48:03.934,2.3999,2.40035,4.00,4.00
2007.05.25 01:48:03.975,2.4003,2.40035,4.00,4.00
2007.05.25 01:48:04.286,2.4003,2.4004,4.00,4.00
2007.05.25 01:48:04.575,2.4003,2.4005,4.00,13.60
2007.05.25 01:48:04.659,2.4003,2.4004,4.00,2.40
2007.05.25 01:48:04.761,2.4002,2.4004,5.50,2.40
2007.05.25 01:48:04.786,2.4002,2.4004,5.50,4.40
2007.05.25 01:48:04.855,2.4001,2.4004,4.00,4.40
2007.05.25 01:48:04.879,2.4,2.4004,5.50,2.00
2007.05.25 01:48:04.935,2.4,2.40045,5.50,6.00
2007.05.25 01:48:04.986,2.4,2.40045,7.50,6.00
2007.05.25 01:48:05.312,2.4,2.4005,7.50,20.40
2007.05.25 01:48:05.919,2.4,2.4004,7.50,10.80
2007.05.25 01:48:06.024,2.4,2.4003,2.00,0.90
2007.05.25 01:48:06.081,2.4,2.4004,2.00,10.80
2007.05.25 01:48:06.178,2.3998,2.4003,13.90,0.50
2007.05.25 01:48:06.724,2.3998,2.4003,13.90,0.50
2007.05.25 01:48:06.839,2.3998,2.40025,13.90,0.70
2007.05.25 01:48:07.202,2.3999,2.4003,4.00,4.80
2007.05.25 01:48:07.334,2.3999,2.4004,4.00,4.80
2007.05.25 01:48:13.731,2.3998,2.4003,17.80,0.50
2007.05.25 01:48:13.840,2.3998,2.40035,17.80,7.20
2007.05.25 01:48:13.945,2.3998,2.40025,13.90,0.80
2007.05.25 01:48:15.538,2.3998,2.40025,6.00,0.60
2007.05.25 01:48:20.624,2.3998,2.4003,13.90,7.20
2007.05.25 01:48:21.493,2.3998,2.4,6.00,0.60
2007.05.25 01:48:21.980,2.3998,2.4,6.00,12.70
2007.05.25 01:48:22.161,2.3995,2.3999,4.00,0.70
2007.05.25 01:48:22.412,2.3995,2.4,8.00,16.70
2007.05.25 01:48:22.515,2.3996,2.3999,2.00,0.60
2007.05.25 01:48:22.694,2.3996,2.4001,2.00,27.50
2007.05.25 01:48:22.898,2.3996,2.4,2.00,18.70
2007.05.25 01:48:24.516,2.3996,2.4001,2.00,22.70
2007.05.25 01:48:24.692,2.3996,2.4,9.90,0.70
2007.05.25 01:48:24.727,2.3996,2.4001,9.90,10.00
2007.05.25 01:48:24.847,2.3996,2.4001,13.90,0.90
2007.05.25 01:48:25.029,2.3997,2.4002,5.50,4.80
2007.05.25 01:48:25.144,2.3997,2.4002,5.50,4.80
2007.05.25 01:48:25.305,2.3997,2.4003,9.50,7.20
2007.05.25 01:48:25.388,2.3997,2.4002,13.40,0.50
2007.05.25 01:48:36.933,2.3997,2.4002,10.20,4.00
2007.05.25 01:48:39.893,2.3997,2.4001,6.30,4.00
2007.05.25 01:48:40.355,2.3997,2.4002,10.20,4.00
2007.05.25 01:48:40.668,2.3997,2.4002,9.40,8.00
2007.05.25 01:48:40.917,2.3997,2.4001,5.50,4.00
2007.05.25 01:48:41.404,2.3997,2.4001,6.30,4.00
2007.05.25 01:48:41.513,2.3997,2.4002,10.20,4.00
2007.05.25 01:48:41.759,2.3997,2.4002,9.40,8.00
2007.05.25 01:48:41.831,2.3997,2.4002,10.20,4.00
2007.05.25 01:48:44.695,2.3997,2.4002,10.20,6.00
2007.05.25 01:48:44.779,2.3997,2.4002,4.70,13.90
2007.05.25 01:48:44.863,2.3997,2.4001,4.70,2.40
2007.05.25 01:48:44.885,2.3997,2.4001,3.90,10.40
2007.05.25 01:48:44.957,2.3997,2.4,3.90,4.00
2007.05.25 01:48:44.990,2.3995,2.4,10.20,8.00
2007.05.25 01:48:54.945,2.3995,2.4,6.30,8.00
2007.05.25 01:48:55.404,2.3995,2.4,10.20,8.00
2007.05.25 01:48:57.849,2.3995,2.4,14.20,4.00
2007.05.25 01:48:57.908,2.3996,2.4,0.80,4.00
2007.05.25 01:48:57.968,2.3996,2.4001,4.70,4.00
2007.05.25 01:49:00.257,2.3996,2.4001,0.80,4.00
2007.05.25 01:49:02.043,2.39955,2.4001,3.90,8.00
2007.05.25 01:49:02.282,2.3995,2.4,14.20,4.00
2007.05.25 01:49:02.741,2.3995,2.4001,14.20,8.00
2007.05.25 01:49:03.765,2.3995,2.4002,13.40,19.90
2007.05.25 01:49:03.823,2.3995,2.4,9.50,8.00
2007.05.25 01:49:04.323,2.3996,2.4001,4.70,0.90
2007.05.25 01:49:05.107,2.3996,2.4002,0.80,19.90
2007.05.25 01:49:05.124,2.3995,2.4001,14.20,8.00
2007.05.25 01:49:06.726,2.3995,2.4001,10.20,10.40
2007.05.25 01:49:06.967,2.3995,2.4001,10.20,18.40
2007.05.25 01:49:10.223,2.3995,2.4001,6.30,18.40
2007.05.25 01:49:10.945,2.3995,2.4001,9.50,15.20
2007.05.25 01:49:13.466,2.3995,2.4,5.50,0.80
2007.05.25 01:49:13.490,2.3995,2.4,5.50,8.80
2007.05.25 01:49:14.155,2.3997,2.39995,4.00,0.80
2007.05.25 01:49:14.375,2.3999,2.4,5.50,8.80
2007.05.25 01:49:15.081,2.3999,2.4001,5.50,14.40
2007.05.25 01:49:15.103,2.3997,2.4,5.50,0.80
2007.05.25 01:49:15.168,2.3997,2.4002,5.50,10.80
2007.05.25 01:49:15.180,2.3997,2.4001,7.50,0.50
2007.05.25 01:49:15.551,2.3997,2.4002,7.50,10.80
2007.05.25 01:49:15.594,2.3997,2.4001,2.00,4.80
2007.05.25 01:49:15.686,2.3996,2.40005,6.00,0.50
2007.05.25 01:49:15.825,2.3996,2.4001,6.00,4.80
2007.05.25 01:49:15.890,2.3996,2.4,2.00,0.90
2007.05.25 01:49:16.629,2.3996,2.4,2.00,0.90
2007.05.25 01:49:16.655,2.3995,2.4,7.90,0.60
2007.05.25 01:49:16.829,2.3995,2.39995,7.90,0.60
2007.05.25 01:49:16.975,2.3995,2.39995,3.90,0.50
2007.05.25 01:49:20.606,2.3995,2.3999,3.90,0.80
2007.05.25 01:49:20.899,2.3995,2.3999,3.90,0.50
2007.05.25 01:49:23.198,2.3995,2.3999,3.90,8.00
2007.05.25 01:49:23.388,2.3993,2.3999,11.90,16.70
2007.05.25 01:49:24.719,2.3995,2.3999,3.90,8.80
2007.05.25 01:49:24.981,2.3995,2.3999,3.90,0.70
2007.05.25 01:49:29.819,2.3994,2.4,4.70,26.30
2007.05.25 01:49:30.817,2.3994,2.39985,0.80,0.50
2007.05.25 01:49:30.833,2.3993,2.3999,12.60,19.90
2007.05.25 01:49:32.644,2.3993,2.3998,12.60,2.40
2007.05.25 01:49:32.785,2.3993,2.3998,8.60,2.40
2007.05.25 01:49:32.854,2.3993,2.3997,8.60,4.00
2007.05.25 01:49:34.108,2.3993,2.3997,4.70,4.00
2007.05.25 01:49:34.127,2.3993,2.3997,3.90,4.00
2007.05.25 01:49:36.517,2.3993,2.3997,3.90,6.40
2007.05.25 01:49:36.697,2.3993,2.39965,3.90,4.00
2007.05.25 01:49:36.739,2.3992,2.39965,5.90,4.00
2007.05.25 01:49:36.840,2.3992,2.3996,5.90,4.00
2007.05.25 01:49:36.933,2.3992,2.3996,5.90,6.40
2007.05.25 01:49:40.233,2.3992,2.3996,5.90,7.20
2007.05.25 01:49:40.278,2.3992,2.3996,5.90,8.00
2007.05.25 01:49:40.331,2.3992,2.3996,3.90,8.80
2007.05.25 01:49:40.755,2.3991,2.3996,4.80,16.70
2007.05.25 01:49:40.989,2.3991,2.39955,4.80,4.00
2007.05.25 01:49:41.157,2.3991,2.39955,4.00,4.00
2007.05.25 01:49:48.131,2.3991,2.3996,7.90,18.30
2007.05.25 01:49:48.283,2.3992,2.3996,5.90,6.40
2007.05.25 01:49:48.372,2.3992,2.3996,5.90,2.40
2007.05.25 01:49:49.819,2.3992,2.3996,5.90,6.40
2007.05.25 01:49:49.851,2.3992,2.3996,3.90,6.40
2007.05.25 01:49:49.920,2.3991,2.3996,7.90,18.30
2007.05.25 01:49:49.967,2.3991,2.39955,4.00,4.00
2007.05.25 01:49:50.251,2.3992,2.39955,5.90,4.00
2007.05.25 01:49:50.395,2.3992,2.3996,5.90,6.40
2007.05.25 01:50:10.727,2.3993,2.3996,4.00,4.00
2007.05.25 01:50:10.856,2.3993,2.39965,4.00,4.00
2007.05.25 01:50:10.984,2.3993,2.3997,4.00,2.40
2007.05.25 01:50:13.676,2.3993,2.3996,4.00,2.40
2007.05.25 01:50:14.196,2.3992,2.3996,9.80,2.40
2007.05.25 01:50:14.321,2.3992,2.3996,5.90,2.40
2007.05.25 01:50:16.415,2.3992,2.3996,5.90,3.20
2007.05.25 01:50:16.443,2.3992,2.3996,5.90,4.00
2007.05.25 01:50:16.548,2.3992,2.3996,5.90,4.80
2007.05.25 01:50:19.063,2.3992,2.3996,5.90,0.50
2007.05.25 01:50:24.693,2.3993,2.39965,4.00,6.40
2007.05.25 01:50:30.325,2.3994,2.39975,2.00,5.60
2007.05.25 01:50:30.386,2.3994,2.3996,2.00,0.80
2007.05.25 01:50:30.614,2.3994,2.3998,2.00,23.10
2007.05.25 01:50:31.219,2.3994,2.39975,2.00,6.40
2007.05.25 01:50:31.415,2.3994,2.39975,2.00,7.20
2007.05.25 01:50:31.436,2.3994,2.39975,2.00,8.00
2007.05.25 01:50:31.601,2.3994,2.3997,2.00,0.60
2007.05.25 01:50:32.684,2.3994,2.3997,2.00,7.20
2007.05.25 01:50:32.849,2.3992,2.3996,10.60,0.50
2007.05.25 01:50:33.558,2.3992,2.3997,9.80,13.20
2007.05.25 01:50:33.632,2.3992,2.3996,5.90,0.90
2007.05.25 01:50:35.401,2.3992,2.39965,6.70,6.40
2007.05.25 01:50:35.409,2.3992,2.39965,7.50,6.40
2007.05.25 01:50:35.426,2.3992,2.3996,8.30,0.70
2007.05.25 01:50:35.768,2.3994,2.39965,5.90,0.50
2007.05.25 01:50:35.965,2.3994,2.3998,5.90,12.80
2007.05.25 01:50:36.158,2.3994,2.3998,5.90,6.40
2007.05.25 01:50:36.254,2.3995,2.3997,4.00,0.50
2007.05.25 01:50:36.444,2.3995,2.3999,4.00,8.00
2007.05.25 01:50:36.471,2.3995,2.3999,4.00,0.50
2007.05.25 01:50:36.770,2.3995,2.4,4.00,23.90
2007.05.25 01:50:39.252,2.3994,2.3998,10.60,0.90
2007.05.25 01:50:39.973,2.3994,2.3999,9.80,12.40
2007.05.25 01:50:40.000,2.3994,2.3998,5.90,0.70
2007.05.25 01:50:42.623,2.3994,2.39985,5.90,0.70
2007.05.25 01:50:42.858,2.3995,2.3999,3.90,0.90
2007.05.25 01:50:42.867,2.3995,2.3999,3.90,0.70
2007.05.25 01:50:42.947,2.3995,2.3999,3.90,0.90
2007.05.25 01:50:43.030,2.3995,2.4,3.90,11.20
2007.05.25 01:50:43.056,2.3995,2.39995,3.90,0.50
2007.05.25 01:50:43.489,2.3995,2.4001,4.70,10.40
2007.05.25 01:50:43.552,2.3995,2.4001,8.60,10.40
2007.05.25 01:50:46.295,2.3995,2.4,12.60,0.60
2007.05.25 01:50:46.404,2.3996,2.4002,0.80,20.70
2007.05.25 01:50:46.406,2.3996,2.4002,4.70,19.90
2007.05.25 01:50:49.660,2.3996,2.4001,4.70,6.40
2007.05.25 01:50:49.755,2.3996,2.4,4.70,4.00
2007.05.25 01:50:49.896,2.3996,2.4,3.90,4.00
2007.05.25 01:50:49.929,2.3995,2.4,8.60,8.00
2007.05.25 01:50:53.207,2.3995,2.4,12.60,8.00
2007.05.25 01:50:53.340,2.3996,2.4,0.80,4.00
2007.05.25 01:50:53.494,2.3996,2.4001,4.70,4.00
2007.05.25 01:50:56.820,2.3997,2.4002,3.90,19.90
2007.05.25 01:50:57.009,2.3997,2.4002,8.60,8.00
2007.05.25 01:51:01.211,2.3999,2.4002,2.40,8.00
2007.05.25 01:51:01.313,2.3999,2.4002,6.40,8.00
2007.05.25 01:51:01.377,2.4,2.4002,3.90,8.00
2007.05.25 01:51:01.406,2.4,2.4002,3.90,4.00
2007.05.25 01:51:01.651,2.4,2.4004,3.90,0.80
2007.05.25 01:51:01.712,2.4,2.4004,3.90,1.60
2007.05.25 01:51:01.755,2.3999,2.4004,11.00,2.40
2007.05.25 01:51:01.807,2.3999,2.4002,11.00,4.00
2007.05.25 01:51:01.895,2.3999,2.4002,7.10,4.00
2007.05.25 01:51:01.923,2.3999,2.4002,4.70,4.00
2007.05.25 01:51:02.197,2.3999,2.4002,3.90,4.00
2007.05.25 01:51:02.715,2.3998,2.4002,2.80,4.00
2007.05.25 01:51:02.880,2.3998,2.4002,0.80,4.00
2007.05.25 01:51:03.828,2.39975,2.4002,3.90,4.00
2007.05.25 01:51:03.914,2.3997,2.4002,8.60,8.00
2007.05.25 01:51:04.836,2.3997,2.4002,10.60,8.00
2007.05.25 01:51:06.093,2.3997,2.4002,9.80,12.00
2007.05.25 01:51:06.229,2.3997,2.4001,5.90,4.00
2007.05.25 01:51:06.307,2.3996,2.4001,4.70,4.00
2007.05.25 01:51:06.720,2.3996,2.4001,4.70,6.40
2007.05.25 01:51:06.943,2.3996,2.4,4.70,4.00
2007.05.25 01:51:07.007,2.3997,2.4,3.90,4.00
2007.05.25 01:51:07.336,2.3996,2.4,4.70,4.00
2007.05.25 01:51:07.529,2.3996,2.4,3.90,4.00
2007.05.25 01:51:07.722,2.3995,2.4,10.60,8.00
2007.05.25 01:51:09.652,2.3995,2.4,8.60,8.00
2007.05.25 01:51:09.773,2.3995,2.4,4.70,15.90
2007.05.25 01:51:10.025,2.3995,2.3999,0.80,4.00
2007.05.25 01:51:10.325,2.3995,2.39995,0.80,4.00
2007.05.25 01:51:11.312,2.3995,2.3999,0.80,4.00
2007.05.25 01:51:11.340,2.3995,2.3999,6.70,4.00
2007.05.25 01:51:11.536,2.3995,2.4,10.60,8.00
2007.05.25 01:51:12.539,2.3995,2.4,9.80,12.00
2007.05.25 01:51:13.059,2.3995,2.4,10.60,8.00
2007.05.25 01:51:13.262,2.3995,2.4,8.60,8.00
2007.05.25 01:51:13.789,2.3995,2.4,4.70,15.90
2007.05.25 01:51:13.847,2.3995,2.4,0.80,15.90
2007.05.25 01:51:14.077,2.39945,2.4,3.90,19.90
2007.05.25 01:51:14.090,2.3994,2.3999,4.70,4.00
2007.05.25 01:51:14.397,2.3996,2.3999,0.80,4.00
2007.05.25 01:51:14.645,2.3996,2.4,0.80,11.90
2007.05.25 01:51:15.162,2.39955,2.4,3.90,15.90
2007.05.25 01:51:15.225,2.3994,2.3999,4.70,4.00
2007.05.25 01:51:16.664,2.3995,2.3999,2.00,4.00
2007.05.25 01:51:17.077,2.3995,2.3999,2.80,4.00
2007.05.25 01:51:17.170,2.3995,2.4,10.60,8.00
2007.05.25 01:51:17.235,2.3994,2.4,17.70,8.00
2007.05.25 01:51:17.362,2.3995,2.4,4.20,4.00
2007.05.25 01:51:21.233,2.3995,2.4,7.00,4.00
2007.05.25 01:51:21.268,2.3997,2.4001,2.30,4.00
2007.05.25 01:51:21.345,2.3996,2.4002,7.90,16.70
2007.05.25 01:51:21.433,2.3997,2.4002,2.80,8.00
2007.05.25 01:51:23.536,2.3997,2.4002,2.50,4.00
2007.05.25 01:51:24.254,2.3996,2.4002,17.70,8.00
2007.05.25 01:51:43.392,2.3999,2.4002,2.40,8.00
2007.05.25 01:51:43.433,2.4,2.4002,1.80,8.00
2007.05.25 01:51:43.881,2.3999,2.4002,11.80,4.00
2007.05.25 01:51:44.033,2.3998,2.4002,5.50,4.00
2007.05.25 01:51:44.172,2.3999,2.4002,1.80,4.00
2007.05.25 01:51:44.352,2.39985,2.4002,11.80,4.00
2007.05.25 01:51:44.422,2.39985,2.4003,11.80,4.00
2007.05.25 01:51:44.430,2.3999,2.4002,2.20,4.00
2007.05.25 01:51:44.448,2.3998,2.4002,7.80,4.00
2007.05.25 01:51:44.575,2.3999,2.4002,0.60,4.00
2007.05.25 01:51:44.867,2.3999,2.4002,0.80,4.00
2007.05.25 01:51:44.905,2.3999,2.4003,0.60,6.40
2007.05.25 01:51:44.938,2.3998,2.4002,6.00,4.00
2007.05.25 01:51:44.975,2.39975,2.4002,7.90,4.00
2007.05.25 01:51:45.414,2.3997,2.4002,13.80,8.00
2007.05.25 01:51:45.552,2.3997,2.4002,1.20,8.00
2007.05.25 01:51:48.115,2.3998,2.4002,4.00,8.00
2007.05.25 01:51:48.222,2.3999,2.4002,2.00,8.00
2007.05.25 01:51:48.232,2.3999,2.4002,2.00,4.00
2007.05.25 01:51:48.342,2.3999,2.4003,2.00,10.40
2007.05.25 01:51:48.494,2.3999,2.4003,2.00,6.40
2007.05.25 01:51:49.684,2.3999,2.4003,2.00,4.00
2007.05.25 01:51:50.150,2.3999,2.4003,6.00,4.00
2007.05.25 01:51:50.253,2.3999,2.4004,6.00,18.30
2007.05.25 01:51:50.518,2.3999,2.4002,6.00,4.00
2007.05.25 01:51:50.545,2.3999,2.4002,2.00,4.00
2007.05.25 01:51:50.782,2.3997,2.4002,13.80,4.00
2007.05.25 01:51:52.019,2.39975,2.4003,3.90,7.20
2007.05.25 01:51:52.191,2.3998,2.4003,4.00,6.40
2007.05.25 01:51:52.215,2.3998,2.4003,4.00,4.00
2007.05.25 01:51:52.703,2.3999,2.4003,2.00,4.00
2007.05.25 01:51:53.030,2.3999,2.4004,2.00,19.10
2007.05.25 01:51:53.121,2.3999,2.4004,6.00,18.30
2007.05.25 01:51:53.228,2.3999,2.4004,9.90,10.40
2007.05.25 01:51:54.888,2.4001,2.4004,3.90,10.40
2007.05.25 01:51:54.994,2.4001,2.4004,3.90,9.60
2007.05.25 01:51:55.004,2.4001,2.4004,3.90,5.60
2007.05.25 01:51:55.076,2.4001,2.4004,3.90,4.80
2007.05.25 01:51:55.153,2.4001,2.4004,3.90,4.00
2007.05.25 01:51:55.624,2.4001,2.40045,3.90,4.00
2007.05.25 01:51:55.707,2.4001,2.40045,7.90,4.00
2007.05.25 01:51:56.265,2.4003,2.40045,3.90,4.00
2007.05.25 01:51:57.102,2.4003,2.40065,3.90,4.00
2007.05.25 01:51:58.245,2.4003,2.40065,7.90,4.00
2007.05.25 01:51:58.266,2.4003,2.40065,11.90,4.00
2007.05.25 01:51:58.424,2.4003,2.40075,11.90,4.00
2007.05.25 01:51:59.505,2.4003,2.40075,7.90,4.00
2007.05.25 01:52:01.076,2.4003,2.40075,8.70,4.00
2007.05.25 01:52:01.206,2.4003,2.40085,12.60,4.00
2007.05.25 01:52:01.311,2.4005,2.40085,4.00,4.00
2007.05.25 01:52:02.243,2.4003,2.40085,20.60,4.00
2007.05.25 01:52:02.404,2.4003,2.40085,16.60,4.00
2007.05.25 01:52:03.429,2.4005,2.40085,3.90,4.00
2007.05.25 01:52:04.377,2.4006,2.40085,4.00,4.00
2007.05.25 01:52:04.461,2.4007,2.40085,3.90,4.00
2007.05.25 01:52:04.562,2.4007,2.4009,3.90,8.00
2007.05.25 01:52:04.596,2.4007,2.4009,3.90,4.00
2007.05.25 01:52:05.103,2.4007,2.4013,4.70,20.70
2007.05.25 01:52:05.320,2.4007,2.4012,4.70,4.00
2007.05.25 01:52:05.710,2.4007,2.4008,4.70,2.40
2007.05.25 01:52:05.878,2.4007,2.40075,4.70,4.00
2007.05.25 01:52:06.029,2.4007,2.40075,0.80,4.00
2007.05.25 01:52:06.112,2.4003,2.40075,3.90,4.00
2007.05.25 01:52:06.313,2.4003,2.4007,3.90,4.00
2007.05.25 01:52:06.343,2.4003,2.4007,3.90,6.40
2007.05.25 01:52:08.668,2.4003,2.4007,6.30,4.00
2007.05.25 01:52:08.766,2.4005,2.4007,4.00,4.00
2007.05.25 01:52:08.883,2.4005,2.4008,4.00,4.00
2007.05.25 01:52:09.131,2.4005,2.4009,4.00,4.00
2007.05.25 01:52:09.362,2.4005,2.401,4.80,4.00
2007.05.25 01:52:09.503,2.40045,2.401,8.70,4.00
2007.05.25 01:52:09.696,2.4005,2.401,4.80,4.00
2007.05.25 01:52:10.156,2.40055,2.4011,7.90,8.00
2007.05.25 01:52:10.208,2.4005,2.4011,12.60,10.40
2007.05.25 01:52:10.408,2.4005,2.4008,1.10,0.80
2007.05.25 01:52:10.474,2.4006,2.4008,0.80,0.80
2007.05.25 01:52:10.512,2.4006,2.4008,0.80,1.60
2007.05.25 01:52:10.665,2.4005,2.4008,8.00,2.40
2007.05.25 01:52:10.810,2.4005,2.4007,4.00,2.40
2007.05.25 01:52:10.961,2.40025,2.4007,12.60,2.40
2007.05.25 01:52:11.168,2.4003,2.4007,2.70,6.40
2007.05.25 01:52:11.213,2.4002,2.4007,13.80,6.40
2007.05.25 01:52:11.219,2.4002,2.4007,10.60,6.40
2007.05.25 01:52:16.010,2.4002,2.4007,9.80,7.20
2007.05.25 01:52:16.037,2.4002,2.40065,9.80,4.00
2007.05.25 01:52:18.913,2.4,2.40065,27.30,4.00
2007.05.25 01:52:18.983,2.4,2.4006,27.30,0.80
2007.05.25 01:52:19.136,2.4001,2.40055,3.20,4.00
2007.05.25 01:52:20.042,2.4,2.40055,25.70,4.00
2007.05.25 01:52:20.115,2.4001,2.4006,2.80,4.00
2007.05.25 01:52:21.339,2.40005,2.4006,18.20,4.00
2007.05.25 01:52:21.445,2.4001,2.4006,18.30,4.00
2007.05.25 01:52:21.495,2.4001,2.4006,24.20,4.00
2007.05.25 01:52:21.657,2.4003,2.4006,0.90,4.00
2007.05.25 01:52:21.744,2.4003,2.40065,0.50,4.00
2007.05.25 01:52:21.810,2.4003,2.40065,4.40,4.00
2007.05.25 01:52:21.915,2.4004,2.40075,1.30,4.00
2007.05.25 01:52:21.953,2.4003,2.40075,16.20,4.00
2007.05.25 01:52:26.336,2.4003,2.40075,18.60,4.00
2007.05.25 01:52:26.456,2.4004,2.40075,8.30,4.00
2007.05.25 01:52:26.729,2.4005,2.40085,1.10,4.00
2007.05.25 01:52:26.879,2.4003,2.4008,13.90,7.90
2007.05.25 01:52:26.960,2.4004,2.4008,1.40,8.70
2007.05.25 01:52:27.050,2.4004,2.4007,0.60,0.80
2007.05.25 01:52:27.068,2.4004,2.4007,1.10,1.60
2007.05.25 01:52:27.237,2.4004,2.4007,0.80,2.40
2007.05.25 01:52:27.267,2.4004,2.4007,1.40,3.20
2007.05.25 01:52:27.729,2.4003,2.40065,6.00,4.00
2007.05.25 01:52:27.776,2.4002,2.40065,8.30,4.00
2007.05.25 01:52:28.282,2.4002,2.40065,16.30,4.00
2007.05.25 01:52:28.334,2.4004,2.40065,1.40,4.00
2007.05.25 01:52:28.516,2.4003,2.4007,6.00,3.20
2007.05.25 01:52:28.603,2.4004,2.4007,1.40,2.40
2007.05.25 01:52:28.898,2.4002,2.4006,17.80,0.80
2007.05.25 01:52:28.940,2.4004,2.4006,0.90,1.60
2007.05.25 01:52:29.042,2.40015,2.4006,17.80,2.40
2007.05.25 01:52:41.334,2.4002,2.4006,9.90,2.40
2007.05.25 01:52:41.433,2.4002,2.4006,5.90,2.40
2007.05.25 01:52:41.462,2.4002,2.40055,5.90,4.00
2007.05.25 01:52:49.931,2.4002,2.40055,8.30,4.00
2007.05.25 01:52:50.080,2.4003,2.40055,2.00,4.00
2007.05.25 01:52:50.102,2.4003,2.4006,2.00,2.40
2007.05.25 01:52:50.686,2.4002,2.4006,8.30,2.40
2007.05.25 01:52:52.045,2.4001,2.4006,16.90,2.40
2007.05.25 01:52:52.133,2.4002,2.40055,0.60,4.00
2007.05.25 01:52:52.764,2.4002,2.4005,0.70,0.80
2007.05.25 01:52:52.896,2.4001,2.4005,13.00,1.60
2007.05.25 01:52:52.955,2.4001,2.4005,13.00,2.40
2007.05.25 01:52:55.147,2.4001,2.4005,16.20,1.60
2007.05.25 01:52:55.197,2.4002,2.4005,5.50,0.80
2007.05.25 01:52:55.438,2.40015,2.40065,14.60,4.00
2007.05.25 01:53:07.291,2.40015,2.40065,10.60,4.00
2007.05.25 01:53:07.388,2.4002,2.4006,1.00,4.00
2007.05.25 01:53:07.687,2.4001,2.40055,16.20,4.00
2007.05.25 01:53:07.741,2.4002,2.40055,1.40,4.00
2007.05.25 01:53:10.243,2.4004,2.40055,1.40,4.00
2007.05.25 01:53:11.871,2.4001,2.40055,16.20,4.00
2007.05.25 01:53:12.505,2.4001,2.40045,13.80,4.00
2007.05.25 01:53:12.773,2.4001,2.40055,16.20,4.00
2007.05.25 01:53:18.402,2.4001,2.4005,11.80,2.00
2007.05.25 01:53:18.444,2.4002,2.40045,1.80,4.00
2007.05.25 01:53:18.530,2.39995,2.40045,17.80,4.00
2007.05.25 01:53:18.711,2.39995,2.40045,13.80,4.00
2007.05.25 01:53:18.876,2.3999,2.40035,16.20,4.00
2007.05.25 01:53:18.898,2.3999,2.40035,16.20,4.00
2007.05.25 01:53:19.739,2.3999,2.40035,24.20,4.00
2007.05.25 01:53:19.898,2.4,2.40045,9.90,4.00
2007.05.25 01:53:19.914,2.4,2.40045,13.90,4.00
2007.05.25 01:53:20.676,2.4001,2.40045,2.40,4.00
2007.05.25 01:53:20.758,2.4002,2.40045,5.90,4.00
2007.05.25 01:53:20.910,2.4002,2.40055,5.90,4.00
2007.05.25 01:53:22.448,2.40005,2.4005,3.90,3.60
2007.05.25 01:53:22.459,2.4,2.40035,5.90,4.00
2007.05.25 01:53:22.912,2.4,2.4005,5.90,8.40
2007.05.25 01:53:24.744,2.4,2.40035,9.90,4.00
2007.05.25 01:53:24.759,2.4,2.40045,9.90,4.00
2007.05.25 01:53:24.784,2.4,2.40045,13.90,4.00
2007.05.25 01:53:25.317,2.4001,2.40045,4.00,4.00
2007.05.25 01:53:25.468,2.4001,2.40055,4.00,4.00
2007.05.25 01:53:26.242,2.4001,2.40045,4.00,4.00
2007.05.25 01:53:26.260,2.4,2.40045,13.90,4.00
2007.05.25 01:53:32.210,2.4,2.40045,16.30,4.00
2007.05.25 01:53:32.326,2.4002,2.40045,5.90,4.00
2007.05.25 01:53:32.396,2.4002,2.40055,5.90,4.00
2007.05.25 01:53:33.913,2.4002,2.40045,5.90,4.00
2007.05.25 01:53:33.967,2.4,2.40045,13.90,4.00
2007.05.25 01:53:35.210,2.4001,2.40045,2.40,4.00
2007.05.25 01:53:35.395,2.4002,2.40045,5.90,4.00
2007.05.25 01:53:35.440,2.4002,2.40055,5.90,4.00
2007.05.25 01:53:48.820,2.4002,2.40055,3.90,4.00
2007.05.25 01:53:48.919,2.4001,2.40045,4.00,4.00
2007.05.25 01:53:49.050,2.4,2.40045,13.90,4.00
2007.05.25 01:53:51.708,2.4,2.40045,16.30,4.00
2007.05.25 01:53:51.756,2.4002,2.40045,5.90,4.00
2007.05.25 01:53:51.982,2.4002,2.40055,5.90,4.00
2007.05.25 01:53:53.327,2.4001,2.40055,4.00,4.00
2007.05.25 01:53:53.399,2.40005,2.40055,3.90,4.00
2007.05.25 01:53:53.502,2.4,2.40045,13.90,4.00
2007.05.25 01:53:54.666,2.4,2.40045,16.30,4.00
2007.05.25 01:53:54.778,2.40005,2.4006,3.90,16.70
2007.05.25 01:53:54.931,2.4002,2.4006,5.90,8.00
2007.05.25 01:53:55.253,2.4002,2.40055,5.90,4.00
2007.05.25 01:53:59.843,2.4002,2.4006,5.90,8.00
2007.05.25 01:54:02.992,2.4002,2.4007,5.90,19.60
2007.05.25 01:54:03.122,2.4002,2.40065,5.90,8.00
2007.05.25 01:54:08.754,2.4002,2.4007,9.80,12.00
2007.05.25 01:54:08.825,2.4002,2.4006,13.80,0.70
2007.05.25 01:54:08.918,2.4002,2.4008,17.80,20.70
2007.05.25 01:54:12.739,2.4004,2.40075,5.90,0.70
2007.05.25 01:54:12.814,2.4004,2.40085,5.90,11.20
2007.05.25 01:54:12.826,2.4004,2.40085,5.90,7.20
2007.05.25 01:54:12.844,2.4004,2.4008,5.90,0.90
2007.05.25 01:54:18.206,2.4004,2.4007,5.90,4.80
2007.05.25 01:54:18.233,2.4004,2.4007,2.00,4.80
2007.05.25 01:54:18.735,2.4004,2.4006,2.00,4.80
2007.05.25 01:54:18.756,2.4003,2.4006,4.70,6.80
2007.05.25 01:54:18.867,2.4003,2.4006,0.80,6.80
2007.05.25 01:54:18.957,2.4002,2.4006,2.00,10.80
2007.05.25 01:54:21.711,2.4002,2.4007,6.00,29.90
2007.05.25 01:54:21.775,2.4002,2.4006,6.00,0.90
2007.05.25 01:54:21.920,2.4002,2.4006,6.00,0.50
2007.05.25 01:54:21.928,2.4002,2.4007,6.80,16.70
2007.05.25 01:54:21.981,2.4002,2.4007,6.80,16.70
2007.05.25 01:54:23.246,2.4002,2.4006,6.80,4.80
2007.05.25 01:54:23.758,2.4002,2.4006,2.80,6.80
2007.05.25 01:54:23.829,2.4002,2.4005,6.70,0.70
2007.05.25 01:54:24.239,2.4002,2.4006,5.90,6.80
2007.05.25 01:54:24.260,2.4002,2.4006,2.00,10.80
2007.05.25 01:54:27.136,2.4002,2.4004,2.00,0.80
2007.05.25 01:54:27.343,2.4,2.4004,2.80,0.60
2007.05.25 01:54:29.214,2.4,2.40045,2.80,0.90
2007.05.25 01:54:30.108,2.4,2.4005,6.70,0.50
2007.05.25 01:54:30.198,2.4001,2.40055,0.80,11.90
2007.05.25 01:54:30.734,2.4002,2.40055,2.00,4.00
2007.05.25 01:54:30.840,2.4002,2.40055,2.80,4.00
2007.05.25 01:54:30.878,2.4002,2.4006,2.80,4.00
2007.05.25 01:54:32.175,2.4003,2.4006,3.90,4.00
2007.05.25 01:54:32.239,2.4003,2.40065,3.90,4.00
2007.05.25 01:54:32.266,2.4003,2.40065,5.90,4.00
2007.05.25 01:54:32.403,2.4003,2.4007,5.90,13.60
2007.05.25 01:54:37.140,2.4003,2.4006,5.90,2.40
2007.05.25 01:54:37.662,2.4003,2.4007,5.90,8.80
2007.05.25 01:54:37.737,2.4003,2.40075,6.70,4.00
2007.05.25 01:54:40.209,2.4003,2.40075,10.70,4.00
2007.05.25 01:54:40.436,2.4004,2.40075,0.80,4.00
2007.05.25 01:54:40.503,2.4004,2.40085,0.80,4.00
2007.05.25 01:54:40.714,2.4004,2.40085,3.20,4.00
2007.05.25 01:54:40.790,2.4005,2.40085,5.90,4.00
2007.05.25 01:54:41.325,2.4005,2.40075,5.90,4.00
2007.05.25 01:54:41.454,2.4003,2.40075,6.70,4.00
2007.05.25 01:54:42.675,2.4003,2.4006,6.70,2.40
2007.05.25 01:54:42.951,2.4003,2.4006,5.90,2.40
2007.05.25 01:55:09.233,2.4003,2.4007,5.90,11.20
2007.05.25 01:55:09.290,2.4004,2.4007,3.90,11.20
2007.05.25 01:55:09.304,2.4004,2.4007,3.90,8.80
2007.05.25 01:55:09.423,2.4004,2.4007,3.90,6.40
2007.05.25 01:55:09.447,2.4003,2.4007,5.90,6.40
2007.05.25 01:55:09.611,2.4003,2.4007,5.90,4.00
2007.05.25 01:55:09.770,2.4003,2.4007,6.70,4.00
2007.05.25 01:55:09.935,2.4003,2.40075,6.70,4.00
2007.05.25 01:55:09.984,2.4003,2.40075,9.90,4.00
2007.05.25 01:55:18.724,2.4003,2.4006,9.90,2.40
2007.05.25 01:55:19.620,2.4003,2.4006,5.90,2.40
2007.05.25 01:55:20.267,2.4003,2.4007,5.90,6.40
2007.05.25 01:55:20.301,2.4003,2.4007,5.90,4.00
2007.05.25 01:55:20.447,2.4005,2.4007,2.00,4.00
2007.05.25 01:55:20.766,2.4005,2.4007,5.90,4.00
2007.05.25 01:55:21.755,2.4005,2.4008,5.90,7.20
2007.05.25 01:55:21.853,2.4005,2.4008,5.90,6.40
2007.05.25 01:55:22.699,2.4005,2.4006,3.90,2.40
2007.05.25 01:55:22.826,2.4004,2.4006,7.90,2.40
2007.05.25 01:55:22.918,2.4004,2.4006,7.90,6.40
2007.05.25 01:55:23.333,2.4004,2.4006,3.90,6.40
2007.05.25 01:55:23.366,2.4003,2.4006,5.90,6.40
2007.05.25 01:55:42.191,2.4003,2.4006,5.90,4.00
2007.05.25 01:55:42.312,2.4003,2.4006,6.70,4.00
2007.05.25 01:55:42.426,2.4003,2.4006,10.60,4.00
2007.05.25 01:55:42.430,2.4003,2.4008,10.60,10.40
2007.05.25 01:55:43.957,2.4003,2.4008,10.60,6.40
2007.05.25 01:55:44.229,2.4003,2.4008,10.60,10.40
2007.05.25 01:55:44.805,2.4003,2.4008,10.60,8.00
2007.05.25 01:55:44.900,2.4003,2.4008,14.60,8.00
2007.05.25 01:55:44.919,2.4004,2.4008,0.80,8.00
2007.05.25 01:55:44.974,2.4004,2.4008,0.80,4.00
2007.05.25 01:55:44.985,2.4004,2.40085,0.80,4.00
2007.05.25 01:55:45.518,2.4004,2.40075,0.80,4.00
2007.05.25 01:55:45.543,2.4003,2.40075,6.70,4.00
2007.05.25 01:55:46.327,2.4003,2.40075,6.70,0.90
2007.05.25 01:56:00.355,2.4003,2.40075,9.90,4.00
2007.05.25 01:56:10.209,2.4003,2.40075,13.90,4.00
2007.05.25 01:56:10.353,2.4004,2.40075,4.00,4.00
2007.05.25 01:56:10.399,2.4004,2.40085,4.00,4.00
2007.05.25 01:56:12.463,2.4003,2.40085,17.80,4.00
2007.05.25 01:56:13.241,2.40035,2.40085,3.90,4.00
2007.05.25 01:56:13.298,2.4004,2.40085,4.00,4.00
2007.05.25 01:56:14.561,2.4004,2.4008,4.00,2.40
2007.05.25 01:56:15.591,2.40035,2.4008,3.90,2.40
2007.05.25 01:56:15.704,2.4003,2.4008,13.80,6.40
2007.05.25 01:56:17.259,2.4003,2.4007,9.90,4.00
2007.05.25 01:56:17.261,2.4003,2.4007,9.90,6.40
2007.05.25 01:56:17.334,2.4003,2.4007,9.90,8.40
2007.05.25 01:56:17.712,2.4003,2.4007,5.90,8.40
2007.05.25 01:56:17.878,2.4003,2.4006,5.90,2.40
2007.05.25 01:56:18.407,2.4003,2.4007,9.90,6.00
2007.05.25 01:56:18.439,2.4004,2.4007,3.90,6.00
2007.05.25 01:56:18.508,2.4004,2.4007,4.70,6.00
2007.05.25 01:56:18.593,2.4004,2.4007,5.50,6.00
2007.05.25 01:56:18.833,2.4004,2.4007,5.50,2.00
2007.05.25 01:56:18.894,2.4004,2.4008,6.30,4.80
2007.05.25 01:56:19.075,2.4004,2.4008,5.50,4.80
2007.05.25 01:56:19.114,2.4004,2.4008,4.70,4.80
2007.05.25 01:56:19.123,2.4006,2.4008,3.90,4.80
2007.05.25 01:56:19.350,2.4005,2.4008,5.90,4.80
2007.05.25 01:56:19.540,2.4005,2.4008,9.80,0.80
2007.05.25 01:56:19.731,2.4005,2.4008,7.80,0.80
2007.05.25 01:56:19.894,2.4005,2.4008,3.90,0.80
2007.05.25 01:56:20.095,2.40045,2.4008,3.90,0.80
2007.05.25 01:56:20.248,2.4005,2.4008,5.90,0.80
2007.05.25 01:56:20.542,2.4005,2.4009,5.90,0.80
2007.05.25 01:56:20.745,2.40045,2.4009,3.90,8.70
2007.05.25 01:56:20.758,2.40045,2.4009,3.90,11.10
2007.05.25 01:56:21.269,2.40045,2.4009,3.90,13.10
2007.05.25 01:56:21.452,2.40045,2.4009,3.90,13.90
2007.05.25 01:56:21.618,2.40045,2.4009,3.90,14.70
2007.05.25 01:56:21.678,2.40045,2.4009,3.90,15.50
2007.05.25 01:56:21.869,2.40035,2.40085,3.90,4.00
2007.05.25 01:56:22.023,2.4005,2.40085,4.00,4.00
2007.05.25 01:56:22.087,2.4005,2.4008,4.00,4.00
2007.05.25 01:56:22.343,2.4005,2.40075,4.00,4.00
2007.05.25 01:56:23.050,2.4003,2.40075,9.90,4.00
2007.05.25 01:56:23.303,2.4003,2.40075,13.90,4.00
2007.05.25 01:56:23.345,2.4004,2.40075,4.00,4.00
2007.05.25 01:56:23.404,2.4004,2.40085,4.00,4.00
2007.05.25 01:56:23.770,2.4005,2.40085,5.90,4.00
2007.05.25 01:56:23.914,2.4005,2.40095,5.90,4.00
2007.05.25 01:56:24.741,2.4005,2.4009,5.90,2.40
2007.05.25 01:56:24.815,2.4005,2.4009,9.90,2.40
2007.05.25 01:56:24.929,2.4005,2.40085,9.90,4.00
2007.05.25 01:56:24.957,2.4005,2.40085,4.00,4.00
2007.05.25 01:56:25.240,2.4005,2.40085,7.90,4.00
2007.05.25 01:56:25.468,2.4005,2.40085,9.90,4.00
2007.05.25 01:56:25.481,2.4005,2.40095,9.90,4.00
2007.05.25 01:56:26.151,2.4005,2.40095,5.90,4.00
2007.05.25 01:56:32.568,2.4005,2.40095,9.90,4.00
2007.05.25 01:56:32.584,2.4005,2.40095,9.90,0.90
2007.05.25 01:56:37.383,2.4005,2.4009,9.90,0.90
2007.05.25 01:56:37.394,2.4005,2.4009,9.90,0.70
2007.05.25 01:56:37.406,2.4005,2.4008,9.90,0.60
2007.05.25 01:56:37.522,2.4005,2.4008,5.90,0.90
2007.05.25 01:56:37.787,2.4004,2.4009,7.90,25.90
2007.05.25 01:56:37.907,2.4004,2.4009,4.00,25.90
2007.05.25 01:56:37.918,2.4003,2.4008,13.80,0.50
2007.05.25 01:56:40.668,2.4003,2.4008,13.80,8.80
2007.05.25 01:56:40.820,2.4003,2.4008,9.80,15.60
2007.05.25 01:56:40.857,2.4003,2.4006,9.80,0.60
2007.05.25 01:56:40.942,2.4003,2.4006,5.90,0.50
2007.05.25 01:56:43.221,2.4003,2.4007,5.90,0.60
2007.05.25 01:56:43.272,2.4003,2.4008,5.90,12.00
2007.05.25 01:56:43.821,2.4003,2.4007,9.90,0.60
2007.05.25 01:56:43.959,2.4003,2.4008,13.80,0.80
2007.05.25 01:56:47.732,2.4005,2.4008,2.00,0.80
2007.05.25 01:56:48.078,2.4005,2.4009,2.00,26.70
2007.05.25 01:56:48.353,2.4005,2.4009,5.90,18.00
2007.05.25 01:56:50.170,2.4005,2.4008,5.90,4.80
2007.05.25 01:56:50.388,2.4004,2.4008,9.90,6.80
2007.05.25 01:56:50.458,2.4004,2.4008,9.90,7.60
2007.05.25 01:56:50.634,2.4004,2.4008,5.90,7.60
2007.05.25 01:56:50.648,2.4004,2.4007,5.90,0.70
2007.05.25 01:56:50.657,2.4004,2.4008,5.90,9.20
2007.05.25 01:56:50.857,2.4004,2.4008,3.90,9.20
2007.05.25 01:56:50.871,2.4004,2.4006,3.90,0.50
2007.05.25 01:56:50.946,2.4003,2.4007,13.80,9.20
2007.05.25 01:56:51.137,2.4003,2.4007,10.60,9.20
2007.05.25 01:56:51.257,2.4003,2.4006,9.80,0.90
2007.05.25 01:56:51.408,2.4003,2.4007,5.90,13.20
2007.05.25 01:56:51.619,2.4002,2.4007,14.50,15.60
2007.05.25 01:56:52.196,2.4003,2.4007,0.60,0.90
2007.05.25 01:56:52.258,2.4002,2.4008,18.50,11.20
2007.05.25 01:56:52.407,2.4002,2.4008,18.50,10.40
2007.05.25 01:56:53.015,2.4002,2.4008,21.70,6.40
2007.05.25 01:56:53.152,2.4002,2.4009,21.70,29.10
2007.05.25 01:56:56.388,2.4002,2.4008,21.70,12.80
2007.05.25 01:56:56.458,2.4002,2.4008,13.90,20.70
2007.05.25 01:56:56.497,2.4002,2.40075,13.90,14.30
2007.05.25 01:57:01.665,2.4002,2.4006,9.90,2.40
2007.05.25 01:57:01.884,2.4003,2.4006,0.60,2.40
2007.05.25 01:57:02.783,2.4002,2.40065,6.80,4.00
2007.05.25 01:57:02.827,2.4005,2.40065,0.90,4.00
2007.05.25 01:57:02.893,2.4003,2.4007,9.80,4.00
2007.05.25 01:57:02.955,2.4005,2.4008,0.70,2.40
2007.05.25 01:57:03.716,2.4004,2.4007,2.80,2.40
2007.05.25 01:57:03.750,2.4005,2.4007,0.90,10.30
2007.05.25 01:57:03.845,2.4003,2.4007,9.90,12.30
2007.05.25 01:57:03.930,2.4003,2.4007,9.90,9.90
2007.05.25 01:57:04.060,2.4002,2.4007,6.70,13.90
2007.05.25 01:57:04.118,2.4002,2.40065,2.80,4.00
2007.05.25 01:57:06.546,2.4003,2.40065,0.90,4.00
2007.05.25 01:57:06.698,2.4002,2.4007,16.30,7.90
2007.05.25 01:57:06.735,2.4003,2.40075,6.70,4.00
2007.05.25 01:57:06.961,2.4004,2.4008,2.80,2.40
2007.05.25 01:57:07.451,2.4004,2.4008,2.80,6.40
2007.05.25 01:57:08.298,2.4004,2.4008,2.80,2.40
2007.05.25 01:57:13.449,2.4005,2.4007,1.40,2.40
2007.05.25 01:57:17.700,2.4003,2.4007,13.80,2.40
2007.05.25 01:57:17.812,2.4004,2.4007,0.80,10.30
2007.05.25 01:57:17.918,2.4002,2.4007,13.90,10.30
2007.05.25 01:57:18.139,2.4002,2.40065,10.00,4.00
2007.05.25 01:57:18.311,2.4002,2.40065,2.80,4.00
2007.05.25 01:57:18.424,2.4003,2.4006,1.40,4.00
2007.05.25 01:57:21.884,2.4003,2.40065,2.00,4.00
2007.05.25 01:57:22.315,2.4003,2.40065,2.80,4.00
2007.05.25 01:57:22.423,2.4003,2.4007,2.80,10.30
2007.05.25 01:57:22.835,2.4003,2.4007,2.00,10.30
2007.05.25 01:57:22.997,2.4003,2.4007,2.00,14.30
2007.05.25 01:57:23.018,2.4003,2.4007,2.00,11.90
2007.05.25 01:57:23.237,2.4003,2.4007,2.80,11.90
2007.05.25 01:57:23.463,2.4003,2.4007,2.80,7.90
2007.05.25 01:57:25.172,2.4003,2.4007,2.80,10.30
2007.05.25 01:57:25.433,2.4003,2.4007,2.00,17.90
2007.05.25 01:57:25.476,2.4003,2.4006,2.00,6.40
2007.05.25 01:57:27.301,2.4003,2.4006,2.00,4.00
2007.05.25 01:57:29.741,2.4003,2.4006,2.00,6.40
2007.05.25 01:57:31.785,2.4003,2.40065,2.00,4.00
2007.05.25 01:57:31.861,2.4003,2.40065,2.80,4.00
2007.05.25 01:57:31.961,2.4003,2.4007,2.80,10.30
2007.05.25 01:57:32.011,2.4003,2.4007,2.80,7.90
2007.05.25 01:57:34.248,2.4003,2.4007,2.80,10.30
2007.05.25 01:57:34.253,2.4003,2.4007,2.80,12.30
2007.05.25 01:57:34.455,2.4003,2.4007,2.80,13.90
2007.05.25 01:57:34.463,2.4003,2.4007,2.00,19.50
2007.05.25 01:57:34.548,2.4003,2.4006,2.00,2.40
2007.05.25 01:57:39.037,2.4003,2.40065,2.00,4.00
2007.05.25 01:57:39.263,2.4003,2.4007,2.00,17.10
2007.05.25 01:57:39.629,2.4003,2.4007,2.00,21.10
2007.05.25 01:57:39.758,2.4003,2.40065,2.00,4.00
2007.05.25 01:57:47.647,2.4003,2.4006,2.00,2.40
2007.05.25 01:58:02.535,2.4003,2.4007,2.00,14.70
2007.05.25 01:58:03.051,2.4003,2.4007,2.00,18.70
2007.05.25 01:58:03.194,2.4003,2.40065,2.00,4.00
2007.05.25 01:58:06.257,2.4003,2.4007,2.00,15.50
2007.05.25 01:58:06.269,2.4003,2.4007,2.00,14.70
2007.05.25 01:58:06.370,2.4003,2.4007,2.80,8.70
2007.05.25 01:58:06.507,2.4003,2.4007,2.80,7.90
2007.05.25 01:58:07.754,2.4005,2.4007,2.00,7.90
2007.05.25 01:58:07.874,2.4005,2.4008,2.00,2.40
2007.05.25 01:58:08.551,2.4005,2.4008,5.90,2.40
2007.05.25 01:58:08.750,2.4005,2.4008,6.70,2.40
2007.05.25 01:58:08.788,2.4005,2.4008,10.60,2.40
2007.05.25 01:58:09.298,2.4005,2.4008,6.70,2.40
2007.05.25 01:58:09.364,2.4005,2.4008,5.90,2.40
2007.05.25 01:58:17.045,2.4005,2.4006,5.90,2.40
2007.05.25 01:58:17.124,2.4004,2.4006,4.70,2.40
2007.05.25 01:58:17.217,2.4004,2.4006,0.80,2.40
2007.05.25 01:58:17.255,2.4003,2.4006,10.60,2.40
2007.05.25 01:58:18.933,2.4003,2.4006,6.70,2.40
2007.05.25 01:58:19.284,2.4003,2.4007,6.70,2.00
2007.05.25 01:58:19.387,2.4003,2.40075,6.70,4.00
2007.05.25 01:58:19.516,2.4004,2.40075,0.80,4.00
2007.05.25 01:58:19.559,2.4004,2.4008,0.80,2.40
2007.05.25 01:58:21.021,2.4004,2.4008,4.70,2.40
2007.05.25 01:58:21.995,2.4004,2.4008,0.80,2.40
2007.05.25 01:58:23.762,2.4004,2.4008,1.60,2.40
2007.05.25 01:58:23.798,2.4005,2.4008,0.80,2.40
2007.05.25 01:58:23.825,2.4005,2.4008,1.60,2.40
2007.05.25 01:58:23.847,2.4005,2.4008,2.40,2.40
2007.05.25 01:58:24.257,2.4005,2.4008,4.40,2.40
2007.05.25 01:58:24.335,2.4005,2.4008,3.60,2.40
2007.05.25 01:58:24.340,2.4005,2.4008,6.70,2.40
2007.05.25 01:58:24.594,2.4005,2.4008,5.90,2.40
2007.05.25 01:58:24.857,2.4004,2.4008,0.80,2.40
2007.05.25 01:58:25.216,2.4005,2.4008,4.00,2.40
2007.05.25 01:58:25.422,2.4006,2.4008,3.90,2.40
2007.05.25 01:58:25.602,2.4006,2.40085,3.90,4.00
2007.05.25 01:58:26.147,2.4005,2.4009,5.90,2.40
2007.05.25 01:58:26.622,2.4006,2.4009,3.90,2.40
2007.05.25 01:58:26.663,2.4006,2.40095,3.90,4.00
2007.05.25 01:58:26.730,2.4006,2.40095,5.90,4.00
2007.05.25 01:58:27.253,2.4006,2.40095,2.00,4.00
2007.05.25 01:58:27.349,2.4005,2.40095,5.90,4.00
2007.05.25 01:58:28.190,2.4005,2.4009,5.90,2.40
2007.05.25 01:58:28.426,2.4005,2.4009,5.90,6.40
2007.05.25 01:58:36.257,2.4005,2.4009,5.90,4.00
2007.05.25 01:58:39.140,2.4005,2.4008,5.90,2.40
2007.05.25 01:58:39.257,2.4005,2.4009,5.90,6.40
2007.05.25 01:58:39.275,2.4005,2.4009,5.90,4.00
2007.05.25 01:58:39.420,2.4007,2.4009,3.90,6.00
2007.05.25 01:58:39.446,2.4007,2.40085,3.90,4.00
2007.05.25 01:58:39.465,2.4007,2.40085,5.90,4.00
2007.05.25 01:58:39.868,2.4007,2.4009,5.90,4.00
2007.05.25 01:58:40.496,2.4007,2.401,5.90,2.40
2007.05.25 01:58:59.680,2.4007,2.40105,5.90,4.00
2007.05.25 01:58:59.967,2.4007,2.4011,5.90,4.00
2007.05.25 01:59:00.063,2.4007,2.40115,5.90,4.00
2007.05.25 01:59:01.215,2.4007,2.40115,6.70,4.00
2007.05.25 01:59:01.399,2.4009,2.40115,2.00,4.00
2007.05.25 01:59:01.504,2.4009,2.4012,2.00,2.40
2007.05.25 01:59:36.180,2.4009,2.40125,2.00,4.00
2007.05.25 01:59:36.265,2.4011,2.40125,2.00,4.00
2007.05.25 01:59:36.305,2.4011,2.4013,2.00,4.00
2007.05.25 01:59:36.388,2.4011,2.4014,2.00,3.20
2007.05.25 01:59:36.465,2.4011,2.4014,2.00,4.00
2007.05.25 01:59:36.530,2.4011,2.4014,2.00,4.80
2007.05.25 01:59:38.060,2.4011,2.40135,2.00,4.00
2007.05.25 01:59:38.231,2.401,2.40135,3.90,4.00
2007.05.25 01:59:38.315,2.4009,2.40135,2.00,4.00
2007.05.25 01:59:39.351,2.4009,2.40125,2.00,4.00
2007.05.25 01:59:39.417,2.4007,2.40125,10.70,4.00
2007.05.25 01:59:40.186,2.4007,2.4012,10.70,2.40
2007.05.25 01:59:40.276,2.4007,2.4012,6.70,2.40
2007.05.25 01:59:40.380,2.4007,2.40115,2.80,4.00
2007.05.25 01:59:40.411,2.4007,2.40115,5.90,4.00
2007.05.25 01:59:40.801,2.4009,2.40115,2.00,4.00
2007.05.25 01:59:41.116,2.4009,2.4012,2.00,2.40
2007.05.25 01:59:41.719,2.4009,2.40125,2.00,4.00
2007.05.25 01:59:41.907,2.4009,2.40135,2.00,4.00
2007.05.25 01:59:43.813,2.4011,2.40135,2.00,4.00
2007.05.25 01:59:43.950,2.4011,2.4014,2.00,2.40
2007.05.25 01:59:44.174,2.4011,2.4013,2.00,2.40
2007.05.25 01:59:44.200,2.401,2.4013,5.90,2.40
2007.05.25 01:59:44.345,2.401,2.4013,2.00,2.40
2007.05.25 01:59:44.456,2.401,2.40125,2.00,4.00
2007.05.25 01:59:44.719,2.401,2.4013,2.00,4.80
2007.05.25 01:59:45.359,2.401,2.4013,2.00,8.80
2007.05.25 01:59:45.429,2.401,2.4013,2.00,8.00
2007.05.25 01:59:45.459,2.401,2.40125,2.00,4.00
2007.05.25 01:59:45.646,2.4008,2.40125,7.90,4.00
2007.05.25 01:59:45.824,2.4008,2.40125,11.90,4.00
2007.05.25 01:59:45.967,2.4011,2.40125,2.00,4.00
2007.05.25 01:59:46.007,2.4011,2.4014,2.00,2.40
2007.05.25 01:59:46.282,2.4011,2.4014,2.00,6.40
2007.05.25 01:59:46.496,2.4011,2.40135,2.00,4.00
2007.05.25 01:59:47.236,2.4011,2.4014,2.00,2.40
2007.05.25 01:59:52.795,2.4011,2.40145,2.00,4.00
2007.05.25 01:59:54.498,2.4011,2.40145,0.70,4.00
2007.05.25 01:59:59.725,2.4009,2.4013,14.50,2.00
2007.05.25 01:59:59.733,2.401,2.4013,0.70,4.40
2007.05.25 01:59:59.842,2.4008,2.4013,13.80,4.40
2007.05.25 01:59:59.903,2.4009,2.4013,2.50,8.40
2007.05.25 01:59:59.932,2.4008,2.4013,9.80,12.40
2007.05.25 01:59:59.989,2.4008,2.40125,5.90,4.00
