2012.03.21 04:00:00.318,1.32898,1.32922,2.39,2.25
2012.03.21 04:00:00.580,1.32898,1.32919,1.50,1.50
2012.03.21 04:00:01.121,1.32898,1.32919,1.50,2.25
2012.03.21 04:00:01.603,1.32902,1.32922,1.50,1.50
2012.03.21 04:00:03.787,1.32899,1.32922,3.21,1.50
2012.03.21 04:00:04.725,1.32899,1.32923,3.08,1.50
2012.03.21 04:00:05.239,1.32901,1.32924,1.50,3.75
2012.03.21 04:00:05.770,1.329,1.32924,2.25,3.75
2012.03.21 04:00:06.266,1.32896,1.32918,2.09,2.25
2012.03.21 04:00:06.360,1.32891,1.32916,1.58,3.75
2012.03.21 04:00:06.437,1.32891,1.32915,1.71,1.50
2012.03.21 04:00:06.712,1.3289,1.32914,2.39,1.50
2012.03.21 04:00:06.919,1.3289,1.32908,1.50,1.50
2012.03.21 04:00:07.347,1.32885,1.32908,2.25,3.00
2012.03.21 04:00:07.489,1.32886,1.32908,1.50,3.00
2012.03.21 04:00:07.829,1.32885,1.32908,3.00,2.25
2012.03.21 04:00:08.249,1.32889,1.32912,2.25,2.25
2012.03.21 04:00:10.238,1.32888,1.32913,2.25,3.75
2012.03.21 04:00:10.674,1.32892,1.32914,1.50,1.50
2012.03.21 04:00:12.847,1.32892,1.32914,2.25,1.50
2012.03.21 04:00:13.390,1.32889,1.32913,2.25,2.25
2012.03.21 04:00:14.320,1.32892,1.32913,2.25,1.50
2012.03.21 04:00:14.881,1.32892,1.32915,2.25,2.25
2012.03.21 04:00:16.342,1.32892,1.32915,2.25,2.25
2012.03.21 04:00:16.550,1.32892,1.32915,2.25,2.25
2012.03.21 04:00:17.399,1.32889,1.32913,2.25,1.50
2012.03.21 04:00:17.722,1.32893,1.32913,2.33,1.50
2012.03.21 04:00:18.055,1.32898,1.32918,1.50,1.50
2012.03.21 04:00:18.138,1.32898,1.32919,1.50,3.45
2012.03.21 04:00:18.578,1.32897,1.32919,3.00,2.25
2012.03.21 04:00:18.675,1.32899,1.3292,1.50,2.25
2012.03.21 04:00:18.838,1.32896,1.3292,1.64,3.75
2012.03.21 04:00:18.986,1.32895,1.32918,1.73,1.50
2012.03.21 04:00:19.345,1.32895,1.32912,1.60,1.58
2012.03.21 04:00:19.563,1.32882,1.32906,1.64,1.50
2012.03.21 04:00:19.772,1.32882,1.32906,1.64,1.50
2012.03.21 04:00:20.248,1.32883,1.32909,2.39,1.50
2012.03.21 04:00:20.744,1.32883,1.32909,2.39,2.25
2012.03.21 04:00:21.623,1.32883,1.32909,2.39,3.00
2012.03.21 04:00:21.908,1.32883,1.32909,2.39,3.00
2012.03.21 04:00:22.406,1.32887,1.3291,3.00,3.75
2012.03.21 04:00:22.481,1.32888,1.3291,2.25,2.25
2012.03.21 04:00:22.931,1.32894,1.32914,3.00,1.50
2012.03.21 04:00:23.200,1.32902,1.32917,1.50,1.50
2012.03.21 04:00:23.580,1.32902,1.32919,1.50,1.50
2012.03.21 04:00:23.652,1.32898,1.32917,2.25,1.50
2012.03.21 04:00:23.929,1.32896,1.32917,1.64,1.50
2012.03.21 04:00:25.563,1.32895,1.32917,3.75,1.50
2012.03.21 04:00:25.700,1.32894,1.32917,3.00,2.25
2012.03.21 04:00:26.219,1.32894,1.32917,3.00,2.25
2012.03.21 04:00:27.193,1.32894,1.32917,3.75,2.25
2012.03.21 04:00:28.115,1.32894,1.32917,3.00,2.25
2012.03.21 04:00:30.347,1.32889,1.32912,2.33,2.25
2012.03.21 04:00:34.784,1.3289,1.32914,1.50,3.00
2012.03.21 04:00:35.222,1.3289,1.32914,2.25,2.25
2012.03.21 04:00:35.962,1.32887,1.32912,2.25,2.25
2012.03.21 04:00:36.173,1.32887,1.32912,2.39,2.25
2012.03.21 04:00:36.493,1.32887,1.32912,1.64,2.25
2012.03.21 04:00:37.033,1.32887,1.32912,3.00,2.25
2012.03.21 04:00:38.449,1.32887,1.32912,3.00,2.25
2012.03.21 04:00:39.014,1.32887,1.32912,2.25,2.25
2012.03.21 04:00:39.299,1.32887,1.32911,2.25,1.50
2012.03.21 04:00:39.654,1.32887,1.32907,1.50,1.50
2012.03.21 04:00:39.795,1.3288,1.32905,2.25,2.25
2012.03.21 04:00:40.349,1.3288,1.32905,1.50,2.25
2012.03.21 04:00:40.901,1.32879,1.32902,3.00,2.25
2012.03.21 04:00:43.510,1.32879,1.32902,3.00,2.25
2012.03.21 04:00:43.592,1.32879,1.32902,3.14,2.25
2012.03.21 04:00:43.792,1.32879,1.32902,3.14,2.25
2012.03.21 04:00:44.342,1.3288,1.32905,1.50,3.00
2012.03.21 04:00:49.121,1.32879,1.32902,3.00,2.25
2012.03.21 04:00:53.858,1.3288,1.32904,1.50,1.50
2012.03.21 04:00:53.948,1.3288,1.32905,1.50,2.25
2012.03.21 04:00:56.542,1.32882,1.32905,1.50,1.50
2012.03.21 04:00:57.093,1.32882,1.32903,1.50,2.25
2012.03.21 04:00:57.300,1.32878,1.32901,2.25,1.50
2012.03.21 04:00:57.968,1.32875,1.329,3.08,1.50
2012.03.21 04:00:58.522,1.32878,1.32901,2.25,2.25
2012.03.21 04:01:02.449,1.32878,1.32901,2.25,1.50
2012.03.21 04:01:02.997,1.32878,1.32901,2.25,2.25
2012.03.21 04:01:03.644,1.32878,1.32901,2.25,1.50
2012.03.21 04:01:05.917,1.32878,1.32901,2.39,2.25
2012.03.21 04:01:06.184,1.32875,1.32899,2.25,3.00
2012.03.21 04:01:06.583,1.32876,1.32899,1.50,1.50
2012.03.21 04:01:07.704,1.3288,1.32903,2.25,1.50
2012.03.21 04:01:08.884,1.3288,1.32904,1.50,3.00
2012.03.21 04:01:09.484,1.3288,1.32904,2.25,3.00
2012.03.21 04:01:10.421,1.3288,1.32903,3.89,2.25
2012.03.21 04:01:10.563,1.3288,1.32903,3.00,1.50
2012.03.21 04:01:11.138,1.32879,1.32901,1.64,2.25
2012.03.21 04:01:11.929,1.32879,1.32901,1.92,2.25
2012.03.21 04:01:12.875,1.32879,1.32901,1.92,2.25
2012.03.21 04:01:13.783,1.32879,1.32901,1.92,2.25
2012.03.21 04:01:14.330,1.32879,1.32899,1.17,1.50
2012.03.21 04:01:14.872,1.32878,1.329,3.42,1.50
2012.03.21 04:01:15.412,1.32879,1.329,1.17,3.00
2012.03.21 04:01:16.257,1.32879,1.329,1.17,3.00
2012.03.21 04:01:16.684,1.32878,1.32894,1.17,1.50
2012.03.21 04:01:17.043,1.32873,1.32889,1.64,3.00
2012.03.21 04:01:17.190,1.32872,1.32888,1.64,1.50
2012.03.21 04:01:17.404,1.32872,1.32889,1.64,3.00
2012.03.21 04:01:18.140,1.32872,1.32886,1.64,2.25
2012.03.21 04:01:18.680,1.32872,1.32887,1.64,2.25
2012.03.21 04:01:19.526,1.32872,1.32887,1.64,1.50
2012.03.21 04:01:19.608,1.32872,1.3289,1.64,2.25
2012.03.21 04:01:19.828,1.32872,1.3289,1.64,2.25
2012.03.21 04:01:20.419,1.32872,1.3289,1.64,1.50
2012.03.21 04:01:20.956,1.32872,1.3289,1.64,1.50
2012.03.21 04:01:21.840,1.32872,1.3289,1.64,2.25
2012.03.21 04:01:23.552,1.32871,1.32888,1.64,3.00
2012.03.21 04:01:23.894,1.32871,1.32888,1.64,3.00
2012.03.21 04:01:24.174,1.32859,1.32884,3.00,2.25
2012.03.21 04:01:24.242,1.32858,1.32881,1.50,2.25
2012.03.21 04:01:25.871,1.32858,1.32882,3.00,1.50
2012.03.21 04:01:26.080,1.32859,1.32884,1.50,3.00
2012.03.21 04:01:26.822,1.32858,1.32884,3.75,3.00
2012.03.21 04:01:30.574,1.32855,1.3288,2.25,2.25
2012.03.21 04:01:31.220,1.32855,1.3288,2.25,1.50
2012.03.21 04:01:31.892,1.32855,1.3288,2.25,1.50
2012.03.21 04:01:32.303,1.32856,1.3288,1.50,2.25
2012.03.21 04:01:34.999,1.32855,1.32879,2.25,2.33
2012.03.21 04:01:35.133,1.32852,1.32875,2.25,1.50
2012.03.21 04:01:35.328,1.32852,1.32875,2.25,2.25
2012.03.21 04:01:35.529,1.32852,1.32875,2.25,2.25
2012.03.21 04:01:37.675,1.32853,1.32878,1.50,1.50
2012.03.21 04:01:37.819,1.32853,1.32878,2.25,1.50
2012.03.21 04:01:38.957,1.32853,1.32878,2.25,1.50
2012.03.21 04:01:39.031,1.32853,1.32878,2.25,1.50
2012.03.21 04:01:39.244,1.32853,1.32878,2.25,1.50
2012.03.21 04:01:39.528,1.32853,1.32873,2.25,1.50
2012.03.21 04:01:39.953,1.32854,1.32873,1.50,1.20
2012.03.21 04:01:40.293,1.32854,1.32877,1.56,2.25
2012.03.21 04:01:40.366,1.32862,1.32882,1.50,2.25
2012.03.21 04:01:40.899,1.32861,1.32882,1.50,1.50
2012.03.21 04:01:42.446,1.32861,1.32882,1.50,1.50
2012.03.21 04:01:44.312,1.32861,1.32881,1.50,1.50
2012.03.21 04:01:45.445,1.32861,1.32882,1.50,1.50
2012.03.21 04:01:45.672,1.32858,1.32882,1.50,1.50
2012.03.21 04:01:46.008,1.32856,1.32879,1.50,3.00
2012.03.21 04:01:48.366,1.32856,1.32878,1.50,1.50
2012.03.21 04:01:48.514,1.32858,1.32879,1.50,2.25
2012.03.21 04:01:49.540,1.32857,1.32879,2.25,2.25
2012.03.21 04:01:49.680,1.32857,1.32878,1.50,1.50
2012.03.21 04:01:52.130,1.32857,1.32879,1.50,1.50
2012.03.21 04:01:52.461,1.32854,1.32875,1.50,1.50
2012.03.21 04:01:55.369,1.32855,1.32877,2.25,1.50
2012.03.21 04:01:56.548,1.32857,1.32879,2.25,1.50
2012.03.21 04:01:57.301,1.32857,1.32879,2.25,1.88
2012.03.21 04:01:57.490,1.32852,1.32875,2.25,1.50
2012.03.21 04:01:57.559,1.32852,1.32874,2.25,1.50
2012.03.21 04:01:57.701,1.32856,1.32874,1.50,1.50
2012.03.21 04:01:59.539,1.32856,1.32876,1.50,1.50
2012.03.21 04:02:04.577,1.32852,1.32875,2.25,1.50
2012.03.21 04:02:09.698,1.32852,1.32874,2.25,1.50
2012.03.21 04:02:10.030,1.32848,1.32871,2.25,2.25
2012.03.21 04:02:10.362,1.32851,1.32873,1.50,1.50
2012.03.21 04:02:10.918,1.32851,1.32873,2.25,1.50
2012.03.21 04:02:11.442,1.32854,1.32873,1.50,1.50
2012.03.21 04:02:11.574,1.32854,1.32875,1.50,1.50
2012.03.21 04:02:11.649,1.32857,1.32876,1.50,1.50
2012.03.21 04:02:19.487,1.32857,1.32875,1.50,1.50
2012.03.21 04:02:19.764,1.32857,1.32875,1.50,1.50
2012.03.21 04:02:20.275,1.32857,1.32875,1.50,1.50
2012.03.21 04:02:21.647,1.32857,1.32876,2.25,1.50
2012.03.21 04:02:22.174,1.32857,1.32878,2.25,1.50
2012.03.21 04:02:24.236,1.32857,1.32877,2.25,1.50
2012.03.21 04:02:24.320,1.32859,1.32881,1.50,1.50
2012.03.21 04:02:24.390,1.32858,1.32881,2.25,1.50
2012.03.21 04:02:24.639,1.32858,1.32881,2.25,1.50
2012.03.21 04:02:24.969,1.32863,1.32881,1.50,1.50
2012.03.21 04:02:26.459,1.32863,1.32881,1.50,1.50
2012.03.21 04:02:26.650,1.32858,1.32881,2.25,1.50
2012.03.21 04:02:27.250,1.32858,1.32881,2.25,1.50
2012.03.21 04:02:27.320,1.32863,1.32881,1.50,1.50
2012.03.21 04:02:27.843,1.32863,1.32881,1.50,1.50
2012.03.21 04:02:28.041,1.32859,1.32881,2.25,1.50
2012.03.21 04:02:29.299,1.32859,1.32881,2.25,1.50
2012.03.21 04:02:29.982,1.32859,1.32881,2.25,1.50
2012.03.21 04:02:30.139,1.32863,1.32881,1.50,1.50
2012.03.21 04:02:30.690,1.32863,1.32882,1.50,1.50
2012.03.21 04:02:31.973,1.32859,1.32882,2.25,1.50
2012.03.21 04:02:33.607,1.32862,1.32882,2.25,1.50
2012.03.21 04:02:35.705,1.32862,1.32882,2.25,1.50
2012.03.21 04:02:39.422,1.32862,1.32883,1.50,1.50
2012.03.21 04:02:41.514,1.32862,1.32883,2.25,1.50
2012.03.21 04:02:43.319,1.32862,1.32883,2.25,1.50
2012.03.21 04:02:45.374,1.3286,1.32883,2.25,1.50
2012.03.21 04:03:14.970,1.3286,1.32883,3.00,1.50
2012.03.21 04:03:15.744,1.3286,1.32883,3.00,1.50
2012.03.21 04:03:19.330,1.3286,1.32882,3.00,1.50
2012.03.21 04:03:19.398,1.3286,1.32882,2.25,1.50
2012.03.21 04:03:20.769,1.32858,1.32881,2.25,2.25
2012.03.21 04:03:20.898,1.32858,1.3288,2.25,1.50
2012.03.21 04:03:21.373,1.32858,1.3288,2.25,1.50
2012.03.21 04:03:21.988,1.32858,1.3288,2.25,1.50
2012.03.21 04:03:22.674,1.32858,1.3288,2.25,1.50
2012.03.21 04:03:23.494,1.32858,1.32878,1.50,2.25
2012.03.21 04:03:23.901,1.32854,1.32877,1.50,2.25
2012.03.21 04:03:23.973,1.32858,1.32879,1.50,1.50
2012.03.21 04:03:24.158,1.32858,1.32881,2.25,3.00
2012.03.21 04:03:24.708,1.32858,1.32881,2.25,3.00
2012.03.21 04:03:25.640,1.32858,1.3288,2.25,1.50
2012.03.21 04:03:26.269,1.32858,1.3288,2.25,1.50
2012.03.21 04:03:26.344,1.32855,1.32879,2.25,2.25
2012.03.21 04:03:26.673,1.32855,1.32879,2.25,1.50
2012.03.21 04:03:27.219,1.32857,1.3288,1.50,3.00
2012.03.21 04:03:28.023,1.32858,1.32879,2.25,1.50
2012.03.21 04:03:28.290,1.32855,1.32878,3.00,1.50
2012.03.21 04:03:28.538,1.32855,1.32879,3.00,2.25
2012.03.21 04:03:28.678,1.32855,1.32879,3.00,1.50
2012.03.21 04:03:29.188,1.32858,1.3288,2.25,1.50
2012.03.21 04:03:29.535,1.32858,1.32881,2.25,1.13
2012.03.21 04:03:30.092,1.32858,1.32881,2.25,1.13
2012.03.21 04:03:30.517,1.32862,1.32883,1.50,1.50
2012.03.21 04:03:31.094,1.32862,1.32883,2.25,1.50
2012.03.21 04:03:31.561,1.32862,1.32882,2.25,1.50
2012.03.21 04:03:32.087,1.32859,1.32881,3.00,1.50
2012.03.21 04:03:32.361,1.32859,1.32882,3.00,2.25
2012.03.21 04:03:34.328,1.32859,1.32881,3.00,1.50
2012.03.21 04:03:34.461,1.32859,1.32879,2.25,1.50
2012.03.21 04:03:34.659,1.32857,1.32878,1.50,1.50
2012.03.21 04:03:34.951,1.3286,1.3288,1.50,3.00
2012.03.21 04:03:35.022,1.3286,1.3288,1.50,2.25
2012.03.21 04:03:35.527,1.3286,1.32883,1.50,2.25
2012.03.21 04:03:37.888,1.3286,1.32883,1.50,2.25
2012.03.21 04:03:38.194,1.3286,1.32883,1.50,2.25
2012.03.21 04:03:38.868,1.3286,1.32881,1.50,1.50
2012.03.21 04:03:39.239,1.32858,1.32881,2.25,1.50
2012.03.21 04:03:39.902,1.32858,1.32881,2.25,1.50
2012.03.21 04:03:40.239,1.32858,1.32883,2.25,3.00
2012.03.21 04:03:40.423,1.32858,1.32881,2.25,1.50
2012.03.21 04:03:43.499,1.32858,1.32882,3.00,1.50
2012.03.21 04:03:43.569,1.32858,1.32883,3.00,2.25
2012.03.21 04:03:43.699,1.32862,1.32884,2.25,1.50
2012.03.21 04:03:43.948,1.32862,1.32884,2.25,2.25
2012.03.21 04:03:47.714,1.32863,1.32887,1.50,2.25
2012.03.21 04:03:47.980,1.32865,1.32888,2.25,1.50
2012.03.21 04:03:57.113,1.32865,1.32888,2.25,1.50
2012.03.21 04:03:57.773,1.32865,1.32888,2.25,1.50
2012.03.21 04:03:58.231,1.32869,1.32889,1.50,1.50
2012.03.21 04:03:58.428,1.32871,1.3289,1.50,1.50
2012.03.21 04:03:58.562,1.32871,1.32893,1.50,2.25
2012.03.21 04:03:58.689,1.32873,1.32894,1.50,1.50
2012.03.21 04:03:59.475,1.32871,1.3289,1.50,1.50
2012.03.21 04:03:59.550,1.32868,1.3289,3.00,1.50
2012.03.21 04:04:01.429,1.32869,1.32891,2.33,1.50
2012.03.21 04:04:01.502,1.32869,1.32892,2.33,2.25
2012.03.21 04:04:01.571,1.32877,1.32894,1.50,1.20
2012.03.21 04:04:01.647,1.32878,1.32894,1.50,1.20
2012.03.21 04:04:01.721,1.32878,1.32894,1.50,2.33
2012.03.21 04:04:01.851,1.32872,1.32894,2.25,2.33
2012.03.21 04:04:01.981,1.32872,1.32891,1.50,1.50
2012.03.21 04:04:02.251,1.32869,1.32891,1.50,1.50
2012.03.21 04:04:02.318,1.32869,1.32893,1.50,3.38
2012.03.21 04:04:02.461,1.32869,1.32891,1.50,1.50
2012.03.21 04:04:03.919,1.32867,1.32893,3.00,3.90
2012.03.21 04:04:03.989,1.32867,1.32891,3.00,1.50
2012.03.21 04:04:12.721,1.32867,1.32893,2.25,3.45
2012.03.21 04:04:13.041,1.32867,1.32891,2.25,1.50
2012.03.21 04:04:13.612,1.32864,1.32887,2.25,2.25
2012.03.21 04:04:13.680,1.32864,1.32887,2.25,1.50
2012.03.21 04:04:13.751,1.32864,1.32887,2.25,1.50
2012.03.21 04:04:14.253,1.32866,1.32888,2.25,1.20
2012.03.21 04:04:21.489,1.32866,1.32889,2.25,2.33
2012.03.21 04:04:22.402,1.32868,1.32889,2.25,1.58
2012.03.21 04:04:24.932,1.32868,1.32889,2.25,1.58
2012.03.21 04:04:25.489,1.32866,1.32888,2.25,1.50
2012.03.21 04:04:28.762,1.32869,1.32888,2.25,1.50
2012.03.21 04:04:29.374,1.32869,1.32891,3.00,2.25
2012.03.21 04:04:29.713,1.32866,1.32888,2.25,1.20
2012.03.21 04:04:29.991,1.3286,1.32885,3.00,1.50
2012.03.21 04:04:32.200,1.32863,1.32888,2.25,2.70
2012.03.21 04:04:32.274,1.32863,1.32888,2.25,2.25
2012.03.21 04:04:32.673,1.32863,1.32888,2.25,2.25
2012.03.21 04:04:33.500,1.32864,1.32887,2.25,1.50
2012.03.21 04:04:33.818,1.32864,1.32887,2.25,2.25
2012.03.21 04:04:34.101,1.32867,1.3289,1.50,2.25
2012.03.21 04:04:34.292,1.32867,1.3289,2.25,2.25
2012.03.21 04:04:34.480,1.3287,1.32892,1.50,1.50
2012.03.21 04:04:35.031,1.3287,1.32892,1.50,1.50
2012.03.21 04:04:51.160,1.3287,1.32893,2.25,3.75
2012.03.21 04:04:58.436,1.3287,1.32893,2.25,3.75
2012.03.21 04:04:58.962,1.32867,1.32891,2.25,3.75
2012.03.21 04:04:59.031,1.32867,1.32889,1.50,1.50
2012.03.21 04:05:03.947,1.32867,1.32889,1.50,1.50
2012.03.21 04:05:04.198,1.32867,1.32889,2.25,1.50
2012.03.21 04:05:05.239,1.32864,1.32888,2.25,2.25
2012.03.21 04:05:11.229,1.32864,1.32888,2.25,2.25
2012.03.21 04:05:11.810,1.32864,1.32888,2.25,1.50
2012.03.21 04:05:14.974,1.32867,1.3289,2.25,3.00
2012.03.21 04:05:15.509,1.32867,1.3289,2.25,3.00
2012.03.21 04:05:20.662,1.32867,1.32883,2.25,1.58
2012.03.21 04:05:20.992,1.32858,1.32879,1.50,1.50
2012.03.21 04:05:21.061,1.3286,1.32879,2.25,1.50
2012.03.21 04:05:21.202,1.32864,1.32884,1.50,1.20
2012.03.21 04:05:21.759,1.32864,1.32887,2.25,2.25
2012.03.21 04:05:23.160,1.32864,1.32885,2.25,2.25
2012.03.21 04:05:29.775,1.32864,1.32887,2.25,2.25
2012.03.21 04:05:30.465,1.32868,1.32889,2.25,1.50
2012.03.21 04:05:49.256,1.32867,1.32889,1.50,1.50
2012.03.21 04:05:50.509,1.32867,1.32888,1.50,1.13
2012.03.21 04:05:58.766,1.32867,1.32887,1.50,1.13
2012.03.21 04:05:59.111,1.32867,1.32886,1.50,1.50
2012.03.21 04:05:59.191,1.32863,1.32886,1.50,1.50
2012.03.21 04:05:59.260,1.32865,1.32887,1.50,1.88
2012.03.21 04:06:00.030,1.3287,1.32886,1.50,1.50
2012.03.21 04:06:00.597,1.3287,1.32888,1.50,1.50
2012.03.21 04:06:01.917,1.3287,1.32888,1.50,1.50
2012.03.21 04:06:04.847,1.3287,1.32888,1.50,1.88
2012.03.21 04:06:05.474,1.3287,1.32888,1.50,2.25
2012.03.21 04:06:07.981,1.32867,1.32887,1.50,1.50
2012.03.21 04:06:08.504,1.32867,1.32884,1.50,2.25
2012.03.21 04:06:08.700,1.32867,1.32881,1.50,1.20
2012.03.21 04:06:08.905,1.32857,1.32881,2.25,1.13
2012.03.21 04:06:09.496,1.32855,1.32879,3.00,1.88
2012.03.21 04:06:09.640,1.32855,1.32877,3.00,1.13
2012.03.21 04:06:12.059,1.32855,1.32876,3.00,1.13
2012.03.21 04:06:16.772,1.32855,1.32875,1.50,1.13
2012.03.21 04:06:17.291,1.32855,1.32876,3.00,1.13
2012.03.21 04:06:17.489,1.32857,1.32878,2.25,1.13
2012.03.21 04:06:17.941,1.32863,1.32881,1.42,1.50
2012.03.21 04:06:18.490,1.32869,1.32884,1.50,1.20
2012.03.21 04:06:18.574,1.32871,1.32892,1.50,1.88
2012.03.21 04:06:19.080,1.32875,1.32898,1.50,2.25
2012.03.21 04:06:19.410,1.32878,1.32897,1.50,1.50
2012.03.21 04:06:20.201,1.32878,1.32898,1.50,1.50
2012.03.21 04:06:20.273,1.32876,1.32898,1.50,1.50
2012.03.21 04:06:20.532,1.32876,1.32898,1.50,1.50
2012.03.21 04:06:21.062,1.32873,1.32898,1.50,3.00
2012.03.21 04:06:21.729,1.32873,1.32898,1.50,3.00
2012.03.21 04:06:25.131,1.32873,1.32898,1.50,3.00
2012.03.21 04:06:25.632,1.32876,1.32899,1.50,2.25
2012.03.21 04:06:25.722,1.32878,1.32899,1.50,1.50
2012.03.21 04:06:26.074,1.32878,1.32899,1.50,1.50
2012.03.21 04:06:26.899,1.32878,1.32899,1.50,1.95
2012.03.21 04:06:27.459,1.32878,1.32898,1.50,1.50
2012.03.21 04:06:28.099,1.32875,1.32898,1.50,2.25
2012.03.21 04:06:28.421,1.32875,1.32898,1.50,1.50
2012.03.21 04:06:32.438,1.32871,1.32893,1.50,1.50
2012.03.21 04:06:35.492,1.32871,1.32889,1.50,1.50
2012.03.21 04:06:35.967,1.32865,1.32888,3.00,2.25
2012.03.21 04:06:36.046,1.32862,1.32883,2.25,1.50
2012.03.21 04:06:36.121,1.32862,1.32883,1.50,2.25
2012.03.21 04:06:36.310,1.32862,1.32882,1.50,1.50
2012.03.21 04:06:37.424,1.32862,1.32885,1.50,3.00
2012.03.21 04:06:37.495,1.32864,1.32885,1.50,1.50
2012.03.21 04:06:39.352,1.32864,1.32885,1.50,1.50
2012.03.21 04:06:39.422,1.32862,1.32885,1.50,3.00
2012.03.21 04:06:44.930,1.32862,1.32885,2.33,3.00
2012.03.21 04:06:45.121,1.32865,1.32888,1.50,2.25
2012.03.21 04:06:46.230,1.32861,1.32887,3.21,2.25
2012.03.21 04:06:51.991,1.32861,1.32886,2.25,2.25
2012.03.21 04:06:57.921,1.32861,1.32885,1.50,1.50
2012.03.21 04:07:01.566,1.3286,1.32883,1.50,3.00
2012.03.21 04:07:02.321,1.3286,1.32881,1.50,1.50
2012.03.21 04:07:03.061,1.3286,1.32881,1.50,1.50
2012.03.21 04:07:10.105,1.3286,1.32882,1.50,1.50
2012.03.21 04:07:11.002,1.3286,1.32881,1.50,2.25
2012.03.21 04:07:11.142,1.32855,1.32878,3.00,1.50
2012.03.21 04:07:11.283,1.32855,1.32878,2.25,2.25
2012.03.21 04:07:11.415,1.32852,1.32875,3.00,1.50
2012.03.21 04:07:11.493,1.32849,1.32874,3.14,3.00
2012.03.21 04:07:12.299,1.32849,1.32874,3.00,3.45
2012.03.21 04:07:19.286,1.32849,1.32874,2.25,3.75
2012.03.21 04:07:19.668,1.32849,1.32874,1.50,3.75
2012.03.21 04:07:20.185,1.32849,1.3287,1.50,1.50
2012.03.21 04:07:20.690,1.32849,1.32869,1.50,1.13
2012.03.21 04:07:20.773,1.32846,1.32869,1.50,1.13
2012.03.21 04:07:21.570,1.32846,1.32869,1.50,1.13
2012.03.21 04:07:22.119,1.32844,1.32867,2.25,3.00
2012.03.21 04:07:22.989,1.32844,1.32866,1.50,1.50
2012.03.21 04:07:24.341,1.32842,1.32865,1.50,2.25
2012.03.21 04:07:24.947,1.32844,1.32867,1.50,1.50
2012.03.21 04:07:26.062,1.32844,1.32867,2.25,1.50
2012.03.21 04:07:28.922,1.32841,1.32865,3.00,1.50
2012.03.21 04:07:29.251,1.32841,1.32864,1.50,3.75
2012.03.21 04:07:29.597,1.32839,1.3286,1.50,1.50
2012.03.21 04:07:30.685,1.32839,1.3286,1.50,1.50
2012.03.21 04:07:31.522,1.32839,1.32862,3.00,1.50
2012.03.21 04:07:36.233,1.32839,1.32862,3.00,1.50
2012.03.21 04:07:36.582,1.32845,1.32867,2.25,1.58
2012.03.21 04:07:39.159,1.32845,1.32867,1.50,1.58
2012.03.21 04:07:43.951,1.32845,1.32867,2.25,1.58
2012.03.21 04:07:44.812,1.32845,1.32869,2.25,1.50
2012.03.21 04:07:45.031,1.32845,1.3287,2.25,3.00
2012.03.21 04:07:45.171,1.32845,1.3287,2.25,3.00
2012.03.21 04:07:46.680,1.32848,1.32863,2.25,1.58
2012.03.21 04:07:47.263,1.32842,1.32863,2.33,4.20
2012.03.21 04:07:47.337,1.32843,1.32863,2.25,1.95
2012.03.21 04:07:47.720,1.32843,1.32863,1.64,1.50
2012.03.21 04:07:47.851,1.32847,1.3287,2.25,1.50
2012.03.21 04:07:48.504,1.32847,1.3287,2.25,1.50
2012.03.21 04:07:48.851,1.32847,1.32871,2.25,2.25
2012.03.21 04:07:51.702,1.32847,1.32871,2.25,2.25
2012.03.21 04:07:57.169,1.32847,1.32871,2.25,2.25
2012.03.21 04:08:00.641,1.32847,1.32871,2.25,2.25
2012.03.21 04:08:01.205,1.32847,1.32871,2.25,2.25
2012.03.21 04:08:01.511,1.32851,1.32871,1.50,1.50
2012.03.21 04:08:02.101,1.32853,1.32871,3.75,1.50
2012.03.21 04:08:02.182,1.32851,1.32875,2.25,1.58
2012.03.21 04:08:02.321,1.32851,1.32874,2.25,1.50
2012.03.21 04:08:02.654,1.32849,1.32872,2.25,2.25
2012.03.21 04:08:03.199,1.32849,1.32872,1.50,3.00
2012.03.21 04:08:05.749,1.32849,1.32872,2.25,3.00
2012.03.21 04:08:06.174,1.32851,1.32869,2.25,1.58
2012.03.21 04:08:06.522,1.32844,1.32867,2.25,2.25
2012.03.21 04:08:06.590,1.32844,1.32867,2.25,3.00
2012.03.21 04:08:07.132,1.32844,1.32867,2.25,3.00
2012.03.21 04:08:11.262,1.32845,1.32868,2.25,2.59
2012.03.21 04:08:12.575,1.32845,1.32869,3.00,1.95
2012.03.21 04:08:12.644,1.32849,1.32873,1.50,1.50
2012.03.21 04:08:12.950,1.32849,1.32873,2.25,1.50
2012.03.21 04:08:14.003,1.32849,1.32874,2.25,6.08
2012.03.21 04:08:17.519,1.32851,1.32874,1.50,5.78
2012.03.21 04:08:17.854,1.32857,1.32882,1.50,2.25
2012.03.21 04:08:17.921,1.32857,1.32882,2.25,2.25
2012.03.21 04:08:18.191,1.3286,1.32882,1.50,1.50
2012.03.21 04:08:18.472,1.3286,1.32884,3.00,1.58
2012.03.21 04:08:19.052,1.32861,1.32885,1.50,2.25
2012.03.21 04:08:19.318,1.32861,1.32884,1.50,1.50
2012.03.21 04:08:19.837,1.32855,1.3288,3.00,2.25
2012.03.21 04:08:20.180,1.32855,1.32877,1.50,2.25
2012.03.21 04:08:20.513,1.32853,1.32877,2.25,2.25
2012.03.21 04:08:20.899,1.32855,1.32877,1.50,2.25
2012.03.21 04:08:21.275,1.32854,1.32875,1.50,1.50
2012.03.21 04:08:21.612,1.3285,1.32874,2.25,1.50
2012.03.21 04:08:21.741,1.3285,1.32874,1.50,1.50
2012.03.21 04:08:22.299,1.32848,1.32871,3.00,2.25
2012.03.21 04:08:24.777,1.32849,1.32871,1.50,2.25
2012.03.21 04:08:24.856,1.32849,1.32871,1.50,2.25
2012.03.21 04:08:25.212,1.32855,1.32875,1.50,2.25
2012.03.21 04:08:25.468,1.32855,1.32877,1.50,1.50
2012.03.21 04:08:26.020,1.32855,1.32877,1.50,1.50
2012.03.21 04:08:27.221,1.32854,1.32877,3.00,1.50
2012.03.21 04:08:27.798,1.32854,1.32877,3.00,1.50
2012.03.21 04:08:29.380,1.32851,1.32875,2.25,1.50
2012.03.21 04:08:29.582,1.32851,1.32875,2.25,2.25
2012.03.21 04:08:30.116,1.32848,1.32872,3.00,1.50
2012.03.21 04:08:32.269,1.32851,1.32874,2.25,2.25
2012.03.21 04:08:32.795,1.32851,1.32874,3.00,3.00
2012.03.21 04:08:32.999,1.32848,1.32871,1.50,2.25
2012.03.21 04:08:34.571,1.32848,1.32871,1.50,2.25
2012.03.21 04:08:35.025,1.32845,1.32867,3.00,1.50
2012.03.21 04:08:35.102,1.32845,1.32866,1.50,2.25
2012.03.21 04:08:35.235,1.32842,1.32866,2.25,3.75
2012.03.21 04:08:35.500,1.32838,1.32859,1.64,2.18
2012.03.21 04:08:37.441,1.32837,1.3286,2.33,2.25
2012.03.21 04:08:38.048,1.32837,1.3286,3.08,2.25
2012.03.21 04:08:39.151,1.32837,1.3286,1.50,2.59
2012.03.21 04:08:39.475,1.32829,1.32854,2.25,1.50
2012.03.21 04:08:39.754,1.32828,1.32851,2.25,2.25
2012.03.21 04:08:40.025,1.32825,1.32848,2.25,2.25
2012.03.21 04:08:40.742,1.32825,1.32848,2.25,2.25
2012.03.21 04:08:41.180,1.32822,1.32844,2.25,1.50
2012.03.21 04:08:41.326,1.32818,1.32842,2.25,1.58
2012.03.21 04:08:41.403,1.32818,1.32842,2.25,2.33
2012.03.21 04:08:42.979,1.32816,1.32839,3.00,2.25
2012.03.21 04:08:43.822,1.32819,1.32842,2.25,3.00
2012.03.21 04:08:43.897,1.32819,1.32842,2.25,1.50
2012.03.21 04:08:44.602,1.32819,1.32842,2.25,2.25
2012.03.21 04:08:44.871,1.32819,1.32842,2.25,2.25
2012.03.21 04:08:45.614,1.32819,1.32842,2.25,2.25
2012.03.21 04:08:47.441,1.32821,1.32844,3.00,1.50
2012.03.21 04:08:48.461,1.32821,1.32839,3.00,1.88
2012.03.21 04:08:48.733,1.3281,1.32832,1.50,2.25
2012.03.21 04:08:48.994,1.32808,1.32827,1.50,1.50
2012.03.21 04:08:49.059,1.32808,1.32827,1.50,1.50
2012.03.21 04:08:49.189,1.32808,1.3283,1.50,1.50
2012.03.21 04:08:49.726,1.32808,1.32831,1.50,2.25
2012.03.21 04:08:51.850,1.32808,1.3283,1.50,1.50
2012.03.21 04:08:53.014,1.32808,1.3283,1.50,1.50
2012.03.21 04:08:53.544,1.32809,1.32831,1.50,2.25
2012.03.21 04:08:54.030,1.32812,1.32832,1.50,1.50
2012.03.21 04:08:54.553,1.32813,1.32832,1.50,1.50
2012.03.21 04:08:55.194,1.32813,1.32837,1.50,2.25
2012.03.21 04:08:55.739,1.32813,1.32837,1.50,2.25
2012.03.21 04:08:56.096,1.32825,1.32844,1.50,1.50
2012.03.21 04:08:56.380,1.32821,1.32844,1.50,2.25
2012.03.21 04:08:56.516,1.32825,1.32848,1.50,3.45
2012.03.21 04:08:57.022,1.32827,1.32847,1.50,2.25
2012.03.21 04:08:57.897,1.32827,1.32848,1.50,1.50
2012.03.21 04:08:57.977,1.32823,1.32841,3.00,1.76
2012.03.21 04:08:58.054,1.32823,1.32836,1.50,1.50
2012.03.21 04:08:58.330,1.32807,1.32833,5.39,3.00
2012.03.21 04:08:58.531,1.32807,1.32833,2.25,3.00
2012.03.21 04:08:58.603,1.32807,1.32832,2.25,1.50
2012.03.21 04:08:59.368,1.32807,1.32831,2.25,1.50
2012.03.21 04:09:01.110,1.32807,1.3283,2.25,1.50
2012.03.21 04:09:01.482,1.32806,1.32829,3.00,1.50
2012.03.21 04:09:03.325,1.32806,1.32829,2.25,3.00
2012.03.21 04:09:04.072,1.32806,1.32829,2.25,3.00
2012.03.21 04:09:04.202,1.32809,1.32829,1.50,1.50
2012.03.21 04:09:08.682,1.32809,1.3283,1.50,1.50
2012.03.21 04:09:09.653,1.32809,1.3283,2.25,1.50
2012.03.21 04:09:09.998,1.32812,1.32833,2.25,1.50
2012.03.21 04:09:10.276,1.32812,1.32833,1.50,2.25
2012.03.21 04:09:10.353,1.3281,1.32833,2.25,3.75
2012.03.21 04:09:10.495,1.3281,1.3283,1.50,1.50
2012.03.21 04:09:11.832,1.32807,1.32827,1.50,1.50
2012.03.21 04:09:12.031,1.32807,1.32827,1.50,1.50
2012.03.21 04:09:12.551,1.32807,1.32827,1.50,1.50
2012.03.21 04:09:12.813,1.32802,1.32827,2.25,1.50
2012.03.21 04:09:13.092,1.32802,1.32825,1.50,1.50
2012.03.21 04:09:14.891,1.32805,1.32825,1.50,1.50
2012.03.21 04:09:15.647,1.32802,1.32823,2.25,1.50
2012.03.21 04:09:16.290,1.32802,1.32823,3.00,1.50
2012.03.21 04:09:20.001,1.32802,1.32823,2.25,1.50
2012.03.21 04:09:22.250,1.32802,1.32823,2.25,1.50
2012.03.21 04:09:24.514,1.32804,1.32823,1.50,1.50
2012.03.21 04:09:28.850,1.328,1.32824,3.00,1.50
2012.03.21 04:09:29.413,1.32803,1.32824,1.50,1.50
2012.03.21 04:09:30.518,1.32801,1.32824,1.50,1.50
2012.03.21 04:09:30.801,1.32801,1.32824,1.50,1.20
2012.03.21 04:09:31.328,1.32801,1.32825,1.50,2.25
2012.03.21 04:09:31.399,1.32801,1.32825,1.50,2.25
2012.03.21 04:09:32.392,1.32801,1.32823,1.50,2.25
2012.03.21 04:09:32.988,1.32796,1.32818,2.25,2.25
2012.03.21 04:09:33.335,1.32797,1.32822,3.08,2.25
2012.03.21 04:09:33.659,1.32797,1.32822,2.25,2.25
2012.03.21 04:09:36.678,1.32795,1.32821,2.25,2.25
2012.03.21 04:09:37.201,1.32795,1.32818,2.25,1.50
2012.03.21 04:09:37.510,1.32794,1.32817,2.25,2.25
2012.03.21 04:09:39.311,1.32794,1.32817,1.50,2.25
2012.03.21 04:09:40.725,1.32794,1.32817,3.08,2.25
2012.03.21 04:09:40.866,1.32794,1.32817,1.50,2.25
2012.03.21 04:09:41.147,1.32798,1.32818,1.50,1.50
2012.03.21 04:09:41.220,1.32798,1.32818,1.50,1.50
2012.03.21 04:09:41.364,1.32798,1.32818,1.50,1.50
2012.03.21 04:09:41.511,1.32793,1.32816,2.39,2.25
2012.03.21 04:09:41.652,1.32793,1.32816,2.39,1.50
2012.03.21 04:09:41.902,1.32793,1.32816,2.25,1.50
2012.03.21 04:09:42.406,1.32793,1.32816,2.25,2.25
2012.03.21 04:09:42.486,1.32795,1.32819,2.39,2.25
2012.03.21 04:09:42.791,1.32795,1.32819,3.14,3.00
2012.03.21 04:09:42.860,1.32795,1.32818,3.14,1.50
2012.03.21 04:09:43.209,1.32798,1.32819,1.64,2.25
2012.03.21 04:09:43.529,1.32797,1.32817,2.39,1.50
2012.03.21 04:09:43.602,1.32799,1.32819,1.64,1.50
2012.03.21 04:09:46.368,1.32798,1.32819,1.64,1.50
2012.03.21 04:09:46.914,1.32797,1.32819,1.50,1.50
2012.03.21 04:09:47.112,1.328,1.32824,3.00,1.50
2012.03.21 04:09:47.652,1.32803,1.32827,3.14,2.63
2012.03.21 04:09:48.496,1.32803,1.32824,1.64,1.50
2012.03.21 04:09:50.281,1.32803,1.32823,1.64,1.50
2012.03.21 04:09:50.489,1.32796,1.3282,1.50,3.00
2012.03.21 04:09:50.878,1.32796,1.3282,1.50,1.88
2012.03.21 04:09:51.479,1.32796,1.3282,1.50,2.25
2012.03.21 04:09:51.794,1.32796,1.3282,1.64,3.00
2012.03.21 04:09:52.238,1.32799,1.3282,1.64,1.50
2012.03.21 04:09:52.619,1.32796,1.3282,2.39,3.00
2012.03.21 04:09:52.950,1.32799,1.3282,1.64,2.25
2012.03.21 04:09:53.874,1.32799,1.32822,1.64,2.63
2012.03.21 04:09:54.220,1.32798,1.32819,1.64,1.50
2012.03.21 04:09:57.551,1.32799,1.32816,1.64,1.50
2012.03.21 04:09:59.831,1.32795,1.32816,1.50,1.50
2012.03.21 04:10:01.390,1.32795,1.32816,1.50,1.88
2012.03.21 04:10:03.400,1.32793,1.32816,2.25,2.25
2012.03.21 04:10:04.021,1.32793,1.32816,2.25,2.63
2012.03.21 04:10:04.700,1.32794,1.32816,1.50,2.63
2012.03.21 04:10:05.299,1.32794,1.32816,1.50,2.63
2012.03.21 04:10:06.569,1.32794,1.32816,1.50,3.38
2012.03.21 04:10:07.078,1.32794,1.32816,1.50,3.38
2012.03.21 04:10:09.269,1.32793,1.32815,2.25,1.50
2012.03.21 04:10:13.263,1.32794,1.32816,1.50,3.38
2012.03.21 04:10:13.478,1.32792,1.32813,2.25,1.50
2012.03.21 04:10:13.747,1.32792,1.32813,1.50,1.50
2012.03.21 04:10:14.003,1.32792,1.32813,1.50,1.50
2012.03.21 04:10:14.761,1.32792,1.32813,1.50,1.50
2012.03.21 04:10:14.832,1.32787,1.32812,3.00,2.25
2012.03.21 04:10:15.423,1.32787,1.32812,3.00,2.63
2012.03.21 04:10:16.110,1.32787,1.32812,2.25,2.63
2012.03.21 04:10:16.185,1.32787,1.32806,1.50,1.50
2012.03.21 04:10:16.512,1.32778,1.328,2.25,1.58
2012.03.21 04:10:16.653,1.32774,1.32798,2.25,1.58
2012.03.21 04:10:16.977,1.32774,1.32798,1.50,1.58
2012.03.21 04:10:17.196,1.32769,1.32794,2.25,2.25
2012.03.21 04:10:17.453,1.32766,1.32792,1.50,2.25
2012.03.21 04:10:17.962,1.32764,1.32787,2.25,2.25
2012.03.21 04:10:18.285,1.32764,1.32787,1.50,2.25
2012.03.21 04:10:19.785,1.32764,1.32785,2.25,1.50
2012.03.21 04:10:20.181,1.32766,1.32785,1.50,2.25
2012.03.21 04:10:20.684,1.32759,1.32781,1.58,1.50
2012.03.21 04:10:20.765,1.32758,1.32781,1.50,2.25
2012.03.21 04:10:21.294,1.32753,1.32778,3.00,1.50
2012.03.21 04:10:21.622,1.32756,1.32778,3.00,1.50
2012.03.21 04:10:22.232,1.32756,1.32778,3.00,1.50
2012.03.21 04:10:23.459,1.32756,1.32778,2.25,1.50
2012.03.21 04:10:23.992,1.32756,1.32778,2.25,1.50
2012.03.21 04:10:25.935,1.32756,1.32778,2.25,1.88
2012.03.21 04:10:26.449,1.32756,1.32778,2.25,1.50
2012.03.21 04:10:26.988,1.32756,1.32778,2.25,1.50
2012.03.21 04:10:28.053,1.32756,1.32778,2.25,1.50
2012.03.21 04:10:28.122,1.32756,1.32778,2.25,1.50
2012.03.21 04:10:28.569,1.32756,1.32779,2.25,1.50
2012.03.21 04:10:28.762,1.32758,1.32783,2.25,2.33
2012.03.21 04:10:30.086,1.32758,1.32783,2.25,2.25
2012.03.21 04:10:30.639,1.32762,1.32783,2.25,1.50
2012.03.21 04:10:30.709,1.32762,1.32784,2.25,1.50
2012.03.21 04:10:35.709,1.32762,1.32784,2.25,1.50
2012.03.21 04:10:37.133,1.32762,1.32785,2.25,3.00
2012.03.21 04:10:37.210,1.32765,1.32786,2.25,1.50
2012.03.21 04:10:37.748,1.32765,1.32786,2.63,1.50
2012.03.21 04:10:37.889,1.32765,1.32787,2.63,3.75
2012.03.21 04:10:39.258,1.32765,1.32787,2.63,3.00
2012.03.21 04:10:40.182,1.32769,1.32789,1.50,1.50
2012.03.21 04:10:40.368,1.32769,1.32789,1.50,1.50
2012.03.21 04:10:41.601,1.32769,1.32791,1.50,1.50
2012.03.21 04:10:41.881,1.32769,1.32792,2.25,4.28
2012.03.21 04:10:42.605,1.32769,1.32792,2.25,2.25
2012.03.21 04:10:43.070,1.32771,1.32793,2.25,2.33
2012.03.21 04:10:43.272,1.32771,1.32791,1.50,1.50
2012.03.21 04:10:43.521,1.32769,1.32792,2.25,3.00
2012.03.21 04:10:43.840,1.32769,1.32792,2.25,2.25
2012.03.21 04:10:44.171,1.32771,1.32793,2.25,1.50
2012.03.21 04:10:44.240,1.32771,1.32793,2.25,1.50
2012.03.21 04:10:44.500,1.32771,1.32793,2.25,1.50
2012.03.21 04:10:45.009,1.32771,1.32791,1.50,1.50
2012.03.21 04:10:47.539,1.32771,1.32791,1.50,1.50
2012.03.21 04:10:48.144,1.32768,1.32788,2.25,2.33
2012.03.21 04:10:48.611,1.32765,1.32788,2.25,3.08
2012.03.21 04:10:49.411,1.32765,1.32788,2.25,2.33
2012.03.21 04:10:49.900,1.32765,1.32787,2.25,1.95
2012.03.21 04:10:50.467,1.32765,1.32787,2.25,1.50
2012.03.21 04:10:50.865,1.32765,1.32788,2.63,1.50
2012.03.21 04:10:51.212,1.3277,1.32788,1.50,1.50
2012.03.21 04:10:51.422,1.32774,1.32794,1.50,2.33
2012.03.21 04:10:51.811,1.32772,1.32793,1.50,1.50
2012.03.21 04:10:51.883,1.32774,1.32793,1.50,1.50
2012.03.21 04:10:52.396,1.32774,1.32794,2.25,1.50
2012.03.21 04:10:52.909,1.32774,1.32794,2.25,1.50
2012.03.21 04:10:53.675,1.32774,1.32796,2.25,1.50
2012.03.21 04:10:54.190,1.32774,1.32794,2.25,2.25
2012.03.21 04:10:54.510,1.32774,1.32796,2.25,3.00
2012.03.21 04:10:54.841,1.32779,1.32796,1.50,1.50
2012.03.21 04:10:55.399,1.32779,1.32796,1.50,1.50
2012.03.21 04:10:56.520,1.32779,1.32798,1.50,1.50
2012.03.21 04:10:57.711,1.32779,1.32799,1.50,3.08
2012.03.21 04:10:57.780,1.32783,1.32799,1.50,1.58
2012.03.21 04:10:58.105,1.32778,1.32798,1.50,2.25
2012.03.21 04:10:58.703,1.32778,1.32798,1.50,2.25
2012.03.21 04:10:59.420,1.32785,1.32805,1.50,1.95
2012.03.21 04:10:59.730,1.3279,1.32806,1.50,2.03
2012.03.21 04:10:59.800,1.32787,1.32806,1.50,2.03
2012.03.21 04:11:00.123,1.32789,1.32805,1.50,1.50
2012.03.21 04:11:01.110,1.32787,1.32806,1.50,1.50
2012.03.21 04:11:01.670,1.32787,1.32804,1.50,2.03
2012.03.21 04:11:02.990,1.32787,1.32807,1.50,4.28
2012.03.21 04:11:03.251,1.32787,1.32805,1.50,1.50
2012.03.21 04:11:03.380,1.32783,1.32803,2.25,1.20
2012.03.21 04:11:03.902,1.32783,1.32803,2.25,1.20
2012.03.21 04:11:05.441,1.32787,1.32807,1.50,1.58
2012.03.21 04:11:05.970,1.32787,1.32807,1.50,2.03
2012.03.21 04:11:10.529,1.32787,1.32808,1.50,2.03
2012.03.21 04:11:10.882,1.32787,1.32807,1.50,1.58
2012.03.21 04:11:11.349,1.32785,1.32804,1.50,1.20
2012.03.21 04:11:16.561,1.32785,1.32804,2.25,2.03
2012.03.21 04:11:19.748,1.32785,1.32804,1.50,2.78
2012.03.21 04:11:21.517,1.32783,1.32804,2.25,2.03
2012.03.21 04:11:22.061,1.32785,1.32804,1.50,2.03
2012.03.21 04:11:23.189,1.32785,1.32804,1.50,2.03
2012.03.21 04:11:27.878,1.32785,1.32803,1.50,1.20
2012.03.21 04:11:28.324,1.32785,1.32803,1.50,1.28
2012.03.21 04:11:28.637,1.32785,1.32802,1.50,1.20
2012.03.21 04:11:30.069,1.32785,1.32803,1.50,1.28
2012.03.21 04:11:30.600,1.32785,1.32804,1.50,1.50
2012.03.21 04:11:31.405,1.32785,1.32808,2.25,3.08
2012.03.21 04:11:31.721,1.3279,1.32808,1.50,1.50
2012.03.21 04:11:32.950,1.3279,1.32811,1.50,1.20
2012.03.21 04:11:33.152,1.32792,1.32813,1.50,1.09
2012.03.21 04:11:33.281,1.32792,1.32814,2.25,2.25
2012.03.21 04:11:34.198,1.32792,1.32814,2.25,1.50
2012.03.21 04:11:36.191,1.32792,1.32814,2.25,2.25
2012.03.21 04:11:37.770,1.32792,1.32814,2.25,1.50
2012.03.21 04:11:37.910,1.328,1.32814,1.50,1.50
2012.03.21 04:11:38.162,1.32802,1.32818,1.50,1.50
2012.03.21 04:11:38.289,1.32799,1.32818,1.50,2.25
2012.03.21 04:11:38.360,1.32799,1.32816,1.50,1.50
2012.03.21 04:11:38.431,1.32797,1.32816,1.50,1.50
2012.03.21 04:11:38.564,1.32799,1.3282,1.50,1.20
2012.03.21 04:11:38.691,1.32803,1.3282,1.50,2.03
2012.03.21 04:11:39.158,1.32803,1.32819,1.50,1.50
2012.03.21 04:11:39.245,1.32803,1.32818,1.50,1.50
2012.03.21 04:11:39.313,1.32798,1.3282,2.25,1.95
2012.03.21 04:11:39.386,1.32798,1.32818,2.25,1.50
2012.03.21 04:11:39.606,1.32798,1.32816,2.25,1.50
2012.03.21 04:11:39.692,1.32804,1.3282,1.50,1.20
2012.03.21 04:11:39.820,1.32804,1.32823,1.50,1.95
2012.03.21 04:11:40.412,1.32804,1.32825,1.50,2.70
2012.03.21 04:11:41.243,1.32805,1.32827,2.25,1.50
2012.03.21 04:11:41.464,1.32805,1.32827,2.25,1.50
2012.03.21 04:11:41.601,1.32807,1.32827,1.50,1.50
2012.03.21 04:11:42.799,1.32805,1.32828,2.25,2.03
2012.03.21 04:11:43.778,1.32805,1.32826,2.25,1.50
2012.03.21 04:11:44.088,1.32805,1.32827,2.25,1.50
2012.03.21 04:11:44.648,1.32805,1.32826,2.25,1.50
2012.03.21 04:11:48.215,1.32805,1.32826,3.00,1.50
2012.03.21 04:11:48.492,1.32806,1.32828,1.50,1.50
2012.03.21 04:11:50.020,1.32808,1.32828,1.50,1.50
2012.03.21 04:11:50.860,1.32808,1.32828,1.50,2.25
2012.03.21 04:11:56.633,1.32808,1.32828,1.50,2.25
2012.03.21 04:11:57.159,1.32808,1.32828,2.25,2.25
2012.03.21 04:11:58.010,1.32808,1.32828,1.50,2.25
2012.03.21 04:11:58.288,1.32805,1.32828,1.50,3.75
2012.03.21 04:12:01.189,1.32805,1.32828,3.00,3.00
2012.03.21 04:12:01.400,1.32805,1.32828,3.00,3.00
2012.03.21 04:12:01.470,1.32808,1.32828,2.25,1.50
2012.03.21 04:12:03.100,1.32809,1.32831,1.50,1.50
2012.03.21 04:12:05.021,1.32812,1.32832,3.00,1.50
2012.03.21 04:12:05.091,1.32814,1.32832,2.25,1.50
2012.03.21 04:12:05.162,1.32814,1.32836,3.00,2.03
2012.03.21 04:12:05.491,1.3282,1.32836,1.50,2.03
2012.03.21 04:12:06.070,1.3282,1.32836,1.50,1.58
2012.03.21 04:12:07.311,1.32816,1.32837,3.00,1.58
2012.03.21 04:12:08.091,1.32819,1.32837,1.50,1.58
2012.03.21 04:12:08.568,1.32819,1.32837,1.50,1.50
2012.03.21 04:12:08.645,1.32819,1.32838,1.50,1.50
2012.03.21 04:12:08.842,1.32819,1.32837,1.50,1.50
2012.03.21 04:12:08.911,1.32817,1.32837,2.25,1.50
2012.03.21 04:12:09.101,1.32817,1.32838,1.50,1.50
2012.03.21 04:12:09.391,1.32817,1.32837,1.50,1.50
2012.03.21 04:12:10.247,1.32817,1.32833,1.50,1.28
2012.03.21 04:12:10.584,1.32809,1.32828,2.25,1.50
2012.03.21 04:12:10.710,1.32809,1.32828,2.25,1.50
2012.03.21 04:12:11.123,1.32807,1.32827,2.25,1.50
2012.03.21 04:12:11.576,1.32807,1.32828,2.25,1.20
2012.03.21 04:12:12.120,1.32811,1.32829,1.50,1.50
2012.03.21 04:12:13.519,1.32811,1.32831,1.50,1.20
2012.03.21 04:12:13.722,1.32811,1.32832,1.50,1.50
2012.03.21 04:12:13.910,1.32811,1.32831,1.50,1.50
2012.03.21 04:12:15.540,1.32811,1.32831,1.50,1.50
2012.03.21 04:12:15.613,1.32811,1.32831,1.50,2.25
2012.03.21 04:12:16.375,1.32811,1.32831,1.50,2.25
2012.03.21 04:12:16.573,1.32813,1.32833,1.50,2.33
2012.03.21 04:12:16.641,1.32813,1.32833,2.25,2.33
2012.03.21 04:12:16.966,1.32813,1.32829,1.50,1.50
2012.03.21 04:12:17.044,1.3281,1.32828,2.25,1.50
2012.03.21 04:12:17.600,1.3281,1.3283,1.50,1.95
2012.03.21 04:12:17.849,1.3281,1.3283,1.50,1.20
2012.03.21 04:12:19.414,1.32815,1.32833,1.50,2.25
2012.03.21 04:12:19.549,1.32815,1.32833,1.50,2.25
2012.03.21 04:12:20.159,1.32815,1.32833,1.50,3.00
2012.03.21 04:12:21.170,1.32815,1.32833,1.50,2.25
2012.03.21 04:12:24.579,1.32815,1.32833,1.50,1.50
2012.03.21 04:12:26.908,1.32815,1.32833,1.50,1.50
2012.03.21 04:12:27.428,1.32816,1.32833,1.50,1.50
2012.03.21 04:12:30.100,1.32814,1.32833,1.50,1.50
2012.03.21 04:12:30.291,1.32814,1.32832,1.50,2.25
2012.03.21 04:12:30.730,1.32809,1.32828,1.50,1.50
2012.03.21 04:12:33.385,1.32809,1.32828,1.50,1.50
2012.03.21 04:12:33.952,1.32813,1.3283,1.50,1.50
2012.03.21 04:12:39.420,1.32813,1.32831,1.50,2.03
2012.03.21 04:12:39.851,1.32813,1.32831,1.50,1.58
2012.03.21 04:12:40.170,1.32809,1.32828,2.25,1.50
2012.03.21 04:12:40.487,1.32809,1.32828,1.50,1.50
2012.03.21 04:12:42.533,1.32809,1.32828,1.50,1.50
2012.03.21 04:12:42.991,1.32809,1.32831,2.25,1.50
2012.03.21 04:12:43.250,1.32813,1.32832,1.50,1.50
2012.03.21 04:12:43.893,1.32814,1.32834,1.50,1.50
2012.03.21 04:12:43.963,1.32814,1.32836,1.50,2.25
2012.03.21 04:12:44.034,1.3282,1.32838,1.50,1.50
2012.03.21 04:12:44.361,1.32817,1.32839,3.00,3.08
2012.03.21 04:12:44.680,1.32817,1.32839,3.00,3.08
2012.03.21 04:12:45.481,1.3282,1.32839,1.50,2.25
2012.03.21 04:12:45.840,1.32815,1.32835,3.00,1.50
2012.03.21 04:12:46.039,1.32815,1.32835,3.00,1.50
2012.03.21 04:12:47.489,1.32815,1.32835,3.00,1.50
2012.03.21 04:12:49.319,1.32815,1.32837,3.00,1.50
2012.03.21 04:12:49.887,1.32815,1.32835,3.00,1.50
2012.03.21 04:12:50.450,1.32815,1.32838,3.00,2.25
2012.03.21 04:12:50.592,1.32815,1.32838,3.00,3.00
2012.03.21 04:12:50.961,1.32816,1.32838,1.50,2.25
2012.03.21 04:12:51.279,1.32819,1.32839,2.25,1.50
2012.03.21 04:12:52.081,1.32819,1.32839,2.25,1.50
2012.03.21 04:12:52.152,1.32816,1.32837,1.50,1.50
2012.03.21 04:12:52.347,1.32821,1.32842,2.25,1.95
2012.03.21 04:12:52.490,1.32821,1.32842,2.25,1.95
2012.03.21 04:12:56.709,1.32821,1.32844,3.00,3.00
2012.03.21 04:12:57.021,1.32829,1.3285,1.50,1.95
2012.03.21 04:12:57.092,1.32829,1.3285,1.50,1.20
2012.03.21 04:12:57.222,1.32831,1.3285,1.42,1.20
2012.03.21 04:12:57.433,1.32835,1.32857,2.25,2.78
2012.03.21 04:12:57.800,1.32832,1.32855,2.25,2.25
2012.03.21 04:12:58.086,1.32832,1.32855,2.25,2.25
2012.03.21 04:12:58.941,1.32832,1.32855,2.25,2.25
2012.03.21 04:12:59.503,1.32829,1.32852,4.50,2.25
2012.03.21 04:12:59.851,1.32833,1.32852,1.50,1.50
2012.03.21 04:13:00.321,1.32833,1.32852,1.50,1.50
2012.03.21 04:13:01.174,1.32833,1.32852,1.50,1.50
2012.03.21 04:13:01.251,1.3283,1.32852,1.50,2.25
2012.03.21 04:13:02.245,1.3283,1.32849,1.50,3.00
2012.03.21 04:13:02.511,1.32829,1.32848,2.25,1.50
2012.03.21 04:13:03.401,1.32829,1.32849,2.25,3.00
2012.03.21 04:13:04.250,1.32829,1.32849,2.25,3.00
2012.03.21 04:13:05.703,1.32829,1.32849,2.25,3.00
2012.03.21 04:13:07.424,1.32829,1.32848,2.25,1.50
2012.03.21 04:13:08.039,1.32829,1.32848,2.25,1.50
2012.03.21 04:13:09.310,1.32829,1.32852,4.50,2.25
2012.03.21 04:13:09.571,1.32831,1.32856,3.00,3.08
2012.03.21 04:13:10.676,1.32831,1.32856,2.25,2.25
2012.03.21 04:13:11.270,1.32836,1.32856,1.50,2.25
2012.03.21 04:13:11.680,1.32839,1.32864,1.50,2.25
2012.03.21 04:13:11.757,1.32839,1.32864,2.25,2.25
2012.03.21 04:13:12.211,1.32839,1.32864,2.25,2.25
2012.03.21 04:13:12.414,1.32839,1.32864,1.50,3.45
2012.03.21 04:13:12.481,1.32837,1.32861,3.00,2.25
2012.03.21 04:13:13.952,1.32837,1.32861,3.75,2.25
2012.03.21 04:13:14.521,1.32839,1.32852,2.25,1.50
2012.03.21 04:13:14.854,1.3283,1.32849,1.50,1.50
2012.03.21 04:13:14.994,1.32823,1.32847,4.50,2.25
2012.03.21 04:13:15.121,1.32827,1.3285,1.50,2.25
2012.03.21 04:13:15.440,1.32824,1.32845,1.50,1.50
2012.03.21 04:13:15.977,1.32823,1.32845,2.25,1.50
2012.03.21 04:13:16.501,1.32832,1.32846,2.25,1.50
2012.03.21 04:13:16.712,1.32826,1.32851,2.25,2.25
2012.03.21 04:13:16.782,1.32826,1.32851,1.50,3.00
2012.03.21 04:13:16.850,1.32826,1.32851,2.25,3.00
2012.03.21 04:13:20.398,1.32826,1.32851,2.25,2.25
2012.03.21 04:13:27.619,1.32826,1.32851,3.75,2.25
2012.03.21 04:13:28.161,1.32828,1.32853,2.25,3.00
2012.03.21 04:13:29.184,1.32828,1.32853,2.25,3.00
2012.03.21 04:13:33.732,1.32833,1.32853,3.00,2.25
2012.03.21 04:13:34.061,1.32833,1.32858,4.50,4.20
2012.03.21 04:13:34.269,1.32833,1.32858,3.75,3.45
2012.03.21 04:13:35.083,1.32833,1.32858,3.75,3.45
2012.03.21 04:13:36.295,1.32833,1.32858,3.75,3.45
2012.03.21 04:13:36.831,1.32833,1.32854,1.50,1.50
2012.03.21 04:13:36.900,1.32831,1.32854,1.50,3.00
2012.03.21 04:13:37.339,1.32831,1.32854,1.50,3.00
2012.03.21 04:13:38.249,1.32831,1.32854,1.50,3.00
2012.03.21 04:13:39.710,1.32831,1.32854,1.50,3.00
2012.03.21 04:13:40.182,1.32836,1.32854,3.00,3.00
2012.03.21 04:13:40.272,1.32837,1.3286,3.75,2.25
2012.03.21 04:13:40.346,1.32839,1.32863,1.50,2.25
2012.03.21 04:13:40.604,1.32839,1.32862,1.50,1.20
2012.03.21 04:13:40.671,1.32836,1.3286,3.00,2.25
2012.03.21 04:13:40.819,1.32836,1.32856,2.25,1.50
2012.03.21 04:13:41.350,1.32836,1.32859,2.25,3.08
2012.03.21 04:13:42.102,1.32836,1.32859,2.25,3.08
2012.03.21 04:13:44.879,1.32836,1.32859,2.25,2.25
2012.03.21 04:13:45.900,1.32834,1.32859,1.50,2.25
2012.03.21 04:13:45.974,1.32831,1.32856,3.00,2.25
2012.03.21 04:13:46.423,1.32831,1.32855,2.25,1.50
2012.03.21 04:13:47.041,1.32835,1.32859,1.50,2.25
2012.03.21 04:13:47.111,1.32835,1.32859,1.50,2.25
2012.03.21 04:13:48.861,1.32835,1.32859,1.50,2.25
2012.03.21 04:13:54.979,1.32832,1.32855,1.50,2.25
2012.03.21 04:13:59.753,1.32829,1.32852,2.25,2.25
2012.03.21 04:14:01.959,1.32829,1.32852,2.25,2.25
2012.03.21 04:14:02.582,1.32839,1.32852,2.25,2.25
2012.03.21 04:14:02.830,1.32839,1.32852,2.25,2.25
2012.03.21 04:14:02.961,1.32839,1.32856,2.25,2.25
2012.03.21 04:14:03.290,1.32839,1.3286,3.00,2.25
2012.03.21 04:14:12.548,1.32839,1.32859,2.25,2.25
2012.03.21 04:14:16.556,1.32839,1.32858,2.25,1.50
2012.03.21 04:14:17.522,1.32839,1.32856,2.25,2.25
2012.03.21 04:14:21.939,1.32839,1.32853,2.25,2.25
2012.03.21 04:14:23.233,1.32831,1.3285,2.25,1.50
2012.03.21 04:14:23.307,1.32831,1.32842,2.25,1.50
2012.03.21 04:14:23.449,1.32826,1.32842,1.50,2.25
2012.03.21 04:14:23.528,1.32822,1.32839,1.64,1.58
2012.03.21 04:14:23.604,1.32819,1.32839,2.39,2.33
2012.03.21 04:14:23.673,1.32819,1.32838,2.25,1.20
2012.03.21 04:14:23.883,1.32819,1.32837,2.25,3.45
2012.03.21 04:14:24.211,1.32819,1.32837,2.25,2.25
2012.03.21 04:14:24.691,1.32819,1.32834,2.25,1.50
2012.03.21 04:14:26.104,1.32819,1.32834,2.25,1.50
2012.03.21 04:14:27.031,1.32819,1.32834,2.25,1.50
2012.03.21 04:14:28.622,1.32819,1.32835,2.25,1.58
2012.03.21 04:14:30.973,1.32812,1.32837,2.25,3.00
2012.03.21 04:14:31.107,1.32812,1.32837,1.50,3.00
2012.03.21 04:14:34.879,1.32815,1.32836,1.50,1.50
2012.03.21 04:14:35.819,1.32815,1.32836,1.50,1.50
2012.03.21 04:14:36.135,1.32815,1.32836,1.88,1.50
2012.03.21 04:14:36.343,1.3282,1.32842,2.25,2.25
2012.03.21 04:14:36.412,1.3282,1.32842,2.25,2.25
2012.03.21 04:14:36.969,1.3282,1.32843,3.75,1.58
2012.03.21 04:14:39.264,1.3282,1.32845,4.50,2.25
2012.03.21 04:14:39.403,1.32823,1.32848,1.50,2.25
2012.03.21 04:14:39.531,1.32823,1.32848,2.25,3.00
2012.03.21 04:14:39.812,1.3282,1.32844,4.50,2.25
2012.03.21 04:14:40.321,1.32822,1.32847,3.00,2.25
2012.03.21 04:14:40.672,1.32822,1.32847,3.00,2.25
2012.03.21 04:14:42.182,1.32822,1.32845,3.00,1.58
2012.03.21 04:14:42.255,1.32822,1.32843,2.25,1.58
2012.03.21 04:14:42.445,1.3282,1.32842,3.00,2.25
2012.03.21 04:14:42.888,1.3282,1.3284,3.00,1.50
2012.03.21 04:14:43.033,1.3282,1.32841,3.00,1.50
2012.03.21 04:14:43.320,1.3282,1.3284,3.00,1.50
2012.03.21 04:14:44.935,1.3282,1.32841,3.00,1.50
2012.03.21 04:14:47.339,1.3282,1.32841,2.25,1.50
2012.03.21 04:14:47.801,1.32816,1.32839,2.25,2.78
2012.03.21 04:14:48.225,1.32813,1.32834,2.25,2.25
2012.03.21 04:14:48.298,1.32809,1.32827,1.50,1.50
2012.03.21 04:14:48.372,1.32808,1.32827,1.50,1.50
2012.03.21 04:14:48.871,1.32802,1.32824,3.00,1.50
2012.03.21 04:14:49.285,1.32802,1.32824,2.25,2.25
2012.03.21 04:14:49.536,1.32812,1.32824,2.25,2.25
2012.03.21 04:14:49.763,1.32812,1.3283,2.25,2.25
2012.03.21 04:14:51.060,1.32812,1.32832,2.25,2.25
2012.03.21 04:14:51.974,1.32812,1.32829,2.25,2.25
2012.03.21 04:14:52.043,1.32806,1.32828,2.25,1.50
2012.03.21 04:14:52.235,1.32802,1.32825,5.25,1.50
2012.03.21 04:14:52.302,1.32802,1.32825,5.25,2.25
2012.03.21 04:14:52.859,1.32802,1.32825,6.00,2.25
2012.03.21 04:14:53.392,1.32806,1.32829,1.56,2.25
2012.03.21 04:14:53.461,1.32809,1.32829,1.50,1.50
2012.03.21 04:14:53.971,1.32806,1.32832,3.14,2.25
2012.03.21 04:14:54.042,1.32806,1.32832,3.14,2.25
2012.03.21 04:14:54.312,1.32806,1.32831,3.00,1.50
2012.03.21 04:14:56.785,1.32806,1.32831,3.00,1.50
2012.03.21 04:14:57.299,1.32807,1.32831,1.50,1.50
2012.03.21 04:14:58.800,1.32808,1.32831,1.50,1.50
2012.03.21 04:14:59.290,1.32806,1.32829,3.67,2.25
2012.03.21 04:14:59.361,1.32806,1.32826,2.25,1.50
2012.03.21 04:14:59.434,1.32805,1.32826,1.50,2.25
2012.03.21 04:14:59.561,1.32803,1.32826,3.75,3.00
2012.03.21 04:14:59.692,1.32802,1.32822,3.00,1.50
2012.03.21 04:15:00.122,1.32802,1.32818,2.25,1.50
2012.03.21 04:15:00.313,1.32798,1.32818,3.00,1.50
2012.03.21 04:15:00.822,1.32798,1.32818,2.25,1.50
2012.03.21 04:15:01.240,1.32796,1.32817,1.50,1.50
2012.03.21 04:15:02.040,1.32795,1.32817,1.50,2.25
2012.03.21 04:15:03.064,1.32798,1.32818,1.50,2.25
2012.03.21 04:15:03.319,1.32798,1.32818,1.50,3.00
2012.03.21 04:15:04.013,1.32798,1.32818,1.50,2.25
2012.03.21 04:15:04.933,1.32798,1.32818,1.50,2.25
2012.03.21 04:15:08.530,1.32801,1.32821,1.50,2.25
2012.03.21 04:15:15.621,1.32801,1.32821,1.50,2.25
2012.03.21 04:15:16.139,1.32801,1.32818,1.50,1.50
2012.03.21 04:15:16.523,1.32797,1.32819,1.50,3.00
2012.03.21 04:15:20.793,1.328,1.32817,1.50,1.50
2012.03.21 04:15:21.331,1.328,1.32821,1.50,2.25
2012.03.21 04:15:21.809,1.328,1.32819,1.50,1.50
2012.03.21 04:15:21.882,1.32796,1.32819,3.00,3.00
2012.03.21 04:15:22.270,1.32796,1.32819,3.00,2.25
2012.03.21 04:15:22.808,1.328,1.3282,1.50,2.25
2012.03.21 04:15:27.531,1.328,1.3282,1.50,1.50
2012.03.21 04:15:27.863,1.32806,1.32826,1.50,2.25
2012.03.21 04:15:28.110,1.32806,1.32826,2.25,2.25
2012.03.21 04:15:30.060,1.32806,1.32826,2.25,1.50
2012.03.21 04:15:31.328,1.32806,1.32826,2.25,2.25
2012.03.21 04:15:31.401,1.32803,1.32823,4.50,1.50
2012.03.21 04:15:31.649,1.32803,1.32823,3.75,1.50
2012.03.21 04:15:37.889,1.32803,1.32821,2.25,1.50
2012.03.21 04:15:43.131,1.32803,1.32825,3.75,2.25
2012.03.21 04:15:43.260,1.32803,1.32825,4.50,2.25
2012.03.21 04:15:44.002,1.32803,1.32825,3.75,2.25
2012.03.21 04:15:44.070,1.32803,1.32821,2.25,1.50
2012.03.21 04:15:45.015,1.32804,1.32824,1.50,2.25
2012.03.21 04:15:46.402,1.32803,1.32821,2.25,1.50
2012.03.21 04:15:46.752,1.32805,1.32825,1.50,2.70
2012.03.21 04:15:51.397,1.32805,1.32825,1.50,1.50
2012.03.21 04:15:53.321,1.32808,1.32829,1.50,2.25
2012.03.21 04:15:53.521,1.3281,1.32832,2.25,3.53
2012.03.21 04:15:56.988,1.3281,1.32832,2.25,2.25
2012.03.21 04:15:58.823,1.32814,1.32834,1.50,2.70
2012.03.21 04:15:59.211,1.32819,1.32835,1.50,1.28
2012.03.21 04:15:59.738,1.32819,1.32837,2.25,1.58
2012.03.21 04:16:00.267,1.32819,1.32837,2.25,1.58
2012.03.21 04:16:00.905,1.32816,1.32837,2.25,1.50
2012.03.21 04:16:01.050,1.32816,1.32836,2.25,1.50
2012.03.21 04:16:01.128,1.32816,1.32837,2.25,2.25
2012.03.21 04:16:01.345,1.32816,1.32837,2.25,1.95
2012.03.21 04:16:01.811,1.32816,1.32838,2.25,2.25
2012.03.21 04:16:02.095,1.32813,1.32836,2.25,1.50
2012.03.21 04:16:02.291,1.32813,1.32836,2.25,2.25
2012.03.21 04:16:02.849,1.32813,1.32836,2.25,2.25
2012.03.21 04:16:04.500,1.32816,1.32838,1.50,4.20
2012.03.21 04:16:04.870,1.32816,1.32838,1.50,3.75
2012.03.21 04:16:09.774,1.32816,1.32838,1.50,4.20
2012.03.21 04:16:10.396,1.32816,1.32838,2.25,3.53
2012.03.21 04:16:10.744,1.32822,1.32842,1.50,2.70
2012.03.21 04:16:11.050,1.32825,1.32842,1.50,1.20
2012.03.21 04:16:11.125,1.32827,1.32845,1.50,1.58
2012.03.21 04:16:11.253,1.3283,1.32848,1.50,1.20
2012.03.21 04:16:11.384,1.3283,1.32851,2.25,1.20
2012.03.21 04:16:11.450,1.32834,1.32851,1.50,1.20
2012.03.21 04:16:11.587,1.32834,1.32855,1.50,1.50
2012.03.21 04:16:12.219,1.32834,1.32855,2.25,1.50
2012.03.21 04:16:12.301,1.32838,1.32858,2.25,1.50
2012.03.21 04:16:12.680,1.3284,1.32862,2.25,2.25
2012.03.21 04:16:12.870,1.3284,1.32862,2.25,2.25
2012.03.21 04:16:13.782,1.32843,1.32865,1.50,2.25
2012.03.21 04:16:14.671,1.32843,1.32865,2.25,2.25
2012.03.21 04:16:14.740,1.32846,1.32868,1.50,2.25
2012.03.21 04:16:14.872,1.32844,1.32869,2.25,1.50
2012.03.21 04:16:15.003,1.32844,1.32869,2.25,1.50
2012.03.21 04:16:15.940,1.32846,1.32869,1.50,1.50
2012.03.21 04:16:16.530,1.32844,1.32871,2.25,1.50
2012.03.21 04:16:16.966,1.32843,1.32869,3.00,2.25
2012.03.21 04:16:19.132,1.32843,1.32869,2.25,3.45
2012.03.21 04:16:19.263,1.32845,1.32867,1.50,2.25
2012.03.21 04:16:19.821,1.32845,1.32866,1.50,2.33
2012.03.21 04:16:20.341,1.32839,1.3286,2.25,1.50
2012.03.21 04:16:20.674,1.32834,1.32854,2.25,1.50
2012.03.21 04:16:20.742,1.32834,1.32853,1.50,2.25
2012.03.21 04:16:20.942,1.32834,1.3285,1.50,1.50
2012.03.21 04:16:21.262,1.32834,1.32849,1.50,2.03
2012.03.21 04:16:21.337,1.32831,1.32848,1.50,1.58
2012.03.21 04:16:21.416,1.32829,1.32848,1.50,1.58
2012.03.21 04:16:21.494,1.32824,1.32845,2.25,2.25
2012.03.21 04:16:21.694,1.32824,1.32845,1.50,2.25
2012.03.21 04:16:21.764,1.32822,1.32841,3.00,1.50
2012.03.21 04:16:22.418,1.32823,1.32846,1.50,2.70
2012.03.21 04:16:25.135,1.32823,1.32845,2.25,1.20
2012.03.21 04:16:25.331,1.32826,1.32846,1.50,2.03
2012.03.21 04:16:25.787,1.32826,1.32845,1.50,1.20
2012.03.21 04:16:26.303,1.32826,1.32847,2.25,1.50
2012.03.21 04:16:26.372,1.32831,1.32847,2.25,1.50
2012.03.21 04:16:26.773,1.32831,1.32849,3.00,2.25
2012.03.21 04:16:26.969,1.32831,1.32849,3.00,2.25
2012.03.21 04:16:28.410,1.32833,1.32854,1.50,1.50
2012.03.21 04:16:29.247,1.32833,1.32854,2.25,2.25
2012.03.21 04:16:29.739,1.32833,1.32854,2.25,2.25
2012.03.21 04:16:31.186,1.32833,1.32854,2.25,1.50
2012.03.21 04:16:31.821,1.32833,1.32856,3.75,3.00
2012.03.21 04:16:31.891,1.32833,1.32856,3.75,2.25
2012.03.21 04:16:32.031,1.32838,1.3286,2.25,1.20
2012.03.21 04:16:32.161,1.32835,1.32857,2.25,1.50
2012.03.21 04:16:32.958,1.32835,1.32857,2.25,1.50
2012.03.21 04:16:33.410,1.32835,1.32857,2.25,1.50
2012.03.21 04:16:33.480,1.32838,1.32861,2.25,3.53
2012.03.21 04:16:33.742,1.32842,1.32863,1.50,2.25
2012.03.21 04:16:33.872,1.32842,1.32863,2.25,2.25
2012.03.21 04:16:35.260,1.32842,1.32863,1.50,2.25
2012.03.21 04:16:36.409,1.32842,1.32863,1.50,2.25
2012.03.21 04:16:38.903,1.32842,1.32863,1.50,2.25
2012.03.21 04:16:40.045,1.32842,1.32863,1.50,2.25
2012.03.21 04:16:41.233,1.32842,1.32863,1.50,2.25
2012.03.21 04:16:50.370,1.32836,1.32857,2.25,1.50
2012.03.21 04:16:50.502,1.32836,1.32857,2.25,1.50
2012.03.21 04:16:51.540,1.32839,1.32859,1.50,2.25
2012.03.21 04:16:52.073,1.3284,1.32863,1.50,2.25
2012.03.21 04:16:52.140,1.3284,1.32863,1.50,2.25
2012.03.21 04:16:53.246,1.3284,1.32863,2.25,2.25
2012.03.21 04:16:54.251,1.3284,1.32863,2.25,2.25
2012.03.21 04:16:54.791,1.3284,1.32863,1.50,2.25
2012.03.21 04:17:04.377,1.3284,1.32861,1.50,2.03
2012.03.21 04:17:07.139,1.3284,1.32861,1.50,1.58
2012.03.21 04:17:11.797,1.32838,1.3286,2.25,2.25
2012.03.21 04:17:12.089,1.32838,1.3286,2.25,2.25
2012.03.21 04:17:13.195,1.32838,1.32857,2.25,1.58
2012.03.21 04:17:13.500,1.32834,1.32855,3.00,2.25
2012.03.21 04:17:13.811,1.32837,1.32857,1.50,1.58
2012.03.21 04:17:13.942,1.32835,1.32857,1.50,1.58
2012.03.21 04:17:14.592,1.32836,1.32858,1.50,2.78
2012.03.21 04:17:15.395,1.32836,1.32858,1.50,1.95
2012.03.21 04:17:15.807,1.32836,1.32858,1.50,1.50
2012.03.21 04:17:21.859,1.32835,1.32859,2.25,2.25
2012.03.21 04:17:22.903,1.32835,1.32859,2.25,3.00
2012.03.21 04:17:23.255,1.32835,1.32859,2.25,3.00
2012.03.21 04:17:23.713,1.32832,1.32858,2.25,2.25
2012.03.21 04:17:23.857,1.32832,1.32858,2.25,2.25
2012.03.21 04:17:24.148,1.32828,1.32857,2.39,3.75
2012.03.21 04:17:24.364,1.32828,1.32853,2.39,1.58
2012.03.21 04:17:24.565,1.32828,1.32853,2.39,2.03
2012.03.21 04:17:26.882,1.32828,1.32852,2.39,1.20
2012.03.21 04:17:27.841,1.32829,1.32852,1.50,1.58
2012.03.21 04:17:28.031,1.32829,1.32853,1.50,1.58
2012.03.21 04:17:28.908,1.32829,1.32856,1.50,2.03
2012.03.21 04:17:29.447,1.32829,1.32855,1.64,1.20
2012.03.21 04:17:35.550,1.3283,1.32856,1.50,2.03
2012.03.21 04:17:35.862,1.3283,1.32856,2.25,2.03
2012.03.21 04:17:37.427,1.32834,1.32856,2.25,1.58
2012.03.21 04:17:37.516,1.32839,1.32861,1.50,1.20
2012.03.21 04:17:38.074,1.32839,1.32861,1.50,1.20
2012.03.21 04:17:38.338,1.32836,1.32861,3.00,1.20
2012.03.21 04:17:44.933,1.32836,1.3286,1.50,2.03
2012.03.21 04:17:45.125,1.32833,1.32856,2.76,1.20
2012.03.21 04:17:45.263,1.32831,1.32856,1.64,1.20
2012.03.21 04:17:45.766,1.32831,1.32857,1.64,3.45
2012.03.21 04:17:46.821,1.32831,1.32856,1.64,1.20
2012.03.21 04:17:47.374,1.32829,1.32851,2.63,1.50
2012.03.21 04:17:47.513,1.32826,1.32851,3.00,2.25
2012.03.21 04:17:47.650,1.32826,1.32846,2.25,1.50
2012.03.21 04:17:48.151,1.32825,1.32845,3.00,1.50
2012.03.21 04:17:49.181,1.32825,1.32845,3.00,1.50
2012.03.21 04:17:49.311,1.32826,1.32845,2.25,1.50
2012.03.21 04:17:49.693,1.32826,1.32845,2.25,1.50
2012.03.21 04:17:50.281,1.32828,1.32849,1.50,1.58
2012.03.21 04:17:50.355,1.32828,1.32852,3.14,1.50
2012.03.21 04:17:50.547,1.32829,1.32852,2.39,1.50
2012.03.21 04:17:53.945,1.32829,1.32854,3.14,1.50
2012.03.21 04:17:55.334,1.32832,1.32856,1.50,3.45
2012.03.21 04:17:55.936,1.32832,1.32856,1.50,1.20
2012.03.21 04:17:56.012,1.32833,1.32857,1.50,1.20
2012.03.21 04:17:56.344,1.32833,1.3286,3.00,2.33
2012.03.21 04:17:56.481,1.32834,1.3286,2.25,3.53
2012.03.21 04:17:57.222,1.32836,1.32861,2.25,2.03
2012.03.21 04:17:57.351,1.32837,1.32861,1.50,2.03
2012.03.21 04:18:02.019,1.32836,1.32861,1.50,2.03
2012.03.21 04:18:13.716,1.32835,1.32861,1.50,3.08
2012.03.21 04:18:15.382,1.32836,1.32861,1.50,3.53
2012.03.21 04:18:15.630,1.32837,1.32861,1.50,2.03
2012.03.21 04:18:18.867,1.32838,1.32861,1.50,2.03
2012.03.21 04:18:26.915,1.3284,1.32861,1.50,1.58
2012.03.21 04:18:27.045,1.32842,1.32865,2.25,1.20
2012.03.21 04:18:27.607,1.32843,1.32866,2.25,3.00
2012.03.21 04:18:29.254,1.32844,1.32864,2.25,1.50
2012.03.21 04:18:29.593,1.32848,1.32868,1.50,1.50
2012.03.21 04:18:29.792,1.32849,1.32868,1.42,1.50
2012.03.21 04:18:30.197,1.32853,1.32874,1.50,2.25
2012.03.21 04:18:30.472,1.32854,1.32873,1.50,2.33
2012.03.21 04:18:30.621,1.32849,1.3287,1.50,1.20
2012.03.21 04:18:30.695,1.32849,1.32867,1.50,1.50
2012.03.21 04:18:30.838,1.3285,1.32871,1.50,2.03
2012.03.21 04:18:31.353,1.32847,1.32866,1.50,2.03
2012.03.21 04:18:31.876,1.32846,1.32866,1.50,3.08
2012.03.21 04:18:32.435,1.32846,1.32866,1.50,2.33
2012.03.21 04:18:32.741,1.32848,1.32866,2.25,1.28
2012.03.21 04:18:33.412,1.32848,1.32867,2.25,1.28
2012.03.21 04:18:35.610,1.32848,1.32868,1.50,1.58
2012.03.21 04:18:38.221,1.32848,1.32866,1.50,3.08
2012.03.21 04:18:38.532,1.32842,1.32863,1.50,1.50
2012.03.21 04:18:38.732,1.32842,1.32865,3.00,2.78
2012.03.21 04:18:39.402,1.32845,1.32867,2.25,2.25
2012.03.21 04:18:39.479,1.32848,1.32869,1.50,2.25
2012.03.21 04:18:39.910,1.32848,1.32869,1.50,2.25
2012.03.21 04:18:40.450,1.32851,1.32871,1.50,2.25
2012.03.21 04:18:40.522,1.32847,1.3287,2.25,2.25
2012.03.21 04:18:40.720,1.32847,1.3287,2.25,2.25
2012.03.21 04:18:42.181,1.32847,1.3287,2.25,2.25
2012.03.21 04:18:42.313,1.32846,1.32866,2.25,1.50
2012.03.21 04:18:42.380,1.32847,1.3287,2.25,2.25
2012.03.21 04:18:42.510,1.32847,1.3287,1.50,2.25
2012.03.21 04:18:44.745,1.32847,1.3287,1.50,2.25
2012.03.21 04:18:45.259,1.32847,1.3287,2.25,2.25
2012.03.21 04:18:46.545,1.32847,1.3287,2.25,2.25
2012.03.21 04:19:03.672,1.32847,1.32868,1.50,1.58
2012.03.21 04:19:04.292,1.32846,1.32866,1.50,2.25
2012.03.21 04:19:04.630,1.32842,1.32865,2.25,2.25
2012.03.21 04:19:06.215,1.32848,1.32867,1.50,2.03
2012.03.21 04:19:06.283,1.32848,1.32867,1.50,2.03
2012.03.21 04:19:06.831,1.32846,1.32866,2.25,1.50
2012.03.21 04:19:07.340,1.32846,1.32866,2.25,1.50
2012.03.21 04:19:10.526,1.32846,1.32866,2.25,1.50
2012.03.21 04:19:15.135,1.32848,1.32869,2.25,2.25
2012.03.21 04:19:15.282,1.32851,1.32871,1.50,2.70
2012.03.21 04:19:15.481,1.32853,1.32875,1.50,1.20
2012.03.21 04:19:20.366,1.32857,1.32877,2.25,2.25
2012.03.21 04:19:20.771,1.32857,1.32875,1.50,1.58
2012.03.21 04:19:20.903,1.32853,1.32874,2.25,2.25
2012.03.21 04:19:21.433,1.32853,1.32874,1.50,2.25
2012.03.21 04:19:25.081,1.32856,1.32875,1.50,2.03
2012.03.21 04:19:25.593,1.32856,1.32876,1.50,3.53
2012.03.21 04:19:25.851,1.32856,1.32876,1.50,3.53
2012.03.21 04:19:26.550,1.32858,1.3288,2.25,2.25
2012.03.21 04:19:28.042,1.32858,1.3288,2.25,2.25
2012.03.21 04:19:28.662,1.32858,1.3288,1.50,2.25
2012.03.21 04:19:29.353,1.32858,1.32878,1.50,1.50
2012.03.21 04:19:29.422,1.32855,1.32878,1.50,3.00
2012.03.21 04:19:29.844,1.32854,1.32874,2.25,1.50
2012.03.21 04:19:30.373,1.3285,1.32873,2.25,2.25
2012.03.21 04:19:31.182,1.3285,1.32873,2.25,1.95
2012.03.21 04:19:31.860,1.3285,1.32873,2.25,1.95
2012.03.21 04:19:33.030,1.32853,1.32874,2.25,2.03
2012.03.21 04:19:35.223,1.32856,1.32875,1.50,1.58
2012.03.21 04:19:37.424,1.32856,1.32871,1.50,1.58
2012.03.21 04:19:37.753,1.32847,1.32864,2.25,2.25
2012.03.21 04:19:37.892,1.3285,1.3287,1.50,1.20
2012.03.21 04:19:37.965,1.32853,1.32869,1.50,1.28
2012.03.21 04:19:38.035,1.32853,1.32869,1.50,2.03
2012.03.21 04:19:38.102,1.32848,1.32865,2.25,1.50
2012.03.21 04:19:38.488,1.32851,1.32869,1.50,1.20
2012.03.21 04:19:38.989,1.32851,1.32871,1.50,2.25
2012.03.21 04:19:39.540,1.32851,1.32871,2.25,1.50
2012.03.21 04:19:39.945,1.32853,1.32872,1.50,1.50
2012.03.21 04:19:40.271,1.32857,1.32875,1.50,1.50
2012.03.21 04:19:40.483,1.32853,1.32875,1.50,1.50
2012.03.21 04:19:41.714,1.32853,1.32875,2.25,1.50
2012.03.21 04:19:42.221,1.32853,1.32875,2.25,2.25
2012.03.21 04:19:43.932,1.32853,1.32875,2.25,1.50
2012.03.21 04:19:44.423,1.32857,1.32875,1.50,1.50
2012.03.21 04:19:44.863,1.32857,1.32877,2.25,1.58
2012.03.21 04:19:44.945,1.32861,1.32881,2.25,2.25
2012.03.21 04:19:46.972,1.32862,1.32885,1.50,2.70
2012.03.21 04:19:47.280,1.32862,1.32885,2.25,2.25
2012.03.21 04:19:47.361,1.32862,1.32885,2.25,2.25
2012.03.21 04:19:47.432,1.32862,1.32885,3.00,2.25
2012.03.21 04:19:47.503,1.32865,1.32886,1.50,1.58
2012.03.21 04:19:48.114,1.32862,1.32885,3.00,2.25
2012.03.21 04:19:48.196,1.32862,1.32885,2.25,3.00
2012.03.21 04:19:48.415,1.32862,1.32885,1.50,3.00
2012.03.21 04:19:48.962,1.32861,1.32882,1.50,2.25
2012.03.21 04:19:51.783,1.32863,1.32884,1.50,3.75
2012.03.21 04:19:52.410,1.32861,1.32882,1.50,2.25
2012.03.21 04:19:53.006,1.32861,1.32882,1.50,2.25
2012.03.21 04:19:53.151,1.3286,1.32882,1.50,2.25
2012.03.21 04:19:53.422,1.32857,1.32879,1.50,2.25
2012.03.21 04:19:54.050,1.32857,1.32879,1.50,2.25
2012.03.21 04:19:55.591,1.32857,1.32879,1.50,2.25
2012.03.21 04:19:56.102,1.3286,1.3288,1.50,2.25
2012.03.21 04:19:57.701,1.3286,1.32877,1.50,1.42
2012.03.21 04:19:58.045,1.32853,1.32871,1.50,1.50
2012.03.21 04:19:58.258,1.3285,1.32869,1.50,1.13
2012.03.21 04:19:58.408,1.32846,1.32868,2.25,2.25
2012.03.21 04:19:58.481,1.32849,1.32869,1.50,1.13
2012.03.21 04:19:58.811,1.32845,1.32865,2.25,1.50
2012.03.21 04:19:58.955,1.32845,1.32865,1.50,1.95
2012.03.21 04:19:59.281,1.32841,1.32861,4.50,1.50
2012.03.21 04:20:00.209,1.32841,1.32861,4.50,1.50
2012.03.21 04:20:04.492,1.32841,1.32861,4.50,1.50
2012.03.21 04:20:04.801,1.32841,1.32861,4.50,1.50
2012.03.21 04:20:05.359,1.32841,1.32861,2.25,3.00
2012.03.21 04:20:09.406,1.32844,1.32862,1.50,1.20
2012.03.21 04:20:10.140,1.3284,1.32862,2.25,2.25
2012.03.21 04:20:10.702,1.32844,1.32863,1.50,2.03
2012.03.21 04:20:10.771,1.32841,1.32861,1.50,1.50
2012.03.21 04:20:13.303,1.32844,1.32865,1.50,2.70
2012.03.21 04:20:13.612,1.32842,1.32862,1.50,2.25
2012.03.21 04:20:14.384,1.32842,1.32862,1.50,2.25
2012.03.21 04:20:14.630,1.32842,1.32862,1.50,2.25
2012.03.21 04:20:15.189,1.32842,1.32862,1.50,2.25
2012.03.21 04:20:15.692,1.32842,1.32862,1.50,2.25
2012.03.21 04:20:16.050,1.32843,1.32864,2.25,2.03
2012.03.21 04:20:16.408,1.32846,1.32866,3.75,1.50
2012.03.21 04:20:16.743,1.32847,1.32867,3.00,1.50
2012.03.21 04:20:16.815,1.32852,1.32872,1.50,3.08
2012.03.21 04:20:24.179,1.32852,1.32872,1.50,2.25
2012.03.21 04:20:24.638,1.32857,1.32876,2.25,2.03
2012.03.21 04:20:25.454,1.32857,1.32877,2.25,2.25
2012.03.21 04:20:25.791,1.32859,1.32881,1.50,2.25
2012.03.21 04:20:26.311,1.32859,1.32881,1.50,2.25
2012.03.21 04:20:28.000,1.32862,1.32883,1.50,4.62
2012.03.21 04:20:28.864,1.32862,1.32883,1.50,3.45
2012.03.21 04:20:29.113,1.32862,1.32883,2.25,2.25
2012.03.21 04:20:29.313,1.32864,1.32885,1.50,2.03
2012.03.21 04:20:29.686,1.32864,1.32884,1.50,1.20
2012.03.21 04:20:30.023,1.32864,1.32887,2.25,2.25
2012.03.21 04:20:30.154,1.32867,1.32889,1.50,2.03
2012.03.21 04:20:30.546,1.32867,1.32888,1.50,1.95
2012.03.21 04:20:30.755,1.32867,1.32888,1.50,1.20
2012.03.21 04:20:31.570,1.32867,1.32888,1.50,1.20
2012.03.21 04:20:31.860,1.3287,1.32888,1.50,1.20
2012.03.21 04:20:32.804,1.3287,1.3289,1.50,2.78
2012.03.21 04:20:33.070,1.32867,1.32889,1.50,3.45
2012.03.21 04:20:34.972,1.32867,1.32888,1.50,2.33
2012.03.21 04:20:35.045,1.32865,1.32886,1.50,2.25
2012.03.21 04:20:35.690,1.32865,1.32886,1.50,2.25
2012.03.21 04:20:36.215,1.32865,1.32886,1.50,2.25
2012.03.21 04:20:36.360,1.32863,1.32882,1.50,1.50
2012.03.21 04:20:36.788,1.32859,1.3288,2.25,2.78
2012.03.21 04:20:36.987,1.32856,1.32878,3.00,1.50
2012.03.21 04:20:37.065,1.32856,1.32878,3.00,2.25
2012.03.21 04:20:37.766,1.32856,1.32875,2.25,1.50
2012.03.21 04:20:39.618,1.32856,1.32874,2.25,1.50
2012.03.21 04:20:40.063,1.32856,1.32868,2.25,1.50
2012.03.21 04:20:40.606,1.32856,1.32871,2.25,2.25
2012.03.21 04:20:41.073,1.3285,1.32871,1.50,2.25
2012.03.21 04:20:41.155,1.32847,1.32869,3.00,3.00
2012.03.21 04:20:41.503,1.32847,1.32861,2.25,1.50
2012.03.21 04:20:41.765,1.32847,1.32867,2.25,2.25
2012.03.21 04:20:41.895,1.32847,1.32867,3.00,1.50
2012.03.21 04:20:42.088,1.32853,1.32871,1.50,1.20
2012.03.21 04:20:42.303,1.32849,1.32869,3.00,1.50
2012.03.21 04:20:42.370,1.32849,1.32869,3.00,1.50
2012.03.21 04:20:42.446,1.32851,1.32873,2.25,1.50
2012.03.21 04:20:42.664,1.32854,1.32877,2.25,2.25
2012.03.21 04:20:42.734,1.32859,1.32877,2.25,2.25
2012.03.21 04:20:42.872,1.32859,1.32879,2.25,2.25
2012.03.21 04:20:51.624,1.3286,1.32882,1.50,2.25
2012.03.21 04:20:52.909,1.3286,1.32881,1.50,2.33
2012.03.21 04:20:53.345,1.32855,1.32876,2.25,1.50
2012.03.21 04:20:54.775,1.32851,1.32874,3.00,1.50
2012.03.21 04:20:54.842,1.32854,1.32877,2.25,2.25
2012.03.21 04:20:54.914,1.32854,1.32877,2.25,2.25
2012.03.21 04:20:55.221,1.32854,1.32877,2.25,1.50
2012.03.21 04:20:55.761,1.32854,1.32877,2.25,2.25
2012.03.21 04:20:56.434,1.32854,1.32877,2.25,2.25
2012.03.21 04:20:56.760,1.32857,1.3288,2.25,2.25
2012.03.21 04:20:58.611,1.32857,1.3288,2.25,3.53
2012.03.21 04:21:00.931,1.32857,1.3288,2.25,3.08
2012.03.21 04:21:02.138,1.32866,1.3288,2.25,1.50
2012.03.21 04:21:02.283,1.32868,1.32889,1.50,1.20
2012.03.21 04:21:02.554,1.32871,1.32891,2.25,1.28
2012.03.21 04:21:02.860,1.32867,1.32891,2.25,1.58
2012.03.21 04:21:03.481,1.32867,1.32891,2.25,1.58
2012.03.21 04:21:04.270,1.3287,1.32894,2.25,1.28
2012.03.21 04:21:04.985,1.3287,1.32895,2.25,1.20
2012.03.21 04:21:05.197,1.3287,1.32896,2.25,1.28
2012.03.21 04:21:05.725,1.3287,1.32896,2.25,1.28
2012.03.21 04:21:07.249,1.3287,1.32896,2.25,2.03
2012.03.21 04:21:07.920,1.32867,1.32894,2.25,1.50
2012.03.21 04:21:08.201,1.32867,1.32894,2.25,1.50
2012.03.21 04:21:12.317,1.32867,1.32893,2.25,1.50
2012.03.21 04:21:14.204,1.32866,1.32889,3.75,1.50
2012.03.21 04:21:14.927,1.32866,1.32889,3.00,3.00
2012.03.21 04:21:15.624,1.32866,1.32889,3.75,3.00
2012.03.21 04:21:17.464,1.32867,1.32889,1.50,3.00
2012.03.21 04:21:17.615,1.32869,1.32889,1.50,2.25
2012.03.21 04:21:17.743,1.32869,1.32889,1.50,2.25
2012.03.21 04:21:17.816,1.32873,1.32891,1.50,1.50
2012.03.21 04:21:17.886,1.32874,1.32895,2.25,2.25
2012.03.21 04:21:18.023,1.32874,1.32895,3.00,1.50
2012.03.21 04:21:18.421,1.32879,1.32898,1.50,1.50
2012.03.21 04:21:18.823,1.32879,1.32901,2.25,2.25
2012.03.21 04:21:19.712,1.32879,1.32901,3.00,2.25
2012.03.21 04:21:19.782,1.32879,1.32901,2.25,2.25
2012.03.21 04:21:20.502,1.32879,1.32901,3.00,2.25
2012.03.21 04:21:20.843,1.32884,1.32907,1.50,2.25
2012.03.21 04:21:22.488,1.32885,1.32907,3.00,2.25
2012.03.21 04:21:22.683,1.32885,1.32907,2.25,2.25
2012.03.21 04:21:22.813,1.32885,1.32903,2.25,1.50
2012.03.21 04:21:25.409,1.32885,1.32905,2.25,2.25
2012.03.21 04:21:25.983,1.32885,1.32905,1.50,2.25
2012.03.21 04:21:26.111,1.32882,1.32902,2.25,2.25
2012.03.21 04:21:26.720,1.32882,1.32902,3.00,2.25
2012.03.21 04:21:27.283,1.32882,1.32902,2.25,2.25
2012.03.21 04:21:27.672,1.32879,1.329,1.50,1.50
2012.03.21 04:21:28.234,1.32878,1.329,2.25,2.25
2012.03.21 04:21:28.491,1.32876,1.32896,3.75,1.50
2012.03.21 04:21:29.271,1.32876,1.32896,3.00,1.50
2012.03.21 04:21:29.660,1.32875,1.32893,1.50,1.50
2012.03.21 04:21:30.172,1.32876,1.32896,2.25,2.25
2012.03.21 04:21:31.683,1.32876,1.32896,2.25,2.25
2012.03.21 04:21:32.200,1.32876,1.32896,3.00,2.25
2012.03.21 04:21:38.377,1.32878,1.32899,2.25,3.00
2012.03.21 04:21:38.863,1.32879,1.32899,1.50,1.50
2012.03.21 04:21:39.401,1.32879,1.32899,1.50,1.50
2012.03.21 04:21:41.172,1.32879,1.32899,1.50,1.50
2012.03.21 04:21:42.346,1.32878,1.32896,1.50,1.50
2012.03.21 04:21:43.071,1.32876,1.32896,2.25,1.50
2012.03.21 04:21:48.684,1.32876,1.32896,1.50,1.50
2012.03.21 04:21:48.933,1.32872,1.32894,2.25,1.50
2012.03.21 04:21:49.589,1.32868,1.32891,2.25,2.25
2012.03.21 04:21:49.672,1.32868,1.3289,2.25,1.50
2012.03.21 04:21:49.744,1.32868,1.3289,2.25,2.17
2012.03.21 04:21:50.062,1.32872,1.32892,1.50,1.50
2012.03.21 04:21:50.204,1.32874,1.32895,1.50,2.25
2012.03.21 04:21:50.881,1.32874,1.32895,1.50,2.25
2012.03.21 04:21:51.134,1.3287,1.32892,2.25,2.25
2012.03.21 04:21:53.403,1.3287,1.32892,3.00,3.00
2012.03.21 04:21:53.472,1.32871,1.32892,1.50,1.50
2012.03.21 04:21:53.781,1.32873,1.32896,2.25,3.45
2012.03.21 04:21:54.092,1.32873,1.32896,1.50,3.00
2012.03.21 04:21:55.438,1.32873,1.32896,2.25,2.70
2012.03.21 04:21:59.466,1.32871,1.32893,3.00,2.25
2012.03.21 04:22:13.570,1.32871,1.32893,1.50,2.25
2012.03.21 04:22:16.126,1.32871,1.32893,1.50,2.25
2012.03.21 04:22:16.430,1.32871,1.32893,1.50,2.25
2012.03.21 04:22:17.922,1.32871,1.32888,1.50,1.50
2012.03.21 04:22:18.240,1.32868,1.32888,1.50,1.50
2012.03.21 04:22:21.821,1.32874,1.32891,1.50,2.25
2012.03.21 04:22:22.373,1.32872,1.32891,1.50,2.25
2012.03.21 04:22:22.570,1.32872,1.32891,1.50,2.25
2012.03.21 04:22:22.701,1.32869,1.32889,1.50,2.25
2012.03.21 04:22:23.114,1.32869,1.32889,1.50,2.25
2012.03.21 04:22:25.512,1.32865,1.32887,1.50,2.25
2012.03.21 04:22:26.019,1.32865,1.32886,1.50,1.50
2012.03.21 04:22:27.881,1.32869,1.32888,1.50,2.33
2012.03.21 04:22:28.011,1.32869,1.32888,1.50,1.58
2012.03.21 04:22:35.708,1.32865,1.32884,1.50,1.50
2012.03.21 04:22:35.782,1.32865,1.32884,1.50,1.50
2012.03.21 04:22:36.056,1.32862,1.32883,2.25,2.25
2012.03.21 04:22:36.676,1.32862,1.32883,2.25,2.25
2012.03.21 04:22:36.749,1.32862,1.32883,2.25,2.25
2012.03.21 04:22:37.013,1.32862,1.32883,2.25,3.00
2012.03.21 04:22:37.549,1.32862,1.32883,1.50,3.00
2012.03.21 04:22:37.965,1.32859,1.32881,2.25,2.25
2012.03.21 04:22:39.203,1.32859,1.32881,2.25,3.00
2012.03.21 04:22:40.325,1.32859,1.32881,1.50,2.25
2012.03.21 04:22:44.756,1.32862,1.32883,1.50,3.53
2012.03.21 04:22:44.824,1.32862,1.32883,1.50,3.08
2012.03.21 04:22:45.073,1.32866,1.32883,1.50,1.58
2012.03.21 04:22:46.160,1.32866,1.32884,1.50,1.50
2012.03.21 04:22:46.492,1.3287,1.32885,1.50,1.50
2012.03.21 04:22:46.695,1.3287,1.32888,1.50,1.20
2012.03.21 04:22:47.177,1.32872,1.32892,1.50,1.50
2012.03.21 04:22:47.909,1.32874,1.32893,1.50,2.25
2012.03.21 04:22:48.074,1.32872,1.32893,1.50,3.75
2012.03.21 04:22:48.287,1.32874,1.32894,1.50,1.50
2012.03.21 04:22:48.642,1.32877,1.32894,1.50,1.50
2012.03.21 04:22:48.832,1.32874,1.32894,2.25,3.00
2012.03.21 04:22:48.905,1.32874,1.32894,1.50,3.75
2012.03.21 04:22:49.457,1.32874,1.32893,1.50,1.50
2012.03.21 04:22:50.002,1.32874,1.32893,1.50,1.50
2012.03.21 04:22:50.344,1.32877,1.32894,1.50,3.00
2012.03.21 04:22:53.462,1.32877,1.32896,1.50,1.50
2012.03.21 04:22:53.529,1.32877,1.32897,1.50,2.25
2012.03.21 04:22:54.068,1.32877,1.32897,1.50,2.25
2012.03.21 04:22:54.570,1.32877,1.32897,1.50,2.25
2012.03.21 04:22:55.352,1.32879,1.32899,1.50,3.75
2012.03.21 04:22:56.043,1.32879,1.32899,1.50,1.50
2012.03.21 04:22:56.465,1.32882,1.32903,1.50,1.50
2012.03.21 04:22:57.098,1.32881,1.32902,1.50,2.25
2012.03.21 04:22:57.488,1.32884,1.32904,1.50,3.00
2012.03.21 04:22:58.083,1.32884,1.32904,1.50,2.25
2012.03.21 04:22:59.067,1.32885,1.32907,1.50,1.58
2012.03.21 04:23:00.034,1.32885,1.32908,1.50,3.83
2012.03.21 04:23:01.603,1.32885,1.32908,2.25,2.70
2012.03.21 04:23:01.672,1.32889,1.32909,1.50,3.75
2012.03.21 04:23:01.920,1.32889,1.32909,1.50,3.75
2012.03.21 04:23:04.034,1.32889,1.32909,1.50,3.75
2012.03.21 04:23:06.486,1.32889,1.32906,1.50,1.50
2012.03.21 04:23:06.554,1.32889,1.32908,1.50,1.50
2012.03.21 04:23:06.988,1.32889,1.32905,1.50,1.50
2012.03.21 04:23:07.073,1.32883,1.32903,1.50,1.50
2012.03.21 04:23:09.262,1.32883,1.32903,1.50,1.50
2012.03.21 04:23:09.394,1.32881,1.32901,2.25,2.25
2012.03.21 04:23:09.461,1.32881,1.32901,1.50,3.00
2012.03.21 04:23:09.811,1.32881,1.32901,1.50,3.00
2012.03.21 04:23:09.882,1.32878,1.32898,2.25,1.50
2012.03.21 04:23:10.404,1.32878,1.32898,1.50,2.25
2012.03.21 04:23:10.800,1.3288,1.32901,1.50,2.25
2012.03.21 04:23:10.945,1.32883,1.32904,2.25,2.25
2012.03.21 04:23:11.483,1.32883,1.32904,1.50,3.00
2012.03.21 04:23:12.018,1.32883,1.32903,1.50,1.50
2012.03.21 04:23:12.503,1.32883,1.329,1.50,2.03
2012.03.21 04:23:12.845,1.32877,1.32897,1.50,2.25
2012.03.21 04:23:12.916,1.32883,1.329,1.50,1.20
2012.03.21 04:23:13.321,1.32886,1.32904,1.50,1.50
2012.03.21 04:23:15.035,1.32886,1.32906,1.50,1.50
2012.03.21 04:23:15.652,1.32886,1.32906,2.25,1.50
2012.03.21 04:23:16.780,1.32889,1.3291,1.50,2.25
2012.03.21 04:23:18.034,1.32889,1.3291,1.50,2.25
2012.03.21 04:23:23.483,1.32889,1.32904,1.50,1.50
2012.03.21 04:23:23.612,1.32883,1.32902,2.25,1.50
2012.03.21 04:23:23.743,1.32883,1.329,1.50,1.50
2012.03.21 04:23:24.218,1.32879,1.32899,1.50,1.50
2012.03.21 04:23:25.420,1.32882,1.32901,1.50,1.50
2012.03.21 04:23:25.775,1.32884,1.32903,1.50,1.50
2012.03.21 04:23:25.846,1.32884,1.32905,1.50,1.50
2012.03.21 04:23:26.223,1.32884,1.32906,1.50,2.25
2012.03.21 04:23:26.300,1.32884,1.32905,1.50,2.25
2012.03.21 04:23:26.377,1.32881,1.32903,2.25,1.50
2012.03.21 04:23:27.143,1.32879,1.32901,2.25,1.50
2012.03.21 04:23:27.681,1.32879,1.32901,2.25,2.25
2012.03.21 04:23:37.392,1.32879,1.32901,2.25,2.25
2012.03.21 04:23:37.920,1.32879,1.32901,2.25,2.25
2012.03.21 04:23:37.992,1.32882,1.32903,1.50,3.00
2012.03.21 04:23:51.792,1.32882,1.32903,1.50,3.00
2012.03.21 04:24:02.191,1.32882,1.32903,1.50,3.00
2012.03.21 04:24:02.529,1.32877,1.32898,2.25,2.25
2012.03.21 04:24:02.782,1.32877,1.32898,1.50,3.00
2012.03.21 04:24:03.370,1.32873,1.32896,2.25,2.25
2012.03.21 04:24:06.402,1.32873,1.32896,2.25,3.00
2012.03.21 04:24:06.531,1.32873,1.32894,2.25,1.50
2012.03.21 04:24:07.097,1.3287,1.32893,3.00,3.00
2012.03.21 04:24:07.248,1.3287,1.32893,2.25,2.25
2012.03.21 04:24:07.469,1.32869,1.32889,2.25,2.25
2012.03.21 04:24:07.827,1.32868,1.32888,1.50,2.25
2012.03.21 04:24:07.913,1.32865,1.32885,2.25,2.25
2012.03.21 04:24:07.984,1.32865,1.32885,2.25,1.50
2012.03.21 04:24:08.336,1.32866,1.32885,1.50,1.50
2012.03.21 04:24:08.411,1.32871,1.3289,1.50,1.50
2012.03.21 04:24:08.882,1.32871,1.32893,2.25,2.25
2012.03.21 04:24:09.215,1.32871,1.32893,2.25,1.50
2012.03.21 04:24:14.475,1.32871,1.32893,2.25,1.50
2012.03.21 04:24:14.782,1.32871,1.32893,2.25,2.25
2012.03.21 04:24:14.911,1.32869,1.32889,2.25,1.50
2012.03.21 04:24:16.161,1.32869,1.32889,2.25,1.50
2012.03.21 04:24:16.744,1.32869,1.32885,1.50,1.58
2012.03.21 04:24:16.818,1.32856,1.32885,1.50,3.08
2012.03.21 04:24:17.345,1.32857,1.32883,1.50,1.20
2012.03.21 04:24:17.702,1.32854,1.32878,2.25,1.58
2012.03.21 04:24:17.778,1.32853,1.32875,3.00,1.50
2012.03.21 04:24:18.103,1.32853,1.32875,3.00,2.25
2012.03.21 04:24:18.637,1.32853,1.32871,3.00,1.50
2012.03.21 04:24:18.982,1.32853,1.32871,3.00,2.25
2012.03.21 04:24:19.182,1.32847,1.32867,3.00,1.50
2012.03.21 04:24:19.316,1.32844,1.32864,2.63,1.50
2012.03.21 04:24:19.562,1.32844,1.32864,2.25,1.50
2012.03.21 04:24:20.101,1.32844,1.32864,2.25,1.50
2012.03.21 04:24:21.077,1.32844,1.32864,3.00,1.50
2012.03.21 04:24:21.363,1.3285,1.32864,1.50,1.50
2012.03.21 04:24:21.853,1.32854,1.32874,1.50,1.20
2012.03.21 04:24:21.891,1.32856,1.32878,2.25,2.03
2012.03.21 04:24:21.967,1.32856,1.32878,2.25,1.58
2012.03.21 04:24:22.511,1.32856,1.32878,2.25,1.58
2012.03.21 04:24:33.790,1.32856,1.32879,2.25,2.25
2012.03.21 04:24:35.304,1.32856,1.32879,2.25,2.25
2012.03.21 04:24:35.704,1.32856,1.32879,2.25,3.00
2012.03.21 04:24:35.893,1.32856,1.32879,2.25,3.00
2012.03.21 04:24:36.256,1.32852,1.32874,1.50,1.50
2012.03.21 04:24:37.031,1.32852,1.32874,1.50,1.50
2012.03.21 04:24:37.560,1.32854,1.32876,2.25,2.25
2012.03.21 04:24:38.493,1.32855,1.32876,1.50,2.25
2012.03.21 04:24:38.833,1.32861,1.3288,3.00,1.50
2012.03.21 04:24:38.903,1.32863,1.32883,1.50,2.25
2012.03.21 04:24:38.972,1.32865,1.32884,1.50,1.20
2012.03.21 04:24:39.322,1.32865,1.32887,2.25,1.50
2012.03.21 04:24:39.463,1.32868,1.3289,1.50,2.25
2012.03.21 04:24:39.603,1.32869,1.3289,1.50,1.50
2012.03.21 04:24:39.671,1.32875,1.32896,1.50,3.00
2012.03.21 04:24:39.745,1.32878,1.32896,1.50,1.50
2012.03.21 04:24:39.811,1.32878,1.32899,1.50,3.45
2012.03.21 04:24:40.001,1.32878,1.32898,1.50,1.50
2012.03.21 04:24:40.192,1.32874,1.32897,2.25,3.75
2012.03.21 04:24:41.682,1.32874,1.32895,1.50,1.50
2012.03.21 04:24:42.202,1.32873,1.32893,1.50,3.08
2012.03.21 04:24:42.452,1.32873,1.32893,1.50,4.28
2012.03.21 04:24:42.701,1.32873,1.32893,1.50,3.08
2012.03.21 04:24:43.167,1.32876,1.32894,1.50,2.03
2012.03.21 04:24:47.171,1.32876,1.32897,2.25,1.20
2012.03.21 04:25:03.459,1.32876,1.32898,2.25,1.50
2012.03.21 04:25:05.474,1.32876,1.32896,1.50,1.20
2012.03.21 04:25:06.156,1.32869,1.32892,3.00,1.28
2012.03.21 04:25:06.232,1.32859,1.32886,3.00,3.08
2012.03.21 04:25:06.308,1.32859,1.32885,2.25,1.58
2012.03.21 04:25:06.392,1.3286,1.32885,1.50,1.58
2012.03.21 04:25:06.680,1.32862,1.32889,1.50,1.95
2012.03.21 04:25:06.827,1.32864,1.32892,1.50,2.03
2012.03.21 04:25:06.897,1.32864,1.32892,1.50,1.28
2012.03.21 04:25:07.441,1.32864,1.32892,1.50,1.28
2012.03.21 04:25:08.143,1.32864,1.32891,1.13,1.28
2012.03.21 04:25:08.699,1.32869,1.32891,2.25,1.20
2012.03.21 04:25:08.778,1.32869,1.32896,2.25,2.03
2012.03.21 04:25:09.102,1.3287,1.32895,1.50,1.95
2012.03.21 04:25:09.453,1.32871,1.32895,1.50,1.95
2012.03.21 04:25:13.733,1.32871,1.32895,1.50,1.20
2012.03.21 04:25:14.285,1.32873,1.32897,2.25,2.03
2012.03.21 04:25:14.782,1.32877,1.329,1.50,1.50
2012.03.21 04:25:15.330,1.32877,1.32901,1.50,2.03
2012.03.21 04:25:17.565,1.32879,1.329,1.50,1.50
2012.03.21 04:25:18.497,1.32879,1.32901,3.00,1.50
2012.03.21 04:25:19.713,1.32877,1.329,3.00,1.50
2012.03.21 04:25:20.083,1.32877,1.32901,3.00,1.95
2012.03.21 04:25:20.271,1.32877,1.32901,3.00,2.70
2012.03.21 04:25:24.443,1.32876,1.32904,1.50,2.78
2012.03.21 04:25:27.030,1.32876,1.32904,2.25,2.78
2012.03.21 04:25:35.743,1.32876,1.32904,2.25,2.78
2012.03.21 04:25:36.705,1.32874,1.32903,1.64,1.50
2012.03.21 04:25:37.452,1.32873,1.32899,2.01,2.78
2012.03.21 04:25:39.572,1.32873,1.32899,2.39,1.95
2012.03.21 04:25:40.213,1.32878,1.32901,1.50,1.50
2012.03.21 04:25:40.282,1.32879,1.32904,2.25,1.50
2012.03.21 04:25:40.482,1.32882,1.32905,1.50,1.50
2012.03.21 04:25:40.731,1.32883,1.32909,2.25,1.50
2012.03.21 04:25:41.002,1.32883,1.32908,2.25,2.25
2012.03.21 04:25:41.511,1.32883,1.32907,2.25,1.58
2012.03.21 04:25:42.075,1.32881,1.32904,2.25,1.50
2012.03.21 04:25:42.402,1.3288,1.32901,1.50,1.50
2012.03.21 04:25:49.708,1.32881,1.32905,2.25,2.25
2012.03.21 04:25:52.211,1.32881,1.32905,2.25,2.25
2012.03.21 04:25:52.401,1.32879,1.32902,2.25,1.50
2012.03.21 04:25:55.193,1.32879,1.32902,3.00,1.50
2012.03.21 04:25:57.082,1.32881,1.32905,2.25,2.25
2012.03.21 04:26:01.391,1.32881,1.32905,2.25,2.25
2012.03.21 04:26:02.912,1.32881,1.32904,2.25,1.50
2012.03.21 04:26:04.124,1.32881,1.32905,2.25,2.25
2012.03.21 04:26:04.993,1.32881,1.32905,2.25,1.50
2012.03.21 04:26:07.912,1.32883,1.32908,2.25,3.45
2012.03.21 04:26:08.230,1.32883,1.32908,2.25,2.25
2012.03.21 04:26:14.122,1.32883,1.32908,2.25,3.00
2012.03.21 04:26:36.923,1.32883,1.32908,2.25,3.83
2012.03.21 04:26:36.996,1.32883,1.32908,2.25,3.53
2012.03.21 04:26:37.139,1.32883,1.32907,2.25,1.20
2012.03.21 04:26:37.473,1.32881,1.32905,2.25,3.00
2012.03.21 04:26:37.868,1.32881,1.32903,2.25,2.25
2012.03.21 04:26:38.061,1.32881,1.32901,1.50,1.50
2012.03.21 04:26:38.194,1.32881,1.32903,1.50,1.50
2012.03.21 04:26:38.335,1.32881,1.32903,2.25,1.50
2012.03.21 04:26:38.477,1.32878,1.32899,2.25,1.50
2012.03.21 04:26:39.033,1.32875,1.32899,2.25,2.25
2012.03.21 04:26:40.962,1.32875,1.32899,2.25,1.50
2012.03.21 04:26:41.503,1.32878,1.32901,2.25,2.25
2012.03.21 04:26:42.006,1.32878,1.32901,1.50,2.25
2012.03.21 04:26:44.023,1.32878,1.32901,2.25,2.25
2012.03.21 04:26:49.312,1.32878,1.32901,2.25,2.25
2012.03.21 04:26:53.321,1.32878,1.32901,2.25,2.25
2012.03.21 04:26:53.647,1.32878,1.32893,2.25,2.25
2012.03.21 04:26:53.712,1.32874,1.32893,2.25,2.25
2012.03.21 04:26:58.861,1.32877,1.329,2.25,3.75
2012.03.21 04:26:59.123,1.32877,1.329,3.00,1.50
2012.03.21 04:26:59.196,1.3288,1.32903,2.25,4.95
2012.03.21 04:26:59.704,1.3288,1.32903,2.25,4.50
2012.03.21 04:26:59.892,1.3288,1.32903,2.25,3.75
2012.03.21 04:27:01.672,1.32882,1.32903,2.25,2.25
2012.03.21 04:27:05.791,1.32882,1.32903,1.50,3.75
2012.03.21 04:27:05.991,1.32879,1.32903,2.25,3.00
2012.03.21 04:27:06.511,1.32879,1.32903,2.25,3.00
2012.03.21 04:27:06.582,1.32879,1.32903,2.25,3.00
2012.03.21 04:27:06.982,1.32879,1.32902,2.25,1.50
2012.03.21 04:27:20.921,1.32879,1.32903,1.50,3.75
2012.03.21 04:27:24.843,1.32879,1.32903,2.25,3.75
2012.03.21 04:27:28.901,1.32879,1.32903,2.25,3.00
2012.03.21 04:27:29.161,1.32883,1.32906,1.50,2.25
2012.03.21 04:27:50.141,1.32883,1.32906,2.25,2.25
2012.03.21 04:27:50.271,1.32885,1.32908,1.50,3.08
2012.03.21 04:27:52.472,1.32885,1.32908,1.50,1.50
2012.03.21 04:28:02.741,1.32882,1.32907,3.00,2.25
2012.03.21 04:28:03.551,1.32882,1.32907,3.00,2.25
2012.03.21 04:28:06.590,1.32882,1.32907,3.00,2.25
2012.03.21 04:28:09.085,1.32882,1.32907,3.75,3.00
2012.03.21 04:28:19.300,1.32882,1.32907,3.00,2.25
2012.03.21 04:28:23.592,1.32882,1.32905,2.25,1.50
2012.03.21 04:28:24.110,1.32882,1.32905,1.50,1.50
2012.03.21 04:28:54.289,1.32882,1.32906,2.25,1.50
2012.03.21 04:28:54.543,1.32882,1.32907,2.25,3.00
2012.03.21 04:28:54.742,1.32887,1.32909,1.50,2.25
2012.03.21 04:28:55.415,1.32887,1.32909,1.50,2.25
2012.03.21 04:28:55.486,1.32883,1.32909,2.25,3.75
2012.03.21 04:28:56.546,1.32883,1.32909,2.25,3.75
2012.03.21 04:28:59.470,1.32883,1.32909,2.25,3.75
2012.03.21 04:29:00.223,1.32883,1.32909,2.25,3.00
2012.03.21 04:29:00.773,1.32883,1.32907,2.25,1.50
2012.03.21 04:29:01.280,1.32882,1.32905,2.25,1.50
2012.03.21 04:29:02.060,1.32885,1.32907,2.25,1.50
2012.03.21 04:29:02.961,1.32885,1.32906,2.25,1.50
2012.03.21 04:29:03.292,1.32885,1.32908,2.25,3.00
2012.03.21 04:29:09.961,1.32885,1.32908,2.25,3.00
2012.03.21 04:29:17.930,1.32885,1.32908,2.25,1.50
2012.03.21 04:29:19.233,1.32885,1.32908,2.25,1.50
2012.03.21 04:29:19.362,1.32887,1.32912,2.25,1.50
2012.03.21 04:29:25.512,1.32887,1.32912,2.25,2.25
2012.03.21 04:29:25.582,1.32887,1.32911,2.25,1.50
2012.03.21 04:29:26.131,1.32885,1.32908,2.25,1.50
2012.03.21 04:29:29.612,1.32886,1.32908,1.50,1.50
2012.03.21 04:29:29.741,1.32887,1.32912,2.25,1.50
2012.03.21 04:29:31.618,1.32887,1.32912,2.25,1.50
2012.03.21 04:29:35.902,1.32889,1.32912,1.50,1.50
2012.03.21 04:29:36.414,1.32889,1.32915,3.00,2.25
2012.03.21 04:29:40.472,1.32889,1.32915,3.00,2.25
2012.03.21 04:29:44.313,1.32889,1.32913,2.25,1.50
2012.03.21 04:29:45.036,1.32887,1.32912,2.25,1.50
2012.03.21 04:29:46.082,1.3289,1.32915,2.25,1.50
2012.03.21 04:29:46.407,1.3289,1.32916,2.25,3.45
2012.03.21 04:29:46.486,1.3289,1.32916,2.25,4.20
2012.03.21 04:29:47.053,1.3289,1.32916,2.25,3.45
2012.03.21 04:29:48.062,1.32893,1.32917,2.25,1.20
2012.03.21 04:29:52.740,1.32893,1.32918,2.25,3.75
2012.03.21 04:30:00.243,1.32893,1.32915,2.25,1.58
2012.03.21 04:30:00.316,1.32893,1.32915,2.25,2.33
2012.03.21 04:30:00.383,1.32888,1.32912,1.50,1.50
2012.03.21 04:30:00.904,1.32889,1.32912,2.39,2.25
2012.03.21 04:30:01.453,1.32889,1.32912,2.39,1.50
2012.03.21 04:30:02.334,1.32889,1.32912,2.25,1.50
2012.03.21 04:30:02.466,1.32889,1.32912,2.25,1.50
2012.03.21 04:30:02.948,1.32889,1.32912,2.25,3.00
2012.03.21 04:30:03.095,1.32885,1.3291,2.25,2.25
2012.03.21 04:30:06.762,1.32886,1.3291,2.25,2.25
2012.03.21 04:30:07.729,1.32886,1.3291,2.25,1.50
2012.03.21 04:30:08.053,1.32886,1.3291,2.25,2.25
2012.03.21 04:30:08.593,1.32886,1.32909,2.25,1.50
2012.03.21 04:30:08.911,1.32882,1.32908,3.00,3.00
2012.03.21 04:30:09.304,1.32882,1.32908,3.00,3.00
2012.03.21 04:30:13.301,1.32882,1.32908,3.00,2.25
2012.03.21 04:30:18.017,1.32881,1.32903,2.25,1.13
2012.03.21 04:30:18.335,1.32878,1.32902,2.25,2.25
2012.03.21 04:30:18.664,1.32886,1.32906,1.50,1.20
2012.03.21 04:30:18.734,1.32882,1.32906,1.50,1.20
2012.03.21 04:30:19.063,1.3288,1.32905,2.25,2.25
2012.03.21 04:30:19.264,1.3288,1.32905,2.25,2.25
2012.03.21 04:30:24.335,1.32877,1.32903,2.25,2.25
2012.03.21 04:30:25.101,1.32877,1.32902,2.25,1.50
2012.03.21 04:30:25.824,1.32877,1.32903,2.25,2.25
2012.03.21 04:30:26.393,1.3288,1.32904,1.50,1.50
2012.03.21 04:30:32.691,1.3288,1.32905,2.25,3.00
2012.03.21 04:30:34.101,1.3288,1.32905,2.25,3.00
2012.03.21 04:30:35.601,1.3288,1.32905,2.25,3.00
2012.03.21 04:30:35.731,1.32877,1.32903,2.25,2.25
2012.03.21 04:30:36.084,1.3288,1.32905,1.50,3.00
2012.03.21 04:30:36.374,1.3288,1.32905,2.25,3.00
2012.03.21 04:30:36.869,1.32884,1.32906,2.25,1.13
2012.03.21 04:30:37.234,1.32887,1.3291,2.25,1.50
2012.03.21 04:30:38.960,1.32887,1.3291,2.25,1.50
2012.03.21 04:30:39.456,1.32885,1.32908,1.50,2.25
2012.03.21 04:30:39.644,1.32882,1.32906,2.25,3.00
2012.03.21 04:30:42.650,1.32882,1.32906,1.50,3.00
2012.03.21 04:30:43.093,1.32877,1.329,2.25,2.25
2012.03.21 04:30:43.222,1.32877,1.329,2.25,2.25
2012.03.21 04:30:46.015,1.32878,1.32902,1.50,1.50
2012.03.21 04:30:48.651,1.32878,1.32902,2.25,1.50
2012.03.21 04:30:53.371,1.32878,1.32903,2.25,1.50
2012.03.21 04:30:53.819,1.32882,1.32904,1.50,1.50
2012.03.21 04:30:57.736,1.32882,1.32904,1.50,2.25
2012.03.21 04:30:58.297,1.32882,1.32907,1.50,2.63
2012.03.21 04:31:00.114,1.32881,1.32904,1.50,1.50
2012.03.21 04:31:00.644,1.32879,1.32903,1.50,2.25
2012.03.21 04:31:02.634,1.32881,1.32904,1.50,2.25
2012.03.21 04:31:02.766,1.32879,1.32903,1.64,2.25
2012.03.21 04:31:03.531,1.32878,1.329,1.58,2.25
2012.03.21 04:31:05.713,1.32876,1.32898,1.64,1.50
2012.03.21 04:31:06.261,1.32875,1.32898,2.39,2.25
2012.03.21 04:31:06.863,1.32875,1.32898,1.64,2.25
2012.03.21 04:31:07.432,1.32875,1.32898,1.64,2.25
2012.03.21 04:31:08.112,1.32875,1.32898,1.64,2.25
2012.03.21 04:31:17.019,1.32875,1.32898,1.64,2.25
2012.03.21 04:31:20.510,1.32875,1.32898,2.46,2.25
2012.03.21 04:31:21.309,1.32875,1.32898,2.46,2.25
2012.03.21 04:31:22.474,1.32875,1.32898,2.46,2.25
2012.03.21 04:31:23.651,1.32875,1.32898,1.71,2.25
2012.03.21 04:31:24.181,1.32873,1.32895,1.50,1.50
2012.03.21 04:31:24.501,1.32871,1.32895,1.71,2.25
2012.03.21 04:31:27.581,1.32872,1.32896,2.25,1.50
2012.03.21 04:31:30.306,1.32872,1.32898,2.25,2.25
2012.03.21 04:31:30.375,1.32872,1.32898,2.39,1.50
2012.03.21 04:31:30.575,1.32879,1.32903,1.50,3.00
2012.03.21 04:31:31.104,1.32879,1.32903,2.25,3.00
2012.03.21 04:31:34.652,1.32877,1.329,2.25,1.50
2012.03.21 04:31:39.265,1.32879,1.32903,2.25,2.25
2012.03.21 04:31:47.826,1.32879,1.32903,3.21,2.25
2012.03.21 04:31:50.336,1.32881,1.32904,1.50,2.25
2012.03.21 04:31:50.677,1.32896,1.32919,2.33,2.25
2012.03.21 04:31:50.935,1.32898,1.32923,3.00,2.25
2012.03.21 04:31:51.645,1.32896,1.32921,1.58,2.25
2012.03.21 04:31:51.964,1.32893,1.32916,4.50,1.50
2012.03.21 04:31:54.179,1.32893,1.32916,4.50,2.25
2012.03.21 04:31:54.532,1.32893,1.32916,4.50,1.50
2012.03.21 04:31:57.222,1.32893,1.32916,4.50,1.50
2012.03.21 04:32:01.042,1.32898,1.3292,1.50,2.25
2012.03.21 04:32:01.172,1.32898,1.3292,1.50,3.00
2012.03.21 04:32:01.922,1.32897,1.3292,1.50,3.00
2012.03.21 04:32:02.435,1.32897,1.32919,1.50,1.50
2012.03.21 04:32:02.502,1.32896,1.3292,1.50,2.25
2012.03.21 04:32:03.066,1.32894,1.3292,3.00,2.25
2012.03.21 04:32:05.102,1.32894,1.3292,3.00,1.50
2012.03.21 04:32:05.506,1.32894,1.3292,3.00,2.25
2012.03.21 04:32:07.455,1.32894,1.3292,3.08,1.50
2012.03.21 04:32:07.592,1.32895,1.3292,1.64,1.50
2012.03.21 04:32:07.726,1.32897,1.32922,2.25,1.50
2012.03.21 04:32:08.394,1.32902,1.32925,1.50,3.00
2012.03.21 04:32:08.990,1.32897,1.32922,2.25,1.50
2012.03.21 04:32:09.761,1.32897,1.32922,2.39,1.50
2012.03.21 04:32:10.598,1.32901,1.32922,1.50,1.50
2012.03.21 04:32:10.736,1.32901,1.32925,1.50,1.50
2012.03.21 04:32:11.768,1.32899,1.32925,3.14,2.25
2012.03.21 04:32:12.029,1.32899,1.32922,1.50,1.50
2012.03.21 04:32:12.104,1.32899,1.32922,1.50,2.25
2012.03.21 04:32:12.972,1.32897,1.32922,2.39,2.25
2012.03.21 04:32:13.104,1.32896,1.3292,1.64,1.50
2012.03.21 04:32:13.823,1.32898,1.32921,2.25,1.50
2012.03.21 04:32:14.682,1.32898,1.32921,2.25,2.25
2012.03.21 04:32:15.012,1.32894,1.32918,3.75,1.50
2012.03.21 04:32:18.122,1.32894,1.32918,3.00,2.25
2012.03.21 04:32:18.725,1.32894,1.32918,3.00,2.25
2012.03.21 04:32:19.202,1.32898,1.32918,1.50,2.25
2012.03.21 04:32:19.542,1.32897,1.32916,1.50,1.50
2012.03.21 04:32:21.444,1.32897,1.32916,1.50,1.50
2012.03.21 04:32:21.517,1.32898,1.32921,2.25,2.25
2012.03.21 04:32:21.718,1.32898,1.32921,2.25,3.00
2012.03.21 04:32:22.054,1.32893,1.32916,5.59,1.50
2012.03.21 04:32:23.974,1.32898,1.32916,1.50,1.50
2012.03.21 04:32:24.043,1.32898,1.32922,1.50,2.25
2012.03.21 04:32:24.116,1.32898,1.32921,2.25,1.50
2012.03.21 04:32:24.651,1.32895,1.32918,1.50,1.50
2012.03.21 04:32:28.345,1.32899,1.32923,2.25,3.00
2012.03.21 04:32:28.892,1.32899,1.32923,2.25,2.25
2012.03.21 04:32:31.627,1.32903,1.32926,2.25,2.25
2012.03.21 04:32:31.700,1.32903,1.32926,2.25,1.50
2012.03.21 04:32:32.296,1.32904,1.32929,2.25,1.50
2012.03.21 04:32:32.575,1.32902,1.32926,2.46,1.50
2012.03.21 04:32:32.894,1.32903,1.32926,1.64,2.25
2012.03.21 04:32:34.118,1.32904,1.32929,2.25,2.25
2012.03.21 04:32:34.523,1.32908,1.32931,2.25,3.00
2012.03.21 04:32:35.250,1.32904,1.32929,3.96,1.50
2012.03.21 04:32:36.689,1.32904,1.32929,2.25,1.50
2012.03.21 04:32:37.962,1.32904,1.32929,2.25,2.25
2012.03.21 04:32:38.094,1.32902,1.32925,3.00,1.50
2012.03.21 04:32:38.163,1.32902,1.32925,2.25,1.50
2012.03.21 04:32:38.503,1.32906,1.32925,2.46,1.50
2012.03.21 04:32:38.856,1.32915,1.32941,2.25,2.25
2012.03.21 04:32:39.421,1.32912,1.32935,3.00,2.25
2012.03.21 04:32:41.295,1.32912,1.32934,3.00,2.25
2012.03.21 04:32:41.364,1.32912,1.32933,2.25,1.50
2012.03.21 04:32:41.703,1.32912,1.32933,3.08,2.25
2012.03.21 04:32:42.033,1.32915,1.3294,2.25,2.70
2012.03.21 04:32:42.569,1.32915,1.3294,2.25,2.25
2012.03.21 04:32:43.171,1.32915,1.3294,2.25,2.25
2012.03.21 04:32:44.483,1.32917,1.3294,1.50,1.50
2012.03.21 04:32:44.624,1.32918,1.32943,3.00,2.25
2012.03.21 04:32:45.013,1.32924,1.32946,2.25,1.50
2012.03.21 04:32:46.242,1.32924,1.32947,2.25,2.25
2012.03.21 04:32:46.792,1.32924,1.32947,1.50,2.25
2012.03.21 04:32:47.655,1.32919,1.32945,3.14,2.25
2012.03.21 04:32:48.002,1.32919,1.32945,3.14,2.25
2012.03.21 04:32:50.693,1.32919,1.32945,3.00,2.25
2012.03.21 04:32:52.364,1.32919,1.32944,1.50,1.50
2012.03.21 04:32:52.794,1.32917,1.32939,2.25,1.50
2012.03.21 04:32:52.983,1.32914,1.32937,2.25,2.25
2012.03.21 04:32:53.245,1.32914,1.32934,2.25,1.50
2012.03.21 04:32:53.453,1.32912,1.32935,3.00,2.25
2012.03.21 04:32:54.544,1.32912,1.32935,3.00,2.25
2012.03.21 04:32:55.106,1.32913,1.32935,1.50,1.50
2012.03.21 04:32:55.587,1.32915,1.32935,2.33,1.50
2012.03.21 04:32:55.653,1.32917,1.32939,1.58,2.25
2012.03.21 04:32:55.795,1.32918,1.32939,1.50,1.50
2012.03.21 04:32:55.863,1.32918,1.32943,3.00,2.25
2012.03.21 04:32:59.729,1.32921,1.32946,2.25,2.25
2012.03.21 04:32:59.945,1.32924,1.32947,1.50,3.00
2012.03.21 04:33:00.214,1.32922,1.32945,3.14,2.25
2012.03.21 04:33:00.343,1.32922,1.32945,2.39,2.25
2012.03.21 04:33:03.575,1.32924,1.32944,1.50,1.50
2012.03.21 04:33:03.644,1.32922,1.32944,2.39,1.50
2012.03.21 04:33:04.255,1.32922,1.32945,2.25,2.25
2012.03.21 04:33:07.766,1.32922,1.32943,2.25,1.50
2012.03.21 04:33:26.908,1.32922,1.32944,3.00,2.25
2012.03.21 04:33:28.009,1.32922,1.32943,2.25,1.50
2012.03.21 04:33:47.086,1.32917,1.32941,3.00,1.58
2012.03.21 04:33:47.441,1.32915,1.32939,1.64,2.25
2012.03.21 04:33:47.520,1.32912,1.32935,3.00,2.25
2012.03.21 04:33:47.598,1.32912,1.32935,3.00,2.25
2012.03.21 04:33:47.724,1.32913,1.32935,1.50,2.25
2012.03.21 04:33:48.698,1.32914,1.32935,1.50,1.50
2012.03.21 04:33:48.927,1.32919,1.3294,2.25,1.95
2012.03.21 04:33:49.068,1.32919,1.3294,3.00,1.95
2012.03.21 04:33:49.429,1.32919,1.32945,3.00,2.25
2012.03.21 04:33:49.504,1.32919,1.32945,3.00,2.25
2012.03.21 04:33:50.040,1.32918,1.32939,3.00,1.50
2012.03.21 04:33:50.367,1.32916,1.32939,3.00,1.50
2012.03.21 04:33:51.133,1.32916,1.32939,3.00,2.25
2012.03.21 04:33:51.583,1.32918,1.32939,1.50,2.25
2012.03.21 04:33:51.775,1.32916,1.32939,3.00,2.25
2012.03.21 04:33:53.247,1.32916,1.32939,3.00,2.25
2012.03.21 04:33:53.626,1.32916,1.32939,2.25,2.25
2012.03.21 04:33:53.973,1.32916,1.32939,2.25,2.25
2012.03.21 04:33:55.284,1.32916,1.32939,2.25,2.25
2012.03.21 04:33:56.672,1.32912,1.32936,2.25,1.50
2012.03.21 04:34:00.488,1.32912,1.32936,2.39,1.50
2012.03.21 04:34:00.762,1.32912,1.32936,2.39,2.25
2012.03.21 04:34:01.205,1.32912,1.32936,2.39,1.50
2012.03.21 04:34:01.626,1.32916,1.32936,1.50,1.50
2012.03.21 04:34:01.695,1.32914,1.32938,3.00,2.25
2012.03.21 04:34:05.163,1.32916,1.32938,1.50,2.25
2012.03.21 04:34:05.380,1.32914,1.32938,2.25,2.25
2012.03.21 04:34:05.524,1.32914,1.32938,3.75,2.25
2012.03.21 04:34:06.071,1.32917,1.32941,2.33,2.25
2012.03.21 04:34:06.218,1.32917,1.32941,2.33,2.25
2012.03.21 04:34:08.510,1.32917,1.32941,1.58,2.25
2012.03.21 04:34:08.784,1.32917,1.32941,1.58,2.25
2012.03.21 04:34:09.137,1.32919,1.32941,1.64,2.25
2012.03.21 04:34:09.490,1.3292,1.32945,2.25,2.25
2012.03.21 04:34:10.032,1.32921,1.32945,3.75,1.50
2012.03.21 04:34:10.393,1.32925,1.3295,2.25,2.25
2012.03.21 04:34:10.609,1.32927,1.3295,2.25,1.50
2012.03.21 04:34:10.759,1.32927,1.32952,3.75,2.25
2012.03.21 04:34:11.188,1.32929,1.3295,2.33,1.50
2012.03.21 04:34:11.515,1.32929,1.3295,2.33,1.50
2012.03.21 04:34:12.963,1.32928,1.3295,1.50,2.25
2012.03.21 04:34:13.272,1.32929,1.3295,1.50,1.50
2012.03.21 04:34:14.482,1.32929,1.3295,1.50,2.25
2012.03.21 04:34:14.694,1.32925,1.3295,1.50,2.25
2012.03.21 04:34:15.679,1.32925,1.3295,1.50,2.25
2012.03.21 04:34:17.139,1.32927,1.32952,3.00,2.25
2012.03.21 04:34:20.036,1.32927,1.32952,3.00,2.25
2012.03.21 04:34:20.741,1.32927,1.32952,3.00,2.25
2012.03.21 04:34:22.498,1.32927,1.32952,3.00,2.25
2012.03.21 04:34:28.621,1.32927,1.32952,3.00,2.25
2012.03.21 04:34:31.258,1.32927,1.32952,3.00,2.25
2012.03.21 04:34:32.215,1.32931,1.32952,1.50,1.50
2012.03.21 04:34:32.557,1.32939,1.32964,2.25,2.25
2012.03.21 04:34:32.754,1.32942,1.32964,1.50,2.25
2012.03.21 04:34:33.088,1.32942,1.32967,1.50,2.25
2012.03.21 04:34:33.305,1.32942,1.32967,1.50,2.25
2012.03.21 04:34:33.565,1.32944,1.3297,3.00,2.25
2012.03.21 04:34:34.515,1.32944,1.3297,3.00,2.25
2012.03.21 04:34:34.649,1.32942,1.32966,3.00,1.50
2012.03.21 04:34:35.082,1.3294,1.32963,1.71,2.25
2012.03.21 04:34:35.547,1.3294,1.32963,1.58,2.25
2012.03.21 04:34:35.877,1.32938,1.32963,2.39,2.25
2012.03.21 04:34:36.019,1.32936,1.32959,3.21,2.25
2012.03.21 04:34:36.376,1.32936,1.32959,1.64,3.00
2012.03.21 04:34:36.657,1.3293,1.32955,6.21,2.25
2012.03.21 04:34:37.429,1.3293,1.32955,3.08,2.25
2012.03.21 04:34:37.576,1.32928,1.32951,1.50,2.25
2012.03.21 04:34:37.835,1.32928,1.32951,1.64,2.25
2012.03.21 04:34:38.275,1.32924,1.3295,2.39,2.25
2012.03.21 04:34:38.620,1.32922,1.32946,5.46,2.25
2012.03.21 04:34:38.703,1.32922,1.32944,4.58,1.50
2012.03.21 04:34:39.296,1.32919,1.32942,3.96,2.25
2012.03.21 04:34:39.364,1.32919,1.32942,3.21,1.50
2012.03.21 04:34:39.555,1.32919,1.3294,1.71,1.50
2012.03.21 04:34:40.772,1.32922,1.3294,1.58,1.50
2012.03.21 04:34:41.198,1.32922,1.32944,3.21,2.25
2012.03.21 04:34:41.340,1.32924,1.32947,1.50,3.00
2012.03.21 04:34:41.415,1.32922,1.32943,1.58,2.25
2012.03.21 04:34:41.936,1.3292,1.32943,1.50,2.25
2012.03.21 04:34:43.255,1.32922,1.32945,2.25,1.50
2012.03.21 04:34:43.330,1.32922,1.32945,4.58,1.50
2012.03.21 04:34:43.475,1.32926,1.32949,1.50,2.25
2012.03.21 04:34:44.026,1.32926,1.32949,3.75,2.25
2012.03.21 04:34:44.234,1.32926,1.32949,3.75,2.25
2012.03.21 04:34:44.796,1.32926,1.32949,3.00,2.25
2012.03.21 04:34:45.176,1.32929,1.32949,2.33,2.25
2012.03.21 04:34:46.996,1.32931,1.32954,1.50,1.50
2012.03.21 04:34:48.737,1.32929,1.32952,2.39,2.25
2012.03.21 04:34:49.293,1.32926,1.3295,3.21,2.25
2012.03.21 04:34:50.286,1.32926,1.3295,3.21,2.25
2012.03.21 04:34:50.949,1.32926,1.32948,2.39,1.50
2012.03.21 04:34:51.294,1.32917,1.32943,2.46,2.25
2012.03.21 04:34:51.362,1.32917,1.32943,2.46,2.25
2012.03.21 04:34:51.672,1.32918,1.32943,1.58,2.25
2012.03.21 04:34:51.954,1.32918,1.32943,2.33,2.25
2012.03.21 04:34:52.085,1.32921,1.32944,1.50,1.50
2012.03.21 04:34:52.152,1.32921,1.32945,2.25,2.25
2012.03.21 04:34:52.513,1.32921,1.32945,2.25,3.00
2012.03.21 04:34:52.842,1.32921,1.32943,1.50,1.50
2012.03.21 04:34:53.326,1.32921,1.32945,1.50,2.25
2012.03.21 04:34:53.616,1.32921,1.32945,3.00,2.25
2012.03.21 04:34:53.897,1.32923,1.32948,2.25,3.00
2012.03.21 04:34:54.535,1.32925,1.32948,2.25,3.00
2012.03.21 04:34:54.667,1.32926,1.32948,1.50,3.00
2012.03.21 04:34:55.063,1.32927,1.32948,1.50,1.50
2012.03.21 04:34:57.783,1.32928,1.32948,1.50,2.25
2012.03.21 04:34:57.926,1.32921,1.32945,3.00,1.50
2012.03.21 04:34:57.995,1.3292,1.32943,1.50,1.50
2012.03.21 04:34:58.583,1.32918,1.32943,2.25,1.50
2012.03.21 04:34:59.117,1.32921,1.32946,2.25,2.25
2012.03.21 04:34:59.188,1.32921,1.32946,2.25,2.25
2012.03.21 04:35:00.554,1.32921,1.32946,2.25,2.25
2012.03.21 04:35:02.352,1.32921,1.32946,2.25,2.25
2012.03.21 04:35:05.225,1.32921,1.32946,2.25,2.25
2012.03.21 04:35:05.411,1.32922,1.32946,1.50,2.25
2012.03.21 04:35:08.521,1.32922,1.32946,1.50,2.25
2012.03.21 04:35:09.605,1.32925,1.32946,1.58,2.25
2012.03.21 04:35:09.746,1.32926,1.3295,1.71,2.25
2012.03.21 04:35:09.946,1.32927,1.3295,1.58,2.25
2012.03.21 04:35:10.504,1.32928,1.32953,2.25,2.25
2012.03.21 04:35:22.538,1.32928,1.32953,3.08,2.25
2012.03.21 04:35:24.322,1.3293,1.32956,1.50,2.25
2012.03.21 04:35:24.836,1.3293,1.32956,2.25,2.25
2012.03.21 04:35:35.301,1.3293,1.32956,2.25,2.25
2012.03.21 04:35:35.901,1.3293,1.32956,2.25,2.25
2012.03.21 04:35:38.927,1.3293,1.32956,2.25,2.25
2012.03.21 04:35:39.970,1.32933,1.32958,1.50,2.25
2012.03.21 04:35:40.123,1.32933,1.32958,1.50,3.00
2012.03.21 04:35:40.331,1.32933,1.32958,2.25,3.00
2012.03.21 04:35:40.864,1.32939,1.32963,2.25,2.25
2012.03.21 04:35:41.395,1.32941,1.32966,3.83,2.25
2012.03.21 04:35:43.582,1.32941,1.32966,3.96,2.25
2012.03.21 04:35:54.431,1.32939,1.32963,2.33,1.50
2012.03.21 04:35:54.985,1.32939,1.32963,1.58,2.25
2012.03.21 04:35:55.347,1.32939,1.3296,1.58,1.50
2012.03.21 04:35:56.095,1.32937,1.3296,1.64,1.50
2012.03.21 04:35:56.612,1.32937,1.3296,1.64,1.50
2012.03.21 04:35:58.103,1.32937,1.3296,1.64,3.08
2012.03.21 04:35:58.173,1.32937,1.32958,1.64,1.50
2012.03.21 04:35:58.246,1.32936,1.32958,2.39,2.25
2012.03.21 04:35:58.583,1.32927,1.32949,1.71,1.50
2012.03.21 04:35:58.904,1.32925,1.32949,2.39,2.25
2012.03.21 04:35:59.430,1.32925,1.32949,2.25,1.50
2012.03.21 04:36:00.893,1.32925,1.32949,2.25,1.50
2012.03.21 04:36:01.117,1.32922,1.32944,2.25,1.50
2012.03.21 04:36:01.574,1.3292,1.32941,1.50,1.50
2012.03.21 04:36:02.077,1.32925,1.3295,2.25,1.50
2012.03.21 04:36:02.833,1.32925,1.3295,2.25,1.50
2012.03.21 04:36:04.204,1.32928,1.32952,2.25,2.25
2012.03.21 04:36:04.752,1.32928,1.32952,2.25,1.50
2012.03.21 04:36:06.112,1.32928,1.32952,2.25,1.50
2012.03.21 04:36:06.737,1.32924,1.32949,2.25,2.25
2012.03.21 04:36:06.802,1.32924,1.32949,2.25,2.25
2012.03.21 04:36:06.933,1.32924,1.32949,2.25,2.25
2012.03.21 04:36:07.467,1.32926,1.32951,3.00,1.95
2012.03.21 04:36:07.537,1.3293,1.32951,1.50,1.50
2012.03.21 04:36:07.664,1.3293,1.32955,1.50,2.25
2012.03.21 04:36:08.172,1.3293,1.32955,1.50,2.25
2012.03.21 04:36:08.794,1.3293,1.32955,1.50,1.50
2012.03.21 04:36:11.015,1.32934,1.32957,2.25,2.25
2012.03.21 04:36:11.143,1.32934,1.32957,2.25,1.50
2012.03.21 04:36:13.074,1.32937,1.32961,2.25,2.70
2012.03.21 04:36:13.204,1.32938,1.32962,2.25,2.25
2012.03.21 04:36:13.726,1.32938,1.32962,2.25,2.25
2012.03.21 04:36:14.064,1.32941,1.32967,2.25,2.25
2012.03.21 04:36:20.084,1.32938,1.32963,2.25,1.50
2012.03.21 04:36:21.147,1.32938,1.32963,3.00,1.50
2012.03.21 04:36:21.522,1.32938,1.32963,3.00,1.50
2012.03.21 04:36:27.916,1.32938,1.32963,3.00,1.50
2012.03.21 04:36:28.163,1.32939,1.32963,1.50,2.25
2012.03.21 04:36:28.234,1.32939,1.32959,1.50,1.50
2012.03.21 04:36:29.020,1.32939,1.32962,1.50,1.50
2012.03.21 04:36:41.322,1.32939,1.32962,1.50,3.00
2012.03.21 04:36:41.394,1.32939,1.32961,1.50,1.50
2012.03.21 04:36:43.516,1.32938,1.3296,1.50,3.53
2012.03.21 04:36:43.645,1.32934,1.32957,2.25,1.50
2012.03.21 04:36:44.038,1.32934,1.32959,2.25,2.63
2012.03.21 04:36:45.050,1.32932,1.32954,1.50,1.50
2012.03.21 04:36:45.203,1.32936,1.32958,1.50,2.25
2012.03.21 04:36:45.280,1.32936,1.32958,1.50,1.50
2012.03.21 04:36:45.438,1.32938,1.32961,2.25,1.95
2012.03.21 04:36:45.764,1.32943,1.32964,2.25,1.50
2012.03.21 04:36:47.263,1.3294,1.32964,2.25,3.00
2012.03.21 04:36:47.755,1.32943,1.32964,1.50,2.25
2012.03.21 04:36:48.003,1.32944,1.32967,2.25,2.25
2012.03.21 04:36:48.080,1.32944,1.32967,2.25,3.00
2012.03.21 04:36:55.225,1.3294,1.32965,2.25,2.25
2012.03.21 04:36:55.542,1.32938,1.32961,2.25,1.50
2012.03.21 04:36:57.078,1.32938,1.32961,2.25,1.50
2012.03.21 04:37:05.825,1.32938,1.32961,2.25,1.50
2012.03.21 04:37:05.894,1.32935,1.32959,2.25,1.50
2012.03.21 04:37:10.586,1.32939,1.32961,1.50,1.50
2012.03.21 04:37:10.865,1.3294,1.32964,2.25,2.25
2012.03.21 04:37:10.933,1.3294,1.32964,2.25,2.25
2012.03.21 04:37:17.744,1.32943,1.32966,2.25,1.50
2012.03.21 04:37:18.390,1.3294,1.32965,1.50,1.50
2012.03.21 04:37:30.311,1.32939,1.32965,3.96,1.50
2012.03.21 04:37:30.449,1.32939,1.32961,2.46,1.50
2012.03.21 04:37:30.754,1.32939,1.32961,2.33,1.50
2012.03.21 04:37:40.263,1.3294,1.32964,2.25,1.50
2012.03.21 04:37:45.334,1.32943,1.32966,2.25,2.25
2012.03.21 04:37:47.318,1.32939,1.32964,3.08,1.50
2012.03.21 04:37:58.895,1.32939,1.32964,3.08,1.50
2012.03.21 04:38:00.683,1.32939,1.32964,3.08,2.25
2012.03.21 04:38:01.189,1.32939,1.32963,2.25,1.50
2012.03.21 04:38:10.683,1.32939,1.32964,3.00,2.25
2012.03.21 04:38:11.411,1.32939,1.32963,2.25,1.50
2012.03.21 04:38:11.613,1.32936,1.32961,3.00,1.50
2012.03.21 04:38:13.584,1.32941,1.32964,1.50,2.25
2012.03.21 04:38:13.845,1.32943,1.32964,1.50,1.50
2012.03.21 04:38:13.975,1.32943,1.32967,1.50,2.25
2012.03.21 04:38:14.764,1.32943,1.32967,1.50,2.25
2012.03.21 04:38:17.154,1.32947,1.3297,1.50,2.25
2012.03.21 04:38:17.302,1.32947,1.3297,2.25,2.25
2012.03.21 04:38:17.803,1.3295,1.32973,1.50,2.25
2012.03.21 04:38:18.322,1.3295,1.32973,2.25,2.25
2012.03.21 04:38:22.222,1.32947,1.3297,3.75,2.25
2012.03.21 04:38:24.056,1.32947,1.3297,3.75,2.25
2012.03.21 04:38:24.620,1.32947,1.32969,3.00,1.50
2012.03.21 04:38:28.608,1.32946,1.32968,1.50,3.00
2012.03.21 04:38:28.912,1.32944,1.32968,2.25,3.00
2012.03.21 04:38:29.162,1.32944,1.32968,2.25,3.00
2012.03.21 04:38:35.724,1.32944,1.32968,2.25,3.00
2012.03.21 04:38:35.856,1.32944,1.32968,2.25,3.00
2012.03.21 04:38:36.303,1.32943,1.32966,1.50,1.50
2012.03.21 04:38:37.683,1.32942,1.32966,1.50,1.50
2012.03.21 04:38:37.993,1.32938,1.32961,2.25,1.50
2012.03.21 04:38:45.071,1.32939,1.32961,1.50,1.50
2012.03.21 04:38:49.243,1.32938,1.32961,2.25,1.50
2012.03.21 04:38:50.704,1.32938,1.32961,2.25,2.25
2012.03.21 04:39:05.908,1.32938,1.32961,2.25,2.25
2012.03.21 04:39:06.212,1.32938,1.32961,2.25,2.25
2012.03.21 04:39:08.398,1.32935,1.32958,3.00,2.25
2012.03.21 04:39:16.999,1.32937,1.32958,1.50,2.25
2012.03.21 04:39:18.039,1.32938,1.32961,2.25,2.25
2012.03.21 04:39:18.097,1.3294,1.32964,2.25,2.25
2012.03.21 04:39:18.303,1.32938,1.32961,1.50,2.25
2012.03.21 04:39:21.535,1.32937,1.32959,1.50,2.25
2012.03.21 04:39:22.154,1.32938,1.32961,2.25,2.25
2012.03.21 04:39:22.702,1.32938,1.32961,2.25,2.25
2012.03.21 04:39:23.413,1.32938,1.32959,1.50,1.50
2012.03.21 04:39:23.489,1.32938,1.32963,3.00,3.00
2012.03.21 04:39:23.693,1.32938,1.32963,3.00,2.25
2012.03.21 04:39:36.624,1.32935,1.32958,2.39,1.58
2012.03.21 04:39:36.695,1.32935,1.32958,2.39,2.33
2012.03.21 04:39:36.839,1.32932,1.32952,1.26,1.50
2012.03.21 04:39:37.028,1.32934,1.32959,2.39,1.50
2012.03.21 04:39:37.690,1.32934,1.32958,2.39,1.50
2012.03.21 04:39:38.204,1.32934,1.32958,2.39,1.50
2012.03.21 04:39:38.711,1.32934,1.32958,2.39,1.88
2012.03.21 04:39:39.282,1.32934,1.32958,2.25,1.88
2012.03.21 04:39:42.830,1.32931,1.32957,2.25,3.00
2012.03.21 04:39:42.907,1.32931,1.32957,1.50,3.00
2012.03.21 04:39:43.454,1.32931,1.32956,1.50,1.13
2012.03.21 04:39:43.973,1.32931,1.32956,1.50,1.13
2012.03.21 04:39:44.235,1.32931,1.32957,4.50,3.38
2012.03.21 04:39:44.363,1.32935,1.32957,1.50,1.88
2012.03.21 04:39:44.435,1.32935,1.32957,2.25,1.88
2012.03.21 04:39:44.635,1.32935,1.32957,1.50,1.50
2012.03.21 04:39:45.274,1.32935,1.32959,2.25,2.25
2012.03.21 04:39:47.913,1.32935,1.32959,2.25,2.63
2012.03.21 04:39:48.511,1.32935,1.32959,1.50,3.38
2012.03.21 04:39:51.114,1.32931,1.32954,1.64,3.00
2012.03.21 04:39:51.254,1.32931,1.32954,2.39,2.25
2012.03.21 04:39:51.654,1.32933,1.32954,1.50,1.13
2012.03.21 04:39:54.017,1.3293,1.32954,2.25,1.13
2012.03.21 04:39:54.578,1.3293,1.32956,2.25,2.25
2012.03.21 04:39:56.146,1.3293,1.32955,2.25,1.13
2012.03.21 04:40:00.972,1.3293,1.32953,2.25,1.13
2012.03.21 04:40:01.643,1.3293,1.32953,2.25,1.13
2012.03.21 04:40:01.715,1.3293,1.32953,2.25,1.13
2012.03.21 04:40:04.187,1.3293,1.32956,3.75,2.25
2012.03.21 04:40:04.790,1.3293,1.32956,3.75,2.25
2012.03.21 04:40:05.077,1.32931,1.32956,1.50,2.25
2012.03.21 04:40:05.554,1.32934,1.32957,1.50,2.25
2012.03.21 04:40:06.147,1.32934,1.32957,1.64,2.25
2012.03.21 04:40:07.059,1.32934,1.32957,1.64,2.25
2012.03.21 04:40:07.282,1.32934,1.32957,1.64,2.25
2012.03.21 04:40:07.360,1.32931,1.32956,2.01,2.25
2012.03.21 04:40:07.515,1.3293,1.32955,2.76,1.50
2012.03.21 04:40:07.976,1.32929,1.32949,2.01,1.50
2012.03.21 04:40:08.059,1.32931,1.32955,2.01,2.25
2012.03.21 04:40:11.198,1.32929,1.32949,1.50,1.50
2012.03.21 04:40:11.271,1.32929,1.32953,1.64,2.25
2012.03.21 04:40:13.544,1.32931,1.32956,2.25,2.25
2012.03.21 04:40:14.335,1.32931,1.32956,2.25,2.25
2012.03.21 04:40:14.638,1.32931,1.32956,2.25,2.25
2012.03.21 04:40:15.164,1.32931,1.32953,2.25,1.13
2012.03.21 04:40:16.032,1.32931,1.32953,2.25,1.13
2012.03.21 04:40:16.182,1.32931,1.32953,3.00,1.13
2012.03.21 04:40:16.466,1.32931,1.32955,3.75,1.50
2012.03.21 04:40:16.598,1.32935,1.32955,1.50,1.50
2012.03.21 04:40:18.040,1.32935,1.32953,1.50,2.25
2012.03.21 04:40:18.192,1.32928,1.32951,3.14,1.50
2012.03.21 04:40:18.339,1.32928,1.3295,2.39,1.50
2012.03.21 04:40:18.786,1.32927,1.3295,1.64,3.00
2012.03.21 04:40:19.326,1.32928,1.3295,1.50,1.50
2012.03.21 04:40:19.896,1.32926,1.32949,2.25,2.25
2012.03.21 04:40:22.277,1.32926,1.32949,2.25,2.25
2012.03.21 04:40:22.350,1.32929,1.32951,1.50,1.50
2012.03.21 04:40:28.505,1.32925,1.3295,3.14,2.25
2012.03.21 04:40:29.141,1.32928,1.32951,1.50,2.25
2012.03.21 04:40:31.074,1.32928,1.3295,1.50,1.50
2012.03.21 04:40:31.684,1.32925,1.32948,2.39,2.25
2012.03.21 04:40:33.505,1.32925,1.32948,2.25,2.25
2012.03.21 04:40:36.006,1.32927,1.32951,1.50,1.50
2012.03.21 04:40:36.195,1.32927,1.32951,1.50,1.50
2012.03.21 04:40:40.916,1.32927,1.32951,1.50,1.50
2012.03.21 04:40:41.575,1.32927,1.32951,1.50,1.50
2012.03.21 04:40:42.944,1.32928,1.32952,1.88,2.25
2012.03.21 04:40:48.603,1.32928,1.32952,1.50,3.00
2012.03.21 04:40:51.763,1.32928,1.32948,1.50,1.50
2012.03.21 04:40:54.464,1.32928,1.32948,1.50,1.50
2012.03.21 04:40:57.800,1.32926,1.32948,1.26,1.50
2012.03.21 04:40:58.223,1.32927,1.32951,2.39,3.00
2012.03.21 04:40:59.466,1.32928,1.32951,1.71,2.25
2012.03.21 04:41:05.886,1.32928,1.32951,1.71,1.50
2012.03.21 04:41:06.929,1.32927,1.32948,2.39,1.50
2012.03.21 04:41:07.506,1.32927,1.32948,1.50,1.50
2012.03.21 04:41:08.035,1.32927,1.32948,1.50,1.50
2012.03.21 04:41:09.503,1.32928,1.32949,1.50,1.50
2012.03.21 04:41:09.999,1.32928,1.32945,1.50,1.50
2012.03.21 04:41:14.055,1.32923,1.32945,1.64,1.50
2012.03.21 04:41:16.403,1.32923,1.32947,1.64,1.50
2012.03.21 04:41:17.559,1.32926,1.32951,2.25,2.25
2012.03.21 04:41:18.093,1.32923,1.32947,5.46,1.50
2012.03.21 04:41:22.412,1.32923,1.32947,2.39,3.00
2012.03.21 04:41:22.734,1.3292,1.32944,3.21,1.50
2012.03.21 04:41:24.595,1.32923,1.32946,2.39,1.50
2012.03.21 04:41:27.996,1.32923,1.32946,2.25,3.00
2012.03.21 04:41:28.784,1.32924,1.32947,2.39,1.50
2012.03.21 04:41:32.128,1.32923,1.32946,2.25,1.50
2012.03.21 04:41:32.754,1.3292,1.32944,3.14,1.50
2012.03.21 04:41:33.316,1.3292,1.32944,3.14,1.50
2012.03.21 04:41:33.893,1.3292,1.32944,3.14,1.50
2012.03.21 04:41:37.293,1.3292,1.32944,3.14,1.50
2012.03.21 04:41:50.624,1.32918,1.3294,2.46,1.50
2012.03.21 04:41:54.547,1.32918,1.3294,1.64,1.50
2012.03.21 04:42:23.169,1.32917,1.3294,2.25,1.50
2012.03.21 04:42:50.875,1.32916,1.32944,2.46,1.50
2012.03.21 04:42:51.983,1.32916,1.32944,2.46,1.50
2012.03.21 04:42:52.972,1.32916,1.32944,2.46,1.50
2012.03.21 04:42:58.234,1.32918,1.32944,2.39,3.00
2012.03.21 04:42:58.423,1.32918,1.32944,3.14,2.25
2012.03.21 04:43:04.711,1.32927,1.32947,1.58,1.50
2012.03.21 04:43:04.787,1.32927,1.32947,1.58,1.50
2012.03.21 04:43:04.926,1.32927,1.3295,2.33,1.50
2012.03.21 04:43:05.496,1.32923,1.32948,1.64,1.50
2012.03.21 04:43:05.814,1.32922,1.32948,3.14,1.50
2012.03.21 04:43:05.887,1.32921,1.32943,1.64,1.50
2012.03.21 04:43:06.326,1.32922,1.32947,2.39,1.50
2012.03.21 04:43:06.404,1.32921,1.32944,1.64,1.50
2012.03.21 04:43:07.007,1.32919,1.32944,3.14,1.50
2012.03.21 04:43:07.537,1.32919,1.32944,3.14,1.50
2012.03.21 04:43:10.507,1.32919,1.32944,3.89,1.50
2012.03.21 04:43:15.512,1.32919,1.32944,3.89,1.50
2012.03.21 04:43:22.295,1.32919,1.32944,3.89,2.25
2012.03.21 04:43:23.644,1.32919,1.32944,3.75,1.50
2012.03.21 04:43:32.855,1.32919,1.32944,3.00,2.25
2012.03.21 04:43:33.400,1.32919,1.32944,3.00,1.50
2012.03.21 04:43:36.103,1.32919,1.32944,2.25,1.50
2012.03.21 04:43:40.383,1.32917,1.3294,3.14,1.50
2012.03.21 04:43:45.523,1.32917,1.3294,2.39,1.50
2012.03.21 04:43:46.064,1.32914,1.32939,1.64,1.50
2012.03.21 04:43:47.322,1.32913,1.32939,2.39,1.50
2012.03.21 04:43:49.245,1.32913,1.32939,2.25,1.50
2012.03.21 04:43:49.673,1.32913,1.32939,2.25,1.50
2012.03.21 04:43:51.224,1.32913,1.32939,2.25,1.50
2012.03.21 04:43:58.432,1.32913,1.32939,2.25,1.50
2012.03.21 04:43:59.692,1.32913,1.32939,3.00,1.50
2012.03.21 04:44:18.073,1.32913,1.32939,2.39,3.00
2012.03.21 04:44:18.403,1.32913,1.32939,2.25,3.00
2012.03.21 04:44:19.666,1.32913,1.32939,3.00,3.00
2012.03.21 04:44:19.976,1.32913,1.32935,1.50,1.50
2012.03.21 04:44:31.202,1.32917,1.3294,2.25,1.50
2012.03.21 04:44:31.477,1.32917,1.3294,2.25,1.50
2012.03.21 04:44:32.167,1.32917,1.3294,2.39,1.50
2012.03.21 04:44:32.295,1.32917,1.3294,2.39,1.50
2012.03.21 04:44:32.370,1.32923,1.32944,1.50,3.00
2012.03.21 04:44:32.576,1.32923,1.32946,1.50,1.50
2012.03.21 04:44:32.645,1.32923,1.32948,1.50,3.00
2012.03.21 04:44:33.187,1.32923,1.32948,1.50,1.50
2012.03.21 04:44:34.054,1.32926,1.32949,2.25,2.25
2012.03.21 04:44:34.688,1.32926,1.32949,2.25,3.00
2012.03.21 04:44:35.388,1.32926,1.32949,2.25,3.00
2012.03.21 04:44:35.575,1.32926,1.32946,2.25,1.50
2012.03.21 04:44:38.319,1.3292,1.32945,2.25,3.00
2012.03.21 04:44:38.924,1.32917,1.32942,2.25,1.50
2012.03.21 04:44:39.584,1.32917,1.32942,3.00,1.50
2012.03.21 04:44:42.134,1.32917,1.32942,2.25,2.25
2012.03.21 04:44:42.500,1.32911,1.32935,1.64,2.25
2012.03.21 04:44:43.454,1.32911,1.32935,1.50,2.25
2012.03.21 04:44:43.667,1.32911,1.32934,1.50,1.58
2012.03.21 04:44:44.195,1.32906,1.32929,2.25,1.58
2012.03.21 04:44:44.457,1.32905,1.32929,1.50,3.08
2012.03.21 04:44:44.531,1.32905,1.32928,1.50,1.58
2012.03.21 04:44:44.889,1.32904,1.32923,1.50,1.50
2012.03.21 04:44:44.964,1.32901,1.32923,2.25,1.50
2012.03.21 04:44:45.248,1.329,1.32918,1.50,1.50
2012.03.21 04:44:49.641,1.329,1.32918,1.50,1.50
2012.03.21 04:44:51.524,1.329,1.32919,1.50,1.50
2012.03.21 04:44:52.172,1.329,1.32921,1.50,1.50
2012.03.21 04:44:53.958,1.32903,1.32922,1.50,1.50
2012.03.21 04:44:54.509,1.32903,1.32923,2.25,1.50
2012.03.21 04:44:54.634,1.32907,1.32923,1.50,1.50
2012.03.21 04:44:59.772,1.32907,1.32924,1.50,1.50
2012.03.21 04:45:11.702,1.32907,1.32924,1.50,1.50
2012.03.21 04:45:18.793,1.32903,1.32924,1.50,1.50
2012.03.21 04:45:21.316,1.32903,1.32921,1.50,1.50
2012.03.21 04:45:25.973,1.32903,1.32921,1.50,1.50
2012.03.21 04:45:26.152,1.32903,1.32924,1.50,2.25
2012.03.21 04:45:26.373,1.32903,1.32921,1.50,1.50
2012.03.21 04:45:27.374,1.32903,1.32919,1.50,1.50
2012.03.21 04:45:27.595,1.32899,1.32919,1.50,1.50
2012.03.21 04:45:28.804,1.32899,1.32919,1.50,1.50
2012.03.21 04:45:35.379,1.32899,1.32919,1.50,1.50
2012.03.21 04:45:36.949,1.32905,1.32918,1.50,1.50
2012.03.21 04:45:37.086,1.32901,1.32918,1.50,1.50
2012.03.21 04:45:37.997,1.32898,1.32918,1.50,1.50
2012.03.21 04:45:38.929,1.32898,1.32919,1.50,1.50
2012.03.21 04:45:39.502,1.32898,1.32919,1.50,1.50
2012.03.21 04:45:44.539,1.32901,1.32919,1.50,1.50
2012.03.21 04:45:44.724,1.32901,1.3292,1.50,2.25
2012.03.21 04:45:45.407,1.32901,1.32919,1.50,1.50
2012.03.21 04:45:47.466,1.32901,1.32919,1.50,1.50
2012.03.21 04:46:00.849,1.32902,1.3292,1.50,1.50
2012.03.21 04:46:01.062,1.32907,1.32924,1.50,1.50
2012.03.21 04:46:01.406,1.32907,1.32926,1.50,1.50
2012.03.21 04:46:01.479,1.32909,1.32926,1.50,1.50
2012.03.21 04:46:02.324,1.32909,1.32929,1.50,1.50
2012.03.21 04:46:02.464,1.32906,1.32929,1.50,1.50
2012.03.21 04:46:02.995,1.32906,1.32924,1.50,1.50
2012.03.21 04:46:03.523,1.32906,1.32924,1.50,1.50
2012.03.21 04:46:04.617,1.32903,1.32924,1.50,1.50
2012.03.21 04:46:04.806,1.32903,1.32924,2.25,1.50
2012.03.21 04:46:04.947,1.32906,1.32926,2.25,1.50
2012.03.21 04:46:05.018,1.3291,1.32926,1.50,1.50
2012.03.21 04:46:08.886,1.3291,1.32928,1.50,1.50
2012.03.21 04:46:09.056,1.3291,1.32926,1.50,1.50
2012.03.21 04:46:09.819,1.3291,1.32926,1.50,1.50
2012.03.21 04:46:09.893,1.32907,1.32926,1.50,1.50
2012.03.21 04:46:09.966,1.32907,1.32926,1.50,2.25
2012.03.21 04:46:10.037,1.32903,1.32926,3.00,2.25
2012.03.21 04:46:10.319,1.32903,1.32917,1.50,1.50
2012.03.21 04:46:10.386,1.32903,1.32918,1.50,1.50
2012.03.21 04:46:10.531,1.32899,1.32918,1.50,1.50
2012.03.21 04:46:10.993,1.32902,1.32918,1.50,1.50
2012.03.21 04:46:15.814,1.32899,1.32918,1.50,1.50
2012.03.21 04:46:21.870,1.32899,1.32918,1.50,1.50
2012.03.21 04:46:22.006,1.32903,1.32923,1.50,1.50
2012.03.21 04:46:22.545,1.32903,1.32924,1.50,1.50
2012.03.21 04:46:27.381,1.32903,1.3292,1.50,1.50
2012.03.21 04:46:27.931,1.32903,1.32923,1.50,1.50
2012.03.21 04:46:30.733,1.32903,1.3292,1.50,1.50
2012.03.21 04:46:42.074,1.32903,1.32923,1.50,1.50
2012.03.21 04:46:50.723,1.32903,1.32921,1.50,1.50
2012.03.21 04:46:57.307,1.32903,1.32926,1.50,3.00
2012.03.21 04:46:57.743,1.32903,1.3292,1.50,1.50
2012.03.21 04:46:58.905,1.32903,1.32924,1.50,1.50
2012.03.21 04:46:59.556,1.32903,1.3292,1.50,1.50
2012.03.21 04:47:00.627,1.32899,1.3292,1.50,1.50
2012.03.21 04:47:01.166,1.32899,1.32919,1.50,1.50
2012.03.21 04:47:01.695,1.32902,1.32922,1.50,1.58
2012.03.21 04:47:03.355,1.32902,1.32923,1.50,1.58
2012.03.21 04:47:04.864,1.32902,1.32924,1.50,1.50
2012.03.21 04:47:07.794,1.32902,1.32923,1.50,1.50
2012.03.21 04:47:07.985,1.329,1.32922,2.25,1.50
2012.03.21 04:47:08.637,1.329,1.32919,1.50,1.50
2012.03.21 04:47:08.767,1.32897,1.32918,1.50,1.50
2012.03.21 04:47:12.099,1.32897,1.32919,2.25,1.50
2012.03.21 04:47:12.237,1.32898,1.32923,2.25,1.50
2012.03.21 04:47:12.577,1.32898,1.32919,1.50,1.50
2012.03.21 04:47:13.097,1.32897,1.32919,1.50,2.78
2012.03.21 04:47:13.227,1.32894,1.32918,3.00,2.70
2012.03.21 04:47:13.367,1.32894,1.32918,1.50,2.70
2012.03.21 04:47:14.768,1.32894,1.32914,1.50,1.95
2012.03.21 04:47:15.048,1.32891,1.32913,1.50,1.50
2012.03.21 04:47:15.518,1.32894,1.32914,1.50,1.20
2012.03.21 04:47:17.935,1.32894,1.32918,2.25,3.00
2012.03.21 04:47:18.748,1.32894,1.32918,1.50,2.25
2012.03.21 04:47:20.267,1.32894,1.32918,2.25,2.25
2012.03.21 04:47:20.584,1.32897,1.32921,1.50,2.25
2012.03.21 04:47:21.114,1.32897,1.32921,1.50,2.25
2012.03.21 04:47:21.324,1.329,1.32922,1.50,1.50
2012.03.21 04:47:21.684,1.329,1.32922,1.50,1.50
2012.03.21 04:47:30.845,1.329,1.32922,1.50,1.50
2012.03.21 04:47:32.435,1.32896,1.32921,2.25,2.25
2012.03.21 04:47:32.857,1.32903,1.32921,2.25,2.25
2012.03.21 04:47:33.414,1.32903,1.32918,2.25,2.25
2012.03.21 04:47:34.096,1.32903,1.3292,2.25,2.25
2012.03.21 04:47:34.367,1.32903,1.32923,2.25,1.95
2012.03.21 04:47:37.044,1.32903,1.32922,2.25,1.50
2012.03.21 04:47:37.426,1.32903,1.32923,2.25,1.50
2012.03.21 04:47:38.470,1.32903,1.32922,2.25,1.50
2012.03.21 04:47:39.093,1.32903,1.32919,2.25,1.50
2012.03.21 04:47:39.774,1.32903,1.32919,2.25,1.50
2012.03.21 04:47:40.788,1.32903,1.32921,2.25,3.00
2012.03.21 04:47:40.926,1.32903,1.32923,2.25,3.75
2012.03.21 04:48:01.958,1.32899,1.32923,1.50,4.50
2012.03.21 04:48:02.309,1.32895,1.3292,2.25,2.25
2012.03.21 04:48:02.374,1.32895,1.3292,2.25,2.25
2012.03.21 04:48:10.491,1.32895,1.3292,2.25,2.25
2012.03.21 04:48:14.027,1.32895,1.3292,2.25,2.25
2012.03.21 04:48:25.547,1.32895,1.3292,2.25,2.25
2012.03.21 04:48:25.766,1.32895,1.3292,2.25,2.25
2012.03.21 04:48:26.116,1.32903,1.3292,1.58,2.25
2012.03.21 04:48:26.456,1.32907,1.3293,2.25,2.25
2012.03.21 04:48:26.655,1.32907,1.3293,2.25,2.25
2012.03.21 04:48:27.142,1.32904,1.32927,2.39,1.50
2012.03.21 04:48:27.221,1.32904,1.32927,2.25,2.25
2012.03.21 04:48:27.436,1.32901,1.32924,1.50,1.50
2012.03.21 04:48:27.965,1.32901,1.32925,1.50,1.50
2012.03.21 04:48:35.450,1.32901,1.32925,1.50,1.50
2012.03.21 04:48:35.983,1.32904,1.32928,2.25,2.25
2012.03.21 04:48:39.477,1.32904,1.32928,2.25,2.25
2012.03.21 04:48:39.806,1.32909,1.3293,1.50,2.25
2012.03.21 04:48:41.584,1.32907,1.32929,2.25,1.50
2012.03.21 04:48:41.787,1.32901,1.32924,1.50,3.00
2012.03.21 04:48:48.616,1.32896,1.32921,2.63,1.50
2012.03.21 04:48:48.685,1.32896,1.32921,2.25,1.50
2012.03.21 04:48:48.817,1.32896,1.32921,2.25,2.25
2012.03.21 04:48:50.768,1.32897,1.32921,1.58,2.25
2012.03.21 04:48:55.406,1.32907,1.32925,1.50,3.00
2012.03.21 04:48:55.819,1.32903,1.32926,2.39,2.25
2012.03.21 04:48:56.027,1.32903,1.32926,1.64,2.25
2012.03.21 04:48:56.291,1.32899,1.32925,2.25,2.25
2012.03.21 04:48:59.277,1.32906,1.32925,1.50,2.25
2012.03.21 04:48:59.476,1.32901,1.32925,3.51,2.25
2012.03.21 04:48:59.550,1.32903,1.32925,1.64,2.25
2012.03.21 04:48:59.621,1.32904,1.32929,2.39,1.58
2012.03.21 04:48:59.825,1.32902,1.32927,2.39,3.00
2012.03.21 04:48:59.896,1.329,1.32924,2.39,1.50
2012.03.21 04:49:00.204,1.329,1.32924,2.25,2.25
2012.03.21 04:49:03.553,1.329,1.32924,3.96,2.25
2012.03.21 04:49:03.805,1.32902,1.32927,2.25,2.25
2012.03.21 04:49:21.364,1.32902,1.32927,2.25,3.00
2012.03.21 04:49:21.900,1.32904,1.32927,2.25,2.25
2012.03.21 04:49:24.649,1.32904,1.32927,2.25,2.25
2012.03.21 04:49:25.156,1.32904,1.32927,2.25,2.25
2012.03.21 04:49:31.581,1.32904,1.32927,2.25,2.25
2012.03.21 04:49:31.973,1.32904,1.32927,2.25,2.25
2012.03.21 04:49:35.489,1.32904,1.32927,2.25,1.50
2012.03.21 04:49:36.089,1.32904,1.32927,2.25,1.50
2012.03.21 04:49:36.625,1.32901,1.32926,1.58,1.50
2012.03.21 04:49:44.889,1.32901,1.32926,2.46,1.50
2012.03.21 04:49:45.954,1.32904,1.32927,2.25,2.25
2012.03.21 04:49:46.822,1.32904,1.32927,2.25,3.00
2012.03.21 04:49:51.406,1.32904,1.32927,2.25,2.25
2012.03.21 04:49:51.666,1.32906,1.32928,2.25,1.50
2012.03.21 04:49:52.252,1.32906,1.3293,2.25,1.50
2012.03.21 04:49:57.988,1.32906,1.3293,2.25,1.50
2012.03.21 04:50:00.070,1.32906,1.32931,2.25,3.00
2012.03.21 04:50:04.285,1.32906,1.3293,2.25,1.50
2012.03.21 04:50:06.743,1.32906,1.32929,2.25,1.50
2012.03.21 04:50:12.221,1.32906,1.32929,2.25,1.50
2012.03.21 04:50:25.110,1.32906,1.32929,2.25,2.25
2012.03.21 04:50:29.062,1.32906,1.32929,2.25,1.50
2012.03.21 04:50:29.375,1.32906,1.32931,2.25,3.00
2012.03.21 04:50:29.940,1.3291,1.32932,2.25,1.50
2012.03.21 04:50:31.125,1.32906,1.32931,2.25,3.00
2012.03.21 04:50:31.315,1.32906,1.32929,2.25,1.50
2012.03.21 04:50:31.864,1.32906,1.32931,2.25,3.00
2012.03.21 04:50:37.465,1.32906,1.32931,3.83,3.00
2012.03.21 04:50:37.774,1.32906,1.32931,3.96,2.25
2012.03.21 04:50:37.909,1.3291,1.32933,2.25,3.75
2012.03.21 04:50:40.299,1.3291,1.32933,2.25,3.00
2012.03.21 04:50:40.502,1.32912,1.32933,1.50,1.50
2012.03.21 04:50:40.577,1.3291,1.32933,2.25,3.00
2012.03.21 04:50:42.197,1.32907,1.3293,3.21,2.25
2012.03.21 04:50:51.164,1.32907,1.3293,3.21,1.50
2012.03.21 04:50:51.491,1.32913,1.32932,1.50,1.50
2012.03.21 04:50:54.065,1.32913,1.32935,1.50,1.50
2012.03.21 04:50:58.320,1.32913,1.32934,1.50,1.50
2012.03.21 04:51:12.017,1.3291,1.32933,2.25,4.50
2012.03.21 04:51:12.146,1.3291,1.32932,2.25,1.50
2012.03.21 04:51:13.462,1.3291,1.32931,1.50,1.50
2012.03.21 04:51:15.567,1.3291,1.32931,1.50,1.50
2012.03.21 04:51:15.780,1.32906,1.32931,2.39,3.00
2012.03.21 04:51:16.434,1.32906,1.32931,2.39,3.75
2012.03.21 04:51:19.562,1.32906,1.32931,2.39,3.00
2012.03.21 04:51:20.150,1.32906,1.32931,2.39,3.75
2012.03.21 04:51:20.681,1.32906,1.32931,2.39,3.00
2012.03.21 04:51:21.121,1.3291,1.32931,1.50,1.50
2012.03.21 04:51:29.044,1.3291,1.32929,1.50,1.50
2012.03.21 04:51:46.885,1.32907,1.32931,3.21,2.25
2012.03.21 04:51:48.247,1.3291,1.32931,1.58,2.25
2012.03.21 04:51:48.317,1.32912,1.32932,1.58,1.50
2012.03.21 04:51:49.885,1.32912,1.32935,3.08,1.50
2012.03.21 04:51:50.227,1.32907,1.32929,1.64,2.25
2012.03.21 04:51:50.370,1.32903,1.32924,1.64,1.50
2012.03.21 04:51:50.517,1.32902,1.32924,1.64,1.50
2012.03.21 04:51:50.846,1.32897,1.3292,3.21,2.25
2012.03.21 04:51:50.916,1.32897,1.3292,3.08,2.25
2012.03.21 04:51:51.454,1.32897,1.3292,2.25,2.25
2012.03.21 04:51:51.782,1.32897,1.3292,2.25,2.25
2012.03.21 04:51:52.297,1.32892,1.32916,2.39,2.25
2012.03.21 04:51:52.627,1.32892,1.32916,2.39,2.25
2012.03.21 04:51:52.997,1.32897,1.32919,1.50,1.50
2012.03.21 04:51:53.324,1.329,1.32921,1.50,1.50
2012.03.21 04:51:53.672,1.329,1.32921,1.50,1.50
2012.03.21 04:52:03.474,1.329,1.32923,2.25,3.75
2012.03.21 04:52:33.315,1.329,1.32923,1.50,2.25
2012.03.21 04:52:35.127,1.32903,1.32924,1.50,1.50
2012.03.21 04:52:36.974,1.32903,1.32923,1.50,1.50
2012.03.21 04:52:37.471,1.32905,1.32924,1.50,1.50
2012.03.21 04:52:37.908,1.32905,1.32929,3.08,1.50
2012.03.21 04:52:38.427,1.32908,1.32928,1.50,1.50
2012.03.21 04:52:38.987,1.32905,1.32929,3.08,1.50
2012.03.21 04:52:39.318,1.32905,1.32928,2.46,1.50
2012.03.21 04:52:39.505,1.32905,1.32928,3.59,1.50
2012.03.21 04:52:39.580,1.32912,1.32928,1.50,1.50
2012.03.21 04:52:39.646,1.32909,1.32932,1.50,1.50
2012.03.21 04:52:39.998,1.32909,1.32933,1.50,3.00
2012.03.21 04:52:43.055,1.32909,1.32933,1.50,3.00
2012.03.21 04:52:43.124,1.32909,1.32932,1.50,1.50
2012.03.21 04:52:43.648,1.32909,1.32933,2.25,3.00
2012.03.21 04:52:44.915,1.32909,1.32933,1.50,3.00
2012.03.21 04:52:46.179,1.32909,1.32933,1.50,3.00
2012.03.21 04:52:50.815,1.32909,1.32933,1.50,3.75
2012.03.21 04:52:55.737,1.32906,1.32931,3.96,2.25
2012.03.21 04:52:56.044,1.32909,1.32932,1.50,1.50
2012.03.21 04:52:58.664,1.32906,1.32931,3.96,2.25
2012.03.21 04:53:15.814,1.32906,1.32931,1.50,3.75
2012.03.21 04:53:43.090,1.32906,1.32929,1.50,1.50
2012.03.21 04:53:43.404,1.32908,1.3293,1.50,1.50
2012.03.21 04:54:01.405,1.32908,1.32931,2.25,1.50
2012.03.21 04:54:01.715,1.32912,1.32932,1.50,1.50
2012.03.21 04:54:01.846,1.32908,1.32932,1.50,1.50
2012.03.21 04:54:05.299,1.32906,1.32929,1.50,3.00
2012.03.21 04:54:05.497,1.32903,1.32927,1.64,2.25
2012.03.21 04:54:05.626,1.32902,1.32927,3.14,2.25
2012.03.21 04:54:06.197,1.32902,1.32927,3.00,2.25
2012.03.21 04:54:07.237,1.32902,1.32924,2.25,1.95
2012.03.21 04:54:07.306,1.32902,1.32923,1.50,1.50
2012.03.21 04:54:07.519,1.32897,1.32918,1.50,1.50
2012.03.21 04:54:07.970,1.32899,1.32918,2.25,1.50
2012.03.21 04:54:08.305,1.32903,1.32926,1.50,2.25
2012.03.21 04:54:08.437,1.32903,1.32926,1.50,3.00
2012.03.21 04:54:11.549,1.32903,1.32926,1.50,2.25
2012.03.21 04:54:12.136,1.32903,1.3292,1.50,1.50
2012.03.21 04:54:12.206,1.329,1.3292,1.50,1.50
2012.03.21 04:54:12.458,1.32896,1.32919,2.25,1.50
2012.03.21 04:54:15.049,1.32896,1.32921,3.00,2.25
2012.03.21 04:54:15.996,1.329,1.32923,1.50,2.25
2012.03.21 04:54:16.455,1.329,1.32918,1.50,2.33
2012.03.21 04:54:16.527,1.329,1.32922,1.50,1.92
2012.03.21 04:54:16.597,1.32897,1.32918,2.25,1.50
2012.03.21 04:54:16.743,1.32897,1.32914,1.50,1.50
2012.03.21 04:54:17.168,1.32897,1.32912,1.50,2.25
2012.03.21 04:54:17.256,1.32888,1.32908,1.64,1.50
2012.03.21 04:54:17.327,1.32885,1.32908,1.50,3.00
2012.03.21 04:54:17.866,1.32885,1.32908,2.25,3.00
2012.03.21 04:54:21.448,1.32885,1.32908,1.50,3.00
2012.03.21 04:54:22.677,1.32886,1.32908,2.25,2.25
2012.03.21 04:54:23.185,1.32891,1.32908,1.50,1.50
2012.03.21 04:54:23.255,1.32887,1.32908,2.25,1.50
2012.03.21 04:54:27.124,1.32889,1.32908,1.50,1.50
2012.03.21 04:54:28.635,1.32889,1.32914,1.50,2.25
2012.03.21 04:54:29.147,1.32887,1.32912,1.50,2.25
2012.03.21 04:54:29.668,1.32887,1.32912,2.25,2.25
2012.03.21 04:54:31.586,1.32889,1.32913,1.50,1.50
2012.03.21 04:54:36.598,1.32889,1.32908,1.50,1.50
2012.03.21 04:54:36.937,1.32879,1.32902,2.25,2.25
2012.03.21 04:54:37.077,1.32879,1.32902,1.50,3.00
2012.03.21 04:54:37.508,1.32876,1.32899,3.00,2.25
2012.03.21 04:54:37.638,1.32877,1.32899,2.25,2.25
2012.03.21 04:54:37.850,1.32882,1.32905,1.50,1.50
2012.03.21 04:54:38.048,1.32882,1.32904,1.50,1.50
2012.03.21 04:54:38.380,1.32885,1.32904,1.50,1.50
2012.03.21 04:54:38.574,1.32885,1.32909,1.50,2.25
2012.03.21 04:54:39.546,1.32885,1.32909,2.25,2.25
2012.03.21 04:54:40.038,1.32888,1.3291,1.50,1.50
2012.03.21 04:54:44.415,1.32888,1.32911,1.50,1.13
2012.03.21 04:54:44.545,1.32884,1.3291,3.00,2.25
2012.03.21 04:54:45.236,1.32884,1.32905,2.25,2.03
2012.03.21 04:54:45.306,1.32884,1.32905,1.50,2.03
2012.03.21 04:54:45.771,1.32881,1.32902,1.50,3.00
2012.03.21 04:54:46.431,1.32883,1.32903,1.50,1.50
2012.03.21 04:54:46.697,1.32883,1.32907,1.50,2.25
2012.03.21 04:54:47.026,1.32883,1.32907,2.25,2.25
2012.03.21 04:54:48.798,1.32883,1.32907,1.50,3.00
2012.03.21 04:54:48.984,1.32881,1.32904,3.00,1.50
2012.03.21 04:54:50.706,1.32881,1.32904,1.50,2.25
2012.03.21 04:54:51.306,1.3288,1.32903,1.50,2.25
2012.03.21 04:54:51.934,1.3288,1.32903,1.50,2.25
2012.03.21 04:54:56.436,1.32878,1.32903,2.25,2.25
2012.03.21 04:54:56.787,1.32878,1.32903,2.25,3.00
2012.03.21 04:54:58.487,1.32878,1.329,1.50,1.50
2012.03.21 04:55:00.326,1.32878,1.32901,1.50,1.50
2012.03.21 04:55:00.826,1.32876,1.32898,2.25,1.50
2012.03.21 04:55:01.015,1.32876,1.32898,2.39,1.50
2012.03.21 04:55:01.584,1.32876,1.32896,1.50,1.50
2012.03.21 04:55:02.145,1.32876,1.32895,1.50,1.50
2012.03.21 04:55:02.816,1.32876,1.32894,1.50,2.70
2012.03.21 04:55:02.891,1.32867,1.3289,2.25,1.50
2012.03.21 04:55:03.027,1.32867,1.32889,1.50,1.50
2012.03.21 04:55:10.813,1.32865,1.32885,1.50,1.50
2012.03.21 04:55:10.949,1.32863,1.32882,1.50,1.50
2012.03.21 04:55:11.602,1.32863,1.32882,1.50,1.50
2012.03.21 04:55:11.751,1.32863,1.32886,3.00,2.25
2012.03.21 04:55:12.179,1.32867,1.32889,2.25,3.00
2012.03.21 04:55:12.717,1.32867,1.32889,2.25,3.00
2012.03.21 04:55:13.626,1.32864,1.32887,3.00,1.50
2012.03.21 04:55:15.390,1.32864,1.32888,3.00,1.50
2012.03.21 04:55:15.845,1.32865,1.32889,1.50,2.25
2012.03.21 04:55:16.414,1.32867,1.3289,2.25,2.25
2012.03.21 04:55:17.505,1.32867,1.32889,2.25,1.50
2012.03.21 04:55:27.047,1.32867,1.32889,2.25,2.78
2012.03.21 04:55:27.330,1.32861,1.32878,1.50,1.50
2012.03.21 04:55:27.396,1.32857,1.32878,2.25,1.50
2012.03.21 04:55:27.906,1.32857,1.3288,2.25,2.25
2012.03.21 04:55:28.176,1.32857,1.3288,2.25,1.50
2012.03.21 04:55:28.681,1.3286,1.32882,2.25,1.50
2012.03.21 04:55:33.184,1.3286,1.32881,2.25,1.50
2012.03.21 04:55:38.293,1.32856,1.32881,2.25,1.50
2012.03.21 04:55:38.666,1.32856,1.32882,2.25,3.00
2012.03.21 04:55:38.927,1.32859,1.32883,2.25,1.50
2012.03.21 04:55:39.711,1.32863,1.32884,2.25,1.50
2012.03.21 04:55:39.926,1.32863,1.32884,2.25,1.50
2012.03.21 04:55:41.326,1.32866,1.32888,2.25,2.25
2012.03.21 04:55:41.539,1.32866,1.32888,2.25,2.25
2012.03.21 04:55:59.578,1.32866,1.32888,2.25,1.50
2012.03.21 04:55:59.649,1.32866,1.32888,2.25,1.50
2012.03.21 04:55:59.846,1.32861,1.32886,2.25,2.25
2012.03.21 04:56:01.846,1.32861,1.32886,2.25,1.50
2012.03.21 04:56:02.605,1.32861,1.32886,2.25,2.25
2012.03.21 04:56:02.676,1.32861,1.32886,2.39,1.50
2012.03.21 04:56:03.206,1.32861,1.32886,2.39,1.50
2012.03.21 04:56:04.768,1.32861,1.32886,2.25,2.25
2012.03.21 04:56:08.050,1.32861,1.32886,2.25,1.50
2012.03.21 04:56:08.185,1.32861,1.32886,2.25,2.25
2012.03.21 04:56:14.536,1.32862,1.32886,1.50,1.50
2012.03.21 04:56:14.652,1.32862,1.32886,1.50,2.25
2012.03.21 04:56:15.535,1.32862,1.32886,1.50,1.50
2012.03.21 04:56:18.381,1.32862,1.32886,1.50,2.25
2012.03.21 04:56:19.798,1.32864,1.32886,1.50,1.50
2012.03.21 04:56:20.330,1.32865,1.32888,1.50,3.75
2012.03.21 04:56:21.772,1.32863,1.32887,2.25,1.50
2012.03.21 04:56:22.029,1.32865,1.32888,1.50,3.75
2012.03.21 04:56:39.353,1.32863,1.32888,3.14,2.25
2012.03.21 04:56:39.420,1.32864,1.32888,1.50,2.25
2012.03.21 04:56:41.658,1.32867,1.32888,1.50,1.50
2012.03.21 04:56:43.991,1.32867,1.32888,1.50,1.50
2012.03.21 04:56:44.828,1.32867,1.32891,2.25,2.25
2012.03.21 04:56:48.391,1.32869,1.32892,2.25,1.50
2012.03.21 04:56:52.336,1.32869,1.32892,2.25,1.50
2012.03.21 04:56:57.943,1.32869,1.32892,2.25,2.25
2012.03.21 04:56:58.450,1.32867,1.3289,1.50,3.00
2012.03.21 04:57:01.685,1.32865,1.32884,1.50,1.50
2012.03.21 04:57:01.882,1.32864,1.32882,1.50,1.50
2012.03.21 04:57:02.140,1.32861,1.32882,2.25,1.50
2012.03.21 04:57:04.733,1.32862,1.32883,1.50,2.25
2012.03.21 04:57:04.932,1.32865,1.32884,1.50,1.50
2012.03.21 04:57:05.008,1.32867,1.32888,1.50,1.50
2012.03.21 04:57:05.081,1.32867,1.32889,2.25,1.50
2012.03.21 04:57:05.210,1.3287,1.32889,1.50,1.50
2012.03.21 04:57:05.551,1.3287,1.32891,2.39,1.13
2012.03.21 04:57:06.551,1.3287,1.32892,2.39,1.13
2012.03.21 04:57:07.801,1.3287,1.32893,3.14,1.88
2012.03.21 04:57:07.990,1.3287,1.32892,1.50,2.63
2012.03.21 04:57:09.872,1.3287,1.3289,1.50,1.50
2012.03.21 04:57:11.931,1.3287,1.32891,2.25,1.13
2012.03.21 04:57:13.683,1.32874,1.32891,1.50,1.50
2012.03.21 04:57:13.758,1.32874,1.32894,1.50,1.50
2012.03.21 04:57:14.022,1.32874,1.32894,1.50,1.50
2012.03.21 04:57:14.150,1.32871,1.32894,1.50,3.00
2012.03.21 04:57:15.139,1.32871,1.32894,1.50,3.00
2012.03.21 04:57:16.307,1.32871,1.32894,1.50,3.00
2012.03.21 04:57:16.454,1.32874,1.32894,1.50,1.50
2012.03.21 04:57:16.710,1.32874,1.32897,1.50,2.25
2012.03.21 04:57:16.969,1.3287,1.32894,3.00,1.50
2012.03.21 04:57:17.471,1.3287,1.32894,3.00,1.50
2012.03.21 04:57:20.239,1.3287,1.32893,3.00,1.50
2012.03.21 04:57:31.952,1.3287,1.32895,1.13,2.25
2012.03.21 04:57:34.483,1.32871,1.32893,1.50,1.50
2012.03.21 04:57:34.812,1.3287,1.32893,1.50,1.50
2012.03.21 04:57:39.948,1.32869,1.32893,2.25,1.50
2012.03.21 04:57:40.393,1.32869,1.32893,2.39,1.50
2012.03.21 04:57:40.545,1.32869,1.32895,2.39,2.25
2012.03.21 04:57:40.681,1.32869,1.32893,2.25,1.50
2012.03.21 04:57:40.886,1.32871,1.32893,1.50,1.50
2012.03.21 04:57:42.810,1.32872,1.32894,2.25,1.50
2012.03.21 04:57:43.312,1.32872,1.32897,2.25,2.25
2012.03.21 04:57:45.800,1.32872,1.32897,2.25,2.25
2012.03.21 04:57:46.349,1.32872,1.32897,2.25,2.25
2012.03.21 04:57:50.370,1.32872,1.32897,2.25,3.53
2012.03.21 04:57:51.441,1.3287,1.32893,2.25,3.53
2012.03.21 04:57:51.940,1.32867,1.32891,1.50,2.25
2012.03.21 04:57:52.268,1.32866,1.32891,2.25,2.25
2012.03.21 04:57:52.834,1.32866,1.32888,1.50,1.50
2012.03.21 04:57:52.903,1.32864,1.32888,3.00,3.75
2012.03.21 04:57:53.281,1.32864,1.32888,2.25,3.75
2012.03.21 04:57:55.506,1.32864,1.32887,1.50,1.50
2012.03.21 04:57:55.855,1.32864,1.32885,1.50,2.78
2012.03.21 04:57:55.927,1.32858,1.32882,2.63,2.25
2012.03.21 04:57:56.460,1.32858,1.32882,2.63,2.25
2012.03.21 04:57:57.000,1.32856,1.32879,1.50,2.25
2012.03.21 04:57:57.401,1.32856,1.32879,1.50,2.25
2012.03.21 04:57:58.041,1.32856,1.32878,1.50,1.50
2012.03.21 04:58:00.204,1.32856,1.32878,1.50,1.50
2012.03.21 04:58:01.352,1.32856,1.32877,1.50,1.50
2012.03.21 04:58:01.899,1.32856,1.32878,1.50,2.25
2012.03.21 04:58:03.760,1.32856,1.32877,1.50,1.50
2012.03.21 04:58:03.890,1.32858,1.32877,1.50,1.50
2012.03.21 04:58:04.630,1.32858,1.32877,1.50,1.50
2012.03.21 04:58:04.977,1.32848,1.32868,2.25,1.50
2012.03.21 04:58:05.055,1.32844,1.32868,2.25,1.50
2012.03.21 04:58:05.197,1.32847,1.32868,1.50,1.50
2012.03.21 04:58:05.484,1.32847,1.32869,1.50,1.50
2012.03.21 04:58:05.625,1.32847,1.32868,1.50,2.25
2012.03.21 04:58:05.894,1.32844,1.32867,2.25,1.50
2012.03.21 04:58:06.421,1.32844,1.32867,1.50,1.50
2012.03.21 04:58:06.740,1.32847,1.32867,1.50,1.50
2012.03.21 04:58:07.337,1.32845,1.32867,1.50,2.33
2012.03.21 04:58:07.880,1.32845,1.32866,1.50,1.09
2012.03.21 04:58:08.164,1.32845,1.32866,1.50,1.09
2012.03.21 04:58:08.988,1.32847,1.32867,1.50,2.03
2012.03.21 04:58:09.122,1.32847,1.32867,1.50,2.03
2012.03.21 04:58:09.637,1.32847,1.32869,2.33,1.50
2012.03.21 04:58:09.783,1.3285,1.32872,1.50,1.20
2012.03.21 04:58:14.523,1.3285,1.32874,3.75,1.88
2012.03.21 04:58:14.888,1.3285,1.32874,2.25,1.88
2012.03.21 04:58:15.623,1.3285,1.32871,1.50,1.50
2012.03.21 04:58:16.048,1.32845,1.32871,2.25,2.25
2012.03.21 04:58:16.191,1.32845,1.32871,3.00,2.25
2012.03.21 04:58:16.259,1.32849,1.32872,1.50,2.25
2012.03.21 04:58:16.463,1.32845,1.32868,1.50,2.25
2012.03.21 04:58:16.990,1.32845,1.32868,1.50,3.00
2012.03.21 04:58:18.232,1.32845,1.32868,3.00,3.00
2012.03.21 04:58:18.373,1.32848,1.32871,1.50,2.25
2012.03.21 04:58:18.443,1.32848,1.32871,3.00,2.25
2012.03.21 04:58:19.050,1.3285,1.32873,3.00,1.13
2012.03.21 04:58:19.569,1.32853,1.32874,1.50,1.50
2012.03.21 04:58:19.874,1.32853,1.32874,1.50,1.50
2012.03.21 04:58:20.001,1.3285,1.32873,1.50,2.25
2012.03.21 04:58:20.556,1.3285,1.32873,1.50,2.25
2012.03.21 04:58:21.100,1.3285,1.32873,1.50,2.25
2012.03.21 04:58:21.663,1.3285,1.32873,2.25,3.00
2012.03.21 04:58:21.861,1.3285,1.32873,1.50,3.00
2012.03.21 04:58:22.830,1.32846,1.32869,2.25,2.25
2012.03.21 04:58:26.524,1.32843,1.32868,3.75,2.25
2012.03.21 04:58:27.760,1.32843,1.32868,3.00,2.25
2012.03.21 04:58:28.290,1.32841,1.32864,2.25,2.25
2012.03.21 04:58:30.113,1.3284,1.32862,1.50,1.50
2012.03.21 04:58:30.461,1.32839,1.3286,1.50,1.50
2012.03.21 04:58:37.425,1.32841,1.3286,1.50,1.50
2012.03.21 04:58:37.496,1.32841,1.3286,1.50,1.50
2012.03.21 04:58:37.989,1.3284,1.32862,2.25,2.25
2012.03.21 04:58:38.061,1.32842,1.32862,1.50,2.25
2012.03.21 04:58:38.923,1.32841,1.32864,2.25,2.25
2012.03.21 04:58:39.450,1.32841,1.32864,3.00,3.00
2012.03.21 04:58:45.128,1.32841,1.32864,3.00,2.25
2012.03.21 04:58:45.673,1.32841,1.32864,1.50,3.00
2012.03.21 04:58:47.620,1.32841,1.32864,2.25,3.00
2012.03.21 04:58:48.556,1.32841,1.32864,2.25,2.25
2012.03.21 04:58:53.006,1.32841,1.32864,2.25,1.50
2012.03.21 04:58:53.545,1.32841,1.32864,2.25,3.00
2012.03.21 04:58:53.752,1.32841,1.32863,2.25,1.50
2012.03.21 04:58:54.093,1.3284,1.32865,2.25,2.25
2012.03.21 04:58:57.614,1.32837,1.3286,2.25,1.50
2012.03.21 04:58:58.201,1.32837,1.3286,2.39,1.50
2012.03.21 04:58:58.391,1.32837,1.3286,2.25,1.50
2012.03.21 04:59:00.926,1.32837,1.3286,2.39,1.50
2012.03.21 04:59:01.429,1.32837,1.3286,2.39,1.50
2012.03.21 04:59:02.677,1.32839,1.32863,2.25,1.50
2012.03.21 04:59:05.112,1.32843,1.32866,2.25,1.50
2012.03.21 04:59:07.326,1.32843,1.32866,2.25,2.25
2012.03.21 04:59:07.974,1.32843,1.32866,2.25,2.25
2012.03.21 04:59:08.551,1.32846,1.32866,1.50,1.50
2012.03.21 04:59:09.121,1.32846,1.32869,2.25,2.25
2012.03.21 04:59:21.433,1.32846,1.32869,3.00,2.25
2012.03.21 04:59:21.579,1.32846,1.32869,3.00,2.25
2012.03.21 04:59:21.909,1.32846,1.32869,3.00,2.25
2012.03.21 04:59:24.091,1.32846,1.32869,3.00,2.25
2012.03.21 04:59:28.380,1.32849,1.32872,1.50,3.00
2012.03.21 04:59:28.869,1.32846,1.3287,1.50,2.25
2012.03.21 04:59:30.095,1.32847,1.3287,1.50,2.25
2012.03.21 04:59:41.211,1.32848,1.32872,1.50,3.08
2012.03.21 04:59:41.428,1.32848,1.32872,2.25,3.08
2012.03.21 04:59:41.593,1.32848,1.32872,1.50,3.08
2012.03.21 04:59:41.798,1.32848,1.32872,2.25,3.53
2012.03.21 04:59:42.360,1.32848,1.32872,2.25,3.53
2012.03.21 04:59:43.189,1.32848,1.32866,1.50,1.58
2012.03.21 04:59:43.441,1.32844,1.32865,1.50,2.78
2012.03.21 04:59:43.979,1.32843,1.32865,2.25,1.58
2012.03.21 04:59:48.671,1.32843,1.32863,2.25,1.58
2012.03.21 04:59:48.980,1.3284,1.32858,1.50,1.50
2012.03.21 04:59:49.052,1.32837,1.32859,3.00,1.50
2012.03.21 04:59:51.064,1.32841,1.32858,1.50,1.50
2012.03.21 04:59:51.562,1.32836,1.32857,1.50,3.08
2012.03.21 04:59:51.695,1.32836,1.32856,1.50,4.13
2012.03.21 04:59:51.845,1.32834,1.32854,1.50,1.50
2012.03.21 04:59:52.398,1.32836,1.32852,1.50,1.50
2012.03.21 04:59:53.065,1.3283,1.3285,2.25,1.50
2012.03.21 04:59:53.275,1.32834,1.32851,1.50,2.25
2012.03.21 04:59:54.285,1.32834,1.32851,1.50,3.00
2012.03.21 04:59:55.801,1.32834,1.32852,1.50,2.25
2012.03.21 04:59:56.123,1.32837,1.32853,1.50,1.88
2012.03.21 04:59:56.774,1.32837,1.32852,1.50,1.13
2012.03.21 04:59:56.984,1.32835,1.32852,1.50,1.13
2012.03.21 04:59:57.864,1.32832,1.3285,1.50,1.50
2012.03.21 04:59:58.422,1.32832,1.32851,1.50,1.50
2012.03.21 04:59:58.620,1.32834,1.32851,1.50,1.50
2012.03.21 04:59:59.190,1.32834,1.3285,1.50,1.50
2012.03.21 04:59:59.543,1.32832,1.3285,1.50,1.50
