2012.03.09 21:00:01.309,1.29179,1.29202,0.75,4.50
2012.03.09 21:00:01.558,1.29179,1.29207,0.75,0.75
2012.03.09 21:00:01.690,1.29182,1.29206,0.75,0.75
2012.03.09 21:00:02.141,1.29179,1.29206,0.75,0.75
2012.03.09 21:00:02.404,1.29179,1.29203,0.75,0.75
2012.03.09 21:00:04.038,1.29177,1.29201,1.50,0.75
2012.03.09 21:00:04.706,1.29178,1.29204,0.75,1.50
2012.03.09 21:00:05.367,1.29177,1.29201,0.75,0.75
2012.03.09 21:00:06.617,1.29176,1.292,0.75,0.75
2012.03.09 21:00:07.916,1.29178,1.29202,0.75,0.75
2012.03.09 21:00:09.629,1.29175,1.29201,0.75,0.75
2012.03.09 21:00:10.500,1.29173,1.29199,0.75,0.75
2012.03.09 21:00:12.480,1.29175,1.29201,0.75,0.75
2012.03.09 21:00:13.727,1.29174,1.29198,0.75,0.75
2012.03.09 21:00:14.903,1.29175,1.29201,0.75,0.75
2012.03.09 21:00:16.068,1.29174,1.29198,0.75,0.75
2012.03.09 21:00:16.381,1.29163,1.29189,0.75,0.75
2012.03.09 21:00:16.509,1.29157,1.29181,1.06,4.88
2012.03.09 21:00:16.818,1.29151,1.29172,0.31,0.38
2012.03.09 21:00:16.998,1.29144,1.29168,0.75,0.75
2012.03.09 21:00:17.070,1.29138,1.29168,0.75,0.75
2012.03.09 21:00:17.616,1.29137,1.29163,1.50,0.75
2012.03.09 21:00:18.229,1.2914,1.29163,4.50,0.75
2012.03.09 21:00:18.490,1.29148,1.29173,0.75,0.75
2012.03.09 21:00:18.617,1.2916,1.29173,0.75,1.50
2012.03.09 21:00:18.919,1.29161,1.2918,1.50,0.83
2012.03.09 21:00:18.987,1.29161,1.29189,1.50,0.75
2012.03.09 21:00:19.231,1.29166,1.2919,0.75,0.75
2012.03.09 21:00:19.357,1.29166,1.29194,0.75,0.75
2012.03.09 21:00:20.177,1.29166,1.29196,1.50,0.75
2012.03.09 21:00:21.283,1.29167,1.29196,0.31,0.75
2012.03.09 21:00:21.498,1.2917,1.29196,0.38,0.75
2012.03.09 21:00:22.556,1.29167,1.29191,0.38,0.75
2012.03.09 21:00:23.179,1.2917,1.29191,4.50,0.75
2012.03.09 21:00:23.486,1.29172,1.29191,0.75,0.75
2012.03.09 21:00:24.067,1.29177,1.29202,0.75,0.38
2012.03.09 21:00:24.678,1.29179,1.29205,0.75,0.75
2012.03.09 21:00:26.927,1.29181,1.29207,0.75,0.75
2012.03.09 21:00:29.426,1.2918,1.29204,0.75,0.75
2012.03.09 21:00:32.276,1.29177,1.29203,0.75,0.75
2012.03.09 21:00:34.026,1.29176,1.29206,1.06,0.75
2012.03.09 21:00:34.342,1.29176,1.29203,0.31,0.75
2012.03.09 21:00:34.957,1.29175,1.29203,0.68,0.75
2012.03.09 21:00:35.808,1.29178,1.29203,0.31,0.75
2012.03.09 21:00:36.400,1.29177,1.29203,0.31,0.75
2012.03.09 21:00:36.912,1.29178,1.29203,0.31,0.75
2012.03.09 21:00:37.468,1.29177,1.29203,0.31,0.75
2012.03.09 21:00:38.386,1.29178,1.29203,0.31,0.75
2012.03.09 21:00:38.921,1.29177,1.29203,0.31,0.75
2012.03.09 21:00:39.452,1.29178,1.29203,0.31,0.75
2012.03.09 21:00:40.308,1.29178,1.29206,0.31,0.75
2012.03.09 21:00:40.528,1.29178,1.29203,0.31,0.75
2012.03.09 21:00:40.718,1.29178,1.29206,0.31,0.75
2012.03.09 21:00:40.788,1.29181,1.29206,0.75,0.75
2012.03.09 21:00:40.860,1.29181,1.29209,0.75,0.83
2012.03.09 21:00:40.928,1.29181,1.29211,0.75,0.38
2012.03.09 21:00:43.335,1.29182,1.29211,0.75,0.38
2012.03.09 21:00:44.226,1.2918,1.29209,0.75,0.75
2012.03.09 21:00:45.077,1.29182,1.29211,0.75,0.38
2012.03.09 21:00:45.640,1.29193,1.29213,4.88,1.58
2012.03.09 21:00:45.782,1.29193,1.29218,4.88,0.75
2012.03.09 21:00:46.308,1.29193,1.29219,4.88,0.38
2012.03.09 21:00:46.857,1.29194,1.29219,0.75,1.88
2012.03.09 21:00:47.919,1.29193,1.29219,5.56,1.50
2012.03.09 21:00:48.361,1.29193,1.29222,5.25,0.38
2012.03.09 21:00:48.612,1.29193,1.29219,5.25,0.38
2012.03.09 21:00:49.789,1.29195,1.29219,0.75,1.13
2012.03.09 21:00:51.551,1.29194,1.29219,0.68,1.13
2012.03.09 21:00:52.747,1.29197,1.29219,0.75,1.88
2012.03.09 21:00:52.810,1.29197,1.29221,0.75,0.75
2012.03.09 21:00:52.997,1.29197,1.29227,0.75,1.58
2012.03.09 21:00:53.657,1.29197,1.29224,0.75,0.75
2012.03.09 21:00:54.797,1.29197,1.29225,0.75,0.75
2012.03.09 21:00:55.988,1.29197,1.29222,0.75,0.75
2012.03.09 21:01:00.028,1.29201,1.29229,0.75,3.38
2012.03.09 21:01:00.098,1.29197,1.29229,0.75,3.75
2012.03.09 21:01:05.570,1.29197,1.29231,1.50,1.13
2012.03.09 21:01:07.134,1.29197,1.29229,1.81,1.88
2012.03.09 21:01:07.204,1.29197,1.29228,1.06,1.50
2012.03.09 21:01:08.360,1.29197,1.29228,1.73,1.50
2012.03.09 21:01:08.902,1.29197,1.29228,1.73,1.50
2012.03.09 21:01:09.410,1.29197,1.29228,1.73,1.50
2012.03.09 21:01:10.323,1.29197,1.29228,1.73,1.50
2012.03.09 21:01:10.841,1.29197,1.29228,2.11,1.50
2012.03.09 21:01:11.380,1.29197,1.29228,2.11,1.50
2012.03.09 21:01:12.272,1.29197,1.29228,2.11,1.50
2012.03.09 21:01:12.857,1.29197,1.29228,2.11,1.50
2012.03.09 21:01:13.200,1.29197,1.29228,2.11,1.50
2012.03.09 21:01:13.552,1.29199,1.2923,1.06,1.43
2012.03.09 21:01:14.051,1.29199,1.29233,1.06,6.83
2012.03.09 21:01:16.701,1.29199,1.2923,1.06,1.43
2012.03.09 21:01:26.520,1.29201,1.29232,1.06,3.22
2012.03.09 21:01:33.001,1.29202,1.29232,1.50,2.02
2012.03.09 21:01:33.142,1.29205,1.29231,1.50,1.13
2012.03.09 21:01:33.824,1.29202,1.29231,1.50,1.13
2012.03.09 21:01:34.334,1.29202,1.29232,1.50,1.13
2012.03.09 21:01:34.842,1.29203,1.29234,1.50,1.88
2012.03.09 21:01:35.244,1.29209,1.29234,1.06,1.13
2012.03.09 21:01:35.792,1.29211,1.2924,1.50,1.13
2012.03.09 21:01:40.078,1.29211,1.29238,1.06,1.13
2012.03.09 21:01:40.534,1.29211,1.29237,1.73,1.13
2012.03.09 21:01:40.746,1.29213,1.29238,1.43,1.13
2012.03.09 21:01:41.272,1.29213,1.29239,1.43,1.50
2012.03.09 21:01:48.254,1.29213,1.29238,1.43,1.50
2012.03.09 21:01:48.801,1.29212,1.29237,1.43,1.50
2012.03.09 21:01:49.396,1.29212,1.29238,1.43,1.88
2012.03.09 21:01:50.343,1.29212,1.2924,1.43,2.25
2012.03.09 21:01:50.929,1.29212,1.2924,1.43,1.50
2012.03.09 21:01:52.046,1.29212,1.2924,1.43,2.25
2012.03.09 21:01:53.003,1.29216,1.29239,1.50,1.50
2012.03.09 21:01:53.076,1.29218,1.29243,1.13,1.50
2012.03.09 21:01:53.591,1.29219,1.29243,5.63,1.50
2012.03.09 21:01:54.432,1.29219,1.29243,4.88,1.50
2012.03.09 21:01:54.633,1.29219,1.29243,5.63,1.50
2012.03.09 21:01:56.224,1.29219,1.29242,6.38,1.65
2012.03.09 21:01:56.922,1.29219,1.29243,6.38,1.50
2012.03.09 21:02:00.029,1.29221,1.29243,1.13,1.50
2012.03.09 21:02:03.875,1.29219,1.29243,6.00,1.50
2012.03.09 21:02:08.591,1.2922,1.29243,1.13,1.50
2012.03.09 21:02:09.140,1.29221,1.29245,1.13,1.50
2012.03.09 21:02:10.377,1.29221,1.29249,1.13,1.50
2012.03.09 21:02:10.910,1.29221,1.29245,1.13,1.50
2012.03.09 21:02:11.982,1.29219,1.29245,5.63,1.50
2012.03.09 21:02:12.054,1.29219,1.29244,4.50,1.50
2012.03.09 21:02:13.974,1.29217,1.29244,1.43,2.25
2012.03.09 21:02:14.312,1.29216,1.29239,1.43,1.13
2012.03.09 21:02:17.755,1.29215,1.29239,1.43,1.88
2012.03.09 21:02:17.822,1.29215,1.29239,1.43,1.88
2012.03.09 21:02:18.365,1.29216,1.29239,1.43,1.88
2012.03.09 21:02:24.714,1.29215,1.29239,1.13,1.50
2012.03.09 21:02:28.177,1.29215,1.29243,1.13,1.50
2012.03.09 21:02:41.214,1.2922,1.29243,1.50,1.50
2012.03.09 21:02:41.462,1.2922,1.29248,1.50,1.50
2012.03.09 21:02:43.150,1.2922,1.29246,1.50,1.50
2012.03.09 21:02:48.573,1.29217,1.29244,1.43,1.50
2012.03.09 21:02:49.603,1.29217,1.29243,1.43,1.50
2012.03.09 21:02:49.737,1.29225,1.29245,4.50,1.13
2012.03.09 21:02:49.923,1.29225,1.29249,4.50,1.50
2012.03.09 21:02:50.112,1.29225,1.29249,4.50,1.50
2012.03.09 21:02:51.483,1.29225,1.29249,5.25,1.50
2012.03.09 21:02:54.428,1.29225,1.29249,5.25,1.50
2012.03.09 21:02:55.036,1.29226,1.29249,1.43,1.50
2012.03.09 21:02:55.374,1.29229,1.29253,1.50,1.50
2012.03.09 21:02:55.645,1.29231,1.29253,1.13,1.50
2012.03.09 21:02:56.193,1.29237,1.29256,4.50,1.50
2012.03.09 21:02:56.264,1.29237,1.29258,4.50,1.50
2012.03.09 21:03:04.000,1.29237,1.29258,5.25,1.50
2012.03.09 21:03:04.256,1.29237,1.29263,5.93,2.40
2012.03.09 21:03:04.324,1.29237,1.29263,5.93,2.40
2012.03.09 21:03:04.814,1.2924,1.29267,1.50,1.50
2012.03.09 21:03:04.883,1.2924,1.29269,1.50,1.50
2012.03.09 21:03:05.209,1.29242,1.29269,1.13,1.50
2012.03.09 21:03:08.839,1.29242,1.29269,1.13,1.50
2012.03.09 21:03:17.026,1.29242,1.29273,2.25,1.50
2012.03.09 21:03:17.472,1.29244,1.29273,1.13,1.50
2012.03.09 21:03:20.532,1.29246,1.29273,6.00,1.50
2012.03.09 21:03:22.812,1.29246,1.29273,6.00,1.50
2012.03.09 21:03:23.125,1.29252,1.29279,1.43,1.50
2012.03.09 21:03:23.266,1.2926,1.29284,4.50,1.50
2012.03.09 21:03:23.523,1.2926,1.29286,4.50,1.50
2012.03.09 21:03:23.712,1.2926,1.29289,4.88,2.25
2012.03.09 21:03:24.222,1.2926,1.29289,5.25,1.50
2012.03.09 21:03:25.251,1.29261,1.29294,1.50,1.88
2012.03.09 21:03:27.224,1.29261,1.29294,1.43,1.88
2012.03.09 21:03:27.613,1.2926,1.29289,4.88,1.50
2012.03.09 21:03:27.951,1.2926,1.29267,4.50,1.50
2012.03.09 21:03:28.024,1.2926,1.29288,5.25,1.50
2012.03.09 21:03:28.212,1.2926,1.29288,4.50,1.50
2012.03.09 21:03:28.572,1.2926,1.29275,4.50,2.74
2012.03.09 21:03:28.702,1.2926,1.29288,4.50,1.50
2012.03.09 21:03:30.247,1.29257,1.29283,1.13,1.50
2012.03.09 21:03:30.552,1.29255,1.29283,1.50,1.50
2012.03.09 21:03:31.911,1.29259,1.29288,4.88,1.50
2012.03.09 21:03:31.990,1.29259,1.29288,4.88,1.50
2012.03.09 21:03:38.741,1.29259,1.29288,4.50,1.88
2012.03.09 21:03:51.599,1.29259,1.29286,4.50,1.13
2012.03.09 21:03:52.262,1.29259,1.29288,4.88,1.50
2012.03.09 21:03:52.994,1.29259,1.29288,4.50,1.88
2012.03.09 21:03:54.017,1.29259,1.29289,6.75,1.50
2012.03.09 21:03:55.736,1.29259,1.29288,6.00,1.50
2012.03.09 21:03:55.803,1.29259,1.29288,6.00,1.50
2012.03.09 21:03:56.773,1.29259,1.29288,5.63,2.25
2012.03.09 21:03:57.891,1.29259,1.29288,4.88,2.25
2012.03.09 21:04:02.049,1.29259,1.29288,5.63,2.25
2012.03.09 21:04:05.518,1.29259,1.29288,5.25,1.88
2012.03.09 21:04:06.782,1.29259,1.29288,6.00,1.50
2012.03.09 21:04:09.328,1.29259,1.29288,5.63,1.88
2012.03.09 21:04:13.033,1.29259,1.29288,6.00,1.50
2012.03.09 21:04:13.174,1.29262,1.2929,1.50,1.50
2012.03.09 21:04:13.732,1.29263,1.29291,1.13,1.50
2012.03.09 21:04:15.141,1.29262,1.29292,1.50,1.50
2012.03.09 21:04:17.193,1.29263,1.29289,1.50,1.50
2012.03.09 21:04:20.792,1.29264,1.29293,1.50,1.50
2012.03.09 21:04:32.184,1.29262,1.29293,1.50,1.50
2012.03.09 21:04:33.002,1.29264,1.29293,1.13,2.25
2012.03.09 21:04:34.201,1.29262,1.29293,1.50,2.25
2012.03.09 21:04:36.572,1.29262,1.29293,1.88,3.00
2012.03.09 21:04:38.335,1.29263,1.29293,2.25,1.50
2012.03.09 21:04:38.687,1.29263,1.29293,1.50,2.25
2012.03.09 21:04:40.783,1.29263,1.29292,2.25,1.50
2012.03.09 21:04:41.096,1.29263,1.29292,1.50,1.50
2012.03.09 21:04:43.021,1.29261,1.29292,1.50,1.50
2012.03.09 21:04:45.086,1.2926,1.29292,1.50,1.50
2012.03.09 21:04:45.212,1.2926,1.29293,1.50,1.50
2012.03.09 21:04:45.527,1.29262,1.29293,1.43,1.50
2012.03.09 21:04:45.781,1.29262,1.29292,2.18,1.50
2012.03.09 21:04:46.582,1.29264,1.29293,1.43,1.50
2012.03.09 21:04:46.771,1.29264,1.29293,2.18,1.50
2012.03.09 21:04:48.607,1.29264,1.29292,1.50,1.50
2012.03.09 21:04:51.135,1.29264,1.29292,2.18,1.50
2012.03.09 21:04:53.474,1.29264,1.29292,1.50,1.50
2012.03.09 21:04:59.222,1.29266,1.29298,1.50,1.88
2012.03.09 21:05:00.071,1.29266,1.29298,1.50,1.88
2012.03.09 21:05:00.154,1.29266,1.29297,1.50,1.13
2012.03.09 21:05:00.671,1.29266,1.29297,1.50,1.88
2012.03.09 21:05:02.044,1.29266,1.29297,1.50,1.88
2012.03.09 21:05:02.293,1.29266,1.29298,1.13,2.25
2012.03.09 21:05:06.368,1.29267,1.29294,1.13,1.50
2012.03.09 21:05:07.041,1.29266,1.29293,1.13,1.50
2012.03.09 21:05:15.421,1.29266,1.29294,1.50,1.50
2012.03.09 21:05:17.511,1.29266,1.29296,1.50,1.50
2012.03.09 21:05:24.735,1.29264,1.29294,1.13,1.50
2012.03.09 21:05:24.985,1.29262,1.29294,1.50,2.25
2012.03.09 21:05:25.173,1.29262,1.29291,1.13,1.50
2012.03.09 21:05:25.302,1.2926,1.29291,1.50,1.50
2012.03.09 21:05:27.309,1.2926,1.29291,1.50,1.50
2012.03.09 21:05:27.932,1.29258,1.29287,1.50,1.50
2012.03.09 21:05:28.064,1.29258,1.29287,1.50,1.50
2012.03.09 21:05:28.403,1.29256,1.29287,1.13,1.50
2012.03.09 21:05:29.340,1.29258,1.29287,1.88,1.50
2012.03.09 21:05:29.418,1.29261,1.29288,1.13,1.50
2012.03.09 21:05:34.969,1.29261,1.29292,1.88,1.50
2012.03.09 21:05:35.223,1.29265,1.29294,1.13,1.88
2012.03.09 21:05:35.293,1.29262,1.29294,1.50,2.63
2012.03.09 21:05:37.013,1.29261,1.29294,2.25,2.25
2012.03.09 21:05:37.083,1.29261,1.29292,2.25,1.50
2012.03.09 21:05:37.275,1.29258,1.29288,1.80,1.50
2012.03.09 21:05:37.406,1.29257,1.29288,1.88,2.25
2012.03.09 21:05:37.716,1.29261,1.29292,1.50,1.50
2012.03.09 21:05:37.842,1.29261,1.29292,1.50,1.50
2012.03.09 21:05:44.194,1.29258,1.29289,1.50,1.50
2012.03.09 21:05:44.592,1.29258,1.29293,1.50,2.25
2012.03.09 21:05:45.157,1.29262,1.29292,1.13,1.50
2012.03.09 21:05:49.274,1.2926,1.29291,1.50,1.13
2012.03.09 21:05:55.631,1.2926,1.29291,1.50,1.13
2012.03.09 21:05:56.319,1.2926,1.29291,2.25,1.13
2012.03.09 21:05:56.863,1.29259,1.29288,1.06,1.50
2012.03.09 21:05:57.012,1.29258,1.29288,1.43,1.50
2012.03.09 21:05:57.633,1.29258,1.29288,1.43,1.50
2012.03.09 21:05:58.427,1.2926,1.29288,1.06,1.50
2012.03.09 21:06:06.931,1.29258,1.29288,1.13,1.50
2012.03.09 21:06:07.675,1.29258,1.29288,1.88,1.50
2012.03.09 21:06:08.203,1.29258,1.29288,1.13,1.50
2012.03.09 21:06:14.587,1.29258,1.29288,1.13,1.50
2012.03.09 21:06:14.656,1.29257,1.29281,1.13,1.13
2012.03.09 21:06:14.985,1.29253,1.29281,1.06,1.13
2012.03.09 21:06:15.175,1.29251,1.29281,1.50,1.13
2012.03.09 21:06:15.305,1.29248,1.29281,5.93,1.13
2012.03.09 21:06:18.726,1.29248,1.29277,4.50,1.50
2012.03.09 21:06:19.067,1.29243,1.29272,1.06,1.50
2012.03.09 21:06:19.135,1.29242,1.29272,1.13,1.50
2012.03.09 21:06:19.327,1.2924,1.29272,1.06,1.50
2012.03.09 21:06:19.737,1.29243,1.29272,1.13,1.50
2012.03.09 21:06:20.563,1.29242,1.29274,1.50,1.50
2012.03.09 21:06:20.643,1.29245,1.29274,1.13,1.50
2012.03.09 21:06:21.653,1.29241,1.29273,1.13,1.50
2012.03.09 21:06:22.165,1.2924,1.29273,1.06,1.50
2012.03.09 21:06:22.444,1.29241,1.29273,1.13,1.50
2012.03.09 21:06:22.954,1.29239,1.29268,1.06,1.13
2012.03.09 21:06:24.335,1.29237,1.29268,2.18,1.50
2012.03.09 21:06:24.687,1.2924,1.2927,1.06,1.50
2012.03.09 21:06:28.841,1.29237,1.29269,1.06,1.50
2012.03.09 21:06:29.504,1.29237,1.29269,1.06,1.50
2012.03.09 21:06:30.772,1.29237,1.29269,1.06,1.50
2012.03.09 21:06:32.099,1.29237,1.29269,1.06,1.50
2012.03.09 21:06:33.194,1.29237,1.29269,1.81,1.50
2012.03.09 21:06:33.564,1.29238,1.2927,1.81,1.50
2012.03.09 21:06:37.481,1.29238,1.29269,1.50,1.50
2012.03.09 21:06:40.039,1.29237,1.29269,1.50,1.88
2012.03.09 21:06:41.142,1.29238,1.29269,1.50,1.88
2012.03.09 21:06:45.360,1.29237,1.29269,1.50,1.88
2012.03.09 21:06:45.459,1.29237,1.29269,1.50,1.88
2012.03.09 21:06:47.997,1.29237,1.29269,1.50,1.50
2012.03.09 21:06:48.062,1.29237,1.29269,1.50,1.50
2012.03.09 21:06:53.295,1.29237,1.29269,1.50,1.88
2012.03.09 21:06:54.154,1.29237,1.29267,1.13,1.50
2012.03.09 21:07:09.649,1.29237,1.29269,1.50,2.25
2012.03.09 21:07:09.904,1.29239,1.29269,1.13,1.50
2012.03.09 21:07:15.414,1.29238,1.29269,1.13,2.25
2012.03.09 21:07:15.734,1.29238,1.29269,1.13,2.25
2012.03.09 21:07:16.555,1.29237,1.29269,1.50,3.00
2012.03.09 21:07:28.540,1.29236,1.29268,1.50,1.50
2012.03.09 21:07:29.085,1.29233,1.29267,1.13,5.25
2012.03.09 21:07:29.602,1.29234,1.29265,1.50,1.13
2012.03.09 21:07:41.954,1.29232,1.29258,1.50,1.50
2012.03.09 21:07:42.026,1.29228,1.29258,1.81,1.50
2012.03.09 21:07:44.743,1.29229,1.29258,1.13,1.50
2012.03.09 21:07:47.734,1.29227,1.29255,6.00,1.50
2012.03.09 21:07:48.104,1.29222,1.29253,1.50,1.50
2012.03.09 21:07:48.412,1.29222,1.29245,1.50,1.13
2012.03.09 21:07:49.217,1.29217,1.29245,2.11,1.13
2012.03.09 21:07:57.952,1.29217,1.29246,1.88,1.50
2012.03.09 21:08:06.185,1.29216,1.29242,1.50,1.50
2012.03.09 21:08:07.924,1.29217,1.29242,1.50,1.50
2012.03.09 21:08:22.188,1.29217,1.29242,1.50,1.50
2012.03.09 21:08:27.221,1.29216,1.29242,2.25,1.50
2012.03.09 21:08:27.412,1.29217,1.29242,1.50,1.50
2012.03.09 21:08:37.523,1.29216,1.29243,2.25,1.13
2012.03.09 21:08:37.921,1.29216,1.29243,1.50,1.13
2012.03.09 21:08:48.764,1.29214,1.29244,1.50,1.50
2012.03.09 21:08:51.432,1.29218,1.29247,1.50,1.13
2012.03.09 21:08:52.146,1.29216,1.29247,1.50,1.13
2012.03.09 21:08:52.219,1.29215,1.29242,1.50,1.13
2012.03.09 21:09:00.624,1.29211,1.2924,3.00,1.13
2012.03.09 21:09:02.199,1.29211,1.29238,1.50,1.13
2012.03.09 21:09:03.726,1.29208,1.29238,2.25,1.88
2012.03.09 21:09:04.441,1.29208,1.29236,1.50,1.13
2012.03.09 21:09:07.691,1.29207,1.29236,6.00,1.13
2012.03.09 21:09:08.752,1.29208,1.29236,1.50,1.13
2012.03.09 21:09:09.747,1.29207,1.29238,6.00,1.13
2012.03.09 21:09:09.876,1.29207,1.29233,5.25,1.50
2012.03.09 21:09:10.136,1.29197,1.29228,1.50,2.25
2012.03.09 21:09:10.745,1.29196,1.29228,1.50,1.50
2012.03.09 21:09:11.254,1.29196,1.29228,1.50,1.50
2012.03.09 21:09:24.614,1.29198,1.29228,1.50,2.25
2012.03.09 21:09:27.498,1.29198,1.29228,1.50,2.25
2012.03.09 21:09:29.464,1.29198,1.29229,1.50,2.25
2012.03.09 21:09:30.525,1.29203,1.29233,1.13,1.13
2012.03.09 21:09:30.668,1.29202,1.29237,4.88,3.00
2012.03.09 21:09:31.473,1.29211,1.29237,4.50,3.00
2012.03.09 21:09:31.546,1.29203,1.29237,5.25,3.00
2012.03.09 21:09:31.744,1.29206,1.29238,1.50,1.13
2012.03.09 21:09:31.824,1.29203,1.29238,6.00,1.13
2012.03.09 21:09:35.463,1.29205,1.29239,1.13,2.25
2012.03.09 21:09:37.074,1.29203,1.29239,6.75,2.25
2012.03.09 21:09:37.186,1.29203,1.29237,6.75,1.13
2012.03.09 21:09:53.180,1.29203,1.29233,6.75,1.50
2012.03.09 21:09:53.412,1.29203,1.29233,6.00,1.50
2012.03.09 21:09:53.606,1.29203,1.29233,6.75,1.50
2012.03.09 21:09:54.142,1.29203,1.29228,6.00,1.13
2012.03.09 21:09:54.642,1.29203,1.29228,5.25,1.13
2012.03.09 21:09:55.918,1.29203,1.29228,5.25,1.13
2012.03.09 21:09:56.992,1.29203,1.29231,6.00,1.50
2012.03.09 21:09:58.373,1.29204,1.29231,1.50,1.50
2012.03.09 21:09:58.445,1.29206,1.29231,1.50,1.50
2012.03.09 21:10:03.436,1.29206,1.29234,3.00,1.50
2012.03.09 21:10:03.965,1.29207,1.29234,1.50,1.50
2012.03.09 21:10:04.313,1.29208,1.29234,1.50,1.50
2012.03.09 21:10:08.274,1.29209,1.2924,1.13,1.50
2012.03.09 21:10:08.493,1.2921,1.2924,1.50,1.50
2012.03.09 21:10:10.629,1.29212,1.29243,1.13,5.25
2012.03.09 21:10:10.883,1.29214,1.29243,1.50,5.25
2012.03.09 21:10:14.893,1.29214,1.29246,1.13,1.50
2012.03.09 21:10:15.035,1.29216,1.29246,1.50,1.50
2012.03.09 21:10:15.223,1.29216,1.29252,1.50,6.00
2012.03.09 21:10:15.421,1.29216,1.29252,2.25,6.00
2012.03.09 21:10:15.981,1.29216,1.29252,3.00,5.63
2012.03.09 21:10:17.092,1.29218,1.29252,1.50,5.63
2012.03.09 21:10:18.554,1.29218,1.29252,1.50,5.63
2012.03.09 21:10:19.386,1.29218,1.29249,1.13,1.50
2012.03.09 21:10:19.469,1.29218,1.29252,1.88,6.90
2012.03.09 21:10:22.968,1.2922,1.29252,1.50,6.90
2012.03.09 21:10:27.206,1.29217,1.29248,1.50,1.50
2012.03.09 21:10:31.302,1.29216,1.2925,2.25,1.50
2012.03.09 21:10:38.734,1.29216,1.2925,2.25,1.88
2012.03.09 21:10:39.063,1.29221,1.2925,1.50,1.50
2012.03.09 21:10:52.631,1.29221,1.29249,1.50,1.50
2012.03.09 21:10:53.261,1.29221,1.29252,2.25,5.63
2012.03.09 21:10:55.751,1.29225,1.29252,1.50,5.25
2012.03.09 21:11:01.115,1.29223,1.29252,1.50,5.63
2012.03.09 21:11:01.186,1.29221,1.29249,1.50,1.50
2012.03.09 21:11:01.254,1.29221,1.29246,1.50,1.43
2012.03.09 21:11:01.383,1.29216,1.29242,1.50,6.00
2012.03.09 21:11:01.514,1.29214,1.2924,1.50,1.50
2012.03.09 21:11:01.583,1.29213,1.29237,1.50,1.50
2012.03.09 21:11:02.416,1.29213,1.29237,1.50,1.50
2012.03.09 21:11:02.547,1.29215,1.29242,1.50,6.00
2012.03.09 21:11:04.157,1.29212,1.29239,1.50,1.50
2012.03.09 21:11:04.584,1.29212,1.29237,1.50,1.50
2012.03.09 21:11:07.875,1.29212,1.29238,1.50,1.50
2012.03.09 21:11:12.357,1.29223,1.29238,4.50,1.50
2012.03.09 21:11:12.676,1.29225,1.29254,1.13,1.50
2012.03.09 21:11:12.747,1.29226,1.29258,1.13,1.50
2012.03.09 21:11:12.876,1.29227,1.29258,1.13,1.50
2012.03.09 21:11:12.944,1.29234,1.29258,4.50,1.50
2012.03.09 21:11:13.145,1.29234,1.29262,5.25,1.50
2012.03.09 21:11:13.214,1.29234,1.29267,6.00,2.25
2012.03.09 21:11:13.525,1.29237,1.29266,1.50,1.50
2012.03.09 21:11:13.668,1.29237,1.29266,1.50,1.50
2012.03.09 21:11:14.306,1.29237,1.29268,1.50,2.63
2012.03.09 21:11:14.646,1.29244,1.2927,5.25,1.13
2012.03.09 21:11:14.715,1.29244,1.29272,5.25,1.13
2012.03.09 21:11:15.025,1.29247,1.29275,1.50,2.25
2012.03.09 21:11:15.574,1.29251,1.29275,1.50,1.50
2012.03.09 21:11:16.491,1.29251,1.29275,1.50,1.50
2012.03.09 21:11:17.143,1.29253,1.29277,5.25,1.80
2012.03.09 21:11:17.216,1.29253,1.29279,5.25,1.13
2012.03.09 21:11:17.284,1.29253,1.29281,5.25,1.13
2012.03.09 21:11:17.354,1.29253,1.29284,5.25,1.50
2012.03.09 21:11:18.293,1.29253,1.29285,5.25,1.13
2012.03.09 21:11:19.374,1.29257,1.29286,1.50,1.50
2012.03.09 21:11:19.623,1.29261,1.29293,1.50,1.13
2012.03.09 21:11:19.755,1.29261,1.29293,1.50,1.13
2012.03.09 21:11:20.063,1.29261,1.29293,1.50,1.13
2012.03.09 21:11:22.775,1.29265,1.29297,5.25,1.13
2012.03.09 21:11:23.485,1.29265,1.29297,5.25,1.13
2012.03.09 21:11:24.241,1.29265,1.29297,5.25,1.88
2012.03.09 21:11:24.772,1.29265,1.29297,5.25,1.88
2012.03.09 21:11:28.756,1.29267,1.29297,1.50,1.13
2012.03.09 21:11:37.693,1.29267,1.29298,1.50,1.50
2012.03.09 21:11:49.154,1.29267,1.29298,2.25,2.25
2012.03.09 21:11:49.834,1.29271,1.29299,1.50,1.50
2012.03.09 21:11:49.964,1.29275,1.29301,1.50,1.50
2012.03.09 21:11:50.500,1.29277,1.29307,1.50,1.50
2012.03.09 21:11:50.965,1.29276,1.29304,5.25,1.50
2012.03.09 21:11:53.885,1.29276,1.29303,5.25,1.50
2012.03.09 21:11:59.556,1.29276,1.29303,5.25,1.50
2012.03.09 21:11:59.741,1.29276,1.29301,5.25,1.13
2012.03.09 21:12:01.092,1.29276,1.29302,5.25,1.13
2012.03.09 21:12:01.635,1.29276,1.29303,5.25,1.50
2012.03.09 21:12:06.006,1.29276,1.29304,5.25,1.88
2012.03.09 21:12:09.075,1.29276,1.293,4.50,1.13
2012.03.09 21:12:10.244,1.29276,1.293,5.25,1.13
2012.03.09 21:12:10.636,1.29276,1.29299,5.25,2.25
2012.03.09 21:12:14.665,1.29276,1.29299,4.50,1.50
2012.03.09 21:12:15.114,1.29276,1.29299,4.50,1.13
2012.03.09 21:12:15.634,1.29277,1.29304,1.50,1.88
2012.03.09 21:12:16.013,1.29276,1.29304,5.25,1.13
2012.03.09 21:12:18.146,1.29276,1.29305,6.00,1.13
2012.03.09 21:12:19.519,1.29276,1.29305,5.25,1.88
2012.03.09 21:12:20.565,1.29276,1.29305,5.56,1.13
2012.03.09 21:12:20.762,1.29287,1.29311,2.11,1.13
2012.03.09 21:12:23.485,1.29287,1.2931,2.11,1.50
2012.03.09 21:12:25.543,1.29287,1.2931,2.11,1.13
2012.03.09 21:12:38.617,1.29287,1.29312,2.11,1.50
2012.03.09 21:12:39.496,1.29287,1.29315,2.11,1.13
2012.03.09 21:12:39.684,1.29287,1.29313,2.11,1.50
2012.03.09 21:12:39.753,1.29287,1.29313,2.11,1.50
2012.03.09 21:12:42.215,1.29287,1.29311,2.11,1.13
2012.03.09 21:12:52.019,1.29288,1.29314,1.06,1.13
2012.03.09 21:12:52.088,1.2929,1.29317,1.50,1.88
2012.03.09 21:12:52.227,1.29292,1.29317,1.50,1.13
2012.03.09 21:12:52.665,1.29296,1.29321,1.50,1.50
2012.03.09 21:12:52.734,1.29296,1.29321,1.50,1.13
2012.03.09 21:13:00.219,1.29296,1.2932,1.50,1.13
2012.03.09 21:13:00.496,1.29291,1.29318,1.13,1.50
2012.03.09 21:13:00.566,1.29292,1.2932,1.50,1.13
2012.03.09 21:13:00.895,1.29292,1.2932,1.50,1.13
2012.03.09 21:13:02.234,1.29292,1.2932,1.50,1.13
2012.03.09 21:13:02.866,1.29293,1.2932,1.13,1.13
2012.03.09 21:13:08.214,1.29295,1.2932,1.50,1.13
2012.03.09 21:13:09.093,1.29296,1.29322,1.50,1.13
2012.03.09 21:13:11.418,1.29296,1.29322,1.50,1.50
2012.03.09 21:13:22.610,1.29292,1.2932,1.13,1.50
2012.03.09 21:13:22.748,1.29292,1.29321,1.13,1.13
2012.03.09 21:13:24.463,1.29291,1.2932,1.50,1.50
2012.03.09 21:13:25.057,1.29291,1.2932,1.50,1.50
2012.03.09 21:13:25.379,1.29286,1.2931,4.50,1.13
2012.03.09 21:13:25.907,1.29286,1.29307,4.50,1.13
2012.03.09 21:13:25.975,1.29283,1.29306,1.13,1.13
2012.03.09 21:13:26.512,1.29276,1.29303,1.06,2.25
2012.03.09 21:13:27.140,1.29274,1.29303,5.25,1.50
2012.03.09 21:13:27.570,1.29274,1.29303,5.25,2.25
2012.03.09 21:13:27.718,1.29274,1.29302,5.25,1.50
2012.03.09 21:13:28.406,1.29274,1.29298,5.25,1.50
2012.03.09 21:13:33.373,1.29274,1.29298,5.25,1.50
2012.03.09 21:13:33.515,1.29274,1.29299,5.25,2.25
2012.03.09 21:13:37.814,1.29276,1.29305,1.50,1.50
2012.03.09 21:13:43.495,1.29276,1.29304,1.13,1.50
2012.03.09 21:13:43.944,1.29277,1.29306,1.50,2.25
2012.03.09 21:13:44.490,1.29277,1.29306,1.50,1.88
2012.03.09 21:13:44.794,1.29277,1.29304,1.50,1.50
2012.03.09 21:13:45.727,1.29274,1.29304,5.25,2.25
2012.03.09 21:13:51.884,1.29277,1.29305,1.50,1.88
2012.03.09 21:13:57.144,1.29281,1.29305,4.50,1.50
2012.03.09 21:13:57.335,1.29281,1.29305,6.00,1.50
2012.03.09 21:13:58.534,1.29281,1.29312,6.00,1.88
2012.03.09 21:14:03.064,1.29281,1.29308,5.25,1.50
2012.03.09 21:14:04.656,1.29281,1.29307,5.25,1.13
2012.03.09 21:14:05.084,1.29281,1.29306,4.50,1.50
2012.03.09 21:14:06.660,1.29278,1.29308,1.13,3.00
2012.03.09 21:14:06.875,1.29277,1.29308,1.50,3.00
2012.03.09 21:14:11.036,1.29276,1.29308,1.50,1.50
2012.03.09 21:14:14.837,1.29276,1.29308,1.50,1.13
2012.03.09 21:14:28.427,1.29276,1.29304,1.50,1.50
2012.03.09 21:14:39.576,1.29276,1.29304,1.50,1.13
2012.03.09 21:14:40.877,1.29271,1.29304,6.00,1.88
2012.03.09 21:14:43.724,1.29282,1.29306,1.50,1.13
2012.03.09 21:14:45.674,1.29282,1.29308,1.50,1.50
2012.03.09 21:14:45.804,1.29282,1.2931,1.50,1.13
2012.03.09 21:14:54.745,1.29277,1.29304,1.50,1.13
2012.03.09 21:14:55.270,1.29277,1.29304,1.50,1.50
2012.03.09 21:14:58.322,1.29275,1.29296,1.50,1.50
2012.03.09 21:15:01.775,1.29277,1.29306,1.50,1.50
2012.03.09 21:15:03.003,1.29277,1.29305,1.50,1.50
2012.03.09 21:15:04.366,1.29277,1.29304,1.50,1.13
2012.03.09 21:15:10.648,1.29277,1.29304,1.50,1.80
2012.03.09 21:15:11.012,1.29277,1.29304,1.50,1.88
2012.03.09 21:15:11.497,1.29277,1.29304,1.50,2.25
2012.03.09 21:15:22.620,1.29276,1.29295,1.50,1.50
2012.03.09 21:15:22.876,1.29276,1.29302,1.50,1.50
2012.03.09 21:15:23.910,1.29276,1.29302,1.50,1.13
2012.03.09 21:15:24.114,1.29276,1.29304,1.50,1.13
2012.03.09 21:15:27.986,1.29272,1.29301,1.50,2.18
2012.03.09 21:15:28.056,1.29272,1.29296,1.50,1.13
2012.03.09 21:15:29.497,1.29272,1.29296,1.50,1.13
2012.03.09 21:15:36.965,1.29271,1.29299,1.50,1.50
2012.03.09 21:15:37.036,1.29277,1.29302,1.50,1.50
2012.03.09 21:15:37.223,1.29277,1.29303,1.50,1.50
2012.03.09 21:15:37.610,1.29277,1.29301,1.50,1.50
2012.03.09 21:15:58.818,1.29277,1.29301,1.50,1.13
2012.03.09 21:15:58.882,1.29277,1.29304,1.50,1.13
2012.03.09 21:16:12.633,1.29277,1.29301,1.50,1.50
2012.03.09 21:16:12.704,1.29277,1.29299,1.50,2.25
2012.03.09 21:16:12.836,1.29271,1.29297,1.50,1.13
2012.03.09 21:16:13.276,1.29271,1.29297,1.50,1.13
2012.03.09 21:16:13.471,1.29271,1.29298,1.50,1.50
2012.03.09 21:16:13.672,1.29276,1.29302,1.50,1.13
2012.03.09 21:16:14.179,1.29276,1.29302,1.50,1.13
2012.03.09 21:16:14.685,1.29276,1.29302,1.50,1.50
2012.03.09 21:16:36.200,1.29272,1.29301,1.50,1.13
2012.03.09 21:16:37.814,1.29272,1.29301,1.50,1.88
2012.03.09 21:16:45.433,1.29272,1.29302,1.50,1.13
2012.03.09 21:16:47.665,1.29272,1.29303,1.50,3.38
2012.03.09 21:16:53.961,1.29272,1.29302,1.50,1.50
2012.03.09 21:16:54.283,1.29277,1.29302,1.50,1.13
2012.03.09 21:16:54.804,1.29277,1.29303,1.50,1.50
2012.03.09 21:16:54.873,1.29277,1.29305,1.50,1.13
2012.03.09 21:16:55.475,1.29277,1.29305,1.50,1.50
2012.03.09 21:17:00.207,1.29277,1.29302,1.50,1.13
2012.03.09 21:17:00.754,1.29277,1.29304,1.50,1.13
2012.03.09 21:17:01.182,1.29276,1.29304,1.50,1.13
2012.03.09 21:17:01.793,1.29273,1.29303,1.88,1.50
2012.03.09 21:17:11.724,1.29276,1.29303,1.50,1.50
2012.03.09 21:17:14.594,1.29277,1.29306,1.50,1.88
2012.03.09 21:17:23.998,1.29272,1.29301,1.13,1.50
2012.03.09 21:17:24.124,1.29272,1.29301,1.13,1.50
2012.03.09 21:17:32.163,1.29272,1.29303,1.13,1.50
2012.03.09 21:17:53.869,1.29272,1.293,1.13,1.13
2012.03.09 21:18:22.281,1.29272,1.293,1.13,1.50
2012.03.09 21:18:23.623,1.29271,1.29299,1.50,2.25
2012.03.09 21:18:23.923,1.29269,1.29299,1.13,2.25
2012.03.09 21:18:25.014,1.29267,1.29299,1.50,2.25
2012.03.09 21:18:26.194,1.29267,1.29297,1.50,1.13
2012.03.09 21:18:26.519,1.29264,1.29288,1.50,1.13
2012.03.09 21:18:26.787,1.29257,1.29273,1.50,1.13
2012.03.09 21:18:26.985,1.29256,1.29272,1.50,1.13
2012.03.09 21:18:27.117,1.29251,1.29272,1.50,1.13
2012.03.09 21:18:27.186,1.29251,1.29272,1.50,1.13
2012.03.09 21:18:27.375,1.29252,1.29272,1.50,1.13
2012.03.09 21:18:27.878,1.29252,1.29276,1.50,1.88
2012.03.09 21:18:29.926,1.29251,1.29275,1.50,1.13
2012.03.09 21:18:30.056,1.29251,1.29272,1.50,1.13
2012.03.09 21:18:30.560,1.2925,1.29272,1.50,1.50
2012.03.09 21:18:33.015,1.29248,1.2927,1.50,1.50
2012.03.09 21:18:33.084,1.29248,1.2927,1.50,1.13
2012.03.09 21:18:33.287,1.29251,1.29277,1.50,1.50
2012.03.09 21:18:33.595,1.29251,1.2928,1.50,1.13
2012.03.09 21:18:38.615,1.29253,1.29282,1.50,1.13
2012.03.09 21:18:39.045,1.29257,1.29281,1.50,1.50
2012.03.09 21:18:45.971,1.29256,1.29278,1.50,1.13
2012.03.09 21:18:46.199,1.29246,1.29274,2.25,1.50
2012.03.09 21:18:46.276,1.29246,1.29269,1.50,1.13
2012.03.09 21:18:46.488,1.29241,1.29264,1.50,1.43
2012.03.09 21:18:46.563,1.29239,1.29262,1.50,1.50
2012.03.09 21:18:46.712,1.29241,1.29268,1.50,1.13
2012.03.09 21:18:46.999,1.29235,1.29264,1.50,1.50
2012.03.09 21:18:47.654,1.29232,1.29263,1.50,1.50
2012.03.09 21:18:47.828,1.29232,1.29264,1.50,1.50
2012.03.09 21:18:48.338,1.29241,1.29268,1.50,1.13
2012.03.09 21:18:48.478,1.29241,1.29271,1.50,1.50
2012.03.09 21:18:48.617,1.29245,1.29277,1.50,2.63
2012.03.09 21:19:08.345,1.29241,1.29276,1.81,1.13
2012.03.09 21:19:11.762,1.29241,1.29277,1.81,1.13
2012.03.09 21:19:20.976,1.29241,1.29274,1.50,1.13
2012.03.09 21:19:21.754,1.29241,1.29273,1.50,1.80
2012.03.09 21:19:21.884,1.29241,1.29272,1.50,1.50
2012.03.09 21:19:22.144,1.29239,1.29271,1.88,1.88
2012.03.09 21:19:25.795,1.29239,1.2927,1.88,1.50
2012.03.09 21:19:26.947,1.29239,1.2927,1.50,1.50
2012.03.09 21:19:29.226,1.29239,1.2927,1.50,1.50
2012.03.09 21:19:32.377,1.29242,1.29271,1.50,1.88
2012.03.09 21:19:37.214,1.29242,1.29269,1.50,1.50
2012.03.09 21:19:39.145,1.29242,1.2927,1.50,1.50
2012.03.09 21:19:39.833,1.29242,1.2927,1.50,1.50
2012.03.09 21:19:47.437,1.29242,1.2927,1.50,1.50
2012.03.09 21:19:47.565,1.29242,1.2927,1.50,1.50
2012.03.09 21:19:49.876,1.29242,1.2927,1.50,1.50
2012.03.09 21:19:57.557,1.29242,1.2927,1.50,1.50
2012.03.09 21:19:59.184,1.29246,1.2927,1.50,1.50
2012.03.09 21:19:59.693,1.29247,1.29271,1.50,1.13
2012.03.09 21:20:00.166,1.29243,1.2927,1.50,1.13
2012.03.09 21:20:00.520,1.29231,1.29256,1.50,6.00
2012.03.09 21:20:00.597,1.2923,1.29254,1.50,1.88
2012.03.09 21:20:01.236,1.29227,1.29252,1.50,1.13
2012.03.09 21:20:03.866,1.2923,1.29252,1.50,1.13
2012.03.09 21:20:04.010,1.2923,1.29252,1.50,1.13
2012.03.09 21:20:04.850,1.29227,1.29252,1.50,1.50
2012.03.09 21:20:04.987,1.2923,1.29252,1.50,1.50
2012.03.09 21:20:08.166,1.2923,1.29254,1.81,1.13
2012.03.09 21:20:08.251,1.29234,1.29258,1.50,1.50
2012.03.09 21:20:08.584,1.29237,1.29261,1.50,1.50
2012.03.09 21:20:09.526,1.29237,1.29261,1.50,1.50
2012.03.09 21:20:11.934,1.29232,1.29264,1.50,1.50
2012.03.09 21:20:12.206,1.29232,1.29261,1.50,1.88
2012.03.09 21:20:14.402,1.29237,1.29265,1.50,1.13
2012.03.09 21:20:14.480,1.29237,1.29265,1.50,1.13
2012.03.09 21:20:14.805,1.29237,1.29264,1.50,1.50
2012.03.09 21:20:15.995,1.29237,1.29266,1.50,1.50
2012.03.09 21:20:16.269,1.29237,1.29267,1.50,1.88
2012.03.09 21:20:18.088,1.29237,1.29266,1.50,1.50
2012.03.09 21:20:19.108,1.29228,1.29255,1.06,5.25
2012.03.09 21:20:19.399,1.29226,1.29247,1.50,1.13
2012.03.09 21:20:28.056,1.29222,1.29244,1.50,1.13
2012.03.09 21:20:29.045,1.29222,1.29245,1.50,1.13
2012.03.09 21:20:34.850,1.29225,1.29244,1.50,1.13
2012.03.09 21:20:34.998,1.29221,1.29244,1.50,1.13
2012.03.09 21:20:35.486,1.29221,1.29244,1.50,1.13
2012.03.09 21:20:36.306,1.29221,1.29245,1.50,1.50
2012.03.09 21:20:38.965,1.29221,1.29245,1.50,1.50
2012.03.09 21:20:40.167,1.29223,1.29245,1.50,1.50
2012.03.09 21:20:40.514,1.29221,1.29248,1.50,2.18
2012.03.09 21:20:41.918,1.29221,1.29248,1.50,1.50
2012.03.09 21:20:42.414,1.29221,1.29248,1.50,1.50
2012.03.09 21:20:42.925,1.29222,1.29248,1.50,1.50
2012.03.09 21:20:47.763,1.29218,1.29248,1.36,2.25
2012.03.09 21:20:53.174,1.29221,1.29248,1.50,1.50
2012.03.09 21:20:58.106,1.29221,1.29246,1.50,1.50
2012.03.09 21:20:59.862,1.29221,1.29245,1.50,1.13
2012.03.09 21:21:00.421,1.29218,1.29245,1.36,1.50
2012.03.09 21:21:31.874,1.29222,1.29246,1.50,1.50
2012.03.09 21:21:48.785,1.29221,1.29245,1.50,1.50
2012.03.09 21:22:11.995,1.29217,1.29246,1.50,1.50
2012.03.09 21:22:21.943,1.29217,1.29246,1.50,1.50
2012.03.09 21:22:23.255,1.29217,1.29247,1.50,1.50
2012.03.09 21:22:24.764,1.29221,1.29247,1.50,1.50
2012.03.09 21:22:26.758,1.29221,1.29247,1.50,1.88
2012.03.09 21:22:28.655,1.29221,1.29247,1.50,1.88
2012.03.09 21:22:29.787,1.29212,1.29244,1.06,1.13
2012.03.09 21:22:32.175,1.29212,1.29243,1.50,1.50
2012.03.09 21:22:32.245,1.29212,1.29243,1.81,1.50
2012.03.09 21:22:33.271,1.29212,1.29241,1.50,1.88
2012.03.09 21:22:41.386,1.29212,1.2924,1.50,1.13
2012.03.09 21:22:42.617,1.29212,1.29242,1.50,2.25
2012.03.09 21:22:54.080,1.29212,1.29242,1.50,1.13
2012.03.09 21:22:54.155,1.29212,1.29243,1.50,1.50
2012.03.09 21:23:00.367,1.29218,1.29244,1.13,1.50
2012.03.09 21:23:01.072,1.29218,1.29245,1.13,6.00
2012.03.09 21:23:01.703,1.29218,1.29245,1.13,6.00
2012.03.09 21:23:02.485,1.29218,1.29245,1.13,5.25
2012.03.09 21:23:06.765,1.29218,1.29245,1.13,5.63
2012.03.09 21:23:15.234,1.29213,1.29248,1.13,1.50
2012.03.09 21:23:22.520,1.29209,1.29248,1.50,2.25
2012.03.09 21:23:25.124,1.29209,1.29244,1.50,1.13
2012.03.09 21:23:25.641,1.29209,1.29245,1.50,1.50
2012.03.09 21:23:25.776,1.29209,1.29245,1.50,1.50
2012.03.09 21:23:25.985,1.29209,1.29245,1.50,1.50
2012.03.09 21:23:35.339,1.29209,1.29242,1.50,1.13
2012.03.09 21:23:35.408,1.29209,1.29242,1.50,1.50
2012.03.09 21:23:40.228,1.29209,1.29242,1.50,1.13
2012.03.09 21:23:40.358,1.29214,1.29243,1.50,1.13
2012.03.09 21:23:40.428,1.29214,1.29246,1.50,1.50
2012.03.09 21:23:41.161,1.29214,1.29251,1.50,1.50
2012.03.09 21:23:42.185,1.29214,1.29252,1.50,3.00
2012.03.09 21:23:42.255,1.29214,1.29252,1.50,3.00
2012.03.09 21:23:44.960,1.29214,1.29251,1.50,1.50
2012.03.09 21:23:46.419,1.29214,1.29248,1.50,1.13
2012.03.09 21:23:52.496,1.29214,1.2925,1.50,1.50
2012.03.09 21:24:13.890,1.29214,1.29248,1.50,1.50
2012.03.09 21:24:14.238,1.29211,1.29233,1.13,4.50
2012.03.09 21:24:14.313,1.29211,1.29248,1.13,1.50
2012.03.09 21:24:14.387,1.2921,1.29243,1.50,1.43
2012.03.09 21:24:14.457,1.2921,1.29243,1.50,2.18
2012.03.09 21:24:15.358,1.2921,1.29246,1.81,1.13
2012.03.09 21:24:15.425,1.2921,1.29248,1.81,2.25
2012.03.09 21:24:16.488,1.2921,1.29248,1.81,1.50
2012.03.09 21:24:22.941,1.29216,1.29251,1.50,6.00
2012.03.09 21:24:23.086,1.29216,1.29251,1.50,5.25
2012.03.09 21:24:23.597,1.29216,1.29251,1.50,5.25
2012.03.09 21:24:24.115,1.29216,1.29251,1.50,5.25
2012.03.09 21:24:24.456,1.29216,1.29251,1.50,6.00
2012.03.09 21:24:25.097,1.29216,1.29251,1.50,6.00
2012.03.09 21:24:25.656,1.29216,1.29251,1.50,5.25
2012.03.09 21:24:26.326,1.29216,1.29251,1.50,5.25
2012.03.09 21:24:27.667,1.29216,1.29251,1.50,5.25
2012.03.09 21:24:33.647,1.29216,1.29251,1.50,5.25
2012.03.09 21:24:34.165,1.29216,1.29251,1.50,5.25
2012.03.09 21:24:50.949,1.29231,1.29252,1.43,3.00
2012.03.09 21:24:51.089,1.29238,1.29256,1.50,1.50
2012.03.09 21:24:51.226,1.29238,1.29265,2.25,1.50
2012.03.09 21:24:51.298,1.2924,1.29271,1.50,1.13
2012.03.09 21:24:51.428,1.29241,1.29272,1.50,1.13
2012.03.09 21:24:56.189,1.29241,1.29273,1.50,1.50
2012.03.09 21:24:58.370,1.29241,1.29271,1.50,1.13
2012.03.09 21:24:58.511,1.2924,1.29268,1.06,1.50
2012.03.09 21:24:58.590,1.29227,1.29263,1.50,5.25
2012.03.09 21:24:58.777,1.29227,1.29263,1.50,5.25
2012.03.09 21:24:58.975,1.29227,1.29263,1.50,5.25
2012.03.09 21:25:02.890,1.29225,1.29263,1.81,5.25
2012.03.09 21:25:03.677,1.29225,1.29263,1.81,5.25
2012.03.09 21:25:04.031,1.29225,1.29263,1.81,5.25
2012.03.09 21:25:04.219,1.29225,1.29263,1.81,5.25
2012.03.09 21:25:04.769,1.29225,1.29263,1.50,5.25
2012.03.09 21:25:05.747,1.29225,1.29261,1.06,1.50
2012.03.09 21:25:17.324,1.29226,1.29261,1.50,2.25
2012.03.09 21:25:17.577,1.29232,1.29265,1.88,1.13
2012.03.09 21:25:17.720,1.29236,1.29268,1.50,1.50
2012.03.09 21:25:17.998,1.29236,1.2927,1.50,2.25
2012.03.09 21:25:18.554,1.29236,1.2927,1.50,1.50
2012.03.09 21:25:19.096,1.29236,1.2927,1.88,1.50
2012.03.09 21:25:19.694,1.29236,1.2927,1.88,1.50
2012.03.09 21:25:22.268,1.29237,1.29273,1.81,1.50
2012.03.09 21:25:30.045,1.29233,1.29272,1.50,1.50
2012.03.09 21:25:31.885,1.29233,1.29272,1.50,1.50
2012.03.09 21:25:32.709,1.29233,1.29272,1.50,2.25
2012.03.09 21:25:33.402,1.29233,1.29272,1.50,2.25
2012.03.09 21:25:35.820,1.29233,1.29272,1.50,2.25
2012.03.09 21:25:37.238,1.29233,1.29272,1.50,2.25
2012.03.09 21:25:37.765,1.29233,1.29272,1.50,2.25
2012.03.09 21:25:39.373,1.29236,1.29272,1.50,2.25
2012.03.09 21:25:49.108,1.29236,1.29271,1.50,1.50
2012.03.09 21:25:50.262,1.29236,1.29271,1.50,1.50
2012.03.09 21:25:55.869,1.29233,1.29272,1.50,2.25
2012.03.09 21:26:02.936,1.29233,1.2927,1.50,1.50
2012.03.09 21:26:03.007,1.29233,1.29263,1.50,1.13
2012.03.09 21:26:03.348,1.29232,1.29261,1.50,1.13
2012.03.09 21:26:05.465,1.2923,1.29267,1.06,1.13
2012.03.09 21:26:06.135,1.2923,1.29249,1.06,1.43
2012.03.09 21:26:06.213,1.29227,1.2925,1.06,1.80
2012.03.09 21:26:06.408,1.29226,1.2925,1.13,1.80
2012.03.09 21:26:07.007,1.29222,1.29246,1.50,1.43
2012.03.09 21:26:07.299,1.29216,1.29244,1.50,1.50
2012.03.09 21:26:07.487,1.29217,1.29246,1.50,1.13
2012.03.09 21:26:07.809,1.29221,1.29248,1.50,1.13
2012.03.09 21:26:08.007,1.29218,1.29248,1.06,1.13
2012.03.09 21:26:08.447,1.29218,1.29245,1.06,1.50
2012.03.09 21:26:09.936,1.29211,1.29244,1.50,2.25
2012.03.09 21:26:11.398,1.29212,1.29244,1.50,2.25
2012.03.09 21:26:15.019,1.29212,1.29241,1.50,1.13
2012.03.09 21:26:17.391,1.29212,1.29243,1.50,1.88
2012.03.09 21:26:17.476,1.29216,1.29247,1.50,1.50
2012.03.09 21:26:20.728,1.29216,1.29247,1.50,1.50
2012.03.09 21:26:21.919,1.29216,1.29247,1.50,1.50
2012.03.09 21:26:34.007,1.29212,1.29244,1.06,2.25
2012.03.09 21:26:35.026,1.29213,1.29242,1.06,1.50
2012.03.09 21:26:35.576,1.29217,1.29243,1.50,1.50
2012.03.09 21:26:35.896,1.29221,1.29247,1.50,1.13
2012.03.09 21:26:35.969,1.29222,1.29248,1.50,1.13
2012.03.09 21:26:36.308,1.29222,1.29253,1.50,1.50
2012.03.09 21:26:38.240,1.29221,1.29258,1.50,2.25
2012.03.09 21:26:40.790,1.29221,1.29258,1.88,3.00
2012.03.09 21:26:49.495,1.29227,1.29254,1.50,1.50
2012.03.09 21:26:50.053,1.29226,1.29258,1.50,1.50
2012.03.09 21:26:53.140,1.29223,1.29258,1.06,1.88
2012.03.09 21:26:54.059,1.29232,1.2926,1.50,1.13
2012.03.09 21:26:54.456,1.29233,1.29263,1.13,1.88
2012.03.09 21:26:55.828,1.29224,1.29262,1.50,1.50
2012.03.09 21:26:56.146,1.29222,1.29258,1.06,2.25
2012.03.09 21:26:57.417,1.29221,1.29255,1.50,1.50
2012.03.09 21:26:57.678,1.29221,1.29255,1.50,1.50
2012.03.09 21:27:01.652,1.29221,1.29255,1.50,1.50
2012.03.09 21:27:09.453,1.29221,1.29255,1.50,1.50
2012.03.09 21:27:14.316,1.29221,1.29255,1.50,1.50
2012.03.09 21:27:16.302,1.29221,1.29252,1.81,1.50
2012.03.09 21:27:16.446,1.29221,1.2925,1.50,1.50
2012.03.09 21:27:18.076,1.2922,1.29253,1.06,1.50
2012.03.09 21:27:23.619,1.29211,1.2925,1.81,1.50
2012.03.09 21:27:23.958,1.29212,1.2925,1.06,2.25
2012.03.09 21:27:27.731,1.29207,1.29243,1.50,1.50
2012.03.09 21:27:32.738,1.29211,1.29243,1.50,1.50
2012.03.09 21:27:57.855,1.2921,1.29248,1.50,2.63
2012.03.09 21:28:03.152,1.29211,1.29248,1.50,2.25
2012.03.09 21:28:47.086,1.29217,1.29252,1.50,1.50
2012.03.09 21:28:47.798,1.29217,1.29251,1.50,1.50
2012.03.09 21:28:48.652,1.29217,1.29251,1.50,1.50
2012.03.09 21:28:49.887,1.29217,1.29251,1.50,1.50
2012.03.09 21:28:51.999,1.29221,1.2925,1.50,1.50
2012.03.09 21:28:53.434,1.29216,1.29251,1.50,1.50
2012.03.09 21:29:00.075,1.29222,1.2925,1.50,1.50
2012.03.09 21:29:01.136,1.29222,1.29251,1.50,2.25
2012.03.09 21:29:01.356,1.29222,1.29251,1.50,2.25
2012.03.09 21:29:07.883,1.29212,1.29248,1.50,1.50
2012.03.09 21:29:09.460,1.29206,1.29249,1.50,1.50
2012.03.09 21:29:20.172,1.29205,1.29239,1.50,1.50
2012.03.09 21:29:20.495,1.29206,1.29239,1.50,1.50
2012.03.09 21:29:21.896,1.29207,1.29238,1.50,1.50
2012.03.09 21:29:23.326,1.29206,1.29244,1.50,2.25
2012.03.09 21:29:40.095,1.29206,1.29244,1.50,2.25
2012.03.09 21:29:43.507,1.29206,1.29244,1.50,2.25
2012.03.09 21:29:44.109,1.29214,1.29251,1.50,1.50
2012.03.09 21:29:45.427,1.29214,1.29249,1.50,1.50
2012.03.09 21:29:56.385,1.29216,1.29253,1.50,1.50
2012.03.09 21:29:57.464,1.29214,1.29249,1.50,1.50
2012.03.09 21:30:01.378,1.29217,1.29251,1.50,1.50
2012.03.09 21:30:03.265,1.29221,1.29253,1.50,1.50
2012.03.09 21:30:12.008,1.29216,1.29253,1.50,1.13
2012.03.09 21:30:22.478,1.29217,1.2925,1.50,1.50
2012.03.09 21:30:22.850,1.29214,1.29248,1.50,1.50
2012.03.09 21:30:23.278,1.29212,1.29248,1.50,1.50
2012.03.09 21:30:24.398,1.29212,1.29248,1.50,1.50
2012.03.09 21:30:27.741,1.29216,1.29248,1.50,1.50
2012.03.09 21:30:28.978,1.29217,1.2925,1.50,1.50
2012.03.09 21:30:36.195,1.29216,1.29253,1.50,1.50
2012.03.09 21:30:43.736,1.29216,1.29253,1.50,1.50
2012.03.09 21:30:44.652,1.29216,1.29253,1.50,1.50
2012.03.09 21:30:44.988,1.29217,1.29251,1.50,1.50
2012.03.09 21:30:45.560,1.29215,1.29249,1.50,1.50
2012.03.09 21:30:45.998,1.29212,1.29248,1.50,1.50
2012.03.09 21:30:46.928,1.29213,1.29249,1.50,1.50
2012.03.09 21:30:50.396,1.29215,1.29249,1.50,1.50
2012.03.09 21:30:53.445,1.29216,1.29249,1.50,1.50
2012.03.09 21:31:24.034,1.29216,1.29249,1.50,1.50
2012.03.09 21:31:35.908,1.29211,1.29249,1.50,2.25
2012.03.09 21:31:38.662,1.29212,1.29248,1.50,1.50
2012.03.09 21:31:39.403,1.29216,1.29249,1.50,1.50
2012.03.09 21:31:42.289,1.29217,1.29249,1.50,1.50
2012.03.09 21:31:50.703,1.29217,1.29251,1.50,1.13
2012.03.09 21:31:51.982,1.29217,1.29251,1.50,1.13
2012.03.09 21:31:52.838,1.29217,1.29251,1.50,1.13
2012.03.09 21:31:53.595,1.29216,1.29251,1.50,1.13
2012.03.09 21:32:06.827,1.29217,1.29251,1.50,1.13
2012.03.09 21:32:11.998,1.29217,1.29253,1.50,1.50
2012.03.09 21:32:12.329,1.29228,1.29257,1.50,1.50
2012.03.09 21:32:12.406,1.29218,1.29257,6.00,1.50
2012.03.09 21:32:12.548,1.29226,1.29262,1.50,1.50
2012.03.09 21:32:13.150,1.29222,1.2926,1.50,1.50
2012.03.09 21:32:14.338,1.29227,1.29263,1.50,1.50
2012.03.09 21:32:21.383,1.29227,1.29259,1.50,1.50
2012.03.09 21:32:21.462,1.29227,1.29254,1.50,1.50
2012.03.09 21:32:21.610,1.29217,1.2925,1.50,1.50
2012.03.09 21:32:22.259,1.29216,1.29249,1.50,1.50
2012.03.09 21:32:27.106,1.29216,1.29251,1.50,1.88
2012.03.09 21:32:29.516,1.29216,1.29251,1.50,1.88
2012.03.09 21:32:30.088,1.29216,1.29251,1.50,1.88
2012.03.09 21:32:30.349,1.29217,1.2925,1.50,1.13
2012.03.09 21:32:35.211,1.29216,1.29252,2.25,1.13
2012.03.09 21:32:36.061,1.29217,1.29251,1.50,1.13
2012.03.09 21:32:42.440,1.29216,1.29251,2.25,1.13
2012.03.09 21:32:49.190,1.29217,1.29254,1.50,1.13
2012.03.09 21:32:49.697,1.29216,1.29254,2.25,1.13
2012.03.09 21:32:51.636,1.29216,1.2925,1.50,1.88
2012.03.09 21:32:57.415,1.29212,1.2925,1.50,1.88
2012.03.09 21:32:58.686,1.29212,1.29248,2.25,1.50
2012.03.09 21:33:02.358,1.29212,1.2925,2.25,1.50
2012.03.09 21:33:02.697,1.29217,1.2925,1.50,1.50
2012.03.09 21:33:06.546,1.29216,1.2925,1.50,1.50
2012.03.09 21:33:24.906,1.29221,1.2925,1.50,1.50
2012.03.09 21:33:34.779,1.29217,1.29254,1.50,1.50
2012.03.09 21:33:35.142,1.29212,1.2925,1.50,1.50
2012.03.09 21:33:48.271,1.29212,1.29248,2.25,2.25
2012.03.09 21:33:48.612,1.29212,1.29248,2.25,2.25
2012.03.09 21:33:49.342,1.29212,1.29246,1.50,1.13
2012.03.09 21:33:54.587,1.29212,1.29248,1.50,1.13
2012.03.09 21:33:58.518,1.29212,1.29249,1.50,1.50
2012.03.09 21:33:58.899,1.29212,1.29249,1.50,1.50
2012.03.09 21:33:59.038,1.29212,1.2925,1.50,1.50
2012.03.09 21:33:59.927,1.29212,1.29248,1.50,1.50
2012.03.09 21:34:01.974,1.29212,1.29249,1.50,1.50
2012.03.09 21:34:18.261,1.29212,1.29249,2.25,1.50
2012.03.09 21:34:18.609,1.29206,1.29244,2.25,1.50
2012.03.09 21:34:20.814,1.29206,1.29243,1.50,1.50
2012.03.09 21:34:21.417,1.29202,1.29239,2.25,1.50
2012.03.09 21:34:22.370,1.29202,1.29238,1.50,1.50
2012.03.09 21:34:25.104,1.29206,1.29238,1.50,1.13
2012.03.09 21:34:25.478,1.29207,1.29238,1.50,1.50
2012.03.09 21:34:25.833,1.29217,1.29253,1.50,1.50
2012.03.09 21:34:26.089,1.29212,1.29252,1.50,1.50
2012.03.09 21:34:27.484,1.29211,1.29252,2.25,1.50
2012.03.09 21:34:28.312,1.29212,1.29245,1.50,1.50
2012.03.09 21:34:28.654,1.29217,1.29245,1.50,1.50
2012.03.09 21:34:29.000,1.29211,1.29245,1.50,1.50
2012.03.09 21:34:29.348,1.29207,1.29245,1.50,1.50
2012.03.09 21:34:31.056,1.29207,1.29245,1.50,1.50
2012.03.09 21:34:35.636,1.29207,1.29244,1.50,1.13
2012.03.09 21:34:38.275,1.29207,1.29244,2.25,1.13
2012.03.09 21:34:38.537,1.2921,1.29245,1.50,1.50
2012.03.09 21:34:39.176,1.29207,1.29246,1.50,1.50
2012.03.09 21:34:40.190,1.29212,1.29246,1.50,1.50
2012.03.09 21:34:40.389,1.29212,1.2925,2.25,1.50
2012.03.09 21:34:42.828,1.29212,1.2925,1.50,1.50
2012.03.09 21:34:43.184,1.29211,1.29247,1.50,1.50
2012.03.09 21:34:44.355,1.29212,1.29247,1.50,1.50
2012.03.09 21:34:44.572,1.29212,1.29247,1.50,2.25
2012.03.09 21:34:45.084,1.29211,1.29246,1.50,1.50
2012.03.09 21:34:46.717,1.29207,1.29245,2.11,2.25
2012.03.09 21:34:47.407,1.29207,1.29244,1.36,1.88
2012.03.09 21:34:47.600,1.29207,1.29242,1.36,1.50
2012.03.09 21:34:48.253,1.29206,1.29246,2.25,1.50
2012.03.09 21:34:50.198,1.29205,1.29246,1.50,1.50
2012.03.09 21:34:51.239,1.29206,1.29244,1.50,2.25
2012.03.09 21:34:52.133,1.29207,1.29245,1.50,1.50
2012.03.09 21:34:57.197,1.29207,1.29247,1.50,1.50
2012.03.09 21:34:59.205,1.29207,1.29247,1.50,2.25
2012.03.09 21:35:07.042,1.29207,1.29247,1.50,1.50
2012.03.09 21:35:07.376,1.29207,1.29247,1.50,1.50
2012.03.09 21:35:07.680,1.29207,1.29238,1.50,1.50
2012.03.09 21:35:07.752,1.29207,1.29231,1.50,4.88
2012.03.09 21:35:07.831,1.29207,1.29229,1.50,1.88
2012.03.09 21:35:07.972,1.29197,1.29217,1.06,1.50
2012.03.09 21:35:08.050,1.29188,1.29217,1.06,1.50
2012.03.09 21:35:08.261,1.29191,1.29223,1.50,1.50
2012.03.09 21:35:08.608,1.29182,1.29212,1.50,1.50
2012.03.09 21:35:08.678,1.29182,1.29212,1.50,1.50
2012.03.09 21:35:18.151,1.29186,1.29223,1.50,1.50
2012.03.09 21:35:20.018,1.29186,1.29223,1.50,1.50
2012.03.09 21:35:25.163,1.29192,1.29228,1.50,1.50
2012.03.09 21:35:25.380,1.29192,1.29229,1.50,5.25
2012.03.09 21:35:25.707,1.29193,1.29229,1.50,4.50
2012.03.09 21:35:27.138,1.29198,1.29229,1.50,4.50
2012.03.09 21:35:29.321,1.29198,1.29213,1.50,4.50
2012.03.09 21:35:29.639,1.29182,1.29213,1.81,5.25
2012.03.09 21:35:30.392,1.29177,1.29213,2.25,5.25
2012.03.09 21:35:30.947,1.29177,1.29212,1.50,1.50
2012.03.09 21:35:31.559,1.29177,1.29213,2.25,5.25
2012.03.09 21:35:31.910,1.2919,1.29227,1.50,1.50
2012.03.09 21:35:31.984,1.292,1.29231,1.50,2.25
2012.03.09 21:35:32.522,1.292,1.29232,1.50,1.13
2012.03.09 21:35:34.248,1.29191,1.29223,1.50,4.50
2012.03.09 21:35:34.321,1.29185,1.29223,1.50,5.25
2012.03.09 21:35:34.709,1.29182,1.29218,1.50,1.50
2012.03.09 21:35:35.061,1.29166,1.29192,1.50,4.50
2012.03.09 21:35:35.129,1.29166,1.29192,1.50,4.50
2012.03.09 21:35:37.757,1.29178,1.29192,2.25,4.50
2012.03.09 21:35:37.836,1.29179,1.29212,1.50,5.25
2012.03.09 21:35:38.108,1.29184,1.29212,1.50,4.50
2012.03.09 21:35:39.400,1.29184,1.29212,1.50,5.25
2012.03.09 21:35:45.496,1.29184,1.29223,1.50,1.50
2012.03.09 21:35:46.237,1.29184,1.29223,1.50,1.50
2012.03.09 21:36:08.078,1.29184,1.29223,1.50,1.50
2012.03.09 21:36:08.459,1.29184,1.29218,1.50,1.50
2012.03.09 21:36:08.664,1.29168,1.292,1.06,1.50
2012.03.09 21:36:08.871,1.29167,1.29198,1.50,1.50
2012.03.09 21:36:09.819,1.29167,1.29198,1.50,1.50
2012.03.09 21:36:10.278,1.29177,1.29216,1.50,2.10
2012.03.09 21:36:10.418,1.29179,1.29216,1.50,1.50
2012.03.09 21:36:10.755,1.29179,1.29217,1.50,1.50
2012.03.09 21:36:11.285,1.29179,1.29217,1.50,1.50
2012.03.09 21:36:15.255,1.29179,1.29218,1.50,1.50
2012.03.09 21:36:19.429,1.29179,1.29202,1.50,4.50
2012.03.09 21:36:19.498,1.29179,1.29202,1.50,4.50
2012.03.09 21:36:19.641,1.29174,1.29202,1.50,6.00
2012.03.09 21:36:19.708,1.29174,1.29199,1.50,1.50
2012.03.09 21:36:22.282,1.29174,1.29199,1.50,1.50
2012.03.09 21:36:22.570,1.29178,1.29219,1.13,2.25
2012.03.09 21:36:22.779,1.29179,1.29219,1.50,1.50
2012.03.09 21:36:23.269,1.29181,1.2922,1.50,1.50
2012.03.09 21:36:26.698,1.29181,1.2922,1.50,1.50
2012.03.09 21:36:30.701,1.29181,1.29223,1.50,2.25
2012.03.09 21:36:31.098,1.29181,1.2922,1.50,1.50
2012.03.09 21:36:35.759,1.29181,1.2922,1.50,1.50
2012.03.09 21:36:36.532,1.29181,1.2922,1.50,1.50
2012.03.09 21:36:41.459,1.29181,1.29222,1.50,1.50
2012.03.09 21:36:41.802,1.29185,1.29225,2.25,1.50
2012.03.09 21:36:42.011,1.29185,1.29226,2.25,6.75
2012.03.09 21:36:42.337,1.29195,1.29234,1.50,1.50
2012.03.09 21:36:42.964,1.29195,1.29234,1.50,1.50
2012.03.09 21:36:43.520,1.29192,1.29231,1.50,1.50
2012.03.09 21:36:46.261,1.2919,1.29231,1.50,2.25
2012.03.09 21:36:59.333,1.2919,1.2923,1.50,1.50
2012.03.09 21:37:01.135,1.2919,1.2923,1.50,1.50
2012.03.09 21:37:02.961,1.29205,1.29235,4.50,1.50
2012.03.09 21:37:03.028,1.29205,1.29235,4.50,1.50
2012.03.09 21:37:03.983,1.29205,1.29236,4.50,1.50
2012.03.09 21:37:04.539,1.29205,1.29239,4.50,1.50
2012.03.09 21:37:05.783,1.29205,1.29239,5.25,1.50
2012.03.09 21:37:10.038,1.29205,1.2924,1.50,1.50
2012.03.09 21:37:23.256,1.29197,1.2924,1.50,2.25
2012.03.09 21:37:23.768,1.29204,1.2924,1.50,1.50
2012.03.09 21:37:25.138,1.29204,1.29242,1.50,1.50
2012.03.09 21:37:26.197,1.29204,1.29242,1.50,1.50
2012.03.09 21:37:32.243,1.29204,1.29242,1.50,1.50
2012.03.09 21:37:33.639,1.29204,1.29242,1.50,1.50
2012.03.09 21:37:34.748,1.29204,1.29242,1.50,1.50
2012.03.09 21:37:52.886,1.29204,1.29242,1.50,1.50
2012.03.09 21:37:53.197,1.29204,1.29244,1.50,1.50
2012.03.09 21:37:53.329,1.29208,1.29249,1.50,1.50
2012.03.09 21:37:54.840,1.29208,1.29249,1.50,1.50
2012.03.09 21:37:55.189,1.29208,1.29249,1.50,1.50
2012.03.09 21:37:55.700,1.29214,1.2925,1.50,5.25
2012.03.09 21:37:59.031,1.29214,1.2925,1.50,4.50
2012.03.09 21:37:59.530,1.29214,1.2925,1.50,5.25
2012.03.09 21:37:59.779,1.29208,1.29249,1.50,1.50
2012.03.09 21:38:13.462,1.29208,1.29249,1.50,1.50
2012.03.09 21:38:13.811,1.29224,1.29262,1.50,1.50
2012.03.09 21:38:13.877,1.29224,1.29262,1.50,1.50
2012.03.09 21:38:14.138,1.29224,1.29262,1.50,1.50
2012.03.09 21:38:14.339,1.29224,1.29262,1.50,1.50
2012.03.09 21:38:27.174,1.29224,1.29264,1.50,2.25
2012.03.09 21:38:27.255,1.29224,1.29264,1.50,2.25
2012.03.09 21:38:27.327,1.29224,1.29262,1.50,1.50
2012.03.09 21:38:30.829,1.29229,1.29266,1.50,1.13
2012.03.09 21:38:52.539,1.29223,1.29264,1.50,1.50
2012.03.09 21:38:55.063,1.29223,1.29264,1.50,1.50
2012.03.09 21:38:56.081,1.2923,1.29266,1.50,1.50
2012.03.09 21:38:56.288,1.2923,1.29268,1.50,1.50
2012.03.09 21:39:04.158,1.2923,1.29269,1.50,1.50
2012.03.09 21:39:07.387,1.2923,1.29269,1.50,1.50
2012.03.09 21:39:11.538,1.2923,1.29269,1.50,1.50
2012.03.09 21:39:12.531,1.2923,1.29269,1.50,1.50
2012.03.09 21:39:17.786,1.2923,1.29269,1.50,1.50
2012.03.09 21:39:24.528,1.2923,1.29268,1.50,1.50
2012.03.09 21:39:24.777,1.2923,1.29268,1.50,1.50
2012.03.09 21:39:31.979,1.2923,1.29268,1.50,1.50
2012.03.09 21:39:52.899,1.2923,1.29268,1.50,1.50
2012.03.09 21:40:04.722,1.29226,1.29266,1.50,1.50
2012.03.09 21:40:04.791,1.2922,1.29255,1.50,5.25
2012.03.09 21:40:04.857,1.29225,1.29244,1.50,1.50
2012.03.09 21:40:05.069,1.29216,1.29244,1.81,1.50
2012.03.09 21:40:05.140,1.2922,1.29245,1.50,1.50
2012.03.09 21:40:05.605,1.29233,1.29247,1.50,1.50
2012.03.09 21:40:05.685,1.29234,1.29272,1.50,1.50
2012.03.09 21:40:09.727,1.29234,1.29275,1.50,1.50
2012.03.09 21:40:17.160,1.29233,1.29271,1.50,1.50
2012.03.09 21:40:25.847,1.2923,1.2927,1.50,1.50
2012.03.09 21:40:26.157,1.29228,1.29267,1.50,1.50
2012.03.09 21:40:29.521,1.29225,1.29266,1.50,1.50
2012.03.09 21:40:29.708,1.29222,1.29254,1.50,1.50
2012.03.09 21:40:29.908,1.29213,1.2925,1.50,1.50
2012.03.09 21:40:30.536,1.29213,1.29252,1.50,1.50
2012.03.09 21:40:31.627,1.29213,1.29252,1.50,1.50
2012.03.09 21:40:34.828,1.29213,1.2925,1.50,1.50
2012.03.09 21:40:36.057,1.29213,1.29252,1.50,1.50
2012.03.09 21:40:40.825,1.29213,1.29252,1.50,1.50
2012.03.09 21:40:41.355,1.29213,1.29249,1.50,1.50
2012.03.09 21:40:41.641,1.29212,1.29241,1.50,1.50
2012.03.09 21:40:44.149,1.29218,1.29254,1.50,1.50
2012.03.09 21:40:44.878,1.29213,1.29253,1.50,1.50
2012.03.09 21:40:56.420,1.29213,1.2925,1.50,1.50
2012.03.09 21:41:15.331,1.29213,1.29253,1.50,1.50
2012.03.09 21:41:18.139,1.29213,1.29253,1.50,1.50
2012.03.09 21:41:18.599,1.29213,1.29253,1.50,1.50
2012.03.09 21:41:19.808,1.29213,1.29253,1.50,1.50
2012.03.09 21:41:23.743,1.29209,1.29248,1.50,1.50
2012.03.09 21:41:27.648,1.29216,1.29248,1.50,1.50
2012.03.09 21:41:29.180,1.29209,1.29248,1.50,2.25
2012.03.09 21:41:29.956,1.29209,1.29248,1.50,2.25
2012.03.09 21:41:32.091,1.29209,1.29248,1.50,2.25
2012.03.09 21:41:35.472,1.29209,1.29242,1.50,4.50
2012.03.09 21:41:35.832,1.29197,1.29223,1.36,2.25
2012.03.09 21:41:36.109,1.29187,1.29214,1.36,1.13
2012.03.09 21:41:36.311,1.29183,1.29214,1.36,1.88
2012.03.09 21:41:37.652,1.29183,1.29209,1.36,1.50
2012.03.09 21:41:38.549,1.29186,1.29213,1.36,1.13
2012.03.09 21:41:38.754,1.29186,1.29222,1.36,1.50
2012.03.09 21:41:39.065,1.29187,1.29222,1.36,1.50
2012.03.09 21:41:46.981,1.29187,1.29216,2.11,1.43
2012.03.09 21:41:47.495,1.29182,1.29207,1.36,1.50
2012.03.09 21:41:47.852,1.29178,1.29203,1.36,1.50
2012.03.09 21:41:48.515,1.29175,1.292,1.36,1.50
2012.03.09 21:41:49.898,1.29175,1.292,1.36,1.13
2012.03.09 21:41:50.312,1.29174,1.29199,1.36,1.13
2012.03.09 21:41:51.930,1.29188,1.29214,1.36,1.13
2012.03.09 21:41:52.271,1.29189,1.29221,1.36,2.25
2012.03.09 21:41:52.823,1.29191,1.29223,1.36,2.25
2012.03.09 21:41:54.575,1.29188,1.29213,1.36,4.50
2012.03.09 21:41:54.919,1.29185,1.2921,1.36,1.50
2012.03.09 21:41:55.059,1.29185,1.2921,1.36,1.50
2012.03.09 21:41:55.129,1.29182,1.2921,1.36,1.50
2012.03.09 21:41:55.678,1.29178,1.29206,1.36,1.50
2012.03.09 21:42:01.837,1.29172,1.29206,1.50,1.50
2012.03.09 21:42:02.219,1.29172,1.29208,1.50,1.50
2012.03.09 21:42:06.543,1.29172,1.29209,1.50,1.50
2012.03.09 21:42:07.163,1.29172,1.2921,1.50,1.50
2012.03.09 21:42:08.389,1.29172,1.2921,1.50,1.50
2012.03.09 21:42:08.466,1.29167,1.29207,2.25,1.50
2012.03.09 21:43:07.081,1.29167,1.29205,1.50,1.50
2012.03.09 21:43:07.686,1.2916,1.29202,1.50,1.50
2012.03.09 21:43:09.036,1.29159,1.29202,1.50,1.50
2012.03.09 21:43:18.105,1.29166,1.29207,1.50,1.50
2012.03.09 21:43:18.442,1.29161,1.29202,1.50,1.50
2012.03.09 21:43:18.737,1.29165,1.29206,1.50,1.50
2012.03.09 21:43:18.929,1.29165,1.29204,1.50,5.25
2012.03.09 21:43:19.280,1.29161,1.29199,1.50,2.25
2012.03.09 21:43:20.958,1.29166,1.2922,1.50,1.50
2012.03.09 21:43:21.311,1.29166,1.29223,1.50,6.75
2012.03.09 21:43:28.228,1.29166,1.29221,1.50,1.50
2012.03.09 21:43:30.395,1.29173,1.29217,1.50,1.50
2012.03.09 21:43:50.923,1.29173,1.29217,1.50,2.25
2012.03.09 21:43:51.007,1.29175,1.29217,1.50,1.50
2012.03.09 21:44:17.319,1.29183,1.29225,1.50,1.50
2012.03.09 21:44:17.820,1.29183,1.29225,1.50,1.50
2012.03.09 21:44:24.407,1.29183,1.29225,1.50,1.50
2012.03.09 21:44:24.559,1.29183,1.29225,1.50,1.50
2012.03.09 21:44:49.029,1.29179,1.29223,1.50,1.50
2012.03.09 21:44:49.097,1.29177,1.29222,2.25,1.50
2012.03.09 21:44:51.901,1.29173,1.29217,2.25,1.50
2012.03.09 21:44:52.922,1.29177,1.29221,1.50,1.50
2012.03.09 21:44:57.009,1.29173,1.29217,2.25,1.50
2012.03.09 21:45:00.370,1.29176,1.29214,1.50,1.50
2012.03.09 21:45:01.471,1.29177,1.29214,1.50,1.50
2012.03.09 21:45:02.063,1.29182,1.29224,1.50,1.50
2012.03.09 21:45:03.262,1.2918,1.29219,1.50,1.50
2012.03.09 21:45:04.540,1.29179,1.29219,1.50,1.50
2012.03.09 21:45:06.237,1.2918,1.29219,1.50,1.50
2012.03.09 21:45:11.008,1.29183,1.29225,1.50,1.50
2012.03.09 21:45:21.884,1.29176,1.29231,1.13,1.13
2012.03.09 21:45:23.961,1.29181,1.29232,1.50,1.13
2012.03.09 21:45:24.303,1.29183,1.29232,1.50,1.13
2012.03.09 21:45:28.231,1.29186,1.29232,1.50,1.13
2012.03.09 21:45:30.557,1.29186,1.29232,1.50,1.13
2012.03.09 21:45:44.126,1.29181,1.29232,2.25,1.13
2012.03.09 21:45:44.768,1.29181,1.29232,1.88,1.50
2012.03.09 21:45:55.019,1.29176,1.29219,2.25,1.50
2012.03.09 21:45:55.327,1.29176,1.29219,2.25,1.50
2012.03.09 21:45:55.780,1.29176,1.2921,1.50,1.50
2012.03.09 21:45:56.897,1.29176,1.29213,1.50,1.50
2012.03.09 21:45:57.467,1.29176,1.2921,1.50,1.50
2012.03.09 21:45:58.667,1.29176,1.29214,1.50,1.50
2012.03.09 21:45:59.874,1.29176,1.2921,1.50,1.50
2012.03.09 21:46:11.120,1.29172,1.29209,1.13,1.50
2012.03.09 21:46:13.406,1.29172,1.29209,1.13,1.50
2012.03.09 21:46:26.709,1.29178,1.29213,1.50,1.50
2012.03.09 21:46:26.776,1.29181,1.29213,1.13,1.50
2012.03.09 21:46:26.968,1.29176,1.29215,1.13,1.50
2012.03.09 21:46:27.277,1.29176,1.29209,1.13,1.50
2012.03.09 21:46:36.274,1.29172,1.29209,1.13,1.50
2012.03.09 21:46:47.816,1.29172,1.29209,1.13,1.50
2012.03.09 21:46:48.258,1.29172,1.29209,1.13,1.50
2012.03.09 21:46:49.116,1.29172,1.29209,1.13,1.50
2012.03.09 21:46:49.661,1.29172,1.29209,1.13,1.50
2012.03.09 21:46:56.072,1.29172,1.29209,1.13,1.50
2012.03.09 21:46:56.167,1.29172,1.29209,1.13,1.50
2012.03.09 21:47:02.742,1.29167,1.29209,1.13,1.88
2012.03.09 21:47:02.930,1.29167,1.29208,1.13,1.50
2012.03.09 21:47:02.997,1.29167,1.292,1.13,1.50
2012.03.09 21:47:16.377,1.29163,1.29199,1.50,1.50
2012.03.09 21:47:28.488,1.29163,1.29209,1.50,1.13
2012.03.09 21:47:34.020,1.2917,1.29216,1.88,1.50
2012.03.09 21:47:34.226,1.2917,1.29216,1.13,1.50
2012.03.09 21:47:34.418,1.2917,1.29216,1.13,1.50
2012.03.09 21:47:34.553,1.2917,1.29216,1.13,1.50
2012.03.09 21:47:43.936,1.29172,1.29221,1.50,1.13
2012.03.09 21:47:53.415,1.29171,1.29221,2.25,1.13
2012.03.09 21:48:12.286,1.29179,1.29221,5.25,1.13
2012.03.09 21:48:12.598,1.29182,1.29238,1.50,2.25
2012.03.09 21:48:13.677,1.29182,1.29238,1.50,1.50
2012.03.09 21:48:15.616,1.29182,1.29241,1.50,1.50
2012.03.09 21:48:17.286,1.29182,1.29244,1.50,1.50
2012.03.09 21:48:24.036,1.29193,1.29246,1.13,1.88
2012.03.09 21:48:24.171,1.29194,1.29248,1.13,1.88
2012.03.09 21:48:24.429,1.29194,1.29248,1.13,1.13
2012.03.09 21:48:28.938,1.2919,1.29252,5.25,1.50
2012.03.09 21:48:30.971,1.2919,1.29246,5.25,1.13
2012.03.09 21:48:32.273,1.2919,1.29252,5.25,1.50
2012.03.09 21:48:32.873,1.2919,1.29252,5.25,1.50
2012.03.09 21:48:48.256,1.2918,1.29248,5.25,5.25
2012.03.09 21:48:50.848,1.2918,1.29248,5.25,5.25
2012.03.09 21:49:02.246,1.29182,1.29248,1.50,5.25
2012.03.09 21:49:03.939,1.29192,1.29248,1.50,5.25
2012.03.09 21:49:04.426,1.29192,1.29248,1.50,5.25
2012.03.09 21:49:04.776,1.29192,1.29243,1.50,1.50
2012.03.09 21:49:04.992,1.29192,1.29241,1.50,1.13
2012.03.09 21:49:05.416,1.29192,1.29241,1.50,1.13
2012.03.09 21:49:06.087,1.29192,1.29241,1.50,1.13
2012.03.09 21:49:07.019,1.29192,1.29248,1.50,5.25
2012.03.09 21:49:07.733,1.29192,1.29248,1.50,5.25
2012.03.09 21:49:16.916,1.29197,1.29248,1.50,5.25
2012.03.09 21:49:26.437,1.29191,1.29248,1.50,5.25
2012.03.09 21:49:46.057,1.29193,1.2925,1.50,1.13
2012.03.09 21:49:56.057,1.29193,1.29246,1.50,1.50
2012.03.09 21:49:56.317,1.29193,1.29242,1.50,1.50
2012.03.09 21:50:00.001,1.29192,1.29242,1.50,1.50
2012.03.09 21:50:00.426,1.29192,1.29242,1.50,1.50
2012.03.09 21:50:01.836,1.29191,1.29245,1.50,1.50
2012.03.09 21:50:08.595,1.29192,1.29247,1.50,1.50
2012.03.09 21:50:14.317,1.29192,1.29247,2.25,1.50
2012.03.09 21:50:15.354,1.29192,1.29248,2.25,1.50
2012.03.09 21:50:15.546,1.29192,1.2925,2.25,1.13
2012.03.09 21:50:16.675,1.29197,1.29253,1.50,1.13
2012.03.09 21:50:26.026,1.29198,1.29254,1.50,1.13
2012.03.09 21:50:26.575,1.29198,1.29255,1.50,1.50
2012.03.09 21:50:36.527,1.29197,1.29254,2.25,1.13
2012.03.09 21:50:38.014,1.29197,1.29254,1.50,1.13
2012.03.09 21:50:39.760,1.29207,1.29254,5.25,1.13
2012.03.09 21:50:40.285,1.29207,1.29263,5.25,1.50
2012.03.09 21:50:40.372,1.29212,1.29275,2.25,4.50
2012.03.09 21:50:40.440,1.29212,1.29275,2.25,4.50
2012.03.09 21:50:41.118,1.29211,1.29275,1.50,4.50
2012.03.09 21:50:41.870,1.29207,1.29275,5.25,5.25
2012.03.09 21:50:42.031,1.29207,1.29275,5.25,4.50
2012.03.09 21:50:50.886,1.29207,1.29275,5.25,4.50
2012.03.09 21:50:54.083,1.2922,1.29282,5.25,1.13
2012.03.09 21:50:54.167,1.29221,1.29288,1.50,5.25
2012.03.09 21:50:55.469,1.29234,1.29288,1.50,5.25
2012.03.09 21:50:55.658,1.29237,1.29288,1.50,4.50
2012.03.09 21:51:02.334,1.29236,1.29288,1.50,4.50
2012.03.09 21:51:02.684,1.29236,1.29288,1.50,4.50
2012.03.09 21:51:10.258,1.29236,1.29282,1.50,1.50
2012.03.09 21:51:10.519,1.29234,1.29288,1.50,5.25
2012.03.09 21:51:10.588,1.29234,1.29288,1.50,4.50
2012.03.09 21:51:17.066,1.29236,1.29288,1.50,4.50
2012.03.09 21:51:20.426,1.29237,1.29291,5.25,1.13
2012.03.09 21:51:20.497,1.29242,1.29297,1.50,1.13
2012.03.09 21:51:20.630,1.29242,1.293,1.50,1.50
2012.03.09 21:51:24.225,1.29242,1.293,1.50,1.50
2012.03.09 21:51:24.607,1.29242,1.293,1.50,1.50
2012.03.09 21:51:24.736,1.29237,1.29297,6.00,1.13
2012.03.09 21:51:27.828,1.29239,1.29297,1.50,1.13
2012.03.09 21:51:28.819,1.29237,1.29297,5.25,1.13
2012.03.09 21:51:29.041,1.29239,1.29297,1.50,1.13
2012.03.09 21:51:29.108,1.29237,1.29297,6.00,1.13
2012.03.09 21:51:32.656,1.29239,1.29297,1.50,1.13
2012.03.09 21:51:33.196,1.29237,1.29297,5.25,1.13
2012.03.09 21:51:33.636,1.29239,1.29297,1.50,1.13
2012.03.09 21:51:34.922,1.29239,1.29297,1.50,1.13
2012.03.09 21:51:39.044,1.29241,1.29301,1.50,1.50
2012.03.09 21:51:41.950,1.29251,1.29301,4.50,1.50
2012.03.09 21:51:42.149,1.29251,1.29307,5.25,1.13
2012.03.09 21:51:42.399,1.29251,1.29309,5.25,1.13
2012.03.09 21:51:44.545,1.29251,1.29312,5.25,1.50
2012.03.09 21:51:50.230,1.29254,1.29312,1.50,1.50
2012.03.09 21:51:50.839,1.29254,1.29312,1.50,1.50
2012.03.09 21:51:50.908,1.29254,1.29312,2.25,1.13
2012.03.09 21:51:51.600,1.29264,1.29318,1.50,3.00
2012.03.09 21:51:51.971,1.29266,1.29321,1.50,5.25
2012.03.09 21:51:52.111,1.29268,1.29328,1.50,2.25
2012.03.09 21:51:52.180,1.29272,1.29334,1.88,1.50
2012.03.09 21:51:52.499,1.29275,1.29336,1.50,8.25
2012.03.09 21:51:55.470,1.29281,1.29333,1.50,1.43
2012.03.09 21:51:55.542,1.29281,1.29336,1.50,8.25
2012.03.09 21:51:55.908,1.29281,1.29332,1.50,1.80
2012.03.09 21:51:58.249,1.29281,1.29327,1.50,1.43
2012.03.09 21:51:58.464,1.29281,1.29332,1.50,1.13
2012.03.09 21:51:59.129,1.29274,1.29332,1.50,1.50
2012.03.09 21:51:59.498,1.29274,1.29328,1.50,1.50
2012.03.09 21:51:59.568,1.29274,1.29328,1.50,1.50
2012.03.09 21:52:00.174,1.29274,1.29332,1.50,2.55
2012.03.09 21:52:00.249,1.29274,1.29329,1.50,1.50
2012.03.09 21:52:00.656,1.29269,1.29324,1.50,1.50
2012.03.09 21:52:01.611,1.29267,1.29322,1.50,1.13
2012.03.09 21:52:01.680,1.29264,1.29322,2.63,1.88
2012.03.09 21:52:01.750,1.29264,1.29316,1.13,1.13
2012.03.09 21:52:01.878,1.29257,1.29315,1.88,1.50
2012.03.09 21:52:02.640,1.29259,1.29318,1.50,1.50
2012.03.09 21:52:02.710,1.29262,1.29318,1.50,1.50
2012.03.09 21:52:02.842,1.29262,1.29318,1.88,1.50
2012.03.09 21:52:03.510,1.29265,1.29329,5.25,1.50
2012.03.09 21:52:03.779,1.29262,1.29322,1.13,1.13
2012.03.09 21:52:03.848,1.29262,1.29318,1.13,1.50
2012.03.09 21:52:03.980,1.29261,1.29318,1.50,1.50
2012.03.09 21:52:04.306,1.29261,1.29318,1.50,1.50
2012.03.09 21:52:04.855,1.29259,1.29315,1.50,1.50
2012.03.09 21:52:05.107,1.29255,1.29311,6.00,1.13
2012.03.09 21:52:06.248,1.29256,1.29316,1.50,1.13
2012.03.09 21:52:06.569,1.2926,1.29316,1.50,1.13
2012.03.09 21:52:06.877,1.2926,1.29316,1.50,1.88
2012.03.09 21:52:08.340,1.2926,1.29316,1.50,1.13
2012.03.09 21:52:08.687,1.29271,1.29329,1.50,1.50
2012.03.09 21:52:08.818,1.29268,1.29329,1.50,2.25
2012.03.09 21:52:09.010,1.29266,1.29329,6.00,2.25
2012.03.09 21:52:09.078,1.29266,1.29324,6.00,1.50
2012.03.09 21:52:09.278,1.29268,1.29324,1.50,1.50
2012.03.09 21:52:10.059,1.29267,1.29324,1.50,1.50
2012.03.09 21:52:10.557,1.29267,1.29323,1.50,1.50
2012.03.09 21:52:11.107,1.29263,1.29318,1.50,1.50
2012.03.09 21:52:11.969,1.29263,1.29322,1.50,1.13
2012.03.09 21:52:12.390,1.29265,1.29322,5.25,1.13
2012.03.09 21:52:12.637,1.29271,1.29329,1.50,1.13
2012.03.09 21:52:12.951,1.29271,1.2932,1.50,4.50
2012.03.09 21:52:13.416,1.29271,1.2932,1.50,5.25
2012.03.09 21:52:13.728,1.29266,1.2932,1.50,5.25
2012.03.09 21:52:13.918,1.29263,1.29319,1.50,2.25
2012.03.09 21:52:14.179,1.29262,1.29313,1.50,1.50
2012.03.09 21:52:14.756,1.29256,1.29313,1.50,1.50
2012.03.09 21:52:15.181,1.29256,1.29314,1.50,1.50
2012.03.09 21:52:15.318,1.29256,1.29316,2.25,1.13
2012.03.09 21:52:16.048,1.29259,1.29317,1.50,1.13
2012.03.09 21:52:16.118,1.29259,1.2932,2.25,5.25
2012.03.09 21:52:16.367,1.29269,1.2932,1.50,4.50
2012.03.09 21:52:18.670,1.29267,1.2932,1.50,4.50
2012.03.09 21:52:18.948,1.29266,1.29319,1.50,1.50
2012.03.09 21:52:19.646,1.29262,1.29316,1.50,1.13
2012.03.09 21:52:19.724,1.29262,1.29316,1.50,1.13
2012.03.09 21:52:20.458,1.29263,1.2932,1.50,4.50
2012.03.09 21:52:20.647,1.29266,1.2932,1.50,4.50
2012.03.09 21:52:20.957,1.29271,1.2932,1.50,4.50
2012.03.09 21:52:21.606,1.29271,1.2932,1.50,5.25
2012.03.09 21:52:21.937,1.29266,1.29319,1.50,1.50
2012.03.09 21:52:22.979,1.29266,1.29319,1.50,1.50
2012.03.09 21:52:23.312,1.29261,1.29314,1.50,1.50
2012.03.09 21:52:26.391,1.29262,1.2932,1.50,6.00
2012.03.09 21:52:27.537,1.29262,1.29318,1.50,1.50
2012.03.09 21:52:28.849,1.29263,1.2932,6.00,1.50
2012.03.09 21:52:28.924,1.29269,1.29327,1.50,3.38
2012.03.09 21:52:29.140,1.29269,1.29327,1.50,1.13
2012.03.09 21:52:29.213,1.29268,1.29326,1.50,1.13
2012.03.09 21:52:29.529,1.29268,1.29326,2.25,1.13
2012.03.09 21:52:29.929,1.29268,1.29326,2.25,1.13
2012.03.09 21:52:31.925,1.29273,1.29331,1.13,5.25
2012.03.09 21:52:34.011,1.29274,1.29332,1.50,1.13
2012.03.09 21:52:34.699,1.29274,1.29332,1.50,1.13
2012.03.09 21:52:34.769,1.29273,1.29332,5.25,1.13
2012.03.09 21:52:35.730,1.29274,1.29335,1.50,1.50
2012.03.09 21:52:38.520,1.29274,1.29335,1.50,1.50
2012.03.09 21:52:38.916,1.29274,1.29332,1.50,1.50
2012.03.09 21:52:40.537,1.29274,1.29332,1.50,1.50
2012.03.09 21:52:40.609,1.29274,1.29331,1.50,1.43
2012.03.09 21:52:40.936,1.29274,1.29329,1.50,1.50
2012.03.09 21:52:41.807,1.29274,1.29332,1.50,1.50
2012.03.09 21:52:42.496,1.2927,1.2933,1.13,5.25
2012.03.09 21:52:42.697,1.29265,1.29325,1.06,1.13
2012.03.09 21:52:42.769,1.29265,1.29325,1.06,1.50
2012.03.09 21:52:43.267,1.29261,1.2932,1.50,4.50
2012.03.09 21:52:43.578,1.29262,1.2932,1.50,5.25
2012.03.09 21:52:43.647,1.29262,1.2932,1.50,6.00
2012.03.09 21:52:45.337,1.29258,1.29316,1.50,1.50
2012.03.09 21:52:46.637,1.29258,1.29316,1.50,1.50
2012.03.09 21:52:47.076,1.29255,1.29311,1.50,1.50
2012.03.09 21:52:47.889,1.29255,1.29314,1.50,1.50
2012.03.09 21:52:48.266,1.29255,1.29311,1.50,1.50
2012.03.09 21:52:52.080,1.29255,1.29311,1.50,1.50
2012.03.09 21:52:52.147,1.29255,1.29311,1.50,1.50
2012.03.09 21:52:52.338,1.29255,1.29318,1.50,1.88
2012.03.09 21:52:52.468,1.29255,1.29318,1.50,1.13
2012.03.09 21:52:52.908,1.29255,1.29318,1.50,1.88
2012.03.09 21:52:53.156,1.2925,1.29312,5.25,1.13
2012.03.09 21:52:53.686,1.2925,1.29312,5.25,1.13
2012.03.09 21:52:53.997,1.29257,1.29314,1.43,1.50
2012.03.09 21:52:54.471,1.29264,1.2932,1.13,6.75
2012.03.09 21:52:54.909,1.2925,1.29313,5.25,1.13
2012.03.09 21:52:57.968,1.2925,1.29314,5.25,1.50
2012.03.09 21:52:59.038,1.2925,1.29305,5.25,1.50
2012.03.09 21:52:59.168,1.29249,1.29305,1.50,1.50
2012.03.09 21:52:59.669,1.29249,1.29303,1.50,1.50
2012.03.09 21:52:59.857,1.29248,1.29303,1.36,2.25
2012.03.09 21:53:01.143,1.29248,1.29299,1.36,1.50
2012.03.09 21:53:01.858,1.29248,1.29297,1.36,1.13
2012.03.09 21:53:02.148,1.29248,1.29297,1.36,1.13
2012.03.09 21:53:03.351,1.29248,1.29297,1.36,1.13
2012.03.09 21:53:03.761,1.29247,1.29296,1.36,1.13
2012.03.09 21:53:05.050,1.29248,1.29297,1.36,1.13
2012.03.09 21:53:05.578,1.29248,1.29303,1.36,1.50
2012.03.09 21:53:06.085,1.29246,1.29304,1.36,1.88
2012.03.09 21:53:10.240,1.29246,1.29307,2.11,5.25
2012.03.09 21:53:10.499,1.29248,1.29307,1.36,5.25
2012.03.09 21:53:11.181,1.29248,1.29307,1.36,5.25
2012.03.09 21:53:13.192,1.29248,1.29307,1.36,5.25
2012.03.09 21:53:13.323,1.29248,1.2931,5.25,1.13
2012.03.09 21:53:14.492,1.29261,1.29314,4.50,1.50
2012.03.09 21:53:18.884,1.29261,1.29323,4.50,1.50
2012.03.09 21:53:27.759,1.29261,1.29325,6.00,1.50
2012.03.09 21:53:28.028,1.29261,1.29325,4.50,1.50
2012.03.09 21:53:29.390,1.29261,1.29325,5.25,1.50
2012.03.09 21:53:31.416,1.29261,1.29325,4.50,1.50
2012.03.09 21:53:31.546,1.29261,1.29325,5.25,1.50
2012.03.09 21:53:32.524,1.29261,1.29325,4.50,1.50
2012.03.09 21:53:33.956,1.29261,1.29319,4.50,1.50
2012.03.09 21:53:34.646,1.29261,1.29325,5.25,1.88
2012.03.09 21:53:34.834,1.29261,1.29325,4.50,1.88
2012.03.09 21:53:35.709,1.29255,1.29305,1.13,4.50
2012.03.09 21:53:35.779,1.29254,1.29305,1.50,4.50
2012.03.09 21:53:35.909,1.29243,1.29305,1.13,5.25
2012.03.09 21:53:36.170,1.29241,1.29307,1.50,1.13
2012.03.09 21:53:36.489,1.29241,1.29306,2.25,1.50
2012.03.09 21:53:36.848,1.29234,1.29279,1.50,4.50
2012.03.09 21:53:36.981,1.29237,1.29279,1.50,4.50
2012.03.09 21:53:37.487,1.29233,1.29279,1.50,4.50
2012.03.09 21:53:37.681,1.2923,1.29279,1.50,4.50
2012.03.09 21:53:38.238,1.2923,1.29267,1.50,4.50
2012.03.09 21:53:39.180,1.29228,1.29282,1.36,1.50
2012.03.09 21:53:39.439,1.29228,1.29283,1.36,2.25
2012.03.09 21:53:40.948,1.29228,1.29283,1.36,1.50
2012.03.09 21:53:41.307,1.29231,1.29284,1.50,4.50
2012.03.09 21:53:42.387,1.29231,1.29284,1.50,4.50
2012.03.09 21:53:42.838,1.29236,1.2929,1.13,1.13
2012.03.09 21:53:42.910,1.29236,1.2929,1.13,1.13
2012.03.09 21:53:43.051,1.29238,1.29291,1.36,1.50
2012.03.09 21:53:43.120,1.29238,1.29296,1.36,5.25
2012.03.09 21:53:43.319,1.29238,1.29296,1.36,5.25
2012.03.09 21:53:43.389,1.29238,1.29296,1.36,5.25
2012.03.09 21:53:44.063,1.29237,1.29296,1.50,5.25
2012.03.09 21:53:44.132,1.29237,1.29296,1.50,5.25
2012.03.09 21:53:45.753,1.29245,1.29298,5.25,1.13
2012.03.09 21:53:46.288,1.29245,1.2931,6.00,1.50
2012.03.09 21:53:46.429,1.29249,1.29313,1.13,5.25
2012.03.09 21:53:46.789,1.29253,1.29313,1.50,5.25
2012.03.09 21:53:47.122,1.29253,1.29313,1.50,5.25
2012.03.09 21:53:47.189,1.29253,1.29313,1.50,5.25
2012.03.09 21:53:47.320,1.29247,1.29313,2.25,5.25
2012.03.09 21:53:47.388,1.29255,1.29313,1.50,5.25
2012.03.09 21:53:48.382,1.29255,1.29298,1.50,4.50
2012.03.09 21:53:48.449,1.29251,1.29298,1.50,4.50
2012.03.09 21:53:48.962,1.29251,1.29298,1.50,4.50
2012.03.09 21:53:49.201,1.29247,1.29298,1.50,4.50
2012.03.09 21:53:51.888,1.29247,1.29281,1.50,4.50
2012.03.09 21:53:52.032,1.29233,1.29281,1.06,4.50
2012.03.09 21:53:52.942,1.29227,1.29256,1.36,4.50
2012.03.09 21:53:53.010,1.29227,1.29256,1.36,4.50
2012.03.09 21:53:53.270,1.29218,1.29256,2.41,4.50
2012.03.09 21:53:53.340,1.29217,1.29256,1.36,4.50
2012.03.09 21:53:53.588,1.29217,1.29256,1.36,5.25
2012.03.09 21:53:54.110,1.29211,1.29256,1.50,5.25
2012.03.09 21:53:54.449,1.29203,1.29254,1.13,1.50
2012.03.09 21:53:54.519,1.29198,1.29253,1.43,1.50
2012.03.09 21:53:55.293,1.29201,1.29256,1.50,4.50
2012.03.09 21:53:55.541,1.29207,1.29256,1.50,4.50
2012.03.09 21:53:55.998,1.29211,1.29267,1.50,5.25
2012.03.09 21:53:56.068,1.29211,1.29267,1.50,4.50
2012.03.09 21:53:56.508,1.29215,1.29267,1.50,4.50
2012.03.09 21:53:56.829,1.29223,1.29273,2.25,1.13
2012.03.09 21:53:56.901,1.29223,1.2928,2.25,4.88
2012.03.09 21:53:57.711,1.29223,1.2928,2.25,4.88
2012.03.09 21:53:58.040,1.29238,1.2928,1.36,4.50
2012.03.09 21:53:58.797,1.29238,1.2928,1.36,4.50
2012.03.09 21:53:59.070,1.29239,1.29285,1.06,1.88
2012.03.09 21:53:59.211,1.29238,1.29289,2.04,1.50
2012.03.09 21:53:59.648,1.29239,1.2929,1.06,1.13
2012.03.09 21:53:59.899,1.29238,1.2929,1.36,1.80
2012.03.09 21:54:00.230,1.29238,1.29289,1.36,1.13
2012.03.09 21:54:00.418,1.29238,1.29289,1.36,1.13
2012.03.09 21:54:03.217,1.29236,1.29289,1.50,1.13
2012.03.09 21:54:03.287,1.29236,1.29289,1.50,1.80
2012.03.09 21:54:04.444,1.29231,1.29289,1.50,2.18
2012.03.09 21:54:04.872,1.29231,1.29283,1.50,5.25
2012.03.09 21:54:05.330,1.29221,1.29282,1.50,1.50
2012.03.09 21:54:05.739,1.29212,1.29268,1.88,4.50
2012.03.09 21:54:06.326,1.29202,1.29268,2.25,4.50
2012.03.09 21:54:06.458,1.29202,1.29252,2.25,4.50
2012.03.09 21:54:06.672,1.29197,1.29252,1.50,5.25
2012.03.09 21:54:08.099,1.29189,1.29249,1.81,1.50
2012.03.09 21:54:08.230,1.29191,1.29244,1.50,1.50
2012.03.09 21:54:08.300,1.29195,1.29244,1.36,1.50
2012.03.09 21:54:09.090,1.29197,1.29247,1.36,1.50
2012.03.09 21:54:09.161,1.29197,1.29249,1.36,1.50
2012.03.09 21:54:09.349,1.29197,1.29249,2.11,1.50
2012.03.09 21:54:10.148,1.29202,1.29258,1.50,1.88
2012.03.09 21:54:10.219,1.29202,1.29258,1.50,1.88
2012.03.09 21:54:10.359,1.29206,1.29266,1.50,4.50
2012.03.09 21:54:10.898,1.29206,1.29266,1.50,5.25
2012.03.09 21:54:10.970,1.29206,1.29254,1.50,4.50
2012.03.09 21:54:11.038,1.29201,1.29254,1.50,4.50
2012.03.09 21:54:11.358,1.29201,1.29254,1.50,4.50
2012.03.09 21:54:11.560,1.29201,1.29254,1.50,5.25
2012.03.09 21:54:11.630,1.29201,1.29254,1.50,6.00
2012.03.09 21:54:12.591,1.29201,1.29254,1.50,5.25
2012.03.09 21:54:12.729,1.29201,1.29254,1.50,5.25
2012.03.09 21:54:13.768,1.29197,1.29254,2.11,5.25
2012.03.09 21:54:14.314,1.29201,1.29254,1.50,5.25
2012.03.09 21:54:16.730,1.29216,1.29266,1.50,4.50
2012.03.09 21:54:20.780,1.29216,1.29266,1.36,4.50
2012.03.09 21:54:20.973,1.29201,1.29266,1.50,4.50
2012.03.09 21:54:22.346,1.29202,1.29266,1.50,4.50
2012.03.09 21:54:22.600,1.29196,1.29266,5.25,5.25
2012.03.09 21:54:24.067,1.29196,1.29266,5.25,5.25
2012.03.09 21:54:24.948,1.29195,1.2925,1.13,4.50
2012.03.09 21:54:25.198,1.29179,1.29256,1.50,1.13
2012.03.09 21:54:25.684,1.29178,1.29264,1.06,1.50
2012.03.09 21:54:25.762,1.29179,1.2927,1.81,1.13
2012.03.09 21:54:27.340,1.29182,1.29268,1.50,1.50
2012.03.09 21:54:27.649,1.29182,1.29268,1.50,1.50
2012.03.09 21:54:28.110,1.29187,1.29236,1.50,4.50
2012.03.09 21:54:28.557,1.29187,1.29236,1.50,4.50
2012.03.09 21:54:29.181,1.29192,1.29258,1.50,6.00
2012.03.09 21:54:29.321,1.29195,1.29258,1.50,5.25
2012.03.09 21:54:29.681,1.29191,1.29258,1.50,5.25
2012.03.09 21:54:40.518,1.29188,1.29258,5.25,5.25
2012.03.09 21:54:49.011,1.29188,1.29258,5.25,5.25
2012.03.09 21:54:49.680,1.29197,1.29258,1.50,5.25
2012.03.09 21:54:50.039,1.29197,1.29258,1.50,5.25
2012.03.09 21:54:53.616,1.29197,1.29258,1.50,4.50
2012.03.09 21:54:53.955,1.29205,1.29261,1.50,1.13
2012.03.09 21:54:54.090,1.29205,1.29269,1.50,5.25
2012.03.09 21:54:54.233,1.29221,1.29272,4.50,1.13
2012.03.09 21:54:54.547,1.29221,1.29285,4.50,1.13
2012.03.09 21:54:57.621,1.29221,1.29285,5.25,1.13
2012.03.09 21:54:57.938,1.29236,1.29297,1.13,1.50
2012.03.09 21:54:58.068,1.29231,1.29297,1.50,1.50
2012.03.09 21:55:02.227,1.29226,1.29293,1.13,1.13
2012.03.09 21:55:02.296,1.29222,1.29289,1.13,1.50
2012.03.09 21:55:02.550,1.29212,1.29288,1.81,1.50
2012.03.09 21:55:02.861,1.29208,1.29273,1.50,1.50
2012.03.09 21:55:10.576,1.29204,1.29277,1.50,1.13
2012.03.09 21:55:10.936,1.29199,1.29277,1.50,1.13
2012.03.09 21:55:14.050,1.29199,1.29273,1.50,1.50
2012.03.09 21:55:14.536,1.29208,1.29273,1.50,1.50
2012.03.09 21:55:15.098,1.29216,1.2928,1.50,1.50
2012.03.09 21:55:15.228,1.29219,1.2928,1.50,1.50
2012.03.09 21:55:16.153,1.29209,1.29274,1.50,1.50
2012.03.09 21:55:16.877,1.29214,1.29274,1.50,1.50
2012.03.09 21:55:17.947,1.2921,1.29274,1.50,1.50
2012.03.09 21:55:20.287,1.29222,1.29276,1.50,1.13
2012.03.09 21:55:20.536,1.29225,1.29287,1.13,1.13
2012.03.09 21:55:21.739,1.2922,1.29276,1.50,1.50
2012.03.09 21:55:22.073,1.2921,1.29269,1.50,1.50
2012.03.09 21:55:24.807,1.29226,1.29277,1.13,1.50
2012.03.09 21:55:24.938,1.29226,1.29282,1.13,2.25
2012.03.09 21:55:25.470,1.29222,1.2928,1.13,1.88
2012.03.09 21:55:25.947,1.29222,1.29267,1.13,1.43
2012.03.09 21:55:26.258,1.29211,1.29258,1.50,1.50
2012.03.09 21:55:26.567,1.29197,1.29256,1.06,1.50
2012.03.09 21:55:26.947,1.29197,1.29263,1.50,1.50
2012.03.09 21:55:30.287,1.29197,1.29264,1.50,1.50
2012.03.09 21:55:30.477,1.29209,1.29265,1.50,1.50
2012.03.09 21:55:33.420,1.29211,1.29269,1.50,1.50
2012.03.09 21:55:33.921,1.29207,1.29269,1.50,1.50
2012.03.09 21:55:34.899,1.29224,1.29275,1.13,1.13
2012.03.09 21:55:34.965,1.29208,1.29269,1.50,1.50
2012.03.09 21:55:35.849,1.29218,1.29278,1.50,1.50
2012.03.09 21:55:36.347,1.29222,1.2928,1.13,1.50
2012.03.09 21:55:42.926,1.29226,1.29281,1.13,1.13
2012.03.09 21:55:42.995,1.29226,1.2929,1.13,1.13
2012.03.09 21:55:43.066,1.29226,1.29291,1.13,1.13
2012.03.09 21:55:57.857,1.29226,1.293,1.13,1.13
2012.03.09 21:56:08.571,1.29227,1.293,1.50,1.13
2012.03.09 21:56:15.516,1.29227,1.293,1.50,1.13
2012.03.09 21:56:18.516,1.29226,1.29295,1.88,1.13
2012.03.09 21:56:19.336,1.29226,1.29296,1.88,1.13
2012.03.09 21:56:19.846,1.29226,1.293,1.88,1.13
2012.03.09 21:56:29.858,1.29226,1.29296,1.13,1.50
2012.03.09 21:56:30.767,1.29226,1.293,1.13,1.13
2012.03.09 21:56:35.381,1.29226,1.293,1.13,1.13
2012.03.09 21:56:35.446,1.29226,1.29284,1.13,1.43
2012.03.09 21:56:35.834,1.29226,1.29275,1.13,1.50
2012.03.09 21:56:35.967,1.29216,1.29274,1.50,1.50
2012.03.09 21:56:57.716,1.2922,1.29279,1.50,1.88
2012.03.09 21:56:57.978,1.29226,1.29279,1.13,1.50
2012.03.09 21:56:58.048,1.29226,1.29281,1.88,1.13
2012.03.09 21:56:58.476,1.29228,1.29281,1.13,1.13
2012.03.09 21:56:58.546,1.29226,1.29281,1.13,1.50
2012.03.09 21:56:59.078,1.29223,1.29278,1.50,1.13
2012.03.09 21:56:59.823,1.29221,1.29274,1.50,1.50
2012.03.09 21:57:00.177,1.29217,1.29268,1.50,1.50
2012.03.09 21:57:00.509,1.29221,1.29269,1.50,1.13
2012.03.09 21:57:00.579,1.29221,1.29275,1.50,1.50
2012.03.09 21:57:01.706,1.29213,1.29277,2.25,1.13
2012.03.09 21:57:13.199,1.29213,1.29271,2.25,1.50
2012.03.09 21:57:19.153,1.29213,1.29268,1.50,1.13
2012.03.09 21:57:19.461,1.29213,1.29263,1.50,1.50
2012.03.09 21:57:20.997,1.29206,1.29263,1.50,1.50
2012.03.09 21:57:26.137,1.29206,1.29269,1.50,1.50
2012.03.09 21:57:26.678,1.2921,1.29269,1.50,1.50
2012.03.09 21:57:28.609,1.2921,1.29268,1.50,1.50
2012.03.09 21:57:29.153,1.29216,1.29288,1.50,1.50
2012.03.09 21:57:29.217,1.29218,1.29288,1.50,1.50
2012.03.09 21:57:37.168,1.29218,1.29276,1.50,1.50
2012.03.09 21:57:37.479,1.29216,1.29273,1.50,1.50
2012.03.09 21:57:37.608,1.29219,1.29275,1.50,1.50
2012.03.09 21:57:42.666,1.29215,1.29293,1.50,1.50
2012.03.09 21:57:48.714,1.29218,1.29293,1.50,1.50
2012.03.09 21:58:06.817,1.29214,1.29288,1.50,1.50
2012.03.09 21:58:14.805,1.29227,1.29293,1.13,1.13
2012.03.09 21:58:14.997,1.29236,1.29294,1.50,1.50
2012.03.09 21:58:15.126,1.29231,1.29299,1.50,1.13
2012.03.09 21:58:15.197,1.29233,1.293,1.06,1.88
2012.03.09 21:58:15.268,1.29246,1.293,1.50,1.88
2012.03.09 21:58:15.879,1.29255,1.29313,1.50,1.50
2012.03.09 21:58:18.629,1.29248,1.29313,1.50,1.50
2012.03.09 21:58:18.969,1.29237,1.29307,1.06,1.50
2012.03.09 21:58:20.832,1.29226,1.29303,1.88,1.13
2012.03.09 21:58:24.836,1.29242,1.29307,1.50,1.50
2012.03.09 21:58:26.487,1.29242,1.29303,1.50,1.13
2012.03.09 21:58:27.989,1.29232,1.293,1.50,1.13
2012.03.09 21:58:31.488,1.29232,1.29301,1.50,1.13
2012.03.09 21:58:37.800,1.29231,1.293,1.50,1.13
2012.03.09 21:58:38.207,1.29231,1.293,1.50,1.13
2012.03.09 21:58:40.776,1.29226,1.29293,1.13,1.50
2012.03.09 21:58:41.088,1.29224,1.29291,1.50,1.50
2012.03.09 21:58:41.396,1.29222,1.29291,1.88,3.00
2012.03.09 21:58:44.619,1.29222,1.29291,1.88,1.88
2012.03.09 21:58:45.688,1.29227,1.29291,1.13,1.88
2012.03.09 21:58:47.725,1.29221,1.29284,2.63,1.50
2012.03.09 21:58:54.170,1.29221,1.29283,2.63,3.38
2012.03.09 21:58:54.238,1.29221,1.29274,1.88,1.50
2012.03.09 21:58:54.828,1.29221,1.29273,1.13,3.38
2012.03.09 21:58:55.378,1.29222,1.29282,1.13,2.25
2012.03.09 21:59:00.276,1.29232,1.29271,0.75,0.75
2012.03.09 21:59:00.638,1.29226,1.29271,1.13,0.75
2012.03.09 21:59:01.707,1.29241,1.29271,0.75,0.75
2012.03.09 21:59:02.026,1.29241,1.29281,0.75,0.75
2012.03.09 21:59:10.974,1.29236,1.29281,0.38,0.75
2012.03.09 21:59:11.045,1.29238,1.29281,0.75,0.75
2012.03.09 21:59:11.355,1.29241,1.29281,0.75,0.75
2012.03.09 21:59:11.424,1.29241,1.29292,0.75,0.75
2012.03.09 21:59:12.515,1.29242,1.29292,0.75,0.75
2012.03.09 21:59:15.846,1.29242,1.29295,0.75,0.75
2012.03.09 21:59:23.385,1.29247,1.29295,0.75,0.75
2012.03.09 21:59:32.293,1.29253,1.29299,0.75,0.38
2012.03.09 21:59:37.656,1.29248,1.29299,0.75,0.38
2012.03.09 21:59:37.784,1.29248,1.29293,0.75,0.38
2012.03.09 21:59:38.044,1.29242,1.29293,0.75,0.38
2012.03.09 21:59:40.347,1.29242,1.29298,0.75,0.75
2012.03.09 21:59:40.545,1.29247,1.29299,0.75,0.38
2012.03.09 21:59:41.605,1.29251,1.29299,0.75,0.38
2012.03.09 21:59:41.675,1.29257,1.29299,0.75,0.38
2012.03.09 21:59:42.284,1.29246,1.29299,0.75,0.38
2012.03.09 21:59:43.487,1.29243,1.29299,0.75,1.13
2012.03.09 21:59:44.027,1.29243,1.29291,0.75,0.75
2012.03.09 21:59:44.352,1.29251,1.29299,0.75,1.13
2012.03.09 21:59:47.294,1.29255,1.29299,0.75,0.38
2012.03.09 21:59:51.534,1.29251,1.29287,0.75,0.75
2012.03.09 21:59:51.863,1.29266,1.29299,0.75,0.38
2012.03.09 21:59:54.294,1.29261,1.29299,0.75,0.38
2012.03.09 21:59:55.314,1.29264,1.29299,0.75,0.38
2012.03.09 21:59:55.794,1.29261,1.29299,1.50,0.38
2012.03.09 21:59:56.253,1.29255,1.29299,0.75,0.38
2012.03.09 21:59:56.766,1.29251,1.29299,1.50,1.13
2012.03.09 21:59:56.836,1.29249,1.29299,0.75,1.13
