2010.01.05 23:00:06.677,1.4665,1.4669,1.00,1.00
2010.01.05 23:00:09.276,1.4665,1.4669,1.00,1.00
2010.01.05 23:00:09.676,1.4665,1.4669,1.00,1.00
2010.01.05 23:00:09.846,1.4665,1.4668,1.00,1.00
2010.01.05 23:00:10.476,1.4665,1.4668,1.00,1.00
2010.01.05 23:00:11.976,1.4665,1.4668,1.00,1.00
2010.01.05 23:00:12.326,1.4665,1.4668,1.00,1.00
2010.01.05 23:00:16.435,1.4665,1.46695,1.00,1.00
2010.01.05 23:00:21.593,1.4665,1.46695,1.00,1.00
2010.01.05 23:00:22.703,1.46645,1.4669,1.00,1.00
2010.01.05 23:00:22.753,1.4665,1.46695,1.00,1.00
2010.01.05 23:00:23.513,1.4665,1.46695,1.00,1.00
2010.01.05 23:00:23.573,1.4665,1.46695,1.00,1.00
2010.01.05 23:00:23.633,1.4665,1.46695,1.00,2.40
2010.01.05 23:00:24.023,1.46645,1.4669,1.00,1.00
2010.01.05 23:00:26.562,1.4665,1.46695,1.00,1.00
2010.01.05 23:00:27.432,1.4665,1.46695,1.00,1.00
2010.01.05 23:00:27.892,1.4665,1.46695,1.00,2.40
2010.01.05 23:00:37.469,1.46645,1.4669,1.00,1.00
2010.01.05 23:00:37.580,1.46645,1.4669,1.00,2.40
2010.01.05 23:00:39.549,1.46645,1.4669,1.00,2.40
2010.01.05 23:00:40.199,1.46645,1.4669,1.00,4.00
2010.01.05 23:00:40.489,1.46645,1.4669,1.00,5.60
2010.01.05 23:00:40.769,1.46645,1.46685,1.00,1.00
2010.01.05 23:00:54.946,1.4665,1.4669,1.00,1.00
2010.01.05 23:00:56.885,1.46655,1.46695,1.00,5.60
2010.01.05 23:00:57.235,1.4665,1.46695,1.00,1.00
2010.01.05 23:00:59.574,1.4665,1.46695,1.00,1.00
2010.01.05 23:01:02.014,1.4665,1.46695,1.00,1.00
2010.01.05 23:01:02.294,1.4665,1.46695,1.00,2.40
2010.01.05 23:01:02.923,1.4665,1.4669,1.00,1.60
2010.01.05 23:01:03.033,1.46645,1.4669,1.00,2.40
2010.01.05 23:01:04.493,1.46645,1.4669,1.00,2.40
2010.01.05 23:01:07.262,1.46645,1.46685,1.00,1.00
2010.01.05 23:01:08.982,1.4665,1.46685,1.00,1.00
2010.01.05 23:01:09.562,1.4665,1.46695,1.00,5.60
2010.01.05 23:01:26.458,1.4665,1.46685,1.00,1.00
2010.01.05 23:02:26.413,1.46645,1.4669,1.00,3.20
2010.01.05 23:02:27.183,1.4664,1.4669,1.60,3.20
2010.01.05 23:02:27.473,1.46645,1.4669,1.00,3.20
2010.01.05 23:02:28.653,1.4664,1.4669,1.60,3.20
2010.01.05 23:02:28.873,1.46645,1.4669,1.00,3.20
2010.01.05 23:02:31.992,1.4664,1.4669,1.60,3.20
2010.01.05 23:02:33.412,1.46645,1.4669,1.00,3.20
2010.01.05 23:02:43.619,1.4664,1.4669,1.60,3.20
2010.01.05 23:02:59.715,1.4665,1.46685,1.00,1.00
2010.01.05 23:03:01.665,1.4665,1.46685,1.00,1.00
2010.01.05 23:03:02.005,1.4664,1.46685,1.80,1.00
2010.01.05 23:03:06.774,1.4664,1.4668,1.00,1.00
2010.01.05 23:03:07.004,1.4664,1.46685,1.80,1.00
2010.01.05 23:03:11.782,1.4665,1.46685,1.00,1.00
2010.01.05 23:03:34.407,1.4665,1.4669,1.00,1.00
2010.01.05 23:03:42.205,1.46645,1.4669,1.00,1.00
2010.01.05 23:03:50.593,1.46645,1.4669,1.00,1.00
2010.01.05 23:03:50.883,1.4665,1.4669,1.00,1.00
2010.01.05 23:03:52.582,1.4665,1.4669,1.00,1.00
2010.01.05 23:03:54.362,1.4665,1.4669,1.00,1.00
2010.01.05 23:03:56.502,1.4664,1.46675,1.00,1.00
2010.01.05 23:03:59.691,1.4664,1.4667,1.00,1.00
2010.01.05 23:04:00.591,1.46635,1.4667,1.00,1.00
2010.01.05 23:04:13.288,1.46625,1.4666,1.00,1.00
2010.01.05 23:04:13.528,1.4662,1.4666,1.00,1.00
2010.01.05 23:04:26.355,1.46625,1.4667,1.00,2.40
2010.01.05 23:04:29.504,1.46625,1.4667,1.00,2.40
2010.01.05 23:04:55.368,1.4662,1.46655,1.00,1.00
2010.01.05 23:04:55.668,1.46615,1.46655,1.70,1.00
2010.01.05 23:04:55.968,1.46615,1.4666,1.70,1.00
2010.01.05 23:04:56.837,1.46615,1.46655,1.70,1.00
2010.01.05 23:04:57.117,1.46615,1.4666,1.70,4.00
2010.01.05 23:04:57.937,1.46615,1.46655,1.70,1.00
2010.01.05 23:04:57.997,1.46615,1.4666,1.70,4.00
2010.01.05 23:05:05.255,1.46615,1.4666,1.70,4.00
2010.01.05 23:05:05.475,1.46615,1.4666,1.70,1.00
2010.01.05 23:05:05.655,1.46615,1.46655,1.70,1.00
2010.01.05 23:05:06.335,1.46615,1.4666,1.70,1.00
2010.01.05 23:05:27.100,1.46615,1.4665,1.70,1.00
2010.01.05 23:05:27.390,1.46615,1.4665,1.70,1.00
2010.01.05 23:05:27.740,1.4661,1.46655,2.20,1.00
2010.01.05 23:05:27.920,1.46615,1.4666,1.70,2.50
2010.01.05 23:05:28.100,1.46615,1.4666,1.70,2.40
2010.01.05 23:05:43.586,1.46615,1.4665,1.70,1.00
2010.01.05 23:05:43.746,1.4661,1.46645,1.00,1.00
2010.01.05 23:05:44.106,1.46605,1.4665,1.00,1.00
2010.01.05 23:05:50.425,1.46585,1.4663,1.00,1.00
2010.01.05 23:05:51.814,1.4659,1.4664,2.30,1.00
2010.01.05 23:05:58.043,1.466,1.4664,1.00,1.00
2010.01.05 23:05:58.213,1.46595,1.46635,1.00,1.00
2010.01.05 23:06:00.482,1.46595,1.4664,1.00,1.00
2010.01.05 23:06:00.662,1.46595,1.4664,1.00,1.00
2010.01.05 23:06:03.492,1.46585,1.4663,1.00,1.00
2010.01.05 23:06:08.410,1.4659,1.46635,1.70,1.40
2010.01.05 23:06:08.570,1.46595,1.46635,1.00,1.40
2010.01.05 23:06:10.580,1.46585,1.4663,1.00,1.00
2010.01.05 23:06:12.899,1.46585,1.4663,1.00,1.00
2010.01.05 23:06:13.119,1.46585,1.4663,1.00,1.00
2010.01.05 23:06:15.639,1.46595,1.46635,1.00,3.00
2010.01.05 23:06:16.028,1.46595,1.46635,1.00,1.40
2010.01.05 23:06:17.948,1.46585,1.46625,1.00,1.00
2010.01.05 23:06:18.418,1.46585,1.46625,1.00,1.00
2010.01.05 23:06:18.478,1.46585,1.46625,1.00,1.00
2010.01.05 23:06:22.877,1.46585,1.4662,1.00,1.60
2010.01.05 23:06:23.227,1.46585,1.46615,1.00,1.60
2010.01.05 23:06:23.407,1.4657,1.466,1.00,1.00
2010.01.05 23:06:26.766,1.4657,1.46605,1.00,1.00
2010.01.05 23:06:27.806,1.4657,1.4661,1.00,1.00
2010.01.05 23:06:43.582,1.4657,1.46615,1.00,1.00
2010.01.05 23:06:48.201,1.46575,1.46615,1.00,1.00
2010.01.05 23:06:48.371,1.46575,1.4662,1.00,1.00
2010.01.05 23:06:52.909,1.4657,1.46615,1.00,2.40
2010.01.05 23:07:07.846,1.46575,1.46615,1.00,2.40
2010.01.05 23:07:08.026,1.46575,1.46615,1.00,1.00
2010.01.05 23:07:13.095,1.46575,1.4662,1.00,1.00
2010.01.05 23:07:13.385,1.46575,1.4662,1.00,1.00
2010.01.05 23:07:15.414,1.4657,1.46605,1.00,1.40
2010.01.05 23:07:16.054,1.4656,1.466,1.00,1.00
2010.01.05 23:07:17.564,1.4656,1.466,1.00,1.00
2010.01.05 23:07:19.403,1.4656,1.466,1.00,1.00
2010.01.05 23:07:20.143,1.4656,1.46595,1.00,1.00
2010.01.05 23:07:20.313,1.4656,1.46595,1.00,1.00
2010.01.05 23:07:21.103,1.4656,1.46585,1.00,1.00
2010.01.05 23:07:21.613,1.46555,1.46585,1.00,1.00
2010.01.05 23:07:21.943,1.4655,1.46585,1.00,1.00
2010.01.05 23:07:23.432,1.4655,1.46595,1.00,1.20
2010.01.05 23:07:24.432,1.46555,1.46595,1.00,1.00
2010.01.05 23:07:31.050,1.4655,1.4659,1.00,1.00
2010.01.05 23:07:31.350,1.4655,1.4659,1.00,1.00
2010.01.05 23:07:31.640,1.4655,1.46595,1.00,1.00
2010.01.05 23:07:31.930,1.4655,1.4658,1.00,1.00
2010.01.05 23:07:32.920,1.4655,1.4658,1.00,1.00
2010.01.05 23:07:33.030,1.46545,1.4658,1.00,1.00
2010.01.05 23:07:34.849,1.4654,1.46575,1.00,1.00
2010.01.05 23:07:35.020,1.4654,1.4658,1.00,1.00
2010.01.05 23:07:35.189,1.4654,1.46575,1.00,1.00
2010.01.05 23:07:35.370,1.4654,1.4657,1.00,1.00
2010.01.05 23:07:36.069,1.4654,1.4658,1.00,1.20
2010.01.05 23:07:38.719,1.4654,1.4657,1.00,1.00
2010.01.05 23:07:39.238,1.46535,1.4657,1.00,1.00
2010.01.05 23:07:47.926,1.46535,1.4657,1.00,1.00
2010.01.05 23:07:49.416,1.4654,1.4657,1.00,1.00
2010.01.05 23:07:53.835,1.4654,1.46575,1.00,1.00
2010.01.05 23:08:41.133,1.4654,1.46575,1.00,1.00
2010.01.05 23:08:41.473,1.4654,1.4658,1.00,2.40
2010.01.05 23:08:41.864,1.46535,1.46575,1.00,1.00
2010.01.05 23:08:42.683,1.4654,1.4658,1.00,1.00
2010.01.05 23:08:43.603,1.46535,1.4658,1.00,1.00
2010.01.05 23:08:43.833,1.46535,1.46575,1.00,1.00
2010.01.05 23:08:44.133,1.46535,1.4658,1.00,1.00
2010.01.05 23:08:46.402,1.46535,1.4658,1.00,1.00
2010.01.05 23:08:52.014,1.4653,1.46585,1.60,2.80
2010.01.05 23:08:52.291,1.4653,1.46575,1.60,1.00
2010.01.05 23:08:52.591,1.4653,1.46575,1.60,1.00
2010.01.05 23:08:54.090,1.4653,1.46575,1.60,1.00
2010.01.05 23:08:54.500,1.4653,1.46575,1.60,1.00
2010.01.05 23:08:55.720,1.46535,1.46575,1.60,1.00
2010.01.05 23:08:56.010,1.46545,1.46575,1.00,1.00
2010.01.05 23:08:56.650,1.46545,1.4658,1.00,1.00
2010.01.05 23:09:01.469,1.46545,1.46575,1.00,1.00
2010.01.05 23:09:02.238,1.46545,1.4658,1.00,1.00
2010.01.05 23:09:05.388,1.46545,1.46585,1.00,1.00
2010.01.05 23:09:05.728,1.46545,1.46585,1.00,1.00
2010.01.05 23:09:13.277,1.46535,1.4658,1.00,1.00
2010.01.05 23:09:13.456,1.46535,1.4658,1.00,1.20
2010.01.05 23:09:14.405,1.46535,1.46575,1.00,1.00
2010.01.05 23:09:24.433,1.46535,1.4658,1.00,1.20
2010.01.05 23:09:24.903,1.46545,1.4658,1.00,1.20
2010.01.05 23:09:25.023,1.46535,1.4658,1.00,1.00
2010.01.05 23:09:25.703,1.46535,1.4658,1.00,1.20
2010.01.05 23:09:27.942,1.46535,1.4658,1.60,1.20
2010.01.05 23:09:28.172,1.46545,1.4658,1.00,1.00
2010.01.05 23:09:30.432,1.46545,1.4658,1.00,1.00
2010.01.05 23:09:30.662,1.46545,1.4659,1.00,1.00
2010.01.05 23:09:31.231,1.46555,1.4659,1.00,1.00
2010.01.05 23:09:31.401,1.46545,1.4659,1.00,1.00
2010.01.05 23:09:38.040,1.46545,1.4659,1.00,2.40
2010.01.05 23:09:39.040,1.46545,1.46595,1.00,1.20
2010.01.05 23:09:39.099,1.4655,1.46595,1.00,1.00
2010.01.05 23:09:39.959,1.46545,1.4658,1.00,1.00
2010.01.05 23:09:40.709,1.46535,1.46585,1.00,1.00
2010.01.05 23:09:46.328,1.46535,1.4658,1.00,1.00
2010.01.05 23:09:46.678,1.46535,1.4658,1.00,1.00
2010.01.05 23:09:49.977,1.46535,1.4658,1.00,1.00
2010.01.05 23:09:52.516,1.46535,1.46575,1.00,1.00
2010.01.05 23:09:57.765,1.46535,1.4658,1.00,1.00
2010.01.05 23:10:06.553,1.46535,1.4658,1.00,1.00
2010.01.05 23:10:10.012,1.46525,1.4656,1.00,1.00
2010.01.05 23:10:12.271,1.46525,1.4656,1.00,1.00
2010.01.05 23:10:12.741,1.46525,1.46555,1.00,1.60
2010.01.05 23:10:13.021,1.4652,1.4655,1.00,1.00
2010.01.05 23:10:13.301,1.4652,1.4656,1.00,1.00
2010.01.05 23:10:19.650,1.4652,1.4656,1.00,1.00
2010.01.05 23:10:19.820,1.4653,1.4657,1.00,2.40
2010.01.05 23:10:20.050,1.46535,1.4657,1.00,1.60
2010.01.05 23:10:20.210,1.4652,1.4657,1.66,1.00
2010.01.05 23:10:21.259,1.46535,1.46575,1.00,1.60
2010.01.05 23:10:21.619,1.46535,1.4657,1.00,1.00
2010.01.05 23:10:24.739,1.46535,1.46575,1.00,1.00
2010.01.05 23:10:25.009,1.46535,1.4658,1.00,1.20
2010.01.05 23:10:25.298,1.4653,1.4658,1.00,2.80
2010.01.05 23:10:25.528,1.4653,1.46575,1.00,1.20
2010.01.05 23:10:26.168,1.4653,1.46575,1.00,1.20
2010.01.05 23:10:27.038,1.46535,1.4658,1.00,1.00
2010.01.05 23:10:27.208,1.46535,1.4658,1.00,1.00
2010.01.05 23:10:27.498,1.46535,1.4658,1.00,1.00
2010.01.05 23:10:27.668,1.46535,1.4658,1.00,1.00
2010.01.05 23:10:37.315,1.46525,1.46555,1.00,1.00
2010.01.05 23:10:42.624,1.46525,1.46565,1.00,3.10
2010.01.05 23:10:45.444,1.46525,1.46555,1.00,1.00
2010.01.05 23:10:53.262,1.465,1.4654,1.00,1.60
2010.01.05 23:10:53.502,1.4648,1.4653,1.00,1.00
2010.01.05 23:10:57.241,1.46485,1.4652,1.00,1.00
2010.01.05 23:11:01.450,1.4648,1.4651,1.00,1.00
2010.01.05 23:11:03.649,1.4648,1.4652,1.00,1.00
2010.01.05 23:11:06.268,1.4646,1.4649,1.00,1.00
2010.01.05 23:11:06.958,1.4646,1.4649,1.00,1.50
2010.01.05 23:11:07.818,1.46445,1.46475,1.00,1.00
2010.01.05 23:11:08.039,1.4644,1.46475,1.00,1.00
2010.01.05 23:11:10.298,1.4644,1.4647,1.00,1.00
2010.01.05 23:11:10.360,1.4644,1.4647,1.00,1.00
2010.01.05 23:11:10.480,1.4644,1.4647,1.00,2.30
2010.01.05 23:11:10.537,1.4643,1.46465,1.00,1.00
2010.01.05 23:11:10.827,1.4643,1.46465,1.00,1.00
2010.01.05 23:11:11.227,1.4644,1.4647,1.00,3.60
2010.01.05 23:11:11.287,1.4644,1.4647,1.00,2.00
2010.01.05 23:11:11.397,1.4644,1.4647,1.00,1.00
2010.01.05 23:11:11.738,1.46445,1.4648,1.00,1.00
2010.01.05 23:11:13.487,1.4645,1.46485,1.00,1.60
2010.01.05 23:11:13.717,1.4645,1.46485,1.60,1.00
2010.01.05 23:11:13.887,1.4645,1.46495,1.60,1.00
2010.01.05 23:11:14.246,1.4645,1.4649,1.60,1.50
2010.01.05 23:11:14.896,1.4645,1.46495,1.60,1.00
2010.01.05 23:11:16.146,1.4644,1.4648,1.00,1.60
2010.01.05 23:11:16.376,1.4645,1.46485,1.00,1.00
2010.01.05 23:11:16.666,1.4645,1.46485,1.60,1.50
2010.01.05 23:11:16.906,1.46455,1.46485,1.60,1.00
2010.01.05 23:11:17.256,1.46465,1.46515,1.00,1.60
2010.01.05 23:11:17.606,1.46465,1.46515,1.00,1.00
2010.01.05 23:11:17.956,1.46465,1.4652,1.00,1.60
2010.01.05 23:11:18.246,1.46465,1.4652,1.00,1.00
2010.01.05 23:11:18.545,1.46465,1.4651,1.00,1.50
2010.01.05 23:11:19.065,1.46465,1.4651,1.00,1.00
2010.01.05 23:11:19.295,1.4647,1.4651,1.00,1.00
2010.01.05 23:11:20.436,1.4647,1.4651,1.00,1.50
2010.01.05 23:11:21.715,1.46475,1.4651,1.00,1.00
2010.01.05 23:11:22.065,1.4648,1.4651,1.00,1.00
2010.01.05 23:11:29.003,1.46475,1.4651,1.00,1.00
2010.01.05 23:11:38.211,1.4647,1.4651,1.00,1.00
2010.01.05 23:11:38.501,1.4648,1.4652,1.60,1.60
2010.01.05 23:11:38.801,1.4648,1.4652,1.60,1.00
2010.01.05 23:11:38.981,1.4648,1.46525,1.60,2.40
2010.01.05 23:11:53.987,1.46485,1.46525,1.60,2.40
2010.01.05 23:11:54.167,1.4649,1.4653,1.00,4.80
2010.01.05 23:11:58.346,1.46485,1.46525,1.00,1.00
2010.01.05 23:12:04.744,1.46495,1.4653,1.00,6.40
2010.01.05 23:12:04.924,1.4649,1.46525,1.00,1.60
2010.01.05 23:12:06.344,1.46485,1.46525,1.00,2.40
2010.01.05 23:12:06.854,1.4648,1.46525,1.00,2.40
2010.01.05 23:12:18.201,1.4648,1.46525,1.00,2.50
2010.01.05 23:12:18.371,1.4648,1.46525,1.00,4.00
2010.01.05 23:12:28.269,1.4648,1.4652,1.00,1.00
2010.01.05 23:12:28.439,1.4648,1.46525,1.00,4.00
2010.01.05 23:12:28.839,1.46475,1.4652,1.00,1.60
2010.01.05 23:12:29.069,1.4647,1.46515,1.00,1.00
2010.01.05 23:12:29.368,1.4647,1.46515,1.00,4.80
2010.01.05 23:12:43.055,1.4647,1.46515,1.00,6.40
2010.01.05 23:12:43.395,1.46465,1.465,1.60,1.00
2010.01.05 23:12:43.625,1.46465,1.465,1.60,1.00
2010.01.05 23:12:43.795,1.4646,1.465,1.00,1.00
2010.01.05 23:12:44.205,1.4646,1.465,1.00,1.00
2010.01.05 23:12:46.694,1.46455,1.465,1.60,2.40
2010.01.05 23:13:07.579,1.46455,1.465,1.70,2.40
2010.01.05 23:13:16.007,1.46455,1.465,1.60,2.40
2010.01.05 23:13:48.010,1.46465,1.465,1.00,4.80
2010.01.05 23:13:49.539,1.46455,1.46485,1.60,1.00
2010.01.05 23:13:49.769,1.4643,1.4647,1.00,1.00
2010.01.05 23:13:50.169,1.4642,1.46475,1.00,3.10
2010.01.05 23:13:50.519,1.46415,1.46475,1.90,6.30
2010.01.05 23:13:57.598,1.4643,1.4647,1.00,6.40
2010.01.05 23:13:57.837,1.4643,1.4647,1.00,4.80
2010.01.05 23:14:22.731,1.4643,1.46465,1.00,6.40
2010.01.05 23:14:23.021,1.4643,1.46465,1.00,6.50
2010.01.05 23:14:23.301,1.4643,1.46465,1.00,6.40
2010.01.05 23:14:23.601,1.4643,1.46465,1.00,4.80
2010.01.05 23:14:24.121,1.4643,1.46465,1.00,2.40
2010.01.05 23:14:24.231,1.4643,1.46465,1.00,1.60
2010.01.05 23:14:24.351,1.4643,1.46465,1.00,2.40
2010.01.05 23:14:24.471,1.4642,1.46465,1.80,2.40
2010.01.05 23:14:25.341,1.4642,1.46465,1.00,2.40
2010.01.05 23:14:35.608,1.4642,1.46465,1.00,2.40
2010.01.05 23:14:35.878,1.4642,1.46465,1.00,1.00
2010.01.05 23:14:38.098,1.46435,1.4647,1.60,2.40
2010.01.05 23:14:38.617,1.46435,1.4647,1.60,1.00
2010.01.05 23:14:40.947,1.46435,1.4647,1.60,1.00
2010.01.05 23:14:41.067,1.4643,1.46465,1.00,1.00
2010.01.05 23:14:41.297,1.4642,1.46465,1.80,1.00
2010.01.05 23:14:41.407,1.4642,1.46465,1.00,1.60
2010.01.05 23:14:41.766,1.4642,1.46465,1.00,4.00
2010.01.05 23:14:42.856,1.4643,1.46465,1.00,3.20
2010.01.05 23:14:43.036,1.4643,1.46465,1.00,2.40
2010.01.05 23:14:43.276,1.4643,1.4647,1.00,1.00
2010.01.05 23:14:44.506,1.4643,1.4647,1.00,2.40
2010.01.05 23:14:44.746,1.4642,1.46465,1.00,1.00
2010.01.05 23:14:45.576,1.46435,1.4647,1.60,2.40
2010.01.05 23:14:45.796,1.46435,1.4647,1.60,1.00
2010.01.05 23:14:46.026,1.4643,1.46465,1.00,1.00
2010.01.05 23:14:46.186,1.4642,1.46465,1.00,1.00
2010.01.05 23:14:46.415,1.46415,1.46465,1.00,1.00
2010.01.05 23:14:46.635,1.4642,1.46465,1.00,1.00
2010.01.05 23:14:46.975,1.4642,1.46465,1.00,1.00
2010.01.05 23:14:47.715,1.4642,1.46455,1.00,1.00
2010.01.05 23:14:47.945,1.4642,1.46455,1.00,1.00
2010.01.05 23:14:48.825,1.46415,1.46455,1.00,1.00
2010.01.05 23:14:48.945,1.46415,1.46455,1.00,1.00
2010.01.05 23:14:49.655,1.46415,1.46455,1.00,1.00
2010.01.05 23:14:50.575,1.46415,1.46455,1.60,1.00
2010.01.05 23:14:50.625,1.4642,1.46465,1.00,1.90
2010.01.05 23:14:50.745,1.4642,1.46465,1.00,1.10
2010.01.05 23:14:50.804,1.4642,1.46465,1.00,1.00
2010.01.05 23:14:50.925,1.4642,1.46465,1.00,1.00
2010.01.05 23:14:53.264,1.4642,1.46465,1.00,1.00
2010.01.05 23:14:53.604,1.4642,1.46465,1.00,1.00
2010.01.05 23:14:54.264,1.4642,1.4645,1.00,1.00
2010.01.05 23:14:54.554,1.4642,1.4646,1.00,1.00
2010.01.05 23:14:54.604,1.4642,1.4646,1.00,1.00
2010.01.05 23:14:54.714,1.4642,1.46465,1.00,1.90
2010.01.05 23:14:54.884,1.4642,1.46465,1.00,1.10
2010.01.05 23:14:55.004,1.4642,1.46465,1.00,1.00
2010.01.05 23:14:55.064,1.4642,1.46465,1.00,1.00
2010.01.05 23:14:55.403,1.4642,1.46465,1.00,1.00
2010.01.05 23:14:55.853,1.4642,1.46465,1.00,1.00
2010.01.05 23:14:56.093,1.46435,1.4647,1.60,6.40
2010.01.05 23:14:56.323,1.46435,1.46475,1.60,4.80
2010.01.05 23:14:56.553,1.46435,1.46465,1.60,1.50
2010.01.05 23:14:56.733,1.46435,1.46475,1.60,4.80
2010.01.05 23:14:56.963,1.4643,1.4647,1.60,1.00
2010.01.05 23:14:57.673,1.4643,1.4647,1.00,1.00
2010.01.05 23:14:58.403,1.46425,1.46465,1.00,1.00
2010.01.05 23:14:58.573,1.4642,1.46465,1.00,1.00
2010.01.05 23:14:58.743,1.4642,1.4646,1.00,1.00
2010.01.05 23:14:59.082,1.4642,1.46465,1.00,1.00
2010.01.05 23:14:59.422,1.4642,1.46465,1.00,1.00
2010.01.05 23:14:59.812,1.4642,1.46465,1.00,1.00
2010.01.05 23:15:00.092,1.4642,1.4646,1.00,1.00
2010.01.05 23:15:00.212,1.4642,1.46465,1.00,1.00
2010.01.05 23:15:00.802,1.4642,1.4647,1.00,8.00
2010.01.05 23:15:02.202,1.4642,1.4646,1.00,1.00
2010.01.05 23:15:02.472,1.4642,1.4645,1.00,1.00
2010.01.05 23:15:02.702,1.46415,1.4645,1.00,1.00
2010.01.05 23:15:03.112,1.46415,1.46455,1.00,1.00
2010.01.05 23:15:04.971,1.46415,1.46455,1.00,4.80
2010.01.05 23:15:05.791,1.46415,1.4645,1.00,1.00
2010.01.05 23:15:06.001,1.46415,1.46455,1.00,4.80
2010.01.05 23:15:06.231,1.46415,1.46455,1.00,4.00
2010.01.05 23:15:10.840,1.46415,1.46455,1.00,2.40
2010.01.05 23:15:10.960,1.46415,1.46455,1.00,1.00
2010.01.05 23:15:19.927,1.46405,1.4643,1.00,1.00
2010.01.05 23:15:20.037,1.46405,1.4644,1.00,1.00
2010.01.05 23:15:20.097,1.46405,1.4644,1.00,1.00
2010.01.05 23:15:20.157,1.46405,1.4644,1.80,1.00
2010.01.05 23:15:20.387,1.46405,1.4643,1.80,1.00
2010.01.05 23:15:20.447,1.46405,1.4643,1.00,1.00
2010.01.05 23:15:20.497,1.464,1.4643,1.00,1.00
2010.01.05 23:15:21.237,1.46385,1.46415,1.00,1.00
2010.01.05 23:15:21.567,1.46385,1.46405,1.00,1.00
2010.01.05 23:15:21.957,1.46375,1.46395,1.00,1.00
2010.01.05 23:15:22.297,1.4637,1.46405,1.00,1.00
2010.01.05 23:15:22.647,1.46375,1.46395,1.00,1.00
2010.01.05 23:15:23.347,1.4638,1.46395,1.00,1.00
2010.01.05 23:15:26.326,1.46375,1.46395,1.00,1.00
2010.01.05 23:15:27.146,1.46385,1.46395,1.00,1.00
2010.01.05 23:15:28.985,1.46385,1.46395,1.00,1.00
2010.01.05 23:15:29.285,1.4635,1.46395,1.00,1.00
2010.01.05 23:15:29.625,1.46345,1.46395,1.00,1.00
2010.01.05 23:15:29.985,1.4635,1.46395,1.00,1.00
2010.01.05 23:15:32.624,1.4636,1.46395,1.00,1.00
2010.01.05 23:15:34.044,1.46375,1.46395,1.00,1.00
2010.01.05 23:15:34.264,1.46375,1.464,1.00,1.00
2010.01.05 23:15:34.484,1.46365,1.464,1.60,1.00
2010.01.05 23:15:34.724,1.46365,1.464,1.80,1.00
2010.01.05 23:15:34.964,1.46365,1.464,1.60,1.00
2010.01.05 23:15:36.703,1.46385,1.464,1.00,1.00
2010.01.05 23:15:37.103,1.46385,1.4641,1.00,4.80
2010.01.05 23:15:39.263,1.46345,1.46395,1.00,1.00
2010.01.05 23:15:39.373,1.4636,1.46395,1.00,1.00
2010.01.05 23:15:39.433,1.46345,1.46395,1.00,1.00
2010.01.05 23:15:39.833,1.4637,1.46395,1.00,1.00
2010.01.05 23:15:40.062,1.46345,1.46395,1.00,1.00
2010.01.05 23:15:40.302,1.46365,1.4639,1.00,1.00
2010.01.05 23:15:40.483,1.46345,1.4639,1.00,1.00
2010.01.05 23:15:40.723,1.46365,1.4639,1.00,1.00
2010.01.05 23:15:40.842,1.46345,1.4639,1.00,1.00
2010.01.05 23:15:41.023,1.46365,1.4639,1.00,1.00
2010.01.05 23:15:41.262,1.4635,1.4639,1.00,1.00
2010.01.05 23:15:42.542,1.4635,1.4639,1.00,1.00
2010.01.05 23:15:42.882,1.46365,1.4639,1.00,1.00
2010.01.05 23:15:43.232,1.4634,1.4639,1.00,1.00
2010.01.05 23:15:43.532,1.4634,1.46395,1.00,4.30
2010.01.05 23:15:43.882,1.4634,1.46395,1.00,3.50
2010.01.05 23:15:48.631,1.4635,1.46395,1.00,1.90
2010.01.05 23:15:48.920,1.4635,1.46395,1.90,1.90
2010.01.05 23:15:49.500,1.4635,1.46395,1.10,1.90
2010.01.05 23:15:49.610,1.4635,1.46395,1.00,1.90
2010.01.05 23:15:49.841,1.4636,1.46395,1.00,2.00
2010.01.05 23:15:50.950,1.4635,1.46395,2.20,2.00
2010.01.05 23:15:51.120,1.46335,1.4638,1.00,1.00
2010.01.05 23:15:51.240,1.46335,1.4638,1.00,4.30
2010.01.05 23:15:51.530,1.46325,1.4638,1.60,4.30
2010.01.05 23:15:51.650,1.46325,1.4638,1.00,4.30
2010.01.05 23:15:52.280,1.4633,1.4637,1.00,4.30
2010.01.05 23:15:52.620,1.4633,1.4637,1.00,4.80
2010.01.05 23:15:53.879,1.4632,1.46365,1.60,1.90
2010.01.05 23:15:54.219,1.4632,1.46365,1.60,3.50
2010.01.05 23:15:55.959,1.4632,1.46365,1.60,1.90
2010.01.05 23:15:57.788,1.4632,1.4636,1.60,1.60
2010.01.05 23:15:58.998,1.4632,1.4636,1.60,2.40
2010.01.05 23:16:00.278,1.46325,1.4636,1.60,2.40
2010.01.05 23:16:00.398,1.46325,1.4636,1.60,2.40
2010.01.05 23:16:00.518,1.4633,1.4636,1.00,2.40
2010.01.05 23:16:01.527,1.4633,1.46355,1.00,1.00
2010.01.05 23:16:01.747,1.46325,1.46355,1.00,1.00
2010.01.05 23:16:01.908,1.46325,1.4636,1.00,1.60
2010.01.05 23:16:02.087,1.46325,1.4636,1.60,1.60
2010.01.05 23:16:02.257,1.4633,1.4636,1.00,1.60
2010.01.05 23:16:03.007,1.4633,1.46365,1.00,2.40
2010.01.05 23:16:07.816,1.46325,1.46365,1.60,2.40
2010.01.05 23:16:08.166,1.4633,1.46365,1.60,2.40
2010.01.05 23:16:08.796,1.4633,1.46365,1.00,2.40
2010.01.05 23:16:08.916,1.4633,1.46365,1.60,2.40
2010.01.05 23:16:09.146,1.4633,1.46365,1.00,2.40
2010.01.05 23:16:09.375,1.4633,1.46365,1.00,2.40
2010.01.05 23:16:09.605,1.4633,1.46365,1.00,2.40
2010.01.05 23:16:12.735,1.4633,1.46365,1.00,2.40
2010.01.05 23:16:12.915,1.46325,1.4636,1.00,2.30
2010.01.05 23:16:17.613,1.46335,1.4636,1.00,1.60
2010.01.05 23:16:17.774,1.46335,1.46365,1.00,3.20
2010.01.05 23:16:18.123,1.46335,1.46365,1.00,2.40
2010.01.05 23:16:30.820,1.46325,1.4637,1.00,2.40
2010.01.05 23:16:33.000,1.46335,1.4637,1.00,1.00
2010.01.05 23:16:33.290,1.46335,1.4637,1.00,2.40
2010.01.05 23:16:33.590,1.46345,1.46375,1.60,4.00
2010.01.05 23:16:33.860,1.46355,1.4638,1.00,3.20
2010.01.05 23:16:34.150,1.4635,1.4638,1.00,4.00
2010.01.05 23:16:34.319,1.4634,1.4638,1.00,4.80
2010.01.05 23:16:34.429,1.4634,1.4638,1.00,4.00
2010.01.05 23:16:35.129,1.4634,1.4637,1.00,1.60
2010.01.05 23:16:35.299,1.4634,1.4637,1.00,1.60
2010.01.05 23:16:36.109,1.4634,1.46375,1.00,1.00
2010.01.05 23:16:36.399,1.46345,1.46375,1.00,1.00
2010.01.05 23:16:36.689,1.4635,1.4638,1.60,4.00
2010.01.05 23:16:37.019,1.4635,1.4637,1.60,1.60
2010.01.05 23:16:37.309,1.46345,1.4637,1.00,1.60
2010.01.05 23:16:37.649,1.46355,1.4638,2.40,1.30
2010.01.05 23:16:37.989,1.4637,1.46375,1.00,1.00
2010.01.05 23:16:38.319,1.4637,1.46395,1.00,2.40
2010.01.05 23:16:38.558,1.46355,1.4638,1.60,1.00
2010.01.05 23:16:38.849,1.46365,1.4642,1.00,6.40
2010.01.05 23:16:39.088,1.46375,1.464,1.00,1.00
2010.01.05 23:16:39.328,1.4634,1.46395,1.60,1.00
2010.01.05 23:16:39.499,1.46345,1.4639,1.60,1.00
2010.01.05 23:16:40.598,1.46365,1.46385,1.00,1.00
2010.01.05 23:16:41.238,1.46365,1.4639,1.00,4.00
2010.01.05 23:16:41.508,1.46365,1.4639,1.00,2.40
2010.01.05 23:16:41.868,1.46365,1.4639,1.60,1.00
2010.01.05 23:16:42.797,1.4636,1.4639,3.20,1.00
2010.01.05 23:16:43.237,1.46365,1.4639,1.00,1.00
2010.01.05 23:16:44.087,1.4636,1.4639,1.60,1.00
2010.01.05 23:16:44.797,1.4636,1.4639,1.60,1.00
2010.01.05 23:16:47.566,1.4636,1.46385,1.00,1.00
2010.01.05 23:16:47.917,1.46345,1.46385,1.60,1.00
2010.01.05 23:16:48.266,1.46345,1.4639,1.00,1.60
2010.01.05 23:16:48.606,1.4635,1.4639,1.00,1.00
2010.01.05 23:16:48.956,1.46345,1.4639,1.00,1.00
2010.01.05 23:16:49.006,1.4635,1.4639,1.00,1.00
2010.01.05 23:16:52.845,1.4635,1.4639,1.00,1.00
2010.01.05 23:16:53.175,1.4635,1.4639,1.60,1.00
2010.01.05 23:16:54.215,1.4635,1.46395,1.60,1.00
2010.01.05 23:16:55.365,1.4635,1.4639,1.60,1.00
2010.01.05 23:16:55.754,1.4635,1.4639,1.00,1.00
2010.01.05 23:16:55.984,1.46345,1.46385,1.60,1.00
2010.01.05 23:16:56.914,1.4635,1.46385,1.00,1.00
2010.01.05 23:16:57.244,1.46345,1.46385,1.60,1.00
2010.01.05 23:16:57.594,1.46345,1.4638,1.00,1.00
2010.01.05 23:16:57.954,1.4634,1.4638,1.60,1.00
2010.01.05 23:16:58.864,1.4634,1.46385,1.60,4.80
2010.01.05 23:16:59.094,1.4634,1.46375,1.00,1.00
2010.01.05 23:16:59.273,1.4634,1.46375,1.00,1.00
2010.01.05 23:16:59.504,1.46335,1.46375,1.60,1.00
2010.01.05 23:16:59.733,1.4635,1.46375,1.00,1.00
2010.01.05 23:17:00.473,1.46355,1.46375,1.00,1.00
2010.01.05 23:17:01.103,1.46365,1.4638,1.00,1.00
2010.01.05 23:17:01.453,1.4634,1.4638,1.00,1.00
2010.01.05 23:17:01.513,1.4634,1.4638,1.60,1.00
2010.01.05 23:17:01.573,1.4634,1.4638,1.00,1.00
2010.01.05 23:17:01.683,1.4634,1.4638,1.00,1.20
2010.01.05 23:17:02.013,1.46335,1.4638,1.60,1.20
2010.01.05 23:17:02.363,1.46335,1.46375,1.60,1.00
2010.01.05 23:17:02.703,1.46335,1.4637,1.00,1.00
2010.01.05 23:17:02.933,1.46335,1.46365,1.00,1.00
2010.01.05 23:17:04.172,1.46335,1.4637,1.00,1.20
2010.01.05 23:17:04.412,1.4634,1.4637,2.40,1.00
2010.01.05 23:17:04.692,1.4634,1.46375,2.40,4.80
2010.01.05 23:17:04.972,1.4634,1.46375,2.40,1.00
2010.01.05 23:17:06.562,1.4634,1.46375,3.20,1.00
2010.01.05 23:17:07.752,1.46345,1.4638,3.20,4.00
2010.01.05 23:17:08.091,1.46345,1.4638,3.20,2.40
2010.01.05 23:17:08.371,1.4635,1.4638,1.00,2.40
2010.01.05 23:17:10.811,1.4635,1.4638,1.00,1.60
2010.01.05 23:17:10.981,1.46345,1.4638,3.20,1.60
2010.01.05 23:17:11.041,1.46345,1.46385,3.20,4.40
2010.01.05 23:17:11.211,1.46345,1.46385,3.20,2.80
2010.01.05 23:17:11.840,1.46345,1.46385,1.60,2.80
2010.01.05 23:17:12.140,1.46345,1.4638,1.60,1.00
2010.01.05 23:17:12.850,1.4635,1.4638,1.00,1.00
2010.01.05 23:17:13.070,1.46345,1.4638,1.60,1.00
2010.01.05 23:17:13.470,1.4635,1.4638,1.00,1.00
2010.01.05 23:17:14.720,1.4635,1.46375,1.00,1.00
2010.01.05 23:17:14.960,1.46365,1.4638,1.00,1.00
2010.01.05 23:17:15.200,1.46365,1.4639,1.00,1.00
2010.01.05 23:17:15.550,1.4636,1.4639,1.60,1.00
2010.01.05 23:17:15.900,1.4636,1.4639,1.60,1.00
2010.01.05 23:17:17.181,1.4636,1.4639,3.20,1.00
2010.01.05 23:17:17.359,1.4637,1.464,1.00,1.00
2010.01.05 23:17:17.919,1.4637,1.464,1.00,3.90
2010.01.05 23:17:18.089,1.4637,1.464,1.00,4.70
2010.01.05 23:17:18.249,1.4637,1.4639,1.00,1.00
2010.01.05 23:17:18.639,1.4636,1.4639,1.00,4.00
2010.01.05 23:17:19.309,1.4636,1.46385,1.00,2.40
2010.01.05 23:17:19.478,1.46355,1.46385,1.60,2.40
2010.01.05 23:17:19.878,1.46355,1.46385,1.60,2.80
2010.01.05 23:17:20.058,1.46355,1.46385,1.00,2.80
2010.01.05 23:17:20.169,1.46355,1.46385,1.00,2.80
2010.01.05 23:17:20.279,1.4635,1.46385,1.60,1.20
2010.01.05 23:17:20.339,1.4635,1.46385,1.60,2.80
2010.01.05 23:17:20.568,1.46345,1.4638,1.60,1.00
2010.01.05 23:17:20.799,1.46345,1.4638,1.00,1.20
2010.01.05 23:17:21.019,1.46345,1.4638,1.00,1.20
2010.01.05 23:17:21.188,1.46345,1.4638,1.00,1.20
2010.01.05 23:17:21.408,1.46355,1.4638,1.60,1.20
2010.01.05 23:17:21.769,1.4635,1.4638,1.00,1.20
2010.01.05 23:17:23.699,1.4635,1.4638,1.00,1.00
2010.01.05 23:17:24.228,1.4635,1.4638,1.00,1.00
2010.01.05 23:17:24.518,1.46345,1.46375,1.00,1.00
2010.01.05 23:17:25.037,1.4634,1.46375,1.00,1.00
2010.01.05 23:17:25.147,1.4634,1.4638,1.00,1.00
2010.01.05 23:17:25.427,1.46345,1.46375,1.00,1.00
2010.01.05 23:17:26.527,1.46335,1.46375,1.00,1.00
2010.01.05 23:17:28.486,1.46345,1.46375,1.00,1.00
2010.01.05 23:17:28.846,1.46345,1.46375,1.60,1.00
2010.01.05 23:17:29.697,1.46345,1.46375,1.60,1.00
2010.01.05 23:17:29.866,1.46345,1.46375,1.00,1.00
2010.01.05 23:17:29.976,1.4634,1.46375,3.20,1.00
2010.01.05 23:17:30.096,1.46345,1.46375,1.60,1.00
2010.01.05 23:17:31.606,1.46345,1.4638,1.60,1.00
2010.01.05 23:17:35.065,1.4635,1.4638,1.00,1.00
2010.01.05 23:17:39.584,1.46345,1.4638,1.60,1.00
2010.01.05 23:17:41.273,1.4635,1.4638,1.00,1.00
2010.01.05 23:17:41.723,1.4635,1.46375,1.00,1.00
2010.01.05 23:17:41.893,1.4631,1.4636,1.60,1.00
2010.01.05 23:17:43.643,1.46315,1.4635,1.00,1.00
2010.01.05 23:17:43.873,1.4632,1.4635,1.00,1.00
2010.01.05 23:17:44.115,1.46315,1.46345,1.00,1.00
2010.01.05 23:17:44.343,1.46305,1.46345,1.60,1.00
2010.01.05 23:17:45.312,1.46305,1.46345,3.20,1.00
2010.01.05 23:17:45.483,1.46305,1.46345,1.60,1.00
2010.01.05 23:17:58.420,1.4629,1.46325,1.60,1.00
2010.01.05 23:17:58.539,1.463,1.4635,1.00,1.00
2010.01.05 23:17:59.019,1.463,1.4635,1.00,1.00
2010.01.05 23:18:00.409,1.46305,1.46345,1.00,1.00
2010.01.05 23:18:00.709,1.46305,1.46345,1.00,1.00
2010.01.05 23:18:00.829,1.463,1.46345,1.60,1.00
2010.01.05 23:18:00.939,1.463,1.46345,1.00,1.00
2010.01.05 23:18:00.999,1.463,1.46345,1.00,1.00
2010.01.05 23:18:01.109,1.46305,1.46345,1.00,1.00
2010.01.05 23:18:03.578,1.4631,1.46345,1.00,1.00
2010.01.05 23:18:03.918,1.46315,1.46345,1.60,1.00
2010.01.05 23:18:04.258,1.46335,1.4637,1.00,1.00
2010.01.05 23:18:04.318,1.46335,1.4636,1.00,1.00
2010.01.05 23:18:04.378,1.4631,1.4636,1.00,1.00
2010.01.05 23:18:05.688,1.4632,1.46355,1.00,1.00
2010.01.05 23:18:05.908,1.4632,1.46355,1.00,1.00
2010.01.05 23:18:06.258,1.4632,1.4636,1.00,1.00
2010.01.05 23:18:09.387,1.4632,1.4636,1.00,1.00
2010.01.05 23:18:09.607,1.4632,1.4636,1.00,1.00
2010.01.05 23:18:10.526,1.46315,1.4636,1.00,1.00
2010.01.05 23:18:11.566,1.46315,1.4636,1.00,1.00
2010.01.05 23:18:13.616,1.46315,1.4636,1.00,1.00
2010.01.05 23:18:16.225,1.46315,1.4636,1.00,2.40
2010.01.05 23:18:16.345,1.4631,1.46355,1.70,1.00
2010.01.05 23:18:16.405,1.4631,1.46355,3.20,1.00
2010.01.05 23:18:16.455,1.4631,1.46355,1.60,1.00
2010.01.05 23:18:16.615,1.4631,1.46355,1.00,1.60
2010.01.05 23:18:17.205,1.4631,1.46355,1.00,1.00
2010.01.05 23:18:19.344,1.4631,1.46355,1.00,1.00
2010.01.05 23:18:19.504,1.4631,1.46355,1.00,1.00
2010.01.05 23:18:20.464,1.46305,1.4634,1.60,1.00
2010.01.05 23:18:20.694,1.463,1.4634,1.60,1.00
2010.01.05 23:18:20.924,1.463,1.4634,1.00,1.00
2010.01.05 23:18:31.021,1.46305,1.4635,1.00,2.40
2010.01.05 23:18:31.081,1.46305,1.4635,1.00,2.30
2010.01.05 23:18:31.132,1.4631,1.4635,1.00,2.40
2010.01.05 23:18:31.301,1.4631,1.4635,1.00,1.00
2010.01.05 23:18:31.741,1.4631,1.46355,1.00,2.40
2010.01.05 23:18:32.091,1.4631,1.46355,1.00,1.00
2010.01.05 23:18:32.441,1.4631,1.46355,1.00,1.60
2010.01.05 23:18:33.131,1.4631,1.46355,1.00,1.00
2010.01.05 23:18:33.491,1.46305,1.4635,1.00,2.30
2010.01.05 23:18:34.760,1.46305,1.4635,1.00,1.00
2010.01.05 23:18:35.680,1.463,1.4634,1.60,1.00
2010.01.05 23:18:35.840,1.463,1.4634,1.60,1.00
2010.01.05 23:18:36.070,1.46295,1.4634,1.00,1.50
2010.01.05 23:18:36.240,1.46295,1.4634,1.00,2.40
2010.01.05 23:18:36.630,1.46295,1.4634,1.00,1.00
2010.01.05 23:18:37.860,1.46305,1.46345,1.00,2.40
2010.01.05 23:18:38.030,1.46305,1.46345,1.00,1.00
2010.01.05 23:18:38.260,1.46305,1.4635,1.00,1.60
2010.01.05 23:18:38.670,1.46305,1.4635,1.00,1.00
2010.01.05 23:18:39.770,1.463,1.4634,1.00,1.00
2010.01.05 23:18:40.069,1.46295,1.4634,1.00,1.00
2010.01.05 23:18:44.178,1.46295,1.4634,1.00,1.60
2010.01.05 23:18:51.106,1.4629,1.4633,1.00,1.00
2010.01.05 23:18:51.766,1.46285,1.46335,3.26,1.60
2010.01.05 23:18:51.936,1.4629,1.46335,1.00,1.60
2010.01.05 23:18:52.178,1.4629,1.4634,1.60,2.40
2010.01.05 23:18:53.466,1.4629,1.4634,1.60,1.60
2010.01.05 23:18:54.116,1.4629,1.4634,1.60,1.60
2010.01.05 23:18:54.416,1.4629,1.4634,1.60,2.40
2010.01.05 23:18:54.716,1.4629,1.46335,1.60,1.00
2010.01.05 23:18:55.295,1.4629,1.46335,1.60,1.60
2010.01.05 23:18:55.596,1.4629,1.46335,1.60,1.00
2010.01.05 23:18:58.285,1.46295,1.46335,1.60,1.00
2010.01.05 23:18:58.465,1.46295,1.46335,1.60,1.00
2010.01.05 23:19:00.834,1.46295,1.4634,1.60,1.00
2010.01.05 23:19:01.214,1.46305,1.46345,1.00,1.50
2010.01.05 23:19:01.444,1.463,1.46345,1.00,1.00
2010.01.05 23:19:01.974,1.46305,1.46345,1.00,1.00
2010.01.05 23:19:04.044,1.46305,1.4635,1.00,1.60
2010.01.05 23:19:04.333,1.46305,1.4635,1.00,2.40
2010.01.05 23:19:04.453,1.46305,1.4635,1.60,2.40
2010.01.05 23:19:04.624,1.4631,1.4635,1.00,1.60
2010.01.05 23:19:04.683,1.4631,1.4635,1.00,1.00
2010.01.05 23:19:05.993,1.463,1.4634,1.00,1.00
2010.01.05 23:19:08.892,1.4629,1.4633,1.60,1.00
2010.01.05 23:19:09.172,1.46295,1.4633,1.60,1.00
2010.01.05 23:19:14.841,1.4629,1.46335,1.60,1.00
2010.01.05 23:19:14.901,1.4629,1.46335,1.60,1.00
2010.01.05 23:19:14.961,1.4629,1.46335,1.00,1.00
2010.01.05 23:19:15.141,1.4629,1.46335,1.00,2.30
2010.01.05 23:19:15.531,1.4629,1.4633,1.00,1.00
2010.01.05 23:19:15.651,1.4628,1.46315,1.00,1.00
2010.01.05 23:19:16.001,1.46275,1.46315,1.60,1.00
2010.01.05 23:19:16.231,1.46275,1.4632,1.60,1.00
2010.01.05 23:19:16.461,1.46275,1.4632,1.00,1.00
2010.01.05 23:19:16.680,1.46275,1.46315,1.00,1.00
2010.01.05 23:19:16.850,1.4627,1.46315,1.60,1.00
2010.01.05 23:19:17.180,1.4627,1.46315,1.00,1.00
2010.01.05 23:19:17.750,1.4627,1.46315,1.00,1.00
2010.01.05 23:19:18.100,1.46265,1.4631,1.60,1.00
2010.01.05 23:19:22.709,1.4628,1.46335,1.60,1.50
2010.01.05 23:19:22.999,1.4628,1.46335,2.40,1.50
2010.01.05 23:19:23.359,1.4628,1.46335,2.40,1.00
2010.01.05 23:19:24.509,1.4628,1.4633,3.20,1.00
2010.01.05 23:19:25.178,1.4628,1.4633,2.40,1.00
2010.01.05 23:19:26.988,1.4628,1.4633,3.20,1.00
2010.01.05 23:19:27.678,1.46285,1.4633,1.00,1.00
2010.01.05 23:19:28.038,1.46285,1.4633,1.00,1.00
2010.01.05 23:19:28.208,1.4628,1.4633,3.20,1.00
2010.01.05 23:19:29.527,1.46285,1.4633,1.60,1.00
2010.01.05 23:19:29.757,1.46285,1.4633,1.60,1.00
2010.01.05 23:19:29.997,1.46285,1.4633,3.20,1.00
2010.01.05 23:19:30.227,1.4629,1.4633,1.00,1.00
2010.01.05 23:19:32.017,1.46285,1.4633,3.20,1.00
2010.01.05 23:19:32.617,1.46285,1.4633,2.40,1.00
2010.01.05 23:19:33.367,1.4629,1.4633,1.00,1.00
2010.01.05 23:19:38.325,1.46295,1.46335,1.00,1.00
2010.01.05 23:19:38.675,1.4629,1.46335,3.30,1.00
2010.01.05 23:19:39.015,1.4629,1.46335,3.20,1.00
2010.01.05 23:19:39.705,1.4629,1.46335,2.40,1.00
2010.01.05 23:19:41.664,1.46295,1.46335,1.60,1.00
2010.01.05 23:19:42.194,1.46295,1.46335,2.40,1.00
2010.01.05 23:19:42.544,1.46295,1.46335,1.60,1.00
2010.01.05 23:19:43.964,1.4631,1.46345,1.60,2.40
2010.01.05 23:19:44.144,1.463,1.46345,2.80,1.00
2010.01.05 23:19:44.364,1.46305,1.46345,1.60,1.00
2010.01.05 23:19:44.534,1.4631,1.46355,1.60,1.00
2010.01.05 23:19:44.814,1.4631,1.46355,1.00,1.60
2010.01.05 23:19:45.114,1.46315,1.46355,1.00,1.00
2010.01.05 23:19:45.413,1.4631,1.46355,1.00,1.00
2010.01.05 23:19:47.473,1.4631,1.46355,1.00,1.60
2010.01.05 23:19:50.433,1.4632,1.4636,1.00,1.00
2010.01.05 23:19:50.612,1.4632,1.46355,1.00,1.00
2010.01.05 23:19:51.002,1.4632,1.4636,1.00,1.00
2010.01.05 23:19:51.172,1.4632,1.46365,1.00,2.40
2010.01.05 23:19:54.491,1.4632,1.46365,1.00,1.60
2010.01.05 23:19:54.611,1.4632,1.46365,1.00,1.00
2010.01.05 23:19:54.791,1.46325,1.4637,1.00,1.60
2010.01.05 23:19:54.972,1.46325,1.46375,1.00,1.60
2010.01.05 23:19:55.141,1.46325,1.46375,1.00,1.60
2010.01.05 23:19:55.311,1.4634,1.46375,1.00,1.00
2010.01.05 23:19:55.481,1.4634,1.46385,1.00,4.00
2010.01.05 23:19:55.661,1.4634,1.46385,1.00,1.60
2010.01.05 23:19:55.781,1.4634,1.46385,1.00,1.00
2010.01.05 23:19:56.121,1.4634,1.46385,1.00,1.60
2010.01.05 23:19:56.291,1.4634,1.46385,1.00,1.00
2010.01.05 23:19:56.461,1.4636,1.46385,1.00,1.00
2010.01.05 23:19:56.571,1.46355,1.46385,1.00,1.00
2010.01.05 23:19:56.981,1.4635,1.46395,1.00,1.00
2010.01.05 23:19:57.331,1.46345,1.46395,1.00,1.50
2010.01.05 23:19:57.671,1.46345,1.4638,1.00,1.00
2010.01.05 23:19:57.961,1.4634,1.4638,1.00,1.00
2010.01.05 23:19:58.240,1.4634,1.4638,1.60,1.00
2010.01.05 23:19:58.530,1.46335,1.4638,1.00,1.00
2010.01.05 23:19:58.760,1.46335,1.4638,1.00,2.30
2010.01.05 23:20:06.399,1.46335,1.4638,1.60,1.00
2010.01.05 23:20:06.858,1.46345,1.46385,1.00,1.00
2010.01.05 23:20:07.088,1.46345,1.46385,1.00,1.00
2010.01.05 23:20:07.328,1.46345,1.4639,1.00,1.00
2010.01.05 23:20:08.798,1.46345,1.4638,1.00,1.00
2010.01.05 23:20:09.038,1.46335,1.4638,1.60,1.00
2010.01.05 23:20:12.197,1.4635,1.4638,1.00,1.00
2010.01.05 23:20:12.537,1.4636,1.46395,1.00,1.00
2010.01.05 23:20:17.226,1.4635,1.4639,1.00,1.00
2010.01.05 23:20:17.566,1.4635,1.46385,1.00,1.00
2010.01.05 23:20:18.646,1.4636,1.4639,1.00,1.00
2010.01.05 23:20:18.876,1.4635,1.46395,1.00,1.00
2010.01.05 23:20:19.046,1.4635,1.46395,1.00,1.60
2010.01.05 23:20:20.425,1.4635,1.46395,1.00,1.60
2010.01.05 23:20:21.515,1.4636,1.46395,1.00,1.00
2010.01.05 23:20:22.185,1.4635,1.4639,1.00,1.00
2010.01.05 23:20:22.355,1.4636,1.46395,1.00,1.00
2010.01.05 23:20:23.264,1.4636,1.464,1.00,1.00
2010.01.05 23:20:24.624,1.4637,1.46405,1.00,1.00
2010.01.05 23:20:24.984,1.4637,1.46405,1.00,1.00
2010.01.05 23:20:25.044,1.4637,1.46405,1.60,1.00
2010.01.05 23:20:28.853,1.4637,1.46405,1.00,1.00
2010.01.05 23:20:29.413,1.4637,1.46405,1.60,1.00
2010.01.05 23:20:29.863,1.4637,1.4641,1.60,1.00
2010.01.05 23:20:30.794,1.4637,1.4641,1.60,1.00
2010.01.05 23:20:30.852,1.4637,1.46405,1.60,1.00
2010.01.05 23:20:30.963,1.4637,1.46405,1.00,1.00
2010.01.05 23:20:31.022,1.4637,1.46405,1.00,1.00
2010.01.05 23:20:31.133,1.4637,1.4641,1.00,1.00
2010.01.05 23:20:31.193,1.4637,1.4641,1.00,1.00
2010.01.05 23:20:31.312,1.4637,1.4641,1.60,1.00
2010.01.05 23:20:32.862,1.4637,1.46415,1.60,1.00
2010.01.05 23:20:33.212,1.46375,1.4642,1.00,1.00
2010.01.05 23:20:33.552,1.4638,1.4642,1.00,1.00
2010.01.05 23:20:33.902,1.46375,1.4642,1.00,1.00
2010.01.05 23:20:35.871,1.46375,1.4642,1.60,1.00
2010.01.05 23:20:35.982,1.46375,1.4642,1.00,1.00
2010.01.05 23:20:37.031,1.4638,1.4643,1.60,1.00
2010.01.05 23:20:38.241,1.4638,1.4643,2.40,1.00
2010.01.05 23:20:38.481,1.46395,1.46435,1.00,1.60
2010.01.05 23:20:38.651,1.46395,1.46435,1.00,1.00
2010.01.05 23:20:38.831,1.46395,1.46445,1.00,1.00
2010.01.05 23:20:39.001,1.46395,1.4644,1.60,1.00
2010.01.05 23:20:39.241,1.4639,1.4644,1.60,1.00
2010.01.05 23:20:39.940,1.464,1.46425,1.00,1.00
2010.01.05 23:20:40.290,1.46385,1.46425,1.60,1.00
2010.01.05 23:20:40.520,1.46385,1.46425,1.00,1.00
2010.01.05 23:20:40.570,1.46385,1.46425,1.00,1.00
2010.01.05 23:20:41.030,1.46385,1.4642,1.00,1.00
2010.01.05 23:20:42.980,1.46385,1.46425,1.00,2.30
2010.01.05 23:20:43.270,1.4638,1.46425,1.00,1.00
2010.01.05 23:20:43.619,1.4638,1.46425,1.00,1.00
2010.01.05 23:20:43.969,1.4638,1.46425,1.00,1.00
2010.01.05 23:20:44.309,1.46375,1.4642,3.20,1.00
2010.01.05 23:20:49.018,1.46375,1.4642,1.60,1.00
2010.01.05 23:20:49.258,1.46375,1.46425,1.60,1.10
2010.01.05 23:20:57.966,1.46375,1.46425,1.60,1.00
2010.01.05 23:21:01.155,1.4639,1.46425,1.00,1.00
2010.01.05 23:21:01.725,1.4639,1.46435,1.00,1.60
2010.01.05 23:21:03.515,1.46395,1.46435,1.00,1.60
2010.01.05 23:21:06.484,1.46395,1.46435,1.00,1.00
2010.01.05 23:21:12.722,1.46395,1.46435,1.00,1.00
2010.01.05 23:21:13.073,1.4639,1.4643,1.00,1.00
2010.01.05 23:21:14.002,1.4639,1.4643,1.00,1.50
2010.01.05 23:21:22.641,1.46385,1.4643,1.60,1.60
2010.01.05 23:21:22.930,1.4638,1.46425,1.00,3.20
2010.01.05 23:21:23.290,1.4638,1.46425,1.00,4.00
2010.01.05 23:21:24.400,1.4638,1.46425,1.00,4.40
2010.01.05 23:21:24.760,1.46385,1.46425,1.00,1.00
2010.01.05 23:21:25.460,1.46385,1.46425,1.00,2.40
2010.01.05 23:21:25.630,1.4638,1.46425,1.00,2.40
2010.01.05 23:21:25.980,1.4638,1.46425,1.00,4.00
2010.01.05 23:21:27.629,1.46375,1.4642,1.00,2.40
2010.01.05 23:21:28.249,1.46375,1.4642,1.00,1.60
2010.01.05 23:21:34.797,1.46375,1.4642,1.00,1.00
2010.01.05 23:21:39.806,1.46375,1.4642,1.60,1.00
2010.01.05 23:21:40.046,1.46375,1.4642,1.00,1.00
2010.01.05 23:21:40.286,1.46375,1.4642,1.00,1.00
2010.01.05 23:21:40.566,1.46375,1.4642,1.00,1.00
2010.01.05 23:21:51.743,1.46375,1.4642,1.00,1.50
2010.01.05 23:21:53.743,1.46375,1.46415,1.00,1.00
2010.01.05 23:21:57.262,1.4637,1.46425,1.60,4.00
2010.01.05 23:21:57.772,1.4637,1.46415,1.00,1.00
2010.01.05 23:22:00.401,1.4637,1.4642,1.00,1.60
2010.01.05 23:22:00.451,1.4637,1.46415,1.00,1.00
2010.01.05 23:22:03.431,1.46375,1.46415,1.00,1.00
2010.01.05 23:22:03.661,1.46375,1.4642,1.00,1.60
2010.01.05 23:22:03.950,1.46375,1.46415,1.00,1.00
2010.01.05 23:22:04.230,1.4637,1.46415,1.60,1.00
2010.01.05 23:22:04.511,1.4637,1.46415,1.00,1.00
2010.01.05 23:22:04.750,1.4637,1.46415,1.60,1.00
2010.01.05 23:22:04.980,1.4637,1.46415,1.00,1.00
2010.01.05 23:22:16.547,1.4637,1.46415,1.60,1.00
2010.01.05 23:22:16.848,1.4637,1.46415,1.00,1.00
2010.01.05 23:22:19.777,1.4637,1.46415,1.00,1.00
2010.01.05 23:22:38.702,1.4637,1.46415,1.00,1.00
2010.01.05 23:22:39.472,1.4637,1.46415,1.00,1.00
2010.01.05 23:22:39.762,1.4637,1.46415,1.00,1.00
2010.01.05 23:22:41.062,1.4637,1.46415,1.00,1.00
2010.01.05 23:22:45.120,1.4637,1.46415,1.00,1.00
2010.01.05 23:22:45.531,1.4637,1.46415,1.00,1.00
2010.01.05 23:22:54.669,1.4637,1.46415,1.00,1.60
2010.01.05 23:22:55.008,1.4637,1.46415,1.00,1.00
2010.01.05 23:23:00.427,1.4637,1.4642,1.00,1.60
2010.01.05 23:23:00.537,1.4637,1.46415,1.00,1.00
2010.01.05 23:23:09.615,1.46375,1.46425,1.00,1.50
2010.01.05 23:23:09.795,1.46375,1.46425,1.60,1.00
2010.01.05 23:23:09.975,1.46375,1.46425,1.60,1.00
2010.01.05 23:23:10.384,1.46375,1.46425,1.00,1.00
2010.01.05 23:23:11.114,1.46375,1.46425,1.60,1.00
2010.01.05 23:23:12.554,1.4638,1.46425,1.00,1.00
2010.01.05 23:23:12.674,1.46375,1.46425,1.60,1.00
2010.01.05 23:23:13.204,1.46375,1.46425,1.00,1.00
2010.01.05 23:23:14.993,1.46375,1.4642,1.00,1.00
2010.01.05 23:23:18.433,1.4638,1.4642,1.00,1.00
2010.01.05 23:23:22.951,1.4638,1.46425,1.00,1.00
2010.01.05 23:23:24.881,1.4638,1.46425,1.00,1.00
2010.01.05 23:23:34.209,1.4638,1.4643,1.00,2.20
2010.01.05 23:23:39.058,1.4638,1.4642,1.00,2.30
2010.01.05 23:23:41.357,1.4638,1.4643,1.00,2.30
2010.01.05 23:23:41.457,1.4638,1.46425,1.00,1.00
2010.01.05 23:23:42.207,1.4638,1.4643,1.00,2.30
2010.01.05 23:23:44.936,1.4638,1.4642,1.00,1.00
2010.01.05 23:23:44.997,1.4638,1.4642,1.00,2.30
2010.01.05 23:23:46.546,1.4638,1.4642,1.00,1.60
2010.01.05 23:23:46.706,1.46385,1.4642,1.00,1.00
2010.01.05 23:23:46.826,1.46385,1.4643,1.00,2.30
2010.01.05 23:23:58.343,1.46385,1.4643,1.00,2.40
2010.01.05 23:23:58.973,1.46385,1.4643,1.00,1.60
2010.01.05 23:23:59.263,1.46385,1.46435,1.00,4.00
2010.01.05 23:23:59.543,1.46385,1.4643,1.00,1.00
2010.01.05 23:24:00.412,1.4638,1.4643,2.40,1.00
2010.01.05 23:24:00.463,1.46385,1.4643,1.00,1.00
2010.01.05 23:24:02.232,1.46385,1.46435,1.00,4.00
2010.01.05 23:24:13.869,1.4638,1.4643,1.00,1.00
2010.01.05 23:24:14.159,1.4638,1.4643,1.00,2.40
2010.01.05 23:24:14.399,1.4638,1.46425,1.00,1.00
2010.01.05 23:24:22.997,1.464,1.4644,1.00,1.00
2010.01.05 23:24:23.397,1.464,1.4645,1.00,1.00
2010.01.05 23:24:23.727,1.464,1.4645,1.00,1.00
2010.01.05 23:24:24.787,1.4641,1.4645,2.40,1.00
2010.01.05 23:24:25.016,1.4641,1.46455,2.40,2.40
2010.01.05 23:24:25.306,1.4641,1.46455,2.40,1.00
2010.01.05 23:24:28.876,1.46405,1.4644,1.00,1.00
2010.01.05 23:24:29.226,1.46405,1.4644,1.00,1.00
2010.01.05 23:24:29.525,1.46395,1.4644,1.00,2.40
2010.01.05 23:24:29.815,1.46395,1.4644,1.00,1.00
2010.01.05 23:24:30.095,1.46395,1.4644,1.00,1.60
2010.01.05 23:24:30.265,1.46395,1.4644,1.00,2.40
2010.01.05 23:24:34.704,1.46395,1.4644,1.00,2.80
2010.01.05 23:24:35.754,1.46395,1.4644,1.00,2.40
2010.01.05 23:24:56.859,1.46395,1.46435,1.00,1.60
2010.01.05 23:24:56.919,1.46395,1.46435,1.00,2.40
2010.01.05 23:24:56.979,1.46395,1.46435,1.00,3.20
2010.01.05 23:24:57.029,1.46395,1.4643,1.00,1.00
2010.01.05 23:25:00.348,1.4639,1.4643,1.00,1.00
2010.01.05 23:25:00.998,1.4639,1.46425,1.00,1.00
2010.01.05 23:25:01.278,1.46385,1.4642,1.00,1.00
2010.01.05 23:25:04.007,1.4639,1.4643,1.00,1.60
2010.01.05 23:25:04.307,1.4639,1.46435,1.00,1.00
2010.01.05 23:25:04.647,1.4639,1.46435,1.00,1.00
2010.01.05 23:25:05.917,1.4639,1.46435,1.00,1.00
2010.01.05 23:25:06.897,1.46405,1.46445,1.00,1.00
2010.01.05 23:25:07.126,1.46405,1.4645,1.00,1.00
2010.01.05 23:25:07.366,1.4641,1.46455,1.00,2.40
2010.01.05 23:25:08.366,1.4642,1.4646,1.00,2.40
2010.01.05 23:25:08.477,1.4642,1.4646,1.00,2.40
2010.01.05 23:25:10.545,1.46415,1.4646,1.00,2.40
2010.01.05 23:25:12.555,1.46415,1.4646,1.00,1.00
2010.01.05 23:25:12.905,1.4641,1.46455,1.00,2.40
2010.01.05 23:25:13.245,1.4641,1.46455,1.00,2.40
2010.01.05 23:25:13.585,1.4641,1.46455,1.00,2.40
2010.01.05 23:25:14.984,1.46415,1.46455,1.00,1.60
2010.01.05 23:25:15.154,1.46415,1.4646,1.00,1.60
2010.01.05 23:25:15.314,1.46415,1.4646,1.00,1.00
2010.01.05 23:25:18.184,1.4641,1.46455,1.00,2.40
2010.01.05 23:25:18.874,1.4641,1.46455,1.00,2.40
2010.01.05 23:25:19.203,1.4641,1.46455,1.00,2.40
2010.01.05 23:25:19.893,1.4641,1.46445,1.00,1.00
2010.01.05 23:25:20.523,1.46405,1.46445,1.00,1.00
2010.01.05 23:25:22.073,1.46405,1.4645,1.00,2.40
2010.01.05 23:25:22.133,1.46405,1.4645,1.00,1.00
2010.01.05 23:25:23.025,1.46405,1.4645,1.00,1.00
2010.01.05 23:25:23.313,1.46405,1.46455,2.00,2.40
2010.01.05 23:25:23.603,1.46405,1.4644,1.60,1.00
2010.01.05 23:25:23.883,1.46405,1.4644,1.00,1.00
2010.01.05 23:25:25.442,1.464,1.46435,1.00,1.00
2010.01.05 23:25:25.742,1.464,1.4644,1.00,1.00
2010.01.05 23:25:25.922,1.464,1.46445,1.00,1.60
2010.01.05 23:25:26.092,1.464,1.4644,2.00,1.00
2010.01.05 23:25:26.272,1.46405,1.4644,1.00,1.00
2010.01.05 23:25:27.582,1.464,1.4644,1.00,3.60
2010.01.05 23:25:27.802,1.46395,1.4644,3.60,1.00
2010.01.05 23:25:28.041,1.464,1.46445,1.60,1.60
2010.01.05 23:25:28.271,1.4641,1.46445,1.00,1.60
2010.01.05 23:25:28.501,1.4641,1.46445,1.00,1.00
2010.01.05 23:25:29.431,1.46405,1.4645,1.00,1.00
2010.01.05 23:25:29.781,1.46405,1.46435,1.00,1.00
2010.01.05 23:25:29.951,1.46405,1.4644,1.00,4.00
2010.01.05 23:25:30.181,1.46405,1.4644,1.00,1.00
2010.01.05 23:25:30.351,1.4641,1.4644,1.00,1.00
2010.01.05 23:25:31.101,1.46415,1.46455,1.60,1.00
2010.01.05 23:25:35.670,1.4641,1.4645,1.00,1.00
2010.01.05 23:25:35.789,1.4641,1.46455,1.00,1.00
2010.01.05 23:25:38.019,1.4641,1.46445,1.00,1.00
2010.01.05 23:25:38.719,1.4641,1.46445,1.00,1.00
2010.01.05 23:25:38.889,1.4641,1.46455,1.00,1.00
2010.01.05 23:25:39.119,1.46425,1.4646,1.00,1.60
2010.01.05 23:25:39.299,1.46425,1.46465,1.00,1.60
2010.01.05 23:25:39.519,1.4643,1.46465,1.00,1.60
2010.01.05 23:25:39.758,1.4643,1.46475,1.00,1.60
2010.01.05 23:25:40.048,1.4643,1.46475,1.00,1.00
2010.01.05 23:25:40.279,1.4644,1.4648,1.00,1.60
2010.01.05 23:25:40.559,1.4644,1.46485,1.00,2.20
2010.01.05 23:25:40.848,1.4644,1.46485,1.20,1.30
2010.01.05 23:25:41.019,1.46445,1.4649,1.00,1.00
2010.01.05 23:25:41.318,1.46445,1.4649,1.00,3.10
2010.01.05 23:25:41.378,1.4644,1.46485,1.00,1.00
2010.01.05 23:25:41.498,1.4644,1.46485,1.20,1.00
2010.01.05 23:25:41.848,1.4644,1.46485,2.00,1.00
2010.01.05 23:25:42.068,1.4644,1.4648,1.00,1.00
2010.01.05 23:25:42.308,1.4644,1.4648,1.00,1.00
2010.01.05 23:25:42.588,1.46435,1.46475,1.00,1.00
2010.01.05 23:25:43.678,1.46435,1.4648,1.00,2.10
2010.01.05 23:25:43.968,1.46435,1.4648,1.00,1.00
2010.01.05 23:25:44.247,1.46435,1.4648,1.20,1.00
2010.01.05 23:25:45.877,1.46445,1.46485,1.00,1.00
2010.01.05 23:25:45.997,1.46445,1.4649,1.00,2.10
2010.01.05 23:25:46.237,1.4645,1.4649,1.60,1.00
2010.01.05 23:25:46.357,1.4645,1.46495,1.60,2.40
2010.01.05 23:25:46.477,1.4645,1.46495,2.40,1.00
2010.01.05 23:25:46.707,1.4645,1.465,2.40,1.30
2010.01.05 23:25:46.997,1.4645,1.465,1.60,1.30
2010.01.05 23:25:47.107,1.4645,1.465,2.40,1.30
2010.01.05 23:25:51.706,1.4645,1.465,2.80,1.30
2010.01.05 23:25:52.105,1.4645,1.46495,1.20,1.00
2010.01.05 23:25:52.225,1.4645,1.46495,1.00,1.00
2010.01.05 23:26:00.654,1.4645,1.46495,1.00,1.60
2010.01.05 23:26:00.763,1.4645,1.46495,1.00,2.40
2010.01.05 23:26:00.943,1.4645,1.46495,1.00,1.60
2010.01.05 23:26:01.063,1.4645,1.46495,1.00,1.00
2010.01.05 23:26:04.842,1.4645,1.46495,1.00,1.00
2010.01.05 23:26:14.980,1.4645,1.46495,1.00,1.00
2010.01.05 23:26:15.560,1.4645,1.46495,1.00,2.40
2010.01.05 23:26:15.790,1.46445,1.4649,1.00,2.40
2010.01.05 23:26:16.030,1.46445,1.4649,1.00,3.20
2010.01.05 23:26:16.260,1.46445,1.4649,1.00,2.40
2010.01.05 23:26:17.179,1.4645,1.46485,1.00,1.00
2010.01.05 23:26:17.980,1.4645,1.4649,1.00,1.00
2010.01.05 23:26:19.829,1.46445,1.4649,1.00,1.00
2010.01.05 23:26:20.009,1.4644,1.46485,1.00,1.00
2010.01.05 23:26:20.179,1.4644,1.46485,1.60,1.00
2010.01.05 23:26:20.409,1.46445,1.46485,1.00,1.00
2010.01.05 23:26:21.998,1.4644,1.46485,1.00,2.40
2010.01.05 23:26:22.288,1.4644,1.46485,1.00,2.40
2010.01.05 23:26:22.628,1.4644,1.4648,1.00,1.00
2010.01.05 23:26:29.237,1.46435,1.4648,1.00,2.40
2010.01.05 23:26:29.637,1.46435,1.4648,1.00,1.00
2010.01.05 23:26:30.946,1.46435,1.4648,1.00,1.60
2010.01.05 23:26:38.325,1.4644,1.46475,1.00,1.00
2010.01.05 23:26:39.834,1.46435,1.4648,1.00,4.00
2010.01.05 23:26:41.334,1.46435,1.46475,1.00,1.60
2010.01.05 23:26:41.504,1.46435,1.46475,1.00,2.40
2010.01.05 23:26:41.734,1.46435,1.46475,1.00,4.00
2010.01.05 23:26:42.433,1.46435,1.46475,1.00,2.40
2010.01.05 23:26:42.723,1.46435,1.46475,1.00,1.00
2010.01.05 23:26:54.621,1.46435,1.46475,1.00,1.00
2010.01.05 23:26:54.910,1.46435,1.46475,1.00,2.40
2010.01.05 23:26:55.903,1.4643,1.46475,1.00,2.40
2010.01.05 23:26:55.960,1.4643,1.46475,1.00,3.20
2010.01.05 23:26:56.021,1.4643,1.46475,1.00,2.40
2010.01.05 23:26:56.260,1.4643,1.46475,1.00,3.20
2010.01.05 23:26:56.370,1.4643,1.46475,1.00,4.00
2010.01.05 23:26:56.730,1.4643,1.46475,1.00,3.20
2010.01.05 23:26:56.790,1.4643,1.46475,1.00,2.40
2010.01.05 23:26:57.590,1.4643,1.46475,1.00,1.60
2010.01.05 23:26:57.870,1.46435,1.4648,1.00,4.00
2010.01.05 23:26:58.160,1.46435,1.4648,1.00,3.20
2010.01.05 23:26:59.180,1.46435,1.46475,1.00,1.00
2010.01.05 23:27:08.357,1.4643,1.4647,1.00,1.00
2010.01.05 23:27:10.207,1.4643,1.4647,1.00,1.00
2010.01.05 23:27:10.317,1.4643,1.4647,1.00,1.00
2010.01.05 23:27:15.826,1.46425,1.4647,1.00,1.00
2010.01.05 23:27:16.185,1.46425,1.4647,1.00,1.00
2010.01.05 23:27:19.494,1.46425,1.46465,1.00,1.00
2010.01.05 23:27:24.663,1.4643,1.46475,1.00,1.40
2010.01.05 23:27:24.943,1.4643,1.46475,1.00,1.00
2010.01.05 23:27:27.423,1.4643,1.4647,1.00,1.00
2010.01.05 23:27:28.413,1.4643,1.46475,1.00,4.00
2010.01.05 23:27:28.772,1.46425,1.4647,1.00,1.00
2010.01.05 23:27:29.132,1.46425,1.4647,1.00,2.30
2010.01.05 23:27:29.472,1.4642,1.4647,2.50,2.30
2010.01.05 23:27:30.392,1.46425,1.4647,1.00,2.40
2010.01.05 23:27:33.301,1.46425,1.4646,1.00,1.00
2010.01.05 23:27:33.641,1.4642,1.46465,1.00,2.60
2010.01.05 23:27:33.991,1.4642,1.46465,1.00,2.30
2010.01.05 23:27:36.240,1.4642,1.46465,1.00,2.40
2010.01.05 23:27:37.520,1.4642,1.46465,1.00,1.00
2010.01.05 23:27:37.870,1.4643,1.4647,1.00,2.40
2010.01.05 23:27:38.220,1.4642,1.46465,1.00,1.00
2010.01.05 23:27:38.510,1.4642,1.46465,1.00,1.00
2010.01.05 23:27:45.118,1.46415,1.46455,1.00,1.00
2010.01.05 23:27:45.298,1.4641,1.46455,1.00,1.00
2010.01.05 23:27:52.157,1.4641,1.46455,1.00,1.00
2010.01.05 23:27:52.397,1.4641,1.4645,1.00,1.00
2010.01.05 23:27:52.516,1.4641,1.46445,1.00,1.00
2010.01.05 23:27:53.036,1.46405,1.46445,1.00,1.00
2010.01.05 23:27:54.446,1.46405,1.46445,1.00,1.00
2010.01.05 23:27:54.746,1.46405,1.46445,1.00,1.50
2010.01.05 23:27:55.046,1.46405,1.46445,1.00,1.00
2010.01.05 23:27:56.796,1.464,1.46435,1.00,1.00
2010.01.05 23:27:57.136,1.464,1.46435,1.00,1.00
2010.01.05 23:27:57.715,1.46395,1.46435,1.00,1.00
2010.01.05 23:27:58.055,1.46395,1.4643,1.00,1.00
2010.01.05 23:27:58.395,1.46395,1.4643,1.00,1.50
2010.01.05 23:27:58.565,1.4639,1.4643,1.00,1.00
2010.01.05 23:27:58.745,1.4639,1.4643,1.00,1.50
2010.01.05 23:27:59.845,1.4639,1.4643,1.00,1.00
2010.01.05 23:28:00.385,1.4639,1.46435,1.00,3.20
2010.01.05 23:28:00.625,1.4639,1.4643,1.00,1.00
2010.01.05 23:28:00.845,1.4639,1.4642,1.00,1.00
2010.01.05 23:28:01.005,1.4639,1.4642,1.00,2.30
2010.01.05 23:28:01.244,1.4639,1.4642,1.00,1.50
2010.01.05 23:28:01.304,1.4639,1.4642,1.00,1.00
2010.01.05 23:28:01.484,1.4639,1.4642,1.00,1.50
2010.01.05 23:28:05.264,1.4639,1.4642,1.00,1.00
2010.01.05 23:28:06.353,1.46385,1.4642,1.00,1.00
2010.01.05 23:28:09.113,1.46385,1.4643,1.00,1.00
2010.01.05 23:28:09.402,1.46385,1.4643,1.00,1.60
2010.01.05 23:28:10.292,1.46385,1.4643,1.00,1.00
2010.01.05 23:28:25.959,1.46385,1.46415,1.00,1.60
2010.01.05 23:28:33.367,1.4638,1.46415,1.00,1.60
2010.01.05 23:28:34.646,1.4638,1.46405,1.00,1.00
2010.01.05 23:28:35.876,1.46375,1.46405,1.00,1.00
2010.01.05 23:28:38.595,1.4637,1.46405,1.00,1.00
2010.01.05 23:28:38.955,1.4637,1.4641,1.00,4.00
2010.01.05 23:28:39.295,1.4637,1.464,1.00,1.00
2010.01.05 23:28:39.645,1.4637,1.46405,1.00,1.00
2010.01.05 23:28:45.064,1.4637,1.46415,1.00,2.30
2010.01.05 23:28:45.284,1.4637,1.46405,1.00,1.00
2010.01.05 23:28:54.112,1.4637,1.46415,1.00,1.60
2010.01.05 23:29:09.098,1.4637,1.46415,1.00,1.50
2010.01.05 23:29:09.438,1.4637,1.4642,1.00,3.90
2010.01.05 23:29:16.566,1.46375,1.46415,1.00,1.50
2010.01.05 23:29:21.415,1.46375,1.46415,1.00,2.30
2010.01.05 23:29:21.815,1.46375,1.46415,1.00,1.50
2010.01.05 23:29:23.615,1.46375,1.46415,1.00,2.30
2010.01.05 23:29:27.314,1.4637,1.46415,1.00,2.40
2010.01.05 23:29:36.062,1.4637,1.46415,1.00,1.60
2010.01.05 23:29:39.091,1.4637,1.46415,1.60,1.60
2010.01.05 23:29:39.431,1.46375,1.46415,1.00,2.40
2010.01.05 23:29:39.781,1.4638,1.4642,1.00,1.60
2010.01.05 23:29:40.001,1.4638,1.4642,1.00,1.00
2010.01.05 23:29:43.590,1.4638,1.4642,1.00,1.60
2010.01.05 23:29:44.849,1.4638,1.46415,1.00,1.60
2010.01.05 23:29:45.030,1.4638,1.4641,1.00,1.00
2010.01.05 23:29:45.200,1.46375,1.4641,1.00,1.00
2010.01.05 23:29:45.319,1.46375,1.464,1.00,1.00
2010.01.05 23:29:45.489,1.4637,1.464,1.00,1.00
2010.01.05 23:29:45.669,1.46365,1.464,1.00,1.00
2010.01.05 23:29:47.869,1.46375,1.46415,2.00,1.00
2010.01.05 23:29:48.109,1.4638,1.46415,1.00,1.00
2010.01.05 23:29:48.279,1.46385,1.4642,1.00,1.60
2010.01.05 23:29:48.509,1.46385,1.4643,1.00,1.00
2010.01.05 23:29:48.868,1.46385,1.46425,1.00,1.00
2010.01.05 23:29:49.109,1.46385,1.4643,1.20,1.00
2010.01.05 23:29:49.459,1.46385,1.4643,2.00,1.00
2010.01.05 23:29:49.808,1.4639,1.46435,1.00,1.00
2010.01.05 23:29:50.159,1.4639,1.46425,1.60,1.00
2010.01.05 23:29:50.388,1.4639,1.46425,1.00,1.00
2010.01.05 23:29:51.148,1.46385,1.46425,1.00,1.00
2010.01.05 23:29:51.538,1.4639,1.46425,1.60,1.00
2010.01.05 23:29:51.648,1.4639,1.46435,1.60,1.00
2010.01.05 23:29:51.768,1.46395,1.46435,1.00,1.00
2010.01.05 23:29:51.818,1.46395,1.46435,1.00,1.00
2010.01.05 23:29:51.988,1.46395,1.46435,1.60,1.00
2010.01.05 23:29:52.108,1.46395,1.4643,1.00,1.00
2010.01.05 23:29:52.228,1.46395,1.4643,1.00,2.30
2010.01.05 23:29:52.468,1.46395,1.4643,1.00,3.90
2010.01.05 23:29:52.868,1.46395,1.46425,1.00,1.00
2010.01.05 23:29:53.627,1.46395,1.4644,1.00,1.00
2010.01.05 23:29:53.967,1.46395,1.4644,2.00,1.00
2010.01.05 23:29:54.317,1.46395,1.4644,1.00,1.00
2010.01.05 23:29:55.008,1.4639,1.4644,1.70,1.50
2010.01.05 23:29:55.367,1.46395,1.4644,1.00,1.50
2010.01.05 23:30:00.086,1.4639,1.46435,1.00,1.00
2010.01.05 23:30:00.326,1.4639,1.46435,1.00,1.00
2010.01.05 23:30:00.436,1.46395,1.4644,1.00,2.30
2010.01.05 23:30:00.496,1.46395,1.4644,1.00,1.50
2010.01.05 23:30:00.556,1.46395,1.4644,1.00,1.00
2010.01.05 23:30:00.616,1.4639,1.46435,2.00,1.00
2010.01.05 23:30:00.676,1.4639,1.46435,1.00,2.30
2010.01.05 23:30:00.736,1.4639,1.46435,1.20,1.50
2010.01.05 23:30:00.786,1.4639,1.46435,1.20,1.00
2010.01.05 23:30:01.385,1.4639,1.46435,1.00,1.50
2010.01.05 23:30:04.095,1.4639,1.46435,1.00,1.00
2010.01.05 23:30:04.455,1.46395,1.4644,1.00,2.30
2010.01.05 23:30:07.574,1.46395,1.4644,1.00,1.00
2010.01.05 23:30:08.054,1.46405,1.4645,1.00,1.00
2010.01.05 23:30:08.744,1.46405,1.4645,1.00,1.00
2010.01.05 23:30:10.983,1.46405,1.4645,1.00,1.00
2010.01.05 23:30:11.263,1.46405,1.4645,1.20,1.00
2010.01.05 23:30:11.503,1.46405,1.4645,1.00,1.50
2010.01.05 23:30:11.723,1.46405,1.4645,1.00,1.00
2010.01.05 23:30:11.943,1.46405,1.4645,1.20,1.00
2010.01.05 23:30:12.183,1.46405,1.4645,1.00,1.00
2010.01.05 23:30:22.940,1.46405,1.4645,1.00,1.00
2010.01.05 23:30:23.060,1.46405,1.4645,1.60,1.00
2010.01.05 23:30:23.480,1.46405,1.4645,1.00,1.00
2010.01.05 23:30:23.590,1.46405,1.4645,1.00,1.00
2010.01.05 23:30:24.300,1.4641,1.46455,1.00,1.00
2010.01.05 23:30:28.159,1.4641,1.46455,1.00,1.00
2010.01.05 23:30:29.719,1.4641,1.4646,3.60,1.00
2010.01.05 23:30:34.508,1.4641,1.4646,3.20,1.00
2010.01.05 23:30:35.037,1.4641,1.4646,3.20,1.00
2010.01.05 23:30:35.327,1.4641,1.4645,1.00,1.00
2010.01.05 23:30:35.497,1.4641,1.4644,1.00,1.00
2010.01.05 23:30:35.718,1.4641,1.46435,1.00,1.00
2010.01.05 23:30:35.898,1.46405,1.4644,1.60,1.60
2010.01.05 23:30:36.067,1.464,1.46445,1.00,1.60
2010.01.05 23:30:36.467,1.46405,1.4645,1.60,1.00
2010.01.05 23:30:36.757,1.46405,1.4645,1.00,1.00
2010.01.05 23:30:37.107,1.46405,1.4645,1.60,1.00
2010.01.05 23:30:40.676,1.4641,1.4645,1.00,1.00
2010.01.05 23:30:41.026,1.46405,1.4645,1.60,1.00
2010.01.05 23:30:41.666,1.46405,1.4645,2.00,1.00
2010.01.05 23:30:43.395,1.46405,1.4645,2.00,1.00
2010.01.05 23:30:44.455,1.4641,1.4645,1.00,1.00
2010.01.05 23:30:45.185,1.46405,1.4645,2.00,1.00
2010.01.05 23:30:54.483,1.4641,1.4645,1.00,1.00
2010.01.05 23:30:55.073,1.46405,1.4645,2.06,1.00
2010.01.05 23:30:55.422,1.46405,1.4645,2.00,1.00
2010.01.05 23:30:55.713,1.4641,1.46455,1.60,1.00
2010.01.05 23:30:58.082,1.4641,1.46455,2.50,1.00
2010.01.05 23:30:59.672,1.46415,1.46455,1.20,1.00
2010.01.05 23:30:59.961,1.4642,1.46455,1.00,1.00
2010.01.05 23:31:00.901,1.46415,1.46455,1.00,1.00
2010.01.05 23:31:01.881,1.46415,1.46455,1.20,1.00
2010.01.05 23:31:02.441,1.46415,1.46455,1.00,1.00
2010.01.05 23:31:03.270,1.4642,1.46455,1.00,1.00
2010.01.05 23:31:03.600,1.46415,1.46455,1.20,1.00
2010.01.05 23:31:04.590,1.46425,1.46455,1.00,1.00
2010.01.05 23:31:07.090,1.4643,1.46455,1.00,1.00
2010.01.05 23:31:08.149,1.46425,1.46455,1.00,1.00
2010.01.05 23:31:09.679,1.4642,1.46455,2.00,1.00
2010.01.05 23:31:10.499,1.4643,1.46455,1.00,1.00
2010.01.05 23:31:10.849,1.46435,1.46455,1.00,1.00
2010.01.05 23:31:11.019,1.4642,1.46455,2.00,1.00
2010.01.05 23:31:11.189,1.46425,1.46455,1.00,1.00
2010.01.05 23:31:12.368,1.46425,1.46455,1.00,1.00
2010.01.05 23:31:13.428,1.46425,1.46455,1.00,1.00
2010.01.05 23:31:13.668,1.46415,1.4644,1.00,1.00
2010.01.05 23:31:14.368,1.4641,1.4645,1.00,2.40
2010.01.05 23:31:15.068,1.46405,1.4643,1.00,1.00
2010.01.05 23:31:15.458,1.46405,1.46435,1.00,1.20
2010.01.05 23:31:15.808,1.4639,1.46425,1.00,1.00
2010.01.05 23:31:15.928,1.4639,1.46425,1.00,1.00
2010.01.05 23:31:16.217,1.46385,1.46425,1.00,1.00
2010.01.05 23:31:17.248,1.46375,1.46415,1.00,1.00
2010.01.05 23:31:18.187,1.46375,1.46415,1.00,1.00
2010.01.05 23:31:18.547,1.46375,1.46415,2.00,1.00
2010.01.05 23:31:19.237,1.4638,1.46415,1.00,1.00
2010.01.05 23:31:19.577,1.46375,1.46415,1.00,1.00
2010.01.05 23:31:19.927,1.46385,1.4642,1.00,1.00
2010.01.05 23:31:20.287,1.4638,1.46425,1.20,1.00
2010.01.05 23:31:21.306,1.4638,1.46425,1.00,1.00
2010.01.05 23:31:24.006,1.4639,1.4643,1.00,1.00
2010.01.05 23:31:27.525,1.46395,1.46435,1.00,2.40
2010.01.05 23:31:28.724,1.46395,1.4644,1.00,1.00
2010.01.05 23:31:30.154,1.46395,1.4644,1.00,2.30
2010.01.05 23:31:30.484,1.4639,1.4643,1.00,1.00
2010.01.05 23:31:35.233,1.4639,1.4643,1.00,1.00
2010.01.05 23:31:35.673,1.4639,1.4643,1.00,1.50
2010.01.05 23:31:35.843,1.4639,1.4643,1.00,2.30
2010.01.05 23:31:41.891,1.4639,1.4643,1.00,2.40
2010.01.05 23:31:46.040,1.46385,1.4642,1.00,1.00
2010.01.05 23:31:46.160,1.46385,1.4643,1.00,2.40
2010.01.05 23:31:46.681,1.4639,1.4643,1.00,2.40
2010.01.05 23:31:46.851,1.46385,1.4643,1.00,2.40
2010.01.05 23:31:47.373,1.46385,1.4643,1.00,1.60
2010.01.05 23:31:47.651,1.46385,1.4643,1.00,1.60
2010.01.05 23:31:47.880,1.46385,1.4643,1.00,2.40
2010.01.05 23:31:48.240,1.46385,1.4643,1.00,1.60
2010.01.05 23:31:48.920,1.4638,1.4642,1.00,1.00
2010.01.05 23:31:49.300,1.46385,1.46425,1.00,4.00
2010.01.05 23:31:49.649,1.46385,1.4643,1.00,1.60
2010.01.05 23:31:49.970,1.46385,1.4643,2.00,1.60
2010.01.05 23:31:50.899,1.46385,1.4643,2.00,1.00
2010.01.05 23:31:51.179,1.46385,1.4643,2.00,1.60
2010.01.05 23:31:51.299,1.46385,1.4643,2.00,1.00
2010.01.05 23:31:51.579,1.4639,1.4643,1.00,1.00
2010.01.05 23:31:52.619,1.4639,1.4643,1.00,1.60
2010.01.05 23:31:53.139,1.4639,1.4643,1.00,1.00
2010.01.05 23:32:05.266,1.4639,1.4643,1.00,1.00
2010.01.05 23:32:08.235,1.4639,1.4643,1.00,1.00
2010.01.05 23:32:08.625,1.464,1.4643,1.00,1.00
2010.01.05 23:32:08.805,1.464,1.46435,1.00,2.40
2010.01.05 23:32:08.915,1.464,1.4643,1.00,1.60
2010.01.05 23:32:09.025,1.464,1.46435,1.00,1.00
2010.01.05 23:32:09.145,1.464,1.46435,1.00,1.00
2010.01.05 23:32:10.524,1.464,1.4644,1.00,1.00
2010.01.05 23:32:10.704,1.464,1.4644,1.00,2.40
2010.01.05 23:32:11.114,1.464,1.46445,1.00,1.60
2010.01.05 23:32:11.284,1.464,1.46445,1.00,1.00
2010.01.05 23:32:12.154,1.464,1.4644,1.00,1.00
2010.01.05 23:32:13.114,1.464,1.46445,1.00,2.40
2010.01.05 23:32:13.524,1.46395,1.46445,3.30,1.60
2010.01.05 23:32:13.864,1.464,1.46445,1.00,1.00
2010.01.05 23:32:14.203,1.464,1.4644,1.00,1.00
2010.01.05 23:32:15.293,1.46395,1.46445,4.10,1.00
2010.01.05 23:32:15.863,1.464,1.4644,1.00,1.60
2010.01.05 23:32:16.043,1.464,1.4644,1.00,1.60
2010.01.05 23:32:16.213,1.464,1.46435,1.00,1.00
2010.01.05 23:32:17.133,1.464,1.4644,1.00,1.00
2010.01.05 23:32:17.713,1.464,1.4644,1.00,1.00
2010.01.05 23:32:17.833,1.464,1.4644,1.20,1.00
2010.01.05 23:32:18.173,1.4641,1.46445,1.00,1.60
2010.01.05 23:32:20.102,1.4641,1.4644,1.00,1.00
2010.01.05 23:32:20.222,1.46395,1.4643,1.00,1.00
2010.01.05 23:32:21.602,1.46395,1.4643,1.00,1.00
2010.01.05 23:32:22.422,1.464,1.4644,1.00,2.40
2010.01.05 23:32:22.542,1.464,1.46445,1.00,1.60
2010.01.05 23:32:22.772,1.464,1.46445,1.00,2.40
2010.01.05 23:32:22.882,1.464,1.4644,1.00,1.00
2010.01.05 23:32:23.002,1.464,1.46445,1.00,2.40
2010.01.05 23:32:23.111,1.464,1.46445,1.00,1.60
2010.01.05 23:32:23.281,1.464,1.46445,1.00,1.00
2010.01.05 23:32:23.391,1.464,1.4644,1.00,1.00
2010.01.05 23:32:24.421,1.464,1.46445,1.00,1.00
2010.01.05 23:32:24.661,1.464,1.4644,1.60,1.60
2010.01.05 23:32:24.941,1.46405,1.4644,1.00,1.00
2010.01.05 23:32:25.121,1.46405,1.46445,1.00,1.00
2010.01.05 23:32:25.411,1.46405,1.4644,1.00,1.00
2010.01.05 23:32:25.701,1.46405,1.4644,1.00,1.00
2010.01.05 23:32:27.130,1.464,1.4644,2.00,1.00
2010.01.05 23:32:27.351,1.46405,1.4644,1.00,1.00
2010.01.05 23:32:27.521,1.46405,1.4644,2.00,1.00
2010.01.05 23:32:28.540,1.46405,1.46445,2.00,1.00
2010.01.05 23:32:29.580,1.46405,1.46445,2.00,1.00
2010.01.05 23:32:30.460,1.46405,1.4644,1.00,1.00
2010.01.05 23:32:30.750,1.46405,1.46445,1.00,1.00
2010.01.05 23:32:31.329,1.4641,1.46445,1.60,1.00
2010.01.05 23:32:31.509,1.46415,1.46445,1.00,1.00
2010.01.05 23:32:31.739,1.46415,1.4645,1.00,1.00
2010.01.05 23:32:31.849,1.46415,1.4645,1.00,1.00
2010.01.05 23:32:32.029,1.46415,1.46455,1.00,1.00
2010.01.05 23:32:36.538,1.4642,1.46455,1.00,1.00
2010.01.05 23:32:36.648,1.4642,1.4646,1.00,1.00
2010.01.05 23:32:37.298,1.4642,1.4646,2.00,1.00
2010.01.05 23:32:37.418,1.4642,1.46465,2.10,2.40
2010.01.05 23:32:37.588,1.46425,1.46465,1.00,1.00
2010.01.05 23:32:38.579,1.46425,1.46465,1.00,1.00
2010.01.05 23:32:39.257,1.46425,1.46465,1.00,1.00
2010.01.05 23:32:44.946,1.46425,1.46465,1.00,1.00
2010.01.05 23:32:45.346,1.46425,1.4646,1.00,1.00
2010.01.05 23:32:45.686,1.46425,1.46455,1.00,1.00
2010.01.05 23:32:45.906,1.4642,1.4646,1.00,1.00
2010.01.05 23:32:46.896,1.4642,1.4646,1.00,1.00
2010.01.05 23:32:47.196,1.46415,1.4646,1.00,1.60
2010.01.05 23:32:48.675,1.46415,1.46455,1.00,1.00
2010.01.05 23:32:49.315,1.4642,1.46455,1.00,1.00
2010.01.05 23:32:49.545,1.4642,1.4646,2.10,1.00
2010.01.05 23:32:51.454,1.4642,1.4646,3.70,1.00
2010.01.05 23:32:51.914,1.46425,1.4646,1.00,1.00
2010.01.05 23:33:10.290,1.46425,1.4646,1.60,1.00
2010.01.05 23:33:34.804,1.4642,1.46455,1.00,1.00
2010.01.05 23:33:35.984,1.46415,1.46455,3.70,1.00
2010.01.05 23:33:40.183,1.46415,1.46455,1.60,1.00
2010.01.05 23:34:02.118,1.46415,1.46445,1.60,1.00
2010.01.05 23:34:02.457,1.46415,1.46445,1.00,1.00
2010.01.05 23:34:02.678,1.4641,1.4645,1.00,1.00
2010.01.05 23:34:03.177,1.46415,1.4645,1.00,1.00
2010.01.05 23:34:03.468,1.46415,1.4645,1.60,1.00
2010.01.05 23:34:03.757,1.46415,1.46455,1.60,1.00
2010.01.05 23:34:12.015,1.4641,1.46455,1.00,1.00
2010.01.05 23:34:13.115,1.4641,1.46445,1.00,1.00
2010.01.05 23:34:15.824,1.46415,1.46445,1.00,1.00
2010.01.05 23:34:24.132,1.46415,1.46455,1.00,1.00
2010.01.05 23:34:24.433,1.46415,1.4645,1.00,1.00
2010.01.05 23:34:24.732,1.4642,1.4645,1.00,1.00
2010.01.05 23:34:27.382,1.4642,1.46455,1.00,1.60
2010.01.05 23:34:27.501,1.4642,1.4646,1.00,1.20
2010.01.05 23:34:28.311,1.4642,1.4646,1.00,1.00
2010.01.05 23:34:28.991,1.4642,1.4646,1.00,2.00
2010.01.05 23:34:31.520,1.4642,1.4646,1.00,2.80
2010.01.05 23:34:31.980,1.4642,1.4646,1.00,2.00
2010.01.05 23:34:37.399,1.4642,1.46455,1.00,1.60
2010.01.05 23:34:37.459,1.4642,1.4645,1.00,1.00
2010.01.05 23:34:41.208,1.4642,1.46445,1.00,1.00
2010.01.05 23:34:41.378,1.4642,1.46445,1.00,2.40
2010.01.05 23:34:41.548,1.4642,1.46445,1.00,3.20
2010.01.05 23:34:42.708,1.46425,1.46445,1.00,1.00
2010.01.05 23:34:42.768,1.46425,1.4645,1.00,1.00
2010.01.05 23:34:42.894,1.46425,1.4646,1.00,1.00
2010.01.05 23:34:43.118,1.46425,1.4646,1.00,2.40
2010.01.05 23:34:43.398,1.4642,1.4646,1.00,2.40
2010.01.05 23:34:44.287,1.4642,1.4646,1.00,3.20
2010.01.05 23:34:47.447,1.46425,1.4646,1.00,2.40
2010.01.05 23:34:47.627,1.46425,1.46465,1.00,1.00
2010.01.05 23:34:48.086,1.46425,1.4647,1.00,4.00
2010.01.05 23:34:50.086,1.4642,1.4646,1.00,1.60
2010.01.05 23:34:50.436,1.4642,1.4646,1.00,3.20
2010.01.05 23:34:50.786,1.46415,1.4646,1.00,3.20
2010.01.05 23:34:55.635,1.46415,1.4645,1.00,1.00
2010.01.05 23:34:55.925,1.46415,1.46445,1.00,2.30
2010.01.05 23:34:56.155,1.46415,1.46445,1.00,3.10
2010.01.05 23:34:56.325,1.4641,1.46445,1.00,3.10
2010.01.05 23:34:57.685,1.46405,1.46445,1.00,3.10
2010.01.05 23:34:58.704,1.46405,1.4645,1.00,1.00
2010.01.05 23:35:00.374,1.46405,1.46455,1.00,2.40
2010.01.05 23:35:00.733,1.46405,1.4645,1.00,1.00
2010.01.05 23:35:05.502,1.46415,1.4646,1.00,2.30
2010.01.05 23:35:08.042,1.46425,1.46465,1.00,1.60
2010.01.05 23:35:08.102,1.46425,1.46465,1.00,1.60
2010.01.05 23:35:08.452,1.46425,1.46465,1.00,1.00
2010.01.05 23:35:09.592,1.46425,1.4647,1.00,2.90
2010.01.05 23:35:16.560,1.46425,1.46455,1.00,1.00
2010.01.05 23:35:16.660,1.4642,1.46455,1.20,1.00
2010.01.05 23:35:16.829,1.4642,1.46455,1.00,1.00
2010.01.05 23:35:17.249,1.46425,1.46465,1.00,3.20
2010.01.05 23:35:17.469,1.46425,1.4647,1.00,3.20
2010.01.05 23:35:19.469,1.4643,1.4647,1.60,3.20
2010.01.05 23:35:19.819,1.4643,1.4647,1.70,1.60
2010.01.05 23:35:20.169,1.4643,1.4647,1.70,1.00
2010.01.05 23:35:24.028,1.4643,1.46465,1.60,1.00
2010.01.05 23:35:24.378,1.4643,1.4647,1.70,1.00
2010.01.05 23:35:24.708,1.46435,1.46475,1.00,1.00
2010.01.05 23:35:25.057,1.4643,1.4647,1.70,1.00
2010.01.05 23:35:34.955,1.46435,1.46475,1.00,1.00
2010.01.05 23:35:35.295,1.4643,1.4647,1.70,1.00
2010.01.05 23:35:45.883,1.4643,1.46465,1.60,1.00
2010.01.05 23:35:57.950,1.46435,1.46475,1.00,1.00
2010.01.05 23:35:58.520,1.4643,1.4647,1.70,1.00
2010.01.05 23:36:01.879,1.46435,1.46475,1.00,1.00
2010.01.05 23:36:01.999,1.4643,1.4647,1.70,1.00
2010.01.05 23:36:02.169,1.46435,1.46475,1.00,1.00
2010.01.05 23:36:02.279,1.4643,1.4647,1.70,1.00
2010.01.05 23:36:02.439,1.46435,1.46475,1.00,1.00
2010.01.05 23:36:04.138,1.4643,1.4647,1.70,1.00
2010.01.05 23:36:07.567,1.4643,1.4647,3.30,1.00
2010.01.05 23:36:15.665,1.4643,1.46465,3.20,1.00
2010.01.05 23:36:18.975,1.4643,1.4647,3.40,1.00
2010.01.05 23:36:19.095,1.4643,1.4647,3.30,1.00
2010.01.05 23:36:44.219,1.4644,1.46475,1.00,1.00
2010.01.05 23:36:45.428,1.4644,1.4647,1.00,1.00
2010.01.05 23:36:45.658,1.4644,1.46475,1.00,1.00
2010.01.05 23:36:46.068,1.4644,1.46475,1.00,1.00
2010.01.05 23:36:47.518,1.4644,1.46475,1.00,1.00
2010.01.05 23:36:52.746,1.4643,1.4647,1.00,1.00
2010.01.05 23:36:52.976,1.4643,1.4647,1.00,1.00
2010.01.05 23:36:53.796,1.4643,1.4647,1.60,1.00
2010.01.05 23:36:54.136,1.4643,1.4647,1.00,1.00
2010.01.05 23:36:55.436,1.4643,1.4647,1.00,1.00
2010.01.05 23:36:55.556,1.4643,1.4647,1.00,1.00
2010.01.05 23:37:02.444,1.4643,1.46465,1.00,1.00
2010.01.05 23:37:02.554,1.4643,1.46465,1.00,1.00
2010.01.05 23:37:02.964,1.4643,1.4647,1.00,1.00
2010.01.05 23:37:03.444,1.46435,1.4647,1.00,1.00
2010.01.05 23:37:09.302,1.4643,1.4647,1.00,1.00
2010.01.05 23:37:09.642,1.4643,1.4647,1.00,1.00
2010.01.05 23:37:14.131,1.4643,1.4647,1.00,1.00
2010.01.05 23:37:14.301,1.4643,1.4647,1.00,1.00
2010.01.05 23:37:14.521,1.4643,1.46465,1.60,1.00
2010.01.05 23:37:14.761,1.4643,1.46465,1.60,1.00
2010.01.05 23:37:14.981,1.4643,1.4647,1.00,2.40
2010.01.05 23:37:15.321,1.46425,1.4647,1.00,2.40
2010.01.05 23:37:18.830,1.46425,1.46465,1.00,1.00
2010.01.05 23:37:19.650,1.4643,1.46465,1.00,1.00
2010.01.05 23:37:19.940,1.4643,1.46465,1.00,1.00
2010.01.05 23:37:20.240,1.4643,1.4647,1.00,1.00
2010.01.05 23:37:31.677,1.4643,1.4647,1.60,1.00
2010.01.05 23:37:32.027,1.4643,1.4647,1.00,1.00
2010.01.05 23:37:32.197,1.4643,1.4647,1.00,1.00
2010.01.05 23:37:41.885,1.4643,1.46465,1.00,1.00
2010.01.05 23:37:45.864,1.4643,1.4647,1.00,1.00
2010.01.05 23:37:47.463,1.4643,1.46465,1.00,1.00
2010.01.05 23:37:50.472,1.4643,1.46465,1.60,1.00
2010.01.05 23:37:50.633,1.4643,1.46465,1.00,1.00
2010.01.05 23:37:50.812,1.4643,1.46465,1.60,1.00
2010.01.05 23:37:50.932,1.4643,1.4647,1.60,1.00
2010.01.05 23:37:51.102,1.4643,1.4647,1.00,1.00
2010.01.05 23:37:51.282,1.4643,1.4647,1.60,1.00
2010.01.05 23:37:51.452,1.4643,1.4647,1.00,1.00
2010.01.05 23:37:51.632,1.4643,1.4647,1.00,1.00
2010.01.05 23:37:52.482,1.4643,1.4647,1.00,1.00
2010.01.05 23:37:52.662,1.4643,1.4647,1.60,1.00
2010.01.05 23:37:53.002,1.4643,1.4647,1.00,1.00
2010.01.05 23:38:10.978,1.4643,1.4647,1.00,1.00
2010.01.05 23:38:14.437,1.4643,1.46465,1.00,1.00
2010.01.05 23:38:14.787,1.4643,1.4647,1.00,1.00
2010.01.05 23:38:15.177,1.4643,1.4647,1.70,1.00
2010.01.05 23:38:16.626,1.4643,1.4647,1.60,1.00
2010.01.05 23:38:17.197,1.4643,1.4647,1.70,1.00
2010.01.05 23:38:18.446,1.46435,1.4647,1.00,1.00
2010.01.05 23:38:19.496,1.46435,1.4647,1.70,1.00
2010.01.05 23:38:19.955,1.46435,1.46475,1.70,1.00
2010.01.05 23:38:20.285,1.46435,1.46475,1.60,1.00
2010.01.05 23:38:20.565,1.46435,1.4647,1.00,1.00
2010.01.05 23:38:20.915,1.46435,1.4647,1.70,1.00
2010.01.05 23:38:21.295,1.46435,1.4647,1.00,1.00
2010.01.05 23:38:21.765,1.46435,1.4647,1.60,1.00
2010.01.05 23:38:21.815,1.46435,1.4647,1.70,1.00
2010.01.05 23:38:22.165,1.46435,1.4647,2.50,1.00
2010.01.05 23:38:22.225,1.46435,1.4647,4.10,1.00
2010.01.05 23:38:22.285,1.4644,1.4647,1.00,1.00
2010.01.05 23:38:32.263,1.4644,1.4647,1.00,1.00
2010.01.05 23:38:34.722,1.4644,1.46475,1.00,1.00
2010.01.05 23:38:34.892,1.4644,1.4648,1.00,1.00
2010.01.05 23:39:08.744,1.4644,1.4648,1.00,1.00
2010.01.05 23:39:10.413,1.46445,1.4648,1.00,1.00
2010.01.05 23:39:10.643,1.46435,1.4648,3.60,1.00
2010.01.05 23:39:10.873,1.46435,1.4648,1.20,1.60
2010.01.05 23:39:11.113,1.46435,1.4648,1.00,1.60
2010.01.05 23:39:14.283,1.46435,1.4648,1.00,1.60
2010.01.05 23:39:14.633,1.46445,1.4648,1.00,1.60
2010.01.05 23:39:14.802,1.46445,1.4648,1.00,1.00
2010.01.05 23:39:15.272,1.46445,1.46485,1.00,1.00
2010.01.05 23:39:20.971,1.46445,1.46485,1.00,1.00
2010.01.05 23:39:25.140,1.46445,1.4649,1.70,1.00
2010.01.05 23:39:33.358,1.4645,1.4649,1.00,1.00
2010.01.05 23:39:33.478,1.46445,1.4649,1.70,1.00
2010.01.05 23:39:47.484,1.46445,1.46485,1.00,1.00
2010.01.05 23:39:54.213,1.4643,1.4647,1.00,1.00
2010.01.05 23:40:00.511,1.4643,1.4647,1.00,1.00
2010.01.05 23:40:18.197,1.46435,1.46475,1.00,2.40
2010.01.05 23:40:18.427,1.4643,1.4647,1.70,1.00
2010.01.05 23:40:18.657,1.46435,1.4647,1.00,1.00
2010.01.05 23:40:18.887,1.4643,1.4647,1.00,1.00
2010.01.05 23:40:24.736,1.4643,1.46475,2.10,1.60
2010.01.05 23:40:24.966,1.4643,1.4648,2.10,2.40
2010.01.05 23:40:25.195,1.46435,1.4648,1.00,2.40
2010.01.05 23:40:25.425,1.46435,1.4648,1.00,1.60
2010.01.05 23:40:28.435,1.4644,1.4648,1.00,1.60
2010.01.05 23:40:29.874,1.46435,1.4648,1.00,1.60
2010.01.05 23:40:32.383,1.4644,1.4648,1.00,1.60
2010.01.05 23:40:37.673,1.46435,1.4648,1.00,1.00
2010.01.05 23:40:38.022,1.46435,1.4648,1.00,1.00
2010.01.05 23:40:38.372,1.46435,1.4648,1.00,1.60
2010.01.05 23:40:42.411,1.4644,1.4648,1.00,1.60
2010.01.05 23:41:01.956,1.46435,1.4648,1.00,1.60
2010.01.05 23:41:08.085,1.46435,1.4648,1.70,1.60
2010.01.05 23:41:08.205,1.4643,1.4648,5.30,1.00
2010.01.05 23:41:08.565,1.46435,1.4648,2.50,1.00
2010.01.05 23:41:10.794,1.46435,1.4648,1.00,1.60
2010.01.05 23:41:14.434,1.4642,1.46445,1.00,1.00
2010.01.05 23:41:14.783,1.46415,1.4645,1.00,4.00
2010.01.05 23:41:15.463,1.4641,1.4645,1.00,4.00
2010.01.05 23:41:18.393,1.46405,1.4645,1.00,4.00
2010.01.05 23:41:18.743,1.46405,1.4645,1.00,4.00
2010.01.05 23:41:19.042,1.464,1.4645,1.00,4.00
2010.01.05 23:41:19.322,1.464,1.46445,1.00,1.00
2010.01.05 23:41:20.312,1.464,1.4644,1.00,1.00
2010.01.05 23:41:20.672,1.464,1.4644,1.00,1.00
2010.01.05 23:41:24.231,1.464,1.46445,1.00,1.00
2010.01.05 23:41:24.293,1.464,1.46445,1.00,1.60
2010.01.05 23:41:25.451,1.464,1.46445,1.00,1.00
2010.01.05 23:41:30.520,1.464,1.46445,1.00,1.00
2010.01.05 23:41:31.269,1.464,1.46445,1.00,2.40
2010.01.05 23:41:31.509,1.464,1.46445,1.00,1.00
2010.01.05 23:41:31.689,1.464,1.46445,1.00,1.60
2010.01.05 23:41:40.378,1.46395,1.46445,1.70,2.40
2010.01.05 23:41:40.667,1.464,1.46445,1.00,1.60
2010.01.05 23:41:40.957,1.46395,1.46445,2.50,1.60
2010.01.05 23:41:41.187,1.464,1.46445,1.00,2.40
2010.01.05 23:41:41.347,1.464,1.46445,1.00,1.60
2010.01.05 23:41:42.547,1.464,1.46445,1.00,1.00
2010.01.05 23:41:43.467,1.464,1.4644,1.00,1.00
2010.01.05 23:41:43.737,1.46395,1.46435,1.00,3.20
2010.01.05 23:41:43.916,1.46395,1.4642,1.00,1.00
2010.01.05 23:41:44.136,1.46395,1.46425,1.00,4.80
2010.01.05 23:41:44.356,1.46385,1.46415,1.00,1.00
2010.01.05 23:41:44.586,1.46385,1.4643,1.00,1.00
2010.01.05 23:41:44.927,1.4639,1.46435,1.00,2.40
2010.01.05 23:41:45.626,1.46385,1.4643,1.00,1.00
2010.01.05 23:41:46.336,1.4639,1.46435,1.00,1.60
2010.01.05 23:41:46.686,1.46385,1.4643,1.00,1.00
2010.01.05 23:41:46.746,1.4639,1.46435,1.00,2.40
2010.01.05 23:41:46.856,1.4639,1.46435,1.00,1.60
2010.01.05 23:41:46.976,1.46385,1.4643,1.00,1.00
2010.01.05 23:41:47.676,1.4639,1.46435,1.00,2.40
2010.01.05 23:41:48.026,1.4639,1.46435,1.00,1.60
2010.01.05 23:41:48.205,1.46385,1.4643,1.30,1.00
2010.01.05 23:41:48.325,1.4639,1.46435,1.00,2.40
2010.01.05 23:41:49.005,1.4639,1.46435,1.00,1.60
2010.01.05 23:41:50.285,1.4639,1.46435,1.00,2.40
2010.01.05 23:41:50.635,1.4639,1.46435,1.00,1.60
2010.01.05 23:41:57.993,1.46395,1.4644,1.00,1.00
2010.01.05 23:41:58.393,1.46395,1.4644,1.00,1.40
2010.01.05 23:41:58.453,1.46395,1.4644,1.00,2.20
2010.01.05 23:41:58.513,1.46395,1.4644,1.00,1.40
2010.01.05 23:41:58.573,1.46395,1.4644,1.00,1.00
2010.01.05 23:41:59.813,1.46395,1.4644,1.00,1.00
2010.01.05 23:42:01.272,1.46395,1.46435,1.00,1.60
2010.01.05 23:42:01.572,1.46395,1.4644,1.00,2.20
2010.01.05 23:42:03.612,1.46395,1.4644,1.00,3.80
2010.01.05 23:42:03.792,1.46395,1.46435,1.00,2.30
2010.01.05 23:42:04.651,1.4639,1.46425,1.00,1.00
2010.01.05 23:42:04.991,1.4639,1.46425,1.00,1.00
2010.01.05 23:42:05.341,1.4639,1.46425,1.00,1.50
2010.01.05 23:42:05.701,1.46385,1.46425,1.00,1.50
2010.01.05 23:42:10.870,1.46385,1.46425,1.00,1.00
2010.01.05 23:42:11.160,1.46385,1.46425,1.00,1.50
2010.01.05 23:42:11.450,1.46385,1.46425,1.00,1.00
2010.01.05 23:42:11.750,1.46385,1.4643,1.00,1.60
2010.01.05 23:42:17.788,1.46385,1.46425,1.00,2.30
2010.01.05 23:42:17.909,1.46385,1.46425,1.00,2.30
2010.01.05 23:42:18.128,1.46385,1.46425,1.00,3.10
2010.01.05 23:42:18.188,1.46385,1.46425,1.00,3.90
2010.01.05 23:42:21.988,1.4638,1.46415,1.00,1.00
2010.01.05 23:42:25.976,1.4638,1.4642,1.00,2.40
2010.01.05 23:42:26.266,1.4638,1.4642,1.00,1.00
2010.01.05 23:42:36.554,1.46395,1.4642,1.00,1.00
2010.01.05 23:42:36.834,1.464,1.46425,1.00,1.60
2010.01.05 23:42:37.004,1.464,1.46435,1.00,1.00
2010.01.05 23:42:37.234,1.464,1.46445,1.00,1.60
2010.01.05 23:42:37.593,1.4641,1.4645,1.00,2.30
2010.01.05 23:42:37.763,1.4641,1.4645,1.00,1.00
2010.01.05 23:42:38.104,1.4641,1.4645,1.00,2.30
2010.01.05 23:42:38.393,1.4641,1.4645,1.00,1.50
2010.01.05 23:42:38.513,1.4641,1.4645,1.00,1.00
2010.01.05 23:42:40.923,1.464,1.46445,1.00,1.00
2010.01.05 23:42:45.672,1.4641,1.4645,1.00,1.00
2010.01.05 23:42:45.792,1.4641,1.46455,1.00,1.60
2010.01.05 23:42:46.022,1.46425,1.4645,1.60,1.00
2010.01.05 23:42:46.522,1.4645,1.46455,1.60,1.60
2010.01.05 23:42:46.641,1.46385,1.46445,1.00,1.00
2010.01.05 23:42:47.331,1.4645,1.46455,1.40,4.80
2010.01.05 23:42:47.721,1.46385,1.46455,1.00,4.80
2010.01.05 23:42:47.901,1.46385,1.4644,1.00,1.00
2010.01.05 23:42:48.142,1.46385,1.4644,1.00,1.60
2010.01.05 23:42:48.711,1.46385,1.4644,1.00,1.00
2010.01.05 23:42:49.051,1.46405,1.46445,1.00,1.00
2010.01.05 23:42:53.480,1.4645,1.46455,1.40,1.00
2010.01.05 23:42:54.249,1.4639,1.46455,1.00,1.00
2010.01.05 23:42:54.429,1.4639,1.46445,1.00,1.00
2010.01.05 23:42:55.899,1.46405,1.46445,1.00,1.60
2010.01.05 23:42:56.589,1.46405,1.4644,1.60,2.40
2010.01.05 23:42:56.829,1.46405,1.4644,1.60,1.60
2010.01.05 23:42:57.069,1.46405,1.4644,1.60,2.40
2010.01.05 23:43:00.578,1.46405,1.46445,1.00,1.60
2010.01.05 23:43:00.918,1.4641,1.46445,1.00,1.60
2010.01.05 23:43:01.148,1.4641,1.4645,1.00,1.00
2010.01.05 23:43:01.598,1.4641,1.4646,1.00,8.80
2010.01.05 23:43:02.148,1.4641,1.4645,1.00,1.00
2010.01.05 23:43:02.497,1.4641,1.4645,1.00,2.40
2010.01.05 23:43:03.757,1.4641,1.4645,1.00,1.60
2010.01.05 23:43:04.057,1.4641,1.4645,1.00,2.40
2010.01.05 23:43:04.287,1.4641,1.4645,1.00,1.60
2010.01.05 23:43:05.557,1.4641,1.4645,1.00,1.00
2010.01.05 23:43:08.416,1.4641,1.4645,1.00,1.60
2010.01.05 23:43:08.706,1.4641,1.4645,1.00,1.00
2010.01.05 23:43:09.646,1.4641,1.4645,1.00,1.60
2010.01.05 23:43:09.996,1.4641,1.4645,1.00,1.00
2010.01.05 23:43:11.395,1.4641,1.4645,1.00,1.60
2010.01.05 23:43:14.055,1.4641,1.4645,1.00,1.00
2010.01.05 23:43:17.354,1.46405,1.4645,1.00,1.60
2010.01.05 23:43:17.714,1.4641,1.4645,1.00,1.00
2010.01.05 23:43:18.414,1.4641,1.4645,1.00,1.60
2010.01.05 23:43:18.814,1.4641,1.4645,1.00,1.00
2010.01.05 23:43:20.583,1.4641,1.4645,1.00,1.60
2010.01.05 23:43:21.093,1.4641,1.4645,1.00,1.00
2010.01.05 23:43:21.453,1.4641,1.4645,1.00,1.60
2010.01.05 23:43:24.252,1.464,1.46425,1.00,1.00
2010.01.05 23:43:24.372,1.464,1.46425,1.00,2.40
2010.01.05 23:43:25.002,1.46395,1.46425,1.00,2.40
2010.01.05 23:43:36.770,1.4639,1.46425,1.00,2.30
2010.01.05 23:43:37.119,1.4639,1.4642,1.00,2.40
2010.01.05 23:43:38.109,1.46385,1.46425,1.00,2.50
2010.01.05 23:43:38.639,1.46385,1.46415,1.00,1.00
2010.01.05 23:43:43.188,1.46385,1.4642,1.00,2.40
2010.01.05 23:43:44.068,1.46385,1.4642,1.00,1.60
2010.01.05 23:43:44.287,1.46385,1.4643,1.00,2.40
2010.01.05 23:43:44.517,1.46385,1.4643,1.00,2.40
2010.01.05 23:43:45.507,1.46385,1.4643,1.00,2.40
2010.01.05 23:43:46.607,1.46385,1.4643,1.00,2.40
2010.01.05 23:43:47.007,1.46385,1.4643,1.00,2.40
2010.01.05 23:43:48.566,1.46385,1.4643,1.00,2.40
2010.01.05 23:43:56.984,1.4639,1.4643,1.00,1.00
2010.01.05 23:43:57.164,1.4639,1.46435,1.00,1.00
2010.01.05 23:44:06.512,1.46385,1.4643,1.60,1.00
2010.01.05 23:44:07.442,1.4639,1.46435,1.00,1.00
2010.01.05 23:44:25.607,1.46395,1.46435,1.00,1.00
2010.01.05 23:44:25.938,1.46395,1.4644,1.00,1.00
2010.01.05 23:44:30.786,1.46395,1.4644,1.00,1.00
2010.01.05 23:44:31.007,1.46405,1.46435,1.60,1.00
2010.01.05 23:44:31.177,1.4641,1.46445,1.00,2.40
2010.01.05 23:44:31.346,1.4641,1.46445,1.00,1.00
2010.01.05 23:44:32.036,1.46415,1.46445,1.00,1.00
2010.01.05 23:44:32.376,1.46415,1.4645,1.00,4.00
2010.01.05 23:44:33.376,1.46405,1.4645,1.60,4.00
2010.01.05 23:44:33.606,1.46405,1.4645,1.60,2.40
2010.01.05 23:44:33.776,1.4641,1.4645,1.00,1.00
2010.01.05 23:44:34.056,1.46405,1.4645,1.00,1.00
2010.01.05 23:44:34.415,1.4641,1.4645,1.00,1.00
2010.01.05 23:44:34.775,1.46405,1.4645,1.00,1.00
2010.01.05 23:44:39.434,1.46405,1.4645,1.00,2.40
2010.01.05 23:44:39.494,1.46405,1.4645,1.00,4.00
2010.01.05 23:44:41.714,1.46405,1.46445,1.00,1.00
2010.01.05 23:44:44.293,1.464,1.46445,1.20,2.40
2010.01.05 23:44:44.453,1.464,1.46445,1.00,4.00
2010.01.05 23:44:44.843,1.464,1.4644,1.00,1.00
2010.01.05 23:44:45.183,1.464,1.4644,1.00,1.60
2010.01.05 23:44:45.523,1.46395,1.4644,1.00,1.00
2010.01.05 23:44:50.301,1.46395,1.4644,1.00,1.00
2010.01.05 23:44:58.189,1.46395,1.4644,1.00,1.60
2010.01.05 23:44:58.310,1.46395,1.4644,1.00,2.40
2010.01.05 23:44:58.430,1.46395,1.4644,1.00,1.60
2010.01.05 23:44:58.489,1.46395,1.4644,1.00,1.00
2010.01.05 23:44:58.710,1.46395,1.4644,1.00,2.40
2010.01.05 23:44:58.880,1.46395,1.4644,1.00,1.60
2010.01.05 23:44:58.939,1.46395,1.4644,1.00,1.00
2010.01.05 23:44:59.289,1.46395,1.4644,1.00,2.40
2010.01.05 23:44:59.529,1.46395,1.4644,1.00,1.00
2010.01.05 23:45:00.439,1.4639,1.4644,2.40,1.00
2010.01.05 23:45:04.038,1.464,1.46445,4.90,1.00
2010.01.05 23:45:04.218,1.46405,1.4645,1.60,1.00
2010.01.05 23:45:04.338,1.46405,1.46445,1.00,1.00
2010.01.05 23:45:04.508,1.464,1.46445,4.10,1.00
2010.01.05 23:45:04.688,1.464,1.46445,3.30,1.00
2010.01.05 23:45:04.868,1.46405,1.46445,1.60,1.00
2010.01.05 23:45:05.218,1.46405,1.4645,1.60,1.00
2010.01.05 23:45:05.558,1.46405,1.4645,2.40,1.00
2010.01.05 23:45:05.898,1.46405,1.46445,1.00,1.00
2010.01.05 23:45:06.188,1.46405,1.4645,1.70,1.00
2010.01.05 23:45:06.548,1.46405,1.4645,2.50,1.00
2010.01.05 23:45:07.198,1.46405,1.4645,1.00,2.40
2010.01.05 23:45:07.477,1.464,1.46445,1.00,1.00
2010.01.05 23:45:07.767,1.464,1.46445,1.00,1.00
2010.01.05 23:45:09.477,1.464,1.4644,1.00,1.00
2010.01.05 23:45:09.707,1.464,1.4644,1.00,1.00
2010.01.05 23:45:09.937,1.464,1.46445,1.00,2.40
2010.01.05 23:45:10.177,1.464,1.4644,1.00,1.00
2010.01.05 23:45:10.517,1.464,1.4644,1.00,1.00
2010.01.05 23:45:19.695,1.464,1.46445,1.00,1.60
2010.01.05 23:45:19.865,1.464,1.46445,1.00,2.40
2010.01.05 23:45:19.975,1.464,1.4644,1.00,1.00
2010.01.05 23:45:22.624,1.46395,1.4644,1.00,1.00
2010.01.05 23:45:23.024,1.46395,1.4644,1.00,1.00
2010.01.05 23:45:26.943,1.4639,1.46435,3.60,1.00
2010.01.05 23:45:27.233,1.4639,1.4644,2.40,1.60
2010.01.05 23:45:27.863,1.46395,1.4644,1.60,1.00
2010.01.05 23:45:28.152,1.46395,1.4644,1.00,1.00
2010.01.05 23:45:28.452,1.4639,1.4644,3.20,1.00
2010.01.05 23:45:36.440,1.46395,1.4644,1.00,1.00
2010.01.05 23:45:36.720,1.4639,1.4644,3.20,1.00
2010.01.05 23:45:38.340,1.46395,1.4644,1.00,1.00
2010.01.05 23:45:38.690,1.4639,1.4644,3.70,1.00
2010.01.05 23:45:38.860,1.46395,1.4644,1.00,1.00
2010.01.05 23:45:39.020,1.46395,1.4644,1.00,1.00
2010.01.05 23:45:39.200,1.4639,1.4644,3.70,1.00
2010.01.05 23:45:39.880,1.46395,1.4644,1.00,1.00
2010.01.05 23:45:40.160,1.4639,1.4644,3.60,1.00
2010.01.05 23:45:40.740,1.4639,1.4644,2.80,1.00
2010.01.05 23:45:41.089,1.4639,1.4644,2.00,2.40
2010.01.05 23:45:41.429,1.4639,1.4644,2.80,1.00
2010.01.05 23:45:41.999,1.4639,1.4644,2.00,2.40
2010.01.05 23:45:42.179,1.4639,1.4644,2.80,1.00
2010.01.05 23:45:42.589,1.4639,1.4644,2.00,2.40
2010.01.05 23:45:42.829,1.4639,1.4644,2.00,1.60
2010.01.05 23:45:43.009,1.4639,1.4644,3.60,1.60
2010.01.05 23:45:43.189,1.4639,1.4644,4.40,1.00
2010.01.05 23:45:43.419,1.4639,1.4644,5.20,1.00
2010.01.05 23:45:43.599,1.4639,1.4644,3.60,1.60
2010.01.05 23:45:43.829,1.4639,1.4644,5.20,1.00
2010.01.05 23:45:43.889,1.4639,1.4644,4.40,1.60
2010.01.05 23:45:43.998,1.4639,1.4644,3.60,1.60
2010.01.05 23:45:44.169,1.4639,1.4644,4.40,1.00
2010.01.05 23:45:44.398,1.4639,1.4644,5.20,1.00
2010.01.05 23:45:44.519,1.4639,1.4644,3.60,1.60
2010.01.05 23:45:44.638,1.4639,1.4644,4.40,1.00
2010.01.05 23:45:44.748,1.4639,1.4644,5.20,1.00
2010.01.05 23:45:44.968,1.4639,1.4644,3.60,1.60
2010.01.05 23:45:45.328,1.4639,1.4644,4.80,1.00
2010.01.05 23:45:45.668,1.4639,1.4643,4.00,2.40
2010.01.05 23:45:46.018,1.4639,1.4643,3.20,2.40
2010.01.05 23:45:46.228,1.4639,1.4643,4.80,2.40
2010.01.05 23:45:47.098,1.4639,1.4643,6.40,2.40
2010.01.05 23:45:47.268,1.464,1.4643,1.70,2.40
2010.01.05 23:45:47.788,1.464,1.4643,1.00,2.40
2010.01.05 23:45:47.958,1.46395,1.4643,1.00,2.40
2010.01.05 23:45:48.168,1.46395,1.4643,1.00,2.40
2010.01.05 23:45:48.348,1.4639,1.4643,2.40,2.40
2010.01.05 23:45:48.568,1.4639,1.4643,3.20,2.40
2010.01.05 23:45:48.737,1.4639,1.4643,2.40,2.40
2010.01.05 23:45:49.118,1.4639,1.4643,1.60,2.40
2010.01.05 23:45:49.357,1.4639,1.4643,2.40,2.40
2010.01.05 23:45:50.037,1.4639,1.4643,1.60,2.40
2010.01.05 23:45:50.377,1.4639,1.4643,2.40,2.40
2010.01.05 23:45:51.027,1.4639,1.4643,1.60,2.40
2010.01.05 23:45:51.327,1.46395,1.4643,2.40,2.40
2010.01.05 23:45:51.567,1.46395,1.4643,3.20,2.40
2010.01.05 23:45:51.737,1.46395,1.4643,3.20,1.60
2010.01.05 23:45:58.116,1.46395,1.46435,3.20,4.00
2010.01.05 23:46:00.055,1.46395,1.46435,1.60,4.00
2010.01.05 23:46:00.225,1.4639,1.4643,2.80,2.40
2010.01.05 23:46:01.894,1.4639,1.4643,2.00,2.40
2010.01.05 23:46:02.014,1.4639,1.4643,2.80,2.40
2010.01.05 23:46:02.244,1.4639,1.4643,2.00,2.40
2010.01.05 23:46:02.534,1.4639,1.4643,2.80,2.40
2010.01.05 23:46:02.814,1.4639,1.4643,2.00,2.40
2010.01.05 23:46:03.104,1.4639,1.4643,2.80,2.40
2010.01.05 23:46:03.444,1.4639,1.4643,2.00,2.40
2010.01.05 23:46:04.064,1.4639,1.4643,2.80,2.40
2010.01.05 23:46:04.234,1.4639,1.4643,2.00,2.40
2010.01.05 23:46:04.814,1.4639,1.4643,2.80,2.40
2010.01.05 23:46:05.253,1.46385,1.4643,5.60,2.40
2010.01.05 23:46:05.593,1.4639,1.4643,2.80,2.40
2010.01.05 23:46:06.263,1.4639,1.4643,2.00,2.40
2010.01.05 23:46:06.603,1.4639,1.4643,2.80,2.40
2010.01.05 23:46:06.833,1.4639,1.4643,2.00,2.40
2010.01.05 23:46:07.003,1.4639,1.4643,2.80,2.40
2010.01.05 23:46:08.233,1.4639,1.4643,2.00,2.40
2010.01.05 23:46:08.413,1.4639,1.4643,2.80,2.40
2010.01.05 23:46:08.593,1.4639,1.4643,2.00,2.40
2010.01.05 23:46:08.713,1.4639,1.4643,2.80,2.40
2010.01.05 23:46:09.053,1.4639,1.4643,2.00,2.40
2010.01.05 23:46:09.393,1.4639,1.4643,2.80,2.40
2010.01.05 23:46:09.562,1.4639,1.4643,2.00,2.40
2010.01.05 23:46:09.902,1.4639,1.4643,2.80,2.40
2010.01.05 23:46:10.072,1.4639,1.4643,2.00,2.40
2010.01.05 23:46:10.422,1.4639,1.4643,2.80,2.40
2010.01.05 23:46:10.602,1.4639,1.4643,2.00,2.40
2010.01.05 23:46:10.942,1.4639,1.4643,2.80,2.40
2010.01.05 23:46:11.632,1.4639,1.4643,2.00,2.40
2010.01.05 23:46:11.802,1.4639,1.4643,2.80,2.40
2010.01.05 23:46:11.972,1.4639,1.4643,2.00,2.40
2010.01.05 23:46:12.362,1.4639,1.4643,2.80,2.40
2010.01.05 23:46:12.532,1.4639,1.4643,2.00,2.40
2010.01.05 23:46:12.762,1.4639,1.4643,2.80,2.40
2010.01.05 23:46:13.102,1.4639,1.4643,2.00,2.40
2010.01.05 23:46:13.272,1.4639,1.4643,2.80,2.40
2010.01.05 23:46:13.552,1.4639,1.4643,2.00,2.40
2010.01.05 23:46:13.841,1.4639,1.4643,2.80,2.40
2010.01.05 23:46:14.751,1.4639,1.4643,2.00,2.40
2010.01.05 23:46:15.101,1.4639,1.4643,1.60,2.40
2010.01.05 23:46:15.451,1.4639,1.4643,2.40,2.40
2010.01.05 23:46:15.801,1.4639,1.4643,3.20,2.40
2010.01.05 23:46:16.131,1.464,1.4643,1.70,2.40
2010.01.05 23:46:22.049,1.46395,1.4643,1.00,2.40
2010.01.05 23:46:23.309,1.4639,1.4643,3.70,2.40
2010.01.05 23:46:23.819,1.4639,1.4643,3.60,2.40
2010.01.05 23:46:24.100,1.46395,1.4643,1.00,2.40
2010.01.05 23:46:24.859,1.4639,1.4643,2.90,2.40
2010.01.05 23:46:25.189,1.4639,1.4643,3.70,2.40
2010.01.05 23:46:25.479,1.4639,1.4643,2.10,2.40
2010.01.05 23:46:26.948,1.46395,1.4643,1.60,2.40
2010.01.05 23:46:27.168,1.46395,1.4643,3.60,2.40
2010.01.05 23:46:27.398,1.464,1.4643,1.00,2.40
2010.01.05 23:46:27.628,1.46395,1.4643,2.00,2.40
2010.01.05 23:46:27.968,1.46395,1.4643,2.80,2.40
2010.01.05 23:46:36.236,1.464,1.4643,1.00,1.00
2010.01.05 23:46:36.416,1.464,1.46435,1.00,1.60
2010.01.05 23:46:37.506,1.46395,1.46435,3.60,1.60
2010.01.05 23:46:40.245,1.464,1.46435,1.00,3.20
2010.01.05 23:46:40.545,1.4639,1.46435,2.00,4.80
2010.01.05 23:46:40.895,1.4639,1.46425,1.60,1.00
2010.01.05 23:46:41.245,1.46385,1.46425,1.00,2.40
2010.01.05 23:46:41.595,1.4638,1.46425,2.50,2.40
2010.01.05 23:46:41.875,1.46385,1.46425,1.00,4.00
2010.01.05 23:46:42.105,1.46385,1.46425,1.60,4.00
2010.01.05 23:46:42.395,1.4638,1.4642,1.60,1.00
2010.01.05 23:46:42.684,1.46375,1.4642,4.50,1.00
2010.01.05 23:46:42.794,1.46375,1.4642,3.70,1.00
2010.01.05 23:46:42.955,1.46375,1.4642,3.30,1.00
2010.01.05 23:46:46.454,1.46385,1.4642,1.70,1.00
2010.01.05 23:46:47.103,1.46385,1.4642,1.60,1.00
2010.01.05 23:46:48.953,1.46385,1.4642,1.70,1.00
2010.01.05 23:46:51.842,1.46385,1.4642,1.60,1.00
2010.01.05 23:46:52.492,1.46385,1.4642,1.00,1.00
2010.01.05 23:46:52.852,1.4637,1.46415,1.00,1.00
2010.01.05 23:46:53.192,1.4637,1.46415,1.00,5.60
2010.01.05 23:46:53.312,1.4637,1.46415,1.00,6.40
2010.01.05 23:46:53.492,1.46375,1.4641,1.00,1.00
2010.01.05 23:46:53.712,1.4637,1.4641,1.00,1.00
2010.01.05 23:46:53.952,1.46375,1.4641,1.00,1.00
2010.01.05 23:46:54.122,1.46375,1.4641,1.00,1.00
2010.01.05 23:46:57.801,1.4637,1.4641,1.00,1.00
2010.01.05 23:46:57.981,1.4637,1.4641,1.00,2.40
2010.01.05 23:46:58.151,1.4637,1.46405,1.00,1.00
2010.01.05 23:46:58.321,1.4637,1.46405,1.00,2.40
2010.01.05 23:46:58.491,1.46365,1.46405,1.00,2.40
2010.01.05 23:46:59.041,1.46365,1.46405,2.00,2.40
2010.01.05 23:46:59.270,1.46375,1.46405,1.00,2.40
2010.01.05 23:46:59.550,1.46375,1.46405,1.00,1.60
2010.01.05 23:46:59.840,1.46375,1.4641,1.00,3.20
2010.01.05 23:47:00.820,1.46375,1.4641,1.60,3.20
2010.01.05 23:47:01.170,1.4638,1.4641,1.00,1.00
2010.01.05 23:47:02.160,1.4637,1.4641,1.00,2.40
2010.01.05 23:47:02.340,1.46365,1.4641,1.00,2.40
2010.01.05 23:47:02.810,1.4636,1.46405,3.60,1.00
2010.01.05 23:47:03.050,1.4636,1.46405,2.00,1.00
2010.01.05 23:47:03.549,1.4636,1.46405,2.00,2.40
2010.01.05 23:47:05.609,1.46365,1.46405,1.60,2.40
2010.01.05 23:47:05.779,1.4637,1.46405,1.00,2.40
2010.01.05 23:47:10.148,1.46375,1.46405,1.00,2.40
2010.01.05 23:47:10.438,1.4637,1.46405,3.30,2.40
2010.01.05 23:47:10.948,1.4637,1.46405,2.50,2.40
2010.01.05 23:47:12.038,1.4637,1.46405,3.20,2.40
2010.01.05 23:47:12.397,1.4637,1.46405,1.00,4.00
2010.01.05 23:47:12.627,1.4637,1.46405,1.00,4.00
2010.01.05 23:47:22.555,1.46365,1.464,3.20,1.00
2010.01.05 23:47:22.785,1.46365,1.464,1.00,1.00
2010.01.05 23:47:23.495,1.4636,1.464,3.30,1.00
2010.01.05 23:47:23.675,1.4636,1.464,2.50,1.00
2010.01.05 23:47:25.064,1.4636,1.464,3.30,1.00
2010.01.05 23:47:27.194,1.46365,1.464,1.00,1.00
2010.01.05 23:47:27.364,1.4636,1.464,3.30,1.00
2010.01.05 23:47:27.754,1.4636,1.464,2.50,1.00
2010.01.05 23:47:43.670,1.4636,1.464,2.40,1.00
2010.01.05 23:47:43.730,1.4636,1.46395,1.00,1.00
2010.01.05 23:47:43.850,1.46355,1.46395,1.00,1.00
2010.01.05 23:47:43.910,1.4635,1.46395,1.00,1.60
2010.01.05 23:47:44.030,1.46345,1.46385,1.00,1.00
2010.01.05 23:47:44.320,1.46345,1.4639,1.60,3.20
2010.01.05 23:47:44.710,1.4634,1.46385,3.20,1.00
2010.01.05 23:47:45.591,1.4635,1.46385,1.00,1.00
2010.01.05 23:47:45.759,1.4634,1.46385,1.60,1.00
2010.01.05 23:47:47.079,1.4634,1.46385,1.80,1.00
2010.01.05 23:47:47.419,1.4634,1.46385,1.70,1.00
2010.01.05 23:47:48.859,1.46335,1.4638,4.50,1.00
2010.01.05 23:47:48.969,1.46335,1.4638,3.70,1.00
2010.01.05 23:47:49.029,1.46335,1.4638,3.60,1.00
2010.01.05 23:47:49.368,1.46335,1.4638,2.80,1.00
2010.01.05 23:47:51.448,1.46335,1.46375,1.00,1.00
2010.01.05 23:47:55.077,1.4633,1.46375,2.80,1.00
2010.01.05 23:47:55.747,1.4633,1.46375,2.00,1.00
2010.01.05 23:47:55.987,1.4633,1.46375,2.80,1.00
2010.01.05 23:47:56.277,1.4633,1.46375,2.10,1.00
2010.01.05 23:47:56.517,1.4633,1.46375,2.80,1.00
2010.01.05 23:47:56.737,1.4633,1.46375,2.00,1.00
2010.01.05 23:47:57.027,1.46335,1.46375,2.40,1.00
2010.01.05 23:47:57.267,1.46335,1.46375,3.20,1.00
2010.01.05 23:47:57.497,1.46335,1.46375,2.40,1.00
2010.01.05 23:47:57.737,1.46335,1.46375,3.20,1.00
2010.01.05 23:47:59.466,1.46335,1.4638,3.30,4.00
2010.01.05 23:48:10.013,1.46345,1.46375,2.40,1.00
2010.01.05 23:48:12.783,1.46335,1.46375,3.70,1.00
2010.01.05 23:48:13.123,1.46335,1.46375,3.20,1.00
2010.01.05 23:48:13.402,1.46335,1.46375,3.30,1.00
2010.01.05 23:48:13.633,1.46335,1.46375,3.20,1.00
2010.01.05 23:48:15.643,1.46335,1.46375,3.70,1.00
2010.01.05 23:48:15.982,1.4634,1.46375,1.60,1.00
2010.01.05 23:48:16.332,1.4634,1.46375,1.00,1.00
2010.01.05 23:48:16.692,1.46335,1.46375,3.30,1.00
2010.01.05 23:48:24.290,1.46335,1.46375,2.50,1.00
2010.01.05 23:48:24.410,1.46335,1.4637,2.50,1.00
2010.01.05 23:48:24.980,1.46335,1.4637,3.30,1.00
2010.01.05 23:48:25.920,1.46335,1.4637,3.20,1.00
2010.01.05 23:48:27.419,1.46335,1.4637,2.40,1.00
2010.01.05 23:48:27.709,1.46335,1.4637,3.20,1.00
2010.01.05 23:48:30.349,1.46335,1.4637,3.30,1.00
2010.01.05 23:48:30.408,1.46335,1.4637,3.20,1.00
2010.01.05 23:48:30.928,1.46335,1.4637,3.30,1.00
2010.01.05 23:48:31.268,1.46345,1.4637,1.60,1.00
2010.01.05 23:48:31.628,1.46345,1.4637,2.40,1.00
2010.01.05 23:48:33.258,1.4635,1.46375,1.00,1.00
2010.01.05 23:48:34.008,1.46345,1.46375,1.00,1.00
2010.01.05 23:48:34.168,1.4634,1.46375,1.00,1.00
2010.01.05 23:48:36.817,1.46345,1.46375,1.60,1.00
2010.01.05 23:48:36.987,1.4635,1.46375,1.00,1.00
2010.01.05 23:48:39.136,1.46345,1.46375,2.40,1.00
2010.01.05 23:48:40.006,1.46345,1.46375,1.00,1.00
2010.01.05 23:48:40.166,1.46335,1.46375,3.20,1.00
2010.01.05 23:48:42.856,1.46345,1.46375,1.00,1.00
2010.01.05 23:48:43.085,1.46345,1.46375,2.40,1.00
2010.01.05 23:48:43.375,1.4634,1.4637,1.60,1.00
2010.01.05 23:48:44.225,1.46335,1.4637,1.00,1.00
2010.01.05 23:48:44.335,1.46335,1.4637,1.00,1.00
2010.01.05 23:48:44.736,1.4633,1.4637,3.20,1.00
2010.01.05 23:48:46.095,1.4633,1.4637,1.60,2.40
2010.01.05 23:48:46.435,1.4633,1.4637,2.40,2.40
2010.01.05 23:48:46.965,1.4633,1.4637,3.20,2.40
2010.01.05 23:48:49.184,1.4633,1.4637,1.60,2.40
2010.01.05 23:48:49.364,1.4633,1.4637,1.00,2.40
2010.01.05 23:48:49.484,1.4632,1.4637,2.10,4.00
2010.01.05 23:48:49.594,1.4632,1.4637,2.00,4.00
2010.01.05 23:48:49.714,1.4632,1.4637,2.00,4.80
2010.01.05 23:48:49.824,1.4632,1.4637,2.00,4.00
2010.01.05 23:48:49.944,1.4632,1.46375,2.80,8.00
2010.01.05 23:48:50.064,1.4632,1.4637,3.60,3.20
2010.01.05 23:48:50.184,1.4632,1.4637,2.00,4.80
2010.01.05 23:48:50.534,1.4632,1.4637,3.60,3.20
2010.01.05 23:48:51.794,1.4632,1.4637,2.00,4.80
2010.01.05 23:48:51.964,1.4633,1.4637,3.20,1.00
2010.01.05 23:48:52.073,1.4633,1.4637,2.40,1.00
2010.01.05 23:48:52.723,1.4633,1.4637,2.50,1.00
2010.01.05 23:48:53.233,1.4633,1.4637,2.40,1.00
2010.01.05 23:48:54.333,1.4633,1.4637,2.50,1.00
2010.01.05 23:48:54.393,1.4633,1.4637,2.90,1.00
2010.01.05 23:48:54.453,1.4633,1.4637,2.80,1.00
2010.01.05 23:48:54.513,1.4633,1.46375,2.90,1.00
2010.01.05 23:48:54.623,1.4633,1.46375,3.70,1.00
2010.01.05 23:48:55.033,1.4633,1.46375,2.80,1.00
2010.01.05 23:48:55.562,1.46335,1.46375,1.00,1.00
2010.01.05 23:48:57.972,1.46335,1.4638,1.00,1.00
2010.01.05 23:48:58.202,1.46335,1.4638,1.00,4.00
2010.01.05 23:48:58.322,1.46335,1.4638,1.00,1.60
2010.01.05 23:48:58.442,1.46335,1.4638,1.00,1.00
2010.01.05 23:48:58.552,1.46335,1.4638,1.00,3.20
2010.01.05 23:48:58.672,1.46335,1.4638,1.00,4.80
2010.01.05 23:48:58.792,1.46335,1.46375,1.00,1.00
2010.01.05 23:48:59.272,1.46335,1.46375,1.00,1.00
2010.01.05 23:49:02.741,1.46325,1.4637,1.00,1.00
2010.01.05 23:49:02.981,1.4632,1.4637,3.60,1.00
2010.01.05 23:49:03.211,1.4632,1.4637,2.00,2.40
2010.01.05 23:49:03.711,1.4632,1.4637,2.00,1.60
2010.01.05 23:49:04.060,1.4632,1.46365,2.00,1.00
2010.01.05 23:49:04.780,1.4632,1.46365,1.60,1.00
2010.01.05 23:49:07.120,1.4633,1.46365,1.60,1.00
2010.01.05 23:49:07.810,1.46325,1.46365,1.60,1.00
2010.01.05 23:49:08.030,1.4632,1.46365,1.60,1.00
2010.01.05 23:49:08.260,1.4632,1.46365,1.70,1.00
2010.01.05 23:49:08.439,1.4633,1.46365,1.00,1.00
2010.01.05 23:49:08.659,1.4633,1.46365,1.60,1.00
2010.01.05 23:49:09.389,1.4633,1.46365,2.40,1.00
2010.01.05 23:49:09.859,1.4633,1.46365,1.60,1.00
2010.01.05 23:49:10.209,1.4633,1.4637,1.60,1.00
2010.01.05 23:49:17.527,1.46335,1.46375,1.00,1.00
2010.01.05 23:49:21.217,1.46335,1.4637,1.00,1.00
2010.01.05 23:49:30.224,1.46325,1.4637,1.00,1.50
2010.01.05 23:49:30.614,1.46325,1.4637,1.00,1.00
2010.01.05 23:49:30.904,1.46325,1.4637,1.00,1.50
2010.01.05 23:49:32.764,1.46325,1.4637,1.00,1.00
2010.01.05 23:49:32.994,1.46325,1.4637,1.00,1.50
2010.01.05 23:49:33.493,1.46325,1.4637,1.00,1.00
2010.01.05 23:49:34.253,1.46325,1.4637,1.00,1.00
2010.01.05 23:49:34.533,1.46325,1.4636,1.00,1.00
2010.01.05 23:49:34.653,1.4632,1.4636,1.20,1.00
2010.01.05 23:49:34.833,1.4632,1.4636,1.00,1.00
2010.01.05 23:49:35.943,1.46315,1.46355,3.20,1.00
2010.01.05 23:49:36.294,1.46315,1.4636,2.40,1.00
2010.01.05 23:49:36.573,1.46315,1.4636,2.40,1.00
2010.01.05 23:49:37.252,1.46315,1.4635,2.40,1.00
2010.01.05 23:49:37.582,1.46315,1.4636,2.40,1.00
2010.01.05 23:49:37.982,1.46315,1.4635,2.40,1.00
2010.01.05 23:49:38.042,1.46315,1.4636,2.40,1.00
2010.01.05 23:49:38.402,1.46315,1.46355,2.40,1.00
2010.01.05 23:49:40.592,1.46315,1.46355,1.60,1.00
2010.01.05 23:49:41.301,1.46315,1.46355,2.40,1.00
2010.01.05 23:49:42.061,1.4632,1.46355,1.60,1.00
2010.01.05 23:49:42.241,1.46325,1.46355,1.00,1.00
2010.01.05 23:49:58.208,1.46325,1.4636,1.00,1.00
2010.01.05 23:49:58.548,1.4633,1.4636,1.00,1.00
2010.01.05 23:49:58.728,1.4633,1.46365,1.00,1.00
2010.01.05 23:50:01.377,1.4633,1.4636,1.00,1.00
2010.01.05 23:50:01.737,1.46315,1.4635,2.00,1.00
2010.01.05 23:50:02.026,1.46315,1.46355,1.00,1.00
2010.01.05 23:50:02.686,1.46315,1.46355,1.00,1.00
2010.01.05 23:50:10.534,1.46325,1.4636,1.00,1.00
2010.01.05 23:50:10.834,1.4633,1.4636,1.00,1.00
2010.01.05 23:50:11.815,1.46335,1.46365,1.00,1.00
2010.01.05 23:50:12.165,1.46335,1.4637,1.00,1.00
2010.01.05 23:50:12.514,1.4634,1.4637,1.00,1.00
2010.01.05 23:50:13.634,1.46345,1.4637,1.00,1.00
2010.01.05 23:50:13.864,1.46345,1.46375,1.00,1.00
2010.01.05 23:50:14.973,1.46345,1.46375,2.40,1.00
2010.01.05 23:50:15.083,1.46355,1.4639,3.20,1.00
2010.01.05 23:50:15.184,1.46355,1.46395,1.60,1.00
2010.01.05 23:50:15.303,1.46355,1.46395,1.00,1.00
2010.01.05 23:50:15.404,1.46355,1.46395,1.60,1.00
2010.01.05 23:50:16.003,1.46355,1.4639,1.60,1.00
2010.01.05 23:50:16.343,1.4635,1.4639,3.30,1.00
2010.01.05 23:50:16.693,1.4635,1.4639,1.60,1.00
2010.01.05 23:50:20.232,1.4636,1.464,2.40,1.00
2010.01.05 23:50:20.582,1.46365,1.464,1.60,1.00
2010.01.05 23:50:21.202,1.46365,1.46405,1.70,1.00
2010.01.05 23:50:22.292,1.46365,1.46405,1.60,1.00
2010.01.05 23:50:22.462,1.46375,1.46405,1.00,1.00
2010.01.05 23:50:22.642,1.46365,1.46405,1.60,1.00
2010.01.05 23:50:22.762,1.46365,1.46405,1.00,1.00
2010.01.05 23:50:22.932,1.4636,1.46405,2.50,1.00
2010.01.05 23:50:23.271,1.46365,1.46405,1.60,1.00
2010.01.05 23:50:23.611,1.46365,1.46405,1.60,1.00
2010.01.05 23:50:24.671,1.46365,1.46405,1.70,1.00
2010.01.05 23:50:24.951,1.46365,1.46405,1.00,1.00
2010.01.05 23:50:25.181,1.46365,1.4641,1.60,1.00
2010.01.05 23:50:25.462,1.4636,1.464,1.00,1.00
2010.01.05 23:50:25.801,1.4636,1.464,1.00,1.00
2010.01.05 23:50:26.151,1.46365,1.464,1.00,1.00
2010.01.05 23:50:26.491,1.4636,1.464,1.00,1.00
2010.01.05 23:50:28.800,1.46355,1.464,1.80,1.00
2010.01.05 23:50:30.350,1.4636,1.464,1.00,1.00
2010.01.05 23:50:31.619,1.46365,1.464,1.00,1.00
2010.01.05 23:50:31.899,1.46365,1.464,1.00,1.00
2010.01.05 23:50:32.179,1.46365,1.464,1.00,1.00
2010.01.05 23:50:33.569,1.4637,1.464,1.00,1.00
2010.01.05 23:50:40.487,1.4637,1.46405,1.00,1.00
2010.01.05 23:50:41.527,1.46365,1.46405,1.00,1.00
2010.01.05 23:50:42.617,1.46365,1.46405,1.00,1.00
2010.01.05 23:50:42.977,1.4636,1.4639,1.00,1.00
2010.01.05 23:50:43.326,1.4636,1.4638,1.00,1.00
2010.01.05 23:50:44.297,1.46335,1.46375,1.00,1.00
2010.01.05 23:50:44.407,1.46335,1.46375,1.00,1.00
2010.01.05 23:50:45.006,1.4633,1.46375,1.00,1.00
2010.01.05 23:50:45.886,1.4633,1.46375,3.30,1.00
2010.01.05 23:50:46.526,1.4633,1.46375,4.90,1.00
2010.01.05 23:50:46.806,1.4634,1.4638,1.00,1.00
2010.01.05 23:50:47.106,1.46345,1.4638,2.50,1.00
2010.01.05 23:50:47.436,1.46345,1.46385,2.50,1.00
2010.01.05 23:50:47.785,1.46355,1.4639,1.00,1.00
2010.01.05 23:50:48.116,1.4635,1.4639,1.00,1.00
2010.01.05 23:50:48.466,1.4635,1.4639,1.60,1.00
2010.01.05 23:50:49.985,1.4635,1.46385,1.00,1.00
2010.01.05 23:50:50.155,1.46345,1.46385,1.70,1.00
2010.01.05 23:50:50.665,1.46345,1.46385,1.60,1.00
2010.01.05 23:50:50.845,1.4635,1.46385,1.60,1.00
2010.01.05 23:50:51.135,1.4635,1.4639,1.60,1.00
2010.01.05 23:50:51.495,1.4635,1.4639,1.00,1.00
2010.01.05 23:50:51.835,1.46345,1.4639,1.00,1.00
2010.01.05 23:50:52.244,1.46345,1.46385,2.10,1.00
2010.01.05 23:50:52.584,1.4635,1.4639,1.60,1.00
2010.01.05 23:50:52.914,1.4636,1.4639,2.00,1.00
2010.01.05 23:50:53.264,1.4636,1.46395,2.00,1.00
2010.01.05 23:50:53.384,1.4636,1.46395,3.60,1.00
2010.01.05 23:50:54.334,1.46365,1.46395,1.00,1.00
2010.01.05 23:50:54.494,1.46365,1.46395,1.00,1.00
2010.01.05 23:50:54.614,1.46365,1.464,1.70,1.00
2010.01.05 23:50:54.734,1.46365,1.464,2.50,1.00
2010.01.05 23:50:54.854,1.4636,1.464,3.90,1.00
2010.01.05 23:50:54.974,1.46365,1.46405,3.30,1.00
2010.01.05 23:50:55.434,1.4637,1.46405,1.00,1.00
2010.01.05 23:50:55.784,1.46375,1.46405,1.00,1.00
2010.01.05 23:50:56.483,1.46375,1.46405,1.00,1.00
2010.01.05 23:51:06.481,1.4638,1.4641,1.00,1.00
2010.01.05 23:51:08.800,1.4638,1.46405,1.00,1.00
2010.01.05 23:51:15.749,1.46375,1.46405,1.00,1.00
2010.01.05 23:51:16.469,1.46375,1.46405,1.00,1.00
2010.01.05 23:51:19.578,1.46375,1.4641,1.00,1.00
2010.01.05 23:51:25.786,1.46365,1.4641,2.50,1.00
2010.01.05 23:51:26.026,1.46365,1.4641,1.00,1.00
2010.01.05 23:51:27.116,1.4637,1.4641,1.00,1.00
2010.01.05 23:51:33.324,1.46365,1.4641,1.00,1.00
2010.01.05 23:51:33.775,1.46365,1.4641,1.00,1.00
2010.01.05 23:51:33.944,1.46365,1.4641,1.00,1.00
2010.01.05 23:51:34.414,1.4637,1.4641,1.00,1.00
2010.01.05 23:51:35.394,1.4637,1.4641,1.00,1.00
2010.01.05 23:51:35.914,1.4636,1.4641,3.30,1.00
2010.01.05 23:51:36.094,1.46365,1.46405,1.00,1.00
2010.01.05 23:51:36.324,1.46365,1.464,1.60,1.00
2010.01.05 23:51:36.614,1.4636,1.464,1.00,1.00
2010.01.05 23:51:37.024,1.4636,1.46405,1.20,1.00
2010.01.05 23:51:37.323,1.46365,1.46405,1.00,1.00
2010.01.05 23:51:37.624,1.46365,1.464,1.00,1.00
2010.01.05 23:51:37.913,1.4636,1.464,1.30,1.00
2010.01.05 23:51:38.433,1.4636,1.464,1.20,1.00
2010.01.05 23:51:43.512,1.4636,1.464,1.20,1.00
2010.01.05 23:51:44.022,1.4636,1.464,1.30,1.00
2010.01.05 23:51:44.412,1.4636,1.464,1.20,1.00
2010.01.05 23:51:48.481,1.4636,1.464,1.20,1.00
2010.01.05 23:51:48.811,1.4637,1.46405,1.60,1.00
2010.01.05 23:51:51.680,1.4637,1.46405,1.70,1.00
2010.01.05 23:51:52.340,1.4637,1.46405,1.80,1.00
2010.01.05 23:52:03.687,1.4637,1.4641,1.70,1.00
2010.01.05 23:52:04.157,1.4637,1.4641,1.70,1.00
2010.01.05 23:52:04.337,1.4637,1.4641,1.00,1.00
2010.01.05 23:52:04.507,1.4637,1.4641,1.70,1.00
2010.01.05 23:52:05.137,1.4637,1.4641,2.10,1.00
2010.01.05 23:52:15.005,1.46365,1.46405,1.00,1.00
2010.01.05 23:52:17.094,1.4637,1.46405,1.00,1.00
2010.01.05 23:52:17.454,1.4637,1.4641,2.10,1.00
2010.01.05 23:52:18.224,1.4637,1.4641,2.20,1.00
2010.01.05 23:52:18.464,1.4637,1.4641,1.00,1.00
2010.01.05 23:52:18.524,1.4637,1.4641,2.10,1.00
2010.01.05 23:52:18.984,1.4637,1.46415,2.20,1.00
2010.01.05 23:52:23.552,1.46385,1.4641,1.60,1.00
2010.01.05 23:52:23.722,1.46385,1.4641,3.60,1.00
2010.01.05 23:52:23.933,1.46385,1.46415,1.00,1.00
2010.01.05 23:52:24.093,1.4638,1.4642,1.00,1.00
2010.01.05 23:52:25.142,1.4638,1.4642,1.00,1.00
2010.01.05 23:52:25.262,1.4638,1.4642,1.60,1.00
2010.01.05 23:52:30.271,1.46385,1.4642,1.60,1.00
2010.01.05 23:52:30.441,1.46385,1.4642,3.70,1.00
2010.01.05 23:52:30.621,1.46385,1.46425,3.70,1.00
2010.01.05 23:52:31.311,1.46385,1.46425,4.50,1.00
2010.01.05 23:52:39.199,1.4639,1.46425,1.00,1.00
2010.01.05 23:52:39.488,1.4639,1.4643,1.00,1.00
2010.01.05 23:52:39.548,1.46395,1.4643,1.00,1.00
2010.01.05 23:52:39.769,1.4639,1.4643,3.30,1.00
2010.01.05 23:52:39.878,1.4639,1.4643,1.70,1.00
2010.01.05 23:52:40.108,1.4639,1.4643,2.50,1.00
2010.01.05 23:52:40.328,1.46395,1.4643,1.00,1.00
2010.01.05 23:52:40.848,1.4639,1.4643,1.00,1.00
2010.01.05 23:52:41.078,1.4639,1.4643,1.00,1.00
2010.01.05 23:52:45.717,1.4639,1.4643,1.00,1.00
2010.01.05 23:52:46.767,1.4639,1.4643,1.00,1.00
2010.01.05 23:52:49.646,1.4639,1.4643,1.50,1.00
2010.01.05 23:52:49.706,1.464,1.4643,1.00,1.00
2010.01.05 23:52:49.927,1.46395,1.4643,1.60,1.00
2010.01.05 23:52:50.046,1.46395,1.4643,1.00,1.00
2010.01.05 23:52:50.106,1.46395,1.46435,1.00,1.00
2010.01.05 23:52:50.226,1.46395,1.46435,1.20,1.00
2010.01.05 23:52:50.556,1.46395,1.46435,1.00,1.00
2010.01.05 23:52:51.665,1.46395,1.46435,1.00,1.00
2010.01.05 23:52:51.826,1.46395,1.46435,2.10,1.00
2010.01.05 23:52:51.996,1.464,1.46435,1.00,1.00
2010.01.05 23:52:53.385,1.4641,1.4644,1.00,1.00
2010.01.05 23:52:55.205,1.4641,1.46445,1.00,1.00
2010.01.05 23:52:55.535,1.464,1.46445,1.00,1.00
2010.01.05 23:52:55.875,1.464,1.46445,1.00,1.00
2010.01.05 23:52:58.364,1.464,1.46445,1.00,1.00
2010.01.05 23:52:59.124,1.464,1.46445,1.00,1.00
2010.01.05 23:52:59.294,1.464,1.46445,1.00,1.00
2010.01.05 23:52:59.414,1.464,1.46445,1.00,1.00
2010.01.05 23:53:00.224,1.4641,1.46445,1.00,1.00
2010.01.05 23:53:01.323,1.464,1.46445,1.60,1.00
2010.01.05 23:53:01.663,1.464,1.46445,1.00,1.00
2010.01.05 23:53:02.753,1.464,1.4644,1.00,1.00
2010.01.05 23:53:02.923,1.46395,1.4644,1.60,1.00
2010.01.05 23:53:03.553,1.46405,1.46445,1.00,2.40
2010.01.05 23:53:03.733,1.46405,1.46445,1.00,1.00
2010.01.05 23:53:04.202,1.46405,1.4645,1.00,3.20
2010.01.05 23:53:04.943,1.46405,1.4644,1.00,1.00
2010.01.05 23:53:05.223,1.46395,1.4644,2.00,1.00
2010.01.05 23:53:05.582,1.46395,1.4644,3.60,1.00
2010.01.05 23:53:05.693,1.464,1.46445,1.00,1.00
2010.01.05 23:53:06.042,1.464,1.4644,1.60,1.00
2010.01.05 23:53:06.392,1.464,1.46445,1.60,1.00
2010.01.05 23:53:13.770,1.4641,1.46445,1.00,2.40
2010.01.05 23:53:13.890,1.4641,1.4645,3.20,1.00
2010.01.05 23:53:14.060,1.46425,1.4646,1.00,1.00
2010.01.05 23:53:14.170,1.4642,1.4646,1.00,1.00
2010.01.05 23:53:15.170,1.4642,1.4646,1.60,1.00
2010.01.05 23:53:15.220,1.4642,1.46465,1.00,1.00
2010.01.05 23:53:15.340,1.4642,1.46465,1.00,1.00
2010.01.05 23:53:15.450,1.4642,1.46465,1.00,1.00
2010.01.05 23:53:16.150,1.4642,1.46465,1.20,1.00
2010.01.05 23:53:17.409,1.4642,1.46465,1.00,1.00
2010.01.05 23:53:20.512,1.4642,1.46465,1.00,1.00
2010.01.05 23:53:20.679,1.46435,1.46475,1.00,1.00
2010.01.05 23:53:21.199,1.46445,1.4649,1.00,1.00
2010.01.05 23:53:21.558,1.46445,1.46495,1.60,1.00
2010.01.05 23:53:21.949,1.46455,1.465,1.60,1.00
2010.01.05 23:53:22.938,1.4645,1.46495,1.60,1.00
2010.01.05 23:53:23.158,1.46445,1.4649,1.60,1.00
2010.01.05 23:53:23.398,1.46445,1.46485,1.00,1.00
2010.01.05 23:53:23.618,1.4644,1.46485,1.60,1.00
2010.01.05 23:53:23.858,1.46445,1.4649,1.00,1.00
2010.01.05 23:53:24.268,1.46445,1.4649,1.00,1.00
2010.01.05 23:53:26.717,1.46445,1.4649,1.60,1.00
2010.01.05 23:53:27.057,1.46445,1.4649,1.00,1.00
2010.01.05 23:53:39.214,1.46455,1.46495,1.00,1.00
2010.01.05 23:53:39.394,1.46455,1.46485,1.00,1.00
2010.01.05 23:53:39.784,1.46455,1.46495,1.00,1.00
2010.01.05 23:53:40.284,1.46455,1.465,1.00,1.00
2010.01.05 23:53:40.624,1.46455,1.465,1.00,1.00
2010.01.05 23:53:42.733,1.46455,1.465,1.00,1.00
2010.01.05 23:53:44.633,1.4646,1.46505,1.00,2.30
2010.01.05 23:53:44.863,1.4646,1.46505,1.00,1.00
2010.01.05 23:53:45.083,1.4647,1.4651,1.00,2.40
2010.01.05 23:53:45.243,1.4647,1.46515,1.00,1.60
2010.01.05 23:53:46.233,1.4647,1.46515,1.00,1.00
2010.01.05 23:53:46.352,1.4647,1.46515,1.00,1.00
2010.01.05 23:53:49.922,1.46475,1.46515,1.60,1.00
2010.01.05 23:53:55.580,1.4648,1.46525,1.00,1.00
2010.01.05 23:53:57.160,1.4648,1.46515,1.00,1.00
2010.01.05 23:53:57.450,1.46475,1.46515,1.00,1.00
2010.01.05 23:53:57.750,1.4647,1.46515,1.00,1.00
2010.01.05 23:54:10.757,1.46475,1.46515,1.00,1.00
2010.01.05 23:54:10.987,1.46475,1.46515,1.00,1.00
2010.01.05 23:54:12.696,1.46485,1.4652,1.00,1.60
2010.01.05 23:54:12.986,1.4649,1.46525,1.00,1.00
2010.01.05 23:54:13.156,1.4649,1.4653,1.00,1.00
2010.01.05 23:54:13.336,1.4649,1.4653,1.00,1.00
2010.01.05 23:54:13.746,1.4649,1.46535,1.00,1.60
2010.01.05 23:54:13.966,1.4649,1.4653,1.00,1.60
2010.01.05 23:54:14.146,1.46485,1.4653,1.60,2.40
2010.01.05 23:54:14.266,1.46485,1.4653,1.00,2.40
2010.01.05 23:54:14.386,1.4648,1.4653,1.00,3.20
2010.01.05 23:54:14.626,1.4648,1.4653,1.00,4.00
2010.01.05 23:54:14.926,1.4648,1.4653,1.00,3.20
2010.01.05 23:54:15.795,1.46495,1.46555,1.00,3.20
2010.01.05 23:54:16.025,1.46495,1.46555,1.00,2.40
2010.01.05 23:54:16.655,1.46495,1.46555,1.00,2.40
2010.01.05 23:54:20.924,1.465,1.46535,4.80,1.00
2010.01.05 23:54:21.164,1.4649,1.46535,1.00,2.30
2010.01.05 23:54:21.384,1.46485,1.46535,1.00,3.10
2010.01.05 23:54:22.604,1.46485,1.46535,1.00,3.20
2010.01.05 23:54:24.023,1.46485,1.46535,1.00,4.00
2010.01.05 23:54:24.653,1.46485,1.46535,1.00,4.00
2010.01.05 23:54:24.713,1.46485,1.46535,1.00,3.20
2010.01.05 23:54:24.773,1.46485,1.46535,1.00,2.40
2010.01.05 23:54:24.823,1.46485,1.46535,1.60,2.40
2010.01.05 23:54:25.903,1.46485,1.4653,1.60,1.50
2010.01.05 23:54:35.411,1.46495,1.4654,1.60,1.00
2010.01.05 23:54:40.080,1.4649,1.46535,1.00,4.00
2010.01.05 23:54:42.769,1.46495,1.46535,1.60,1.50
2010.01.05 23:54:43.009,1.46495,1.4654,1.60,1.00
2010.01.05 23:54:43.419,1.46495,1.4654,1.00,1.00
2010.01.05 23:54:43.939,1.46495,1.4654,1.60,1.00
2010.01.05 23:54:44.328,1.46495,1.46535,1.60,1.00
2010.01.05 23:54:46.068,1.46495,1.4654,1.60,1.00
2010.01.05 23:54:46.248,1.46495,1.4654,1.60,1.00
2010.01.05 23:54:47.688,1.46505,1.46545,1.70,1.00
2010.01.05 23:54:48.028,1.46505,1.46545,3.30,1.00
2010.01.05 23:55:32.287,1.4651,1.4655,1.60,1.00
2010.01.05 23:55:32.637,1.46515,1.4655,1.00,1.00
2010.01.05 23:55:33.667,1.46515,1.46555,1.00,1.60
2010.01.05 23:55:36.526,1.46515,1.4655,1.00,1.00
2010.01.05 23:55:36.766,1.4651,1.4655,1.00,1.00
2010.01.05 23:55:37.536,1.46505,1.4655,1.00,1.00
2010.01.05 23:55:41.645,1.46505,1.4655,1.00,1.00
2010.01.05 23:55:41.935,1.465,1.46535,1.00,1.60
2010.01.05 23:55:42.275,1.46495,1.46535,1.00,2.40
2010.01.05 23:55:42.635,1.4649,1.46535,1.00,2.40
2010.01.05 23:55:43.554,1.4649,1.4653,1.00,1.00
2010.01.05 23:55:52.122,1.46495,1.46545,1.00,3.20
2010.01.05 23:55:52.412,1.46495,1.46545,1.00,2.40
2010.01.05 23:55:53.882,1.46505,1.46545,1.00,2.40
2010.01.05 23:56:02.750,1.465,1.46545,1.60,2.40
2010.01.05 23:56:03.030,1.46495,1.46545,1.00,2.40
2010.01.05 23:56:03.320,1.46495,1.4653,1.00,1.00
2010.01.05 23:56:03.499,1.4649,1.4653,1.00,1.00
2010.01.05 23:56:05.869,1.4649,1.46535,1.00,2.40
2010.01.05 23:56:06.159,1.46495,1.46545,1.00,3.20
2010.01.05 23:56:06.509,1.46495,1.46545,1.00,2.40
2010.01.05 23:56:07.449,1.46495,1.4653,1.00,1.00
2010.01.05 23:56:07.789,1.4649,1.46535,1.00,2.40
2010.01.05 23:56:08.089,1.4649,1.4653,1.00,1.00
2010.01.05 23:56:11.608,1.46485,1.46525,1.00,1.00
2010.01.05 23:56:11.967,1.4648,1.46525,1.00,1.00
2010.01.05 23:56:12.267,1.46495,1.46525,1.00,1.00
2010.01.05 23:56:12.557,1.46505,1.4653,1.00,1.00
2010.01.05 23:56:12.847,1.46505,1.4653,1.00,1.00
2010.01.05 23:56:13.127,1.46505,1.46545,1.00,1.00
2010.01.05 23:56:14.977,1.465,1.4653,1.00,1.00
2010.01.05 23:56:15.957,1.46485,1.46525,1.60,1.00
2010.01.05 23:56:16.127,1.46475,1.4652,1.60,1.00
2010.01.05 23:56:16.596,1.4649,1.4652,1.60,1.00
2010.01.05 23:56:16.767,1.4649,1.4652,1.00,1.00
2010.01.05 23:56:16.927,1.46495,1.4652,1.60,1.00
2010.01.05 23:56:17.107,1.465,1.46535,1.00,1.00
2010.01.05 23:56:17.456,1.465,1.4654,1.00,1.00
2010.01.05 23:56:18.156,1.465,1.46535,1.00,1.00
2010.01.05 23:56:18.376,1.465,1.46535,1.00,1.00
2010.01.05 23:56:18.556,1.4649,1.46535,1.00,1.00
2010.01.05 23:56:18.946,1.4649,1.46535,1.00,1.60
2010.01.05 23:56:19.176,1.46495,1.46535,1.00,1.00
2010.01.05 23:56:19.336,1.46505,1.4654,1.00,2.40
2010.01.05 23:56:19.446,1.465,1.4654,1.60,1.00
2010.01.05 23:56:19.626,1.465,1.46525,1.00,1.00
2010.01.05 23:56:19.726,1.465,1.46525,1.00,1.00
2010.01.05 23:56:19.906,1.46495,1.46525,1.00,1.00
2010.01.05 23:56:20.016,1.46495,1.46525,1.00,2.30
2010.01.05 23:56:20.186,1.46495,1.46525,1.00,2.30
2010.01.05 23:56:20.526,1.4647,1.4652,1.00,1.00
2010.01.05 23:56:20.865,1.4647,1.4652,1.60,1.00
2010.01.05 23:56:21.215,1.4647,1.4652,1.00,1.00
2010.01.05 23:56:21.975,1.4647,1.46505,1.60,1.00
2010.01.05 23:56:22.205,1.46475,1.4651,1.00,4.00
2010.01.05 23:56:22.495,1.4648,1.4651,1.00,1.00
2010.01.05 23:56:22.845,1.4649,1.46515,1.00,1.00
2010.01.05 23:56:23.195,1.46485,1.46515,1.60,1.00
2010.01.05 23:56:23.535,1.46485,1.46515,1.00,1.00
2010.01.05 23:56:23.655,1.46475,1.46515,1.00,1.00
2010.01.05 23:56:24.415,1.4648,1.4652,1.00,1.00
2010.01.05 23:56:25.395,1.4648,1.4652,1.00,1.00
2010.01.05 23:56:26.024,1.4648,1.4652,1.00,1.00
2010.01.05 23:56:27.004,1.46475,1.4652,1.60,1.00
2010.01.05 23:56:27.344,1.46475,1.4652,1.00,1.00
2010.01.05 23:56:27.694,1.46475,1.4652,1.00,1.00
2010.01.05 23:56:27.924,1.46475,1.46505,1.00,1.00
2010.01.05 23:56:28.164,1.4645,1.465,1.00,1.00
2010.01.05 23:56:28.384,1.4645,1.46495,1.00,1.00
2010.01.05 23:56:28.614,1.46445,1.46495,1.00,1.00
2010.01.05 23:56:28.784,1.46445,1.46495,1.00,1.00
2010.01.05 23:56:28.954,1.46445,1.46495,1.00,1.00
2010.01.05 23:56:29.124,1.46445,1.46485,1.00,1.00
2010.01.05 23:56:29.303,1.4644,1.46485,1.00,1.00
2010.01.05 23:56:35.552,1.4644,1.46485,1.00,1.00
2010.01.05 23:56:40.521,1.4644,1.4649,1.00,1.60
2010.01.05 23:56:40.921,1.4644,1.4649,1.60,1.00
2010.01.05 23:56:43.080,1.46445,1.4649,1.00,1.00
2010.01.05 23:56:43.740,1.4645,1.4649,1.00,1.00
2010.01.05 23:56:43.900,1.4645,1.4649,1.00,1.00
2010.01.05 23:56:44.250,1.46445,1.4649,1.00,1.00
2010.01.05 23:56:44.430,1.46445,1.4649,1.00,1.00
2010.01.05 23:56:45.370,1.46445,1.4649,1.00,1.00
2010.01.05 23:56:49.189,1.46445,1.4648,1.00,1.00
2010.01.05 23:56:49.479,1.4644,1.4648,1.60,1.00
2010.01.05 23:56:52.948,1.4644,1.4648,1.60,1.00
2010.01.05 23:56:53.248,1.46435,1.4648,1.60,1.00
2010.01.05 23:56:56.237,1.4644,1.4648,1.00,1.00
2010.01.05 23:56:56.347,1.46445,1.4648,1.00,1.00
2010.01.05 23:57:01.466,1.46445,1.46485,1.00,1.00
2010.01.05 23:57:13.703,1.4644,1.46485,1.60,1.00
2010.01.05 23:57:16.112,1.4644,1.4647,1.00,1.00
2010.01.05 23:57:16.522,1.4644,1.4648,1.60,1.00
2010.01.05 23:57:17.222,1.4644,1.4647,1.60,1.00
2010.01.05 23:57:17.392,1.4644,1.46475,1.60,1.00
2010.01.05 23:57:17.572,1.4644,1.46475,1.60,1.00
2010.01.05 23:57:22.181,1.46445,1.4648,1.00,1.00
2010.01.05 23:57:23.081,1.46445,1.4648,1.00,1.00
2010.01.05 23:57:23.260,1.4644,1.4648,1.00,1.00
2010.01.05 23:57:26.120,1.46425,1.4647,1.60,1.60
2010.01.05 23:57:26.709,1.46425,1.4647,1.00,1.60
2010.01.05 23:57:27.559,1.46425,1.46465,1.00,1.00
2010.01.05 23:57:33.718,1.4643,1.46465,1.00,1.00
2010.01.05 23:57:33.888,1.4643,1.46465,1.00,1.00
2010.01.05 23:57:35.957,1.46425,1.46465,1.00,1.00
2010.01.05 23:57:36.077,1.46425,1.46465,1.00,1.00
2010.01.05 23:57:37.637,1.46425,1.4646,1.00,1.00
2010.01.05 23:57:44.895,1.4642,1.46455,1.00,1.00
2010.01.05 23:57:46.455,1.46415,1.46455,1.00,1.00
2010.01.05 23:57:46.615,1.46415,1.46455,1.00,1.00
2010.01.05 23:57:47.674,1.4641,1.46455,5.26,1.00
2010.01.05 23:57:49.254,1.46415,1.46455,1.00,1.00
2010.01.05 23:57:49.374,1.4642,1.46455,1.60,1.00
2010.01.05 23:57:49.484,1.46425,1.46455,1.00,1.00
2010.01.05 23:57:51.594,1.4643,1.46455,1.00,1.00
2010.01.05 23:57:52.483,1.4643,1.4645,1.00,1.00
2010.01.05 23:57:54.893,1.4643,1.4646,1.00,1.00
2010.01.05 23:57:56.543,1.46425,1.4646,1.00,1.00
2010.01.05 23:57:56.713,1.4642,1.4646,1.00,1.00
2010.01.05 23:58:00.411,1.46415,1.4646,2.00,1.00
2010.01.05 23:58:01.431,1.4642,1.4646,1.00,1.00
2010.01.05 23:58:02.411,1.4642,1.4646,1.00,1.00
2010.01.05 23:58:02.521,1.4642,1.4646,1.60,1.00
2010.01.05 23:58:02.631,1.46425,1.46455,1.00,1.00
2010.01.05 23:58:02.741,1.46425,1.46455,1.00,1.00
2010.01.05 23:58:02.971,1.46425,1.46455,1.00,1.00
2010.01.05 23:58:03.081,1.46425,1.46455,1.00,1.00
2010.01.05 23:58:06.560,1.4642,1.4645,1.00,1.00
2010.01.05 23:58:06.950,1.4642,1.4645,1.00,1.00
2010.01.05 23:58:07.680,1.4642,1.46455,1.00,1.00
2010.01.05 23:58:14.988,1.4642,1.46455,1.00,1.00
2010.01.05 23:58:15.498,1.46415,1.46455,1.00,1.00
2010.01.05 23:58:17.927,1.4641,1.46455,2.00,2.40
2010.01.05 23:58:18.217,1.46415,1.46455,1.00,2.40
2010.01.05 23:58:18.497,1.46415,1.46455,1.00,3.20
2010.01.05 23:58:18.827,1.4641,1.46455,2.00,3.20
2010.01.05 23:58:25.445,1.46415,1.4645,1.00,1.00
2010.01.05 23:58:25.845,1.46415,1.46455,1.00,1.00
2010.01.05 23:58:26.065,1.46415,1.4645,1.00,1.00
2010.01.05 23:58:27.345,1.46415,1.46455,1.00,1.00
2010.01.05 23:58:27.635,1.46415,1.4645,1.00,1.00
2010.01.05 23:58:30.804,1.46425,1.46455,1.00,1.00
2010.01.05 23:58:31.084,1.46425,1.46455,1.00,1.00
2010.01.05 23:58:31.264,1.4642,1.46455,1.00,1.00
2010.01.05 23:58:31.494,1.46415,1.46455,1.60,1.00
2010.01.05 23:58:35.683,1.46415,1.46455,1.60,2.40
2010.01.05 23:58:35.803,1.46415,1.46455,1.60,2.40
2010.01.05 23:58:35.923,1.46415,1.46455,1.60,1.00
2010.01.05 23:58:36.083,1.4642,1.4646,1.00,1.60
2010.01.05 23:58:36.193,1.46425,1.4646,1.00,1.00
2010.01.05 23:58:38.072,1.4642,1.46455,1.00,1.00
2010.01.05 23:58:38.232,1.46415,1.46455,1.00,1.00
2010.01.05 23:58:40.202,1.4642,1.46455,1.00,1.00
2010.01.05 23:58:40.542,1.46425,1.46455,1.00,1.00
2010.01.05 23:58:42.381,1.4642,1.46455,1.00,1.00
2010.01.05 23:58:43.301,1.4642,1.4646,1.00,1.00
2010.01.05 23:58:43.591,1.4642,1.46455,1.00,1.00
2010.01.05 23:58:48.680,1.4642,1.46465,1.00,2.40
2010.01.05 23:58:48.800,1.4642,1.46465,1.00,1.00
2010.01.05 23:58:53.369,1.4642,1.46465,1.00,1.60
2010.01.05 23:58:57.018,1.4642,1.46465,1.00,1.00
2010.01.05 23:59:11.954,1.4642,1.4646,1.00,1.00
2010.01.05 23:59:12.074,1.46415,1.46455,2.00,1.00
2010.01.05 23:59:12.194,1.46415,1.46455,1.00,1.00
2010.01.05 23:59:14.384,1.46415,1.4645,1.00,1.00
2010.01.05 23:59:14.674,1.4641,1.4645,1.00,1.00
2010.01.05 23:59:16.233,1.4641,1.4645,1.00,1.50
2010.01.05 23:59:16.523,1.46415,1.46455,1.00,1.00
2010.01.05 23:59:24.041,1.46415,1.46455,1.00,1.00
2010.01.05 23:59:24.451,1.46415,1.46455,1.00,1.00
2010.01.05 23:59:24.751,1.46415,1.46455,1.00,1.00
2010.01.05 23:59:24.931,1.46415,1.46455,1.00,1.00
2010.01.05 23:59:30.530,1.46415,1.46455,1.00,1.00
2010.01.05 23:59:30.980,1.46415,1.46455,1.00,1.00
2010.01.05 23:59:31.030,1.46415,1.46455,1.00,1.00
2010.01.05 23:59:32.080,1.46415,1.46455,1.00,1.00
2010.01.05 23:59:32.199,1.46415,1.46455,1.00,1.00
2010.01.05 23:59:32.539,1.46415,1.46455,1.00,1.00
2010.01.05 23:59:38.518,1.4642,1.4645,1.00,1.00
2010.01.05 23:59:38.798,1.4642,1.4645,1.20,1.00
2010.01.05 23:59:43.937,1.4642,1.4646,1.20,1.00
2010.01.05 23:59:44.736,1.4642,1.46455,1.20,1.00
2010.01.05 23:59:45.736,1.4642,1.4646,1.20,1.00
2010.01.05 23:59:46.606,1.4642,1.46455,1.20,1.00
2010.01.05 23:59:48.785,1.4642,1.4646,1.20,1.00
2010.01.05 23:59:48.965,1.46425,1.4646,1.60,1.00
2010.01.05 23:59:49.355,1.46425,1.4647,2.10,1.60
2010.01.05 23:59:49.525,1.46425,1.46465,2.00,1.00
2010.01.05 23:59:49.975,1.4643,1.4647,1.00,1.60
2010.01.05 23:59:51.005,1.46425,1.46465,2.00,1.00
2010.01.05 23:59:51.665,1.4643,1.4647,1.00,1.00
2010.01.05 23:59:52.025,1.4643,1.46465,1.00,1.00
2010.01.05 23:59:53.824,1.4643,1.46465,1.00,1.00
2010.01.05 23:59:53.884,1.46425,1.46465,1.00,1.00
2010.01.05 23:59:58.203,1.4641,1.46445,1.20,1.00
2010.01.05 23:59:58.423,1.4641,1.46445,1.00,1.00
2010.01.05 23:59:59.353,1.46405,1.46445,1.60,1.00
2010.01.05 23:59:59.583,1.4638,1.46435,1.00,1.00
