2016.11.16 07:00:00.012,1.36208,1.36224,1.37,1.87
2016.11.16 07:00:00.165,1.36213,1.36225,1.00,1.12
2016.11.16 07:00:00.267,1.36208,1.36226,1.12,1.12
2016.11.16 07:00:00.318,1.36208,1.36225,2.25,1.12
2016.11.16 07:00:00.522,1.362,1.36215,2.62,1.00
2016.11.16 07:00:00.694,1.36198,1.36217,1.37,1.12
2016.11.16 07:00:00.899,1.36198,1.36215,1.00,1.12
2016.11.16 07:00:01.154,1.36203,1.36215,1.00,1.12
2016.11.16 07:00:01.205,1.36203,1.3622,1.00,1.75
2016.11.16 07:00:01.307,1.36203,1.36221,1.87,1.37
2016.11.16 07:00:01.666,1.362,1.3622,3.75,1.37
2016.11.16 07:00:01.717,1.36202,1.3622,1.00,1.50
2016.11.16 07:00:02.098,1.36203,1.36221,1.75,1.12
2016.11.16 07:00:02.402,1.36204,1.36222,4.12,1.37
2016.11.16 07:00:02.504,1.36206,1.36223,1.50,1.37
2016.11.16 07:00:02.555,1.36209,1.36224,1.00,1.87
2016.11.16 07:00:02.657,1.3621,1.36226,1.00,1.37
2016.11.16 07:00:02.809,1.36212,1.36229,1.50,1.75
2016.11.16 07:00:03.137,1.36212,1.3623,1.75,1.75
2016.11.16 07:00:03.417,1.36208,1.36228,4.50,1.37
2016.11.16 07:00:03.926,1.36211,1.36228,2.62,1.00
2016.11.16 07:00:04.433,1.36209,1.36228,1.75,1.37
2016.11.16 07:00:04.636,1.36209,1.36226,1.00,1.00
2016.11.16 07:00:04.738,1.36211,1.36228,1.00,1.12
2016.11.16 07:00:05.125,1.36213,1.3623,1.00,1.75
2016.11.16 07:00:05.176,1.36213,1.3623,1.00,1.12
2016.11.16 07:00:05.684,1.36214,1.36231,1.00,2.25
2016.11.16 07:00:06.191,1.36209,1.3623,4.12,1.37
2016.11.16 07:00:07.379,1.36209,1.36228,3.37,1.00
2016.11.16 07:00:07.481,1.36209,1.36223,3.37,1.00
2016.11.16 07:00:07.533,1.36208,1.36226,1.50,1.86
2016.11.16 07:00:07.635,1.36208,1.36224,1.00,1.12
2016.11.16 07:00:07.737,1.36208,1.36223,1.00,1.00
2016.11.16 07:00:07.889,1.36205,1.36222,1.00,1.00
2016.11.16 07:00:07.941,1.36206,1.36224,1.00,1.12
2016.11.16 07:00:07.992,1.36208,1.36224,1.00,1.12
2016.11.16 07:00:08.510,1.36207,1.36223,1.50,1.50
2016.11.16 07:00:08.813,1.36207,1.36221,1.00,1.75
2016.11.16 07:00:09.067,1.36207,1.36223,1.00,1.50
2016.11.16 07:00:09.575,1.36203,1.36224,4.12,2.25
2016.11.16 07:00:09.626,1.36208,1.36224,1.00,2.25
2016.11.16 07:00:10.055,1.36208,1.36221,1.00,1.37
2016.11.16 07:00:10.108,1.36202,1.36221,1.50,1.37
2016.11.16 07:00:10.253,1.36202,1.3622,1.75,1.00
2016.11.16 07:00:10.911,1.36205,1.36223,1.50,1.50
2016.11.16 07:00:10.962,1.36207,1.36223,1.00,1.00
2016.11.16 07:00:11.469,1.36202,1.36222,4.31,1.12
2016.11.16 07:00:11.808,1.36207,1.36226,2.06,1.00
2016.11.16 07:00:12.163,1.36212,1.36219,1.00,1.00
2016.11.16 07:00:12.213,1.36212,1.36227,1.00,3.37
2016.11.16 07:00:12.264,1.36204,1.36225,2.00,1.12
2016.11.16 07:00:12.366,1.36203,1.36221,4.12,1.00
2016.11.16 07:00:12.468,1.36201,1.36221,2.06,1.50
2016.11.16 07:00:14.107,1.36201,1.3622,2.44,1.00
2016.11.16 07:00:14.246,1.36204,1.36222,1.62,1.37
2016.11.16 07:00:14.348,1.36208,1.36223,1.00,1.12
2016.11.16 07:00:14.450,1.36206,1.36224,1.50,1.37
2016.11.16 07:00:14.552,1.36206,1.36225,4.12,1.00
2016.11.16 07:00:14.653,1.36208,1.36224,1.00,1.00
2016.11.16 07:00:15.157,1.36208,1.36225,1.00,1.00
2016.11.16 07:00:15.259,1.36204,1.36226,1.56,3.75
2016.11.16 07:00:15.360,1.36207,1.36224,1.00,1.00
2016.11.16 07:00:15.664,1.36203,1.3622,1.00,1.00
2016.11.16 07:00:15.969,1.36207,1.36221,1.00,1.50
2016.11.16 07:00:16.273,1.36207,1.36221,1.00,4.12
2016.11.16 07:00:16.997,1.36203,1.36221,1.00,4.87
2016.11.16 07:00:17.150,1.36203,1.36221,1.12,2.25
2016.11.16 07:00:17.697,1.36203,1.36221,1.12,2.25
2016.11.16 07:00:18.516,1.36207,1.36223,1.00,2.25
2016.11.16 07:00:18.820,1.36212,1.36223,1.00,1.50
2016.11.16 07:00:19.124,1.36208,1.36223,1.00,2.25
2016.11.16 07:00:20.057,1.36208,1.36223,1.00,1.00
2016.11.16 07:00:22.126,1.36208,1.36222,1.00,1.00
2016.11.16 07:00:22.342,1.36208,1.36222,1.00,1.87
2016.11.16 07:00:22.546,1.36203,1.3622,2.44,1.00
2016.11.16 07:00:23.053,1.36204,1.3622,1.50,1.00
2016.11.16 07:00:23.838,1.36207,1.3622,1.00,1.00
2016.11.16 07:00:24.727,1.36203,1.3622,2.44,1.00
2016.11.16 07:00:25.536,1.36208,1.3622,1.00,1.00
2016.11.16 07:00:25.991,1.36208,1.36224,1.00,1.87
2016.11.16 07:00:27.809,1.36207,1.36224,1.00,1.87
2016.11.16 07:00:28.349,1.36207,1.36224,1.87,1.00
2016.11.16 07:00:28.451,1.36207,1.36225,2.25,1.37
2016.11.16 07:00:28.603,1.36213,1.3623,2.62,1.00
2016.11.16 07:00:28.705,1.36216,1.36233,1.00,1.12
2016.11.16 07:00:28.858,1.36218,1.36233,1.12,1.00
2016.11.16 07:00:29.162,1.36218,1.36236,1.00,1.50
2016.11.16 07:00:29.215,1.36222,1.36236,1.00,1.50
2016.11.16 07:00:29.520,1.36233,1.36244,1.00,1.87
2016.11.16 07:00:29.824,1.36233,1.36247,1.00,1.87
2016.11.16 07:00:30.730,1.36229,1.36247,1.75,1.50
2016.11.16 07:00:30.983,1.36228,1.36247,1.37,1.50
2016.11.16 07:00:31.427,1.36232,1.36247,1.00,1.50
2016.11.16 07:00:31.975,1.36233,1.36247,1.00,1.00
2016.11.16 07:00:32.281,1.36232,1.36247,1.00,5.25
2016.11.16 07:00:32.383,1.36232,1.36245,1.00,1.00
2016.11.16 07:00:32.508,1.36228,1.36245,1.37,1.00
2016.11.16 07:00:33.427,1.36229,1.36247,1.37,1.50
2016.11.16 07:00:33.478,1.36229,1.36247,2.25,1.00
2016.11.16 07:00:33.529,1.36233,1.36247,1.00,1.00
2016.11.16 07:00:34.135,1.36229,1.36248,1.50,1.75
2016.11.16 07:00:34.221,1.36228,1.36245,3.00,1.00
2016.11.16 07:00:34.527,1.36233,1.36245,1.00,1.00
2016.11.16 07:00:34.856,1.36228,1.36245,2.25,1.00
2016.11.16 07:00:35.475,1.36229,1.36247,1.37,1.37
2016.11.16 07:00:35.576,1.36229,1.36247,1.00,1.12
2016.11.16 07:00:36.468,1.36229,1.36239,1.00,1.00
2016.11.16 07:00:36.671,1.36223,1.36237,1.00,1.00
2016.11.16 07:00:36.722,1.36223,1.36241,1.37,3.37
2016.11.16 07:00:36.773,1.36223,1.36242,1.75,4.50
2016.11.16 07:00:36.875,1.36223,1.3624,1.00,1.37
2016.11.16 07:00:37.376,1.36221,1.3624,2.25,1.37
2016.11.16 07:00:37.731,1.36223,1.3624,1.37,1.37
2016.11.16 07:00:38.257,1.36224,1.36241,1.75,1.62
2016.11.16 07:00:39.285,1.36228,1.36245,1.00,1.50
2016.11.16 07:00:39.640,1.36226,1.36244,1.87,1.12
2016.11.16 07:00:40.492,1.36225,1.36242,1.37,1.37
2016.11.16 07:00:40.645,1.36221,1.36241,1.12,2.62
2016.11.16 07:00:41.152,1.36222,1.36238,1.37,1.50
2016.11.16 07:00:42.126,1.36222,1.36237,1.37,1.00
2016.11.16 07:00:42.379,1.3622,1.36237,1.00,1.87
2016.11.16 07:00:42.633,1.36218,1.36235,1.12,1.87
2016.11.16 07:00:42.836,1.36215,1.36233,1.12,1.69
2016.11.16 07:00:42.888,1.36213,1.3623,1.75,1.50
2016.11.16 07:00:43.163,1.36204,1.36222,1.75,1.00
2016.11.16 07:00:43.739,1.36202,1.36223,1.75,1.87
2016.11.16 07:00:44.976,1.36202,1.36221,2.25,2.25
2016.11.16 07:00:45.027,1.36203,1.36221,1.12,2.25
2016.11.16 07:00:45.534,1.36202,1.36221,1.75,3.37
2016.11.16 07:00:45.672,1.36202,1.36221,1.37,3.75
2016.11.16 07:00:47.094,1.36203,1.36221,1.12,1.12
2016.11.16 07:00:47.196,1.36202,1.36221,1.50,4.50
2016.11.16 07:00:47.735,1.36203,1.36221,1.00,1.87
2016.11.16 07:00:49.710,1.36203,1.3622,1.37,1.12
2016.11.16 07:00:50.431,1.36203,1.3622,1.00,1.50
2016.11.16 07:00:54.577,1.36202,1.36218,1.87,1.00
2016.11.16 07:00:54.679,1.36204,1.36221,1.00,2.25
2016.11.16 07:00:57.708,1.36204,1.36219,1.00,1.00
2016.11.16 07:00:57.911,1.36202,1.36219,1.12,1.37
2016.11.16 07:00:58.368,1.362,1.36217,1.00,1.00
2016.11.16 07:00:59.392,1.362,1.36216,1.00,1.00
2016.11.16 07:00:59.559,1.36198,1.36215,1.37,1.37
2016.11.16 07:00:59.863,1.36197,1.36214,1.37,1.12
2016.11.16 07:01:00.167,1.36202,1.36214,1.00,1.12
2016.11.16 07:01:00.270,1.36203,1.36218,2.25,1.12
2016.11.16 07:01:00.321,1.36203,1.36221,2.25,1.37
2016.11.16 07:01:01.315,1.36202,1.36219,1.87,1.50
2016.11.16 07:01:01.367,1.36202,1.36219,1.00,1.87
2016.11.16 07:01:01.536,1.36197,1.36215,1.12,1.50
2016.11.16 07:01:01.637,1.36196,1.36212,1.00,1.00
2016.11.16 07:01:02.143,1.36195,1.36212,1.00,2.25
2016.11.16 07:01:02.928,1.36195,1.36211,1.00,1.00
2016.11.16 07:01:03.049,1.36194,1.36207,1.00,1.00
2016.11.16 07:01:03.371,1.36183,1.36199,3.37,1.00
2016.11.16 07:01:03.422,1.36182,1.36197,1.50,1.00
2016.11.16 07:01:03.524,1.3618,1.36197,1.12,1.50
2016.11.16 07:01:03.931,1.36179,1.36197,1.87,1.12
2016.11.16 07:01:04.236,1.36181,1.36198,1.50,1.50
2016.11.16 07:01:04.960,1.36181,1.36196,1.50,1.00
2016.11.16 07:01:05.162,1.36178,1.36195,1.00,1.37
2016.11.16 07:01:07.151,1.36175,1.36192,1.12,1.00
2016.11.16 07:01:07.253,1.36174,1.36192,1.75,1.00
2016.11.16 07:01:07.354,1.36174,1.36192,1.12,1.00
2016.11.16 07:01:07.709,1.36174,1.3619,1.12,1.00
2016.11.16 07:01:08.013,1.36171,1.3619,1.75,1.75
2016.11.16 07:01:08.469,1.36171,1.36191,1.75,1.50
2016.11.16 07:01:08.672,1.36171,1.36188,1.75,1.00
2016.11.16 07:01:08.846,1.36169,1.36187,1.00,2.25
2016.11.16 07:01:09.353,1.36169,1.36188,1.00,2.25
2016.11.16 07:01:11.175,1.36169,1.36184,1.00,1.00
2016.11.16 07:01:11.481,1.36169,1.36182,1.00,1.00
2016.11.16 07:01:11.786,1.36162,1.36176,1.12,1.00
2016.11.16 07:01:11.837,1.3616,1.36176,2.00,1.00
2016.11.16 07:01:11.990,1.36161,1.36176,1.00,1.00
2016.11.16 07:01:12.908,1.36159,1.3617,1.31,1.00
2016.11.16 07:01:13.080,1.36153,1.36165,1.00,1.00
2016.11.16 07:01:13.181,1.36153,1.36167,1.00,1.00
2016.11.16 07:01:13.283,1.36152,1.36164,1.00,1.00
2016.11.16 07:01:13.486,1.36147,1.36166,1.12,2.00
2016.11.16 07:01:14.183,1.36146,1.36165,1.12,1.87
2016.11.16 07:01:14.725,1.36148,1.36166,1.31,3.00
2016.11.16 07:01:14.850,1.3615,1.36169,1.31,3.37
2016.11.16 07:01:14.901,1.3615,1.3617,1.94,1.87
2016.11.16 07:01:15.154,1.36152,1.36171,1.00,1.12
2016.11.16 07:01:15.661,1.3615,1.3617,1.31,2.25
2016.11.16 07:01:16.169,1.36147,1.36168,1.12,1.87
2016.11.16 07:01:16.475,1.36149,1.36168,1.31,1.87
2016.11.16 07:01:16.998,1.36149,1.36167,2.00,1.00
2016.11.16 07:01:18.147,1.36149,1.36168,2.00,2.62
2016.11.16 07:01:19.047,1.36149,1.36164,1.12,1.87
2016.11.16 07:01:19.099,1.36147,1.36163,1.37,1.37
2016.11.16 07:01:19.251,1.36145,1.36162,1.25,1.37
2016.11.16 07:01:20.557,1.36144,1.36162,1.31,1.50
2016.11.16 07:01:21.674,1.36144,1.36162,1.56,1.87
2016.11.16 07:01:22.967,1.36144,1.36162,1.56,1.50
2016.11.16 07:01:23.293,1.36153,1.36167,1.31,1.12
2016.11.16 07:01:23.547,1.36153,1.3617,1.31,1.00
2016.11.16 07:01:24.290,1.36153,1.36171,1.62,1.50
2016.11.16 07:01:24.644,1.36156,1.36172,1.56,1.75
2016.11.16 07:01:24.897,1.3616,1.36178,1.31,1.87
2016.11.16 07:01:25.151,1.36161,1.36179,1.00,1.12
2016.11.16 07:01:25.202,1.36163,1.36178,1.00,1.37
2016.11.16 07:01:25.405,1.36163,1.36183,3.37,1.12
2016.11.16 07:01:25.456,1.36163,1.36183,2.62,1.14
2016.11.16 07:01:25.507,1.36162,1.36182,1.87,1.01
2016.11.16 07:01:25.660,1.36162,1.36182,1.00,2.26
2016.11.16 07:01:26.174,1.36161,1.36178,1.00,1.00
2016.11.16 07:01:26.478,1.36167,1.36182,1.00,1.87
2016.11.16 07:01:26.681,1.36163,1.36183,2.62,1.00
2016.11.16 07:01:26.884,1.36163,1.36183,1.87,1.12
2016.11.16 07:01:27.138,1.36162,1.36182,1.25,2.25
2016.11.16 07:01:28.124,1.36163,1.36182,1.12,1.87
2016.11.16 07:01:28.269,1.36164,1.36182,1.12,1.00
2016.11.16 07:01:28.423,1.36163,1.36185,3.37,1.14
2016.11.16 07:01:28.525,1.36164,1.36184,1.37,1.39
2016.11.16 07:01:29.031,1.36164,1.36184,1.37,1.39
2016.11.16 07:01:29.564,1.36164,1.36184,1.37,1.39
2016.11.16 07:01:30.794,1.36164,1.36183,1.00,1.00
2016.11.16 07:01:30.895,1.36164,1.36184,1.12,1.89
2016.11.16 07:01:32.881,1.36164,1.36183,1.12,1.75
2016.11.16 07:01:32.984,1.3616,1.36179,1.75,1.37
2016.11.16 07:01:33.109,1.36161,1.36183,1.75,1.12
2016.11.16 07:01:33.212,1.36163,1.36185,1.00,1.75
2016.11.16 07:01:33.313,1.36163,1.36184,1.12,1.37
2016.11.16 07:01:33.625,1.36162,1.36183,1.12,1.12
2016.11.16 07:01:34.156,1.36163,1.36184,1.12,1.87
2016.11.16 07:01:34.309,1.36161,1.36184,1.75,1.75
2016.11.16 07:01:35.475,1.36161,1.3618,1.75,1.00
2016.11.16 07:01:35.526,1.36163,1.36177,1.12,1.00
2016.11.16 07:01:35.628,1.36161,1.36179,1.12,1.50
2016.11.16 07:01:35.729,1.36161,1.36179,1.12,1.75
2016.11.16 07:01:36.521,1.36163,1.36182,1.62,3.37
2016.11.16 07:01:37.030,1.36163,1.3618,1.31,1.00
2016.11.16 07:01:38.102,1.36163,1.36181,1.75,1.75
2016.11.16 07:01:38.610,1.36162,1.36179,1.12,1.00
2016.11.16 07:01:38.914,1.36162,1.3618,1.12,2.25
2016.11.16 07:01:39.016,1.3616,1.3618,2.00,2.25
2016.11.16 07:01:42.597,1.3616,1.36179,1.75,1.50
2016.11.16 07:01:45.176,1.3616,1.36178,1.69,1.12
2016.11.16 07:01:45.339,1.36159,1.36177,1.56,1.37
2016.11.16 07:01:45.846,1.36157,1.36176,2.06,1.50
2016.11.16 07:01:46.150,1.36152,1.3617,2.06,1.50
2016.11.16 07:01:46.676,1.36152,1.3617,2.06,1.87
2016.11.16 07:01:47.214,1.36152,1.36168,1.50,1.00
2016.11.16 07:01:51.146,1.36153,1.3617,1.25,1.87
2016.11.16 07:01:51.450,1.36153,1.36171,1.62,1.37
2016.11.16 07:01:51.704,1.36158,1.36175,1.62,1.50
2016.11.16 07:01:54.667,1.36157,1.36173,1.75,1.00
2016.11.16 07:01:54.768,1.36157,1.36172,1.00,1.75
2016.11.16 07:01:54.871,1.36155,1.36171,1.00,1.75
2016.11.16 07:01:55.076,1.36155,1.36173,1.31,1.75
2016.11.16 07:01:55.228,1.36154,1.36172,1.69,1.75
2016.11.16 07:01:55.279,1.36154,1.36172,2.81,1.12
2016.11.16 07:01:56.068,1.36155,1.36172,2.06,1.00
2016.11.16 07:01:57.949,1.36156,1.36172,1.25,1.00
2016.11.16 07:01:58.771,1.36155,1.36172,1.00,1.00
2016.11.16 07:01:59.373,1.36155,1.36173,1.50,1.12
2016.11.16 07:01:59.923,1.36156,1.36173,1.12,1.00
2016.11.16 07:02:00.420,1.36155,1.36171,1.75,1.00
2016.11.16 07:02:00.624,1.36153,1.3617,2.25,1.50
2016.11.16 07:02:00.675,1.36153,1.36171,2.25,1.37
2016.11.16 07:02:00.726,1.36155,1.36172,1.50,1.12
2016.11.16 07:02:00.879,1.36155,1.36172,4.69,1.00
2016.11.16 07:02:02.000,1.36153,1.36172,4.69,1.00
2016.11.16 07:02:02.102,1.36155,1.36172,1.12,1.50
2016.11.16 07:02:02.204,1.36155,1.36172,1.31,1.00
2016.11.16 07:02:02.458,1.36155,1.36172,1.25,1.37
2016.11.16 07:02:03.839,1.36154,1.36172,1.31,1.50
2016.11.16 07:02:04.724,1.36155,1.36172,1.25,1.50
2016.11.16 07:02:07.174,1.36154,1.36172,2.06,1.50
2016.11.16 07:02:07.720,1.36157,1.36174,1.37,1.37
2016.11.16 07:02:08.222,1.36156,1.36174,1.31,1.87
2016.11.16 07:02:08.374,1.36155,1.36173,1.69,1.75
2016.11.16 07:02:08.425,1.36155,1.36169,1.12,1.00
2016.11.16 07:02:08.728,1.36147,1.36164,2.25,1.62
2016.11.16 07:02:09.578,1.36147,1.36164,1.37,1.25
2016.11.16 07:02:12.371,1.36147,1.36166,1.87,1.37
2016.11.16 07:02:12.423,1.36147,1.36165,1.37,1.00
2016.11.16 07:02:12.474,1.36148,1.36166,1.37,1.37
2016.11.16 07:02:12.676,1.36151,1.36168,1.00,1.69
2016.11.16 07:02:13.621,1.36153,1.36169,1.00,1.31
2016.11.16 07:02:14.123,1.36153,1.3617,1.00,2.06
2016.11.16 07:02:15.174,1.36153,1.36169,1.00,1.25
2016.11.16 07:02:20.856,1.36157,1.36172,1.00,1.75
2016.11.16 07:02:21.059,1.3616,1.36177,1.87,1.12
2016.11.16 07:02:21.110,1.3616,1.36178,1.87,1.12
2016.11.16 07:02:21.364,1.36164,1.36181,1.75,1.62
2016.11.16 07:02:21.769,1.36168,1.36185,1.00,2.62
2016.11.16 07:02:22.427,1.36164,1.36181,2.62,1.00
2016.11.16 07:02:22.528,1.36163,1.36181,1.12,1.41
2016.11.16 07:02:22.579,1.3616,1.36179,3.37,1.00
2016.11.16 07:02:23.081,1.3616,1.36179,1.75,1.37
2016.11.16 07:02:23.776,1.3616,1.36179,1.37,1.87
2016.11.16 07:02:23.827,1.3616,1.36179,1.12,1.87
2016.11.16 07:02:25.354,1.36161,1.36179,1.00,1.41
2016.11.16 07:02:25.405,1.36161,1.36179,1.75,1.41
2016.11.16 07:02:25.710,1.36158,1.36176,1.12,1.69
2016.11.16 07:02:25.761,1.36157,1.36173,1.50,1.00
2016.11.16 07:02:26.065,1.36154,1.36172,1.31,1.87
2016.11.16 07:02:27.354,1.36152,1.36169,1.50,1.50
2016.11.16 07:02:30.128,1.36152,1.3617,1.62,1.12
2016.11.16 07:02:30.675,1.36152,1.36171,2.00,1.12
2016.11.16 07:02:31.243,1.36153,1.36172,1.87,2.25
2016.11.16 07:02:32.274,1.36155,1.36172,1.12,1.37
2016.11.16 07:02:32.579,1.36157,1.36174,1.37,1.00
2016.11.16 07:02:33.145,1.36157,1.36174,1.12,1.12
2016.11.16 07:02:34.205,1.36159,1.36173,1.00,1.37
2016.11.16 07:02:34.458,1.36164,1.36182,1.75,1.50
2016.11.16 07:02:37.775,1.36163,1.36179,1.12,1.04
2016.11.16 07:02:37.877,1.36161,1.36179,1.12,1.41
2016.11.16 07:02:38.030,1.36161,1.36179,1.00,2.91
2016.11.16 07:02:38.338,1.36174,1.3618,1.00,1.00
2016.11.16 07:02:38.440,1.36185,1.36192,1.00,1.00
2016.11.16 07:02:38.492,1.36187,1.36192,1.00,1.00
2016.11.16 07:02:38.543,1.36187,1.36199,1.00,1.12
2016.11.16 07:02:38.746,1.36188,1.36202,1.12,1.00
2016.11.16 07:02:38.949,1.36186,1.36202,1.00,1.12
2016.11.16 07:02:39.051,1.36191,1.36202,1.00,1.00
2016.11.16 07:02:39.231,1.36191,1.36207,1.00,1.12
2016.11.16 07:02:39.295,1.36189,1.36206,1.50,1.12
2016.11.16 07:02:39.447,1.36185,1.36203,1.51,1.87
2016.11.16 07:02:39.499,1.36185,1.36203,1.00,1.87
2016.11.16 07:02:39.549,1.36184,1.36203,1.00,4.87
2016.11.16 07:02:40.069,1.36185,1.36201,1.00,1.12
2016.11.16 07:02:40.475,1.36183,1.36201,1.51,1.12
2016.11.16 07:02:41.160,1.36183,1.362,1.00,1.37
2016.11.16 07:02:41.262,1.36181,1.36197,1.37,1.00
2016.11.16 07:02:41.567,1.36179,1.36194,1.02,1.00
2016.11.16 07:02:41.719,1.3618,1.36196,1.00,1.50
2016.11.16 07:02:41.770,1.36182,1.36196,1.00,2.25
2016.11.16 07:02:42.074,1.36182,1.36196,1.00,1.87
2016.11.16 07:02:42.176,1.3618,1.36196,1.00,1.87
2016.11.16 07:02:42.229,1.36182,1.36196,1.00,1.12
2016.11.16 07:02:42.381,1.36183,1.36198,1.00,1.87
2016.11.16 07:02:43.025,1.36181,1.36198,1.00,1.87
2016.11.16 07:02:43.279,1.3618,1.36196,1.01,1.75
2016.11.16 07:02:43.583,1.3618,1.36197,1.01,1.75
2016.11.16 07:02:44.329,1.36184,1.36198,1.00,1.12
2016.11.16 07:02:44.583,1.36187,1.36201,1.00,1.00
2016.11.16 07:02:46.451,1.36188,1.36203,1.00,1.75
2016.11.16 07:02:46.552,1.36188,1.36203,1.00,1.00
2016.11.16 07:02:46.875,1.36186,1.36203,1.50,1.00
2016.11.16 07:02:47.426,1.36186,1.36203,1.12,1.37
2016.11.16 07:02:48.935,1.36183,1.36201,1.75,1.00
2016.11.16 07:02:49.087,1.36183,1.36202,1.87,2.62
2016.11.16 07:02:49.390,1.36185,1.362,1.00,1.00
2016.11.16 07:02:49.696,1.36185,1.36203,1.12,1.12
2016.11.16 07:02:49.798,1.36186,1.36203,1.50,1.12
2016.11.16 07:02:50.146,1.36184,1.362,1.37,1.00
2016.11.16 07:02:50.500,1.36185,1.36203,1.50,2.25
2016.11.16 07:02:50.956,1.36184,1.36202,1.50,1.37
2016.11.16 07:02:51.529,1.36185,1.36202,1.00,1.37
2016.11.16 07:02:51.580,1.36188,1.36202,1.00,1.87
2016.11.16 07:02:51.805,1.36189,1.36206,1.50,1.12
2016.11.16 07:02:52.008,1.36188,1.36206,1.12,2.06
2016.11.16 07:02:52.312,1.36186,1.36204,1.50,1.12
2016.11.16 07:02:53.189,1.36188,1.36206,1.00,4.12
2016.11.16 07:02:53.717,1.36187,1.36206,1.87,3.75
2016.11.16 07:02:54.223,1.36183,1.36203,3.37,1.50
2016.11.16 07:02:54.274,1.36183,1.36202,1.87,1.62
2016.11.16 07:02:54.579,1.36183,1.362,1.75,1.00
2016.11.16 07:02:56.475,1.36184,1.362,1.12,1.37
2016.11.16 07:02:56.678,1.36182,1.36199,1.50,1.50
2016.11.16 07:02:57.399,1.36182,1.362,1.50,2.62
2016.11.16 07:02:57.923,1.36182,1.36199,1.75,1.00
2016.11.16 07:02:58.075,1.36182,1.36199,1.00,1.00
2016.11.16 07:02:58.126,1.36182,1.36199,1.37,1.00
2016.11.16 07:02:58.480,1.36184,1.36202,1.87,1.12
2016.11.16 07:02:59.078,1.36184,1.36201,1.12,1.12
2016.11.16 07:03:00.039,1.36182,1.36199,1.50,1.00
2016.11.16 07:03:00.580,1.36181,1.36198,1.12,1.50
2016.11.16 07:03:00.682,1.36182,1.36198,1.00,2.25
2016.11.16 07:03:00.885,1.36179,1.36195,1.37,1.00
2016.11.16 07:03:01.788,1.36179,1.36195,1.00,1.37
2016.11.16 07:03:02.781,1.36179,1.36196,1.37,1.75
2016.11.16 07:03:02.882,1.36179,1.36196,1.12,1.37
2016.11.16 07:03:03.199,1.3618,1.36196,1.00,1.37
2016.11.16 07:03:04.865,1.36181,1.36197,1.00,1.50
2016.11.16 07:03:05.017,1.36181,1.36198,1.75,1.12
2016.11.16 07:03:05.527,1.36183,1.36199,1.00,2.00
2016.11.16 07:03:09.029,1.36179,1.36198,2.62,2.44
2016.11.16 07:03:09.536,1.36179,1.36198,2.25,2.81
2016.11.16 07:03:10.029,1.36179,1.36195,1.00,1.25
2016.11.16 07:03:10.724,1.36179,1.36196,1.00,2.06
2016.11.16 07:03:10.949,1.36178,1.36192,2.25,1.00
2016.11.16 07:03:11.203,1.36171,1.36189,1.75,1.94
2016.11.16 07:03:11.305,1.36171,1.36188,1.12,1.56
2016.11.16 07:03:12.613,1.36171,1.36188,1.12,1.00
2016.11.16 07:03:13.128,1.36169,1.36187,1.87,1.69
2016.11.16 07:03:13.314,1.36167,1.36183,1.00,1.00
2016.11.16 07:03:13.517,1.36166,1.36183,1.50,2.44
2016.11.16 07:03:15.336,1.36164,1.36181,1.50,1.56
2016.11.16 07:03:15.880,1.36164,1.36181,1.12,1.56
2016.11.16 07:03:16.635,1.36166,1.36182,1.87,1.37
2016.11.16 07:03:16.940,1.36169,1.36184,1.50,1.00
2016.11.16 07:03:18.047,1.36171,1.36185,1.87,1.12
2016.11.16 07:03:18.250,1.36173,1.36189,1.37,1.00
2016.11.16 07:03:22.645,1.36173,1.36191,1.50,1.12
2016.11.16 07:03:23.427,1.36176,1.36193,1.00,1.87
2016.11.16 07:03:23.949,1.36176,1.36193,1.12,1.56
2016.11.16 07:03:28.182,1.36174,1.36193,1.12,3.01
2016.11.16 07:03:32.345,1.36175,1.36193,1.00,1.37
2016.11.16 07:03:32.548,1.36175,1.36194,1.12,1.77
2016.11.16 07:03:34.054,1.36175,1.36191,1.37,1.00
2016.11.16 07:03:34.358,1.36169,1.36185,1.12,1.00
2016.11.16 07:03:34.561,1.36168,1.36185,1.00,1.87
2016.11.16 07:03:35.109,1.36166,1.36184,1.37,1.87
2016.11.16 07:03:35.782,1.36164,1.36182,1.75,1.37
2016.11.16 07:03:36.174,1.36164,1.36182,1.37,1.76
2016.11.16 07:03:36.377,1.36166,1.36184,1.00,1.14
2016.11.16 07:03:36.630,1.36168,1.36185,1.12,1.39
2016.11.16 07:03:36.953,1.3617,1.36187,1.00,1.51
2016.11.16 07:03:37.378,1.36167,1.36186,1.37,1.89
2016.11.16 07:03:38.401,1.36166,1.36184,1.87,1.01
2016.11.16 07:03:38.952,1.36165,1.36183,1.37,1.77
2016.11.16 07:03:39.984,1.36164,1.36182,1.12,2.64
2016.11.16 07:03:40.137,1.36163,1.36179,1.00,1.00
2016.11.16 07:03:40.771,1.36161,1.36179,1.50,1.00
2016.11.16 07:03:41.024,1.36163,1.36179,1.37,1.00
2016.11.16 07:03:41.277,1.36169,1.36186,1.50,1.50
2016.11.16 07:03:41.479,1.3617,1.36188,1.37,1.50
2016.11.16 07:03:41.806,1.36168,1.36185,2.44,1.00
2016.11.16 07:03:42.160,1.3617,1.36189,3.19,1.37
2016.11.16 07:03:42.211,1.36174,1.36189,1.50,1.00
2016.11.16 07:03:42.262,1.36177,1.36193,1.31,3.00
2016.11.16 07:03:42.438,1.36181,1.36199,1.37,1.00
2016.11.16 07:03:42.973,1.3618,1.362,1.12,1.12
2016.11.16 07:03:43.329,1.36184,1.36201,1.37,1.12
2016.11.16 07:03:43.380,1.36184,1.36201,1.87,1.37
2016.11.16 07:03:43.482,1.36187,1.36203,1.12,1.00
2016.11.16 07:03:43.584,1.36187,1.36205,1.87,1.37
2016.11.16 07:03:44.183,1.36187,1.36205,1.75,1.12
2016.11.16 07:03:44.437,1.36187,1.36205,1.75,1.50
2016.11.16 07:03:44.892,1.36186,1.36204,1.12,1.50
2016.11.16 07:03:46.001,1.36186,1.36204,1.12,1.87
2016.11.16 07:03:46.550,1.36189,1.36206,1.37,4.12
2016.11.16 07:03:46.651,1.36189,1.36207,1.75,1.37
2016.11.16 07:03:47.159,1.36192,1.36209,1.00,2.62
2016.11.16 07:03:47.412,1.3619,1.36208,1.50,1.75
2016.11.16 07:03:50.177,1.36192,1.36208,1.00,1.75
2016.11.16 07:03:50.379,1.36194,1.36211,1.12,2.14
2016.11.16 07:03:50.698,1.36194,1.36212,1.87,2.14
2016.11.16 07:03:51.016,1.36192,1.3621,1.37,1.37
2016.11.16 07:03:51.118,1.36192,1.3621,1.37,1.75
2016.11.16 07:03:51.624,1.36193,1.36212,1.87,1.09
2016.11.16 07:03:51.725,1.36194,1.36212,1.50,1.34
2016.11.16 07:03:52.239,1.36194,1.36212,1.75,1.34
2016.11.16 07:03:53.086,1.36194,1.36212,2.06,1.39
2016.11.16 07:03:53.390,1.36193,1.36211,3.75,1.00
2016.11.16 07:03:53.491,1.36192,1.3621,1.37,2.25
2016.11.16 07:03:53.542,1.3619,1.3621,2.81,3.00
2016.11.16 07:03:53.593,1.36189,1.3621,1.50,4.50
2016.11.16 07:03:53.796,1.36187,1.36206,1.50,1.12
2016.11.16 07:03:53.847,1.36186,1.36206,2.14,2.25
2016.11.16 07:03:54.184,1.36186,1.36205,1.39,4.12
2016.11.16 07:03:54.713,1.36186,1.36205,1.65,4.12
2016.11.16 07:03:55.225,1.36188,1.36208,1.62,1.50
2016.11.16 07:03:56.199,1.36188,1.36206,1.12,2.25
2016.11.16 07:03:58.404,1.36189,1.36207,1.50,1.12
2016.11.16 07:03:58.506,1.36188,1.36207,2.81,1.75
2016.11.16 07:03:59.012,1.36189,1.36208,1.37,1.75
2016.11.16 07:04:00.384,1.3619,1.36208,1.37,1.75
2016.11.16 07:04:00.900,1.3619,1.36209,1.37,2.25
2016.11.16 07:04:01.227,1.36193,1.3621,1.00,3.37
2016.11.16 07:04:01.328,1.36192,1.36212,2.25,1.12
2016.11.16 07:04:01.430,1.36195,1.36212,1.00,1.00
2016.11.16 07:04:02.827,1.36192,1.36212,1.75,1.50
2016.11.16 07:04:03.479,1.36191,1.36208,2.25,1.00
2016.11.16 07:04:03.682,1.36188,1.36205,1.12,1.00
2016.11.16 07:04:03.834,1.36187,1.36205,1.31,1.87
2016.11.16 07:04:04.340,1.36188,1.36205,1.25,1.50
2016.11.16 07:04:04.644,1.36187,1.36206,2.06,1.50
2016.11.16 07:04:04.935,1.36186,1.36203,1.12,1.00
2016.11.16 07:04:05.341,1.36186,1.36202,1.00,1.87
2016.11.16 07:04:07.357,1.36184,1.36201,1.75,1.00
2016.11.16 07:04:07.883,1.36186,1.36203,1.25,1.87
2016.11.16 07:04:08.406,1.36185,1.36202,1.37,1.50
2016.11.16 07:04:09.552,1.36186,1.36202,1.00,1.00
2016.11.16 07:04:09.855,1.36187,1.36204,1.62,1.75
2016.11.16 07:04:10.609,1.36187,1.36205,1.31,3.37
2016.11.16 07:04:10.862,1.36189,1.36205,1.25,1.50
2016.11.16 07:04:12.068,1.36188,1.36205,1.94,1.50
2016.11.16 07:04:12.756,1.36191,1.36207,1.00,1.12
2016.11.16 07:04:12.807,1.36195,1.36208,1.25,3.75
2016.11.16 07:04:12.858,1.36195,1.3621,2.81,1.12
2016.11.16 07:04:12.910,1.36198,1.36211,1.31,2.62
2016.11.16 07:04:13.036,1.362,1.36217,1.94,1.12
2016.11.16 07:04:13.189,1.36202,1.3622,1.25,1.75
2016.11.16 07:04:13.392,1.36202,1.3622,1.31,1.87
2016.11.16 07:04:13.905,1.36202,1.3622,1.69,1.87
2016.11.16 07:04:14.275,1.36202,1.36217,1.25,1.00
2016.11.16 07:04:15.368,1.362,1.36219,2.06,1.87
2016.11.16 07:04:16.877,1.36202,1.3622,2.06,1.00
2016.11.16 07:04:17.181,1.36204,1.36219,1.00,1.37
2016.11.16 07:04:17.586,1.36204,1.36221,1.12,1.87
2016.11.16 07:04:18.297,1.36204,1.36221,1.69,1.87
2016.11.16 07:04:19.328,1.36204,1.3622,1.56,1.69
2016.11.16 07:04:19.875,1.36203,1.3622,1.69,1.00
2016.11.16 07:04:19.977,1.36205,1.36222,1.37,1.12
2016.11.16 07:04:20.742,1.36205,1.36222,1.62,2.62
2016.11.16 07:04:23.690,1.36203,1.36221,1.75,1.12
2016.11.16 07:04:24.589,1.36203,1.3622,1.69,1.37
2016.11.16 07:04:25.118,1.36203,1.3622,1.31,1.37
2016.11.16 07:04:26.470,1.36201,1.36219,2.44,1.12
2016.11.16 07:04:26.927,1.36205,1.36219,1.31,1.37
2016.11.16 07:04:27.028,1.36206,1.36223,2.00,1.87
2016.11.16 07:04:27.306,1.36206,1.36222,1.25,3.00
2016.11.16 07:04:27.829,1.36205,1.36222,1.12,2.25
2016.11.16 07:04:35.023,1.36205,1.36222,1.69,2.25
2016.11.16 07:04:35.327,1.36209,1.36224,1.00,1.37
2016.11.16 07:04:35.873,1.36209,1.36226,1.37,1.12
2016.11.16 07:04:36.312,1.36208,1.36225,3.56,1.50
2016.11.16 07:04:36.486,1.36212,1.36227,1.31,1.00
2016.11.16 07:04:37.319,1.36212,1.36228,1.31,1.12
2016.11.16 07:04:37.822,1.36211,1.36228,1.87,1.12
2016.11.16 07:04:38.372,1.36211,1.36227,1.87,1.00
2016.11.16 07:04:39.204,1.36211,1.36229,1.12,1.37
2016.11.16 07:04:39.711,1.36212,1.36231,1.04,2.06
2016.11.16 07:04:39.914,1.36214,1.36231,1.12,1.00
2016.11.16 07:04:42.281,1.36215,1.36232,1.00,1.00
2016.11.16 07:04:42.382,1.36214,1.36233,1.12,5.25
2016.11.16 07:04:43.409,1.36214,1.36231,1.12,1.50
2016.11.16 07:04:44.611,1.36213,1.36229,1.00,1.00
2016.11.16 07:04:45.173,1.36213,1.36231,1.00,2.25
2016.11.16 07:04:50.310,1.36213,1.36232,1.75,2.25
2016.11.16 07:04:50.412,1.36213,1.36231,1.50,1.00
2016.11.16 07:04:51.140,1.36213,1.36232,2.25,2.26
2016.11.16 07:04:51.950,1.36213,1.36232,1.37,1.51
2016.11.16 07:04:52.479,1.36212,1.3623,1.75,1.50
2016.11.16 07:04:52.986,1.36215,1.3623,1.00,1.00
2016.11.16 07:04:53.189,1.36216,1.36234,1.50,1.50
2016.11.16 07:04:54.618,1.36218,1.36234,1.00,1.50
2016.11.16 07:04:55.124,1.36215,1.36234,3.37,1.51
2016.11.16 07:04:55.277,1.36215,1.36234,1.37,2.45
2016.11.16 07:04:55.329,1.36215,1.36234,1.12,5.64
2016.11.16 07:04:55.946,1.36214,1.36231,1.37,2.25
2016.11.16 07:04:56.148,1.36212,1.3623,1.12,1.75
2016.11.16 07:04:56.522,1.36212,1.36229,1.00,1.75
2016.11.16 07:04:57.627,1.36212,1.36222,1.00,1.00
2016.11.16 07:04:57.779,1.36206,1.3622,1.37,1.12
2016.11.16 07:04:57.830,1.36204,1.3622,1.37,1.50
2016.11.16 07:04:57.881,1.36203,1.36222,1.87,4.89
2016.11.16 07:04:58.802,1.36205,1.36221,1.37,2.62
2016.11.16 07:04:58.903,1.36205,1.36224,1.50,1.87
2016.11.16 07:04:59.915,1.36206,1.36225,1.50,1.75
2016.11.16 07:05:00.321,1.36207,1.36225,1.37,1.12
2016.11.16 07:05:00.641,1.36211,1.36224,1.00,1.01
2016.11.16 07:05:00.844,1.36202,1.36219,1.62,1.14
2016.11.16 07:05:00.947,1.36203,1.36218,1.00,1.37
2016.11.16 07:05:01.252,1.36206,1.36224,1.75,1.69
2016.11.16 07:05:01.354,1.36205,1.36224,1.75,2.06
2016.11.16 07:05:01.457,1.36204,1.36224,3.37,1.69
2016.11.16 07:05:01.508,1.36206,1.36224,1.00,2.06
2016.11.16 07:05:01.610,1.36208,1.36226,1.50,1.37
2016.11.16 07:05:01.661,1.36208,1.36227,1.87,2.06
2016.11.16 07:05:01.712,1.3621,1.36227,1.00,2.06
2016.11.16 07:05:01.763,1.3621,1.36226,1.00,1.37
2016.11.16 07:05:01.814,1.36208,1.36226,1.00,2.62
2016.11.16 07:05:01.865,1.36208,1.36225,1.00,2.25
2016.11.16 07:05:02.184,1.3621,1.36225,1.37,3.00
2016.11.16 07:05:02.235,1.3621,1.36228,1.75,1.12
2016.11.16 07:05:02.541,1.36208,1.36225,1.37,1.69
2016.11.16 07:05:02.643,1.36206,1.36224,1.37,1.12
2016.11.16 07:05:02.947,1.36205,1.36223,1.00,1.75
2016.11.16 07:05:03.301,1.36205,1.36224,1.87,4.31
2016.11.16 07:05:03.352,1.36207,1.36224,1.00,2.00
2016.11.16 07:05:03.859,1.36206,1.36224,1.37,2.06
2016.11.16 07:05:04.260,1.36206,1.36211,1.12,1.00
2016.11.16 07:05:04.312,1.36206,1.36212,1.00,1.12
2016.11.16 07:05:04.363,1.36203,1.36209,1.50,1.00
2016.11.16 07:05:04.414,1.362,1.36209,2.25,1.00
2016.11.16 07:05:04.465,1.36194,1.36207,1.00,1.00
2016.11.16 07:05:04.567,1.3619,1.36207,1.87,1.00
2016.11.16 07:05:04.668,1.36189,1.36207,1.75,1.75
2016.11.16 07:05:05.174,1.36188,1.36208,1.77,4.50
2016.11.16 07:05:08.359,1.36191,1.36208,1.00,1.37
2016.11.16 07:05:09.332,1.36188,1.36207,1.87,1.31
2016.11.16 07:05:09.383,1.36188,1.36206,1.50,2.06
2016.11.16 07:05:09.434,1.36188,1.36206,1.12,2.81
2016.11.16 07:05:09.535,1.36188,1.36205,1.00,1.56
2016.11.16 07:05:09.637,1.36186,1.36204,1.50,2.06
2016.11.16 07:05:09.890,1.36184,1.36204,1.12,3.94
2016.11.16 07:05:09.941,1.36184,1.36204,1.75,2.06
2016.11.16 07:05:10.678,1.36184,1.36203,1.75,2.44
2016.11.16 07:05:10.729,1.36184,1.36203,1.00,2.44
2016.11.16 07:05:11.424,1.36185,1.36203,1.00,2.00
2016.11.16 07:05:12.274,1.36184,1.36203,1.00,2.00
2016.11.16 07:05:12.324,1.36186,1.36204,1.00,1.94
2016.11.16 07:05:12.375,1.36186,1.36204,1.12,1.69
2016.11.16 07:05:13.936,1.36188,1.36204,1.00,1.31
2016.11.16 07:05:14.442,1.36188,1.36206,1.37,1.31
2016.11.16 07:05:16.381,1.36188,1.36206,1.50,1.56
2016.11.16 07:05:16.541,1.36189,1.36206,1.37,1.00
2016.11.16 07:05:16.643,1.36189,1.36208,3.37,1.56
2016.11.16 07:05:16.744,1.36191,1.36208,1.00,1.69
2016.11.16 07:05:17.762,1.36191,1.36208,1.00,1.69
2016.11.16 07:05:19.470,1.36192,1.36208,1.00,1.00
2016.11.16 07:05:19.572,1.36192,1.36211,2.26,1.12
2016.11.16 07:05:19.675,1.36193,1.36211,1.14,1.00
2016.11.16 07:05:20.774,1.36195,1.36214,1.50,1.39
2016.11.16 07:05:21.181,1.36198,1.36215,1.00,2.62
2016.11.16 07:05:21.283,1.36199,1.36217,1.00,1.14
2016.11.16 07:05:21.536,1.362,1.36219,1.50,1.76
2016.11.16 07:05:22.042,1.36201,1.36219,1.75,1.75
2016.11.16 07:05:22.589,1.36201,1.36218,1.75,1.12
2016.11.16 07:05:23.127,1.36201,1.36219,1.75,1.00
2016.11.16 07:05:29.355,1.362,1.36219,4.12,1.87
2016.11.16 07:05:29.406,1.362,1.36218,1.50,1.37
2016.11.16 07:05:29.718,1.36203,1.36221,1.00,1.89
2016.11.16 07:05:30.273,1.36203,1.36221,1.00,1.12
2016.11.16 07:05:30.779,1.36203,1.36221,1.00,1.14
2016.11.16 07:05:32.060,1.36203,1.3622,1.00,1.01
2016.11.16 07:05:32.112,1.36197,1.36215,1.87,1.12
2016.11.16 07:05:32.214,1.36196,1.36215,1.12,1.37
2016.11.16 07:05:32.316,1.36196,1.36214,1.37,1.50
2016.11.16 07:05:32.829,1.36196,1.36214,1.37,1.75
2016.11.16 07:05:34.174,1.36195,1.36213,2.25,1.75
2016.11.16 07:05:37.120,1.36197,1.36213,1.12,1.37
2016.11.16 07:05:37.223,1.36197,1.36213,1.50,1.00
2016.11.16 07:05:40.995,1.36196,1.36213,1.25,1.00
2016.11.16 07:05:41.743,1.36196,1.36213,1.25,1.37
2016.11.16 07:05:41.844,1.36195,1.3621,2.06,1.00
2016.11.16 07:05:41.996,1.36191,1.36208,1.50,1.12
2016.11.16 07:05:42.523,1.36191,1.36208,1.00,1.12
2016.11.16 07:05:43.067,1.3619,1.36207,1.12,1.00
2016.11.16 07:05:43.623,1.3619,1.36208,1.37,1.00
2016.11.16 07:05:47.175,1.3619,1.36208,1.62,2.62
2016.11.16 07:05:47.708,1.36189,1.36206,1.69,1.50
2016.11.16 07:05:51.406,1.36187,1.36204,2.06,1.00
2016.11.16 07:05:51.925,1.36188,1.36205,1.19,1.12
2016.11.16 07:05:53.320,1.36189,1.36206,1.94,1.12
2016.11.16 07:05:53.422,1.36189,1.36206,1.94,1.00
2016.11.16 07:05:55.421,1.36189,1.36206,1.75,2.06
2016.11.16 07:05:57.211,1.36189,1.36206,1.75,2.06
2016.11.16 07:05:58.315,1.36191,1.36206,1.00,2.06
2016.11.16 07:05:58.858,1.36191,1.36206,1.00,1.50
2016.11.16 07:06:01.609,1.36191,1.36206,1.00,1.31
2016.11.16 07:06:01.711,1.36186,1.36205,2.62,1.31
2016.11.16 07:06:02.790,1.36186,1.36206,1.87,1.89
2016.11.16 07:06:04.210,1.36188,1.36206,1.00,1.87
2016.11.16 07:06:06.736,1.36189,1.36205,1.00,1.00
2016.11.16 07:06:06.837,1.36189,1.36206,1.37,1.87
2016.11.16 07:06:09.228,1.36188,1.36206,1.12,2.25
2016.11.16 07:06:10.951,1.36188,1.36205,1.00,1.50
2016.11.16 07:06:14.277,1.36186,1.36205,1.87,1.87
2016.11.16 07:06:23.058,1.36188,1.36206,1.00,1.75
2016.11.16 07:06:23.211,1.36189,1.36207,1.62,1.87
2016.11.16 07:06:24.818,1.36188,1.36204,1.12,1.00
2016.11.16 07:06:25.421,1.36187,1.36204,1.75,1.12
2016.11.16 07:06:31.070,1.36186,1.36204,1.50,2.25
2016.11.16 07:06:31.172,1.36185,1.36202,1.37,2.25
2016.11.16 07:06:31.274,1.36184,1.36201,1.14,1.12
2016.11.16 07:06:33.049,1.36184,1.362,1.02,1.87
2016.11.16 07:06:38.511,1.36183,1.362,1.39,1.87
2016.11.16 07:06:49.469,1.36183,1.36201,1.25,3.00
2016.11.16 07:06:54.030,1.36183,1.36201,1.62,2.25
2016.11.16 07:06:55.715,1.36182,1.36199,1.87,1.12
2016.11.16 07:06:55.816,1.36182,1.36199,1.87,1.00
2016.11.16 07:07:00.946,1.36184,1.362,1.87,1.12
2016.11.16 07:07:01.550,1.36184,1.362,1.00,1.00
2016.11.16 07:07:02.107,1.36182,1.362,1.12,1.75
2016.11.16 07:07:02.260,1.36182,1.36198,1.12,1.12
2016.11.16 07:07:04.611,1.36179,1.36196,2.16,1.00
2016.11.16 07:07:04.814,1.36175,1.36193,1.12,1.37
2016.11.16 07:07:05.117,1.36178,1.36194,1.12,1.25
2016.11.16 07:07:05.255,1.3618,1.36197,1.00,1.31
2016.11.16 07:07:05.357,1.3618,1.36198,2.25,1.69
2016.11.16 07:07:05.458,1.36181,1.36199,1.87,1.56
2016.11.16 07:07:05.965,1.36183,1.36201,1.50,2.81
2016.11.16 07:07:06.472,1.36182,1.36198,1.12,1.62
2016.11.16 07:07:07.018,1.36182,1.36198,1.00,1.69
2016.11.16 07:07:10.078,1.3618,1.36198,1.12,1.69
2016.11.16 07:07:14.294,1.36182,1.36198,1.00,1.37
2016.11.16 07:07:26.587,1.3618,1.36198,1.50,1.87
2016.11.16 07:07:35.779,1.3618,1.36196,1.50,1.37
2016.11.16 07:07:36.369,1.3618,1.36195,1.12,1.00
2016.11.16 07:07:45.472,1.36179,1.36195,1.75,1.00
2016.11.16 07:07:45.776,1.36179,1.36195,1.12,1.50
2016.11.16 07:07:45.877,1.36178,1.36195,1.12,2.25
2016.11.16 07:07:46.115,1.36176,1.36194,1.00,3.00
2016.11.16 07:07:48.042,1.36175,1.36192,1.00,1.37
2016.11.16 07:07:49.847,1.36175,1.36192,1.56,1.87
2016.11.16 07:07:50.370,1.36173,1.3619,2.81,1.00
2016.11.16 07:07:51.285,1.36173,1.36192,5.06,1.75
2016.11.16 07:07:51.387,1.36175,1.36192,1.00,1.37
2016.11.16 07:07:51.995,1.36174,1.36193,1.75,1.87
2016.11.16 07:07:52.147,1.36176,1.36193,1.50,1.50
2016.11.16 07:07:52.804,1.36176,1.36193,1.37,1.37
2016.11.16 07:07:53.345,1.36177,1.36192,1.00,1.00
2016.11.16 07:07:54.069,1.36178,1.36192,1.00,1.00
2016.11.16 07:07:54.222,1.36178,1.36195,1.87,1.50
2016.11.16 07:07:54.324,1.3618,1.36195,1.00,1.00
2016.11.16 07:07:58.275,1.3618,1.36197,1.37,1.75
2016.11.16 07:08:00.526,1.36178,1.36195,2.25,1.87
2016.11.16 07:08:00.577,1.36178,1.36195,2.25,2.25
2016.11.16 07:08:00.678,1.36178,1.36195,3.00,1.12
2016.11.16 07:08:01.195,1.36178,1.36195,3.00,1.00
2016.11.16 07:08:05.698,1.3618,1.36197,1.37,4.31
2016.11.16 07:08:06.103,1.36176,1.36191,1.75,1.00
2016.11.16 07:08:06.204,1.36174,1.36191,1.37,1.87
2016.11.16 07:08:06.341,1.36174,1.3619,1.00,1.00
2016.11.16 07:08:06.444,1.36176,1.3619,1.00,1.00
2016.11.16 07:08:06.546,1.36175,1.36193,1.87,1.00
2016.11.16 07:08:07.053,1.36175,1.36193,2.25,1.12
2016.11.16 07:08:08.302,1.36178,1.36191,1.00,1.00
2016.11.16 07:08:08.404,1.36174,1.36191,1.37,1.87
2016.11.16 07:08:08.529,1.36173,1.3619,1.37,1.87
2016.11.16 07:08:08.734,1.36171,1.36189,1.14,1.87
2016.11.16 07:08:09.247,1.36172,1.36189,1.75,1.00
2016.11.16 07:08:10.956,1.36172,1.36186,1.75,1.00
2016.11.16 07:08:11.262,1.36166,1.36182,1.09,1.25
2016.11.16 07:08:11.457,1.36164,1.36182,1.71,5.06
2016.11.16 07:08:11.559,1.36165,1.3618,1.19,1.25
2016.11.16 07:08:12.061,1.36165,1.3618,1.00,1.25
2016.11.16 07:08:12.755,1.36164,1.36181,1.12,1.94
2016.11.16 07:08:13.009,1.36159,1.36176,1.87,1.25
2016.11.16 07:08:13.263,1.3616,1.36178,1.87,2.06
2016.11.16 07:08:14.511,1.36164,1.36181,1.87,2.06
2016.11.16 07:08:14.561,1.36167,1.36181,1.00,1.62
2016.11.16 07:08:15.067,1.36167,1.36182,1.00,1.69
2016.11.16 07:08:15.169,1.36164,1.3618,1.00,1.37
2016.11.16 07:08:15.703,1.36162,1.36179,1.50,1.50
2016.11.16 07:08:16.625,1.36162,1.3618,2.25,1.12
2016.11.16 07:08:17.956,1.36164,1.36181,1.12,2.44
2016.11.16 07:08:18.846,1.36163,1.36181,1.12,1.79
2016.11.16 07:08:19.396,1.36163,1.36181,1.75,1.41
2016.11.16 07:08:20.428,1.36164,1.36182,1.75,1.04
2016.11.16 07:08:20.833,1.36163,1.36182,1.87,2.16
2016.11.16 07:08:23.789,1.36163,1.36182,1.37,1.66
2016.11.16 07:08:23.891,1.36162,1.36181,1.50,1.04
2016.11.16 07:08:24.021,1.36162,1.3618,1.87,1.41
2016.11.16 07:08:24.073,1.36162,1.3618,2.25,1.04
2016.11.16 07:08:24.279,1.36163,1.3618,1.12,1.41
2016.11.16 07:08:24.481,1.36163,1.3618,1.37,1.04
2016.11.16 07:08:25.006,1.36164,1.3618,1.37,1.04
2016.11.16 07:08:25.968,1.36163,1.3618,1.12,1.41
2016.11.16 07:08:26.273,1.36165,1.36184,1.75,1.12
2016.11.16 07:08:26.374,1.36167,1.36185,1.50,1.00
2016.11.16 07:08:26.550,1.36167,1.36184,1.00,2.25
2016.11.16 07:08:26.753,1.36164,1.3618,1.00,1.00
2016.11.16 07:08:26.856,1.36162,1.3618,1.12,2.62
2016.11.16 07:08:27.009,1.36159,1.36177,1.00,1.50
2016.11.16 07:08:27.060,1.36159,1.36177,1.00,1.50
2016.11.16 07:08:27.365,1.36155,1.36174,2.25,1.12
2016.11.16 07:08:27.669,1.36152,1.36172,5.62,2.16
2016.11.16 07:08:27.975,1.36152,1.36168,4.87,1.00
2016.11.16 07:08:28.294,1.36151,1.36168,2.25,1.00
2016.11.16 07:08:30.386,1.3615,1.36167,1.75,1.87
2016.11.16 07:08:30.488,1.36148,1.36165,1.87,1.50
2016.11.16 07:08:31.045,1.36148,1.36166,1.75,1.87
2016.11.16 07:08:31.703,1.36149,1.36166,1.12,1.12
2016.11.16 07:08:35.096,1.36147,1.36164,1.87,1.50
2016.11.16 07:08:35.248,1.36146,1.36164,1.37,1.50
2016.11.16 07:08:35.754,1.36146,1.36163,1.50,1.00
2016.11.16 07:08:36.074,1.36147,1.36164,1.12,1.00
2016.11.16 07:08:36.582,1.36151,1.36166,1.00,1.87
2016.11.16 07:08:36.926,1.36154,1.36172,1.60,1.12
2016.11.16 07:08:36.977,1.36155,1.36172,1.12,1.87
2016.11.16 07:08:37.130,1.36155,1.36173,1.97,1.75
2016.11.16 07:08:37.181,1.36155,1.36173,2.35,1.12
2016.11.16 07:08:38.207,1.36155,1.36173,1.22,1.50
2016.11.16 07:08:38.831,1.36155,1.3617,1.00,1.12
2016.11.16 07:08:38.912,1.36153,1.3617,1.13,2.25
2016.11.16 07:08:38.963,1.36152,1.36169,1.47,1.37
2016.11.16 07:08:39.267,1.36151,1.36169,1.47,1.00
2016.11.16 07:08:39.419,1.36154,1.36171,1.00,1.87
2016.11.16 07:08:39.571,1.36152,1.36171,4.60,1.87
2016.11.16 07:08:40.681,1.36152,1.3617,1.13,1.69
2016.11.16 07:08:41.932,1.36153,1.3617,1.00,1.00
2016.11.16 07:08:41.983,1.36155,1.36171,1.00,1.12
2016.11.16 07:08:45.510,1.36155,1.36169,1.12,1.25
2016.11.16 07:08:46.018,1.36154,1.36171,1.13,1.50
2016.11.16 07:08:46.322,1.36154,1.36171,1.51,1.00
2016.11.16 07:08:46.686,1.36151,1.3617,1.88,2.25
2016.11.16 07:08:47.093,1.36151,1.36169,1.97,1.12
2016.11.16 07:08:47.195,1.3615,1.36169,2.35,1.50
2016.11.16 07:08:47.904,1.3615,1.3617,2.35,2.62
2016.11.16 07:08:49.463,1.3615,1.36169,2.62,1.14
2016.11.16 07:08:49.923,1.3615,1.36169,1.75,2.25
2016.11.16 07:08:50.229,1.36152,1.3617,1.51,1.87
2016.11.16 07:08:50.330,1.36152,1.3617,2.72,1.37
2016.11.16 07:08:50.381,1.36153,1.36171,3.37,1.87
2016.11.16 07:08:51.302,1.36154,1.36171,1.00,2.25
2016.11.16 07:08:51.707,1.36155,1.36173,1.75,3.01
2016.11.16 07:08:54.103,1.36154,1.36172,1.87,1.12
2016.11.16 07:08:55.123,1.36154,1.36173,2.62,2.25
2016.11.16 07:08:58.101,1.36155,1.36173,2.25,1.00
2016.11.16 07:08:58.669,1.36155,1.36173,1.87,1.12
2016.11.16 07:08:58.822,1.36155,1.36173,1.50,2.25
2016.11.16 07:08:59.143,1.36156,1.36173,1.37,1.12
2016.11.16 07:08:59.486,1.36156,1.36174,2.25,1.75
2016.11.16 07:08:59.537,1.36157,1.36174,1.75,1.12
2016.11.16 07:08:59.639,1.36155,1.36172,1.37,1.75
2016.11.16 07:08:59.981,1.36151,1.36167,1.50,1.50
2016.11.16 07:09:00.335,1.36149,1.36167,1.00,1.87
2016.11.16 07:09:01.045,1.3615,1.36166,1.87,1.12
2016.11.16 07:09:01.377,1.3615,1.36167,2.62,1.00
2016.11.16 07:09:01.919,1.36152,1.3617,1.37,1.75
2016.11.16 07:09:02.526,1.36152,1.36167,1.00,1.12
2016.11.16 07:09:02.628,1.36149,1.36166,1.37,1.12
2016.11.16 07:09:03.155,1.36149,1.36166,1.37,1.37
2016.11.16 07:09:04.344,1.36149,1.36167,2.62,1.37
2016.11.16 07:09:04.940,1.3615,1.36169,1.12,1.87
2016.11.16 07:09:06.970,1.36153,1.36169,1.37,1.12
2016.11.16 07:09:07.122,1.36155,1.3617,1.87,1.00
2016.11.16 07:09:07.224,1.36155,1.36173,2.25,1.12
2016.11.16 07:09:07.316,1.36155,1.36174,2.62,1.12
2016.11.16 07:09:07.520,1.36158,1.36176,2.25,1.75
2016.11.16 07:09:07.673,1.36162,1.36178,1.87,1.37
2016.11.16 07:09:07.775,1.36164,1.3618,1.31,1.00
2016.11.16 07:09:07.826,1.36164,1.36181,3.94,1.37
2016.11.16 07:09:08.030,1.36167,1.36182,1.00,1.00
2016.11.16 07:09:08.081,1.36169,1.36182,1.31,1.00
2016.11.16 07:09:08.183,1.3617,1.36188,2.44,1.37
2016.11.16 07:09:08.336,1.36172,1.3619,1.62,2.25
2016.11.16 07:09:08.904,1.3617,1.36184,1.37,1.12
2016.11.16 07:09:09.022,1.36167,1.36184,1.25,1.87
2016.11.16 07:09:09.430,1.36164,1.36183,1.75,1.87
2016.11.16 07:09:09.633,1.36163,1.36181,2.06,1.37
2016.11.16 07:09:09.784,1.36163,1.36181,1.75,1.39
2016.11.16 07:09:10.240,1.36163,1.3618,1.00,1.01
2016.11.16 07:09:10.782,1.36163,1.3618,1.37,1.02
2016.11.16 07:09:13.459,1.36164,1.36181,1.37,1.37
2016.11.16 07:09:13.987,1.36165,1.36181,1.00,1.00
2016.11.16 07:09:14.666,1.36169,1.36181,1.12,1.00
2016.11.16 07:09:14.868,1.36176,1.36189,1.87,1.00
2016.11.16 07:09:14.920,1.36179,1.36189,1.00,1.00
2016.11.16 07:09:15.031,1.36177,1.36194,1.37,1.00
2016.11.16 07:09:15.133,1.36175,1.36193,1.37,2.25
2016.11.16 07:09:15.184,1.36173,1.36193,1.12,2.62
2016.11.16 07:09:15.338,1.36171,1.36191,1.87,1.87
2016.11.16 07:09:15.744,1.36174,1.36191,1.00,2.62
2016.11.16 07:09:16.048,1.36175,1.36191,1.37,1.50
2016.11.16 07:09:16.352,1.36175,1.36193,1.87,1.87
2016.11.16 07:09:16.403,1.36175,1.36193,1.51,1.87
2016.11.16 07:09:16.945,1.36172,1.3619,1.22,1.37
2016.11.16 07:09:17.249,1.36175,1.36191,1.10,1.00
2016.11.16 07:09:17.840,1.36174,1.36193,5.35,1.87
2016.11.16 07:09:18.363,1.36174,1.36193,2.35,1.87
2016.11.16 07:09:20.030,1.36179,1.36196,1.12,1.12
2016.11.16 07:09:20.081,1.36179,1.36199,1.50,4.50
2016.11.16 07:09:20.133,1.36181,1.36199,1.50,1.50
2016.11.16 07:09:20.673,1.36181,1.362,1.87,2.62
2016.11.16 07:09:22.974,1.36186,1.362,1.13,1.37
2016.11.16 07:09:23.181,1.36185,1.36202,1.85,1.00
2016.11.16 07:09:23.983,1.36186,1.36204,1.47,1.87
2016.11.16 07:09:24.516,1.36186,1.36204,1.10,2.62
2016.11.16 07:09:24.855,1.3619,1.36205,1.47,1.00
2016.11.16 07:09:24.957,1.36191,1.36209,1.60,1.12
2016.11.16 07:09:25.248,1.36189,1.36209,2.72,1.87
2016.11.16 07:09:25.554,1.36186,1.36204,1.10,1.75
2016.11.16 07:09:26.703,1.36185,1.36204,2.35,1.75
2016.11.16 07:09:27.975,1.36185,1.36199,1.47,1.00
2016.11.16 07:09:28.077,1.3618,1.36197,1.75,1.12
2016.11.16 07:09:28.178,1.3618,1.36197,1.12,1.75
2016.11.16 07:09:28.280,1.36179,1.36195,1.00,1.50
2016.11.16 07:09:28.584,1.36175,1.36193,1.22,1.12
2016.11.16 07:09:28.686,1.36175,1.3619,1.10,1.00
2016.11.16 07:09:28.788,1.36175,1.36192,1.47,1.00
2016.11.16 07:09:28.972,1.36171,1.3619,1.97,1.50
2016.11.16 07:09:29.221,1.36171,1.36188,1.12,1.12
2016.11.16 07:09:30.887,1.36171,1.36189,1.37,1.50
2016.11.16 07:09:30.989,1.36171,1.36189,1.12,1.75
2016.11.16 07:09:31.777,1.36172,1.36189,1.00,1.87
2016.11.16 07:09:32.152,1.3617,1.36189,1.13,4.12
2016.11.16 07:09:32.405,1.36168,1.36186,1.60,1.75
2016.11.16 07:09:33.694,1.36168,1.36183,1.50,1.50
2016.11.16 07:09:33.745,1.36166,1.36183,2.25,1.50
2016.11.16 07:09:33.796,1.36167,1.36183,1.00,1.75
2016.11.16 07:09:34.104,1.36167,1.36186,1.00,1.31
2016.11.16 07:09:35.002,1.36166,1.36186,1.50,1.31
2016.11.16 07:09:35.532,1.36167,1.36185,1.00,1.87
2016.11.16 07:09:38.091,1.3617,1.36184,1.00,1.25
2016.11.16 07:09:38.404,1.3617,1.36184,1.00,1.31
2016.11.16 07:09:38.619,1.3617,1.36185,1.00,2.06
2016.11.16 07:09:39.139,1.36171,1.36185,1.00,2.06
2016.11.16 07:09:39.232,1.36173,1.36185,1.00,2.06
2016.11.16 07:09:39.770,1.36174,1.36185,1.00,2.06
2016.11.16 07:09:41.341,1.36173,1.36184,1.00,1.00
2016.11.16 07:09:41.645,1.36175,1.36183,1.00,1.00
2016.11.16 07:09:41.949,1.36173,1.36183,1.00,1.00
2016.11.16 07:09:42.612,1.36175,1.36183,1.00,1.00
2016.11.16 07:09:44.165,1.3617,1.36183,1.50,1.69
2016.11.16 07:09:44.241,1.36168,1.36183,1.37,2.81
2016.11.16 07:09:44.343,1.36171,1.36181,1.00,1.37
2016.11.16 07:09:44.445,1.36174,1.36182,1.00,2.62
2016.11.16 07:09:44.496,1.36175,1.36185,1.00,1.37
2016.11.16 07:09:44.547,1.36175,1.36185,1.00,1.00
2016.11.16 07:09:44.914,1.36176,1.36187,1.00,1.31
2016.11.16 07:09:45.879,1.36176,1.36189,1.00,2.06
2016.11.16 07:09:46.184,1.36176,1.36189,1.00,3.94
2016.11.16 07:09:46.286,1.36178,1.36189,1.00,1.69
2016.11.16 07:09:47.139,1.36178,1.36189,1.00,1.69
2016.11.16 07:09:47.671,1.36178,1.36189,1.00,1.12
2016.11.16 07:09:49.808,1.36176,1.36189,1.00,1.12
2016.11.16 07:09:50.321,1.36175,1.36189,1.00,1.12
2016.11.16 07:09:52.700,1.36174,1.36189,1.12,1.00
2016.11.16 07:09:52.852,1.36171,1.36188,1.50,1.12
2016.11.16 07:09:53.004,1.36171,1.36187,1.00,1.37
2016.11.16 07:09:55.667,1.36174,1.36187,1.00,1.37
2016.11.16 07:09:55.972,1.36192,1.36199,1.00,1.12
2016.11.16 07:09:56.023,1.36192,1.36204,1.00,1.12
2016.11.16 07:09:56.074,1.36196,1.36204,1.00,1.12
2016.11.16 07:09:56.176,1.36197,1.36211,1.00,4.12
2016.11.16 07:09:56.227,1.36199,1.36211,1.00,1.37
2016.11.16 07:09:56.361,1.36198,1.36211,1.12,2.06
2016.11.16 07:09:56.867,1.36197,1.3621,1.12,1.56
2016.11.16 07:09:57.408,1.36197,1.36212,1.12,1.94
2016.11.16 07:09:58.163,1.36197,1.36212,1.12,1.94
2016.11.16 07:09:58.695,1.36197,1.36212,1.12,1.94
2016.11.16 07:09:59.656,1.36197,1.36212,1.12,1.94
2016.11.16 07:10:01.022,1.36198,1.36212,1.00,1.56
2016.11.16 07:10:01.271,1.36204,1.36213,1.00,1.37
2016.11.16 07:10:01.477,1.36206,1.36222,1.00,3.37
2016.11.16 07:10:01.528,1.36208,1.36223,1.00,1.50
2016.11.16 07:10:01.630,1.36211,1.36224,1.00,1.12
2016.11.16 07:10:01.833,1.36216,1.36228,1.00,1.00
2016.11.16 07:10:01.935,1.36216,1.36233,1.00,1.75
2016.11.16 07:10:05.142,1.36215,1.36233,1.12,1.12
2016.11.16 07:10:05.265,1.36217,1.36233,1.00,1.12
2016.11.16 07:10:05.468,1.36217,1.36234,1.12,1.00
2016.11.16 07:10:06.580,1.36216,1.36233,1.50,1.00
2016.11.16 07:10:06.631,1.36216,1.36232,1.12,1.19
2016.11.16 07:10:07.183,1.36216,1.36232,1.00,1.84
2016.11.16 07:10:08.080,1.36214,1.36232,1.12,2.59
2016.11.16 07:10:09.538,1.36214,1.36231,1.00,2.00
2016.11.16 07:10:11.923,1.36215,1.36231,1.00,1.75
2016.11.16 07:10:14.782,1.36216,1.36231,1.00,1.12
2016.11.16 07:10:14.884,1.36214,1.36232,1.00,2.44
2016.11.16 07:10:15.137,1.36214,1.36232,1.00,1.46
2016.11.16 07:10:15.308,1.36214,1.36231,1.00,2.14
2016.11.16 07:10:15.833,1.36214,1.36231,1.00,1.62
2016.11.16 07:10:16.086,1.36212,1.3623,1.00,1.31
2016.11.16 07:10:16.592,1.36211,1.36229,1.50,1.00
2016.11.16 07:10:17.287,1.36212,1.3623,1.50,1.00
2016.11.16 07:10:17.852,1.36212,1.3623,1.50,1.31
2016.11.16 07:10:18.388,1.36212,1.3623,1.12,1.25
2016.11.16 07:10:18.540,1.36212,1.3623,1.00,2.06
2016.11.16 07:10:18.863,1.36214,1.36229,1.00,1.00
2016.11.16 07:10:18.914,1.36213,1.36232,1.50,1.62
2016.11.16 07:10:19.116,1.36214,1.3623,1.00,2.06
2016.11.16 07:10:19.674,1.36214,1.3623,1.00,1.69
2016.11.16 07:10:20.341,1.36215,1.3623,1.00,1.12
2016.11.16 07:10:20.958,1.36217,1.3623,1.00,1.00
2016.11.16 07:10:21.264,1.36223,1.36235,1.00,1.12
2016.11.16 07:10:21.316,1.36224,1.36236,1.00,1.12
2016.11.16 07:10:21.418,1.36224,1.36237,1.00,1.75
2016.11.16 07:10:21.570,1.36226,1.36239,1.00,1.12
2016.11.16 07:10:22.077,1.36226,1.3624,1.00,1.12
2016.11.16 07:10:22.490,1.36226,1.36242,1.00,1.75
2016.11.16 07:10:22.996,1.36225,1.36242,1.00,1.75
2016.11.16 07:10:23.501,1.36226,1.36242,1.00,1.12
2016.11.16 07:10:23.653,1.36224,1.36242,1.00,1.12
2016.11.16 07:10:24.305,1.36227,1.36242,1.00,2.00
2016.11.16 07:10:24.854,1.36226,1.36242,1.00,1.75
2016.11.16 07:10:26.327,1.36223,1.36239,1.00,1.00
2016.11.16 07:10:26.429,1.36222,1.36239,1.00,2.44
2016.11.16 07:10:26.733,1.36223,1.36236,1.00,1.50
2016.11.16 07:10:27.262,1.36222,1.36237,1.00,1.00
2016.11.16 07:10:27.414,1.36225,1.36237,1.00,1.00
2016.11.16 07:10:27.667,1.36225,1.36239,1.00,1.00
2016.11.16 07:10:28.173,1.36225,1.36242,1.00,1.75
2016.11.16 07:10:29.481,1.36227,1.3624,1.00,1.00
2016.11.16 07:10:29.992,1.36227,1.36242,1.00,1.87
2016.11.16 07:10:30.490,1.36229,1.36242,1.00,1.75
2016.11.16 07:10:31.029,1.36228,1.36242,1.00,1.75
2016.11.16 07:10:34.240,1.36228,1.36242,1.00,2.06
2016.11.16 07:10:34.495,1.36226,1.3624,1.00,1.12
2016.11.16 07:10:34.648,1.36229,1.3624,1.00,1.12
2016.11.16 07:10:34.699,1.36227,1.3624,1.00,1.12
2016.11.16 07:10:35.634,1.36228,1.3624,1.00,1.12
2016.11.16 07:10:36.144,1.36227,1.3624,1.00,1.12
2016.11.16 07:10:36.676,1.36224,1.3624,1.00,1.75
2016.11.16 07:10:36.778,1.36226,1.36239,1.00,1.75
2016.11.16 07:10:37.373,1.36226,1.36239,1.00,1.87
2016.11.16 07:10:42.092,1.36227,1.36238,1.00,1.12
2016.11.16 07:10:43.313,1.36226,1.36238,1.00,1.12
2016.11.16 07:10:43.658,1.36224,1.36238,1.00,1.12
2016.11.16 07:10:44.180,1.36223,1.36238,1.00,1.12
2016.11.16 07:10:44.332,1.36225,1.36238,1.00,1.12
2016.11.16 07:10:44.843,1.36226,1.36238,1.00,1.12
2016.11.16 07:10:45.834,1.36227,1.36239,1.00,1.12
2016.11.16 07:10:46.966,1.36226,1.36239,1.00,1.12
2016.11.16 07:10:47.473,1.36227,1.36239,1.00,1.75
2016.11.16 07:10:48.025,1.36228,1.36239,1.00,1.75
2016.11.16 07:10:51.324,1.36229,1.36239,1.00,1.12
2016.11.16 07:10:51.426,1.36231,1.36241,1.00,1.12
2016.11.16 07:10:51.527,1.36233,1.36242,1.00,1.00
2016.11.16 07:10:51.730,1.36231,1.36244,1.00,1.50
2016.11.16 07:10:51.831,1.36231,1.36243,1.00,1.75
2016.11.16 07:10:51.933,1.36229,1.36243,1.00,1.87
2016.11.16 07:10:54.793,1.36231,1.36242,1.00,1.12
2016.11.16 07:10:54.895,1.3623,1.36243,1.00,1.37
2016.11.16 07:10:55.429,1.3623,1.36241,1.00,1.00
2016.11.16 07:10:55.976,1.36229,1.36241,1.00,1.00
2016.11.16 07:10:56.950,1.36231,1.36244,1.00,2.06
2016.11.16 07:10:57.492,1.36231,1.36244,1.00,2.06
2016.11.16 07:10:59.305,1.36232,1.36244,1.00,1.37
2016.11.16 07:10:59.559,1.36234,1.36249,1.00,1.00
2016.11.16 07:10:59.610,1.36236,1.36249,1.00,1.12
2016.11.16 07:11:00.116,1.36236,1.36248,1.00,1.00
2016.11.16 07:11:00.573,1.36234,1.36248,1.00,1.00
2016.11.16 07:11:02.752,1.36238,1.36249,1.00,1.37
2016.11.16 07:11:02.996,1.36241,1.36254,1.00,1.12
2016.11.16 07:11:03.538,1.36241,1.36254,1.00,1.37
2016.11.16 07:11:05.059,1.36242,1.36256,1.00,2.25
2016.11.16 07:11:05.161,1.36244,1.36256,1.00,1.12
2016.11.16 07:11:05.212,1.36245,1.36255,1.00,1.00
2016.11.16 07:11:05.415,1.36245,1.36257,1.00,1.00
2016.11.16 07:11:06.432,1.36246,1.36257,1.00,1.50
2016.11.16 07:11:06.953,1.36245,1.36259,1.00,1.12
2016.11.16 07:11:07.464,1.36244,1.36256,1.00,1.00
2016.11.16 07:11:07.515,1.36242,1.36256,1.00,1.00
2016.11.16 07:11:07.819,1.3624,1.36256,1.00,1.00
2016.11.16 07:11:09.198,1.36241,1.36256,1.00,1.00
2016.11.16 07:11:09.351,1.36243,1.36257,1.00,1.00
2016.11.16 07:11:09.657,1.36244,1.36262,1.50,2.06
2016.11.16 07:11:09.988,1.36252,1.36264,1.00,1.12
2016.11.16 07:11:10.039,1.36252,1.36267,1.00,1.37
2016.11.16 07:11:10.090,1.36253,1.36267,1.00,1.00
2016.11.16 07:11:10.192,1.36253,1.36269,1.00,1.00
2016.11.16 07:11:10.709,1.36252,1.36269,1.50,1.00
2016.11.16 07:11:12.225,1.36253,1.36271,1.00,2.21
2016.11.16 07:11:12.777,1.36252,1.36271,1.50,1.62
2016.11.16 07:11:13.299,1.36253,1.36269,1.00,1.00
2016.11.16 07:11:13.502,1.36255,1.36272,1.00,1.87
2016.11.16 07:11:13.806,1.36256,1.36271,1.00,1.12
2016.11.16 07:11:14.161,1.3626,1.36271,1.00,1.37
2016.11.16 07:11:14.447,1.36264,1.36279,1.00,2.25
2016.11.16 07:11:14.700,1.36262,1.36278,1.12,2.06
2016.11.16 07:11:14.751,1.3626,1.36276,1.00,2.00
2016.11.16 07:11:14.853,1.36257,1.36274,1.37,1.31
2016.11.16 07:11:15.005,1.36258,1.36272,1.00,1.00
2016.11.16 07:11:15.309,1.36267,1.36276,1.00,1.75
2016.11.16 07:11:15.512,1.36267,1.36281,1.00,1.00
2016.11.16 07:11:15.614,1.36264,1.36282,1.12,2.25
2016.11.16 07:11:15.765,1.36262,1.3628,1.75,1.37
2016.11.16 07:11:16.020,1.36256,1.36275,1.50,1.31
2016.11.16 07:11:16.122,1.36259,1.36273,1.00,1.00
2016.11.16 07:11:16.274,1.36256,1.36275,1.37,1.31
2016.11.16 07:11:17.586,1.36257,1.36275,1.37,1.50
2016.11.16 07:11:18.041,1.3626,1.36277,1.00,2.25
2016.11.16 07:11:18.294,1.36262,1.36279,1.12,1.50
2016.11.16 07:11:18.821,1.36263,1.36279,1.00,1.37
2016.11.16 07:11:19.635,1.36264,1.36279,1.00,1.37
2016.11.16 07:11:20.277,1.36265,1.3628,1.00,1.69
2016.11.16 07:11:22.539,1.36265,1.3628,1.00,1.31
2016.11.16 07:11:23.682,1.36266,1.3628,1.00,1.31
2016.11.16 07:11:23.834,1.36271,1.3628,1.00,1.12
2016.11.16 07:11:24.119,1.36281,1.36291,1.00,1.12
2016.11.16 07:11:24.170,1.36284,1.36291,1.00,1.12
2016.11.16 07:11:24.238,1.36282,1.36295,1.00,2.62
2016.11.16 07:11:24.339,1.36279,1.36297,1.50,2.19
2016.11.16 07:11:24.391,1.36279,1.36295,1.37,1.37
2016.11.16 07:11:24.924,1.36279,1.36294,1.12,1.12
2016.11.16 07:11:25.228,1.36283,1.36296,1.00,1.12
2016.11.16 07:11:25.330,1.36283,1.36297,1.00,1.50
2016.11.16 07:11:25.588,1.36285,1.363,1.00,1.37
2016.11.16 07:11:25.639,1.36282,1.363,1.50,1.00
2016.11.16 07:11:25.690,1.36284,1.36302,1.00,2.81
2016.11.16 07:11:26.197,1.36284,1.363,1.00,1.12
2016.11.16 07:11:27.669,1.36283,1.363,1.00,1.12
2016.11.16 07:11:27.995,1.36295,1.36307,1.00,1.12
2016.11.16 07:11:28.301,1.36298,1.36311,1.00,1.87
2016.11.16 07:11:28.606,1.36301,1.36313,1.00,1.00
2016.11.16 07:11:29.362,1.36303,1.36318,1.00,1.31
2016.11.16 07:11:29.414,1.36302,1.3632,1.12,2.44
2016.11.16 07:11:29.516,1.36304,1.3632,1.00,2.06
2016.11.16 07:11:29.922,1.36302,1.36316,1.00,1.19
2016.11.16 07:11:30.125,1.36296,1.36312,1.50,1.12
2016.11.16 07:11:30.176,1.36294,1.36312,1.87,1.12
2016.11.16 07:11:30.690,1.36294,1.36312,1.12,2.25
2016.11.16 07:11:31.420,1.36294,1.36312,1.12,2.25
2016.11.16 07:11:31.623,1.36298,1.3631,1.00,1.00
2016.11.16 07:11:31.724,1.36301,1.36315,1.00,1.00
2016.11.16 07:11:31.826,1.36303,1.3632,1.00,1.75
2016.11.16 07:11:31.928,1.36304,1.36321,1.00,1.87
2016.11.16 07:11:32.477,1.36305,1.36321,1.00,1.87
2016.11.16 07:11:34.864,1.36305,1.36317,1.00,1.00
2016.11.16 07:11:34.915,1.36303,1.36317,1.12,1.00
2016.11.16 07:11:34.966,1.36303,1.3632,1.00,1.87
2016.11.16 07:11:35.169,1.36299,1.36317,2.25,1.00
2016.11.16 07:11:35.321,1.36299,1.36317,1.87,1.50
2016.11.16 07:11:35.653,1.36299,1.36317,1.75,2.44
2016.11.16 07:11:35.958,1.36303,1.36317,1.37,1.00
2016.11.16 07:11:36.110,1.36303,1.3632,1.37,1.00
2016.11.16 07:11:36.313,1.36306,1.36324,1.00,2.21
2016.11.16 07:11:36.617,1.36308,1.36326,1.00,1.24
2016.11.16 07:11:36.922,1.36306,1.3632,1.37,3.19
2016.11.16 07:11:36.973,1.36303,1.3632,1.37,3.19
2016.11.16 07:11:37.146,1.363,1.36319,1.00,1.87
2016.11.16 07:11:37.197,1.363,1.36319,1.00,1.50
2016.11.16 07:11:37.652,1.36301,1.36319,1.87,1.12
2016.11.16 07:11:37.956,1.36296,1.36316,1.12,1.50
2016.11.16 07:11:38.159,1.36298,1.36321,2.62,1.31
2016.11.16 07:11:38.225,1.363,1.36322,1.00,2.81
2016.11.16 07:11:40.541,1.363,1.36318,1.37,1.25
2016.11.16 07:11:40.809,1.363,1.36322,1.50,2.14
2016.11.16 07:11:40.912,1.36301,1.36322,1.37,1.46
2016.11.16 07:11:41.430,1.36301,1.36322,1.87,1.46
2016.11.16 07:11:42.039,1.36301,1.3632,1.12,1.50
2016.11.16 07:11:42.421,1.363,1.3632,1.12,1.87
2016.11.16 07:11:42.923,1.363,1.3632,1.00,2.25
2016.11.16 07:11:43.041,1.363,1.36318,1.00,1.31
2016.11.16 07:11:43.696,1.363,1.36319,1.00,1.75
2016.11.16 07:11:43.848,1.36302,1.3632,1.00,1.00
2016.11.16 07:11:43.899,1.36302,1.36318,3.00,1.19
2016.11.16 07:11:44.052,1.36299,1.36315,1.00,1.00
2016.11.16 07:11:44.103,1.36299,1.36316,1.00,3.37
2016.11.16 07:11:44.407,1.36296,1.36312,1.37,1.37
2016.11.16 07:11:44.457,1.36294,1.36312,1.12,1.50
2016.11.16 07:11:44.559,1.36295,1.36307,1.00,1.00
2016.11.16 07:11:44.695,1.36289,1.36309,1.75,3.00
2016.11.16 07:11:45.203,1.36289,1.3631,1.12,2.62
2016.11.16 07:11:45.305,1.36291,1.36312,1.37,1.12
2016.11.16 07:11:45.407,1.36291,1.36312,1.12,1.37
2016.11.16 07:11:45.662,1.36293,1.36314,2.25,1.75
2016.11.16 07:11:46.200,1.36295,1.36314,1.37,1.12
2016.11.16 07:11:46.546,1.36294,1.36306,1.00,1.00
2016.11.16 07:11:46.597,1.36292,1.3631,1.87,1.37
2016.11.16 07:11:46.901,1.36294,1.36307,1.00,1.00
2016.11.16 07:11:49.377,1.36294,1.3631,1.00,1.75
2016.11.16 07:11:49.874,1.36291,1.36308,1.00,1.12
2016.11.16 07:11:49.976,1.36291,1.36307,1.00,1.37
2016.11.16 07:11:50.077,1.36287,1.36305,1.50,1.12
2016.11.16 07:11:50.179,1.36288,1.36305,1.00,1.87
2016.11.16 07:11:50.713,1.36288,1.36305,1.00,1.00
2016.11.16 07:11:51.224,1.36295,1.36307,1.00,1.50
2016.11.16 07:11:51.426,1.36298,1.36314,1.00,1.12
2016.11.16 07:11:51.477,1.36298,1.36317,1.12,3.56
2016.11.16 07:11:53.246,1.36299,1.36317,1.00,2.00
2016.11.16 07:11:53.297,1.36302,1.36317,1.00,1.12
2016.11.16 07:11:53.348,1.36303,1.3632,1.00,2.25
2016.11.16 07:11:53.399,1.36305,1.3632,1.00,1.37
2016.11.16 07:11:53.501,1.36305,1.36323,1.00,2.44
2016.11.16 07:11:54.007,1.36304,1.36322,1.12,1.50
2016.11.16 07:11:54.210,1.36308,1.36323,1.00,1.37
2016.11.16 07:11:54.363,1.36311,1.36328,1.00,1.37
2016.11.16 07:11:54.572,1.36308,1.36326,2.62,1.25
2016.11.16 07:11:54.623,1.36308,1.36325,1.87,1.37
2016.11.16 07:11:54.927,1.36309,1.3632,1.00,1.37
2016.11.16 07:11:55.079,1.3631,1.36326,1.00,1.37
2016.11.16 07:11:55.333,1.36308,1.36326,1.87,1.87
2016.11.16 07:11:57.241,1.36308,1.36323,1.37,1.00
2016.11.16 07:11:57.886,1.36307,1.36326,2.25,1.12
2016.11.16 07:11:58.039,1.36309,1.36329,1.00,1.87
2016.11.16 07:11:58.191,1.36309,1.36328,1.50,1.00
2016.11.16 07:11:58.343,1.36309,1.36328,2.62,1.00
2016.11.16 07:11:58.851,1.36309,1.36328,1.87,1.00
2016.11.16 07:11:59.205,1.3632,1.36328,1.87,1.00
2016.11.16 07:11:59.419,1.36326,1.36346,2.25,1.37
2016.11.16 07:11:59.520,1.36327,1.36344,1.12,1.50
2016.11.16 07:11:59.774,1.36326,1.36344,1.37,1.37
2016.11.16 07:11:59.976,1.36322,1.36342,1.75,1.25
2016.11.16 07:12:00.229,1.36322,1.36342,1.00,1.69
2016.11.16 07:12:02.352,1.36321,1.36339,1.00,1.00
2016.11.16 07:12:02.453,1.36322,1.36341,1.00,1.00
2016.11.16 07:12:02.655,1.36322,1.36342,1.12,1.62
2016.11.16 07:12:03.273,1.36324,1.36341,1.56,1.00
2016.11.16 07:12:03.476,1.36335,1.3635,1.37,1.00
2016.11.16 07:12:03.628,1.36331,1.36352,1.37,2.06
2016.11.16 07:12:04.154,1.36332,1.3635,1.37,1.37
2016.11.16 07:12:06.810,1.3633,1.36347,1.00,1.19
2016.11.16 07:12:07.317,1.36329,1.36344,1.12,1.00
2016.11.16 07:12:08.537,1.36327,1.36344,1.50,1.00
2016.11.16 07:12:09.270,1.36328,1.36344,1.00,1.00
2016.11.16 07:12:09.321,1.3633,1.36347,1.00,1.12
2016.11.16 07:12:09.373,1.3633,1.36346,1.50,1.00
2016.11.16 07:12:09.475,1.36332,1.3635,1.12,1.87
2016.11.16 07:12:09.976,1.36332,1.3635,1.37,1.50
2016.11.16 07:12:10.522,1.36332,1.36349,1.37,1.75
2016.11.16 07:12:11.073,1.36331,1.36347,1.00,1.00
2016.11.16 07:12:11.348,1.36329,1.36346,1.12,1.37
2016.11.16 07:12:11.671,1.36328,1.36343,1.00,1.00
2016.11.16 07:12:11.978,1.36326,1.36343,1.50,1.00
2016.11.16 07:12:12.532,1.36325,1.36342,1.50,1.00
2016.11.16 07:12:15.119,1.36323,1.36341,3.37,1.37
2016.11.16 07:12:15.220,1.36323,1.36341,1.87,1.75
2016.11.16 07:12:18.471,1.36323,1.36341,1.12,1.75
2016.11.16 07:12:19.276,1.36321,1.36339,1.50,1.50
2016.11.16 07:12:24.031,1.36322,1.3634,1.12,1.75
2016.11.16 07:12:24.134,1.36326,1.36342,1.00,2.62
2016.11.16 07:12:24.383,1.36329,1.36349,1.75,1.12
2016.11.16 07:12:25.027,1.36331,1.36348,1.50,1.00
2016.11.16 07:12:25.533,1.36331,1.36349,1.87,1.12
2016.11.16 07:12:27.743,1.36333,1.3635,1.12,1.50
2016.11.16 07:12:28.278,1.36333,1.3635,1.12,1.12
2016.11.16 07:12:29.592,1.36333,1.36347,1.00,1.00
2016.11.16 07:12:29.846,1.36334,1.3635,1.00,1.50
2016.11.16 07:12:34.898,1.36332,1.3635,1.12,1.12
2016.11.16 07:12:35.556,1.36332,1.3635,1.50,1.12
2016.11.16 07:12:38.157,1.36332,1.36347,1.50,1.00
2016.11.16 07:12:41.557,1.36332,1.36348,1.00,1.00
2016.11.16 07:12:41.928,1.36329,1.36345,1.37,1.19
2016.11.16 07:12:42.111,1.36324,1.36342,2.25,2.62
2016.11.16 07:12:44.120,1.36325,1.36342,1.37,1.37
2016.11.16 07:12:44.421,1.36323,1.36341,2.62,2.25
2016.11.16 07:12:44.472,1.36323,1.3634,2.25,1.12
2016.11.16 07:12:44.999,1.36323,1.36338,1.50,1.00
2016.11.16 07:12:47.721,1.36324,1.36338,1.50,1.00
2016.11.16 07:12:47.774,1.36327,1.3634,1.00,1.12
2016.11.16 07:12:47.876,1.36328,1.36345,1.00,3.75
2016.11.16 07:12:48.406,1.36328,1.36345,1.00,2.25
2016.11.16 07:12:48.919,1.36327,1.36344,2.25,1.12
2016.11.16 07:12:53.487,1.36326,1.36344,2.25,1.12
2016.11.16 07:12:53.640,1.36326,1.36343,1.37,1.50
2016.11.16 07:12:53.795,1.36324,1.36341,1.50,1.50
2016.11.16 07:12:54.456,1.36325,1.36341,1.00,1.00
2016.11.16 07:12:58.473,1.36324,1.3634,1.00,1.00
2016.11.16 07:12:59.726,1.36323,1.3634,2.62,1.12
2016.11.16 07:12:59.979,1.36324,1.36341,1.50,1.37
2016.11.16 07:13:00.484,1.36326,1.36342,1.12,1.87
2016.11.16 07:13:01.943,1.36322,1.3634,5.62,1.00
2016.11.16 07:13:01.993,1.36322,1.3634,3.00,1.37
2016.11.16 07:13:03.001,1.36323,1.3634,2.25,1.37
2016.11.16 07:13:03.052,1.36331,1.3634,1.12,1.00
2016.11.16 07:13:03.204,1.36342,1.36356,1.00,1.12
2016.11.16 07:13:03.256,1.36344,1.36358,1.87,2.25
2016.11.16 07:13:03.306,1.36346,1.36362,1.00,1.75
2016.11.16 07:13:03.357,1.36346,1.36363,1.37,1.37
2016.11.16 07:13:03.408,1.36349,1.36363,1.00,1.00
2016.11.16 07:13:03.670,1.36348,1.36365,1.50,1.00
2016.11.16 07:13:04.177,1.36348,1.36366,1.50,1.50
2016.11.16 07:13:04.499,1.36343,1.36363,1.87,1.87
2016.11.16 07:13:05.297,1.36346,1.36363,1.50,1.12
2016.11.16 07:13:05.348,1.36346,1.36365,1.50,1.87
2016.11.16 07:13:05.399,1.36346,1.36365,1.75,1.50
2016.11.16 07:13:06.110,1.36346,1.36365,1.75,1.87
2016.11.16 07:13:06.413,1.36346,1.36363,1.00,1.12
2016.11.16 07:13:07.022,1.36346,1.36363,2.25,1.00
2016.11.16 07:13:07.735,1.36348,1.36365,1.12,1.50
2016.11.16 07:13:08.191,1.36347,1.36365,1.75,1.12
2016.11.16 07:13:08.596,1.36347,1.36364,1.00,1.37
2016.11.16 07:13:09.325,1.36346,1.36364,3.37,1.12
2016.11.16 07:13:09.426,1.36345,1.36363,2.25,1.12
2016.11.16 07:13:09.477,1.36345,1.36363,2.25,1.25
2016.11.16 07:13:10.018,1.36345,1.36362,2.25,1.37
2016.11.16 07:13:10.120,1.36348,1.36364,1.12,1.00
2016.11.16 07:13:10.222,1.36346,1.36363,3.37,1.00
2016.11.16 07:13:10.323,1.36344,1.36362,1.75,1.00
2016.11.16 07:13:10.425,1.36344,1.36362,1.12,1.50
2016.11.16 07:13:12.316,1.36342,1.36361,1.50,1.62
2016.11.16 07:13:13.039,1.36342,1.36361,1.75,1.69
2016.11.16 07:13:14.720,1.36341,1.36359,1.50,2.25
2016.11.16 07:13:14.771,1.36341,1.36359,1.12,2.44
2016.11.16 07:13:15.277,1.36341,1.36358,1.00,1.87
2016.11.16 07:13:16.325,1.3634,1.36358,1.50,3.56
2016.11.16 07:13:16.478,1.36338,1.36356,1.75,3.00
2016.11.16 07:13:16.580,1.36338,1.36354,1.00,1.37
2016.11.16 07:13:17.110,1.36337,1.36354,1.00,1.37
2016.11.16 07:13:20.138,1.36337,1.36355,1.87,1.12
2016.11.16 07:13:20.855,1.36337,1.36355,1.87,1.37
2016.11.16 07:13:21.770,1.3634,1.36355,1.00,1.37
2016.11.16 07:13:21.872,1.3634,1.36357,1.37,1.37
2016.11.16 07:13:22.449,1.3634,1.36356,1.12,1.00
2016.11.16 07:13:22.954,1.36339,1.36356,1.00,1.12
2016.11.16 07:13:24.988,1.36338,1.36356,2.25,1.00
2016.11.16 07:13:28.945,1.3634,1.36356,1.00,1.50
2016.11.16 07:13:29.249,1.36345,1.36362,1.50,1.87
2016.11.16 07:13:31.771,1.36343,1.36362,1.50,3.19
2016.11.16 07:13:31.822,1.36343,1.36361,1.00,1.94
2016.11.16 07:13:32.025,1.36342,1.36361,1.12,1.87
2016.11.16 07:13:32.347,1.36343,1.36361,1.37,1.87
2016.11.16 07:13:33.370,1.36343,1.36361,3.37,1.50
2016.11.16 07:13:33.901,1.36343,1.36361,2.62,1.12
2016.11.16 07:13:36.272,1.36343,1.3636,1.87,1.00
2016.11.16 07:13:36.525,1.36339,1.36356,1.87,1.00
2016.11.16 07:13:37.074,1.36339,1.36357,1.87,1.50
2016.11.16 07:13:42.676,1.36339,1.36357,1.87,1.12
2016.11.16 07:13:42.778,1.36345,1.3636,1.75,1.00
2016.11.16 07:13:42.879,1.36341,1.36359,3.75,1.50
2016.11.16 07:13:42.952,1.36343,1.36359,1.75,1.00
2016.11.16 07:13:43.208,1.36339,1.36354,1.00,1.50
2016.11.16 07:13:43.715,1.36337,1.36354,1.50,1.00
2016.11.16 07:13:45.318,1.36339,1.36354,1.00,1.00
2016.11.16 07:13:45.370,1.36339,1.36354,2.62,1.00
2016.11.16 07:13:45.573,1.36344,1.36359,1.50,1.00
2016.11.16 07:13:46.473,1.36344,1.36359,1.12,1.00
2016.11.16 07:13:46.574,1.36345,1.36361,1.37,1.00
2016.11.16 07:13:47.099,1.36345,1.36362,1.37,1.12
2016.11.16 07:13:47.701,1.36345,1.36361,1.37,1.00
2016.11.16 07:13:48.823,1.36345,1.36363,1.37,1.69
2016.11.16 07:13:49.028,1.36347,1.36366,2.25,3.37
2016.11.16 07:13:49.079,1.36348,1.36366,1.75,1.50
2016.11.16 07:13:49.130,1.36348,1.36365,1.50,1.00
2016.11.16 07:13:49.282,1.36348,1.36362,1.12,1.00
2016.11.16 07:13:49.587,1.36343,1.3636,1.75,1.37
2016.11.16 07:13:49.696,1.36343,1.3636,1.00,1.37
2016.11.16 07:13:53.223,1.36342,1.36359,1.37,1.37
2016.11.16 07:13:53.579,1.36344,1.3636,1.00,1.87
2016.11.16 07:13:55.661,1.36346,1.36362,1.00,1.75
2016.11.16 07:13:55.864,1.36347,1.36365,1.75,1.50
2016.11.16 07:13:56.409,1.36347,1.36364,1.87,1.00
2016.11.16 07:13:56.517,1.3635,1.36368,1.37,2.25
2016.11.16 07:13:56.823,1.36355,1.36372,1.12,1.75
2016.11.16 07:13:57.178,1.36353,1.36372,1.37,1.12
2016.11.16 07:13:57.431,1.36353,1.36372,1.12,1.12
2016.11.16 07:13:58.118,1.36358,1.36373,1.12,1.00
2016.11.16 07:13:58.634,1.36358,1.36376,1.12,1.94
2016.11.16 07:14:00.260,1.36359,1.36376,1.00,1.75
2016.11.16 07:14:00.463,1.36361,1.36378,1.50,1.00
2016.11.16 07:14:00.514,1.36361,1.36378,1.75,1.00
2016.11.16 07:14:00.666,1.36362,1.3638,1.50,1.12
2016.11.16 07:14:00.818,1.36362,1.36381,2.25,1.87
2016.11.16 07:14:01.224,1.36365,1.36381,1.37,1.31
2016.11.16 07:14:01.325,1.36359,1.36376,1.00,1.19
2016.11.16 07:14:01.732,1.36359,1.36377,1.37,1.12
2016.11.16 07:14:01.834,1.36359,1.36375,1.50,1.00
2016.11.16 07:14:01.885,1.36359,1.36375,1.50,1.00
2016.11.16 07:14:01.936,1.36359,1.36375,1.00,1.50
2016.11.16 07:14:02.037,1.36355,1.36373,2.25,1.69
2016.11.16 07:14:02.139,1.36354,1.36372,1.50,2.44
2016.11.16 07:14:02.645,1.36354,1.36372,2.25,1.12
2016.11.16 07:14:03.348,1.36357,1.36374,1.00,1.00
2016.11.16 07:14:03.752,1.36357,1.36372,1.00,1.00
2016.11.16 07:14:04.056,1.36361,1.36375,1.00,1.50
2016.11.16 07:14:04.562,1.36357,1.36374,1.50,1.00
2016.11.16 07:14:05.140,1.36355,1.36372,1.12,1.00
2016.11.16 07:14:05.357,1.36354,1.36372,1.87,1.12
2016.11.16 07:14:05.611,1.36354,1.3637,1.37,1.25
2016.11.16 07:14:05.663,1.36354,1.3637,1.00,1.87
2016.11.16 07:14:05.714,1.36354,1.36368,1.00,1.00
2016.11.16 07:14:06.634,1.36351,1.36369,1.75,1.37
2016.11.16 07:14:07.010,1.3636,1.36372,1.00,2.62
2016.11.16 07:14:07.112,1.36364,1.3638,1.00,1.12
2016.11.16 07:14:07.264,1.36365,1.36381,1.12,1.00
2016.11.16 07:14:07.366,1.36365,1.36382,1.37,1.50
2016.11.16 07:14:07.519,1.36366,1.36382,1.37,1.37
2016.11.16 07:14:08.903,1.36366,1.36382,1.50,1.37
2016.11.16 07:14:09.320,1.36368,1.36379,1.37,1.00
2016.11.16 07:14:09.473,1.36362,1.36378,1.00,1.12
2016.11.16 07:14:09.575,1.36364,1.3638,1.37,1.50
2016.11.16 07:14:09.676,1.36367,1.36384,1.00,1.75
2016.11.16 07:14:09.727,1.36367,1.36385,1.37,3.00
2016.11.16 07:14:09.778,1.36369,1.36385,1.00,1.00
2016.11.16 07:14:10.183,1.36369,1.36387,1.87,1.12
2016.11.16 07:14:10.511,1.36368,1.36384,1.12,1.00
2016.11.16 07:14:11.021,1.36369,1.36385,1.12,1.12
2016.11.16 07:14:11.325,1.36369,1.36383,1.00,1.00
2016.11.16 07:14:11.730,1.36369,1.36385,1.00,1.12
2016.11.16 07:14:12.088,1.36369,1.36387,1.37,1.50
2016.11.16 07:14:12.423,1.36373,1.36388,1.00,1.00
2016.11.16 07:14:13.123,1.36373,1.3639,1.00,1.87
2016.11.16 07:14:13.427,1.36374,1.36391,1.37,1.12
2016.11.16 07:14:14.186,1.36375,1.36391,1.37,1.00
2016.11.16 07:14:14.706,1.36378,1.36392,1.00,1.00
2016.11.16 07:14:15.010,1.36378,1.36394,1.12,1.12
2016.11.16 07:14:15.365,1.36382,1.36398,1.00,3.37
2016.11.16 07:14:15.633,1.36387,1.36404,1.37,1.50
2016.11.16 07:14:15.886,1.36387,1.36399,1.37,1.00
2016.11.16 07:14:15.988,1.36386,1.36403,1.12,1.37
2016.11.16 07:14:16.140,1.36387,1.36404,1.00,1.75
2016.11.16 07:14:16.293,1.36389,1.36406,1.37,3.75
2016.11.16 07:14:16.445,1.36392,1.36408,1.12,1.75
2016.11.16 07:14:16.648,1.36394,1.36406,1.00,1.00
2016.11.16 07:14:16.800,1.36395,1.36413,1.50,3.37
2016.11.16 07:14:16.901,1.36397,1.36415,1.00,3.37
2016.11.16 07:14:17.003,1.36397,1.36413,1.37,1.12
2016.11.16 07:14:17.233,1.36395,1.36416,3.00,1.75
2016.11.16 07:14:17.335,1.36399,1.36417,1.87,1.75
2016.11.16 07:14:17.487,1.36398,1.36417,1.75,1.00
2016.11.16 07:14:17.538,1.36398,1.36416,3.37,1.50
2016.11.16 07:14:17.691,1.36396,1.36415,4.50,1.00
2016.11.16 07:14:17.741,1.36396,1.36415,1.87,1.37
2016.11.16 07:14:17.995,1.364,1.36418,1.00,1.50
2016.11.16 07:14:18.046,1.36398,1.36418,2.25,1.50
2016.11.16 07:14:18.097,1.36398,1.36415,2.25,1.00
2016.11.16 07:14:18.148,1.36399,1.36419,1.37,1.75
2016.11.16 07:14:18.228,1.36399,1.36419,1.50,1.50
2016.11.16 07:14:18.431,1.36402,1.36419,1.37,1.00
2016.11.16 07:14:18.986,1.36402,1.36422,1.75,2.25
2016.11.16 07:14:19.444,1.36402,1.36418,1.00,1.37
2016.11.16 07:14:19.545,1.364,1.36417,1.00,1.37
2016.11.16 07:14:19.850,1.36401,1.36419,1.87,1.50
2016.11.16 07:14:20.153,1.364,1.36419,1.37,1.50
2016.11.16 07:14:20.255,1.36401,1.36419,1.37,1.12
2016.11.16 07:14:20.562,1.36404,1.36418,1.50,1.00
2016.11.16 07:14:20.714,1.36405,1.36422,1.00,1.50
2016.11.16 07:14:21.626,1.36406,1.36424,1.00,1.75
2016.11.16 07:14:22.224,1.36407,1.36423,1.00,1.00
2016.11.16 07:14:22.732,1.36405,1.36423,2.25,1.00
2016.11.16 07:14:23.137,1.36405,1.36421,1.37,1.37
2016.11.16 07:14:23.227,1.36402,1.3642,2.25,1.75
2016.11.16 07:14:23.531,1.36402,1.36419,1.50,3.37
2016.11.16 07:14:24.239,1.36402,1.3642,1.87,4.12
2016.11.16 07:14:24.795,1.36402,1.3642,1.87,2.25
2016.11.16 07:14:24.846,1.36403,1.36419,1.50,1.00
2016.11.16 07:14:24.948,1.36405,1.36423,1.37,3.37
2016.11.16 07:14:25.050,1.36407,1.36424,1.12,1.50
2016.11.16 07:14:25.555,1.36408,1.36424,1.00,1.00
2016.11.16 07:14:26.429,1.36408,1.36425,1.37,1.50
2016.11.16 07:14:26.936,1.36408,1.36425,1.50,1.12
2016.11.16 07:14:27.241,1.3641,1.3643,2.25,1.50
2016.11.16 07:14:27.742,1.36414,1.36432,1.87,1.50
2016.11.16 07:14:27.793,1.36416,1.36433,1.12,1.50
2016.11.16 07:14:27.844,1.36416,1.36435,3.00,1.50
2016.11.16 07:14:27.895,1.36416,1.36435,3.37,1.12
2016.11.16 07:14:29.366,1.36419,1.36437,1.37,1.00
2016.11.16 07:14:29.876,1.36422,1.36438,1.37,1.00
2016.11.16 07:14:30.182,1.3643,1.3644,1.00,1.12
2016.11.16 07:14:30.284,1.36419,1.36436,3.00,1.37
2016.11.16 07:14:30.335,1.36416,1.36434,2.25,1.37
2016.11.16 07:14:30.387,1.36416,1.36431,1.50,1.00
2016.11.16 07:14:30.438,1.36416,1.36429,1.00,1.12
2016.11.16 07:14:30.489,1.36412,1.36429,1.87,1.12
2016.11.16 07:14:30.659,1.36413,1.36432,1.87,1.12
2016.11.16 07:14:30.761,1.36412,1.3643,1.75,1.00
2016.11.16 07:14:30.812,1.36413,1.36432,1.50,1.12
2016.11.16 07:14:30.863,1.36413,1.36433,1.87,4.12
2016.11.16 07:14:30.964,1.36414,1.36432,1.12,1.50
2016.11.16 07:14:31.015,1.36416,1.36432,1.00,1.50
2016.11.16 07:14:31.167,1.36416,1.36435,1.00,1.37
2016.11.16 07:14:31.725,1.36415,1.36435,1.00,2.62
2016.11.16 07:14:31.777,1.36415,1.36434,1.00,1.75
2016.11.16 07:14:32.681,1.36414,1.36433,1.00,1.75
2016.11.16 07:14:33.199,1.36415,1.36434,1.00,2.62
2016.11.16 07:14:33.502,1.36413,1.36431,1.00,2.62
2016.11.16 07:14:33.553,1.36411,1.36431,1.00,1.75
2016.11.16 07:14:33.756,1.36413,1.36429,1.00,1.00
2016.11.16 07:14:33.807,1.36411,1.3643,1.12,1.50
2016.11.16 07:14:34.060,1.36407,1.36427,1.75,1.12
2016.11.16 07:14:34.369,1.36406,1.36425,2.25,1.00
2016.11.16 07:14:34.980,1.36405,1.36423,2.25,1.31
2016.11.16 07:14:35.133,1.36404,1.36423,1.37,2.81
2016.11.16 07:14:35.184,1.36404,1.36423,1.50,3.19
2016.11.16 07:14:35.488,1.36398,1.36418,2.25,1.84
2016.11.16 07:14:35.842,1.36398,1.36417,1.75,1.87
2016.11.16 07:14:36.991,1.36397,1.36414,1.12,2.25
2016.11.16 07:14:37.759,1.36395,1.36413,1.12,4.50
2016.11.16 07:14:37.950,1.36395,1.36413,1.12,1.75
2016.11.16 07:14:38.001,1.36395,1.36409,1.12,1.25
2016.11.16 07:14:38.204,1.36392,1.36409,1.12,1.50
2016.11.16 07:14:38.709,1.36393,1.36409,1.12,1.50
2016.11.16 07:14:38.963,1.36391,1.36409,1.50,2.62
2016.11.16 07:14:39.519,1.3639,1.36406,1.00,2.62
2016.11.16 07:14:39.712,1.36388,1.36406,1.75,1.12
2016.11.16 07:14:40.223,1.36388,1.36406,1.50,1.75
2016.11.16 07:14:40.845,1.36387,1.36402,1.12,1.00
2016.11.16 07:14:40.896,1.36387,1.36402,1.00,4.12
2016.11.16 07:14:40.947,1.36385,1.36402,1.00,4.50
2016.11.16 07:14:41.150,1.36383,1.36399,1.00,1.37
2016.11.16 07:14:41.201,1.36383,1.36399,1.00,1.00
2016.11.16 07:14:41.252,1.36385,1.36401,1.37,1.37
2016.11.16 07:14:41.400,1.36384,1.36401,1.37,1.87
2016.11.16 07:14:41.703,1.36382,1.36396,1.00,1.00
2016.11.16 07:14:42.058,1.36383,1.364,1.50,2.25
2016.11.16 07:14:42.261,1.36385,1.36404,1.12,2.25
2016.11.16 07:14:43.013,1.36386,1.36404,1.12,1.87
2016.11.16 07:14:45.173,1.36386,1.36401,1.12,1.12
2016.11.16 07:14:45.224,1.36384,1.36401,1.75,1.12
2016.11.16 07:14:45.276,1.36384,1.36401,1.12,1.75
2016.11.16 07:14:45.478,1.36391,1.36406,1.00,1.37
2016.11.16 07:14:45.529,1.36393,1.36406,1.00,1.37
2016.11.16 07:14:45.580,1.36393,1.36407,1.00,1.00
2016.11.16 07:14:45.779,1.36393,1.36411,1.37,1.00
2016.11.16 07:14:46.768,1.36395,1.36411,1.00,1.00
2016.11.16 07:14:46.971,1.36395,1.36413,3.00,1.00
2016.11.16 07:14:47.275,1.36395,1.36414,2.25,1.87
2016.11.16 07:14:47.731,1.36395,1.36415,2.62,4.50
2016.11.16 07:14:48.197,1.36402,1.36415,1.00,1.12
2016.11.16 07:14:48.299,1.36403,1.3642,1.00,1.12
2016.11.16 07:14:48.350,1.36405,1.36422,1.00,3.37
2016.11.16 07:14:48.401,1.36405,1.36423,1.00,3.37
2016.11.16 07:14:48.755,1.36408,1.36423,1.00,1.75
2016.11.16 07:14:48.908,1.36408,1.36425,1.50,1.50
2016.11.16 07:14:48.959,1.36408,1.36425,2.25,1.00
2016.11.16 07:14:49.465,1.36413,1.36428,1.50,1.12
2016.11.16 07:14:49.618,1.36415,1.36434,1.12,2.62
2016.11.16 07:14:50.334,1.36414,1.36429,1.37,1.12
2016.11.16 07:14:50.385,1.3641,1.36428,1.75,1.12
2016.11.16 07:14:50.486,1.36409,1.36427,1.50,1.00
2016.11.16 07:14:51.002,1.36409,1.36426,1.50,1.00
2016.11.16 07:14:51.508,1.3641,1.36426,1.12,1.00
2016.11.16 07:14:51.812,1.36408,1.36425,1.75,1.75
2016.11.16 07:14:52.118,1.36413,1.3643,1.00,1.12
2016.11.16 07:14:52.256,1.36413,1.36431,1.87,1.87
2016.11.16 07:14:52.771,1.36412,1.36428,1.50,1.00
2016.11.16 07:14:53.173,1.3641,1.36426,1.87,1.00
2016.11.16 07:14:53.275,1.3641,1.36425,1.37,1.12
2016.11.16 07:14:53.325,1.36408,1.36426,1.75,2.25
2016.11.16 07:14:53.376,1.36408,1.36426,1.37,2.25
2016.11.16 07:14:54.515,1.3641,1.36426,1.00,2.62
2016.11.16 07:14:54.616,1.36409,1.36427,1.50,2.25
2016.11.16 07:14:54.718,1.36413,1.36426,1.00,1.50
2016.11.16 07:14:55.022,1.36418,1.36437,1.75,2.25
2016.11.16 07:14:55.225,1.36418,1.36436,1.00,1.00
2016.11.16 07:14:55.478,1.36418,1.36436,1.87,1.00
2016.11.16 07:14:55.883,1.36426,1.36437,1.37,1.00
2016.11.16 07:14:56.086,1.36427,1.36444,1.00,1.87
2016.11.16 07:14:56.607,1.36427,1.36445,1.12,3.37
2016.11.16 07:14:56.709,1.36427,1.36446,1.50,1.75
2016.11.16 07:14:56.810,1.36428,1.36446,1.00,1.50
2016.11.16 07:14:57.215,1.36425,1.36443,1.12,1.00
2016.11.16 07:14:57.317,1.36423,1.36441,2.25,1.00
2016.11.16 07:14:57.773,1.36424,1.36443,1.75,1.50
2016.11.16 07:14:58.229,1.36429,1.36443,1.00,1.37
2016.11.16 07:14:58.330,1.3643,1.36447,1.00,1.00
2016.11.16 07:14:58.381,1.36433,1.36447,1.00,1.00
2016.11.16 07:14:58.690,1.36439,1.36452,1.00,1.37
2016.11.16 07:14:58.994,1.36437,1.36452,1.87,1.87
2016.11.16 07:14:59.096,1.36436,1.36452,2.62,3.37
2016.11.16 07:14:59.147,1.36436,1.36452,2.62,2.62
2016.11.16 07:14:59.198,1.36434,1.36452,4.12,2.62
2016.11.16 07:14:59.579,1.3644,1.36452,1.00,1.00
2016.11.16 07:14:59.921,1.36435,1.36445,2.62,1.12
2016.11.16 07:14:59.972,1.36433,1.36446,3.00,1.00
2016.11.16 07:15:00.023,1.36431,1.36446,1.00,1.87
2016.11.16 07:15:00.480,1.36431,1.36448,1.00,1.12
2016.11.16 07:15:00.683,1.36431,1.36449,2.25,1.37
2016.11.16 07:15:01.190,1.36432,1.3645,1.75,1.50
2016.11.16 07:15:01.494,1.36435,1.3645,1.75,1.00
2016.11.16 07:15:02.639,1.36435,1.3645,1.50,1.00
2016.11.16 07:15:03.147,1.36435,1.3645,1.75,1.00
2016.11.16 07:15:03.373,1.36439,1.3645,1.87,1.00
2016.11.16 07:15:03.475,1.3644,1.36458,2.25,3.00
2016.11.16 07:15:03.627,1.36443,1.36457,1.00,1.87
2016.11.16 07:15:03.806,1.3644,1.36457,3.37,2.25
2016.11.16 07:15:03.908,1.36441,1.36457,1.00,1.87
2016.11.16 07:15:04.162,1.36441,1.36459,1.12,1.87
2016.11.16 07:15:04.298,1.36442,1.36459,2.25,1.12
2016.11.16 07:15:04.802,1.3644,1.36459,1.75,1.87
2016.11.16 07:15:05.120,1.36433,1.3645,1.31,1.12
2016.11.16 07:15:05.369,1.36434,1.36448,1.00,1.00
2016.11.16 07:15:05.471,1.36433,1.3645,1.00,1.00
2016.11.16 07:15:05.573,1.36435,1.36451,1.00,1.00
2016.11.16 07:15:06.234,1.36436,1.36453,1.00,1.37
2016.11.16 07:15:06.538,1.36436,1.36455,1.75,2.25
2016.11.16 07:15:06.640,1.36436,1.36454,1.50,1.37
2016.11.16 07:15:06.741,1.36436,1.36455,1.75,2.62
2016.11.16 07:15:07.285,1.36437,1.36452,1.50,1.12
2016.11.16 07:15:08.375,1.36441,1.36452,1.00,1.12
2016.11.16 07:15:08.427,1.36442,1.36457,1.00,1.75
2016.11.16 07:15:08.530,1.36443,1.36457,4.12,1.12
2016.11.16 07:15:08.581,1.36443,1.36459,4.12,1.87
2016.11.16 07:15:09.126,1.36448,1.36463,1.00,1.12
2016.11.16 07:15:09.431,1.36447,1.36464,3.37,3.00
2016.11.16 07:15:09.735,1.36444,1.36463,2.25,3.00
2016.11.16 07:15:09.887,1.36452,1.36463,1.00,1.87
2016.11.16 07:15:10.425,1.36453,1.36463,1.00,1.37
2016.11.16 07:15:10.776,1.36451,1.36461,1.00,1.00
2016.11.16 07:15:11.472,1.36449,1.36461,1.00,1.00
2016.11.16 07:15:12.048,1.36448,1.36461,1.00,1.00
2016.11.16 07:15:12.526,1.36448,1.36463,1.00,1.00
2016.11.16 07:15:12.628,1.36445,1.36451,1.12,1.00
2016.11.16 07:15:12.680,1.36445,1.36456,1.12,1.87
2016.11.16 07:15:12.731,1.36441,1.36454,2.62,2.62
2016.11.16 07:15:12.832,1.36436,1.3645,1.75,1.12
2016.11.16 07:15:13.010,1.36436,1.36452,1.12,1.12
2016.11.16 07:15:13.517,1.36437,1.36453,1.50,1.00
2016.11.16 07:15:14.023,1.36438,1.36453,1.00,1.87
2016.11.16 07:15:14.276,1.36437,1.36453,1.00,3.75
2016.11.16 07:15:14.378,1.36435,1.36451,1.50,1.87
2016.11.16 07:15:14.718,1.36433,1.36448,1.37,1.50
2016.11.16 07:15:15.023,1.36436,1.3645,1.00,1.37
2016.11.16 07:15:15.277,1.36433,1.36451,1.00,4.50
2016.11.16 07:15:15.782,1.36434,1.36449,1.00,1.12
2016.11.16 07:15:16.571,1.36435,1.3645,1.00,1.12
2016.11.16 07:15:17.124,1.36434,1.3645,1.00,1.12
2016.11.16 07:15:17.377,1.36434,1.36451,1.87,4.12
2016.11.16 07:15:17.681,1.36436,1.36451,1.12,4.12
2016.11.16 07:15:18.035,1.36437,1.36454,1.00,4.12
2016.11.16 07:15:18.137,1.36437,1.36454,1.12,3.37
2016.11.16 07:15:18.325,1.36435,1.36451,1.00,1.75
2016.11.16 07:15:18.871,1.36433,1.3645,1.50,1.37
2016.11.16 07:15:19.179,1.36437,1.3645,1.00,1.37
2016.11.16 07:15:19.258,1.36435,1.36452,1.50,1.00
2016.11.16 07:15:19.309,1.36438,1.36452,1.00,1.37
2016.11.16 07:15:19.613,1.36441,1.36452,1.00,2.25
2016.11.16 07:15:19.705,1.36441,1.36457,1.12,1.00
2016.11.16 07:15:20.009,1.36441,1.36459,1.75,1.50
2016.11.16 07:15:20.511,1.36442,1.3646,1.12,2.25
2016.11.16 07:15:20.992,1.36443,1.36461,2.25,1.37
2016.11.16 07:15:21.502,1.36445,1.36461,1.12,1.87
2016.11.16 07:15:22.025,1.36444,1.3646,1.50,1.12
2016.11.16 07:15:22.621,1.36444,1.36461,1.37,1.00
2016.11.16 07:15:22.925,1.36443,1.3646,4.12,1.12
2016.11.16 07:15:23.230,1.36444,1.36461,2.62,1.00
2016.11.16 07:15:24.266,1.36444,1.36461,2.25,1.87
2016.11.16 07:15:24.367,1.36447,1.36461,1.00,1.87
2016.11.16 07:15:24.519,1.36444,1.36461,1.50,1.00
2016.11.16 07:15:25.592,1.36444,1.3646,1.12,1.50
2016.11.16 07:15:26.139,1.36444,1.36461,1.00,2.62
2016.11.16 07:15:26.241,1.36441,1.36459,1.87,1.87
2016.11.16 07:15:26.293,1.36441,1.36459,1.37,1.75
2016.11.16 07:15:26.344,1.36442,1.36459,1.12,1.87
2016.11.16 07:15:26.648,1.3644,1.36458,1.50,1.87
2016.11.16 07:15:26.850,1.3644,1.36457,1.87,1.12
2016.11.16 07:15:26.952,1.36441,1.36457,1.12,1.75
2016.11.16 07:15:27.463,1.36438,1.36456,1.87,1.75
2016.11.16 07:15:28.625,1.36438,1.36452,1.12,1.00
2016.11.16 07:15:28.676,1.36437,1.36452,1.50,1.12
2016.11.16 07:15:28.727,1.36442,1.36454,1.00,1.50
2016.11.16 07:15:28.778,1.3644,1.36451,2.25,1.00
2016.11.16 07:15:28.829,1.3644,1.36451,1.87,1.00
2016.11.16 07:15:28.880,1.36442,1.36459,1.37,1.50
2016.11.16 07:15:28.982,1.36442,1.36455,1.00,1.00
2016.11.16 07:15:29.033,1.36439,1.36455,1.00,1.00
2016.11.16 07:15:29.236,1.36438,1.36453,1.87,1.87
2016.11.16 07:15:29.388,1.36434,1.3645,1.87,1.00
2016.11.16 07:15:29.440,1.36438,1.3645,1.00,1.00
2016.11.16 07:15:29.777,1.36439,1.36456,2.62,2.62
2016.11.16 07:15:29.828,1.36439,1.36456,2.62,2.62
2016.11.16 07:15:29.879,1.3644,1.36457,1.37,1.75
2016.11.16 07:15:29.930,1.3644,1.36457,1.12,1.94
2016.11.16 07:15:30.133,1.36441,1.36455,1.37,1.00
2016.11.16 07:15:30.335,1.36441,1.36455,1.00,1.50
2016.11.16 07:15:30.488,1.36438,1.36453,2.25,1.00
2016.11.16 07:15:30.792,1.3644,1.36455,1.75,1.12
2016.11.16 07:15:31.297,1.3644,1.36457,1.87,2.25
2016.11.16 07:15:31.449,1.36439,1.36456,1.87,1.50
2016.11.16 07:15:34.076,1.36437,1.36453,1.12,1.00
2016.11.16 07:15:36.567,1.36443,1.36453,1.00,1.00
2016.11.16 07:15:36.913,1.36437,1.36452,1.50,1.00
2016.11.16 07:15:37.066,1.36438,1.36452,1.00,1.50
2016.11.16 07:15:37.371,1.36435,1.36451,1.50,1.87
2016.11.16 07:15:37.473,1.36435,1.36451,1.00,4.87
2016.11.16 07:15:42.576,1.36433,1.36451,1.50,2.62
2016.11.16 07:15:44.109,1.36437,1.36451,1.75,1.00
2016.11.16 07:15:44.210,1.36434,1.36449,1.75,1.87
2016.11.16 07:15:44.312,1.36435,1.36454,3.37,1.12
2016.11.16 07:15:44.363,1.36438,1.36453,1.37,3.75
2016.11.16 07:15:44.414,1.36437,1.36449,1.50,1.00
2016.11.16 07:15:44.516,1.36437,1.36454,1.87,2.62
2016.11.16 07:15:44.668,1.36438,1.36453,1.00,1.75
2016.11.16 07:15:44.799,1.36435,1.36452,1.69,1.00
2016.11.16 07:15:44.850,1.36437,1.36452,1.00,1.00
2016.11.16 07:15:45.163,1.36433,1.36452,1.37,2.25
2016.11.16 07:15:48.835,1.36434,1.36451,1.37,1.00
2016.11.16 07:15:51.298,1.36433,1.36452,1.75,2.25
2016.11.16 07:15:54.323,1.36437,1.36451,1.00,1.75
2016.11.16 07:15:54.425,1.36437,1.36451,1.00,1.12
2016.11.16 07:15:54.526,1.36435,1.36451,1.75,1.37
2016.11.16 07:15:54.881,1.36434,1.36451,1.87,1.50
2016.11.16 07:15:55.536,1.36433,1.36447,1.75,1.00
2016.11.16 07:15:55.840,1.36428,1.3644,1.37,1.50
2016.11.16 07:15:56.146,1.36427,1.36442,1.00,2.62
2016.11.16 07:15:56.502,1.36428,1.36439,1.75,1.00
2016.11.16 07:15:56.704,1.36424,1.36439,1.37,1.12
2016.11.16 07:15:56.868,1.36422,1.3644,1.87,2.25
2016.11.16 07:15:57.121,1.36422,1.3644,1.75,1.00
2016.11.16 07:15:57.223,1.36424,1.36443,1.75,1.50
2016.11.16 07:15:57.274,1.36429,1.36443,1.37,1.37
2016.11.16 07:15:57.325,1.36429,1.36445,1.75,1.00
2016.11.16 07:15:57.529,1.3643,1.36445,1.75,1.00
2016.11.16 07:15:57.732,1.36428,1.36445,1.00,1.75
2016.11.16 07:15:57.834,1.36428,1.36447,2.06,3.37
2016.11.16 07:15:58.037,1.36425,1.36442,2.81,1.50
2016.11.16 07:15:58.138,1.36424,1.3644,1.50,1.00
2016.11.16 07:15:58.322,1.36423,1.36438,1.00,1.87
2016.11.16 07:15:58.576,1.36419,1.36436,1.12,1.00
2016.11.16 07:15:59.380,1.36419,1.36436,1.50,1.50
2016.11.16 07:15:59.533,1.36415,1.36432,1.37,1.12
2016.11.16 07:15:59.585,1.36415,1.36431,1.00,1.00
2016.11.16 07:15:59.636,1.36414,1.3643,1.50,1.37
2016.11.16 07:16:00.057,1.36413,1.36428,1.87,1.00
2016.11.16 07:16:00.108,1.36415,1.36432,1.12,3.37
2016.11.16 07:16:00.311,1.36419,1.36434,1.00,1.00
2016.11.16 07:16:00.362,1.36422,1.36437,1.00,1.75
2016.11.16 07:16:00.413,1.36421,1.36437,1.50,1.00
2016.11.16 07:16:00.465,1.36422,1.36437,1.50,1.00
2016.11.16 07:16:00.719,1.36421,1.36436,1.12,1.00
2016.11.16 07:16:00.770,1.36421,1.36434,1.12,1.00
2016.11.16 07:16:00.922,1.36417,1.36434,1.12,1.00
2016.11.16 07:16:01.075,1.36419,1.36435,1.00,1.00
2016.11.16 07:16:01.398,1.36421,1.36438,1.12,1.00
2016.11.16 07:16:01.449,1.36421,1.36438,1.37,1.50
2016.11.16 07:16:02.160,1.3642,1.36436,1.12,1.00
2016.11.16 07:16:02.262,1.36417,1.36435,1.75,1.00
2016.11.16 07:16:02.364,1.36417,1.36435,1.12,1.12
2016.11.16 07:16:02.889,1.36417,1.36435,1.50,1.00
2016.11.16 07:16:03.093,1.36417,1.36428,1.50,1.00
2016.11.16 07:16:03.247,1.36406,1.36421,1.37,1.00
2016.11.16 07:16:03.348,1.36405,1.36419,1.12,1.00
2016.11.16 07:16:03.654,1.36399,1.36414,1.50,1.00
2016.11.16 07:16:03.756,1.36399,1.36414,1.12,1.00
2016.11.16 07:16:04.110,1.36399,1.36412,1.12,1.00
2016.11.16 07:16:04.373,1.36396,1.36411,1.00,1.37
2016.11.16 07:16:04.424,1.36399,1.36413,1.00,1.00
2016.11.16 07:16:04.728,1.36402,1.36415,1.00,1.12
2016.11.16 07:16:05.253,1.36403,1.36415,1.00,1.12
2016.11.16 07:16:05.557,1.36403,1.36417,2.25,1.12
2016.11.16 07:16:06.092,1.36403,1.36418,1.50,1.12
2016.11.16 07:16:06.852,1.36405,1.36421,1.50,1.37
2016.11.16 07:16:07.157,1.36396,1.3641,1.12,1.00
2016.11.16 07:16:07.470,1.36381,1.36392,1.00,1.12
2016.11.16 07:16:07.521,1.36378,1.36395,1.50,1.12
2016.11.16 07:16:07.623,1.36378,1.36394,1.12,1.37
2016.11.16 07:16:07.674,1.36379,1.36394,1.12,1.12
2016.11.16 07:16:07.777,1.3638,1.36396,1.50,1.00
2016.11.16 07:16:08.335,1.3638,1.36396,2.25,1.00
2016.11.16 07:16:08.538,1.36388,1.36398,1.00,1.87
2016.11.16 07:16:08.640,1.36385,1.36401,1.50,1.50
2016.11.16 07:16:08.741,1.36386,1.36401,1.12,1.00
2016.11.16 07:16:09.265,1.36387,1.36401,1.37,1.00
2016.11.16 07:16:09.417,1.36384,1.36398,1.12,1.00
2016.11.16 07:16:09.923,1.36381,1.36398,1.75,1.87
2016.11.16 07:16:10.471,1.36383,1.36398,1.00,1.12
2016.11.16 07:16:10.651,1.36383,1.364,2.25,1.50
2016.11.16 07:16:10.954,1.36387,1.36402,1.12,1.00
2016.11.16 07:16:11.744,1.36387,1.36401,1.12,1.00
2016.11.16 07:16:11.896,1.36386,1.36398,1.00,1.00
2016.11.16 07:16:11.947,1.36384,1.36397,1.12,1.00
2016.11.16 07:16:12.049,1.36381,1.36397,3.37,1.00
2016.11.16 07:16:12.100,1.3638,1.36397,2.62,1.00
2016.11.16 07:16:12.639,1.36381,1.36394,1.37,1.00
2016.11.16 07:16:12.947,1.3638,1.36393,1.12,1.50
2016.11.16 07:16:14.897,1.3638,1.36395,1.12,1.00
2016.11.16 07:16:16.375,1.36383,1.36395,1.00,1.00
2016.11.16 07:16:16.426,1.36382,1.36399,1.12,1.50
2016.11.16 07:16:16.478,1.36382,1.364,1.50,2.25
2016.11.16 07:16:16.864,1.36381,1.36398,1.12,1.00
2016.11.16 07:16:18.152,1.36382,1.36398,1.00,1.00
2016.11.16 07:16:18.654,1.36382,1.36399,1.12,1.75
2016.11.16 07:16:19.783,1.36382,1.36399,1.12,1.50
2016.11.16 07:16:20.252,1.36382,1.36399,1.12,2.62
2016.11.16 07:16:20.948,1.36383,1.36397,1.00,1.50
2016.11.16 07:16:21.164,1.36386,1.36401,1.12,1.00
2016.11.16 07:16:22.918,1.36386,1.36403,1.12,1.50
2016.11.16 07:16:22.969,1.36387,1.36403,1.37,1.37
2016.11.16 07:16:23.289,1.36389,1.36406,2.25,1.00
2016.11.16 07:16:23.799,1.36392,1.36407,1.12,1.00
2016.11.16 07:16:24.053,1.36393,1.3641,1.37,1.87
2016.11.16 07:16:24.509,1.36393,1.36405,1.37,1.00
2016.11.16 07:16:24.712,1.36383,1.36399,4.87,1.00
2016.11.16 07:16:24.897,1.36382,1.36397,1.00,1.00
2016.11.16 07:16:24.948,1.36384,1.36398,1.00,1.12
2016.11.16 07:16:25.252,1.36384,1.364,1.50,1.37
2016.11.16 07:16:25.771,1.36384,1.36402,3.00,1.87
2016.11.16 07:16:26.632,1.36385,1.36402,1.37,2.25
2016.11.16 07:16:29.578,1.36387,1.36401,1.00,1.00
2016.11.16 07:16:29.680,1.36387,1.36403,1.50,1.50
2016.11.16 07:16:29.834,1.3639,1.36406,1.12,1.37
2016.11.16 07:16:29.885,1.36392,1.36407,1.00,1.87
2016.11.16 07:16:30.189,1.36395,1.3641,1.75,1.50
2016.11.16 07:16:30.695,1.36395,1.36412,1.87,1.87
2016.11.16 07:16:31.001,1.36397,1.36411,4.12,1.00
2016.11.16 07:16:31.135,1.36397,1.36411,1.00,1.00
2016.11.16 07:16:31.641,1.36397,1.36412,1.00,1.00
2016.11.16 07:16:32.176,1.36397,1.3641,1.00,1.00
2016.11.16 07:16:32.574,1.36398,1.36413,1.00,1.12
2016.11.16 07:16:32.675,1.36403,1.36416,1.50,2.25
2016.11.16 07:16:32.929,1.36411,1.36427,1.12,1.12
2016.11.16 07:16:33.008,1.36411,1.36428,1.50,1.87
2016.11.16 07:16:33.059,1.36413,1.36428,1.37,1.00
2016.11.16 07:16:33.162,1.36413,1.36424,1.37,1.00
2016.11.16 07:16:33.281,1.3641,1.36424,1.37,1.00
2016.11.16 07:16:33.383,1.36407,1.36424,2.25,1.00
2016.11.16 07:16:33.485,1.36408,1.36425,1.87,1.00
2016.11.16 07:16:35.021,1.3641,1.36425,1.12,1.00
2016.11.16 07:16:35.275,1.3641,1.36427,1.12,1.12
2016.11.16 07:16:35.326,1.36412,1.36429,1.37,1.12
2016.11.16 07:16:35.427,1.36414,1.36432,1.87,2.62
2016.11.16 07:16:35.630,1.36416,1.36432,1.12,1.00
2016.11.16 07:16:36.155,1.36418,1.36433,1.00,1.12
2016.11.16 07:16:36.658,1.36416,1.36433,1.75,1.50
2016.11.16 07:16:37.012,1.36416,1.36427,1.75,1.50
2016.11.16 07:16:37.136,1.36409,1.36422,1.12,1.00
2016.11.16 07:16:37.238,1.36407,1.36421,1.12,1.00
2016.11.16 07:16:37.339,1.36405,1.36423,1.12,1.87
2016.11.16 07:16:37.896,1.36406,1.3642,1.00,1.00
2016.11.16 07:16:38.587,1.36406,1.36421,1.00,1.00
2016.11.16 07:16:42.594,1.36408,1.36421,1.00,1.00
2016.11.16 07:16:42.848,1.36408,1.36424,1.50,1.50
2016.11.16 07:16:43.343,1.36408,1.36424,1.50,1.50
2016.11.16 07:16:43.923,1.36408,1.36423,1.87,1.87
2016.11.16 07:16:44.227,1.36411,1.36423,1.00,1.12
2016.11.16 07:16:44.763,1.3641,1.36424,1.00,1.50
2016.11.16 07:16:45.278,1.3641,1.36422,2.25,1.00
2016.11.16 07:16:45.784,1.36408,1.36423,1.87,1.12
2016.11.16 07:16:46.444,1.3641,1.36422,2.25,1.00
2016.11.16 07:16:46.748,1.36407,1.36414,1.00,2.62
2016.11.16 07:16:46.799,1.36397,1.36412,1.50,1.37
2016.11.16 07:16:47.238,1.36397,1.36412,1.50,2.25
2016.11.16 07:16:47.291,1.36396,1.36412,1.00,2.25
2016.11.16 07:16:47.798,1.36394,1.36413,3.19,3.75
2016.11.16 07:16:47.849,1.36395,1.36413,1.00,1.12
2016.11.16 07:16:47.900,1.36397,1.36414,1.00,2.62
2016.11.16 07:16:48.204,1.36399,1.36415,2.06,4.12
2016.11.16 07:16:48.255,1.36402,1.36417,1.00,4.87
2016.11.16 07:16:48.356,1.36405,1.36419,1.00,3.37
2016.11.16 07:16:48.458,1.36408,1.36423,1.87,2.62
2016.11.16 07:16:48.559,1.36408,1.36423,1.12,1.87
2016.11.16 07:16:49.626,1.3641,1.36423,1.25,1.00
2016.11.16 07:16:49.930,1.36411,1.36423,1.12,1.87
2016.11.16 07:16:49.981,1.36409,1.36423,1.50,1.87
2016.11.16 07:16:50.032,1.36409,1.36423,2.44,1.50
2016.11.16 07:16:50.336,1.3641,1.36423,1.14,1.00
2016.11.16 07:16:50.763,1.3641,1.36423,1.14,1.50
2016.11.16 07:16:51.018,1.3641,1.36423,1.00,1.50
2016.11.16 07:16:51.526,1.36409,1.36423,1.87,1.00
2016.11.16 07:16:52.133,1.3641,1.36423,1.01,1.50
2016.11.16 07:16:52.437,1.36412,1.36423,1.37,1.50
2016.11.16 07:16:52.855,1.36411,1.36423,1.00,1.00
2016.11.16 07:16:53.007,1.36414,1.36423,1.00,1.50
2016.11.16 07:16:53.312,1.36418,1.36423,1.00,1.00
2016.11.16 07:16:53.365,1.36414,1.36423,1.75,1.50
2016.11.16 07:16:53.469,1.36414,1.36423,1.50,1.50
2016.11.16 07:16:53.672,1.3641,1.36423,1.00,1.50
2016.11.16 07:16:54.076,1.3641,1.36423,1.01,2.25
2016.11.16 07:16:54.127,1.36409,1.36423,2.26,1.00
2016.11.16 07:16:55.420,1.3641,1.36423,1.00,1.50
2016.11.16 07:16:56.830,1.36409,1.36423,3.39,1.00
2016.11.16 07:16:57.368,1.3641,1.36423,1.00,1.50
2016.11.16 07:16:57.975,1.36414,1.36423,1.00,1.50
2016.11.16 07:16:58.433,1.36412,1.36422,1.50,1.00
2016.11.16 07:16:58.788,1.36412,1.36422,2.25,1.00
2016.11.16 07:16:59.667,1.36416,1.36422,1.00,1.00
2016.11.16 07:17:00.124,1.36417,1.36423,2.25,1.00
2016.11.16 07:17:00.428,1.36422,1.36426,1.50,1.87
2016.11.16 07:17:00.656,1.36427,1.36431,1.12,1.00
2016.11.16 07:17:00.710,1.36428,1.36441,1.37,1.50
2016.11.16 07:17:00.863,1.36428,1.36444,1.75,1.50
2016.11.16 07:17:01.117,1.36432,1.36447,1.00,1.50
2016.11.16 07:17:01.321,1.36431,1.36443,2.62,2.62
2016.11.16 07:17:01.474,1.36427,1.36441,1.12,1.37
2016.11.16 07:17:01.525,1.36429,1.3644,1.12,1.00
2016.11.16 07:17:01.872,1.36429,1.36445,1.75,1.87
2016.11.16 07:17:02.488,1.36429,1.36444,1.00,1.75
2016.11.16 07:17:05.185,1.36426,1.36444,1.76,1.75
2016.11.16 07:17:06.181,1.36426,1.36441,1.01,1.00
2016.11.16 07:17:06.232,1.36426,1.36439,1.01,1.00
2016.11.16 07:17:06.283,1.36426,1.36441,1.00,1.12
2016.11.16 07:17:06.385,1.36423,1.36439,1.01,1.00
2016.11.16 07:17:06.790,1.3642,1.36437,2.64,1.00
2016.11.16 07:17:06.893,1.36419,1.36437,1.39,1.12
2016.11.16 07:17:07.382,1.36418,1.36434,1.01,1.00
2016.11.16 07:17:07.686,1.36414,1.3643,1.39,1.00
2016.11.16 07:17:07.788,1.36413,1.36429,1.14,1.12
2016.11.16 07:17:08.302,1.36413,1.36428,1.01,1.12
2016.11.16 07:17:09.073,1.36413,1.36429,1.00,1.37
2016.11.16 07:17:09.275,1.36413,1.3643,1.00,1.12
2016.11.16 07:17:09.428,1.36414,1.36432,1.37,2.25
2016.11.16 07:17:09.580,1.36417,1.36435,3.37,1.00
2016.11.16 07:17:10.110,1.36419,1.36435,1.37,1.00
2016.11.16 07:17:10.161,1.36419,1.36433,1.37,1.00
2016.11.16 07:17:10.567,1.36415,1.3643,1.75,1.00
2016.11.16 07:17:10.668,1.36414,1.36428,1.00,1.00
2016.11.16 07:17:11.175,1.36414,1.36427,1.00,1.00
2016.11.16 07:17:11.705,1.36412,1.36426,1.37,1.00
2016.11.16 07:17:12.871,1.36412,1.36424,1.37,1.00
2016.11.16 07:17:12.973,1.3641,1.36424,1.50,1.00
2016.11.16 07:17:13.525,1.3641,1.36423,1.50,1.00
2016.11.16 07:17:13.627,1.3641,1.36421,1.00,1.00
2016.11.16 07:17:13.757,1.36402,1.36417,1.12,1.00
2016.11.16 07:17:14.063,1.36398,1.36415,1.87,1.50
2016.11.16 07:17:14.367,1.36397,1.36414,1.87,1.75
2016.11.16 07:17:14.469,1.36399,1.36414,1.37,1.12
2016.11.16 07:17:14.571,1.36401,1.36419,1.00,2.25
2016.11.16 07:17:14.672,1.36402,1.3642,2.25,1.37
2016.11.16 07:17:14.977,1.36404,1.3642,1.12,1.75
2016.11.16 07:17:15.414,1.36403,1.36416,1.00,1.12
2016.11.16 07:17:15.465,1.36403,1.36414,1.00,1.00
2016.11.16 07:17:15.516,1.36398,1.36412,1.50,1.00
2016.11.16 07:17:15.567,1.36398,1.36412,1.12,1.75
2016.11.16 07:17:16.078,1.36397,1.36412,1.12,1.75
2016.11.16 07:17:16.850,1.36399,1.36413,1.00,3.37
2016.11.16 07:17:16.901,1.36399,1.36417,2.25,3.00
2016.11.16 07:17:16.953,1.36399,1.36417,4.12,2.62
2016.11.16 07:17:17.105,1.36402,1.36418,1.12,1.50
2016.11.16 07:17:17.207,1.36402,1.36415,1.12,1.00
2016.11.16 07:17:17.715,1.36403,1.36415,1.00,1.50
2016.11.16 07:17:17.766,1.36399,1.36415,2.62,1.50
2016.11.16 07:17:18.378,1.36401,1.36417,1.12,1.00
2016.11.16 07:17:18.510,1.36399,1.36414,1.62,1.00
2016.11.16 07:17:19.020,1.36398,1.36415,1.37,1.50
2016.11.16 07:17:20.106,1.36396,1.36414,1.75,2.25
2016.11.16 07:17:21.428,1.36397,1.36415,1.87,1.75
2016.11.16 07:17:21.582,1.36398,1.36417,1.12,4.87
2016.11.16 07:17:22.213,1.364,1.36415,1.00,1.75
2016.11.16 07:17:22.528,1.364,1.36415,1.00,4.12
2016.11.16 07:17:22.995,1.364,1.36414,1.00,1.00
2016.11.16 07:17:23.096,1.364,1.36417,1.25,1.50
2016.11.16 07:17:23.147,1.364,1.36415,1.25,1.00
2016.11.16 07:17:23.482,1.364,1.36416,1.25,4.87
2016.11.16 07:17:24.409,1.364,1.36416,1.50,1.12
2016.11.16 07:17:24.511,1.364,1.36417,1.50,4.12
2016.11.16 07:17:24.612,1.36399,1.36417,3.19,1.12
2016.11.16 07:17:25.788,1.36399,1.36415,2.44,1.00
2016.11.16 07:17:26.092,1.36391,1.36405,1.37,1.50
2016.11.16 07:17:26.426,1.36383,1.36395,1.00,3.37
2016.11.16 07:17:26.527,1.36383,1.36397,1.00,3.37
2016.11.16 07:17:26.629,1.36382,1.36395,1.12,1.00
2016.11.16 07:17:26.782,1.36384,1.364,1.00,3.37
2016.11.16 07:17:26.934,1.36385,1.36404,1.50,3.37
2016.11.16 07:17:26.985,1.36387,1.36404,1.00,3.37
2016.11.16 07:17:27.036,1.36387,1.36403,1.00,1.12
2016.11.16 07:17:27.088,1.36384,1.36403,3.37,1.12
2016.11.16 07:17:27.139,1.36383,1.36401,3.37,1.12
2016.11.16 07:17:27.444,1.36386,1.36404,1.12,2.25
2016.11.16 07:17:27.945,1.36386,1.36403,1.12,1.00
2016.11.16 07:17:28.097,1.36388,1.36406,1.00,1.50
2016.11.16 07:17:28.403,1.36389,1.36408,2.62,1.87
2016.11.16 07:17:28.708,1.36391,1.36407,1.50,1.87
2016.11.16 07:17:28.810,1.36392,1.36407,1.00,2.25
2016.11.16 07:17:29.272,1.36391,1.36408,1.19,1.50
2016.11.16 07:17:29.775,1.36391,1.3641,2.25,1.75
2016.11.16 07:17:30.071,1.36394,1.3641,1.00,1.75
2016.11.16 07:17:30.376,1.36393,1.36409,1.00,1.75
2016.11.16 07:17:30.428,1.36391,1.36409,1.00,1.75
2016.11.16 07:17:30.870,1.36393,1.3641,1.50,3.37
2016.11.16 07:17:31.108,1.36394,1.36412,1.87,1.12
2016.11.16 07:17:31.635,1.36394,1.36411,2.62,1.00
2016.11.16 07:17:32.928,1.36394,1.3641,1.50,1.37
2016.11.16 07:17:33.447,1.36394,1.3641,1.00,1.75
2016.11.16 07:17:33.802,1.36392,1.36405,1.00,1.00
2016.11.16 07:17:34.106,1.36387,1.36402,1.37,1.75
2016.11.16 07:17:34.613,1.36387,1.36404,1.00,4.12
2016.11.16 07:17:34.715,1.36387,1.36405,1.87,1.75
2016.11.16 07:17:34.860,1.36387,1.36403,2.62,1.00
2016.11.16 07:17:34.962,1.3639,1.36409,1.00,1.75
2016.11.16 07:17:35.014,1.36393,1.36409,1.00,1.75
2016.11.16 07:17:35.428,1.36393,1.3641,1.00,1.25
2016.11.16 07:17:35.529,1.36398,1.3641,1.00,1.12
2016.11.16 07:17:37.196,1.36397,1.36411,1.00,1.50
2016.11.16 07:17:38.223,1.36397,1.36411,1.00,1.50
2016.11.16 07:17:39.108,1.36394,1.36411,2.25,1.00
2016.11.16 07:17:39.362,1.36394,1.36412,1.75,2.25
2016.11.16 07:17:40.386,1.36398,1.3641,1.00,1.37
2016.11.16 07:17:40.887,1.36394,1.36411,2.25,1.50
2016.11.16 07:17:41.112,1.36398,1.36411,1.00,1.50
2016.11.16 07:17:42.450,1.36398,1.36412,1.00,1.75
2016.11.16 07:17:42.602,1.36394,1.36411,1.12,1.62
2016.11.16 07:17:42.703,1.36393,1.36409,1.50,1.00
2016.11.16 07:17:43.173,1.36396,1.36409,1.00,1.00
2016.11.16 07:17:43.275,1.36396,1.36412,2.25,1.25
2016.11.16 07:17:43.580,1.36398,1.3641,1.00,1.50
2016.11.16 07:17:43.632,1.36395,1.3641,1.00,1.50
2016.11.16 07:17:43.683,1.36393,1.3641,1.00,1.50
2016.11.16 07:17:43.837,1.36397,1.3641,1.00,1.50
2016.11.16 07:17:44.292,1.36392,1.3641,2.25,1.50
2016.11.16 07:17:44.984,1.36392,1.3641,2.62,1.37
2016.11.16 07:17:45.527,1.36392,1.3641,2.25,1.75
2016.11.16 07:17:46.420,1.36398,1.3641,1.00,1.75
2016.11.16 07:17:46.521,1.36393,1.3641,1.50,1.37
2016.11.16 07:17:49.135,1.36394,1.36409,2.25,1.12
2016.11.16 07:17:49.240,1.36393,1.36409,1.37,1.12
2016.11.16 07:17:49.341,1.36391,1.36406,1.75,1.00
2016.11.16 07:17:49.392,1.36391,1.36406,1.00,2.06
2016.11.16 07:17:49.443,1.36393,1.36405,1.00,1.12
2016.11.16 07:17:49.754,1.36388,1.36402,1.00,1.75
2016.11.16 07:17:50.734,1.36386,1.36403,1.00,1.31
2016.11.16 07:17:50.786,1.36386,1.36402,1.37,1.31
2016.11.16 07:17:50.939,1.36385,1.36401,1.00,1.31
2016.11.16 07:17:51.091,1.36383,1.36401,3.00,3.19
2016.11.16 07:17:51.294,1.36385,1.36401,1.12,1.25
2016.11.16 07:17:52.072,1.36384,1.36402,3.00,2.81
2016.11.16 07:17:52.478,1.3639,1.36403,1.00,1.75
2016.11.16 07:17:52.631,1.36395,1.3641,1.00,1.37
2016.11.16 07:17:53.187,1.36394,1.36411,1.75,1.62
2016.11.16 07:17:53.340,1.36397,1.36413,1.00,1.37
2016.11.16 07:17:53.847,1.36398,1.36411,1.00,1.25
2016.11.16 07:17:53.898,1.36397,1.36415,1.87,1.75
2016.11.16 07:17:54.000,1.36397,1.36413,1.50,2.06
2016.11.16 07:17:54.508,1.36396,1.36413,1.37,2.06
2016.11.16 07:17:55.227,1.36398,1.36413,1.00,2.06
2016.11.16 07:17:55.771,1.36396,1.36413,1.37,2.06
2016.11.16 07:17:56.892,1.36394,1.3641,1.12,1.00
2016.11.16 07:17:57.206,1.36386,1.36402,1.75,1.37
2016.11.16 07:17:57.713,1.36386,1.364,1.12,1.00
2016.11.16 07:17:57.865,1.36384,1.364,1.87,1.00
2016.11.16 07:17:58.624,1.36384,1.36398,1.12,1.00
2016.11.16 07:17:58.928,1.36373,1.36384,1.12,1.37
2016.11.16 07:17:59.102,1.36363,1.36378,1.87,1.37
2016.11.16 07:17:59.306,1.36361,1.36374,1.02,1.00
2016.11.16 07:17:59.358,1.36361,1.3637,1.00,1.00
2016.11.16 07:17:59.409,1.36355,1.36367,1.00,1.00
2016.11.16 07:17:59.510,1.36349,1.36366,1.75,1.00
2016.11.16 07:17:59.612,1.3635,1.36364,1.00,1.50
2016.11.16 07:17:59.917,1.36348,1.36362,1.50,1.00
2016.11.16 07:18:00.439,1.36348,1.36363,1.50,1.12
2016.11.16 07:18:00.844,1.36344,1.36361,1.12,1.00
2016.11.16 07:18:01.148,1.36343,1.36356,1.00,1.12
2016.11.16 07:18:01.454,1.36343,1.36355,1.00,1.50
2016.11.16 07:18:01.985,1.36343,1.36355,1.00,1.12
2016.11.16 07:18:02.730,1.36338,1.36356,1.14,1.00
2016.11.16 07:18:03.257,1.36338,1.36356,1.12,1.00
2016.11.16 07:18:03.308,1.36339,1.36358,2.25,1.50
2016.11.16 07:18:03.359,1.36339,1.36358,2.62,1.00
2016.11.16 07:18:03.661,1.36346,1.36363,1.12,1.75
2016.11.16 07:18:03.712,1.36348,1.36365,1.00,1.50
2016.11.16 07:18:06.003,1.3635,1.36367,1.00,1.00
2016.11.16 07:18:06.242,1.36352,1.36367,1.00,1.00
2016.11.16 07:18:06.698,1.36358,1.36369,1.00,1.69
2016.11.16 07:18:06.749,1.36356,1.36369,1.00,1.69
2016.11.16 07:18:06.851,1.36358,1.36373,1.00,1.87
2016.11.16 07:18:07.105,1.36359,1.36375,1.00,1.12
2016.11.16 07:18:07.207,1.36361,1.36375,1.00,1.00
2016.11.16 07:18:07.410,1.36361,1.36381,1.87,2.59
2016.11.16 07:18:07.562,1.36362,1.36381,1.75,2.81
2016.11.16 07:18:07.714,1.36363,1.36381,1.87,1.50
2016.11.16 07:18:08.099,1.36367,1.36385,1.12,2.06
2016.11.16 07:18:08.150,1.36368,1.36385,1.00,1.25
2016.11.16 07:18:08.226,1.36368,1.36388,1.87,1.12
2016.11.16 07:18:08.329,1.36371,1.36391,1.00,3.56
2016.11.16 07:18:08.633,1.36373,1.36391,1.50,1.00
2016.11.16 07:18:09.141,1.36374,1.36392,1.50,1.12
2016.11.16 07:18:09.471,1.36376,1.36392,1.00,1.12
2016.11.16 07:18:09.962,1.36379,1.36396,1.00,2.62
2016.11.16 07:18:10.047,1.36377,1.36396,1.12,2.44
2016.11.16 07:18:10.099,1.36377,1.36395,1.75,1.37
2016.11.16 07:18:10.504,1.36378,1.36396,1.50,1.69
2016.11.16 07:18:10.605,1.36376,1.36395,1.75,1.37
2016.11.16 07:18:10.758,1.36375,1.36393,2.25,1.31
2016.11.16 07:18:10.860,1.36376,1.36393,1.12,1.31
2016.11.16 07:18:10.961,1.36375,1.36393,2.25,1.31
2016.11.16 07:18:15.614,1.36374,1.36393,1.75,1.50
2016.11.16 07:18:15.716,1.36373,1.36392,1.87,2.25
2016.11.16 07:18:16.042,1.36372,1.3639,1.87,1.75
2016.11.16 07:18:17.023,1.36372,1.36389,1.87,2.62
2016.11.16 07:18:17.125,1.36369,1.36386,1.75,1.37
2016.11.16 07:18:17.631,1.36368,1.36385,1.75,1.50
2016.11.16 07:18:18.476,1.36367,1.36386,1.12,1.12
2016.11.16 07:18:18.729,1.36367,1.36384,1.12,1.00
2016.11.16 07:18:18.983,1.36366,1.36382,1.50,1.12
2016.11.16 07:18:19.474,1.36363,1.3638,2.62,1.00
2016.11.16 07:18:19.779,1.36362,1.3638,1.50,1.12
2016.11.16 07:18:20.434,1.36362,1.36378,1.37,1.00
2016.11.16 07:18:20.739,1.36359,1.36376,1.50,1.75
2016.11.16 07:18:20.941,1.36359,1.36376,1.12,1.00
2016.11.16 07:18:20.992,1.36359,1.36376,1.12,1.00
2016.11.16 07:18:21.517,1.3636,1.36377,1.37,1.00
2016.11.16 07:18:25.390,1.36362,1.3638,1.00,1.12
2016.11.16 07:18:25.593,1.36369,1.36387,1.12,1.09
2016.11.16 07:18:25.644,1.36369,1.36388,1.87,2.74
2016.11.16 07:18:25.948,1.36371,1.36389,2.62,1.00
2016.11.16 07:18:26.168,1.36374,1.36393,1.37,1.00
2016.11.16 07:18:26.472,1.36379,1.36396,1.00,2.62
2016.11.16 07:18:26.626,1.3638,1.36399,1.50,1.12
2016.11.16 07:18:26.677,1.36385,1.36401,1.00,1.87
2016.11.16 07:18:26.981,1.36387,1.36402,1.00,1.00
2016.11.16 07:18:27.033,1.36384,1.36401,1.00,1.37
2016.11.16 07:18:28.463,1.36384,1.36402,2.25,1.37
2016.11.16 07:18:28.514,1.36384,1.36403,2.62,1.12
2016.11.16 07:18:28.565,1.36388,1.36403,1.00,1.12
2016.11.16 07:18:30.417,1.3639,1.36403,1.00,1.00
2016.11.16 07:18:30.671,1.36402,1.36418,1.31,1.50
2016.11.16 07:18:30.773,1.36403,1.36418,2.00,1.00
2016.11.16 07:18:31.078,1.36401,1.36417,1.31,1.00
2016.11.16 07:18:31.331,1.36398,1.36415,2.81,1.00
2016.11.16 07:18:31.534,1.36398,1.36415,1.50,1.75
2016.11.16 07:18:32.880,1.36398,1.36415,1.50,1.00
2016.11.16 07:18:33.922,1.36398,1.36412,1.50,1.50
2016.11.16 07:18:34.075,1.36395,1.36413,1.12,2.25
2016.11.16 07:18:34.181,1.36395,1.36413,1.50,1.87
2016.11.16 07:18:34.282,1.36395,1.36413,1.12,1.50
2016.11.16 07:18:34.611,1.36395,1.36413,1.37,1.87
2016.11.16 07:18:34.967,1.36397,1.36415,1.87,1.87
2016.11.16 07:18:35.069,1.36399,1.36417,1.00,1.00
2016.11.16 07:18:35.575,1.36399,1.36417,1.50,1.50
2016.11.16 07:18:36.234,1.36397,1.36415,3.37,1.56
2016.11.16 07:18:36.539,1.36394,1.36413,1.87,1.31
2016.11.16 07:18:36.691,1.36394,1.36412,1.12,2.06
2016.11.16 07:18:36.849,1.36394,1.3641,1.00,1.62
2016.11.16 07:18:39.387,1.36394,1.3641,1.00,1.69
2016.11.16 07:18:39.893,1.36394,1.36411,1.00,1.00
2016.11.16 07:18:40.371,1.36393,1.36409,2.25,1.00
2016.11.16 07:18:40.574,1.3639,1.36406,1.00,1.00
2016.11.16 07:18:41.901,1.3639,1.36408,1.00,1.50
2016.11.16 07:18:42.425,1.3639,1.36408,1.00,2.62
2016.11.16 07:18:42.862,1.36392,1.36407,1.00,1.37
2016.11.16 07:18:42.964,1.36392,1.36408,1.00,2.06
2016.11.16 07:18:43.502,1.36392,1.3641,1.87,1.94
2016.11.16 07:18:43.957,1.36394,1.36411,1.12,1.56
2016.11.16 07:18:44.469,1.36395,1.36412,1.00,2.06
2016.11.16 07:18:44.976,1.36393,1.3641,1.00,1.87
2016.11.16 07:18:45.315,1.36395,1.36412,1.00,1.37
2016.11.16 07:18:45.836,1.36393,1.36412,1.12,1.87
2016.11.16 07:18:45.938,1.36395,1.36412,1.00,1.37
2016.11.16 07:18:46.901,1.36394,1.36412,1.12,1.87
2016.11.16 07:18:47.756,1.36393,1.36408,1.37,1.00
2016.11.16 07:18:47.858,1.3639,1.36407,1.50,1.00
2016.11.16 07:18:48.010,1.3639,1.36406,1.00,1.12
2016.11.16 07:18:48.213,1.3639,1.36408,1.00,2.25
2016.11.16 07:18:49.200,1.36388,1.36408,3.37,1.12
2016.11.16 07:18:49.803,1.36389,1.36402,1.00,1.00
2016.11.16 07:18:49.854,1.36388,1.36406,1.87,2.06
2016.11.16 07:18:49.956,1.36388,1.36405,1.00,1.37
2016.11.16 07:18:50.463,1.36388,1.36406,2.25,1.62
2016.11.16 07:18:51.090,1.36388,1.36406,3.00,1.62
2016.11.16 07:18:51.672,1.36388,1.36406,2.25,1.31
2016.11.16 07:18:51.774,1.36388,1.36406,2.62,1.62
2016.11.16 07:18:51.978,1.36392,1.36407,1.00,1.31
2016.11.16 07:18:52.130,1.36392,1.3641,2.62,1.31
2016.11.16 07:18:52.183,1.36394,1.36411,1.12,1.12
2016.11.16 07:18:52.234,1.36395,1.3641,1.00,1.00
2016.11.16 07:18:52.772,1.36395,1.36412,1.12,1.04
2016.11.16 07:18:53.772,1.36395,1.36413,1.50,1.37
2016.11.16 07:18:54.918,1.364,1.36414,1.00,1.04
2016.11.16 07:18:55.122,1.36407,1.3642,1.00,1.00
2016.11.16 07:18:55.325,1.36408,1.36425,1.00,1.37
2016.11.16 07:18:55.680,1.36408,1.36426,1.87,1.37
2016.11.16 07:18:55.782,1.36409,1.36426,1.00,1.75
2016.11.16 07:18:57.072,1.36409,1.36427,1.00,1.87
2016.11.16 07:18:57.944,1.3641,1.36427,1.37,1.12
2016.11.16 07:18:58.096,1.3641,1.36427,1.37,1.00
2016.11.16 07:18:59.269,1.36421,1.36427,1.12,1.00
2016.11.16 07:18:59.422,1.36424,1.36439,1.37,3.37
2016.11.16 07:18:59.473,1.36424,1.36441,1.87,1.75
2016.11.16 07:18:59.574,1.36425,1.36441,1.87,1.00
2016.11.16 07:18:59.625,1.36423,1.36439,1.12,1.00
2016.11.16 07:18:59.828,1.36423,1.36438,1.00,1.00
2016.11.16 07:18:59.980,1.3642,1.36432,1.87,1.00
2016.11.16 07:19:00.031,1.3642,1.36432,1.50,1.00
2016.11.16 07:19:00.132,1.36417,1.36428,1.12,1.00
2016.11.16 07:19:00.183,1.36416,1.36429,2.62,1.00
2016.11.16 07:19:00.351,1.36413,1.36429,1.00,1.00
2016.11.16 07:19:00.857,1.36413,1.36428,1.12,1.00
2016.11.16 07:19:01.009,1.36413,1.3643,1.87,1.50
2016.11.16 07:19:01.060,1.36416,1.3643,1.37,1.00
2016.11.16 07:19:01.364,1.36417,1.36433,1.37,1.25
2016.11.16 07:19:01.466,1.36416,1.36429,1.12,1.00
2016.11.16 07:19:01.720,1.36412,1.36427,1.50,1.12
2016.11.16 07:19:02.326,1.36417,1.36429,1.12,1.50
2016.11.16 07:19:03.633,1.36416,1.36429,1.12,1.87
2016.11.16 07:19:04.721,1.36416,1.36428,1.12,1.00
2016.11.16 07:19:04.772,1.36416,1.3643,1.12,1.12
2016.11.16 07:19:04.823,1.36415,1.36428,1.00,1.00
2016.11.16 07:19:05.128,1.36409,1.36422,1.37,1.00
2016.11.16 07:19:05.230,1.36409,1.36424,1.87,1.00
2016.11.16 07:19:06.876,1.3641,1.36423,1.37,1.00
2016.11.16 07:19:07.382,1.36408,1.36425,2.62,1.75
2016.11.16 07:19:07.433,1.36408,1.36424,2.25,3.37
2016.11.16 07:19:07.535,1.36408,1.36425,1.87,2.00
2016.11.16 07:19:08.170,1.36411,1.36427,1.37,4.31
2016.11.16 07:19:08.341,1.36411,1.36427,1.50,1.69
2016.11.16 07:19:08.544,1.36414,1.36425,1.12,1.00
2016.11.16 07:19:08.949,1.36414,1.36422,1.12,1.00
2016.11.16 07:19:09.051,1.3641,1.36423,1.50,1.00
2016.11.16 07:19:09.203,1.36411,1.36422,1.87,1.00
2016.11.16 07:19:09.721,1.36411,1.36423,1.87,1.75
2016.11.16 07:19:10.531,1.36411,1.36423,1.37,1.75
2016.11.16 07:19:11.831,1.36411,1.36421,1.37,1.37
2016.11.16 07:19:12.237,1.36407,1.36419,1.00,1.50
2016.11.16 07:19:12.338,1.36404,1.36417,1.12,1.50
2016.11.16 07:19:12.490,1.36403,1.36417,1.87,1.00
2016.11.16 07:19:12.635,1.36404,1.36416,1.00,1.75
2016.11.16 07:19:15.564,1.36401,1.36416,1.37,1.75
2016.11.16 07:19:16.107,1.36401,1.36418,1.75,1.75
2016.11.16 07:19:16.720,1.36404,1.36419,1.50,2.62
2016.11.16 07:19:16.873,1.36405,1.36417,1.00,1.00
2016.11.16 07:19:16.974,1.36406,1.36423,1.50,4.12
2016.11.16 07:19:17.076,1.36407,1.36422,1.37,1.00
2016.11.16 07:19:17.520,1.3641,1.36422,1.37,1.00
2016.11.16 07:19:17.673,1.36411,1.36429,1.12,3.56
2016.11.16 07:19:17.724,1.36414,1.3643,1.87,2.81
2016.11.16 07:19:17.961,1.36414,1.36432,1.87,2.44
2016.11.16 07:19:18.475,1.36415,1.36432,1.37,3.56
2016.11.16 07:19:19.683,1.36415,1.36432,1.87,2.44
2016.11.16 07:19:19.735,1.3642,1.36433,1.00,3.94
2016.11.16 07:19:19.988,1.36424,1.36438,1.37,1.19
2016.11.16 07:19:21.074,1.36424,1.36438,1.37,1.19
2016.11.16 07:19:21.292,1.36426,1.36443,1.00,5.06
2016.11.16 07:19:21.343,1.36427,1.36443,1.87,3.56
2016.11.16 07:19:21.495,1.36431,1.36447,1.00,2.44
2016.11.16 07:19:21.546,1.36434,1.36447,1.12,1.94
2016.11.16 07:19:22.052,1.36433,1.36448,1.12,1.31
2016.11.16 07:19:22.382,1.36433,1.36446,1.12,3.19
2016.11.16 07:19:24.187,1.36433,1.36444,1.12,2.00
2016.11.16 07:19:24.491,1.36433,1.36448,1.87,1.94
2016.11.16 07:19:25.422,1.36432,1.36449,1.00,3.19
2016.11.16 07:19:26.067,1.36432,1.36449,1.00,3.19
2016.11.16 07:19:26.577,1.3643,1.36449,1.37,2.44
2016.11.16 07:19:27.084,1.3643,1.36449,1.00,1.94
2016.11.16 07:19:27.604,1.36431,1.36449,1.00,1.94
2016.11.16 07:19:28.305,1.36432,1.36449,1.00,2.44
2016.11.16 07:19:28.686,1.36429,1.36446,1.37,1.19
2016.11.16 07:19:29.005,1.36429,1.36446,1.87,3.19
2016.11.16 07:19:29.106,1.36428,1.36443,1.12,1.19
2016.11.16 07:19:29.208,1.36427,1.36443,1.37,3.19
2016.11.16 07:19:29.312,1.36425,1.3644,1.00,1.25
2016.11.16 07:19:29.363,1.36427,1.36441,1.00,1.94
2016.11.16 07:19:29.465,1.36425,1.36441,1.00,1.94
2016.11.16 07:19:29.516,1.36425,1.3644,1.00,1.56
2016.11.16 07:19:29.668,1.36423,1.3644,1.87,1.56
2016.11.16 07:19:30.216,1.36423,1.36439,1.37,1.19
2016.11.16 07:19:30.768,1.36422,1.36439,2.62,1.69
2016.11.16 07:19:31.380,1.36421,1.36438,2.62,1.56
2016.11.16 07:19:31.533,1.3642,1.36436,1.37,1.69
2016.11.16 07:19:31.585,1.36418,1.36435,1.87,2.06
2016.11.16 07:19:31.890,1.36417,1.36434,2.62,2.06
2016.11.16 07:19:32.195,1.36417,1.36434,1.00,2.06
2016.11.16 07:19:32.347,1.36417,1.36434,2.62,2.81
2016.11.16 07:19:34.465,1.36416,1.36433,1.00,3.19
2016.11.16 07:19:34.617,1.36414,1.36431,1.50,1.69
2016.11.16 07:19:35.022,1.36411,1.36428,1.00,1.75
2016.11.16 07:19:35.975,1.36411,1.36427,1.37,1.37
2016.11.16 07:19:36.280,1.36417,1.36434,1.00,1.87
2016.11.16 07:19:36.381,1.36417,1.36434,1.00,1.50
2016.11.16 07:19:41.379,1.36418,1.36434,1.00,1.00
2016.11.16 07:19:41.633,1.36419,1.36436,1.87,1.12
2016.11.16 07:19:41.937,1.36427,1.36439,1.37,1.12
2016.11.16 07:19:41.987,1.36427,1.36442,1.37,1.04
2016.11.16 07:19:42.089,1.36426,1.36443,1.37,1.79
2016.11.16 07:19:42.393,1.36427,1.3644,1.37,1.00
2016.11.16 07:19:42.817,1.36426,1.3644,1.37,1.00
2016.11.16 07:19:43.968,1.36426,1.36442,1.37,1.37
2016.11.16 07:19:44.171,1.36426,1.36441,1.37,1.75
2016.11.16 07:19:44.260,1.36424,1.36441,1.00,2.25
2016.11.16 07:19:44.772,1.36424,1.36439,1.37,1.87
2016.11.16 07:19:44.823,1.36424,1.36436,1.37,1.12
2016.11.16 07:19:45.677,1.36423,1.36436,1.37,1.12
2016.11.16 07:19:46.183,1.36424,1.36436,1.37,1.00
2016.11.16 07:19:46.589,1.36424,1.3644,1.37,1.87
2016.11.16 07:19:47.348,1.36421,1.36438,1.12,1.12
2016.11.16 07:19:47.449,1.3642,1.36438,1.37,3.37
2016.11.16 07:19:47.551,1.36418,1.36434,1.50,1.00
2016.11.16 07:19:47.703,1.36418,1.36434,1.12,1.87
2016.11.16 07:19:49.354,1.36417,1.36432,1.00,1.00
2016.11.16 07:19:50.451,1.36418,1.36432,1.00,1.12
2016.11.16 07:19:50.654,1.36419,1.36435,1.12,1.00
2016.11.16 07:19:50.705,1.36421,1.36435,1.00,1.00
2016.11.16 07:19:51.009,1.36422,1.36438,1.75,1.12
2016.11.16 07:19:51.650,1.36424,1.36439,1.12,1.00
2016.11.16 07:19:52.193,1.36424,1.36438,1.12,1.00
2016.11.16 07:19:52.345,1.36424,1.36441,1.50,1.12
2016.11.16 07:19:52.977,1.36424,1.36442,2.25,1.50
2016.11.16 07:19:54.219,1.36427,1.36443,1.12,1.14
2016.11.16 07:19:54.321,1.36434,1.36444,1.12,1.12
2016.11.16 07:19:54.424,1.36434,1.36444,1.12,1.00
2016.11.16 07:19:54.628,1.36435,1.36448,1.37,1.75
2016.11.16 07:19:55.165,1.36434,1.36448,1.37,2.64
2016.11.16 07:19:55.703,1.36433,1.36447,1.37,1.14
2016.11.16 07:19:56.536,1.36434,1.36447,1.37,1.14
2016.11.16 07:19:57.221,1.36433,1.36447,1.37,1.14
2016.11.16 07:19:57.424,1.36436,1.36453,1.37,2.26
2016.11.16 07:19:58.226,1.36437,1.36451,1.37,2.08
2016.11.16 07:19:58.540,1.36435,1.36449,1.37,3.76
2016.11.16 07:19:58.642,1.36437,1.36451,1.37,1.76
2016.11.16 07:19:59.149,1.36436,1.36451,1.37,1.76
2016.11.16 07:20:02.636,1.36436,1.36451,1.37,2.06
2016.11.16 07:20:05.722,1.36437,1.36451,1.37,1.50
2016.11.16 07:20:07.844,1.36437,1.36451,1.37,2.06
2016.11.16 07:20:08.520,1.36436,1.36451,1.37,2.06
2016.11.16 07:20:09.023,1.36436,1.36451,1.37,2.06
2016.11.16 07:20:09.182,1.36434,1.36451,2.62,2.06
2016.11.16 07:20:09.716,1.36435,1.3645,1.37,1.69
2016.11.16 07:20:10.427,1.36435,1.3645,1.37,1.69
2016.11.16 07:20:14.120,1.36435,1.3645,1.37,1.56
2016.11.16 07:20:15.577,1.36434,1.36451,1.37,1.69
2016.11.16 07:20:16.850,1.36434,1.36451,1.37,1.12
2016.11.16 07:20:17.372,1.36436,1.36452,1.00,1.87
2016.11.16 07:20:18.391,1.36436,1.36452,1.00,2.25
2016.11.16 07:20:18.909,1.36433,1.3645,1.75,1.00
2016.11.16 07:20:19.711,1.36433,1.36448,1.87,1.00
2016.11.16 07:20:19.863,1.36433,1.36446,1.12,1.00
2016.11.16 07:20:20.294,1.3643,1.36446,1.37,1.50
2016.11.16 07:20:20.649,1.36431,1.36444,1.87,1.00
2016.11.16 07:20:20.829,1.36426,1.3644,1.37,1.00
2016.11.16 07:20:20.982,1.36424,1.36441,1.75,1.75
2016.11.16 07:20:21.084,1.36425,1.36442,2.06,1.87
2016.11.16 07:20:21.186,1.36426,1.36439,1.00,1.00
2016.11.16 07:20:21.338,1.36422,1.36439,2.62,1.50
2016.11.16 07:20:22.404,1.36422,1.36437,1.37,1.00
2016.11.16 07:20:22.556,1.36419,1.36433,1.75,1.00
2016.11.16 07:20:22.658,1.36419,1.36433,1.00,1.50
2016.11.16 07:20:23.631,1.36417,1.36433,1.50,2.06
2016.11.16 07:20:24.138,1.36418,1.36433,1.37,2.06
2016.11.16 07:20:25.176,1.36418,1.36435,1.87,1.69
2016.11.16 07:20:25.682,1.3642,1.36435,1.00,1.69
2016.11.16 07:20:26.187,1.36419,1.36435,1.00,1.50
2016.11.16 07:20:28.901,1.36419,1.36435,1.37,2.06
2016.11.16 07:20:28.952,1.36423,1.36436,1.00,1.37
2016.11.16 07:20:29.003,1.36423,1.36438,1.00,2.81
2016.11.16 07:20:29.365,1.36424,1.3644,1.50,1.94
2016.11.16 07:20:29.874,1.36425,1.3644,1.00,2.18
2016.11.16 07:20:30.077,1.36425,1.3644,1.00,1.31
2016.11.16 07:20:30.585,1.36426,1.36441,1.12,1.31
2016.11.16 07:20:31.123,1.36426,1.36442,1.87,1.94
2016.11.16 07:20:31.377,1.36426,1.36438,1.87,1.56
2016.11.16 07:20:31.479,1.36425,1.36442,1.50,1.87
2016.11.16 07:20:32.109,1.36424,1.3644,2.62,2.45
2016.11.16 07:20:32.890,1.36424,1.36438,2.62,1.37
2016.11.16 07:20:33.423,1.36426,1.3644,1.00,1.75
2016.11.16 07:20:33.524,1.36427,1.36441,1.00,1.37
2016.11.16 07:20:33.576,1.36427,1.36441,1.00,1.12
2016.11.16 07:20:34.083,1.36428,1.36441,1.00,1.12
2016.11.16 07:20:34.861,1.36426,1.36441,1.50,1.12
2016.11.16 07:20:35.369,1.36427,1.36444,1.87,1.87
2016.11.16 07:20:35.420,1.36427,1.36444,2.25,1.37
2016.11.16 07:20:35.922,1.36428,1.36444,1.00,1.37
2016.11.16 07:20:36.074,1.36425,1.36441,1.87,1.00
2016.11.16 07:20:36.379,1.36424,1.36435,1.12,1.00
2016.11.16 07:20:36.660,1.36413,1.36428,1.12,1.50
2016.11.16 07:20:36.712,1.36413,1.36428,1.00,1.50
2016.11.16 07:20:36.914,1.36413,1.36428,1.12,1.12
2016.11.16 07:20:37.877,1.36411,1.36427,2.62,1.00
2016.11.16 07:20:38.003,1.36411,1.3643,2.62,3.37
2016.11.16 07:20:38.057,1.36414,1.36431,1.00,2.44
2016.11.16 07:20:38.571,1.36414,1.36431,1.50,1.69
2016.11.16 07:20:38.874,1.36415,1.36431,2.25,1.50
2016.11.16 07:20:39.402,1.36415,1.36431,2.62,1.12
2016.11.16 07:20:41.209,1.36416,1.3643,1.12,1.00
2016.11.16 07:20:41.737,1.36416,1.36433,1.12,1.12
2016.11.16 07:20:42.328,1.36417,1.36434,1.37,2.25
2016.11.16 07:20:45.424,1.36415,1.36433,1.75,1.12
2016.11.16 07:20:45.525,1.36416,1.36433,1.00,1.12
2016.11.16 07:20:46.055,1.36415,1.36432,1.00,1.87
2016.11.16 07:20:46.563,1.36416,1.36432,1.00,1.87
2016.11.16 07:20:47.069,1.36415,1.36432,1.50,1.50
2016.11.16 07:20:47.574,1.36415,1.36431,1.50,1.00
2016.11.16 07:20:48.085,1.36416,1.36431,1.00,1.50
2016.11.16 07:20:51.208,1.36417,1.36431,1.00,1.00
2016.11.16 07:20:51.512,1.36419,1.36433,1.00,1.37
2016.11.16 07:20:51.614,1.36419,1.36436,1.00,1.75
2016.11.16 07:20:52.120,1.36421,1.36436,1.00,1.37
2016.11.16 07:20:52.673,1.36422,1.36436,1.00,1.37
2016.11.16 07:20:52.978,1.36425,1.36438,1.50,1.12
2016.11.16 07:20:53.029,1.36426,1.3644,1.00,1.69
2016.11.16 07:20:53.131,1.36423,1.36434,1.50,1.19
2016.11.16 07:20:53.284,1.36417,1.36431,1.50,1.31
2016.11.16 07:20:53.385,1.36413,1.36428,1.12,1.00
2016.11.16 07:20:53.589,1.36415,1.36427,1.00,1.00
2016.11.16 07:20:54.122,1.36415,1.36431,1.12,2.25
2016.11.16 07:20:54.429,1.36418,1.36431,1.12,1.75
2016.11.16 07:20:54.783,1.36419,1.36433,1.12,1.75
2016.11.16 07:20:54.834,1.36421,1.36433,1.12,1.75
2016.11.16 07:20:54.885,1.36421,1.36435,1.12,1.25
2016.11.16 07:20:55.089,1.36423,1.36436,1.00,1.50
2016.11.16 07:20:55.396,1.36426,1.36439,1.12,1.75
2016.11.16 07:20:55.902,1.36427,1.36439,1.12,1.50
2016.11.16 07:20:57.619,1.36426,1.36436,1.12,1.00
2016.11.16 07:20:57.923,1.36426,1.36435,1.12,1.37
2016.11.16 07:20:58.472,1.36427,1.36435,1.12,1.37
2016.11.16 07:20:59.733,1.36423,1.36435,1.12,1.37
2016.11.16 07:20:59.835,1.36425,1.36437,1.12,1.12
2016.11.16 07:21:00.089,1.36425,1.36438,1.37,1.00
2016.11.16 07:21:00.495,1.36426,1.36438,1.12,1.12
2016.11.16 07:21:01.156,1.36429,1.36441,1.12,1.75
2016.11.16 07:21:01.409,1.36432,1.36446,1.12,1.87
2016.11.16 07:21:06.828,1.36434,1.36446,1.50,1.12
2016.11.16 07:21:07.132,1.36434,1.36448,1.87,1.12
2016.11.16 07:21:07.639,1.36437,1.36449,1.00,1.12
2016.11.16 07:21:09.443,1.36437,1.3645,1.00,1.50
2016.11.16 07:21:09.979,1.36435,1.3645,1.50,1.50
2016.11.16 07:21:10.190,1.36435,1.3645,1.50,1.79
2016.11.16 07:21:10.798,1.36434,1.3645,1.87,1.79
2016.11.16 07:21:11.330,1.36433,1.3645,1.75,1.79
2016.11.16 07:21:15.053,1.36434,1.3645,1.37,1.79
2016.11.16 07:21:15.874,1.36435,1.36447,1.00,1.00
2016.11.16 07:21:16.377,1.36433,1.36449,1.37,1.41
2016.11.16 07:21:16.906,1.36433,1.36446,1.37,1.00
2016.11.16 07:21:17.413,1.36434,1.36446,1.37,1.00
2016.11.16 07:21:17.959,1.36433,1.36446,1.37,1.00
2016.11.16 07:21:18.575,1.36434,1.36445,1.00,1.00
2016.11.16 07:21:18.677,1.36431,1.36444,1.37,1.00
2016.11.16 07:21:19.581,1.36431,1.36446,1.50,1.87
2016.11.16 07:21:20.082,1.36431,1.36446,1.00,1.87
2016.11.16 07:21:20.284,1.3643,1.36446,1.87,2.25
2016.11.16 07:21:21.936,1.36431,1.36444,1.37,1.12
2016.11.16 07:21:22.088,1.36429,1.36443,1.00,1.00
2016.11.16 07:21:22.189,1.36429,1.36443,1.50,1.75
2016.11.16 07:21:22.291,1.36426,1.36441,1.50,1.12
2016.11.16 07:21:22.393,1.36426,1.36437,1.37,1.00
2016.11.16 07:21:22.444,1.36423,1.36437,2.62,1.00
2016.11.16 07:21:22.596,1.36423,1.36437,1.37,1.87
2016.11.16 07:21:22.647,1.36422,1.36437,1.12,2.25
2016.11.16 07:21:22.749,1.36422,1.3643,1.00,1.00
2016.11.16 07:21:23.053,1.3642,1.36426,1.00,1.00
2016.11.16 07:21:23.104,1.36409,1.36426,1.75,1.00
2016.11.16 07:21:23.611,1.36409,1.36426,1.37,1.12
2016.11.16 07:21:24.130,1.36409,1.36425,1.37,1.00
2016.11.16 07:21:25.074,1.36411,1.36426,2.25,1.12
2016.11.16 07:21:25.378,1.36415,1.3643,1.75,1.00
2016.11.16 07:21:25.905,1.36415,1.36431,1.87,1.12
2016.11.16 07:21:26.210,1.36415,1.36431,1.87,1.75
2016.11.16 07:21:26.718,1.36415,1.36431,1.87,1.00
2016.11.16 07:21:27.505,1.36417,1.36431,1.12,1.00
2016.11.16 07:21:28.019,1.36418,1.36431,1.00,1.50
2016.11.16 07:21:28.122,1.36415,1.3643,1.31,1.00
2016.11.16 07:21:28.238,1.36417,1.3643,1.00,1.50
2016.11.16 07:21:28.593,1.36415,1.3643,1.50,1.12
2016.11.16 07:21:29.299,1.36415,1.36428,1.00,1.00
2016.11.16 07:21:29.603,1.36408,1.36421,1.00,1.50
2016.11.16 07:21:29.705,1.36406,1.3642,1.00,1.87
2016.11.16 07:21:29.959,1.36404,1.36419,1.00,1.12
2016.11.16 07:21:30.010,1.36403,1.36417,1.37,1.00
2016.11.16 07:21:30.316,1.36397,1.36411,1.14,1.00
2016.11.16 07:21:30.417,1.36397,1.36411,1.12,1.00
2016.11.16 07:21:30.975,1.36398,1.36413,1.00,1.50
2016.11.16 07:21:31.501,1.36398,1.36412,1.00,1.37
2016.11.16 07:21:33.717,1.36397,1.36412,1.00,1.75
2016.11.16 07:21:34.637,1.36399,1.36412,1.87,1.75
2016.11.16 07:21:34.892,1.36413,1.36429,1.87,3.37
2016.11.16 07:21:34.943,1.36413,1.36426,1.12,1.00
2016.11.16 07:21:35.256,1.36407,1.36423,2.25,1.37
2016.11.16 07:21:35.307,1.36407,1.36423,1.50,1.37
2016.11.16 07:21:35.972,1.36408,1.36423,1.00,1.75
2016.11.16 07:21:37.234,1.36413,1.36421,1.00,1.00
2016.11.16 07:21:37.396,1.36412,1.36424,1.00,1.00
2016.11.16 07:21:38.028,1.36413,1.36424,1.00,1.00
2016.11.16 07:21:38.171,1.36408,1.36424,1.50,1.00
2016.11.16 07:21:39.024,1.36408,1.36424,1.00,2.25
2016.11.16 07:21:39.208,1.36408,1.36422,1.12,1.37
2016.11.16 07:21:39.481,1.36408,1.36421,1.00,1.50
2016.11.16 07:21:39.887,1.36405,1.36421,1.50,1.50
2016.11.16 07:21:40.921,1.36406,1.36423,1.00,2.64
2016.11.16 07:21:40.973,1.36406,1.36423,1.00,2.64
2016.11.16 07:21:41.023,1.36405,1.3642,1.00,1.12
2016.11.16 07:21:41.327,1.36419,1.36424,1.37,4.87
2016.11.16 07:21:41.429,1.36422,1.36428,1.00,1.37
2016.11.16 07:21:41.531,1.36423,1.36437,1.00,1.87
2016.11.16 07:21:41.886,1.36424,1.36437,1.50,1.12
2016.11.16 07:21:41.937,1.36428,1.36441,1.50,1.87
2016.11.16 07:21:41.988,1.36428,1.36441,1.50,1.50
2016.11.16 07:21:42.190,1.36429,1.36445,1.00,1.14
2016.11.16 07:21:43.531,1.36429,1.36446,1.50,1.39
2016.11.16 07:21:44.046,1.36429,1.36446,1.87,1.14
2016.11.16 07:21:46.307,1.3643,1.36446,1.00,1.87
2016.11.16 07:21:46.510,1.36434,1.36446,1.00,1.12
2016.11.16 07:21:46.662,1.36431,1.36446,1.87,1.00
2016.11.16 07:21:46.815,1.36428,1.36444,1.37,1.87
2016.11.16 07:21:47.321,1.36428,1.36445,2.25,1.75
2016.11.16 07:21:48.830,1.36429,1.36445,2.25,1.12
2016.11.16 07:21:48.931,1.36429,1.36445,2.25,1.00
2016.11.16 07:21:49.184,1.36429,1.36445,1.50,1.00
2016.11.16 07:21:51.226,1.36429,1.36446,2.25,1.37
2016.11.16 07:21:51.328,1.3643,1.36447,1.87,1.50
2016.11.16 07:21:51.671,1.3643,1.36446,1.87,1.00
2016.11.16 07:21:51.722,1.36429,1.36446,1.87,2.25
2016.11.16 07:21:51.983,1.36428,1.36445,2.62,1.50
2016.11.16 07:21:54.472,1.36426,1.36442,1.50,1.00
2016.11.16 07:21:54.523,1.36426,1.3644,1.50,1.00
2016.11.16 07:21:54.625,1.36423,1.36438,1.00,1.37
2016.11.16 07:21:54.676,1.36422,1.36439,1.12,4.50
2016.11.16 07:21:54.727,1.36422,1.36437,1.00,1.00
2016.11.16 07:21:55.368,1.36422,1.36439,1.00,1.50
2016.11.16 07:21:55.871,1.3642,1.36439,1.87,1.51
2016.11.16 07:22:02.579,1.36421,1.36439,1.37,1.51
2016.11.16 07:22:04.775,1.36423,1.36438,1.00,1.12
2016.11.16 07:22:04.826,1.36426,1.3644,1.00,1.12
2016.11.16 07:22:05.030,1.36432,1.36447,2.44,1.00
2016.11.16 07:22:05.082,1.36434,1.36449,1.00,1.00
2016.11.16 07:22:05.629,1.36434,1.36452,1.50,1.37
2016.11.16 07:22:05.680,1.36435,1.36452,1.00,1.12
2016.11.16 07:22:06.187,1.36435,1.36452,1.37,1.00
2016.11.16 07:22:06.725,1.36437,1.36452,1.25,1.37
2016.11.16 07:22:06.979,1.36434,1.36451,2.62,1.50
2016.11.16 07:22:07.483,1.36433,1.36451,1.12,1.75
2016.11.16 07:22:07.941,1.36432,1.36447,1.00,1.12
2016.11.16 07:22:08.044,1.36431,1.36445,1.12,1.00
2016.11.16 07:22:08.348,1.36432,1.36443,1.00,1.87
2016.11.16 07:22:08.652,1.36433,1.36441,1.00,1.50
2016.11.16 07:22:08.760,1.36428,1.36441,1.00,1.50
2016.11.16 07:22:09.983,1.36428,1.36443,1.00,1.50
2016.11.16 07:22:10.246,1.36425,1.36438,1.37,1.00
2016.11.16 07:22:10.388,1.3642,1.36436,1.23,1.12
2016.11.16 07:22:10.591,1.36419,1.36436,3.37,2.25
2016.11.16 07:22:10.795,1.36423,1.36438,1.00,1.50
2016.11.16 07:22:11.251,1.36424,1.36441,1.23,1.75
2016.11.16 07:22:11.302,1.36424,1.36439,1.23,1.00
2016.11.16 07:22:11.505,1.36427,1.36444,1.12,4.87
2016.11.16 07:22:11.556,1.36428,1.36444,1.23,1.87
2016.11.16 07:22:11.607,1.36429,1.36444,1.37,1.50
2016.11.16 07:22:11.755,1.36433,1.36446,1.00,1.00
2016.11.16 07:22:11.806,1.36429,1.36446,1.87,1.50
2016.11.16 07:22:11.958,1.36433,1.36447,1.00,1.00
2016.11.16 07:22:12.060,1.36433,1.36449,1.23,1.50
2016.11.16 07:22:12.212,1.36433,1.36448,2.73,1.87
2016.11.16 07:22:12.517,1.36433,1.36447,2.35,1.37
2016.11.16 07:22:12.568,1.36433,1.36447,1.60,1.12
2016.11.16 07:22:12.721,1.36433,1.36446,1.10,2.25
2016.11.16 07:22:12.895,1.36431,1.36444,1.13,1.50
2016.11.16 07:22:13.098,1.3643,1.36443,1.13,1.50
2016.11.16 07:22:13.656,1.36428,1.36443,1.60,1.50
2016.11.16 07:22:13.808,1.36428,1.36444,2.73,1.50
2016.11.16 07:22:13.860,1.36429,1.36445,1.60,2.25
2016.11.16 07:22:14.012,1.36433,1.36447,1.10,1.12
2016.11.16 07:22:14.064,1.36433,1.36447,1.10,1.75
2016.11.16 07:22:14.268,1.36432,1.36445,1.00,1.50
2016.11.16 07:22:14.445,1.36428,1.36444,1.60,1.50
2016.11.16 07:22:14.953,1.36428,1.36442,1.60,1.00
2016.11.16 07:22:15.477,1.36427,1.36442,1.75,1.00
2016.11.16 07:22:16.310,1.36427,1.36444,1.75,1.50
2016.11.16 07:22:16.401,1.36437,1.36445,1.00,3.00
2016.11.16 07:22:16.503,1.36438,1.36447,1.00,1.12
2016.11.16 07:22:16.605,1.36437,1.36452,2.35,1.12
2016.11.16 07:22:16.707,1.36438,1.36453,2.62,1.00
2016.11.16 07:22:16.911,1.36442,1.36458,1.87,1.37
2016.11.16 07:22:16.962,1.36442,1.36459,2.25,1.75
2016.11.16 07:22:17.013,1.36444,1.3646,1.12,1.12
2016.11.16 07:22:18.161,1.36445,1.3646,1.00,1.00
2016.11.16 07:22:18.920,1.36445,1.36462,1.50,1.12
2016.11.16 07:22:19.378,1.36444,1.36461,1.87,1.12
2016.11.16 07:22:19.481,1.36443,1.3646,1.50,1.12
2016.11.16 07:22:19.583,1.36443,1.3646,1.00,1.50
2016.11.16 07:22:20.110,1.36442,1.36459,1.50,1.12
2016.11.16 07:22:20.718,1.36442,1.36457,1.50,1.00
2016.11.16 07:22:21.810,1.36448,1.36457,1.00,1.00
2016.11.16 07:22:22.013,1.36453,1.36465,1.00,1.12
2016.11.16 07:22:22.064,1.36453,1.36463,1.00,1.00
2016.11.16 07:22:22.318,1.36447,1.36462,1.12,1.37
2016.11.16 07:22:22.420,1.36448,1.36464,1.00,1.37
2016.11.16 07:22:22.877,1.36448,1.36465,2.25,1.37
2016.11.16 07:22:23.380,1.36449,1.36467,1.75,1.37
2016.11.16 07:22:23.584,1.36453,1.3647,1.12,2.25
2016.11.16 07:22:23.889,1.36455,1.36473,1.75,1.50
2016.11.16 07:22:24.426,1.36456,1.36473,2.25,1.50
2016.11.16 07:22:25.193,1.36455,1.36472,2.25,1.37
2016.11.16 07:22:25.295,1.36454,1.36472,3.37,1.37
2016.11.16 07:22:25.397,1.36453,1.3647,2.25,1.00
2016.11.16 07:22:25.903,1.36453,1.36472,1.37,1.37
2016.11.16 07:22:27.307,1.36454,1.36471,1.50,1.00
2016.11.16 07:22:27.823,1.36457,1.36471,1.00,1.00
2016.11.16 07:22:28.353,1.36454,1.36471,1.50,1.00
2016.11.16 07:22:28.404,1.36458,1.36471,1.00,1.00
2016.11.16 07:22:28.657,1.36456,1.36473,2.25,1.50
2016.11.16 07:22:28.811,1.36458,1.36476,4.12,1.50
2016.11.16 07:22:28.862,1.36458,1.36476,4.12,1.12
2016.11.16 07:22:29.014,1.36458,1.36475,1.75,1.00
2016.11.16 07:22:29.217,1.36456,1.36473,2.25,1.00
2016.11.16 07:22:29.724,1.36458,1.36475,1.00,1.50
2016.11.16 07:22:31.535,1.3646,1.36475,1.00,1.50
2016.11.16 07:22:31.918,1.3646,1.36476,1.00,1.50
2016.11.16 07:22:31.971,1.3646,1.36473,1.00,1.00
2016.11.16 07:22:32.023,1.36457,1.36473,1.37,1.00
2016.11.16 07:22:32.125,1.36457,1.36472,1.00,1.37
2016.11.16 07:22:32.226,1.36453,1.36472,2.25,1.37
2016.11.16 07:22:32.475,1.36453,1.36469,1.12,1.00
2016.11.16 07:22:32.729,1.36449,1.36466,1.00,1.37
2016.11.16 07:22:33.324,1.36449,1.36466,1.33,1.50
2016.11.16 07:22:34.564,1.36449,1.36465,1.70,1.12
2016.11.16 07:22:34.839,1.36455,1.36469,1.00,1.00
2016.11.16 07:22:34.892,1.36455,1.36471,1.00,2.25
2016.11.16 07:22:34.945,1.36455,1.36471,1.75,1.50
2016.11.16 07:22:35.350,1.36457,1.36471,3.37,1.00
2016.11.16 07:22:36.741,1.36459,1.36471,1.00,1.00
2016.11.16 07:22:37.780,1.36456,1.36473,1.75,1.12
2016.11.16 07:22:38.578,1.36458,1.36473,3.00,1.12
2016.11.16 07:22:38.883,1.3646,1.36474,1.75,1.37
2016.11.16 07:22:39.188,1.36457,1.36474,4.87,1.37
2016.11.16 07:22:39.448,1.36455,1.36473,2.62,1.12
2016.11.16 07:22:39.499,1.36455,1.36471,2.62,1.00
2016.11.16 07:22:39.702,1.36455,1.3647,1.00,1.00
2016.11.16 07:22:39.753,1.36453,1.36467,1.50,1.00
2016.11.16 07:22:40.058,1.36463,1.3648,1.00,1.87
2016.11.16 07:22:40.160,1.36464,1.3648,1.00,1.00
2016.11.16 07:22:40.261,1.36463,1.36477,1.75,1.00
2016.11.16 07:22:40.363,1.36464,1.36477,1.00,1.00
2016.11.16 07:22:40.492,1.36463,1.36475,1.50,1.00
2016.11.16 07:22:40.645,1.3646,1.36475,1.00,1.00
2016.11.16 07:22:40.848,1.36463,1.36476,1.00,1.00
2016.11.16 07:22:41.354,1.36462,1.36479,1.69,2.25
2016.11.16 07:22:41.659,1.36463,1.36479,1.37,1.00
2016.11.16 07:22:41.836,1.36468,1.36483,1.00,3.37
2016.11.16 07:22:41.938,1.36467,1.36482,1.00,1.87
2016.11.16 07:22:42.355,1.36467,1.3648,1.00,1.00
2016.11.16 07:22:42.861,1.36468,1.36481,1.00,1.12
2016.11.16 07:22:43.400,1.36465,1.36481,3.37,1.50
2016.11.16 07:22:43.501,1.36464,1.36481,2.25,1.50
2016.11.16 07:22:43.769,1.36464,1.36478,1.00,1.12
2016.11.16 07:22:44.075,1.36468,1.36483,1.50,1.87
2016.11.16 07:22:44.126,1.36466,1.36483,2.62,1.50
2016.11.16 07:22:44.177,1.36465,1.36483,1.75,1.87
2016.11.16 07:22:44.566,1.36467,1.36484,2.25,1.12
2016.11.16 07:22:44.743,1.36473,1.36484,1.00,1.00
2016.11.16 07:22:44.896,1.36473,1.36488,2.25,1.00
2016.11.16 07:22:44.948,1.36473,1.36487,1.19,1.12
2016.11.16 07:22:45.051,1.36472,1.3649,1.69,1.75
2016.11.16 07:22:45.102,1.36473,1.36489,1.00,1.50
2016.11.16 07:22:45.204,1.36474,1.36489,1.37,1.00
2016.11.16 07:22:45.358,1.36474,1.36491,1.00,2.25
2016.11.16 07:22:45.409,1.36476,1.36491,1.00,1.50
2016.11.16 07:22:45.729,1.36479,1.36494,2.25,1.12
2016.11.16 07:22:45.985,1.36483,1.36496,1.00,1.00
2016.11.16 07:22:46.086,1.36483,1.36497,3.00,1.00
2016.11.16 07:22:46.392,1.36484,1.36497,1.75,1.00
2016.11.16 07:22:46.494,1.36483,1.36496,1.75,1.00
2016.11.16 07:22:48.586,1.3648,1.36496,1.12,1.00
2016.11.16 07:22:48.637,1.3648,1.36488,1.12,1.00
2016.11.16 07:22:48.923,1.36473,1.36482,1.12,1.00
2016.11.16 07:22:49.025,1.36469,1.36481,1.00,1.00
2016.11.16 07:22:49.076,1.36468,1.36483,1.75,1.00
2016.11.16 07:22:49.178,1.36471,1.36483,1.31,1.12
2016.11.16 07:22:49.325,1.36472,1.36488,1.75,1.00
2016.11.16 07:22:49.427,1.36473,1.36487,1.75,1.00
2016.11.16 07:22:49.530,1.36472,1.36487,1.50,1.00
2016.11.16 07:22:49.733,1.36472,1.36489,2.06,1.00
2016.11.16 07:22:50.060,1.36475,1.3649,1.00,1.50
2016.11.16 07:22:50.364,1.3648,1.36497,1.50,1.37
2016.11.16 07:22:50.415,1.36479,1.36496,3.37,1.12
2016.11.16 07:22:50.517,1.36478,1.36495,1.75,1.00
2016.11.16 07:22:50.618,1.36478,1.36493,1.00,1.12
2016.11.16 07:22:51.077,1.36478,1.36491,1.00,1.00
2016.11.16 07:22:51.178,1.36474,1.36491,1.37,1.00
2016.11.16 07:22:51.510,1.36476,1.36493,2.25,1.50
2016.11.16 07:22:51.612,1.36478,1.36492,1.00,1.00
2016.11.16 07:22:52.118,1.36478,1.36494,1.12,1.87
2016.11.16 07:22:52.422,1.36479,1.36495,1.00,1.00
2016.11.16 07:22:52.628,1.36478,1.36491,3.37,1.00
2016.11.16 07:22:52.729,1.36477,1.3649,1.00,1.00
2016.11.16 07:22:52.964,1.36473,1.36491,2.62,1.37
2016.11.16 07:22:53.065,1.36478,1.36491,1.00,1.00
2016.11.16 07:22:53.269,1.36478,1.36495,1.50,1.75
2016.11.16 07:22:53.422,1.36479,1.36496,2.25,1.87
2016.11.16 07:22:53.473,1.36479,1.36495,2.25,1.00
2016.11.16 07:22:53.777,1.36483,1.36498,1.31,1.12
2016.11.16 07:22:53.829,1.36483,1.36497,2.44,1.00
2016.11.16 07:22:53.931,1.36483,1.36502,2.44,1.87
2016.11.16 07:22:54.032,1.36485,1.36502,1.50,1.50
2016.11.16 07:22:54.185,1.36488,1.36504,1.00,2.62
2016.11.16 07:22:54.589,1.36482,1.365,1.75,1.50
2016.11.16 07:22:54.742,1.36482,1.365,1.87,1.12
2016.11.16 07:22:54.843,1.36482,1.365,1.87,1.00
2016.11.16 07:22:55.350,1.36483,1.365,1.00,1.50
2016.11.16 07:22:55.503,1.36486,1.365,1.00,1.00
2016.11.16 07:22:55.604,1.36487,1.36504,1.12,1.12
2016.11.16 07:22:56.130,1.36487,1.36504,1.50,1.12
2016.11.16 07:22:56.535,1.3649,1.36508,1.00,3.00
2016.11.16 07:22:56.636,1.36491,1.36509,1.37,1.37
2016.11.16 07:22:56.738,1.36494,1.36509,1.00,1.00
2016.11.16 07:22:56.840,1.36495,1.36512,1.12,1.50
2016.11.16 07:22:56.992,1.36496,1.36513,1.00,1.50
2016.11.16 07:22:57.044,1.36498,1.36513,1.00,1.00
2016.11.16 07:22:57.348,1.36497,1.36514,4.87,1.00
2016.11.16 07:22:58.260,1.36498,1.36518,4.12,2.25
2016.11.16 07:22:59.825,1.36502,1.36518,1.31,1.12
2016.11.16 07:23:00.028,1.3651,1.3652,1.37,3.37
2016.11.16 07:23:00.131,1.36513,1.36522,1.00,2.25
2016.11.16 07:23:00.334,1.36511,1.36528,1.50,1.00
2016.11.16 07:23:00.660,1.36508,1.36525,2.62,1.00
2016.11.16 07:23:00.978,1.36512,1.36531,1.00,1.75
2016.11.16 07:23:01.283,1.36508,1.36526,1.19,1.00
2016.11.16 07:23:01.639,1.36507,1.36526,2.44,1.75
2016.11.16 07:23:01.843,1.36508,1.36529,1.94,1.12
2016.11.16 07:23:02.047,1.36508,1.36529,3.56,1.00
2016.11.16 07:23:02.574,1.36508,1.36529,2.44,1.56
2016.11.16 07:23:02.928,1.3651,1.36528,1.94,1.25
2016.11.16 07:23:03.132,1.36514,1.36532,1.25,1.69
2016.11.16 07:23:03.229,1.36513,1.36532,2.44,1.69
2016.11.16 07:23:03.659,1.36514,1.36531,1.25,1.31
2016.11.16 07:23:03.711,1.36514,1.36529,1.00,1.12
2016.11.16 07:23:03.914,1.36509,1.36529,1.31,1.87
2016.11.16 07:23:04.068,1.3651,1.36529,2.06,1.00
2016.11.16 07:23:04.475,1.36513,1.36527,1.00,1.00
2016.11.16 07:23:04.983,1.36512,1.3653,1.12,1.12
2016.11.16 07:23:05.492,1.36513,1.36529,1.12,1.00
2016.11.16 07:23:06.485,1.36509,1.36528,1.50,1.50
2016.11.16 07:23:06.588,1.36507,1.36525,1.87,1.00
2016.11.16 07:23:06.917,1.365,1.3652,2.00,1.12
2016.11.16 07:23:07.221,1.36498,1.36518,2.06,1.75
2016.11.16 07:23:07.578,1.36501,1.36518,1.25,1.75
2016.11.16 07:23:07.884,1.36506,1.36527,1.94,2.06
2016.11.16 07:23:08.469,1.36507,1.36524,1.69,1.37
2016.11.16 07:23:08.520,1.36508,1.36525,2.06,1.00
2016.11.16 07:23:08.571,1.36508,1.36525,2.06,1.00
2016.11.16 07:23:09.220,1.36508,1.36527,2.81,1.12
2016.11.16 07:23:09.729,1.3651,1.36527,1.31,1.37
2016.11.16 07:23:10.224,1.36508,1.36527,3.56,2.25
2016.11.16 07:23:11.132,1.3651,1.36527,3.19,1.75
2016.11.16 07:23:11.183,1.3651,1.36527,5.44,1.00
2016.11.16 07:23:12.054,1.36513,1.36527,1.69,1.00
2016.11.16 07:23:12.310,1.36513,1.3653,1.94,1.50
2016.11.16 07:23:12.413,1.3651,1.36526,3.37,1.00
2016.11.16 07:23:12.516,1.36508,1.36523,3.37,1.00
2016.11.16 07:23:12.568,1.36508,1.36521,1.00,1.00
2016.11.16 07:23:12.619,1.36504,1.36521,1.13,1.50
2016.11.16 07:23:12.670,1.36503,1.36521,4.04,1.75
2016.11.16 07:23:12.985,1.36508,1.36521,1.12,1.12
2016.11.16 07:23:13.302,1.36508,1.36521,1.75,1.12
2016.11.16 07:23:13.606,1.36504,1.36518,1.13,1.00
2016.11.16 07:23:13.707,1.36501,1.36517,1.13,1.12
2016.11.16 07:23:14.759,1.36499,1.36517,2.06,1.37
2016.11.16 07:23:14.954,1.36501,1.36517,1.00,1.12
2016.11.16 07:23:15.459,1.36501,1.36517,1.37,1.00
2016.11.16 07:23:17.468,1.36499,1.36516,2.06,1.00
2016.11.16 07:23:17.520,1.36498,1.3651,4.69,1.00
2016.11.16 07:23:17.622,1.36499,1.36511,1.00,1.00
2016.11.16 07:23:17.928,1.36497,1.3651,1.00,1.12
2016.11.16 07:23:18.436,1.36497,1.36512,1.31,1.87
2016.11.16 07:23:18.885,1.36497,1.36509,1.12,1.00
2016.11.16 07:23:19.471,1.36497,1.3651,1.00,1.50
2016.11.16 07:23:19.777,1.36497,1.36508,1.00,1.50
2016.11.16 07:23:19.930,1.36492,1.36506,1.00,1.12
2016.11.16 07:23:19.982,1.36492,1.36506,1.00,1.75
2016.11.16 07:23:20.287,1.36495,1.36508,1.25,1.12
2016.11.16 07:23:20.338,1.36495,1.3651,1.00,1.87
2016.11.16 07:23:20.838,1.36493,1.36509,1.50,1.00
2016.11.16 07:23:20.889,1.36493,1.36507,1.12,1.12
2016.11.16 07:23:21.195,1.36493,1.36505,1.00,1.50
2016.11.16 07:23:21.704,1.36493,1.36502,1.00,1.00
2016.11.16 07:23:22.326,1.36493,1.36501,1.00,1.00
2016.11.16 07:23:22.428,1.36493,1.36503,1.00,1.12
2016.11.16 07:23:22.792,1.36493,1.36501,1.00,1.00
2016.11.16 07:23:23.147,1.36488,1.36501,1.29,1.00
2016.11.16 07:23:23.237,1.36487,1.36499,1.29,1.00
2016.11.16 07:23:23.544,1.36488,1.36496,1.29,1.00
2016.11.16 07:23:24.132,1.36487,1.36496,1.29,1.00
2016.11.16 07:23:25.171,1.36487,1.36495,1.31,1.00
2016.11.16 07:23:25.779,1.36487,1.36496,1.56,1.00
2016.11.16 07:23:26.274,1.36487,1.36496,1.00,1.00
2016.11.16 07:23:26.325,1.36483,1.36496,1.31,1.00
2016.11.16 07:23:26.477,1.36486,1.36497,1.31,1.00
2016.11.16 07:23:26.528,1.36487,1.36499,1.00,1.12
2016.11.16 07:23:26.630,1.36488,1.365,1.87,1.00
2016.11.16 07:23:26.731,1.3649,1.36503,1.69,1.00
2016.11.16 07:23:26.883,1.3649,1.36505,2.06,1.00
2016.11.16 07:23:27.087,1.36492,1.36509,1.00,2.62
2016.11.16 07:23:27.596,1.36493,1.36509,1.00,1.50
2016.11.16 07:23:29.080,1.36495,1.36509,1.00,1.50
2016.11.16 07:23:29.384,1.36495,1.36509,1.12,1.12
2016.11.16 07:23:31.644,1.36495,1.36509,1.00,1.00
2016.11.16 07:23:31.949,1.3649,1.36508,5.44,1.87
2016.11.16 07:23:32.000,1.36489,1.36506,2.44,1.50
2016.11.16 07:23:32.204,1.36489,1.36501,1.00,1.00
2016.11.16 07:23:32.509,1.36477,1.36488,1.00,2.44
2016.11.16 07:23:32.712,1.36467,1.36482,1.37,1.56
2016.11.16 07:23:32.814,1.36466,1.3648,1.12,1.31
2016.11.16 07:23:32.916,1.36464,1.36478,1.37,1.00
2016.11.16 07:23:33.018,1.36462,1.36477,1.37,1.00
2016.11.16 07:23:33.126,1.36467,1.36477,1.00,1.00
2016.11.16 07:23:33.431,1.36467,1.36478,1.00,2.06
2016.11.16 07:23:33.836,1.36458,1.36475,1.50,1.56
2016.11.16 07:23:34.040,1.36463,1.36475,1.00,2.06
2016.11.16 07:23:34.546,1.36463,1.36473,1.00,1.56
2016.11.16 07:23:34.759,1.36458,1.36473,1.00,2.06
2016.11.16 07:23:36.877,1.36458,1.36471,1.00,1.00
2016.11.16 07:23:37.030,1.36453,1.3647,1.37,2.81
2016.11.16 07:23:37.538,1.36453,1.3647,1.75,1.50
2016.11.16 07:23:37.761,1.36451,1.36469,3.56,1.69
2016.11.16 07:23:38.018,1.36444,1.36459,1.00,1.00
2016.11.16 07:23:38.070,1.36441,1.36459,1.37,1.00
2016.11.16 07:23:38.579,1.36441,1.36458,1.25,1.00
2016.11.16 07:23:39.066,1.36443,1.36459,1.00,1.00
2016.11.16 07:23:39.522,1.36444,1.3646,1.19,1.25
2016.11.16 07:23:39.724,1.36448,1.36462,1.00,1.00
2016.11.16 07:23:39.826,1.36446,1.36464,1.19,1.50
2016.11.16 07:23:40.079,1.36449,1.36464,1.00,1.00
2016.11.16 07:23:40.610,1.3645,1.36464,1.00,1.00
2016.11.16 07:23:40.864,1.36459,1.36476,1.00,1.87
2016.11.16 07:23:40.915,1.36463,1.36476,1.00,1.69
2016.11.16 07:23:41.118,1.36471,1.36486,1.25,2.25
2016.11.16 07:23:41.170,1.36472,1.36487,1.12,1.00
2016.11.16 07:23:41.221,1.36472,1.36491,2.25,1.87
2016.11.16 07:23:41.425,1.36472,1.36486,1.75,1.00
2016.11.16 07:23:41.651,1.36466,1.36485,1.31,1.87
2016.11.16 07:23:41.803,1.36466,1.36483,1.31,1.50
2016.11.16 07:23:42.115,1.36463,1.36481,1.12,1.00
2016.11.16 07:23:42.317,1.36461,1.3648,1.37,1.50
2016.11.16 07:23:42.369,1.36461,1.36479,1.00,1.00
2016.11.16 07:23:43.241,1.3646,1.36479,1.12,1.50
2016.11.16 07:23:43.985,1.36461,1.36479,1.00,1.31
2016.11.16 07:23:44.625,1.36474,1.36482,1.25,1.00
2016.11.16 07:23:44.941,1.36492,1.36506,1.00,2.62
2016.11.16 07:23:45.043,1.36492,1.36509,1.50,1.50
2016.11.16 07:23:45.144,1.36493,1.3651,1.25,1.12
2016.11.16 07:23:45.196,1.36498,1.3651,1.00,1.00
2016.11.16 07:23:45.753,1.36498,1.36512,1.00,1.12
2016.11.16 07:23:45.855,1.36494,1.36512,1.00,1.12
2016.11.16 07:23:46.380,1.36493,1.36512,3.19,1.12
2016.11.16 07:23:47.308,1.36493,1.36509,1.00,1.00
2016.11.16 07:23:47.562,1.36488,1.36505,1.25,1.12
2016.11.16 07:23:48.097,1.36487,1.36506,1.19,2.25
2016.11.16 07:23:48.603,1.36488,1.36507,1.00,1.50
2016.11.16 07:23:48.857,1.36488,1.36507,1.69,1.50
2016.11.16 07:23:49.060,1.36491,1.36508,1.00,1.12
2016.11.16 07:23:49.594,1.36491,1.3651,1.37,1.50
2016.11.16 07:23:50.126,1.36491,1.3651,1.00,1.50
2016.11.16 07:23:50.503,1.36493,1.36508,1.87,1.12
2016.11.16 07:23:50.808,1.36505,1.36522,1.50,1.00
2016.11.16 07:23:50.910,1.36504,1.36521,1.12,1.50
2016.11.16 07:23:51.113,1.36502,1.3652,1.12,1.12
2016.11.16 07:23:51.361,1.36502,1.36519,1.00,1.50
2016.11.16 07:23:51.767,1.36504,1.36519,1.00,1.50
2016.11.16 07:23:51.970,1.36507,1.36522,1.00,1.50
2016.11.16 07:23:52.021,1.36507,1.36522,1.00,1.50
2016.11.16 07:23:52.802,1.36508,1.36523,1.00,1.12
2016.11.16 07:23:53.710,1.36509,1.36523,1.00,1.12
2016.11.16 07:23:53.863,1.36511,1.36526,1.00,1.00
2016.11.16 07:23:54.016,1.36513,1.36526,1.00,1.00
2016.11.16 07:23:54.321,1.36528,1.36539,1.00,1.12
2016.11.16 07:23:54.423,1.36528,1.36544,1.00,1.31
2016.11.16 07:23:56.032,1.36527,1.36544,1.00,2.06
2016.11.16 07:23:56.185,1.36528,1.36546,1.00,2.25
2016.11.16 07:23:56.236,1.3653,1.36546,1.00,1.12
2016.11.16 07:23:56.389,1.3653,1.36548,1.00,1.12
2016.11.16 07:23:56.541,1.36532,1.36549,1.00,1.87
2016.11.16 07:23:56.866,1.36533,1.36551,1.00,1.00
2016.11.16 07:23:56.917,1.36535,1.36551,1.00,1.00
2016.11.16 07:23:57.221,1.36541,1.36559,1.00,1.12
2016.11.16 07:23:57.475,1.3654,1.36558,1.12,1.00
2016.11.16 07:23:57.783,1.36544,1.3656,1.00,1.12
2016.11.16 07:23:57.936,1.36544,1.36563,1.00,1.12
2016.11.16 07:23:58.043,1.36552,1.36564,1.00,1.62
2016.11.16 07:23:58.196,1.36556,1.36572,1.00,1.75
2016.11.16 07:23:58.298,1.36557,1.36572,1.00,1.00
2016.11.16 07:23:58.399,1.36559,1.36572,1.00,1.00
2016.11.16 07:23:58.503,1.36562,1.36577,1.00,1.00
2016.11.16 07:23:58.555,1.36564,1.36579,1.00,1.37
2016.11.16 07:23:58.606,1.36565,1.36581,1.00,1.00
2016.11.16 07:23:58.708,1.36568,1.36581,1.00,1.00
2016.11.16 07:23:58.962,1.36571,1.36587,1.00,1.00
2016.11.16 07:24:00.065,1.36572,1.36589,1.00,1.50
2016.11.16 07:24:00.116,1.3657,1.3659,1.00,1.87
2016.11.16 07:24:00.167,1.36572,1.3659,1.00,1.12
2016.11.16 07:24:00.218,1.36568,1.36591,1.37,1.12
2016.11.16 07:24:00.269,1.36571,1.36592,1.00,1.87
2016.11.16 07:24:00.522,1.36572,1.36592,1.37,1.75
2016.11.16 07:24:00.827,1.36572,1.36593,3.00,1.75
2016.11.16 07:24:00.957,1.3657,1.36594,1.87,1.12
2016.11.16 07:24:01.009,1.3657,1.36594,1.12,1.12
2016.11.16 07:24:01.213,1.36567,1.36594,2.08,1.12
2016.11.16 07:24:01.315,1.36567,1.36592,1.00,1.87
2016.11.16 07:24:01.619,1.36568,1.36589,1.00,1.75
2016.11.16 07:24:02.125,1.36568,1.36588,1.00,1.00
2016.11.16 07:24:02.301,1.36565,1.36589,1.87,2.62
2016.11.16 07:24:02.353,1.36565,1.36584,1.00,1.87
2016.11.16 07:24:02.455,1.36562,1.36584,1.00,1.50
2016.11.16 07:24:02.506,1.3656,1.36584,1.00,4.50
2016.11.16 07:24:02.557,1.36559,1.36583,1.12,1.12
2016.11.16 07:24:02.608,1.36563,1.36582,1.00,1.00
2016.11.16 07:24:03.115,1.36562,1.36583,1.50,1.50
2016.11.16 07:24:03.217,1.36567,1.36583,1.12,1.12
2016.11.16 07:24:03.421,1.36568,1.36591,1.12,1.37
2016.11.16 07:24:03.472,1.36569,1.36593,1.75,1.87
2016.11.16 07:24:03.801,1.36573,1.36593,1.00,1.00
2016.11.16 07:24:04.210,1.36573,1.36595,1.00,1.12
2016.11.16 07:24:04.323,1.36573,1.36595,1.00,1.75
2016.11.16 07:24:04.829,1.36573,1.36592,1.00,1.00
2016.11.16 07:24:04.963,1.36568,1.36592,1.87,1.00
2016.11.16 07:24:05.473,1.36569,1.36592,1.12,1.50
2016.11.16 07:24:06.274,1.36568,1.36592,1.87,1.37
2016.11.16 07:24:06.477,1.36568,1.36591,1.87,1.37
2016.11.16 07:24:07.044,1.36567,1.36589,1.87,1.75
2016.11.16 07:24:07.399,1.36578,1.36588,1.00,1.12
2016.11.16 07:24:07.551,1.36578,1.36593,1.00,1.75
2016.11.16 07:24:07.653,1.36578,1.36595,1.00,1.75
2016.11.16 07:24:07.755,1.36577,1.36597,1.62,1.00
2016.11.16 07:24:08.567,1.36578,1.36599,1.00,3.37
2016.11.16 07:24:08.618,1.36575,1.36599,1.12,3.37
2016.11.16 07:24:08.794,1.36572,1.36591,1.50,1.12
2016.11.16 07:24:09.149,1.36572,1.36589,1.00,1.50
2016.11.16 07:24:09.453,1.36568,1.36588,1.37,1.75
2016.11.16 07:24:09.555,1.36568,1.36588,1.00,1.75
2016.11.16 07:24:10.112,1.3657,1.36588,1.00,2.25
2016.11.16 07:24:10.650,1.36569,1.36586,1.00,1.50
2016.11.16 07:24:10.803,1.36566,1.36585,1.50,1.37
2016.11.16 07:24:10.854,1.36566,1.36584,1.00,1.37
2016.11.16 07:24:11.158,1.36568,1.36581,1.00,1.37
2016.11.16 07:24:11.524,1.36565,1.3658,1.00,1.00
2016.11.16 07:24:12.206,1.36562,1.36579,1.12,1.00
2016.11.16 07:24:12.258,1.36562,1.36578,1.12,1.37
2016.11.16 07:24:12.411,1.3656,1.36578,1.12,1.12
2016.11.16 07:24:12.462,1.36565,1.36578,1.00,1.12
2016.11.16 07:24:12.564,1.36566,1.36584,1.12,4.87
2016.11.16 07:24:12.615,1.36567,1.36583,1.00,1.00
2016.11.16 07:24:13.122,1.36567,1.36584,1.00,1.12
2016.11.16 07:24:13.276,1.36565,1.36583,1.50,1.50
2016.11.16 07:24:13.811,1.36564,1.36582,1.00,1.50
2016.11.16 07:24:14.014,1.36566,1.36582,1.00,1.75
2016.11.16 07:24:14.167,1.36568,1.36582,1.00,1.12
2016.11.16 07:24:14.277,1.3657,1.36584,1.00,1.00
2016.11.16 07:24:14.582,1.36567,1.36585,1.12,1.37
2016.11.16 07:24:14.633,1.36573,1.36587,1.00,1.37
2016.11.16 07:24:14.684,1.36573,1.36589,1.00,1.37
2016.11.16 07:24:14.736,1.36573,1.36589,1.00,1.00
2016.11.16 07:24:14.787,1.36573,1.36591,1.00,2.25
2016.11.16 07:24:15.308,1.36572,1.36588,1.12,1.12
2016.11.16 07:24:15.816,1.36573,1.36589,1.00,1.37
2016.11.16 07:24:16.018,1.36573,1.36593,1.12,1.00
2016.11.16 07:24:16.120,1.36573,1.36593,1.12,1.12
2016.11.16 07:24:16.447,1.36573,1.3659,1.37,1.37
2016.11.16 07:24:16.650,1.36572,1.36591,1.00,1.75
2016.11.16 07:24:16.855,1.36571,1.36591,1.00,5.25
2016.11.16 07:24:17.008,1.36572,1.3659,1.00,1.50
2016.11.16 07:24:17.514,1.36573,1.36592,1.12,1.75
2016.11.16 07:24:18.925,1.36569,1.36589,2.06,1.00
2016.11.16 07:24:21.862,1.36572,1.36591,1.00,1.12
2016.11.16 07:24:22.378,1.36572,1.36588,1.00,1.75
2016.11.16 07:24:22.429,1.3657,1.36588,1.00,1.75
2016.11.16 07:24:22.705,1.36568,1.36585,1.12,1.50
2016.11.16 07:24:23.009,1.36568,1.36584,1.00,1.75
2016.11.16 07:24:23.516,1.36568,1.36583,1.00,1.75
2016.11.16 07:24:23.770,1.36564,1.36583,1.00,1.75
2016.11.16 07:24:24.604,1.36563,1.36578,1.37,1.00
2016.11.16 07:24:24.807,1.36558,1.36575,1.37,1.12
2016.11.16 07:24:24.908,1.36558,1.36573,1.00,1.12
2016.11.16 07:24:25.162,1.36556,1.36573,1.31,1.12
2016.11.16 07:24:25.264,1.36557,1.36575,1.31,1.00
2016.11.16 07:24:25.467,1.36558,1.36578,2.81,1.37
2016.11.16 07:24:25.518,1.36562,1.36578,1.25,1.37
2016.11.16 07:24:25.671,1.36563,1.3658,1.37,1.50
2016.11.16 07:24:26.129,1.36565,1.36581,1.37,1.50
2016.11.16 07:24:26.434,1.36567,1.36583,2.25,1.12
2016.11.16 07:24:26.535,1.36568,1.36585,1.75,1.50
2016.11.16 07:24:26.688,1.3657,1.36586,1.94,1.12
2016.11.16 07:24:26.891,1.36576,1.36594,1.75,1.12
2016.11.16 07:24:26.992,1.36577,1.36596,1.75,1.12
2016.11.16 07:24:27.498,1.36576,1.36597,1.75,1.12
2016.11.16 07:24:28.306,1.36575,1.36593,1.69,1.00
2016.11.16 07:24:28.823,1.36576,1.36594,3.37,1.00
2016.11.16 07:24:28.975,1.36583,1.36598,1.25,1.12
2016.11.16 07:24:29.178,1.36588,1.36607,1.75,1.12
2016.11.16 07:24:29.400,1.3659,1.36609,1.87,1.87
2016.11.16 07:24:29.707,1.36598,1.36618,1.50,1.87
2016.11.16 07:24:29.758,1.36598,1.36616,1.12,1.12
2016.11.16 07:24:33.511,1.36601,1.36615,1.00,1.12
2016.11.16 07:24:33.613,1.36601,1.36621,1.50,1.12
2016.11.16 07:24:33.765,1.36601,1.36621,1.00,1.37
2016.11.16 07:24:33.816,1.36599,1.36619,1.00,1.12
2016.11.16 07:24:34.119,1.36598,1.3662,1.87,1.12
2016.11.16 07:24:34.669,1.36603,1.3662,1.00,1.12
2016.11.16 07:24:34.822,1.36603,1.36623,1.75,1.12
2016.11.16 07:24:34.923,1.36603,1.36624,1.75,1.37
2016.11.16 07:24:35.261,1.36603,1.36624,1.00,4.12
2016.11.16 07:24:35.312,1.36603,1.36622,1.00,1.75
2016.11.16 07:24:35.617,1.36605,1.36621,1.25,1.75
2016.11.16 07:24:35.820,1.36609,1.36631,2.25,1.02
2016.11.16 07:24:36.401,1.36612,1.36632,1.87,1.15
2016.11.16 07:24:36.553,1.36618,1.36632,1.00,1.15
2016.11.16 07:24:36.756,1.36613,1.36628,1.00,1.03
2016.11.16 07:24:36.858,1.36613,1.36626,1.00,1.00
2016.11.16 07:24:37.366,1.36613,1.36627,1.00,1.00
2016.11.16 07:24:37.743,1.36613,1.36625,1.12,1.00
2016.11.16 07:24:38.048,1.36612,1.36627,1.00,1.12
2016.11.16 07:24:38.206,1.36612,1.36628,2.81,1.03
2016.11.16 07:24:38.512,1.36618,1.36633,1.12,1.40
2016.11.16 07:24:38.766,1.36618,1.36632,1.00,1.02
2016.11.16 07:24:38.868,1.36612,1.36632,3.00,1.02
2016.11.16 07:24:39.297,1.36614,1.36629,1.75,1.03
2016.11.16 07:24:39.652,1.36612,1.3663,3.37,1.52
2016.11.16 07:24:39.754,1.36618,1.36631,1.00,1.52
2016.11.16 07:24:40.058,1.36617,1.36633,1.87,1.15
2016.11.16 07:24:40.588,1.36619,1.36633,1.75,1.02
2016.11.16 07:24:41.096,1.3662,1.36635,1.12,1.02
2016.11.16 07:24:41.198,1.3662,1.36635,1.00,1.02
2016.11.16 07:24:41.401,1.36615,1.36633,3.00,1.02
2016.11.16 07:24:41.503,1.36618,1.36634,1.50,1.02
2016.11.16 07:24:42.007,1.36619,1.36635,1.75,1.02
2016.11.16 07:24:42.515,1.36624,1.36637,1.00,1.02
2016.11.16 07:24:42.566,1.36624,1.36637,1.00,1.00
2016.11.16 07:24:42.617,1.36624,1.36641,1.87,1.00
2016.11.16 07:24:42.719,1.3663,1.36645,1.00,1.00
2016.11.16 07:24:42.822,1.36633,1.36648,1.75,1.00
2016.11.16 07:24:42.873,1.36635,1.3665,1.37,1.12
2016.11.16 07:24:42.924,1.36638,1.3665,1.37,1.00
2016.11.16 07:24:43.178,1.36637,1.36654,2.44,1.00
2016.11.16 07:24:43.234,1.36643,1.36654,1.00,1.00
2016.11.16 07:24:43.952,1.36643,1.36658,1.00,1.00
2016.11.16 07:24:44.003,1.36648,1.36658,1.00,1.00
2016.11.16 07:24:44.105,1.36647,1.36663,1.12,1.00
2016.11.16 07:24:44.257,1.3665,1.36663,1.12,1.00
2016.11.16 07:24:44.308,1.3665,1.36665,1.12,1.50
2016.11.16 07:24:44.561,1.36658,1.36665,1.00,1.50
2016.11.16 07:24:44.714,1.3666,1.36676,1.56,1.00
2016.11.16 07:24:44.765,1.36667,1.36676,1.25,1.00
2016.11.16 07:24:44.817,1.36667,1.36685,1.25,1.12
2016.11.16 07:24:44.868,1.36668,1.36685,1.19,1.12
2016.11.16 07:24:45.202,1.36689,1.36702,1.31,1.37
2016.11.16 07:24:45.253,1.36691,1.36702,2.25,1.00
2016.11.16 07:24:45.357,1.36694,1.36703,3.75,1.00
2016.11.16 07:24:45.459,1.36702,1.36722,1.12,2.25
2016.11.16 07:24:45.561,1.36702,1.36722,1.12,1.50
2016.11.16 07:24:45.709,1.36702,1.36721,1.87,1.87
2016.11.16 07:24:45.812,1.36703,1.36723,1.50,1.00
2016.11.16 07:24:45.931,1.36703,1.36729,1.75,1.31
2016.11.16 07:24:46.033,1.36703,1.36727,1.56,1.00
2016.11.16 07:24:46.135,1.36706,1.3673,1.12,1.37
2016.11.16 07:24:46.459,1.36691,1.36713,2.62,1.69
2016.11.16 07:24:46.560,1.36689,1.36711,1.00,1.44
2016.11.16 07:24:46.865,1.36686,1.36709,1.12,1.12
2016.11.16 07:24:47.018,1.36684,1.36708,1.12,1.12
2016.11.16 07:24:47.221,1.36683,1.36707,1.75,1.44
2016.11.16 07:24:47.373,1.36687,1.36707,1.00,1.12
2016.11.16 07:24:47.475,1.36691,1.36711,1.00,1.00
2016.11.16 07:24:47.590,1.36688,1.36709,1.12,1.12
2016.11.16 07:24:47.896,1.36675,1.36696,1.12,1.75
2016.11.16 07:24:48.100,1.36668,1.36683,1.00,1.00
2016.11.16 07:24:48.151,1.36665,1.36678,1.12,1.00
2016.11.16 07:24:48.246,1.36661,1.36679,1.12,1.00
2016.11.16 07:24:48.348,1.36657,1.36679,1.84,1.75
2016.11.16 07:24:48.617,1.36655,1.36677,1.75,2.19
2016.11.16 07:24:48.786,1.36648,1.36669,1.75,1.06
2016.11.16 07:24:48.991,1.36649,1.36668,1.12,1.00
2016.11.16 07:24:49.295,1.36647,1.36668,1.12,1.50
2016.11.16 07:24:49.549,1.36643,1.36663,1.75,1.06
2016.11.16 07:24:49.650,1.36637,1.36662,1.12,2.19
2016.11.16 07:24:49.853,1.36634,1.36659,1.75,5.34
2016.11.16 07:24:49.955,1.36632,1.36657,1.75,2.25
2016.11.16 07:24:50.230,1.36649,1.3667,1.50,1.00
2016.11.16 07:24:50.282,1.36651,1.36674,1.12,1.90
2016.11.16 07:24:50.436,1.36656,1.3668,1.00,1.75
2016.11.16 07:24:50.741,1.36653,1.36677,1.12,1.37
2016.11.16 07:24:51.147,1.36658,1.36678,1.00,1.37
2016.11.16 07:24:51.323,1.36658,1.36681,1.87,1.00
2016.11.16 07:24:51.374,1.36659,1.36684,1.75,1.12
2016.11.16 07:24:51.680,1.36661,1.36686,1.87,2.94
2016.11.16 07:24:51.984,1.36662,1.36686,1.75,1.75
2016.11.16 07:24:52.339,1.36661,1.36685,1.37,1.06
2016.11.16 07:24:52.643,1.36662,1.36682,1.00,2.19
2016.11.16 07:24:52.981,1.36657,1.36676,1.37,1.12
2016.11.16 07:24:53.134,1.36655,1.36674,1.00,1.50
2016.11.16 07:24:53.996,1.36655,1.36672,1.00,1.00
2016.11.16 07:24:54.148,1.36653,1.3667,1.00,1.00
2016.11.16 07:24:54.519,1.3664,1.36655,1.12,1.00
2016.11.16 07:24:54.621,1.36639,1.36656,1.00,1.00
2016.11.16 07:24:54.672,1.36636,1.36656,1.37,4.50
2016.11.16 07:24:54.925,1.36633,1.36653,1.75,1.37
2016.11.16 07:24:55.078,1.36643,1.36653,1.00,1.37
2016.11.16 07:24:55.281,1.36657,1.36671,1.12,1.00
2016.11.16 07:24:55.333,1.36656,1.36671,1.12,1.00
2016.11.16 07:24:55.384,1.36658,1.36675,1.12,1.00
2016.11.16 07:24:55.486,1.3666,1.36676,1.12,1.00
2016.11.16 07:24:55.790,1.36655,1.36671,1.12,1.00
2016.11.16 07:24:56.319,1.36655,1.3667,1.12,1.00
2016.11.16 07:24:56.968,1.36655,1.36671,1.12,1.00
2016.11.16 07:24:57.782,1.36655,1.3667,1.12,1.00
2016.11.16 07:24:58.341,1.36655,1.3667,1.00,1.00
2016.11.16 07:24:58.392,1.36655,1.36673,1.37,1.00
2016.11.16 07:24:58.545,1.36659,1.36672,1.00,1.00
2016.11.16 07:24:59.078,1.36659,1.36673,1.00,1.00
2016.11.16 07:24:59.414,1.36655,1.36669,1.12,1.00
2016.11.16 07:24:59.569,1.36649,1.36665,1.75,1.00
2016.11.16 07:25:00.075,1.36654,1.36669,1.37,1.00
2016.11.16 07:25:00.177,1.36655,1.36673,3.37,1.50
2016.11.16 07:25:00.279,1.3666,1.36674,1.37,1.00
2016.11.16 07:25:00.584,1.36656,1.36666,1.12,1.00
2016.11.16 07:25:00.635,1.36652,1.36665,1.50,1.00
2016.11.16 07:25:01.171,1.36652,1.36661,1.12,1.00
2016.11.16 07:25:01.325,1.36648,1.36658,1.00,1.00
2016.11.16 07:25:01.426,1.36646,1.36659,1.12,1.00
2016.11.16 07:25:01.987,1.36645,1.36659,1.00,1.37
2016.11.16 07:25:02.494,1.36641,1.36657,1.75,1.00
2016.11.16 07:25:02.869,1.36641,1.36654,1.12,1.00
2016.11.16 07:25:03.175,1.36638,1.36649,1.00,1.37
2016.11.16 07:25:03.442,1.36638,1.36651,1.00,1.50
2016.11.16 07:25:04.000,1.36638,1.36652,1.12,1.00
2016.11.16 07:25:04.051,1.36638,1.36655,1.75,1.75
2016.11.16 07:25:04.152,1.36638,1.36655,1.87,1.37
2016.11.16 07:25:04.264,1.36643,1.36657,1.00,1.37
2016.11.16 07:25:04.460,1.36649,1.36664,1.00,1.37
2016.11.16 07:25:04.613,1.36654,1.36669,1.12,3.00
2016.11.16 07:25:04.664,1.36655,1.36672,1.00,1.31
2016.11.16 07:25:04.715,1.36655,1.36672,1.00,3.75
2016.11.16 07:25:04.867,1.36655,1.36673,1.12,1.37
2016.11.16 07:25:04.969,1.36653,1.36671,1.75,1.12
2016.11.16 07:25:05.071,1.36653,1.36671,1.12,1.50
2016.11.16 07:25:05.579,1.36652,1.36668,1.12,1.00
2016.11.16 07:25:05.833,1.36649,1.36669,1.75,3.37
2016.11.16 07:25:05.944,1.36649,1.36669,1.75,1.75
2016.11.16 07:25:06.030,1.36648,1.36664,1.12,1.12
2016.11.16 07:25:06.184,1.36647,1.36664,1.00,2.25
2016.11.16 07:25:06.336,1.3665,1.36664,1.00,1.50
2016.11.16 07:25:06.387,1.3665,1.36664,1.50,1.00
2016.11.16 07:25:06.438,1.3665,1.36668,1.50,1.50
2016.11.16 07:25:06.489,1.36653,1.36669,1.00,2.25
2016.11.16 07:25:06.896,1.36653,1.36671,1.87,1.12
2016.11.16 07:25:06.947,1.36653,1.36671,2.25,1.37
2016.11.16 07:25:07.449,1.36654,1.36672,1.50,1.50
2016.11.16 07:25:07.968,1.36656,1.36673,1.00,1.12
2016.11.16 07:25:08.070,1.36658,1.36674,1.00,2.62
2016.11.16 07:25:08.222,1.36656,1.36672,1.00,1.87
2016.11.16 07:25:08.324,1.36653,1.3667,1.50,1.12
2016.11.16 07:25:08.477,1.36653,1.36669,1.00,1.50
2016.11.16 07:25:08.782,1.36651,1.36668,1.12,4.87
2016.11.16 07:25:09.004,1.36647,1.36664,1.12,1.87
2016.11.16 07:25:09.056,1.36649,1.36664,1.00,1.12
2016.11.16 07:25:09.107,1.36649,1.36663,1.00,1.00
2016.11.16 07:25:09.512,1.36647,1.36665,1.87,1.75
2016.11.16 07:25:09.917,1.36647,1.36664,1.50,3.75
2016.11.16 07:25:10.412,1.36646,1.36663,1.00,3.37
2016.11.16 07:25:10.463,1.36644,1.36658,1.00,1.00
2016.11.16 07:25:10.514,1.36643,1.36658,1.50,1.37
2016.11.16 07:25:10.565,1.36641,1.36659,1.37,1.87
2016.11.16 07:25:10.718,1.36642,1.36659,1.12,1.87
2016.11.16 07:25:10.769,1.36643,1.36659,1.00,1.12
2016.11.16 07:25:10.820,1.36649,1.36659,1.00,1.12
2016.11.16 07:25:11.024,1.36653,1.36669,1.00,2.25
2016.11.16 07:25:11.563,1.36652,1.36668,1.00,1.87
2016.11.16 07:25:12.102,1.36651,1.36667,1.00,1.50
2016.11.16 07:25:12.306,1.36654,1.36668,1.00,1.00
2016.11.16 07:25:12.813,1.36655,1.3667,1.00,1.37
2016.11.16 07:25:13.124,1.36658,1.3667,1.00,1.37
2016.11.16 07:25:13.175,1.36656,1.36672,1.00,1.87
2016.11.16 07:25:13.234,1.36656,1.36672,1.87,1.00
2016.11.16 07:25:13.408,1.36658,1.36672,1.87,1.00
2016.11.16 07:25:13.713,1.36665,1.36681,1.50,1.50
2016.11.16 07:25:14.119,1.36672,1.36683,1.00,1.12
2016.11.16 07:25:14.423,1.36685,1.367,1.12,1.37
2016.11.16 07:25:14.626,1.36683,1.36688,1.37,1.00
2016.11.16 07:25:14.751,1.36677,1.36682,1.00,1.00
2016.11.16 07:25:14.802,1.36672,1.36679,1.12,1.00
2016.11.16 07:25:14.854,1.36665,1.36679,3.00,1.00
2016.11.16 07:25:14.956,1.36665,1.36676,2.25,1.00
2016.11.16 07:25:15.008,1.36662,1.36676,1.00,1.00
2016.11.16 07:25:15.263,1.36659,1.36674,1.12,1.00
2016.11.16 07:25:15.314,1.36661,1.36678,1.00,1.87
2016.11.16 07:25:15.365,1.36663,1.36678,1.00,1.12
2016.11.16 07:25:15.669,1.36672,1.36687,1.00,2.25
2016.11.16 07:25:15.720,1.36672,1.36688,1.00,1.50
2016.11.16 07:25:16.208,1.36671,1.36688,1.12,1.12
2016.11.16 07:25:16.526,1.36673,1.36689,1.00,1.75
2016.11.16 07:25:16.830,1.36676,1.36691,3.37,1.00
2016.11.16 07:25:16.932,1.36675,1.3669,2.25,1.00
2016.11.16 07:25:17.033,1.36675,1.3669,1.37,1.00
2016.11.16 07:25:17.287,1.36678,1.36692,1.00,1.12
2016.11.16 07:25:17.590,1.36675,1.3669,3.00,1.00
2016.11.16 07:25:17.641,1.36674,1.3669,1.12,1.00
2016.11.16 07:25:18.187,1.36674,1.3669,1.37,1.50
2016.11.16 07:25:18.339,1.36675,1.3669,1.41,1.00
2016.11.16 07:25:18.593,1.3668,1.36696,1.50,1.00
2016.11.16 07:25:18.644,1.3668,1.36696,1.12,1.00
2016.11.16 07:25:19.344,1.36678,1.36696,1.50,1.00
2016.11.16 07:25:19.445,1.3668,1.36696,1.00,1.00
2016.11.16 07:25:19.972,1.36681,1.36697,1.00,1.12
2016.11.16 07:25:20.377,1.36684,1.36697,1.00,1.00
2016.11.16 07:25:20.529,1.36686,1.36702,1.00,1.50
2016.11.16 07:25:20.580,1.36688,1.36702,1.00,1.37
2016.11.16 07:25:20.631,1.36686,1.36701,1.00,1.00
2016.11.16 07:25:20.682,1.36684,1.36701,1.00,1.12
2016.11.16 07:25:20.936,1.36682,1.36699,2.62,1.37
2016.11.16 07:25:21.191,1.36681,1.36699,1.12,1.37
2016.11.16 07:25:21.692,1.36681,1.36698,1.69,1.50
2016.11.16 07:25:22.229,1.36682,1.36699,1.00,1.75
2016.11.16 07:25:22.537,1.36683,1.36699,1.00,1.12
2016.11.16 07:25:22.821,1.36681,1.367,1.31,1.50
2016.11.16 07:25:22.873,1.36679,1.36697,1.37,1.00
2016.11.16 07:25:23.202,1.36675,1.36691,1.31,1.12
2016.11.16 07:25:23.506,1.36683,1.36696,1.00,1.00
2016.11.16 07:25:23.557,1.36683,1.36699,1.50,1.37
2016.11.16 07:25:23.811,1.36683,1.36701,1.50,1.00
2016.11.16 07:25:24.168,1.36687,1.36702,1.00,1.00
2016.11.16 07:25:24.272,1.36685,1.36702,1.12,1.00
2016.11.16 07:25:24.705,1.36687,1.36702,1.00,1.00
2016.11.16 07:25:27.072,1.36686,1.36702,1.00,1.12
2016.11.16 07:25:27.711,1.36685,1.36702,1.50,1.12
2016.11.16 07:25:28.067,1.36685,1.36702,1.00,1.87
2016.11.16 07:25:28.586,1.36683,1.36699,1.50,1.12
2016.11.16 07:25:28.637,1.36681,1.36699,1.87,1.31
2016.11.16 07:25:28.739,1.36681,1.36697,1.00,1.50
2016.11.16 07:25:29.452,1.36679,1.36696,1.01,1.50
2016.11.16 07:25:29.755,1.36678,1.36696,1.89,1.50
2016.11.16 07:25:29.857,1.36678,1.36695,1.77,1.00
2016.11.16 07:25:29.958,1.36678,1.36695,1.14,1.12
2016.11.16 07:25:30.111,1.36675,1.36692,1.76,1.00
2016.11.16 07:25:30.459,1.36669,1.36685,1.51,1.12
2016.11.16 07:25:30.972,1.36673,1.36686,1.02,1.12
2016.11.16 07:25:31.226,1.36669,1.36686,2.26,1.00
2016.11.16 07:25:31.328,1.36669,1.36684,1.39,1.00
2016.11.16 07:25:31.633,1.36668,1.36683,1.01,1.50
2016.11.16 07:25:32.576,1.3667,1.36687,1.01,2.25
2016.11.16 07:25:32.678,1.36672,1.36689,1.01,3.00
2016.11.16 07:25:32.779,1.36672,1.3669,1.89,1.50
2016.11.16 07:25:32.881,1.36673,1.3669,1.14,1.12
2016.11.16 07:25:33.084,1.36675,1.36691,1.01,1.12
2016.11.16 07:25:33.838,1.36677,1.36693,1.01,1.75
2016.11.16 07:25:34.141,1.36675,1.3669,1.50,1.00
2016.11.16 07:25:34.344,1.36673,1.36688,1.87,1.37
2016.11.16 07:25:34.446,1.36673,1.36686,1.12,1.00
2016.11.16 07:25:35.024,1.36671,1.36686,1.00,1.00
2016.11.16 07:25:35.075,1.36671,1.36686,1.01,1.00
2016.11.16 07:25:35.379,1.36673,1.36691,2.26,1.00
2016.11.16 07:25:36.072,1.36673,1.36692,2.26,1.87
2016.11.16 07:25:36.475,1.36678,1.36692,1.01,1.37
2016.11.16 07:25:36.779,1.36682,1.36698,1.01,1.87
2016.11.16 07:25:38.051,1.36681,1.36698,1.51,1.12
2016.11.16 07:25:38.558,1.36681,1.36697,1.51,1.00
2016.11.16 07:25:38.863,1.36681,1.36697,1.01,1.00
2016.11.16 07:25:39.371,1.36682,1.36698,1.02,1.50
2016.11.16 07:25:40.639,1.36684,1.36698,1.00,1.00
2016.11.16 07:25:41.303,1.36682,1.36699,1.50,1.50
2016.11.16 07:25:41.687,1.36682,1.36699,1.39,1.12
2016.11.16 07:25:41.992,1.36682,1.36701,1.39,1.87
2016.11.16 07:25:42.326,1.36678,1.36694,1.51,1.12
2016.11.16 07:25:42.653,1.36678,1.36693,1.01,1.50
2016.11.16 07:25:43.179,1.36678,1.36692,1.01,1.12
2016.11.16 07:25:43.589,1.36678,1.3669,1.01,1.12
2016.11.16 07:25:45.071,1.36677,1.3669,1.01,1.00
2016.11.16 07:25:46.159,1.36678,1.3669,1.01,1.00
2016.11.16 07:25:46.666,1.36675,1.36692,1.01,1.50
2016.11.16 07:25:47.225,1.36675,1.36691,1.14,1.00
2016.11.16 07:25:47.637,1.36678,1.36693,1.03,1.00
2016.11.16 07:25:47.959,1.36679,1.36696,1.53,1.00
2016.11.16 07:25:48.163,1.36681,1.36698,1.53,1.00
2016.11.16 07:25:48.594,1.36681,1.36698,1.53,1.00
2016.11.16 07:25:49.147,1.36681,1.36699,1.53,1.50
2016.11.16 07:25:49.469,1.36685,1.36699,1.03,1.12
2016.11.16 07:25:49.622,1.3669,1.36708,1.78,1.12
2016.11.16 07:25:50.078,1.36694,1.36708,1.00,1.00
2016.11.16 07:25:50.281,1.36702,1.36717,1.00,1.12
2016.11.16 07:25:50.332,1.36698,1.36716,1.50,1.00
2016.11.16 07:25:50.434,1.36698,1.36716,1.00,1.12
2016.11.16 07:25:50.761,1.36696,1.36715,1.04,3.37
2016.11.16 07:25:50.812,1.36696,1.36716,4.15,1.00
2016.11.16 07:25:51.622,1.36695,1.36715,1.12,1.87
2016.11.16 07:25:51.826,1.36695,1.36713,1.00,1.00
2016.11.16 07:25:51.877,1.36695,1.3671,1.00,1.00
2016.11.16 07:25:51.928,1.36691,1.36709,1.00,1.00
2016.11.16 07:25:51.979,1.36693,1.36709,1.00,1.00
2016.11.16 07:25:52.314,1.36699,1.36716,1.00,1.12
2016.11.16 07:25:52.821,1.36698,1.36714,1.12,1.12
2016.11.16 07:25:53.130,1.36692,1.36706,1.12,1.37
2016.11.16 07:25:53.341,1.36689,1.3671,2.47,1.12
2016.11.16 07:25:53.594,1.36691,1.3671,1.39,1.12
2016.11.16 07:25:54.264,1.36691,1.3671,1.39,1.12
2016.11.16 07:25:54.706,1.36692,1.36705,1.14,1.12
2016.11.16 07:25:54.809,1.36687,1.36704,1.14,1.37
2016.11.16 07:25:54.910,1.36684,1.36701,1.51,1.00
2016.11.16 07:25:55.259,1.36683,1.36699,1.39,1.00
2016.11.16 07:25:55.642,1.36683,1.36699,1.39,1.75
2016.11.16 07:25:55.693,1.36683,1.36697,1.39,1.37
2016.11.16 07:25:55.744,1.36678,1.36697,2.26,1.75
2016.11.16 07:25:56.055,1.36678,1.36694,1.51,1.75
2016.11.16 07:25:56.662,1.36682,1.36693,1.01,1.12
2016.11.16 07:25:56.713,1.36682,1.36693,1.01,1.50
2016.11.16 07:25:57.076,1.36677,1.36693,1.00,1.75
2016.11.16 07:25:57.127,1.36677,1.36693,1.00,1.00
2016.11.16 07:25:57.279,1.36682,1.36692,1.00,1.00
2016.11.16 07:25:57.965,1.36678,1.36692,1.00,1.00
2016.11.16 07:25:58.320,1.36675,1.36692,1.12,1.50
2016.11.16 07:25:58.472,1.36673,1.36691,1.12,1.75
2016.11.16 07:25:58.776,1.36678,1.36689,1.00,1.00
2016.11.16 07:26:00.476,1.36676,1.36691,1.01,1.37
2016.11.16 07:26:00.781,1.36682,1.36695,1.00,1.00
2016.11.16 07:26:01.035,1.36682,1.36695,1.00,1.75
2016.11.16 07:26:01.341,1.36682,1.36696,1.00,1.37
2016.11.16 07:26:01.857,1.36681,1.36696,1.02,1.12
2016.11.16 07:26:02.154,1.36681,1.36696,1.02,1.37
2016.11.16 07:26:02.623,1.36681,1.36696,1.02,1.12
2016.11.16 07:26:03.259,1.36678,1.3669,1.01,1.00
2016.11.16 07:26:03.354,1.36674,1.36685,4.14,1.00
2016.11.16 07:26:03.405,1.36673,1.36686,1.75,1.50
2016.11.16 07:26:03.456,1.36672,1.36685,1.37,1.12
2016.11.16 07:26:03.963,1.36672,1.36684,1.00,1.37
2016.11.16 07:26:04.470,1.36666,1.36684,1.50,1.87
2016.11.16 07:26:04.775,1.36667,1.36683,1.37,1.00
2016.11.16 07:26:04.955,1.36668,1.36684,1.00,1.37
2016.11.16 07:26:05.472,1.36667,1.36683,1.12,1.12
2016.11.16 07:26:06.276,1.36667,1.36684,1.37,1.12
2016.11.16 07:26:08.158,1.36666,1.36682,1.75,1.00
2016.11.16 07:26:08.291,1.36665,1.36681,1.00,1.12
2016.11.16 07:26:08.495,1.36663,1.3668,1.87,1.12
2016.11.16 07:26:08.640,1.36663,1.36679,1.87,1.19
2016.11.16 07:26:08.692,1.36663,1.36678,1.37,1.00
2016.11.16 07:26:08.743,1.36663,1.36675,1.37,1.00
2016.11.16 07:26:08.846,1.36658,1.36674,1.50,1.12
2016.11.16 07:26:08.999,1.36658,1.36674,1.00,1.87
2016.11.16 07:26:09.505,1.36656,1.36674,1.37,1.87
2016.11.16 07:26:10.072,1.36657,1.36672,1.12,1.37
2016.11.16 07:26:10.737,1.36654,1.36672,1.75,2.59
2016.11.16 07:26:10.822,1.36653,1.36668,1.50,1.84
2016.11.16 07:26:10.873,1.36651,1.36667,1.37,1.71
2016.11.16 07:26:10.925,1.36649,1.36665,1.12,1.46
2016.11.16 07:26:10.977,1.36649,1.36664,1.00,1.12
2016.11.16 07:26:11.282,1.36652,1.36663,1.00,1.37
2016.11.16 07:26:12.065,1.36653,1.36665,1.00,2.21
2016.11.16 07:26:12.116,1.36653,1.36665,1.00,1.84
2016.11.16 07:26:12.473,1.36649,1.36664,1.00,1.00
2016.11.16 07:26:12.574,1.36653,1.36664,1.00,1.50
2016.11.16 07:26:12.677,1.36647,1.36663,1.87,1.00
2016.11.16 07:26:12.729,1.36647,1.36663,1.50,1.75
2016.11.16 07:26:12.780,1.36647,1.36663,1.50,1.87
2016.11.16 07:26:13.430,1.36648,1.36663,1.00,1.50
2016.11.16 07:26:13.967,1.36648,1.36664,1.37,1.50
2016.11.16 07:26:15.252,1.36648,1.36664,1.37,1.00
2016.11.16 07:26:15.505,1.36647,1.36664,1.00,2.50
2016.11.16 07:26:15.657,1.36647,1.36663,1.00,2.25
2016.11.16 07:26:15.810,1.36643,1.3666,1.00,1.09
2016.11.16 07:26:15.912,1.36643,1.3666,1.50,1.37
2016.11.16 07:26:16.014,1.36644,1.3666,1.87,1.00
2016.11.16 07:26:17.339,1.36644,1.3666,1.00,1.00
2016.11.16 07:26:17.845,1.36643,1.36661,3.00,1.87
2016.11.16 07:26:18.351,1.36644,1.36661,1.00,2.62
2016.11.16 07:26:19.070,1.36643,1.36659,1.00,1.50
2016.11.16 07:26:19.173,1.36638,1.36657,5.62,1.50
2016.11.16 07:26:19.271,1.36639,1.36655,1.50,1.12
2016.11.16 07:26:19.577,1.36637,1.36655,1.12,2.62
2016.11.16 07:26:19.628,1.36635,1.36652,1.50,1.50
2016.11.16 07:26:19.679,1.36638,1.36652,1.00,1.50
2016.11.16 07:26:19.780,1.36635,1.36651,1.12,1.00
2016.11.16 07:26:20.288,1.36634,1.36651,1.00,2.25
2016.11.16 07:26:20.820,1.36638,1.36649,1.00,1.00
2016.11.16 07:26:21.023,1.36634,1.36649,1.00,1.12
2016.11.16 07:26:21.118,1.36634,1.36648,1.00,1.37
2016.11.16 07:26:21.626,1.36634,1.36648,1.00,1.12
2016.11.16 07:26:21.953,1.36631,1.3664,1.12,1.00
2016.11.16 07:26:22.055,1.36627,1.36639,1.50,1.00
2016.11.16 07:26:22.255,1.36623,1.36639,2.25,1.00
2016.11.16 07:26:22.407,1.36623,1.3664,1.75,2.25
2016.11.16 07:26:23.802,1.36622,1.36639,1.87,1.50
2016.11.16 07:26:24.344,1.36622,1.36636,1.00,1.00
2016.11.16 07:26:24.625,1.36621,1.36633,1.00,1.00
2016.11.16 07:26:24.931,1.36612,1.36628,1.12,1.12
2016.11.16 07:26:25.134,1.3661,1.36628,1.75,1.50
2016.11.16 07:26:25.677,1.3661,1.36626,1.75,1.00
2016.11.16 07:26:26.166,1.36609,1.36629,1.37,2.25
2016.11.16 07:26:26.812,1.36613,1.36629,1.00,1.75
2016.11.16 07:26:29.371,1.36614,1.3663,1.00,1.12
2016.11.16 07:26:29.638,1.36616,1.36631,1.00,1.00
2016.11.16 07:26:30.244,1.36615,1.36633,1.00,1.75
2016.11.16 07:26:30.753,1.36614,1.36632,1.00,1.37
2016.11.16 07:26:31.007,1.36616,1.36633,1.00,1.12
2016.11.16 07:26:31.513,1.36616,1.36634,1.50,1.75
2016.11.16 07:26:32.526,1.36618,1.36628,1.00,1.00
2016.11.16 07:26:32.628,1.36613,1.36627,1.37,1.37
2016.11.16 07:26:32.679,1.36613,1.36626,1.00,1.00
2016.11.16 07:26:32.730,1.36613,1.36625,1.00,1.37
2016.11.16 07:26:33.034,1.36608,1.36623,1.00,1.37
2016.11.16 07:26:33.846,1.36607,1.36621,1.00,1.37
2016.11.16 07:26:34.150,1.36607,1.36622,1.00,1.12
2016.11.16 07:26:34.661,1.36607,1.36618,1.00,1.00
2016.11.16 07:26:34.763,1.36603,1.36615,1.00,1.00
2016.11.16 07:26:34.814,1.36598,1.36613,3.00,1.25
2016.11.16 07:26:34.865,1.36598,1.3661,1.00,1.00
2016.11.16 07:26:34.917,1.36597,1.3661,1.00,1.37
2016.11.16 07:26:35.241,1.36602,1.36615,1.00,1.75
2016.11.16 07:26:35.445,1.36602,1.36617,1.00,2.44
2016.11.16 07:26:35.547,1.36599,1.36617,1.00,1.31
2016.11.16 07:26:35.648,1.36598,1.36615,1.00,1.50
2016.11.16 07:26:36.172,1.36598,1.36613,1.00,1.00
2016.11.16 07:26:36.678,1.36599,1.36616,1.00,1.75
2016.11.16 07:26:36.975,1.36597,1.36615,1.50,1.12
2016.11.16 07:26:37.202,1.36597,1.36614,1.50,1.37
2016.11.16 07:26:37.505,1.36598,1.36611,1.00,1.00
2016.11.16 07:26:37.810,1.36597,1.36609,1.00,1.37
2016.11.16 07:26:38.362,1.36597,1.36609,1.00,1.00
2016.11.16 07:26:39.122,1.36595,1.36613,1.00,3.94
2016.11.16 07:26:39.174,1.36595,1.36613,1.00,1.69
2016.11.16 07:26:39.328,1.36597,1.36614,1.00,1.19
2016.11.16 07:26:39.643,1.366,1.36618,1.12,1.37
2016.11.16 07:26:39.747,1.36603,1.36618,1.00,1.50
2016.11.16 07:26:40.277,1.36603,1.36618,1.00,1.37
2016.11.16 07:26:40.328,1.36603,1.36618,1.00,1.12
2016.11.16 07:26:40.480,1.36603,1.36618,1.00,1.69
2016.11.16 07:26:40.785,1.36637,1.36645,1.00,2.62
2016.11.16 07:26:40.887,1.36637,1.36652,1.00,4.87
2016.11.16 07:26:40.988,1.36633,1.36652,2.25,1.87
2016.11.16 07:26:41.039,1.36638,1.36652,1.00,1.87
2016.11.16 07:26:41.162,1.36633,1.36649,1.00,1.25
2016.11.16 07:26:41.243,1.36632,1.36643,1.00,1.00
2016.11.16 07:26:41.345,1.36627,1.36643,1.87,1.37
2016.11.16 07:26:41.397,1.36627,1.36643,1.12,3.37
2016.11.16 07:26:41.600,1.36628,1.36641,1.00,1.75
2016.11.16 07:26:41.651,1.36624,1.36641,1.00,1.75
2016.11.16 07:26:42.081,1.36623,1.36642,2.25,1.87
2016.11.16 07:26:42.537,1.36623,1.3664,1.00,1.75
2016.11.16 07:26:42.879,1.36628,1.3664,1.00,1.37
2016.11.16 07:26:43.469,1.36623,1.3664,1.12,1.37
2016.11.16 07:26:44.656,1.36622,1.36637,1.37,1.00
2016.11.16 07:26:45.182,1.36623,1.36636,1.00,1.00
2016.11.16 07:26:47.137,1.36622,1.36636,1.00,1.00
2016.11.16 07:26:47.440,1.36622,1.36636,1.00,1.50
2016.11.16 07:26:47.985,1.36623,1.36634,1.00,1.00
2016.11.16 07:26:48.845,1.36622,1.36634,1.00,1.00
2016.11.16 07:26:49.098,1.36622,1.36636,1.00,1.12
2016.11.16 07:26:49.200,1.36622,1.36636,1.00,1.75
2016.11.16 07:26:50.672,1.36616,1.36634,1.37,1.00
2016.11.16 07:26:50.723,1.36616,1.36635,1.12,4.12
2016.11.16 07:26:50.960,1.36614,1.36632,1.00,2.25
2016.11.16 07:26:51.265,1.36613,1.3663,1.50,1.50
2016.11.16 07:26:51.571,1.36617,1.36627,1.00,1.37
2016.11.16 07:26:51.875,1.36613,1.36627,1.00,1.50
2016.11.16 07:26:52.177,1.36613,1.36624,1.00,1.19
2016.11.16 07:26:52.380,1.36603,1.36616,1.00,1.00
2016.11.16 07:26:52.660,1.36607,1.36617,1.00,1.00
2016.11.16 07:26:53.370,1.36603,1.3662,1.50,1.37
2016.11.16 07:26:53.421,1.36603,1.36621,1.75,1.37
2016.11.16 07:26:53.934,1.36607,1.36621,1.00,1.37
2016.11.16 07:26:54.144,1.36603,1.36621,1.75,1.37
2016.11.16 07:26:54.325,1.36604,1.36623,1.75,1.25
2016.11.16 07:26:54.426,1.36604,1.36623,1.75,1.31
2016.11.16 07:26:54.528,1.36606,1.36623,1.00,1.31
2016.11.16 07:26:54.629,1.36603,1.36621,1.75,1.31
2016.11.16 07:26:54.731,1.36602,1.3662,1.87,1.62
2016.11.16 07:26:54.832,1.36602,1.36618,1.12,1.94
2016.11.16 07:26:55.137,1.36594,1.36609,1.37,1.00
2016.11.16 07:26:55.289,1.36598,1.36609,1.00,1.00
2016.11.16 07:26:55.593,1.36598,1.36611,1.50,1.00
2016.11.16 07:26:56.128,1.36598,1.36614,1.00,1.75
2016.11.16 07:26:56.382,1.36603,1.36615,1.00,1.87
2016.11.16 07:26:56.584,1.36598,1.36615,1.50,1.75
2016.11.16 07:26:57.124,1.36598,1.36615,1.50,1.75
2016.11.16 07:26:57.673,1.36598,1.36614,1.00,1.75
2016.11.16 07:26:57.825,1.36598,1.36611,1.00,1.12
2016.11.16 07:26:58.130,1.36598,1.3661,1.00,1.75
2016.11.16 07:26:58.490,1.36593,1.3661,1.12,1.75
2016.11.16 07:26:58.644,1.36591,1.3661,3.75,1.12
2016.11.16 07:26:58.847,1.36589,1.36607,3.37,1.00
2016.11.16 07:26:58.899,1.36589,1.36606,2.25,1.50
2016.11.16 07:26:58.950,1.36588,1.36605,1.25,1.00
2016.11.16 07:26:59.072,1.36588,1.36605,1.25,1.50
2016.11.16 07:26:59.427,1.36592,1.36602,1.00,1.00
2016.11.16 07:26:59.682,1.36598,1.36612,1.00,1.50
2016.11.16 07:26:59.885,1.36598,1.36615,1.12,1.37
2016.11.16 07:27:01.598,1.36599,1.36617,1.00,1.12
2016.11.16 07:27:02.182,1.366,1.36617,1.00,1.12
2016.11.16 07:27:02.959,1.36598,1.36617,1.50,3.37
2016.11.16 07:27:03.112,1.36598,1.36614,1.00,1.12
2016.11.16 07:27:03.644,1.36598,1.36616,1.00,1.50
2016.11.16 07:27:03.847,1.36597,1.36612,1.00,1.37
2016.11.16 07:27:03.898,1.36595,1.36612,1.12,1.37
2016.11.16 07:27:04.302,1.36597,1.36612,1.00,1.37
2016.11.16 07:27:04.606,1.36598,1.36615,1.50,1.12
2016.11.16 07:27:04.780,1.36598,1.36615,1.00,1.75
2016.11.16 07:27:05.323,1.36598,1.36615,1.12,1.75
2016.11.16 07:27:07.416,1.36595,1.3661,1.37,1.00
2016.11.16 07:27:07.723,1.36593,1.36606,1.00,1.50
2016.11.16 07:27:08.575,1.36592,1.36607,1.00,2.25
2016.11.16 07:27:08.833,1.36592,1.36607,1.00,1.12
2016.11.16 07:27:10.775,1.36597,1.36609,1.00,1.37
2016.11.16 07:27:10.927,1.36597,1.36615,2.25,1.50
2016.11.16 07:27:10.978,1.36599,1.36617,1.50,1.87
2016.11.16 07:27:11.131,1.366,1.36619,1.12,1.50
2016.11.16 07:27:11.676,1.36601,1.3662,1.00,2.25
2016.11.16 07:27:11.879,1.366,1.36616,1.12,1.00
2016.11.16 07:27:12.205,1.36606,1.3662,1.12,1.12
2016.11.16 07:27:12.358,1.36607,1.36624,1.12,1.75
2016.11.16 07:27:12.673,1.36617,1.36625,1.00,1.75
2016.11.16 07:27:12.774,1.36622,1.3663,1.00,1.00
2016.11.16 07:27:12.859,1.36622,1.36636,1.00,4.50
2016.11.16 07:27:12.911,1.36622,1.36639,1.00,4.50
2016.11.16 07:27:13.013,1.36623,1.36639,1.00,1.50
2016.11.16 07:27:13.166,1.36624,1.36641,1.12,1.00
2016.11.16 07:27:13.288,1.36627,1.36641,1.00,1.37
2016.11.16 07:27:13.390,1.36624,1.36641,1.00,1.87
2016.11.16 07:27:14.503,1.36621,1.36637,1.50,1.00
2016.11.16 07:27:14.554,1.36621,1.36637,1.00,1.00
2016.11.16 07:27:15.060,1.3662,1.36638,1.50,1.87
2016.11.16 07:27:15.689,1.3662,1.36637,1.12,1.12
2016.11.16 07:27:16.227,1.36619,1.36637,1.12,1.12
2016.11.16 07:27:18.178,1.36619,1.36637,1.87,1.00
2016.11.16 07:27:18.709,1.36619,1.36637,2.25,1.00
2016.11.16 07:27:19.395,1.36618,1.36637,2.62,1.12
2016.11.16 07:27:19.699,1.36617,1.36634,2.25,1.37
2016.11.16 07:27:19.802,1.36616,1.36633,1.37,1.12
2016.11.16 07:27:19.904,1.36616,1.36633,1.00,1.75
2016.11.16 07:27:20.410,1.36617,1.36635,2.06,1.12
2016.11.16 07:27:20.512,1.36619,1.36636,2.44,1.00
2016.11.16 07:27:21.075,1.36621,1.36633,1.00,1.50
2016.11.16 07:27:21.280,1.36613,1.36628,1.12,1.00
2016.11.16 07:27:21.332,1.36611,1.36629,2.81,1.50
2016.11.16 07:27:21.484,1.36611,1.36629,2.81,1.87
2016.11.16 07:27:21.788,1.3661,1.36628,5.06,1.50
2016.11.16 07:27:22.742,1.36611,1.36626,1.75,1.00
2016.11.16 07:27:22.895,1.36609,1.36624,1.00,1.00
2016.11.16 07:27:22.997,1.36606,1.36624,1.50,1.00
2016.11.16 07:27:23.200,1.36606,1.36622,1.50,1.12
2016.11.16 07:27:23.505,1.3661,1.36627,2.25,1.12
2016.11.16 07:27:24.126,1.36609,1.36626,1.50,1.00
2016.11.16 07:27:24.228,1.36607,1.36625,1.37,1.00
2016.11.16 07:27:24.353,1.36607,1.36625,1.00,1.12
2016.11.16 07:27:24.865,1.36607,1.36624,1.00,1.00
2016.11.16 07:27:25.207,1.36604,1.36622,1.12,1.00
2016.11.16 07:27:25.410,1.36601,1.36618,1.00,1.12
2016.11.16 07:27:25.715,1.366,1.36618,1.50,1.87
2016.11.16 07:27:26.115,1.36601,1.36618,1.50,1.12
2016.11.16 07:27:26.421,1.366,1.36617,1.00,1.37
2016.11.16 07:27:26.725,1.36608,1.36625,1.37,1.00
2016.11.16 07:27:27.029,1.36609,1.36627,1.37,1.87
2016.11.16 07:27:27.332,1.36609,1.36615,1.87,1.00
2016.11.16 07:27:27.434,1.36611,1.36617,1.12,1.00
2016.11.16 07:27:27.536,1.36614,1.36619,1.00,1.00
2016.11.16 07:27:27.841,1.36615,1.36621,1.12,1.00
2016.11.16 07:27:28.095,1.36617,1.36622,1.31,1.00
2016.11.16 07:27:28.148,1.36619,1.36624,1.19,1.00
2016.11.16 07:27:28.293,1.36619,1.36626,1.12,1.00
2016.11.16 07:27:28.345,1.36618,1.36625,3.19,1.00
2016.11.16 07:27:28.650,1.36616,1.36624,3.00,1.00
2016.11.16 07:27:28.751,1.36616,1.3662,1.12,1.00
2016.11.16 07:27:29.005,1.36616,1.36621,1.37,1.00
2016.11.16 07:27:29.140,1.36614,1.36618,1.12,1.00
2016.11.16 07:27:29.495,1.36613,1.36618,1.37,1.00
2016.11.16 07:27:29.547,1.36612,1.36618,1.50,1.00
2016.11.16 07:27:29.751,1.36613,1.3662,1.12,1.00
2016.11.16 07:27:29.854,1.36613,1.36618,1.50,1.00
2016.11.16 07:27:29.906,1.36614,1.36618,1.00,1.00
2016.11.16 07:27:29.957,1.36614,1.36619,1.37,1.00
2016.11.16 07:27:30.312,1.36613,1.36617,1.00,1.00
2016.11.16 07:27:30.363,1.36611,1.36617,1.87,1.00
2016.11.16 07:27:30.414,1.3661,1.36615,1.37,1.00
2016.11.16 07:27:30.516,1.36607,1.36612,1.87,1.00
2016.11.16 07:27:31.045,1.36603,1.3661,3.37,1.00
2016.11.16 07:27:31.097,1.36603,1.3661,3.37,1.00
2016.11.16 07:27:31.300,1.366,1.36604,1.12,1.00
2016.11.16 07:27:31.351,1.36599,1.36604,1.37,1.00
2016.11.16 07:27:31.873,1.36599,1.36603,1.12,1.00
2016.11.16 07:27:31.924,1.36603,1.36607,1.00,1.00
2016.11.16 07:27:32.127,1.36598,1.36604,1.75,1.00
2016.11.16 07:27:33.078,1.36598,1.36606,1.75,1.00
2016.11.16 07:27:33.129,1.36602,1.36606,1.00,1.00
2016.11.16 07:27:33.605,1.36603,1.36607,1.00,1.00
2016.11.16 07:27:34.162,1.36599,1.36605,1.75,1.00
2016.11.16 07:27:34.440,1.36603,1.36607,1.00,1.00
2016.11.16 07:27:34.542,1.36598,1.36601,1.00,1.00
2016.11.16 07:27:35.077,1.36598,1.36603,1.37,1.00
2016.11.16 07:27:35.230,1.36598,1.36604,4.50,1.00
2016.11.16 07:27:35.736,1.36603,1.36607,1.00,1.00
2016.11.16 07:27:36.364,1.36603,1.36607,1.00,1.00
2016.11.16 07:27:36.466,1.36603,1.36607,1.00,1.00
2016.11.16 07:27:36.972,1.366,1.36607,2.25,1.00
2016.11.16 07:27:37.327,1.36601,1.36605,1.00,1.00
2016.11.16 07:27:37.612,1.36601,1.36605,1.00,1.00
2016.11.16 07:27:37.754,1.36598,1.36602,1.00,1.00
2016.11.16 07:27:38.299,1.36597,1.36601,1.12,1.00
2016.11.16 07:27:39.069,1.36598,1.36602,1.00,1.00
2016.11.16 07:27:39.120,1.36598,1.36602,1.00,1.00
2016.11.16 07:27:39.417,1.36586,1.3659,1.00,1.00
2016.11.16 07:27:39.468,1.36582,1.36586,1.12,1.00
2016.11.16 07:27:39.570,1.36578,1.36584,1.75,1.00
2016.11.16 07:27:39.621,1.36578,1.36582,1.12,1.00
2016.11.16 07:27:40.128,1.36578,1.36582,1.00,1.00
2016.11.16 07:27:40.544,1.36573,1.36579,2.06,1.00
2016.11.16 07:27:41.047,1.36573,1.36579,2.06,1.00
2016.11.16 07:27:41.553,1.36573,1.3658,1.94,1.00
2016.11.16 07:27:41.604,1.36574,1.36579,1.25,1.00
2016.11.16 07:27:41.908,1.36568,1.36572,1.00,1.00
2016.11.16 07:27:42.162,1.36568,1.36572,1.00,1.00
2016.11.16 07:27:42.264,1.36568,1.36572,1.00,1.00
2016.11.16 07:27:42.773,1.36568,1.36572,1.00,1.00
2016.11.16 07:27:43.001,1.36568,1.36583,1.00,1.12
2016.11.16 07:27:43.052,1.36573,1.36583,1.00,1.12
2016.11.16 07:27:43.153,1.36573,1.36587,1.00,1.00
2016.11.16 07:27:43.445,1.36583,1.36592,1.00,1.12
2016.11.16 07:27:43.598,1.36588,1.36602,2.25,1.12
2016.11.16 07:27:43.649,1.36593,1.36605,1.00,1.75
2016.11.16 07:27:43.700,1.36593,1.36609,1.50,1.12
2016.11.16 07:27:43.751,1.36593,1.3661,1.87,1.00
2016.11.16 07:27:44.055,1.36597,1.3661,1.00,1.00
2016.11.16 07:27:44.309,1.36597,1.36612,1.12,1.00
2016.11.16 07:27:44.819,1.36598,1.36611,1.00,1.00
2016.11.16 07:27:45.409,1.36595,1.36612,2.25,1.00
2016.11.16 07:27:45.561,1.36599,1.36614,1.75,1.00
2016.11.16 07:27:46.075,1.36599,1.36615,1.75,1.00
2016.11.16 07:27:47.216,1.36598,1.36613,1.75,1.00
2016.11.16 07:27:47.267,1.36597,1.36615,2.25,1.00
2016.11.16 07:27:47.726,1.36598,1.36609,1.00,1.00
2016.11.16 07:27:47.867,1.36588,1.36606,3.00,1.00
2016.11.16 07:27:47.918,1.36589,1.36604,1.50,1.00
2016.11.16 07:27:47.970,1.36588,1.36604,2.25,1.00
2016.11.16 07:27:48.478,1.36588,1.36603,1.50,1.00
2016.11.16 07:27:48.799,1.36588,1.36605,1.50,1.00
2016.11.16 07:27:49.306,1.36589,1.36605,1.37,1.00
2016.11.16 07:27:49.852,1.36589,1.36604,1.37,1.00
2016.11.16 07:27:50.056,1.36585,1.36604,4.12,1.00
2016.11.16 07:27:50.462,1.36587,1.36605,2.25,1.12
2016.11.16 07:27:51.020,1.36587,1.36603,1.75,1.00
2016.11.16 07:27:51.072,1.36585,1.36604,1.12,1.00
2016.11.16 07:27:51.173,1.36585,1.36604,1.12,1.75
2016.11.16 07:27:51.275,1.36584,1.36604,1.50,1.87
2016.11.16 07:27:51.376,1.36586,1.36603,1.00,1.50
2016.11.16 07:27:51.702,1.36588,1.36604,1.12,1.00
2016.11.16 07:27:52.056,1.36589,1.36603,1.50,1.00
2016.11.16 07:27:52.564,1.36589,1.36604,1.12,1.12
2016.11.16 07:27:53.070,1.36588,1.36603,1.50,1.00
2016.11.16 07:27:54.130,1.36589,1.36604,1.00,1.12
2016.11.16 07:27:54.582,1.36599,1.36607,1.00,1.12
2016.11.16 07:27:54.686,1.36601,1.36614,1.00,3.90
2016.11.16 07:27:54.739,1.36608,1.36614,1.00,3.37
2016.11.16 07:27:54.790,1.36608,1.36617,1.00,1.00
2016.11.16 07:27:54.842,1.36605,1.36622,2.06,1.87
2016.11.16 07:27:54.893,1.36607,1.3662,1.00,1.12
2016.11.16 07:27:55.199,1.36617,1.36634,1.75,2.25
2016.11.16 07:27:55.251,1.36618,1.36634,1.81,1.12
2016.11.16 07:27:55.861,1.36621,1.36638,1.19,1.75
2016.11.16 07:27:55.912,1.36619,1.36637,1.56,1.12
2016.11.16 07:27:55.964,1.36619,1.36637,1.56,1.12
2016.11.16 07:27:56.472,1.36621,1.36638,1.31,1.37
2016.11.16 07:27:57.013,1.36622,1.36639,1.00,1.87
2016.11.16 07:27:57.523,1.36624,1.3664,1.00,1.87
2016.11.16 07:27:57.726,1.36624,1.3664,1.31,1.37
2016.11.16 07:27:57.878,1.36624,1.36642,1.31,1.37
2016.11.16 07:27:57.980,1.36624,1.36642,1.31,1.00
2016.11.16 07:27:58.493,1.36624,1.36642,1.50,1.50
2016.11.16 07:27:59.023,1.36625,1.36642,1.00,1.50
2016.11.16 07:27:59.685,1.36625,1.36642,1.00,1.00
2016.11.16 07:28:00.230,1.36625,1.36643,1.00,1.50
2016.11.16 07:28:00.281,1.36625,1.36639,1.00,1.00
2016.11.16 07:28:00.603,1.36633,1.36647,1.00,1.00
2016.11.16 07:28:00.908,1.36636,1.36653,1.50,1.12
2016.11.16 07:28:00.959,1.36636,1.36655,1.50,1.12
2016.11.16 07:28:01.164,1.36636,1.36648,1.00,1.00
2016.11.16 07:28:03.848,1.36634,1.36648,1.25,1.00
2016.11.16 07:28:04.000,1.36632,1.36648,1.50,1.00
2016.11.16 07:28:04.314,1.36633,1.36648,1.50,1.00
2016.11.16 07:28:04.366,1.36635,1.36653,1.69,1.12
2016.11.16 07:28:04.417,1.36635,1.36653,1.69,1.12
2016.11.16 07:28:04.468,1.36635,1.36655,1.69,1.87
2016.11.16 07:28:04.519,1.36635,1.36655,1.69,1.87
2016.11.16 07:28:04.570,1.36635,1.36653,1.69,1.12
2016.11.16 07:28:06.747,1.36647,1.36651,1.00,1.00
2016.11.16 07:28:06.900,1.3665,1.36659,1.56,1.75
2016.11.16 07:28:07.002,1.36648,1.36657,1.56,1.00
2016.11.16 07:28:07.104,1.36646,1.36664,1.69,1.50
2016.11.16 07:28:08.482,1.36647,1.36664,1.56,1.50
2016.11.16 07:28:09.373,1.36646,1.36663,1.31,1.37
2016.11.16 07:28:09.627,1.36648,1.36664,1.94,1.37
2016.11.16 07:28:13.577,1.36653,1.36666,1.00,1.37
2016.11.16 07:28:13.628,1.36653,1.36666,1.12,1.00
2016.11.16 07:28:13.679,1.36653,1.36669,1.50,1.37
2016.11.16 07:28:13.730,1.36655,1.36671,1.00,1.87
2016.11.16 07:28:14.288,1.36655,1.36671,1.19,1.87
2016.11.16 07:28:14.796,1.36655,1.36672,1.19,1.87
2016.11.16 07:28:15.086,1.36655,1.36672,1.69,1.12
2016.11.16 07:28:15.138,1.36658,1.36673,1.25,1.75
2016.11.16 07:28:15.189,1.36658,1.36674,2.06,1.12
2016.11.16 07:28:15.342,1.36658,1.36676,2.81,1.50
2016.11.16 07:28:15.393,1.36658,1.36676,2.81,1.50
2016.11.16 07:28:15.951,1.36659,1.36676,1.56,1.50
2016.11.16 07:28:16.305,1.36659,1.36673,1.69,1.00
2016.11.16 07:28:16.407,1.36659,1.36672,1.56,1.00
2016.11.16 07:28:16.610,1.36658,1.36672,1.19,1.87
2016.11.16 07:28:16.875,1.36658,1.36675,1.19,1.87
2016.11.16 07:28:17.169,1.36654,1.36671,1.87,1.00
2016.11.16 07:28:17.676,1.36658,1.36672,1.00,1.12
2016.11.16 07:28:18.193,1.36655,1.36672,1.19,1.12
2016.11.16 07:28:18.799,1.36656,1.36673,1.00,1.50
2016.11.16 07:28:18.997,1.36658,1.36675,1.50,1.75
2016.11.16 07:28:19.199,1.3666,1.36675,1.00,1.00
2016.11.16 07:28:19.388,1.36658,1.36675,1.50,1.12
2016.11.16 07:28:19.742,1.36658,1.36673,1.00,1.00
2016.11.16 07:28:19.894,1.36655,1.36672,1.00,1.00
2016.11.16 07:28:19.996,1.36653,1.36672,1.87,1.00
2016.11.16 07:28:20.047,1.36653,1.36668,1.12,1.00
2016.11.16 07:28:20.389,1.36654,1.36666,1.19,1.00
2016.11.16 07:28:20.440,1.36654,1.36668,1.19,1.00
2016.11.16 07:28:20.592,1.36658,1.36669,1.00,1.00
2016.11.16 07:28:20.795,1.36655,1.36669,1.00,1.00
2016.11.16 07:28:21.424,1.36653,1.36669,1.00,1.00
2016.11.16 07:28:22.656,1.36656,1.36669,1.00,1.12
2016.11.16 07:28:22.960,1.36661,1.36676,1.00,1.12
2016.11.16 07:28:23.466,1.36662,1.36675,1.00,1.37
2016.11.16 07:28:23.517,1.3666,1.36675,1.00,1.37
2016.11.16 07:28:25.257,1.36658,1.36675,1.69,1.87
2016.11.16 07:28:26.066,1.36659,1.36676,1.00,1.75
2016.11.16 07:28:26.168,1.36659,1.36676,1.50,1.00
2016.11.16 07:28:26.219,1.36663,1.36676,1.00,1.00
2016.11.16 07:28:26.372,1.36658,1.36675,2.62,1.50
2016.11.16 07:28:26.676,1.36658,1.36675,1.87,1.50
2016.11.16 07:28:29.131,1.36658,1.36674,1.00,1.37
2016.11.16 07:28:29.308,1.36658,1.36669,1.00,1.00
2016.11.16 07:28:29.515,1.36653,1.36667,1.00,1.00
2016.11.16 07:28:29.618,1.36657,1.36668,1.00,1.37
2016.11.16 07:28:29.670,1.36657,1.36668,1.00,1.00
2016.11.16 07:28:29.772,1.36657,1.36674,1.00,1.50
2016.11.16 07:28:30.280,1.36658,1.36674,1.00,1.50
2016.11.16 07:28:30.433,1.36663,1.36674,1.00,1.37
2016.11.16 07:28:30.689,1.36668,1.36687,1.69,2.62
2016.11.16 07:28:30.808,1.3667,1.36687,1.25,1.00
2016.11.16 07:28:30.910,1.36673,1.36689,1.00,1.12
2016.11.16 07:28:31.214,1.36673,1.36687,1.00,1.50
2016.11.16 07:28:31.522,1.36661,1.36677,1.12,1.00
2016.11.16 07:28:31.573,1.3666,1.36677,1.50,1.50
2016.11.16 07:28:31.675,1.36658,1.36677,1.19,2.25
2016.11.16 07:28:31.726,1.36658,1.36677,1.00,2.25
2016.11.16 07:28:32.093,1.36656,1.36673,1.12,1.00
2016.11.16 07:28:32.195,1.36653,1.36671,1.50,1.12
2016.11.16 07:28:32.246,1.36655,1.36671,1.00,1.12
2016.11.16 07:28:33.080,1.36654,1.36673,1.87,4.87
2016.11.16 07:28:33.760,1.36654,1.3667,1.62,1.00
2016.11.16 07:28:34.333,1.36663,1.3667,1.00,1.00
2016.11.16 07:28:34.638,1.36687,1.36695,1.00,1.00
2016.11.16 07:28:34.689,1.36687,1.367,1.00,1.37
2016.11.16 07:28:34.852,1.36682,1.367,1.31,1.00
2016.11.16 07:28:34.904,1.36682,1.367,1.19,1.00
2016.11.16 07:28:35.210,1.36673,1.36686,1.00,1.12
2016.11.16 07:28:35.514,1.36672,1.36686,1.00,1.75
2016.11.16 07:28:35.667,1.36673,1.36685,1.00,1.00
2016.11.16 07:28:36.179,1.36672,1.36687,1.02,1.75
2016.11.16 07:28:36.297,1.36677,1.36689,1.00,1.87
2016.11.16 07:28:36.382,1.36672,1.36689,1.89,1.75
2016.11.16 07:28:37.091,1.36673,1.36689,1.02,1.75
2016.11.16 07:28:37.193,1.36673,1.36689,1.89,1.75
2016.11.16 07:28:37.568,1.36679,1.36697,1.39,1.87
2016.11.16 07:28:37.823,1.3668,1.36699,1.76,2.25
2016.11.16 07:28:37.874,1.36679,1.36697,1.39,1.50
2016.11.16 07:28:37.926,1.36679,1.36695,1.01,1.37
2016.11.16 07:28:38.079,1.36678,1.36694,1.51,1.75
2016.11.16 07:28:38.232,1.36678,1.36694,1.00,2.25
2016.11.16 07:28:40.028,1.36682,1.36694,1.00,1.75
2016.11.16 07:28:40.232,1.36687,1.36704,4.12,1.87
2016.11.16 07:28:40.486,1.36685,1.36701,1.00,2.44
2016.11.16 07:28:40.605,1.36681,1.36698,1.75,1.12
2016.11.16 07:28:40.960,1.36687,1.36699,1.00,1.37
2016.11.16 07:28:41.011,1.36687,1.36701,1.00,1.12
2016.11.16 07:28:41.062,1.36685,1.36701,1.00,1.12
2016.11.16 07:28:41.214,1.36686,1.36703,1.50,2.25
2016.11.16 07:28:41.519,1.36683,1.36699,1.75,1.00
2016.11.16 07:28:42.065,1.36682,1.36699,1.75,1.00
2016.11.16 07:28:42.628,1.36682,1.36699,1.75,2.25
2016.11.16 07:28:42.868,1.36683,1.36698,2.25,2.00
2016.11.16 07:28:42.970,1.36683,1.36698,2.62,1.31
2016.11.16 07:28:43.021,1.36683,1.36698,1.00,1.56
2016.11.16 07:28:43.072,1.36685,1.36698,1.00,2.06
2016.11.16 07:28:43.327,1.36678,1.36696,2.25,1.69
2016.11.16 07:28:43.405,1.36678,1.36695,2.25,1.31
2016.11.16 07:28:43.711,1.36687,1.36695,1.00,1.62
2016.11.16 07:28:43.864,1.36689,1.36702,1.00,2.62
2016.11.16 07:28:43.916,1.3669,1.36706,1.00,1.75
2016.11.16 07:28:44.069,1.36687,1.36702,1.75,1.00
2016.11.16 07:28:44.273,1.36678,1.36695,3.00,1.00
2016.11.16 07:28:44.425,1.36678,1.36696,1.50,1.87
2016.11.16 07:28:44.802,1.36678,1.36694,1.00,1.00
2016.11.16 07:28:45.344,1.36677,1.36694,2.25,1.00
2016.11.16 07:28:45.776,1.36679,1.36694,1.00,1.00
2016.11.16 07:28:46.284,1.36678,1.36696,1.50,2.25
2016.11.16 07:28:46.950,1.36683,1.36696,1.00,1.50
2016.11.16 07:28:47.051,1.36678,1.36695,1.50,1.12
2016.11.16 07:28:47.559,1.36678,1.36695,1.50,1.50
2016.11.16 07:28:48.082,1.36678,1.36694,1.50,1.75
2016.11.16 07:28:49.191,1.36682,1.36694,1.00,1.12
2016.11.16 07:28:49.282,1.36683,1.36699,1.50,1.37
2016.11.16 07:28:49.333,1.36684,1.36701,1.00,1.75
2016.11.16 07:28:49.507,1.36688,1.36701,1.00,1.12
2016.11.16 07:28:50.022,1.36687,1.36701,1.00,1.50
2016.11.16 07:28:50.529,1.36688,1.36703,1.00,1.87
2016.11.16 07:28:51.103,1.36688,1.36703,1.12,1.00
2016.11.16 07:28:51.978,1.36686,1.36702,1.12,1.00
2016.11.16 07:28:52.079,1.36684,1.36701,1.12,1.50
2016.11.16 07:28:52.181,1.36683,1.36697,1.00,1.00
2016.11.16 07:28:52.232,1.36683,1.36695,1.00,1.37
2016.11.16 07:28:52.586,1.36678,1.36695,1.12,1.50
2016.11.16 07:28:52.688,1.36676,1.36692,1.50,1.00
2016.11.16 07:28:53.023,1.36672,1.36683,1.00,1.12
2016.11.16 07:28:53.074,1.36668,1.36683,1.00,1.12
2016.11.16 07:28:55.182,1.36666,1.36683,1.50,1.12
2016.11.16 07:28:55.536,1.36677,1.36686,1.00,2.62
2016.11.16 07:28:55.638,1.36678,1.36688,1.50,1.00
2016.11.16 07:28:55.689,1.36676,1.3669,3.00,2.25
2016.11.16 07:28:55.740,1.36677,1.36688,1.00,2.62
2016.11.16 07:28:55.842,1.36678,1.3669,1.37,2.25
2016.11.16 07:28:55.893,1.36678,1.36692,1.37,1.12
2016.11.16 07:28:56.431,1.36678,1.36692,1.12,1.37
2016.11.16 07:28:57.173,1.36678,1.3669,1.00,1.00
2016.11.16 07:28:59.816,1.36672,1.36687,1.37,1.00
2016.11.16 07:28:59.918,1.3667,1.36685,1.37,1.00
2016.11.16 07:29:00.223,1.36668,1.36679,1.00,1.12
2016.11.16 07:29:00.545,1.36667,1.36674,1.00,1.00
2016.11.16 07:29:00.596,1.36663,1.36674,1.00,1.00
2016.11.16 07:29:00.648,1.36663,1.36673,1.00,1.37
2016.11.16 07:29:00.800,1.36657,1.36669,1.69,1.00
2016.11.16 07:29:00.851,1.36657,1.36667,1.12,1.00
2016.11.16 07:29:00.953,1.3665,1.36664,1.31,1.00
2016.11.16 07:29:01.156,1.36647,1.36663,1.79,1.37
2016.11.16 07:29:01.259,1.36644,1.36662,1.41,1.00
2016.11.16 07:29:01.411,1.36648,1.36663,1.00,1.87
2016.11.16 07:29:01.614,1.36645,1.36662,1.41,1.12
2016.11.16 07:29:01.907,1.36651,1.36663,1.87,1.00
2016.11.16 07:29:01.961,1.36653,1.36669,1.12,1.37
2016.11.16 07:29:02.013,1.36656,1.36669,1.00,1.00
2016.11.16 07:29:02.165,1.36656,1.36671,1.04,1.00
2016.11.16 07:29:02.318,1.36654,1.36668,1.04,1.00
2016.11.16 07:29:02.673,1.36654,1.3667,2.16,1.00
2016.11.16 07:29:02.775,1.36657,1.36672,1.00,1.00
2016.11.16 07:29:03.181,1.36654,1.36671,2.54,1.50
2016.11.16 07:29:03.421,1.36655,1.36671,1.12,1.00
2016.11.16 07:29:03.574,1.36653,1.36671,2.44,2.25
2016.11.16 07:29:03.625,1.36653,1.36671,2.62,1.87
2016.11.16 07:29:03.930,1.36663,1.36677,1.00,1.69
2016.11.16 07:29:03.981,1.36661,1.36677,1.50,2.06
2016.11.16 07:29:04.032,1.36662,1.36675,1.00,1.00
2016.11.16 07:29:04.236,1.36658,1.36672,1.00,1.12
2016.11.16 07:29:04.388,1.36653,1.36671,3.00,1.12
2016.11.16 07:29:04.919,1.36653,1.3667,3.00,1.00
2016.11.16 07:29:05.427,1.36657,1.36666,1.00,1.00
2016.11.16 07:29:05.579,1.36646,1.36663,1.12,1.00
2016.11.16 07:29:06.121,1.36645,1.36663,1.31,1.12
2016.11.16 07:29:08.690,1.36645,1.36663,2.62,1.50
2016.11.16 07:29:08.792,1.36645,1.36664,2.62,1.31
2016.11.16 07:29:09.254,1.36648,1.36663,1.37,1.00
2016.11.16 07:29:09.507,1.36645,1.36662,1.12,1.00
2016.11.16 07:29:10.025,1.36645,1.36662,1.87,1.00
2016.11.16 07:29:10.917,1.36648,1.36663,1.12,1.00
2016.11.16 07:29:11.171,1.36648,1.36664,1.87,1.00
2016.11.16 07:29:11.301,1.36647,1.36664,1.12,1.69
2016.11.16 07:29:11.871,1.36647,1.36662,1.87,1.00
2016.11.16 07:29:12.198,1.36646,1.36662,1.50,1.00
2016.11.16 07:29:12.873,1.36647,1.36663,1.12,1.00
2016.11.16 07:29:12.924,1.36648,1.36666,1.00,1.87
2016.11.16 07:29:12.975,1.36651,1.36666,1.00,1.12
2016.11.16 07:29:13.279,1.36653,1.36667,1.37,1.00
2016.11.16 07:29:13.455,1.3665,1.36667,1.37,1.00
2016.11.16 07:29:13.507,1.36654,1.36667,1.00,1.00
2016.11.16 07:29:13.711,1.36662,1.3668,1.50,1.50
2016.11.16 07:29:13.763,1.36664,1.3668,1.37,1.12
2016.11.16 07:29:13.900,1.36664,1.36679,1.50,1.00
2016.11.16 07:29:14.072,1.36664,1.3668,1.12,1.75
2016.11.16 07:29:14.229,1.36667,1.36684,1.87,1.50
2016.11.16 07:29:14.536,1.3667,1.36687,1.00,2.62
2016.11.16 07:29:14.863,1.36688,1.36696,1.00,1.50
2016.11.16 07:29:14.914,1.36683,1.36699,1.12,1.50
2016.11.16 07:29:14.965,1.36683,1.36698,1.00,1.87
2016.11.16 07:29:15.269,1.36682,1.36697,1.00,1.29
2016.11.16 07:29:15.372,1.36682,1.36697,1.50,1.50
2016.11.16 07:29:15.423,1.36683,1.36695,1.00,1.00
2016.11.16 07:29:15.525,1.36678,1.36695,2.25,1.04
2016.11.16 07:29:15.677,1.36678,1.36695,1.87,1.00
2016.11.16 07:29:15.780,1.36678,1.36693,1.87,1.00
2016.11.16 07:29:16.106,1.36673,1.36688,1.12,1.00
2016.11.16 07:29:16.410,1.36676,1.36692,1.37,1.87
2016.11.16 07:29:16.461,1.36677,1.36692,1.00,1.41
2016.11.16 07:29:16.512,1.36675,1.36689,1.12,1.00
2016.11.16 07:29:16.716,1.36673,1.36687,1.37,1.00
2016.11.16 07:29:16.818,1.36672,1.36686,1.50,1.00
2016.11.16 07:29:17.172,1.36672,1.36685,1.50,1.00
2016.11.16 07:29:17.223,1.36674,1.36687,1.00,1.00
2016.11.16 07:29:17.499,1.36673,1.36689,1.75,1.00
2016.11.16 07:29:18.108,1.36676,1.3669,1.00,1.50
2016.11.16 07:29:18.616,1.36677,1.3669,1.00,1.00
2016.11.16 07:29:19.125,1.36676,1.36691,1.00,1.00
2016.11.16 07:29:19.846,1.36676,1.36689,1.00,1.29
2016.11.16 07:29:20.099,1.36673,1.36688,1.12,1.79
2016.11.16 07:29:20.201,1.36672,1.36688,1.50,1.79
2016.11.16 07:29:20.505,1.36674,1.36689,1.87,1.02
2016.11.16 07:29:20.710,1.36674,1.36691,1.75,1.00
2016.11.16 07:29:20.761,1.36674,1.36691,1.75,1.01
2016.11.16 07:29:21.270,1.36673,1.36687,1.75,1.01
2016.11.16 07:29:21.575,1.36669,1.36685,1.37,1.14
2016.11.16 07:29:21.676,1.36669,1.36676,1.37,1.00
2016.11.16 07:29:21.795,1.36665,1.36675,1.12,1.02
2016.11.16 07:29:21.847,1.36661,1.36672,2.25,1.00
2016.11.16 07:29:21.899,1.36658,1.36671,1.50,1.00
2016.11.16 07:29:21.950,1.36658,1.36671,1.12,1.00
2016.11.16 07:29:22.203,1.36658,1.36673,1.87,1.87
2016.11.16 07:29:22.508,1.36659,1.36674,1.94,1.50
2016.11.16 07:29:23.029,1.36662,1.36674,1.00,1.00
2016.11.16 07:29:23.408,1.36662,1.36672,1.00,1.00
2016.11.16 07:29:23.914,1.36663,1.36671,1.00,1.00
2016.11.16 07:29:24.275,1.36658,1.36672,1.75,1.00
2016.11.16 07:29:25.152,1.36663,1.36672,1.00,1.00
2016.11.16 07:29:25.356,1.36659,1.36672,1.69,1.00
2016.11.16 07:29:25.407,1.36661,1.36674,1.31,1.50
2016.11.16 07:29:25.458,1.36663,1.36676,2.25,1.00
2016.11.16 07:29:25.533,1.36668,1.36677,1.00,1.00
2016.11.16 07:29:25.584,1.36668,1.3668,1.00,1.50
2016.11.16 07:29:25.638,1.36668,1.3668,1.87,1.00
2016.11.16 07:29:25.740,1.36668,1.36682,2.25,1.00
2016.11.16 07:29:25.943,1.3667,1.36682,1.50,1.00
2016.11.16 07:29:26.163,1.36671,1.36682,1.00,1.00
2016.11.16 07:29:26.215,1.36668,1.36684,2.25,1.00
2016.11.16 07:29:26.266,1.36674,1.36685,1.00,1.00
2016.11.16 07:29:26.570,1.36674,1.36686,1.50,1.00
2016.11.16 07:29:26.877,1.36668,1.36681,3.00,1.00
2016.11.16 07:29:26.929,1.36668,1.36681,1.00,1.00
2016.11.16 07:29:27.082,1.36668,1.3668,1.50,1.01
2016.11.16 07:29:27.350,1.36663,1.36674,1.00,1.00
2016.11.16 07:29:27.502,1.36662,1.36676,1.00,1.00
2016.11.16 07:29:27.604,1.36662,1.36674,1.12,1.00
2016.11.16 07:29:27.859,1.36657,1.3667,1.00,1.00
2016.11.16 07:29:27.910,1.36657,1.36668,1.00,1.00
2016.11.16 07:29:27.961,1.36657,1.3667,1.00,1.00
2016.11.16 07:29:28.012,1.36658,1.36672,1.00,1.00
2016.11.16 07:29:28.064,1.36667,1.36673,1.00,1.00
2016.11.16 07:29:28.115,1.36667,1.36678,1.00,1.37
2016.11.16 07:29:28.166,1.36668,1.36678,1.00,1.00
2016.11.16 07:29:28.245,1.36668,1.36681,1.00,1.00
2016.11.16 07:29:28.773,1.36668,1.36679,1.37,1.00
2016.11.16 07:29:28.976,1.36667,1.36679,1.12,1.00
2016.11.16 07:29:29.332,1.36667,1.36677,1.00,1.00
2016.11.16 07:29:29.637,1.36662,1.36675,1.75,1.00
2016.11.16 07:29:29.766,1.36667,1.36677,1.00,1.00
2016.11.16 07:29:30.174,1.36662,1.36677,2.62,1.00
2016.11.16 07:29:30.276,1.36668,1.36679,1.00,1.00
2016.11.16 07:29:30.818,1.36668,1.3668,1.12,1.00
2016.11.16 07:29:31.282,1.36667,1.36683,1.00,1.00
2016.11.16 07:29:31.334,1.36667,1.36683,2.25,1.00
2016.11.16 07:29:31.385,1.36668,1.36685,2.62,1.00
2016.11.16 07:29:31.487,1.36672,1.36686,1.00,1.00
2016.11.16 07:29:31.892,1.36673,1.36688,1.00,1.12
2016.11.16 07:29:31.944,1.36673,1.3669,1.87,1.02
2016.11.16 07:29:32.249,1.36677,1.36691,1.37,1.01
2016.11.16 07:29:32.403,1.36677,1.36692,1.37,1.00
2016.11.16 07:29:32.710,1.36678,1.36695,1.37,2.25
2016.11.16 07:29:32.761,1.36678,1.36693,1.37,1.00
2016.11.16 07:29:33.066,1.36678,1.36691,1.00,1.00
2016.11.16 07:29:33.371,1.36688,1.36697,1.00,1.50
2016.11.16 07:29:33.473,1.36682,1.36698,1.00,3.37
2016.11.16 07:29:33.525,1.36685,1.36697,1.00,1.00
2016.11.16 07:29:33.576,1.36682,1.36697,1.00,1.00
2016.11.16 07:29:33.941,1.36683,1.36695,1.00,1.50
2016.11.16 07:29:34.258,1.36673,1.36682,1.00,1.12
2016.11.16 07:29:34.563,1.36668,1.36681,1.00,1.00
2016.11.16 07:29:35.070,1.36668,1.3668,1.12,1.00
2016.11.16 07:29:35.619,1.36667,1.36679,1.00,1.00
2016.11.16 07:29:36.229,1.36668,1.3668,1.00,1.00
2016.11.16 07:29:36.433,1.36667,1.36678,1.00,1.00
2016.11.16 07:29:36.602,1.36662,1.36677,1.87,1.00
2016.11.16 07:29:36.704,1.36663,1.36677,1.12,1.00
2016.11.16 07:29:37.021,1.36663,1.36679,1.37,1.00
2016.11.16 07:29:37.952,1.36664,1.3668,1.12,1.12
2016.11.16 07:29:38.003,1.36667,1.3668,1.00,1.12
2016.11.16 07:29:38.307,1.36678,1.36693,1.00,1.87
2016.11.16 07:29:38.359,1.36678,1.36693,1.12,1.50
2016.11.16 07:29:38.461,1.36678,1.36695,2.06,1.50
2016.11.16 07:29:38.771,1.36683,1.36695,1.00,1.50
2016.11.16 07:29:38.974,1.36679,1.36694,1.00,1.00
2016.11.16 07:29:39.129,1.36679,1.36692,1.00,1.00
2016.11.16 07:29:39.335,1.36673,1.36687,1.00,1.00
2016.11.16 07:29:39.791,1.36668,1.36687,2.25,1.50
2016.11.16 07:29:39.892,1.36668,1.36686,1.50,1.50
2016.11.16 07:29:40.013,1.36668,1.36683,1.00,1.00
2016.11.16 07:29:40.317,1.36668,1.36685,1.50,1.50
2016.11.16 07:29:40.368,1.36673,1.36687,1.00,1.12
2016.11.16 07:29:40.470,1.36673,1.3669,2.25,1.00
2016.11.16 07:29:40.521,1.36675,1.36692,1.12,1.00
2016.11.16 07:29:40.588,1.36678,1.36694,1.50,1.50
2016.11.16 07:29:40.639,1.36679,1.36696,1.00,1.50
2016.11.16 07:29:40.691,1.36679,1.36696,2.25,1.50
2016.11.16 07:29:40.947,1.36684,1.367,1.12,1.00
2016.11.16 07:29:40.998,1.36687,1.36702,1.00,1.12
2016.11.16 07:29:41.201,1.36684,1.36702,1.37,1.50
2016.11.16 07:29:41.323,1.36682,1.36699,2.25,1.00
2016.11.16 07:29:41.578,1.3668,1.36697,1.00,1.31
2016.11.16 07:29:41.935,1.36678,1.36698,1.87,1.69
2016.11.16 07:29:41.986,1.36681,1.36697,1.00,1.31
2016.11.16 07:29:42.292,1.36681,1.36699,2.62,1.56
2016.11.16 07:29:42.394,1.36684,1.367,1.00,1.31
2016.11.16 07:29:42.477,1.36683,1.367,1.75,1.31
2016.11.16 07:29:42.781,1.36682,1.36701,1.12,2.06
2016.11.16 07:29:42.883,1.36679,1.36697,1.00,1.56
2016.11.16 07:29:43.494,1.36682,1.36696,1.00,1.29
2016.11.16 07:29:43.837,1.36678,1.36691,1.00,1.00
2016.11.16 07:29:44.609,1.36673,1.36689,1.00,1.00
2016.11.16 07:29:44.812,1.3667,1.36685,1.37,1.00
2016.11.16 07:29:45.117,1.36659,1.36676,1.12,1.29
2016.11.16 07:29:45.202,1.36658,1.36676,4.50,1.00
2016.11.16 07:29:45.254,1.3666,1.36677,1.00,1.50
2016.11.16 07:29:45.305,1.36663,1.36677,1.00,1.00
2016.11.16 07:29:45.610,1.36661,1.36676,1.00,1.04
2016.11.16 07:29:45.661,1.36661,1.36674,1.00,1.00
2016.11.16 07:29:45.712,1.36657,1.36674,3.00,1.00
2016.11.16 07:29:45.814,1.36663,1.36674,1.00,1.00
2016.11.16 07:29:45.865,1.36663,1.36677,1.00,1.00
2016.11.16 07:29:46.221,1.36663,1.36679,1.50,1.00
2016.11.16 07:29:46.754,1.36663,1.36679,1.50,1.00
2016.11.16 07:29:46.907,1.3666,1.36677,1.12,1.00
2016.11.16 07:29:47.009,1.36658,1.36675,1.75,1.00
2016.11.16 07:29:47.316,1.36653,1.36671,1.50,1.37
2016.11.16 07:29:47.842,1.36653,1.36669,1.00,1.00
2016.11.16 07:29:47.998,1.36653,1.36667,1.50,1.00
2016.11.16 07:29:48.100,1.36649,1.36669,1.71,1.00
2016.11.16 07:29:48.507,1.36652,1.36669,1.50,1.00
2016.11.16 07:29:48.660,1.36658,1.36675,1.50,1.00
2016.11.16 07:29:48.711,1.36663,1.36677,1.00,1.00
2016.11.16 07:29:48.890,1.36663,1.36681,1.12,1.00
2016.11.16 07:29:49.093,1.36664,1.3668,1.00,1.12
2016.11.16 07:29:49.398,1.36657,1.36674,1.50,1.00
2016.11.16 07:29:49.500,1.36658,1.36672,1.00,1.00
2016.11.16 07:29:49.653,1.36658,1.36675,1.00,1.87
2016.11.16 07:29:49.755,1.36661,1.36676,1.00,1.00
2016.11.16 07:29:49.981,1.36661,1.36678,1.00,1.12
2016.11.16 07:29:50.134,1.36663,1.3668,1.50,1.87
2016.11.16 07:29:50.439,1.36675,1.36685,1.50,1.37
2016.11.16 07:29:50.490,1.36672,1.36685,2.25,1.37
2016.11.16 07:29:50.541,1.36677,1.36685,1.00,1.37
2016.11.16 07:29:50.744,1.3667,1.36685,2.62,1.37
2016.11.16 07:29:50.846,1.36669,1.36685,1.00,1.37
2016.11.16 07:29:51.056,1.36669,1.36687,1.12,1.00
2016.11.16 07:29:51.158,1.36671,1.36688,1.00,1.50
2016.11.16 07:29:51.666,1.3667,1.36688,1.12,1.00
2016.11.16 07:29:51.970,1.36677,1.36693,1.50,1.37
2016.11.16 07:29:52.173,1.36684,1.367,1.00,1.00
2016.11.16 07:29:52.297,1.36684,1.36701,1.50,1.00
2016.11.16 07:29:52.348,1.36684,1.36702,1.12,1.00
2016.11.16 07:29:52.400,1.36684,1.36704,1.50,1.79
2016.11.16 07:29:52.451,1.36686,1.36704,1.19,1.04
2016.11.16 07:29:52.961,1.36686,1.36705,1.37,1.00
2016.11.16 07:29:53.267,1.36697,1.36714,1.00,1.79
2016.11.16 07:29:53.577,1.36708,1.36719,1.00,1.12
2016.11.16 07:29:53.628,1.36703,1.36716,1.00,1.00
2016.11.16 07:29:53.738,1.36699,1.36711,1.12,1.00
2016.11.16 07:29:54.044,1.36706,1.36721,1.00,1.12
2016.11.16 07:29:54.146,1.36705,1.36719,1.00,1.87
2016.11.16 07:29:54.197,1.36703,1.36719,1.00,2.25
2016.11.16 07:29:54.278,1.36701,1.36713,1.00,1.00
2016.11.16 07:29:54.614,1.36702,1.36713,1.00,1.14
2016.11.16 07:29:54.666,1.367,1.36713,1.00,1.14
2016.11.16 07:29:54.870,1.36697,1.36713,1.50,1.14
2016.11.16 07:29:54.921,1.36697,1.36711,1.50,1.14
2016.11.16 07:29:55.023,1.36695,1.3671,1.00,1.77
2016.11.16 07:29:55.074,1.36693,1.36709,1.00,1.12
2016.11.16 07:29:55.125,1.36695,1.36709,1.00,1.37
2016.11.16 07:29:55.177,1.36697,1.36709,1.00,1.00
2016.11.16 07:29:55.381,1.36697,1.36714,1.00,1.14
2016.11.16 07:29:55.506,1.36697,1.36708,1.12,1.00
2016.11.16 07:29:55.660,1.36696,1.36712,1.00,1.14
2016.11.16 07:29:55.762,1.36699,1.36712,1.00,1.14
2016.11.16 07:29:55.918,1.36699,1.36714,1.00,1.39
2016.11.16 07:29:56.121,1.36697,1.36714,1.00,1.14
2016.11.16 07:29:56.273,1.36698,1.36713,1.00,1.14
2016.11.16 07:29:56.325,1.36695,1.36711,1.12,1.39
2016.11.16 07:29:56.376,1.36694,1.3671,1.00,1.01
2016.11.16 07:29:56.681,1.36692,1.36708,1.24,1.12
2016.11.16 07:29:56.953,1.36693,1.3671,1.00,1.89
2016.11.16 07:29:57.965,1.36694,1.36708,1.00,1.14
2016.11.16 07:29:58.212,1.36692,1.36708,1.00,1.14
2016.11.16 07:29:58.332,1.36694,1.36708,1.00,1.14
2016.11.16 07:29:58.639,1.36695,1.36709,1.00,1.76
2016.11.16 07:29:58.741,1.36694,1.36709,1.00,1.76
2016.11.16 07:29:58.895,1.36692,1.36709,1.12,1.76
2016.11.16 07:29:59.249,1.3669,1.36708,1.12,1.76
2016.11.16 07:29:59.766,1.3669,1.36706,1.00,1.01
2016.11.16 07:29:59.868,1.36688,1.36705,1.00,1.14
2016.11.16 07:29:59.970,1.36687,1.36705,1.12,1.89
2016.11.16 07:30:00.276,1.3669,1.36705,1.00,1.14
2016.11.16 07:30:00.379,1.36693,1.36705,1.25,1.02
2016.11.16 07:30:00.901,1.36692,1.36705,1.00,1.02
2016.11.16 07:30:01.362,1.3669,1.36708,1.50,1.89
2016.11.16 07:30:01.636,1.36694,1.3671,1.00,2.64
2016.11.16 07:30:01.741,1.36695,1.36711,1.00,1.00
2016.11.16 07:30:01.792,1.36698,1.36712,1.00,1.37
2016.11.16 07:30:01.843,1.36694,1.36711,1.00,1.50
2016.11.16 07:30:01.895,1.36694,1.36708,1.75,1.00
2016.11.16 07:30:02.049,1.3669,1.36706,1.00,1.12
2016.11.16 07:30:02.558,1.36691,1.3671,1.00,1.89
2016.11.16 07:30:02.839,1.36693,1.3671,1.00,4.12
2016.11.16 07:30:02.941,1.36693,1.36709,1.00,1.37
2016.11.16 07:30:02.992,1.36697,1.36709,1.00,1.37
2016.11.16 07:30:03.297,1.36705,1.36714,1.00,1.00
2016.11.16 07:30:03.450,1.36704,1.36721,1.00,1.14
2016.11.16 07:30:03.856,1.36706,1.36722,1.00,1.14
2016.11.16 07:30:04.073,1.36704,1.36722,1.12,1.89
2016.11.16 07:30:04.178,1.36705,1.36721,1.00,1.76
2016.11.16 07:30:04.786,1.36706,1.36722,1.00,1.14
2016.11.16 07:30:04.837,1.36708,1.36722,1.00,1.14
2016.11.16 07:30:05.142,1.36713,1.36728,1.00,1.76
2016.11.16 07:30:05.506,1.36711,1.36728,1.00,1.14
2016.11.16 07:30:06.014,1.36711,1.36727,1.00,1.14
2016.11.16 07:30:06.065,1.36711,1.36727,1.75,1.14
2016.11.16 07:30:06.269,1.36711,1.36728,3.75,1.39
2016.11.16 07:30:06.321,1.36713,1.3673,1.00,2.26
2016.11.16 07:30:06.423,1.36712,1.36726,1.50,1.00
2016.11.16 07:30:06.575,1.3671,1.36728,1.75,1.51
2016.11.16 07:30:06.897,1.36716,1.36732,1.00,1.76
2016.11.16 07:30:06.948,1.36715,1.36734,1.37,1.77
2016.11.16 07:30:07.150,1.36717,1.36733,1.00,1.00
2016.11.16 07:30:07.252,1.36717,1.36733,1.00,1.01
2016.11.16 07:30:07.758,1.36716,1.36733,1.50,1.01
2016.11.16 07:30:08.088,1.36716,1.36727,1.00,1.00
2016.11.16 07:30:08.190,1.36711,1.36726,2.62,1.00
2016.11.16 07:30:08.241,1.36709,1.36725,2.62,1.00
2016.11.16 07:30:08.292,1.36706,1.36725,4.87,1.01
2016.11.16 07:30:08.394,1.36707,1.36725,1.75,1.12
2016.11.16 07:30:08.749,1.36713,1.36726,1.00,1.04
2016.11.16 07:30:09.079,1.36716,1.36732,3.56,1.04
2016.11.16 07:30:09.182,1.36716,1.36732,1.12,1.41
2016.11.16 07:30:09.380,1.3672,1.36733,1.00,1.66
2016.11.16 07:30:09.483,1.36719,1.36737,1.69,1.79
2016.11.16 07:30:09.585,1.36724,1.36739,1.19,1.55
2016.11.16 07:30:09.636,1.36723,1.36739,1.31,1.55
2016.11.16 07:30:09.687,1.36723,1.36738,1.31,1.36
2016.11.16 07:30:09.940,1.36724,1.36738,1.00,1.04
2016.11.16 07:30:09.991,1.36724,1.36738,1.00,1.29
2016.11.16 07:30:10.155,1.36724,1.36737,1.00,1.29
2016.11.16 07:30:10.782,1.36724,1.36738,1.00,1.47
2016.11.16 07:30:11.272,1.36724,1.36738,2.62,1.47
2016.11.16 07:30:11.359,1.36723,1.36741,1.87,1.92
2016.11.16 07:30:11.541,1.36728,1.36743,1.87,1.17
2016.11.16 07:30:12.059,1.36729,1.36742,1.00,1.17
2016.11.16 07:30:12.465,1.36725,1.36735,1.00,1.00
2016.11.16 07:30:12.599,1.36721,1.36734,3.37,1.29
2016.11.16 07:30:12.701,1.36716,1.3673,1.12,1.29
2016.11.16 07:30:12.854,1.36715,1.36725,2.62,1.00
2016.11.16 07:30:12.905,1.36713,1.36724,1.50,1.00
2016.11.16 07:30:13.006,1.36708,1.36724,4.50,1.00
2016.11.16 07:30:13.108,1.36708,1.36724,1.37,1.04
2016.11.16 07:30:13.159,1.36708,1.36722,1.37,1.00
2016.11.16 07:30:13.528,1.36709,1.36722,1.12,1.00
2016.11.16 07:30:13.732,1.36709,1.36724,1.12,1.04
2016.11.16 07:30:14.091,1.36712,1.36725,1.75,1.00
2016.11.16 07:30:14.142,1.36714,1.36727,1.12,1.00
2016.11.16 07:30:14.295,1.36714,1.36728,1.75,1.37
2016.11.16 07:30:14.599,1.36714,1.3672,1.00,1.37
2016.11.16 07:30:14.701,1.36705,1.36718,3.37,1.12
2016.11.16 07:30:14.803,1.36706,1.36718,1.00,1.00
2016.11.16 07:30:15.436,1.36713,1.36722,1.00,1.29
2016.11.16 07:30:15.488,1.36713,1.36724,1.00,1.00
2016.11.16 07:30:15.590,1.36713,1.36728,1.12,1.75
2016.11.16 07:30:15.642,1.36713,1.36728,1.87,1.00
2016.11.16 07:30:15.693,1.36714,1.36728,1.87,1.00
2016.11.16 07:30:16.607,1.36716,1.36727,1.00,1.00
2016.11.16 07:30:17.583,1.36713,1.3673,1.87,1.00
2016.11.16 07:30:17.685,1.3672,1.36732,1.37,1.00
2016.11.16 07:30:17.736,1.36722,1.36736,1.50,1.75
2016.11.16 07:30:17.889,1.36722,1.36736,3.75,1.29
2016.11.16 07:30:18.065,1.36722,1.36736,1.12,1.29
2016.11.16 07:30:18.581,1.36721,1.36736,1.37,1.31
2016.11.16 07:30:18.632,1.3672,1.36736,1.75,1.31
2016.11.16 07:30:18.784,1.36722,1.36738,1.31,1.63
2016.11.16 07:30:18.835,1.36724,1.36738,1.34,1.00
2016.11.16 07:30:19.139,1.36731,1.36743,1.00,1.70
2016.11.16 07:30:19.291,1.36726,1.36741,1.75,1.70
2016.11.16 07:30:19.830,1.36725,1.3674,1.12,1.13
2016.11.16 07:30:19.994,1.36726,1.36744,2.00,1.51
2016.11.16 07:30:20.298,1.36733,1.36743,1.00,1.13
2016.11.16 07:30:20.349,1.36731,1.36743,1.00,1.13
2016.11.16 07:30:20.856,1.36728,1.36743,1.12,1.17
2016.11.16 07:30:21.387,1.36727,1.36743,1.25,2.01
2016.11.16 07:30:21.540,1.36728,1.36743,1.75,1.13
2016.11.16 07:30:22.378,1.36728,1.36743,1.75,1.13
2016.11.16 07:30:22.735,1.36723,1.36739,3.56,1.45
2016.11.16 07:30:22.837,1.3672,1.36736,3.19,1.00
2016.11.16 07:30:22.888,1.3672,1.36734,2.81,1.00
2016.11.16 07:30:22.940,1.36719,1.36734,1.31,1.00
2016.11.16 07:30:23.041,1.36717,1.36734,1.94,1.00
2016.11.16 07:30:23.396,1.36719,1.36737,1.31,1.79
2016.11.16 07:30:23.498,1.36722,1.36737,1.00,1.50
2016.11.16 07:30:24.021,1.36718,1.36735,1.12,1.00
2016.11.16 07:30:24.529,1.36717,1.36734,3.75,1.00
2016.11.16 07:30:24.884,1.36717,1.36732,3.00,1.00
2016.11.16 07:30:25.036,1.36714,1.36732,1.37,1.12
2016.11.16 07:30:25.153,1.36714,1.3673,1.37,1.00
2016.11.16 07:30:25.256,1.36718,1.36736,1.50,1.75
2016.11.16 07:30:25.459,1.3672,1.36735,1.00,1.00
2016.11.16 07:30:25.866,1.36716,1.36733,3.75,1.00
2016.11.16 07:30:26.069,1.36714,1.36731,1.75,1.12
2016.11.16 07:30:26.172,1.36714,1.36729,1.75,1.00
2016.11.16 07:30:26.497,1.36707,1.36723,3.37,1.00
2016.11.16 07:30:26.548,1.36706,1.36722,1.50,1.00
2016.11.16 07:30:26.664,1.36705,1.3672,1.12,1.00
2016.11.16 07:30:26.765,1.36704,1.36719,1.00,1.00
2016.11.16 07:30:26.918,1.36705,1.36721,1.62,1.75
2016.11.16 07:30:27.122,1.36712,1.36728,1.50,1.00
2016.11.16 07:30:27.325,1.36715,1.36731,1.00,1.00
2016.11.16 07:30:27.781,1.36715,1.3673,1.00,1.19
2016.11.16 07:30:27.950,1.36712,1.36728,1.37,1.00
2016.11.16 07:30:28.002,1.36712,1.36726,1.37,1.00
2016.11.16 07:30:28.053,1.36709,1.36726,1.37,1.12
2016.11.16 07:30:28.156,1.36709,1.36724,1.00,1.12
2016.11.16 07:30:28.500,1.36708,1.36721,1.00,1.50
2016.11.16 07:30:28.551,1.36708,1.36721,1.00,1.12
2016.11.16 07:30:28.882,1.36704,1.3672,1.00,1.19
2016.11.16 07:30:29.235,1.36703,1.36717,2.25,1.19
2016.11.16 07:30:29.294,1.36704,1.3672,1.00,1.69
2016.11.16 07:30:29.700,1.36716,1.3672,1.69,1.00
2016.11.16 07:30:29.955,1.36729,1.36743,2.25,2.76
2016.11.16 07:30:30.006,1.36731,1.36743,1.00,2.38
2016.11.16 07:30:30.108,1.36733,1.36746,1.00,1.74
2016.11.16 07:30:30.159,1.36735,1.36747,1.00,1.13
2016.11.16 07:30:30.505,1.36729,1.36743,1.12,1.00
2016.11.16 07:30:30.557,1.36726,1.36742,1.87,1.84
2016.11.16 07:30:30.659,1.36725,1.3674,1.37,1.00
2016.11.16 07:30:30.862,1.36722,1.36739,2.25,1.29
2016.11.16 07:30:30.913,1.36722,1.3674,1.37,1.79
2016.11.16 07:30:31.066,1.36722,1.36737,1.00,1.50
2016.11.16 07:30:31.168,1.36721,1.36738,1.00,1.50
2016.11.16 07:30:31.219,1.36723,1.36741,1.00,1.79
2016.11.16 07:30:31.748,1.36722,1.36741,1.37,1.79
2016.11.16 07:30:31.952,1.36725,1.36742,1.00,1.41
2016.11.16 07:30:32.662,1.36725,1.36742,1.00,1.41
2016.11.16 07:30:33.165,1.36725,1.36741,1.00,1.31
2016.11.16 07:30:34.205,1.36726,1.36742,1.00,1.56
2016.11.16 07:30:34.445,1.36727,1.36743,1.12,1.12
2016.11.16 07:30:34.951,1.36728,1.36743,1.00,1.87
2016.11.16 07:30:35.087,1.36726,1.36741,1.37,1.00
2016.11.16 07:30:35.141,1.36724,1.3674,1.37,1.69
2016.11.16 07:30:36.651,1.36726,1.36743,1.87,1.12
2016.11.16 07:30:36.722,1.36727,1.36742,1.00,1.00
2016.11.16 07:30:37.077,1.36727,1.36745,1.87,3.34
2016.11.16 07:30:37.128,1.36727,1.36743,1.12,1.00
2016.11.16 07:30:37.280,1.36727,1.36744,1.00,1.84
2016.11.16 07:30:37.748,1.36726,1.36736,1.37,1.00
2016.11.16 07:30:37.951,1.36716,1.36731,1.75,1.84
2016.11.16 07:30:38.125,1.36715,1.36732,1.87,1.12
2016.11.16 07:30:38.177,1.36715,1.36732,1.87,1.69
2016.11.16 07:30:38.495,1.36713,1.36729,1.87,1.56
2016.11.16 07:30:38.597,1.36713,1.36728,1.00,1.56
2016.11.16 07:30:38.750,1.36712,1.36724,1.50,1.56
2016.11.16 07:30:38.953,1.36706,1.36721,2.62,1.00
2016.11.16 07:30:39.004,1.36704,1.36721,3.75,1.00
2016.11.16 07:30:39.156,1.36703,1.3672,1.75,1.00
2016.11.16 07:30:39.207,1.36704,1.3672,1.00,1.00
2016.11.16 07:30:39.374,1.36703,1.36719,1.37,1.19
2016.11.16 07:30:39.425,1.36702,1.36717,1.00,1.00
2016.11.16 07:30:39.526,1.367,1.36716,1.50,1.00
2016.11.16 07:30:39.881,1.36701,1.36716,1.00,1.37
2016.11.16 07:30:40.085,1.36698,1.36713,2.62,1.00
2016.11.16 07:30:40.289,1.36698,1.36716,1.37,1.50
2016.11.16 07:30:40.889,1.36699,1.36716,1.12,1.00
2016.11.16 07:30:41.092,1.367,1.36718,2.25,1.50
2016.11.16 07:30:41.396,1.367,1.36718,1.50,1.50
2016.11.16 07:30:41.498,1.367,1.36718,1.12,2.06
2016.11.16 07:30:41.987,1.367,1.36716,1.12,1.31
2016.11.16 07:30:42.292,1.36703,1.36723,3.00,2.06
2016.11.16 07:30:42.398,1.36704,1.36721,1.12,1.31
2016.11.16 07:30:42.703,1.36697,1.36709,2.62,2.06
2016.11.16 07:30:42.855,1.36692,1.36708,1.12,1.50
2016.11.16 07:30:42.957,1.36692,1.36706,1.00,1.87
2016.11.16 07:30:43.211,1.36688,1.36705,1.50,2.06
2016.11.16 07:30:43.364,1.3669,1.36703,1.19,1.00
2016.11.16 07:30:43.511,1.3669,1.36709,2.62,2.06
2016.11.16 07:30:43.562,1.3669,1.36707,2.62,1.12
2016.11.16 07:30:43.816,1.36691,1.36709,1.00,1.79
2016.11.16 07:30:43.968,1.36691,1.36707,1.00,1.29
2016.11.16 07:30:44.475,1.3669,1.36707,1.00,1.79
2016.11.16 07:30:44.846,1.36686,1.36703,1.75,1.31
2016.11.16 07:30:45.049,1.36686,1.36703,1.37,2.44
2016.11.16 07:30:45.252,1.36684,1.36701,1.50,2.06
2016.11.16 07:30:45.354,1.36684,1.367,1.00,2.06
2016.11.16 07:30:45.455,1.36683,1.36698,1.87,1.00
2016.11.16 07:30:45.557,1.36683,1.36696,1.00,1.65
2016.11.16 07:30:45.710,1.36679,1.36695,1.12,1.12
2016.11.16 07:30:45.762,1.36679,1.36696,1.37,2.06
2016.11.16 07:30:45.917,1.36677,1.36693,1.87,1.25
2016.11.16 07:30:46.387,1.36674,1.36693,1.87,2.44
2016.11.16 07:30:46.543,1.36672,1.36687,1.87,1.00
2016.11.16 07:30:46.683,1.36673,1.36688,1.00,1.31
2016.11.16 07:30:46.778,1.36672,1.36688,1.00,2.44
2016.11.16 07:30:46.881,1.36671,1.36688,1.00,1.69
2016.11.16 07:30:47.490,1.3667,1.36688,1.87,1.56
2016.11.16 07:30:47.592,1.3667,1.3669,1.87,1.87
2016.11.16 07:30:47.644,1.36675,1.3669,1.00,1.37
2016.11.16 07:30:47.847,1.36673,1.36691,1.37,1.00
2016.11.16 07:30:48.371,1.36673,1.36692,1.50,2.81
2016.11.16 07:30:48.626,1.36678,1.3669,1.00,1.37
2016.11.16 07:30:49.033,1.36672,1.3669,1.75,1.00
2016.11.16 07:30:49.084,1.36672,1.3669,1.12,1.00
2016.11.16 07:30:49.307,1.36678,1.36692,1.00,1.37
2016.11.16 07:30:49.425,1.36678,1.36694,1.12,1.50
2016.11.16 07:30:49.527,1.36683,1.36693,1.00,1.00
2016.11.16 07:30:50.058,1.36683,1.36694,1.00,1.50
2016.11.16 07:30:50.311,1.36677,1.36693,1.37,1.00
2016.11.16 07:30:51.180,1.36678,1.36692,1.12,1.00
2016.11.16 07:30:51.688,1.36678,1.36693,1.00,1.00
2016.11.16 07:30:51.892,1.36677,1.36695,2.62,1.37
2016.11.16 07:30:52.368,1.36678,1.36697,1.50,1.50
2016.11.16 07:30:52.471,1.36683,1.36699,1.00,1.37
2016.11.16 07:30:52.522,1.36683,1.367,1.50,1.31
2016.11.16 07:30:52.623,1.36685,1.36702,1.12,1.37
2016.11.16 07:30:52.927,1.36687,1.36705,2.25,1.75
2016.11.16 07:30:53.233,1.36688,1.36704,1.87,1.37
2016.11.16 07:30:53.472,1.36689,1.36707,1.00,2.25
2016.11.16 07:30:53.726,1.36687,1.36702,1.12,1.00
2016.11.16 07:30:54.234,1.36684,1.36702,1.50,1.50
2016.11.16 07:30:54.440,1.36683,1.36701,1.12,1.12
2016.11.16 07:30:54.577,1.36683,1.36699,1.00,1.00
2016.11.16 07:30:54.919,1.36678,1.36695,1.12,1.87
2016.11.16 07:30:55.021,1.36678,1.36694,1.00,1.12
2016.11.16 07:30:55.528,1.36676,1.36694,2.62,1.00
2016.11.16 07:30:56.035,1.36678,1.36693,1.12,1.00
2016.11.16 07:30:56.110,1.36675,1.36693,2.25,1.37
2016.11.16 07:30:56.163,1.36674,1.36692,1.12,1.37
2016.11.16 07:30:56.214,1.36674,1.36691,1.00,1.00
2016.11.16 07:30:56.469,1.36675,1.36693,1.00,1.12
2016.11.16 07:30:56.520,1.36675,1.36692,1.37,1.00
2016.11.16 07:30:56.672,1.36682,1.36698,1.00,1.12
2016.11.16 07:30:57.028,1.36682,1.367,2.62,1.09
2016.11.16 07:30:58.329,1.36683,1.367,2.62,1.09
2016.11.16 07:30:58.633,1.36683,1.367,1.12,1.84
2016.11.16 07:30:58.992,1.36686,1.36703,1.12,2.45
2016.11.16 07:30:59.043,1.36687,1.36703,1.37,2.45
2016.11.16 07:30:59.570,1.36687,1.36702,1.00,1.26
2016.11.16 07:31:00.026,1.36687,1.36703,1.50,1.39
2016.11.16 07:31:00.331,1.3669,1.36706,1.75,1.12
2016.11.16 07:31:00.655,1.36698,1.36707,1.00,1.14
2016.11.16 07:31:00.757,1.36698,1.36713,1.12,1.12
2016.11.16 07:31:00.859,1.36697,1.36714,3.00,1.39
2016.11.16 07:31:01.216,1.36697,1.36713,1.50,1.12
2016.11.16 07:31:01.267,1.36703,1.36713,1.00,1.12
2016.11.16 07:31:01.369,1.36698,1.36713,1.00,1.12
2016.11.16 07:31:01.776,1.36703,1.36713,1.00,1.00
2016.11.16 07:31:02.315,1.36703,1.36717,1.00,1.12
2016.11.16 07:31:02.568,1.36703,1.36716,1.00,1.12
2016.11.16 07:31:02.721,1.36702,1.36717,1.87,1.00
2016.11.16 07:31:02.924,1.36702,1.36716,1.12,1.00
2016.11.16 07:31:03.220,1.367,1.36718,1.75,1.14
2016.11.16 07:31:03.568,1.36703,1.36719,1.87,1.51
2016.11.16 07:31:04.233,1.36702,1.36719,2.25,1.50
2016.11.16 07:31:04.808,1.36699,1.36716,1.37,1.84
2016.11.16 07:31:05.330,1.36702,1.36713,1.00,1.19
2016.11.16 07:31:05.634,1.36702,1.3671,1.00,1.19
2016.11.16 07:31:06.040,1.36702,1.36716,1.37,1.94
2016.11.16 07:31:06.244,1.36702,1.36713,1.00,1.12
2016.11.16 07:31:06.295,1.367,1.36713,1.00,1.12
2016.11.16 07:31:06.827,1.367,1.36712,1.00,1.12
2016.11.16 07:31:07.435,1.36699,1.36713,1.50,1.12
2016.11.16 07:31:07.486,1.36699,1.36713,1.50,1.12
2016.11.16 07:31:08.010,1.36699,1.3671,1.00,1.00
2016.11.16 07:31:08.642,1.36698,1.3671,1.00,1.00
2016.11.16 07:31:08.693,1.36696,1.3671,1.12,1.00
2016.11.16 07:31:09.367,1.36695,1.36708,1.00,1.09
2016.11.16 07:31:09.469,1.36693,1.36708,1.12,1.71
2016.11.16 07:31:09.875,1.36692,1.36707,1.12,1.75
2016.11.16 07:31:10.181,1.36684,1.36692,3.00,1.00
2016.11.16 07:31:10.232,1.36679,1.36688,1.00,1.12
2016.11.16 07:31:10.434,1.36677,1.36685,1.00,1.00
2016.11.16 07:31:10.490,1.36673,1.36684,1.00,1.00
2016.11.16 07:31:10.592,1.36672,1.36681,1.00,1.00
2016.11.16 07:31:10.745,1.36666,1.36677,1.00,1.50
2016.11.16 07:31:10.847,1.36662,1.36677,1.00,2.25
2016.11.16 07:31:11.353,1.36663,1.36677,1.50,1.12
2016.11.16 07:31:11.681,1.36662,1.36677,3.75,1.37
2016.11.16 07:31:11.792,1.36664,1.36679,1.50,1.12
2016.11.16 07:31:11.894,1.36664,1.36679,1.37,1.12
2016.11.16 07:31:12.300,1.36667,1.3668,4.87,1.00
2016.11.16 07:31:13.014,1.36669,1.3668,3.37,1.00
2016.11.16 07:31:13.331,1.3667,1.36684,3.37,1.87
2016.11.16 07:31:13.382,1.36669,1.36684,1.75,1.87
2016.11.16 07:31:13.433,1.36668,1.36682,1.75,1.37
2016.11.16 07:31:13.586,1.36665,1.36681,2.62,1.50
2016.11.16 07:31:13.637,1.36667,1.36681,1.00,1.50
2016.11.16 07:31:13.688,1.36667,1.36681,1.37,1.37
2016.11.16 07:31:13.993,1.36667,1.36681,4.12,1.00
2016.11.16 07:31:14.457,1.36667,1.36683,4.12,1.12
2016.11.16 07:31:14.726,1.3667,1.36686,4.12,1.50
2016.11.16 07:31:14.922,1.36672,1.36689,2.25,1.75
2016.11.16 07:31:14.973,1.36678,1.36689,1.00,1.75
2016.11.16 07:31:15.176,1.36678,1.3669,1.00,2.25
2016.11.16 07:31:15.693,1.36677,1.3669,1.00,1.87
2016.11.16 07:31:16.228,1.36675,1.36689,3.37,1.12
2016.11.16 07:31:16.366,1.36674,1.36689,1.37,1.12
2016.11.16 07:31:16.417,1.36673,1.36689,1.50,1.12
2016.11.16 07:31:16.569,1.36675,1.36686,1.00,1.12
2016.11.16 07:31:16.671,1.36675,1.36688,1.00,1.12
2016.11.16 07:31:17.178,1.36671,1.36686,1.37,1.12
2016.11.16 07:31:17.229,1.3667,1.36685,1.50,1.12
2016.11.16 07:31:17.875,1.36672,1.36686,1.00,1.12
2016.11.16 07:31:17.927,1.36674,1.36688,1.00,1.75
2016.11.16 07:31:18.080,1.36675,1.36689,1.37,1.12
2016.11.16 07:31:19.133,1.36675,1.36689,1.00,1.75
2016.11.16 07:31:19.477,1.36676,1.36689,1.37,1.12
2016.11.16 07:31:19.528,1.36678,1.36689,1.00,1.00
2016.11.16 07:31:20.037,1.36679,1.3669,1.00,1.00
2016.11.16 07:31:20.139,1.36678,1.3669,1.00,1.87
2016.11.16 07:31:20.444,1.36676,1.36689,1.00,1.12
2016.11.16 07:31:20.969,1.36676,1.36692,1.50,1.12
2016.11.16 07:31:21.274,1.36673,1.36687,1.37,1.00
2016.11.16 07:31:21.325,1.36673,1.36687,1.00,1.12
2016.11.16 07:31:21.377,1.36673,1.36687,1.00,1.12
2016.11.16 07:31:21.961,1.36673,1.36685,1.00,1.12
2016.11.16 07:31:22.502,1.36672,1.36685,1.12,1.12
2016.11.16 07:31:22.958,1.36673,1.36687,1.00,1.87
2016.11.16 07:31:23.111,1.36675,1.36687,1.00,1.87
2016.11.16 07:31:23.416,1.36676,1.36687,1.37,1.00
2016.11.16 07:31:23.706,1.36676,1.36687,1.37,1.00
2016.11.16 07:31:24.010,1.36679,1.36693,1.75,1.12
2016.11.16 07:31:24.317,1.36676,1.36688,2.25,1.00
2016.11.16 07:31:24.369,1.36674,1.36689,1.50,1.12
2016.11.16 07:31:24.420,1.36674,1.36688,2.25,1.75
2016.11.16 07:31:24.573,1.36674,1.36687,1.12,1.00
2016.11.16 07:31:24.624,1.36674,1.36688,1.37,1.87
2016.11.16 07:31:26.120,1.36674,1.36688,4.12,1.87
2016.11.16 07:31:26.272,1.36676,1.36688,1.75,1.37
2016.11.16 07:31:26.788,1.3668,1.3669,1.12,1.12
2016.11.16 07:31:26.839,1.3668,1.36691,1.37,1.12
2016.11.16 07:31:26.940,1.36682,1.36691,1.00,1.00
2016.11.16 07:31:27.244,1.36681,1.36693,1.37,1.12
2016.11.16 07:31:27.498,1.36678,1.36693,1.75,1.12
2016.11.16 07:31:27.550,1.36677,1.36693,1.75,1.50
2016.11.16 07:31:27.854,1.36676,1.36692,1.75,1.12
2016.11.16 07:31:28.405,1.36677,1.36692,2.25,1.12
2016.11.16 07:31:29.038,1.36675,1.36691,6.00,1.50
2016.11.16 07:31:29.140,1.36673,1.36691,3.37,1.50
2016.11.16 07:31:29.191,1.36674,1.3669,1.50,1.12
2016.11.16 07:31:29.509,1.36672,1.36689,3.00,1.75
2016.11.16 07:31:30.026,1.36672,1.36688,1.87,1.87
2016.11.16 07:31:30.534,1.36672,1.36688,1.50,3.00
2016.11.16 07:31:30.737,1.36672,1.36687,1.00,3.00
2016.11.16 07:31:30.890,1.36672,1.36688,1.00,3.75
2016.11.16 07:31:31.042,1.36672,1.36687,1.12,1.87
2016.11.16 07:31:31.547,1.36673,1.36686,1.00,1.87
2016.11.16 07:31:31.851,1.36678,1.36687,1.00,1.12
2016.11.16 07:31:32.256,1.36672,1.36686,1.00,1.00
2016.11.16 07:31:32.357,1.36672,1.36684,1.00,1.00
2016.11.16 07:31:32.408,1.36672,1.36686,1.00,1.00
2016.11.16 07:31:32.932,1.36671,1.36689,1.50,2.25
2016.11.16 07:31:32.983,1.36673,1.36689,1.12,1.87
2016.11.16 07:31:33.287,1.36674,1.36689,1.50,1.00
2016.11.16 07:31:33.338,1.36674,1.36691,1.50,1.00
2016.11.16 07:31:33.490,1.36675,1.36692,1.75,1.50
2016.11.16 07:31:34.027,1.36675,1.36692,1.37,1.87
2016.11.16 07:31:34.341,1.36683,1.36695,1.00,1.37
2016.11.16 07:31:34.392,1.36683,1.36695,1.00,1.00
2016.11.16 07:31:34.493,1.36682,1.36698,2.25,1.50
2016.11.16 07:31:35.030,1.36684,1.36698,1.00,1.00
2016.11.16 07:31:35.131,1.36684,1.36696,1.00,1.00
2016.11.16 07:31:35.182,1.36678,1.36695,4.12,1.00
2016.11.16 07:31:35.334,1.36678,1.36696,1.12,3.00
2016.11.16 07:31:35.588,1.36676,1.36692,1.50,1.00
2016.11.16 07:31:35.689,1.36675,1.36692,1.50,1.50
2016.11.16 07:31:36.154,1.36675,1.36694,3.00,1.37
2016.11.16 07:31:36.205,1.36675,1.36694,4.87,1.00
2016.11.16 07:31:36.712,1.3668,1.36697,1.00,1.87
2016.11.16 07:31:36.915,1.36678,1.36694,1.00,2.62
2016.11.16 07:31:37.016,1.36674,1.36693,2.25,1.87
2016.11.16 07:31:37.320,1.36676,1.36693,1.00,1.00
2016.11.16 07:31:37.487,1.36683,1.36694,1.00,1.00
2016.11.16 07:31:37.791,1.36684,1.36697,1.31,1.00
2016.11.16 07:31:38.873,1.36686,1.367,1.31,1.87
2016.11.16 07:31:39.298,1.36686,1.367,1.25,1.87
2016.11.16 07:31:39.400,1.36687,1.367,1.56,1.87
2016.11.16 07:31:39.807,1.36687,1.36702,1.94,1.87
2016.11.16 07:31:40.162,1.36688,1.36702,1.12,1.50
2016.11.16 07:31:40.213,1.3669,1.36704,1.50,1.75
2016.11.16 07:31:40.366,1.36694,1.36707,1.12,1.00
2016.11.16 07:31:40.468,1.36692,1.36709,3.39,1.75
2016.11.16 07:31:40.594,1.36694,1.36709,1.00,1.75
2016.11.16 07:31:41.103,1.36694,1.36706,1.00,1.00
2016.11.16 07:31:41.898,1.36689,1.36706,3.00,1.50
2016.11.16 07:31:41.948,1.36689,1.36703,2.25,1.12
2016.11.16 07:31:42.000,1.36686,1.36703,1.14,1.50
2016.11.16 07:31:42.101,1.36686,1.36702,1.02,1.00
2016.11.16 07:31:42.152,1.36687,1.36702,1.37,1.00
2016.11.16 07:31:42.503,1.36693,1.36706,1.00,1.37
2016.11.16 07:31:42.658,1.36694,1.36708,1.00,1.75
2016.11.16 07:31:43.164,1.36695,1.36708,1.00,1.75
2016.11.16 07:31:43.395,1.36689,1.36704,1.75,1.00
2016.11.16 07:31:43.755,1.36693,1.36705,1.37,1.00
2016.11.16 07:31:44.281,1.36697,1.36708,1.00,1.75
2016.11.16 07:31:44.433,1.36699,1.36713,1.50,1.12
2016.11.16 07:31:44.585,1.36699,1.36713,3.37,1.12
2016.11.16 07:31:44.889,1.36692,1.36707,1.75,1.12
2016.11.16 07:31:45.446,1.36694,1.36709,1.75,1.50
2016.11.16 07:31:45.648,1.36694,1.36708,1.00,1.12
2016.11.16 07:31:45.852,1.36695,1.3671,1.75,2.25
2016.11.16 07:31:46.374,1.36695,1.3671,3.37,2.25
2016.11.16 07:31:46.934,1.36701,1.36711,1.37,1.37
2016.11.16 07:31:46.985,1.36701,1.36715,1.75,1.12
2016.11.16 07:31:47.036,1.36701,1.36715,4.12,1.00
2016.11.16 07:31:47.138,1.36703,1.36717,2.25,1.00
2016.11.16 07:31:47.239,1.36705,1.36715,1.00,1.00
2016.11.16 07:31:47.461,1.36699,1.36714,3.37,1.00
2016.11.16 07:31:47.563,1.36697,1.36713,1.50,1.00
2016.11.16 07:31:49.333,1.36694,1.36713,3.01,1.12
2016.11.16 07:31:49.666,1.36694,1.36711,2.26,1.00
2016.11.16 07:31:49.970,1.36703,1.36711,1.00,1.71
2016.11.16 07:31:50.123,1.36703,1.36718,1.51,1.87
2016.11.16 07:31:50.174,1.367,1.36715,1.51,1.00
2016.11.16 07:31:50.276,1.36702,1.36717,1.75,1.00
2016.11.16 07:31:50.581,1.367,1.36715,3.37,1.87
2016.11.16 07:31:50.734,1.36698,1.36713,3.37,1.00
2016.11.16 07:31:51.343,1.36698,1.36715,4.12,1.12
2016.11.16 07:31:51.446,1.36704,1.36715,1.12,1.12
2016.11.16 07:31:51.497,1.36704,1.36718,1.00,1.37
2016.11.16 07:31:51.548,1.36703,1.36717,3.37,1.12
2016.11.16 07:31:51.853,1.367,1.36715,3.37,1.37
2016.11.16 07:31:51.904,1.36701,1.36715,1.00,1.37
2016.11.16 07:31:51.955,1.36701,1.36715,1.00,1.50
2016.11.16 07:31:52.264,1.367,1.36716,1.50,1.00
2016.11.16 07:31:52.518,1.36702,1.36714,1.50,1.37
2016.11.16 07:31:52.620,1.36697,1.36714,1.75,1.37
2016.11.16 07:31:52.924,1.36699,1.36715,1.50,1.87
2016.11.16 07:31:52.975,1.36702,1.36714,1.12,1.00
2016.11.16 07:31:53.485,1.367,1.36713,1.00,1.00
2016.11.16 07:31:53.688,1.367,1.36713,1.00,1.75
2016.11.16 07:31:53.992,1.36701,1.36716,3.37,1.12
2016.11.16 07:31:54.043,1.36698,1.36716,2.62,1.12
2016.11.16 07:31:54.824,1.36698,1.36715,2.62,1.00
2016.11.16 07:31:55.308,1.36703,1.36717,1.00,2.25
2016.11.16 07:31:55.612,1.36703,1.36719,1.50,1.87
2016.11.16 07:31:55.663,1.36703,1.36719,1.50,1.00
2016.11.16 07:31:56.429,1.36703,1.36718,1.50,1.00
2016.11.16 07:31:56.531,1.36701,1.36716,4.12,1.50
2016.11.16 07:31:56.683,1.36699,1.36711,1.00,1.00
2016.11.16 07:31:56.965,1.36698,1.3671,1.00,1.50
2016.11.16 07:31:57.421,1.36695,1.36711,2.26,1.00
2016.11.16 07:31:57.523,1.36695,1.36713,2.64,1.50
2016.11.16 07:31:58.030,1.36699,1.36715,1.12,1.87
2016.11.16 07:31:58.081,1.36699,1.36715,1.50,1.87
2016.11.16 07:31:58.336,1.36698,1.36714,1.00,1.50
2016.11.16 07:31:58.589,1.36698,1.36714,1.75,1.37
2016.11.16 07:31:59.079,1.36701,1.36716,1.00,1.12
2016.11.16 07:31:59.534,1.36703,1.36716,1.00,1.00
2016.11.16 07:31:59.636,1.36703,1.36719,2.26,1.50
2016.11.16 07:32:00.174,1.36705,1.3672,1.00,1.00
2016.11.16 07:32:00.429,1.36703,1.36718,1.37,1.00
2016.11.16 07:32:00.531,1.36702,1.36718,1.87,1.12
2016.11.16 07:32:00.653,1.36704,1.36717,1.00,1.00
2016.11.16 07:32:00.705,1.36699,1.36717,1.87,2.25
2016.11.16 07:32:00.807,1.36698,1.36717,1.37,3.00
2016.11.16 07:32:01.111,1.36699,1.36717,1.37,1.87
2016.11.16 07:32:01.415,1.36698,1.36715,2.25,1.37
2016.11.16 07:32:01.517,1.36703,1.36716,1.00,1.00
2016.11.16 07:32:01.619,1.367,1.36718,1.75,1.87
2016.11.16 07:32:02.023,1.36701,1.36716,1.00,1.00
2016.11.16 07:32:02.330,1.36698,1.36713,1.12,1.00
2016.11.16 07:32:02.534,1.36693,1.3671,2.00,1.12
2016.11.16 07:32:02.585,1.36693,1.36709,1.25,1.00
2016.11.16 07:32:02.636,1.36698,1.36711,1.00,1.37
2016.11.16 07:32:02.738,1.36695,1.36712,1.00,2.25
2016.11.16 07:32:02.891,1.36695,1.36709,1.00,1.00
2016.11.16 07:32:03.226,1.36691,1.36707,1.87,1.00
2016.11.16 07:32:03.627,1.36691,1.36707,1.50,1.00
2016.11.16 07:32:03.729,1.36691,1.36706,1.00,2.59
2016.11.16 07:32:03.882,1.36687,1.36702,1.50,1.50
2016.11.16 07:32:04.035,1.36684,1.36699,1.12,1.00
2016.11.16 07:32:04.238,1.36682,1.36698,1.37,1.50
2016.11.16 07:32:04.424,1.36685,1.36699,1.00,1.09
2016.11.16 07:32:04.476,1.36681,1.36697,2.25,1.00
2016.11.16 07:32:04.527,1.3668,1.36696,1.12,1.12
2016.11.16 07:32:04.781,1.36681,1.36697,1.37,1.50
2016.11.16 07:32:05.086,1.36683,1.36698,3.00,3.37
2016.11.16 07:32:05.137,1.36685,1.36702,1.12,4.50
2016.11.16 07:32:05.188,1.36685,1.36702,2.62,1.00
2016.11.16 07:32:05.239,1.36685,1.36702,3.37,1.00
2016.11.16 07:32:05.392,1.36688,1.36704,1.37,1.87
2016.11.16 07:32:05.545,1.36688,1.36702,1.37,1.00
2016.11.16 07:32:05.979,1.36688,1.36704,1.12,1.00
2016.11.16 07:32:06.081,1.36691,1.36706,1.00,1.12
2016.11.16 07:32:06.588,1.3669,1.36706,1.00,1.50
2016.11.16 07:32:06.792,1.3669,1.36702,1.00,1.00
2016.11.16 07:32:06.970,1.36685,1.36702,1.87,1.50
2016.11.16 07:32:07.223,1.36686,1.36704,1.37,1.50
2016.11.16 07:32:07.529,1.36687,1.36704,2.00,1.12
2016.11.16 07:32:08.036,1.36688,1.36704,1.37,1.00
2016.11.16 07:32:08.240,1.3669,1.36707,1.50,1.87
2016.11.16 07:32:08.380,1.36691,1.36709,1.87,1.87
2016.11.16 07:32:08.928,1.36691,1.36708,2.25,1.00
2016.11.16 07:32:09.283,1.3669,1.36707,2.62,1.00
2016.11.16 07:32:09.898,1.36693,1.36708,1.00,1.12
2016.11.16 07:32:09.949,1.36697,1.36711,1.62,1.37
2016.11.16 07:32:10.000,1.36699,1.36711,1.00,1.00
2016.11.16 07:32:10.103,1.36693,1.36712,3.37,1.87
2016.11.16 07:32:10.256,1.36696,1.36712,1.50,1.50
2016.11.16 07:32:11.034,1.36695,1.36711,1.50,1.00
2016.11.16 07:32:11.085,1.36695,1.3671,1.12,1.00
2016.11.16 07:32:11.467,1.36694,1.36711,2.25,2.62
2016.11.16 07:32:11.573,1.36698,1.36713,1.12,1.37
2016.11.16 07:32:11.676,1.36697,1.36714,2.06,1.87
2016.11.16 07:32:11.828,1.36701,1.36717,1.00,1.75
2016.11.16 07:32:11.879,1.36701,1.36716,1.00,1.00
2016.11.16 07:32:11.981,1.36703,1.36718,1.00,1.50
2016.11.16 07:32:12.285,1.36698,1.36714,1.50,1.00
2016.11.16 07:32:12.822,1.36698,1.36715,1.87,2.25
2016.11.16 07:32:13.335,1.36698,1.36708,1.00,1.09
2016.11.16 07:32:13.639,1.36686,1.36703,1.12,1.00
2016.11.16 07:32:13.690,1.36686,1.36703,1.00,1.12
2016.11.16 07:32:13.792,1.36684,1.36701,2.62,1.00
2016.11.16 07:32:14.013,1.36684,1.367,1.00,1.00
2016.11.16 07:32:14.116,1.36682,1.36697,1.00,1.00
2016.11.16 07:32:14.218,1.36679,1.36695,1.12,1.00
2016.11.16 07:32:14.291,1.36677,1.36695,2.44,1.12
2016.11.16 07:32:14.342,1.36679,1.36695,1.00,1.00
2016.11.16 07:32:14.646,1.36683,1.36697,1.00,1.00
2016.11.16 07:32:14.748,1.36683,1.367,1.37,1.00
2016.11.16 07:32:14.849,1.36688,1.367,1.00,1.00
2016.11.16 07:32:14.900,1.36688,1.36702,1.00,1.00
2016.11.16 07:32:15.580,1.36688,1.36704,1.00,1.12
2016.11.16 07:32:15.632,1.36691,1.36707,1.19,1.87
2016.11.16 07:32:15.683,1.36691,1.36707,1.19,1.50
2016.11.16 07:32:15.734,1.36694,1.36707,1.00,1.50
2016.11.16 07:32:15.886,1.36694,1.36711,2.25,1.00
2016.11.16 07:32:15.988,1.36694,1.36706,1.37,1.19
2016.11.16 07:32:16.242,1.36675,1.36688,3.00,1.50
2016.11.16 07:32:16.343,1.36673,1.3669,1.87,3.37
2016.11.16 07:32:16.394,1.36673,1.36688,1.87,1.50
2016.11.16 07:32:16.563,1.36665,1.36682,3.00,1.00
2016.11.16 07:32:16.665,1.36665,1.36682,1.12,1.00
2016.11.16 07:32:16.870,1.36663,1.3668,1.50,1.00
2016.11.16 07:32:17.327,1.36662,1.36678,1.12,1.00
2016.11.16 07:32:17.378,1.36662,1.36677,1.37,1.00
2016.11.16 07:32:17.909,1.36661,1.36676,2.62,1.00
2016.11.16 07:32:17.963,1.36661,1.3667,1.29,1.00
2016.11.16 07:32:18.116,1.36653,1.36669,1.75,1.37
2016.11.16 07:32:18.218,1.36651,1.36667,2.00,1.00
2016.11.16 07:32:18.370,1.36648,1.36665,1.87,1.50
2016.11.16 07:32:18.472,1.36648,1.36662,1.50,1.00
2016.11.16 07:32:18.978,1.36648,1.36663,1.29,1.00
2016.11.16 07:32:19.364,1.36647,1.3666,1.04,1.00
2016.11.16 07:32:19.770,1.36643,1.36659,1.41,1.12
2016.11.16 07:32:19.821,1.36643,1.36655,1.41,1.00
2016.11.16 07:32:20.126,1.36638,1.36653,1.04,1.00
2016.11.16 07:32:20.633,1.36639,1.36654,1.60,1.75
2016.11.16 07:32:20.785,1.3664,1.36655,1.04,1.00
2016.11.16 07:32:20.948,1.3664,1.36657,1.04,1.12
2016.11.16 07:32:21.102,1.36641,1.36655,1.00,1.00
2016.11.16 07:32:22.297,1.36639,1.36656,1.75,1.00
2016.11.16 07:32:22.629,1.36643,1.36662,1.50,3.75
2016.11.16 07:32:22.783,1.36645,1.36662,1.50,1.00
2016.11.16 07:32:23.263,1.36645,1.36662,1.00,1.00
2016.11.16 07:32:23.833,1.36645,1.36663,1.50,1.00
2016.11.16 07:32:24.086,1.36645,1.36664,1.87,1.87
2016.11.16 07:32:24.413,1.3665,1.36668,1.12,1.50
2016.11.16 07:32:24.717,1.36646,1.36663,1.12,1.00
2016.11.16 07:32:25.074,1.36646,1.36662,1.50,1.00
2016.11.16 07:32:25.277,1.36646,1.36663,1.12,1.50
2016.11.16 07:32:25.520,1.36645,1.36663,4.12,1.00
2016.11.16 07:32:26.031,1.36644,1.36663,1.50,1.50
2016.11.16 07:32:26.339,1.36644,1.36662,1.50,1.37
2016.11.16 07:32:27.145,1.36646,1.36663,1.50,1.37
2016.11.16 07:32:27.197,1.36645,1.36664,1.75,1.12
2016.11.16 07:32:27.299,1.36648,1.36664,1.75,1.12
2016.11.16 07:32:27.805,1.36648,1.36664,1.75,1.37
2016.11.16 07:32:28.435,1.36648,1.36665,1.75,1.00
2016.11.16 07:32:28.590,1.36653,1.36666,1.00,1.12
2016.11.16 07:32:28.642,1.36653,1.36666,1.00,1.00
2016.11.16 07:32:28.744,1.36652,1.36669,1.87,1.12
2016.11.16 07:32:28.846,1.36655,1.36671,1.12,1.00
2016.11.16 07:32:28.999,1.36656,1.36672,1.37,1.00
2016.11.16 07:32:29.305,1.36654,1.3667,1.75,1.00
2016.11.16 07:32:29.640,1.36654,1.36671,1.75,1.12
2016.11.16 07:32:30.148,1.36654,1.36672,1.75,1.87
2016.11.16 07:32:30.988,1.36653,1.36672,4.87,1.87
2016.11.16 07:32:31.293,1.36659,1.36672,1.00,1.00
2016.11.16 07:32:31.598,1.3666,1.36677,1.75,1.50
2016.11.16 07:32:31.700,1.36661,1.36676,1.00,1.37
2016.11.16 07:32:32.973,1.36664,1.36678,1.00,1.87
2016.11.16 07:32:33.075,1.36664,1.3668,1.12,1.37
2016.11.16 07:32:33.126,1.36664,1.36681,1.75,1.75
2016.11.16 07:32:33.808,1.36664,1.36681,1.75,1.50
2016.11.16 07:32:34.165,1.36668,1.36685,1.87,1.12
2016.11.16 07:32:34.368,1.36671,1.36687,1.00,1.37
2016.11.16 07:32:34.673,1.36672,1.36689,1.37,1.12
2016.11.16 07:32:35.128,1.36674,1.36691,2.25,3.00
2016.11.16 07:32:36.027,1.36674,1.36691,2.25,1.00
2016.11.16 07:32:36.230,1.3667,1.36687,1.50,1.00
2016.11.16 07:32:36.333,1.3667,1.36687,1.50,1.00
2016.11.16 07:32:36.669,1.36671,1.36689,1.75,1.12
2016.11.16 07:32:36.976,1.36675,1.36689,1.00,1.75
2016.11.16 07:32:37.283,1.36674,1.3669,3.37,1.12
2016.11.16 07:32:37.437,1.36672,1.36686,1.50,1.00
2016.11.16 07:32:37.540,1.3667,1.36685,1.00,1.00
2016.11.16 07:32:37.752,1.36667,1.36684,1.00,1.50
2016.11.16 07:32:38.300,1.36668,1.36685,1.00,1.87
2016.11.16 07:32:38.351,1.36668,1.36685,1.00,1.12
2016.11.16 07:32:38.453,1.36668,1.36685,1.00,1.87
2016.11.16 07:32:38.656,1.36667,1.36685,1.50,1.50
2016.11.16 07:32:38.858,1.3667,1.36686,1.87,1.12
2016.11.16 07:32:39.010,1.36672,1.36689,1.00,1.50
2016.11.16 07:32:40.032,1.36672,1.36688,1.50,1.00
2016.11.16 07:32:40.134,1.36668,1.36684,3.37,1.00
2016.11.16 07:32:40.491,1.36663,1.36678,1.50,1.50
2016.11.16 07:32:40.848,1.36663,1.36674,1.00,1.00
2016.11.16 07:32:41.355,1.36663,1.36673,1.00,1.00
2016.11.16 07:32:41.406,1.36658,1.36673,1.00,1.00
2016.11.16 07:32:41.661,1.36658,1.36675,1.50,2.25
2016.11.16 07:32:42.642,1.36658,1.36675,1.00,1.50
2016.11.16 07:32:42.744,1.36658,1.36676,1.37,3.00
2016.11.16 07:32:43.552,1.36658,1.36676,2.25,2.62
2016.11.16 07:32:43.958,1.3666,1.36678,1.12,1.50
2016.11.16 07:32:44.492,1.36659,1.36678,4.12,1.50
2016.11.16 07:32:45.311,1.36659,1.36677,4.50,1.00
2016.11.16 07:32:46.976,1.36659,1.36678,5.25,1.00
2016.11.16 07:32:47.787,1.36661,1.36679,1.50,1.12
2016.11.16 07:32:48.328,1.36662,1.3668,1.37,3.19
2016.11.16 07:32:48.854,1.36662,1.36678,1.37,1.62
2016.11.16 07:32:49.377,1.36661,1.36677,1.37,1.19
2016.11.16 07:32:49.732,1.36662,1.36679,3.37,2.00
2016.11.16 07:32:49.904,1.36661,1.36679,1.50,2.06
2016.11.16 07:32:49.955,1.36661,1.36678,1.00,1.75
2016.11.16 07:32:50.481,1.36661,1.36678,1.50,1.50
2016.11.16 07:32:50.987,1.36661,1.36678,1.87,1.31
2016.11.16 07:32:51.588,1.36659,1.36676,2.62,1.56
2016.11.16 07:32:51.713,1.36658,1.36675,1.12,1.31
2016.11.16 07:32:51.765,1.36658,1.36676,1.50,2.06
2016.11.16 07:32:51.969,1.36657,1.36675,1.87,1.69
2016.11.16 07:32:52.424,1.36658,1.36675,1.50,1.62
2016.11.16 07:32:52.973,1.36659,1.36677,1.50,1.94
2016.11.16 07:32:53.074,1.3666,1.36678,1.50,1.56
2016.11.16 07:32:53.581,1.36661,1.36678,1.00,1.56
2016.11.16 07:32:53.632,1.36663,1.36679,1.00,2.00
2016.11.16 07:32:53.937,1.36682,1.36692,1.12,3.00
2016.11.16 07:32:54.141,1.36692,1.36697,1.00,1.00
2016.11.16 07:32:54.192,1.36694,1.367,1.37,1.00
2016.11.16 07:32:54.346,1.3669,1.36697,1.75,1.00
2016.11.16 07:32:54.464,1.3669,1.36707,1.50,1.56
2016.11.16 07:32:54.515,1.3669,1.36707,1.50,1.56
2016.11.16 07:32:54.831,1.36688,1.36704,1.87,1.56
2016.11.16 07:32:54.882,1.36689,1.36704,1.00,1.56
2016.11.16 07:32:54.983,1.36685,1.36703,1.12,1.56
2016.11.16 07:32:55.186,1.36684,1.36702,3.00,1.31
2016.11.16 07:32:55.693,1.36684,1.36702,2.62,1.31
2016.11.16 07:32:56.032,1.36685,1.36702,1.12,1.31
2016.11.16 07:32:56.237,1.36686,1.36704,1.75,1.51
2016.11.16 07:32:56.340,1.36691,1.36706,1.00,1.87
2016.11.16 07:32:56.494,1.36693,1.36708,1.12,1.02
2016.11.16 07:32:57.003,1.36692,1.3671,1.12,1.76
2016.11.16 07:32:57.783,1.36691,1.3671,1.12,1.76
2016.11.16 07:32:59.009,1.36691,1.36711,2.25,4.51
2016.11.16 07:32:59.060,1.36691,1.36711,2.25,1.37
2016.11.16 07:32:59.608,1.36693,1.36711,1.12,1.50
2016.11.16 07:33:01.902,1.36694,1.36712,1.50,1.50
2016.11.16 07:33:02.443,1.36693,1.36711,1.37,1.50
2016.11.16 07:33:02.494,1.36692,1.3671,1.12,1.50
2016.11.16 07:33:02.798,1.36693,1.36711,1.50,1.37
2016.11.16 07:33:03.586,1.36696,1.36712,1.12,1.00
2016.11.16 07:33:03.688,1.36696,1.36714,2.25,1.00
2016.11.16 07:33:04.190,1.36696,1.36716,2.25,1.87
2016.11.16 07:33:04.566,1.36702,1.36716,1.00,1.37
2016.11.16 07:33:04.719,1.36704,1.36722,1.50,3.75
2016.11.16 07:33:04.770,1.36706,1.36722,1.37,1.00
2016.11.16 07:33:04.871,1.36708,1.36724,1.00,1.00
2016.11.16 07:33:05.393,1.36708,1.36725,1.00,1.12
2016.11.16 07:33:05.927,1.36708,1.36725,1.50,1.37
2016.11.16 07:33:06.029,1.36708,1.36726,1.75,1.00
2016.11.16 07:33:06.686,1.36707,1.36726,2.06,1.39
2016.11.16 07:33:06.901,1.36707,1.36725,1.87,1.51
2016.11.16 07:33:07.409,1.36704,1.36723,1.75,1.12
2016.11.16 07:33:08.121,1.36704,1.3672,1.75,1.00
2016.11.16 07:33:08.348,1.36698,1.36714,1.00,1.00
2016.11.16 07:33:08.399,1.36696,1.36712,1.37,1.12
2016.11.16 07:33:08.450,1.36694,1.36712,1.87,1.12
2016.11.16 07:33:09.927,1.36695,1.36713,2.25,1.12
2016.11.16 07:33:10.339,1.36698,1.36715,1.37,1.12
2016.11.16 07:33:10.592,1.36698,1.36713,1.37,1.00
2016.11.16 07:33:10.896,1.36693,1.36709,1.37,1.00
2016.11.16 07:33:11.200,1.36704,1.36717,1.12,1.12
2016.11.16 07:33:11.353,1.36705,1.36721,1.00,1.87
2016.11.16 07:33:11.404,1.36703,1.3672,4.12,1.50
2016.11.16 07:33:11.455,1.36707,1.3672,1.00,1.00
2016.11.16 07:33:11.980,1.36702,1.36721,4.12,1.12
2016.11.16 07:33:12.486,1.36705,1.3672,1.50,1.00
2016.11.16 07:33:12.587,1.36705,1.36722,1.50,1.00
2016.11.16 07:33:12.689,1.3671,1.36722,1.00,1.00
2016.11.16 07:33:12.741,1.36711,1.36727,1.00,1.75
2016.11.16 07:33:12.944,1.36711,1.36727,1.75,1.37
2016.11.16 07:33:12.995,1.36711,1.36728,1.75,1.00
2016.11.16 07:33:13.531,1.36711,1.36729,1.75,1.00
2016.11.16 07:33:14.176,1.36713,1.36729,1.75,1.00
2016.11.16 07:33:14.448,1.36713,1.36731,2.25,1.00
2016.11.16 07:33:14.702,1.36713,1.36729,1.75,1.00
2016.11.16 07:33:14.803,1.36713,1.36728,1.00,1.00
2016.11.16 07:33:16.162,1.36713,1.36727,1.00,1.00
2016.11.16 07:33:16.315,1.36711,1.36727,1.00,1.00
2016.11.16 07:33:16.818,1.36711,1.36725,1.00,1.00
2016.11.16 07:33:17.015,1.36709,1.36725,1.00,1.00
2016.11.16 07:33:17.525,1.36707,1.36725,1.50,1.00
2016.11.16 07:33:17.576,1.36707,1.3672,1.50,1.00
2016.11.16 07:33:17.830,1.36701,1.36717,1.87,1.00
2016.11.16 07:33:18.033,1.367,1.36717,1.00,1.00
2016.11.16 07:33:18.237,1.36697,1.36716,3.37,1.50
2016.11.16 07:33:18.636,1.36697,1.36715,3.00,1.00
2016.11.16 07:33:18.842,1.36698,1.36714,1.87,1.00
2016.11.16 07:33:18.944,1.367,1.36717,1.87,1.37
2016.11.16 07:33:18.995,1.36702,1.36717,1.19,1.37
2016.11.16 07:33:19.301,1.36702,1.36718,1.37,1.12
2016.11.16 07:33:19.837,1.36704,1.36719,1.37,1.00
2016.11.16 07:33:20.040,1.36702,1.36718,1.00,1.00
2016.11.16 07:33:20.565,1.36702,1.36718,1.50,1.00
2016.11.16 07:33:20.821,1.36702,1.3672,1.50,1.87
2016.11.16 07:33:20.923,1.36702,1.3672,2.25,1.00
2016.11.16 07:33:21.754,1.36702,1.3672,2.25,1.00
2016.11.16 07:33:22.674,1.36703,1.3672,1.75,1.50
2016.11.16 07:33:23.182,1.36703,1.36721,1.87,1.87
2016.11.16 07:33:23.720,1.36703,1.3672,1.87,1.00
2016.11.16 07:33:24.462,1.36703,1.3672,1.12,1.37
2016.11.16 07:33:24.818,1.36703,1.3672,1.50,1.37
2016.11.16 07:33:25.174,1.367,1.36715,2.62,1.00
2016.11.16 07:33:25.276,1.36702,1.36714,1.00,1.00
2016.11.16 07:33:25.378,1.36697,1.36714,2.25,1.00
2016.11.16 07:33:26.075,1.36698,1.36715,1.12,2.25
2016.11.16 07:33:27.480,1.367,1.36714,1.00,1.00
2016.11.16 07:33:27.582,1.367,1.36717,1.50,1.50
2016.11.16 07:33:27.710,1.36703,1.36719,1.50,1.37
2016.11.16 07:33:28.015,1.36703,1.3672,2.62,1.00
2016.11.16 07:33:28.910,1.36704,1.36722,2.25,1.12
2016.11.16 07:33:29.449,1.36707,1.36722,1.00,1.00
2016.11.16 07:33:30.479,1.36706,1.36723,1.87,1.50
2016.11.16 07:33:32.515,1.36707,1.36722,1.37,1.00
2016.11.16 07:33:32.567,1.36707,1.36722,1.00,1.69
2016.11.16 07:33:32.668,1.36703,1.36721,1.37,1.50
2016.11.16 07:33:32.972,1.36702,1.36718,2.25,1.00
2016.11.16 07:33:33.513,1.36703,1.3672,1.50,2.44
2016.11.16 07:33:34.329,1.36705,1.3672,1.50,1.00
2016.11.16 07:33:34.380,1.36705,1.36722,1.87,2.25
2016.11.16 07:33:34.532,1.36707,1.36723,1.50,1.87
2016.11.16 07:33:34.583,1.36707,1.36723,1.75,1.87
2016.11.16 07:33:36.301,1.36708,1.36721,1.50,1.00
2016.11.16 07:33:36.402,1.36704,1.36719,1.75,1.00
2016.11.16 07:33:36.504,1.36703,1.36719,1.50,1.37
2016.11.16 07:33:36.606,1.36701,1.36717,1.75,1.50
2016.11.16 07:33:36.832,1.36701,1.36715,1.00,1.37
2016.11.16 07:33:37.270,1.36697,1.3671,1.37,1.00
2016.11.16 07:33:37.372,1.36692,1.36708,2.25,1.00
2016.11.16 07:33:37.423,1.3669,1.36706,1.75,1.00
2016.11.16 07:33:37.475,1.3669,1.36706,1.00,1.25
2016.11.16 07:33:37.526,1.3669,1.36703,1.00,1.00
2016.11.16 07:33:37.577,1.36688,1.36703,1.12,1.00
2016.11.16 07:33:37.730,1.36685,1.36701,1.12,1.00
2016.11.16 07:33:37.882,1.36685,1.36701,1.00,1.00
2016.11.16 07:33:38.296,1.36685,1.36702,2.62,1.00
2016.11.16 07:33:38.500,1.36683,1.36701,2.62,1.00
2016.11.16 07:33:39.020,1.36687,1.36701,1.00,1.50
2016.11.16 07:33:39.122,1.36684,1.36701,1.00,1.50
2016.11.16 07:33:39.325,1.36684,1.36697,1.00,1.00
2016.11.16 07:33:39.655,1.36678,1.36687,1.00,1.00
2016.11.16 07:33:39.708,1.36667,1.36682,3.37,1.00
2016.11.16 07:33:39.810,1.36665,1.36681,1.12,1.00
2016.11.16 07:33:39.913,1.36662,1.3668,3.37,1.00
2016.11.16 07:33:40.419,1.36663,1.3668,1.50,1.12
2016.11.16 07:33:40.925,1.36663,1.3668,1.12,1.00
2016.11.16 07:33:41.560,1.36664,1.36682,1.00,1.87
2016.11.16 07:33:41.712,1.36665,1.36684,1.37,1.50
2016.11.16 07:33:42.572,1.36667,1.36683,1.50,1.12
2016.11.16 07:33:44.953,1.36665,1.36679,1.12,1.00
2016.11.16 07:33:45.005,1.36665,1.36679,1.37,1.50
2016.11.16 07:33:45.056,1.36665,1.36675,1.37,1.00
2016.11.16 07:33:45.107,1.36659,1.36672,1.12,1.00
2016.11.16 07:33:45.209,1.36654,1.36672,1.50,1.87
2016.11.16 07:33:45.260,1.36654,1.36669,1.00,1.00
2016.11.16 07:33:45.564,1.36652,1.36664,1.00,2.25
2016.11.16 07:33:46.103,1.36653,1.36664,1.00,1.75
2016.11.16 07:33:46.625,1.36653,1.36666,1.00,1.50
2016.11.16 07:33:48.634,1.36648,1.36659,1.50,1.00
2016.11.16 07:33:48.736,1.36643,1.3666,3.37,1.00
2016.11.16 07:33:48.838,1.36642,1.3666,2.62,1.00
2016.11.16 07:33:48.939,1.36648,1.3666,1.00,3.37
2016.11.16 07:33:49.041,1.36648,1.36664,1.00,3.37
2016.11.16 07:33:49.143,1.36648,1.36666,1.50,3.75
2016.11.16 07:33:49.245,1.36648,1.36668,1.87,1.75
2016.11.16 07:33:49.337,1.3665,1.36668,1.00,1.75
2016.11.16 07:33:49.641,1.36652,1.36669,1.00,1.00
2016.11.16 07:33:49.743,1.36652,1.36669,1.50,3.37
2016.11.16 07:33:49.844,1.36652,1.36671,2.25,1.00
2016.11.16 07:33:50.047,1.36651,1.36668,1.50,1.00
2016.11.16 07:33:50.351,1.3665,1.36668,1.00,4.12
2016.11.16 07:33:50.503,1.36652,1.36669,1.00,1.00
2016.11.16 07:33:51.324,1.36652,1.36671,2.25,1.50
2016.11.16 07:33:51.527,1.36653,1.36671,1.00,3.37
2016.11.16 07:33:51.628,1.36657,1.36673,1.00,1.00
2016.11.16 07:33:52.135,1.36658,1.36675,1.87,1.00
2016.11.16 07:33:52.439,1.36663,1.36675,1.00,1.12
2016.11.16 07:33:52.984,1.36663,1.36676,1.00,1.87
2016.11.16 07:33:53.810,1.36663,1.36676,1.00,2.25
2016.11.16 07:33:55.429,1.36662,1.36678,1.00,2.96
2016.11.16 07:33:55.532,1.36658,1.36674,1.75,1.50
2016.11.16 07:33:55.583,1.36658,1.36671,1.37,1.00
2016.11.16 07:33:55.685,1.36653,1.3667,1.00,1.37
2016.11.16 07:33:55.787,1.36653,1.36668,1.00,1.37
2016.11.16 07:33:56.092,1.36653,1.3667,4.87,1.12
2016.11.16 07:33:56.424,1.36657,1.36672,1.00,1.12
2016.11.16 07:33:56.527,1.36657,1.36675,1.37,2.62
2016.11.16 07:33:56.578,1.36662,1.36675,1.00,2.25
2016.11.16 07:33:57.377,1.36658,1.36673,1.12,1.87
2016.11.16 07:33:57.428,1.36658,1.36673,1.00,2.25
2016.11.16 07:33:58.158,1.36653,1.3667,1.50,1.75
2016.11.16 07:33:58.209,1.36653,1.3667,1.00,1.75
2016.11.16 07:33:58.666,1.36653,1.3667,1.00,2.25
2016.11.16 07:33:59.535,1.36652,1.3667,1.50,2.25
2016.11.16 07:34:00.067,1.36653,1.36671,2.25,1.75
2016.11.16 07:34:00.169,1.36653,1.36671,1.75,1.00
2016.11.16 07:34:00.270,1.36657,1.3667,1.00,1.00
2016.11.16 07:34:00.877,1.36658,1.36671,1.00,2.25
2016.11.16 07:34:01.893,1.36658,1.36673,1.50,1.00
2016.11.16 07:34:01.995,1.3666,1.36676,1.00,1.37
2016.11.16 07:34:02.097,1.3666,1.36678,1.87,1.76
2016.11.16 07:34:04.666,1.36662,1.3668,1.50,2.25
2016.11.16 07:34:04.768,1.36663,1.36683,1.87,1.50
2016.11.16 07:34:04.970,1.36666,1.36684,2.25,1.12
2016.11.16 07:34:05.072,1.36667,1.36686,1.87,1.00
2016.11.16 07:34:05.694,1.36667,1.36686,1.87,1.75
2016.11.16 07:34:05.897,1.36668,1.36685,1.50,1.00
2016.11.16 07:34:05.948,1.36665,1.36683,3.37,1.00
2016.11.16 07:34:06.166,1.36662,1.36678,1.37,1.00
2016.11.16 07:34:06.217,1.3666,1.36679,1.12,2.25
2016.11.16 07:34:07.673,1.36662,1.36678,1.00,1.50
2016.11.16 07:34:07.776,1.36662,1.3668,1.37,2.25
2016.11.16 07:34:08.324,1.36662,1.36678,1.00,1.00
2016.11.16 07:34:08.825,1.36662,1.36679,1.00,1.12
2016.11.16 07:34:09.340,1.36663,1.36679,1.00,1.12
2016.11.16 07:34:10.721,1.36663,1.36679,1.50,1.00
2016.11.16 07:34:11.484,1.3666,1.36679,4.50,1.50
2016.11.16 07:34:11.591,1.36661,1.36675,1.00,1.12
2016.11.16 07:34:11.745,1.36657,1.36674,1.00,1.69
2016.11.16 07:34:12.445,1.36657,1.36672,1.00,1.00
2016.11.16 07:34:13.347,1.36657,1.36674,1.00,1.69
2016.11.16 07:34:13.600,1.36657,1.36673,1.00,1.37
2016.11.16 07:34:14.119,1.36656,1.36673,1.37,1.56
2016.11.16 07:34:14.756,1.36656,1.36673,1.37,1.56
2016.11.16 07:34:15.078,1.36657,1.36674,2.62,1.00
2016.11.16 07:34:15.364,1.36658,1.36676,3.00,1.00
2016.11.16 07:34:15.873,1.36658,1.36674,1.50,1.00
2016.11.16 07:34:16.176,1.36657,1.36673,1.00,1.50
2016.11.16 07:34:16.687,1.36657,1.36674,1.12,1.50
2016.11.16 07:34:17.225,1.36658,1.36674,1.00,1.50
2016.11.16 07:34:19.042,1.36662,1.36675,1.00,1.75
2016.11.16 07:34:19.093,1.36662,1.36676,1.00,1.50
2016.11.16 07:34:19.347,1.36662,1.3668,1.50,1.50
2016.11.16 07:34:19.601,1.36667,1.36681,1.00,2.00
2016.11.16 07:34:20.472,1.36667,1.3668,1.00,1.00
2016.11.16 07:34:23.362,1.36667,1.36684,1.12,1.31
2016.11.16 07:34:23.413,1.36672,1.36684,1.00,2.06
2016.11.16 07:34:23.642,1.36669,1.36686,2.25,1.62
2016.11.16 07:34:23.693,1.36669,1.36688,2.62,3.19
2016.11.16 07:34:24.148,1.36673,1.36686,1.00,1.56
2016.11.16 07:34:24.300,1.36668,1.36683,1.87,1.25
2016.11.16 07:34:24.351,1.36668,1.36683,1.12,1.31
2016.11.16 07:34:24.655,1.36663,1.36676,1.00,2.44
2016.11.16 07:34:24.706,1.36658,1.36673,1.12,1.12
2016.11.16 07:34:24.758,1.36658,1.36674,1.00,4.31
2016.11.16 07:34:24.860,1.36654,1.36671,1.37,1.19
2016.11.16 07:34:25.882,1.36652,1.36666,1.75,1.19
2016.11.16 07:34:25.933,1.36653,1.36666,1.00,1.19
2016.11.16 07:34:25.984,1.36653,1.36666,1.00,1.56
2016.11.16 07:34:26.086,1.36648,1.36662,1.12,1.31
2016.11.16 07:34:26.137,1.36648,1.36662,1.75,1.31
2016.11.16 07:34:26.239,1.36648,1.36662,1.00,2.06
2016.11.16 07:34:26.695,1.36653,1.36662,1.00,1.31
2016.11.16 07:34:27.225,1.36653,1.36663,1.00,1.31
2016.11.16 07:34:27.481,1.36653,1.36663,1.00,1.25
2016.11.16 07:34:27.684,1.36658,1.36666,1.00,2.81
2016.11.16 07:34:27.888,1.36653,1.3667,1.87,1.31
2016.11.16 07:34:27.939,1.36653,1.36671,2.25,2.44
2016.11.16 07:34:28.040,1.36653,1.36669,1.87,1.19
2016.11.16 07:34:28.142,1.36653,1.36671,2.62,2.44
2016.11.16 07:34:28.294,1.36657,1.36674,1.00,2.44
2016.11.16 07:34:28.803,1.36657,1.36674,1.00,2.06
2016.11.16 07:34:29.850,1.36657,1.36674,3.00,1.19
2016.11.16 07:34:30.154,1.36658,1.36675,1.87,1.56
2016.11.16 07:34:30.256,1.36658,1.36676,1.87,1.19
2016.11.16 07:34:30.870,1.36658,1.36677,1.87,3.19
2016.11.16 07:34:31.457,1.36658,1.36677,5.62,1.56
2016.11.16 07:34:31.977,1.36658,1.36677,5.62,2.06
2016.11.16 07:34:32.190,1.36657,1.36673,1.87,1.19
2016.11.16 07:34:32.292,1.36658,1.36673,1.12,1.56
2016.11.16 07:34:33.188,1.36657,1.36673,1.50,1.31
2016.11.16 07:34:33.392,1.36653,1.3667,1.50,2.81
2016.11.16 07:34:33.493,1.36653,1.36666,1.00,1.19
2016.11.16 07:34:33.696,1.36649,1.36666,1.00,3.56
2016.11.16 07:34:33.799,1.36648,1.36665,1.37,2.44
2016.11.16 07:34:34.111,1.36652,1.36665,1.00,2.44
2016.11.16 07:34:34.965,1.36653,1.36665,1.00,1.69
2016.11.16 07:34:35.534,1.36652,1.36665,1.00,2.44
2016.11.16 07:34:36.631,1.36653,1.36665,1.00,2.44
2016.11.16 07:34:36.803,1.36653,1.36665,1.00,1.25
2016.11.16 07:34:37.260,1.36652,1.36669,3.00,1.75
2016.11.16 07:34:37.362,1.36652,1.36671,3.00,3.56
2016.11.16 07:34:37.656,1.36654,1.36669,1.00,1.94
2016.11.16 07:34:38.112,1.36653,1.36668,1.75,1.31
2016.11.16 07:34:38.164,1.36653,1.36669,3.00,1.25
2016.11.16 07:34:38.215,1.36655,1.36669,1.75,1.25
2016.11.16 07:34:38.672,1.36657,1.36672,1.12,4.31
2016.11.16 07:34:39.208,1.36658,1.36668,1.00,1.00
2016.11.16 07:34:39.302,1.36654,1.36668,1.00,1.19
2016.11.16 07:34:39.505,1.36652,1.36667,1.87,1.31
2016.11.16 07:34:39.809,1.36653,1.36661,1.00,1.25
2016.11.16 07:34:40.063,1.36647,1.36662,1.00,2.81
2016.11.16 07:34:40.806,1.36647,1.36663,1.12,2.81
2016.11.16 07:34:41.060,1.36644,1.36657,1.37,1.00
2016.11.16 07:34:41.111,1.36642,1.36657,2.25,1.00
2016.11.16 07:34:41.314,1.36642,1.36656,1.00,1.19
2016.11.16 07:34:41.770,1.36638,1.36655,1.50,1.19
2016.11.16 07:34:41.889,1.36638,1.36655,1.50,1.31
2016.11.16 07:34:42.143,1.36637,1.36652,1.50,1.69
2016.11.16 07:34:42.671,1.36638,1.36652,1.00,1.69
2016.11.16 07:34:43.288,1.36638,1.36652,1.00,1.69
2016.11.16 07:34:45.300,1.36638,1.36653,1.75,1.25
2016.11.16 07:34:45.604,1.36644,1.36657,1.37,1.25
2016.11.16 07:34:46.094,1.36643,1.36657,1.37,1.25
2016.11.16 07:34:46.196,1.36643,1.36654,1.00,1.31
2016.11.16 07:34:47.073,1.3664,1.36653,1.75,1.19
2016.11.16 07:34:47.389,1.36638,1.36653,1.75,1.01
2016.11.16 07:34:48.498,1.36638,1.36655,1.75,3.01
2016.11.16 07:34:49.809,1.36637,1.36652,1.75,1.02
2016.11.16 07:34:50.119,1.36637,1.36652,1.75,1.01
2016.11.16 07:34:51.227,1.36637,1.36652,1.50,1.01
2016.11.16 07:34:52.399,1.36637,1.36652,1.50,1.01
2016.11.16 07:34:52.920,1.36638,1.36652,1.00,1.01
2016.11.16 07:34:53.516,1.36638,1.3665,1.00,1.20
2016.11.16 07:34:53.882,1.36631,1.36646,1.75,1.20
2016.11.16 07:34:53.934,1.36633,1.36648,2.25,2.83
2016.11.16 07:34:53.987,1.36633,1.36649,3.37,1.26
2016.11.16 07:34:54.089,1.36632,1.36649,1.87,2.45
2016.11.16 07:34:54.294,1.36637,1.3665,1.00,1.58
2016.11.16 07:34:54.497,1.36637,1.36653,1.87,1.20
2016.11.16 07:34:54.833,1.36632,1.36646,1.87,1.00
2016.11.16 07:34:54.938,1.36633,1.36645,1.00,1.50
2016.11.16 07:34:55.093,1.36629,1.36645,1.00,1.75
2016.11.16 07:34:55.297,1.36627,1.36643,2.25,1.50
2016.11.16 07:34:55.348,1.36627,1.36642,1.50,1.12
2016.11.16 07:34:55.772,1.36627,1.36642,1.00,1.50
2016.11.16 07:34:56.281,1.36627,1.36642,1.37,1.12
2016.11.16 07:34:56.737,1.36626,1.36645,1.37,1.50
2016.11.16 07:34:57.017,1.36629,1.36645,1.37,1.12
2016.11.16 07:34:57.223,1.36627,1.36644,1.75,1.00
2016.11.16 07:34:57.731,1.36628,1.36645,1.50,1.50
2016.11.16 07:34:58.087,1.36632,1.36645,1.00,1.12
2016.11.16 07:34:58.414,1.3663,1.36644,1.00,1.12
2016.11.16 07:34:58.885,1.36632,1.36646,1.00,1.75
2016.11.16 07:34:58.936,1.36632,1.36648,1.00,1.12
2016.11.16 07:34:59.189,1.36633,1.3665,1.50,1.37
2016.11.16 07:34:59.293,1.36635,1.36651,1.00,1.00
2016.11.16 07:34:59.546,1.36635,1.36653,1.00,1.50
2016.11.16 07:35:00.059,1.36632,1.36651,1.37,1.50
2016.11.16 07:35:00.364,1.36628,1.36646,1.37,1.37
2016.11.16 07:35:00.719,1.36626,1.36646,2.25,2.62
2016.11.16 07:35:01.065,1.3662,1.36633,3.75,1.00
2016.11.16 07:35:01.168,1.36618,1.36633,3.00,1.00
2016.11.16 07:35:01.219,1.36615,1.36633,1.87,1.12
2016.11.16 07:35:01.523,1.36622,1.36636,1.00,2.62
2016.11.16 07:35:01.575,1.36623,1.36635,2.25,1.00
2016.11.16 07:35:01.626,1.36627,1.36636,1.50,1.37
2016.11.16 07:35:01.781,1.36632,1.36642,1.00,1.00
2016.11.16 07:35:01.832,1.3663,1.36645,1.00,1.37
2016.11.16 07:35:01.883,1.3663,1.36642,1.00,1.00
2016.11.16 07:35:02.190,1.36621,1.36636,2.62,1.00
2016.11.16 07:35:02.321,1.36618,1.36636,3.37,1.37
2016.11.16 07:35:02.372,1.36617,1.36636,1.12,1.87
2016.11.16 07:35:02.424,1.36617,1.36634,1.12,1.00
2016.11.16 07:35:02.628,1.36617,1.36635,1.12,1.00
2016.11.16 07:35:03.034,1.36617,1.36635,3.37,1.50
2016.11.16 07:35:03.135,1.36617,1.36634,1.00,1.00
2016.11.16 07:35:03.742,1.36615,1.36634,1.50,2.25
2016.11.16 07:35:03.844,1.36615,1.36633,1.00,1.37
2016.11.16 07:35:04.200,1.36614,1.36631,1.00,1.50
2016.11.16 07:35:04.503,1.36612,1.36627,1.00,1.87
2016.11.16 07:35:04.706,1.36609,1.36627,1.00,1.87
2016.11.16 07:35:04.909,1.36607,1.36624,1.37,1.84
2016.11.16 07:35:04.960,1.36606,1.36621,1.00,2.25
2016.11.16 07:35:05.011,1.36604,1.3662,1.12,1.00
2016.11.16 07:35:05.063,1.36604,1.3662,1.00,1.37
2016.11.16 07:35:05.164,1.36603,1.3662,1.50,1.12
2016.11.16 07:35:05.215,1.36603,1.3662,1.12,1.50
2016.11.16 07:35:05.551,1.36597,1.36613,1.12,1.37
2016.11.16 07:35:05.653,1.36595,1.36611,1.00,1.00
2016.11.16 07:35:05.958,1.36593,1.36606,1.37,1.00
2016.11.16 07:35:06.264,1.36599,1.36612,1.00,1.75
2016.11.16 07:35:06.316,1.36598,1.36613,1.00,1.37
2016.11.16 07:35:06.437,1.36598,1.36613,1.12,1.12
2016.11.16 07:35:06.539,1.36598,1.36614,1.50,3.37
2016.11.16 07:35:06.743,1.36598,1.36615,1.87,1.12
2016.11.16 07:35:07.251,1.36598,1.36612,1.00,1.37
2016.11.16 07:35:07.346,1.36595,1.36613,1.50,1.75
2016.11.16 07:35:07.441,1.36595,1.36612,1.00,3.37
2016.11.16 07:35:07.594,1.36591,1.36608,1.12,1.37
2016.11.16 07:35:07.696,1.36589,1.36606,1.14,1.00
2016.11.16 07:35:07.747,1.36589,1.36607,1.50,1.50
2016.11.16 07:35:08.052,1.3659,1.36607,1.50,3.37
2016.11.16 07:35:08.356,1.36589,1.36604,1.12,1.00
2016.11.16 07:35:08.533,1.36586,1.36602,1.77,1.75
2016.11.16 07:35:08.584,1.36586,1.36602,1.14,1.75
2016.11.16 07:35:08.686,1.36587,1.36602,1.00,4.12
2016.11.16 07:35:09.041,1.36589,1.36602,1.00,1.50
2016.11.16 07:35:09.144,1.36584,1.36594,1.75,1.00
2016.11.16 07:35:09.469,1.36572,1.36583,3.00,1.50
2016.11.16 07:35:09.572,1.36568,1.36582,3.00,1.12
2016.11.16 07:35:09.675,1.36566,1.36581,1.00,1.37
2016.11.16 07:35:09.879,1.36568,1.36582,1.00,1.12
2016.11.16 07:35:10.031,1.36569,1.36583,1.00,1.00
2016.11.16 07:35:10.285,1.36566,1.36583,1.12,1.37
2016.11.16 07:35:10.699,1.36568,1.36582,1.00,1.00
2016.11.16 07:35:11.004,1.36574,1.36592,1.00,2.62
2016.11.16 07:35:11.359,1.36575,1.3659,1.00,1.12
2016.11.16 07:35:11.461,1.36577,1.36591,1.12,1.00
2016.11.16 07:35:11.723,1.3658,1.36592,1.00,1.37
2016.11.16 07:35:11.775,1.36581,1.36598,1.12,3.37
2016.11.16 07:35:11.978,1.36582,1.36597,1.50,1.37
2016.11.16 07:35:12.182,1.36583,1.36597,1.37,1.00
2016.11.16 07:35:12.385,1.36589,1.36606,1.00,1.12
2016.11.16 07:35:12.487,1.3659,1.36607,1.37,1.75
2016.11.16 07:35:12.691,1.36588,1.36605,1.50,1.37
2016.11.16 07:35:12.820,1.36588,1.36605,1.37,1.75
2016.11.16 07:35:13.329,1.36594,1.36606,1.00,1.12
2016.11.16 07:35:13.431,1.36594,1.3661,1.00,1.12
2016.11.16 07:35:13.482,1.36594,1.36611,1.37,1.37
2016.11.16 07:35:13.870,1.36594,1.36609,1.00,1.00
2016.11.16 07:35:14.049,1.36594,1.36609,1.00,1.50
2016.11.16 07:35:14.202,1.36595,1.3661,1.12,1.12
2016.11.16 07:35:14.304,1.36594,1.36611,1.50,1.12
2016.11.16 07:35:14.711,1.36593,1.36611,1.12,2.62
2016.11.16 07:35:15.237,1.36592,1.3661,1.50,1.87
2016.11.16 07:35:15.585,1.36595,1.36613,1.00,1.87
2016.11.16 07:35:16.091,1.36592,1.36611,2.25,1.87
2016.11.16 07:35:16.496,1.36592,1.3661,1.87,1.50
2016.11.16 07:35:16.711,1.36594,1.36609,1.00,1.00
2016.11.16 07:35:17.219,1.36591,1.36608,1.75,1.12
2016.11.16 07:35:17.726,1.36594,1.36608,1.00,1.12
2016.11.16 07:35:17.920,1.36595,1.36611,1.37,1.37
2016.11.16 07:35:18.209,1.36594,1.36609,1.12,1.00
2016.11.16 07:35:19.484,1.36593,1.36609,1.50,1.00
2016.11.16 07:35:19.911,1.36598,1.36611,1.00,1.12
2016.11.16 07:35:20.166,1.366,1.36617,1.00,1.75
2016.11.16 07:35:20.704,1.366,1.36616,1.00,1.75
2016.11.16 07:35:21.211,1.36599,1.36616,1.00,1.75
2016.11.16 07:35:22.047,1.366,1.36613,1.00,1.00
2016.11.16 07:35:22.099,1.36598,1.36613,1.00,1.00
2016.11.16 07:35:22.150,1.36596,1.36613,1.87,1.50
2016.11.16 07:35:22.217,1.36596,1.36611,1.00,1.00
2016.11.16 07:35:22.622,1.36596,1.36612,1.00,1.87
2016.11.16 07:35:22.926,1.36595,1.36611,1.00,1.00
2016.11.16 07:35:23.433,1.36597,1.36613,1.00,4.12
2016.11.16 07:35:23.534,1.36596,1.36613,1.00,1.75
2016.11.16 07:35:24.429,1.36596,1.36611,1.00,1.75
2016.11.16 07:35:25.089,1.36597,1.36612,1.00,1.12
2016.11.16 07:35:25.465,1.36594,1.3661,1.00,1.75
2016.11.16 07:35:25.973,1.36595,1.36607,1.12,1.00
2016.11.16 07:35:26.024,1.36597,1.36607,1.12,1.00
2016.11.16 07:35:26.075,1.36596,1.36612,1.50,1.00
2016.11.16 07:35:26.177,1.366,1.36615,1.00,1.75
2016.11.16 07:35:26.330,1.36601,1.36616,1.00,1.37
2016.11.16 07:35:27.842,1.36601,1.36616,1.12,1.00
2016.11.16 07:35:28.045,1.36599,1.36614,1.00,1.12
2016.11.16 07:35:29.227,1.36598,1.36613,1.00,1.37
2016.11.16 07:35:29.542,1.36601,1.36617,1.75,1.12
2016.11.16 07:35:29.594,1.36602,1.36619,1.75,1.87
2016.11.16 07:35:30.303,1.36601,1.36617,1.50,1.00
2016.11.16 07:35:30.354,1.36602,1.36617,1.00,1.12
2016.11.16 07:35:30.607,1.36603,1.36617,1.50,1.00
2016.11.16 07:35:32.579,1.36602,1.36614,1.00,1.84
2016.11.16 07:35:32.753,1.36594,1.36611,1.50,2.59
2016.11.16 07:35:32.907,1.36593,1.36609,1.00,1.50
2016.11.16 07:35:33.009,1.36593,1.36607,1.00,1.12
2016.11.16 07:35:33.526,1.36592,1.36608,1.00,1.12
2016.11.16 07:35:34.032,1.36593,1.36607,1.00,1.12
2016.11.16 07:35:34.432,1.36593,1.36607,1.00,1.00
2016.11.16 07:35:34.940,1.36594,1.36607,1.00,1.00
2016.11.16 07:35:35.481,1.36593,1.36608,1.00,1.50
2016.11.16 07:35:36.400,1.36594,1.36609,1.00,1.75
2016.11.16 07:35:36.451,1.36594,1.36608,1.12,1.00
2016.11.16 07:35:36.977,1.36595,1.36608,1.00,1.00
2016.11.16 07:35:37.991,1.36596,1.36611,1.25,1.12
2016.11.16 07:35:38.042,1.36597,1.36611,1.87,1.37
2016.11.16 07:35:38.095,1.36599,1.36611,1.00,1.00
2016.11.16 07:35:38.208,1.36599,1.36616,2.44,1.12
2016.11.16 07:35:38.412,1.36601,1.36618,1.75,1.12
2016.11.16 07:35:38.817,1.366,1.36616,1.69,1.50
2016.11.16 07:35:39.071,1.36599,1.36615,1.31,1.00
2016.11.16 07:35:39.122,1.366,1.36615,1.37,1.00
2016.11.16 07:35:39.469,1.36603,1.36619,1.50,1.50
2016.11.16 07:35:40.029,1.36605,1.3662,1.00,1.12
2016.11.16 07:35:40.333,1.36607,1.3662,1.00,1.12
2016.11.16 07:35:40.384,1.36607,1.36622,1.00,1.12
2016.11.16 07:35:40.488,1.36607,1.36624,1.00,1.12
2016.11.16 07:35:40.997,1.36608,1.36623,1.00,1.50
2016.11.16 07:35:41.150,1.36609,1.36625,1.00,1.37
2016.11.16 07:35:41.707,1.36611,1.36625,1.00,1.87
2016.11.16 07:35:41.810,1.36612,1.36627,1.00,1.50
2016.11.16 07:35:41.861,1.36612,1.36628,1.00,2.62
2016.11.16 07:35:42.295,1.36612,1.36631,1.50,3.37
2016.11.16 07:35:42.607,1.36613,1.36627,1.00,1.34
2016.11.16 07:35:42.759,1.36608,1.36623,1.00,1.00
2016.11.16 07:35:42.962,1.36606,1.36625,1.00,1.87
2016.11.16 07:35:43.114,1.36606,1.36623,1.00,2.44
2016.11.16 07:35:43.624,1.36607,1.36621,1.00,1.75
2016.11.16 07:35:43.929,1.36603,1.36619,1.56,1.12
2016.11.16 07:35:44.081,1.36601,1.36617,1.19,1.00
2016.11.16 07:35:44.133,1.36601,1.36617,1.00,1.37
2016.11.16 07:35:44.185,1.36599,1.36617,1.00,1.37
2016.11.16 07:35:44.594,1.36602,1.36617,1.00,1.37
2016.11.16 07:35:44.902,1.36607,1.36619,1.00,1.00
2016.11.16 07:35:45.410,1.36608,1.36619,1.00,1.00
2016.11.16 07:35:46.101,1.36608,1.36622,1.00,1.75
2016.11.16 07:35:46.525,1.36608,1.36622,1.50,1.00
2016.11.16 07:35:46.879,1.3661,1.36622,1.00,1.00
2016.11.16 07:35:47.082,1.36614,1.36628,1.00,1.37
2016.11.16 07:35:47.336,1.36615,1.36631,1.00,1.12
2016.11.16 07:35:47.934,1.36615,1.36631,1.19,1.37
2016.11.16 07:35:47.985,1.36615,1.36631,1.19,1.12
2016.11.16 07:35:49.021,1.36617,1.36632,1.00,2.25
2016.11.16 07:35:49.550,1.36615,1.36632,1.19,2.25
2016.11.16 07:35:50.052,1.36617,1.36631,1.00,1.12
2016.11.16 07:35:50.902,1.36616,1.36631,1.25,1.12
2016.11.16 07:35:51.055,1.36618,1.36634,1.00,1.12
2016.11.16 07:35:51.388,1.36622,1.36637,1.50,1.12
2016.11.16 07:35:51.878,1.36624,1.36637,1.00,1.12
2016.11.16 07:35:52.182,1.36625,1.36637,1.00,1.00
2016.11.16 07:35:52.477,1.36623,1.36637,1.12,1.00
2016.11.16 07:35:53.062,1.36622,1.36637,1.25,1.12
2016.11.16 07:35:53.215,1.36618,1.36636,2.06,2.25
2016.11.16 07:35:53.266,1.36618,1.36633,1.25,1.09
2016.11.16 07:35:53.368,1.36616,1.36633,1.00,1.84
2016.11.16 07:35:53.470,1.36613,1.36631,1.12,1.71
2016.11.16 07:35:53.572,1.36609,1.36626,1.50,1.12
2016.11.16 07:35:53.877,1.36608,1.36619,1.00,1.00
2016.11.16 07:35:54.354,1.36605,1.36621,1.00,1.12
2016.11.16 07:35:55.226,1.36604,1.36621,1.00,1.12
2016.11.16 07:35:56.224,1.36603,1.36621,3.00,1.12
2016.11.16 07:35:56.325,1.36603,1.36618,2.25,1.12
2016.11.16 07:35:56.427,1.36599,1.36615,1.12,1.12
2016.11.16 07:35:56.600,1.36599,1.36613,1.00,1.12
2016.11.16 07:35:56.754,1.36596,1.36612,1.00,1.12
2016.11.16 07:35:57.109,1.36594,1.36612,1.12,3.00
2016.11.16 07:35:57.614,1.36593,1.36609,1.00,1.12
2016.11.16 07:35:57.817,1.36591,1.36609,1.00,1.87
2016.11.16 07:35:57.869,1.3659,1.36609,1.00,2.62
2016.11.16 07:35:57.920,1.36588,1.36609,1.87,2.62
2016.11.16 07:35:58.090,1.36591,1.36608,1.00,1.75
2016.11.16 07:35:58.395,1.36595,1.36609,1.00,1.12
2016.11.16 07:35:58.700,1.36599,1.3661,1.00,1.12
2016.11.16 07:35:58.751,1.36599,1.36615,1.00,1.12
2016.11.16 07:35:59.259,1.366,1.36615,1.00,1.12
2016.11.16 07:35:59.891,1.36601,1.36615,1.00,1.12
2016.11.16 07:36:00.195,1.36601,1.36617,1.00,1.12
2016.11.16 07:36:00.701,1.36601,1.36618,1.50,1.12
2016.11.16 07:36:00.753,1.36601,1.36615,1.00,1.12
2016.11.16 07:36:01.105,1.36603,1.36617,1.75,1.12
2016.11.16 07:36:01.258,1.36604,1.36619,1.50,1.12
2016.11.16 07:36:01.309,1.36604,1.36622,1.87,1.12
2016.11.16 07:36:01.411,1.36606,1.36617,1.00,1.00
2016.11.16 07:36:01.918,1.36605,1.36617,1.00,1.00
2016.11.16 07:36:02.223,1.3661,1.36621,1.00,1.12
2016.11.16 07:36:02.354,1.3661,1.36624,1.00,1.12
2016.11.16 07:36:02.405,1.36609,1.36626,1.50,1.12
2016.11.16 07:36:02.506,1.36608,1.36625,1.00,1.09
2016.11.16 07:36:02.608,1.36606,1.3662,1.00,1.00
2016.11.16 07:36:02.812,1.36598,1.36613,1.00,1.00
2016.11.16 07:36:03.115,1.36602,1.36613,1.00,1.00
2016.11.16 07:36:03.267,1.36607,1.36621,1.00,1.00
2016.11.16 07:36:03.318,1.36609,1.36622,1.00,1.37
2016.11.16 07:36:03.420,1.3661,1.36624,1.50,1.12
2016.11.16 07:36:03.902,1.36609,1.36628,1.50,1.87
2016.11.16 07:36:04.004,1.36609,1.36627,1.00,1.00
2016.11.16 07:36:04.361,1.36609,1.36625,1.50,1.12
2016.11.16 07:36:04.665,1.36613,1.36627,1.00,1.75
2016.11.16 07:36:04.716,1.36612,1.3663,1.12,1.12
2016.11.16 07:36:04.818,1.36614,1.36631,1.00,1.75
2016.11.16 07:36:05.334,1.36616,1.36631,1.00,1.12
2016.11.16 07:36:05.488,1.36619,1.36635,1.00,1.09
2016.11.16 07:36:08.913,1.36618,1.36636,1.87,1.75
2016.11.16 07:36:09.344,1.3662,1.36636,1.00,1.75
2016.11.16 07:36:09.874,1.3662,1.36635,1.00,1.12
2016.11.16 07:36:11.525,1.3662,1.36636,1.00,1.12
2016.11.16 07:36:12.513,1.36619,1.36636,1.50,1.12
2016.11.16 07:36:12.818,1.36614,1.36631,1.00,2.00
2016.11.16 07:36:12.920,1.36612,1.36628,1.50,1.00
2016.11.16 07:36:13.022,1.36611,1.36627,1.00,1.50
2016.11.16 07:36:13.326,1.36609,1.36625,1.50,1.12
2016.11.16 07:36:14.227,1.3661,1.36625,1.00,1.12
2016.11.16 07:36:14.379,1.3661,1.36626,1.00,1.37
2016.11.16 07:36:14.862,1.36612,1.36628,1.00,1.75
2016.11.16 07:36:16.154,1.36612,1.36626,1.00,1.00
2016.11.16 07:36:16.496,1.36614,1.3663,1.00,1.12
2016.11.16 07:36:16.700,1.36609,1.36627,1.37,2.96
2016.11.16 07:36:16.828,1.36607,1.36623,1.00,1.00
2016.11.16 07:36:16.929,1.36607,1.36623,1.00,1.75
2016.11.16 07:36:17.285,1.36609,1.36623,1.00,1.75
2016.11.16 07:36:17.336,1.36609,1.36625,1.00,1.12
2016.11.16 07:36:17.999,1.3661,1.36625,1.00,1.12
2016.11.16 07:36:18.546,1.36611,1.36625,1.00,1.12
2016.11.16 07:36:18.648,1.36613,1.36627,1.00,1.12
2016.11.16 07:36:18.801,1.36614,1.36628,1.00,1.00
2016.11.16 07:36:20.215,1.3661,1.36628,3.19,1.00
2016.11.16 07:36:20.317,1.3661,1.36627,1.37,1.87
2016.11.16 07:36:20.368,1.36609,1.36626,1.12,1.75
2016.11.16 07:36:20.419,1.36606,1.36624,1.75,2.62
2016.11.16 07:36:20.573,1.36603,1.36621,1.12,1.75
2016.11.16 07:36:20.625,1.36603,1.36618,1.12,1.12
2016.11.16 07:36:21.126,1.36603,1.36619,2.25,1.12
2016.11.16 07:36:22.503,1.36603,1.36618,2.25,1.12
2016.11.16 07:36:23.007,1.36604,1.36618,1.00,1.12
2016.11.16 07:36:23.521,1.36604,1.36619,1.00,1.12
2016.11.16 07:36:24.063,1.36603,1.36619,1.00,1.12
2016.11.16 07:36:24.570,1.36603,1.36619,1.75,1.12
2016.11.16 07:36:25.373,1.36605,1.36619,1.50,1.12
2016.11.16 07:36:25.475,1.36606,1.36622,1.75,1.12
2016.11.16 07:36:25.830,1.36606,1.36624,1.75,1.12
2016.11.16 07:36:26.337,1.36606,1.36624,1.37,1.12
2016.11.16 07:36:26.671,1.36608,1.36621,1.50,1.00
2016.11.16 07:36:26.824,1.36608,1.36623,1.75,1.00
2016.11.16 07:36:27.130,1.3661,1.36628,1.12,1.12
2016.11.16 07:36:27.488,1.36606,1.36625,1.37,1.00
2016.11.16 07:36:27.588,1.36604,1.36622,1.37,1.69
2016.11.16 07:36:27.791,1.36597,1.36616,2.25,1.00
2016.11.16 07:36:27.915,1.36597,1.36616,1.87,1.87
2016.11.16 07:36:28.423,1.36597,1.36614,1.50,1.50
2016.11.16 07:36:28.927,1.36598,1.36614,1.00,1.50
2016.11.16 07:36:29.182,1.36596,1.36614,1.00,2.25
2016.11.16 07:36:29.714,1.36597,1.36615,1.50,1.75
2016.11.16 07:36:29.868,1.36597,1.36616,1.87,1.12
2016.11.16 07:36:30.123,1.36598,1.36616,1.00,1.87
2016.11.16 07:36:30.630,1.36598,1.36617,2.25,1.12
2016.11.16 07:36:30.681,1.36599,1.36618,1.00,1.75
2016.11.16 07:36:31.111,1.36598,1.36617,1.12,1.12
2016.11.16 07:36:31.162,1.36597,1.36616,1.75,1.87
2016.11.16 07:36:31.264,1.36596,1.36614,1.75,1.12
2016.11.16 07:36:31.316,1.36596,1.36613,1.00,1.37
2016.11.16 07:36:31.773,1.36598,1.36615,1.00,2.25
2016.11.16 07:36:32.901,1.36595,1.36612,1.50,1.14
2016.11.16 07:36:32.958,1.36592,1.36605,2.25,1.87
2016.11.16 07:36:33.010,1.36588,1.36602,3.00,1.00
2016.11.16 07:36:33.112,1.36587,1.36602,1.37,1.75
2016.11.16 07:36:33.215,1.36581,1.36598,1.50,1.00
2016.11.16 07:36:33.267,1.36581,1.36596,1.12,1.50
2016.11.16 07:36:33.622,1.36582,1.36596,1.00,1.87
2016.11.16 07:36:33.674,1.36579,1.36595,1.00,1.12
2016.11.16 07:36:34.276,1.36579,1.36595,1.00,1.75
2016.11.16 07:36:34.329,1.36577,1.36595,1.50,1.75
2016.11.16 07:36:34.532,1.36578,1.36593,1.00,1.75
2016.11.16 07:36:34.836,1.36579,1.36595,1.12,1.12
2016.11.16 07:36:35.292,1.36579,1.36597,1.50,1.75
2016.11.16 07:36:35.546,1.36578,1.36597,1.50,3.34
2016.11.16 07:36:36.056,1.36577,1.36595,1.12,1.12
2016.11.16 07:36:36.158,1.36579,1.36595,1.00,1.12
2016.11.16 07:36:36.676,1.36579,1.36596,1.37,1.12
2016.11.16 07:36:38.867,1.36583,1.36596,1.00,1.12
2016.11.16 07:36:38.919,1.36584,1.36598,1.00,1.12
2016.11.16 07:36:38.970,1.36586,1.36598,1.00,1.12
2016.11.16 07:36:39.021,1.36586,1.36601,1.37,1.00
2016.11.16 07:36:39.522,1.36587,1.36602,1.12,1.00
2016.11.16 07:36:40.112,1.36587,1.36602,1.50,1.00
2016.11.16 07:36:40.990,1.36586,1.36602,1.00,1.50
2016.11.16 07:36:41.092,1.36582,1.366,1.50,1.50
2016.11.16 07:36:41.417,1.36582,1.366,2.25,1.12
2016.11.16 07:36:41.721,1.36586,1.36604,2.25,1.12
2016.11.16 07:36:42.126,1.36586,1.36605,2.25,1.75
2016.11.16 07:36:42.677,1.36587,1.36606,1.50,1.87
2016.11.16 07:36:42.808,1.36587,1.36606,4.12,1.12
2016.11.16 07:36:43.012,1.36588,1.36607,1.50,1.87
2016.11.16 07:36:43.316,1.36588,1.36604,1.50,1.12
2016.11.16 07:36:43.848,1.36588,1.36605,1.00,1.75
2016.11.16 07:36:44.876,1.36589,1.36606,1.00,1.12
2016.11.16 07:36:44.927,1.36587,1.36606,1.00,1.87
2016.11.16 07:36:44.978,1.36587,1.36606,1.37,1.87
2016.11.16 07:36:45.232,1.36581,1.36599,1.12,1.00
2016.11.16 07:36:45.283,1.36579,1.36598,1.37,1.12
2016.11.16 07:36:45.334,1.36579,1.36598,1.12,1.46
2016.11.16 07:36:45.385,1.3658,1.36593,1.00,1.00
2016.11.16 07:36:45.891,1.36578,1.36595,1.87,1.12
2016.11.16 07:36:46.810,1.36578,1.36595,1.12,1.12
2016.11.16 07:36:47.114,1.36583,1.36598,1.75,1.12
2016.11.16 07:36:47.165,1.36583,1.36598,2.25,1.00
2016.11.16 07:36:47.369,1.36586,1.366,1.00,1.00
2016.11.16 07:36:47.420,1.36585,1.366,1.75,1.00
2016.11.16 07:36:48.054,1.36584,1.36598,1.75,1.00
2016.11.16 07:36:48.813,1.36582,1.36596,2.62,1.00
2016.11.16 07:36:49.024,1.36576,1.36594,4.31,1.87
2016.11.16 07:36:49.318,1.36574,1.36589,2.96,1.37
2016.11.16 07:36:49.427,1.36572,1.3659,1.12,1.87
2016.11.16 07:36:49.529,1.3657,1.3659,1.37,1.50
2016.11.16 07:36:49.681,1.36569,1.36587,1.37,1.12
2016.11.16 07:36:50.022,1.36568,1.36586,1.12,1.87
2016.11.16 07:36:50.378,1.36568,1.36587,1.75,1.12
2016.11.16 07:36:50.826,1.36569,1.36587,1.75,1.12
2016.11.16 07:36:51.448,1.36565,1.36586,3.75,1.50
2016.11.16 07:36:51.550,1.36565,1.36584,1.50,1.12
2016.11.16 07:36:51.651,1.36565,1.36581,1.50,1.00
2016.11.16 07:36:52.571,1.36566,1.36585,1.50,2.59
2016.11.16 07:36:53.613,1.36564,1.36582,1.75,1.87
2016.11.16 07:36:53.817,1.36567,1.36584,1.12,1.50
2016.11.16 07:36:53.969,1.36572,1.36589,1.12,1.00
2016.11.16 07:36:54.071,1.36577,1.36593,1.00,1.12
2016.11.16 07:36:54.173,1.36577,1.36594,1.00,1.12
2016.11.16 07:36:54.427,1.36578,1.36594,1.00,1.37
2016.11.16 07:36:54.479,1.36578,1.36595,1.37,1.12
2016.11.16 07:36:54.531,1.36578,1.36597,1.37,1.50
2016.11.16 07:36:54.768,1.36578,1.36595,1.50,1.12
2016.11.16 07:36:54.820,1.36576,1.36596,3.37,2.25
2016.11.16 07:36:54.872,1.36577,1.36595,1.00,1.12
2016.11.16 07:36:54.924,1.36577,1.36593,1.00,1.00
2016.11.16 07:36:55.230,1.36574,1.3659,1.12,1.00
2016.11.16 07:36:56.172,1.36572,1.36591,2.62,1.12
2016.11.16 07:36:56.426,1.36573,1.36591,1.50,1.00
2016.11.16 07:36:57.521,1.36572,1.3659,2.25,1.37
2016.11.16 07:36:57.825,1.36568,1.36587,1.37,1.12
2016.11.16 07:36:57.876,1.36568,1.36586,1.00,1.37
2016.11.16 07:36:58.160,1.3657,1.36586,1.00,1.37
2016.11.16 07:36:58.263,1.36572,1.36587,1.12,1.00
2016.11.16 07:36:58.366,1.36572,1.3659,1.75,1.00
2016.11.16 07:36:58.671,1.36578,1.36595,2.25,1.37
2016.11.16 07:36:58.772,1.36581,1.36598,1.00,1.12
2016.11.16 07:36:59.033,1.36579,1.36596,1.50,1.00
2016.11.16 07:36:59.335,1.36592,1.36604,1.00,1.50
2016.11.16 07:36:59.386,1.36592,1.36608,1.00,2.25
2016.11.16 07:36:59.488,1.36592,1.36608,1.00,1.12
2016.11.16 07:36:59.792,1.36592,1.3661,1.12,1.12
2016.11.16 07:37:00.198,1.36594,1.36612,1.12,1.00
2016.11.16 07:37:00.502,1.36597,1.36615,3.00,1.00
2016.11.16 07:37:00.553,1.36599,1.36617,2.25,1.00
2016.11.16 07:37:00.655,1.366,1.36618,1.50,1.00
2016.11.16 07:37:01.082,1.366,1.36618,1.00,1.50
2016.11.16 07:37:01.439,1.36602,1.36618,1.00,1.00
2016.11.16 07:37:01.490,1.36602,1.3662,1.37,1.00
2016.11.16 07:37:01.592,1.36602,1.36621,1.87,2.25
2016.11.16 07:37:01.897,1.36601,1.36619,3.37,1.50
2016.11.16 07:37:01.999,1.36602,1.36619,1.12,1.87
2016.11.16 07:37:02.522,1.36603,1.36619,1.00,1.00
2016.11.16 07:37:02.876,1.36603,1.36619,1.75,1.00
2016.11.16 07:37:03.313,1.36603,1.3662,1.87,1.37
2016.11.16 07:37:03.364,1.36603,1.36617,1.00,1.00
2016.11.16 07:37:03.415,1.36602,1.36622,2.25,2.62
2016.11.16 07:37:03.466,1.36605,1.36623,1.00,1.87
2016.11.16 07:37:03.618,1.36602,1.36619,1.50,1.00
2016.11.16 07:37:03.923,1.36597,1.36614,1.37,1.25
2016.11.16 07:37:03.974,1.36594,1.36611,2.62,1.25
2016.11.16 07:37:04.025,1.36594,1.36611,2.62,1.84
2016.11.16 07:37:04.076,1.36592,1.36611,1.50,3.71
2016.11.16 07:37:04.177,1.36589,1.36605,1.37,1.00
2016.11.16 07:37:04.279,1.36586,1.36603,1.12,1.00
2016.11.16 07:37:04.381,1.36584,1.36602,1.50,1.00
2016.11.16 07:37:04.584,1.36583,1.36602,1.12,2.25
2016.11.16 07:37:04.787,1.36583,1.36602,1.00,1.50
2016.11.16 07:37:05.271,1.3658,1.36597,1.50,1.00
2016.11.16 07:37:05.374,1.36578,1.36597,1.50,1.87
2016.11.16 07:37:06.511,1.36579,1.36597,1.00,1.12
2016.11.16 07:37:07.110,1.36579,1.36597,1.37,1.00
2016.11.16 07:37:07.534,1.3658,1.36599,2.25,1.00
2016.11.16 07:37:07.636,1.36581,1.36599,1.37,1.00
2016.11.16 07:37:07.941,1.36584,1.36599,1.00,1.00
2016.11.16 07:37:08.245,1.36584,1.36601,1.00,2.25
2016.11.16 07:37:08.821,1.36584,1.366,1.00,1.00
2016.11.16 07:37:09.228,1.36585,1.36603,1.37,1.84
2016.11.16 07:37:09.771,1.36585,1.36604,1.87,2.62
2016.11.16 07:37:10.911,1.36586,1.36604,1.75,1.12
2016.11.16 07:37:11.418,1.36586,1.36605,1.37,2.62
2016.11.16 07:37:12.115,1.36588,1.36605,1.50,1.87
2016.11.16 07:37:12.267,1.36591,1.3661,2.44,2.25
2016.11.16 07:37:12.805,1.36592,1.3661,1.31,1.12
2016.11.16 07:37:12.857,1.36592,1.3661,1.31,1.12
2016.11.16 07:37:12.909,1.36592,1.3661,1.69,1.12
2016.11.16 07:37:13.113,1.36591,1.3661,1.69,1.75
2016.11.16 07:37:13.642,1.36591,1.3661,1.69,1.12
2016.11.16 07:37:14.199,1.36591,1.36607,1.00,1.00
2016.11.16 07:37:14.668,1.36589,1.36607,2.25,1.09
2016.11.16 07:37:14.770,1.36589,1.36607,1.12,1.84
2016.11.16 07:37:15.174,1.36589,1.36607,2.44,1.46
2016.11.16 07:37:16.087,1.36589,1.36607,1.12,1.09
2016.11.16 07:37:16.441,1.36585,1.36605,1.37,4.09
2016.11.16 07:37:16.492,1.36585,1.36603,1.00,1.50
2016.11.16 07:37:16.645,1.36584,1.36601,1.00,1.50
2016.11.16 07:37:16.976,1.36586,1.36606,1.87,3.37
2016.11.16 07:37:17.029,1.36589,1.36608,1.00,1.46
2016.11.16 07:37:17.099,1.36591,1.36608,1.00,1.09
2016.11.16 07:37:17.403,1.36596,1.36611,1.00,1.37
2016.11.16 07:37:17.505,1.36595,1.36613,2.25,1.50
2016.11.16 07:37:17.607,1.366,1.36616,1.00,2.25
2016.11.16 07:37:17.761,1.36599,1.36616,1.12,1.00
2016.11.16 07:37:17.862,1.36596,1.36614,3.00,1.00
2016.11.16 07:37:17.913,1.36595,1.36614,1.50,1.00
2016.11.16 07:37:18.116,1.36593,1.36613,3.75,1.34
2016.11.16 07:37:18.455,1.36592,1.36609,1.75,1.00
2016.11.16 07:37:18.760,1.36581,1.366,2.25,1.87
2016.11.16 07:37:18.975,1.36584,1.36599,1.50,1.00
2016.11.16 07:37:19.128,1.36587,1.36599,1.00,1.00
2016.11.16 07:37:19.333,1.3658,1.36598,3.37,1.00
2016.11.16 07:37:19.435,1.3658,1.36597,1.37,1.00
2016.11.16 07:37:19.587,1.36579,1.36597,1.12,1.12
2016.11.16 07:37:19.740,1.36577,1.36595,2.62,1.00
2016.11.16 07:37:20.270,1.36577,1.36594,1.50,1.00
2016.11.16 07:37:20.778,1.36575,1.36593,1.75,1.00
2016.11.16 07:37:21.031,1.3657,1.36589,1.87,1.12
2016.11.16 07:37:21.777,1.36573,1.36589,1.00,1.12
2016.11.16 07:37:22.375,1.3657,1.36589,1.12,1.12
2016.11.16 07:37:22.895,1.36569,1.36589,2.25,1.00
2016.11.16 07:37:23.252,1.36573,1.36589,1.00,1.25
2016.11.16 07:37:23.559,1.36573,1.36587,1.00,1.00
2016.11.16 07:37:23.980,1.36568,1.36587,1.87,1.00
2016.11.16 07:37:24.133,1.36568,1.36587,1.50,1.12
2016.11.16 07:37:24.677,1.36569,1.36587,1.00,1.12
2016.11.16 07:37:25.172,1.36573,1.3659,1.12,1.12
2016.11.16 07:37:25.224,1.36572,1.36591,3.00,1.00
2016.11.16 07:37:25.275,1.36577,1.36592,1.00,1.50
2016.11.16 07:37:25.427,1.36577,1.36594,1.00,2.25
2016.11.16 07:37:26.087,1.36578,1.36594,1.89,1.00
2016.11.16 07:37:26.341,1.36586,1.36601,1.00,1.12
2016.11.16 07:37:26.704,1.36584,1.36601,1.50,1.09
2016.11.16 07:37:27.232,1.36586,1.36601,1.50,1.12
2016.11.16 07:37:27.384,1.36586,1.36601,1.12,1.12
2016.11.16 07:37:27.565,1.36588,1.36601,1.00,1.12
2016.11.16 07:37:27.768,1.36584,1.36601,1.00,1.12
2016.11.16 07:37:27.869,1.36583,1.36599,3.75,1.12
2016.11.16 07:37:28.174,1.36593,1.36597,1.00,1.00
2016.11.16 07:37:28.291,1.36591,1.36605,1.37,1.00
2016.11.16 07:37:28.394,1.36591,1.36608,1.12,1.50
2016.11.16 07:37:28.445,1.36591,1.36605,1.37,1.00
2016.11.16 07:37:28.546,1.36587,1.36604,1.37,1.12
2016.11.16 07:37:28.597,1.36586,1.36605,2.25,2.62
2016.11.16 07:37:28.648,1.36586,1.36602,1.37,1.12
2016.11.16 07:37:28.750,1.36588,1.36604,1.00,1.12
2016.11.16 07:37:28.852,1.36588,1.36604,1.75,1.12
2016.11.16 07:37:28.953,1.36589,1.36606,1.50,1.00
2016.11.16 07:37:29.105,1.36596,1.36606,1.00,1.00
2016.11.16 07:37:29.309,1.36604,1.36616,1.00,1.00
2016.11.16 07:37:29.360,1.36604,1.36616,1.75,1.00
2016.11.16 07:37:29.463,1.36603,1.3662,1.50,1.12
2016.11.16 07:37:29.515,1.36605,1.3662,1.00,1.12
2016.11.16 07:37:29.731,1.36609,1.36626,2.44,1.12
2016.11.16 07:37:29.834,1.36613,1.36628,1.37,1.12
2016.11.16 07:37:29.936,1.36617,1.36629,1.12,1.00
2016.11.16 07:37:30.038,1.3662,1.36635,1.37,1.75
2016.11.16 07:37:30.089,1.3662,1.36638,1.50,1.12
2016.11.16 07:37:30.191,1.36624,1.36639,1.00,1.12
2016.11.16 07:37:30.293,1.36626,1.36642,1.75,1.00
2016.11.16 07:37:30.344,1.36628,1.36642,1.37,1.00
2016.11.16 07:37:30.395,1.36628,1.36647,1.75,1.12
2016.11.16 07:37:30.547,1.36632,1.36647,2.25,1.12
2016.11.16 07:37:30.598,1.36634,1.36646,1.00,1.00
2016.11.16 07:37:31.124,1.36634,1.3665,1.00,1.12
2016.11.16 07:37:31.277,1.36635,1.3665,1.87,1.12
2016.11.16 07:37:31.807,1.36635,1.36651,1.87,1.12
2016.11.16 07:37:31.858,1.36634,1.36651,1.37,1.12
2016.11.16 07:37:31.909,1.36632,1.36651,2.62,1.12
2016.11.16 07:37:32.215,1.36629,1.36646,1.75,1.00
2016.11.16 07:37:32.368,1.36625,1.36643,2.08,1.12
2016.11.16 07:37:32.474,1.36624,1.36644,1.50,1.37
2016.11.16 07:37:32.593,1.36628,1.36645,1.00,1.75
2016.11.16 07:37:32.797,1.36631,1.36649,1.00,1.84
2016.11.16 07:37:33.303,1.3663,1.36648,1.00,1.37
2016.11.16 07:37:33.825,1.36629,1.36648,1.00,1.87
2016.11.16 07:37:33.927,1.36626,1.36645,1.87,1.00
2016.11.16 07:37:34.028,1.36625,1.36644,1.12,1.37
2016.11.16 07:37:34.544,1.36625,1.36644,1.00,1.87
2016.11.16 07:37:35.052,1.36623,1.36642,1.12,1.00
2016.11.16 07:37:35.153,1.3662,1.36639,1.50,1.37
2016.11.16 07:37:35.207,1.3662,1.36638,1.87,1.00
2016.11.16 07:37:35.311,1.3662,1.3664,1.00,1.50
2016.11.16 07:37:35.363,1.36622,1.36641,1.12,1.87
2016.11.16 07:37:35.894,1.36623,1.36641,1.00,1.37
2016.11.16 07:37:36.299,1.36625,1.3664,1.00,1.00
2016.11.16 07:37:36.604,1.36635,1.36648,1.00,1.12
2016.11.16 07:37:36.655,1.36637,1.36654,1.00,1.00
2016.11.16 07:37:36.706,1.36636,1.36655,1.37,1.37
2016.11.16 07:37:36.808,1.36636,1.36656,1.87,1.50
2016.11.16 07:37:37.164,1.36637,1.36657,2.25,1.87
2016.11.16 07:37:37.849,1.36636,1.36653,3.37,1.00
2016.11.16 07:37:37.900,1.36635,1.36653,1.75,1.00
2016.11.16 07:37:37.951,1.36635,1.36653,1.37,1.50
2016.11.16 07:37:38.457,1.36634,1.36651,1.37,1.00
2016.11.16 07:37:38.765,1.36633,1.36651,1.87,1.00
2016.11.16 07:37:38.816,1.36633,1.36649,1.00,1.00
2016.11.16 07:37:39.140,1.36632,1.36649,2.25,1.12
2016.11.16 07:37:39.293,1.36632,1.36651,4.12,1.87
2016.11.16 07:37:40.272,1.36637,1.36651,1.00,1.12
2016.11.16 07:37:40.323,1.36639,1.36651,1.00,1.12
2016.11.16 07:37:40.425,1.36645,1.36657,1.37,1.00
2016.11.16 07:37:40.551,1.36653,1.3666,1.00,1.00
2016.11.16 07:37:40.603,1.36653,1.36662,1.00,1.00
2016.11.16 07:37:40.705,1.36653,1.36665,1.37,1.37
2016.11.16 07:37:40.756,1.36655,1.36667,1.00,1.12
2016.11.16 07:37:40.959,1.36654,1.36671,1.37,1.87
2016.11.16 07:37:41.518,1.36655,1.36669,1.75,1.00
2016.11.16 07:37:42.054,1.36655,1.36669,1.75,1.00
2016.11.16 07:37:42.257,1.36656,1.36674,1.37,1.00
2016.11.16 07:37:42.359,1.36661,1.36677,1.00,1.37
2016.11.16 07:37:42.410,1.36661,1.36678,1.00,1.12
2016.11.16 07:37:42.462,1.36661,1.36679,1.75,1.50
2016.11.16 07:37:42.513,1.36661,1.36679,1.75,1.00
2016.11.16 07:37:42.879,1.36659,1.36679,2.25,1.00
2016.11.16 07:37:43.031,1.36659,1.36676,1.00,1.00
2016.11.16 07:37:43.403,1.36652,1.36671,2.62,1.84
2016.11.16 07:37:43.506,1.36652,1.36671,1.75,1.84
2016.11.16 07:37:44.172,1.36655,1.36672,1.00,1.12
2016.11.16 07:37:44.224,1.36657,1.36672,1.00,1.12
2016.11.16 07:37:44.353,1.36659,1.36678,1.00,1.87
2016.11.16 07:37:44.404,1.36658,1.36678,1.75,1.12
2016.11.16 07:37:44.608,1.36657,1.36677,1.87,1.00
2016.11.16 07:37:45.037,1.36654,1.36675,1.87,1.34
2016.11.16 07:37:45.192,1.36655,1.36671,1.00,1.00
2016.11.16 07:37:45.293,1.3665,1.36669,1.12,1.12
2016.11.16 07:37:45.859,1.36649,1.36668,1.50,1.31
2016.11.16 07:37:45.961,1.36654,1.36671,1.00,1.75
2016.11.16 07:37:46.114,1.36658,1.36677,1.12,2.62
2016.11.16 07:37:46.215,1.36659,1.36676,1.00,1.00
2016.11.16 07:37:46.317,1.36659,1.36679,1.87,1.12
2016.11.16 07:37:46.520,1.36663,1.36681,1.00,1.87
2016.11.16 07:37:46.571,1.36663,1.36683,1.75,1.50
2016.11.16 07:37:46.796,1.36667,1.36684,1.00,1.00
2016.11.16 07:37:47.000,1.36664,1.36683,1.12,1.00
2016.11.16 07:37:47.521,1.36663,1.36683,1.00,1.00
2016.11.16 07:37:47.975,1.36662,1.3668,1.50,1.12
2016.11.16 07:37:48.996,1.36661,1.36679,1.00,1.37
2016.11.16 07:37:49.250,1.36659,1.36679,1.12,1.12
2016.11.16 07:37:49.758,1.3666,1.36679,1.00,1.00
2016.11.16 07:37:50.063,1.3666,1.36678,1.00,1.50
2016.11.16 07:37:50.448,1.36662,1.3668,1.00,1.75
2016.11.16 07:37:50.753,1.36658,1.36678,1.50,1.12
2016.11.16 07:37:51.059,1.3666,1.36677,1.75,1.12
2016.11.16 07:37:51.211,1.3666,1.36677,1.75,1.12
2016.11.16 07:37:51.744,1.3666,1.36677,2.25,1.12
2016.11.16 07:37:51.998,1.3666,1.36677,4.12,1.12
2016.11.16 07:37:52.050,1.36664,1.36676,1.37,1.00
2016.11.16 07:37:52.304,1.36664,1.36679,1.75,1.12
2016.11.16 07:37:52.405,1.36662,1.36679,3.37,1.50
2016.11.16 07:37:52.507,1.36657,1.36677,3.00,1.87
2016.11.16 07:37:52.609,1.36655,1.36674,1.87,1.12
2016.11.16 07:37:52.711,1.36655,1.36672,1.37,1.12
2016.11.16 07:37:53.014,1.36654,1.3667,1.00,1.12
2016.11.16 07:37:53.337,1.36653,1.3667,2.25,1.12
2016.11.16 07:37:54.124,1.36653,1.3667,1.12,1.12
2016.11.16 07:37:55.381,1.3665,1.36669,1.75,2.06
2016.11.16 07:37:55.505,1.36647,1.36665,1.50,1.19
2016.11.16 07:37:55.607,1.36645,1.36663,1.75,1.31
2016.11.16 07:37:55.709,1.36645,1.36661,1.50,1.00
2016.11.16 07:37:58.300,1.36645,1.36661,1.50,1.00
2016.11.16 07:38:00.342,1.36647,1.36664,1.00,1.77
2016.11.16 07:38:00.464,1.36647,1.36664,1.00,1.00
2016.11.16 07:38:00.515,1.36649,1.36667,1.12,1.12
2016.11.16 07:38:00.823,1.36651,1.36668,1.37,1.12
2016.11.16 07:38:00.874,1.36651,1.3667,1.37,2.26
2016.11.16 07:38:01.393,1.36651,1.3667,1.50,1.89
2016.11.16 07:38:01.536,1.36651,1.36669,1.12,1.14
2016.11.16 07:38:01.588,1.36649,1.36669,1.00,1.48
2016.11.16 07:38:01.992,1.36649,1.36669,1.87,1.48
2016.11.16 07:38:02.636,1.3665,1.36669,1.75,1.10
2016.11.16 07:38:04.316,1.36651,1.3667,1.87,1.12
2016.11.16 07:38:04.418,1.36651,1.36667,1.75,1.00
2016.11.16 07:38:04.722,1.36647,1.36666,2.62,1.12
2016.11.16 07:38:04.773,1.36646,1.36666,2.25,1.12
2016.11.16 07:38:04.825,1.36646,1.36666,2.25,1.12
2016.11.16 07:38:04.926,1.36646,1.36666,2.25,1.14
2016.11.16 07:38:05.237,1.36648,1.36666,2.25,1.75
2016.11.16 07:38:05.340,1.36645,1.36664,1.12,1.39
2016.11.16 07:38:05.391,1.36644,1.36664,3.37,1.89
2016.11.16 07:38:05.443,1.36643,1.36664,3.00,2.26
2016.11.16 07:38:05.851,1.36642,1.36662,2.25,1.89
2016.11.16 07:38:05.902,1.36642,1.3666,2.25,1.75
2016.11.16 07:38:06.308,1.36641,1.36658,1.75,1.39
2016.11.16 07:38:06.826,1.36644,1.36659,1.50,1.12
2016.11.16 07:38:07.181,1.36644,1.36659,1.75,1.12
2016.11.16 07:38:07.283,1.36644,1.36658,3.37,1.00
2016.11.16 07:38:07.822,1.36642,1.36659,4.12,1.37
2016.11.16 07:38:07.924,1.36641,1.36659,2.25,1.87
2016.11.16 07:38:08.026,1.36642,1.36657,1.75,1.37
2016.11.16 07:38:08.356,1.36639,1.36655,4.12,1.46
2016.11.16 07:38:08.457,1.36637,1.36652,4.12,1.50
2016.11.16 07:38:08.560,1.36636,1.3665,1.75,1.12
2016.11.16 07:38:08.611,1.36635,1.3665,4.12,1.50
2016.11.16 07:38:08.763,1.36637,1.36649,1.50,1.00
2016.11.16 07:38:08.815,1.36641,1.36653,1.00,1.12
2016.11.16 07:38:08.866,1.36641,1.36653,1.37,1.00
2016.11.16 07:38:08.968,1.36644,1.36656,1.50,1.12
2016.11.16 07:38:09.647,1.36644,1.36657,1.00,1.87
2016.11.16 07:38:10.572,1.36644,1.36655,1.00,1.37
2016.11.16 07:38:10.623,1.36638,1.36655,4.12,1.12
2016.11.16 07:38:10.674,1.36638,1.36653,4.12,1.12
2016.11.16 07:38:10.827,1.36637,1.36652,3.00,1.12
2016.11.16 07:38:11.757,1.36635,1.36652,2.25,1.87
2016.11.16 07:38:11.808,1.36635,1.36651,2.25,1.12
2016.11.16 07:38:12.325,1.36637,1.36649,1.00,1.12
2016.11.16 07:38:12.637,1.36641,1.36651,1.00,1.12
2016.11.16 07:38:12.739,1.36639,1.36655,3.37,1.12
2016.11.16 07:38:13.270,1.36638,1.36655,3.00,1.12
2016.11.16 07:38:13.859,1.36638,1.36655,3.75,1.12
2016.11.16 07:38:14.113,1.36641,1.36655,1.50,1.12
2016.11.16 07:38:14.417,1.36644,1.36655,1.50,1.12
2016.11.16 07:38:15.508,1.36646,1.36653,1.00,1.00
2016.11.16 07:38:15.711,1.36646,1.36658,1.00,1.09
2016.11.16 07:38:17.704,1.36641,1.36658,3.37,2.21
2016.11.16 07:38:17.755,1.36641,1.36658,1.75,2.21
2016.11.16 07:38:17.907,1.36646,1.36657,1.00,1.12
2016.11.16 07:38:18.009,1.36643,1.36658,2.25,1.09
2016.11.16 07:38:18.521,1.36645,1.3666,1.12,1.87
2016.11.16 07:38:18.573,1.36645,1.3666,1.37,1.12
2016.11.16 07:38:18.826,1.36645,1.3666,1.75,1.50
2016.11.16 07:38:20.083,1.36645,1.3666,1.75,2.08
2016.11.16 07:38:20.298,1.36645,1.3666,1.75,2.08
2016.11.16 07:38:20.801,1.36645,1.36657,1.75,1.69
2016.11.16 07:38:22.109,1.36644,1.36657,1.75,1.69
2016.11.16 07:38:22.412,1.36646,1.36659,1.00,2.06
2016.11.16 07:38:22.717,1.36646,1.36657,1.00,1.69
2016.11.16 07:38:24.177,1.36645,1.36657,1.00,2.06
2016.11.16 07:38:24.431,1.36645,1.36657,1.00,1.19
2016.11.16 07:38:24.482,1.3664,1.36657,2.62,1.25
2016.11.16 07:38:24.655,1.36643,1.36657,1.37,1.19
2016.11.16 07:38:24.961,1.36644,1.36657,1.00,1.31
2016.11.16 07:38:25.487,1.36641,1.36657,1.75,1.25
2016.11.16 07:38:26.125,1.36641,1.36657,1.75,1.31
2016.11.16 07:38:27.128,1.36644,1.36657,1.00,2.06
2016.11.16 07:38:27.304,1.36644,1.36657,1.00,1.00
2016.11.16 07:38:27.456,1.36645,1.3666,3.75,1.12
2016.11.16 07:38:27.710,1.36647,1.3666,1.75,1.00
2016.11.16 07:38:28.290,1.36645,1.3666,1.75,1.00
2016.11.16 07:38:28.705,1.36643,1.36659,1.75,1.00
2016.11.16 07:38:28.806,1.36642,1.36659,1.75,1.00
2016.11.16 07:38:28.958,1.36643,1.36659,2.25,1.00
2016.11.16 07:38:29.465,1.36644,1.36661,1.75,1.19
2016.11.16 07:38:29.980,1.36644,1.36661,1.75,1.25
2016.11.16 07:38:31.190,1.36647,1.36662,2.25,1.00
2016.11.16 07:38:31.725,1.36649,1.36666,1.00,1.12
2016.11.16 07:38:32.106,1.3665,1.36666,1.75,1.00
2016.11.16 07:38:33.970,1.3665,1.36667,1.75,1.12
2016.11.16 07:38:34.755,1.36653,1.36671,2.25,1.12
2016.11.16 07:38:35.094,1.36657,1.36673,1.00,2.25
2016.11.16 07:38:35.449,1.36657,1.36669,1.00,1.00
2016.11.16 07:38:35.602,1.36649,1.36668,1.37,1.31
2016.11.16 07:38:36.486,1.36652,1.36669,1.87,1.50
2016.11.16 07:38:36.792,1.36653,1.3667,1.75,2.44
2016.11.16 07:38:36.895,1.36651,1.3667,3.75,2.25
2016.11.16 07:38:36.996,1.36649,1.3667,2.25,2.44
2016.11.16 07:38:37.098,1.36648,1.36667,3.00,1.37
2016.11.16 07:38:37.642,1.36648,1.36659,1.50,1.00
2016.11.16 07:38:38.171,1.36648,1.36658,1.50,1.00
2016.11.16 07:38:38.872,1.36648,1.36657,1.50,1.00
2016.11.16 07:38:39.175,1.36646,1.36655,3.37,1.00
2016.11.16 07:38:39.227,1.36648,1.36655,1.00,1.00
2016.11.16 07:38:39.298,1.36644,1.36653,1.75,1.00
2016.11.16 07:38:39.400,1.36644,1.36652,1.00,1.00
2016.11.16 07:38:39.920,1.36644,1.36651,1.00,1.00
2016.11.16 07:38:40.509,1.36644,1.3665,1.00,1.00
2016.11.16 07:38:41.660,1.36644,1.36648,1.00,1.00
2016.11.16 07:38:41.812,1.36639,1.36648,1.00,1.00
2016.11.16 07:38:42.322,1.36638,1.36647,1.50,1.00
2016.11.16 07:38:42.373,1.36638,1.36645,1.50,1.00
2016.11.16 07:38:42.678,1.36627,1.36636,1.87,1.00
2016.11.16 07:38:42.729,1.36628,1.36636,1.00,1.00
2016.11.16 07:38:42.881,1.36624,1.36634,1.37,1.00
2016.11.16 07:38:42.932,1.36623,1.36633,1.87,1.00
2016.11.16 07:38:43.021,1.36623,1.36632,1.37,1.19
2016.11.16 07:38:43.326,1.36617,1.36625,1.75,1.00
2016.11.16 07:38:43.832,1.36618,1.36626,1.50,1.00
2016.11.16 07:38:44.786,1.36617,1.36624,1.37,1.00
2016.11.16 07:38:45.300,1.36617,1.36624,1.37,1.00
2016.11.16 07:38:45.503,1.36618,1.36627,2.25,1.00
2016.11.16 07:38:45.554,1.36623,1.36631,1.00,1.00
2016.11.16 07:38:45.656,1.36624,1.36636,1.12,1.37
2016.11.16 07:38:45.707,1.36624,1.36635,1.87,1.37
2016.11.16 07:38:45.758,1.36629,1.36636,1.00,1.00
2016.11.16 07:38:45.808,1.36629,1.36637,1.75,1.00
2016.11.16 07:38:45.860,1.3663,1.36639,1.75,1.00
2016.11.16 07:38:46.375,1.3663,1.36639,1.87,1.00
2016.11.16 07:38:46.635,1.3663,1.36642,1.87,1.00
2016.11.16 07:38:47.172,1.36631,1.36643,1.12,1.00
2016.11.16 07:38:47.686,1.36633,1.36642,1.00,1.00
2016.11.16 07:38:47.737,1.36632,1.36642,1.75,1.00
2016.11.16 07:38:48.909,1.36632,1.36642,1.37,1.00
2016.11.16 07:38:48.961,1.36628,1.3664,4.50,1.00
2016.11.16 07:38:49.013,1.36628,1.3664,1.87,1.00
2016.11.16 07:38:49.165,1.36628,1.36638,1.75,1.00
2016.11.16 07:38:49.469,1.36632,1.36641,1.00,1.00
2016.11.16 07:38:50.680,1.36632,1.36643,1.00,1.00
2016.11.16 07:38:50.832,1.36633,1.36644,1.37,1.00
2016.11.16 07:38:50.883,1.36636,1.36646,1.00,1.00
2016.11.16 07:38:50.934,1.36636,1.36647,1.37,1.00
2016.11.16 07:38:51.238,1.36639,1.36648,1.75,1.00
2016.11.16 07:38:51.765,1.36639,1.3665,1.75,1.00
2016.11.16 07:38:53.263,1.36639,1.36649,1.75,1.00
2016.11.16 07:38:53.582,1.36641,1.36652,1.50,1.00
2016.11.16 07:38:53.683,1.36642,1.36654,3.37,1.00
2016.11.16 07:38:53.987,1.3664,1.36648,3.00,1.50
2016.11.16 07:38:54.038,1.36634,1.36647,4.12,1.00
2016.11.16 07:38:54.192,1.36634,1.36644,2.62,1.00
2016.11.16 07:38:54.243,1.36635,1.36644,1.00,1.00
2016.11.16 07:38:55.022,1.36633,1.36644,1.00,1.00
2016.11.16 07:38:55.174,1.36633,1.36644,1.50,1.00
2016.11.16 07:38:55.226,1.36636,1.36646,1.00,1.50
2016.11.16 07:38:55.328,1.36634,1.36646,4.50,1.00
2016.11.16 07:38:55.733,1.36633,1.36645,1.75,1.00
2016.11.16 07:38:56.472,1.36633,1.36646,2.25,1.00
2016.11.16 07:38:56.628,1.36635,1.36646,1.37,1.00
2016.11.16 07:38:57.034,1.36636,1.36648,1.75,1.00
2016.11.16 07:38:57.440,1.36639,1.36646,1.00,1.00
2016.11.16 07:38:57.593,1.36635,1.36645,1.75,1.00
2016.11.16 07:38:57.645,1.36634,1.36644,1.37,1.00
2016.11.16 07:38:58.151,1.36632,1.36643,1.75,1.00
2016.11.16 07:38:59.626,1.36633,1.36641,1.00,1.00
2016.11.16 07:38:59.778,1.36629,1.36638,1.00,1.00
2016.11.16 07:39:00.744,1.36627,1.36638,1.87,1.00
2016.11.16 07:39:01.260,1.36626,1.36635,1.50,1.00
2016.11.16 07:39:01.361,1.36625,1.36634,1.50,1.00
2016.11.16 07:39:01.412,1.36625,1.36637,1.00,2.25
2016.11.16 07:39:01.464,1.36623,1.36636,1.12,1.50
2016.11.16 07:39:01.616,1.3662,1.36633,1.12,1.00
2016.11.16 07:39:01.667,1.3662,1.36634,1.00,2.62
2016.11.16 07:39:01.820,1.36618,1.36632,1.37,1.00
2016.11.16 07:39:02.116,1.36612,1.36627,1.37,1.00
2016.11.16 07:39:02.183,1.36612,1.36627,1.75,1.00
2016.11.16 07:39:02.234,1.36612,1.36627,1.50,1.00
2016.11.16 07:39:02.792,1.36612,1.36628,1.87,1.50
2016.11.16 07:39:03.869,1.36612,1.36629,1.50,1.12
2016.11.16 07:39:03.921,1.36612,1.36627,1.50,1.00
2016.11.16 07:39:04.429,1.36612,1.36627,1.00,1.00
2016.11.16 07:39:04.480,1.3661,1.36627,1.00,1.00
2016.11.16 07:39:04.734,1.36609,1.36627,2.25,1.00
2016.11.16 07:39:04.888,1.36608,1.36625,1.87,1.25
2016.11.16 07:39:04.939,1.36609,1.36623,1.00,1.00
2016.11.16 07:39:05.244,1.36608,1.36622,1.00,1.75
2016.11.16 07:39:05.573,1.36612,1.36624,1.00,1.00
2016.11.16 07:39:05.675,1.36612,1.36627,1.00,1.00
2016.11.16 07:39:05.776,1.36612,1.36627,1.75,1.00
2016.11.16 07:39:06.080,1.36613,1.36625,1.00,1.12
2016.11.16 07:39:06.566,1.36608,1.36624,1.50,1.00
2016.11.16 07:39:06.972,1.36613,1.36627,1.00,1.75
2016.11.16 07:39:07.067,1.36613,1.36627,1.87,1.00
2016.11.16 07:39:07.119,1.36614,1.3663,1.00,1.12
2016.11.16 07:39:07.271,1.36614,1.3663,1.12,1.12
2016.11.16 07:39:07.676,1.36614,1.3663,1.00,1.12
2016.11.16 07:39:07.778,1.36616,1.36631,1.37,1.87
2016.11.16 07:39:08.286,1.36615,1.36631,1.37,1.37
2016.11.16 07:39:08.789,1.36616,1.36631,1.00,1.00
2016.11.16 07:39:11.823,1.36615,1.36633,2.25,1.87
2016.11.16 07:39:11.875,1.36615,1.36633,2.25,1.87
2016.11.16 07:39:12.179,1.36614,1.36631,1.75,1.00
2016.11.16 07:39:12.564,1.36613,1.36626,1.12,1.00
2016.11.16 07:39:12.722,1.36609,1.36625,1.00,1.00
2016.11.16 07:39:13.179,1.3661,1.36626,1.50,1.00
2016.11.16 07:39:13.333,1.36611,1.36629,1.51,1.00
2016.11.16 07:39:13.385,1.36612,1.36629,1.50,1.00
2016.11.16 07:39:13.689,1.36614,1.36631,1.75,1.00
2016.11.16 07:39:13.993,1.36617,1.36634,1.87,1.00
2016.11.16 07:39:14.513,1.36617,1.36633,1.75,1.00
2016.11.16 07:39:15.157,1.36618,1.36633,1.00,1.00
2016.11.16 07:39:15.411,1.36612,1.3663,3.75,1.12
2016.11.16 07:39:16.769,1.36613,1.36631,2.06,1.37
2016.11.16 07:39:18.488,1.36614,1.36628,1.25,1.00
2016.11.16 07:39:18.691,1.36609,1.36625,1.12,1.37
2016.11.16 07:39:18.742,1.36606,1.36624,1.69,1.50
2016.11.16 07:39:19.278,1.36606,1.36624,2.25,1.50
2016.11.16 07:39:20.933,1.36608,1.36624,2.44,1.00
2016.11.16 07:39:21.135,1.36609,1.36626,1.31,1.00
2016.11.16 07:39:22.015,1.3661,1.36627,2.06,1.50
2016.11.16 07:39:22.561,1.3661,1.36628,2.06,1.37
2016.11.16 07:39:22.713,1.36613,1.36629,1.87,1.00
2016.11.16 07:39:22.815,1.36615,1.36632,1.69,1.50
2016.11.16 07:39:22.916,1.36615,1.36632,2.00,1.50
2016.11.16 07:39:23.271,1.36615,1.3663,2.00,1.00
2016.11.16 07:39:23.322,1.36616,1.36632,1.37,1.50
2016.11.16 07:39:23.493,1.36615,1.3663,1.37,1.00
2016.11.16 07:39:23.544,1.36614,1.3663,1.00,1.00
2016.11.16 07:39:25.834,1.36613,1.36631,2.06,1.50
2016.11.16 07:39:25.936,1.36614,1.36631,2.81,1.00
2016.11.16 07:39:26.938,1.36616,1.36631,1.19,1.00
2016.11.16 07:39:27.469,1.36616,1.36632,1.19,1.00
2016.11.16 07:39:27.982,1.36616,1.36633,1.25,1.50
2016.11.16 07:39:28.286,1.36613,1.36629,1.31,1.00
2016.11.16 07:39:28.818,1.36611,1.36629,1.94,1.00
2016.11.16 07:39:29.170,1.36609,1.36627,3.94,1.00
2016.11.16 07:39:29.575,1.3661,1.36625,1.00,1.00
2016.11.16 07:39:30.092,1.36607,1.36625,2.06,1.12
2016.11.16 07:39:30.525,1.3661,1.36626,1.37,1.00
2016.11.16 07:39:30.576,1.3661,1.36628,1.37,1.50
2016.11.16 07:39:31.120,1.36612,1.36627,1.37,1.00
2016.11.16 07:39:31.626,1.36613,1.36628,1.31,1.00
2016.11.16 07:39:31.728,1.36613,1.36631,1.31,1.00
2016.11.16 07:39:32.982,1.36612,1.36631,1.87,1.87
2016.11.16 07:39:33.083,1.36612,1.36629,1.87,1.00
2016.11.16 07:39:33.823,1.36612,1.36629,1.87,2.62
2016.11.16 07:39:34.159,1.36608,1.36619,1.56,1.00
2016.11.16 07:39:34.412,1.36603,1.36616,1.12,1.00
2016.11.16 07:39:34.463,1.36602,1.36619,1.12,1.87
2016.11.16 07:39:34.514,1.36602,1.36618,1.12,2.62
2016.11.16 07:39:34.616,1.36602,1.36617,1.12,1.00
2016.11.16 07:39:35.134,1.36602,1.36619,1.12,1.00
2016.11.16 07:39:35.236,1.36602,1.36618,1.12,1.75
2016.11.16 07:39:35.542,1.36599,1.36611,1.12,1.75
2016.11.16 07:39:35.593,1.36596,1.36608,1.31,1.00
2016.11.16 07:39:35.644,1.36595,1.36605,1.12,1.00
2016.11.16 07:39:35.695,1.36593,1.36605,2.44,1.00
2016.11.16 07:39:35.746,1.36593,1.36605,1.87,1.75
2016.11.16 07:39:35.797,1.36593,1.36606,1.37,2.62
2016.11.16 07:39:35.849,1.36598,1.36608,1.00,2.62
2016.11.16 07:39:35.985,1.36598,1.36609,1.00,1.50
2016.11.16 07:39:36.867,1.36593,1.36608,1.31,1.12
2016.11.16 07:39:36.918,1.36593,1.36608,1.31,1.75
2016.11.16 07:39:38.008,1.36592,1.36606,2.06,1.37
2016.11.16 07:39:38.336,1.36592,1.36605,1.50,1.75
2016.11.16 07:39:38.642,1.36608,1.36613,1.00,6.00
2016.11.16 07:39:38.796,1.36609,1.36622,1.31,2.62
2016.11.16 07:39:38.848,1.36609,1.36626,1.31,2.25
2016.11.16 07:39:38.950,1.36613,1.36624,1.00,1.75
2016.11.16 07:39:39.288,1.36603,1.36615,1.12,1.12
2016.11.16 07:39:39.340,1.36605,1.36618,2.06,2.62
2016.11.16 07:39:39.442,1.36604,1.36619,1.31,2.62
2016.11.16 07:39:39.494,1.36609,1.36623,1.00,2.62
2016.11.16 07:39:39.546,1.36608,1.36624,2.44,2.62
2016.11.16 07:39:39.597,1.36609,1.36626,1.37,3.37
2016.11.16 07:39:39.648,1.3661,1.36626,1.94,1.75
2016.11.16 07:39:39.699,1.3661,1.36626,2.44,1.75
2016.11.16 07:39:39.801,1.36617,1.36626,1.00,1.00
2016.11.16 07:39:40.004,1.36614,1.36629,2.06,1.00
2016.11.16 07:39:40.055,1.36615,1.3663,1.31,2.62
2016.11.16 07:39:40.157,1.36615,1.36631,1.31,1.75
2016.11.16 07:39:40.208,1.36615,1.3663,1.31,1.00
2016.11.16 07:39:40.410,1.36614,1.36628,1.94,1.00
2016.11.16 07:39:40.944,1.36618,1.3663,1.00,2.25
2016.11.16 07:39:41.147,1.36618,1.36632,1.00,1.50
2016.11.16 07:39:41.350,1.36617,1.36629,1.00,1.37
2016.11.16 07:39:42.160,1.36618,1.36629,1.00,2.25
2016.11.16 07:39:42.762,1.36617,1.36629,1.00,2.25
2016.11.16 07:39:43.016,1.36613,1.36627,1.19,2.25
2016.11.16 07:39:43.067,1.3661,1.36627,1.00,2.25
2016.11.16 07:39:43.169,1.36612,1.36629,1.12,4.12
2016.11.16 07:39:43.473,1.36613,1.36629,1.50,1.50
2016.11.16 07:39:43.850,1.36613,1.36629,1.75,1.50
2016.11.16 07:39:44.154,1.36612,1.36629,2.81,1.37
2016.11.16 07:39:44.977,1.36613,1.36629,1.37,1.50
2016.11.16 07:39:49.004,1.36613,1.36628,1.62,1.12
2016.11.16 07:39:49.885,1.36613,1.36627,1.00,1.00
2016.11.16 07:39:50.139,1.36613,1.36625,1.00,1.00
2016.11.16 07:39:50.444,1.36603,1.36615,1.12,1.12
2016.11.16 07:39:50.546,1.36601,1.36615,1.12,1.37
2016.11.16 07:39:51.025,1.366,1.36614,1.09,1.00
2016.11.16 07:39:51.076,1.366,1.36614,1.09,1.00
2016.11.16 07:39:51.968,1.366,1.36615,1.27,1.87
2016.11.16 07:39:52.171,1.366,1.36617,2.02,2.25
2016.11.16 07:39:52.492,1.36601,1.36618,1.31,1.50
2016.11.16 07:39:52.803,1.36604,1.36618,1.31,1.50
2016.11.16 07:39:52.854,1.36602,1.36617,1.56,1.87
2016.11.16 07:39:53.057,1.36602,1.36616,1.00,1.50
2016.11.16 07:39:53.563,1.36602,1.36616,1.19,1.50
2016.11.16 07:39:54.088,1.366,1.36616,1.31,1.50
2016.11.16 07:39:54.552,1.36602,1.36616,1.69,1.12
2016.11.16 07:39:55.324,1.36604,1.36617,1.00,1.50
2016.11.16 07:39:56.000,1.36603,1.36616,1.79,1.00
2016.11.16 07:39:56.254,1.36603,1.36619,2.91,1.00
2016.11.16 07:39:56.770,1.36603,1.36619,3.00,1.00
2016.11.16 07:39:57.292,1.36603,1.36619,3.00,1.37
2016.11.16 07:39:57.646,1.36603,1.36616,1.79,1.00
2016.11.16 07:39:57.816,1.36603,1.36618,1.50,1.12
2016.11.16 07:39:58.019,1.36604,1.36619,1.50,1.50
2016.11.16 07:39:58.121,1.36604,1.3662,1.87,1.00
2016.11.16 07:39:58.628,1.36605,1.36619,1.12,1.00
2016.11.16 07:39:59.134,1.36605,1.36618,1.00,1.00
2016.11.16 07:39:59.338,1.36603,1.36618,1.75,1.75
2016.11.16 07:39:59.687,1.36603,1.36616,1.12,1.00
2016.11.16 07:40:00.193,1.36603,1.36616,1.00,1.87
2016.11.16 07:40:00.508,1.36603,1.36613,1.00,1.00
2016.11.16 07:40:00.560,1.366,1.36613,1.00,1.00
2016.11.16 07:40:00.813,1.36597,1.36613,1.50,1.75
2016.11.16 07:40:01.316,1.36597,1.36614,1.50,1.50
2016.11.16 07:40:01.828,1.36598,1.36612,1.00,1.12
2016.11.16 07:40:02.334,1.36597,1.36611,1.50,1.00
2016.11.16 07:40:02.812,1.36597,1.36607,1.50,1.00
2016.11.16 07:40:03.021,1.36593,1.36609,1.69,3.75
2016.11.16 07:40:03.225,1.36593,1.36609,1.25,2.25
2016.11.16 07:40:03.429,1.36597,1.36611,1.00,1.00
2016.11.16 07:40:03.936,1.36597,1.36612,1.00,1.00
2016.11.16 07:40:04.661,1.36595,1.36612,1.00,1.00
2016.11.16 07:40:05.057,1.36597,1.36612,1.00,1.00
2016.11.16 07:40:06.596,1.36597,1.36613,1.00,1.12
2016.11.16 07:40:06.900,1.36603,1.36611,1.00,1.00
2016.11.16 07:40:06.951,1.36603,1.36613,1.00,1.00
2016.11.16 07:40:08.274,1.36602,1.36615,1.00,1.00
2016.11.16 07:40:08.527,1.36603,1.36616,1.87,1.00
2016.11.16 07:40:08.578,1.36608,1.36621,1.00,1.87
2016.11.16 07:40:08.713,1.36608,1.36624,2.62,1.87
2016.11.16 07:40:08.765,1.36613,1.36624,1.00,1.00
2016.11.16 07:40:09.381,1.36613,1.36625,1.00,1.50
2016.11.16 07:40:09.535,1.36613,1.36627,1.00,1.50
2016.11.16 07:40:09.586,1.36614,1.36627,1.50,1.00
2016.11.16 07:40:09.739,1.36617,1.36631,1.00,1.00
2016.11.16 07:40:09.841,1.36617,1.36632,1.12,1.00
2016.11.16 07:40:10.398,1.36618,1.36631,1.50,1.00
2016.11.16 07:40:10.652,1.36613,1.36628,1.12,1.12
2016.11.16 07:40:11.168,1.36612,1.36628,2.81,1.12
2016.11.16 07:40:11.271,1.36618,1.36629,1.00,1.12
2016.11.16 07:40:11.373,1.36618,1.36631,1.00,1.00
2016.11.16 07:40:11.914,1.36618,1.36631,1.37,1.00
2016.11.16 07:40:12.421,1.36617,1.3663,1.87,1.00
2016.11.16 07:40:13.038,1.36617,1.36631,1.75,1.00
2016.11.16 07:40:13.595,1.36617,1.3663,1.75,1.00
2016.11.16 07:40:13.749,1.36617,1.3663,1.00,1.00
2016.11.16 07:40:13.851,1.36615,1.36631,1.00,1.87
2016.11.16 07:40:14.055,1.36616,1.36633,1.37,1.50
2016.11.16 07:40:14.106,1.36616,1.36633,2.25,1.00
2016.11.16 07:40:14.359,1.36617,1.36635,2.25,2.62
2016.11.16 07:40:14.865,1.3662,1.36635,1.12,1.12
2016.11.16 07:40:15.033,1.36622,1.36638,1.50,1.12
2016.11.16 07:40:15.185,1.36625,1.36639,1.00,1.50
2016.11.16 07:40:15.591,1.36627,1.36639,1.00,1.00
2016.11.16 07:40:15.895,1.36629,1.36641,1.00,1.00
2016.11.16 07:40:15.997,1.36629,1.36644,1.00,1.50
2016.11.16 07:40:16.909,1.3663,1.36644,1.00,1.50
2016.11.16 07:40:16.960,1.36632,1.36644,1.00,1.12
2016.11.16 07:40:17.062,1.36633,1.36647,1.00,1.00
2016.11.16 07:40:17.366,1.36635,1.36648,1.00,1.00
2016.11.16 07:40:17.919,1.36635,1.36652,1.00,3.00
2016.11.16 07:40:18.675,1.36634,1.36652,1.12,2.06
2016.11.16 07:40:18.980,1.36634,1.36649,1.12,1.50
2016.11.16 07:40:19.498,1.36637,1.3665,1.00,1.12
2016.11.16 07:40:19.701,1.36642,1.36658,1.12,1.12
2016.11.16 07:40:19.802,1.36643,1.3666,1.00,3.00
2016.11.16 07:40:20.333,1.36642,1.36658,1.00,1.37
2016.11.16 07:40:20.848,1.36641,1.36658,1.00,1.37
2016.11.16 07:40:21.474,1.36641,1.36651,1.00,1.00
2016.11.16 07:40:21.525,1.36639,1.3665,1.50,1.00
2016.11.16 07:40:21.678,1.36637,1.36647,1.00,1.00
2016.11.16 07:40:21.730,1.36635,1.36647,1.12,1.00
2016.11.16 07:40:22.111,1.36636,1.36649,1.00,1.00
2016.11.16 07:40:22.314,1.36638,1.36651,1.00,1.48
2016.11.16 07:40:22.517,1.36636,1.36651,1.12,1.48
2016.11.16 07:40:22.821,1.36636,1.36653,1.12,1.85
2016.11.16 07:40:23.331,1.36635,1.36653,1.37,1.85
2016.11.16 07:40:23.730,1.36636,1.36652,1.12,1.60
2016.11.16 07:40:24.238,1.36635,1.36652,1.37,1.60
2016.11.16 07:40:24.750,1.36635,1.36652,1.00,1.98
2016.11.16 07:40:25.117,1.36635,1.36652,1.00,1.98
2016.11.16 07:40:25.858,1.36637,1.36651,1.00,1.48
2016.11.16 07:40:25.961,1.36637,1.36654,1.37,2.73
2016.11.16 07:40:26.265,1.36639,1.36655,1.00,1.48
2016.11.16 07:40:26.367,1.3664,1.36655,1.00,1.48
2016.11.16 07:40:26.722,1.36639,1.3665,1.50,1.48
2016.11.16 07:40:26.825,1.36636,1.36648,1.12,1.48
2016.11.16 07:40:26.927,1.36635,1.36648,1.12,1.48
2016.11.16 07:40:27.030,1.36633,1.36647,1.00,1.48
2016.11.16 07:40:27.581,1.36635,1.36646,1.00,1.48
2016.11.16 07:40:28.069,1.36634,1.36648,1.00,1.60
2016.11.16 07:40:28.589,1.36635,1.36648,1.00,1.60
2016.11.16 07:40:28.842,1.36635,1.36646,1.00,1.66
2016.11.16 07:40:28.943,1.36633,1.36646,1.00,1.48
2016.11.16 07:40:29.933,1.36633,1.36646,1.50,1.60
2016.11.16 07:40:30.460,1.36633,1.36649,1.50,1.12
2016.11.16 07:40:30.663,1.36631,1.36647,1.00,1.00
2016.11.16 07:40:31.165,1.36631,1.36647,1.00,1.37
2016.11.16 07:40:32.239,1.36637,1.36647,1.00,1.37
2016.11.16 07:40:32.341,1.36632,1.3665,1.50,1.87
2016.11.16 07:40:32.471,1.36631,1.36646,1.12,1.00
2016.11.16 07:40:32.778,1.3663,1.36642,1.25,1.05
2016.11.16 07:40:33.045,1.36629,1.36644,1.39,1.80
2016.11.16 07:40:33.553,1.36629,1.36645,1.39,1.00
2016.11.16 07:40:34.635,1.36632,1.36647,1.00,1.50
2016.11.16 07:40:34.979,1.36637,1.36652,1.00,1.12
2016.11.16 07:40:35.304,1.36639,1.36652,1.00,1.12
2016.11.16 07:40:37.927,1.36637,1.36652,1.12,1.00
2016.11.16 07:40:38.455,1.36637,1.36652,1.50,1.00
2016.11.16 07:40:39.025,1.36638,1.36653,1.87,1.50
2016.11.16 07:40:39.417,1.36643,1.36652,1.00,1.00
2016.11.16 07:40:39.924,1.36642,1.36652,1.00,1.00
2016.11.16 07:40:40.329,1.36643,1.36656,1.00,1.00
2016.11.16 07:40:40.655,1.36643,1.36655,1.00,1.50
2016.11.16 07:40:41.061,1.36642,1.36656,1.00,1.87
2016.11.16 07:40:41.213,1.36648,1.36656,1.00,1.00
2016.11.16 07:40:41.724,1.36648,1.36657,1.00,1.50
2016.11.16 07:40:41.826,1.36648,1.36659,1.00,1.87
2016.11.16 07:40:42.375,1.36648,1.36658,1.00,1.00
2016.11.16 07:40:42.882,1.36648,1.36659,1.00,1.87
2016.11.16 07:40:43.061,1.36652,1.36658,1.00,1.00
2016.11.16 07:40:43.265,1.36648,1.36658,1.00,1.00
2016.11.16 07:40:43.621,1.36652,1.36663,1.00,1.00
2016.11.16 07:40:43.773,1.36652,1.36664,1.75,1.00
2016.11.16 07:40:44.180,1.36652,1.36664,1.00,1.00
2016.11.16 07:40:44.696,1.36653,1.36664,1.00,1.00
2016.11.16 07:40:46.479,1.36653,1.36665,1.00,1.00
2016.11.16 07:40:46.956,1.36652,1.36667,1.00,1.00
2016.11.16 07:40:47.210,1.36656,1.36669,1.00,1.00
2016.11.16 07:40:47.363,1.36662,1.36678,1.50,2.00
2016.11.16 07:40:47.465,1.36662,1.36679,2.62,1.19
2016.11.16 07:40:47.974,1.36665,1.36682,1.00,1.75
2016.11.16 07:40:48.197,1.3667,1.36686,1.25,1.37
2016.11.16 07:40:48.247,1.36673,1.36686,1.50,1.00
2016.11.16 07:40:48.400,1.36676,1.36692,1.25,1.50
2016.11.16 07:40:48.451,1.36678,1.36692,1.56,1.00
2016.11.16 07:40:48.604,1.36678,1.36695,1.87,1.50
2016.11.16 07:40:48.706,1.36678,1.36697,1.87,1.12
2016.11.16 07:40:48.757,1.36678,1.36695,2.25,1.00
2016.11.16 07:40:49.061,1.36679,1.36696,1.37,1.00
2016.11.16 07:40:49.605,1.36678,1.36697,1.12,1.12
2016.11.16 07:40:49.859,1.36677,1.36696,1.37,1.50
2016.11.16 07:40:49.961,1.36676,1.36695,1.12,1.12
2016.11.16 07:40:51.110,1.36677,1.36694,1.00,1.87
2016.11.16 07:40:51.161,1.36677,1.36694,1.00,3.00
2016.11.16 07:40:51.212,1.36674,1.36693,1.50,1.75
2016.11.16 07:40:51.567,1.36674,1.36693,1.50,1.50
2016.11.16 07:40:52.073,1.36675,1.36693,1.00,1.50
2016.11.16 07:40:52.976,1.36675,1.36693,1.00,1.50
2016.11.16 07:40:54.141,1.36675,1.36693,1.50,1.00
2016.11.16 07:40:54.242,1.36677,1.36693,1.00,1.00
2016.11.16 07:40:54.813,1.36677,1.36693,1.00,1.37
2016.11.16 07:40:55.359,1.36677,1.36693,1.00,1.12
2016.11.16 07:40:56.063,1.36675,1.36693,1.12,1.12
2016.11.16 07:40:56.270,1.36672,1.3669,1.00,1.75
2016.11.16 07:40:56.322,1.36669,1.36687,1.12,1.75
2016.11.16 07:40:56.830,1.36669,1.36684,1.00,1.37
2016.11.16 07:40:57.285,1.36669,1.36689,1.12,2.25
2016.11.16 07:40:58.319,1.36669,1.36689,1.12,2.25
2016.11.16 07:41:02.218,1.3667,1.36687,1.00,2.25
2016.11.16 07:41:02.269,1.36672,1.36687,1.00,1.50
2016.11.16 07:41:02.871,1.3667,1.36687,1.12,1.00
2016.11.16 07:41:03.505,1.3667,1.36687,1.00,1.50
2016.11.16 07:41:04.052,1.3667,1.36687,1.00,1.12
2016.11.16 07:41:04.205,1.36668,1.36686,1.12,1.65
2016.11.16 07:41:04.293,1.36668,1.36686,1.12,2.40
2016.11.16 07:41:04.796,1.36667,1.36682,1.00,1.00
2016.11.16 07:41:05.302,1.36665,1.36682,1.25,1.50
2016.11.16 07:41:05.909,1.36662,1.3668,2.25,1.37
2016.11.16 07:41:06.111,1.3666,1.36679,1.50,2.40
2016.11.16 07:41:06.314,1.36662,1.36677,1.12,1.37
2016.11.16 07:41:06.416,1.36662,1.36679,1.50,1.37
2016.11.16 07:41:06.619,1.36664,1.36681,1.00,1.12
2016.11.16 07:41:07.086,1.36667,1.36681,1.00,1.12
2016.11.16 07:41:07.188,1.36669,1.36683,1.00,1.87
2016.11.16 07:41:07.594,1.3667,1.36685,1.00,1.00
2016.11.16 07:41:08.309,1.3667,1.36687,1.00,1.87
2016.11.16 07:41:08.733,1.36672,1.36686,1.00,1.12
2016.11.16 07:41:08.987,1.36674,1.36691,1.12,1.37
2016.11.16 07:41:09.496,1.36675,1.36693,1.12,1.87
2016.11.16 07:41:09.875,1.36677,1.36694,1.00,1.75
2016.11.16 07:41:10.180,1.3669,1.36701,1.00,3.00
2016.11.16 07:41:10.231,1.3669,1.36706,1.50,1.12
2016.11.16 07:41:10.282,1.36689,1.36707,1.75,1.75
2016.11.16 07:41:10.448,1.36689,1.36707,2.25,1.50
2016.11.16 07:41:10.957,1.36694,1.3671,1.00,1.37
2016.11.16 07:41:11.159,1.36694,1.36713,1.00,1.75
2016.11.16 07:41:11.363,1.36694,1.36713,1.12,1.00
2016.11.16 07:41:11.858,1.36694,1.36715,3.34,2.25
2016.11.16 07:41:12.162,1.36698,1.36717,1.12,1.75
2016.11.16 07:41:12.947,1.36699,1.36716,1.00,1.50
2016.11.16 07:41:13.478,1.36698,1.36717,1.00,1.50
2016.11.16 07:41:14.545,1.36698,1.36718,2.62,2.25
2016.11.16 07:41:14.876,1.36699,1.36719,1.87,1.87
2016.11.16 07:41:15.382,1.367,1.36717,1.75,1.00
2016.11.16 07:41:15.919,1.36703,1.36718,1.00,1.00
2016.11.16 07:41:16.275,1.36705,1.36722,1.50,2.25
2016.11.16 07:41:16.326,1.36706,1.36722,1.00,2.25
2016.11.16 07:41:16.377,1.36708,1.36722,1.00,1.00
2016.11.16 07:41:16.683,1.36709,1.36728,2.25,1.87
2016.11.16 07:41:18.028,1.3671,1.36728,2.25,1.75
2016.11.16 07:41:18.332,1.36709,1.36723,1.87,1.00
2016.11.16 07:41:18.637,1.36702,1.36719,1.87,1.00
2016.11.16 07:41:18.898,1.36704,1.36722,1.87,1.37
2016.11.16 07:41:19.000,1.36706,1.36724,1.37,1.87
2016.11.16 07:41:19.307,1.3671,1.36727,1.00,1.75
2016.11.16 07:41:19.409,1.36713,1.36731,1.87,1.87
2016.11.16 07:41:19.461,1.36714,1.36731,1.37,1.00
2016.11.16 07:41:19.766,1.36718,1.36736,2.62,1.37
2016.11.16 07:41:20.171,1.36718,1.36733,1.12,1.00
2016.11.16 07:41:20.641,1.36716,1.36735,1.50,1.37
2016.11.16 07:41:20.742,1.36717,1.36734,1.37,1.00
2016.11.16 07:41:21.249,1.36719,1.36735,1.00,1.12
2016.11.16 07:41:21.604,1.36715,1.36734,1.37,1.50
2016.11.16 07:41:21.655,1.36715,1.36734,1.37,1.50
2016.11.16 07:41:21.756,1.36716,1.36734,1.00,1.50
2016.11.16 07:41:22.685,1.36716,1.36733,1.00,1.00
2016.11.16 07:41:22.736,1.36715,1.3673,1.00,1.00
2016.11.16 07:41:22.989,1.36705,1.36723,1.87,1.12
2016.11.16 07:41:23.040,1.36706,1.36723,1.00,1.37
2016.11.16 07:41:24.379,1.36706,1.36723,1.00,1.37
2016.11.16 07:41:24.902,1.36707,1.36722,1.00,1.00
2016.11.16 07:41:25.206,1.36712,1.36729,1.50,1.37
2016.11.16 07:41:25.307,1.36714,1.36732,1.50,2.25
2016.11.16 07:41:25.460,1.36714,1.36732,1.87,1.50
2016.11.16 07:41:25.638,1.36715,1.36733,1.37,2.06
2016.11.16 07:41:26.145,1.36715,1.36733,1.75,1.25
2016.11.16 07:41:26.719,1.36718,1.36733,1.00,1.25
2016.11.16 07:41:27.023,1.36723,1.36738,1.12,1.50
2016.11.16 07:41:27.337,1.36722,1.36737,1.00,1.87
2016.11.16 07:41:27.759,1.3672,1.36738,1.50,1.75
2016.11.16 07:41:27.810,1.3672,1.36738,1.50,1.00
2016.11.16 07:41:29.334,1.36719,1.36737,1.12,1.50
2016.11.16 07:41:29.401,1.36718,1.36734,1.00,1.37
2016.11.16 07:41:29.705,1.36716,1.36731,1.00,1.00
2016.11.16 07:41:30.212,1.36716,1.36732,1.12,1.09
2016.11.16 07:41:30.517,1.36711,1.3673,1.87,1.95
2016.11.16 07:41:30.568,1.3671,1.36729,1.75,1.50
2016.11.16 07:41:30.722,1.3671,1.36725,1.37,1.00
2016.11.16 07:41:30.925,1.36708,1.36725,2.25,1.50
2016.11.16 07:41:30.976,1.36708,1.36725,2.25,1.50
2016.11.16 07:41:31.281,1.36706,1.36723,1.50,1.50
2016.11.16 07:41:31.332,1.36705,1.36724,1.50,1.87
2016.11.16 07:41:31.839,1.36708,1.36721,1.00,1.37
2016.11.16 07:41:31.890,1.36708,1.36721,1.00,1.00
2016.11.16 07:41:32.043,1.36708,1.36724,1.00,1.00
2016.11.16 07:41:32.094,1.36708,1.36725,1.50,2.25
2016.11.16 07:41:32.594,1.36708,1.36725,1.50,1.37
2016.11.16 07:41:33.123,1.36708,1.36724,1.50,1.37
2016.11.16 07:41:34.274,1.36708,1.36724,1.00,1.12
2016.11.16 07:41:34.761,1.36706,1.36722,1.50,1.00
2016.11.16 07:41:35.068,1.36708,1.36723,1.00,1.12
2016.11.16 07:41:35.676,1.36708,1.36722,1.00,1.50
2016.11.16 07:41:35.829,1.36703,1.36719,1.87,1.75
2016.11.16 07:41:36.357,1.36703,1.36718,1.50,1.12
2016.11.16 07:41:36.812,1.36701,1.36717,1.00,1.00
2016.11.16 07:41:36.863,1.367,1.36714,1.00,1.12
2016.11.16 07:41:37.117,1.36697,1.36713,1.37,1.12
2016.11.16 07:41:37.168,1.36697,1.3671,1.37,1.00
2016.11.16 07:41:37.697,1.36697,1.36709,1.00,1.00
2016.11.16 07:41:38.015,1.36693,1.36709,1.00,1.87
2016.11.16 07:41:38.067,1.36693,1.36706,1.00,2.25
2016.11.16 07:41:38.372,1.36693,1.36706,1.00,3.00
2016.11.16 07:41:38.756,1.36687,1.36705,2.62,1.37
2016.11.16 07:41:38.959,1.36693,1.36705,1.00,1.50
2016.11.16 07:41:39.061,1.36689,1.36705,1.00,1.50
2016.11.16 07:41:39.112,1.36689,1.36705,1.00,1.00
2016.11.16 07:41:39.246,1.36691,1.36706,1.00,2.25
2016.11.16 07:41:39.308,1.3669,1.36708,1.50,1.50
2016.11.16 07:41:39.359,1.36693,1.36708,1.00,1.00
2016.11.16 07:41:39.764,1.36696,1.36709,1.00,1.87
2016.11.16 07:41:39.916,1.36702,1.36715,1.00,1.12
2016.11.16 07:41:39.968,1.367,1.36718,1.50,3.00
2016.11.16 07:41:40.020,1.36701,1.36714,1.00,1.00
2016.11.16 07:41:40.121,1.36701,1.36716,1.12,1.00
2016.11.16 07:41:41.087,1.36699,1.36716,1.50,1.34
2016.11.16 07:41:41.138,1.36698,1.3671,1.12,1.00
2016.11.16 07:41:41.190,1.36696,1.36708,1.00,1.00
2016.11.16 07:41:41.291,1.36694,1.36707,1.00,1.00
2016.11.16 07:41:41.494,1.36695,1.3671,1.00,1.87
2016.11.16 07:41:41.597,1.36697,1.36712,1.00,1.75
2016.11.16 07:41:41.648,1.36696,1.36712,1.50,1.00
2016.11.16 07:41:42.298,1.36696,1.36713,1.12,1.50
2016.11.16 07:41:42.834,1.36696,1.3671,1.12,1.00
2016.11.16 07:41:43.341,1.36696,1.36709,1.50,1.00
2016.11.16 07:41:43.524,1.36696,1.36712,1.50,1.12
2016.11.16 07:41:44.013,1.36699,1.36714,1.00,1.00
2016.11.16 07:41:45.076,1.36698,1.36715,1.00,1.50
2016.11.16 07:41:45.833,1.36697,1.36713,1.50,1.00
2016.11.16 07:41:46.694,1.36696,1.36713,1.00,1.12
2016.11.16 07:41:46.745,1.36694,1.36712,1.12,1.00
2016.11.16 07:41:47.049,1.36694,1.3671,1.12,1.00
2016.11.16 07:41:47.576,1.36693,1.36711,1.12,1.50
2016.11.16 07:41:48.113,1.36693,1.3671,1.12,1.00
2016.11.16 07:41:48.626,1.36693,1.36711,1.12,1.50
2016.11.16 07:41:49.146,1.36692,1.3671,2.25,1.00
2016.11.16 07:41:49.711,1.36694,1.3671,1.00,1.00
2016.11.16 07:41:50.278,1.36695,1.3671,1.00,1.00
2016.11.16 07:41:50.430,1.36693,1.36711,1.12,2.62
2016.11.16 07:41:50.733,1.36693,1.36709,1.00,1.50
2016.11.16 07:41:50.936,1.3669,1.36706,1.87,1.12
2016.11.16 07:41:51.351,1.36693,1.36706,1.00,1.12
2016.11.16 07:41:51.665,1.36693,1.36706,1.00,1.87
2016.11.16 07:41:51.766,1.36689,1.36706,1.37,1.87
2016.11.16 07:41:52.763,1.36693,1.36706,1.00,1.87
2016.11.16 07:41:52.865,1.36694,1.36706,1.00,1.00
2016.11.16 07:41:52.967,1.36694,1.36709,1.50,1.34
2016.11.16 07:41:53.069,1.36691,1.36706,1.87,1.84
2016.11.16 07:41:53.373,1.36689,1.36704,1.12,1.00
2016.11.16 07:41:53.875,1.3669,1.36705,1.00,1.00
2016.11.16 07:41:53.926,1.36687,1.36705,2.25,1.84
2016.11.16 07:41:54.230,1.36687,1.36699,1.00,1.09
2016.11.16 07:41:54.305,1.36682,1.36698,1.87,1.50
2016.11.16 07:41:54.356,1.36681,1.36696,1.12,1.00
2016.11.16 07:41:54.408,1.3668,1.36696,1.00,1.00
2016.11.16 07:41:54.459,1.36679,1.36693,1.00,1.00
2016.11.16 07:41:54.561,1.36679,1.36696,1.00,1.87
2016.11.16 07:41:55.218,1.3668,1.36697,1.00,1.37
2016.11.16 07:41:55.269,1.36683,1.36697,1.00,1.37
2016.11.16 07:41:55.601,1.36686,1.367,1.00,1.50
2016.11.16 07:41:56.110,1.36684,1.36699,1.75,1.00
2016.11.16 07:41:56.364,1.36689,1.367,1.00,1.00
2016.11.16 07:41:56.618,1.36695,1.36711,1.37,1.75
2016.11.16 07:41:56.821,1.36695,1.3671,1.75,1.00
2016.11.16 07:41:56.922,1.36696,1.36712,1.87,1.00
2016.11.16 07:41:57.006,1.36696,1.36712,2.25,1.00
2016.11.16 07:41:57.109,1.36699,1.36715,1.12,1.00
2016.11.16 07:41:57.832,1.36699,1.36716,1.12,1.50
2016.11.16 07:41:58.289,1.36709,1.36716,1.00,1.00
2016.11.16 07:41:58.340,1.36707,1.36716,1.50,1.00
2016.11.16 07:41:58.391,1.3671,1.36722,1.00,2.25
2016.11.16 07:41:58.443,1.36712,1.36725,1.00,1.12
2016.11.16 07:41:58.550,1.36714,1.36728,1.00,1.37
2016.11.16 07:41:58.602,1.36715,1.3673,1.00,1.00
2016.11.16 07:41:58.756,1.36717,1.36731,1.00,1.12
2016.11.16 07:41:59.262,1.36718,1.36733,1.00,1.79
2016.11.16 07:41:59.467,1.36722,1.36736,1.00,1.00
2016.11.16 07:41:59.568,1.36722,1.36738,1.00,1.12
2016.11.16 07:41:59.620,1.36724,1.36738,1.00,1.00
2016.11.16 07:41:59.986,1.36718,1.36737,2.25,1.04
2016.11.16 07:42:00.190,1.36718,1.36737,1.50,1.04
2016.11.16 07:42:00.494,1.36722,1.36738,1.12,1.75
2016.11.16 07:42:00.798,1.36725,1.36739,1.50,1.00
2016.11.16 07:42:01.120,1.36725,1.36737,1.50,1.00
2016.11.16 07:42:01.171,1.36724,1.36739,1.00,1.02
2016.11.16 07:42:01.374,1.36722,1.36732,1.00,1.00
2016.11.16 07:42:01.425,1.3672,1.36732,1.00,1.00
2016.11.16 07:42:01.527,1.36714,1.36729,1.50,1.00
2016.11.16 07:42:01.731,1.36714,1.3673,1.00,1.75
2016.11.16 07:42:01.833,1.36712,1.3673,1.12,1.75
2016.11.16 07:42:02.188,1.36714,1.36727,1.00,1.00
2016.11.16 07:42:02.422,1.36715,1.36732,1.00,1.37
2016.11.16 07:42:02.527,1.36715,1.36731,1.00,1.12
2016.11.16 07:42:03.441,1.36713,1.3673,1.00,1.37
2016.11.16 07:42:03.906,1.36713,1.3673,1.00,1.00
2016.11.16 07:42:05.399,1.36714,1.36733,1.00,3.00
2016.11.16 07:42:05.450,1.36716,1.36734,1.00,2.64
2016.11.16 07:42:05.602,1.36716,1.36734,1.00,1.00
2016.11.16 07:42:05.833,1.36716,1.36732,1.00,1.00
2016.11.16 07:42:06.157,1.36718,1.36734,1.00,1.12
2016.11.16 07:42:06.259,1.3672,1.36738,1.00,1.50
2016.11.16 07:42:06.310,1.36721,1.36735,1.00,1.50
2016.11.16 07:42:06.513,1.3672,1.36737,1.00,1.00
2016.11.16 07:42:06.824,1.3672,1.36735,1.00,1.00
2016.11.16 07:42:07.430,1.36719,1.3673,1.00,1.00
2016.11.16 07:42:07.532,1.36719,1.36736,1.00,3.37
2016.11.16 07:42:07.634,1.36721,1.36734,1.00,1.00
2016.11.16 07:42:07.736,1.36718,1.36735,1.00,1.12
2016.11.16 07:42:07.787,1.36718,1.36734,1.20,1.50
2016.11.16 07:42:07.991,1.36717,1.36733,1.33,1.12
2016.11.16 07:42:08.093,1.36717,1.3673,1.20,1.00
2016.11.16 07:42:08.399,1.36715,1.3673,1.20,1.12
2016.11.16 07:42:08.603,1.36719,1.36732,1.70,1.00
2016.11.16 07:42:08.654,1.36718,1.36727,1.33,1.00
2016.11.16 07:42:08.705,1.36717,1.36727,1.12,1.00
2016.11.16 07:42:08.807,1.36714,1.36727,1.70,1.00
2016.11.16 07:42:08.859,1.36712,1.36728,2.08,1.50
2016.11.16 07:42:08.911,1.36711,1.36726,1.20,1.00
2016.11.16 07:42:09.246,1.36711,1.36724,1.20,1.00
2016.11.16 07:42:09.772,1.36711,1.36724,1.20,1.00
2016.11.16 07:42:10.177,1.36714,1.36726,1.00,1.12
2016.11.16 07:42:10.329,1.36712,1.36728,1.70,1.12
2016.11.16 07:42:10.380,1.36712,1.36728,1.12,1.12
2016.11.16 07:42:10.513,1.36715,1.36728,1.27,1.12
2016.11.16 07:42:10.564,1.36715,1.3673,1.27,1.12
2016.11.16 07:42:10.717,1.36717,1.3673,1.00,1.12
2016.11.16 07:42:10.769,1.36717,1.36733,1.00,1.12
2016.11.16 07:42:11.429,1.36717,1.36731,1.00,1.12
2016.11.16 07:42:11.575,1.36715,1.36732,1.00,2.62
2016.11.16 07:42:11.676,1.36717,1.36732,1.00,1.50
2016.11.16 07:42:11.778,1.36717,1.36734,1.12,1.00
2016.11.16 07:42:11.829,1.36719,1.36734,1.00,1.00
2016.11.16 07:42:11.981,1.36716,1.36734,1.87,1.00
2016.11.16 07:42:12.338,1.36719,1.36734,1.00,1.87
2016.11.16 07:42:12.837,1.3672,1.36736,1.00,1.12
2016.11.16 07:42:12.888,1.3672,1.36736,1.00,1.75
2016.11.16 07:42:13.396,1.36716,1.36732,1.12,1.00
2016.11.16 07:42:13.550,1.36714,1.36729,1.12,1.37
2016.11.16 07:42:13.904,1.36716,1.36728,1.00,1.50
2016.11.16 07:42:13.961,1.36714,1.36731,1.00,2.25
2016.11.16 07:42:14.267,1.36717,1.3673,1.00,1.37
2016.11.16 07:42:14.420,1.36719,1.36734,1.00,1.12
2016.11.16 07:42:14.522,1.36721,1.36735,1.00,1.75
2016.11.16 07:42:14.623,1.36722,1.36738,1.00,2.25
2016.11.16 07:42:14.675,1.36724,1.36738,1.00,1.50
2016.11.16 07:42:15.087,1.36726,1.36741,1.00,1.75
2016.11.16 07:42:15.498,1.36726,1.3674,1.00,1.12
2016.11.16 07:42:15.804,1.36723,1.36738,1.00,1.87
2016.11.16 07:42:15.856,1.36722,1.36738,1.00,3.37
2016.11.16 07:42:16.181,1.36722,1.36736,1.00,1.12
2016.11.16 07:42:16.488,1.36722,1.36738,1.00,1.87
2016.11.16 07:42:16.694,1.36721,1.36735,1.00,1.12
2016.11.16 07:42:16.846,1.36719,1.36735,1.00,2.25
2016.11.16 07:42:17.151,1.36716,1.36731,1.00,1.00
2016.11.16 07:42:17.202,1.36714,1.36731,1.12,1.37
2016.11.16 07:42:17.303,1.36712,1.36729,1.00,1.12
2016.11.16 07:42:17.354,1.36714,1.36729,1.00,1.12
2016.11.16 07:42:17.688,1.36721,1.3673,1.00,1.84
2016.11.16 07:42:17.740,1.36715,1.36728,1.00,1.50
2016.11.16 07:42:17.791,1.36714,1.3672,1.00,1.00
2016.11.16 07:42:17.842,1.36714,1.36723,1.00,1.00
2016.11.16 07:42:17.893,1.36711,1.36722,1.00,1.37
2016.11.16 07:42:17.945,1.3671,1.36718,1.00,1.00
2016.11.16 07:42:18.249,1.3671,1.36718,1.00,2.62
2016.11.16 07:42:18.300,1.36711,1.3672,1.00,3.00
2016.11.16 07:42:18.351,1.36711,1.3672,1.00,1.00
2016.11.16 07:42:18.453,1.36713,1.3672,1.00,1.00
2016.11.16 07:42:18.505,1.36711,1.36722,1.00,1.12
2016.11.16 07:42:18.709,1.36709,1.36717,1.00,1.12
2016.11.16 07:42:19.020,1.36703,1.36711,1.00,1.00
2016.11.16 07:42:19.325,1.36702,1.36708,1.00,1.00
2016.11.16 07:42:19.630,1.367,1.36708,1.00,1.00
2016.11.16 07:42:19.732,1.367,1.36706,1.00,1.00
2016.11.16 07:42:19.783,1.36698,1.36706,1.00,1.50
2016.11.16 07:42:19.936,1.36696,1.36704,1.00,1.12
2016.11.16 07:42:19.987,1.36696,1.36704,1.00,1.37
2016.11.16 07:42:20.315,1.36694,1.36701,1.00,1.46
2016.11.16 07:42:20.519,1.36691,1.36701,1.00,2.21
2016.11.16 07:42:20.571,1.36691,1.367,1.00,1.75
2016.11.16 07:42:20.927,1.36693,1.36698,1.00,1.37
2016.11.16 07:42:21.130,1.36697,1.36703,1.00,1.00
2016.11.16 07:42:21.283,1.36699,1.36707,1.00,1.75
2016.11.16 07:42:21.578,1.367,1.36708,1.00,1.75
2016.11.16 07:42:22.086,1.36701,1.36709,1.00,1.46
2016.11.16 07:42:22.592,1.367,1.36709,1.00,1.46
2016.11.16 07:42:22.748,1.36698,1.36709,1.00,1.12
2016.11.16 07:42:22.850,1.36701,1.3671,1.00,1.92
2016.11.16 07:42:23.306,1.36703,1.3671,1.00,1.75
2016.11.16 07:42:23.409,1.36705,1.36713,1.00,1.12
2016.11.16 07:42:23.915,1.36706,1.36714,1.00,1.75
2016.11.16 07:42:24.378,1.36708,1.36714,1.00,1.12
2016.11.16 07:42:24.429,1.36708,1.36717,1.00,1.46
2016.11.16 07:42:24.632,1.3671,1.36717,1.00,1.09
2016.11.16 07:42:24.886,1.36708,1.36717,1.00,1.09
2016.11.16 07:42:24.937,1.36706,1.36717,1.00,1.84
2016.11.16 07:42:24.989,1.36707,1.36713,1.00,1.34
2016.11.16 07:42:25.496,1.36707,1.36713,1.00,1.12
2016.11.16 07:42:25.826,1.3671,1.36718,1.50,1.12
2016.11.16 07:42:25.877,1.36714,1.36718,1.00,1.00
2016.11.16 07:42:26.080,1.36716,1.36723,1.00,1.12
2016.11.16 07:42:26.182,1.36716,1.36723,1.00,1.12
2016.11.16 07:42:26.688,1.36717,1.36724,1.00,1.46
2016.11.16 07:42:26.841,1.36717,1.36724,1.00,1.46
2016.11.16 07:42:27.043,1.36713,1.36722,1.00,1.09
2016.11.16 07:42:27.315,1.36712,1.36719,1.00,1.00
2016.11.16 07:42:27.823,1.36712,1.36722,1.00,1.09
2016.11.16 07:42:28.403,1.36711,1.36722,1.00,1.09
2016.11.16 07:42:30.097,1.36709,1.3672,1.00,1.12
2016.11.16 07:42:30.199,1.36705,1.36719,1.00,1.12
2016.11.16 07:42:30.250,1.36705,1.36717,1.00,1.37
2016.11.16 07:42:30.301,1.36703,1.36716,1.00,1.00
2016.11.16 07:42:30.352,1.36703,1.36714,1.00,1.00
2016.11.16 07:42:30.656,1.36706,1.36717,1.00,1.12
2016.11.16 07:42:30.849,1.36709,1.36719,1.00,1.00
2016.11.16 07:42:31.356,1.36708,1.36719,1.00,1.00
2016.11.16 07:42:32.469,1.3671,1.36719,1.00,1.00
2016.11.16 07:42:32.978,1.36711,1.36722,1.00,1.75
2016.11.16 07:42:34.059,1.36712,1.36722,1.00,1.75
2016.11.16 07:42:34.314,1.36714,1.36726,1.00,1.12
2016.11.16 07:42:34.365,1.36716,1.36726,1.00,1.12
2016.11.16 07:42:34.466,1.36716,1.36725,1.00,1.00
2016.11.16 07:42:34.619,1.36714,1.36725,1.00,1.00
2016.11.16 07:42:34.721,1.36712,1.36725,1.00,1.00
2016.11.16 07:42:34.771,1.36711,1.36725,1.00,1.12
2016.11.16 07:42:35.076,1.36713,1.36724,1.00,1.12
2016.11.16 07:42:35.607,1.36714,1.36724,1.00,1.12
2016.11.16 07:42:35.976,1.36712,1.36725,1.00,1.00
2016.11.16 07:42:36.078,1.36711,1.36722,1.37,1.00
2016.11.16 07:42:36.179,1.3671,1.36722,1.00,1.00
2016.11.16 07:42:36.685,1.36709,1.36722,1.00,1.00
2016.11.16 07:42:36.736,1.36707,1.3672,1.00,1.09
2016.11.16 07:42:37.054,1.36707,1.36719,1.00,1.12
2016.11.16 07:42:37.155,1.36705,1.36719,1.00,1.12
2016.11.16 07:42:37.460,1.36708,1.36717,1.00,1.00
2016.11.16 07:42:37.512,1.36708,1.3672,1.00,1.00
2016.11.16 07:42:38.272,1.36706,1.3672,1.00,1.37
2016.11.16 07:42:38.373,1.36705,1.36718,1.00,1.12
2016.11.16 07:42:38.913,1.36705,1.36717,1.00,1.12
2016.11.16 07:42:39.622,1.36703,1.36715,1.00,1.00
2016.11.16 07:42:39.775,1.36706,1.36715,1.00,1.00
2016.11.16 07:42:39.927,1.36708,1.36718,1.00,1.00
2016.11.16 07:42:40.453,1.36705,1.36719,1.00,1.00
2016.11.16 07:42:40.554,1.36707,1.36719,1.00,1.50
2016.11.16 07:42:40.860,1.36709,1.36717,1.00,1.00
2016.11.16 07:42:41.376,1.36708,1.3672,1.00,1.12
2016.11.16 07:42:41.579,1.36709,1.36721,1.00,1.09
2016.11.16 07:42:41.681,1.36709,1.36719,1.00,1.12
2016.11.16 07:42:41.883,1.36709,1.36718,1.00,1.00
2016.11.16 07:42:42.238,1.36712,1.36721,1.00,1.37
2016.11.16 07:42:42.340,1.36713,1.36723,1.00,1.12
2016.11.16 07:42:42.542,1.36715,1.36722,1.00,1.00
2016.11.16 07:42:43.018,1.36713,1.36723,1.00,1.00
2016.11.16 07:42:43.548,1.36714,1.36727,1.00,1.31
2016.11.16 07:42:43.954,1.3671,1.36724,1.37,1.00
2016.11.16 07:42:44.005,1.3671,1.36723,1.37,1.37
2016.11.16 07:42:44.057,1.36708,1.36721,1.00,1.00
2016.11.16 07:42:44.108,1.3671,1.36721,1.00,1.12
2016.11.16 07:42:44.334,1.36711,1.36723,1.00,1.00
2016.11.16 07:42:45.261,1.3671,1.36723,1.00,1.12
2016.11.16 07:42:45.312,1.36708,1.36723,1.00,1.87
2016.11.16 07:42:45.616,1.36706,1.36719,1.00,1.12
2016.11.16 07:42:46.573,1.36704,1.36717,1.00,1.12
2016.11.16 07:42:46.675,1.36704,1.36717,1.00,1.75
2016.11.16 07:42:47.029,1.36702,1.36716,1.00,1.37
2016.11.16 07:42:47.333,1.36702,1.36718,1.00,1.69
2016.11.16 07:42:48.152,1.367,1.36718,1.50,1.50
2016.11.16 07:42:48.254,1.367,1.36716,1.00,1.12
2016.11.16 07:42:48.760,1.36701,1.36718,1.50,2.25
2016.11.16 07:42:50.079,1.36702,1.36718,1.00,2.00
2016.11.16 07:42:50.283,1.36706,1.36723,1.12,2.06
2016.11.16 07:42:50.805,1.36706,1.36722,1.12,1.19
2016.11.16 07:42:51.330,1.36707,1.36722,1.00,1.31
2016.11.16 07:42:51.583,1.36706,1.36721,1.50,1.31
2016.11.16 07:42:51.952,1.36702,1.36721,2.25,2.44
2016.11.16 07:42:52.004,1.36702,1.36718,1.00,1.56
2016.11.16 07:42:52.360,1.367,1.36715,1.87,1.00
2016.11.16 07:42:52.411,1.367,1.36713,1.87,1.00
2016.11.16 07:42:52.514,1.36698,1.36713,1.00,1.12
2016.11.16 07:42:52.667,1.36698,1.36713,2.25,1.12
2016.11.16 07:42:53.124,1.36698,1.36712,1.75,1.12
2016.11.16 07:42:53.378,1.36695,1.3671,1.75,1.31
2016.11.16 07:42:53.429,1.36695,1.3671,1.37,2.00
2016.11.16 07:42:53.481,1.36695,1.36708,1.12,1.75
2016.11.16 07:42:54.602,1.36692,1.36708,1.12,2.00
2016.11.16 07:42:54.704,1.36693,1.36708,1.00,1.31
2016.11.16 07:42:54.856,1.36692,1.36707,1.50,1.56
2016.11.16 07:42:55.162,1.36682,1.36694,1.37,1.12
2016.11.16 07:42:55.214,1.3668,1.36697,1.37,1.69
2016.11.16 07:42:55.265,1.36681,1.36697,1.50,1.56
2016.11.16 07:42:55.599,1.3668,1.36699,4.87,1.69
2016.11.16 07:42:55.701,1.36683,1.36699,1.00,1.56
2016.11.16 07:42:55.803,1.36683,1.36698,1.75,1.31
2016.11.16 07:42:56.107,1.36681,1.36698,1.50,1.31
2016.11.16 07:42:56.628,1.36679,1.36698,2.62,1.69
2016.11.16 07:42:56.780,1.36679,1.36697,1.12,1.62
2016.11.16 07:42:57.020,1.36679,1.36694,1.12,1.00
2016.11.16 07:42:57.325,1.36677,1.36693,1.75,1.37
2016.11.16 07:42:57.629,1.36676,1.36692,1.12,1.46
2016.11.16 07:42:57.731,1.3668,1.36695,1.12,1.75
2016.11.16 07:42:58.036,1.36682,1.36695,1.75,1.12
2016.11.16 07:42:58.566,1.3668,1.36695,1.75,1.12
2016.11.16 07:42:59.078,1.36681,1.36696,1.75,1.50
2016.11.16 07:42:59.382,1.36679,1.36692,3.37,1.00
2016.11.16 07:42:59.433,1.36678,1.36692,1.75,1.00
2016.11.16 07:42:59.945,1.36678,1.36692,4.87,1.12
2016.11.16 07:42:59.996,1.36678,1.36692,2.25,1.12
2016.11.16 07:43:00.417,1.36678,1.36693,4.12,1.00
2016.11.16 07:43:00.722,1.36681,1.36695,1.00,1.00
2016.11.16 07:43:00.823,1.3668,1.36695,1.75,1.00
2016.11.16 07:43:01.136,1.36677,1.36693,3.37,1.00
2016.11.16 07:43:01.187,1.36677,1.36693,1.50,1.00
2016.11.16 07:43:01.694,1.36678,1.36693,1.12,1.00
2016.11.16 07:43:01.946,1.36678,1.36692,2.62,1.00
2016.11.16 07:43:02.456,1.36679,1.36693,1.37,1.00
2016.11.16 07:43:02.558,1.36678,1.36695,6.00,1.00
2016.11.16 07:43:02.728,1.36683,1.36697,1.50,1.50
2016.11.16 07:43:03.084,1.36683,1.36699,2.62,1.87
2016.11.16 07:43:03.338,1.36683,1.36697,1.50,1.12
2016.11.16 07:43:04.112,1.36683,1.36698,1.50,1.00
2016.11.16 07:43:04.215,1.36685,1.367,1.37,1.00
2016.11.16 07:43:04.675,1.36683,1.36698,1.12,1.00
2016.11.16 07:43:04.827,1.36683,1.36698,1.12,1.00
2016.11.16 07:43:05.132,1.36684,1.36699,1.37,1.00
2016.11.16 07:43:05.674,1.36681,1.36698,1.87,1.87
2016.11.16 07:43:06.181,1.36681,1.36698,1.87,1.12
2016.11.16 07:43:06.522,1.36681,1.36698,1.00,1.87
2016.11.16 07:43:06.623,1.3668,1.36696,1.37,1.00
2016.11.16 07:43:06.987,1.36678,1.36696,1.12,1.50
2016.11.16 07:43:07.495,1.36677,1.36694,1.87,1.12
2016.11.16 07:43:08.282,1.36677,1.36694,1.62,1.50
2016.11.16 07:43:08.588,1.36678,1.36693,1.87,1.00
2016.11.16 07:43:08.894,1.36672,1.36684,2.25,1.00
2016.11.16 07:43:08.945,1.36669,1.36683,1.00,1.00
2016.11.16 07:43:09.053,1.36665,1.36683,1.12,1.00
2016.11.16 07:43:09.107,1.36664,1.3668,1.75,1.00
2016.11.16 07:43:09.441,1.36664,1.3668,1.37,1.12
2016.11.16 07:43:09.543,1.36665,1.36681,1.75,1.50
2016.11.16 07:43:10.380,1.36668,1.36681,1.87,1.00
2016.11.16 07:43:10.431,1.36668,1.36684,2.25,1.12
2016.11.16 07:43:10.533,1.36668,1.36685,1.75,1.75
2016.11.16 07:43:11.052,1.36668,1.36683,1.75,1.46
2016.11.16 07:43:11.306,1.36668,1.3668,1.00,1.00
2016.11.16 07:43:11.816,1.36667,1.36681,1.00,1.00
2016.11.16 07:43:12.070,1.36667,1.3668,1.00,1.37
2016.11.16 07:43:12.121,1.36663,1.36679,1.50,1.12
2016.11.16 07:43:12.340,1.36668,1.3668,1.00,1.37
2016.11.16 07:43:12.846,1.36668,1.36682,1.00,1.37
2016.11.16 07:43:12.948,1.36667,1.36684,1.00,1.50
2016.11.16 07:43:12.999,1.36673,1.36684,1.00,1.50
2016.11.16 07:43:13.050,1.36673,1.36684,1.00,1.00
2016.11.16 07:43:14.277,1.36673,1.36686,1.00,1.87
2016.11.16 07:43:14.328,1.36678,1.36686,1.00,1.37
2016.11.16 07:43:14.481,1.36678,1.36687,1.00,1.00
2016.11.16 07:43:14.683,1.36678,1.3669,1.00,1.50
2016.11.16 07:43:15.139,1.36678,1.36691,1.00,1.12
2016.11.16 07:43:15.213,1.36673,1.36687,1.00,1.00
2016.11.16 07:43:15.332,1.36673,1.36687,1.00,2.25
2016.11.16 07:43:15.383,1.36668,1.36685,2.25,1.87
2016.11.16 07:43:15.587,1.36669,1.36686,1.00,1.12
2016.11.16 07:43:16.144,1.36667,1.36681,1.50,1.25
2016.11.16 07:43:16.348,1.36659,1.36675,1.00,3.52
2016.11.16 07:43:16.500,1.36656,1.36672,1.19,1.00
2016.11.16 07:43:16.599,1.36656,1.3667,1.00,2.02
2016.11.16 07:43:16.650,1.3665,1.36669,3.15,1.56
2016.11.16 07:43:16.752,1.3665,1.36667,1.84,1.00
2016.11.16 07:43:18.000,1.3665,1.36667,1.69,1.50
2016.11.16 07:43:18.051,1.3665,1.36665,1.00,1.00
2016.11.16 07:43:18.378,1.36644,1.36661,1.00,1.87
2016.11.16 07:43:18.683,1.36643,1.36659,1.12,1.37
2016.11.16 07:43:19.190,1.36643,1.36656,1.00,2.21
2016.11.16 07:43:19.702,1.36642,1.36656,1.00,2.21
2016.11.16 07:43:20.223,1.36643,1.36656,1.00,2.21
2016.11.16 07:43:21.760,1.36642,1.36656,1.00,2.21
2016.11.16 07:43:21.963,1.36638,1.36654,1.50,1.00
2016.11.16 07:43:22.064,1.36638,1.36651,1.00,1.00
2016.11.16 07:43:22.372,1.36643,1.36655,1.00,1.37
2016.11.16 07:43:22.474,1.36639,1.36657,1.12,1.12
2016.11.16 07:43:22.643,1.36642,1.36658,1.00,2.62
2016.11.16 07:43:23.250,1.36638,1.36654,3.00,1.00
2016.11.16 07:43:23.605,1.36638,1.36653,1.00,1.50
2016.11.16 07:43:24.301,1.36638,1.36651,1.00,1.00
2016.11.16 07:43:24.707,1.36641,1.36653,1.12,1.00
2016.11.16 07:43:24.909,1.36639,1.36653,1.12,1.00
2016.11.16 07:43:25.163,1.3664,1.36653,1.00,1.00
2016.11.16 07:43:25.265,1.36638,1.36651,1.00,1.00
2016.11.16 07:43:25.719,1.36638,1.36652,2.25,1.00
2016.11.16 07:43:25.770,1.36638,1.36654,2.62,1.00
2016.11.16 07:43:26.551,1.3664,1.36656,1.12,1.00
2016.11.16 07:43:26.602,1.36641,1.36657,1.37,1.00
2016.11.16 07:43:27.118,1.36643,1.36656,1.00,1.00
2016.11.16 07:43:27.323,1.36643,1.36658,1.00,1.00
2016.11.16 07:43:27.629,1.36643,1.3666,1.87,1.00
2016.11.16 07:43:27.680,1.36644,1.36661,1.75,1.50
2016.11.16 07:43:27.984,1.36647,1.36662,1.37,1.00
2016.11.16 07:43:28.491,1.36647,1.36661,1.37,1.00
2016.11.16 07:43:28.694,1.3664,1.36658,2.62,1.00
2016.11.16 07:43:29.123,1.36641,1.3665,2.44,1.09
2016.11.16 07:43:29.226,1.36632,1.36644,4.12,1.00
2016.11.16 07:43:29.370,1.36627,1.36643,2.44,1.00
2016.11.16 07:43:29.421,1.36627,1.36641,1.69,1.00
2016.11.16 07:43:29.523,1.36624,1.36639,1.75,1.12
2016.11.16 07:43:29.574,1.36622,1.36637,1.75,1.00
2016.11.16 07:43:29.626,1.36622,1.36638,1.00,1.00
2016.11.16 07:43:29.677,1.36623,1.36638,1.00,1.12
2016.11.16 07:43:29.998,1.36612,1.36627,3.94,1.00
2016.11.16 07:43:30.050,1.3661,1.36627,1.94,1.00
2016.11.16 07:43:30.152,1.36613,1.36628,1.19,1.50
2016.11.16 07:43:30.254,1.36615,1.36629,2.06,1.00
2016.11.16 07:43:30.305,1.36615,1.36629,2.06,1.00
2016.11.16 07:43:30.559,1.36619,1.36633,1.12,1.00
2016.11.16 07:43:30.660,1.36618,1.36636,1.37,1.50
2016.11.16 07:43:30.762,1.36618,1.36633,1.12,1.12
2016.11.16 07:43:31.116,1.36618,1.36633,1.50,1.12
2016.11.16 07:43:31.853,1.36616,1.36634,3.94,1.12
2016.11.16 07:43:32.006,1.36615,1.36633,3.37,1.12
2016.11.16 07:43:32.057,1.36614,1.36628,1.12,1.00
2016.11.16 07:43:32.260,1.36607,1.3662,1.37,1.00
2016.11.16 07:43:32.362,1.36604,1.36617,1.00,1.00
2016.11.16 07:43:32.464,1.36601,1.36617,1.69,1.00
2016.11.16 07:43:32.992,1.366,1.36617,1.00,1.00
2016.11.16 07:43:33.398,1.36601,1.36617,1.12,1.00
2016.11.16 07:43:33.550,1.36601,1.36619,1.12,1.00
2016.11.16 07:43:33.648,1.36602,1.36619,1.94,1.00
2016.11.16 07:43:33.800,1.36602,1.36619,1.12,1.00
2016.11.16 07:43:33.902,1.36604,1.36623,2.44,1.75
2016.11.16 07:43:33.953,1.36604,1.36623,3.75,1.00
2016.11.16 07:43:34.004,1.3661,1.36626,1.12,1.75
2016.11.16 07:43:34.334,1.36615,1.3663,1.75,1.00
2016.11.16 07:43:34.656,1.36612,1.36628,2.25,1.00
2016.11.16 07:43:34.858,1.36613,1.3663,1.50,1.00
2016.11.16 07:43:35.365,1.36614,1.3663,1.75,1.00
2016.11.16 07:43:35.467,1.36617,1.36632,1.50,1.00
2016.11.16 07:43:35.518,1.36619,1.36632,1.00,1.00
2016.11.16 07:43:35.690,1.36621,1.36637,1.00,1.50
2016.11.16 07:43:35.742,1.36622,1.36637,1.37,1.00
2016.11.16 07:43:35.844,1.36624,1.36639,2.62,1.00
2016.11.16 07:43:35.896,1.36629,1.36639,1.00,1.00
2016.11.16 07:43:35.947,1.36629,1.36642,1.00,2.25
2016.11.16 07:43:35.999,1.36626,1.36644,1.50,1.87
2016.11.16 07:43:36.051,1.36627,1.36643,3.00,1.00
2016.11.16 07:43:36.154,1.36627,1.36643,1.00,1.50
2016.11.16 07:43:36.205,1.36629,1.36643,1.00,1.50
2016.11.16 07:43:36.408,1.36631,1.36646,1.50,1.50
2016.11.16 07:43:36.460,1.36631,1.36646,1.75,1.12
2016.11.16 07:43:37.045,1.36628,1.36644,1.75,1.12
2016.11.16 07:43:37.096,1.36628,1.36642,1.75,1.00
2016.11.16 07:43:37.608,1.36628,1.36643,1.75,1.00
2016.11.16 07:43:37.913,1.36636,1.36649,1.37,1.75
2016.11.16 07:43:38.217,1.36637,1.36645,1.75,1.00
2016.11.16 07:43:38.370,1.36633,1.36645,1.00,1.00
2016.11.16 07:43:38.472,1.36634,1.36642,1.00,1.00
2016.11.16 07:43:38.602,1.36634,1.36644,1.00,1.12
2016.11.16 07:43:38.857,1.36631,1.36644,1.12,1.12
2016.11.16 07:43:38.959,1.36631,1.36644,1.75,1.12
2016.11.16 07:43:39.264,1.36639,1.36651,1.75,1.50
2016.11.16 07:43:39.573,1.36639,1.36652,1.00,1.37
2016.11.16 07:43:39.726,1.36635,1.36649,3.75,1.00
2016.11.16 07:43:39.884,1.36634,1.36649,1.87,1.00
2016.11.16 07:43:40.155,1.36634,1.36647,1.75,1.00
2016.11.16 07:43:40.257,1.36633,1.36645,1.00,1.00
2016.11.16 07:43:40.460,1.36628,1.36644,1.12,1.00
2016.11.16 07:43:40.968,1.36627,1.36645,4.50,1.00
2016.11.16 07:43:41.212,1.36627,1.36643,4.50,1.00
2016.11.16 07:43:41.264,1.36631,1.36645,1.12,1.00
2016.11.16 07:43:41.898,1.36632,1.36646,1.00,1.00
2016.11.16 07:43:42.605,1.36629,1.36646,1.31,1.00
2016.11.16 07:43:44.018,1.36629,1.36644,1.12,1.00
2016.11.16 07:43:44.069,1.36628,1.36644,1.50,1.00
2016.11.16 07:43:44.604,1.36628,1.36644,1.12,1.00
2016.11.16 07:43:45.053,1.3663,1.36644,1.00,1.00
2016.11.16 07:43:45.357,1.36631,1.36641,1.00,1.00
2016.11.16 07:43:45.878,1.36631,1.3664,1.00,1.00
2016.11.16 07:43:46.120,1.36626,1.3664,1.75,1.00
2016.11.16 07:43:46.628,1.36626,1.36639,1.75,1.00
2016.11.16 07:43:47.195,1.36626,1.3664,1.75,1.00
2016.11.16 07:43:47.246,1.36628,1.36645,1.37,1.00
2016.11.16 07:43:48.016,1.3663,1.36646,1.37,1.00
2016.11.16 07:43:48.472,1.3663,1.36646,1.00,1.00
2016.11.16 07:43:49.090,1.3663,1.36645,1.00,1.00
2016.11.16 07:43:50.185,1.3663,1.36643,1.00,1.00
2016.11.16 07:43:50.388,1.36627,1.36641,1.12,1.00
2016.11.16 07:43:50.897,1.36625,1.36639,1.00,1.00
2016.11.16 07:43:51.223,1.36622,1.36637,2.62,1.00
2016.11.16 07:43:51.426,1.36622,1.36636,1.00,1.00
2016.11.16 07:43:51.578,1.36618,1.36636,2.62,1.00
2016.11.16 07:43:51.680,1.36619,1.36636,1.50,1.00
2016.11.16 07:43:52.201,1.36619,1.36637,1.75,1.00
2016.11.16 07:43:52.769,1.3662,1.36638,1.50,1.00
2016.11.16 07:43:53.305,1.36622,1.3664,1.00,1.50
2016.11.16 07:43:53.773,1.36622,1.36638,2.25,1.00
2016.11.16 07:43:54.319,1.36621,1.36638,1.75,1.34
2016.11.16 07:43:54.421,1.3662,1.36637,1.75,1.09
2016.11.16 07:43:54.473,1.36621,1.36635,1.00,1.00
2016.11.16 07:43:54.931,1.36619,1.36636,1.00,1.34
2016.11.16 07:43:55.033,1.36617,1.36633,1.50,1.00
2016.11.16 07:43:55.406,1.36617,1.36634,4.12,1.00
2016.11.16 07:43:55.459,1.36615,1.36634,2.62,1.00
2016.11.16 07:43:55.978,1.36617,1.36634,1.50,1.00
2016.11.16 07:43:56.181,1.36618,1.36634,1.00,1.12
2016.11.16 07:43:57.418,1.36618,1.36633,1.00,1.00
2016.11.16 07:43:57.773,1.36616,1.36633,1.12,1.12
2016.11.16 07:43:57.875,1.36616,1.36632,1.75,1.00
2016.11.16 07:43:57.977,1.36615,1.36632,2.25,1.00
2016.11.16 07:43:59.007,1.36615,1.36634,1.87,1.46
2016.11.16 07:43:59.515,1.36618,1.36634,1.00,1.00
2016.11.16 07:43:59.616,1.36619,1.36636,1.00,1.12
2016.11.16 07:43:59.668,1.36619,1.36636,1.87,1.00
2016.11.16 07:43:59.769,1.36619,1.36636,1.87,1.00
2016.11.16 07:43:59.871,1.36619,1.36636,1.87,1.00
2016.11.16 07:44:00.699,1.36619,1.36634,1.12,1.00
2016.11.16 07:44:00.800,1.36622,1.36636,1.00,1.31
2016.11.16 07:44:01.256,1.36621,1.36639,2.25,1.00
2016.11.16 07:44:01.536,1.36624,1.3664,1.37,1.00
2016.11.16 07:44:01.840,1.36627,1.36645,1.87,1.50
2016.11.16 07:44:02.145,1.36627,1.36645,1.50,2.25
2016.11.16 07:44:02.297,1.3663,1.36645,1.00,1.50
2016.11.16 07:44:02.634,1.36635,1.36652,1.37,1.87
2016.11.16 07:44:02.685,1.36635,1.36652,1.37,1.12
2016.11.16 07:44:02.964,1.36635,1.36654,2.25,2.81
2016.11.16 07:44:03.319,1.36635,1.36651,1.75,1.00
2016.11.16 07:44:03.521,1.36633,1.36649,1.37,1.00
2016.11.16 07:44:03.572,1.36633,1.36649,1.00,1.12
2016.11.16 07:44:04.135,1.36632,1.36648,1.12,1.09
2016.11.16 07:44:04.693,1.36632,1.36648,1.50,1.09
2016.11.16 07:44:05.200,1.36632,1.36649,1.12,2.96
2016.11.16 07:44:05.353,1.36634,1.3665,1.00,3.71
2016.11.16 07:44:05.554,1.36634,1.3665,1.50,1.00
2016.11.16 07:44:05.606,1.36635,1.36654,2.62,1.50
2016.11.16 07:44:05.707,1.36637,1.36654,2.25,1.00
2016.11.16 07:44:06.115,1.36635,1.36651,2.25,1.00
2016.11.16 07:44:06.217,1.36635,1.3665,1.00,1.25
2016.11.16 07:44:06.269,1.36635,1.3665,1.00,2.81
2016.11.16 07:44:06.320,1.36633,1.36649,1.00,1.87
2016.11.16 07:44:06.422,1.36636,1.36649,1.00,1.50
2016.11.16 07:44:06.626,1.36637,1.36653,1.00,1.87
2016.11.16 07:44:06.727,1.36638,1.36653,1.00,1.00
2016.11.16 07:44:06.830,1.36638,1.36655,1.00,1.12
2016.11.16 07:44:07.375,1.36638,1.36654,1.50,1.00
2016.11.16 07:44:08.139,1.36638,1.36655,1.50,1.31
2016.11.16 07:44:08.676,1.36638,1.36655,1.00,1.31
2016.11.16 07:44:09.153,1.36637,1.36654,1.12,1.75
2016.11.16 07:44:09.608,1.36635,1.36653,1.50,1.71
2016.11.16 07:44:09.912,1.36633,1.3665,1.75,1.00
2016.11.16 07:44:10.014,1.36633,1.3665,1.12,1.62
2016.11.16 07:44:12.522,1.36631,1.36648,1.37,1.34
2016.11.16 07:44:12.725,1.36626,1.36643,2.25,1.00
2016.11.16 07:44:12.776,1.36626,1.36643,1.75,1.75
2016.11.16 07:44:13.231,1.36629,1.36643,1.50,1.00
2016.11.16 07:44:13.283,1.36632,1.36643,1.00,1.00
2016.11.16 07:44:13.335,1.36633,1.36648,1.00,1.87
2016.11.16 07:44:13.436,1.36635,1.36649,1.00,1.12
2016.11.16 07:44:13.779,1.36635,1.36651,2.25,1.46
2016.11.16 07:44:14.032,1.36635,1.36651,1.50,1.46
2016.11.16 07:44:14.563,1.36637,1.36651,1.00,1.46
2016.11.16 07:44:14.765,1.36637,1.36651,1.00,1.09
2016.11.16 07:44:15.069,1.36637,1.36645,1.00,1.84
2016.11.16 07:44:15.400,1.36623,1.36638,1.00,1.00
2016.11.16 07:44:15.552,1.36624,1.36638,1.87,1.00
2016.11.16 07:44:15.704,1.36621,1.36638,1.50,1.00
2016.11.16 07:44:15.857,1.36622,1.36638,1.00,1.12
2016.11.16 07:44:16.009,1.36623,1.3664,1.12,2.59
2016.11.16 07:44:16.110,1.36623,1.3664,1.87,2.59
2016.11.16 07:44:16.659,1.36623,1.3664,1.87,1.09
2016.11.16 07:44:17.017,1.36632,1.36642,1.00,2.25
2016.11.16 07:44:17.323,1.36654,1.36665,1.00,1.12
2016.11.16 07:44:17.374,1.36657,1.36665,1.00,1.12
2016.11.16 07:44:17.425,1.36658,1.36672,1.00,1.50
2016.11.16 07:44:17.527,1.3666,1.36673,1.37,1.50
2016.11.16 07:44:17.848,1.36673,1.36687,1.00,2.25
2016.11.16 07:44:17.950,1.36674,1.3669,1.75,1.12
2016.11.16 07:44:18.052,1.36673,1.36685,1.37,1.00
2016.11.16 07:44:18.357,1.36652,1.36659,1.50,3.84
2016.11.16 07:44:18.510,1.36632,1.36647,2.62,1.00
2016.11.16 07:44:18.561,1.36632,1.36644,2.62,1.34
2016.11.16 07:44:18.612,1.36629,1.36645,1.00,2.96
2016.11.16 07:44:18.663,1.36628,1.36641,1.00,1.00
2016.11.16 07:44:18.843,1.36628,1.36644,1.50,1.00
2016.11.16 07:44:18.945,1.36631,1.36646,1.00,1.50
2016.11.16 07:44:19.047,1.36632,1.36648,1.00,1.00
2016.11.16 07:44:19.148,1.36632,1.36648,1.75,1.00
2016.11.16 07:44:19.655,1.3663,1.36647,2.81,1.00
2016.11.16 07:44:19.960,1.36632,1.36647,1.75,1.50
2016.11.16 07:44:20.081,1.36632,1.36649,1.37,1.37
2016.11.16 07:44:20.284,1.3663,1.36647,1.12,1.00
2016.11.16 07:44:20.335,1.36633,1.36645,1.37,1.00
2016.11.16 07:44:20.386,1.36632,1.36649,1.50,1.50
2016.11.16 07:44:20.540,1.36631,1.36647,1.37,1.00
2016.11.16 07:44:20.848,1.36631,1.36648,1.87,2.25
2016.11.16 07:44:20.949,1.36633,1.36648,1.37,1.00
2016.11.16 07:44:21.000,1.36634,1.36648,1.37,1.00
2016.11.16 07:44:21.281,1.36635,1.36651,1.37,1.00
2016.11.16 07:44:21.789,1.36634,1.3665,1.37,1.12
2016.11.16 07:44:22.332,1.36633,1.3665,1.50,1.12
2016.11.16 07:44:23.060,1.36634,1.3665,1.37,1.12
2016.11.16 07:44:23.608,1.36636,1.36652,1.37,1.75
2016.11.16 07:44:23.866,1.36635,1.36653,1.50,1.87
2016.11.16 07:44:24.069,1.36635,1.36653,1.50,1.87
2016.11.16 07:44:25.096,1.36635,1.36649,1.00,1.00
2016.11.16 07:44:25.148,1.36633,1.36649,1.00,1.00
2016.11.16 07:44:25.199,1.36632,1.36647,1.37,1.12
2016.11.16 07:44:25.351,1.36629,1.36646,1.12,1.00
2016.11.16 07:44:25.504,1.36627,1.36644,2.25,1.00
2016.11.16 07:44:25.759,1.36623,1.3664,1.50,1.12
2016.11.16 07:44:25.810,1.36626,1.36642,1.00,1.50
2016.11.16 07:44:26.115,1.36628,1.36642,1.00,1.12
2016.11.16 07:44:26.398,1.36624,1.36641,1.50,2.21
2016.11.16 07:44:26.552,1.36627,1.3664,1.00,1.12
2016.11.16 07:44:26.757,1.3663,1.36646,1.00,1.37
2016.11.16 07:44:26.861,1.36637,1.36646,1.00,1.12
2016.11.16 07:44:27.014,1.36641,1.36654,1.87,1.87
2016.11.16 07:44:27.115,1.36643,1.36657,1.12,2.25
2016.11.16 07:44:27.217,1.36643,1.36658,1.50,1.12
2016.11.16 07:44:27.319,1.36645,1.36657,1.00,1.00
2016.11.16 07:44:27.421,1.36645,1.3666,1.00,1.37
2016.11.16 07:44:27.541,1.36646,1.36661,1.00,1.87
2016.11.16 07:44:28.049,1.36647,1.36661,1.00,1.00
2016.11.16 07:44:28.100,1.36649,1.36663,1.00,1.12
2016.11.16 07:44:28.202,1.36649,1.36666,1.00,1.87
2016.11.16 07:44:28.354,1.3665,1.36667,1.50,2.25
2016.11.16 07:44:28.711,1.36653,1.36668,1.00,1.50
2016.11.16 07:44:29.084,1.3665,1.36667,1.12,2.62
2016.11.16 07:44:29.186,1.36647,1.3666,1.87,1.00
2016.11.16 07:44:29.391,1.36636,1.36649,2.38,1.50
2016.11.16 07:44:29.492,1.36633,1.36648,2.25,1.87
2016.11.16 07:44:29.543,1.3663,1.36647,1.12,1.12
2016.11.16 07:44:29.696,1.36628,1.36644,3.00,1.09
2016.11.16 07:44:30.068,1.36637,1.36653,1.00,3.37
2016.11.16 07:44:30.373,1.36638,1.36652,1.00,1.50
2016.11.16 07:44:30.779,1.36637,1.3665,1.00,1.50
2016.11.16 07:44:31.033,1.36631,1.36649,1.50,1.12
2016.11.16 07:44:32.105,1.36634,1.36649,1.00,1.12
2016.11.16 07:44:32.257,1.36637,1.36652,1.00,1.37
2016.11.16 07:44:32.461,1.36639,1.36654,1.50,1.12
2016.11.16 07:44:32.614,1.36644,1.36658,1.00,1.12
2016.11.16 07:44:32.715,1.36646,1.36662,1.00,2.77
2016.11.16 07:44:33.146,1.36647,1.36663,1.00,2.25
2016.11.16 07:44:33.247,1.36647,1.36663,1.00,3.37
2016.11.16 07:44:33.319,1.36645,1.36663,1.00,4.46
2016.11.16 07:44:33.825,1.36644,1.36661,1.50,1.46
2016.11.16 07:44:34.088,1.36642,1.36659,2.25,1.00
2016.11.16 07:44:34.190,1.36642,1.36659,2.62,1.12
2016.11.16 07:44:34.342,1.36645,1.36661,1.00,1.12
2016.11.16 07:44:34.885,1.36646,1.36662,1.00,1.12
2016.11.16 07:44:35.191,1.36647,1.36664,1.37,1.87
2016.11.16 07:44:35.243,1.36646,1.36665,2.25,1.12
2016.11.16 07:44:35.295,1.36648,1.36659,1.12,1.00
2016.11.16 07:44:35.640,1.36648,1.36659,1.87,1.00
2016.11.16 07:44:35.988,1.36649,1.36658,1.00,1.00
2016.11.16 07:44:36.089,1.3665,1.36656,1.00,1.00
2016.11.16 07:44:36.292,1.36645,1.36657,1.12,1.00
2016.11.16 07:44:36.548,1.36646,1.36656,1.37,1.00
2016.11.16 07:44:36.802,1.3665,1.36663,1.87,1.00
2016.11.16 07:44:36.954,1.36651,1.36661,1.75,1.00
2016.11.16 07:44:37.238,1.36645,1.36656,1.87,1.00
2016.11.16 07:44:38.149,1.3665,1.36658,1.12,1.00
2016.11.16 07:44:38.251,1.3665,1.36662,1.12,1.00
2016.11.16 07:44:38.479,1.36651,1.36662,1.87,1.00
2016.11.16 07:44:39.007,1.36653,1.36661,1.00,1.00
2016.11.16 07:44:39.321,1.36652,1.36663,1.50,1.00
2016.11.16 07:44:39.833,1.36651,1.36662,1.87,1.00
2016.11.16 07:44:40.383,1.3665,1.36662,1.87,1.00
2016.11.16 07:44:40.686,1.3665,1.3666,1.50,1.00
2016.11.16 07:44:40.991,1.36648,1.36655,1.12,1.00
2016.11.16 07:44:41.194,1.36644,1.36652,1.00,1.00
2016.11.16 07:44:41.245,1.36643,1.3665,1.37,1.00
2016.11.16 07:44:41.296,1.36641,1.36651,1.37,1.00
2016.11.16 07:44:41.347,1.36641,1.36653,1.37,1.00
2016.11.16 07:44:41.500,1.36643,1.36655,1.87,1.00
2016.11.16 07:44:41.578,1.36643,1.36654,1.87,1.00
2016.11.16 07:44:42.037,1.36644,1.36651,1.12,1.00
2016.11.16 07:44:42.088,1.36642,1.36651,1.37,1.00
2016.11.16 07:44:42.139,1.36642,1.36651,1.12,1.00
2016.11.16 07:44:42.393,1.36639,1.36651,1.50,1.00
2016.11.16 07:44:42.444,1.36641,1.36654,1.00,1.50
2016.11.16 07:44:42.546,1.36643,1.36654,1.37,1.00
2016.11.16 07:44:42.597,1.36643,1.36656,1.37,1.00
2016.11.16 07:44:42.698,1.36646,1.36657,1.00,1.00
2016.11.16 07:44:43.017,1.36641,1.36652,1.37,1.00
2016.11.16 07:44:43.220,1.36639,1.36651,1.37,1.00
2016.11.16 07:44:43.829,1.36638,1.3665,1.12,1.00
2016.11.16 07:44:43.930,1.36637,1.36648,1.37,1.00
2016.11.16 07:44:44.032,1.36633,1.36647,1.87,1.00
2016.11.16 07:44:44.235,1.36633,1.36646,1.37,1.00
2016.11.16 07:44:44.456,1.36632,1.36643,1.37,1.00
2016.11.16 07:44:44.558,1.3663,1.36643,1.50,1.00
2016.11.16 07:44:44.711,1.36629,1.36641,1.50,1.00
2016.11.16 07:44:45.522,1.3663,1.36643,1.50,1.00
2016.11.16 07:44:45.624,1.36631,1.36644,1.87,1.00
2016.11.16 07:44:46.143,1.36631,1.36645,2.62,1.00
2016.11.16 07:44:46.702,1.36634,1.36646,1.12,1.00
2016.11.16 07:44:48.295,1.36633,1.36645,1.50,1.00
2016.11.16 07:44:48.448,1.36633,1.36647,1.12,1.00
2016.11.16 07:44:48.499,1.36635,1.36648,1.00,1.00
2016.11.16 07:44:48.803,1.36636,1.36651,1.87,1.00
2016.11.16 07:44:48.955,1.36635,1.36648,1.75,1.00
2016.11.16 07:44:49.057,1.36635,1.36648,1.87,1.00
2016.11.16 07:44:49.109,1.36636,1.36651,1.00,1.00
2016.11.16 07:44:49.211,1.36637,1.36652,1.50,1.00
2016.11.16 07:44:49.529,1.3664,1.36652,1.00,1.00
2016.11.16 07:44:49.884,1.36641,1.3665,1.56,1.00
2016.11.16 07:44:49.985,1.36641,1.36653,1.56,1.00
2016.11.16 07:44:50.087,1.3664,1.36656,2.44,1.50
2016.11.16 07:44:50.468,1.36641,1.36655,2.06,1.00
2016.11.16 07:44:50.875,1.36641,1.36655,1.37,1.00
2016.11.16 07:44:50.976,1.36642,1.36653,1.00,1.00
2016.11.16 07:44:51.028,1.3664,1.36655,1.87,1.00
2016.11.16 07:44:51.129,1.36641,1.36653,1.37,1.00
2016.11.16 07:44:51.281,1.36637,1.36653,1.12,1.00
2016.11.16 07:44:51.333,1.36636,1.36653,1.87,1.00
2016.11.16 07:44:51.619,1.36639,1.36656,2.25,1.00
2016.11.16 07:44:51.721,1.36641,1.36656,1.75,1.00
2016.11.16 07:44:52.024,1.36642,1.36656,1.12,1.00
2016.11.16 07:44:52.331,1.36642,1.36652,1.12,1.00
2016.11.16 07:44:52.382,1.36639,1.36652,1.37,1.00
2016.11.16 07:44:52.917,1.36637,1.36652,1.87,1.00
2016.11.16 07:44:53.531,1.36637,1.3665,1.37,1.00
2016.11.16 07:44:53.686,1.36637,1.3665,1.12,1.00
2016.11.16 07:44:53.890,1.36637,1.36652,1.00,1.00
2016.11.16 07:44:54.044,1.36637,1.36653,1.87,1.00
2016.11.16 07:44:54.146,1.3664,1.36655,1.00,1.50
2016.11.16 07:44:54.248,1.36644,1.36657,1.00,1.87
2016.11.16 07:44:54.579,1.36641,1.36654,1.75,1.00
2016.11.16 07:44:54.781,1.36634,1.36649,1.75,1.00
2016.11.16 07:44:54.833,1.36634,1.36648,1.00,1.00
2016.11.16 07:44:55.087,1.36632,1.36646,1.12,1.00
2016.11.16 07:44:55.138,1.36632,1.36648,1.12,1.00
2016.11.16 07:44:55.908,1.36633,1.36647,1.37,1.00
2016.11.16 07:44:56.010,1.36632,1.36643,1.12,1.00
2016.11.16 07:44:56.162,1.36629,1.36643,1.00,1.00
2016.11.16 07:44:56.673,1.36628,1.36644,2.25,1.00
2016.11.16 07:44:57.203,1.36628,1.36641,1.50,1.00
2016.11.16 07:44:57.457,1.3662,1.36637,1.87,1.00
2016.11.16 07:44:57.970,1.3662,1.36637,1.50,1.00
2016.11.16 07:44:58.142,1.36623,1.3664,1.00,1.50
2016.11.16 07:44:58.447,1.36632,1.36648,1.87,1.00
2016.11.16 07:44:58.955,1.36634,1.3665,1.50,2.25
2016.11.16 07:44:59.007,1.36634,1.3665,1.87,1.12
2016.11.16 07:44:59.312,1.36633,1.36648,1.87,1.00
2016.11.16 07:44:59.634,1.36632,1.36647,1.87,1.50
2016.11.16 07:44:59.737,1.36632,1.36647,1.12,1.50
2016.11.16 07:44:59.997,1.36632,1.36645,1.00,1.00
2016.11.16 07:45:00.723,1.36632,1.36646,1.00,1.00
2016.11.16 07:45:00.774,1.36632,1.36648,1.50,1.87
2016.11.16 07:45:00.826,1.36632,1.36648,1.87,1.50
2016.11.16 07:45:01.092,1.36635,1.3665,1.12,1.00
2016.11.16 07:45:01.447,1.36636,1.36652,2.62,2.62
2016.11.16 07:45:01.651,1.36637,1.36653,3.75,1.00
2016.11.16 07:45:01.754,1.36636,1.36652,1.87,1.00
2016.11.16 07:45:01.960,1.36635,1.3665,1.75,1.00
2016.11.16 07:45:02.265,1.36625,1.36642,3.37,1.37
2016.11.16 07:45:02.316,1.36626,1.3664,1.00,1.00
2016.11.16 07:45:02.443,1.36623,1.36639,1.00,1.50
2016.11.16 07:45:02.494,1.36623,1.36639,1.00,1.37
2016.11.16 07:45:03.001,1.36624,1.36639,1.00,1.50
2016.11.16 07:45:03.052,1.36624,1.36639,1.00,2.25
2016.11.16 07:45:03.255,1.36624,1.36639,1.75,1.50
2016.11.16 07:45:03.457,1.3662,1.36637,1.37,1.00
2016.11.16 07:45:03.662,1.36621,1.36637,2.25,1.00
2016.11.16 07:45:04.212,1.36621,1.36638,1.50,1.12
2016.11.16 07:45:04.532,1.36619,1.36634,1.12,1.00
2016.11.16 07:45:04.634,1.3662,1.36636,1.09,1.50
2016.11.16 07:45:04.685,1.36624,1.36638,1.87,1.12
2016.11.16 07:45:04.837,1.3663,1.36644,2.77,1.00
2016.11.16 07:45:04.888,1.36638,1.36644,1.00,1.00
2016.11.16 07:45:04.939,1.36638,1.36648,1.50,1.00
2016.11.16 07:45:05.043,1.36638,1.36651,1.87,1.00
2016.11.16 07:45:05.145,1.36637,1.36652,1.75,1.12
2016.11.16 07:45:05.853,1.36639,1.36654,1.00,1.12
2016.11.16 07:45:06.056,1.36639,1.36656,1.87,1.00
2016.11.16 07:45:06.360,1.36641,1.36657,1.12,1.12
2016.11.16 07:45:07.534,1.36641,1.36656,1.12,1.00
2016.11.16 07:45:07.838,1.36639,1.36654,1.00,1.20
2016.11.16 07:45:07.991,1.36638,1.36655,1.46,1.12
2016.11.16 07:45:08.042,1.36641,1.36657,1.00,1.87
2016.11.16 07:45:08.354,1.36646,1.36662,1.75,2.25
2016.11.16 07:45:08.870,1.36647,1.36662,1.37,1.00
2016.11.16 07:45:09.377,1.36649,1.36665,1.00,1.50
2016.11.16 07:45:09.899,1.36647,1.36664,2.62,1.12
2016.11.16 07:45:10.413,1.36648,1.36665,1.50,2.25
2016.11.16 07:45:10.975,1.36648,1.36663,1.12,1.00
2016.11.16 07:45:11.078,1.36648,1.36663,1.00,1.00
2016.11.16 07:45:11.808,1.36646,1.3666,1.37,1.00
2016.11.16 07:45:11.960,1.36645,1.36659,1.00,1.00
2016.11.16 07:45:12.467,1.36644,1.36659,1.75,1.12
2016.11.16 07:45:12.670,1.36643,1.36657,1.12,1.00
2016.11.16 07:45:12.873,1.36637,1.36654,1.37,1.00
2016.11.16 07:45:13.062,1.36637,1.36652,1.12,1.00
2016.11.16 07:45:13.571,1.36637,1.36651,1.12,1.00
2016.11.16 07:45:13.875,1.36638,1.36654,1.00,1.37
2016.11.16 07:45:13.976,1.36639,1.36656,1.50,1.87
2016.11.16 07:45:14.027,1.3664,1.36656,1.37,1.50
2016.11.16 07:45:14.180,1.3664,1.36656,1.75,1.12
2016.11.16 07:45:14.506,1.36645,1.36658,1.00,1.00
2016.11.16 07:45:14.658,1.36643,1.36658,1.00,1.00
2016.11.16 07:45:15.116,1.36643,1.36656,1.00,1.00
2016.11.16 07:45:16.100,1.36643,1.36656,2.44,1.00
2016.11.16 07:45:16.151,1.36643,1.36661,3.19,1.50
2016.11.16 07:45:17.027,1.36643,1.36658,1.37,1.00
2016.11.16 07:45:17.078,1.36643,1.3666,1.37,1.00
2016.11.16 07:45:17.130,1.36642,1.36658,1.12,1.37
2016.11.16 07:45:17.181,1.36641,1.36657,1.87,1.37
2016.11.16 07:45:17.283,1.3664,1.36655,1.75,1.00
2016.11.16 07:45:17.486,1.36638,1.36654,2.62,1.00
2016.11.16 07:45:17.610,1.36638,1.36654,1.50,1.50
2016.11.16 07:45:18.117,1.36638,1.36655,1.87,1.50
2016.11.16 07:45:18.625,1.36638,1.36654,1.00,1.00
2016.11.16 07:45:19.428,1.36638,1.36652,1.00,1.00
2016.11.16 07:45:19.684,1.36633,1.36649,1.12,1.00
2016.11.16 07:45:19.938,1.36635,1.36651,1.00,1.00
2016.11.16 07:45:19.989,1.36635,1.36653,1.50,1.12
2016.11.16 07:45:20.091,1.36635,1.36653,1.87,1.00
2016.11.16 07:45:23.427,1.36636,1.36652,1.75,1.00
2016.11.16 07:45:23.630,1.36635,1.3665,1.00,1.00
2016.11.16 07:45:24.149,1.36634,1.36651,3.37,1.00
2016.11.16 07:45:24.474,1.36635,1.36653,1.87,1.00
2016.11.16 07:45:24.526,1.36636,1.36653,2.62,1.00
2016.11.16 07:45:25.032,1.36638,1.36654,1.37,1.00
2016.11.16 07:45:25.335,1.36638,1.36652,1.37,1.00
2016.11.16 07:45:25.812,1.36638,1.36647,1.37,1.00
2016.11.16 07:45:25.964,1.36629,1.36647,1.12,1.50
2016.11.16 07:45:26.935,1.36631,1.36647,2.25,1.50
2016.11.16 07:45:27.714,1.36631,1.36647,1.12,1.00
2016.11.16 07:45:28.170,1.36631,1.36644,1.12,1.00
2016.11.16 07:45:28.373,1.36631,1.36647,1.00,1.00
2016.11.16 07:45:29.556,1.36631,1.36647,1.50,1.50
2016.11.16 07:45:30.214,1.36632,1.36648,1.37,1.00
2016.11.16 07:45:30.723,1.36631,1.36647,1.50,1.00
2016.11.16 07:45:30.826,1.36629,1.36644,1.50,1.00
2016.11.16 07:45:30.928,1.36624,1.36642,1.12,1.12
2016.11.16 07:45:31.220,1.36624,1.36641,1.00,1.50
2016.11.16 07:45:32.639,1.36625,1.36642,1.00,1.12
2016.11.16 07:45:32.741,1.36625,1.36643,2.62,1.50
2016.11.16 07:45:32.904,1.36626,1.36644,2.25,1.00
2016.11.16 07:45:33.208,1.36628,1.36643,1.00,1.00
2016.11.16 07:45:34.728,1.36628,1.36643,1.00,1.50
2016.11.16 07:45:35.184,1.36628,1.36644,1.12,1.12
2016.11.16 07:45:36.575,1.36627,1.36643,1.50,1.00
2016.11.16 07:45:36.747,1.36624,1.36643,1.50,1.12
2016.11.16 07:45:37.153,1.36624,1.36644,1.50,1.87
2016.11.16 07:45:37.640,1.36627,1.36642,1.00,1.00
2016.11.16 07:45:38.174,1.36628,1.36642,1.00,1.00
2016.11.16 07:45:38.841,1.36625,1.36642,1.00,1.00
2016.11.16 07:45:39.985,1.36624,1.36642,2.25,1.00
2016.11.16 07:45:40.036,1.36624,1.36642,1.50,2.25
2016.11.16 07:45:40.575,1.36623,1.36642,3.00,2.25
2016.11.16 07:45:41.104,1.36624,1.36642,1.00,1.75
2016.11.16 07:45:42.222,1.36624,1.36641,1.12,1.00
2016.11.16 07:45:42.578,1.36622,1.36638,1.37,1.12
2016.11.16 07:45:42.680,1.3662,1.36639,2.44,2.25
2016.11.16 07:45:42.934,1.36624,1.36641,1.00,2.25
2016.11.16 07:45:43.137,1.36624,1.36641,1.00,1.87
2016.11.16 07:45:43.644,1.36624,1.36641,1.69,1.00
2016.11.16 07:45:44.181,1.36625,1.36642,1.12,1.00
2016.11.16 07:45:45.026,1.36625,1.36642,1.00,2.25
2016.11.16 07:45:45.542,1.36624,1.36643,1.12,1.87
2016.11.16 07:45:46.230,1.36625,1.36642,1.00,1.50
2016.11.16 07:45:47.383,1.36626,1.36643,1.00,1.87
2016.11.16 07:45:48.178,1.36624,1.36641,1.12,1.12
2016.11.16 07:45:48.433,1.36626,1.3664,1.00,1.00
2016.11.16 07:45:48.585,1.36628,1.36643,1.00,1.12
2016.11.16 07:45:48.737,1.36628,1.36643,1.87,1.00
2016.11.16 07:45:49.041,1.36631,1.36647,1.31,1.00
2016.11.16 07:45:49.577,1.36633,1.36649,1.00,1.37
2016.11.16 07:45:50.266,1.36629,1.36646,1.50,1.37
2016.11.16 07:45:50.368,1.36627,1.36643,1.00,1.12
2016.11.16 07:45:50.798,1.36624,1.36641,2.06,1.00
2016.11.16 07:45:51.102,1.36623,1.36639,1.25,1.37
2016.11.16 07:45:51.676,1.36621,1.36638,1.37,1.12
2016.11.16 07:45:51.980,1.36617,1.36633,1.12,1.50
2016.11.16 07:45:52.308,1.36614,1.3663,1.00,1.12
2016.11.16 07:45:52.661,1.36612,1.36629,1.31,1.75
2016.11.16 07:45:52.764,1.3661,1.36628,1.25,1.75
2016.11.16 07:45:52.866,1.36612,1.36624,1.00,1.00
2016.11.16 07:45:53.069,1.36615,1.36629,1.00,1.37
2016.11.16 07:45:53.587,1.36615,1.36632,1.00,1.87
2016.11.16 07:45:54.091,1.36614,1.36631,1.00,1.12
2016.11.16 07:45:54.615,1.36614,1.3663,1.00,1.12
2016.11.16 07:45:54.818,1.36611,1.36628,1.00,1.12
2016.11.16 07:45:54.869,1.36609,1.36626,1.87,1.37
2016.11.16 07:45:54.920,1.36608,1.36625,1.12,1.12
2016.11.16 07:45:54.971,1.36607,1.36624,1.00,1.50
2016.11.16 07:45:55.778,1.36604,1.36621,1.50,1.00
2016.11.16 07:45:55.930,1.36603,1.36616,1.00,1.00
2016.11.16 07:45:55.981,1.36603,1.36618,1.00,1.00
2016.11.16 07:45:56.487,1.36603,1.36619,1.00,1.12
2016.11.16 07:45:56.713,1.36604,1.36621,1.00,1.75
2016.11.16 07:45:56.764,1.36604,1.36621,1.00,1.12
2016.11.16 07:45:56.917,1.36604,1.36621,1.00,1.87
2016.11.16 07:45:57.221,1.366,1.36617,1.69,1.00
2016.11.16 07:45:57.322,1.36598,1.36616,2.62,1.00
2016.11.16 07:45:57.828,1.36598,1.36617,1.37,1.75
2016.11.16 07:45:58.351,1.36598,1.36615,1.00,1.00
2016.11.16 07:45:59.773,1.36597,1.36613,1.12,1.00
2016.11.16 07:45:59.926,1.36593,1.3661,1.50,1.00
2016.11.16 07:46:00.477,1.36594,1.36612,1.00,1.50
2016.11.16 07:46:00.591,1.36596,1.36612,1.00,1.12
2016.11.16 07:46:00.998,1.36598,1.36615,1.00,1.87
2016.11.16 07:46:01.506,1.36598,1.36615,1.00,1.50
2016.11.16 07:46:02.040,1.36599,1.36616,1.12,1.50
2016.11.16 07:46:02.245,1.36601,1.36616,1.00,1.00
2016.11.16 07:46:02.550,1.36607,1.36622,1.00,1.50
2016.11.16 07:46:03.057,1.36608,1.36623,1.00,2.25
2016.11.16 07:46:03.109,1.36606,1.36623,1.00,2.25
2016.11.16 07:46:03.488,1.36604,1.36621,1.00,1.12
2016.11.16 07:46:03.793,1.36607,1.36621,1.00,1.37
2016.11.16 07:46:04.097,1.36611,1.36623,1.00,1.00
2016.11.16 07:46:04.249,1.36613,1.36629,1.00,1.37
2016.11.16 07:46:04.522,1.36611,1.36629,1.12,1.37
2016.11.16 07:46:05.973,1.36612,1.36629,1.00,1.37
2016.11.16 07:46:06.024,1.36614,1.36629,1.00,1.37
2016.11.16 07:46:06.329,1.36616,1.36633,1.12,1.75
2016.11.16 07:46:06.683,1.36613,1.36628,1.87,1.46
2016.11.16 07:46:06.938,1.36613,1.36627,1.00,1.50
2016.11.16 07:46:07.090,1.36613,1.36626,1.00,1.87
2016.11.16 07:46:07.412,1.36609,1.36626,1.50,1.87
2016.11.16 07:46:08.043,1.36608,1.36625,1.12,1.87
2016.11.16 07:46:08.508,1.36607,1.36623,1.00,1.50
2016.11.16 07:46:08.812,1.36607,1.36622,1.00,1.12
2016.11.16 07:46:08.863,1.36607,1.36623,1.00,2.21
2016.11.16 07:46:09.766,1.36607,1.36623,1.00,2.62
2016.11.16 07:46:09.918,1.36605,1.36623,1.00,2.62
2016.11.16 07:46:10.222,1.36608,1.36623,1.00,2.62
2016.11.16 07:46:10.768,1.36604,1.3662,1.00,1.50
2016.11.16 07:46:10.878,1.36603,1.36619,1.00,1.50
2016.11.16 07:46:11.387,1.36602,1.36619,1.00,1.37
2016.11.16 07:46:11.894,1.36602,1.36617,1.00,1.00
2016.11.16 07:46:12.453,1.36603,1.36617,1.00,1.00
2016.11.16 07:46:13.096,1.36603,1.36619,1.00,1.37
2016.11.16 07:46:13.248,1.36599,1.36617,1.50,1.00
2016.11.16 07:46:13.451,1.36598,1.36616,1.37,2.25
2016.11.16 07:46:13.771,1.36597,1.36611,1.00,1.00
2016.11.16 07:46:13.905,1.36594,1.36611,1.37,1.00
2016.11.16 07:46:14.419,1.36595,1.36612,1.12,1.00
2016.11.16 07:46:14.520,1.36598,1.36612,1.00,1.00
2016.11.16 07:46:14.824,1.36593,1.36608,1.50,1.00
2016.11.16 07:46:14.926,1.36589,1.36608,2.62,1.12
2016.11.16 07:46:14.977,1.36589,1.36606,2.62,1.00
2016.11.16 07:46:15.539,1.3659,1.36606,1.00,1.00
2016.11.16 07:46:15.741,1.36592,1.36606,1.00,1.00
2016.11.16 07:46:15.843,1.36593,1.36608,1.00,1.00
2016.11.16 07:46:15.894,1.36595,1.36609,1.00,1.37
2016.11.16 07:46:15.995,1.36596,1.36614,1.87,1.50
2016.11.16 07:46:16.046,1.36598,1.36614,1.37,1.12
2016.11.16 07:46:16.552,1.36597,1.36614,1.12,1.50
2016.11.16 07:46:17.133,1.36598,1.36615,1.12,1.00
2016.11.16 07:46:17.336,1.366,1.36618,1.00,1.12
2016.11.16 07:46:17.437,1.36601,1.36618,1.12,1.00
2016.11.16 07:46:17.975,1.36601,1.36619,1.87,1.00
2016.11.16 07:46:18.507,1.36602,1.36619,1.87,1.00
2016.11.16 07:46:19.027,1.36602,1.36618,1.87,1.00
2016.11.16 07:46:20.934,1.36603,1.3662,1.75,1.12
2016.11.16 07:46:21.137,1.36606,1.3662,1.37,1.00
2016.11.16 07:46:21.441,1.36607,1.36624,1.12,1.50
2016.11.16 07:46:22.048,1.36607,1.36623,1.12,1.50
2016.11.16 07:46:22.150,1.36608,1.36625,1.50,1.50
2016.11.16 07:46:22.455,1.3661,1.36626,1.37,1.00
2016.11.16 07:46:23.116,1.36609,1.36624,1.37,1.00
2016.11.16 07:46:23.269,1.36607,1.36622,1.00,1.00
2016.11.16 07:46:24.375,1.36607,1.36624,1.00,1.50
2016.11.16 07:46:24.955,1.36607,1.36622,1.00,1.00
2016.11.16 07:46:25.675,1.36607,1.36624,1.00,2.25
2016.11.16 07:46:26.181,1.36605,1.36621,1.12,1.00
2016.11.16 07:46:26.510,1.36604,1.3662,1.75,1.69
2016.11.16 07:46:26.662,1.36602,1.36619,1.87,1.31
2016.11.16 07:46:28.264,1.36602,1.36612,1.12,1.00
2016.11.16 07:46:28.315,1.36596,1.36612,1.75,1.00
2016.11.16 07:46:28.366,1.36595,1.36612,1.12,2.25
2016.11.16 07:46:28.417,1.36593,1.3661,1.75,1.31
2016.11.16 07:46:28.469,1.36592,1.36609,1.12,1.75
2016.11.16 07:46:28.649,1.36592,1.36609,1.00,2.25
2016.11.16 07:46:29.205,1.36592,1.36608,1.00,1.00
2016.11.16 07:46:29.616,1.36592,1.3661,1.37,1.87
2016.11.16 07:46:30.120,1.36593,1.36611,1.87,1.00
2016.11.16 07:46:30.425,1.36599,1.36618,1.87,1.50
2016.11.16 07:46:30.627,1.366,1.36618,1.87,1.87
2016.11.16 07:46:31.184,1.36603,1.36617,1.12,1.00
2016.11.16 07:46:31.515,1.36604,1.36619,1.50,1.50
2016.11.16 07:46:31.769,1.36609,1.36626,1.50,1.00
2016.11.16 07:46:31.820,1.36609,1.36627,1.87,1.00
2016.11.16 07:46:31.921,1.3661,1.36629,1.87,1.50
2016.11.16 07:46:32.630,1.3661,1.36627,1.12,1.00
2016.11.16 07:46:32.859,1.36609,1.36626,1.50,1.00
2016.11.16 07:46:33.673,1.36612,1.36628,1.00,1.87
2016.11.16 07:46:33.978,1.36618,1.36634,1.00,2.25
2016.11.16 07:46:34.147,1.36618,1.36633,2.25,1.00
2016.11.16 07:46:34.248,1.36618,1.36633,1.00,1.00
2016.11.16 07:46:34.379,1.36619,1.36633,1.00,1.19
2016.11.16 07:46:34.430,1.36619,1.36633,1.00,1.69
2016.11.16 07:46:34.481,1.36616,1.36633,1.50,2.06
2016.11.16 07:46:34.684,1.36614,1.36632,1.12,1.50
2016.11.16 07:46:34.938,1.36614,1.36631,1.50,1.87
2016.11.16 07:46:34.989,1.36614,1.36629,1.50,1.00
2016.11.16 07:46:37.830,1.36615,1.36632,1.00,1.00
2016.11.16 07:46:38.387,1.36616,1.36633,1.00,1.50
2016.11.16 07:46:38.591,1.36618,1.36635,1.00,1.00
2016.11.16 07:46:40.298,1.36617,1.36637,1.87,2.25
2016.11.16 07:46:40.349,1.3662,1.36635,1.56,1.00
2016.11.16 07:46:40.554,1.36622,1.36637,1.19,1.12
2016.11.16 07:46:40.982,1.36622,1.36637,1.12,1.00
2016.11.16 07:46:41.236,1.36622,1.36639,1.12,1.00
2016.11.16 07:46:41.541,1.36622,1.36638,1.12,2.25
2016.11.16 07:46:41.744,1.36622,1.36638,1.00,2.25
2016.11.16 07:46:42.032,1.36622,1.3664,1.60,2.62
2016.11.16 07:46:42.172,1.36626,1.36641,1.04,1.75
2016.11.16 07:46:42.223,1.36627,1.36643,1.37,1.00
2016.11.16 07:46:42.274,1.36629,1.36643,1.12,1.00
2016.11.16 07:46:42.376,1.36629,1.36645,1.12,1.00
2016.11.16 07:46:42.478,1.3663,1.36645,1.00,1.87
2016.11.16 07:46:42.833,1.36625,1.36644,2.25,1.50
2016.11.16 07:46:42.935,1.36625,1.36641,1.50,1.00
2016.11.16 07:46:43.446,1.36625,1.36642,1.41,1.00
2016.11.16 07:46:43.954,1.36625,1.36637,1.12,1.00
2016.11.16 07:46:44.411,1.36619,1.36633,1.12,1.12
2016.11.16 07:46:44.513,1.36616,1.36631,1.00,1.50
2016.11.16 07:46:44.615,1.36612,1.36629,1.37,1.50
2016.11.16 07:46:44.818,1.3661,1.36628,1.50,1.50
2016.11.16 07:46:45.234,1.3661,1.36626,1.00,1.50
2016.11.16 07:46:47.542,1.36606,1.36624,1.87,1.50
2016.11.16 07:46:47.949,1.36607,1.36625,1.50,1.12
2016.11.16 07:46:48.455,1.36607,1.36625,1.87,1.12
2016.11.16 07:46:48.917,1.36607,1.36624,1.75,1.50
2016.11.16 07:46:49.019,1.36607,1.36624,1.12,1.50
2016.11.16 07:46:49.938,1.36604,1.36622,2.62,1.00
2016.11.16 07:46:50.040,1.36604,1.36623,2.62,2.44
2016.11.16 07:46:50.306,1.36601,1.36618,2.25,2.25
2016.11.16 07:46:50.560,1.366,1.36617,1.12,2.25
2016.11.16 07:46:50.661,1.36601,1.36617,1.00,2.25
2016.11.16 07:46:51.067,1.36598,1.36615,1.12,1.50
2016.11.16 07:46:51.573,1.36597,1.36615,1.87,1.87
2016.11.16 07:46:52.527,1.36597,1.36614,1.87,1.50
2016.11.16 07:46:52.729,1.36598,1.36614,1.12,1.00
2016.11.16 07:46:53.318,1.36598,1.36614,1.12,1.37
2016.11.16 07:46:53.859,1.36598,1.36611,1.12,1.69
2016.11.16 07:46:54.047,1.36592,1.36605,1.12,1.00
2016.11.16 07:46:54.149,1.36593,1.36606,1.00,1.75
2016.11.16 07:46:54.404,1.36584,1.36601,1.50,1.00
2016.11.16 07:46:54.457,1.36583,1.366,2.25,1.12
2016.11.16 07:46:54.660,1.36583,1.366,1.12,1.50
2016.11.16 07:46:55.297,1.36581,1.36598,1.75,1.62
2016.11.16 07:46:55.884,1.3658,1.36596,1.12,1.25
2016.11.16 07:46:56.189,1.36579,1.36597,1.12,3.00
2016.11.16 07:46:56.240,1.36579,1.36597,1.12,1.37
2016.11.16 07:46:56.392,1.36581,1.36598,1.12,1.09
2016.11.16 07:46:56.808,1.36582,1.36599,1.87,1.12
2016.11.16 07:46:56.961,1.36584,1.36601,1.50,1.00
2016.11.16 07:46:57.569,1.36585,1.36601,1.50,1.00
2016.11.16 07:46:57.822,1.36583,1.366,1.00,1.00
2016.11.16 07:46:59.075,1.36583,1.36596,1.00,1.00
2016.11.16 07:46:59.126,1.36579,1.36595,1.12,1.00
2016.11.16 07:46:59.177,1.36578,1.36593,1.12,1.00
2016.11.16 07:46:59.482,1.36574,1.36588,1.00,1.00
2016.11.16 07:46:59.533,1.36574,1.36585,1.00,1.37
2016.11.16 07:46:59.686,1.36569,1.36585,1.12,1.37
2016.11.16 07:46:59.788,1.36567,1.36581,1.75,1.00
2016.11.16 07:46:59.966,1.36567,1.36581,1.12,1.12
2016.11.16 07:47:00.017,1.36567,1.36579,1.00,1.00
2016.11.16 07:47:00.321,1.36563,1.36581,2.62,1.00
2016.11.16 07:47:00.372,1.36569,1.36583,1.00,1.00
2016.11.16 07:47:00.423,1.36569,1.36585,1.00,1.25
2016.11.16 07:47:00.473,1.36571,1.36585,1.00,1.00
2016.11.16 07:47:00.575,1.36569,1.36588,1.87,1.12
2016.11.16 07:47:02.203,1.36576,1.36592,1.00,1.75
2016.11.16 07:47:02.305,1.36576,1.36592,1.00,1.00
2016.11.16 07:47:02.356,1.36578,1.36592,1.00,1.00
2016.11.16 07:47:02.407,1.36578,1.36594,1.12,1.00
2016.11.16 07:47:02.661,1.3658,1.36596,1.00,1.50
2016.11.16 07:47:02.712,1.36581,1.36596,1.00,1.00
2016.11.16 07:47:02.763,1.36584,1.36598,1.00,1.12
2016.11.16 07:47:03.067,1.36587,1.36603,1.00,1.75
2016.11.16 07:47:03.533,1.36589,1.36605,1.00,2.44
2016.11.16 07:47:03.976,1.36593,1.36605,1.00,1.12
2016.11.16 07:47:04.077,1.36593,1.36609,1.00,1.12
2016.11.16 07:47:04.179,1.36593,1.36611,1.00,1.37
2016.11.16 07:47:04.382,1.36595,1.36611,1.00,1.50
2016.11.16 07:47:04.686,1.36597,1.36614,1.00,2.25
2016.11.16 07:47:04.857,1.36595,1.36613,1.50,1.12
2016.11.16 07:47:05.009,1.36596,1.36611,1.00,1.12
2016.11.16 07:47:05.415,1.36593,1.36608,1.00,1.00
2016.11.16 07:47:05.922,1.36592,1.36608,1.00,1.00
2016.11.16 07:47:07.576,1.36593,1.36608,1.00,1.00
2016.11.16 07:47:08.122,1.36592,1.36608,1.00,1.00
2016.11.16 07:47:08.224,1.3659,1.36606,1.00,1.12
2016.11.16 07:47:08.557,1.36589,1.36603,1.00,1.00
2016.11.16 07:47:09.185,1.36588,1.36603,1.69,1.00
2016.11.16 07:47:09.654,1.36591,1.36603,1.00,1.00
2016.11.16 07:47:09.756,1.36592,1.36606,1.50,1.87
2016.11.16 07:47:09.861,1.36592,1.36609,1.50,1.75
2016.11.16 07:47:09.912,1.36594,1.3661,1.00,1.75
2016.11.16 07:47:10.100,1.36593,1.3661,1.00,2.25
2016.11.16 07:47:10.455,1.36593,1.36611,1.00,2.25
2016.11.16 07:47:11.722,1.36594,1.36609,1.00,1.87
2016.11.16 07:47:12.155,1.36592,1.36608,1.00,1.00
2016.11.16 07:47:12.703,1.36593,1.36608,1.00,1.00
2016.11.16 07:47:13.076,1.36591,1.36607,1.00,1.12
2016.11.16 07:47:13.127,1.36589,1.36606,1.87,1.00
2016.11.16 07:47:13.927,1.3659,1.36606,1.00,1.87
2016.11.16 07:47:14.203,1.36588,1.36606,1.00,1.50
2016.11.16 07:47:14.305,1.36593,1.36607,1.00,2.25
2016.11.16 07:47:14.406,1.36594,1.36611,1.00,1.87
2016.11.16 07:47:14.508,1.36594,1.36611,2.06,1.00
2016.11.16 07:47:15.014,1.36594,1.36611,1.50,1.12
2016.11.16 07:47:15.521,1.36594,1.3661,1.50,1.12
2016.11.16 07:47:16.059,1.36594,1.3661,1.00,1.37
2016.11.16 07:47:16.211,1.36592,1.3661,1.50,1.62
2016.11.16 07:47:16.262,1.36591,1.36607,1.50,1.00
2016.11.16 07:47:16.566,1.36586,1.36603,1.00,2.25
2016.11.16 07:47:16.820,1.36582,1.366,1.12,2.81
2016.11.16 07:47:16.991,1.36578,1.36597,2.25,1.19
2016.11.16 07:47:17.042,1.36578,1.36596,1.37,1.25
2016.11.16 07:47:17.093,1.36577,1.36596,2.25,1.69
2016.11.16 07:47:17.398,1.36582,1.36598,1.00,1.12
2016.11.16 07:47:17.551,1.36583,1.366,1.12,1.50
2016.11.16 07:47:17.653,1.36585,1.36602,1.12,1.87
2016.11.16 07:47:17.806,1.36587,1.36603,1.00,1.12
2016.11.16 07:47:17.959,1.36588,1.36603,1.50,1.00
2016.11.16 07:47:18.489,1.36592,1.36606,1.00,1.12
2016.11.16 07:47:18.693,1.36596,1.36612,1.00,1.12
2016.11.16 07:47:19.049,1.36594,1.36611,2.25,1.50
2016.11.16 07:47:19.253,1.36591,1.36607,1.56,1.87
2016.11.16 07:47:19.620,1.36593,1.36604,1.00,1.12
2016.11.16 07:47:19.672,1.36588,1.36604,1.00,1.12
2016.11.16 07:47:20.219,1.36591,1.36604,1.00,1.12
2016.11.16 07:47:20.473,1.36594,1.36609,1.00,1.12
2016.11.16 07:47:20.777,1.36594,1.36611,1.00,1.12
2016.11.16 07:47:20.878,1.36592,1.36611,1.69,1.87
2016.11.16 07:47:21.031,1.3659,1.36607,2.06,1.37
2016.11.16 07:47:21.578,1.3659,1.36606,1.12,1.37
2016.11.16 07:47:21.884,1.36593,1.36607,1.00,1.12
2016.11.16 07:47:22.392,1.36594,1.36608,1.12,1.12
2016.11.16 07:47:22.443,1.36594,1.36608,1.12,1.00
2016.11.16 07:47:22.756,1.36598,1.36612,1.00,1.12
2016.11.16 07:47:23.265,1.36596,1.36613,1.50,2.25
2016.11.16 07:47:23.367,1.36593,1.3661,1.50,1.00
2016.11.16 07:47:23.418,1.36593,1.36608,1.00,1.00
2016.11.16 07:47:23.924,1.36592,1.36609,1.00,1.50
2016.11.16 07:47:24.471,1.36592,1.36609,1.00,1.75
2016.11.16 07:47:25.472,1.36591,1.36607,1.00,1.12
2016.11.16 07:47:25.974,1.36591,1.36608,1.00,1.12
2016.11.16 07:47:27.144,1.36592,1.36608,1.00,1.87
2016.11.16 07:47:27.245,1.3659,1.36607,1.12,1.00
2016.11.16 07:47:27.397,1.36592,1.36606,1.00,1.00
2016.11.16 07:47:27.907,1.36592,1.36608,1.00,1.37
2016.11.16 07:47:29.026,1.36591,1.36609,1.50,1.50
2016.11.16 07:47:29.565,1.36591,1.36609,1.00,1.50
2016.11.16 07:47:30.077,1.36591,1.36609,1.00,1.69
2016.11.16 07:47:30.452,1.36591,1.36609,1.12,1.12
2016.11.16 07:47:30.553,1.36591,1.36609,1.12,1.50
2016.11.16 07:47:30.705,1.36591,1.36608,1.12,1.00
2016.11.16 07:47:31.449,1.36591,1.36608,1.37,1.00
2016.11.16 07:47:31.955,1.36591,1.36608,1.12,1.50
2016.11.16 07:47:32.209,1.36589,1.36606,1.37,1.00
2016.11.16 07:47:32.732,1.36589,1.36605,1.00,1.50
2016.11.16 07:47:34.523,1.36588,1.36604,1.00,1.09
2016.11.16 07:47:34.876,1.3659,1.36607,1.00,1.75
2016.11.16 07:47:35.335,1.36593,1.36608,1.00,1.50
2016.11.16 07:47:35.386,1.36593,1.3661,1.50,1.69
2016.11.16 07:47:35.539,1.36594,1.36609,1.00,1.37
2016.11.16 07:47:35.641,1.36594,1.3661,1.00,1.87
2016.11.16 07:47:35.845,1.36591,1.36609,1.00,1.31
2016.11.16 07:47:35.998,1.36591,1.36608,1.00,2.06
2016.11.16 07:47:36.099,1.36589,1.36608,1.00,2.06
2016.11.16 07:47:36.269,1.36589,1.36606,1.00,1.75
2016.11.16 07:47:36.573,1.36591,1.36607,1.00,1.75
2016.11.16 07:47:37.080,1.3659,1.36606,1.00,1.50
2016.11.16 07:47:37.629,1.36589,1.36606,1.12,1.50
2016.11.16 07:47:38.307,1.36591,1.36608,1.00,2.81
2016.11.16 07:47:38.612,1.36592,1.36608,1.50,1.00
2016.11.16 07:47:39.696,1.36592,1.36607,1.00,1.00
2016.11.16 07:47:39.747,1.3659,1.36607,1.50,1.56
2016.11.16 07:47:40.204,1.36594,1.3661,1.00,1.75
2016.11.16 07:47:40.256,1.36595,1.3661,1.00,1.37
2016.11.16 07:47:40.358,1.36596,1.3661,1.00,1.00
2016.11.16 07:47:40.409,1.36598,1.3661,1.00,1.00
2016.11.16 07:47:40.561,1.36601,1.36617,1.12,2.44
2016.11.16 07:47:41.071,1.36599,1.36615,1.37,1.25
2016.11.16 07:47:41.122,1.36597,1.36615,1.50,2.06
2016.11.16 07:47:41.173,1.36597,1.36612,1.00,1.00
2016.11.16 07:47:41.802,1.36598,1.36612,1.00,1.00
2016.11.16 07:47:42.211,1.36598,1.36614,1.00,1.12
2016.11.16 07:47:42.313,1.36596,1.36614,1.00,2.44
2016.11.16 07:47:42.669,1.36594,1.36611,1.00,2.06
2016.11.16 07:47:43.173,1.36594,1.36611,1.00,1.12
2016.11.16 07:47:44.089,1.36596,1.36613,1.12,2.25
2016.11.16 07:47:44.292,1.36598,1.36614,1.00,1.00
2016.11.16 07:47:44.799,1.36598,1.36615,1.00,2.25
2016.11.16 07:47:44.999,1.36601,1.36616,1.00,1.37
2016.11.16 07:47:45.306,1.36605,1.3662,1.00,1.12
2016.11.16 07:47:45.408,1.36603,1.36619,1.00,1.84
2016.11.16 07:47:45.510,1.366,1.36616,1.00,1.00
2016.11.16 07:47:45.561,1.36598,1.36613,1.37,1.00
2016.11.16 07:47:45.866,1.36596,1.36611,1.00,1.12
2016.11.16 07:47:46.385,1.36598,1.36611,1.00,1.75
2016.11.16 07:47:46.511,1.36599,1.36614,1.00,1.12
2016.11.16 07:47:46.613,1.366,1.36616,1.00,1.37
2016.11.16 07:47:47.119,1.36601,1.36618,1.00,3.75
2016.11.16 07:47:47.575,1.36603,1.36618,1.00,1.87
2016.11.16 07:47:47.728,1.36605,1.36622,1.00,1.87
2016.11.16 07:47:47.830,1.36605,1.36622,1.00,1.69
2016.11.16 07:47:47.932,1.36603,1.3662,1.12,1.00
2016.11.16 07:47:48.034,1.36603,1.3662,1.00,1.31
2016.11.16 07:47:48.734,1.36605,1.36621,1.00,1.75
2016.11.16 07:47:49.039,1.36609,1.36627,1.69,1.75
2016.11.16 07:47:49.090,1.36608,1.36623,2.06,1.00
2016.11.16 07:47:49.345,1.36601,1.36618,1.00,1.37
2016.11.16 07:47:49.851,1.36601,1.36618,1.00,1.87
2016.11.16 07:47:50.872,1.366,1.36617,1.00,1.50
2016.11.16 07:47:51.025,1.36599,1.36615,1.50,1.37
2016.11.16 07:47:51.531,1.366,1.36616,1.00,1.12
2016.11.16 07:47:52.050,1.366,1.36617,1.00,1.50
2016.11.16 07:47:52.363,1.36598,1.36612,1.12,1.87
2016.11.16 07:47:52.464,1.36595,1.36611,1.00,1.00
2016.11.16 07:47:52.515,1.36597,1.36611,1.00,1.00
2016.11.16 07:47:53.123,1.36597,1.36614,1.00,1.87
2016.11.16 07:47:53.448,1.36602,1.36618,1.00,1.87
2016.11.16 07:47:54.272,1.36603,1.36617,1.00,1.87
2016.11.16 07:47:54.796,1.36602,1.36617,1.00,1.87
2016.11.16 07:47:55.640,1.36599,1.36616,1.00,1.87
2016.11.16 07:47:56.147,1.36599,1.36616,1.00,2.25
2016.11.16 07:47:56.651,1.36599,1.36616,1.00,1.87
2016.11.16 07:47:56.854,1.36601,1.36616,1.00,1.37
2016.11.16 07:47:57.363,1.36602,1.36618,1.00,1.87
2016.11.16 07:47:57.516,1.36603,1.36619,1.00,1.50
2016.11.16 07:47:57.891,1.36602,1.36618,1.00,1.37
2016.11.16 07:47:58.398,1.36601,1.36618,1.50,2.25
2016.11.16 07:47:58.905,1.36601,1.36618,1.00,1.87
2016.11.16 07:47:59.953,1.366,1.36618,1.00,2.62
2016.11.16 07:48:00.257,1.36598,1.36612,1.00,1.75
2016.11.16 07:48:00.764,1.36596,1.36612,1.00,1.75
2016.11.16 07:48:01.473,1.36598,1.36612,1.00,1.75
2016.11.16 07:48:01.871,1.36596,1.36612,1.00,1.75
2016.11.16 07:48:02.347,1.36596,1.36613,1.00,3.37
2016.11.16 07:48:02.873,1.36595,1.36612,1.12,2.25
2016.11.16 07:48:03.380,1.36596,1.36612,1.00,1.50
2016.11.16 07:48:03.887,1.36595,1.36612,1.12,2.25
2016.11.16 07:48:04.631,1.36597,1.36612,1.37,1.50
2016.11.16 07:48:05.146,1.36597,1.36613,1.50,1.87
2016.11.16 07:48:05.677,1.36597,1.36612,1.50,1.00
2016.11.16 07:48:06.677,1.36598,1.36612,1.00,1.00
2016.11.16 07:48:07.430,1.36598,1.36613,1.00,1.87
2016.11.16 07:48:07.826,1.366,1.36615,1.37,1.75
2016.11.16 07:48:08.332,1.366,1.36615,1.50,1.50
2016.11.16 07:48:08.926,1.366,1.36615,1.37,1.37
2016.11.16 07:48:08.977,1.36597,1.36612,1.12,1.37
2016.11.16 07:48:09.079,1.36595,1.36612,1.12,1.87
2016.11.16 07:48:09.586,1.36593,1.3661,1.87,1.50
2016.11.16 07:48:09.741,1.36593,1.3661,1.87,1.87
2016.11.16 07:48:10.378,1.36591,1.3661,1.12,2.62
2016.11.16 07:48:11.373,1.36593,1.3661,1.00,2.81
2016.11.16 07:48:11.474,1.36591,1.3661,1.12,2.81
2016.11.16 07:48:12.004,1.3659,1.36607,1.00,1.00
2016.11.16 07:48:15.027,1.3659,1.36607,1.00,1.37
2016.11.16 07:48:15.331,1.36588,1.36605,1.12,2.62
2016.11.16 07:48:15.673,1.36578,1.36595,1.12,1.00
2016.11.16 07:48:15.979,1.36578,1.36593,1.12,1.00
2016.11.16 07:48:16.284,1.36575,1.36591,1.75,1.00
2016.11.16 07:48:16.600,1.36573,1.36585,1.37,1.00
2016.11.16 07:48:16.842,1.36566,1.36583,2.25,1.00
2016.11.16 07:48:16.893,1.36566,1.36583,1.50,1.00
2016.11.16 07:48:17.400,1.36566,1.36582,1.00,1.00
2016.11.16 07:48:18.287,1.36565,1.36582,1.75,1.00
2016.11.16 07:48:19.712,1.36567,1.3658,1.00,1.00
2016.11.16 07:48:20.226,1.36567,1.36581,1.00,1.00
2016.11.16 07:48:20.531,1.3656,1.36578,1.50,1.00
2016.11.16 07:48:21.052,1.36562,1.36579,1.00,1.00
2016.11.16 07:48:21.356,1.36566,1.36582,1.50,1.00
2016.11.16 07:48:21.458,1.36568,1.36584,1.00,1.00
2016.11.16 07:48:22.483,1.36568,1.36583,1.00,1.00
2016.11.16 07:48:23.439,1.36568,1.36585,1.00,1.00
2016.11.16 07:48:23.490,1.36568,1.36585,1.50,1.00
2016.11.16 07:48:23.993,1.36566,1.36584,3.37,1.00
2016.11.16 07:48:24.097,1.36565,1.36583,1.12,1.00
2016.11.16 07:48:24.350,1.36564,1.36579,1.12,1.00
2016.11.16 07:48:25.363,1.36565,1.36579,1.00,1.00
2016.11.16 07:48:25.414,1.36566,1.36581,1.00,1.00
2016.11.16 07:48:25.466,1.36566,1.36582,1.37,1.00
2016.11.16 07:48:25.793,1.36566,1.36584,1.75,1.00
2016.11.16 07:48:26.928,1.3657,1.36585,1.00,1.00
2016.11.16 07:48:29.573,1.3657,1.36588,1.50,1.00
2016.11.16 07:48:29.624,1.36572,1.36589,1.00,1.50
2016.11.16 07:48:29.928,1.36579,1.36596,1.50,1.50
2016.11.16 07:48:30.234,1.36584,1.366,1.50,1.50
2016.11.16 07:48:30.677,1.36583,1.36597,1.75,1.00
2016.11.16 07:48:31.401,1.36584,1.36598,1.75,1.00
2016.11.16 07:48:31.452,1.36584,1.366,1.75,1.00
2016.11.16 07:48:31.503,1.36584,1.366,3.37,1.00
2016.11.16 07:48:32.420,1.36584,1.36601,3.00,1.50
2016.11.16 07:48:32.749,1.36581,1.36594,1.75,1.00
2016.11.16 07:48:32.851,1.36581,1.36594,1.00,1.00
2016.11.16 07:48:33.104,1.3658,1.36591,1.00,1.00
2016.11.16 07:48:33.257,1.36574,1.36589,1.75,1.50
2016.11.16 07:48:33.511,1.36572,1.36587,1.12,1.00
2016.11.16 07:48:33.809,1.36571,1.36585,1.00,1.00
2016.11.16 07:48:33.874,1.36571,1.36583,1.00,1.00
2016.11.16 07:48:34.381,1.36568,1.36582,1.75,1.00
2016.11.16 07:48:34.686,1.36567,1.3658,1.12,1.87
2016.11.16 07:48:34.940,1.36555,1.3657,1.37,1.00
2016.11.16 07:48:35.488,1.36555,1.36571,1.37,1.50
2016.11.16 07:48:35.841,1.36553,1.36571,2.06,1.50
2016.11.16 07:48:35.893,1.36553,1.36571,2.06,1.50
2016.11.16 07:48:36.349,1.36554,1.3657,1.00,1.00
2016.11.16 07:48:36.502,1.36555,1.36571,1.37,1.00
2016.11.16 07:48:36.805,1.36558,1.36571,1.00,1.00
2016.11.16 07:48:37.352,1.36558,1.36572,1.12,1.00
2016.11.16 07:48:38.293,1.36558,1.36573,1.12,1.00
2016.11.16 07:48:39.442,1.36557,1.36573,1.00,1.00
2016.11.16 07:48:39.747,1.36567,1.3658,1.00,1.00
2016.11.16 07:48:39.799,1.36567,1.36582,1.37,1.12
2016.11.16 07:48:39.901,1.36568,1.36584,1.12,1.00
2016.11.16 07:48:40.112,1.36568,1.36585,2.81,1.00
2016.11.16 07:48:40.821,1.36568,1.36585,1.75,1.00
2016.11.16 07:48:41.125,1.36564,1.36581,3.00,1.50
2016.11.16 07:48:41.564,1.36563,1.36581,1.50,1.87
2016.11.16 07:48:41.669,1.36562,1.36581,2.81,1.37
2016.11.16 07:48:41.721,1.36564,1.3658,1.00,1.50
2016.11.16 07:48:41.772,1.36564,1.3658,1.12,1.00
2016.11.16 07:48:42.126,1.36563,1.3658,1.87,1.00
2016.11.16 07:48:42.228,1.36563,1.3658,2.25,1.00
2016.11.16 07:48:42.740,1.36561,1.3658,1.50,1.37
2016.11.16 07:48:42.792,1.36564,1.36579,1.00,1.00
2016.11.16 07:48:42.946,1.36565,1.36584,1.69,2.25
2016.11.16 07:48:43.106,1.36566,1.36584,2.06,1.12
2016.11.16 07:48:43.208,1.36566,1.36584,1.62,1.00
2016.11.16 07:48:44.135,1.36568,1.36585,1.12,1.00
2016.11.16 07:48:44.440,1.36562,1.36579,1.12,1.00
2016.11.16 07:48:44.961,1.36563,1.3658,1.00,1.12
2016.11.16 07:48:45.266,1.36559,1.36574,1.37,1.00
2016.11.16 07:48:45.369,1.36558,1.36573,1.12,1.00
2016.11.16 07:48:45.521,1.36559,1.36576,1.87,1.37
2016.11.16 07:48:45.572,1.36559,1.36576,1.87,1.12
2016.11.16 07:48:46.082,1.36559,1.36576,1.50,1.12
2016.11.16 07:48:46.308,1.3656,1.36577,3.00,1.37
2016.11.16 07:48:46.461,1.36561,1.36579,3.56,1.00
2016.11.16 07:48:46.613,1.36562,1.36579,1.00,1.00
2016.11.16 07:48:46.714,1.36559,1.36577,2.44,1.50
2016.11.16 07:48:47.019,1.3656,1.36574,1.00,1.50
2016.11.16 07:48:47.223,1.36555,1.36573,2.81,1.37
2016.11.16 07:48:47.376,1.36556,1.36573,1.19,1.87
2016.11.16 07:48:47.725,1.36558,1.36574,2.25,1.87
2016.11.16 07:48:47.898,1.36559,1.36576,2.44,1.00
2016.11.16 07:48:48.051,1.36561,1.36579,1.00,1.46
2016.11.16 07:48:48.153,1.36563,1.36579,1.00,1.12
2016.11.16 07:48:48.861,1.36564,1.36581,1.00,1.12
2016.11.16 07:48:49.114,1.36563,1.36579,1.00,1.00
2016.11.16 07:48:49.451,1.36568,1.36581,1.00,1.12
2016.11.16 07:48:49.705,1.36562,1.36578,1.37,1.50
2016.11.16 07:48:49.756,1.36561,1.36578,2.62,1.50
2016.11.16 07:48:49.858,1.36563,1.36579,1.00,1.37
2016.11.16 07:48:49.909,1.36564,1.36581,1.00,1.75
2016.11.16 07:48:50.470,1.36564,1.36579,1.12,1.12
2016.11.16 07:48:51.230,1.36566,1.36579,1.00,1.12
2016.11.16 07:48:51.723,1.36568,1.36582,1.00,1.12
2016.11.16 07:48:51.875,1.36568,1.36585,2.25,1.50
2016.11.16 07:48:51.927,1.36569,1.36586,1.50,1.87
2016.11.16 07:48:51.978,1.36569,1.36586,1.50,1.50
2016.11.16 07:48:52.029,1.36569,1.36586,4.87,1.50
2016.11.16 07:48:52.131,1.36571,1.36586,1.00,1.50
2016.11.16 07:48:54.271,1.36573,1.36586,1.50,1.00
2016.11.16 07:48:54.481,1.36572,1.36591,4.12,1.12
2016.11.16 07:48:54.964,1.36576,1.36591,1.12,1.50
2016.11.16 07:48:55.116,1.36577,1.36593,1.12,1.12
2016.11.16 07:48:55.471,1.36575,1.36591,1.19,1.00
2016.11.16 07:48:56.006,1.36574,1.36591,3.75,1.00
2016.11.16 07:48:56.571,1.36575,1.3659,1.12,1.00
2016.11.16 07:48:56.674,1.36574,1.36593,3.75,1.50
2016.11.16 07:48:56.928,1.36575,1.36593,3.37,1.37
2016.11.16 07:48:57.434,1.36578,1.36593,1.00,1.00
2016.11.16 07:48:57.788,1.36576,1.36593,1.00,1.50
2016.11.16 07:48:57.940,1.36577,1.36594,1.87,1.12
2016.11.16 07:48:58.143,1.3658,1.36598,1.50,1.75
2016.11.16 07:48:58.244,1.3658,1.36598,1.87,1.50
2016.11.16 07:48:58.956,1.3658,1.36597,1.37,1.00
2016.11.16 07:48:59.477,1.36579,1.36597,2.62,1.00
2016.11.16 07:48:59.630,1.36579,1.36595,1.12,1.00
2016.11.16 07:49:00.138,1.36578,1.36596,1.31,1.50
2016.11.16 07:49:00.461,1.36577,1.36594,1.25,1.50
2016.11.16 07:49:00.966,1.36576,1.36593,1.31,1.00
2016.11.16 07:49:01.474,1.36574,1.36593,2.06,1.50
2016.11.16 07:49:01.576,1.36573,1.3659,2.81,1.00
2016.11.16 07:49:01.882,1.3657,1.36587,1.12,1.87
2016.11.16 07:49:02.060,1.36569,1.36585,1.00,1.00
2016.11.16 07:49:02.313,1.3657,1.36587,1.12,1.50
2016.11.16 07:49:02.819,1.36571,1.36587,1.00,1.12
2016.11.16 07:49:03.073,1.36572,1.36588,1.50,1.12
2016.11.16 07:49:03.480,1.36572,1.36588,1.00,1.12
2016.11.16 07:49:03.531,1.3657,1.36588,1.31,1.50
2016.11.16 07:49:03.655,1.36569,1.36586,1.12,1.50
2016.11.16 07:49:04.165,1.36569,1.36586,1.00,1.75
2016.11.16 07:49:04.678,1.36568,1.36584,1.00,1.12
2016.11.16 07:49:04.729,1.36568,1.36582,1.00,1.00
2016.11.16 07:49:04.780,1.36565,1.36584,1.12,1.50
2016.11.16 07:49:05.112,1.36565,1.36582,3.00,1.00
2016.11.16 07:49:05.777,1.36567,1.36582,1.37,1.00
2016.11.16 07:49:06.032,1.36568,1.36584,1.50,1.00
2016.11.16 07:49:06.135,1.36566,1.36583,1.12,1.00
2016.11.16 07:49:06.186,1.36566,1.36581,1.00,1.00
2016.11.16 07:49:06.237,1.36564,1.36581,1.87,1.00
2016.11.16 07:49:07.141,1.36564,1.36582,1.12,1.00
2016.11.16 07:49:07.706,1.36565,1.36582,1.00,1.00
2016.11.16 07:49:08.028,1.36564,1.3658,1.12,1.00
2016.11.16 07:49:08.333,1.36561,1.36579,1.37,1.87
2016.11.16 07:49:08.913,1.36562,1.36577,1.00,1.00
2016.11.16 07:49:12.275,1.3656,1.36577,2.25,1.00
2016.11.16 07:49:12.529,1.36562,1.36579,1.00,2.25
2016.11.16 07:49:13.053,1.36562,1.36579,1.00,1.00
2016.11.16 07:49:13.611,1.36567,1.36579,1.00,1.50
2016.11.16 07:49:13.917,1.36573,1.36583,1.00,1.12
2016.11.16 07:49:14.426,1.36569,1.36583,1.29,1.12
2016.11.16 07:49:15.074,1.36571,1.36585,1.29,1.50
2016.11.16 07:49:15.176,1.36568,1.36584,1.60,1.37
2016.11.16 07:49:15.722,1.36567,1.36582,2.16,1.12
2016.11.16 07:49:15.879,1.36567,1.36582,2.16,1.12
2016.11.16 07:49:16.418,1.36567,1.36582,1.04,1.12
2016.11.16 07:49:16.911,1.36568,1.36581,1.04,1.37
2016.11.16 07:49:17.216,1.36573,1.36588,1.29,1.12
2016.11.16 07:49:17.268,1.36574,1.36589,1.29,1.50
2016.11.16 07:49:17.319,1.36574,1.36589,1.79,1.00
2016.11.16 07:49:17.522,1.36572,1.36589,2.54,1.00
2016.11.16 07:49:18.047,1.36573,1.36588,1.29,1.00
2016.11.16 07:49:18.251,1.36572,1.36588,1.00,1.00
2016.11.16 07:49:18.626,1.36572,1.36585,1.00,1.00
2016.11.16 07:49:19.172,1.36572,1.36586,1.00,1.00
2016.11.16 07:49:19.711,1.36569,1.36586,1.12,1.00
2016.11.16 07:49:20.110,1.36573,1.36586,1.00,1.00
2016.11.16 07:49:20.364,1.36573,1.36588,1.00,1.12
2016.11.16 07:49:20.820,1.36573,1.36586,1.00,1.00
2016.11.16 07:49:20.922,1.36568,1.36584,1.37,1.00
2016.11.16 07:49:21.226,1.36565,1.36584,3.37,1.37
2016.11.16 07:49:21.730,1.36566,1.36583,1.00,1.00
2016.11.16 07:49:22.238,1.36565,1.36583,2.25,1.00
2016.11.16 07:49:22.882,1.36566,1.36583,1.00,1.00
2016.11.16 07:49:23.523,1.36566,1.36584,3.00,1.00
2016.11.16 07:49:23.573,1.36568,1.36584,1.00,1.00
2016.11.16 07:49:26.129,1.36567,1.36584,2.25,1.00
2016.11.16 07:49:26.434,1.36565,1.36582,3.00,1.00
2016.11.16 07:49:26.485,1.36565,1.36582,1.50,1.00
2016.11.16 07:49:26.739,1.36563,1.36579,1.12,1.00
2016.11.16 07:49:27.012,1.36559,1.36577,3.00,1.00
2016.11.16 07:49:27.114,1.36559,1.36574,1.00,1.00
2016.11.16 07:49:28.364,1.36558,1.36572,1.12,1.00
2016.11.16 07:49:28.667,1.36558,1.36568,1.00,1.00
2016.11.16 07:49:29.180,1.36558,1.36569,1.00,1.12
2016.11.16 07:49:30.128,1.36552,1.36569,1.50,1.12
2016.11.16 07:49:30.670,1.36553,1.36569,1.00,1.12
2016.11.16 07:49:31.029,1.36553,1.36567,1.00,1.00
2016.11.16 07:49:31.332,1.36553,1.36563,1.00,1.12
2016.11.16 07:49:32.054,1.36547,1.36563,1.00,1.87
2016.11.16 07:49:32.156,1.36543,1.36559,1.00,1.12
2016.11.16 07:49:32.363,1.36548,1.36559,1.00,1.00
2016.11.16 07:49:32.465,1.36548,1.36562,1.00,1.00
2016.11.16 07:49:32.567,1.36543,1.36561,1.37,1.12
2016.11.16 07:49:32.618,1.36542,1.3656,1.12,1.00
2016.11.16 07:49:33.129,1.36543,1.36559,1.00,1.50
2016.11.16 07:49:33.861,1.36543,1.36559,1.00,2.25
2016.11.16 07:49:34.197,1.36543,1.36553,1.00,1.00
2016.11.16 07:49:34.248,1.36537,1.36553,1.50,1.00
2016.11.16 07:49:34.331,1.36534,1.36549,2.62,1.00
2016.11.16 07:49:34.383,1.3653,1.36547,2.25,1.00
2016.11.16 07:49:34.435,1.36532,1.36545,1.00,1.00
2016.11.16 07:49:34.639,1.36527,1.36541,1.00,1.00
2016.11.16 07:49:35.045,1.36527,1.36539,1.00,1.00
2016.11.16 07:49:35.197,1.36527,1.36542,1.00,1.00
2016.11.16 07:49:35.248,1.36533,1.36542,1.00,1.00
2016.11.16 07:49:35.426,1.36533,1.36545,1.00,1.12
2016.11.16 07:49:35.962,1.36533,1.36546,1.00,1.00
2016.11.16 07:49:36.477,1.36533,1.36545,1.00,1.00
2016.11.16 07:49:36.579,1.36533,1.36547,1.00,1.12
2016.11.16 07:49:37.789,1.36533,1.36545,1.00,1.00
2016.11.16 07:49:37.941,1.36527,1.3654,1.00,1.00
2016.11.16 07:49:38.044,1.36527,1.36538,1.00,1.00
2016.11.16 07:49:38.399,1.36527,1.36541,1.00,1.37
2016.11.16 07:49:38.450,1.36532,1.36542,1.00,1.12
2016.11.16 07:49:38.552,1.36527,1.3654,1.00,1.00
2016.11.16 07:49:39.070,1.36528,1.36539,1.00,1.00
2016.11.16 07:49:40.947,1.36528,1.36538,1.00,1.50
2016.11.16 07:49:42.144,1.36527,1.36538,1.00,1.50
2016.11.16 07:49:43.382,1.36522,1.36534,1.00,1.00
2016.11.16 07:49:43.432,1.36522,1.36532,1.00,1.00
2016.11.16 07:49:43.483,1.36518,1.36532,1.00,1.00
2016.11.16 07:49:43.534,1.36518,1.3653,1.00,1.00
2016.11.16 07:49:43.839,1.36517,1.36527,1.00,1.37
2016.11.16 07:49:45.553,1.36517,1.36525,1.00,1.00
2016.11.16 07:49:45.654,1.36503,1.3652,1.75,1.00
2016.11.16 07:49:45.756,1.36502,1.36517,1.87,1.50
2016.11.16 07:49:45.807,1.36502,1.36517,1.00,1.50
2016.11.16 07:49:45.909,1.36503,1.36517,1.00,2.25
2016.11.16 07:49:46.517,1.36503,1.36519,1.00,3.00
2016.11.16 07:49:47.085,1.36507,1.36517,1.00,1.00
2016.11.16 07:49:47.692,1.36508,1.36519,1.00,1.75
2016.11.16 07:49:49.630,1.36508,1.36521,1.00,1.50
2016.11.16 07:49:49.681,1.36513,1.36522,1.00,1.12
2016.11.16 07:49:49.783,1.36508,1.36524,1.00,1.75
2016.11.16 07:49:49.834,1.36508,1.36523,1.00,1.00
2016.11.16 07:49:49.986,1.36513,1.36523,1.00,1.00
2016.11.16 07:49:50.290,1.36507,1.36523,1.50,1.00
2016.11.16 07:49:50.505,1.36508,1.36525,1.00,1.00
2016.11.16 07:49:50.556,1.36513,1.36525,1.00,1.00
2016.11.16 07:49:50.607,1.36513,1.36529,1.00,1.50
2016.11.16 07:49:50.709,1.36513,1.3653,1.50,1.12
2016.11.16 07:49:50.912,1.36513,1.3653,1.50,1.75
2016.11.16 07:49:51.573,1.36512,1.3653,1.50,1.75
2016.11.16 07:49:51.980,1.36518,1.36532,1.00,3.37
2016.11.16 07:49:52.031,1.36518,1.36533,1.00,2.25
2016.11.16 07:49:52.082,1.36522,1.36533,1.00,2.25
2016.11.16 07:49:52.133,1.36522,1.36533,1.00,2.25
2016.11.16 07:49:52.234,1.36522,1.36533,1.00,1.12
2016.11.16 07:49:53.563,1.36528,1.36535,1.00,2.25
2016.11.16 07:49:53.614,1.36528,1.36535,1.00,1.00
2016.11.16 07:49:53.665,1.36528,1.36539,1.00,1.12
2016.11.16 07:49:53.716,1.36528,1.3654,1.00,1.00
2016.11.16 07:49:53.818,1.36527,1.36542,1.00,1.12
2016.11.16 07:49:54.401,1.36527,1.36541,1.00,1.00
2016.11.16 07:49:54.604,1.36527,1.36544,1.00,1.12
2016.11.16 07:49:54.655,1.36527,1.36542,1.00,1.00
2016.11.16 07:49:55.161,1.36528,1.36541,1.00,1.00
2016.11.16 07:49:56.623,1.36528,1.36538,1.00,1.00
2016.11.16 07:49:56.674,1.36522,1.36537,1.00,1.00
2016.11.16 07:49:56.826,1.36522,1.36535,1.00,1.00
2016.11.16 07:49:56.978,1.36519,1.36538,1.12,1.00
2016.11.16 07:49:57.080,1.36523,1.36537,1.00,1.00
2016.11.16 07:49:57.181,1.3652,1.36537,1.12,1.00
2016.11.16 07:49:57.695,1.36519,1.36536,1.37,1.00
2016.11.16 07:49:58.204,1.3652,1.36537,1.12,1.00
2016.11.16 07:49:58.928,1.36518,1.36535,1.50,1.00
2016.11.16 07:49:59.232,1.36508,1.36525,1.12,1.00
2016.11.16 07:49:59.435,1.36511,1.36527,1.00,1.12
2016.11.16 07:49:59.776,1.36528,1.36542,1.00,1.87
2016.11.16 07:50:00.081,1.3653,1.36539,1.00,1.12
2016.11.16 07:50:00.386,1.36537,1.36549,1.00,1.12
2016.11.16 07:50:00.438,1.36536,1.36552,1.00,2.25
2016.11.16 07:50:00.489,1.36538,1.36552,1.00,1.87
2016.11.16 07:50:00.793,1.36538,1.36552,1.00,1.75
2016.11.16 07:50:01.109,1.36535,1.36553,1.50,1.75
2016.11.16 07:50:01.616,1.36535,1.36553,1.50,1.75
2016.11.16 07:50:02.029,1.36533,1.36545,1.75,1.02
2016.11.16 07:50:02.080,1.36531,1.36544,1.12,1.00
2016.11.16 07:50:02.132,1.36531,1.36542,1.12,1.00
2016.11.16 07:50:02.184,1.36529,1.36542,1.00,1.00
2016.11.16 07:50:02.286,1.36522,1.36539,3.00,1.00
2016.11.16 07:50:02.387,1.36523,1.36539,1.00,1.00
2016.11.16 07:50:02.489,1.36522,1.36536,1.00,1.00
2016.11.16 07:50:03.028,1.36523,1.36535,1.00,1.00
2016.11.16 07:50:03.332,1.36523,1.36533,1.00,1.00
2016.11.16 07:50:04.378,1.36523,1.36535,1.00,1.00
2016.11.16 07:50:04.707,1.36523,1.36534,1.00,1.50
2016.11.16 07:50:05.725,1.36522,1.36534,1.00,1.50
2016.11.16 07:50:06.231,1.36522,1.36532,1.00,1.00
2016.11.16 07:50:06.626,1.36517,1.36532,1.00,1.00
2016.11.16 07:50:09.030,1.36522,1.36534,1.00,1.00
2016.11.16 07:50:09.353,1.36523,1.36535,1.00,1.87
2016.11.16 07:50:10.113,1.36522,1.36535,1.00,1.12
2016.11.16 07:50:10.587,1.36517,1.3653,1.00,1.00
2016.11.16 07:50:10.638,1.36517,1.3653,1.00,1.75
2016.11.16 07:50:11.145,1.36518,1.3653,1.00,1.75
2016.11.16 07:50:11.449,1.36517,1.36528,1.00,1.12
2016.11.16 07:50:13.687,1.36517,1.36529,1.00,1.37
2016.11.16 07:50:13.839,1.36517,1.36529,1.00,1.12
2016.11.16 07:50:13.941,1.36517,1.36528,1.00,1.12
2016.11.16 07:50:14.401,1.36512,1.36526,1.00,1.00
2016.11.16 07:50:15.224,1.36517,1.36526,1.00,1.00
2016.11.16 07:50:15.528,1.36523,1.36532,1.00,1.62
2016.11.16 07:50:16.630,1.36517,1.36531,1.00,1.00
2016.11.16 07:50:17.492,1.36517,1.3653,1.00,1.00
2016.11.16 07:50:17.720,1.36522,1.36529,1.00,1.00
2016.11.16 07:50:17.772,1.36518,1.36529,1.00,1.00
2016.11.16 07:50:18.076,1.36513,1.36529,1.50,1.50
2016.11.16 07:50:18.670,1.36517,1.36529,1.00,1.00
2016.11.16 07:50:19.975,1.36517,1.36528,1.00,1.00
2016.11.16 07:50:20.178,1.36513,1.36527,1.00,1.12
2016.11.16 07:50:21.280,1.36512,1.36527,1.50,1.12
2016.11.16 07:50:21.518,1.36513,1.36525,1.00,1.12
2016.11.16 07:50:21.775,1.36508,1.36523,1.87,1.00
2016.11.16 07:50:21.877,1.36513,1.36523,1.00,1.37
2016.11.16 07:50:21.978,1.36513,1.36524,1.00,1.12
2016.11.16 07:50:22.385,1.36509,1.36521,1.00,1.00
2016.11.16 07:50:22.436,1.36507,1.36521,1.50,1.00
2016.11.16 07:50:22.487,1.36507,1.36518,1.50,1.00
2016.11.16 07:50:22.690,1.36508,1.36522,1.00,1.87
2016.11.16 07:50:22.963,1.36504,1.36521,1.87,1.00
2016.11.16 07:50:23.065,1.36507,1.3652,1.00,1.00
2016.11.16 07:50:23.421,1.36508,1.36517,1.00,1.00
2016.11.16 07:50:24.130,1.36508,1.36518,1.00,1.00
2016.11.16 07:50:24.181,1.36503,1.36518,1.00,1.00
2016.11.16 07:50:24.485,1.36508,1.36518,1.00,1.00
2016.11.16 07:50:24.657,1.36503,1.36518,1.00,1.00
2016.11.16 07:50:24.760,1.36508,1.36522,1.00,1.87
2016.11.16 07:50:25.064,1.36508,1.3652,1.50,1.25
2016.11.16 07:50:25.571,1.36508,1.36519,1.00,1.00
2016.11.16 07:50:26.467,1.36504,1.36519,1.12,1.00
2016.11.16 07:50:27.005,1.36503,1.36518,1.00,1.00
2016.11.16 07:50:27.468,1.36508,1.36518,1.00,1.00
2016.11.16 07:50:27.672,1.36502,1.36518,2.62,1.00
2016.11.16 07:50:27.925,1.36503,1.36518,1.00,1.87
2016.11.16 07:50:28.206,1.36503,1.36518,1.00,1.00
2016.11.16 07:50:28.257,1.36507,1.36518,1.00,1.00
2016.11.16 07:50:28.459,1.36503,1.36518,1.00,1.00
2016.11.16 07:50:28.967,1.36507,1.3652,1.00,2.25
2016.11.16 07:50:31.098,1.36507,1.36521,1.00,2.25
2016.11.16 07:50:31.251,1.36508,1.36524,1.00,4.12
2016.11.16 07:50:31.326,1.36512,1.36524,1.00,4.12
2016.11.16 07:50:31.479,1.36507,1.36523,1.00,2.06
2016.11.16 07:50:31.582,1.36507,1.36519,1.00,1.00
2016.11.16 07:50:31.735,1.36508,1.36522,1.00,1.00
2016.11.16 07:50:31.787,1.36507,1.36519,1.00,1.00
2016.11.16 07:50:31.991,1.36503,1.36518,1.00,1.31
2016.11.16 07:50:32.042,1.36501,1.36518,1.00,1.25
2016.11.16 07:50:32.094,1.36503,1.36518,1.00,1.25
2016.11.16 07:50:32.398,1.36503,1.36516,1.00,1.12
2016.11.16 07:50:32.913,1.36502,1.36516,1.00,1.50
2016.11.16 07:50:33.597,1.36503,1.36516,1.00,1.50
2016.11.16 07:50:36.690,1.36503,1.36518,1.37,1.87
2016.11.16 07:50:36.741,1.36508,1.36519,1.00,1.00
2016.11.16 07:50:36.792,1.36508,1.36522,1.00,1.50
2016.11.16 07:50:37.147,1.36508,1.36519,1.00,1.00
2016.11.16 07:50:37.198,1.36503,1.36518,3.00,1.00
2016.11.16 07:50:37.249,1.36502,1.36518,4.12,1.00
2016.11.16 07:50:37.604,1.36508,1.3652,1.00,1.00
2016.11.16 07:50:37.807,1.36503,1.3652,1.12,1.00
2016.11.16 07:50:38.170,1.36507,1.3652,1.00,1.37
2016.11.16 07:50:38.369,1.36508,1.36521,1.00,1.12
2016.11.16 07:50:39.591,1.36503,1.36521,2.62,1.00
2016.11.16 07:50:39.795,1.36507,1.36521,1.00,1.00
2016.11.16 07:50:40.307,1.36508,1.36523,1.00,1.12
2016.11.16 07:50:40.409,1.36511,1.36524,1.00,1.00
2016.11.16 07:50:40.561,1.36511,1.36527,1.37,1.00
2016.11.16 07:50:43.122,1.36512,1.36526,1.00,1.00
2016.11.16 07:50:43.173,1.36512,1.36524,1.00,1.31
2016.11.16 07:50:43.225,1.3651,1.3652,1.00,1.00
2016.11.16 07:50:43.276,1.36508,1.36518,1.00,1.25
2016.11.16 07:50:43.327,1.36504,1.36516,1.00,1.00
2016.11.16 07:50:43.378,1.36504,1.36516,4.12,1.25
2016.11.16 07:50:43.480,1.36508,1.36521,1.00,1.00
2016.11.16 07:50:43.582,1.36506,1.36522,1.00,1.12
2016.11.16 07:50:43.734,1.36505,1.36519,1.12,1.87
2016.11.16 07:50:43.785,1.36503,1.36519,1.12,2.81
2016.11.16 07:50:43.918,1.36499,1.36514,1.50,1.00
2016.11.16 07:50:44.020,1.36498,1.36513,1.00,1.00
2016.11.16 07:50:44.527,1.36498,1.36514,1.00,1.12
2016.11.16 07:50:44.578,1.36498,1.36514,1.00,1.69
2016.11.16 07:50:44.946,1.36495,1.36511,1.00,1.25
2016.11.16 07:50:45.454,1.36496,1.36514,1.00,1.69
2016.11.16 07:50:45.964,1.36495,1.36513,1.00,1.19
2016.11.16 07:50:46.389,1.36497,1.36513,1.00,1.31
2016.11.16 07:50:46.695,1.36513,1.36526,1.00,1.69
2016.11.16 07:50:46.747,1.36513,1.36528,1.50,2.00
2016.11.16 07:50:46.950,1.36515,1.36528,1.00,1.00
2016.11.16 07:50:47.383,1.36518,1.36528,1.00,1.00
2016.11.16 07:50:47.435,1.36516,1.36528,1.12,1.00
2016.11.16 07:50:47.486,1.36516,1.36534,1.37,1.50
2016.11.16 07:50:47.638,1.36516,1.36534,1.12,1.50
2016.11.16 07:50:47.740,1.3652,1.36535,1.00,1.75
2016.11.16 07:50:47.943,1.36522,1.36538,1.00,1.87
2016.11.16 07:50:48.044,1.36523,1.36539,1.00,1.50
2016.11.16 07:50:49.147,1.36522,1.36538,1.00,1.12
2016.11.16 07:50:49.662,1.36521,1.36537,1.00,1.00
2016.11.16 07:50:49.764,1.36523,1.36538,1.00,1.12
2016.11.16 07:50:50.535,1.36523,1.36538,1.00,2.77
2016.11.16 07:50:50.841,1.36515,1.36529,1.00,1.12
2016.11.16 07:50:51.379,1.36514,1.36529,1.00,1.00
2016.11.16 07:50:51.825,1.36515,1.36531,1.00,2.25
2016.11.16 07:50:52.282,1.36514,1.36529,1.00,1.00
2016.11.16 07:50:53.118,1.36512,1.36529,2.25,1.50
2016.11.16 07:50:53.422,1.36513,1.36525,1.00,3.00
2016.11.16 07:50:53.625,1.3651,1.36525,1.00,1.87
2016.11.16 07:50:53.929,1.36513,1.36525,1.00,1.37
2016.11.16 07:50:54.244,1.36508,1.36521,1.00,1.19
2016.11.16 07:50:54.441,1.36503,1.36517,1.00,1.00
2016.11.16 07:50:54.696,1.36503,1.36516,1.00,1.37
2016.11.16 07:50:54.848,1.36499,1.36515,1.00,3.00
2016.11.16 07:50:54.899,1.36498,1.36513,1.50,1.87
2016.11.16 07:50:55.153,1.36496,1.36514,1.12,3.56
2016.11.16 07:50:55.204,1.36498,1.36514,1.00,3.56
2016.11.16 07:50:56.065,1.36499,1.36515,1.00,2.25
2016.11.16 07:50:56.390,1.36502,1.36518,1.00,2.62
2016.11.16 07:50:56.441,1.36502,1.36518,1.00,2.25
2016.11.16 07:50:57.185,1.36502,1.36515,1.00,1.00
2016.11.16 07:50:57.337,1.36498,1.36512,1.00,1.00
2016.11.16 07:50:57.880,1.36498,1.36511,1.00,1.87
2016.11.16 07:50:58.456,1.36503,1.36511,1.00,1.00
2016.11.16 07:50:58.659,1.36511,1.36522,1.00,1.12
2016.11.16 07:50:58.710,1.36511,1.36523,1.00,1.00
2016.11.16 07:50:59.065,1.3651,1.36527,1.00,1.31
2016.11.16 07:50:59.166,1.3651,1.36527,1.00,1.31
2016.11.16 07:50:59.712,1.36511,1.36526,1.00,1.31
2016.11.16 07:51:00.022,1.36509,1.36526,1.00,1.12
2016.11.16 07:51:00.073,1.36511,1.36526,1.00,2.81
2016.11.16 07:51:00.478,1.36509,1.36524,1.00,1.00
2016.11.16 07:51:00.530,1.36511,1.36526,1.00,1.31
2016.11.16 07:51:00.867,1.3652,1.3653,1.00,1.12
2016.11.16 07:51:00.919,1.36522,1.36537,1.00,2.00
2016.11.16 07:51:01.020,1.36523,1.36539,1.00,1.69
2016.11.16 07:51:01.122,1.36524,1.3654,1.50,1.69
2016.11.16 07:51:01.275,1.36526,1.36541,1.12,2.06
2016.11.16 07:51:01.429,1.36523,1.36538,1.87,2.62
2016.11.16 07:51:01.581,1.36523,1.36538,1.00,2.81
2016.11.16 07:51:01.785,1.36521,1.36537,1.00,1.19
2016.11.16 07:51:01.938,1.36526,1.36539,1.00,1.31
2016.11.16 07:51:02.276,1.36528,1.36543,1.00,1.19
2016.11.16 07:51:02.787,1.36526,1.36542,1.50,1.56
2016.11.16 07:51:03.143,1.36524,1.36541,1.87,2.06
2016.11.16 07:51:03.246,1.36523,1.36539,1.87,1.25
2016.11.16 07:51:03.349,1.36522,1.36532,1.87,1.00
2016.11.16 07:51:03.572,1.36509,1.36522,1.00,2.06
2016.11.16 07:51:03.675,1.36506,1.36521,1.00,1.31
2016.11.16 07:51:04.081,1.36505,1.3652,1.00,1.31
2016.11.16 07:51:04.587,1.36503,1.36518,1.75,1.25
2016.11.16 07:51:04.905,1.36497,1.36513,1.00,1.75
2016.11.16 07:51:04.956,1.36497,1.36514,1.00,1.50
2016.11.16 07:51:05.058,1.36498,1.36514,1.37,1.75
2016.11.16 07:51:05.261,1.36499,1.36514,1.12,1.00
2016.11.16 07:51:06.079,1.36499,1.36515,1.12,1.00
2016.11.16 07:51:06.130,1.36501,1.36516,1.00,1.50
2016.11.16 07:51:06.670,1.365,1.36517,1.50,1.25
2016.11.16 07:51:06.997,1.365,1.36517,3.00,1.25
2016.11.16 07:51:07.525,1.365,1.36515,1.50,1.00
2016.11.16 07:51:07.829,1.36497,1.3651,1.12,1.00
2016.11.16 07:51:07.880,1.36495,1.3651,1.75,1.50
2016.11.16 07:51:07.982,1.36494,1.36509,1.50,1.50
2016.11.16 07:51:08.209,1.36493,1.3651,1.37,1.00
2016.11.16 07:51:08.260,1.36496,1.3651,1.50,1.00
2016.11.16 07:51:08.869,1.36501,1.36513,1.00,1.12
2016.11.16 07:51:08.972,1.365,1.36513,1.00,1.37
2016.11.16 07:51:09.023,1.36507,1.36513,1.00,1.37
2016.11.16 07:51:09.074,1.36506,1.36515,1.00,1.00
2016.11.16 07:51:09.228,1.36512,1.36519,1.00,1.75
2016.11.16 07:51:09.394,1.36522,1.36528,1.00,2.62
2016.11.16 07:51:09.446,1.36524,1.36528,1.00,2.62
2016.11.16 07:51:09.599,1.36531,1.36538,1.00,1.37
2016.11.16 07:51:09.651,1.36533,1.36539,1.00,1.12
2016.11.16 07:51:09.702,1.36533,1.36543,1.00,1.12
2016.11.16 07:51:09.753,1.36539,1.36543,1.00,1.12
2016.11.16 07:51:09.804,1.3654,1.36544,1.00,1.50
2016.11.16 07:51:09.855,1.36537,1.36546,1.00,1.50
2016.11.16 07:51:09.906,1.36538,1.36546,1.00,1.50
2016.11.16 07:51:10.008,1.36539,1.36547,1.00,1.00
2016.11.16 07:51:10.109,1.36539,1.3655,1.00,1.00
2016.11.16 07:51:10.261,1.36539,1.36554,1.00,1.50
2016.11.16 07:51:10.364,1.36538,1.36553,1.00,2.25
2016.11.16 07:51:10.687,1.3654,1.36555,1.00,1.12
2016.11.16 07:51:10.789,1.3654,1.36556,1.00,1.87
2016.11.16 07:51:10.891,1.3654,1.36556,1.12,1.75
2016.11.16 07:51:11.397,1.36537,1.3655,1.87,1.00
2016.11.16 07:51:11.600,1.36536,1.3655,1.37,1.37
2016.11.16 07:51:12.151,1.36536,1.36551,1.00,1.75
2016.11.16 07:51:12.303,1.36536,1.36551,1.00,1.00
2016.11.16 07:51:13.359,1.36538,1.36552,1.00,1.50
2016.11.16 07:51:13.564,1.36536,1.36553,1.50,1.50
2016.11.16 07:51:14.097,1.36536,1.36552,1.00,1.50
2016.11.16 07:51:15.017,1.36535,1.36549,1.00,1.00
2016.11.16 07:51:15.068,1.36533,1.36549,1.12,1.87
2016.11.16 07:51:15.221,1.36533,1.36548,1.00,1.75
2016.11.16 07:51:15.525,1.36532,1.36548,1.12,1.37
2016.11.16 07:51:15.627,1.36532,1.36548,1.00,1.75
2016.11.16 07:51:16.360,1.36533,1.36548,1.00,1.75
2016.11.16 07:51:16.614,1.36535,1.3655,1.00,1.75
2016.11.16 07:51:16.716,1.36535,1.3655,1.00,1.12
2016.11.16 07:51:17.227,1.36533,1.3655,1.00,1.12
2016.11.16 07:51:17.278,1.36533,1.36548,1.50,1.00
2016.11.16 07:51:17.581,1.36533,1.36546,1.00,1.00
2016.11.16 07:51:17.744,1.36529,1.36546,1.00,2.25
2016.11.16 07:51:17.796,1.36529,1.36545,1.00,1.37
2016.11.16 07:51:17.948,1.36527,1.36542,1.50,1.00
2016.11.16 07:51:19.003,1.36527,1.36543,1.50,2.62
2016.11.16 07:51:19.105,1.36527,1.36543,1.00,1.00
2016.11.16 07:51:19.207,1.36525,1.36542,1.00,1.87
2016.11.16 07:51:19.536,1.3653,1.3654,1.00,1.00
2016.11.16 07:51:19.738,1.3653,1.36543,1.00,1.00
2016.11.16 07:51:20.245,1.36531,1.36545,1.00,1.12
2016.11.16 07:51:20.296,1.36529,1.36546,1.00,1.75
2016.11.16 07:51:20.603,1.36547,1.36557,1.50,1.37
2016.11.16 07:51:20.705,1.36553,1.36564,1.00,1.50
2016.11.16 07:51:20.756,1.36556,1.36564,1.00,1.50
2016.11.16 07:51:20.807,1.36556,1.36568,1.00,1.00
2016.11.16 07:51:20.909,1.36556,1.36571,1.00,1.00
2016.11.16 07:51:20.995,1.36558,1.3657,1.00,1.00
2016.11.16 07:51:21.047,1.36555,1.36571,1.00,1.37
2016.11.16 07:51:21.656,1.36553,1.3657,1.00,2.25
2016.11.16 07:51:21.960,1.36555,1.36568,1.00,1.50
2016.11.16 07:51:22.874,1.36557,1.3657,1.00,1.75
2016.11.16 07:51:22.979,1.36557,1.36573,1.00,1.12
2016.11.16 07:51:23.486,1.36558,1.36575,1.00,1.87
2016.11.16 07:51:23.842,1.36561,1.36576,1.00,2.25
2016.11.16 07:51:25.026,1.36566,1.36582,1.00,2.62
2016.11.16 07:51:25.564,1.36565,1.36582,1.00,1.12
2016.11.16 07:51:26.077,1.36566,1.36582,1.00,1.12
2016.11.16 07:51:26.574,1.36564,1.36582,3.00,1.87
2016.11.16 07:51:26.727,1.36567,1.36582,1.00,1.50
2016.11.16 07:51:26.778,1.36565,1.36582,1.00,1.87
2016.11.16 07:51:26.879,1.36567,1.36582,1.00,1.00
2016.11.16 07:51:27.183,1.36571,1.36583,1.00,1.37
2016.11.16 07:51:27.235,1.36572,1.36588,1.00,1.12
2016.11.16 07:51:27.774,1.36571,1.36589,1.50,1.12
2016.11.16 07:51:27.977,1.36575,1.36591,1.00,1.75
2016.11.16 07:51:28.029,1.36575,1.36591,1.00,1.12
2016.11.16 07:51:28.244,1.36572,1.36589,1.87,1.00
2016.11.16 07:51:28.296,1.36573,1.36589,1.00,1.00
2016.11.16 07:51:28.347,1.36573,1.36589,1.00,1.75
2016.11.16 07:51:28.854,1.36572,1.36589,1.00,1.75
2016.11.16 07:51:29.662,1.36572,1.36587,1.00,1.37
2016.11.16 07:51:30.285,1.36571,1.36587,1.12,1.75
2016.11.16 07:51:30.794,1.36571,1.36587,1.00,1.37
2016.11.16 07:51:31.098,1.36572,1.36588,1.00,1.12
2016.11.16 07:51:31.622,1.36572,1.36587,1.00,1.12
2016.11.16 07:51:32.331,1.3657,1.36588,1.12,1.75
2016.11.16 07:51:32.838,1.3657,1.36588,1.50,1.75
2016.11.16 07:51:32.990,1.36571,1.36588,1.37,1.75
2016.11.16 07:51:33.189,1.36571,1.36589,1.00,1.12
2016.11.16 07:51:33.367,1.3657,1.36587,1.12,1.00
2016.11.16 07:51:33.671,1.36571,1.36587,1.37,1.37
2016.11.16 07:51:34.142,1.36569,1.36583,1.12,1.00
2016.11.16 07:51:34.193,1.36569,1.36585,1.12,1.50
2016.11.16 07:51:34.261,1.36566,1.36583,1.50,1.00
2016.11.16 07:51:34.363,1.36566,1.36581,1.12,1.00
2016.11.16 07:51:34.708,1.36565,1.36582,1.00,1.75
2016.11.16 07:51:34.860,1.36565,1.36581,1.00,1.12
2016.11.16 07:51:35.164,1.36569,1.36581,1.00,1.12
2016.11.16 07:51:35.266,1.36567,1.36581,1.00,1.87
2016.11.16 07:51:35.345,1.36567,1.36581,1.00,2.25
2016.11.16 07:51:36.056,1.36566,1.36579,1.00,1.00
2016.11.16 07:51:37.575,1.36569,1.3658,1.00,1.37
2016.11.16 07:51:37.778,1.36567,1.36582,1.00,1.25
2016.11.16 07:51:37.829,1.36564,1.36582,1.00,1.12
2016.11.16 07:51:37.880,1.36563,1.3658,1.50,1.00
2016.11.16 07:51:37.982,1.36563,1.36578,1.12,1.12
2016.11.16 07:51:38.162,1.36562,1.36577,1.00,1.37
2016.11.16 07:51:38.695,1.36563,1.36577,1.00,1.37
2016.11.16 07:51:40.296,1.36564,1.36577,1.00,1.37
2016.11.16 07:51:40.823,1.36563,1.36577,1.00,1.37
2016.11.16 07:51:41.229,1.36563,1.36575,1.00,1.04
2016.11.16 07:51:41.280,1.36557,1.36572,2.25,1.12
2016.11.16 07:51:41.432,1.36558,1.36571,1.00,1.79
2016.11.16 07:51:41.981,1.36557,1.3657,1.00,1.00
2016.11.16 07:51:42.388,1.36567,1.36571,1.50,1.00
2016.11.16 07:51:42.491,1.36573,1.36583,1.00,2.62
2016.11.16 07:51:42.594,1.36573,1.36582,1.00,1.00
2016.11.16 07:51:42.697,1.36574,1.36588,1.00,1.12
2016.11.16 07:51:42.798,1.36573,1.36589,1.50,1.12
2016.11.16 07:51:42.900,1.36573,1.36589,1.50,1.87
2016.11.16 07:51:43.205,1.36573,1.36587,1.00,1.75
2016.11.16 07:51:43.326,1.3657,1.36585,1.00,1.41
2016.11.16 07:51:43.788,1.36573,1.36586,1.00,1.50
2016.11.16 07:51:44.294,1.36572,1.36586,1.00,1.50
2016.11.16 07:51:44.396,1.36572,1.36587,1.00,1.12
2016.11.16 07:51:45.333,1.36574,1.36591,1.00,1.12
2016.11.16 07:51:45.485,1.36574,1.36592,1.50,1.50
2016.11.16 07:51:45.536,1.36575,1.36592,1.12,1.69
2016.11.16 07:51:45.840,1.36573,1.36588,1.00,1.19
2016.11.16 07:51:46.373,1.36573,1.36588,1.00,1.19
2016.11.16 07:51:46.681,1.36581,1.36596,1.00,1.56
2016.11.16 07:51:47.210,1.36582,1.36597,1.00,2.06
2016.11.16 07:51:47.369,1.36579,1.36595,1.00,1.19
2016.11.16 07:51:47.521,1.36577,1.36595,1.00,2.06
2016.11.16 07:51:47.572,1.36577,1.36594,1.00,1.56
2016.11.16 07:51:48.078,1.36578,1.36595,1.00,2.06
2016.11.16 07:51:48.425,1.36578,1.36595,1.00,2.06
2016.11.16 07:51:49.174,1.36578,1.36593,1.00,1.19
2016.11.16 07:51:49.947,1.36578,1.36593,1.50,1.25
2016.11.16 07:51:50.604,1.36578,1.36593,1.50,1.19
2016.11.16 07:51:51.128,1.36578,1.36594,1.50,1.31
2016.11.16 07:51:51.973,1.36578,1.36594,1.50,1.12
2016.11.16 07:51:52.622,1.36583,1.36595,1.00,1.56
2016.11.16 07:51:52.723,1.36584,1.36599,1.00,1.69
2016.11.16 07:51:53.832,1.36586,1.36601,1.00,1.12
2016.11.16 07:51:54.035,1.36589,1.36605,1.00,1.12
2016.11.16 07:51:54.214,1.36588,1.36605,1.12,1.00
2016.11.16 07:51:54.822,1.36587,1.36605,2.25,2.25
2016.11.16 07:51:55.362,1.36588,1.36603,1.00,1.25
2016.11.16 07:51:56.001,1.36587,1.36603,1.50,1.69
2016.11.16 07:51:56.355,1.36584,1.36602,1.50,1.87
2016.11.16 07:51:56.861,1.36584,1.36601,1.00,2.25
2016.11.16 07:51:57.367,1.36584,1.366,1.00,1.12
2016.11.16 07:51:57.520,1.36582,1.36598,1.00,1.37
2016.11.16 07:51:57.571,1.3658,1.36596,1.00,1.00
2016.11.16 07:51:58.094,1.36579,1.36595,1.00,1.00
2016.11.16 07:51:59.311,1.36578,1.36594,1.37,1.87
2016.11.16 07:51:59.392,1.36575,1.3659,1.12,1.00
2016.11.16 07:51:59.647,1.36569,1.36585,1.50,1.00
2016.11.16 07:51:59.750,1.36568,1.36585,1.00,1.50
2016.11.16 07:52:00.258,1.36568,1.36585,2.62,1.69
2016.11.16 07:52:00.309,1.36572,1.36586,1.00,1.69
2016.11.16 07:52:00.850,1.36572,1.36586,1.87,1.00
2016.11.16 07:52:01.462,1.36574,1.36591,1.75,2.06
2016.11.16 07:52:01.617,1.36574,1.36591,1.50,1.31
2016.11.16 07:52:01.980,1.36576,1.36591,1.00,1.69
2016.11.16 07:52:02.082,1.36574,1.36591,2.25,1.25
2016.11.16 07:52:02.133,1.36574,1.36589,2.25,1.00
2016.11.16 07:52:02.336,1.36572,1.36588,1.50,1.12
2016.11.16 07:52:02.640,1.36572,1.36586,1.37,1.00
2016.11.16 07:52:03.095,1.3657,1.36584,1.12,1.00
2016.11.16 07:52:03.146,1.3657,1.36584,1.12,1.00
2016.11.16 07:52:04.057,1.3657,1.36587,1.75,2.62
2016.11.16 07:52:04.158,1.3657,1.36587,1.87,2.25
2016.11.16 07:52:04.665,1.3657,1.36587,1.87,1.12
2016.11.16 07:52:05.881,1.36573,1.36587,1.50,1.50
2016.11.16 07:52:06.411,1.36573,1.36589,1.00,1.50
2016.11.16 07:52:06.767,1.36573,1.36586,1.00,1.00
2016.11.16 07:52:06.869,1.36571,1.36585,1.12,1.00
2016.11.16 07:52:06.970,1.36571,1.36587,1.12,1.87
2016.11.16 07:52:07.073,1.36571,1.36583,1.12,1.00
2016.11.16 07:52:07.278,1.36561,1.36577,1.12,2.81
2016.11.16 07:52:07.599,1.36559,1.36575,1.12,1.00
2016.11.16 07:52:07.903,1.36557,1.36573,1.75,1.00
2016.11.16 07:52:08.158,1.36554,1.3657,1.87,1.00
2016.11.16 07:52:08.685,1.36556,1.36571,1.00,1.00
2016.11.16 07:52:08.926,1.36556,1.36569,1.00,1.00
2016.11.16 07:52:08.977,1.36553,1.36569,1.87,1.00
2016.11.16 07:52:09.282,1.36556,1.36571,1.12,1.87
2016.11.16 07:52:09.434,1.36557,1.36573,1.00,1.12
2016.11.16 07:52:09.876,1.36556,1.36574,1.75,1.87
2016.11.16 07:52:10.181,1.36553,1.36569,1.00,1.84
2016.11.16 07:52:10.714,1.36552,1.36569,1.50,1.00
2016.11.16 07:52:10.866,1.36554,1.36569,1.00,1.50
2016.11.16 07:52:11.173,1.3656,1.36574,1.00,1.12
2016.11.16 07:52:11.305,1.36563,1.36575,1.00,1.00
2016.11.16 07:52:11.408,1.36564,1.36577,1.00,1.00
2016.11.16 07:52:11.459,1.36565,1.36578,1.00,1.12
2016.11.16 07:52:11.561,1.36566,1.36581,1.00,1.87
2016.11.16 07:52:11.663,1.36565,1.36581,1.12,2.62
2016.11.16 07:52:11.866,1.36563,1.36579,1.50,1.12
2016.11.16 07:52:12.018,1.36567,1.3658,1.00,1.12
2016.11.16 07:52:12.221,1.36569,1.36585,1.12,1.12
2016.11.16 07:52:12.273,1.36571,1.36585,1.02,1.50
2016.11.16 07:52:12.598,1.36572,1.36588,1.00,1.69
2016.11.16 07:52:12.801,1.36571,1.36586,1.00,1.56
2016.11.16 07:52:12.954,1.36567,1.36584,1.37,1.69
2016.11.16 07:52:13.708,1.36567,1.36584,1.50,1.19
2016.11.16 07:52:13.861,1.36568,1.36581,1.00,1.00
2016.11.16 07:52:14.014,1.36567,1.36583,1.37,1.12
2016.11.16 07:52:14.270,1.36569,1.36584,1.50,1.09
2016.11.16 07:52:15.104,1.36569,1.36585,1.87,2.44
2016.11.16 07:52:15.638,1.3657,1.36586,1.50,2.21
2016.11.16 07:52:16.174,1.36569,1.36585,2.62,1.00
2016.11.16 07:52:16.477,1.36566,1.36583,4.12,1.87
2016.11.16 07:52:16.660,1.36566,1.36581,1.00,1.00
2016.11.16 07:52:17.168,1.36564,1.36581,1.87,1.69
2016.11.16 07:52:17.320,1.36563,1.36579,1.87,1.00
2016.11.16 07:52:17.473,1.36562,1.36579,1.87,1.69
2016.11.16 07:52:17.691,1.36564,1.36579,1.75,1.50
2016.11.16 07:52:18.233,1.36562,1.36575,1.87,1.00
2016.11.16 07:52:18.385,1.3656,1.36576,1.12,1.00
2016.11.16 07:52:18.640,1.3656,1.36574,1.12,1.00
2016.11.16 07:52:18.691,1.36557,1.36573,1.50,1.00
2016.11.16 07:52:18.909,1.36555,1.36572,1.37,1.00
2016.11.16 07:52:19.063,1.36558,1.36574,1.00,2.81
2016.11.16 07:52:19.475,1.36558,1.36574,1.50,1.00
2016.11.16 07:52:19.526,1.36561,1.36576,1.00,1.37
2016.11.16 07:52:19.780,1.36563,1.3658,1.87,1.12
2016.11.16 07:52:19.952,1.36563,1.36578,1.00,1.00
2016.11.16 07:52:20.286,1.36567,1.36581,1.37,1.00
2016.11.16 07:52:20.603,1.36572,1.36581,2.21,1.00
2016.11.16 07:52:20.661,1.36574,1.3659,1.50,4.12
2016.11.16 07:52:20.763,1.36575,1.36591,1.12,1.50
2016.11.16 07:52:20.864,1.36581,1.36594,1.00,1.94
2016.11.16 07:52:20.915,1.36577,1.36594,1.87,1.69
2016.11.16 07:52:20.966,1.36577,1.36595,3.37,2.06
2016.11.16 07:52:21.019,1.36583,1.36593,1.00,1.00
2016.11.16 07:52:21.084,1.36579,1.36594,1.12,1.00
2016.11.16 07:52:21.136,1.36577,1.36593,2.62,2.06
2016.11.16 07:52:21.254,1.36578,1.36594,2.62,1.25
2016.11.16 07:52:21.305,1.36578,1.36594,1.87,2.06
2016.11.16 07:52:21.563,1.36579,1.36592,1.00,1.31
2016.11.16 07:52:21.665,1.36574,1.36592,1.87,1.12
2016.11.16 07:52:21.718,1.36574,1.3659,1.87,1.87
2016.11.16 07:52:21.852,1.36574,1.36588,1.00,1.12
2016.11.16 07:52:21.905,1.36571,1.36588,1.87,1.87
2016.11.16 07:52:22.006,1.3657,1.36586,1.75,1.00
2016.11.16 07:52:22.059,1.36573,1.36589,1.00,2.81
2016.11.16 07:52:22.111,1.36575,1.36589,1.00,2.00
2016.11.16 07:52:22.314,1.36578,1.36592,1.00,1.69
2016.11.16 07:52:22.620,1.36577,1.36593,1.00,1.12
2016.11.16 07:52:22.795,1.36583,1.36595,1.00,1.50
2016.11.16 07:52:22.897,1.36583,1.36598,1.00,1.50
2016.11.16 07:52:22.948,1.36586,1.36598,1.00,1.00
2016.11.16 07:52:22.999,1.36586,1.36601,1.12,1.00
2016.11.16 07:52:23.051,1.36589,1.36601,1.00,1.00
2016.11.16 07:52:23.305,1.36585,1.36602,1.12,1.37
2016.11.16 07:52:23.509,1.36588,1.36599,1.00,1.00
2016.11.16 07:52:23.585,1.36583,1.36599,1.87,1.00
2016.11.16 07:52:23.637,1.36583,1.366,1.87,2.25
2016.11.16 07:52:23.738,1.36585,1.366,1.00,1.87
2016.11.16 07:52:24.045,1.36583,1.36599,1.19,1.12
2016.11.16 07:52:24.097,1.36583,1.36599,1.12,1.00
2016.11.16 07:52:24.250,1.36585,1.36601,1.00,1.00
2016.11.16 07:52:24.874,1.36585,1.36601,1.50,1.12
2016.11.16 07:52:25.026,1.36589,1.36604,1.00,1.37
2016.11.16 07:52:25.078,1.36589,1.36605,1.37,1.00
2016.11.16 07:52:25.181,1.36589,1.36603,1.37,1.00
2016.11.16 07:52:25.333,1.36584,1.366,1.12,1.00
2016.11.16 07:52:25.435,1.36587,1.36602,1.00,1.00
2016.11.16 07:52:25.486,1.36583,1.366,1.50,1.00
2016.11.16 07:52:25.537,1.36588,1.36595,1.00,1.00
2016.11.16 07:52:25.659,1.36582,1.36597,1.12,1.00
2016.11.16 07:52:25.711,1.36583,1.36595,1.50,1.00
2016.11.16 07:52:26.017,1.36587,1.36597,1.00,1.00
2016.11.16 07:52:26.220,1.36582,1.36595,1.00,1.00
2016.11.16 07:52:26.323,1.36578,1.36592,1.87,1.00
2016.11.16 07:52:26.577,1.36579,1.36594,1.12,1.50
2016.11.16 07:52:26.752,1.3658,1.36596,1.87,1.00
2016.11.16 07:52:27.057,1.36579,1.36594,2.62,1.12
2016.11.16 07:52:27.159,1.36579,1.36595,2.25,1.00
2016.11.16 07:52:27.270,1.36577,1.36591,1.87,1.00
2016.11.16 07:52:27.372,1.36577,1.3659,1.12,1.00
2016.11.16 07:52:27.524,1.36579,1.36594,2.62,1.50
2016.11.16 07:52:27.699,1.36584,1.36597,1.37,1.00
2016.11.16 07:52:27.750,1.36585,1.366,1.12,1.50
2016.11.16 07:52:27.903,1.36582,1.36598,1.50,1.00
2016.11.16 07:52:28.361,1.36582,1.36598,1.87,1.00
2016.11.16 07:52:28.514,1.36581,1.36596,1.87,1.00
2016.11.16 07:52:28.837,1.36576,1.36594,3.00,1.50
2016.11.16 07:52:28.895,1.36576,1.36592,2.25,1.00
2016.11.16 07:52:29.301,1.36578,1.36594,1.37,1.50
2016.11.16 07:52:29.807,1.36579,1.36594,1.37,1.00
2016.11.16 07:52:29.988,1.36576,1.36592,4.12,1.00
2016.11.16 07:52:30.039,1.36576,1.36592,1.50,1.12
2016.11.16 07:52:30.090,1.36576,1.36592,1.12,1.12
2016.11.16 07:52:30.141,1.36575,1.36585,1.50,1.00
2016.11.16 07:52:30.395,1.36572,1.36585,1.50,1.00
2016.11.16 07:52:30.446,1.36572,1.36585,1.12,1.12
2016.11.16 07:52:30.754,1.36573,1.36583,1.00,1.00
2016.11.16 07:52:31.160,1.36573,1.36585,1.00,1.00
2016.11.16 07:52:31.671,1.36573,1.36584,1.00,1.00
2016.11.16 07:52:32.026,1.36568,1.36583,1.87,1.00
2016.11.16 07:52:32.077,1.36568,1.36583,2.25,1.00
2016.11.16 07:52:32.178,1.36568,1.36581,1.00,1.12
2016.11.16 07:52:32.701,1.36566,1.3658,1.37,1.00
2016.11.16 07:52:33.157,1.36565,1.3658,1.00,1.00
2016.11.16 07:52:33.411,1.36565,1.3658,1.87,1.00
2016.11.16 07:52:33.654,1.36563,1.36579,1.87,1.00
2016.11.16 07:52:33.756,1.36562,1.36577,2.62,1.00
2016.11.16 07:52:34.062,1.36559,1.36576,1.12,1.00
2016.11.16 07:52:34.224,1.36559,1.36575,1.12,1.00
2016.11.16 07:52:34.278,1.36563,1.36575,1.00,1.00
2016.11.16 07:52:34.335,1.36559,1.36575,1.12,1.00
2016.11.16 07:52:34.586,1.36562,1.36576,1.00,2.62
2016.11.16 07:52:34.742,1.36559,1.36575,1.12,1.50
2016.11.16 07:52:34.947,1.36556,1.36572,1.50,1.00
2016.11.16 07:52:35.455,1.36556,1.36572,1.00,1.12
2016.11.16 07:52:35.969,1.36555,1.36572,1.00,1.12
2016.11.16 07:52:36.275,1.36556,1.36571,1.87,1.00
2016.11.16 07:52:36.326,1.36555,1.3657,1.00,1.00
2016.11.16 07:52:36.428,1.36556,1.36569,1.87,1.00
2016.11.16 07:52:36.683,1.36553,1.36565,1.12,1.00
2016.11.16 07:52:36.751,1.36553,1.36567,3.37,1.00
2016.11.16 07:52:36.981,1.36552,1.36568,2.25,1.50
2016.11.16 07:52:37.225,1.36551,1.36566,1.87,1.00
2016.11.16 07:52:37.531,1.36546,1.36561,1.87,1.00
2016.11.16 07:52:37.634,1.36544,1.36561,2.62,1.00
2016.11.16 07:52:37.889,1.36544,1.36559,1.87,1.00
2016.11.16 07:52:38.227,1.36547,1.36557,1.87,1.00
2016.11.16 07:52:38.278,1.36547,1.36561,1.87,2.25
2016.11.16 07:52:38.333,1.3655,1.36563,1.87,1.12
2016.11.16 07:52:38.438,1.36551,1.36566,1.37,1.00
2016.11.16 07:52:38.491,1.36552,1.36568,1.12,1.00
2016.11.16 07:52:38.542,1.36553,1.3657,1.87,2.25
2016.11.16 07:52:38.745,1.36555,1.36571,1.00,1.12
2016.11.16 07:52:38.823,1.36558,1.36571,1.00,1.12
2016.11.16 07:52:39.129,1.36559,1.36572,1.37,1.00
2016.11.16 07:52:39.434,1.36572,1.36578,1.50,1.85
2016.11.16 07:52:39.561,1.36578,1.36588,1.00,1.29
2016.11.16 07:52:39.613,1.36578,1.36588,1.00,1.00
2016.11.16 07:52:39.665,1.36582,1.36588,1.00,1.00
2016.11.16 07:52:39.768,1.36578,1.36589,1.37,1.00
2016.11.16 07:52:39.921,1.36577,1.36589,1.00,1.00
2016.11.16 07:52:40.075,1.36573,1.36589,3.00,1.00
2016.11.16 07:52:40.279,1.36573,1.36585,1.87,1.00
2016.11.16 07:52:40.826,1.36573,1.36586,1.12,1.00
2016.11.16 07:52:41.283,1.36573,1.36588,1.00,1.12
2016.11.16 07:52:41.604,1.36574,1.3659,1.00,1.12
2016.11.16 07:52:41.655,1.36578,1.36588,1.00,1.00
2016.11.16 07:52:41.707,1.36578,1.3659,1.00,1.00
2016.11.16 07:52:42.063,1.36582,1.36591,1.00,1.50
2016.11.16 07:52:42.316,1.36583,1.36596,1.00,1.00
2016.11.16 07:52:42.368,1.36587,1.36597,1.00,1.00
2016.11.16 07:52:42.419,1.36587,1.366,1.00,1.37
2016.11.16 07:52:42.470,1.36592,1.36602,1.00,1.00
2016.11.16 07:52:42.521,1.36592,1.36604,1.00,1.12
2016.11.16 07:52:42.701,1.36592,1.36606,1.87,1.00
2016.11.16 07:52:42.906,1.36591,1.36605,2.25,1.50
2016.11.16 07:52:43.210,1.36593,1.36608,1.75,1.00
2016.11.16 07:52:43.363,1.36592,1.36606,1.12,1.00
2016.11.16 07:52:43.520,1.36592,1.36608,1.00,1.00
2016.11.16 07:52:43.900,1.3659,1.36604,1.75,1.00
2016.11.16 07:52:44.206,1.36573,1.36581,2.25,1.00
2016.11.16 07:52:44.309,1.36565,1.3658,2.62,2.25
2016.11.16 07:52:44.360,1.36571,1.36579,1.00,1.00
2016.11.16 07:52:44.411,1.36573,1.36582,1.00,1.00
2016.11.16 07:52:44.463,1.36576,1.36582,1.00,1.00
2016.11.16 07:52:44.565,1.36576,1.36592,1.75,1.50
2016.11.16 07:52:44.617,1.36582,1.36594,1.00,1.87
2016.11.16 07:52:44.668,1.36584,1.36597,1.00,1.37
2016.11.16 07:52:44.719,1.36586,1.366,1.00,1.37
2016.11.16 07:52:44.771,1.36592,1.36601,1.00,1.00
2016.11.16 07:52:44.844,1.36593,1.36605,1.00,2.25
2016.11.16 07:52:44.896,1.36595,1.36608,1.00,1.00
2016.11.16 07:52:44.948,1.36596,1.3661,1.50,1.00
2016.11.16 07:52:45.052,1.36595,1.36613,1.50,1.00
2016.11.16 07:52:45.104,1.36595,1.36608,2.62,1.00
2016.11.16 07:52:45.308,1.36592,1.36607,1.00,1.00
2016.11.16 07:52:45.462,1.3659,1.36607,1.51,1.00
2016.11.16 07:52:45.513,1.36589,1.36607,4.14,1.00
2016.11.16 07:52:45.842,1.366,1.36613,1.00,1.00
2016.11.16 07:52:46.198,1.36598,1.36611,1.12,1.00
2016.11.16 07:52:46.505,1.36593,1.36606,1.00,1.00
2016.11.16 07:52:46.810,1.36605,1.36609,1.00,1.00
2016.11.16 07:52:46.861,1.36597,1.36613,1.12,1.00
2016.11.16 07:52:46.937,1.36598,1.36613,1.75,1.00
2016.11.16 07:52:47.345,1.366,1.36616,1.12,1.00
2016.11.16 07:52:47.802,1.366,1.36614,1.12,1.00
2016.11.16 07:52:48.106,1.36596,1.3661,1.37,1.00
2016.11.16 07:52:48.214,1.36598,1.36612,1.00,1.00
2016.11.16 07:52:48.316,1.366,1.36613,1.00,1.00
2016.11.16 07:52:48.367,1.366,1.36615,1.00,1.00
2016.11.16 07:52:49.082,1.36598,1.36615,1.50,1.00
2016.11.16 07:52:49.184,1.36597,1.36613,1.12,1.00
2016.11.16 07:52:49.617,1.36598,1.36609,1.12,1.00
2016.11.16 07:52:49.719,1.36593,1.36609,6.37,1.00
2016.11.16 07:52:49.973,1.36594,1.36612,1.75,1.00
2016.11.16 07:52:50.075,1.36598,1.36613,1.50,1.00
2016.11.16 07:52:50.659,1.36599,1.36612,1.00,1.00
2016.11.16 07:52:50.811,1.36599,1.36614,1.00,1.00
2016.11.16 07:52:51.065,1.36598,1.36612,1.50,1.00
2016.11.16 07:52:51.901,1.36599,1.36614,1.37,1.00
2016.11.16 07:52:52.004,1.36602,1.36614,1.00,1.00
2016.11.16 07:52:52.056,1.36602,1.36617,1.00,1.00
2016.11.16 07:52:52.107,1.36603,1.3662,1.00,1.12
2016.11.16 07:52:52.158,1.36604,1.3662,1.50,1.00
2016.11.16 07:52:52.464,1.36632,1.36637,1.50,1.00
2016.11.16 07:52:52.515,1.36633,1.3665,1.00,1.87
2016.11.16 07:52:52.566,1.36633,1.36651,1.50,1.50
2016.11.16 07:52:52.617,1.36633,1.36651,2.62,1.00
2016.11.16 07:52:52.969,1.36636,1.36648,1.37,1.00
2016.11.16 07:52:53.226,1.36627,1.36643,1.12,2.25
2016.11.16 07:52:53.430,1.36626,1.36639,1.00,1.00
2016.11.16 07:52:53.685,1.36626,1.36642,1.00,1.50
2016.11.16 07:52:53.787,1.36629,1.36643,1.00,1.75
2016.11.16 07:52:53.839,1.36629,1.36645,1.00,1.75
2016.11.16 07:52:53.940,1.36631,1.36646,1.00,1.12
2016.11.16 07:52:54.110,1.36632,1.36648,1.00,1.50
2016.11.16 07:52:54.414,1.36636,1.3665,1.00,1.50
2016.11.16 07:52:54.515,1.36634,1.36649,1.00,1.37
2016.11.16 07:52:54.617,1.36632,1.36649,1.37,1.12
2016.11.16 07:52:54.719,1.36635,1.36651,1.00,1.87
2016.11.16 07:52:55.226,1.36635,1.36651,1.00,1.50
2016.11.16 07:52:55.626,1.36633,1.36651,1.00,1.50
2016.11.16 07:52:55.728,1.36632,1.3665,1.12,1.75
2016.11.16 07:52:56.031,1.36631,1.36646,1.00,1.00
2016.11.16 07:52:56.539,1.3663,1.36646,1.12,1.00
2016.11.16 07:52:56.864,1.3663,1.36644,1.00,1.00
2016.11.16 07:52:57.169,1.36627,1.36644,1.00,1.50
2016.11.16 07:52:57.427,1.36625,1.36643,1.12,1.87
2016.11.16 07:52:57.529,1.36625,1.36641,1.12,2.25
2016.11.16 07:52:58.153,1.36627,1.36641,1.00,1.50
2016.11.16 07:52:58.307,1.36629,1.36645,1.00,1.12
2016.11.16 07:52:58.816,1.3663,1.36646,1.00,2.25
2016.11.16 07:52:59.019,1.36629,1.36645,1.00,4.50
2016.11.16 07:52:59.569,1.36628,1.36644,1.00,1.75
2016.11.16 07:52:59.671,1.36629,1.36643,1.00,1.00
2016.11.16 07:52:59.982,1.36632,1.36643,1.00,1.00
2016.11.16 07:53:00.288,1.36637,1.36654,1.00,1.37
2016.11.16 07:53:00.390,1.36637,1.36654,1.00,1.50
2016.11.16 07:53:00.756,1.36635,1.36653,1.12,1.12
2016.11.16 07:53:01.010,1.36637,1.36655,1.00,1.75
2016.11.16 07:53:01.314,1.36639,1.36655,1.00,2.25
2016.11.16 07:53:01.619,1.36642,1.36655,1.00,1.00
2016.11.16 07:53:01.721,1.36643,1.36659,1.00,1.50
2016.11.16 07:53:01.842,1.36645,1.36661,1.00,1.87
2016.11.16 07:53:01.893,1.36645,1.36661,1.00,2.62
2016.11.16 07:53:02.148,1.36643,1.36661,1.00,2.62
2016.11.16 07:53:02.453,1.36646,1.36661,1.00,1.37
2016.11.16 07:53:02.960,1.36647,1.36663,1.00,1.00
2016.11.16 07:53:03.062,1.3665,1.36665,1.00,1.75
2016.11.16 07:53:03.237,1.36646,1.36662,1.00,1.00
2016.11.16 07:53:03.744,1.36647,1.36665,1.00,2.25
2016.11.16 07:53:03.846,1.36649,1.36663,1.00,1.00
2016.11.16 07:53:03.998,1.36649,1.36665,1.00,1.00
2016.11.16 07:53:04.100,1.36649,1.36667,1.75,1.87
2016.11.16 07:53:04.354,1.36652,1.3667,1.12,1.50
2016.11.16 07:53:04.501,1.36653,1.3667,1.37,1.37
2016.11.16 07:53:04.656,1.36653,1.36671,1.50,1.87
2016.11.16 07:53:04.759,1.36653,1.36669,1.50,1.00
2016.11.16 07:53:05.063,1.36648,1.36663,1.12,1.00
2016.11.16 07:53:05.114,1.36649,1.36662,1.00,1.00
2016.11.16 07:53:05.216,1.36645,1.36661,2.25,1.00
2016.11.16 07:53:05.725,1.36644,1.3666,1.50,1.00
2016.11.16 07:53:05.776,1.36642,1.36658,1.84,1.00
2016.11.16 07:53:05.979,1.36641,1.36657,1.12,1.00
2016.11.16 07:53:06.679,1.36641,1.36657,1.87,1.00
2016.11.16 07:53:07.225,1.36642,1.36659,1.37,1.00
2016.11.16 07:53:07.682,1.36643,1.36657,1.00,1.00
2016.11.16 07:53:07.885,1.3664,1.36657,1.50,1.00
2016.11.16 07:53:08.466,1.36639,1.36657,1.75,1.50
2016.11.16 07:53:08.618,1.36636,1.36654,1.87,1.00
2016.11.16 07:53:08.873,1.36636,1.36654,1.37,1.87
2016.11.16 07:53:08.975,1.36636,1.36653,1.12,1.00
2016.11.16 07:53:09.390,1.36637,1.36653,1.50,1.00
2016.11.16 07:53:09.510,1.36638,1.36655,1.12,1.12
2016.11.16 07:53:09.612,1.3664,1.36656,1.00,1.37
2016.11.16 07:53:09.765,1.36638,1.36656,1.50,1.75
2016.11.16 07:53:10.425,1.36639,1.36655,1.00,1.50
2016.11.16 07:53:10.637,1.3664,1.36656,1.12,1.00
2016.11.16 07:53:10.689,1.36642,1.36658,1.12,1.12
2016.11.16 07:53:11.044,1.36642,1.36656,1.37,1.00
2016.11.16 07:53:11.145,1.36639,1.36653,1.00,1.00
2016.11.16 07:53:11.196,1.36637,1.36653,1.00,1.12
2016.11.16 07:53:11.601,1.36638,1.36656,1.12,2.25
2016.11.16 07:53:11.652,1.36639,1.36656,1.37,1.87
2016.11.16 07:53:11.855,1.3664,1.36657,2.25,1.00
2016.11.16 07:53:12.408,1.36642,1.36657,1.00,1.00
2016.11.16 07:53:13.171,1.36642,1.36656,1.50,1.00
2016.11.16 07:53:13.397,1.36639,1.36654,2.62,1.00
2016.11.16 07:53:13.550,1.36636,1.36652,2.25,1.00
2016.11.16 07:53:13.702,1.36636,1.36655,2.25,1.00
2016.11.16 07:53:13.905,1.36638,1.36654,1.50,1.50
2016.11.16 07:53:14.058,1.36639,1.36656,1.12,1.37
2016.11.16 07:53:14.209,1.36642,1.36658,1.00,1.37
2016.11.16 07:53:14.362,1.36645,1.36662,1.00,1.00
2016.11.16 07:53:14.543,1.36645,1.36663,4.12,1.31
2016.11.16 07:53:14.848,1.36646,1.36662,1.00,1.50
2016.11.16 07:53:15.154,1.36648,1.36663,1.00,1.75
2016.11.16 07:53:15.256,1.36649,1.36665,1.00,1.50
2016.11.16 07:53:15.308,1.36649,1.36666,1.00,3.75
2016.11.16 07:53:15.512,1.36649,1.36665,1.75,1.00
2016.11.16 07:53:15.614,1.36649,1.36666,1.12,1.00
2016.11.16 07:53:16.010,1.3665,1.36666,1.37,1.37
2016.11.16 07:53:16.163,1.36649,1.36668,1.87,1.87
2016.11.16 07:53:16.214,1.36651,1.36667,1.12,1.50
2016.11.16 07:53:16.721,1.36652,1.36668,1.00,1.75
2016.11.16 07:53:17.130,1.36654,1.36668,1.00,1.37
2016.11.16 07:53:17.284,1.36652,1.3667,1.50,1.12
2016.11.16 07:53:17.401,1.36652,1.3667,1.50,1.12
2016.11.16 07:53:17.656,1.36654,1.3667,1.12,1.50
2016.11.16 07:53:17.859,1.36655,1.36669,1.12,1.12
2016.11.16 07:53:18.114,1.36656,1.36672,1.00,1.75
2016.11.16 07:53:18.445,1.36657,1.36674,1.50,1.37
2016.11.16 07:53:18.642,1.36657,1.36675,1.00,1.75
2016.11.16 07:53:18.744,1.36656,1.36671,1.00,1.00
2016.11.16 07:53:19.201,1.36654,1.3667,1.00,1.12
2016.11.16 07:53:19.656,1.36653,1.36669,1.00,1.37
2016.11.16 07:53:19.981,1.36652,1.3667,1.12,1.50
2016.11.16 07:53:20.287,1.36652,1.36669,1.50,1.12
2016.11.16 07:53:20.591,1.36652,1.36667,1.50,1.00
2016.11.16 07:53:20.911,1.36645,1.36657,1.12,1.00
2016.11.16 07:53:20.962,1.36642,1.36656,2.62,1.00
2016.11.16 07:53:21.064,1.36638,1.36655,1.12,1.00
2016.11.16 07:53:21.115,1.36638,1.36653,1.37,1.00
2016.11.16 07:53:21.166,1.36638,1.36653,1.00,1.00
2016.11.16 07:53:21.421,1.36638,1.36654,1.12,1.00
2016.11.16 07:53:21.727,1.36639,1.36651,1.12,1.12
2016.11.16 07:53:21.830,1.36635,1.36651,1.87,1.00
2016.11.16 07:53:21.951,1.36636,1.36651,1.12,1.00
2016.11.16 07:53:22.002,1.36636,1.36653,1.75,1.00
2016.11.16 07:53:22.308,1.36638,1.36652,1.75,1.00
2016.11.16 07:53:22.359,1.36639,1.36654,1.12,1.00
2016.11.16 07:53:22.512,1.36639,1.36652,1.12,1.00
2016.11.16 07:53:22.614,1.3664,1.36651,1.00,1.00
2016.11.16 07:53:22.868,1.36636,1.3665,1.12,1.00
2016.11.16 07:53:23.247,1.36636,1.3665,1.12,1.00
2016.11.16 07:53:24.819,1.36636,1.36652,1.12,1.00
2016.11.16 07:53:24.923,1.36636,1.36652,2.25,1.00
2016.11.16 07:53:26.037,1.36638,1.36652,1.00,1.00
2016.11.16 07:53:26.443,1.36637,1.36649,1.87,1.00
2016.11.16 07:53:26.598,1.36635,1.36651,1.12,1.87
2016.11.16 07:53:28.923,1.36638,1.3665,1.12,1.00
2016.11.16 07:53:30.729,1.36638,1.36651,1.00,1.00
2016.11.16 07:53:30.830,1.36639,1.36654,1.00,1.00
2016.11.16 07:53:31.143,1.36639,1.36656,1.50,1.00
2016.11.16 07:53:31.667,1.3664,1.36656,1.46,1.00
2016.11.16 07:53:32.530,1.3664,1.36656,1.37,1.00
2016.11.16 07:53:32.739,1.36639,1.36648,1.87,1.00
2016.11.16 07:53:33.044,1.3662,1.36627,1.50,1.00
2016.11.16 07:53:33.340,1.36602,1.36614,1.75,1.00
2016.11.16 07:53:33.392,1.366,1.36614,1.75,1.00
2016.11.16 07:53:33.444,1.36599,1.36612,2.62,1.00
2016.11.16 07:53:33.546,1.36598,1.36614,1.87,1.00
2016.11.16 07:53:33.597,1.36597,1.36609,1.37,1.00
2016.11.16 07:53:33.649,1.36594,1.36611,1.37,1.00
2016.11.16 07:53:33.700,1.36594,1.36609,1.37,1.00
2016.11.16 07:53:33.903,1.366,1.36616,1.84,1.37
2016.11.16 07:53:34.005,1.36602,1.36617,1.00,1.00
2016.11.16 07:53:34.310,1.36608,1.36617,1.00,1.00
2016.11.16 07:53:34.580,1.36603,1.36621,2.62,2.25
2016.11.16 07:53:34.632,1.36605,1.36621,1.00,1.50
2016.11.16 07:53:34.683,1.36605,1.36621,1.00,1.00
2016.11.16 07:53:34.734,1.36611,1.36625,1.00,1.12
2016.11.16 07:53:34.786,1.36613,1.36624,1.00,1.00
2016.11.16 07:53:34.887,1.36613,1.36631,1.50,1.87
2016.11.16 07:53:34.938,1.36615,1.36631,1.00,1.75
2016.11.16 07:53:35.243,1.36618,1.36632,1.00,1.87
2016.11.16 07:53:35.344,1.36617,1.36632,1.00,1.00
2016.11.16 07:53:35.716,1.36623,1.36635,1.00,1.37
2016.11.16 07:53:35.819,1.36616,1.36634,1.00,1.00
2016.11.16 07:53:35.921,1.3662,1.36638,1.84,4.12
2016.11.16 07:53:36.226,1.36623,1.36642,1.69,4.12
2016.11.16 07:53:36.277,1.36623,1.36642,1.69,1.00
2016.11.16 07:53:36.809,1.36627,1.36643,1.25,1.87
2016.11.16 07:53:37.729,1.36628,1.36644,1.00,1.50
2016.11.16 07:53:37.982,1.36628,1.36646,1.50,1.50
2016.11.16 07:53:38.489,1.36627,1.36644,1.00,1.00
2016.11.16 07:53:40.193,1.36628,1.36644,1.00,1.00
2016.11.16 07:53:40.331,1.36628,1.36644,1.87,1.00
2016.11.16 07:53:40.838,1.3663,1.36645,1.00,1.00
2016.11.16 07:53:41.142,1.36626,1.36634,1.87,1.00
2016.11.16 07:53:41.447,1.36617,1.36625,1.12,1.00
2016.11.16 07:53:41.719,1.36608,1.36624,1.69,1.12
2016.11.16 07:53:41.872,1.36611,1.36628,1.19,1.12
2016.11.16 07:53:42.076,1.36616,1.36633,1.25,1.50
2016.11.16 07:53:42.127,1.36616,1.36634,1.62,1.12
2016.11.16 07:53:42.230,1.36618,1.36636,1.50,1.87
2016.11.16 07:53:42.483,1.3662,1.36636,1.00,1.00
2016.11.16 07:53:43.021,1.3662,1.36635,1.00,1.00
2016.11.16 07:53:43.677,1.36621,1.36637,1.00,1.00
2016.11.16 07:53:43.829,1.36623,1.36637,1.00,1.00
2016.11.16 07:53:44.133,1.36625,1.36641,1.00,1.50
2016.11.16 07:53:44.436,1.36626,1.36643,1.12,1.12
2016.11.16 07:53:44.501,1.36628,1.36644,1.00,1.00
2016.11.16 07:53:44.805,1.36621,1.36637,1.50,1.00
2016.11.16 07:53:45.110,1.36609,1.36626,1.50,1.00
2016.11.16 07:53:45.364,1.36609,1.36624,1.00,1.00
2016.11.16 07:53:45.739,1.36608,1.36622,1.12,1.00
2016.11.16 07:53:46.275,1.36608,1.36623,1.00,1.12
2016.11.16 07:53:46.580,1.36598,1.36608,1.00,1.56
2016.11.16 07:53:46.732,1.36592,1.36604,1.37,1.00
2016.11.16 07:53:47.134,1.36592,1.36604,1.00,1.00
2016.11.16 07:53:47.236,1.3659,1.36607,1.00,1.75
2016.11.16 07:53:47.288,1.36592,1.36608,1.00,3.37
2016.11.16 07:53:47.340,1.36593,1.36606,1.00,1.00
2016.11.16 07:53:47.442,1.36596,1.36611,1.00,1.12
2016.11.16 07:53:47.544,1.36598,1.36614,1.00,1.37
2016.11.16 07:53:48.050,1.36598,1.36614,1.00,1.00
2016.11.16 07:53:48.599,1.36598,1.36616,1.00,1.37
2016.11.16 07:53:49.308,1.36598,1.36614,1.50,1.00
2016.11.16 07:53:49.562,1.36601,1.36619,1.00,1.50
2016.11.16 07:53:49.613,1.36603,1.36619,1.00,1.50
2016.11.16 07:53:49.733,1.36604,1.36621,1.00,1.69
2016.11.16 07:53:49.784,1.36606,1.36622,1.00,1.50
2016.11.16 07:53:50.240,1.36607,1.36623,1.00,1.00
2016.11.16 07:53:50.342,1.36612,1.36623,1.00,1.00
2016.11.16 07:53:50.494,1.36612,1.36626,1.00,1.12
2016.11.16 07:53:51.032,1.36613,1.36626,1.00,1.37
2016.11.16 07:53:51.260,1.36607,1.3662,1.50,1.00
2016.11.16 07:53:51.312,1.36608,1.36618,1.75,1.00
2016.11.16 07:53:51.414,1.36601,1.36615,1.00,1.12
2016.11.16 07:53:51.465,1.36598,1.36614,1.12,1.12
2016.11.16 07:53:51.667,1.36596,1.36611,1.00,1.00
2016.11.16 07:53:51.820,1.36594,1.36611,1.00,1.12
2016.11.16 07:53:51.973,1.36596,1.36611,1.09,1.00
2016.11.16 07:53:52.328,1.36596,1.36614,3.34,1.50
2016.11.16 07:53:52.379,1.36598,1.36614,1.12,1.50
2016.11.16 07:53:52.745,1.36599,1.36614,1.37,1.00
2016.11.16 07:53:53.004,1.36601,1.36616,1.12,1.00
2016.11.16 07:53:53.055,1.36601,1.36616,1.50,1.00
2016.11.16 07:53:53.627,1.36605,1.3662,1.00,1.12
2016.11.16 07:53:53.679,1.36605,1.36621,1.50,1.50
2016.11.16 07:53:53.781,1.36605,1.36621,2.25,1.12
2016.11.16 07:53:54.205,1.36609,1.36625,1.00,1.50
2016.11.16 07:53:54.257,1.36613,1.36626,1.00,1.12
2016.11.16 07:53:54.346,1.36613,1.36627,1.00,1.12
2016.11.16 07:53:54.449,1.36613,1.3663,1.00,1.37
2016.11.16 07:53:54.997,1.36614,1.36629,1.00,1.00
2016.11.16 07:53:55.201,1.36614,1.36626,1.37,1.00
2016.11.16 07:53:55.400,1.36606,1.36623,1.37,1.75
2016.11.16 07:53:55.452,1.36604,1.3662,2.25,1.00
2016.11.16 07:53:56.381,1.36604,1.3662,1.50,1.37
2016.11.16 07:53:56.483,1.36603,1.36622,2.25,2.62
2016.11.16 07:53:56.585,1.36603,1.36615,1.00,1.00
2016.11.16 07:53:56.906,1.36594,1.36603,1.12,1.00
2016.11.16 07:53:56.957,1.36591,1.36602,3.37,1.00
2016.11.16 07:53:57.059,1.36586,1.36601,1.00,1.00
2016.11.16 07:53:57.161,1.36588,1.36604,1.00,3.00
2016.11.16 07:53:57.263,1.36587,1.36605,1.50,1.87
2016.11.16 07:53:57.467,1.36589,1.36606,1.12,1.87
2016.11.16 07:53:57.770,1.36592,1.36609,1.37,1.12
2016.11.16 07:53:57.922,1.36594,1.3661,1.00,1.87
2016.11.16 07:53:58.468,1.36594,1.3661,1.00,1.87
2016.11.16 07:53:59.679,1.36595,1.3661,1.00,1.37
2016.11.16 07:54:00.465,1.36593,1.36608,1.37,1.00
2016.11.16 07:54:00.567,1.36592,1.36608,1.50,1.75
2016.11.16 07:54:00.668,1.36593,1.36611,1.50,1.75
2016.11.16 07:54:01.675,1.36594,1.36608,1.37,1.00
2016.11.16 07:54:01.880,1.36592,1.36608,1.50,1.00
2016.11.16 07:54:01.931,1.36592,1.3661,1.50,1.87
2016.11.16 07:54:01.983,1.36594,1.36608,1.00,1.00
2016.11.16 07:54:02.307,1.36594,1.36609,1.50,1.12
2016.11.16 07:54:02.459,1.36593,1.3661,1.75,1.75
2016.11.16 07:54:02.865,1.36593,1.3661,1.00,1.62
2016.11.16 07:54:03.219,1.36592,1.36607,1.00,1.12
2016.11.16 07:54:03.522,1.36588,1.36604,6.00,1.12
2016.11.16 07:54:03.580,1.36585,1.36602,4.12,1.00
2016.11.16 07:54:03.681,1.36585,1.36601,1.87,1.00
2016.11.16 07:54:03.935,1.36585,1.36593,1.12,1.00
2016.11.16 07:54:04.189,1.36571,1.36585,1.12,1.00
2016.11.16 07:54:04.291,1.36568,1.36584,1.37,1.00
2016.11.16 07:54:04.396,1.36566,1.36584,1.87,1.12
2016.11.16 07:54:04.768,1.3657,1.36585,1.37,1.00
2016.11.16 07:54:05.073,1.36577,1.36592,1.50,1.37
2016.11.16 07:54:05.580,1.36576,1.36592,1.75,1.00
2016.11.16 07:54:05.920,1.36581,1.36597,1.87,1.69
2016.11.16 07:54:05.971,1.36581,1.36597,2.25,1.50
2016.11.16 07:54:06.301,1.36582,1.36597,1.00,1.12
2016.11.16 07:54:06.877,1.36588,1.366,1.19,1.12
2016.11.16 07:54:06.980,1.36592,1.36604,1.69,1.12
2016.11.16 07:54:07.031,1.36598,1.36604,1.00,1.12
2016.11.16 07:54:07.133,1.36601,1.36615,1.00,1.00
2016.11.16 07:54:07.184,1.36604,1.36619,1.37,1.12
2016.11.16 07:54:07.414,1.36606,1.36624,1.50,1.50
2016.11.16 07:54:07.465,1.36603,1.36616,1.75,1.00
2016.11.16 07:54:07.567,1.366,1.36617,1.00,1.75
2016.11.16 07:54:07.618,1.36602,1.36617,1.50,1.50
2016.11.16 07:54:07.922,1.36602,1.36616,1.00,1.37
2016.11.16 07:54:08.950,1.36601,1.36616,1.50,1.87
2016.11.16 07:54:09.305,1.36603,1.36618,1.50,1.50
2016.11.16 07:54:09.610,1.36602,1.36617,1.00,1.75
2016.11.16 07:54:10.427,1.36601,1.36614,1.00,1.00
2016.11.16 07:54:10.479,1.36599,1.36613,1.00,1.00
2016.11.16 07:54:10.580,1.36597,1.36613,1.00,1.00
2016.11.16 07:54:10.682,1.36598,1.36612,1.37,1.00
2016.11.16 07:54:10.733,1.36598,1.36614,1.50,1.00
2016.11.16 07:54:10.936,1.36596,1.36612,1.50,1.00
2016.11.16 07:54:11.037,1.36595,1.36611,2.25,1.12
2016.11.16 07:54:11.565,1.36595,1.3661,1.50,1.00
2016.11.16 07:54:12.075,1.36593,1.36609,2.62,1.00
2016.11.16 07:54:12.372,1.36593,1.36611,3.37,1.00
2016.11.16 07:54:12.940,1.36595,1.36612,1.12,1.12
2016.11.16 07:54:14.197,1.36596,1.36612,1.12,1.00
2016.11.16 07:54:14.512,1.36594,1.36612,2.62,2.62
2016.11.16 07:54:14.830,1.36591,1.36608,1.87,1.00
2016.11.16 07:54:14.881,1.36591,1.36609,1.50,2.62
2016.11.16 07:54:15.337,1.3659,1.36605,1.00,1.37
2016.11.16 07:54:15.935,1.36591,1.36605,1.00,1.50
2016.11.16 07:54:16.239,1.36588,1.36604,1.00,1.12
2016.11.16 07:54:16.290,1.36587,1.36603,1.50,1.75
2016.11.16 07:54:16.443,1.36585,1.366,1.00,1.87
2016.11.16 07:54:16.960,1.36586,1.36599,1.00,1.87
2016.11.16 07:54:17.113,1.36585,1.36602,1.12,1.87
2016.11.16 07:54:17.370,1.3659,1.36601,1.50,1.00
2016.11.16 07:54:17.574,1.36592,1.36607,1.12,1.50
2016.11.16 07:54:17.625,1.36592,1.3661,1.87,3.75
2016.11.16 07:54:17.676,1.36594,1.36611,1.87,1.75
2016.11.16 07:54:17.778,1.36596,1.36613,1.00,4.12
2016.11.16 07:54:17.830,1.36596,1.36613,1.12,1.87
2016.11.16 07:54:17.881,1.36596,1.36613,1.12,1.12
2016.11.16 07:54:18.033,1.36595,1.3661,1.00,1.12
2016.11.16 07:54:18.135,1.36592,1.36608,1.50,1.12
2016.11.16 07:54:18.491,1.36595,1.36608,1.00,1.00
2016.11.16 07:54:18.654,1.36595,1.36611,1.00,1.12
2016.11.16 07:54:18.705,1.36595,1.36609,1.00,1.00
2016.11.16 07:54:19.009,1.36594,1.36611,1.12,1.12
2016.11.16 07:54:19.685,1.36593,1.3661,1.50,1.00
2016.11.16 07:54:19.736,1.36593,1.36607,1.00,1.00
2016.11.16 07:54:20.109,1.36596,1.36611,1.09,1.00
2016.11.16 07:54:20.261,1.36598,1.36612,1.00,1.87
2016.11.16 07:54:20.312,1.36598,1.36613,1.00,1.12
2016.11.16 07:54:20.617,1.36598,1.36615,1.00,1.00
2016.11.16 07:54:20.769,1.36596,1.36611,1.87,1.00
2016.11.16 07:54:21.074,1.36589,1.36604,1.50,1.00
2016.11.16 07:54:21.262,1.36588,1.36604,1.87,1.00
2016.11.16 07:54:21.316,1.36588,1.366,1.00,1.00
2016.11.16 07:54:21.419,1.36583,1.36599,1.87,1.00
2016.11.16 07:54:21.521,1.36583,1.36599,1.00,1.00
2016.11.16 07:54:21.623,1.3658,1.36599,2.62,1.37
2016.11.16 07:54:21.927,1.3658,1.36596,1.00,1.37
2016.11.16 07:54:22.383,1.36576,1.36593,1.00,1.37
2016.11.16 07:54:22.539,1.36574,1.36591,1.37,1.37
2016.11.16 07:54:22.590,1.36573,1.36591,1.50,1.37
2016.11.16 07:54:22.945,1.36578,1.3659,1.00,1.00
2016.11.16 07:54:23.098,1.36579,1.36595,1.00,1.12
2016.11.16 07:54:23.251,1.36579,1.36597,1.12,1.00
2016.11.16 07:54:23.352,1.36579,1.36595,1.12,1.00
2016.11.16 07:54:23.657,1.36577,1.36595,1.87,1.37
2016.11.16 07:54:24.205,1.36577,1.36593,1.00,1.00
2016.11.16 07:54:24.459,1.36575,1.36584,1.50,1.37
2016.11.16 07:54:24.561,1.36569,1.36583,3.37,1.12
2016.11.16 07:54:24.612,1.36569,1.3658,3.00,1.00
2016.11.16 07:54:24.663,1.36564,1.36579,1.37,1.00
2016.11.16 07:54:24.917,1.36563,1.36579,2.62,1.75
2016.11.16 07:54:25.019,1.36563,1.36577,1.12,1.12
2016.11.16 07:54:25.298,1.36565,1.36579,1.00,1.75
2016.11.16 07:54:25.450,1.36572,1.36585,1.00,1.00
2016.11.16 07:54:25.552,1.36573,1.36588,1.00,1.50
2016.11.16 07:54:26.061,1.36573,1.36587,1.00,1.00
2016.11.16 07:54:26.163,1.36569,1.36585,2.25,1.00
2016.11.16 07:54:26.630,1.36567,1.36585,1.12,2.25
2016.11.16 07:54:27.820,1.36567,1.36583,1.00,1.00
2016.11.16 07:54:27.871,1.36565,1.36579,1.00,1.00
2016.11.16 07:54:27.922,1.36563,1.36579,1.87,1.50
2016.11.16 07:54:28.024,1.36562,1.36577,1.12,1.37
2016.11.16 07:54:28.333,1.36557,1.36574,1.12,2.25
2016.11.16 07:54:28.385,1.36557,1.36572,1.12,1.50
2016.11.16 07:54:28.690,1.36557,1.36573,1.87,1.87
2016.11.16 07:54:28.943,1.36559,1.36576,1.50,1.00
2016.11.16 07:54:29.197,1.36558,1.36574,1.37,1.00
2016.11.16 07:54:29.730,1.36558,1.36573,1.00,1.12
2016.11.16 07:54:30.187,1.36558,1.36572,1.12,1.12
2016.11.16 07:54:30.696,1.3656,1.36571,1.00,1.12
2016.11.16 07:54:30.848,1.3656,1.3657,1.02,1.00
2016.11.16 07:54:30.949,1.36559,1.3657,1.75,1.00
2016.11.16 07:54:31.051,1.36558,1.36569,1.12,1.00
2016.11.16 07:54:31.652,1.36556,1.36569,1.50,1.00
2016.11.16 07:54:31.754,1.36552,1.3657,2.26,1.75
2016.11.16 07:54:31.856,1.36551,1.36567,1.87,1.00
2016.11.16 07:54:31.907,1.36551,1.36567,1.87,1.37
2016.11.16 07:54:32.942,1.36553,1.36568,1.00,1.12
2016.11.16 07:54:33.443,1.36555,1.36568,1.00,1.12
2016.11.16 07:54:33.595,1.36556,1.3657,1.00,1.12
2016.11.16 07:54:33.697,1.36556,1.36572,1.00,1.87
2016.11.16 07:54:35.056,1.36557,1.36572,1.00,1.75
2016.11.16 07:54:35.107,1.36557,1.36574,1.87,1.37
2016.11.16 07:54:35.209,1.36559,1.36576,1.00,2.25
2016.11.16 07:54:35.260,1.36559,1.36577,1.39,1.50
2016.11.16 07:54:35.514,1.3656,1.36574,1.00,2.62
2016.11.16 07:54:35.820,1.36551,1.36567,1.00,1.12
2016.11.16 07:54:36.376,1.36551,1.36566,1.00,1.12
2016.11.16 07:54:36.752,1.36552,1.36566,1.01,1.12
2016.11.16 07:54:36.955,1.36552,1.36565,1.50,1.00
2016.11.16 07:54:37.057,1.36552,1.36565,1.75,1.00
2016.11.16 07:54:37.988,1.36551,1.36569,1.77,1.87
2016.11.16 07:54:38.191,1.36551,1.36567,1.50,1.12
2016.11.16 07:54:38.698,1.36551,1.36568,1.50,1.37
2016.11.16 07:54:38.900,1.36551,1.36565,1.00,1.00
2016.11.16 07:54:39.207,1.36541,1.36557,1.75,1.00
2016.11.16 07:54:39.258,1.3654,1.36556,1.50,1.00
2016.11.16 07:54:39.419,1.36538,1.36554,1.37,1.87
2016.11.16 07:54:39.470,1.36538,1.36554,1.37,1.87
2016.11.16 07:54:39.521,1.36538,1.36554,1.37,1.00
2016.11.16 07:54:40.035,1.36538,1.36554,1.12,1.00
2016.11.16 07:54:40.421,1.36538,1.36554,1.12,1.87
2016.11.16 07:54:40.998,1.36536,1.36554,1.12,2.25
2016.11.16 07:54:41.521,1.36537,1.36554,1.00,1.87
2016.11.16 07:54:41.622,1.36539,1.36554,1.00,1.12
2016.11.16 07:54:41.724,1.36541,1.36556,1.00,1.12
2016.11.16 07:54:41.877,1.3654,1.36556,1.87,1.12
2016.11.16 07:54:42.764,1.36539,1.36555,1.37,1.12
2016.11.16 07:54:42.815,1.3654,1.36553,1.00,1.75
2016.11.16 07:54:43.009,1.36535,1.36551,1.76,1.12
2016.11.16 07:54:43.060,1.36535,1.36551,1.76,1.87
2016.11.16 07:54:43.574,1.36533,1.36551,1.76,1.87
2016.11.16 07:54:43.675,1.36533,1.36551,1.14,2.25
2016.11.16 07:54:43.929,1.3653,1.36546,1.87,1.12
2016.11.16 07:54:43.979,1.36529,1.36545,1.77,1.00
2016.11.16 07:54:44.132,1.36528,1.36544,2.26,1.50
2016.11.16 07:54:44.182,1.36529,1.36545,1.02,1.12
2016.11.16 07:54:44.284,1.36531,1.36545,1.50,1.12
2016.11.16 07:54:44.445,1.36532,1.36548,1.02,1.87
2016.11.16 07:54:44.699,1.36532,1.36546,1.51,1.00
2016.11.16 07:54:44.801,1.36532,1.36548,1.69,1.50
2016.11.16 07:54:45.004,1.36532,1.3655,2.44,1.12
2016.11.16 07:54:45.209,1.36535,1.36551,1.62,1.00
2016.11.16 07:54:45.513,1.36537,1.36553,1.12,1.00
2016.11.16 07:54:45.565,1.36538,1.36553,1.87,1.00
2016.11.16 07:54:45.616,1.36538,1.36556,4.12,1.50
2016.11.16 07:54:45.819,1.36538,1.36554,1.87,1.00
2016.11.16 07:54:45.971,1.36535,1.36552,1.00,1.00
2016.11.16 07:54:46.301,1.36537,1.36553,1.12,1.50
2016.11.16 07:54:46.656,1.36539,1.36555,1.00,1.50
2016.11.16 07:54:47.162,1.36539,1.36555,1.37,1.12
2016.11.16 07:54:47.370,1.36538,1.36554,1.50,1.00
2016.11.16 07:54:48.478,1.36539,1.36555,1.00,1.37
2016.11.16 07:54:49.192,1.36539,1.36555,1.12,1.00
2016.11.16 07:54:49.597,1.36541,1.36556,1.87,1.25
2016.11.16 07:54:49.768,1.36539,1.36556,1.37,1.00
2016.11.16 07:54:50.279,1.36539,1.36556,1.87,1.00
2016.11.16 07:54:50.836,1.3654,1.36554,1.37,1.00
2016.11.16 07:54:51.168,1.36537,1.36547,2.62,1.00
2016.11.16 07:54:51.220,1.36533,1.36547,2.62,1.00
2016.11.16 07:54:51.321,1.36532,1.36548,2.25,1.00
2016.11.16 07:54:51.828,1.36533,1.36549,1.12,1.00
2016.11.16 07:54:51.880,1.36533,1.36549,2.62,1.00
2016.11.16 07:54:52.221,1.36533,1.36549,1.12,1.00
2016.11.16 07:54:52.660,1.36533,1.36551,1.12,1.12
2016.11.16 07:54:52.712,1.36533,1.36551,3.37,1.12
2016.11.16 07:54:53.052,1.36536,1.36553,2.62,1.00
2016.11.16 07:54:53.356,1.36534,1.36551,1.87,2.06
2016.11.16 07:54:53.862,1.36536,1.36549,1.50,1.00
2016.11.16 07:54:54.393,1.36535,1.36549,1.00,1.00
2016.11.16 07:54:54.701,1.36533,1.36548,2.62,1.75
2016.11.16 07:54:54.855,1.36534,1.3655,1.37,1.12
2016.11.16 07:54:55.007,1.36535,1.36551,2.62,1.12
2016.11.16 07:54:55.109,1.36535,1.36551,1.12,1.31
2016.11.16 07:54:55.261,1.36535,1.3655,1.12,1.00
2016.11.16 07:54:55.791,1.36534,1.3655,1.00,1.00
2016.11.16 07:54:56.301,1.36533,1.36551,1.50,1.12
2016.11.16 07:54:56.656,1.36533,1.36548,2.25,1.00
2016.11.16 07:54:57.099,1.36531,1.36547,1.87,1.00
2016.11.16 07:54:57.619,1.36531,1.36546,3.00,1.00
2016.11.16 07:54:57.720,1.36531,1.36549,3.75,1.00
2016.11.16 07:54:58.261,1.36533,1.36548,1.50,1.00
2016.11.16 07:54:58.507,1.3653,1.36545,1.37,1.00
2016.11.16 07:54:59.013,1.3653,1.36545,1.12,1.00
2016.11.16 07:54:59.571,1.3653,1.36546,1.50,1.00
2016.11.16 07:54:59.904,1.36535,1.36551,1.12,1.87
2016.11.16 07:55:00.058,1.36532,1.3655,1.00,1.50
2016.11.16 07:55:00.109,1.36538,1.36551,1.00,1.50
2016.11.16 07:55:00.212,1.36536,1.36552,1.00,1.37
2016.11.16 07:55:00.314,1.36538,1.36554,1.87,1.00
2016.11.16 07:55:00.416,1.36538,1.36554,2.25,1.00
2016.11.16 07:55:00.619,1.36535,1.36551,1.50,1.00
2016.11.16 07:55:00.802,1.36537,1.36553,1.00,1.87
2016.11.16 07:55:00.904,1.36538,1.36554,1.12,1.12
2016.11.16 07:55:01.260,1.36538,1.36551,1.00,1.00
2016.11.16 07:55:01.311,1.36535,1.36549,1.00,1.00
2016.11.16 07:55:01.414,1.36532,1.36548,1.50,1.00
2016.11.16 07:55:01.618,1.36531,1.36547,1.00,1.19
2016.11.16 07:55:01.923,1.36529,1.36543,1.00,1.00
2016.11.16 07:55:02.050,1.36527,1.36543,1.00,1.50
2016.11.16 07:55:02.253,1.36527,1.3654,1.00,1.00
2016.11.16 07:55:02.304,1.36525,1.36539,1.12,1.00
2016.11.16 07:55:02.457,1.36522,1.36538,1.00,1.12
2016.11.16 07:55:02.508,1.36522,1.36538,1.00,1.37
2016.11.16 07:55:03.014,1.36523,1.36537,1.12,1.00
2016.11.16 07:55:03.588,1.36523,1.36539,1.37,1.12
2016.11.16 07:55:04.101,1.36523,1.36539,1.12,1.50
2016.11.16 07:55:04.637,1.36522,1.36539,1.12,1.50
2016.11.16 07:55:05.144,1.36522,1.36538,1.87,1.00
2016.11.16 07:55:05.296,1.36519,1.36534,1.50,1.00
2016.11.16 07:55:05.600,1.36521,1.36537,1.37,1.50
2016.11.16 07:55:05.702,1.36522,1.36538,1.50,1.00
2016.11.16 07:55:05.753,1.36524,1.36541,1.37,1.87
2016.11.16 07:55:06.057,1.36525,1.3654,1.12,1.00
2016.11.16 07:55:06.664,1.36524,1.36539,1.00,1.00
2016.11.16 07:55:06.869,1.36521,1.36537,1.37,1.00
2016.11.16 07:55:07.176,1.36521,1.36535,1.37,1.00
2016.11.16 07:55:07.330,1.3652,1.36534,1.00,1.00
2016.11.16 07:55:07.381,1.36519,1.36532,1.50,1.00
2016.11.16 07:55:07.483,1.36517,1.36532,1.00,1.00
2016.11.16 07:55:08.022,1.36516,1.36533,1.00,1.12
2016.11.16 07:55:08.073,1.36516,1.36534,2.62,2.25
2016.11.16 07:55:08.918,1.36518,1.36532,1.00,1.00
2016.11.16 07:55:09.460,1.36518,1.36533,1.00,1.00
2016.11.16 07:55:09.765,1.36516,1.36529,1.00,1.00
2016.11.16 07:55:10.069,1.36508,1.36523,1.75,1.00
2016.11.16 07:55:10.120,1.36508,1.36523,1.37,1.00
2016.11.16 07:55:10.626,1.36508,1.36523,1.00,1.00
2016.11.16 07:55:11.019,1.36508,1.3652,1.12,1.00
2016.11.16 07:55:11.223,1.36504,1.36519,1.00,1.00
2016.11.16 07:55:11.477,1.36504,1.3652,3.00,1.00
2016.11.16 07:55:11.992,1.36505,1.36522,1.50,1.00
2016.11.16 07:55:12.145,1.36508,1.36525,1.00,1.37
2016.11.16 07:55:12.247,1.3651,1.36526,1.00,1.87
2016.11.16 07:55:12.578,1.36512,1.36526,1.00,1.00
2016.11.16 07:55:13.126,1.36512,1.36529,1.00,1.50
2016.11.16 07:55:13.177,1.36512,1.36529,4.12,1.00
2016.11.16 07:55:13.481,1.36517,1.36532,2.25,1.00
2016.11.16 07:55:13.784,1.36517,1.36532,1.50,1.00
2016.11.16 07:55:14.317,1.36517,1.36534,2.25,1.00
2016.11.16 07:55:14.367,1.36518,1.36534,1.12,1.00
2016.11.16 07:55:14.874,1.36518,1.36536,1.75,1.50
2016.11.16 07:55:15.380,1.36517,1.36534,1.00,1.00
2016.11.16 07:55:15.633,1.36516,1.36532,2.25,1.00
2016.11.16 07:55:15.854,1.36512,1.36528,1.00,1.12
2016.11.16 07:55:15.957,1.36512,1.36528,2.25,1.00
2016.11.16 07:55:16.463,1.36511,1.36526,1.12,1.00
2016.11.16 07:55:16.565,1.36509,1.36525,1.75,1.00
2016.11.16 07:55:16.617,1.36509,1.36523,1.12,1.00
2016.11.16 07:55:16.935,1.36509,1.36526,1.37,1.00
2016.11.16 07:55:17.157,1.36512,1.36526,1.37,1.00
2016.11.16 07:55:18.087,1.36511,1.36527,1.94,1.00
2016.11.16 07:55:18.593,1.36512,1.36528,1.94,1.00
2016.11.16 07:55:19.100,1.36513,1.36528,1.56,1.00
2016.11.16 07:55:19.916,1.36512,1.36529,2.81,1.00
2016.11.16 07:55:20.169,1.36514,1.36531,1.19,1.00
2016.11.16 07:55:20.372,1.36514,1.36531,1.25,1.75
2016.11.16 07:55:20.917,1.36517,1.36533,1.00,3.37
2016.11.16 07:55:20.968,1.36517,1.36533,1.19,1.00
2016.11.16 07:55:21.171,1.36517,1.36532,1.12,1.00
2016.11.16 07:55:21.374,1.36516,1.36532,1.00,1.50
2016.11.16 07:55:21.425,1.36514,1.36533,1.50,2.25
2016.11.16 07:55:21.961,1.36516,1.36533,1.00,3.00
2016.11.16 07:55:22.063,1.36514,1.36531,1.50,1.62
2016.11.16 07:55:22.215,1.36512,1.3653,1.00,1.87
2016.11.16 07:55:22.266,1.36511,1.36529,1.87,1.37
2016.11.16 07:55:22.797,1.36514,1.36529,1.00,1.12
2016.11.16 07:55:23.101,1.36518,1.36533,1.00,1.75
2016.11.16 07:55:23.202,1.36517,1.36533,1.50,1.12
2016.11.16 07:55:23.423,1.36519,1.36533,1.00,1.12
2016.11.16 07:55:23.932,1.36517,1.36521,1.00,1.00
2016.11.16 07:55:23.983,1.36517,1.36522,1.00,1.00
2016.11.16 07:55:24.084,1.36514,1.36522,1.50,1.75
2016.11.16 07:55:24.135,1.36506,1.36516,1.50,1.34
2016.11.16 07:55:24.388,1.36499,1.36515,1.00,1.09
2016.11.16 07:55:24.490,1.36497,1.36515,1.50,1.84
2016.11.16 07:55:25.026,1.36498,1.36515,1.00,1.09
2016.11.16 07:55:25.178,1.36497,1.36512,1.00,1.00
2016.11.16 07:55:25.280,1.36495,1.36511,1.12,1.00
2016.11.16 07:55:25.483,1.36492,1.3651,1.12,1.00
2016.11.16 07:55:26.103,1.36495,1.3651,1.00,1.12
2016.11.16 07:55:26.409,1.36498,1.36514,1.00,1.87
2016.11.16 07:55:26.510,1.36499,1.36515,1.00,1.12
2016.11.16 07:55:26.612,1.365,1.36516,1.00,1.69
2016.11.16 07:55:27.923,1.36502,1.36517,1.00,1.75
2016.11.16 07:55:28.328,1.36505,1.36517,1.00,1.12
2016.11.16 07:55:28.430,1.36505,1.36517,1.00,1.00
2016.11.16 07:55:28.582,1.36506,1.36522,1.00,1.75
2016.11.16 07:55:28.684,1.36506,1.36522,1.75,1.12
2016.11.16 07:55:28.988,1.36506,1.36522,1.12,1.12
2016.11.16 07:55:29.091,1.36508,1.36522,1.00,1.12
2016.11.16 07:55:29.462,1.36508,1.36524,1.50,1.12
2016.11.16 07:55:29.718,1.3651,1.36524,1.50,1.12
2016.11.16 07:55:30.224,1.36511,1.36525,1.12,1.12
2016.11.16 07:55:30.730,1.36511,1.36525,1.12,1.12
2016.11.16 07:55:30.895,1.3651,1.36526,1.00,1.37
2016.11.16 07:55:31.098,1.36508,1.36525,1.12,1.37
2016.11.16 07:55:31.453,1.36507,1.36522,1.00,1.00
2016.11.16 07:55:31.959,1.36506,1.36522,1.00,1.00
2016.11.16 07:55:32.291,1.36508,1.36522,1.00,1.00
2016.11.16 07:55:32.797,1.36509,1.36525,1.00,2.62
2016.11.16 07:55:33.416,1.36509,1.36522,1.00,1.00
2016.11.16 07:55:33.518,1.36504,1.36521,1.87,1.25
2016.11.16 07:55:33.620,1.36503,1.36521,1.37,2.81
2016.11.16 07:55:33.996,1.36502,1.36518,1.00,1.25
2016.11.16 07:55:34.048,1.36499,1.36516,1.50,1.00
2016.11.16 07:55:34.201,1.36495,1.36514,1.12,1.75
2016.11.16 07:55:34.660,1.36494,1.36511,1.00,1.31
2016.11.16 07:55:34.801,1.3649,1.36508,1.50,1.12
2016.11.16 07:55:34.902,1.36491,1.36507,1.00,1.37
2016.11.16 07:55:35.232,1.36491,1.36507,1.00,1.75
2016.11.16 07:55:35.740,1.36492,1.36507,1.00,1.75
2016.11.16 07:55:36.340,1.36493,1.36508,1.00,3.56
2016.11.16 07:55:36.527,1.36494,1.36511,1.00,3.56
2016.11.16 07:55:36.629,1.36494,1.3651,1.00,1.00
2016.11.16 07:55:37.136,1.36495,1.3651,1.00,1.00
2016.11.16 07:55:37.664,1.36496,1.36512,1.00,2.02
2016.11.16 07:55:37.715,1.36496,1.36512,1.00,2.21
2016.11.16 07:55:37.817,1.36496,1.36512,1.00,2.02
2016.11.16 07:55:38.096,1.36493,1.36511,1.12,1.69
2016.11.16 07:55:38.350,1.36494,1.36511,1.00,2.44
2016.11.16 07:55:38.655,1.36498,1.36512,1.00,3.37
2016.11.16 07:55:38.757,1.36496,1.36513,1.00,1.75
2016.11.16 07:55:38.859,1.36498,1.36513,1.00,1.31
2016.11.16 07:55:39.362,1.36498,1.36514,1.00,1.81
2016.11.16 07:55:39.881,1.36496,1.36514,1.00,1.12
2016.11.16 07:55:40.628,1.36498,1.36515,1.00,2.62
2016.11.16 07:55:40.960,1.36501,1.36515,1.00,1.12
2016.11.16 07:55:41.114,1.36498,1.36515,1.00,1.87
2016.11.16 07:55:41.267,1.365,1.36515,1.00,1.75
2016.11.16 07:55:41.775,1.36499,1.36515,1.00,1.12
2016.11.16 07:55:43.000,1.36498,1.36512,1.00,1.00
2016.11.16 07:55:43.304,1.36499,1.3651,1.00,1.00
2016.11.16 07:55:43.456,1.365,1.36515,1.00,1.94
2016.11.16 07:55:44.278,1.36499,1.36515,1.00,2.44
2016.11.16 07:55:44.347,1.36497,1.36515,1.00,1.50
2016.11.16 07:55:44.752,1.36497,1.36512,1.00,1.12
2016.11.16 07:55:44.905,1.36495,1.3651,1.12,1.09
2016.11.16 07:55:45.447,1.36494,1.36509,1.00,1.00
2016.11.16 07:55:45.959,1.36495,1.36509,1.00,1.00
2016.11.16 07:55:46.693,1.36496,1.3651,1.00,1.46
2016.11.16 07:55:46.744,1.36493,1.36508,1.00,1.19
2016.11.16 07:55:46.846,1.36489,1.36505,1.00,1.31
2016.11.16 07:55:47.272,1.3649,1.36506,1.00,1.00
2016.11.16 07:55:47.375,1.3649,1.36508,1.00,1.69
2016.11.16 07:55:47.781,1.36493,1.36508,1.00,1.69
2016.11.16 07:55:48.087,1.36484,1.36494,2.25,1.00
2016.11.16 07:55:48.139,1.36477,1.36494,1.12,1.50
2016.11.16 07:55:48.291,1.36476,1.36492,1.12,1.00
2016.11.16 07:55:48.812,1.36477,1.36491,1.00,1.00
2016.11.16 07:55:49.322,1.36474,1.36491,1.87,1.00
2016.11.16 07:55:49.841,1.36473,1.36489,1.87,1.00
2016.11.16 07:55:50.044,1.36473,1.36488,1.12,1.00
2016.11.16 07:55:50.096,1.36473,1.36486,1.12,1.00
2016.11.16 07:55:50.421,1.36461,1.36479,3.75,1.12
2016.11.16 07:55:50.472,1.36462,1.36479,1.12,1.12
2016.11.16 07:55:50.523,1.36462,1.36476,1.12,1.00
2016.11.16 07:55:50.626,1.3646,1.36477,1.12,1.37
2016.11.16 07:55:50.728,1.36459,1.36475,1.50,1.50
2016.11.16 07:55:50.780,1.36459,1.36475,1.50,1.50
2016.11.16 07:55:51.084,1.36459,1.36471,1.00,1.00
2016.11.16 07:55:51.186,1.36452,1.36471,3.37,1.50
2016.11.16 07:55:51.289,1.36453,1.3647,1.00,1.12
2016.11.16 07:55:51.391,1.36454,1.36473,1.87,3.75
2016.11.16 07:55:51.442,1.36457,1.36473,1.00,1.50
2016.11.16 07:55:51.560,1.36456,1.36474,1.87,1.00
2016.11.16 07:55:51.662,1.36456,1.36472,1.00,1.50
2016.11.16 07:55:51.966,1.36457,1.36473,1.37,1.00
2016.11.16 07:55:52.068,1.36459,1.36475,1.12,1.00
2016.11.16 07:55:52.119,1.36458,1.36477,1.87,1.87
2016.11.16 07:55:52.625,1.36459,1.36477,1.50,1.12
2016.11.16 07:55:53.272,1.36459,1.36477,1.50,1.50
2016.11.16 07:55:53.373,1.36457,1.36474,2.62,1.50
2016.11.16 07:55:53.475,1.36457,1.36473,1.37,1.50
2016.11.16 07:55:53.976,1.36457,1.36472,1.37,1.00
2016.11.16 07:55:54.077,1.36458,1.36472,1.00,1.50
2016.11.16 07:55:54.583,1.36458,1.36471,1.00,1.50
2016.11.16 07:55:54.776,1.3645,1.36469,2.06,3.37
2016.11.16 07:55:54.827,1.3645,1.36468,1.50,3.37
2016.11.16 07:55:54.979,1.36453,1.36467,1.00,1.50
2016.11.16 07:55:55.286,1.36447,1.36465,1.31,3.00
2016.11.16 07:55:55.946,1.36448,1.36464,1.25,1.50
2016.11.16 07:55:56.466,1.36447,1.36464,1.00,1.87
2016.11.16 07:55:56.977,1.36447,1.36464,1.00,3.37
2016.11.16 07:55:57.483,1.36448,1.36464,1.00,3.37
2016.11.16 07:55:57.686,1.36448,1.36464,1.00,1.12
2016.11.16 07:55:57.850,1.36447,1.3646,1.00,1.87
2016.11.16 07:55:57.981,1.36443,1.36459,1.12,1.37
2016.11.16 07:55:58.034,1.36441,1.36459,1.37,2.62
2016.11.16 07:55:58.085,1.36442,1.36459,1.00,1.12
2016.11.16 07:55:58.186,1.36442,1.36459,1.75,1.00
2016.11.16 07:55:58.491,1.36448,1.3646,1.00,1.12
2016.11.16 07:55:58.694,1.36448,1.36462,1.00,1.50
2016.11.16 07:55:58.897,1.36453,1.36465,1.00,1.12
2016.11.16 07:55:58.949,1.36453,1.36467,1.00,1.50
2016.11.16 07:55:59.000,1.36453,1.36467,1.00,1.00
2016.11.16 07:55:59.771,1.36452,1.36468,1.00,1.87
2016.11.16 07:55:59.974,1.36457,1.36467,1.00,1.00
2016.11.16 07:56:00.668,1.36457,1.36468,1.00,1.50
2016.11.16 07:56:00.821,1.36457,1.36473,2.25,1.75
2016.11.16 07:56:00.995,1.3646,1.36475,1.00,1.12
2016.11.16 07:56:01.098,1.36463,1.36478,1.00,1.00
2016.11.16 07:56:01.300,1.36466,1.36484,1.12,1.75
2016.11.16 07:56:01.402,1.36467,1.36484,1.75,1.37
2016.11.16 07:56:01.504,1.36467,1.36483,1.50,1.12
2016.11.16 07:56:02.175,1.36466,1.36483,1.12,1.00
2016.11.16 07:56:02.579,1.36467,1.36483,1.12,1.00
2016.11.16 07:56:02.983,1.36467,1.36481,1.12,1.37
2016.11.16 07:56:03.236,1.36465,1.36482,1.87,1.50
2016.11.16 07:56:04.387,1.36465,1.36482,2.21,1.50
2016.11.16 07:56:05.139,1.3647,1.36482,1.00,1.00
2016.11.16 07:56:05.292,1.36474,1.3649,1.00,1.37
2016.11.16 07:56:05.595,1.36475,1.36487,1.00,1.00
2016.11.16 07:56:05.740,1.36472,1.36487,1.00,1.00
2016.11.16 07:56:06.272,1.36471,1.36487,1.00,1.12
2016.11.16 07:56:06.525,1.36472,1.36487,1.37,1.12
2016.11.16 07:56:06.728,1.36473,1.36489,1.56,1.00
2016.11.16 07:56:06.779,1.36473,1.36489,2.06,1.00
2016.11.16 07:56:06.998,1.36471,1.36488,2.06,1.12
2016.11.16 07:56:07.229,1.36471,1.36487,1.56,1.37
2016.11.16 07:56:07.748,1.36471,1.36487,1.56,1.12
2016.11.16 07:56:07.799,1.36469,1.36487,2.44,1.12
2016.11.16 07:56:08.103,1.36472,1.36487,1.56,1.12
2016.11.16 07:56:08.205,1.36472,1.36487,1.31,1.12
2016.11.16 07:56:08.720,1.36472,1.36487,1.31,1.12
2016.11.16 07:56:09.241,1.36472,1.36486,1.56,1.00
2016.11.16 07:56:09.743,1.3647,1.36484,1.50,1.00
2016.11.16 07:56:09.794,1.3647,1.36484,1.19,1.00
2016.11.16 07:56:09.896,1.3647,1.36487,1.69,1.12
2016.11.16 07:56:10.034,1.36474,1.36489,1.25,1.12
2016.11.16 07:56:10.086,1.36476,1.36491,2.81,1.12
2016.11.16 07:56:10.188,1.36478,1.36493,1.19,1.12
2016.11.16 07:56:10.646,1.36479,1.36495,1.31,1.00
2016.11.16 07:56:10.697,1.36483,1.36493,1.00,1.00
2016.11.16 07:56:10.748,1.36482,1.36496,1.00,1.50
2016.11.16 07:56:10.799,1.36482,1.36496,1.69,1.00
2016.11.16 07:56:10.851,1.36482,1.36498,2.62,1.00
2016.11.16 07:56:11.104,1.36484,1.36498,1.00,1.50
2016.11.16 07:56:12.573,1.36484,1.36497,1.00,1.00
2016.11.16 07:56:12.726,1.36481,1.36496,1.12,1.00
2016.11.16 07:56:13.314,1.36481,1.36496,1.37,1.00
2016.11.16 07:56:13.538,1.36485,1.36498,1.00,1.00
2016.11.16 07:56:13.591,1.36485,1.365,1.50,1.00
2016.11.16 07:56:13.744,1.36486,1.36503,1.12,2.25
2016.11.16 07:56:14.004,1.36484,1.36501,1.75,1.00
2016.11.16 07:56:14.308,1.3648,1.36497,1.12,1.50
2016.11.16 07:56:14.359,1.36479,1.36497,1.75,1.87
2016.11.16 07:56:14.410,1.36478,1.36495,2.21,1.00
2016.11.16 07:56:14.765,1.36478,1.36492,1.46,1.00
2016.11.16 07:56:15.045,1.36476,1.36489,1.00,1.00
2016.11.16 07:56:15.096,1.36476,1.36487,1.00,1.00
2016.11.16 07:56:15.147,1.36474,1.36488,1.00,1.00
2016.11.16 07:56:15.400,1.36474,1.36486,1.00,1.00
2016.11.16 07:56:15.771,1.36471,1.36484,1.75,1.00
2016.11.16 07:56:15.923,1.36468,1.36483,2.16,1.00
2016.11.16 07:56:16.682,1.36468,1.36484,2.21,1.50
2016.11.16 07:56:16.787,1.36469,1.3648,1.75,1.00
2016.11.16 07:56:16.939,1.36466,1.36477,1.75,1.00
2016.11.16 07:56:17.041,1.36463,1.36477,2.59,1.00
2016.11.16 07:56:17.244,1.36463,1.36476,1.00,1.00
2016.11.16 07:56:17.295,1.36463,1.36474,1.00,1.00
2016.11.16 07:56:17.498,1.36463,1.36476,1.00,1.00
2016.11.16 07:56:17.651,1.36463,1.36474,1.00,1.00
2016.11.16 07:56:18.172,1.36457,1.36472,2.25,1.00
2016.11.16 07:56:18.680,1.36457,1.36472,1.75,1.00
2016.11.16 07:56:18.782,1.36454,1.3647,1.87,1.00
2016.11.16 07:56:18.834,1.36455,1.36472,1.87,1.12
2016.11.16 07:56:18.935,1.36456,1.3647,1.00,1.00
2016.11.16 07:56:19.291,1.36456,1.36468,1.00,1.00
2016.11.16 07:56:19.556,1.36452,1.3647,1.87,1.00
2016.11.16 07:56:19.659,1.36454,1.36471,1.87,1.00
2016.11.16 07:56:20.166,1.36457,1.36471,1.37,1.00
2016.11.16 07:56:20.217,1.36457,1.36474,1.75,1.12
2016.11.16 07:56:20.370,1.36463,1.36477,1.00,1.00
2016.11.16 07:56:20.647,1.36461,1.36476,1.00,1.00
2016.11.16 07:56:20.749,1.36456,1.36475,1.84,1.12
2016.11.16 07:56:20.851,1.36458,1.36474,2.25,1.00
2016.11.16 07:56:21.159,1.36463,1.36479,1.50,1.87
2016.11.16 07:56:21.465,1.3647,1.36484,1.00,1.00
2016.11.16 07:56:21.793,1.3647,1.36486,1.50,1.00
2016.11.16 07:56:22.329,1.36473,1.3649,1.00,1.50
2016.11.16 07:56:22.534,1.36473,1.36488,1.75,1.00
2016.11.16 07:56:22.638,1.36473,1.36488,1.00,1.00
2016.11.16 07:56:22.841,1.3647,1.36489,2.62,1.00
2016.11.16 07:56:22.956,1.36472,1.36489,1.12,1.12
2016.11.16 07:56:23.112,1.36476,1.36491,1.00,1.00
2016.11.16 07:56:23.163,1.36476,1.36491,1.12,1.00
2016.11.16 07:56:23.620,1.36477,1.36493,1.37,1.00
2016.11.16 07:56:23.975,1.36478,1.36495,1.12,1.00
2016.11.16 07:56:24.026,1.36478,1.36495,1.75,1.00
2016.11.16 07:56:24.554,1.36479,1.36494,1.37,1.00
2016.11.16 07:56:24.860,1.36474,1.36491,1.50,1.00
2016.11.16 07:56:25.164,1.36477,1.36493,1.00,1.00
2016.11.16 07:56:25.969,1.36476,1.36488,1.12,1.00
2016.11.16 07:56:26.173,1.36469,1.36484,1.00,1.00
2016.11.16 07:56:26.478,1.36465,1.36482,1.79,1.00
2016.11.16 07:56:27.025,1.36465,1.36482,1.04,1.00
2016.11.16 07:56:27.228,1.36464,1.3648,2.62,1.00
2016.11.16 07:56:27.402,1.36468,1.36485,1.79,2.62
2016.11.16 07:56:27.455,1.36473,1.36486,1.00,1.37
2016.11.16 07:56:27.557,1.36473,1.36488,1.12,1.00
2016.11.16 07:56:28.078,1.36471,1.36487,1.37,1.00
2016.11.16 07:56:28.180,1.36469,1.36487,3.66,1.00
2016.11.16 07:56:28.333,1.36469,1.36485,2.54,1.00
2016.11.16 07:56:28.485,1.36469,1.36485,1.12,1.00
2016.11.16 07:56:29.044,1.36468,1.36485,1.00,1.00
2016.11.16 07:56:30.780,1.36467,1.36484,2.62,1.00
2016.11.16 07:56:31.701,1.36467,1.3648,1.50,1.00
2016.11.16 07:56:31.954,1.3646,1.36473,1.00,1.00
2016.11.16 07:56:32.056,1.36457,1.36469,1.12,1.00
2016.11.16 07:56:32.354,1.36454,1.36471,2.62,1.00
2016.11.16 07:56:32.405,1.36454,1.36471,3.75,1.00
2016.11.16 07:56:32.760,1.36455,1.36472,1.04,1.00
2016.11.16 07:56:32.965,1.36455,1.3647,1.12,1.00
2016.11.16 07:56:33.221,1.36453,1.3647,1.00,1.00
2016.11.16 07:56:33.577,1.36458,1.36471,1.00,1.00
2016.11.16 07:56:33.628,1.36459,1.36473,1.00,1.00
2016.11.16 07:56:33.679,1.36459,1.36475,1.00,1.00
2016.11.16 07:56:33.793,1.3646,1.36472,1.00,1.00
2016.11.16 07:56:33.844,1.3646,1.36476,1.50,1.00
2016.11.16 07:56:33.946,1.36461,1.36476,1.12,1.00
2016.11.16 07:56:34.453,1.36463,1.36478,1.38,1.00
2016.11.16 07:56:34.606,1.36465,1.3648,1.04,1.12
2016.11.16 07:56:34.758,1.36464,1.3648,2.62,1.00
2016.11.16 07:56:34.859,1.36465,1.3648,1.12,1.00
2016.11.16 07:56:35.180,1.36465,1.36478,1.12,1.00
2016.11.16 07:56:36.046,1.36463,1.36478,1.00,1.12
2016.11.16 07:56:36.148,1.36463,1.36476,1.00,1.00
2016.11.16 07:56:36.655,1.36461,1.36477,1.37,1.00
2016.11.16 07:56:37.023,1.36465,1.36478,1.00,1.00
2016.11.16 07:56:37.176,1.36465,1.3648,1.00,1.00
2016.11.16 07:56:37.638,1.36463,1.36479,1.31,1.00
2016.11.16 07:56:37.993,1.36461,1.36477,2.44,1.00
2016.11.16 07:56:38.094,1.36461,1.36478,1.31,1.00
2016.11.16 07:56:38.578,1.36461,1.36479,2.02,1.37
2016.11.16 07:56:39.125,1.36461,1.36479,3.19,1.00
2016.11.16 07:56:39.631,1.36461,1.36478,2.06,1.00
2016.11.16 07:56:39.784,1.3646,1.36477,1.94,1.12
2016.11.16 07:56:40.314,1.3646,1.36477,2.06,1.00
2016.11.16 07:56:40.466,1.36463,1.36479,1.19,1.50
2016.11.16 07:56:40.517,1.36464,1.3648,1.19,1.12
2016.11.16 07:56:41.075,1.3646,1.36479,3.94,1.37
2016.11.16 07:56:41.127,1.36461,1.36471,1.56,1.00
2016.11.16 07:56:41.229,1.36458,1.36472,1.12,1.87
2016.11.16 07:56:41.281,1.36458,1.3647,1.12,1.37
2016.11.16 07:56:41.774,1.36454,1.3647,1.31,1.12
2016.11.16 07:56:41.826,1.36454,1.36468,1.31,1.00
2016.11.16 07:56:41.877,1.36451,1.3647,1.69,3.00
2016.11.16 07:56:42.183,1.36452,1.36469,1.56,1.12
2016.11.16 07:56:42.488,1.36446,1.36458,1.94,1.00
2016.11.16 07:56:42.819,1.36444,1.36454,3.00,1.00
2016.11.16 07:56:42.921,1.36434,1.36452,1.84,1.00
2016.11.16 07:56:43.175,1.36434,1.36452,1.46,1.00
2016.11.16 07:56:43.493,1.36438,1.36452,1.00,1.00
2016.11.16 07:56:43.695,1.36434,1.36452,1.46,1.00
2016.11.16 07:56:43.746,1.36434,1.36452,2.02,1.00
2016.11.16 07:56:44.264,1.36434,1.36452,2.81,1.00
2016.11.16 07:56:44.525,1.36434,1.36451,1.69,1.00
2016.11.16 07:56:45.032,1.36436,1.36453,2.44,1.00
2016.11.16 07:56:45.154,1.36437,1.36456,2.81,1.12
2016.11.16 07:56:45.257,1.3644,1.36459,2.06,1.87
2016.11.16 07:56:45.461,1.36442,1.36459,1.19,1.00
2016.11.16 07:56:45.565,1.36442,1.3646,2.40,1.12
2016.11.16 07:56:45.872,1.36452,1.36468,1.25,1.12
2016.11.16 07:56:45.924,1.36451,1.3647,1.27,3.37
2016.11.16 07:56:46.206,1.36457,1.36473,1.00,2.25
2016.11.16 07:56:46.257,1.36458,1.36474,1.00,1.87
2016.11.16 07:56:46.360,1.36458,1.36474,1.00,1.87
2016.11.16 07:56:46.512,1.3646,1.36476,1.00,1.00
2016.11.16 07:56:46.817,1.36462,1.36478,1.19,3.00
2016.11.16 07:56:46.919,1.36463,1.36479,1.19,4.12
2016.11.16 07:56:47.021,1.36466,1.36479,1.56,1.12
2016.11.16 07:56:47.226,1.36471,1.36484,1.25,1.12
2016.11.16 07:56:47.355,1.3647,1.36486,1.19,1.12
2016.11.16 07:56:47.660,1.36471,1.36489,1.31,2.62
2016.11.16 07:56:47.812,1.36476,1.36492,1.25,1.00
2016.11.16 07:56:47.914,1.36478,1.36496,1.00,1.87
2016.11.16 07:56:48.221,1.36472,1.3649,1.87,2.62
2016.11.16 07:56:48.549,1.36467,1.36481,1.25,1.37
2016.11.16 07:56:49.057,1.36466,1.36482,1.00,1.12
2016.11.16 07:56:49.563,1.36467,1.36482,1.00,1.12
2016.11.16 07:56:49.911,1.36466,1.36483,1.00,2.62
2016.11.16 07:56:50.166,1.36464,1.36481,1.00,1.00
2016.11.16 07:56:50.217,1.36464,1.3648,1.00,1.12
2016.11.16 07:56:50.517,1.36462,1.3648,1.00,1.87
2016.11.16 07:56:50.922,1.36464,1.36478,1.00,1.00
2016.11.16 07:56:51.025,1.36465,1.36482,1.00,1.00
2016.11.16 07:56:51.076,1.36467,1.36482,1.00,1.00
2016.11.16 07:56:51.207,1.36467,1.36484,1.12,1.00
2016.11.16 07:56:51.513,1.3647,1.36486,1.00,2.25
2016.11.16 07:56:52.021,1.36469,1.36486,1.00,1.50
2016.11.16 07:56:52.546,1.36467,1.36484,1.12,1.50
2016.11.16 07:56:52.598,1.36466,1.36484,1.50,2.62
2016.11.16 07:56:52.919,1.36462,1.36479,1.00,3.00
2016.11.16 07:56:53.427,1.36462,1.3648,1.00,1.87
2016.11.16 07:56:53.968,1.36463,1.36481,1.00,3.37
2016.11.16 07:56:54.019,1.36465,1.36481,1.00,1.87
2016.11.16 07:56:54.345,1.36468,1.36481,1.00,1.12
2016.11.16 07:56:54.459,1.36468,1.36485,1.00,2.62
2016.11.16 07:56:54.510,1.36468,1.36485,1.00,2.25
2016.11.16 07:56:55.280,1.3647,1.36486,1.00,1.50
2016.11.16 07:56:55.331,1.3647,1.36488,1.00,2.25
2016.11.16 07:56:55.383,1.36472,1.36489,1.50,2.62
2016.11.16 07:56:55.637,1.36478,1.36497,1.00,1.87
2016.11.16 07:56:56.305,1.36479,1.36497,1.00,1.12
2016.11.16 07:56:56.673,1.36481,1.36497,1.00,1.50
2016.11.16 07:56:56.927,1.36482,1.36499,1.00,1.12
2016.11.16 07:56:57.030,1.36484,1.36499,1.00,1.00
2016.11.16 07:56:57.334,1.36484,1.36503,1.00,4.50
2016.11.16 07:56:57.385,1.36486,1.36502,1.00,1.37
2016.11.16 07:56:57.549,1.36487,1.36504,1.00,1.87
2016.11.16 07:56:57.855,1.36489,1.36506,1.00,1.87
2016.11.16 07:56:58.059,1.36489,1.36508,1.00,2.62
2016.11.16 07:56:58.211,1.36491,1.36507,1.00,1.12
2016.11.16 07:56:58.617,1.36489,1.36505,1.00,1.00
2016.11.16 07:56:58.719,1.36487,1.36506,1.12,2.62
2016.11.16 07:56:58.808,1.36487,1.36504,1.00,1.50
2016.11.16 07:56:59.330,1.36488,1.36503,1.00,1.37
2016.11.16 07:56:59.432,1.36486,1.36502,1.00,1.00
2016.11.16 07:56:59.584,1.36484,1.36501,1.00,1.12
2016.11.16 07:56:59.686,1.36482,1.36499,1.12,1.00
2016.11.16 07:57:00.146,1.36485,1.36501,1.00,1.12
2016.11.16 07:57:01.028,1.36487,1.36501,1.00,1.12
2016.11.16 07:57:01.180,1.36489,1.36505,1.00,1.12
2016.11.16 07:57:01.282,1.36491,1.36507,1.00,1.37
2016.11.16 07:57:01.333,1.36489,1.36506,1.00,1.37
2016.11.16 07:57:01.537,1.36488,1.36505,1.00,3.37
2016.11.16 07:57:01.712,1.36486,1.36502,1.00,1.87
2016.11.16 07:57:01.763,1.36484,1.365,1.00,1.00
2016.11.16 07:57:02.004,1.36487,1.365,1.00,1.00
2016.11.16 07:57:02.360,1.36487,1.36502,1.00,1.00
2016.11.16 07:57:03.031,1.36485,1.36502,1.00,1.00
2016.11.16 07:57:03.217,1.36484,1.36501,1.00,1.37
2016.11.16 07:57:03.521,1.36487,1.36503,1.00,1.87
2016.11.16 07:57:03.980,1.36489,1.36505,1.00,1.50
2016.11.16 07:57:04.032,1.36489,1.36506,1.00,1.50
2016.11.16 07:57:04.235,1.36489,1.36508,1.00,1.50
2016.11.16 07:57:05.361,1.36489,1.36506,1.00,1.87
2016.11.16 07:57:05.412,1.36487,1.36506,1.12,2.62
2016.11.16 07:57:05.565,1.36484,1.36501,2.25,1.00
2016.11.16 07:57:05.616,1.36484,1.36501,1.50,1.00
2016.11.16 07:57:06.082,1.36486,1.36503,1.00,1.87
2016.11.16 07:57:06.592,1.36485,1.36502,1.00,1.75
2016.11.16 07:57:06.896,1.36487,1.36504,1.00,1.87
2016.11.16 07:57:06.947,1.36487,1.36503,1.00,1.00
2016.11.16 07:57:07.099,1.3649,1.36505,1.00,1.50
2016.11.16 07:57:07.151,1.3649,1.36505,1.00,1.50
2016.11.16 07:57:07.620,1.36492,1.36508,1.00,1.12
2016.11.16 07:57:08.381,1.36491,1.36506,1.00,2.25
2016.11.16 07:57:08.433,1.36488,1.36505,1.12,2.35
2016.11.16 07:57:08.484,1.36486,1.36502,1.00,2.25
2016.11.16 07:57:08.586,1.36483,1.365,1.00,1.50
2016.11.16 07:57:08.855,1.36482,1.36498,1.00,1.87
2016.11.16 07:57:09.463,1.36482,1.36499,1.00,2.25
2016.11.16 07:57:10.338,1.36482,1.36499,2.21,2.25
2016.11.16 07:57:10.845,1.36482,1.36497,1.00,1.00
2016.11.16 07:57:11.375,1.36483,1.36497,1.50,1.00
2016.11.16 07:57:11.579,1.36484,1.36502,1.87,1.00
2016.11.16 07:57:11.682,1.36484,1.36501,1.50,1.12
2016.11.16 07:57:11.851,1.36484,1.36499,1.00,1.00
2016.11.16 07:57:12.419,1.36483,1.36501,1.12,1.69
2016.11.16 07:57:12.925,1.36483,1.36499,1.12,1.37
2016.11.16 07:57:13.897,1.36483,1.365,1.00,1.87
2016.11.16 07:57:14.102,1.36481,1.36498,1.87,1.56
2016.11.16 07:57:14.609,1.36482,1.36499,1.00,2.06
2016.11.16 07:57:15.702,1.36484,1.36499,1.00,1.31
2016.11.16 07:57:15.854,1.36486,1.36502,1.00,1.12
2016.11.16 07:57:15.905,1.36486,1.36503,1.00,1.25
2016.11.16 07:57:16.159,1.36488,1.36504,1.00,1.19
2016.11.16 07:57:16.699,1.36486,1.36503,1.87,1.69
2016.11.16 07:57:17.307,1.36486,1.36503,2.25,1.31
2016.11.16 07:57:17.851,1.36487,1.36504,1.37,1.69
2016.11.16 07:57:18.155,1.36488,1.36506,1.00,1.12
2016.11.16 07:57:18.662,1.36489,1.36508,1.00,3.56
2016.11.16 07:57:19.067,1.36489,1.36507,1.00,1.19
2016.11.16 07:57:19.382,1.36491,1.36507,1.00,1.19
2016.11.16 07:57:19.892,1.36491,1.36508,1.37,2.81
2016.11.16 07:57:20.449,1.36491,1.36508,1.37,1.19
2016.11.16 07:57:21.532,1.36489,1.36506,1.87,1.00
2016.11.16 07:57:21.633,1.36487,1.36505,1.75,1.37
2016.11.16 07:57:21.735,1.36486,1.36503,2.25,1.00
2016.11.16 07:57:21.939,1.36484,1.36503,1.84,1.50
2016.11.16 07:57:22.041,1.36485,1.36503,1.09,1.12
2016.11.16 07:57:22.142,1.36485,1.36504,1.09,1.87
2016.11.16 07:57:22.979,1.36487,1.36504,1.00,1.37
2016.11.16 07:57:23.282,1.36486,1.36505,1.12,1.00
2016.11.16 07:57:23.726,1.36488,1.36505,1.00,1.00
2016.11.16 07:57:24.030,1.3649,1.36507,1.00,1.00
2016.11.16 07:57:24.368,1.36483,1.36501,1.00,1.00
2016.11.16 07:57:24.876,1.36482,1.36501,1.50,1.00
2016.11.16 07:57:25.414,1.36482,1.36502,1.12,1.31
2016.11.16 07:57:26.560,1.36483,1.365,1.00,1.00
2016.11.16 07:57:26.763,1.36481,1.36499,1.12,1.00
2016.11.16 07:57:26.966,1.36481,1.365,1.87,1.00
2016.11.16 07:57:27.462,1.36485,1.36502,1.00,1.31
2016.11.16 07:57:27.917,1.36483,1.365,1.87,1.00
2016.11.16 07:57:28.471,1.36484,1.36501,1.12,1.12
2016.11.16 07:57:28.623,1.36481,1.36499,1.00,1.12
2016.11.16 07:57:28.775,1.36483,1.365,1.00,1.50
2016.11.16 07:57:29.003,1.36483,1.36502,3.37,1.12
2016.11.16 07:57:29.520,1.36483,1.36502,1.87,1.00
2016.11.16 07:57:29.622,1.36483,1.365,1.50,1.12
2016.11.16 07:57:30.309,1.36485,1.36504,1.50,2.06
2016.11.16 07:57:30.461,1.36487,1.36505,1.12,1.87
2016.11.16 07:57:30.513,1.36487,1.36505,2.25,1.37
2016.11.16 07:57:30.564,1.36489,1.36506,1.12,3.19
2016.11.16 07:57:30.615,1.36489,1.36506,2.25,2.06
2016.11.16 07:57:31.123,1.36491,1.36509,1.75,2.00
2016.11.16 07:57:31.175,1.36491,1.36508,1.75,1.12
2016.11.16 07:57:31.732,1.36491,1.36508,1.75,1.00
2016.11.16 07:57:32.251,1.36491,1.36508,1.75,1.00
2016.11.16 07:57:32.935,1.36491,1.36509,1.00,1.37
2016.11.16 07:57:33.037,1.36491,1.36509,1.75,1.37
2016.11.16 07:57:35.031,1.36492,1.36509,1.50,1.62
2016.11.16 07:57:35.539,1.36492,1.36509,1.12,1.50
2016.11.16 07:57:35.590,1.3649,1.36507,1.50,1.12
2016.11.16 07:57:35.691,1.36488,1.36507,1.87,1.19
2016.11.16 07:57:36.149,1.36487,1.36504,1.50,1.12
2016.11.16 07:57:36.475,1.36486,1.36503,1.00,2.06
2016.11.16 07:57:37.013,1.36485,1.36501,1.00,1.00
2016.11.16 07:57:38.223,1.36485,1.36504,1.00,3.37
2016.11.16 07:57:38.548,1.36488,1.36506,1.00,1.37
2016.11.16 07:57:39.072,1.36489,1.36506,1.00,1.37
2016.11.16 07:57:39.587,1.3649,1.36506,1.50,1.00
2016.11.16 07:57:39.884,1.36494,1.36512,1.12,1.50
2016.11.16 07:57:39.978,1.36496,1.36513,1.00,2.00
2016.11.16 07:57:40.940,1.36497,1.36511,1.00,1.00
2016.11.16 07:57:42.473,1.36496,1.36511,1.00,1.00
2016.11.16 07:57:42.627,1.36492,1.3651,2.81,1.00
2016.11.16 07:57:42.679,1.36491,1.36508,1.50,1.50
2016.11.16 07:57:42.781,1.36489,1.36506,1.00,1.37
2016.11.16 07:57:42.905,1.36487,1.36504,1.37,1.37
2016.11.16 07:57:43.413,1.36489,1.36505,1.50,1.12
2016.11.16 07:57:43.616,1.36492,1.36509,1.00,1.69
2016.11.16 07:57:44.121,1.36491,1.36508,1.00,1.31
2016.11.16 07:57:44.625,1.36491,1.36509,1.00,1.50
2016.11.16 07:57:45.172,1.36492,1.36509,1.00,1.87
2016.11.16 07:57:45.678,1.36491,1.36509,1.00,1.87
2016.11.16 07:57:46.217,1.36493,1.3651,1.00,3.19
2016.11.16 07:57:46.825,1.36494,1.36509,1.00,1.00
2016.11.16 07:57:47.180,1.36493,1.3651,1.50,1.87
2016.11.16 07:57:47.350,1.36491,1.36506,1.00,1.00
2016.11.16 07:57:47.401,1.36492,1.36507,1.00,2.44
2016.11.16 07:57:47.453,1.36487,1.36505,1.12,1.94
2016.11.16 07:57:47.504,1.36486,1.365,1.37,1.87
2016.11.16 07:57:47.606,1.36483,1.36498,1.00,2.25
2016.11.16 07:57:47.707,1.36481,1.36497,1.00,1.12
2016.11.16 07:57:48.152,1.36483,1.36498,1.00,1.75
2016.11.16 07:57:48.659,1.36484,1.36499,1.00,1.75
2016.11.16 07:57:48.992,1.36491,1.36504,1.00,1.37
2016.11.16 07:57:49.043,1.36489,1.36504,1.00,1.00
2016.11.16 07:57:49.550,1.3649,1.36505,1.00,1.37
2016.11.16 07:57:49.703,1.36492,1.36507,1.00,1.12
2016.11.16 07:57:49.754,1.36492,1.36509,1.00,1.87
2016.11.16 07:57:50.059,1.36494,1.36509,1.00,1.75
2016.11.16 07:57:50.597,1.36495,1.36509,1.00,1.12
2016.11.16 07:57:51.104,1.36494,1.36509,1.00,1.12
2016.11.16 07:57:52.215,1.36493,1.36509,1.00,1.12
2016.11.16 07:57:52.729,1.36494,1.36509,1.00,1.75
2016.11.16 07:57:53.373,1.36495,1.36509,1.00,1.75
2016.11.16 07:57:53.525,1.36497,1.36512,1.00,1.75
2016.11.16 07:57:53.577,1.36496,1.36511,1.00,1.00
2016.11.16 07:57:53.830,1.36498,1.3651,1.00,1.00
2016.11.16 07:57:54.157,1.36495,1.36508,1.00,1.31
2016.11.16 07:57:54.694,1.36495,1.36509,1.00,1.81
2016.11.16 07:57:55.100,1.36495,1.36508,1.00,1.81
2016.11.16 07:57:55.252,1.36493,1.36505,1.00,1.19
2016.11.16 07:57:55.416,1.36494,1.3651,1.00,1.31
2016.11.16 07:57:55.518,1.36496,1.36511,1.00,1.56
2016.11.16 07:57:56.069,1.36496,1.36512,1.00,2.44
2016.11.16 07:57:56.121,1.36494,1.36512,1.00,2.44
2016.11.16 07:57:56.172,1.36494,1.36511,1.00,2.44
2016.11.16 07:57:56.477,1.36492,1.36508,1.00,1.94
2016.11.16 07:57:56.805,1.3649,1.36508,1.50,1.94
2016.11.16 07:57:58.871,1.36489,1.36508,2.25,1.12
2016.11.16 07:57:59.373,1.36491,1.36506,1.00,1.00
2016.11.16 07:57:59.577,1.36493,1.36509,1.00,1.25
2016.11.16 07:58:00.329,1.36492,1.36509,1.00,1.31
2016.11.16 07:58:00.430,1.36491,1.36509,1.12,1.00
2016.11.16 07:58:00.552,1.36492,1.3651,1.87,1.00
2016.11.16 07:58:01.086,1.36494,1.36512,1.00,1.62
2016.11.16 07:58:01.605,1.36493,1.36512,1.87,1.50
2016.11.16 07:58:02.010,1.36495,1.36512,1.00,2.44
2016.11.16 07:58:02.193,1.36492,1.36512,3.37,1.31
2016.11.16 07:58:02.396,1.36496,1.36513,1.00,1.69
2016.11.16 07:58:02.921,1.36494,1.36511,1.12,1.00
2016.11.16 07:58:03.175,1.36495,1.36512,1.50,1.19
2016.11.16 07:58:03.603,1.36493,1.3651,1.50,1.19
2016.11.16 07:58:04.109,1.36494,1.3651,1.00,1.56
2016.11.16 07:58:04.518,1.36497,1.36512,1.00,1.56
2016.11.16 07:58:04.570,1.36497,1.36512,1.00,1.19
2016.11.16 07:58:05.112,1.36497,1.36514,1.00,2.06
2016.11.16 07:58:07.829,1.36499,1.36515,1.00,2.25
2016.11.16 07:58:07.931,1.36502,1.36517,1.00,1.37
2016.11.16 07:58:08.033,1.36503,1.36519,1.00,1.87
2016.11.16 07:58:08.136,1.36507,1.36522,1.00,1.50
2016.11.16 07:58:08.187,1.36505,1.36524,1.00,1.12
2016.11.16 07:58:08.340,1.36506,1.36522,1.00,1.12
2016.11.16 07:58:08.680,1.36505,1.36522,1.00,4.50
2016.11.16 07:58:08.985,1.36503,1.36519,1.12,1.87
2016.11.16 07:58:09.482,1.36503,1.36521,1.12,2.62
2016.11.16 07:58:09.931,1.36505,1.36522,1.00,3.00
2016.11.16 07:58:09.983,1.36505,1.36522,1.00,1.87
2016.11.16 07:58:10.700,1.36505,1.36522,1.00,1.50
2016.11.16 07:58:11.206,1.36505,1.36522,1.00,1.50
2016.11.16 07:58:12.226,1.36506,1.36523,1.00,1.37
2016.11.16 07:58:12.531,1.36508,1.36523,1.00,1.00
2016.11.16 07:58:12.634,1.36506,1.36523,1.50,1.00
2016.11.16 07:58:12.736,1.36506,1.36525,1.50,1.12
2016.11.16 07:58:12.838,1.36508,1.36526,1.00,1.12
2016.11.16 07:58:13.180,1.3651,1.36527,1.00,1.50
2016.11.16 07:58:13.484,1.36512,1.36529,1.00,1.00
2016.11.16 07:58:13.738,1.3651,1.36527,1.00,1.00
2016.11.16 07:58:14.246,1.3651,1.36526,1.00,1.00
2016.11.16 07:58:15.025,1.36509,1.36526,1.50,1.00
2016.11.16 07:58:15.427,1.3651,1.36529,1.50,1.87
2016.11.16 07:58:15.783,1.36511,1.36529,1.37,1.00
2016.11.16 07:58:16.289,1.36512,1.36531,1.00,3.00
2016.11.16 07:58:17.929,1.36514,1.36531,1.00,3.00
2016.11.16 07:58:18.465,1.36513,1.3653,1.00,1.00
2016.11.16 07:58:18.821,1.36511,1.36529,1.37,1.37
2016.11.16 07:58:18.923,1.3651,1.36529,2.25,1.50
2016.11.16 07:58:19.821,1.3651,1.36528,1.12,2.62
2016.11.16 07:58:20.247,1.36511,1.36529,1.00,1.00
2016.11.16 07:58:20.752,1.36511,1.36528,1.00,1.00
2016.11.16 07:58:20.853,1.36508,1.36527,1.50,1.50
2016.11.16 07:58:20.905,1.36508,1.36524,1.00,1.00
2016.11.16 07:58:21.058,1.36506,1.36523,1.00,1.00
2016.11.16 07:58:21.262,1.36504,1.36521,1.00,1.00
2016.11.16 07:58:21.572,1.36515,1.36528,1.00,2.62
2016.11.16 07:58:21.625,1.36516,1.3653,1.00,2.62
2016.11.16 07:58:21.676,1.36518,1.36532,1.00,2.62
2016.11.16 07:58:21.727,1.36519,1.36536,1.00,3.37
2016.11.16 07:58:21.779,1.36519,1.36537,1.00,1.12
2016.11.16 07:58:21.881,1.36519,1.36538,1.37,1.50
2016.11.16 07:58:22.084,1.36523,1.36541,1.00,2.25
2016.11.16 07:58:22.389,1.36526,1.36545,1.87,1.87
2016.11.16 07:58:22.745,1.36526,1.36543,1.87,1.37
2016.11.16 07:58:23.423,1.36526,1.36539,1.12,1.00
2016.11.16 07:58:23.728,1.36523,1.36539,1.12,1.50
2016.11.16 07:58:25.676,1.36523,1.36536,1.12,1.50
2016.11.16 07:58:25.777,1.36519,1.36536,1.50,3.00
2016.11.16 07:58:25.929,1.36521,1.36536,1.12,1.00
2016.11.16 07:58:25.981,1.36521,1.36538,1.75,1.87
2016.11.16 07:58:26.496,1.36524,1.36538,1.00,1.50
2016.11.16 07:58:27.001,1.36524,1.36537,1.00,1.00
2016.11.16 07:58:27.407,1.3652,1.36537,1.50,1.12
2016.11.16 07:58:27.761,1.36519,1.36536,1.75,1.75
2016.11.16 07:58:28.143,1.3652,1.36537,1.50,2.25
2016.11.16 07:58:28.194,1.36518,1.36535,1.50,1.00
2016.11.16 07:58:28.550,1.36522,1.36539,1.00,1.87
2016.11.16 07:58:28.854,1.36523,1.36539,1.75,1.37
2016.11.16 07:58:29.363,1.36522,1.36539,1.87,1.87
2016.11.16 07:58:30.226,1.36522,1.36537,1.12,1.00
2016.11.16 07:58:30.479,1.36521,1.36537,1.50,1.37
2016.11.16 07:58:30.821,1.36521,1.36537,1.12,1.37
2016.11.16 07:58:31.363,1.36521,1.36537,1.12,1.12
2016.11.16 07:58:32.070,1.36521,1.36537,1.12,1.50
2016.11.16 07:58:32.578,1.36518,1.36537,1.87,1.50
2016.11.16 07:58:32.680,1.36517,1.36534,1.50,1.00
2016.11.16 07:58:32.994,1.36516,1.3653,1.12,1.00
2016.11.16 07:58:33.603,1.36516,1.36531,1.12,1.00
2016.11.16 07:58:33.907,1.36516,1.36529,1.12,1.00
2016.11.16 07:58:34.312,1.36516,1.36527,1.12,1.00
2016.11.16 07:58:34.626,1.36515,1.36525,1.12,1.00
2016.11.16 07:58:34.831,1.36515,1.36527,1.12,1.12
2016.11.16 07:58:35.342,1.36514,1.36528,1.12,1.00
2016.11.16 07:58:35.597,1.36515,1.36525,1.12,1.00
2016.11.16 07:58:35.648,1.36512,1.36524,1.12,1.00
2016.11.16 07:58:35.793,1.3651,1.36524,1.12,1.00
2016.11.16 07:58:35.844,1.3651,1.36522,1.12,1.00
2016.11.16 07:58:35.997,1.36503,1.36516,1.12,1.00
2016.11.16 07:58:36.048,1.36503,1.36513,1.12,1.00
2016.11.16 07:58:36.099,1.36501,1.36512,1.12,1.00
2016.11.16 07:58:36.353,1.365,1.3651,1.12,1.50
2016.11.16 07:58:36.658,1.36495,1.36505,1.00,1.50
2016.11.16 07:58:36.912,1.36491,1.36503,1.12,1.12
2016.11.16 07:58:37.244,1.36491,1.36501,1.12,1.00
2016.11.16 07:58:37.295,1.36491,1.365,1.00,1.12
2016.11.16 07:58:38.265,1.36488,1.36501,1.12,1.50
2016.11.16 07:58:38.822,1.36488,1.36502,1.12,1.00
2016.11.16 07:58:39.413,1.36488,1.36503,1.12,1.00
2016.11.16 07:58:39.565,1.36492,1.36507,1.19,1.87
2016.11.16 07:58:39.768,1.365,1.36518,1.19,1.50
2016.11.16 07:58:39.819,1.36503,1.36519,1.12,1.00
2016.11.16 07:58:40.134,1.36506,1.36517,1.12,1.00
2016.11.16 07:58:40.262,1.36502,1.36518,1.12,1.00
2016.11.16 07:58:40.616,1.36504,1.36519,1.12,1.00
2016.11.16 07:58:40.924,1.36506,1.36519,1.12,1.00
2016.11.16 07:58:41.029,1.36506,1.36521,1.12,1.00
2016.11.16 07:58:41.080,1.36509,1.36523,1.12,1.00
2016.11.16 07:58:41.131,1.36511,1.36527,1.65,1.87
2016.11.16 07:58:41.385,1.36515,1.3653,1.12,1.50
2016.11.16 07:58:41.724,1.36515,1.36528,1.00,1.00
2016.11.16 07:58:42.267,1.36515,1.36529,1.00,1.00
2016.11.16 07:58:42.370,1.36515,1.36531,1.87,1.50
2016.11.16 07:58:42.522,1.36517,1.36534,1.09,1.50
2016.11.16 07:58:42.826,1.36522,1.36537,2.96,1.00
2016.11.16 07:58:42.927,1.36524,1.3654,1.09,1.00
2016.11.16 07:58:43.178,1.36524,1.36538,2.21,1.00
2016.11.16 07:58:43.533,1.36525,1.36541,1.87,1.00
2016.11.16 07:58:43.635,1.36527,1.36543,1.87,1.00
2016.11.16 07:58:43.686,1.36527,1.36543,1.50,1.00
2016.11.16 07:58:44.359,1.36527,1.36542,1.87,1.00
2016.11.16 07:58:44.832,1.36528,1.36545,3.00,1.00
2016.11.16 07:58:44.884,1.36531,1.36544,1.12,1.00
2016.11.16 07:58:44.935,1.36531,1.36546,2.25,1.00
2016.11.16 07:58:45.240,1.36531,1.36548,1.75,1.00
2016.11.16 07:58:45.595,1.36534,1.36545,1.00,1.00
2016.11.16 07:58:45.797,1.36534,1.36547,1.00,1.00
2016.11.16 07:58:45.950,1.36534,1.36545,1.00,1.00
2016.11.16 07:58:46.102,1.36528,1.36543,1.87,1.00
2016.11.16 07:58:47.897,1.36528,1.36541,1.50,1.00
2016.11.16 07:58:48.101,1.36525,1.36539,1.12,1.00
2016.11.16 07:58:48.204,1.36525,1.3654,1.12,1.00
2016.11.16 07:58:48.725,1.36525,1.36539,1.12,1.00
2016.11.16 07:58:50.072,1.36525,1.3654,1.46,1.00
2016.11.16 07:58:50.124,1.36528,1.36539,1.00,1.00
2016.11.16 07:58:50.227,1.36526,1.36542,1.00,1.12
2016.11.16 07:58:50.278,1.36526,1.3654,1.12,1.00
2016.11.16 07:58:50.484,1.36527,1.36543,1.37,1.00
2016.11.16 07:58:50.586,1.36528,1.36546,3.37,1.00
2016.11.16 07:58:50.758,1.36529,1.36543,1.46,1.00
2016.11.16 07:58:50.862,1.36527,1.36543,1.87,1.00
2016.11.16 07:58:50.965,1.36527,1.36541,1.12,1.00
2016.11.16 07:58:51.270,1.36527,1.36539,1.12,1.00
2016.11.16 07:58:51.372,1.36526,1.36538,1.12,1.00
2016.11.16 07:58:51.524,1.36524,1.36536,1.12,1.00
2016.11.16 07:58:51.677,1.36523,1.36538,1.12,1.00
2016.11.16 07:58:52.220,1.36523,1.36537,1.12,1.00
2016.11.16 07:58:52.423,1.36523,1.36539,1.12,1.00
2016.11.16 07:58:53.411,1.36524,1.36541,1.75,1.00
2016.11.16 07:58:53.654,1.36528,1.36546,1.00,1.00
2016.11.16 07:58:53.756,1.36529,1.36544,1.12,1.00
2016.11.16 07:58:54.111,1.36527,1.36541,1.12,1.00
2016.11.16 07:58:54.264,1.36526,1.36542,1.75,1.00
2016.11.16 07:58:55.505,1.36526,1.36541,1.75,1.00
2016.11.16 07:58:55.556,1.36526,1.36543,2.59,1.00
2016.11.16 07:58:55.708,1.36528,1.36545,1.12,1.12
2016.11.16 07:58:55.811,1.36529,1.36545,2.62,1.00
2016.11.16 07:58:55.913,1.3653,1.36547,1.87,1.00
2016.11.16 07:58:56.648,1.36531,1.36547,1.12,1.00
2016.11.16 07:58:56.699,1.3653,1.36549,2.25,1.50
2016.11.16 07:58:56.751,1.36531,1.36547,1.31,1.00
2016.11.16 07:58:57.158,1.3653,1.36549,2.06,1.00
2016.11.16 07:58:58.330,1.3653,1.36549,2.06,1.00
2016.11.16 07:58:59.713,1.3653,1.36548,2.06,1.00
2016.11.16 07:58:59.823,1.3653,1.36547,1.50,1.00
2016.11.16 07:58:59.926,1.36528,1.36545,3.56,1.00
2016.11.16 07:59:00.387,1.36529,1.36545,2.25,1.29
2016.11.16 07:59:01.070,1.36529,1.36545,1.12,1.29
2016.11.16 07:59:01.272,1.3653,1.36545,1.37,1.00
2016.11.16 07:59:01.374,1.36531,1.36546,1.12,1.04
2016.11.16 07:59:01.853,1.36532,1.36545,1.50,1.29
2016.11.16 07:59:02.083,1.36529,1.36544,1.37,1.04
2016.11.16 07:59:04.299,1.36528,1.36545,1.87,1.04
2016.11.16 07:59:06.032,1.36528,1.36544,1.75,1.00
2016.11.16 07:59:06.135,1.36528,1.36546,1.50,1.01
2016.11.16 07:59:06.649,1.36526,1.36543,2.62,1.00
2016.11.16 07:59:06.852,1.36527,1.36545,1.12,1.02
2016.11.16 07:59:07.355,1.36527,1.36544,1.12,1.00
2016.11.16 07:59:07.508,1.36529,1.36545,1.00,1.00
2016.11.16 07:59:07.560,1.36529,1.36547,1.37,1.50
2016.11.16 07:59:08.223,1.36531,1.36548,1.00,1.00
2016.11.16 07:59:08.326,1.36532,1.36548,1.50,1.00
2016.11.16 07:59:08.844,1.36531,1.36548,1.50,1.00
2016.11.16 07:59:09.350,1.36531,1.3655,2.25,2.25
2016.11.16 07:59:09.604,1.36528,1.36547,1.00,1.31
2016.11.16 07:59:09.757,1.36528,1.36545,1.00,1.00
2016.11.16 07:59:10.172,1.36527,1.36545,1.37,1.12
2016.11.16 07:59:10.470,1.36526,1.36544,1.50,1.37
2016.11.16 07:59:10.877,1.36528,1.36545,1.00,1.50
2016.11.16 07:59:11.423,1.36527,1.36545,1.00,1.87
2016.11.16 07:59:11.929,1.36529,1.36546,1.00,1.00
2016.11.16 07:59:12.232,1.36534,1.3655,1.12,1.00
2016.11.16 07:59:14.297,1.36533,1.36552,1.50,2.62
2016.11.16 07:59:14.672,1.36534,1.36551,1.50,1.12
2016.11.16 07:59:15.019,1.36534,1.3655,1.00,1.31
2016.11.16 07:59:15.323,1.36538,1.36552,1.00,2.25
2016.11.16 07:59:15.773,1.36535,1.36552,1.00,2.25
2016.11.16 07:59:16.329,1.36535,1.36552,1.00,1.87
2016.11.16 07:59:17.322,1.36536,1.36552,1.00,1.87
2016.11.16 07:59:17.475,1.36536,1.36552,1.87,1.00
2016.11.16 07:59:18.085,1.36537,1.36554,1.50,1.25
2016.11.16 07:59:18.188,1.36541,1.36556,1.00,1.75
2016.11.16 07:59:18.359,1.36544,1.36562,1.31,2.25
2016.11.16 07:59:18.512,1.36546,1.36562,1.00,1.12
2016.11.16 07:59:19.435,1.36546,1.36563,1.00,1.00
2016.11.16 07:59:20.222,1.36546,1.36564,1.00,1.50
2016.11.16 07:59:20.767,1.36546,1.36563,1.00,1.00
2016.11.16 07:59:21.275,1.36547,1.36563,1.00,1.00
2016.11.16 07:59:21.780,1.36546,1.36563,1.00,1.00
2016.11.16 07:59:22.084,1.36548,1.36565,1.00,2.44
2016.11.16 07:59:22.626,1.36549,1.36566,1.00,1.37
2016.11.16 07:59:23.541,1.36546,1.3656,1.37,1.19
2016.11.16 07:59:23.592,1.36545,1.36562,1.12,1.31
2016.11.16 07:59:23.643,1.36543,1.3656,1.00,1.19
2016.11.16 07:59:24.100,1.36542,1.36559,1.00,2.81
2016.11.16 07:59:24.303,1.36543,1.36559,1.00,1.00
2016.11.16 07:59:24.553,1.36544,1.36561,1.25,1.50
2016.11.16 07:59:24.883,1.36546,1.36561,1.00,1.00
2016.11.16 07:59:25.035,1.36549,1.36566,1.00,1.00
2016.11.16 07:59:25.239,1.36548,1.36566,1.00,4.31
2016.11.16 07:59:25.543,1.36547,1.36562,1.00,1.37
2016.11.16 07:59:25.933,1.36544,1.36561,1.00,2.25
2016.11.16 07:59:26.440,1.36545,1.36561,1.00,1.50
2016.11.16 07:59:26.895,1.36545,1.36562,1.00,1.00
2016.11.16 07:59:27.451,1.36544,1.36562,1.50,1.50
2016.11.16 07:59:27.970,1.36545,1.36562,1.12,1.00
2016.11.16 07:59:28.519,1.36546,1.36563,1.00,2.25
2016.11.16 07:59:29.027,1.36547,1.36564,1.00,1.69
2016.11.16 07:59:29.569,1.36548,1.36565,1.00,2.06
2016.11.16 07:59:31.838,1.36547,1.36564,1.00,1.25
2016.11.16 07:59:32.627,1.36547,1.36564,1.00,1.50
2016.11.16 07:59:33.171,1.36548,1.36565,1.00,1.87
2016.11.16 07:59:33.929,1.36547,1.36564,1.00,1.50
2016.11.16 07:59:35.033,1.36547,1.36566,1.00,3.94
2016.11.16 07:59:35.548,1.36549,1.36566,1.00,1.69
2016.11.16 07:59:35.701,1.36546,1.36563,1.50,1.19
2016.11.16 07:59:35.853,1.36544,1.36561,1.00,1.69
2016.11.16 07:59:36.083,1.36542,1.36561,2.62,1.69
2016.11.16 07:59:36.134,1.36542,1.36555,1.50,1.56
2016.11.16 07:59:36.338,1.36536,1.36553,1.12,1.56
2016.11.16 07:59:36.541,1.36539,1.36554,1.00,1.31
2016.11.16 07:59:36.592,1.36537,1.36553,1.50,1.19
2016.11.16 07:59:36.643,1.36539,1.36553,1.00,1.19
2016.11.16 07:59:37.151,1.36539,1.36556,1.00,2.06
2016.11.16 07:59:37.661,1.36539,1.36556,1.00,1.69
2016.11.16 07:59:38.373,1.36539,1.36556,1.00,1.19
2016.11.16 07:59:38.677,1.36537,1.36554,2.25,1.31
2016.11.16 07:59:38.990,1.36531,1.36548,1.09,1.69
2016.11.16 07:59:39.247,1.3653,1.36548,1.50,2.25
2016.11.16 07:59:39.338,1.36532,1.36548,1.00,1.19
2016.11.16 07:59:39.541,1.36532,1.3655,1.00,1.19
2016.11.16 07:59:39.744,1.36534,1.3655,1.00,1.19
2016.11.16 07:59:40.331,1.36535,1.36551,1.00,1.31
2016.11.16 07:59:40.635,1.36537,1.36553,1.00,1.94
2016.11.16 07:59:40.970,1.36535,1.36548,1.50,1.56
2016.11.16 07:59:41.274,1.36538,1.3655,1.00,1.56
2016.11.16 07:59:41.590,1.36537,1.36548,1.00,1.56
2016.11.16 07:59:42.106,1.36539,1.3655,1.00,1.87
2016.11.16 07:59:42.157,1.36539,1.3655,1.00,1.00
2016.11.16 07:59:42.360,1.36539,1.36552,1.50,1.00
2016.11.16 07:59:42.411,1.36541,1.36552,1.00,1.00
2016.11.16 07:59:42.462,1.3654,1.36556,1.50,1.00
2016.11.16 07:59:42.615,1.36541,1.36556,1.87,1.00
2016.11.16 07:59:42.817,1.36544,1.36558,1.12,1.04
2016.11.16 07:59:42.868,1.36544,1.3656,1.12,1.04
2016.11.16 07:59:42.966,1.36549,1.3656,1.00,1.04
2016.11.16 07:59:43.107,1.36553,1.36569,1.00,1.00
2016.11.16 07:59:43.260,1.36554,1.36571,1.75,1.87
2016.11.16 07:59:43.564,1.36554,1.3657,1.00,1.87
2016.11.16 07:59:43.768,1.36554,1.36573,1.12,3.00
2016.11.16 07:59:43.869,1.36556,1.36573,1.00,3.00
2016.11.16 07:59:43.971,1.36556,1.36573,1.12,1.50
2016.11.16 07:59:44.152,1.36556,1.36574,1.12,1.66
2016.11.16 07:59:44.203,1.36554,1.36571,1.12,2.91
2016.11.16 07:59:44.256,1.36552,1.36569,1.00,1.12
2016.11.16 07:59:44.758,1.36551,1.36568,1.00,1.12
2016.11.16 07:59:45.264,1.36551,1.36568,1.00,1.37
2016.11.16 07:59:45.798,1.36551,1.36568,1.00,1.12
2016.11.16 07:59:45.849,1.36549,1.36567,1.00,1.00
2016.11.16 07:59:45.900,1.36549,1.36565,1.00,1.12
2016.11.16 07:59:46.205,1.36543,1.3656,1.12,1.87
2016.11.16 07:59:46.721,1.36542,1.36559,1.00,1.12
2016.11.16 07:59:47.040,1.36544,1.36561,1.00,3.37
2016.11.16 07:59:47.560,1.36543,1.3656,1.00,1.87
2016.11.16 07:59:48.484,1.36543,1.3656,1.50,1.50
2016.11.16 07:59:48.818,1.36544,1.36561,1.50,1.37
2016.11.16 07:59:49.275,1.36546,1.36562,1.00,1.00
2016.11.16 07:59:49.785,1.36546,1.36563,1.37,1.37
2016.11.16 07:59:50.316,1.36545,1.36563,1.50,1.00
2016.11.16 07:59:50.469,1.36548,1.36563,1.00,1.00
2016.11.16 07:59:50.775,1.36553,1.36567,1.00,1.75
2016.11.16 07:59:50.826,1.36554,1.36567,1.00,1.12
2016.11.16 07:59:51.029,1.36553,1.3657,1.00,1.69
2016.11.16 07:59:51.181,1.36551,1.36569,1.00,1.50
2016.11.16 07:59:51.513,1.36553,1.36569,1.00,1.00
2016.11.16 07:59:52.020,1.36554,1.36571,1.00,1.50
2016.11.16 07:59:52.121,1.36554,1.36571,1.00,1.12
2016.11.16 07:59:52.526,1.36551,1.3657,1.50,1.79
2016.11.16 07:59:52.578,1.36551,1.36568,1.00,1.00
2016.11.16 07:59:52.883,1.3655,1.36566,1.00,1.00
2016.11.16 07:59:53.211,1.36546,1.36563,1.00,1.37
2016.11.16 07:59:53.976,1.36547,1.36565,1.00,1.75
2016.11.16 07:59:54.230,1.3655,1.36569,1.00,3.56
2016.11.16 07:59:54.281,1.36552,1.36569,1.00,3.56
2016.11.16 07:59:54.827,1.36553,1.3657,1.00,1.69
2016.11.16 07:59:55.131,1.3655,1.36569,1.00,2.06
2016.11.16 07:59:55.435,1.36552,1.3657,1.00,2.62
2016.11.16 07:59:55.638,1.36552,1.3657,1.00,2.25
2016.11.16 07:59:55.689,1.36555,1.36569,1.00,1.12
2016.11.16 07:59:55.855,1.36552,1.36571,1.00,2.06
2016.11.16 07:59:55.959,1.36552,1.36567,1.00,1.00
2016.11.16 07:59:56.164,1.36552,1.36571,1.00,2.06
2016.11.16 07:59:56.569,1.36553,1.36572,1.00,2.25
2016.11.16 07:59:56.823,1.36552,1.36571,1.00,1.31
2016.11.16 07:59:57.705,1.36553,1.3657,1.00,1.50
2016.11.16 07:59:58.212,1.3655,1.36569,2.25,1.50
2016.11.16 07:59:58.263,1.3655,1.36567,1.00,1.41
2016.11.16 07:59:58.314,1.36547,1.36566,1.00,1.37
2016.11.16 07:59:58.366,1.36548,1.36564,1.00,1.50
2016.11.16 07:59:58.417,1.36546,1.36564,1.50,1.37
2016.11.16 07:59:58.518,1.36544,1.3656,1.50,1.00
2016.11.16 07:59:58.620,1.3654,1.36558,1.12,1.37
2016.11.16 07:59:59.146,1.36538,1.36556,1.00,1.50
2016.11.16 07:59:59.299,1.36534,1.36552,1.00,1.12
2016.11.16 07:59:59.401,1.36534,1.3655,1.00,1.00
2016.11.16 07:59:59.908,1.36534,1.36551,1.00,1.00
