2011.12.23 16:00:00.917,1.22137,1.22164,1.50,1.88
2011.12.23 16:00:01.195,1.22137,1.22164,2.25,1.88
2011.12.23 16:00:01.727,1.22132,1.22158,1.50,1.50
2011.12.23 16:00:02.484,1.22135,1.2216,1.50,1.50
2011.12.23 16:00:02.627,1.22135,1.22162,1.50,1.74
2011.12.23 16:00:03.165,1.22134,1.22164,1.61,1.74
2011.12.23 16:00:03.646,1.22137,1.22158,1.50,1.18
2011.12.23 16:00:04.205,1.22135,1.22158,2.25,1.18
2011.12.23 16:00:05.047,1.22136,1.22157,1.50,1.18
2011.12.23 16:00:05.410,1.22145,1.22168,1.50,1.18
2011.12.23 16:00:05.695,1.22152,1.22174,1.50,1.52
2011.12.23 16:00:05.822,1.22152,1.22177,1.50,1.52
2011.12.23 16:00:05.955,1.22152,1.22177,1.50,1.50
2011.12.23 16:00:06.572,1.22152,1.22178,3.00,1.50
2011.12.23 16:00:06.653,1.22152,1.22178,2.25,1.50
2011.12.23 16:00:06.728,1.22152,1.22179,2.25,1.50
2011.12.23 16:00:07.604,1.22152,1.22182,2.25,1.13
2011.12.23 16:00:07.743,1.22156,1.22183,1.50,1.13
2011.12.23 16:00:07.995,1.22152,1.22181,2.25,1.50
2011.12.23 16:00:08.204,1.2215,1.2218,2.25,1.50
2011.12.23 16:00:08.487,1.2215,1.22177,2.25,1.50
2011.12.23 16:00:08.943,1.2215,1.22178,2.25,1.50
2011.12.23 16:00:09.015,1.22156,1.22178,1.50,1.50
2011.12.23 16:00:09.518,1.22154,1.22176,1.50,1.18
2011.12.23 16:00:09.879,1.22159,1.22173,1.50,1.50
2011.12.23 16:00:10.154,1.22159,1.22183,2.25,1.13
2011.12.23 16:00:10.569,1.22164,1.22188,2.25,2.63
2011.12.23 16:00:10.645,1.22164,1.22188,2.25,1.13
2011.12.23 16:00:11.815,1.22164,1.22186,2.25,2.25
2011.12.23 16:00:11.957,1.22164,1.22182,1.50,1.50
2011.12.23 16:00:12.108,1.22152,1.22178,2.25,1.50
2011.12.23 16:00:12.325,1.22152,1.22179,2.25,1.50
2011.12.23 16:00:12.673,1.22149,1.2218,2.25,1.50
2011.12.23 16:00:14.303,1.22151,1.22181,1.50,1.50
2011.12.23 16:00:14.375,1.22151,1.22181,1.50,1.50
2011.12.23 16:00:14.446,1.2216,1.22181,1.50,1.50
2011.12.23 16:00:14.809,1.22169,1.22188,1.50,1.55
2011.12.23 16:00:15.028,1.22166,1.2219,1.50,1.42
2011.12.23 16:00:15.242,1.22166,1.22191,1.50,1.50
2011.12.23 16:00:16.723,1.22162,1.2219,2.25,1.50
2011.12.23 16:00:16.795,1.2216,1.22187,2.25,1.50
2011.12.23 16:00:17.544,1.22162,1.22193,2.25,1.50
2011.12.23 16:00:17.882,1.22163,1.22194,2.25,2.63
2011.12.23 16:00:18.231,1.22162,1.22188,2.25,1.50
2011.12.23 16:00:18.741,1.22162,1.22185,2.25,1.13
2011.12.23 16:00:20.523,1.22159,1.22185,3.00,1.13
2011.12.23 16:00:20.667,1.22167,1.22187,1.50,1.13
2011.12.23 16:00:20.744,1.22167,1.22188,3.00,1.50
2011.12.23 16:00:20.814,1.22167,1.22193,3.00,1.50
2011.12.23 16:00:20.886,1.22167,1.22194,2.25,1.88
2011.12.23 16:00:21.468,1.22175,1.222,1.50,2.63
2011.12.23 16:00:21.685,1.22175,1.222,1.50,1.50
2011.12.23 16:00:21.895,1.22176,1.222,1.50,1.50
2011.12.23 16:00:22.106,1.22176,1.22202,1.50,1.13
2011.12.23 16:00:22.314,1.22176,1.22202,1.50,1.88
2011.12.23 16:00:22.644,1.22178,1.22204,3.00,1.88
2011.12.23 16:00:22.854,1.22178,1.22206,1.50,1.13
2011.12.23 16:00:22.925,1.22178,1.22206,1.50,1.13
2011.12.23 16:00:22.997,1.22181,1.22207,1.50,1.13
2011.12.23 16:00:23.490,1.22181,1.22199,1.50,3.00
2011.12.23 16:00:23.588,1.2217,1.22194,1.50,1.50
2011.12.23 16:00:23.735,1.22166,1.22193,1.50,1.13
2011.12.23 16:00:23.803,1.22166,1.22193,1.50,1.13
2011.12.23 16:00:24.002,1.22166,1.22194,1.50,1.88
2011.12.23 16:00:24.556,1.22167,1.22193,1.50,1.13
2011.12.23 16:00:24.627,1.22171,1.22192,1.50,1.50
2011.12.23 16:00:24.843,1.22171,1.22202,2.25,1.50
2011.12.23 16:00:25.124,1.22167,1.22198,1.50,1.13
2011.12.23 16:00:25.710,1.22153,1.22185,1.50,1.50
2011.12.23 16:00:25.930,1.22152,1.22182,2.25,1.50
2011.12.23 16:00:26.007,1.22156,1.22182,1.50,1.50
2011.12.23 16:00:26.228,1.22156,1.22182,1.50,1.50
2011.12.23 16:00:26.377,1.22156,1.22182,1.50,1.50
2011.12.23 16:00:27.083,1.22159,1.22186,1.50,1.50
2011.12.23 16:00:28.005,1.22158,1.22182,1.50,1.50
2011.12.23 16:00:28.344,1.22157,1.22182,1.50,1.50
2011.12.23 16:00:28.486,1.22155,1.22182,1.50,1.50
2011.12.23 16:00:31.797,1.22153,1.22179,3.00,1.50
2011.12.23 16:00:34.433,1.22151,1.2218,3.75,1.50
2011.12.23 16:00:35.128,1.22151,1.22177,2.25,1.50
2011.12.23 16:00:35.207,1.2215,1.22177,1.50,1.50
2011.12.23 16:00:35.713,1.2215,1.22176,1.50,1.50
2011.12.23 16:00:36.953,1.2215,1.22175,1.50,2.25
2011.12.23 16:00:37.241,1.22151,1.22175,1.50,2.25
2011.12.23 16:00:37.781,1.22149,1.22175,1.50,2.25
2011.12.23 16:00:37.867,1.22148,1.22174,2.25,1.50
2011.12.23 16:00:37.944,1.22148,1.22174,3.00,1.50
2011.12.23 16:00:38.365,1.22142,1.22166,1.50,1.50
2011.12.23 16:00:38.997,1.22144,1.22167,2.25,1.50
2011.12.23 16:00:39.078,1.22144,1.22164,1.50,1.50
2011.12.23 16:00:39.687,1.22136,1.22161,1.50,2.25
2011.12.23 16:00:40.033,1.22133,1.22161,2.25,2.25
2011.12.23 16:00:40.104,1.22133,1.22161,2.25,2.25
2011.12.23 16:00:40.723,1.22133,1.22159,2.25,1.50
2011.12.23 16:00:40.936,1.22128,1.22156,1.50,1.50
2011.12.23 16:00:41.007,1.22129,1.22154,1.50,1.50
2011.12.23 16:00:41.295,1.22131,1.22159,2.25,2.63
2011.12.23 16:00:41.493,1.22133,1.2216,1.50,1.13
2011.12.23 16:00:42.147,1.22137,1.22161,1.50,1.13
2011.12.23 16:00:43.182,1.22134,1.22161,1.50,1.13
2011.12.23 16:00:43.714,1.22136,1.22161,1.50,1.13
2011.12.23 16:00:43.787,1.22133,1.22161,2.25,1.88
2011.12.23 16:00:43.868,1.22132,1.22161,3.75,1.88
2011.12.23 16:00:43.947,1.22134,1.22161,1.50,1.13
2011.12.23 16:00:44.632,1.22135,1.2216,2.25,1.50
2011.12.23 16:00:45.142,1.22137,1.22163,2.25,1.13
2011.12.23 16:00:45.568,1.22137,1.22159,2.25,1.13
2011.12.23 16:00:45.864,1.22137,1.22161,3.00,1.88
2011.12.23 16:00:46.137,1.22135,1.22161,3.75,2.25
2011.12.23 16:00:46.796,1.22135,1.22161,2.25,1.50
2011.12.23 16:00:46.994,1.22136,1.22162,1.50,1.88
2011.12.23 16:00:47.276,1.22135,1.22161,1.50,1.50
2011.12.23 16:00:47.757,1.22137,1.22161,1.50,1.50
2011.12.23 16:00:48.277,1.22133,1.2216,3.00,1.50
2011.12.23 16:00:49.519,1.22137,1.22162,1.50,1.50
2011.12.23 16:00:49.593,1.22134,1.22161,1.50,1.50
2011.12.23 16:00:49.963,1.22134,1.22161,1.50,2.25
2011.12.23 16:00:52.684,1.22135,1.2216,1.50,1.50
2011.12.23 16:00:52.951,1.22136,1.22162,1.50,1.50
2011.12.23 16:00:53.413,1.22136,1.2216,1.50,1.50
2011.12.23 16:00:58.121,1.22136,1.2216,1.50,2.25
2011.12.23 16:00:58.671,1.22136,1.2216,1.50,1.50
2011.12.23 16:01:02.827,1.22135,1.22159,1.50,1.88
2011.12.23 16:01:03.436,1.22133,1.22155,1.50,2.25
2011.12.23 16:01:03.549,1.22129,1.22152,1.50,2.25
2011.12.23 16:01:03.626,1.22129,1.22154,1.50,1.50
2011.12.23 16:01:03.835,1.22132,1.22157,1.50,2.63
2011.12.23 16:01:03.903,1.22132,1.22156,1.50,1.13
2011.12.23 16:01:04.253,1.22137,1.22163,2.25,2.25
2011.12.23 16:01:04.460,1.22137,1.22163,3.00,1.50
2011.12.23 16:01:04.847,1.22138,1.22164,1.50,1.88
2011.12.23 16:01:05.744,1.2214,1.22164,1.50,1.88
2011.12.23 16:01:06.294,1.22142,1.22168,3.00,1.13
2011.12.23 16:01:06.435,1.22142,1.22166,3.00,1.50
2011.12.23 16:01:06.784,1.22141,1.22167,1.50,1.13
2011.12.23 16:01:06.987,1.22144,1.2217,3.00,1.50
2011.12.23 16:01:07.065,1.22144,1.22173,3.00,1.13
2011.12.23 16:01:07.134,1.22148,1.22173,1.50,1.13
2011.12.23 16:01:07.685,1.22146,1.22173,2.25,1.13
2011.12.23 16:01:08.169,1.22146,1.22173,2.25,1.13
2011.12.23 16:01:08.474,1.22146,1.2217,2.25,1.13
2011.12.23 16:01:08.754,1.22144,1.2217,2.25,1.13
2011.12.23 16:01:09.633,1.22144,1.2217,2.25,1.13
2011.12.23 16:01:10.183,1.22141,1.22164,2.25,1.50
2011.12.23 16:01:11.007,1.22141,1.22164,2.25,1.50
2011.12.23 16:01:11.146,1.22141,1.22164,2.25,2.25
2011.12.23 16:01:12.657,1.22138,1.22163,2.25,2.25
2011.12.23 16:01:12.734,1.22141,1.22163,2.25,2.25
2011.12.23 16:01:12.952,1.22141,1.22163,3.00,1.50
2011.12.23 16:01:13.556,1.22141,1.22163,1.50,1.50
2011.12.23 16:01:13.823,1.22141,1.22169,1.50,2.25
2011.12.23 16:01:14.092,1.22141,1.22169,1.50,1.50
2011.12.23 16:01:15.004,1.22145,1.2217,1.50,1.50
2011.12.23 16:01:15.678,1.22147,1.22171,1.50,2.25
2011.12.23 16:01:17.401,1.22147,1.2217,1.50,1.50
2011.12.23 16:01:17.674,1.22143,1.22168,1.50,1.50
2011.12.23 16:01:17.744,1.22143,1.22168,3.75,1.50
2011.12.23 16:01:17.813,1.22146,1.22174,3.00,1.50
2011.12.23 16:01:19.425,1.22143,1.2217,2.25,1.50
2011.12.23 16:01:19.933,1.22143,1.22168,1.50,1.50
2011.12.23 16:01:20.283,1.22142,1.22167,1.50,1.50
2011.12.23 16:01:21.089,1.22141,1.22167,1.50,1.50
2011.12.23 16:01:21.433,1.22142,1.22165,1.50,1.50
2011.12.23 16:01:21.986,1.22142,1.22163,1.50,1.50
2011.12.23 16:01:22.337,1.22131,1.22147,1.50,1.50
2011.12.23 16:01:22.417,1.2213,1.22147,2.18,1.50
2011.12.23 16:01:22.638,1.22123,1.22147,1.50,1.50
2011.12.23 16:01:24.603,1.22125,1.22148,2.25,1.50
2011.12.23 16:01:25.168,1.22129,1.22148,1.50,1.50
2011.12.23 16:01:25.456,1.22145,1.22167,1.50,1.28
2011.12.23 16:01:25.527,1.22145,1.22168,1.50,1.05
2011.12.23 16:01:25.610,1.2215,1.22171,1.50,2.22
2011.12.23 16:01:25.684,1.22152,1.22171,1.50,2.22
2011.12.23 16:01:26.315,1.22152,1.22171,1.50,1.88
2011.12.23 16:01:28.762,1.22152,1.22171,2.25,2.25
2011.12.23 16:01:29.301,1.22152,1.22171,1.50,1.13
2011.12.23 16:01:30.516,1.22157,1.22171,1.50,1.13
2011.12.23 16:01:30.842,1.22157,1.22171,1.50,1.13
2011.12.23 16:01:31.462,1.22152,1.22172,1.50,1.13
2011.12.23 16:01:31.796,1.22149,1.22171,1.50,1.13
2011.12.23 16:01:32.065,1.22148,1.2217,1.50,1.50
2011.12.23 16:01:32.346,1.22151,1.22172,1.50,1.13
2011.12.23 16:01:32.482,1.22154,1.22175,1.50,1.88
2011.12.23 16:01:32.908,1.22152,1.22175,1.50,1.13
2011.12.23 16:01:32.985,1.22152,1.22176,1.50,1.13
2011.12.23 16:01:33.569,1.22152,1.22176,1.50,1.13
2011.12.23 16:01:33.762,1.22152,1.22177,1.50,1.13
2011.12.23 16:01:34.045,1.22149,1.22171,1.50,1.09
2011.12.23 16:01:34.117,1.22149,1.22169,1.50,1.50
2011.12.23 16:01:34.475,1.22147,1.22168,2.25,1.13
2011.12.23 16:01:34.542,1.22144,1.22168,3.00,1.13
2011.12.23 16:01:34.817,1.22142,1.22168,2.25,1.13
2011.12.23 16:01:35.372,1.22142,1.22168,1.50,1.13
2011.12.23 16:01:36.233,1.22142,1.22168,1.50,1.13
2011.12.23 16:01:37.145,1.22141,1.22166,1.50,1.13
2011.12.23 16:01:37.354,1.22142,1.22168,1.50,1.13
2011.12.23 16:01:37.421,1.22141,1.22166,1.50,1.13
2011.12.23 16:01:37.744,1.22142,1.22168,1.50,1.13
2011.12.23 16:01:38.169,1.22141,1.22166,1.50,1.13
2011.12.23 16:01:38.313,1.22142,1.22168,1.50,1.88
2011.12.23 16:01:38.655,1.22139,1.22166,1.50,1.13
2011.12.23 16:01:39.635,1.22139,1.22166,1.50,1.13
2011.12.23 16:01:39.974,1.22137,1.22161,1.50,1.50
2011.12.23 16:01:40.254,1.22134,1.22159,1.50,1.50
2011.12.23 16:01:40.809,1.22135,1.2216,1.50,1.88
2011.12.23 16:01:41.271,1.2214,1.22163,1.50,1.13
2011.12.23 16:01:47.261,1.2214,1.22161,1.50,1.13
2011.12.23 16:01:47.552,1.22139,1.22161,1.50,1.13
2011.12.23 16:01:47.754,1.22139,1.22162,1.50,1.13
2011.12.23 16:01:48.203,1.22137,1.22159,1.50,1.50
2011.12.23 16:01:48.777,1.22133,1.22159,1.50,1.13
2011.12.23 16:01:48.858,1.22136,1.22158,1.50,1.13
2011.12.23 16:01:49.293,1.22136,1.22158,1.50,1.13
2011.12.23 16:01:49.519,1.22134,1.22154,1.50,1.13
2011.12.23 16:01:50.063,1.22135,1.22158,1.50,1.13
2011.12.23 16:01:50.278,1.22137,1.22158,1.50,1.13
2011.12.23 16:01:50.423,1.22137,1.22158,1.50,1.13
2011.12.23 16:01:50.612,1.22137,1.22158,1.50,1.13
2011.12.23 16:01:51.203,1.22137,1.22158,1.50,1.13
2011.12.23 16:01:52.324,1.22138,1.22166,1.50,1.50
2011.12.23 16:01:52.592,1.22138,1.22166,1.50,1.13
2011.12.23 16:01:53.212,1.22142,1.22168,1.50,1.88
2011.12.23 16:01:53.354,1.22142,1.22168,1.50,1.88
2011.12.23 16:01:53.875,1.22142,1.22168,1.50,1.88
2011.12.23 16:01:54.143,1.22142,1.22162,1.50,1.50
2011.12.23 16:01:54.476,1.22137,1.22161,1.50,1.88
2011.12.23 16:01:54.547,1.22137,1.22161,2.25,1.13
2011.12.23 16:01:54.752,1.22137,1.22163,2.25,1.13
2011.12.23 16:01:56.745,1.22139,1.22162,1.50,1.13
2011.12.23 16:01:56.942,1.22139,1.22162,1.50,1.13
2011.12.23 16:01:57.362,1.2214,1.22162,1.50,1.13
2011.12.23 16:01:57.435,1.2214,1.22164,1.50,2.25
2011.12.23 16:01:57.506,1.2214,1.22165,1.50,1.50
2011.12.23 16:01:57.573,1.22141,1.22167,1.50,1.50
2011.12.23 16:01:57.714,1.22141,1.22163,1.50,1.50
2011.12.23 16:02:02.721,1.22138,1.22164,1.50,1.50
2011.12.23 16:02:03.006,1.22141,1.22168,2.25,2.25
2011.12.23 16:02:03.570,1.22143,1.22168,1.50,1.50
2011.12.23 16:02:03.772,1.22142,1.22168,1.50,1.13
2011.12.23 16:02:03.964,1.22142,1.22168,1.50,1.47
2011.12.23 16:02:04.312,1.22138,1.22164,1.50,1.50
2011.12.23 16:02:04.842,1.22138,1.22164,1.50,1.88
2011.12.23 16:02:05.255,1.22138,1.22164,1.50,1.88
2011.12.23 16:02:05.954,1.2214,1.22164,1.50,1.88
2011.12.23 16:02:06.026,1.22143,1.22165,1.50,1.50
2011.12.23 16:02:06.163,1.22143,1.22167,3.00,1.50
2011.12.23 16:02:06.235,1.22143,1.22168,2.25,1.50
2011.12.23 16:02:06.727,1.22145,1.22171,1.50,1.50
2011.12.23 16:02:12.723,1.22145,1.22169,1.50,1.50
2011.12.23 16:02:13.146,1.22144,1.22166,2.25,2.25
2011.12.23 16:02:13.424,1.22144,1.22166,2.25,2.25
2011.12.23 16:02:13.499,1.22148,1.2217,1.50,1.13
2011.12.23 16:02:13.717,1.22152,1.22176,1.50,1.50
2011.12.23 16:02:13.795,1.22152,1.22178,1.50,1.50
2011.12.23 16:02:13.934,1.22152,1.22178,1.50,2.25
2011.12.23 16:02:14.075,1.22151,1.22178,2.25,2.25
2011.12.23 16:02:14.273,1.22152,1.22178,1.50,1.50
2011.12.23 16:02:15.084,1.22152,1.22178,1.50,2.25
2011.12.23 16:02:15.772,1.22152,1.22179,1.50,1.50
2011.12.23 16:02:16.255,1.22152,1.2218,1.50,1.88
2011.12.23 16:02:17.783,1.22152,1.22179,1.50,1.50
2011.12.23 16:02:18.612,1.22152,1.22178,1.50,2.25
2011.12.23 16:02:18.696,1.22146,1.22174,4.50,1.50
2011.12.23 16:02:19.487,1.22148,1.22175,2.25,1.50
2011.12.23 16:02:19.695,1.22151,1.22179,1.50,2.25
2011.12.23 16:02:19.831,1.22151,1.22179,1.50,2.25
2011.12.23 16:02:21.191,1.22151,1.2218,1.50,1.50
2011.12.23 16:02:21.783,1.22149,1.22163,1.50,1.50
2011.12.23 16:02:21.863,1.22136,1.22163,3.00,1.50
2011.12.23 16:02:21.933,1.22133,1.22161,2.25,1.50
2011.12.23 16:02:22.001,1.22137,1.22163,1.50,2.25
2011.12.23 16:02:22.503,1.22137,1.22163,1.50,3.00
2011.12.23 16:02:22.978,1.22131,1.22153,3.00,1.50
2011.12.23 16:02:23.264,1.22123,1.22149,1.50,1.50
2011.12.23 16:02:23.473,1.22121,1.22147,2.25,1.50
2011.12.23 16:02:23.546,1.22117,1.22147,1.50,3.00
2011.12.23 16:02:23.684,1.22117,1.22143,1.50,3.00
2011.12.23 16:02:23.955,1.22112,1.22141,1.50,1.50
2011.12.23 16:02:24.500,1.22109,1.22127,1.50,1.09
2011.12.23 16:02:24.715,1.22091,1.22117,1.50,2.25
2011.12.23 16:02:24.785,1.22091,1.22117,1.50,1.50
2011.12.23 16:02:25.074,1.22091,1.22117,1.50,1.88
2011.12.23 16:02:25.151,1.22087,1.22111,1.50,1.50
2011.12.23 16:02:25.293,1.22087,1.22111,1.50,1.50
2011.12.23 16:02:25.432,1.22087,1.22111,1.50,1.50
2011.12.23 16:02:25.774,1.22087,1.22109,1.50,1.50
2011.12.23 16:02:25.858,1.22081,1.22106,1.50,2.25
2011.12.23 16:02:26.074,1.22079,1.22105,1.50,1.50
2011.12.23 16:02:26.356,1.22079,1.22105,1.50,1.50
2011.12.23 16:02:26.948,1.22072,1.22099,3.68,2.25
2011.12.23 16:02:27.256,1.22068,1.22094,1.50,1.50
2011.12.23 16:02:27.784,1.22067,1.22093,3.75,2.25
2011.12.23 16:02:28.322,1.22067,1.22094,3.75,1.50
2011.12.23 16:02:28.478,1.22067,1.22094,2.25,1.50
2011.12.23 16:02:28.556,1.22067,1.22093,2.25,1.88
2011.12.23 16:02:28.835,1.22058,1.22085,1.50,1.50
2011.12.23 16:02:28.975,1.22056,1.22084,1.50,2.25
2011.12.23 16:02:29.115,1.22056,1.22084,1.50,2.63
2011.12.23 16:02:29.767,1.22054,1.22084,1.50,2.25
2011.12.23 16:02:30.102,1.22056,1.22083,2.25,1.50
2011.12.23 16:02:30.703,1.22058,1.22083,1.50,1.50
2011.12.23 16:02:30.777,1.22058,1.22084,1.50,1.50
2011.12.23 16:02:31.275,1.22061,1.22086,2.25,1.13
2011.12.23 16:02:31.352,1.2206,1.22089,1.50,1.13
2011.12.23 16:02:31.621,1.22058,1.22089,2.25,1.13
2011.12.23 16:02:31.966,1.22066,1.2209,1.50,1.13
2011.12.23 16:02:32.034,1.22067,1.22092,1.50,2.25
2011.12.23 16:02:32.547,1.22067,1.22092,2.25,1.50
2011.12.23 16:02:32.642,1.22067,1.22097,1.50,1.88
2011.12.23 16:02:33.192,1.22065,1.22096,2.25,1.50
2011.12.23 16:02:33.384,1.22062,1.22093,2.25,1.50
2011.12.23 16:02:33.524,1.22062,1.22088,2.25,1.50
2011.12.23 16:02:33.594,1.22061,1.22088,2.25,1.50
2011.12.23 16:02:34.156,1.22057,1.22089,2.25,1.50
2011.12.23 16:02:34.879,1.22057,1.22089,2.25,1.50
2011.12.23 16:02:35.199,1.22067,1.22088,1.50,1.88
2011.12.23 16:02:35.275,1.22061,1.22088,3.00,1.88
2011.12.23 16:02:35.345,1.22061,1.22089,1.50,1.13
2011.12.23 16:02:35.543,1.2206,1.22088,1.50,1.13
2011.12.23 16:02:35.857,1.22057,1.22086,2.25,1.13
2011.12.23 16:02:36.194,1.22057,1.22086,2.25,1.13
2011.12.23 16:02:36.594,1.22059,1.22084,2.25,1.13
2011.12.23 16:02:36.934,1.22059,1.22084,2.25,1.13
2011.12.23 16:02:38.116,1.22066,1.22089,2.25,1.13
2011.12.23 16:02:38.396,1.22079,1.22107,2.25,1.88
2011.12.23 16:02:38.465,1.22084,1.22104,1.50,1.50
2011.12.23 16:02:38.803,1.22083,1.22111,1.50,2.25
2011.12.23 16:02:39.276,1.22083,1.22113,3.00,1.13
2011.12.23 16:02:41.743,1.22086,1.22114,1.50,1.88
2011.12.23 16:02:42.086,1.22092,1.22118,1.50,2.63
2011.12.23 16:02:42.153,1.22091,1.22121,2.25,1.13
2011.12.23 16:02:42.222,1.22091,1.22121,2.25,1.13
2011.12.23 16:02:42.358,1.22093,1.22123,2.25,1.88
2011.12.23 16:02:42.891,1.22093,1.22123,2.25,1.88
2011.12.23 16:02:43.253,1.22095,1.22123,2.25,1.13
2011.12.23 16:02:43.812,1.22095,1.22123,2.25,1.13
2011.12.23 16:02:44.895,1.22093,1.22118,2.25,1.50
2011.12.23 16:02:45.245,1.22073,1.22096,2.36,1.50
2011.12.23 16:02:45.313,1.22073,1.22096,2.25,1.50
2011.12.23 16:02:45.585,1.22071,1.22097,1.50,1.50
2011.12.23 16:02:45.654,1.2207,1.22096,2.25,2.25
2011.12.23 16:02:45.865,1.22067,1.22093,1.50,1.13
2011.12.23 16:02:46.148,1.22065,1.22089,2.25,1.50
2011.12.23 16:02:46.503,1.22061,1.2209,1.50,1.50
2011.12.23 16:02:47.307,1.22061,1.22089,1.50,1.88
2011.12.23 16:02:47.666,1.22047,1.22075,1.50,1.50
2011.12.23 16:02:48.062,1.22047,1.22077,3.00,1.50
2011.12.23 16:02:48.775,1.22051,1.22079,1.50,2.63
2011.12.23 16:02:49.334,1.22047,1.22079,1.50,2.25
2011.12.23 16:02:50.060,1.22052,1.22078,1.50,2.25
2011.12.23 16:02:50.272,1.22052,1.22078,1.50,1.50
2011.12.23 16:02:50.802,1.22052,1.22078,1.50,1.50
2011.12.23 16:02:51.153,1.22048,1.22079,2.25,1.50
2011.12.23 16:02:51.294,1.22048,1.22074,2.25,1.50
2011.12.23 16:02:51.794,1.22051,1.22078,1.50,1.50
2011.12.23 16:02:51.934,1.22048,1.22078,2.25,3.00
2011.12.23 16:02:52.263,1.22046,1.22074,1.50,1.50
2011.12.23 16:02:52.805,1.22051,1.22075,2.25,1.50
2011.12.23 16:02:53.424,1.22051,1.22076,1.50,1.50
2011.12.23 16:02:53.508,1.22056,1.22077,3.00,1.50
2011.12.23 16:02:53.586,1.22056,1.22076,2.25,2.87
2011.12.23 16:02:53.935,1.22059,1.22076,2.25,1.37
2011.12.23 16:02:54.213,1.22059,1.22086,2.25,1.88
2011.12.23 16:02:54.355,1.22057,1.22083,1.50,1.50
2011.12.23 16:02:54.682,1.22057,1.22083,1.50,1.50
2011.12.23 16:02:54.894,1.22052,1.22077,2.36,1.50
2011.12.23 16:02:56.465,1.22056,1.22079,1.50,1.13
2011.12.23 16:02:56.534,1.22056,1.22082,1.50,3.68
2011.12.23 16:02:56.604,1.22056,1.22082,1.50,2.93
2011.12.23 16:02:56.672,1.22056,1.22082,3.00,1.55
2011.12.23 16:02:57.019,1.22064,1.22087,3.00,1.21
2011.12.23 16:02:57.226,1.22068,1.22094,1.50,1.50
2011.12.23 16:02:57.296,1.22067,1.22095,2.25,1.50
2011.12.23 16:02:57.646,1.22082,1.22101,1.50,1.50
2011.12.23 16:02:57.720,1.22079,1.22109,1.50,4.50
2011.12.23 16:02:57.866,1.22079,1.22109,1.50,2.25
2011.12.23 16:02:58.142,1.22079,1.22109,1.50,2.25
2011.12.23 16:02:59.018,1.22079,1.22109,1.50,3.75
2011.12.23 16:02:59.504,1.22084,1.22104,1.50,1.50
2011.12.23 16:03:00.665,1.22082,1.22107,2.25,1.50
2011.12.23 16:03:00.735,1.22082,1.22107,2.25,1.50
2011.12.23 16:03:00.933,1.22077,1.22105,3.00,2.25
2011.12.23 16:03:01.470,1.22075,1.22105,2.25,3.00
2011.12.23 16:03:01.544,1.22075,1.22102,2.25,1.50
2011.12.23 16:03:01.757,1.22075,1.22102,1.50,1.50
2011.12.23 16:03:02.580,1.22075,1.221,1.50,1.50
2011.12.23 16:03:04.552,1.22075,1.22103,2.25,1.88
2011.12.23 16:03:05.427,1.22075,1.22103,2.25,1.13
2011.12.23 16:03:06.792,1.22075,1.22103,1.50,1.13
2011.12.23 16:03:07.345,1.22072,1.22103,2.25,1.13
2011.12.23 16:03:07.414,1.22072,1.22103,2.25,1.13
2011.12.23 16:03:08.113,1.2207,1.22102,2.25,3.00
2011.12.23 16:03:09.063,1.22071,1.22095,2.25,1.50
2011.12.23 16:03:09.204,1.22065,1.22093,2.25,1.50
2011.12.23 16:03:09.895,1.22065,1.22098,2.25,2.25
2011.12.23 16:03:11.255,1.22065,1.22095,2.25,1.50
2011.12.23 16:03:12.704,1.22064,1.22093,1.50,1.50
2011.12.23 16:03:12.848,1.22063,1.2209,2.25,1.50
2011.12.23 16:03:12.996,1.22064,1.22094,1.50,2.25
2011.12.23 16:03:13.346,1.22063,1.2209,2.25,1.50
2011.12.23 16:03:13.762,1.22063,1.22092,2.25,1.50
2011.12.23 16:03:14.967,1.22062,1.22093,3.00,1.50
2011.12.23 16:03:16.122,1.22062,1.2209,3.00,1.50
2011.12.23 16:03:26.080,1.22063,1.22092,2.25,1.50
2011.12.23 16:03:26.703,1.22071,1.22099,1.50,1.13
2011.12.23 16:03:27.585,1.22071,1.221,1.50,1.88
2011.12.23 16:03:28.665,1.22077,1.22103,1.50,1.88
2011.12.23 16:03:29.254,1.22077,1.22101,1.50,1.50
2011.12.23 16:03:29.597,1.22077,1.22101,1.50,1.50
2011.12.23 16:03:30.074,1.22084,1.22105,1.50,1.13
2011.12.23 16:03:30.825,1.22084,1.22107,1.50,1.13
2011.12.23 16:03:34.451,1.22084,1.22107,1.50,1.50
2011.12.23 16:03:38.547,1.22084,1.22107,1.50,2.25
2011.12.23 16:03:38.615,1.22084,1.22108,1.50,2.25
2011.12.23 16:03:38.755,1.22088,1.22109,1.50,2.63
2011.12.23 16:03:39.027,1.22091,1.22116,1.50,1.50
2011.12.23 16:03:39.166,1.22091,1.22117,2.25,1.50
2011.12.23 16:03:39.239,1.22092,1.22118,1.50,1.50
2011.12.23 16:03:39.457,1.22092,1.22116,1.50,1.50
2011.12.23 16:03:39.822,1.22088,1.22111,1.50,1.50
2011.12.23 16:03:39.893,1.22087,1.22111,3.00,1.50
2011.12.23 16:03:41.697,1.22083,1.22111,1.50,3.75
2011.12.23 16:03:41.905,1.22083,1.22104,1.50,1.50
2011.12.23 16:03:42.247,1.22081,1.22104,1.50,1.50
2011.12.23 16:03:42.763,1.22082,1.22107,1.50,1.50
2011.12.23 16:03:43.784,1.22082,1.22108,1.50,2.25
2011.12.23 16:03:44.322,1.22083,1.22108,1.50,1.50
2011.12.23 16:03:44.467,1.22084,1.2211,1.50,1.50
2011.12.23 16:03:44.963,1.22087,1.2211,1.50,1.50
2011.12.23 16:03:45.538,1.22087,1.22111,1.50,2.25
2011.12.23 16:03:48.242,1.22088,1.22111,1.50,2.25
2011.12.23 16:03:48.317,1.22088,1.22111,1.50,2.25
2011.12.23 16:03:49.784,1.2209,1.22114,1.50,1.13
2011.12.23 16:03:50.313,1.2209,1.22115,1.50,1.50
2011.12.23 16:03:50.382,1.22091,1.22116,1.50,1.50
2011.12.23 16:03:53.365,1.22093,1.22119,1.50,1.50
2011.12.23 16:03:53.743,1.22093,1.22119,1.50,1.50
2011.12.23 16:03:55.154,1.22089,1.22117,1.50,1.50
2011.12.23 16:03:55.222,1.22091,1.22119,1.50,1.50
2011.12.23 16:03:55.497,1.22088,1.22117,3.00,1.50
2011.12.23 16:03:55.853,1.22088,1.22119,1.50,1.50
2011.12.23 16:03:56.404,1.22092,1.22119,1.50,1.50
2011.12.23 16:03:56.883,1.22095,1.22124,2.25,1.13
2011.12.23 16:03:57.465,1.22093,1.22124,3.00,1.13
2011.12.23 16:03:58.374,1.22093,1.22123,3.00,1.13
2011.12.23 16:03:58.712,1.22093,1.22122,2.25,1.13
2011.12.23 16:03:59.593,1.22093,1.22124,2.25,3.38
2011.12.23 16:03:59.662,1.22093,1.22122,2.25,1.13
2011.12.23 16:04:00.493,1.22093,1.22123,2.25,1.50
2011.12.23 16:04:01.601,1.22091,1.22123,3.00,3.00
2011.12.23 16:04:01.716,1.22091,1.22123,3.00,3.00
2011.12.23 16:04:01.925,1.22091,1.22123,3.00,3.00
2011.12.23 16:04:02.095,1.22091,1.22123,3.00,3.00
2011.12.23 16:04:04.717,1.22091,1.22118,2.25,1.50
2011.12.23 16:04:05.068,1.22092,1.22123,1.50,3.75
2011.12.23 16:04:05.146,1.22092,1.22121,1.50,1.50
2011.12.23 16:04:05.425,1.22092,1.2212,1.50,2.25
2011.12.23 16:04:05.637,1.2209,1.22114,1.50,1.50
2011.12.23 16:04:09.043,1.22085,1.22114,1.50,3.75
2011.12.23 16:04:10.027,1.22088,1.22114,1.50,2.25
2011.12.23 16:04:10.693,1.22088,1.22114,1.50,2.25
2011.12.23 16:04:11.382,1.22088,1.22114,1.50,2.25
2011.12.23 16:04:12.072,1.22088,1.22114,1.50,2.25
2011.12.23 16:04:12.405,1.22095,1.22114,1.50,1.50
2011.12.23 16:04:13.018,1.22101,1.22129,1.50,3.00
2011.12.23 16:04:13.170,1.22101,1.22129,1.50,2.25
2011.12.23 16:04:13.733,1.22106,1.22131,1.50,2.25
2011.12.23 16:04:14.382,1.22107,1.22131,1.50,1.50
2011.12.23 16:04:19.049,1.22102,1.22131,2.25,2.25
2011.12.23 16:04:19.756,1.22107,1.22133,1.50,3.00
2011.12.23 16:04:19.836,1.221,1.22125,1.50,1.50
2011.12.23 16:04:20.255,1.221,1.22125,1.50,1.50
2011.12.23 16:04:34.402,1.22113,1.22133,2.25,2.25
2011.12.23 16:04:34.480,1.22113,1.22133,1.50,1.50
2011.12.23 16:04:34.558,1.22112,1.22135,2.25,1.50
2011.12.23 16:04:35.436,1.22107,1.22136,2.25,1.50
2011.12.23 16:04:35.988,1.22107,1.22134,2.25,1.50
2011.12.23 16:04:36.297,1.22106,1.22129,2.25,1.13
2011.12.23 16:04:36.424,1.22106,1.22129,2.25,1.50
2011.12.23 16:04:36.495,1.22101,1.22125,2.36,1.50
2011.12.23 16:04:36.635,1.22098,1.22121,2.66,1.50
2011.12.23 16:04:36.705,1.22098,1.22118,1.13,1.50
2011.12.23 16:04:37.233,1.22088,1.22111,1.50,1.50
2011.12.23 16:04:37.553,1.22087,1.22111,1.50,1.50
2011.12.23 16:04:37.954,1.22084,1.22108,1.50,1.50
2011.12.23 16:04:38.154,1.22084,1.22108,1.50,1.50
2011.12.23 16:04:38.223,1.22082,1.22106,1.50,2.25
2011.12.23 16:04:38.615,1.22078,1.22104,1.50,1.50
2011.12.23 16:04:38.873,1.22078,1.22104,1.50,1.50
2011.12.23 16:04:39.262,1.22078,1.22104,1.50,1.50
2011.12.23 16:04:41.566,1.2208,1.22104,1.50,1.50
2011.12.23 16:04:41.710,1.22081,1.22107,1.50,1.50
2011.12.23 16:04:41.918,1.22086,1.22108,1.50,1.50
2011.12.23 16:04:41.993,1.22087,1.22108,1.50,1.50
2011.12.23 16:04:42.138,1.22087,1.2211,1.50,1.88
2011.12.23 16:04:42.497,1.22089,1.22113,1.50,1.13
2011.12.23 16:04:42.575,1.22091,1.22116,1.50,1.13
2011.12.23 16:04:42.790,1.22091,1.22116,1.50,1.13
2011.12.23 16:04:43.786,1.22091,1.22117,1.50,1.13
2011.12.23 16:04:46.744,1.22091,1.22117,1.50,1.13
2011.12.23 16:04:46.872,1.2209,1.22117,1.50,1.13
2011.12.23 16:04:56.969,1.2209,1.22114,1.50,2.25
2011.12.23 16:04:57.116,1.22087,1.22113,1.50,3.75
2011.12.23 16:04:57.260,1.22082,1.22113,1.50,4.13
2011.12.23 16:05:01.817,1.22082,1.22108,1.50,1.50
2011.12.23 16:05:03.533,1.22082,1.22108,1.50,1.50
2011.12.23 16:05:03.903,1.22078,1.22103,2.25,1.50
2011.12.23 16:05:04.460,1.22077,1.22103,2.25,1.50
2011.12.23 16:05:04.992,1.22077,1.22102,1.50,2.25
2011.12.23 16:05:06.284,1.22077,1.22102,1.50,1.50
2011.12.23 16:05:07.634,1.22077,1.22102,2.25,1.50
2011.12.23 16:05:12.756,1.22078,1.22104,1.50,1.50
2011.12.23 16:05:29.821,1.22077,1.22103,1.50,1.50
2011.12.23 16:05:30.511,1.22073,1.221,1.50,1.50
2011.12.23 16:05:30.843,1.22071,1.22096,1.50,1.50
2011.12.23 16:05:51.393,1.2207,1.22096,1.50,1.50
2011.12.23 16:05:53.262,1.22071,1.22096,1.50,1.50
2011.12.23 16:05:54.491,1.22071,1.22099,1.50,2.25
2011.12.23 16:05:54.623,1.22071,1.22099,2.25,2.25
2011.12.23 16:05:55.014,1.22074,1.22099,1.50,1.50
2011.12.23 16:05:55.543,1.22074,1.22099,1.50,1.50
2011.12.23 16:05:57.908,1.22079,1.22099,1.50,1.50
2011.12.23 16:05:58.359,1.22079,1.22104,1.50,2.25
2011.12.23 16:06:00.553,1.22082,1.22107,2.25,1.50
2011.12.23 16:06:02.675,1.22083,1.22107,1.50,1.50
2011.12.23 16:06:03.003,1.2209,1.22113,2.25,3.75
2011.12.23 16:06:15.063,1.22092,1.22114,1.50,1.50
2011.12.23 16:06:15.571,1.22092,1.22114,1.50,1.50
2011.12.23 16:06:27.402,1.2209,1.22113,1.50,1.50
2011.12.23 16:06:35.377,1.22093,1.22114,1.50,1.50
2011.12.23 16:06:35.525,1.22091,1.22114,1.50,1.50
2011.12.23 16:06:37.426,1.22091,1.22114,1.50,1.50
2011.12.23 16:06:43.377,1.22093,1.22114,1.50,1.50
2011.12.23 16:06:47.885,1.22094,1.22114,1.50,1.50
2011.12.23 16:06:48.761,1.22093,1.22114,1.50,1.50
2011.12.23 16:06:57.126,1.22092,1.22114,1.50,1.50
2011.12.23 16:06:57.663,1.22092,1.22115,1.50,1.50
2011.12.23 16:06:58.355,1.22092,1.22116,1.50,1.50
2011.12.23 16:07:00.632,1.22092,1.22116,1.50,1.50
2011.12.23 16:07:01.282,1.22092,1.22114,1.50,1.50
2011.12.23 16:07:02.159,1.22092,1.22115,1.50,1.50
2011.12.23 16:07:05.314,1.22092,1.22115,1.50,1.50
2011.12.23 16:07:06.811,1.22092,1.22114,1.50,1.50
2011.12.23 16:07:09.282,1.22092,1.22115,1.50,1.50
2011.12.23 16:07:11.720,1.22093,1.22117,1.50,1.50
2011.12.23 16:07:11.793,1.22093,1.22117,1.50,1.50
2011.12.23 16:07:12.064,1.22092,1.22115,1.50,1.50
2011.12.23 16:07:26.814,1.22092,1.22115,1.50,1.50
2011.12.23 16:07:30.013,1.22092,1.22115,1.50,1.50
2011.12.23 16:07:30.342,1.22092,1.22114,1.50,1.50
2011.12.23 16:07:33.675,1.22093,1.22114,1.50,1.50
2011.12.23 16:07:33.742,1.22096,1.2212,1.50,2.63
2011.12.23 16:07:34.274,1.22102,1.22128,1.50,2.25
2011.12.23 16:07:34.556,1.22102,1.22128,1.50,2.25
2011.12.23 16:07:36.264,1.22102,1.22126,1.50,1.50
2011.12.23 16:07:36.824,1.22102,1.22125,1.50,1.50
2011.12.23 16:07:37.520,1.22102,1.22124,1.50,1.50
2011.12.23 16:07:40.962,1.22102,1.22127,1.50,1.50
2011.12.23 16:07:41.153,1.22102,1.22128,1.50,3.00
2011.12.23 16:07:41.425,1.22102,1.22129,1.50,3.75
2011.12.23 16:07:42.159,1.22102,1.22128,1.50,3.00
2011.12.23 16:07:42.516,1.22104,1.22128,3.00,1.50
2011.12.23 16:07:42.655,1.22112,1.22135,1.50,1.50
2011.12.23 16:07:43.205,1.22112,1.22137,1.50,1.88
2011.12.23 16:07:44.157,1.22112,1.22137,1.50,1.13
2011.12.23 16:07:44.964,1.22112,1.22137,1.50,1.13
2011.12.23 16:07:45.165,1.22112,1.22137,1.50,1.13
2011.12.23 16:07:46.174,1.22112,1.22137,1.50,1.88
2011.12.23 16:07:49.347,1.22107,1.22134,2.25,1.50
2011.12.23 16:07:49.417,1.22107,1.22131,2.25,1.50
2011.12.23 16:07:49.485,1.22107,1.2213,2.25,1.50
2011.12.23 16:07:49.554,1.22107,1.2213,2.25,2.25
2011.12.23 16:07:49.762,1.22102,1.22127,2.25,3.00
2011.12.23 16:07:50.405,1.22101,1.22126,1.50,1.50
2011.12.23 16:07:54.565,1.22101,1.22127,1.50,1.13
2011.12.23 16:08:01.167,1.22101,1.22128,1.50,1.50
2011.12.23 16:08:02.537,1.22103,1.22129,1.35,3.00
2011.12.23 16:08:05.537,1.22103,1.22128,1.35,1.50
2011.12.23 16:08:05.944,1.22104,1.22127,1.35,1.50
2011.12.23 16:08:07.495,1.22104,1.22127,1.35,1.50
2011.12.23 16:08:07.571,1.22104,1.22128,1.35,1.50
2011.12.23 16:08:07.785,1.22107,1.2213,1.50,2.25
2011.12.23 16:08:08.481,1.22104,1.22128,1.35,1.50
2011.12.23 16:08:09.153,1.22106,1.2213,1.50,2.25
2011.12.23 16:08:11.114,1.22106,1.22131,1.50,2.25
2011.12.23 16:08:11.444,1.22104,1.22129,1.35,1.50
2011.12.23 16:08:12.124,1.22104,1.22129,1.35,1.50
2011.12.23 16:08:13.498,1.22104,1.22128,1.35,1.50
2011.12.23 16:08:13.833,1.22104,1.22126,1.35,1.50
2011.12.23 16:08:13.962,1.22104,1.22127,1.35,1.50
2011.12.23 16:08:14.517,1.22104,1.22128,1.35,2.25
2011.12.23 16:08:15.028,1.22104,1.22127,1.35,1.50
2011.12.23 16:08:15.571,1.22104,1.22125,1.35,1.50
2011.12.23 16:08:16.120,1.22104,1.22126,1.35,1.50
2011.12.23 16:08:16.196,1.22104,1.22126,1.35,1.50
2011.12.23 16:08:16.550,1.22104,1.22126,1.35,1.50
2011.12.23 16:08:16.758,1.22107,1.22127,1.50,1.50
2011.12.23 16:08:16.983,1.22103,1.22127,1.35,1.50
2011.12.23 16:08:17.580,1.22104,1.22127,1.35,1.50
2011.12.23 16:08:18.155,1.22103,1.22127,1.35,2.25
2011.12.23 16:08:20.372,1.22103,1.22125,1.35,1.50
2011.12.23 16:08:21.522,1.22103,1.22125,1.35,1.50
2011.12.23 16:08:21.774,1.22103,1.22125,1.35,1.50
2011.12.23 16:08:22.455,1.22103,1.22124,1.35,1.50
2011.12.23 16:08:24.607,1.22106,1.22124,1.50,1.50
2011.12.23 16:08:24.819,1.22106,1.22133,1.50,1.50
2011.12.23 16:08:24.967,1.22111,1.22136,1.50,2.25
2011.12.23 16:08:25.561,1.22111,1.22135,1.50,2.25
2011.12.23 16:08:29.483,1.22107,1.22134,1.50,2.25
2011.12.23 16:08:30.908,1.22111,1.22135,1.50,2.25
2011.12.23 16:08:31.055,1.22112,1.22135,1.50,2.25
2011.12.23 16:08:31.268,1.22111,1.22134,1.50,1.50
2011.12.23 16:08:31.336,1.22111,1.22134,1.50,1.50
2011.12.23 16:08:31.605,1.22111,1.22134,1.50,2.25
2011.12.23 16:08:33.014,1.22111,1.22134,1.50,1.50
2011.12.23 16:08:34.527,1.22111,1.22135,1.50,2.25
2011.12.23 16:08:35.773,1.2211,1.22134,1.50,1.50
2011.12.23 16:08:37.106,1.22111,1.22135,1.50,1.50
2011.12.23 16:08:37.714,1.22113,1.22135,1.50,1.50
2011.12.23 16:08:37.845,1.22113,1.22138,1.50,2.63
2011.12.23 16:08:38.472,1.22111,1.22136,1.50,1.50
2011.12.23 16:08:38.616,1.22113,1.22136,1.50,1.50
2011.12.23 16:08:38.825,1.22113,1.22138,2.93,1.50
2011.12.23 16:08:38.893,1.22113,1.22138,2.93,1.50
2011.12.23 16:08:39.237,1.22116,1.2214,1.50,2.25
2011.12.23 16:08:39.642,1.22116,1.2214,1.50,1.50
2011.12.23 16:08:40.283,1.22116,1.22139,1.50,1.50
2011.12.23 16:08:40.822,1.22113,1.22137,2.18,2.25
2011.12.23 16:08:40.902,1.22111,1.22133,1.50,2.25
2011.12.23 16:08:41.046,1.22107,1.22133,2.25,2.25
2011.12.23 16:08:41.185,1.22105,1.22132,2.25,2.25
2011.12.23 16:08:41.732,1.22108,1.22132,1.50,3.00
2011.12.23 16:08:44.273,1.22108,1.22132,1.50,1.50
2011.12.23 16:08:44.869,1.22108,1.22132,3.75,2.25
2011.12.23 16:08:45.218,1.22111,1.22135,1.50,1.50
2011.12.23 16:08:45.297,1.22111,1.22136,1.50,1.50
2011.12.23 16:08:45.577,1.22114,1.22141,1.50,1.50
2011.12.23 16:08:46.114,1.22116,1.22141,1.50,1.50
2011.12.23 16:08:47.000,1.22116,1.22143,2.25,2.25
2011.12.23 16:08:47.084,1.22122,1.22148,2.25,2.25
2011.12.23 16:08:47.298,1.22122,1.22148,1.50,1.50
2011.12.23 16:08:47.635,1.22121,1.22147,1.50,1.50
2011.12.23 16:08:49.507,1.22117,1.22144,1.50,2.25
2011.12.23 16:08:49.783,1.22116,1.22143,3.00,1.50
2011.12.23 16:08:51.506,1.22116,1.22142,2.25,1.50
2011.12.23 16:08:53.043,1.22117,1.22143,1.50,2.25
2011.12.23 16:08:56.901,1.22117,1.22143,1.50,1.50
2011.12.23 16:08:59.865,1.22118,1.22144,1.50,1.50
2011.12.23 16:09:00.782,1.22118,1.22143,1.50,1.50
2011.12.23 16:09:01.641,1.22118,1.22143,1.50,1.50
2011.12.23 16:09:02.044,1.22118,1.22143,1.50,1.50
2011.12.23 16:09:11.266,1.22117,1.22143,1.50,1.50
2011.12.23 16:09:12.392,1.22117,1.22143,1.50,1.50
2011.12.23 16:09:28.352,1.22116,1.22143,1.50,1.50
2011.12.23 16:09:30.844,1.22117,1.22143,1.50,1.50
2011.12.23 16:09:31.362,1.22117,1.22143,1.50,1.50
2011.12.23 16:09:39.796,1.22117,1.22143,1.50,1.50
2011.12.23 16:09:40.072,1.22114,1.22138,1.50,1.50
2011.12.23 16:09:48.203,1.22114,1.22138,1.50,1.50
2011.12.23 16:09:51.821,1.22115,1.22141,1.50,1.50
2011.12.23 16:09:52.013,1.22116,1.22143,1.50,2.25
2011.12.23 16:09:52.206,1.22117,1.22143,1.50,1.50
2011.12.23 16:09:56.612,1.22117,1.22143,1.50,1.50
2011.12.23 16:09:56.983,1.22114,1.2214,2.25,1.50
2011.12.23 16:09:57.184,1.22114,1.22139,1.50,1.50
2011.12.23 16:09:57.255,1.22114,1.22139,1.50,1.50
2011.12.23 16:09:57.533,1.22114,1.22139,1.50,1.50
2011.12.23 16:09:57.746,1.22114,1.2214,1.50,1.50
2011.12.23 16:09:58.325,1.22112,1.2214,1.50,1.50
2011.12.23 16:10:00.446,1.22111,1.2214,1.50,1.50
2011.12.23 16:10:00.655,1.22112,1.2214,1.50,1.50
2011.12.23 16:10:04.991,1.22112,1.22138,1.50,1.50
2011.12.23 16:10:07.214,1.22111,1.22133,1.50,1.50
2011.12.23 16:10:18.640,1.22111,1.2213,1.50,1.50
2011.12.23 16:10:19.142,1.22107,1.2213,3.00,1.50
2011.12.23 16:10:19.408,1.22107,1.2213,3.00,1.50
2011.12.23 16:10:19.486,1.22107,1.22133,3.00,2.25
2011.12.23 16:10:19.684,1.22101,1.22128,2.25,1.50
2011.12.23 16:10:19.823,1.22101,1.22126,2.25,1.50
2011.12.23 16:10:20.273,1.221,1.22125,1.50,1.50
2011.12.23 16:10:21.994,1.221,1.22123,1.50,1.50
2011.12.23 16:10:22.065,1.22097,1.2212,1.50,1.50
2011.12.23 16:10:23.452,1.22098,1.22122,1.50,1.50
2011.12.23 16:10:23.974,1.221,1.22125,2.25,1.50
2011.12.23 16:10:24.173,1.221,1.22127,4.43,1.50
2011.12.23 16:10:24.243,1.221,1.22128,3.00,1.50
2011.12.23 16:10:24.536,1.221,1.22128,2.25,1.50
2011.12.23 16:10:25.637,1.221,1.22127,1.50,1.50
2011.12.23 16:10:25.987,1.22096,1.22121,1.50,1.50
2011.12.23 16:10:26.055,1.22095,1.2212,1.50,1.50
2011.12.23 16:10:26.563,1.22095,1.2212,1.50,1.50
2011.12.23 16:10:26.887,1.22098,1.22123,1.50,1.13
2011.12.23 16:10:30.882,1.22098,1.22124,1.50,1.88
2011.12.23 16:10:31.373,1.22098,1.22124,1.50,1.88
2011.12.23 16:10:31.810,1.22098,1.22124,1.50,1.88
2011.12.23 16:10:31.959,1.22098,1.22121,1.50,1.50
2011.12.23 16:10:32.034,1.22093,1.22119,2.18,1.50
2011.12.23 16:10:36.927,1.22092,1.22115,1.50,1.13
2011.12.23 16:10:46.006,1.22092,1.22117,1.50,1.50
2011.12.23 16:10:50.413,1.22088,1.22115,2.25,1.50
2011.12.23 16:10:50.812,1.22088,1.22115,2.25,2.25
2011.12.23 16:10:59.058,1.22088,1.22116,1.50,2.63
2011.12.23 16:11:00.922,1.22088,1.22114,1.50,1.50
2011.12.23 16:11:03.783,1.22086,1.22113,1.50,1.13
2011.12.23 16:11:03.855,1.22086,1.22112,1.50,1.50
2011.12.23 16:11:06.070,1.22087,1.22114,1.50,3.38
2011.12.23 16:11:14.216,1.22087,1.22114,2.18,1.88
2011.12.23 16:11:14.564,1.22088,1.22113,2.25,1.50
2011.12.23 16:11:15.074,1.22087,1.22113,2.93,2.25
2011.12.23 16:11:15.215,1.22087,1.22111,2.25,1.50
2011.12.23 16:11:17.526,1.22087,1.22112,1.50,2.25
2011.12.23 16:11:21.262,1.22087,1.22112,2.25,2.25
2011.12.23 16:11:22.080,1.22091,1.22114,1.50,1.13
2011.12.23 16:11:22.158,1.22092,1.22119,3.00,1.50
2011.12.23 16:11:22.224,1.22092,1.22119,3.75,1.50
2011.12.23 16:11:24.496,1.22094,1.22122,2.25,1.50
2011.12.23 16:11:24.637,1.22094,1.22118,2.25,1.50
2011.12.23 16:11:30.313,1.22094,1.22118,1.50,1.50
2011.12.23 16:11:30.833,1.22098,1.22129,3.75,3.75
2011.12.23 16:11:31.033,1.22101,1.22129,3.00,2.25
2011.12.23 16:11:34.054,1.22101,1.22129,3.00,1.50
2011.12.23 16:11:35.373,1.22101,1.22127,3.00,1.50
2011.12.23 16:11:35.715,1.22097,1.22123,3.00,1.50
2011.12.23 16:11:37.005,1.22097,1.22123,2.25,1.50
2011.12.23 16:11:42.799,1.22095,1.22119,2.25,1.50
2011.12.23 16:11:42.879,1.22095,1.22119,2.25,1.50
2011.12.23 16:11:43.084,1.22091,1.22116,2.25,1.50
2011.12.23 16:11:43.545,1.22093,1.22119,1.50,1.50
2011.12.23 16:11:44.016,1.22091,1.22118,2.25,1.50
2011.12.23 16:11:44.684,1.22091,1.22117,2.25,1.50
2011.12.23 16:11:45.785,1.22091,1.22115,2.25,1.50
2011.12.23 16:11:46.337,1.22091,1.22113,1.50,1.50
2011.12.23 16:11:46.904,1.22091,1.22114,2.25,1.50
2011.12.23 16:11:47.373,1.22091,1.22119,3.00,1.50
2011.12.23 16:11:47.854,1.22091,1.22116,2.25,1.50
2011.12.23 16:11:48.423,1.22091,1.22117,2.25,1.50
2011.12.23 16:11:49.121,1.22091,1.22119,2.25,1.50
2011.12.23 16:11:51.438,1.22094,1.22119,1.50,1.50
2011.12.23 16:11:51.623,1.22092,1.22117,1.50,1.50
2011.12.23 16:11:51.872,1.22093,1.22117,1.50,1.50
2011.12.23 16:11:52.064,1.22091,1.22117,3.00,1.50
2011.12.23 16:11:52.843,1.22093,1.22115,1.50,1.50
2011.12.23 16:11:53.382,1.22091,1.22117,2.25,1.50
2011.12.23 16:11:53.633,1.22091,1.22115,2.25,1.50
2011.12.23 16:11:53.960,1.22089,1.22113,1.50,1.50
2011.12.23 16:11:54.104,1.22088,1.22112,2.25,1.50
2011.12.23 16:11:54.904,1.22088,1.22113,2.25,2.25
2011.12.23 16:11:55.413,1.22088,1.22113,2.25,1.50
2011.12.23 16:11:55.684,1.22088,1.22113,2.25,1.50
2011.12.23 16:11:57.478,1.22088,1.22113,2.25,1.50
2011.12.23 16:12:00.396,1.22088,1.22113,2.25,1.50
2011.12.23 16:12:00.714,1.22088,1.22113,2.25,2.25
2011.12.23 16:12:00.964,1.22088,1.22113,3.00,1.50
2011.12.23 16:12:01.154,1.22088,1.22113,3.00,1.50
2011.12.23 16:12:01.745,1.22092,1.22115,1.50,1.50
2011.12.23 16:12:01.944,1.22093,1.22119,2.25,1.50
2011.12.23 16:12:03.156,1.22093,1.22119,2.25,1.50
2011.12.23 16:12:04.003,1.22093,1.22123,2.25,2.25
2011.12.23 16:12:05.065,1.22093,1.22123,2.25,1.50
2011.12.23 16:12:05.587,1.22093,1.22119,2.25,1.50
2011.12.23 16:12:05.935,1.22093,1.22115,1.50,2.25
2011.12.23 16:12:06.494,1.22091,1.22115,2.25,1.50
2011.12.23 16:12:10.172,1.22092,1.22117,1.50,1.50
2011.12.23 16:12:14.377,1.22092,1.22118,3.75,1.50
2011.12.23 16:12:16.225,1.22092,1.22118,3.75,1.50
2011.12.23 16:12:16.368,1.22092,1.22116,1.50,1.50
2011.12.23 16:12:17.103,1.2209,1.22114,2.25,1.50
2011.12.23 16:12:17.823,1.2209,1.22115,3.00,1.50
2011.12.23 16:12:20.161,1.2209,1.22114,3.00,1.50
2011.12.23 16:12:24.112,1.2209,1.22115,3.00,1.50
2011.12.23 16:12:29.432,1.2209,1.22119,3.75,2.25
2011.12.23 16:12:30.456,1.2209,1.22115,2.25,1.50
2011.12.23 16:12:30.595,1.22088,1.22113,3.00,2.25
2011.12.23 16:12:30.725,1.2209,1.22113,1.50,1.50
2011.12.23 16:12:30.865,1.22091,1.22118,1.50,1.50
2011.12.23 16:12:31.136,1.22091,1.22118,2.25,1.50
2011.12.23 16:12:31.467,1.22091,1.22118,2.25,1.50
2011.12.23 16:12:32.908,1.22091,1.22118,1.50,2.25
2011.12.23 16:12:33.188,1.2209,1.22118,2.25,3.00
2011.12.23 16:12:44.322,1.22089,1.22118,1.50,2.25
2011.12.23 16:12:44.844,1.22092,1.22118,1.50,1.50
2011.12.23 16:13:00.914,1.22092,1.22115,1.50,1.13
2011.12.23 16:13:01.178,1.22086,1.22113,1.50,1.50
2011.12.23 16:13:01.673,1.22083,1.22109,3.00,1.50
2011.12.23 16:13:02.175,1.22083,1.22109,2.25,1.50
2011.12.23 16:13:05.823,1.22083,1.22109,2.25,1.50
2011.12.23 16:13:15.202,1.22083,1.22113,2.25,1.13
2011.12.23 16:13:18.180,1.22085,1.22113,1.50,1.13
2011.12.23 16:13:18.833,1.22097,1.22117,1.50,1.50
2011.12.23 16:13:18.921,1.22097,1.22119,1.50,1.50
2011.12.23 16:13:18.998,1.22091,1.2212,2.25,1.88
2011.12.23 16:13:19.135,1.22091,1.2212,1.50,1.13
2011.12.23 16:13:19.445,1.22089,1.22118,1.50,1.50
2011.12.23 16:13:20.040,1.22087,1.22118,2.25,1.50
2011.12.23 16:13:23.550,1.22088,1.22118,1.50,1.13
2011.12.23 16:13:28.946,1.22088,1.22114,1.50,1.50
2011.12.23 16:13:29.015,1.22086,1.22112,3.00,1.50
2011.12.23 16:13:29.156,1.22086,1.22111,1.50,1.50
2011.12.23 16:13:29.474,1.22085,1.22114,3.00,1.50
2011.12.23 16:13:29.744,1.22088,1.22115,1.50,2.25
2011.12.23 16:13:32.403,1.22088,1.22114,1.50,1.50
2011.12.23 16:13:37.182,1.22088,1.22113,1.50,1.50
2011.12.23 16:13:39.486,1.22083,1.22111,5.25,1.50
2011.12.23 16:13:39.613,1.22086,1.22109,2.25,1.50
2011.12.23 16:13:39.685,1.22087,1.22108,1.50,1.50
2011.12.23 16:13:39.995,1.22087,1.22113,1.50,1.50
2011.12.23 16:13:40.305,1.22085,1.22109,1.50,1.50
2011.12.23 16:13:40.884,1.22087,1.22113,2.25,1.50
2011.12.23 16:13:43.533,1.22086,1.22113,1.50,1.50
2011.12.23 16:13:44.281,1.22084,1.22111,1.50,1.50
2011.12.23 16:13:44.818,1.22086,1.22114,2.25,1.50
2011.12.23 16:13:45.014,1.22086,1.22113,1.50,1.50
2011.12.23 16:13:53.942,1.22088,1.22113,1.50,1.50
2011.12.23 16:13:55.556,1.22086,1.22113,3.00,3.00
2011.12.23 16:13:56.296,1.22086,1.22111,2.25,2.25
2011.12.23 16:13:56.370,1.22086,1.22109,3.75,1.50
2011.12.23 16:13:56.824,1.22086,1.22109,3.00,1.50
2011.12.23 16:13:59.336,1.22084,1.22108,1.50,1.50
2011.12.23 16:14:03.834,1.22083,1.22108,3.00,1.50
2011.12.23 16:14:06.854,1.22084,1.22111,1.50,1.50
2011.12.23 16:14:07.683,1.22084,1.22108,1.50,1.50
2011.12.23 16:14:08.814,1.22082,1.22107,1.50,1.50
2011.12.23 16:14:18.033,1.22079,1.22105,2.25,1.50
2011.12.23 16:14:18.112,1.22079,1.22104,2.25,1.50
2011.12.23 16:14:23.129,1.22077,1.22106,3.00,1.50
2011.12.23 16:14:23.696,1.2208,1.22108,1.50,1.50
2011.12.23 16:14:24.672,1.2208,1.22086,1.50,1.50
2011.12.23 16:14:24.889,1.22076,1.22083,1.43,1.50
2011.12.23 16:14:24.976,1.2206,1.22081,2.18,1.50
2011.12.23 16:14:25.051,1.22058,1.22081,2.25,1.50
2011.12.23 16:14:25.134,1.22058,1.22078,1.50,1.50
2011.12.23 16:14:25.894,1.22058,1.22072,1.50,1.50
2011.12.23 16:14:26.050,1.22044,1.22069,1.50,1.50
2011.12.23 16:14:26.125,1.22044,1.22071,1.50,1.50
2011.12.23 16:14:26.914,1.22043,1.22071,2.18,1.50
2011.12.23 16:14:26.985,1.22043,1.22065,1.43,1.50
2011.12.23 16:14:27.195,1.22037,1.22064,2.25,1.50
2011.12.23 16:14:27.977,1.22034,1.2206,3.68,1.50
2011.12.23 16:14:28.529,1.22031,1.22059,3.00,1.50
2011.12.23 16:14:29.845,1.22031,1.22063,2.25,3.00
2011.12.23 16:14:31.148,1.22038,1.22062,2.25,1.13
2011.12.23 16:14:32.486,1.22038,1.22064,2.25,1.88
2011.12.23 16:14:33.036,1.22038,1.22063,2.25,1.50
2011.12.23 16:14:33.386,1.22036,1.22063,1.50,1.50
2011.12.23 16:14:35.363,1.22036,1.22065,1.50,1.13
2011.12.23 16:14:35.511,1.22042,1.22068,2.25,1.50
2011.12.23 16:14:35.800,1.22042,1.22065,1.50,1.50
2011.12.23 16:14:36.346,1.22037,1.22065,1.50,1.50
2011.12.23 16:14:37.373,1.22037,1.22066,1.50,1.88
2011.12.23 16:14:37.936,1.22037,1.22066,1.50,1.13
2011.12.23 16:14:40.924,1.22045,1.22068,1.50,2.25
2011.12.23 16:14:41.466,1.22045,1.22071,1.50,1.50
2011.12.23 16:14:41.995,1.22044,1.22071,2.25,1.50
2011.12.23 16:14:42.525,1.2204,1.22069,2.25,1.50
2011.12.23 16:14:50.293,1.22038,1.22069,2.25,1.50
2011.12.23 16:14:52.225,1.2204,1.22069,2.25,1.50
2011.12.23 16:14:52.436,1.2204,1.22071,2.25,1.50
2011.12.23 16:14:55.683,1.22041,1.22072,1.50,1.50
2011.12.23 16:14:58.056,1.22041,1.22069,1.50,1.50
2011.12.23 16:14:58.184,1.2204,1.22068,2.25,2.25
2011.12.23 16:14:58.465,1.22042,1.22068,3.00,1.50
2011.12.23 16:15:04.912,1.22047,1.22071,1.50,1.13
2011.12.23 16:15:05.482,1.22047,1.22073,1.50,1.88
2011.12.23 16:15:08.407,1.22044,1.22071,2.25,1.13
2011.12.23 16:15:08.965,1.22042,1.2207,1.50,1.50
2011.12.23 16:15:09.034,1.22042,1.22068,1.50,1.50
2011.12.23 16:15:13.046,1.22038,1.22068,2.25,1.50
2011.12.23 16:15:14.340,1.22042,1.22068,1.50,1.50
2011.12.23 16:15:15.392,1.22042,1.22068,1.50,1.50
2011.12.23 16:15:15.703,1.22044,1.2207,1.50,2.25
2011.12.23 16:15:21.475,1.22047,1.22074,3.00,1.50
2011.12.23 16:15:22.024,1.22052,1.22078,1.50,1.50
2011.12.23 16:15:26.209,1.22044,1.22071,2.36,1.50
2011.12.23 16:15:26.713,1.22044,1.22071,2.25,1.50
2011.12.23 16:15:30.399,1.22044,1.22073,3.00,3.00
2011.12.23 16:15:30.545,1.22044,1.22073,3.00,2.25
2011.12.23 16:15:31.084,1.22044,1.22071,2.25,1.50
2011.12.23 16:15:41.435,1.22048,1.22075,1.50,1.50
2011.12.23 16:15:41.579,1.22051,1.22077,1.50,1.13
2011.12.23 16:15:50.192,1.22052,1.22078,2.25,1.50
2011.12.23 16:15:50.693,1.22052,1.22078,2.25,1.50
2011.12.23 16:15:51.277,1.22052,1.22078,2.25,1.50
2011.12.23 16:15:53.553,1.22052,1.22079,2.25,2.25
2011.12.23 16:15:56.095,1.22052,1.22078,2.25,1.50
2011.12.23 16:15:56.425,1.22052,1.22077,1.50,1.50
2011.12.23 16:15:56.765,1.22052,1.22078,1.50,1.50
2011.12.23 16:15:59.195,1.22052,1.22081,1.50,1.50
2011.12.23 16:16:05.678,1.22057,1.22082,1.50,1.88
2011.12.23 16:16:05.747,1.22057,1.22083,1.50,2.25
2011.12.23 16:16:06.087,1.22065,1.22088,1.50,1.50
2011.12.23 16:16:06.157,1.22065,1.22094,1.50,3.38
2011.12.23 16:16:06.287,1.22066,1.22093,1.50,1.13
2011.12.23 16:16:06.484,1.22066,1.22092,1.50,1.50
2011.12.23 16:16:06.763,1.22066,1.22093,1.50,1.50
2011.12.23 16:16:06.834,1.22066,1.22092,1.50,1.50
2011.12.23 16:16:07.946,1.22066,1.22092,1.50,1.50
2011.12.23 16:16:08.449,1.22066,1.22091,1.50,1.50
2011.12.23 16:16:09.393,1.22066,1.22091,1.50,1.50
2011.12.23 16:16:11.266,1.22066,1.22093,1.50,1.50
2011.12.23 16:16:11.801,1.22066,1.22094,1.50,1.88
2011.12.23 16:16:14.836,1.22066,1.22094,1.50,1.50
2011.12.23 16:16:15.103,1.22066,1.22094,1.50,1.50
2011.12.23 16:16:17.303,1.22064,1.22093,2.25,1.50
2011.12.23 16:16:30.517,1.22064,1.22091,2.25,1.13
2011.12.23 16:16:30.586,1.22062,1.22088,2.25,1.50
2011.12.23 16:16:30.720,1.22062,1.22086,2.25,1.50
2011.12.23 16:16:30.915,1.22062,1.22088,2.25,1.50
2011.12.23 16:16:30.985,1.22062,1.2209,2.25,1.50
2011.12.23 16:16:31.377,1.22064,1.22093,2.25,2.63
2011.12.23 16:16:31.588,1.22064,1.22093,2.25,2.63
2011.12.23 16:16:31.936,1.22064,1.22093,2.25,1.88
2011.12.23 16:16:39.004,1.22062,1.22094,2.25,2.63
2011.12.23 16:16:39.275,1.2207,1.22095,1.50,1.50
2011.12.23 16:16:39.786,1.22068,1.22095,1.50,1.50
2011.12.23 16:16:40.104,1.22068,1.22095,1.50,1.50
2011.12.23 16:16:40.751,1.22078,1.22099,1.50,2.25
2011.12.23 16:16:40.825,1.2208,1.22103,1.50,1.50
2011.12.23 16:16:41.139,1.22082,1.22104,1.50,1.50
2011.12.23 16:16:45.534,1.22082,1.22107,1.50,2.25
2011.12.23 16:16:46.483,1.22082,1.22106,1.50,1.50
2011.12.23 16:16:46.824,1.22082,1.22108,2.25,2.25
2011.12.23 16:17:00.453,1.22081,1.22107,1.50,2.25
2011.12.23 16:17:00.668,1.22075,1.22102,1.50,2.25
2011.12.23 16:17:00.747,1.22081,1.22102,1.50,1.50
2011.12.23 16:17:00.817,1.22081,1.22106,1.50,2.25
2011.12.23 16:17:02.985,1.22084,1.22106,1.50,1.50
2011.12.23 16:17:05.951,1.22076,1.22104,1.61,1.50
2011.12.23 16:17:06.494,1.22082,1.22106,1.50,1.50
2011.12.23 16:17:08.684,1.22082,1.22109,1.50,2.63
2011.12.23 16:17:10.096,1.22081,1.22108,2.25,1.13
2011.12.23 16:17:12.803,1.2208,1.22108,2.25,1.13
2011.12.23 16:17:14.654,1.22077,1.22108,1.61,2.63
2011.12.23 16:17:17.933,1.22077,1.22108,1.50,3.38
2011.12.23 16:17:18.777,1.22081,1.22108,1.50,1.13
2011.12.23 16:17:19.675,1.22081,1.22106,1.50,1.50
2011.12.23 16:17:22.354,1.22077,1.22106,2.36,2.25
2011.12.23 16:17:28.513,1.22079,1.22104,2.25,1.50
2011.12.23 16:17:31.329,1.22077,1.22103,1.50,2.25
2011.12.23 16:17:31.472,1.22077,1.22103,1.50,1.50
2011.12.23 16:17:36.471,1.22077,1.22098,1.50,1.50
2011.12.23 16:17:39.974,1.22072,1.22098,3.00,2.25
2011.12.23 16:17:40.487,1.22072,1.22097,1.50,2.25
2011.12.23 16:17:43.708,1.22071,1.22096,1.50,1.50
2011.12.23 16:17:44.561,1.22072,1.22097,1.50,1.50
2011.12.23 16:17:48.576,1.22072,1.22098,3.00,2.63
2011.12.23 16:17:48.968,1.22072,1.22098,3.00,1.88
2011.12.23 16:17:51.884,1.22072,1.22098,1.50,1.88
2011.12.23 16:17:54.517,1.2207,1.22098,1.50,1.88
2011.12.23 16:17:57.780,1.22072,1.22098,1.50,1.88
2011.12.23 16:17:59.110,1.22067,1.22095,3.00,1.50
2011.12.23 16:17:59.468,1.22064,1.22092,2.25,1.50
2011.12.23 16:17:59.747,1.22062,1.22088,1.50,1.50
2011.12.23 16:17:59.876,1.22062,1.22088,1.50,1.50
2011.12.23 16:18:07.812,1.22062,1.22088,1.50,1.50
2011.12.23 16:18:10.190,1.22062,1.22089,1.50,1.50
2011.12.23 16:18:11.955,1.22062,1.2209,1.50,1.50
2011.12.23 16:18:12.560,1.22062,1.22088,1.50,1.50
2011.12.23 16:18:12.708,1.2206,1.22087,1.50,1.50
2011.12.23 16:18:12.844,1.2206,1.22084,1.50,1.50
2011.12.23 16:18:13.115,1.2206,1.22085,1.50,1.50
2011.12.23 16:18:14.532,1.22058,1.22084,2.25,1.50
2011.12.23 16:18:16.755,1.22061,1.22089,1.50,2.25
2011.12.23 16:18:23.044,1.22061,1.22089,1.50,1.50
2011.12.23 16:18:23.353,1.2206,1.22088,2.25,1.50
2011.12.23 16:18:23.494,1.2206,1.22088,2.25,1.50
2011.12.23 16:18:23.695,1.22063,1.22088,1.50,1.50
2011.12.23 16:18:24.024,1.22067,1.22093,1.50,2.25
2011.12.23 16:18:31.253,1.22067,1.22092,1.50,2.25
2011.12.23 16:18:32.378,1.22067,1.22091,1.50,1.50
2011.12.23 16:18:39.212,1.22063,1.22089,1.50,1.50
2011.12.23 16:18:39.630,1.22067,1.22092,1.50,1.50
2011.12.23 16:18:46.473,1.22064,1.22092,2.25,2.25
2011.12.23 16:18:46.663,1.22064,1.22091,2.25,1.50
2011.12.23 16:18:47.770,1.22064,1.22089,2.25,1.50
2011.12.23 16:18:48.236,1.22064,1.22088,2.25,1.50
2011.12.23 16:18:48.316,1.2206,1.22086,2.25,1.50
2011.12.23 16:18:51.278,1.2206,1.22083,2.25,1.13
2011.12.23 16:18:51.742,1.22057,1.22081,3.75,1.50
2011.12.23 16:18:51.831,1.22057,1.22083,3.00,1.50
2011.12.23 16:18:51.907,1.22057,1.22083,2.25,1.50
2011.12.23 16:18:53.115,1.22054,1.22083,2.25,2.25
2011.12.23 16:18:54.305,1.22054,1.2208,2.25,1.50
2011.12.23 16:18:54.435,1.22054,1.22077,2.25,1.50
2011.12.23 16:18:54.695,1.22048,1.22073,2.25,1.50
2011.12.23 16:18:54.834,1.22048,1.22071,2.25,1.50
2011.12.23 16:18:55.431,1.22052,1.22078,3.00,1.13
2011.12.23 16:18:55.955,1.22052,1.22078,3.00,1.13
2011.12.23 16:18:58.203,1.22052,1.22078,3.00,1.50
2011.12.23 16:18:58.956,1.22055,1.2208,2.25,1.50
2011.12.23 16:18:59.027,1.22056,1.22083,1.50,2.25
2011.12.23 16:19:08.422,1.22057,1.22083,1.50,2.25
2011.12.23 16:19:10.612,1.22056,1.22083,1.50,2.25
2011.12.23 16:19:16.102,1.22055,1.22083,1.50,3.00
2011.12.23 16:19:17.082,1.22057,1.22083,1.50,2.25
2011.12.23 16:19:19.727,1.2205,1.22078,3.11,1.50
2011.12.23 16:19:20.194,1.22052,1.22078,2.25,1.50
2011.12.23 16:19:20.264,1.22053,1.22078,1.50,2.25
2011.12.23 16:19:20.779,1.22053,1.22076,1.50,1.50
2011.12.23 16:19:20.855,1.22053,1.22078,1.50,2.25
2011.12.23 16:19:20.925,1.2205,1.22078,2.25,1.50
2011.12.23 16:19:21.207,1.2205,1.22075,2.25,1.50
2011.12.23 16:19:30.157,1.22048,1.22074,2.25,1.50
2011.12.23 16:19:35.637,1.22047,1.22074,2.25,2.25
2011.12.23 16:19:46.263,1.2205,1.22075,2.25,1.50
2011.12.23 16:19:49.834,1.2205,1.22077,3.00,1.50
2011.12.23 16:19:52.075,1.2205,1.22076,3.00,1.50
2011.12.23 16:19:52.147,1.22051,1.22079,1.50,2.25
2011.12.23 16:19:54.693,1.2205,1.22076,2.25,1.50
2011.12.23 16:19:55.254,1.22057,1.22081,1.50,1.13
2011.12.23 16:19:55.471,1.22057,1.22084,2.25,2.25
2011.12.23 16:19:55.619,1.22057,1.22083,2.25,1.50
2011.12.23 16:19:56.316,1.22057,1.2208,2.25,1.50
2011.12.23 16:19:58.041,1.22057,1.22084,2.25,1.88
2011.12.23 16:19:58.736,1.22057,1.22084,2.25,1.50
2011.12.23 16:20:00.803,1.22057,1.22084,2.25,1.50
2011.12.23 16:20:04.046,1.2206,1.22084,1.50,1.50
2011.12.23 16:20:08.791,1.22057,1.22076,1.50,1.50
2011.12.23 16:20:08.870,1.22053,1.22079,2.25,1.50
2011.12.23 16:20:09.011,1.22048,1.22079,3.11,2.25
2011.12.23 16:20:09.285,1.22048,1.22075,3.00,1.88
2011.12.23 16:20:09.556,1.22048,1.22074,2.25,1.50
2011.12.23 16:20:09.886,1.22048,1.22071,2.25,1.50
2011.12.23 16:20:10.085,1.22048,1.22074,2.25,1.50
2011.12.23 16:20:10.694,1.22046,1.22074,2.25,1.50
2011.12.23 16:20:15.031,1.2205,1.22075,2.25,1.50
2011.12.23 16:20:15.949,1.22051,1.22075,1.50,1.50
2011.12.23 16:20:16.458,1.22051,1.22074,1.50,1.50
2011.12.23 16:20:16.984,1.22048,1.22074,2.25,1.50
2011.12.23 16:20:17.172,1.22048,1.22075,2.25,1.88
2011.12.23 16:20:20.194,1.22051,1.22075,1.50,1.88
2011.12.23 16:20:20.337,1.22054,1.22075,1.50,1.50
2011.12.23 16:20:23.158,1.22054,1.22074,1.50,1.50
2011.12.23 16:20:23.942,1.22052,1.22074,2.25,1.50
2011.12.23 16:20:24.007,1.22054,1.22076,1.50,1.50
2011.12.23 16:20:29.014,1.22052,1.22076,1.50,1.50
2011.12.23 16:20:29.606,1.22052,1.22076,2.25,1.50
2011.12.23 16:20:30.073,1.22052,1.22077,2.25,2.25
2011.12.23 16:20:40.486,1.22052,1.22074,2.25,1.13
2011.12.23 16:20:40.911,1.2205,1.22069,1.50,2.25
2011.12.23 16:20:41.186,1.22046,1.22069,1.50,2.25
2011.12.23 16:20:41.564,1.22046,1.22074,1.50,2.25
2011.12.23 16:20:42.084,1.22048,1.22074,1.50,1.50
2011.12.23 16:20:43.054,1.22048,1.22074,2.25,1.50
2011.12.23 16:20:47.535,1.22048,1.22074,2.25,1.50
2011.12.23 16:20:47.845,1.22045,1.22069,3.75,1.50
2011.12.23 16:20:48.228,1.22045,1.22069,3.00,3.00
2011.12.23 16:20:57.607,1.22041,1.22069,3.75,2.25
2011.12.23 16:20:57.751,1.22046,1.22068,1.50,1.50
2011.12.23 16:20:57.966,1.22046,1.22074,1.50,2.25
2011.12.23 16:21:09.041,1.22046,1.22074,1.50,2.63
2011.12.23 16:21:12.218,1.22049,1.22074,1.50,1.88
2011.12.23 16:21:12.287,1.22051,1.22074,1.50,1.88
2011.12.23 16:21:12.770,1.22049,1.22074,2.25,2.25
2011.12.23 16:21:18.393,1.22046,1.22074,1.50,1.50
2011.12.23 16:21:21.965,1.22049,1.22076,2.25,2.25
2011.12.23 16:21:22.796,1.22049,1.22074,2.25,1.50
2011.12.23 16:21:25.279,1.22049,1.22075,2.25,1.50
2011.12.23 16:21:28.853,1.22049,1.22075,2.25,2.25
2011.12.23 16:21:29.463,1.22049,1.22074,2.25,1.50
2011.12.23 16:21:31.042,1.22049,1.22072,2.25,1.50
2011.12.23 16:21:31.374,1.22046,1.2207,2.25,1.50
2011.12.23 16:21:31.503,1.22046,1.22073,2.25,3.00
2011.12.23 16:21:31.822,1.22047,1.22073,1.50,2.25
2011.12.23 16:21:34.550,1.22047,1.22075,1.50,2.25
2011.12.23 16:21:36.644,1.22047,1.22073,1.50,1.50
2011.12.23 16:21:41.912,1.2205,1.22075,1.50,1.50
2011.12.23 16:21:41.984,1.22052,1.22077,1.50,1.50
2011.12.23 16:21:42.864,1.22052,1.22078,2.25,1.50
2011.12.23 16:21:43.117,1.22052,1.22077,1.50,1.50
2011.12.23 16:21:45.735,1.2205,1.22074,2.25,1.50
2011.12.23 16:21:45.994,1.22047,1.22074,1.50,1.50
2011.12.23 16:21:46.127,1.22046,1.22073,2.25,1.50
2011.12.23 16:21:46.194,1.22049,1.22073,1.50,1.50
2011.12.23 16:21:46.266,1.22049,1.22073,1.50,1.50
2011.12.23 16:21:46.335,1.22049,1.22074,1.50,2.25
2011.12.23 16:21:46.726,1.22047,1.22073,2.25,1.50
2011.12.23 16:21:47.125,1.22046,1.22072,1.50,1.50
2011.12.23 16:21:47.195,1.22046,1.22072,1.50,1.50
2011.12.23 16:21:47.766,1.22046,1.22068,1.50,1.50
2011.12.23 16:21:48.185,1.22046,1.22071,1.50,1.50
2011.12.23 16:21:50.333,1.22046,1.22071,1.50,1.50
2011.12.23 16:21:52.175,1.22044,1.22071,2.25,2.25
2011.12.23 16:21:52.494,1.22044,1.22068,3.00,1.50
2011.12.23 16:21:56.234,1.22044,1.22068,3.00,2.25
2011.12.23 16:21:56.484,1.22047,1.22073,2.25,1.50
2011.12.23 16:21:56.554,1.22047,1.22071,1.50,1.50
2011.12.23 16:21:56.894,1.22047,1.22069,1.50,1.50
2011.12.23 16:21:57.617,1.22044,1.22067,2.25,1.50
2011.12.23 16:21:57.683,1.22044,1.22067,2.25,1.50
2011.12.23 16:21:58.862,1.22045,1.22068,1.50,2.25
2011.12.23 16:21:58.944,1.22047,1.22073,1.50,1.88
2011.12.23 16:21:59.928,1.22047,1.22074,2.25,1.50
2011.12.23 16:22:00.378,1.22055,1.22078,1.50,1.13
2011.12.23 16:22:00.448,1.22057,1.2208,1.50,1.13
2011.12.23 16:22:00.516,1.22057,1.22082,1.50,2.40
2011.12.23 16:22:00.658,1.22057,1.22082,1.50,1.55
2011.12.23 16:22:03.339,1.22055,1.22076,1.50,2.07
2011.12.23 16:22:03.964,1.22055,1.22077,1.50,1.41
2011.12.23 16:22:04.093,1.22055,1.22077,1.50,1.41
2011.12.23 16:22:05.291,1.22055,1.22076,2.25,1.41
2011.12.23 16:22:08.287,1.22055,1.22076,2.25,1.41
2011.12.23 16:22:09.796,1.22055,1.22077,2.25,1.41
2011.12.23 16:22:11.497,1.22057,1.22077,2.25,1.41
2011.12.23 16:22:12.427,1.22058,1.22077,1.50,1.41
2011.12.23 16:22:12.500,1.22054,1.22077,2.25,1.41
2011.12.23 16:22:12.577,1.22055,1.22077,1.50,1.41
2011.12.23 16:22:13.476,1.22058,1.22077,1.50,1.41
2011.12.23 16:22:16.045,1.22058,1.22077,2.25,1.41
2011.12.23 16:22:16.886,1.22055,1.22077,1.50,1.41
2011.12.23 16:22:17.030,1.22053,1.22078,3.68,1.50
2011.12.23 16:22:17.105,1.22053,1.2208,3.00,1.50
2011.12.23 16:22:17.256,1.22053,1.22078,3.00,1.50
2011.12.23 16:22:18.016,1.22053,1.22079,3.00,1.50
2011.12.23 16:22:20.943,1.22053,1.2208,3.00,1.50
2011.12.23 16:22:23.785,1.22058,1.2208,1.50,1.50
2011.12.23 16:22:23.870,1.22066,1.2209,1.50,2.25
2011.12.23 16:22:24.019,1.22067,1.22093,3.00,1.50
2011.12.23 16:22:27.546,1.22069,1.22093,1.50,1.50
2011.12.23 16:22:27.687,1.22064,1.22092,2.25,1.50
2011.12.23 16:22:28.995,1.22062,1.22089,1.50,1.50
2011.12.23 16:22:30.473,1.22062,1.22089,2.25,1.50
2011.12.23 16:22:31.213,1.22062,1.22087,2.25,1.50
2011.12.23 16:22:32.443,1.22062,1.22088,2.25,1.50
2011.12.23 16:22:33.006,1.22062,1.22085,2.25,1.50
2011.12.23 16:22:33.637,1.22062,1.22087,2.25,1.50
2011.12.23 16:22:36.934,1.22062,1.22089,2.25,2.25
2011.12.23 16:22:39.162,1.22062,1.22089,2.25,1.50
2011.12.23 16:22:39.233,1.22062,1.22089,2.25,1.50
2011.12.23 16:22:41.589,1.22064,1.22091,2.25,1.50
2011.12.23 16:22:42.144,1.22066,1.22092,1.50,1.50
2011.12.23 16:22:42.545,1.22064,1.22091,2.25,2.25
2011.12.23 16:22:46.450,1.22064,1.22091,2.25,1.50
2011.12.23 16:22:47.007,1.22064,1.22091,2.25,2.25
2011.12.23 16:22:47.079,1.22064,1.22089,2.25,1.50
2011.12.23 16:22:48.554,1.22064,1.22089,2.25,1.50
2011.12.23 16:22:53.626,1.22064,1.22089,2.25,1.50
2011.12.23 16:22:57.243,1.22064,1.2209,2.25,1.50
2011.12.23 16:23:01.153,1.22068,1.2209,1.50,1.50
2011.12.23 16:23:01.355,1.22067,1.2209,1.50,1.50
2011.12.23 16:23:01.876,1.22067,1.22089,1.50,1.50
2011.12.23 16:23:02.964,1.22067,1.22089,1.50,1.50
2011.12.23 16:23:06.959,1.22064,1.22089,2.25,1.50
2011.12.23 16:23:12.038,1.22064,1.22089,2.25,1.88
2011.12.23 16:23:13.305,1.22064,1.22089,2.25,1.88
2011.12.23 16:23:14.657,1.22064,1.22089,3.75,1.50
2011.12.23 16:23:15.206,1.22068,1.22092,2.25,2.25
2011.12.23 16:23:16.573,1.22068,1.2209,1.50,1.50
2011.12.23 16:23:20.763,1.22068,1.22091,1.50,1.50
2011.12.23 16:23:23.448,1.22068,1.22091,1.50,1.50
2011.12.23 16:23:24.538,1.22068,1.2209,1.50,1.50
2011.12.23 16:23:25.272,1.22071,1.2209,1.50,1.50
2011.12.23 16:23:25.416,1.22076,1.22093,1.50,1.13
2011.12.23 16:23:25.714,1.22076,1.22093,1.50,1.13
2011.12.23 16:23:25.786,1.22076,1.22094,1.50,1.88
2011.12.23 16:23:25.926,1.22077,1.22094,1.50,1.50
2011.12.23 16:23:25.998,1.22077,1.22094,1.50,1.50
2011.12.23 16:23:26.344,1.22078,1.22094,1.50,1.50
2011.12.23 16:23:27.045,1.22076,1.22094,1.50,1.50
2011.12.23 16:23:27.204,1.22076,1.22094,1.50,1.50
2011.12.23 16:23:27.605,1.22076,1.22095,1.50,1.50
2011.12.23 16:23:27.682,1.22077,1.22095,1.50,1.50
2011.12.23 16:23:27.757,1.22073,1.22095,1.50,1.50
2011.12.23 16:23:28.164,1.22078,1.22095,1.50,1.50
2011.12.23 16:23:28.356,1.22078,1.22095,1.50,1.50
2011.12.23 16:23:28.555,1.22078,1.22094,1.50,1.50
2011.12.23 16:23:28.884,1.22078,1.22095,1.50,1.50
2011.12.23 16:23:29.014,1.22075,1.22095,1.50,1.50
2011.12.23 16:23:29.525,1.22069,1.22094,2.25,1.50
2011.12.23 16:23:29.775,1.22076,1.22094,1.50,1.50
2011.12.23 16:23:29.966,1.22077,1.22094,1.50,1.50
2011.12.23 16:23:30.646,1.22077,1.22094,1.50,1.50
2011.12.23 16:23:30.893,1.22076,1.22094,1.50,1.50
2011.12.23 16:23:31.324,1.22072,1.22094,1.50,1.50
2011.12.23 16:23:31.514,1.22075,1.22094,1.50,1.50
2011.12.23 16:23:31.714,1.22075,1.22094,1.50,1.50
2011.12.23 16:23:31.785,1.22076,1.22094,1.50,1.50
2011.12.23 16:23:32.684,1.22077,1.22094,1.50,1.50
2011.12.23 16:23:32.884,1.22075,1.22094,1.50,1.50
2011.12.23 16:23:33.074,1.22071,1.22094,1.50,1.50
2011.12.23 16:23:33.144,1.22071,1.22094,1.50,1.50
2011.12.23 16:23:33.274,1.22073,1.22094,1.50,1.50
2011.12.23 16:23:34.066,1.22073,1.22096,2.25,1.88
2011.12.23 16:23:34.424,1.22073,1.22091,1.50,1.32
2011.12.23 16:23:38.116,1.2207,1.22091,1.50,1.32
2011.12.23 16:23:38.686,1.22074,1.22091,1.50,1.32
2011.12.23 16:23:40.365,1.22075,1.22094,1.50,1.27
2011.12.23 16:23:40.434,1.22075,1.22096,1.50,1.88
2011.12.23 16:23:41.199,1.22075,1.22097,1.50,1.13
2011.12.23 16:23:42.293,1.22075,1.22097,1.50,1.13
2011.12.23 16:23:42.380,1.22074,1.22096,1.50,1.88
2011.12.23 16:23:43.804,1.22075,1.22096,1.50,3.00
2011.12.23 16:23:48.156,1.22076,1.22096,1.50,1.88
2011.12.23 16:23:48.354,1.22076,1.22096,1.50,1.88
2011.12.23 16:23:50.984,1.22071,1.22094,1.50,1.88
2011.12.23 16:23:51.244,1.22071,1.22094,1.50,1.13
2011.12.23 16:23:53.633,1.22071,1.22094,1.50,1.13
2011.12.23 16:23:53.860,1.22071,1.22094,1.50,1.13
2011.12.23 16:23:55.605,1.22074,1.22094,2.25,1.13
2011.12.23 16:23:55.875,1.22074,1.22094,1.50,1.13
2011.12.23 16:23:56.253,1.22074,1.22094,1.50,1.13
2011.12.23 16:24:02.682,1.22074,1.22094,1.50,1.13
2011.12.23 16:24:02.877,1.22072,1.22094,1.50,1.13
2011.12.23 16:24:05.694,1.2207,1.22092,1.50,1.50
2011.12.23 16:24:10.502,1.22069,1.22092,1.43,1.50
2011.12.23 16:24:16.310,1.22069,1.22093,1.43,1.50
2011.12.23 16:24:17.626,1.22069,1.22091,1.43,1.50
2011.12.23 16:24:18.145,1.2207,1.22091,1.43,1.50
2011.12.23 16:24:34.456,1.22069,1.22091,2.18,1.50
2011.12.23 16:24:34.846,1.22069,1.22088,1.43,1.13
2011.12.23 16:24:35.451,1.22069,1.22088,1.43,1.13
2011.12.23 16:24:39.226,1.22069,1.22088,1.43,1.13
2011.12.23 16:24:39.827,1.2206,1.22084,1.50,1.88
2011.12.23 16:24:40.329,1.22061,1.22084,1.50,1.13
2011.12.23 16:24:44.456,1.22061,1.22084,1.50,1.88
2011.12.23 16:24:48.255,1.2206,1.22083,2.25,1.50
2011.12.23 16:24:49.002,1.2206,1.22083,1.50,1.50
2011.12.23 16:24:49.314,1.2206,1.22083,2.25,1.50
2011.12.23 16:24:54.810,1.22061,1.22084,1.50,1.13
2011.12.23 16:25:07.403,1.22063,1.22084,1.50,1.50
2011.12.23 16:25:13.094,1.22063,1.22084,1.50,1.50
2011.12.23 16:25:14.363,1.22063,1.22084,1.50,1.50
2011.12.23 16:25:14.470,1.22063,1.22084,1.50,1.50
2011.12.23 16:25:14.689,1.22063,1.22084,1.50,1.50
2011.12.23 16:25:23.339,1.22063,1.22085,2.25,1.13
2011.12.23 16:25:23.463,1.22063,1.22085,1.50,1.13
2011.12.23 16:25:23.976,1.22062,1.22086,2.25,1.13
2011.12.23 16:25:24.047,1.22063,1.22088,1.50,1.50
2011.12.23 16:25:24.726,1.22068,1.22088,1.50,1.50
2011.12.23 16:25:24.925,1.22069,1.22084,1.50,1.50
2011.12.23 16:25:25.235,1.22071,1.22085,1.50,1.50
2011.12.23 16:25:28.005,1.22071,1.22088,1.50,1.50
2011.12.23 16:25:28.776,1.22071,1.22085,1.50,1.50
2011.12.23 16:25:28.846,1.22064,1.22085,1.50,1.50
2011.12.23 16:25:28.916,1.22063,1.22085,1.50,1.50
2011.12.23 16:25:29.558,1.22062,1.22084,1.50,1.50
2011.12.23 16:25:30.245,1.22061,1.22084,1.50,1.50
2011.12.23 16:25:31.272,1.22058,1.22079,1.50,1.50
2011.12.23 16:25:32.605,1.22058,1.22079,1.50,1.50
2011.12.23 16:25:33.270,1.22068,1.22079,1.50,1.50
2011.12.23 16:25:33.349,1.22068,1.22084,1.50,1.50
2011.12.23 16:25:33.487,1.2206,1.22084,1.50,1.50
2011.12.23 16:25:33.628,1.2206,1.22084,1.50,2.25
2011.12.23 16:25:33.828,1.22059,1.22084,1.50,2.25
2011.12.23 16:25:34.095,1.22059,1.22084,1.50,2.25
2011.12.23 16:25:34.592,1.22063,1.22084,1.50,1.50
2011.12.23 16:25:35.025,1.22061,1.22084,1.50,1.50
2011.12.23 16:25:35.156,1.22057,1.22082,1.50,1.50
2011.12.23 16:25:36.095,1.22057,1.22079,1.50,1.50
2011.12.23 16:25:37.607,1.22057,1.22082,2.25,1.50
2011.12.23 16:25:40.034,1.22057,1.22081,1.50,1.50
2011.12.23 16:25:40.165,1.22056,1.22081,1.50,1.50
2011.12.23 16:25:40.236,1.22056,1.22078,1.50,1.50
2011.12.23 16:25:41.129,1.22056,1.22078,1.50,1.50
2011.12.23 16:25:41.276,1.22055,1.22078,1.50,1.50
2011.12.23 16:25:41.486,1.22054,1.22078,2.25,1.50
2011.12.23 16:25:42.470,1.22057,1.22078,1.50,1.50
2011.12.23 16:25:47.401,1.22057,1.22079,1.50,1.50
2011.12.23 16:25:50.966,1.22059,1.22082,1.50,1.88
2011.12.23 16:25:51.473,1.22059,1.22082,1.50,1.88
2011.12.23 16:25:55.912,1.22057,1.22081,2.25,1.50
2011.12.23 16:25:56.117,1.22059,1.22081,1.50,1.50
2011.12.23 16:25:56.680,1.22057,1.22078,1.50,1.50
2011.12.23 16:25:58.157,1.22057,1.22078,1.50,1.50
2011.12.23 16:25:59.584,1.22057,1.22078,1.50,1.50
2011.12.23 16:26:00.427,1.22057,1.22078,1.50,1.50
2011.12.23 16:26:01.012,1.22058,1.22078,1.50,1.50
2011.12.23 16:26:06.245,1.22058,1.22078,1.50,1.50
2011.12.23 16:26:06.763,1.22058,1.22079,1.50,1.50
2011.12.23 16:26:08.816,1.22058,1.22079,1.50,1.50
2011.12.23 16:26:08.883,1.22058,1.22078,1.50,1.50
2011.12.23 16:26:09.336,1.22058,1.22078,1.50,1.50
2011.12.23 16:26:16.809,1.22058,1.22078,1.50,1.50
2011.12.23 16:26:22.338,1.22055,1.22078,2.25,1.50
2011.12.23 16:26:22.419,1.22055,1.22075,2.25,1.50
2011.12.23 16:26:22.490,1.22055,1.22079,2.25,2.25
2011.12.23 16:26:22.934,1.22059,1.22079,1.50,1.50
2011.12.23 16:26:23.005,1.22059,1.22079,1.50,1.50
2011.12.23 16:26:23.651,1.22058,1.22079,1.50,1.50
2011.12.23 16:26:27.823,1.22057,1.22081,1.50,1.50
2011.12.23 16:26:27.957,1.22057,1.22078,1.50,1.50
2011.12.23 16:26:28.027,1.22055,1.22078,1.50,1.50
2011.12.23 16:26:29.756,1.22053,1.22075,2.25,1.50
2011.12.23 16:26:33.393,1.22052,1.22075,1.50,1.50
2011.12.23 16:26:34.400,1.22053,1.22075,1.50,1.50
2011.12.23 16:26:36.964,1.22053,1.22075,1.50,1.50
2011.12.23 16:26:37.161,1.22053,1.22075,1.50,1.50
2011.12.23 16:26:37.557,1.22051,1.22072,1.50,1.50
2011.12.23 16:26:37.627,1.22051,1.22072,1.50,1.50
2011.12.23 16:26:37.696,1.22051,1.22073,1.50,1.50
2011.12.23 16:26:37.896,1.22051,1.22073,1.50,1.50
2011.12.23 16:26:38.216,1.22052,1.22072,1.50,1.50
2011.12.23 16:26:38.286,1.2205,1.22072,2.25,1.50
2011.12.23 16:26:38.414,1.2205,1.22072,1.50,1.50
2011.12.23 16:26:38.485,1.2205,1.22072,1.50,1.50
2011.12.23 16:26:38.735,1.22053,1.22073,1.50,1.50
2011.12.23 16:26:39.327,1.22051,1.22072,1.50,1.50
2011.12.23 16:26:39.402,1.22052,1.22073,1.50,1.50
2011.12.23 16:26:39.959,1.22052,1.22074,1.50,1.50
2011.12.23 16:26:40.029,1.22052,1.22074,1.50,1.50
2011.12.23 16:26:40.155,1.22049,1.22074,3.00,1.50
2011.12.23 16:26:40.705,1.22051,1.22074,1.50,1.50
2011.12.23 16:26:40.774,1.22053,1.22074,1.50,1.50
2011.12.23 16:26:41.263,1.22053,1.22074,1.50,1.50
2011.12.23 16:26:41.409,1.22049,1.22074,1.50,1.50
2011.12.23 16:26:41.476,1.22049,1.22074,1.50,1.50
2011.12.23 16:26:41.667,1.22052,1.22074,2.25,1.50
2011.12.23 16:26:44.711,1.22054,1.22074,1.50,1.50
2011.12.23 16:26:44.985,1.22051,1.22072,1.50,1.50
2011.12.23 16:26:45.262,1.22049,1.2207,2.25,1.50
2011.12.23 16:26:45.339,1.22045,1.22068,2.25,1.50
2011.12.23 16:26:45.478,1.22045,1.22068,1.50,1.50
2011.12.23 16:26:46.061,1.22043,1.22065,1.50,1.50
2011.12.23 16:26:47.710,1.22043,1.22065,1.50,1.50
2011.12.23 16:26:47.857,1.22039,1.22063,1.50,1.50
2011.12.23 16:26:47.931,1.22038,1.22061,1.50,1.50
2011.12.23 16:26:48.357,1.22037,1.22057,1.50,1.13
2011.12.23 16:26:48.709,1.2204,1.22057,1.50,1.50
2011.12.23 16:26:49.336,1.22037,1.22057,2.25,1.50
2011.12.23 16:26:49.469,1.22036,1.22056,1.50,1.13
2011.12.23 16:26:50.448,1.22036,1.22057,1.50,1.50
2011.12.23 16:26:50.519,1.22036,1.22057,1.50,1.50
2011.12.23 16:26:51.046,1.22032,1.22056,1.50,1.50
2011.12.23 16:26:51.472,1.22023,1.22033,1.23,1.50
2011.12.23 16:26:51.554,1.22024,1.22035,2.25,1.50
2011.12.23 16:26:51.985,1.22009,1.22033,3.11,1.50
2011.12.23 16:26:52.063,1.21999,1.22029,2.25,1.50
2011.12.23 16:26:52.584,1.22004,1.22027,1.50,1.50
2011.12.23 16:26:52.674,1.22006,1.22029,2.25,1.60
2011.12.23 16:26:52.817,1.22004,1.22029,3.00,1.60
2011.12.23 16:26:53.367,1.22004,1.2203,2.25,1.32
2011.12.23 16:26:54.489,1.22003,1.2203,2.25,1.32
2011.12.23 16:26:55.042,1.22003,1.2203,3.00,1.32
2011.12.23 16:26:55.332,1.22003,1.22028,2.25,1.60
2011.12.23 16:26:56.673,1.22006,1.22028,1.50,1.60
2011.12.23 16:26:56.895,1.22007,1.2203,1.50,1.69
2011.12.23 16:26:57.250,1.22007,1.22034,1.50,2.07
2011.12.23 16:26:58.074,1.22007,1.22032,1.50,1.69
2011.12.23 16:27:00.256,1.22007,1.22032,1.50,1.69
2011.12.23 16:27:01.195,1.22007,1.22033,1.50,1.32
2011.12.23 16:27:02.357,1.22007,1.22035,2.25,1.69
2011.12.23 16:27:02.877,1.2201,1.22035,1.50,1.69
2011.12.23 16:27:03.531,1.22011,1.22036,1.50,1.88
2011.12.23 16:27:04.822,1.2201,1.22035,1.50,1.69
2011.12.23 16:27:05.318,1.22008,1.22033,1.50,1.69
2011.12.23 16:27:05.877,1.22008,1.22033,1.50,1.69
2011.12.23 16:27:06.149,1.22007,1.22033,2.25,1.69
2011.12.23 16:27:09.557,1.22007,1.22033,2.25,1.69
2011.12.23 16:27:10.087,1.22007,1.22033,2.25,1.69
2011.12.23 16:27:10.288,1.22007,1.22035,2.25,1.69
2011.12.23 16:27:11.510,1.22007,1.22035,1.50,1.69
2011.12.23 16:27:12.029,1.22007,1.22034,1.50,1.69
2011.12.23 16:27:16.406,1.22007,1.22033,1.50,1.69
2011.12.23 16:27:21.109,1.22009,1.22033,1.50,1.69
2011.12.23 16:27:42.271,1.22007,1.22031,1.50,1.69
2011.12.23 16:27:42.966,1.22008,1.22033,1.50,2.44
2011.12.23 16:27:43.109,1.22004,1.22028,2.25,1.60
2011.12.23 16:27:43.180,1.22003,1.22028,1.50,2.35
2011.12.23 16:27:43.511,1.22004,1.22025,1.50,1.50
2011.12.23 16:27:43.731,1.22003,1.22028,1.50,1.60
2011.12.23 16:27:44.087,1.22005,1.22028,1.50,1.60
2011.12.23 16:27:47.477,1.22007,1.2203,1.50,1.32
2011.12.23 16:27:51.836,1.22005,1.2203,1.50,1.69
2011.12.23 16:27:52.579,1.22005,1.22028,1.50,1.22
2011.12.23 16:27:55.247,1.22005,1.22032,1.50,2.07
2011.12.23 16:28:01.225,1.22006,1.22029,1.50,1.60
2011.12.23 16:28:01.368,1.22001,1.22026,2.25,1.50
2011.12.23 16:28:01.772,1.21998,1.22026,3.00,1.50
2011.12.23 16:28:01.907,1.21998,1.22024,1.50,1.50
2011.12.23 16:28:04.686,1.21997,1.22024,2.25,1.50
2011.12.23 16:28:04.756,1.21997,1.22024,2.25,1.50
2011.12.23 16:28:06.058,1.21997,1.22024,2.25,1.50
2011.12.23 16:28:07.047,1.21998,1.22026,1.50,1.60
2011.12.23 16:28:14.716,1.22,1.22027,2.25,1.22
2011.12.23 16:28:14.864,1.22,1.22028,2.25,1.22
2011.12.23 16:28:14.938,1.22,1.22026,2.25,1.50
2011.12.23 16:28:15.149,1.22,1.22019,1.50,1.50
2011.12.23 16:28:15.360,1.2199,1.22019,2.25,1.50
2011.12.23 16:28:15.649,1.2199,1.2202,1.50,1.13
2011.12.23 16:28:15.789,1.2199,1.22021,1.50,1.88
2011.12.23 16:28:16.538,1.21991,1.22017,2.25,1.50
2011.12.23 16:28:16.614,1.21987,1.22018,2.25,1.60
2011.12.23 16:28:17.220,1.21991,1.22017,2.25,1.27
2011.12.23 16:28:18.010,1.21989,1.22013,2.25,1.65
2011.12.23 16:28:20.102,1.21989,1.22005,2.25,4.50
2011.12.23 16:28:20.642,1.21989,1.22001,2.25,4.50
2011.12.23 16:28:21.207,1.21987,1.22001,1.50,3.75
2011.12.23 16:28:21.757,1.21987,1.22002,1.50,4.50
2011.12.23 16:28:21.946,1.21987,1.22002,1.50,4.50
2011.12.23 16:28:24.201,1.21987,1.22001,1.50,3.75
2011.12.23 16:28:42.194,1.21983,1.22001,2.25,4.50
2011.12.23 16:28:43.106,1.21987,1.22001,1.50,4.50
2011.12.23 16:28:43.646,1.21987,1.22001,1.50,4.50
2011.12.23 16:28:44.284,1.21981,1.22001,1.50,4.50
2011.12.23 16:28:44.781,1.21981,1.22001,1.50,4.50
2011.12.23 16:28:44.900,1.2198,1.22001,3.00,4.50
2011.12.23 16:28:46.075,1.2198,1.22001,2.25,4.50
2011.12.23 16:28:47.267,1.2198,1.22002,2.25,4.50
2011.12.23 16:28:47.586,1.21983,1.22002,1.50,3.75
2011.12.23 16:28:48.094,1.2198,1.22001,2.25,3.75
2011.12.23 16:28:55.116,1.21978,1.22001,2.25,3.00
2011.12.23 16:28:55.188,1.21978,1.22001,1.50,3.00
2011.12.23 16:28:55.753,1.21976,1.22001,1.50,3.00
2011.12.23 16:29:07.965,1.21975,1.22002,2.25,3.00
2011.12.23 16:29:08.144,1.21975,1.21998,1.50,1.50
2011.12.23 16:29:08.286,1.21975,1.21998,1.50,1.50
2011.12.23 16:29:08.547,1.21972,1.21998,3.75,1.50
2011.12.23 16:29:11.873,1.21972,1.21998,3.75,1.50
2011.12.23 16:29:14.344,1.21972,1.21998,3.00,1.50
2011.12.23 16:29:14.632,1.21968,1.21994,2.25,1.50
2011.12.23 16:29:16.906,1.2197,1.21994,1.50,1.88
2011.12.23 16:29:17.874,1.2197,1.21994,1.50,1.50
2011.12.23 16:29:18.157,1.21971,1.21994,1.50,1.50
2011.12.23 16:29:21.476,1.2197,1.21994,1.50,1.50
2011.12.23 16:29:22.154,1.21971,1.21994,1.50,1.50
2011.12.23 16:29:25.662,1.21971,1.21994,1.50,1.50
2011.12.23 16:29:32.262,1.21969,1.21994,1.50,1.50
2011.12.23 16:29:34.238,1.2197,1.21995,1.50,1.50
2011.12.23 16:29:34.928,1.2197,1.21995,1.50,1.50
2011.12.23 16:29:35.704,1.21969,1.21995,1.50,1.50
2011.12.23 16:29:44.490,1.2197,1.21997,1.50,1.50
2011.12.23 16:29:45.266,1.2197,1.21995,2.25,1.50
2011.12.23 16:29:45.940,1.2197,1.21994,2.25,1.50
2011.12.23 16:29:47.648,1.2197,1.21999,3.00,2.25
2011.12.23 16:29:48.617,1.21971,1.21998,1.50,1.50
2011.12.23 16:29:49.438,1.2197,1.21993,3.00,1.50
2011.12.23 16:29:51.358,1.21971,1.21998,1.50,1.50
2011.12.23 16:29:57.637,1.21971,1.21998,1.50,1.50
2011.12.23 16:30:00.963,1.21971,1.21998,1.50,1.50
2011.12.23 16:30:01.529,1.21968,1.21993,1.50,1.50
2011.12.23 16:30:02.736,1.21967,1.21993,2.25,1.50
2011.12.23 16:30:04.265,1.21968,1.21996,1.50,1.50
2011.12.23 16:30:04.596,1.21971,1.21999,1.50,1.50
2011.12.23 16:30:06.037,1.21971,1.21999,1.50,1.50
2011.12.23 16:30:09.059,1.21974,1.22,1.50,1.50
2011.12.23 16:30:09.199,1.21973,1.21998,1.50,1.50
2011.12.23 16:30:10.700,1.21975,1.22001,2.25,3.00
2011.12.23 16:30:16.144,1.21977,1.22001,1.50,3.00
2011.12.23 16:30:16.808,1.21979,1.22001,2.25,3.00
2011.12.23 16:30:20.145,1.21977,1.22001,1.50,3.00
2011.12.23 16:30:20.218,1.21976,1.22002,1.50,3.00
2011.12.23 16:30:20.428,1.21976,1.22002,1.50,3.00
2011.12.23 16:30:20.766,1.21978,1.22002,2.25,3.00
2011.12.23 16:30:21.007,1.21975,1.21999,3.68,1.50
2011.12.23 16:30:21.554,1.21975,1.21999,1.50,2.25
2011.12.23 16:30:24.979,1.21975,1.21999,1.50,2.25
2011.12.23 16:30:29.507,1.21976,1.21999,1.50,1.50
2011.12.23 16:30:29.620,1.21976,1.21999,1.50,1.50
2011.12.23 16:30:29.962,1.21979,1.22002,2.18,3.00
2011.12.23 16:30:35.078,1.2198,1.22001,2.25,3.00
2011.12.23 16:30:35.357,1.2198,1.22001,2.25,3.00
2011.12.23 16:30:37.060,1.21981,1.22001,1.50,3.00
2011.12.23 16:30:44.269,1.21985,1.22002,1.50,3.00
2011.12.23 16:30:44.340,1.21982,1.22002,1.50,3.00
2011.12.23 16:30:47.497,1.21981,1.22001,2.18,3.00
2011.12.23 16:30:48.015,1.21981,1.22001,2.18,3.00
2011.12.23 16:30:51.661,1.21986,1.22009,1.50,2.25
2011.12.23 16:30:51.735,1.21986,1.22009,1.50,2.25
2011.12.23 16:30:52.405,1.21988,1.22009,1.50,1.50
2011.12.23 16:30:53.296,1.21986,1.22009,1.50,1.50
2011.12.23 16:30:54.453,1.21986,1.22009,1.50,1.50
2011.12.23 16:30:55.095,1.21989,1.22013,1.50,1.50
2011.12.23 16:30:56.167,1.21988,1.22009,1.50,1.50
2011.12.23 16:30:56.562,1.21988,1.22007,1.50,3.88
2011.12.23 16:30:59.614,1.21988,1.22009,1.50,1.50
2011.12.23 16:31:04.574,1.21989,1.22013,1.50,1.50
2011.12.23 16:31:04.914,1.21988,1.22009,1.50,1.50
2011.12.23 16:31:05.439,1.21986,1.22007,1.50,1.60
2011.12.23 16:31:10.090,1.21988,1.22008,1.50,1.04
2011.12.23 16:31:11.024,1.21988,1.22008,1.50,1.04
2011.12.23 16:31:11.591,1.21988,1.22013,1.50,1.13
2011.12.23 16:31:12.277,1.21988,1.22013,1.50,1.13
2011.12.23 16:31:12.646,1.21988,1.22013,1.50,1.13
2011.12.23 16:31:12.792,1.21988,1.22013,1.50,1.88
2011.12.23 16:31:13.677,1.21988,1.22013,3.00,1.88
2011.12.23 16:31:13.746,1.21989,1.22013,2.25,1.13
2011.12.23 16:31:13.963,1.21993,1.2202,2.25,3.00
2011.12.23 16:31:14.453,1.21995,1.2202,1.50,1.13
2011.12.23 16:31:14.603,1.21998,1.22021,2.25,1.50
2011.12.23 16:31:15.518,1.22001,1.22026,2.25,1.13
2011.12.23 16:31:15.586,1.22001,1.22026,2.25,1.13
2011.12.23 16:31:16.400,1.22001,1.22024,2.25,1.50
2011.12.23 16:31:16.737,1.22001,1.22024,1.50,1.50
2011.12.23 16:31:17.068,1.22001,1.22026,2.25,1.13
2011.12.23 16:31:17.427,1.22002,1.22024,1.50,1.50
2011.12.23 16:31:17.499,1.22,1.22024,1.50,1.50
2011.12.23 16:31:18.153,1.22,1.22021,1.50,1.50
2011.12.23 16:31:18.227,1.21998,1.22021,1.50,1.50
2011.12.23 16:31:18.297,1.22,1.22024,1.50,1.50
2011.12.23 16:31:18.439,1.22,1.22025,2.25,1.50
2011.12.23 16:31:18.578,1.22,1.22024,2.25,1.50
2011.12.23 16:31:20.298,1.22,1.22023,1.50,1.50
2011.12.23 16:31:20.369,1.21998,1.22023,2.25,2.25
2011.12.23 16:31:20.444,1.21994,1.22023,2.25,2.25
2011.12.23 16:31:20.522,1.21994,1.22018,1.50,1.50
2011.12.23 16:31:21.658,1.22009,1.22018,1.13,1.50
2011.12.23 16:31:21.733,1.22009,1.22022,1.13,1.50
2011.12.23 16:31:21.818,1.22025,1.22047,2.25,2.93
2011.12.23 16:31:22.174,1.22056,1.22066,2.25,1.43
2011.12.23 16:31:22.539,1.22103,1.22136,1.09,1.50
2011.12.23 16:31:22.885,1.22112,1.22149,1.09,1.50
2011.12.23 16:31:23.441,1.22149,1.22186,1.50,1.50
2011.12.23 16:31:23.801,1.22159,1.22186,1.50,1.50
2011.12.23 16:31:24.021,1.22161,1.22188,2.25,1.50
2011.12.23 16:31:24.098,1.22161,1.2219,2.25,1.50
2011.12.23 16:31:24.300,1.22161,1.22188,2.25,1.50
2011.12.23 16:31:24.654,1.22161,1.22176,2.25,1.50
2011.12.23 16:31:25.146,1.22172,1.22195,1.50,1.50
2011.12.23 16:31:25.230,1.22172,1.22199,1.50,1.50
2011.12.23 16:31:26.247,1.22169,1.22198,3.00,1.13
2011.12.23 16:31:26.316,1.22169,1.22198,1.50,1.13
2011.12.23 16:31:26.785,1.22172,1.22198,2.25,1.13
2011.12.23 16:31:26.856,1.22172,1.22199,2.25,1.88
2011.12.23 16:31:27.058,1.22172,1.22199,2.25,1.88
2011.12.23 16:31:27.267,1.22172,1.22199,2.25,1.88
2011.12.23 16:31:27.636,1.22172,1.22199,2.25,1.88
2011.12.23 16:31:28.345,1.22174,1.22197,1.50,1.50
2011.12.23 16:31:28.629,1.22153,1.2218,1.50,1.50
2011.12.23 16:31:29.176,1.22153,1.2218,1.50,1.50
2011.12.23 16:31:29.319,1.2215,1.22177,1.50,1.50
2011.12.23 16:31:29.718,1.22148,1.22176,1.50,1.13
2011.12.23 16:31:30.048,1.22144,1.22176,2.25,1.13
2011.12.23 16:31:30.263,1.22144,1.22173,1.50,1.50
2011.12.23 16:31:30.716,1.22144,1.22173,1.50,1.50
2011.12.23 16:31:31.407,1.22143,1.22173,1.50,1.50
2011.12.23 16:31:31.759,1.22135,1.22164,1.50,2.25
2011.12.23 16:31:32.104,1.22135,1.22162,1.50,1.88
2011.12.23 16:31:32.177,1.22132,1.22159,3.00,1.04
2011.12.23 16:31:32.318,1.22132,1.22157,1.50,1.04
2011.12.23 16:31:32.517,1.22129,1.22156,3.00,1.04
2011.12.23 16:31:32.658,1.22129,1.22156,1.50,1.04
2011.12.23 16:31:34.121,1.22124,1.22151,1.50,1.13
2011.12.23 16:31:34.267,1.22122,1.2215,2.25,1.50
2011.12.23 16:31:34.336,1.22122,1.2215,1.50,2.25
2011.12.23 16:31:34.480,1.22119,1.22147,1.50,1.50
2011.12.23 16:31:34.687,1.22119,1.2214,1.50,1.50
2011.12.23 16:31:34.833,1.22116,1.22138,1.50,1.50
2011.12.23 16:31:35.054,1.22119,1.22142,1.50,1.13
2011.12.23 16:31:35.128,1.22113,1.22142,1.50,1.88
2011.12.23 16:31:35.271,1.22113,1.22137,1.50,2.25
2011.12.23 16:31:35.349,1.22107,1.22137,1.50,3.00
2011.12.23 16:31:35.423,1.22105,1.22136,2.25,1.50
2011.12.23 16:31:35.498,1.22103,1.22134,1.50,2.68
2011.12.23 16:31:35.638,1.22102,1.22126,1.50,1.08
2011.12.23 16:31:35.776,1.22102,1.22126,1.50,1.27
2011.12.23 16:31:36.190,1.22104,1.22126,1.50,1.27
2011.12.23 16:31:36.609,1.22105,1.22127,1.50,1.27
2011.12.23 16:31:36.678,1.221,1.22127,1.50,1.27
2011.12.23 16:31:36.817,1.221,1.22126,1.50,1.22
2011.12.23 16:31:37.156,1.221,1.22128,2.25,1.60
2011.12.23 16:31:37.519,1.221,1.22128,3.75,1.32
2011.12.23 16:31:37.846,1.221,1.22128,3.75,1.32
2011.12.23 16:31:38.307,1.22104,1.22122,1.50,1.50
2011.12.23 16:31:38.437,1.22104,1.22116,1.50,1.04
2011.12.23 16:31:38.556,1.22104,1.22122,1.50,1.04
2011.12.23 16:31:38.772,1.22101,1.22118,1.50,1.79
2011.12.23 16:31:38.848,1.22096,1.22118,1.61,1.71
2011.12.23 16:31:39.389,1.22094,1.22118,1.50,1.71
2011.12.23 16:31:41.847,1.2209,1.22116,1.50,1.50
2011.12.23 16:31:42.179,1.22093,1.22116,1.50,1.50
2011.12.23 16:31:42.525,1.22091,1.22114,1.50,1.50
2011.12.23 16:31:43.377,1.22091,1.22114,1.50,1.50
2011.12.23 16:31:43.649,1.22091,1.22114,1.50,1.50
2011.12.23 16:31:43.786,1.22088,1.22111,3.00,1.50
2011.12.23 16:31:44.268,1.22085,1.22109,1.50,1.50
2011.12.23 16:31:44.409,1.22085,1.22108,1.50,1.50
2011.12.23 16:31:44.940,1.22074,1.22099,2.25,2.25
2011.12.23 16:31:45.076,1.22074,1.22098,2.25,1.50
2011.12.23 16:31:46.159,1.22076,1.22099,2.25,1.50
2011.12.23 16:31:46.496,1.22078,1.22099,1.50,1.50
2011.12.23 16:31:46.629,1.22078,1.22104,1.50,1.50
2011.12.23 16:31:46.697,1.22079,1.22104,1.50,1.50
2011.12.23 16:31:47.186,1.22078,1.22104,1.50,2.25
2011.12.23 16:31:47.812,1.22073,1.22093,2.25,1.50
2011.12.23 16:31:47.887,1.22073,1.22093,1.50,2.25
2011.12.23 16:31:47.957,1.22073,1.22093,1.50,2.25
2011.12.23 16:31:48.026,1.2207,1.22093,3.00,2.25
2011.12.23 16:31:48.216,1.22071,1.22096,1.50,2.25
2011.12.23 16:31:48.537,1.22071,1.22096,1.50,1.50
2011.12.23 16:31:48.675,1.2207,1.22094,3.00,1.50
2011.12.23 16:31:48.748,1.22072,1.22101,1.50,1.13
2011.12.23 16:31:49.121,1.22074,1.22101,1.50,1.13
2011.12.23 16:31:56.625,1.22074,1.22097,1.50,1.50
2011.12.23 16:31:56.831,1.22068,1.22092,3.00,1.50
2011.12.23 16:31:57.046,1.22068,1.2209,1.61,1.50
2011.12.23 16:31:57.586,1.22069,1.22097,2.36,1.88
2011.12.23 16:31:57.656,1.22069,1.22097,3.11,1.88
2011.12.23 16:31:58.118,1.22072,1.22101,2.25,1.50
2011.12.23 16:31:58.861,1.22075,1.22101,1.50,1.88
2011.12.23 16:32:04.891,1.22075,1.22102,1.50,1.50
2011.12.23 16:32:05.487,1.22075,1.22103,2.25,1.50
2011.12.23 16:32:06.134,1.22075,1.221,1.50,1.50
2011.12.23 16:32:10.873,1.22075,1.221,1.50,1.50
2011.12.23 16:32:10.945,1.22072,1.221,1.50,1.50
2011.12.23 16:32:11.795,1.22072,1.221,1.50,1.50
2011.12.23 16:32:13.841,1.22076,1.22098,1.50,1.50
2011.12.23 16:32:13.916,1.22076,1.22099,1.50,1.50
2011.12.23 16:32:14.775,1.22077,1.22099,1.50,1.50
2011.12.23 16:32:14.918,1.22077,1.22102,1.50,1.13
2011.12.23 16:32:15.426,1.22077,1.22106,2.25,1.50
2011.12.23 16:32:16.325,1.22081,1.22106,1.50,1.50
2011.12.23 16:32:18.049,1.22081,1.22107,1.50,1.50
2011.12.23 16:32:24.164,1.22078,1.22106,3.00,1.50
2011.12.23 16:32:24.504,1.22078,1.22106,1.50,1.50
2011.12.23 16:32:30.317,1.22075,1.22099,2.36,4.50
2011.12.23 16:32:31.048,1.22046,1.22073,1.50,1.50
2011.12.23 16:32:31.410,1.22036,1.22064,2.25,1.50
2011.12.23 16:32:35.166,1.22033,1.22063,2.25,1.50
2011.12.23 16:32:35.355,1.22033,1.22062,2.25,1.50
2011.12.23 16:32:35.570,1.22033,1.2206,1.50,1.50
2011.12.23 16:32:35.907,1.2203,1.22056,1.50,1.50
2011.12.23 16:32:37.237,1.2203,1.22058,2.25,3.00
2011.12.23 16:32:37.768,1.2203,1.22058,3.75,1.50
2011.12.23 16:32:37.848,1.22043,1.2207,2.25,1.13
2011.12.23 16:32:38.118,1.2204,1.22068,2.25,1.50
2011.12.23 16:32:38.878,1.2204,1.22068,2.25,2.25
2011.12.23 16:32:39.818,1.2204,1.22068,1.50,2.25
2011.12.23 16:32:40.156,1.22037,1.22068,2.25,2.25
2011.12.23 16:32:47.555,1.22037,1.22068,2.25,2.63
2011.12.23 16:32:50.497,1.2204,1.22068,1.50,1.88
2011.12.23 16:32:50.707,1.2204,1.22068,2.25,1.13
2011.12.23 16:32:52.737,1.22043,1.22071,1.50,1.13
2011.12.23 16:32:52.945,1.22043,1.22071,2.25,1.13
2011.12.23 16:32:53.146,1.22043,1.22071,2.25,1.13
2011.12.23 16:32:53.367,1.22047,1.22071,2.25,1.13
2011.12.23 16:33:00.045,1.22049,1.22075,1.50,1.13
2011.12.23 16:33:00.555,1.22049,1.22078,1.50,1.88
2011.12.23 16:33:02.726,1.22047,1.22075,2.25,1.50
2011.12.23 16:33:02.856,1.22047,1.22075,2.25,1.50
2011.12.23 16:33:03.468,1.22047,1.22067,1.50,1.50
2011.12.23 16:33:03.859,1.22043,1.22064,1.50,1.50
2011.12.23 16:33:05.669,1.22043,1.22064,1.50,1.50
2011.12.23 16:33:07.027,1.22039,1.22064,1.50,1.50
2011.12.23 16:33:09.156,1.22039,1.22063,1.50,1.50
2011.12.23 16:33:09.226,1.22039,1.22064,1.50,1.50
2011.12.23 16:33:09.297,1.22039,1.22064,1.50,1.50
2011.12.23 16:33:09.650,1.22039,1.22063,1.50,1.50
2011.12.23 16:33:10.029,1.22042,1.22063,1.50,1.50
2011.12.23 16:33:11.259,1.22042,1.22064,1.50,1.50
2011.12.23 16:33:21.795,1.22042,1.22065,1.50,1.50
2011.12.23 16:33:26.553,1.2204,1.22065,2.25,1.50
2011.12.23 16:33:27.122,1.22042,1.22065,1.50,1.50
2011.12.23 16:33:33.541,1.22042,1.22068,2.25,1.50
2011.12.23 16:33:37.437,1.22035,1.22065,2.36,1.50
2011.12.23 16:33:40.178,1.22037,1.22065,1.50,1.50
2011.12.23 16:33:41.956,1.22041,1.22068,1.50,1.50
2011.12.23 16:33:42.085,1.22041,1.22069,1.50,2.25
2011.12.23 16:33:42.155,1.22041,1.22068,1.50,1.50
2011.12.23 16:33:42.895,1.22041,1.2206,1.50,1.50
2011.12.23 16:33:48.559,1.22036,1.2206,1.61,1.50
2011.12.23 16:33:48.631,1.22036,1.22064,1.50,1.50
2011.12.23 16:33:49.147,1.22036,1.22064,1.50,2.25
2011.12.23 16:33:50.567,1.22041,1.22064,1.50,1.50
2011.12.23 16:33:50.835,1.22042,1.22068,1.50,3.00
2011.12.23 16:33:51.488,1.22041,1.22066,1.50,1.50
2011.12.23 16:33:52.636,1.22042,1.22067,1.50,1.50
2011.12.23 16:33:52.816,1.22042,1.22066,1.50,1.50
2011.12.23 16:33:53.745,1.22038,1.22065,2.25,1.50
2011.12.23 16:33:54.394,1.22041,1.22066,1.50,1.50
2011.12.23 16:33:54.706,1.22038,1.22062,2.25,1.50
2011.12.23 16:33:55.041,1.22033,1.22056,2.25,1.50
2011.12.23 16:33:55.187,1.2203,1.22055,2.25,2.25
2011.12.23 16:33:55.776,1.22032,1.22055,1.50,1.50
2011.12.23 16:33:55.916,1.22032,1.22058,1.50,2.25
2011.12.23 16:33:56.058,1.22033,1.22059,2.25,1.50
2011.12.23 16:34:04.778,1.22033,1.22058,1.50,1.50
2011.12.23 16:34:04.917,1.2203,1.22056,2.25,1.50
2011.12.23 16:34:05.236,1.2203,1.22056,2.25,1.50
2011.12.23 16:34:05.305,1.22031,1.22056,1.50,1.50
2011.12.23 16:34:08.025,1.22031,1.22058,2.25,1.50
2011.12.23 16:34:14.109,1.22036,1.22059,1.50,1.50
2011.12.23 16:34:15.366,1.22036,1.22059,1.50,1.50
2011.12.23 16:34:16.231,1.22039,1.22062,1.50,2.63
2011.12.23 16:34:16.440,1.22042,1.22063,1.50,1.13
2011.12.23 16:34:16.721,1.22037,1.22062,1.50,1.50
2011.12.23 16:34:17.625,1.22038,1.22062,2.25,1.88
2011.12.23 16:34:17.702,1.22039,1.22063,1.50,1.13
2011.12.23 16:34:17.778,1.22037,1.22062,2.25,1.13
2011.12.23 16:34:18.127,1.22039,1.22062,1.50,1.13
2011.12.23 16:34:27.117,1.22037,1.22058,1.50,1.50
2011.12.23 16:34:28.656,1.22037,1.22058,1.50,1.50
2011.12.23 16:34:31.109,1.22037,1.22058,1.50,1.50
2011.12.23 16:34:47.391,1.22032,1.22054,1.50,1.50
2011.12.23 16:34:47.543,1.22026,1.2205,1.50,1.50
2011.12.23 16:34:47.624,1.22026,1.22051,1.50,1.50
2011.12.23 16:34:47.703,1.22024,1.22045,1.50,1.50
2011.12.23 16:34:48.059,1.22019,1.22045,2.25,2.25
2011.12.23 16:34:48.884,1.22016,1.22044,3.75,1.50
2011.12.23 16:34:51.211,1.22016,1.22044,3.75,2.25
2011.12.23 16:34:51.406,1.22016,1.22043,2.25,1.88
2011.12.23 16:34:51.728,1.22012,1.22037,2.25,1.50
2011.12.23 16:34:51.799,1.22012,1.22037,2.25,2.25
2011.12.23 16:34:51.868,1.22008,1.22034,3.00,1.50
2011.12.23 16:34:52.009,1.22008,1.22034,2.25,1.50
2011.12.23 16:34:52.147,1.22006,1.22034,3.00,1.50
2011.12.23 16:34:52.477,1.22005,1.22032,1.50,1.50
2011.12.23 16:34:52.687,1.22003,1.2203,2.25,1.50
2011.12.23 16:34:53.156,1.22,1.22028,3.00,1.50
2011.12.23 16:34:57.025,1.22,1.22028,3.00,1.50
2011.12.23 16:35:01.297,1.22,1.2203,3.75,1.50
2011.12.23 16:35:01.716,1.22019,1.22032,4.50,1.88
2011.12.23 16:35:01.791,1.2202,1.22039,2.25,3.00
2011.12.23 16:35:01.870,1.22021,1.22043,1.50,1.13
2011.12.23 16:35:02.011,1.22021,1.22043,1.50,1.50
2011.12.23 16:35:02.232,1.22016,1.22046,3.00,1.50
2011.12.23 16:35:02.510,1.22015,1.2204,1.50,1.50
2011.12.23 16:35:02.778,1.22015,1.2204,1.50,1.50
2011.12.23 16:35:03.297,1.22015,1.22043,1.50,1.50
2011.12.23 16:35:03.703,1.22017,1.22043,1.50,1.50
2011.12.23 16:35:04.193,1.2202,1.22046,1.50,1.50
2011.12.23 16:35:04.536,1.2202,1.22048,1.50,3.00
2011.12.23 16:35:04.807,1.2202,1.22046,1.50,1.50
2011.12.23 16:35:05.777,1.2202,1.22048,1.50,2.25
2011.12.23 16:35:06.385,1.2202,1.22046,1.50,1.50
2011.12.23 16:35:07.436,1.2202,1.22046,1.50,1.50
2011.12.23 16:35:12.099,1.2202,1.22046,1.50,1.50
2011.12.23 16:35:16.092,1.22021,1.22045,1.50,1.50
2011.12.23 16:35:16.697,1.22018,1.22043,1.50,1.50
2011.12.23 16:35:16.771,1.22018,1.22043,1.50,2.25
2011.12.23 16:35:18.316,1.22017,1.22038,1.50,1.27
2011.12.23 16:35:19.009,1.22018,1.2204,1.50,1.50
2011.12.23 16:35:19.207,1.22018,1.22043,2.25,1.50
2011.12.23 16:35:19.562,1.2202,1.22045,2.25,2.25
2011.12.23 16:35:20.075,1.22022,1.22051,1.50,1.50
2011.12.23 16:35:20.150,1.22021,1.22051,1.61,1.50
2011.12.23 16:35:20.675,1.22021,1.22051,1.50,1.50
2011.12.23 16:35:23.632,1.22019,1.22049,2.36,2.25
2011.12.23 16:35:25.110,1.22019,1.22047,1.61,1.60
2011.12.23 16:35:25.179,1.22017,1.22047,2.36,1.60
2011.12.23 16:35:25.319,1.22017,1.22038,1.50,1.27
2011.12.23 16:35:25.666,1.22014,1.22037,5.25,1.97
2011.12.23 16:35:26.066,1.22016,1.22041,1.50,1.50
2011.12.23 16:35:29.558,1.22012,1.22041,1.50,1.50
2011.12.23 16:35:29.700,1.22011,1.22036,1.50,1.50
2011.12.23 16:35:30.153,1.22011,1.22038,1.50,2.25
2011.12.23 16:35:30.235,1.22006,1.22038,3.00,2.25
2011.12.23 16:35:31.716,1.22006,1.22031,3.00,1.50
2011.12.23 16:35:31.931,1.22005,1.22029,1.50,1.50
2011.12.23 16:35:33.738,1.22005,1.22029,2.25,1.50
2011.12.23 16:35:38.984,1.22005,1.22029,1.50,1.50
2011.12.23 16:35:39.069,1.22008,1.2203,1.50,1.50
2011.12.23 16:35:42.717,1.22008,1.22033,1.50,1.50
2011.12.23 16:35:44.257,1.22006,1.22028,1.50,1.50
2011.12.23 16:35:44.400,1.22005,1.22028,2.25,1.50
2011.12.23 16:35:44.606,1.22002,1.22028,1.50,1.50
2011.12.23 16:35:44.808,1.22001,1.22031,3.00,1.50
2011.12.23 16:35:45.017,1.22001,1.22028,2.25,1.50
2011.12.23 16:35:50.401,1.22001,1.22028,2.25,1.50
2011.12.23 16:35:51.895,1.22001,1.22026,1.50,1.50
2011.12.23 16:35:52.891,1.21999,1.22026,1.50,1.50
2011.12.23 16:35:53.466,1.21997,1.22026,3.00,1.50
2011.12.23 16:35:53.970,1.21997,1.22022,1.50,1.50
2011.12.23 16:35:54.519,1.21996,1.22022,1.50,1.88
2011.12.23 16:36:02.209,1.21994,1.22022,3.00,1.88
2011.12.23 16:36:09.475,1.21992,1.22018,2.25,1.50
2011.12.23 16:36:09.615,1.21992,1.22018,2.25,1.50
2011.12.23 16:36:10.985,1.21992,1.22018,2.25,1.13
2011.12.23 16:36:11.196,1.21995,1.22022,1.50,1.50
2011.12.23 16:36:14.577,1.21998,1.22023,1.50,1.88
2011.12.23 16:36:14.837,1.21999,1.22027,2.25,1.13
2011.12.23 16:36:15.098,1.22001,1.22028,2.25,1.13
2011.12.23 16:36:20.427,1.22001,1.22029,1.50,1.50
2011.12.23 16:36:20.790,1.22003,1.22029,1.50,1.50
2011.12.23 16:36:24.590,1.22003,1.22031,1.50,1.50
2011.12.23 16:36:24.855,1.22003,1.22033,2.25,1.50
2011.12.23 16:36:24.926,1.22004,1.22033,1.50,1.50
2011.12.23 16:36:25.200,1.22007,1.22037,1.50,1.50
2011.12.23 16:36:25.916,1.22007,1.22038,1.61,2.25
2011.12.23 16:36:26.269,1.22007,1.22037,3.11,1.41
2011.12.23 16:36:27.545,1.22007,1.22036,3.00,1.41
2011.12.23 16:36:28.239,1.22008,1.22036,1.50,1.41
2011.12.23 16:36:29.715,1.22007,1.22036,1.50,1.79
2011.12.23 16:36:30.039,1.22001,1.22026,2.36,1.41
2011.12.23 16:36:30.608,1.21999,1.22026,3.11,1.41
2011.12.23 16:36:31.952,1.21999,1.22026,3.11,1.41
2011.12.23 16:36:32.986,1.21999,1.22025,1.61,1.50
2011.12.23 16:36:33.295,1.21999,1.22016,1.50,1.41
2011.12.23 16:36:39.140,1.22005,1.22026,1.50,1.50
2011.12.23 16:36:39.419,1.22018,1.22041,1.50,1.50
2011.12.23 16:36:39.491,1.22015,1.22041,2.25,1.50
2011.12.23 16:36:39.642,1.2201,1.22037,1.50,3.00
2011.12.23 16:36:39.722,1.2201,1.22033,1.50,1.50
2011.12.23 16:36:40.068,1.22006,1.22031,2.25,1.50
2011.12.23 16:36:40.202,1.22004,1.22031,1.61,1.50
2011.12.23 16:36:40.282,1.22001,1.22031,1.50,2.25
2011.12.23 16:36:43.160,1.22002,1.2203,1.50,1.50
2011.12.23 16:36:43.829,1.22002,1.2203,1.50,1.50
2011.12.23 16:36:45.047,1.22002,1.2203,2.25,1.50
2011.12.23 16:36:45.667,1.22011,1.22033,1.50,1.13
2011.12.23 16:36:45.748,1.22009,1.22035,3.00,1.13
2011.12.23 16:36:47.709,1.22009,1.22035,1.50,1.50
2011.12.23 16:36:48.432,1.22007,1.22036,1.50,1.13
2011.12.23 16:36:48.598,1.22003,1.22034,3.00,2.25
2011.12.23 16:36:54.276,1.22004,1.22032,1.50,1.50
2011.12.23 16:36:54.475,1.22005,1.22032,1.50,1.50
2011.12.23 16:36:55.891,1.22005,1.22034,1.50,1.88
2011.12.23 16:36:56.227,1.22001,1.22028,1.50,2.25
2011.12.23 16:37:03.205,1.22001,1.22028,1.50,2.25
2011.12.23 16:37:07.629,1.22001,1.22028,1.50,1.50
2011.12.23 16:37:09.353,1.22003,1.22028,1.50,1.50
2011.12.23 16:37:12.715,1.22002,1.22027,1.50,1.50
2011.12.23 16:37:12.777,1.22002,1.22027,1.50,1.50
2011.12.23 16:37:13.127,1.22006,1.22027,1.50,1.50
2011.12.23 16:37:18.887,1.22001,1.22027,1.50,1.50
2011.12.23 16:37:19.338,1.22001,1.22027,1.50,1.50
2011.12.23 16:37:19.817,1.22001,1.22025,1.50,1.50
2011.12.23 16:37:20.020,1.22004,1.22029,1.50,2.63
2011.12.23 16:37:20.160,1.22004,1.22029,1.50,1.88
2011.12.23 16:37:20.556,1.22001,1.22029,2.25,1.88
2011.12.23 16:37:20.878,1.22002,1.22029,1.50,1.88
2011.12.23 16:37:21.522,1.22004,1.22029,1.50,2.63
2011.12.23 16:37:21.744,1.22006,1.22033,1.50,5.25
2011.12.23 16:37:22.378,1.22003,1.2203,1.50,3.75
2011.12.23 16:37:22.732,1.21996,1.22024,2.25,1.55
2011.12.23 16:37:22.807,1.21996,1.22024,1.50,1.55
2011.12.23 16:37:25.920,1.21996,1.22022,1.50,1.50
2011.12.23 16:37:26.787,1.21998,1.22024,1.50,1.50
2011.12.23 16:37:27.236,1.21998,1.22028,2.25,3.75
2011.12.23 16:37:27.781,1.22006,1.22034,1.50,1.50
2011.12.23 16:37:28.327,1.22002,1.22029,1.50,1.50
2011.12.23 16:37:28.467,1.22001,1.22029,3.00,1.50
2011.12.23 16:37:29.575,1.22001,1.22029,3.00,1.50
2011.12.23 16:37:31.849,1.22001,1.22029,3.75,1.50
2011.12.23 16:37:31.917,1.22002,1.22029,1.50,1.50
2011.12.23 16:37:32.489,1.22014,1.22033,1.50,2.25
2011.12.23 16:37:32.560,1.22016,1.22037,1.50,1.50
2011.12.23 16:37:32.768,1.22017,1.22038,1.50,1.50
2011.12.23 16:37:33.238,1.22022,1.22046,1.50,1.50
2011.12.23 16:37:33.309,1.22022,1.22048,1.50,1.50
2011.12.23 16:37:34.047,1.22022,1.22048,1.50,1.50
2011.12.23 16:37:35.517,1.22022,1.22048,1.50,1.50
2011.12.23 16:37:39.627,1.22021,1.22048,3.00,1.50
2011.12.23 16:37:39.965,1.22021,1.22048,2.25,1.50
2011.12.23 16:37:42.151,1.22021,1.22048,2.25,1.50
2011.12.23 16:37:46.447,1.22021,1.22048,3.00,1.50
2011.12.23 16:37:46.646,1.22021,1.22044,3.00,2.25
2011.12.23 16:37:46.720,1.22021,1.22044,3.00,1.50
2011.12.23 16:37:46.787,1.22021,1.22037,2.25,1.50
2011.12.23 16:37:46.988,1.22021,1.22043,1.50,1.50
2011.12.23 16:37:47.060,1.22015,1.22043,1.50,1.50
2011.12.23 16:37:47.268,1.22015,1.22043,1.50,1.50
2011.12.23 16:37:47.909,1.22013,1.22044,3.00,1.50
2011.12.23 16:37:49.405,1.22013,1.22039,1.50,1.50
2011.12.23 16:37:50.357,1.2201,1.22042,2.25,2.25
2011.12.23 16:37:50.433,1.2201,1.22041,1.50,2.25
2011.12.23 16:37:51.096,1.22012,1.22043,1.50,1.50
2011.12.23 16:37:53.287,1.2201,1.22043,1.50,3.75
2011.12.23 16:37:53.728,1.22009,1.22043,3.00,3.75
2011.12.23 16:37:55.313,1.22011,1.22043,3.00,1.05
2011.12.23 16:37:55.597,1.22011,1.22043,3.75,1.05
2011.12.23 16:37:55.929,1.22013,1.22043,1.50,1.05
2011.12.23 16:37:58.303,1.22012,1.22043,1.50,1.05
2011.12.23 16:37:58.636,1.22013,1.22043,1.50,1.05
2011.12.23 16:37:59.459,1.22013,1.22042,1.50,1.05
2011.12.23 16:38:01.646,1.22013,1.22042,1.50,1.05
2011.12.23 16:38:06.887,1.22013,1.22042,1.50,1.05
2011.12.23 16:38:07.107,1.22013,1.2204,1.50,1.50
2011.12.23 16:38:11.337,1.22013,1.2204,1.50,1.50
2011.12.23 16:38:11.596,1.22015,1.22043,1.50,1.50
2011.12.23 16:38:11.741,1.22013,1.22043,2.25,1.50
2011.12.23 16:38:11.881,1.22013,1.22043,1.50,1.50
2011.12.23 16:38:12.719,1.2201,1.22035,3.00,1.50
2011.12.23 16:38:12.791,1.2201,1.22035,2.25,1.50
2011.12.23 16:38:13.383,1.2201,1.22038,2.25,2.25
2011.12.23 16:38:13.458,1.22013,1.22041,2.25,1.13
2011.12.23 16:38:15.937,1.22013,1.22041,3.00,1.13
2011.12.23 16:38:16.289,1.22012,1.22042,1.50,2.25
2011.12.23 16:38:18.481,1.22011,1.22039,1.50,2.25
2011.12.23 16:38:19.020,1.22007,1.22039,3.00,2.25
2011.12.23 16:38:19.508,1.22006,1.22037,1.50,3.00
2011.12.23 16:38:20.013,1.22006,1.22026,1.50,1.18
2011.12.23 16:38:24.617,1.22006,1.22026,1.50,1.18
2011.12.23 16:38:24.967,1.22007,1.22027,1.50,1.18
2011.12.23 16:38:26.990,1.22008,1.22027,2.25,1.18
2011.12.23 16:38:27.061,1.22008,1.22027,1.50,1.18
2011.12.23 16:38:27.131,1.22003,1.22027,3.86,1.18
2011.12.23 16:38:27.268,1.22003,1.22026,2.36,1.18
2011.12.23 16:38:27.688,1.22003,1.22026,2.25,1.18
2011.12.23 16:38:28.212,1.22006,1.22027,2.25,1.18
2011.12.23 16:38:29.910,1.22006,1.22028,3.00,1.18
2011.12.23 16:38:30.458,1.22009,1.22028,3.00,1.18
2011.12.23 16:38:32.585,1.22011,1.22031,1.50,1.18
2011.12.23 16:38:39.430,1.2201,1.22031,1.50,1.18
2011.12.23 16:38:39.938,1.2201,1.22031,1.50,1.18
2011.12.23 16:38:40.453,1.2201,1.22029,2.25,1.18
2011.12.23 16:38:45.679,1.22013,1.22029,1.50,1.18
2011.12.23 16:38:45.953,1.22018,1.22042,1.50,1.50
2011.12.23 16:38:46.027,1.22018,1.22043,2.25,1.50
2011.12.23 16:38:46.566,1.22018,1.22047,2.25,2.25
2011.12.23 16:38:47.268,1.22021,1.22048,1.50,1.50
2011.12.23 16:38:49.438,1.22021,1.22044,1.50,1.50
2011.12.23 16:38:50.028,1.22016,1.22036,3.00,1.50
2011.12.23 16:38:50.538,1.22016,1.22041,2.25,1.50
2011.12.23 16:38:50.735,1.22013,1.22039,1.50,1.50
2011.12.23 16:38:52.429,1.22011,1.22039,3.75,1.50
2011.12.23 16:38:55.244,1.22013,1.22039,1.50,1.50
2011.12.23 16:38:58.070,1.22013,1.22039,1.50,1.50
2011.12.23 16:38:58.377,1.22012,1.22039,1.50,1.50
2011.12.23 16:38:58.706,1.22012,1.22035,1.50,1.50
2011.12.23 16:38:59.657,1.22011,1.22035,3.00,1.50
2011.12.23 16:39:00.345,1.22009,1.22033,2.25,1.50
2011.12.23 16:39:02.727,1.22009,1.22033,2.25,1.50
2011.12.23 16:39:07.641,1.22005,1.22033,1.50,1.50
2011.12.23 16:39:08.120,1.22008,1.22033,1.50,1.50
2011.12.23 16:39:12.647,1.22009,1.22033,1.50,1.50
2011.12.23 16:39:16.875,1.22009,1.22033,1.50,1.50
2011.12.23 16:39:17.569,1.22009,1.22033,1.50,1.50
2011.12.23 16:39:22.760,1.2201,1.22037,1.50,1.13
2011.12.23 16:39:22.890,1.22016,1.22038,1.50,1.88
2011.12.23 16:39:23.448,1.22014,1.22039,2.25,2.63
2011.12.23 16:39:23.999,1.22014,1.22039,2.25,1.88
2011.12.23 16:39:25.998,1.22014,1.22039,2.25,2.63
2011.12.23 16:39:27.936,1.22011,1.22039,3.75,1.88
2011.12.23 16:39:28.208,1.22016,1.22034,1.50,1.50
2011.12.23 16:39:32.458,1.22016,1.22034,1.50,1.50
2011.12.23 16:39:32.780,1.22017,1.22037,3.00,1.50
2011.12.23 16:39:33.411,1.22022,1.22045,2.25,1.50
2011.12.23 16:39:33.502,1.22026,1.22045,1.50,1.50
2011.12.23 16:39:38.852,1.22025,1.22044,2.25,1.50
2011.12.23 16:39:38.935,1.22022,1.22044,1.50,1.50
2011.12.23 16:39:39.011,1.22021,1.22039,2.25,1.27
2011.12.23 16:39:39.348,1.22023,1.22039,1.50,1.27
2011.12.23 16:39:39.723,1.22023,1.22043,1.50,1.50
2011.12.23 16:39:39.987,1.22024,1.22046,1.50,1.50
2011.12.23 16:39:40.699,1.22021,1.22043,2.25,1.50
2011.12.23 16:39:41.027,1.22016,1.22034,2.25,1.50
2011.12.23 16:39:43.988,1.22016,1.22034,2.25,1.50
2011.12.23 16:39:44.467,1.22016,1.22037,3.00,1.50
2011.12.23 16:39:44.680,1.22019,1.22042,3.75,1.50
2011.12.23 16:39:44.888,1.22019,1.22048,4.50,1.50
2011.12.23 16:39:44.958,1.22019,1.22048,4.50,1.50
2011.12.23 16:39:45.215,1.22019,1.22049,4.50,1.50
2011.12.23 16:39:46.906,1.22019,1.22048,4.50,1.50
2011.12.23 16:39:52.765,1.22019,1.22049,3.75,1.50
2011.12.23 16:39:55.550,1.22015,1.22034,1.50,1.50
2011.12.23 16:39:55.817,1.22014,1.22038,1.50,2.25
2011.12.23 16:40:02.229,1.22014,1.22038,1.50,1.50
2011.12.23 16:40:07.946,1.22013,1.22038,2.25,2.25
2011.12.23 16:40:08.269,1.22013,1.22038,1.50,1.88
2011.12.23 16:40:09.220,1.22011,1.22038,2.25,2.63
2011.12.23 16:40:09.606,1.2201,1.22035,2.25,1.50
2011.12.23 16:40:18.456,1.2201,1.22036,2.25,1.50
2011.12.23 16:40:32.749,1.2201,1.22037,2.25,1.50
2011.12.23 16:40:33.331,1.22012,1.22038,1.50,1.50
2011.12.23 16:40:33.442,1.22011,1.22037,1.50,1.50
2011.12.23 16:40:33.789,1.22011,1.22023,1.50,1.50
2011.12.23 16:40:34.296,1.2201,1.22022,2.25,1.50
2011.12.23 16:40:35.011,1.22008,1.22022,1.50,1.50
2011.12.23 16:40:35.653,1.22006,1.22032,2.25,1.50
2011.12.23 16:40:35.797,1.22006,1.22033,2.25,1.50
2011.12.23 16:40:36.495,1.22002,1.22033,3.00,1.50
2011.12.23 16:40:36.832,1.22002,1.22016,3.11,1.41
2011.12.23 16:40:38.093,1.22002,1.22017,1.50,1.41
2011.12.23 16:40:38.671,1.22002,1.22019,2.25,1.41
2011.12.23 16:40:39.189,1.21998,1.22019,3.00,1.16
2011.12.23 16:40:39.756,1.21998,1.22019,3.00,1.16
2011.12.23 16:40:49.941,1.22,1.22019,3.00,1.16
2011.12.23 16:40:50.590,1.22,1.22018,1.50,1.16
2011.12.23 16:40:58.919,1.21998,1.22016,2.25,1.16
2011.12.23 16:40:59.866,1.22002,1.22033,1.50,3.78
2011.12.23 16:41:00.058,1.22002,1.22033,1.50,3.75
2011.12.23 16:41:00.127,1.22002,1.22033,2.25,3.75
2011.12.23 16:41:01.049,1.21999,1.22028,1.50,1.50
2011.12.23 16:41:01.619,1.21998,1.22028,2.25,1.50
2011.12.23 16:41:02.157,1.22001,1.22026,1.50,1.27
2011.12.23 16:41:05.883,1.21998,1.22019,2.36,1.50
2011.12.23 16:41:06.183,1.21993,1.22019,3.00,1.53
2011.12.23 16:41:06.330,1.21993,1.22016,3.00,1.27
2011.12.23 16:41:06.472,1.21992,1.22016,1.50,1.27
2011.12.23 16:41:06.832,1.21989,1.22016,1.50,1.50
2011.12.23 16:41:07.158,1.21988,1.22007,2.25,1.13
2011.12.23 16:41:07.298,1.21988,1.22016,2.25,1.50
2011.12.23 16:41:07.953,1.21986,1.22013,2.25,1.50
2011.12.23 16:41:08.449,1.21986,1.22013,1.50,1.50
2011.12.23 16:41:08.662,1.21984,1.22013,2.25,2.25
2011.12.23 16:41:09.078,1.21984,1.22012,2.25,1.53
2011.12.23 16:41:09.151,1.21984,1.22012,2.25,1.50
2011.12.23 16:41:10.577,1.21984,1.22012,2.25,1.50
2011.12.23 16:41:14.518,1.21984,1.22016,2.25,2.63
2011.12.23 16:41:15.538,1.21984,1.22016,2.25,2.63
2011.12.23 16:41:19.708,1.21986,1.22016,3.00,1.13
2011.12.23 16:41:20.276,1.21986,1.22016,2.25,1.13
2011.12.23 16:41:21.091,1.21986,1.22016,3.00,1.13
2011.12.23 16:41:22.487,1.21986,1.22016,2.25,1.13
2011.12.23 16:41:25.907,1.21984,1.22013,3.00,1.50
2011.12.23 16:41:34.980,1.21982,1.22008,2.25,1.50
2011.12.23 16:41:35.048,1.2198,1.22008,2.36,1.50
2011.12.23 16:41:35.189,1.2198,1.22006,1.50,1.50
2011.12.23 16:41:35.258,1.21977,1.22006,3.00,1.50
2011.12.23 16:41:35.578,1.21974,1.22006,3.00,1.50
2011.12.23 16:41:45.814,1.21974,1.22004,3.00,1.50
2011.12.23 16:41:47.811,1.21977,1.22004,2.36,1.50
2011.12.23 16:41:47.883,1.21985,1.22007,1.61,1.50
2011.12.23 16:41:48.034,1.21994,1.22009,1.50,2.25
2011.12.23 16:41:48.120,1.22002,1.22009,1.50,1.50
2011.12.23 16:41:48.198,1.22002,1.22015,1.50,1.43
2011.12.23 16:41:48.283,1.22001,1.22023,1.50,1.50
2011.12.23 16:41:49.093,1.22001,1.22026,1.50,1.50
2011.12.23 16:41:54.742,1.21998,1.22023,2.25,1.50
2011.12.23 16:42:00.656,1.21998,1.22023,1.50,1.50
2011.12.23 16:42:03.247,1.21998,1.22018,2.25,1.13
2011.12.23 16:42:03.809,1.21996,1.22018,2.25,1.13
2011.12.23 16:42:04.329,1.21996,1.22017,3.00,1.13
2011.12.23 16:42:08.306,1.21999,1.22016,1.50,1.13
2011.12.23 16:42:17.318,1.21996,1.22016,3.00,1.13
2011.12.23 16:42:19.659,1.21998,1.22017,1.50,1.13
2011.12.23 16:42:24.509,1.21996,1.22017,2.25,1.13
2011.12.23 16:42:30.437,1.21996,1.22016,1.50,1.13
2011.12.23 16:42:34.856,1.21996,1.22016,2.25,1.13
2011.12.23 16:42:35.295,1.21993,1.22019,2.25,1.84
2011.12.23 16:42:35.500,1.21991,1.22017,2.25,2.25
2011.12.23 16:42:35.641,1.21989,1.22014,2.25,2.25
2011.12.23 16:42:35.840,1.21989,1.22013,1.50,1.50
2011.12.23 16:42:36.286,1.21989,1.22013,2.25,1.50
2011.12.23 16:42:36.367,1.21992,1.22018,3.75,3.00
2011.12.23 16:42:36.514,1.21995,1.22018,1.50,3.00
2011.12.23 16:42:36.958,1.21995,1.22019,1.50,1.50
2011.12.23 16:42:42.928,1.21995,1.22019,2.25,1.50
2011.12.23 16:42:43.259,1.21999,1.22019,1.50,1.50
2011.12.23 16:42:43.537,1.21999,1.22025,2.25,1.50
2011.12.23 16:42:44.097,1.21999,1.22028,2.25,1.88
2011.12.23 16:42:48.338,1.22002,1.22028,1.50,1.50
2011.12.23 16:42:48.659,1.22002,1.22024,1.50,1.50
2011.12.23 16:42:49.107,1.21998,1.22019,2.25,1.50
2011.12.23 16:43:00.647,1.21998,1.22026,2.25,2.25
2011.12.23 16:43:00.898,1.21999,1.22028,2.25,1.13
2011.12.23 16:43:01.238,1.22009,1.22031,1.50,1.50
2011.12.23 16:43:01.427,1.22008,1.22031,2.25,1.50
2011.12.23 16:43:01.559,1.22008,1.22031,1.50,2.25
2011.12.23 16:43:01.839,1.22008,1.22031,2.25,2.25
2011.12.23 16:43:04.178,1.22008,1.22029,2.25,1.50
2011.12.23 16:43:04.529,1.22007,1.22028,2.25,1.50
2011.12.23 16:43:05.015,1.22004,1.22028,1.50,1.50
2011.12.23 16:43:05.087,1.22004,1.22028,1.50,1.65
2011.12.23 16:43:05.439,1.22002,1.22028,1.50,1.65
2011.12.23 16:43:06.219,1.22,1.22025,1.50,1.65
2011.12.23 16:43:09.520,1.21998,1.2202,1.50,1.65
2011.12.23 16:43:09.590,1.21995,1.22017,1.50,1.65
2011.12.23 16:43:10.265,1.21995,1.22017,1.50,1.50
2011.12.23 16:43:10.344,1.21996,1.22024,2.25,1.50
2011.12.23 16:43:10.418,1.21996,1.22024,2.25,1.50
2011.12.23 16:43:10.738,1.22,1.22025,1.50,1.88
2011.12.23 16:43:24.416,1.21995,1.22023,2.25,1.50
2011.12.23 16:43:24.798,1.21996,1.22022,1.50,1.50
2011.12.23 16:43:27.757,1.21994,1.2202,2.25,1.50
2011.12.23 16:43:33.154,1.21994,1.22021,3.00,1.50
2011.12.23 16:43:33.234,1.21994,1.22023,2.25,1.50
2011.12.23 16:43:33.760,1.21994,1.22023,2.25,1.50
2011.12.23 16:43:34.451,1.21998,1.22011,1.50,1.79
2011.12.23 16:43:35.853,1.21998,1.22008,1.50,1.26
2011.12.23 16:43:39.416,1.21998,1.22022,1.50,1.50
2011.12.23 16:43:39.546,1.21998,1.22022,2.25,1.50
2011.12.23 16:43:42.971,1.21996,1.2202,1.50,1.13
2011.12.23 16:43:43.300,1.21992,1.22017,2.36,1.50
2011.12.23 16:43:47.706,1.21992,1.22012,2.25,1.50
2011.12.23 16:43:47.836,1.21988,1.22012,3.00,1.50
2011.12.23 16:43:50.188,1.21988,1.22014,3.00,2.63
2011.12.23 16:43:50.489,1.21988,1.22014,2.25,1.88
2011.12.23 16:43:51.167,1.21988,1.22014,2.25,2.63
2011.12.23 16:43:51.894,1.21988,1.22013,2.25,1.50
2011.12.23 16:43:55.477,1.21991,1.22012,2.25,1.50
2011.12.23 16:43:56.140,1.21989,1.22015,2.25,1.50
2011.12.23 16:44:00.147,1.21991,1.22015,1.50,1.50
2011.12.23 16:44:00.469,1.21991,1.22017,1.50,1.13
2011.12.23 16:44:00.669,1.21997,1.2202,2.25,1.13
2011.12.23 16:44:00.737,1.21997,1.22021,2.25,1.50
2011.12.23 16:44:03.488,1.21997,1.22024,2.25,1.50
2011.12.23 16:44:05.057,1.21997,1.22023,2.25,1.50
2011.12.23 16:44:05.406,1.21997,1.22022,1.50,1.50
2011.12.23 16:44:16.709,1.21994,1.2202,1.50,1.50
2011.12.23 16:44:17.031,1.21997,1.2202,1.50,1.50
2011.12.23 16:44:18.859,1.21994,1.22017,1.50,1.50
2011.12.23 16:44:18.934,1.21994,1.22014,1.50,1.50
2011.12.23 16:44:19.327,1.21989,1.22012,1.50,1.50
2011.12.23 16:44:20.308,1.21989,1.22011,1.50,1.50
2011.12.23 16:44:24.571,1.21989,1.22012,1.50,1.50
2011.12.23 16:44:29.105,1.21989,1.22013,1.50,2.25
2011.12.23 16:44:34.738,1.21991,1.22013,1.50,2.25
2011.12.23 16:44:35.150,1.21993,1.22018,1.50,1.50
2011.12.23 16:44:35.339,1.21993,1.22018,1.50,2.25
2011.12.23 16:44:36.068,1.21993,1.22018,3.00,1.50
2011.12.23 16:44:39.066,1.21993,1.22018,2.25,1.50
2011.12.23 16:44:41.917,1.21993,1.22018,2.25,2.25
2011.12.23 16:44:42.442,1.21993,1.22018,3.00,2.25
2011.12.23 16:44:43.904,1.21993,1.22019,3.00,2.25
2011.12.23 16:44:44.266,1.21999,1.22023,1.50,2.63
2011.12.23 16:44:44.480,1.22001,1.22023,2.25,1.50
2011.12.23 16:44:45.521,1.22,1.22025,3.00,1.88
2011.12.23 16:44:47.591,1.22001,1.22025,1.50,1.13
2011.12.23 16:44:55.951,1.22,1.22025,2.25,1.88
2011.12.23 16:44:56.491,1.21994,1.22023,1.50,1.50
2011.12.23 16:44:56.557,1.21994,1.22019,1.50,1.50
2011.12.23 16:44:58.146,1.21996,1.22019,1.50,1.50
2011.12.23 16:45:00.919,1.21992,1.22019,2.25,1.50
2011.12.23 16:45:01.059,1.21992,1.22019,2.25,1.50
2011.12.23 16:45:11.029,1.21989,1.22019,4.50,1.50
2011.12.23 16:45:14.397,1.21989,1.22016,3.00,1.50
2011.12.23 16:45:19.169,1.21989,1.22014,2.25,1.50
2011.12.23 16:45:19.538,1.21988,1.22016,3.00,3.00
2011.12.23 16:45:20.154,1.21988,1.22016,2.25,1.50
2011.12.23 16:45:20.562,1.21985,1.22013,2.25,1.50
2011.12.23 16:45:20.700,1.21985,1.22013,3.00,1.50
2011.12.23 16:45:21.256,1.21987,1.22016,1.50,1.50
2011.12.23 16:45:28.507,1.21985,1.22015,2.25,1.50
2011.12.23 16:45:28.582,1.21985,1.22015,2.25,1.88
2011.12.23 16:45:28.896,1.21985,1.22012,2.25,1.50
2011.12.23 16:45:31.054,1.21984,1.22009,1.50,1.50
2011.12.23 16:45:31.722,1.21983,1.22009,1.50,1.50
2011.12.23 16:45:34.828,1.21982,1.22006,1.50,1.50
2011.12.23 16:45:35.177,1.21982,1.22006,2.25,1.50
2011.12.23 16:45:35.523,1.21979,1.22,1.50,1.50
2011.12.23 16:45:35.668,1.21976,1.21999,2.25,1.50
2011.12.23 16:45:35.797,1.21976,1.21997,2.25,1.12
2011.12.23 16:45:36.455,1.21975,1.21998,1.50,1.50
2011.12.23 16:45:41.849,1.21976,1.22001,1.50,1.50
2011.12.23 16:45:44.937,1.21975,1.22,1.50,1.50
2011.12.23 16:45:52.708,1.21975,1.21999,2.25,1.50
2011.12.23 16:45:53.239,1.21975,1.21998,1.50,1.50
2011.12.23 16:45:57.846,1.21975,1.21999,2.25,2.25
2011.12.23 16:45:58.107,1.21975,1.21998,1.50,1.50
2011.12.23 16:46:01.094,1.21978,1.22003,1.50,1.50
2011.12.23 16:46:01.429,1.21978,1.22,1.50,1.50
2011.12.23 16:46:01.556,1.21978,1.22,1.50,1.50
2011.12.23 16:46:02.389,1.2198,1.22005,1.50,1.50
2011.12.23 16:46:07.409,1.21979,1.22006,3.00,1.50
2011.12.23 16:46:07.622,1.21979,1.22005,3.00,1.50
2011.12.23 16:46:10.210,1.21983,1.22008,1.50,1.50
2011.12.23 16:46:10.549,1.21986,1.22011,3.00,1.50
2011.12.23 16:46:10.747,1.21987,1.22012,1.50,1.13
2011.12.23 16:46:15.239,1.21989,1.22014,3.00,1.13
2011.12.23 16:46:15.566,1.21989,1.22014,2.25,1.13
2011.12.23 16:46:15.770,1.21985,1.22013,1.50,1.50
2011.12.23 16:46:16.038,1.21987,1.22013,3.00,1.50
2011.12.23 16:46:16.107,1.21988,1.22013,1.50,1.50
2011.12.23 16:46:16.738,1.21991,1.22014,1.50,1.13
2011.12.23 16:46:18.502,1.21989,1.22014,1.50,1.13
2011.12.23 16:46:18.586,1.21987,1.22014,2.25,1.13
2011.12.23 16:46:18.661,1.21987,1.22014,1.50,1.13
2011.12.23 16:46:19.281,1.21984,1.22008,2.25,1.50
2011.12.23 16:46:19.418,1.21984,1.22008,1.50,1.50
2011.12.23 16:46:19.677,1.21979,1.22008,3.00,1.50
2011.12.23 16:46:19.747,1.21979,1.22008,3.00,1.50
2011.12.23 16:46:28.191,1.21978,1.22,2.25,1.50
2011.12.23 16:46:28.806,1.21978,1.21999,1.50,1.50
2011.12.23 16:46:30.514,1.2198,1.21999,1.50,1.50
2011.12.23 16:46:30.658,1.2198,1.21999,1.50,1.50
2011.12.23 16:46:31.219,1.21979,1.22001,1.50,1.50
2011.12.23 16:46:31.288,1.21978,1.22,2.25,1.50
2011.12.23 16:46:35.974,1.21978,1.22,2.25,1.50
2011.12.23 16:46:36.240,1.2198,1.22004,2.25,1.50
2011.12.23 16:46:37.387,1.2198,1.22005,2.25,2.25
2011.12.23 16:46:37.936,1.2198,1.22005,3.00,1.50
2011.12.23 16:46:38.488,1.21981,1.22006,1.50,2.25
2011.12.23 16:46:38.752,1.21982,1.22006,2.25,1.50
2011.12.23 16:46:39.180,1.21979,1.22004,3.00,1.50
2011.12.23 16:46:39.309,1.21979,1.22004,3.00,1.50
2011.12.23 16:46:39.379,1.2198,1.22,1.50,1.50
2011.12.23 16:46:39.579,1.21981,1.22005,1.50,1.50
2011.12.23 16:46:39.650,1.21981,1.22005,1.50,1.50
2011.12.23 16:46:40.238,1.2198,1.22005,2.25,1.50
2011.12.23 16:46:41.039,1.2198,1.22004,1.50,1.50
2011.12.23 16:46:44.567,1.2198,1.22004,3.00,1.50
2011.12.23 16:46:45.362,1.21982,1.22005,1.50,1.50
2011.12.23 16:46:46.579,1.21982,1.22007,1.50,2.63
2011.12.23 16:46:47.421,1.21981,1.22006,1.50,1.50
2011.12.23 16:46:47.739,1.21981,1.22006,1.50,1.50
2011.12.23 16:46:47.884,1.21978,1.22006,2.25,2.25
2011.12.23 16:46:54.909,1.2198,1.22002,2.25,2.25
2011.12.23 16:46:54.979,1.21976,1.22002,1.50,2.25
2011.12.23 16:46:55.050,1.21976,1.21998,1.50,1.50
2011.12.23 16:46:55.377,1.2198,1.21999,1.50,1.13
2011.12.23 16:46:55.448,1.2198,1.22001,1.50,1.13
2011.12.23 16:46:55.578,1.21981,1.22003,1.50,1.13
2011.12.23 16:46:55.708,1.21981,1.22003,1.50,1.13
2011.12.23 16:46:56.477,1.21981,1.22005,1.50,1.88
2011.12.23 16:47:00.060,1.21981,1.22005,1.50,1.50
2011.12.23 16:47:03.840,1.21981,1.22005,1.50,1.50
2011.12.23 16:47:07.629,1.21986,1.22009,2.25,1.50
2011.12.23 16:47:08.039,1.21984,1.22008,3.00,1.50
2011.12.23 16:47:08.606,1.21984,1.22008,2.25,1.50
2011.12.23 16:47:10.781,1.21985,1.22008,1.50,1.50
2011.12.23 16:47:18.315,1.21983,1.22008,3.75,1.50
2011.12.23 16:47:18.626,1.21983,1.22008,2.25,1.50
2011.12.23 16:47:19.997,1.2198,1.22008,3.00,2.25
2011.12.23 16:47:23.958,1.2198,1.22004,2.25,1.50
2011.12.23 16:47:35.430,1.21979,1.22004,2.25,1.50
2011.12.23 16:47:36.053,1.21978,1.22004,1.50,1.50
2011.12.23 16:47:36.130,1.21978,1.22004,2.25,1.50
2011.12.23 16:47:43.066,1.21978,1.22004,2.25,1.50
2011.12.23 16:47:46.301,1.21978,1.22004,3.00,1.50
2011.12.23 16:47:46.429,1.21979,1.22004,1.50,1.50
2011.12.23 16:47:46.908,1.21979,1.22004,1.50,1.50
2011.12.23 16:47:47.973,1.21978,1.22004,2.25,1.50
2011.12.23 16:47:48.473,1.21978,1.22004,2.25,1.50
2011.12.23 16:47:51.165,1.21978,1.22004,2.25,1.50
2011.12.23 16:47:52.348,1.21978,1.22004,3.00,1.50
2011.12.23 16:47:53.121,1.21978,1.22004,3.00,1.50
2011.12.23 16:48:05.065,1.21978,1.22004,2.25,1.50
2011.12.23 16:48:07.180,1.21978,1.22006,3.00,2.63
2011.12.23 16:48:07.245,1.21981,1.22005,1.50,1.50
2011.12.23 16:48:07.510,1.21983,1.22006,3.75,1.13
2011.12.23 16:48:07.697,1.21983,1.22005,2.25,1.50
2011.12.23 16:48:07.768,1.21981,1.22004,3.75,1.50
2011.12.23 16:48:08.666,1.21979,1.22004,1.50,1.50
2011.12.23 16:48:08.739,1.21978,1.22004,1.50,1.50
2011.12.23 16:48:09.086,1.21978,1.22004,1.50,1.50
2011.12.23 16:48:19.515,1.21978,1.22004,1.50,1.50
2011.12.23 16:48:20.525,1.21976,1.22004,2.25,1.50
2011.12.23 16:48:23.505,1.21975,1.22003,1.50,1.50
2011.12.23 16:48:23.576,1.21975,1.22003,1.50,1.50
2011.12.23 16:48:24.605,1.21976,1.22004,1.50,1.50
2011.12.23 16:48:27.991,1.21974,1.21999,1.50,1.50
2011.12.23 16:48:28.060,1.21973,1.21998,1.50,1.50
2011.12.23 16:48:28.487,1.21972,1.21996,1.50,1.50
2011.12.23 16:48:28.989,1.21971,1.21993,2.25,1.50
2011.12.23 16:48:35.214,1.21969,1.21993,1.50,1.50
2011.12.23 16:48:35.538,1.21967,1.21992,3.75,1.50
2011.12.23 16:48:35.857,1.21965,1.21988,2.25,1.50
2011.12.23 16:48:36.210,1.21961,1.21985,1.50,1.50
2011.12.23 16:48:36.540,1.21961,1.21977,1.50,1.46
2011.12.23 16:48:36.928,1.21962,1.21977,2.25,1.46
2011.12.23 16:48:37.485,1.21962,1.21977,2.25,1.46
2011.12.23 16:48:45.227,1.21962,1.21977,3.00,1.46
2011.12.23 16:48:48.240,1.21963,1.21977,1.50,1.46
2011.12.23 16:48:49.567,1.21964,1.21978,2.25,1.46
2011.12.23 16:48:51.809,1.21964,1.21978,1.50,1.46
2011.12.23 16:48:52.324,1.21964,1.21977,1.50,1.46
2011.12.23 16:48:55.267,1.21962,1.21976,1.50,1.46
2011.12.23 16:48:55.819,1.21962,1.21976,1.50,1.46
2011.12.23 16:49:01.608,1.21962,1.21976,1.50,1.46
2011.12.23 16:49:03.198,1.21963,1.21976,1.50,1.46
2011.12.23 16:49:03.339,1.21963,1.21976,1.50,1.46
2011.12.23 16:49:03.678,1.21963,1.21988,1.50,1.50
2011.12.23 16:49:05.908,1.21963,1.2198,1.50,1.50
2011.12.23 16:49:06.250,1.21957,1.21976,1.50,1.13
2011.12.23 16:49:08.742,1.21954,1.2197,1.50,1.13
2011.12.23 16:49:09.022,1.21953,1.2197,1.50,1.50
2011.12.23 16:49:09.584,1.21952,1.2197,2.25,1.50
2011.12.23 16:49:09.664,1.21952,1.21971,2.25,1.50
2011.12.23 16:49:09.817,1.21942,1.21966,3.00,1.50
2011.12.23 16:49:09.963,1.21942,1.21966,2.25,1.50
2011.12.23 16:49:10.309,1.21942,1.21966,2.25,2.25
2011.12.23 16:49:10.577,1.21942,1.21966,2.25,2.25
2011.12.23 16:49:15.507,1.21942,1.21966,2.25,1.50
2011.12.23 16:49:15.791,1.21942,1.21966,2.25,1.50
2011.12.23 16:49:18.324,1.21942,1.21966,2.25,1.50
2011.12.23 16:49:18.415,1.21946,1.21967,3.00,1.50
2011.12.23 16:49:18.972,1.21946,1.21968,2.25,1.13
2011.12.23 16:49:19.510,1.21944,1.21967,4.43,1.50
2011.12.23 16:49:20.596,1.21944,1.21966,3.68,1.50
2011.12.23 16:49:31.706,1.21945,1.21968,1.50,1.13
2011.12.23 16:49:35.442,1.21944,1.21969,3.68,1.50
2011.12.23 16:49:35.668,1.21947,1.21972,3.00,2.25
2011.12.23 16:49:35.746,1.21948,1.21974,1.50,1.50
2011.12.23 16:49:35.959,1.21951,1.21974,1.50,1.50
2011.12.23 16:49:36.240,1.21952,1.21974,1.50,1.50
2011.12.23 16:49:36.728,1.21951,1.21974,1.50,1.50
2011.12.23 16:49:37.393,1.21952,1.21979,1.50,1.50
2011.12.23 16:49:39.641,1.21952,1.21978,2.25,1.50
2011.12.23 16:49:39.967,1.21954,1.21983,1.50,1.50
2011.12.23 16:49:41.051,1.21956,1.21983,2.25,1.50
2011.12.23 16:49:41.990,1.21956,1.21984,3.00,1.50
2011.12.23 16:49:42.482,1.21956,1.21985,3.00,1.88
2011.12.23 16:49:42.558,1.21956,1.21985,3.75,1.13
2011.12.23 16:49:44.449,1.21959,1.21985,2.25,1.13
2011.12.23 16:49:48.367,1.21958,1.21984,2.25,1.13
2011.12.23 16:49:51.429,1.21956,1.21985,3.00,1.13
2011.12.23 16:49:51.501,1.21956,1.21983,2.25,1.50
2011.12.23 16:49:51.688,1.21956,1.21985,2.25,1.88
2011.12.23 16:49:51.759,1.21956,1.21985,3.00,1.88
2011.12.23 16:50:01.216,1.21958,1.21979,1.50,1.50
2011.12.23 16:50:01.482,1.21957,1.2198,2.25,1.50
2011.12.23 16:50:01.888,1.2196,1.21984,2.25,1.13
2011.12.23 16:50:02.639,1.21961,1.21984,2.25,1.13
2011.12.23 16:50:03.189,1.21961,1.21991,2.25,1.50
2011.12.23 16:50:03.329,1.21964,1.21991,2.25,1.50
2011.12.23 16:50:03.800,1.21969,1.21996,2.25,1.50
2011.12.23 16:50:04.414,1.21972,1.21998,1.50,1.50
2011.12.23 16:50:04.938,1.21975,1.22003,1.50,2.63
2011.12.23 16:50:05.617,1.21976,1.22003,1.50,2.63
2011.12.23 16:50:09.668,1.21975,1.21997,1.50,1.50
2011.12.23 16:50:09.738,1.21973,1.21994,2.25,1.50
2011.12.23 16:50:10.076,1.21972,1.21996,2.25,2.25
2011.12.23 16:50:10.526,1.21972,1.21996,2.25,1.50
2011.12.23 16:50:11.904,1.21972,1.21998,2.25,1.50
2011.12.23 16:50:14.129,1.21971,1.21998,1.50,1.50
2011.12.23 16:50:14.847,1.21968,1.21998,1.50,2.25
2011.12.23 16:50:21.416,1.21969,1.21998,1.50,2.25
2011.12.23 16:50:21.804,1.21971,1.21998,1.50,1.50
2011.12.23 16:50:24.773,1.2197,1.21998,1.50,1.50
2011.12.23 16:50:25.571,1.21968,1.21998,1.50,1.50
2011.12.23 16:50:26.414,1.21967,1.21993,1.50,1.50
2011.12.23 16:50:28.318,1.21967,1.21994,1.50,1.50
2011.12.23 16:50:36.379,1.21967,1.21995,2.25,1.50
2011.12.23 16:50:37.773,1.21972,1.21995,1.50,1.50
2011.12.23 16:50:38.315,1.21972,1.21995,1.50,1.50
2011.12.23 16:50:42.988,1.2197,1.21995,1.50,2.25
2011.12.23 16:50:43.306,1.2197,1.21995,1.50,1.50
2011.12.23 16:50:45.531,1.21972,1.21994,1.50,2.25
2011.12.23 16:50:45.851,1.21971,1.21996,1.50,2.25
2011.12.23 16:50:47.029,1.21971,1.21994,1.50,2.25
2011.12.23 16:50:47.537,1.2197,1.21993,1.50,1.50
2011.12.23 16:50:48.511,1.2197,1.21994,1.50,1.88
2011.12.23 16:50:48.700,1.2197,1.21995,1.50,2.25
2011.12.23 16:50:55.357,1.2197,1.21995,1.50,2.25
2011.12.23 16:50:55.427,1.2197,1.21994,1.50,2.25
2011.12.23 16:51:07.718,1.2197,1.21994,1.50,2.63
2011.12.23 16:51:07.788,1.2197,1.21994,1.50,1.50
2011.12.23 16:51:12.616,1.21972,1.21997,2.25,1.50
2011.12.23 16:51:12.686,1.21972,1.21998,3.00,3.38
2011.12.23 16:51:13.463,1.21972,1.21998,1.50,4.13
2011.12.23 16:51:14.101,1.21972,1.21998,1.50,3.38
2011.12.23 16:51:19.726,1.21972,1.21998,1.50,2.63
2011.12.23 16:51:22.195,1.21972,1.21998,1.50,2.63
2011.12.23 16:51:23.015,1.21971,1.21996,1.50,1.50
2011.12.23 16:51:32.629,1.21972,1.21998,1.50,2.63
2011.12.23 16:51:33.138,1.21973,1.21998,1.50,1.50
2011.12.23 16:51:37.568,1.21972,1.21998,1.50,1.50
2011.12.23 16:51:38.527,1.21973,1.21998,1.50,1.50
2011.12.23 16:51:39.251,1.21972,1.21998,1.50,1.50
2011.12.23 16:51:41.989,1.21972,1.21998,1.50,1.50
2011.12.23 16:51:43.192,1.21973,1.21998,1.50,1.50
2011.12.23 16:51:48.197,1.21972,1.21998,2.25,2.25
2011.12.23 16:51:49.024,1.21972,1.21998,2.25,2.25
2011.12.23 16:51:59.317,1.21972,1.21998,1.50,2.25
2011.12.23 16:52:04.091,1.21968,1.21994,2.18,1.50
2011.12.23 16:52:04.441,1.21966,1.21993,1.50,2.25
2011.12.23 16:52:04.911,1.21967,1.21993,1.50,2.25
2011.12.23 16:52:06.149,1.21967,1.21993,1.50,1.50
2011.12.23 16:52:26.130,1.21967,1.21992,2.25,1.50
2011.12.23 16:52:26.199,1.21965,1.2199,1.50,1.50
2011.12.23 16:52:26.271,1.21964,1.21988,1.50,1.50
2011.12.23 16:52:26.890,1.2196,1.21985,1.50,1.13
2011.12.23 16:52:33.385,1.21959,1.21986,2.18,1.50
2011.12.23 16:52:33.518,1.21961,1.21986,1.50,1.50
2011.12.23 16:52:34.077,1.21962,1.2199,1.50,3.38
2011.12.23 16:52:34.497,1.2196,1.21986,3.68,1.50
2011.12.23 16:52:34.627,1.2196,1.21989,2.93,1.50
2011.12.23 16:52:38.478,1.21966,1.21989,1.50,1.50
2011.12.23 16:52:38.667,1.21967,1.21993,1.50,1.88
2011.12.23 16:52:44.081,1.21967,1.21994,1.50,1.50
2011.12.23 16:52:45.891,1.21965,1.21994,3.00,1.50
2011.12.23 16:52:46.030,1.21965,1.21988,2.25,1.50
2011.12.23 16:52:46.099,1.21963,1.21988,1.50,1.50
2011.12.23 16:52:46.239,1.21967,1.21993,1.50,3.00
2011.12.23 16:52:46.557,1.21967,1.21993,1.50,2.25
2011.12.23 16:52:48.220,1.21971,1.21998,1.50,1.50
2011.12.23 16:52:48.559,1.2197,1.21998,1.50,1.13
2011.12.23 16:52:49.190,1.21967,1.21994,2.18,1.50
2011.12.23 16:52:50.197,1.21966,1.21996,3.75,2.25
2011.12.23 16:52:52.938,1.21966,1.21994,3.00,1.50
2011.12.23 16:52:54.026,1.21966,1.21995,3.00,1.50
2011.12.23 16:52:54.291,1.21971,1.21999,1.50,2.63
2011.12.23 16:52:54.839,1.21971,1.21998,2.25,1.50
2011.12.23 16:52:55.399,1.21974,1.21999,1.50,3.00
2011.12.23 16:52:56.318,1.21974,1.21999,1.50,1.50
2011.12.23 16:52:56.730,1.21975,1.22003,1.50,1.50
2011.12.23 16:52:57.306,1.21977,1.22003,1.50,1.50
2011.12.23 16:53:05.321,1.21977,1.22003,2.25,1.50
2011.12.23 16:53:05.387,1.21979,1.22004,1.50,2.25
2011.12.23 16:53:05.589,1.21979,1.22005,1.50,1.50
2011.12.23 16:53:05.928,1.21981,1.22007,1.50,1.13
2011.12.23 16:53:06.378,1.21981,1.22009,1.50,1.13
2011.12.23 16:53:07.312,1.21982,1.22011,1.50,1.88
2011.12.23 16:53:08.952,1.21982,1.22004,1.50,1.50
2011.12.23 16:53:09.507,1.21982,1.22004,1.50,1.50
2011.12.23 16:53:10.677,1.21982,1.22006,1.50,1.50
2011.12.23 16:53:11.130,1.21982,1.22009,1.50,1.50
2011.12.23 16:53:16.608,1.21982,1.22009,1.50,1.50
2011.12.23 16:53:17.411,1.21984,1.22009,1.50,1.50
2011.12.23 16:53:17.933,1.21984,1.22009,1.50,1.50
2011.12.23 16:53:18.453,1.21985,1.2201,1.50,1.50
2011.12.23 16:53:32.394,1.21984,1.22009,1.50,1.50
2011.12.23 16:53:36.814,1.21979,1.22007,1.50,1.50
2011.12.23 16:53:42.780,1.21982,1.22008,1.50,1.50
2011.12.23 16:53:46.288,1.21982,1.2201,1.50,1.50
2011.12.23 16:53:46.818,1.21982,1.22008,1.50,1.50
2011.12.23 16:53:48.738,1.21982,1.22009,1.50,1.50
2011.12.23 16:53:49.535,1.21986,1.22013,1.50,1.50
2011.12.23 16:53:49.942,1.21986,1.22013,1.50,1.50
2011.12.23 16:54:01.679,1.21986,1.22014,1.50,1.50
2011.12.23 16:54:03.307,1.21988,1.22014,1.50,1.50
2011.12.23 16:54:11.157,1.21988,1.22014,1.50,1.50
2011.12.23 16:54:24.304,1.21988,1.22014,1.50,1.50
2011.12.23 16:54:24.629,1.21986,1.22014,3.75,2.25
2011.12.23 16:54:31.247,1.21986,1.22014,2.25,2.25
2011.12.23 16:54:32.409,1.21986,1.22014,2.25,2.25
2011.12.23 16:54:41.708,1.21991,1.22018,1.50,1.50
2011.12.23 16:54:42.139,1.21991,1.22019,1.50,2.25
2011.12.23 16:54:52.970,1.21989,1.22013,2.93,1.13
2011.12.23 16:54:53.109,1.21989,1.22014,2.93,1.50
2011.12.23 16:54:53.628,1.2199,1.22018,1.50,1.50
2011.12.23 16:55:07.488,1.21988,1.22016,1.50,1.50
2011.12.23 16:55:07.938,1.21988,1.2202,1.50,1.50
2011.12.23 16:55:08.086,1.21995,1.2202,1.50,1.88
2011.12.23 16:55:11.230,1.21996,1.22021,2.93,1.50
2011.12.23 16:55:12.359,1.21996,1.22021,2.93,1.50
2011.12.23 16:55:14.094,1.21995,1.2202,2.18,1.50
2011.12.23 16:55:14.920,1.21995,1.22017,1.43,1.50
2011.12.23 16:55:15.130,1.21988,1.22013,1.50,1.50
2011.12.23 16:55:15.412,1.21988,1.22013,2.25,1.50
2011.12.23 16:55:15.751,1.2199,1.22018,2.25,1.13
2011.12.23 16:55:15.892,1.21991,1.22019,1.50,2.25
2011.12.23 16:55:16.021,1.21996,1.22019,1.50,1.50
2011.12.23 16:55:16.564,1.21995,1.22021,1.50,1.50
2011.12.23 16:55:17.420,1.21996,1.22021,2.18,1.50
2011.12.23 16:55:18.335,1.21996,1.2202,2.18,1.13
2011.12.23 16:55:18.681,1.21996,1.22017,1.43,1.13
2011.12.23 16:55:18.755,1.21992,1.22013,2.18,1.50
2011.12.23 16:55:19.046,1.21989,1.22013,1.50,1.50
2011.12.23 16:55:19.193,1.21987,1.22011,2.25,1.50
2011.12.23 16:55:19.262,1.21987,1.22011,1.50,1.50
2011.12.23 16:55:19.473,1.21987,1.22011,2.25,1.50
2011.12.23 16:55:19.553,1.21988,1.22011,1.50,2.25
2011.12.23 16:55:20.561,1.21988,1.22009,1.50,1.50
2011.12.23 16:55:20.634,1.21988,1.22009,1.50,1.50
2011.12.23 16:55:20.839,1.21988,1.22009,1.50,1.50
2011.12.23 16:55:22.850,1.21986,1.22006,1.50,1.50
2011.12.23 16:55:23.157,1.21983,1.22005,2.25,1.50
2011.12.23 16:55:32.001,1.21983,1.22008,1.50,1.50
2011.12.23 16:55:32.593,1.21982,1.22007,1.50,1.50
2011.12.23 16:55:36.213,1.21982,1.22004,1.50,1.50
2011.12.23 16:55:44.307,1.21982,1.22004,1.50,1.50
2011.12.23 16:55:59.182,1.21982,1.22004,1.50,1.50
2011.12.23 16:55:59.519,1.21983,1.22004,1.50,1.50
2011.12.23 16:56:14.440,1.21985,1.22008,2.25,1.13
2011.12.23 16:56:14.773,1.21986,1.22009,1.50,1.88
2011.12.23 16:56:23.490,1.21986,1.22012,1.50,1.50
2011.12.23 16:56:23.770,1.21991,1.22012,1.50,1.50
2011.12.23 16:56:24.202,1.21993,1.22014,1.50,1.50
2011.12.23 16:56:24.759,1.21993,1.22014,1.50,1.50
2011.12.23 16:56:27.217,1.21993,1.22015,1.50,1.50
2011.12.23 16:56:33.679,1.21991,1.22014,1.50,1.50
2011.12.23 16:56:33.748,1.21991,1.22014,1.50,1.50
2011.12.23 16:56:47.827,1.21991,1.22014,1.50,1.50
2011.12.23 16:56:47.901,1.21991,1.22014,1.50,1.50
2011.12.23 16:56:52.401,1.21988,1.22009,1.50,1.50
2011.12.23 16:56:52.925,1.21988,1.22014,1.50,2.25
2011.12.23 16:57:02.261,1.21988,1.22009,1.50,1.50
2011.12.23 16:57:02.450,1.21985,1.22012,2.25,1.50
2011.12.23 16:57:11.439,1.21985,1.22013,3.00,1.50
2011.12.23 16:57:13.249,1.21985,1.22011,3.00,1.50
2011.12.23 16:57:27.598,1.21986,1.22013,1.50,1.50
2011.12.23 16:57:28.887,1.21986,1.22011,1.50,1.50
2011.12.23 16:57:44.770,1.21987,1.22011,1.50,1.50
2011.12.23 16:57:45.570,1.21988,1.22012,1.50,1.50
2011.12.23 16:57:49.231,1.21988,1.2201,1.50,1.50
2011.12.23 16:58:02.319,1.21986,1.22016,1.50,1.50
2011.12.23 16:58:02.714,1.21986,1.22016,1.50,1.50
2011.12.23 16:58:07.129,1.21986,1.22019,1.50,1.50
2011.12.23 16:58:12.851,1.2199,1.22019,1.50,1.50
2011.12.23 16:58:16.647,1.21986,1.22016,1.50,1.50
2011.12.23 16:58:17.646,1.21986,1.22019,1.50,1.50
2011.12.23 16:58:25.901,1.21989,1.22018,1.50,2.25
2011.12.23 16:58:30.439,1.21989,1.22014,1.50,1.50
2011.12.23 16:58:30.971,1.2199,1.22013,1.50,1.50
2011.12.23 16:58:32.507,1.21989,1.22013,1.50,1.50
2011.12.23 16:58:40.153,1.21989,1.22018,1.50,1.50
2011.12.23 16:58:40.298,1.21989,1.22018,1.50,1.50
2011.12.23 16:58:41.657,1.2199,1.22018,2.25,1.50
2011.12.23 16:58:42.438,1.2199,1.22018,2.25,2.25
2011.12.23 16:58:44.230,1.2199,1.22017,2.25,2.25
2011.12.23 16:58:44.558,1.2199,1.22014,1.50,1.50
2011.12.23 16:58:45.434,1.21992,1.22015,1.50,1.50
2011.12.23 16:58:46.094,1.21991,1.22015,2.25,2.25
2011.12.23 16:58:48.044,1.2199,1.22015,1.50,3.00
2011.12.23 16:58:50.688,1.21988,1.22013,1.50,1.50
2011.12.23 16:58:52.118,1.2199,1.22013,1.50,1.50
2011.12.23 16:58:52.636,1.21992,1.22013,1.50,1.50
2011.12.23 16:58:56.072,1.2199,1.22011,2.25,1.50
2011.12.23 16:58:57.873,1.21991,1.22013,1.50,1.50
2011.12.23 16:59:01.940,1.21991,1.22013,1.50,1.50
2011.12.23 16:59:02.447,1.21992,1.22014,1.50,1.50
2011.12.23 16:59:02.972,1.21992,1.22016,1.50,2.25
2011.12.23 16:59:03.184,1.21992,1.22016,1.50,1.50
2011.12.23 16:59:03.775,1.21992,1.22015,1.50,1.50
2011.12.23 16:59:04.440,1.21993,1.22015,1.50,1.50
2011.12.23 16:59:10.107,1.21987,1.22015,1.50,1.50
2011.12.23 16:59:12.548,1.21987,1.22016,1.50,1.50
2011.12.23 16:59:18.529,1.21987,1.22013,1.50,1.50
2011.12.23 16:59:31.588,1.21987,1.22012,1.50,1.50
2011.12.23 16:59:33.339,1.21988,1.22013,1.50,1.50
2011.12.23 16:59:35.231,1.21988,1.22014,1.50,3.00
2011.12.23 16:59:40.289,1.2199,1.22014,1.50,3.00
2011.12.23 16:59:40.631,1.21991,1.22016,1.50,1.50
2011.12.23 16:59:41.409,1.21993,1.22016,1.50,1.50
2011.12.23 16:59:42.479,1.21993,1.22013,1.50,1.50
2011.12.23 16:59:47.085,1.2199,1.22013,1.50,1.50
2011.12.23 16:59:47.530,1.21989,1.22013,1.50,1.50
2011.12.23 16:59:48.248,1.2199,1.22015,1.50,1.50
2011.12.23 16:59:48.319,1.2199,1.22015,1.50,1.50
2011.12.23 16:59:51.892,1.2199,1.22015,1.50,1.50
2011.12.23 16:59:51.960,1.21988,1.22013,1.50,1.50
2011.12.23 16:59:52.161,1.21984,1.22013,1.50,1.50
2011.12.23 16:59:52.719,1.21989,1.22018,1.50,1.50
2011.12.23 16:59:52.789,1.21989,1.22018,1.50,1.50
2011.12.23 16:59:52.920,1.21992,1.22018,1.50,1.50
2011.12.23 16:59:57.263,1.21993,1.22017,1.50,1.50
2011.12.23 16:59:57.589,1.21988,1.22014,1.50,1.50
