2015.03.04 12:00:01.208,1.83503,1.83522,2.06,1.00
2015.03.04 12:00:01.259,1.83508,1.83534,1.19,1.37
2015.03.04 12:00:01.361,1.83513,1.83537,1.00,1.31
2015.03.04 12:00:01.463,1.83513,1.83537,1.19,1.12
2015.03.04 12:00:01.989,1.83513,1.83537,2.44,1.00
2015.03.04 12:00:02.762,1.83517,1.83534,1.00,1.00
2015.03.04 12:00:03.443,1.83512,1.83531,1.25,1.00
2015.03.04 12:00:06.508,1.83514,1.83537,1.00,1.66
2015.03.04 12:00:06.818,1.83518,1.83535,1.00,1.19
2015.03.04 12:00:07.122,1.83521,1.83535,1.00,1.19
2015.03.04 12:00:07.173,1.83525,1.83544,1.00,2.25
2015.03.04 12:00:07.326,1.83525,1.83544,1.00,1.12
2015.03.04 12:00:07.377,1.83528,1.83547,1.00,1.25
2015.03.04 12:00:07.732,1.83529,1.8355,1.00,1.00
2015.03.04 12:00:08.238,1.83529,1.8355,1.37,1.00
2015.03.04 12:00:08.391,1.83535,1.83561,1.19,1.39
2015.03.04 12:00:08.711,1.83533,1.83551,1.19,1.00
2015.03.04 12:00:09.015,1.83533,1.8355,1.37,1.00
2015.03.04 12:00:09.269,1.83537,1.83555,1.12,1.00
2015.03.04 12:00:09.472,1.83539,1.83559,1.12,1.25
2015.03.04 12:00:10.324,1.83543,1.8356,1.20,1.00
2015.03.04 12:00:10.628,1.83544,1.8356,2.25,1.00
2015.03.04 12:00:10.679,1.83544,1.83567,3.00,1.47
2015.03.04 12:00:10.882,1.83544,1.83565,1.00,1.84
2015.03.04 12:00:11.187,1.83546,1.83563,1.00,1.00
2015.03.04 12:00:11.289,1.83545,1.83567,1.17,1.39
2015.03.04 12:00:11.828,1.83545,1.83567,1.17,1.39
2015.03.04 12:00:12.577,1.83546,1.83563,1.10,1.12
2015.03.04 12:00:12.678,1.83545,1.83562,1.00,1.87
2015.03.04 12:00:12.729,1.83543,1.83562,1.00,1.37
2015.03.04 12:00:12.881,1.83543,1.83562,1.00,1.87
2015.03.04 12:00:12.982,1.83543,1.83562,3.00,1.12
2015.03.04 12:00:13.135,1.83545,1.83567,1.10,1.55
2015.03.04 12:00:13.186,1.83548,1.83568,1.00,3.37
2015.03.04 12:00:13.288,1.83548,1.83568,1.00,3.37
2015.03.04 12:00:13.389,1.83549,1.83568,1.00,1.00
2015.03.04 12:00:13.491,1.83551,1.83572,1.00,1.94
2015.03.04 12:00:13.795,1.83553,1.83565,1.00,2.25
2015.03.04 12:00:13.846,1.83549,1.83565,1.00,2.25
2015.03.04 12:00:13.897,1.83553,1.83565,1.00,2.25
2015.03.04 12:00:13.998,1.83549,1.83565,1.00,2.25
2015.03.04 12:00:15.413,1.83545,1.83554,1.56,2.17
2015.03.04 12:00:15.464,1.83542,1.83553,1.37,2.17
2015.03.04 12:00:15.515,1.83542,1.8356,1.37,1.09
2015.03.04 12:00:15.717,1.83542,1.83557,1.00,1.56
2015.03.04 12:00:15.768,1.83537,1.83556,1.76,3.49
2015.03.04 12:00:15.819,1.83537,1.83555,1.69,2.25
2015.03.04 12:00:16.022,1.83541,1.83557,1.19,1.55
2015.03.04 12:00:16.124,1.83541,1.83558,1.19,3.37
2015.03.04 12:00:16.885,1.83541,1.83558,1.19,3.00
2015.03.04 12:00:17.306,1.83544,1.83561,1.00,1.00
2015.03.04 12:00:17.849,1.83544,1.83564,1.31,2.62
2015.03.04 12:00:18.001,1.83547,1.83568,1.00,4.91
2015.03.04 12:00:18.900,1.83547,1.8357,1.10,4.31
2015.03.04 12:00:19.554,1.83547,1.8357,1.10,4.31
2015.03.04 12:00:20.160,1.83548,1.83569,1.00,1.46
2015.03.04 12:00:20.211,1.83548,1.83559,1.00,1.75
2015.03.04 12:00:20.263,1.83545,1.83551,1.00,1.00
2015.03.04 12:00:20.314,1.83533,1.83549,1.87,4.54
2015.03.04 12:00:20.365,1.83533,1.83549,1.00,5.29
2015.03.04 12:00:20.467,1.83529,1.83547,1.12,1.09
2015.03.04 12:00:20.518,1.83529,1.83542,1.12,2.25
2015.03.04 12:00:20.823,1.83525,1.83542,1.12,2.44
2015.03.04 12:00:21.126,1.83525,1.83543,1.12,1.00
2015.03.04 12:00:21.985,1.83525,1.83542,1.00,1.00
2015.03.04 12:00:22.492,1.83525,1.83543,1.12,1.31
2015.03.04 12:00:23.038,1.83525,1.83543,1.12,1.31
2015.03.04 12:00:24.593,1.83525,1.83543,1.12,1.31
2015.03.04 12:00:25.101,1.83525,1.83543,1.12,1.31
2015.03.04 12:00:26.010,1.83525,1.83543,1.12,1.31
2015.03.04 12:00:27.611,1.83525,1.83543,1.37,1.12
2015.03.04 12:00:27.914,1.83525,1.83542,1.37,2.17
2015.03.04 12:00:28.066,1.83525,1.83542,1.87,2.25
2015.03.04 12:00:29.557,1.83525,1.83542,1.37,2.25
2015.03.04 12:00:29.911,1.83525,1.83542,1.37,2.62
2015.03.04 12:00:31.020,1.83523,1.83542,1.37,3.00
2015.03.04 12:00:31.273,1.83523,1.83542,1.37,3.00
2015.03.04 12:00:31.631,1.83523,1.83542,1.37,1.12
2015.03.04 12:00:31.783,1.83523,1.83542,1.37,1.37
2015.03.04 12:00:32.122,1.83524,1.83542,1.37,1.12
2015.03.04 12:00:32.173,1.83524,1.83542,1.37,1.31
2015.03.04 12:00:32.561,1.83524,1.83542,1.37,1.25
2015.03.04 12:00:33.906,1.83525,1.83542,1.37,1.31
2015.03.04 12:00:34.219,1.83525,1.83542,1.37,1.31
2015.03.04 12:00:36.257,1.83525,1.83541,1.37,2.81
2015.03.04 12:00:37.741,1.83524,1.83541,1.37,2.81
2015.03.04 12:00:38.908,1.83524,1.83541,1.37,2.81
2015.03.04 12:00:39.426,1.83524,1.83541,1.37,2.81
2015.03.04 12:00:42.659,1.83524,1.83541,1.94,2.25
2015.03.04 12:00:43.838,1.83537,1.83557,1.12,6.97
2015.03.04 12:00:45.075,1.83537,1.83557,2.44,5.85
2015.03.04 12:00:45.278,1.83542,1.83562,1.69,2.51
2015.03.04 12:00:45.565,1.83542,1.83562,1.62,1.01
2015.03.04 12:00:45.868,1.83546,1.83563,1.87,1.19
2015.03.04 12:00:46.373,1.83548,1.83563,1.00,1.25
2015.03.04 12:00:46.778,1.83549,1.83567,1.10,1.25
2015.03.04 12:00:46.880,1.83551,1.83571,1.00,1.46
2015.03.04 12:00:47.699,1.83555,1.83574,1.00,1.84
2015.03.04 12:00:47.902,1.83558,1.83575,1.57,1.69
2015.03.04 12:00:48.003,1.83561,1.83578,1.00,1.19
2015.03.04 12:00:49.197,1.83561,1.83578,1.00,1.00
2015.03.04 12:00:50.475,1.83563,1.83578,1.00,1.00
2015.03.04 12:00:51.916,1.83563,1.8358,1.50,1.25
2015.03.04 12:00:53.162,1.83563,1.8358,1.69,1.00
2015.03.04 12:00:54.175,1.83563,1.8358,1.87,1.25
2015.03.04 12:00:54.276,1.83563,1.83578,1.12,1.00
2015.03.04 12:00:54.378,1.83559,1.83576,1.00,1.20
2015.03.04 12:00:54.479,1.83559,1.83573,1.00,1.25
2015.03.04 12:00:54.530,1.83556,1.83573,1.00,1.25
2015.03.04 12:00:54.631,1.83554,1.83576,1.10,1.64
2015.03.04 12:00:54.783,1.83552,1.83574,1.50,2.81
2015.03.04 12:00:55.307,1.83553,1.8357,1.00,1.25
2015.03.04 12:00:55.613,1.83553,1.8357,1.00,1.19
2015.03.04 12:00:56.980,1.83551,1.83568,1.00,3.56
2015.03.04 12:00:57.794,1.83551,1.83568,1.00,3.56
2015.03.04 12:00:59.983,1.83548,1.83566,1.00,1.76
2015.03.04 12:01:00.136,1.83546,1.83563,1.00,1.19
2015.03.04 12:01:01.502,1.83546,1.83563,1.00,1.25
2015.03.04 12:01:01.907,1.83548,1.83566,1.00,1.19
2015.03.04 12:01:02.210,1.83551,1.83568,1.00,1.76
2015.03.04 12:01:03.733,1.83548,1.83566,1.95,1.37
2015.03.04 12:01:04.009,1.83548,1.83566,1.37,1.56
2015.03.04 12:01:04.160,1.83547,1.83566,1.37,1.56
2015.03.04 12:01:04.318,1.83547,1.83566,1.50,1.69
2015.03.04 12:01:04.674,1.83547,1.83564,1.00,1.50
2015.03.04 12:01:05.201,1.83546,1.83564,1.10,1.94
2015.03.04 12:01:05.711,1.83547,1.83564,1.00,1.94
2015.03.04 12:01:06.571,1.83547,1.83564,1.00,1.94
2015.03.04 12:01:06.622,1.83545,1.83564,1.00,1.94
2015.03.04 12:01:06.673,1.83542,1.83557,1.39,1.37
2015.03.04 12:01:06.875,1.83538,1.83557,2.25,1.69
2015.03.04 12:01:07.128,1.83538,1.83556,1.50,1.01
2015.03.04 12:01:07.667,1.83537,1.83553,1.00,1.62
2015.03.04 12:01:08.809,1.83539,1.83553,1.00,1.25
2015.03.04 12:01:13.818,1.83539,1.83553,1.00,1.37
2015.03.04 12:01:14.122,1.83535,1.83553,1.12,1.37
2015.03.04 12:01:14.173,1.83535,1.83553,1.12,1.00
2015.03.04 12:01:14.223,1.83538,1.83553,1.00,1.00
2015.03.04 12:01:14.527,1.83538,1.83553,1.00,1.76
2015.03.04 12:01:15.032,1.83537,1.83553,1.00,1.56
2015.03.04 12:01:18.537,1.83536,1.83553,1.00,1.56
2015.03.04 12:01:19.568,1.83536,1.83553,1.12,1.39
2015.03.04 12:01:21.534,1.83536,1.83551,1.00,1.19
2015.03.04 12:01:25.213,1.83534,1.83551,1.00,1.19
2015.03.04 12:01:25.263,1.83534,1.83551,1.00,1.19
2015.03.04 12:01:25.567,1.83532,1.83544,1.00,1.00
2015.03.04 12:01:26.093,1.83531,1.83544,1.00,1.00
2015.03.04 12:01:28.023,1.83531,1.83546,1.12,1.19
2015.03.04 12:01:28.681,1.83531,1.83546,1.12,1.00
2015.03.04 12:01:33.005,1.83531,1.83546,1.57,1.00
2015.03.04 12:01:33.260,1.83528,1.83543,1.00,1.00
2015.03.04 12:01:33.411,1.83528,1.83543,1.37,1.00
2015.03.04 12:01:34.494,1.83528,1.83543,1.12,1.00
2015.03.04 12:01:34.647,1.83528,1.83543,1.50,1.19
2015.03.04 12:01:34.749,1.83528,1.83545,1.12,1.12
2015.03.04 12:01:34.900,1.83533,1.83545,1.00,1.31
2015.03.04 12:01:35.407,1.83533,1.83548,1.12,1.00
2015.03.04 12:01:36.066,1.83534,1.83553,1.00,1.19
2015.03.04 12:01:36.167,1.83535,1.83553,1.17,1.00
2015.03.04 12:01:36.471,1.83538,1.83553,3.00,1.00
2015.03.04 12:01:36.522,1.83538,1.83556,3.00,1.19
2015.03.04 12:01:36.877,1.83542,1.83556,1.00,1.00
2015.03.04 12:01:37.030,1.83542,1.83558,1.00,1.25
2015.03.04 12:01:37.643,1.83543,1.83558,1.00,1.25
2015.03.04 12:01:39.029,1.83543,1.8356,1.50,1.19
2015.03.04 12:01:39.130,1.83543,1.8356,1.87,1.56
2015.03.04 12:01:39.231,1.83543,1.8356,1.87,1.56
2015.03.04 12:01:39.535,1.83543,1.8356,1.87,1.56
2015.03.04 12:01:39.978,1.83543,1.8356,1.87,1.37
2015.03.04 12:01:40.281,1.83545,1.83563,1.55,1.62
2015.03.04 12:01:40.383,1.83545,1.83563,1.17,1.62
2015.03.04 12:01:40.434,1.83545,1.83563,1.17,1.62
2015.03.04 12:01:40.535,1.83548,1.83563,1.00,1.62
2015.03.04 12:01:44.174,1.8355,1.83567,1.00,1.66
2015.03.04 12:01:44.538,1.83547,1.83565,1.00,1.56
2015.03.04 12:01:44.942,1.83546,1.83565,1.57,1.56
2015.03.04 12:01:45.094,1.83544,1.83561,1.87,1.37
2015.03.04 12:01:45.448,1.83546,1.83561,1.00,1.37
2015.03.04 12:01:45.953,1.83547,1.83564,1.00,1.37
2015.03.04 12:01:48.138,1.83547,1.83564,1.37,1.37
2015.03.04 12:01:49.230,1.83547,1.83564,1.00,1.94
2015.03.04 12:01:49.332,1.83544,1.8356,1.37,1.37
2015.03.04 12:01:50.015,1.83544,1.8356,1.00,1.94
2015.03.04 12:01:50.270,1.83544,1.8356,1.37,1.56
2015.03.04 12:01:50.322,1.83546,1.8356,1.37,1.62
2015.03.04 12:01:50.625,1.83549,1.8356,1.00,1.62
2015.03.04 12:01:51.081,1.83546,1.8356,1.00,1.56
2015.03.04 12:01:52.161,1.83546,1.8356,1.00,1.19
2015.03.04 12:01:52.630,1.83546,1.8356,1.00,1.19
2015.03.04 12:01:53.037,1.83545,1.8356,1.00,1.31
2015.03.04 12:01:53.403,1.83547,1.8356,1.00,1.00
2015.03.04 12:01:54.080,1.83547,1.8356,1.37,1.00
2015.03.04 12:01:54.586,1.83547,1.8356,1.00,1.00
2015.03.04 12:01:55.577,1.8355,1.8356,1.00,1.00
2015.03.04 12:01:56.244,1.83548,1.8356,1.00,1.00
2015.03.04 12:01:56.295,1.83548,1.83564,1.00,1.29
2015.03.04 12:01:57.012,1.83548,1.83564,1.00,1.29
2015.03.04 12:01:57.527,1.83548,1.83564,1.37,1.29
2015.03.04 12:01:58.039,1.83548,1.83564,1.12,1.76
2015.03.04 12:01:58.545,1.83548,1.83564,1.12,2.14
2015.03.04 12:01:59.253,1.83548,1.83564,1.00,1.66
2015.03.04 12:02:01.416,1.83544,1.83561,1.87,1.29
2015.03.04 12:02:01.722,1.83544,1.83561,1.87,1.66
2015.03.04 12:02:02.696,1.83544,1.83561,1.87,1.66
2015.03.04 12:02:03.173,1.83544,1.83561,1.37,1.29
2015.03.04 12:02:03.933,1.83544,1.83561,1.12,1.29
2015.03.04 12:02:04.460,1.83544,1.83561,1.12,1.76
2015.03.04 12:02:04.511,1.83542,1.83558,1.12,1.00
2015.03.04 12:02:05.575,1.83541,1.83558,1.87,1.19
2015.03.04 12:02:06.084,1.83541,1.83558,1.87,1.19
2015.03.04 12:02:06.690,1.83541,1.83558,1.87,1.19
2015.03.04 12:02:08.518,1.83541,1.83558,1.87,1.29
2015.03.04 12:02:09.024,1.83541,1.83558,1.87,1.29
2015.03.04 12:02:09.686,1.83541,1.83558,1.87,1.29
2015.03.04 12:02:11.545,1.83541,1.83556,1.00,1.39
2015.03.04 12:02:11.698,1.83537,1.83551,1.12,1.00
2015.03.04 12:02:12.204,1.83536,1.83551,1.37,1.00
2015.03.04 12:02:12.507,1.83538,1.83555,1.37,1.26
2015.03.04 12:02:12.811,1.83541,1.83557,1.37,1.26
2015.03.04 12:02:12.913,1.83541,1.83557,1.37,1.32
2015.03.04 12:02:13.458,1.83541,1.83557,1.75,1.25
2015.03.04 12:02:15.739,1.83541,1.83557,1.75,1.00
2015.03.04 12:02:16.666,1.83541,1.83557,1.75,1.00
2015.03.04 12:02:19.772,1.83543,1.83557,1.00,1.10
2015.03.04 12:02:19.874,1.83543,1.8356,1.50,1.25
2015.03.04 12:02:20.392,1.83543,1.8356,1.50,1.25
2015.03.04 12:02:20.906,1.83543,1.8356,2.25,1.19
2015.03.04 12:02:20.957,1.83543,1.8356,2.25,1.19
2015.03.04 12:02:21.729,1.83545,1.8356,1.82,1.00
2015.03.04 12:02:21.882,1.83545,1.83562,2.32,1.00
2015.03.04 12:02:22.701,1.83545,1.83564,2.32,1.69
2015.03.04 12:02:23.838,1.83545,1.83564,3.26,1.69
2015.03.04 12:02:25.681,1.83547,1.83564,1.00,1.69
2015.03.04 12:02:27.573,1.83547,1.83564,1.37,1.69
2015.03.04 12:02:28.522,1.83547,1.83564,1.37,1.69
2015.03.04 12:02:29.640,1.83547,1.83564,1.00,1.69
2015.03.04 12:02:31.658,1.83547,1.83564,1.37,2.06
2015.03.04 12:02:33.565,1.83547,1.83564,1.37,1.94
2015.03.04 12:02:33.717,1.83543,1.83562,2.70,2.06
2015.03.04 12:02:33.819,1.83543,1.83559,1.12,2.06
2015.03.04 12:02:33.970,1.83542,1.83557,1.87,1.01
2015.03.04 12:02:34.122,1.83543,1.83559,1.37,3.19
2015.03.04 12:02:35.879,1.83543,1.83559,1.37,1.19
2015.03.04 12:02:36.795,1.83543,1.83559,1.37,1.19
2015.03.04 12:02:36.948,1.83547,1.83561,1.37,1.25
2015.03.04 12:02:37.926,1.83547,1.83561,1.50,1.19
2015.03.04 12:02:38.945,1.83547,1.83561,1.50,1.00
2015.03.04 12:02:41.699,1.83547,1.83565,1.37,1.31
2015.03.04 12:02:42.128,1.83548,1.83565,1.12,1.31
2015.03.04 12:02:42.432,1.83537,1.83551,1.00,1.69
2015.03.04 12:02:42.584,1.83534,1.83549,1.00,1.39
2015.03.04 12:02:42.943,1.83532,1.83549,1.00,1.39
2015.03.04 12:02:43.306,1.83533,1.83549,1.37,1.39
2015.03.04 12:02:43.458,1.83535,1.83549,1.00,1.00
2015.03.04 12:02:44.073,1.83535,1.83549,1.37,1.00
2015.03.04 12:02:44.577,1.83535,1.83549,1.37,1.00
2015.03.04 12:02:45.093,1.83536,1.83552,1.37,1.19
2015.03.04 12:02:45.144,1.83536,1.83552,1.50,1.00
2015.03.04 12:02:46.064,1.83536,1.83552,1.50,1.00
2015.03.04 12:02:46.165,1.8354,1.83555,1.12,1.10
2015.03.04 12:02:46.367,1.8354,1.83555,1.37,1.00
2015.03.04 12:02:46.620,1.8354,1.83555,1.00,1.00
2015.03.04 12:02:47.937,1.8354,1.83557,1.87,1.00
2015.03.04 12:02:48.242,1.83545,1.83559,1.12,1.00
2015.03.04 12:02:50.928,1.83542,1.83559,1.87,1.00
2015.03.04 12:02:51.303,1.83542,1.83559,1.87,1.00
2015.03.04 12:02:55.280,1.83543,1.83559,1.12,1.00
2015.03.04 12:03:01.356,1.83542,1.83559,1.87,1.00
2015.03.04 12:03:01.760,1.83542,1.83559,2.06,1.00
2015.03.04 12:03:02.022,1.83547,1.83563,1.37,3.19
2015.03.04 12:03:02.123,1.83544,1.83563,1.87,3.19
2015.03.04 12:03:02.332,1.83544,1.83563,1.50,3.19
2015.03.04 12:03:06.301,1.83544,1.83563,1.50,3.64
2015.03.04 12:03:08.355,1.83544,1.83563,1.50,3.56
2015.03.04 12:03:11.333,1.83544,1.83563,1.50,3.56
2015.03.04 12:03:12.488,1.83544,1.83563,1.50,3.56
2015.03.04 12:03:13.491,1.83544,1.83563,1.00,3.56
2015.03.04 12:03:14.087,1.83544,1.83563,1.37,3.56
2015.03.04 12:03:14.555,1.83545,1.83563,1.37,1.32
2015.03.04 12:03:15.075,1.83545,1.83563,1.37,1.25
2015.03.04 12:03:17.271,1.8355,1.83571,1.85,1.10
2015.03.04 12:03:17.745,1.83554,1.83571,1.00,1.10
2015.03.04 12:03:18.403,1.83553,1.83573,1.00,2.44
2015.03.04 12:03:19.079,1.83553,1.83574,1.07,3.49
2015.03.04 12:03:20.549,1.83553,1.83574,1.17,1.31
2015.03.04 12:03:22.270,1.83553,1.83573,1.17,1.62
2015.03.04 12:03:22.574,1.83551,1.83568,1.00,1.19
2015.03.04 12:03:22.880,1.83549,1.83566,1.00,2.06
2015.03.04 12:03:23.253,1.83545,1.83562,1.37,1.12
2015.03.04 12:03:23.355,1.83544,1.83565,1.10,2.14
2015.03.04 12:03:25.165,1.83544,1.83561,1.10,1.69
2015.03.04 12:03:25.266,1.83544,1.8356,1.00,1.37
2015.03.04 12:03:25.317,1.83544,1.83559,1.37,2.62
2015.03.04 12:03:25.419,1.8354,1.83557,1.37,1.01
2015.03.04 12:03:26.322,1.83543,1.8356,1.37,1.19
2015.03.04 12:03:26.878,1.83543,1.83561,1.00,1.76
2015.03.04 12:03:29.253,1.83543,1.83561,1.00,1.39
2015.03.04 12:03:31.418,1.83543,1.83561,1.00,1.31
2015.03.04 12:03:32.481,1.83543,1.83562,1.12,1.00
2015.03.04 12:03:32.584,1.83543,1.83562,1.55,1.00
2015.03.04 12:03:33.263,1.83547,1.83564,1.12,1.19
2015.03.04 12:03:33.785,1.83547,1.83564,1.12,1.19
2015.03.04 12:03:34.745,1.83547,1.83564,1.12,1.19
2015.03.04 12:03:36.407,1.83547,1.83564,1.12,1.00
2015.03.04 12:03:37.792,1.83547,1.83564,1.12,1.19
2015.03.04 12:03:38.784,1.83547,1.83564,1.12,1.00
2015.03.04 12:03:46.481,1.83551,1.83568,1.00,1.56
2015.03.04 12:03:46.892,1.83548,1.83567,1.69,1.12
2015.03.04 12:03:47.298,1.83548,1.83567,2.44,1.00
2015.03.04 12:03:47.604,1.83558,1.83575,3.49,1.00
2015.03.04 12:03:47.656,1.83562,1.83579,1.12,1.20
2015.03.04 12:03:48.214,1.83563,1.83579,2.17,1.00
2015.03.04 12:03:48.518,1.83564,1.83583,1.55,1.66
2015.03.04 12:03:48.973,1.83564,1.83583,1.55,2.14
2015.03.04 12:03:50.436,1.83562,1.83581,1.37,1.64
2015.03.04 12:03:50.841,1.83559,1.8358,1.95,1.66
2015.03.04 12:03:51.575,1.83559,1.83577,1.47,1.31
2015.03.04 12:03:52.089,1.83559,1.83577,1.47,1.56
2015.03.04 12:03:52.606,1.83559,1.83577,1.47,1.31
2015.03.04 12:03:53.596,1.83559,1.83578,1.47,1.56
2015.03.04 12:03:55.594,1.83559,1.83578,1.95,2.06
2015.03.04 12:03:56.619,1.83559,1.83578,1.95,1.56
2015.03.04 12:04:02.891,1.83564,1.83581,3.37,1.12
2015.03.04 12:04:03.254,1.83564,1.83581,1.12,1.12
2015.03.04 12:04:03.786,1.83564,1.83581,1.12,1.31
2015.03.04 12:04:04.550,1.83564,1.83581,1.12,1.31
2015.03.04 12:04:04.953,1.83564,1.83581,3.37,1.25
2015.03.04 12:04:05.159,1.83564,1.83584,3.75,1.69
2015.03.04 12:04:05.672,1.83567,1.83586,2.62,1.56
2015.03.04 12:04:06.345,1.83569,1.83586,2.25,1.00
2015.03.04 12:04:06.702,1.83573,1.83588,1.07,1.00
2015.03.04 12:04:07.269,1.83573,1.83588,1.00,1.12
2015.03.04 12:04:07.370,1.83569,1.83588,4.35,1.12
2015.03.04 12:04:08.034,1.83569,1.83588,4.35,1.39
2015.03.04 12:04:11.023,1.83569,1.83587,4.35,1.37
2015.03.04 12:04:12.145,1.83569,1.83587,4.35,1.37
2015.03.04 12:04:12.874,1.83566,1.83579,2.62,1.50
2015.03.04 12:04:12.976,1.8356,1.8357,1.00,1.12
2015.03.04 12:04:13.078,1.83553,1.8357,1.00,1.57
2015.03.04 12:04:13.129,1.83551,1.83568,1.50,1.12
2015.03.04 12:04:13.180,1.83551,1.83568,1.37,1.87
2015.03.04 12:04:13.484,1.83551,1.83568,1.37,2.06
2015.03.04 12:04:14.040,1.83551,1.83568,1.00,1.56
2015.03.04 12:04:15.996,1.83551,1.83567,1.00,1.56
2015.03.04 12:04:16.352,1.83552,1.83567,2.55,1.25
2015.03.04 12:04:16.453,1.83553,1.83569,3.37,1.00
2015.03.04 12:04:16.556,1.83554,1.8357,1.17,1.00
2015.03.04 12:04:17.061,1.83555,1.83572,1.10,2.81
2015.03.04 12:04:17.366,1.83545,1.83557,1.95,1.00
2015.03.04 12:04:17.568,1.83545,1.83562,1.57,2.25
2015.03.04 12:04:17.619,1.83543,1.83562,1.00,2.25
2015.03.04 12:04:17.822,1.8354,1.83559,1.20,1.12
2015.03.04 12:04:17.923,1.8354,1.83557,1.20,1.00
2015.03.04 12:04:18.227,1.8354,1.83558,1.57,2.25
2015.03.04 12:04:18.278,1.8354,1.83558,1.20,2.25
2015.03.04 12:04:18.802,1.83538,1.83554,4.35,1.37
2015.03.04 12:04:18.904,1.83534,1.83549,1.37,1.00
2015.03.04 12:04:19.312,1.83532,1.83549,1.57,1.50
2015.03.04 12:04:20.447,1.83532,1.83549,1.85,1.50
2015.03.04 12:04:20.751,1.83545,1.83559,1.09,1.50
2015.03.04 12:04:20.802,1.83547,1.83561,3.00,1.75
2015.03.04 12:04:20.853,1.83547,1.83561,3.00,1.75
2015.03.04 12:04:21.156,1.83547,1.83567,3.00,1.00
2015.03.04 12:04:21.720,1.83553,1.83567,1.00,1.00
2015.03.04 12:04:21.872,1.83553,1.83569,1.00,1.00
2015.03.04 12:04:21.923,1.83553,1.83569,1.37,1.00
2015.03.04 12:04:22.227,1.83553,1.83567,1.85,1.00
2015.03.04 12:04:22.429,1.83553,1.83572,1.85,1.50
2015.03.04 12:04:22.834,1.83556,1.83572,1.27,1.00
2015.03.04 12:04:22.935,1.83556,1.83572,1.90,1.00
2015.03.04 12:04:23.087,1.83556,1.83572,1.90,1.00
2015.03.04 12:04:23.846,1.83557,1.83574,2.40,1.00
2015.03.04 12:04:24.048,1.83555,1.83574,6.60,1.25
2015.03.04 12:04:24.099,1.83555,1.83572,5.85,1.00
2015.03.04 12:04:24.402,1.83554,1.83571,1.37,1.69
2015.03.04 12:04:25.110,1.83554,1.83571,1.00,1.69
2015.03.04 12:04:25.163,1.83554,1.83569,1.00,1.00
2015.03.04 12:04:26.640,1.83556,1.83569,1.00,1.00
2015.03.04 12:04:26.944,1.83559,1.83573,1.00,1.29
2015.03.04 12:04:27.146,1.83555,1.83572,1.00,2.81
2015.03.04 12:04:27.197,1.83555,1.83572,1.00,2.81
2015.03.04 12:04:27.400,1.83553,1.8357,1.00,1.76
2015.03.04 12:04:27.930,1.83553,1.8357,1.37,1.76
2015.03.04 12:04:28.185,1.83553,1.8357,1.37,1.76
2015.03.04 12:04:30.020,1.83553,1.83569,1.37,1.25
2015.03.04 12:04:30.274,1.83555,1.83571,1.37,1.00
2015.03.04 12:04:30.325,1.83555,1.83571,1.37,1.00
2015.03.04 12:04:30.629,1.83551,1.83567,1.47,1.25
2015.03.04 12:04:30.680,1.83551,1.83566,1.00,1.00
2015.03.04 12:04:31.035,1.83553,1.83569,1.00,1.01
2015.03.04 12:04:31.538,1.83553,1.8357,1.12,2.44
2015.03.04 12:04:32.053,1.83555,1.8357,2.17,2.00
2015.03.04 12:04:32.155,1.83557,1.83572,1.10,1.00
2015.03.04 12:04:32.207,1.83559,1.83573,1.00,1.00
2015.03.04 12:04:32.359,1.8356,1.83575,1.10,1.25
2015.03.04 12:04:32.880,1.8356,1.83576,1.20,1.00
2015.03.04 12:04:34.101,1.83566,1.83576,1.00,1.00
2015.03.04 12:04:34.355,1.83566,1.83581,1.00,1.00
2015.03.04 12:04:34.456,1.83566,1.83577,1.00,1.00
2015.03.04 12:04:34.659,1.83566,1.8358,1.00,1.20
2015.03.04 12:04:35.419,1.83566,1.83578,1.00,1.00
2015.03.04 12:04:35.920,1.83566,1.8358,1.00,1.57
2015.03.04 12:04:36.233,1.83566,1.83577,1.00,1.00
2015.03.04 12:04:36.435,1.83566,1.83578,3.37,1.00
2015.03.04 12:04:36.587,1.83566,1.83578,3.37,1.00
2015.03.04 12:04:37.227,1.8356,1.83578,1.12,1.87
2015.03.04 12:04:37.278,1.83561,1.83574,1.00,1.87
2015.03.04 12:04:37.379,1.83565,1.83573,1.00,1.00
2015.03.04 12:04:37.582,1.83556,1.83577,2.62,1.37
2015.03.04 12:04:37.939,1.83556,1.83577,2.62,1.87
2015.03.04 12:04:38.348,1.83565,1.83574,1.00,1.87
2015.03.04 12:04:38.399,1.8356,1.83574,1.37,1.87
2015.03.04 12:04:38.906,1.8356,1.83579,1.55,3.56
2015.03.04 12:04:39.058,1.83564,1.83578,1.00,1.37
2015.03.04 12:04:39.332,1.83564,1.83578,1.00,1.87
2015.03.04 12:04:40.670,1.83564,1.83581,1.00,2.62
2015.03.04 12:04:40.974,1.83564,1.83577,1.00,1.00
2015.03.04 12:04:42.622,1.83564,1.83577,1.00,1.37
2015.03.04 12:04:42.926,1.8356,1.83578,1.07,2.62
2015.03.04 12:04:43.027,1.83562,1.83574,1.00,1.37
2015.03.04 12:04:43.078,1.83562,1.83574,1.00,1.37
2015.03.04 12:04:43.231,1.83565,1.83576,1.37,1.00
2015.03.04 12:04:43.535,1.83565,1.83576,1.52,1.37
2015.03.04 12:04:44.874,1.83567,1.83579,1.37,1.00
2015.03.04 12:04:45.402,1.83564,1.83579,4.91,1.37
2015.03.04 12:04:48.377,1.83567,1.83578,1.00,1.00
2015.03.04 12:04:48.529,1.83565,1.83578,1.00,1.50
2015.03.04 12:04:50.359,1.83562,1.83577,1.00,2.25
2015.03.04 12:04:50.461,1.83555,1.83574,1.17,1.50
2015.03.04 12:04:50.512,1.83558,1.83573,1.00,1.37
2015.03.04 12:04:50.613,1.83556,1.83571,1.00,1.50
2015.03.04 12:04:56.965,1.83556,1.83571,1.00,1.39
2015.03.04 12:04:57.645,1.83556,1.83569,1.00,1.00
2015.03.04 12:04:59.732,1.83556,1.8357,1.00,1.31
2015.03.04 12:05:00.706,1.83556,1.83572,1.00,2.02
2015.03.04 12:05:01.225,1.83556,1.83572,1.00,2.02
2015.03.04 12:05:01.529,1.83556,1.83568,1.00,1.17
2015.03.04 12:05:01.828,1.83554,1.83568,1.00,1.17
2015.03.04 12:05:07.381,1.83554,1.83568,1.00,2.02
2015.03.04 12:05:11.037,1.83554,1.83567,1.00,1.66
2015.03.04 12:05:11.392,1.83554,1.83568,1.00,1.27
2015.03.04 12:05:14.072,1.83554,1.83568,1.00,1.12
2015.03.04 12:05:14.577,1.83554,1.83569,1.00,1.25
2015.03.04 12:05:15.800,1.83554,1.83568,1.00,1.00
2015.03.04 12:05:18.844,1.83551,1.83568,1.00,1.50
2015.03.04 12:05:21.282,1.83551,1.83568,1.17,1.50
2015.03.04 12:05:21.607,1.83551,1.83568,1.17,1.87
2015.03.04 12:05:22.062,1.83547,1.83564,3.00,1.00
2015.03.04 12:05:22.113,1.83547,1.83564,1.00,1.00
2015.03.04 12:05:32.637,1.83547,1.83564,1.31,1.00
2015.03.04 12:05:33.842,1.83547,1.83564,1.31,1.00
2015.03.04 12:05:47.225,1.83551,1.83566,1.00,1.00
2015.03.04 12:05:47.379,1.83551,1.83568,1.37,1.50
2015.03.04 12:05:47.783,1.83553,1.8357,1.10,1.25
2015.03.04 12:05:50.707,1.83554,1.8357,2.17,1.00
2015.03.04 12:05:52.051,1.83555,1.83573,1.84,1.00
2015.03.04 12:05:52.604,1.83555,1.83573,1.84,1.00
2015.03.04 12:05:53.200,1.83555,1.83574,1.84,1.00
2015.03.04 12:05:53.511,1.83555,1.83572,1.84,1.00
2015.03.04 12:05:53.843,1.83555,1.83574,1.46,1.00
2015.03.04 12:05:54.096,1.83555,1.83572,1.46,1.00
2015.03.04 12:05:54.612,1.83559,1.83573,1.00,1.00
2015.03.04 12:05:54.815,1.83561,1.83578,1.00,1.87
2015.03.04 12:05:55.340,1.83561,1.83577,1.00,1.00
2015.03.04 12:05:57.409,1.83561,1.83578,1.00,1.00
2015.03.04 12:05:59.100,1.83561,1.83578,1.19,1.00
2015.03.04 12:06:00.839,1.83564,1.83578,2.36,1.00
2015.03.04 12:06:00.993,1.83565,1.83581,2.44,1.00
2015.03.04 12:06:01.448,1.83569,1.83581,2.25,1.00
2015.03.04 12:06:01.651,1.83573,1.83587,1.20,1.00
2015.03.04 12:06:02.156,1.83573,1.83588,1.20,1.00
2015.03.04 12:06:04.407,1.83573,1.83587,1.00,1.00
2015.03.04 12:06:05.841,1.83566,1.83582,3.56,1.00
2015.03.04 12:06:06.360,1.83566,1.83583,3.19,1.50
2015.03.04 12:06:06.871,1.83569,1.83583,1.00,1.00
2015.03.04 12:06:14.792,1.83569,1.83586,1.00,1.69
2015.03.04 12:06:15.362,1.83569,1.83586,1.00,1.00
2015.03.04 12:06:15.463,1.83569,1.83586,3.00,1.00
2015.03.04 12:06:17.414,1.83571,1.83587,1.47,1.19
2015.03.04 12:06:17.516,1.83573,1.83592,2.92,1.00
2015.03.04 12:06:18.025,1.83575,1.83593,1.57,1.12
2015.03.04 12:06:18.470,1.8358,1.83593,1.00,1.12
2015.03.04 12:06:19.825,1.83577,1.83592,1.00,1.00
2015.03.04 12:06:20.375,1.83577,1.83593,1.00,1.87
2015.03.04 12:06:21.036,1.83577,1.83593,1.00,2.06
2015.03.04 12:06:21.555,1.83577,1.83592,1.00,1.31
2015.03.04 12:06:21.658,1.83574,1.83591,1.17,1.56
2015.03.04 12:06:22.165,1.83574,1.83588,1.00,1.01
2015.03.04 12:06:22.853,1.83574,1.83588,1.00,1.01
2015.03.04 12:06:23.959,1.83574,1.83591,1.00,2.89
2015.03.04 12:06:24.466,1.83574,1.83591,1.00,2.06
2015.03.04 12:06:24.668,1.83578,1.83591,1.00,1.19
2015.03.04 12:06:25.175,1.8358,1.83594,1.00,1.56
2015.03.04 12:06:25.383,1.8358,1.83594,1.00,1.56
2015.03.04 12:06:25.738,1.83583,1.83596,1.00,1.56
2015.03.04 12:06:25.891,1.83583,1.83596,1.00,1.56
2015.03.04 12:06:27.265,1.83583,1.83597,1.00,1.56
2015.03.04 12:06:27.417,1.8358,1.83592,1.00,1.25
2015.03.04 12:06:27.518,1.83575,1.83591,4.35,1.00
2015.03.04 12:06:27.824,1.83583,1.83592,1.00,1.25
2015.03.04 12:06:27.925,1.83579,1.83592,1.00,1.25
2015.03.04 12:06:28.279,1.83582,1.83592,1.00,1.25
2015.03.04 12:06:28.920,1.83579,1.83591,1.00,1.00
2015.03.04 12:06:29.691,1.83583,1.83596,1.00,1.46
2015.03.04 12:06:32.146,1.83579,1.83592,1.00,1.19
2015.03.04 12:06:32.670,1.83579,1.83592,1.00,1.56
2015.03.04 12:06:33.691,1.83578,1.83592,1.00,1.56
2015.03.04 12:06:34.680,1.83578,1.8359,1.00,1.19
2015.03.04 12:06:36.616,1.83575,1.8359,1.00,1.19
2015.03.04 12:06:36.768,1.83571,1.83588,1.10,1.00
2015.03.04 12:06:36.869,1.83577,1.8359,1.00,1.19
2015.03.04 12:06:37.383,1.83577,1.83591,1.00,1.56
2015.03.04 12:06:37.894,1.83577,1.8359,1.00,1.56
2015.03.04 12:06:40.060,1.83577,1.83593,1.00,1.56
2015.03.04 12:06:40.313,1.83577,1.83593,1.00,1.94
2015.03.04 12:06:40.465,1.83568,1.83585,1.87,1.00
2015.03.04 12:06:40.567,1.83568,1.83585,2.62,1.00
2015.03.04 12:06:40.922,1.83567,1.83582,1.20,1.00
2015.03.04 12:06:41.624,1.83568,1.83582,2.17,1.00
2015.03.04 12:06:43.255,1.83568,1.83585,5.10,1.00
2015.03.04 12:06:43.458,1.83575,1.83589,1.00,1.19
2015.03.04 12:06:44.971,1.83575,1.8359,1.00,1.31
2015.03.04 12:06:48.455,1.83575,1.8359,1.00,1.62
2015.03.04 12:06:50.718,1.83578,1.8359,1.00,1.56
2015.03.04 12:06:50.921,1.83574,1.8359,1.00,1.56
2015.03.04 12:06:51.022,1.8357,1.83587,1.20,1.37
2015.03.04 12:06:51.598,1.8357,1.83587,1.20,1.00
2015.03.04 12:06:56.974,1.8357,1.83587,1.20,1.37
2015.03.04 12:06:59.297,1.8357,1.83587,1.27,1.00
2015.03.04 12:07:00.181,1.8357,1.83587,1.65,1.00
2015.03.04 12:07:00.848,1.8357,1.83587,1.27,1.00
2015.03.04 12:07:02.014,1.8357,1.83587,3.00,1.00
2015.03.04 12:07:06.767,1.8357,1.83586,2.25,1.00
2015.03.04 12:07:10.197,1.8357,1.83583,2.25,1.00
2015.03.04 12:07:10.307,1.83568,1.83583,1.07,1.00
2015.03.04 12:07:10.409,1.83573,1.83587,1.00,1.37
2015.03.04 12:07:10.725,1.83568,1.83582,1.07,1.37
2015.03.04 12:07:10.827,1.83565,1.83582,1.07,1.12
2015.03.04 12:07:11.181,1.83564,1.8358,2.25,1.25
2015.03.04 12:07:11.333,1.83563,1.8358,1.50,1.25
2015.03.04 12:07:11.383,1.83562,1.83577,1.10,1.25
2015.03.04 12:07:11.485,1.8356,1.83577,1.50,1.25
2015.03.04 12:07:12.621,1.8356,1.83575,1.00,1.00
2015.03.04 12:07:12.925,1.83557,1.83572,3.37,1.00
2015.03.04 12:07:20.309,1.83557,1.83574,4.12,1.00
2015.03.04 12:07:21.268,1.83558,1.83574,1.46,1.00
2015.03.04 12:07:21.319,1.8356,1.83577,1.37,1.00
2015.03.04 12:07:21.370,1.83561,1.83577,3.75,1.00
2015.03.04 12:07:21.572,1.83571,1.83587,1.00,1.00
2015.03.04 12:07:21.775,1.83571,1.83582,1.00,1.00
2015.03.04 12:07:22.028,1.83573,1.83588,1.00,1.00
2015.03.04 12:07:23.320,1.83573,1.83587,1.00,1.00
2015.03.04 12:07:30.895,1.83573,1.83591,1.00,1.01
2015.03.04 12:07:31.449,1.83573,1.83587,1.00,1.00
2015.03.04 12:07:31.769,1.83573,1.83591,1.00,1.01
2015.03.04 12:07:33.192,1.83579,1.83593,1.00,4.31
2015.03.04 12:07:33.698,1.83579,1.83588,1.00,1.00
2015.03.04 12:07:34.473,1.83579,1.83593,1.00,4.31
2015.03.04 12:07:34.733,1.83575,1.83593,1.00,3.19
2015.03.04 12:07:34.936,1.83581,1.83592,1.00,1.19
2015.03.04 12:07:35.038,1.83581,1.83593,1.00,1.00
2015.03.04 12:07:35.547,1.83581,1.83596,1.00,2.44
2015.03.04 12:07:35.854,1.83582,1.83592,1.00,1.00
2015.03.04 12:07:36.625,1.83582,1.83593,1.00,1.00
2015.03.04 12:07:36.676,1.83577,1.83593,1.12,1.50
2015.03.04 12:07:41.479,1.83577,1.83593,1.37,1.00
2015.03.04 12:07:41.581,1.83578,1.83593,1.64,1.00
2015.03.04 12:07:41.632,1.83582,1.83598,1.19,1.50
2015.03.04 12:07:41.683,1.83582,1.83597,1.66,1.00
2015.03.04 12:07:41.885,1.83588,1.83603,1.00,1.31
2015.03.04 12:07:42.189,1.83584,1.836,1.00,1.00
2015.03.04 12:07:42.888,1.83584,1.836,1.37,1.00
2015.03.04 12:07:43.191,1.83586,1.83604,1.00,1.01
2015.03.04 12:07:43.293,1.83584,1.83599,1.37,1.00
2015.03.04 12:07:49.103,1.83586,1.83603,1.00,1.69
2015.03.04 12:07:50.857,1.83586,1.83603,1.00,1.50
2015.03.04 12:07:52.988,1.83588,1.83606,1.00,2.44
2015.03.04 12:07:53.312,1.83586,1.836,1.00,1.00
2015.03.04 12:07:53.984,1.83587,1.83604,1.00,1.10
2015.03.04 12:07:54.085,1.8359,1.83606,1.00,2.44
2015.03.04 12:08:02.044,1.8359,1.83607,1.00,2.21
2015.03.04 12:08:02.610,1.8359,1.83607,1.00,2.21
2015.03.04 12:08:03.118,1.8359,1.83607,1.00,2.59
2015.03.04 12:08:03.685,1.8359,1.83607,1.00,1.46
2015.03.04 12:08:04.565,1.8359,1.83607,1.00,1.46
2015.03.04 12:08:09.017,1.8359,1.83607,1.00,1.74
2015.03.04 12:08:09.887,1.8359,1.83606,1.00,2.51
2015.03.04 12:08:09.938,1.83585,1.83604,1.25,1.62
2015.03.04 12:08:10.039,1.83589,1.83606,1.00,3.26
2015.03.04 12:08:10.140,1.83586,1.83603,1.00,1.56
2015.03.04 12:08:10.242,1.83583,1.83598,1.66,1.00
2015.03.04 12:08:12.111,1.83583,1.83598,1.66,1.00
2015.03.04 12:08:15.344,1.83585,1.83598,1.31,1.00
2015.03.04 12:08:15.843,1.83585,1.83602,1.31,1.12
2015.03.04 12:08:16.356,1.83585,1.83602,1.31,1.87
2015.03.04 12:08:23.312,1.83582,1.83596,1.46,1.00
2015.03.04 12:08:23.616,1.83582,1.83594,1.31,1.00
2015.03.04 12:08:24.450,1.83582,1.83594,2.81,1.00
2015.03.04 12:08:24.552,1.83584,1.83601,1.57,1.31
2015.03.04 12:08:24.654,1.83587,1.83602,1.00,1.19
2015.03.04 12:08:25.055,1.83587,1.83597,1.00,1.00
2015.03.04 12:08:25.867,1.83587,1.83601,1.00,1.00
2015.03.04 12:08:26.323,1.83585,1.83601,1.00,1.25
2015.03.04 12:08:26.424,1.83582,1.83597,1.56,1.00
2015.03.04 12:08:26.525,1.83586,1.836,1.00,1.00
2015.03.04 12:08:26.728,1.83584,1.83601,2.06,1.00
2015.03.04 12:08:26.830,1.83588,1.83605,1.25,1.25
2015.03.04 12:08:26.981,1.83587,1.83601,1.31,1.00
2015.03.04 12:08:27.759,1.8359,1.83607,1.00,1.09
2015.03.04 12:08:28.814,1.83588,1.83603,1.19,1.00
2015.03.04 12:08:30.608,1.83589,1.83608,1.69,4.31
2015.03.04 12:08:30.911,1.83595,1.83608,1.00,3.56
2015.03.04 12:08:31.229,1.83591,1.83608,1.00,4.31
2015.03.04 12:08:31.766,1.83589,1.83604,1.19,1.00
2015.03.04 12:08:32.224,1.83593,1.8361,1.00,3.56
2015.03.04 12:08:32.376,1.83589,1.83608,2.06,1.10
2015.03.04 12:08:32.477,1.83589,1.83604,1.56,1.00
2015.03.04 12:08:33.507,1.83589,1.83604,1.56,1.00
2015.03.04 12:08:33.559,1.83589,1.83606,2.06,1.00
2015.03.04 12:08:34.997,1.83595,1.83607,1.00,3.00
2015.03.04 12:08:35.098,1.83585,1.83604,2.21,1.00
2015.03.04 12:08:35.149,1.83585,1.83604,2.21,1.00
2015.03.04 12:08:35.456,1.8359,1.83605,1.00,2.25
2015.03.04 12:08:35.760,1.83585,1.83603,1.56,1.17
2015.03.04 12:08:36.326,1.83585,1.83603,1.56,1.17
2015.03.04 12:08:36.940,1.83584,1.83603,1.76,1.55
2015.03.04 12:08:37.406,1.83585,1.83603,1.19,1.55
2015.03.04 12:08:38.339,1.83585,1.83603,1.19,1.46
2015.03.04 12:08:39.374,1.83585,1.83603,1.19,1.46
2015.03.04 12:08:40.133,1.83584,1.83602,1.66,1.37
2015.03.04 12:08:40.436,1.83593,1.83602,1.00,1.37
2015.03.04 12:08:40.589,1.83576,1.83595,1.20,1.95
2015.03.04 12:08:40.690,1.83577,1.83592,1.00,1.00
2015.03.04 12:08:41.442,1.83584,1.83593,1.00,2.62
2015.03.04 12:08:41.493,1.83581,1.83593,1.00,2.62
2015.03.04 12:08:44.621,1.83581,1.83596,1.00,1.09
2015.03.04 12:08:45.126,1.83581,1.83597,1.00,6.79
2015.03.04 12:08:46.461,1.83583,1.83596,1.00,1.77
2015.03.04 12:08:46.563,1.8358,1.83596,1.00,1.77
2015.03.04 12:08:50.570,1.8358,1.83596,1.00,1.09
2015.03.04 12:08:50.823,1.83584,1.83596,1.00,1.09
2015.03.04 12:08:52.461,1.83584,1.83597,1.00,6.04
2015.03.04 12:08:54.311,1.83584,1.83596,1.00,1.52
2015.03.04 12:08:55.074,1.83584,1.83597,1.00,2.06
2015.03.04 12:08:55.125,1.83581,1.83596,1.00,1.00
2015.03.04 12:08:55.575,1.83583,1.836,1.25,1.50
2015.03.04 12:08:55.677,1.83585,1.83602,1.56,2.77
2015.03.04 12:08:55.981,1.83592,1.83605,1.00,1.31
2015.03.04 12:08:56.285,1.83596,1.83607,1.00,2.06
2015.03.04 12:08:57.234,1.8359,1.83605,1.31,1.37
2015.03.04 12:08:57.335,1.83596,1.83607,1.00,1.00
2015.03.04 12:08:57.437,1.83593,1.83608,1.00,2.25
2015.03.04 12:08:57.539,1.83596,1.83607,1.00,1.37
2015.03.04 12:08:58.398,1.83596,1.83608,1.00,1.87
2015.03.04 12:08:58.600,1.83591,1.83607,1.19,1.37
2015.03.04 12:08:58.651,1.8359,1.83606,1.19,1.37
2015.03.04 12:08:58.853,1.83593,1.83607,1.00,1.37
2015.03.04 12:09:00.266,1.83598,1.83608,1.00,1.50
2015.03.04 12:09:06.887,1.83599,1.83608,1.25,1.37
2015.03.04 12:09:06.989,1.83595,1.83607,1.70,1.37
2015.03.04 12:09:08.929,1.83599,1.83608,1.00,1.87
2015.03.04 12:09:09.037,1.83599,1.83608,1.00,1.87
2015.03.04 12:09:13.188,1.83603,1.83616,1.00,1.39
2015.03.04 12:09:13.239,1.83603,1.83615,1.00,2.62
2015.03.04 12:09:13.545,1.83602,1.83611,1.00,1.00
2015.03.04 12:09:13.697,1.83599,1.83611,1.00,1.00
2015.03.04 12:09:14.204,1.83599,1.83613,1.00,1.39
2015.03.04 12:09:14.709,1.83599,1.83613,1.00,1.39
2015.03.04 12:09:15.244,1.83593,1.8361,1.19,1.00
2015.03.04 12:09:15.759,1.83593,1.8361,1.00,1.87
2015.03.04 12:09:16.065,1.83586,1.83599,1.00,2.44
2015.03.04 12:09:16.471,1.8358,1.83597,1.00,1.10
2015.03.04 12:09:16.572,1.83584,1.83598,1.00,1.46
2015.03.04 12:09:16.875,1.83586,1.83599,1.00,4.31
2015.03.04 12:09:17.026,1.83584,1.83599,1.00,4.31
2015.03.04 12:09:17.128,1.83579,1.83598,1.00,1.46
2015.03.04 12:09:17.807,1.83584,1.83599,1.00,4.31
2015.03.04 12:09:18.134,1.83586,1.83598,1.00,1.46
2015.03.04 12:09:22.933,1.83583,1.83598,1.37,1.17
2015.03.04 12:09:23.035,1.83583,1.83596,1.37,2.55
2015.03.04 12:09:23.339,1.83582,1.83594,1.37,1.17
2015.03.04 12:09:27.007,1.83582,1.83591,1.87,1.12
2015.03.04 12:09:27.109,1.83581,1.83591,1.50,1.20
2015.03.04 12:09:27.160,1.83581,1.83591,1.00,1.39
2015.03.04 12:09:27.312,1.83572,1.83586,1.87,1.00
2015.03.04 12:09:27.771,1.8357,1.83586,1.69,1.00
2015.03.04 12:09:27.925,1.83575,1.83588,1.00,1.00
2015.03.04 12:09:30.379,1.83575,1.83588,1.00,1.20
2015.03.04 12:09:30.866,1.8357,1.83577,1.00,1.20
2015.03.04 12:09:30.968,1.83567,1.83577,1.00,1.20
2015.03.04 12:09:31.423,1.83567,1.83575,1.00,1.00
2015.03.04 12:09:34.170,1.83567,1.83577,1.00,1.00
2015.03.04 12:09:35.277,1.83564,1.83577,1.00,1.00
2015.03.04 12:09:35.849,1.83564,1.83579,1.00,1.19
2015.03.04 12:09:36.371,1.83564,1.83579,1.00,1.00
2015.03.04 12:09:38.778,1.83564,1.83579,1.00,1.75
2015.03.04 12:09:40.074,1.83564,1.83577,1.00,1.19
2015.03.04 12:09:40.175,1.83564,1.83577,1.00,1.00
2015.03.04 12:09:40.683,1.83564,1.83578,1.00,1.25
2015.03.04 12:09:40.835,1.83564,1.83573,1.00,1.00
2015.03.04 12:09:41.139,1.83558,1.8357,1.37,1.00
2015.03.04 12:09:41.189,1.8356,1.83573,1.37,1.37
2015.03.04 12:09:41.984,1.83562,1.83576,1.37,1.19
2015.03.04 12:09:42.086,1.83562,1.83577,1.62,1.50
2015.03.04 12:09:42.347,1.83564,1.83577,1.37,1.00
2015.03.04 12:09:42.397,1.83564,1.83579,1.37,1.25
2015.03.04 12:09:42.909,1.83567,1.83578,1.00,1.00
2015.03.04 12:09:43.527,1.83565,1.83578,1.12,1.00
2015.03.04 12:09:44.390,1.83565,1.83581,1.12,1.31
2015.03.04 12:09:45.223,1.83565,1.83578,1.00,1.37
2015.03.04 12:09:45.375,1.83561,1.83576,1.37,2.25
2015.03.04 12:09:45.528,1.83556,1.83572,2.44,1.00
2015.03.04 12:09:45.630,1.8356,1.83576,1.37,2.25
2015.03.04 12:09:45.889,1.8356,1.83577,1.62,1.17
2015.03.04 12:09:46.144,1.83563,1.83578,1.00,1.65
2015.03.04 12:09:48.286,1.83563,1.83573,1.00,1.00
2015.03.04 12:09:49.058,1.83563,1.83576,1.37,1.00
2015.03.04 12:09:50.159,1.83563,1.83576,1.37,1.37
2015.03.04 12:09:50.462,1.83557,1.8357,1.37,1.00
2015.03.04 12:09:51.153,1.8356,1.83577,1.37,1.32
2015.03.04 12:09:51.709,1.83563,1.83577,1.37,1.32
2015.03.04 12:09:52.164,1.83565,1.83577,1.37,1.32
2015.03.04 12:09:52.265,1.83561,1.8357,1.37,1.00
2015.03.04 12:09:52.822,1.83561,1.8357,1.37,1.00
2015.03.04 12:09:53.997,1.83559,1.83568,1.37,1.00
2015.03.04 12:09:56.091,1.83557,1.83568,1.87,1.00
2015.03.04 12:09:56.193,1.83557,1.83568,1.37,1.00
2015.03.04 12:09:56.396,1.83552,1.83564,1.75,1.00
2015.03.04 12:09:57.960,1.83549,1.83564,1.87,1.00
2015.03.04 12:09:59.231,1.83548,1.83567,1.12,2.02
2015.03.04 12:10:00.143,1.83548,1.83564,1.12,1.00
2015.03.04 12:10:00.710,1.83548,1.83564,1.87,1.00
2015.03.04 12:10:01.065,1.83548,1.83564,1.75,1.00
2015.03.04 12:10:01.166,1.83546,1.83564,1.94,1.07
2015.03.04 12:10:02.063,1.83546,1.83553,1.00,1.00
2015.03.04 12:10:02.114,1.83535,1.83553,1.01,1.00
2015.03.04 12:10:02.822,1.83535,1.83553,1.01,1.00
2015.03.04 12:10:03.601,1.83538,1.83553,2.04,1.00
2015.03.04 12:10:03.652,1.83541,1.83555,1.94,1.00
2015.03.04 12:10:03.753,1.83541,1.83559,1.94,1.00
2015.03.04 12:10:03.804,1.83542,1.83559,1.25,1.00
2015.03.04 12:10:04.007,1.83538,1.83557,1.01,1.00
2015.03.04 12:10:04.512,1.83537,1.83557,1.01,1.50
2015.03.04 12:10:07.298,1.83537,1.83557,1.01,1.50
2015.03.04 12:10:14.681,1.83538,1.83557,2.04,1.00
2015.03.04 12:10:15.035,1.83538,1.83557,2.04,1.00
2015.03.04 12:10:15.864,1.83538,1.83558,2.66,1.50
2015.03.04 12:10:16.744,1.83539,1.83556,3.19,1.00
2015.03.04 12:10:16.947,1.83537,1.83556,1.56,1.50
2015.03.04 12:10:17.099,1.83537,1.83556,1.31,1.50
2015.03.04 12:10:17.613,1.83536,1.83556,2.14,1.50
2015.03.04 12:10:18.637,1.83541,1.83556,1.00,1.25
2015.03.04 12:10:18.940,1.83535,1.83553,2.15,1.00
2015.03.04 12:10:23.182,1.83536,1.83553,1.09,1.00
2015.03.04 12:10:23.334,1.83542,1.83557,1.12,1.19
2015.03.04 12:10:23.588,1.83544,1.83557,1.00,1.19
2015.03.04 12:10:25.666,1.83544,1.83557,1.00,1.19
2015.03.04 12:10:27.533,1.8354,1.83557,1.37,1.69
2015.03.04 12:10:28.727,1.83543,1.83557,1.00,1.19
2015.03.04 12:10:29.252,1.83543,1.83557,1.00,1.19
2015.03.04 12:10:33.530,1.83543,1.83557,1.00,1.19
2015.03.04 12:10:34.039,1.83543,1.83557,1.00,1.19
2015.03.04 12:10:36.373,1.83543,1.83557,1.37,1.19
2015.03.04 12:10:36.682,1.83543,1.83557,1.37,1.19
2015.03.04 12:10:36.985,1.83545,1.83559,1.37,1.19
2015.03.04 12:10:37.908,1.83545,1.83561,1.37,1.36
2015.03.04 12:10:38.888,1.83545,1.83561,1.37,1.36
2015.03.04 12:10:39.900,1.83545,1.83561,1.37,1.36
2015.03.04 12:10:42.621,1.83545,1.83561,1.37,1.46
2015.03.04 12:10:42.927,1.83542,1.8355,1.00,1.00
2015.03.04 12:10:46.229,1.83542,1.83551,1.00,1.00
2015.03.04 12:10:47.353,1.83541,1.83554,1.37,1.25
2015.03.04 12:10:49.337,1.83541,1.83554,1.37,1.00
2015.03.04 12:10:49.742,1.83539,1.83552,1.75,1.00
2015.03.04 12:10:49.895,1.83539,1.83552,2.25,1.00
2015.03.04 12:10:49.998,1.83539,1.83556,2.25,1.00
2015.03.04 12:10:50.099,1.83539,1.8355,1.50,1.00
2015.03.04 12:10:50.402,1.83537,1.83548,2.25,1.00
2015.03.04 12:10:51.106,1.83537,1.83545,1.00,1.00
2015.03.04 12:10:51.308,1.83533,1.83538,1.12,1.00
2015.03.04 12:11:01.192,1.83527,1.83541,1.50,1.00
2015.03.04 12:11:02.660,1.83529,1.83541,1.12,1.00
2015.03.04 12:11:02.761,1.83531,1.83546,1.50,1.00
2015.03.04 12:11:02.963,1.83529,1.8354,1.47,1.00
2015.03.04 12:11:04.299,1.83527,1.83543,4.50,1.00
2015.03.04 12:11:06.494,1.83527,1.83538,5.25,1.00
2015.03.04 12:11:09.602,1.83527,1.83538,1.87,1.00
2015.03.04 12:11:09.655,1.83526,1.83535,1.37,1.25
2015.03.04 12:11:11.099,1.83524,1.83535,1.00,1.19
2015.03.04 12:11:11.302,1.83517,1.8353,1.75,1.00
2015.03.04 12:11:11.808,1.83519,1.83538,1.50,1.84
2015.03.04 12:11:12.319,1.83519,1.83538,1.50,1.84
2015.03.04 12:11:13.280,1.83517,1.8353,2.25,1.00
2015.03.04 12:11:15.271,1.83518,1.83527,1.37,1.00
2015.03.04 12:11:15.322,1.83516,1.83527,1.37,1.00
2015.03.04 12:11:15.727,1.83514,1.83524,1.75,1.00
2015.03.04 12:11:15.830,1.83519,1.83537,1.12,1.57
2015.03.04 12:11:15.881,1.83519,1.83537,1.12,1.26
2015.03.04 12:11:16.196,1.83518,1.8353,1.37,1.00
2015.03.04 12:11:16.959,1.83518,1.8353,1.50,1.00
2015.03.04 12:11:18.124,1.83514,1.83533,2.32,1.25
2015.03.04 12:11:18.662,1.83514,1.83533,2.32,1.25
2015.03.04 12:11:18.817,1.83514,1.83533,1.95,1.25
2015.03.04 12:11:19.687,1.83522,1.83535,1.00,1.19
2015.03.04 12:11:21.207,1.83516,1.83535,1.12,1.69
2015.03.04 12:11:22.245,1.83516,1.83535,1.37,1.69
2015.03.04 12:11:22.568,1.83514,1.83531,1.45,1.00
2015.03.04 12:11:23.478,1.83514,1.83531,1.37,1.00
2015.03.04 12:11:25.399,1.83514,1.83531,1.37,1.00
2015.03.04 12:11:28.281,1.83514,1.83531,1.12,1.00
2015.03.04 12:11:30.911,1.83514,1.83531,1.37,1.25
2015.03.04 12:11:31.216,1.83514,1.83528,1.37,1.00
2015.03.04 12:11:31.469,1.83514,1.83528,1.37,1.00
2015.03.04 12:11:32.420,1.83511,1.83528,1.47,1.00
2015.03.04 12:11:38.282,1.83513,1.83525,1.37,1.00
2015.03.04 12:11:40.901,1.83513,1.83525,1.37,1.00
2015.03.04 12:11:41.871,1.83513,1.83529,1.37,1.00
2015.03.04 12:11:47.531,1.83516,1.83529,1.37,1.00
2015.03.04 12:11:47.970,1.83518,1.83529,1.37,1.00
2015.03.04 12:11:48.173,1.8352,1.83532,1.12,1.00
2015.03.04 12:11:48.680,1.8352,1.83531,1.12,1.00
2015.03.04 12:11:49.035,1.8352,1.83535,1.12,1.00
2015.03.04 12:11:50.707,1.8352,1.83533,1.55,1.00
2015.03.04 12:11:51.693,1.8352,1.83538,1.74,1.00
2015.03.04 12:11:51.795,1.83522,1.83541,1.37,1.00
2015.03.04 12:11:52.050,1.83522,1.83541,1.31,1.00
2015.03.04 12:11:52.101,1.83522,1.83541,1.31,3.75
2015.03.04 12:11:52.455,1.83518,1.8353,1.39,1.00
2015.03.04 12:11:55.690,1.8352,1.83537,1.12,1.00
2015.03.04 12:11:59.202,1.8352,1.83537,1.37,1.00
2015.03.04 12:12:00.483,1.8352,1.83534,1.37,1.00
2015.03.04 12:12:00.787,1.8352,1.83531,1.37,1.00
2015.03.04 12:12:00.888,1.8352,1.83531,1.37,1.00
2015.03.04 12:12:03.693,1.83521,1.83538,1.12,1.00
2015.03.04 12:12:04.458,1.83516,1.83527,2.25,1.37
2015.03.04 12:12:04.509,1.83507,1.8352,1.20,1.00
2015.03.04 12:12:04.762,1.83507,1.83524,1.00,1.00
2015.03.04 12:12:05.287,1.83506,1.83524,1.00,1.00
2015.03.04 12:12:05.807,1.83506,1.83524,1.37,1.00
2015.03.04 12:12:06.462,1.83506,1.83524,1.12,1.25
2015.03.04 12:12:06.665,1.83506,1.83524,3.37,1.25
2015.03.04 12:12:06.766,1.83505,1.83524,1.37,1.25
2015.03.04 12:12:07.276,1.83505,1.83524,1.37,1.19
2015.03.04 12:12:09.487,1.83505,1.83524,1.37,1.19
2015.03.04 12:12:09.991,1.83505,1.83524,1.00,1.19
2015.03.04 12:12:10.193,1.83503,1.83519,1.47,1.00
2015.03.04 12:12:10.497,1.83503,1.83515,1.12,1.00
2015.03.04 12:12:10.800,1.83502,1.83513,1.10,1.00
2015.03.04 12:12:11.054,1.83497,1.83509,1.00,1.00
2015.03.04 12:12:11.156,1.83494,1.83505,2.17,1.00
2015.03.04 12:12:11.207,1.83493,1.83505,1.00,1.00
2015.03.04 12:12:11.309,1.83488,1.83505,1.20,1.00
2015.03.04 12:12:11.360,1.83487,1.83499,1.84,1.00
2015.03.04 12:12:12.007,1.83486,1.83499,1.10,1.00
2015.03.04 12:12:12.210,1.83486,1.83499,1.47,1.00
2015.03.04 12:12:12.569,1.83491,1.83499,1.00,1.00
2015.03.04 12:12:12.721,1.83491,1.83503,1.12,1.00
2015.03.04 12:12:13.035,1.83493,1.83512,1.00,1.66
2015.03.04 12:12:13.495,1.83491,1.83505,1.37,1.00
2015.03.04 12:12:13.801,1.83492,1.83502,1.12,1.00
2015.03.04 12:12:15.407,1.83492,1.83502,1.37,1.00
2015.03.04 12:12:15.458,1.83494,1.83511,1.12,1.19
2015.03.04 12:12:15.509,1.83494,1.83511,1.37,1.00
2015.03.04 12:12:15.559,1.83497,1.83515,1.12,1.26
2015.03.04 12:12:15.661,1.835,1.83517,1.00,1.39
2015.03.04 12:12:16.749,1.83495,1.83507,1.47,1.00
2015.03.04 12:12:17.002,1.83498,1.83515,1.00,1.25
2015.03.04 12:12:18.667,1.83498,1.83515,1.00,1.66
2015.03.04 12:12:18.970,1.83495,1.83509,1.00,1.00
2015.03.04 12:12:19.324,1.83495,1.83513,1.00,1.31
2015.03.04 12:12:19.828,1.83495,1.83513,1.37,1.25
2015.03.04 12:12:20.359,1.83495,1.83513,1.12,1.25
2015.03.04 12:12:21.166,1.83495,1.83513,1.37,1.25
2015.03.04 12:12:22.063,1.83495,1.83513,2.07,1.00
2015.03.04 12:12:22.114,1.83499,1.83516,1.56,1.00
2015.03.04 12:12:22.165,1.83501,1.83518,1.37,1.10
2015.03.04 12:12:22.368,1.83504,1.83521,1.12,1.25
2015.03.04 12:12:23.611,1.83504,1.83521,1.50,1.00
2015.03.04 12:12:24.293,1.83504,1.83521,1.50,1.00
2015.03.04 12:12:27.233,1.83504,1.83521,1.00,1.00
2015.03.04 12:12:33.943,1.83502,1.83515,1.55,1.00
2015.03.04 12:12:34.148,1.83502,1.8352,1.55,1.00
2015.03.04 12:12:34.249,1.83504,1.83523,1.00,1.19
2015.03.04 12:12:35.007,1.83504,1.83523,1.37,1.19
2015.03.04 12:12:36.075,1.83505,1.83523,1.00,1.25
2015.03.04 12:12:37.919,1.83504,1.83523,1.75,1.25
2015.03.04 12:12:38.476,1.83507,1.83526,1.12,1.87
2015.03.04 12:12:40.580,1.83507,1.83526,1.12,1.31
2015.03.04 12:12:40.968,1.83504,1.83519,4.91,1.00
2015.03.04 12:12:41.170,1.8351,1.83524,1.37,1.00
2015.03.04 12:12:41.322,1.83513,1.8353,1.00,1.25
2015.03.04 12:12:41.830,1.83515,1.83534,1.00,6.41
2015.03.04 12:12:42.973,1.83515,1.83534,1.00,2.06
2015.03.04 12:12:47.218,1.83515,1.83534,1.17,2.06
2015.03.04 12:12:48.979,1.83515,1.83534,1.17,2.06
2015.03.04 12:12:49.231,1.83514,1.83526,2.25,1.00
2015.03.04 12:12:50.929,1.83513,1.83518,2.10,1.87
2015.03.04 12:12:50.980,1.83498,1.83517,1.00,3.94
2015.03.04 12:12:51.183,1.83499,1.83517,1.00,3.19
2015.03.04 12:12:51.336,1.83494,1.83512,1.47,1.00
2015.03.04 12:12:51.538,1.83499,1.83516,1.00,1.64
2015.03.04 12:12:51.956,1.83495,1.83512,1.12,1.00
2015.03.04 12:12:52.007,1.83495,1.83512,1.37,1.00
2015.03.04 12:12:52.512,1.83499,1.83516,1.00,1.39
2015.03.04 12:12:52.896,1.83499,1.83516,1.00,1.31
2015.03.04 12:12:53.048,1.83502,1.83517,1.00,1.19
2015.03.04 12:12:53.895,1.83502,1.83518,1.00,1.19
2015.03.04 12:12:54.974,1.83502,1.83517,1.00,1.19
2015.03.04 12:12:55.177,1.83502,1.83519,1.00,1.69
2015.03.04 12:12:55.740,1.83502,1.83519,1.07,1.25
2015.03.04 12:12:57.280,1.83502,1.83517,1.17,1.00
2015.03.04 12:12:57.638,1.83502,1.83519,1.17,1.12
2015.03.04 12:12:57.689,1.83502,1.83518,1.17,1.62
2015.03.04 12:12:57.841,1.83496,1.83513,1.65,1.19
2015.03.04 12:12:58.043,1.83501,1.83518,1.00,3.56
2015.03.04 12:12:58.094,1.83501,1.83518,1.00,3.56
2015.03.04 12:12:58.196,1.83501,1.83515,1.00,1.56
2015.03.04 12:12:58.348,1.83499,1.83516,1.00,1.64
2015.03.04 12:12:59.230,1.83499,1.83514,1.00,1.19
2015.03.04 12:13:00.918,1.83499,1.83512,1.00,1.19
2015.03.04 12:13:01.307,1.83494,1.83512,1.01,1.19
2015.03.04 12:13:01.844,1.83494,1.83512,1.10,1.19
2015.03.04 12:13:02.375,1.83494,1.83513,4.42,1.19
2015.03.04 12:13:02.830,1.83496,1.83513,1.20,1.25
2015.03.04 12:13:04.296,1.83497,1.83514,1.00,1.25
2015.03.04 12:13:04.752,1.83497,1.83514,1.50,1.00
2015.03.04 12:13:04.853,1.83501,1.83517,1.00,1.19
2015.03.04 12:13:04.958,1.83499,1.83514,1.00,1.19
2015.03.04 12:13:05.262,1.83493,1.83503,1.10,1.00
2015.03.04 12:13:05.790,1.83493,1.83504,1.10,1.00
2015.03.04 12:13:06.498,1.83493,1.8351,1.10,1.19
2015.03.04 12:13:06.687,1.83495,1.83512,1.00,1.31
2015.03.04 12:13:07.279,1.83495,1.83512,1.00,1.31
2015.03.04 12:13:08.030,1.83495,1.83512,1.00,1.31
2015.03.04 12:13:08.757,1.83495,1.83512,1.00,1.31
2015.03.04 12:13:09.721,1.83495,1.83512,1.00,1.31
2015.03.04 12:13:11.758,1.83495,1.83512,1.00,1.31
2015.03.04 12:13:12.237,1.83495,1.83512,1.12,1.31
2015.03.04 12:13:12.339,1.83494,1.83505,1.37,1.00
2015.03.04 12:13:13.013,1.83495,1.83511,1.00,2.81
2015.03.04 12:13:13.115,1.83495,1.83511,1.37,2.81
2015.03.04 12:13:13.418,1.8349,1.83505,1.75,1.00
2015.03.04 12:13:13.520,1.83495,1.83511,1.37,2.81
2015.03.04 12:13:13.682,1.8349,1.83509,2.25,1.10
2015.03.04 12:13:13.888,1.83495,1.83512,1.37,1.39
2015.03.04 12:13:14.422,1.8349,1.83505,1.92,1.00
2015.03.04 12:13:15.487,1.8349,1.83507,2.40,1.00
2015.03.04 12:13:15.639,1.83495,1.83512,1.37,1.66
2015.03.04 12:13:15.740,1.8349,1.83504,1.92,1.00
2015.03.04 12:13:15.842,1.8349,1.83502,1.55,1.00
2015.03.04 12:13:16.861,1.83486,1.83502,1.87,1.00
2015.03.04 12:13:18.113,1.83486,1.83502,1.37,1.00
2015.03.04 12:13:19.372,1.83487,1.83502,1.37,1.19
2015.03.04 12:13:19.882,1.83487,1.83502,1.37,1.19
2015.03.04 12:13:20.404,1.83487,1.83502,1.37,1.19
2015.03.04 12:13:20.556,1.83486,1.83505,4.87,1.12
2015.03.04 12:13:20.607,1.83487,1.83505,1.55,1.00
2015.03.04 12:13:20.658,1.83495,1.83505,1.00,1.00
2015.03.04 12:13:20.962,1.83495,1.83502,1.25,1.00
2015.03.04 12:13:21.013,1.83495,1.83504,1.25,1.00
2015.03.04 12:13:21.115,1.83495,1.83507,3.56,1.00
2015.03.04 12:13:21.218,1.83493,1.83504,1.47,1.00
2015.03.04 12:13:21.588,1.83493,1.83507,4.35,1.00
2015.03.04 12:13:21.791,1.83494,1.83513,2.02,1.69
2015.03.04 12:13:22.298,1.83497,1.83513,1.37,1.19
2015.03.04 12:13:22.809,1.83497,1.83513,1.37,1.00
2015.03.04 12:13:23.782,1.83498,1.83507,1.37,1.00
2015.03.04 12:13:23.884,1.83498,1.83513,1.37,1.25
2015.03.04 12:13:24.087,1.83495,1.83513,1.57,1.31
2015.03.04 12:13:24.392,1.83495,1.83512,1.37,1.19
2015.03.04 12:13:24.704,1.83493,1.83506,1.57,1.00
2015.03.04 12:13:24.756,1.83494,1.83511,1.37,1.25
2015.03.04 12:13:25.475,1.83503,1.83515,3.75,1.29
2015.03.04 12:13:25.526,1.83503,1.83515,4.69,1.00
2015.03.04 12:13:25.627,1.83504,1.8352,1.82,1.00
2015.03.04 12:13:25.779,1.83504,1.83523,1.82,1.50
2015.03.04 12:13:25.881,1.83507,1.8352,1.50,1.00
2015.03.04 12:13:26.286,1.83503,1.8352,4.31,1.00
2015.03.04 12:13:26.539,1.83503,1.8352,4.31,1.00
2015.03.04 12:13:27.393,1.83506,1.83523,1.75,1.25
2015.03.04 12:13:27.499,1.83513,1.83524,1.00,1.19
2015.03.04 12:13:27.601,1.83509,1.83524,1.00,1.19
2015.03.04 12:13:27.703,1.83507,1.83524,1.00,1.69
2015.03.04 12:13:28.375,1.83513,1.83524,1.00,1.25
2015.03.04 12:13:28.477,1.8351,1.83524,1.00,1.25
2015.03.04 12:13:28.579,1.83507,1.83524,1.00,1.69
2015.03.04 12:13:30.606,1.83507,1.83524,1.00,1.69
2015.03.04 12:13:31.501,1.83503,1.83521,3.94,1.00
2015.03.04 12:13:32.011,1.83506,1.83523,1.37,1.19
2015.03.04 12:13:33.072,1.83506,1.83523,1.37,1.19
2015.03.04 12:13:34.086,1.83507,1.83523,1.00,1.25
2015.03.04 12:13:34.391,1.83509,1.83523,1.12,1.00
2015.03.04 12:13:34.543,1.83512,1.83526,1.57,1.25
2015.03.04 12:13:34.948,1.83509,1.83525,1.00,1.00
2015.03.04 12:13:34.999,1.83507,1.83523,1.01,1.00
2015.03.04 12:13:35.555,1.83506,1.83523,1.55,1.25
2015.03.04 12:13:38.311,1.83506,1.83523,1.17,1.19
2015.03.04 12:13:40.331,1.83506,1.83523,1.17,1.00
2015.03.04 12:13:44.302,1.83506,1.83523,1.17,1.19
2015.03.04 12:13:44.811,1.83506,1.83523,1.00,1.19
2015.03.04 12:13:45.322,1.83506,1.83523,1.00,1.29
2015.03.04 12:13:45.896,1.83506,1.83523,1.00,1.29
2015.03.04 12:13:47.913,1.83506,1.83523,1.00,1.29
2015.03.04 12:13:49.150,1.83506,1.83523,1.00,1.76
2015.03.04 12:13:51.848,1.83506,1.83523,1.00,1.76
2015.03.04 12:13:54.223,1.83506,1.83523,1.00,1.76
2015.03.04 12:13:55.211,1.83506,1.83523,1.00,1.76
2015.03.04 12:13:57.217,1.83506,1.83522,1.00,1.09
2015.03.04 12:13:57.319,1.835,1.83517,1.50,1.17
2015.03.04 12:13:57.424,1.835,1.83517,1.37,1.00
2015.03.04 12:13:57.728,1.835,1.83514,1.12,2.44
2015.03.04 12:13:59.158,1.83497,1.83514,1.37,1.25
2015.03.04 12:14:00.124,1.83497,1.83514,1.37,1.19
2015.03.04 12:14:00.429,1.83497,1.83514,1.37,1.00
2015.03.04 12:14:01.250,1.83496,1.83512,1.92,1.00
2015.03.04 12:14:01.959,1.83498,1.83512,1.00,1.00
2015.03.04 12:14:02.061,1.83494,1.83511,1.00,1.00
2015.03.04 12:14:02.264,1.83502,1.83516,1.00,1.76
2015.03.04 12:14:02.568,1.83495,1.83513,1.00,1.19
2015.03.04 12:14:03.274,1.83498,1.83515,1.00,1.19
2015.03.04 12:14:03.598,1.835,1.83516,1.00,1.39
2015.03.04 12:14:03.649,1.835,1.83516,1.00,1.39
2015.03.04 12:14:05.302,1.83498,1.83515,1.00,1.19
2015.03.04 12:14:05.843,1.83498,1.83515,1.00,1.19
2015.03.04 12:14:07.414,1.83501,1.83516,1.00,1.39
2015.03.04 12:14:07.668,1.83501,1.83516,1.00,1.39
2015.03.04 12:14:08.619,1.83501,1.83516,1.00,1.39
2015.03.04 12:14:10.327,1.83501,1.83516,1.00,1.39
2015.03.04 12:14:12.633,1.83501,1.83516,1.00,1.39
2015.03.04 12:14:13.631,1.83501,1.83516,1.00,1.39
2015.03.04 12:14:14.885,1.83501,1.83516,1.00,1.39
2015.03.04 12:14:15.986,1.83497,1.83516,1.00,1.84
2015.03.04 12:14:16.250,1.83501,1.83516,1.00,1.39
2015.03.04 12:14:16.352,1.83493,1.83511,1.20,1.00
2015.03.04 12:14:16.655,1.83493,1.83507,1.20,1.00
2015.03.04 12:14:16.966,1.8349,1.83507,1.57,1.00
2015.03.04 12:14:17.017,1.8349,1.83504,1.00,1.00
2015.03.04 12:14:17.528,1.83487,1.83504,2.00,1.00
2015.03.04 12:14:19.074,1.83489,1.83502,1.12,1.00
2015.03.04 12:14:19.226,1.83489,1.83506,1.12,1.00
2015.03.04 12:14:20.704,1.8349,1.83506,1.00,1.00
2015.03.04 12:14:21.593,1.8349,1.83506,1.07,1.00
2015.03.04 12:14:28.166,1.8349,1.83506,1.39,1.00
2015.03.04 12:14:28.217,1.8349,1.83508,1.39,1.00
2015.03.04 12:14:29.159,1.8349,1.83508,2.14,1.00
2015.03.04 12:14:32.718,1.83498,1.83512,1.00,1.29
2015.03.04 12:14:32.769,1.83498,1.83512,1.00,1.29
2015.03.04 12:14:33.339,1.83498,1.83512,1.00,1.29
2015.03.04 12:14:34.207,1.83498,1.83512,1.00,1.29
2015.03.04 12:14:35.790,1.83495,1.83512,1.00,1.76
2015.03.04 12:14:35.942,1.83491,1.83509,1.76,1.00
2015.03.04 12:14:36.043,1.83499,1.83512,1.00,1.10
2015.03.04 12:14:36.145,1.83492,1.8351,2.81,1.00
2015.03.04 12:14:36.246,1.835,1.83513,1.00,1.00
2015.03.04 12:14:37.682,1.835,1.83516,1.00,1.74
2015.03.04 12:14:39.010,1.835,1.83517,1.00,2.81
2015.03.04 12:14:41.094,1.835,1.83517,1.00,2.81
2015.03.04 12:14:45.097,1.835,1.83516,1.00,1.74
2015.03.04 12:14:48.123,1.835,1.83516,1.00,1.46
2015.03.04 12:14:49.134,1.83498,1.83515,1.00,1.29
2015.03.04 12:14:49.236,1.83495,1.8351,1.00,1.00
2015.03.04 12:14:51.765,1.83495,1.83508,1.00,1.00
2015.03.04 12:14:54.082,1.83496,1.83515,1.00,3.19
2015.03.04 12:14:54.184,1.835,1.83515,1.00,2.44
2015.03.04 12:14:55.119,1.835,1.83515,1.00,2.44
2015.03.04 12:14:55.479,1.83496,1.83513,1.50,1.01
2015.03.04 12:14:55.834,1.83497,1.83513,1.37,1.25
2015.03.04 12:14:56.150,1.83505,1.83517,1.00,2.81
2015.03.04 12:14:57.121,1.83505,1.83517,1.00,2.44
2015.03.04 12:14:57.273,1.83499,1.83517,1.37,2.44
2015.03.04 12:14:58.463,1.83505,1.83517,1.00,2.44
2015.03.04 12:14:58.565,1.835,1.83517,1.37,3.19
2015.03.04 12:14:58.919,1.83505,1.83517,1.00,2.44
2015.03.04 12:14:59.336,1.83507,1.83518,1.00,1.07
2015.03.04 12:14:59.438,1.83507,1.83519,1.00,1.25
2015.03.04 12:14:59.541,1.83507,1.83524,1.00,1.46
2015.03.04 12:14:59.693,1.83511,1.83525,1.00,6.04
2015.03.04 12:15:00.519,1.83511,1.83525,1.00,6.04
2015.03.04 12:15:00.873,1.83502,1.83519,1.50,1.00
2015.03.04 12:15:01.025,1.835,1.83517,1.39,1.00
2015.03.04 12:15:01.339,1.83503,1.83518,1.00,1.00
2015.03.04 12:15:01.646,1.83497,1.83511,1.64,1.00
2015.03.04 12:15:01.748,1.83497,1.83514,1.64,1.00
2015.03.04 12:15:01.976,1.83505,1.83518,1.00,1.25
2015.03.04 12:15:05.444,1.835,1.83518,1.00,1.25
2015.03.04 12:15:07.184,1.835,1.83518,1.07,1.00
2015.03.04 12:15:09.562,1.835,1.83519,1.45,1.00
2015.03.04 12:15:09.916,1.83503,1.8352,1.00,1.00
2015.03.04 12:15:11.654,1.83503,1.83521,1.00,1.25
2015.03.04 12:15:12.756,1.835,1.83519,1.76,1.12
2015.03.04 12:15:13.059,1.83496,1.83513,1.00,1.19
2015.03.04 12:15:14.260,1.83496,1.83513,1.00,1.00
2015.03.04 12:15:15.873,1.83496,1.83513,2.14,1.25
2015.03.04 12:15:19.117,1.83501,1.83519,1.37,1.56
2015.03.04 12:15:19.667,1.83501,1.83519,1.37,1.19
2015.03.04 12:15:20.355,1.83501,1.83519,1.62,1.25
2015.03.04 12:15:20.658,1.835,1.83518,1.37,1.19
2015.03.04 12:15:20.962,1.83498,1.83515,1.37,1.00
2015.03.04 12:15:21.265,1.83498,1.83514,1.00,1.00
2015.03.04 12:15:21.569,1.83494,1.83511,1.37,1.00
2015.03.04 12:15:22.074,1.83494,1.8351,1.37,1.00
2015.03.04 12:15:22.586,1.83489,1.83506,1.95,1.19
2015.03.04 12:15:22.789,1.83489,1.83506,1.37,1.84
2015.03.04 12:15:22.890,1.83485,1.83502,2.25,1.01
2015.03.04 12:15:24.883,1.83484,1.83503,1.20,1.69
2015.03.04 12:15:24.934,1.83484,1.83502,1.20,1.19
2015.03.04 12:15:26.403,1.83482,1.83499,1.37,1.19
2015.03.04 12:15:27.758,1.83482,1.83499,1.37,1.19
2015.03.04 12:15:29.633,1.83482,1.83499,1.37,1.19
2015.03.04 12:15:30.600,1.83482,1.83499,1.37,1.25
2015.03.04 12:15:33.337,1.83484,1.835,1.37,1.19
2015.03.04 12:15:33.540,1.83486,1.83503,1.20,1.25
2015.03.04 12:15:33.591,1.83489,1.83505,1.00,1.19
2015.03.04 12:15:33.643,1.83489,1.83505,1.00,1.25
2015.03.04 12:15:33.896,1.83492,1.83506,1.00,1.12
2015.03.04 12:15:34.214,1.83492,1.83509,1.00,1.69
2015.03.04 12:15:34.539,1.83492,1.83507,1.00,1.00
2015.03.04 12:15:34.844,1.83492,1.83506,1.00,1.19
2015.03.04 12:15:34.996,1.83485,1.83506,1.46,1.19
2015.03.04 12:15:35.199,1.83493,1.83506,1.00,1.19
2015.03.04 12:15:35.553,1.83484,1.83504,3.56,1.00
2015.03.04 12:15:38.910,1.83484,1.83506,1.56,1.20
2015.03.04 12:15:41.282,1.83485,1.83507,1.37,1.34
2015.03.04 12:15:41.855,1.83485,1.83507,1.62,1.34
2015.03.04 12:15:43.655,1.83485,1.83507,3.56,1.00
2015.03.04 12:15:43.706,1.83493,1.83507,1.00,1.00
2015.03.04 12:15:44.211,1.83493,1.83508,1.00,1.10
2015.03.04 12:15:44.716,1.83493,1.8351,2.92,1.57
2015.03.04 12:15:44.818,1.83496,1.83513,1.00,1.50
2015.03.04 12:15:44.919,1.83496,1.83513,1.37,1.00
2015.03.04 12:15:47.922,1.83496,1.83512,1.37,1.00
2015.03.04 12:15:48.083,1.83496,1.83512,1.00,1.00
2015.03.04 12:15:48.185,1.83496,1.83512,1.00,1.29
2015.03.04 12:15:48.286,1.83493,1.8351,1.37,1.76
2015.03.04 12:15:48.749,1.83488,1.83508,1.01,1.00
2015.03.04 12:15:49.942,1.83493,1.83508,1.00,1.25
2015.03.04 12:15:50.792,1.83493,1.8351,1.00,1.95
2015.03.04 12:15:51.316,1.83493,1.83509,1.00,1.25
2015.03.04 12:15:51.825,1.83493,1.8351,1.00,1.10
2015.03.04 12:15:59.903,1.83493,1.8351,1.56,1.00
2015.03.04 12:16:00.409,1.83494,1.8351,2.81,1.00
2015.03.04 12:16:02.285,1.83495,1.83513,1.46,1.00
2015.03.04 12:16:02.588,1.83498,1.83513,1.12,1.00
2015.03.04 12:16:02.791,1.83502,1.83517,1.47,1.00
2015.03.04 12:16:03.221,1.83504,1.83519,1.12,1.00
2015.03.04 12:16:03.322,1.83504,1.83521,1.12,1.50
2015.03.04 12:16:03.373,1.83506,1.83521,1.00,1.00
2015.03.04 12:16:03.474,1.83506,1.83523,1.10,1.00
2015.03.04 12:16:03.576,1.83506,1.83523,4.42,1.00
2015.03.04 12:16:03.627,1.83512,1.83526,1.37,1.00
2015.03.04 12:16:03.678,1.83512,1.83531,4.05,1.00
2015.03.04 12:16:04.186,1.83513,1.83531,1.71,1.00
2015.03.04 12:16:04.237,1.83516,1.83534,1.12,1.00
2015.03.04 12:16:04.793,1.83516,1.83531,1.00,1.00
2015.03.04 12:16:05.349,1.83516,1.83531,1.07,1.00
2015.03.04 12:16:05.755,1.83518,1.83535,1.00,2.55
2015.03.04 12:16:05.856,1.83518,1.8353,1.00,1.00
2015.03.04 12:16:05.907,1.83512,1.83529,1.00,1.12
2015.03.04 12:16:06.008,1.83508,1.83528,1.46,1.00
2015.03.04 12:16:06.755,1.83508,1.83518,1.20,1.00
2015.03.04 12:16:06.807,1.83498,1.83519,2.62,1.19
2015.03.04 12:16:07.344,1.83498,1.83519,1.87,5.29
2015.03.04 12:16:07.803,1.83499,1.8352,1.82,1.29
2015.03.04 12:16:07.905,1.83503,1.8352,1.00,1.25
2015.03.04 12:16:08.210,1.83502,1.83521,4.12,1.00
2015.03.04 12:16:08.728,1.83502,1.83521,3.45,1.37
2015.03.04 12:16:08.984,1.83502,1.83521,4.12,1.37
2015.03.04 12:16:09.086,1.83505,1.83522,1.00,1.12
2015.03.04 12:16:13.605,1.83508,1.83526,1.00,1.76
2015.03.04 12:16:14.340,1.83513,1.83529,1.20,2.92
2015.03.04 12:16:14.397,1.83513,1.83534,1.95,1.01
2015.03.04 12:16:16.165,1.83513,1.83533,1.87,3.00
2015.03.04 12:16:16.670,1.83513,1.8353,1.12,1.00
2015.03.04 12:16:17.914,1.83513,1.8353,1.37,1.00
2015.03.04 12:16:18.431,1.83513,1.8353,1.12,1.00
2015.03.04 12:16:20.233,1.83513,1.8353,1.87,1.00
2015.03.04 12:16:21.073,1.83513,1.83533,1.66,1.37
2015.03.04 12:16:21.778,1.83513,1.83535,2.14,1.92
2015.03.04 12:16:21.981,1.83519,1.83535,1.00,1.56
2015.03.04 12:16:22.082,1.83519,1.83536,1.00,2.06
2015.03.04 12:16:23.623,1.83519,1.83535,1.10,1.19
2015.03.04 12:16:24.145,1.83519,1.83535,1.10,1.00
2015.03.04 12:16:24.347,1.8352,1.83539,1.00,1.69
2015.03.04 12:16:24.550,1.8352,1.83539,1.37,1.69
2015.03.04 12:16:25.057,1.8352,1.83539,1.50,1.69
2015.03.04 12:16:26.397,1.83518,1.83539,1.47,1.31
2015.03.04 12:16:26.449,1.83516,1.83539,2.70,1.39
2015.03.04 12:16:27.443,1.83516,1.83537,2.32,1.19
2015.03.04 12:16:29.407,1.83516,1.83537,1.50,2.36
2015.03.04 12:16:29.872,1.83519,1.83538,1.50,1.19
2015.03.04 12:16:29.973,1.83519,1.83538,1.75,1.25
2015.03.04 12:16:30.024,1.83523,1.8354,1.00,1.19
2015.03.04 12:16:31.483,1.83523,1.8354,1.00,1.19
2015.03.04 12:16:32.758,1.83526,1.83541,1.00,1.19
2015.03.04 12:16:33.473,1.83526,1.83543,1.00,2.21
2015.03.04 12:16:34.460,1.83526,1.83543,1.00,2.21
2015.03.04 12:16:35.598,1.83524,1.83541,1.00,1.00
2015.03.04 12:16:35.649,1.83524,1.83541,1.12,1.19
2015.03.04 12:16:35.699,1.83526,1.83543,1.00,1.34
2015.03.04 12:16:35.953,1.83529,1.83546,1.37,1.76
2015.03.04 12:16:36.104,1.83531,1.83548,1.00,1.00
2015.03.04 12:16:36.509,1.83532,1.8355,2.32,1.19
2015.03.04 12:16:37.116,1.83532,1.83551,1.65,1.00
2015.03.04 12:16:37.623,1.83533,1.83551,1.57,1.00
2015.03.04 12:16:38.382,1.83533,1.83551,1.12,1.00
2015.03.04 12:16:38.888,1.83532,1.83551,1.87,1.00
2015.03.04 12:16:39.041,1.83532,1.83549,1.87,2.17
2015.03.04 12:16:39.345,1.83524,1.83543,1.12,1.39
2015.03.04 12:16:41.022,1.83524,1.83542,1.12,1.29
2015.03.04 12:16:41.529,1.83524,1.83542,1.12,1.29
2015.03.04 12:16:41.985,1.83522,1.83541,1.00,4.31
2015.03.04 12:16:44.254,1.83522,1.83537,1.12,1.00
2015.03.04 12:16:45.219,1.83522,1.83537,1.37,1.00
2015.03.04 12:16:45.270,1.83526,1.8354,1.00,1.00
2015.03.04 12:16:45.474,1.83526,1.83542,1.00,1.00
2015.03.04 12:16:47.100,1.83526,1.83543,1.25,1.65
2015.03.04 12:16:48.312,1.83526,1.83542,1.00,1.00
2015.03.04 12:16:48.835,1.83525,1.83541,1.25,1.00
2015.03.04 12:16:48.886,1.83525,1.83544,1.25,1.65
2015.03.04 12:16:49.038,1.8353,1.83544,1.37,1.32
2015.03.04 12:16:49.341,1.8353,1.83546,2.44,1.00
2015.03.04 12:16:50.341,1.83532,1.83549,2.06,1.36
2015.03.04 12:16:51.455,1.83532,1.83549,1.37,1.09
2015.03.04 12:16:53.563,1.83534,1.83551,1.37,3.11
2015.03.04 12:16:53.715,1.83541,1.8356,2.25,1.10
2015.03.04 12:16:53.766,1.83543,1.8356,1.75,1.00
2015.03.04 12:16:53.867,1.83547,1.83566,1.69,1.15
2015.03.04 12:16:54.120,1.8355,1.83569,1.69,1.84
2015.03.04 12:16:55.410,1.83551,1.83568,1.37,1.76
2015.03.04 12:16:56.091,1.83551,1.83568,1.37,1.76
2015.03.04 12:16:56.712,1.83551,1.83568,1.00,1.76
2015.03.04 12:16:57.931,1.83549,1.8357,1.00,4.31
2015.03.04 12:16:59.825,1.83549,1.83568,1.00,1.01
2015.03.04 12:16:59.926,1.83547,1.83568,1.10,1.01
2015.03.04 12:17:00.443,1.83548,1.83568,1.00,1.01
2015.03.04 12:17:03.079,1.83549,1.8357,1.00,4.31
2015.03.04 12:17:03.956,1.83549,1.8357,1.00,4.31
2015.03.04 12:17:08.970,1.83549,1.8357,1.00,4.31
2015.03.04 12:17:10.239,1.83552,1.8357,1.00,3.56
2015.03.04 12:17:10.762,1.83553,1.8357,1.00,3.19
2015.03.04 12:17:10.967,1.83553,1.8357,1.00,3.19
2015.03.04 12:17:11.768,1.83551,1.8357,1.00,3.19
2015.03.04 12:17:15.590,1.83549,1.8357,1.00,3.19
2015.03.04 12:17:15.692,1.83549,1.83567,1.00,1.19
2015.03.04 12:17:16.588,1.83549,1.83567,1.00,3.94
2015.03.04 12:17:17.103,1.83549,1.83567,1.00,3.94
2015.03.04 12:17:17.727,1.83549,1.83567,1.00,3.94
2015.03.04 12:17:17.980,1.83549,1.83567,1.00,3.56
2015.03.04 12:17:18.561,1.83549,1.83567,1.00,2.81
2015.03.04 12:17:19.075,1.83549,1.83567,1.00,2.81
2015.03.04 12:17:20.073,1.83549,1.83567,1.00,2.81
2015.03.04 12:17:20.174,1.83549,1.83565,1.00,1.39
2015.03.04 12:17:20.275,1.83547,1.83561,1.00,1.37
2015.03.04 12:17:20.377,1.83544,1.83563,1.50,3.19
2015.03.04 12:17:20.579,1.83548,1.83565,1.00,1.66
2015.03.04 12:17:21.800,1.83548,1.83563,1.00,1.62
2015.03.04 12:17:22.713,1.83548,1.83563,1.00,1.62
2015.03.04 12:17:23.469,1.83548,1.83561,1.00,1.37
2015.03.04 12:17:24.210,1.83548,1.83563,1.00,2.81
2015.03.04 12:17:25.420,1.83548,1.83562,1.00,1.00
2015.03.04 12:17:26.183,1.83548,1.83563,1.00,1.25
2015.03.04 12:17:26.879,1.83548,1.83567,2.06,1.66
2015.03.04 12:17:27.401,1.8355,1.83567,1.00,1.66
2015.03.04 12:17:28.173,1.83552,1.83568,1.00,1.01
2015.03.04 12:17:28.478,1.83564,1.83574,1.19,1.00
2015.03.04 12:17:28.529,1.83566,1.83581,1.62,1.75
2015.03.04 12:17:28.581,1.83566,1.83585,1.62,1.69
2015.03.04 12:17:28.634,1.8357,1.83587,1.10,3.37
2015.03.04 12:17:28.942,1.83572,1.83591,1.19,1.66
2015.03.04 12:17:29.604,1.83574,1.83591,1.00,1.56
2015.03.04 12:17:30.339,1.83582,1.83599,1.84,1.50
2015.03.04 12:17:30.544,1.83582,1.83602,1.84,1.56
2015.03.04 12:17:30.999,1.83582,1.83602,1.65,1.56
2015.03.04 12:17:31.101,1.83584,1.83601,1.00,1.62
2015.03.04 12:17:31.202,1.83584,1.83601,3.11,1.37
2015.03.04 12:17:31.254,1.8359,1.83605,1.00,1.66
2015.03.04 12:17:31.457,1.83604,1.83616,1.00,1.00
2015.03.04 12:17:31.508,1.83604,1.8362,1.00,1.00
2015.03.04 12:17:31.610,1.83603,1.83617,1.00,1.00
2015.03.04 12:17:32.116,1.83601,1.8362,2.25,1.56
2015.03.04 12:17:32.369,1.83597,1.83617,2.25,2.06
2015.03.04 12:17:32.420,1.83597,1.83617,2.25,1.31
2015.03.04 12:17:32.471,1.83597,1.83615,2.25,1.00
2015.03.04 12:17:32.572,1.83597,1.8362,3.00,1.66
2015.03.04 12:17:32.674,1.83597,1.83618,1.00,1.19
2015.03.04 12:17:32.927,1.83596,1.83619,1.00,1.19
2015.03.04 12:17:32.978,1.83594,1.83617,1.00,1.56
2015.03.04 12:17:33.029,1.83594,1.83616,1.00,1.56
2015.03.04 12:17:33.080,1.83589,1.83611,1.00,1.19
2015.03.04 12:17:33.333,1.83586,1.83608,1.00,1.19
2015.03.04 12:17:33.434,1.83586,1.83608,1.00,1.19
2015.03.04 12:17:33.636,1.83586,1.83608,1.00,1.19
2015.03.04 12:17:33.940,1.83586,1.83608,1.29,1.00
2015.03.04 12:17:33.991,1.83589,1.8361,1.00,1.00
2015.03.04 12:17:35.654,1.83597,1.8361,1.12,1.00
2015.03.04 12:17:35.705,1.83597,1.8362,1.87,1.56
2015.03.04 12:17:35.857,1.83599,1.8362,1.00,1.56
2015.03.04 12:17:36.168,1.83599,1.8362,1.00,1.56
2015.03.04 12:17:36.524,1.83595,1.83618,1.00,1.56
2015.03.04 12:17:36.727,1.83595,1.83618,1.00,1.69
2015.03.04 12:17:37.152,1.83595,1.83618,1.00,1.56
2015.03.04 12:17:37.304,1.83597,1.83618,1.00,1.56
2015.03.04 12:17:37.406,1.83595,1.83618,1.00,1.56
2015.03.04 12:17:37.508,1.83595,1.83618,1.00,1.69
2015.03.04 12:17:38.526,1.83595,1.83618,1.00,1.69
2015.03.04 12:17:39.244,1.83593,1.83616,1.50,1.56
2015.03.04 12:17:39.447,1.83592,1.83615,1.00,1.56
2015.03.04 12:17:39.599,1.83588,1.83611,1.20,1.31
2015.03.04 12:17:40.104,1.83588,1.83609,1.00,1.56
2015.03.04 12:17:40.851,1.83588,1.83609,1.00,1.69
2015.03.04 12:17:42.129,1.83592,1.83608,1.00,1.37
2015.03.04 12:17:42.332,1.83592,1.83613,1.39,2.14
2015.03.04 12:17:42.433,1.83593,1.83615,2.25,1.94
2015.03.04 12:17:42.535,1.83589,1.83613,1.84,2.96
2015.03.04 12:17:42.636,1.83589,1.83609,1.00,1.74
2015.03.04 12:17:42.687,1.83587,1.83609,1.10,2.21
2015.03.04 12:17:42.738,1.83587,1.83608,1.00,4.91
2015.03.04 12:17:42.940,1.83587,1.83608,1.62,1.36
2015.03.04 12:17:43.092,1.8359,1.83609,1.00,1.71
2015.03.04 12:17:43.143,1.83587,1.83608,1.20,1.66
2015.03.04 12:17:43.536,1.83587,1.836,1.00,4.72
2015.03.04 12:17:43.588,1.83578,1.83598,1.19,1.09
2015.03.04 12:17:43.741,1.83578,1.83596,1.00,2.44
2015.03.04 12:17:43.792,1.83576,1.83596,1.25,2.44
2015.03.04 12:17:44.045,1.83576,1.83592,1.25,1.00
2015.03.04 12:17:44.852,1.83578,1.83596,1.00,2.44
2015.03.04 12:17:45.240,1.83578,1.83596,1.56,2.25
2015.03.04 12:17:45.342,1.8358,1.83597,1.32,1.00
2015.03.04 12:17:45.443,1.83583,1.83602,1.00,1.19
2015.03.04 12:17:46.353,1.83583,1.83604,1.00,1.76
2015.03.04 12:17:46.555,1.83581,1.83602,1.25,3.56
2015.03.04 12:17:47.061,1.83581,1.83602,1.25,5.06
2015.03.04 12:17:47.629,1.83581,1.83602,1.00,5.06
2015.03.04 12:17:48.296,1.83579,1.83602,1.10,5.06
2015.03.04 12:17:48.347,1.83579,1.83599,1.00,2.81
2015.03.04 12:17:49.965,1.83579,1.83597,1.00,4.91
2015.03.04 12:17:50.017,1.83577,1.83597,1.00,4.91
2015.03.04 12:17:50.067,1.83577,1.83597,1.00,4.91
2015.03.04 12:17:52.732,1.83577,1.83594,1.00,1.31
2015.03.04 12:17:52.936,1.83553,1.8357,1.93,2.62
2015.03.04 12:17:53.315,1.83545,1.8357,4.20,2.44
2015.03.04 12:17:53.366,1.83554,1.83573,1.00,2.17
2015.03.04 12:17:53.671,1.83553,1.8357,1.00,2.17
2015.03.04 12:17:53.722,1.83549,1.8357,2.25,2.92
2015.03.04 12:17:53.773,1.83547,1.8357,1.76,3.19
2015.03.04 12:17:53.874,1.83547,1.8357,1.01,3.19
2015.03.04 12:17:53.925,1.8355,1.8357,1.00,2.44
2015.03.04 12:17:54.027,1.83547,1.8357,1.01,3.19
2015.03.04 12:17:54.128,1.83549,1.8357,1.00,2.44
2015.03.04 12:17:54.635,1.83548,1.83567,1.00,1.19
2015.03.04 12:17:55.026,1.8355,1.83569,1.00,2.62
2015.03.04 12:17:55.178,1.83551,1.83572,1.00,3.56
2015.03.04 12:17:55.381,1.83553,1.83573,1.00,2.44
2015.03.04 12:17:55.910,1.83551,1.83572,1.00,1.74
2015.03.04 12:17:56.164,1.83551,1.83572,1.46,1.56
2015.03.04 12:17:56.873,1.83552,1.83572,1.39,1.31
2015.03.04 12:17:57.077,1.83553,1.83575,2.89,1.19
2015.03.04 12:17:57.179,1.83554,1.83575,1.10,1.64
2015.03.04 12:17:57.482,1.83556,1.83577,2.25,1.19
2015.03.04 12:17:57.887,1.83556,1.83578,3.19,1.31
2015.03.04 12:17:58.090,1.83559,1.8358,1.07,1.66
2015.03.04 12:17:58.394,1.8356,1.83578,1.00,1.56
2015.03.04 12:17:58.445,1.83558,1.83578,1.00,2.06
2015.03.04 12:17:58.951,1.83557,1.83577,1.10,3.49
2015.03.04 12:17:59.103,1.83554,1.83572,2.32,1.25
2015.03.04 12:18:00.080,1.83556,1.83573,1.00,1.56
2015.03.04 12:18:02.127,1.83556,1.83575,1.00,1.39
2015.03.04 12:18:02.684,1.83556,1.83575,1.00,1.29
2015.03.04 12:18:03.202,1.83556,1.83577,3.67,2.14
2015.03.04 12:18:03.607,1.83556,1.83576,1.10,1.39
2015.03.04 12:18:04.156,1.83556,1.83576,1.00,1.29
2015.03.04 12:18:04.770,1.83556,1.83576,1.17,1.19
2015.03.04 12:18:06.461,1.83556,1.83577,1.55,1.19
2015.03.04 12:18:06.513,1.83557,1.83577,2.55,1.25
2015.03.04 12:18:06.766,1.83559,1.83578,1.47,1.19
2015.03.04 12:18:08.795,1.83559,1.8358,1.95,1.62
2015.03.04 12:18:08.896,1.83559,1.8358,1.37,4.24
2015.03.04 12:18:09.554,1.83562,1.83579,1.00,1.56
2015.03.04 12:18:10.525,1.83562,1.83579,1.00,3.56
2015.03.04 12:18:11.451,1.83564,1.83581,1.00,3.49
2015.03.04 12:18:11.502,1.83564,1.83581,1.12,1.00
2015.03.04 12:18:11.604,1.8357,1.83585,1.00,1.62
2015.03.04 12:18:12.125,1.83569,1.8359,1.00,3.19
2015.03.04 12:18:12.940,1.83574,1.8359,1.00,1.66
2015.03.04 12:18:13.042,1.83572,1.83591,1.10,1.56
2015.03.04 12:18:13.143,1.83574,1.83591,1.00,1.56
2015.03.04 12:18:14.308,1.83574,1.83591,1.00,1.31
2015.03.04 12:18:14.460,1.83577,1.83594,1.00,1.74
2015.03.04 12:18:17.352,1.83577,1.83594,1.00,1.74
2015.03.04 12:18:18.332,1.83577,1.83594,1.00,1.74
2015.03.04 12:18:22.332,1.83577,1.83594,1.50,1.19
2015.03.04 12:18:23.837,1.83577,1.83594,1.10,1.31
2015.03.04 12:18:24.538,1.83577,1.83594,1.20,1.25
2015.03.04 12:18:26.577,1.83577,1.83594,1.12,1.19
2015.03.04 12:18:28.712,1.83577,1.83594,1.10,1.31
2015.03.04 12:18:29.233,1.83577,1.83594,1.10,1.31
2015.03.04 12:18:29.436,1.83577,1.83594,1.00,1.94
2015.03.04 12:18:29.589,1.83572,1.83586,1.00,1.00
2015.03.04 12:18:29.690,1.83569,1.83586,1.00,1.00
2015.03.04 12:18:30.552,1.8357,1.83587,1.64,1.00
2015.03.04 12:18:30.754,1.83577,1.83594,1.71,1.00
2015.03.04 12:18:32.171,1.83577,1.83594,1.52,1.00
2015.03.04 12:18:33.960,1.83577,1.83594,1.52,1.00
2015.03.04 12:18:35.282,1.83577,1.83594,1.77,1.00
2015.03.04 12:18:35.589,1.83577,1.83594,1.31,1.00
2015.03.04 12:18:35.844,1.83577,1.83594,1.00,1.37
2015.03.04 12:18:35.947,1.83574,1.83589,1.00,1.00
2015.03.04 12:18:36.049,1.83572,1.83588,1.50,1.00
2015.03.04 12:18:36.909,1.83571,1.83588,1.00,1.50
2015.03.04 12:18:37.427,1.83571,1.83588,1.00,1.69
2015.03.04 12:18:37.932,1.83571,1.83588,1.00,1.69
2015.03.04 12:18:38.695,1.83571,1.83588,1.00,1.69
2015.03.04 12:18:38.947,1.83571,1.83588,1.37,1.69
2015.03.04 12:18:39.101,1.83574,1.83588,1.15,1.00
2015.03.04 12:18:39.152,1.83575,1.83591,1.20,1.00
2015.03.04 12:18:39.254,1.83572,1.83586,1.00,1.00
2015.03.04 12:18:39.357,1.83569,1.83586,1.57,1.50
2015.03.04 12:18:39.863,1.83569,1.83584,1.00,1.25
2015.03.04 12:18:40.218,1.83572,1.83587,1.00,1.56
2015.03.04 12:18:40.269,1.83572,1.83587,1.00,1.37
2015.03.04 12:18:40.320,1.83573,1.83588,1.15,1.37
2015.03.04 12:18:40.623,1.83572,1.83589,1.10,1.50
2015.03.04 12:18:41.889,1.83569,1.83586,1.00,1.31
2015.03.04 12:18:42.773,1.83569,1.83586,1.00,1.31
2015.03.04 12:18:43.576,1.83569,1.83586,1.00,1.69
2015.03.04 12:18:44.082,1.83569,1.83586,1.17,1.00
2015.03.04 12:18:44.613,1.83572,1.83589,1.00,1.25
2015.03.04 12:18:45.144,1.83572,1.83589,1.00,1.19
2015.03.04 12:18:45.686,1.83572,1.83589,1.00,1.25
2015.03.04 12:18:49.699,1.83572,1.83589,1.00,1.69
2015.03.04 12:18:50.700,1.83572,1.83589,1.00,1.69
2015.03.04 12:18:51.013,1.83569,1.83586,1.09,1.00
2015.03.04 12:18:52.191,1.83572,1.83589,1.00,1.00
2015.03.04 12:18:52.242,1.83572,1.83591,3.00,1.50
2015.03.04 12:18:52.546,1.83579,1.83596,1.00,1.74
2015.03.04 12:18:54.229,1.83579,1.83597,1.00,2.81
2015.03.04 12:18:54.977,1.83576,1.83595,1.00,1.39
2015.03.04 12:18:55.495,1.83576,1.83595,1.00,4.31
2015.03.04 12:18:56.006,1.83575,1.83592,1.00,1.19
2015.03.04 12:18:56.512,1.83575,1.83592,1.00,1.56
2015.03.04 12:18:57.224,1.83575,1.83592,1.00,1.56
2015.03.04 12:18:57.527,1.8357,1.83587,1.00,4.01
2015.03.04 12:18:57.629,1.83568,1.83587,1.00,4.76
2015.03.04 12:18:57.731,1.83565,1.83582,1.50,1.12
2015.03.04 12:18:57.832,1.83565,1.83583,1.00,1.56
2015.03.04 12:18:58.349,1.83564,1.83583,1.00,1.74
2015.03.04 12:18:58.915,1.83561,1.8358,1.10,1.56
2015.03.04 12:19:00.034,1.83561,1.8358,1.00,1.74
2015.03.04 12:19:02.052,1.83561,1.83578,1.00,2.44
2015.03.04 12:19:02.771,1.83557,1.83577,1.37,1.36
2015.03.04 12:19:07.585,1.8356,1.83577,1.00,1.36
2015.03.04 12:19:10.446,1.83558,1.83575,1.00,1.00
2015.03.04 12:19:13.526,1.83558,1.83575,1.00,1.19
2015.03.04 12:19:15.289,1.83556,1.83578,1.87,2.81
2015.03.04 12:19:15.340,1.83558,1.83578,1.00,2.81
2015.03.04 12:19:15.644,1.83558,1.83578,1.00,2.81
2015.03.04 12:19:16.150,1.83559,1.83576,1.00,1.01
2015.03.04 12:19:16.201,1.83555,1.83574,1.57,1.12
2015.03.04 12:19:16.606,1.83555,1.83574,1.50,2.21
2015.03.04 12:19:16.911,1.8355,1.83568,1.00,1.56
2015.03.04 12:19:17.216,1.83547,1.83566,1.37,7.16
2015.03.04 12:19:17.721,1.83544,1.83561,1.37,1.57
2015.03.04 12:19:18.027,1.83542,1.83559,1.50,3.37
2015.03.04 12:19:18.129,1.83542,1.83559,1.37,3.37
2015.03.04 12:19:18.536,1.83545,1.83562,1.37,1.00
2015.03.04 12:19:18.587,1.83545,1.83562,1.00,1.00
2015.03.04 12:19:20.190,1.83547,1.83562,1.37,1.00
2015.03.04 12:19:20.242,1.8355,1.83567,1.00,1.76
2015.03.04 12:19:20.395,1.83552,1.83568,1.00,1.12
2015.03.04 12:19:20.907,1.83552,1.83567,1.12,1.00
2015.03.04 12:19:21.013,1.83552,1.8357,1.12,1.01
2015.03.04 12:19:22.431,1.83552,1.83569,1.12,2.81
2015.03.04 12:19:22.754,1.8355,1.83569,1.50,3.94
2015.03.04 12:19:23.229,1.83548,1.83563,1.37,2.62
2015.03.04 12:19:23.431,1.83546,1.83563,1.37,3.37
2015.03.04 12:19:23.957,1.83546,1.83562,1.00,1.36
2015.03.04 12:19:24.576,1.83546,1.83563,1.00,3.56
2015.03.04 12:19:26.158,1.83546,1.83563,1.00,4.69
2015.03.04 12:19:26.617,1.83544,1.83559,1.37,1.00
2015.03.04 12:19:27.268,1.83544,1.83554,1.00,1.10
2015.03.04 12:19:27.319,1.83537,1.83554,1.50,1.39
2015.03.04 12:19:28.670,1.83537,1.83554,1.50,1.29
2015.03.04 12:19:29.691,1.83537,1.83554,1.50,1.01
2015.03.04 12:19:30.972,1.83537,1.83554,1.50,1.29
2015.03.04 12:19:32.265,1.83544,1.83561,1.00,1.19
2015.03.04 12:19:32.316,1.83544,1.83561,1.00,1.00
2015.03.04 12:19:33.682,1.83545,1.83561,1.00,1.00
2015.03.04 12:19:34.197,1.83544,1.83561,1.00,1.25
2015.03.04 12:19:37.859,1.83542,1.83559,1.12,1.00
2015.03.04 12:19:40.841,1.8354,1.83559,1.10,2.06
2015.03.04 12:19:41.043,1.83534,1.83553,1.50,1.39
2015.03.04 12:19:41.549,1.83534,1.83551,1.00,1.09
2015.03.04 12:19:43.168,1.83533,1.83551,1.00,1.09
2015.03.04 12:19:43.219,1.83533,1.83551,1.37,1.17
2015.03.04 12:19:43.270,1.83534,1.83553,1.37,1.20
2015.03.04 12:19:43.321,1.83534,1.83553,1.56,1.20
2015.03.04 12:19:43.373,1.83536,1.83555,3.56,1.00
2015.03.04 12:19:44.697,1.83539,1.83557,1.00,1.00
2015.03.04 12:19:45.932,1.83539,1.83557,1.00,1.56
2015.03.04 12:19:46.236,1.83529,1.83546,1.37,1.00
2015.03.04 12:19:46.964,1.83529,1.83546,1.37,1.10
2015.03.04 12:19:47.116,1.83529,1.83546,1.37,1.29
2015.03.04 12:19:48.115,1.83527,1.83544,1.37,1.19
2015.03.04 12:19:49.121,1.83527,1.83544,1.37,1.19
2015.03.04 12:19:50.159,1.83527,1.83544,1.37,1.19
2015.03.04 12:19:52.209,1.83527,1.83544,1.37,1.19
2015.03.04 12:19:53.755,1.83527,1.83544,1.37,1.19
2015.03.04 12:19:54.744,1.83527,1.83544,1.37,1.19
2015.03.04 12:19:58.536,1.83527,1.83544,1.75,1.00
2015.03.04 12:20:01.914,1.83527,1.83544,1.75,1.25
2015.03.04 12:20:02.314,1.83531,1.83547,2.92,1.19
2015.03.04 12:20:02.365,1.83531,1.83547,2.92,1.00
2015.03.04 12:20:02.417,1.83536,1.83549,1.47,1.00
2015.03.04 12:20:02.518,1.83538,1.83555,1.37,2.44
2015.03.04 12:20:02.620,1.83541,1.83555,1.00,1.25
2015.03.04 12:20:02.923,1.83541,1.83555,1.47,1.00
2015.03.04 12:20:03.105,1.83541,1.83557,1.47,1.00
2015.03.04 12:20:03.615,1.83541,1.83558,1.47,1.00
2015.03.04 12:20:04.126,1.83543,1.83559,1.37,1.00
2015.03.04 12:20:04.649,1.83543,1.8356,1.37,1.00
2015.03.04 12:20:08.245,1.83543,1.8356,1.12,1.00
2015.03.04 12:20:08.757,1.83546,1.83562,1.37,1.50
2015.03.04 12:20:08.960,1.83549,1.83565,1.37,1.00
2015.03.04 12:20:09.466,1.83549,1.83568,3.37,1.69
2015.03.04 12:20:09.669,1.83549,1.83568,3.37,1.50
2015.03.04 12:20:10.845,1.83559,1.83571,1.00,1.00
2015.03.04 12:20:10.896,1.83559,1.83578,1.00,1.84
2015.03.04 12:20:11.657,1.83559,1.83578,1.57,1.29
2015.03.04 12:20:11.708,1.83559,1.83578,1.65,1.00
2015.03.04 12:20:11.760,1.83566,1.83579,1.07,1.00
2015.03.04 12:20:11.862,1.83566,1.83583,1.17,1.50
2015.03.04 12:20:11.964,1.83568,1.83585,1.25,1.00
2015.03.04 12:20:12.926,1.83568,1.83585,1.87,1.00
2015.03.04 12:20:13.687,1.83568,1.83585,1.12,1.00
2015.03.04 12:20:16.323,1.83568,1.83582,1.00,1.00
2015.03.04 12:20:16.828,1.83566,1.83581,1.00,4.24
2015.03.04 12:20:16.929,1.83563,1.83577,1.00,1.00
2015.03.04 12:20:17.031,1.83559,1.83577,1.00,1.10
2015.03.04 12:20:17.081,1.83559,1.83577,1.00,3.75
2015.03.04 12:20:17.924,1.83559,1.83578,1.87,1.69
2015.03.04 12:20:18.433,1.83559,1.83577,1.87,1.00
2015.03.04 12:20:19.140,1.83559,1.83572,1.37,1.00
2015.03.04 12:20:19.191,1.83553,1.83571,1.37,1.17
2015.03.04 12:20:20.209,1.83553,1.83569,1.12,1.87
2015.03.04 12:20:20.716,1.83553,1.83569,1.12,2.06
2015.03.04 12:20:21.143,1.8355,1.83569,1.00,2.81
2015.03.04 12:20:21.684,1.8355,1.83567,1.00,1.46
2015.03.04 12:20:25.201,1.83551,1.83567,1.00,2.06
2015.03.04 12:20:25.743,1.83551,1.83568,1.00,2.06
2015.03.04 12:20:26.251,1.83551,1.83568,1.00,2.06
2015.03.04 12:20:30.495,1.83551,1.83568,1.37,1.19
2015.03.04 12:20:30.647,1.83556,1.8357,1.12,1.00
2015.03.04 12:20:30.698,1.83556,1.83574,1.37,1.01
2015.03.04 12:20:30.749,1.83556,1.83572,1.37,1.00
2015.03.04 12:20:30.901,1.83553,1.8357,1.00,2.25
2015.03.04 12:20:30.952,1.83553,1.8357,1.00,2.44
2015.03.04 12:20:31.003,1.83549,1.8357,1.00,2.44
2015.03.04 12:20:31.155,1.83549,1.8357,1.10,2.17
2015.03.04 12:20:31.206,1.83551,1.83571,1.10,1.00
2015.03.04 12:20:31.359,1.83556,1.83571,1.00,1.25
2015.03.04 12:20:32.348,1.83556,1.83575,1.00,1.69
2015.03.04 12:20:32.499,1.83556,1.83575,1.37,1.19
2015.03.04 12:20:33.005,1.83556,1.83575,1.87,1.25
2015.03.04 12:20:33.511,1.8356,1.83577,1.12,1.84
2015.03.04 12:20:33.562,1.8356,1.83577,1.12,1.84
2015.03.04 12:20:34.537,1.8356,1.83577,1.12,1.84
2015.03.04 12:20:38.585,1.83556,1.83579,3.56,2.14
2015.03.04 12:20:40.231,1.83556,1.83579,3.37,2.14
2015.03.04 12:20:40.617,1.83556,1.83579,3.75,1.29
2015.03.04 12:20:41.127,1.83556,1.83579,3.94,1.29
2015.03.04 12:20:41.229,1.83556,1.83579,3.56,2.14
2015.03.04 12:20:41.434,1.8356,1.83577,1.00,1.00
2015.03.04 12:20:41.890,1.8356,1.83576,1.00,1.69
2015.03.04 12:20:42.205,1.83558,1.83574,1.00,1.19
2015.03.04 12:20:42.987,1.83555,1.83572,1.47,1.19
2015.03.04 12:20:43.500,1.83555,1.83572,1.20,2.44
2015.03.04 12:20:44.010,1.83555,1.83572,1.20,1.69
2015.03.04 12:20:45.601,1.83555,1.83572,1.57,1.25
2015.03.04 12:20:45.702,1.83555,1.83574,1.57,1.69
2015.03.04 12:20:45.956,1.83555,1.83574,1.47,1.69
2015.03.04 12:20:46.699,1.83555,1.83574,5.47,1.25
2015.03.04 12:20:47.385,1.83558,1.83575,1.00,1.69
2015.03.04 12:20:48.849,1.83558,1.83575,1.37,1.25
2015.03.04 12:20:49.424,1.83558,1.83575,1.37,1.25
2015.03.04 12:20:49.938,1.83558,1.83575,1.00,1.25
2015.03.04 12:20:50.444,1.83558,1.83575,1.00,1.69
2015.03.04 12:20:51.763,1.83558,1.83575,1.00,1.69
2015.03.04 12:20:52.382,1.83558,1.83575,1.00,1.69
2015.03.04 12:20:53.376,1.83558,1.83573,1.00,1.19
2015.03.04 12:20:56.418,1.83558,1.83573,1.00,1.19
2015.03.04 12:20:57.399,1.83558,1.83573,1.00,1.19
2015.03.04 12:21:04.300,1.83555,1.83572,1.20,1.25
2015.03.04 12:21:05.517,1.83558,1.83575,1.37,1.10
2015.03.04 12:21:06.023,1.83558,1.83575,1.37,1.10
2015.03.04 12:21:07.963,1.83558,1.83575,2.81,1.00
2015.03.04 12:21:08.985,1.83558,1.83575,1.31,1.00
2015.03.04 12:21:09.492,1.83558,1.83575,1.12,1.00
2015.03.04 12:21:09.947,1.83561,1.83577,1.00,1.26
2015.03.04 12:21:10.352,1.83561,1.83576,1.00,1.66
2015.03.04 12:21:10.453,1.83558,1.83575,1.00,1.31
2015.03.04 12:21:13.688,1.83554,1.83572,1.00,1.19
2015.03.04 12:21:13.949,1.83554,1.83567,1.00,1.00
2015.03.04 12:21:14.058,1.83554,1.83572,1.00,2.06
2015.03.04 12:21:14.438,1.83552,1.8357,1.00,1.29
2015.03.04 12:21:14.956,1.83551,1.8357,1.69,1.29
2015.03.04 12:21:15.736,1.83551,1.8357,1.50,1.29
2015.03.04 12:21:16.739,1.83551,1.8357,1.69,1.39
2015.03.04 12:21:20.052,1.83551,1.8357,1.50,3.56
2015.03.04 12:21:22.259,1.83551,1.8357,1.50,1.39
2015.03.04 12:21:24.059,1.83551,1.83569,1.50,2.81
2015.03.04 12:21:25.079,1.83551,1.83569,1.50,2.81
2015.03.04 12:21:26.300,1.83551,1.83569,1.00,2.81
2015.03.04 12:21:26.351,1.83549,1.83566,1.00,1.31
2015.03.04 12:21:28.179,1.83549,1.83563,1.12,1.19
2015.03.04 12:21:29.186,1.83549,1.83563,1.12,1.25
2015.03.04 12:21:31.169,1.83549,1.83563,1.12,1.19
2015.03.04 12:21:33.995,1.83549,1.83566,1.00,1.19
2015.03.04 12:21:34.096,1.83549,1.83566,1.19,1.25
2015.03.04 12:21:34.147,1.83552,1.83569,1.00,1.69
2015.03.04 12:21:37.513,1.83554,1.83571,1.84,1.00
2015.03.04 12:21:41.235,1.83554,1.8357,1.20,1.50
2015.03.04 12:21:41.488,1.83554,1.83571,1.09,1.50
2015.03.04 12:21:41.539,1.83557,1.83574,1.00,1.50
2015.03.04 12:21:41.893,1.83558,1.83577,1.57,1.00
2015.03.04 12:21:41.944,1.83561,1.8358,2.62,1.00
2015.03.04 12:21:42.045,1.83566,1.83585,1.09,1.87
2015.03.04 12:21:42.146,1.83569,1.83585,1.00,1.00
2015.03.04 12:21:42.450,1.83573,1.8359,1.00,1.31
2015.03.04 12:21:42.837,1.83573,1.8359,1.00,1.31
2015.03.04 12:21:43.050,1.83575,1.83592,1.00,2.44
2015.03.04 12:21:43.893,1.83575,1.83592,1.00,1.19
2015.03.04 12:21:44.898,1.83575,1.83592,1.00,1.31
2015.03.04 12:21:46.295,1.83573,1.8359,1.00,1.19
2015.03.04 12:21:47.858,1.83573,1.83589,1.00,2.81
2015.03.04 12:21:51.561,1.83573,1.8359,1.00,1.19
2015.03.04 12:21:51.612,1.83573,1.8359,1.00,1.00
2015.03.04 12:21:51.764,1.83576,1.83593,1.00,3.19
2015.03.04 12:21:52.320,1.83579,1.83596,1.00,1.66
2015.03.04 12:21:52.725,1.83579,1.83596,1.00,1.66
2015.03.04 12:21:54.255,1.83574,1.83593,1.87,1.29
2015.03.04 12:21:54.306,1.83574,1.83593,1.50,3.56
2015.03.04 12:21:54.610,1.83574,1.83593,1.12,4.31
2015.03.04 12:21:55.535,1.83572,1.83589,1.87,1.00
2015.03.04 12:21:58.435,1.83583,1.83596,1.00,1.17
2015.03.04 12:21:58.587,1.83587,1.83602,1.31,1.00
2015.03.04 12:21:58.790,1.83588,1.83605,1.69,1.00
2015.03.04 12:21:59.093,1.8359,1.83607,1.37,2.02
2015.03.04 12:22:00.588,1.83592,1.83608,1.37,1.19
2015.03.04 12:22:00.639,1.83592,1.8361,1.37,1.26
2015.03.04 12:22:01.179,1.83592,1.8361,1.37,1.26
2015.03.04 12:22:02.017,1.83592,1.8361,1.19,1.26
2015.03.04 12:22:03.169,1.83592,1.83607,1.31,1.00
2015.03.04 12:22:03.271,1.8359,1.83607,1.00,1.45
2015.03.04 12:22:03.662,1.8359,1.83607,1.50,1.00
2015.03.04 12:22:04.270,1.83591,1.83607,1.00,1.00
2015.03.04 12:22:04.743,1.83591,1.83607,1.25,1.37
2015.03.04 12:22:04.844,1.83589,1.83603,1.00,1.00
2015.03.04 12:22:04.948,1.83586,1.83603,1.87,1.56
2015.03.04 12:22:05.101,1.83586,1.83603,1.87,1.56
2015.03.04 12:22:05.304,1.83586,1.83601,1.12,1.00
2015.03.04 12:22:06.590,1.83586,1.83603,2.25,1.25
2015.03.04 12:22:06.842,1.83583,1.836,1.50,1.00
2015.03.04 12:22:07.045,1.83582,1.83598,1.87,1.00
2015.03.04 12:22:07.932,1.83578,1.83595,1.87,1.19
2015.03.04 12:22:08.457,1.83578,1.83595,1.87,1.00
2015.03.04 12:22:08.989,1.83581,1.83595,1.00,1.00
2015.03.04 12:22:09.292,1.83585,1.83602,1.00,1.76
2015.03.04 12:22:10.963,1.83585,1.83602,1.37,1.10
2015.03.04 12:22:13.185,1.83585,1.83602,1.75,1.01
2015.03.04 12:22:14.035,1.83586,1.83605,2.62,2.92
2015.03.04 12:22:14.085,1.83588,1.83605,1.37,1.00
2015.03.04 12:22:14.238,1.83588,1.83605,1.50,1.00
2015.03.04 12:22:14.339,1.83592,1.83609,1.37,1.00
2015.03.04 12:22:15.367,1.83592,1.83609,1.37,1.32
2015.03.04 12:22:15.883,1.83592,1.83609,1.37,3.56
2015.03.04 12:22:17.008,1.83592,1.83609,1.37,3.56
2015.03.04 12:22:18.030,1.83592,1.83609,1.37,3.56
2015.03.04 12:22:19.116,1.8359,1.83606,1.37,1.34
2015.03.04 12:22:19.623,1.8359,1.83606,1.00,1.34
2015.03.04 12:22:19.674,1.83587,1.83606,1.87,1.34
2015.03.04 12:22:20.244,1.83587,1.83606,1.00,1.71
2015.03.04 12:22:22.424,1.83587,1.83606,1.00,1.34
2015.03.04 12:22:23.236,1.83587,1.83606,1.00,1.34
2015.03.04 12:22:24.209,1.83587,1.83606,1.00,1.34
2015.03.04 12:22:27.451,1.83592,1.83609,1.00,1.36
2015.03.04 12:22:27.505,1.83592,1.83609,1.00,1.17
2015.03.04 12:22:29.996,1.83592,1.83609,1.37,1.17
2015.03.04 12:22:30.148,1.83596,1.83612,1.12,1.00
2015.03.04 12:22:30.250,1.83598,1.83615,1.00,1.00
2015.03.04 12:22:31.890,1.83598,1.83617,2.25,1.26
2015.03.04 12:22:33.758,1.83597,1.83614,1.00,1.00
2015.03.04 12:22:34.062,1.83595,1.83612,1.00,1.37
2015.03.04 12:22:34.214,1.83593,1.83612,1.50,1.37
2015.03.04 12:22:35.347,1.83593,1.83612,1.50,1.31
2015.03.04 12:22:37.651,1.83593,1.83612,1.69,1.12
2015.03.04 12:22:37.858,1.83593,1.83609,1.25,1.00
2015.03.04 12:22:48.668,1.83593,1.83609,1.00,1.19
2015.03.04 12:22:49.667,1.8359,1.83604,1.19,2.55
2015.03.04 12:22:49.719,1.83586,1.83602,1.00,2.44
2015.03.04 12:22:49.820,1.83583,1.83601,1.31,1.45
2015.03.04 12:22:49.872,1.83583,1.83599,1.00,2.74
2015.03.04 12:22:49.923,1.83579,1.83595,1.50,1.00
2015.03.04 12:22:50.239,1.83578,1.83595,1.75,1.84
2015.03.04 12:22:50.391,1.83578,1.83595,1.00,1.84
2015.03.04 12:22:50.920,1.83578,1.83593,1.00,2.44
2015.03.04 12:22:51.076,1.83578,1.83595,1.00,3.94
2015.03.04 12:22:51.585,1.83578,1.83595,1.50,1.36
2015.03.04 12:22:52.107,1.83578,1.83595,2.62,1.19
2015.03.04 12:22:52.582,1.83581,1.83595,1.00,1.25
2015.03.04 12:22:53.154,1.83582,1.83595,1.00,1.25
2015.03.04 12:22:54.823,1.83579,1.83595,1.25,1.00
2015.03.04 12:22:56.541,1.83578,1.83595,1.00,1.39
2015.03.04 12:22:58.195,1.83578,1.83595,1.00,1.39
2015.03.04 12:22:58.903,1.83577,1.83594,1.00,1.25
2015.03.04 12:22:59.448,1.83578,1.83594,1.00,1.25
2015.03.04 12:23:00.027,1.83577,1.83594,1.00,1.25
2015.03.04 12:23:00.605,1.83575,1.83594,1.50,1.31
2015.03.04 12:23:02.682,1.83578,1.83595,1.37,1.29
2015.03.04 12:23:02.885,1.83581,1.83598,1.00,1.46
2015.03.04 12:23:04.003,1.83592,1.83599,1.19,2.10
2015.03.04 12:23:04.054,1.83592,1.8361,1.19,5.92
2015.03.04 12:23:04.155,1.83594,1.83611,1.25,1.10
2015.03.04 12:23:04.813,1.83592,1.83611,1.50,1.47
2015.03.04 12:23:05.117,1.8359,1.83607,1.62,1.10
2015.03.04 12:23:05.421,1.83593,1.83609,1.19,1.00
2015.03.04 12:23:05.471,1.83594,1.83613,1.25,1.00
2015.03.04 12:23:06.129,1.83594,1.83613,1.00,2.14
2015.03.04 12:23:06.432,1.83592,1.83609,1.00,1.00
2015.03.04 12:23:06.938,1.83592,1.83609,1.00,1.07
2015.03.04 12:23:07.479,1.83593,1.83609,1.00,1.26
2015.03.04 12:23:07.786,1.83593,1.83606,1.00,1.00
2015.03.04 12:23:07.938,1.83589,1.83606,1.25,1.00
2015.03.04 12:23:09.320,1.83591,1.83606,1.00,1.00
2015.03.04 12:23:10.704,1.83594,1.83609,1.00,1.00
2015.03.04 12:23:10.977,1.83595,1.83612,1.00,1.10
2015.03.04 12:23:12.497,1.83597,1.83614,1.00,1.25
2015.03.04 12:23:12.953,1.83597,1.83614,1.00,3.19
2015.03.04 12:23:13.357,1.83597,1.83614,1.69,1.00
2015.03.04 12:23:13.863,1.836,1.83616,1.00,1.09
2015.03.04 12:23:14.116,1.83599,1.83615,1.25,2.17
2015.03.04 12:23:14.268,1.83599,1.83616,1.62,1.31
2015.03.04 12:23:14.471,1.83602,1.83618,1.00,1.84
2015.03.04 12:23:14.573,1.83598,1.83617,2.06,1.29
2015.03.04 12:23:15.078,1.83598,1.83617,2.14,1.00
2015.03.04 12:23:15.836,1.83598,1.83617,1.25,1.84
2015.03.04 12:23:15.938,1.83598,1.83615,1.25,2.17
2015.03.04 12:23:16.140,1.83595,1.83612,1.37,1.00
2015.03.04 12:23:17.517,1.83596,1.83612,1.12,2.92
2015.03.04 12:23:17.669,1.83593,1.83612,1.00,4.31
2015.03.04 12:23:17.821,1.83593,1.83609,1.00,2.17
2015.03.04 12:23:18.646,1.83591,1.83608,1.25,1.27
2015.03.04 12:23:20.746,1.83588,1.83607,1.69,1.27
2015.03.04 12:23:21.255,1.83588,1.83607,1.00,1.27
2015.03.04 12:23:21.306,1.83585,1.83607,1.31,1.27
2015.03.04 12:23:21.841,1.83585,1.83607,1.19,1.57
2015.03.04 12:23:21.942,1.83591,1.83608,1.00,1.52
2015.03.04 12:23:23.669,1.83591,1.83608,1.37,1.07
2015.03.04 12:23:24.176,1.83591,1.83608,1.37,1.00
2015.03.04 12:23:24.531,1.8359,1.8361,1.31,2.62
2015.03.04 12:23:24.632,1.8359,1.83607,1.00,2.25
2015.03.04 12:23:25.239,1.83587,1.83607,1.69,2.62
2015.03.04 12:23:25.290,1.83587,1.83607,2.06,2.25
2015.03.04 12:23:25.341,1.83591,1.83608,1.00,1.00
2015.03.04 12:23:26.226,1.83589,1.83607,1.00,1.00
2015.03.04 12:23:26.277,1.83589,1.83607,1.00,3.37
2015.03.04 12:23:26.582,1.83585,1.83602,1.00,1.00
2015.03.04 12:23:26.886,1.83584,1.83605,1.69,1.10
2015.03.04 12:23:27.191,1.83592,1.83609,1.69,1.10
2015.03.04 12:23:27.726,1.83592,1.83609,1.56,1.00
2015.03.04 12:23:28.642,1.83592,1.83609,1.69,1.00
2015.03.04 12:23:29.773,1.83592,1.83609,1.37,1.00
2015.03.04 12:23:30.491,1.83592,1.83609,1.37,1.37
2015.03.04 12:23:30.643,1.83592,1.83609,1.00,4.87
2015.03.04 12:23:32.985,1.83587,1.83605,1.12,3.56
2015.03.04 12:23:33.289,1.83582,1.83598,1.37,1.00
2015.03.04 12:23:33.593,1.83585,1.83602,1.50,1.00
2015.03.04 12:23:33.695,1.83592,1.83605,1.37,3.15
2015.03.04 12:23:33.797,1.83592,1.83606,1.37,1.57
2015.03.04 12:23:33.950,1.8359,1.83606,1.87,2.55
2015.03.04 12:23:34.052,1.83588,1.83603,1.37,2.25
2015.03.04 12:23:34.154,1.83586,1.836,1.12,1.00
2015.03.04 12:23:45.226,1.83586,1.83603,1.87,1.10
2015.03.04 12:23:47.691,1.83588,1.83607,1.37,1.66
2015.03.04 12:23:47.742,1.83588,1.83607,1.47,1.20
2015.03.04 12:23:47.944,1.83592,1.83609,1.50,1.00
2015.03.04 12:23:48.249,1.83597,1.83616,1.37,3.56
2015.03.04 12:23:48.552,1.83597,1.83616,1.87,1.56
2015.03.04 12:23:48.654,1.83601,1.83618,1.37,1.32
2015.03.04 12:23:50.105,1.83601,1.83618,1.37,1.25
2015.03.04 12:23:50.409,1.83601,1.83618,1.37,1.37
2015.03.04 12:23:52.274,1.83601,1.83618,1.37,3.56
2015.03.04 12:23:53.712,1.83601,1.83618,1.00,4.31
2015.03.04 12:23:53.915,1.83601,1.83615,1.00,2.25
2015.03.04 12:23:54.067,1.83598,1.83615,1.37,3.00
2015.03.04 12:23:55.028,1.83598,1.83615,1.37,3.00
2015.03.04 12:23:55.483,1.83598,1.83615,1.00,3.00
2015.03.04 12:23:55.837,1.83598,1.83615,1.62,1.00
2015.03.04 12:23:56.384,1.83598,1.83615,1.25,1.00
2015.03.04 12:23:57.139,1.83594,1.83611,1.47,1.07
2015.03.04 12:23:57.342,1.83592,1.8361,1.12,3.37
2015.03.04 12:23:57.393,1.83592,1.8361,1.12,1.20
2015.03.04 12:23:58.005,1.83592,1.8361,1.12,2.92
2015.03.04 12:23:58.361,1.83592,1.8361,2.51,2.17
2015.03.04 12:23:58.411,1.83592,1.83611,2.59,1.00
2015.03.04 12:23:58.462,1.83592,1.83614,2.14,1.12
2015.03.04 12:23:58.877,1.83592,1.83616,2.14,1.77
2015.03.04 12:23:59.418,1.83596,1.83617,1.50,5.66
2015.03.04 12:24:00.503,1.83596,1.83618,1.85,1.46
2015.03.04 12:24:02.452,1.83596,1.83617,1.47,2.81
2015.03.04 12:24:02.769,1.83593,1.83612,2.89,1.00
2015.03.04 12:24:02.922,1.83593,1.83611,2.06,2.17
2015.03.04 12:24:02.973,1.83593,1.83612,2.06,1.27
2015.03.04 12:24:04.084,1.83593,1.83612,1.87,1.27
2015.03.04 12:24:04.186,1.83593,1.83608,1.37,1.37
2015.03.04 12:24:04.489,1.83591,1.83608,1.37,5.47
2015.03.04 12:24:04.944,1.83589,1.83607,1.37,1.52
2015.03.04 12:24:05.501,1.83591,1.83608,1.37,5.47
2015.03.04 12:24:05.957,1.83591,1.83608,1.37,5.66
2015.03.04 12:24:06.265,1.83591,1.83608,1.37,5.47
2015.03.04 12:24:06.779,1.83593,1.83608,1.37,4.35
2015.03.04 12:24:06.985,1.83597,1.8361,1.37,1.00
2015.03.04 12:24:07.036,1.83598,1.83615,1.37,1.27
2015.03.04 12:24:07.087,1.83598,1.83615,1.37,1.55
2015.03.04 12:24:07.391,1.83594,1.83611,1.37,1.47
2015.03.04 12:24:07.901,1.83594,1.83611,1.37,1.95
2015.03.04 12:24:08.154,1.83594,1.8361,1.12,2.25
2015.03.04 12:24:08.559,1.83594,1.83611,1.12,1.10
2015.03.04 12:24:09.064,1.83594,1.8361,1.12,2.25
2015.03.04 12:24:10.222,1.83594,1.83608,1.00,2.17
2015.03.04 12:24:11.186,1.83594,1.8361,1.00,3.56
2015.03.04 12:24:20.692,1.83594,1.83604,1.00,1.37
2015.03.04 12:24:20.743,1.83592,1.83604,1.00,1.45
2015.03.04 12:24:20.844,1.83587,1.83603,1.00,1.00
2015.03.04 12:24:21.097,1.83587,1.83604,1.87,1.50
2015.03.04 12:24:21.672,1.83589,1.83608,1.00,1.65
2015.03.04 12:24:23.524,1.83589,1.83608,1.00,1.77
2015.03.04 12:24:24.326,1.83589,1.83608,1.50,1.39
2015.03.04 12:24:24.428,1.83589,1.83608,1.95,1.12
2015.03.04 12:24:24.943,1.83592,1.8361,2.25,1.20
2015.03.04 12:24:24.994,1.83592,1.83611,2.62,1.07
2015.03.04 12:24:25.507,1.83592,1.83611,2.70,1.00
2015.03.04 12:24:25.913,1.83596,1.83613,1.00,2.14
2015.03.04 12:24:26.419,1.83596,1.83613,1.00,1.39
2015.03.04 12:24:26.930,1.83596,1.83613,1.62,1.10
2015.03.04 12:24:27.233,1.83599,1.83616,1.00,1.00
2015.03.04 12:24:27.889,1.83601,1.83617,1.00,1.10
2015.03.04 12:24:29.512,1.83598,1.83615,1.00,1.37
2015.03.04 12:24:29.816,1.83598,1.83615,1.00,1.45
2015.03.04 12:24:31.626,1.83598,1.83615,1.00,2.14
2015.03.04 12:24:33.916,1.83598,1.83615,1.00,1.95
2015.03.04 12:24:36.662,1.83598,1.83613,1.00,1.19
2015.03.04 12:24:37.270,1.83598,1.83615,1.00,1.07
2015.03.04 12:24:37.422,1.83596,1.83616,1.20,1.00
2015.03.04 12:24:37.929,1.83596,1.83618,1.47,1.39
2015.03.04 12:24:38.235,1.83603,1.83622,1.00,2.21
2015.03.04 12:24:39.009,1.83603,1.8362,1.00,2.81
2015.03.04 12:24:40.033,1.83603,1.8362,1.00,2.62
2015.03.04 12:24:40.084,1.83601,1.83618,1.00,1.47
2015.03.04 12:24:40.590,1.83601,1.83617,1.00,1.37
2015.03.04 12:24:42.007,1.83601,1.83617,1.00,1.00
2015.03.04 12:24:42.665,1.83601,1.83617,1.00,1.37
2015.03.04 12:24:43.019,1.83601,1.83612,1.00,2.25
2015.03.04 12:24:43.070,1.83597,1.83612,1.00,2.81
2015.03.04 12:24:43.171,1.83595,1.83612,1.00,2.81
2015.03.04 12:24:43.937,1.83595,1.8361,1.00,2.62
2015.03.04 12:24:44.039,1.83592,1.83607,1.00,4.72
2015.03.04 12:24:45.162,1.83592,1.8361,1.00,4.91
2015.03.04 12:24:45.670,1.83592,1.8361,1.00,4.91
2015.03.04 12:24:45.973,1.83592,1.83611,1.00,1.57
2015.03.04 12:24:46.672,1.83592,1.83611,1.00,1.57
2015.03.04 12:24:46.976,1.83592,1.83608,1.00,2.62
2015.03.04 12:24:47.432,1.83592,1.83611,1.00,4.39
2015.03.04 12:24:47.945,1.83592,1.83611,1.00,4.39
2015.03.04 12:24:48.047,1.83592,1.83611,1.00,4.76
2015.03.04 12:24:48.250,1.83588,1.83604,1.00,3.94
2015.03.04 12:24:48.351,1.83585,1.83601,1.00,1.00
2015.03.04 12:24:48.402,1.83585,1.83598,1.00,1.00
2015.03.04 12:24:48.454,1.83583,1.83598,1.00,1.12
2015.03.04 12:24:48.606,1.83583,1.83598,1.00,1.37
2015.03.04 12:24:49.010,1.83581,1.83597,1.00,1.50
2015.03.04 12:24:49.062,1.83581,1.83597,1.00,1.50
2015.03.04 12:24:49.942,1.83581,1.83596,1.00,1.00
2015.03.04 12:24:50.563,1.83581,1.83597,1.00,3.19
2015.03.04 12:24:52.571,1.83581,1.83596,1.00,1.74
2015.03.04 12:24:52.723,1.83578,1.83595,1.00,1.39
2015.03.04 12:24:53.268,1.83578,1.83595,1.00,1.39
2015.03.04 12:24:54.274,1.83578,1.83595,1.00,1.66
2015.03.04 12:24:54.578,1.83578,1.83595,1.00,1.39
2015.03.04 12:24:54.730,1.83575,1.83591,1.00,4.91
2015.03.04 12:24:56.204,1.83573,1.8359,1.00,1.46
2015.03.04 12:24:57.776,1.83573,1.8359,1.00,1.00
2015.03.04 12:25:05.018,1.83573,1.8359,1.62,1.00
2015.03.04 12:25:05.170,1.83575,1.83592,1.50,1.00
2015.03.04 12:25:05.999,1.83575,1.83592,1.87,1.00
2015.03.04 12:25:06.050,1.83578,1.83595,1.00,1.07
2015.03.04 12:25:08.540,1.83578,1.83595,1.00,1.64
2015.03.04 12:25:09.198,1.83578,1.83595,1.37,1.64
2015.03.04 12:25:09.708,1.83578,1.83595,1.37,1.64
2015.03.04 12:25:11.608,1.83578,1.83595,1.37,1.45
2015.03.04 12:25:12.121,1.83578,1.83595,1.37,1.20
2015.03.04 12:25:12.628,1.83578,1.83595,1.37,1.20
2015.03.04 12:25:19.651,1.83578,1.83595,1.37,1.00
2015.03.04 12:25:20.644,1.8358,1.83597,1.37,1.39
2015.03.04 12:25:20.745,1.8358,1.83597,1.37,1.39
2015.03.04 12:25:30.615,1.8358,1.83597,1.00,1.10
2015.03.04 12:25:31.148,1.83578,1.83594,1.25,1.00
2015.03.04 12:25:31.655,1.83577,1.83594,1.25,1.00
2015.03.04 12:25:34.412,1.8358,1.83597,1.00,1.47
2015.03.04 12:25:36.907,1.8358,1.83597,1.00,2.14
2015.03.04 12:25:39.046,1.8358,1.83597,1.00,2.14
2015.03.04 12:25:42.252,1.8358,1.83597,1.00,1.95
2015.03.04 12:25:42.454,1.8358,1.83597,1.00,1.50
2015.03.04 12:25:42.505,1.8358,1.83597,1.37,1.00
2015.03.04 12:25:43.170,1.8358,1.83595,1.00,1.12
2015.03.04 12:25:43.221,1.83578,1.83595,1.12,1.87
2015.03.04 12:25:43.838,1.83578,1.83595,1.37,1.87
2015.03.04 12:25:44.369,1.83578,1.83595,1.00,1.87
2015.03.04 12:25:45.028,1.83578,1.83595,1.00,1.37
2015.03.04 12:25:45.232,1.83576,1.83591,1.00,2.92
2015.03.04 12:25:45.334,1.83572,1.83588,1.00,2.62
2015.03.04 12:25:45.738,1.8357,1.83587,1.00,1.46
2015.03.04 12:25:46.265,1.8357,1.83587,1.37,1.46
2015.03.04 12:25:46.577,1.8357,1.83587,1.12,1.27
2015.03.04 12:25:48.345,1.83572,1.83588,1.00,2.74
2015.03.04 12:25:48.650,1.83572,1.83589,1.37,1.19
2015.03.04 12:25:49.307,1.83572,1.83589,1.37,1.25
2015.03.04 12:25:53.284,1.83572,1.83589,1.37,1.25
2015.03.04 12:25:53.639,1.83572,1.83589,1.37,1.56
2015.03.04 12:25:54.323,1.83572,1.83589,1.37,1.56
2015.03.04 12:25:54.834,1.83572,1.83589,1.37,1.56
2015.03.04 12:25:57.430,1.83563,1.83574,1.00,2.44
2015.03.04 12:25:57.485,1.83556,1.83574,1.00,2.44
2015.03.04 12:25:57.536,1.83556,1.83573,1.00,1.36
2015.03.04 12:25:57.840,1.83556,1.83573,1.37,1.36
2015.03.04 12:25:58.627,1.83556,1.83573,1.37,1.36
2015.03.04 12:25:58.830,1.83556,1.83575,1.62,1.12
2015.03.04 12:25:58.982,1.8356,1.83579,1.25,1.87
2015.03.04 12:25:59.033,1.8356,1.83579,1.50,2.06
2015.03.04 12:25:59.336,1.8356,1.83578,1.00,3.56
2015.03.04 12:25:59.846,1.83556,1.83575,1.37,1.74
2015.03.04 12:26:00.356,1.83556,1.83575,1.37,1.56
2015.03.04 12:26:00.660,1.83551,1.83562,1.10,2.74
2015.03.04 12:26:00.711,1.83547,1.83559,1.00,1.76
2015.03.04 12:26:00.812,1.83542,1.83555,1.37,4.91
2015.03.04 12:26:01.320,1.83537,1.83553,1.37,1.39
2015.03.04 12:26:02.602,1.83538,1.83553,1.37,1.25
2015.03.04 12:26:04.175,1.8354,1.83553,1.01,1.00
2015.03.04 12:26:04.226,1.83542,1.83558,1.56,1.00
2015.03.04 12:26:04.647,1.83545,1.83564,1.62,1.87
2015.03.04 12:26:04.749,1.83545,1.83564,1.25,1.50
2015.03.04 12:26:04.901,1.83545,1.83564,3.56,1.50
2015.03.04 12:26:05.407,1.83548,1.83567,1.00,2.06
2015.03.04 12:26:05.914,1.83548,1.83566,1.00,1.01
2015.03.04 12:26:07.353,1.83548,1.83565,1.00,1.00
2015.03.04 12:26:08.594,1.83548,1.83565,1.00,1.19
2015.03.04 12:26:08.898,1.83545,1.83562,1.00,3.94
2015.03.04 12:26:08.949,1.83543,1.8356,1.00,1.39
2015.03.04 12:26:09.822,1.83543,1.8356,1.00,1.76
2015.03.04 12:26:09.974,1.83541,1.83557,1.00,1.56
2015.03.04 12:26:10.328,1.8354,1.83557,1.00,1.12
2015.03.04 12:26:17.117,1.8354,1.83557,1.00,1.56
2015.03.04 12:26:17.422,1.83538,1.83555,1.00,1.19
2015.03.04 12:26:17.523,1.83539,1.83557,1.00,1.19
2015.03.04 12:26:17.726,1.83541,1.83558,1.00,1.31
2015.03.04 12:26:18.341,1.83541,1.83558,1.07,1.12
2015.03.04 12:26:18.442,1.83543,1.83561,1.00,1.12
2015.03.04 12:26:18.647,1.83547,1.83562,1.07,1.25
2015.03.04 12:26:19.160,1.83547,1.83566,1.00,1.56
2015.03.04 12:26:21.506,1.83546,1.83563,1.00,1.29
2015.03.04 12:26:22.824,1.83546,1.83563,1.00,2.14
2015.03.04 12:26:26.026,1.83542,1.83561,1.00,1.57
2015.03.04 12:26:26.527,1.83542,1.83561,1.00,1.76
2015.03.04 12:26:27.075,1.83542,1.83561,1.00,2.89
2015.03.04 12:26:27.126,1.83542,1.83557,1.00,1.75
2015.03.04 12:26:27.228,1.83539,1.83553,1.00,1.50
2015.03.04 12:26:27.329,1.83535,1.83548,1.37,1.12
2015.03.04 12:26:27.380,1.83529,1.83546,1.10,1.00
2015.03.04 12:26:27.886,1.83529,1.83545,1.00,1.25
2015.03.04 12:26:28.651,1.83529,1.83547,1.00,1.66
2015.03.04 12:26:29.878,1.83529,1.83547,1.37,1.66
2015.03.04 12:26:31.558,1.83529,1.83548,1.37,2.51
2015.03.04 12:26:33.423,1.83534,1.83551,1.37,1.19
2015.03.04 12:26:33.474,1.83536,1.83555,1.37,1.69
2015.03.04 12:26:33.575,1.83536,1.83555,1.37,1.50
2015.03.04 12:26:35.541,1.83536,1.83555,1.37,1.31
2015.03.04 12:26:35.848,1.83536,1.83555,1.37,1.31
2015.03.04 12:26:36.357,1.83536,1.83555,1.37,1.31
2015.03.04 12:26:36.862,1.83536,1.83555,1.37,1.31
2015.03.04 12:26:40.261,1.83536,1.83555,1.37,1.31
2015.03.04 12:26:42.698,1.83536,1.83555,1.00,1.69
2015.03.04 12:26:42.753,1.83524,1.83541,1.37,1.46
2015.03.04 12:26:44.394,1.83522,1.83538,1.87,1.25
2015.03.04 12:26:44.546,1.83522,1.83534,1.12,1.19
2015.03.04 12:26:44.698,1.83521,1.83534,1.37,1.74
2015.03.04 12:26:46.759,1.83515,1.83533,1.37,2.81
2015.03.04 12:26:47.266,1.83515,1.83533,1.37,2.44
2015.03.04 12:26:47.569,1.83515,1.83535,1.87,1.46
2015.03.04 12:26:47.872,1.83515,1.83532,1.50,2.81
2015.03.04 12:26:48.381,1.83518,1.83535,1.00,1.39
2015.03.04 12:26:48.899,1.83516,1.83535,1.19,1.26
2015.03.04 12:26:49.413,1.83516,1.83535,1.25,1.26
2015.03.04 12:26:50.703,1.83516,1.83535,1.19,1.19
2015.03.04 12:26:50.754,1.83521,1.83538,1.00,1.39
2015.03.04 12:26:50.805,1.83521,1.83541,1.17,1.25
2015.03.04 12:26:50.856,1.83523,1.83541,1.37,1.25
2015.03.04 12:26:50.957,1.83524,1.83544,2.62,1.12
2015.03.04 12:26:51.008,1.83528,1.83546,1.00,1.62
2015.03.04 12:26:51.059,1.83528,1.83547,1.12,1.29
2015.03.04 12:26:51.564,1.83528,1.83549,1.45,1.69
2015.03.04 12:26:52.369,1.83529,1.83549,1.20,1.19
2015.03.04 12:26:53.827,1.8353,1.83551,1.00,2.14
2015.03.04 12:26:53.878,1.8353,1.83551,1.19,2.14
2015.03.04 12:26:53.929,1.83533,1.83551,2.62,1.25
2015.03.04 12:26:55.666,1.83535,1.83552,1.57,1.69
2015.03.04 12:26:57.494,1.83535,1.83552,1.00,1.31
2015.03.04 12:26:58.346,1.83536,1.83554,1.00,1.09
2015.03.04 12:26:59.483,1.83536,1.83554,1.00,1.09
2015.03.04 12:27:00.820,1.83536,1.83554,1.00,1.09
2015.03.04 12:27:03.071,1.83534,1.83549,1.00,1.62
2015.03.04 12:27:03.958,1.83532,1.83548,1.00,1.56
2015.03.04 12:27:04.363,1.83532,1.83549,1.65,1.37
2015.03.04 12:27:04.883,1.83532,1.83551,1.84,1.37
2015.03.04 12:27:05.400,1.83532,1.83551,1.69,1.57
2015.03.04 12:27:05.907,1.83532,1.83551,1.50,1.57
2015.03.04 12:27:06.009,1.83532,1.83551,1.50,2.51
2015.03.04 12:27:06.111,1.8353,1.83548,1.50,1.76
2015.03.04 12:27:06.825,1.83528,1.83545,1.00,2.14
2015.03.04 12:27:08.924,1.83528,1.83545,1.00,2.00
2015.03.04 12:27:09.179,1.83528,1.83543,1.00,1.87
2015.03.04 12:27:09.331,1.83528,1.83545,1.00,1.62
2015.03.04 12:27:09.433,1.83531,1.83545,1.00,1.37
2015.03.04 12:27:09.738,1.83537,1.83547,1.00,1.62
2015.03.04 12:27:10.041,1.83539,1.83547,1.00,1.00
2015.03.04 12:27:10.092,1.83539,1.8355,1.00,1.56
2015.03.04 12:27:10.194,1.83539,1.8355,1.00,1.56
2015.03.04 12:27:14.130,1.83539,1.83552,1.00,2.21
2015.03.04 12:27:14.642,1.8354,1.83552,1.00,1.74
2015.03.04 12:27:14.794,1.83542,1.83553,1.00,2.81
2015.03.04 12:27:16.555,1.83542,1.83555,1.00,2.44
2015.03.04 12:27:20.101,1.8354,1.83553,1.00,1.56
2015.03.04 12:27:23.253,1.83536,1.83552,1.00,1.56
2015.03.04 12:27:23.304,1.83536,1.83548,1.00,1.56
2015.03.04 12:27:23.405,1.83533,1.83548,1.00,3.94
2015.03.04 12:27:23.507,1.83533,1.83546,1.00,1.56
2015.03.04 12:27:23.912,1.83534,1.83547,1.00,1.37
2015.03.04 12:27:24.215,1.83535,1.83544,1.37,1.00
2015.03.04 12:27:24.520,1.83542,1.8355,1.50,2.12
2015.03.04 12:27:24.622,1.83542,1.83547,1.50,1.00
2015.03.04 12:27:24.724,1.83542,1.83547,1.00,1.00
2015.03.04 12:27:25.357,1.83542,1.83561,1.00,4.31
2015.03.04 12:27:27.260,1.83548,1.83553,1.00,1.00
2015.03.04 12:27:30.752,1.83542,1.83553,1.00,1.37
2015.03.04 12:27:34.398,1.83548,1.83555,1.00,1.37
2015.03.04 12:27:34.499,1.8355,1.83556,1.00,1.00
2015.03.04 12:27:35.801,1.8355,1.83557,1.00,1.00
2015.03.04 12:27:35.852,1.83552,1.83566,1.00,1.64
2015.03.04 12:27:36.604,1.83552,1.83566,1.00,1.64
2015.03.04 12:27:37.428,1.83552,1.83563,1.00,1.00
2015.03.04 12:27:37.479,1.83547,1.83563,1.00,1.37
2015.03.04 12:27:38.796,1.83552,1.83563,1.00,1.87
2015.03.04 12:27:44.223,1.83546,1.83557,1.00,1.37
2015.03.04 12:27:44.274,1.83546,1.83557,1.00,1.37
2015.03.04 12:27:44.528,1.83544,1.83557,1.00,1.57
2015.03.04 12:27:44.730,1.83542,1.83553,1.00,1.01
2015.03.04 12:27:46.180,1.83541,1.83553,1.00,1.01
2015.03.04 12:27:49.278,1.83529,1.83545,2.55,1.45
2015.03.04 12:27:49.330,1.83532,1.83545,1.00,1.64
2015.03.04 12:27:50.132,1.83532,1.83545,1.00,1.64
2015.03.04 12:27:53.104,1.83532,1.83544,1.00,1.39
2015.03.04 12:27:54.332,1.83532,1.83544,1.00,1.01
2015.03.04 12:27:54.534,1.83532,1.83545,1.00,1.31
2015.03.04 12:27:54.635,1.83535,1.83548,1.00,3.19
2015.03.04 12:27:54.737,1.83532,1.83546,1.00,2.06
2015.03.04 12:27:55.258,1.83532,1.83542,1.00,1.19
2015.03.04 12:27:55.512,1.8353,1.83544,1.00,1.76
2015.03.04 12:27:56.028,1.8353,1.83544,1.00,2.04
2015.03.04 12:27:56.912,1.83525,1.83538,1.00,1.01
2015.03.04 12:27:57.064,1.83523,1.83536,1.00,1.74
2015.03.04 12:27:57.216,1.83524,1.83536,1.00,1.29
2015.03.04 12:27:58.124,1.83526,1.83539,1.00,1.56
2015.03.04 12:27:58.377,1.83528,1.83539,1.00,1.56
2015.03.04 12:27:59.044,1.83528,1.83539,1.00,1.62
2015.03.04 12:27:59.709,1.83528,1.83539,1.00,1.25
2015.03.04 12:28:00.453,1.8353,1.83543,1.00,1.62
2015.03.04 12:28:00.807,1.83535,1.83547,1.00,1.56
2015.03.04 12:28:01.995,1.83541,1.83549,1.00,2.06
2015.03.04 12:28:02.521,1.83541,1.83553,1.00,1.62
2015.03.04 12:28:03.511,1.83541,1.83553,1.00,1.31
2015.03.04 12:28:04.018,1.83542,1.83557,1.00,2.00
2015.03.04 12:28:04.703,1.83539,1.83557,1.00,2.00
2015.03.04 12:28:04.754,1.83533,1.83546,1.50,2.92
2015.03.04 12:28:04.856,1.83531,1.83543,1.00,1.56
2015.03.04 12:28:06.395,1.83532,1.83543,1.00,1.62
2015.03.04 12:28:08.289,1.83531,1.83543,1.00,1.37
2015.03.04 12:28:09.153,1.83528,1.83543,1.00,1.69
2015.03.04 12:28:09.356,1.83526,1.83542,1.00,1.56
2015.03.04 12:28:09.457,1.83528,1.83542,1.00,1.56
2015.03.04 12:28:10.012,1.83529,1.83543,1.00,1.84
2015.03.04 12:28:10.574,1.83528,1.83543,1.00,1.62
2015.03.04 12:28:10.625,1.83526,1.83543,1.87,1.62
2015.03.04 12:28:11.387,1.83526,1.83543,1.50,2.81
2015.03.04 12:28:11.903,1.83526,1.83543,1.31,1.56
2015.03.04 12:28:12.463,1.83526,1.83543,1.12,1.56
2015.03.04 12:28:13.080,1.83526,1.83543,1.12,1.56
2015.03.04 12:28:13.434,1.83523,1.83542,1.69,2.44
2015.03.04 12:28:13.899,1.83521,1.83539,1.19,1.66
2015.03.04 12:28:14.253,1.83523,1.83539,1.37,1.66
2015.03.04 12:28:14.558,1.83533,1.83548,1.56,1.37
2015.03.04 12:28:15.013,1.83537,1.83548,1.50,1.37
2015.03.04 12:28:16.668,1.83539,1.83548,1.87,1.00
2015.03.04 12:28:16.720,1.83543,1.83553,1.00,1.37
2015.03.04 12:28:17.625,1.83543,1.83558,1.00,1.62
2015.03.04 12:28:17.778,1.83541,1.83559,1.00,2.06
2015.03.04 12:28:17.828,1.83541,1.83559,1.00,1.69
2015.03.04 12:28:18.183,1.83538,1.83554,1.50,2.06
2015.03.04 12:28:21.380,1.83538,1.83553,1.00,1.37
2015.03.04 12:28:21.583,1.83536,1.8355,1.00,1.37
2015.03.04 12:28:22.101,1.83535,1.8355,1.50,1.37
2015.03.04 12:28:23.531,1.83535,1.8355,1.50,1.25
2015.03.04 12:28:24.004,1.83533,1.8355,1.50,1.46
2015.03.04 12:28:24.723,1.83534,1.8355,1.00,1.29
2015.03.04 12:28:25.234,1.83533,1.8355,1.37,1.01
2015.03.04 12:28:26.063,1.83536,1.8355,1.00,1.00
2015.03.04 12:28:26.114,1.83538,1.83555,1.00,1.36
2015.03.04 12:28:26.984,1.83538,1.83555,1.19,1.17
2015.03.04 12:28:28.156,1.83541,1.83555,1.00,1.17
2015.03.04 12:28:28.258,1.83543,1.83557,1.00,1.00
2015.03.04 12:28:28.359,1.83541,1.83557,1.50,1.12
2015.03.04 12:28:28.865,1.8354,1.83557,1.25,1.20
2015.03.04 12:28:29.373,1.8354,1.83557,1.00,1.47
2015.03.04 12:28:29.883,1.8354,1.83557,1.00,1.20
2015.03.04 12:28:31.077,1.83537,1.83554,1.00,1.00
2015.03.04 12:28:31.484,1.83535,1.83552,1.00,1.00
2015.03.04 12:28:34.376,1.83535,1.83552,1.19,1.50
2015.03.04 12:28:36.498,1.83535,1.83552,1.25,1.50
2015.03.04 12:28:36.974,1.83535,1.83552,1.25,1.45
2015.03.04 12:28:37.736,1.83535,1.83552,1.19,1.45
2015.03.04 12:28:38.836,1.83535,1.83552,1.25,1.45
2015.03.04 12:28:39.821,1.83535,1.83552,1.00,1.45
2015.03.04 12:28:46.894,1.83535,1.83552,1.00,1.00
2015.03.04 12:28:48.982,1.83535,1.83552,1.37,1.00
2015.03.04 12:28:49.084,1.83535,1.83552,1.56,1.00
2015.03.04 12:28:49.338,1.83541,1.8356,1.66,1.00
2015.03.04 12:28:49.652,1.8354,1.83549,1.45,1.00
2015.03.04 12:28:49.703,1.8354,1.83549,1.00,1.00
2015.03.04 12:28:49.754,1.8354,1.83547,1.00,1.00
2015.03.04 12:28:49.805,1.83532,1.83547,1.87,1.00
2015.03.04 12:28:49.856,1.83532,1.83549,1.50,1.19
2015.03.04 12:28:49.957,1.83533,1.83552,1.00,3.56
2015.03.04 12:28:50.463,1.83533,1.83552,1.69,3.56
2015.03.04 12:28:51.660,1.83539,1.83551,1.00,1.36
2015.03.04 12:28:52.065,1.83538,1.83552,1.00,1.25
2015.03.04 12:28:52.116,1.83541,1.83552,1.00,1.25
2015.03.04 12:28:52.166,1.83541,1.83554,1.00,1.00
2015.03.04 12:28:52.217,1.83549,1.83554,1.00,1.00
2015.03.04 12:28:52.268,1.83549,1.83562,1.00,3.82
2015.03.04 12:28:52.319,1.83554,1.83562,1.00,3.82
2015.03.04 12:28:52.370,1.83554,1.83562,1.00,1.95
2015.03.04 12:28:53.078,1.83555,1.83562,1.00,1.50
2015.03.04 12:28:53.332,1.83552,1.83567,1.00,1.25
2015.03.04 12:28:53.434,1.83551,1.83567,1.00,1.37
2015.03.04 12:28:53.737,1.83551,1.83564,1.00,1.19
2015.03.04 12:28:54.545,1.83551,1.83564,1.00,1.25
2015.03.04 12:28:54.696,1.83552,1.83567,1.00,1.00
2015.03.04 12:28:54.950,1.83548,1.83564,1.00,1.31
2015.03.04 12:28:55.051,1.83548,1.83559,1.00,1.00
2015.03.04 12:28:55.102,1.83545,1.83559,1.00,1.00
2015.03.04 12:28:56.712,1.83548,1.83559,2.06,1.00
2015.03.04 12:28:56.764,1.83555,1.83572,1.00,1.26
2015.03.04 12:28:57.306,1.83555,1.83572,1.00,1.26
2015.03.04 12:28:57.539,1.83553,1.83571,1.00,1.01
2015.03.04 12:28:57.992,1.83553,1.83571,1.00,1.29
2015.03.04 12:28:58.498,1.83552,1.83571,1.25,1.39
2015.03.04 12:28:59.205,1.83552,1.83571,1.00,1.39
2015.03.04 12:28:59.752,1.83553,1.83571,1.00,1.39
2015.03.04 12:29:00.596,1.83552,1.83571,1.00,1.39
2015.03.04 12:29:01.095,1.83552,1.83571,1.25,1.29
2015.03.04 12:29:02.092,1.83552,1.83571,1.00,1.39
2015.03.04 12:29:03.258,1.83552,1.83571,1.00,1.39
2015.03.04 12:29:06.314,1.83552,1.83571,1.00,2.14
2015.03.04 12:29:06.567,1.83552,1.83571,1.00,1.76
2015.03.04 12:29:06.973,1.83552,1.83571,1.50,1.29
2015.03.04 12:29:07.125,1.8355,1.83569,1.50,1.39
2015.03.04 12:29:07.176,1.8355,1.83569,1.00,1.39
2015.03.04 12:29:07.481,1.83548,1.83567,1.37,1.31
2015.03.04 12:29:08.239,1.83548,1.83567,1.87,5.66
2015.03.04 12:29:08.746,1.83548,1.83567,1.87,6.41
2015.03.04 12:29:09.265,1.83548,1.83563,1.37,1.00
2015.03.04 12:29:14.411,1.83547,1.83558,1.00,1.19
2015.03.04 12:29:14.513,1.83547,1.83558,1.50,1.39
2015.03.04 12:29:14.614,1.83543,1.83558,1.12,1.46
2015.03.04 12:29:14.716,1.83543,1.83558,1.37,1.46
2015.03.04 12:29:14.918,1.83543,1.83558,1.37,1.46
2015.03.04 12:29:15.430,1.83544,1.83561,1.50,1.76
2015.03.04 12:29:15.481,1.83544,1.83563,2.25,3.94
2015.03.04 12:29:15.532,1.83546,1.83563,1.75,1.69
2015.03.04 12:29:15.836,1.83551,1.83564,1.37,1.25
2015.03.04 12:29:16.711,1.83551,1.83567,1.37,1.25
2015.03.04 12:29:19.255,1.83548,1.83565,2.62,1.12
2015.03.04 12:29:19.358,1.83548,1.83563,1.87,1.00
2015.03.04 12:29:21.211,1.83547,1.83563,1.37,1.25
2015.03.04 12:29:21.616,1.83547,1.83563,1.87,1.66
2015.03.04 12:29:21.667,1.83547,1.83563,1.37,1.36
2015.03.04 12:29:23.626,1.83545,1.83563,1.37,2.21
2015.03.04 12:29:25.350,1.83541,1.83557,1.37,2.06
2015.03.04 12:29:26.037,1.83538,1.83557,1.87,4.31
2015.03.04 12:29:26.139,1.83538,1.83557,1.87,4.31
2015.03.04 12:29:28.223,1.83538,1.83556,1.12,1.09
2015.03.04 12:29:28.274,1.83538,1.83556,1.87,1.25
2015.03.04 12:29:28.820,1.83538,1.83557,1.87,1.29
2015.03.04 12:29:29.718,1.83538,1.83557,1.87,1.29
2015.03.04 12:29:31.121,1.83538,1.83557,1.87,1.29
2015.03.04 12:29:32.101,1.83538,1.83551,1.37,1.00
2015.03.04 12:29:32.319,1.83538,1.83554,1.37,1.00
2015.03.04 12:29:33.262,1.83538,1.83554,1.50,1.00
2015.03.04 12:29:33.313,1.83538,1.83559,1.50,2.81
2015.03.04 12:29:33.833,1.83538,1.83559,1.94,2.44
2015.03.04 12:29:33.884,1.83539,1.83561,1.09,1.76
2015.03.04 12:29:34.086,1.83543,1.8356,1.00,3.56
2015.03.04 12:29:34.964,1.83543,1.8356,1.00,3.56
2015.03.04 12:29:35.269,1.83543,1.8356,1.00,3.56
2015.03.04 12:29:35.932,1.83543,1.8356,1.00,3.19
2015.03.04 12:29:36.443,1.83543,1.8356,1.12,3.00
2015.03.04 12:29:36.494,1.83543,1.8356,1.87,1.10
2015.03.04 12:29:36.545,1.83544,1.8356,1.37,1.00
2015.03.04 12:29:36.848,1.83546,1.83563,1.37,1.19
2015.03.04 12:29:38.644,1.83542,1.83561,2.81,1.39
2015.03.04 12:29:39.178,1.83542,1.83561,2.62,1.39
2015.03.04 12:29:40.089,1.83542,1.83561,2.44,1.29
2015.03.04 12:29:40.241,1.83542,1.83561,3.19,1.29
2015.03.04 12:29:41.307,1.83542,1.83561,3.19,1.29
2015.03.04 12:29:43.078,1.83542,1.83561,2.81,1.39
2015.03.04 12:29:44.099,1.83542,1.83561,1.37,2.14
2015.03.04 12:29:45.051,1.83542,1.83561,1.37,2.14
2015.03.04 12:29:47.077,1.83541,1.83557,1.62,1.25
2015.03.04 12:29:47.950,1.83543,1.83559,1.62,1.25
2015.03.04 12:29:48.254,1.83543,1.83559,1.62,1.25
2015.03.04 12:29:48.468,1.83543,1.83559,1.62,1.25
2015.03.04 12:29:50.936,1.83542,1.83559,2.06,1.00
2015.03.04 12:29:53.003,1.83542,1.83559,2.44,1.00
2015.03.04 12:29:56.874,1.83542,1.83559,3.19,1.00
2015.03.04 12:29:57.078,1.83542,1.83559,3.19,1.00
2015.03.04 12:29:57.533,1.83542,1.83559,2.81,1.00
2015.03.04 12:29:58.698,1.83542,1.83559,2.81,1.25
2015.03.04 12:30:00.468,1.83543,1.83559,1.37,1.19
2015.03.04 12:30:01.013,1.83544,1.83559,1.37,1.25
2015.03.04 12:30:01.165,1.83544,1.83559,1.37,1.25
2015.03.04 12:30:01.420,1.83546,1.83562,1.37,1.36
2015.03.04 12:30:01.471,1.83546,1.83562,1.37,1.29
2015.03.04 12:30:02.401,1.83546,1.83562,1.62,1.25
2015.03.04 12:30:03.429,1.83547,1.83562,1.37,1.19
2015.03.04 12:30:04.201,1.83546,1.83555,1.00,1.00
2015.03.04 12:30:04.303,1.83538,1.83549,3.82,2.25
2015.03.04 12:30:05.428,1.83536,1.83549,1.37,2.17
2015.03.04 12:30:05.485,1.83536,1.8355,1.37,1.00
2015.03.04 12:30:06.961,1.83534,1.8355,3.11,1.00
2015.03.04 12:30:07.062,1.83535,1.83552,2.32,1.00
2015.03.04 12:30:11.712,1.83539,1.83552,1.00,1.00
2015.03.04 12:30:11.863,1.83537,1.83552,1.00,1.00
2015.03.04 12:30:12.571,1.83537,1.83547,1.00,1.37
2015.03.04 12:30:12.622,1.83534,1.83547,1.00,1.62
2015.03.04 12:30:12.673,1.83534,1.83547,1.00,1.62
2015.03.04 12:30:12.724,1.83531,1.83547,1.37,1.62
2015.03.04 12:30:13.078,1.8353,1.83547,1.12,1.62
2015.03.04 12:30:13.584,1.8353,1.83547,1.12,1.12
2015.03.04 12:30:13.635,1.83533,1.83547,1.00,1.12
2015.03.04 12:30:14.141,1.83533,1.83549,1.37,1.37
2015.03.04 12:30:14.664,1.83535,1.83549,1.00,1.00
2015.03.04 12:30:15.697,1.83535,1.83549,1.37,1.00
2015.03.04 12:30:16.272,1.83535,1.83549,1.37,1.00
2015.03.04 12:30:17.845,1.83536,1.83549,1.37,1.00
2015.03.04 12:30:17.898,1.83537,1.83552,1.37,1.00
2015.03.04 12:30:18.180,1.83538,1.83552,2.62,1.00
2015.03.04 12:30:18.389,1.83538,1.83554,2.62,1.00
2015.03.04 12:30:20.112,1.83538,1.83554,2.62,1.00
2015.03.04 12:30:20.648,1.83539,1.83554,1.36,1.00
2015.03.04 12:30:21.181,1.83539,1.83554,1.09,1.00
2015.03.04 12:30:23.930,1.83537,1.83554,1.69,1.00
2015.03.04 12:30:25.857,1.83539,1.83554,1.37,1.00
2015.03.04 12:30:26.820,1.83539,1.83554,1.37,1.00
2015.03.04 12:30:28.538,1.83539,1.83554,1.45,1.00
2015.03.04 12:30:28.850,1.83537,1.83551,1.00,1.37
2015.03.04 12:30:28.900,1.83535,1.83551,1.12,1.56
2015.03.04 12:30:29.002,1.83535,1.83551,1.00,1.19
2015.03.04 12:30:29.205,1.83535,1.83551,1.47,1.37
2015.03.04 12:30:29.768,1.83535,1.83551,1.47,1.37
2015.03.04 12:30:34.864,1.83535,1.83551,1.10,1.75
2015.03.04 12:30:34.967,1.83535,1.83548,1.00,3.37
2015.03.04 12:30:35.557,1.83533,1.83548,1.00,1.12
2015.03.04 12:30:35.608,1.83535,1.83548,1.00,1.00
2015.03.04 12:30:37.021,1.83535,1.8355,1.10,1.00
2015.03.04 12:30:38.362,1.83537,1.8355,1.00,1.00
2015.03.04 12:30:42.516,1.83537,1.83549,1.00,1.00
2015.03.04 12:30:42.567,1.83532,1.83549,1.10,1.00
2015.03.04 12:30:43.804,1.83532,1.83549,1.37,1.00
2015.03.04 12:30:45.057,1.83531,1.83549,3.75,1.37
2015.03.04 12:30:45.711,1.83532,1.83549,1.55,1.37
2015.03.04 12:30:49.119,1.83532,1.83549,1.00,1.37
2015.03.04 12:30:50.735,1.83532,1.83549,1.37,1.62
2015.03.04 12:30:51.543,1.8353,1.83542,1.25,1.00
2015.03.04 12:30:51.645,1.83527,1.8354,1.00,1.75
2015.03.04 12:30:51.696,1.83524,1.8354,2.92,1.75
2015.03.04 12:30:51.797,1.83523,1.83536,1.00,1.37
2015.03.04 12:30:51.849,1.83523,1.83536,1.00,1.37
2015.03.04 12:30:51.900,1.83521,1.83536,1.10,1.37
2015.03.04 12:30:52.002,1.83523,1.83536,1.00,1.37
2015.03.04 12:30:52.053,1.83523,1.83536,1.00,1.37
2015.03.04 12:30:52.104,1.83519,1.83536,1.47,1.37
2015.03.04 12:30:52.357,1.83523,1.83536,1.00,1.37
2015.03.04 12:30:52.407,1.83523,1.83536,1.00,1.00
2015.03.04 12:30:52.509,1.83523,1.8354,1.12,1.32
2015.03.04 12:30:52.561,1.83523,1.8354,1.62,1.00
2015.03.04 12:30:52.865,1.83525,1.83542,1.12,1.50
2015.03.04 12:30:53.617,1.83525,1.83542,1.87,1.00
2015.03.04 12:30:54.284,1.83527,1.83544,3.11,1.82
2015.03.04 12:30:54.741,1.83528,1.8354,1.00,1.12
2015.03.04 12:30:54.793,1.83526,1.8354,1.00,1.12
2015.03.04 12:30:55.299,1.83527,1.8354,1.37,1.00
2015.03.04 12:30:55.806,1.83526,1.83541,1.37,1.00
2015.03.04 12:30:56.457,1.83527,1.83544,1.37,1.25
2015.03.04 12:30:56.508,1.83531,1.83544,1.37,1.25
2015.03.04 12:30:57.014,1.83531,1.83544,1.39,1.00
2015.03.04 12:30:57.801,1.83532,1.83544,3.37,1.00
2015.03.04 12:30:57.904,1.83532,1.83549,1.37,1.00
2015.03.04 12:30:58.005,1.83533,1.83545,1.00,1.00
2015.03.04 12:30:58.056,1.83529,1.83545,1.00,1.00
2015.03.04 12:30:58.209,1.83527,1.83541,1.37,1.00
2015.03.04 12:30:59.647,1.83528,1.83541,2.25,1.00
2015.03.04 12:30:59.799,1.83528,1.83545,1.00,1.00
2015.03.04 12:31:00.306,1.83529,1.83545,1.57,1.00
2015.03.04 12:31:00.931,1.83523,1.83537,1.00,1.00
2015.03.04 12:31:01.337,1.83522,1.83535,1.00,1.00
2015.03.04 12:31:01.843,1.83523,1.83535,1.00,1.00
2015.03.04 12:31:04.195,1.83523,1.83537,1.12,1.00
2015.03.04 12:31:05.789,1.83522,1.83537,1.01,1.00
2015.03.04 12:31:06.408,1.83523,1.83537,1.00,1.00
2015.03.04 12:31:06.927,1.83522,1.83537,1.10,1.00
2015.03.04 12:31:07.754,1.83523,1.83537,1.00,1.25
2015.03.04 12:31:10.089,1.83523,1.83537,1.00,1.19
2015.03.04 12:31:10.141,1.83521,1.83537,1.00,1.19
2015.03.04 12:31:10.799,1.83521,1.83534,1.00,1.00
2015.03.04 12:31:16.184,1.83521,1.83536,1.37,1.25
2015.03.04 12:31:16.336,1.83521,1.83536,1.00,1.25
2015.03.04 12:31:18.741,1.83519,1.83536,1.39,1.00
2015.03.04 12:31:18.792,1.83519,1.83536,1.10,1.37
2015.03.04 12:31:19.145,1.83518,1.83535,1.17,1.37
2015.03.04 12:31:19.651,1.8352,1.83537,1.00,1.50
2015.03.04 12:31:21.528,1.8352,1.83537,1.00,1.50
2015.03.04 12:31:21.881,1.8352,1.83537,1.00,1.50
2015.03.04 12:31:22.397,1.83521,1.83539,1.00,1.84
2015.03.04 12:31:22.817,1.83521,1.83539,1.00,2.15
2015.03.04 12:31:23.457,1.8352,1.83537,1.00,1.50
2015.03.04 12:31:23.762,1.8352,1.83537,1.00,1.50
2015.03.04 12:31:25.411,1.8352,1.83537,1.50,1.50
2015.03.04 12:31:25.866,1.8352,1.83537,1.00,1.75
2015.03.04 12:31:26.830,1.83517,1.83539,2.25,1.69
2015.03.04 12:31:26.881,1.83522,1.83539,1.00,1.69
2015.03.04 12:31:27.185,1.83521,1.8354,1.50,2.04
2015.03.04 12:31:28.664,1.83513,1.83528,2.17,1.12
2015.03.04 12:31:28.720,1.83512,1.83528,1.00,1.12
2015.03.04 12:31:30.154,1.83512,1.83528,2.92,1.12
2015.03.04 12:31:30.889,1.83514,1.83531,1.00,1.94
2015.03.04 12:31:31.395,1.83513,1.83528,1.00,1.37
2015.03.04 12:31:32.613,1.83512,1.83528,1.00,1.62
2015.03.04 12:31:33.128,1.83509,1.83525,3.19,1.00
2015.03.04 12:31:33.179,1.83509,1.83525,1.25,1.00
2015.03.04 12:31:33.281,1.83512,1.83525,1.00,1.00
2015.03.04 12:31:33.382,1.83509,1.83525,1.00,1.00
2015.03.04 12:31:34.100,1.83509,1.83524,1.00,1.37
2015.03.04 12:31:34.405,1.83506,1.83521,1.00,1.75
2015.03.04 12:31:34.911,1.83503,1.83519,1.75,1.50
2015.03.04 12:31:35.174,1.83503,1.83518,1.50,1.37
2015.03.04 12:31:37.524,1.83503,1.83517,1.50,1.37
2015.03.04 12:31:38.333,1.83505,1.83517,1.00,1.37
2015.03.04 12:31:40.750,1.83503,1.83517,2.21,1.37
2015.03.04 12:31:41.053,1.83507,1.83518,1.50,1.37
2015.03.04 12:31:41.356,1.83515,1.83524,1.25,1.50
2015.03.04 12:31:41.407,1.83516,1.83524,1.17,1.00
2015.03.04 12:31:41.508,1.83523,1.83534,1.00,1.00
2015.03.04 12:31:41.559,1.83523,1.83538,1.00,1.00
2015.03.04 12:31:41.661,1.83523,1.83538,1.19,1.00
2015.03.04 12:31:43.305,1.83524,1.83538,1.19,1.00
2015.03.04 12:31:43.744,1.83524,1.83538,3.19,1.37
2015.03.04 12:31:44.047,1.83513,1.83527,1.00,1.37
2015.03.04 12:31:44.098,1.83513,1.83528,1.00,1.25
2015.03.04 12:31:44.149,1.83516,1.83528,1.00,1.00
2015.03.04 12:31:44.655,1.83517,1.83533,1.20,1.12
2015.03.04 12:31:44.807,1.83519,1.83533,1.00,1.12
2015.03.04 12:31:46.056,1.83519,1.83533,1.00,2.06
2015.03.04 12:31:46.208,1.83514,1.83524,1.00,1.50
2015.03.04 12:31:46.259,1.83509,1.83524,1.00,1.37
2015.03.04 12:31:46.310,1.83506,1.83522,1.00,1.37
2015.03.04 12:31:46.513,1.835,1.83516,1.10,1.56
2015.03.04 12:31:46.564,1.835,1.83516,1.10,1.56
2015.03.04 12:31:46.615,1.835,1.83516,1.00,1.66
2015.03.04 12:31:46.718,1.83497,1.83509,1.00,1.37
2015.03.04 12:31:46.768,1.83495,1.83509,1.00,1.56
2015.03.04 12:31:46.870,1.8349,1.83507,1.50,1.37
2015.03.04 12:31:47.073,1.8349,1.83505,1.00,1.37
2015.03.04 12:31:47.629,1.8349,1.83505,1.00,1.00
2015.03.04 12:31:48.185,1.8349,1.83502,1.00,1.00
2015.03.04 12:31:48.640,1.83487,1.83502,1.50,1.12
2015.03.04 12:31:48.741,1.83485,1.83499,1.32,1.00
2015.03.04 12:31:48.994,1.83483,1.83498,1.25,1.00
2015.03.04 12:31:49.096,1.83485,1.83498,1.00,1.00
2015.03.04 12:31:49.197,1.83485,1.835,1.00,1.00
2015.03.04 12:31:51.992,1.83488,1.835,1.00,1.00
2015.03.04 12:31:52.706,1.83485,1.835,1.00,1.00
2015.03.04 12:31:52.812,1.83483,1.835,1.69,1.00
2015.03.04 12:31:53.878,1.83484,1.83503,1.00,1.31
2015.03.04 12:31:54.706,1.83484,1.83503,1.00,1.31
2015.03.04 12:31:55.717,1.83484,1.83503,1.00,1.31
2015.03.04 12:31:59.683,1.83484,1.83503,1.00,1.69
2015.03.04 12:31:59.885,1.83487,1.83503,1.00,1.12
2015.03.04 12:32:00.189,1.83489,1.83505,1.00,1.00
2015.03.04 12:32:03.890,1.8349,1.83509,1.00,1.31
2015.03.04 12:32:04.415,1.8349,1.83509,1.00,1.31
2015.03.04 12:32:05.132,1.8349,1.83509,1.00,3.86
2015.03.04 12:32:05.234,1.8349,1.83505,1.00,2.55
2015.03.04 12:32:05.336,1.83488,1.83505,2.25,3.94
2015.03.04 12:32:05.541,1.83485,1.83504,1.00,2.21
2015.03.04 12:32:05.997,1.83483,1.835,1.00,1.00
2015.03.04 12:32:10.244,1.83483,1.835,1.19,1.00
2015.03.04 12:32:11.836,1.83483,1.835,1.00,1.00
2015.03.04 12:32:12.458,1.83483,1.83499,1.00,2.17
2015.03.04 12:32:12.509,1.83481,1.83498,1.00,1.07
2015.03.04 12:32:12.914,1.83478,1.83497,2.25,1.10
2015.03.04 12:32:13.016,1.83478,1.83497,1.50,1.39
2015.03.04 12:32:13.320,1.83473,1.8349,1.50,3.94
2015.03.04 12:32:13.625,1.83464,1.83479,1.00,1.19
2015.03.04 12:32:13.727,1.8346,1.83479,1.10,1.29
2015.03.04 12:32:14.233,1.83459,1.83479,1.00,1.36
2015.03.04 12:32:14.768,1.83459,1.83479,1.95,1.25
2015.03.04 12:32:15.274,1.8346,1.83479,1.00,1.25
2015.03.04 12:32:15.375,1.83462,1.83479,1.00,1.25
2015.03.04 12:32:15.730,1.83464,1.83483,1.00,1.31
2015.03.04 12:32:15.985,1.83465,1.83483,1.17,1.19
2015.03.04 12:32:16.441,1.83467,1.83485,1.07,1.19
2015.03.04 12:32:16.747,1.83471,1.83485,1.00,1.19
2015.03.04 12:32:17.457,1.83473,1.83485,1.00,1.00
2015.03.04 12:32:17.610,1.83465,1.83485,1.34,1.37
2015.03.04 12:32:17.661,1.83465,1.83478,3.00,1.50
2015.03.04 12:32:17.763,1.83453,1.83472,2.62,1.00
2015.03.04 12:32:17.865,1.83452,1.8347,1.00,1.19
2015.03.04 12:32:17.915,1.8345,1.83469,1.00,2.36
2015.03.04 12:32:17.966,1.8345,1.83469,1.00,5.29
2015.03.04 12:32:18.017,1.83448,1.83469,1.57,3.11
2015.03.04 12:32:18.068,1.83448,1.8347,1.65,1.50
2015.03.04 12:32:18.119,1.83451,1.8347,1.00,1.00
2015.03.04 12:32:18.422,1.83453,1.8347,1.50,1.19
2015.03.04 12:32:18.940,1.83453,1.83471,1.25,1.25
2015.03.04 12:32:19.462,1.83453,1.83475,1.69,3.56
2015.03.04 12:32:20.131,1.83453,1.83475,3.86,3.49
2015.03.04 12:32:20.603,1.83453,1.83473,1.25,1.31
2015.03.04 12:32:21.467,1.8345,1.83471,1.25,1.66
2015.03.04 12:32:24.490,1.8345,1.83471,1.25,1.66
2015.03.04 12:32:26.283,1.83451,1.83472,1.00,1.84
2015.03.04 12:32:27.452,1.83451,1.83472,1.25,1.84
2015.03.04 12:32:28.476,1.83448,1.83473,1.29,3.26
2015.03.04 12:32:29.510,1.83448,1.83473,1.29,2.81
2015.03.04 12:32:29.964,1.83448,1.83472,1.10,1.74
2015.03.04 12:32:30.269,1.83439,1.8346,3.00,1.01
2015.03.04 12:32:30.573,1.8344,1.83462,2.25,2.14
2015.03.04 12:32:31.079,1.83441,1.83463,2.81,1.95
2015.03.04 12:32:31.281,1.83441,1.83465,4.31,1.00
2015.03.04 12:32:31.788,1.83445,1.83468,4.91,1.69
2015.03.04 12:32:31.991,1.83449,1.83469,2.44,1.31
2015.03.04 12:32:32.092,1.83446,1.8347,1.71,1.16
2015.03.04 12:32:32.295,1.83445,1.83468,6.04,1.39
2015.03.04 12:32:33.005,1.83445,1.83469,4.54,2.51
2015.03.04 12:32:33.994,1.83445,1.83469,4.35,1.76
2015.03.04 12:32:36.308,1.83445,1.83469,4.54,1.76
2015.03.04 12:32:36.839,1.83445,1.83467,4.54,1.62
2015.03.04 12:32:37.892,1.83445,1.83467,2.17,3.49
2015.03.04 12:32:38.400,1.83445,1.83465,2.25,1.56
2015.03.04 12:32:38.754,1.83445,1.83467,1.00,3.56
2015.03.04 12:32:39.265,1.83446,1.83467,1.00,3.56
2015.03.04 12:32:39.468,1.83449,1.83467,1.00,2.81
2015.03.04 12:32:39.771,1.83448,1.83465,1.50,2.81
2015.03.04 12:32:40.278,1.83448,1.83468,1.00,4.91
2015.03.04 12:32:41.172,1.83448,1.8347,1.50,2.81
2015.03.04 12:32:41.722,1.83448,1.83464,1.50,2.17
2015.03.04 12:32:41.924,1.83444,1.83467,3.11,2.51
2015.03.04 12:32:42.229,1.83445,1.83468,1.46,1.56
2015.03.04 12:32:42.655,1.83448,1.8347,2.92,2.29
2015.03.04 12:32:43.620,1.83448,1.83469,1.10,2.74
2015.03.04 12:32:44.024,1.83446,1.83467,1.10,1.01
2015.03.04 12:32:44.125,1.83447,1.83468,1.20,1.76
2015.03.04 12:32:44.228,1.83448,1.83469,1.76,1.25
2015.03.04 12:32:44.278,1.83454,1.8347,1.00,1.39
2015.03.04 12:32:45.480,1.83454,1.83473,1.25,1.00
2015.03.04 12:32:45.531,1.83454,1.83472,1.00,1.15
2015.03.04 12:32:45.835,1.83453,1.83472,1.00,1.71
2015.03.04 12:32:46.139,1.83455,1.83473,1.00,5.36
2015.03.04 12:32:46.545,1.83457,1.83468,1.00,1.00
2015.03.04 12:32:46.799,1.83448,1.83465,1.20,1.19
2015.03.04 12:32:46.900,1.83453,1.83466,1.00,1.00
2015.03.04 12:32:47.406,1.83453,1.83467,1.00,1.25
2015.03.04 12:32:48.124,1.83451,1.83467,1.00,1.25
2015.03.04 12:32:48.529,1.83451,1.83467,1.00,1.31
2015.03.04 12:32:48.832,1.83447,1.83455,1.15,1.00
2015.03.04 12:32:48.986,1.83448,1.83454,1.00,1.00
2015.03.04 12:32:49.087,1.83448,1.83464,1.00,1.69
2015.03.04 12:32:49.188,1.83444,1.8346,1.00,1.19
2015.03.04 12:32:49.239,1.83447,1.8346,1.00,1.00
2015.03.04 12:32:50.530,1.83447,1.8346,2.25,1.37
2015.03.04 12:32:51.088,1.83448,1.83463,1.07,2.62
2015.03.04 12:32:54.629,1.83449,1.83464,1.00,1.56
2015.03.04 12:32:54.933,1.83451,1.83465,1.00,1.00
2015.03.04 12:32:55.236,1.83454,1.83465,1.00,1.00
2015.03.04 12:32:55.439,1.83454,1.83473,1.00,1.31
2015.03.04 12:32:55.490,1.83457,1.83474,1.00,1.01
2015.03.04 12:32:56.352,1.83457,1.83475,1.00,1.76
2015.03.04 12:32:56.657,1.83457,1.83466,1.00,1.00
2015.03.04 12:32:56.860,1.83457,1.83475,1.00,1.09
2015.03.04 12:32:57.957,1.83457,1.83475,1.00,1.09
2015.03.04 12:32:58.970,1.83453,1.8347,1.00,1.00
2015.03.04 12:32:59.122,1.83453,1.83464,1.50,1.00
2015.03.04 12:32:59.668,1.83452,1.83464,1.09,1.00
2015.03.04 12:32:59.973,1.83452,1.83466,1.20,1.00
2015.03.04 12:33:00.074,1.83458,1.83474,1.00,1.69
2015.03.04 12:33:00.378,1.8346,1.83475,1.00,1.39
2015.03.04 12:33:00.429,1.83455,1.83472,1.50,1.25
2015.03.04 12:33:00.530,1.83461,1.83477,1.00,5.29
2015.03.04 12:33:00.682,1.83465,1.83479,1.00,1.27
2015.03.04 12:33:01.087,1.83459,1.83473,1.46,1.00
2015.03.04 12:33:01.391,1.83464,1.83481,1.00,1.56
2015.03.04 12:33:02.659,1.83452,1.83467,1.00,1.19
2015.03.04 12:33:03.846,1.83452,1.83467,1.00,1.19
2015.03.04 12:33:04.150,1.83454,1.83473,1.00,3.94
2015.03.04 12:33:04.353,1.83455,1.83473,1.25,1.00
2015.03.04 12:33:04.404,1.83459,1.83476,1.00,1.19
2015.03.04 12:33:04.658,1.83461,1.83478,1.00,1.09
2015.03.04 12:33:04.810,1.83464,1.8348,1.00,1.31
2015.03.04 12:33:04.861,1.83464,1.8348,1.00,1.12
2015.03.04 12:33:06.149,1.83464,1.83481,1.00,1.00
2015.03.04 12:33:06.868,1.83464,1.83481,1.07,1.25
2015.03.04 12:33:08.706,1.83465,1.83481,2.25,1.00
2015.03.04 12:33:08.908,1.83465,1.83484,3.00,1.00
2015.03.04 12:33:09.672,1.83465,1.83484,1.07,1.00
2015.03.04 12:33:09.875,1.83465,1.83484,1.00,1.19
2015.03.04 12:33:10.179,1.83463,1.8348,1.27,1.00
2015.03.04 12:33:10.483,1.83467,1.83484,1.00,1.19
2015.03.04 12:33:10.686,1.83469,1.83486,1.00,1.31
2015.03.04 12:33:14.641,1.83472,1.83488,1.00,3.56
2015.03.04 12:33:15.915,1.83472,1.83487,1.00,1.26
2015.03.04 12:33:16.468,1.83469,1.83486,1.00,1.76
2015.03.04 12:33:17.289,1.83469,1.83486,1.00,1.76
2015.03.04 12:33:17.880,1.83469,1.83486,1.00,1.76
2015.03.04 12:33:18.406,1.83469,1.83486,1.00,1.20
2015.03.04 12:33:18.922,1.83472,1.83488,1.00,3.19
2015.03.04 12:33:19.428,1.83465,1.83481,1.20,1.00
2015.03.04 12:33:20.204,1.83463,1.83479,2.81,1.00
2015.03.04 12:33:21.991,1.83463,1.83476,2.81,1.00
2015.03.04 12:33:22.220,1.83463,1.83481,2.81,1.00
2015.03.04 12:33:25.255,1.83462,1.83481,1.47,1.00
2015.03.04 12:33:25.407,1.83462,1.83481,1.47,1.00
2015.03.04 12:33:25.711,1.83462,1.83476,3.00,1.00
2015.03.04 12:33:25.762,1.83459,1.83476,5.29,1.00
2015.03.04 12:33:25.813,1.83459,1.83474,4.35,1.00
2015.03.04 12:33:25.864,1.83458,1.83474,1.20,1.00
2015.03.04 12:33:25.965,1.83456,1.83474,1.25,1.00
2015.03.04 12:33:26.269,1.83456,1.83468,1.25,1.00
2015.03.04 12:33:26.724,1.83454,1.83471,2.21,1.00
2015.03.04 12:33:29.008,1.83455,1.83471,1.12,1.00
2015.03.04 12:33:31.187,1.83455,1.83471,1.62,1.00
2015.03.04 12:33:32.054,1.83456,1.83474,1.12,1.00
2015.03.04 12:33:32.264,1.83457,1.83474,2.25,1.00
2015.03.04 12:33:32.779,1.83456,1.8347,1.31,1.00
2015.03.04 12:33:33.638,1.83456,1.8347,1.31,1.00
2015.03.04 12:33:34.650,1.83455,1.8347,1.46,1.00
2015.03.04 12:33:37.408,1.83455,1.8347,1.37,1.00
2015.03.04 12:33:37.711,1.83455,1.8347,1.00,1.00
2015.03.04 12:33:39.087,1.83453,1.8347,2.06,1.00
2015.03.04 12:33:39.138,1.83453,1.83463,1.00,1.00
2015.03.04 12:33:39.340,1.83443,1.83456,1.87,1.00
2015.03.04 12:33:39.796,1.83443,1.83459,1.87,1.19
2015.03.04 12:33:41.061,1.83445,1.83459,1.09,1.00
2015.03.04 12:33:41.112,1.83449,1.83463,1.56,1.00
2015.03.04 12:33:41.467,1.83451,1.83467,1.00,1.19
2015.03.04 12:33:42.236,1.83451,1.83467,1.00,1.25
2015.03.04 12:33:43.070,1.83457,1.83467,1.00,1.25
2015.03.04 12:33:43.222,1.83458,1.83469,1.00,1.00
2015.03.04 12:33:43.883,1.83457,1.83469,1.00,1.00
2015.03.04 12:33:45.365,1.83456,1.83469,1.00,1.00
2015.03.04 12:33:46.227,1.83452,1.83469,1.69,1.00
2015.03.04 12:33:46.732,1.83451,1.83468,1.29,1.00
2015.03.04 12:33:47.146,1.83451,1.83468,1.01,1.19
2015.03.04 12:33:47.748,1.83451,1.83468,1.29,1.00
2015.03.04 12:33:47.799,1.83459,1.83468,2.25,1.00
2015.03.04 12:33:47.850,1.83459,1.83472,2.25,1.10
2015.03.04 12:33:48.154,1.83455,1.83469,2.81,1.00
2015.03.04 12:33:48.983,1.83454,1.83469,2.81,1.00
2015.03.04 12:33:49.489,1.83452,1.83469,3.56,1.00
2015.03.04 12:33:50.419,1.83452,1.83468,2.81,1.00
2015.03.04 12:33:50.874,1.83451,1.83468,1.25,1.00
2015.03.04 12:33:51.230,1.83448,1.83463,2.81,1.00
2015.03.04 12:33:52.108,1.83453,1.8347,1.00,1.25
2015.03.04 12:33:52.209,1.8346,1.83476,1.00,1.54
2015.03.04 12:33:52.664,1.83457,1.83474,1.00,1.00
2015.03.04 12:33:52.766,1.83453,1.83469,3.19,1.00
2015.03.04 12:33:52.867,1.83454,1.83471,1.00,1.12
2015.03.04 12:33:53.019,1.83456,1.83473,1.00,1.37
2015.03.04 12:33:53.524,1.83456,1.83473,3.00,1.00
2015.03.04 12:33:53.626,1.83456,1.83475,3.00,1.25
2015.03.04 12:33:53.878,1.83461,1.83477,1.00,1.00
2015.03.04 12:33:54.181,1.83464,1.83481,1.00,1.00
2015.03.04 12:33:55.625,1.83459,1.83476,4.31,1.00
2015.03.04 12:33:56.030,1.83459,1.83474,3.56,1.00
2015.03.04 12:33:56.536,1.83459,1.83474,3.56,1.00
2015.03.04 12:33:56.839,1.83459,1.83477,3.56,1.00
2015.03.04 12:33:57.349,1.83459,1.83477,3.56,1.00
2015.03.04 12:33:57.866,1.83459,1.83477,3.56,1.00
2015.03.04 12:33:58.413,1.8346,1.83475,1.00,2.81
2015.03.04 12:33:58.464,1.83458,1.83473,1.00,1.29
2015.03.04 12:33:58.565,1.83454,1.83468,1.00,1.00
2015.03.04 12:33:59.658,1.8346,1.83475,1.00,2.81
2015.03.04 12:33:59.910,1.83456,1.83473,1.00,1.29
2015.03.04 12:34:00.214,1.83454,1.8347,1.27,1.00
2015.03.04 12:34:01.073,1.83454,1.8347,1.55,1.00
2015.03.04 12:34:02.235,1.83454,1.8347,1.74,1.00
2015.03.04 12:34:02.437,1.83453,1.8347,1.19,1.25
2015.03.04 12:34:02.538,1.8345,1.83467,2.21,1.00
2015.03.04 12:34:02.640,1.83452,1.83471,2.06,1.19
2015.03.04 12:34:02.741,1.83457,1.83471,1.19,1.00
2015.03.04 12:34:02.995,1.83467,1.83481,1.25,1.20
2015.03.04 12:34:03.096,1.8347,1.83487,1.00,1.46
2015.03.04 12:34:03.754,1.8347,1.83487,1.00,1.25
2015.03.04 12:34:03.956,1.83473,1.8349,1.00,1.39
2015.03.04 12:34:04.007,1.83473,1.8349,1.00,1.20
2015.03.04 12:34:05.186,1.83475,1.83493,1.00,1.46
2015.03.04 12:34:06.504,1.83478,1.83493,1.00,1.46
2015.03.04 12:34:06.807,1.83482,1.83493,1.00,1.31
2015.03.04 12:34:08.052,1.83482,1.83496,1.00,1.76
2015.03.04 12:34:08.820,1.83482,1.83496,1.00,1.84
2015.03.04 12:34:10.217,1.83482,1.83496,1.00,1.86
2015.03.04 12:34:10.824,1.83482,1.83497,1.00,2.59
2015.03.04 12:34:11.822,1.83482,1.83497,1.00,1.84
2015.03.04 12:34:12.837,1.83482,1.83497,1.00,2.21
2015.03.04 12:34:13.848,1.83482,1.83497,1.00,5.74
2015.03.04 12:34:14.152,1.83482,1.83494,1.00,3.49
2015.03.04 12:34:14.203,1.83476,1.8349,1.00,3.49
2015.03.04 12:34:14.658,1.83474,1.83487,1.00,1.12
2015.03.04 12:34:15.172,1.83474,1.83487,1.00,1.37
2015.03.04 12:34:15.273,1.83474,1.83487,1.00,1.56
2015.03.04 12:34:16.192,1.83465,1.83482,1.19,1.00
2015.03.04 12:34:16.243,1.83465,1.83482,1.00,1.00
2015.03.04 12:34:16.294,1.83464,1.83479,1.25,1.00
2015.03.04 12:34:16.824,1.83463,1.83479,1.25,1.00
2015.03.04 12:34:19.409,1.83463,1.83479,1.69,1.00
2015.03.04 12:34:20.663,1.83463,1.83479,1.94,1.00
2015.03.04 12:34:21.119,1.83464,1.83481,2.44,1.00
2015.03.04 12:34:22.232,1.83473,1.83487,1.00,3.19
2015.03.04 12:34:22.282,1.83473,1.83487,1.00,3.19
2015.03.04 12:34:23.250,1.83473,1.83487,1.00,3.19
2015.03.04 12:34:24.416,1.83473,1.8349,1.50,1.00
2015.03.04 12:34:24.619,1.83477,1.8349,1.00,1.00
2015.03.04 12:34:24.771,1.83477,1.83493,1.00,1.39
2015.03.04 12:34:25.378,1.83478,1.83493,1.00,1.19
2015.03.04 12:34:26.269,1.83478,1.83493,1.00,1.25
2015.03.04 12:34:27.924,1.8348,1.83493,1.00,1.00
2015.03.04 12:34:28.797,1.83484,1.83493,1.00,1.00
2015.03.04 12:34:28.899,1.83484,1.83497,1.00,1.00
2015.03.04 12:34:28.950,1.83484,1.835,1.12,1.00
2015.03.04 12:34:29.001,1.83484,1.835,1.31,1.00
2015.03.04 12:34:29.153,1.83489,1.83505,1.00,2.36
2015.03.04 12:34:29.204,1.83489,1.83506,1.00,1.19
2015.03.04 12:34:29.356,1.83491,1.83506,1.00,1.19
2015.03.04 12:34:29.885,1.83492,1.83506,1.00,1.19
2015.03.04 12:34:30.395,1.83492,1.83506,1.00,1.00
2015.03.04 12:34:31.994,1.83494,1.83506,1.00,1.00
2015.03.04 12:34:32.095,1.83491,1.83506,1.50,1.00
2015.03.04 12:34:32.146,1.83491,1.83508,2.25,1.25
2015.03.04 12:34:34.192,1.83491,1.83508,1.00,3.94
2015.03.04 12:34:34.243,1.83487,1.83506,1.00,1.47
2015.03.04 12:34:34.294,1.83487,1.83502,1.00,1.00
2015.03.04 12:34:34.345,1.83483,1.83501,1.50,1.12
2015.03.04 12:34:34.396,1.83483,1.83501,1.00,1.39
2015.03.04 12:34:34.497,1.83478,1.83497,2.06,1.29
2015.03.04 12:34:35.004,1.83477,1.83495,1.19,1.00
2015.03.04 12:34:36.811,1.83474,1.83491,1.25,1.31
2015.03.04 12:34:36.964,1.83471,1.83489,2.89,1.00
2015.03.04 12:34:39.074,1.83473,1.83489,1.00,1.00
2015.03.04 12:34:40.113,1.83473,1.83489,1.19,1.00
2015.03.04 12:34:42.128,1.83473,1.83489,1.25,1.00
2015.03.04 12:34:45.432,1.83478,1.83492,1.00,3.56
2015.03.04 12:34:47.335,1.83473,1.83489,1.00,1.00
2015.03.04 12:34:47.395,1.83473,1.83486,1.00,1.00
2015.03.04 12:34:48.859,1.83477,1.83492,1.00,2.81
2015.03.04 12:34:50.942,1.83473,1.83488,1.00,1.00
2015.03.04 12:34:51.452,1.8347,1.83488,1.19,1.00
2015.03.04 12:34:51.812,1.83474,1.83491,1.00,1.39
2015.03.04 12:34:52.116,1.83477,1.83492,1.00,2.81
2015.03.04 12:34:53.136,1.83477,1.83492,1.00,3.56
2015.03.04 12:34:53.746,1.83477,1.83488,1.00,1.00
2015.03.04 12:34:53.797,1.83477,1.83492,1.00,3.56
2015.03.04 12:34:53.898,1.83479,1.83492,1.00,2.81
2015.03.04 12:34:54.201,1.83479,1.83492,1.00,3.94
2015.03.04 12:34:54.454,1.83475,1.83492,1.00,4.69
2015.03.04 12:34:54.555,1.83473,1.83487,1.00,1.00
2015.03.04 12:34:54.759,1.83471,1.83487,1.25,1.00
2015.03.04 12:34:54.913,1.83477,1.83491,1.00,1.01
2015.03.04 12:34:55.235,1.83475,1.8349,1.00,2.81
2015.03.04 12:34:55.437,1.8347,1.83487,1.69,1.00
2015.03.04 12:34:55.538,1.83477,1.8349,1.00,2.81
2015.03.04 12:34:55.889,1.83472,1.8349,1.00,2.81
2015.03.04 12:34:56.099,1.8347,1.83488,1.00,1.29
2015.03.04 12:34:56.761,1.8347,1.83488,1.00,1.01
2015.03.04 12:34:57.733,1.8347,1.83488,1.19,1.01
2015.03.04 12:35:00.386,1.83477,1.83492,1.00,1.36
2015.03.04 12:35:00.825,1.8347,1.83488,1.66,1.25
2015.03.04 12:35:00.927,1.8347,1.83488,1.66,1.00
2015.03.04 12:35:02.526,1.8347,1.83487,1.66,1.00
2015.03.04 12:35:02.864,1.83477,1.83491,1.00,1.29
2015.03.04 12:35:03.268,1.83475,1.83491,1.00,1.29
2015.03.04 12:35:03.370,1.83469,1.83488,1.84,1.00
2015.03.04 12:35:03.908,1.83469,1.83488,1.46,1.00
2015.03.04 12:35:04.575,1.83469,1.83488,1.46,1.25
2015.03.04 12:35:05.038,1.83474,1.83491,1.00,2.14
2015.03.04 12:35:05.347,1.83477,1.83491,1.00,1.29
2015.03.04 12:35:06.319,1.8347,1.83487,1.10,1.00
2015.03.04 12:35:06.471,1.83473,1.83491,1.00,1.29
2015.03.04 12:35:06.774,1.83477,1.83491,1.00,1.29
2015.03.04 12:35:07.234,1.83469,1.83488,1.84,1.25
2015.03.04 12:35:08.573,1.83471,1.83488,1.19,1.00
2015.03.04 12:35:09.546,1.83471,1.83488,1.19,1.00
2015.03.04 12:35:11.207,1.83469,1.83488,2.59,1.00
2015.03.04 12:35:11.865,1.83472,1.83491,1.00,2.14
2015.03.04 12:35:11.967,1.83475,1.83491,1.00,1.39
2015.03.04 12:35:12.271,1.83472,1.8349,1.62,2.17
2015.03.04 12:35:12.323,1.83472,1.83491,1.62,1.10
2015.03.04 12:35:12.374,1.83471,1.83488,1.56,1.00
2015.03.04 12:35:12.695,1.83477,1.83493,1.00,3.56
2015.03.04 12:35:14.029,1.8347,1.83485,1.66,1.00
2015.03.04 12:35:17.987,1.83475,1.83492,1.00,1.69
2015.03.04 12:35:18.665,1.83473,1.83488,1.10,1.00
2015.03.04 12:35:19.097,1.83476,1.83492,1.00,1.25
2015.03.04 12:35:19.200,1.83478,1.83492,1.00,1.25
2015.03.04 12:35:20.285,1.83478,1.83495,1.00,2.21
2015.03.04 12:35:21.312,1.83478,1.83495,1.12,1.00
2015.03.04 12:35:21.414,1.83478,1.83495,4.05,1.00
2015.03.04 12:35:21.736,1.83485,1.83502,1.00,2.96
2015.03.04 12:35:22.299,1.83485,1.83502,1.00,1.84
2015.03.04 12:35:25.669,1.83485,1.83497,1.00,1.00
2015.03.04 12:35:26.034,1.83481,1.83497,1.00,1.50
2015.03.04 12:35:26.136,1.83481,1.83495,1.00,1.10
2015.03.04 12:35:27.023,1.83481,1.83498,1.00,1.07
2015.03.04 12:35:27.529,1.83481,1.83498,1.00,3.00
2015.03.04 12:35:28.042,1.83481,1.83498,1.00,1.36
2015.03.04 12:35:31.597,1.83481,1.83498,1.00,1.01
2015.03.04 12:35:33.615,1.83481,1.83498,1.00,1.29
2015.03.04 12:35:34.594,1.83481,1.83498,1.00,1.01
2015.03.04 12:35:35.795,1.83481,1.83497,1.00,1.00
2015.03.04 12:35:37.026,1.83481,1.83498,1.00,1.57
2015.03.04 12:35:37.228,1.83481,1.83498,1.00,3.37
2015.03.04 12:35:37.743,1.83481,1.83497,1.00,3.19
2015.03.04 12:35:39.986,1.83481,1.83497,1.00,1.26
2015.03.04 12:35:40.347,1.83484,1.83497,1.00,1.00
2015.03.04 12:35:40.397,1.83484,1.83499,1.00,1.25
2015.03.04 12:35:40.550,1.83488,1.83501,1.00,2.06
2015.03.04 12:35:41.067,1.83487,1.83501,1.00,1.87
2015.03.04 12:35:41.522,1.83484,1.83501,1.00,1.87
2015.03.04 12:35:43.959,1.8348,1.83487,1.00,1.56
2015.03.04 12:35:44.010,1.83473,1.83487,1.00,1.19
2015.03.04 12:35:44.061,1.83481,1.83491,1.00,1.69
2015.03.04 12:35:44.214,1.83482,1.83492,1.00,2.70
2015.03.04 12:35:44.569,1.83478,1.83492,1.00,1.87
2015.03.04 12:35:44.670,1.83474,1.83492,1.00,2.62
2015.03.04 12:35:45.024,1.83477,1.83492,1.00,1.87
2015.03.04 12:35:45.328,1.83481,1.83497,1.00,2.04
2015.03.04 12:35:45.379,1.83481,1.83497,1.00,1.29
2015.03.04 12:35:45.885,1.83481,1.83497,1.00,1.00
2015.03.04 12:35:46.545,1.83484,1.83499,1.00,1.25
2015.03.04 12:35:47.088,1.83484,1.835,1.00,1.31
2015.03.04 12:35:47.392,1.83484,1.83498,1.00,1.00
2015.03.04 12:35:47.908,1.83484,1.83493,1.00,1.00
2015.03.04 12:35:48.420,1.83484,1.83492,1.00,1.00
2015.03.04 12:35:51.317,1.83484,1.83493,1.00,1.00
2015.03.04 12:35:51.823,1.83484,1.83492,1.00,1.00
2015.03.04 12:35:51.874,1.83484,1.835,1.00,2.14
2015.03.04 12:35:53.245,1.83481,1.835,1.00,3.94
2015.03.04 12:35:53.751,1.83481,1.83497,1.00,2.81
2015.03.04 12:35:53.802,1.83479,1.83497,1.00,2.81
2015.03.04 12:35:53.903,1.83479,1.83495,1.00,2.74
2015.03.04 12:35:54.359,1.83479,1.83493,1.00,2.81
2015.03.04 12:35:54.713,1.83473,1.83488,1.00,1.00
2015.03.04 12:35:55.225,1.83478,1.83491,1.00,2.44
2015.03.04 12:35:55.378,1.83475,1.83491,1.00,2.25
2015.03.04 12:35:55.479,1.83473,1.83489,1.00,1.10
2015.03.04 12:35:55.580,1.83477,1.83491,1.00,2.25
2015.03.04 12:35:56.037,1.83473,1.83489,1.50,1.10
2015.03.04 12:35:56.239,1.83473,1.83487,1.00,1.00
2015.03.04 12:35:58.378,1.83473,1.8349,1.00,1.00
2015.03.04 12:35:58.430,1.83478,1.83487,1.00,2.55
2015.03.04 12:35:58.480,1.83473,1.83486,1.00,1.01
2015.03.04 12:35:58.633,1.83468,1.83481,1.00,1.00
2015.03.04 12:35:58.684,1.83465,1.83481,1.31,1.00
2015.03.04 12:35:58.786,1.8347,1.83482,1.00,1.00
2015.03.04 12:35:59.089,1.83468,1.83483,1.00,1.20
2015.03.04 12:35:59.494,1.83468,1.83484,1.19,1.00
2015.03.04 12:35:59.596,1.83468,1.83484,1.00,1.37
2015.03.04 12:36:00.102,1.83468,1.83484,1.00,1.01
2015.03.04 12:36:00.857,1.83468,1.83483,1.00,1.56
2015.03.04 12:36:01.320,1.83468,1.83478,1.00,1.00
2015.03.04 12:36:02.212,1.83468,1.83482,1.00,1.62
2015.03.04 12:36:03.070,1.83468,1.83482,1.00,4.31
2015.03.04 12:36:03.272,1.83465,1.83481,1.00,2.44
2015.03.04 12:36:04.081,1.83465,1.83483,1.00,2.96
2015.03.04 12:36:04.687,1.83465,1.83483,1.00,2.07
2015.03.04 12:36:04.789,1.83468,1.83484,1.00,1.31
2015.03.04 12:36:06.054,1.83468,1.83485,1.25,1.50
2015.03.04 12:36:06.472,1.83468,1.83483,1.00,1.19
2015.03.04 12:36:06.776,1.83468,1.83482,1.00,1.56
2015.03.04 12:36:07.456,1.83465,1.83474,1.00,1.12
2015.03.04 12:36:07.507,1.83451,1.83469,1.00,1.25
2015.03.04 12:36:07.558,1.83454,1.83471,1.00,1.69
2015.03.04 12:36:07.862,1.8346,1.83477,1.00,3.34
2015.03.04 12:36:08.418,1.83454,1.83468,1.00,1.00
2015.03.04 12:36:08.526,1.83454,1.83473,1.50,1.19
2015.03.04 12:36:08.636,1.83458,1.83475,1.00,1.19
2015.03.04 12:36:09.111,1.83461,1.83477,1.00,1.84
2015.03.04 12:36:09.989,1.83461,1.83477,1.00,1.69
2015.03.04 12:36:10.141,1.83461,1.8348,1.00,1.72
2015.03.04 12:36:10.192,1.83466,1.83481,1.00,1.95
2015.03.04 12:36:10.698,1.83466,1.83482,1.00,2.06
2015.03.04 12:36:12.849,1.83467,1.83483,1.00,1.10
2015.03.04 12:36:12.902,1.83471,1.83487,1.00,1.31
2015.03.04 12:36:13.662,1.83471,1.8349,1.07,1.19
2015.03.04 12:36:14.177,1.83474,1.83493,1.00,2.51
2015.03.04 12:36:14.755,1.83474,1.83492,1.00,1.00
2015.03.04 12:36:15.263,1.83474,1.83493,1.00,1.57
2015.03.04 12:36:21.124,1.83474,1.83493,1.00,1.39
2015.03.04 12:36:22.174,1.83478,1.83493,1.00,1.39
2015.03.04 12:36:22.481,1.83478,1.83491,1.00,1.76
2015.03.04 12:36:22.835,1.83476,1.83491,1.00,2.21
2015.03.04 12:36:22.937,1.8347,1.83486,1.37,1.25
2015.03.04 12:36:23.090,1.8347,1.83483,1.37,1.00
2015.03.04 12:36:23.192,1.83471,1.83489,1.00,1.56
2015.03.04 12:36:23.293,1.83475,1.83489,1.00,1.56
2015.03.04 12:36:23.944,1.83475,1.83488,1.00,1.25
2015.03.04 12:36:24.429,1.83476,1.83491,1.00,1.09
2015.03.04 12:36:24.635,1.83476,1.83487,1.00,1.00
2015.03.04 12:36:24.899,1.83476,1.83491,1.00,1.09
2015.03.04 12:36:25.462,1.83476,1.83491,1.00,1.39
2015.03.04 12:36:27.250,1.83453,1.8347,1.00,1.76
2015.03.04 12:36:27.301,1.83455,1.8347,1.00,1.76
2015.03.04 12:36:28.431,1.83455,1.8347,1.00,2.21
2015.03.04 12:36:29.242,1.83455,1.8347,1.00,2.21
2015.03.04 12:36:29.554,1.83448,1.83463,1.37,1.00
2015.03.04 12:36:29.858,1.83448,1.8346,1.37,1.00
2015.03.04 12:36:29.909,1.83453,1.8347,1.37,5.06
2015.03.04 12:36:30.733,1.83454,1.83469,1.12,1.01
2015.03.04 12:36:30.937,1.83454,1.83467,1.12,2.81
2015.03.04 12:36:31.342,1.83448,1.8346,1.37,1.00
2015.03.04 12:36:31.443,1.83448,1.83464,1.37,1.31
2015.03.04 12:36:32.034,1.83453,1.83467,1.37,3.56
2015.03.04 12:36:32.847,1.83453,1.83469,1.37,1.84
2015.03.04 12:36:33.515,1.83451,1.83463,1.37,1.00
2015.03.04 12:36:34.222,1.83449,1.83463,1.37,1.00
2015.03.04 12:36:34.627,1.83449,1.8346,1.37,1.00
2015.03.04 12:36:36.614,1.83453,1.83467,1.00,2.81
2015.03.04 12:36:36.867,1.83449,1.83467,1.37,3.56
2015.03.04 12:36:37.373,1.83453,1.83467,1.00,2.81
2015.03.04 12:36:37.474,1.83448,1.83461,1.37,1.00
2015.03.04 12:36:37.576,1.83452,1.83469,1.37,2.14
2015.03.04 12:36:37.879,1.83452,1.83469,1.37,2.14
2015.03.04 12:36:39.357,1.83455,1.83471,1.00,2.81
2015.03.04 12:36:40.152,1.83455,1.83472,1.00,2.21
2015.03.04 12:36:41.170,1.83455,1.83472,1.00,2.96
2015.03.04 12:36:42.195,1.83455,1.83472,1.00,2.59
2015.03.04 12:36:42.297,1.83457,1.83472,1.00,1.25
2015.03.04 12:36:42.601,1.83457,1.83475,1.47,1.69
2015.03.04 12:36:43.125,1.83459,1.83475,1.00,1.25
2015.03.04 12:36:43.992,1.83462,1.83477,1.00,1.31
2015.03.04 12:36:44.198,1.83462,1.83477,1.00,1.31
2015.03.04 12:36:45.859,1.83462,1.83478,1.00,2.06
2015.03.04 12:36:46.466,1.83462,1.83475,1.00,1.01
2015.03.04 12:36:46.517,1.83458,1.83475,1.00,1.01
2015.03.04 12:36:46.568,1.83458,1.83474,1.00,4.91
2015.03.04 12:36:47.551,1.83456,1.83472,1.37,1.76
2015.03.04 12:36:48.653,1.83457,1.83472,1.00,2.14
2015.03.04 12:36:48.704,1.83449,1.83464,1.57,1.00
2015.03.04 12:36:48.805,1.83446,1.83464,1.47,1.25
2015.03.04 12:36:48.907,1.83446,1.83462,1.47,1.00
2015.03.04 12:36:49.210,1.83445,1.8346,1.37,1.00
2015.03.04 12:36:49.785,1.83442,1.8346,1.37,1.27
2015.03.04 12:36:49.886,1.83439,1.83456,2.06,1.00
2015.03.04 12:36:50.190,1.83442,1.83456,1.62,1.00
2015.03.04 12:36:50.241,1.83445,1.83462,1.37,1.12
2015.03.04 12:36:50.342,1.83449,1.83464,1.00,1.45
2015.03.04 12:36:50.797,1.83445,1.83457,1.37,1.00
2015.03.04 12:36:51.000,1.83445,1.83464,1.87,1.50
2015.03.04 12:36:51.101,1.83445,1.83461,1.37,1.00
2015.03.04 12:36:51.405,1.83447,1.83461,1.37,1.00
2015.03.04 12:36:51.569,1.83445,1.83461,1.62,1.00
2015.03.04 12:36:51.670,1.83445,1.83461,1.62,1.00
2015.03.04 12:36:51.772,1.83452,1.83466,1.00,1.67
2015.03.04 12:36:51.823,1.83452,1.83466,1.00,1.39
2015.03.04 12:36:51.874,1.83445,1.83462,1.87,1.00
2015.03.04 12:36:52.217,1.83444,1.83459,1.47,1.00
2015.03.04 12:36:53.739,1.83442,1.83457,2.81,1.87
2015.03.04 12:36:53.845,1.83441,1.83459,3.75,1.00
2015.03.04 12:36:53.997,1.83447,1.83462,1.00,2.81
2015.03.04 12:36:54.315,1.83449,1.83462,1.00,2.06
2015.03.04 12:36:54.720,1.83449,1.83466,1.12,2.89
2015.03.04 12:36:55.277,1.83449,1.83461,1.00,1.00
2015.03.04 12:36:55.429,1.83454,1.83467,1.00,2.04
2015.03.04 12:36:55.757,1.83452,1.83464,1.00,1.12
2015.03.04 12:36:55.960,1.83449,1.83462,1.00,1.00
2015.03.04 12:36:56.162,1.83446,1.83463,1.17,1.25
2015.03.04 12:36:56.665,1.83446,1.83463,1.00,1.25
2015.03.04 12:36:57.180,1.83446,1.83462,1.00,1.00
2015.03.04 12:36:57.332,1.83447,1.83462,2.17,1.25
2015.03.04 12:36:58.196,1.83449,1.83463,1.10,1.00
2015.03.04 12:36:59.483,1.83449,1.83466,1.10,1.25
2015.03.04 12:37:00.225,1.83449,1.83466,1.10,1.19
2015.03.04 12:37:01.224,1.83449,1.83466,1.10,1.25
2015.03.04 12:37:02.211,1.83449,1.83466,1.10,1.19
2015.03.04 12:37:04.030,1.83449,1.83464,1.00,1.00
2015.03.04 12:37:04.549,1.83451,1.83467,1.00,1.00
2015.03.04 12:37:04.650,1.83455,1.83467,1.00,1.25
2015.03.04 12:37:04.853,1.83453,1.83467,1.00,1.25
2015.03.04 12:37:06.056,1.83453,1.83467,1.00,1.19
2015.03.04 12:37:06.600,1.83453,1.83467,1.00,1.00
2015.03.04 12:37:06.701,1.83453,1.8347,1.10,1.87
2015.03.04 12:37:06.752,1.83453,1.8347,1.20,2.06
2015.03.04 12:37:06.855,1.83453,1.8347,1.00,2.21
2015.03.04 12:37:07.007,1.83455,1.83469,1.00,1.31
2015.03.04 12:37:07.210,1.83455,1.8347,1.00,1.00
2015.03.04 12:37:07.261,1.83457,1.8347,1.00,1.00
2015.03.04 12:37:07.667,1.83454,1.8347,1.00,1.25
2015.03.04 12:37:07.768,1.83452,1.83469,1.00,1.00
2015.03.04 12:37:08.340,1.83452,1.83468,1.00,1.00
2015.03.04 12:37:08.574,1.83457,1.83468,1.00,1.00
2015.03.04 12:37:08.676,1.83457,1.83473,1.00,1.01
2015.03.04 12:37:09.181,1.83457,1.83472,1.00,1.00
2015.03.04 12:37:10.036,1.8345,1.83466,1.12,1.00
2015.03.04 12:37:10.188,1.83452,1.83466,1.00,1.00
2015.03.04 12:37:10.441,1.83448,1.83466,1.00,1.12
2015.03.04 12:37:10.644,1.83452,1.83466,1.37,1.00
2015.03.04 12:37:10.745,1.83454,1.83472,1.37,1.95
2015.03.04 12:37:10.847,1.83457,1.83472,1.00,1.87
2015.03.04 12:37:11.150,1.8346,1.83473,1.00,1.50
2015.03.04 12:37:11.858,1.8346,1.83477,1.00,1.65
2015.03.04 12:37:11.959,1.83462,1.83477,1.00,1.20
2015.03.04 12:37:12.263,1.83462,1.83472,1.00,1.00
2015.03.04 12:37:12.971,1.83462,1.83478,1.00,1.50
2015.03.04 12:37:14.152,1.83462,1.83472,1.00,1.00
2015.03.04 12:37:14.514,1.83462,1.83477,1.00,1.00
2015.03.04 12:37:14.717,1.83462,1.83481,1.00,1.65
2015.03.04 12:37:14.769,1.83462,1.83481,1.00,2.21
2015.03.04 12:37:15.073,1.83462,1.83474,1.00,1.09
2015.03.04 12:37:15.478,1.83462,1.83478,1.00,3.94
2015.03.04 12:37:16.173,1.83462,1.83478,1.00,4.31
2015.03.04 12:37:16.326,1.83462,1.83472,1.00,2.25
2015.03.04 12:37:16.377,1.8346,1.83472,1.00,2.25
2015.03.04 12:37:16.478,1.83463,1.83472,1.00,2.25
2015.03.04 12:37:16.529,1.83463,1.83473,1.00,1.00
2015.03.04 12:37:16.580,1.83463,1.83478,1.00,1.10
2015.03.04 12:37:19.149,1.83463,1.83477,1.00,1.00
2015.03.04 12:37:19.688,1.83463,1.83478,1.00,1.10
2015.03.04 12:37:19.739,1.83463,1.83477,1.00,3.00
2015.03.04 12:37:20.043,1.83462,1.83473,1.00,1.00
2015.03.04 12:37:20.094,1.83458,1.83473,1.00,1.00
2015.03.04 12:37:20.449,1.83453,1.83467,1.12,2.25
2015.03.04 12:37:20.753,1.8345,1.83463,1.00,1.36
2015.03.04 12:37:21.511,1.8345,1.83463,1.37,1.36
2015.03.04 12:37:21.714,1.8345,1.83463,1.00,1.36
2015.03.04 12:37:22.561,1.8345,1.8346,1.00,2.25
2015.03.04 12:37:22.662,1.83447,1.8346,1.00,2.25
2015.03.04 12:37:22.767,1.83444,1.8346,1.00,2.25
2015.03.04 12:37:23.072,1.83442,1.83457,1.00,1.00
2015.03.04 12:37:24.047,1.83442,1.83457,1.00,3.86
2015.03.04 12:37:24.913,1.83442,1.83457,1.75,4.35
2015.03.04 12:37:24.965,1.83447,1.83458,1.37,1.00
2015.03.04 12:37:25.016,1.83447,1.83462,1.37,1.00
2015.03.04 12:37:25.219,1.83447,1.83463,1.37,1.00
2015.03.04 12:37:25.429,1.83447,1.83463,1.37,1.00
2015.03.04 12:37:25.581,1.83447,1.83462,1.12,1.07
2015.03.04 12:37:25.885,1.8345,1.83462,1.37,1.07
2015.03.04 12:37:26.390,1.8345,1.83463,1.37,1.00
2015.03.04 12:37:26.593,1.83445,1.83459,1.37,1.00
2015.03.04 12:37:26.644,1.83444,1.83459,1.00,1.00
2015.03.04 12:37:26.695,1.83444,1.83457,1.50,1.00
2015.03.04 12:37:26.999,1.83444,1.83456,1.00,3.00
2015.03.04 12:37:28.420,1.83444,1.83457,1.00,1.00
2015.03.04 12:37:28.572,1.83441,1.83457,1.37,2.92
2015.03.04 12:37:28.877,1.83434,1.8345,1.50,1.00
2015.03.04 12:37:28.928,1.83437,1.83454,1.37,1.00
2015.03.04 12:37:29.029,1.83433,1.83449,1.50,1.00
2015.03.04 12:37:29.332,1.83433,1.83445,1.50,1.00
2015.03.04 12:37:30.603,1.83433,1.83445,1.00,1.00
2015.03.04 12:37:30.654,1.83435,1.83449,1.00,2.17
2015.03.04 12:37:30.856,1.83424,1.8344,1.00,1.25
2015.03.04 12:37:30.907,1.83424,1.83438,1.00,1.00
2015.03.04 12:37:31.416,1.83423,1.83438,1.00,1.00
2015.03.04 12:37:31.930,1.83423,1.83438,1.00,1.19
2015.03.04 12:37:32.182,1.83419,1.83435,1.57,1.00
2015.03.04 12:37:32.334,1.83417,1.83433,2.00,1.00
2015.03.04 12:37:33.498,1.83417,1.83433,1.37,1.00
2015.03.04 12:37:35.446,1.83418,1.83433,1.00,1.00
2015.03.04 12:37:35.598,1.83416,1.83433,1.20,1.00
2015.03.04 12:37:35.750,1.83418,1.83436,1.00,2.81
2015.03.04 12:37:35.851,1.83413,1.83431,1.75,1.00
2015.03.04 12:37:36.215,1.83422,1.83439,1.00,1.29
2015.03.04 12:37:36.519,1.83425,1.83441,1.00,2.81
2015.03.04 12:37:36.570,1.83425,1.83441,1.00,2.81
2015.03.04 12:37:36.621,1.83421,1.83441,2.25,2.81
2015.03.04 12:37:36.925,1.83425,1.83441,1.00,2.44
2015.03.04 12:37:37.250,1.83418,1.8344,1.94,1.09
2015.03.04 12:37:37.811,1.8342,1.8344,1.85,1.01
2015.03.04 12:37:38.116,1.8342,1.8344,1.75,3.11
2015.03.04 12:37:38.985,1.83421,1.8344,1.75,2.44
2015.03.04 12:37:39.188,1.83421,1.8344,1.00,2.44
2015.03.04 12:37:40.569,1.83421,1.83439,1.00,1.36
2015.03.04 12:37:41.557,1.83421,1.83439,1.00,1.36
2015.03.04 12:37:42.762,1.83418,1.83439,2.62,2.21
2015.03.04 12:37:43.116,1.83417,1.83434,1.47,1.00
2015.03.04 12:37:43.470,1.83417,1.83436,1.50,1.09
2015.03.04 12:37:44.280,1.83417,1.83436,2.25,1.36
2015.03.04 12:37:44.382,1.83417,1.83436,1.50,1.36
2015.03.04 12:37:44.584,1.83417,1.83436,1.50,1.36
2015.03.04 12:37:45.603,1.83417,1.83436,1.50,1.36
2015.03.04 12:37:46.577,1.83417,1.83436,1.75,1.36
2015.03.04 12:37:50.730,1.83429,1.83445,1.00,1.39
2015.03.04 12:37:51.084,1.83429,1.83445,1.12,1.66
2015.03.04 12:37:51.237,1.83423,1.83441,1.12,3.19
2015.03.04 12:37:51.338,1.8342,1.83436,1.37,2.44
2015.03.04 12:37:51.642,1.83417,1.83436,1.37,3.19
2015.03.04 12:37:52.605,1.83416,1.83433,1.87,1.25
2015.03.04 12:37:54.470,1.83417,1.83436,3.94,1.00
2015.03.04 12:37:55.075,1.83418,1.8344,2.32,1.66
2015.03.04 12:37:55.582,1.83418,1.8344,1.95,1.66
2015.03.04 12:37:56.088,1.83418,1.83435,1.45,1.19
2015.03.04 12:37:57.126,1.83418,1.83439,1.50,1.55
2015.03.04 12:37:57.227,1.83417,1.83439,3.75,1.74
2015.03.04 12:37:59.462,1.8342,1.83437,1.37,1.56
2015.03.04 12:37:59.667,1.8342,1.83437,1.37,1.56
2015.03.04 12:37:59.718,1.83417,1.83434,1.65,1.00
2015.03.04 12:38:00.235,1.83417,1.83433,1.37,1.19
2015.03.04 12:38:00.337,1.83417,1.83432,1.37,1.25
2015.03.04 12:38:01.117,1.83417,1.8343,1.37,1.00
2015.03.04 12:38:01.422,1.83417,1.8343,1.50,1.00
2015.03.04 12:38:01.796,1.83417,1.83434,2.25,1.19
2015.03.04 12:38:01.898,1.83417,1.83434,2.62,1.31
2015.03.04 12:38:02.151,1.83419,1.83432,1.37,1.00
2015.03.04 12:38:02.202,1.83419,1.83432,1.12,1.00
2015.03.04 12:38:02.253,1.83419,1.83435,1.50,1.00
2015.03.04 12:38:02.355,1.83428,1.83443,1.00,3.11
2015.03.04 12:38:02.866,1.83429,1.83442,1.00,1.31
2015.03.04 12:38:03.321,1.83429,1.83444,1.00,1.19
2015.03.04 12:38:03.827,1.83429,1.83443,1.00,1.66
2015.03.04 12:38:04.334,1.83425,1.83442,1.37,2.14
2015.03.04 12:38:04.840,1.83427,1.83439,1.00,2.25
2015.03.04 12:38:05.145,1.83419,1.83435,1.37,1.00
2015.03.04 12:38:05.195,1.83426,1.83438,1.00,1.36
2015.03.04 12:38:05.399,1.83421,1.83436,1.37,2.62
2015.03.04 12:38:05.603,1.83417,1.83432,1.56,1.00
2015.03.04 12:38:06.008,1.83419,1.83434,1.00,3.56
2015.03.04 12:38:06.109,1.83417,1.83433,1.00,1.74
2015.03.04 12:38:06.160,1.83417,1.8343,1.00,2.44
2015.03.04 12:38:06.211,1.83411,1.8343,1.37,3.56
2015.03.04 12:38:06.261,1.83411,1.83426,1.37,2.44
2015.03.04 12:38:06.363,1.83409,1.83423,1.37,1.00
2015.03.04 12:38:06.565,1.83409,1.83423,1.37,1.00
2015.03.04 12:38:06.869,1.83407,1.8342,1.50,1.00
2015.03.04 12:38:07.021,1.83407,1.8342,1.00,1.00
2015.03.04 12:38:08.988,1.83408,1.8342,1.37,1.00
2015.03.04 12:38:09.039,1.83415,1.83429,1.00,1.00
2015.03.04 12:38:09.140,1.83418,1.83434,1.00,1.46
2015.03.04 12:38:09.444,1.83416,1.8343,1.25,1.00
2015.03.04 12:38:09.758,1.83416,1.83433,2.06,1.01
2015.03.04 12:38:09.809,1.83422,1.83435,1.00,2.81
2015.03.04 12:38:09.964,1.83418,1.83435,1.00,3.56
2015.03.04 12:38:10.066,1.83416,1.83431,1.31,1.00
2015.03.04 12:38:11.486,1.83422,1.83435,1.00,3.19
2015.03.04 12:38:12.159,1.83422,1.83435,1.00,3.19
2015.03.04 12:38:13.793,1.83416,1.83433,1.87,1.29
2015.03.04 12:38:14.445,1.83416,1.83433,1.87,1.29
2015.03.04 12:38:15.860,1.83417,1.83433,1.00,1.29
2015.03.04 12:38:16.298,1.83422,1.83436,1.00,3.19
2015.03.04 12:38:17.178,1.83417,1.83434,1.50,1.31
2015.03.04 12:38:18.148,1.83417,1.83434,1.69,1.31
2015.03.04 12:38:20.125,1.8342,1.83434,1.00,1.19
2015.03.04 12:38:20.277,1.83418,1.83434,1.19,1.00
2015.03.04 12:38:20.378,1.8342,1.83437,1.25,1.00
2015.03.04 12:38:20.479,1.83424,1.83438,1.00,3.19
2015.03.04 12:38:20.833,1.83422,1.83438,1.00,3.56
2015.03.04 12:38:22.018,1.83426,1.83438,1.00,2.81
2015.03.04 12:38:23.150,1.83428,1.83438,1.00,2.44
2015.03.04 12:38:23.302,1.83428,1.83441,1.00,3.19
2015.03.04 12:38:24.460,1.83428,1.83441,1.00,3.19
2015.03.04 12:38:24.663,1.83426,1.83441,1.00,2.44
2015.03.04 12:38:24.764,1.8343,1.83441,1.00,2.36
2015.03.04 12:38:24.815,1.8343,1.83442,1.00,1.29
2015.03.04 12:38:25.271,1.8343,1.83441,1.00,2.74
2015.03.04 12:38:25.322,1.83426,1.83441,1.00,5.66
2015.03.04 12:38:25.474,1.83426,1.83441,1.00,4.91
2015.03.04 12:38:26.204,1.83418,1.83433,1.25,1.00
2015.03.04 12:38:26.306,1.83418,1.83428,1.25,1.00
2015.03.04 12:38:26.610,1.83408,1.83414,1.00,1.62
2015.03.04 12:38:26.662,1.834,1.83414,1.00,1.56
2015.03.04 12:38:26.763,1.83393,1.83413,1.10,1.74
2015.03.04 12:38:26.865,1.83394,1.83414,1.00,4.50
2015.03.04 12:38:26.966,1.83401,1.83414,1.00,3.00
2015.03.04 12:38:27.018,1.83401,1.83414,1.00,1.00
2015.03.04 12:38:28.361,1.83406,1.83421,1.00,3.11
2015.03.04 12:38:28.412,1.83406,1.83421,1.00,1.00
2015.03.04 12:38:28.918,1.83404,1.8342,1.25,1.00
2015.03.04 12:38:29.171,1.83407,1.8342,1.00,1.00
2015.03.04 12:38:29.879,1.83407,1.83422,1.10,1.00
2015.03.04 12:38:30.595,1.83409,1.83422,1.00,1.00
2015.03.04 12:38:30.901,1.83408,1.8342,1.00,2.25
2015.03.04 12:38:30.952,1.83407,1.8342,1.00,2.25
2015.03.04 12:38:31.003,1.8341,1.83414,1.00,1.50
2015.03.04 12:38:31.054,1.83407,1.83412,1.00,1.00
2015.03.04 12:38:31.156,1.83402,1.83409,2.17,1.00
2015.03.04 12:38:31.258,1.83392,1.83405,1.10,1.00
2015.03.04 12:38:31.362,1.8339,1.83405,1.00,1.25
2015.03.04 12:38:31.464,1.83388,1.83405,1.20,1.25
2015.03.04 12:38:31.515,1.83391,1.83407,1.00,1.19
2015.03.04 12:38:31.617,1.83386,1.83402,1.00,1.00
2015.03.04 12:38:31.718,1.83391,1.83406,1.00,2.44
2015.03.04 12:38:31.921,1.83387,1.83404,1.00,1.29
2015.03.04 12:38:31.972,1.83387,1.83404,1.00,1.29
2015.03.04 12:38:32.073,1.83383,1.83398,1.10,1.00
2015.03.04 12:38:32.124,1.83386,1.83398,1.00,1.00
2015.03.04 12:38:32.630,1.83387,1.83403,1.00,1.19
2015.03.04 12:38:32.883,1.83387,1.83403,1.00,1.19
2015.03.04 12:38:33.889,1.83387,1.83403,1.00,1.25
2015.03.04 12:38:36.216,1.83387,1.83403,1.00,1.19
2015.03.04 12:38:37.521,1.83387,1.83403,1.00,1.00
2015.03.04 12:38:37.775,1.83387,1.83401,1.12,1.00
2015.03.04 12:38:38.080,1.83388,1.83401,1.46,1.00
2015.03.04 12:38:38.232,1.83388,1.83407,1.46,1.69
2015.03.04 12:38:38.334,1.83391,1.83411,2.74,2.51
2015.03.04 12:38:38.839,1.83392,1.83408,1.45,1.00
2015.03.04 12:38:39.346,1.83392,1.83407,1.45,1.00
2015.03.04 12:38:39.650,1.83394,1.83402,3.49,1.00
2015.03.04 12:38:39.752,1.83394,1.83407,3.56,1.00
2015.03.04 12:38:39.853,1.83394,1.83412,4.31,1.69
2015.03.04 12:38:39.954,1.83394,1.83412,1.76,1.69
2015.03.04 12:38:40.472,1.83394,1.83415,1.25,2.14
2015.03.04 12:38:41.125,1.83394,1.83406,1.50,1.00
2015.03.04 12:38:41.327,1.83386,1.83402,1.00,1.19
2015.03.04 12:38:42.881,1.83394,1.83407,1.17,1.87
2015.03.04 12:38:42.932,1.83396,1.83417,1.50,1.56
2015.03.04 12:38:43.135,1.83399,1.83418,1.00,2.14
2015.03.04 12:38:43.237,1.83399,1.83418,1.00,1.56
2015.03.04 12:38:43.542,1.83396,1.83414,1.00,1.37
2015.03.04 12:38:43.745,1.83396,1.83413,1.00,1.37
2015.03.04 12:38:44.049,1.83397,1.83413,2.25,1.12
2015.03.04 12:38:44.657,1.83398,1.83415,1.00,1.62
2015.03.04 12:38:45.217,1.83398,1.83414,1.00,1.37
2015.03.04 12:38:45.318,1.83398,1.83414,1.00,1.00
2015.03.04 12:38:45.571,1.83398,1.83412,1.00,1.00
2015.03.04 12:38:46.078,1.83398,1.83414,1.00,1.19
2015.03.04 12:38:46.381,1.83399,1.83418,1.37,1.39
2015.03.04 12:38:46.901,1.83399,1.83418,1.00,1.39
2015.03.04 12:38:47.211,1.83399,1.83418,1.00,1.39
2015.03.04 12:38:48.084,1.834,1.83418,1.00,1.19
2015.03.04 12:38:48.236,1.83403,1.8342,1.00,1.10
2015.03.04 12:38:48.539,1.83408,1.83423,1.00,1.84
2015.03.04 12:38:48.995,1.83411,1.83423,1.00,1.29
2015.03.04 12:38:49.046,1.83411,1.83425,1.00,3.00
2015.03.04 12:38:49.097,1.83411,1.83425,1.00,1.00
2015.03.04 12:38:49.198,1.83414,1.83427,1.00,1.00
2015.03.04 12:38:49.300,1.83416,1.83433,1.00,3.71
2015.03.04 12:38:49.452,1.83419,1.83433,1.00,2.21
2015.03.04 12:38:49.734,1.83413,1.83429,1.12,1.00
2015.03.04 12:38:49.844,1.83419,1.83432,1.00,1.31
2015.03.04 12:38:50.395,1.83419,1.83432,1.00,1.00
2015.03.04 12:38:50.907,1.83419,1.83433,1.00,1.50
2015.03.04 12:38:52.164,1.83419,1.83433,1.00,1.62
2015.03.04 12:38:52.266,1.83419,1.83436,1.00,2.00
2015.03.04 12:38:52.468,1.83419,1.83433,1.00,1.62
2015.03.04 12:38:52.773,1.83415,1.83429,1.00,4.54
2015.03.04 12:38:54.138,1.83414,1.83428,1.00,1.71
2015.03.04 12:38:54.391,1.8341,1.83426,1.00,1.19
2015.03.04 12:38:54.915,1.8341,1.83426,1.00,1.19
2015.03.04 12:38:57.470,1.8341,1.83429,1.00,6.41
2015.03.04 12:38:58.457,1.83414,1.8343,1.00,1.54
2015.03.04 12:38:59.426,1.83414,1.83431,1.00,2.59
2015.03.04 12:39:00.087,1.83414,1.8343,1.00,1.09
2015.03.04 12:39:03.113,1.83414,1.8343,1.00,1.29
2015.03.04 12:39:03.948,1.83414,1.83427,1.00,2.25
2015.03.04 12:39:04.049,1.83409,1.83427,1.00,3.56
2015.03.04 12:39:05.285,1.83409,1.83426,1.00,1.64
2015.03.04 12:39:06.756,1.83409,1.83426,1.00,1.64
2015.03.04 12:39:07.594,1.83413,1.83426,1.00,1.64
2015.03.04 12:39:09.943,1.83413,1.83428,1.00,2.14
2015.03.04 12:39:10.535,1.83413,1.83428,1.00,1.66
2015.03.04 12:39:10.587,1.83413,1.83428,1.00,1.01
2015.03.04 12:39:11.939,1.83413,1.8343,1.00,1.25
2015.03.04 12:39:11.992,1.8342,1.83433,1.00,1.84
2015.03.04 12:39:13.722,1.8342,1.83433,1.00,1.76
2015.03.04 12:39:14.732,1.8342,1.83435,1.00,1.29
2015.03.04 12:39:15.979,1.8342,1.83434,1.00,2.36
2015.03.04 12:39:16.080,1.8342,1.83432,1.00,2.55
2015.03.04 12:39:16.283,1.83412,1.83429,1.00,2.25
2015.03.04 12:39:16.385,1.83415,1.83429,1.00,3.26
2015.03.04 12:39:16.486,1.83411,1.83425,1.00,1.00
2015.03.04 12:39:16.587,1.8341,1.83428,1.25,1.36
2015.03.04 12:39:16.689,1.83407,1.83424,1.19,1.00
2015.03.04 12:39:16.740,1.83407,1.83424,1.00,1.00
2015.03.04 12:39:16.841,1.83413,1.8343,1.00,1.84
2015.03.04 12:39:17.417,1.83413,1.83431,1.00,1.09
2015.03.04 12:39:17.722,1.83413,1.83432,1.00,2.51
2015.03.04 12:39:17.924,1.83418,1.83432,1.00,1.76
2015.03.04 12:39:18.282,1.83418,1.83432,1.00,1.29
2015.03.04 12:39:18.384,1.83415,1.83431,1.00,1.25
2015.03.04 12:39:18.593,1.83419,1.83434,1.00,2.81
2015.03.04 12:39:19.858,1.83419,1.83434,1.00,2.44
2015.03.04 12:39:21.216,1.83422,1.83434,1.00,2.44
2015.03.04 12:39:22.299,1.83415,1.83432,1.87,1.01
2015.03.04 12:39:22.451,1.83415,1.8343,1.12,1.00
2015.03.04 12:39:22.754,1.83417,1.83434,1.00,3.19
2015.03.04 12:39:23.058,1.83421,1.83436,1.00,1.39
2015.03.04 12:39:23.548,1.83418,1.83436,1.00,1.39
2015.03.04 12:39:23.659,1.83415,1.83431,1.12,1.00
2015.03.04 12:39:25.153,1.83416,1.83433,1.00,1.19
2015.03.04 12:39:26.529,1.83423,1.83436,1.00,1.29
2015.03.04 12:39:26.580,1.83423,1.83437,1.00,1.36
2015.03.04 12:39:26.631,1.83416,1.8343,1.00,1.00
2015.03.04 12:39:29.561,1.83415,1.8343,1.00,1.00
2015.03.04 12:39:29.612,1.83416,1.83435,1.00,1.19
2015.03.04 12:39:29.815,1.83421,1.83436,1.00,1.29
2015.03.04 12:39:30.322,1.83421,1.83436,1.00,1.29
2015.03.04 12:39:33.603,1.83423,1.83438,1.00,3.19
2015.03.04 12:39:34.685,1.83417,1.83433,1.00,1.00
2015.03.04 12:39:35.671,1.83423,1.83438,1.00,1.36
2015.03.04 12:39:36.691,1.83423,1.83438,1.00,1.26
2015.03.04 12:39:37.672,1.83423,1.83437,1.00,1.25
2015.03.04 12:39:38.692,1.83423,1.83437,1.00,1.19
2015.03.04 12:39:40.777,1.83423,1.83438,1.00,1.19
2015.03.04 12:39:40.929,1.8342,1.83435,1.00,1.25
2015.03.04 12:39:43.848,1.8342,1.83435,1.37,1.00
2015.03.04 12:39:44.380,1.83424,1.83441,1.00,2.21
2015.03.04 12:39:44.684,1.83424,1.83437,1.00,1.31
2015.03.04 12:39:44.786,1.83421,1.83437,1.00,2.06
2015.03.04 12:39:45.393,1.83421,1.83437,1.00,1.69
2015.03.04 12:39:45.697,1.83423,1.8344,1.00,2.14
2015.03.04 12:39:46.107,1.83423,1.8344,1.12,1.39
2015.03.04 12:39:46.310,1.83423,1.8344,1.47,1.29
2015.03.04 12:39:46.613,1.83423,1.8344,1.10,1.19
2015.03.04 12:39:47.662,1.83424,1.83441,1.00,2.06
2015.03.04 12:39:50.523,1.83421,1.83438,1.00,1.19
2015.03.04 12:39:51.084,1.83418,1.83436,1.55,1.25
2015.03.04 12:39:51.453,1.83418,1.83436,1.55,1.25
2015.03.04 12:39:53.724,1.83421,1.83436,1.85,1.25
2015.03.04 12:39:53.826,1.83421,1.83438,1.50,1.31
2015.03.04 12:39:53.877,1.83423,1.83438,1.00,1.19
2015.03.04 12:39:53.979,1.83421,1.83438,1.00,1.19
2015.03.04 12:39:54.082,1.83418,1.83437,1.31,1.19
2015.03.04 12:39:54.133,1.83421,1.83438,1.37,1.29
2015.03.04 12:39:54.478,1.83425,1.8344,1.00,2.51
2015.03.04 12:39:55.092,1.83425,1.8344,1.00,2.51
2015.03.04 12:39:58.210,1.83425,1.8344,1.00,1.12
2015.03.04 12:39:58.261,1.83425,1.83442,1.37,1.87
2015.03.04 12:39:58.463,1.83429,1.83446,1.00,1.31
2015.03.04 12:40:01.316,1.83429,1.83446,1.00,1.31
2015.03.04 12:40:02.330,1.83429,1.83446,1.00,1.46
2015.03.04 12:40:03.952,1.83429,1.83446,1.00,1.84
2015.03.04 12:40:04.154,1.83426,1.83442,1.12,4.35
2015.03.04 12:40:04.457,1.83426,1.83442,1.00,6.04
2015.03.04 12:40:05.872,1.83426,1.83438,1.00,2.44
2015.03.04 12:40:08.252,1.83423,1.83438,1.00,2.81
2015.03.04 12:40:09.544,1.83423,1.8344,1.00,1.39
2015.03.04 12:40:09.595,1.83423,1.8344,1.37,1.39
2015.03.04 12:40:09.646,1.83425,1.83442,1.37,1.50
2015.03.04 12:40:10.051,1.83424,1.83437,1.62,1.00
2015.03.04 12:40:10.152,1.83424,1.83442,1.62,1.00
2015.03.04 12:40:10.728,1.83424,1.83442,1.62,1.00
2015.03.04 12:40:11.132,1.83424,1.83442,1.00,1.39
2015.03.04 12:40:13.140,1.83424,1.83441,1.00,5.66
2015.03.04 12:40:17.753,1.83424,1.8344,1.00,2.81
2015.03.04 12:40:20.264,1.83424,1.8344,1.00,2.81
2015.03.04 12:40:20.684,1.83424,1.83437,1.00,1.71
2015.03.04 12:40:20.785,1.8342,1.83437,1.00,1.71
2015.03.04 12:40:21.376,1.8342,1.83437,1.00,2.21
2015.03.04 12:40:21.914,1.8342,1.83435,1.37,2.81
2015.03.04 12:40:22.429,1.8342,1.83434,1.37,1.09
2015.03.04 12:40:22.763,1.83414,1.83427,1.87,1.00
2015.03.04 12:40:22.915,1.83414,1.83429,1.87,4.91
2015.03.04 12:40:23.017,1.83414,1.83426,1.00,1.00
2015.03.04 12:40:23.067,1.83411,1.83426,1.37,1.19
2015.03.04 12:40:23.372,1.83414,1.83429,1.00,1.31
2015.03.04 12:40:23.625,1.83412,1.83429,1.00,2.06
2015.03.04 12:40:24.995,1.83408,1.83425,1.37,1.56
2015.03.04 12:40:25.508,1.83408,1.83425,1.37,2.81
2015.03.04 12:40:27.093,1.8341,1.83427,1.37,1.46
2015.03.04 12:40:27.498,1.8341,1.83427,1.62,1.27
2015.03.04 12:40:27.650,1.83411,1.83427,1.50,1.00
2015.03.04 12:40:27.953,1.83419,1.83434,1.00,1.31
2015.03.04 12:40:28.105,1.83419,1.83434,1.00,1.31
2015.03.04 12:40:30.162,1.83419,1.83436,1.00,2.21
2015.03.04 12:40:30.571,1.83419,1.83436,1.00,1.19
2015.03.04 12:40:30.927,1.83419,1.83436,1.69,1.00
2015.03.04 12:40:30.978,1.83421,1.83438,1.00,1.29
2015.03.04 12:40:31.282,1.83424,1.83438,1.00,1.19
2015.03.04 12:40:32.072,1.83424,1.83438,1.00,5.66
2015.03.04 12:40:33.176,1.83424,1.83438,1.00,6.41
2015.03.04 12:40:33.480,1.83424,1.83434,1.00,2.25
2015.03.04 12:40:33.756,1.8342,1.83434,1.00,2.25
2015.03.04 12:40:38.369,1.83417,1.83434,1.00,3.19
2015.03.04 12:40:38.573,1.83415,1.83431,1.00,1.00
2015.03.04 12:40:38.624,1.83415,1.8343,1.00,2.17
2015.03.04 12:40:39.373,1.83411,1.83426,1.00,1.39
2015.03.04 12:40:39.525,1.83411,1.83426,1.00,3.56
2015.03.04 12:40:40.031,1.83411,1.83425,1.00,2.62
2015.03.04 12:40:41.714,1.83404,1.8342,1.39,1.00
2015.03.04 12:40:41.815,1.83406,1.8342,1.37,1.00
2015.03.04 12:40:41.866,1.8341,1.83427,1.00,1.84
2015.03.04 12:40:42.118,1.83412,1.83427,1.00,1.36
2015.03.04 12:40:42.920,1.83412,1.83427,1.00,1.36
2015.03.04 12:40:44.594,1.83412,1.83429,1.00,1.19
2015.03.04 12:40:44.797,1.83418,1.83435,1.00,1.84
2015.03.04 12:40:44.949,1.83422,1.83437,1.00,6.41
2015.03.04 12:40:45.951,1.8342,1.83437,1.50,4.91
2015.03.04 12:40:46.342,1.8342,1.83437,1.50,4.91
2015.03.04 12:40:46.848,1.8342,1.83437,1.00,2.36
2015.03.04 12:40:47.962,1.8342,1.83439,1.69,1.29
2015.03.04 12:40:48.714,1.8342,1.83437,1.69,3.19
2015.03.04 12:40:49.220,1.8342,1.83434,1.00,1.00
2015.03.04 12:40:50.956,1.8342,1.83434,1.00,1.19
2015.03.04 12:40:51.057,1.83421,1.83434,1.00,1.00
2015.03.04 12:40:51.835,1.83419,1.83434,1.00,1.31
2015.03.04 12:40:51.987,1.83418,1.8343,1.00,1.00
2015.03.04 12:40:52.677,1.83417,1.8343,1.00,1.00
2015.03.04 12:40:54.708,1.83415,1.8343,1.00,1.00
2015.03.04 12:40:57.024,1.83415,1.83428,1.00,1.00
2015.03.04 12:40:57.530,1.83416,1.83428,1.00,1.00
2015.03.04 12:40:57.834,1.83418,1.83428,1.00,1.00
2015.03.04 12:40:59.672,1.83418,1.83434,1.00,1.25
2015.03.04 12:41:00.134,1.83418,1.83434,1.00,3.11
2015.03.04 12:41:00.286,1.83416,1.83434,1.00,3.19
2015.03.04 12:41:00.387,1.83416,1.8343,1.00,1.69
2015.03.04 12:41:00.540,1.83408,1.83421,1.00,1.50
2015.03.04 12:41:00.591,1.834,1.83415,1.72,1.00
2015.03.04 12:41:00.843,1.83405,1.83421,2.74,1.00
2015.03.04 12:41:00.894,1.83413,1.83423,1.00,1.00
2015.03.04 12:41:00.945,1.83413,1.83426,1.00,1.64
2015.03.04 12:41:01.097,1.83405,1.83421,2.81,1.00
2015.03.04 12:41:02.666,1.83411,1.83428,1.00,1.10
2015.03.04 12:41:03.080,1.83405,1.83423,2.81,1.00
2015.03.04 12:41:03.232,1.83409,1.83426,1.00,1.00
2015.03.04 12:41:03.437,1.83405,1.83424,3.56,1.00
2015.03.04 12:41:03.950,1.83406,1.83423,1.27,1.00
2015.03.04 12:41:04.261,1.83406,1.83423,1.46,1.00
2015.03.04 12:41:05.385,1.83406,1.83423,1.46,1.00
2015.03.04 12:41:06.203,1.83409,1.83425,1.00,1.00
2015.03.04 12:41:06.254,1.83409,1.83425,1.37,1.00
2015.03.04 12:41:06.355,1.83409,1.83427,1.37,1.12
2015.03.04 12:41:06.860,1.83406,1.83421,1.10,1.10
2015.03.04 12:41:06.911,1.83403,1.83421,1.00,1.10
2015.03.04 12:41:06.961,1.83408,1.83422,1.00,1.55
2015.03.04 12:41:07.063,1.83404,1.83422,1.00,1.55
2015.03.04 12:41:07.266,1.83404,1.83421,1.00,1.84
2015.03.04 12:41:07.571,1.834,1.83415,1.37,1.00
2015.03.04 12:41:08.463,1.83396,1.83411,1.66,1.00
2015.03.04 12:41:08.968,1.83396,1.83411,1.47,1.00
2015.03.04 12:41:09.119,1.83398,1.83411,1.37,1.00
2015.03.04 12:41:09.170,1.83398,1.83413,1.66,1.00
2015.03.04 12:41:09.474,1.83404,1.83419,1.00,1.62
2015.03.04 12:41:09.625,1.83404,1.83419,1.00,1.31
2015.03.04 12:41:10.702,1.834,1.83417,1.37,1.00
2015.03.04 12:41:10.803,1.83397,1.83414,1.71,1.00
2015.03.04 12:41:11.308,1.83397,1.83414,1.71,1.00
2015.03.04 12:41:11.617,1.83397,1.83414,1.84,1.00
2015.03.04 12:41:11.921,1.83399,1.83416,1.37,1.00
2015.03.04 12:41:12.022,1.83404,1.83417,1.00,1.00
2015.03.04 12:41:12.225,1.834,1.83416,1.00,1.19
2015.03.04 12:41:12.277,1.83399,1.83416,1.00,1.26
2015.03.04 12:41:13.791,1.83393,1.83407,1.00,2.25
2015.03.04 12:41:14.196,1.83386,1.83403,1.57,1.00
2015.03.04 12:41:14.651,1.83388,1.83405,1.37,1.69
2015.03.04 12:41:14.955,1.83393,1.83408,1.00,2.06
2015.03.04 12:41:15.299,1.83393,1.83408,1.00,2.44
2015.03.04 12:41:15.605,1.83393,1.83406,1.00,1.37
2015.03.04 12:41:16.420,1.8339,1.83407,1.00,1.37
2015.03.04 12:41:16.521,1.83388,1.83403,1.20,1.12
2015.03.04 12:41:17.080,1.8339,1.83409,1.00,2.51
2015.03.04 12:41:17.384,1.83385,1.83404,1.37,1.57
2015.03.04 12:41:17.435,1.83385,1.83403,1.56,1.12
2015.03.04 12:41:17.486,1.83389,1.83403,1.00,1.12
2015.03.04 12:41:17.587,1.83389,1.83406,1.00,1.00
2015.03.04 12:41:17.638,1.83391,1.83408,1.00,2.96
2015.03.04 12:41:17.942,1.83394,1.83407,1.00,1.29
2015.03.04 12:41:18.600,1.83394,1.83407,1.00,1.01
2015.03.04 12:41:18.903,1.83394,1.83411,1.37,1.65
2015.03.04 12:41:18.955,1.83396,1.83411,1.37,1.17
2015.03.04 12:41:19.056,1.83397,1.83412,1.31,1.00
2015.03.04 12:41:19.158,1.83397,1.83412,1.37,1.00
2015.03.04 12:41:19.366,1.83397,1.83416,1.00,1.37
2015.03.04 12:41:19.467,1.83395,1.83412,1.00,1.00
2015.03.04 12:41:20.537,1.83395,1.83412,1.00,1.29
2015.03.04 12:41:21.015,1.83389,1.83402,1.00,1.00
2015.03.04 12:41:21.066,1.83387,1.83402,1.69,1.00
2015.03.04 12:41:21.117,1.83387,1.834,1.69,1.00
2015.03.04 12:41:21.622,1.83388,1.834,1.00,1.00
2015.03.04 12:41:21.926,1.83388,1.83403,1.00,1.00
2015.03.04 12:41:23.059,1.83386,1.83403,1.56,1.25
2015.03.04 12:41:23.615,1.83386,1.83403,1.56,1.25
2015.03.04 12:41:24.171,1.83386,1.83403,1.31,1.12
2015.03.04 12:41:24.895,1.83386,1.83403,1.70,1.00
2015.03.04 12:41:28.141,1.83387,1.83406,3.49,1.37
2015.03.04 12:41:28.655,1.83387,1.83406,1.29,1.00
2015.03.04 12:41:28.960,1.83389,1.83408,1.31,1.57
2015.03.04 12:41:29.163,1.83389,1.83408,1.12,1.29
2015.03.04 12:41:29.669,1.83388,1.83406,2.62,1.00
2015.03.04 12:41:30.179,1.83387,1.83402,1.47,1.00
2015.03.04 12:41:30.230,1.83387,1.83406,1.47,1.37
2015.03.04 12:41:31.336,1.83388,1.83406,2.62,1.56
2015.03.04 12:41:31.488,1.8339,1.83407,1.47,1.00
2015.03.04 12:41:31.539,1.8339,1.83409,1.95,1.25
2015.03.04 12:41:31.793,1.83393,1.8341,1.12,1.00
2015.03.04 12:41:32.197,1.83393,1.8341,1.37,1.00
2015.03.04 12:41:32.702,1.83393,1.8341,1.56,1.00
2015.03.04 12:41:33.360,1.83395,1.83413,1.27,1.00
2015.03.04 12:41:33.411,1.83398,1.83414,2.62,1.00
2015.03.04 12:41:33.563,1.83399,1.83416,1.45,1.00
2015.03.04 12:41:33.917,1.83404,1.83421,1.55,1.10
2015.03.04 12:41:33.967,1.83404,1.83418,1.55,1.00
2015.03.04 12:41:34.069,1.83404,1.83421,1.55,1.00
2015.03.04 12:41:34.170,1.83404,1.83418,1.55,1.00
2015.03.04 12:41:34.424,1.83404,1.83421,1.87,1.00
2015.03.04 12:41:35.542,1.83404,1.83421,2.06,1.00
2015.03.04 12:41:35.644,1.83411,1.83422,1.00,1.00
2015.03.04 12:41:35.948,1.83411,1.83422,1.00,3.19
2015.03.04 12:41:36.271,1.83411,1.83422,1.00,1.57
2015.03.04 12:41:36.322,1.83406,1.83421,1.50,1.00
2015.03.04 12:41:36.423,1.83407,1.83423,1.12,1.00
2015.03.04 12:41:37.433,1.83406,1.83423,1.87,1.00
2015.03.04 12:41:37.838,1.83406,1.83423,1.00,1.00
2015.03.04 12:41:38.040,1.83406,1.83423,1.37,1.19
2015.03.04 12:41:38.698,1.83407,1.83423,1.37,1.00
2015.03.04 12:41:39.267,1.83407,1.83423,1.37,1.00
2015.03.04 12:41:41.109,1.83407,1.83423,1.12,1.50
2015.03.04 12:41:41.160,1.83407,1.8342,1.00,1.00
2015.03.04 12:41:42.713,1.83403,1.83419,1.37,1.34
2015.03.04 12:41:42.764,1.83399,1.83417,1.37,1.01
2015.03.04 12:41:45.269,1.83402,1.83417,1.00,1.00
2015.03.04 12:41:45.788,1.83402,1.83419,1.50,1.25
2015.03.04 12:41:46.042,1.83402,1.83419,1.00,2.06
2015.03.04 12:41:46.194,1.83398,1.83416,1.20,1.45
2015.03.04 12:41:46.295,1.83397,1.83416,1.37,1.37
2015.03.04 12:41:46.397,1.83399,1.83416,3.49,1.00
2015.03.04 12:41:46.448,1.83399,1.83419,3.56,1.12
2015.03.04 12:41:46.499,1.83403,1.83419,1.37,1.12
2015.03.04 12:41:47.027,1.83408,1.83419,1.00,1.00
2015.03.04 12:41:47.551,1.83408,1.83426,1.00,1.37
2015.03.04 12:41:47.882,1.83408,1.83424,1.00,1.37
2015.03.04 12:41:48.388,1.83406,1.83423,1.15,1.37
2015.03.04 12:41:48.693,1.83405,1.83419,4.57,1.37
2015.03.04 12:41:48.744,1.83404,1.83416,1.17,1.37
2015.03.04 12:41:48.896,1.83404,1.83415,1.17,1.00
2015.03.04 12:41:48.947,1.83397,1.83412,1.36,1.00
2015.03.04 12:41:49.354,1.83395,1.83414,1.00,1.37
2015.03.04 12:41:50.011,1.83396,1.83414,2.17,1.00
2015.03.04 12:41:50.920,1.83396,1.83414,4.12,1.00
2015.03.04 12:41:51.123,1.83399,1.83414,2.55,1.00
2015.03.04 12:41:51.940,1.83401,1.83418,1.10,1.50
2015.03.04 12:41:51.992,1.83402,1.83418,2.62,1.00
2015.03.04 12:41:52.682,1.83402,1.83421,3.56,1.19
2015.03.04 12:41:52.784,1.83402,1.83417,3.56,1.00
2015.03.04 12:41:53.091,1.83402,1.83421,3.56,1.69
2015.03.04 12:41:53.203,1.83402,1.83417,3.56,1.00
2015.03.04 12:41:53.771,1.83402,1.83421,3.56,1.50
2015.03.04 12:41:54.081,1.83402,1.83418,3.56,1.00
2015.03.04 12:41:54.771,1.83402,1.83417,3.56,1.00
2015.03.04 12:41:55.668,1.83402,1.83418,2.81,1.50
2015.03.04 12:41:57.212,1.83401,1.83418,1.37,1.00
2015.03.04 12:41:57.779,1.83401,1.83418,1.00,1.00
2015.03.04 12:41:58.288,1.83401,1.83418,1.19,1.50
2015.03.04 12:41:58.643,1.83401,1.83418,1.00,1.56
2015.03.04 12:41:58.947,1.83396,1.83413,1.57,1.62
2015.03.04 12:41:59.784,1.83395,1.83412,1.46,1.37
2015.03.04 12:41:59.834,1.83394,1.83412,1.74,1.37
2015.03.04 12:42:01.073,1.83394,1.83412,1.20,1.56
2015.03.04 12:42:01.696,1.83394,1.83413,1.47,2.06
2015.03.04 12:42:02.211,1.83394,1.83413,1.47,2.06
2015.03.04 12:42:02.724,1.83394,1.83413,1.47,1.31
2015.03.04 12:42:03.230,1.83394,1.83413,1.66,1.31
2015.03.04 12:42:03.761,1.83394,1.83413,2.14,1.31
2015.03.04 12:42:04.438,1.83394,1.83413,1.76,1.12
2015.03.04 12:42:05.412,1.83394,1.83413,1.66,1.12
2015.03.04 12:42:05.463,1.83394,1.83413,1.76,1.12
2015.03.04 12:42:06.446,1.83394,1.83413,4.31,1.00
2015.03.04 12:42:06.768,1.83395,1.83413,1.09,1.00
2015.03.04 12:42:07.428,1.83397,1.83416,1.62,1.56
2015.03.04 12:42:08.825,1.83397,1.83416,1.69,1.37
2015.03.04 12:42:09.129,1.834,1.83417,2.81,1.37
2015.03.04 12:42:10.354,1.83401,1.83417,1.56,1.37
2015.03.04 12:42:11.471,1.834,1.83416,1.12,1.31
2015.03.04 12:42:11.684,1.83398,1.83413,1.62,1.37
2015.03.04 12:42:12.191,1.83398,1.83413,1.62,1.00
2015.03.04 12:42:12.242,1.83398,1.83415,1.62,1.12
2015.03.04 12:42:12.394,1.83396,1.83414,1.46,1.25
2015.03.04 12:42:12.817,1.83395,1.83412,3.56,1.00
2015.03.04 12:42:13.227,1.83395,1.83414,3.56,1.25
2015.03.04 12:42:14.037,1.83396,1.83412,1.37,1.00
2015.03.04 12:42:14.655,1.83396,1.83413,1.37,1.69
2015.03.04 12:42:15.160,1.83396,1.83413,1.00,2.06
2015.03.04 12:42:17.193,1.83396,1.83412,1.12,1.00
2015.03.04 12:42:17.698,1.83396,1.83413,1.12,2.06
2015.03.04 12:42:18.412,1.83396,1.83413,1.37,2.06
2015.03.04 12:42:19.800,1.83396,1.83413,1.37,1.00
2015.03.04 12:42:20.003,1.83398,1.83415,1.62,1.00
2015.03.04 12:42:20.853,1.83401,1.83418,1.47,1.00
2015.03.04 12:42:21.270,1.83401,1.83418,1.37,1.19
2015.03.04 12:42:21.322,1.83399,1.83415,1.37,1.25
2015.03.04 12:42:21.525,1.83398,1.83415,1.00,1.17
2015.03.04 12:42:21.830,1.83396,1.83413,1.25,1.00
2015.03.04 12:42:21.881,1.83395,1.83413,2.25,1.19
2015.03.04 12:42:22.387,1.83392,1.83411,1.00,1.29
2015.03.04 12:42:22.640,1.83389,1.83408,1.84,1.19
2015.03.04 12:42:23.237,1.83389,1.83408,2.21,1.19
2015.03.04 12:42:24.395,1.83389,1.83408,2.59,1.19
2015.03.04 12:42:26.064,1.83403,1.83417,1.37,1.25
2015.03.04 12:42:26.267,1.834,1.83417,1.00,1.62
2015.03.04 12:42:26.995,1.834,1.83417,1.00,2.06
2015.03.04 12:42:27.401,1.834,1.83417,1.00,2.06
2015.03.04 12:42:28.418,1.834,1.83417,1.00,1.31
2015.03.04 12:42:29.410,1.834,1.83417,1.00,1.31
2015.03.04 12:42:29.927,1.834,1.83415,1.00,1.64
2015.03.04 12:42:30.079,1.83396,1.83414,1.00,1.01
2015.03.04 12:42:30.392,1.83394,1.83413,1.31,1.94
2015.03.04 12:42:30.801,1.83394,1.83413,3.49,1.19
2015.03.04 12:42:30.954,1.83396,1.83413,1.47,1.19
2015.03.04 12:42:31.367,1.83395,1.83413,1.46,1.56
2015.03.04 12:42:31.879,1.83396,1.83415,1.47,1.19
2015.03.04 12:42:32.631,1.83396,1.83415,1.66,1.19
2015.03.04 12:42:32.733,1.83396,1.83415,1.39,1.19
2015.03.04 12:42:32.783,1.83396,1.83415,1.39,1.56
2015.03.04 12:42:33.138,1.83394,1.83412,2.81,1.62
2015.03.04 12:42:33.441,1.83393,1.83412,2.14,1.69
2015.03.04 12:42:33.798,1.83393,1.8341,1.19,3.86
2015.03.04 12:42:33.849,1.8339,1.83406,1.32,1.00
2015.03.04 12:42:34.102,1.8339,1.83406,2.74,1.00
2015.03.04 12:42:34.488,1.83395,1.83412,1.47,1.69
2015.03.04 12:42:35.153,1.834,1.83414,1.37,1.25
2015.03.04 12:42:35.406,1.834,1.83417,1.37,1.19
2015.03.04 12:42:36.433,1.834,1.83417,1.37,1.25
2015.03.04 12:42:36.687,1.83398,1.83415,1.12,1.00
2015.03.04 12:42:37.908,1.83397,1.83415,1.25,1.00
2015.03.04 12:42:40.112,1.83397,1.83415,1.00,1.19
2015.03.04 12:42:40.619,1.83397,1.83415,1.31,1.25
2015.03.04 12:42:43.415,1.83393,1.8341,1.45,1.29
2015.03.04 12:42:43.668,1.83395,1.83412,2.06,1.10
2015.03.04 12:42:43.719,1.83397,1.83414,1.87,1.00
2015.03.04 12:42:44.022,1.834,1.83414,1.00,1.00
2015.03.04 12:42:44.527,1.834,1.83417,1.50,1.19
2015.03.04 12:42:44.730,1.834,1.83417,1.50,1.00
2015.03.04 12:42:45.236,1.834,1.83418,1.50,1.01
2015.03.04 12:42:45.851,1.834,1.83419,1.50,1.46
2015.03.04 12:42:46.315,1.834,1.83418,1.50,1.66
2015.03.04 12:42:46.468,1.83395,1.83412,1.10,1.56
2015.03.04 12:42:46.570,1.83395,1.8341,1.00,1.37
2015.03.04 12:42:46.622,1.83393,1.8341,1.12,2.25
2015.03.04 12:42:47.309,1.83393,1.83407,1.12,1.00
2015.03.04 12:42:47.671,1.83393,1.83409,1.20,1.00
2015.03.04 12:42:47.722,1.83394,1.83409,1.47,1.00
2015.03.04 12:42:47.773,1.83394,1.83413,3.56,1.25
2015.03.04 12:42:47.925,1.83398,1.83415,1.00,1.19
2015.03.04 12:42:47.976,1.83398,1.83415,1.00,1.00
2015.03.04 12:42:48.483,1.83398,1.83417,1.50,1.31
2015.03.04 12:42:49.004,1.83398,1.83415,1.00,1.12
2015.03.04 12:42:52.345,1.83401,1.83418,1.00,2.81
2015.03.04 12:42:52.398,1.83401,1.83418,1.00,2.06
2015.03.04 12:42:52.917,1.83401,1.83418,1.00,2.06
2015.03.04 12:42:55.172,1.83401,1.83417,1.00,1.00
2015.03.04 12:42:55.274,1.83403,1.83417,1.00,1.00
2015.03.04 12:42:55.578,1.83403,1.83419,1.00,1.12
2015.03.04 12:42:59.707,1.83406,1.83421,1.00,1.19
2015.03.04 12:43:00.423,1.83406,1.83421,1.00,1.56
2015.03.04 12:43:01.595,1.83406,1.83421,1.00,2.06
2015.03.04 12:43:03.511,1.83403,1.83421,1.00,2.06
2015.03.04 12:43:04.121,1.83403,1.8342,1.00,1.56
2015.03.04 12:43:05.374,1.83399,1.83418,1.10,1.31
2015.03.04 12:43:05.427,1.83399,1.83417,1.10,1.56
2015.03.04 12:43:05.933,1.834,1.83418,1.00,2.06
2015.03.04 12:43:07.715,1.834,1.83418,1.00,2.06
2015.03.04 12:43:08.483,1.834,1.83412,1.00,1.00
2015.03.04 12:43:09.766,1.834,1.83417,1.00,1.69
2015.03.04 12:43:10.429,1.83399,1.83418,1.10,2.81
2015.03.04 12:43:11.195,1.834,1.83418,1.00,2.44
2015.03.04 12:43:11.818,1.834,1.83418,1.00,1.69
2015.03.04 12:43:13.787,1.834,1.83417,1.00,1.00
2015.03.04 12:43:14.410,1.83404,1.83417,1.00,1.00
2015.03.04 12:43:14.715,1.83407,1.83419,1.00,1.00
2015.03.04 12:43:14.969,1.83409,1.83423,1.20,1.25
2015.03.04 12:43:15.071,1.83409,1.83427,2.25,4.54
2015.03.04 12:43:15.122,1.83409,1.83428,2.70,2.44
2015.03.04 12:43:15.426,1.83412,1.83429,2.25,1.19
2015.03.04 12:43:15.984,1.83415,1.83432,1.00,1.69
2015.03.04 12:43:16.288,1.83415,1.83428,1.00,1.31
2015.03.04 12:43:16.390,1.83412,1.83428,1.10,1.31
2015.03.04 12:43:18.153,1.83407,1.8342,1.50,1.00
2015.03.04 12:43:18.560,1.83407,1.8342,1.00,1.00
2015.03.04 12:43:20.980,1.83407,1.83422,1.00,1.62
2015.03.04 12:43:22.233,1.83407,1.83422,1.00,1.00
2015.03.04 12:43:27.402,1.83407,1.83425,1.37,1.01
2015.03.04 12:43:28.009,1.83407,1.83424,1.00,1.31
2015.03.04 12:43:28.516,1.83407,1.83423,1.12,1.01
2015.03.04 12:43:29.042,1.83407,1.83423,1.37,1.01
2015.03.04 12:43:30.572,1.83407,1.83422,1.37,1.50
2015.03.04 12:43:30.673,1.83407,1.83422,1.00,1.50
2015.03.04 12:43:32.444,1.83406,1.83422,1.12,1.69
2015.03.04 12:43:33.119,1.83406,1.83417,1.12,1.00
2015.03.04 12:43:33.321,1.83406,1.83422,1.12,1.69
2015.03.04 12:43:33.524,1.83406,1.83417,1.12,1.00
2015.03.04 12:43:33.676,1.83406,1.83421,1.12,1.00
2015.03.04 12:43:33.956,1.83406,1.83421,1.37,1.00
2015.03.04 12:43:34.158,1.83408,1.83425,1.12,1.94
2015.03.04 12:43:34.667,1.83408,1.83422,1.00,1.00
2015.03.04 12:43:34.870,1.83405,1.83421,1.39,1.00
2015.03.04 12:43:35.502,1.83405,1.83421,1.12,1.00
2015.03.04 12:43:36.008,1.83405,1.83421,1.37,1.00
2015.03.04 12:43:38.395,1.83405,1.83422,1.37,1.19
2015.03.04 12:43:38.913,1.83405,1.8342,1.47,1.00
2015.03.04 12:43:40.396,1.83405,1.8342,1.12,1.00
2015.03.04 12:43:41.182,1.83409,1.8342,1.00,1.00
2015.03.04 12:43:41.233,1.83409,1.83422,1.00,1.00
2015.03.04 12:43:41.739,1.83409,1.83425,1.00,1.01
2015.03.04 12:43:42.248,1.83409,1.83422,1.00,1.25
2015.03.04 12:43:43.293,1.83409,1.83422,1.00,1.19
2015.03.04 12:43:44.875,1.83405,1.83422,1.00,1.56
2015.03.04 12:43:45.900,1.83405,1.83421,1.62,1.19
2015.03.04 12:43:46.406,1.83405,1.83421,1.19,1.00
2015.03.04 12:43:46.710,1.83417,1.83433,1.00,1.00
2015.03.04 12:43:46.863,1.8342,1.83434,1.69,1.00
2015.03.04 12:43:47.445,1.83428,1.83437,1.25,1.00
2015.03.04 12:43:47.546,1.83429,1.83447,1.00,1.65
2015.03.04 12:43:47.749,1.83431,1.83447,1.00,1.00
2015.03.04 12:43:48.255,1.83431,1.83448,1.00,1.29
2015.03.04 12:43:49.620,1.83431,1.83448,1.00,2.04
2015.03.04 12:43:50.802,1.83431,1.83448,1.37,1.76
2015.03.04 12:43:51.105,1.83436,1.83453,1.50,1.69
2015.03.04 12:43:51.258,1.83439,1.83455,2.44,1.00
2015.03.04 12:43:51.359,1.83438,1.83455,1.00,2.25
2015.03.04 12:43:51.866,1.83434,1.83453,2.51,1.56
2015.03.04 12:43:52.220,1.83435,1.83453,2.06,1.00
2015.03.04 12:43:52.272,1.83437,1.83456,1.56,1.46
2015.03.04 12:43:52.323,1.83443,1.83456,1.37,1.00
2015.03.04 12:43:52.677,1.83445,1.83462,1.00,1.31
2015.03.04 12:43:53.552,1.83445,1.8346,1.00,1.00
2015.03.04 12:43:54.234,1.83445,1.8346,1.00,1.62
2015.03.04 12:43:55.514,1.83445,1.8346,1.00,1.56
2015.03.04 12:43:56.412,1.83445,1.8346,1.00,1.31
2015.03.04 12:43:59.201,1.83438,1.83458,1.00,3.56
2015.03.04 12:44:00.064,1.83436,1.83457,1.01,2.14
2015.03.04 12:44:00.369,1.83434,1.83452,1.25,3.37
2015.03.04 12:44:01.584,1.83434,1.83453,1.00,1.19
2015.03.04 12:44:02.553,1.83434,1.83455,1.69,1.74
2015.03.04 12:44:03.507,1.83434,1.83453,1.69,1.25
2015.03.04 12:44:04.618,1.83434,1.83454,1.19,1.39
2015.03.04 12:44:04.922,1.83434,1.83452,1.69,1.00
2015.03.04 12:44:05.125,1.83434,1.83454,2.06,1.39
2015.03.04 12:44:06.420,1.83434,1.83453,1.46,1.00
2015.03.04 12:44:06.925,1.83434,1.83452,1.36,1.00
2015.03.04 12:44:07.439,1.83434,1.83454,1.09,1.69
2015.03.04 12:44:08.443,1.83434,1.83452,1.09,1.00
2015.03.04 12:44:08.646,1.83434,1.83448,1.01,1.00
2015.03.04 12:44:08.747,1.83434,1.83452,1.01,1.69
2015.03.04 12:44:08.849,1.83434,1.83447,1.01,1.00
2015.03.04 12:44:08.951,1.83434,1.83452,1.01,1.25
2015.03.04 12:44:09.053,1.83434,1.83447,1.01,1.00
2015.03.04 12:44:09.862,1.83434,1.83452,1.00,1.00
2015.03.04 12:44:09.964,1.83434,1.8345,1.00,1.00
2015.03.04 12:44:10.269,1.83434,1.83442,1.00,1.00
2015.03.04 12:44:10.421,1.83431,1.83442,1.10,1.00
2015.03.04 12:44:10.775,1.83431,1.83438,1.00,1.00
2015.03.04 12:44:11.303,1.83431,1.83437,1.00,1.00
2015.03.04 12:44:11.505,1.83429,1.83438,1.00,1.00
2015.03.04 12:44:11.606,1.83424,1.83438,1.10,1.00
2015.03.04 12:44:11.758,1.83424,1.83433,1.10,1.00
2015.03.04 12:44:11.961,1.83422,1.83437,1.00,1.52
2015.03.04 12:44:12.133,1.83422,1.83437,1.00,1.52
2015.03.04 12:44:12.286,1.83418,1.83435,1.20,1.75
2015.03.04 12:44:13.577,1.83424,1.83437,1.00,1.00
2015.03.04 12:44:13.976,1.83424,1.83432,1.00,1.00
2015.03.04 12:44:14.180,1.8343,1.83442,1.00,1.00
2015.03.04 12:44:14.535,1.8343,1.83442,1.00,1.87
2015.03.04 12:44:16.566,1.83431,1.83442,1.00,1.37
2015.03.04 12:44:16.617,1.83431,1.83442,1.00,1.12
2015.03.04 12:44:17.901,1.83431,1.83438,1.00,1.00
2015.03.04 12:44:18.449,1.83431,1.83443,1.00,1.37
2015.03.04 12:44:23.700,1.83431,1.83448,1.19,1.87
2015.03.04 12:44:24.661,1.8343,1.83447,1.00,1.87
2015.03.04 12:44:27.822,1.8343,1.83445,1.12,1.70
2015.03.04 12:44:27.926,1.83426,1.83442,1.00,1.47
2015.03.04 12:44:28.078,1.83426,1.83444,1.00,2.62
2015.03.04 12:44:28.280,1.83426,1.83445,1.00,1.87
2015.03.04 12:44:28.801,1.83426,1.83445,1.57,1.12
2015.03.04 12:44:30.273,1.83426,1.83445,1.76,1.12
2015.03.04 12:44:30.375,1.83426,1.83445,1.57,1.37
2015.03.04 12:44:30.679,1.83426,1.83445,1.57,1.45
2015.03.04 12:44:31.842,1.83426,1.83445,1.00,3.56
2015.03.04 12:44:33.149,1.83426,1.83445,1.87,3.49
2015.03.04 12:44:33.200,1.83426,1.83445,1.87,1.31
2015.03.04 12:44:33.301,1.83426,1.83445,2.06,1.00
2015.03.04 12:44:35.900,1.83427,1.83445,1.76,1.00
2015.03.04 12:44:36.325,1.83429,1.83446,1.31,1.12
2015.03.04 12:44:37.294,1.83429,1.83446,1.31,1.12
2015.03.04 12:44:38.315,1.83429,1.83446,1.31,1.12
2015.03.04 12:44:39.236,1.83429,1.83446,1.25,1.12
2015.03.04 12:44:41.227,1.83429,1.83446,1.19,1.12
2015.03.04 12:44:41.734,1.83431,1.83448,1.00,1.87
2015.03.04 12:44:42.265,1.83431,1.83448,1.19,1.37
2015.03.04 12:44:43.242,1.83431,1.83448,1.19,1.37
2015.03.04 12:44:44.265,1.83431,1.83447,1.37,1.37
2015.03.04 12:44:45.240,1.83431,1.83447,1.56,1.37
2015.03.04 12:44:46.264,1.83431,1.83447,1.31,1.37
2015.03.04 12:44:47.272,1.83431,1.83447,1.56,1.37
2015.03.04 12:44:49.244,1.83433,1.83451,1.19,1.37
2015.03.04 12:44:49.751,1.83433,1.83447,1.31,1.00
2015.03.04 12:44:50.930,1.83433,1.83452,1.66,2.62
2015.03.04 12:44:51.840,1.83433,1.83452,1.39,1.87
2015.03.04 12:44:52.311,1.83433,1.83447,1.39,1.37
2015.03.04 12:44:52.817,1.83433,1.83447,1.00,1.37
2015.03.04 12:44:53.692,1.83431,1.83443,1.00,1.00
2015.03.04 12:44:53.794,1.83431,1.83448,1.00,2.06
2015.03.04 12:44:53.895,1.83431,1.83442,1.00,1.00
2015.03.04 12:44:55.678,1.83431,1.83447,1.00,1.00
2015.03.04 12:44:55.882,1.83431,1.83448,1.00,1.69
2015.03.04 12:44:56.893,1.83428,1.83445,1.00,1.09
2015.03.04 12:45:00.740,1.8343,1.83447,1.00,1.39
2015.03.04 12:45:00.791,1.8343,1.83447,1.00,1.20
2015.03.04 12:45:00.842,1.83433,1.83447,1.00,1.12
2015.03.04 12:45:01.145,1.83433,1.83442,1.00,1.00
2015.03.04 12:45:01.196,1.83431,1.83442,1.00,1.00
2015.03.04 12:45:01.703,1.83431,1.83446,1.00,2.25
2015.03.04 12:45:01.855,1.83428,1.83445,1.00,1.17
2015.03.04 12:45:02.369,1.83428,1.83442,1.00,1.00
2015.03.04 12:45:02.677,1.83428,1.83438,1.37,1.00
2015.03.04 12:45:03.196,1.83428,1.83438,1.12,1.00
2015.03.04 12:45:03.707,1.83428,1.83437,1.00,1.00
2015.03.04 12:45:03.913,1.83428,1.83443,1.00,1.00
2015.03.04 12:45:05.090,1.83428,1.83442,1.00,1.00
2015.03.04 12:45:05.242,1.83428,1.83445,1.12,1.00
2015.03.04 12:45:05.347,1.83428,1.83442,1.12,1.00
2015.03.04 12:45:05.654,1.83428,1.83443,1.62,1.00
2015.03.04 12:45:05.858,1.83428,1.83443,1.31,1.00
2015.03.04 12:45:06.065,1.83431,1.83443,1.50,1.00
2015.03.04 12:45:06.173,1.83431,1.83442,1.55,1.00
2015.03.04 12:45:06.679,1.8343,1.83442,1.00,1.00
2015.03.04 12:45:06.932,1.83427,1.83443,2.51,1.00
2015.03.04 12:45:07.192,1.83427,1.83437,1.69,1.00
2015.03.04 12:45:07.293,1.83427,1.83443,1.69,1.00
2015.03.04 12:45:07.653,1.83431,1.83443,1.00,1.00
2015.03.04 12:45:08.059,1.83431,1.83447,1.39,1.00
2015.03.04 12:45:08.110,1.83434,1.83447,1.00,1.00
2015.03.04 12:45:10.232,1.83434,1.83442,1.00,1.00
2015.03.04 12:45:11.147,1.83434,1.83448,1.00,1.00
2015.03.04 12:45:11.754,1.83431,1.83448,1.10,1.00
2015.03.04 12:45:11.805,1.83431,1.83443,1.10,1.00
2015.03.04 12:45:12.387,1.83431,1.83448,1.10,1.31
2015.03.04 12:45:13.507,1.8343,1.83449,1.76,1.00
2015.03.04 12:45:14.072,1.83431,1.83449,1.39,1.00
2015.03.04 12:45:14.274,1.83433,1.83452,1.12,2.51
2015.03.04 12:45:14.678,1.83433,1.83447,1.56,1.00
2015.03.04 12:45:14.780,1.83433,1.83452,1.56,1.29
2015.03.04 12:45:15.307,1.83433,1.83452,1.00,1.29
2015.03.04 12:45:15.563,1.83433,1.83447,1.00,1.00
2015.03.04 12:45:16.069,1.83433,1.83447,1.37,1.00
2015.03.04 12:45:16.588,1.83433,1.83447,1.00,1.00
2015.03.04 12:45:16.639,1.83433,1.83452,1.00,1.76
2015.03.04 12:45:16.797,1.83433,1.83452,1.00,1.76
2015.03.04 12:45:17.916,1.83434,1.83452,1.37,2.70
2015.03.04 12:45:18.220,1.83438,1.83453,1.10,1.37
2015.03.04 12:45:18.625,1.83438,1.83457,1.20,2.06
2015.03.04 12:45:19.457,1.83438,1.83457,1.39,1.37
2015.03.04 12:45:20.015,1.83438,1.83457,1.76,1.56
2015.03.04 12:45:20.925,1.83438,1.83456,1.47,1.62
2015.03.04 12:45:21.077,1.83436,1.83453,1.39,1.37
2015.03.04 12:45:21.178,1.83437,1.83453,1.00,1.00
2015.03.04 12:45:21.330,1.83436,1.83452,1.39,1.37
2015.03.04 12:45:21.837,1.83436,1.83452,1.10,1.37
2015.03.04 12:45:24.519,1.83434,1.83451,1.00,1.37
2015.03.04 12:45:26.387,1.83434,1.83451,1.00,1.37
2015.03.04 12:45:27.662,1.83434,1.83451,1.37,1.37
2015.03.04 12:45:28.352,1.83434,1.83451,1.31,1.47
2015.03.04 12:45:29.162,1.83434,1.83451,1.62,1.37
2015.03.04 12:45:29.364,1.83436,1.83452,1.31,1.37
2015.03.04 12:45:29.585,1.83436,1.83452,1.31,1.37
2015.03.04 12:45:30.348,1.83436,1.83453,1.31,1.87
2015.03.04 12:45:31.361,1.83436,1.83452,1.31,1.37
2015.03.04 12:45:31.867,1.83436,1.83452,1.56,1.37
2015.03.04 12:45:32.682,1.83436,1.83452,1.56,1.37
2015.03.04 12:45:33.572,1.83436,1.83452,1.39,1.37
2015.03.04 12:45:33.876,1.83436,1.8345,1.00,2.62
2015.03.04 12:45:33.978,1.83433,1.8345,1.19,3.00
2015.03.04 12:45:34.130,1.83433,1.83448,1.31,2.25
2015.03.04 12:45:34.282,1.83433,1.8345,1.00,3.19
2015.03.04 12:45:34.484,1.83433,1.8345,1.19,3.37
2015.03.04 12:45:34.939,1.83433,1.8345,1.19,3.37
2015.03.04 12:45:35.041,1.83433,1.8345,1.00,3.37
2015.03.04 12:45:37.601,1.83433,1.8345,1.00,3.37
2015.03.04 12:45:37.905,1.8343,1.83448,1.19,4.72
2015.03.04 12:45:38.057,1.8343,1.83448,1.19,4.72
2015.03.04 12:45:38.360,1.8343,1.83449,1.31,1.01
2015.03.04 12:45:39.061,1.8343,1.83449,1.31,1.10
2015.03.04 12:45:40.099,1.83432,1.83451,1.62,3.56
2015.03.04 12:45:41.636,1.83432,1.83451,1.62,1.37
2015.03.04 12:45:44.105,1.83432,1.83451,1.00,1.37
2015.03.04 12:45:46.455,1.83433,1.83451,1.00,1.15
2015.03.04 12:45:46.860,1.83434,1.83453,1.37,1.62
2015.03.04 12:45:47.517,1.83434,1.83453,2.06,1.37
2015.03.04 12:45:47.770,1.83434,1.83453,2.81,1.37
2015.03.04 12:45:52.562,1.83438,1.83455,1.00,1.37
2015.03.04 12:45:53.120,1.83438,1.83455,1.00,1.37
2015.03.04 12:45:53.685,1.83438,1.83455,1.00,1.37
2015.03.04 12:45:55.112,1.83438,1.83455,1.00,1.37
2015.03.04 12:45:55.213,1.83435,1.83456,1.31,1.09
2015.03.04 12:45:55.769,1.83436,1.83457,1.62,1.52
2015.03.04 12:45:55.971,1.83441,1.83457,1.00,1.37
2015.03.04 12:45:56.312,1.83436,1.83457,2.29,1.37
2015.03.04 12:45:56.464,1.83438,1.83455,1.37,1.00
2015.03.04 12:45:56.876,1.83441,1.83458,1.00,1.47
2015.03.04 12:45:57.087,1.83441,1.83458,1.00,1.37
2015.03.04 12:45:57.292,1.83441,1.83458,1.00,1.37
2015.03.04 12:45:57.813,1.83441,1.83458,1.37,1.37
2015.03.04 12:45:58.329,1.83441,1.83458,1.00,1.37
2015.03.04 12:45:58.846,1.83441,1.83458,1.37,1.37
2015.03.04 12:45:59.994,1.83444,1.83461,2.44,1.12
2015.03.04 12:46:00.997,1.83449,1.83468,1.66,1.87
2015.03.04 12:46:01.200,1.83449,1.83468,1.66,1.87
2015.03.04 12:46:01.387,1.8345,1.83468,1.56,1.87
2015.03.04 12:46:02.198,1.8345,1.83468,1.64,1.37
2015.03.04 12:46:02.349,1.83451,1.83468,1.54,1.00
2015.03.04 12:46:02.400,1.83451,1.83468,1.91,1.00
2015.03.04 12:46:02.754,1.83454,1.83471,1.62,1.00
2015.03.04 12:46:03.256,1.83455,1.83472,1.87,1.12
2015.03.04 12:46:03.762,1.83455,1.83472,1.25,1.12
2015.03.04 12:46:04.015,1.83455,1.83472,1.25,1.37
2015.03.04 12:46:06.323,1.83439,1.83456,1.00,2.44
2015.03.04 12:46:06.425,1.83435,1.83453,1.07,1.50
2015.03.04 12:46:06.932,1.83435,1.83451,1.00,1.37
2015.03.04 12:46:08.297,1.83435,1.83451,1.00,1.12
2015.03.04 12:46:11.036,1.83435,1.83453,1.00,1.10
2015.03.04 12:46:11.430,1.83435,1.8345,1.00,2.17
2015.03.04 12:46:12.929,1.83434,1.8345,1.00,2.62
2015.03.04 12:46:13.234,1.83432,1.83449,1.00,1.84
2015.03.04 12:46:13.285,1.83432,1.83448,1.00,2.25
2015.03.04 12:46:13.589,1.83429,1.83446,1.31,1.95
2015.03.04 12:46:14.189,1.83429,1.83446,1.12,1.95
2015.03.04 12:46:15.514,1.83429,1.83446,1.00,1.57
2015.03.04 12:46:15.667,1.83431,1.83449,1.00,2.62
2015.03.04 12:46:15.718,1.83431,1.8345,1.12,2.21
2015.03.04 12:46:16.224,1.83432,1.8345,1.31,1.00
2015.03.04 12:46:16.326,1.83432,1.8345,1.62,1.00
2015.03.04 12:46:16.529,1.83436,1.83453,1.00,1.25
2015.03.04 12:46:17.042,1.83436,1.83453,1.37,1.00
2015.03.04 12:46:17.553,1.83439,1.83456,1.00,3.00
2015.03.04 12:46:17.806,1.83439,1.83456,1.31,1.00
2015.03.04 12:46:17.857,1.83439,1.83456,1.62,1.00
2015.03.04 12:46:18.009,1.83442,1.83459,1.87,1.55
2015.03.04 12:46:18.893,1.83442,1.83459,1.00,1.55
2015.03.04 12:46:20.749,1.83436,1.83452,2.62,1.00
2015.03.04 12:46:21.812,1.83436,1.83453,2.81,1.00
2015.03.04 12:46:22.335,1.83436,1.83452,2.62,1.00
2015.03.04 12:46:24.102,1.83436,1.83453,1.50,1.31
2015.03.04 12:46:24.153,1.83436,1.83453,1.50,1.69
2015.03.04 12:46:24.360,1.83434,1.83453,1.00,2.44
2015.03.04 12:46:25.335,1.83433,1.8345,1.69,1.90
2015.03.04 12:46:25.437,1.8343,1.83446,1.25,1.27
2015.03.04 12:46:25.539,1.83428,1.83445,1.10,1.10
2015.03.04 12:46:28.038,1.83428,1.83445,1.00,1.57
2015.03.04 12:46:28.089,1.83428,1.83442,1.00,1.12
2015.03.04 12:46:28.393,1.83428,1.83442,1.00,1.87
2015.03.04 12:46:28.748,1.83426,1.83442,1.10,2.02
2015.03.04 12:46:32.943,1.83426,1.83442,1.00,1.55
2015.03.04 12:46:40.116,1.83426,1.83443,1.00,4.31
2015.03.04 12:46:42.588,1.83428,1.83442,1.00,1.37
2015.03.04 12:46:42.841,1.83428,1.83444,1.00,1.57
2015.03.04 12:46:42.992,1.83428,1.83447,1.37,2.81
2015.03.04 12:46:43.687,1.83428,1.83442,1.00,1.37
2015.03.04 12:46:44.935,1.83428,1.83442,1.00,1.00
2015.03.04 12:46:46.038,1.83428,1.83442,1.00,1.37
2015.03.04 12:46:46.498,1.83428,1.83442,1.50,1.00
2015.03.04 12:46:46.550,1.83428,1.83447,1.50,2.81
2015.03.04 12:46:46.651,1.83432,1.83447,1.00,2.06
2015.03.04 12:46:47.214,1.83432,1.83448,1.00,1.76
2015.03.04 12:46:59.685,1.83432,1.83449,1.00,1.77
2015.03.04 12:47:00.205,1.83432,1.83449,1.00,1.46
2015.03.04 12:47:01.242,1.83432,1.83449,1.00,1.77
2015.03.04 12:47:05.178,1.83432,1.83449,1.00,1.77
2015.03.04 12:47:05.230,1.83432,1.83448,1.00,1.27
2015.03.04 12:47:05.281,1.83428,1.83443,3.45,3.30
2015.03.04 12:47:05.433,1.83428,1.83439,2.25,2.55
2015.03.04 12:47:05.484,1.8342,1.83438,1.47,1.20
2015.03.04 12:47:05.585,1.8342,1.83438,1.12,1.07
2015.03.04 12:47:05.686,1.8342,1.83438,1.87,1.07
2015.03.04 12:47:06.140,1.8342,1.83438,1.12,1.45
2015.03.04 12:47:07.815,1.83419,1.83436,1.00,1.37
2015.03.04 12:47:08.018,1.8341,1.83427,1.00,1.00
2015.03.04 12:47:08.270,1.8341,1.83427,1.00,1.55
2015.03.04 12:47:09.602,1.8341,1.83427,1.00,1.65
2015.03.04 12:47:10.775,1.83406,1.83425,1.31,2.25
2015.03.04 12:47:15.372,1.83406,1.83425,1.12,2.44
2015.03.04 12:47:18.156,1.8341,1.83425,1.37,1.62
2015.03.04 12:47:18.361,1.83412,1.83429,1.12,2.06
2015.03.04 12:47:27.785,1.83414,1.83431,1.00,1.31
2015.03.04 12:47:29.101,1.83414,1.83431,2.21,1.12
2015.03.04 12:47:29.617,1.83416,1.83435,1.00,1.37
2015.03.04 12:47:30.437,1.83415,1.83432,1.00,1.37
2015.03.04 12:47:36.198,1.83415,1.83432,1.00,2.06
2015.03.04 12:47:36.400,1.83413,1.8343,1.00,1.37
2015.03.04 12:47:36.553,1.83413,1.8343,1.00,1.37
2015.03.04 12:47:52.256,1.83411,1.83428,1.00,1.37
2015.03.04 12:48:00.946,1.83411,1.83428,1.00,1.37
2015.03.04 12:48:01.154,1.83411,1.83428,1.00,1.37
2015.03.04 12:48:04.036,1.83411,1.83428,1.00,1.12
2015.03.04 12:48:04.138,1.83411,1.83428,3.49,1.12
2015.03.04 12:48:04.441,1.83415,1.83433,1.00,1.62
2015.03.04 12:48:04.599,1.83415,1.83433,1.00,1.62
2015.03.04 12:48:04.700,1.83418,1.83435,1.00,1.69
2015.03.04 12:48:06.825,1.8342,1.83437,1.00,3.34
2015.03.04 12:48:08.988,1.8342,1.83437,1.00,1.87
2015.03.04 12:48:12.535,1.83417,1.83434,1.56,1.00
2015.03.04 12:48:13.046,1.83417,1.83434,1.31,1.00
2015.03.04 12:48:14.524,1.83417,1.83434,1.56,1.00
2015.03.04 12:48:15.607,1.83417,1.83434,1.56,1.00
2015.03.04 12:48:16.598,1.83417,1.83434,1.56,1.00
2015.03.04 12:48:17.797,1.83419,1.83438,1.31,1.25
2015.03.04 12:48:18.310,1.83419,1.83438,1.62,1.25
2015.03.04 12:48:20.239,1.83419,1.83438,1.12,1.31
2015.03.04 12:48:24.253,1.83419,1.83438,1.12,1.31
2015.03.04 12:48:24.563,1.83419,1.83438,1.12,1.31
2015.03.04 12:48:25.432,1.83419,1.83438,1.12,1.31
2015.03.04 12:48:30.897,1.83419,1.83438,1.12,1.84
2015.03.04 12:48:33.949,1.83419,1.83438,1.12,1.84
2015.03.04 12:48:36.938,1.83419,1.83438,1.00,1.36
2015.03.04 12:48:37.957,1.83419,1.83438,1.00,1.36
2015.03.04 12:48:40.215,1.83419,1.83436,1.00,1.19
2015.03.04 12:48:42.068,1.83419,1.83437,1.00,1.76
2015.03.04 12:48:42.678,1.83417,1.83434,1.37,1.19
2015.03.04 12:48:43.187,1.83417,1.83434,1.37,1.25
2015.03.04 12:48:45.717,1.83421,1.83434,1.57,1.31
2015.03.04 12:48:45.818,1.83424,1.83439,1.50,1.00
2015.03.04 12:48:45.920,1.83427,1.83445,1.12,1.45
2015.03.04 12:48:46.072,1.83427,1.83446,1.12,2.44
2015.03.04 12:48:46.123,1.83427,1.83446,1.87,1.69
2015.03.04 12:48:46.635,1.8343,1.83446,1.37,1.25
2015.03.04 12:48:46.938,1.83434,1.83448,1.37,1.00
2015.03.04 12:48:47.192,1.83435,1.83452,1.87,1.25
2015.03.04 12:48:47.445,1.83435,1.83452,1.87,1.25
2015.03.04 12:48:47.647,1.83435,1.83452,1.00,1.25
2015.03.04 12:48:47.698,1.83435,1.83452,1.00,1.19
2015.03.04 12:48:47.800,1.83432,1.8345,1.00,1.19
2015.03.04 12:48:48.305,1.8343,1.83447,1.37,1.19
2015.03.04 12:48:49.684,1.8343,1.83447,1.12,2.06
2015.03.04 12:48:49.887,1.83428,1.83445,1.12,1.62
2015.03.04 12:48:50.356,1.83427,1.83443,1.00,1.37
2015.03.04 12:48:50.508,1.83423,1.83441,1.10,1.31
2015.03.04 12:48:51.015,1.83422,1.83441,1.87,1.39
2015.03.04 12:48:51.963,1.83422,1.83441,1.87,1.64
2015.03.04 12:48:52.115,1.83422,1.83441,1.87,1.64
2015.03.04 12:48:52.628,1.83422,1.83441,1.00,2.14
2015.03.04 12:48:56.205,1.8342,1.83439,1.37,1.56
2015.03.04 12:49:05.657,1.8342,1.83439,1.37,1.56
2015.03.04 12:49:10.028,1.8342,1.83439,1.37,1.62
2015.03.04 12:49:10.550,1.8342,1.83439,1.37,2.81
2015.03.04 12:49:13.212,1.8342,1.83438,1.37,1.66
2015.03.04 12:49:15.761,1.8342,1.83438,1.12,1.66
2015.03.04 12:49:17.042,1.8342,1.83439,1.37,2.21
2015.03.04 12:49:23.843,1.83418,1.83435,1.12,1.56
2015.03.04 12:49:23.895,1.83418,1.83435,1.12,1.56
2015.03.04 12:49:25.110,1.83418,1.83435,1.00,1.56
2015.03.04 12:49:25.857,1.83415,1.83432,1.87,1.56
2015.03.04 12:49:26.081,1.83415,1.83432,1.87,1.37
2015.03.04 12:49:26.588,1.83415,1.83432,1.87,1.37
2015.03.04 12:49:27.266,1.83415,1.83432,1.87,1.37
2015.03.04 12:49:28.345,1.83419,1.83436,1.00,4.31
2015.03.04 12:49:34.014,1.83419,1.83436,1.37,2.06
2015.03.04 12:49:34.764,1.83422,1.8344,1.12,1.56
2015.03.04 12:49:35.017,1.83422,1.8344,1.37,1.56
2015.03.04 12:49:35.323,1.83426,1.8344,1.00,1.56
2015.03.04 12:49:37.390,1.83426,1.83442,1.37,1.62
2015.03.04 12:49:37.442,1.83428,1.83442,1.12,1.62
2015.03.04 12:49:37.543,1.83432,1.83443,1.00,1.56
2015.03.04 12:49:37.645,1.83432,1.83444,1.00,2.06
2015.03.04 12:49:37.847,1.83432,1.83445,1.00,1.56
2015.03.04 12:49:38.960,1.83432,1.83446,1.00,1.56
2015.03.04 12:49:41.289,1.83432,1.83446,1.00,1.56
2015.03.04 12:49:41.593,1.83432,1.83443,1.00,1.37
2015.03.04 12:49:41.796,1.83432,1.83445,1.00,1.00
2015.03.04 12:49:41.847,1.83434,1.83445,1.00,1.00
2015.03.04 12:49:42.151,1.8344,1.83451,1.00,1.12
2015.03.04 12:49:42.658,1.8344,1.83451,1.00,1.37
2015.03.04 12:49:43.970,1.83436,1.83451,1.00,1.62
2015.03.04 12:49:47.299,1.83436,1.83449,1.00,1.56
2015.03.04 12:49:47.350,1.83434,1.83449,1.00,1.94
2015.03.04 12:49:47.908,1.8343,1.83449,1.00,3.26
2015.03.04 12:49:48.617,1.8343,1.83446,1.00,1.01
2015.03.04 12:49:49.125,1.8343,1.83447,1.00,1.56
2015.03.04 12:49:53.295,1.8343,1.83446,1.00,1.56
2015.03.04 12:49:54.111,1.8343,1.83446,1.00,1.69
2015.03.04 12:49:56.121,1.83424,1.83439,1.00,3.19
2015.03.04 12:49:56.819,1.83424,1.8344,1.00,1.56
2015.03.04 12:49:57.856,1.83424,1.8344,1.00,1.56
2015.03.04 12:49:59.815,1.83424,1.8344,1.00,1.56
2015.03.04 12:50:00.214,1.83424,1.8344,1.00,1.56
2015.03.04 12:50:01.058,1.83424,1.83438,1.00,5.29
2015.03.04 12:50:01.109,1.83422,1.83438,1.00,5.29
2015.03.04 12:50:01.160,1.83422,1.83438,1.00,6.04
2015.03.04 12:50:01.211,1.8342,1.83437,1.00,1.71
2015.03.04 12:50:01.742,1.8342,1.83437,1.00,1.71
2015.03.04 12:50:02.260,1.8342,1.83437,1.00,1.71
2015.03.04 12:50:03.600,1.8342,1.83436,1.00,1.09
2015.03.04 12:50:03.956,1.8342,1.83435,1.00,1.00
2015.03.04 12:50:04.057,1.8342,1.83437,1.00,1.71
2015.03.04 12:50:06.028,1.8342,1.83437,1.00,1.56
2015.03.04 12:50:07.060,1.8342,1.83437,1.00,1.56
2015.03.04 12:50:07.464,1.8342,1.83434,1.00,1.56
2015.03.04 12:50:08.673,1.8342,1.83433,1.00,1.01
2015.03.04 12:50:08.724,1.83413,1.8343,1.50,1.56
2015.03.04 12:50:11.446,1.83413,1.8343,1.00,1.56
2015.03.04 12:50:11.952,1.83413,1.8343,1.00,1.76
2015.03.04 12:50:12.053,1.83409,1.83426,1.20,1.12
2015.03.04 12:50:13.080,1.83409,1.83426,1.10,1.37
2015.03.04 12:50:14.609,1.83409,1.83426,1.00,1.56
2015.03.04 12:50:14.915,1.83406,1.83423,1.00,1.31
2015.03.04 12:50:15.276,1.83402,1.83421,1.00,1.39
2015.03.04 12:50:15.377,1.83402,1.83418,1.00,1.56
2015.03.04 12:50:15.478,1.83398,1.83417,1.47,2.89
2015.03.04 12:50:15.731,1.83403,1.83417,1.00,1.31
2015.03.04 12:50:15.833,1.83398,1.83417,1.55,1.31
2015.03.04 12:50:15.934,1.83398,1.83417,1.17,1.31
2015.03.04 12:50:16.047,1.83403,1.83417,1.00,1.31
2015.03.04 12:50:16.812,1.83401,1.83415,1.00,1.31
2015.03.04 12:50:17.188,1.83395,1.83414,1.32,1.25
2015.03.04 12:50:17.290,1.834,1.83415,1.00,1.46
2015.03.04 12:50:17.694,1.834,1.83417,1.00,1.00
2015.03.04 12:50:17.846,1.83404,1.83419,1.00,1.74
2015.03.04 12:50:19.299,1.83404,1.83421,1.00,1.66
2015.03.04 12:50:20.252,1.83406,1.83422,1.00,2.59
2015.03.04 12:50:22.542,1.83406,1.83418,1.00,1.50
2015.03.04 12:50:23.059,1.83406,1.83417,1.00,1.00
2015.03.04 12:50:23.524,1.83406,1.83412,1.00,1.00
2015.03.04 12:50:23.626,1.83406,1.83417,1.00,1.00
2015.03.04 12:50:25.227,1.83409,1.83417,1.00,1.00
2015.03.04 12:50:26.370,1.83409,1.83417,1.00,1.37
2015.03.04 12:50:26.522,1.83406,1.83417,1.00,1.37
2015.03.04 12:50:26.573,1.83406,1.83418,1.00,1.56
2015.03.04 12:50:26.725,1.83404,1.83419,1.00,1.69
2015.03.04 12:50:26.827,1.83399,1.83415,1.57,1.37
2015.03.04 12:50:26.928,1.83404,1.83416,1.00,1.62
2015.03.04 12:50:28.106,1.83404,1.83416,1.00,1.62
2015.03.04 12:50:28.258,1.83396,1.83414,2.29,1.37
2015.03.04 12:50:28.359,1.83402,1.83414,1.00,1.37
2015.03.04 12:50:30.653,1.83402,1.83415,1.00,1.37
2015.03.04 12:50:30.805,1.83399,1.83414,1.00,1.37
2015.03.04 12:50:31.796,1.83397,1.83413,1.01,1.37
2015.03.04 12:50:31.847,1.83397,1.83413,1.01,1.00
2015.03.04 12:50:32.376,1.83397,1.83414,1.10,1.25
2015.03.04 12:50:32.428,1.83397,1.83414,1.10,1.19
2015.03.04 12:50:32.884,1.83398,1.83415,1.00,1.25
2015.03.04 12:50:34.188,1.83402,1.83413,1.00,1.00
2015.03.04 12:50:34.343,1.83395,1.83412,2.81,1.00
2015.03.04 12:50:34.394,1.83395,1.83408,2.81,1.00
2015.03.04 12:50:35.406,1.83392,1.83411,3.34,1.00
2015.03.04 12:50:36.166,1.83394,1.83411,1.12,1.00
2015.03.04 12:50:36.719,1.83398,1.83413,1.00,1.00
2015.03.04 12:50:36.871,1.83394,1.83412,1.12,1.00
2015.03.04 12:50:38.258,1.83396,1.83412,1.00,1.50
2015.03.04 12:50:38.820,1.83396,1.83412,1.62,1.00
2015.03.04 12:50:39.124,1.83398,1.83412,1.37,1.00
2015.03.04 12:50:39.680,1.83399,1.83416,1.12,1.25
2015.03.04 12:50:39.832,1.83398,1.83413,1.50,1.00
2015.03.04 12:50:40.136,1.834,1.83413,1.00,1.00
2015.03.04 12:50:40.444,1.83398,1.83413,1.25,1.00
2015.03.04 12:50:40.804,1.83398,1.83413,2.06,1.37
2015.03.04 12:50:41.318,1.83398,1.83413,2.06,1.37
2015.03.04 12:50:41.883,1.83401,1.83417,1.00,1.37
2015.03.04 12:50:43.767,1.83404,1.83418,1.00,1.62
2015.03.04 12:50:47.065,1.83401,1.83416,1.19,1.37
2015.03.04 12:50:47.570,1.83401,1.83416,1.00,1.37
2015.03.04 12:50:48.737,1.83399,1.83416,1.69,1.37
2015.03.04 12:50:49.296,1.83399,1.83416,1.69,1.62
2015.03.04 12:50:51.573,1.83399,1.83416,1.69,1.39
2015.03.04 12:50:52.130,1.83397,1.83415,2.06,1.62
2015.03.04 12:50:52.646,1.83402,1.83417,1.00,1.74
2015.03.04 12:50:53.252,1.83398,1.83412,1.25,1.37
2015.03.04 12:50:53.556,1.83395,1.83412,2.14,1.37
2015.03.04 12:50:54.062,1.83396,1.83413,1.19,1.37
2015.03.04 12:50:54.635,1.83395,1.83411,1.29,1.37
2015.03.04 12:50:54.736,1.83395,1.83411,1.66,1.00
2015.03.04 12:50:55.257,1.83399,1.83418,1.00,4.69
2015.03.04 12:50:55.664,1.83399,1.83418,1.19,1.69
2015.03.04 12:50:56.487,1.83399,1.83417,1.19,1.62
2015.03.04 12:50:56.539,1.83398,1.83414,1.29,1.37
2015.03.04 12:50:56.640,1.83399,1.83414,1.19,1.37
2015.03.04 12:50:56.945,1.83399,1.83417,1.19,3.00
2015.03.04 12:50:57.666,1.83396,1.83413,1.31,1.37
2015.03.04 12:50:58.379,1.83399,1.83418,1.25,2.81
2015.03.04 12:50:58.582,1.83397,1.83415,1.56,1.37
2015.03.04 12:50:58.785,1.83396,1.83415,2.06,1.37
2015.03.04 12:50:59.089,1.83401,1.83417,1.00,1.95
2015.03.04 12:50:59.241,1.83401,1.83418,1.00,2.06
2015.03.04 12:50:59.342,1.83399,1.83415,1.12,1.37
2015.03.04 12:50:59.645,1.83401,1.83418,1.00,2.06
2015.03.04 12:51:01.702,1.83393,1.8341,1.19,1.37
2015.03.04 12:51:02.748,1.83393,1.8341,1.25,1.37
2015.03.04 12:51:03.255,1.83394,1.8341,1.29,1.37
2015.03.04 12:51:03.968,1.83395,1.83412,2.06,1.37
2015.03.04 12:51:04.526,1.83395,1.83412,1.25,1.47
2015.03.04 12:51:04.628,1.83395,1.83412,1.25,1.37
2015.03.04 12:51:05.193,1.83396,1.83415,1.00,2.06
2015.03.04 12:51:05.651,1.83394,1.83409,1.31,1.00
2015.03.04 12:51:05.702,1.83394,1.83409,1.00,1.12
2015.03.04 12:51:05.803,1.83393,1.83409,1.25,3.37
2015.03.04 12:51:05.905,1.83388,1.83407,1.56,1.10
2015.03.04 12:51:06.007,1.83388,1.83405,1.56,1.00
2015.03.04 12:51:06.361,1.83388,1.83405,1.00,1.12
2015.03.04 12:51:06.412,1.83388,1.83405,1.00,3.37
2015.03.04 12:51:06.717,1.83379,1.83396,2.62,1.87
2015.03.04 12:51:06.920,1.83377,1.83394,1.00,1.87
2015.03.04 12:51:06.971,1.83377,1.83394,1.19,1.12
2015.03.04 12:51:07.276,1.83374,1.8339,1.31,1.00
2015.03.04 12:51:07.478,1.83374,1.8339,1.60,1.00
2015.03.04 12:51:07.529,1.83373,1.83388,1.09,1.00
2015.03.04 12:51:08.292,1.83371,1.83388,1.95,3.56
2015.03.04 12:51:08.393,1.83371,1.83386,1.00,2.62
2015.03.04 12:51:08.545,1.83368,1.83383,1.25,1.37
2015.03.04 12:51:08.596,1.83368,1.83383,1.29,1.12
2015.03.04 12:51:08.698,1.83369,1.83386,5.44,1.37
2015.03.04 12:51:09.133,1.8338,1.83389,1.00,1.50
2015.03.04 12:51:09.184,1.83377,1.83391,1.69,1.00
2015.03.04 12:51:09.488,1.83377,1.83394,1.69,1.45
2015.03.04 12:51:09.589,1.83377,1.83393,1.25,2.62
2015.03.04 12:51:09.792,1.83372,1.83389,1.31,1.47
2015.03.04 12:51:10.922,1.83369,1.83389,1.56,2.14
2015.03.04 12:51:11.586,1.83368,1.83385,1.31,1.37
2015.03.04 12:51:12.096,1.83369,1.83382,1.19,1.37
2015.03.04 12:51:12.405,1.83368,1.83383,1.69,1.87
2015.03.04 12:51:14.396,1.83368,1.83382,1.19,1.37
2015.03.04 12:51:14.650,1.83365,1.83382,1.00,1.55
2015.03.04 12:51:14.701,1.83365,1.83378,1.19,1.37
2015.03.04 12:51:14.802,1.83363,1.83377,2.06,1.37
2015.03.04 12:51:14.853,1.83362,1.83377,1.56,1.37
2015.03.04 12:51:16.122,1.83365,1.83378,1.25,1.87
2015.03.04 12:51:16.445,1.83365,1.83374,1.56,1.00
2015.03.04 12:51:17.162,1.83365,1.83374,1.19,1.00
2015.03.04 12:51:17.415,1.83365,1.83384,1.00,1.95
2015.03.04 12:51:17.617,1.83367,1.83386,1.31,1.87
2015.03.04 12:51:17.719,1.83374,1.83384,1.19,1.37
2015.03.04 12:51:17.820,1.83374,1.83386,1.19,1.37
2015.03.04 12:51:17.972,1.83372,1.83388,1.19,1.87
2015.03.04 12:51:19.537,1.83371,1.83388,1.00,1.37
2015.03.04 12:51:25.195,1.8337,1.83388,1.00,4.12
2015.03.04 12:51:26.310,1.8337,1.83388,1.37,4.31
2015.03.04 12:51:26.361,1.8337,1.83388,1.56,1.87
2015.03.04 12:51:26.412,1.83372,1.83388,1.19,1.37
2015.03.04 12:51:26.767,1.83372,1.8339,1.66,1.37
2015.03.04 12:51:27.313,1.83374,1.83394,1.00,4.01
2015.03.04 12:51:27.913,1.83374,1.83393,1.62,1.39
2015.03.04 12:51:28.318,1.83379,1.83395,1.12,1.37
2015.03.04 12:51:28.419,1.8338,1.83395,1.00,1.37
2015.03.04 12:51:28.790,1.83382,1.83398,1.00,1.37
2015.03.04 12:51:30.282,1.83382,1.83398,1.00,1.37
2015.03.04 12:51:30.385,1.83382,1.83395,1.00,1.37
2015.03.04 12:51:33.351,1.83382,1.83398,1.00,1.37
2015.03.04 12:51:33.453,1.83382,1.83398,1.00,1.65
2015.03.04 12:51:34.837,1.83379,1.83397,1.19,1.10
2015.03.04 12:51:35.342,1.83379,1.83397,1.00,1.10
2015.03.04 12:51:35.863,1.83379,1.83397,1.37,1.10
2015.03.04 12:51:37.691,1.83383,1.83399,1.00,2.25
2015.03.04 12:51:37.893,1.83379,1.83395,1.19,1.00
2015.03.04 12:51:38.399,1.83379,1.83395,1.25,1.00
2015.03.04 12:51:38.954,1.83379,1.83395,1.31,1.07
2015.03.04 12:51:39.973,1.8338,1.83395,1.00,1.15
2015.03.04 12:51:45.443,1.83378,1.83394,1.00,1.20
2015.03.04 12:51:47.739,1.83378,1.83394,1.69,1.00
2015.03.04 12:51:47.840,1.83382,1.83399,2.06,2.17
2015.03.04 12:51:47.891,1.83382,1.83401,2.06,1.00
2015.03.04 12:51:47.943,1.83386,1.83402,1.00,1.10
2015.03.04 12:51:48.247,1.83386,1.83398,1.19,1.00
2015.03.04 12:51:48.298,1.83386,1.83404,1.69,2.62
2015.03.04 12:51:48.813,1.83386,1.83401,1.19,1.00
2015.03.04 12:51:48.966,1.83386,1.83398,1.19,1.00
2015.03.04 12:51:49.269,1.83385,1.83402,1.19,1.37
2015.03.04 12:51:50.176,1.83385,1.83402,1.19,1.50
2015.03.04 12:51:50.894,1.83385,1.83402,1.25,1.37
2015.03.04 12:51:55.332,1.83382,1.83398,1.00,1.69
2015.03.04 12:51:56.227,1.8338,1.83397,1.00,2.06
2015.03.04 12:51:56.742,1.8338,1.83397,1.00,3.34
2015.03.04 12:51:57.198,1.83378,1.83395,1.25,1.37
2015.03.04 12:51:58.617,1.83378,1.83395,1.00,1.94
2015.03.04 12:51:58.719,1.83374,1.8339,1.00,1.31
2015.03.04 12:51:58.972,1.83371,1.83387,1.00,1.00
2015.03.04 12:51:59.754,1.8337,1.83387,1.50,1.00
2015.03.04 12:52:00.007,1.8337,1.83387,1.50,3.19
2015.03.04 12:52:00.529,1.83371,1.83387,1.00,3.19
2015.03.04 12:52:01.039,1.83371,1.83384,1.00,1.00
2015.03.04 12:52:01.563,1.83372,1.83384,1.00,1.00
2015.03.04 12:52:02.392,1.83371,1.83384,1.00,1.00
2015.03.04 12:52:03.030,1.83368,1.83384,1.00,1.37
2015.03.04 12:52:03.451,1.83367,1.83384,1.50,1.94
2015.03.04 12:52:04.480,1.8336,1.83375,1.37,4.35
2015.03.04 12:52:04.684,1.83358,1.83375,1.00,6.04
2015.03.04 12:52:09.706,1.83368,1.83375,1.12,2.92
2015.03.04 12:52:09.757,1.8337,1.83387,1.00,2.81
2015.03.04 12:52:12.247,1.8337,1.83386,1.00,3.00
2015.03.04 12:52:12.348,1.83371,1.83386,1.00,2.62
2015.03.04 12:52:15.121,1.83371,1.83382,1.00,1.00
2015.03.04 12:52:15.645,1.83371,1.83384,1.00,1.37
2015.03.04 12:52:16.822,1.83372,1.83384,1.00,1.37
2015.03.04 12:52:19.151,1.83372,1.83384,1.00,1.00
2015.03.04 12:52:19.653,1.83371,1.83384,1.25,1.37
2015.03.04 12:52:21.548,1.83371,1.83384,1.00,1.37
2015.03.04 12:52:21.902,1.83369,1.83384,1.19,1.37
2015.03.04 12:52:22.105,1.83364,1.83381,1.00,2.04
2015.03.04 12:52:22.308,1.83362,1.83378,1.12,1.37
2015.03.04 12:52:22.561,1.83362,1.83378,1.12,1.12
2015.03.04 12:52:22.763,1.83365,1.8338,1.00,1.37
2015.03.04 12:52:28.016,1.83365,1.83384,1.62,1.70
2015.03.04 12:52:28.320,1.8337,1.83386,1.00,1.01
2015.03.04 12:52:29.523,1.83365,1.83381,1.29,1.37
2015.03.04 12:52:30.081,1.83366,1.83383,1.00,1.37
2015.03.04 12:52:41.540,1.83366,1.83383,1.19,1.62
2015.03.04 12:52:42.061,1.83366,1.83383,1.25,1.37
2015.03.04 12:52:43.626,1.83366,1.83383,1.31,1.37
2015.03.04 12:52:45.022,1.83368,1.83387,1.00,2.96
2015.03.04 12:52:45.478,1.83366,1.83381,1.00,3.00
2015.03.04 12:52:45.580,1.83361,1.83378,1.56,1.12
2015.03.04 12:52:46.086,1.83361,1.83378,1.37,1.12
2015.03.04 12:52:46.692,1.83364,1.83379,1.00,1.01
2015.03.04 12:52:47.987,1.83361,1.83378,1.37,1.12
2015.03.04 12:52:49.484,1.83363,1.8338,1.00,1.09
2015.03.04 12:52:54.176,1.8336,1.83377,1.56,1.00
2015.03.04 12:52:55.043,1.8336,1.83377,1.62,1.25
2015.03.04 12:52:55.318,1.8336,1.83377,1.62,1.62
2015.03.04 12:52:55.824,1.8336,1.83377,1.62,1.37
2015.03.04 12:52:56.334,1.8336,1.83377,1.62,1.37
2015.03.04 12:52:57.199,1.8336,1.83377,1.37,1.37
2015.03.04 12:52:57.729,1.8336,1.83377,1.37,1.37
2015.03.04 12:52:59.173,1.8336,1.83377,1.37,1.37
2015.03.04 12:53:00.228,1.83359,1.83375,1.62,1.12
2015.03.04 12:53:00.734,1.83359,1.83375,1.62,1.12
2015.03.04 12:53:01.038,1.83356,1.83373,1.37,4.12
2015.03.04 12:53:01.139,1.83354,1.8337,1.00,1.31
2015.03.04 12:53:01.240,1.83357,1.83373,1.00,1.69
2015.03.04 12:53:01.747,1.83357,1.83374,1.50,1.87
2015.03.04 12:53:02.201,1.83359,1.83376,1.00,1.62
2015.03.04 12:53:03.832,1.83359,1.83376,1.10,1.37
2015.03.04 12:53:05.114,1.83359,1.83376,1.76,1.37
2015.03.04 12:53:05.216,1.83361,1.83376,1.00,1.37
2015.03.04 12:53:05.368,1.83361,1.83376,1.00,1.37
2015.03.04 12:53:11.180,1.83361,1.83376,1.00,1.00
2015.03.04 12:53:12.148,1.83361,1.83376,1.00,1.37
2015.03.04 12:53:13.826,1.83361,1.83378,1.50,1.37
2015.03.04 12:53:16.849,1.83358,1.83376,1.31,1.37
2015.03.04 12:53:17.356,1.83358,1.83376,1.31,1.37
2015.03.04 12:53:17.857,1.83358,1.83376,1.31,1.37
2015.03.04 12:53:17.908,1.83358,1.83376,1.31,1.12
2015.03.04 12:53:18.700,1.83358,1.83376,1.74,1.12
2015.03.04 12:53:19.244,1.83363,1.8338,1.00,1.37
2015.03.04 12:53:19.649,1.83363,1.8338,1.57,1.00
2015.03.04 12:53:19.851,1.83366,1.8338,1.00,1.00
2015.03.04 12:53:20.168,1.83366,1.8338,1.00,1.37
2015.03.04 12:53:20.472,1.83364,1.8338,1.12,1.37
2015.03.04 12:53:20.849,1.83366,1.83383,2.21,1.87
2015.03.04 12:53:21.154,1.83371,1.83383,1.27,1.87
2015.03.04 12:53:21.661,1.83371,1.83383,1.55,1.00
2015.03.04 12:53:22.066,1.83373,1.83382,1.12,1.37
2015.03.04 12:53:22.269,1.83374,1.83383,2.62,1.00
2015.03.04 12:53:22.934,1.83374,1.83385,2.81,1.00
2015.03.04 12:53:23.092,1.83374,1.83392,2.81,1.37
2015.03.04 12:53:23.613,1.83374,1.83392,2.81,1.37
2015.03.04 12:53:26.157,1.83374,1.83392,2.81,1.12
2015.03.04 12:53:26.413,1.83374,1.83392,2.81,1.00
2015.03.04 12:53:26.676,1.83375,1.83394,1.64,1.00
2015.03.04 12:53:27.185,1.8338,1.83395,1.25,1.00
2015.03.04 12:53:31.615,1.8338,1.83397,1.19,1.47
2015.03.04 12:53:32.020,1.83381,1.834,1.84,1.19
2015.03.04 12:53:32.325,1.83381,1.834,1.84,1.00
2015.03.04 12:53:36.512,1.83385,1.83402,1.00,1.19
2015.03.04 12:53:37.221,1.83385,1.83402,1.31,1.00
2015.03.04 12:53:37.737,1.83388,1.83405,1.00,1.31
2015.03.04 12:53:40.824,1.83383,1.83399,2.21,1.00
2015.03.04 12:53:44.575,1.83383,1.834,1.46,1.12
2015.03.04 12:53:45.088,1.83385,1.83404,1.19,2.06
2015.03.04 12:53:46.041,1.83385,1.83404,1.19,2.06
2015.03.04 12:53:47.057,1.83385,1.83404,1.25,2.06
2015.03.04 12:53:48.044,1.83385,1.83404,1.19,2.06
2015.03.04 12:53:50.079,1.83385,1.83404,1.31,2.06
2015.03.04 12:53:50.180,1.83385,1.834,1.25,1.00
2015.03.04 12:53:50.281,1.83381,1.83398,1.20,1.00
2015.03.04 12:53:50.332,1.83381,1.83398,1.10,1.37
2015.03.04 12:53:51.279,1.83388,1.83398,2.17,1.69
2015.03.04 12:53:51.330,1.83394,1.83405,1.00,1.00
2015.03.04 12:53:51.381,1.83394,1.8341,1.19,1.37
2015.03.04 12:53:51.483,1.83398,1.8341,1.00,1.37
2015.03.04 12:53:51.895,1.83394,1.83409,1.19,1.00
2015.03.04 12:53:52.300,1.83393,1.83408,1.00,1.69
2015.03.04 12:53:52.402,1.83392,1.83408,1.00,1.69
2015.03.04 12:53:52.908,1.83393,1.83408,1.00,1.69
2015.03.04 12:53:53.009,1.83389,1.83408,1.25,1.69
2015.03.04 12:53:53.319,1.83389,1.83404,1.00,1.82
2015.03.04 12:53:53.370,1.83387,1.83395,1.00,1.00
2015.03.04 12:53:53.471,1.83383,1.83395,2.44,1.00
2015.03.04 12:53:53.572,1.83383,1.83399,2.51,1.37
2015.03.04 12:53:53.623,1.83385,1.83399,1.19,1.37
2015.03.04 12:53:53.775,1.83385,1.83401,1.19,1.37
2015.03.04 12:53:54.331,1.83387,1.83403,1.00,2.02
2015.03.04 12:53:54.432,1.83387,1.83401,1.00,1.50
2015.03.04 12:53:54.938,1.83387,1.83401,1.00,1.56
2015.03.04 12:53:57.027,1.83387,1.83399,1.00,1.37
2015.03.04 12:53:57.229,1.83389,1.83402,1.00,1.37
2015.03.04 12:53:57.381,1.8339,1.83402,1.31,1.00
2015.03.04 12:53:57.533,1.83392,1.83404,1.00,1.00
2015.03.04 12:53:58.335,1.83394,1.83411,1.00,1.62
2015.03.04 12:53:59.244,1.83394,1.83411,1.00,1.62
2015.03.04 12:53:59.497,1.83396,1.83413,1.00,2.70
2015.03.04 12:53:59.800,1.83396,1.83413,1.10,1.69
2015.03.04 12:53:59.851,1.83396,1.83413,3.37,1.69
2015.03.04 12:54:00.592,1.83399,1.83416,1.00,2.81
2015.03.04 12:54:01.472,1.83399,1.83416,1.00,2.81
2015.03.04 12:54:01.775,1.83399,1.83413,1.00,2.06
2015.03.04 12:54:10.715,1.83399,1.83416,1.00,1.75
2015.03.04 12:54:10.817,1.83397,1.83411,1.00,1.56
2015.03.04 12:54:10.868,1.83395,1.83411,1.00,1.56
2015.03.04 12:54:10.969,1.83391,1.83409,1.39,1.62
2015.03.04 12:54:11.020,1.83391,1.83409,1.39,1.62
2015.03.04 12:54:11.526,1.8339,1.83409,2.25,1.66
2015.03.04 12:54:12.046,1.8339,1.83409,1.50,1.66
2015.03.04 12:54:13.552,1.8339,1.83409,1.50,1.66
2015.03.04 12:54:13.603,1.83392,1.83409,1.62,1.47
2015.03.04 12:54:13.907,1.83397,1.83411,1.00,1.37
2015.03.04 12:54:14.430,1.83398,1.83411,1.00,1.37
2015.03.04 12:54:14.531,1.83398,1.83414,1.00,1.37
2015.03.04 12:54:15.352,1.83398,1.83405,1.00,1.25
2015.03.04 12:54:15.405,1.83396,1.83405,1.00,1.25
2015.03.04 12:54:15.506,1.83393,1.83405,1.00,1.25
2015.03.04 12:54:15.911,1.8339,1.83405,1.00,1.25
2015.03.04 12:54:17.445,1.8339,1.83407,1.00,1.56
2015.03.04 12:54:18.059,1.8339,1.83407,1.00,2.06
2015.03.04 12:54:20.808,1.8339,1.83404,1.00,1.37
2015.03.04 12:54:21.010,1.83386,1.83404,1.37,1.37
2015.03.04 12:54:21.597,1.83386,1.83404,1.37,1.12
2015.03.04 12:54:21.853,1.83389,1.83404,1.37,1.12
2015.03.04 12:54:22.108,1.8339,1.83408,1.47,1.62
2015.03.04 12:54:22.260,1.83397,1.83414,1.00,1.66
2015.03.04 12:54:22.361,1.83397,1.83414,1.50,1.39
2015.03.04 12:54:22.926,1.83397,1.83412,1.00,1.37
2015.03.04 12:54:22.977,1.83395,1.83412,1.00,1.37
2015.03.04 12:54:24.449,1.83398,1.83414,1.00,1.01
2015.03.04 12:54:28.758,1.83395,1.83411,1.00,1.37
2015.03.04 12:54:30.386,1.83395,1.83411,1.37,1.37
2015.03.04 12:54:30.690,1.83393,1.8341,1.47,1.37
2015.03.04 12:54:31.208,1.83393,1.83407,1.37,1.00
2015.03.04 12:54:31.718,1.83393,1.83409,1.37,1.37
2015.03.04 12:54:33.254,1.83393,1.83409,1.37,1.37
2015.03.04 12:54:35.919,1.83393,1.83409,1.37,1.37
2015.03.04 12:54:36.525,1.83397,1.83409,1.37,1.37
2015.03.04 12:54:38.110,1.834,1.83414,1.12,1.37
2015.03.04 12:54:41.343,1.83396,1.83412,1.00,3.75
2015.03.04 12:54:41.444,1.83393,1.8341,1.50,1.39
2015.03.04 12:54:41.546,1.83391,1.83408,1.50,1.00
2015.03.04 12:54:42.051,1.83391,1.83408,1.00,1.37
2015.03.04 12:54:42.102,1.83388,1.83405,1.87,1.00
2015.03.04 12:54:43.959,1.83389,1.83405,1.37,1.00
2015.03.04 12:54:44.829,1.8339,1.83409,1.37,1.84
2015.03.04 12:54:45.457,1.8339,1.83409,1.37,1.74
2015.03.04 12:54:45.912,1.8339,1.83409,1.37,1.74
2015.03.04 12:54:46.468,1.8339,1.83409,1.37,1.46
2015.03.04 12:54:47.512,1.8339,1.83409,2.25,1.46
2015.03.04 12:54:47.664,1.83393,1.8341,1.55,1.50
2015.03.04 12:54:47.715,1.83397,1.83413,1.37,1.37
2015.03.04 12:54:47.867,1.83399,1.83414,1.37,1.37
2015.03.04 12:54:47.918,1.83399,1.83414,1.37,1.37
2015.03.04 12:54:48.676,1.834,1.83418,1.12,1.87
2015.03.04 12:54:48.727,1.834,1.83418,1.12,1.37
2015.03.04 12:54:49.886,1.834,1.83418,1.47,1.37
2015.03.04 12:54:56.216,1.83404,1.83416,1.12,1.37
2015.03.04 12:54:56.317,1.83404,1.83418,1.37,1.37
2015.03.04 12:54:56.570,1.83404,1.83419,1.37,1.37
2015.03.04 12:54:58.025,1.83401,1.83418,6.22,1.37
2015.03.04 12:54:59.299,1.83401,1.83418,2.14,1.37
2015.03.04 12:54:59.350,1.83401,1.83418,2.14,1.37
2015.03.04 12:54:59.452,1.83404,1.83419,1.00,1.75
2015.03.04 12:54:59.554,1.83399,1.83413,1.00,1.37
2015.03.04 12:54:59.605,1.83395,1.83413,1.37,1.37
2015.03.04 12:55:00.161,1.83394,1.83413,1.39,1.37
2015.03.04 12:55:01.336,1.83394,1.83413,1.66,1.37
2015.03.04 12:55:01.388,1.83394,1.83413,5.66,1.00
2015.03.04 12:55:01.439,1.83395,1.83413,1.09,1.00
2015.03.04 12:55:03.090,1.83396,1.8341,2.21,1.00
2015.03.04 12:55:03.501,1.83397,1.83414,1.66,1.00
2015.03.04 12:55:04.019,1.83397,1.83414,1.47,1.00
2015.03.04 12:55:04.299,1.83401,1.83417,1.00,1.12
2015.03.04 12:55:06.036,1.83396,1.83414,1.70,1.00
2015.03.04 12:55:06.339,1.83409,1.83419,1.00,1.00
2015.03.04 12:55:06.441,1.83409,1.83426,1.47,1.00
2015.03.04 12:55:06.593,1.83412,1.83427,1.00,1.00
2015.03.04 12:55:06.746,1.83415,1.83431,1.00,1.00
2015.03.04 12:55:06.797,1.8342,1.83431,1.00,1.00
2015.03.04 12:55:06.848,1.8342,1.83434,1.00,1.69
2015.03.04 12:55:07.353,1.83413,1.83429,1.36,1.00
2015.03.04 12:55:07.454,1.83418,1.83433,1.00,1.12
2015.03.04 12:55:07.810,1.83415,1.83432,1.00,1.19
2015.03.04 12:55:08.065,1.83415,1.83428,1.00,1.31
2015.03.04 12:55:08.116,1.83411,1.83425,1.00,1.00
2015.03.04 12:55:08.169,1.83409,1.83425,1.00,1.00
2015.03.04 12:55:08.321,1.83411,1.83426,1.00,1.87
2015.03.04 12:55:08.832,1.83411,1.83427,1.00,1.76
2015.03.04 12:55:09.389,1.83411,1.83428,1.00,1.09
2015.03.04 12:55:12.391,1.83411,1.83429,1.37,2.44
2015.03.04 12:55:12.543,1.83408,1.83425,1.39,1.00
2015.03.04 12:55:12.847,1.83413,1.83426,1.00,1.00
2015.03.04 12:55:13.312,1.83409,1.83426,1.37,1.00
2015.03.04 12:55:15.811,1.83412,1.83428,1.00,1.87
2015.03.04 12:55:16.122,1.83412,1.83428,1.00,2.25
2015.03.04 12:55:17.671,1.83412,1.83428,1.00,1.31
2015.03.04 12:55:18.132,1.83412,1.83428,1.37,1.12
2015.03.04 12:55:18.437,1.83412,1.83429,1.37,1.62
2015.03.04 12:55:19.248,1.83409,1.83425,2.00,1.00
2015.03.04 12:55:19.777,1.83413,1.8343,1.37,1.39
2015.03.04 12:55:20.292,1.83413,1.83431,1.75,1.36
2015.03.04 12:55:20.759,1.83415,1.83432,1.37,1.69
2015.03.04 12:55:20.962,1.83414,1.83429,1.12,2.14
2015.03.04 12:55:21.479,1.83414,1.83428,1.37,1.94
2015.03.04 12:55:21.883,1.83411,1.83428,1.37,2.06
2015.03.04 12:55:22.791,1.83411,1.83428,1.37,1.94
2015.03.04 12:55:22.842,1.83411,1.83427,1.00,1.09
2015.03.04 12:55:22.995,1.83407,1.83421,1.00,1.00
2015.03.04 12:55:23.500,1.83406,1.83424,1.50,1.00
2015.03.04 12:55:24.028,1.83406,1.83422,3.00,1.00
2015.03.04 12:55:25.077,1.83406,1.83422,1.37,1.50
2015.03.04 12:55:26.845,1.83404,1.83422,3.00,1.50
2015.03.04 12:55:26.896,1.83404,1.83422,1.50,1.50
2015.03.04 12:55:27.473,1.83404,1.83422,2.00,1.50
2015.03.04 12:55:27.574,1.83408,1.83422,1.87,1.50
2015.03.04 12:55:31.874,1.83407,1.83424,1.37,1.84
2015.03.04 12:55:32.078,1.83407,1.83424,1.37,1.84
2015.03.04 12:55:34.017,1.83407,1.83424,1.37,1.84
2015.03.04 12:55:34.713,1.83407,1.83424,1.37,1.95
2015.03.04 12:55:36.137,1.83407,1.83424,1.37,2.14
2015.03.04 12:55:36.467,1.83407,1.83423,1.37,1.31
2015.03.04 12:55:36.772,1.8341,1.83427,1.00,1.75
2015.03.04 12:55:36.823,1.8341,1.83427,1.37,1.94
2015.03.04 12:55:37.329,1.8341,1.83423,1.87,1.75
2015.03.04 12:55:37.803,1.83411,1.83426,1.37,2.14
2015.03.04 12:55:41.753,1.8341,1.83426,1.87,1.39
2015.03.04 12:55:41.957,1.8341,1.83426,1.87,1.39
2015.03.04 12:55:42.109,1.83409,1.83426,3.37,1.39
2015.03.04 12:55:42.160,1.83409,1.83423,3.37,1.00
2015.03.04 12:55:42.312,1.83406,1.83423,2.06,1.50
2015.03.04 12:55:42.818,1.83405,1.83424,1.94,1.87
2015.03.04 12:55:43.071,1.83407,1.83426,1.75,2.59
2015.03.04 12:55:43.375,1.83409,1.83426,1.00,1.69
2015.03.04 12:55:43.881,1.83408,1.83426,2.25,1.56
2015.03.04 12:55:45.157,1.83407,1.83426,2.70,2.06
2015.03.04 12:55:46.952,1.83407,1.83425,2.32,1.00
2015.03.04 12:55:47.256,1.83407,1.83425,1.47,1.25
2015.03.04 12:55:47.358,1.83407,1.83424,1.10,1.75
2015.03.04 12:55:47.882,1.83396,1.83411,1.12,1.50
2015.03.04 12:55:48.391,1.834,1.83416,1.87,1.75
2015.03.04 12:55:48.543,1.83404,1.83416,1.00,1.75
2015.03.04 12:55:49.362,1.834,1.83416,1.75,1.75
2015.03.04 12:55:49.872,1.83402,1.83418,1.00,2.59
2015.03.04 12:55:50.584,1.83399,1.83418,1.75,2.32
2015.03.04 12:55:50.887,1.83407,1.83421,1.00,3.67
2015.03.04 12:55:51.090,1.83407,1.83422,1.50,1.75
2015.03.04 12:55:51.191,1.83408,1.83423,1.00,1.75
2015.03.04 12:55:54.935,1.83407,1.83423,1.50,1.75
2015.03.04 12:55:56.821,1.83407,1.83423,1.75,1.50
2015.03.04 12:55:57.356,1.83407,1.83423,1.75,1.00
2015.03.04 12:55:59.621,1.83409,1.83424,1.75,1.00
2015.03.04 12:56:00.463,1.83409,1.83424,1.75,1.00
2015.03.04 12:56:02.246,1.8341,1.83424,1.12,1.00
2015.03.04 12:56:02.297,1.8341,1.83427,1.12,1.32
2015.03.04 12:56:02.348,1.83412,1.83427,1.00,1.25
2015.03.04 12:56:02.449,1.83409,1.83427,1.75,1.25
2015.03.04 12:56:02.753,1.83413,1.8343,1.37,1.50
2015.03.04 12:56:03.007,1.83416,1.83431,1.00,1.00
2015.03.04 12:56:03.159,1.83415,1.83432,1.37,1.25
2015.03.04 12:56:03.311,1.83416,1.83434,1.01,1.00
2015.03.04 12:56:03.362,1.8342,1.83436,1.00,1.25
2015.03.04 12:56:03.514,1.8342,1.83433,1.00,1.00
2015.03.04 12:56:05.065,1.8342,1.83433,1.37,1.00
2015.03.04 12:56:05.688,1.8342,1.83431,1.00,1.00
2015.03.04 12:56:05.791,1.83414,1.83429,1.50,1.12
2015.03.04 12:56:05.892,1.83412,1.83428,1.12,1.12
2015.03.04 12:56:06.451,1.83409,1.83425,1.62,1.00
2015.03.04 12:56:06.502,1.83409,1.83425,1.25,1.00
2015.03.04 12:56:07.826,1.83409,1.83425,1.37,1.25
2015.03.04 12:56:08.079,1.83409,1.83427,1.87,1.65
2015.03.04 12:56:08.845,1.83408,1.83423,1.12,1.01
2015.03.04 12:56:09.149,1.83408,1.83421,1.12,1.00
2015.03.04 12:56:09.872,1.83408,1.83422,1.12,1.00
2015.03.04 12:56:10.176,1.83408,1.83422,1.37,1.00
2015.03.04 12:56:10.682,1.83408,1.83423,1.37,1.01
2015.03.04 12:56:11.206,1.83408,1.83423,1.37,1.29
2015.03.04 12:56:14.176,1.83408,1.83413,1.00,1.00
2015.03.04 12:56:14.228,1.83398,1.83413,1.37,1.19
2015.03.04 12:56:15.095,1.83399,1.83413,1.12,1.19
2015.03.04 12:56:15.620,1.83394,1.83411,1.94,1.00
2015.03.04 12:56:16.132,1.83395,1.83411,1.75,1.17
2015.03.04 12:56:16.858,1.83397,1.83412,1.37,1.00
2015.03.04 12:56:17.364,1.83399,1.83414,1.37,1.84
2015.03.04 12:56:17.870,1.83398,1.8341,1.37,1.00
2015.03.04 12:56:18.073,1.83399,1.83414,1.37,1.84
2015.03.04 12:56:18.174,1.83398,1.83411,1.37,1.00
2015.03.04 12:56:18.399,1.83399,1.83414,1.37,1.84
2015.03.04 12:56:18.753,1.83399,1.83411,1.37,1.00
2015.03.04 12:56:19.511,1.83399,1.83416,1.87,2.14
2015.03.04 12:56:21.098,1.83399,1.83416,1.37,2.14
2015.03.04 12:56:23.420,1.83399,1.83416,1.87,1.76
2015.03.04 12:56:23.969,1.83399,1.83416,2.25,1.57
2015.03.04 12:56:24.020,1.834,1.83416,1.12,1.50
2015.03.04 12:56:24.122,1.83406,1.83418,1.00,1.00
2015.03.04 12:56:24.173,1.83406,1.8342,1.00,1.10
2015.03.04 12:56:24.705,1.83406,1.83422,1.50,1.29
2015.03.04 12:56:25.220,1.83406,1.83423,1.50,1.17
2015.03.04 12:56:25.423,1.83406,1.83421,1.00,4.72
2015.03.04 12:56:25.575,1.83402,1.8342,1.37,1.15
2015.03.04 12:56:25.626,1.83402,1.83418,1.37,5.10
2015.03.04 12:56:26.035,1.83402,1.83418,1.75,1.00
2015.03.04 12:56:26.086,1.83402,1.83421,1.75,6.04
2015.03.04 12:56:26.137,1.83403,1.83421,1.75,1.69
2015.03.04 12:56:26.440,1.83406,1.83422,1.12,1.39
2015.03.04 12:56:26.971,1.83406,1.83422,1.12,1.09
2015.03.04 12:56:28.737,1.83406,1.83422,1.12,1.39
2015.03.04 12:56:28.840,1.83406,1.83422,1.75,1.00
2015.03.04 12:56:29.346,1.83409,1.83423,1.00,1.00
2015.03.04 12:56:29.701,1.83409,1.83426,1.50,1.19
2015.03.04 12:56:29.752,1.83409,1.83426,1.50,1.19
2015.03.04 12:56:29.903,1.83409,1.83428,1.50,1.25
2015.03.04 12:56:30.511,1.83413,1.83429,1.00,1.00
2015.03.04 12:56:30.946,1.83413,1.8343,1.75,1.50
2015.03.04 12:56:31.201,1.83422,1.83436,1.12,1.00
2015.03.04 12:56:31.353,1.83422,1.83438,1.37,1.00
2015.03.04 12:56:32.216,1.83422,1.83439,1.50,1.25
2015.03.04 12:56:36.327,1.83423,1.83439,1.00,1.37
2015.03.04 12:56:40.395,1.83422,1.83439,1.50,2.00
2015.03.04 12:56:40.649,1.83421,1.83435,1.00,1.37
2015.03.04 12:56:42.061,1.83416,1.83433,2.00,1.12
2015.03.04 12:56:45.216,1.83419,1.83436,1.37,1.94
2015.03.04 12:56:45.815,1.83419,1.83436,1.37,1.94
2015.03.04 12:56:46.665,1.83419,1.83436,1.37,1.19
2015.03.04 12:56:47.436,1.83419,1.83436,1.50,1.25
2015.03.04 12:56:51.302,1.83419,1.83436,1.37,1.45
2015.03.04 12:56:51.606,1.83419,1.83433,1.37,1.32
2015.03.04 12:56:52.578,1.83418,1.83434,1.37,1.29
2015.03.04 12:56:53.054,1.83418,1.83436,1.37,1.84
2015.03.04 12:56:53.923,1.83418,1.83431,1.37,1.00
2015.03.04 12:56:54.126,1.83417,1.83431,1.87,1.00
2015.03.04 12:56:54.380,1.83414,1.83427,1.94,1.00
2015.03.04 12:56:54.686,1.83416,1.83433,1.37,3.19
2015.03.04 12:56:55.918,1.83413,1.83429,1.75,1.00
2015.03.04 12:56:56.021,1.83416,1.83433,1.37,3.75
2015.03.04 12:56:58.560,1.83414,1.8343,1.75,1.00
2015.03.04 12:56:59.220,1.83418,1.83433,1.37,2.25
2015.03.04 12:56:59.424,1.83418,1.83434,1.37,1.00
2015.03.04 12:56:59.778,1.83413,1.83429,2.59,1.00
2015.03.04 12:57:02.735,1.83416,1.83434,1.75,1.34
2015.03.04 12:57:05.082,1.83426,1.83435,1.37,2.85
2015.03.04 12:57:05.134,1.83426,1.83443,1.87,1.00
2015.03.04 12:57:05.393,1.83426,1.83443,1.37,1.00
2015.03.04 12:57:07.631,1.83426,1.83443,1.37,1.69
2015.03.04 12:57:10.938,1.83426,1.83443,1.37,1.50
2015.03.04 12:57:13.068,1.83426,1.83443,1.37,1.69
2015.03.04 12:57:15.254,1.83426,1.83443,1.00,3.56
2015.03.04 12:57:15.406,1.83426,1.83438,1.00,1.00
2015.03.04 12:57:16.070,1.8342,1.83438,1.69,1.25
2015.03.04 12:57:17.855,1.8342,1.83439,1.50,1.29
2015.03.04 12:57:18.492,1.8342,1.83433,1.50,1.00
2015.03.04 12:57:19.317,1.83421,1.83438,1.62,1.00
2015.03.04 12:57:21.047,1.83423,1.8344,1.12,1.26
2015.03.04 12:57:21.149,1.83423,1.83437,1.12,1.00
2015.03.04 12:57:21.453,1.83423,1.8344,1.12,1.19
2015.03.04 12:57:24.746,1.83423,1.8344,1.12,1.25
2015.03.04 12:57:26.171,1.83423,1.8344,1.12,1.40
2015.03.04 12:57:26.273,1.8342,1.83434,1.62,1.00
2015.03.04 12:57:26.375,1.83424,1.83441,1.00,5.66
2015.03.04 12:57:27.733,1.83424,1.83437,1.00,1.00
2015.03.04 12:57:27.834,1.83424,1.83441,1.00,1.19
2015.03.04 12:57:28.087,1.83424,1.83441,1.12,1.25
2015.03.04 12:57:29.157,1.83424,1.83441,1.37,1.25
2015.03.04 12:57:29.676,1.83424,1.83441,1.12,1.25
2015.03.04 12:57:30.082,1.83424,1.83441,1.12,1.19
2015.03.04 12:57:31.897,1.83424,1.83441,1.37,1.19
2015.03.04 12:57:32.052,1.83424,1.83441,1.37,1.25
2015.03.04 12:57:32.154,1.83424,1.83438,1.37,1.00
2015.03.04 12:57:32.255,1.83424,1.83441,1.37,1.25
2015.03.04 12:57:32.306,1.83424,1.83441,1.75,1.25
2015.03.04 12:57:32.407,1.83424,1.83441,1.37,1.25
2015.03.04 12:57:32.458,1.83427,1.83442,1.00,1.39
2015.03.04 12:57:33.089,1.83427,1.83442,1.00,1.25
2015.03.04 12:57:33.846,1.83427,1.83442,1.00,5.29
2015.03.04 12:57:34.293,1.83424,1.83442,1.00,5.66
2015.03.04 12:57:34.606,1.83424,1.83442,1.00,5.66
2015.03.04 12:57:36.056,1.83424,1.83442,1.37,5.66
2015.03.04 12:57:36.209,1.83425,1.8344,1.37,1.10
2015.03.04 12:57:36.411,1.83424,1.83441,1.56,1.00
2015.03.04 12:57:36.715,1.83433,1.83447,1.37,1.10
2015.03.04 12:57:37.019,1.83437,1.83452,1.37,1.27
2015.03.04 12:57:38.904,1.83437,1.83452,1.37,1.55
2015.03.04 12:57:39.159,1.83437,1.83452,1.37,2.02
2015.03.04 12:57:39.933,1.83435,1.83452,1.37,2.96
2015.03.04 12:57:40.236,1.83433,1.83449,1.37,3.56
2015.03.04 12:57:42.286,1.83432,1.83449,2.62,3.56
2015.03.04 12:57:42.337,1.83432,1.83449,1.87,3.56
2015.03.04 12:57:44.846,1.8343,1.83446,1.12,1.00
2015.03.04 12:57:45.200,1.8343,1.83446,1.50,1.00
2015.03.04 12:57:48.694,1.83432,1.83446,1.37,1.00
2015.03.04 12:57:48.744,1.83431,1.83448,2.62,1.00
2015.03.04 12:57:48.795,1.83431,1.83447,2.62,1.25
2015.03.04 12:57:49.150,1.83432,1.83447,1.37,1.25
2015.03.04 12:57:49.252,1.83429,1.83446,1.47,1.00
2015.03.04 12:57:49.587,1.83432,1.83449,2.62,1.25
2015.03.04 12:57:49.790,1.83435,1.83449,1.50,1.00
2015.03.04 12:57:49.841,1.83436,1.83451,1.37,1.00
2015.03.04 12:57:49.892,1.83436,1.83455,1.50,1.36
2015.03.04 12:57:50.146,1.83436,1.83455,1.50,1.36
2015.03.04 12:57:50.652,1.83436,1.83455,3.19,1.09
2015.03.04 12:57:53.551,1.83436,1.83454,1.00,1.10
2015.03.04 12:57:54.069,1.83435,1.83454,1.19,1.47
2015.03.04 12:57:54.322,1.83436,1.83453,2.06,1.00
2015.03.04 12:57:54.641,1.83439,1.83456,1.00,1.00
2015.03.04 12:57:56.754,1.83443,1.83458,1.00,1.25
2015.03.04 12:57:56.956,1.83443,1.8346,1.00,1.87
2015.03.04 12:57:57.007,1.8344,1.83457,1.10,1.00
2015.03.04 12:57:57.311,1.83431,1.83448,1.46,1.00
2015.03.04 12:57:57.819,1.83431,1.83448,1.25,1.00
2015.03.04 12:57:58.125,1.83435,1.8345,1.00,1.36
2015.03.04 12:57:58.938,1.83435,1.8345,1.00,1.09
2015.03.04 12:57:59.548,1.83435,1.83451,1.00,1.19
2015.03.04 12:57:59.957,1.83435,1.83452,1.00,1.69
2015.03.04 12:58:00.314,1.83437,1.83452,1.00,1.25
2015.03.04 12:58:01.209,1.83437,1.83456,1.37,5.29
2015.03.04 12:58:01.716,1.83437,1.83456,1.37,5.29
2015.03.04 12:58:02.853,1.83437,1.83456,1.37,1.19
2015.03.04 12:58:03.362,1.83437,1.83456,1.37,1.19
2015.03.04 12:58:03.565,1.83439,1.83458,4.69,1.00
2015.03.04 12:58:03.668,1.83441,1.83458,1.76,1.00
2015.03.04 12:58:03.719,1.83443,1.8346,1.19,1.00
2015.03.04 12:58:03.820,1.83441,1.83457,1.39,1.00
2015.03.04 12:58:04.635,1.8344,1.83457,1.69,1.00
2015.03.04 12:58:05.652,1.83439,1.83457,1.01,1.25
2015.03.04 12:58:06.175,1.83441,1.83456,1.12,3.00
2015.03.04 12:58:06.688,1.83439,1.83455,1.12,1.26
2015.03.04 12:58:08.139,1.83442,1.83455,1.37,1.26
2015.03.04 12:58:08.190,1.83442,1.83459,1.37,1.20
2015.03.04 12:58:08.547,1.83443,1.83459,1.56,1.00
2015.03.04 12:58:09.053,1.83442,1.83459,2.06,1.00
2015.03.04 12:58:09.306,1.83442,1.83459,1.37,1.12
2015.03.04 12:58:09.921,1.83442,1.83457,1.00,1.19
2015.03.04 12:58:09.973,1.83438,1.83457,2.14,2.06
2015.03.04 12:58:11.157,1.83438,1.83457,1.69,1.50
2015.03.04 12:58:11.579,1.83438,1.83457,1.37,1.69
2015.03.04 12:58:11.731,1.83436,1.83454,1.25,1.66
2015.03.04 12:58:12.236,1.83435,1.83453,1.19,2.00
2015.03.04 12:58:12.287,1.8343,1.83447,1.95,1.12
2015.03.04 12:58:12.389,1.83431,1.83445,1.37,1.00
2015.03.04 12:58:13.594,1.8343,1.83445,1.37,1.25
2015.03.04 12:58:13.901,1.83431,1.83446,1.37,1.20
2015.03.04 12:58:14.053,1.83431,1.83446,1.37,1.00
2015.03.04 12:58:14.156,1.83433,1.8345,1.37,1.27
2015.03.04 12:58:14.257,1.8343,1.83447,1.62,1.00
2015.03.04 12:58:14.562,1.83432,1.83447,1.37,1.00
2015.03.04 12:58:14.613,1.83432,1.83447,1.37,1.00
2015.03.04 12:58:15.704,1.83432,1.83447,1.37,1.17
2015.03.04 12:58:15.805,1.83432,1.83447,1.37,1.17
2015.03.04 12:58:17.325,1.83431,1.83447,1.37,1.00
2015.03.04 12:58:18.330,1.83432,1.83447,1.37,1.00
2015.03.04 12:58:18.891,1.83432,1.83447,1.37,1.20
2015.03.04 12:58:19.448,1.8343,1.83447,1.37,1.57
2015.03.04 12:58:19.953,1.8343,1.83447,1.37,1.20
2015.03.04 12:58:22.605,1.8343,1.83447,1.37,1.09
2015.03.04 12:58:22.859,1.8343,1.83447,1.87,1.09
2015.03.04 12:58:23.415,1.8343,1.83447,1.87,1.00
2015.03.04 12:58:23.625,1.8343,1.83447,1.87,1.00
2015.03.04 12:58:24.136,1.8343,1.83447,1.87,1.00
2015.03.04 12:58:24.541,1.83431,1.8345,1.87,1.10
2015.03.04 12:58:25.358,1.83431,1.8345,1.37,1.39
2015.03.04 12:58:25.510,1.83431,1.83448,1.00,2.62
2015.03.04 12:58:25.815,1.83431,1.83446,1.00,2.25
2015.03.04 12:58:25.986,1.83431,1.83449,1.00,4.91
2015.03.04 12:58:26.600,1.83431,1.83449,1.37,4.35
2015.03.04 12:58:27.080,1.83431,1.8345,1.37,1.39
2015.03.04 12:58:27.181,1.83431,1.8345,1.37,1.39
2015.03.04 12:58:27.485,1.83431,1.83448,1.75,2.25
2015.03.04 12:58:27.586,1.83431,1.8345,1.75,1.62
2015.03.04 12:58:27.688,1.83431,1.83449,1.37,4.91
2015.03.04 12:58:27.789,1.83431,1.83449,1.00,4.91
2015.03.04 12:58:28.767,1.83428,1.83447,1.37,1.76
2015.03.04 12:58:30.619,1.83435,1.83447,1.00,1.19
2015.03.04 12:58:30.675,1.83436,1.83452,1.00,1.00
2015.03.04 12:58:30.827,1.83436,1.83451,1.00,1.17
2015.03.04 12:58:30.878,1.83434,1.83451,1.00,1.65
2015.03.04 12:58:31.655,1.83434,1.83451,1.00,1.00
2015.03.04 12:58:31.857,1.83434,1.83451,1.37,1.50
2015.03.04 12:58:32.211,1.83434,1.83451,1.37,1.00
2015.03.04 12:58:32.313,1.83435,1.83452,1.12,1.12
2015.03.04 12:58:32.616,1.83435,1.83454,1.62,1.10
2015.03.04 12:58:32.920,1.83439,1.83456,1.37,1.00
2015.03.04 12:58:32.972,1.83442,1.83459,1.00,2.70
2015.03.04 12:58:34.875,1.83443,1.83459,1.00,1.07
2015.03.04 12:58:35.633,1.83448,1.83459,1.00,1.07
2015.03.04 12:58:36.927,1.83445,1.83462,1.37,1.36
2015.03.04 12:58:37.433,1.83445,1.83462,1.37,2.21
2015.03.04 12:58:37.939,1.83445,1.83462,1.12,2.21
2015.03.04 12:58:38.847,1.83447,1.83462,1.00,2.21
2015.03.04 12:58:39.067,1.83445,1.83462,1.12,2.21
2015.03.04 12:58:40.231,1.83445,1.83461,1.12,1.29
2015.03.04 12:58:41.221,1.83445,1.8346,1.37,3.19
2015.03.04 12:58:41.727,1.83445,1.8346,1.37,2.44
2015.03.04 12:58:42.093,1.83445,1.8346,1.12,2.44
2015.03.04 12:58:44.081,1.83445,1.8346,1.12,2.44
2015.03.04 12:58:44.436,1.83445,1.83455,1.12,1.00
2015.03.04 12:58:45.208,1.83441,1.83454,1.37,1.00
2015.03.04 12:58:46.196,1.83431,1.83447,2.44,1.10
2015.03.04 12:58:48.583,1.83434,1.83447,1.37,1.00
2015.03.04 12:58:48.735,1.83434,1.83449,1.37,1.25
2015.03.04 12:58:49.366,1.83434,1.83449,1.37,1.25
2015.03.04 12:58:51.364,1.83433,1.83448,1.37,1.00
2015.03.04 12:58:52.568,1.83432,1.83448,1.37,1.00
2015.03.04 12:58:53.719,1.83432,1.83448,1.37,1.00
2015.03.04 12:58:53.770,1.83432,1.83446,1.37,1.00
2015.03.04 12:58:54.583,1.83432,1.83444,1.50,1.00
2015.03.04 12:58:55.393,1.83432,1.83444,1.37,1.00
2015.03.04 12:58:56.152,1.83439,1.83456,1.87,1.20
2015.03.04 12:58:56.203,1.83439,1.83447,1.87,1.00
2015.03.04 12:58:56.306,1.83441,1.83452,1.31,1.00
2015.03.04 12:58:56.408,1.83441,1.83455,1.50,1.00
2015.03.04 12:58:56.812,1.83442,1.83455,1.47,1.00
2015.03.04 12:58:57.318,1.83442,1.83456,1.75,1.00
2015.03.04 12:58:58.177,1.83441,1.83456,2.44,1.50
2015.03.04 12:58:58.379,1.83439,1.83454,1.00,1.75
2015.03.04 12:58:58.430,1.83439,1.83447,1.00,1.00
2015.03.04 12:58:58.481,1.83436,1.83447,1.12,1.00
2015.03.04 12:58:58.532,1.83436,1.83444,1.12,1.12
2015.03.04 12:58:59.037,1.83433,1.83443,1.37,1.00
2015.03.04 12:58:59.612,1.83433,1.83438,1.00,1.00
2015.03.04 12:58:59.663,1.8343,1.83437,1.00,1.00
2015.03.04 12:58:59.715,1.83424,1.83437,1.62,1.00
2015.03.04 12:58:59.816,1.83424,1.83436,1.31,1.00
2015.03.04 12:59:00.739,1.83424,1.83435,1.12,1.00
2015.03.04 12:59:03.524,1.8342,1.83435,2.59,1.00
2015.03.04 12:59:03.574,1.8342,1.83437,2.59,1.00
2015.03.04 12:59:03.676,1.83424,1.83439,1.57,1.00
2015.03.04 12:59:05.793,1.83426,1.83441,1.57,1.00
2015.03.04 12:59:08.658,1.83426,1.83438,1.47,1.00
2015.03.04 12:59:08.709,1.83426,1.83438,1.10,1.00
2015.03.04 12:59:08.810,1.83426,1.83438,1.47,1.00
2015.03.04 12:59:09.318,1.83426,1.83439,1.47,1.00
2015.03.04 12:59:12.032,1.83427,1.8344,1.69,1.00
2015.03.04 12:59:12.592,1.83426,1.83441,2.04,1.00
2015.03.04 12:59:20.187,1.83422,1.83436,1.87,1.00
2015.03.04 12:59:20.238,1.83422,1.83436,1.37,2.92
2015.03.04 12:59:20.542,1.83419,1.83432,1.37,1.17
2015.03.04 12:59:20.796,1.83416,1.83432,1.37,1.65
2015.03.04 12:59:20.949,1.83414,1.83429,1.37,1.00
2015.03.04 12:59:21.253,1.83412,1.83425,1.56,1.00
2015.03.04 12:59:23.475,1.83412,1.83423,1.56,1.00
2015.03.04 12:59:26.251,1.83413,1.83424,1.37,1.00
2015.03.04 12:59:26.453,1.83414,1.83426,1.37,1.00
2015.03.04 12:59:26.978,1.83414,1.83427,1.69,1.00
2015.03.04 12:59:27.485,1.83417,1.83427,1.00,1.00
2015.03.04 12:59:27.743,1.83417,1.83427,1.37,1.00
2015.03.04 12:59:28.047,1.83417,1.8343,1.37,1.00
2015.03.04 12:59:34.441,1.83413,1.83427,1.50,1.00
2015.03.04 12:59:35.100,1.83413,1.83427,1.37,1.00
2015.03.04 12:59:35.150,1.83413,1.83423,1.37,1.00
2015.03.04 12:59:35.353,1.83412,1.83423,1.00,1.00
2015.03.04 12:59:35.758,1.83414,1.83423,1.00,1.00
2015.03.04 12:59:37.775,1.83414,1.83424,1.50,1.00
2015.03.04 12:59:38.182,1.83414,1.83424,1.87,1.00
2015.03.04 12:59:38.283,1.83414,1.83425,1.87,1.00
2015.03.04 12:59:38.334,1.83414,1.83423,1.87,1.00
2015.03.04 12:59:38.637,1.83414,1.83421,1.00,1.00
2015.03.04 12:59:38.739,1.83412,1.83421,1.50,1.00
2015.03.04 12:59:38.789,1.83412,1.83419,1.00,1.00
2015.03.04 12:59:38.994,1.83409,1.83417,1.00,1.00
2015.03.04 12:59:39.095,1.83409,1.83415,1.00,1.00
2015.03.04 12:59:40.006,1.83409,1.83414,1.00,1.00
2015.03.04 12:59:40.226,1.83409,1.83416,1.00,1.00
2015.03.04 12:59:40.428,1.83409,1.8342,1.00,1.00
2015.03.04 12:59:40.681,1.8341,1.83421,1.69,1.00
2015.03.04 12:59:40.782,1.83412,1.83423,1.00,1.00
2015.03.04 12:59:41.476,1.83413,1.83423,1.00,1.00
2015.03.04 12:59:41.527,1.83418,1.83424,1.00,1.00
2015.03.04 12:59:41.628,1.83418,1.83427,1.12,1.00
2015.03.04 12:59:41.730,1.83418,1.83429,1.12,1.00
2015.03.04 12:59:41.831,1.83417,1.83429,1.37,1.00
2015.03.04 12:59:41.882,1.83417,1.83431,1.75,1.25
2015.03.04 12:59:41.985,1.8342,1.83433,1.12,1.00
2015.03.04 12:59:42.498,1.83421,1.83434,1.20,1.00
2015.03.04 12:59:42.603,1.83421,1.83436,1.20,1.00
2015.03.04 12:59:43.115,1.83421,1.83436,1.39,1.00
2015.03.04 12:59:43.823,1.83421,1.83437,1.39,1.00
2015.03.04 12:59:44.233,1.83421,1.83437,1.09,1.00
2015.03.04 12:59:44.285,1.83421,1.83435,1.25,1.50
2015.03.04 12:59:44.592,1.83418,1.83429,1.62,1.00
2015.03.04 12:59:44.795,1.83418,1.83429,1.25,1.00
2015.03.04 12:59:45.330,1.83416,1.83429,1.37,1.00
2015.03.04 12:59:45.432,1.83416,1.83429,1.37,1.00
2015.03.04 12:59:46.649,1.8341,1.83425,2.25,1.00
2015.03.04 12:59:47.551,1.8341,1.83425,2.25,1.00
2015.03.04 12:59:47.653,1.8341,1.83425,1.87,1.00
2015.03.04 12:59:47.755,1.83411,1.83425,3.30,1.00
2015.03.04 12:59:47.907,1.83414,1.83431,1.31,1.50
2015.03.04 12:59:47.957,1.83414,1.83431,1.62,1.50
2015.03.04 12:59:48.473,1.83416,1.83431,1.17,1.50
2015.03.04 12:59:48.919,1.83415,1.83426,2.17,1.00
2015.03.04 12:59:48.970,1.83411,1.83426,1.00,1.50
2015.03.04 12:59:49.493,1.83412,1.83425,1.00,1.00
2015.03.04 12:59:49.695,1.83409,1.83425,1.29,1.00
2015.03.04 12:59:49.898,1.83412,1.83425,1.00,1.00
2015.03.04 12:59:50.100,1.8341,1.83426,1.00,1.50
2015.03.04 12:59:50.730,1.83411,1.83426,1.00,1.50
2015.03.04 12:59:53.416,1.83409,1.83426,1.10,1.50
2015.03.04 12:59:54.085,1.83412,1.83426,1.00,1.50
2015.03.04 12:59:54.868,1.8341,1.83426,1.00,1.69
2015.03.04 12:59:56.196,1.83415,1.83426,1.00,1.00
2015.03.04 12:59:56.250,1.83418,1.83431,1.00,1.00
2015.03.04 12:59:56.959,1.83418,1.83435,1.00,2.44
2015.03.04 12:59:57.948,1.83418,1.83435,1.00,2.44
2015.03.04 12:59:58.225,1.83418,1.83431,1.00,1.00
2015.03.04 12:59:58.529,1.83415,1.83431,1.50,1.00
2015.03.04 12:59:58.731,1.83418,1.83432,1.00,1.25
2015.03.04 12:59:59.658,1.83418,1.83431,1.00,1.00
