2015.03.06 02:00:00.147,1.82927,1.82946,1.55,1.00
2015.03.06 02:00:00.452,1.82923,1.82943,2.21,1.00
2015.03.06 02:00:00.553,1.82923,1.82943,1.20,1.25
2015.03.06 02:00:01.060,1.82923,1.82943,1.00,1.70
2015.03.06 02:00:02.308,1.82923,1.82943,1.00,3.19
2015.03.06 02:00:02.888,1.82923,1.82943,1.00,1.26
2015.03.06 02:00:06.923,1.82923,1.82943,1.47,1.07
2015.03.06 02:00:07.076,1.82926,1.82945,1.10,1.01
2015.03.06 02:00:07.434,1.82922,1.82944,2.21,1.00
2015.03.06 02:00:08.856,1.82922,1.82944,1.84,1.19
2015.03.06 02:00:09.159,1.82924,1.82944,1.45,1.19
2015.03.06 02:00:09.514,1.82924,1.82944,1.20,1.19
2015.03.06 02:00:09.666,1.82925,1.82944,1.31,1.25
2015.03.06 02:00:10.658,1.82926,1.82945,1.01,1.01
2015.03.06 02:00:11.780,1.82925,1.82945,2.44,1.29
2015.03.06 02:00:14.131,1.82925,1.82945,1.01,1.29
2015.03.06 02:00:14.233,1.82928,1.82945,1.12,1.29
2015.03.06 02:00:14.435,1.82925,1.82945,1.01,1.29
2015.03.06 02:00:16.249,1.82923,1.82944,2.14,1.69
2015.03.06 02:00:16.553,1.82926,1.82944,1.12,2.44
2015.03.06 02:00:17.108,1.82923,1.82943,1.12,1.30
2015.03.06 02:00:17.159,1.82922,1.82943,2.06,1.30
2015.03.06 02:00:19.195,1.8291,1.82924,2.17,1.47
2015.03.06 02:00:19.247,1.82906,1.82922,1.00,1.15
2015.03.06 02:00:19.298,1.82898,1.82918,1.85,1.12
2015.03.06 02:00:19.349,1.82898,1.82918,1.00,1.35
2015.03.06 02:00:19.603,1.82895,1.82915,2.25,1.10
2015.03.06 02:00:19.908,1.82891,1.82913,1.57,1.90
2015.03.06 02:00:20.414,1.8289,1.82914,1.35,1.27
2015.03.06 02:00:20.718,1.82891,1.82915,1.87,1.09
2015.03.06 02:00:21.336,1.82893,1.82917,2.02,1.09
2015.03.06 02:00:21.950,1.82899,1.8292,1.12,1.01
2015.03.06 02:00:22.255,1.82909,1.82927,1.92,1.00
2015.03.06 02:00:22.356,1.82912,1.82934,1.27,1.95
2015.03.06 02:00:22.458,1.82912,1.82935,1.35,1.09
2015.03.06 02:00:22.964,1.82914,1.82936,1.70,1.35
2015.03.06 02:00:23.556,1.82915,1.82936,1.12,2.47
2015.03.06 02:00:23.607,1.82911,1.82932,1.39,1.50
2015.03.06 02:00:24.114,1.82911,1.82931,1.39,1.50
2015.03.06 02:00:24.674,1.82911,1.82931,1.47,1.69
2015.03.06 02:00:24.877,1.82911,1.8293,1.47,2.51
2015.03.06 02:00:24.928,1.8291,1.8293,1.12,3.19
2015.03.06 02:00:26.293,1.82907,1.82929,1.37,1.46
2015.03.06 02:00:26.597,1.82907,1.82926,1.37,2.09
2015.03.06 02:00:26.749,1.82907,1.82928,1.47,1.44
2015.03.06 02:00:27.585,1.8291,1.82929,1.50,1.12
2015.03.06 02:00:27.641,1.82911,1.82931,1.20,1.31
2015.03.06 02:00:27.844,1.82911,1.82933,1.20,1.12
2015.03.06 02:00:27.946,1.82908,1.82932,2.59,1.76
2015.03.06 02:00:28.048,1.82911,1.82933,1.50,1.12
2015.03.06 02:00:28.353,1.82912,1.82931,1.20,1.12
2015.03.06 02:00:28.666,1.82911,1.82929,1.50,1.12
2015.03.06 02:00:29.331,1.82911,1.82931,1.50,1.94
2015.03.06 02:00:37.871,1.82918,1.82938,1.31,1.17
2015.03.06 02:00:37.973,1.82918,1.82941,1.39,1.69
2015.03.06 02:00:38.479,1.82916,1.8294,1.41,1.54
2015.03.06 02:00:38.530,1.82915,1.8294,1.84,1.54
2015.03.06 02:00:38.790,1.82915,1.8294,1.46,1.91
2015.03.06 02:00:39.094,1.8291,1.82932,2.06,1.12
2015.03.06 02:00:43.149,1.82908,1.82932,1.09,1.31
2015.03.06 02:00:43.601,1.82908,1.82932,1.09,1.31
2015.03.06 02:00:44.108,1.82908,1.82932,1.09,1.31
2015.03.06 02:00:44.827,1.8291,1.82933,1.09,1.09
2015.03.06 02:00:46.132,1.8291,1.82933,1.16,1.74
2015.03.06 02:00:47.668,1.8291,1.82933,1.16,1.74
2015.03.06 02:00:48.002,1.82911,1.82934,1.65,1.87
2015.03.06 02:00:48.307,1.82915,1.82938,2.00,1.01
2015.03.06 02:00:48.510,1.82918,1.82939,1.00,1.25
2015.03.06 02:00:48.712,1.82919,1.82943,1.15,1.54
2015.03.06 02:00:49.237,1.8292,1.82943,1.57,1.54
2015.03.06 02:00:49.785,1.8292,1.82943,1.65,1.54
2015.03.06 02:00:51.633,1.82921,1.82942,1.76,1.10
2015.03.06 02:00:51.734,1.82921,1.82942,1.39,1.50
2015.03.06 02:00:52.242,1.82927,1.82944,1.12,1.34
2015.03.06 02:00:53.350,1.82927,1.82942,1.12,1.00
2015.03.06 02:00:53.755,1.82928,1.82949,1.20,2.51
2015.03.06 02:00:56.784,1.82928,1.82949,1.20,2.51
2015.03.06 02:00:57.962,1.82928,1.82948,1.20,1.76
2015.03.06 02:00:59.990,1.82928,1.82948,1.20,1.76
2015.03.06 02:01:00.936,1.82928,1.82945,1.20,1.01
2015.03.06 02:01:01.457,1.82925,1.82945,1.50,1.01
2015.03.06 02:01:02.968,1.82927,1.82945,1.12,1.01
2015.03.06 02:01:03.182,1.82926,1.82945,1.12,1.01
2015.03.06 02:01:03.879,1.82925,1.82945,1.75,1.01
2015.03.06 02:01:04.405,1.82924,1.82945,1.87,1.01
2015.03.06 02:01:11.092,1.82924,1.82948,1.87,3.19
2015.03.06 02:01:12.971,1.82926,1.82947,1.10,1.91
2015.03.06 02:01:13.898,1.82926,1.82947,1.10,1.35
2015.03.06 02:01:13.950,1.82929,1.82947,1.57,1.10
2015.03.06 02:01:14.254,1.82931,1.82951,1.12,1.46
2015.03.06 02:01:14.760,1.82931,1.82951,1.50,1.01
2015.03.06 02:01:14.862,1.8293,1.82948,1.09,1.00
2015.03.06 02:01:18.144,1.82929,1.82948,1.34,1.00
2015.03.06 02:01:19.161,1.82928,1.82945,1.27,1.00
2015.03.06 02:01:19.364,1.82921,1.82943,1.00,1.65
2015.03.06 02:01:19.415,1.82918,1.82942,1.46,1.27
2015.03.06 02:01:19.466,1.82916,1.8294,1.26,2.32
2015.03.06 02:01:19.772,1.82914,1.82937,2.14,1.15
2015.03.06 02:01:20.482,1.82913,1.82937,1.09,1.35
2015.03.06 02:01:20.787,1.82909,1.8293,2.00,1.50
2015.03.06 02:01:21.590,1.82909,1.82933,1.31,2.44
2015.03.06 02:01:21.893,1.8291,1.82933,1.01,2.14
2015.03.06 02:01:23.992,1.82909,1.82933,1.12,2.44
2015.03.06 02:01:24.297,1.82908,1.8293,1.01,1.65
2015.03.06 02:01:24.853,1.82906,1.8293,1.01,1.95
2015.03.06 02:01:25.426,1.82904,1.82929,2.14,1.09
2015.03.06 02:01:25.893,1.82904,1.82929,2.14,1.09
2015.03.06 02:01:29.735,1.82905,1.82929,1.01,1.01
2015.03.06 02:01:30.238,1.82906,1.82931,1.81,2.21
2015.03.06 02:01:30.595,1.8291,1.8293,1.00,1.56
2015.03.06 02:01:30.907,1.8291,1.8293,1.50,1.46
2015.03.06 02:01:31.465,1.82909,1.82932,1.60,1.71
2015.03.06 02:01:31.979,1.82909,1.82931,1.01,1.44
2015.03.06 02:01:37.929,1.82908,1.8293,1.20,1.36
2015.03.06 02:01:38.921,1.82908,1.8293,1.20,1.36
2015.03.06 02:01:39.906,1.82908,1.82931,1.20,1.44
2015.03.06 02:01:40.718,1.82908,1.82931,1.20,1.34
2015.03.06 02:01:40.870,1.82907,1.82931,1.46,1.46
2015.03.06 02:01:41.381,1.82908,1.82931,1.09,1.46
2015.03.06 02:01:42.214,1.82907,1.82931,1.09,1.84
2015.03.06 02:01:43.402,1.82906,1.8293,1.46,1.09
2015.03.06 02:01:43.453,1.82908,1.82931,1.01,1.84
2015.03.06 02:01:47.179,1.82907,1.82931,1.71,1.91
2015.03.06 02:01:48.521,1.82907,1.82931,1.71,1.44
2015.03.06 02:01:50.037,1.82907,1.82931,1.71,1.44
2015.03.06 02:01:51.710,1.82907,1.8293,2.21,1.36
2015.03.06 02:01:52.221,1.8291,1.8293,1.87,1.36
2015.03.06 02:01:53.984,1.8291,1.8293,1.20,1.16
2015.03.06 02:01:54.497,1.8291,1.8293,1.10,1.16
2015.03.06 02:01:55.013,1.82907,1.82931,1.27,2.21
2015.03.06 02:01:55.630,1.82907,1.82931,1.27,2.21
2015.03.06 02:01:55.979,1.82906,1.82931,1.75,2.21
2015.03.06 02:01:56.632,1.82906,1.8293,1.09,1.09
2015.03.06 02:01:58.973,1.82905,1.8293,2.89,1.09
2015.03.06 02:01:59.496,1.82907,1.82931,1.52,1.44
2015.03.06 02:02:00.823,1.82906,1.8293,1.75,1.84
2015.03.06 02:02:01.785,1.82905,1.82929,2.14,1.01
2015.03.06 02:02:03.614,1.82906,1.8293,2.15,1.56
2015.03.06 02:02:06.753,1.82906,1.8293,1.90,1.56
2015.03.06 02:02:08.661,1.82906,1.82927,1.90,1.19
2015.03.06 02:02:09.167,1.82905,1.82927,1.12,1.44
2015.03.06 02:02:10.240,1.82906,1.82928,1.75,1.01
2015.03.06 02:02:10.898,1.82906,1.8293,1.95,2.66
2015.03.06 02:02:13.449,1.82906,1.8293,1.85,2.66
2015.03.06 02:02:13.968,1.82906,1.8293,1.85,2.66
2015.03.06 02:02:15.000,1.82906,1.8293,1.85,2.66
2015.03.06 02:02:17.006,1.82906,1.82929,1.85,1.34
2015.03.06 02:02:18.598,1.82905,1.82927,1.27,1.01
2015.03.06 02:02:18.750,1.82905,1.82925,1.00,1.35
2015.03.06 02:02:19.055,1.82902,1.82919,1.01,1.00
2015.03.06 02:02:19.106,1.82902,1.82924,1.01,1.77
2015.03.06 02:02:19.612,1.82902,1.82924,1.01,1.09
2015.03.06 02:02:19.865,1.82901,1.82917,1.12,1.00
2015.03.06 02:02:20.017,1.829,1.82917,1.25,1.00
2015.03.06 02:02:20.069,1.82903,1.82921,1.00,1.46
2015.03.06 02:02:20.171,1.82903,1.82922,1.00,1.09
2015.03.06 02:02:20.677,1.82902,1.82922,1.00,1.09
2015.03.06 02:02:21.236,1.82902,1.82923,1.20,1.34
2015.03.06 02:02:21.388,1.829,1.82923,1.09,1.76
2015.03.06 02:02:21.894,1.829,1.82923,1.24,1.09
2015.03.06 02:02:22.610,1.829,1.82923,1.61,1.09
2015.03.06 02:02:22.914,1.82906,1.82925,1.00,2.09
2015.03.06 02:02:30.080,1.82912,1.82927,1.00,1.09
2015.03.06 02:02:30.283,1.82903,1.82927,1.27,1.09
2015.03.06 02:02:31.464,1.82904,1.82928,1.20,1.71
2015.03.06 02:02:31.974,1.82904,1.82928,1.39,1.71
2015.03.06 02:02:33.894,1.82905,1.8293,1.84,2.14
2015.03.06 02:02:33.945,1.82905,1.8293,1.84,2.14
2015.03.06 02:02:34.451,1.82905,1.82928,1.54,1.69
2015.03.06 02:02:34.755,1.82907,1.82929,1.37,1.19
2015.03.06 02:02:35.295,1.82907,1.82929,1.76,1.19
2015.03.06 02:02:35.802,1.82911,1.82928,1.00,1.19
2015.03.06 02:02:36.319,1.82911,1.82928,1.00,1.25
2015.03.06 02:02:38.959,1.82911,1.82928,1.00,1.39
2015.03.06 02:02:39.111,1.82906,1.82926,1.12,1.10
2015.03.06 02:02:39.162,1.82905,1.82926,1.09,1.29
2015.03.06 02:02:39.415,1.82907,1.82928,1.39,1.25
2015.03.06 02:02:39.668,1.82912,1.8293,1.00,1.19
2015.03.06 02:02:39.870,1.82912,1.8293,1.00,1.00
2015.03.06 02:02:40.275,1.82908,1.8293,1.40,1.50
2015.03.06 02:02:40.934,1.82908,1.82929,1.40,1.12
2015.03.06 02:02:41.506,1.82908,1.8293,1.16,1.69
2015.03.06 02:02:43.133,1.82912,1.82929,1.00,1.19
2015.03.06 02:02:44.145,1.82909,1.82929,2.21,1.19
2015.03.06 02:02:44.779,1.82912,1.82929,1.00,1.19
2015.03.06 02:02:46.681,1.82909,1.82929,2.21,1.19
2015.03.06 02:02:48.349,1.82912,1.82929,1.00,1.19
2015.03.06 02:02:48.889,1.82912,1.82929,1.00,1.25
2015.03.06 02:02:50.543,1.82912,1.82929,1.00,1.19
2015.03.06 02:02:54.916,1.82912,1.82929,1.00,1.25
2015.03.06 02:02:56.539,1.82912,1.82929,1.00,1.31
2015.03.06 02:03:00.312,1.82908,1.82928,2.21,1.25
2015.03.06 02:03:00.818,1.82908,1.82928,2.21,1.19
2015.03.06 02:03:00.869,1.82912,1.82929,1.00,1.19
2015.03.06 02:03:01.323,1.82908,1.82929,1.77,1.19
2015.03.06 02:03:01.961,1.82911,1.8293,1.00,1.39
2015.03.06 02:03:03.517,1.82911,1.8293,1.00,1.39
2015.03.06 02:03:03.622,1.82911,1.8293,1.00,1.39
2015.03.06 02:03:04.165,1.82908,1.82928,1.52,1.25
2015.03.06 02:03:04.395,1.82912,1.82929,1.00,1.19
2015.03.06 02:03:04.920,1.82912,1.82929,1.00,1.19
2015.03.06 02:03:05.614,1.82912,1.82929,1.00,1.31
2015.03.06 02:03:06.255,1.82907,1.82928,1.27,1.01
2015.03.06 02:03:06.960,1.82907,1.82928,1.20,1.09
2015.03.06 02:03:07.575,1.82907,1.82928,1.10,1.76
2015.03.06 02:03:08.091,1.82907,1.82928,1.46,1.39
2015.03.06 02:03:09.625,1.82907,1.82928,1.27,1.39
2015.03.06 02:03:13.673,1.82911,1.8293,1.00,1.84
2015.03.06 02:03:14.184,1.82907,1.82927,1.00,1.54
2015.03.06 02:03:14.690,1.82907,1.82927,1.00,2.21
2015.03.06 02:03:14.741,1.82902,1.82927,1.16,1.75
2015.03.06 02:03:15.628,1.82902,1.82927,1.16,2.21
2015.03.06 02:03:19.632,1.82902,1.82927,1.16,1.46
2015.03.06 02:03:19.784,1.82904,1.82929,1.12,2.14
2015.03.06 02:03:20.643,1.82904,1.82928,1.60,1.44
2015.03.06 02:03:23.633,1.82909,1.82926,1.12,1.39
2015.03.06 02:03:24.762,1.82908,1.82926,1.12,1.39
2015.03.06 02:03:24.815,1.82909,1.82926,1.12,1.20
2015.03.06 02:03:24.916,1.82907,1.82926,1.75,1.20
2015.03.06 02:03:25.068,1.82909,1.82926,1.12,1.20
2015.03.06 02:03:25.587,1.82909,1.82926,1.12,1.39
2015.03.06 02:03:28.741,1.82907,1.82926,1.12,1.39
2015.03.06 02:03:29.555,1.82907,1.82926,1.31,1.09
2015.03.06 02:03:30.834,1.82907,1.82925,1.12,1.22
2015.03.06 02:03:30.985,1.82905,1.82926,1.60,1.36
2015.03.06 02:03:31.087,1.82908,1.82926,1.12,1.36
2015.03.06 02:03:34.072,1.82906,1.82926,1.60,1.09
2015.03.06 02:03:35.933,1.82909,1.82926,1.12,1.36
2015.03.06 02:03:38.031,1.82909,1.82926,1.12,1.34
2015.03.06 02:03:38.235,1.82905,1.82926,1.82,1.69
2015.03.06 02:03:38.286,1.82906,1.82925,1.27,1.00
2015.03.06 02:03:38.338,1.8291,1.82925,1.12,1.00
2015.03.06 02:03:38.389,1.8291,1.82928,1.12,1.00
2015.03.06 02:03:38.491,1.82913,1.8293,1.12,1.26
2015.03.06 02:03:38.594,1.82909,1.8293,1.75,1.26
2015.03.06 02:03:38.698,1.82913,1.8293,1.12,1.26
2015.03.06 02:03:39.267,1.82911,1.82932,1.12,1.01
2015.03.06 02:03:39.470,1.82908,1.82932,1.09,2.21
2015.03.06 02:03:40.747,1.82908,1.82929,1.09,1.29
2015.03.06 02:03:41.749,1.82907,1.82929,2.14,1.29
2015.03.06 02:03:43.807,1.82907,1.82929,2.06,1.34
2015.03.06 02:03:47.573,1.82907,1.82929,1.39,1.54
2015.03.06 02:03:48.943,1.82907,1.82929,1.20,1.54
2015.03.06 02:03:49.147,1.82907,1.82929,1.87,1.34
2015.03.06 02:03:51.730,1.82908,1.82929,1.84,1.29
2015.03.06 02:03:52.033,1.8291,1.82929,1.12,1.10
2015.03.06 02:03:52.772,1.82913,1.82929,1.00,1.10
2015.03.06 02:03:55.002,1.8291,1.82929,1.87,1.01
2015.03.06 02:03:55.580,1.8291,1.82929,1.87,1.29
2015.03.06 02:03:58.941,1.82914,1.82934,1.87,1.39
2015.03.06 02:03:58.992,1.82914,1.82934,1.87,1.84
2015.03.06 02:03:59.094,1.82914,1.8293,1.12,1.00
2015.03.06 02:03:59.145,1.82911,1.8293,1.27,1.00
2015.03.06 02:03:59.347,1.8291,1.8293,2.02,1.00
2015.03.06 02:03:59.853,1.8291,1.8293,2.06,1.29
2015.03.06 02:04:00.768,1.8291,1.8293,1.87,1.01
2015.03.06 02:04:01.776,1.8291,1.8293,1.00,1.29
2015.03.06 02:04:02.805,1.8291,1.8293,1.00,1.01
2015.03.06 02:04:04.140,1.8291,1.8293,1.00,1.29
2015.03.06 02:04:06.425,1.8291,1.8293,1.00,1.34
2015.03.06 02:04:06.936,1.82911,1.82929,1.27,1.00
2015.03.06 02:04:07.240,1.82913,1.82933,1.57,1.76
2015.03.06 02:04:07.493,1.82909,1.82931,1.95,1.09
2015.03.06 02:04:07.595,1.82913,1.82931,1.12,1.09
2015.03.06 02:04:10.154,1.82913,1.82932,1.12,1.19
2015.03.06 02:04:10.306,1.82913,1.82934,1.12,1.09
2015.03.06 02:04:10.458,1.82915,1.82934,1.12,1.09
2015.03.06 02:04:11.268,1.82912,1.82934,2.62,1.09
2015.03.06 02:04:14.069,1.82913,1.82936,1.12,1.84
2015.03.06 02:04:14.328,1.82913,1.82937,1.27,1.34
2015.03.06 02:04:14.783,1.82913,1.82936,1.12,1.44
2015.03.06 02:04:16.757,1.82913,1.82936,1.45,1.44
2015.03.06 02:04:17.281,1.82913,1.82934,1.12,1.09
2015.03.06 02:04:17.917,1.82913,1.82934,1.12,1.46
2015.03.06 02:04:19.220,1.82909,1.82929,1.57,2.32
2015.03.06 02:04:19.527,1.82909,1.82926,1.12,1.50
2015.03.06 02:04:19.628,1.82907,1.82923,2.25,1.17
2015.03.06 02:04:19.679,1.82907,1.82923,1.50,1.85
2015.03.06 02:04:20.186,1.8291,1.82923,1.12,1.07
2015.03.06 02:04:20.237,1.8291,1.82926,1.12,1.15
2015.03.06 02:04:20.338,1.8291,1.82927,1.12,1.20
2015.03.06 02:04:21.959,1.82908,1.82925,1.00,1.50
2015.03.06 02:04:25.683,1.82918,1.82925,1.00,1.91
2015.03.06 02:04:25.937,1.82918,1.82929,1.00,1.76
2015.03.06 02:04:26.038,1.82918,1.8293,1.00,1.01
2015.03.06 02:04:26.140,1.82913,1.82932,1.87,2.21
2015.03.06 02:04:26.191,1.82913,1.82932,1.87,2.21
2015.03.06 02:04:26.353,1.82913,1.82932,1.87,2.14
2015.03.06 02:04:26.916,1.82917,1.82932,1.00,1.64
2015.03.06 02:04:27.546,1.82917,1.82932,1.00,1.64
2015.03.06 02:04:29.931,1.82917,1.82932,1.37,1.64
2015.03.06 02:04:30.185,1.82918,1.82934,1.12,1.09
2015.03.06 02:04:32.157,1.82918,1.82935,1.37,1.39
2015.03.06 02:04:32.462,1.82924,1.82941,1.75,1.57
2015.03.06 02:04:32.513,1.8293,1.82947,1.37,2.25
2015.03.06 02:04:32.564,1.8293,1.82947,1.37,1.00
2015.03.06 02:04:32.716,1.82933,1.82951,1.37,1.77
2015.03.06 02:04:33.940,1.82934,1.82952,1.37,1.40
2015.03.06 02:04:34.350,1.82934,1.82953,1.57,1.01
2015.03.06 02:04:34.704,1.8294,1.82953,1.00,1.01
2015.03.06 02:04:34.806,1.8294,1.82958,1.00,2.32
2015.03.06 02:04:34.857,1.8294,1.82958,1.00,1.84
2015.03.06 02:04:34.908,1.8294,1.82956,1.00,1.32
2015.03.06 02:04:35.943,1.82935,1.82956,1.47,1.69
2015.03.06 02:04:35.994,1.82934,1.82956,1.69,2.06
2015.03.06 02:04:36.515,1.82934,1.82956,1.69,2.06
2015.03.06 02:04:39.321,1.82934,1.82956,1.37,2.81
2015.03.06 02:04:39.840,1.82934,1.82956,1.37,2.81
2015.03.06 02:04:40.625,1.82934,1.82956,1.37,2.81
2015.03.06 02:04:40.827,1.82934,1.82956,1.37,2.81
2015.03.06 02:04:41.520,1.82934,1.82956,1.20,1.84
2015.03.06 02:04:41.622,1.82937,1.82956,1.00,1.84
2015.03.06 02:04:41.773,1.82934,1.82954,1.27,1.34
2015.03.06 02:04:41.876,1.82938,1.82956,1.00,1.69
2015.03.06 02:04:42.634,1.82933,1.82955,1.95,2.21
2015.03.06 02:04:42.785,1.82933,1.82955,1.95,2.21
2015.03.06 02:04:43.678,1.82937,1.82956,1.00,2.44
2015.03.06 02:04:43.781,1.82937,1.82956,1.00,2.44
2015.03.06 02:04:44.792,1.82937,1.82956,1.00,2.44
2015.03.06 02:04:45.809,1.82937,1.82956,1.00,2.44
2015.03.06 02:04:46.012,1.82937,1.82956,1.57,2.44
2015.03.06 02:04:46.319,1.82937,1.82953,1.57,1.01
2015.03.06 02:04:48.104,1.82934,1.8295,1.00,1.50
2015.03.06 02:04:48.784,1.82932,1.8295,1.57,2.06
2015.03.06 02:04:48.835,1.82932,1.82949,1.57,1.01
2015.03.06 02:04:48.987,1.82929,1.82946,1.00,1.50
2015.03.06 02:04:49.089,1.82926,1.82946,1.10,1.57
2015.03.06 02:04:49.141,1.82926,1.82944,1.10,1.50
2015.03.06 02:04:49.445,1.82926,1.82943,1.37,1.15
2015.03.06 02:04:49.850,1.82926,1.82943,1.37,1.34
2015.03.06 02:04:50.003,1.82923,1.82943,1.39,1.46
2015.03.06 02:04:51.125,1.82923,1.82943,1.00,2.14
2015.03.06 02:04:53.086,1.82923,1.82943,1.00,2.14
2015.03.06 02:04:54.303,1.82923,1.82941,1.00,1.09
2015.03.06 02:04:55.192,1.82923,1.82943,1.12,1.54
2015.03.06 02:04:55.731,1.82923,1.8294,1.12,1.69
2015.03.06 02:04:56.583,1.82923,1.8294,1.57,1.69
2015.03.06 02:04:57.090,1.82923,1.8294,1.12,1.69
2015.03.06 02:04:59.164,1.82923,1.82937,1.00,1.97
2015.03.06 02:05:01.312,1.82918,1.82936,1.00,1.34
2015.03.06 02:05:01.363,1.82918,1.82933,1.00,1.50
2015.03.06 02:05:01.871,1.82917,1.82933,1.12,1.50
2015.03.06 02:05:03.209,1.82918,1.82933,1.00,1.97
2015.03.06 02:05:03.718,1.82917,1.82933,1.87,1.97
2015.03.06 02:05:04.023,1.8292,1.82933,1.00,1.97
2015.03.06 02:05:07.636,1.8292,1.82936,1.00,1.01
2015.03.06 02:05:08.144,1.8292,1.82936,1.00,1.01
2015.03.06 02:05:11.120,1.82923,1.82937,1.00,1.09
2015.03.06 02:05:13.866,1.82921,1.82936,1.00,1.30
2015.03.06 02:05:14.376,1.82921,1.82936,1.37,1.30
2015.03.06 02:05:14.581,1.82921,1.82939,1.37,1.39
2015.03.06 02:05:14.632,1.82925,1.82939,1.00,1.30
2015.03.06 02:05:14.683,1.82925,1.82943,1.00,1.20
2015.03.06 02:05:14.734,1.82925,1.82945,1.37,1.27
2015.03.06 02:05:14.836,1.82925,1.82946,1.95,1.65
2015.03.06 02:05:15.140,1.82931,1.82947,2.25,1.50
2015.03.06 02:05:19.315,1.82931,1.82947,2.44,1.50
2015.03.06 02:05:23.360,1.82932,1.82947,1.12,1.07
2015.03.06 02:05:23.411,1.82932,1.8295,1.12,1.01
2015.03.06 02:05:29.138,1.82931,1.8295,1.50,1.01
2015.03.06 02:05:30.096,1.82932,1.8295,1.37,1.01
2015.03.06 02:05:30.349,1.82931,1.8295,1.50,1.01
2015.03.06 02:05:32.297,1.82932,1.82951,1.37,1.01
2015.03.06 02:05:37.458,1.82931,1.8295,1.95,1.01
2015.03.06 02:05:39.053,1.82931,1.82948,2.25,1.07
2015.03.06 02:05:42.109,1.82931,1.82948,1.50,1.00
2015.03.06 02:05:44.332,1.82931,1.82948,1.69,1.00
2015.03.06 02:05:45.507,1.82934,1.82948,1.47,1.00
2015.03.06 02:05:47.153,1.82933,1.82948,1.01,1.00
2015.03.06 02:05:53.407,1.82933,1.82948,1.57,1.00
2015.03.06 02:05:53.813,1.82936,1.82951,1.50,1.00
2015.03.06 02:05:53.864,1.82936,1.82951,1.50,1.00
2015.03.06 02:05:54.644,1.82938,1.82951,1.47,1.00
2015.03.06 02:05:54.847,1.82937,1.82951,1.12,1.00
2015.03.06 02:05:55.303,1.82936,1.82951,1.20,1.00
2015.03.06 02:05:57.100,1.82943,1.82956,1.50,1.00
2015.03.06 02:06:02.488,1.82943,1.82956,1.12,1.00
2015.03.06 02:06:06.828,1.82941,1.82956,1.87,1.00
2015.03.06 02:06:18.333,1.82944,1.82959,1.12,1.00
2015.03.06 02:06:19.193,1.82945,1.82963,1.12,1.10
2015.03.06 02:06:19.702,1.82945,1.82963,2.02,1.00
2015.03.06 02:06:20.208,1.82948,1.82965,1.07,1.19
2015.03.06 02:06:20.719,1.82948,1.82965,1.07,1.00
2015.03.06 02:06:22.853,1.82954,1.8297,1.12,1.07
2015.03.06 02:06:22.904,1.82954,1.8297,1.57,1.00
2015.03.06 02:06:23.006,1.82957,1.82974,1.20,1.37
2015.03.06 02:06:23.057,1.82958,1.82974,1.60,1.00
2015.03.06 02:06:23.108,1.82958,1.82974,1.31,1.00
2015.03.06 02:06:23.159,1.82963,1.82977,1.75,1.00
2015.03.06 02:06:23.572,1.82963,1.82977,1.75,1.20
2015.03.06 02:06:23.876,1.82961,1.82975,1.12,1.30
2015.03.06 02:06:23.927,1.82958,1.82975,1.75,1.30
2015.03.06 02:06:24.130,1.82958,1.82977,1.75,1.36
2015.03.06 02:06:24.686,1.82961,1.82977,1.75,1.36
2015.03.06 02:06:25.142,1.82959,1.82974,1.75,1.00
2015.03.06 02:06:25.243,1.82954,1.82974,1.87,1.19
2015.03.06 02:06:25.749,1.82954,1.82974,1.87,1.34
2015.03.06 02:06:26.443,1.82956,1.82974,1.12,1.34
2015.03.06 02:06:26.798,1.82954,1.82974,1.87,1.34
2015.03.06 02:06:27.444,1.82954,1.82974,1.87,1.34
2015.03.06 02:06:29.571,1.82954,1.82972,1.45,1.29
2015.03.06 02:06:29.672,1.82954,1.82975,1.45,1.76
2015.03.06 02:06:29.774,1.82956,1.82976,1.20,1.19
2015.03.06 02:06:29.825,1.82956,1.82976,2.02,1.19
2015.03.06 02:06:29.876,1.82957,1.82976,1.07,1.00
2015.03.06 02:06:29.928,1.82957,1.82976,1.20,1.00
2015.03.06 02:06:32.064,1.82962,1.82976,1.75,1.00
2015.03.06 02:06:34.813,1.82961,1.8298,1.12,1.34
2015.03.06 02:06:36.654,1.82962,1.8298,1.95,1.34
2015.03.06 02:06:36.756,1.82967,1.8298,1.37,1.00
2015.03.06 02:06:36.807,1.82968,1.82982,1.37,1.00
2015.03.06 02:06:36.910,1.82967,1.82986,1.50,1.29
2015.03.06 02:06:37.116,1.82969,1.82986,1.50,1.10
2015.03.06 02:06:37.712,1.82965,1.82986,1.01,2.25
2015.03.06 02:06:37.868,1.82965,1.82986,1.01,2.25
2015.03.06 02:06:38.020,1.82965,1.82986,1.01,1.07
2015.03.06 02:06:38.121,1.82965,1.82986,1.32,1.07
2015.03.06 02:06:38.630,1.82964,1.82986,1.76,1.17
2015.03.06 02:06:39.092,1.82965,1.82986,1.50,1.26
2015.03.06 02:06:39.970,1.82964,1.82986,1.57,1.36
2015.03.06 02:06:40.689,1.82964,1.82986,1.57,1.36
2015.03.06 02:06:41.681,1.82964,1.82986,1.57,1.36
2015.03.06 02:06:41.834,1.82964,1.82986,1.95,1.36
2015.03.06 02:06:41.986,1.82967,1.82989,2.25,1.09
2015.03.06 02:06:42.272,1.82965,1.82989,3.52,1.09
2015.03.06 02:06:42.374,1.82966,1.8299,1.92,1.44
2015.03.06 02:06:42.737,1.82966,1.82989,1.50,1.30
2015.03.06 02:06:43.354,1.8297,1.82989,1.37,1.01
2015.03.06 02:06:43.506,1.82967,1.82989,1.50,1.34
2015.03.06 02:06:45.143,1.82965,1.82989,2.44,1.34
2015.03.06 02:06:45.903,1.82967,1.82989,1.75,1.01
2015.03.06 02:06:47.497,1.82967,1.8299,1.85,1.76
2015.03.06 02:06:47.801,1.82969,1.8299,1.75,1.36
2015.03.06 02:06:48.317,1.82968,1.8299,1.87,1.46
2015.03.06 02:06:50.001,1.82968,1.8299,2.06,1.09
2015.03.06 02:06:53.390,1.82967,1.82986,1.85,1.12
2015.03.06 02:06:53.491,1.82962,1.82982,1.57,1.09
2015.03.06 02:06:53.957,1.82964,1.82986,1.10,1.09
2015.03.06 02:06:54.008,1.82966,1.82986,1.75,1.09
2015.03.06 02:06:54.614,1.82968,1.82986,1.12,1.20
2015.03.06 02:06:59.367,1.82968,1.82988,1.87,1.10
2015.03.06 02:07:01.560,1.82968,1.82988,1.87,1.09
2015.03.06 02:07:01.863,1.82965,1.82983,1.20,1.07
2015.03.06 02:07:02.376,1.82965,1.82982,1.20,1.07
2015.03.06 02:07:02.832,1.82963,1.8298,1.20,1.15
2015.03.06 02:07:04.545,1.82961,1.8298,1.31,1.15
2015.03.06 02:07:04.957,1.82962,1.8298,1.39,1.00
2015.03.06 02:07:05.478,1.82962,1.8298,1.09,1.00
2015.03.06 02:07:06.295,1.82962,1.8298,2.00,1.00
2015.03.06 02:07:07.727,1.82963,1.82983,2.44,1.40
2015.03.06 02:07:08.082,1.82963,1.82983,1.10,1.10
2015.03.06 02:07:09.564,1.82963,1.82983,2.44,1.00
2015.03.06 02:07:10.072,1.82964,1.82983,1.01,1.00
2015.03.06 02:07:10.427,1.82963,1.82983,1.10,1.29
2015.03.06 02:07:10.579,1.82963,1.82983,1.10,1.84
2015.03.06 02:07:11.186,1.82962,1.8298,1.20,1.10
2015.03.06 02:07:12.046,1.82963,1.82984,1.27,1.19
2015.03.06 02:07:12.561,1.82962,1.82984,2.40,1.19
2015.03.06 02:07:12.814,1.82962,1.82984,2.40,1.25
2015.03.06 02:07:13.182,1.82964,1.82984,1.20,1.25
2015.03.06 02:07:14.273,1.82964,1.82984,1.12,1.39
2015.03.06 02:07:15.181,1.82962,1.82984,1.95,1.39
2015.03.06 02:07:17.829,1.82962,1.82984,1.76,1.26
2015.03.06 02:07:20.230,1.82963,1.82984,1.54,1.19
2015.03.06 02:07:20.874,1.82963,1.82984,1.54,1.19
2015.03.06 02:07:21.877,1.82964,1.82984,1.09,1.00
2015.03.06 02:07:21.979,1.82964,1.82986,1.91,1.25
2015.03.06 02:07:22.081,1.8297,1.82986,1.12,1.25
2015.03.06 02:07:22.385,1.82971,1.82986,1.12,1.25
2015.03.06 02:07:23.262,1.82971,1.82989,1.12,1.19
2015.03.06 02:07:23.313,1.82969,1.82989,1.35,1.19
2015.03.06 02:07:23.826,1.82969,1.82989,2.02,1.19
2015.03.06 02:07:24.348,1.82972,1.82989,1.12,1.19
2015.03.06 02:07:25.556,1.82972,1.82989,1.12,1.00
2015.03.06 02:07:25.916,1.82974,1.82989,1.12,1.00
2015.03.06 02:07:26.421,1.82974,1.82993,1.12,1.84
2015.03.06 02:07:26.938,1.82972,1.8299,1.12,1.25
2015.03.06 02:07:27.055,1.82972,1.8299,1.12,1.19
2015.03.06 02:07:27.369,1.82974,1.8299,1.12,1.19
2015.03.06 02:07:27.726,1.82972,1.8299,1.47,1.19
2015.03.06 02:07:27.777,1.82973,1.82993,1.12,1.40
2015.03.06 02:07:27.879,1.82973,1.82993,1.65,1.25
2015.03.06 02:07:27.929,1.82974,1.82993,1.85,1.25
2015.03.06 02:07:28.233,1.82976,1.82996,1.95,1.36
2015.03.06 02:07:28.864,1.82978,1.82996,1.12,1.17
2015.03.06 02:07:28.915,1.82976,1.82996,2.25,1.17
2015.03.06 02:07:30.050,1.82977,1.82996,1.12,1.01
2015.03.06 02:07:30.457,1.82977,1.82996,1.12,1.29
2015.03.06 02:07:30.761,1.82975,1.82992,1.12,1.17
2015.03.06 02:07:31.269,1.82975,1.82992,1.12,1.15
2015.03.06 02:07:32.672,1.82976,1.82993,1.12,1.30
2015.03.06 02:07:33.330,1.82976,1.82994,1.12,1.26
2015.03.06 02:07:33.432,1.82979,1.82994,1.75,1.00
2015.03.06 02:07:33.634,1.82974,1.82994,1.12,1.00
2015.03.06 02:07:35.184,1.82969,1.82977,1.00,3.19
2015.03.06 02:07:35.238,1.82946,1.82968,1.10,1.65
2015.03.06 02:07:35.289,1.82946,1.82967,1.00,1.12
2015.03.06 02:07:35.593,1.8294,1.82958,1.00,1.01
2015.03.06 02:07:35.644,1.8294,1.82962,1.20,1.84
2015.03.06 02:07:35.746,1.82942,1.82962,1.12,1.36
2015.03.06 02:07:35.849,1.8294,1.82962,1.95,1.36
2015.03.06 02:07:35.901,1.8294,1.82962,1.95,1.09
2015.03.06 02:07:36.054,1.82943,1.82962,1.55,1.00
2015.03.06 02:07:36.105,1.82945,1.82965,1.10,1.10
2015.03.06 02:07:36.257,1.82945,1.82965,1.50,1.57
2015.03.06 02:07:36.561,1.82944,1.82959,1.12,1.10
2015.03.06 02:07:36.612,1.82939,1.82959,2.06,1.10
2015.03.06 02:07:36.865,1.82943,1.82961,1.00,1.17
2015.03.06 02:07:36.966,1.82939,1.82961,1.75,1.34
2015.03.06 02:07:37.136,1.82937,1.82961,1.85,1.84
2015.03.06 02:07:37.187,1.82937,1.82961,1.57,2.21
2015.03.06 02:07:37.725,1.8294,1.82961,1.42,1.31
2015.03.06 02:07:37.877,1.82941,1.82964,1.31,1.54
2015.03.06 02:07:38.382,1.82942,1.82964,2.06,1.40
2015.03.06 02:07:38.900,1.82943,1.82964,1.35,1.00
2015.03.06 02:07:39.457,1.82941,1.82964,2.81,1.20
2015.03.06 02:07:39.812,1.82945,1.82964,1.12,1.00
2015.03.06 02:07:40.115,1.82945,1.82964,1.12,1.00
2015.03.06 02:07:41.062,1.82948,1.82968,1.12,2.21
2015.03.06 02:07:41.872,1.82945,1.82968,1.31,1.44
2015.03.06 02:07:41.923,1.82945,1.82968,1.20,1.54
2015.03.06 02:07:42.500,1.82945,1.82968,1.64,1.35
2015.03.06 02:07:42.652,1.82948,1.82968,1.12,1.00
2015.03.06 02:07:43.158,1.82949,1.82968,1.75,1.00
2015.03.06 02:07:43.917,1.82949,1.82971,1.46,1.00
2015.03.06 02:07:43.968,1.82951,1.82971,1.76,1.00
2015.03.06 02:07:44.271,1.82952,1.82971,1.57,1.00
2015.03.06 02:07:44.588,1.82954,1.82971,1.20,1.00
2015.03.06 02:07:44.689,1.82954,1.82976,1.20,1.10
2015.03.06 02:07:45.954,1.82954,1.82978,1.20,1.84
2015.03.06 02:07:46.510,1.82956,1.82978,1.20,1.36
2015.03.06 02:07:47.510,1.82958,1.82978,1.00,1.36
2015.03.06 02:07:48.121,1.82958,1.82978,1.00,1.74
2015.03.06 02:07:49.498,1.82956,1.82978,1.20,1.74
2015.03.06 02:07:50.005,1.82953,1.82977,2.21,1.39
2015.03.06 02:07:51.244,1.82958,1.82978,1.00,1.84
2015.03.06 02:07:51.497,1.82953,1.82976,1.54,1.01
2015.03.06 02:07:52.611,1.82953,1.82976,1.54,1.01
2015.03.06 02:07:55.925,1.82953,1.82974,1.19,1.09
2015.03.06 02:07:57.038,1.82953,1.82974,1.50,1.09
2015.03.06 02:07:58.054,1.82953,1.82974,1.69,1.09
2015.03.06 02:07:58.561,1.82953,1.82975,1.32,1.39
2015.03.06 02:07:59.083,1.82953,1.82975,1.20,1.26
2015.03.06 02:08:00.516,1.82952,1.82972,1.50,1.26
2015.03.06 02:08:01.034,1.82952,1.82972,1.19,1.32
2015.03.06 02:08:02.115,1.82952,1.82972,1.00,1.26
2015.03.06 02:08:03.088,1.82952,1.82972,1.00,1.26
2015.03.06 02:08:03.595,1.82952,1.82971,1.00,1.01
2015.03.06 02:08:04.107,1.82949,1.82969,1.39,1.07
2015.03.06 02:08:08.874,1.82949,1.82969,1.20,2.07
2015.03.06 02:08:09.127,1.82947,1.82967,1.29,1.17
2015.03.06 02:08:09.633,1.82947,1.82967,1.10,1.09
2015.03.06 02:08:10.741,1.82945,1.82964,1.31,1.00
2015.03.06 02:08:11.347,1.82944,1.82964,1.84,1.00
2015.03.06 02:08:11.398,1.82944,1.82964,1.20,1.25
2015.03.06 02:08:11.906,1.82944,1.82964,1.65,1.25
2015.03.06 02:08:12.219,1.82947,1.82964,1.12,1.25
2015.03.06 02:08:16.587,1.82947,1.82964,1.12,1.17
2015.03.06 02:08:16.791,1.82944,1.82964,2.06,1.57
2015.03.06 02:08:16.893,1.82944,1.82961,1.19,1.50
2015.03.06 02:08:17.096,1.8294,1.82962,1.39,1.35
2015.03.06 02:08:17.400,1.82942,1.82962,1.69,1.10
2015.03.06 02:08:17.754,1.82943,1.82963,1.34,1.12
2015.03.06 02:08:18.945,1.82943,1.82964,1.34,1.12
2015.03.06 02:08:19.471,1.82943,1.82965,1.19,2.02
2015.03.06 02:08:19.522,1.82943,1.82965,1.29,1.25
2015.03.06 02:08:20.871,1.82943,1.82965,1.46,1.10
2015.03.06 02:08:21.206,1.82943,1.82964,1.29,1.97
2015.03.06 02:08:21.514,1.8294,1.8296,1.39,1.15
2015.03.06 02:08:24.583,1.8294,1.8296,1.01,1.76
2015.03.06 02:08:25.456,1.8294,1.8296,1.01,1.01
2015.03.06 02:08:27.313,1.82939,1.8296,1.01,1.65
2015.03.06 02:08:27.416,1.82939,1.8296,1.09,1.20
2015.03.06 02:08:27.518,1.82938,1.8296,1.84,1.47
2015.03.06 02:08:27.670,1.82939,1.8296,1.39,1.10
2015.03.06 02:08:30.018,1.82939,1.8296,1.39,1.10
2015.03.06 02:08:31.361,1.82942,1.8296,1.26,1.10
2015.03.06 02:08:31.743,1.82944,1.8296,1.01,1.00
2015.03.06 02:08:32.551,1.82944,1.82962,1.01,1.00
2015.03.06 02:08:35.153,1.82954,1.82974,1.76,1.75
2015.03.06 02:08:35.204,1.82954,1.82974,1.76,1.00
2015.03.06 02:08:35.728,1.82956,1.82974,1.31,1.00
2015.03.06 02:08:36.858,1.82956,1.82974,1.12,1.37
2015.03.06 02:08:37.111,1.8295,1.8297,1.12,1.20
2015.03.06 02:08:37.162,1.82948,1.82968,1.87,1.55
2015.03.06 02:08:37.213,1.82948,1.82968,1.12,1.55
2015.03.06 02:08:37.731,1.82948,1.82967,1.00,1.39
2015.03.06 02:08:42.695,1.82948,1.82966,1.00,1.31
2015.03.06 02:08:43.815,1.82948,1.82964,1.00,1.12
2015.03.06 02:08:44.321,1.82944,1.82964,1.19,1.87
2015.03.06 02:08:45.275,1.82944,1.82964,1.25,1.95
2015.03.06 02:08:45.376,1.82944,1.82964,1.32,1.00
2015.03.06 02:08:45.629,1.82944,1.82964,1.25,1.10
2015.03.06 02:08:46.250,1.82944,1.82964,1.25,1.57
2015.03.06 02:08:46.555,1.82944,1.82964,1.26,1.10
2015.03.06 02:08:46.657,1.82944,1.82964,1.19,1.37
2015.03.06 02:08:46.913,1.82944,1.82964,1.39,1.00
2015.03.06 02:08:47.422,1.82944,1.82964,1.19,1.20
2015.03.06 02:08:48.096,1.82944,1.82964,1.19,1.20
2015.03.06 02:08:51.835,1.82944,1.82964,1.39,1.00
2015.03.06 02:08:52.423,1.82944,1.82964,1.19,1.20
2015.03.06 02:08:53.415,1.82944,1.82964,1.19,1.57
2015.03.06 02:08:53.926,1.82944,1.82964,1.31,1.62
2015.03.06 02:08:55.511,1.82944,1.82964,2.25,1.25
2015.03.06 02:08:56.224,1.82944,1.82964,1.46,1.37
2015.03.06 02:08:56.783,1.82944,1.82964,1.46,1.37
2015.03.06 02:08:57.815,1.82944,1.82964,1.39,1.70
2015.03.06 02:08:58.120,1.82943,1.82962,1.60,1.87
2015.03.06 02:08:58.373,1.82942,1.82962,1.69,1.95
2015.03.06 02:08:59.099,1.82944,1.82962,1.12,1.95
2015.03.06 02:08:59.251,1.82942,1.82962,1.76,1.95
2015.03.06 02:09:00.235,1.82942,1.82962,1.76,1.95
2015.03.06 02:09:00.590,1.82942,1.82962,2.51,2.32
2015.03.06 02:09:01.121,1.82942,1.82962,2.32,2.32
2015.03.06 02:09:02.377,1.82942,1.82962,2.51,1.95
2015.03.06 02:09:02.928,1.82943,1.82962,1.60,1.95
2015.03.06 02:09:03.833,1.82943,1.82962,1.09,1.57
2015.03.06 02:09:06.120,1.82942,1.82962,1.69,1.57
2015.03.06 02:09:07.122,1.82942,1.82962,1.69,1.57
2015.03.06 02:09:09.147,1.82942,1.82962,1.69,1.57
2015.03.06 02:09:09.772,1.82939,1.82959,1.19,1.57
2015.03.06 02:09:09.977,1.82939,1.82959,1.19,1.57
2015.03.06 02:09:10.787,1.82939,1.82959,1.19,1.57
2015.03.06 02:09:11.192,1.82939,1.82959,1.31,1.09
2015.03.06 02:09:11.957,1.82939,1.82959,1.39,1.10
2015.03.06 02:09:12.464,1.82941,1.82959,1.32,1.10
2015.03.06 02:09:17.991,1.8294,1.82959,1.31,1.47
2015.03.06 02:09:18.245,1.82939,1.82959,1.10,1.55
2015.03.06 02:09:18.347,1.82941,1.82959,1.12,2.02
2015.03.06 02:09:18.658,1.82939,1.82958,1.29,1.50
2015.03.06 02:09:20.650,1.82939,1.82956,1.00,1.57
2015.03.06 02:09:20.701,1.82938,1.82956,1.00,1.20
2015.03.06 02:09:20.753,1.82938,1.82956,1.00,1.85
2015.03.06 02:09:20.905,1.82934,1.82956,1.69,1.82
2015.03.06 02:09:21.007,1.82936,1.82956,1.60,1.82
2015.03.06 02:09:21.465,1.82934,1.82956,2.06,1.92
2015.03.06 02:09:21.994,1.82934,1.82956,2.06,1.92
2015.03.06 02:09:24.830,1.82935,1.82956,1.01,2.07
2015.03.06 02:09:26.838,1.82933,1.82954,1.31,1.17
2015.03.06 02:09:26.990,1.82931,1.8295,1.64,1.00
2015.03.06 02:09:27.525,1.82933,1.82951,1.25,1.00
2015.03.06 02:09:29.273,1.82933,1.82951,1.00,1.37
2015.03.06 02:09:29.527,1.82924,1.82944,1.01,1.57
2015.03.06 02:09:31.219,1.82924,1.82944,1.62,1.91
2015.03.06 02:09:31.576,1.82924,1.82944,1.25,1.91
2015.03.06 02:09:33.936,1.82924,1.82944,1.19,2.51
2015.03.06 02:09:35.448,1.82924,1.82944,1.19,2.07
2015.03.06 02:09:35.955,1.82924,1.82944,1.19,1.39
2015.03.06 02:09:37.018,1.82924,1.82944,1.19,1.20
2015.03.06 02:09:38.131,1.82924,1.82944,1.19,1.39
2015.03.06 02:09:38.636,1.82924,1.82944,1.39,1.00
2015.03.06 02:09:39.141,1.82924,1.82944,1.19,1.12
2015.03.06 02:09:39.802,1.82924,1.82944,1.19,1.12
2015.03.06 02:09:40.057,1.82926,1.82948,1.94,2.62
2015.03.06 02:09:40.208,1.82927,1.82948,1.39,1.87
2015.03.06 02:09:40.259,1.82927,1.82948,1.84,1.00
2015.03.06 02:09:40.310,1.8293,1.8295,1.29,1.10
2015.03.06 02:09:40.412,1.8293,1.8295,1.29,1.10
2015.03.06 02:09:40.988,1.8293,1.8295,1.29,1.12
2015.03.06 02:09:43.899,1.8293,1.8295,1.29,1.12
2015.03.06 02:09:44.510,1.8293,1.8295,1.29,1.12
2015.03.06 02:09:44.611,1.8293,1.8295,1.10,1.12
2015.03.06 02:09:44.764,1.8293,1.82949,1.00,1.52
2015.03.06 02:09:44.967,1.82927,1.82948,1.54,1.00
2015.03.06 02:09:45.483,1.82929,1.82951,1.26,1.85
2015.03.06 02:09:45.534,1.82929,1.82951,1.26,1.85
2015.03.06 02:09:46.461,1.82929,1.82951,1.26,1.85
2015.03.06 02:09:47.415,1.82933,1.82951,1.25,1.85
2015.03.06 02:09:49.051,1.82929,1.82951,2.14,1.20
2015.03.06 02:09:49.254,1.82929,1.82951,1.95,2.02
2015.03.06 02:09:49.356,1.82929,1.82948,1.31,1.55
2015.03.06 02:09:49.915,1.82928,1.82946,1.19,1.52
2015.03.06 02:09:50.459,1.82928,1.82946,1.19,1.62
2015.03.06 02:09:51.260,1.82928,1.82945,1.25,1.17
2015.03.06 02:09:52.257,1.82926,1.82945,1.19,1.27
2015.03.06 02:09:52.821,1.82926,1.82945,1.19,1.17
2015.03.06 02:09:53.126,1.82923,1.82943,1.19,1.50
2015.03.06 02:09:54.905,1.82923,1.82943,1.69,1.00
2015.03.06 02:09:55.259,1.82923,1.82943,1.69,1.00
2015.03.06 02:09:55.665,1.82923,1.82943,1.69,1.47
2015.03.06 02:09:55.968,1.82923,1.82943,1.69,1.00
2015.03.06 02:09:56.272,1.8292,1.8294,1.39,1.00
2015.03.06 02:09:56.785,1.82918,1.8294,1.91,1.20
2015.03.06 02:09:59.045,1.82918,1.8294,1.54,1.20
2015.03.06 02:09:59.782,1.82918,1.8294,1.91,1.20
2015.03.06 02:10:00.786,1.82918,1.8294,1.91,1.20
2015.03.06 02:10:01.089,1.82918,1.8294,1.91,1.20
2015.03.06 02:10:02.060,1.82918,1.8294,1.91,1.20
2015.03.06 02:10:02.567,1.82919,1.8294,1.16,1.00
2015.03.06 02:10:04.148,1.82921,1.82942,1.29,1.15
2015.03.06 02:10:04.650,1.82921,1.82942,1.29,1.15
2015.03.06 02:10:04.761,1.82921,1.82942,1.19,1.55
2015.03.06 02:10:07.261,1.82921,1.8294,1.19,1.07
2015.03.06 02:10:08.284,1.82919,1.82939,1.54,1.10
2015.03.06 02:10:10.389,1.82919,1.82939,1.54,1.10
2015.03.06 02:10:12.270,1.82919,1.82939,1.54,1.10
2015.03.06 02:10:14.304,1.82919,1.82939,1.54,1.10
2015.03.06 02:10:16.309,1.82919,1.82939,1.54,1.10
2015.03.06 02:10:17.300,1.82921,1.82942,1.19,1.52
2015.03.06 02:10:17.757,1.82921,1.82943,1.29,1.25
2015.03.06 02:10:18.981,1.82921,1.82943,1.19,1.35
2015.03.06 02:10:20.384,1.82921,1.82943,1.19,1.35
2015.03.06 02:10:22.367,1.82921,1.82943,1.19,1.35
2015.03.06 02:10:22.716,1.82921,1.82941,1.19,1.85
2015.03.06 02:10:23.369,1.82921,1.82941,1.19,1.85
2015.03.06 02:10:25.525,1.82921,1.8294,1.19,1.57
2015.03.06 02:10:25.576,1.82921,1.8294,1.19,1.95
2015.03.06 02:10:26.083,1.82921,1.82939,1.19,1.27
2015.03.06 02:10:26.450,1.82918,1.82936,1.19,1.27
2015.03.06 02:10:27.107,1.82916,1.82936,1.19,1.27
2015.03.06 02:10:27.209,1.82916,1.82935,1.00,1.52
2015.03.06 02:10:27.310,1.82916,1.82935,1.19,1.57
2015.03.06 02:10:27.978,1.82916,1.82932,1.19,1.27
2015.03.06 02:10:28.781,1.82916,1.82927,1.00,1.12
2015.03.06 02:10:28.834,1.82912,1.82927,1.19,1.12
2015.03.06 02:10:29.198,1.82912,1.82927,1.19,1.12
2015.03.06 02:10:29.300,1.82912,1.8293,1.19,1.12
2015.03.06 02:10:29.708,1.82912,1.82929,1.00,1.12
2015.03.06 02:10:29.810,1.82908,1.82926,1.32,1.12
2015.03.06 02:10:29.861,1.82908,1.82925,1.25,1.20
2015.03.06 02:10:29.912,1.82906,1.82924,1.20,1.20
2015.03.06 02:10:30.216,1.82906,1.82919,1.00,1.20
2015.03.06 02:10:30.317,1.82906,1.82922,1.00,2.32
2015.03.06 02:10:31.308,1.82906,1.82919,1.00,1.20
2015.03.06 02:10:31.645,1.82906,1.82921,1.00,1.27
2015.03.06 02:10:32.134,1.82903,1.82921,1.19,1.27
2015.03.06 02:10:32.337,1.829,1.82919,1.19,1.27
2015.03.06 02:10:32.388,1.829,1.82919,1.19,1.95
2015.03.06 02:10:34.072,1.829,1.82918,1.19,1.75
2015.03.06 02:10:37.019,1.829,1.82918,1.25,1.75
2015.03.06 02:10:38.029,1.82896,1.82916,1.19,1.15
2015.03.06 02:10:38.886,1.82896,1.82916,1.19,2.02
2015.03.06 02:10:39.038,1.82896,1.82916,1.19,2.02
2015.03.06 02:10:39.545,1.82896,1.82914,1.19,1.25
2015.03.06 02:10:40.095,1.82896,1.82914,1.19,1.25
2015.03.06 02:10:41.046,1.82896,1.82914,1.19,1.62
2015.03.06 02:10:44.069,1.82892,1.82914,1.19,1.25
2015.03.06 02:10:44.574,1.82892,1.82916,2.21,2.32
2015.03.06 02:10:47.071,1.82898,1.82916,1.19,1.45
2015.03.06 02:10:48.440,1.82898,1.82917,1.25,2.02
2015.03.06 02:10:48.594,1.82892,1.82915,2.81,2.40
2015.03.06 02:10:48.797,1.82892,1.82911,1.19,1.65
2015.03.06 02:10:49.115,1.82889,1.8291,1.19,1.27
2015.03.06 02:10:49.175,1.82889,1.82911,1.19,1.27
2015.03.06 02:10:49.693,1.82889,1.82911,1.29,1.25
2015.03.06 02:10:50.047,1.82896,1.82912,1.20,1.20
2015.03.06 02:10:50.098,1.82896,1.82916,1.27,1.12
2015.03.06 02:10:50.149,1.829,1.82916,1.00,1.12
2015.03.06 02:10:50.200,1.829,1.82923,1.50,2.47
2015.03.06 02:10:50.352,1.82905,1.82924,1.00,1.17
2015.03.06 02:10:50.454,1.82906,1.82928,1.27,1.57
2015.03.06 02:10:50.657,1.82907,1.82928,1.16,1.00
2015.03.06 02:10:51.067,1.82909,1.82931,1.01,1.27
2015.03.06 02:10:52.009,1.8291,1.8293,1.19,1.72
2015.03.06 02:10:52.465,1.8291,1.82928,1.19,1.95
2015.03.06 02:10:52.568,1.8291,1.82928,1.00,1.87
2015.03.06 02:10:52.772,1.82908,1.82927,1.00,3.90
2015.03.06 02:10:52.975,1.829,1.82918,1.10,1.20
2015.03.06 02:10:53.076,1.82897,1.82918,1.10,2.02
2015.03.06 02:10:53.279,1.82897,1.82918,1.00,3.22
2015.03.06 02:10:53.532,1.82893,1.82914,1.26,1.57
2015.03.06 02:10:53.583,1.82896,1.82916,1.10,1.20
2015.03.06 02:10:53.685,1.82896,1.82916,1.75,1.10
2015.03.06 02:10:53.989,1.82899,1.82919,2.25,1.95
2015.03.06 02:10:54.404,1.82899,1.82919,2.77,1.00
2015.03.06 02:10:54.455,1.82902,1.82922,1.29,1.27
2015.03.06 02:10:54.765,1.82904,1.82922,1.60,1.17
2015.03.06 02:10:56.505,1.82905,1.82922,1.26,1.17
2015.03.06 02:10:57.799,1.82907,1.82922,1.39,1.00
2015.03.06 02:10:57.850,1.82907,1.82925,1.39,1.00
2015.03.06 02:10:57.952,1.82907,1.82929,1.46,1.72
2015.03.06 02:10:58.054,1.82911,1.8293,1.00,1.40
2015.03.06 02:10:58.933,1.82911,1.8293,1.39,1.00
2015.03.06 02:10:59.565,1.82911,1.8293,1.39,1.00
2015.03.06 02:10:59.818,1.82912,1.82934,1.84,1.65
2015.03.06 02:10:59.869,1.82912,1.82934,1.84,1.57
2015.03.06 02:11:00.022,1.82913,1.82934,1.69,1.57
2015.03.06 02:11:00.576,1.82918,1.82937,1.25,1.84
2015.03.06 02:11:01.479,1.82918,1.82937,1.19,1.65
2015.03.06 02:11:04.005,1.82918,1.82937,1.19,2.02
2015.03.06 02:11:04.684,1.82918,1.82937,1.25,2.02
2015.03.06 02:11:05.706,1.82918,1.82937,1.19,2.02
2015.03.06 02:11:06.219,1.82918,1.82937,1.19,2.40
2015.03.06 02:11:06.780,1.82918,1.82937,1.19,1.50
2015.03.06 02:11:07.034,1.82918,1.82938,1.26,1.50
2015.03.06 02:11:07.135,1.82918,1.82938,1.34,1.10
2015.03.06 02:11:07.595,1.82922,1.82941,1.00,1.57
2015.03.06 02:11:07.996,1.82922,1.82941,1.19,1.57
2015.03.06 02:11:09.372,1.82922,1.82941,1.19,1.57
2015.03.06 02:11:10.558,1.82922,1.82941,1.19,2.32
2015.03.06 02:11:10.609,1.82922,1.82941,1.19,2.32
2015.03.06 02:11:10.762,1.82922,1.82941,1.19,3.07
2015.03.06 02:11:11.414,1.82922,1.82938,1.25,1.12
2015.03.06 02:11:11.718,1.82915,1.82936,1.07,1.82
2015.03.06 02:11:11.820,1.82915,1.82935,1.19,1.50
2015.03.06 02:11:12.123,1.82915,1.82932,1.19,1.85
2015.03.06 02:11:12.448,1.82915,1.82929,1.19,1.12
2015.03.06 02:11:12.958,1.82913,1.8293,1.19,1.12
2015.03.06 02:11:13.799,1.82913,1.82929,1.19,1.45
2015.03.06 02:11:13.851,1.82913,1.82929,1.00,1.45
2015.03.06 02:11:13.953,1.82913,1.82929,1.00,1.20
2015.03.06 02:11:14.244,1.8291,1.82927,1.00,1.75
2015.03.06 02:11:14.346,1.82907,1.82925,1.29,1.15
2015.03.06 02:11:14.599,1.82907,1.82925,1.00,1.65
2015.03.06 02:11:14.804,1.82904,1.82923,1.00,1.12
2015.03.06 02:11:15.337,1.82904,1.82924,1.00,1.95
2015.03.06 02:11:15.640,1.82904,1.82925,1.26,1.55
2015.03.06 02:11:15.742,1.82905,1.82925,1.60,1.47
2015.03.06 02:11:15.843,1.82907,1.82928,1.36,1.12
2015.03.06 02:11:15.945,1.82907,1.82929,1.54,1.20
2015.03.06 02:11:16.046,1.82907,1.82929,1.54,1.20
2015.03.06 02:11:16.401,1.82913,1.82931,1.00,2.02
2015.03.06 02:11:16.705,1.82912,1.8293,1.00,1.92
2015.03.06 02:11:17.210,1.82912,1.8293,1.19,1.92
2015.03.06 02:11:19.152,1.82912,1.8293,1.00,1.92
2015.03.06 02:11:20.030,1.82912,1.8293,1.19,1.92
2015.03.06 02:11:21.045,1.82912,1.8293,1.00,1.92
2015.03.06 02:11:23.478,1.82909,1.82929,1.26,1.57
2015.03.06 02:11:23.529,1.82909,1.82929,1.76,1.10
2015.03.06 02:11:26.384,1.82913,1.8293,1.19,1.20
2015.03.06 02:11:26.939,1.82913,1.8293,1.69,1.20
2015.03.06 02:11:28.656,1.8291,1.82927,1.19,1.00
2015.03.06 02:11:29.162,1.8291,1.82927,1.19,1.00
2015.03.06 02:11:29.875,1.8291,1.82927,1.19,1.00
2015.03.06 02:11:31.206,1.8291,1.82927,1.19,1.50
2015.03.06 02:11:31.860,1.8291,1.82927,1.25,1.87
2015.03.06 02:11:33.789,1.8291,1.82927,1.19,1.87
2015.03.06 02:11:34.859,1.8291,1.82927,1.19,1.87
2015.03.06 02:11:35.623,1.8291,1.82926,1.19,1.12
2015.03.06 02:11:36.079,1.8291,1.82927,1.00,2.32
2015.03.06 02:11:36.585,1.8291,1.82926,1.00,1.12
2015.03.06 02:11:37.142,1.8291,1.82925,1.00,1.50
2015.03.06 02:11:37.396,1.8291,1.82925,1.00,1.75
2015.03.06 02:11:37.649,1.8291,1.82925,1.00,1.07
2015.03.06 02:11:37.700,1.8291,1.82925,1.00,1.20
2015.03.06 02:11:37.801,1.8291,1.82925,1.00,1.12
2015.03.06 02:11:39.965,1.82907,1.82924,1.50,1.65
2015.03.06 02:11:42.596,1.82907,1.82924,1.31,1.27
2015.03.06 02:11:43.704,1.82907,1.82924,1.12,1.27
2015.03.06 02:11:46.125,1.82903,1.8292,1.00,1.00
2015.03.06 02:11:46.176,1.82903,1.8292,1.00,1.85
2015.03.06 02:11:46.480,1.82901,1.82915,1.00,1.12
2015.03.06 02:11:50.174,1.82901,1.82917,1.00,1.69
2015.03.06 02:11:50.581,1.82901,1.82918,1.25,1.47
2015.03.06 02:11:50.632,1.82901,1.82918,1.25,1.10
2015.03.06 02:11:51.605,1.82901,1.82918,1.09,1.00
2015.03.06 02:11:51.656,1.82904,1.82921,1.00,1.50
2015.03.06 02:11:51.909,1.82904,1.82921,1.25,1.00
2015.03.06 02:11:52.012,1.82904,1.82921,1.25,1.37
2015.03.06 02:11:52.573,1.82904,1.8292,1.37,1.85
2015.03.06 02:11:52.675,1.82907,1.82924,1.56,1.10
2015.03.06 02:11:52.777,1.8291,1.82927,1.27,1.00
2015.03.06 02:11:52.828,1.82913,1.8293,1.00,1.10
2015.03.06 02:11:53.495,1.82918,1.82935,1.19,1.20
2015.03.06 02:11:54.026,1.82918,1.82935,1.19,1.10
2015.03.06 02:11:54.635,1.82918,1.82935,1.25,1.10
2015.03.06 02:11:55.063,1.82918,1.82935,1.25,1.37
2015.03.06 02:11:58.880,1.82918,1.82934,1.00,1.12
2015.03.06 02:12:00.906,1.82918,1.82933,1.00,1.71
2015.03.06 02:12:01.414,1.82918,1.82932,1.00,2.07
2015.03.06 02:12:02.847,1.82918,1.82932,1.00,1.39
2015.03.06 02:12:04.195,1.82916,1.82931,1.00,1.17
2015.03.06 02:12:04.246,1.82916,1.82931,1.00,1.65
2015.03.06 02:12:04.560,1.82916,1.82929,1.00,1.27
2015.03.06 02:12:08.584,1.82912,1.82929,1.00,1.46
2015.03.06 02:12:11.074,1.82912,1.82929,1.00,1.84
2015.03.06 02:12:11.585,1.82911,1.82927,1.00,1.01
2015.03.06 02:12:13.042,1.82911,1.82927,1.00,1.01
2015.03.06 02:12:25.142,1.82911,1.82928,1.00,1.27
2015.03.06 02:12:27.031,1.82911,1.82928,1.37,1.20
2015.03.06 02:12:27.594,1.82911,1.82928,1.19,1.20
2015.03.06 02:12:28.104,1.82911,1.82928,1.25,1.20
2015.03.06 02:12:30.927,1.82913,1.8293,1.00,1.75
2015.03.06 02:12:34.061,1.82913,1.8293,1.62,1.00
2015.03.06 02:12:34.116,1.82916,1.82935,1.00,2.14
2015.03.06 02:12:34.421,1.8292,1.82936,1.00,1.44
2015.03.06 02:12:34.725,1.8292,1.82936,1.00,1.25
2015.03.06 02:12:35.244,1.8292,1.82937,1.00,1.10
2015.03.06 02:12:35.399,1.82924,1.82941,1.00,3.19
2015.03.06 02:12:35.451,1.82924,1.82941,1.00,1.87
2015.03.06 02:12:35.553,1.82927,1.82944,1.00,1.69
2015.03.06 02:12:35.706,1.82927,1.82944,1.00,1.01
2015.03.06 02:12:35.858,1.82927,1.82944,1.00,1.65
2015.03.06 02:12:36.365,1.82927,1.82942,1.00,1.17
2015.03.06 02:12:36.670,1.82927,1.82942,1.00,1.65
2015.03.06 02:12:36.721,1.82923,1.82942,1.00,2.40
2015.03.06 02:12:37.871,1.82923,1.82941,1.00,1.71
2015.03.06 02:12:37.973,1.82923,1.82938,1.00,1.52
2015.03.06 02:12:38.277,1.82921,1.82937,1.00,1.20
2015.03.06 02:12:38.967,1.82921,1.82939,1.00,2.14
2015.03.06 02:12:39.270,1.82921,1.82939,1.00,1.30
2015.03.06 02:12:39.776,1.82921,1.8294,1.00,1.36
2015.03.06 02:12:40.746,1.82921,1.8294,1.12,1.32
2015.03.06 02:12:42.122,1.82919,1.82938,1.12,1.87
2015.03.06 02:12:42.172,1.82918,1.82937,2.25,1.20
2015.03.06 02:12:42.223,1.82918,1.82935,1.87,1.20
2015.03.06 02:12:42.325,1.82918,1.82935,1.00,1.50
2015.03.06 02:12:43.311,1.82919,1.82933,1.12,1.15
2015.03.06 02:12:43.858,1.82919,1.82933,1.12,1.00
2015.03.06 02:12:44.271,1.82916,1.82933,1.76,1.00
2015.03.06 02:12:46.858,1.82916,1.82933,1.76,1.17
2015.03.06 02:12:48.315,1.82916,1.82933,1.20,1.17
2015.03.06 02:12:49.329,1.82916,1.82933,1.50,1.17
2015.03.06 02:12:51.359,1.82916,1.82933,1.00,1.17
2015.03.06 02:12:51.410,1.82916,1.82933,1.50,1.17
2015.03.06 02:12:57.322,1.82916,1.82933,1.10,1.09
2015.03.06 02:12:58.161,1.82908,1.82924,1.29,1.00
2015.03.06 02:12:58.212,1.82908,1.82927,2.32,1.17
2015.03.06 02:12:58.568,1.82912,1.82926,1.10,1.12
2015.03.06 02:12:58.619,1.82905,1.82924,1.00,2.25
2015.03.06 02:12:58.721,1.82902,1.82919,1.10,1.00
2015.03.06 02:12:58.873,1.82902,1.82919,1.00,1.37
2015.03.06 02:12:59.075,1.82899,1.82918,1.10,1.50
2015.03.06 02:12:59.126,1.82899,1.82918,1.10,1.87
2015.03.06 02:12:59.531,1.82899,1.82918,1.10,1.69
2015.03.06 02:13:03.559,1.82899,1.82919,2.04,1.00
2015.03.06 02:13:03.613,1.82901,1.82921,1.39,1.09
2015.03.06 02:13:04.510,1.82901,1.82921,1.09,1.20
2015.03.06 02:13:06.506,1.82901,1.82921,1.09,1.39
2015.03.06 02:13:09.534,1.82901,1.82921,1.19,1.54
2015.03.06 02:13:10.533,1.82901,1.82921,1.00,1.54
2015.03.06 02:13:10.892,1.82901,1.82921,1.00,1.91
2015.03.06 02:13:15.927,1.82901,1.8292,1.00,2.06
2015.03.06 02:13:17.893,1.82898,1.82918,1.56,1.16
2015.03.06 02:13:18.146,1.82898,1.82918,1.25,1.65
2015.03.06 02:13:18.927,1.82898,1.82918,1.19,2.21
2015.03.06 02:13:22.912,1.82898,1.82917,1.25,1.01
2015.03.06 02:13:27.561,1.82898,1.82917,1.00,1.76
2015.03.06 02:13:27.663,1.82894,1.82912,1.01,1.00
2015.03.06 02:13:27.713,1.82894,1.82912,1.01,1.75
2015.03.06 02:13:27.865,1.82889,1.8291,1.76,1.82
2015.03.06 02:13:36.671,1.82889,1.82907,1.01,1.17
2015.03.06 02:13:36.873,1.82889,1.82907,1.01,1.57
2015.03.06 02:13:36.924,1.82889,1.82907,1.01,2.25
2015.03.06 02:13:41.864,1.82889,1.82907,1.01,1.15
2015.03.06 02:13:48.733,1.82888,1.82907,1.22,1.40
2015.03.06 02:13:49.246,1.82885,1.82905,1.39,1.10
2015.03.06 02:13:53.429,1.82886,1.82904,1.31,1.00
2015.03.06 02:14:00.455,1.82887,1.82907,1.62,1.54
2015.03.06 02:14:00.506,1.82887,1.82907,1.62,1.54
2015.03.06 02:14:00.810,1.8289,1.8291,1.37,1.46
2015.03.06 02:14:01.114,1.82892,1.82907,1.37,1.00
2015.03.06 02:14:01.624,1.82889,1.82907,1.29,1.00
2015.03.06 02:14:02.900,1.82887,1.82907,1.39,1.00
2015.03.06 02:14:04.717,1.82887,1.82907,1.39,1.00
2015.03.06 02:14:05.256,1.82887,1.82907,1.39,1.00
2015.03.06 02:14:05.459,1.82887,1.82907,1.66,1.17
2015.03.06 02:14:06.139,1.82886,1.82906,1.01,1.10
2015.03.06 02:14:08.227,1.82886,1.82906,1.01,1.10
2015.03.06 02:14:08.379,1.82886,1.82906,1.01,1.50
2015.03.06 02:14:12.784,1.82884,1.82906,2.06,1.57
2015.03.06 02:14:13.251,1.82884,1.82906,2.06,1.57
2015.03.06 02:14:21.614,1.82885,1.82904,1.46,1.17
2015.03.06 02:14:24.105,1.82892,1.82907,1.00,2.02
2015.03.06 02:14:29.048,1.82892,1.82907,1.00,1.35
2015.03.06 02:14:32.423,1.82892,1.82904,1.00,1.20
2015.03.06 02:14:32.475,1.82877,1.82892,1.01,1.10
2015.03.06 02:14:32.577,1.82877,1.82896,1.10,2.25
2015.03.06 02:14:32.729,1.82878,1.82892,1.12,1.10
2015.03.06 02:14:32.831,1.82879,1.829,1.47,1.20
2015.03.06 02:14:32.983,1.82879,1.82899,1.25,1.60
2015.03.06 02:14:33.033,1.82881,1.82898,1.00,2.40
2015.03.06 02:14:33.540,1.82876,1.82896,1.56,1.15
2015.03.06 02:14:34.075,1.82877,1.82898,1.56,1.82
2015.03.06 02:14:34.343,1.82877,1.829,1.56,1.46
2015.03.06 02:14:35.270,1.82877,1.829,1.69,1.16
2015.03.06 02:14:35.575,1.82883,1.82899,1.37,1.50
2015.03.06 02:14:35.626,1.82881,1.82899,1.37,1.87
2015.03.06 02:14:35.677,1.82881,1.82897,1.37,1.27
2015.03.06 02:14:35.829,1.82877,1.82896,1.37,2.32
2015.03.06 02:14:36.287,1.82874,1.82896,1.56,2.32
2015.03.06 02:14:36.794,1.82878,1.82896,1.37,1.85
2015.03.06 02:14:37.300,1.82878,1.82898,1.62,1.92
2015.03.06 02:14:37.810,1.82878,1.82898,1.62,1.92
2015.03.06 02:14:38.012,1.82878,1.82896,1.56,1.20
2015.03.06 02:14:38.482,1.82878,1.82897,1.56,1.20
2015.03.06 02:14:39.185,1.82878,1.82899,1.56,2.40
2015.03.06 02:14:39.236,1.82878,1.82899,2.81,2.40
2015.03.06 02:14:39.337,1.82883,1.82902,1.37,1.95
2015.03.06 02:14:42.740,1.82883,1.82902,1.62,2.14
2015.03.06 02:14:42.993,1.82884,1.82903,1.37,1.34
2015.03.06 02:14:43.852,1.82886,1.82903,1.37,1.15
2015.03.06 02:14:44.251,1.82886,1.82903,1.37,1.27
2015.03.06 02:14:45.940,1.82886,1.82902,1.37,1.12
2015.03.06 02:14:46.092,1.82886,1.82904,1.37,1.54
2015.03.06 02:14:47.330,1.82886,1.82904,1.37,1.77
2015.03.06 02:14:47.844,1.82886,1.82904,1.37,1.40
2015.03.06 02:14:48.150,1.82886,1.82904,1.47,1.34
2015.03.06 02:14:50.478,1.82886,1.82904,1.57,1.40
2015.03.06 02:14:53.230,1.82886,1.82904,2.06,1.15
2015.03.06 02:15:03.091,1.82891,1.82908,1.37,1.69
2015.03.06 02:15:04.090,1.82891,1.82908,1.37,1.69
2015.03.06 02:15:06.208,1.82886,1.82904,2.44,1.00
2015.03.06 02:15:12.123,1.82886,1.82904,2.44,1.00
2015.03.06 02:15:12.174,1.82891,1.82905,1.00,1.50
2015.03.06 02:15:12.682,1.82889,1.82905,1.37,1.15
2015.03.06 02:15:14.019,1.82885,1.82902,1.12,1.01
2015.03.06 02:15:23.034,1.82885,1.82901,1.37,1.15
2015.03.06 02:15:23.251,1.82885,1.82903,1.37,1.09
2015.03.06 02:15:35.298,1.82885,1.82904,1.37,2.40
2015.03.06 02:15:35.399,1.82885,1.82904,1.37,3.07
2015.03.06 02:15:35.653,1.82888,1.82906,1.76,1.10
2015.03.06 02:15:35.705,1.82892,1.82909,1.50,1.27
2015.03.06 02:15:36.009,1.82895,1.82909,1.50,1.00
2015.03.06 02:15:36.059,1.829,1.82918,1.12,2.25
2015.03.06 02:15:44.844,1.82902,1.82918,1.00,2.44
2015.03.06 02:15:49.158,1.82902,1.82918,1.00,1.30
2015.03.06 02:15:49.210,1.82902,1.8292,1.00,1.01
2015.03.06 02:15:52.504,1.82902,1.82921,1.19,2.40
2015.03.06 02:15:58.278,1.82904,1.82921,1.12,1.92
2015.03.06 02:16:04.063,1.82904,1.8292,1.37,1.30
2015.03.06 02:16:04.639,1.82904,1.8292,1.00,1.30
2015.03.06 02:16:05.325,1.82904,1.82918,1.00,2.25
2015.03.06 02:16:06.419,1.82904,1.8292,1.00,1.76
2015.03.06 02:16:10.464,1.82903,1.8292,1.00,1.76
2015.03.06 02:16:12.133,1.82903,1.8292,1.37,1.76
2015.03.06 02:16:17.825,1.82903,1.8292,1.37,1.76
2015.03.06 02:16:22.106,1.82903,1.8292,1.37,1.57
2015.03.06 02:16:22.258,1.82903,1.82921,1.62,1.20
2015.03.06 02:16:22.360,1.82903,1.82921,1.25,1.12
2015.03.06 02:16:22.613,1.82903,1.82921,2.14,1.00
2015.03.06 02:16:23.171,1.82903,1.82921,1.62,1.00
2015.03.06 02:16:23.714,1.82903,1.82921,1.25,1.00
2015.03.06 02:16:24.530,1.829,1.82917,1.46,1.00
2015.03.06 02:16:24.683,1.82901,1.82923,2.81,1.17
2015.03.06 02:16:24.734,1.82907,1.82923,1.00,1.17
2015.03.06 02:16:25.039,1.82909,1.82928,1.47,1.20
2015.03.06 02:16:25.140,1.82913,1.82935,1.00,2.32
2015.03.06 02:16:25.343,1.82913,1.8293,2.62,1.00
2015.03.06 02:16:25.647,1.82913,1.8293,2.06,1.00
2015.03.06 02:16:25.697,1.82913,1.8293,2.06,1.00
2015.03.06 02:16:27.166,1.82913,1.8293,1.50,1.00
2015.03.06 02:16:27.764,1.82913,1.8293,1.00,1.15
2015.03.06 02:16:32.430,1.82909,1.82929,1.31,2.05
2015.03.06 02:16:32.971,1.82908,1.82925,1.56,1.10
2015.03.06 02:16:33.795,1.82908,1.82925,1.56,1.10
2015.03.06 02:16:35.787,1.82908,1.82925,1.29,1.10
2015.03.06 02:16:36.815,1.82908,1.82925,1.29,1.10
2015.03.06 02:16:37.823,1.82908,1.82925,1.29,1.10
2015.03.06 02:16:40.385,1.82906,1.82924,1.01,1.00
2015.03.06 02:16:40.801,1.82908,1.82925,1.66,1.10
2015.03.06 02:16:42.924,1.82908,1.82925,1.66,1.10
2015.03.06 02:16:43.787,1.82908,1.82925,1.29,1.10
2015.03.06 02:16:44.303,1.82908,1.82925,1.19,1.10
2015.03.06 02:16:44.808,1.82908,1.82925,1.19,1.10
2015.03.06 02:16:46.844,1.82908,1.82925,1.19,1.00
2015.03.06 02:16:48.816,1.82908,1.82925,1.19,1.00
2015.03.06 02:16:49.610,1.82911,1.8293,1.25,1.84
2015.03.06 02:16:49.763,1.82911,1.8293,1.20,1.10
2015.03.06 02:16:50.281,1.82912,1.82932,1.00,1.45
2015.03.06 02:16:50.738,1.82912,1.82932,1.19,1.45
2015.03.06 02:16:51.094,1.82912,1.82933,1.56,1.37
2015.03.06 02:16:51.754,1.82912,1.82935,2.44,1.46
2015.03.06 02:16:52.062,1.82912,1.82935,2.44,1.27
2015.03.06 02:16:52.844,1.82912,1.82935,2.44,1.27
2015.03.06 02:16:53.720,1.82913,1.82936,1.09,1.57
2015.03.06 02:16:53.872,1.82914,1.82936,1.41,1.00
2015.03.06 02:16:53.974,1.82914,1.82936,1.41,1.00
2015.03.06 02:16:54.518,1.82922,1.82939,1.25,1.65
2015.03.06 02:16:54.821,1.82925,1.82942,1.00,1.17
2015.03.06 02:16:55.391,1.82925,1.82942,1.19,1.37
2015.03.06 02:16:55.543,1.82925,1.82942,1.19,1.72
2015.03.06 02:16:55.871,1.82925,1.82938,1.19,1.12
2015.03.06 02:16:56.133,1.82925,1.82942,1.19,2.40
2015.03.06 02:16:56.643,1.82925,1.82942,1.19,1.65
2015.03.06 02:16:56.896,1.82918,1.8294,1.71,1.20
2015.03.06 02:16:56.947,1.82917,1.8294,1.71,1.87
2015.03.06 02:16:58.021,1.82917,1.8294,1.84,1.50
2015.03.06 02:16:58.123,1.82918,1.8294,1.46,1.00
2015.03.06 02:16:58.327,1.82918,1.8294,1.09,1.37
2015.03.06 02:16:58.841,1.82919,1.8294,1.31,1.15
2015.03.06 02:16:59.502,1.8292,1.8294,1.31,1.15
2015.03.06 02:17:00.484,1.82922,1.8294,1.01,1.15
2015.03.06 02:17:01.495,1.82922,1.8294,1.01,1.15
2015.03.06 02:17:03.288,1.82922,1.8294,1.47,1.15
2015.03.06 02:17:03.685,1.82922,1.8294,1.39,1.57
2015.03.06 02:17:03.837,1.82919,1.8294,1.12,2.81
2015.03.06 02:17:04.090,1.82917,1.8294,1.69,3.26
2015.03.06 02:17:04.293,1.82917,1.82938,1.69,3.00
2015.03.06 02:17:05.922,1.82918,1.82938,1.01,1.01
2015.03.06 02:17:06.126,1.82922,1.82939,1.12,1.82
2015.03.06 02:17:06.632,1.82922,1.82939,1.20,1.50
2015.03.06 02:17:07.711,1.82915,1.82932,1.39,1.00
2015.03.06 02:17:08.116,1.82916,1.82935,1.69,1.07
2015.03.06 02:17:08.167,1.82917,1.82936,1.01,1.07
2015.03.06 02:17:09.185,1.82917,1.82936,2.06,1.07
2015.03.06 02:17:09.655,1.82919,1.82938,1.01,1.30
2015.03.06 02:17:10.734,1.82925,1.82943,1.50,1.52
2015.03.06 02:17:10.835,1.82925,1.82947,1.50,1.27
2015.03.06 02:17:10.886,1.82925,1.82948,1.57,1.27
2015.03.06 02:17:11.946,1.82925,1.82945,1.37,1.95
2015.03.06 02:17:12.596,1.82921,1.82941,1.01,1.00
2015.03.06 02:17:13.153,1.82924,1.82945,1.69,1.76
2015.03.06 02:17:13.557,1.82925,1.82948,1.16,1.70
2015.03.06 02:17:13.608,1.82931,1.82947,1.37,1.12
2015.03.06 02:17:13.760,1.82931,1.82949,1.37,1.94
2015.03.06 02:17:13.811,1.82931,1.82949,1.37,1.94
2015.03.06 02:17:14.619,1.82929,1.82947,1.01,1.50
2015.03.06 02:17:15.124,1.82929,1.82947,1.01,1.20
2015.03.06 02:17:15.276,1.8293,1.82947,1.56,1.12
2015.03.06 02:17:15.602,1.8293,1.8295,1.56,1.01
2015.03.06 02:17:17.199,1.8293,1.82947,1.56,1.12
2015.03.06 02:17:17.251,1.8293,1.8295,1.56,1.01
2015.03.06 02:17:17.352,1.8293,1.82949,1.56,1.12
2015.03.06 02:17:17.809,1.8293,1.8295,1.56,1.01
2015.03.06 02:17:18.090,1.8293,1.8295,1.56,1.01
2015.03.06 02:17:19.120,1.82927,1.82947,1.71,1.00
2015.03.06 02:17:19.637,1.82931,1.8295,1.62,1.01
2015.03.06 02:17:20.150,1.82931,1.82951,1.62,1.54
2015.03.06 02:17:21.845,1.82931,1.82951,1.37,1.84
2015.03.06 02:17:22.098,1.82931,1.82948,1.37,1.12
2015.03.06 02:17:22.311,1.82931,1.82951,1.37,2.21
2015.03.06 02:17:23.201,1.82931,1.82951,1.37,1.16
2015.03.06 02:17:23.252,1.82931,1.8295,1.62,1.01
2015.03.06 02:17:23.404,1.82927,1.82949,1.31,1.57
2015.03.06 02:17:23.505,1.82924,1.82947,1.01,1.82
2015.03.06 02:17:23.606,1.82922,1.82946,1.56,1.27
2015.03.06 02:17:23.708,1.82921,1.82944,1.09,1.57
2015.03.06 02:17:23.860,1.8292,1.8294,1.50,1.00
2015.03.06 02:17:24.064,1.82918,1.8294,2.66,1.00
2015.03.06 02:17:24.367,1.82918,1.8294,1.84,1.31
2015.03.06 02:17:24.419,1.82918,1.8294,1.76,2.06
2015.03.06 02:17:25.667,1.82918,1.82938,1.76,1.12
2015.03.06 02:17:25.873,1.82918,1.8294,1.76,1.69
2015.03.06 02:17:28.915,1.82918,1.8294,1.39,1.69
2015.03.06 02:17:30.860,1.82922,1.82941,1.00,1.46
2015.03.06 02:17:31.121,1.82922,1.82942,1.00,1.91
2015.03.06 02:17:31.324,1.82922,1.82941,1.00,1.39
2015.03.06 02:17:31.628,1.82919,1.82939,1.01,2.70
2015.03.06 02:17:31.932,1.82919,1.82935,1.00,1.50
2015.03.06 02:17:31.984,1.82914,1.82935,1.00,1.50
2015.03.06 02:17:33.937,1.82912,1.82935,1.69,2.44
2015.03.06 02:17:34.444,1.82911,1.82931,2.81,1.00
2015.03.06 02:17:34.852,1.82914,1.82935,1.12,2.44
2015.03.06 02:17:36.145,1.82914,1.82931,1.12,1.00
2015.03.06 02:17:36.931,1.82914,1.82935,1.12,1.69
2015.03.06 02:17:39.732,1.82912,1.82935,1.01,1.69
2015.03.06 02:17:40.846,1.82912,1.82931,1.01,1.00
2015.03.06 02:17:46.192,1.82913,1.82935,1.12,2.44
2015.03.06 02:17:48.490,1.82913,1.82932,1.00,1.20
2015.03.06 02:17:52.423,1.82911,1.82936,2.66,2.21
2015.03.06 02:17:53.193,1.82911,1.82931,2.66,1.00
2015.03.06 02:17:53.703,1.82911,1.82931,2.66,1.00
2015.03.06 02:17:54.424,1.82911,1.82931,1.84,1.00
2015.03.06 02:17:55.860,1.82911,1.82931,1.09,1.00
2015.03.06 02:18:06.487,1.82911,1.82931,1.29,1.57
2015.03.06 02:18:06.741,1.82907,1.82928,1.50,1.95
2015.03.06 02:18:08.249,1.82907,1.82928,1.20,2.06
2015.03.06 02:18:10.785,1.8291,1.82928,1.00,1.69
2015.03.06 02:18:12.192,1.8291,1.82929,1.00,1.34
2015.03.06 02:18:14.083,1.8291,1.82929,1.29,1.15
2015.03.06 02:18:14.639,1.8291,1.82929,1.76,1.15
2015.03.06 02:18:15.956,1.8291,1.82929,1.39,1.15
2015.03.06 02:18:16.722,1.8291,1.82929,1.46,1.00
2015.03.06 02:18:17.229,1.82912,1.82929,1.00,1.00
2015.03.06 02:18:18.703,1.82913,1.82929,1.00,1.00
2015.03.06 02:18:20.879,1.82912,1.82929,1.00,1.00
2015.03.06 02:18:20.931,1.82908,1.82919,1.75,1.00
2015.03.06 02:18:20.984,1.82907,1.82919,1.00,1.00
2015.03.06 02:18:21.338,1.82902,1.82919,1.91,1.00
2015.03.06 02:18:21.592,1.82902,1.82914,1.84,1.00
2015.03.06 02:18:21.896,1.82903,1.8292,1.00,1.00
2015.03.06 02:18:22.099,1.82898,1.8292,3.41,1.00
2015.03.06 02:18:22.150,1.82898,1.82914,1.34,1.00
2015.03.06 02:18:26.393,1.82898,1.82914,1.16,1.00
2015.03.06 02:18:27.375,1.82898,1.82914,1.16,1.00
2015.03.06 02:18:29.398,1.82897,1.82914,2.51,1.00
2015.03.06 02:18:37.119,1.82896,1.82914,1.81,1.00
2015.03.06 02:18:37.221,1.82896,1.82918,2.29,1.10
2015.03.06 02:18:37.272,1.82896,1.82912,1.44,1.00
2015.03.06 02:18:37.475,1.82888,1.82909,1.50,1.50
2015.03.06 02:18:37.527,1.82888,1.8291,1.50,1.84
2015.03.06 02:18:37.729,1.82893,1.8291,1.00,1.27
2015.03.06 02:18:37.882,1.82893,1.82913,1.00,2.14
2015.03.06 02:18:38.401,1.82892,1.82913,1.00,2.14
2015.03.06 02:18:38.908,1.82892,1.82914,1.20,1.46
2015.03.06 02:18:40.804,1.82892,1.82914,1.39,1.46
2015.03.06 02:18:42.173,1.82892,1.82914,2.14,1.17
2015.03.06 02:18:47.868,1.82892,1.82914,2.51,1.17
2015.03.06 02:18:49.478,1.82892,1.82914,2.14,1.17
2015.03.06 02:18:49.529,1.82894,1.82914,1.62,1.17
2015.03.06 02:18:49.681,1.82892,1.82914,2.14,1.17
2015.03.06 02:18:50.187,1.82892,1.82914,1.76,1.17
2015.03.06 02:18:50.761,1.82892,1.82914,1.09,1.65
2015.03.06 02:18:53.051,1.82892,1.82913,1.20,1.01
2015.03.06 02:18:53.202,1.82892,1.82912,1.10,1.60
2015.03.06 02:18:53.723,1.82892,1.82913,1.01,1.64
2015.03.06 02:18:53.774,1.82892,1.82913,1.01,1.01
2015.03.06 02:18:55.074,1.82892,1.82914,1.29,2.21
2015.03.06 02:18:55.691,1.82892,1.82914,1.29,2.21
2015.03.06 02:18:56.045,1.82893,1.82914,1.31,1.16
2015.03.06 02:18:56.550,1.82895,1.82914,1.01,1.09
2015.03.06 02:18:57.070,1.82897,1.82914,1.12,1.00
2015.03.06 02:18:57.735,1.82896,1.82914,1.12,1.00
2015.03.06 02:18:58.147,1.82894,1.82914,1.84,1.00
2015.03.06 02:18:58.610,1.82895,1.82914,1.39,1.00
2015.03.06 02:19:01.323,1.82897,1.82914,1.31,1.00
2015.03.06 02:19:01.830,1.82897,1.82915,1.46,1.00
2015.03.06 02:19:02.539,1.82899,1.82915,1.52,1.00
2015.03.06 02:19:03.073,1.82898,1.82915,1.61,1.00
2015.03.06 02:19:05.040,1.82898,1.82915,1.61,1.00
2015.03.06 02:19:07.850,1.82898,1.82915,1.09,1.00
2015.03.06 02:19:08.562,1.82897,1.82915,1.84,1.00
2015.03.06 02:19:09.076,1.82898,1.82915,2.06,1.00
2015.03.06 02:19:10.667,1.82898,1.82915,1.69,1.00
2015.03.06 02:19:12.549,1.82898,1.82915,1.84,1.00
2015.03.06 02:19:15.960,1.82898,1.82915,1.19,1.27
2015.03.06 02:19:16.016,1.82898,1.82917,1.00,1.09
2015.03.06 02:19:16.117,1.82898,1.82918,1.00,1.46
2015.03.06 02:19:16.651,1.82898,1.82918,1.10,1.29
2015.03.06 02:19:18.574,1.82898,1.82918,1.10,1.29
2015.03.06 02:19:20.720,1.82898,1.82918,1.20,1.29
2015.03.06 02:19:21.611,1.82898,1.82918,1.20,1.29
2015.03.06 02:19:24.589,1.82898,1.82918,1.20,1.29
2015.03.06 02:19:25.976,1.82898,1.82918,1.95,1.10
2015.03.06 02:19:26.029,1.829,1.8292,1.57,1.10
2015.03.06 02:19:26.080,1.829,1.8292,2.14,1.00
2015.03.06 02:19:26.384,1.82908,1.8292,1.75,1.00
2015.03.06 02:19:26.821,1.82903,1.82916,1.12,1.00
2015.03.06 02:19:26.872,1.82903,1.82916,1.12,1.00
2015.03.06 02:19:26.974,1.82901,1.82916,1.12,1.00
2015.03.06 02:19:27.075,1.82898,1.82916,1.12,1.00
2015.03.06 02:19:27.531,1.82897,1.82916,1.50,1.15
2015.03.06 02:19:28.107,1.82897,1.82916,1.50,1.34
2015.03.06 02:19:28.612,1.82897,1.82914,1.00,1.22
2015.03.06 02:19:31.270,1.82897,1.8291,1.00,1.30
2015.03.06 02:19:31.321,1.82897,1.82914,1.00,1.34
2015.03.06 02:19:32.716,1.82897,1.82912,1.00,1.01
2015.03.06 02:19:40.017,1.82897,1.82911,1.00,1.39
2015.03.06 02:19:42.085,1.8289,1.8291,1.10,1.54
2015.03.06 02:19:42.237,1.8289,1.82909,1.10,2.81
2015.03.06 02:19:42.541,1.8289,1.82905,1.00,1.30
2015.03.06 02:19:46.419,1.8289,1.82905,1.00,1.01
2015.03.06 02:19:49.611,1.8289,1.82905,1.00,1.01
2015.03.06 02:19:54.934,1.8289,1.82909,1.00,2.29
2015.03.06 02:19:55.536,1.8289,1.82909,1.00,2.29
2015.03.06 02:19:56.871,1.82892,1.8291,1.00,1.34
2015.03.06 02:19:56.972,1.82892,1.8291,1.00,1.34
2015.03.06 02:19:58.260,1.82892,1.82912,1.10,1.44
2015.03.06 02:20:00.031,1.82892,1.82912,1.10,1.44
2015.03.06 02:20:01.166,1.82892,1.82912,1.57,1.34
2015.03.06 02:20:03.476,1.82892,1.82912,1.57,1.34
2015.03.06 02:20:04.466,1.82892,1.82912,1.57,1.34
2015.03.06 02:20:06.471,1.82892,1.82912,1.57,1.19
2015.03.06 02:20:08.507,1.82892,1.82912,1.57,1.19
2015.03.06 02:20:09.015,1.82893,1.82912,1.12,2.51
2015.03.06 02:20:10.055,1.82893,1.82912,1.10,1.76
2015.03.06 02:20:10.562,1.82893,1.82912,1.00,1.76
2015.03.06 02:20:10.998,1.82893,1.82909,1.00,1.01
2015.03.06 02:20:12.369,1.82895,1.82909,1.00,1.01
2015.03.06 02:20:12.472,1.8289,1.82906,1.50,1.29
2015.03.06 02:20:12.573,1.82893,1.82906,1.00,1.34
2015.03.06 02:20:15.226,1.82893,1.82909,1.00,1.36
2015.03.06 02:20:15.765,1.82893,1.82909,1.00,1.36
2015.03.06 02:20:17.401,1.82893,1.8291,1.00,2.51
2015.03.06 02:20:18.420,1.82893,1.8291,1.00,2.51
2015.03.06 02:20:19.435,1.82893,1.8291,1.00,2.51
2015.03.06 02:20:21.541,1.82893,1.8291,1.00,2.51
2015.03.06 02:20:23.536,1.82893,1.8291,1.00,2.51
2015.03.06 02:20:25.523,1.82893,1.8291,1.00,2.51
2015.03.06 02:20:30.209,1.82893,1.82908,1.00,1.26
2015.03.06 02:20:31.707,1.82895,1.82908,1.00,1.19
2015.03.06 02:20:31.758,1.82895,1.82908,1.00,1.25
2015.03.06 02:20:32.264,1.82895,1.82914,1.00,2.66
2015.03.06 02:20:33.246,1.82895,1.82914,1.00,1.46
2015.03.06 02:20:34.220,1.82895,1.82914,1.00,1.46
2015.03.06 02:20:38.058,1.82895,1.82914,1.55,1.00
2015.03.06 02:20:38.109,1.829,1.82917,1.00,3.26
2015.03.06 02:20:38.261,1.82904,1.82921,1.00,1.00
2015.03.06 02:20:38.787,1.82904,1.82921,1.12,1.00
2015.03.06 02:20:39.729,1.82902,1.82919,2.06,1.00
2015.03.06 02:20:39.881,1.82898,1.82917,1.31,1.00
2015.03.06 02:20:40.388,1.82898,1.82917,1.12,1.19
2015.03.06 02:20:40.892,1.82897,1.82915,1.09,1.00
2015.03.06 02:20:41.426,1.82896,1.82915,1.95,1.19
2015.03.06 02:20:43.243,1.82896,1.82915,2.06,1.01
2015.03.06 02:20:47.777,1.82899,1.82916,1.10,1.00
2015.03.06 02:20:47.828,1.82899,1.82916,2.25,1.00
2015.03.06 02:20:47.878,1.82902,1.82919,1.00,1.00
2015.03.06 02:20:48.389,1.82902,1.82919,1.20,1.00
2015.03.06 02:20:48.953,1.82902,1.82919,1.20,1.69
2015.03.06 02:20:49.155,1.829,1.82917,1.00,1.15
2015.03.06 02:20:49.661,1.82897,1.82915,1.12,1.10
2015.03.06 02:20:59.596,1.82905,1.82919,1.12,1.00
2015.03.06 02:21:00.476,1.82902,1.82919,2.44,1.00
2015.03.06 02:21:01.298,1.82902,1.82917,1.75,1.50
2015.03.06 02:21:01.450,1.82899,1.82917,1.10,1.69
2015.03.06 02:21:02.509,1.82899,1.82916,1.10,1.00
2015.03.06 02:21:02.661,1.829,1.82916,1.12,1.00
2015.03.06 02:21:02.814,1.82902,1.82921,1.47,1.84
2015.03.06 02:21:02.967,1.82902,1.82921,2.25,1.34
2015.03.06 02:21:03.272,1.82906,1.8292,1.12,1.50
2015.03.06 02:21:03.374,1.82904,1.8292,1.57,1.50
2015.03.06 02:21:03.896,1.82904,1.8292,1.12,1.50
2015.03.06 02:21:09.010,1.82899,1.82917,1.57,1.87
2015.03.06 02:21:09.111,1.82903,1.82917,1.00,2.06
2015.03.06 02:21:09.263,1.82903,1.82919,1.00,1.84
2015.03.06 02:21:09.517,1.82903,1.82918,1.37,1.82
2015.03.06 02:21:11.733,1.82903,1.82918,1.10,1.50
2015.03.06 02:21:17.448,1.82898,1.8291,1.00,1.25
2015.03.06 02:21:18.549,1.82898,1.82911,1.00,1.15
2015.03.06 02:21:18.600,1.82901,1.82914,1.00,2.01
2015.03.06 02:21:18.752,1.82901,1.82917,1.00,1.76
2015.03.06 02:21:20.797,1.82901,1.82914,1.00,1.07
2015.03.06 02:21:25.525,1.82896,1.82914,1.00,2.51
2015.03.06 02:21:25.679,1.82896,1.82909,1.00,1.12
2015.03.06 02:21:25.983,1.82896,1.82912,1.00,1.31
2015.03.06 02:21:26.439,1.82896,1.82915,1.00,2.44
2015.03.06 02:21:26.964,1.82896,1.82915,1.00,2.44
2015.03.06 02:21:28.213,1.82896,1.82915,1.00,1.31
2015.03.06 02:21:31.630,1.82896,1.82915,1.00,1.31
2015.03.06 02:21:34.041,1.82896,1.82914,1.00,1.01
2015.03.06 02:21:38.268,1.82896,1.82915,1.47,2.06
2015.03.06 02:21:38.370,1.82896,1.82915,1.47,1.09
2015.03.06 02:21:38.573,1.82896,1.82915,2.12,1.25
2015.03.06 02:21:40.086,1.82899,1.82916,1.87,1.00
2015.03.06 02:21:48.506,1.829,1.82919,1.90,1.10
2015.03.06 02:21:48.726,1.82904,1.82921,1.72,1.00
2015.03.06 02:21:49.232,1.82905,1.82921,1.57,1.00
2015.03.06 02:21:49.384,1.82907,1.82924,1.10,1.00
2015.03.06 02:21:49.486,1.82903,1.82922,1.95,1.00
2015.03.06 02:21:49.790,1.82899,1.82917,1.76,1.00
2015.03.06 02:21:50.195,1.82902,1.82917,1.57,1.00
2015.03.06 02:21:50.498,1.82904,1.82919,2.02,1.00
2015.03.06 02:21:51.457,1.82906,1.82919,1.50,1.00
2015.03.06 02:21:51.710,1.82901,1.82917,1.09,1.00
2015.03.06 02:21:51.811,1.829,1.82914,1.76,1.00
2015.03.06 02:21:52.115,1.829,1.82916,1.41,1.00
2015.03.06 02:21:52.267,1.82901,1.82916,1.84,1.00
2015.03.06 02:21:52.470,1.82904,1.82919,1.00,1.00
2015.03.06 02:21:52.521,1.82905,1.82919,1.12,1.00
2015.03.06 02:21:53.178,1.82903,1.82919,1.12,1.00
2015.03.06 02:22:00.092,1.82901,1.82919,1.22,1.00
2015.03.06 02:22:00.355,1.829,1.82919,2.14,1.00
2015.03.06 02:22:01.153,1.82901,1.82919,1.60,1.00
2015.03.06 02:22:01.660,1.82902,1.82919,1.39,1.00
2015.03.06 02:22:02.168,1.829,1.82919,1.76,1.00
2015.03.06 02:22:11.799,1.82902,1.82923,1.37,1.34
2015.03.06 02:22:12.002,1.82902,1.82926,1.47,2.14
2015.03.06 02:22:17.034,1.82902,1.82925,1.46,1.46
2015.03.06 02:22:19.096,1.82902,1.82925,2.14,1.09
2015.03.06 02:22:19.652,1.82905,1.82926,1.50,1.01
2015.03.06 02:22:21.757,1.82905,1.82924,1.37,1.09
2015.03.06 02:22:22.267,1.82905,1.82926,1.37,1.34
2015.03.06 02:22:25.914,1.82905,1.82926,2.25,1.01
2015.03.06 02:22:26.221,1.82907,1.82926,1.20,1.01
2015.03.06 02:22:27.695,1.82909,1.82926,1.20,1.01
2015.03.06 02:22:31.540,1.82906,1.82926,1.75,1.39
2015.03.06 02:22:32.199,1.82904,1.82927,1.50,1.71
2015.03.06 02:22:32.966,1.82904,1.82927,1.50,1.71
2015.03.06 02:22:42.376,1.82905,1.82924,1.47,1.01
2015.03.06 02:22:43.406,1.82905,1.82924,1.47,1.01
2015.03.06 02:22:47.500,1.82907,1.82924,1.47,1.01
2015.03.06 02:22:47.961,1.82907,1.82928,1.47,1.39
2015.03.06 02:22:48.217,1.82908,1.82928,1.12,1.01
2015.03.06 02:22:48.319,1.82908,1.8293,1.37,1.41
2015.03.06 02:22:48.777,1.82908,1.82931,1.95,2.14
2015.03.06 02:22:48.827,1.82908,1.82931,2.02,2.06
2015.03.06 02:22:49.333,1.82912,1.82936,1.27,2.21
2015.03.06 02:22:50.183,1.82914,1.82937,1.12,1.44
2015.03.06 02:22:50.234,1.82914,1.82938,1.46,1.01
2015.03.06 02:22:52.098,1.82917,1.8294,1.01,2.51
2015.03.06 02:22:53.156,1.82917,1.8294,1.16,1.76
2015.03.06 02:22:53.460,1.82921,1.82942,1.37,1.09
2015.03.06 02:22:54.368,1.82921,1.82943,1.50,2.51
2015.03.06 02:22:55.204,1.82921,1.82942,1.37,1.09
2015.03.06 02:22:56.259,1.82921,1.8294,1.37,1.01
2015.03.06 02:22:56.802,1.82921,1.8294,1.00,1.01
2015.03.06 02:22:57.106,1.82917,1.82935,1.81,1.00
2015.03.06 02:23:03.625,1.82916,1.82935,1.95,1.19
2015.03.06 02:23:04.290,1.82913,1.82932,2.21,1.00
2015.03.06 02:23:04.746,1.82913,1.82932,1.57,1.32
2015.03.06 02:23:05.049,1.82913,1.82927,1.37,1.20
2015.03.06 02:23:05.717,1.82913,1.82927,1.00,1.84
2015.03.06 02:23:09.991,1.82911,1.82927,1.00,1.84
2015.03.06 02:23:10.880,1.82911,1.82925,1.00,1.50
2015.03.06 02:23:11.897,1.82908,1.82924,1.00,1.62
2015.03.06 02:23:11.999,1.82908,1.82922,1.00,1.87
2015.03.06 02:23:12.302,1.82904,1.82921,1.00,1.95
2015.03.06 02:23:12.404,1.82901,1.8292,1.00,1.72
2015.03.06 02:23:12.455,1.82901,1.82918,1.00,1.35
2015.03.06 02:23:14.846,1.82904,1.82917,1.00,1.50
2015.03.06 02:23:14.897,1.82904,1.82921,1.00,1.50
2015.03.06 02:23:14.948,1.82911,1.82922,1.00,1.20
2015.03.06 02:23:14.999,1.82911,1.82925,1.00,1.27
2015.03.06 02:23:15.728,1.82905,1.82924,1.00,1.77
2015.03.06 02:23:17.918,1.82909,1.82923,1.00,1.09
2015.03.06 02:23:19.338,1.8291,1.82925,1.00,1.35
2015.03.06 02:23:20.097,1.8291,1.82924,1.00,1.87
2015.03.06 02:23:20.148,1.82908,1.82923,1.00,1.15
2015.03.06 02:23:21.108,1.8291,1.82925,1.00,1.16
2015.03.06 02:23:23.493,1.829,1.82916,1.45,1.00
2015.03.06 02:23:23.594,1.82898,1.82916,1.76,1.00
2015.03.06 02:23:23.898,1.82898,1.82916,1.25,1.00
2015.03.06 02:23:24.063,1.82898,1.82916,1.19,1.00
2015.03.06 02:23:24.917,1.82897,1.82916,1.29,1.07
2015.03.06 02:23:25.069,1.82897,1.82916,1.19,1.72
2015.03.06 02:23:25.120,1.82897,1.82916,1.19,2.40
2015.03.06 02:23:25.423,1.82897,1.82914,1.00,1.57
2015.03.06 02:23:25.727,1.82891,1.8291,1.76,1.15
2015.03.06 02:23:25.778,1.82891,1.8291,1.25,1.15
2015.03.06 02:23:27.516,1.82891,1.82909,1.00,1.77
2015.03.06 02:23:28.624,1.82892,1.8291,1.00,1.34
2015.03.06 02:23:28.675,1.82896,1.82911,1.00,1.15
2015.03.06 02:23:32.133,1.82893,1.82911,1.00,1.57
2015.03.06 02:23:33.213,1.82893,1.82912,1.07,1.87
2015.03.06 02:23:33.315,1.82896,1.82912,1.00,1.12
2015.03.06 02:23:33.366,1.82896,1.82915,1.00,1.10
2015.03.06 02:23:33.568,1.82896,1.82915,1.87,1.00
2015.03.06 02:23:34.504,1.82898,1.82915,1.47,1.25
2015.03.06 02:23:35.431,1.82898,1.82917,1.47,1.39
2015.03.06 02:23:40.246,1.82898,1.82917,1.39,1.20
2015.03.06 02:23:40.776,1.82898,1.82917,1.39,1.20
2015.03.06 02:23:41.080,1.82902,1.8292,1.00,2.14
2015.03.06 02:23:43.597,1.82899,1.82918,1.97,1.27
2015.03.06 02:23:44.126,1.82902,1.8292,1.00,2.06
2015.03.06 02:23:47.614,1.82898,1.82917,1.76,1.20
2015.03.06 02:23:48.069,1.82898,1.82917,1.76,1.20
2015.03.06 02:23:48.372,1.82905,1.82922,1.37,1.27
2015.03.06 02:23:49.282,1.82906,1.82922,1.20,1.00
2015.03.06 02:23:49.609,1.82907,1.82929,1.50,1.76
2015.03.06 02:23:50.723,1.82907,1.82929,1.62,2.14
2015.03.06 02:23:51.031,1.8291,1.82929,1.37,1.46
2015.03.06 02:23:51.133,1.8291,1.82929,1.37,1.46
2015.03.06 02:23:51.644,1.8291,1.82929,1.37,1.71
2015.03.06 02:23:52.049,1.8291,1.82928,1.37,1.39
2015.03.06 02:23:52.554,1.82912,1.82927,1.37,1.50
2015.03.06 02:23:53.520,1.82912,1.82929,1.00,2.81
2015.03.06 02:23:54.130,1.82907,1.82924,1.95,1.00
2015.03.06 02:23:54.334,1.82912,1.82929,1.12,2.51
2015.03.06 02:23:54.839,1.82906,1.82925,1.66,1.00
2015.03.06 02:23:55.850,1.82906,1.82925,1.62,1.25
2015.03.06 02:23:56.418,1.82906,1.82925,1.62,1.25
2015.03.06 02:23:56.928,1.82912,1.82928,1.12,1.09
2015.03.06 02:23:58.795,1.82911,1.82922,1.00,1.12
2015.03.06 02:23:58.845,1.82903,1.82922,1.75,1.95
2015.03.06 02:23:58.947,1.82903,1.8292,1.12,2.06
2015.03.06 02:23:58.998,1.82902,1.82919,1.00,1.46
2015.03.06 02:23:59.200,1.82901,1.82915,1.00,1.39
2015.03.06 02:23:59.606,1.82904,1.82915,1.00,1.12
2015.03.06 02:23:59.658,1.82904,1.82919,1.00,1.15
2015.03.06 02:23:59.709,1.82907,1.82921,1.00,1.92
2015.03.06 02:23:59.963,1.82907,1.82924,1.00,2.14
2015.03.06 02:24:00.166,1.82904,1.82921,1.00,1.20
2015.03.06 02:24:03.021,1.82904,1.82921,1.00,1.46
2015.03.06 02:24:03.476,1.829,1.82919,1.10,1.57
2015.03.06 02:24:03.578,1.82898,1.82915,1.10,1.00
2015.03.06 02:24:04.184,1.82898,1.82915,1.10,1.07
2015.03.06 02:24:09.521,1.829,1.82916,1.00,1.09
2015.03.06 02:24:09.572,1.829,1.82919,1.00,3.56
2015.03.06 02:24:09.674,1.829,1.82919,1.25,1.01
2015.03.06 02:24:09.855,1.82903,1.8292,1.00,1.46
2015.03.06 02:24:11.167,1.829,1.82919,1.00,1.01
2015.03.06 02:24:11.319,1.829,1.82919,1.00,1.76
2015.03.06 02:24:15.896,1.82898,1.82917,1.12,1.52
2015.03.06 02:24:16.302,1.82898,1.82916,1.12,1.20
2015.03.06 02:24:16.808,1.82898,1.82915,1.00,1.30
2015.03.06 02:24:17.544,1.82898,1.82914,1.00,1.09
2015.03.06 02:24:17.646,1.82893,1.82912,1.87,1.47
2015.03.06 02:24:18.087,1.82893,1.82911,1.87,1.87
2015.03.06 02:24:18.138,1.82893,1.82909,1.00,1.01
2015.03.06 02:24:18.188,1.82893,1.82906,1.00,1.32
2015.03.06 02:24:18.290,1.8289,1.82906,1.10,1.97
2015.03.06 02:24:18.545,1.82893,1.82905,1.00,1.15
2015.03.06 02:24:18.649,1.82893,1.82907,1.00,1.01
2015.03.06 02:24:18.750,1.82893,1.8291,1.00,2.51
2015.03.06 02:24:19.332,1.82893,1.8291,1.00,1.09
2015.03.06 02:24:20.729,1.82893,1.8291,1.00,1.39
2015.03.06 02:24:23.083,1.82896,1.82913,1.00,1.91
2015.03.06 02:24:23.386,1.82898,1.82915,1.00,2.21
2015.03.06 02:24:24.654,1.82898,1.82915,1.00,1.20
2015.03.06 02:24:24.755,1.82899,1.82918,1.10,1.39
2015.03.06 02:24:24.806,1.82902,1.8292,1.00,1.39
2015.03.06 02:24:25.110,1.82902,1.82921,1.00,1.84
2015.03.06 02:24:28.136,1.82902,1.82921,1.00,1.20
2015.03.06 02:24:30.305,1.82904,1.82923,1.00,1.74
2015.03.06 02:24:31.144,1.82904,1.82923,1.00,1.25
2015.03.06 02:24:32.417,1.82905,1.82923,1.12,1.00
2015.03.06 02:24:34.722,1.82905,1.82923,1.12,1.19
2015.03.06 02:24:37.925,1.82905,1.82923,1.12,1.25
2015.03.06 02:24:38.902,1.82904,1.82923,2.06,1.25
2015.03.06 02:24:39.420,1.82904,1.82923,1.39,1.25
2015.03.06 02:24:39.929,1.82904,1.82923,1.20,1.19
2015.03.06 02:24:43.840,1.82904,1.82923,1.20,1.00
2015.03.06 02:24:46.506,1.82905,1.82923,1.12,1.25
2015.03.06 02:24:51.256,1.82904,1.82923,1.29,1.00
2015.03.06 02:24:52.836,1.82904,1.82923,1.29,1.00
2015.03.06 02:24:55.391,1.82904,1.82923,1.01,1.00
2015.03.06 02:24:56.405,1.82904,1.82923,1.29,1.00
2015.03.06 02:25:00.092,1.82904,1.82923,1.29,1.00
2015.03.06 02:25:00.439,1.82909,1.82927,1.00,1.95
2015.03.06 02:25:01.140,1.82909,1.82925,1.00,1.20
2015.03.06 02:25:01.653,1.82909,1.82926,1.00,1.27
2015.03.06 02:25:02.161,1.82909,1.82925,1.00,1.20
2015.03.06 02:25:02.576,1.82909,1.82927,1.00,1.76
2015.03.06 02:25:09.697,1.82909,1.82924,1.00,1.30
2015.03.06 02:25:10.102,1.82904,1.82923,1.19,1.17
2015.03.06 02:25:10.355,1.82908,1.82924,1.00,1.15
2015.03.06 02:25:13.210,1.82905,1.82922,1.00,1.07
2015.03.06 02:25:13.973,1.82905,1.82922,1.00,1.84
2015.03.06 02:25:14.075,1.82901,1.82919,1.50,1.50
2015.03.06 02:25:14.328,1.82901,1.8292,1.50,1.65
2015.03.06 02:25:14.430,1.82901,1.82918,1.50,1.15
2015.03.06 02:25:14.736,1.82905,1.82918,1.00,1.25
2015.03.06 02:25:23.125,1.82905,1.82921,1.00,1.76
2015.03.06 02:25:24.997,1.82908,1.82922,1.00,2.07
2015.03.06 02:25:25.251,1.82912,1.82927,1.00,1.75
2015.03.06 02:25:25.765,1.82912,1.82927,1.00,1.15
2015.03.06 02:25:28.842,1.82916,1.82928,1.00,1.50
2015.03.06 02:25:33.345,1.82912,1.82927,1.00,1.27
2015.03.06 02:25:33.497,1.82912,1.82927,1.00,1.95
2015.03.06 02:25:34.003,1.82911,1.82924,1.00,1.15
2015.03.06 02:25:34.105,1.82908,1.82924,1.00,1.15
2015.03.06 02:25:34.518,1.82908,1.82922,1.00,1.20
2015.03.06 02:25:41.844,1.82908,1.82922,1.00,2.59
2015.03.06 02:25:41.895,1.82906,1.82922,1.00,2.59
2015.03.06 02:25:42.047,1.82906,1.82918,1.00,1.30
2015.03.06 02:25:43.240,1.82903,1.82917,1.00,1.97
2015.03.06 02:25:43.546,1.82903,1.82919,1.00,2.09
2015.03.06 02:25:46.654,1.82906,1.8292,1.00,1.46
2015.03.06 02:25:46.807,1.82908,1.82924,1.00,2.59
2015.03.06 02:25:46.858,1.82906,1.82922,1.00,1.69
2015.03.06 02:25:47.364,1.82906,1.8292,1.00,1.09
2015.03.06 02:25:49.649,1.82906,1.82921,1.00,1.79
2015.03.06 02:25:50.664,1.82906,1.82921,1.00,2.21
2015.03.06 02:25:52.332,1.82906,1.82921,1.00,2.21
2015.03.06 02:25:53.217,1.82906,1.82917,1.00,1.31
2015.03.06 02:25:54.911,1.82906,1.82916,1.00,1.46
2015.03.06 02:25:56.127,1.82906,1.82916,1.00,1.46
2015.03.06 02:26:06.253,1.82906,1.82917,1.00,1.46
2015.03.06 02:26:08.232,1.82906,1.82915,1.00,1.09
2015.03.06 02:26:13.121,1.82906,1.82917,1.00,2.14
2015.03.06 02:26:20.008,1.82913,1.82927,1.00,1.95
2015.03.06 02:26:23.091,1.82913,1.82926,1.00,1.52
2015.03.06 02:26:23.591,1.82917,1.82926,1.00,1.52
2015.03.06 02:26:26.701,1.82917,1.82927,1.00,1.39
2015.03.06 02:26:28.055,1.82918,1.82927,1.00,1.39
2015.03.06 02:26:29.321,1.82918,1.82929,1.00,1.95
2015.03.06 02:26:29.473,1.82918,1.82932,1.00,2.14
2015.03.06 02:26:29.575,1.82918,1.82929,1.00,1.85
2015.03.06 02:26:30.919,1.82918,1.82929,1.00,1.09
2015.03.06 02:26:40.762,1.82922,1.82931,1.00,1.46
2015.03.06 02:26:40.813,1.82922,1.82932,1.00,1.09
2015.03.06 02:26:45.830,1.82924,1.82933,1.00,1.46
2015.03.06 02:26:48.012,1.82921,1.82934,1.00,1.09
2015.03.06 02:26:49.367,1.82915,1.82933,1.00,1.39
2015.03.06 02:26:49.671,1.82922,1.82934,1.00,1.01
2015.03.06 02:26:55.383,1.82924,1.82933,1.00,1.30
2015.03.06 02:26:56.610,1.82921,1.82933,1.00,1.30
2015.03.06 02:27:16.314,1.82924,1.82933,1.00,1.46
2015.03.06 02:27:22.764,1.82921,1.82934,1.00,1.01
2015.03.06 02:27:22.815,1.82919,1.82931,1.00,1.95
2015.03.06 02:27:23.321,1.82919,1.82932,1.00,1.01
2015.03.06 02:27:25.515,1.82916,1.82932,1.00,1.71
2015.03.06 02:27:27.933,1.82916,1.82932,1.00,1.01
2015.03.06 02:27:30.171,1.82916,1.82933,1.00,1.65
2015.03.06 02:27:37.785,1.82916,1.82932,1.00,1.20
2015.03.06 02:27:39.413,1.82916,1.82933,1.00,1.46
2015.03.06 02:27:47.841,1.82916,1.82933,1.00,1.27
2015.03.06 02:27:48.731,1.82916,1.82933,1.00,1.65
2015.03.06 02:27:55.079,1.82916,1.82933,1.00,1.36
2015.03.06 02:28:07.965,1.82916,1.82933,1.00,1.01
2015.03.06 02:28:08.471,1.82917,1.82933,1.95,1.00
2015.03.06 02:28:08.674,1.8292,1.82939,1.00,1.15
2015.03.06 02:28:09.079,1.82922,1.8294,1.00,1.82
2015.03.06 02:28:12.704,1.82917,1.82926,1.00,1.44
2015.03.06 02:28:12.755,1.82902,1.82924,3.00,1.26
2015.03.06 02:28:13.058,1.82902,1.82922,2.25,2.07
2015.03.06 02:28:13.666,1.829,1.82921,2.00,1.97
2015.03.06 02:28:14.174,1.82903,1.8292,1.00,1.57
2015.03.06 02:28:14.376,1.829,1.8292,2.00,1.82
2015.03.06 02:28:14.630,1.82898,1.82917,1.20,1.30
2015.03.06 02:28:14.782,1.82899,1.82915,1.10,1.50
2015.03.06 02:28:21.879,1.82897,1.82915,1.10,1.69
2015.03.06 02:28:23.091,1.82897,1.82915,2.06,1.50
2015.03.06 02:28:24.872,1.82897,1.82915,1.31,1.50
2015.03.06 02:28:34.751,1.82898,1.82917,1.10,1.39
2015.03.06 02:28:36.017,1.82898,1.82917,1.10,1.39
2015.03.06 02:28:36.892,1.82899,1.82917,1.12,1.67
2015.03.06 02:28:36.946,1.82899,1.8292,1.12,1.76
2015.03.06 02:28:41.966,1.82897,1.8292,1.87,1.84
2015.03.06 02:28:42.219,1.82897,1.82918,1.01,1.16
2015.03.06 02:28:42.422,1.82897,1.82918,1.10,1.81
2015.03.06 02:28:42.768,1.82897,1.82918,1.50,1.16
2015.03.06 02:28:44.395,1.82897,1.82918,1.57,1.09
2015.03.06 02:28:45.316,1.82899,1.8292,1.12,1.39
2015.03.06 02:28:45.824,1.82899,1.8292,1.12,1.39
2015.03.06 02:29:03.575,1.82899,1.82922,1.31,1.41
2015.03.06 02:29:04.951,1.82899,1.82922,1.60,1.16
2015.03.06 02:29:05.180,1.829,1.82923,1.12,1.81
2015.03.06 02:29:05.442,1.829,1.82923,1.12,1.91
2015.03.06 02:29:06.791,1.829,1.82923,1.12,1.91
2015.03.06 02:29:07.113,1.82899,1.82923,1.20,2.16
2015.03.06 02:29:11.921,1.82898,1.8292,1.10,1.65
2015.03.06 02:29:14.547,1.82898,1.82918,1.10,1.09
2015.03.06 02:29:16.591,1.82898,1.82918,1.10,1.09
2015.03.06 02:29:17.545,1.82898,1.82918,1.10,1.09
2015.03.06 02:29:20.254,1.82898,1.82918,1.10,1.64
2015.03.06 02:29:23.023,1.82899,1.82918,1.00,2.14
2015.03.06 02:29:27.856,1.82898,1.82918,1.00,2.09
2015.03.06 02:29:28.362,1.82899,1.82916,1.00,1.55
2015.03.06 02:29:29.838,1.82899,1.82916,1.00,1.46
2015.03.06 02:29:30.375,1.82898,1.82918,1.00,1.95
2015.03.06 02:29:30.888,1.82898,1.82918,1.20,1.57
2015.03.06 02:29:31.495,1.82898,1.82918,1.00,2.21
2015.03.06 02:29:32.051,1.82899,1.82916,1.00,1.46
2015.03.06 02:29:34.192,1.82899,1.82918,1.10,1.01
2015.03.06 02:29:37.698,1.82899,1.82919,1.00,1.16
2015.03.06 02:29:42.093,1.82899,1.8292,1.69,1.90
2015.03.06 02:29:42.612,1.82899,1.82921,1.76,2.07
2015.03.06 02:29:44.220,1.82903,1.82919,1.00,1.20
2015.03.06 02:29:44.435,1.82899,1.82919,2.14,1.20
2015.03.06 02:29:44.942,1.82899,1.82919,2.14,1.20
2015.03.06 02:29:44.995,1.82903,1.82919,1.00,1.20
2015.03.06 02:29:45.498,1.82899,1.82919,2.14,1.20
2015.03.06 02:29:46.007,1.82903,1.82919,1.00,1.20
2015.03.06 02:29:46.762,1.82904,1.82925,1.62,1.75
2015.03.06 02:29:46.814,1.82908,1.82926,1.37,1.10
2015.03.06 02:29:47.330,1.82908,1.82926,1.00,1.10
2015.03.06 02:29:48.510,1.82908,1.82926,1.19,1.10
2015.03.06 02:29:49.510,1.82908,1.82926,1.25,1.10
2015.03.06 02:29:51.117,1.82909,1.82928,1.10,1.00
2015.03.06 02:29:51.632,1.82909,1.82928,1.00,1.12
2015.03.06 02:29:52.482,1.82913,1.82928,1.00,1.20
2015.03.06 02:29:53.006,1.82912,1.82928,1.00,1.12
2015.03.06 02:29:53.536,1.82913,1.82928,1.00,1.00
2015.03.06 02:29:54.307,1.82912,1.82928,1.00,1.00
2015.03.06 02:29:56.439,1.82909,1.82928,1.25,1.20
2015.03.06 02:29:58.918,1.82909,1.82928,1.25,1.16
2015.03.06 02:30:00.727,1.82909,1.82928,1.00,1.46
2015.03.06 02:30:01.017,1.82909,1.82928,1.20,1.00
2015.03.06 02:30:01.525,1.82909,1.82928,2.40,1.00
2015.03.06 02:30:02.033,1.82909,1.82928,1.91,1.00
2015.03.06 02:30:02.593,1.82906,1.82926,2.96,1.00
2015.03.06 02:30:03.407,1.82909,1.82926,1.09,1.00
2015.03.06 02:30:13.114,1.82909,1.82926,1.10,1.00
2015.03.06 02:30:16.391,1.82909,1.82926,1.12,1.00
2015.03.06 02:30:20.958,1.82909,1.82927,1.20,1.00
2015.03.06 02:30:23.808,1.82906,1.82927,1.31,1.00
2015.03.06 02:30:24.314,1.82908,1.82927,2.00,1.25
2015.03.06 02:30:25.591,1.82905,1.82927,2.14,1.00
2015.03.06 02:30:26.252,1.82906,1.82927,1.20,1.19
2015.03.06 02:30:27.218,1.82906,1.82927,1.20,1.19
2015.03.06 02:30:27.848,1.82906,1.82927,1.20,1.76
2015.03.06 02:30:33.282,1.82904,1.82927,1.69,1.91
2015.03.06 02:30:33.964,1.82904,1.82927,1.69,1.91
2015.03.06 02:30:37.154,1.82904,1.82918,1.20,1.00
2015.03.06 02:30:37.356,1.82904,1.82926,1.25,1.09
2015.03.06 02:30:37.407,1.82904,1.82927,2.00,2.21
2015.03.06 02:30:40.739,1.82904,1.82927,1.01,2.21
2015.03.06 02:30:41.186,1.82904,1.82927,1.29,2.21
2015.03.06 02:30:41.770,1.82904,1.82927,1.29,2.02
2015.03.06 02:30:42.541,1.82904,1.82927,1.01,2.21
2015.03.06 02:30:44.360,1.82904,1.82927,1.29,2.21
2015.03.06 02:30:45.346,1.82904,1.82927,1.01,2.21
2015.03.06 02:30:46.347,1.82904,1.82927,1.29,2.21
2015.03.06 02:30:47.349,1.82904,1.82927,1.29,2.21
2015.03.06 02:30:48.015,1.82904,1.82927,1.29,1.54
2015.03.06 02:30:50.640,1.82904,1.82927,1.01,1.54
2015.03.06 02:30:52.909,1.82904,1.82927,1.01,1.35
2015.03.06 02:30:53.416,1.82904,1.82927,1.01,1.54
2015.03.06 02:30:54.288,1.82904,1.82925,1.01,1.22
2015.03.06 02:30:54.596,1.82904,1.82925,1.29,1.30
2015.03.06 02:30:59.432,1.82904,1.82925,1.01,1.76
2015.03.06 02:30:59.950,1.82904,1.82924,1.25,1.52
2015.03.06 02:31:03.617,1.82904,1.82925,1.10,1.71
2015.03.06 02:31:05.721,1.82904,1.82924,1.19,1.52
2015.03.06 02:31:06.109,1.82903,1.82918,1.25,1.00
2015.03.06 02:31:06.412,1.82905,1.82924,1.00,1.77
2015.03.06 02:31:07.121,1.82905,1.82925,1.00,2.21
2015.03.06 02:31:08.836,1.82905,1.82924,1.00,1.97
2015.03.06 02:31:10.862,1.82902,1.82919,1.56,1.00
2015.03.06 02:31:12.812,1.82905,1.82925,1.00,2.21
2015.03.06 02:31:13.524,1.82905,1.82925,1.00,2.21
2015.03.06 02:31:32.550,1.82905,1.82923,1.00,1.01
2015.03.06 02:31:33.063,1.82902,1.82923,1.87,1.01
2015.03.06 02:31:42.032,1.829,1.8292,1.10,1.74
2015.03.06 02:31:42.083,1.829,1.82918,1.10,1.97
2015.03.06 02:31:42.184,1.82898,1.82917,1.10,1.20
2015.03.06 02:31:42.387,1.82898,1.82913,1.00,1.15
2015.03.06 02:31:44.954,1.82898,1.82912,1.00,1.84
2015.03.06 02:31:45.259,1.82895,1.82909,1.00,2.89
2015.03.06 02:31:46.173,1.82895,1.82906,1.00,1.09
2015.03.06 02:31:47.867,1.82895,1.82904,1.00,1.36
2015.03.06 02:31:49.975,1.82894,1.82902,1.00,2.06
2015.03.06 02:31:50.856,1.82879,1.829,1.25,1.27
2015.03.06 02:31:50.907,1.82892,1.82899,1.00,1.95
2015.03.06 02:31:53.826,1.82879,1.82896,1.00,1.30
2015.03.06 02:31:56.237,1.82882,1.82896,1.00,1.01
2015.03.06 02:31:56.471,1.82879,1.82896,1.50,1.76
2015.03.06 02:31:57.006,1.82878,1.82896,1.00,1.01
2015.03.06 02:31:57.216,1.82878,1.82897,1.00,1.25
2015.03.06 02:32:01.924,1.82878,1.82897,1.25,1.01
2015.03.06 02:32:08.839,1.82878,1.82897,1.00,1.16
2015.03.06 02:32:17.325,1.82878,1.82897,1.19,1.27
2015.03.06 02:32:18.311,1.82878,1.82897,1.25,1.46
2015.03.06 02:32:18.968,1.82878,1.82897,1.09,1.25
2015.03.06 02:32:21.003,1.82878,1.82897,1.84,1.00
2015.03.06 02:32:21.517,1.8288,1.82901,1.09,1.31
2015.03.06 02:32:27.175,1.8288,1.82902,1.16,2.14
2015.03.06 02:32:27.837,1.8288,1.82902,1.84,1.39
2015.03.06 02:32:27.939,1.82881,1.82902,1.01,1.29
2015.03.06 02:32:28.142,1.82884,1.82904,1.00,1.54
2015.03.06 02:32:28.465,1.82885,1.82904,1.12,1.34
2015.03.06 02:32:28.998,1.82885,1.82904,1.12,1.34
2015.03.06 02:32:29.511,1.82884,1.82904,2.06,1.34
2015.03.06 02:32:29.869,1.82884,1.82904,1.09,1.29
2015.03.06 02:32:30.072,1.82884,1.82904,1.57,1.25
2015.03.06 02:32:30.587,1.82884,1.82904,1.27,1.25
2015.03.06 02:32:31.093,1.82884,1.82904,1.10,1.19
2015.03.06 02:32:32.670,1.82884,1.82904,1.95,1.19
2015.03.06 02:32:33.179,1.82884,1.82904,1.76,1.00
2015.03.06 02:32:33.783,1.82884,1.82904,1.76,1.00
2015.03.06 02:32:34.086,1.8289,1.82909,1.57,1.00
2015.03.06 02:32:34.390,1.82892,1.82912,1.95,1.00
2015.03.06 02:32:34.648,1.82892,1.82912,1.27,1.00
2015.03.06 02:32:34.750,1.8289,1.8291,2.25,1.00
2015.03.06 02:32:34.852,1.82888,1.8291,2.44,1.00
2015.03.06 02:32:36.097,1.82889,1.8291,1.01,1.19
2015.03.06 02:32:37.157,1.82889,1.8291,1.01,1.25
2015.03.06 02:32:37.481,1.82888,1.82909,1.87,1.69
2015.03.06 02:32:37.532,1.82888,1.82909,1.12,2.06
2015.03.06 02:32:38.044,1.82888,1.82909,1.00,2.14
2015.03.06 02:32:38.235,1.82886,1.82906,1.01,1.20
2015.03.06 02:32:38.386,1.82887,1.82904,1.00,1.00
2015.03.06 02:32:39.607,1.82887,1.82904,1.00,1.19
2015.03.06 02:32:41.227,1.82884,1.82901,1.57,1.00
2015.03.06 02:32:43.363,1.82884,1.82901,1.20,1.00
2015.03.06 02:32:48.142,1.82881,1.82898,1.09,1.00
2015.03.06 02:32:57.710,1.82881,1.82898,1.19,1.00
2015.03.06 02:32:58.699,1.82881,1.82898,1.25,1.00
2015.03.06 02:32:59.701,1.82881,1.82898,1.19,1.00
2015.03.06 02:33:00.729,1.82881,1.82898,1.00,1.00
2015.03.06 02:33:09.330,1.82881,1.82898,1.85,1.00
2015.03.06 02:33:09.634,1.82886,1.82898,1.12,1.00
2015.03.06 02:33:09.736,1.82885,1.82901,1.12,1.00
2015.03.06 02:33:11.551,1.82884,1.82901,1.20,1.00
2015.03.06 02:33:24.695,1.82884,1.82901,1.76,1.00
2015.03.06 02:33:31.334,1.82888,1.82901,1.00,1.00
2015.03.06 02:33:31.638,1.82893,1.82901,1.00,1.00
2015.03.06 02:33:31.690,1.82888,1.82901,1.10,1.00
2015.03.06 02:33:33.317,1.82892,1.82901,1.00,1.00
2015.03.06 02:33:34.466,1.82892,1.82903,1.00,1.00
2015.03.06 02:33:34.568,1.82893,1.82909,1.00,1.00
2015.03.06 02:33:34.620,1.82893,1.82909,1.75,1.00
2015.03.06 02:33:34.926,1.82897,1.8291,1.20,1.00
2015.03.06 02:33:37.103,1.82897,1.82914,1.20,1.01
2015.03.06 02:33:43.659,1.82895,1.82914,1.57,1.10
2015.03.06 02:33:43.710,1.82895,1.82914,1.10,1.10
2015.03.06 02:33:43.761,1.82895,1.82914,1.50,1.10
2015.03.06 02:33:44.492,1.82895,1.82914,1.87,1.29
2015.03.06 02:33:45.635,1.82895,1.82914,1.20,1.29
2015.03.06 02:33:46.138,1.82895,1.82914,1.10,1.29
2015.03.06 02:33:46.646,1.82895,1.82914,1.20,1.29
2015.03.06 02:33:47.522,1.82895,1.82914,1.20,1.01
2015.03.06 02:33:50.192,1.82894,1.8291,1.50,1.00
2015.03.06 02:33:51.113,1.82892,1.82909,2.25,1.00
2015.03.06 02:33:51.214,1.82893,1.82909,1.12,1.00
2015.03.06 02:33:53.958,1.82894,1.82908,1.31,1.00
2015.03.06 02:33:54.110,1.82893,1.82908,1.87,1.00
2015.03.06 02:33:54.647,1.82893,1.82908,1.20,1.00
2015.03.06 02:33:56.419,1.82898,1.82909,1.00,1.00
2015.03.06 02:33:56.723,1.82902,1.82909,1.00,1.00
2015.03.06 02:33:57.006,1.82897,1.82909,1.10,1.00
2015.03.06 02:34:08.396,1.82893,1.82909,1.75,1.00
2015.03.06 02:34:08.447,1.82893,1.82906,1.00,1.00
2015.03.06 02:34:08.650,1.82889,1.82906,1.50,1.00
2015.03.06 02:34:08.853,1.82892,1.82906,1.00,1.00
2015.03.06 02:34:09.510,1.82892,1.82906,1.50,1.00
2015.03.06 02:34:09.663,1.82892,1.82909,2.51,1.00
2015.03.06 02:34:10.170,1.82893,1.82909,1.85,1.00
2015.03.06 02:34:11.641,1.82893,1.82909,2.14,1.00
2015.03.06 02:34:12.553,1.82893,1.82909,2.51,1.00
2015.03.06 02:34:19.446,1.82893,1.82909,1.01,1.00
2015.03.06 02:34:22.282,1.82893,1.82909,1.29,1.00
2015.03.06 02:34:22.586,1.82898,1.82909,1.00,1.00
2015.03.06 02:34:23.803,1.82893,1.82909,2.14,1.00
2015.03.06 02:34:24.338,1.82897,1.82909,1.00,1.00
2015.03.06 02:34:24.848,1.82898,1.82909,1.00,1.00
2015.03.06 02:34:26.825,1.82893,1.82909,2.89,1.00
2015.03.06 02:34:26.876,1.82893,1.82909,1.10,1.00
2015.03.06 02:34:29.020,1.8289,1.82906,1.12,1.00
2015.03.06 02:34:29.225,1.82888,1.82902,1.00,1.10
2015.03.06 02:34:29.327,1.82885,1.82902,1.00,1.10
2015.03.06 02:34:37.733,1.82881,1.829,1.27,1.00
2015.03.06 02:34:38.255,1.82881,1.829,1.20,1.00
2015.03.06 02:34:38.791,1.82881,1.829,1.39,1.00
2015.03.06 02:34:41.928,1.82881,1.829,1.84,1.00
2015.03.06 02:34:42.462,1.82882,1.829,1.31,1.00
2015.03.06 02:34:45.451,1.82882,1.829,1.27,1.00
2015.03.06 02:34:46.111,1.82882,1.829,1.46,1.00
2015.03.06 02:34:46.674,1.82882,1.829,1.46,1.00
2015.03.06 02:34:49.163,1.82884,1.82901,1.27,1.00
2015.03.06 02:34:49.416,1.82884,1.82901,1.84,1.00
2015.03.06 02:34:55.577,1.82884,1.82901,1.17,1.00
2015.03.06 02:34:57.121,1.82884,1.82901,1.00,1.20
2015.03.06 02:35:01.360,1.82884,1.82901,1.19,1.00
2015.03.06 02:35:02.355,1.82884,1.82901,1.00,1.00
2015.03.06 02:35:03.068,1.82888,1.82901,1.00,1.00
2015.03.06 02:35:04.879,1.82892,1.82905,1.00,1.00
2015.03.06 02:35:05.081,1.82888,1.82905,2.02,1.00
2015.03.06 02:35:05.486,1.82887,1.82905,1.20,1.55
2015.03.06 02:35:05.587,1.82887,1.82903,1.00,1.07
2015.03.06 02:35:05.895,1.82887,1.82899,1.00,1.00
2015.03.06 02:35:06.155,1.82883,1.82899,1.00,1.00
2015.03.06 02:35:07.059,1.82887,1.82899,1.00,1.00
2015.03.06 02:35:07.212,1.82885,1.82904,1.29,1.00
2015.03.06 02:35:07.467,1.82887,1.82904,1.75,1.00
2015.03.06 02:35:07.619,1.82887,1.82904,1.10,1.00
2015.03.06 02:35:07.991,1.82887,1.82904,1.65,1.00
2015.03.06 02:35:08.396,1.82887,1.82906,2.89,1.00
2015.03.06 02:35:08.447,1.82888,1.82906,1.09,1.00
2015.03.06 02:35:08.704,1.82888,1.82906,1.09,1.00
2015.03.06 02:35:09.059,1.8289,1.82909,1.10,1.10
2015.03.06 02:35:09.566,1.82893,1.82909,1.00,1.10
2015.03.06 02:35:12.277,1.8289,1.82909,1.85,1.10
2015.03.06 02:35:13.854,1.82897,1.82909,1.00,1.00
2015.03.06 02:35:14.209,1.82893,1.82908,1.37,1.00
2015.03.06 02:35:14.818,1.82896,1.82913,1.01,1.00
2015.03.06 02:35:14.869,1.82898,1.82913,1.00,1.00
2015.03.06 02:35:14.920,1.82899,1.82916,1.00,1.10
2015.03.06 02:35:15.458,1.82898,1.82916,1.20,1.10
2015.03.06 02:35:15.711,1.82898,1.82916,1.85,1.10
2015.03.06 02:35:16.167,1.82898,1.82916,1.69,1.00
2015.03.06 02:35:16.218,1.82898,1.82913,1.39,1.00
2015.03.06 02:35:16.766,1.82895,1.82912,2.96,1.00
2015.03.06 02:35:16.817,1.82895,1.82912,2.96,1.00
2015.03.06 02:35:16.918,1.82898,1.82912,1.50,1.00
2015.03.06 02:35:16.970,1.82899,1.82916,1.20,1.25
2015.03.06 02:35:17.071,1.82902,1.82916,1.00,1.25
2015.03.06 02:35:17.388,1.82902,1.82916,1.87,1.00
2015.03.06 02:35:17.439,1.82902,1.8292,1.87,1.40
2015.03.06 02:35:17.645,1.82902,1.8292,1.87,1.25
2015.03.06 02:35:18.151,1.82902,1.8292,1.20,1.25
2015.03.06 02:35:18.253,1.82902,1.82921,1.76,1.00
2015.03.06 02:35:18.457,1.82903,1.82921,1.00,1.10
2015.03.06 02:35:19.587,1.82908,1.82921,1.00,1.10
2015.03.06 02:35:19.840,1.82908,1.82926,1.00,1.84
2015.03.06 02:35:21.256,1.82913,1.82923,1.00,1.00
2015.03.06 02:35:22.084,1.82913,1.82923,1.37,1.00
2015.03.06 02:35:22.338,1.82908,1.82923,1.25,1.00
2015.03.06 02:35:22.541,1.82908,1.82923,1.69,1.00
2015.03.06 02:35:22.592,1.82908,1.82926,2.06,1.00
2015.03.06 02:35:22.946,1.82908,1.82924,1.62,1.00
2015.03.06 02:35:23.404,1.82908,1.82924,1.00,1.00
2015.03.06 02:35:23.506,1.82908,1.82924,1.00,1.20
2015.03.06 02:35:23.658,1.82903,1.82924,1.95,1.35
2015.03.06 02:35:23.709,1.82903,1.8292,1.20,1.00
2015.03.06 02:35:24.063,1.82903,1.8292,1.87,1.00
2015.03.06 02:35:24.215,1.82903,1.8292,1.20,1.17
2015.03.06 02:35:24.721,1.82902,1.82918,1.57,1.00
2015.03.06 02:35:28.716,1.82902,1.82918,1.37,1.19
2015.03.06 02:35:31.006,1.82903,1.82918,1.12,1.25
2015.03.06 02:35:31.723,1.82899,1.82918,1.20,1.29
2015.03.06 02:35:33.818,1.82899,1.82918,1.12,1.00
2015.03.06 02:35:33.974,1.82898,1.82918,3.00,1.00
2015.03.06 02:35:34.746,1.82899,1.82918,1.97,1.00
2015.03.06 02:35:34.847,1.829,1.82918,1.35,1.00
2015.03.06 02:35:34.898,1.82901,1.8292,1.65,1.00
2015.03.06 02:35:36.265,1.82901,1.8292,1.76,1.32
2015.03.06 02:35:37.721,1.82901,1.8292,1.57,1.09
2015.03.06 02:35:39.725,1.82903,1.8292,1.10,1.39
2015.03.06 02:35:40.269,1.82901,1.8292,1.47,1.39
2015.03.06 02:35:41.405,1.829,1.82918,1.09,1.00
2015.03.06 02:35:43.063,1.829,1.82918,1.01,1.10
2015.03.06 02:35:43.266,1.82901,1.82922,1.27,1.01
2015.03.06 02:35:43.468,1.82901,1.82922,1.20,1.69
2015.03.06 02:35:43.875,1.829,1.82922,1.76,2.21
2015.03.06 02:35:44.381,1.829,1.82919,1.62,1.07
2015.03.06 02:35:44.827,1.829,1.82922,1.57,1.54
2015.03.06 02:35:44.980,1.829,1.82922,1.47,1.81
2015.03.06 02:35:45.781,1.829,1.82922,1.57,1.54
2015.03.06 02:35:46.303,1.829,1.82922,1.47,1.44
2015.03.06 02:35:46.935,1.829,1.82922,1.62,1.84
2015.03.06 02:35:49.267,1.829,1.8292,1.62,1.64
2015.03.06 02:35:49.776,1.829,1.82921,1.62,1.71
2015.03.06 02:35:51.550,1.829,1.82921,1.00,1.84
2015.03.06 02:35:52.053,1.82898,1.82918,1.37,1.69
2015.03.06 02:35:52.600,1.82898,1.82918,1.00,1.69
2015.03.06 02:35:53.124,1.82903,1.82918,1.00,1.69
2015.03.06 02:35:53.632,1.82903,1.8292,1.00,1.76
2015.03.06 02:35:54.594,1.82903,1.8292,1.00,1.76
2015.03.06 02:35:56.333,1.82903,1.8292,1.00,1.76
2015.03.06 02:35:56.933,1.82903,1.8292,1.00,1.76
2015.03.06 02:35:59.666,1.82903,1.8292,1.00,1.76
2015.03.06 02:36:00.676,1.82903,1.8292,1.00,1.76
2015.03.06 02:36:01.213,1.82903,1.8292,1.00,1.01
2015.03.06 02:36:01.762,1.82902,1.82919,1.00,1.00
2015.03.06 02:36:11.496,1.82902,1.82919,1.00,1.37
2015.03.06 02:36:13.807,1.82902,1.82919,1.00,1.85
2015.03.06 02:36:14.210,1.82897,1.82913,1.00,1.57
2015.03.06 02:36:14.312,1.82892,1.82909,1.00,3.00
2015.03.06 02:36:14.414,1.82886,1.82905,1.00,1.57
2015.03.06 02:36:14.465,1.82886,1.82905,1.00,2.32
2015.03.06 02:36:17.150,1.82886,1.82903,1.00,1.39
2015.03.06 02:36:17.302,1.82886,1.82904,1.00,1.09
2015.03.06 02:36:17.403,1.82886,1.82903,1.00,1.01
2015.03.06 02:36:17.757,1.82886,1.82902,1.00,1.09
2015.03.06 02:36:22.467,1.82886,1.82902,1.00,1.64
2015.03.06 02:36:23.073,1.82886,1.82902,1.00,1.01
2015.03.06 02:36:25.265,1.82886,1.82902,1.00,1.01
2015.03.06 02:36:26.410,1.82882,1.82902,1.00,1.64
2015.03.06 02:36:27.013,1.82882,1.82903,1.00,1.39
2015.03.06 02:36:27.320,1.82882,1.82902,1.20,1.01
2015.03.06 02:36:27.832,1.82883,1.82901,1.00,1.31
2015.03.06 02:36:28.258,1.82883,1.82903,1.00,1.31
2015.03.06 02:36:29.723,1.82883,1.82902,1.00,1.09
2015.03.06 02:36:30.246,1.82883,1.82902,1.00,1.01
2015.03.06 02:36:35.033,1.82882,1.82902,1.50,1.01
2015.03.06 02:36:36.379,1.82883,1.82902,1.00,1.01
2015.03.06 02:36:36.430,1.82888,1.82902,1.00,1.01
2015.03.06 02:36:40.347,1.82882,1.82902,1.00,1.01
2015.03.06 02:36:40.713,1.82882,1.82901,1.00,1.01
2015.03.06 02:36:45.114,1.82882,1.82902,1.00,1.39
2015.03.06 02:36:45.431,1.82885,1.82903,1.00,1.71
2015.03.06 02:36:54.782,1.82883,1.82903,1.00,2.21
2015.03.06 02:37:10.365,1.82883,1.82902,1.00,1.76
2015.03.06 02:37:13.972,1.82883,1.82901,1.00,1.09
2015.03.06 02:37:15.386,1.82883,1.829,1.00,1.39
2015.03.06 02:37:16.490,1.82879,1.82896,1.00,1.36
2015.03.06 02:37:16.591,1.82879,1.82895,1.00,1.01
2015.03.06 02:37:17.954,1.82879,1.82893,1.00,1.01
2015.03.06 02:37:24.843,1.82879,1.82893,1.00,1.20
2015.03.06 02:37:25.833,1.82879,1.82895,1.00,2.04
2015.03.06 02:37:26.811,1.82879,1.82895,1.00,2.04
2015.03.06 02:37:29.111,1.82879,1.82893,1.00,1.31
2015.03.06 02:37:29.601,1.82879,1.82895,1.00,1.64
2015.03.06 02:37:34.913,1.82879,1.82896,1.00,1.76
2015.03.06 02:37:37.845,1.82879,1.82896,1.00,1.76
2015.03.06 02:37:40.043,1.82879,1.82894,1.00,1.31
2015.03.06 02:37:41.326,1.82879,1.82893,1.00,1.01
2015.03.06 02:37:43.305,1.82879,1.82893,1.00,1.09
2015.03.06 02:37:45.770,1.82879,1.82893,1.00,1.01
2015.03.06 02:37:51.848,1.82879,1.82895,1.00,1.79
2015.03.06 02:37:52.870,1.82879,1.82895,1.00,1.79
2015.03.06 02:37:55.213,1.82879,1.82895,1.00,1.46
2015.03.06 02:37:55.821,1.82879,1.82895,1.00,1.46
2015.03.06 02:37:59.564,1.82879,1.82895,1.00,1.46
2015.03.06 02:38:02.979,1.82879,1.82894,1.00,1.54
2015.03.06 02:38:16.480,1.8287,1.82893,1.60,1.46
2015.03.06 02:38:21.231,1.8287,1.82894,1.46,1.09
2015.03.06 02:38:21.744,1.8287,1.82894,1.75,1.09
2015.03.06 02:38:22.251,1.82873,1.82894,1.00,1.09
2015.03.06 02:38:22.632,1.82878,1.82894,1.00,1.09
2015.03.06 02:38:22.834,1.8287,1.82894,1.46,1.09
2015.03.06 02:38:26.419,1.82871,1.82896,1.16,1.84
2015.03.06 02:38:28.726,1.82871,1.82896,2.14,1.79
2015.03.06 02:38:31.555,1.8287,1.82894,1.46,1.09
2015.03.06 02:38:36.358,1.82872,1.82895,1.40,1.94
2015.03.06 02:38:36.763,1.82872,1.82895,1.77,1.31
2015.03.06 02:38:36.966,1.82873,1.82897,1.09,1.39
2015.03.06 02:38:37.067,1.8288,1.82897,1.00,1.76
2015.03.06 02:38:37.372,1.8288,1.82895,1.00,1.75
2015.03.06 02:38:37.473,1.8288,1.82897,1.00,1.76
2015.03.06 02:38:38.015,1.8288,1.82896,1.00,1.76
2015.03.06 02:38:43.098,1.8288,1.82897,1.00,1.60
2015.03.06 02:38:43.721,1.8288,1.82897,1.00,1.31
2015.03.06 02:38:44.238,1.8288,1.82895,1.00,1.12
2015.03.06 02:38:44.339,1.8288,1.82897,1.00,1.31
2015.03.06 02:38:44.798,1.8288,1.82899,1.00,2.21
2015.03.06 02:38:45.102,1.8288,1.82899,1.00,1.84
2015.03.06 02:38:45.608,1.8288,1.82897,1.00,1.31
2015.03.06 02:38:46.082,1.8288,1.82898,1.00,1.16
2015.03.06 02:38:46.235,1.8288,1.82898,1.00,1.16
2015.03.06 02:38:46.760,1.8288,1.82898,1.00,1.34
2015.03.06 02:38:47.275,1.8288,1.82898,1.00,1.34
2015.03.06 02:38:47.858,1.8288,1.82895,1.00,1.20
2015.03.06 02:38:49.393,1.8288,1.82898,1.00,1.84
2015.03.06 02:38:50.960,1.8288,1.82897,1.00,1.01
2015.03.06 02:38:51.224,1.8288,1.82896,1.00,1.31
2015.03.06 02:38:54.918,1.8288,1.82895,1.00,1.60
2015.03.06 02:38:56.658,1.8288,1.82896,1.00,1.44
2015.03.06 02:39:02.714,1.8288,1.82896,1.00,1.84
2015.03.06 02:39:02.917,1.8288,1.82894,1.00,1.90
2015.03.06 02:39:04.394,1.8288,1.82893,1.00,1.52
2015.03.06 02:39:07.203,1.8288,1.82895,1.00,1.46
2015.03.06 02:39:11.019,1.8288,1.82894,1.00,1.31
2015.03.06 02:39:11.558,1.8288,1.82895,1.00,1.46
2015.03.06 02:39:12.494,1.8288,1.82893,1.00,1.12
2015.03.06 02:39:13.359,1.8288,1.82895,1.00,1.15
2015.03.06 02:39:13.463,1.8288,1.82894,1.00,1.12
2015.03.06 02:39:13.717,1.8288,1.82895,1.00,1.15
2015.03.06 02:39:13.818,1.8288,1.82894,1.00,1.12
2015.03.06 02:39:13.921,1.8288,1.82896,1.00,1.31
2015.03.06 02:39:15.891,1.8288,1.82895,1.00,1.27
2015.03.06 02:39:17.412,1.8288,1.82896,1.00,1.46
2015.03.06 02:39:17.851,1.8288,1.82894,1.00,1.12
2015.03.06 02:39:20.418,1.8288,1.82896,1.00,1.09
2015.03.06 02:39:20.929,1.8288,1.82896,1.00,1.46
2015.03.06 02:39:21.494,1.8288,1.82898,1.00,1.64
2015.03.06 02:39:23.602,1.8288,1.82898,1.32,1.12
2015.03.06 02:39:23.906,1.82888,1.82904,1.00,1.52
2015.03.06 02:39:23.957,1.82885,1.82902,1.00,1.12
2015.03.06 02:39:25.337,1.82885,1.82902,1.19,1.12
2015.03.06 02:39:25.994,1.82885,1.82902,1.19,2.02
2015.03.06 02:39:26.450,1.82885,1.82902,1.19,1.20
2015.03.06 02:39:26.967,1.82885,1.82902,1.25,1.20
2015.03.06 02:39:27.635,1.82885,1.82902,1.09,1.20
2015.03.06 02:39:28.142,1.82885,1.82902,1.09,1.00
2015.03.06 02:39:28.551,1.82885,1.82902,1.36,1.20
2015.03.06 02:39:29.321,1.82885,1.82902,1.36,1.00
2015.03.06 02:39:29.893,1.82889,1.82906,1.00,1.75
2015.03.06 02:39:29.994,1.82892,1.82907,1.00,1.76
2015.03.06 02:39:38.090,1.82892,1.82909,1.00,1.62
2015.03.06 02:39:38.242,1.82892,1.82908,1.00,1.52
2015.03.06 02:39:38.656,1.82892,1.82906,1.00,1.12
2015.03.06 02:39:39.115,1.82892,1.82909,1.00,1.65
2015.03.06 02:39:47.631,1.82892,1.82909,1.00,1.87
2015.03.06 02:39:47.682,1.82892,1.82907,1.00,1.12
2015.03.06 02:39:49.433,1.82892,1.82909,1.00,2.14
2015.03.06 02:39:50.512,1.82892,1.82908,1.00,1.92
2015.03.06 02:39:52.441,1.82889,1.82906,1.00,1.50
2015.03.06 02:39:55.803,1.82889,1.82906,1.00,2.21
2015.03.06 02:39:56.170,1.82889,1.82906,1.00,1.39
2015.03.06 02:39:56.221,1.82889,1.82906,1.00,1.87
2015.03.06 02:39:56.745,1.82889,1.82906,1.00,1.95
2015.03.06 02:39:56.797,1.82889,1.82906,1.00,1.65
2015.03.06 02:39:56.848,1.82889,1.82906,1.00,1.95
2015.03.06 02:39:57.051,1.82886,1.82905,1.19,1.72
2015.03.06 02:39:57.565,1.82886,1.82905,1.00,1.62
2015.03.06 02:39:57.668,1.82886,1.82903,1.00,1.12
2015.03.06 02:39:58.891,1.82886,1.82903,1.00,1.75
2015.03.06 02:40:00.154,1.82886,1.82902,1.00,1.12
2015.03.06 02:40:00.358,1.82886,1.82905,1.00,1.61
2015.03.06 02:40:00.510,1.82886,1.82903,1.00,1.50
2015.03.06 02:40:00.763,1.82886,1.82905,1.00,1.91
2015.03.06 02:40:01.880,1.82886,1.82902,1.25,1.07
2015.03.06 02:40:02.400,1.82886,1.82905,1.00,2.21
2015.03.06 02:40:03.619,1.82886,1.82904,1.00,1.92
2015.03.06 02:40:04.135,1.82886,1.82904,1.00,1.27
2015.03.06 02:40:04.186,1.82886,1.82903,1.00,1.50
2015.03.06 02:40:04.518,1.82884,1.82901,1.00,1.12
2015.03.06 02:40:04.620,1.82884,1.82901,1.50,1.45
2015.03.06 02:40:05.696,1.82884,1.82899,1.00,1.90
2015.03.06 02:40:06.160,1.82884,1.82898,1.00,1.52
2015.03.06 02:40:06.364,1.82884,1.82897,1.00,1.45
2015.03.06 02:40:09.248,1.82884,1.829,1.00,1.12
2015.03.06 02:40:09.349,1.82884,1.82901,1.00,1.01
2015.03.06 02:40:16.147,1.82884,1.82901,1.25,1.12
2015.03.06 02:40:25.957,1.82887,1.82904,1.00,1.95
2015.03.06 02:40:26.058,1.82887,1.82904,1.00,1.20
2015.03.06 02:40:28.382,1.82884,1.82901,1.29,1.00
2015.03.06 02:40:28.919,1.82884,1.82901,1.00,1.00
2015.03.06 02:40:31.305,1.82884,1.82901,1.12,1.00
2015.03.06 02:40:31.457,1.82887,1.82904,1.00,1.01
2015.03.06 02:40:32.854,1.82887,1.82904,1.00,1.57
2015.03.06 02:40:33.215,1.82887,1.82904,1.00,1.20
2015.03.06 02:40:33.771,1.82887,1.82904,1.00,1.57
2015.03.06 02:40:34.638,1.82887,1.82904,1.00,1.10
2015.03.06 02:40:36.060,1.82887,1.82904,1.00,1.15
2015.03.06 02:40:40.766,1.82883,1.82902,1.25,1.10
2015.03.06 02:40:41.285,1.82883,1.82902,1.39,1.10
2015.03.06 02:40:41.695,1.82884,1.82902,1.12,1.10
2015.03.06 02:40:41.796,1.82883,1.82902,1.01,1.10
2015.03.06 02:40:42.062,1.82894,1.82904,1.00,1.46
2015.03.06 02:40:43.232,1.82895,1.82905,1.00,1.46
2015.03.06 02:40:43.743,1.82895,1.82903,1.00,1.46
2015.03.06 02:40:44.353,1.82895,1.82902,1.00,1.40
2015.03.06 02:41:06.129,1.82895,1.82903,1.00,1.01
2015.03.06 02:41:09.505,1.82882,1.82902,1.69,1.82
2015.03.06 02:41:18.650,1.82895,1.82904,1.00,1.46
2015.03.06 02:41:22.387,1.82893,1.82904,1.00,2.51
2015.03.06 02:41:28.754,1.82895,1.82903,1.00,1.16
2015.03.06 02:41:29.263,1.82895,1.82904,1.00,2.14
2015.03.06 02:41:29.315,1.82885,1.82902,1.37,2.05
2015.03.06 02:41:29.619,1.82885,1.82899,1.37,1.75
2015.03.06 02:41:34.450,1.82882,1.829,1.56,1.95
2015.03.06 02:41:35.708,1.82892,1.829,1.00,1.12
2015.03.06 02:41:37.461,1.82892,1.82901,1.00,1.55
2015.03.06 02:41:37.513,1.82892,1.82901,1.00,1.15
2015.03.06 02:41:37.818,1.82892,1.82901,1.00,1.57
2015.03.06 02:41:37.920,1.82887,1.829,1.00,1.52
2015.03.06 02:41:38.022,1.8289,1.829,1.00,1.45
2015.03.06 02:41:38.072,1.8289,1.82902,1.00,2.05
2015.03.06 02:41:58.067,1.8289,1.82903,1.00,1.71
2015.03.06 02:42:06.080,1.8289,1.82903,1.00,2.05
2015.03.06 02:42:06.335,1.8289,1.82903,1.00,1.76
2015.03.06 02:42:06.593,1.8289,1.82903,1.00,2.14
2015.03.06 02:42:06.897,1.8289,1.82903,1.00,2.14
2015.03.06 02:42:07.049,1.8289,1.82903,1.00,2.14
2015.03.06 02:42:07.403,1.8289,1.82902,1.00,1.35
2015.03.06 02:42:15.179,1.8289,1.82901,1.00,1.27
2015.03.06 02:42:15.918,1.8289,1.829,1.37,1.20
2015.03.06 02:42:17.078,1.8289,1.829,1.00,1.20
2015.03.06 02:42:18.391,1.8289,1.82901,1.00,1.12
2015.03.06 02:42:18.442,1.8289,1.82903,1.00,1.64
2015.03.06 02:42:19.360,1.8289,1.82903,1.00,1.39
2015.03.06 02:42:22.029,1.8289,1.82901,1.00,1.20
2015.03.06 02:42:22.449,1.8289,1.82904,1.00,1.16
2015.03.06 02:42:22.551,1.8289,1.82902,1.00,1.31
2015.03.06 02:42:24.099,1.8289,1.82901,1.00,1.39
2015.03.06 02:42:24.352,1.8289,1.82902,1.00,1.16
2015.03.06 02:42:25.067,1.8289,1.829,1.00,1.01
2015.03.06 02:42:28.581,1.8289,1.82902,1.00,1.09
2015.03.06 02:42:29.141,1.8289,1.829,1.00,1.01
2015.03.06 02:42:29.688,1.8289,1.82901,1.00,1.12
2015.03.06 02:42:30.246,1.8289,1.82901,1.00,1.45
2015.03.06 02:42:36.790,1.8289,1.82903,1.00,1.09
2015.03.06 02:42:37.295,1.8289,1.82903,1.00,1.46
2015.03.06 02:42:38.007,1.82883,1.82902,1.37,1.12
2015.03.06 02:42:38.510,1.82882,1.82902,2.06,1.12
2015.03.06 02:42:43.439,1.82881,1.82903,2.44,1.09
2015.03.06 02:42:44.049,1.82893,1.82906,1.00,2.51
2015.03.06 02:42:44.661,1.82893,1.82907,1.00,1.09
2015.03.06 02:42:45.222,1.82893,1.82905,1.00,1.01
2015.03.06 02:42:45.578,1.82893,1.82904,1.00,1.01
2015.03.06 02:42:45.731,1.82893,1.82906,1.00,1.16
2015.03.06 02:42:46.316,1.82893,1.82905,1.00,2.14
2015.03.06 02:42:47.515,1.82893,1.82905,1.00,1.39
2015.03.06 02:42:48.233,1.82893,1.82904,1.00,1.16
2015.03.06 02:42:52.948,1.82893,1.82905,1.00,1.39
2015.03.06 02:42:57.511,1.82893,1.82906,1.00,1.16
2015.03.06 02:42:57.815,1.82893,1.82907,1.12,1.46
2015.03.06 02:42:58.332,1.82893,1.82907,1.12,1.01
2015.03.06 02:42:58.845,1.82893,1.82907,1.12,1.01
2015.03.06 02:43:00.514,1.82893,1.82908,1.12,1.09
2015.03.06 02:43:00.858,1.82893,1.82908,1.12,1.09
2015.03.06 02:43:01.635,1.82893,1.82908,1.12,1.09
2015.03.06 02:43:04.124,1.82893,1.82909,1.12,1.09
2015.03.06 02:43:04.997,1.82893,1.82907,1.12,1.31
2015.03.06 02:43:19.435,1.82893,1.82907,1.12,1.09
2015.03.06 02:43:32.966,1.82893,1.82908,1.12,1.16
2015.03.06 02:43:34.236,1.82893,1.82908,1.12,1.16
2015.03.06 02:43:37.639,1.82893,1.82909,1.37,2.96
2015.03.06 02:43:39.688,1.8289,1.82909,1.37,1.84
2015.03.06 02:43:40.218,1.82893,1.82911,1.37,1.16
2015.03.06 02:43:43.098,1.82893,1.8291,1.37,1.77
2015.03.06 02:44:01.576,1.82893,1.82909,1.00,1.01
2015.03.06 02:44:02.892,1.8289,1.82909,1.37,1.76
2015.03.06 02:44:12.069,1.8289,1.82907,1.37,1.01
2015.03.06 02:44:36.637,1.8289,1.82908,1.37,1.39
2015.03.06 02:44:49.205,1.8289,1.82908,1.37,1.01
2015.03.06 02:44:52.065,1.8289,1.82908,1.37,1.01
2015.03.06 02:44:52.829,1.8289,1.82908,1.37,1.01
2015.03.06 02:44:53.347,1.8289,1.82908,1.37,1.01
2015.03.06 02:45:00.546,1.8289,1.82908,1.37,1.57
2015.03.06 02:45:00.799,1.82898,1.82912,1.00,1.64
2015.03.06 02:45:00.849,1.82898,1.82911,1.00,1.09
2015.03.06 02:45:01.204,1.82893,1.82909,1.37,1.12
2015.03.06 02:45:01.639,1.82893,1.82911,1.37,1.20
2015.03.06 02:45:01.690,1.82893,1.82912,1.37,1.65
2015.03.06 02:45:01.740,1.82893,1.82912,1.37,2.02
2015.03.06 02:45:01.893,1.82893,1.82911,1.00,1.82
2015.03.06 02:45:01.944,1.82893,1.82909,1.00,1.12
2015.03.06 02:45:10.114,1.82893,1.82908,1.37,1.31
2015.03.06 02:45:12.109,1.82891,1.82908,1.12,1.12
2015.03.06 02:45:12.312,1.82891,1.82907,1.12,1.12
2015.03.06 02:45:13.636,1.82891,1.82906,1.37,1.12
2015.03.06 02:45:14.143,1.82894,1.82907,1.12,1.12
2015.03.06 02:45:14.481,1.82897,1.82908,1.00,1.12
2015.03.06 02:45:14.723,1.82893,1.82908,1.37,1.12
2015.03.06 02:45:16.843,1.82897,1.82908,1.00,1.12
2015.03.06 02:45:18.895,1.82892,1.82908,1.00,1.12
2015.03.06 02:45:19.148,1.82892,1.82909,1.00,1.47
2015.03.06 02:45:19.653,1.82892,1.82909,1.00,1.85
2015.03.06 02:45:20.209,1.82893,1.82907,1.00,1.12
2015.03.06 02:45:21.350,1.82896,1.82909,1.00,1.12
2015.03.06 02:45:21.403,1.82896,1.82911,1.00,2.14
2015.03.06 02:45:21.909,1.82896,1.8291,1.00,1.20
2015.03.06 02:45:38.226,1.82896,1.82911,1.00,2.14
2015.03.06 02:45:40.144,1.82896,1.82912,1.00,1.46
2015.03.06 02:45:41.408,1.82896,1.82913,1.00,3.26
2015.03.06 02:45:54.178,1.82896,1.82912,1.00,1.09
2015.03.06 02:45:55.042,1.82896,1.82913,1.00,3.07
2015.03.06 02:45:56.235,1.82896,1.82913,1.00,2.32
2015.03.06 02:45:57.213,1.82897,1.82914,1.00,2.07
2015.03.06 02:46:00.006,1.82898,1.82913,1.00,1.01
2015.03.06 02:46:00.536,1.82897,1.82914,1.00,1.82
2015.03.06 02:46:01.962,1.82897,1.82915,1.50,2.21
2015.03.06 02:46:05.064,1.82897,1.82915,1.50,2.59
2015.03.06 02:46:06.166,1.82897,1.82915,1.50,2.21
2015.03.06 02:46:06.825,1.82897,1.82914,1.50,1.09
2015.03.06 02:46:11.154,1.82897,1.82915,1.50,1.27
2015.03.06 02:46:21.875,1.82897,1.82914,1.00,1.36
2015.03.06 02:46:24.570,1.82897,1.82911,1.00,1.12
2015.03.06 02:46:25.882,1.82897,1.82913,1.00,1.31
2015.03.06 02:46:26.389,1.82897,1.82914,1.00,1.31
2015.03.06 02:46:28.864,1.82897,1.82912,1.00,1.09
2015.03.06 02:46:37.183,1.82897,1.82912,1.00,1.64
2015.03.06 02:46:37.832,1.82897,1.82912,1.00,1.01
2015.03.06 02:46:38.340,1.82897,1.82912,1.00,1.30
2015.03.06 02:46:45.587,1.82897,1.82913,1.37,1.01
2015.03.06 02:46:46.094,1.82897,1.82916,1.00,1.39
2015.03.06 02:46:47.030,1.82897,1.82916,1.00,2.14
2015.03.06 02:46:52.253,1.82897,1.82916,1.00,1.76
2015.03.06 02:46:53.132,1.82897,1.82916,1.00,1.84
2015.03.06 02:46:57.264,1.82893,1.82916,1.01,1.64
2015.03.06 02:46:58.424,1.82895,1.82913,1.00,1.55
2015.03.06 02:46:58.930,1.82895,1.82914,1.37,2.21
2015.03.06 02:46:59.234,1.82898,1.82914,1.00,2.06
2015.03.06 02:46:59.438,1.82895,1.82913,1.37,1.09
2015.03.06 02:47:00.865,1.82895,1.82914,1.37,1.71
2015.03.06 02:47:02.193,1.82895,1.82914,1.12,1.84
2015.03.06 02:47:06.902,1.82895,1.82914,1.12,1.84
2015.03.06 02:47:11.856,1.82895,1.82914,1.00,2.21
2015.03.06 02:47:12.887,1.82895,1.82911,1.37,1.20
2015.03.06 02:47:13.752,1.82895,1.82914,1.37,2.06
2015.03.06 02:47:30.913,1.82895,1.82914,1.37,2.06
2015.03.06 02:47:35.387,1.82897,1.82916,1.00,2.51
2015.03.06 02:47:35.438,1.82897,1.82916,1.00,1.76
2015.03.06 02:47:39.717,1.82897,1.82912,1.00,1.00
2015.03.06 02:47:40.021,1.82897,1.82911,1.00,1.12
2015.03.06 02:47:40.830,1.82897,1.82909,1.00,1.00
2015.03.06 02:47:41.340,1.82897,1.82909,1.00,1.15
2015.03.06 02:47:44.248,1.82897,1.82909,1.00,1.91
2015.03.06 02:47:45.210,1.82897,1.82909,1.00,1.91
2015.03.06 02:47:50.713,1.82897,1.82909,1.00,1.91
2015.03.06 02:47:51.235,1.82897,1.82909,1.00,1.91
2015.03.06 02:47:51.387,1.82897,1.82908,1.00,1.71
2015.03.06 02:47:53.884,1.82887,1.82902,1.00,1.00
2015.03.06 02:47:53.986,1.82883,1.82902,1.57,1.10
2015.03.06 02:47:54.393,1.82883,1.82901,1.00,1.47
2015.03.06 02:47:54.801,1.82883,1.82901,1.00,2.32
2015.03.06 02:48:03.433,1.82879,1.82895,1.00,1.20
2015.03.06 02:48:03.737,1.82879,1.82893,1.00,1.31
2015.03.06 02:48:04.243,1.82879,1.82895,1.00,1.29
2015.03.06 02:48:04.395,1.82879,1.82896,1.00,1.57
2015.03.06 02:48:04.598,1.82884,1.82901,1.00,2.29
2015.03.06 02:48:05.103,1.82884,1.82901,1.00,2.59
2015.03.06 02:48:07.079,1.82884,1.829,1.00,1.16
2015.03.06 02:48:07.332,1.82879,1.82896,1.00,2.70
2015.03.06 02:48:07.383,1.82879,1.82896,1.00,3.45
2015.03.06 02:48:08.856,1.82883,1.82894,1.00,1.00
2015.03.06 02:48:08.908,1.82883,1.82898,1.00,1.54
2015.03.06 02:48:09.270,1.82883,1.82898,1.00,1.24
2015.03.06 02:48:09.371,1.8288,1.82898,1.00,1.16
2015.03.06 02:48:09.501,1.82883,1.82898,1.00,1.30
2015.03.06 02:48:09.715,1.8288,1.82898,1.00,1.20
2015.03.06 02:48:12.503,1.82882,1.82899,1.00,1.39
2015.03.06 02:48:18.968,1.8288,1.82899,1.09,1.39
2015.03.06 02:48:22.121,1.8288,1.82899,1.09,1.01
2015.03.06 02:48:23.911,1.8288,1.82899,1.39,1.00
2015.03.06 02:48:27.223,1.82884,1.829,1.00,1.00
2015.03.06 02:48:31.632,1.82891,1.829,1.00,1.00
2015.03.06 02:48:31.785,1.82891,1.82904,1.00,1.20
2015.03.06 02:48:31.835,1.82896,1.82904,1.00,1.10
2015.03.06 02:48:31.937,1.82896,1.82906,1.00,1.20
2015.03.06 02:48:32.443,1.82896,1.82909,1.00,1.50
2015.03.06 02:48:37.091,1.82896,1.82909,1.00,1.39
2015.03.06 02:48:39.924,1.82896,1.82909,1.00,1.01
2015.03.06 02:48:43.971,1.82896,1.82909,1.00,1.29
2015.03.06 02:48:44.946,1.82896,1.82909,1.00,1.19
2015.03.06 02:48:46.259,1.82896,1.82908,1.00,1.00
2015.03.06 02:48:46.969,1.82896,1.82908,1.00,1.19
2015.03.06 02:48:49.977,1.82896,1.82908,1.00,1.39
2015.03.06 02:48:53.632,1.82896,1.82908,1.00,1.01
2015.03.06 02:48:54.034,1.82896,1.82908,1.00,1.56
2015.03.06 02:48:59.089,1.82896,1.82908,1.00,1.29
2015.03.06 02:49:01.010,1.82896,1.82907,1.00,1.19
2015.03.06 02:49:03.602,1.82896,1.82907,1.00,1.00
2015.03.06 02:49:04.106,1.82896,1.82907,1.00,1.50
2015.03.06 02:49:04.617,1.82896,1.82907,1.00,1.00
2015.03.06 02:49:08.569,1.82896,1.82907,1.00,1.76
2015.03.06 02:49:09.675,1.82896,1.82907,1.00,1.20
2015.03.06 02:49:14.179,1.82896,1.82907,1.00,1.01
2015.03.06 02:49:14.547,1.82896,1.82907,1.00,1.19
2015.03.06 02:49:15.610,1.82896,1.82906,1.00,1.01
2015.03.06 02:49:22.224,1.82896,1.82906,1.00,1.09
2015.03.06 02:49:23.779,1.82896,1.82908,1.00,1.29
2015.03.06 02:49:26.647,1.82896,1.82908,1.00,1.01
2015.03.06 02:49:27.361,1.82896,1.8291,1.00,1.69
2015.03.06 02:49:27.901,1.82896,1.8291,1.00,1.39
2015.03.06 02:49:28.073,1.82892,1.82908,1.87,1.25
2015.03.06 02:49:28.651,1.82892,1.82907,1.37,1.25
2015.03.06 02:49:29.755,1.82892,1.82907,1.37,1.19
2015.03.06 02:49:36.709,1.82892,1.82907,1.37,1.25
2015.03.06 02:49:37.180,1.82892,1.82907,1.37,1.25
2015.03.06 02:49:38.719,1.82892,1.82907,1.37,1.19
2015.03.06 02:49:39.245,1.8289,1.82907,1.37,1.00
2015.03.06 02:49:41.139,1.8289,1.82907,1.37,1.25
2015.03.06 02:49:45.650,1.8289,1.82907,1.37,1.00
2015.03.06 02:49:51.732,1.8289,1.82907,1.37,1.50
2015.03.06 02:49:54.789,1.8289,1.82907,1.37,1.50
2015.03.06 02:49:59.090,1.8289,1.82907,1.12,1.50
2015.03.06 02:49:59.293,1.82887,1.82905,1.37,1.00
2015.03.06 02:49:59.799,1.82887,1.82906,1.84,1.00
2015.03.06 02:50:00.102,1.82887,1.82906,1.74,1.00
2015.03.06 02:50:18.541,1.82888,1.82906,1.70,1.00
2015.03.06 02:50:20.235,1.82888,1.82906,1.70,1.00
2015.03.06 02:50:20.666,1.82888,1.82906,1.70,1.00
2015.03.06 02:50:22.132,1.82887,1.82906,1.46,1.12
2015.03.06 02:50:25.040,1.82887,1.82906,1.55,1.95
2015.03.06 02:50:28.982,1.82887,1.82906,1.74,1.57
2015.03.06 02:50:30.214,1.82888,1.82906,1.45,1.69
2015.03.06 02:50:30.990,1.8289,1.82907,1.37,1.10
2015.03.06 02:50:36.472,1.8289,1.82907,1.00,1.01
2015.03.06 02:50:36.982,1.8289,1.82906,1.00,1.00
2015.03.06 02:50:39.666,1.8289,1.82906,1.37,1.25
2015.03.06 02:50:40.637,1.8289,1.82907,1.37,1.01
2015.03.06 02:50:41.244,1.8289,1.82907,1.12,1.01
2015.03.06 02:50:45.266,1.8289,1.82907,1.37,1.10
2015.03.06 02:50:45.569,1.8289,1.82907,1.55,1.00
2015.03.06 02:50:46.074,1.82893,1.8291,1.37,1.09
2015.03.06 02:50:46.580,1.82893,1.8291,1.52,1.25
2015.03.06 02:50:49.264,1.82893,1.8291,1.77,1.00
2015.03.06 02:50:53.522,1.82893,1.8291,1.55,1.09
2015.03.06 02:50:58.031,1.82893,1.8291,1.55,1.00
2015.03.06 02:50:58.934,1.82893,1.8291,1.00,1.00
2015.03.06 02:50:59.288,1.82889,1.82908,1.95,1.00
2015.03.06 02:50:59.339,1.82889,1.82908,1.12,1.00
2015.03.06 02:50:59.868,1.82893,1.82908,1.00,1.10
2015.03.06 02:51:01.182,1.82889,1.82908,1.31,1.00
2015.03.06 02:51:01.702,1.82889,1.82908,1.31,1.00
2015.03.06 02:51:05.754,1.82889,1.82908,1.69,1.00
2015.03.06 02:51:08.444,1.82889,1.82908,1.69,1.00
2015.03.06 02:51:08.596,1.82889,1.82908,1.69,1.00
2015.03.06 02:51:10.610,1.82892,1.82908,1.25,1.00
2015.03.06 02:51:16.941,1.82893,1.82908,1.00,1.00
2015.03.06 02:51:17.295,1.82893,1.8291,1.00,1.00
2015.03.06 02:51:21.102,1.82898,1.8291,1.00,1.09
2015.03.06 02:51:21.560,1.82893,1.8291,1.00,1.39
2015.03.06 02:51:22.075,1.82893,1.8291,1.57,1.00
2015.03.06 02:51:22.126,1.82896,1.82913,1.00,1.66
2015.03.06 02:51:24.683,1.82893,1.8291,1.57,1.00
2015.03.06 02:51:40.250,1.82897,1.8291,1.00,1.00
2015.03.06 02:51:40.352,1.82893,1.8291,1.76,1.00
2015.03.06 02:51:55.599,1.82893,1.8291,2.14,1.20
2015.03.06 02:51:55.852,1.82893,1.8291,1.01,1.20
2015.03.06 02:51:59.328,1.82893,1.8291,1.37,1.25
2015.03.06 02:52:01.330,1.82893,1.8291,1.69,1.10
2015.03.06 02:52:04.811,1.82893,1.8291,1.00,1.20
2015.03.06 02:52:05.582,1.82893,1.82909,1.50,1.20
2015.03.06 02:52:06.087,1.82893,1.8291,1.00,1.39
2015.03.06 02:52:06.691,1.82893,1.8291,1.12,1.20
2015.03.06 02:52:10.620,1.82893,1.8291,1.12,1.31
2015.03.06 02:52:18.161,1.82893,1.8291,1.00,1.01
2015.03.06 02:52:24.746,1.82889,1.82913,1.01,1.76
2015.03.06 02:52:27.862,1.82893,1.82913,1.00,1.76
2015.03.06 02:52:28.371,1.82894,1.82913,1.00,2.51
2015.03.06 02:52:33.505,1.82894,1.82911,1.00,1.09
2015.03.06 02:52:43.432,1.82894,1.82913,1.00,2.21
2015.03.06 02:52:46.956,1.82892,1.82909,1.00,1.00
2015.03.06 02:53:06.888,1.82892,1.82909,1.19,1.20
2015.03.06 02:53:09.103,1.82893,1.82912,1.00,2.25
2015.03.06 02:53:10.166,1.82893,1.82912,1.00,1.47
2015.03.06 02:53:10.674,1.82894,1.82911,1.12,1.12
2015.03.06 02:53:12.810,1.82894,1.8291,1.00,1.57
2015.03.06 02:53:12.911,1.82894,1.82911,1.00,1.17
2015.03.06 02:53:24.978,1.82894,1.82911,1.00,1.70
2015.03.06 02:53:27.635,1.82894,1.82911,1.00,2.14
2015.03.06 02:53:38.113,1.82894,1.82911,1.00,1.39
2015.03.06 02:53:38.872,1.82894,1.82911,1.00,1.39
2015.03.06 02:53:39.853,1.82894,1.82911,1.00,1.39
2015.03.06 02:53:40.623,1.82894,1.8291,1.00,1.01
2015.03.06 02:53:43.594,1.82892,1.82909,1.00,1.19
2015.03.06 02:53:44.118,1.82892,1.82909,1.00,1.25
2015.03.06 02:53:44.899,1.82892,1.82909,1.00,1.19
2015.03.06 02:53:48.173,1.82892,1.82909,1.00,1.25
2015.03.06 02:53:48.426,1.82889,1.82906,1.39,1.00
2015.03.06 02:53:49.187,1.82889,1.82906,1.39,1.00
2015.03.06 02:53:50.201,1.82892,1.82909,1.00,1.31
2015.03.06 02:53:53.217,1.8289,1.82909,1.25,1.25
2015.03.06 02:53:53.956,1.8289,1.82909,1.62,1.25
2015.03.06 02:53:54.463,1.82893,1.82908,1.00,1.00
2015.03.06 02:53:54.990,1.82892,1.82908,1.12,1.00
2015.03.06 02:53:55.469,1.82894,1.82911,1.00,1.16
2015.03.06 02:53:55.824,1.8289,1.82907,1.19,1.00
2015.03.06 02:53:56.367,1.82893,1.8291,1.00,1.01
2015.03.06 02:53:56.681,1.8289,1.82907,1.00,1.00
2015.03.06 02:53:57.493,1.82893,1.82907,1.00,1.00
2015.03.06 02:53:58.058,1.8289,1.82907,1.62,1.00
2015.03.06 02:53:58.312,1.82893,1.82907,1.00,1.00
2015.03.06 02:53:58.414,1.8289,1.82907,1.19,1.00
2015.03.06 02:53:59.415,1.8289,1.82907,1.25,1.00
2015.03.06 02:54:03.449,1.82893,1.82907,1.00,1.00
2015.03.06 02:54:03.601,1.8289,1.82907,1.25,1.00
2015.03.06 02:54:03.818,1.82893,1.82907,1.00,1.00
2015.03.06 02:54:03.920,1.8289,1.82907,1.25,1.00
2015.03.06 02:54:06.667,1.82892,1.82907,1.12,1.00
2015.03.06 02:54:06.719,1.82892,1.82911,1.87,1.00
2015.03.06 02:54:07.234,1.82893,1.82911,1.00,1.15
2015.03.06 02:54:07.541,1.82897,1.82907,1.00,1.00
2015.03.06 02:54:07.651,1.82892,1.82907,1.00,1.00
2015.03.06 02:54:07.804,1.82893,1.82909,1.00,1.20
2015.03.06 02:54:08.470,1.82893,1.82907,1.00,1.00
2015.03.06 02:54:09.391,1.8289,1.82907,1.37,1.10
2015.03.06 02:54:12.267,1.82892,1.82907,1.00,1.10
2015.03.06 02:54:12.775,1.82893,1.82907,1.00,1.10
2015.03.06 02:54:12.826,1.82898,1.82907,1.00,1.10
2015.03.06 02:54:14.558,1.82892,1.82907,1.00,1.10
2015.03.06 02:54:15.889,1.8289,1.82907,1.62,1.10
2015.03.06 02:54:19.620,1.82891,1.8291,1.00,1.39
2015.03.06 02:54:20.885,1.8289,1.82907,1.00,1.00
2015.03.06 02:54:28.835,1.8289,1.82907,1.37,1.00
2015.03.06 02:54:35.935,1.8289,1.82907,1.00,1.00
2015.03.06 02:54:43.361,1.8289,1.82907,1.54,1.00
2015.03.06 02:55:04.138,1.82893,1.82907,1.37,1.00
2015.03.06 02:55:04.239,1.82897,1.82912,1.87,1.00
2015.03.06 02:55:04.341,1.82905,1.82918,1.00,1.50
2015.03.06 02:55:04.392,1.82905,1.82924,1.10,1.87
2015.03.06 02:55:04.443,1.82906,1.82924,1.07,1.00
2015.03.06 02:55:04.494,1.82906,1.82924,1.72,1.00
2015.03.06 02:55:04.545,1.8291,1.82927,1.50,1.00
2015.03.06 02:55:04.596,1.82911,1.82927,1.65,1.00
2015.03.06 02:55:04.647,1.82914,1.82931,1.12,1.00
2015.03.06 02:55:04.799,1.82914,1.82928,1.12,1.00
2015.03.06 02:55:04.900,1.82912,1.82928,1.45,1.00
2015.03.06 02:55:06.199,1.82904,1.82923,1.50,1.00
2015.03.06 02:55:06.301,1.82905,1.82923,1.57,1.00
2015.03.06 02:55:06.604,1.82908,1.82924,1.67,1.00
2015.03.06 02:55:09.837,1.82908,1.82924,1.29,1.00
2015.03.06 02:55:11.046,1.82907,1.82924,1.12,1.00
2015.03.06 02:55:11.565,1.82908,1.82924,1.00,1.00
2015.03.06 02:55:13.020,1.82904,1.82923,1.76,1.00
2015.03.06 02:55:14.107,1.82908,1.82923,1.00,1.00
2015.03.06 02:55:15.144,1.82904,1.82923,1.76,1.00
2015.03.06 02:55:16.172,1.82904,1.82923,1.76,1.00
2015.03.06 02:55:17.435,1.82904,1.82923,1.37,1.17
2015.03.06 02:55:17.487,1.82904,1.82923,1.37,1.57
2015.03.06 02:55:17.538,1.82904,1.82923,1.37,2.70
2015.03.06 02:55:17.639,1.82902,1.82919,1.87,1.87
2015.03.06 02:55:18.156,1.82902,1.82919,1.37,1.87
2015.03.06 02:55:19.986,1.82903,1.82919,1.37,1.87
2015.03.06 02:55:21.432,1.82902,1.82919,1.37,1.09
2015.03.06 02:55:22.378,1.82902,1.82919,1.37,1.39
2015.03.06 02:55:25.128,1.82902,1.82919,1.37,1.39
2015.03.06 02:55:25.280,1.82902,1.82919,1.37,1.39
2015.03.06 02:55:25.331,1.82899,1.82918,1.62,1.40
2015.03.06 02:55:32.040,1.82899,1.82918,1.37,1.34
2015.03.06 02:55:34.037,1.82899,1.82918,1.37,1.34
2015.03.06 02:55:36.945,1.82899,1.82918,1.37,1.19
2015.03.06 02:55:38.313,1.82899,1.82918,1.37,1.19
2015.03.06 02:55:41.313,1.82899,1.82918,1.37,1.25
2015.03.06 02:55:42.315,1.82899,1.82918,1.37,1.62
2015.03.06 02:55:42.517,1.82899,1.82918,1.37,1.40
2015.03.06 02:55:42.872,1.82899,1.82918,1.37,1.25
2015.03.06 02:55:50.117,1.82903,1.82918,1.47,1.00
2015.03.06 02:55:50.421,1.82903,1.82918,1.47,1.00
2015.03.06 02:55:52.964,1.82903,1.82921,2.32,1.00
2015.03.06 02:55:53.065,1.82904,1.82923,1.52,1.00
2015.03.06 02:55:53.167,1.82907,1.82923,1.65,1.00
2015.03.06 02:55:53.485,1.82909,1.82923,1.20,1.00
2015.03.06 02:55:53.840,1.82908,1.82925,2.17,1.00
2015.03.06 02:55:53.992,1.82908,1.82925,1.80,1.00
2015.03.06 02:55:54.194,1.82906,1.82922,1.87,1.00
2015.03.06 02:55:54.296,1.82905,1.82922,1.37,1.00
2015.03.06 02:55:55.285,1.82905,1.82922,1.00,1.00
2015.03.06 02:55:55.689,1.82902,1.82921,1.50,1.00
2015.03.06 02:55:56.291,1.82902,1.82921,1.57,1.00
2015.03.06 02:55:56.342,1.82902,1.82921,1.25,1.76
2015.03.06 02:55:56.948,1.82902,1.82921,1.62,1.76
2015.03.06 02:56:03.157,1.82902,1.82921,1.52,1.00
2015.03.06 02:56:03.663,1.82903,1.82921,1.57,1.00
2015.03.06 02:56:04.882,1.82902,1.82921,1.47,1.12
2015.03.06 02:56:04.933,1.82902,1.82921,1.37,1.37
2015.03.06 02:56:06.479,1.82902,1.82919,1.00,1.09
2015.03.06 02:56:07.985,1.82902,1.82919,1.00,1.09
2015.03.06 02:56:08.575,1.82902,1.82919,1.37,1.09
2015.03.06 02:56:09.114,1.82902,1.82919,1.37,1.09
2015.03.06 02:56:11.022,1.82902,1.82921,1.37,1.84
2015.03.06 02:56:12.408,1.82903,1.8292,1.37,1.00
2015.03.06 02:56:12.941,1.82903,1.8292,2.02,1.00
2015.03.06 02:56:28.386,1.82906,1.82923,1.00,1.25
2015.03.06 02:56:29.582,1.82907,1.82923,1.00,1.00
2015.03.06 02:56:30.235,1.82906,1.82923,1.25,1.00
2015.03.06 02:56:31.354,1.82906,1.82923,1.19,1.00
2015.03.06 02:56:33.774,1.82906,1.82923,2.06,1.00
2015.03.06 02:56:34.280,1.82906,1.82923,1.19,1.00
2015.03.06 02:56:34.786,1.82908,1.82923,1.00,1.00
2015.03.06 02:56:34.988,1.82908,1.82923,1.87,1.00
2015.03.06 02:56:36.572,1.82913,1.82923,1.12,1.00
2015.03.06 02:56:36.623,1.82908,1.82925,2.89,1.00
2015.03.06 02:56:36.755,1.82908,1.82925,2.14,1.00
2015.03.06 02:56:37.648,1.82908,1.82925,1.20,1.00
2015.03.06 02:56:40.588,1.82908,1.82925,2.14,1.00
2015.03.06 02:56:41.063,1.82908,1.82925,1.87,1.00
2015.03.06 02:56:41.728,1.82908,1.82925,1.37,1.00
2015.03.06 02:56:49.072,1.82908,1.82925,2.14,1.00
2015.03.06 02:56:55.225,1.82908,1.82925,2.89,1.00
2015.03.06 02:57:03.393,1.82913,1.82925,1.00,1.00
2015.03.06 02:57:03.495,1.82908,1.82925,1.25,1.00
2015.03.06 02:57:03.799,1.82905,1.82922,1.34,1.00
2015.03.06 02:57:03.900,1.82908,1.82925,1.00,1.00
2015.03.06 02:57:04.405,1.82908,1.82925,1.00,1.12
2015.03.06 02:57:07.834,1.82908,1.82925,1.00,1.00
2015.03.06 02:57:08.637,1.82905,1.82922,1.15,1.00
2015.03.06 02:57:09.856,1.82908,1.82922,1.00,1.00
2015.03.06 02:57:10.546,1.82905,1.82922,1.40,1.00
2015.03.06 02:57:16.911,1.82908,1.82922,1.00,1.00
2015.03.06 02:57:27.655,1.82907,1.82922,1.10,1.00
2015.03.06 02:57:28.183,1.82908,1.82922,1.00,1.00
2015.03.06 02:57:28.695,1.82905,1.82922,1.16,1.00
2015.03.06 02:57:30.641,1.82908,1.82925,1.00,1.00
2015.03.06 02:57:33.315,1.82908,1.82925,1.00,1.19
2015.03.06 02:57:33.517,1.82905,1.82922,1.17,1.00
2015.03.06 02:57:33.619,1.82902,1.82919,1.10,1.00
2015.03.06 02:57:34.126,1.82902,1.82919,1.00,1.39
2015.03.06 02:57:35.794,1.82902,1.82919,1.69,1.00
2015.03.06 02:57:36.606,1.82902,1.82919,1.76,1.00
2015.03.06 02:57:37.214,1.82905,1.82922,1.10,1.00
2015.03.06 02:57:38.411,1.82907,1.82922,1.00,1.00
2015.03.06 02:57:42.891,1.82913,1.82922,1.00,1.00
2015.03.06 02:57:43.043,1.82908,1.82922,1.37,1.00
2015.03.06 02:57:43.195,1.82912,1.82925,1.00,1.00
2015.03.06 02:57:43.711,1.82909,1.82928,1.50,1.25
2015.03.06 02:57:50.751,1.82913,1.8293,1.00,1.00
2015.03.06 02:57:51.360,1.82913,1.8293,1.29,1.00
2015.03.06 02:57:52.895,1.82913,1.8293,1.66,1.00
2015.03.06 02:57:54.976,1.82913,1.8293,1.66,1.00
2015.03.06 02:57:55.179,1.82918,1.82935,1.12,1.20
2015.03.06 02:57:55.692,1.82918,1.82935,1.87,1.00
2015.03.06 02:58:04.475,1.82918,1.82935,1.12,1.57
2015.03.06 02:58:05.658,1.82918,1.82934,1.12,1.27
2015.03.06 02:58:06.172,1.82918,1.82935,1.12,1.84
2015.03.06 02:58:10.678,1.82918,1.82935,1.12,1.16
2015.03.06 02:58:10.779,1.82918,1.82935,1.12,1.09
2015.03.06 02:58:11.319,1.82918,1.82935,1.00,1.39
2015.03.06 02:58:11.840,1.82914,1.82933,1.37,1.09
2015.03.06 02:58:12.787,1.82914,1.82933,1.37,1.39
2015.03.06 02:58:15.735,1.82916,1.82933,1.12,1.09
2015.03.06 02:58:16.493,1.82916,1.82933,1.12,1.34
2015.03.06 02:58:17.028,1.82916,1.82934,1.12,1.46
2015.03.06 02:58:17.537,1.82916,1.82935,1.12,1.44
2015.03.06 02:58:19.017,1.82914,1.82933,1.37,1.84
2015.03.06 02:58:19.321,1.82918,1.82933,1.00,1.84
2015.03.06 02:58:21.012,1.82914,1.82933,1.62,1.24
2015.03.06 02:58:21.518,1.82914,1.82933,1.62,1.24
2015.03.06 02:58:22.883,1.82914,1.82933,1.62,1.24
2015.03.06 02:58:24.777,1.82918,1.82934,1.00,1.09
2015.03.06 02:58:25.435,1.82918,1.82935,1.37,1.76
2015.03.06 02:58:26.192,1.82918,1.82935,1.37,1.10
2015.03.06 02:58:27.656,1.82918,1.82935,1.00,1.10
2015.03.06 02:58:28.806,1.82918,1.82935,1.00,1.29
2015.03.06 02:58:30.954,1.82918,1.82935,1.00,1.49
2015.03.06 02:58:31.106,1.82918,1.82933,1.00,1.01
2015.03.06 02:58:31.767,1.82918,1.82934,1.00,1.31
2015.03.06 02:58:31.818,1.82918,1.82935,1.00,2.04
2015.03.06 02:58:32.223,1.82921,1.82938,1.00,2.51
2015.03.06 02:58:32.766,1.82921,1.82938,1.00,1.69
2015.03.06 02:58:33.637,1.82921,1.82938,1.00,1.69
2015.03.06 02:58:36.655,1.82921,1.82938,1.00,1.69
2015.03.06 02:58:39.365,1.82919,1.82936,1.00,1.17
2015.03.06 02:58:40.249,1.82919,1.82936,1.00,1.65
2015.03.06 02:58:40.766,1.82919,1.82936,1.00,1.84
2015.03.06 02:58:41.847,1.82919,1.82933,1.37,1.50
2015.03.06 02:58:42.291,1.82919,1.82936,1.00,1.54
2015.03.06 02:58:42.815,1.82919,1.82936,1.00,2.21
2015.03.06 02:58:43.324,1.82919,1.82935,1.00,1.90
2015.03.06 02:58:44.706,1.82919,1.82936,1.12,2.21
2015.03.06 02:58:46.013,1.82915,1.82933,1.37,1.57
2015.03.06 02:58:46.249,1.82915,1.82933,1.00,1.57
2015.03.06 02:58:53.310,1.82915,1.82933,1.00,3.26
2015.03.06 02:58:53.361,1.82911,1.82928,1.00,1.31
2015.03.06 02:58:53.867,1.82911,1.82928,1.00,1.16
2015.03.06 02:58:54.374,1.82911,1.82928,1.00,1.84
2015.03.06 02:58:57.946,1.82911,1.82928,1.00,1.84
2015.03.06 02:58:58.053,1.82911,1.82928,1.00,1.91
2015.03.06 02:58:58.626,1.82911,1.82927,1.50,1.85
2015.03.06 02:58:58.850,1.82911,1.82924,1.10,1.12
2015.03.06 02:58:59.406,1.82911,1.82927,1.20,1.45
2015.03.06 02:58:59.609,1.82911,1.82927,1.20,1.20
2015.03.06 02:59:02.927,1.82911,1.82928,1.20,1.54
2015.03.06 02:59:03.467,1.82911,1.82924,1.00,1.75
2015.03.06 02:59:03.619,1.82911,1.82928,1.20,1.54
2015.03.06 02:59:03.721,1.82911,1.82928,1.20,1.35
2015.03.06 02:59:04.214,1.82911,1.82928,1.10,2.02
2015.03.06 02:59:07.293,1.82911,1.82926,1.00,4.31
2015.03.06 02:59:08.443,1.82907,1.82923,1.57,1.12
2015.03.06 02:59:08.646,1.82904,1.82919,1.50,1.12
2015.03.06 02:59:08.748,1.82903,1.82919,1.87,2.25
2015.03.06 02:59:08.849,1.82902,1.82918,1.95,1.12
2015.03.06 02:59:09.398,1.82902,1.82914,1.37,1.12
2015.03.06 02:59:12.040,1.82906,1.82918,1.00,1.12
2015.03.06 02:59:12.091,1.82906,1.82919,1.00,1.12
2015.03.06 02:59:12.597,1.82906,1.8292,1.20,1.12
2015.03.06 02:59:13.053,1.82903,1.82918,1.95,1.57
2015.03.06 02:59:13.576,1.82901,1.82917,1.76,1.12
2015.03.06 02:59:14.824,1.82903,1.82917,1.87,1.12
2015.03.06 02:59:14.926,1.82907,1.82919,1.00,1.12
2015.03.06 02:59:15.028,1.82908,1.82922,1.10,1.12
2015.03.06 02:59:16.009,1.82909,1.82924,1.12,1.10
2015.03.06 02:59:16.571,1.82907,1.82923,1.95,1.12
2015.03.06 02:59:16.876,1.82912,1.82926,1.12,1.12
2015.03.06 02:59:16.926,1.82912,1.82928,1.20,1.87
2015.03.06 02:59:17.597,1.82913,1.82928,1.50,1.12
2015.03.06 02:59:17.749,1.82914,1.82929,1.12,1.75
2015.03.06 02:59:19.728,1.82916,1.82931,1.12,1.12
2015.03.06 02:59:19.779,1.82917,1.82932,1.12,1.60
2015.03.06 02:59:21.408,1.82915,1.8293,2.44,1.12
2015.03.06 02:59:22.415,1.82916,1.8293,1.07,1.12
2015.03.06 02:59:23.137,1.82915,1.8293,1.50,1.12
2015.03.06 02:59:23.754,1.82915,1.82928,1.00,1.75
2015.03.06 02:59:24.271,1.82912,1.82928,1.87,1.75
2015.03.06 02:59:36.013,1.82914,1.82928,1.37,1.12
2015.03.06 02:59:36.368,1.82912,1.82926,1.47,1.12
2015.03.06 02:59:36.924,1.82914,1.82929,1.45,1.20
2015.03.06 02:59:37.026,1.82912,1.82928,1.95,1.12
2015.03.06 02:59:37.329,1.82912,1.82928,1.57,1.12
2015.03.06 02:59:39.593,1.82918,1.82926,1.00,1.12
2015.03.06 02:59:39.695,1.82913,1.82926,1.12,1.12
2015.03.06 02:59:41.560,1.82913,1.82926,1.37,1.12
2015.03.06 02:59:41.661,1.82918,1.82928,1.00,1.12
2015.03.06 02:59:41.712,1.82913,1.82928,1.50,1.12
2015.03.06 02:59:41.864,1.82914,1.8293,1.20,1.31
2015.03.06 02:59:41.965,1.82913,1.82927,1.57,1.12
2015.03.06 02:59:43.522,1.82912,1.82927,2.44,1.12
2015.03.06 02:59:43.624,1.82914,1.8293,1.12,1.75
2015.03.06 02:59:43.725,1.82912,1.82928,2.14,1.12
2015.03.06 02:59:43.827,1.82916,1.82929,1.47,1.75
2015.03.06 02:59:44.141,1.82918,1.82929,1.00,1.12
2015.03.06 02:59:44.395,1.82918,1.82929,1.00,1.12
2015.03.06 02:59:50.602,1.82917,1.82929,1.12,1.12
2015.03.06 02:59:51.982,1.82917,1.82929,1.37,1.12
2015.03.06 02:59:53.412,1.82917,1.82929,1.12,1.12
