2014.04.28 06:00:00.246,1.71611,1.7162,1.00,1.69
2014.04.28 06:00:00.990,1.71611,1.71622,1.00,1.94
2014.04.28 06:00:03.396,1.71611,1.71622,1.00,1.94
2014.04.28 06:00:04.512,1.71609,1.71622,1.45,2.44
2014.04.28 06:00:05.023,1.71609,1.71621,1.00,1.94
2014.04.28 06:00:05.587,1.71609,1.71621,1.00,2.44
2014.04.28 06:00:05.992,1.71607,1.71617,1.20,1.69
2014.04.28 06:00:06.346,1.71605,1.71615,1.45,1.69
2014.04.28 06:00:07.003,1.71601,1.71612,1.95,1.00
2014.04.28 06:00:09.020,1.71601,1.71611,1.45,1.00
2014.04.28 06:00:09.071,1.71601,1.71611,1.45,1.50
2014.04.28 06:00:09.752,1.71598,1.71608,1.45,1.00
2014.04.28 06:00:10.283,1.71598,1.71609,1.45,1.58
2014.04.28 06:00:10.385,1.71598,1.71609,1.45,2.25
2014.04.28 06:00:11.161,1.71597,1.71607,1.45,1.10
2014.04.28 06:00:11.464,1.71597,1.7161,1.45,1.75
2014.04.28 06:00:12.384,1.716,1.71608,1.00,1.02
2014.04.28 06:00:12.889,1.716,1.71609,1.00,2.07
2014.04.28 06:00:13.041,1.71597,1.71607,1.95,1.69
2014.04.28 06:00:13.497,1.71594,1.71603,1.95,1.02
2014.04.28 06:00:13.548,1.71594,1.71602,1.95,1.13
2014.04.28 06:00:14.345,1.71592,1.71602,1.50,1.60
2014.04.28 06:00:14.497,1.71592,1.716,1.00,1.29
2014.04.28 06:00:14.844,1.7159,1.71598,1.50,1.32
2014.04.28 06:00:15.097,1.7159,1.71601,1.50,1.02
2014.04.28 06:00:16.068,1.7159,1.71602,1.88,2.07
2014.04.28 06:00:16.322,1.7159,1.71602,1.95,1.57
2014.04.28 06:00:16.641,1.7159,1.71602,1.95,2.07
2014.04.28 06:00:17.172,1.7159,1.71602,1.50,2.14
2014.04.28 06:00:21.834,1.7159,1.71601,1.50,1.32
2014.04.28 06:00:26.865,1.7159,1.716,1.00,1.29
2014.04.28 06:00:29.909,1.7159,1.716,1.00,1.57
2014.04.28 06:00:30.799,1.71588,1.716,1.10,1.57
2014.04.28 06:00:31.680,1.71588,1.71599,1.00,2.14
2014.04.28 06:00:31.984,1.71584,1.71595,1.00,1.02
2014.04.28 06:00:32.237,1.71585,1.71594,1.00,1.39
2014.04.28 06:00:32.339,1.71583,1.71593,1.00,2.14
2014.04.28 06:00:32.852,1.71582,1.71591,1.00,1.33
2014.04.28 06:00:33.307,1.71584,1.71595,1.00,2.07
2014.04.28 06:00:33.409,1.71584,1.71595,1.00,2.00
2014.04.28 06:00:33.510,1.71584,1.71597,1.00,2.07
2014.04.28 06:00:33.965,1.71584,1.71596,1.00,1.39
2014.04.28 06:00:35.041,1.71585,1.71597,1.00,1.69
2014.04.28 06:00:35.142,1.71586,1.71597,1.00,1.25
2014.04.28 06:00:35.346,1.71587,1.71597,1.29,1.00
2014.04.28 06:00:35.651,1.71596,1.71605,1.00,1.50
2014.04.28 06:00:35.703,1.71597,1.71605,1.00,1.88
2014.04.28 06:00:35.855,1.71592,1.71601,1.38,1.00
2014.04.28 06:00:35.956,1.71591,1.71601,1.28,1.00
2014.04.28 06:00:36.311,1.71593,1.71602,1.00,1.20
2014.04.28 06:00:37.138,1.71593,1.71602,1.00,1.00
2014.04.28 06:00:38.356,1.71593,1.716,1.20,1.00
2014.04.28 06:00:39.843,1.71593,1.716,1.00,1.58
2014.04.28 06:00:39.944,1.7159,1.716,1.45,1.88
2014.04.28 06:00:40.597,1.7159,1.71599,1.20,1.50
2014.04.28 06:00:41.103,1.7159,1.71598,1.45,1.08
2014.04.28 06:00:42.688,1.7159,1.71599,1.45,1.13
2014.04.28 06:00:42.739,1.71589,1.71599,1.00,1.13
2014.04.28 06:00:42.942,1.71591,1.716,1.00,1.02
2014.04.28 06:00:43.528,1.71594,1.716,1.00,1.20
2014.04.28 06:00:45.065,1.71594,1.716,1.00,1.48
2014.04.28 06:00:45.607,1.71595,1.716,1.00,1.58
2014.04.28 06:00:45.759,1.71595,1.71602,1.00,1.63
2014.04.28 06:00:46.101,1.71597,1.71605,1.00,1.53
2014.04.28 06:00:46.405,1.71599,1.71605,1.00,1.00
2014.04.28 06:00:47.711,1.71599,1.71605,1.00,2.00
2014.04.28 06:00:48.015,1.71593,1.71602,1.00,1.38
2014.04.28 06:00:51.427,1.71592,1.716,1.00,1.20
2014.04.28 06:00:55.627,1.71594,1.71603,1.50,1.13
2014.04.28 06:00:58.755,1.71593,1.71603,1.00,1.32
2014.04.28 06:00:59.534,1.71591,1.71602,1.45,1.13
2014.04.28 06:01:00.352,1.71591,1.71603,1.45,1.77
2014.04.28 06:01:00.856,1.71591,1.71603,1.00,1.77
2014.04.28 06:01:01.380,1.71591,1.71601,1.00,1.00
2014.04.28 06:01:03.104,1.71591,1.71601,1.00,1.38
2014.04.28 06:01:03.256,1.71591,1.71602,1.00,1.20
2014.04.28 06:01:04.127,1.71591,1.71601,1.45,1.00
2014.04.28 06:01:04.279,1.71593,1.71603,1.32,1.00
2014.04.28 06:01:04.330,1.71595,1.71605,1.13,1.88
2014.04.28 06:01:04.481,1.71599,1.71611,1.02,1.75
2014.04.28 06:01:04.532,1.71599,1.71611,1.02,1.20
2014.04.28 06:01:04.634,1.71601,1.71613,1.39,1.88
2014.04.28 06:01:05.039,1.71603,1.71613,1.18,1.13
2014.04.28 06:01:05.141,1.716,1.71613,1.45,1.13
2014.04.28 06:01:05.478,1.71599,1.71614,1.84,1.10
2014.04.28 06:01:06.055,1.71599,1.71613,1.09,1.00
2014.04.28 06:01:06.353,1.71598,1.71613,1.74,1.20
2014.04.28 06:01:06.454,1.71598,1.71613,1.74,1.20
2014.04.28 06:01:07.294,1.71598,1.71611,1.09,1.00
2014.04.28 06:01:07.648,1.71597,1.71611,1.18,1.38
2014.04.28 06:01:07.900,1.71596,1.71611,1.77,1.50
2014.04.28 06:01:08.002,1.71596,1.71611,1.77,1.50
2014.04.28 06:01:08.103,1.71598,1.71612,1.09,1.00
2014.04.28 06:01:08.618,1.716,1.71615,1.77,1.13
2014.04.28 06:01:09.140,1.716,1.71615,1.58,1.69
2014.04.28 06:01:09.191,1.716,1.71613,1.58,1.10
2014.04.28 06:01:09.343,1.716,1.71613,1.45,1.88
2014.04.28 06:01:09.964,1.716,1.71613,1.45,1.88
2014.04.28 06:01:10.328,1.716,1.71615,1.45,2.07
2014.04.28 06:01:11.458,1.71601,1.71613,1.02,1.20
2014.04.28 06:01:11.711,1.716,1.71613,1.45,2.00
2014.04.28 06:01:12.345,1.71598,1.71613,1.45,2.00
2014.04.28 06:01:13.201,1.71598,1.7161,1.45,1.20
2014.04.28 06:01:13.728,1.71598,1.7161,1.45,1.50
2014.04.28 06:01:15.260,1.71598,1.71611,1.45,1.32
2014.04.28 06:01:19.540,1.71598,1.7161,1.45,1.69
2014.04.28 06:01:21.210,1.71598,1.7161,1.65,1.00
2014.04.28 06:01:21.563,1.716,1.71613,1.90,1.00
2014.04.28 06:01:25.225,1.71599,1.71613,1.20,1.13
2014.04.28 06:01:25.965,1.71599,1.71613,1.39,1.13
2014.04.28 06:01:26.496,1.71598,1.71613,2.40,1.39
2014.04.28 06:01:28.755,1.716,1.71614,1.20,1.39
2014.04.28 06:01:29.160,1.71603,1.71614,1.45,1.10
2014.04.28 06:01:30.386,1.71603,1.71614,1.20,1.00
2014.04.28 06:01:31.523,1.71603,1.71614,1.00,1.19
2014.04.28 06:01:31.574,1.71603,1.71614,1.00,1.57
2014.04.28 06:01:31.726,1.71603,1.71614,1.00,2.14
2014.04.28 06:01:31.828,1.71603,1.71614,1.45,1.48
2014.04.28 06:01:32.144,1.71603,1.71614,1.55,1.00
2014.04.28 06:01:34.467,1.71603,1.71614,1.58,1.00
2014.04.28 06:01:35.247,1.71604,1.71615,1.55,1.00
2014.04.28 06:01:35.450,1.71607,1.71621,1.09,2.48
2014.04.28 06:01:35.501,1.71606,1.71621,1.72,1.10
2014.04.28 06:01:35.552,1.71607,1.71621,1.02,1.00
2014.04.28 06:01:35.755,1.71609,1.71623,1.20,1.00
2014.04.28 06:01:45.922,1.71609,1.71623,2.05,1.00
2014.04.28 06:01:46.712,1.71609,1.71623,2.05,1.00
2014.04.28 06:01:46.814,1.71609,1.71623,1.39,1.00
2014.04.28 06:01:49.772,1.71609,1.71624,1.39,1.13
2014.04.28 06:01:50.395,1.71609,1.71625,2.05,2.14
2014.04.28 06:01:53.327,1.7161,1.71624,1.39,1.00
2014.04.28 06:01:53.833,1.71611,1.71625,1.20,1.88
2014.04.28 06:01:54.359,1.7161,1.71624,1.39,1.00
2014.04.28 06:01:54.611,1.7161,1.71624,1.39,1.00
2014.04.28 06:01:54.713,1.7161,1.71622,1.39,1.00
2014.04.28 06:01:55.032,1.71607,1.7162,1.84,1.00
2014.04.28 06:01:55.340,1.71607,1.7162,1.84,1.00
2014.04.28 06:01:58.134,1.71607,1.7162,1.45,1.10
2014.04.28 06:01:59.329,1.71607,1.71619,1.45,1.00
2014.04.28 06:02:00.321,1.71607,1.71619,1.65,1.00
2014.04.28 06:02:01.653,1.71607,1.71619,1.65,1.00
2014.04.28 06:02:02.041,1.71607,1.71621,1.84,1.10
2014.04.28 06:02:05.063,1.71607,1.71624,2.22,1.32
2014.04.28 06:02:05.165,1.7161,1.71625,1.53,1.29
2014.04.28 06:02:05.317,1.7161,1.71625,1.53,1.29
2014.04.28 06:02:06.043,1.7161,1.71625,1.53,1.39
2014.04.28 06:02:06.195,1.71609,1.71625,2.05,1.39
2014.04.28 06:02:06.947,1.71609,1.71625,1.58,1.67
2014.04.28 06:02:08.506,1.71609,1.71624,1.20,1.57
2014.04.28 06:02:09.345,1.71608,1.71621,1.20,1.38
2014.04.28 06:02:11.631,1.7161,1.71625,1.20,2.07
2014.04.28 06:02:11.986,1.71613,1.71626,1.53,1.00
2014.04.28 06:02:12.138,1.71619,1.71629,1.20,1.00
2014.04.28 06:02:12.189,1.71619,1.71631,1.20,1.00
2014.04.28 06:02:12.341,1.71622,1.71633,1.08,1.88
2014.04.28 06:02:12.725,1.71622,1.71633,1.20,1.00
2014.04.28 06:02:13.224,1.71624,1.71631,1.45,1.00
2014.04.28 06:02:13.533,1.71626,1.71638,1.45,1.57
2014.04.28 06:02:13.634,1.71627,1.71638,1.18,1.57
2014.04.28 06:02:13.736,1.71627,1.7164,1.20,1.77
2014.04.28 06:02:13.787,1.71627,1.71641,1.55,1.94
2014.04.28 06:02:14.313,1.71627,1.71641,1.65,1.57
2014.04.28 06:02:16.133,1.71627,1.71641,1.65,1.63
2014.04.28 06:02:17.334,1.71629,1.71641,1.18,1.57
2014.04.28 06:02:17.881,1.71629,1.71641,1.18,1.57
2014.04.28 06:02:22.671,1.71627,1.71642,1.75,1.32
2014.04.28 06:02:23.182,1.71627,1.71643,1.75,1.67
2014.04.28 06:02:26.019,1.71627,1.71644,1.88,1.77
2014.04.28 06:02:26.916,1.71627,1.71644,1.75,1.77
2014.04.28 06:02:29.265,1.71627,1.71644,1.88,1.77
2014.04.28 06:02:29.569,1.71627,1.71644,2.33,1.57
2014.04.28 06:02:30.827,1.71627,1.71644,2.33,1.57
2014.04.28 06:02:31.499,1.71627,1.71644,1.88,1.67
2014.04.28 06:02:33.186,1.71632,1.71644,1.00,1.67
2014.04.28 06:02:33.939,1.71632,1.71644,1.00,1.29
2014.04.28 06:02:34.945,1.71632,1.71644,1.00,1.39
2014.04.28 06:02:36.421,1.71632,1.71647,1.38,1.57
2014.04.28 06:02:36.472,1.71632,1.71647,2.14,1.00
2014.04.28 06:02:36.523,1.71635,1.71649,1.69,1.00
2014.04.28 06:02:36.627,1.71637,1.71653,1.75,1.57
2014.04.28 06:02:36.779,1.71637,1.71656,2.07,2.82
2014.04.28 06:02:36.830,1.71643,1.71656,1.20,1.02
2014.04.28 06:02:36.931,1.71646,1.71661,1.09,1.58
2014.04.28 06:02:36.982,1.71646,1.71661,1.09,1.00
2014.04.28 06:02:38.867,1.71652,1.71663,1.00,1.77
2014.04.28 06:02:39.870,1.71652,1.71663,1.00,1.77
2014.04.28 06:02:40.808,1.71652,1.71663,1.00,1.27
2014.04.28 06:02:41.640,1.71652,1.71665,1.45,1.02
2014.04.28 06:02:41.894,1.71652,1.71666,1.10,1.77
2014.04.28 06:02:42.425,1.71652,1.71666,1.20,1.57
2014.04.28 06:02:44.215,1.71652,1.71666,1.00,1.77
2014.04.28 06:02:44.968,1.71652,1.71666,1.00,2.04
2014.04.28 06:02:45.728,1.71652,1.71665,1.00,1.02
2014.04.28 06:02:46.234,1.71652,1.71665,1.00,1.27
2014.04.28 06:02:46.537,1.71652,1.71666,1.75,1.32
2014.04.28 06:02:46.849,1.71652,1.71669,1.75,1.57
2014.04.28 06:02:47.365,1.71656,1.71669,1.20,1.19
2014.04.28 06:02:48.459,1.71656,1.71672,1.39,1.02
2014.04.28 06:02:48.510,1.71656,1.71675,1.77,1.94
2014.04.28 06:02:48.763,1.71662,1.71677,1.45,1.69
2014.04.28 06:02:49.268,1.71662,1.71677,1.18,2.14
2014.04.28 06:02:50.282,1.71662,1.71677,1.18,2.89
2014.04.28 06:02:50.805,1.71662,1.71677,1.18,2.89
2014.04.28 06:02:51.357,1.7166,1.71675,1.84,1.08
2014.04.28 06:02:51.951,1.7166,1.71675,1.84,1.08
2014.04.28 06:02:52.002,1.7166,1.71676,1.77,1.32
2014.04.28 06:02:52.305,1.7166,1.71673,1.00,1.02
2014.04.28 06:02:52.458,1.71658,1.7167,1.00,1.13
2014.04.28 06:02:52.559,1.71655,1.71669,1.50,1.33
2014.04.28 06:02:52.660,1.71655,1.71669,1.00,1.02
2014.04.28 06:02:53.267,1.71653,1.71669,1.32,1.32
2014.04.28 06:02:54.795,1.71653,1.71671,1.69,2.52
2014.04.28 06:02:54.846,1.71653,1.71671,2.07,2.52
2014.04.28 06:02:55.162,1.71657,1.71671,1.08,1.00
2014.04.28 06:02:55.466,1.71653,1.71673,4.69,1.77
2014.04.28 06:02:55.820,1.71659,1.71673,1.08,1.20
2014.04.28 06:02:55.870,1.71659,1.71674,1.32,1.88
2014.04.28 06:02:56.400,1.71663,1.71677,1.25,1.88
2014.04.28 06:02:56.917,1.71663,1.71677,1.00,2.07
2014.04.28 06:02:59.367,1.71663,1.71676,1.20,1.77
2014.04.28 06:02:59.997,1.71663,1.71676,1.20,1.77
2014.04.28 06:03:00.977,1.71663,1.71676,1.20,1.02
2014.04.28 06:03:01.432,1.71658,1.71673,1.20,1.02
2014.04.28 06:03:01.942,1.71658,1.71674,1.84,2.07
2014.04.28 06:03:03.278,1.71659,1.71673,1.55,1.02
2014.04.28 06:03:03.581,1.71659,1.71674,1.47,1.88
2014.04.28 06:03:03.802,1.71659,1.71674,1.47,1.88
2014.04.28 06:03:05.030,1.71658,1.71673,1.84,1.20
2014.04.28 06:03:05.555,1.71659,1.71669,1.39,1.00
2014.04.28 06:03:06.096,1.71659,1.71673,1.39,1.75
2014.04.28 06:03:06.978,1.71659,1.71673,1.20,1.75
2014.04.28 06:03:07.207,1.71659,1.71673,1.20,1.75
2014.04.28 06:03:08.457,1.71659,1.71674,2.14,1.48
2014.04.28 06:03:08.857,1.71659,1.71674,2.14,1.48
2014.04.28 06:03:09.362,1.7166,1.71674,1.09,1.48
2014.04.28 06:03:09.958,1.71662,1.71676,1.18,2.52
2014.04.28 06:03:11.133,1.71662,1.71676,1.18,2.52
2014.04.28 06:03:11.491,1.71661,1.71676,1.39,2.63
2014.04.28 06:03:11.593,1.71661,1.71676,1.77,2.63
2014.04.28 06:03:11.902,1.71667,1.71683,1.20,1.67
2014.04.28 06:03:11.953,1.71667,1.71683,1.39,1.02
2014.04.28 06:03:12.259,1.71667,1.71681,1.09,1.10
2014.04.28 06:03:12.463,1.71664,1.71678,1.28,1.29
2014.04.28 06:03:12.767,1.71663,1.71678,1.65,1.77
2014.04.28 06:03:13.072,1.71658,1.71673,1.95,1.67
2014.04.28 06:03:13.790,1.71658,1.71673,1.20,1.67
2014.04.28 06:03:13.993,1.71661,1.71675,1.20,1.63
2014.04.28 06:03:15.112,1.71657,1.71675,2.63,1.67
2014.04.28 06:03:15.517,1.71657,1.71674,1.13,2.52
2014.04.28 06:03:16.021,1.71657,1.71673,1.13,1.67
2014.04.28 06:03:16.487,1.71658,1.71673,1.18,1.67
2014.04.28 06:03:16.988,1.71656,1.71671,1.20,1.57
2014.04.28 06:03:18.767,1.71655,1.71671,1.75,1.67
2014.04.28 06:03:19.530,1.71655,1.71671,1.50,1.67
2014.04.28 06:03:20.267,1.71655,1.71671,1.50,1.67
2014.04.28 06:03:20.753,1.71655,1.71667,1.00,1.67
2014.04.28 06:03:21.264,1.71653,1.71668,1.95,2.07
2014.04.28 06:03:21.565,1.71656,1.71669,1.20,2.82
2014.04.28 06:03:21.616,1.71656,1.71669,1.18,2.82
2014.04.28 06:03:21.971,1.71653,1.71667,1.95,2.07
2014.04.28 06:03:22.476,1.71654,1.71667,1.18,1.57
2014.04.28 06:03:22.948,1.71654,1.71667,1.20,1.19
2014.04.28 06:03:23.488,1.71654,1.71667,1.20,1.57
2014.04.28 06:03:23.802,1.71653,1.71667,1.95,1.57
2014.04.28 06:03:26.271,1.71654,1.71667,1.18,2.07
2014.04.28 06:03:27.088,1.71653,1.71665,1.95,1.57
2014.04.28 06:03:27.190,1.71653,1.71664,1.75,1.32
2014.04.28 06:03:27.796,1.71653,1.71664,1.75,1.32
2014.04.28 06:03:28.298,1.71653,1.71664,1.75,1.32
2014.04.28 06:03:30.009,1.71651,1.71667,1.95,2.14
2014.04.28 06:03:30.061,1.71651,1.71667,1.95,2.14
2014.04.28 06:03:30.162,1.71651,1.71667,1.95,1.67
2014.04.28 06:03:30.766,1.71654,1.71667,1.18,1.57
2014.04.28 06:03:32.242,1.71658,1.71668,1.00,1.57
2014.04.28 06:03:33.186,1.71658,1.71668,1.00,1.57
2014.04.28 06:03:33.439,1.71662,1.71674,1.00,1.67
2014.04.28 06:03:33.540,1.71662,1.71674,1.00,1.48
2014.04.28 06:03:33.591,1.71662,1.71676,1.45,1.32
2014.04.28 06:03:33.642,1.71662,1.71678,1.55,1.02
2014.04.28 06:03:33.693,1.71667,1.71678,1.00,1.02
2014.04.28 06:03:33.996,1.71667,1.71682,1.65,1.67
2014.04.28 06:03:34.047,1.71667,1.71682,1.20,1.39
2014.04.28 06:03:34.553,1.71671,1.71685,1.20,1.63
2014.04.28 06:03:35.107,1.71671,1.71685,1.20,1.63
2014.04.28 06:03:35.666,1.71671,1.71685,1.20,1.63
2014.04.28 06:03:35.969,1.71667,1.71683,1.20,1.67
2014.04.28 06:03:36.432,1.71665,1.71682,2.14,1.02
2014.04.28 06:03:36.945,1.71667,1.71683,1.20,1.77
2014.04.28 06:03:37.111,1.71667,1.71683,1.20,1.77
2014.04.28 06:03:37.656,1.71669,1.71683,1.28,1.77
2014.04.28 06:03:38.688,1.71666,1.71682,1.65,1.02
2014.04.28 06:03:39.218,1.71666,1.7168,1.55,1.02
2014.04.28 06:03:39.736,1.71663,1.71679,1.09,1.02
2014.04.28 06:03:40.303,1.71662,1.71679,1.77,1.02
2014.04.28 06:03:40.506,1.71662,1.71677,1.65,1.02
2014.04.28 06:03:40.608,1.71662,1.71677,1.65,1.77
2014.04.28 06:03:40.660,1.71662,1.71677,1.55,2.04
2014.04.28 06:03:41.199,1.71659,1.71673,1.45,1.13
2014.04.28 06:03:41.700,1.71659,1.71673,1.45,1.13
2014.04.28 06:03:42.996,1.71659,1.71675,1.20,1.67
2014.04.28 06:03:43.047,1.71658,1.71675,2.52,1.94
2014.04.28 06:03:44.495,1.71658,1.71672,1.45,1.02
2014.04.28 06:03:44.596,1.71658,1.71673,1.95,1.32
2014.04.28 06:03:44.647,1.71658,1.71673,1.50,1.32
2014.04.28 06:03:44.799,1.71661,1.71677,1.39,1.02
2014.04.28 06:03:45.304,1.71664,1.71679,1.20,1.67
2014.04.28 06:03:47.156,1.71662,1.71679,2.14,1.77
2014.04.28 06:03:54.636,1.71666,1.71677,1.20,1.13
2014.04.28 06:03:56.728,1.71664,1.71677,1.20,1.13
2014.04.28 06:03:58.376,1.71664,1.71677,1.45,1.13
2014.04.28 06:03:59.157,1.71664,1.71677,1.45,1.13
2014.04.28 06:03:59.362,1.71668,1.71677,1.00,1.13
2014.04.28 06:04:03.081,1.71665,1.71677,1.00,1.13
2014.04.28 06:04:06.985,1.71662,1.71679,1.09,1.32
2014.04.28 06:04:08.386,1.71662,1.71679,1.09,1.32
2014.04.28 06:04:08.488,1.71662,1.71678,1.02,1.13
2014.04.28 06:04:09.022,1.7166,1.71677,1.84,1.13
2014.04.28 06:04:10.796,1.71662,1.71678,1.09,1.32
2014.04.28 06:04:12.297,1.71659,1.71675,2.59,1.13
2014.04.28 06:04:12.501,1.71662,1.71677,1.00,1.02
2014.04.28 06:04:13.040,1.71662,1.71677,1.28,1.02
2014.04.28 06:04:13.619,1.71662,1.71679,1.84,1.94
2014.04.28 06:04:14.125,1.71662,1.71681,2.59,1.94
2014.04.28 06:04:15.613,1.71663,1.71681,1.47,1.94
2014.04.28 06:04:16.117,1.71663,1.71681,1.47,2.44
2014.04.28 06:04:16.220,1.71664,1.71681,1.20,2.82
2014.04.28 06:04:16.372,1.71662,1.7168,2.07,3.19
2014.04.28 06:04:16.681,1.71662,1.7168,2.52,1.32
2014.04.28 06:04:17.143,1.71662,1.71677,1.58,1.02
2014.04.28 06:04:17.346,1.71658,1.71672,1.00,1.33
2014.04.28 06:04:17.599,1.71656,1.71672,1.20,1.02
2014.04.28 06:04:17.905,1.71656,1.71672,1.58,1.32
2014.04.28 06:04:18.428,1.71655,1.71672,2.63,1.77
2014.04.28 06:04:20.732,1.71656,1.71672,1.02,1.60
2014.04.28 06:04:21.673,1.71656,1.71672,1.02,1.60
2014.04.28 06:04:22.191,1.7166,1.71675,1.38,1.39
2014.04.28 06:04:22.293,1.7166,1.71676,1.48,2.82
2014.04.28 06:04:22.808,1.7166,1.71676,1.48,2.07
2014.04.28 06:04:25.446,1.71658,1.71676,1.32,1.69
2014.04.28 06:04:25.855,1.7166,1.71676,1.02,1.75
2014.04.28 06:04:26.008,1.71661,1.71678,1.02,1.69
2014.04.28 06:04:26.110,1.71661,1.71678,2.52,1.50
2014.04.28 06:04:26.262,1.71665,1.71682,1.13,1.69
2014.04.28 06:04:26.736,1.71665,1.71682,1.13,1.64
2014.04.28 06:04:26.975,1.71665,1.71682,1.13,1.77
2014.04.28 06:04:27.598,1.71667,1.71683,1.48,1.32
2014.04.28 06:04:27.649,1.71667,1.71684,1.88,1.39
2014.04.28 06:04:28.183,1.71669,1.71684,1.13,1.29
2014.04.28 06:04:28.684,1.71669,1.71685,1.13,1.39
2014.04.28 06:04:29.702,1.71669,1.71686,2.78,1.67
2014.04.28 06:04:30.226,1.71672,1.71688,1.58,2.07
2014.04.28 06:04:30.731,1.71672,1.71688,1.58,2.07
2014.04.28 06:04:31.701,1.71672,1.71688,1.58,2.07
2014.04.28 06:04:32.478,1.71672,1.71688,2.03,1.77
2014.04.28 06:04:32.882,1.71676,1.71689,1.45,1.69
2014.04.28 06:04:33.451,1.71677,1.71691,1.10,1.69
2014.04.28 06:04:33.964,1.71676,1.71691,1.83,1.69
2014.04.28 06:04:34.689,1.71676,1.71691,2.03,1.77
2014.04.28 06:04:35.000,1.71676,1.7169,1.20,1.67
2014.04.28 06:04:35.304,1.71683,1.71695,1.10,2.44
2014.04.28 06:04:36.165,1.71683,1.71695,1.10,1.69
2014.04.28 06:04:36.513,1.71683,1.71696,1.20,2.44
2014.04.28 06:04:36.614,1.71688,1.71702,1.10,2.25
2014.04.28 06:04:36.665,1.71688,1.71702,1.39,1.88
2014.04.28 06:04:36.716,1.71689,1.71702,1.32,1.00
2014.04.28 06:04:36.818,1.7169,1.71705,1.28,1.39
2014.04.28 06:04:37.390,1.71691,1.71706,2.03,1.69
2014.04.28 06:04:38.118,1.71691,1.71706,2.03,1.69
2014.04.28 06:04:38.465,1.71691,1.71706,2.03,1.69
2014.04.28 06:04:39.133,1.71692,1.71706,1.58,1.19
2014.04.28 06:04:40.534,1.71692,1.71706,1.20,1.32
2014.04.28 06:04:41.105,1.71694,1.71707,1.18,1.57
2014.04.28 06:04:41.624,1.71692,1.71706,1.58,1.19
2014.04.28 06:04:42.061,1.71692,1.71706,1.58,1.19
2014.04.28 06:04:42.525,1.71692,1.71706,1.58,1.19
2014.04.28 06:04:43.696,1.71692,1.71705,1.20,1.63
2014.04.28 06:04:45.179,1.71692,1.71705,1.20,1.57
2014.04.28 06:04:45.775,1.71691,1.71705,1.65,1.57
2014.04.28 06:04:46.837,1.71691,1.71705,1.18,1.57
2014.04.28 06:04:47.140,1.71689,1.71705,2.14,1.77
2014.04.28 06:04:47.727,1.71692,1.71707,2.07,1.50
2014.04.28 06:04:47.778,1.71692,1.71708,2.07,1.85
2014.04.28 06:04:47.880,1.71693,1.71709,1.74,1.13
2014.04.28 06:04:47.931,1.71693,1.7171,1.84,2.63
2014.04.28 06:04:48.083,1.71695,1.71711,1.09,1.77
2014.04.28 06:04:51.980,1.71699,1.71712,1.08,2.25
2014.04.28 06:04:52.646,1.71699,1.71712,1.45,1.13
2014.04.28 06:04:53.226,1.71697,1.71712,1.39,1.13
2014.04.28 06:04:55.394,1.71697,1.71712,1.09,1.50
2014.04.28 06:04:55.666,1.71696,1.71712,3.34,1.20
2014.04.28 06:04:56.189,1.71699,1.71715,1.84,1.45
2014.04.28 06:04:56.442,1.71702,1.71716,1.29,2.63
2014.04.28 06:04:56.696,1.71705,1.71718,1.39,1.10
2014.04.28 06:04:56.747,1.71705,1.7172,1.39,1.20
2014.04.28 06:04:56.949,1.71706,1.71722,1.29,1.88
2014.04.28 06:04:58.331,1.71706,1.71721,1.29,1.50
2014.04.28 06:04:58.877,1.71709,1.71722,1.00,1.88
2014.04.28 06:05:00.429,1.71709,1.71722,1.00,1.88
2014.04.28 06:05:01.099,1.71706,1.7172,1.77,1.08
2014.04.28 06:05:01.642,1.7171,1.71722,1.00,1.58
2014.04.28 06:05:02.478,1.7171,1.71723,1.00,1.88
2014.04.28 06:05:04.650,1.7171,1.71719,1.00,1.08
2014.04.28 06:05:05.193,1.7171,1.71719,1.00,1.13
2014.04.28 06:05:05.720,1.7171,1.71721,1.00,1.75
2014.04.28 06:05:05.973,1.71708,1.71721,1.25,1.13
2014.04.28 06:05:07.003,1.71706,1.71721,1.69,1.13
2014.04.28 06:05:07.985,1.71706,1.71719,1.69,1.13
2014.04.28 06:05:08.308,1.71706,1.71719,1.00,1.13
2014.04.28 06:05:08.588,1.71706,1.71719,1.00,1.13
2014.04.28 06:05:08.842,1.71706,1.7172,1.00,1.13
2014.04.28 06:05:09.457,1.71706,1.71718,1.25,1.08
2014.04.28 06:05:09.715,1.71706,1.71717,1.25,1.13
2014.04.28 06:05:10.445,1.71703,1.71717,1.19,1.13
2014.04.28 06:05:10.748,1.71703,1.71717,1.19,1.13
2014.04.28 06:05:11.298,1.71703,1.71717,1.19,1.75
2014.04.28 06:05:12.305,1.71702,1.71717,1.19,1.75
2014.04.28 06:05:12.456,1.71705,1.71717,1.00,1.75
2014.04.28 06:05:14.897,1.71703,1.71716,1.19,1.88
2014.04.28 06:05:15.804,1.71703,1.71715,1.19,1.50
2014.04.28 06:05:16.057,1.71698,1.71713,2.52,1.13
2014.04.28 06:05:16.310,1.717,1.71714,1.19,1.08
2014.04.28 06:05:16.986,1.71701,1.71714,1.19,1.08
2014.04.28 06:05:17.540,1.71702,1.71714,1.19,1.08
2014.04.28 06:05:18.218,1.71702,1.71714,1.19,1.45
2014.04.28 06:05:18.777,1.71702,1.71712,1.19,1.13
2014.04.28 06:05:19.158,1.71699,1.71712,1.19,1.13
2014.04.28 06:05:19.461,1.71698,1.71705,1.00,1.75
2014.04.28 06:05:19.664,1.71696,1.71702,1.29,1.00
2014.04.28 06:05:19.819,1.71693,1.71703,1.29,1.38
2014.04.28 06:05:19.870,1.71697,1.71705,1.00,1.13
2014.04.28 06:05:19.922,1.71697,1.71709,1.19,1.58
2014.04.28 06:05:20.451,1.71697,1.71712,1.39,1.48
2014.04.28 06:05:20.955,1.71696,1.71712,1.69,1.48
2014.04.28 06:05:21.857,1.71698,1.71712,1.29,1.48
2014.04.28 06:05:22.157,1.71698,1.71712,1.19,1.75
2014.04.28 06:05:22.208,1.71698,1.71709,1.00,1.45
2014.04.28 06:05:22.713,1.71698,1.71709,1.00,2.03
2014.04.28 06:05:22.814,1.71698,1.71709,1.00,2.03
2014.04.28 06:05:23.436,1.71696,1.71707,1.25,1.10
2014.04.28 06:05:23.894,1.71696,1.71709,1.19,1.20
2014.04.28 06:05:23.996,1.71697,1.71711,1.29,1.20
2014.04.28 06:05:24.501,1.71699,1.71712,1.19,1.08
2014.04.28 06:05:24.766,1.71699,1.71715,1.39,1.58
2014.04.28 06:05:24.818,1.71701,1.71715,1.57,1.58
2014.04.28 06:05:25.125,1.71704,1.71717,1.69,1.20
2014.04.28 06:05:25.429,1.71706,1.71719,1.19,1.13
2014.04.28 06:05:25.584,1.71706,1.71721,1.29,2.33
2014.04.28 06:05:26.528,1.71708,1.71722,1.19,1.55
2014.04.28 06:05:26.832,1.71707,1.7172,1.19,1.13
2014.04.28 06:05:26.934,1.71707,1.71715,1.00,1.13
2014.04.28 06:05:27.444,1.71706,1.71715,1.25,1.13
2014.04.28 06:05:27.797,1.71706,1.71717,1.25,1.13
2014.04.28 06:05:28.345,1.71706,1.71717,1.00,1.13
2014.04.28 06:05:28.800,1.71706,1.71717,1.00,1.13
2014.04.28 06:05:30.512,1.71706,1.71717,1.19,1.13
2014.04.28 06:05:31.001,1.71706,1.71716,1.00,1.13
2014.04.28 06:05:32.548,1.71706,1.71716,1.25,1.13
2014.04.28 06:05:33.055,1.71706,1.71716,1.25,1.08
2014.04.28 06:05:33.935,1.71706,1.71717,1.00,1.13
2014.04.28 06:05:34.456,1.71706,1.71716,1.00,1.08
2014.04.28 06:05:35.986,1.71706,1.71715,1.00,1.20
2014.04.28 06:05:36.491,1.71706,1.71715,1.00,1.50
2014.04.28 06:05:36.607,1.71706,1.71715,1.00,1.00
2014.04.28 06:05:38.076,1.71706,1.71715,1.00,1.50
2014.04.28 06:05:38.617,1.71706,1.71715,1.00,1.00
2014.04.28 06:05:38.718,1.71706,1.71715,1.38,1.00
2014.04.28 06:05:38.870,1.71706,1.71717,1.10,1.38
2014.04.28 06:05:39.700,1.71706,1.71723,2.14,1.95
2014.04.28 06:05:39.751,1.71709,1.71723,1.39,1.10
2014.04.28 06:05:39.802,1.7171,1.71724,1.19,2.33
2014.04.28 06:05:40.105,1.7171,1.71722,1.00,1.08
2014.04.28 06:05:40.409,1.7171,1.71723,1.00,1.13
2014.04.28 06:05:41.718,1.7171,1.71722,1.00,1.13
2014.04.28 06:05:42.240,1.7171,1.71723,1.00,1.08
2014.04.28 06:05:42.443,1.71716,1.71725,1.00,1.13
2014.04.28 06:05:42.746,1.71716,1.71726,1.00,2.03
2014.04.28 06:05:43.288,1.71716,1.71726,1.00,2.40
2014.04.28 06:05:43.338,1.71714,1.71726,1.00,2.40
2014.04.28 06:05:43.761,1.71709,1.71726,2.44,2.40
2014.04.28 06:05:44.329,1.71709,1.71726,1.69,4.35
2014.04.28 06:05:44.881,1.71709,1.71721,1.63,1.20
2014.04.28 06:05:44.932,1.71709,1.71721,1.25,1.28
2014.04.28 06:05:45.454,1.71709,1.71723,1.02,1.90
2014.04.28 06:05:46.542,1.71709,1.7172,1.20,1.10
2014.04.28 06:05:46.644,1.71714,1.7172,1.00,1.10
2014.04.28 06:05:46.745,1.71711,1.7172,1.00,1.10
2014.04.28 06:05:47.464,1.71711,1.71722,1.00,1.83
2014.04.28 06:05:47.566,1.71711,1.71719,1.00,1.20
2014.04.28 06:05:48.030,1.71709,1.71719,1.00,1.48
2014.04.28 06:05:48.233,1.71709,1.71719,1.00,1.10
2014.04.28 06:05:48.688,1.71713,1.71719,1.00,1.10
2014.04.28 06:05:49.461,1.71713,1.71722,1.00,1.95
2014.04.28 06:05:49.664,1.71713,1.71722,1.00,1.45
2014.04.28 06:05:50.169,1.71713,1.71721,1.00,1.28
2014.04.28 06:05:50.220,1.7171,1.71722,1.25,1.28
2014.04.28 06:05:50.372,1.7171,1.71721,1.25,1.10
2014.04.28 06:05:51.087,1.7171,1.71721,1.19,1.10
2014.04.28 06:05:52.031,1.7171,1.71725,1.29,1.28
2014.04.28 06:05:52.132,1.7171,1.71726,1.67,3.00
2014.04.28 06:05:52.284,1.71711,1.71726,1.60,1.95
2014.04.28 06:05:52.591,1.71711,1.71726,1.57,1.50
2014.04.28 06:05:52.743,1.71711,1.71725,1.02,1.08
2014.04.28 06:05:53.109,1.71708,1.71723,1.69,2.40
2014.04.28 06:05:53.413,1.71708,1.71721,1.00,1.95
2014.04.28 06:05:53.952,1.71708,1.7172,1.00,1.08
2014.04.28 06:05:54.484,1.71709,1.7172,1.00,1.08
2014.04.28 06:05:55.020,1.71708,1.7172,1.00,1.08
2014.04.28 06:05:55.779,1.71708,1.7172,1.64,1.58
2014.04.28 06:05:56.093,1.71709,1.71724,2.52,1.48
2014.04.28 06:05:56.510,1.71713,1.71725,1.25,1.08
2014.04.28 06:05:56.662,1.71713,1.71725,1.25,1.13
2014.04.28 06:05:57.471,1.71714,1.71725,1.00,1.13
2014.04.28 06:05:57.673,1.71714,1.71728,1.00,1.50
2014.04.28 06:05:58.181,1.71714,1.71728,1.00,1.13
2014.04.28 06:05:58.624,1.71712,1.71728,1.57,1.13
2014.04.28 06:05:58.978,1.71714,1.71729,1.29,2.63
2014.04.28 06:06:00.608,1.71714,1.71729,1.29,1.88
2014.04.28 06:06:01.121,1.71716,1.71728,1.19,1.13
2014.04.28 06:06:01.634,1.71716,1.71729,1.00,1.88
2014.04.28 06:06:02.168,1.71716,1.71729,1.00,1.13
2014.04.28 06:06:02.700,1.71716,1.71727,1.00,1.08
2014.04.28 06:06:03.893,1.71716,1.7173,1.25,1.50
2014.04.28 06:06:04.390,1.71718,1.71731,1.02,1.50
2014.04.28 06:06:04.542,1.71722,1.71734,1.32,1.00
2014.04.28 06:06:04.898,1.71725,1.71739,1.10,2.89
2014.04.28 06:06:05.100,1.71725,1.71739,1.50,2.07
2014.04.28 06:06:05.303,1.71725,1.71738,1.00,1.02
2014.04.28 06:06:06.208,1.71725,1.71738,1.00,1.77
2014.04.28 06:06:06.717,1.71723,1.71736,1.20,1.38
2014.04.28 06:06:06.976,1.71722,1.71736,1.39,1.20
2014.04.28 06:06:07.128,1.71724,1.71736,1.29,1.00
2014.04.28 06:06:07.434,1.71724,1.71739,1.94,1.50
2014.04.28 06:06:07.961,1.71724,1.71739,1.94,2.25
2014.04.28 06:06:08.524,1.71724,1.71739,1.94,2.25
2014.04.28 06:06:08.914,1.71724,1.71739,1.19,3.00
2014.04.28 06:06:09.942,1.71723,1.71739,1.29,1.88
2014.04.28 06:06:10.919,1.71724,1.71739,1.25,1.88
2014.04.28 06:06:11.536,1.71724,1.71739,1.25,1.88
2014.04.28 06:06:12.307,1.71724,1.71739,1.25,1.88
2014.04.28 06:06:12.509,1.71727,1.71739,1.00,1.88
2014.04.28 06:06:12.731,1.71727,1.7174,1.10,1.13
2014.04.28 06:06:12.832,1.71731,1.71739,1.00,1.32
2014.04.28 06:06:13.136,1.71724,1.71736,1.50,1.02
2014.04.28 06:06:13.187,1.71724,1.71735,1.00,1.09
2014.04.28 06:06:13.441,1.71724,1.71732,1.00,1.13
2014.04.28 06:06:13.644,1.71727,1.71733,1.00,1.60
2014.04.28 06:06:13.745,1.71724,1.71733,1.00,1.98
2014.04.28 06:06:13.954,1.71724,1.71733,1.00,1.02
2014.04.28 06:06:14.849,1.71724,1.71732,1.19,1.13
2014.04.28 06:06:15.001,1.71724,1.71735,1.29,1.00
2014.04.28 06:06:15.052,1.71724,1.71735,1.02,1.00
2014.04.28 06:06:15.577,1.71724,1.71736,1.02,1.10
2014.04.28 06:06:17.035,1.71729,1.71736,1.00,1.20
2014.04.28 06:06:17.464,1.71733,1.71738,1.00,1.38
2014.04.28 06:06:17.995,1.71733,1.7174,1.00,1.20
2014.04.28 06:06:18.500,1.71733,1.71743,1.00,1.13
2014.04.28 06:06:18.551,1.71733,1.71743,1.00,1.13
2014.04.28 06:06:19.206,1.71733,1.71743,1.00,1.13
2014.04.28 06:06:19.730,1.71733,1.71743,1.00,1.13
2014.04.28 06:06:20.452,1.71733,1.71742,1.00,1.58
2014.04.28 06:06:20.961,1.71733,1.71741,1.00,1.20
2014.04.28 06:06:21.315,1.71731,1.71739,1.00,1.18
2014.04.28 06:06:21.873,1.71731,1.71739,1.00,1.90
2014.04.28 06:06:22.872,1.71727,1.71737,1.00,1.10
2014.04.28 06:06:23.236,1.71727,1.71737,1.00,1.29
2014.04.28 06:06:23.388,1.71721,1.71737,1.58,2.22
2014.04.28 06:06:23.439,1.71721,1.71736,1.58,1.74
2014.04.28 06:06:23.540,1.7172,1.71736,1.13,1.74
2014.04.28 06:06:23.798,1.7172,1.71737,1.13,2.97
2014.04.28 06:06:23.906,1.7172,1.71737,1.13,2.97
2014.04.28 06:06:24.302,1.71721,1.71737,1.13,2.89
2014.04.28 06:06:24.818,1.71722,1.71737,1.13,1.77
2014.04.28 06:06:25.126,1.71719,1.71732,1.00,1.20
2014.04.28 06:06:25.228,1.71719,1.7173,1.00,1.45
2014.04.28 06:06:25.532,1.71717,1.71729,1.00,2.63
2014.04.28 06:06:25.685,1.71714,1.71727,1.69,1.95
2014.04.28 06:06:26.241,1.71714,1.71726,1.00,1.13
2014.04.28 06:06:26.443,1.71712,1.71725,1.25,1.08
2014.04.28 06:06:26.545,1.71712,1.71725,1.25,1.13
2014.04.28 06:06:26.856,1.71714,1.71725,1.00,1.13
2014.04.28 06:06:26.991,1.71709,1.71725,2.07,1.13
2014.04.28 06:06:27.415,1.71709,1.71725,2.07,1.13
2014.04.28 06:06:30.811,1.71709,1.71725,1.38,1.94
2014.04.28 06:06:31.165,1.71709,1.71725,1.57,1.13
2014.04.28 06:06:31.266,1.71709,1.71725,2.89,1.13
2014.04.28 06:06:31.520,1.71709,1.71724,2.89,1.13
2014.04.28 06:06:31.571,1.71709,1.71724,2.82,1.13
2014.04.28 06:06:32.076,1.71709,1.71724,1.13,2.14
2014.04.28 06:06:32.410,1.71709,1.71724,1.13,2.14
2014.04.28 06:06:33.352,1.71707,1.7172,1.00,1.45
2014.04.28 06:06:33.454,1.71707,1.71717,1.00,1.20
2014.04.28 06:06:33.505,1.71705,1.71717,1.50,1.20
2014.04.28 06:06:33.715,1.71702,1.71715,1.57,1.18
2014.04.28 06:06:33.766,1.71702,1.71715,1.38,1.20
2014.04.28 06:06:34.098,1.717,1.71715,1.38,1.39
2014.04.28 06:06:34.558,1.71702,1.71712,1.13,1.18
2014.04.28 06:06:35.599,1.71702,1.71711,1.00,1.18
2014.04.28 06:06:36.105,1.71702,1.71713,1.00,1.53
2014.04.28 06:06:37.214,1.71702,1.71713,1.00,1.08
2014.04.28 06:06:37.367,1.71702,1.71716,1.58,2.52
2014.04.28 06:06:37.419,1.71703,1.71716,1.32,1.95
2014.04.28 06:06:37.924,1.71702,1.71716,1.25,1.50
2014.04.28 06:06:38.127,1.71702,1.71716,1.25,1.75
2014.04.28 06:06:38.634,1.71702,1.71716,1.25,1.75
2014.04.28 06:06:40.309,1.71702,1.71717,1.32,3.83
2014.04.28 06:06:40.460,1.71702,1.71717,1.57,1.85
2014.04.28 06:06:40.567,1.71702,1.71717,1.57,3.45
2014.04.28 06:06:40.907,1.71702,1.71714,2.07,2.63
2014.04.28 06:06:41.603,1.71702,1.71714,1.32,2.63
2014.04.28 06:06:42.136,1.71702,1.71715,1.25,1.13
2014.04.28 06:06:42.845,1.717,1.71715,2.07,1.13
2014.04.28 06:06:43.399,1.717,1.71715,2.07,1.13
2014.04.28 06:06:43.450,1.71702,1.71717,1.57,1.85
2014.04.28 06:06:43.551,1.71704,1.71719,2.89,1.13
2014.04.28 06:06:43.956,1.71704,1.71717,1.69,1.13
2014.04.28 06:06:44.260,1.71701,1.71716,1.19,1.13
2014.04.28 06:06:44.311,1.71701,1.71716,1.19,1.13
2014.04.28 06:06:44.862,1.71701,1.71716,1.25,1.13
2014.04.28 06:06:45.960,1.717,1.71715,1.88,1.32
2014.04.28 06:06:47.317,1.717,1.71715,2.07,1.85
2014.04.28 06:06:47.469,1.71706,1.7172,1.02,2.10
2014.04.28 06:06:47.722,1.71707,1.71723,1.67,1.58
2014.04.28 06:06:48.265,1.71708,1.71723,1.20,2.05
2014.04.28 06:06:50.366,1.71708,1.71721,1.48,1.20
2014.04.28 06:06:50.671,1.71711,1.71726,1.67,1.20
2014.04.28 06:06:50.975,1.71714,1.71728,1.38,2.82
2014.04.28 06:06:51.076,1.71712,1.71724,1.00,1.13
2014.04.28 06:06:51.582,1.71712,1.71726,1.00,1.32
2014.04.28 06:06:52.824,1.71712,1.71724,1.00,1.13
2014.04.28 06:06:53.537,1.71712,1.71724,1.00,1.13
2014.04.28 06:07:00.594,1.71712,1.71724,1.45,2.00
2014.04.28 06:07:01.540,1.71712,1.71724,1.00,1.32
2014.04.28 06:07:05.276,1.7171,1.71724,1.45,1.94
2014.04.28 06:07:05.823,1.7171,1.71724,1.20,1.94
2014.04.28 06:07:06.026,1.7171,1.71725,1.58,1.32
2014.04.28 06:07:06.128,1.7171,1.71726,2.08,2.00
2014.04.28 06:07:06.482,1.71712,1.71725,1.00,1.32
2014.04.28 06:07:06.785,1.7171,1.71722,1.00,1.32
2014.04.28 06:07:06.988,1.71707,1.71722,1.88,1.32
2014.04.28 06:07:08.218,1.71707,1.71721,1.00,1.13
2014.04.28 06:07:08.471,1.71705,1.71721,2.44,1.32
2014.04.28 06:07:08.522,1.71705,1.71721,1.69,1.32
2014.04.28 06:07:08.827,1.71705,1.71719,1.69,1.13
2014.04.28 06:07:12.255,1.71705,1.71716,1.00,1.13
2014.04.28 06:07:12.356,1.71703,1.71716,1.00,1.13
2014.04.28 06:07:13.238,1.71703,1.71716,1.00,3.75
2014.04.28 06:07:15.777,1.71701,1.71714,1.00,1.13
2014.04.28 06:07:16.291,1.71701,1.71712,1.00,1.13
2014.04.28 06:07:16.443,1.71701,1.71712,1.00,1.13
2014.04.28 06:07:16.799,1.71701,1.71712,1.00,1.13
2014.04.28 06:07:17.335,1.71701,1.7171,1.00,1.13
2014.04.28 06:07:17.436,1.71698,1.7171,1.00,1.13
2014.04.28 06:07:17.901,1.71696,1.71707,1.25,1.13
2014.04.28 06:07:18.003,1.71696,1.71707,1.00,1.13
2014.04.28 06:07:19.140,1.71694,1.71707,1.19,1.13
2014.04.28 06:07:19.717,1.71694,1.71708,3.27,1.13
2014.04.28 06:07:20.230,1.71694,1.71709,4.02,1.13
2014.04.28 06:07:21.605,1.71694,1.71707,2.89,1.13
2014.04.28 06:07:21.959,1.71698,1.71708,1.00,1.13
2014.04.28 06:07:22.010,1.71698,1.71707,1.00,1.08
2014.04.28 06:07:22.588,1.71698,1.71711,1.00,1.13
2014.04.28 06:07:25.436,1.71698,1.71709,1.00,1.08
2014.04.28 06:07:26.622,1.71698,1.7171,1.19,1.13
2014.04.28 06:07:27.212,1.71698,1.7171,1.00,1.13
2014.04.28 06:07:27.672,1.71698,1.71708,1.00,1.13
2014.04.28 06:07:33.054,1.71692,1.71706,2.07,2.25
2014.04.28 06:07:33.359,1.71698,1.71705,1.00,1.13
2014.04.28 06:07:33.410,1.71696,1.71705,1.00,1.13
2014.04.28 06:07:33.815,1.71696,1.71707,1.00,1.13
2014.04.28 06:07:33.916,1.717,1.71711,1.00,1.88
2014.04.28 06:07:33.967,1.717,1.71713,1.00,1.77
2014.04.28 06:07:34.018,1.717,1.71715,1.50,2.44
2014.04.28 06:07:34.223,1.71704,1.71719,1.32,1.20
2014.04.28 06:07:34.375,1.71706,1.7172,1.94,1.75
2014.04.28 06:07:34.528,1.71706,1.71721,1.94,1.38
2014.04.28 06:07:34.579,1.71705,1.71721,5.44,1.38
2014.04.28 06:07:35.085,1.71709,1.71721,1.38,1.50
2014.04.28 06:07:35.137,1.71709,1.71721,1.00,1.58
2014.04.28 06:07:38.783,1.71709,1.71721,1.00,1.13
2014.04.28 06:07:39.428,1.71709,1.71718,1.00,1.13
2014.04.28 06:07:40.544,1.71709,1.7172,1.00,1.13
2014.04.28 06:07:40.645,1.71707,1.7172,1.00,1.13
2014.04.28 06:07:40.696,1.71707,1.71719,1.00,1.88
2014.04.28 06:07:41.270,1.71707,1.71717,1.00,1.13
2014.04.28 06:07:41.780,1.71707,1.71717,1.00,1.13
2014.04.28 06:07:42.750,1.71707,1.71716,1.00,1.08
2014.04.28 06:07:43.299,1.717,1.71715,1.69,1.48
2014.04.28 06:07:43.401,1.71704,1.71712,1.00,1.48
2014.04.28 06:07:43.502,1.717,1.71711,1.00,1.13
2014.04.28 06:07:43.604,1.71696,1.71707,1.19,1.08
2014.04.28 06:07:43.856,1.71696,1.71707,1.00,1.13
2014.04.28 06:07:43.907,1.71694,1.71706,1.00,1.13
2014.04.28 06:07:44.110,1.71694,1.71701,1.00,1.08
2014.04.28 06:07:44.615,1.71694,1.71701,1.00,1.13
2014.04.28 06:07:44.716,1.71694,1.71703,1.00,1.13
2014.04.28 06:07:45.169,1.71694,1.71704,1.00,1.48
2014.04.28 06:07:54.893,1.71694,1.71705,1.00,1.77
2014.04.28 06:07:55.510,1.71694,1.71703,1.00,1.33
2014.04.28 06:07:55.613,1.71694,1.71705,1.00,1.33
2014.04.28 06:07:56.420,1.71694,1.71706,1.00,1.69
2014.04.28 06:07:57.133,1.71694,1.71707,1.39,1.00
2014.04.28 06:07:57.184,1.71694,1.71709,2.52,1.20
2014.04.28 06:07:57.235,1.71698,1.7171,1.08,1.88
2014.04.28 06:07:57.337,1.71698,1.71712,1.58,1.63
2014.04.28 06:07:57.388,1.71698,1.71714,1.88,1.19
2014.04.28 06:07:57.613,1.71698,1.71713,2.07,1.58
2014.04.28 06:07:57.714,1.71698,1.71713,1.94,2.33
2014.04.28 06:07:57.917,1.71698,1.71712,1.00,1.32
2014.04.28 06:07:58.205,1.71698,1.71712,1.00,1.32
2014.04.28 06:07:59.065,1.71698,1.71708,1.00,1.02
2014.04.28 06:07:59.217,1.71696,1.71705,1.00,1.77
2014.04.28 06:08:00.429,1.71693,1.71704,1.00,1.02
2014.04.28 06:08:00.480,1.71693,1.71704,1.00,1.57
2014.04.28 06:08:05.692,1.71693,1.71702,1.00,1.32
2014.04.28 06:08:06.201,1.71693,1.71702,1.00,1.32
2014.04.28 06:08:08.137,1.71693,1.71705,1.00,2.07
2014.04.28 06:08:12.162,1.71693,1.71705,1.00,2.07
2014.04.28 06:08:12.704,1.71693,1.71703,1.00,1.50
2014.04.28 06:08:12.805,1.71693,1.71705,1.00,2.44
2014.04.28 06:08:16.454,1.71693,1.71704,1.00,1.83
2014.04.28 06:08:17.345,1.71693,1.71704,1.00,1.32
2014.04.28 06:08:17.876,1.71693,1.71704,1.00,1.32
2014.04.28 06:08:18.894,1.71693,1.71704,1.00,1.32
2014.04.28 06:08:19.148,1.71691,1.71701,1.00,1.13
2014.04.28 06:08:19.701,1.71691,1.717,1.00,1.08
2014.04.28 06:08:20.847,1.71691,1.71702,1.00,1.13
2014.04.28 06:08:21.356,1.71691,1.71702,1.00,1.08
2014.04.28 06:08:22.539,1.71691,1.71702,1.00,1.47
2014.04.28 06:08:22.910,1.71691,1.71703,1.00,1.00
2014.04.28 06:08:25.252,1.71691,1.71705,1.00,2.22
2014.04.28 06:08:25.758,1.71688,1.717,1.00,1.09
2014.04.28 06:08:26.010,1.71686,1.717,1.10,1.09
2014.04.28 06:08:27.094,1.71686,1.71701,1.10,2.52
2014.04.28 06:08:27.643,1.71686,1.71699,1.10,2.89
2014.04.28 06:08:27.744,1.71683,1.71698,1.10,1.02
2014.04.28 06:08:28.098,1.71683,1.71699,1.47,1.77
2014.04.28 06:08:28.199,1.71683,1.71699,2.14,1.69
2014.04.28 06:08:28.726,1.71687,1.71701,1.10,1.77
2014.04.28 06:08:30.034,1.71687,1.717,1.10,1.02
2014.04.28 06:08:30.136,1.71687,1.71701,1.00,2.04
2014.04.28 06:08:31.370,1.71687,1.71699,1.00,1.57
2014.04.28 06:08:31.901,1.71687,1.71697,1.00,1.02
2014.04.28 06:08:32.461,1.71687,1.71698,1.00,2.14
2014.04.28 06:08:32.562,1.71687,1.71696,1.00,1.77
2014.04.28 06:08:32.663,1.71687,1.71699,1.00,1.77
2014.04.28 06:08:33.241,1.71687,1.71699,1.00,1.02
2014.04.28 06:08:33.809,1.71687,1.71697,1.00,1.08
2014.04.28 06:08:34.096,1.71687,1.71697,1.00,1.02
2014.04.28 06:08:34.351,1.71685,1.71694,1.00,1.13
2014.04.28 06:08:34.953,1.71685,1.71693,1.00,1.02
2014.04.28 06:08:35.483,1.71685,1.71693,1.00,1.02
2014.04.28 06:08:35.990,1.71685,1.71693,1.00,1.02
2014.04.28 06:08:37.294,1.71683,1.71693,1.00,1.02
2014.04.28 06:08:37.350,1.71683,1.71693,1.00,1.02
2014.04.28 06:08:38.233,1.71683,1.71693,1.00,1.02
2014.04.28 06:08:47.907,1.71683,1.71692,1.00,1.20
2014.04.28 06:08:48.059,1.71683,1.71692,1.00,1.58
2014.04.28 06:08:48.211,1.71681,1.71692,1.00,1.88
2014.04.28 06:08:48.312,1.71681,1.71692,1.00,1.00
2014.04.28 06:08:52.243,1.71681,1.71692,1.00,1.50
2014.04.28 06:08:53.505,1.71681,1.71692,1.00,1.13
2014.04.28 06:08:55.296,1.71681,1.71692,1.00,1.94
2014.04.28 06:08:55.499,1.71681,1.71691,1.00,2.14
2014.04.28 06:08:55.701,1.71681,1.7169,1.00,1.00
2014.04.28 06:08:58.776,1.71681,1.7169,1.00,1.38
2014.04.28 06:09:01.569,1.71681,1.7169,1.00,1.77
2014.04.28 06:09:01.785,1.71681,1.71691,1.00,1.28
2014.04.28 06:09:02.313,1.71681,1.71694,1.00,3.08
2014.04.28 06:09:04.822,1.71681,1.71694,1.20,1.32
2014.04.28 06:09:04.923,1.71684,1.71696,1.00,2.70
2014.04.28 06:09:05.349,1.71684,1.71696,1.00,1.00
2014.04.28 06:09:05.664,1.71684,1.71699,1.77,1.88
2014.04.28 06:09:05.968,1.71692,1.71705,1.00,1.13
2014.04.28 06:09:06.430,1.71696,1.71706,1.00,2.63
2014.04.28 06:09:07.677,1.71696,1.71706,1.00,1.50
2014.04.28 06:09:08.849,1.71693,1.71707,1.64,1.13
2014.04.28 06:09:08.900,1.71694,1.71708,1.02,2.25
2014.04.28 06:09:09.052,1.71694,1.71708,1.74,1.00
2014.04.28 06:09:09.154,1.71697,1.7171,1.45,1.45
2014.04.28 06:09:09.457,1.71702,1.71711,1.20,1.00
2014.04.28 06:09:10.031,1.71703,1.71713,1.00,1.48
2014.04.28 06:09:10.664,1.71703,1.71713,1.00,1.10
2014.04.28 06:09:12.406,1.71703,1.71713,1.00,1.20
2014.04.28 06:09:14.345,1.71701,1.71713,1.00,1.20
2014.04.28 06:09:14.665,1.71701,1.71713,1.38,1.39
2014.04.28 06:09:14.968,1.71704,1.71718,1.45,1.88
2014.04.28 06:09:15.478,1.71704,1.71718,1.20,2.07
2014.04.28 06:09:16.441,1.71704,1.71718,1.45,1.88
2014.04.28 06:09:16.644,1.71704,1.71718,1.58,1.75
2014.04.28 06:09:17.538,1.71705,1.71719,1.39,1.13
2014.04.28 06:09:17.741,1.71705,1.7172,1.77,1.75
2014.04.28 06:09:17.843,1.71705,1.7172,1.77,1.75
2014.04.28 06:09:18.404,1.71705,1.71721,1.77,2.63
2014.04.28 06:09:20.190,1.71705,1.7172,1.25,1.13
2014.04.28 06:09:21.962,1.71705,1.71718,1.00,1.02
2014.04.28 06:09:22.165,1.71703,1.71715,1.00,1.27
2014.04.28 06:09:22.266,1.717,1.71715,1.10,1.27
2014.04.28 06:09:22.829,1.717,1.71715,1.10,1.02
2014.04.28 06:09:25.920,1.71699,1.71715,1.27,1.58
2014.04.28 06:09:26.904,1.71698,1.71715,1.69,1.77
2014.04.28 06:09:27.239,1.71698,1.71715,1.50,1.77
2014.04.28 06:09:27.341,1.71698,1.71713,1.10,2.07
2014.04.28 06:09:27.545,1.71699,1.71714,1.08,1.77
2014.04.28 06:09:27.596,1.71699,1.71714,1.08,1.02
2014.04.28 06:09:29.505,1.71699,1.71717,1.64,2.07
2014.04.28 06:09:29.606,1.71701,1.71717,1.77,1.13
2014.04.28 06:09:29.708,1.71704,1.71717,1.00,1.13
2014.04.28 06:09:29.759,1.71704,1.71719,1.10,2.52
2014.04.28 06:09:30.576,1.71703,1.71719,1.39,1.02
2014.04.28 06:09:32.561,1.71703,1.7172,1.39,1.88
2014.04.28 06:09:32.713,1.71703,1.7172,1.84,2.07
2014.04.28 06:09:33.511,1.71707,1.7172,1.00,2.07
2014.04.28 06:09:34.554,1.71707,1.71719,1.00,1.08
2014.04.28 06:09:38.417,1.71707,1.7172,1.77,1.50
2014.04.28 06:09:38.619,1.71707,1.71723,1.39,1.02
2014.04.28 06:09:38.670,1.71711,1.71723,1.00,1.02
2014.04.28 06:09:38.771,1.71711,1.71725,1.10,1.39
2014.04.28 06:09:38.973,1.71711,1.71727,1.02,2.07
2014.04.28 06:09:39.075,1.71711,1.71727,1.02,2.82
2014.04.28 06:09:39.602,1.71711,1.71727,1.02,2.07
2014.04.28 06:09:40.715,1.71711,1.71726,1.10,1.02
2014.04.28 06:09:41.237,1.71711,1.71726,1.00,1.02
2014.04.28 06:09:41.389,1.71708,1.71724,1.95,1.02
2014.04.28 06:09:41.665,1.71708,1.71724,2.03,1.02
2014.04.28 06:09:41.716,1.71709,1.71725,2.14,1.39
2014.04.28 06:09:42.230,1.71709,1.71725,1.70,1.39
2014.04.28 06:09:42.533,1.71708,1.71725,2.07,2.14
2014.04.28 06:09:43.230,1.71708,1.71725,1.77,2.63
2014.04.28 06:09:43.756,1.71708,1.71725,1.77,2.82
2014.04.28 06:09:45.032,1.71708,1.71725,1.77,2.82
2014.04.28 06:09:46.116,1.71708,1.71725,2.07,2.44
2014.04.28 06:09:46.167,1.71708,1.71725,3.19,1.88
2014.04.28 06:09:46.471,1.71709,1.71727,2.00,2.52
2014.04.28 06:09:46.830,1.71708,1.71724,1.77,1.13
2014.04.28 06:09:47.623,1.71708,1.71724,1.77,1.32
2014.04.28 06:09:48.551,1.71708,1.71723,1.29,1.58
2014.04.28 06:09:48.653,1.71712,1.71723,1.00,1.13
2014.04.28 06:09:49.159,1.71712,1.71726,1.00,2.07
2014.04.28 06:09:49.780,1.71712,1.71726,1.00,2.07
2014.04.28 06:09:51.049,1.71712,1.71726,1.00,2.07
2014.04.28 06:09:52.491,1.71712,1.71726,1.00,2.07
2014.04.28 06:09:54.122,1.71712,1.71725,1.00,1.13
2014.04.28 06:09:55.952,1.71712,1.71726,1.00,1.32
2014.04.28 06:09:56.498,1.71712,1.71726,1.00,1.13
2014.04.28 06:09:56.940,1.71712,1.71727,1.10,1.02
2014.04.28 06:09:57.142,1.71716,1.71728,1.00,2.07
2014.04.28 06:09:57.648,1.71716,1.71728,1.00,1.13
2014.04.28 06:09:57.951,1.71716,1.71728,1.00,1.13
2014.04.28 06:09:59.014,1.71716,1.71728,1.00,1.32
2014.04.28 06:10:03.653,1.71716,1.71727,1.00,1.32
2014.04.28 06:10:04.159,1.71716,1.71727,1.00,1.32
2014.04.28 06:10:05.179,1.71716,1.71727,1.00,1.32
2014.04.28 06:10:05.688,1.71716,1.71727,1.00,1.32
2014.04.28 06:10:06.398,1.71716,1.71726,1.00,1.08
2014.04.28 06:10:06.980,1.71716,1.71728,1.00,1.32
2014.04.28 06:10:08.134,1.71716,1.71727,1.00,1.02
2014.04.28 06:10:08.553,1.71716,1.71727,1.00,1.02
2014.04.28 06:10:09.073,1.71716,1.71728,1.00,1.09
2014.04.28 06:10:09.885,1.71716,1.71724,1.00,1.00
2014.04.28 06:10:09.986,1.71714,1.71726,1.00,1.02
2014.04.28 06:10:13.037,1.71714,1.71729,1.20,1.69
2014.04.28 06:10:13.151,1.71714,1.71729,2.40,1.69
2014.04.28 06:10:13.685,1.71714,1.71729,2.40,1.32
2014.04.28 06:10:15.181,1.71717,1.71732,1.28,1.29
2014.04.28 06:10:15.231,1.71717,1.71732,1.28,1.02
2014.04.28 06:10:15.333,1.71718,1.71733,1.73,1.32
2014.04.28 06:10:16.007,1.71718,1.71734,1.58,1.64
2014.04.28 06:10:17.106,1.71718,1.71734,1.58,1.64
2014.04.28 06:10:20.304,1.71718,1.71735,1.85,2.14
2014.04.28 06:10:20.406,1.71721,1.71736,1.33,1.58
2014.04.28 06:10:20.558,1.71722,1.71738,1.32,1.38
2014.04.28 06:10:20.660,1.71725,1.71739,1.08,1.00
2014.04.28 06:10:20.761,1.71725,1.71739,1.32,1.00
2014.04.28 06:10:21.216,1.71731,1.71743,1.00,1.88
2014.04.28 06:10:21.470,1.71731,1.71743,1.00,1.00
2014.04.28 06:10:22.013,1.71731,1.71746,1.58,1.39
2014.04.28 06:10:23.934,1.71731,1.71745,1.20,2.07
2014.04.28 06:10:24.502,1.71731,1.71743,1.00,1.25
2014.04.28 06:10:25.014,1.71731,1.71743,1.00,1.39
2014.04.28 06:10:26.931,1.71729,1.71743,1.10,1.39
2014.04.28 06:10:27.906,1.71729,1.71742,1.00,1.08
2014.04.28 06:10:28.008,1.71729,1.71742,1.00,1.13
2014.04.28 06:10:28.514,1.71727,1.71742,1.32,1.13
2014.04.28 06:10:30.937,1.71727,1.71743,1.38,1.32
2014.04.28 06:10:31.038,1.71728,1.71743,1.08,1.33
2014.04.28 06:10:34.543,1.71727,1.71744,2.07,1.02
2014.04.28 06:10:34.594,1.71729,1.71745,1.20,1.02
2014.04.28 06:10:34.645,1.7173,1.71746,1.09,3.19
2014.04.28 06:10:36.103,1.71731,1.71746,1.25,1.13
2014.04.28 06:10:36.205,1.71731,1.71744,1.00,1.13
2014.04.28 06:10:36.408,1.71729,1.71741,1.00,1.13
2014.04.28 06:10:39.130,1.71729,1.71742,1.19,1.13
2014.04.28 06:10:39.676,1.71729,1.71743,1.69,1.13
2014.04.28 06:10:40.179,1.71729,1.71744,3.19,1.13
2014.04.28 06:10:40.255,1.71729,1.71744,3.19,1.13
2014.04.28 06:10:41.641,1.71729,1.71744,3.27,1.13
2014.04.28 06:10:42.080,1.71729,1.71743,1.39,1.08
2014.04.28 06:10:45.795,1.71729,1.71743,1.00,1.02
2014.04.28 06:10:46.099,1.71727,1.71735,1.00,1.13
2014.04.28 06:10:46.200,1.71721,1.71735,1.02,1.08
2014.04.28 06:10:47.887,1.71721,1.71736,1.10,1.32
2014.04.28 06:10:49.960,1.71719,1.71735,2.07,1.08
2014.04.28 06:10:52.774,1.71721,1.71736,1.19,1.13
2014.04.28 06:10:53.710,1.71721,1.71736,1.57,1.08
2014.04.28 06:10:54.215,1.71722,1.71738,1.02,1.13
2014.04.28 06:10:55.986,1.71723,1.71741,1.32,1.32
2014.04.28 06:10:56.289,1.71725,1.71744,1.94,2.82
2014.04.28 06:10:56.340,1.71728,1.71743,1.33,1.08
2014.04.28 06:10:56.441,1.7173,1.71744,1.08,1.77
2014.04.28 06:10:57.880,1.71729,1.71745,1.13,2.14
2014.04.28 06:10:57.981,1.71731,1.71748,1.02,1.50
2014.04.28 06:10:58.083,1.71738,1.7175,1.13,1.19
2014.04.28 06:10:58.336,1.71739,1.71751,1.13,1.25
2014.04.28 06:10:58.852,1.7174,1.71751,1.60,1.00
2014.04.28 06:10:58.903,1.7174,1.71755,1.60,1.55
2014.04.28 06:10:59.055,1.7174,1.71755,2.07,1.20
2014.04.28 06:10:59.409,1.71747,1.71757,1.02,1.50
2014.04.28 06:10:59.460,1.71747,1.71759,1.02,1.13
2014.04.28 06:10:59.511,1.71748,1.71759,1.69,1.13
2014.04.28 06:10:59.714,1.71749,1.7176,1.48,1.38
2014.04.28 06:10:59.815,1.71748,1.71761,1.02,1.00
2014.04.28 06:11:00.220,1.71751,1.71764,1.02,1.00
2014.04.28 06:11:00.270,1.71751,1.71764,1.32,1.00
2014.04.28 06:11:00.574,1.71753,1.71762,2.00,1.00
2014.04.28 06:11:00.676,1.71754,1.7177,1.50,1.77
2014.04.28 06:11:00.726,1.71758,1.71771,1.00,1.77
2014.04.28 06:11:01.029,1.71758,1.71772,1.38,1.32
2014.04.28 06:11:01.181,1.71755,1.71771,1.88,2.04
2014.04.28 06:11:01.467,1.71754,1.71771,1.38,2.04
2014.04.28 06:11:02.043,1.71754,1.71771,1.38,2.04
2014.04.28 06:11:02.145,1.71755,1.71771,1.38,2.14
2014.04.28 06:11:02.348,1.71753,1.71768,1.57,1.75
2014.04.28 06:11:03.110,1.71753,1.71771,1.63,1.94
2014.04.28 06:11:03.651,1.71753,1.71772,1.39,4.32
2014.04.28 06:11:03.864,1.71755,1.71772,1.75,1.57
2014.04.28 06:11:03.965,1.71757,1.71772,1.88,1.19
2014.04.28 06:11:04.016,1.71757,1.71772,1.38,1.94
2014.04.28 06:11:04.168,1.71757,1.71772,1.88,1.94
2014.04.28 06:11:04.422,1.71758,1.71773,1.00,2.82
2014.04.28 06:11:04.776,1.71761,1.71773,1.00,2.82
2014.04.28 06:11:05.926,1.71761,1.71773,1.00,2.82
2014.04.28 06:11:06.078,1.71761,1.71776,1.38,2.44
2014.04.28 06:11:06.283,1.71761,1.71775,1.45,2.82
2014.04.28 06:11:06.587,1.71761,1.71777,1.38,3.57
2014.04.28 06:11:06.991,1.71761,1.71774,1.83,1.75
2014.04.28 06:11:07.484,1.71761,1.71775,1.38,2.82
2014.04.28 06:11:08.043,1.71761,1.71776,1.38,2.82
2014.04.28 06:11:08.670,1.71761,1.71777,1.38,5.07
2014.04.28 06:11:09.222,1.71761,1.71777,1.38,1.94
2014.04.28 06:11:10.270,1.71761,1.71777,1.38,2.44
2014.04.28 06:11:12.005,1.71761,1.71776,1.00,1.32
2014.04.28 06:11:12.525,1.71761,1.71773,1.00,1.13
2014.04.28 06:11:13.167,1.71761,1.71774,1.45,1.08
2014.04.28 06:11:13.643,1.71761,1.71775,1.20,2.07
2014.04.28 06:11:13.693,1.71761,1.71773,1.20,1.13
2014.04.28 06:11:17.446,1.71761,1.71775,1.00,1.77
2014.04.28 06:11:17.497,1.71761,1.71776,1.00,2.07
2014.04.28 06:11:17.550,1.71761,1.71778,1.75,1.77
2014.04.28 06:11:17.862,1.71763,1.71781,1.69,1.32
2014.04.28 06:11:18.840,1.71763,1.71779,1.37,1.13
2014.04.28 06:11:19.143,1.71765,1.7178,1.45,1.32
2014.04.28 06:11:19.650,1.71765,1.7178,1.45,1.32
2014.04.28 06:11:20.655,1.71765,1.7178,1.64,1.13
2014.04.28 06:11:20.706,1.71766,1.71782,1.47,1.39
2014.04.28 06:11:20.910,1.71767,1.71784,1.09,1.13
2014.04.28 06:11:21.112,1.71766,1.71783,2.59,1.13
2014.04.28 06:11:21.617,1.71765,1.71783,2.14,1.13
2014.04.28 06:11:22.122,1.71767,1.71784,1.39,1.94
2014.04.28 06:11:22.640,1.71767,1.71783,1.39,1.69
2014.04.28 06:11:24.267,1.71767,1.71783,1.20,1.69
2014.04.28 06:11:24.807,1.71767,1.71783,1.48,2.07
2014.04.28 06:11:24.993,1.71765,1.71783,2.89,2.07
2014.04.28 06:11:25.315,1.71765,1.71783,2.52,3.94
2014.04.28 06:11:25.468,1.71765,1.71783,2.52,2.07
2014.04.28 06:11:26.112,1.71765,1.7178,2.52,1.13
2014.04.28 06:11:26.268,1.71765,1.7178,2.33,1.32
2014.04.28 06:11:26.678,1.71765,1.7178,1.47,1.13
2014.04.28 06:11:26.730,1.71765,1.71781,1.39,1.13
2014.04.28 06:11:26.932,1.71768,1.71781,1.00,1.08
2014.04.28 06:11:27.185,1.71768,1.71781,1.00,1.02
2014.04.28 06:11:28.473,1.71768,1.71781,1.00,1.77
2014.04.28 06:11:28.777,1.71768,1.71776,1.00,1.48
2014.04.28 06:11:29.091,1.7176,1.71776,2.03,2.07
2014.04.28 06:11:29.192,1.71766,1.71776,1.00,1.77
2014.04.28 06:11:29.768,1.71762,1.71776,1.00,1.02
2014.04.28 06:11:30.044,1.71762,1.71776,1.00,2.07
2014.04.28 06:11:30.195,1.71759,1.71776,1.45,2.82
2014.04.28 06:11:30.816,1.71759,1.71776,1.45,2.82
2014.04.28 06:11:31.242,1.71759,1.71776,1.45,2.82
2014.04.28 06:11:32.205,1.71759,1.71775,1.45,2.32
2014.04.28 06:11:32.842,1.71759,1.71775,1.20,2.32
2014.04.28 06:11:34.393,1.71759,1.71773,1.45,1.60
2014.04.28 06:11:34.935,1.71759,1.71773,1.00,1.60
2014.04.28 06:11:35.137,1.71757,1.71771,1.00,1.33
2014.04.28 06:11:35.188,1.71757,1.71771,1.20,1.02
2014.04.28 06:11:35.758,1.71757,1.71774,1.58,2.07
2014.04.28 06:11:38.102,1.71757,1.71772,1.38,1.94
2014.04.28 06:11:39.595,1.71757,1.71772,1.48,1.69
2014.04.28 06:11:39.781,1.71757,1.71772,1.48,1.69
2014.04.28 06:11:39.933,1.71757,1.71772,1.48,1.69
2014.04.28 06:11:40.452,1.71755,1.71772,1.32,1.39
2014.04.28 06:11:41.518,1.71755,1.71773,1.32,1.32
2014.04.28 06:11:43.455,1.71754,1.71773,2.22,2.07
2014.04.28 06:11:44.066,1.71754,1.71773,2.22,2.07
2014.04.28 06:11:44.117,1.71754,1.71771,1.84,1.32
2014.04.28 06:11:46.724,1.71754,1.7177,1.18,1.02
2014.04.28 06:11:47.181,1.71752,1.71764,1.38,1.02
2014.04.28 06:11:47.232,1.71752,1.71764,1.00,1.64
2014.04.28 06:11:47.485,1.71752,1.71764,1.00,1.32
2014.04.28 06:11:47.738,1.71752,1.71765,1.10,1.32
2014.04.28 06:11:48.210,1.71752,1.71758,1.10,1.38
2014.04.28 06:11:49.204,1.7175,1.7176,1.32,1.00
2014.04.28 06:11:49.316,1.71748,1.71761,1.94,1.00
2014.04.28 06:11:49.418,1.71747,1.71761,1.94,1.38
2014.04.28 06:11:49.469,1.71747,1.71761,1.94,1.38
2014.04.28 06:11:49.763,1.71746,1.71763,2.14,2.63
2014.04.28 06:11:52.468,1.71746,1.7176,1.39,1.13
2014.04.28 06:11:52.519,1.71746,1.71762,1.77,1.20
2014.04.28 06:11:54.344,1.71747,1.71762,1.32,1.13
2014.04.28 06:11:55.694,1.71748,1.71762,1.13,1.13
2014.04.28 06:11:55.796,1.71746,1.71761,1.58,2.15
2014.04.28 06:11:56.101,1.71746,1.71758,1.00,2.89
2014.04.28 06:11:56.258,1.71742,1.71757,1.13,2.89
2014.04.28 06:11:56.666,1.7174,1.71757,1.88,4.06
2014.04.28 06:11:57.322,1.71742,1.71757,1.13,4.98
2014.04.28 06:11:57.827,1.71742,1.71755,1.08,3.13
2014.04.28 06:11:57.980,1.71738,1.71753,1.50,3.57
2014.04.28 06:11:59.613,1.71739,1.71752,1.38,1.39
2014.04.28 06:11:59.764,1.71744,1.71752,1.00,1.39
2014.04.28 06:12:00.291,1.71744,1.71753,1.00,1.64
2014.04.28 06:12:00.895,1.71744,1.71753,1.38,1.45
2014.04.28 06:12:01.403,1.71744,1.71753,1.00,1.45
2014.04.28 06:12:01.860,1.71744,1.71752,1.00,1.60
2014.04.28 06:12:02.540,1.71744,1.71754,1.00,1.32
2014.04.28 06:12:02.996,1.71744,1.71754,1.38,1.13
2014.04.28 06:12:03.097,1.71744,1.71754,1.13,1.13
2014.04.28 06:12:03.451,1.71744,1.71754,1.00,1.32
2014.04.28 06:12:06.552,1.71742,1.71754,1.00,2.07
2014.04.28 06:12:08.103,1.71742,1.71751,1.00,1.02
2014.04.28 06:12:08.305,1.71742,1.7175,1.00,1.69
2014.04.28 06:12:08.458,1.7174,1.71749,1.00,1.32
2014.04.28 06:12:13.345,1.71733,1.71747,1.50,1.60
2014.04.28 06:12:13.396,1.71738,1.71747,1.00,1.32
2014.04.28 06:12:13.497,1.71738,1.71748,1.00,1.58
2014.04.28 06:12:14.011,1.71743,1.71748,1.00,1.58
2014.04.28 06:12:14.408,1.71738,1.71748,1.00,1.58
2014.04.28 06:12:15.095,1.71738,1.71749,1.00,1.33
2014.04.28 06:12:17.638,1.71738,1.71749,1.00,1.09
2014.04.28 06:12:18.396,1.71738,1.71749,1.00,1.09
2014.04.28 06:12:19.496,1.71738,1.71748,1.00,1.09
2014.04.28 06:12:20.046,1.71738,1.71748,1.00,1.70
2014.04.28 06:12:31.549,1.71738,1.71746,1.00,1.13
2014.04.28 06:12:32.531,1.71738,1.71744,1.00,1.60
2014.04.28 06:12:32.581,1.71736,1.71744,1.00,1.60
2014.04.28 06:12:36.474,1.71736,1.71743,1.00,1.02
2014.04.28 06:12:40.709,1.71736,1.71741,1.00,1.08
2014.04.28 06:12:40.810,1.71734,1.71741,1.00,1.08
2014.04.28 06:12:41.418,1.71734,1.71741,1.00,1.70
2014.04.28 06:12:41.519,1.71734,1.71741,1.00,1.70
2014.04.28 06:12:42.789,1.71731,1.71741,1.00,1.45
2014.04.28 06:12:43.477,1.71731,1.7174,1.00,1.02
2014.04.28 06:12:43.781,1.71721,1.7173,1.00,1.08
2014.04.28 06:12:44.085,1.71717,1.7173,1.00,1.32
2014.04.28 06:12:45.230,1.71721,1.71729,1.00,1.13
2014.04.28 06:12:45.382,1.71721,1.71729,1.00,1.08
2014.04.28 06:12:49.575,1.71721,1.7173,1.00,1.02
2014.04.28 06:12:50.796,1.71721,1.7173,1.00,1.02
2014.04.28 06:12:54.657,1.71719,1.7173,1.00,1.02
2014.04.28 06:12:55.151,1.71719,1.71729,1.00,1.02
2014.04.28 06:12:55.252,1.71717,1.71727,1.00,1.02
2014.04.28 06:13:04.172,1.71717,1.71727,1.00,1.60
2014.04.28 06:13:06.749,1.71717,1.71728,1.00,1.00
2014.04.28 06:13:07.254,1.71717,1.71731,1.20,1.39
2014.04.28 06:13:09.187,1.71717,1.71732,1.00,1.98
2014.04.28 06:13:13.643,1.71717,1.71732,1.00,1.98
2014.04.28 06:13:23.910,1.71717,1.71729,1.00,1.10
2014.04.28 06:13:27.328,1.71717,1.7173,1.00,1.09
2014.04.28 06:13:27.632,1.71715,1.71729,1.00,1.83
2014.04.28 06:13:29.296,1.71715,1.71729,1.00,2.52
2014.04.28 06:13:37.666,1.71713,1.71729,1.69,2.03
2014.04.28 06:13:38.337,1.71713,1.71729,1.39,2.70
2014.04.28 06:13:40.652,1.71718,1.71729,1.00,1.83
2014.04.28 06:13:40.979,1.7172,1.7173,1.00,1.90
2014.04.28 06:13:43.638,1.7172,1.71731,1.00,2.14
2014.04.28 06:13:43.850,1.71722,1.71731,1.00,1.39
2014.04.28 06:13:45.042,1.71722,1.71731,1.00,1.39
2014.04.28 06:13:45.903,1.71722,1.71731,1.00,1.39
2014.04.28 06:13:47.567,1.71722,1.71731,1.00,1.39
2014.04.28 06:13:48.501,1.71722,1.71731,1.00,1.39
2014.04.28 06:13:52.910,1.71722,1.71731,1.00,1.39
2014.04.28 06:13:53.066,1.71725,1.71733,1.00,1.32
2014.04.28 06:13:53.116,1.71726,1.71733,1.00,1.13
2014.04.28 06:13:53.167,1.71726,1.71735,1.00,1.20
2014.04.28 06:13:53.218,1.71726,1.71736,1.39,1.13
2014.04.28 06:13:53.471,1.71734,1.71739,1.00,1.00
2014.04.28 06:13:53.573,1.71734,1.71741,1.00,1.10
2014.04.28 06:13:54.058,1.71736,1.71742,1.00,1.02
2014.04.28 06:13:54.109,1.71736,1.71742,1.00,1.02
2014.04.28 06:13:54.614,1.71737,1.71744,1.00,1.20
2014.04.28 06:13:54.715,1.71737,1.71746,1.50,1.02
2014.04.28 06:13:55.257,1.7174,1.71746,1.00,1.02
2014.04.28 06:13:55.637,1.7174,1.71747,1.00,1.70
2014.04.28 06:13:56.153,1.71737,1.71744,1.00,1.02
2014.04.28 06:13:56.698,1.71737,1.71744,1.00,1.02
2014.04.28 06:13:56.900,1.71737,1.71744,1.00,1.02
2014.04.28 06:14:04.004,1.71735,1.71742,1.00,1.10
2014.04.28 06:14:10.378,1.71735,1.71744,1.00,1.90
2014.04.28 06:14:14.412,1.71734,1.7174,1.00,1.02
2014.04.28 06:14:14.937,1.71733,1.7174,1.00,1.02
2014.04.28 06:14:15.306,1.71731,1.7174,1.00,1.02
2014.04.28 06:14:15.812,1.71732,1.7174,1.00,1.09
2014.04.28 06:14:16.419,1.7173,1.7174,1.00,1.09
2014.04.28 06:14:18.267,1.7173,1.7174,1.00,1.09
2014.04.28 06:14:19.187,1.7173,1.7174,1.00,1.09
2014.04.28 06:14:19.705,1.7173,1.71738,1.00,1.20
2014.04.28 06:14:20.541,1.71729,1.71734,1.00,1.08
2014.04.28 06:14:20.701,1.71725,1.71735,1.00,1.20
2014.04.28 06:14:20.802,1.71727,1.71733,1.00,1.45
2014.04.28 06:14:20.955,1.71727,1.71736,1.00,1.70
2014.04.28 06:14:21.528,1.71727,1.71736,1.00,1.09
2014.04.28 06:14:22.438,1.71727,1.71736,1.00,1.09
2014.04.28 06:14:22.539,1.71729,1.71737,1.00,1.20
2014.04.28 06:14:23.068,1.71729,1.71737,1.00,1.20
2014.04.28 06:14:24.614,1.71729,1.71739,1.00,1.20
2014.04.28 06:14:24.716,1.71731,1.7174,1.00,1.39
2014.04.28 06:14:25.025,1.7173,1.71738,1.00,1.20
2014.04.28 06:14:29.655,1.7173,1.71737,1.00,1.09
2014.04.28 06:14:30.068,1.71729,1.71738,1.00,1.32
2014.04.28 06:14:30.628,1.71727,1.71735,1.00,1.20
2014.04.28 06:14:40.243,1.71729,1.71738,1.00,1.13
2014.04.28 06:14:40.701,1.71729,1.71739,1.00,2.08
2014.04.28 06:14:40.954,1.71731,1.7174,1.00,1.95
2014.04.28 06:14:41.460,1.71731,1.71738,1.00,1.08
2014.04.28 06:14:44.782,1.7173,1.71742,1.00,2.22
2014.04.28 06:14:44.833,1.71734,1.71742,1.00,1.32
2014.04.28 06:14:45.035,1.71733,1.71742,1.00,1.19
2014.04.28 06:14:47.735,1.71732,1.71742,1.00,1.64
2014.04.28 06:14:48.708,1.71734,1.71742,1.00,1.70
2014.04.28 06:14:49.309,1.71735,1.71746,1.00,2.82
2014.04.28 06:14:49.922,1.71735,1.71745,1.00,1.09
2014.04.28 06:14:50.730,1.71736,1.71745,1.00,1.09
2014.04.28 06:14:51.290,1.71737,1.71746,1.00,1.77
2014.04.28 06:14:51.594,1.71737,1.71746,1.00,1.29
2014.04.28 06:14:51.897,1.71736,1.71746,1.00,1.74
2014.04.28 06:14:52.934,1.71739,1.71749,1.00,1.94
2014.04.28 06:14:53.237,1.7174,1.7175,1.00,1.09
2014.04.28 06:14:54.559,1.7174,1.7175,1.00,1.09
2014.04.28 06:14:55.071,1.7174,1.7175,1.00,1.09
2014.04.28 06:14:55.223,1.71739,1.7175,1.00,1.09
2014.04.28 06:14:55.325,1.7174,1.7175,1.00,1.84
2014.04.28 06:14:55.839,1.71739,1.71749,1.00,1.09
2014.04.28 06:14:56.388,1.7174,1.71746,1.00,1.25
2014.04.28 06:14:56.902,1.71739,1.71749,1.00,1.09
2014.04.28 06:14:58.776,1.7174,1.71749,1.00,1.09
2014.04.28 06:14:59.987,1.7174,1.71749,1.00,1.09
2014.04.28 06:15:00.601,1.71738,1.71747,1.00,1.80
2014.04.28 06:15:00.910,1.71737,1.71745,1.00,2.18
2014.04.28 06:15:01.424,1.71736,1.71743,1.00,2.10
2014.04.28 06:15:01.679,1.71736,1.71743,1.00,1.77
2014.04.28 06:15:01.881,1.71738,1.71743,1.00,1.70
2014.04.28 06:15:01.983,1.71738,1.71746,1.00,1.09
2014.04.28 06:15:03.150,1.71739,1.71748,1.00,1.09
2014.04.28 06:15:03.832,1.7174,1.71748,1.00,1.09
2014.04.28 06:15:05.185,1.71739,1.71749,1.00,1.20
2014.04.28 06:15:05.387,1.7174,1.71749,1.00,1.20
2014.04.28 06:15:05.489,1.7174,1.71749,1.00,1.20
2014.04.28 06:15:09.887,1.7174,1.71751,1.00,2.78
2014.04.28 06:15:10.174,1.71742,1.7175,1.00,1.45
2014.04.28 06:15:11.144,1.71742,1.71751,1.00,2.40
2014.04.28 06:15:11.367,1.71742,1.71751,1.00,2.40
2014.04.28 06:15:11.898,1.71742,1.71753,1.00,1.13
2014.04.28 06:15:11.999,1.71746,1.71754,1.00,1.38
2014.04.28 06:15:12.050,1.71746,1.71754,1.00,1.00
2014.04.28 06:15:12.202,1.71747,1.71756,1.00,1.13
2014.04.28 06:15:12.745,1.71748,1.71756,1.00,1.13
2014.04.28 06:15:14.776,1.7175,1.71756,1.00,1.10
2014.04.28 06:15:14.931,1.71751,1.7176,1.00,1.65
2014.04.28 06:15:14.981,1.71753,1.7176,1.00,1.18
2014.04.28 06:15:15.286,1.71753,1.71759,1.00,1.45
2014.04.28 06:15:19.170,1.71753,1.71761,1.00,1.95
2014.04.28 06:15:34.428,1.71753,1.71762,1.00,1.33
2014.04.28 06:15:41.530,1.71755,1.71762,1.00,1.28
2014.04.28 06:15:42.329,1.71755,1.71762,1.00,1.95
2014.04.28 06:15:42.481,1.71752,1.71761,1.00,1.13
2014.04.28 06:15:42.857,1.7175,1.7176,1.50,1.08
2014.04.28 06:15:42.908,1.7175,1.71761,1.50,1.13
2014.04.28 06:15:44.263,1.7175,1.7176,1.50,1.13
2014.04.28 06:15:45.258,1.71751,1.71761,1.00,1.13
2014.04.28 06:15:45.761,1.71751,1.71761,1.00,1.13
2014.04.28 06:15:48.074,1.71751,1.71762,1.00,1.85
2014.04.28 06:15:48.728,1.71751,1.71762,1.00,1.85
2014.04.28 06:15:53.302,1.71751,1.71762,1.00,1.85
2014.04.28 06:15:57.377,1.71751,1.71762,1.00,1.13
2014.04.28 06:15:59.082,1.71751,1.71762,1.00,1.13
2014.04.28 06:16:11.221,1.71751,1.71762,1.00,1.13
2014.04.28 06:16:11.481,1.71749,1.71761,1.00,1.88
2014.04.28 06:16:15.421,1.71751,1.71761,1.00,1.13
2014.04.28 06:16:21.998,1.7175,1.71761,1.00,1.13
2014.04.28 06:16:22.049,1.71748,1.71758,1.00,1.13
2014.04.28 06:16:23.241,1.71746,1.71758,1.00,1.13
2014.04.28 06:16:23.291,1.71746,1.71758,1.00,2.07
2014.04.28 06:16:23.746,1.71744,1.71755,1.50,1.13
2014.04.28 06:16:26.973,1.71739,1.71753,1.00,2.33
2014.04.28 06:16:27.074,1.71739,1.71751,1.00,1.85
2014.04.28 06:16:27.227,1.71736,1.71747,1.00,1.13
2014.04.28 06:16:27.732,1.71735,1.71746,1.25,1.13
2014.04.28 06:16:27.968,1.71735,1.71746,1.00,1.13
2014.04.28 06:16:28.120,1.71732,1.71743,1.19,1.13
2014.04.28 06:16:28.688,1.71732,1.71742,1.25,1.13
2014.04.28 06:16:29.728,1.71732,1.71743,1.00,1.13
2014.04.28 06:16:30.722,1.71731,1.71743,1.00,1.13
2014.04.28 06:16:31.331,1.7173,1.71743,1.25,1.13
2014.04.28 06:16:36.004,1.7173,1.71741,1.00,1.13
2014.04.28 06:16:41.142,1.71729,1.71741,1.25,1.13
2014.04.28 06:16:42.430,1.71727,1.7174,1.69,1.08
2014.04.28 06:16:45.091,1.71727,1.7174,1.25,1.08
2014.04.28 06:16:45.141,1.71727,1.71739,1.25,1.13
2014.04.28 06:16:45.244,1.71727,1.71741,1.39,1.38
2014.04.28 06:16:45.345,1.71732,1.71744,1.00,3.19
2014.04.28 06:16:45.854,1.71732,1.71739,1.00,1.08
2014.04.28 06:16:47.336,1.71732,1.71741,1.00,1.13
2014.04.28 06:16:47.847,1.71732,1.71741,1.00,1.08
2014.04.28 06:16:48.428,1.71732,1.71743,1.00,1.45
2014.04.28 06:16:51.036,1.71732,1.71741,1.00,1.45
2014.04.28 06:16:51.289,1.7173,1.71741,1.00,1.58
2014.04.28 06:16:51.543,1.7173,1.71743,1.50,1.13
2014.04.28 06:16:52.614,1.7173,1.71744,1.10,2.03
2014.04.28 06:16:52.886,1.7173,1.71745,1.20,1.69
2014.04.28 06:16:56.178,1.7173,1.71745,1.88,1.19
2014.04.28 06:16:56.745,1.71734,1.71745,1.00,1.19
2014.04.28 06:16:57.298,1.71734,1.71745,1.00,1.25
2014.04.28 06:17:01.926,1.71734,1.71748,1.00,1.95
2014.04.28 06:17:09.752,1.71734,1.71748,1.38,1.84
2014.04.28 06:17:10.301,1.71736,1.71749,1.00,2.05
2014.04.28 06:17:10.505,1.71741,1.71751,1.00,1.09
2014.04.28 06:17:14.125,1.71741,1.71751,1.00,1.78
2014.04.28 06:17:14.632,1.71735,1.71749,1.20,1.09
2014.04.28 06:17:15.166,1.71741,1.71749,1.00,1.09
2014.04.28 06:17:15.445,1.71739,1.71749,1.00,1.09
2014.04.28 06:17:15.697,1.71733,1.71749,1.75,1.09
2014.04.28 06:17:15.799,1.71739,1.71747,1.00,1.53
2014.04.28 06:17:15.900,1.71737,1.71747,1.00,1.53
2014.04.28 06:17:18.886,1.71735,1.71747,1.00,1.09
2014.04.28 06:17:21.071,1.71735,1.71745,1.00,1.18
2014.04.28 06:17:23.251,1.71735,1.71747,1.00,2.22
2014.04.28 06:17:24.696,1.71735,1.71747,1.00,1.09
2014.04.28 06:17:25.000,1.71735,1.71742,1.00,1.13
2014.04.28 06:17:25.152,1.71733,1.71742,1.00,1.13
2014.04.28 06:17:26.434,1.71733,1.71741,1.00,1.20
2014.04.28 06:17:28.790,1.71731,1.71741,1.00,1.28
2014.04.28 06:17:29.409,1.71731,1.71741,1.00,1.95
2014.04.28 06:17:30.768,1.71729,1.71739,1.00,1.70
2014.04.28 06:17:32.374,1.71729,1.71739,1.00,2.14
2014.04.28 06:17:38.315,1.71727,1.71737,1.00,1.08
2014.04.28 06:17:39.457,1.71727,1.71737,1.00,1.48
2014.04.28 06:17:39.558,1.71724,1.71737,1.00,1.13
2014.04.28 06:17:39.926,1.71724,1.71737,1.00,4.39
2014.04.28 06:17:40.330,1.71722,1.71732,1.00,1.20
2014.04.28 06:17:40.893,1.71722,1.71728,1.00,1.45
2014.04.28 06:17:42.737,1.71719,1.71727,1.00,1.45
2014.04.28 06:17:44.181,1.71719,1.71731,1.00,1.32
2014.04.28 06:17:44.989,1.71719,1.71731,1.00,1.32
2014.04.28 06:17:45.293,1.71719,1.7173,1.00,2.00
2014.04.28 06:17:45.400,1.71717,1.7173,1.00,2.00
2014.04.28 06:17:52.322,1.71715,1.71728,1.13,1.39
2014.04.28 06:17:52.862,1.71713,1.71728,1.38,1.39
2014.04.28 06:17:53.345,1.71713,1.71728,1.48,1.70
2014.04.28 06:17:54.185,1.71711,1.71728,2.07,1.70
2014.04.28 06:17:56.103,1.71712,1.71728,1.02,1.45
2014.04.28 06:17:56.920,1.71711,1.71728,1.77,1.45
2014.04.28 06:17:57.964,1.71711,1.71728,1.67,1.20
2014.04.28 06:18:01.800,1.71711,1.71728,1.67,1.20
2014.04.28 06:18:01.902,1.71711,1.71728,1.77,1.45
2014.04.28 06:18:02.571,1.71711,1.71728,1.77,1.45
2014.04.28 06:18:02.673,1.71714,1.71729,1.02,2.33
2014.04.28 06:18:02.825,1.71715,1.7173,1.58,1.20
2014.04.28 06:18:02.876,1.71721,1.71732,1.00,2.89
2014.04.28 06:18:03.291,1.71725,1.71732,1.00,2.14
2014.04.28 06:18:03.797,1.71725,1.71732,1.00,1.47
2014.04.28 06:18:04.686,1.71725,1.71732,1.00,1.47
2014.04.28 06:18:05.633,1.71725,1.71732,1.00,1.77
2014.04.28 06:18:09.231,1.71722,1.71732,1.00,2.14
2014.04.28 06:18:10.573,1.71719,1.71732,1.38,2.14
2014.04.28 06:18:15.461,1.71719,1.71731,1.38,1.18
2014.04.28 06:18:19.155,1.71719,1.71731,1.38,1.09
2014.04.28 06:18:20.149,1.71719,1.71731,1.38,1.18
2014.04.28 06:18:21.384,1.71719,1.71732,1.38,1.95
2014.04.28 06:18:21.495,1.71719,1.71732,1.48,1.20
2014.04.28 06:18:22.936,1.71719,1.71732,1.38,1.95
2014.04.28 06:18:26.198,1.71719,1.71732,1.38,2.14
2014.04.28 06:18:26.986,1.7172,1.71731,1.13,1.39
2014.04.28 06:18:28.721,1.7172,1.71731,1.13,1.09
2014.04.28 06:18:29.025,1.7172,1.71731,1.38,1.39
2014.04.28 06:18:29.278,1.7172,1.71734,1.48,1.09
2014.04.28 06:18:29.531,1.7172,1.71734,1.38,1.39
2014.04.28 06:18:30.129,1.7172,1.71733,1.38,1.20
2014.04.28 06:18:32.636,1.7172,1.71733,1.38,1.20
2014.04.28 06:18:35.986,1.7172,1.71733,1.38,1.20
2014.04.28 06:18:38.258,1.7172,1.71733,1.38,1.20
2014.04.28 06:18:38.410,1.7172,1.71735,1.48,1.18
2014.04.28 06:18:38.676,1.7172,1.71736,1.48,1.63
2014.04.28 06:18:38.727,1.71723,1.71738,1.67,2.40
2014.04.28 06:18:39.132,1.71726,1.71742,1.02,1.65
2014.04.28 06:18:39.233,1.71726,1.71743,1.02,1.39
2014.04.28 06:18:39.532,1.71726,1.71743,1.02,1.39
2014.04.28 06:18:41.178,1.71726,1.71742,1.02,1.65
2014.04.28 06:18:44.017,1.71726,1.71742,1.02,1.65
2014.04.28 06:18:44.220,1.71726,1.71742,1.02,1.65
2014.04.28 06:18:44.523,1.71726,1.71741,1.02,1.55
2014.04.28 06:18:44.574,1.71725,1.7174,1.48,1.45
2014.04.28 06:18:45.080,1.71725,1.71739,1.38,1.13
2014.04.28 06:18:45.383,1.71725,1.7174,2.14,1.18
2014.04.28 06:18:45.637,1.71726,1.71743,1.32,1.18
2014.04.28 06:18:45.943,1.71726,1.71744,1.32,1.95
2014.04.28 06:18:46.247,1.71726,1.71741,1.32,1.45
2014.04.28 06:18:46.576,1.71726,1.71741,1.02,1.65
2014.04.28 06:18:47.156,1.71726,1.7174,1.02,1.55
2014.04.28 06:18:47.697,1.71724,1.7174,1.02,1.65
2014.04.28 06:18:48.170,1.71726,1.71741,1.02,3.15
2014.04.28 06:18:48.271,1.71726,1.71741,1.02,1.65
2014.04.28 06:18:48.943,1.71726,1.71742,1.02,1.20
2014.04.28 06:18:48.994,1.71726,1.71742,1.02,1.20
2014.04.28 06:18:50.976,1.71724,1.71741,1.02,1.95
2014.04.28 06:18:51.432,1.71723,1.71741,2.52,1.95
2014.04.28 06:18:51.981,1.71723,1.71738,1.67,1.95
2014.04.28 06:18:53.181,1.71722,1.71737,2.14,1.20
2014.04.28 06:18:54.509,1.71722,1.71738,1.64,1.45
2014.04.28 06:18:54.767,1.71724,1.71739,1.02,1.18
2014.04.28 06:18:55.301,1.71724,1.71739,1.02,1.18
2014.04.28 06:18:55.990,1.71723,1.71739,1.57,1.20
2014.04.28 06:18:56.496,1.71723,1.71738,1.57,1.45
2014.04.28 06:19:03.095,1.71727,1.7174,1.38,1.45
2014.04.28 06:19:03.500,1.71727,1.71743,1.57,1.95
2014.04.28 06:19:04.014,1.71727,1.71741,1.63,1.95
2014.04.28 06:19:04.658,1.71727,1.71741,1.63,1.95
2014.04.28 06:19:05.305,1.71727,1.71741,1.38,1.95
2014.04.28 06:19:05.457,1.71725,1.7174,1.77,1.18
2014.04.28 06:19:05.659,1.71725,1.7174,1.77,1.18
2014.04.28 06:19:06.165,1.71726,1.71741,1.02,1.55
2014.04.28 06:19:07.558,1.71726,1.71743,1.02,1.39
2014.04.28 06:19:07.967,1.71726,1.71742,1.33,1.28
2014.04.28 06:19:10.325,1.71725,1.71741,2.07,1.93
2014.04.28 06:19:10.426,1.71725,1.7174,1.32,1.58
2014.04.28 06:19:12.843,1.71725,1.7174,1.69,1.58
2014.04.28 06:19:19.162,1.71725,1.7174,1.77,1.30
2014.04.28 06:19:22.960,1.71725,1.71741,1.47,2.03
2014.04.28 06:19:24.430,1.71725,1.7174,1.39,1.45
2014.04.28 06:19:25.190,1.71725,1.7174,1.39,1.45
2014.04.28 06:19:26.537,1.71725,1.7174,1.67,1.45
2014.04.28 06:19:26.994,1.71726,1.71741,1.02,1.55
2014.04.28 06:19:27.528,1.71729,1.71743,1.00,1.58
2014.04.28 06:19:30.210,1.71729,1.7174,1.00,1.08
2014.04.28 06:19:30.736,1.71729,1.7174,1.13,1.45
2014.04.28 06:19:30.787,1.71729,1.71743,1.13,1.20
2014.04.28 06:19:30.837,1.71729,1.71743,1.38,1.20
2014.04.28 06:19:31.343,1.71729,1.71744,1.39,1.58
2014.04.28 06:19:31.847,1.71729,1.71744,1.67,1.58
2014.04.28 06:19:32.105,1.71731,1.71744,2.44,1.20
2014.04.28 06:19:32.308,1.71734,1.71748,1.77,1.20
2014.04.28 06:19:32.675,1.71738,1.71753,1.69,1.20
2014.04.28 06:19:36.245,1.71738,1.7175,1.63,1.18
2014.04.28 06:19:36.785,1.71735,1.71751,1.67,1.20
2014.04.28 06:19:37.290,1.71735,1.71748,1.57,1.18
2014.04.28 06:19:39.156,1.71735,1.7175,1.67,1.20
2014.04.28 06:19:39.434,1.71735,1.71751,1.67,1.20
2014.04.28 06:19:39.998,1.71735,1.71752,1.84,1.20
2014.04.28 06:19:42.247,1.71735,1.71752,2.89,1.45
2014.04.28 06:19:42.760,1.71737,1.71752,1.02,1.18
2014.04.28 06:19:43.128,1.71735,1.71751,2.22,1.38
2014.04.28 06:19:43.432,1.71735,1.71748,1.57,1.18
2014.04.28 06:19:43.938,1.71735,1.71749,1.57,1.20
2014.04.28 06:19:44.473,1.71735,1.71749,1.57,1.20
2014.04.28 06:19:44.781,1.71739,1.71752,1.00,2.03
2014.04.28 06:19:45.186,1.71739,1.71753,1.13,2.33
2014.04.28 06:19:48.305,1.71739,1.7175,1.00,1.45
2014.04.28 06:19:49.095,1.71739,1.7175,1.00,1.18
2014.04.28 06:19:50.208,1.71738,1.7175,1.32,1.18
2014.04.28 06:19:50.617,1.7174,1.7175,1.13,1.08
2014.04.28 06:19:50.920,1.7174,1.71753,1.50,1.65
2014.04.28 06:19:51.577,1.71739,1.71751,1.39,1.00
2014.04.28 06:19:51.883,1.71736,1.71751,1.74,1.10
2014.04.28 06:19:51.984,1.71734,1.71751,1.77,1.88
2014.04.28 06:19:52.085,1.71734,1.71749,1.13,1.13
2014.04.28 06:19:53.159,1.71732,1.71749,1.77,1.13
2014.04.28 06:19:56.153,1.71732,1.71748,1.77,1.18
2014.04.28 06:19:56.692,1.71732,1.71748,1.77,1.18
2014.04.28 06:19:58.471,1.71732,1.71749,1.77,1.78
2014.04.28 06:20:01.902,1.71734,1.7175,1.08,1.74
2014.04.28 06:20:03.960,1.71737,1.7175,1.00,1.08
2014.04.28 06:20:04.399,1.71737,1.71753,1.88,2.22
2014.04.28 06:20:05.423,1.7174,1.71753,1.00,1.78
2014.04.28 06:20:08.128,1.7174,1.71753,1.00,1.28
2014.04.28 06:20:12.159,1.7174,1.71753,1.00,1.47
2014.04.28 06:20:12.362,1.7174,1.71751,1.00,1.47
2014.04.28 06:20:12.726,1.7174,1.7175,1.00,1.09
2014.04.28 06:20:17.823,1.7174,1.7175,1.00,1.08
2014.04.28 06:20:22.267,1.7174,1.7175,1.00,1.20
2014.04.28 06:20:22.769,1.7174,1.71752,1.00,2.15
2014.04.28 06:20:23.301,1.7174,1.71752,1.00,1.47
2014.04.28 06:20:23.667,1.71737,1.7175,1.10,1.02
2014.04.28 06:20:24.898,1.71737,1.7175,1.00,1.53
2014.04.28 06:20:25.357,1.71741,1.71751,1.00,2.05
2014.04.28 06:20:29.756,1.71738,1.71749,1.00,1.18
2014.04.28 06:20:30.264,1.71739,1.7175,1.00,1.65
2014.04.28 06:20:30.785,1.71738,1.71751,1.00,1.39
2014.04.28 06:20:32.526,1.71742,1.71751,1.00,1.39
2014.04.28 06:20:33.402,1.7174,1.71752,1.00,1.78
2014.04.28 06:20:33.920,1.7174,1.71753,1.00,1.09
2014.04.28 06:20:34.570,1.7174,1.71753,1.00,1.09
2014.04.28 06:20:37.175,1.7174,1.71753,1.00,1.09
2014.04.28 06:20:37.685,1.7174,1.71751,1.00,1.02
2014.04.28 06:20:37.837,1.7174,1.71751,1.00,1.02
2014.04.28 06:20:38.040,1.7174,1.71754,1.50,1.02
2014.04.28 06:20:38.561,1.71743,1.71755,1.00,1.09
2014.04.28 06:20:39.349,1.71744,1.71756,1.00,1.84
2014.04.28 06:20:39.945,1.71745,1.71756,1.00,1.09
2014.04.28 06:20:40.248,1.71746,1.71761,1.58,2.22
2014.04.28 06:20:40.299,1.71746,1.71761,1.77,2.03
2014.04.28 06:20:40.501,1.71752,1.71766,1.13,1.00
2014.04.28 06:20:40.998,1.71752,1.71766,1.13,1.45
2014.04.28 06:20:42.124,1.71752,1.71761,1.13,1.00
2014.04.28 06:20:42.306,1.71752,1.71766,1.13,1.45
2014.04.28 06:20:42.872,1.71753,1.71766,1.02,1.45
2014.04.28 06:20:44.772,1.71751,1.71766,1.02,1.55
2014.04.28 06:20:47.031,1.71753,1.71768,1.13,1.45
2014.04.28 06:20:47.083,1.71753,1.71769,1.13,2.97
2014.04.28 06:20:47.134,1.71755,1.71769,1.13,2.89
2014.04.28 06:20:47.387,1.71755,1.71772,2.63,1.09
2014.04.28 06:20:47.489,1.71759,1.71774,1.13,1.02
2014.04.28 06:20:48.333,1.71759,1.71774,1.58,1.09
2014.04.28 06:20:49.079,1.71759,1.71774,1.58,1.09
2014.04.28 06:20:49.130,1.71759,1.71775,1.58,1.39
2014.04.28 06:20:49.232,1.71761,1.71776,1.02,1.55
2014.04.28 06:20:49.334,1.7176,1.71774,1.67,1.18
2014.04.28 06:20:49.537,1.71763,1.71777,2.07,1.18
2014.04.28 06:20:49.589,1.71768,1.71777,1.00,1.18
2014.04.28 06:20:50.909,1.71765,1.71779,1.63,1.20
2014.04.28 06:20:51.599,1.71765,1.71779,1.39,2.03
2014.04.28 06:20:51.650,1.71762,1.71779,1.85,2.97
2014.04.28 06:20:51.701,1.71762,1.71777,1.10,1.32
2014.04.28 06:20:51.802,1.71758,1.71774,1.02,1.18
2014.04.28 06:20:52.116,1.71757,1.71774,1.70,1.47
2014.04.28 06:20:52.633,1.71757,1.71774,1.47,1.77
2014.04.28 06:20:53.611,1.71756,1.71772,1.83,1.09
2014.04.28 06:20:54.120,1.71757,1.71772,1.58,1.09
2014.04.28 06:20:57.251,1.71756,1.71773,1.02,1.39
2014.04.28 06:21:02.403,1.71754,1.71771,2.52,1.20
2014.04.28 06:21:02.709,1.71754,1.71769,1.57,1.20
2014.04.28 06:21:03.113,1.71754,1.71769,1.67,1.18
2014.04.28 06:21:03.228,1.71754,1.71769,1.67,1.18
2014.04.28 06:21:03.733,1.71754,1.7177,1.67,1.20
2014.04.28 06:21:04.295,1.71757,1.71773,1.33,2.03
2014.04.28 06:21:06.266,1.71755,1.71772,1.32,2.05
2014.04.28 06:21:07.440,1.71753,1.7177,1.13,1.72
2014.04.28 06:21:08.009,1.71754,1.71768,1.13,1.70
2014.04.28 06:21:08.561,1.71754,1.7177,1.13,1.84
2014.04.28 06:21:09.187,1.71758,1.71773,1.08,1.09
2014.04.28 06:21:11.245,1.71757,1.71772,1.13,1.02
2014.04.28 06:21:14.411,1.71756,1.71772,1.88,1.09
2014.04.28 06:21:14.938,1.71757,1.71773,1.02,1.20
2014.04.28 06:21:17.182,1.7176,1.71773,1.32,1.95
2014.04.28 06:21:19.718,1.71762,1.71774,1.00,1.55
2014.04.28 06:21:20.938,1.71762,1.71776,1.00,1.95
2014.04.28 06:21:27.953,1.7176,1.71772,1.08,1.00
2014.04.28 06:21:28.480,1.71759,1.71772,1.39,1.00
2014.04.28 06:21:32.163,1.71759,1.71771,1.48,1.00
2014.04.28 06:21:37.338,1.71757,1.71771,1.09,1.10
2014.04.28 06:21:38.814,1.71758,1.71772,1.02,1.58
2014.04.28 06:21:40.945,1.71757,1.71773,1.09,2.25
2014.04.28 06:21:42.268,1.71757,1.71773,1.09,2.25
2014.04.28 06:21:45.152,1.71759,1.71773,1.02,1.95
2014.04.28 06:21:48.084,1.71759,1.71773,1.02,1.95
2014.04.28 06:21:48.494,1.71758,1.71773,1.02,2.40
2014.04.28 06:21:48.797,1.71756,1.71765,1.38,1.58
2014.04.28 06:21:49.000,1.71749,1.71762,3.34,1.00
2014.04.28 06:21:49.606,1.71749,1.71764,2.22,1.20
2014.04.28 06:21:50.074,1.71749,1.71764,2.03,1.77
2014.04.28 06:21:50.379,1.71742,1.71753,1.00,1.08
2014.04.28 06:21:50.941,1.71739,1.71754,1.37,1.48
2014.04.28 06:21:52.147,1.71739,1.71754,1.47,1.20
2014.04.28 06:21:52.668,1.71739,1.71754,1.47,1.20
2014.04.28 06:21:53.866,1.71739,1.71754,1.72,1.20
2014.04.28 06:21:58.692,1.71741,1.71756,1.20,1.88
2014.04.28 06:22:02.540,1.71741,1.71756,1.72,1.08
2014.04.28 06:22:02.793,1.71746,1.71761,1.77,1.20
2014.04.28 06:22:02.845,1.71746,1.71761,2.04,1.13
2014.04.28 06:22:03.201,1.71746,1.71763,1.09,1.88
2014.04.28 06:22:03.764,1.71745,1.71761,1.95,1.39
2014.04.28 06:22:03.967,1.71745,1.7176,1.00,1.83
2014.04.28 06:22:05.044,1.71745,1.7176,1.32,1.55
2014.04.28 06:22:05.589,1.71745,1.71761,1.84,1.95
2014.04.28 06:22:06.117,1.71745,1.71757,1.70,1.08
2014.04.28 06:22:06.791,1.71743,1.7176,1.84,1.13
2014.04.28 06:22:09.890,1.71743,1.71759,1.39,1.55
2014.04.28 06:22:11.909,1.71743,1.71759,1.77,1.13
2014.04.28 06:22:12.441,1.71743,1.71755,1.25,1.18
2014.04.28 06:22:16.821,1.71743,1.71755,1.19,1.18
2014.04.28 06:22:18.450,1.71743,1.71755,1.32,1.18
2014.04.28 06:22:19.814,1.71743,1.71755,1.57,1.18
2014.04.28 06:22:20.331,1.71743,1.71755,1.57,1.18
2014.04.28 06:22:24.715,1.71743,1.71755,1.63,1.18
2014.04.28 06:22:26.103,1.71744,1.71756,1.32,1.20
2014.04.28 06:22:27.441,1.71744,1.71755,1.13,1.45
2014.04.28 06:22:28.541,1.71744,1.71755,1.38,1.45
2014.04.28 06:22:28.693,1.71744,1.71757,1.63,1.20
2014.04.28 06:22:29.199,1.71744,1.71758,1.57,1.20
2014.04.28 06:22:29.828,1.71744,1.71758,1.57,1.20
2014.04.28 06:22:30.335,1.71741,1.71755,2.82,1.18
2014.04.28 06:22:31.345,1.71742,1.71752,1.19,1.08
2014.04.28 06:22:31.396,1.71739,1.71752,3.57,1.45
2014.04.28 06:22:31.598,1.71739,1.71753,1.57,1.20
2014.04.28 06:22:31.700,1.71739,1.71752,1.57,1.20
2014.04.28 06:22:31.903,1.71739,1.71752,1.57,1.45
2014.04.28 06:22:32.781,1.71739,1.71752,1.57,1.45
2014.04.28 06:22:34.340,1.71741,1.71754,2.00,1.20
2014.04.28 06:22:34.442,1.71744,1.71757,1.38,1.20
2014.04.28 06:22:34.998,1.71744,1.71759,1.58,1.13
2014.04.28 06:22:37.265,1.71743,1.71757,1.02,1.18
2014.04.28 06:22:38.680,1.71742,1.71758,2.14,1.20
2014.04.28 06:22:40.846,1.71742,1.71759,2.14,1.20
2014.04.28 06:22:48.109,1.71743,1.71761,1.32,1.95
2014.04.28 06:22:51.251,1.71743,1.71761,1.32,1.95
2014.04.28 06:22:57.796,1.71744,1.71761,1.02,2.33
2014.04.28 06:22:58.856,1.71744,1.71761,1.64,2.33
2014.04.28 06:23:03.976,1.71744,1.7176,1.27,1.58
2014.04.28 06:23:07.188,1.71744,1.71759,1.27,1.53
2014.04.28 06:23:08.694,1.71744,1.71759,1.33,1.53
2014.04.28 06:23:08.846,1.71742,1.71757,1.32,1.58
2014.04.28 06:23:08.898,1.71742,1.71757,1.32,1.58
2014.04.28 06:23:09.151,1.71742,1.71756,1.25,1.28
2014.04.28 06:23:10.720,1.71742,1.71756,1.25,1.28
2014.04.28 06:23:12.334,1.71742,1.71754,1.00,1.58
2014.04.28 06:23:12.638,1.71742,1.71754,1.00,1.58
2014.04.28 06:23:12.943,1.7174,1.71754,1.19,1.58
2014.04.28 06:23:14.089,1.71742,1.71754,1.00,1.58
2014.04.28 06:23:15.663,1.71742,1.71754,1.13,1.20
2014.04.28 06:23:15.764,1.71742,1.71754,1.13,1.20
2014.04.28 06:23:17.859,1.71739,1.71754,2.14,1.20
2014.04.28 06:23:17.960,1.71739,1.71754,2.14,1.20
2014.04.28 06:23:30.749,1.71739,1.71751,1.38,1.55
2014.04.28 06:23:30.901,1.71737,1.71751,1.39,1.55
2014.04.28 06:23:31.688,1.71737,1.71751,1.39,1.55
2014.04.28 06:23:32.289,1.71737,1.71751,1.67,1.55
2014.04.28 06:23:35.099,1.71737,1.71752,2.14,1.65
2014.04.28 06:23:36.748,1.71737,1.71752,2.14,1.65
2014.04.28 06:23:40.890,1.71737,1.71752,2.14,1.65
2014.04.28 06:23:42.065,1.71738,1.71752,1.32,1.65
2014.04.28 06:23:44.281,1.71737,1.71752,1.67,1.65
2014.04.28 06:23:51.150,1.71737,1.71752,1.95,1.09
2014.04.28 06:23:52.170,1.71737,1.71752,1.95,1.09
2014.04.28 06:23:53.049,1.71737,1.71753,2.14,1.95
2014.04.28 06:23:53.617,1.71738,1.71753,1.02,1.55
2014.04.28 06:23:58.108,1.71738,1.71753,1.57,1.20
2014.04.28 06:23:58.720,1.71738,1.71753,1.63,1.20
2014.04.28 06:23:59.266,1.71737,1.71753,3.64,1.20
2014.04.28 06:23:59.849,1.71737,1.7175,2.07,1.18
2014.04.28 06:24:01.881,1.71737,1.7175,2.07,1.18
2014.04.28 06:24:01.932,1.71737,1.71751,2.07,1.95
2014.04.28 06:24:02.033,1.71737,1.71747,1.00,1.53
2014.04.28 06:24:02.084,1.71737,1.71747,1.00,1.72
2014.04.28 06:24:02.236,1.71732,1.71747,1.38,2.04
2014.04.28 06:24:02.338,1.71732,1.71746,1.00,1.32
2014.04.28 06:24:02.389,1.71732,1.71745,1.00,1.09
2014.04.28 06:24:02.491,1.71732,1.71747,1.38,2.04
2014.04.28 06:24:02.693,1.71732,1.71745,1.38,1.09
2014.04.28 06:24:03.204,1.71732,1.71745,1.00,1.72
2014.04.28 06:24:03.507,1.71734,1.7175,1.02,2.40
2014.04.28 06:24:03.660,1.71738,1.71753,1.20,2.70
2014.04.28 06:24:03.812,1.71738,1.71751,1.00,1.20
2014.04.28 06:24:03.913,1.71738,1.71748,1.00,1.09
2014.04.28 06:24:04.320,1.71736,1.7175,1.00,1.09
2014.04.28 06:24:04.826,1.71736,1.71752,1.39,1.20
2014.04.28 06:24:04.877,1.71736,1.71752,1.39,1.20
2014.04.28 06:24:05.472,1.71736,1.71752,1.77,1.20
2014.04.28 06:24:05.792,1.71736,1.71752,1.77,1.20
2014.04.28 06:24:06.323,1.71737,1.71754,1.02,1.20
2014.04.28 06:24:06.556,1.71737,1.71754,1.02,1.20
2014.04.28 06:24:07.091,1.71737,1.71754,1.02,1.20
2014.04.28 06:24:07.685,1.71737,1.71754,1.02,1.20
2014.04.28 06:24:07.989,1.71737,1.71754,1.02,1.20
2014.04.28 06:24:08.090,1.71738,1.71754,1.67,1.20
2014.04.28 06:24:08.879,1.71738,1.71754,1.67,1.20
2014.04.28 06:24:08.981,1.71736,1.71752,2.33,1.72
2014.04.28 06:24:09.184,1.71736,1.71751,2.33,1.09
2014.04.28 06:24:10.157,1.71736,1.71751,1.58,1.09
2014.04.28 06:24:10.310,1.71738,1.71754,1.08,1.47
2014.04.28 06:24:10.412,1.71738,1.71755,1.02,2.70
2014.04.28 06:24:11.272,1.71737,1.71754,1.13,1.72
2014.04.28 06:24:11.323,1.71737,1.71751,1.05,1.45
2014.04.28 06:24:11.425,1.71736,1.71749,1.50,1.20
2014.04.28 06:24:11.555,1.71736,1.71749,1.38,1.20
2014.04.28 06:24:11.656,1.71736,1.71748,1.38,1.20
2014.04.28 06:24:11.909,1.71736,1.7175,1.00,1.53
2014.04.28 06:24:12.112,1.7174,1.71751,1.00,1.58
2014.04.28 06:24:12.417,1.7174,1.71747,1.00,1.45
2014.04.28 06:24:12.520,1.7174,1.71752,1.00,1.45
2014.04.28 06:24:12.571,1.7174,1.71752,1.00,1.83
2014.04.28 06:24:12.774,1.71735,1.71747,1.50,1.20
2014.04.28 06:24:12.876,1.71735,1.71748,1.50,1.20
2014.04.28 06:24:12.927,1.71736,1.71751,1.08,1.65
2014.04.28 06:24:13.028,1.71736,1.71751,1.13,1.45
2014.04.28 06:24:13.332,1.71737,1.71749,1.00,1.20
2014.04.28 06:24:13.686,1.71737,1.71752,1.38,1.58
2014.04.28 06:24:13.889,1.71737,1.71751,1.10,1.84
2014.04.28 06:24:14.091,1.71737,1.71752,1.29,1.58
2014.04.28 06:24:15.049,1.71738,1.71755,1.02,2.70
2014.04.28 06:24:15.302,1.71741,1.71755,1.00,2.70
2014.04.28 06:24:15.657,1.71741,1.71755,1.57,2.70
2014.04.28 06:24:15.960,1.71742,1.71757,1.70,2.40
2014.04.28 06:24:16.417,1.71742,1.71756,1.27,1.95
2014.04.28 06:24:16.518,1.71741,1.71757,2.14,2.33
2014.04.28 06:24:17.165,1.71741,1.71757,2.14,1.20
2014.04.28 06:24:17.792,1.71741,1.71757,2.14,1.58
2014.04.28 06:24:18.628,1.71742,1.71757,1.27,1.20
2014.04.28 06:24:19.150,1.71742,1.71759,1.32,2.03
2014.04.28 06:24:19.252,1.71742,1.71759,1.32,2.03
2014.04.28 06:24:21.368,1.71742,1.71757,1.13,1.02
2014.04.28 06:24:23.439,1.71742,1.71756,1.13,1.45
2014.04.28 06:24:23.642,1.71742,1.71756,1.13,1.45
2014.04.28 06:24:23.794,1.71741,1.71754,1.00,1.09
2014.04.28 06:24:23.996,1.71741,1.71753,1.00,1.64
2014.04.28 06:24:24.538,1.7174,1.71751,1.00,1.74
2014.04.28 06:24:29.060,1.7174,1.71752,1.00,1.72
2014.04.28 06:24:29.364,1.7174,1.71752,1.00,1.02
2014.04.28 06:24:29.911,1.7174,1.71753,1.00,1.84
2014.04.28 06:24:30.043,1.7174,1.71753,1.00,1.84
2014.04.28 06:24:32.308,1.7174,1.71753,1.10,1.84
2014.04.28 06:24:33.052,1.7174,1.71753,1.20,1.39
2014.04.28 06:24:33.584,1.7174,1.71753,1.20,1.69
2014.04.28 06:24:34.151,1.71743,1.71753,1.00,1.39
2014.04.28 06:24:34.426,1.71743,1.71754,1.00,1.02
2014.04.28 06:24:38.825,1.71743,1.71753,1.00,1.39
2014.04.28 06:24:39.978,1.71743,1.71754,1.00,1.47
2014.04.28 06:24:40.282,1.71743,1.71756,1.95,1.95
2014.04.28 06:24:40.822,1.71743,1.71756,1.58,1.00
2014.04.28 06:24:42.423,1.71743,1.71756,1.00,2.03
2014.04.28 06:24:42.524,1.71741,1.71756,1.45,2.03
2014.04.28 06:24:42.727,1.7174,1.71756,2.59,2.70
2014.04.28 06:24:43.035,1.7174,1.71756,2.14,1.95
2014.04.28 06:24:44.078,1.71742,1.71756,1.00,2.14
2014.04.28 06:24:45.707,1.71742,1.71756,1.10,1.84
2014.04.28 06:24:45.859,1.71741,1.71751,1.45,1.00
2014.04.28 06:24:48.771,1.7174,1.71752,1.20,1.02
2014.04.28 06:24:49.080,1.7174,1.71751,1.00,1.45
2014.04.28 06:24:50.547,1.7174,1.71751,1.00,1.20
2014.04.28 06:24:52.768,1.7174,1.71753,1.00,1.53
2014.04.28 06:24:53.657,1.7174,1.71753,1.00,1.53
2014.04.28 06:25:00.629,1.7174,1.71751,1.13,1.20
2014.04.28 06:25:02.867,1.71735,1.71752,1.77,1.20
2014.04.28 06:25:04.731,1.7174,1.71755,1.08,2.22
2014.04.28 06:25:06.378,1.71737,1.71753,1.13,2.14
2014.04.28 06:25:06.429,1.71736,1.71753,1.13,2.22
2014.04.28 06:25:06.530,1.71735,1.7175,1.95,1.09
2014.04.28 06:25:06.581,1.71735,1.7175,1.95,1.09
2014.04.28 06:25:12.923,1.71735,1.71752,2.14,2.05
2014.04.28 06:25:13.327,1.71737,1.71752,1.08,1.09
2014.04.28 06:25:13.531,1.71737,1.71752,1.32,1.10
2014.04.28 06:25:13.878,1.71737,1.71754,1.77,1.02
2014.04.28 06:25:14.029,1.71737,1.71752,1.13,1.10
2014.04.28 06:25:14.232,1.71736,1.71752,1.45,1.72
2014.04.28 06:25:14.283,1.71736,1.71752,1.45,1.09
2014.04.28 06:25:14.334,1.71739,1.71755,1.55,1.08
2014.04.28 06:25:14.385,1.71741,1.71755,1.13,1.08
2014.04.28 06:25:14.436,1.71745,1.71757,1.00,1.10
2014.04.28 06:25:14.537,1.71747,1.7176,2.63,1.38
2014.04.28 06:25:14.588,1.71749,1.7176,1.13,1.00
2014.04.28 06:25:14.740,1.71751,1.71767,1.20,3.64
2014.04.28 06:25:14.942,1.71748,1.71767,1.39,1.95
2014.04.28 06:25:15.067,1.71748,1.71767,1.20,2.14
2014.04.28 06:25:15.169,1.7175,1.71767,1.20,2.14
2014.04.28 06:25:15.361,1.7175,1.71766,1.50,1.02
2014.04.28 06:25:15.671,1.71754,1.71768,1.55,1.32
2014.04.28 06:25:23.022,1.71755,1.71771,1.58,1.74
2014.04.28 06:25:25.592,1.71755,1.71768,1.48,1.23
2014.04.28 06:25:26.141,1.71755,1.71768,1.38,1.27
2014.04.28 06:25:26.789,1.71755,1.71768,1.13,1.72
2014.04.28 06:25:27.093,1.71752,1.71766,1.38,1.77
2014.04.28 06:25:27.942,1.71752,1.71766,1.38,2.52
2014.04.28 06:25:28.093,1.71752,1.71766,1.38,1.77
2014.04.28 06:25:28.246,1.71752,1.71766,1.38,1.02
2014.04.28 06:25:28.347,1.71756,1.71768,1.10,1.02
2014.04.28 06:25:37.807,1.71755,1.71769,1.20,1.39
2014.04.28 06:25:38.416,1.71754,1.71768,2.40,1.19
2014.04.28 06:25:39.786,1.71754,1.71768,2.40,1.19
2014.04.28 06:25:41.192,1.71754,1.71769,2.03,1.39
2014.04.28 06:25:41.294,1.71754,1.71766,1.00,1.27
2014.04.28 06:25:41.631,1.71754,1.71764,1.00,1.02
2014.04.28 06:25:42.488,1.71754,1.71764,1.00,1.02
2014.04.28 06:25:42.894,1.71752,1.71764,1.10,1.02
2014.04.28 06:25:43.494,1.71752,1.71764,1.10,1.02
2014.04.28 06:25:44.604,1.71752,1.71764,1.10,1.02
2014.04.28 06:25:47.113,1.71752,1.71764,1.10,1.02
2014.04.28 06:25:47.918,1.71752,1.71764,1.20,1.02
2014.04.28 06:25:48.588,1.71752,1.71764,1.10,1.02
2014.04.28 06:25:49.329,1.71752,1.71764,1.10,1.02
2014.04.28 06:25:50.467,1.71752,1.71764,1.10,1.02
2014.04.28 06:25:51.637,1.71752,1.71763,1.10,1.29
2014.04.28 06:25:52.161,1.71752,1.71763,1.00,2.52
2014.04.28 06:25:55.636,1.71752,1.71763,1.00,2.52
2014.04.28 06:25:57.851,1.71752,1.71763,1.00,2.52
2014.04.28 06:25:58.533,1.71752,1.71763,1.00,2.52
2014.04.28 06:26:01.573,1.71756,1.71763,1.00,1.77
2014.04.28 06:26:01.827,1.71754,1.71763,1.00,2.22
2014.04.28 06:26:02.333,1.71754,1.71763,1.00,1.84
2014.04.28 06:26:02.856,1.71752,1.71763,1.50,1.39
2014.04.28 06:26:07.663,1.71752,1.71763,1.50,1.58
2014.04.28 06:26:07.815,1.71752,1.71763,1.00,1.28
2014.04.28 06:26:08.350,1.71752,1.71763,1.20,1.20
2014.04.28 06:26:08.789,1.71752,1.71763,1.00,1.65
2014.04.28 06:26:10.055,1.71752,1.71763,1.13,1.58
2014.04.28 06:26:10.871,1.71752,1.71763,1.00,2.03
2014.04.28 06:26:18.185,1.71752,1.71763,1.10,1.77
2014.04.28 06:26:18.698,1.71752,1.71763,1.10,1.77
2014.04.28 06:26:21.688,1.71752,1.71763,1.10,1.58
2014.04.28 06:26:22.028,1.71752,1.71763,1.10,1.83
2014.04.28 06:26:22.662,1.71752,1.71762,1.00,1.02
2014.04.28 06:26:23.188,1.71752,1.71762,1.00,1.47
2014.04.28 06:26:24.947,1.71752,1.71763,1.00,1.45
2014.04.28 06:26:25.484,1.71752,1.71763,1.00,1.18
2014.04.28 06:26:25.886,1.71752,1.71764,1.00,1.39
2014.04.28 06:26:26.206,1.71756,1.71762,1.00,1.09
2014.04.28 06:26:27.427,1.71756,1.71763,1.00,1.74
2014.04.28 06:26:28.544,1.71756,1.71763,1.00,1.74
2014.04.28 06:26:28.646,1.71748,1.71763,1.75,1.02
2014.04.28 06:26:31.395,1.71748,1.71763,1.75,1.02
2014.04.28 06:26:31.637,1.71748,1.71764,2.03,1.43
2014.04.28 06:26:31.739,1.71748,1.71764,2.03,1.47
2014.04.28 06:26:32.310,1.71749,1.71764,1.08,1.39
2014.04.28 06:26:32.361,1.71754,1.71764,1.00,1.39
2014.04.28 06:26:32.897,1.71754,1.71764,1.00,1.10
2014.04.28 06:26:33.937,1.71754,1.71764,1.00,1.85
2014.04.28 06:26:34.038,1.71754,1.71764,1.00,1.85
2014.04.28 06:26:35.027,1.71754,1.71763,1.00,1.13
2014.04.28 06:26:35.538,1.71754,1.71763,1.00,1.13
2014.04.28 06:26:36.019,1.71748,1.71763,1.02,3.00
2014.04.28 06:26:37.055,1.71754,1.71761,1.00,1.20
2014.04.28 06:26:42.823,1.7175,1.71761,1.00,1.20
2014.04.28 06:26:43.624,1.7175,1.71764,1.19,1.20
2014.04.28 06:26:43.676,1.71754,1.71766,1.13,1.20
2014.04.28 06:26:43.727,1.71754,1.71769,1.58,1.13
2014.04.28 06:26:43.829,1.71754,1.7177,2.52,1.20
2014.04.28 06:26:44.346,1.71755,1.7177,1.39,1.20
2014.04.28 06:26:44.397,1.71756,1.71772,1.58,1.77
2014.04.28 06:26:44.599,1.71757,1.71772,1.63,1.58
2014.04.28 06:26:44.924,1.71758,1.71774,2.03,1.02
2014.04.28 06:26:44.975,1.71758,1.71775,2.33,1.39
2014.04.28 06:26:45.296,1.71758,1.71774,2.33,1.02
2014.04.28 06:26:46.384,1.71759,1.71776,2.05,1.02
2014.04.28 06:26:46.937,1.71761,1.71776,1.55,1.33
2014.04.28 06:26:47.241,1.71759,1.71776,1.39,1.02
2014.04.28 06:26:47.758,1.7176,1.71776,1.53,1.02
2014.04.28 06:26:47.977,1.7176,1.71776,1.53,1.02
2014.04.28 06:26:48.211,1.71759,1.71775,1.28,1.32
2014.04.28 06:26:48.748,1.71761,1.71776,1.70,1.13
2014.04.28 06:26:48.855,1.71761,1.71776,1.70,1.13
2014.04.28 06:26:49.185,1.71762,1.71779,1.02,1.20
2014.04.28 06:26:49.287,1.71766,1.7178,1.10,1.50
2014.04.28 06:26:49.338,1.71766,1.7178,1.20,1.50
2014.04.28 06:26:49.389,1.71767,1.71783,2.03,1.20
2014.04.28 06:26:49.440,1.71775,1.71784,1.48,1.48
2014.04.28 06:26:49.491,1.71775,1.71784,1.48,1.13
2014.04.28 06:26:49.593,1.71776,1.71786,1.10,1.00
2014.04.28 06:26:49.644,1.71775,1.71791,1.35,1.58
2014.04.28 06:26:49.695,1.71775,1.71791,2.40,1.58
2014.04.28 06:26:49.947,1.71777,1.71792,2.22,2.10
2014.04.28 06:26:49.998,1.71777,1.71792,3.64,1.73
2014.04.28 06:26:50.335,1.71783,1.71798,1.02,1.20
2014.04.28 06:26:50.638,1.71782,1.71796,1.13,1.28
2014.04.28 06:26:51.160,1.71781,1.71799,2.08,2.14
2014.04.28 06:26:51.211,1.71782,1.71796,1.28,1.00
2014.04.28 06:26:51.565,1.71784,1.71799,1.13,1.77
2014.04.28 06:26:51.869,1.71784,1.71798,2.63,1.10
2014.04.28 06:26:52.325,1.71786,1.71799,3.00,1.39
2014.04.28 06:26:52.922,1.71786,1.718,1.75,1.29
2014.04.28 06:26:53.378,1.71786,1.71801,4.95,1.32
2014.04.28 06:26:53.530,1.71786,1.71801,1.95,1.63
2014.04.28 06:26:53.733,1.71787,1.71801,1.20,1.63
2014.04.28 06:26:54.245,1.71789,1.71803,3.38,1.63
2014.04.28 06:26:54.296,1.7179,1.71803,2.63,1.25
2014.04.28 06:26:54.398,1.71789,1.71804,1.88,1.29
2014.04.28 06:26:54.499,1.71791,1.71805,1.88,1.02
2014.04.28 06:26:54.753,1.71796,1.71809,1.13,1.48
2014.04.28 06:26:54.905,1.71802,1.71812,1.00,1.00
2014.04.28 06:26:55.006,1.71802,1.71815,1.58,1.30
2014.04.28 06:26:55.057,1.71802,1.71815,1.88,1.30
2014.04.28 06:26:55.361,1.71808,1.71819,1.00,1.02
2014.04.28 06:26:55.701,1.71805,1.71818,1.20,1.02
2014.04.28 06:26:55.904,1.71805,1.71819,1.20,1.02
2014.04.28 06:26:56.106,1.71805,1.7182,1.20,2.59
2014.04.28 06:26:56.258,1.71805,1.7182,1.75,1.77
2014.04.28 06:26:56.561,1.71809,1.71821,1.20,1.29
2014.04.28 06:26:57.017,1.71809,1.71823,1.13,1.84
2014.04.28 06:26:57.068,1.7181,1.71823,1.32,1.18
2014.04.28 06:26:57.119,1.71811,1.71825,1.00,1.39
2014.04.28 06:26:57.169,1.71811,1.71826,1.75,3.27
2014.04.28 06:26:57.271,1.71813,1.71826,1.00,1.74
2014.04.28 06:26:57.626,1.71811,1.71827,1.39,1.53
2014.04.28 06:26:58.132,1.71814,1.71829,1.50,1.77
2014.04.28 06:26:58.436,1.7182,1.71828,1.00,1.70
2014.04.28 06:26:58.537,1.7182,1.71829,1.00,1.02
2014.04.28 06:26:58.653,1.7182,1.71829,1.00,1.02
2014.04.28 06:26:58.754,1.71821,1.71827,1.00,1.10
2014.04.28 06:26:58.856,1.71819,1.7183,1.38,1.64
2014.04.28 06:26:58.907,1.71823,1.71831,1.00,1.77
2014.04.28 06:26:59.211,1.71823,1.71831,1.00,1.72
2014.04.28 06:26:59.262,1.71821,1.71831,1.00,1.72
2014.04.28 06:26:59.363,1.71817,1.71828,1.00,1.09
2014.04.28 06:26:59.516,1.71815,1.71828,1.00,2.08
2014.04.28 06:26:59.669,1.71818,1.71829,1.00,1.85
2014.04.28 06:26:59.771,1.71818,1.71829,1.00,1.45
2014.04.28 06:26:59.872,1.71818,1.7183,1.00,1.32
2014.04.28 06:27:00.378,1.71812,1.71828,1.69,1.20
2014.04.28 06:27:01.136,1.71812,1.71829,2.44,1.85
2014.04.28 06:27:01.288,1.71812,1.71829,2.44,3.45
2014.04.28 06:27:01.652,1.71812,1.71829,2.44,1.85
2014.04.28 06:27:02.787,1.71812,1.71828,1.50,1.77
2014.04.28 06:27:03.242,1.71812,1.71828,1.13,2.04
2014.04.28 06:27:03.933,1.7181,1.71826,1.63,1.13
2014.04.28 06:27:04.256,1.71815,1.71828,1.00,1.88
2014.04.28 06:27:04.611,1.71812,1.71828,1.50,2.07
2014.04.28 06:27:04.763,1.71812,1.71825,1.13,1.13
2014.04.28 06:27:05.067,1.71815,1.71828,1.00,1.88
2014.04.28 06:27:05.118,1.71815,1.71828,1.00,1.88
2014.04.28 06:27:05.219,1.71815,1.71828,1.00,1.88
2014.04.28 06:27:05.515,1.71811,1.71828,1.94,1.88
2014.04.28 06:27:06.014,1.71817,1.71828,1.00,1.88
2014.04.28 06:27:06.500,1.71819,1.71828,1.00,1.88
2014.04.28 06:27:06.652,1.7182,1.71828,1.00,1.50
2014.04.28 06:27:07.107,1.7182,1.71828,1.00,1.75
2014.04.28 06:27:07.209,1.71819,1.71828,1.00,1.75
2014.04.28 06:27:07.732,1.71819,1.71828,1.00,1.75
2014.04.28 06:27:08.607,1.71819,1.71828,1.00,1.75
2014.04.28 06:27:08.760,1.71819,1.71829,1.00,2.04
2014.04.28 06:27:09.014,1.71824,1.7183,1.00,1.88
2014.04.28 06:27:09.065,1.71824,1.71831,1.00,3.00
2014.04.28 06:27:09.166,1.71825,1.71836,1.00,1.13
2014.04.28 06:27:09.521,1.71825,1.71838,1.00,1.88
2014.04.28 06:27:11.705,1.71821,1.71832,1.00,2.25
2014.04.28 06:27:11.857,1.71824,1.71833,1.00,1.13
2014.04.28 06:27:11.908,1.71822,1.71833,1.13,3.00
2014.04.28 06:27:12.162,1.71821,1.7183,1.00,1.13
2014.04.28 06:27:12.213,1.71819,1.71827,1.00,2.33
2014.04.28 06:27:12.720,1.71817,1.71827,1.00,2.63
2014.04.28 06:27:13.228,1.71815,1.71826,1.00,2.63
2014.04.28 06:27:13.633,1.71817,1.71828,1.00,3.38
2014.04.28 06:27:13.735,1.71819,1.71831,1.00,2.63
2014.04.28 06:27:13.836,1.71821,1.71833,1.00,1.13
2014.04.28 06:27:13.988,1.71819,1.7183,1.13,2.63
2014.04.28 06:27:14.292,1.71821,1.71831,1.00,1.75
2014.04.28 06:27:17.557,1.7182,1.7183,1.00,1.13
2014.04.28 06:27:19.725,1.7182,1.71832,1.00,1.13
2014.04.28 06:27:19.935,1.71822,1.71833,1.00,1.13
2014.04.28 06:27:20.036,1.71822,1.71835,1.00,1.13
2014.04.28 06:27:20.390,1.71822,1.71835,1.32,1.13
2014.04.28 06:27:20.492,1.71822,1.71834,1.32,1.13
2014.04.28 06:27:20.695,1.71824,1.71835,1.00,1.08
2014.04.28 06:27:24.220,1.71824,1.71839,1.58,1.94
2014.04.28 06:27:24.422,1.71824,1.71839,1.95,1.57
2014.04.28 06:27:25.038,1.71824,1.71839,1.75,1.57
2014.04.28 06:27:25.547,1.71824,1.71839,1.75,2.07
2014.04.28 06:27:26.031,1.71824,1.71839,1.65,2.89
2014.04.28 06:27:26.087,1.71824,1.71839,1.58,3.27
2014.04.28 06:27:26.391,1.71824,1.71834,1.20,1.13
2014.04.28 06:27:27.372,1.71822,1.71834,1.45,1.13
2014.04.28 06:27:27.575,1.71822,1.71836,1.45,1.32
2014.04.28 06:27:28.369,1.71825,1.71839,1.45,1.75
2014.04.28 06:27:28.470,1.71825,1.71841,2.52,2.25
2014.04.28 06:27:28.572,1.71826,1.71841,1.27,1.10
2014.04.28 06:27:28.673,1.71831,1.71841,1.00,1.10
2014.04.28 06:27:28.977,1.71825,1.71841,1.84,2.25
2014.04.28 06:27:29.230,1.71826,1.71841,1.70,1.10
2014.04.28 06:27:29.552,1.71825,1.7184,1.47,1.13
2014.04.28 06:27:29.856,1.71827,1.71843,1.19,1.75
2014.04.28 06:27:30.371,1.71827,1.71845,1.39,3.27
2014.04.28 06:27:31.479,1.71827,1.71844,1.20,1.32
2014.04.28 06:27:31.720,1.71826,1.71843,1.09,2.00
2014.04.28 06:27:32.628,1.71826,1.71843,1.47,2.07
2014.04.28 06:27:32.830,1.71827,1.71845,1.88,3.34
2014.04.28 06:27:32.931,1.71827,1.71845,1.94,1.39
2014.04.28 06:27:33.346,1.71827,1.71846,1.94,4.09
2014.04.28 06:27:34.585,1.71827,1.71843,1.50,1.27
2014.04.28 06:27:34.636,1.71827,1.71843,1.20,1.32
2014.04.28 06:27:34.745,1.71827,1.71843,1.13,1.32
2014.04.28 06:27:35.152,1.71827,1.71842,1.39,1.08
2014.04.28 06:27:39.063,1.71827,1.71842,1.39,1.08
2014.04.28 06:27:40.187,1.71826,1.71841,1.27,1.10
2014.04.28 06:27:40.391,1.71826,1.71843,1.32,1.95
2014.04.28 06:27:43.626,1.71826,1.71842,1.13,1.23
2014.04.28 06:27:45.302,1.71826,1.71843,1.13,1.67
2014.04.28 06:27:45.606,1.71825,1.71843,2.04,1.20
2014.04.28 06:27:45.758,1.71828,1.71844,1.02,1.88
2014.04.28 06:27:46.062,1.71835,1.71849,1.13,1.13
2014.04.28 06:27:46.164,1.71833,1.71849,1.08,1.32
2014.04.28 06:27:46.265,1.71831,1.71847,1.67,1.13
2014.04.28 06:27:46.569,1.71829,1.71845,1.67,1.13
2014.04.28 06:27:47.108,1.71827,1.71845,1.32,1.32
2014.04.28 06:27:47.711,1.71829,1.71846,1.75,1.84
2014.04.28 06:27:48.021,1.71831,1.71846,1.13,1.84
2014.04.28 06:27:48.122,1.71835,1.71848,1.08,1.45
2014.04.28 06:27:48.701,1.71835,1.71848,1.08,1.00
2014.04.28 06:27:49.066,1.71834,1.71847,2.00,1.13
2014.04.28 06:27:49.593,1.71833,1.71849,1.57,2.25
2014.04.28 06:27:51.605,1.71832,1.71847,1.77,1.20
2014.04.28 06:27:52.548,1.71832,1.71848,1.02,1.75
2014.04.28 06:27:52.852,1.71833,1.7185,1.02,3.00
2014.04.28 06:27:53.640,1.71833,1.71848,1.02,1.13
2014.04.28 06:27:54.146,1.71833,1.71848,1.02,1.13
2014.04.28 06:27:55.822,1.71832,1.71848,2.22,1.13
2014.04.28 06:27:56.184,1.71832,1.71848,2.22,1.13
2014.04.28 06:27:58.095,1.71831,1.71848,1.09,1.13
2014.04.28 06:28:00.495,1.71831,1.7185,1.09,1.32
2014.04.28 06:28:00.596,1.71831,1.7185,1.09,1.32
2014.04.28 06:28:14.468,1.7183,1.71848,2.22,1.32
2014.04.28 06:28:15.828,1.7183,1.71847,2.03,1.27
2014.04.28 06:28:16.344,1.7183,1.71846,1.38,1.32
2014.04.28 06:28:17.326,1.7183,1.71847,1.63,1.32
2014.04.28 06:28:17.780,1.7183,1.71844,1.00,1.02
2014.04.28 06:28:18.084,1.71823,1.71838,1.20,1.27
2014.04.28 06:28:18.943,1.71822,1.71838,1.08,1.77
2014.04.28 06:28:20.443,1.71824,1.71838,1.00,1.02
2014.04.28 06:28:21.038,1.71822,1.71838,1.08,1.02
2014.04.28 06:28:24.074,1.71822,1.71836,1.08,1.19
2014.04.28 06:28:24.668,1.71821,1.71836,1.83,1.19
2014.04.28 06:28:25.361,1.71821,1.71837,1.83,1.29
2014.04.28 06:28:25.870,1.71823,1.71839,1.83,2.22
2014.04.28 06:28:26.757,1.71824,1.71839,1.00,2.07
2014.04.28 06:28:27.060,1.71828,1.71843,1.48,3.38
2014.04.28 06:28:27.162,1.71831,1.71846,1.18,2.97
2014.04.28 06:28:28.605,1.7183,1.71845,1.13,1.20
2014.04.28 06:28:28.807,1.7183,1.71844,1.13,1.38
2014.04.28 06:28:28.909,1.7183,1.71846,1.88,1.09
2014.04.28 06:28:29.448,1.71829,1.71847,1.47,1.39
2014.04.28 06:28:31.887,1.71831,1.71846,1.58,1.29
2014.04.28 06:28:32.409,1.71831,1.71846,1.58,1.02
2014.04.28 06:28:33.759,1.71831,1.71847,1.50,1.69
2014.04.28 06:28:34.335,1.71831,1.71847,1.48,2.00
2014.04.28 06:28:36.872,1.71831,1.71848,2.40,1.94
2014.04.28 06:28:36.974,1.71832,1.71848,1.32,1.18
2014.04.28 06:28:37.025,1.71833,1.71848,1.08,1.28
2014.04.28 06:28:37.181,1.71831,1.71848,1.58,2.04
2014.04.28 06:28:37.708,1.71831,1.71847,1.58,2.05
2014.04.28 06:28:39.368,1.71831,1.71846,1.58,1.09
2014.04.28 06:28:39.675,1.71831,1.71847,2.03,1.32
2014.04.28 06:28:40.182,1.71831,1.71846,1.58,1.09
2014.04.28 06:28:42.653,1.71831,1.71846,1.58,1.09
2014.04.28 06:28:43.400,1.71831,1.71848,1.88,2.22
2014.04.28 06:28:43.704,1.71831,1.71846,1.38,1.39
2014.04.28 06:28:44.359,1.71829,1.71844,1.02,1.55
2014.04.28 06:28:44.597,1.71829,1.71844,1.02,1.55
2014.04.28 06:28:44.648,1.71829,1.71844,1.02,1.55
2014.04.28 06:28:45.154,1.71828,1.71844,2.44,1.55
2014.04.28 06:28:45.542,1.71827,1.71843,1.85,1.39
2014.04.28 06:28:45.593,1.71826,1.71843,1.09,1.39
2014.04.28 06:28:45.897,1.71826,1.71838,1.25,1.20
2014.04.28 06:28:46.405,1.71823,1.71836,1.57,1.20
2014.04.28 06:28:46.912,1.71823,1.71837,1.57,1.20
2014.04.28 06:28:48.140,1.71823,1.71835,1.38,1.95
2014.04.28 06:28:49.840,1.71819,1.71837,2.07,1.85
2014.04.28 06:28:49.891,1.71819,1.71834,2.07,1.20
2014.04.28 06:28:50.406,1.71819,1.71833,1.38,1.20
2014.04.28 06:28:50.785,1.71819,1.71835,1.75,1.02
2014.04.28 06:28:51.534,1.71821,1.71837,1.13,1.09
2014.04.28 06:28:51.636,1.71821,1.71837,1.13,1.09
2014.04.28 06:28:51.687,1.71821,1.71838,1.13,1.77
2014.04.28 06:28:51.953,1.71823,1.71838,1.13,1.64
2014.04.28 06:28:52.458,1.71823,1.71838,1.13,1.64
2014.04.28 06:28:52.963,1.71822,1.71838,1.88,1.09
2014.04.28 06:28:53.268,1.71825,1.71839,1.00,2.22
2014.04.28 06:28:53.968,1.71822,1.71839,1.88,1.84
2014.04.28 06:28:54.346,1.71822,1.71839,1.88,2.22
2014.04.28 06:28:54.447,1.71822,1.71839,1.88,2.22
2014.04.28 06:28:55.203,1.71822,1.71838,1.77,1.58
2014.04.28 06:28:55.743,1.71822,1.71838,1.77,1.20
2014.04.28 06:28:56.248,1.71824,1.7184,1.02,1.85
2014.04.28 06:28:56.451,1.71825,1.71842,1.55,3.64
2014.04.28 06:28:56.962,1.71825,1.71841,1.28,1.02
2014.04.28 06:28:59.791,1.71825,1.7184,1.18,1.48
2014.04.28 06:29:02.935,1.71825,1.71842,1.47,1.83
2014.04.28 06:29:03.087,1.71825,1.71841,1.27,1.28
2014.04.28 06:29:03.603,1.71825,1.71841,1.27,1.28
2014.04.28 06:29:04.143,1.71825,1.71841,1.02,2.03
2014.04.28 06:29:04.664,1.71824,1.71841,1.77,1.28
2014.04.28 06:29:06.205,1.71824,1.71841,1.32,2.03
2014.04.28 06:29:07.852,1.71824,1.71838,1.08,1.02
2014.04.28 06:29:08.054,1.71817,1.71833,2.14,1.58
2014.04.28 06:29:08.157,1.71817,1.71832,1.77,1.28
2014.04.28 06:29:08.741,1.71816,1.71832,1.27,1.28
2014.04.28 06:29:09.212,1.71822,1.71832,1.00,1.53
2014.04.28 06:29:09.732,1.71823,1.71831,1.00,1.95
2014.04.28 06:29:10.735,1.71821,1.71829,1.00,1.53
2014.04.28 06:29:11.144,1.7182,1.7183,1.00,1.20
2014.04.28 06:29:11.246,1.7182,1.71829,1.00,1.53
2014.04.28 06:29:12.472,1.7182,1.71829,1.00,1.53
2014.04.28 06:29:12.745,1.71817,1.71826,1.00,1.28
2014.04.28 06:29:13.048,1.71813,1.71823,1.00,1.58
2014.04.28 06:29:13.099,1.71813,1.71823,1.00,1.58
2014.04.28 06:29:14.619,1.71813,1.71822,1.00,1.53
2014.04.28 06:29:14.670,1.71805,1.71822,2.07,1.28
2014.04.28 06:29:14.720,1.71805,1.71822,1.77,1.58
2014.04.28 06:29:15.225,1.71805,1.71821,1.77,1.58
2014.04.28 06:29:15.548,1.71805,1.71817,1.00,1.20
2014.04.28 06:29:16.094,1.71805,1.71817,1.00,1.20
2014.04.28 06:29:16.661,1.71803,1.71817,1.38,1.20
2014.04.28 06:29:17.322,1.71803,1.71817,1.38,1.20
2014.04.28 06:29:17.463,1.71803,1.71817,1.38,1.45
2014.04.28 06:29:17.514,1.71803,1.71818,1.20,1.53
2014.04.28 06:29:18.020,1.71803,1.71818,1.84,1.08
2014.04.28 06:29:18.122,1.71803,1.71818,1.10,1.47
2014.04.28 06:29:18.374,1.71801,1.71811,1.02,1.10
2014.04.28 06:29:18.476,1.71799,1.71813,1.23,1.20
2014.04.28 06:29:18.627,1.71796,1.71811,1.39,1.13
2014.04.28 06:29:18.678,1.71796,1.71811,1.32,1.58
2014.04.28 06:29:18.931,1.71794,1.7181,1.77,1.18
2014.04.28 06:29:19.033,1.71794,1.71811,1.02,1.58
2014.04.28 06:29:19.285,1.71794,1.71811,1.02,1.58
2014.04.28 06:29:19.844,1.71794,1.7181,1.27,1.28
2014.04.28 06:29:20.329,1.71794,1.71811,1.02,1.58
2014.04.28 06:29:20.851,1.718,1.71814,2.63,2.33
2014.04.28 06:29:20.904,1.71805,1.71814,1.32,1.50
2014.04.28 06:29:21.110,1.71803,1.71814,1.45,1.13
2014.04.28 06:29:21.212,1.71797,1.71814,1.32,1.84
2014.04.28 06:29:21.313,1.71797,1.7181,1.32,1.45
2014.04.28 06:29:21.819,1.71794,1.7181,3.27,1.20
2014.04.28 06:29:22.705,1.71795,1.7181,1.77,1.18
2014.04.28 06:29:23.231,1.71795,1.7181,1.77,1.18
2014.04.28 06:29:23.894,1.71795,1.7181,1.77,1.18
2014.04.28 06:29:24.429,1.71795,1.71812,1.77,1.20
2014.04.28 06:29:24.945,1.71795,1.71811,1.77,1.20
2014.04.28 06:29:25.650,1.71796,1.71811,1.67,1.20
2014.04.28 06:29:28.253,1.71794,1.71807,1.57,1.18
2014.04.28 06:29:29.230,1.71796,1.71808,1.57,1.18
2014.04.28 06:29:29.832,1.71796,1.7181,1.57,1.20
2014.04.28 06:29:33.949,1.71796,1.71811,1.67,1.20
2014.04.28 06:29:36.828,1.71796,1.71811,2.04,1.20
2014.04.28 06:29:36.929,1.71798,1.71814,1.02,1.28
2014.04.28 06:29:37.454,1.718,1.71815,1.69,1.95
2014.04.28 06:29:38.048,1.71802,1.71815,1.00,1.58
2014.04.28 06:29:40.859,1.71798,1.71814,1.02,1.65
2014.04.28 06:29:40.910,1.71798,1.71814,1.02,2.03
2014.04.28 06:29:41.443,1.71796,1.71811,1.67,1.18
2014.04.28 06:29:42.178,1.71796,1.71812,1.67,1.20
2014.04.28 06:29:45.410,1.71796,1.71812,1.67,1.58
2014.04.28 06:29:46.692,1.71796,1.71811,1.48,1.53
2014.04.28 06:29:46.743,1.71795,1.71811,1.02,1.53
2014.04.28 06:29:47.490,1.71795,1.7181,1.02,1.93
2014.04.28 06:29:47.541,1.71794,1.71808,1.38,2.63
2014.04.28 06:29:47.592,1.71794,1.71807,1.00,2.03
2014.04.28 06:29:47.643,1.7179,1.71807,1.02,2.03
2014.04.28 06:29:47.694,1.71789,1.71804,1.57,1.20
2014.04.28 06:29:47.845,1.71786,1.71802,2.14,1.20
2014.04.28 06:29:47.896,1.71786,1.71801,2.14,1.20
2014.04.28 06:29:48.200,1.71786,1.71799,1.57,1.20
2014.04.28 06:29:48.552,1.71788,1.71801,1.32,1.20
2014.04.28 06:29:48.704,1.71788,1.71802,1.32,2.33
2014.04.28 06:29:49.232,1.71788,1.71802,1.32,2.33
2014.04.28 06:29:50.092,1.71788,1.71802,1.32,2.33
2014.04.28 06:29:50.602,1.71788,1.71802,1.32,2.33
2014.04.28 06:29:50.653,1.71788,1.71802,1.57,2.33
2014.04.28 06:29:50.805,1.71788,1.71802,1.57,2.33
2014.04.28 06:29:50.856,1.71786,1.718,1.00,1.95
2014.04.28 06:29:51.311,1.71783,1.71799,1.67,2.70
2014.04.28 06:29:51.513,1.71783,1.71798,1.67,1.20
2014.04.28 06:29:52.045,1.71783,1.71799,1.67,1.58
2014.04.28 06:29:52.589,1.71783,1.71799,2.14,1.58
2014.04.28 06:29:53.486,1.71784,1.71799,1.57,1.58
2014.04.28 06:29:53.730,1.71784,1.71799,1.57,1.58
2014.04.28 06:29:53.782,1.71786,1.71799,1.29,1.20
2014.04.28 06:29:54.086,1.71791,1.71802,1.57,1.55
2014.04.28 06:29:54.188,1.71791,1.71802,1.57,1.10
2014.04.28 06:29:54.968,1.71794,1.71806,1.19,1.20
2014.04.28 06:29:55.516,1.71794,1.71806,1.19,1.20
2014.04.28 06:29:56.223,1.71794,1.71806,1.19,1.20
2014.04.28 06:29:59.069,1.71793,1.71806,1.32,1.20
2014.04.28 06:29:59.483,1.71795,1.71808,1.19,1.58
2014.04.28 06:30:00.296,1.71795,1.71809,1.19,1.13
2014.04.28 06:30:00.402,1.71795,1.71809,1.19,1.58
2014.04.28 06:30:00.822,1.71792,1.71802,1.32,1.08
2014.04.28 06:30:00.873,1.71792,1.71803,1.00,1.20
2014.04.28 06:30:01.075,1.71793,1.71803,1.19,1.20
2014.04.28 06:30:01.480,1.71793,1.71803,1.19,1.95
2014.04.28 06:30:01.834,1.71796,1.71805,1.19,1.08
2014.04.28 06:30:02.344,1.71796,1.71805,1.57,1.58
2014.04.28 06:30:02.649,1.71795,1.71803,1.19,1.83
2014.04.28 06:30:03.163,1.71795,1.71802,1.00,1.20
2014.04.28 06:30:03.625,1.71795,1.71802,1.00,1.20
2014.04.28 06:30:03.777,1.71793,1.71802,1.00,1.20
2014.04.28 06:30:04.231,1.71793,1.71803,1.69,1.08
2014.04.28 06:30:04.282,1.71793,1.71803,1.88,1.53
2014.04.28 06:30:05.328,1.71795,1.71806,1.19,1.83
2014.04.28 06:30:05.379,1.71795,1.71804,1.00,1.20
2014.04.28 06:30:05.691,1.71795,1.71806,1.19,2.33
2014.04.28 06:30:06.223,1.71795,1.71806,1.00,1.65
2014.04.28 06:30:06.753,1.71795,1.71807,1.19,1.20
2014.04.28 06:30:07.038,1.71795,1.71807,1.19,1.65
2014.04.28 06:30:07.107,1.71795,1.71807,1.00,1.65
2014.04.28 06:30:07.646,1.71795,1.71806,1.19,1.00
2014.04.28 06:30:09.194,1.71795,1.71807,1.19,1.55
2014.04.28 06:30:09.412,1.71795,1.71806,1.00,1.45
2014.04.28 06:30:09.946,1.71794,1.71806,1.29,1.00
2014.04.28 06:30:10.583,1.71794,1.71806,1.29,1.45
2014.04.28 06:30:11.585,1.71794,1.71808,1.29,1.53
2014.04.28 06:30:11.686,1.71796,1.71808,1.19,1.53
2014.04.28 06:30:13.044,1.71796,1.71809,1.19,1.20
2014.04.28 06:30:13.586,1.71796,1.71809,1.19,1.20
2014.04.28 06:30:14.108,1.71797,1.71809,1.19,1.58
2014.04.28 06:30:14.634,1.71797,1.71806,1.19,1.55
2014.04.28 06:30:15.348,1.71797,1.71808,1.19,1.20
2014.04.28 06:30:15.983,1.71797,1.71809,1.19,1.20
2014.04.28 06:30:16.594,1.71796,1.71809,1.19,1.20
2014.04.28 06:30:17.228,1.71796,1.71808,1.19,1.20
2014.04.28 06:30:19.483,1.71795,1.71808,1.69,1.58
2014.04.28 06:30:20.612,1.71796,1.71808,1.19,1.58
2014.04.28 06:30:22.090,1.71796,1.71808,1.19,1.58
2014.04.28 06:30:23.297,1.71796,1.71808,1.19,1.58
2014.04.28 06:30:25.110,1.71794,1.71808,1.19,1.58
2014.04.28 06:30:27.239,1.71795,1.71806,1.19,1.55
2014.04.28 06:30:28.316,1.71795,1.71808,1.19,1.58
2014.04.28 06:30:30.150,1.71795,1.71808,1.32,1.20
2014.04.28 06:30:31.061,1.71801,1.71808,1.00,1.45
2014.04.28 06:30:31.162,1.71801,1.71811,1.19,1.00
2014.04.28 06:30:31.365,1.71804,1.71813,1.53,1.10
2014.04.28 06:30:31.416,1.71804,1.71816,2.40,1.10
2014.04.28 06:30:31.467,1.71807,1.71816,1.32,1.10
2014.04.28 06:30:31.518,1.71807,1.71818,1.94,1.00
2014.04.28 06:30:31.670,1.7181,1.71822,1.77,1.13
2014.04.28 06:30:31.873,1.71813,1.71822,1.39,1.13
2014.04.28 06:30:32.178,1.71816,1.71822,1.20,1.00
2014.04.28 06:30:32.229,1.71816,1.71831,1.39,2.40
2014.04.28 06:30:32.330,1.71816,1.7183,1.39,1.10
2014.04.28 06:30:32.381,1.71818,1.71831,1.19,1.55
2014.04.28 06:30:32.684,1.71821,1.71831,1.29,1.00
2014.04.28 06:30:32.937,1.71821,1.71835,1.29,1.53
2014.04.28 06:30:33.140,1.71821,1.71831,1.29,1.00
2014.04.28 06:30:34.366,1.71819,1.71835,1.39,1.58
2014.04.28 06:30:36.582,1.71821,1.71835,1.19,1.58
2014.04.28 06:30:36.892,1.71819,1.71834,1.67,1.18
2014.04.28 06:30:37.590,1.71821,1.71835,1.19,1.58
2014.04.28 06:30:38.182,1.71822,1.71837,1.29,1.13
2014.04.28 06:30:38.486,1.71824,1.71839,1.57,1.55
2014.04.28 06:30:39.152,1.71824,1.71838,2.44,1.10
2014.04.28 06:30:39.608,1.71826,1.7184,1.29,1.53
2014.04.28 06:30:39.710,1.71826,1.71842,1.77,1.28
2014.04.28 06:30:40.223,1.7183,1.71844,1.19,1.28
2014.04.28 06:30:40.736,1.7183,1.71844,1.25,1.28
2014.04.28 06:30:42.013,1.71828,1.71844,1.39,1.28
2014.04.28 06:30:42.538,1.71828,1.71842,1.29,1.08
2014.04.28 06:30:43.051,1.71828,1.71843,1.39,1.58
2014.04.28 06:30:43.332,1.71828,1.71843,1.39,1.58
2014.04.28 06:30:43.665,1.71828,1.71841,1.29,1.55
2014.04.28 06:30:44.240,1.71828,1.71839,1.19,1.18
2014.04.28 06:30:44.544,1.71825,1.71839,1.57,1.20
2014.04.28 06:30:45.320,1.71825,1.71839,1.32,1.20
2014.04.28 06:30:45.371,1.71825,1.71839,1.19,1.20
2014.04.28 06:30:45.422,1.71825,1.71835,1.00,1.08
2014.04.28 06:30:45.726,1.71825,1.71836,1.19,1.20
2014.04.28 06:30:46.231,1.71825,1.71839,1.32,1.20
2014.04.28 06:30:46.550,1.71825,1.71836,1.25,1.13
2014.04.28 06:30:46.601,1.71825,1.71836,1.25,1.50
2014.04.28 06:30:46.906,1.71825,1.71833,1.25,1.20
2014.04.28 06:30:47.260,1.71823,1.71832,1.25,1.45
2014.04.28 06:30:47.362,1.71821,1.71834,1.32,1.85
2014.04.28 06:30:47.564,1.71821,1.71833,1.25,1.13
2014.04.28 06:30:47.969,1.71818,1.71832,1.29,1.28
2014.04.28 06:30:48.474,1.71818,1.71834,1.67,1.85
2014.04.28 06:30:48.981,1.71819,1.71833,1.00,1.58
2014.04.28 06:30:50.749,1.71819,1.71833,1.02,1.28
2014.04.28 06:30:50.800,1.71819,1.71833,1.29,1.20
2014.04.28 06:30:51.104,1.71821,1.71837,1.02,1.13
2014.04.28 06:30:51.610,1.71822,1.71832,1.10,1.00
2014.04.28 06:30:52.115,1.71823,1.71838,1.32,1.85
2014.04.28 06:30:52.761,1.71821,1.71835,1.00,1.13
2014.04.28 06:30:53.491,1.71821,1.71835,1.10,1.28
2014.04.28 06:30:54.033,1.71821,1.71835,1.00,1.58
2014.04.28 06:30:54.236,1.71821,1.71835,1.00,1.58
2014.04.28 06:30:56.426,1.71821,1.71835,1.25,1.08
2014.04.28 06:30:57.337,1.71821,1.71835,1.25,1.28
2014.04.28 06:30:57.642,1.7182,1.71836,2.00,1.20
2014.04.28 06:30:57.693,1.7182,1.71836,2.93,1.45
2014.04.28 06:30:57.945,1.71823,1.71838,1.67,1.45
2014.04.28 06:30:58.400,1.71824,1.7184,1.02,1.45
2014.04.28 06:30:58.704,1.71827,1.71843,1.13,1.09
2014.04.28 06:30:58.805,1.71827,1.71842,1.13,1.10
2014.04.28 06:30:59.173,1.71827,1.71843,1.13,1.09
2014.04.28 06:30:59.585,1.71826,1.71845,1.32,1.77
2014.04.28 06:30:59.687,1.71827,1.71843,2.14,1.10
2014.04.28 06:30:59.738,1.71831,1.71846,1.77,2.03
2014.04.28 06:30:59.789,1.71832,1.71848,1.47,1.58
2014.04.28 06:30:59.840,1.71835,1.71848,1.39,1.28
2014.04.28 06:31:00.144,1.71838,1.71851,1.02,1.10
2014.04.28 06:31:00.467,1.71841,1.71855,1.27,2.40
2014.04.28 06:31:01.011,1.71838,1.71853,1.32,1.08
2014.04.28 06:31:01.315,1.71841,1.71856,1.37,1.48
2014.04.28 06:31:01.366,1.71841,1.71856,1.09,1.48
2014.04.28 06:31:01.417,1.71842,1.71856,1.09,1.20
2014.04.28 06:31:01.781,1.71843,1.71859,1.09,1.13
2014.04.28 06:31:02.326,1.71842,1.71857,1.74,1.13
2014.04.28 06:31:02.865,1.71842,1.71857,1.47,1.13
2014.04.28 06:31:04.204,1.7184,1.71855,1.72,1.08
2014.04.28 06:31:05.105,1.71841,1.71856,1.09,1.13
2014.04.28 06:31:05.513,1.71841,1.71858,1.72,2.33
2014.04.28 06:31:05.817,1.7184,1.71855,1.74,1.08
2014.04.28 06:31:06.323,1.7184,1.71855,1.74,1.13
2014.04.28 06:31:07.016,1.71839,1.71854,1.72,1.08
2014.04.28 06:31:08.141,1.71839,1.71854,1.02,1.13
2014.04.28 06:31:08.684,1.71839,1.71854,1.02,1.13
2014.04.28 06:31:10.113,1.71839,1.71854,1.02,1.13
2014.04.28 06:31:10.772,1.71839,1.71855,1.02,1.20
2014.04.28 06:31:11.544,1.7184,1.71856,1.02,1.85
2014.04.28 06:31:12.092,1.71841,1.71856,1.02,1.58
2014.04.28 06:31:12.143,1.71841,1.71856,1.64,1.28
2014.04.28 06:31:12.345,1.71841,1.71857,1.02,1.95
2014.04.28 06:31:16.118,1.71839,1.71855,1.09,1.45
2014.04.28 06:31:17.654,1.7184,1.71856,1.02,1.53
2014.04.28 06:31:18.857,1.7184,1.71856,1.02,1.53
2014.04.28 06:31:19.873,1.71841,1.71853,1.29,1.55
2014.04.28 06:31:20.379,1.71841,1.71852,1.25,1.95
2014.04.28 06:31:20.430,1.71841,1.71852,1.25,2.33
2014.04.28 06:31:20.582,1.71838,1.71852,1.10,2.97
2014.04.28 06:31:20.633,1.71838,1.7185,1.00,1.13
2014.04.28 06:31:20.684,1.71836,1.7185,1.00,1.88
2014.04.28 06:31:21.251,1.71835,1.7185,1.10,1.88
2014.04.28 06:31:21.810,1.71832,1.71849,2.14,1.20
2014.04.28 06:31:22.345,1.71831,1.71847,1.09,1.45
2014.04.28 06:31:22.916,1.71834,1.71848,1.38,1.20
2014.04.28 06:31:23.621,1.71834,1.7185,1.39,1.95
2014.04.28 06:31:24.162,1.71834,1.7185,1.39,1.95
2014.04.28 06:31:25.505,1.71834,1.71849,1.48,1.45
2014.04.28 06:31:26.012,1.71834,1.71849,1.38,1.20
2014.04.28 06:31:26.416,1.71834,1.7185,1.58,1.84
2014.04.28 06:31:26.765,1.71837,1.7185,1.02,1.20
2014.04.28 06:31:27.068,1.71842,1.71852,1.08,1.50
2014.04.28 06:31:27.220,1.71842,1.71855,1.27,1.00
2014.04.28 06:31:27.725,1.71843,1.71858,1.84,1.13
2014.04.28 06:31:29.911,1.71844,1.71859,1.37,1.48
2014.04.28 06:31:31.091,1.71844,1.71859,1.47,1.20
2014.04.28 06:31:31.732,1.71844,1.71859,1.09,1.48
2014.04.28 06:31:31.783,1.71848,1.71859,1.00,1.48
2014.04.28 06:31:32.290,1.71848,1.71861,1.00,2.97
2014.04.28 06:31:32.820,1.71848,1.71861,1.00,2.97
2014.04.28 06:31:33.332,1.71848,1.7186,1.00,1.08
2014.04.28 06:31:34.374,1.71848,1.71861,1.00,2.63
2014.04.28 06:31:35.050,1.71848,1.7186,1.00,1.28
2014.04.28 06:31:35.852,1.71848,1.71859,1.00,1.13
2014.04.28 06:31:36.234,1.71848,1.71854,1.00,1.00
2014.04.28 06:31:39.792,1.71846,1.71854,1.00,1.00
2014.04.28 06:31:49.993,1.71846,1.71851,1.00,1.00
2014.04.28 06:31:50.161,1.71844,1.71851,1.00,1.00
2014.04.28 06:31:50.616,1.71841,1.71851,1.20,1.10
2014.04.28 06:31:51.180,1.71841,1.71852,1.20,1.50
2014.04.28 06:31:51.534,1.71841,1.71852,2.78,1.00
2014.04.28 06:31:53.517,1.71841,1.71852,1.28,1.00
2014.04.28 06:31:54.027,1.71841,1.71852,1.84,1.00
2014.04.28 06:31:54.280,1.71843,1.71852,1.18,1.00
2014.04.28 06:31:54.381,1.71843,1.71854,1.18,1.00
2014.04.28 06:31:56.385,1.71841,1.71854,1.65,1.00
2014.04.28 06:31:58.477,1.71841,1.71854,1.77,1.00
2014.04.28 06:32:03.381,1.71842,1.71854,1.68,1.00
2014.04.28 06:32:04.178,1.7184,1.71851,1.28,1.00
2014.04.28 06:32:04.483,1.71833,1.71845,4.54,1.00
2014.04.28 06:32:04.534,1.71833,1.71844,3.04,1.00
2014.04.28 06:32:04.635,1.71833,1.71841,1.99,1.00
2014.04.28 06:32:05.411,1.71833,1.71842,1.62,1.50
2014.04.28 06:32:05.716,1.71832,1.71839,1.10,1.00
2014.04.28 06:32:06.120,1.71832,1.71841,1.00,1.50
2014.04.28 06:32:06.221,1.71832,1.71838,1.00,1.00
2014.04.28 06:32:06.475,1.71828,1.7184,1.99,1.00
2014.04.28 06:32:06.943,1.71828,1.71838,1.99,1.00
2014.04.28 06:32:07.107,1.71828,1.71838,1.54,1.00
2014.04.28 06:32:07.718,1.71828,1.71839,1.54,1.00
2014.04.28 06:32:08.072,1.71828,1.7184,1.80,1.00
2014.04.28 06:32:08.174,1.71829,1.71842,1.48,1.10
2014.04.28 06:32:09.777,1.7183,1.71842,1.28,1.00
2014.04.28 06:32:09.878,1.71831,1.71842,2.29,1.00
2014.04.28 06:32:10.187,1.71834,1.71844,1.24,1.00
2014.04.28 06:32:11.929,1.71832,1.71844,2.37,1.00
2014.04.28 06:32:11.980,1.71832,1.71842,1.62,1.00
2014.04.28 06:32:13.135,1.71833,1.71842,1.00,1.00
2014.04.28 06:32:13.748,1.71831,1.71842,1.13,1.00
2014.04.28 06:32:14.112,1.71831,1.71841,1.75,1.00
2014.04.28 06:32:14.653,1.71834,1.71842,1.00,1.00
2014.04.28 06:32:14.805,1.71834,1.71844,1.00,1.00
2014.04.28 06:32:16.741,1.71834,1.71844,1.50,1.00
2014.04.28 06:32:16.792,1.71834,1.71844,1.58,1.00
2014.04.28 06:32:16.894,1.71837,1.71846,1.13,1.00
2014.04.28 06:32:16.995,1.71837,1.71848,1.08,1.00
2014.04.28 06:32:17.046,1.71836,1.71848,1.62,1.00
2014.04.28 06:32:17.350,1.71841,1.7185,1.17,1.00
2014.04.28 06:32:17.502,1.71841,1.71852,1.92,1.00
2014.04.28 06:32:18.125,1.71842,1.71852,1.24,1.00
2014.04.28 06:32:18.851,1.71841,1.71851,2.03,1.00
2014.04.28 06:32:19.452,1.7184,1.71852,2.22,1.50
2014.04.28 06:32:19.984,1.7184,1.71851,2.29,1.00
2014.04.28 06:32:20.287,1.71839,1.71851,1.99,1.00
2014.04.28 06:32:20.439,1.7184,1.71851,1.54,1.00
2014.04.28 06:32:21.191,1.7184,1.71851,2.37,1.00
2014.04.28 06:32:21.732,1.7184,1.71851,1.99,1.00
2014.04.28 06:32:21.934,1.7184,1.71855,1.99,1.27
2014.04.28 06:32:22.792,1.7184,1.71856,2.29,1.32
2014.04.28 06:32:23.335,1.7184,1.71856,2.67,1.02
2014.04.28 06:32:24.748,1.7184,1.71855,1.50,1.32
2014.04.28 06:32:26.208,1.7184,1.71854,1.15,1.27
2014.04.28 06:32:26.259,1.7184,1.71848,1.15,1.00
2014.04.28 06:32:26.361,1.71835,1.71847,1.28,1.00
2014.04.28 06:32:27.966,1.71834,1.7185,1.58,2.22
2014.04.28 06:32:28.067,1.71834,1.71847,1.58,1.00
2014.04.28 06:32:29.278,1.71834,1.7185,1.58,1.09
2014.04.28 06:32:29.527,1.71834,1.7185,1.85,1.02
2014.04.28 06:32:29.931,1.71834,1.71849,1.13,1.02
2014.04.28 06:32:30.191,1.71834,1.71849,1.13,1.02
2014.04.28 06:32:30.292,1.71834,1.71849,1.13,1.09
2014.04.28 06:32:30.850,1.71834,1.7185,1.85,1.77
2014.04.28 06:32:31.962,1.71834,1.7185,1.85,1.02
2014.04.28 06:32:32.469,1.71834,1.71852,2.04,1.47
2014.04.28 06:32:32.633,1.71833,1.7185,2.89,1.53
2014.04.28 06:32:33.143,1.71832,1.7185,1.94,3.72
2014.04.28 06:32:33.349,1.71829,1.71845,2.55,1.58
2014.04.28 06:32:33.501,1.71829,1.71846,1.32,1.93
2014.04.28 06:32:34.050,1.71831,1.71846,1.33,1.65
2014.04.28 06:32:35.115,1.71831,1.71846,1.02,1.10
2014.04.28 06:32:35.419,1.71833,1.71848,1.27,1.65
2014.04.28 06:32:35.746,1.71832,1.71848,1.02,2.33
2014.04.28 06:32:36.283,1.71833,1.71849,1.27,1.28
2014.04.28 06:32:36.587,1.71833,1.71848,1.08,1.43
2014.04.28 06:32:36.638,1.71831,1.71844,1.00,1.47
2014.04.28 06:32:36.740,1.71829,1.71841,1.00,1.13
2014.04.28 06:32:36.841,1.71827,1.71841,1.58,1.13
2014.04.28 06:32:36.993,1.71827,1.71843,2.22,1.13
2014.04.28 06:32:37.094,1.71828,1.71845,1.33,2.08
2014.04.28 06:32:37.196,1.7183,1.71845,1.13,1.09
2014.04.28 06:32:37.532,1.71829,1.71845,1.08,1.47
2014.04.28 06:32:38.157,1.71829,1.71846,1.02,2.52
2014.04.28 06:32:38.511,1.7183,1.71846,1.13,1.02
2014.04.28 06:32:38.865,1.7183,1.71845,1.33,1.65
2014.04.28 06:32:39.084,1.71827,1.71845,1.74,2.33
2014.04.28 06:32:39.388,1.71827,1.71845,1.09,2.33
2014.04.28 06:32:40.244,1.71827,1.71845,1.64,2.89
2014.04.28 06:32:40.748,1.71827,1.71845,1.74,2.70
2014.04.28 06:32:41.239,1.71827,1.71845,1.09,2.70
2014.04.28 06:32:41.800,1.71827,1.71845,1.74,2.33
2014.04.28 06:32:41.901,1.71828,1.71845,1.02,2.33
2014.04.28 06:32:46.305,1.71828,1.71845,1.77,1.20
2014.04.28 06:32:50.262,1.71829,1.71845,1.02,1.18
2014.04.28 06:32:50.582,1.71827,1.71845,2.14,1.55
2014.04.28 06:32:50.683,1.71827,1.71843,1.50,1.72
2014.04.28 06:32:50.785,1.71823,1.71839,3.72,1.18
2014.04.28 06:32:50.836,1.71824,1.71839,1.77,1.18
2014.04.28 06:32:51.039,1.71828,1.71843,1.47,1.08
2014.04.28 06:32:51.913,1.71829,1.71845,1.02,2.03
2014.04.28 06:32:52.345,1.71828,1.71843,1.64,1.08
2014.04.28 06:32:52.850,1.71829,1.71844,1.39,1.88
2014.04.28 06:32:53.459,1.71829,1.71844,1.39,1.13
2014.04.28 06:32:54.001,1.71828,1.71844,1.47,1.20
2014.04.28 06:32:57.283,1.71828,1.71843,1.29,1.13
2014.04.28 06:32:57.838,1.71828,1.71843,1.02,1.13
2014.04.28 06:32:58.141,1.71829,1.71844,1.02,1.13
2014.04.28 06:32:58.343,1.71829,1.71844,1.29,1.13
2014.04.28 06:33:02.052,1.71827,1.71844,2.55,1.58
2014.04.28 06:33:02.711,1.71829,1.71844,1.27,1.20
2014.04.28 06:33:03.621,1.71829,1.71846,1.02,1.58
2014.04.28 06:33:04.149,1.71832,1.71846,1.00,1.58
2014.04.28 06:33:04.323,1.71832,1.71844,1.00,1.45
2014.04.28 06:33:04.627,1.71832,1.71847,1.50,2.52
2014.04.28 06:33:06.377,1.71831,1.71845,1.08,1.55
2014.04.28 06:33:06.842,1.71831,1.71845,1.13,1.45
2014.04.28 06:33:07.095,1.71831,1.71845,1.32,1.20
2014.04.28 06:33:07.297,1.71833,1.71848,1.13,1.09
2014.04.28 06:33:07.348,1.71833,1.71848,1.13,1.09
2014.04.28 06:33:07.873,1.71833,1.7185,1.32,1.83
2014.04.28 06:33:08.461,1.71834,1.7185,3.19,1.83
2014.04.28 06:33:08.562,1.71834,1.7185,1.32,1.83
2014.04.28 06:33:09.104,1.71834,1.7185,1.32,1.83
2014.04.28 06:33:09.757,1.71834,1.7185,1.32,1.83
2014.04.28 06:33:14.066,1.71833,1.7185,1.32,2.33
2014.04.28 06:33:18.245,1.71832,1.71847,1.02,1.18
2014.04.28 06:33:19.021,1.7183,1.71847,2.59,1.58
2014.04.28 06:33:19.375,1.71833,1.71848,1.35,1.18
2014.04.28 06:33:19.678,1.71832,1.71848,1.67,1.20
2014.04.28 06:33:20.323,1.71831,1.71846,1.67,1.45
2014.04.28 06:33:25.743,1.71831,1.71847,1.67,1.20
2014.04.28 06:33:27.175,1.71833,1.71849,1.27,1.28
2014.04.28 06:33:27.707,1.71833,1.71847,1.02,1.00
2014.04.28 06:33:28.291,1.71833,1.71847,1.02,1.00
2014.04.28 06:33:28.902,1.71833,1.71849,1.02,1.53
2014.04.28 06:33:30.155,1.71832,1.71849,2.52,1.28
2014.04.28 06:33:30.672,1.71833,1.71849,1.02,1.53
2014.04.28 06:33:33.732,1.71833,1.71849,1.47,1.30
2014.04.28 06:33:39.190,1.71833,1.7185,2.04,1.28
2014.04.28 06:33:42.114,1.71838,1.71851,3.57,1.58
2014.04.28 06:33:42.267,1.71841,1.71857,1.64,1.95
2014.04.28 06:33:42.318,1.71841,1.71857,1.77,1.20
2014.04.28 06:33:42.571,1.71842,1.71858,1.32,1.58
2014.04.28 06:33:42.673,1.71842,1.71858,1.33,2.03
2014.04.28 06:33:42.875,1.71842,1.71858,1.02,1.20
2014.04.28 06:33:42.977,1.71845,1.7186,2.97,1.20
2014.04.28 06:33:43.078,1.71846,1.7186,1.32,1.00
2014.04.28 06:33:43.392,1.71847,1.71861,1.32,1.13
2014.04.28 06:33:45.760,1.71849,1.71861,1.20,1.00
2014.04.28 06:33:46.092,1.71846,1.7186,1.13,1.09
2014.04.28 06:33:46.396,1.71844,1.71856,1.13,1.53
2014.04.28 06:33:46.615,1.71841,1.71856,1.08,1.72
2014.04.28 06:33:46.767,1.71839,1.71855,3.00,1.09
2014.04.28 06:33:46.868,1.71839,1.71853,1.24,1.08
2014.04.28 06:33:47.391,1.71839,1.71855,2.37,1.77
2014.04.28 06:33:47.442,1.71839,1.71855,2.29,1.77
2014.04.28 06:33:47.754,1.71842,1.71855,1.00,1.85
2014.04.28 06:33:49.600,1.71842,1.71854,1.00,1.20
2014.04.28 06:33:52.042,1.71842,1.71854,1.00,1.45
2014.04.28 06:33:52.550,1.71841,1.71854,1.00,1.28
2014.04.28 06:33:54.935,1.71841,1.71855,1.13,1.78
2014.04.28 06:33:57.521,1.7184,1.71856,1.13,1.02
2014.04.28 06:33:58.134,1.7184,1.71855,1.13,1.02
2014.04.28 06:33:59.388,1.7184,1.71856,1.13,1.02
2014.04.28 06:33:59.707,1.71847,1.7186,1.50,1.45
2014.04.28 06:33:59.859,1.71847,1.71862,1.00,2.33
2014.04.28 06:34:00.742,1.71846,1.71862,2.04,1.20
2014.04.28 06:34:00.843,1.71847,1.71864,1.70,2.52
2014.04.28 06:34:00.894,1.71849,1.71864,1.13,1.84
2014.04.28 06:34:01.197,1.71847,1.71864,1.39,1.47
2014.04.28 06:34:01.248,1.71847,1.71863,1.70,1.53
2014.04.28 06:34:01.450,1.71847,1.71864,1.39,1.47
2014.04.28 06:34:02.328,1.71849,1.71865,1.32,1.28
2014.04.28 06:34:03.741,1.71849,1.71864,1.32,1.20
2014.04.28 06:34:03.894,1.7185,1.71866,1.02,3.83
2014.04.28 06:34:03.996,1.7185,1.71866,1.02,3.83
2014.04.28 06:34:04.097,1.71848,1.71864,1.84,1.45
2014.04.28 06:34:04.486,1.71848,1.71864,1.67,1.20
2014.04.28 06:34:05.214,1.71847,1.71862,1.94,1.45
2014.04.28 06:34:05.689,1.71848,1.7186,1.63,1.85
2014.04.28 06:34:05.892,1.71846,1.71859,1.69,1.50
2014.04.28 06:34:06.126,1.71846,1.71859,1.77,1.10
2014.04.28 06:34:06.940,1.71846,1.71859,1.77,1.10
2014.04.28 06:34:07.856,1.71846,1.71859,1.77,1.28
2014.04.28 06:34:13.655,1.71845,1.7186,3.27,1.53
2014.04.28 06:34:13.756,1.71848,1.71864,1.74,2.33
2014.04.28 06:34:14.778,1.7185,1.71865,1.50,1.45
2014.04.28 06:34:15.309,1.71851,1.71865,1.02,1.18
2014.04.28 06:34:16.189,1.71851,1.71867,1.02,1.85
2014.04.28 06:34:16.711,1.71851,1.71867,1.02,1.20
2014.04.28 06:34:18.851,1.71851,1.71867,1.60,1.45
2014.04.28 06:34:19.280,1.71851,1.71868,1.70,2.89
2014.04.28 06:34:19.784,1.7185,1.71865,2.52,1.53
2014.04.28 06:34:21.382,1.71849,1.71863,1.70,1.20
2014.04.28 06:34:21.887,1.71848,1.71863,2.14,1.28
2014.04.28 06:34:21.938,1.71848,1.71863,2.14,1.28
2014.04.28 06:34:23.981,1.71848,1.71863,1.45,1.28
2014.04.28 06:34:24.133,1.71847,1.71863,1.63,1.58
2014.04.28 06:34:24.184,1.71847,1.71862,1.02,1.53
2014.04.28 06:34:29.512,1.71846,1.71859,1.00,1.20
2014.04.28 06:34:29.978,1.71846,1.71861,1.85,1.58
2014.04.28 06:34:30.029,1.71848,1.71861,1.00,1.18
2014.04.28 06:34:32.909,1.71848,1.71861,1.38,1.18
2014.04.28 06:34:39.008,1.71847,1.71861,2.07,1.55
2014.04.28 06:34:39.419,1.71846,1.71859,1.50,1.53
2014.04.28 06:34:39.763,1.71846,1.71859,1.13,1.20
2014.04.28 06:34:41.507,1.71845,1.71858,1.50,1.20
2014.04.28 06:34:42.151,1.71843,1.71858,2.14,1.20
2014.04.28 06:34:42.652,1.71843,1.71857,1.20,1.20
2014.04.28 06:34:44.239,1.71843,1.71855,1.32,1.20
2014.04.28 06:34:46.688,1.71842,1.71855,2.82,1.55
2014.04.28 06:34:56.689,1.71843,1.71855,1.02,1.00
2014.04.28 06:34:56.790,1.71842,1.71851,1.38,1.20
2014.04.28 06:34:56.841,1.71842,1.71851,1.38,1.88
2014.04.28 06:34:56.943,1.7184,1.71847,1.38,1.10
2014.04.28 06:34:57.044,1.7184,1.71846,1.00,1.20
2014.04.28 06:34:57.349,1.71835,1.71843,1.00,1.20
2014.04.28 06:34:57.400,1.71828,1.71843,1.85,1.65
2014.04.28 06:34:57.856,1.71828,1.71841,1.85,1.45
2014.04.28 06:34:59.090,1.7183,1.71841,1.13,1.00
2014.04.28 06:34:59.408,1.71827,1.71841,1.77,1.45
2014.04.28 06:34:59.611,1.71827,1.71839,1.77,1.45
2014.04.28 06:35:00.825,1.71827,1.71839,1.77,1.45
2014.04.28 06:35:00.927,1.71825,1.71835,3.00,1.00
2014.04.28 06:35:01.028,1.71825,1.71836,3.00,1.45
2014.04.28 06:35:01.130,1.71825,1.71834,1.10,1.45
2014.04.28 06:35:01.231,1.71825,1.71835,1.58,1.20
2014.04.28 06:35:01.435,1.71826,1.71838,1.50,1.10
2014.04.28 06:35:01.965,1.71826,1.71837,1.75,1.45
2014.04.28 06:35:02.118,1.71826,1.71837,1.68,1.45
2014.04.28 06:35:02.422,1.71825,1.71836,2.00,1.45
2014.04.28 06:35:02.473,1.71825,1.71838,2.00,1.95
2014.04.28 06:35:02.777,1.71831,1.71846,3.45,1.75
2014.04.28 06:35:02.878,1.71834,1.71845,1.50,1.00
2014.04.28 06:35:02.929,1.71835,1.7185,2.25,1.45
2014.04.28 06:35:02.980,1.7184,1.71852,1.38,1.10
2014.04.28 06:35:03.082,1.71842,1.71853,1.13,1.88
2014.04.28 06:35:03.334,1.71842,1.71853,2.25,1.45
2014.04.28 06:35:03.436,1.71842,1.71854,2.22,1.20
2014.04.28 06:35:03.840,1.71845,1.71856,1.13,1.45
2014.04.28 06:35:04.398,1.71845,1.71856,1.13,1.00
2014.04.28 06:35:04.996,1.71846,1.7186,1.17,1.95
2014.04.28 06:35:06.242,1.71847,1.7186,1.88,1.95
2014.04.28 06:35:06.343,1.71846,1.7186,1.02,1.58
2014.04.28 06:35:06.394,1.71843,1.7186,3.19,1.65
2014.04.28 06:35:06.546,1.71844,1.7186,1.13,1.84
2014.04.28 06:35:10.435,1.71841,1.71858,2.52,1.39
2014.04.28 06:35:12.275,1.71841,1.71856,2.52,1.55
2014.04.28 06:35:13.140,1.71844,1.71856,1.33,1.45
2014.04.28 06:35:14.890,1.71842,1.71859,1.02,1.53
2014.04.28 06:35:17.990,1.71845,1.71856,1.50,1.45
2014.04.28 06:35:18.143,1.71845,1.7186,1.88,1.74
2014.04.28 06:35:18.658,1.71845,1.71854,1.00,1.10
2014.04.28 06:35:18.810,1.71841,1.71855,1.75,1.64
2014.04.28 06:35:18.911,1.71841,1.71854,1.95,1.02
2014.04.28 06:35:18.962,1.71841,1.71853,2.25,1.64
2014.04.28 06:35:19.165,1.71846,1.71859,1.84,2.03
2014.04.28 06:35:19.216,1.71852,1.71864,2.63,1.57
2014.04.28 06:35:19.267,1.71852,1.71864,2.63,1.83
2014.04.28 06:35:19.318,1.71852,1.71862,2.63,1.20
2014.04.28 06:35:19.419,1.71855,1.71868,1.09,1.70
2014.04.28 06:35:19.470,1.71855,1.71868,1.09,1.25
2014.04.28 06:35:19.521,1.71856,1.71868,1.09,1.25
2014.04.28 06:35:19.856,1.71861,1.71874,2.29,1.29
2014.04.28 06:35:19.908,1.71859,1.71874,1.09,1.29
2014.04.28 06:35:20.161,1.71859,1.71874,1.09,1.02
2014.04.28 06:35:20.465,1.71865,1.71874,1.00,1.09
2014.04.28 06:35:21.747,1.71867,1.71874,1.00,1.02
2014.04.28 06:35:22.152,1.7187,1.71879,1.00,2.07
2014.04.28 06:35:22.203,1.71871,1.71879,1.00,1.77
2014.04.28 06:35:22.253,1.7187,1.71876,1.00,1.19
2014.04.28 06:35:22.405,1.7187,1.71881,1.00,1.64
2014.04.28 06:35:22.456,1.71873,1.71881,1.00,1.57
2014.04.28 06:35:22.760,1.7187,1.71879,1.00,1.77
2014.04.28 06:35:23.113,1.71869,1.7188,1.00,1.20
2014.04.28 06:35:23.165,1.71872,1.71884,1.00,1.94
2014.04.28 06:35:23.215,1.71872,1.71883,1.00,1.02
2014.04.28 06:35:23.419,1.71872,1.71885,1.00,2.05
2014.04.28 06:35:23.470,1.71874,1.71885,1.00,1.39
2014.04.28 06:35:23.788,1.71878,1.71889,1.05,1.02
2014.04.28 06:35:23.891,1.71879,1.7189,1.00,1.83
2014.04.28 06:35:23.941,1.71881,1.71891,1.00,1.09
2014.04.28 06:35:24.417,1.71881,1.71892,1.00,1.45
2014.04.28 06:35:24.468,1.71883,1.71892,1.00,1.45
2014.04.28 06:35:24.986,1.71883,1.71895,1.00,1.78
2014.04.28 06:35:25.538,1.71884,1.71895,1.00,1.47
2014.04.28 06:35:26.088,1.71889,1.71896,1.50,1.50
2014.04.28 06:35:26.190,1.71891,1.71896,1.00,1.43
2014.04.28 06:35:26.394,1.71892,1.71902,1.00,1.45
2014.04.28 06:35:26.801,1.71893,1.71902,1.13,1.45
2014.04.28 06:35:26.953,1.71896,1.71905,1.00,1.45
2014.04.28 06:35:27.156,1.71894,1.71905,1.13,1.83
2014.04.28 06:35:28.486,1.71895,1.71907,1.10,1.83
2014.04.28 06:35:28.985,1.71895,1.71907,1.48,1.83
2014.04.28 06:35:29.036,1.71898,1.71907,1.00,1.45
2014.04.28 06:35:29.138,1.719,1.71911,1.00,1.55
2014.04.28 06:35:29.239,1.71902,1.71914,1.10,1.58
2014.04.28 06:35:29.543,1.71908,1.71916,1.00,1.10
2014.04.28 06:35:29.854,1.71908,1.71917,1.00,1.95
2014.04.28 06:35:30.682,1.71907,1.71918,1.00,1.47
2014.04.28 06:35:30.785,1.71907,1.71918,1.00,1.47
2014.04.28 06:35:30.886,1.71905,1.71916,1.00,1.45
2014.04.28 06:35:31.125,1.71905,1.71914,1.00,1.28
2014.04.28 06:35:31.176,1.71903,1.71913,1.00,1.28
2014.04.28 06:35:31.484,1.71901,1.71913,1.00,1.28
2014.04.28 06:35:31.586,1.71899,1.7191,1.00,1.55
2014.04.28 06:35:31.688,1.71896,1.71905,1.00,1.10
2014.04.28 06:35:32.194,1.71896,1.71906,1.00,1.47
2014.04.28 06:35:32.396,1.71898,1.71906,1.00,1.68
2014.04.28 06:35:32.934,1.71897,1.71907,1.00,1.32
2014.04.28 06:35:33.404,1.71895,1.71907,1.00,1.09
2014.04.28 06:35:33.953,1.71895,1.71905,1.00,1.28
2014.04.28 06:35:34.307,1.71897,1.71907,1.00,1.09
2014.04.28 06:35:34.822,1.71898,1.71908,1.00,1.02
2014.04.28 06:35:35.342,1.71898,1.71908,1.10,1.02
2014.04.28 06:35:35.494,1.719,1.71908,1.00,1.29
2014.04.28 06:35:35.748,1.71903,1.71911,1.00,1.00
2014.04.28 06:35:35.800,1.71907,1.71914,1.00,2.52
2014.04.28 06:35:36.320,1.71907,1.71913,1.00,1.10
2014.04.28 06:35:37.421,1.71907,1.71916,1.00,2.52
2014.04.28 06:35:38.192,1.71908,1.71916,1.00,2.52
2014.04.28 06:35:39.407,1.71908,1.71916,1.00,1.02
2014.04.28 06:35:39.521,1.71907,1.71916,1.00,1.02
2014.04.28 06:35:41.508,1.71909,1.71916,1.00,1.02
2014.04.28 06:35:41.824,1.71909,1.71918,1.00,1.74
2014.04.28 06:35:43.607,1.71911,1.71918,1.00,1.18
2014.04.28 06:35:43.911,1.71919,1.71927,1.09,1.13
2014.04.28 06:35:44.012,1.71924,1.71931,1.00,1.95
2014.04.28 06:35:44.215,1.71924,1.71931,1.00,1.00
2014.04.28 06:35:44.316,1.7192,1.71935,1.09,1.38
2014.04.28 06:35:44.670,1.71919,1.71935,1.69,1.65
2014.04.28 06:35:45.201,1.71919,1.71933,1.24,1.20
2014.04.28 06:35:45.303,1.71923,1.71937,1.10,2.07
2014.04.28 06:35:45.404,1.71923,1.71937,1.08,1.84
2014.04.28 06:35:45.929,1.71923,1.71938,1.27,1.08
2014.04.28 06:35:45.980,1.71927,1.71938,1.50,1.08
2014.04.28 06:35:46.233,1.71933,1.7195,1.92,2.63
2014.04.28 06:35:46.284,1.71933,1.7195,2.22,1.88
2014.04.28 06:35:46.335,1.71934,1.7195,1.09,1.50
2014.04.28 06:35:46.385,1.71935,1.71951,1.20,1.39
2014.04.28 06:35:46.537,1.71937,1.71951,1.08,1.57
2014.04.28 06:35:46.689,1.71934,1.71952,1.39,1.69
2014.04.28 06:35:47.144,1.71935,1.71955,1.77,1.94
2014.04.28 06:35:47.822,1.71935,1.71951,2.89,1.20
2014.04.28 06:35:47.873,1.71935,1.71951,2.07,1.75
2014.04.28 06:35:47.924,1.71935,1.71946,1.00,1.74
2014.04.28 06:35:48.026,1.71935,1.71945,1.00,1.39
2014.04.28 06:35:48.128,1.71932,1.71944,1.20,1.77
2014.04.28 06:35:48.230,1.71939,1.71948,1.00,1.02
2014.04.28 06:35:48.534,1.7194,1.71945,1.00,1.02
2014.04.28 06:35:48.758,1.71938,1.71946,1.00,1.02
2014.04.28 06:35:49.028,1.71942,1.7195,1.00,1.18
2014.04.28 06:35:49.079,1.71942,1.7195,1.13,1.20
2014.04.28 06:35:49.434,1.71945,1.71953,1.00,1.32
2014.04.28 06:35:49.535,1.71946,1.71956,1.00,3.27
2014.04.28 06:35:49.952,1.71939,1.71956,1.58,2.52
2014.04.28 06:35:50.255,1.7194,1.71953,1.65,1.32
2014.04.28 06:35:50.568,1.71939,1.71951,1.10,2.07
2014.04.28 06:35:50.931,1.71938,1.71948,1.10,1.57
2014.04.28 06:35:50.983,1.71936,1.71948,1.10,1.57
2014.04.28 06:35:51.134,1.71934,1.71948,1.28,1.77
2014.04.28 06:35:51.640,1.71936,1.71949,1.45,1.32
2014.04.28 06:35:51.691,1.71936,1.71951,1.95,2.52
2014.04.28 06:35:51.843,1.71936,1.71951,1.65,2.14
2014.04.28 06:35:51.945,1.71934,1.71946,1.95,1.77
2014.04.28 06:35:52.455,1.71934,1.71946,1.00,1.67
2014.04.28 06:35:53.002,1.71932,1.71946,1.55,1.67
2014.04.28 06:35:53.515,1.71932,1.71947,1.00,2.22
2014.04.28 06:35:53.869,1.71932,1.71943,1.20,1.94
2014.04.28 06:35:54.072,1.7193,1.71941,1.20,1.67
2014.04.28 06:35:54.174,1.71924,1.71941,2.37,1.69
2014.04.28 06:35:54.377,1.71926,1.71941,1.20,1.02
2014.04.28 06:35:54.731,1.7193,1.71943,1.18,1.00
2014.04.28 06:35:54.782,1.7193,1.71943,1.45,1.00
2014.04.28 06:35:54.934,1.71931,1.71946,1.20,1.19
2014.04.28 06:35:55.238,1.71933,1.71946,1.28,1.69
2014.04.28 06:35:55.757,1.71935,1.71946,1.08,1.25
2014.04.28 06:35:56.380,1.71934,1.71946,1.45,1.19
2014.04.28 06:35:57.881,1.71928,1.71944,1.39,1.38
2014.04.28 06:35:57.932,1.71927,1.71944,2.04,1.83
2014.04.28 06:35:57.983,1.7193,1.71944,2.70,1.45
2014.04.28 06:35:58.237,1.71928,1.71943,2.33,1.77
2014.04.28 06:35:58.288,1.71927,1.71941,1.28,1.38
2014.04.28 06:35:58.339,1.7193,1.71941,1.00,1.50
2014.04.28 06:35:58.491,1.7193,1.71946,1.20,2.14
2014.04.28 06:35:58.542,1.71934,1.71946,1.00,2.14
2014.04.28 06:35:59.101,1.71934,1.71946,1.00,2.14
2014.04.28 06:36:01.229,1.71934,1.71944,1.00,1.58
2014.04.28 06:36:01.685,1.71934,1.71944,1.00,1.58
2014.04.28 06:36:01.894,1.71934,1.71944,1.00,1.58
2014.04.28 06:36:02.436,1.71934,1.71943,1.00,1.20
2014.04.28 06:36:02.739,1.71927,1.7194,1.72,1.20
2014.04.28 06:36:03.093,1.71927,1.71937,1.72,1.32
2014.04.28 06:36:03.397,1.71925,1.71932,1.00,1.39
2014.04.28 06:36:03.500,1.7192,1.71931,1.38,1.64
2014.04.28 06:36:03.602,1.7192,1.71931,1.00,1.64
2014.04.28 06:36:03.704,1.7192,1.71929,1.00,1.77
2014.04.28 06:36:03.856,1.71918,1.71929,1.00,1.84
2014.04.28 06:36:03.907,1.71918,1.71929,1.00,1.84
2014.04.28 06:36:04.117,1.71918,1.7193,1.00,1.39
2014.04.28 06:36:04.269,1.71918,1.71931,1.00,1.64
2014.04.28 06:36:04.674,1.71918,1.7193,1.00,1.09
2014.04.28 06:36:05.207,1.71918,1.71927,1.00,1.18
2014.04.28 06:36:05.943,1.71918,1.71931,1.19,2.03
2014.04.28 06:36:06.247,1.71918,1.71931,1.32,1.20
2014.04.28 06:36:06.348,1.71918,1.7193,1.90,1.10
2014.04.28 06:36:06.651,1.71918,1.71929,1.32,1.00
2014.04.28 06:36:06.722,1.71918,1.71928,1.32,1.20
2014.04.28 06:36:07.359,1.71918,1.71928,1.19,1.00
2014.04.28 06:36:07.561,1.71918,1.71928,1.13,1.00
2014.04.28 06:36:08.889,1.71916,1.71926,1.00,1.00
2014.04.28 06:36:09.345,1.71912,1.71926,1.74,1.10
2014.04.28 06:36:09.648,1.71909,1.71925,2.07,1.55
2014.04.28 06:36:09.952,1.71909,1.7192,1.48,1.20
2014.04.28 06:36:10.457,1.71908,1.7192,2.37,1.00
2014.04.28 06:36:11.379,1.71908,1.71922,2.55,1.00
2014.04.28 06:36:11.964,1.7191,1.71923,1.63,1.10
2014.04.28 06:36:12.891,1.71913,1.71925,1.20,1.00
2014.04.28 06:36:13.436,1.71913,1.71925,1.65,1.00
2014.04.28 06:36:13.951,1.71911,1.71925,1.43,1.20
2014.04.28 06:36:15.796,1.71911,1.71923,1.43,1.00
2014.04.28 06:36:15.948,1.71912,1.71923,1.35,1.00
2014.04.28 06:36:16.253,1.71923,1.71932,1.02,1.00
2014.04.28 06:36:16.405,1.71918,1.71927,2.40,1.00
2014.04.28 06:36:16.557,1.71918,1.71927,1.00,1.20
2014.04.28 06:36:16.608,1.71918,1.71924,1.00,1.00
2014.04.28 06:36:17.014,1.71914,1.71924,1.00,1.10
2014.04.28 06:36:17.122,1.71914,1.71923,1.00,1.20
2014.04.28 06:36:17.625,1.71912,1.71923,1.73,1.20
2014.04.28 06:36:17.929,1.71921,1.71937,1.47,1.20
2014.04.28 06:36:18.030,1.71922,1.71935,1.02,1.00
2014.04.28 06:36:18.233,1.71921,1.71933,1.73,1.00
2014.04.28 06:36:18.739,1.71921,1.71934,1.28,1.10
2014.04.28 06:36:18.954,1.71921,1.71932,1.54,1.10
2014.04.28 06:36:19.005,1.71921,1.71929,1.00,1.00
2014.04.28 06:36:19.308,1.71914,1.71925,1.63,1.00
2014.04.28 06:36:19.511,1.71914,1.71925,3.15,1.20
2014.04.28 06:36:19.814,1.71927,1.71934,1.02,1.13
2014.04.28 06:36:19.915,1.71931,1.71938,1.95,1.28
2014.04.28 06:36:20.017,1.71931,1.7194,1.95,1.00
2014.04.28 06:36:22.137,1.71931,1.71942,1.88,1.10
2014.04.28 06:36:22.592,1.71931,1.71942,2.03,1.00
2014.04.28 06:36:23.097,1.71931,1.71944,2.03,1.20
2014.04.28 06:36:23.402,1.71929,1.71944,1.55,1.58
2014.04.28 06:36:23.554,1.71927,1.71941,1.55,1.00
2014.04.28 06:36:24.080,1.71926,1.7194,2.52,1.00
2014.04.28 06:36:26.498,1.71926,1.7194,2.07,1.00
2014.04.28 06:36:26.802,1.71924,1.71936,1.77,1.45
2014.04.28 06:36:27.105,1.71924,1.71932,1.10,1.58
2014.04.28 06:36:27.156,1.71922,1.71934,1.00,1.65
2014.04.28 06:36:27.309,1.71922,1.71932,1.50,1.20
2014.04.28 06:36:27.410,1.71922,1.71934,1.50,1.00
2014.04.28 06:36:27.562,1.71926,1.71935,1.00,1.95
2014.04.28 06:36:28.434,1.71926,1.71935,1.00,1.45
2014.04.28 06:36:29.601,1.71926,1.71935,1.13,1.00
2014.04.28 06:36:29.904,1.7193,1.71939,1.08,1.20
2014.04.28 06:36:30.940,1.71931,1.71941,1.20,1.45
2014.04.28 06:36:32.235,1.71929,1.71941,1.08,1.45
2014.04.28 06:36:32.489,1.71929,1.71941,1.08,1.20
2014.04.28 06:36:32.540,1.71927,1.71938,1.13,1.00
2014.04.28 06:36:32.843,1.71924,1.71936,1.88,1.45
2014.04.28 06:36:33.046,1.71924,1.71936,1.58,1.45
2014.04.28 06:36:33.248,1.71925,1.71936,1.13,1.20
2014.04.28 06:36:33.482,1.71925,1.71936,1.13,1.45
2014.04.28 06:36:34.108,1.71925,1.71936,1.13,1.45
2014.04.28 06:36:34.411,1.71924,1.71936,1.48,1.45
2014.04.28 06:36:34.979,1.71924,1.71936,1.48,1.45
2014.04.28 06:36:35.448,1.71925,1.71937,1.57,1.00
2014.04.28 06:36:35.752,1.71924,1.71937,1.58,1.45
2014.04.28 06:36:36.207,1.71924,1.71934,1.20,1.45
2014.04.28 06:36:36.738,1.71924,1.71934,1.20,1.45
2014.04.28 06:36:37.538,1.71924,1.71934,1.58,1.00
2014.04.28 06:36:37.690,1.71924,1.71938,1.95,1.10
2014.04.28 06:36:38.199,1.71925,1.71939,1.02,1.65
2014.04.28 06:36:38.776,1.71924,1.71939,2.14,2.03
2014.04.28 06:36:39.578,1.71925,1.71939,1.60,1.58
2014.04.28 06:36:41.298,1.71925,1.71939,1.33,1.65
2014.04.28 06:36:41.627,1.71924,1.71939,1.77,1.93
2014.04.28 06:36:42.154,1.71924,1.71939,1.02,1.93
2014.04.28 06:36:42.462,1.71923,1.71937,1.93,1.83
2014.04.28 06:36:42.665,1.71917,1.71933,2.97,1.13
2014.04.28 06:36:42.716,1.71916,1.71932,1.58,2.22
2014.04.28 06:36:42.918,1.71916,1.7193,1.28,1.00
2014.04.28 06:36:43.272,1.71916,1.7193,1.47,1.00
2014.04.28 06:36:43.778,1.71916,1.7193,1.09,1.10
2014.04.28 06:36:44.377,1.71916,1.7193,1.09,1.10
2014.04.28 06:36:44.903,1.71917,1.7193,1.33,1.00
2014.04.28 06:36:45.206,1.71914,1.71927,1.64,1.20
2014.04.28 06:36:46.229,1.71914,1.71927,1.02,1.45
2014.04.28 06:36:47.080,1.71914,1.71927,1.02,1.45
2014.04.28 06:36:47.386,1.71912,1.71925,1.32,1.45
2014.04.28 06:36:48.436,1.71912,1.71925,1.32,1.45
2014.04.28 06:36:49.157,1.71912,1.71925,1.32,1.20
2014.04.28 06:36:49.552,1.71912,1.71919,1.32,1.00
2014.04.28 06:36:50.036,1.71912,1.71922,1.32,1.00
2014.04.28 06:36:51.521,1.71912,1.71922,1.33,1.00
2014.04.28 06:36:51.745,1.71908,1.71921,2.33,1.00
2014.04.28 06:36:51.847,1.71906,1.71919,1.08,1.20
2014.04.28 06:36:51.898,1.71906,1.71916,1.08,1.00
2014.04.28 06:36:53.011,1.71903,1.71916,1.83,1.00
2014.04.28 06:36:53.062,1.71903,1.71916,1.55,1.00
2014.04.28 06:36:53.595,1.71902,1.71915,1.13,1.20
2014.04.28 06:36:53.701,1.71899,1.71914,2.07,1.58
2014.04.28 06:36:53.803,1.71899,1.71912,2.14,1.00
2014.04.28 06:36:54.337,1.71899,1.71911,1.58,1.45
2014.04.28 06:36:54.886,1.71899,1.71911,1.65,1.00
2014.04.28 06:36:56.511,1.71899,1.71911,1.84,1.00
2014.04.28 06:36:56.823,1.71898,1.71911,1.08,1.83
2014.04.28 06:36:56.874,1.71897,1.7191,1.13,1.28
2014.04.28 06:36:57.380,1.71894,1.71906,2.14,1.88
2014.04.28 06:36:58.491,1.71894,1.71906,1.77,2.33
2014.04.28 06:36:58.796,1.71896,1.71906,1.09,1.20
2014.04.28 06:36:58.898,1.719,1.71915,1.32,1.45
2014.04.28 06:36:59.206,1.719,1.71915,1.32,1.45
2014.04.28 06:37:00.393,1.71901,1.71918,1.02,2.33
2014.04.28 06:37:01.163,1.71901,1.71917,1.27,1.28
2014.04.28 06:37:01.468,1.71901,1.71918,1.02,1.95
2014.04.28 06:37:02.366,1.71902,1.71918,1.02,1.50
2014.04.28 06:37:02.468,1.71904,1.71918,2.44,1.83
2014.04.28 06:37:02.771,1.71904,1.71919,2.14,1.53
2014.04.28 06:37:03.007,1.71904,1.71919,2.14,2.03
2014.04.28 06:37:03.525,1.71904,1.7192,1.64,1.58
2014.04.28 06:37:03.879,1.71907,1.7192,1.19,1.45
2014.04.28 06:37:04.030,1.71909,1.71923,1.19,2.33
2014.04.28 06:37:04.081,1.71909,1.71923,1.32,1.95
2014.04.28 06:37:04.233,1.71907,1.71922,1.64,1.28
2014.04.28 06:37:04.587,1.71905,1.7192,1.77,1.53
2014.04.28 06:37:04.890,1.71903,1.71918,1.67,1.20
2014.04.28 06:37:06.607,1.71902,1.71918,1.02,1.20
2014.04.28 06:37:07.144,1.71902,1.71918,1.02,1.20
2014.04.28 06:37:07.709,1.719,1.71917,2.14,1.20
2014.04.28 06:37:08.515,1.71901,1.71917,1.27,2.03
2014.04.28 06:37:08.567,1.71901,1.71916,1.27,1.28
2014.04.28 06:37:08.619,1.71901,1.71916,1.27,1.28
2014.04.28 06:37:08.923,1.71898,1.71914,1.27,1.28
2014.04.28 06:37:09.436,1.71898,1.71914,1.27,1.28
2014.04.28 06:37:10.884,1.71898,1.71914,1.27,1.28
2014.04.28 06:37:12.884,1.71898,1.71914,1.27,1.28
2014.04.28 06:37:14.756,1.719,1.71914,1.19,1.28
2014.04.28 06:37:15.896,1.719,1.71914,1.19,1.28
2014.04.28 06:37:16.951,1.719,1.71915,1.32,2.70
2014.04.28 06:37:18.911,1.719,1.71915,1.39,1.95
2014.04.28 06:37:19.958,1.719,1.71914,1.19,1.28
2014.04.28 06:37:21.121,1.719,1.71913,1.19,1.58
2014.04.28 06:37:22.426,1.719,1.71913,1.19,1.58
2014.04.28 06:37:24.135,1.719,1.71913,1.25,1.58
2014.04.28 06:37:24.236,1.719,1.71913,1.02,1.20
2014.04.28 06:37:24.287,1.719,1.71915,1.67,2.03
2014.04.28 06:37:24.438,1.719,1.71915,1.39,1.53
2014.04.28 06:37:24.691,1.71901,1.71916,1.28,1.08
2014.04.28 06:37:25.290,1.71902,1.71918,1.27,1.28
2014.04.28 06:37:25.394,1.71901,1.71917,1.35,1.20
2014.04.28 06:37:26.696,1.71901,1.71919,1.99,2.03
2014.04.28 06:37:27.000,1.71913,1.71924,1.38,1.13
2014.04.28 06:37:27.354,1.71914,1.71927,1.90,2.00
2014.04.28 06:37:27.456,1.71914,1.71927,2.00,1.20
2014.04.28 06:37:27.901,1.71916,1.71928,1.30,1.50
2014.04.28 06:37:28.485,1.71916,1.71929,1.30,2.33
2014.04.28 06:37:28.996,1.71916,1.71929,1.24,2.33
2014.04.28 06:37:29.400,1.71916,1.71929,1.02,2.78
2014.04.28 06:37:31.035,1.71914,1.71928,1.29,1.28
2014.04.28 06:37:31.578,1.71914,1.71928,1.29,1.28
2014.04.28 06:37:32.474,1.7191,1.71925,1.57,1.20
2014.04.28 06:37:32.626,1.7191,1.71924,1.19,1.28
2014.04.28 06:37:33.131,1.7191,1.71925,1.39,1.28
2014.04.28 06:37:33.662,1.7191,1.71925,1.39,1.28
2014.04.28 06:37:35.422,1.7191,1.71926,1.77,1.20
2014.04.28 06:37:38.235,1.71908,1.71921,1.50,1.10
2014.04.28 06:37:38.337,1.71907,1.71921,1.88,1.73
2014.04.28 06:37:38.388,1.71907,1.71919,1.88,1.54
2014.04.28 06:37:38.640,1.71903,1.71915,1.00,1.28
2014.04.28 06:37:40.022,1.71901,1.71914,1.25,1.28
2014.04.28 06:37:42.472,1.71901,1.71913,1.00,1.20
2014.04.28 06:37:42.674,1.71901,1.71917,1.39,1.13
2014.04.28 06:37:44.073,1.71907,1.71916,1.00,1.18
2014.04.28 06:37:44.225,1.71907,1.71919,1.00,1.74
2014.04.28 06:37:44.427,1.71905,1.71919,1.00,1.02
2014.04.28 06:37:45.034,1.71905,1.71919,1.19,1.53
2014.04.28 06:37:45.338,1.71916,1.71929,1.02,1.45
2014.04.28 06:37:45.642,1.71916,1.71929,1.02,1.45
2014.04.28 06:37:46.328,1.71916,1.71929,1.02,1.00
2014.04.28 06:37:46.631,1.7192,1.71929,1.20,1.00
2014.04.28 06:37:48.642,1.71919,1.71928,1.55,1.00
2014.04.28 06:37:49.152,1.71919,1.71928,1.64,1.00
2014.04.28 06:37:49.580,1.71924,1.71928,1.00,1.00
2014.04.28 06:37:49.732,1.71924,1.71931,3.90,1.50
2014.04.28 06:37:49.884,1.71924,1.71932,1.65,1.13
2014.04.28 06:37:50.406,1.71921,1.71932,3.53,1.95
2014.04.28 06:37:50.608,1.7192,1.71932,1.39,2.25
2014.04.28 06:37:50.710,1.71916,1.71931,2.22,1.10
2014.04.28 06:37:51.165,1.71915,1.71928,2.18,1.10
2014.04.28 06:37:51.671,1.71915,1.71927,1.62,1.10
2014.04.28 06:37:52.761,1.71914,1.71927,1.32,1.65
2014.04.28 06:37:53.064,1.71913,1.71924,1.57,1.00
2014.04.28 06:37:53.267,1.71914,1.71926,2.03,1.00
2014.04.28 06:37:53.368,1.71916,1.71928,1.39,1.00
2014.04.28 06:37:55.204,1.71913,1.71927,1.73,1.08
2014.04.28 06:37:56.190,1.71914,1.71928,2.85,1.50
2014.04.28 06:37:56.536,1.71915,1.71928,1.19,1.10
2014.04.28 06:37:58.387,1.71915,1.71927,1.57,1.20
2014.04.28 06:37:58.488,1.71912,1.71927,1.98,1.95
2014.04.28 06:37:58.640,1.71911,1.71926,1.64,1.50
2014.04.28 06:37:58.691,1.7191,1.71925,1.77,1.50
2014.04.28 06:37:58.995,1.71908,1.71921,2.07,1.20
2014.04.28 06:37:59.046,1.71908,1.71921,1.32,1.20
2014.04.28 06:38:02.569,1.71906,1.71919,1.39,1.45
2014.04.28 06:38:02.794,1.71903,1.71914,1.27,1.20
2014.04.28 06:38:02.846,1.71901,1.71914,1.02,1.20
2014.04.28 06:38:02.897,1.71901,1.71912,1.02,1.00
2014.04.28 06:38:03.201,1.71899,1.7191,1.69,1.45
2014.04.28 06:38:03.302,1.71904,1.71913,1.19,1.50
2014.04.28 06:38:04.658,1.71906,1.71913,1.17,1.00
2014.04.28 06:38:04.760,1.71906,1.71917,1.43,1.00
2014.04.28 06:38:05.269,1.71907,1.71918,1.62,1.00
2014.04.28 06:38:05.779,1.71908,1.71918,1.27,1.00
2014.04.28 06:38:07.057,1.71905,1.71918,1.02,1.45
2014.04.28 06:38:07.259,1.71903,1.71916,1.02,1.00
2014.04.28 06:38:08.775,1.71903,1.71915,1.02,1.00
2014.04.28 06:38:10.365,1.71904,1.71915,1.39,1.00
2014.04.28 06:38:15.389,1.719,1.71915,1.72,1.20
2014.04.28 06:38:15.906,1.719,1.71915,1.37,1.48
2014.04.28 06:38:16.473,1.719,1.71915,1.84,1.48
2014.04.28 06:38:17.725,1.719,1.71914,1.39,1.08
2014.04.28 06:38:17.891,1.71899,1.71914,1.84,1.08
2014.04.28 06:38:21.409,1.71899,1.71914,2.14,1.08
2014.04.28 06:38:21.925,1.71899,1.71915,2.44,2.33
2014.04.28 06:38:22.623,1.71901,1.71915,1.19,1.58
2014.04.28 06:38:23.218,1.71901,1.71915,1.32,1.28
2014.04.28 06:38:23.756,1.71899,1.71911,1.39,1.38
2014.04.28 06:38:24.061,1.71893,1.71903,1.88,1.00
2014.04.28 06:38:24.112,1.71892,1.71903,1.47,1.00
2014.04.28 06:38:24.163,1.71892,1.719,1.47,1.00
2014.04.28 06:38:24.264,1.71889,1.71899,1.28,1.00
2014.04.28 06:38:24.670,1.71887,1.71898,1.39,1.50
2014.04.28 06:38:24.924,1.71884,1.71894,1.39,1.00
2014.04.28 06:38:25.367,1.71883,1.71894,1.05,1.00
2014.04.28 06:38:25.419,1.71882,1.71894,1.77,1.45
2014.04.28 06:38:25.774,1.71884,1.71892,1.24,1.00
2014.04.28 06:38:25.876,1.71884,1.71892,1.24,1.00
2014.04.28 06:38:26.180,1.71886,1.71894,2.03,1.00
2014.04.28 06:38:28.276,1.71885,1.71895,2.85,1.00
2014.04.28 06:38:30.045,1.71887,1.71896,1.35,1.00
2014.04.28 06:38:30.147,1.71887,1.719,1.35,1.10
2014.04.28 06:38:30.299,1.71888,1.719,2.00,1.00
2014.04.28 06:38:30.349,1.71892,1.71902,2.40,1.10
2014.04.28 06:38:30.400,1.71892,1.71902,2.40,1.00
2014.04.28 06:38:31.405,1.71893,1.71902,1.35,1.00
2014.04.28 06:38:31.710,1.71892,1.71903,2.93,1.50
2014.04.28 06:38:32.015,1.71889,1.71903,1.43,1.58
2014.04.28 06:38:33.685,1.71888,1.71902,2.08,1.00
2014.04.28 06:38:34.251,1.71888,1.71903,2.08,1.58
2014.04.28 06:38:34.352,1.71888,1.71903,1.50,1.38
2014.04.28 06:38:40.230,1.71889,1.71904,2.03,1.65
2014.04.28 06:38:40.281,1.71889,1.71905,2.10,1.65
2014.04.28 06:38:40.800,1.71895,1.71908,1.20,1.95
2014.04.28 06:38:41.258,1.71893,1.71909,1.35,1.45
2014.04.28 06:38:44.854,1.71894,1.7191,2.00,1.95
2014.04.28 06:38:46.052,1.71894,1.71911,2.10,1.93
2014.04.28 06:38:46.103,1.71895,1.71911,1.35,1.65
2014.04.28 06:38:47.149,1.71897,1.71911,1.57,1.65
2014.04.28 06:38:47.453,1.71899,1.7191,2.00,1.00
2014.04.28 06:38:48.416,1.719,1.71915,1.28,1.20
2014.04.28 06:38:48.918,1.719,1.71916,1.35,1.20
2014.04.28 06:38:49.483,1.719,1.71916,1.35,1.20
2014.04.28 06:38:49.560,1.719,1.71916,1.65,1.20
2014.04.28 06:38:49.612,1.71898,1.71916,2.44,1.20
2014.04.28 06:38:49.663,1.71898,1.71911,1.69,1.13
2014.04.28 06:38:49.866,1.71897,1.71911,1.65,1.65
2014.04.28 06:38:49.967,1.71897,1.71911,1.35,1.00
2014.04.28 06:38:50.081,1.71897,1.71911,1.35,1.00
2014.04.28 06:38:50.589,1.71897,1.7191,1.35,1.00
2014.04.28 06:38:54.875,1.71897,1.7191,2.10,1.00
2014.04.28 06:38:55.831,1.71897,1.7191,1.35,1.00
2014.04.28 06:38:56.425,1.71897,1.71912,1.35,1.58
2014.04.28 06:38:56.885,1.71898,1.71912,1.67,1.58
2014.04.28 06:39:02.482,1.71897,1.71912,1.35,1.20
2014.04.28 06:39:02.584,1.71895,1.71912,1.60,1.88
2014.04.28 06:39:02.887,1.71892,1.71907,1.27,1.20
2014.04.28 06:39:03.039,1.7189,1.71907,1.80,1.45
2014.04.28 06:39:03.140,1.71889,1.71906,1.32,1.90
2014.04.28 06:39:03.445,1.71888,1.71904,1.02,1.95
2014.04.28 06:39:03.655,1.71888,1.71904,1.02,1.95
2014.04.28 06:39:06.859,1.71887,1.71904,1.32,2.52
2014.04.28 06:39:07.366,1.71887,1.71902,1.13,1.55
2014.04.28 06:39:08.893,1.71886,1.71902,1.32,1.93
2014.04.28 06:39:08.944,1.71886,1.71902,1.32,1.93
2014.04.28 06:39:09.045,1.71884,1.71901,1.77,1.20
2014.04.28 06:39:09.146,1.71886,1.71899,1.33,1.58
2014.04.28 06:39:09.450,1.71883,1.71893,2.07,1.45
2014.04.28 06:39:09.956,1.71883,1.71895,1.32,1.45
2014.04.28 06:39:10.263,1.71884,1.71895,1.02,1.00
2014.04.28 06:39:10.314,1.71884,1.71898,1.02,1.45
2014.04.28 06:39:10.364,1.71884,1.71898,1.02,1.83
2014.04.28 06:39:19.277,1.71884,1.71895,1.27,1.45
2014.04.28 06:39:19.379,1.71881,1.71893,1.88,1.65
2014.04.28 06:39:19.844,1.71879,1.71892,1.02,1.45
2014.04.28 06:39:21.704,1.71877,1.71893,1.35,1.95
2014.04.28 06:39:22.395,1.71876,1.71891,2.48,1.18
2014.04.28 06:39:22.547,1.71877,1.71892,1.35,2.40
2014.04.28 06:39:22.699,1.71877,1.71892,1.35,1.65
2014.04.28 06:39:23.209,1.71877,1.71893,1.35,1.20
2014.04.28 06:39:31.730,1.7188,1.71895,1.02,1.55
2014.04.28 06:39:32.427,1.7188,1.71895,1.02,1.55
2014.04.28 06:39:39.373,1.71882,1.71895,1.08,1.45
2014.04.28 06:39:40.024,1.71882,1.71895,1.13,1.45
2014.04.28 06:39:40.890,1.71882,1.71895,1.45,1.45
2014.04.28 06:39:47.765,1.7188,1.71889,1.13,1.45
2014.04.28 06:39:47.867,1.71878,1.71889,1.02,1.45
2014.04.28 06:39:47.968,1.7188,1.71889,1.13,1.45
2014.04.28 06:39:48.070,1.71879,1.71889,1.02,1.45
2014.04.28 06:39:48.329,1.71877,1.71889,1.32,1.83
2014.04.28 06:39:48.836,1.71875,1.71891,1.02,1.28
2014.04.28 06:39:49.628,1.71875,1.71891,1.02,1.28
2014.04.28 06:39:50.144,1.71877,1.71893,1.02,3.53
2014.04.28 06:39:52.203,1.71876,1.71892,1.32,1.93
2014.04.28 06:39:54.819,1.71874,1.71889,1.08,1.55
2014.04.28 06:39:56.747,1.71874,1.71889,1.02,1.55
2014.04.28 06:39:56.849,1.71875,1.71889,2.07,1.45
2014.04.28 06:39:59.519,1.71877,1.71891,1.70,1.95
2014.04.28 06:39:59.822,1.7188,1.71891,1.39,1.00
2014.04.28 06:40:00.248,1.7188,1.71891,1.64,1.00
2014.04.28 06:40:00.601,1.7188,1.71898,2.14,1.13
2014.04.28 06:40:00.753,1.71882,1.71898,1.02,1.58
2014.04.28 06:40:01.006,1.71884,1.71895,1.02,1.00
2014.04.28 06:40:03.191,1.71884,1.71895,1.02,1.00
2014.04.28 06:40:03.709,1.71888,1.71901,1.02,1.00
2014.04.28 06:40:03.911,1.71888,1.71903,1.02,1.10
2014.04.28 06:40:05.374,1.7189,1.71903,1.02,1.10
2014.04.28 06:40:06.833,1.7189,1.71903,1.02,1.20
2014.04.28 06:40:07.339,1.71891,1.71903,1.02,1.50
2014.04.28 06:40:07.520,1.71891,1.71903,1.02,1.10
2014.04.28 06:40:07.571,1.71892,1.71903,1.02,1.10
2014.04.28 06:40:07.775,1.71892,1.71905,1.74,1.00
2014.04.28 06:40:07.927,1.71894,1.71905,1.64,1.00
2014.04.28 06:40:08.232,1.71897,1.7191,1.47,1.00
2014.04.28 06:40:08.742,1.71899,1.71911,1.33,1.00
2014.04.28 06:40:09.401,1.71899,1.71911,1.27,1.00
2014.04.28 06:40:10.390,1.71899,1.71912,1.72,1.50
2014.04.28 06:40:10.944,1.71898,1.71912,1.02,1.50
2014.04.28 06:40:11.527,1.71897,1.71912,1.09,1.58
2014.04.28 06:40:12.293,1.71898,1.71911,1.29,1.50
2014.04.28 06:40:12.658,1.71899,1.71912,1.02,1.75
2014.04.28 06:40:13.062,1.719,1.71912,1.29,1.50
2014.04.28 06:40:13.163,1.719,1.71912,1.29,1.10
2014.04.28 06:40:14.453,1.719,1.71912,1.29,1.38
2014.04.28 06:40:15.430,1.71899,1.71911,1.02,1.20
2014.04.28 06:40:15.964,1.719,1.71911,1.02,1.00
2014.04.28 06:40:16.564,1.719,1.71912,1.02,1.00
2014.04.28 06:40:16.732,1.71901,1.71914,1.39,2.70
2014.04.28 06:40:16.985,1.71901,1.71916,1.10,1.50
2014.04.28 06:40:17.086,1.71898,1.71914,1.38,2.82
2014.04.28 06:40:17.187,1.71895,1.71909,1.64,1.13
2014.04.28 06:40:17.725,1.71894,1.71909,1.09,1.13
2014.04.28 06:40:18.311,1.71894,1.71909,1.09,1.88
2014.04.28 06:40:20.672,1.71893,1.71909,1.43,1.88
2014.04.28 06:40:22.548,1.71893,1.71906,1.43,1.00
2014.04.28 06:40:23.974,1.71893,1.71906,1.09,1.00
2014.04.28 06:40:24.522,1.71893,1.71906,1.09,1.00
2014.04.28 06:40:25.393,1.71893,1.71908,1.09,1.08
2014.04.28 06:40:25.942,1.71894,1.71911,1.09,3.19
2014.04.28 06:40:26.472,1.71894,1.71911,1.78,2.44
2014.04.28 06:40:28.237,1.71896,1.71911,2.52,1.50
2014.04.28 06:40:28.389,1.71901,1.71916,1.32,1.13
2014.04.28 06:40:28.541,1.71903,1.71916,1.39,1.38
2014.04.28 06:40:29.114,1.71903,1.71919,1.39,1.88
2014.04.28 06:40:32.655,1.71904,1.71919,1.09,1.48
2014.04.28 06:40:34.851,1.71903,1.71911,2.14,1.00
2014.04.28 06:40:35.389,1.71903,1.71916,1.39,1.13
2014.04.28 06:40:37.317,1.71903,1.71916,1.39,1.38
2014.04.28 06:40:42.845,1.71903,1.71916,1.00,1.58
2014.04.28 06:40:43.359,1.71903,1.71916,1.00,1.95
2014.04.28 06:40:43.872,1.71903,1.71916,1.19,1.95
2014.04.28 06:40:44.389,1.71903,1.71916,1.19,1.95
2014.04.28 06:40:45.099,1.71903,1.71916,1.00,1.95
2014.04.28 06:40:48.236,1.71903,1.71916,1.10,1.69
2014.04.28 06:40:48.540,1.71901,1.71911,1.00,1.00
2014.04.28 06:40:48.591,1.71901,1.71915,1.20,1.02
2014.04.28 06:40:48.793,1.71901,1.71912,1.00,1.10
2014.04.28 06:40:49.602,1.71901,1.71914,1.32,1.20
2014.04.28 06:40:49.704,1.71906,1.71916,1.00,1.13
2014.04.28 06:40:49.755,1.71906,1.71917,1.00,1.28
2014.04.28 06:40:51.494,1.71906,1.71917,1.00,1.10
2014.04.28 06:40:51.646,1.71906,1.71919,1.47,1.00
2014.04.28 06:40:51.696,1.71906,1.71921,1.84,1.13
2014.04.28 06:40:52.203,1.71908,1.71919,1.50,1.00
2014.04.28 06:40:52.725,1.71908,1.71924,1.50,2.22
2014.04.28 06:40:53.418,1.71908,1.71924,1.69,2.03
2014.04.28 06:40:53.722,1.7191,1.71924,1.28,1.08
2014.04.28 06:40:54.006,1.71911,1.71926,1.18,1.70
2014.04.28 06:40:55.793,1.71911,1.71926,1.18,1.77
2014.04.28 06:40:56.411,1.71911,1.71926,1.18,1.77
2014.04.28 06:40:58.939,1.71911,1.71926,1.18,1.77
2014.04.28 06:40:59.593,1.7191,1.71925,1.45,1.13
2014.04.28 06:41:00.019,1.7191,1.71925,1.45,1.13
2014.04.28 06:41:01.737,1.7191,1.71925,1.70,1.13
2014.04.28 06:41:02.040,1.7191,1.71925,1.77,1.13
2014.04.28 06:41:02.091,1.71914,1.71926,1.70,1.13
2014.04.28 06:41:02.193,1.71914,1.71927,1.45,1.50
2014.04.28 06:41:02.244,1.71914,1.71924,1.00,1.00
2014.04.28 06:41:02.294,1.71912,1.71924,1.00,1.94
2014.04.28 06:41:02.598,1.71907,1.71922,1.95,2.63
2014.04.28 06:41:03.104,1.71905,1.71921,1.64,2.63
2014.04.28 06:41:05.248,1.71904,1.71919,1.77,1.13
2014.04.28 06:41:05.763,1.71904,1.71919,1.77,1.13
2014.04.28 06:41:09.084,1.71908,1.71921,1.70,1.88
2014.04.28 06:41:12.166,1.71908,1.71921,1.39,1.50
2014.04.28 06:41:12.826,1.71906,1.71921,1.02,1.88
2014.04.28 06:41:12.927,1.71908,1.71923,1.02,1.88
2014.04.28 06:41:13.079,1.71908,1.71923,1.77,1.50
2014.04.28 06:41:14.055,1.71909,1.71924,1.64,1.75
2014.04.28 06:41:15.017,1.71909,1.71924,1.64,1.75
2014.04.28 06:41:19.904,1.71908,1.71924,1.84,1.88
2014.04.28 06:41:20.169,1.71909,1.71924,1.09,1.20
2014.04.28 06:41:21.056,1.71909,1.71925,1.09,3.08
2014.04.28 06:41:21.454,1.71909,1.71925,1.09,3.08
2014.04.28 06:41:21.505,1.71908,1.71924,1.74,1.13
2014.04.28 06:41:24.644,1.71907,1.71924,1.09,1.13
2014.04.28 06:41:28.335,1.71905,1.71922,1.72,1.13
2014.04.28 06:41:29.022,1.71905,1.71922,1.09,1.13
2014.04.28 06:41:29.530,1.71904,1.7192,1.09,1.88
2014.04.28 06:41:29.681,1.71904,1.71918,1.45,1.32
2014.04.28 06:41:29.783,1.71904,1.71918,1.20,1.32
2014.04.28 06:41:29.885,1.71904,1.71915,1.00,1.13
2014.04.28 06:41:30.188,1.71902,1.71918,1.84,1.13
2014.04.28 06:41:30.239,1.71902,1.71918,1.84,1.13
2014.04.28 06:41:32.618,1.71902,1.71917,1.70,1.13
2014.04.28 06:41:36.918,1.71902,1.71918,1.95,1.02
2014.04.28 06:41:38.993,1.71903,1.71919,1.24,1.32
2014.04.28 06:41:39.044,1.71903,1.71919,1.43,1.13
2014.04.28 06:41:39.829,1.71904,1.71921,1.72,1.88
2014.04.28 06:41:41.449,1.71906,1.71921,1.58,1.88
2014.04.28 06:41:46.659,1.71907,1.71923,1.08,1.47
2014.04.28 06:41:47.150,1.71908,1.71923,1.50,1.02
2014.04.28 06:41:48.362,1.71908,1.71924,1.50,1.09
2014.04.28 06:41:49.682,1.71908,1.71918,1.50,1.10
2014.04.28 06:41:49.784,1.71908,1.71918,1.10,1.10
2014.04.28 06:41:50.310,1.71908,1.71922,1.10,1.09
2014.04.28 06:41:51.185,1.71908,1.71921,1.10,1.02
2014.04.28 06:41:52.684,1.71908,1.71921,1.10,2.08
2014.04.28 06:41:53.430,1.71905,1.71916,1.75,1.00
2014.04.28 06:41:54.682,1.71905,1.71921,1.75,2.08
2014.04.28 06:41:55.511,1.71907,1.71923,1.18,1.47
2014.04.28 06:41:56.131,1.71907,1.71923,1.18,1.47
2014.04.28 06:41:56.657,1.71905,1.7192,1.50,1.02
2014.04.28 06:41:57.664,1.71905,1.71922,1.95,1.02
2014.04.28 06:41:57.867,1.71905,1.7192,1.50,1.02
2014.04.28 06:41:58.963,1.71905,1.7192,1.75,1.02
2014.04.28 06:42:00.560,1.71905,1.71921,1.75,2.08
2014.04.28 06:42:00.917,1.71905,1.71921,1.95,1.77
2014.04.28 06:42:04.701,1.71906,1.71921,1.45,1.38
2014.04.28 06:42:05.206,1.71906,1.71923,1.39,1.70
2014.04.28 06:42:06.211,1.71907,1.71923,1.65,1.02
2014.04.28 06:42:06.945,1.71907,1.71923,1.20,1.47
2014.04.28 06:42:07.553,1.71906,1.71922,1.13,1.09
2014.04.28 06:42:08.928,1.71905,1.71922,1.94,1.93
2014.04.28 06:42:09.603,1.71905,1.71922,2.00,2.08
2014.04.28 06:42:09.704,1.71905,1.71922,2.00,2.08
2014.04.28 06:42:10.045,1.71905,1.71921,2.00,1.83
2014.04.28 06:42:10.366,1.71912,1.71916,1.10,1.00
2014.04.28 06:42:10.569,1.71916,1.71925,1.10,1.83
2014.04.28 06:42:10.670,1.71918,1.71925,1.00,1.83
2014.04.28 06:42:11.176,1.71919,1.71928,1.00,1.38
2014.04.28 06:42:11.681,1.71917,1.71921,1.10,1.20
2014.04.28 06:42:11.868,1.71918,1.71924,1.00,1.20
2014.04.28 06:42:11.969,1.71917,1.71921,1.10,1.00
2014.04.28 06:42:12.180,1.71918,1.71925,1.00,1.45
2014.04.28 06:42:12.534,1.71918,1.71925,1.00,1.83
2014.04.28 06:42:13.041,1.71917,1.71925,1.00,1.83
2014.04.28 06:42:13.556,1.71917,1.71925,1.00,2.08
2014.04.28 06:42:13.766,1.71917,1.71924,1.00,1.10
2014.04.28 06:42:14.534,1.71916,1.71924,1.00,1.10
2014.04.28 06:42:14.585,1.71916,1.71925,1.00,1.93
2014.04.28 06:42:14.686,1.71916,1.71924,1.50,1.10
2014.04.28 06:42:14.939,1.71918,1.71925,1.00,1.10
2014.04.28 06:42:15.458,1.71918,1.71928,1.00,2.03
2014.04.28 06:42:18.901,1.71918,1.71929,1.00,1.20
2014.04.28 06:42:20.613,1.71918,1.71929,1.00,1.90
2014.04.28 06:42:23.731,1.71918,1.71931,1.00,1.09
2014.04.28 06:42:24.035,1.7192,1.71926,1.00,1.10
2014.04.28 06:42:24.136,1.71918,1.71926,1.00,1.10
2014.04.28 06:42:25.711,1.71918,1.71929,1.00,1.55
2014.04.28 06:42:29.805,1.71918,1.71926,1.00,1.00
2014.04.28 06:42:31.188,1.71916,1.71926,1.00,1.00
2014.04.28 06:42:32.851,1.71916,1.71929,1.00,1.77
2014.04.28 06:42:33.309,1.71916,1.71929,1.00,1.77
2014.04.28 06:42:33.702,1.71912,1.71929,2.22,1.77
2014.04.28 06:42:34.234,1.71912,1.71928,2.22,1.13
2014.04.28 06:42:34.953,1.71914,1.71929,1.02,1.13
2014.04.28 06:42:35.066,1.71914,1.71929,1.02,1.13
2014.04.28 06:42:35.585,1.71914,1.71929,1.02,1.13
2014.04.28 06:42:35.792,1.71914,1.71929,1.02,1.13
2014.04.28 06:42:37.015,1.71913,1.7193,1.84,1.85
2014.04.28 06:42:38.157,1.71913,1.71929,1.39,1.20
2014.04.28 06:42:38.557,1.71913,1.7193,1.77,1.53
2014.04.28 06:42:38.658,1.71913,1.71931,2.04,1.47
2014.04.28 06:42:39.166,1.71915,1.71931,1.45,1.47
2014.04.28 06:42:39.531,1.71914,1.7193,1.39,1.10
2014.04.28 06:42:39.878,1.71913,1.71929,1.39,1.45
2014.04.28 06:42:43.030,1.71913,1.7193,1.02,1.85
2014.04.28 06:42:43.256,1.71913,1.7193,1.02,1.85
2014.04.28 06:42:44.775,1.71912,1.71927,2.14,1.18
2014.04.28 06:42:45.028,1.71912,1.71925,1.69,1.18
2014.04.28 06:42:45.331,1.71912,1.71924,1.25,1.45
2014.04.28 06:42:45.636,1.71913,1.71926,1.02,1.13
2014.04.28 06:42:45.686,1.71913,1.71925,1.02,1.08
2014.04.28 06:42:46.091,1.71911,1.71926,2.14,1.13
2014.04.28 06:42:46.192,1.71911,1.71926,1.69,1.13
2014.04.28 06:42:47.670,1.71911,1.71926,1.70,1.13
2014.04.28 06:42:48.208,1.71912,1.71926,1.02,1.13
2014.04.28 06:42:49.553,1.71911,1.71924,1.00,1.20
2014.04.28 06:42:49.605,1.71911,1.71924,1.00,1.85
2014.04.28 06:42:51.156,1.71911,1.71926,1.77,2.25
2014.04.28 06:42:51.701,1.71911,1.71926,1.77,1.13
2014.04.28 06:42:52.290,1.71912,1.71926,1.02,1.13
2014.04.28 06:42:52.883,1.71912,1.71926,1.09,1.08
2014.04.28 06:42:53.474,1.71911,1.71926,2.59,1.08
2014.04.28 06:42:54.134,1.71915,1.71926,1.00,1.58
2014.04.28 06:42:54.540,1.71918,1.71928,1.00,1.45
2014.04.28 06:42:54.743,1.71918,1.71929,1.13,1.20
2014.04.28 06:42:57.732,1.71919,1.71929,1.00,2.33
2014.04.28 06:42:58.750,1.71921,1.71929,1.00,1.00
2014.04.28 06:42:58.801,1.71921,1.71932,1.00,1.55
2014.04.28 06:43:00.978,1.71922,1.71932,1.00,1.55
2014.04.28 06:43:01.232,1.71925,1.71933,1.00,1.55
2014.04.28 06:43:01.384,1.71929,1.71939,1.00,1.45
2014.04.28 06:43:01.485,1.7193,1.7194,1.00,2.03
2014.04.28 06:43:01.536,1.7193,1.7194,1.00,2.33
2014.04.28 06:43:02.103,1.7193,1.7194,1.00,1.53
2014.04.28 06:43:02.461,1.71932,1.7194,1.00,1.53
2014.04.28 06:43:03.900,1.71932,1.7194,1.00,1.53
2014.04.28 06:43:06.568,1.71932,1.7194,1.00,1.53
2014.04.28 06:43:07.452,1.71932,1.7194,1.00,1.18
2014.04.28 06:43:07.554,1.71934,1.7194,1.00,1.08
2014.04.28 06:43:08.059,1.71934,1.71942,1.00,1.58
2014.04.28 06:43:08.808,1.71935,1.71942,1.00,1.13
2014.04.28 06:43:08.859,1.71936,1.71944,1.00,2.08
2014.04.28 06:43:14.768,1.71936,1.71944,1.00,1.55
2014.04.28 06:43:15.757,1.71936,1.71945,1.00,2.05
2014.04.28 06:43:19.686,1.71934,1.71942,1.00,1.09
2014.04.28 06:43:21.858,1.71934,1.71944,1.50,1.09
2014.04.28 06:43:21.960,1.71938,1.71945,1.00,1.45
2014.04.28 06:43:25.766,1.71938,1.71946,1.00,2.03
2014.04.28 06:43:25.968,1.71932,1.71947,1.00,1.83
2014.04.28 06:43:26.496,1.71932,1.71947,1.00,1.13
2014.04.28 06:43:27.443,1.71931,1.71947,2.59,1.13
2014.04.28 06:43:27.772,1.71931,1.71947,2.52,1.13
2014.04.28 06:43:29.219,1.71931,1.71945,1.77,1.13
2014.04.28 06:43:29.524,1.71928,1.71933,1.38,1.10
2014.04.28 06:43:29.677,1.71927,1.71937,1.13,1.13
2014.04.28 06:43:29.981,1.71932,1.7194,1.00,1.39
2014.04.28 06:43:30.133,1.7193,1.7194,1.50,1.39
2014.04.28 06:43:30.672,1.7193,1.71939,1.00,2.14
2014.04.28 06:43:31.179,1.71929,1.71936,1.00,1.88
2014.04.28 06:43:31.726,1.71929,1.71936,1.00,1.88
2014.04.28 06:43:34.078,1.71927,1.71937,1.00,1.13
2014.04.28 06:43:35.021,1.71927,1.71937,1.00,1.13
2014.04.28 06:43:35.173,1.7193,1.71937,1.00,1.08
2014.04.28 06:43:35.477,1.71932,1.71941,1.00,1.38
2014.04.28 06:43:35.528,1.71932,1.71941,1.00,1.00
2014.04.28 06:43:35.984,1.71935,1.71941,1.00,1.00
2014.04.28 06:43:46.195,1.71934,1.71941,1.00,1.00
2014.04.28 06:43:46.498,1.71931,1.71936,1.00,1.00
2014.04.28 06:43:46.701,1.71929,1.71936,1.00,1.00
2014.04.28 06:43:47.105,1.71927,1.71936,1.00,1.00
2014.04.28 06:43:47.743,1.71927,1.71936,1.00,1.38
2014.04.28 06:43:48.316,1.71927,1.71936,1.00,1.13
2014.04.28 06:43:49.331,1.71927,1.71931,1.00,1.00
2014.04.28 06:43:49.585,1.71925,1.71935,1.00,1.13
2014.04.28 06:43:49.636,1.71925,1.71934,1.00,1.28
2014.04.28 06:43:49.737,1.71925,1.71934,1.00,1.28
2014.04.28 06:43:50.297,1.71924,1.71934,1.00,1.28
2014.04.28 06:43:57.475,1.71924,1.71934,1.00,1.28
2014.04.28 06:44:01.536,1.71917,1.71933,1.20,1.28
2014.04.28 06:44:01.638,1.71921,1.71931,1.00,1.20
2014.04.28 06:44:01.841,1.71921,1.71931,1.00,1.20
2014.04.28 06:44:01.899,1.71923,1.71932,1.00,1.58
2014.04.28 06:44:02.225,1.71922,1.7193,1.00,1.08
2014.04.28 06:44:03.862,1.71922,1.71931,1.00,1.58
2014.04.28 06:44:03.913,1.71926,1.71932,1.00,1.20
2014.04.28 06:44:04.217,1.71924,1.71934,1.00,1.20
2014.04.28 06:44:04.268,1.71924,1.71933,1.00,1.20
2014.04.28 06:44:12.323,1.71927,1.71935,1.00,1.13
2014.04.28 06:44:13.054,1.71925,1.71936,1.00,2.03
2014.04.28 06:44:13.262,1.71928,1.71937,1.00,1.13
2014.04.28 06:44:13.464,1.71928,1.71936,1.00,1.58
2014.04.28 06:44:13.721,1.71928,1.71937,1.00,1.13
2014.04.28 06:44:13.923,1.71928,1.71937,1.00,1.13
2014.04.28 06:44:14.391,1.71928,1.71935,1.00,1.13
2014.04.28 06:44:20.774,1.71927,1.71935,1.50,1.13
2014.04.28 06:44:21.303,1.71928,1.71935,1.00,1.13
2014.04.28 06:44:23.180,1.71923,1.71933,1.00,1.95
2014.04.28 06:44:23.282,1.71924,1.71933,1.00,2.40
2014.04.28 06:44:23.333,1.71925,1.71933,1.00,2.40
2014.04.28 06:44:23.384,1.71925,1.71933,1.00,2.10
2014.04.28 06:44:23.502,1.71925,1.71933,1.00,2.10
2014.04.28 06:44:24.919,1.71925,1.71935,1.00,1.20
2014.04.28 06:44:25.121,1.71925,1.71934,1.00,1.20
2014.04.28 06:44:25.323,1.71927,1.71937,1.00,3.00
2014.04.28 06:44:25.680,1.71927,1.71934,1.00,1.13
2014.04.28 06:44:25.731,1.71923,1.71934,1.00,1.13
2014.04.28 06:44:25.782,1.71923,1.71932,1.00,1.39
2014.04.28 06:44:25.833,1.71921,1.71932,1.00,1.39
2014.04.28 06:44:25.934,1.71921,1.71933,1.00,3.19
2014.04.28 06:44:27.209,1.7192,1.71929,1.00,1.20
2014.04.28 06:44:31.959,1.71921,1.71928,1.00,1.20
2014.04.28 06:44:32.628,1.71921,1.71928,1.00,1.20
2014.04.28 06:44:32.950,1.7192,1.71928,1.00,1.20
2014.04.28 06:44:42.835,1.7192,1.71927,1.50,1.20
2014.04.28 06:44:43.340,1.7192,1.71926,1.00,1.18
2014.04.28 06:44:50.236,1.71919,1.71926,1.00,1.18
2014.04.28 06:44:52.626,1.71919,1.71927,1.00,1.20
2014.04.28 06:44:53.228,1.71919,1.71926,1.00,1.18
2014.04.28 06:44:53.642,1.71919,1.71931,1.00,1.09
2014.04.28 06:44:53.963,1.7192,1.71931,1.00,1.02
2014.04.28 06:44:54.429,1.7192,1.71931,1.00,1.02
2014.04.28 06:44:57.286,1.7192,1.71931,1.00,1.47
2014.04.28 06:44:59.485,1.71922,1.71931,1.00,1.18
2014.04.28 06:44:59.789,1.7192,1.71931,1.00,1.72
2014.04.28 06:45:00.204,1.71921,1.71931,1.50,1.18
2014.04.28 06:45:00.710,1.71922,1.71933,1.00,1.47
2014.04.28 06:45:02.508,1.71923,1.71933,1.00,1.47
2014.04.28 06:45:07.553,1.71923,1.71935,1.32,1.18
2014.04.28 06:45:07.604,1.71927,1.71935,1.00,1.08
2014.04.28 06:45:07.913,1.7193,1.71939,1.00,1.02
2014.04.28 06:45:08.016,1.7193,1.71939,1.00,1.02
2014.04.28 06:45:08.322,1.71939,1.71947,1.10,1.13
2014.04.28 06:45:08.424,1.71942,1.71949,1.00,1.88
2014.04.28 06:45:08.475,1.71944,1.71949,1.00,1.88
2014.04.28 06:45:08.526,1.71944,1.71955,1.00,1.74
2014.04.28 06:45:08.679,1.71944,1.71955,1.50,1.55
2014.04.28 06:45:09.135,1.71946,1.71958,1.00,1.09
2014.04.28 06:45:09.237,1.71947,1.71958,1.00,1.09
2014.04.28 06:45:09.494,1.71947,1.71959,1.88,1.02
2014.04.28 06:45:09.545,1.7195,1.71962,1.00,1.84
2014.04.28 06:45:10.050,1.7195,1.71962,1.00,1.72
2014.04.28 06:45:10.355,1.71953,1.71962,1.00,1.02
2014.04.28 06:45:10.659,1.71955,1.71964,1.00,1.00
2014.04.28 06:45:10.811,1.71955,1.71964,1.75,1.00
2014.04.28 06:45:10.912,1.71955,1.71967,1.88,1.95
2014.04.28 06:45:11.187,1.7196,1.71967,1.00,1.00
2014.04.28 06:45:11.240,1.71961,1.71969,1.00,1.20
2014.04.28 06:45:11.393,1.71961,1.71971,1.00,2.14
2014.04.28 06:45:11.554,1.71964,1.71971,1.50,1.00
2014.04.28 06:45:11.859,1.71968,1.71976,1.00,1.77
2014.04.28 06:45:12.366,1.71968,1.71977,1.00,1.20
2014.04.28 06:45:12.569,1.7197,1.71978,1.00,1.18
2014.04.28 06:45:12.620,1.71972,1.71978,1.00,1.18
2014.04.28 06:45:12.722,1.71971,1.71982,1.00,1.02
2014.04.28 06:45:12.924,1.71973,1.71982,1.00,1.08
2014.04.28 06:45:13.532,1.71973,1.71982,1.00,1.77
2014.04.28 06:45:13.836,1.7197,1.71977,1.00,1.20
2014.04.28 06:45:14.150,1.71968,1.71977,1.00,1.20
2014.04.28 06:45:14.636,1.71963,1.71977,1.13,1.39
2014.04.28 06:45:15.339,1.71967,1.71976,1.00,1.09
2014.04.28 06:45:15.903,1.71967,1.71975,1.00,1.09
2014.04.28 06:45:15.953,1.71965,1.71974,1.00,1.09
2014.04.28 06:45:16.257,1.71967,1.71976,1.00,1.64
2014.04.28 06:45:16.611,1.71967,1.71977,1.00,1.60
2014.04.28 06:45:16.903,1.71967,1.7198,1.00,2.52
2014.04.28 06:45:17.055,1.71967,1.71981,1.50,1.32
2014.04.28 06:45:17.602,1.71968,1.71981,1.00,1.32
2014.04.28 06:45:17.907,1.71964,1.71977,1.00,3.57
2014.04.28 06:45:18.009,1.71967,1.71978,1.00,2.07
2014.04.28 06:45:18.111,1.71967,1.71978,1.00,2.07
2014.04.28 06:45:18.415,1.71966,1.71977,1.00,2.82
2014.04.28 06:45:18.466,1.71966,1.71979,1.00,1.94
2014.04.28 06:45:18.930,1.71968,1.7198,1.00,1.32
2014.04.28 06:45:18.981,1.71968,1.7198,1.00,1.32
2014.04.28 06:45:19.487,1.71966,1.71982,1.20,1.94
2014.04.28 06:45:19.743,1.71966,1.71982,1.00,3.57
2014.04.28 06:45:19.794,1.71964,1.71982,1.10,3.57
2014.04.28 06:45:19.946,1.71963,1.7198,1.95,3.57
2014.04.28 06:45:20.200,1.71963,1.71979,1.20,3.64
2014.04.28 06:45:20.617,1.71964,1.71979,1.45,3.19
2014.04.28 06:45:21.184,1.71964,1.71979,1.45,1.32
2014.04.28 06:45:21.847,1.71964,1.71979,1.00,1.32
2014.04.28 06:45:22.366,1.71963,1.71979,1.39,1.32
2014.04.28 06:45:24.967,1.71961,1.71976,1.02,1.70
2014.04.28 06:45:25.996,1.71966,1.71976,1.00,1.39
2014.04.28 06:45:26.098,1.71967,1.71976,1.00,1.37
2014.04.28 06:45:27.780,1.71967,1.71976,1.00,1.37
2014.04.28 06:45:27.984,1.71957,1.71966,1.50,2.14
2014.04.28 06:45:28.087,1.71959,1.71966,1.00,1.38
2014.04.28 06:45:28.189,1.7196,1.71968,1.00,1.45
2014.04.28 06:45:28.291,1.71958,1.7197,1.00,1.29
2014.04.28 06:45:28.341,1.71958,1.71966,1.00,1.00
2014.04.28 06:45:28.645,1.71956,1.71965,1.00,1.64
2014.04.28 06:45:28.949,1.71953,1.71962,1.00,1.64
2014.04.28 06:45:29.253,1.71951,1.71961,1.00,1.09
2014.04.28 06:45:29.767,1.71952,1.71963,1.00,1.39
2014.04.28 06:45:32.390,1.71951,1.71959,1.00,1.02
2014.04.28 06:45:33.084,1.71951,1.71959,1.00,2.48
2014.04.28 06:45:33.135,1.7195,1.71959,1.00,2.48
2014.04.28 06:45:33.186,1.71948,1.71958,1.00,1.32
2014.04.28 06:45:33.620,1.71948,1.71955,1.00,1.39
2014.04.28 06:45:33.721,1.71945,1.71955,1.00,2.00
2014.04.28 06:45:33.927,1.71944,1.71952,1.00,1.02
2014.04.28 06:45:34.230,1.71942,1.71951,1.00,1.33
2014.04.28 06:45:34.740,1.71943,1.71953,1.00,1.25
2014.04.28 06:45:34.791,1.71943,1.71953,1.00,1.70
2014.04.28 06:45:34.892,1.71945,1.71956,1.00,1.10
2014.04.28 06:45:34.943,1.71948,1.71956,1.19,1.00
2014.04.28 06:45:34.994,1.71952,1.71956,1.00,1.00
2014.04.28 06:45:35.045,1.71952,1.7196,1.00,1.20
2014.04.28 06:45:35.147,1.71952,1.71963,1.00,1.13
2014.04.28 06:45:35.197,1.71954,1.71963,1.00,1.20
2014.04.28 06:45:35.501,1.71951,1.71965,1.19,1.20
2014.04.28 06:45:35.755,1.7195,1.71963,1.38,2.00
2014.04.28 06:45:36.219,1.71948,1.71963,1.25,2.14
2014.04.28 06:45:39.179,1.71948,1.71962,1.63,1.75
2014.04.28 06:45:39.636,1.71946,1.71961,1.25,1.70
2014.04.28 06:45:40.881,1.71946,1.71961,1.32,2.33
2014.04.28 06:45:41.449,1.71946,1.71961,1.94,1.38
2014.04.28 06:45:41.500,1.71953,1.71962,1.57,1.00
2014.04.28 06:45:41.601,1.71964,1.71969,1.00,1.00
2014.04.28 06:45:41.854,1.71965,1.71978,1.13,1.39
2014.04.28 06:45:41.905,1.71967,1.71978,1.00,1.39
2014.04.28 06:45:41.956,1.71967,1.71979,1.00,1.94
2014.04.28 06:45:42.007,1.71969,1.71979,1.00,1.29
2014.04.28 06:45:42.158,1.71969,1.71982,1.58,1.39
2014.04.28 06:45:42.310,1.71973,1.71984,1.00,1.74
2014.04.28 06:45:42.816,1.71973,1.71985,1.00,1.84
2014.04.28 06:45:43.160,1.71973,1.71985,1.00,1.74
2014.04.28 06:45:44.317,1.71974,1.71981,1.00,1.00
2014.04.28 06:45:44.469,1.71971,1.71981,1.10,2.08
2014.04.28 06:45:44.722,1.71973,1.71982,1.00,1.00
2014.04.28 06:45:44.773,1.71973,1.71985,1.00,1.65
2014.04.28 06:45:44.824,1.71975,1.71985,1.00,1.45
2014.04.28 06:45:45.497,1.71975,1.71986,1.19,1.13
2014.04.28 06:45:45.599,1.71978,1.7199,1.00,1.95
2014.04.28 06:45:45.904,1.71978,1.7199,1.00,1.20
2014.04.28 06:45:46.005,1.71974,1.7199,1.64,1.65
2014.04.28 06:45:46.522,1.71975,1.71991,1.67,2.14
2014.04.28 06:45:46.674,1.71975,1.71991,1.39,2.14
2014.04.28 06:45:47.183,1.71975,1.71989,1.19,1.13
2014.04.28 06:45:47.284,1.71975,1.71991,1.29,1.83
2014.04.28 06:45:47.398,1.71975,1.7199,1.29,1.28
2014.04.28 06:45:48.090,1.71975,1.7199,1.29,1.28
2014.04.28 06:45:48.191,1.71975,1.71989,1.29,1.20
2014.04.28 06:45:48.421,1.71975,1.7199,1.29,1.28
2014.04.28 06:45:50.914,1.71975,1.71991,1.57,1.39
2014.04.28 06:45:52.320,1.71976,1.71991,1.23,1.39
2014.04.28 06:45:52.624,1.71975,1.71987,1.19,1.53
2014.04.28 06:45:53.331,1.71975,1.71988,1.32,1.20
2014.04.28 06:45:54.862,1.71975,1.71982,1.00,1.45
2014.04.28 06:45:55.206,1.71975,1.71984,1.00,1.20
2014.04.28 06:45:56.237,1.71975,1.71985,1.00,1.20
2014.04.28 06:45:56.751,1.71973,1.71985,1.57,1.20
2014.04.28 06:45:57.257,1.71973,1.71989,1.77,1.78
2014.04.28 06:45:57.766,1.71973,1.71988,1.67,1.20
2014.04.28 06:45:58.982,1.71973,1.71987,1.29,1.53
2014.04.28 06:45:59.510,1.71972,1.71988,1.02,1.53
2014.04.28 06:46:00.322,1.71969,1.71986,2.14,1.20
2014.04.28 06:46:01.004,1.71969,1.71983,1.77,1.18
2014.04.28 06:46:01.960,1.71969,1.71984,1.77,1.20
2014.04.28 06:46:04.140,1.71968,1.71984,2.14,1.95
2014.04.28 06:46:04.674,1.71968,1.71984,2.14,1.95
2014.04.28 06:46:06.074,1.71968,1.71984,2.14,1.95
2014.04.28 06:46:06.189,1.71968,1.71983,1.77,1.28
2014.04.28 06:46:06.341,1.71967,1.71979,1.38,1.18
2014.04.28 06:46:06.392,1.71967,1.71979,1.00,1.18
2014.04.28 06:46:06.442,1.71964,1.71978,1.19,1.20
2014.04.28 06:46:06.544,1.71962,1.71975,2.07,1.18
2014.04.28 06:46:06.849,1.71959,1.71975,2.52,1.53
2014.04.28 06:46:07.463,1.71957,1.71974,2.14,1.20
2014.04.28 06:46:07.973,1.71957,1.71974,2.14,1.20
2014.04.28 06:46:09.982,1.7196,1.71975,1.39,1.53
2014.04.28 06:46:10.964,1.7196,1.71975,1.39,1.53
2014.04.28 06:46:11.191,1.7196,1.71974,1.08,1.09
2014.04.28 06:46:11.294,1.71958,1.71974,1.02,1.58
2014.04.28 06:46:11.395,1.71958,1.71974,1.02,1.20
2014.04.28 06:46:11.977,1.71959,1.71975,1.27,2.03
2014.04.28 06:46:12.872,1.71959,1.71975,1.27,2.03
2014.04.28 06:46:14.353,1.71959,1.71975,1.02,2.03
2014.04.28 06:46:14.404,1.71959,1.71975,1.64,2.03
2014.04.28 06:46:18.451,1.71959,1.71974,1.23,1.47
2014.04.28 06:46:18.552,1.71957,1.71972,1.32,1.53
2014.04.28 06:46:18.907,1.71954,1.71969,1.32,1.90
2014.04.28 06:46:19.313,1.71951,1.71967,1.67,1.20
2014.04.28 06:46:19.851,1.7195,1.71965,1.50,1.18
2014.04.28 06:46:20.398,1.7195,1.71965,1.48,1.45
2014.04.28 06:46:22.322,1.7195,1.71965,1.48,1.45
2014.04.28 06:46:22.373,1.7195,1.71967,1.58,2.14
2014.04.28 06:46:22.423,1.71949,1.71967,1.88,2.14
2014.04.28 06:46:22.973,1.7195,1.71966,1.08,2.03
2014.04.28 06:46:23.483,1.71948,1.71964,1.58,1.20
2014.04.28 06:46:24.192,1.71948,1.71964,1.10,1.39
2014.04.28 06:46:24.557,1.71946,1.71961,1.80,1.45
2014.04.28 06:46:25.077,1.71946,1.71963,1.92,1.20
2014.04.28 06:46:26.916,1.71947,1.71963,1.48,1.20
2014.04.28 06:46:27.677,1.71947,1.71962,1.20,1.45
2014.04.28 06:46:27.778,1.71948,1.71964,1.83,1.39
2014.04.28 06:46:27.930,1.7195,1.71966,1.13,1.74
2014.04.28 06:46:29.759,1.7195,1.71964,1.50,1.45
2014.04.28 06:46:30.245,1.71954,1.71964,1.00,1.45
2014.04.28 06:46:30.296,1.71954,1.71965,1.00,1.09
2014.04.28 06:46:30.748,1.71954,1.71965,1.00,1.09
2014.04.28 06:46:32.192,1.71954,1.71966,1.00,2.14
2014.04.28 06:46:32.293,1.71956,1.71966,1.00,1.47
2014.04.28 06:46:39.747,1.71957,1.71966,1.00,1.47
2014.04.28 06:46:40.274,1.71958,1.71966,1.00,1.55
2014.04.28 06:46:40.476,1.71955,1.71966,1.00,1.74
2014.04.28 06:46:41.010,1.71955,1.71961,1.00,1.00
2014.04.28 06:46:42.857,1.71955,1.71965,1.38,1.10
2014.04.28 06:46:42.908,1.71957,1.71965,1.38,1.10
2014.04.28 06:46:43.060,1.71957,1.71961,1.00,1.00
2014.04.28 06:46:43.110,1.71957,1.71961,1.00,1.00
2014.04.28 06:46:43.414,1.71957,1.71964,1.00,1.08
2014.04.28 06:46:43.979,1.71957,1.71965,1.00,1.84
2014.04.28 06:46:44.134,1.71955,1.71965,1.00,1.84
2014.04.28 06:46:44.387,1.71954,1.71964,1.50,1.20
2014.04.28 06:46:46.293,1.71949,1.71958,1.00,1.32
2014.04.28 06:46:46.394,1.71948,1.71955,1.00,1.19
2014.04.28 06:46:46.698,1.71945,1.71955,1.00,1.64
2014.04.28 06:46:48.848,1.71946,1.71956,1.00,1.74
2014.04.28 06:46:49.743,1.71944,1.71957,1.00,1.84
2014.04.28 06:46:51.416,1.71944,1.71957,1.00,1.84
2014.04.28 06:46:52.828,1.71943,1.71955,1.50,1.72
2014.04.28 06:46:57.665,1.71943,1.71954,1.00,1.20
2014.04.28 06:46:58.173,1.71944,1.71955,1.00,1.20
2014.04.28 06:47:13.412,1.71942,1.71958,1.35,1.09
2014.04.28 06:47:13.564,1.71942,1.71956,1.65,1.20
2014.04.28 06:47:14.148,1.71942,1.71959,2.10,1.39
2014.04.28 06:47:14.428,1.71945,1.71961,1.35,1.39
2014.04.28 06:47:14.734,1.71945,1.71961,2.52,1.39
2014.04.28 06:47:15.921,1.71945,1.7196,1.88,1.02
2014.04.28 06:47:16.174,1.71946,1.71961,1.33,1.09
2014.04.28 06:47:16.275,1.71946,1.71961,1.32,1.02
2014.04.28 06:47:17.585,1.71946,1.71962,1.27,1.47
2014.04.28 06:47:20.422,1.71947,1.71962,1.33,1.78
2014.04.28 06:47:20.524,1.71947,1.71962,1.32,1.02
2014.04.28 06:47:20.677,1.7195,1.71964,1.39,1.28
2014.04.28 06:47:20.879,1.7195,1.71964,1.20,1.09
2014.04.28 06:47:21.233,1.71948,1.71963,1.33,1.09
2014.04.28 06:47:22.225,1.71947,1.71962,1.13,1.77
2014.04.28 06:47:22.528,1.71945,1.7196,2.00,1.02
2014.04.28 06:47:23.093,1.71945,1.7196,2.00,1.02
2014.04.28 06:47:28.884,1.71945,1.71959,1.20,1.02
2014.04.28 06:47:37.847,1.71945,1.71958,1.20,1.02
2014.04.28 06:47:37.999,1.71942,1.71955,1.58,1.45
2014.04.28 06:47:38.201,1.71942,1.71956,1.08,1.70
2014.04.28 06:47:38.302,1.71946,1.71957,1.00,1.09
2014.04.28 06:47:40.204,1.71946,1.71957,1.00,1.45
2014.04.28 06:47:40.406,1.71947,1.71957,1.00,1.45
2014.04.28 06:47:44.142,1.71947,1.71959,1.00,1.09
2014.04.28 06:47:44.449,1.71947,1.71959,1.00,1.84
2014.04.28 06:47:51.195,1.71947,1.71958,1.00,1.74
2014.04.28 06:47:51.597,1.71945,1.71958,1.00,1.74
2014.04.28 06:47:59.195,1.71945,1.71958,1.00,1.74
2014.04.28 06:47:59.857,1.71945,1.71958,1.00,1.74
2014.04.28 06:47:59.959,1.71945,1.71958,1.00,1.74
2014.04.28 06:48:00.212,1.71942,1.71958,1.88,1.74
2014.04.28 06:48:01.716,1.71942,1.71958,1.88,1.74
2014.04.28 06:48:01.868,1.71942,1.71956,1.10,2.22
2014.04.28 06:48:02.273,1.71942,1.71952,1.00,1.64
2014.04.28 06:48:04.356,1.71938,1.71952,1.13,1.64
2014.04.28 06:48:06.477,1.71942,1.71953,1.00,1.84
2014.04.28 06:48:06.999,1.71942,1.71955,1.00,1.84
2014.04.28 06:48:12.178,1.71942,1.71953,1.00,1.09
2014.04.28 06:48:13.089,1.7194,1.71954,1.10,1.09
2014.04.28 06:48:14.277,1.7194,1.71953,1.10,1.02
2014.04.28 06:48:20.317,1.7194,1.71953,1.10,1.02
2014.04.28 06:48:21.654,1.71937,1.7195,1.38,1.68
2014.04.28 06:48:21.757,1.7194,1.7195,1.00,2.15
2014.04.28 06:48:24.977,1.7194,1.71951,1.00,1.77
2014.04.28 06:48:25.524,1.7194,1.71952,1.20,1.02
2014.04.28 06:48:25.625,1.7194,1.71954,1.20,1.02
2014.04.28 06:48:26.952,1.7194,1.71951,1.20,1.83
2014.04.28 06:48:27.053,1.7194,1.71954,1.10,1.47
2014.04.28 06:48:27.155,1.7194,1.71954,1.10,1.47
2014.04.28 06:48:27.458,1.7194,1.71955,1.69,1.02
2014.04.28 06:48:28.136,1.7194,1.71957,1.69,2.97
2014.04.28 06:48:28.961,1.71943,1.71957,1.25,1.28
2014.04.28 06:48:29.276,1.71947,1.71958,1.00,1.32
2014.04.28 06:48:29.478,1.71947,1.71957,1.00,1.53
2014.04.28 06:48:29.630,1.71947,1.71956,1.00,1.48
2014.04.28 06:48:29.681,1.71944,1.71953,1.00,1.20
2014.04.28 06:48:29.732,1.71942,1.71952,1.00,1.09
2014.04.28 06:48:29.936,1.7194,1.71948,1.00,1.13
2014.04.28 06:48:29.987,1.71934,1.71947,1.57,2.33
2014.04.28 06:48:30.038,1.71934,1.71946,1.57,1.38
2014.04.28 06:48:30.605,1.71932,1.71942,1.00,1.45
2014.04.28 06:48:31.797,1.71932,1.71942,1.00,1.08
2014.04.28 06:48:31.848,1.71935,1.71945,1.00,1.53
2014.04.28 06:48:31.899,1.71935,1.71946,1.00,1.88
2014.04.28 06:48:32.051,1.71938,1.71945,1.00,1.08
2014.04.28 06:48:32.304,1.71938,1.71946,1.00,1.10
2014.04.28 06:48:32.819,1.71938,1.71947,1.00,1.10
2014.04.28 06:48:33.365,1.71938,1.71948,1.00,1.58
2014.04.28 06:48:33.987,1.71938,1.71948,1.00,1.58
2014.04.28 06:48:43.605,1.71936,1.71948,1.10,1.58
2014.04.28 06:48:44.552,1.71936,1.71946,1.10,1.00
2014.04.28 06:48:47.710,1.71937,1.71946,1.00,1.00
2014.04.28 06:48:49.502,1.71937,1.71942,1.00,1.00
2014.04.28 06:48:49.809,1.71935,1.7194,1.20,1.00
2014.04.28 06:48:50.376,1.71931,1.71938,1.65,1.00
2014.04.28 06:48:50.427,1.71931,1.71938,1.18,1.00
2014.04.28 06:48:50.528,1.71928,1.71938,2.14,1.00
2014.04.28 06:48:50.579,1.71928,1.71936,2.14,1.00
2014.04.28 06:48:50.731,1.71928,1.71936,1.10,1.00
2014.04.28 06:48:52.561,1.71928,1.71935,1.02,1.00
2014.04.28 06:48:53.501,1.71926,1.71935,1.32,1.00
2014.04.28 06:48:54.185,1.71927,1.71933,1.27,1.00
2014.04.28 06:48:54.713,1.71927,1.71933,1.27,1.00
2014.04.28 06:48:55.054,1.7193,1.71937,1.47,1.00
2014.04.28 06:48:55.206,1.71931,1.71937,1.58,1.00
2014.04.28 06:48:55.257,1.71931,1.71937,1.20,1.00
2014.04.28 06:48:55.661,1.71928,1.71936,1.32,1.50
2014.04.28 06:48:56.207,1.71926,1.71935,1.32,1.00
2014.04.28 06:48:56.775,1.71926,1.71932,1.25,1.00
2014.04.28 06:48:57.079,1.7192,1.71928,1.02,1.00
2014.04.28 06:48:57.130,1.7192,1.71928,1.38,1.00
2014.04.28 06:48:57.231,1.71916,1.71927,1.77,1.00
2014.04.28 06:48:57.333,1.71917,1.71926,1.27,1.00
2014.04.28 06:48:58.372,1.71917,1.71926,1.27,1.00
2014.04.28 06:49:00.365,1.71917,1.71926,1.27,1.00
2014.04.28 06:49:02.364,1.71917,1.71926,1.02,1.00
2014.04.28 06:49:03.396,1.71917,1.71926,1.27,1.00
2014.04.28 06:49:04.008,1.71917,1.71927,1.02,1.00
2014.04.28 06:49:07.025,1.71918,1.71927,1.02,1.00
2014.04.28 06:49:07.329,1.7192,1.71929,1.32,1.00
2014.04.28 06:49:07.430,1.7192,1.71929,1.08,1.00
2014.04.28 06:49:07.936,1.71919,1.71929,1.02,1.00
2014.04.28 06:49:08.631,1.7192,1.7193,1.02,1.20
2014.04.28 06:49:08.935,1.71924,1.71934,1.95,1.45
2014.04.28 06:49:10.101,1.71924,1.71934,1.69,1.45
2014.04.28 06:49:17.905,1.71924,1.71934,1.57,1.00
2014.04.28 06:49:18.898,1.71924,1.71934,1.00,1.45
2014.04.28 06:49:20.876,1.71924,1.71934,1.57,1.00
2014.04.28 06:49:21.325,1.71922,1.71934,1.02,1.45
2014.04.28 06:49:21.427,1.71922,1.71932,1.33,1.45
2014.04.28 06:49:22.114,1.71922,1.71932,1.02,1.45
2014.04.28 06:49:22.195,1.71922,1.71932,1.02,1.20
2014.04.28 06:49:22.398,1.71924,1.71934,1.57,1.00
2014.04.28 06:49:22.904,1.71924,1.71934,2.04,1.45
2014.04.28 06:49:23.626,1.71926,1.71934,1.02,1.00
2014.04.28 06:49:23.932,1.71924,1.71934,2.07,1.45
2014.04.28 06:49:24.185,1.71926,1.71934,1.02,1.00
2014.04.28 06:49:26.334,1.71926,1.71934,1.02,1.00
2014.04.28 06:49:26.493,1.71926,1.71936,1.02,1.00
2014.04.28 06:49:27.340,1.71926,1.71936,1.02,1.00
2014.04.28 06:49:30.668,1.71926,1.71936,1.77,1.00
2014.04.28 06:49:31.804,1.71925,1.71936,1.02,1.00
2014.04.28 06:49:40.977,1.71927,1.71934,1.02,1.00
2014.04.28 06:49:43.684,1.71927,1.71934,1.02,1.00
2014.04.28 06:49:45.720,1.71927,1.71934,1.02,1.00
2014.04.28 06:49:46.723,1.71927,1.71934,1.02,1.00
2014.04.28 06:49:47.410,1.71921,1.71933,1.35,1.20
2014.04.28 06:49:47.713,1.71921,1.71931,1.35,1.20
2014.04.28 06:49:48.366,1.7192,1.7193,1.35,1.00
2014.04.28 06:49:48.762,1.7192,1.71936,1.35,1.95
2014.04.28 06:49:49.675,1.7192,1.71936,1.17,1.95
2014.04.28 06:49:49.828,1.71918,1.71935,2.89,1.20
2014.04.28 06:49:50.384,1.71921,1.71937,2.00,2.70
2014.04.28 06:49:50.697,1.71923,1.71938,1.02,2.40
2014.04.28 06:49:51.227,1.71923,1.71938,2.52,1.65
2014.04.28 06:49:52.969,1.71923,1.71939,2.52,1.20
2014.04.28 06:49:55.395,1.71923,1.71939,1.02,1.20
2014.04.28 06:49:55.496,1.71923,1.71939,1.02,1.20
2014.04.28 06:49:56.493,1.71922,1.71937,1.35,1.65
2014.04.28 06:49:57.815,1.71922,1.71937,1.35,1.65
2014.04.28 06:49:59.837,1.71922,1.71938,1.35,1.20
2014.04.28 06:50:00.908,1.71922,1.71938,1.35,1.20
2014.04.28 06:50:01.161,1.71925,1.7194,1.02,1.47
2014.04.28 06:50:02.989,1.71924,1.7194,1.02,2.52
2014.04.28 06:50:03.651,1.71924,1.7194,1.02,2.14
2014.04.28 06:50:05.321,1.71924,1.7194,1.02,2.14
2014.04.28 06:50:05.917,1.71924,1.7194,1.02,2.52
2014.04.28 06:50:10.332,1.71925,1.7194,1.23,2.22
2014.04.28 06:50:12.626,1.71925,1.7194,1.27,1.65
2014.04.28 06:50:12.891,1.71925,1.71941,1.02,1.53
2014.04.28 06:50:14.634,1.71925,1.71942,1.02,1.58
2014.04.28 06:50:16.905,1.71925,1.71942,1.02,1.58
2014.04.28 06:50:16.955,1.71925,1.71942,1.02,1.58
2014.04.28 06:50:17.888,1.71925,1.71941,1.02,1.53
2014.04.28 06:50:18.917,1.71925,1.71942,1.02,1.58
2014.04.28 06:50:19.906,1.71927,1.71941,1.27,1.55
2014.04.28 06:50:20.332,1.71926,1.71942,1.67,2.33
2014.04.28 06:50:20.484,1.71929,1.71942,1.02,1.50
2014.04.28 06:50:20.636,1.7193,1.71944,1.67,1.95
2014.04.28 06:50:20.838,1.71931,1.71944,1.02,1.00
2014.04.28 06:50:20.889,1.71931,1.71944,1.02,1.45
2014.04.28 06:50:21.995,1.71934,1.71941,1.25,1.45
2014.04.28 06:50:23.295,1.71934,1.71941,1.25,1.20
2014.04.28 06:50:23.446,1.71927,1.71941,1.32,1.20
2014.04.28 06:50:24.028,1.71927,1.71943,1.32,1.28
2014.04.28 06:50:24.536,1.71927,1.71943,1.32,1.28
2014.04.28 06:50:26.375,1.71926,1.71943,1.27,1.20
2014.04.28 06:50:26.859,1.71926,1.71942,1.27,1.47
2014.04.28 06:50:27.163,1.71925,1.71939,1.32,1.00
2014.04.28 06:50:27.938,1.71925,1.7194,1.02,1.18
2014.04.28 06:50:28.982,1.71925,1.7194,1.02,1.18
2014.04.28 06:50:29.548,1.71925,1.7194,1.02,1.18
2014.04.28 06:50:30.555,1.71925,1.7194,1.02,1.18
2014.04.28 06:50:32.402,1.71925,1.7194,1.27,1.18
2014.04.28 06:50:32.453,1.71929,1.71941,1.37,1.00
2014.04.28 06:50:32.506,1.71929,1.71941,1.37,1.00
2014.04.28 06:50:32.810,1.71925,1.71939,1.69,1.13
2014.04.28 06:50:32.912,1.71926,1.7194,1.09,1.10
2014.04.28 06:50:33.375,1.71928,1.7194,1.72,1.00
2014.04.28 06:50:34.007,1.71927,1.7194,1.27,1.58
2014.04.28 06:50:42.148,1.71925,1.7194,1.74,1.10
2014.04.28 06:50:47.109,1.71925,1.71938,1.02,1.00
2014.04.28 06:50:47.413,1.71925,1.71935,1.02,1.00
2014.04.28 06:50:48.548,1.71925,1.71935,1.02,1.00
2014.04.28 06:50:48.851,1.71925,1.7194,1.02,3.90
2014.04.28 06:50:51.076,1.71925,1.7194,1.74,1.10
2014.04.28 06:50:53.464,1.71925,1.7194,1.09,1.38
2014.04.28 06:50:53.768,1.7192,1.71932,1.38,1.58
2014.04.28 06:50:53.870,1.71918,1.71934,1.47,1.57
2014.04.28 06:50:54.022,1.71919,1.71934,2.07,1.88
2014.04.28 06:50:54.123,1.71919,1.71934,1.69,2.25
2014.04.28 06:50:54.174,1.71919,1.71934,1.69,3.00
2014.04.28 06:50:54.477,1.71915,1.71934,2.44,1.95
2014.04.28 06:50:54.932,1.71916,1.71933,1.39,1.20
2014.04.28 06:50:55.033,1.71915,1.71934,2.44,2.25
2014.04.28 06:50:55.135,1.71917,1.71934,1.94,1.20
2014.04.28 06:50:55.237,1.71915,1.71936,1.94,1.65
2014.04.28 06:50:55.338,1.71917,1.71936,1.94,1.75
2014.04.28 06:50:55.642,1.71916,1.71936,1.39,1.75
2014.04.28 06:50:55.692,1.71916,1.71936,1.94,1.75
2014.04.28 06:50:59.009,1.71918,1.71935,1.02,1.13
2014.04.28 06:50:59.824,1.71915,1.71935,2.89,1.13
2014.04.28 06:51:00.855,1.71918,1.71934,1.27,1.02
2014.04.28 06:51:04.327,1.71918,1.71934,1.27,1.58
2014.04.28 06:51:05.332,1.71918,1.71934,1.27,1.58
2014.04.28 06:51:07.340,1.71918,1.71934,1.27,1.77
2014.04.28 06:51:07.645,1.71918,1.71935,1.27,1.88
2014.04.28 06:51:08.150,1.71918,1.71937,1.02,4.39
2014.04.28 06:51:12.841,1.71918,1.71937,1.77,1.77
2014.04.28 06:51:13.268,1.71923,1.71937,1.00,1.85
2014.04.28 06:51:13.471,1.71931,1.71938,1.83,1.00
2014.04.28 06:51:13.522,1.71931,1.71944,1.83,1.50
2014.04.28 06:51:13.624,1.71931,1.71947,1.83,1.28
2014.04.28 06:51:14.055,1.71931,1.71947,1.45,1.65
2014.04.28 06:51:14.308,1.71929,1.71945,1.98,1.95
2014.04.28 06:51:14.712,1.71928,1.71942,1.02,1.08
2014.04.28 06:51:15.016,1.71926,1.71942,1.39,1.20
2014.04.28 06:51:15.381,1.71925,1.71941,1.47,2.07
2014.04.28 06:51:15.432,1.71925,1.7194,1.27,1.28
2014.04.28 06:51:16.387,1.71925,1.7194,1.27,1.28
2014.04.28 06:51:17.411,1.71925,1.7194,1.27,1.28
2014.04.28 06:51:20.405,1.71924,1.71939,1.02,1.53
2014.04.28 06:51:22.440,1.71924,1.7194,1.02,1.20
2014.04.28 06:51:24.461,1.71925,1.7194,1.19,1.58
2014.04.28 06:51:25.472,1.71924,1.7194,2.04,1.20
2014.04.28 06:51:25.776,1.71929,1.71941,1.67,1.00
2014.04.28 06:51:25.879,1.71931,1.71945,1.02,1.50
2014.04.28 06:51:25.980,1.71931,1.71945,1.09,1.10
2014.04.28 06:51:26.132,1.71931,1.71947,1.84,1.45
2014.04.28 06:51:27.264,1.71931,1.71947,1.77,1.45
2014.04.28 06:51:28.040,1.71931,1.71947,1.77,1.45
2014.04.28 06:51:30.054,1.71931,1.71947,1.77,1.45
2014.04.28 06:51:32.068,1.71931,1.71947,1.09,1.45
2014.04.28 06:51:33.804,1.71931,1.71947,1.77,1.45
2014.04.28 06:51:36.822,1.71931,1.71947,1.09,1.45
2014.04.28 06:51:39.832,1.71931,1.71947,1.09,1.45
2014.04.28 06:51:41.840,1.71931,1.71947,1.09,1.45
2014.04.28 06:51:42.938,1.71931,1.71947,1.09,1.45
2014.04.28 06:51:44.260,1.71931,1.71947,1.09,1.45
2014.04.28 06:51:44.767,1.71931,1.71947,1.09,1.45
2014.04.28 06:51:46.220,1.71931,1.71947,1.09,1.45
2014.04.28 06:51:46.965,1.71931,1.71947,1.02,1.20
2014.04.28 06:51:48.230,1.71931,1.71947,1.02,1.20
2014.04.28 06:51:52.691,1.71931,1.71947,1.02,1.20
2014.04.28 06:51:53.204,1.71931,1.71947,1.74,1.45
2014.04.28 06:51:53.306,1.71931,1.71947,1.47,1.45
2014.04.28 06:51:53.381,1.71931,1.71947,1.47,1.58
2014.04.28 06:51:53.534,1.71931,1.71947,1.47,1.45
2014.04.28 06:51:55.505,1.71934,1.71949,1.08,3.53
2014.04.28 06:52:01.706,1.71932,1.71948,1.02,1.53
2014.04.28 06:52:03.304,1.71932,1.71948,1.02,1.53
2014.04.28 06:52:04.306,1.71932,1.71948,1.02,1.53
2014.04.28 06:52:05.235,1.71931,1.71947,2.22,1.18
2014.04.28 06:52:05.764,1.71931,1.71947,2.22,1.45
2014.04.28 06:52:07.751,1.71931,1.71946,1.72,1.08
2014.04.28 06:52:09.171,1.71931,1.71947,1.09,1.13
2014.04.28 06:52:09.374,1.7193,1.71946,1.09,3.38
2014.04.28 06:52:09.477,1.71931,1.71946,1.09,3.27
2014.04.28 06:52:10.766,1.71928,1.71944,1.84,1.77
2014.04.28 06:52:13.723,1.71931,1.71946,1.02,3.00
2014.04.28 06:52:13.774,1.71932,1.71946,1.09,2.70
2014.04.28 06:52:14.026,1.71932,1.71948,1.09,2.07
2014.04.28 06:52:19.656,1.7193,1.71947,1.84,1.13
2014.04.28 06:52:19.759,1.7193,1.71947,1.84,1.13
2014.04.28 06:52:21.472,1.7193,1.71947,1.84,1.13
2014.04.28 06:52:24.690,1.71934,1.71948,1.02,1.13
2014.04.28 06:52:24.994,1.71934,1.71951,1.72,1.32
2014.04.28 06:52:27.835,1.71934,1.71951,1.09,1.13
2014.04.28 06:52:28.779,1.71934,1.71951,1.72,1.13
2014.04.28 06:52:29.612,1.71934,1.71946,1.72,1.00
2014.04.28 06:52:30.281,1.71934,1.71945,1.39,1.00
2014.04.28 06:52:34.623,1.71936,1.71946,1.09,1.00
2014.04.28 06:52:34.724,1.71937,1.71949,1.09,1.38
2014.04.28 06:52:35.232,1.71941,1.71949,1.20,1.00
2014.04.28 06:52:36.328,1.71942,1.7195,1.09,1.50
2014.04.28 06:52:36.493,1.71942,1.7195,1.39,1.00
2014.04.28 06:52:37.035,1.71941,1.7195,1.37,1.00
2014.04.28 06:52:37.543,1.71941,1.7195,1.09,1.00
2014.04.28 06:52:38.152,1.71941,1.7195,1.09,1.00
2014.04.28 06:52:40.353,1.71939,1.7195,1.72,1.00
2014.04.28 06:52:40.505,1.71941,1.71952,1.09,1.00
2014.04.28 06:52:40.606,1.71941,1.71952,1.72,1.00
2014.04.28 06:52:41.163,1.71941,1.71952,1.72,1.00
2014.04.28 06:52:42.193,1.71941,1.71953,1.09,1.00
2014.04.28 06:52:42.699,1.71943,1.71953,1.09,1.00
2014.04.28 06:52:43.204,1.71943,1.71953,1.09,1.00
2014.04.28 06:52:43.815,1.71943,1.71953,1.09,1.00
2014.04.28 06:52:46.872,1.71943,1.71953,1.09,1.00
2014.04.28 06:52:49.272,1.71943,1.71953,1.09,1.00
2014.04.28 06:52:49.787,1.71943,1.71954,1.09,1.00
2014.04.28 06:53:00.739,1.71943,1.71954,1.47,1.00
2014.04.28 06:53:02.402,1.71943,1.71954,1.74,1.00
2014.04.28 06:53:02.683,1.71943,1.71954,1.74,1.00
2014.04.28 06:53:03.371,1.71943,1.71954,1.74,1.00
2014.04.28 06:53:04.264,1.71944,1.71954,1.02,1.00
2014.04.28 06:53:04.669,1.71942,1.71954,1.70,1.20
2014.04.28 06:53:05.385,1.71942,1.71952,1.70,1.00
2014.04.28 06:53:08.961,1.7194,1.71952,1.84,1.00
2014.04.28 06:53:10.426,1.7194,1.71953,2.59,1.10
2014.04.28 06:53:10.973,1.7194,1.71952,2.59,1.00
2014.04.28 06:53:16.152,1.71943,1.71954,1.09,1.00
2014.04.28 06:53:16.827,1.71943,1.71954,1.47,1.00
2014.04.28 06:53:21.661,1.71944,1.71955,1.09,1.50
2014.04.28 06:53:29.472,1.71943,1.71954,1.09,1.00
2014.04.28 06:53:30.021,1.71944,1.71955,1.09,1.00
2014.04.28 06:53:30.568,1.71945,1.71955,1.09,1.00
2014.04.28 06:53:41.647,1.71945,1.71956,1.09,1.00
2014.04.28 06:53:42.152,1.71945,1.71957,1.09,1.00
2014.04.28 06:53:42.910,1.71945,1.71957,1.09,1.00
2014.04.28 06:53:43.694,1.71945,1.71957,2.05,1.00
2014.04.28 06:53:46.359,1.71945,1.71957,1.09,1.00
2014.04.28 06:53:55.812,1.71944,1.71955,1.47,1.00
2014.04.28 06:53:56.216,1.71944,1.71955,1.09,1.00
2014.04.28 06:53:56.985,1.71944,1.71956,1.74,1.00
2014.04.28 06:53:57.551,1.71945,1.71957,1.09,1.00
2014.04.28 06:53:58.229,1.71944,1.71956,1.77,1.48
2014.04.28 06:53:58.280,1.71944,1.71956,1.58,1.67
2014.04.28 06:53:58.331,1.71937,1.71948,1.00,5.60
2014.04.28 06:53:58.382,1.71936,1.71942,1.48,1.02
2014.04.28 06:53:58.483,1.7193,1.71937,1.68,1.47
2014.04.28 06:53:58.585,1.71926,1.71937,1.65,1.47
2014.04.28 06:53:58.686,1.71926,1.71937,1.45,1.54
2014.04.28 06:53:59.287,1.71926,1.71933,1.45,1.00
2014.04.28 06:53:59.804,1.71924,1.71935,1.64,1.20
2014.04.28 06:54:00.174,1.71926,1.71936,1.02,1.20
2014.04.28 06:54:00.478,1.7193,1.7194,1.77,1.00
2014.04.28 06:54:00.579,1.71934,1.71944,1.64,1.00
2014.04.28 06:54:00.630,1.71937,1.71944,1.18,1.00
2014.04.28 06:54:00.935,1.71937,1.71946,1.20,1.00
2014.04.28 06:54:01.443,1.7194,1.71947,1.18,1.00
2014.04.28 06:54:02.505,1.71939,1.71947,1.09,1.00
2014.04.28 06:54:06.319,1.71936,1.71947,2.22,1.00
2014.04.28 06:54:08.417,1.71936,1.71947,2.22,1.00
2014.04.28 06:54:13.450,1.71938,1.71949,1.09,1.00
2014.04.28 06:54:13.703,1.71938,1.71948,1.02,1.00
2014.04.28 06:54:23.917,1.71936,1.71948,1.02,1.20
2014.04.28 06:54:27.541,1.71936,1.71948,1.02,1.10
2014.04.28 06:54:28.208,1.71936,1.71948,1.02,1.10
2014.04.28 06:54:33.193,1.71935,1.71946,1.28,1.00
2014.04.28 06:54:33.629,1.71934,1.71946,2.08,1.00
2014.04.28 06:54:36.137,1.71935,1.71946,1.53,1.00
2014.04.28 06:54:36.650,1.71935,1.71946,1.53,1.00
2014.04.28 06:54:37.200,1.71935,1.71946,1.53,1.00
2014.04.28 06:54:37.718,1.71935,1.71946,1.53,1.00
2014.04.28 06:54:38.437,1.71935,1.71946,1.53,1.00
2014.04.28 06:54:39.042,1.71935,1.71946,1.53,1.00
2014.04.28 06:54:39.657,1.71934,1.71946,1.28,1.00
2014.04.28 06:54:40.171,1.71935,1.71946,1.10,1.00
2014.04.28 06:54:40.475,1.71925,1.71935,1.20,1.32
2014.04.28 06:54:40.781,1.71921,1.71931,1.20,1.00
2014.04.28 06:54:40.832,1.71919,1.7193,1.47,1.00
2014.04.28 06:54:42.859,1.71919,1.7193,1.47,1.00
2014.04.28 06:54:43.442,1.71919,1.7193,1.47,1.00
2014.04.28 06:54:43.892,1.71919,1.7193,1.47,1.00
2014.04.28 06:54:44.432,1.71919,1.7193,1.47,1.00
2014.04.28 06:54:44.859,1.71919,1.7193,1.78,1.00
2014.04.28 06:54:45.424,1.71919,1.7193,1.47,1.00
2014.04.28 06:54:45.610,1.71919,1.7193,1.47,1.00
2014.04.28 06:54:45.939,1.71919,1.7193,1.47,1.00
2014.04.28 06:54:46.424,1.71919,1.7193,1.47,1.00
2014.04.28 06:54:46.491,1.71919,1.7193,1.47,1.00
2014.04.28 06:54:47.031,1.71919,1.7193,1.47,1.00
2014.04.28 06:54:47.546,1.71919,1.7193,1.47,1.00
2014.04.28 06:54:48.104,1.71921,1.7193,1.10,1.00
2014.04.28 06:54:48.621,1.71919,1.7193,1.47,1.00
2014.04.28 06:54:49.169,1.71921,1.7193,1.10,1.00
2014.04.28 06:54:50.339,1.71919,1.7193,1.47,1.00
2014.04.28 06:54:50.890,1.71921,1.7193,1.10,1.00
2014.04.28 06:54:51.451,1.71918,1.7193,1.20,1.00
2014.04.28 06:54:52.126,1.71918,1.7193,1.57,1.00
2014.04.28 06:54:52.634,1.71918,1.7193,1.57,1.00
2014.04.28 06:54:53.374,1.71919,1.7193,1.02,1.00
2014.04.28 06:54:54.365,1.71919,1.7193,1.02,1.00
2014.04.28 06:54:54.951,1.71919,1.7193,1.02,1.00
2014.04.28 06:54:55.820,1.71921,1.7193,1.29,1.00
2014.04.28 06:54:56.022,1.71925,1.71936,1.02,1.00
2014.04.28 06:54:57.342,1.71926,1.71938,1.65,1.00
2014.04.28 06:54:59.072,1.71926,1.71937,1.84,1.00
2014.04.28 06:54:59.426,1.71927,1.71936,1.02,1.00
2014.04.28 06:55:00.396,1.71926,1.71936,1.39,1.00
2014.04.28 06:55:01.053,1.71927,1.71936,1.09,1.00
2014.04.28 06:55:01.255,1.71934,1.71945,1.00,1.75
2014.04.28 06:55:01.357,1.71934,1.71946,1.38,1.50
2014.04.28 06:55:01.713,1.71934,1.71948,1.58,1.02
2014.04.28 06:55:02.269,1.71934,1.7195,1.48,1.77
2014.04.28 06:55:04.513,1.71935,1.7195,1.08,1.39
2014.04.28 06:55:05.039,1.71935,1.7195,1.20,1.32
2014.04.28 06:55:06.053,1.71935,1.71951,1.33,1.74
2014.04.28 06:55:07.337,1.71935,1.71951,1.02,1.37
2014.04.28 06:55:09.878,1.71935,1.71951,1.55,1.39
2014.04.28 06:55:10.492,1.71935,1.7195,1.28,1.39
2014.04.28 06:55:10.798,1.7193,1.7194,1.00,1.19
2014.04.28 06:55:10.900,1.71928,1.71939,1.00,1.19
2014.04.28 06:55:11.103,1.71925,1.71939,1.20,1.39
2014.04.28 06:55:11.559,1.71924,1.71939,2.03,1.39
2014.04.28 06:55:11.610,1.71926,1.7194,1.09,1.08
2014.04.28 06:55:11.661,1.71926,1.7194,1.43,1.08
2014.04.28 06:55:11.814,1.7193,1.71943,1.09,2.63
2014.04.28 06:55:11.915,1.7193,1.71946,1.09,1.50
2014.04.28 06:55:11.966,1.71932,1.71946,1.02,1.50
2014.04.28 06:55:12.068,1.71932,1.71946,2.08,1.00
2014.04.28 06:55:12.872,1.71932,1.71946,1.32,1.00
2014.04.28 06:55:13.024,1.71935,1.71948,1.13,1.19
2014.04.28 06:55:13.530,1.71936,1.71951,1.08,1.84
2014.04.28 06:55:14.054,1.71935,1.71949,1.20,1.05
2014.04.28 06:55:14.358,1.71931,1.71943,1.65,1.00
2014.04.28 06:55:14.661,1.71934,1.7195,2.07,1.74
2014.04.28 06:55:15.017,1.71934,1.7195,1.09,1.32
2014.04.28 06:55:15.301,1.71934,1.71949,1.02,1.02
2014.04.28 06:55:16.627,1.71934,1.71949,1.29,1.13
2014.04.28 06:55:16.958,1.71931,1.71945,1.00,1.13
2014.04.28 06:55:17.161,1.71931,1.71946,1.28,1.20
2014.04.28 06:55:17.312,1.71931,1.71946,1.10,1.65
2014.04.28 06:55:17.616,1.71929,1.71943,1.50,1.29
2014.04.28 06:55:17.873,1.71929,1.71943,1.84,1.02
2014.04.28 06:55:18.485,1.71929,1.71944,2.22,1.29
2014.04.28 06:55:19.145,1.71929,1.71944,3.90,1.02
2014.04.28 06:55:22.499,1.71931,1.71946,1.85,1.19
2014.04.28 06:55:23.290,1.71933,1.71948,1.54,2.22
2014.04.28 06:55:24.305,1.71933,1.71947,1.09,1.32
2014.04.28 06:55:26.160,1.71933,1.71947,1.09,1.02
2014.04.28 06:55:28.197,1.71933,1.71946,1.47,1.02
2014.04.28 06:55:28.450,1.71933,1.71949,2.85,1.17
2014.04.28 06:55:29.204,1.71934,1.71949,2.22,1.29
2014.04.28 06:55:29.888,1.71934,1.71949,2.40,1.02
2014.04.28 06:55:30.806,1.71934,1.71949,2.40,1.09
2014.04.28 06:55:31.436,1.71934,1.71949,2.10,1.09
2014.04.28 06:55:32.182,1.71934,1.7195,2.85,1.09
2014.04.28 06:55:32.335,1.71934,1.71951,2.10,1.39
2014.04.28 06:55:32.488,1.71935,1.71951,1.02,1.72
2014.04.28 06:55:33.012,1.71936,1.71951,1.48,1.09
2014.04.28 06:55:33.214,1.7194,1.71951,1.00,1.09
2014.04.28 06:55:33.318,1.71938,1.71951,1.00,1.09
2014.04.28 06:55:33.774,1.71938,1.71953,1.92,1.84
2014.04.28 06:55:33.875,1.71938,1.71953,2.22,1.77
2014.04.28 06:55:36.936,1.71939,1.71955,1.17,1.72
2014.04.28 06:55:37.341,1.7194,1.71956,1.02,1.39
2014.04.28 06:55:37.493,1.71941,1.71956,1.02,1.50
2014.04.28 06:55:37.544,1.71943,1.71957,1.19,1.85
2014.04.28 06:55:37.700,1.71945,1.71957,1.90,1.18
2014.04.28 06:55:37.751,1.71946,1.71963,1.28,1.83
2014.04.28 06:55:37.803,1.71949,1.71961,1.95,1.45
2014.04.28 06:55:37.955,1.7195,1.71964,1.32,1.58
2014.04.28 06:55:38.158,1.71951,1.71966,1.32,1.83
2014.04.28 06:55:38.675,1.71956,1.71967,1.20,1.02
2014.04.28 06:55:39.030,1.71954,1.71968,1.20,1.02
2014.04.28 06:55:39.131,1.71954,1.71967,1.10,1.09
2014.04.28 06:55:39.283,1.71954,1.71966,1.02,1.10
2014.04.28 06:55:39.368,1.71953,1.7197,1.02,1.39
2014.04.28 06:55:39.777,1.71956,1.71972,1.77,1.39
2014.04.28 06:55:41.081,1.71956,1.71972,2.10,1.58
2014.04.28 06:55:41.391,1.71959,1.71974,1.33,1.78
2014.04.28 06:55:41.504,1.71959,1.71974,1.33,1.78
2014.04.28 06:55:41.618,1.71964,1.71974,1.00,1.78
2014.04.28 06:55:41.720,1.71964,1.71974,1.20,1.33
2014.04.28 06:55:41.872,1.71959,1.71974,1.77,1.78
2014.04.28 06:55:41.923,1.71959,1.71974,1.39,1.47
2014.04.28 06:55:42.227,1.71959,1.71974,2.44,1.68
2014.04.28 06:55:42.383,1.71961,1.71976,1.29,1.28
2014.04.28 06:55:42.687,1.71961,1.71973,1.13,1.20
2014.04.28 06:55:42.991,1.71963,1.71972,1.20,1.02
2014.04.28 06:55:43.295,1.71963,1.71974,1.13,1.02
2014.04.28 06:55:43.447,1.71963,1.71974,1.20,1.02
2014.04.28 06:55:44.011,1.71967,1.71976,1.00,1.02
2014.04.28 06:55:44.315,1.71967,1.71976,1.00,1.02
2014.04.28 06:55:44.466,1.71963,1.71976,1.20,1.02
2014.04.28 06:55:45.292,1.71965,1.71976,1.00,1.02
2014.04.28 06:55:46.183,1.71965,1.71978,1.95,1.02
2014.04.28 06:55:46.713,1.71965,1.71978,1.95,2.08
2014.04.28 06:55:47.062,1.71965,1.71978,2.25,2.08
2014.04.28 06:55:48.581,1.71965,1.71978,1.50,1.93
2014.04.28 06:55:48.682,1.71965,1.71976,1.25,1.45
2014.04.28 06:55:49.367,1.71965,1.71973,1.00,1.64
2014.04.28 06:55:49.418,1.71965,1.71972,1.00,1.02
2014.04.28 06:55:49.620,1.7196,1.71971,1.00,1.02
2014.04.28 06:55:49.823,1.71958,1.71971,1.10,1.02
2014.04.28 06:55:50.298,1.71955,1.71968,1.10,1.09
2014.04.28 06:55:50.349,1.71955,1.71968,1.38,2.08
2014.04.28 06:55:50.653,1.71951,1.71966,1.13,1.77
2014.04.28 06:55:51.018,1.7195,1.71966,1.75,1.84
2014.04.28 06:55:51.578,1.71954,1.71966,1.00,1.84
2014.04.28 06:55:57.383,1.71954,1.71966,1.00,1.39
2014.04.28 06:55:58.541,1.71954,1.71969,1.58,1.84
2014.04.28 06:55:59.164,1.71957,1.71968,1.00,1.02
2014.04.28 06:56:00.022,1.71955,1.71967,1.00,1.39
2014.04.28 06:56:00.276,1.71953,1.71966,1.00,1.09
2014.04.28 06:56:01.494,1.71949,1.71962,1.38,1.64
2014.04.28 06:56:02.000,1.71951,1.71958,1.00,1.64
2014.04.28 06:56:02.402,1.71951,1.71961,1.00,1.69
2014.04.28 06:56:02.808,1.71949,1.71961,1.00,2.22
2014.04.28 06:56:02.910,1.71949,1.71959,1.00,1.19
2014.04.28 06:56:03.214,1.71949,1.71959,1.00,1.64
2014.04.28 06:56:03.315,1.71949,1.71959,1.00,1.64
2014.04.28 06:56:03.854,1.71949,1.71959,1.00,1.64
2014.04.28 06:56:04.089,1.71946,1.71959,1.10,1.74
2014.04.28 06:56:04.530,1.71946,1.7196,1.58,1.64
2014.04.28 06:56:04.985,1.71946,1.71961,2.25,1.64
2014.04.28 06:56:06.730,1.71948,1.71963,1.58,1.09
2014.04.28 06:56:07.234,1.71948,1.71963,1.58,1.09
2014.04.28 06:56:07.849,1.71948,1.71963,1.58,1.09
2014.04.28 06:56:08.374,1.71948,1.71964,2.07,1.09
2014.04.28 06:56:09.246,1.71948,1.71963,1.69,1.02
2014.04.28 06:56:09.550,1.71948,1.71962,1.00,1.72
2014.04.28 06:56:09.859,1.71952,1.71962,1.00,1.72
2014.04.28 06:56:10.011,1.71952,1.71962,1.00,1.72
2014.04.28 06:56:10.561,1.71954,1.71963,1.00,1.09
2014.04.28 06:56:10.865,1.71956,1.71967,1.00,1.32
2014.04.28 06:56:10.916,1.71956,1.71966,1.00,1.39
2014.04.28 06:56:14.067,1.71958,1.7197,1.00,1.32
2014.04.28 06:56:16.325,1.71958,1.71969,1.00,1.20
2014.04.28 06:56:16.734,1.71958,1.71969,1.00,1.20
2014.04.28 06:56:17.795,1.71958,1.71969,1.00,1.20
2014.04.28 06:56:18.687,1.71958,1.71969,1.00,1.20
2014.04.28 06:56:19.131,1.71958,1.7197,1.00,1.53
2014.04.28 06:56:19.650,1.71958,1.7197,1.00,1.53
2014.04.28 06:56:19.912,1.71958,1.7197,1.00,1.78
2014.04.28 06:56:20.881,1.71958,1.7197,1.00,1.78
2014.04.28 06:56:22.312,1.71957,1.71968,1.00,1.20
2014.04.28 06:56:22.413,1.71958,1.71968,1.00,1.45
2014.04.28 06:56:24.092,1.7196,1.71968,1.00,1.45
2014.04.28 06:56:24.195,1.71959,1.71969,1.00,1.78
2014.04.28 06:56:24.714,1.71958,1.71969,1.00,1.78
2014.04.28 06:56:26.143,1.71958,1.71968,1.00,1.45
2014.04.28 06:56:26.801,1.71958,1.71969,1.00,1.09
2014.04.28 06:56:27.459,1.71958,1.71969,1.00,1.09
2014.04.28 06:56:29.104,1.71955,1.7197,1.39,1.60
2014.04.28 06:56:30.025,1.71958,1.7197,1.00,1.32
2014.04.28 06:56:30.650,1.71957,1.71971,1.00,1.74
2014.04.28 06:56:31.087,1.71955,1.7197,1.58,1.32
2014.04.28 06:56:31.609,1.71955,1.71971,1.58,2.04
2014.04.28 06:56:32.375,1.71955,1.71971,2.03,1.47
2014.04.28 06:56:32.912,1.71955,1.71971,2.22,1.47
2014.04.28 06:56:33.379,1.71956,1.71971,1.88,1.29
2014.04.28 06:56:33.691,1.71962,1.71971,1.00,1.29
2014.04.28 06:56:35.657,1.71962,1.71971,1.00,1.29
2014.04.28 06:56:36.194,1.71962,1.71974,1.00,1.69
2014.04.28 06:56:37.188,1.71962,1.71976,1.00,1.09
2014.04.28 06:56:38.530,1.71968,1.71976,1.00,1.09
2014.04.28 06:56:39.389,1.71968,1.71976,1.00,1.37
2014.04.28 06:56:40.371,1.71968,1.71974,1.00,1.29
2014.04.28 06:56:40.876,1.71965,1.71974,1.00,1.02
2014.04.28 06:56:41.179,1.71963,1.71973,1.00,1.32
2014.04.28 06:56:42.272,1.7196,1.71973,1.00,1.32
2014.04.28 06:56:43.732,1.71958,1.71974,1.58,2.22
2014.04.28 06:56:43.934,1.7196,1.71975,1.08,1.09
2014.04.28 06:56:44.204,1.71958,1.71974,1.85,1.02
2014.04.28 06:56:44.849,1.71959,1.71974,1.18,1.02
2014.04.28 06:56:45.265,1.71956,1.71974,2.22,1.02
2014.04.28 06:56:46.505,1.71956,1.71973,1.84,2.04
2014.04.28 06:56:47.017,1.71956,1.71973,1.84,1.32
2014.04.28 06:56:47.373,1.71955,1.71971,1.02,2.00
2014.04.28 06:56:51.111,1.71954,1.71969,2.07,1.32
2014.04.28 06:56:51.162,1.71954,1.71969,2.07,1.32
2014.04.28 06:56:53.069,1.71953,1.71969,1.20,1.32
2014.04.28 06:56:55.183,1.71954,1.71969,1.02,1.32
2014.04.28 06:56:57.117,1.71954,1.71969,1.10,1.32
2014.04.28 06:57:01.964,1.71954,1.71969,1.02,1.32
2014.04.28 06:57:02.470,1.71954,1.71969,1.10,1.32
2014.04.28 06:57:03.619,1.71953,1.71968,1.35,1.32
2014.04.28 06:57:04.121,1.71953,1.71969,1.68,2.04
2014.04.28 06:57:06.074,1.71953,1.71969,1.43,2.04
2014.04.28 06:57:07.173,1.71953,1.71969,1.43,3.64
2014.04.28 06:57:07.685,1.71953,1.71967,1.30,1.13
2014.04.28 06:57:08.210,1.71953,1.71967,1.30,1.13
2014.04.28 06:57:08.676,1.71953,1.71968,1.35,1.32
2014.04.28 06:57:09.192,1.71953,1.71968,1.43,1.33
2014.04.28 06:57:11.018,1.71953,1.71968,1.43,1.33
2014.04.28 06:57:11.535,1.71956,1.71971,1.39,2.82
2014.04.28 06:57:12.459,1.71956,1.71971,2.22,1.33
2014.04.28 06:57:13.035,1.71956,1.71971,2.22,1.77
2014.04.28 06:57:13.992,1.71956,1.71972,2.22,1.77
2014.04.28 06:57:14.195,1.71957,1.71972,1.13,1.84
2014.04.28 06:57:14.296,1.71956,1.71971,1.39,1.60
2014.04.28 06:57:15.098,1.71956,1.71972,1.84,2.22
2014.04.28 06:57:16.275,1.71956,1.71972,1.28,2.22
2014.04.28 06:57:18.863,1.71964,1.71972,1.00,2.97
2014.04.28 06:57:19.379,1.71963,1.71972,1.00,1.77
2014.04.28 06:57:20.871,1.71962,1.71972,1.00,1.77
2014.04.28 06:57:22.628,1.71962,1.71972,1.00,1.39
2014.04.28 06:57:23.582,1.71963,1.71972,1.00,1.39
2014.04.28 06:57:24.661,1.71962,1.71971,1.00,1.09
2014.04.28 06:57:24.965,1.7196,1.71969,1.00,1.28
2014.04.28 06:57:25.673,1.7196,1.71969,1.00,1.78
2014.04.28 06:57:26.971,1.7196,1.71969,1.00,1.78
2014.04.28 06:57:27.521,1.7196,1.71969,1.00,1.47
2014.04.28 06:57:28.486,1.7196,1.71969,1.00,1.47
2014.04.28 06:57:29.191,1.7196,1.71969,1.00,1.02
2014.04.28 06:57:29.751,1.7196,1.71969,1.00,1.02
2014.04.28 06:57:30.261,1.7196,1.71969,1.00,1.10
2014.04.28 06:57:33.905,1.7196,1.7197,1.00,1.09
2014.04.28 06:57:35.893,1.7196,1.71969,1.00,1.08
2014.04.28 06:57:36.198,1.71963,1.71971,1.00,1.18
2014.04.28 06:57:36.299,1.71959,1.71971,1.00,1.18
2014.04.28 06:57:36.350,1.71956,1.71972,1.02,1.58
2014.04.28 06:57:36.451,1.71954,1.7197,2.14,1.20
2014.04.28 06:57:37.477,1.71954,1.7197,1.29,1.39
2014.04.28 06:57:37.923,1.71959,1.71969,1.00,1.09
2014.04.28 06:57:45.379,1.71954,1.71969,1.77,1.09
2014.04.28 06:57:47.719,1.71954,1.71968,1.50,1.02
2014.04.28 06:57:49.159,1.71953,1.71968,1.33,1.09
2014.04.28 06:57:52.658,1.71953,1.71969,1.28,1.74
2014.04.28 06:57:54.304,1.71953,1.71969,1.47,1.47
2014.04.28 06:57:54.607,1.71955,1.71971,1.20,1.77
2014.04.28 06:57:54.760,1.71955,1.7197,1.10,1.09
2014.04.28 06:57:55.263,1.71953,1.71968,1.64,1.18
2014.04.28 06:57:55.826,1.71953,1.71968,1.64,1.18
2014.04.28 06:58:00.278,1.71952,1.71968,2.18,1.77
2014.04.28 06:58:00.895,1.71954,1.71968,1.00,1.77
2014.04.28 06:58:01.445,1.71955,1.71968,1.00,1.18
2014.04.28 06:58:01.980,1.71955,1.71969,1.10,1.09
2014.04.28 06:58:02.495,1.71955,1.71968,1.00,1.47
2014.04.28 06:58:02.750,1.71959,1.71968,1.00,1.47
2014.04.28 06:58:04.167,1.71955,1.71968,1.00,1.47
2014.04.28 06:58:05.410,1.71959,1.71968,1.00,1.47
2014.04.28 06:58:07.364,1.71959,1.71968,1.00,1.47
2014.04.28 06:58:08.420,1.71959,1.71968,1.00,1.47
2014.04.28 06:58:09.460,1.71955,1.71968,1.00,1.47
2014.04.28 06:58:18.938,1.71955,1.71967,1.00,1.84
2014.04.28 06:58:23.239,1.71955,1.71966,1.00,2.22
2014.04.28 06:58:24.239,1.71955,1.71966,1.00,2.22
2014.04.28 06:58:26.248,1.71955,1.71966,1.00,2.22
2014.04.28 06:58:27.260,1.71955,1.71966,1.00,1.72
2014.04.28 06:58:27.848,1.71955,1.71965,1.00,1.70
2014.04.28 06:58:29.237,1.71955,1.71966,1.00,1.72
2014.04.28 06:58:33.385,1.71955,1.7197,1.20,2.59
2014.04.28 06:58:34.333,1.71955,1.7197,1.20,2.59
2014.04.28 06:58:36.031,1.71955,1.71968,1.20,1.02
2014.04.28 06:58:36.836,1.71959,1.71968,1.00,1.02
2014.04.28 06:58:37.339,1.71959,1.71968,1.00,1.29
2014.04.28 06:58:37.441,1.71955,1.71968,1.20,1.29
2014.04.28 06:58:38.056,1.71959,1.71968,1.00,1.29
2014.04.28 06:58:39.270,1.71955,1.71969,1.20,1.77
2014.04.28 06:58:39.449,1.7196,1.71969,1.00,1.02
2014.04.28 06:58:40.233,1.7196,1.71968,1.00,1.29
2014.04.28 06:58:40.738,1.71959,1.71968,1.00,2.14
2014.04.28 06:58:41.427,1.71959,1.71968,1.00,1.39
2014.04.28 06:58:42.910,1.71957,1.71968,1.00,1.39
2014.04.28 06:58:43.128,1.71957,1.71968,1.00,2.14
2014.04.28 06:58:43.332,1.71957,1.71968,1.00,1.19
2014.04.28 06:58:43.635,1.71957,1.71968,1.00,1.64
2014.04.28 06:58:44.214,1.71955,1.71968,1.20,1.77
2014.04.28 06:58:44.727,1.71955,1.71968,1.20,1.77
2014.04.28 06:58:45.643,1.71955,1.71968,1.20,1.32
2014.04.28 06:58:46.554,1.71953,1.7197,1.13,2.97
2014.04.28 06:58:47.397,1.71953,1.71968,1.13,1.77
2014.04.28 06:58:48.358,1.71953,1.71968,1.13,1.77
2014.04.28 06:58:49.408,1.7195,1.71966,2.07,1.02
2014.04.28 06:58:49.810,1.71953,1.71968,1.13,1.02
2014.04.28 06:58:50.619,1.71954,1.71968,1.85,1.19
2014.04.28 06:58:51.226,1.71953,1.71964,1.13,1.25
2014.04.28 06:58:51.748,1.71954,1.71964,1.75,1.25
2014.04.28 06:58:52.110,1.71953,1.71964,1.13,1.25
2014.04.28 06:58:54.245,1.71959,1.71964,1.00,1.00
2014.04.28 06:58:54.346,1.71954,1.71964,1.20,1.00
2014.04.28 06:58:54.857,1.71954,1.71964,1.10,1.00
2014.04.28 06:59:03.490,1.71954,1.71964,1.08,1.00
2014.04.28 06:59:05.226,1.71958,1.71966,1.13,1.00
2014.04.28 06:59:05.379,1.71964,1.71971,1.00,1.50
2014.04.28 06:59:05.733,1.71963,1.71973,1.88,1.00
2014.04.28 06:59:06.428,1.71964,1.71974,1.39,1.00
2014.04.28 06:59:08.435,1.71967,1.71974,1.00,1.00
2014.04.28 06:59:12.147,1.71967,1.71978,1.00,1.20
2014.04.28 06:59:12.653,1.71967,1.71977,1.00,1.00
2014.04.28 06:59:13.026,1.71967,1.71974,1.00,1.00
2014.04.28 06:59:14.266,1.71965,1.71974,1.00,1.00
2014.04.28 06:59:14.418,1.71965,1.71976,1.00,1.00
2014.04.28 06:59:17.258,1.71965,1.71974,1.00,2.14
2014.04.28 06:59:17.360,1.71959,1.7197,2.25,1.00
2014.04.28 06:59:17.411,1.71959,1.7197,1.88,1.00
2014.04.28 06:59:21.319,1.71957,1.7197,1.95,1.25
2014.04.28 06:59:22.851,1.71957,1.7197,1.20,1.19
2014.04.28 06:59:23.365,1.71958,1.71968,1.10,1.00
2014.04.28 06:59:23.517,1.7196,1.71968,1.00,1.00
2014.04.28 06:59:23.669,1.7196,1.71971,1.48,1.02
2014.04.28 06:59:23.827,1.71962,1.71972,1.08,1.00
2014.04.28 06:59:23.928,1.71961,1.71972,1.10,1.95
2014.04.28 06:59:24.333,1.71962,1.71972,1.27,1.00
2014.04.28 06:59:24.384,1.71963,1.71974,1.29,1.20
2014.04.28 06:59:25.116,1.71963,1.71974,1.39,1.00
2014.04.28 06:59:25.369,1.71963,1.71974,1.39,1.00
2014.04.28 06:59:25.470,1.71963,1.71976,1.39,1.00
2014.04.28 06:59:25.521,1.71963,1.71976,1.39,1.00
2014.04.28 06:59:25.731,1.71963,1.71976,1.39,1.00
2014.04.28 06:59:26.122,1.71963,1.71976,1.39,1.00
2014.04.28 06:59:29.387,1.71964,1.71976,1.02,1.00
2014.04.28 06:59:29.488,1.71964,1.71976,1.02,1.00
2014.04.28 06:59:29.590,1.71964,1.71976,1.10,1.00
2014.04.28 06:59:33.155,1.71963,1.71976,1.67,1.00
2014.04.28 06:59:34.577,1.71964,1.71976,1.02,1.00
2014.04.28 06:59:35.573,1.71964,1.71976,1.02,1.00
2014.04.28 06:59:37.612,1.71963,1.71976,1.84,1.00
2014.04.28 06:59:38.213,1.71963,1.71976,1.67,1.20
2014.04.28 06:59:38.955,1.71963,1.71975,1.10,1.45
2014.04.28 06:59:39.006,1.71961,1.71972,1.20,1.00
2014.04.28 06:59:39.310,1.71957,1.71968,1.38,1.45
2014.04.28 06:59:39.614,1.71957,1.71968,1.38,1.45
2014.04.28 06:59:40.170,1.71955,1.71966,1.02,1.20
2014.04.28 06:59:40.911,1.71954,1.71966,2.44,1.20
2014.04.28 06:59:41.434,1.71956,1.71968,1.02,1.00
2014.04.28 06:59:41.485,1.7196,1.71971,1.13,1.00
2014.04.28 06:59:41.687,1.71961,1.71973,1.02,1.00
2014.04.28 06:59:41.788,1.7196,1.71973,1.02,1.00
2014.04.28 06:59:41.991,1.71962,1.71971,1.38,1.00
2014.04.28 06:59:42.988,1.71962,1.71975,1.38,1.09
2014.04.28 06:59:43.827,1.71962,1.71975,1.38,1.09
2014.04.28 06:59:44.096,1.71962,1.71974,1.38,1.02
2014.04.28 06:59:44.400,1.7196,1.7197,1.38,1.09
2014.04.28 06:59:44.936,1.7196,1.7197,1.00,1.09
2014.04.28 06:59:50.191,1.71957,1.71964,1.38,1.45
2014.04.28 06:59:50.243,1.71958,1.71964,1.13,1.45
2014.04.28 06:59:50.446,1.71952,1.71963,1.38,1.09
2014.04.28 06:59:51.023,1.71952,1.71961,1.38,1.09
2014.04.28 06:59:52.407,1.71952,1.71961,1.38,1.18
2014.04.28 06:59:52.920,1.71952,1.71964,1.13,1.09
2014.04.28 06:59:55.129,1.71952,1.71965,1.00,1.72
2014.04.28 06:59:55.635,1.71952,1.71966,1.00,1.84
2014.04.28 06:59:55.938,1.71954,1.71963,1.00,1.18
2014.04.28 06:59:57.061,1.71952,1.71964,1.13,1.39
2014.04.28 06:59:57.264,1.71949,1.71964,1.39,1.09
2014.04.28 06:59:57.567,1.71951,1.71965,1.13,1.02
2014.04.28 06:59:57.719,1.71954,1.71967,1.88,2.59
2014.04.28 06:59:57.871,1.71954,1.71969,1.69,2.14
2014.04.28 06:59:58.174,1.7195,1.71965,1.29,1.20
2014.04.28 06:59:58.225,1.7195,1.71966,1.29,1.39
2014.04.28 06:59:58.326,1.71948,1.71966,1.69,1.39
2014.04.28 06:59:58.499,1.71948,1.71963,1.69,1.08
2014.04.28 06:59:59.004,1.71948,1.71966,1.94,1.39
2014.04.28 06:59:59.538,1.71949,1.71965,1.69,1.09
