2014.08.21 15:00:00.199,1.72244,1.72257,2.37,1.00
2014.08.21 15:00:00.402,1.72242,1.72255,1.09,1.00
2014.08.21 15:00:00.453,1.72243,1.72255,1.19,1.00
2014.08.21 15:00:00.758,1.72241,1.72253,1.19,1.00
2014.08.21 15:00:00.859,1.72238,1.72251,1.77,1.00
2014.08.21 15:00:01.062,1.72238,1.72251,1.00,1.69
2014.08.21 15:00:01.163,1.72238,1.72251,1.25,1.25
2014.08.21 15:00:01.366,1.72238,1.7225,2.25,1.19
2014.08.21 15:00:01.780,1.72238,1.72251,1.69,1.84
2014.08.21 15:00:02.085,1.7224,1.72247,1.00,1.00
2014.08.21 15:00:02.239,1.72235,1.72245,1.65,1.00
2014.08.21 15:00:02.290,1.72232,1.7224,1.10,1.00
2014.08.21 15:00:02.443,1.7223,1.72241,1.00,1.19
2014.08.21 15:00:02.596,1.7223,1.72241,1.29,1.00
2014.08.21 15:00:02.697,1.72229,1.72244,1.84,1.19
2014.08.21 15:00:03.001,1.72231,1.72242,1.19,1.00
2014.08.21 15:00:03.289,1.72229,1.72241,1.29,1.00
2014.08.21 15:00:03.494,1.7223,1.72241,1.69,1.00
2014.08.21 15:00:03.798,1.72233,1.72244,1.19,1.00
2014.08.21 15:00:04.052,1.72234,1.72247,2.44,1.00
2014.08.21 15:00:04.305,1.72237,1.72247,1.19,1.00
2014.08.21 15:00:04.609,1.72234,1.72246,1.69,2.44
2014.08.21 15:00:05.468,1.72234,1.72245,1.19,1.25
2014.08.21 15:00:05.822,1.72235,1.72245,1.19,1.00
2014.08.21 15:00:06.040,1.72236,1.72248,1.39,1.25
2014.08.21 15:00:06.546,1.72236,1.72248,1.19,2.07
2014.08.21 15:00:06.597,1.72235,1.72246,1.00,1.19
2014.08.21 15:00:06.699,1.72232,1.72246,1.19,1.84
2014.08.21 15:00:06.953,1.72235,1.72246,1.00,1.19
2014.08.21 15:00:07.256,1.72238,1.72248,1.00,1.19
2014.08.21 15:00:07.762,1.72236,1.72248,1.19,1.19
2014.08.21 15:00:08.421,1.72236,1.72247,1.25,1.69
2014.08.21 15:00:08.826,1.72234,1.72245,1.00,1.25
2014.08.21 15:00:09.306,1.72232,1.72245,1.00,1.50
2014.08.21 15:00:09.357,1.72237,1.72245,1.00,1.00
2014.08.21 15:00:09.561,1.72236,1.72249,1.50,1.19
2014.08.21 15:00:09.613,1.72236,1.72249,2.44,1.29
2014.08.21 15:00:09.715,1.72234,1.72248,1.19,1.63
2014.08.21 15:00:10.121,1.72233,1.72246,1.69,1.57
2014.08.21 15:00:10.424,1.72227,1.72237,1.00,1.00
2014.08.21 15:00:10.527,1.72229,1.7224,1.00,1.25
2014.08.21 15:00:10.577,1.72229,1.72234,1.00,1.00
2014.08.21 15:00:10.679,1.72229,1.72239,1.00,1.00
2014.08.21 15:00:11.085,1.72233,1.72241,1.00,1.25
2014.08.21 15:00:11.440,1.7223,1.72241,1.19,1.25
2014.08.21 15:00:11.643,1.72232,1.72243,1.19,1.00
2014.08.21 15:00:11.948,1.72233,1.72245,1.19,1.69
2014.08.21 15:00:12.916,1.72232,1.72245,1.69,2.25
2014.08.21 15:00:13.220,1.72234,1.72245,1.19,2.25
2014.08.21 15:00:14.029,1.72232,1.72245,1.00,3.57
2014.08.21 15:00:14.131,1.72228,1.72242,3.94,1.39
2014.08.21 15:00:14.435,1.72228,1.72241,1.19,1.19
2014.08.21 15:00:15.833,1.72231,1.7224,1.00,1.00
2014.08.21 15:00:16.137,1.72231,1.72241,1.19,1.00
2014.08.21 15:00:16.238,1.72229,1.72241,1.69,1.25
2014.08.21 15:00:16.845,1.72229,1.72239,1.69,1.00
2014.08.21 15:00:16.947,1.72229,1.72239,1.00,1.00
2014.08.21 15:00:17.453,1.72229,1.72239,1.19,1.00
2014.08.21 15:00:17.961,1.72228,1.72238,1.19,1.13
2014.08.21 15:00:18.062,1.72226,1.72238,1.69,2.07
2014.08.21 15:00:18.468,1.72223,1.72236,1.19,1.25
2014.08.21 15:00:18.974,1.72223,1.72235,1.19,1.00
2014.08.21 15:00:19.482,1.72223,1.72236,1.25,1.69
2014.08.21 15:00:20.253,1.72224,1.72237,1.19,3.19
2014.08.21 15:00:21.265,1.72225,1.72237,1.19,1.00
2014.08.21 15:00:21.753,1.72226,1.72239,3.94,1.38
2014.08.21 15:00:21.886,1.7223,1.72241,1.19,2.07
2014.08.21 15:00:22.915,1.72228,1.72241,3.57,1.00
2014.08.21 15:00:22.966,1.7223,1.7224,1.19,1.00
2014.08.21 15:00:23.118,1.7223,1.72242,1.19,1.50
2014.08.21 15:00:23.643,1.7223,1.72241,1.19,1.00
2014.08.21 15:00:23.695,1.72229,1.7224,1.00,2.55
2014.08.21 15:00:24.213,1.72226,1.72238,1.69,1.77
2014.08.21 15:00:24.519,1.72228,1.72241,1.25,2.14
2014.08.21 15:00:25.489,1.72226,1.7224,1.19,3.57
2014.08.21 15:00:26.179,1.72228,1.7224,1.19,2.82
2014.08.21 15:00:26.687,1.72229,1.7224,1.19,1.00
2014.08.21 15:00:26.991,1.72232,1.72242,1.19,1.00
2014.08.21 15:00:27.396,1.72232,1.72244,1.69,1.32
2014.08.21 15:00:27.598,1.72233,1.72242,1.19,1.00
2014.08.21 15:00:28.156,1.72233,1.72242,1.69,1.00
2014.08.21 15:00:28.671,1.72233,1.72245,1.69,1.32
2014.08.21 15:00:28.904,1.72233,1.72242,1.69,1.00
2014.08.21 15:00:29.157,1.72233,1.72245,1.69,1.32
2014.08.21 15:00:29.673,1.72233,1.72245,1.19,1.32
2014.08.21 15:00:30.180,1.72233,1.72245,1.19,1.13
2014.08.21 15:00:33.295,1.72233,1.72245,1.69,1.25
2014.08.21 15:00:34.306,1.72233,1.72246,1.69,1.39
2014.08.21 15:00:34.407,1.72233,1.72241,1.00,1.00
2014.08.21 15:00:34.660,1.72229,1.72241,1.19,1.32
2014.08.21 15:00:35.922,1.72228,1.72241,1.19,2.07
2014.08.21 15:00:36.447,1.72229,1.72241,1.25,1.32
2014.08.21 15:00:37.317,1.72229,1.72241,2.44,1.32
2014.08.21 15:00:37.727,1.72231,1.72243,1.19,1.74
2014.08.21 15:00:38.031,1.72234,1.72242,1.69,1.00
2014.08.21 15:00:38.672,1.72234,1.72243,1.69,1.00
2014.08.21 15:00:39.183,1.72234,1.72247,1.69,2.14
2014.08.21 15:00:39.487,1.72234,1.72242,2.44,1.00
2014.08.21 15:00:40.014,1.72234,1.72242,1.25,1.20
2014.08.21 15:00:40.268,1.72231,1.72242,1.25,1.13
2014.08.21 15:00:40.813,1.72231,1.72243,1.25,2.07
2014.08.21 15:00:41.239,1.72231,1.72243,1.69,1.69
2014.08.21 15:00:42.313,1.72231,1.72243,1.88,1.00
2014.08.21 15:00:42.490,1.72236,1.72248,1.00,1.69
2014.08.21 15:00:42.997,1.72236,1.72247,1.19,1.25
2014.08.21 15:00:43.757,1.72235,1.72248,1.00,4.39
2014.08.21 15:00:44.274,1.72232,1.72245,2.82,1.50
2014.08.21 15:00:44.809,1.72232,1.72245,1.69,2.14
2014.08.21 15:00:45.026,1.72232,1.72243,1.19,1.00
2014.08.21 15:00:45.229,1.7223,1.72242,1.69,1.10
2014.08.21 15:00:45.330,1.7223,1.72241,1.25,1.84
2014.08.21 15:00:45.635,1.72226,1.72238,1.19,1.69
2014.08.21 15:00:47.686,1.72227,1.72241,1.19,6.04
2014.08.21 15:00:48.196,1.72227,1.72241,1.19,6.04
2014.08.21 15:00:49.040,1.72225,1.72233,1.69,1.00
2014.08.21 15:00:49.141,1.72224,1.72234,1.32,1.20
2014.08.21 15:00:49.343,1.72225,1.72236,1.19,1.88
2014.08.21 15:00:49.650,1.72227,1.72236,1.19,1.00
2014.08.21 15:00:49.803,1.72227,1.72238,1.19,1.50
2014.08.21 15:00:49.955,1.7223,1.72238,1.19,1.00
2014.08.21 15:00:50.259,1.72227,1.72239,1.19,1.00
2014.08.21 15:00:50.361,1.72228,1.72239,1.37,1.00
2014.08.21 15:00:50.564,1.7223,1.72242,1.19,1.00
2014.08.21 15:00:52.324,1.7223,1.72243,1.19,2.14
2014.08.21 15:00:53.164,1.72231,1.72243,1.19,1.50
2014.08.21 15:00:54.074,1.7223,1.72243,1.19,1.25
2014.08.21 15:00:54.175,1.72229,1.7224,1.00,1.00
2014.08.21 15:00:54.479,1.72226,1.72238,1.69,6.79
2014.08.21 15:00:54.834,1.7223,1.72238,1.00,6.04
2014.08.21 15:00:54.936,1.72227,1.72238,1.20,1.00
2014.08.21 15:00:54.987,1.72229,1.72238,1.19,1.00
2014.08.21 15:00:55.088,1.72229,1.72241,1.19,1.63
2014.08.21 15:00:55.393,1.72227,1.72241,1.69,2.07
2014.08.21 15:00:55.946,1.72227,1.72241,2.07,2.44
2014.08.21 15:00:56.376,1.72227,1.72241,2.07,1.25
2014.08.21 15:00:59.145,1.72227,1.72241,2.22,1.25
2014.08.21 15:00:59.246,1.72227,1.72241,2.22,1.25
2014.08.21 15:01:01.702,1.7223,1.72241,1.19,1.00
2014.08.21 15:01:01.808,1.72227,1.72241,2.03,1.00
2014.08.21 15:01:02.321,1.72228,1.72241,1.67,1.19
2014.08.21 15:01:02.824,1.72231,1.72242,1.38,1.25
2014.08.21 15:01:03.279,1.72229,1.72242,1.67,2.82
2014.08.21 15:01:03.582,1.72228,1.72242,2.82,2.82
2014.08.21 15:01:04.378,1.72228,1.72242,2.82,2.07
2014.08.21 15:01:04.904,1.72228,1.72242,2.44,2.07
2014.08.21 15:01:06.426,1.72228,1.72242,2.44,2.82
2014.08.21 15:01:06.730,1.72231,1.72242,1.19,1.88
2014.08.21 15:01:09.699,1.72231,1.72242,1.08,1.00
2014.08.21 15:01:10.003,1.72233,1.72246,1.19,1.32
2014.08.21 15:01:10.577,1.72233,1.72244,1.69,1.38
2014.08.21 15:01:10.628,1.72233,1.72244,1.00,1.63
2014.08.21 15:01:10.883,1.7223,1.72241,1.19,1.13
2014.08.21 15:01:11.426,1.72229,1.72241,1.19,1.32
2014.08.21 15:01:11.937,1.72228,1.72241,1.69,2.07
2014.08.21 15:01:12.916,1.72228,1.72241,1.69,1.32
2014.08.21 15:01:13.480,1.72228,1.72241,1.69,1.63
2014.08.21 15:01:13.988,1.72228,1.72241,2.44,1.69
2014.08.21 15:01:14.649,1.72228,1.72237,1.19,1.00
2014.08.21 15:01:15.164,1.72228,1.72237,1.19,1.00
2014.08.21 15:01:15.463,1.72226,1.72238,1.57,3.27
2014.08.21 15:01:15.514,1.72226,1.72237,1.57,2.44
2014.08.21 15:01:15.665,1.72224,1.72237,1.32,3.19
2014.08.21 15:01:16.552,1.72224,1.72238,2.07,4.09
2014.08.21 15:01:17.403,1.72224,1.72238,2.07,4.84
2014.08.21 15:01:18.427,1.72224,1.72235,1.25,1.69
2014.08.21 15:01:19.565,1.72222,1.72235,1.29,2.82
2014.08.21 15:01:21.533,1.72222,1.72235,1.84,1.88
2014.08.21 15:01:24.406,1.72222,1.72235,1.25,2.07
2014.08.21 15:01:24.868,1.72223,1.72235,1.69,1.69
2014.08.21 15:01:25.861,1.72223,1.72235,1.69,1.63
2014.08.21 15:01:26.200,1.72223,1.72235,1.69,1.63
2014.08.21 15:01:27.594,1.72223,1.72235,1.69,1.63
2014.08.21 15:01:32.104,1.72223,1.72235,1.69,1.38
2014.08.21 15:01:32.880,1.72225,1.72236,1.19,1.38
2014.08.21 15:01:34.250,1.72225,1.72236,1.19,1.13
2014.08.21 15:01:35.448,1.72225,1.72238,1.69,1.57
2014.08.21 15:01:35.651,1.72225,1.72233,1.19,1.00
2014.08.21 15:01:35.904,1.72219,1.7223,2.44,1.00
2014.08.21 15:01:36.450,1.72219,1.72231,1.19,2.00
2014.08.21 15:01:36.906,1.72217,1.7223,1.69,1.69
2014.08.21 15:01:37.862,1.72217,1.72228,1.19,1.38
2014.08.21 15:01:38.402,1.72216,1.72228,1.29,1.63
2014.08.21 15:01:39.570,1.72216,1.7223,1.29,2.07
2014.08.21 15:01:40.083,1.72217,1.7223,1.19,1.57
2014.08.21 15:01:40.893,1.72216,1.7223,1.29,2.07
2014.08.21 15:01:44.118,1.72216,1.7223,1.29,1.32
2014.08.21 15:01:44.320,1.72218,1.7223,1.19,1.32
2014.08.21 15:01:45.698,1.72218,1.7223,1.19,1.32
2014.08.21 15:01:46.701,1.72217,1.7223,1.77,1.32
2014.08.21 15:01:51.952,1.72217,1.7223,1.77,2.07
2014.08.21 15:01:52.934,1.72217,1.7223,1.29,1.32
2014.08.21 15:01:55.080,1.72218,1.72227,1.25,1.00
2014.08.21 15:01:57.328,1.72218,1.7223,1.69,2.07
2014.08.21 15:02:00.153,1.72218,1.7223,1.88,1.19
2014.08.21 15:02:00.457,1.72221,1.72232,1.00,2.14
2014.08.21 15:02:04.400,1.72221,1.72227,1.00,1.00
2014.08.21 15:02:04.510,1.72219,1.72227,1.00,1.00
2014.08.21 15:02:04.938,1.72219,1.72231,1.00,1.57
2014.08.21 15:02:05.460,1.72219,1.7223,1.00,1.57
2014.08.21 15:02:05.979,1.72218,1.7223,1.69,1.57
2014.08.21 15:02:06.523,1.72218,1.72229,1.50,1.32
2014.08.21 15:02:08.164,1.72218,1.72223,1.50,1.00
2014.08.21 15:02:08.268,1.72218,1.72227,1.50,1.25
2014.08.21 15:02:08.787,1.72218,1.72228,1.69,1.25
2014.08.21 15:02:09.501,1.72218,1.72232,1.69,4.47
2014.08.21 15:02:10.460,1.72218,1.7223,1.69,1.57
2014.08.21 15:02:10.974,1.72218,1.72227,1.69,1.00
2014.08.21 15:02:11.501,1.72218,1.7223,1.69,1.57
2014.08.21 15:02:12.463,1.72217,1.7223,1.50,2.07
2014.08.21 15:02:14.468,1.72217,1.7223,1.69,2.07
2014.08.21 15:02:15.204,1.72217,1.7223,2.44,1.00
2014.08.21 15:02:15.698,1.72217,1.72232,4.19,1.48
2014.08.21 15:02:15.748,1.72219,1.72234,3.07,1.58
2014.08.21 15:02:15.799,1.7222,1.72234,3.57,1.77
2014.08.21 15:02:16.002,1.72225,1.72238,2.38,1.00
2014.08.21 15:02:16.104,1.72227,1.7224,2.32,1.13
2014.08.21 15:02:16.408,1.72223,1.72236,2.44,2.04
2014.08.21 15:02:16.826,1.72225,1.72238,2.69,3.12
2014.08.21 15:02:17.332,1.72225,1.72238,2.69,1.19
2014.08.21 15:02:19.897,1.72226,1.72238,1.25,1.25
2014.08.21 15:02:20.201,1.72226,1.72235,1.00,1.19
2014.08.21 15:02:20.353,1.72224,1.72235,1.00,1.29
2014.08.21 15:02:20.877,1.72222,1.72234,2.44,1.19
2014.08.21 15:02:21.277,1.72225,1.72234,1.00,1.19
2014.08.21 15:02:21.378,1.72223,1.72234,1.69,1.19
2014.08.21 15:02:21.480,1.72225,1.72234,1.00,1.19
2014.08.21 15:02:22.049,1.72223,1.72234,1.25,1.19
2014.08.21 15:02:24.196,1.72224,1.72234,1.50,1.19
2014.08.21 15:02:24.706,1.72225,1.72236,1.00,1.19
2014.08.21 15:02:25.521,1.72225,1.72237,1.00,1.02
2014.08.21 15:02:25.572,1.72223,1.72235,1.00,1.00
2014.08.21 15:02:25.876,1.7222,1.72233,1.69,1.88
2014.08.21 15:02:26.180,1.72219,1.72232,1.25,1.77
2014.08.21 15:02:26.795,1.7222,1.72233,1.00,2.97
2014.08.21 15:02:30.218,1.7222,1.72231,1.00,1.09
2014.08.21 15:02:30.420,1.7222,1.72233,2.44,1.77
2014.08.21 15:02:30.931,1.72221,1.72234,3.19,1.75
2014.08.21 15:02:31.336,1.72222,1.72236,1.19,2.07
2014.08.21 15:02:31.938,1.72223,1.72237,1.19,1.67
2014.08.21 15:02:36.046,1.72223,1.72235,1.25,1.32
2014.08.21 15:02:37.055,1.72223,1.72234,1.00,1.32
2014.08.21 15:02:40.040,1.72222,1.72234,1.25,1.32
2014.08.21 15:02:40.546,1.7222,1.72234,1.77,2.07
2014.08.21 15:02:42.086,1.72221,1.72234,1.19,1.57
2014.08.21 15:02:44.243,1.72222,1.72234,1.19,1.57
2014.08.21 15:02:45.062,1.72219,1.72234,1.69,1.67
2014.08.21 15:02:45.577,1.72219,1.72232,1.69,1.38
2014.08.21 15:02:46.093,1.72219,1.72232,1.19,1.63
2014.08.21 15:02:50.079,1.72218,1.72232,3.94,1.63
2014.08.21 15:02:55.089,1.72218,1.72228,1.50,1.38
2014.08.21 15:02:55.241,1.72215,1.72228,1.19,2.22
2014.08.21 15:02:55.343,1.72212,1.72225,2.82,1.32
2014.08.21 15:02:55.748,1.72212,1.72225,2.07,2.82
2014.08.21 15:02:57.916,1.72211,1.72224,2.63,1.18
2014.08.21 15:02:58.018,1.72216,1.72226,1.50,1.13
2014.08.21 15:02:58.791,1.72215,1.72226,1.19,1.63
2014.08.21 15:02:59.314,1.72213,1.72226,2.44,2.22
2014.08.21 15:02:59.517,1.72213,1.72225,1.19,1.88
2014.08.21 15:03:00.018,1.72211,1.72225,1.69,2.82
2014.08.21 15:03:03.778,1.72214,1.72225,1.19,1.25
2014.08.21 15:03:04.081,1.72215,1.72226,2.82,1.00
2014.08.21 15:03:04.233,1.72217,1.72229,1.19,1.25
2014.08.21 15:03:05.194,1.72218,1.7223,1.19,2.07
2014.08.21 15:03:05.860,1.72218,1.72229,1.19,1.00
2014.08.21 15:03:06.380,1.72218,1.72231,1.69,2.07
2014.08.21 15:03:08.222,1.72219,1.72231,1.00,2.22
2014.08.21 15:03:09.295,1.72218,1.72231,1.25,1.74
2014.08.21 15:03:10.220,1.72217,1.7223,1.19,1.20
2014.08.21 15:03:12.205,1.72217,1.72232,1.77,1.63
2014.08.21 15:03:14.751,1.72221,1.72232,1.00,2.97
2014.08.21 15:03:14.802,1.72221,1.72232,1.02,1.10
2014.08.21 15:03:14.853,1.72221,1.72234,1.09,1.50
2014.08.21 15:03:14.903,1.72222,1.72234,1.19,1.50
2014.08.21 15:03:15.106,1.72225,1.72238,1.19,3.64
2014.08.21 15:03:15.460,1.72225,1.72236,1.19,1.48
2014.08.21 15:03:16.212,1.72223,1.72238,1.32,5.07
2014.08.21 15:03:17.223,1.72222,1.72236,1.57,1.39
2014.08.21 15:03:17.726,1.72222,1.72236,1.32,1.39
2014.08.21 15:03:19.329,1.72224,1.72236,1.25,2.82
2014.08.21 15:03:19.848,1.72224,1.72236,1.25,2.82
2014.08.21 15:03:20.920,1.72224,1.72236,1.00,2.82
2014.08.21 15:03:21.438,1.72221,1.72236,2.44,4.32
2014.08.21 15:03:21.590,1.72222,1.72233,1.00,1.47
2014.08.21 15:03:22.096,1.72222,1.72234,1.00,1.39
2014.08.21 15:03:22.753,1.7222,1.72234,1.19,2.89
2014.08.21 15:03:23.410,1.72221,1.72234,1.69,2.14
2014.08.21 15:03:23.917,1.72221,1.72234,1.69,2.22
2014.08.21 15:03:24.717,1.72221,1.72234,1.69,1.47
2014.08.21 15:03:26.729,1.72221,1.72234,2.44,1.77
2014.08.21 15:03:27.753,1.72221,1.72234,2.44,1.47
2014.08.21 15:03:28.234,1.72221,1.72233,1.19,1.57
2014.08.21 15:03:28.339,1.72221,1.72233,1.19,1.57
2014.08.21 15:03:28.743,1.72219,1.72232,1.19,5.07
2014.08.21 15:03:31.249,1.72219,1.72232,1.19,2.07
2014.08.21 15:03:31.764,1.72219,1.72232,1.00,2.07
2014.08.21 15:03:35.218,1.7222,1.72232,1.00,1.57
2014.08.21 15:03:35.789,1.7222,1.72233,1.19,2.97
2014.08.21 15:03:37.793,1.7222,1.72232,1.25,1.67
2014.08.21 15:03:38.306,1.72219,1.72233,2.52,1.95
2014.08.21 15:03:38.409,1.72221,1.72233,1.19,1.88
2014.08.21 15:03:38.662,1.7222,1.72232,1.00,2.07
2014.08.21 15:03:39.129,1.72217,1.72228,2.14,1.00
2014.08.21 15:03:39.180,1.72217,1.72228,1.10,1.38
2014.08.21 15:03:39.382,1.72217,1.72226,1.00,1.69
2014.08.21 15:03:39.433,1.72214,1.72226,1.25,1.69
2014.08.21 15:03:40.292,1.72215,1.72229,1.19,6.19
2014.08.21 15:03:41.290,1.72216,1.72228,1.19,1.33
2014.08.21 15:03:42.312,1.72215,1.72228,2.07,1.77
2014.08.21 15:03:43.288,1.72215,1.72228,1.19,2.14
2014.08.21 15:03:43.441,1.72216,1.72229,1.32,1.39
2014.08.21 15:03:43.543,1.72216,1.72225,1.32,1.00
2014.08.21 15:03:43.646,1.72218,1.72228,1.19,1.00
2014.08.21 15:03:45.278,1.72218,1.72231,1.19,1.50
2014.08.21 15:03:46.511,1.72218,1.72231,2.07,1.50
2014.08.21 15:03:46.713,1.7222,1.72233,2.22,1.50
2014.08.21 15:03:47.218,1.72222,1.72233,1.19,1.50
2014.08.21 15:03:48.103,1.72222,1.72233,1.19,1.88
2014.08.21 15:03:48.204,1.7222,1.72232,1.19,1.57
2014.08.21 15:03:48.407,1.72218,1.72231,1.32,1.32
2014.08.21 15:03:48.975,1.72217,1.7223,1.19,2.82
2014.08.21 15:03:49.230,1.72217,1.7223,1.19,2.82
2014.08.21 15:03:49.386,1.72216,1.7223,1.32,2.82
2014.08.21 15:03:51.025,1.72216,1.72228,1.32,1.19
2014.08.21 15:03:52.013,1.72214,1.72224,1.19,1.00
2014.08.21 15:03:52.216,1.72213,1.72224,1.25,1.00
2014.08.21 15:03:52.368,1.72213,1.72221,1.00,1.00
2014.08.21 15:03:52.419,1.7221,1.72221,1.19,1.25
2014.08.21 15:03:52.924,1.72209,1.7222,1.19,1.00
2014.08.21 15:03:53.461,1.72208,1.7222,2.07,1.25
2014.08.21 15:03:54.372,1.72212,1.7222,1.38,1.25
2014.08.21 15:03:54.625,1.72218,1.7223,1.32,1.00
2014.08.21 15:03:55.149,1.7222,1.72232,1.00,1.72
2014.08.21 15:03:55.555,1.7222,1.72231,1.00,1.32
2014.08.21 15:03:56.586,1.7222,1.72232,1.25,1.57
2014.08.21 15:03:58.526,1.72217,1.72232,1.57,1.57
2014.08.21 15:04:00.562,1.72217,1.7223,2.82,1.69
2014.08.21 15:04:01.525,1.72217,1.7223,2.82,1.25
2014.08.21 15:04:02.895,1.72217,1.72229,2.07,1.00
2014.08.21 15:04:03.621,1.72217,1.72229,1.00,1.32
2014.08.21 15:04:04.561,1.72217,1.72229,1.00,2.07
2014.08.21 15:04:04.876,1.72214,1.72225,1.00,1.19
2014.08.21 15:04:05.180,1.72212,1.72224,1.25,1.19
2014.08.21 15:04:05.635,1.72211,1.72223,1.10,1.19
2014.08.21 15:04:05.838,1.72209,1.72223,1.88,2.07
2014.08.21 15:04:06.344,1.72208,1.72221,1.50,1.57
2014.08.21 15:04:06.648,1.72207,1.72217,5.10,1.19
2014.08.21 15:04:06.850,1.72205,1.72217,2.25,1.69
2014.08.21 15:04:07.104,1.72204,1.72217,1.25,2.14
2014.08.21 15:04:07.661,1.72203,1.72214,1.00,1.57
2014.08.21 15:04:07.712,1.72201,1.72213,1.00,1.32
2014.08.21 15:04:07.965,1.722,1.72213,1.02,2.07
2014.08.21 15:04:08.269,1.72202,1.72213,1.00,2.07
2014.08.21 15:04:08.370,1.722,1.72213,1.39,2.07
2014.08.21 15:04:08.876,1.722,1.72213,1.25,2.14
2014.08.21 15:04:08.977,1.722,1.72213,1.69,1.74
2014.08.21 15:04:09.722,1.722,1.72213,2.07,1.47
2014.08.21 15:04:10.250,1.72203,1.72214,1.00,1.77
2014.08.21 15:04:11.685,1.72203,1.72215,1.25,2.22
2014.08.21 15:04:12.663,1.72203,1.72214,1.00,1.39
2014.08.21 15:04:12.764,1.72203,1.72212,1.00,1.19
2014.08.21 15:04:12.866,1.722,1.72212,1.25,1.32
2014.08.21 15:04:13.775,1.722,1.72214,1.25,2.97
2014.08.21 15:04:15.865,1.72199,1.7221,1.50,1.57
2014.08.21 15:04:16.169,1.72196,1.72208,2.07,2.44
2014.08.21 15:04:17.177,1.72194,1.72208,1.69,3.57
2014.08.21 15:04:18.584,1.72194,1.72208,1.57,3.19
2014.08.21 15:04:18.636,1.72198,1.72208,1.00,1.19
2014.08.21 15:04:18.687,1.72198,1.72211,1.13,1.25
2014.08.21 15:04:18.839,1.72199,1.72212,1.48,1.19
2014.08.21 15:04:19.142,1.72198,1.72209,1.25,1.00
2014.08.21 15:04:19.547,1.72198,1.72212,1.00,3.72
2014.08.21 15:04:20.053,1.72198,1.72212,1.57,2.97
2014.08.21 15:04:20.609,1.72198,1.72212,1.57,2.22
2014.08.21 15:04:24.604,1.72197,1.72211,3.72,1.19
2014.08.21 15:04:24.908,1.72195,1.72208,1.38,1.19
2014.08.21 15:04:25.414,1.72195,1.72207,1.00,1.32
2014.08.21 15:04:25.832,1.72195,1.72206,1.00,1.19
2014.08.21 15:04:26.895,1.72194,1.72206,1.25,1.57
2014.08.21 15:04:27.400,1.72196,1.72208,1.25,1.00
2014.08.21 15:04:27.502,1.72196,1.72209,1.77,1.19
2014.08.21 15:04:28.209,1.72198,1.72211,2.07,1.19
2014.08.21 15:04:28.311,1.72199,1.72213,2.14,1.25
2014.08.21 15:04:29.563,1.722,1.72214,1.57,1.19
2014.08.21 15:04:29.816,1.72208,1.72221,1.19,1.00
2014.08.21 15:04:30.019,1.72211,1.72223,1.19,2.07
2014.08.21 15:04:30.527,1.7221,1.72222,1.00,1.19
2014.08.21 15:04:30.831,1.72207,1.72221,1.19,1.74
2014.08.21 15:04:30.882,1.72207,1.72219,1.19,1.48
2014.08.21 15:04:31.292,1.72206,1.72219,1.19,1.20
2014.08.21 15:04:31.797,1.72207,1.72219,1.19,1.32
2014.08.21 15:04:31.848,1.72204,1.72219,2.97,1.32
2014.08.21 15:04:33.861,1.72205,1.72219,1.57,1.02
2014.08.21 15:04:34.856,1.72205,1.72219,2.07,1.19
2014.08.21 15:04:35.841,1.72206,1.7222,1.19,2.07
2014.08.21 15:04:37.842,1.72206,1.72221,2.07,1.57
2014.08.21 15:04:43.882,1.72206,1.72221,2.07,1.29
2014.08.21 15:04:46.895,1.72206,1.72219,1.69,1.19
2014.08.21 15:04:47.273,1.72205,1.72217,1.25,1.39
2014.08.21 15:04:47.577,1.72201,1.72213,1.25,1.19
2014.08.21 15:04:47.780,1.72201,1.72215,1.13,2.22
2014.08.21 15:04:47.882,1.722,1.72212,1.25,1.19
2014.08.21 15:04:48.406,1.722,1.72212,1.63,1.19
2014.08.21 15:04:48.557,1.722,1.72215,2.07,2.03
2014.08.21 15:04:48.608,1.72206,1.72215,1.00,1.88
2014.08.21 15:04:48.861,1.72207,1.72219,1.32,1.29
2014.08.21 15:04:48.962,1.72207,1.7222,1.13,1.20
2014.08.21 15:04:49.064,1.72207,1.72218,1.13,1.19
2014.08.21 15:04:49.525,1.72207,1.72218,1.38,1.19
2014.08.21 15:04:49.576,1.72207,1.7222,1.63,1.27
2014.08.21 15:04:50.174,1.72208,1.72222,2.07,3.57
2014.08.21 15:04:51.191,1.72208,1.72221,1.57,1.19
2014.08.21 15:04:52.164,1.72208,1.72222,1.57,1.37
2014.08.21 15:04:52.673,1.72208,1.72222,1.57,1.29
2014.08.21 15:04:53.196,1.72208,1.72222,1.63,1.29
2014.08.21 15:04:55.420,1.72208,1.72222,1.63,5.67
2014.08.21 15:04:56.195,1.72208,1.72222,1.32,6.42
2014.08.21 15:04:57.678,1.72208,1.72222,1.63,5.29
2014.08.21 15:04:58.183,1.72208,1.72222,2.07,5.29
2014.08.21 15:05:01.207,1.72208,1.72222,1.63,6.04
2014.08.21 15:05:02.189,1.72208,1.72222,2.07,5.29
2014.08.21 15:05:03.218,1.72208,1.72221,1.32,1.34
2014.08.21 15:05:05.226,1.72208,1.72222,1.32,1.37
2014.08.21 15:05:06.201,1.72208,1.72222,2.07,1.37
2014.08.21 15:05:07.232,1.72209,1.72224,2.44,3.75
2014.08.21 15:05:07.282,1.72211,1.72226,1.88,2.44
2014.08.21 15:05:08.658,1.72215,1.72228,2.07,1.33
2014.08.21 15:05:08.709,1.72216,1.7223,1.32,1.69
2014.08.21 15:05:08.810,1.7222,1.72232,1.69,1.47
2014.08.21 15:05:09.013,1.72222,1.72236,1.19,2.25
2014.08.21 15:05:09.114,1.72221,1.72233,1.50,1.00
2014.08.21 15:05:09.419,1.72225,1.72234,1.00,1.00
2014.08.21 15:05:09.571,1.72227,1.72239,1.29,1.50
2014.08.21 15:05:09.621,1.72226,1.72236,1.18,1.00
2014.08.21 15:05:09.672,1.72225,1.72236,1.00,1.00
2014.08.21 15:05:09.774,1.72223,1.72236,2.25,1.10
2014.08.21 15:05:09.926,1.72222,1.72234,1.19,1.00
2014.08.21 15:05:10.270,1.72225,1.72238,1.69,1.19
2014.08.21 15:05:10.574,1.72227,1.7224,1.69,1.67
2014.08.21 15:05:11.438,1.72228,1.72242,1.19,4.32
2014.08.21 15:05:11.842,1.72228,1.72237,1.19,1.00
2014.08.21 15:05:11.943,1.72227,1.72237,1.19,1.00
2014.08.21 15:05:12.954,1.72226,1.72237,2.07,1.00
2014.08.21 15:05:13.080,1.72226,1.72241,2.07,2.89
2014.08.21 15:05:14.699,1.72226,1.72238,1.32,1.00
2014.08.21 15:05:14.952,1.72225,1.72238,1.69,1.69
2014.08.21 15:05:15.256,1.72226,1.72238,1.32,1.25
2014.08.21 15:05:16.848,1.72225,1.72236,1.19,1.25
2014.08.21 15:05:17.152,1.72223,1.72233,1.00,1.00
2014.08.21 15:05:17.462,1.7222,1.72233,1.65,1.19
2014.08.21 15:05:17.550,1.72219,1.7223,3.68,1.19
2014.08.21 15:05:17.602,1.72219,1.7223,1.50,1.19
2014.08.21 15:05:17.906,1.72217,1.72228,1.19,1.63
2014.08.21 15:05:17.957,1.72215,1.72228,1.69,2.82
2014.08.21 15:05:18.488,1.72216,1.72229,1.69,1.29
2014.08.21 15:05:19.000,1.72216,1.72227,1.19,1.00
2014.08.21 15:05:19.470,1.72214,1.72227,1.32,1.32
2014.08.21 15:05:20.286,1.72215,1.72227,2.07,1.25
2014.08.21 15:05:20.791,1.72216,1.72229,2.82,1.19
2014.08.21 15:05:20.893,1.72217,1.72232,2.07,2.97
2014.08.21 15:05:21.882,1.72217,1.72232,3.64,2.82
2014.08.21 15:05:22.855,1.72217,1.72232,2.89,3.57
2014.08.21 15:05:23.972,1.72217,1.7223,1.08,2.82
2014.08.21 15:05:24.277,1.72214,1.72227,1.57,1.19
2014.08.21 15:05:26.710,1.72215,1.72229,1.32,1.57
2014.08.21 15:05:26.811,1.72217,1.72231,2.82,1.69
2014.08.21 15:05:26.913,1.72219,1.72232,1.77,2.44
2014.08.21 15:05:27.418,1.72219,1.7223,2.07,1.00
2014.08.21 15:05:27.924,1.72219,1.72232,1.19,1.48
2014.08.21 15:05:28.430,1.72219,1.72232,2.07,1.00
2014.08.21 15:05:31.926,1.72221,1.72232,1.19,1.00
2014.08.21 15:05:32.887,1.7222,1.72232,1.32,1.25
2014.08.21 15:05:34.892,1.72221,1.72232,1.19,1.50
2014.08.21 15:05:36.107,1.72221,1.72233,1.19,1.32
2014.08.21 15:05:36.613,1.72222,1.72233,1.32,1.00
2014.08.21 15:05:37.126,1.72222,1.72236,1.57,2.82
2014.08.21 15:05:37.533,1.72222,1.72236,1.57,2.07
2014.08.21 15:05:37.940,1.72222,1.72236,1.19,2.07
2014.08.21 15:05:38.548,1.72221,1.72236,2.82,2.07
2014.08.21 15:05:39.713,1.72221,1.72236,2.44,2.07
2014.08.21 15:05:41.523,1.7222,1.72234,1.19,1.57
2014.08.21 15:05:42.054,1.72219,1.72231,1.32,1.00
2014.08.21 15:05:42.637,1.72217,1.72229,1.15,1.38
2014.08.21 15:05:43.142,1.72216,1.72227,1.19,1.32
2014.08.21 15:05:43.962,1.72216,1.72227,1.00,1.32
2014.08.21 15:05:44.423,1.72216,1.72227,1.00,1.69
2014.08.21 15:05:44.575,1.72213,1.72227,1.25,2.07
2014.08.21 15:05:45.040,1.72211,1.72223,2.07,1.00
2014.08.21 15:05:45.570,1.72211,1.72222,1.32,1.25
2014.08.21 15:05:46.657,1.72213,1.72222,1.00,1.25
2014.08.21 15:05:47.747,1.72212,1.72224,1.69,1.69
2014.08.21 15:05:48.454,1.72212,1.72224,1.19,1.32
2014.08.21 15:05:50.479,1.72214,1.72224,2.14,1.00
2014.08.21 15:05:50.580,1.72216,1.72228,1.32,1.69
2014.08.21 15:05:51.087,1.72216,1.72228,1.09,1.69
2014.08.21 15:05:51.623,1.72214,1.72227,2.59,1.88
2014.08.21 15:05:52.133,1.72214,1.72227,1.69,1.38
2014.08.21 15:05:52.552,1.72214,1.72227,1.25,1.57
2014.08.21 15:05:53.368,1.72215,1.72227,1.19,1.00
2014.08.21 15:05:53.671,1.72214,1.72227,1.32,1.25
2014.08.21 15:05:54.252,1.72212,1.72225,1.77,1.32
2014.08.21 15:05:54.556,1.72209,1.72223,2.44,1.37
2014.08.21 15:05:56.063,1.72211,1.72224,1.19,2.82
2014.08.21 15:05:56.367,1.72212,1.72225,1.19,1.32
2014.08.21 15:05:59.453,1.72212,1.72225,1.19,1.63
2014.08.21 15:06:00.012,1.72212,1.72225,1.19,1.32
2014.08.21 15:06:00.165,1.72212,1.72224,1.25,1.19
2014.08.21 15:06:01.165,1.72211,1.72222,1.00,1.19
2014.08.21 15:06:03.167,1.72211,1.72223,1.25,2.44
2014.08.21 15:06:06.175,1.72211,1.72223,1.13,1.19
2014.08.21 15:06:07.103,1.72211,1.7222,1.00,1.19
2014.08.21 15:06:07.407,1.72207,1.72219,1.38,1.19
2014.08.21 15:06:08.389,1.72207,1.72218,1.13,1.29
2014.08.21 15:06:09.631,1.72207,1.72219,1.38,1.32
2014.08.21 15:06:10.631,1.72208,1.72222,1.69,1.32
2014.08.21 15:06:11.591,1.72208,1.72222,2.82,1.19
2014.08.21 15:06:12.134,1.72211,1.72222,1.00,1.19
2014.08.21 15:06:13.116,1.72211,1.72224,1.69,1.19
2014.08.21 15:06:15.100,1.72211,1.72224,1.69,1.69
2014.08.21 15:06:16.103,1.72211,1.72224,1.19,1.25
2014.08.21 15:06:17.145,1.72211,1.72224,1.19,1.69
2014.08.21 15:06:22.528,1.72215,1.72226,1.00,2.82
2014.08.21 15:06:22.630,1.72215,1.72226,1.00,1.00
2014.08.21 15:06:22.681,1.72216,1.72229,1.38,1.77
2014.08.21 15:06:23.188,1.72217,1.7223,5.67,1.69
2014.08.21 15:06:23.751,1.72219,1.7223,1.47,1.00
2014.08.21 15:06:24.004,1.7222,1.72232,2.18,1.19
2014.08.21 15:06:24.460,1.7222,1.72235,5.07,2.82
2014.08.21 15:06:24.511,1.7222,1.72235,5.07,2.44
2014.08.21 15:06:25.017,1.72223,1.72235,1.13,1.19
2014.08.21 15:06:27.987,1.72222,1.72235,1.00,1.19
2014.08.21 15:06:28.510,1.72221,1.72235,1.32,1.19
2014.08.21 15:06:29.647,1.72221,1.72234,1.32,2.07
2014.08.21 15:06:30.675,1.72221,1.72234,1.32,1.32
2014.08.21 15:06:31.693,1.72221,1.72234,1.00,1.69
2014.08.21 15:06:32.637,1.72221,1.72234,1.32,1.69
2014.08.21 15:06:35.267,1.72219,1.72233,1.77,1.19
2014.08.21 15:06:35.368,1.72219,1.72231,1.69,1.19
2014.08.21 15:06:37.351,1.72218,1.7223,1.32,1.19
2014.08.21 15:06:39.358,1.72218,1.72231,1.13,2.82
2014.08.21 15:06:41.520,1.72217,1.72229,1.02,1.25
2014.08.21 15:06:42.359,1.72217,1.72229,1.02,1.69
2014.08.21 15:06:45.382,1.72216,1.72229,1.00,1.69
2014.08.21 15:06:46.357,1.72216,1.72228,1.25,1.19
2014.08.21 15:06:47.588,1.72214,1.72229,3.64,2.44
2014.08.21 15:06:48.661,1.72216,1.72229,1.00,1.69
2014.08.21 15:06:48.762,1.72216,1.7223,2.82,1.02
2014.08.21 15:06:48.863,1.72217,1.7223,1.32,1.77
2014.08.21 15:06:49.268,1.72215,1.72228,2.07,1.19
2014.08.21 15:06:50.264,1.72215,1.72228,1.25,1.19
2014.08.21 15:06:50.808,1.72215,1.72228,1.33,1.19
2014.08.21 15:06:51.317,1.72214,1.72226,1.25,1.19
2014.08.21 15:06:51.622,1.72211,1.72221,1.00,1.13
2014.08.21 15:06:51.927,1.72206,1.72219,1.19,1.69
2014.08.21 15:06:52.558,1.72208,1.72219,1.00,1.69
2014.08.21 15:06:52.688,1.72206,1.72219,1.00,1.69
2014.08.21 15:06:52.789,1.72206,1.72217,1.00,1.19
2014.08.21 15:06:52.841,1.72204,1.72217,2.25,1.69
2014.08.21 15:06:53.751,1.72203,1.72215,1.02,1.25
2014.08.21 15:06:54.257,1.72202,1.72215,1.84,1.38
2014.08.21 15:06:54.779,1.72202,1.72215,1.84,1.00
2014.08.21 15:06:55.812,1.72203,1.72215,1.02,1.25
2014.08.21 15:06:56.469,1.72203,1.72214,1.02,1.00
2014.08.21 15:06:56.671,1.72201,1.72213,1.25,1.25
2014.08.21 15:06:56.824,1.72198,1.72212,3.94,1.19
2014.08.21 15:06:57.913,1.72198,1.72211,1.69,1.19
2014.08.21 15:06:59.705,1.72199,1.72211,1.19,1.25
2014.08.21 15:07:01.718,1.722,1.72213,1.19,1.19
2014.08.21 15:07:03.744,1.72199,1.72213,2.59,1.19
2014.08.21 15:07:05.735,1.722,1.72214,1.19,2.44
2014.08.21 15:07:05.940,1.72199,1.72211,1.02,1.00
2014.08.21 15:07:06.244,1.722,1.72214,1.19,2.07
2014.08.21 15:07:07.220,1.72202,1.72215,2.07,1.19
2014.08.21 15:07:08.259,1.72203,1.72215,1.69,1.25
2014.08.21 15:07:10.265,1.72204,1.72217,2.07,1.69
2014.08.21 15:07:11.466,1.72202,1.72216,2.14,1.19
2014.08.21 15:07:13.155,1.72202,1.72217,2.07,1.19
2014.08.21 15:07:14.490,1.72204,1.72217,1.63,1.19
2014.08.21 15:07:14.794,1.72214,1.72224,1.00,1.57
2014.08.21 15:07:14.845,1.72212,1.72225,1.00,1.67
2014.08.21 15:07:15.350,1.72211,1.72224,1.00,1.39
2014.08.21 15:07:15.881,1.72211,1.72223,1.19,1.67
2014.08.21 15:07:16.033,1.7221,1.72222,1.13,1.32
2014.08.21 15:07:16.580,1.72209,1.72222,1.69,3.57
2014.08.21 15:07:16.844,1.7221,1.72222,1.32,1.47
2014.08.21 15:07:17.350,1.7221,1.72224,1.69,2.14
2014.08.21 15:07:18.780,1.72211,1.72225,2.07,3.57
2014.08.21 15:07:18.983,1.72216,1.72227,1.00,1.25
2014.08.21 15:07:19.389,1.72216,1.72229,2.07,1.19
2014.08.21 15:07:19.693,1.72218,1.72232,1.19,2.89
2014.08.21 15:07:20.308,1.72218,1.72229,1.32,1.00
2014.08.21 15:07:20.359,1.72217,1.72229,1.00,1.13
2014.08.21 15:07:20.461,1.72217,1.72229,1.13,1.84
2014.08.21 15:07:20.816,1.72215,1.72229,2.07,2.14
2014.08.21 15:07:20.917,1.72214,1.72225,1.19,1.00
2014.08.21 15:07:21.425,1.72213,1.72225,1.38,1.19
2014.08.21 15:07:21.890,1.72212,1.72225,1.69,1.32
2014.08.21 15:07:22.402,1.72213,1.72225,1.00,1.32
2014.08.21 15:07:22.961,1.72212,1.72225,2.07,1.25
2014.08.21 15:07:24.407,1.72214,1.72226,1.00,2.07
2014.08.21 15:07:25.588,1.72218,1.72226,1.00,1.19
2014.08.21 15:07:25.690,1.72218,1.72227,1.00,1.25
2014.08.21 15:07:25.892,1.72218,1.72229,1.00,1.25
2014.08.21 15:07:26.903,1.72218,1.72231,1.32,1.32
2014.08.21 15:07:29.897,1.72215,1.72231,4.32,1.39
2014.08.21 15:07:30.655,1.72218,1.72231,1.00,1.39
2014.08.21 15:07:30.908,1.72218,1.72229,1.00,1.19
2014.08.21 15:07:31.546,1.72216,1.72229,1.32,1.19
2014.08.21 15:07:32.898,1.72216,1.7223,2.07,1.19
2014.08.21 15:07:33.203,1.72215,1.72229,2.07,1.32
2014.08.21 15:07:33.711,1.72213,1.72228,4.32,2.14
2014.08.21 15:07:36.228,1.72215,1.72228,1.19,1.19
2014.08.21 15:07:37.372,1.72214,1.72229,1.47,1.32
2014.08.21 15:07:38.362,1.72217,1.72229,1.00,1.32
2014.08.21 15:07:38.805,1.72214,1.72229,1.74,1.32
2014.08.21 15:07:39.162,1.72217,1.72229,1.00,1.32
2014.08.21 15:07:39.823,1.72218,1.7223,1.19,1.25
2014.08.21 15:07:41.835,1.7222,1.72232,1.00,1.50
2014.08.21 15:07:41.886,1.72223,1.72232,1.00,1.00
2014.08.21 15:07:42.406,1.72221,1.72233,1.37,1.25
2014.08.21 15:07:43.035,1.7222,1.72233,1.69,1.19
2014.08.21 15:07:43.844,1.7222,1.72233,1.00,2.07
2014.08.21 15:07:45.780,1.72219,1.72231,1.02,1.25
2014.08.21 15:07:45.831,1.72219,1.72231,1.02,1.69
2014.08.21 15:07:48.598,1.72221,1.72231,1.00,1.19
2014.08.21 15:07:48.648,1.72221,1.72233,1.25,1.57
2014.08.21 15:07:49.954,1.72219,1.72232,2.33,1.19
2014.08.21 15:07:54.106,1.72219,1.72233,3.27,1.69
2014.08.21 15:07:54.878,1.72221,1.72234,1.02,1.69
2014.08.21 15:07:55.409,1.72222,1.72235,1.00,2.44
2014.08.21 15:07:55.919,1.72222,1.72235,1.25,2.07
2014.08.21 15:07:56.425,1.72222,1.72235,1.25,2.14
2014.08.21 15:07:56.950,1.72222,1.72234,1.25,1.57
2014.08.21 15:07:58.829,1.72219,1.72234,2.89,2.82
2014.08.21 15:07:58.880,1.72219,1.72232,1.20,1.19
2014.08.21 15:07:59.394,1.72218,1.72231,1.32,1.29
2014.08.21 15:07:59.902,1.72218,1.72229,1.32,1.19
2014.08.21 15:08:00.225,1.72216,1.72222,1.00,1.00
2014.08.21 15:08:00.428,1.72207,1.72218,1.00,1.19
2014.08.21 15:08:00.683,1.72207,1.7222,1.19,2.07
2014.08.21 15:08:02.865,1.72207,1.72219,1.25,1.29
2014.08.21 15:08:04.007,1.72204,1.72219,2.14,1.02
2014.08.21 15:08:04.108,1.72205,1.72219,1.57,1.77
2014.08.21 15:08:04.813,1.72208,1.72219,1.00,1.29
2014.08.21 15:08:04.914,1.72208,1.72221,2.07,2.25
2014.08.21 15:08:04.965,1.72208,1.72223,2.14,3.57
2014.08.21 15:08:05.016,1.72208,1.72222,3.64,1.32
2014.08.21 15:08:05.320,1.72208,1.72218,1.08,1.00
2014.08.21 15:08:05.371,1.72205,1.72218,4.88,1.00
2014.08.21 15:08:05.877,1.72205,1.72218,2.07,1.19
2014.08.21 15:08:06.345,1.72209,1.7222,1.00,1.58
2014.08.21 15:08:06.648,1.72211,1.72224,1.63,1.69
2014.08.21 15:08:07.261,1.72211,1.72224,1.25,1.69
2014.08.21 15:08:07.817,1.72211,1.72224,1.32,1.19
2014.08.21 15:08:08.907,1.72211,1.72224,2.07,1.19
2014.08.21 15:08:09.414,1.72211,1.72223,1.25,1.19
2014.08.21 15:08:10.426,1.72208,1.72222,2.07,1.19
2014.08.21 15:08:12.434,1.72209,1.72224,1.32,1.57
2014.08.21 15:08:12.947,1.72211,1.72224,1.00,1.69
2014.08.21 15:08:13.453,1.72211,1.72223,1.25,1.19
2014.08.21 15:08:14.424,1.72211,1.72224,1.25,1.19
2014.08.21 15:08:19.006,1.72211,1.72224,1.00,1.32
2014.08.21 15:08:19.056,1.72209,1.72217,1.00,1.00
2014.08.21 15:08:19.158,1.72206,1.72217,1.25,1.00
2014.08.21 15:08:19.209,1.72206,1.72217,1.00,1.69
2014.08.21 15:08:19.714,1.72205,1.72217,1.25,1.69
2014.08.21 15:08:20.356,1.72205,1.72218,1.00,2.04
2014.08.21 15:08:21.376,1.72204,1.72217,1.69,1.63
2014.08.21 15:08:23.218,1.72204,1.72216,1.00,1.69
2014.08.21 15:08:23.527,1.72202,1.72211,1.00,1.19
2014.08.21 15:08:23.577,1.72199,1.72211,1.69,1.19
2014.08.21 15:08:23.943,1.72199,1.72212,2.07,1.38
2014.08.21 15:08:23.994,1.72201,1.72214,2.63,1.65
2014.08.21 15:08:24.044,1.72203,1.72214,1.00,1.77
2014.08.21 15:08:24.394,1.72203,1.72218,1.69,2.97
2014.08.21 15:08:25.212,1.72206,1.72218,1.00,2.22
2014.08.21 15:08:25.517,1.72208,1.7222,1.50,1.29
2014.08.21 15:08:25.770,1.72208,1.72221,1.19,1.84
2014.08.21 15:08:26.543,1.72208,1.72221,1.29,1.57
2014.08.21 15:08:26.645,1.72206,1.72218,1.39,1.19
2014.08.21 15:08:26.950,1.72207,1.7222,3.57,1.19
2014.08.21 15:08:27.758,1.72207,1.72219,1.00,1.29
2014.08.21 15:08:27.810,1.72205,1.72215,1.00,1.50
2014.08.21 15:08:28.114,1.722,1.72214,2.82,1.84
2014.08.21 15:08:28.535,1.72202,1.72215,1.19,6.04
2014.08.21 15:08:28.839,1.72201,1.72214,1.50,1.69
2014.08.21 15:08:29.143,1.72199,1.72211,1.25,1.32
2014.08.21 15:08:30.662,1.72198,1.72211,1.50,2.07
2014.08.21 15:08:31.686,1.72198,1.72211,1.19,2.07
2014.08.21 15:08:32.671,1.72198,1.72212,1.19,1.77
2014.08.21 15:08:32.883,1.722,1.72212,1.69,1.39
2014.08.21 15:08:33.374,1.72203,1.72215,1.19,2.07
2014.08.21 15:08:33.881,1.72203,1.72217,2.44,3.64
2014.08.21 15:08:35.233,1.72207,1.72217,1.00,1.19
2014.08.21 15:08:35.487,1.72207,1.7222,1.69,1.55
2014.08.21 15:08:35.538,1.72208,1.72222,1.38,1.77
2014.08.21 15:08:35.690,1.72208,1.72219,1.00,1.19
2014.08.21 15:08:36.197,1.72207,1.72218,1.00,1.25
2014.08.21 15:08:37.075,1.72206,1.72217,1.38,1.19
2014.08.21 15:08:38.095,1.72205,1.72218,1.57,1.19
2014.08.21 15:08:38.761,1.72207,1.7222,1.13,2.07
2014.08.21 15:08:38.812,1.72207,1.7222,1.38,3.94
2014.08.21 15:08:39.635,1.7221,1.7222,1.00,1.19
2014.08.21 15:08:42.033,1.72208,1.7222,1.57,2.44
2014.08.21 15:08:42.450,1.72206,1.72218,1.19,1.39
2014.08.21 15:08:42.905,1.72205,1.72217,1.25,1.29
2014.08.21 15:08:43.620,1.72205,1.72218,2.82,1.37
2014.08.21 15:08:43.822,1.7221,1.72223,1.08,1.39
2014.08.21 15:08:43.924,1.72211,1.72223,1.29,1.63
2014.08.21 15:08:44.431,1.72212,1.72225,1.69,1.58
2014.08.21 15:08:44.482,1.72212,1.72225,1.77,1.00
2014.08.21 15:08:45.018,1.72212,1.72227,5.07,2.07
2014.08.21 15:08:45.120,1.72215,1.72228,1.19,1.00
2014.08.21 15:08:45.171,1.72217,1.7223,1.25,2.07
2014.08.21 15:08:45.323,1.72217,1.7223,2.07,1.19
2014.08.21 15:08:45.576,1.72218,1.72231,2.22,1.00
2014.08.21 15:08:45.678,1.72218,1.72231,1.13,1.19
2014.08.21 15:08:46.184,1.7222,1.72231,1.00,1.19
2014.08.21 15:08:46.336,1.7222,1.72233,1.25,1.02
2014.08.21 15:08:46.589,1.72222,1.72235,1.00,1.69
2014.08.21 15:08:47.501,1.72222,1.72235,1.32,2.07
2014.08.21 15:08:49.545,1.72222,1.72235,1.69,1.29
2014.08.21 15:08:50.507,1.72222,1.72235,1.19,2.22
2014.08.21 15:08:51.216,1.7222,1.72234,1.25,5.07
2014.08.21 15:08:51.723,1.72218,1.72231,2.07,1.69
2014.08.21 15:08:52.026,1.72213,1.72227,3.57,1.67
2014.08.21 15:08:52.128,1.72215,1.7223,1.10,1.19
2014.08.21 15:08:52.179,1.72218,1.72231,1.00,2.52
2014.08.21 15:08:52.685,1.72218,1.7223,1.38,2.44
2014.08.21 15:08:53.040,1.72218,1.72227,1.38,2.18
2014.08.21 15:08:53.091,1.72216,1.72227,1.57,4.35
2014.08.21 15:08:53.445,1.72214,1.72226,1.63,3.19
2014.08.21 15:08:53.700,1.72212,1.72222,2.07,2.18
2014.08.21 15:08:53.852,1.72212,1.72222,1.00,2.44
2014.08.21 15:08:53.903,1.7221,1.72221,1.32,1.08
2014.08.21 15:08:54.369,1.7221,1.72218,1.25,1.00
2014.08.21 15:08:54.673,1.7221,1.72221,1.25,1.08
2014.08.21 15:08:56.841,1.7221,1.72221,2.07,1.00
2014.08.21 15:08:56.942,1.7221,1.72224,2.14,2.44
2014.08.21 15:08:57.044,1.72212,1.72224,1.57,1.00
2014.08.21 15:08:57.247,1.72211,1.72225,1.25,2.07
2014.08.21 15:08:57.754,1.7221,1.72224,1.19,2.14
2014.08.21 15:08:58.575,1.72209,1.72222,2.07,1.32
2014.08.21 15:08:59.111,1.72209,1.72224,2.22,2.07
2014.08.21 15:08:59.638,1.72209,1.72224,1.84,2.07
2014.08.21 15:09:00.245,1.72209,1.72221,1.69,1.19
2014.08.21 15:09:00.665,1.72209,1.72222,2.82,1.19
2014.08.21 15:09:01.554,1.72209,1.72222,1.88,1.00
2014.08.21 15:09:01.656,1.72211,1.72224,1.08,1.25
2014.08.21 15:09:02.186,1.72211,1.72222,1.19,1.00
2014.08.21 15:09:02.946,1.72209,1.72222,2.14,1.32
2014.08.21 15:09:03.352,1.72208,1.72216,1.00,1.00
2014.08.21 15:09:03.454,1.72203,1.72214,1.50,1.19
2014.08.21 15:09:03.606,1.72201,1.72211,1.10,1.00
2014.08.21 15:09:03.656,1.72204,1.72211,1.19,1.00
2014.08.21 15:09:03.707,1.72204,1.72217,1.19,1.00
2014.08.21 15:09:03.758,1.72206,1.72217,2.44,1.00
2014.08.21 15:09:04.264,1.72206,1.7222,3.27,1.69
2014.08.21 15:09:05.377,1.72207,1.72221,1.39,2.82
2014.08.21 15:09:06.664,1.72208,1.72223,1.57,3.64
2014.08.21 15:09:07.686,1.72208,1.72221,2.82,1.19
2014.08.21 15:09:08.709,1.72208,1.72221,1.69,1.25
2014.08.21 15:09:09.422,1.72208,1.7222,1.19,1.00
2014.08.21 15:09:09.935,1.72208,1.72222,1.19,1.32
2014.08.21 15:09:10.654,1.72208,1.7222,1.57,1.00
2014.08.21 15:09:11.159,1.72209,1.72222,1.32,1.69
2014.08.21 15:09:11.714,1.72209,1.72222,1.32,2.44
2014.08.21 15:09:13.698,1.72209,1.72222,1.32,1.09
2014.08.21 15:09:14.205,1.72211,1.72223,1.13,3.19
2014.08.21 15:09:14.738,1.72211,1.72224,1.32,2.52
2014.08.21 15:09:16.190,1.72213,1.72224,1.25,1.08
2014.08.21 15:09:16.392,1.72213,1.72226,1.25,1.47
2014.08.21 15:09:22.740,1.72213,1.72226,1.38,1.18
2014.08.21 15:09:22.993,1.7222,1.72233,1.13,2.04
2014.08.21 15:09:23.095,1.72222,1.72234,1.00,1.09
2014.08.21 15:09:23.146,1.72222,1.72235,1.19,1.77
2014.08.21 15:09:23.501,1.72224,1.72238,1.19,7.92
2014.08.21 15:09:26.107,1.72223,1.72234,1.48,1.50
2014.08.21 15:09:26.259,1.7222,1.72231,1.00,1.00
2014.08.21 15:09:26.360,1.72218,1.72231,1.32,1.39
2014.08.21 15:09:26.429,1.7222,1.72231,1.00,1.39
2014.08.21 15:09:27.401,1.72218,1.72231,1.25,1.19
2014.08.21 15:09:27.907,1.72218,1.72229,1.25,1.00
2014.08.21 15:09:28.159,1.72215,1.72227,2.82,1.00
2014.08.21 15:09:28.464,1.7221,1.72221,1.00,1.88
2014.08.21 15:09:28.718,1.72208,1.72219,1.00,1.08
2014.08.21 15:09:29.123,1.72207,1.72218,1.00,1.19
2014.08.21 15:09:29.428,1.72207,1.7222,1.19,1.25
2014.08.21 15:09:30.238,1.72209,1.7222,1.00,1.02
2014.08.21 15:09:30.771,1.72207,1.7222,1.19,1.02
2014.08.21 15:09:31.441,1.72208,1.7222,1.19,1.02
2014.08.21 15:09:31.946,1.72208,1.72221,1.57,2.44
2014.08.21 15:09:31.997,1.72208,1.72221,1.19,1.69
2014.08.21 15:09:32.048,1.72208,1.72218,1.00,1.19
2014.08.21 15:09:32.200,1.72205,1.72218,2.25,1.32
2014.08.21 15:09:32.301,1.72202,1.72216,1.95,1.69
2014.08.21 15:09:32.352,1.72203,1.72215,1.25,1.19
2014.08.21 15:09:32.596,1.72199,1.72212,1.00,1.00
2014.08.21 15:09:32.648,1.72198,1.72208,1.00,1.19
2014.08.21 15:09:32.952,1.72194,1.72204,1.00,1.19
2014.08.21 15:09:33.459,1.72191,1.72204,1.69,1.19
2014.08.21 15:09:33.864,1.72196,1.72206,1.50,2.25
2014.08.21 15:09:34.016,1.72195,1.7221,1.25,1.09
2014.08.21 15:09:34.067,1.72193,1.72207,1.09,1.50
2014.08.21 15:09:34.371,1.72193,1.72206,1.19,1.29
2014.08.21 15:09:34.880,1.72193,1.72204,1.19,1.00
2014.08.21 15:09:35.086,1.72191,1.72204,2.07,1.19
2014.08.21 15:09:36.051,1.72191,1.72204,2.07,1.00
2014.08.21 15:09:38.569,1.72189,1.72203,2.07,2.82
2014.08.21 15:09:38.772,1.72188,1.722,1.50,1.32
2014.08.21 15:09:39.277,1.72186,1.722,1.19,1.57
2014.08.21 15:09:39.479,1.72185,1.72198,1.32,1.19
2014.08.21 15:09:39.682,1.72183,1.72195,1.19,1.00
2014.08.21 15:09:40.221,1.72182,1.72195,2.07,1.39
2014.08.21 15:09:41.093,1.72181,1.72195,1.19,2.14
2014.08.21 15:09:41.908,1.7218,1.72192,1.32,1.19
2014.08.21 15:09:42.212,1.72177,1.7219,1.32,2.97
2014.08.21 15:09:42.415,1.72175,1.72189,1.32,1.84
2014.08.21 15:09:45.720,1.72174,1.72187,1.57,1.02
2014.08.21 15:09:45.821,1.72179,1.72188,1.00,1.65
2014.08.21 15:09:45.923,1.72179,1.7219,1.19,1.00
2014.08.21 15:09:46.176,1.72181,1.72194,1.19,2.59
2014.08.21 15:09:46.227,1.72182,1.72194,1.19,1.84
2014.08.21 15:09:46.532,1.72184,1.72194,1.32,1.00
2014.08.21 15:09:46.785,1.72186,1.72197,1.19,1.50
2014.08.21 15:09:46.938,1.72187,1.722,1.95,1.00
2014.08.21 15:09:46.990,1.72189,1.722,1.19,1.00
2014.08.21 15:09:47.521,1.72189,1.72202,2.82,1.19
2014.08.21 15:09:48.052,1.72191,1.72204,1.19,2.44
2014.08.21 15:09:49.857,1.72191,1.72202,1.19,1.00
2014.08.21 15:09:50.060,1.72189,1.72202,2.89,1.00
2014.08.21 15:09:50.565,1.72189,1.72204,2.89,2.52
2014.08.21 15:09:52.058,1.72191,1.72204,1.19,2.44
2014.08.21 15:09:54.765,1.72193,1.72205,1.19,2.07
2014.08.21 15:09:55.794,1.72192,1.72205,1.19,2.07
2014.08.21 15:09:56.203,1.72192,1.72205,1.19,4.32
2014.08.21 15:09:56.507,1.72192,1.72203,1.19,2.25
2014.08.21 15:09:57.031,1.72192,1.72203,1.69,2.25
2014.08.21 15:09:58.000,1.72192,1.72203,1.25,2.25
2014.08.21 15:09:59.656,1.72195,1.72203,1.38,2.25
2014.08.21 15:09:59.707,1.72195,1.72205,1.38,1.08
2014.08.21 15:09:59.809,1.72198,1.72209,1.19,1.10
2014.08.21 15:10:00.315,1.72198,1.72211,1.19,1.19
2014.08.21 15:10:00.467,1.72199,1.72207,1.19,1.00
2014.08.21 15:10:00.720,1.72191,1.72202,1.00,1.77
2014.08.21 15:10:00.771,1.7219,1.72201,1.00,2.44
2014.08.21 15:10:01.176,1.72194,1.722,1.00,1.19
2014.08.21 15:10:01.227,1.72194,1.72203,1.25,1.00
2014.08.21 15:10:01.329,1.72195,1.72206,2.44,1.00
2014.08.21 15:10:01.844,1.72201,1.72206,1.19,1.00
2014.08.21 15:10:01.946,1.72198,1.72206,2.07,1.00
2014.08.21 15:10:01.997,1.72201,1.72212,1.00,1.77
2014.08.21 15:10:02.202,1.72202,1.72208,1.00,2.63
2014.08.21 15:10:02.253,1.722,1.72208,1.00,2.63
2014.08.21 15:10:02.405,1.722,1.72204,1.00,1.25
2014.08.21 15:10:02.456,1.72196,1.72204,1.00,1.09
2014.08.21 15:10:02.558,1.72192,1.72203,2.44,1.10
2014.08.21 15:10:03.099,1.72192,1.72203,1.69,1.15
2014.08.21 15:10:03.302,1.72192,1.72203,1.25,1.47
2014.08.21 15:10:04.001,1.72197,1.72204,1.00,6.79
2014.08.21 15:10:04.103,1.72198,1.72208,1.00,1.50
2014.08.21 15:10:04.154,1.72199,1.72208,1.19,1.50
2014.08.21 15:10:04.660,1.72198,1.72208,1.69,1.50
2014.08.21 15:10:04.761,1.72198,1.72208,1.69,1.00
2014.08.21 15:10:04.913,1.72198,1.72206,1.00,1.00
2014.08.21 15:10:05.115,1.72194,1.72206,1.19,1.00
2014.08.21 15:10:05.166,1.72194,1.72206,1.19,3.00
2014.08.21 15:10:05.217,1.72193,1.72203,1.25,1.00
2014.08.21 15:10:05.319,1.72191,1.72201,1.00,1.00
2014.08.21 15:10:05.622,1.72187,1.72199,1.69,1.10
2014.08.21 15:10:05.723,1.72186,1.72199,1.25,1.29
2014.08.21 15:10:06.482,1.72185,1.72197,1.19,1.00
2014.08.21 15:10:06.937,1.72186,1.72197,1.19,1.00
2014.08.21 15:10:07.915,1.72186,1.72195,1.19,1.13
2014.08.21 15:10:07.966,1.72183,1.72195,1.19,1.32
2014.08.21 15:10:08.067,1.72183,1.72195,1.19,3.19
2014.08.21 15:10:08.472,1.72183,1.72195,1.19,1.25
2014.08.21 15:10:09.051,1.72182,1.72195,1.69,1.19
2014.08.21 15:10:09.616,1.72182,1.72192,1.19,1.00
2014.08.21 15:10:09.667,1.7218,1.72192,1.25,1.00
2014.08.21 15:10:09.768,1.7218,1.72192,1.69,2.52
2014.08.21 15:10:09.869,1.7218,1.72191,1.00,1.20
2014.08.21 15:10:10.173,1.72181,1.72194,1.19,3.57
2014.08.21 15:10:10.224,1.72181,1.72194,1.19,2.44
2014.08.21 15:10:10.753,1.72179,1.72192,1.27,1.25
2014.08.21 15:10:10.804,1.72179,1.72192,1.19,2.00
2014.08.21 15:10:10.905,1.72178,1.72189,1.00,1.50
2014.08.21 15:10:11.058,1.72176,1.72189,1.69,1.57
2014.08.21 15:10:11.261,1.72178,1.72191,1.19,1.77
2014.08.21 15:10:11.464,1.72176,1.72191,1.27,1.88
2014.08.21 15:10:11.565,1.72179,1.72192,1.19,2.82
2014.08.21 15:10:11.768,1.72176,1.7219,1.47,1.57
2014.08.21 15:10:12.072,1.72178,1.72191,1.19,1.77
2014.08.21 15:10:12.123,1.72178,1.72191,1.19,1.25
2014.08.21 15:10:12.749,1.72179,1.72191,1.19,1.00
2014.08.21 15:10:13.558,1.72179,1.72193,1.19,1.69
2014.08.21 15:10:14.779,1.72181,1.72193,1.69,1.25
2014.08.21 15:10:15.147,1.72181,1.72193,1.25,4.32
2014.08.21 15:10:16.164,1.7218,1.72193,1.69,1.77
2014.08.21 15:10:17.145,1.72181,1.72193,1.19,1.47
2014.08.21 15:10:20.365,1.72185,1.72195,1.38,1.65
2014.08.21 15:10:20.684,1.72192,1.72203,1.19,1.48
2014.08.21 15:10:21.458,1.7219,1.72203,1.69,1.39
2014.08.21 15:10:22.460,1.7219,1.72203,1.19,1.67
2014.08.21 15:10:23.605,1.72191,1.72202,1.32,1.00
2014.08.21 15:10:23.656,1.72193,1.72204,1.00,1.64
2014.08.21 15:10:23.960,1.72198,1.7221,1.19,4.24
2014.08.21 15:10:24.112,1.72198,1.7221,1.19,1.39
2014.08.21 15:10:24.618,1.72198,1.7221,1.19,1.47
2014.08.21 15:10:25.134,1.72198,1.72212,1.19,2.44
2014.08.21 15:10:25.391,1.72201,1.72214,1.00,2.07
2014.08.21 15:10:25.493,1.72201,1.72214,1.13,1.00
2014.08.21 15:10:25.594,1.72201,1.72214,2.82,1.19
2014.08.21 15:10:26.168,1.72203,1.72212,1.25,1.00
2014.08.21 15:10:26.680,1.72203,1.72215,1.25,1.19
2014.08.21 15:10:27.197,1.72203,1.72216,1.19,1.47
2014.08.21 15:10:28.663,1.72203,1.72216,1.19,1.47
2014.08.21 15:10:29.018,1.72203,1.72216,1.19,1.47
2014.08.21 15:10:29.534,1.72203,1.72216,1.19,1.63
2014.08.21 15:10:29.889,1.72203,1.72213,1.00,1.00
2014.08.21 15:10:30.395,1.72203,1.72216,1.19,1.69
2014.08.21 15:10:31.016,1.72204,1.72218,2.44,1.19
2014.08.21 15:10:41.007,1.72205,1.72217,1.00,2.07
2014.08.21 15:10:42.111,1.72205,1.72217,1.25,1.69
2014.08.21 15:10:43.029,1.72205,1.72217,1.25,3.19
2014.08.21 15:10:43.410,1.72205,1.72213,1.25,1.00
2014.08.21 15:10:45.390,1.72205,1.72217,1.25,3.19
2014.08.21 15:10:45.643,1.72205,1.72213,1.25,1.00
2014.08.21 15:10:46.600,1.72205,1.72217,1.25,2.44
2014.08.21 15:10:47.106,1.72205,1.72217,1.00,2.82
2014.08.21 15:10:48.187,1.72205,1.72212,1.50,1.00
2014.08.21 15:10:48.953,1.72203,1.72212,2.44,1.00
2014.08.21 15:10:49.054,1.72203,1.72217,2.44,2.82
2014.08.21 15:10:50.010,1.72203,1.72212,2.44,1.00
2014.08.21 15:10:51.921,1.72203,1.72213,1.69,1.00
2014.08.21 15:10:52.225,1.72203,1.72217,1.69,3.57
2014.08.21 15:10:55.066,1.72205,1.72217,1.19,2.82
2014.08.21 15:10:58.253,1.72205,1.72217,1.19,2.07
2014.08.21 15:10:59.051,1.72203,1.72217,2.22,2.07
2014.08.21 15:10:59.357,1.72206,1.72217,1.19,1.50
2014.08.21 15:10:59.509,1.72207,1.7222,1.77,1.13
2014.08.21 15:10:59.662,1.7221,1.7222,1.69,1.00
2014.08.21 15:10:59.814,1.72212,1.72225,1.19,4.32
2014.08.21 15:11:00.321,1.72212,1.72224,1.19,1.32
2014.08.21 15:11:00.846,1.72217,1.72227,1.13,3.19
2014.08.21 15:11:00.947,1.72217,1.72227,2.25,1.25
2014.08.21 15:11:00.998,1.72219,1.72227,1.25,1.00
2014.08.21 15:11:01.049,1.72219,1.7223,1.25,1.19
2014.08.21 15:11:01.101,1.72219,1.7223,2.14,1.00
2014.08.21 15:11:01.614,1.72219,1.72233,2.07,2.14
2014.08.21 15:11:02.150,1.72219,1.72232,1.19,1.19
2014.08.21 15:11:02.457,1.72218,1.72228,1.50,1.00
2014.08.21 15:11:02.762,1.72218,1.72227,1.00,1.39
2014.08.21 15:11:02.813,1.72215,1.72227,1.13,1.39
2014.08.21 15:11:03.320,1.72213,1.72226,2.07,1.47
2014.08.21 15:11:03.826,1.72211,1.72224,1.69,1.13
2014.08.21 15:11:05.934,1.72211,1.72224,2.07,1.00
2014.08.21 15:11:07.128,1.72212,1.72224,1.57,1.18
2014.08.21 15:11:07.648,1.72211,1.72224,2.07,1.13
2014.08.21 15:11:09.031,1.72211,1.72223,1.19,1.00
2014.08.21 15:11:09.952,1.72211,1.72223,1.19,1.63
2014.08.21 15:11:10.491,1.72212,1.72223,1.19,1.38
2014.08.21 15:11:11.014,1.7221,1.72222,1.25,1.13
2014.08.21 15:11:11.116,1.72208,1.72221,1.02,1.88
2014.08.21 15:11:12.179,1.72206,1.72216,1.19,1.00
2014.08.21 15:11:12.229,1.72204,1.72216,1.69,1.00
2014.08.21 15:11:12.755,1.72204,1.72216,1.69,1.38
2014.08.21 15:11:13.384,1.72204,1.72214,1.69,1.50
2014.08.21 15:11:14.207,1.72203,1.72214,1.19,1.58
2014.08.21 15:11:15.230,1.72204,1.72214,1.19,1.58
2014.08.21 15:11:16.226,1.72205,1.72214,1.19,1.58
2014.08.21 15:11:20.251,1.72205,1.72214,1.19,1.00
2014.08.21 15:11:20.655,1.72211,1.72217,1.25,1.28
2014.08.21 15:11:20.808,1.72211,1.72223,1.29,1.13
2014.08.21 15:11:21.053,1.7221,1.72223,2.07,1.32
2014.08.21 15:11:22.065,1.72211,1.72223,1.19,1.32
2014.08.21 15:11:24.086,1.72211,1.72223,1.19,1.63
2014.08.21 15:11:25.811,1.72212,1.72224,3.94,1.50
2014.08.21 15:11:25.912,1.72215,1.72224,1.69,1.00
2014.08.21 15:11:26.014,1.72216,1.72227,1.69,1.00
2014.08.21 15:11:26.319,1.72218,1.72224,1.00,1.00
2014.08.21 15:11:26.370,1.72213,1.72224,1.19,1.38
2014.08.21 15:11:26.724,1.72211,1.72224,1.29,1.32
2014.08.21 15:11:27.342,1.72211,1.72224,1.19,1.63
2014.08.21 15:11:27.847,1.72209,1.72223,1.69,1.32
2014.08.21 15:11:28.722,1.72211,1.72225,1.19,2.82
2014.08.21 15:11:31.154,1.72213,1.72225,1.84,1.50
2014.08.21 15:11:31.458,1.72217,1.72231,1.19,5.07
2014.08.21 15:11:33.093,1.72218,1.7223,1.19,1.64
2014.08.21 15:11:33.144,1.72216,1.72228,1.69,1.32
2014.08.21 15:11:33.410,1.72216,1.72227,1.19,1.39
2014.08.21 15:11:33.461,1.72215,1.72226,1.25,1.38
2014.08.21 15:11:33.919,1.72212,1.72222,1.19,1.00
2014.08.21 15:11:34.427,1.72212,1.72223,1.19,1.13
2014.08.21 15:11:34.528,1.7221,1.72223,2.07,1.13
2014.08.21 15:11:35.458,1.7221,1.72223,1.69,1.38
2014.08.21 15:11:35.969,1.7221,1.72223,1.69,1.00
2014.08.21 15:11:36.483,1.72211,1.72226,1.69,5.82
2014.08.21 15:11:36.533,1.72212,1.72226,1.19,5.82
2014.08.21 15:11:39.537,1.72212,1.72225,1.19,1.32
2014.08.21 15:11:40.578,1.72212,1.72226,1.19,3.94
2014.08.21 15:11:40.882,1.72209,1.72221,1.32,1.69
2014.08.21 15:11:41.186,1.72213,1.72223,1.19,1.00
2014.08.21 15:11:41.288,1.72213,1.72225,1.25,1.10
2014.08.21 15:11:41.491,1.72211,1.72221,2.25,1.00
2014.08.21 15:11:41.896,1.72211,1.72224,1.00,1.88
2014.08.21 15:11:41.998,1.72213,1.72224,1.69,1.13
2014.08.21 15:11:43.110,1.72214,1.72226,1.19,1.37
2014.08.21 15:11:44.688,1.72214,1.72224,1.19,1.00
2014.08.21 15:11:45.500,1.72214,1.72224,1.19,1.28
2014.08.21 15:11:45.754,1.72213,1.72224,1.25,1.00
2014.08.21 15:11:45.806,1.72213,1.72224,1.69,1.00
2014.08.21 15:11:46.319,1.72213,1.72225,1.69,1.25
2014.08.21 15:11:49.678,1.72214,1.72225,1.19,1.00
2014.08.21 15:11:51.721,1.72213,1.72225,1.19,1.00
2014.08.21 15:11:54.191,1.72214,1.72223,1.25,1.00
2014.08.21 15:11:54.597,1.72211,1.72222,1.25,1.19
2014.08.21 15:11:54.648,1.7221,1.72217,1.19,1.00
2014.08.21 15:11:54.902,1.72209,1.72217,1.00,1.00
2014.08.21 15:11:55.611,1.72209,1.72218,1.00,1.00
2014.08.21 15:11:55.965,1.72208,1.7222,1.69,1.13
2014.08.21 15:11:56.070,1.72208,1.72217,1.69,1.00
2014.08.21 15:11:56.172,1.72207,1.72217,2.07,1.00
2014.08.21 15:11:56.426,1.72207,1.72217,2.82,1.00
2014.08.21 15:11:57.051,1.72209,1.7222,1.25,1.10
2014.08.21 15:11:57.731,1.72209,1.72217,1.25,1.00
2014.08.21 15:11:57.832,1.72209,1.7222,1.25,1.10
2014.08.21 15:11:58.280,1.72207,1.72217,2.44,1.00
2014.08.21 15:11:58.584,1.72207,1.72212,1.50,1.00
2014.08.21 15:11:58.685,1.72202,1.7221,1.05,1.00
2014.08.21 15:11:58.736,1.72202,1.72213,1.00,1.50
2014.08.21 15:11:58.787,1.72199,1.72212,1.13,1.00
2014.08.21 15:11:58.838,1.72199,1.72212,2.07,1.19
2014.08.21 15:11:59.142,1.72198,1.7221,2.07,1.19
2014.08.21 15:11:59.753,1.72199,1.7221,1.32,1.00
2014.08.21 15:11:59.854,1.72199,1.72212,1.32,1.65
2014.08.21 15:12:00.360,1.72198,1.72212,2.07,1.77
2014.08.21 15:12:00.564,1.72198,1.72208,2.07,1.00
2014.08.21 15:12:01.027,1.72198,1.72212,2.44,2.89
2014.08.21 15:12:01.438,1.72198,1.72207,2.44,1.00
2014.08.21 15:12:01.945,1.72198,1.72208,2.44,1.00
2014.08.21 15:12:02.474,1.72198,1.72209,2.82,1.00
2014.08.21 15:12:02.783,1.72198,1.72207,2.89,1.00
2014.08.21 15:12:02.884,1.72198,1.72212,2.89,2.44
2014.08.21 15:12:03.460,1.72198,1.72211,2.89,1.00
2014.08.21 15:12:03.966,1.72199,1.72212,1.57,1.69
2014.08.21 15:12:04.290,1.72204,1.72212,1.00,1.50
2014.08.21 15:12:04.599,1.72204,1.72214,1.19,1.58
2014.08.21 15:12:04.651,1.72202,1.72213,1.19,1.00
2014.08.21 15:12:05.166,1.72202,1.72214,1.69,1.00
2014.08.21 15:12:05.267,1.72202,1.72214,1.00,1.00
2014.08.21 15:12:05.369,1.72201,1.72212,1.19,1.00
2014.08.21 15:12:05.470,1.722,1.72213,1.39,1.00
2014.08.21 15:12:05.976,1.72201,1.72213,1.19,1.25
2014.08.21 15:12:06.432,1.72201,1.72211,1.19,1.00
2014.08.21 15:12:06.938,1.72201,1.72214,1.19,3.94
2014.08.21 15:12:07.443,1.722,1.72212,1.19,1.25
2014.08.21 15:12:09.361,1.72199,1.72212,2.44,1.19
2014.08.21 15:12:09.667,1.72198,1.72207,1.00,1.69
2014.08.21 15:12:09.718,1.72192,1.72207,4.09,1.69
2014.08.21 15:12:09.819,1.72192,1.72203,4.09,1.00
2014.08.21 15:12:09.920,1.72192,1.72207,3.34,2.44
2014.08.21 15:12:10.122,1.72192,1.72202,3.34,1.00
2014.08.21 15:12:10.678,1.72192,1.72204,1.84,1.00
2014.08.21 15:12:10.780,1.72189,1.72202,1.33,1.25
2014.08.21 15:12:10.831,1.72189,1.722,1.25,1.00
2014.08.21 15:12:11.652,1.72188,1.72201,1.19,1.25
2014.08.21 15:12:13.714,1.72191,1.72201,1.19,1.00
2014.08.21 15:12:13.765,1.72192,1.72205,1.25,1.84
2014.08.21 15:12:13.917,1.72192,1.72205,1.69,1.00
2014.08.21 15:12:14.577,1.72197,1.72206,1.00,1.00
2014.08.21 15:12:14.628,1.72197,1.72211,1.00,1.65
2014.08.21 15:12:14.679,1.72197,1.72211,1.69,1.84
2014.08.21 15:12:15.287,1.72194,1.72208,1.19,1.09
2014.08.21 15:12:15.389,1.72194,1.72206,1.19,1.13
2014.08.21 15:12:15.896,1.72192,1.72206,1.39,2.44
2014.08.21 15:12:16.910,1.72193,1.72208,2.07,1.19
2014.08.21 15:12:17.931,1.72193,1.72207,1.69,1.39
2014.08.21 15:12:18.292,1.72192,1.72205,1.19,2.07
2014.08.21 15:12:18.394,1.7219,1.72203,1.10,1.00
2014.08.21 15:12:18.496,1.7219,1.72203,1.19,3.87
2014.08.21 15:12:19.005,1.72188,1.72201,1.32,1.77
2014.08.21 15:12:19.818,1.72188,1.72201,1.32,1.77
2014.08.21 15:12:20.377,1.72188,1.72201,1.57,1.69
2014.08.21 15:12:20.894,1.72188,1.72201,1.63,1.69
2014.08.21 15:12:20.945,1.72188,1.72201,1.32,1.69
2014.08.21 15:12:21.302,1.72188,1.72199,1.00,1.19
2014.08.21 15:12:21.607,1.72184,1.72197,1.02,1.19
2014.08.21 15:12:22.114,1.72181,1.72195,1.32,1.25
2014.08.21 15:12:22.619,1.72183,1.72196,1.25,3.87
2014.08.21 15:12:23.125,1.7218,1.72195,2.82,2.44
2014.08.21 15:12:23.631,1.7218,1.72194,2.14,1.19
2014.08.21 15:12:24.437,1.7218,1.72194,2.14,1.19
2014.08.21 15:12:25.431,1.7218,1.72193,2.89,1.19
2014.08.21 15:12:26.050,1.7218,1.72195,2.07,2.59
2014.08.21 15:12:26.557,1.7218,1.72195,2.07,2.97
2014.08.21 15:12:28.452,1.7218,1.72193,1.19,1.32
2014.08.21 15:12:32.144,1.72181,1.72195,1.00,3.38
2014.08.21 15:12:32.246,1.72182,1.72195,1.29,1.57
2014.08.21 15:12:32.828,1.72183,1.72195,1.19,1.48
2014.08.21 15:12:32.930,1.72185,1.72198,2.07,1.50
2014.08.21 15:12:33.436,1.72185,1.72196,1.25,1.29
2014.08.21 15:12:35.438,1.72183,1.72196,1.25,1.19
2014.08.21 15:12:36.972,1.7218,1.72195,2.52,2.07
2014.08.21 15:12:37.967,1.7218,1.72195,2.52,2.07
2014.08.21 15:12:40.949,1.7218,1.72194,2.89,1.57
2014.08.21 15:12:42.489,1.72182,1.72196,2.82,2.07
2014.08.21 15:12:42.590,1.72184,1.72199,2.14,2.82
2014.08.21 15:12:43.671,1.72184,1.72199,2.14,2.82
2014.08.21 15:12:43.975,1.72184,1.72198,5.07,1.19
2014.08.21 15:12:44.566,1.72186,1.72199,1.29,2.07
2014.08.21 15:12:45.608,1.72187,1.722,1.19,1.57
2014.08.21 15:12:46.614,1.72187,1.72201,1.19,1.67
2014.08.21 15:12:47.487,1.72187,1.72201,1.19,1.39
2014.08.21 15:12:48.618,1.72187,1.722,1.19,1.19
2014.08.21 15:12:52.148,1.7219,1.722,1.00,1.32
2014.08.21 15:12:52.300,1.7219,1.72202,1.25,1.00
2014.08.21 15:12:52.402,1.7219,1.72203,2.82,1.25
2014.08.21 15:12:53.633,1.72194,1.72203,1.00,1.25
2014.08.21 15:12:54.495,1.72192,1.72204,1.69,1.25
2014.08.21 15:12:55.008,1.72192,1.72205,1.69,1.58
2014.08.21 15:12:56.033,1.72192,1.72205,2.44,1.77
2014.08.21 15:12:58.000,1.72192,1.72205,2.82,2.14
2014.08.21 15:13:03.015,1.72193,1.72207,1.19,3.57
2014.08.21 15:13:06.146,1.72195,1.72207,1.25,2.82
2014.08.21 15:13:07.023,1.72195,1.72205,1.00,1.19
2014.08.21 15:13:07.570,1.72192,1.72205,2.89,1.19
2014.08.21 15:13:09.266,1.72192,1.72205,2.82,1.19
2014.08.21 15:13:09.489,1.72195,1.72205,1.00,1.19
2014.08.21 15:13:09.591,1.72192,1.72205,2.82,1.19
2014.08.21 15:13:11.651,1.72192,1.72205,2.82,1.29
2014.08.21 15:13:12.462,1.72192,1.72203,2.82,1.19
2014.08.21 15:13:12.614,1.72192,1.72203,2.07,1.19
2014.08.21 15:13:13.220,1.72193,1.72203,1.00,1.19
2014.08.21 15:13:14.857,1.72192,1.72203,2.44,1.19
2014.08.21 15:13:15.540,1.72192,1.72204,1.00,1.25
2014.08.21 15:13:15.591,1.72195,1.72204,1.00,1.25
2014.08.21 15:13:15.743,1.72197,1.72207,1.00,1.25
2014.08.21 15:13:16.159,1.72198,1.72211,1.25,3.64
2014.08.21 15:13:16.210,1.72198,1.72211,2.82,1.69
2014.08.21 15:13:16.262,1.722,1.72211,1.19,1.00
2014.08.21 15:13:16.363,1.72201,1.72215,1.00,2.78
2014.08.21 15:13:16.464,1.72202,1.72216,1.19,2.07
2014.08.21 15:13:16.768,1.72201,1.72212,1.77,1.19
2014.08.21 15:13:16.971,1.72206,1.72218,1.39,1.00
2014.08.21 15:13:17.072,1.72208,1.7222,3.57,1.19
2014.08.21 15:13:17.277,1.7221,1.72222,1.69,1.57
2014.08.21 15:13:17.785,1.72212,1.72222,1.00,1.19
2014.08.21 15:13:18.443,1.72211,1.72222,1.25,1.19
2014.08.21 15:13:19.481,1.72213,1.72222,1.00,1.19
2014.08.21 15:13:19.582,1.72211,1.72222,1.25,1.19
2014.08.21 15:13:20.189,1.72211,1.72223,1.69,1.69
2014.08.21 15:13:20.709,1.72213,1.72223,1.00,1.69
2014.08.21 15:13:21.229,1.72211,1.72223,1.69,1.69
2014.08.21 15:13:21.758,1.72212,1.72224,1.19,1.19
2014.08.21 15:13:23.075,1.7221,1.72222,1.19,2.44
2014.08.21 15:13:23.859,1.72213,1.72222,1.00,1.69
2014.08.21 15:13:23.967,1.72211,1.72222,1.25,1.69
2014.08.21 15:13:24.119,1.72213,1.72222,1.00,1.25
2014.08.21 15:13:24.340,1.72211,1.72222,1.50,1.25
2014.08.21 15:13:24.850,1.72211,1.72224,1.84,2.07
2014.08.21 15:13:25.626,1.72211,1.72223,1.84,1.32
2014.08.21 15:13:27.630,1.72211,1.72223,1.84,2.07
2014.08.21 15:13:28.296,1.72209,1.72221,1.67,1.19
2014.08.21 15:13:29.336,1.72209,1.72222,1.25,1.19
2014.08.21 15:13:29.901,1.72211,1.72224,1.19,2.14
2014.08.21 15:13:30.306,1.72208,1.72219,2.63,1.00
2014.08.21 15:13:30.459,1.72205,1.72219,1.25,3.19
2014.08.21 15:13:30.777,1.72205,1.72214,1.25,1.00
2014.08.21 15:13:31.021,1.72196,1.72209,1.69,1.88
2014.08.21 15:13:31.528,1.72198,1.7221,1.25,1.63
2014.08.21 15:13:31.781,1.72198,1.7221,1.25,1.25
2014.08.21 15:13:31.934,1.72199,1.72211,2.07,1.00
2014.08.21 15:13:32.238,1.72201,1.72214,1.47,1.00
2014.08.21 15:13:32.743,1.72202,1.72217,2.89,2.82
2014.08.21 15:13:32.947,1.72202,1.72216,2.14,1.19
2014.08.21 15:13:33.922,1.72203,1.72217,1.32,3.19
2014.08.21 15:13:34.428,1.72208,1.72218,1.00,1.58
2014.08.21 15:13:34.479,1.72208,1.72218,1.00,1.20
2014.08.21 15:13:34.990,1.72205,1.72218,1.32,1.08
2014.08.21 15:13:35.554,1.72203,1.72217,1.19,2.52
2014.08.21 15:13:36.538,1.72203,1.72216,2.07,1.25
2014.08.21 15:13:38.535,1.72203,1.72216,1.32,1.25
2014.08.21 15:13:39.550,1.72203,1.72216,1.19,1.69
2014.08.21 15:13:41.561,1.72203,1.72216,1.19,1.02
2014.08.21 15:13:42.423,1.72204,1.72215,1.00,1.38
2014.08.21 15:13:43.585,1.722,1.72215,1.32,2.14
2014.08.21 15:13:43.687,1.72201,1.72212,1.19,1.00
2014.08.21 15:13:44.634,1.72201,1.72215,1.69,1.32
2014.08.21 15:13:45.190,1.72203,1.72216,1.19,1.19
2014.08.21 15:13:45.624,1.72203,1.72212,1.19,1.00
2014.08.21 15:13:45.675,1.72201,1.72212,2.44,1.00
2014.08.21 15:13:45.776,1.722,1.72212,1.10,1.63
2014.08.21 15:13:45.878,1.72197,1.72209,1.29,1.57
2014.08.21 15:13:45.980,1.72196,1.72209,1.25,2.22
2014.08.21 15:13:46.505,1.72194,1.72207,1.69,1.00
2014.08.21 15:13:50.187,1.72194,1.7221,1.69,4.32
2014.08.21 15:13:50.966,1.72195,1.72209,1.19,1.47
2014.08.21 15:13:51.983,1.72195,1.72209,1.32,1.37
2014.08.21 15:13:52.997,1.72196,1.7221,2.07,4.69
2014.08.21 15:13:53.996,1.72196,1.7221,1.32,4.69
2014.08.21 15:13:57.901,1.72197,1.7221,1.32,3.94
2014.08.21 15:13:58.429,1.72197,1.7221,1.32,1.77
2014.08.21 15:13:58.944,1.72196,1.7221,2.82,2.52
2014.08.21 15:13:59.965,1.72196,1.72209,2.07,3.19
2014.08.21 15:14:00.634,1.722,1.72209,1.32,2.25
2014.08.21 15:14:00.787,1.72201,1.72215,1.19,1.77
2014.08.21 15:14:01.704,1.72202,1.72215,1.19,1.50
2014.08.21 15:14:02.719,1.72204,1.72215,1.19,1.50
2014.08.21 15:14:05.631,1.72204,1.72216,1.19,1.25
2014.08.21 15:14:09.715,1.72203,1.72216,1.77,1.00
2014.08.21 15:14:10.728,1.72204,1.72216,1.19,1.25
2014.08.21 15:14:11.133,1.72208,1.7222,1.00,4.50
2014.08.21 15:14:11.437,1.72212,1.72224,1.00,1.10
2014.08.21 15:14:11.488,1.72212,1.72222,1.00,1.00
2014.08.21 15:14:11.792,1.72215,1.72228,1.19,2.25
2014.08.21 15:14:11.944,1.72215,1.72227,1.19,1.13
2014.08.21 15:14:12.452,1.72214,1.72228,1.39,2.82
2014.08.21 15:14:13.371,1.72214,1.72228,3.19,3.19
2014.08.21 15:14:13.523,1.72212,1.72222,1.25,1.13
2014.08.21 15:14:13.748,1.72208,1.7222,1.69,1.00
2014.08.21 15:14:14.256,1.7221,1.72221,1.19,1.13
2014.08.21 15:14:14.803,1.72209,1.72221,1.19,1.39
2014.08.21 15:14:15.363,1.72208,1.72221,1.69,1.67
2014.08.21 15:14:16.539,1.72208,1.72219,1.19,1.00
2014.08.21 15:14:16.846,1.72208,1.72217,1.19,1.00
2014.08.21 15:14:17.283,1.72208,1.72219,1.32,1.50
2014.08.21 15:14:17.813,1.72207,1.72219,1.57,1.00
2014.08.21 15:14:17.865,1.7221,1.72222,1.25,1.18
2014.08.21 15:14:17.916,1.72214,1.72222,1.00,1.18
2014.08.21 15:14:18.017,1.72213,1.72224,1.19,1.02
2014.08.21 15:14:18.170,1.72215,1.72226,1.19,1.77
2014.08.21 15:14:18.728,1.72215,1.72226,1.19,1.50
2014.08.21 15:14:20.361,1.72213,1.72226,1.19,1.50
2014.08.21 15:14:21.369,1.72215,1.72226,1.19,1.50
2014.08.21 15:14:24.265,1.72214,1.72226,1.19,1.50
2014.08.21 15:14:26.671,1.72213,1.72226,2.07,1.00
2014.08.21 15:14:27.707,1.72214,1.72226,1.19,1.00
2014.08.21 15:14:28.237,1.72217,1.72228,1.19,1.00
2014.08.21 15:14:28.755,1.72217,1.7223,1.19,1.19
2014.08.21 15:14:29.267,1.72217,1.7223,1.19,2.44
2014.08.21 15:14:29.571,1.72217,1.72227,1.25,4.50
2014.08.21 15:14:29.672,1.72213,1.72227,1.57,4.69
2014.08.21 15:14:30.711,1.72212,1.72227,2.82,4.69
2014.08.21 15:14:31.522,1.72212,1.72227,2.82,2.44
2014.08.21 15:14:32.033,1.72213,1.72227,1.19,2.25
2014.08.21 15:14:32.185,1.72213,1.72227,1.19,4.50
2014.08.21 15:14:32.694,1.72214,1.72227,1.19,3.34
2014.08.21 15:14:34.381,1.72214,1.72227,1.19,2.33
2014.08.21 15:14:34.689,1.72213,1.7222,1.00,1.13
2014.08.21 15:14:34.740,1.7221,1.7222,1.19,1.00
2014.08.21 15:14:34.892,1.72208,1.72219,1.19,2.03
2014.08.21 15:14:35.398,1.72208,1.72219,1.19,1.50
2014.08.21 15:14:35.938,1.72207,1.72219,1.69,1.69
2014.08.21 15:14:36.672,1.72207,1.72219,1.69,1.84
2014.08.21 15:14:37.897,1.72208,1.72219,1.19,1.65
2014.08.21 15:14:38.914,1.72207,1.72219,1.69,1.09
2014.08.21 15:14:39.167,1.72209,1.72222,1.19,7.17
2014.08.21 15:14:39.676,1.72212,1.72222,1.00,7.17
2014.08.21 15:14:39.879,1.72208,1.72221,2.82,1.28
2014.08.21 15:14:41.249,1.72211,1.72222,1.69,5.10
2014.08.21 15:14:41.300,1.72212,1.72222,1.19,1.00
2014.08.21 15:14:41.765,1.72218,1.72224,1.00,1.47
2014.08.21 15:14:41.968,1.72216,1.72224,1.00,1.47
2014.08.21 15:14:42.069,1.7222,1.72228,1.00,2.44
2014.08.21 15:14:43.182,1.72216,1.72226,1.25,1.25
2014.08.21 15:14:44.400,1.72218,1.72226,1.00,1.00
2014.08.21 15:14:44.502,1.72216,1.72226,1.00,1.00
2014.08.21 15:14:44.708,1.72218,1.72226,1.00,1.00
2014.08.21 15:14:45.011,1.72217,1.72225,1.00,2.07
2014.08.21 15:14:45.416,1.72215,1.72225,1.00,2.07
2014.08.21 15:14:45.821,1.72211,1.72224,1.10,1.57
2014.08.21 15:14:46.024,1.72208,1.7222,1.69,1.63
2014.08.21 15:14:46.732,1.72208,1.72219,1.00,2.89
2014.08.21 15:14:47.238,1.72206,1.72219,1.19,3.72
2014.08.21 15:14:47.745,1.72204,1.72216,1.69,1.47
2014.08.21 15:14:48.776,1.72205,1.72216,1.69,1.37
2014.08.21 15:14:50.216,1.72206,1.72216,1.00,1.37
2014.08.21 15:14:50.783,1.72206,1.72216,1.00,1.02
2014.08.21 15:14:51.111,1.72209,1.72218,1.00,3.57
2014.08.21 15:14:51.212,1.72206,1.72218,1.00,3.57
2014.08.21 15:14:55.189,1.72205,1.72216,1.25,1.48
2014.08.21 15:14:55.702,1.72205,1.72216,1.00,2.14
2014.08.21 15:14:56.249,1.72205,1.72216,1.25,1.67
2014.08.21 15:14:57.276,1.72205,1.72216,1.32,1.02
2014.08.21 15:14:59.488,1.72207,1.72218,1.00,3.57
2014.08.21 15:15:00.446,1.72204,1.72218,2.07,3.57
2014.08.21 15:15:01.205,1.72205,1.72217,1.19,4.92
2014.08.21 15:15:02.280,1.72204,1.72216,1.00,1.47
2014.08.21 15:15:02.786,1.72205,1.72216,1.00,1.47
2014.08.21 15:15:05.298,1.72205,1.72218,1.69,2.22
2014.08.21 15:15:05.962,1.72207,1.72218,1.00,2.22
2014.08.21 15:15:06.144,1.72209,1.72221,1.00,1.57
2014.08.21 15:15:06.195,1.72209,1.72222,1.69,1.77
2014.08.21 15:15:07.188,1.7221,1.72222,1.19,1.25
2014.08.21 15:15:07.290,1.72209,1.72222,1.20,1.00
2014.08.21 15:15:07.492,1.72207,1.72221,2.70,1.38
2014.08.21 15:15:08.012,1.72207,1.7222,1.00,1.48
2014.08.21 15:15:09.209,1.72207,1.7222,1.00,1.39
2014.08.21 15:15:10.235,1.72207,1.7222,1.00,1.20
2014.08.21 15:15:10.742,1.72207,1.72219,1.65,1.38
2014.08.21 15:15:11.261,1.72207,1.72219,1.00,3.38
2014.08.21 15:15:12.821,1.72206,1.72219,1.50,3.38
2014.08.21 15:15:14.335,1.72205,1.72217,1.00,1.20
2014.08.21 15:15:14.875,1.72204,1.72217,2.63,1.20
2014.08.21 15:15:15.177,1.72206,1.72217,1.00,1.20
2014.08.21 15:15:15.582,1.72208,1.72221,1.00,1.20
2014.08.21 15:15:16.110,1.72209,1.72221,1.00,1.00
2014.08.21 15:15:16.161,1.72209,1.72224,1.00,1.38
2014.08.21 15:15:16.690,1.7221,1.72222,1.00,1.00
2014.08.21 15:15:17.205,1.72211,1.72222,1.00,1.00
2014.08.21 15:15:17.973,1.72212,1.72222,1.00,1.00
2014.08.21 15:15:18.489,1.72211,1.72224,1.00,1.88
2014.08.21 15:15:19.402,1.72212,1.72225,1.00,1.13
2014.08.21 15:15:20.028,1.72212,1.72225,1.00,1.48
2014.08.21 15:15:20.079,1.72211,1.72222,1.00,1.00
2014.08.21 15:15:20.590,1.7221,1.72222,1.00,1.00
2014.08.21 15:15:20.798,1.72207,1.72222,2.63,1.88
2014.08.21 15:15:21.304,1.72207,1.72222,2.63,1.38
2014.08.21 15:15:21.811,1.72207,1.72222,2.63,1.13
2014.08.21 15:15:27.648,1.72207,1.72222,2.63,1.13
2014.08.21 15:15:32.179,1.72207,1.72222,2.25,1.02
2014.08.21 15:15:32.433,1.72207,1.72221,1.50,1.20
2014.08.21 15:15:32.940,1.72206,1.72221,1.13,2.03
2014.08.21 15:15:33.604,1.72206,1.72221,1.13,1.88
2014.08.21 15:15:36.639,1.72206,1.72221,1.08,1.69
2014.08.21 15:15:37.718,1.72207,1.72222,2.40,1.69
2014.08.21 15:15:38.326,1.72207,1.72222,2.40,1.88
2014.08.21 15:15:42.276,1.72207,1.7222,1.00,1.00
2014.08.21 15:15:42.582,1.72204,1.72217,2.25,1.20
2014.08.21 15:15:42.785,1.72205,1.7222,1.50,4.50
2014.08.21 15:15:42.836,1.72205,1.7222,1.58,2.25
2014.08.21 15:15:43.039,1.72207,1.7222,1.00,1.88
2014.08.21 15:15:43.545,1.72207,1.7222,1.00,1.88
2014.08.21 15:15:46.877,1.72207,1.72221,2.25,2.03
2014.08.21 15:15:47.383,1.72206,1.72219,1.00,1.10
2014.08.21 15:15:47.687,1.72205,1.72216,1.13,1.00
2014.08.21 15:15:47.991,1.72203,1.72215,1.00,1.54
2014.08.21 15:15:48.399,1.72202,1.72218,1.50,1.78
2014.08.21 15:15:48.552,1.72204,1.72217,1.00,1.38
2014.08.21 15:15:49.765,1.72204,1.72219,1.00,2.14
2014.08.21 15:15:50.503,1.72204,1.72217,1.00,1.88
2014.08.21 15:15:50.757,1.72202,1.72217,1.69,2.03
2014.08.21 15:15:50.808,1.72201,1.72214,1.69,1.00
2014.08.21 15:15:51.163,1.72201,1.72214,1.69,2.03
2014.08.21 15:15:51.668,1.72201,1.72214,1.69,2.03
2014.08.21 15:15:53.023,1.72201,1.72214,1.00,4.13
2014.08.21 15:15:55.607,1.72201,1.72214,1.00,2.03
2014.08.21 15:15:56.427,1.72199,1.72212,1.00,2.07
2014.08.21 15:15:56.883,1.722,1.72213,1.48,1.19
2014.08.21 15:15:57.389,1.722,1.72213,1.38,1.00
2014.08.21 15:15:58.331,1.72203,1.72216,1.00,1.55
2014.08.21 15:15:58.483,1.72203,1.72216,1.28,1.00
2014.08.21 15:15:58.989,1.72204,1.72218,1.65,1.34
2014.08.21 15:15:59.141,1.72203,1.72214,1.10,1.13
2014.08.21 15:15:59.546,1.72201,1.72214,1.13,1.13
2014.08.21 15:16:00.311,1.72201,1.72212,1.00,1.38
2014.08.21 15:16:00.464,1.72198,1.7221,1.10,1.13
2014.08.21 15:16:01.080,1.72197,1.7221,1.00,1.13
2014.08.21 15:16:04.249,1.72197,1.7221,1.00,1.65
2014.08.21 15:16:04.401,1.72196,1.72208,1.00,1.48
2014.08.21 15:16:04.452,1.72194,1.72207,1.00,1.38
2014.08.21 15:16:04.958,1.72193,1.72206,1.00,1.13
2014.08.21 15:16:15.099,1.72191,1.72204,1.88,1.00
2014.08.21 15:16:15.614,1.72191,1.72204,1.00,1.10
2014.08.21 15:16:17.707,1.72194,1.72207,1.38,1.50
2014.08.21 15:16:17.910,1.72195,1.7221,2.03,2.82
2014.08.21 15:16:18.163,1.72195,1.72208,1.00,1.38
2014.08.21 15:16:18.671,1.72192,1.72209,4.13,1.58
2014.08.21 15:16:19.178,1.72193,1.72206,1.32,1.00
2014.08.21 15:16:19.481,1.72195,1.72208,1.00,1.00
2014.08.21 15:16:19.785,1.72192,1.72205,1.50,1.13
2014.08.21 15:16:20.154,1.72194,1.72207,1.00,1.58
2014.08.21 15:16:20.963,1.72194,1.72207,1.00,1.95
2014.08.21 15:16:22.830,1.72194,1.72207,1.13,1.88
2014.08.21 15:16:24.423,1.72193,1.72206,1.00,1.00
2014.08.21 15:16:25.030,1.72192,1.72206,1.00,2.59
2014.08.21 15:16:25.454,1.72192,1.72202,1.00,4.09
2014.08.21 15:16:25.505,1.7219,1.72198,1.50,3.34
2014.08.21 15:16:25.556,1.72186,1.72194,1.00,2.50
2014.08.21 15:16:25.608,1.72183,1.72192,1.08,2.32
2014.08.21 15:16:25.659,1.72184,1.72192,1.00,3.20
2014.08.21 15:16:25.761,1.72178,1.72192,1.50,3.93
2014.08.21 15:16:25.964,1.72178,1.72192,4.35,3.03
2014.08.21 15:16:26.185,1.72175,1.72191,2.40,2.69
2014.08.21 15:16:26.286,1.72175,1.72191,4.50,1.00
2014.08.21 15:16:26.337,1.72176,1.72191,1.18,1.00
2014.08.21 15:16:26.861,1.72176,1.72191,1.00,1.02
2014.08.21 15:16:27.173,1.72178,1.72194,2.78,3.90
2014.08.21 15:16:27.225,1.72178,1.72194,2.78,2.07
2014.08.21 15:16:27.276,1.7218,1.72195,1.88,2.07
2014.08.21 15:16:27.580,1.72181,1.72195,1.08,1.13
2014.08.21 15:16:27.940,1.72184,1.72196,1.13,1.00
2014.08.21 15:16:27.991,1.72184,1.72198,1.88,1.39
2014.08.21 15:16:28.346,1.72184,1.72196,1.00,1.00
2014.08.21 15:16:28.448,1.72182,1.72196,2.33,1.95
2014.08.21 15:16:28.710,1.72181,1.72194,1.00,1.80
2014.08.21 15:16:28.963,1.72179,1.72193,1.50,2.63
2014.08.21 15:16:29.485,1.72179,1.72193,1.00,1.88
2014.08.21 15:16:29.586,1.72179,1.72193,1.00,1.88
2014.08.21 15:16:30.105,1.72179,1.72193,1.00,1.88
2014.08.21 15:16:30.613,1.72179,1.72193,1.00,1.88
2014.08.21 15:16:31.388,1.72179,1.72192,1.10,1.00
2014.08.21 15:16:32.162,1.72178,1.72193,3.08,2.14
2014.08.21 15:16:32.828,1.72178,1.72193,3.45,2.14
2014.08.21 15:16:33.927,1.72178,1.72192,3.08,1.00
2014.08.21 15:16:34.079,1.72181,1.72193,1.00,1.20
2014.08.21 15:16:34.593,1.72181,1.72194,1.00,1.25
2014.08.21 15:16:36.840,1.72182,1.72194,1.00,1.10
2014.08.21 15:16:38.559,1.72181,1.72194,1.38,1.19
2014.08.21 15:16:38.610,1.7218,1.72192,1.00,1.13
2014.08.21 15:16:38.721,1.72179,1.72191,1.00,2.25
2014.08.21 15:16:39.676,1.72178,1.72191,1.50,2.82
2014.08.21 15:16:41.542,1.72178,1.72193,2.70,2.25
2014.08.21 15:16:42.230,1.7218,1.72194,1.10,1.39
2014.08.21 15:16:42.746,1.72181,1.72194,1.10,1.57
2014.08.21 15:16:43.520,1.72181,1.72194,1.00,1.67
2014.08.21 15:16:48.413,1.72178,1.72193,2.63,2.14
2014.08.21 15:16:48.691,1.72178,1.72191,2.63,2.25
2014.08.21 15:16:49.196,1.72178,1.72191,1.50,3.00
2014.08.21 15:16:49.600,1.72178,1.72187,1.00,1.00
2014.08.21 15:16:49.803,1.72176,1.72189,1.13,3.00
2014.08.21 15:16:50.410,1.72175,1.72188,1.88,1.58
2014.08.21 15:16:51.190,1.72174,1.72184,1.00,2.25
2014.08.21 15:16:51.392,1.72171,1.72184,2.25,4.35
2014.08.21 15:16:53.872,1.72171,1.72185,1.88,1.18
2014.08.21 15:16:54.771,1.72171,1.72185,1.00,2.03
2014.08.21 15:16:54.821,1.72171,1.72183,1.00,2.25
2014.08.21 15:16:56.984,1.72171,1.72185,1.50,3.00
2014.08.21 15:16:57.035,1.72171,1.72185,1.50,1.10
2014.08.21 15:16:57.237,1.72173,1.72186,1.00,1.65
2014.08.21 15:16:58.186,1.72173,1.72188,1.13,4.32
2014.08.21 15:17:00.232,1.72177,1.72187,1.00,1.45
2014.08.21 15:17:00.739,1.72177,1.72187,1.00,1.00
2014.08.21 15:17:01.649,1.72179,1.72192,1.00,2.52
2014.08.21 15:17:01.751,1.72181,1.72192,1.13,1.08
2014.08.21 15:17:02.054,1.72187,1.72198,1.00,1.00
2014.08.21 15:17:02.521,1.72187,1.72198,3.00,1.00
2014.08.21 15:17:02.622,1.72187,1.72198,1.10,1.00
2014.08.21 15:17:03.381,1.72187,1.72197,1.00,1.38
2014.08.21 15:17:03.635,1.72187,1.72198,1.00,1.13
2014.08.21 15:17:04.608,1.72187,1.72198,1.00,1.88
2014.08.21 15:17:04.810,1.72183,1.72192,1.88,1.00
2014.08.21 15:17:05.114,1.72181,1.72191,1.50,1.38
2014.08.21 15:17:05.165,1.72181,1.72187,1.00,1.00
2014.08.21 15:17:05.216,1.72178,1.72187,1.00,1.00
2014.08.21 15:17:05.570,1.72176,1.72187,1.00,1.00
2014.08.21 15:17:06.380,1.72174,1.72187,1.95,1.13
2014.08.21 15:17:08.279,1.72174,1.72187,1.13,3.38
2014.08.21 15:17:10.212,1.72173,1.72189,2.63,6.42
2014.08.21 15:17:12.703,1.72174,1.72187,1.00,1.48
2014.08.21 15:17:16.204,1.72174,1.72187,1.00,1.48
2014.08.21 15:17:17.513,1.72174,1.72187,1.00,1.95
2014.08.21 15:17:19.276,1.72171,1.72186,4.02,1.00
2014.08.21 15:17:19.581,1.72171,1.72183,1.25,1.13
2014.08.21 15:17:20.087,1.7217,1.72183,1.00,1.00
2014.08.21 15:17:21.460,1.7217,1.72183,1.77,1.00
2014.08.21 15:17:21.511,1.72172,1.72186,1.48,1.50
2014.08.21 15:17:22.017,1.72173,1.72188,1.13,3.27
2014.08.21 15:17:22.421,1.72173,1.72182,1.13,1.00
2014.08.21 15:17:22.652,1.72172,1.72185,1.88,1.10
2014.08.21 15:17:23.191,1.72172,1.72185,1.50,1.10
2014.08.21 15:17:25.613,1.72172,1.72182,1.50,1.00
2014.08.21 15:17:26.383,1.72172,1.72185,1.50,1.10
2014.08.21 15:17:28.807,1.7217,1.72183,1.48,1.00
2014.08.21 15:17:29.780,1.7217,1.72177,1.48,1.00
2014.08.21 15:17:30.314,1.7217,1.72183,1.00,1.88
2014.08.21 15:17:34.494,1.7217,1.72177,1.00,1.00
2014.08.21 15:17:35.596,1.7217,1.72178,1.00,1.00
2014.08.21 15:17:36.619,1.72168,1.72179,1.88,1.25
2014.08.21 15:17:36.720,1.72167,1.72179,1.50,2.07
2014.08.21 15:17:36.822,1.72164,1.72179,1.88,2.97
2014.08.21 15:17:36.942,1.72163,1.72177,1.00,1.00
2014.08.21 15:17:38.583,1.72162,1.72177,1.00,1.63
2014.08.21 15:17:39.145,1.72162,1.72177,1.38,1.32
2014.08.21 15:17:39.745,1.72162,1.72177,1.45,1.13
2014.08.21 15:17:42.108,1.72162,1.72178,1.45,2.14
2014.08.21 15:17:43.303,1.72164,1.72178,1.58,1.32
2014.08.21 15:17:51.743,1.72164,1.72178,1.95,1.13
2014.08.21 15:17:52.501,1.72164,1.72179,1.95,1.50
2014.08.21 15:17:53.064,1.72166,1.7218,1.00,1.20
2014.08.21 15:17:53.571,1.72166,1.7218,1.38,1.10
2014.08.21 15:17:53.876,1.72171,1.72186,3.38,2.82
2014.08.21 15:17:54.655,1.72171,1.72186,1.28,2.07
2014.08.21 15:17:59.297,1.72171,1.72186,1.20,4.99
2014.08.21 15:17:59.399,1.72169,1.72178,1.00,1.00
2014.08.21 15:17:59.500,1.72167,1.72177,1.00,1.00
2014.08.21 15:18:00.007,1.72167,1.72178,1.00,1.00
2014.08.21 15:18:00.260,1.72167,1.7218,1.13,1.20
2014.08.21 15:18:01.558,1.72167,1.72177,1.13,1.00
2014.08.21 15:18:02.543,1.72167,1.72178,1.13,1.00
2014.08.21 15:18:02.644,1.72164,1.72178,2.44,1.13
2014.08.21 15:18:02.998,1.72164,1.72178,1.50,2.07
2014.08.21 15:18:03.536,1.72163,1.72177,1.20,1.63
2014.08.21 15:18:06.675,1.72163,1.72176,1.10,2.07
2014.08.21 15:18:06.778,1.72159,1.72174,1.00,2.07
2014.08.21 15:18:06.828,1.72159,1.7217,1.00,1.00
2014.08.21 15:18:06.879,1.72156,1.7217,1.28,1.38
2014.08.21 15:18:07.385,1.72155,1.7217,1.50,1.00
2014.08.21 15:18:08.042,1.72155,1.7217,1.50,1.38
2014.08.21 15:18:09.002,1.7216,1.72171,1.00,2.63
2014.08.21 15:18:09.053,1.7216,1.72171,1.00,1.50
2014.08.21 15:18:09.103,1.72163,1.72171,1.00,1.50
2014.08.21 15:18:09.155,1.72164,1.72175,1.38,1.50
2014.08.21 15:18:09.307,1.72165,1.72177,1.13,1.50
2014.08.21 15:18:09.813,1.72165,1.72178,1.13,1.13
2014.08.21 15:18:13.026,1.72165,1.72178,1.38,1.00
2014.08.21 15:18:13.540,1.72165,1.7218,1.55,2.07
2014.08.21 15:18:18.636,1.72165,1.72179,1.00,1.38
2014.08.21 15:18:19.164,1.72165,1.72179,1.13,1.38
2014.08.21 15:18:21.567,1.72164,1.72178,1.58,1.13
2014.08.21 15:18:22.082,1.72162,1.72176,2.44,1.00
2014.08.21 15:18:23.240,1.72163,1.72175,1.13,1.00
2014.08.21 15:18:24.128,1.72163,1.72176,1.13,1.95
2014.08.21 15:18:24.437,1.72163,1.72176,1.00,4.13
2014.08.21 15:18:27.573,1.72159,1.72174,2.63,3.57
2014.08.21 15:18:27.623,1.72159,1.72173,2.25,3.57
2014.08.21 15:18:27.876,1.72157,1.7217,1.13,1.13
2014.08.21 15:18:28.381,1.72154,1.72169,1.69,1.95
2014.08.21 15:18:28.882,1.72154,1.72169,1.69,1.95
2014.08.21 15:18:29.395,1.72156,1.72169,1.50,1.20
2014.08.21 15:18:30.714,1.72157,1.72169,1.38,1.10
2014.08.21 15:18:30.765,1.72159,1.72172,1.38,1.50
2014.08.21 15:18:30.968,1.72163,1.72174,1.00,1.10
2014.08.21 15:18:31.626,1.72164,1.72174,1.38,1.00
2014.08.21 15:18:31.727,1.72165,1.72178,1.38,1.50
2014.08.21 15:18:32.234,1.72164,1.72177,1.50,1.13
2014.08.21 15:18:32.285,1.72164,1.72172,1.00,1.00
2014.08.21 15:18:32.386,1.72166,1.72178,1.00,1.38
2014.08.21 15:18:32.892,1.72164,1.7218,1.18,1.88
2014.08.21 15:18:33.215,1.72167,1.72177,1.00,1.13
2014.08.21 15:18:33.265,1.72167,1.72181,2.07,1.20
2014.08.21 15:18:33.620,1.72167,1.72178,2.82,1.00
2014.08.21 15:18:34.170,1.72167,1.72181,2.82,1.20
2014.08.21 15:18:34.684,1.72168,1.72177,1.50,1.00
2014.08.21 15:18:34.836,1.72168,1.72181,1.50,1.88
2014.08.21 15:18:35.343,1.7217,1.72182,1.00,1.13
2014.08.21 15:18:37.060,1.7217,1.72181,1.00,1.00
2014.08.21 15:18:37.123,1.72168,1.72178,1.88,1.00
2014.08.21 15:18:37.377,1.72167,1.7218,1.00,1.63
2014.08.21 15:18:37.682,1.72164,1.72178,1.00,2.03
2014.08.21 15:18:40.597,1.72164,1.72178,1.00,2.22
2014.08.21 15:18:41.105,1.72164,1.72174,1.00,1.00
2014.08.21 15:18:41.879,1.72164,1.72176,1.00,1.58
2014.08.21 15:18:42.391,1.72161,1.72176,1.88,6.98
2014.08.21 15:18:42.669,1.72161,1.72174,1.88,2.25
2014.08.21 15:18:42.872,1.72161,1.72175,1.88,1.28
2014.08.21 15:18:44.038,1.72161,1.72175,1.88,3.38
2014.08.21 15:18:44.641,1.72161,1.72175,1.88,1.20
2014.08.21 15:18:54.243,1.72161,1.72175,1.88,1.95
2014.08.21 15:18:55.470,1.7216,1.72173,1.05,1.50
2014.08.21 15:18:56.031,1.72161,1.72175,1.13,2.70
2014.08.21 15:18:56.634,1.72162,1.72175,1.38,2.33
2014.08.21 15:18:56.736,1.72163,1.72176,1.13,1.20
2014.08.21 15:18:57.292,1.72163,1.72176,1.00,3.38
2014.08.21 15:18:57.841,1.72161,1.72174,2.63,1.10
2014.08.21 15:19:00.426,1.72161,1.72173,1.88,1.00
2014.08.21 15:19:00.528,1.72159,1.72171,1.00,1.10
2014.08.21 15:19:00.679,1.72154,1.72168,1.88,1.13
2014.08.21 15:19:00.730,1.72153,1.72168,1.63,3.38
2014.08.21 15:19:00.882,1.72153,1.72168,1.32,4.13
2014.08.21 15:19:01.295,1.72153,1.72166,1.32,2.63
2014.08.21 15:19:02.764,1.72152,1.72166,1.80,4.13
2014.08.21 15:19:04.495,1.72152,1.72163,1.00,1.00
2014.08.21 15:19:08.174,1.72153,1.72163,1.00,1.00
2014.08.21 15:19:08.719,1.72153,1.72166,1.00,4.50
2014.08.21 15:19:09.530,1.72152,1.72166,1.50,4.50
2014.08.21 15:19:11.511,1.72152,1.72166,1.25,2.40
2014.08.21 15:19:12.051,1.72153,1.72166,1.00,2.33
2014.08.21 15:19:13.105,1.72152,1.72165,1.13,1.00
2014.08.21 15:19:13.627,1.72153,1.72165,1.00,1.00
2014.08.21 15:19:14.133,1.72152,1.72166,1.00,2.33
2014.08.21 15:19:18.197,1.72153,1.72165,1.00,1.50
2014.08.21 15:19:18.702,1.72152,1.72165,1.50,1.18
2014.08.21 15:19:19.230,1.72151,1.72166,1.00,5.25
2014.08.21 15:19:19.534,1.72146,1.72161,2.07,2.03
2014.08.21 15:19:20.093,1.72145,1.72159,1.88,1.00
2014.08.21 15:19:20.420,1.72144,1.72158,1.88,1.08
2014.08.21 15:19:20.935,1.72144,1.72158,1.38,1.20
2014.08.21 15:19:21.466,1.72144,1.72158,1.38,1.13
2014.08.21 15:19:21.795,1.72145,1.72158,1.13,1.50
2014.08.21 15:19:24.648,1.72144,1.72158,1.48,1.50
2014.08.21 15:19:25.818,1.72144,1.72158,1.48,1.50
2014.08.21 15:19:27.745,1.72145,1.72158,1.58,1.13
2014.08.21 15:19:27.846,1.72147,1.7216,1.13,1.50
2014.08.21 15:19:32.007,1.72147,1.7216,1.13,1.38
2014.08.21 15:19:34.848,1.72145,1.7216,2.03,1.88
2014.08.21 15:19:35.050,1.72144,1.72157,1.88,1.00
2014.08.21 15:19:35.362,1.72142,1.72155,1.00,1.38
2014.08.21 15:19:36.415,1.72142,1.72155,1.50,1.25
2014.08.21 15:19:36.921,1.72142,1.72155,1.95,1.25
2014.08.21 15:19:37.701,1.72142,1.72155,1.58,1.88
2014.08.21 15:19:37.853,1.7214,1.72153,1.00,1.13
2014.08.21 15:19:38.681,1.72139,1.72152,1.00,1.00
2014.08.21 15:19:39.200,1.72137,1.72152,1.48,1.20
2014.08.21 15:19:39.729,1.72137,1.72152,1.20,1.58
2014.08.21 15:19:40.090,1.72137,1.72152,1.48,1.20
2014.08.21 15:19:40.394,1.72143,1.72156,2.63,1.38
2014.08.21 15:19:41.104,1.72143,1.72156,2.63,1.13
2014.08.21 15:19:41.357,1.72142,1.72155,2.55,2.33
2014.08.21 15:19:41.408,1.72139,1.72152,1.10,1.00
2014.08.21 15:19:41.937,1.72136,1.72151,1.95,1.13
2014.08.21 15:19:48.815,1.72136,1.72151,1.88,1.00
2014.08.21 15:19:52.836,1.72137,1.72151,2.55,1.00
2014.08.21 15:19:53.341,1.72138,1.72151,1.13,1.13
2014.08.21 15:19:55.962,1.72136,1.7215,1.63,1.50
2014.08.21 15:19:59.673,1.72137,1.72152,1.38,1.55
2014.08.21 15:20:00.591,1.72137,1.72152,1.10,1.38
2014.08.21 15:20:01.103,1.72137,1.72152,1.48,1.00
2014.08.21 15:20:01.613,1.72137,1.72152,1.20,1.00
2014.08.21 15:20:02.125,1.72137,1.72152,1.48,1.00
2014.08.21 15:20:02.632,1.72137,1.72152,3.38,1.00
2014.08.21 15:20:03.398,1.72137,1.72152,1.47,1.50
2014.08.21 15:20:03.807,1.72141,1.72154,1.00,2.52
2014.08.21 15:20:04.220,1.72143,1.72155,1.00,1.00
2014.08.21 15:20:04.322,1.72144,1.72158,1.38,1.25
2014.08.21 15:20:04.657,1.72146,1.72158,1.00,1.19
2014.08.21 15:20:04.709,1.72143,1.72155,1.10,1.00
2014.08.21 15:20:05.215,1.72144,1.72158,1.00,1.77
2014.08.21 15:20:05.367,1.72144,1.72158,1.00,1.58
2014.08.21 15:20:05.891,1.72144,1.72158,1.48,1.50
2014.08.21 15:20:06.245,1.72145,1.72158,1.38,1.00
2014.08.21 15:20:06.753,1.72148,1.72158,1.00,1.00
2014.08.21 15:20:06.855,1.72148,1.72161,1.00,1.50
2014.08.21 15:20:11.913,1.72147,1.7216,1.00,1.00
2014.08.21 15:20:12.714,1.72144,1.72159,5.25,1.50
2014.08.21 15:20:13.222,1.72147,1.72158,1.00,1.00
2014.08.21 15:20:13.425,1.72147,1.72161,1.58,1.13
2014.08.21 15:20:13.627,1.7215,1.72163,1.00,2.07
2014.08.21 15:20:14.133,1.7215,1.72163,1.20,1.13
2014.08.21 15:20:19.745,1.72149,1.72162,1.00,1.88
2014.08.21 15:20:20.941,1.72149,1.72162,1.38,1.88
2014.08.21 15:20:23.123,1.72154,1.72162,2.25,1.88
2014.08.21 15:20:23.174,1.72156,1.72166,1.13,1.00
2014.08.21 15:20:23.225,1.72156,1.72168,1.13,1.00
2014.08.21 15:20:23.733,1.72156,1.72169,1.88,1.00
2014.08.21 15:20:24.279,1.72157,1.72171,1.00,2.03
2014.08.21 15:20:24.330,1.72159,1.72171,1.00,1.18
2014.08.21 15:20:24.483,1.72159,1.72173,1.38,1.25
2014.08.21 15:20:24.686,1.72157,1.72172,2.63,1.65
2014.08.21 15:20:25.915,1.72157,1.72172,1.88,2.78
2014.08.21 15:20:26.426,1.72157,1.72172,1.88,2.40
2014.08.21 15:20:26.936,1.72157,1.72171,1.88,2.25
2014.08.21 15:20:38.641,1.72156,1.72169,1.13,1.00
2014.08.21 15:20:39.328,1.72156,1.72169,1.50,1.00
2014.08.21 15:20:39.891,1.72157,1.7217,1.50,1.00
2014.08.21 15:20:40.922,1.72157,1.7217,1.13,1.13
2014.08.21 15:20:41.573,1.72157,1.7217,1.13,2.03
2014.08.21 15:20:43.482,1.72157,1.7217,1.00,1.65
2014.08.21 15:20:44.121,1.72157,1.7217,1.38,1.20
2014.08.21 15:20:47.890,1.72157,1.7217,1.88,1.20
2014.08.21 15:20:57.087,1.72157,1.7217,3.19,1.10
2014.08.21 15:21:01.561,1.72158,1.7217,1.00,1.10
2014.08.21 15:21:10.675,1.72158,1.7217,1.38,1.10
2014.08.21 15:21:12.834,1.72158,1.72171,1.88,1.18
2014.08.21 15:21:13.611,1.72158,1.72171,2.63,1.20
2014.08.21 15:21:15.832,1.72159,1.72171,1.00,1.20
2014.08.21 15:21:17.177,1.72162,1.72171,1.00,1.20
2014.08.21 15:21:17.329,1.72164,1.72174,1.00,1.00
2014.08.21 15:21:17.431,1.72164,1.72177,1.00,1.18
2014.08.21 15:21:17.858,1.72165,1.72178,1.00,1.10
2014.08.21 15:21:17.910,1.72165,1.72178,1.00,3.30
2014.08.21 15:21:18.416,1.72164,1.72177,1.00,1.58
2014.08.21 15:21:18.776,1.72164,1.72174,1.00,1.00
2014.08.21 15:21:19.399,1.72164,1.72173,1.00,1.00
2014.08.21 15:21:19.450,1.7216,1.72172,2.82,1.08
2014.08.21 15:21:20.001,1.7216,1.72172,2.07,1.00
2014.08.21 15:21:21.300,1.7216,1.72172,1.88,1.00
2014.08.21 15:21:21.823,1.7216,1.72172,1.50,1.00
2014.08.21 15:21:22.077,1.72159,1.7217,1.32,1.00
2014.08.21 15:21:22.886,1.72158,1.7217,1.32,1.10
2014.08.21 15:21:23.550,1.72158,1.7217,1.00,5.48
2014.08.21 15:21:26.623,1.72155,1.7217,1.05,4.73
2014.08.21 15:21:27.130,1.72154,1.72167,1.32,1.00
2014.08.21 15:21:27.181,1.72153,1.72163,2.63,1.00
2014.08.21 15:21:27.689,1.72153,1.72166,1.13,3.00
2014.08.21 15:21:28.232,1.72151,1.72164,1.32,1.08
2014.08.21 15:21:28.486,1.72152,1.72167,1.38,1.65
2014.08.21 15:21:28.992,1.72153,1.72167,1.88,1.50
2014.08.21 15:21:29.396,1.72155,1.72167,1.25,1.00
2014.08.21 15:21:29.497,1.72155,1.72169,1.63,1.20
2014.08.21 15:21:30.249,1.72155,1.72169,1.25,1.20
2014.08.21 15:21:31.228,1.72155,1.72169,1.63,1.20
2014.08.21 15:21:31.745,1.72155,1.72169,1.32,1.00
2014.08.21 15:21:32.261,1.72155,1.72169,1.63,1.00
2014.08.21 15:21:32.522,1.72158,1.72171,1.00,1.50
2014.08.21 15:21:32.725,1.72161,1.72175,1.88,1.25
2014.08.21 15:21:33.884,1.72161,1.72176,2.63,2.03
2014.08.21 15:21:36.944,1.72161,1.72177,2.25,1.34
2014.08.21 15:21:37.989,1.72163,1.72178,2.25,3.00
2014.08.21 15:21:38.903,1.72163,1.72178,2.25,2.25
2014.08.21 15:21:40.459,1.72163,1.72178,3.15,1.50
2014.08.21 15:21:40.560,1.72165,1.7218,1.38,2.14
2014.08.21 15:21:47.166,1.72164,1.72179,1.95,1.50
2014.08.21 15:21:48.378,1.72165,1.72179,1.13,1.50
2014.08.21 15:21:49.853,1.72165,1.72179,1.38,1.50
2014.08.21 15:21:50.132,1.7217,1.72179,1.00,1.50
2014.08.21 15:21:50.183,1.72171,1.72184,1.38,1.19
2014.08.21 15:21:50.284,1.72173,1.72185,1.13,1.00
2014.08.21 15:21:50.791,1.72173,1.72186,1.88,1.50
2014.08.21 15:21:53.210,1.72171,1.72186,2.07,1.58
2014.08.21 15:21:53.261,1.72171,1.72182,1.32,1.00
2014.08.21 15:21:53.767,1.72169,1.72181,2.07,1.00
2014.08.21 15:21:54.303,1.7217,1.72183,1.32,1.00
2014.08.21 15:21:54.809,1.7217,1.72183,1.13,1.00
2014.08.21 15:21:55.669,1.72169,1.72179,3.75,1.00
2014.08.21 15:21:56.124,1.72169,1.72181,1.50,1.00
2014.08.21 15:21:56.596,1.7217,1.72183,1.00,1.00
2014.08.21 15:21:56.697,1.7217,1.72183,1.38,1.00
2014.08.21 15:21:59.101,1.72174,1.72183,1.00,1.00
2014.08.21 15:21:59.355,1.72179,1.72191,1.50,1.00
2014.08.21 15:21:59.912,1.7218,1.72193,1.13,1.25
2014.08.21 15:22:00.535,1.7218,1.72193,1.38,1.25
2014.08.21 15:22:01.040,1.7218,1.72193,1.00,1.10
2014.08.21 15:22:02.930,1.7218,1.72193,1.08,1.00
2014.08.21 15:22:04.492,1.72183,1.72195,1.00,1.50
2014.08.21 15:22:04.695,1.72183,1.72197,3.08,1.00
2014.08.21 15:22:04.747,1.72183,1.72201,3.15,1.19
2014.08.21 15:22:04.900,1.72183,1.72201,3.15,1.19
2014.08.21 15:22:05.255,1.72183,1.72197,2.70,2.18
2014.08.21 15:22:05.508,1.72183,1.72199,2.63,3.94
2014.08.21 15:22:06.559,1.72183,1.722,3.08,3.19
2014.08.21 15:22:06.711,1.72183,1.722,3.45,3.19
2014.08.21 15:22:07.431,1.72184,1.722,1.38,2.44
2014.08.21 15:22:07.583,1.72184,1.72201,1.39,1.18
2014.08.21 15:22:08.291,1.72188,1.72203,1.13,1.77
2014.08.21 15:22:08.664,1.72185,1.722,2.93,1.00
2014.08.21 15:22:09.208,1.72183,1.72199,1.08,1.00
2014.08.21 15:22:09.461,1.72183,1.722,1.50,7.54
2014.08.21 15:22:09.986,1.72183,1.72198,1.50,2.44
2014.08.21 15:22:10.547,1.72183,1.72197,1.00,2.44
2014.08.21 15:22:10.851,1.7218,1.72197,2.07,4.54
2014.08.21 15:22:11.849,1.72183,1.72196,1.00,1.15
2014.08.21 15:22:13.382,1.72183,1.72197,1.19,4.35
2014.08.21 15:22:13.635,1.72188,1.72202,1.00,1.09
2014.08.21 15:22:13.942,1.72192,1.72202,1.00,1.20
2014.08.21 15:22:16.582,1.72192,1.72205,1.00,1.02
2014.08.21 15:22:18.198,1.72192,1.72205,1.00,1.08
2014.08.21 15:22:20.086,1.72192,1.72205,1.00,3.19
2014.08.21 15:22:21.831,1.72191,1.72205,1.00,3.19
2014.08.21 15:22:22.041,1.72193,1.72205,1.00,3.94
2014.08.21 15:22:22.396,1.72191,1.72205,1.00,3.94
2014.08.21 15:22:23.514,1.72193,1.72205,1.00,3.00
2014.08.21 15:22:24.284,1.72193,1.72205,1.00,1.00
2014.08.21 15:22:24.386,1.72191,1.72205,1.00,1.19
2014.08.21 15:22:24.740,1.72187,1.72204,2.40,1.25
2014.08.21 15:22:25.339,1.72188,1.72205,1.00,2.59
2014.08.21 15:22:26.320,1.72188,1.72202,1.00,1.00
2014.08.21 15:22:26.853,1.72187,1.72202,2.40,1.50
2014.08.21 15:22:27.563,1.72187,1.72202,2.25,3.75
2014.08.21 15:22:28.069,1.72188,1.72202,1.00,3.75
2014.08.21 15:22:29.825,1.72188,1.722,1.00,1.18
2014.08.21 15:22:29.977,1.72184,1.72197,1.69,1.10
2014.08.21 15:22:30.180,1.72184,1.72195,1.00,1.10
2014.08.21 15:22:30.850,1.72184,1.72197,1.00,1.00
2014.08.21 15:22:30.901,1.72184,1.72195,1.00,1.00
2014.08.21 15:22:31.629,1.72182,1.72195,1.50,1.00
2014.08.21 15:22:31.781,1.72183,1.72198,2.63,3.75
2014.08.21 15:22:32.311,1.72183,1.72197,2.63,2.25
2014.08.21 15:22:34.201,1.72183,1.72197,1.88,2.25
2014.08.21 15:22:36.046,1.72182,1.72195,1.50,1.10
2014.08.21 15:22:36.561,1.72182,1.72195,1.88,1.10
2014.08.21 15:22:38.202,1.72182,1.72195,1.88,1.10
2014.08.21 15:22:38.758,1.72182,1.72195,1.88,1.10
2014.08.21 15:22:40.287,1.72182,1.72195,1.50,1.20
2014.08.21 15:22:40.592,1.72179,1.72192,1.69,1.20
2014.08.21 15:22:41.109,1.72179,1.72192,1.69,1.13
2014.08.21 15:22:41.413,1.72179,1.7219,1.00,1.00
2014.08.21 15:22:41.464,1.72177,1.7219,1.20,1.00
2014.08.21 15:22:41.767,1.72176,1.72189,1.00,1.65
2014.08.21 15:22:42.290,1.72176,1.72189,1.13,1.58
2014.08.21 15:22:42.835,1.72176,1.72189,1.63,1.50
2014.08.21 15:22:43.403,1.72177,1.7219,1.13,1.10
2014.08.21 15:22:45.743,1.72179,1.72192,1.00,3.00
2014.08.21 15:22:46.327,1.72179,1.72192,1.00,1.00
2014.08.21 15:22:50.995,1.72181,1.72192,1.00,1.00
2014.08.21 15:22:53.079,1.7218,1.72193,1.00,1.13
2014.08.21 15:22:57.804,1.7218,1.72193,1.00,1.18
2014.08.21 15:22:57.956,1.72178,1.72193,1.13,4.50
2014.08.21 15:22:58.468,1.72178,1.72193,1.13,1.65
2014.08.21 15:22:58.996,1.7218,1.72194,1.50,2.25
2014.08.21 15:22:59.503,1.72178,1.72193,1.38,3.00
2014.08.21 15:23:00.011,1.72178,1.7219,1.25,1.10
2014.08.21 15:23:00.712,1.72177,1.7219,1.13,1.58
2014.08.21 15:23:04.427,1.72178,1.7219,1.00,1.00
2014.08.21 15:23:04.985,1.72178,1.72192,1.13,1.10
2014.08.21 15:23:05.606,1.72179,1.72192,1.00,1.10
2014.08.21 15:23:05.909,1.72183,1.72193,1.57,1.08
2014.08.21 15:23:05.960,1.72183,1.72196,1.57,1.50
2014.08.21 15:23:06.062,1.72186,1.722,1.00,1.50
2014.08.21 15:23:06.113,1.72184,1.72197,1.32,1.00
2014.08.21 15:23:06.434,1.72182,1.72193,1.25,1.00
2014.08.21 15:23:07.106,1.7218,1.72193,2.07,1.10
2014.08.21 15:23:07.411,1.72199,1.72212,1.19,1.00
2014.08.21 15:23:07.563,1.72202,1.72213,1.00,1.10
2014.08.21 15:23:07.614,1.72199,1.72213,1.19,1.10
2014.08.21 15:23:07.918,1.72199,1.72211,1.19,1.00
2014.08.21 15:23:08.960,1.72198,1.72211,1.25,1.00
2014.08.21 15:23:10.252,1.72199,1.72213,1.00,1.58
2014.08.21 15:23:13.010,1.72202,1.72214,1.00,1.28
2014.08.21 15:23:13.112,1.72204,1.72216,1.00,1.02
2014.08.21 15:23:13.517,1.72206,1.72218,1.00,1.58
2014.08.21 15:23:14.023,1.72206,1.72219,1.00,1.00
2014.08.21 15:23:14.530,1.72206,1.72219,1.00,1.38
2014.08.21 15:23:15.499,1.72206,1.72219,1.00,1.00
2014.08.21 15:23:15.652,1.72207,1.72221,1.00,1.09
2014.08.21 15:23:16.427,1.72206,1.72219,1.00,1.00
2014.08.21 15:23:16.939,1.72208,1.72219,1.00,1.00
2014.08.21 15:23:18.420,1.72206,1.72219,1.00,1.00
2014.08.21 15:23:19.432,1.72206,1.72219,1.38,1.10
2014.08.21 15:23:21.199,1.72206,1.72219,1.13,1.20
2014.08.21 15:23:21.709,1.72206,1.72219,1.00,1.58
2014.08.21 15:23:21.760,1.72207,1.7222,1.19,1.58
2014.08.21 15:23:21.861,1.72211,1.72224,1.57,2.33
2014.08.21 15:23:21.913,1.72215,1.72224,1.00,1.08
2014.08.21 15:23:21.964,1.72215,1.72226,1.88,1.08
2014.08.21 15:23:22.066,1.72215,1.72229,1.88,1.38
2014.08.21 15:23:22.573,1.72215,1.72229,2.07,1.20
2014.08.21 15:23:23.078,1.72215,1.72229,2.52,1.48
2014.08.21 15:23:23.634,1.72215,1.72227,3.15,1.00
2014.08.21 15:23:24.177,1.72215,1.72227,3.00,1.00
2014.08.21 15:23:24.688,1.72215,1.7223,3.00,2.63
2014.08.21 15:23:24.992,1.72215,1.72225,3.00,1.00
2014.08.21 15:23:26.429,1.72215,1.72227,2.63,1.00
2014.08.21 15:23:26.733,1.72215,1.72224,2.63,1.00
2014.08.21 15:23:27.590,1.72216,1.72224,1.00,1.00
2014.08.21 15:23:27.944,1.72216,1.72228,1.00,1.50
2014.08.21 15:23:28.146,1.72215,1.72224,1.88,1.00
2014.08.21 15:23:28.502,1.72215,1.72222,2.63,1.00
2014.08.21 15:23:28.603,1.72215,1.72225,2.25,1.00
2014.08.21 15:23:28.704,1.72215,1.72227,1.88,1.00
2014.08.21 15:23:29.008,1.72213,1.72227,1.58,1.00
2014.08.21 15:23:29.204,1.72214,1.72227,1.88,1.00
2014.08.21 15:23:29.407,1.72219,1.72232,1.00,1.50
2014.08.21 15:23:29.559,1.72218,1.7223,1.00,1.00
2014.08.21 15:23:29.862,1.72214,1.72226,3.27,1.00
2014.08.21 15:23:29.964,1.72212,1.72227,1.32,2.03
2014.08.21 15:23:31.932,1.72213,1.72227,1.19,1.58
2014.08.21 15:23:32.475,1.72213,1.72227,1.32,1.88
2014.08.21 15:23:33.033,1.72217,1.72227,1.00,1.00
2014.08.21 15:23:33.181,1.7222,1.72232,1.00,1.20
2014.08.21 15:23:34.606,1.7222,1.72233,1.00,1.00
2014.08.21 15:23:40.864,1.7222,1.72233,1.63,1.00
2014.08.21 15:23:41.429,1.7222,1.72234,1.39,1.13
2014.08.21 15:23:41.942,1.72222,1.72235,1.00,1.38
2014.08.21 15:23:47.042,1.7222,1.72235,1.58,1.88
2014.08.21 15:23:51.959,1.7222,1.72234,1.88,2.63
2014.08.21 15:23:53.543,1.7222,1.72234,1.88,2.63
2014.08.21 15:23:54.716,1.7222,1.72234,1.50,2.63
2014.08.21 15:23:55.690,1.7222,1.72233,1.50,3.38
2014.08.21 15:23:57.079,1.72218,1.72229,1.88,1.00
2014.08.21 15:23:57.383,1.72217,1.72227,1.00,1.00
2014.08.21 15:23:57.905,1.72217,1.7223,1.00,4.13
2014.08.21 15:23:59.036,1.72218,1.7223,1.13,3.00
2014.08.21 15:23:59.188,1.72218,1.7223,2.07,1.00
2014.08.21 15:23:59.491,1.72218,1.72233,1.32,1.20
2014.08.21 15:23:59.998,1.72219,1.72232,1.00,1.48
2014.08.21 15:24:00.525,1.72219,1.72231,1.00,1.15
2014.08.21 15:24:02.394,1.72219,1.72231,1.13,1.10
2014.08.21 15:24:02.648,1.72221,1.72234,1.00,2.03
2014.08.21 15:24:05.511,1.72221,1.72234,1.13,1.20
2014.08.21 15:24:05.814,1.72223,1.72234,1.00,1.13
2014.08.21 15:24:06.749,1.72223,1.72236,1.00,1.45
2014.08.21 15:24:07.699,1.72223,1.72236,1.00,1.38
2014.08.21 15:24:08.491,1.72223,1.72236,1.00,1.38
2014.08.21 15:24:10.856,1.72223,1.72236,1.00,1.38
2014.08.21 15:24:11.059,1.72224,1.72237,1.00,2.78
2014.08.21 15:24:11.261,1.72224,1.72237,1.00,2.03
2014.08.21 15:24:11.363,1.72222,1.72235,1.50,1.38
2014.08.21 15:24:12.484,1.72221,1.72234,1.00,1.13
2014.08.21 15:24:12.535,1.72219,1.72234,2.14,2.63
2014.08.21 15:24:13.098,1.72219,1.72234,2.14,2.63
2014.08.21 15:24:13.654,1.72219,1.72234,1.69,2.70
2014.08.21 15:24:13.755,1.72217,1.72231,1.69,1.88
2014.08.21 15:24:13.907,1.72215,1.7223,1.69,2.03
2014.08.21 15:24:14.262,1.72214,1.72229,1.25,2.03
2014.08.21 15:24:14.313,1.72214,1.72229,1.25,2.03
2014.08.21 15:24:15.086,1.72213,1.72228,2.07,1.88
2014.08.21 15:24:16.877,1.72213,1.72224,1.32,1.00
2014.08.21 15:24:17.130,1.72208,1.7222,1.00,1.50
2014.08.21 15:24:17.673,1.72207,1.7222,1.25,1.50
2014.08.21 15:24:19.343,1.72212,1.7222,1.00,1.50
2014.08.21 15:24:19.444,1.72215,1.72226,1.00,2.25
2014.08.21 15:24:19.546,1.72215,1.72228,1.00,1.50
2014.08.21 15:24:19.748,1.72216,1.72231,1.00,2.40
2014.08.21 15:24:21.487,1.72216,1.72229,1.00,1.38
2014.08.21 15:24:21.589,1.72214,1.72227,1.13,2.63
2014.08.21 15:24:21.742,1.72211,1.72224,1.00,1.00
2014.08.21 15:24:21.894,1.72212,1.72225,2.18,1.88
2014.08.21 15:24:22.046,1.72211,1.72225,1.18,1.88
2014.08.21 15:24:22.148,1.7221,1.72225,1.00,2.70
2014.08.21 15:24:22.871,1.7221,1.72225,1.00,4.80
2014.08.21 15:24:24.686,1.7221,1.72222,1.00,1.00
2014.08.21 15:24:25.231,1.72209,1.72222,1.00,1.00
2014.08.21 15:24:25.749,1.72208,1.72222,2.33,1.00
2014.08.21 15:24:26.251,1.72208,1.72222,2.97,1.00
2014.08.21 15:24:28.090,1.72208,1.72223,2.97,1.50
2014.08.21 15:24:31.612,1.7221,1.72223,1.00,1.00
2014.08.21 15:24:32.325,1.7221,1.72224,1.50,1.13
2014.08.21 15:24:37.709,1.7221,1.7222,1.00,1.00
2014.08.21 15:24:38.012,1.72205,1.72218,1.69,1.00
2014.08.21 15:24:39.027,1.72205,1.72217,1.19,1.00
2014.08.21 15:24:39.078,1.72203,1.72217,1.69,1.13
2014.08.21 15:24:39.179,1.72203,1.72216,1.25,1.48
2014.08.21 15:24:41.393,1.72202,1.72215,1.39,1.13
2014.08.21 15:24:41.930,1.72201,1.72215,1.19,1.38
2014.08.21 15:24:42.234,1.722,1.72211,1.00,1.00
2014.08.21 15:24:42.538,1.72196,1.72209,1.02,1.38
2014.08.21 15:24:42.793,1.72192,1.72206,4.62,2.55
2014.08.21 15:24:42.845,1.72192,1.72206,1.69,4.13
2014.08.21 15:24:43.047,1.7219,1.72205,1.67,1.10
2014.08.21 15:24:44.224,1.72191,1.72204,1.32,1.20
2014.08.21 15:24:45.202,1.72191,1.72204,1.13,1.20
2014.08.21 15:24:45.766,1.72191,1.72204,1.38,1.10
2014.08.21 15:24:46.279,1.72191,1.72204,1.25,1.10
2014.08.21 15:24:47.560,1.72191,1.72204,1.63,1.10
2014.08.21 15:24:50.616,1.72193,1.72205,1.00,1.20
2014.08.21 15:24:56.568,1.7219,1.72206,2.14,1.55
2014.08.21 15:24:57.129,1.7219,1.72206,2.07,3.38
2014.08.21 15:24:57.654,1.7219,1.72206,2.07,3.38
2014.08.21 15:24:58.234,1.72189,1.72202,1.57,1.00
2014.08.21 15:24:58.753,1.72191,1.72204,1.32,3.08
2014.08.21 15:25:02.540,1.72191,1.72203,1.13,1.00
2014.08.21 15:25:03.047,1.72191,1.72204,1.20,1.88
2014.08.21 15:25:03.670,1.7219,1.72202,2.25,1.00
2014.08.21 15:25:03.721,1.72189,1.72202,1.77,1.00
2014.08.21 15:25:03.771,1.72189,1.722,1.02,1.00
2014.08.21 15:25:03.974,1.72189,1.72202,1.25,1.58
2014.08.21 15:25:04.227,1.72189,1.722,1.25,1.00
2014.08.21 15:25:04.732,1.72188,1.72201,1.00,2.03
2014.08.21 15:25:05.241,1.72188,1.72202,1.00,1.15
2014.08.21 15:25:05.546,1.72184,1.72197,1.50,2.93
2014.08.21 15:25:05.699,1.72184,1.72197,1.00,1.00
2014.08.21 15:25:06.813,1.72184,1.72195,1.00,1.00
2014.08.21 15:25:06.965,1.7218,1.72194,1.02,1.38
2014.08.21 15:25:07.218,1.72178,1.72192,1.00,1.00
2014.08.21 15:25:07.730,1.7218,1.72193,1.00,3.38
2014.08.21 15:25:07.781,1.7218,1.72193,1.00,1.20
2014.08.21 15:25:08.084,1.7218,1.72196,3.00,2.63
2014.08.21 15:25:08.388,1.7218,1.72196,3.00,1.88
2014.08.21 15:25:08.902,1.72181,1.72196,1.65,1.50
2014.08.21 15:25:09.458,1.72181,1.72192,1.65,1.00
2014.08.21 15:25:09.509,1.72178,1.72192,2.25,1.50
2014.08.21 15:25:10.827,1.72177,1.7219,1.00,1.00
2014.08.21 15:25:15.511,1.7218,1.7219,1.00,1.00
2014.08.21 15:25:15.562,1.7218,1.72193,1.50,1.00
2014.08.21 15:25:15.664,1.72182,1.72195,1.00,1.29
2014.08.21 15:25:16.171,1.72182,1.72196,1.00,1.20
2014.08.21 15:25:20.026,1.72184,1.72197,1.00,3.38
2014.08.21 15:25:20.527,1.72182,1.72197,1.25,3.38
2014.08.21 15:25:21.157,1.72181,1.72197,2.44,4.13
2014.08.21 15:25:22.650,1.72181,1.72193,1.00,1.08
2014.08.21 15:25:22.701,1.72179,1.72193,1.25,1.08
2014.08.21 15:25:23.968,1.72179,1.72193,1.25,1.00
2014.08.21 15:25:26.618,1.72179,1.72193,1.18,1.00
2014.08.21 15:25:27.174,1.72181,1.72194,1.00,1.32
2014.08.21 15:25:32.512,1.72181,1.72194,1.00,1.50
2014.08.21 15:25:33.086,1.72178,1.72195,4.69,3.00
2014.08.21 15:25:33.643,1.72178,1.72195,3.34,2.78
2014.08.21 15:25:34.148,1.72178,1.72195,3.34,2.78
2014.08.21 15:25:34.661,1.72179,1.72192,1.25,1.00
2014.08.21 15:25:38.218,1.72177,1.7219,1.20,1.00
2014.08.21 15:25:47.286,1.72177,1.7219,1.18,1.13
2014.08.21 15:26:00.890,1.72177,1.7219,2.25,1.13
2014.08.21 15:26:01.558,1.72175,1.7219,6.42,1.13
2014.08.21 15:26:09.936,1.72175,1.7219,6.60,1.38
2014.08.21 15:26:10.446,1.72175,1.7219,1.65,1.38
2014.08.21 15:26:11.105,1.72175,1.7219,1.65,1.25
2014.08.21 15:26:11.207,1.72178,1.72191,1.00,1.00
2014.08.21 15:26:11.511,1.7218,1.72194,1.65,1.00
2014.08.21 15:26:11.814,1.72183,1.72196,1.10,1.13
2014.08.21 15:26:13.267,1.72181,1.72192,2.25,1.00
2014.08.21 15:26:13.419,1.72179,1.72192,1.00,1.00
2014.08.21 15:26:13.925,1.72179,1.72192,1.00,1.38
2014.08.21 15:26:14.590,1.72178,1.72193,1.10,2.89
2014.08.21 15:26:15.925,1.72179,1.72193,1.00,2.14
2014.08.21 15:26:18.103,1.72179,1.72193,1.00,2.89
2014.08.21 15:26:19.302,1.72179,1.72193,1.00,2.89
2014.08.21 15:26:19.803,1.72177,1.72193,1.18,2.89
2014.08.21 15:26:20.186,1.7218,1.72192,1.00,1.63
2014.08.21 15:26:20.700,1.7218,1.72193,1.00,1.88
2014.08.21 15:26:21.208,1.7218,1.72193,1.00,1.88
2014.08.21 15:26:21.713,1.72181,1.72194,1.10,1.00
2014.08.21 15:26:21.916,1.7218,1.72196,1.65,1.13
2014.08.21 15:26:22.441,1.72182,1.72197,1.00,1.95
2014.08.21 15:26:22.972,1.72182,1.72197,1.00,4.13
2014.08.21 15:26:23.508,1.72181,1.72194,1.00,1.00
2014.08.21 15:26:25.756,1.72181,1.72194,1.00,1.38
2014.08.21 15:26:26.263,1.72181,1.72194,1.00,3.38
2014.08.21 15:26:27.142,1.72179,1.72193,1.13,1.55
2014.08.21 15:26:27.602,1.72179,1.72193,2.93,1.00
2014.08.21 15:26:27.653,1.72182,1.72195,1.00,1.10
2014.08.21 15:26:27.704,1.72182,1.72195,1.50,1.38
2014.08.21 15:26:27.957,1.72179,1.72192,2.40,1.13
2014.08.21 15:26:28.462,1.72179,1.72194,1.50,1.55
2014.08.21 15:26:31.970,1.72179,1.72191,1.00,1.00
2014.08.21 15:26:32.278,1.72179,1.72191,1.00,1.38
2014.08.21 15:26:32.430,1.72176,1.72189,1.33,1.38
2014.08.21 15:26:32.950,1.72176,1.72189,5.29,1.38
2014.08.21 15:26:33.516,1.72176,1.72189,1.08,1.38
2014.08.21 15:26:34.139,1.72176,1.72189,1.08,1.00
2014.08.21 15:26:35.237,1.72176,1.72189,1.00,1.00
2014.08.21 15:26:38.362,1.72176,1.72191,1.50,2.22
2014.08.21 15:26:39.231,1.72176,1.72191,1.88,1.95
2014.08.21 15:26:42.121,1.72177,1.72192,1.48,1.02
2014.08.21 15:26:43.003,1.72177,1.72192,1.00,1.13
2014.08.21 15:26:43.605,1.72177,1.72192,1.38,1.00
2014.08.21 15:26:44.112,1.72178,1.72192,1.28,1.00
2014.08.21 15:26:44.263,1.72178,1.72192,1.53,1.00
2014.08.21 15:26:44.342,1.7218,1.72195,1.38,1.88
2014.08.21 15:26:44.909,1.72181,1.72195,1.08,1.00
2014.08.21 15:26:45.378,1.72183,1.72197,2.55,1.00
2014.08.21 15:26:45.683,1.72182,1.72195,1.65,1.00
2014.08.21 15:26:46.189,1.72182,1.72195,1.58,1.00
2014.08.21 15:26:47.393,1.7218,1.72194,1.10,1.50
2014.08.21 15:26:47.898,1.72179,1.72194,1.69,1.95
2014.08.21 15:26:48.306,1.72178,1.72192,1.69,1.38
2014.08.21 15:26:48.992,1.72179,1.72194,1.58,1.69
2014.08.21 15:26:49.912,1.72181,1.72195,1.38,1.25
2014.08.21 15:26:50.215,1.72184,1.72197,1.10,1.00
2014.08.21 15:26:50.722,1.72184,1.72197,2.03,1.00
2014.08.21 15:26:51.559,1.72184,1.72197,1.50,1.00
2014.08.21 15:26:51.863,1.72181,1.72196,1.18,2.07
2014.08.21 15:26:51.964,1.72184,1.72198,1.10,1.00
2014.08.21 15:26:52.015,1.72183,1.72196,1.20,1.38
2014.08.21 15:26:52.540,1.72183,1.72196,1.00,1.67
2014.08.21 15:26:53.561,1.72183,1.72196,1.00,1.13
2014.08.21 15:26:54.176,1.72183,1.72196,1.00,1.38
2014.08.21 15:26:54.429,1.72183,1.72196,1.00,1.13
2014.08.21 15:26:54.951,1.72183,1.72196,1.00,1.38
2014.08.21 15:26:55.931,1.72183,1.72196,1.00,1.13
2014.08.21 15:26:56.447,1.72183,1.72196,1.50,1.38
2014.08.21 15:27:01.083,1.72183,1.72196,1.00,1.25
2014.08.21 15:27:03.223,1.72183,1.72196,1.00,1.09
2014.08.21 15:27:03.737,1.72183,1.72196,1.00,1.25
2014.08.21 15:27:05.806,1.72183,1.72196,1.00,1.08
2014.08.21 15:27:09.242,1.72182,1.72196,1.00,1.08
2014.08.21 15:27:10.982,1.72183,1.72196,1.00,2.14
2014.08.21 15:27:11.507,1.72182,1.72196,1.00,2.14
2014.08.21 15:27:12.633,1.72183,1.72196,1.00,2.14
2014.08.21 15:27:14.310,1.72183,1.72196,1.00,2.14
2014.08.21 15:27:14.412,1.7218,1.72193,1.10,3.12
2014.08.21 15:27:14.463,1.72177,1.72189,1.00,1.38
2014.08.21 15:27:14.919,1.72178,1.7219,1.00,1.32
2014.08.21 15:27:15.021,1.72175,1.72188,1.38,1.00
2014.08.21 15:27:15.609,1.72178,1.72188,1.00,1.00
2014.08.21 15:27:15.913,1.72178,1.7219,1.88,1.25
2014.08.21 15:27:16.732,1.72178,1.7219,1.88,1.00
2014.08.21 15:27:16.884,1.72176,1.72189,1.38,1.10
2014.08.21 15:27:16.986,1.72173,1.72188,2.70,1.00
2014.08.21 15:27:17.217,1.72171,1.72187,3.38,1.19
2014.08.21 15:27:17.521,1.72173,1.72187,1.38,1.39
2014.08.21 15:27:19.182,1.72173,1.72187,1.38,1.19
2014.08.21 15:27:22.190,1.72171,1.72187,1.45,1.19
2014.08.21 15:27:23.250,1.72171,1.72187,1.45,1.25
2014.08.21 15:27:24.250,1.72171,1.72187,1.45,1.19
2014.08.21 15:27:27.285,1.72171,1.72187,1.45,1.69
2014.08.21 15:27:33.398,1.72172,1.72186,2.00,1.10
2014.08.21 15:27:33.601,1.72177,1.72189,1.45,1.25
2014.08.21 15:27:33.905,1.72178,1.7219,1.00,1.19
2014.08.21 15:27:34.598,1.72178,1.7219,1.13,1.00
2014.08.21 15:27:40.969,1.72177,1.7219,1.88,1.13
2014.08.21 15:27:41.121,1.72176,1.72188,1.48,1.00
2014.08.21 15:27:41.534,1.72175,1.72188,1.50,1.08
2014.08.21 15:27:41.635,1.72175,1.72188,1.50,1.08
2014.08.21 15:27:41.838,1.72175,1.72188,1.13,1.00
2014.08.21 15:27:41.939,1.72177,1.7219,1.13,1.09
2014.08.21 15:27:43.645,1.72178,1.7219,1.00,1.18
2014.08.21 15:27:44.158,1.72177,1.7219,1.13,1.18
2014.08.21 15:27:44.671,1.72177,1.7219,1.13,1.10
2014.08.21 15:27:45.505,1.72177,1.7219,1.38,1.10
2014.08.21 15:27:50.697,1.72177,1.7219,1.13,1.10
2014.08.21 15:27:52.876,1.72178,1.72189,1.38,1.00
2014.08.21 15:27:52.978,1.72175,1.72188,1.85,1.08
2014.08.21 15:27:53.488,1.72175,1.72188,1.38,3.00
2014.08.21 15:27:53.971,1.72174,1.72187,1.13,1.09
2014.08.21 15:27:54.796,1.72176,1.72189,1.38,3.53
2014.08.21 15:27:54.948,1.72178,1.7219,1.38,1.69
2014.08.21 15:27:55.934,1.72178,1.7219,1.38,1.25
2014.08.21 15:27:56.857,1.72178,1.7219,1.00,1.25
2014.08.21 15:27:57.364,1.72176,1.72189,1.38,1.10
2014.08.21 15:27:57.947,1.72176,1.72189,1.38,1.29
2014.08.21 15:27:58.402,1.72176,1.72189,1.88,1.29
2014.08.21 15:27:58.503,1.72178,1.7219,1.00,1.10
2014.08.21 15:28:00.069,1.72179,1.7219,1.00,1.00
2014.08.21 15:28:00.120,1.72179,1.72194,1.88,1.50
2014.08.21 15:28:00.171,1.72183,1.72194,1.00,1.00
2014.08.21 15:28:00.374,1.72186,1.72199,1.25,1.10
2014.08.21 15:28:00.577,1.72192,1.72201,1.00,1.65
2014.08.21 15:28:00.679,1.7219,1.72201,1.00,1.00
2014.08.21 15:28:00.780,1.72193,1.72204,1.00,1.00
2014.08.21 15:28:00.882,1.72196,1.72208,1.00,1.77
2014.08.21 15:28:01.133,1.72198,1.72211,1.00,4.69
2014.08.21 15:28:01.235,1.722,1.72213,1.20,1.00
2014.08.21 15:28:01.286,1.72203,1.72213,1.00,1.00
2014.08.21 15:28:01.387,1.722,1.72212,1.10,1.00
2014.08.21 15:28:01.911,1.72199,1.72212,1.00,1.00
2014.08.21 15:28:03.721,1.72199,1.72212,1.38,1.00
2014.08.21 15:28:04.867,1.72203,1.72212,1.00,1.00
2014.08.21 15:28:04.918,1.72203,1.72214,1.00,1.77
2014.08.21 15:28:05.425,1.72202,1.72214,1.13,1.58
2014.08.21 15:28:05.965,1.72203,1.72214,1.00,1.58
2014.08.21 15:28:06.488,1.72201,1.72214,1.38,1.58
2014.08.21 15:28:08.078,1.72203,1.72214,1.00,1.58
2014.08.21 15:28:08.613,1.72203,1.72214,1.38,1.58
2014.08.21 15:28:09.490,1.72208,1.72214,1.38,1.58
2014.08.21 15:28:09.593,1.72208,1.7222,2.07,1.50
2014.08.21 15:28:09.644,1.72213,1.7222,1.50,1.00
2014.08.21 15:28:09.695,1.72213,1.72224,1.58,1.00
2014.08.21 15:28:09.746,1.72213,1.72224,2.33,1.00
2014.08.21 15:28:09.797,1.72213,1.72226,2.33,1.00
2014.08.21 15:28:10.064,1.72217,1.72229,1.00,1.58
2014.08.21 15:28:10.571,1.72216,1.72229,1.00,1.58
2014.08.21 15:28:11.127,1.72214,1.72229,1.38,1.77
2014.08.21 15:28:12.231,1.72213,1.72228,2.14,1.00
2014.08.21 15:28:12.282,1.72217,1.72228,1.00,1.00
2014.08.21 15:28:12.917,1.72213,1.72228,1.95,1.00
2014.08.21 15:28:13.428,1.72213,1.72226,1.95,1.00
2014.08.21 15:28:14.568,1.72213,1.72226,1.58,1.00
2014.08.21 15:28:17.127,1.72213,1.72224,1.10,1.00
2014.08.21 15:28:17.431,1.72211,1.72224,1.69,1.00
2014.08.21 15:28:17.735,1.72213,1.72224,1.00,1.25
2014.08.21 15:28:18.048,1.72213,1.72222,1.00,1.00
2014.08.21 15:28:18.099,1.72209,1.72222,1.13,1.00
2014.08.21 15:28:18.403,1.72213,1.72222,1.00,1.00
2014.08.21 15:28:18.519,1.72209,1.72222,1.13,1.00
2014.08.21 15:28:19.412,1.72213,1.72222,1.00,1.00
2014.08.21 15:28:20.815,1.72209,1.72222,1.13,1.00
2014.08.21 15:28:22.153,1.72212,1.72222,1.00,1.00
2014.08.21 15:28:24.884,1.72209,1.72222,1.00,1.00
2014.08.21 15:28:25.137,1.72208,1.7222,1.88,2.25
2014.08.21 15:28:25.627,1.72208,1.72222,1.13,3.75
2014.08.21 15:28:27.082,1.72208,1.72222,1.13,1.65
2014.08.21 15:28:27.285,1.7221,1.72222,1.13,1.18
2014.08.21 15:28:27.437,1.72212,1.72224,1.13,1.20
2014.08.21 15:28:27.589,1.72212,1.72225,1.38,1.15
2014.08.21 15:28:27.892,1.72212,1.72226,1.88,2.44
2014.08.21 15:28:28.384,1.72215,1.72227,1.38,1.27
2014.08.21 15:28:30.692,1.72215,1.72226,1.38,2.18
2014.08.21 15:28:31.199,1.72215,1.72226,1.13,2.25
2014.08.21 15:28:34.264,1.72212,1.72226,1.38,2.25
2014.08.21 15:28:34.771,1.72212,1.72225,1.38,2.25
2014.08.21 15:28:37.512,1.72212,1.72225,1.13,2.25
2014.08.21 15:28:38.202,1.72209,1.72221,1.38,1.13
2014.08.21 15:28:38.507,1.72205,1.72215,1.00,2.25
2014.08.21 15:28:38.718,1.72204,1.72217,1.50,2.63
2014.08.21 15:28:38.971,1.72207,1.72218,1.00,3.00
2014.08.21 15:28:39.073,1.72205,1.72218,1.88,3.75
2014.08.21 15:28:39.275,1.72206,1.72218,1.00,1.10
2014.08.21 15:28:39.377,1.72206,1.72214,1.00,1.00
2014.08.21 15:28:39.630,1.72203,1.72216,2.07,1.15
2014.08.21 15:28:39.833,1.72206,1.72216,1.00,1.10
2014.08.21 15:28:40.352,1.72206,1.72217,1.00,1.13
2014.08.21 15:28:40.662,1.72204,1.72216,1.00,1.53
2014.08.21 15:28:41.378,1.72202,1.72215,1.38,1.65
2014.08.21 15:28:41.693,1.72202,1.72214,1.50,1.38
2014.08.21 15:28:41.845,1.72199,1.72211,1.13,1.08
2014.08.21 15:28:42.351,1.72198,1.72211,1.00,3.38
2014.08.21 15:28:44.440,1.72198,1.72209,1.00,2.25
2014.08.21 15:28:44.896,1.72196,1.72206,1.00,1.88
2014.08.21 15:28:45.048,1.72196,1.72203,1.00,1.00
2014.08.21 15:28:45.250,1.72193,1.72205,1.13,1.15
2014.08.21 15:28:46.580,1.72193,1.72205,1.50,1.10
2014.08.21 15:28:47.101,1.72193,1.72204,1.50,1.00
2014.08.21 15:28:47.825,1.72193,1.72202,1.50,1.00
2014.08.21 15:28:50.326,1.72193,1.72203,1.50,1.00
2014.08.21 15:28:53.339,1.72196,1.72203,1.00,1.00
2014.08.21 15:28:53.440,1.72196,1.72206,1.00,1.88
2014.08.21 15:28:53.542,1.72194,1.72206,1.50,1.13
2014.08.21 15:28:55.173,1.72194,1.72204,1.50,1.00
2014.08.21 15:28:57.024,1.72192,1.72204,1.58,1.00
2014.08.21 15:28:59.935,1.72192,1.72202,1.50,1.00
2014.08.21 15:29:00.440,1.72192,1.72203,1.88,1.00
2014.08.21 15:29:01.997,1.72192,1.72202,1.88,1.00
2014.08.21 15:29:03.326,1.7219,1.72202,3.19,1.00
2014.08.21 15:29:03.901,1.7219,1.72202,3.00,1.00
2014.08.21 15:29:05.420,1.7219,1.72202,2.63,1.00
2014.08.21 15:29:08.159,1.7219,1.72203,2.63,1.00
2014.08.21 15:29:08.664,1.72191,1.72203,3.08,1.00
2014.08.21 15:29:09.554,1.72191,1.72203,3.08,1.00
2014.08.21 15:29:10.683,1.72191,1.72202,3.27,1.00
2014.08.21 15:29:12.368,1.72194,1.72202,1.00,1.00
2014.08.21 15:29:12.895,1.72192,1.72206,3.00,1.88
2014.08.21 15:29:12.996,1.72192,1.72206,2.25,1.88
2014.08.21 15:29:13.098,1.72193,1.72206,1.13,1.88
2014.08.21 15:29:13.250,1.72194,1.72207,1.75,1.95
2014.08.21 15:29:13.453,1.72194,1.72206,1.00,1.05
2014.08.21 15:29:13.986,1.72192,1.72198,1.00,1.00
2014.08.21 15:29:14.507,1.7219,1.72197,2.14,1.00
2014.08.21 15:29:17.634,1.7219,1.72199,1.20,1.00
2014.08.21 15:29:18.165,1.7219,1.722,1.20,1.00
2014.08.21 15:29:19.479,1.7219,1.72202,1.13,1.00
2014.08.21 15:29:19.682,1.72191,1.72204,1.13,1.02
2014.08.21 15:29:22.145,1.72191,1.72201,1.88,1.00
2014.08.21 15:29:22.247,1.72191,1.72204,1.88,1.00
2014.08.21 15:29:22.855,1.72191,1.72204,1.88,1.00
2014.08.21 15:29:23.122,1.72191,1.72206,1.88,1.13
2014.08.21 15:29:24.875,1.72191,1.72203,1.88,1.00
2014.08.21 15:29:25.078,1.72191,1.72206,1.88,1.88
2014.08.21 15:29:25.625,1.72191,1.72203,1.88,1.00
2014.08.21 15:29:26.390,1.72192,1.72205,1.88,1.00
2014.08.21 15:29:27.038,1.72192,1.72207,1.88,2.89
2014.08.21 15:29:28.546,1.72192,1.72207,2.25,2.07
2014.08.21 15:29:29.347,1.72192,1.72207,1.50,2.07
2014.08.21 15:29:30.253,1.72193,1.72207,1.13,2.07
2014.08.21 15:29:31.319,1.72193,1.72207,1.00,2.25
2014.08.21 15:29:35.309,1.72193,1.72205,1.10,1.75
2014.08.21 15:29:35.513,1.72191,1.72204,1.25,1.95
2014.08.21 15:29:35.665,1.72191,1.72204,1.50,1.10
2014.08.21 15:29:35.971,1.72191,1.72204,1.00,1.38
2014.08.21 15:29:36.072,1.72191,1.72204,1.50,1.13
2014.08.21 15:29:38.587,1.72192,1.72204,1.00,1.00
2014.08.21 15:29:38.738,1.72193,1.72208,1.13,2.07
2014.08.21 15:29:39.535,1.72192,1.72207,1.00,1.38
2014.08.21 15:29:39.636,1.72192,1.72207,1.88,1.13
2014.08.21 15:29:39.939,1.72195,1.72208,1.18,1.38
2014.08.21 15:29:40.446,1.72195,1.72208,2.03,1.00
2014.08.21 15:29:40.979,1.72197,1.72208,1.00,1.00
2014.08.21 15:29:42.466,1.72198,1.7221,1.50,1.63
2014.08.21 15:29:42.567,1.72199,1.72214,2.03,1.57
2014.08.21 15:29:42.668,1.72202,1.72215,1.00,1.10
2014.08.21 15:29:43.022,1.72204,1.72215,1.10,1.00
2014.08.21 15:29:43.630,1.72204,1.72216,1.10,1.13
2014.08.21 15:29:43.943,1.72204,1.72217,4.13,1.00
2014.08.21 15:29:44.456,1.72204,1.7222,3.38,2.82
2014.08.21 15:29:44.815,1.72204,1.7222,1.20,2.89
2014.08.21 15:29:45.068,1.72206,1.7222,1.00,1.77
2014.08.21 15:29:45.119,1.72206,1.7222,1.00,1.10
2014.08.21 15:29:45.221,1.72208,1.72222,1.25,1.00
2014.08.21 15:29:45.525,1.72211,1.72224,1.00,1.00
2014.08.21 15:29:48.405,1.72212,1.72227,1.50,1.88
2014.08.21 15:29:49.210,1.72212,1.72227,1.88,1.88
2014.08.21 15:29:51.292,1.72212,1.72227,1.50,1.88
2014.08.21 15:29:52.228,1.7221,1.72225,3.45,1.88
2014.08.21 15:29:54.599,1.7221,1.72222,2.63,1.10
2014.08.21 15:29:55.106,1.72209,1.72221,1.20,1.00
2014.08.21 15:29:57.246,1.72209,1.72224,2.33,1.95
2014.08.21 15:29:57.613,1.72209,1.7222,1.20,1.00
2014.08.21 15:29:57.918,1.72205,1.72216,2.25,1.88
2014.08.21 15:29:58.070,1.72202,1.72216,1.39,1.88
2014.08.21 15:29:58.121,1.72202,1.72216,1.20,1.88
2014.08.21 15:29:58.657,1.72202,1.72216,1.00,1.88
2014.08.21 15:29:59.166,1.72201,1.72216,1.50,1.88
2014.08.21 15:30:00.118,1.72204,1.72216,1.00,1.38
2014.08.21 15:30:00.170,1.72204,1.72217,1.50,1.09
2014.08.21 15:30:00.677,1.72203,1.72216,1.20,1.38
2014.08.21 15:30:03.208,1.72203,1.72216,1.13,1.13
2014.08.21 15:30:05.861,1.72203,1.72216,1.88,1.00
2014.08.21 15:30:05.964,1.72207,1.7222,1.00,4.24
2014.08.21 15:30:06.318,1.72208,1.7222,1.00,1.25
2014.08.21 15:30:06.824,1.72209,1.72222,1.00,2.14
2014.08.21 15:30:09.313,1.72209,1.72222,1.50,2.40
2014.08.21 15:30:09.858,1.72209,1.72222,1.50,2.33
2014.08.21 15:30:10.837,1.72208,1.7222,1.32,1.00
2014.08.21 15:30:12.604,1.72207,1.7222,1.10,1.13
2014.08.21 15:30:13.932,1.72207,1.7222,1.00,2.03
2014.08.21 15:30:16.139,1.72207,1.72217,1.00,1.10
2014.08.21 15:30:16.190,1.72204,1.72217,1.00,1.10
2014.08.21 15:30:16.748,1.72202,1.72217,2.07,3.08
2014.08.21 15:30:18.571,1.72202,1.72217,1.63,4.05
2014.08.21 15:30:18.875,1.72199,1.72213,1.32,1.20
2014.08.21 15:30:19.798,1.72198,1.72213,1.57,2.78
2014.08.21 15:30:19.849,1.72198,1.72213,1.57,4.88
2014.08.21 15:30:19.899,1.72198,1.72212,1.00,1.53
2014.08.21 15:30:20.407,1.72197,1.7221,1.25,4.05
2014.08.21 15:30:20.934,1.72198,1.7221,1.69,2.25
2014.08.21 15:30:22.982,1.72199,1.7221,1.13,2.18
2014.08.21 15:30:23.084,1.72199,1.72212,1.13,2.70
2014.08.21 15:30:24.514,1.72199,1.7221,1.13,1.00
2014.08.21 15:30:25.371,1.72199,1.72211,1.13,1.10
2014.08.21 15:30:25.922,1.72199,1.72211,1.38,1.10
2014.08.21 15:30:28.051,1.72199,1.72211,1.38,1.15
2014.08.21 15:30:29.140,1.72199,1.7221,1.00,1.20
2014.08.21 15:30:30.013,1.72199,1.72211,1.38,1.28
2014.08.21 15:30:32.046,1.72199,1.72211,1.88,1.15
2014.08.21 15:30:32.526,1.72202,1.72212,1.00,1.00
2014.08.21 15:30:32.881,1.72202,1.72208,1.00,1.00
2014.08.21 15:30:33.090,1.72202,1.72211,1.00,1.00
2014.08.21 15:30:33.242,1.722,1.72211,1.00,1.00
2014.08.21 15:30:33.344,1.72198,1.7221,1.32,1.00
2014.08.21 15:30:33.511,1.72198,1.72208,1.32,1.00
2014.08.21 15:30:34.068,1.72198,1.72206,1.00,1.00
2014.08.21 15:30:34.708,1.72194,1.72206,2.07,1.38
2014.08.21 15:30:34.961,1.72192,1.72202,2.82,1.00
2014.08.21 15:30:35.113,1.72189,1.72202,1.32,1.00
2014.08.21 15:30:35.214,1.72188,1.72202,1.50,1.88
2014.08.21 15:30:35.417,1.72191,1.72202,1.50,1.13
2014.08.21 15:30:35.973,1.72191,1.72204,1.50,1.00
2014.08.21 15:30:36.823,1.72191,1.72202,1.88,1.00
2014.08.21 15:30:37.335,1.72191,1.72202,1.88,1.00
2014.08.21 15:30:38.249,1.72191,1.72202,1.50,1.00
2014.08.21 15:30:38.752,1.72191,1.72202,1.69,1.00
2014.08.21 15:30:39.363,1.72191,1.72202,1.69,1.00
2014.08.21 15:30:39.465,1.72191,1.72204,1.69,1.00
2014.08.21 15:30:39.617,1.72194,1.72205,1.00,1.13
2014.08.21 15:30:39.922,1.72195,1.72208,1.00,1.39
2014.08.21 15:30:40.856,1.72196,1.72207,1.00,1.13
2014.08.21 15:30:41.395,1.72196,1.72208,1.00,1.13
2014.08.21 15:30:44.564,1.72194,1.72208,1.88,1.88
2014.08.21 15:30:45.082,1.72194,1.72206,1.88,1.00
2014.08.21 15:30:51.057,1.722,1.72206,1.00,1.00
2014.08.21 15:30:51.108,1.722,1.72211,1.00,3.30
2014.08.21 15:30:51.159,1.722,1.72212,1.00,1.95
2014.08.21 15:30:51.311,1.722,1.72213,1.00,1.39
2014.08.21 15:30:51.817,1.722,1.72213,1.18,1.00
2014.08.21 15:30:52.322,1.72201,1.72214,1.10,1.00
2014.08.21 15:30:52.727,1.72201,1.72216,1.10,1.20
2014.08.21 15:30:54.956,1.72201,1.72216,1.08,1.13
2014.08.21 15:30:57.202,1.72201,1.72216,3.00,1.13
2014.08.21 15:30:57.722,1.72202,1.72216,2.63,1.38
2014.08.21 15:30:59.328,1.72203,1.72216,1.20,1.38
2014.08.21 15:31:04.127,1.72203,1.72216,1.02,1.00
2014.08.21 15:31:07.082,1.72204,1.72217,1.00,3.00
2014.08.21 15:31:07.284,1.72204,1.72218,1.38,1.10
2014.08.21 15:31:07.588,1.7221,1.72223,1.19,1.38
2014.08.21 15:31:10.303,1.72213,1.72226,1.00,2.03
2014.08.21 15:31:10.405,1.72213,1.72226,3.75,1.00
2014.08.21 15:31:10.506,1.72217,1.72226,1.00,1.00
2014.08.21 15:31:10.557,1.72217,1.72228,1.00,1.13
2014.08.21 15:31:10.608,1.72215,1.72228,1.00,1.88
2014.08.21 15:31:10.810,1.72213,1.72226,1.00,1.13
2014.08.21 15:31:11.316,1.72212,1.72227,1.84,1.88
2014.08.21 15:31:13.330,1.72212,1.72227,1.77,1.50
2014.08.21 15:31:13.941,1.72212,1.72229,1.77,2.78
2014.08.21 15:31:14.352,1.72212,1.72229,1.77,2.78
2014.08.21 15:31:15.671,1.72212,1.72227,1.77,1.00
2014.08.21 15:31:15.978,1.72212,1.72225,2.52,1.00
2014.08.21 15:31:16.191,1.72212,1.72229,2.52,2.03
2014.08.21 15:31:16.242,1.72216,1.72229,1.00,1.18
2014.08.21 15:31:16.764,1.72216,1.72229,1.20,1.00
2014.08.21 15:31:17.711,1.72216,1.72229,1.25,1.20
2014.08.21 15:31:18.057,1.72214,1.72225,1.00,1.00
2014.08.21 15:31:18.582,1.72212,1.72225,1.19,1.20
2014.08.21 15:31:19.146,1.72212,1.72225,1.00,1.20
2014.08.21 15:31:19.753,1.72211,1.7222,1.00,1.00
2014.08.21 15:31:19.955,1.72209,1.7222,1.00,1.13
2014.08.21 15:31:21.892,1.72208,1.7222,1.69,1.00
2014.08.21 15:31:22.462,1.72208,1.72221,2.07,1.13
2014.08.21 15:31:23.124,1.72208,1.72221,3.87,1.00
2014.08.21 15:31:23.175,1.7221,1.72223,1.10,1.00
2014.08.21 15:31:23.680,1.72213,1.72225,1.88,1.00
2014.08.21 15:31:23.782,1.72213,1.72228,1.95,2.63
2014.08.21 15:31:23.884,1.72213,1.72228,4.99,2.63
2014.08.21 15:31:27.777,1.72213,1.72228,3.94,2.25
2014.08.21 15:31:28.335,1.72213,1.72228,4.32,2.25
2014.08.21 15:31:28.840,1.72215,1.7223,3.75,1.88
2014.08.21 15:31:41.160,1.72215,1.72229,3.19,1.38
2014.08.21 15:31:41.413,1.72215,1.72229,1.00,1.84
2014.08.21 15:31:43.398,1.72216,1.72229,1.00,2.22
2014.08.21 15:31:43.904,1.72217,1.72229,1.00,1.63
2014.08.21 15:31:44.056,1.72217,1.72229,1.00,2.07
2014.08.21 15:31:44.631,1.72216,1.72229,1.00,1.63
2014.08.21 15:31:44.996,1.72214,1.72226,1.00,1.13
2014.08.21 15:31:45.047,1.72214,1.72225,1.00,1.38
2014.08.21 15:31:45.097,1.72211,1.72225,2.44,1.38
2014.08.21 15:31:45.148,1.72211,1.72226,2.82,1.13
2014.08.21 15:31:45.199,1.72214,1.72226,1.10,1.13
2014.08.21 15:31:45.713,1.72214,1.72227,1.18,1.13
2014.08.21 15:31:46.223,1.72214,1.72227,1.10,1.13
2014.08.21 15:31:48.238,1.72214,1.72226,1.10,1.00
2014.08.21 15:31:50.085,1.72214,1.72227,1.10,1.13
2014.08.21 15:32:00.218,1.72214,1.72228,1.00,1.67
2014.08.21 15:32:00.853,1.72214,1.72227,1.00,1.38
2014.08.21 15:32:00.904,1.72212,1.72228,2.44,3.38
2014.08.21 15:32:01.158,1.72215,1.72225,1.00,1.38
2014.08.21 15:32:01.259,1.72212,1.72227,1.00,1.74
2014.08.21 15:32:01.411,1.72216,1.72228,1.00,4.32
2014.08.21 15:32:01.614,1.72214,1.72228,1.00,1.38
2014.08.21 15:32:02.120,1.72213,1.72228,1.00,1.88
2014.08.21 15:32:08.507,1.72214,1.72229,1.00,6.23
2014.08.21 15:32:11.390,1.72214,1.72229,1.00,6.42
2014.08.21 15:32:11.767,1.72216,1.72228,1.00,1.48
2014.08.21 15:32:11.869,1.72217,1.7223,1.00,3.38
2014.08.21 15:32:12.173,1.72219,1.72231,1.00,2.63
2014.08.21 15:32:12.686,1.72219,1.72232,1.00,1.47
2014.08.21 15:32:14.207,1.72219,1.72232,1.00,1.55
2014.08.21 15:32:19.346,1.72218,1.72229,1.00,1.13
2014.08.21 15:32:19.852,1.72219,1.72231,1.00,1.48
2014.08.21 15:32:22.276,1.72216,1.72231,1.32,1.95
2014.08.21 15:32:22.782,1.72216,1.72231,2.07,1.55
2014.08.21 15:32:23.651,1.72217,1.7223,1.00,1.20
2014.08.21 15:32:27.985,1.72217,1.72229,1.00,1.00
2014.08.21 15:32:29.961,1.72216,1.72229,1.00,1.00
2014.08.21 15:32:32.098,1.72215,1.72227,1.00,1.00
2014.08.21 15:32:36.901,1.72213,1.72224,1.19,1.00
2014.08.21 15:32:37.155,1.72211,1.72223,1.00,1.20
2014.08.21 15:32:37.509,1.72209,1.72221,1.00,1.95
2014.08.21 15:32:39.195,1.72208,1.7222,1.13,1.18
2014.08.21 15:32:40.112,1.72207,1.72218,1.25,1.00
2014.08.21 15:32:55.631,1.72205,1.72218,1.58,1.00
2014.08.21 15:33:01.242,1.72206,1.72218,1.00,1.50
2014.08.21 15:33:02.710,1.72206,1.72218,1.00,1.88
2014.08.21 15:33:02.761,1.72204,1.72218,1.00,1.38
2014.08.21 15:33:03.292,1.72205,1.72218,1.00,1.38
2014.08.21 15:33:06.626,1.72206,1.72217,1.00,1.13
2014.08.21 15:33:07.130,1.72207,1.72217,1.00,1.13
2014.08.21 15:33:10.205,1.72207,1.72219,1.50,1.88
2014.08.21 15:33:10.613,1.72207,1.72217,1.50,1.00
2014.08.21 15:33:11.122,1.72207,1.72218,1.50,1.13
2014.08.21 15:33:11.680,1.72207,1.72217,1.00,1.00
2014.08.21 15:33:13.000,1.72207,1.72218,1.00,1.00
2014.08.21 15:33:13.506,1.72207,1.72217,1.50,1.00
2014.08.21 15:33:13.810,1.72207,1.72219,1.50,1.13
2014.08.21 15:33:14.314,1.72208,1.7222,1.69,1.88
2014.08.21 15:33:21.504,1.7221,1.72221,1.00,1.88
2014.08.21 15:33:21.809,1.72208,1.7222,1.50,1.13
2014.08.21 15:33:23.003,1.72209,1.7222,1.00,1.13
2014.08.21 15:33:24.168,1.72209,1.7222,1.00,1.38
2014.08.21 15:33:24.758,1.72209,1.7222,1.00,1.00
2014.08.21 15:33:27.649,1.72209,1.72221,1.00,1.88
2014.08.21 15:33:28.003,1.7221,1.72224,1.10,1.00
2014.08.21 15:33:28.257,1.72214,1.72224,1.00,1.00
2014.08.21 15:33:28.762,1.72214,1.72225,1.00,1.58
2014.08.21 15:33:29.066,1.72214,1.72221,1.00,1.20
2014.08.21 15:33:29.269,1.72208,1.72222,1.69,2.63
2014.08.21 15:33:30.531,1.72208,1.72221,1.69,1.18
2014.08.21 15:33:32.441,1.72208,1.72221,1.69,1.00
2014.08.21 15:33:33.921,1.72208,1.72221,1.88,1.08
2014.08.21 15:33:38.115,1.7221,1.72221,1.00,1.08
2014.08.21 15:33:38.419,1.72212,1.72224,1.00,2.33
2014.08.21 15:33:38.722,1.72214,1.72224,1.00,1.10
2014.08.21 15:33:41.392,1.72214,1.72223,1.00,1.00
2014.08.21 15:33:41.494,1.72212,1.72223,1.50,1.00
2014.08.21 15:33:42.303,1.72212,1.72224,1.50,1.00
2014.08.21 15:33:42.815,1.72212,1.72224,2.25,1.08
2014.08.21 15:33:44.012,1.72212,1.72226,2.25,1.28
2014.08.21 15:33:44.520,1.72212,1.72226,1.69,1.28
2014.08.21 15:33:45.383,1.72212,1.72226,1.69,1.28
2014.08.21 15:33:47.686,1.72212,1.72226,2.25,1.28
2014.08.21 15:33:47.788,1.72212,1.72226,2.25,1.48
2014.08.21 15:33:51.179,1.72213,1.72227,1.00,2.03
2014.08.21 15:33:51.700,1.72212,1.72225,1.69,1.38
2014.08.21 15:33:55.838,1.72212,1.72222,1.00,1.00
2014.08.21 15:33:56.351,1.72212,1.72225,1.00,1.95
2014.08.21 15:33:56.654,1.72213,1.72225,1.69,1.10
2014.08.21 15:33:57.514,1.72213,1.72225,1.00,1.10
2014.08.21 15:34:03.815,1.7221,1.72222,1.13,1.00
2014.08.21 15:34:04.119,1.72202,1.72216,2.25,1.13
2014.08.21 15:34:04.171,1.72203,1.72214,1.00,1.50
2014.08.21 15:34:04.425,1.72205,1.72214,1.00,1.50
2014.08.21 15:34:04.628,1.72207,1.72219,1.00,1.25
2014.08.21 15:34:05.164,1.72207,1.72218,1.00,1.19
2014.08.21 15:34:07.650,1.72207,1.72217,1.00,1.19
2014.08.21 15:34:08.744,1.72207,1.72217,1.00,1.19
2014.08.21 15:34:09.774,1.72207,1.72217,1.00,1.19
2014.08.21 15:34:11.754,1.72207,1.72216,1.00,1.19
2014.08.21 15:34:12.344,1.72205,1.72216,1.00,1.19
2014.08.21 15:34:12.446,1.72203,1.72213,1.00,1.19
2014.08.21 15:34:12.548,1.72201,1.72213,1.88,1.77
2014.08.21 15:34:13.004,1.72201,1.72212,1.00,2.82
2014.08.21 15:34:13.865,1.72201,1.72212,1.00,1.84
2014.08.21 15:34:15.263,1.72198,1.72212,1.50,2.59
2014.08.21 15:34:17.053,1.72198,1.72211,2.63,1.02
2014.08.21 15:34:17.707,1.72198,1.72211,2.25,1.02
2014.08.21 15:34:18.760,1.72198,1.72211,2.25,1.29
2014.08.21 15:34:20.796,1.72198,1.72212,1.88,1.84
2014.08.21 15:34:24.773,1.72198,1.72211,1.88,2.44
2014.08.21 15:34:31.511,1.72201,1.72211,1.38,1.13
2014.08.21 15:34:31.663,1.72202,1.72215,1.58,1.69
2014.08.21 15:34:33.411,1.72203,1.72217,2.25,1.25
2014.08.21 15:34:33.524,1.72205,1.72219,1.10,1.57
2014.08.21 15:34:33.727,1.72205,1.7222,1.10,2.07
2014.08.21 15:34:36.899,1.72205,1.7222,1.58,2.07
2014.08.21 15:34:37.716,1.72205,1.7222,3.68,1.13
2014.08.21 15:34:38.851,1.72205,1.7222,3.75,1.32
2014.08.21 15:34:39.344,1.72208,1.72221,1.45,1.88
2014.08.21 15:34:39.548,1.72205,1.72218,1.10,1.69
2014.08.21 15:34:39.599,1.72208,1.72214,1.00,1.00
2014.08.21 15:34:39.701,1.72205,1.72214,1.00,1.00
2014.08.21 15:34:39.752,1.72201,1.72214,1.00,1.00
2014.08.21 15:34:40.561,1.72201,1.72214,1.38,1.10
2014.08.21 15:34:41.476,1.72208,1.72214,1.00,1.10
2014.08.21 15:34:42.368,1.72202,1.72214,1.13,1.00
2014.08.21 15:34:43.470,1.72203,1.72214,1.00,1.00
2014.08.21 15:34:44.002,1.72201,1.72214,1.38,1.00
2014.08.21 15:34:44.976,1.72201,1.72214,1.38,1.00
2014.08.21 15:34:45.482,1.72202,1.72214,1.38,1.00
2014.08.21 15:34:47.511,1.72202,1.72214,1.48,1.00
2014.08.21 15:34:47.612,1.72203,1.72218,1.95,1.19
2014.08.21 15:34:47.663,1.72205,1.72219,1.38,1.19
2014.08.21 15:34:48.175,1.72205,1.72219,1.88,1.00
2014.08.21 15:34:48.717,1.72205,1.72217,2.07,1.00
2014.08.21 15:34:49.225,1.72205,1.72217,2.07,1.00
2014.08.21 15:34:50.572,1.72202,1.72212,1.00,1.00
2014.08.21 15:34:50.926,1.72201,1.72208,1.13,1.00
2014.08.21 15:34:51.028,1.72198,1.72208,1.38,1.00
2014.08.21 15:34:51.892,1.72198,1.72208,1.13,1.00
2014.08.21 15:34:52.777,1.72198,1.72212,1.38,1.00
2014.08.21 15:34:52.879,1.72201,1.72212,1.63,1.00
2014.08.21 15:34:53.183,1.72205,1.72214,1.00,1.00
2014.08.21 15:34:54.887,1.72205,1.72216,1.00,1.00
2014.08.21 15:34:55.345,1.72205,1.72214,1.13,1.00
2014.08.21 15:34:55.417,1.72205,1.72218,1.13,1.00
2014.08.21 15:34:55.469,1.72205,1.72218,1.48,1.00
2014.08.21 15:34:55.773,1.72207,1.7222,1.13,2.44
2014.08.21 15:34:56.281,1.72208,1.7222,1.00,1.50
2014.08.21 15:34:56.842,1.72207,1.7222,1.13,1.50
2014.08.21 15:34:57.350,1.72207,1.7222,1.32,1.88
2014.08.21 15:34:57.975,1.72207,1.7222,1.13,1.88
2014.08.21 15:34:58.478,1.72208,1.7222,1.00,1.88
2014.08.21 15:34:59.067,1.72207,1.7222,1.88,1.88
2014.08.21 15:35:01.182,1.72213,1.72222,1.00,1.00
2014.08.21 15:35:01.334,1.72213,1.72225,1.20,1.00
2014.08.21 15:35:01.385,1.72213,1.72223,1.95,1.00
2014.08.21 15:35:01.487,1.72214,1.72228,1.00,1.58
2014.08.21 15:35:01.790,1.72214,1.72224,1.48,1.00
2014.08.21 15:35:01.893,1.72213,1.72224,1.50,1.00
2014.08.21 15:35:05.710,1.72215,1.72224,1.00,1.00
2014.08.21 15:35:05.862,1.72215,1.72227,1.00,1.00
2014.08.21 15:35:05.913,1.72217,1.72227,1.00,1.00
2014.08.21 15:35:06.014,1.72217,1.7223,1.48,1.50
2014.08.21 15:35:06.115,1.72217,1.72228,1.13,1.00
2014.08.21 15:35:06.419,1.72217,1.7223,1.10,1.00
2014.08.21 15:35:06.778,1.72217,1.72228,1.00,1.00
2014.08.21 15:35:06.828,1.72215,1.72228,2.07,1.88
2014.08.21 15:35:07.334,1.72215,1.72226,1.13,1.00
2014.08.21 15:35:07.658,1.72215,1.72222,1.13,1.00
2014.08.21 15:35:07.709,1.72212,1.72222,2.22,1.00
2014.08.21 15:35:08.215,1.72212,1.72221,1.88,1.00
2014.08.21 15:35:08.620,1.72212,1.72219,1.88,1.00
2014.08.21 15:35:08.721,1.72212,1.72221,1.13,1.00
2014.08.21 15:35:09.349,1.72212,1.72221,1.50,1.00
2014.08.21 15:35:10.259,1.72212,1.72222,1.50,1.00
2014.08.21 15:35:10.949,1.72212,1.72225,1.50,1.50
2014.08.21 15:35:11.253,1.72214,1.72227,1.38,3.00
2014.08.21 15:35:11.405,1.72214,1.72223,1.38,1.00
2014.08.21 15:35:11.722,1.72214,1.72226,1.38,1.00
2014.08.21 15:35:12.333,1.72214,1.72226,1.13,1.00
2014.08.21 15:35:12.638,1.72218,1.72226,1.00,1.00
2014.08.21 15:35:12.942,1.72217,1.72231,1.50,1.38
2014.08.21 15:35:13.145,1.72216,1.72228,1.00,1.00
2014.08.21 15:35:13.803,1.72216,1.72227,1.00,1.00
2014.08.21 15:35:18.108,1.72217,1.72227,1.00,1.00
2014.08.21 15:35:18.260,1.72217,1.72229,1.00,1.00
2014.08.21 15:35:19.122,1.72215,1.72229,1.50,1.50
2014.08.21 15:35:19.629,1.72215,1.72229,1.50,2.03
2014.08.21 15:35:24.186,1.72215,1.72229,2.07,1.58
2014.08.21 15:35:26.117,1.72218,1.72229,1.00,1.58
2014.08.21 15:35:31.238,1.72215,1.72229,1.38,1.58
2014.08.21 15:35:38.921,1.72215,1.72229,1.32,1.58
2014.08.21 15:35:48.268,1.72216,1.72229,1.00,2.70
2014.08.21 15:35:48.370,1.72215,1.72226,1.00,1.00
2014.08.21 15:35:48.623,1.72211,1.72223,1.00,1.00
2014.08.21 15:35:48.673,1.7221,1.72219,1.00,1.00
2014.08.21 15:35:48.724,1.72208,1.72219,1.69,1.00
2014.08.21 15:35:49.180,1.72206,1.72218,1.50,1.00
2014.08.21 15:35:49.692,1.72206,1.72219,1.50,1.00
2014.08.21 15:35:50.218,1.72206,1.72219,1.50,1.38
2014.08.21 15:35:51.028,1.72206,1.72219,1.50,1.00
2014.08.21 15:35:51.180,1.72209,1.72221,1.00,2.97
2014.08.21 15:35:51.708,1.72209,1.72221,1.00,1.00
2014.08.21 15:35:52.214,1.72211,1.72222,1.00,1.00
2014.08.21 15:35:57.019,1.72211,1.72224,1.13,1.50
2014.08.21 15:35:57.171,1.72211,1.72224,3.38,1.50
2014.08.21 15:35:57.722,1.72211,1.72224,1.32,1.50
2014.08.21 15:35:58.231,1.72211,1.72224,1.13,2.25
2014.08.21 15:36:00.882,1.72211,1.72224,1.00,1.95
2014.08.21 15:36:01.987,1.72211,1.72224,1.00,1.95
2014.08.21 15:36:02.139,1.72209,1.72223,1.88,1.20
2014.08.21 15:36:02.646,1.7221,1.72222,1.25,1.00
2014.08.21 15:36:02.859,1.7221,1.72224,1.25,1.20
2014.08.21 15:36:03.823,1.72212,1.72224,1.00,1.10
2014.08.21 15:36:04.279,1.72212,1.72226,1.00,1.20
2014.08.21 15:36:04.633,1.72215,1.72226,1.00,1.08
2014.08.21 15:36:04.735,1.72215,1.72228,1.00,1.50
2014.08.21 15:36:05.243,1.72214,1.72226,1.00,1.13
2014.08.21 15:36:05.395,1.72211,1.72226,1.65,1.38
2014.08.21 15:36:05.938,1.72211,1.72224,1.00,1.00
2014.08.21 15:36:06.452,1.72211,1.72226,1.33,1.38
2014.08.21 15:36:06.807,1.72211,1.72226,2.07,1.50
2014.08.21 15:36:06.960,1.72211,1.72223,1.13,1.00
2014.08.21 15:36:07.466,1.72211,1.72224,1.32,1.50
2014.08.21 15:36:08.174,1.72211,1.72224,1.25,1.65
2014.08.21 15:36:09.281,1.72211,1.72224,1.19,1.50
2014.08.21 15:36:09.962,1.72211,1.72224,1.19,1.58
2014.08.21 15:36:10.474,1.72211,1.72223,1.00,1.00
2014.08.21 15:36:11.003,1.72211,1.72224,1.00,1.10
2014.08.21 15:36:12.694,1.72212,1.72224,1.00,1.10
2014.08.21 15:36:13.272,1.72211,1.72224,1.25,1.10
2014.08.21 15:36:13.888,1.72212,1.72224,1.00,1.10
2014.08.21 15:36:15.284,1.72213,1.72225,1.00,1.10
2014.08.21 15:36:23.621,1.72213,1.72224,1.19,1.00
2014.08.21 15:36:23.723,1.72212,1.72227,1.19,1.10
2014.08.21 15:36:24.724,1.72212,1.72227,1.32,1.10
2014.08.21 15:36:25.504,1.72212,1.72227,1.19,1.28
2014.08.21 15:36:25.706,1.72213,1.72224,1.00,1.00
2014.08.21 15:36:26.212,1.72218,1.72224,1.00,1.00
2014.08.21 15:36:27.075,1.72212,1.72224,1.25,1.00
2014.08.21 15:36:27.601,1.72212,1.72227,2.44,4.50
2014.08.21 15:36:28.522,1.72213,1.72224,1.25,1.00
2014.08.21 15:36:29.029,1.72212,1.72224,1.13,1.00
2014.08.21 15:36:35.160,1.72211,1.72224,1.69,1.00
2014.08.21 15:36:35.665,1.72213,1.72224,1.00,1.00
2014.08.21 15:36:35.767,1.72211,1.72224,2.07,1.00
2014.08.21 15:36:36.471,1.72211,1.72224,2.07,1.00
2014.08.21 15:36:36.977,1.72211,1.72224,1.32,1.00
2014.08.21 15:36:38.061,1.72211,1.72224,1.19,1.00
2014.08.21 15:36:40.335,1.72211,1.72224,1.32,1.00
2014.08.21 15:36:41.379,1.72211,1.72224,1.19,1.13
2014.08.21 15:36:42.377,1.7221,1.72223,1.19,1.00
2014.08.21 15:36:43.737,1.72213,1.72225,1.00,1.38
2014.08.21 15:36:43.838,1.72213,1.72226,1.25,1.00
2014.08.21 15:36:43.940,1.72217,1.72227,1.00,1.10
2014.08.21 15:36:43.990,1.72217,1.7223,1.00,2.25
2014.08.21 15:36:44.976,1.72217,1.7223,1.19,1.00
2014.08.21 15:36:46.568,1.72219,1.72231,1.00,1.00
2014.08.21 15:36:46.669,1.72221,1.72231,1.00,1.00
2014.08.21 15:36:46.771,1.72221,1.72233,1.00,1.13
2014.08.21 15:36:46.923,1.72218,1.72233,1.69,2.03
2014.08.21 15:36:47.442,1.72219,1.72231,1.25,1.00
2014.08.21 15:36:47.952,1.7222,1.72233,1.00,3.00
2014.08.21 15:36:48.003,1.7222,1.72234,1.50,1.18
2014.08.21 15:36:49.079,1.7222,1.72235,1.69,3.75
2014.08.21 15:36:49.639,1.72222,1.72235,1.00,3.75
2014.08.21 15:36:50.096,1.7222,1.72235,1.69,4.13
2014.08.21 15:36:50.147,1.7222,1.72234,1.69,1.55
2014.08.21 15:36:50.653,1.72219,1.72232,1.19,3.38
2014.08.21 15:36:51.270,1.72218,1.72232,1.25,3.38
2014.08.21 15:36:51.835,1.72217,1.72232,2.07,1.18
2014.08.21 15:36:52.350,1.72217,1.72232,2.07,1.18
2014.08.21 15:36:52.705,1.72217,1.7223,1.13,1.13
2014.08.21 15:36:53.517,1.72218,1.72233,1.50,4.88
2014.08.21 15:36:54.538,1.72217,1.72231,1.32,1.48
2014.08.21 15:36:55.576,1.72217,1.7223,1.38,1.00
2014.08.21 15:36:56.094,1.72217,1.7223,1.00,1.13
2014.08.21 15:36:56.919,1.72217,1.7223,1.88,1.00
2014.08.21 15:36:59.315,1.72217,1.7223,2.07,1.00
2014.08.21 15:37:00.249,1.72218,1.7223,1.00,1.00
2014.08.21 15:37:00.300,1.72222,1.72232,1.13,1.10
2014.08.21 15:37:00.805,1.72219,1.72232,1.32,1.00
2014.08.21 15:37:00.957,1.7222,1.72235,2.07,2.70
2014.08.21 15:37:01.477,1.72223,1.72236,1.32,1.13
2014.08.21 15:37:02.134,1.72223,1.72236,1.25,1.38
2014.08.21 15:37:03.414,1.72223,1.72236,2.07,1.28
2014.08.21 15:37:04.591,1.72227,1.72236,1.00,1.28
2014.08.21 15:37:04.692,1.72223,1.72236,2.07,1.28
2014.08.21 15:37:05.113,1.72228,1.72236,1.00,1.28
2014.08.21 15:37:05.621,1.72228,1.72236,1.00,1.55
2014.08.21 15:37:05.877,1.72223,1.72236,1.25,1.55
2014.08.21 15:37:06.009,1.72228,1.72236,1.00,1.55
2014.08.21 15:37:06.981,1.72223,1.72236,1.50,1.55
2014.08.21 15:37:07.442,1.72227,1.72236,1.00,1.55
2014.08.21 15:37:07.544,1.72223,1.72236,1.50,1.55
2014.08.21 15:37:08.065,1.72223,1.72236,1.50,1.55
2014.08.21 15:37:08.568,1.72223,1.72236,1.77,1.38
2014.08.21 15:37:09.189,1.72223,1.72236,1.19,1.48
2014.08.21 15:37:09.240,1.72221,1.72235,1.20,1.88
2014.08.21 15:37:09.291,1.72221,1.72235,1.10,1.88
2014.08.21 15:37:09.393,1.72221,1.72234,1.00,1.13
2014.08.21 15:37:09.545,1.72219,1.72234,1.84,1.38
2014.08.21 15:37:10.284,1.7222,1.72233,1.00,1.50
2014.08.21 15:37:10.790,1.7222,1.72235,1.00,2.70
2014.08.21 15:37:11.164,1.72218,1.72233,2.44,1.50
2014.08.21 15:37:11.781,1.72218,1.72232,2.37,1.00
2014.08.21 15:37:12.288,1.72216,1.72231,2.44,1.88
2014.08.21 15:37:12.340,1.72216,1.72231,2.25,1.88
2014.08.21 15:37:13.137,1.72218,1.72231,1.00,1.88
2014.08.21 15:37:13.289,1.72216,1.72231,1.88,1.88
2014.08.21 15:37:14.057,1.72218,1.72231,1.00,1.88
2014.08.21 15:37:14.261,1.72216,1.72231,1.88,1.88
2014.08.21 15:37:15.080,1.72217,1.72231,1.08,1.88
2014.08.21 15:37:16.690,1.7222,1.72231,1.00,1.50
2014.08.21 15:37:17.044,1.72221,1.72234,1.00,1.84
2014.08.21 15:37:18.636,1.72223,1.72234,1.00,1.38
2014.08.21 15:37:19.220,1.72221,1.72234,1.00,1.38
2014.08.21 15:37:20.968,1.72221,1.72234,1.13,1.13
2014.08.21 15:37:21.494,1.72222,1.72234,1.00,1.13
2014.08.21 15:37:21.999,1.72221,1.72234,1.13,1.13
2014.08.21 15:37:24.857,1.7222,1.72234,1.25,1.13
2014.08.21 15:37:28.810,1.7222,1.72234,1.38,1.00
2014.08.21 15:37:29.316,1.72223,1.72235,1.00,1.13
2014.08.21 15:37:29.896,1.72222,1.72235,1.88,1.13
2014.08.21 15:37:30.256,1.72223,1.72237,1.00,1.65
2014.08.21 15:37:30.814,1.72223,1.72237,1.38,1.50
2014.08.21 15:37:31.856,1.72224,1.72237,1.38,1.50
2014.08.21 15:37:32.109,1.72225,1.72237,2.25,1.00
2014.08.21 15:37:32.160,1.72225,1.7224,2.33,2.52
2014.08.21 15:37:32.666,1.72227,1.72242,2.82,1.95
2014.08.21 15:37:33.331,1.72227,1.72242,2.82,1.95
2014.08.21 15:37:34.538,1.72227,1.72242,2.63,1.95
2014.08.21 15:37:44.271,1.72228,1.72242,1.20,2.63
2014.08.21 15:37:44.373,1.72229,1.72244,2.70,2.63
2014.08.21 15:37:44.424,1.72231,1.72246,1.69,2.78
2014.08.21 15:37:44.779,1.72231,1.72246,2.89,2.25
2014.08.21 15:37:45.337,1.72234,1.72247,1.20,1.00
2014.08.21 15:37:45.642,1.72237,1.72249,4.65,1.13
2014.08.21 15:37:46.047,1.72237,1.72247,4.50,1.00
2014.08.21 15:37:46.560,1.72237,1.72247,4.50,1.38
2014.08.21 15:37:46.611,1.72234,1.72244,1.00,1.00
2014.08.21 15:37:46.814,1.7223,1.72243,1.69,1.00
2014.08.21 15:37:47.371,1.72231,1.72243,1.32,1.00
2014.08.21 15:37:47.674,1.72232,1.72245,1.00,1.00
2014.08.21 15:37:47.725,1.72232,1.72245,1.45,1.00
2014.08.21 15:37:47.877,1.72233,1.72248,1.95,2.44
2014.08.21 15:37:48.694,1.72234,1.72248,1.88,1.50
2014.08.21 15:37:49.050,1.72239,1.72251,1.00,3.94
2014.08.21 15:37:49.151,1.72239,1.72252,1.00,1.50
2014.08.21 15:37:49.306,1.72239,1.72255,1.38,1.37
2014.08.21 15:37:49.966,1.72239,1.72252,1.58,1.50
2014.08.21 15:37:50.476,1.72242,1.72255,1.13,1.37
2014.08.21 15:37:50.780,1.72249,1.72262,1.13,1.00
2014.08.21 15:37:50.881,1.72249,1.72264,4.13,2.44
2014.08.21 15:37:51.187,1.72248,1.72261,1.38,1.00
2014.08.21 15:37:51.498,1.72248,1.7226,1.00,2.44
2014.08.21 15:37:52.109,1.72248,1.72261,1.88,1.10
2014.08.21 15:37:52.211,1.72251,1.72264,1.38,1.58
2014.08.21 15:37:52.730,1.72251,1.72264,1.13,1.00
2014.08.21 15:37:53.454,1.72251,1.72264,3.00,1.00
2014.08.21 15:37:53.556,1.72253,1.72266,1.13,1.25
2014.08.21 15:37:53.861,1.72258,1.72266,1.00,1.00
2014.08.21 15:37:53.962,1.72253,1.72266,1.88,1.00
2014.08.21 15:37:54.298,1.72254,1.72268,1.00,1.13
2014.08.21 15:37:54.400,1.72255,1.72268,1.18,1.00
2014.08.21 15:37:54.913,1.72256,1.72271,1.20,1.48
2014.08.21 15:37:54.964,1.72256,1.72271,3.38,1.00
2014.08.21 15:37:55.218,1.72257,1.72271,1.00,1.00
2014.08.21 15:37:59.622,1.72256,1.72271,1.39,1.50
2014.08.21 15:38:00.131,1.72256,1.72271,1.25,2.40
2014.08.21 15:38:00.283,1.72256,1.72269,1.25,2.25
2014.08.21 15:38:02.441,1.72255,1.72269,1.32,2.25
2014.08.21 15:38:02.896,1.72255,1.7227,1.32,1.28
2014.08.21 15:38:04.802,1.72255,1.72265,1.32,1.00
2014.08.21 15:38:05.409,1.72253,1.72265,1.95,1.00
2014.08.21 15:38:05.916,1.72253,1.72264,1.88,1.00
2014.08.21 15:38:06.170,1.72253,1.72261,1.50,1.00
2014.08.21 15:38:06.221,1.72249,1.72261,2.18,1.00
2014.08.21 15:38:06.272,1.72248,1.72262,1.08,1.88
2014.08.21 15:38:06.475,1.72248,1.7226,1.00,1.00
2014.08.21 15:38:07.112,1.72245,1.72259,1.32,1.00
2014.08.21 15:38:07.314,1.72245,1.72258,1.13,1.00
2014.08.21 15:38:07.820,1.72246,1.72258,1.50,1.00
2014.08.21 15:38:08.866,1.72244,1.72257,1.25,1.00
2014.08.21 15:38:08.917,1.72244,1.72255,1.00,1.00
2014.08.21 15:38:09.220,1.7224,1.72253,1.25,1.00
2014.08.21 15:38:09.736,1.7224,1.72252,1.25,1.00
2014.08.21 15:38:15.735,1.72237,1.7225,1.08,1.00
2014.08.21 15:38:16.242,1.72237,1.7225,1.00,1.20
2014.08.21 15:38:21.979,1.72237,1.72249,1.00,1.00
2014.08.21 15:38:23.005,1.72238,1.72249,1.00,1.00
2014.08.21 15:38:23.511,1.72237,1.72249,1.00,1.00
2014.08.21 15:38:25.046,1.72237,1.72247,1.00,1.00
2014.08.21 15:38:25.351,1.72234,1.72245,2.07,1.00
2014.08.21 15:38:25.938,1.72234,1.72245,1.69,1.00
2014.08.21 15:38:26.241,1.72233,1.72243,1.19,1.00
2014.08.21 15:38:26.935,1.72233,1.72243,1.50,1.00
2014.08.21 15:38:27.442,1.7223,1.72242,1.69,1.00
2014.08.21 15:38:27.543,1.7223,1.72242,1.50,1.00
2014.08.21 15:38:28.685,1.72233,1.72242,1.00,1.00
2014.08.21 15:38:29.192,1.72233,1.72243,1.10,1.00
2014.08.21 15:38:29.697,1.72233,1.72243,1.18,1.00
2014.08.21 15:38:30.318,1.72233,1.72246,1.18,1.50
2014.08.21 15:38:30.825,1.72235,1.72246,1.00,1.00
2014.08.21 15:38:31.841,1.72235,1.72244,1.00,1.00
2014.08.21 15:38:33.491,1.72235,1.72245,1.00,1.00
2014.08.21 15:38:34.377,1.72235,1.72244,1.00,1.00
2014.08.21 15:38:37.799,1.72236,1.72244,1.00,1.00
2014.08.21 15:38:38.305,1.72236,1.72245,1.50,1.00
2014.08.21 15:38:38.609,1.72236,1.72243,1.00,1.00
2014.08.21 15:38:38.761,1.72234,1.72243,1.00,1.00
2014.08.21 15:38:38.812,1.72234,1.72241,1.00,1.00
2014.08.21 15:38:39.446,1.72233,1.72241,1.50,1.00
2014.08.21 15:38:43.488,1.72231,1.72241,1.00,1.00
2014.08.21 15:38:47.741,1.72232,1.72241,1.00,1.00
2014.08.21 15:38:47.943,1.72231,1.72239,1.00,1.00
2014.08.21 15:38:48.146,1.72228,1.72239,1.00,1.00
2014.08.21 15:38:48.247,1.72227,1.72236,2.44,1.00
2014.08.21 15:38:49.118,1.72227,1.72233,2.25,1.00
2014.08.21 15:38:49.219,1.72224,1.72233,1.13,1.00
2014.08.21 15:38:49.674,1.72224,1.72235,1.50,1.00
2014.08.21 15:38:54.557,1.72222,1.72234,1.88,1.00
2014.08.21 15:38:54.762,1.72223,1.72232,1.13,1.00
2014.08.21 15:38:59.411,1.72223,1.72232,1.38,1.00
2014.08.21 15:38:59.663,1.72223,1.72232,1.20,1.00
2014.08.21 15:39:02.719,1.72222,1.72232,1.00,1.00
2014.08.21 15:39:02.871,1.72221,1.72229,1.13,1.00
2014.08.21 15:39:03.327,1.7222,1.72231,1.28,1.00
2014.08.21 15:39:04.290,1.7222,1.72231,1.19,1.00
2014.08.21 15:39:04.822,1.7222,1.72231,1.00,1.00
2014.08.21 15:39:05.497,1.72223,1.72231,1.00,1.00
2014.08.21 15:39:05.814,1.72223,1.72229,1.00,1.00
2014.08.21 15:39:05.865,1.7222,1.72229,1.38,1.00
2014.08.21 15:39:06.386,1.72222,1.72229,1.00,1.00
2014.08.21 15:39:07.052,1.7222,1.72229,1.13,1.00
2014.08.21 15:39:11.440,1.7222,1.72232,1.00,1.00
2014.08.21 15:39:21.985,1.7222,1.72232,1.57,1.00
2014.08.21 15:39:22.504,1.7222,1.72233,1.19,1.50
2014.08.21 15:39:23.022,1.7222,1.7223,1.19,1.00
2014.08.21 15:39:23.534,1.72218,1.7223,2.07,1.00
2014.08.21 15:39:28.159,1.72218,1.72227,1.88,1.00
2014.08.21 15:39:28.265,1.72218,1.7223,1.88,1.50
2014.08.21 15:39:38.908,1.72218,1.72227,1.95,1.00
2014.08.21 15:39:39.009,1.72218,1.7223,1.95,1.00
2014.08.21 15:39:42.107,1.72218,1.7223,1.00,1.58
2014.08.21 15:39:42.614,1.72217,1.7223,1.13,1.58
2014.08.21 15:39:44.057,1.72216,1.7223,2.63,1.10
2014.08.21 15:39:44.701,1.72216,1.72229,1.58,1.00
2014.08.21 15:39:45.208,1.72217,1.72229,2.07,1.00
2014.08.21 15:39:45.714,1.72217,1.72229,1.25,1.00
2014.08.21 15:39:45.767,1.72217,1.72229,3.12,1.00
2014.08.21 15:39:45.919,1.72217,1.72229,1.00,1.00
2014.08.21 15:39:46.021,1.72216,1.72226,1.00,1.00
2014.08.21 15:39:46.439,1.72218,1.72225,1.00,1.00
2014.08.21 15:39:46.733,1.72215,1.72225,1.00,1.00
2014.08.21 15:39:47.111,1.72217,1.72225,1.00,1.00
2014.08.21 15:39:47.620,1.72215,1.72225,1.00,1.00
2014.08.21 15:39:47.873,1.72218,1.72225,1.00,1.00
2014.08.21 15:39:48.077,1.72213,1.72224,1.00,1.00
2014.08.21 15:39:48.746,1.72213,1.72221,1.00,1.00
2014.08.21 15:39:49.533,1.72211,1.72221,1.13,1.00
2014.08.21 15:39:49.634,1.72209,1.72218,1.88,1.00
2014.08.21 15:39:49.735,1.72209,1.7222,1.88,1.00
2014.08.21 15:39:49.988,1.72211,1.7222,1.38,1.00
2014.08.21 15:39:50.191,1.72211,1.72222,1.38,1.00
2014.08.21 15:39:51.002,1.72211,1.72222,1.74,1.00
2014.08.21 15:39:53.138,1.72214,1.72224,1.13,1.00
2014.08.21 15:39:54.580,1.72212,1.72223,1.19,1.00
2014.08.21 15:39:55.086,1.72213,1.72223,1.00,1.00
2014.08.21 15:39:55.137,1.7221,1.72223,2.44,1.00
2014.08.21 15:39:55.470,1.72213,1.72223,1.00,1.00
2014.08.21 15:39:55.885,1.7221,1.72223,2.44,1.00
2014.08.21 15:39:57.353,1.7221,1.7222,2.44,1.00
2014.08.21 15:39:57.556,1.72212,1.72222,1.00,1.00
2014.08.21 15:39:58.421,1.7221,1.7222,1.69,1.00
2014.08.21 15:39:58.936,1.7221,1.7222,1.50,1.00
2014.08.21 15:39:59.428,1.72212,1.7222,1.00,1.00
2014.08.21 15:39:59.530,1.72212,1.72222,1.00,1.00
2014.08.21 15:39:59.631,1.7221,1.72222,1.88,1.00
2014.08.21 15:39:59.682,1.7221,1.72222,2.82,1.00
2014.08.21 15:40:00.391,1.72213,1.72222,1.00,1.00
2014.08.21 15:40:02.395,1.72211,1.72222,2.25,1.00
2014.08.21 15:40:02.922,1.72211,1.72222,1.88,1.00
2014.08.21 15:40:03.440,1.72211,1.72222,1.88,1.00
2014.08.21 15:40:04.434,1.72211,1.72222,1.50,1.00
2014.08.21 15:40:08.606,1.72215,1.72222,1.00,1.00
2014.08.21 15:40:09.169,1.72211,1.72222,1.00,1.00
2014.08.21 15:40:09.375,1.72214,1.72222,1.00,1.00
2014.08.21 15:40:09.731,1.72211,1.72222,1.00,1.00
2014.08.21 15:40:09.782,1.72211,1.72224,1.00,1.13
2014.08.21 15:40:09.934,1.72215,1.72224,1.00,1.13
2014.08.21 15:40:10.149,1.72211,1.72224,1.00,1.38
2014.08.21 15:40:10.402,1.72215,1.72223,1.00,1.00
2014.08.21 15:40:17.465,1.72215,1.72224,1.00,1.50
2014.08.21 15:40:19.499,1.72219,1.72224,1.00,1.00
2014.08.21 15:40:19.550,1.72219,1.72229,1.00,1.65
2014.08.21 15:40:19.601,1.72216,1.72229,1.58,1.50
2014.08.21 15:40:19.652,1.72216,1.72231,1.95,3.08
2014.08.21 15:40:20.159,1.72217,1.72228,1.00,1.00
2014.08.21 15:40:20.677,1.72217,1.72229,1.00,1.88
2014.08.21 15:40:22.346,1.72216,1.72229,1.13,1.50
2014.08.21 15:40:22.835,1.72214,1.72228,1.20,1.88
2014.08.21 15:40:23.493,1.72212,1.72227,1.50,2.52
2014.08.21 15:40:24.005,1.72212,1.72226,1.00,1.00
2014.08.21 15:40:24.546,1.72212,1.72225,1.00,1.00
2014.08.21 15:40:25.446,1.72212,1.72225,1.00,1.38
2014.08.21 15:40:25.700,1.7221,1.72224,1.13,1.13
2014.08.21 15:40:26.456,1.72209,1.72224,1.48,1.32
2014.08.21 15:40:27.424,1.72209,1.72224,1.48,1.32
2014.08.21 15:40:32.748,1.72208,1.72221,2.40,1.00
2014.08.21 15:40:32.900,1.72208,1.72221,1.95,1.00
2014.08.21 15:40:32.951,1.7221,1.72222,1.00,1.00
2014.08.21 15:40:33.460,1.7221,1.72223,1.00,1.13
2014.08.21 15:40:36.630,1.7221,1.72224,1.13,1.00
2014.08.21 15:40:45.794,1.72209,1.72224,1.50,2.70
2014.08.21 15:40:46.306,1.72209,1.72224,1.50,2.78
2014.08.21 15:40:46.987,1.72208,1.72223,1.13,1.39
2014.08.21 15:40:47.291,1.72208,1.72221,1.00,1.00
2014.08.21 15:40:49.169,1.7221,1.72222,1.00,1.00
2014.08.21 15:40:49.715,1.7221,1.72223,1.00,1.88
2014.08.21 15:40:52.997,1.72213,1.72223,1.00,1.50
2014.08.21 15:41:00.230,1.72217,1.72223,1.00,1.50
2014.08.21 15:41:00.382,1.72217,1.72225,1.00,1.00
2014.08.21 15:41:00.484,1.72223,1.72227,1.00,1.00
2014.08.21 15:41:00.736,1.72223,1.72232,1.00,1.95
2014.08.21 15:41:00.888,1.72218,1.72232,1.00,1.58
2014.08.21 15:41:01.141,1.72222,1.72232,1.00,1.65
2014.08.21 15:41:01.242,1.72218,1.72229,1.00,1.00
2014.08.21 15:41:01.443,1.72223,1.72229,1.00,1.00
2014.08.21 15:41:02.303,1.72218,1.72229,1.00,1.00
2014.08.21 15:41:06.822,1.72216,1.72228,1.20,1.00
2014.08.21 15:41:07.386,1.72213,1.72228,2.44,1.13
2014.08.21 15:41:07.488,1.72214,1.72227,1.00,1.38
2014.08.21 15:41:08.306,1.72212,1.72226,1.13,1.00
2014.08.21 15:41:08.933,1.72212,1.72225,1.50,1.00
2014.08.21 15:41:15.147,1.72213,1.72225,1.00,1.00
2014.08.21 15:41:15.559,1.72218,1.72226,1.00,1.00
2014.08.21 15:41:16.153,1.72213,1.72226,3.38,1.00
2014.08.21 15:41:16.707,1.72215,1.72226,1.00,1.00
2014.08.21 15:41:19.873,1.72216,1.72226,1.00,1.00
2014.08.21 15:41:23.407,1.72217,1.72226,1.00,1.13
2014.08.21 15:41:25.155,1.72215,1.72226,1.00,1.13
2014.08.21 15:41:32.852,1.72218,1.72226,1.00,1.13
2014.08.21 15:41:33.152,1.72215,1.72226,1.00,1.00
2014.08.21 15:41:35.646,1.72215,1.72225,1.00,1.00
2014.08.21 15:41:39.915,1.72216,1.72225,1.00,1.00
2014.08.21 15:41:40.016,1.72212,1.72225,1.55,1.00
2014.08.21 15:41:44.865,1.72213,1.72226,1.10,1.50
2014.08.21 15:41:49.917,1.72217,1.72226,1.00,1.10
2014.08.21 15:41:50.885,1.72213,1.72226,1.00,1.00
2014.08.21 15:41:52.686,1.72212,1.72226,1.50,1.00
2014.08.21 15:41:53.191,1.72212,1.72226,1.50,1.38
2014.08.21 15:41:54.061,1.72212,1.72226,1.00,1.00
2014.08.21 15:41:56.405,1.72213,1.72226,1.00,1.13
2014.08.21 15:42:02.806,1.72213,1.72225,1.00,1.00
2014.08.21 15:42:04.605,1.72214,1.72225,1.00,1.00
2014.08.21 15:42:04.707,1.72216,1.72228,1.00,1.00
2014.08.21 15:42:04.909,1.72213,1.72225,1.10,1.00
2014.08.21 15:42:05.431,1.72212,1.72225,1.50,1.13
2014.08.21 15:42:11.102,1.72213,1.72225,1.00,1.00
2014.08.21 15:42:11.432,1.72211,1.72225,1.95,1.00
2014.08.21 15:42:12.642,1.72213,1.72225,1.00,1.00
2014.08.21 15:42:12.954,1.72211,1.72225,1.58,1.38
2014.08.21 15:42:13.258,1.72211,1.72225,2.89,1.00
2014.08.21 15:42:14.339,1.72218,1.72225,1.00,1.00
2014.08.21 15:42:14.658,1.72213,1.72225,1.13,1.00
2014.08.21 15:42:15.653,1.72212,1.72225,1.32,1.00
2014.08.21 15:42:16.194,1.72213,1.72225,1.50,1.00
2014.08.21 15:42:16.723,1.72213,1.72226,1.50,1.13
2014.08.21 15:42:17.077,1.72215,1.72226,1.00,1.00
2014.08.21 15:42:18.164,1.72217,1.72226,1.00,1.00
2014.08.21 15:42:18.418,1.72217,1.72228,1.00,1.25
2014.08.21 15:42:18.924,1.72218,1.72229,1.00,1.13
2014.08.21 15:42:21.180,1.72217,1.72229,1.00,1.13
2014.08.21 15:42:21.924,1.72216,1.72229,1.13,1.13
2014.08.21 15:42:22.278,1.72216,1.72226,1.00,1.00
2014.08.21 15:42:22.787,1.72215,1.72226,1.69,1.00
2014.08.21 15:42:23.090,1.72219,1.72229,2.25,1.00
2014.08.21 15:42:23.192,1.72219,1.72232,2.25,1.00
2014.08.21 15:42:23.243,1.72219,1.72232,1.50,1.00
2014.08.21 15:42:23.797,1.72222,1.72232,1.00,1.00
2014.08.21 15:42:23.950,1.72226,1.72237,1.00,1.00
2014.08.21 15:42:24.001,1.72228,1.72237,1.50,1.00
2014.08.21 15:42:24.052,1.72228,1.72239,1.50,1.13
2014.08.21 15:42:24.559,1.72228,1.72241,2.25,1.48
2014.08.21 15:42:25.136,1.72228,1.7224,1.13,1.13
2014.08.21 15:42:27.866,1.72227,1.72241,1.13,1.95
2014.08.21 15:42:27.917,1.72226,1.72239,1.50,1.38
2014.08.21 15:42:27.968,1.72224,1.72237,2.03,1.38
2014.08.21 15:42:28.069,1.72226,1.72239,1.00,1.70
2014.08.21 15:42:28.171,1.72228,1.72237,1.00,1.00
2014.08.21 15:42:28.374,1.72224,1.72237,1.00,1.00
2014.08.21 15:42:28.906,1.72222,1.72236,1.84,1.00
2014.08.21 15:42:28.957,1.72224,1.72236,1.58,1.00
2014.08.21 15:42:29.008,1.72226,1.72239,1.13,2.52
2014.08.21 15:42:29.515,1.72226,1.72239,1.28,1.50
2014.08.21 15:42:31.824,1.72226,1.72239,1.28,1.88
2014.08.21 15:42:32.336,1.72226,1.72239,1.00,1.88
2014.08.21 15:42:32.387,1.72223,1.72235,1.37,1.00
2014.08.21 15:42:32.524,1.72223,1.72235,1.00,1.38
2014.08.21 15:42:33.200,1.72223,1.72235,1.00,2.82
2014.08.21 15:42:33.918,1.72222,1.72233,1.00,1.38
2014.08.21 15:42:36.841,1.72222,1.72233,1.00,3.38
2014.08.21 15:42:37.347,1.72221,1.72233,1.00,3.38
2014.08.21 15:42:37.809,1.72219,1.72233,1.88,3.38
2014.08.21 15:42:37.859,1.72222,1.72233,1.00,3.38
2014.08.21 15:42:39.397,1.72223,1.72233,1.00,3.38
2014.08.21 15:42:46.568,1.72222,1.72232,1.00,1.18
2014.08.21 15:42:48.097,1.72219,1.72232,1.88,1.18
2014.08.21 15:42:50.406,1.72222,1.72232,1.00,1.28
2014.08.21 15:42:50.610,1.72219,1.72232,1.88,1.28
2014.08.21 15:42:51.116,1.72219,1.72231,1.88,4.35
2014.08.21 15:42:51.787,1.72219,1.72232,1.88,3.38
2014.08.21 15:42:51.993,1.72219,1.72232,1.50,1.10
2014.08.21 15:42:52.448,1.72222,1.72233,1.00,1.00
2014.08.21 15:42:56.171,1.72222,1.72235,1.00,2.03
2014.08.21 15:42:56.682,1.72222,1.72234,1.00,1.28
2014.08.21 15:43:00.393,1.72222,1.72234,1.00,1.20
2014.08.21 15:43:00.902,1.72223,1.72234,1.00,1.20
2014.08.21 15:43:01.408,1.72222,1.72234,1.50,1.20
2014.08.21 15:43:04.087,1.7222,1.72234,1.88,1.20
2014.08.21 15:43:06.479,1.7222,1.72234,1.32,4.13
2014.08.21 15:43:06.985,1.72219,1.72231,1.69,1.00
2014.08.21 15:43:07.086,1.72219,1.72233,1.69,1.13
2014.08.21 15:43:07.542,1.72219,1.72231,1.69,1.00
2014.08.21 15:43:08.623,1.72219,1.72231,1.69,1.00
2014.08.21 15:43:09.151,1.72219,1.72232,2.07,1.00
2014.08.21 15:43:10.223,1.72219,1.72232,2.07,1.00
2014.08.21 15:43:10.677,1.72222,1.72232,1.00,1.00
2014.08.21 15:43:11.221,1.72222,1.72234,1.38,1.13
2014.08.21 15:43:11.928,1.72222,1.72234,1.13,1.00
2014.08.21 15:43:14.112,1.72224,1.72234,1.00,1.00
2014.08.21 15:43:14.628,1.72224,1.72235,1.00,1.00
2014.08.21 15:43:16.514,1.72224,1.72233,1.00,1.00
2014.08.21 15:43:25.998,1.72224,1.72233,1.38,1.00
2014.08.21 15:43:27.232,1.72222,1.72233,2.44,1.00
2014.08.21 15:43:27.748,1.72223,1.72232,1.00,1.00
2014.08.21 15:43:28.937,1.72223,1.72231,1.00,1.00
2014.08.21 15:43:29.140,1.7222,1.72231,1.25,1.20
2014.08.21 15:43:29.292,1.72218,1.72231,1.00,1.95
2014.08.21 15:43:29.829,1.72218,1.72228,1.50,1.00
2014.08.21 15:43:30.083,1.72218,1.72231,1.00,2.03
2014.08.21 15:43:30.768,1.72216,1.72229,2.07,1.00
2014.08.21 15:43:31.282,1.72216,1.72229,1.69,1.38
2014.08.21 15:43:32.141,1.72216,1.72229,1.32,1.38
2014.08.21 15:43:36.746,1.72215,1.72228,1.50,1.20
2014.08.21 15:43:37.674,1.72215,1.72228,1.69,1.20
2014.08.21 15:43:38.291,1.72215,1.7223,1.39,1.88
2014.08.21 15:43:38.392,1.72218,1.7223,1.00,1.00
2014.08.21 15:43:39.737,1.72218,1.72231,1.13,1.13
2014.08.21 15:43:40.294,1.72219,1.72232,1.00,1.38
2014.08.21 15:43:40.926,1.72219,1.72234,1.25,2.63
2014.08.21 15:43:42.121,1.72219,1.72234,1.25,2.63
2014.08.21 15:43:46.041,1.72219,1.72232,1.10,3.00
2014.08.21 15:43:46.143,1.72217,1.7223,1.25,1.38
2014.08.21 15:43:47.149,1.72217,1.7223,1.65,1.38
2014.08.21 15:43:48.675,1.72217,1.7223,1.00,1.48
2014.08.21 15:43:52.315,1.72216,1.7223,1.13,1.48
2014.08.21 15:43:52.984,1.72218,1.72229,1.00,1.13
2014.08.21 15:43:53.288,1.72221,1.72234,1.00,1.88
2014.08.21 15:43:53.339,1.72221,1.72232,1.00,1.00
2014.08.21 15:43:54.822,1.72221,1.72234,1.00,2.33
2014.08.21 15:43:59.260,1.72219,1.72234,1.95,3.00
2014.08.21 15:43:59.766,1.72219,1.72234,1.58,3.00
2014.08.21 15:44:00.272,1.72219,1.72234,1.58,3.00
2014.08.21 15:44:00.576,1.72223,1.72234,1.00,1.13
2014.08.21 15:44:01.087,1.72219,1.72234,2.14,1.00
2014.08.21 15:44:02.936,1.72229,1.72237,1.00,1.00
2014.08.21 15:44:03.140,1.72229,1.7224,1.38,1.00
2014.08.21 15:44:03.242,1.72232,1.7224,1.00,1.00
2014.08.21 15:44:03.395,1.72232,1.72246,1.00,2.22
2014.08.21 15:44:03.533,1.72231,1.72245,1.00,1.58
2014.08.21 15:44:03.686,1.7223,1.72245,1.95,1.38
2014.08.21 15:44:09.056,1.72229,1.7224,1.10,1.00
2014.08.21 15:44:09.157,1.72227,1.7224,1.50,1.50
2014.08.21 15:44:09.562,1.72229,1.72242,1.13,1.75
2014.08.21 15:44:09.764,1.72231,1.72244,1.00,1.38
2014.08.21 15:44:10.291,1.72231,1.72244,1.00,1.00
2014.08.21 15:44:10.594,1.72233,1.72244,1.00,1.00
2014.08.21 15:44:11.125,1.72234,1.72246,1.00,2.25
2014.08.21 15:44:11.694,1.72233,1.72246,1.00,2.25
2014.08.21 15:44:12.199,1.72233,1.72246,1.13,2.25
2014.08.21 15:44:27.008,1.72233,1.72246,1.50,1.69
2014.08.21 15:44:29.753,1.72233,1.72245,1.00,1.63
2014.08.21 15:44:29.804,1.72231,1.72244,1.00,1.38
2014.08.21 15:44:31.645,1.72231,1.72244,1.00,1.13
2014.08.21 15:44:33.306,1.72232,1.72245,1.10,1.88
2014.08.21 15:44:33.812,1.72233,1.72247,1.50,2.82
2014.08.21 15:44:33.984,1.72233,1.72247,1.50,2.07
2014.08.21 15:44:34.729,1.72232,1.72247,2.89,1.88
2014.08.21 15:44:37.081,1.72233,1.72247,1.00,1.88
2014.08.21 15:44:37.594,1.72232,1.72247,2.14,1.88
2014.08.21 15:44:39.131,1.72232,1.72247,2.89,1.88
2014.08.21 15:44:39.653,1.72233,1.72247,1.13,1.88
2014.08.21 15:44:43.198,1.72235,1.72247,1.38,1.10
2014.08.21 15:44:43.300,1.72236,1.72249,2.25,1.88
2014.08.21 15:44:43.452,1.72238,1.72253,1.13,2.40
2014.08.21 15:44:43.503,1.72238,1.72251,1.13,1.00
2014.08.21 15:44:44.135,1.72237,1.7225,1.13,1.13
2014.08.21 15:44:47.756,1.72237,1.72247,1.38,1.00
2014.08.21 15:44:47.908,1.72237,1.7225,1.38,1.00
2014.08.21 15:44:48.597,1.72237,1.7225,1.38,1.38
2014.08.21 15:44:48.648,1.72236,1.72249,1.13,1.13
2014.08.21 15:44:48.749,1.72236,1.72247,1.38,1.00
2014.08.21 15:44:49.002,1.72236,1.72249,1.38,1.13
2014.08.21 15:44:49.507,1.72239,1.72252,2.63,2.07
2014.08.21 15:44:49.834,1.72239,1.72252,2.63,1.32
2014.08.21 15:45:00.137,1.72239,1.72253,3.00,1.48
2014.08.21 15:45:01.690,1.72237,1.72252,1.32,2.63
2014.08.21 15:45:02.568,1.72237,1.72252,1.00,2.82
2014.08.21 15:45:02.923,1.72235,1.72247,1.02,1.00
2014.08.21 15:45:03.440,1.72235,1.7225,1.02,1.88
2014.08.21 15:45:05.639,1.72235,1.7225,1.00,1.88
2014.08.21 15:45:05.892,1.72237,1.72251,1.00,1.95
2014.08.21 15:45:06.915,1.72237,1.7225,1.88,1.00
2014.08.21 15:45:08.994,1.72238,1.72252,1.00,1.95
2014.08.21 15:45:09.297,1.7224,1.72252,1.00,1.13
2014.08.21 15:45:11.504,1.7224,1.72253,1.00,1.00
2014.08.21 15:45:13.456,1.7224,1.72253,1.38,1.13
2014.08.21 15:45:14.121,1.7224,1.72253,1.25,1.13
2014.08.21 15:45:14.478,1.7224,1.72253,1.25,1.88
2014.08.21 15:45:17.424,1.7224,1.72253,1.00,4.47
2014.08.21 15:45:23.955,1.72239,1.72252,1.13,2.40
2014.08.21 15:45:26.432,1.72239,1.72252,1.13,1.58
2014.08.21 15:45:27.656,1.72239,1.72252,1.13,5.48
2014.08.21 15:45:31.219,1.72239,1.72253,1.32,1.48
2014.08.21 15:45:31.270,1.72242,1.72253,1.00,1.48
2014.08.21 15:45:31.776,1.72243,1.72257,1.00,5.07
2014.08.21 15:45:32.068,1.72243,1.72257,1.00,4.69
2014.08.21 15:45:32.143,1.72243,1.72253,1.00,1.00
2014.08.21 15:45:32.670,1.72243,1.72253,1.38,1.00
2014.08.21 15:45:33.402,1.72243,1.72257,1.38,3.94
2014.08.21 15:45:36.422,1.72243,1.72257,1.38,1.84
2014.08.21 15:45:36.927,1.72243,1.72257,1.00,1.47
2014.08.21 15:45:37.430,1.72243,1.72257,1.38,1.84
2014.08.21 15:45:37.942,1.72243,1.72252,1.13,1.00
2014.08.21 15:45:39.687,1.72243,1.72257,1.00,2.40
2014.08.21 15:45:40.692,1.72243,1.72253,1.00,1.00
2014.08.21 15:45:40.895,1.72243,1.72257,1.13,2.03
2014.08.21 15:45:41.402,1.72244,1.72257,1.50,1.88
2014.08.21 15:45:42.267,1.72244,1.72257,1.88,1.13
2014.08.21 15:45:42.930,1.72244,1.72257,1.50,1.13
2014.08.21 15:45:43.998,1.72244,1.72258,1.50,1.58
2014.08.21 15:45:45.304,1.72244,1.72257,1.50,1.00
2014.08.21 15:45:45.863,1.72244,1.72258,1.50,1.95
2014.08.21 15:45:46.562,1.72244,1.72258,1.50,1.95
2014.08.21 15:45:51.080,1.72244,1.72258,1.50,1.39
2014.08.21 15:45:53.335,1.72244,1.72257,1.50,1.00
2014.08.21 15:45:54.191,1.72243,1.72257,1.50,2.25
2014.08.21 15:45:56.303,1.72243,1.72257,1.50,2.70
2014.08.21 15:45:58.148,1.72244,1.72257,1.00,1.58
2014.08.21 15:45:59.265,1.72243,1.72257,2.07,1.95
2014.08.21 15:45:59.316,1.72243,1.72254,1.32,1.00
2014.08.21 15:45:59.773,1.72246,1.72254,1.00,1.00
2014.08.21 15:45:59.975,1.72243,1.72254,1.32,1.00
2014.08.21 15:46:00.435,1.72243,1.72257,1.32,1.88
2014.08.21 15:46:00.536,1.72245,1.72257,1.00,1.50
2014.08.21 15:46:01.042,1.72245,1.72258,1.25,1.50
2014.08.21 15:46:02.162,1.72246,1.7226,1.13,1.00
2014.08.21 15:46:02.671,1.72246,1.72261,2.07,1.88
2014.08.21 15:46:06.491,1.72248,1.72261,1.00,1.88
2014.08.21 15:46:07.062,1.72249,1.72262,1.50,1.88
2014.08.21 15:46:07.653,1.72253,1.72262,1.00,1.20
2014.08.21 15:46:07.907,1.72259,1.7227,1.00,1.19
2014.08.21 15:46:08.414,1.72257,1.7227,1.48,1.00
2014.08.21 15:46:08.941,1.72257,1.7227,3.00,1.00
2014.08.21 15:46:09.307,1.72257,1.7227,1.00,1.00
2014.08.21 15:46:09.920,1.72257,1.7227,1.00,1.50
2014.08.21 15:46:10.453,1.72256,1.72268,1.00,1.13
2014.08.21 15:46:10.999,1.72254,1.7227,2.70,1.09
2014.08.21 15:46:11.353,1.72254,1.72263,2.25,1.00
2014.08.21 15:46:11.686,1.7225,1.72262,1.69,2.25
2014.08.21 15:46:12.041,1.7225,1.72263,1.69,1.20
2014.08.21 15:46:12.836,1.72249,1.72265,2.63,4.92
2014.08.21 15:46:14.005,1.72249,1.72265,2.63,4.73
2014.08.21 15:46:14.539,1.72249,1.72265,2.63,4.35
2014.08.21 15:46:15.869,1.72252,1.72265,1.00,5.48
2014.08.21 15:46:15.920,1.72252,1.72265,1.00,1.20
2014.08.21 15:46:21.006,1.72256,1.72265,1.00,1.10
2014.08.21 15:46:21.671,1.72257,1.72265,1.00,1.10
2014.08.21 15:46:22.208,1.72256,1.72265,1.00,1.10
2014.08.21 15:46:22.889,1.72258,1.72265,1.00,1.10
2014.08.21 15:46:23.193,1.72256,1.72265,1.00,1.00
2014.08.21 15:46:23.497,1.72256,1.72266,1.00,4.24
2014.08.21 15:46:23.548,1.72253,1.72266,1.00,6.42
2014.08.21 15:46:23.649,1.7225,1.72263,1.88,1.13
2014.08.21 15:46:24.160,1.7225,1.72263,1.50,1.38
2014.08.21 15:46:25.409,1.7225,1.72263,1.50,2.03
2014.08.21 15:46:26.315,1.72249,1.72262,1.50,2.33
2014.08.21 15:46:26.846,1.72248,1.72262,1.00,2.33
2014.08.21 15:46:27.353,1.72248,1.72262,1.13,2.52
2014.08.21 15:46:30.824,1.72248,1.72261,1.00,3.49
2014.08.21 15:46:32.411,1.72247,1.72259,1.50,1.58
2014.08.21 15:46:35.613,1.72247,1.7226,1.50,1.50
2014.08.21 15:46:36.136,1.72248,1.72261,1.88,3.75
2014.08.21 15:46:36.444,1.72252,1.72261,1.00,3.75
2014.08.21 15:46:38.705,1.72252,1.72262,1.00,1.13
2014.08.21 15:46:39.313,1.72253,1.72263,1.00,2.63
2014.08.21 15:46:41.981,1.72251,1.72263,1.00,2.25
2014.08.21 15:46:42.769,1.72251,1.72263,1.00,4.50
2014.08.21 15:46:42.971,1.72249,1.72263,1.00,4.50
2014.08.21 15:46:43.433,1.72249,1.7226,1.50,1.65
2014.08.21 15:46:43.950,1.72249,1.7226,1.00,1.50
2014.08.21 15:46:49.280,1.72247,1.7226,1.00,1.88
2014.08.21 15:46:49.794,1.72246,1.7226,1.00,1.88
2014.08.21 15:46:49.895,1.72246,1.7226,1.38,1.50
2014.08.21 15:46:50.098,1.72255,1.72268,2.82,1.13
2014.08.21 15:46:50.150,1.72257,1.72271,1.50,5.48
2014.08.21 15:46:50.302,1.72255,1.7227,2.44,1.65
2014.08.21 15:46:50.505,1.72255,1.72268,2.44,1.38
2014.08.21 15:46:50.809,1.72259,1.72272,1.69,1.13
2014.08.21 15:46:51.315,1.7226,1.72273,1.38,1.58
2014.08.21 15:46:51.468,1.72266,1.72277,1.13,1.13
2014.08.21 15:46:51.772,1.72271,1.72277,2.18,1.00
2014.08.21 15:46:52.114,1.7227,1.72282,5.10,1.00
2014.08.21 15:46:52.570,1.7227,1.72283,1.00,2.63
2014.08.21 15:46:52.621,1.72268,1.72282,2.89,1.00
2014.08.21 15:46:52.672,1.72268,1.72282,4.99,1.00
2014.08.21 15:46:52.925,1.72268,1.72282,2.82,1.00
2014.08.21 15:46:53.430,1.72268,1.72283,2.97,2.63
2014.08.21 15:46:53.940,1.72268,1.72282,2.78,1.38
2014.08.21 15:46:54.455,1.72268,1.72282,2.33,1.38
2014.08.21 15:46:55.515,1.72268,1.7228,1.58,1.00
2014.08.21 15:46:57.441,1.72268,1.7228,1.38,1.00
2014.08.21 15:46:57.848,1.72268,1.72281,1.13,1.13
2014.08.21 15:46:58.353,1.72268,1.72282,2.63,1.13
2014.08.21 15:46:58.528,1.72268,1.72282,2.25,1.38
2014.08.21 15:46:59.072,1.72268,1.72283,1.08,2.07
2014.08.21 15:46:59.613,1.72268,1.72281,1.00,1.88
2014.08.21 15:47:00.223,1.72266,1.72281,1.50,2.03
2014.08.21 15:47:00.376,1.72268,1.72281,1.00,2.03
2014.08.21 15:47:01.802,1.72268,1.72281,1.50,1.13
2014.08.21 15:47:02.431,1.72268,1.72281,1.00,1.48
2014.08.21 15:47:02.947,1.72266,1.72279,1.00,1.13
2014.08.21 15:47:03.452,1.72266,1.72279,1.00,3.38
2014.08.21 15:47:03.976,1.72266,1.72279,1.00,1.28
2014.08.21 15:47:08.373,1.72265,1.72281,1.58,2.22
2014.08.21 15:47:10.213,1.72265,1.72279,1.50,1.18
2014.08.21 15:47:10.519,1.72268,1.72279,1.00,1.18
2014.08.21 15:47:11.041,1.72267,1.72281,2.63,1.39
2014.08.21 15:47:11.243,1.72269,1.72281,1.00,1.20
2014.08.21 15:47:11.601,1.72267,1.72281,2.63,1.10
2014.08.21 15:47:12.144,1.72267,1.72281,2.82,1.15
2014.08.21 15:47:13.904,1.72267,1.72281,2.63,1.10
2014.08.21 15:47:20.375,1.72265,1.72281,2.89,1.20
2014.08.21 15:47:20.920,1.72265,1.72281,2.89,1.48
2014.08.21 15:47:22.309,1.72265,1.72281,2.89,1.48
2014.08.21 15:47:22.628,1.72265,1.72278,1.69,1.95
2014.08.21 15:47:22.780,1.72262,1.72275,1.50,1.20
2014.08.21 15:47:23.440,1.72262,1.72275,1.38,1.10
2014.08.21 15:47:23.541,1.72266,1.72279,1.00,2.89
2014.08.21 15:47:24.047,1.72266,1.72279,1.00,1.95
2014.08.21 15:47:24.302,1.72264,1.72277,1.00,1.00
2014.08.21 15:47:24.808,1.72262,1.72277,1.00,2.33
2014.08.21 15:47:25.313,1.72261,1.72277,1.50,3.45
2014.08.21 15:47:25.465,1.72261,1.72276,1.50,1.20
2014.08.21 15:47:25.974,1.7226,1.72273,1.00,2.22
2014.08.21 15:47:26.596,1.7226,1.72273,1.38,2.22
2014.08.21 15:47:27.127,1.7226,1.72273,1.00,2.03
2014.08.21 15:47:28.800,1.72258,1.72272,1.55,1.88
2014.08.21 15:47:28.952,1.72257,1.72271,1.50,1.00
2014.08.21 15:47:29.412,1.72261,1.72273,1.00,1.29
2014.08.21 15:47:33.275,1.72261,1.72274,1.00,1.13
2014.08.21 15:47:34.265,1.72261,1.72274,1.00,1.38
2014.08.21 15:47:34.316,1.72259,1.72272,1.88,1.13
2014.08.21 15:47:34.417,1.72256,1.7227,2.03,1.00
2014.08.21 15:47:36.154,1.72257,1.72268,1.00,1.00
2014.08.21 15:47:36.358,1.72257,1.7227,1.00,1.50
2014.08.21 15:47:37.584,1.72257,1.72267,1.00,1.00
2014.08.21 15:47:37.892,1.72257,1.7227,1.00,1.65
2014.08.21 15:47:38.455,1.72259,1.72272,1.00,1.57
2014.08.21 15:47:38.557,1.72257,1.72269,1.00,1.00
2014.08.21 15:47:38.658,1.72258,1.72271,1.00,1.25
2014.08.21 15:47:38.759,1.72256,1.72271,3.00,1.69
2014.08.21 15:47:38.861,1.72259,1.72272,1.00,1.67
2014.08.21 15:47:39.386,1.72259,1.72272,1.00,1.00
2014.08.21 15:47:43.176,1.7226,1.72273,1.00,1.00
2014.08.21 15:47:44.770,1.7226,1.72275,1.50,2.03
2014.08.21 15:47:45.387,1.7226,1.72275,1.50,2.03
2014.08.21 15:47:47.538,1.7226,1.72272,1.00,1.38
2014.08.21 15:47:47.589,1.72258,1.72272,1.39,1.38
2014.08.21 15:47:47.639,1.7226,1.72273,1.00,2.25
2014.08.21 15:47:48.362,1.7226,1.72273,1.38,1.13
2014.08.21 15:47:49.030,1.7226,1.72275,1.13,1.74
2014.08.21 15:47:51.678,1.7226,1.72275,2.25,1.45
2014.08.21 15:47:52.200,1.72262,1.72277,1.69,2.03
2014.08.21 15:47:52.657,1.72264,1.72277,1.00,1.53
2014.08.21 15:47:53.192,1.72264,1.72277,1.00,1.28
2014.08.21 15:47:53.724,1.72264,1.72277,1.00,1.13
2014.08.21 15:47:54.688,1.72263,1.72275,1.13,1.00
2014.08.21 15:47:54.796,1.72261,1.72275,1.13,1.13
2014.08.21 15:47:54.899,1.72263,1.72276,1.00,1.58
2014.08.21 15:47:55.404,1.72263,1.72276,1.00,1.20
2014.08.21 15:47:56.422,1.72263,1.72277,1.38,1.15
2014.08.21 15:47:56.934,1.72263,1.72278,1.13,6.23
2014.08.21 15:47:58.362,1.72263,1.72278,1.50,4.13
2014.08.21 15:48:00.342,1.72263,1.72278,1.13,4.13
2014.08.21 15:48:01.578,1.72264,1.72278,1.00,4.13
2014.08.21 15:48:01.883,1.72267,1.72278,1.00,1.95
2014.08.21 15:48:02.416,1.72267,1.72278,1.00,1.95
2014.08.21 15:48:03.486,1.72267,1.72278,1.00,1.95
2014.08.21 15:48:03.997,1.72267,1.72278,1.00,1.95
2014.08.21 15:48:07.014,1.72267,1.72278,1.00,1.95
2014.08.21 15:48:07.570,1.72265,1.72278,1.00,1.95
2014.08.21 15:48:08.320,1.72263,1.72278,2.07,1.95
2014.08.21 15:48:10.432,1.72263,1.72276,2.07,1.38
2014.08.21 15:48:10.940,1.72264,1.72278,1.00,1.48
2014.08.21 15:48:11.400,1.72264,1.72279,1.13,1.38
2014.08.21 15:48:12.262,1.72264,1.72279,1.32,1.50
2014.08.21 15:48:13.154,1.72264,1.72279,1.63,1.50
2014.08.21 15:48:16.155,1.72264,1.72279,1.25,1.50
2014.08.21 15:48:16.462,1.72263,1.72277,1.69,1.48
2014.08.21 15:48:16.968,1.72265,1.72278,1.00,1.95
2014.08.21 15:48:17.474,1.72263,1.72276,2.07,1.13
2014.08.21 15:48:18.109,1.72263,1.72276,2.07,1.13
2014.08.21 15:48:20.366,1.72263,1.72276,1.50,1.38
2014.08.21 15:48:20.878,1.72263,1.72276,1.50,1.00
2014.08.21 15:48:23.327,1.72263,1.72275,1.25,1.00
2014.08.21 15:48:24.504,1.72262,1.72275,1.00,1.13
2014.08.21 15:48:26.241,1.72262,1.72275,1.00,3.68
2014.08.21 15:48:27.981,1.7226,1.72273,1.00,1.48
2014.08.21 15:48:30.788,1.72258,1.72271,1.00,1.00
2014.08.21 15:48:32.750,1.72257,1.7227,1.00,1.00
2014.08.21 15:48:32.801,1.72255,1.7227,3.08,1.50
2014.08.21 15:48:32.902,1.72255,1.7227,3.00,3.68
2014.08.21 15:48:41.594,1.72254,1.72269,1.00,1.50
2014.08.21 15:48:41.897,1.72247,1.7226,1.00,1.20
2014.08.21 15:48:42.750,1.72247,1.7226,1.00,3.68
2014.08.21 15:48:44.775,1.72247,1.7226,1.00,4.05
2014.08.21 15:48:45.335,1.72247,1.7226,1.00,3.68
2014.08.21 15:48:45.868,1.72247,1.72259,1.00,2.93
2014.08.21 15:48:46.376,1.72247,1.72258,1.00,1.00
2014.08.21 15:48:48.133,1.72245,1.7226,1.00,1.83
2014.08.21 15:48:56.637,1.72245,1.72259,1.00,1.10
2014.08.21 15:48:57.160,1.72245,1.72258,1.00,1.00
2014.08.21 15:49:00.470,1.72245,1.72258,1.00,1.08
2014.08.21 15:49:00.975,1.72245,1.72258,1.00,1.13
2014.08.21 15:49:01.294,1.72245,1.72258,1.00,1.48
2014.08.21 15:49:03.879,1.72245,1.72258,1.00,1.20
2014.08.21 15:49:04.184,1.72245,1.72258,1.00,1.48
2014.08.21 15:49:05.503,1.72245,1.72258,1.00,1.48
2014.08.21 15:49:09.731,1.72243,1.72256,1.69,1.00
2014.08.21 15:49:14.359,1.72242,1.72254,2.63,1.00
2014.08.21 15:49:14.511,1.72239,1.72252,1.00,1.00
2014.08.21 15:49:17.629,1.72239,1.72252,1.00,1.88
2014.08.21 15:49:17.681,1.72236,1.72248,1.10,1.00
2014.08.21 15:49:17.884,1.72233,1.72246,1.38,1.10
2014.08.21 15:49:17.985,1.7223,1.72245,1.49,1.13
2014.08.21 15:49:18.087,1.72228,1.72243,1.50,1.58
2014.08.21 15:49:18.189,1.72228,1.72243,1.50,4.43
2014.08.21 15:49:18.545,1.72227,1.7224,1.50,1.50
2014.08.21 15:49:19.052,1.72228,1.7224,1.00,3.68
2014.08.21 15:49:19.221,1.72227,1.7224,1.32,1.00
2014.08.21 15:49:19.728,1.72227,1.7224,1.50,1.58
2014.08.21 15:49:21.406,1.72225,1.72236,1.13,1.00
2014.08.21 15:49:21.507,1.72225,1.72238,1.00,1.00
2014.08.21 15:49:21.919,1.72224,1.72236,1.00,1.00
2014.08.21 15:49:22.433,1.72224,1.72237,1.00,1.10
2014.08.21 15:49:22.855,1.72226,1.72237,1.69,1.10
2014.08.21 15:49:23.008,1.72229,1.72242,1.00,1.10
2014.08.21 15:49:23.515,1.72229,1.72242,1.00,1.08
2014.08.21 15:49:23.718,1.72231,1.72243,1.00,2.37
2014.08.21 15:49:24.895,1.7223,1.72243,1.00,2.93
2014.08.21 15:49:24.946,1.72228,1.72243,2.63,3.68
2014.08.21 15:49:25.401,1.72227,1.7224,1.50,1.95
2014.08.21 15:49:25.857,1.72229,1.72242,1.00,1.20
2014.08.21 15:49:26.261,1.72229,1.72242,1.75,1.08
2014.08.21 15:49:26.903,1.72229,1.72242,1.88,1.08
2014.08.21 15:49:29.860,1.72229,1.72242,1.13,1.08
2014.08.21 15:49:30.661,1.72229,1.72242,1.32,1.08
2014.08.21 15:49:30.863,1.72235,1.72247,1.13,1.00
2014.08.21 15:49:30.914,1.72237,1.7225,1.00,1.58
2014.08.21 15:49:30.965,1.72239,1.7225,1.00,1.10
2014.08.21 15:49:31.390,1.72239,1.72248,1.00,1.00
2014.08.21 15:49:31.543,1.72237,1.72248,1.00,1.00
2014.08.21 15:49:31.696,1.72237,1.72246,1.00,1.38
2014.08.21 15:49:31.747,1.72234,1.72246,1.00,1.38
2014.08.21 15:49:31.899,1.72232,1.72244,1.24,1.13
2014.08.21 15:49:32.407,1.72231,1.72244,1.19,1.20
2014.08.21 15:49:32.932,1.72231,1.72244,1.00,1.20
2014.08.21 15:49:33.437,1.72229,1.72242,2.44,1.00
2014.08.21 15:49:35.469,1.72229,1.72242,2.25,1.00
2014.08.21 15:49:39.661,1.7223,1.72243,1.13,1.10
2014.08.21 15:49:42.417,1.7223,1.72243,1.00,1.48
2014.08.21 15:49:42.620,1.72231,1.72244,1.13,1.25
2014.08.21 15:49:42.671,1.7223,1.72239,1.38,1.00
2014.08.21 15:49:43.014,1.72227,1.72237,2.18,1.50
2014.08.21 15:49:43.065,1.72222,1.72237,2.08,1.50
2014.08.21 15:49:43.269,1.72224,1.72237,1.00,1.58
2014.08.21 15:49:43.825,1.72224,1.72237,1.00,1.08
2014.08.21 15:49:44.349,1.72224,1.72237,1.00,1.38
2014.08.21 15:49:44.602,1.72222,1.72237,1.50,1.58
2014.08.21 15:49:45.123,1.72221,1.72234,1.13,1.13
2014.08.21 15:49:45.835,1.72222,1.72234,1.00,1.13
2014.08.21 15:49:47.465,1.72221,1.72234,1.19,1.38
2014.08.21 15:49:47.971,1.72219,1.72234,2.70,1.13
2014.08.21 15:49:48.174,1.72219,1.72232,2.70,1.00
2014.08.21 15:49:48.680,1.72219,1.72232,1.58,1.00
2014.08.21 15:49:50.211,1.72219,1.7223,1.00,1.38
2014.08.21 15:49:50.840,1.72218,1.7223,1.00,1.38
2014.08.21 15:49:52.965,1.72218,1.72228,1.00,1.00
2014.08.21 15:49:53.016,1.72215,1.72228,1.10,1.13
2014.08.21 15:49:53.946,1.72215,1.72228,1.25,1.38
2014.08.21 15:49:54.603,1.72215,1.72228,1.13,1.38
2014.08.21 15:49:56.147,1.72212,1.72227,2.33,1.69
2014.08.21 15:49:57.388,1.72212,1.72227,2.25,1.77
2014.08.21 15:49:57.894,1.72212,1.72227,4.80,1.69
2014.08.21 15:49:58.658,1.72213,1.72227,1.08,1.88
2014.08.21 15:49:59.163,1.72214,1.72227,1.13,1.13
2014.08.21 15:50:01.310,1.72214,1.72229,1.38,1.88
2014.08.21 15:50:01.834,1.72213,1.72229,3.30,2.07
2014.08.21 15:50:02.441,1.72213,1.72226,2.93,1.38
2014.08.21 15:50:02.492,1.72212,1.72223,1.77,1.00
2014.08.21 15:50:02.694,1.72206,1.72219,3.64,1.00
2014.08.21 15:50:02.745,1.72206,1.72217,2.70,1.00
2014.08.21 15:50:03.201,1.72206,1.72219,2.63,1.13
2014.08.21 15:50:03.426,1.72209,1.72223,1.00,1.77
2014.08.21 15:50:03.729,1.7221,1.72224,1.20,1.38
2014.08.21 15:50:04.084,1.72209,1.72224,3.08,1.38
2014.08.21 15:50:04.236,1.72209,1.72224,3.08,1.13
2014.08.21 15:50:04.438,1.72209,1.72223,3.08,1.38
2014.08.21 15:50:04.540,1.72209,1.72223,1.00,1.38
2014.08.21 15:50:04.641,1.72209,1.72224,1.00,1.39
2014.08.21 15:50:04.793,1.72209,1.72224,2.93,1.63
2014.08.21 15:50:04.894,1.72209,1.72224,1.00,1.63
2014.08.21 15:50:05.426,1.72209,1.72224,1.08,1.63
2014.08.21 15:50:05.931,1.72209,1.72224,1.00,1.63
2014.08.21 15:50:08.253,1.72208,1.72221,2.25,1.39
2014.08.21 15:50:09.853,1.7221,1.72223,1.00,1.58
2014.08.21 15:50:10.157,1.72208,1.72221,1.58,1.00
2014.08.21 15:50:12.352,1.72209,1.72221,1.48,1.00
2014.08.21 15:50:13.735,1.72208,1.72221,1.88,1.00
2014.08.21 15:50:14.234,1.72207,1.72219,1.50,1.00
2014.08.21 15:50:14.753,1.72206,1.72219,1.00,1.00
2014.08.21 15:50:15.375,1.72206,1.72219,1.00,1.48
2014.08.21 15:50:15.891,1.72206,1.72219,1.00,1.10
2014.08.21 15:50:16.203,1.72207,1.72221,2.44,1.50
2014.08.21 15:50:16.255,1.72212,1.72224,1.00,2.52
2014.08.21 15:50:16.609,1.72209,1.72224,2.63,3.64
2014.08.21 15:50:17.166,1.72213,1.72224,1.00,3.27
2014.08.21 15:50:17.378,1.72209,1.72222,1.08,1.00
2014.08.21 15:50:17.531,1.72213,1.72222,1.00,1.50
2014.08.21 15:50:17.835,1.72208,1.72222,2.93,1.50
2014.08.21 15:50:18.441,1.72211,1.72222,1.00,1.50
2014.08.21 15:50:18.492,1.72214,1.72224,1.13,1.00
2014.08.21 15:50:18.543,1.72214,1.72226,1.50,1.50
2014.08.21 15:50:18.644,1.72215,1.72229,1.20,2.44
2014.08.21 15:50:18.796,1.72217,1.72229,1.88,1.00
2014.08.21 15:50:18.949,1.72219,1.72233,1.10,2.63
2014.08.21 15:50:19.405,1.72219,1.7223,1.58,1.00
2014.08.21 15:50:19.608,1.72216,1.72228,1.10,1.00
2014.08.21 15:50:20.136,1.72215,1.72228,1.13,1.00
2014.08.21 15:50:22.207,1.72215,1.72228,1.00,1.38
2014.08.21 15:50:24.078,1.72214,1.72224,1.10,1.00
2014.08.21 15:50:24.179,1.72211,1.72224,1.10,1.00
2014.08.21 15:50:24.669,1.72213,1.72224,1.00,1.00
2014.08.21 15:50:24.821,1.72213,1.72227,1.00,2.14
2014.08.21 15:50:25.417,1.72212,1.72227,1.00,1.39
2014.08.21 15:50:25.922,1.72212,1.72227,1.00,1.20
2014.08.21 15:50:26.427,1.72213,1.72227,1.00,1.58
2014.08.21 15:50:26.882,1.72212,1.72224,1.00,1.00
2014.08.21 15:50:27.391,1.72213,1.72224,1.00,1.00
2014.08.21 15:50:27.849,1.72211,1.72224,1.88,1.00
2014.08.21 15:50:28.203,1.7221,1.72221,1.00,1.00
2014.08.21 15:50:28.254,1.72208,1.72221,1.50,1.00
2014.08.21 15:50:32.159,1.72208,1.72221,1.50,1.08
2014.08.21 15:50:33.320,1.72208,1.72221,1.50,1.00
2014.08.21 15:50:34.338,1.72208,1.72222,1.00,1.25
2014.08.21 15:50:35.505,1.72208,1.7222,1.00,1.00
2014.08.21 15:50:36.816,1.72208,1.7222,1.00,2.07
2014.08.21 15:50:37.321,1.72207,1.7222,1.00,2.07
2014.08.21 15:50:40.126,1.72207,1.7222,1.00,1.69
2014.08.21 15:50:41.376,1.72207,1.7222,1.00,2.07
2014.08.21 15:50:43.156,1.72207,1.72221,1.00,2.07
2014.08.21 15:50:44.481,1.72207,1.72221,1.00,2.07
2014.08.21 15:50:48.548,1.72207,1.72221,1.00,2.07
2014.08.21 15:50:49.407,1.72206,1.72221,1.88,2.07
2014.08.21 15:50:50.142,1.72206,1.72221,1.88,2.07
2014.08.21 15:50:50.794,1.72206,1.72221,4.05,2.07
2014.08.21 15:50:51.301,1.72208,1.72221,1.88,1.00
2014.08.21 15:50:51.958,1.72213,1.72221,1.00,1.00
2014.08.21 15:50:56.130,1.72212,1.72221,1.00,1.00
2014.08.21 15:50:56.332,1.72208,1.72221,1.50,1.00
2014.08.21 15:50:57.349,1.72212,1.72221,1.00,1.02
2014.08.21 15:50:57.450,1.72208,1.72221,1.50,1.02
2014.08.21 15:50:57.655,1.72208,1.72219,1.00,1.00
2014.08.21 15:50:58.437,1.72207,1.72219,1.00,1.25
2014.08.21 15:50:58.841,1.72207,1.72219,1.38,1.02
2014.08.21 15:50:58.892,1.72208,1.72222,1.38,1.58
2014.08.21 15:50:59.347,1.72209,1.72224,1.95,1.00
2014.08.21 15:50:59.881,1.72212,1.72225,1.00,1.02
2014.08.21 15:51:04.882,1.7221,1.72225,1.88,1.50
2014.08.21 15:51:05.385,1.72213,1.72225,1.00,1.50
2014.08.21 15:51:05.587,1.7221,1.72225,2.07,1.50
2014.08.21 15:51:06.110,1.72213,1.72225,1.00,1.50
2014.08.21 15:51:06.364,1.7221,1.72225,2.07,1.50
2014.08.21 15:51:06.768,1.7221,1.72225,1.88,4.05
2014.08.21 15:51:07.176,1.72209,1.72225,1.32,2.93
2014.08.21 15:51:09.341,1.72213,1.72224,1.00,1.39
2014.08.21 15:51:10.071,1.72212,1.72224,1.00,1.77
2014.08.21 15:51:10.426,1.72212,1.72228,1.88,2.52
2014.08.21 15:51:11.067,1.72213,1.72228,1.00,2.52
2014.08.21 15:51:11.762,1.72212,1.72228,1.88,2.33
2014.08.21 15:51:12.282,1.72213,1.72226,1.88,1.00
2014.08.21 15:51:18.454,1.72213,1.72227,1.95,1.50
2014.08.21 15:51:18.757,1.72217,1.72227,1.00,1.50
2014.08.21 15:51:19.086,1.72213,1.72227,2.70,1.50
2014.08.21 15:51:19.188,1.72213,1.72227,3.08,1.50
2014.08.21 15:51:19.693,1.72213,1.72226,1.00,1.00
2014.08.21 15:51:21.413,1.72218,1.72226,1.00,1.00
2014.08.21 15:51:21.616,1.72214,1.72226,1.00,1.00
2014.08.21 15:51:22.136,1.72213,1.72226,1.00,1.38
2014.08.21 15:51:22.749,1.72213,1.72226,1.50,1.00
2014.08.21 15:51:23.286,1.72213,1.72226,1.50,1.38
2014.08.21 15:51:24.479,1.72215,1.72226,1.00,1.38
2014.08.21 15:51:24.682,1.72213,1.72226,1.00,1.38
2014.08.21 15:51:27.337,1.72213,1.72226,1.00,1.13
2014.08.21 15:51:28.748,1.72213,1.72226,1.38,1.00
2014.08.21 15:51:31.255,1.72213,1.72226,1.13,1.13
2014.08.21 15:51:31.760,1.72212,1.72225,1.20,1.13
2014.08.21 15:51:31.861,1.72209,1.72222,2.14,1.00
2014.08.21 15:51:32.115,1.72203,1.72216,1.05,1.20
2014.08.21 15:51:32.471,1.72203,1.72217,2.07,1.88
2014.08.21 15:51:33.217,1.72205,1.72216,1.50,1.38
2014.08.21 15:51:33.524,1.72202,1.72214,1.88,1.13
2014.08.21 15:51:34.030,1.72202,1.72216,1.13,1.38
2014.08.21 15:51:34.384,1.72203,1.72217,2.63,1.95
2014.08.21 15:51:34.687,1.72202,1.72213,1.88,1.00
2014.08.21 15:51:34.738,1.72202,1.72213,1.00,1.00
2014.08.21 15:51:34.839,1.722,1.72213,1.50,1.10
2014.08.21 15:51:35.344,1.72202,1.72213,1.00,1.10
2014.08.21 15:51:35.906,1.722,1.72213,1.58,1.00
2014.08.21 15:51:36.367,1.72203,1.72213,1.00,1.00
2014.08.21 15:51:37.872,1.72202,1.72213,1.00,1.00
2014.08.21 15:51:38.377,1.72201,1.72213,1.00,1.00
2014.08.21 15:51:41.856,1.72202,1.72213,1.00,1.00
2014.08.21 15:51:42.450,1.722,1.72213,1.50,1.00
2014.08.21 15:51:42.956,1.72201,1.72214,1.13,1.13
2014.08.21 15:51:46.393,1.72201,1.72214,1.88,1.20
2014.08.21 15:51:48.435,1.72203,1.72214,1.00,1.20
2014.08.21 15:51:48.945,1.72201,1.72214,1.88,1.20
2014.08.21 15:51:49.507,1.72202,1.72213,1.00,1.00
2014.08.21 15:51:50.032,1.722,1.72213,1.88,1.13
2014.08.21 15:51:51.014,1.722,1.72213,1.13,1.13
2014.08.21 15:51:52.239,1.722,1.72213,1.00,1.38
2014.08.21 15:51:53.204,1.72198,1.72212,2.07,1.88
2014.08.21 15:51:55.450,1.72198,1.72212,2.07,1.88
2014.08.21 15:51:56.224,1.72198,1.72212,2.07,1.88
2014.08.21 15:51:56.527,1.72198,1.72212,1.38,1.50
2014.08.21 15:51:56.830,1.72197,1.72209,1.25,1.13
2014.08.21 15:51:57.136,1.72198,1.72212,1.38,3.68
2014.08.21 15:51:57.440,1.72198,1.72212,1.38,1.58
2014.08.21 15:52:00.547,1.72197,1.72212,3.57,2.33
2014.08.21 15:52:01.435,1.72197,1.72212,3.57,2.33
2014.08.21 15:52:01.808,1.72197,1.72212,3.57,1.95
2014.08.21 15:52:01.918,1.72197,1.72212,3.57,2.33
2014.08.21 15:52:06.401,1.72199,1.72212,1.00,1.95
2014.08.21 15:52:09.022,1.72198,1.72212,1.32,1.95
2014.08.21 15:52:13.346,1.72199,1.72212,1.00,1.58
2014.08.21 15:52:13.448,1.72202,1.72214,1.63,3.68
2014.08.21 15:52:13.584,1.72203,1.72214,1.13,1.00
2014.08.21 15:52:13.638,1.72207,1.72214,1.69,1.00
2014.08.21 15:52:13.689,1.72207,1.72218,2.07,1.00
2014.08.21 15:52:13.793,1.72207,1.7222,2.07,1.00
2014.08.21 15:52:14.382,1.72207,1.72222,1.63,1.08
2014.08.21 15:52:14.782,1.72209,1.72222,2.33,1.00
2014.08.21 15:52:16.978,1.72209,1.72222,2.70,1.00
2014.08.21 15:52:17.343,1.72211,1.72224,1.38,1.00
2014.08.21 15:52:17.851,1.72211,1.72223,1.38,1.00
2014.08.21 15:52:18.104,1.72209,1.72221,1.50,1.00
2014.08.21 15:52:18.155,1.72209,1.72221,1.50,1.00
2014.08.21 15:52:20.414,1.72209,1.72223,1.00,2.63
2014.08.21 15:52:21.240,1.72209,1.72223,1.10,1.50
2014.08.21 15:52:22.442,1.72209,1.72222,1.10,1.13
2014.08.21 15:52:23.057,1.72209,1.72221,1.00,1.00
2014.08.21 15:52:29.728,1.72209,1.72223,1.00,2.25
2014.08.21 15:52:32.881,1.72213,1.72223,1.00,1.88
2014.08.21 15:52:32.984,1.72209,1.72223,1.13,1.88
2014.08.21 15:52:33.626,1.72211,1.72223,1.00,1.00
2014.08.21 15:52:33.728,1.72212,1.72226,2.25,1.20
2014.08.21 15:52:33.880,1.72212,1.72227,3.19,2.63
2014.08.21 15:52:34.387,1.72213,1.72227,1.00,2.70
2014.08.21 15:52:34.892,1.72213,1.72227,1.50,1.95
2014.08.21 15:52:37.094,1.72214,1.72227,1.00,1.00
2014.08.21 15:52:37.645,1.72215,1.72228,1.00,1.00
2014.08.21 15:52:39.697,1.72216,1.72228,1.00,1.00
2014.08.21 15:52:40.218,1.72217,1.7223,1.00,1.95
2014.08.21 15:52:41.451,1.72216,1.72228,1.00,1.00
2014.08.21 15:52:44.885,1.72217,1.72229,1.00,1.00
2014.08.21 15:52:45.398,1.72217,1.7223,1.00,1.50
2014.08.21 15:52:46.878,1.72217,1.7223,1.00,1.20
2014.08.21 15:52:47.450,1.72217,1.7223,1.00,1.13
2014.08.21 15:52:49.438,1.72217,1.72229,1.00,1.00
2014.08.21 15:52:50.000,1.72215,1.72228,1.38,1.00
2014.08.21 15:52:54.246,1.72215,1.72228,1.00,1.00
2014.08.21 15:52:55.903,1.72213,1.72226,1.13,1.00
2014.08.21 15:52:58.708,1.72213,1.72228,1.88,1.20
2014.08.21 15:52:59.114,1.72215,1.72228,1.00,1.08
2014.08.21 15:53:00.304,1.72215,1.72228,1.00,1.00
2014.08.21 15:53:02.741,1.72213,1.72226,2.14,1.38
2014.08.21 15:53:02.944,1.7221,1.72222,1.50,1.13
2014.08.21 15:53:04.134,1.7221,1.72223,1.38,1.20
2014.08.21 15:53:04.286,1.72214,1.72225,1.00,1.88
2014.08.21 15:53:04.591,1.72216,1.72231,1.88,1.00
2014.08.21 15:53:05.105,1.72216,1.72232,1.95,3.08
2014.08.21 15:53:05.618,1.72216,1.72229,1.10,1.13
2014.08.21 15:53:05.907,1.72216,1.72229,1.10,2.07
2014.08.21 15:53:06.210,1.72211,1.72221,2.25,1.00
2014.08.21 15:53:06.311,1.72209,1.72221,1.50,1.00
2014.08.21 15:53:06.817,1.72208,1.72221,1.00,3.00
2014.08.21 15:53:07.781,1.72206,1.72221,1.88,3.83
2014.08.21 15:53:11.071,1.72206,1.72219,1.88,1.38
2014.08.21 15:53:12.696,1.72205,1.72218,1.00,1.13
2014.08.21 15:53:37.551,1.72204,1.72218,1.95,1.00
2014.08.21 15:53:45.852,1.72206,1.72218,1.02,1.00
2014.08.21 15:53:45.953,1.72208,1.72221,1.20,1.13
2014.08.21 15:53:46.256,1.72211,1.72221,1.00,1.13
2014.08.21 15:53:46.567,1.72212,1.72223,1.63,1.00
2014.08.21 15:53:46.617,1.72213,1.72225,1.38,1.00
2014.08.21 15:53:47.123,1.72213,1.72225,2.25,1.00
2014.08.21 15:53:48.575,1.72212,1.72225,1.32,1.88
2014.08.21 15:53:48.678,1.72212,1.72223,1.32,1.00
2014.08.21 15:53:50.274,1.72212,1.72223,1.50,1.00
2014.08.21 15:53:50.440,1.72213,1.72226,1.95,1.00
2014.08.21 15:53:56.816,1.72212,1.72223,1.69,1.00
2014.08.21 15:53:57.385,1.72212,1.72223,1.25,1.00
2014.08.21 15:53:57.895,1.72211,1.72223,1.13,1.00
2014.08.21 15:53:58.650,1.72209,1.72223,1.50,1.13
2014.08.21 15:53:58.701,1.72209,1.72221,1.50,1.38
2014.08.21 15:53:59.005,1.72206,1.72219,1.00,1.10
2014.08.21 15:53:59.310,1.72203,1.72218,2.33,1.50
2014.08.21 15:53:59.412,1.72206,1.72218,1.00,1.00
2014.08.21 15:53:59.614,1.72204,1.72217,1.00,1.50
2014.08.21 15:54:00.019,1.72204,1.72214,1.00,1.00
2014.08.21 15:54:05.061,1.72203,1.72213,1.00,1.13
2014.08.21 15:54:05.112,1.72198,1.72213,1.83,1.88
2014.08.21 15:54:05.163,1.72198,1.72212,1.00,1.00
2014.08.21 15:54:05.214,1.722,1.72212,1.00,1.00
2014.08.21 15:54:05.517,1.72197,1.72207,1.00,1.00
2014.08.21 15:54:06.134,1.72195,1.72207,1.00,1.50
2014.08.21 15:54:06.649,1.72196,1.72206,1.00,1.00
2014.08.21 15:54:07.155,1.72197,1.72206,1.00,1.00
2014.08.21 15:54:07.610,1.72197,1.72209,1.00,1.00
2014.08.21 15:54:13.332,1.72197,1.7221,1.88,1.00
2014.08.21 15:54:15.558,1.72197,1.7221,2.07,1.00
2014.08.21 15:54:17.609,1.72197,1.7221,2.44,1.38
2014.08.21 15:54:17.964,1.72196,1.72207,2.25,1.50
2014.08.21 15:54:18.015,1.72196,1.72207,1.00,1.50
2014.08.21 15:54:19.076,1.72196,1.72207,1.88,1.00
2014.08.21 15:54:21.225,1.72196,1.72207,1.00,1.00
2014.08.21 15:54:21.377,1.72194,1.72204,1.69,1.00
2014.08.21 15:54:21.680,1.72191,1.72204,1.50,1.50
2014.08.21 15:54:21.782,1.72189,1.72204,2.44,3.45
2014.08.21 15:54:21.833,1.72189,1.72202,1.69,2.18
2014.08.21 15:54:22.237,1.72187,1.722,1.88,1.08
2014.08.21 15:54:23.452,1.72187,1.722,2.25,1.00
2014.08.21 15:54:23.712,1.72189,1.722,1.50,1.00
2014.08.21 15:54:23.763,1.72189,1.72202,1.50,1.50
2014.08.21 15:54:24.742,1.72189,1.72202,1.50,1.58
2014.08.21 15:54:25.304,1.72189,1.72202,1.50,1.50
2014.08.21 15:54:27.921,1.72192,1.72202,1.13,1.50
2014.08.21 15:54:27.972,1.72192,1.72205,1.13,1.50
2014.08.21 15:54:28.023,1.72196,1.72205,1.00,1.00
2014.08.21 15:54:28.175,1.72196,1.72208,1.00,1.50
2014.08.21 15:54:28.678,1.72194,1.72207,1.13,1.00
2014.08.21 15:54:28.729,1.72196,1.72208,1.00,1.00
2014.08.21 15:54:28.932,1.72194,1.72207,1.13,2.63
2014.08.21 15:54:29.034,1.72194,1.72207,1.00,2.63
2014.08.21 15:54:30.276,1.72194,1.72204,1.00,1.00
2014.08.21 15:54:30.327,1.72189,1.72204,3.45,1.88
2014.08.21 15:54:30.833,1.72188,1.72201,1.63,1.50
2014.08.21 15:54:31.350,1.72188,1.72201,1.25,1.50
2014.08.21 15:54:31.769,1.72191,1.72201,1.00,1.00
2014.08.21 15:54:32.287,1.72191,1.72202,1.00,1.00
2014.08.21 15:54:32.912,1.72191,1.72203,1.13,1.00
2014.08.21 15:54:33.215,1.72193,1.72202,1.00,1.00
2014.08.21 15:54:33.419,1.72191,1.72202,1.00,1.13
2014.08.21 15:54:33.722,1.72188,1.72202,1.50,1.00
2014.08.21 15:54:33.773,1.72187,1.722,1.69,1.00
2014.08.21 15:54:34.279,1.72187,1.72199,1.32,1.00
2014.08.21 15:54:42.472,1.72189,1.72199,1.00,1.00
2014.08.21 15:54:42.726,1.72189,1.72201,1.00,1.00
2014.08.21 15:54:43.889,1.72191,1.72201,1.00,1.00
2014.08.21 15:54:44.395,1.72191,1.72202,1.00,1.00
2014.08.21 15:54:44.929,1.72191,1.72203,1.00,1.00
2014.08.21 15:54:45.466,1.72191,1.72202,1.38,1.00
2014.08.21 15:54:46.741,1.72191,1.72203,1.38,1.00
2014.08.21 15:54:47.096,1.72188,1.72202,4.24,1.00
2014.08.21 15:54:47.601,1.72188,1.72201,2.14,1.00
2014.08.21 15:54:49.273,1.72188,1.72201,1.13,1.50
2014.08.21 15:54:49.425,1.72187,1.72199,1.10,1.00
2014.08.21 15:54:49.729,1.72185,1.72197,3.49,1.00
2014.08.21 15:54:50.235,1.72185,1.72197,1.33,1.00
2014.08.21 15:54:53.073,1.72184,1.72197,2.25,1.50
2014.08.21 15:54:53.774,1.72184,1.72196,1.00,1.13
2014.08.21 15:54:53.926,1.7218,1.72194,2.52,1.13
2014.08.21 15:54:54.028,1.72178,1.72191,1.58,1.38
2014.08.21 15:54:54.484,1.72174,1.72188,1.27,1.00
2014.08.21 15:54:54.534,1.72174,1.72188,1.08,1.00
2014.08.21 15:54:54.686,1.72173,1.72186,2.37,1.50
2014.08.21 15:54:54.737,1.72171,1.72186,1.29,2.25
2014.08.21 15:54:54.788,1.7217,1.72182,1.27,1.00
2014.08.21 15:54:54.839,1.72169,1.72182,2.37,1.00
2014.08.21 15:54:55.042,1.72169,1.72182,1.25,1.50
2014.08.21 15:54:55.801,1.72171,1.72184,1.00,1.58
2014.08.21 15:54:56.308,1.72171,1.72182,1.00,1.00
2014.08.21 15:54:56.358,1.72171,1.72184,1.00,1.58
2014.08.21 15:54:56.886,1.72171,1.72183,1.00,1.00
2014.08.21 15:55:00.825,1.72171,1.72184,1.00,1.58
2014.08.21 15:55:06.001,1.72171,1.72183,1.25,1.00
2014.08.21 15:55:06.810,1.72171,1.72184,1.25,1.58
2014.08.21 15:55:07.375,1.72172,1.72184,1.00,1.00
2014.08.21 15:55:17.542,1.72173,1.72184,1.00,1.00
2014.08.21 15:55:17.800,1.72173,1.72182,1.00,1.00
2014.08.21 15:55:19.878,1.72173,1.72184,1.10,1.00
2014.08.21 15:55:20.968,1.72173,1.72184,1.48,1.00
2014.08.21 15:55:21.322,1.72173,1.72186,1.85,1.00
2014.08.21 15:55:21.828,1.72173,1.72186,1.48,1.50
2014.08.21 15:55:21.982,1.72175,1.72187,1.38,1.50
2014.08.21 15:55:22.487,1.72177,1.72187,1.00,1.50
2014.08.21 15:55:23.028,1.72177,1.72188,1.10,1.00
2014.08.21 15:55:23.129,1.72177,1.7219,1.58,1.50
2014.08.21 15:55:23.180,1.7218,1.72192,1.38,1.77
2014.08.21 15:55:23.484,1.72185,1.72195,1.20,1.00
2014.08.21 15:55:23.535,1.72185,1.72197,1.20,1.00
2014.08.21 15:55:23.586,1.72186,1.72197,2.55,1.00
2014.08.21 15:55:24.102,1.72185,1.72197,1.45,1.00
2014.08.21 15:55:26.291,1.72185,1.72197,1.20,1.00
2014.08.21 15:55:26.805,1.72185,1.72197,1.13,1.00
2014.08.21 15:55:28.337,1.72185,1.72197,1.88,1.00
2014.08.21 15:55:34.060,1.72185,1.72197,1.88,1.00
2014.08.21 15:55:38.581,1.72186,1.722,4.68,1.38
2014.08.21 15:55:38.682,1.72186,1.72197,1.00,1.13
2014.08.21 15:55:38.784,1.72184,1.72197,2.25,1.20
2014.08.21 15:55:38.897,1.72182,1.72191,2.33,1.00
2014.08.21 15:55:38.999,1.72182,1.72195,1.00,1.00
2014.08.21 15:55:39.100,1.7218,1.72195,1.00,1.75
2014.08.21 15:55:39.707,1.72179,1.72194,1.00,3.00
2014.08.21 15:55:40.011,1.7218,1.72194,4.52,1.00
2014.08.21 15:55:40.315,1.7218,1.72194,4.89,1.00
2014.08.21 15:55:40.669,1.7218,1.72192,4.89,1.00
2014.08.21 15:55:40.973,1.7218,1.72194,4.89,1.00
2014.08.21 15:55:42.207,1.72184,1.72197,1.48,2.25
2014.08.21 15:55:42.941,1.72184,1.72197,1.10,2.25
2014.08.21 15:55:43.093,1.72184,1.72193,1.10,1.00
2014.08.21 15:55:43.194,1.72184,1.72197,1.10,2.25
2014.08.21 15:55:44.155,1.72184,1.72197,1.58,2.25
2014.08.21 15:55:44.989,1.72186,1.72199,1.50,1.50
2014.08.21 15:55:49.670,1.72186,1.72197,1.00,1.00
2014.08.21 15:55:50.659,1.72186,1.72199,1.00,1.50
2014.08.21 15:55:55.529,1.72185,1.72199,1.58,1.50
2014.08.21 15:55:58.186,1.72186,1.72199,1.19,1.50
2014.08.21 15:55:58.491,1.7219,1.72203,1.50,1.00
2014.08.21 15:55:59.250,1.7219,1.72202,1.00,1.00
2014.08.21 15:55:59.756,1.7219,1.72203,1.00,1.50
2014.08.21 15:56:00.342,1.7219,1.72202,1.00,1.00
2014.08.21 15:56:00.914,1.7219,1.72203,1.00,1.00
2014.08.21 15:56:01.527,1.7219,1.72203,1.95,1.00
2014.08.21 15:56:02.032,1.72191,1.72204,1.00,1.00
2014.08.21 15:56:02.437,1.72191,1.72202,1.00,1.00
2014.08.21 15:56:02.740,1.72191,1.72204,1.00,1.50
2014.08.21 15:56:04.947,1.72192,1.72204,1.00,1.00
2014.08.21 15:56:05.149,1.7219,1.72204,1.88,1.00
2014.08.21 15:56:12.000,1.7219,1.72204,1.38,1.00
2014.08.21 15:56:29.402,1.7219,1.72204,1.38,1.00
2014.08.21 15:56:29.903,1.7219,1.72204,1.38,1.00
2014.08.21 15:56:31.737,1.7219,1.72204,1.88,1.00
2014.08.21 15:56:32.306,1.7219,1.72204,2.07,1.00
2014.08.21 15:56:32.720,1.7219,1.72204,1.69,1.00
2014.08.21 15:56:35.482,1.7219,1.72204,1.08,1.25
2014.08.21 15:56:36.615,1.72191,1.72204,1.48,1.00
2014.08.21 15:56:37.842,1.72191,1.72202,1.95,1.00
2014.08.21 15:56:37.994,1.72191,1.72204,1.95,1.00
2014.08.21 15:56:38.101,1.72191,1.72202,1.95,1.00
2014.08.21 15:56:38.219,1.72191,1.72204,1.95,1.50
2014.08.21 15:56:39.195,1.72191,1.72204,1.58,1.50
2014.08.21 15:56:39.700,1.72191,1.72204,1.95,1.50
2014.08.21 15:56:40.206,1.72191,1.72204,1.95,1.50
2014.08.21 15:56:42.393,1.72191,1.72203,1.95,1.00
2014.08.21 15:56:42.982,1.72191,1.72204,1.95,1.50
2014.08.21 15:56:46.347,1.72191,1.72203,1.95,1.00
2014.08.21 15:56:46.954,1.72191,1.72204,1.95,1.50
2014.08.21 15:56:49.973,1.72191,1.72203,1.95,1.00
2014.08.21 15:56:50.725,1.72191,1.72204,1.95,1.50
2014.08.21 15:56:51.097,1.72193,1.72204,1.00,1.00
2014.08.21 15:56:51.198,1.72194,1.72208,1.32,3.00
2014.08.21 15:56:51.300,1.72194,1.72206,1.32,1.00
2014.08.21 15:56:51.957,1.72194,1.72207,1.39,1.00
2014.08.21 15:56:52.507,1.72194,1.72208,1.39,1.00
2014.08.21 15:56:53.882,1.72194,1.72208,1.38,1.10
2014.08.21 15:56:53.984,1.72194,1.72207,1.13,1.50
2014.08.21 15:56:54.034,1.72194,1.72205,1.13,1.00
2014.08.21 15:56:54.247,1.72194,1.72207,1.13,1.50
2014.08.21 15:56:56.692,1.72194,1.72206,1.13,1.00
2014.08.21 15:56:57.233,1.72194,1.72207,1.13,1.00
2014.08.21 15:56:58.156,1.72194,1.72207,1.00,1.88
2014.08.21 15:56:58.713,1.72194,1.72207,1.38,2.25
2014.08.21 15:56:59.433,1.72194,1.72206,1.38,1.00
2014.08.21 15:56:59.941,1.72194,1.72207,1.38,1.50
2014.08.21 15:57:01.311,1.72194,1.72206,1.38,1.00
2014.08.21 15:57:03.350,1.72195,1.72206,1.50,1.00
2014.08.21 15:57:03.401,1.72196,1.72208,1.13,1.58
2014.08.21 15:57:03.502,1.72195,1.72204,1.50,1.00
2014.08.21 15:57:03.603,1.72195,1.72206,1.13,1.00
2014.08.21 15:57:03.654,1.72195,1.72206,1.50,1.00
2014.08.21 15:57:04.620,1.72195,1.72206,1.13,1.00
2014.08.21 15:57:05.693,1.72195,1.72205,1.13,1.00
2014.08.21 15:57:06.199,1.72195,1.72206,1.00,1.10
2014.08.21 15:57:07.571,1.72195,1.72205,1.00,1.00
2014.08.21 15:57:07.672,1.72195,1.72202,1.00,1.00
2014.08.21 15:57:07.876,1.72195,1.72207,1.00,1.95
2014.08.21 15:57:07.927,1.72193,1.72207,1.13,1.95
2014.08.21 15:57:08.475,1.72192,1.72207,1.63,2.25
2014.08.21 15:57:11.307,1.72192,1.72207,1.32,2.25
2014.08.21 15:57:11.865,1.72192,1.72206,1.13,1.00
2014.08.21 15:57:12.631,1.72192,1.72202,1.13,1.00
2014.08.21 15:57:12.732,1.72192,1.72204,1.00,1.00
2014.08.21 15:57:12.837,1.72192,1.72202,1.00,1.00
2014.08.21 15:57:12.939,1.72192,1.72206,1.00,1.10
2014.08.21 15:57:13.091,1.72192,1.72203,1.00,1.00
2014.08.21 15:57:13.596,1.7219,1.72204,1.20,1.00
2014.08.21 15:57:14.116,1.7219,1.72203,1.20,1.25
2014.08.21 15:57:14.630,1.7219,1.72202,1.13,1.00
2014.08.21 15:57:16.260,1.7219,1.72203,1.13,1.25
2014.08.21 15:57:18.861,1.7219,1.72202,1.13,1.00
2014.08.21 15:57:19.185,1.72192,1.72202,1.00,1.00
2014.08.21 15:57:19.845,1.72192,1.72203,1.00,1.00
2014.08.21 15:57:21.652,1.72192,1.72197,1.00,1.00
2014.08.21 15:57:21.855,1.7219,1.72197,1.13,1.00
2014.08.21 15:57:22.058,1.7219,1.72201,1.13,1.00
2014.08.21 15:57:22.522,1.7219,1.72199,1.00,1.00
2014.08.21 15:57:22.731,1.7219,1.72202,1.00,1.10
2014.08.21 15:57:22.835,1.7219,1.722,1.00,1.00
2014.08.21 15:57:23.411,1.7219,1.72201,1.00,1.00
2014.08.21 15:57:24.588,1.7219,1.72202,1.00,1.02
2014.08.21 15:57:26.221,1.7219,1.72203,1.00,1.00
2014.08.21 15:57:34.357,1.72191,1.72204,1.00,1.50
2014.08.21 15:57:36.605,1.72191,1.72204,1.38,1.00
2014.08.21 15:57:36.909,1.72196,1.72207,1.00,1.00
2014.08.21 15:57:37.162,1.72196,1.72209,1.00,1.50
2014.08.21 15:57:37.365,1.72193,1.72207,3.49,1.00
2014.08.21 15:57:37.770,1.72193,1.72206,1.13,2.63
2014.08.21 15:57:46.955,1.72193,1.72206,1.00,2.07
2014.08.21 15:57:50.264,1.72193,1.72206,1.00,2.07
2014.08.21 15:57:50.417,1.72196,1.72206,1.50,1.00
2014.08.21 15:57:50.468,1.722,1.72211,1.00,2.33
2014.08.21 15:57:50.580,1.72204,1.72211,1.13,1.00
2014.08.21 15:57:50.630,1.72205,1.72217,1.38,1.08
2014.08.21 15:57:50.783,1.72206,1.72219,1.10,1.00
2014.08.21 15:57:51.037,1.72206,1.72222,1.08,1.02
2014.08.21 15:57:51.561,1.72206,1.72223,1.19,1.08
2014.08.21 15:57:53.440,1.72206,1.72217,1.69,1.00
2014.08.21 15:57:53.871,1.72207,1.72223,1.19,1.95
2014.08.21 15:57:54.124,1.72207,1.7222,1.69,1.00
2014.08.21 15:57:54.428,1.72207,1.72217,1.00,1.00
2014.08.21 15:57:55.831,1.72207,1.72218,1.00,1.00
2014.08.21 15:57:56.336,1.72207,1.7222,1.00,1.38
2014.08.21 15:57:56.590,1.72205,1.72218,1.20,1.00
2014.08.21 15:57:57.919,1.72205,1.72218,1.10,1.88
2014.08.21 15:58:12.683,1.72204,1.72217,1.00,1.10
2014.08.21 15:58:12.734,1.72204,1.72215,1.00,1.00
2014.08.21 15:58:12.785,1.72202,1.72215,1.13,1.13
2014.08.21 15:58:12.887,1.722,1.72214,1.10,1.88
2014.08.21 15:58:13.039,1.72198,1.72212,1.00,1.48
2014.08.21 15:58:13.568,1.72197,1.72212,1.00,1.45
2014.08.21 15:58:14.395,1.72197,1.72212,1.20,1.20
2014.08.21 15:58:14.496,1.72197,1.72212,1.10,1.48
2014.08.21 15:58:14.598,1.72197,1.72212,1.45,1.38
2014.08.21 15:58:17.329,1.72197,1.72212,1.70,1.00
2014.08.21 15:58:17.841,1.722,1.72213,1.13,1.50
2014.08.21 15:58:20.075,1.722,1.72213,1.13,3.30
2014.08.21 15:58:20.581,1.72197,1.72212,2.07,1.58
2014.08.21 15:58:21.088,1.72197,1.72212,1.67,1.58
2014.08.21 15:58:27.376,1.72201,1.72212,1.13,1.10
2014.08.21 15:58:27.579,1.72203,1.72218,1.95,3.00
2014.08.21 15:58:27.782,1.72203,1.72218,2.07,5.18
2014.08.21 15:58:28.815,1.72203,1.72218,1.88,5.55
2014.08.21 15:58:36.703,1.72206,1.72217,1.00,1.00
2014.08.21 15:58:36.855,1.72204,1.72218,1.10,1.88
2014.08.21 15:58:37.390,1.72203,1.72216,1.50,1.45
2014.08.21 15:58:37.915,1.72202,1.72216,1.13,1.95
2014.08.21 15:58:39.524,1.72202,1.72216,1.32,1.95
2014.08.21 15:58:40.761,1.72202,1.72216,1.13,1.95
2014.08.21 15:58:41.115,1.72202,1.72215,1.00,3.30
2014.08.21 15:58:41.166,1.722,1.72215,1.50,4.80
2014.08.21 15:58:41.470,1.72199,1.72212,1.00,2.63
2014.08.21 15:58:41.843,1.72196,1.72212,1.32,4.80
2014.08.21 15:58:42.348,1.72196,1.7221,1.32,1.20
2014.08.21 15:58:42.855,1.72196,1.7221,1.69,1.58
2014.08.21 15:58:43.310,1.72196,1.72207,1.50,1.38
2014.08.21 15:58:43.462,1.7219,1.72202,1.00,1.20
2014.08.21 15:58:43.564,1.7219,1.722,1.00,1.95
2014.08.21 15:58:43.615,1.72187,1.722,1.13,1.95
2014.08.21 15:58:43.868,1.72187,1.722,1.00,4.05
2014.08.21 15:58:44.323,1.72184,1.72197,1.69,1.38
2014.08.21 15:58:44.475,1.72183,1.72196,1.00,1.13
2014.08.21 15:58:44.576,1.72181,1.72196,1.95,1.20
2014.08.21 15:58:44.981,1.7218,1.72195,2.07,2.70
2014.08.21 15:58:45.285,1.7218,1.72194,2.07,1.13
2014.08.21 15:58:50.134,1.7218,1.72195,2.07,2.33
2014.08.21 15:58:53.149,1.72182,1.72191,1.69,1.00
2014.08.21 15:58:53.401,1.72182,1.72195,1.50,1.13
2014.08.21 15:59:00.195,1.72182,1.72195,1.88,1.13
2014.08.21 15:59:00.550,1.72184,1.72197,1.88,1.75
2014.08.21 15:59:01.413,1.72187,1.72197,1.13,1.75
2014.08.21 15:59:01.514,1.72188,1.72199,1.38,1.00
2014.08.21 15:59:01.616,1.72191,1.72199,1.38,1.00
2014.08.21 15:59:01.920,1.72195,1.72199,1.00,1.00
2014.08.21 15:59:02.224,1.72195,1.72207,1.00,1.13
2014.08.21 15:59:02.832,1.72195,1.72208,1.38,3.00
2014.08.21 15:59:03.341,1.72195,1.72207,1.38,1.00
2014.08.21 15:59:04.152,1.72195,1.72208,1.38,3.00
2014.08.21 15:59:04.658,1.72195,1.72207,1.38,1.00
2014.08.21 15:59:05.171,1.72195,1.72207,1.00,1.00
2014.08.21 15:59:05.991,1.72195,1.72208,1.00,1.88
2014.08.21 15:59:06.505,1.72195,1.72207,1.00,1.00
2014.08.21 15:59:06.813,1.72197,1.72207,1.00,1.00
2014.08.21 15:59:08.247,1.72197,1.72209,1.00,1.50
2014.08.21 15:59:08.507,1.72194,1.72207,1.88,1.00
2014.08.21 15:59:13.429,1.72194,1.72208,1.88,1.50
2014.08.21 15:59:13.530,1.72197,1.72209,1.13,1.58
2014.08.21 15:59:13.581,1.72197,1.7221,1.13,1.00
2014.08.21 15:59:14.089,1.72198,1.72211,1.50,1.88
2014.08.21 15:59:16.511,1.72198,1.72208,1.00,1.00
2014.08.21 15:59:16.713,1.72193,1.72206,1.13,1.50
2014.08.21 15:59:16.815,1.7219,1.72205,2.82,3.30
2014.08.21 15:59:17.246,1.72191,1.722,1.00,1.00
2014.08.21 15:59:17.399,1.72188,1.72198,2.63,1.00
2014.08.21 15:59:17.501,1.72186,1.72198,1.00,1.13
2014.08.21 15:59:17.653,1.72183,1.72195,1.08,1.00
2014.08.21 15:59:17.704,1.72182,1.72195,1.10,1.00
2014.08.21 15:59:17.856,1.72181,1.72193,1.25,1.50
2014.08.21 15:59:18.498,1.7218,1.72193,1.19,2.25
2014.08.21 15:59:19.004,1.7218,1.72193,1.00,2.63
2014.08.21 15:59:19.722,1.72178,1.72193,1.32,2.63
2014.08.21 15:59:20.232,1.72177,1.7219,1.19,1.00
2014.08.21 15:59:20.384,1.72176,1.7219,1.19,2.25
2014.08.21 15:59:20.435,1.72176,1.72189,1.00,1.75
2014.08.21 15:59:20.688,1.72174,1.72185,1.25,1.00
2014.08.21 15:59:20.840,1.72171,1.72184,1.58,1.38
2014.08.21 15:59:20.942,1.72171,1.72179,1.10,1.69
2014.08.21 15:59:21.043,1.72165,1.72175,1.50,1.00
2014.08.21 15:59:21.145,1.72159,1.72175,1.67,1.10
2014.08.21 15:59:22.136,1.72159,1.72173,1.67,1.00
2014.08.21 15:59:25.098,1.72158,1.72175,1.64,3.45
2014.08.21 15:59:26.799,1.72158,1.72174,1.39,1.13
2014.08.21 15:59:31.120,1.72157,1.72173,3.49,1.75
2014.08.21 15:59:33.774,1.72157,1.72173,4.24,1.75
2014.08.21 15:59:34.187,1.72157,1.72173,4.24,1.13
2014.08.21 15:59:36.982,1.72158,1.72174,2.74,1.88
2014.08.21 15:59:39.917,1.72158,1.72173,2.14,1.00
2014.08.21 15:59:41.358,1.72158,1.72173,1.67,1.00
2014.08.21 15:59:41.460,1.72159,1.72173,1.63,1.00
2014.08.21 15:59:41.612,1.7216,1.72177,1.95,1.13
2014.08.21 15:59:41.814,1.72161,1.72177,2.74,1.00
2014.08.21 15:59:42.339,1.72163,1.72176,2.37,1.00
2014.08.21 15:59:42.440,1.72161,1.72176,2.74,1.00
2014.08.21 15:59:43.000,1.72161,1.72177,2.74,1.00
2014.08.21 15:59:43.511,1.72161,1.72176,2.74,1.00
2014.08.21 15:59:44.055,1.72161,1.72177,2.37,1.00
2014.08.21 15:59:44.410,1.72161,1.72174,2.37,1.00
2014.08.21 15:59:45.183,1.7216,1.72173,1.64,1.00
2014.08.21 15:59:45.691,1.72159,1.72172,1.48,1.50
2014.08.21 15:59:46.147,1.72157,1.72171,1.95,1.00
2014.08.21 15:59:47.108,1.72157,1.72169,1.95,1.00
2014.08.21 15:59:48.380,1.72157,1.72167,1.20,1.00
2014.08.21 15:59:48.481,1.72157,1.72169,1.45,1.50
2014.08.21 15:59:50.952,1.72157,1.72171,1.38,1.75
2014.08.21 15:59:51.053,1.72157,1.72171,1.00,1.88
2014.08.21 15:59:51.560,1.72154,1.72171,4.24,1.88
2014.08.21 15:59:51.964,1.72154,1.72171,4.24,2.07
2014.08.21 15:59:52.469,1.72154,1.72172,4.24,1.39
2014.08.21 15:59:52.970,1.72156,1.72172,2.55,1.32
2014.08.21 15:59:54.291,1.72154,1.7217,2.14,1.50
2014.08.21 15:59:54.901,1.72154,1.7217,2.14,1.13
2014.08.21 15:59:55.104,1.72154,1.72168,2.14,1.00
2014.08.21 15:59:55.205,1.72154,1.72171,2.14,1.48
2014.08.21 15:59:56.107,1.72154,1.72168,2.14,1.00
2014.08.21 15:59:56.518,1.72154,1.7217,2.14,1.13
2014.08.21 15:59:56.621,1.72154,1.72168,2.14,1.00
2014.08.21 15:59:57.487,1.72154,1.72172,2.14,2.70
2014.08.21 15:59:58.019,1.72154,1.72172,2.14,2.33
2014.08.21 15:59:58.070,1.72154,1.72169,2.14,1.00
2014.08.21 15:59:58.272,1.72154,1.72172,2.14,1.58
2014.08.21 15:59:58.587,1.72154,1.72169,2.14,1.00
2014.08.21 15:59:58.929,1.72154,1.72173,2.14,4.99
2014.08.21 15:59:59.076,1.72154,1.72169,2.14,1.00
2014.08.21 15:59:59.386,1.72154,1.72168,1.25,1.08
2014.08.21 15:59:59.691,1.72148,1.72162,1.57,1.10
2014.08.21 15:59:59.843,1.72146,1.72162,1.39,1.48
2014.08.21 15:59:59.945,1.72146,1.72158,1.32,1.00
